iter,global_step,episode_return,mean_step_reward,optimized_episode_return,optimized_mean_step_reward,reward_shift,episode_return_gap_to_zero,mean_step_reward_gap_to_zero,episode_return_delta_from_start,mean_step_reward_delta_from_start,pursuer_target_distance,capture,task_score,eval_mean_return,eval_mean_step_reward,eval_optimized_mean_return,eval_optimized_mean_step_reward,eval_mean_episode_length,eval_pursuer_target_distance,eval_capture,eval_task_score,eval_return_gap_to_zero,eval_return_delta_from_start,episodes_completed,policy_loss,value_loss,entropy,total_loss,grad_norm,actor_grad_norm,critic_grad_norm,approx_kl,clipfrac,explained_variance,mean_ratio_epoch0,entropy_coef,lr,seed,alpha,env_alpha,capture_rate
0,3200,-831.6716251373291,-8.316716108322144,-831.6716251373291,-8.316716108322144,0.0,831.6716251373291,8.316716108322144,0.0,0.0,4.454003496170044,0.0,0.0,-497.3270974159241,-4.973270974159241,-497.3270974159241,-4.973270974159241,100.0,3.1280949187278746,0.0,0.0,497.3270974159241,0.0,32,-0.0014155925970058547,0.7091478288173676,1.6070763349533081,0.3370875656604767,0.028221707977354526,0.028221707977354526,0.22365904450416565,0.0022719622771546974,0.005915625113993883,-0.5726404190063477,1.0,0.01,0.0007,2,1.0,1.0,0.0
1,6400,-842.5406589508057,-8.425406532287598,-842.5406589508057,-8.425406532287598,0.0,842.5406589508057,8.425406532287598,-10.869033813476562,-0.10869042396545403,4.572615752220154,0.0,0.0,nan,nan,nan,nan,nan,nan,nan,nan,nan,nan,64,-0.0012635120599753691,0.4398890882730484,1.5969178318977355,0.20273488163948059,0.032177456095814704,0.032177456095814704,0.26870824545621874,0.001732095757688737,0.009287500008940696,0.12369203567504883,1.0,0.009985576923076923,0.0006988942307692308,2,1.0,1.0,0.0
2,9600,-895.690258026123,-8.956902770996093,-895.690258026123,-8.956902770996093,0.0,895.690258026123,8.956902770996093,-64.01863288879395,-0.6401866626739494,4.691354422569275,0.0,0.0,nan,nan,nan,nan,nan,nan,nan,nan,nan,nan,96,-0.0011631917915011058,0.5278426170349121,1.584241759777069,0.24696139693260194,0.03596195001155138,0.03596195001155138,0.2883459016680717,0.0015957302974132857,0.004871874907985329,0.2613871097564697,1.0,0.009971153846153847,0.0006977884615384615,2,1.0,1.0,0.0
3,12800,-811.2725257873535,-8.1127250623703,-811.2725257873535,-8.1127250623703,0.0,811.2725257873535,8.1127250623703,20.399099349975586,0.20399104595184347,3.7861432027816773,0.0,0.0,nan,nan,nan,nan,nan,nan,nan,nan,nan,nan,128,-0.0010834944287022807,0.40680373907089235,1.5738317966461182,0.18664815574884414,0.02974459808319807,0.02974459808319807,0.29606090635061266,0.0019360611993765153,0.002621874934993684,0.40091705322265625,1.0,0.00995673076923077,0.0006966826923076923,2,1.0,1.0,0.0
4,16000,-801.250301361084,-8.01250280380249,-801.250301361084,-8.01250280380249,0.0,801.250301361084,8.01250280380249,30.421323776245117,0.3042133045196529,4.562415547370911,0.0,0.0,nan,nan,nan,nan,nan,nan,nan,nan,nan,nan,160,-0.0008508097164678929,0.30958569049835205,1.568531882762909,0.13834720999002456,0.035298603028059004,0.035298603028059004,0.2407534748315811,0.0013803466499670972,0.003965624942793511,0.529127836227417,1.0,0.009942307692307693,0.0006955769230769231,2,1.0,1.0,0.0
5,19200,-770.1535596847534,-7.701535596847534,-770.1535596847534,-7.701535596847534,0.0,770.1535596847534,7.701535596847534,61.518065452575684,0.6151805114746098,3.801519420146942,0.0,0.0,nan,nan,nan,nan,nan,nan,nan,nan,nan,nan,192,-0.0013940807720643988,0.255739563703537,1.560601496696472,0.11098222956061363,0.043951884284615515,0.043951884284615515,0.2433971032500267,0.0033757071039876877,0.01980312445666641,0.6632754802703857,1.0,0.009927884615384616,0.0006944711538461538,2,1.0,1.0,0.0
6,22400,-774.5853261947632,-7.745853595733642,-774.5853261947632,-7.745853595733642,0.0,774.5853261947632,7.745853595733642,57.08629894256592,0.5708625125885014,3.7954708695411683,0.0,0.0,nan,nan,nan,nan,nan,nan,nan,nan,nan,nan,224,-0.0016634771207229449,0.2900241628289223,1.5675182461738586,0.12780907154083251,0.04530004784464836,0.04530004784464836,0.26092935502529147,0.0030905818792239443,0.025343749823514373,0.5644222497940063,1.0,0.00991346153846154,0.0006933653846153846,2,1.0,1.0,0.0
7,25600,-784.2622270584106,-7.8426225233078,-784.2622270584106,-7.8426225233078,0.0,784.2622270584106,7.8426225233078,47.40939807891846,0.4740935850143435,3.4457398653030396,0.0,0.0,nan,nan,nan,nan,nan,nan,nan,nan,nan,nan,256,-0.0008543698757421225,0.25972297638654707,1.5703365921974182,0.11346229687333106,0.0474183265119791,0.0474183265119791,0.24985863268375397,0.0022241019527432402,0.01840312497224659,0.5791739225387573,1.0,0.009899038461538463,0.0006922596153846154,2,1.0,1.0,0.0
8,28800,-779.6859579086304,-7.796859545707703,-779.6859579086304,-7.796859545707703,0.0,779.6859579086304,7.796859545707703,51.98566722869873,0.5198565626144411,3.6064403510093688,0.0,0.0,nan,nan,nan,nan,nan,nan,nan,nan,nan,nan,288,-0.0013675222029327471,0.25206218957901,1.5634149074554444,0.10920981913805008,0.040634399838745595,0.040634399838745595,0.2554846853017807,0.0023025667920596924,0.017896875320002437,0.5315419435501099,1.0,0.009884615384615384,0.0006911538461538461,2,1.0,1.0,0.0
9,32000,-735.0469150543213,-7.350469040870666,-735.0469150543213,-7.350469040870666,0.0,735.0469150543213,7.350469040870666,96.62471008300781,0.9662470674514774,3.1768035960197447,0.0,0.0,nan,nan,nan,nan,nan,nan,nan,nan,nan,nan,320,-0.001093157852755411,0.21048375815153123,1.5638211250305176,0.08871350660920144,0.0397765051573515,0.0397765051573515,0.2458967760205269,0.0025471569897494986,0.019965624972246587,0.6677216291427612,1.0,0.009870192307692307,0.0006900480769230769,2,1.0,1.0,0.0
10,35200,-797.6648178100586,-7.976648478507996,-797.6648178100586,-7.976648478507996,0.0,797.6648178100586,7.976648478507996,34.00680732727051,0.34006762981414784,4.070329685211181,0.0,0.0,nan,nan,nan,nan,nan,nan,nan,nan,nan,nan,352,-0.0009322691196459232,0.2914260521531105,1.5731755137443542,0.12927590161561966,0.03817388024181127,0.03817388024181127,0.2849746227264404,0.002156639932218673,0.011915624956600368,0.5805168151855469,1.0,0.00985576923076923,0.0006889423076923077,2,1.0,1.0,0.0
11,38400,-795.5416946411133,-7.955416879653931,-795.5416946411133,-7.955416879653931,0.0,795.5416946411133,7.955416879653931,36.12993049621582,0.36129922866821307,3.8381736850738526,0.0,0.0,nan,nan,nan,nan,nan,nan,nan,nan,nan,nan,384,-0.0008399951158239105,0.2702873945236206,1.5767921566963197,0.11878594756126404,0.0344076681882143,0.0344076681882143,0.2913528598845005,0.001098380060284812,0.0018437499820720404,0.4645528793334961,1.0,0.009841346153846154,0.0006878365384615384,2,1.0,1.0,0.0
12,41600,-956.646894454956,-9.566468858718872,-956.646894454956,-9.566468858718872,0.0,956.646894454956,9.566468858718872,-124.97526931762695,-1.2497527503967287,5.303925523757934,0.0,0.0,nan,nan,nan,nan,nan,nan,nan,nan,nan,nan,416,-0.0009735745065142965,0.43893455564975736,1.579996371269226,0.20296719819307327,0.034907583333551886,0.034907583333551886,0.3717620521783829,0.002291325702390549,0.017703124694526194,0.537049412727356,1.0,0.009826923076923077,0.0006867307692307692,2,1.0,1.0,0.0
13,44800,-819.9628381729126,-8.199628524780273,-819.9628381729126,-8.199628524780273,0.0,819.9628381729126,8.199628524780273,11.708786964416504,0.11708758354187054,3.6625141859054566,0.0,0.0,nan,nan,nan,nan,nan,nan,nan,nan,nan,nan,448,-0.0010497872606007874,0.24855537861585617,1.5829119443893434,0.10769557729363441,0.03831044174730778,0.03831044174730778,0.2783245250582695,0.0014055213177929819,0.006556250061839819,0.5009669065475464,1.0,0.0098125,0.000685625,2,1.0,1.0,0.0
14,48000,-889.6100625991821,-8.896101007461548,-889.6100625991821,-8.896101007461548,0.0,889.6100625991821,8.896101007461548,-57.93843746185303,-0.5793848991394039,4.885090446472168,0.0,0.0,nan,nan,nan,nan,nan,nan,nan,nan,nan,nan,480,-0.000921713214367692,0.28556962460279467,1.585765504837036,0.12632564604282379,0.03202679678797722,0.03202679678797722,0.28695972710847856,0.0015601813582183303,0.0026250000111758707,0.6363883018493652,1.0,0.009798076923076923,0.0006845192307692307,2,1.0,1.0,0.0
15,51200,-825.8661966323853,-8.258661966323853,-825.8661966323853,-8.258661966323853,0.0,825.8661966323853,8.258661966323853,5.805428504943848,0.05805414199829073,4.024313962459564,0.0,0.0,nan,nan,nan,nan,nan,nan,nan,nan,nan,nan,512,-0.001372296759148739,0.21988824307918547,1.5728044390678406,0.09318405017256737,0.027482546120882034,0.027482546120882034,0.29348664581775663,0.002082783019796318,0.00589062504004687,0.6689210534095764,1.0,0.009783653846153846,0.0006834134615384615,2,1.0,1.0,0.0
16,54400,-819.5262699127197,-8.195262613296508,-819.5262699127197,-8.195262613296508,0.0,819.5262699127197,8.195262613296508,12.145355224609375,0.1214534950256354,3.9428892970085143,0.0,0.0,nan,nan,nan,nan,nan,nan,nan,nan,nan,nan,544,-0.000983661149954429,0.18011212795972825,1.5656296730041503,0.07377740517258644,0.03413933664560318,0.03413933664560318,0.26382041424512864,0.0016105149512445943,0.008781249855746864,0.681053876876831,1.0,0.00976923076923077,0.0006823076923076923,2,1.0,1.0,0.0
17,57600,-766.4028015136719,-7.664027867317199,-766.4028015136719,-7.664027867317199,0.0,766.4028015136719,7.664027867317199,65.26882362365723,0.6526882410049444,3.7963299703598024,0.0,0.0,nan,nan,nan,nan,nan,nan,nan,nan,nan,nan,576,-0.001593936804146523,0.13549055010080338,1.5737852215766908,0.05079936571419239,0.04873387962579727,0.04873387962579727,0.24321117177605628,0.0022058143789768407,0.015246875211596489,0.7810946702957153,1.0,0.009754807692307693,0.000681201923076923,2,1.0,1.0,0.0
18,60800,-782.749363899231,-7.827493495941162,-782.749363899231,-7.827493495941162,0.0,782.749363899231,7.827493495941162,48.922261238098145,0.4892226123809813,3.27595281124115,0.0,0.0,nan,nan,nan,nan,nan,nan,nan,nan,nan,nan,608,-0.0006541076657232026,0.12955622971057892,1.5763178825378419,0.04877006597816944,0.024736745283007622,0.024736745283007622,0.23692651689052582,0.0018044045114952109,0.006031250045634806,0.7683147192001343,1.0,0.009740384615384616,0.0006800961538461538,2,1.0,1.0,0.0
19,64000,-763.5205459594727,-7.63520565032959,-763.5205459594727,-7.63520565032959,0.0,763.5205459594727,7.63520565032959,68.15107917785645,0.6815104579925535,4.393397164344788,0.0,0.0,nan,nan,nan,nan,nan,nan,nan,nan,nan,nan,640,-0.0012085431377869328,0.13702242001891135,1.5600552797317504,0.05212962888181209,0.05245561972260475,0.05245561972260475,0.25100804939866067,0.002264451224255485,0.017706249817274512,0.6612639427185059,1.0,0.00972596153846154,0.0006789903846153847,2,1.0,1.0,0.0
20,67200,-885.6595516204834,-8.856595573425293,-885.6595516204834,-8.856595573425293,0.0,885.6595516204834,8.856595573425293,-53.9879264831543,-0.5398794651031498,3.906210560798645,0.0,0.0,-509.983255982399,-5.09983255982399,-509.983255982399,-5.09983255982399,100.0,3.2115325832366945,0.0,0.0,509.983255982399,-12.656158566474915,672,-0.0009937782909837268,0.15667668133974075,1.5585208415985108,0.062208928540349005,0.04351338800042868,0.04351338800042868,0.2748947449028492,0.0018638688750803136,0.013415624888148158,0.6600391268730164,1.0,0.009711538461538462,0.0006778846153846154,2,1.0,1.0,0.0
21,70400,-829.3468904495239,-8.293468980789184,-829.3468904495239,-8.293468980789184,0.0,829.3468904495239,8.293468980789184,2.324734687805176,0.023247127532959766,4.087624633312226,0.0,0.0,nan,nan,nan,nan,nan,nan,nan,nan,nan,nan,704,-0.0011571727145870624,0.1425564281642437,1.5571316599845886,0.05502135790884495,0.033379810862243176,0.033379810862243176,0.2638160929083824,0.0020399065797396857,0.007859374838881194,0.787101686000824,1.0,0.009697115384615386,0.0006767788461538462,2,1.0,1.0,0.0
22,73600,-897.9408369064331,-8.979408712387086,-897.9408369064331,-8.979408712387086,0.0,897.9408369064331,8.979408712387086,-66.269211769104,-0.6626926040649419,5.063028674125672,0.0,0.0,nan,nan,nan,nan,nan,nan,nan,nan,nan,nan,736,-0.0008010974653065217,0.17388314008712769,1.5569207429885865,0.07106528915464878,0.03051608186215162,0.03051608186215162,0.279557766020298,0.001949520194466987,0.011553125060163438,0.8005866408348083,1.0,0.009682692307692307,0.000675673076923077,2,1.0,1.0,0.0
23,76800,-798.002932548523,-7.980029253959656,-798.002932548523,-7.980029253959656,0.0,798.002932548523,7.980029253959656,33.66869258880615,0.3366868543624877,4.196674098968506,0.0,0.0,nan,nan,nan,nan,nan,nan,nan,nan,nan,nan,768,-0.0012956148513708853,0.11569301187992095,1.557884418964386,0.041488845460116865,0.035516994819045064,0.035516994819045064,0.2572101354598999,0.0017207121214601905,0.01091874999110587,0.7483854293823242,1.0,0.00966826923076923,0.0006745673076923077,2,1.0,1.0,0.0
24,80000,-778.7974243164062,-7.787974109649658,-778.7974243164062,-7.787974109649658,0.0,778.7974243164062,7.787974109649658,52.87420082092285,0.5287419986724853,4.0932169437408445,0.0,0.0,nan,nan,nan,nan,nan,nan,nan,nan,nan,nan,800,-0.0015837732010638207,0.08990055173635483,1.5728140115737914,0.028182798717170953,0.05823295824229717,0.05823295824229717,0.23039149194955827,0.0032782381080328897,0.027915625593959704,0.8293503522872925,1.0,0.009653846153846153,0.0006734615384615385,2,1.0,1.0,0.0
25,83200,-835.5772819519043,-8.355772457122804,-835.5772819519043,-8.355772457122804,0.0,835.5772819519043,8.355772457122804,-3.9056568145751953,-0.03905634880065989,3.615231041908264,0.0,0.0,nan,nan,nan,nan,nan,nan,nan,nan,nan,nan,832,-0.0009621686081580094,0.10070686936378478,1.5653066396713258,0.034302613511681554,0.03638099730014801,0.03638099730014801,0.2515397720038891,0.001905342766258865,0.009706249836017377,0.7492914199829102,1.0,0.009639423076923077,0.0006723557692307693,2,1.0,1.0,0.0
26,86400,-771.0658664703369,-7.710658602714538,-771.0658664703369,-7.710658602714538,0.0,771.0658664703369,7.710658602714538,60.60575866699219,0.6060575056076054,3.5488124179840086,0.0,0.0,nan,nan,nan,nan,nan,nan,nan,nan,nan,nan,864,-0.0008691718274551619,0.07388248108327389,1.5687040209770202,0.02097329208627343,0.0418498944491148,0.0418498944491148,0.21239402070641517,0.0015548384981234628,0.009753125166753307,0.8410243988037109,1.0,0.009625,0.00067125,2,1.0,1.0,0.0
27,89600,-780.7223968505859,-7.807224202156067,-780.7223968505859,-7.807224202156067,0.0,780.7223968505859,7.807224202156067,50.949228286743164,0.509491906166077,4.099296836853028,0.0,0.0,nan,nan,nan,nan,nan,nan,nan,nan,nan,nan,896,-0.0009381996931274728,0.07879030853509902,1.5615728616714477,0.023449338972568512,0.029027858376502992,0.029027858376502992,0.23083701878786086,0.0015466230535826485,0.003009374986140756,0.7835816144943237,1.0,0.009610576923076923,0.0006701442307692308,2,1.0,1.0,0.0
28,92800,-849.4459657669067,-8.494459457397461,-849.4459657669067,-8.494459457397461,0.0,849.4459657669067,8.494459457397461,-17.774340629577637,-0.17774334907531752,4.8425376415252686,0.0,0.0,nan,nan,nan,nan,nan,nan,nan,nan,nan,nan,928,-0.0010416679009153996,0.11968665570020676,1.5707017660140992,0.04372896365821362,0.04845279380679131,0.04845279380679131,0.26887645199894905,0.0022170299285794986,0.011487499944632874,0.6611785888671875,1.0,0.009596153846153846,0.0006690384615384616,2,1.0,1.0,0.0
29,96000,-814.2579822540283,-8.142579917907716,-814.2579822540283,-8.142579917907716,0.0,814.2579822540283,8.142579917907716,17.41364288330078,0.17413619041442807,4.1090411901473995,0.0,0.0,nan,nan,nan,nan,nan,nan,nan,nan,nan,nan,960,-0.000759561019495436,0.07482912577688694,1.5758520722389222,0.02155561149120331,0.03789348676800728,0.03789348676800728,0.22208817601203917,0.0016002463606132726,0.009693749871803447,0.8341018557548523,1.0,0.00958173076923077,0.0006679326923076923,2,1.0,1.0,0.0
30,99200,-792.9717016220093,-7.929716987609863,-792.9717016220093,-7.929716987609863,0.0,792.9717016220093,7.929716987609863,38.699923515319824,0.3869991207122805,4.236349058151245,0.0,0.0,nan,nan,nan,nan,nan,nan,nan,nan,nan,nan,992,-0.0008641642937437411,0.0698504786938429,1.5810100555419921,0.018935066182166338,0.029048082791268824,0.029048082791268824,0.22546762824058533,0.001549787927797763,0.006084374920465052,0.8125177621841431,1.0,0.009567307692307693,0.0006668269230769231,2,1.0,1.0,0.0
31,102400,-882.8491373062134,-8.828491125106812,-882.8491373062134,-8.828491125106812,0.0,882.8491373062134,8.828491125106812,-51.17751216888428,-0.511775016784668,4.224259061813354,0.0,0.0,nan,nan,nan,nan,nan,nan,nan,nan,nan,nan,1024,-0.0013554666922078519,0.08617564141750336,1.5786282300949097,0.026651900075376034,0.04657545797526837,0.04657545797526837,0.2617877170443535,0.0023734499733113626,0.017906249876250512,0.7915768027305603,1.0,0.009552884615384616,0.0006657211538461539,2,1.0,1.0,0.0
32,105600,-835.4762363433838,-8.354762392044067,-835.4762363433838,-8.354762392044067,0.0,835.4762363433838,8.354762392044067,-3.8046112060546875,-0.03804628372192376,3.921112003326416,0.0,0.0,nan,nan,nan,nan,nan,nan,nan,nan,nan,nan,1056,-0.000611425970504964,0.06889071315526962,1.5710413932800293,0.0188486123457551,0.0246654137969017,0.0246654137969017,0.21870109662413598,0.0009331835615744445,0.002346874977229163,0.8592724800109863,1.0,0.009538461538461539,0.0006646153846153846,2,1.0,1.0,0.0
33,108800,-810.1709060668945,-8.101709208488465,-810.1709060668945,-8.101709208488465,0.0,810.1709060668945,8.101709208488465,21.50071907043457,0.2150068998336785,3.5927331686019897,0.0,0.0,nan,nan,nan,nan,nan,nan,nan,nan,nan,nan,1088,-0.001078378133609803,0.047872713580727574,1.5766533136367797,0.007841872796416283,0.046436607465147973,0.046436607465147973,0.18198477774858474,0.0026988644334783123,0.01886875011550728,0.8439880609512329,1.0,0.009524038461538462,0.0006635096153846154,2,1.0,1.0,0.0
34,112000,-790.493613243103,-7.904936051368713,-790.493613243103,-7.904936051368713,0.0,790.493613243103,7.904936051368713,41.178011894226074,0.4117800569534307,4.122872786521912,0.0,0.0,nan,nan,nan,nan,nan,nan,nan,nan,nan,nan,1120,-0.0008194337788324901,0.04544815421104431,1.5761353254318238,0.00691620223224163,0.028932025469839574,0.028932025469839574,0.19310564249753953,0.0016287145015671674,0.005009375093504786,0.7847895622253418,1.0,0.009509615384615385,0.0006624038461538462,2,1.0,1.0,0.0
35,115200,-814.6125993728638,-8.146125993728639,-814.6125993728638,-8.146125993728639,0.0,814.6125993728638,8.146125993728639,17.059025764465332,0.17059011459350515,3.867958114147186,0.0,0.0,nan,nan,nan,nan,nan,nan,nan,nan,nan,nan,1152,-0.0006706977279099746,0.04975748993456364,1.568441879749298,0.009315389953553677,0.021227582544088363,0.021227582544088363,0.19543602019548417,0.0014576046189181354,0.0026124999902094716,0.756520688533783,1.0,0.009495192307692309,0.0006612980769230769,2,1.0,1.0,0.0
36,118400,-885.9044609069824,-8.859044570922851,-885.9044609069824,-8.859044570922851,0.0,885.9044609069824,8.859044570922851,-54.23283576965332,-0.5423284626007074,4.42171359539032,0.0,0.0,nan,nan,nan,nan,nan,nan,nan,nan,nan,nan,1184,-0.0014238734540057863,0.061873722821474075,1.5617945671081543,0.014705975167453289,0.047862939164042474,0.047862939164042474,0.2023455686867237,0.0031606393007683324,0.02578437530901283,0.855946958065033,1.0,0.00948076923076923,0.0006601923076923077,2,1.0,1.0,0.0
37,121600,-886.3892621994019,-8.863892498016357,-886.3892621994019,-8.863892498016357,0.0,886.3892621994019,8.863892498016357,-54.717637062072754,-0.5471763896942132,4.4808738231658936,0.0,0.0,nan,nan,nan,nan,nan,nan,nan,nan,nan,nan,1216,-0.0012206330963522305,0.055888842418789865,1.5621894478797913,0.01193556236103177,0.04478041250258684,0.04478041250258684,0.22313680201768876,0.003246370985289627,0.019787499838275834,0.8493360877037048,1.0,0.009466346153846153,0.0006590865384615385,2,1.0,1.0,0.0
38,124800,-823.1702795028687,-8.23170280456543,-823.1702795028687,-8.23170280456543,0.0,823.1702795028687,8.23170280456543,8.50134563446045,0.08501330375671401,4.187117576599121,0.0,0.0,nan,nan,nan,nan,nan,nan,nan,nan,nan,nan,1248,-0.0014642891564406568,0.0441986121237278,1.5618656158447266,0.005872383527457714,0.04800232090055943,0.04800232090055943,0.19287436753511428,0.003127531488281013,0.015075000119395554,0.8339335918426514,1.0,0.009451923076923077,0.0006579807692307692,2,1.0,1.0,0.0
39,128000,-864.5459156036377,-8.645458984375,-864.5459156036377,-8.645458984375,0.0,864.5459156036377,8.645458984375,-32.874290466308594,-0.328742876052857,4.018565950393676,0.0,0.0,nan,nan,nan,nan,nan,nan,nan,nan,nan,nan,1280,-0.0014343513375148164,0.030087806284427643,1.5346319317817687,-0.0008735362440347672,0.056824995577335356,0.056824995577335356,0.16858585849404334,0.0038677921387722386,0.03316874960437417,0.8912433981895447,1.0,0.0094375,0.000656875,2,1.0,1.0,0.0
40,131200,-818.1444187164307,-8.18144437789917,-818.1444187164307,-8.18144437789917,0.0,818.1444187164307,8.18144437789917,13.527206420898438,0.13527173042297314,4.639948296546936,0.0,0.0,-592.9271194934845,-5.929271194934845,-592.9271194934845,-5.929271194934845,100.0,3.8885027289390566,0.0,0.0,592.9271194934845,-95.60002207756042,1312,-0.0017488835849333918,0.034958578459918496,1.5465575575828552,0.0011570744216442108,0.07545561790466308,0.07545561790466308,0.16907421611249446,0.0037414315971551855,0.03440937527921051,0.8455776572227478,1.0,0.009423076923076923,0.0006557692307692308,2,1.0,1.0,0.0
41,134400,-988.5318660736084,-9.885318632125854,-988.5318660736084,-9.885318632125854,0.0,988.5318660736084,9.885318632125854,-156.8602409362793,-1.56860252380371,5.29305359840393,0.0,0.0,nan,nan,nan,nan,nan,nan,nan,nan,nan,nan,1344,-0.0010421194330440641,0.05310446061193943,1.548267698287964,0.010942996107041835,0.03658011555671692,0.03658011555671692,0.20948320776224136,0.002512738818768905,0.012712500104680658,0.8542238473892212,1.0,0.009408653846153846,0.0006546634615384615,2,1.0,1.0,0.0
42,137600,-822.9158420562744,-8.229158430099487,-822.9158420562744,-8.229158430099487,0.0,822.9158420562744,8.229158430099487,8.755783081054688,0.08755767822265703,4.278774561882019,0.0,0.0,nan,nan,nan,nan,nan,nan,nan,nan,nan,nan,1376,-0.0014067010023399718,0.03338277507573366,1.5276477575302123,0.0009336113929748535,0.03824996836483478,0.03824996836483478,0.1536052580922842,0.001874453388518879,0.010900000098627061,0.7123706340789795,1.0,0.00939423076923077,0.0006535576923076923,2,1.0,1.0,0.0
43,140800,-737.8263750076294,-7.378263802528381,-737.8263750076294,-7.378263802528381,0.0,737.8263750076294,7.378263802528381,93.8452501296997,0.9384523057937626,3.7088031125068666,0.0,0.0,nan,nan,nan,nan,nan,nan,nan,nan,nan,nan,1408,-0.0009929315677727145,0.019647082313895226,1.5143203854560852,-0.0053734246641397474,0.03754903543740511,0.03754903543740511,0.14138341918587685,0.0017912570925552019,0.008278125160722993,0.8573721647262573,1.0,0.009379807692307692,0.000652451923076923,2,1.0,1.0,0.0
44,144000,-801.4065265655518,-8.014065346717835,-801.4065265655518,-8.014065346717835,0.0,801.4065265655518,8.014065346717835,30.265098571777344,0.30265076160430837,4.428616509437561,0.0,0.0,nan,nan,nan,nan,nan,nan,nan,nan,nan,nan,1440,-0.0012410092916689043,0.032469967007637025,1.5082443475723266,0.0008686861023306846,0.051312704011797904,0.051312704011797904,0.1775139555335045,0.0019512876428058746,0.01262500001466833,0.676508903503418,1.0,0.009365384615384616,0.0006513461538461538,2,1.0,1.0,0.0
45,147200,-907.1269602775574,-9.071269569396973,-907.1269602775574,-9.071269569396973,0.0,907.1269602775574,9.071269569396973,-75.45533514022827,-0.7545534610748295,5.025808229446411,0.0,0.0,nan,nan,nan,nan,nan,nan,nan,nan,nan,nan,1472,-0.0013515329307061564,0.046395136043429375,1.5186908841133118,0.00764481583610177,0.04875935334712267,0.04875935334712267,0.20642742812633513,0.002089576986327953,0.012003125043702313,0.7662389278411865,1.0,0.009350961538461539,0.0006502403846153846,2,1.0,1.0,0.0
46,150400,-821.3867855072021,-8.213867740631104,-821.3867855072021,-8.213867740631104,0.0,821.3867855072021,8.213867740631104,10.284839630126953,0.10284836769104011,3.9325191497802736,0.0,0.0,nan,nan,nan,nan,nan,nan,nan,nan,nan,nan,1504,-0.001410251965432252,0.025622493773698806,1.5233693242073059,-0.0028220016974955797,0.03922102637588978,0.03922102637588978,0.15200641378760338,0.0022191702293645676,0.014365625448408536,0.8376074433326721,1.0,0.009336538461538462,0.0006491346153846153,2,1.0,1.0,0.0
47,153600,-861.9320135116577,-8.619320240020752,-861.9320135116577,-8.619320240020752,0.0,861.9320135116577,8.619320240020752,-30.260388374328613,-0.3026041316986081,4.190041546821594,0.0,0.0,nan,nan,nan,nan,nan,nan,nan,nan,nan,nan,1536,-0.0014025563640287508,0.02079794034361839,1.5130083441734314,-0.005108024273067713,0.04720734991133213,0.04720734991133213,0.14188240468502045,0.0028525755638845137,0.013862500086543151,0.8025060892105103,1.0,0.009322115384615385,0.0006480288461538461,2,1.0,1.0,0.0
48,156800,-862.9711599349976,-8.629711771011353,-862.9711599349976,-8.629711771011353,0.0,862.9711599349976,8.629711771011353,-31.299534797668457,-0.3129956626892092,4.2885402393341066,0.0,0.0,nan,nan,nan,nan,nan,nan,nan,nan,nan,nan,1568,-0.0009623071773094072,0.01719393180683255,1.5107021450996398,-0.0064264929853379725,0.025161792151629926,0.025161792151629926,0.13716249018907548,0.0014892283354135199,0.0031531249231193216,0.840583086013794,1.0,0.009307692307692308,0.0006469230769230769,2,1.0,1.0,0.0
49,160000,-756.6351690292358,-7.566351528167725,-756.6351690292358,-7.566351528167725,0.0,756.6351690292358,7.566351528167725,75.03645610809326,0.750364580154419,3.5965034890174867,0.0,0.0,nan,nan,nan,nan,nan,nan,nan,nan,nan,nan,1600,-0.0008087036515877166,0.017926473170518875,1.5083836913108826,-0.005863282922655344,0.028443915024399757,0.028443915024399757,0.12911255545914174,0.0014642091060529864,0.0050124999019317325,0.8131827712059021,1.0,0.009293269230769232,0.0006458173076923076,2,1.0,1.0,0.0
50,163200,-855.1621294021606,-8.55162112236023,-855.1621294021606,-8.55162112236023,0.0,855.1621294021606,8.55162112236023,-23.490504264831543,-0.23490501403808572,4.194248857498169,0.0,0.0,nan,nan,nan,nan,nan,nan,nan,nan,nan,nan,1632,-0.001499255647219222,0.020795493107289075,1.501704168319702,-0.005035590846091509,0.042393716797232625,0.042393716797232625,0.14516017138957976,0.0021862685967796724,0.017396875005215407,0.8476845622062683,1.0,0.009278846153846153,0.0006447115384615384,2,1.0,1.0,0.0
51,166400,-876.0629730224609,-8.760629606246948,-876.0629730224609,-8.760629606246948,0.0,876.0629730224609,8.760629606246948,-44.391347885131836,-0.44391349792480383,4.373946857452393,0.0,0.0,nan,nan,nan,nan,nan,nan,nan,nan,nan,nan,1664,-0.00170732098729367,0.02352419402450323,1.4976256132125854,-0.00381986191496253,0.0474713284522295,0.0474713284522295,0.1532737087458372,0.003617584401218562,0.027921875111496776,0.8412460088729858,1.0,0.009264423076923076,0.0006436057692307693,2,1.0,1.0,0.0
52,169600,-789.8444137573242,-7.898444056510925,-789.8444137573242,-7.898444056510925,0.0,789.8444137573242,7.898444056510925,41.82721138000488,0.4182720518112184,4.265429286956787,0.0,0.0,nan,nan,nan,nan,nan,nan,nan,nan,nan,nan,1696,-0.0009818796790902694,0.0163926862180233,1.4902331233024597,-0.006570193031802773,0.04657234083861113,0.04657234083861113,0.13102645426988602,0.002110188781808461,0.019340624974574894,0.7645026445388794,1.0,0.00925,0.0006425,2,1.0,1.0,0.0
53,172800,-811.246563911438,-8.112465629577637,-811.246563911438,-8.112465629577637,0.0,811.246563911438,8.112465629577637,20.425061225891113,0.2042504787445072,4.424029469490051,0.0,0.0,nan,nan,nan,nan,nan,nan,nan,nan,nan,nan,1728,-0.0015156873743515486,0.026802486926317214,1.4784059643745422,-0.0017683757934719325,0.05286184810101986,0.05286184810101986,0.15773928314447402,0.0022499568265638217,0.017618749663233756,0.7035713195800781,1.0,0.009235576923076923,0.0006413942307692308,2,1.0,1.0,0.0
54,176000,-768.8461675643921,-7.688461680412292,-768.8461675643921,-7.688461680412292,0.0,768.8461675643921,7.688461680412292,62.82545757293701,0.6282544279098516,3.5056751704216005,0.0,0.0,nan,nan,nan,nan,nan,nan,nan,nan,nan,nan,1760,-0.0010946431592746997,0.01299925372004509,1.4879083275794982,-0.008315248461440206,0.038859067112207414,0.038859067112207414,0.11564453840255737,0.0025212127664425966,0.01955312492646044,0.865975022315979,1.0,0.009221153846153846,0.0006402884615384616,2,1.0,1.0,0.0
55,179200,-691.6235837936401,-6.916235866546631,-691.6235837936401,-6.916235866546631,0.0,691.6235837936401,6.916235866546631,140.04804134368896,1.4004802417755124,3.1520977544784547,0.0,0.0,nan,nan,nan,nan,nan,nan,nan,nan,nan,nan,1792,-0.0012286291756550827,0.016263930313289165,1.4940557599067688,-0.0068520332220941785,0.04780079647898674,0.04780079647898674,0.13141566291451454,0.0015935093237211754,0.010646875097154406,0.8629720211029053,1.0,0.00920673076923077,0.0006391826923076923,2,1.0,1.0,0.0
56,182400,-808.659833908081,-8.086598472595215,-808.659833908081,-8.086598472595215,0.0,808.659833908081,8.086598472595215,23.011791229248047,0.23011763572692878,4.20687397480011,0.0,0.0,nan,nan,nan,nan,nan,nan,nan,nan,nan,nan,1824,-0.0008719947779551873,0.01952012125402689,1.487429690361023,-0.004784845095127821,0.05516143403947353,0.05516143403947353,0.13228053711354731,0.0026350184183692713,0.024625000584637746,0.7916419506072998,1.0,0.009192307692307692,0.0006380769230769231,2,1.0,1.0,0.0
57,185600,-835.2442235946655,-8.352442207336425,-835.2442235946655,-8.352442207336425,0.0,835.2442235946655,8.352442207336425,-3.572598457336426,-0.03572609901428159,4.560351824760437,0.0,0.0,nan,nan,nan,nan,nan,nan,nan,nan,nan,nan,1856,-0.0013888248104834133,0.016620016004890204,1.50531907081604,-0.0068944624159485105,0.05187676809728146,0.05187676809728146,0.12011134922504425,0.0027866883523537155,0.022693749994505196,0.7365014553070068,1.0,0.009177884615384616,0.0006369711538461539,2,1.0,1.0,0.0
58,188800,-821.3397970199585,-8.213398370742798,-821.3397970199585,-8.213398370742798,0.0,821.3397970199585,8.213398370742798,10.331828117370605,0.1033177375793457,3.7378582620620726,0.0,0.0,nan,nan,nan,nan,nan,nan,nan,nan,nan,nan,1888,-0.001352391877397885,0.010742484452202916,1.478719997406006,-0.00953134372830391,0.033055254817008974,0.033055254817008974,0.1111961405724287,0.0018787315479138402,0.010628125240327791,0.8453319072723389,1.0,0.009163461538461539,0.0006358653846153846,2,1.0,1.0,0.0
59,192000,-774.6826524734497,-7.746826581954956,-774.6826524734497,-7.746826581954956,0.0,774.6826524734497,7.746826581954956,56.988972663879395,0.5698895263671879,3.8306283497810365,0.0,0.0,nan,nan,nan,nan,nan,nan,nan,nan,nan,nan,1920,-0.0015852043382823422,0.01334266746416688,1.4789662480354309,-0.008444989379495383,0.04180095214396715,0.04180095214396715,0.10183725021779537,0.00309304092952599,0.028290625282897962,0.8652212619781494,1.0,0.009149038461538462,0.0006347596153846154,2,1.0,1.0,0.0
60,195200,-782.3334102630615,-7.823334169387818,-782.3334102630615,-7.823334169387818,0.0,782.3334102630615,7.823334169387818,49.33821487426758,0.49338193893432614,3.3877533960342405,0.0,0.0,-617.13529920578,-6.1713529920578,-617.13529920578,-6.1713529920578,100.0,3.467855261564255,0.0,0.0,617.13529920578,-119.80820178985596,1952,-0.0015030094911111292,0.020710611157119273,1.4642401814460755,-0.004522975673899055,0.05174104534089565,0.05174104534089565,0.1311878114938736,0.0030105437341271133,0.020206249767215922,0.7821066975593567,1.0,0.009134615384615385,0.0006336538461538462,2,1.0,1.0,0.0
61,198400,-824.1273431777954,-8.241273012161255,-824.1273431777954,-8.241273012161255,0.0,824.1273431777954,8.241273012161255,7.544281959533691,0.07544309616088896,4.175192604064941,0.0,0.0,nan,nan,nan,nan,nan,nan,nan,nan,nan,nan,1984,-0.0012003266453103124,0.018863287474960088,1.46005882024765,-0.005084700370207429,0.04059833139181137,0.04059833139181137,0.12066172473132611,0.00237775411951677,0.01936562523478642,0.75041663646698,1.0,0.009120192307692308,0.0006325480769230769,2,1.0,1.0,0.0
62,201600,-777.1085443496704,-7.771085495948792,-777.1085443496704,-7.771085495948792,0.0,777.1085443496704,7.771085495948792,54.56308078765869,0.5456306123733521,4.1362947702407835,0.0,0.0,nan,nan,nan,nan,nan,nan,nan,nan,nan,nan,2016,-0.0015890945175197403,0.01600960362702608,1.4671780228614808,-0.006944077042862773,0.03560295905917883,0.03560295905917883,0.10260117165744305,0.00226872091443601,0.01615937511669472,0.8463200330734253,1.0,0.009105769230769232,0.0006314423076923077,2,1.0,1.0,0.0
63,204800,-782.5397205352783,-7.825397086143494,-782.5397205352783,-7.825397086143494,0.0,782.5397205352783,7.825397086143494,49.13190460205078,0.49131902217864987,3.9727577900886537,0.0,0.0,nan,nan,nan,nan,nan,nan,nan,nan,nan,nan,2048,-0.0012549720750073766,0.011870209826156497,1.4658555746078492,-0.00864646821282804,0.03626974038779736,0.03626974038779736,0.1015582337975502,0.0020367132034161094,0.014771875021688174,0.8135553002357483,1.0,0.009091346153846155,0.0006303365384615385,2,1.0,1.0,0.0
64,208000,-795.1937847137451,-7.951938166618347,-795.1937847137451,-7.951938166618347,0.0,795.1937847137451,7.951938166618347,36.477840423583984,0.36477794170379685,4.047248249053955,0.0,0.0,nan,nan,nan,nan,nan,nan,nan,nan,nan,nan,2080,-0.00161651507780185,0.01026771948672831,1.4786726832389832,-0.009904453530907631,0.053429851308465004,0.053429851308465004,0.09115765169262886,0.0023944907945414825,0.020675000091432593,0.8268061876296997,1.0,0.009076923076923076,0.0006292307692307692,2,1.0,1.0,0.0
65,211200,-794.9680013656616,-7.949680018424988,-794.9680013656616,-7.949680018424988,0.0,794.9680013656616,7.949680018424988,36.70362377166748,0.3670360898971561,4.090392382144928,0.0,0.0,nan,nan,nan,nan,nan,nan,nan,nan,nan,nan,2112,-0.0012935929974075221,0.014147136406973005,1.4729755759239196,-0.007568865502253175,0.04214917719364166,0.04214917719364166,0.1015338223427534,0.0021888296527331035,0.01607187467161566,0.8133447766304016,1.0,0.0090625,0.000628125,2,1.0,1.0,0.0
66,214400,-823.136715888977,-8.231367197036743,-823.136715888977,-8.231367197036743,0.0,823.136715888977,8.231367197036743,8.53490924835205,0.08534891128540067,4.030414063930511,0.0,0.0,nan,nan,nan,nan,nan,nan,nan,nan,nan,nan,2144,-0.0016550636996864431,0.0146387523971498,1.4730064272880554,-0.007663563452661037,0.046401512995362285,0.046401512995362285,0.11555824615061283,0.0026139007197352594,0.021393750165589153,0.7774132490158081,1.0,0.009048076923076923,0.0006270192307692308,2,1.0,1.0,0.0
67,217600,-840.6968564987183,-8.406968812942505,-840.6968564987183,-8.406968812942505,0.0,840.6968564987183,8.406968812942505,-9.02523136138916,-0.09025270462036161,5.358739876747132,0.0,0.0,nan,nan,nan,nan,nan,nan,nan,nan,nan,nan,2176,-0.001294051615969516,0.017921590339392425,1.4949344277381897,-0.005837976559996605,0.04351131618022919,0.04351131618022919,0.10988758467137813,0.002251004420396318,0.01155937509611249,0.7841585278511047,1.0,0.009033653846153846,0.0006259134615384615,2,1.0,1.0,0.0
68,220800,-820.9608192443848,-8.20960807800293,-820.9608192443848,-8.20960807800293,0.0,820.9608192443848,8.20960807800293,10.710805892944336,0.10710803031921401,3.6522572159767153,0.0,0.0,nan,nan,nan,nan,nan,nan,nan,nan,nan,nan,2208,-0.0013372204559971568,0.021637209877371787,1.46268150806427,-0.003710877150297165,0.042296386882662775,0.042296386882662775,0.12580448277294637,0.0023255259045990803,0.013353125110734254,0.7111716866493225,1.0,0.009019230769230769,0.0006248076923076923,2,1.0,1.0,0.0
69,224000,-741.2658882141113,-7.412658767700195,-741.2658882141113,-7.412658767700195,0.0,741.2658882141113,7.412658767700195,90.40573692321777,0.9040573406219483,3.4257175803184508,0.0,0.0,nan,nan,nan,nan,nan,nan,nan,nan,nan,nan,2240,-0.0013389865838922433,0.011505855526775122,1.4729279398918151,-0.00884949234314263,0.04163493756204843,0.04163493756204843,0.0872352346777916,0.00192528008119639,0.01152187492698431,0.8588534593582153,1.0,0.009004807692307692,0.0006237019230769231,2,1.0,1.0,0.0
70,227200,-938.614049911499,-9.386140489578247,-938.614049911499,-9.386140489578247,0.0,938.614049911499,9.386140489578247,-106.94242477416992,-1.0694243812561037,4.609573855400085,0.0,0.0,nan,nan,nan,nan,nan,nan,nan,nan,nan,nan,2272,-0.0020771846794756855,0.019367352686822416,1.4500449061393739,-0.0054299697745591406,0.05250010527670383,0.05250010527670383,0.11611738130450248,0.0030871930553993815,0.027112499745271634,0.7532108426094055,1.0,0.008990384615384615,0.0006225961538461538,2,1.0,1.0,0.0
71,230400,-784.7456455230713,-7.847456731796265,-784.7456455230713,-7.847456731796265,0.0,784.7456455230713,7.847456731796265,46.92597961425781,0.469259376525879,3.8212876892089844,0.0,0.0,nan,nan,nan,nan,nan,nan,nan,nan,nan,nan,2304,-0.0013342353977961352,0.010494816675782203,1.4159475922584535,-0.008796317968517542,0.04769342597573996,0.04769342597573996,0.08390923775732517,0.0023200636540433085,0.020018749963492156,0.851794958114624,1.0,0.008975961538461539,0.0006214903846153846,2,1.0,1.0,0.0
72,233600,-785.9972400665283,-7.859972333908081,-785.9972400665283,-7.859972333908081,0.0,785.9972400665283,7.859972333908081,45.67438507080078,0.456743774414063,3.8679815220832823,0.0,0.0,nan,nan,nan,nan,nan,nan,nan,nan,nan,nan,2336,-0.0012441259170125729,0.011772318044677377,1.4362488865852356,-0.008228967059403658,0.05635247491300106,0.05635247491300106,0.08426952064037323,0.002105502750056109,0.014915625055436976,0.838241696357727,1.0,0.008961538461538462,0.0006203846153846154,2,1.0,1.0,0.0
73,236800,-799.1965761184692,-7.991965794563294,-799.1965761184692,-7.991965794563294,0.0,799.1965761184692,7.991965794563294,32.47504901885986,0.3247503137588499,3.81240829706192,0.0,0.0,nan,nan,nan,nan,nan,nan,nan,nan,nan,nan,2368,-0.0010790068518952366,0.017093405313789844,1.4331358671188354,-0.00535473613999784,0.03850208483636379,0.03850208483636379,0.10552543066442013,0.0014485322477422416,0.010525000072084368,0.7901104092597961,1.0,0.008947115384615385,0.0006192788461538461,2,1.0,1.0,0.0
74,240000,-858.4357166290283,-8.584357223510743,-858.4357166290283,-8.584357223510743,0.0,858.4357166290283,8.584357223510743,-26.76409149169922,-0.26764111518859934,3.8999691104888914,0.0,0.0,nan,nan,nan,nan,nan,nan,nan,nan,nan,nan,2400,-0.0011844912839238386,0.013226655591279269,1.4464398145675659,-0.007491764612495899,0.0440300989896059,0.0440300989896059,0.08670349158346653,0.0014671152675882837,0.010281249994295649,0.8552179336547852,1.0,0.008932692307692308,0.0006181730769230769,2,1.0,1.0,0.0
75,243200,-846.0902585983276,-8.460902214050293,-846.0902585983276,-8.460902214050293,0.0,846.0902585983276,8.460902214050293,-14.418633460998535,-0.14418610572814927,4.4779345369338985,0.0,0.0,nan,nan,nan,nan,nan,nan,nan,nan,nan,nan,2432,-0.0014669421479222456,0.013776490651071071,1.4755695939064026,-0.007738223997876048,0.04635452888906002,0.04635452888906002,0.09479620084166526,0.0018343895870211453,0.013212500044028274,0.8758704662322998,1.0,0.008918269230769231,0.0006170673076923077,2,1.0,1.0,0.0
76,246400,-802.748929977417,-8.027489614486694,-802.748929977417,-8.027489614486694,0.0,802.748929977417,8.027489614486694,28.92269515991211,0.28922649383545007,3.885137844085693,0.0,0.0,nan,nan,nan,nan,nan,nan,nan,nan,nan,nan,2464,-0.0011391054412698942,0.011073417449370026,1.4994889497756958,-0.008953615464270115,0.04386888705193996,0.04386888705193996,0.07596737965941429,0.0019503619187170734,0.01234999968437478,0.8574275970458984,1.0,0.008903846153846155,0.0006159615384615384,2,1.0,1.0,0.0
77,249600,-805.7858018875122,-8.057858290672302,-805.7858018875122,-8.057858290672302,0.0,805.7858018875122,8.057858290672302,25.885823249816895,0.25885781764984195,4.257192807197571,0.0,0.0,nan,nan,nan,nan,nan,nan,nan,nan,nan,nan,2496,-0.0014928683927166286,0.01895823273807764,1.5145136833190918,-0.0054769044741988186,0.043507807329297064,0.043507807329297064,0.09849223755300045,0.002375222488627447,0.017828124936204403,0.7839692831039429,1.0,0.008889423076923076,0.0006148557692307692,2,1.0,1.0,0.0
78,252800,-791.3408489227295,-7.9134086322784425,-791.3408489227295,-7.9134086322784425,0.0,791.3408489227295,7.9134086322784425,40.33077621459961,0.4033074760437012,3.9500245308876036,0.0,0.0,nan,nan,nan,nan,nan,nan,nan,nan,nan,nan,2528,-0.0012540169527346379,0.010171025199815631,1.5197622537612916,-0.009656394878402353,0.05092835277318954,0.05092835277318954,0.07595999948680401,0.002385712977412181,0.02056875026864873,0.8669473528862,1.0,0.008875000000000001,0.00061375,2,1.0,1.0,0.0
79,256000,-773.9524221420288,-7.739523916244507,-773.9524221420288,-7.739523916244507,0.0,773.9524221420288,7.739523916244507,57.71920299530029,0.5771921920776366,3.762071568965912,0.0,0.0,nan,nan,nan,nan,nan,nan,nan,nan,nan,nan,2560,-0.0017652747096493116,0.012809617118909955,1.52234628200531,-0.008849332528188824,0.050251755863428116,0.050251755863428116,0.07815717980265617,0.002849549105304319,0.019737500068731605,0.86128169298172,1.0,0.008860576923076922,0.0006126442307692307,2,1.0,1.0,0.0
80,259200,-816.2491283416748,-8.162490644454955,-816.2491283416748,-8.162490644454955,0.0,816.2491283416748,8.162490644454955,15.422496795654297,0.1542254638671885,3.8652719712257384,0.0,0.0,-640.7190544605255,-6.407190544605255,-640.7190544605255,-6.407190544605255,100.0,3.395118978023529,0.0,0.0,640.7190544605255,-143.39195704460144,2592,-0.0013055026920512525,0.01191042955033481,1.5207843899726867,-0.008803379768505693,0.05122441239655018,0.05122441239655018,0.07923683822154999,0.002684410204529661,0.02108749992912635,0.907450258731842,1.0,0.008846153846153846,0.0006115384615384615,2,1.0,1.0,0.0
81,262400,-843.1159219741821,-8.431159915924072,-843.1159219741821,-8.431159915924072,0.0,843.1159219741821,8.431159915924072,-11.444296836853027,-0.11444380760192807,4.696626043319702,0.0,0.0,nan,nan,nan,nan,nan,nan,nan,nan,nan,nan,2624,-0.0011357730034738723,0.013907848903909326,1.540359628200531,-0.007785890670493245,0.03822987042367458,0.03822987042367458,0.09858467690646648,0.0025253199411970893,0.0137562500895001,0.7704241275787354,1.0,0.008831730769230769,0.0006104326923076922,2,1.0,1.0,0.0
82,265600,-824.0316457748413,-8.240316333770751,-824.0316457748413,-8.240316333770751,0.0,824.0316457748413,8.240316333770751,7.639979362487793,0.07639977455139224,4.040704221725464,0.0,0.0,nan,nan,nan,nan,nan,nan,nan,nan,nan,nan,2656,-0.0013121429264895568,0.019506258890032768,1.52291419506073,-0.004987016459926963,0.05364358723163605,0.05364358723163605,0.10332407020032405,0.0017361434125639963,0.011543749706470407,0.7744144797325134,1.0,0.008817307692307692,0.000609326923076923,2,1.0,1.0,0.0
83,268800,-744.3108072280884,-7.443107938766479,-744.3108072280884,-7.443107938766479,0.0,744.3108072280884,7.443107938766479,87.36081790924072,0.8736081695556646,3.630995180606842,0.0,0.0,nan,nan,nan,nan,nan,nan,nan,nan,nan,nan,2688,-0.0013743197328295765,0.011786648770794272,1.5194048523902892,-0.008856140542775393,0.04401677250862122,0.04401677250862122,0.08438474647700786,0.0023190842395713783,0.01900624993722886,0.8388770222663879,1.0,0.008802884615384615,0.0006082211538461539,2,1.0,1.0,0.0
84,272000,-808.2727785110474,-8.082727546691894,-808.2727785110474,-8.082727546691894,0.0,808.2727785110474,8.082727546691894,23.39884662628174,0.23398856163024995,3.601646387577057,0.0,0.0,nan,nan,nan,nan,nan,nan,nan,nan,nan,nan,2720,-0.001116328771808206,0.015622546523809433,1.509090530872345,-0.006567640043795109,0.04473743885755539,0.04473743885755539,0.08231904506683349,0.0019004729350861782,0.01845312500372529,0.8309211730957031,1.0,0.008788461538461538,0.0006071153846153847,2,1.0,1.0,0.0
85,275200,-766.2616424560547,-7.662616500854492,-766.2616424560547,-7.662616500854492,0.0,766.2616424560547,7.662616500854492,65.40998268127441,0.6540996074676517,3.6706787014007567,0.0,0.0,nan,nan,nan,nan,nan,nan,nan,nan,nan,nan,2752,-0.0010168596741394254,0.007586545776575804,1.5175395607948303,-0.010538537241518497,0.03757218010723591,0.03757218010723591,0.06719202362000942,0.0021660246660766113,0.01485312490258366,0.901896595954895,1.0,0.008774038461538462,0.0006060096153846154,2,1.0,1.0,0.0
86,278400,-835.641185760498,-8.356411695480347,-835.641185760498,-8.356411695480347,0.0,835.641185760498,8.356411695480347,-3.9695606231689453,-0.03969558715820298,4.163525974750518,0.0,0.0,nan,nan,nan,nan,nan,nan,nan,nan,nan,nan,2784,-0.0014100191934849349,0.013442116230726242,1.5142428398132324,-0.007953145308420062,0.05280361548066139,0.05280361548066139,0.08433500528335572,0.002235930713505564,0.011743750101595651,0.8282250165939331,1.0,0.008759615384615385,0.0006049038461538462,2,1.0,1.0,0.0
87,281600,-838.9757175445557,-8.389757146835327,-838.9757175445557,-8.389757146835327,0.0,838.9757175445557,8.389757146835327,-7.3040924072265625,-0.07304103851318366,3.798677966594696,0.0,0.0,nan,nan,nan,nan,nan,nan,nan,nan,nan,nan,2816,-0.0011113331095664813,0.00993888359516859,1.5197814583778382,-0.00943267261609435,0.038722848147153856,0.038722848147153856,0.06370062977075577,0.002616797055089437,0.015231250028591603,0.8115455508232117,1.0,0.008745192307692308,0.0006037980769230769,2,1.0,1.0,0.0
88,284800,-865.7353401184082,-8.657353382110596,-865.7353401184082,-8.657353382110596,0.0,865.7353401184082,8.657353382110596,-34.0637149810791,-0.34063727378845243,4.425335655212402,0.0,0.0,nan,nan,nan,nan,nan,nan,nan,nan,nan,nan,2848,-0.0010455084865883646,0.016235757898539305,1.51965229511261,-0.006195362936705351,0.036167115159332755,0.036167115159332755,0.0973341055214405,0.0012597623834161172,0.006478124967543408,0.8011106252670288,1.0,0.008730769230769231,0.0006026923076923077,2,1.0,1.0,0.0
89,288000,-800.9040393829346,-8.009040517807007,-800.9040393829346,-8.009040517807007,0.0,800.9040393829346,8.009040517807007,30.76758575439453,0.30767559051513693,4.19680040359497,0.0,0.0,nan,nan,nan,nan,nan,nan,nan,nan,nan,nan,2880,-0.0014902724789921606,0.012055688817054034,1.5110558152198792,-0.008633312955498695,0.048766334727406505,0.048766334727406505,0.0741138957440853,0.0027427708439071996,0.02365625049424125,0.7511628866195679,1.0,0.008716346153846154,0.0006015865384615385,2,1.0,1.0,0.0
90,291200,-777.0387783050537,-7.77038800239563,-777.0387783050537,-7.77038800239563,0.0,777.0387783050537,7.77038800239563,54.63284683227539,0.5463281059265137,3.7875936937332155,0.0,0.0,nan,nan,nan,nan,nan,nan,nan,nan,nan,nan,2912,-0.0016292574920342417,0.01233597258105874,1.5102759718894958,-0.00860357671044767,0.05638650543987751,0.05638650543987751,0.08116430155932904,0.003152970845986537,0.02900312494020909,0.8422656655311584,1.0,0.008701923076923078,0.0006004807692307693,2,1.0,1.0,0.0
91,294400,-826.8521566390991,-8.268521575927734,-826.8521566390991,-8.268521575927734,0.0,826.8521566390991,8.268521575927734,4.8194684982299805,0.04819453239440996,4.13611085653305,0.0,0.0,nan,nan,nan,nan,nan,nan,nan,nan,nan,nan,2944,-0.0009679638072295438,0.01727222902700305,1.5070073843002318,-0.005423975922167301,0.04031498022377491,0.04031498022377491,0.0979865912348032,0.002277065195085813,0.010446874964691233,0.6915268898010254,1.0,0.0086875,0.000599375,2,1.0,1.0,0.0
92,297600,-826.1820001602173,-8.261819849014282,-826.1820001602173,-8.261819849014282,0.0,826.1820001602173,8.261819849014282,5.489624977111816,0.05489625930786168,4.169822878837586,0.0,0.0,nan,nan,nan,nan,nan,nan,nan,nan,nan,nan,2976,-0.001431625306315265,0.013537645759060978,1.529540467262268,-0.007928623910993337,0.048685330897569656,0.048685330897569656,0.08869300447404385,0.0022291044901075444,0.014009375066962093,0.7729869484901428,1.0,0.008673076923076922,0.0005982692307692308,2,1.0,1.0,0.0
93,300800,-910.9222602844238,-9.109222393035889,-910.9222602844238,-9.109222393035889,0.0,910.9222602844238,9.109222393035889,-79.25063514709473,-0.7925062847137454,4.403776245117188,0.0,0.0,nan,nan,nan,nan,nan,nan,nan,nan,nan,nan,3008,-0.000637816777344824,0.015269233379513025,1.5397237896919251,-0.006335135828703642,0.03930606432259083,0.03930606432259083,0.0842720154672861,0.0018149473544334057,0.006234374933410436,0.623886227607727,1.0,0.008658653846153847,0.0005971634615384616,2,1.0,1.0,0.0
94,304000,-888.5003843307495,-8.88500418663025,-888.5003843307495,-8.88500418663025,0.0,888.5003843307495,8.88500418663025,-56.82875919342041,-0.5682880783081057,4.854652776718139,0.0,0.0,nan,nan,nan,nan,nan,nan,nan,nan,nan,nan,3040,-0.0008295958633622646,0.010340298293158412,1.5516300916671752,-0.009072095202282072,0.033306578546762465,0.033306578546762465,0.06713966466486454,0.0012373142031727041,0.004968750009720679,0.7989145517349243,1.0,0.008644230769230769,0.0005960576923076923,2,1.0,1.0,0.0
95,307200,-833.1519804000854,-8.331519937515258,-833.1519804000854,-8.331519937515258,0.0,833.1519804000854,8.331519937515258,-1.4803552627563477,-0.014803829193114737,3.5094465017318726,0.0,0.0,nan,nan,nan,nan,nan,nan,nan,nan,nan,nan,3072,-0.0010362783436547395,0.01346991052851081,1.5557041764259338,-0.007726750150322914,0.04022094383835793,0.04022094383835793,0.07630669213831424,0.002399520383915587,0.010571875050663948,0.823062002658844,1.0,0.008629807692307692,0.0005949519230769231,2,1.0,1.0,0.0
96,310400,-801.0663709640503,-8.010663752555848,-801.0663709640503,-8.010663752555848,0.0,801.0663709640503,8.010663752555848,30.60525417327881,0.30605235576629575,4.40445984840393,0.0,0.0,nan,nan,nan,nan,nan,nan,nan,nan,nan,nan,3104,-0.0008524378999602789,0.009640080435201526,1.5686938166618347,-0.009547298494726419,0.028711851127445696,0.028711851127445696,0.0673389971256256,0.0016804804690770992,0.008143749989903882,0.8671011924743652,1.0,0.008615384615384615,0.0005938461538461538,2,1.0,1.0,0.0
97,313600,-796.7043170928955,-7.96704330444336,-796.7043170928955,-7.96704330444336,0.0,796.7043170928955,7.96704330444336,34.967308044433594,0.34967280387878397,3.7836492824554444,0.0,0.0,nan,nan,nan,nan,nan,nan,nan,nan,nan,nan,3136,-0.0018099555971799464,0.010263918852433562,1.5545841574668884,-0.010048914467915893,0.05164041668176651,0.05164041668176651,0.06878901682794095,0.0031943476831663084,0.023978124745190142,0.823628842830658,1.0,0.008600961538461538,0.0005927403846153846,2,1.0,1.0,0.0
98,316800,-773.5394649505615,-7.735394630432129,-773.5394649505615,-7.735394630432129,0.0,773.5394649505615,7.735394630432129,58.13216018676758,0.5813214778900146,3.9448486757278443,0.0,0.0,nan,nan,nan,nan,nan,nan,nan,nan,nan,nan,3168,-0.0013496213390208566,0.012860611779615283,1.5516829252243043,-0.008242899877950549,0.04170085564255714,0.04170085564255714,0.07312071286141872,0.0018752655294526487,0.007756250139209442,0.7539515495300293,1.0,0.008586538461538461,0.0005916346153846154,2,1.0,1.0,0.0
99,320000,-825.7621259689331,-8.25762089729309,-825.7621259689331,-8.25762089729309,0.0,825.7621259689331,8.25762089729309,5.909499168395996,0.05909521102905302,3.950233042240143,0.0,0.0,nan,nan,nan,nan,nan,nan,nan,nan,nan,nan,3200,-0.0011764434173936245,0.009409241750836373,1.5333744168281556,-0.00961608523502946,0.03797613382339478,0.03797613382339478,0.06380812339484691,0.001910222256265834,0.009018750232280581,0.8383803367614746,1.0,0.008572115384615385,0.0005905288461538462,2,1.0,1.0,0.0
100,323200,-809.2818489074707,-8.092818570137023,-809.2818489074707,-8.092818570137023,0.0,809.2818489074707,8.092818570137023,22.3897762298584,0.22389753818512048,3.676251814365387,0.0,0.0,-655.1553308963776,-6.551553308963776,-655.1553308963776,-6.551553308963776,100.0,4.655417926311493,0.0,0.0,655.1553308963776,-157.8282334804535,3232,-0.0011420188186574086,0.01024073027074337,1.554433560371399,-0.009324017353355885,0.04970307722687721,0.04970307722687721,0.06893262267112732,0.0027200943499344904,0.02121874958393164,0.8315695524215698,1.0,0.008557692307692308,0.0005894230769230769,2,1.0,1.0,0.0
101,326400,-847.6637592315674,-8.476637392044067,-847.6637592315674,-8.476637392044067,0.0,847.6637592315674,8.476637392044067,-15.992134094238281,-0.15992128372192305,4.5243095111846925,0.0,0.0,nan,nan,nan,nan,nan,nan,nan,nan,nan,nan,3264,-0.0008048663160530767,0.009678325848653913,1.542138397693634,-0.009140606177970767,0.03656608257442713,0.03656608257442713,0.06938380040228367,0.0016661497371394736,0.008234374981475412,0.8137380480766296,1.0,0.008543269230769231,0.0005883173076923077,2,1.0,1.0,0.0
102,329600,-821.5210886001587,-8.215210542678832,-821.5210886001587,-8.215210542678832,0.0,821.5210886001587,8.215210542678832,10.15053653717041,0.10150556564331126,4.099644980430603,0.0,0.0,nan,nan,nan,nan,nan,nan,nan,nan,nan,nan,3296,-0.0009517697793024027,0.01021381439641118,1.5400516510009765,-0.008979726303368806,0.0417284982278943,0.0417284982278943,0.07413089610636234,0.0019909291433585735,0.010199999978067354,0.8561190962791443,1.0,0.008528846153846154,0.0005872115384615384,2,1.0,1.0,0.0
103,332800,-851.4316263198853,-8.514316024780273,-851.4316263198853,-8.514316024780273,0.0,851.4316263198853,8.514316024780273,-19.760001182556152,-0.19759991645812924,4.417530598640442,0.0,0.0,nan,nan,nan,nan,nan,nan,nan,nan,nan,nan,3328,-0.001390958453982627,0.017778585385531186,1.5294955849647522,-0.005524438107386231,0.05233844593167305,0.05233844593167305,0.08847513124346733,0.0030515813065001662,0.025993750074121635,0.6594990491867065,1.0,0.008514423076923077,0.0005861057692307692,2,1.0,1.0,0.0
104,336000,-837.9527883529663,-8.37952826499939,-837.9527883529663,-8.37952826499939,0.0,837.9527883529663,8.37952826499939,-6.281163215637207,-0.06281215667724638,4.4016351318359375,0.0,0.0,nan,nan,nan,nan,nan,nan,nan,nan,nan,nan,3360,-0.0011691969408828661,0.01947558354586363,1.5327761054039002,-0.004460002761334181,0.03876328989863396,0.03876328989863396,0.0963074542582035,0.0015124199097053131,0.010534375038696453,0.7591492533683777,1.0,0.0085,0.000585,2,1.0,1.0,0.0
105,339200,-827.1919555664062,-8.271919708251954,-827.1919555664062,-8.271919708251954,0.0,827.1919555664062,8.271919708251954,4.479669570922852,0.044796400070190145,3.7284144377708435,0.0,0.0,nan,nan,nan,nan,nan,nan,nan,nan,nan,nan,3392,-0.0009983737570084194,0.011790266912430524,1.5382264256477356,-0.008155979262664915,0.03600543588399887,0.03600543588399887,0.06370720155537128,0.0012279887349002827,0.004625000071246177,0.7876805067062378,1.0,0.008485576923076922,0.0005838942307692307,2,1.0,1.0,0.0
106,342400,-835.6303634643555,-8.356304025650024,-835.6303634643555,-8.356304025650024,0.0,835.6303634643555,8.356304025650024,-3.958738327026367,-0.03958791732788036,4.5688700866699214,0.0,0.0,nan,nan,nan,nan,nan,nan,nan,nan,nan,nan,3424,-0.0011743372114491279,0.01201172061264515,1.5385758399963378,-0.008201989345252514,0.04360984228551388,0.04360984228551388,0.07382066249847412,0.0021856131857938194,0.012459374970057979,0.7666189670562744,1.0,0.008471153846153847,0.0005827884615384615,2,1.0,1.0,0.0
107,345600,-811.7543354034424,-8.117543506622315,-811.7543354034424,-8.117543506622315,0.0,811.7543354034424,8.117543506622315,19.91728973388672,0.19917260169982853,3.9205544567108155,0.0,0.0,nan,nan,nan,nan,nan,nan,nan,nan,nan,nan,3456,-0.001496726549207228,0.007438928727060557,1.5342064261436463,-0.010751633625477552,0.0462816096842289,0.0462816096842289,0.05433569699525833,0.002310691065941512,0.014093749987659976,0.8444039225578308,1.0,0.008456730769230768,0.0005816826923076923,2,1.0,1.0,0.0
108,348800,-882.6654357910156,-8.826654500961304,-882.6654357910156,-8.826654500961304,0.0,882.6654357910156,8.826654500961304,-50.99381065368652,-0.5099383926391603,4.529672031402588,0.0,0.0,nan,nan,nan,nan,nan,nan,nan,nan,nan,nan,3488,-0.0011966894389828565,0.01633994560688734,1.534740686416626,-0.005983469728380442,0.03905253261327744,0.03905253261327744,0.07525303214788437,0.0027630957687514337,0.01975624999467982,0.6822819709777832,1.0,0.008442307692307692,0.000580576923076923,2,1.0,1.0,0.0
109,352000,-785.5686836242676,-7.8556867027282715,-785.5686836242676,-7.8556867027282715,0.0,785.5686836242676,7.8556867027282715,46.10294151306152,0.4610294055938722,3.7528027296066284,0.0,0.0,nan,nan,nan,nan,nan,nan,nan,nan,nan,nan,3520,-0.001225333557254693,0.011803099513053894,1.5377133727073669,-0.008283454226329923,0.040977214276790616,0.040977214276790616,0.07335970588028431,0.0015683961100883847,0.009953124803723767,0.7805513143539429,1.0,0.008427884615384615,0.0005794711538461538,2,1.0,1.0,0.0
110,355200,-785.9081106185913,-7.859080953598022,-785.9081106185913,-7.859080953598022,0.0,785.9081106185913,7.859080953598022,45.76351451873779,0.4576351547241213,4.0392138862609865,0.0,0.0,nan,nan,nan,nan,nan,nan,nan,nan,nan,nan,3552,-0.0013020825275452453,0.010767144942656159,1.5531046748161317,-0.008985497197136283,0.060528071224689485,0.060528071224689485,0.0645993858575821,0.003188028543082284,0.02424374961410649,0.7437129020690918,1.0,0.008413461538461538,0.0005783653846153846,2,1.0,1.0,0.0
111,358400,-837.4743785858154,-8.374744033813476,-837.4743785858154,-8.374744033813476,0.0,837.4743785858154,8.374744033813476,-5.802753448486328,-0.05802792549133251,4.513387308120728,0.0,0.0,nan,nan,nan,nan,nan,nan,nan,nan,nan,nan,3584,-0.0016419143650913792,0.007299685152247548,1.5283228754997253,-0.010828514629974962,0.04407167918980122,0.04407167918980122,0.057412910461425784,0.0031523768950144013,0.017443749855738135,0.8520710468292236,1.0,0.008399038461538461,0.0005772596153846153,2,1.0,1.0,0.0
112,361600,-817.4346685409546,-8.174346804618835,-817.4346685409546,-8.174346804618835,0.0,817.4346685409546,8.174346804618835,14.236956596374512,0.14236930370330825,3.4524566292762757,0.0,0.0,nan,nan,nan,nan,nan,nan,nan,nan,nan,nan,3616,-0.001014360245718926,0.011530005559325218,1.5192192912101745,-0.007987426640465856,0.03220677729696035,0.03220677729696035,0.06224081851541996,0.0018960350767891793,0.008178125155973248,0.7214516401290894,1.0,0.008384615384615384,0.0005761538461538461,2,1.0,1.0,0.0
113,364800,-829.8224668502808,-8.298224573135377,-829.8224668502808,-8.298224573135377,0.0,829.8224668502808,8.298224573135377,1.8491582870483398,0.01849153518676694,4.808137140274048,0.0,0.0,nan,nan,nan,nan,nan,nan,nan,nan,nan,nan,3648,-0.0006128210550464975,0.01243624072521925,1.521087908744812,-0.007126499619334936,0.023010223545134066,0.023010223545134066,0.07066353037953377,0.000493993318378538,0.0016437500016763806,0.7495810389518738,1.0,0.008370192307692308,0.0005750480769230769,2,1.0,1.0,0.0
114,368000,-781.9361696243286,-7.819361472129822,-781.9361696243286,-7.819361472129822,0.0,781.9361696243286,7.819361472129822,49.73545551300049,0.49735463619232156,4.224378633499145,0.0,0.0,nan,nan,nan,nan,nan,nan,nan,nan,nan,nan,3680,-0.0010196656023966355,0.011264724750071764,1.5122674226760864,-0.008023461094126105,0.03426688816398382,0.03426688816398382,0.06544049568474293,0.0016591396513839813,0.005618750071153045,0.7025436162948608,1.0,0.00835576923076923,0.0005739423076923076,2,1.0,1.0,0.0
115,371200,-766.5502462387085,-7.665502371788025,-766.5502462387085,-7.665502371788025,0.0,766.5502462387085,7.665502371788025,65.1213788986206,0.6512137365341184,3.319127516746521,0.0,0.0,nan,nan,nan,nan,nan,nan,nan,nan,nan,nan,3712,-0.0008190660781329129,0.008689261274412274,1.5041309356689454,-0.00902091171592474,0.03925921954214573,0.03925921954214573,0.057092456892132756,0.0008289722019989327,0.0021531250458792783,0.7921644449234009,1.0,0.008341346153846154,0.0005728365384615384,2,1.0,1.0,0.0
116,374400,-838.5657501220703,-8.38565770149231,-838.5657501220703,-8.38565770149231,0.0,838.5657501220703,8.38565770149231,-6.894124984741211,-0.06894159317016602,4.500804677009582,0.0,0.0,nan,nan,nan,nan,nan,nan,nan,nan,nan,nan,3744,-0.001417481473414206,0.00973091102205217,1.5237878561019897,-0.009240490989759565,0.05918541997671127,0.05918541997671127,0.053935539349913596,0.0033812556925121454,0.02891249965177849,0.6928410530090332,1.0,0.008326923076923077,0.0005717307692307693,2,1.0,1.0,0.0
117,377600,-744.198540687561,-7.441985411643982,-744.198540687561,-7.441985411643982,0.0,744.198540687561,7.441985411643982,87.47308444976807,0.8747306966781618,3.753703758716583,0.0,0.0,nan,nan,nan,nan,nan,nan,nan,nan,nan,nan,3776,-0.0013210860579739858,0.010348131228238345,1.5211172461509705,-0.008791307779029011,0.054114258661866185,0.054114258661866185,0.05614213682711124,0.0027315811719753,0.02739687501016306,0.7696628570556641,1.0,0.0083125,0.000570625,2,1.0,1.0,0.0
118,380800,-847.0585250854492,-8.47058512687683,-847.0585250854492,-8.47058512687683,0.0,847.0585250854492,8.47058512687683,-15.386899948120117,-0.15386901855468693,4.257284111976624,0.0,0.0,nan,nan,nan,nan,nan,nan,nan,nan,nan,nan,3808,-0.0009812301470781605,0.010717761190608143,1.5064974427223206,-0.008123380923643708,0.041485628485679625,0.041485628485679625,0.054914858937263486,0.0022142829271623345,0.013709375145845115,0.716509222984314,1.0,0.008298076923076924,0.0005695192307692308,2,1.0,1.0,0.0
119,384000,-781.5830450057983,-7.815830688476563,-781.5830450057983,-7.815830688476563,0.0,781.5830450057983,7.815830688476563,50.08858013153076,0.5008854198455808,3.6161287879943846,0.0,0.0,nan,nan,nan,nan,nan,nan,nan,nan,nan,nan,3840,-0.000780645502585653,0.013102136738598346,1.511073923110962,-0.006746791116893291,0.04478267766535282,0.04478267766535282,0.060398324951529504,0.001848623542174125,0.009306250243389514,0.6610326170921326,1.0,0.008283653846153847,0.0005684134615384616,2,1.0,1.0,0.0
120,387200,-851.0228500366211,-8.510228338241577,-851.0228500366211,-8.510228338241577,0.0,851.0228500366211,8.510228338241577,-19.351224899291992,-0.19351222991943295,3.921350736618042,0.0,0.0,-593.2726464271545,-5.932726464271545,-593.2726464271545,-5.932726464271545,100.0,4.121690812110901,0.0,0.0,593.2726464271545,-95.94554901123047,3872,-0.0009621294013225423,0.011275118496268988,1.510612165927887,-0.00781617066822946,0.03736122269183397,0.03736122269183397,0.06485448591411114,0.0021212972467773406,0.014031250099651515,0.7001088857650757,1.0,0.008269230769230768,0.0005673076923076923,2,1.0,1.0,0.0
121,390400,-846.2451601028442,-8.462451791763305,-846.2451601028442,-8.462451791763305,0.0,846.2451601028442,8.462451791763305,-14.573534965515137,-0.1457356834411616,4.203270878791809,0.0,0.0,nan,nan,nan,nan,nan,nan,nan,nan,nan,nan,3904,-0.000635817718753251,0.013681911583989858,1.5056074619293214,-0.0062233615200966595,0.03021707758307457,0.03021707758307457,0.06508135460317135,0.0011831817257197056,0.005181249999441207,0.6896780729293823,1.0,0.008254807692307693,0.0005662019230769231,2,1.0,1.0,0.0
122,393600,-859.9646854400635,-8.599647188186646,-859.9646854400635,-8.599647188186646,0.0,859.9646854400635,8.599647188186646,-28.293060302734375,-0.28293107986450217,4.062754845619201,0.0,0.0,nan,nan,nan,nan,nan,nan,nan,nan,nan,nan,3936,-0.000952491805091249,0.01168934623710811,1.5251816153526305,-0.007675902405753732,0.04672913178801537,0.04672913178801537,0.06702537648379803,0.0019414030910419092,0.013096875019255095,0.6888542175292969,1.0,0.008240384615384615,0.0005650961538461539,2,1.0,1.0,0.0
123,396800,-906.0529537200928,-9.060529823303222,-906.0529537200928,-9.060529823303222,0.0,906.0529537200928,9.060529823303222,-74.38132858276367,-0.7438137149810782,4.842672772407532,0.0,0.0,nan,nan,nan,nan,nan,nan,nan,nan,nan,nan,3968,-0.0009794191424967735,0.010755894472822547,1.522791814804077,-0.008127898629754781,0.03381550684571266,0.03381550684571266,0.06387356668710709,0.0013569740156534047,0.005334375028905924,0.7970483303070068,1.0,0.008225961538461538,0.0005639903846153846,2,1.0,1.0,0.0
124,400000,-796.6999578475952,-7.966999621391296,-796.6999578475952,-7.966999621391296,0.0,796.6999578475952,7.966999621391296,34.97166728973389,0.34971648693084756,4.219988894462586,0.0,0.0,nan,nan,nan,nan,nan,nan,nan,nan,nan,nan,4000,-0.001477563014277239,0.01045156312175095,1.521654736995697,-0.008746907440945506,0.049057196080684665,0.049057196080684665,0.05287033915519714,0.0015241448589229743,0.008218750129162799,0.8136228919029236,1.0,0.008211538461538461,0.0005628846153846154,2,1.0,1.0,0.0
125,403200,-882.8550834655762,-8.828550786972047,-882.8550834655762,-8.828550786972047,0.0,882.8550834655762,8.828550786972047,-51.18345832824707,-0.5118346786499028,4.332164287567139,0.0,0.0,nan,nan,nan,nan,nan,nan,nan,nan,nan,nan,4032,-0.0013796239062095594,0.01309718918055296,1.5019985437393188,-0.007143085263669491,0.03567783273756504,0.03567783273756504,0.06398204192519188,0.001806602126090075,0.010140624834093614,0.7152303457260132,1.0,0.008197115384615384,0.0005617788461538462,2,1.0,1.0,0.0
126,406400,-797.5250825881958,-7.9752508163452145,-797.5250825881958,-7.9752508163452145,0.0,797.5250825881958,7.9752508163452145,34.1465425491333,0.3414652919769292,3.9755766415596008,0.0,0.0,nan,nan,nan,nan,nan,nan,nan,nan,nan,nan,4064,-0.0012659702861565591,0.013808001857250929,1.4714632034301758,-0.006402500020340085,0.04227978065609932,0.04227978065609932,0.06678701005876064,0.00240981943061431,0.0164843750793807,0.734155535697937,1.0,0.008182692307692307,0.0005606730769230769,2,1.0,1.0,0.0
127,409600,-807.8805570602417,-8.078805656433106,-807.8805570602417,-8.078805656433106,0.0,807.8805570602417,8.078805656433106,23.791068077087402,0.2379104518890376,4.174154334068298,0.0,0.0,nan,nan,nan,nan,nan,nan,nan,nan,nan,nan,4096,-0.0018887458651791534,0.012359767407178878,1.4508020401000976,-0.007559403544291854,0.05060524977743626,0.05060524977743626,0.0591623779386282,0.0030807407849361766,0.02310625001555309,0.7404941320419312,1.0,0.00816826923076923,0.0005595673076923077,2,1.0,1.0,0.0
128,412800,-867.203010559082,-8.672030210494995,-867.203010559082,-8.672030210494995,0.0,867.203010559082,8.672030210494995,-35.53138542175293,-0.3553141021728514,4.530871996879577,0.0,0.0,nan,nan,nan,nan,nan,nan,nan,nan,nan,nan,4128,-0.0010676105565449734,0.012134870700538158,1.463160789012909,-0.00693056364543736,0.037667110189795495,0.037667110189795495,0.0560857966542244,0.001931207622693399,0.01179375007050112,0.7374823093414307,1.0,0.008153846153846154,0.0005584615384615385,2,1.0,1.0,0.0
129,416000,-806.5783548355103,-8.065783491134644,-806.5783548355103,-8.065783491134644,0.0,806.5783548355103,8.065783491134644,25.093270301818848,0.25093261718749993,3.8017976117134094,0.0,0.0,nan,nan,nan,nan,nan,nan,nan,nan,nan,nan,4160,-0.001160165489790943,0.01029111910611391,1.4450133562088012,-0.007776180887594819,0.03795936666429043,0.03795936666429043,0.055541982874274254,0.0018410129770937464,0.010140625094936694,0.7324539422988892,1.0,0.008139423076923077,0.0005573557692307692,2,1.0,1.0,0.0
130,419200,-823.5434198379517,-8.235434246063232,-823.5434198379517,-8.235434246063232,0.0,823.5434198379517,8.235434246063232,8.128205299377441,0.08128186225891199,4.419614791870117,0.0,0.0,nan,nan,nan,nan,nan,nan,nan,nan,nan,nan,4192,-0.0014685081724543192,0.012532812776044011,1.4168686509132384,-0.006714159157127142,0.038443568721413614,0.038443568721413614,0.06118516512215137,0.0023099038502560356,0.013093750242114765,0.7490265369415283,1.0,0.008125,0.00055625,2,1.0,1.0,0.0
131,422400,-801.5845413208008,-8.015845341682434,-801.5845413208008,-8.015845341682434,0.0,801.5845413208008,8.015845341682434,30.08708381652832,0.3008707666397097,4.369551320075988,0.0,0.0,nan,nan,nan,nan,nan,nan,nan,nan,nan,nan,4224,-0.0009324445134959447,0.010371276130899786,1.407510721683502,-0.007162530999630689,0.027744459360837935,0.027744459360837935,0.057028339430689814,0.0017519776527488695,0.005231249949429184,0.7862340807914734,1.0,0.008110576923076923,0.0005551442307692308,2,1.0,1.0,0.0
132,425600,-797.2114686965942,-7.972114763259888,-797.2114686965942,-7.972114763259888,0.0,797.2114686965942,7.972114763259888,34.46015644073486,0.34460134506225604,3.8728895807266235,0.0,0.0,nan,nan,nan,nan,nan,nan,nan,nan,nan,nan,4256,-0.0019588170662988348,0.010781940212473274,1.4112181782722473,-0.007993286661803722,0.06017311736941337,0.06017311736941337,0.05003306157886982,0.0026477957515464176,0.024153125360317062,0.7578068375587463,1.0,0.008096153846153847,0.0005540384615384615,2,1.0,1.0,0.0
133,428800,-779.8259410858154,-7.798259220123291,-779.8259410858154,-7.798259220123291,0.0,779.8259410858154,7.798259220123291,51.84568405151367,0.5184568881988527,4.051934134960175,0.0,0.0,nan,nan,nan,nan,nan,nan,nan,nan,nan,nan,4288,-0.001836027217353653,0.0076540296897292135,1.3980465054512023,-0.009307647356763482,0.05715972483158112,0.05715972483158112,0.0516024436801672,0.003479654282274337,0.02541250000940636,0.8551477789878845,1.0,0.00808173076923077,0.0005529326923076923,2,1.0,1.0,0.0
134,432000,-870.7832899093628,-8.707832412719727,-870.7832899093628,-8.707832412719727,0.0,870.7832899093628,8.707832412719727,-39.11166477203369,-0.39111630439758294,3.9182653856277465,0.0,0.0,nan,nan,nan,nan,nan,nan,nan,nan,nan,nan,4320,-0.0015714389866101186,0.013924078736454248,1.421686589717865,-0.006078583188354969,0.043364803120493886,0.043364803120493886,0.06110068671405315,0.002284965741274535,0.018803125305566937,0.7215954065322876,1.0,0.008067307692307693,0.0005518269230769231,2,1.0,1.0,0.0
135,435200,-805.1876287460327,-8.051876492500305,-805.1876287460327,-8.051876492500305,0.0,805.1876287460327,8.051876492500305,26.483996391296387,0.26483961582183824,3.7750560450553894,0.0,0.0,nan,nan,nan,nan,nan,nan,nan,nan,nan,nan,4352,-0.0016529681574786181,0.008809874905273319,1.441197395324707,-0.008853826997801661,0.045609381049871445,0.045609381049871445,0.05310106687247753,0.002246995214955925,0.013921874802326784,0.8075329661369324,1.0,0.008052884615384615,0.0005507211538461538,2,1.0,1.0,0.0
136,438400,-858.0426750183105,-8.580426473617553,-858.0426750183105,-8.580426473617553,0.0,858.0426750183105,8.580426473617553,-26.371049880981445,-0.2637103652954096,4.060159742832184,0.0,0.0,nan,nan,nan,nan,nan,nan,nan,nan,nan,nan,4384,-0.0009424250434211245,0.011714854650199414,1.445217525959015,-0.006702322885394097,0.03531705215573311,0.03531705215573311,0.0624182041734457,0.0020588990046245094,0.01304375006002374,0.7347337603569031,1.0,0.00803846153846154,0.0005496153846153846,2,1.0,1.0,0.0
137,441600,-758.7438297271729,-7.587438135147095,-758.7438297271729,-7.587438135147095,0.0,758.7438297271729,7.587438135147095,72.92779541015625,0.7292779731750487,4.129848456382751,0.0,0.0,nan,nan,nan,nan,nan,nan,nan,nan,nan,nan,4416,-0.0013659423251170643,0.010780345927923918,1.449467933177948,-0.007606356171891093,0.045371105521917345,0.045371105521917345,0.05539773479104042,0.002142970727437533,0.015762500304845162,0.7305296659469604,1.0,0.008024038461538461,0.0005485096153846154,2,1.0,1.0,0.0
138,444800,-748.5215520858765,-7.485215525627137,-748.5215520858765,-7.485215525627137,0.0,748.5215520858765,7.485215525627137,83.15007305145264,0.831500582695007,4.064291718006134,0.0,0.0,nan,nan,nan,nan,nan,nan,nan,nan,nan,nan,4448,-0.0013128374512772823,0.009880980150774122,1.46742182970047,-0.008125831792131066,0.04148481301963329,0.04148481301963329,0.0579534824937582,0.0019406648112644596,0.0128687497403007,0.8176244497299194,1.0,0.008009615384615384,0.0005474038461538461,2,1.0,1.0,0.0
139,448000,-826.9072732925415,-8.269072828292847,-826.9072732925415,-8.269072828292847,0.0,826.9072732925415,8.269072828292847,4.764351844787598,0.04764328002929652,3.4897059559822083,0.0,0.0,nan,nan,nan,nan,nan,nan,nan,nan,nan,nan,4480,-0.0009009670239087608,0.013725215941667557,1.481331479549408,-0.0058818886056542395,0.04241292104125023,0.04241292104125023,0.057676082476973534,0.0017152955326318682,0.008212499984074384,0.6553800702095032,1.0,0.007995192307692307,0.0005462980769230769,2,1.0,1.0,0.0
140,451200,-779.7176132202148,-7.797175807952881,-779.7176132202148,-7.797175807952881,0.0,779.7176132202148,7.797175807952881,51.95401191711426,0.5195403003692629,4.297795958518982,0.0,0.0,-510.9456548690796,-5.109456548690796,-510.9456548690796,-5.109456548690796,100.0,3.3151851439476014,0.0,0.0,510.9456548690796,-13.618557453155518,4512,-0.0008307754718465787,0.01408830089494586,1.4908743858337403,-0.005684949923306704,0.033601976558566095,0.033601976558566095,0.05913721360266209,0.001175121648703607,0.004315624988521449,0.5650219321250916,1.0,0.00798076923076923,0.0005451923076923077,2,1.0,1.0,0.0
141,454400,-868.9323139190674,-8.689323062896728,-868.9323139190674,-8.689323062896728,0.0,868.9323139190674,8.689323062896728,-37.26068878173828,-0.37260695457458404,4.452794971466065,0.0,0.0,nan,nan,nan,nan,nan,nan,nan,nan,nan,nan,4544,-0.0009972709460184248,0.017520122323185207,1.497029721736908,-0.004163066577166319,0.04537414088845253,0.04537414088845253,0.07143527269363403,0.0020291271292088705,0.015384375162830111,0.580382227897644,1.0,0.007966346153846154,0.0005440865384615384,2,1.0,1.0,0.0
142,457600,-782.0678825378418,-7.820678858757019,-782.0678825378418,-7.820678858757019,0.0,782.0678825378418,7.820678858757019,49.603742599487305,0.4960372495651244,3.8617764925956726,0.0,0.0,nan,nan,nan,nan,nan,nan,nan,nan,nan,nan,4576,-0.0015741532541696302,0.014187070913612843,1.4943768978118896,-0.006363787362352014,0.05366770699620247,0.05366770699620247,0.06312818601727485,0.0022890809632380147,0.015918749954289525,0.6850123405456543,1.0,0.007951923076923077,0.0005429807692307692,2,1.0,1.0,0.0
143,460800,-814.714430809021,-8.147144289016724,-814.714430809021,-8.147144289016724,0.0,814.714430809021,8.147144289016724,16.957194328308105,0.16957181930541942,4.280315232276917,0.0,0.0,nan,nan,nan,nan,nan,nan,nan,nan,nan,nan,4608,-0.0010591018697363452,0.015399540308862925,1.4957512140274047,-0.005231857439503074,0.03988448977470398,0.03988448977470398,0.06494167670607567,0.0029706536603052213,0.019203125295462087,0.6021425127983093,1.0,0.0079375,0.000541875,2,1.0,1.0,0.0
144,464000,-834.8888530731201,-8.348888320922851,-834.8888530731201,-8.348888320922851,0.0,834.8888530731201,8.348888320922851,-3.2172279357910156,-0.032172212600707795,4.7080140209198,0.0,0.0,nan,nan,nan,nan,nan,nan,nan,nan,nan,nan,4640,-0.0014322115003596813,0.01862918110564351,1.504350972175598,-0.0040367093402892355,0.039840008690953256,0.039840008690953256,0.06379512622952462,0.0016780126810779776,0.008506249976926483,0.56563401222229,1.0,0.007923076923076923,0.0005407692307692307,2,1.0,1.0,0.0
145,467200,-884.9702644348145,-8.849702911376953,-884.9702644348145,-8.849702911376953,0.0,884.9702644348145,8.849702911376953,-53.29863929748535,-0.5329868030548095,5.043667593002319,0.0,0.0,nan,nan,nan,nan,nan,nan,nan,nan,nan,nan,4672,-0.0012214678175747728,0.014829215407371522,1.5000470757484436,-0.005670212535187602,0.04541476778686047,0.04541476778686047,0.05624633654952049,0.0024095405649867127,0.014056249748318806,0.7791240215301514,1.0,0.007908653846153847,0.0005396634615384615,2,1.0,1.0,0.0
146,470400,-840.5849952697754,-8.405849952697753,-840.5849952697754,-8.405849952697753,0.0,840.5849952697754,8.405849952697753,-8.913370132446289,-0.08913384437560978,4.247914643287658,0.0,0.0,nan,nan,nan,nan,nan,nan,nan,nan,nan,nan,4704,-0.0011525506710284184,0.012531016767024995,1.5008191108703612,-0.006734855053946376,0.03485431037843227,0.03485431037843227,0.05918251238763332,0.002478474305827076,0.015037500101607293,0.6456077098846436,1.0,0.00789423076923077,0.0005385576923076923,2,1.0,1.0,0.0
147,473600,-735.8734159469604,-7.358734083175659,-735.8734159469604,-7.358734083175659,0.0,735.8734159469604,7.358734083175659,95.79820919036865,0.9579820251464843,4.007058446407318,0.0,0.0,nan,nan,nan,nan,nan,nan,nan,nan,nan,nan,4736,-0.001339718818361746,0.015371172223240137,1.4815175175666808,-0.005328205693513155,0.03812767006456852,0.03812767006456852,0.07054650150239468,0.001867251762087948,0.014412500085381908,0.7260171175003052,1.0,0.007879807692307693,0.000537451923076923,2,1.0,1.0,0.0
148,476800,-741.5735321044922,-7.415735301971435,-741.5735321044922,-7.415735301971435,0.0,741.5735321044922,7.415735301971435,90.09809303283691,0.9009808063507085,3.178028984069824,0.0,0.0,nan,nan,nan,nan,nan,nan,nan,nan,nan,nan,4768,-0.0008779322414541824,0.014394934568554164,1.5055047273635864,-0.005521838134154677,0.02752528991550207,0.02752528991550207,0.052685228362679484,0.0013804937054382276,0.00685000003722962,0.6833769083023071,1.0,0.007865384615384614,0.0005363461538461539,2,1.0,1.0,0.0
149,480000,-891.5399122238159,-8.915398960113526,-891.5399122238159,-8.915398960113526,0.0,891.5399122238159,8.915398960113526,-59.868287086486816,-0.5986828517913825,4.759221496582032,0.0,0.0,nan,nan,nan,nan,nan,nan,nan,nan,nan,nan,4800,-0.0013232518001226267,0.022096771001815795,1.5128467679023743,-0.0021521682851016522,0.044738128781318665,0.044738128781318665,0.0685082271695137,0.001509511188852097,0.009371874909265897,0.6151556968688965,1.0,0.00785096153846154,0.0005352403846153847,2,1.0,1.0,0.0
150,483200,-836.3083257675171,-8.36308300971985,-836.3083257675171,-8.36308300971985,0.0,836.3083257675171,8.36308300971985,-4.636700630187988,-0.04636690139770572,4.378200173377991,0.0,0.0,nan,nan,nan,nan,nan,nan,nan,nan,nan,nan,4832,-0.0011177580388321395,0.01847793897613883,1.5193348288536073,-0.0037851144094020127,0.03538389652967453,0.03538389652967453,0.06687216497957707,0.0015326633430967286,0.009049999850685709,0.5271649360656738,1.0,0.00783653846153846,0.0005341346153846154,2,1.0,1.0,0.0
151,486400,-769.7029523849487,-7.697029538154602,-769.7029523849487,-7.697029538154602,0.0,769.7029523849487,7.697029538154602,61.96867275238037,0.6196865701675414,4.065047204494476,0.0,0.0,nan,nan,nan,nan,nan,nan,nan,nan,nan,nan,4864,-0.001240721193188765,0.01432691877707839,1.5040873527526855,-0.005842405837029219,0.038976003974676134,0.038976003974676134,0.058547576889395714,0.0017810153462058948,0.009015625083702617,0.6958035230636597,1.0,0.007822115384615384,0.0005330288461538462,2,1.0,1.0,0.0
152,489600,-788.8300113677979,-7.888300104141235,-788.8300113677979,-7.888300104141235,0.0,788.8300113677979,7.888300104141235,42.84161376953125,0.4284160041809084,3.8672662472724912,0.0,0.0,nan,nan,nan,nan,nan,nan,nan,nan,nan,nan,4896,-0.0012131460069445764,0.008525111200287937,1.490638291835785,-0.008589035971090198,0.04070944562554359,0.04070944562554359,0.04390694610774517,0.0020818757911919943,0.014162499838857912,0.8475362062454224,1.0,0.007807692307692307,0.000531923076923077,2,1.0,1.0,0.0
153,492800,-862.8424377441406,-8.62842438697815,-862.8424377441406,-8.62842438697815,0.0,862.8424377441406,8.62842438697815,-31.170812606811523,-0.31170827865600614,4.7954154253005985,0.0,0.0,nan,nan,nan,nan,nan,nan,nan,nan,nan,nan,4928,-0.0009668306413399108,0.013088889513164758,1.500502336025238,-0.0061162043362855915,0.035519158095121385,0.035519158095121385,0.05375088714063168,0.0015205662457455633,0.007890625088475645,0.6629617214202881,1.0,0.00779326923076923,0.0005308173076923077,2,1.0,1.0,0.0
154,496000,-765.8095941543579,-7.658096089363098,-765.8095941543579,-7.658096089363098,0.0,765.8095941543579,7.658096089363098,65.86203098297119,0.6586200189590459,3.7764786744117735,0.0,0.0,nan,nan,nan,nan,nan,nan,nan,nan,nan,nan,4960,-0.0009404558455512913,0.01783761763945222,1.5021113991737365,-0.003706340678036213,0.03164461459964514,0.03164461459964514,0.060633405297994616,0.0014085452417938365,0.004315624967421172,0.6905882358551025,1.0,0.0077788461538461535,0.0005297115384615385,2,1.0,1.0,0.0
155,499200,-813.6085224151611,-8.13608567237854,-813.6085224151611,-8.13608567237854,0.0,813.6085224151611,8.13608567237854,18.06310272216797,0.18063043594360373,4.126497797966003,0.0,0.0,nan,nan,nan,nan,nan,nan,nan,nan,nan,nan,4992,-0.001408963124523943,0.014278276078402995,1.5159581780433655,-0.006040365993976593,0.042819930240511894,0.042819930240511894,0.055864452570676806,0.0017131422497194536,0.009465624869335443,0.6319499015808105,1.0,0.007764423076923077,0.0005286057692307693,2,1.0,1.0,0.0
156,502400,-740.5781936645508,-7.405781726837159,-740.5781936645508,-7.405781726837159,0.0,740.5781936645508,7.405781726837159,91.09343147277832,0.9109343814849851,3.7019849109649656,0.0,0.0,nan,nan,nan,nan,nan,nan,nan,nan,nan,nan,5024,-0.0014337966371211763,0.00876266867853701,1.5284019470214845,-0.008897577039897442,0.04306977391242981,0.04306977391242981,0.041306795179843904,0.002779988481780362,0.020553124696016313,0.7745000123977661,1.0,0.00775,0.0005275,2,1.0,1.0,0.0
157,505600,-768.8261976242065,-7.688262405395508,-768.8261976242065,-7.688262405395508,0.0,768.8261976242065,7.688262405395508,62.84542751312256,0.6284537029266355,3.8719064354896546,0.0,0.0,nan,nan,nan,nan,nan,nan,nan,nan,nan,nan,5056,-0.0012750573932775566,0.008501888159662485,1.5121781468391418,-0.008721683640033007,0.0373584158718586,0.0373584158718586,0.03862006589770317,0.002713104509894885,0.015203125076368451,0.8467763662338257,1.0,0.007735576923076923,0.0005263942307692308,2,1.0,1.0,0.0
158,508800,-871.1753301620483,-8.711753749847412,-871.1753301620483,-8.711753749847412,0.0,871.1753301620483,8.711753749847412,-39.50370502471924,-0.39503764152526877,3.728470823764801,0.0,0.0,nan,nan,nan,nan,nan,nan,nan,nan,nan,nan,5088,-0.0015046775837312509,0.018231535330414772,1.51585191488266,-0.004093036102131009,0.049832862615585324,0.049832862615585324,0.05935514979064464,0.002894049438328608,0.021484374595456757,0.6652265787124634,1.0,0.007721153846153846,0.0005252884615384616,2,1.0,1.0,0.0
159,512000,-897.6582651138306,-8.976582870483398,-897.6582651138306,-8.976582870483398,0.0,897.6582651138306,8.976582870483398,-65.98663997650146,-0.6598667621612542,4.716370277404785,0.0,0.0,nan,nan,nan,nan,nan,nan,nan,nan,nan,nan,5120,-0.0010219098255882298,0.0164931682869792,1.5170498728752135,-0.004466820321977138,0.03417627159506083,0.03417627159506083,0.06637161001563072,0.001361920979253111,0.005703125015133992,0.6346038579940796,1.0,0.0077067307692307695,0.0005241826923076923,2,1.0,1.0,0.0
160,515200,-818.7166457176208,-8.187166118621827,-818.7166457176208,-8.187166118621827,0.0,818.7166457176208,8.187166118621827,12.954979419708252,0.12954998970031717,3.905688817501068,0.0,0.0,-515.7289659976959,-5.157289659976959,-515.7289659976959,-5.157289659976959,100.0,3.267056183218956,0.0,0.0,515.7289659976959,-18.40186858177185,5152,-0.0012368254486966157,0.017335024755448104,1.5228901386260987,-0.004283852782100439,0.0457312036305666,0.0457312036305666,0.059176428616046904,0.0014719205522859646,0.007299999997485429,0.6110438108444214,1.0,0.007692307692307693,0.0005230769230769231,2,1.0,1.0,0.0
161,518400,-806.9892778396606,-8.069892435073852,-806.9892778396606,-8.069892435073852,0.0,806.9892778396606,8.069892435073852,24.682347297668457,0.2468236732482918,3.9701347279548647,0.0,0.0,nan,nan,nan,nan,nan,nan,nan,nan,nan,nan,5184,-0.0013399021431105052,0.020606798678636552,1.5236584663391113,-0.0027349770069122316,0.04827472493052483,0.04827472493052483,0.06982463262975216,0.001905973609974268,0.011068749928381295,0.40406036376953125,1.0,0.007677884615384615,0.0005219711538461539,2,1.0,1.0,0.0
162,521600,-758.2029395103455,-7.582029557228088,-758.2029395103455,-7.582029557228088,0.0,758.2029395103455,7.582029557228088,73.46868562698364,0.7346865510940557,3.6808595061302185,0.0,0.0,nan,nan,nan,nan,nan,nan,nan,nan,nan,nan,5216,-0.0010554253765498345,0.014376028068363666,1.5361414790153503,-0.005639572348445654,0.037468156591057775,0.037468156591057775,0.060867391526699066,0.001805232602056002,0.008981250016950071,0.6581642627716064,1.0,0.007663461538461538,0.0005208653846153846,2,1.0,1.0,0.0
163,524800,-820.8871335983276,-8.208871793746948,-820.8871335983276,-8.208871793746948,0.0,820.8871335983276,8.208871793746948,10.784491539001465,0.10784431457519617,4.721573514938354,0.0,0.0,nan,nan,nan,nan,nan,nan,nan,nan,nan,nan,5248,-0.0016783752217772508,0.014492909424006939,1.534167718887329,-0.006166828237473965,0.06209772527217865,0.06209772527217865,0.05298480652272701,0.0025708095352464035,0.023849999520462007,0.6539124846458435,1.0,0.0076490384615384615,0.0005197596153846154,2,1.0,1.0,0.0
164,528000,-904.9431819915771,-9.049431867599488,-904.9431819915771,-9.049431867599488,0.0,904.9431819915771,9.049431867599488,-73.27155685424805,-0.7327157592773439,4.656483879089356,0.0,0.0,nan,nan,nan,nan,nan,nan,nan,nan,nan,nan,5280,-0.0016424282601104068,0.015821057744324206,1.5357750415802003,-0.00545695130713284,0.05040014833211899,0.05040014833211899,0.05603806152939796,0.002946564831655345,0.01775937507627532,0.5818052291870117,1.0,0.007634615384615385,0.0005186538461538462,2,1.0,1.0,0.0
165,531200,-793.3410654067993,-7.933410906791687,-793.3410654067993,-7.933410906791687,0.0,793.3410654067993,7.933410906791687,38.330559730529785,0.38330520153045633,3.9684409952163695,0.0,0.0,nan,nan,nan,nan,nan,nan,nan,nan,nan,nan,5312,-0.0011643032783061002,0.01211206465959549,1.5298874258995057,-0.006766307167708874,0.042847917042672636,0.042847917042672636,0.05148491784930229,0.0020457644583083993,0.01334999981772853,0.6906318664550781,1.0,0.007620192307692307,0.0005175480769230769,2,1.0,1.0,0.0
166,534400,-796.2538967132568,-7.962538943290711,-796.2538967132568,-7.962538943290711,0.0,796.2538967132568,7.962538943290711,35.417728424072266,0.35417716503143293,4.063392376899719,0.0,0.0,nan,nan,nan,nan,nan,nan,nan,nan,nan,nan,5344,-0.0012596984694246416,0.012705753091722727,1.5171945214271545,-0.006446253322064876,0.043712941184639934,0.043712941184639934,0.04763548001646996,0.0022097932334881453,0.010509374830871821,0.7579440474510193,1.0,0.00760576923076923,0.0005164423076923077,2,1.0,1.0,0.0
167,537600,-783.2557048797607,-7.83255708694458,-783.2557048797607,-7.83255708694458,0.0,783.2557048797607,7.83255708694458,48.41592025756836,0.4841590213775637,3.5446770429611205,0.0,0.0,nan,nan,nan,nan,nan,nan,nan,nan,nan,nan,5376,-0.0012446801281068565,0.01924145417287946,1.5211483478546142,-0.0031715169083327056,0.03886702731251716,0.03886702731251716,0.060124204680323604,0.002169380326814468,0.014675000100396574,0.4881564974784851,1.0,0.007591346153846153,0.0005153365384615385,2,1.0,1.0,0.0
168,540800,-780.952714920044,-7.809527406692505,-780.952714920044,-7.809527406692505,0.0,780.952714920044,7.809527406692505,50.718910217285156,0.507188701629639,4.179335079193115,0.0,0.0,nan,nan,nan,nan,nan,nan,nan,nan,nan,nan,5408,-0.0010935457893472389,0.008231847127899528,1.5206073999404908,-0.008499147230759263,0.03793093524873257,0.03793093524873257,0.04426502753049135,0.0017587575937804815,0.009871875040698797,0.7632879614830017,1.0,0.007576923076923077,0.0005142307692307692,2,1.0,1.0,0.0
169,544000,-824.4079093933105,-8.24407875061035,-824.4079093933105,-8.24407875061035,0.0,824.4079093933105,8.24407875061035,7.263715744018555,0.07263735771179292,4.09374397277832,0.0,0.0,nan,nan,nan,nan,nan,nan,nan,nan,nan,nan,5440,-0.0011125520265137356,0.007664028275758028,1.5316102981567383,-0.008863340690732002,0.03526609875261784,0.03526609875261784,0.03966154884546995,0.0011453537146744104,0.003975000011269003,0.8396652936935425,1.0,0.0075625,0.000513125,2,1.0,1.0,0.0
170,547200,-818.1297492980957,-8.18129780769348,-818.1297492980957,-8.18129780769348,0.0,818.1297492980957,8.18129780769348,13.541875839233398,0.1354183006286629,4.529668107032776,0.0,0.0,nan,nan,nan,nan,nan,nan,nan,nan,nan,nan,5472,-0.0015042938183876587,0.013075409550219774,1.5337159037590027,-0.006543194875121117,0.04626737758517265,0.04626737758517265,0.05019569210708141,0.0026828475587544346,0.020493749622255565,0.6221431493759155,1.0,0.007548076923076923,0.0005120192307692308,2,1.0,1.0,0.0
171,550400,-862.3805980682373,-8.623806219100953,-862.3805980682373,-8.623806219100953,0.0,862.3805980682373,8.623806219100953,-30.708972930908203,-0.3070901107788089,5.154239053726196,0.0,0.0,nan,nan,nan,nan,nan,nan,nan,nan,nan,nan,5504,-0.001092911025212384,0.028315550833940505,1.5331338405609132,0.0015147652477025986,0.03882105425000191,0.03882105425000191,0.07103687562048436,0.001885985660920543,0.00897812491748482,0.24736976623535156,1.0,0.007533653846153846,0.0005109134615384615,2,1.0,1.0,0.0
172,553600,-800.588942527771,-8.005889272689819,-800.588942527771,-8.005889272689819,0.0,800.588942527771,8.005889272689819,31.082682609558105,0.3108268356323247,4.249159412384033,0.0,0.0,nan,nan,nan,nan,nan,nan,nan,nan,nan,nan,5536,-0.0011091919310099562,0.01901361020281911,1.5220807313919067,-0.003047263203188777,0.04596669152379036,0.04596669152379036,0.05887596346437931,0.002039200039144795,0.013115625140926568,0.5725767016410828,1.0,0.007519230769230769,0.0005098076923076923,2,1.0,1.0,0.0
173,556800,-867.588020324707,-8.675880279541015,-867.588020324707,-8.675880279541015,0.0,867.588020324707,8.675880279541015,-35.91639518737793,-0.3591641712188718,4.392134017944336,0.0,0.0,nan,nan,nan,nan,nan,nan,nan,nan,nan,nan,5568,-0.002203404844785073,0.01871794369071722,1.5313663601875305,-0.004337043408304453,0.06542548835277558,0.06542548835277558,0.05649838708341122,0.003489034264931397,0.027662500424776228,0.6322909593582153,1.0,0.007504807692307693,0.0005087019230769231,2,1.0,1.0,0.0
174,560000,-833.8684692382812,-8.33868480682373,-833.8684692382812,-8.33868480682373,0.0,833.8684692382812,8.33868480682373,-2.1968441009521484,-0.02196869850158656,4.149696102142334,0.0,0.0,nan,nan,nan,nan,nan,nan,nan,nan,nan,nan,5600,-0.0009491220147814783,0.01946393521502614,1.5147657513618469,-0.0025633322075009346,0.03993096295744181,0.03993096295744181,0.061652368679642675,0.001846906876745343,0.011537499880068936,0.5255367755889893,1.0,0.007490384615384616,0.0005075961538461538,2,1.0,1.0,0.0
175,563200,-846.2599906921387,-8.462599506378174,-846.2599906921387,-8.462599506378174,0.0,846.2599906921387,8.462599506378174,-14.58836555480957,-0.14588339805603034,4.346459736824036,0.0,0.0,nan,nan,nan,nan,nan,nan,nan,nan,nan,nan,5632,-0.0011954217671183876,0.02129584364593029,1.500031590461731,-0.001761678420007229,0.04002833887934685,0.04002833887934685,0.06265553683042527,0.0014981587191877901,0.011656250071246177,0.5734345316886902,1.0,0.007475961538461539,0.0005064903846153846,2,1.0,1.0,0.0
176,566400,-838.1499290466309,-8.381499242782592,-838.1499290466309,-8.381499242782592,0.0,838.1499290466309,8.381499242782592,-6.478303909301758,-0.06478313446044837,4.231462240219116,0.0,0.0,nan,nan,nan,nan,nan,nan,nan,nan,nan,nan,5664,-0.0015853755182819395,0.009917016141116619,1.5050317525863648,-0.007856719754636287,0.048830801621079445,0.048830801621079445,0.04234923012554646,0.0023074379307227305,0.01669375008750649,0.7775945663452148,1.0,0.007461538461538461,0.0005053846153846154,2,1.0,1.0,0.0
177,569600,-800.6954145431519,-8.006954321861267,-800.6954145431519,-8.006954321861267,0.0,800.6954145431519,8.006954321861267,30.976210594177246,0.3097617864608768,3.9518014883995054,0.0,0.0,nan,nan,nan,nan,nan,nan,nan,nan,nan,nan,5696,-0.0016601340947090648,0.019502935465425253,1.512550663948059,-0.0031728063244372607,0.05715141221880913,0.05715141221880913,0.05526476912200451,0.0028129185855516126,0.0225124996737577,0.6156584024429321,1.0,0.0074471153846153845,0.0005042788461538461,2,1.0,1.0,0.0
178,572800,-877.4582424163818,-8.77458233833313,-877.4582424163818,-8.77458233833313,0.0,877.4582424163818,8.77458233833313,-45.786617279052734,-0.4578662300109855,4.118121333122254,0.0,0.0,nan,nan,nan,nan,nan,nan,nan,nan,nan,nan,5728,-0.0009005321106407393,0.021486749220639468,1.5142665147781371,-0.0014122345019131899,0.03394696302711964,0.03394696302711964,0.06735923402011394,0.0009751342193349254,0.0026125000262254617,0.4759328365325928,1.0,0.007432692307692308,0.000503173076923077,2,1.0,1.0,0.0
179,576000,-777.1716365814209,-7.771716451644897,-777.1716365814209,-7.771716451644897,0.0,777.1716365814209,7.771716451644897,54.4999885559082,0.5449996566772466,4.095326900482178,0.0,0.0,nan,nan,nan,nan,nan,nan,nan,nan,nan,nan,5760,-0.0014398381259002947,0.012929429579526187,1.5174947023391723,-0.006232307711616159,0.04510229416191578,0.04510229416191578,0.04755156971514225,0.001503459783635698,0.009884374673129059,0.7344956398010254,1.0,0.007418269230769231,0.0005020673076923078,2,1.0,1.0,0.0
180,579200,-897.8093709945679,-8.978093461990357,-897.8093709945679,-8.978093461990357,0.0,897.8093709945679,8.978093461990357,-66.13774585723877,-0.6613773536682128,5.160144338607788,0.0,0.0,-559.3316566944122,-5.5933165669441225,-559.3316566944122,-5.5933165669441225,100.0,3.2903224456310274,0.0,0.0,559.3316566944122,-62.00455927848816,5792,-0.0012627242263523186,0.0174223517999053,1.5338649153709412,-0.00390804847702384,0.04090041145682335,0.04090041145682335,0.05847699157893658,0.0014719183614951366,0.0058343749464256685,0.6571580171585083,1.0,0.007403846153846154,0.0005009615384615384,2,1.0,1.0,0.0
181,582400,-758.5490427017212,-7.585490436553955,-758.5490427017212,-7.585490436553955,0.0,758.5490427017212,7.585490436553955,73.12258243560791,0.7312256717681889,3.603877508640289,0.0,0.0,nan,nan,nan,nan,nan,nan,nan,nan,nan,nan,5824,-0.0013536954001992286,0.012714790645986795,1.5321346998214722,-0.006317891366779804,0.04525864720344543,0.04525864720344543,0.046750642359256744,0.0019689575216043425,0.01456250004011963,0.7358020544052124,1.0,0.007389423076923076,0.0004998557692307693,2,1.0,1.0,0.0
182,585600,-917.4684858322144,-9.174684734344483,-917.4684858322144,-9.174684734344483,0.0,917.4684858322144,9.174684734344483,-85.79686069488525,-0.8579686260223394,4.730009727478027,0.0,0.0,nan,nan,nan,nan,nan,nan,nan,nan,nan,nan,5856,-0.0012234254984068826,0.02142035262659192,1.5387735247612,-0.0018617040943354369,0.039940962195396425,0.039940962195396425,0.06368918977677822,0.0016940531961162793,0.008881249843398109,0.47291117906570435,1.0,0.007375,0.00049875,2,1.0,1.0,0.0
183,588800,-795.728572845459,-7.957286124229431,-795.728572845459,-7.957286124229431,0.0,795.728572845459,7.957286124229431,35.94305229187012,0.35942998409271265,3.9282575678825378,0.0,0.0,nan,nan,nan,nan,nan,nan,nan,nan,nan,nan,5888,-0.0015374184034648408,0.014719548914581538,1.5249768257141114,-0.00540235354565084,0.05160567760467529,0.05160567760467529,0.05243516862392426,0.0016120373227760027,0.013506249914644285,0.5399162769317627,1.0,0.007360576923076923,0.0004976442307692308,2,1.0,1.0,0.0
184,592000,-828.5358953475952,-8.285358991622925,-828.5358953475952,-8.285358991622925,0.0,828.5358953475952,8.285358991622925,3.1357297897338867,0.031357116699219034,4.0152066969871525,0.0,0.0,nan,nan,nan,nan,nan,nan,nan,nan,nan,nan,5920,-0.0013725895317387327,0.02102537201717496,1.5254738330841064,-0.0020662687253206967,0.04491708353161812,0.04491708353161812,0.06144263967871666,0.002184420866252336,0.010396875102742342,0.5266696810722351,1.0,0.007346153846153846,0.0004965384615384616,2,1.0,1.0,0.0
185,595200,-807.0770225524902,-8.070770473480225,-807.0770225524902,-8.070770473480225,0.0,807.0770225524902,8.070770473480225,24.594602584838867,0.24594563484191845,3.5728693127632143,0.0,0.0,nan,nan,nan,nan,nan,nan,nan,nan,nan,nan,5952,-0.0013687425685319,0.012034297548234462,1.522999632358551,-0.006517817080020904,0.06361689977347851,0.06361689977347851,0.05051124170422554,0.0022397505614218127,0.016234375280328096,0.5947744846343994,1.0,0.007331730769230769,0.0004954326923076924,2,1.0,1.0,0.0
186,598400,-831.0721521377563,-8.310721502304077,-831.0721521377563,-8.310721502304077,0.0,831.0721521377563,8.310721502304077,0.5994729995727539,0.005994606018067117,3.664226727485657,0.0,0.0,nan,nan,nan,nan,nan,nan,nan,nan,nan,nan,5984,-0.0017296275000786565,0.017300113383680583,1.5173510909080505,-0.004182495549321175,0.04813959747552872,0.04813959747552872,0.055695803463459016,0.0020638825422803118,0.01349687481415458,0.6460723280906677,1.0,0.007317307692307692,0.0004943269230769231,2,1.0,1.0,0.0
187,601600,-802.8733530044556,-8.028733558654785,-802.8733530044556,-8.028733558654785,0.0,802.8733530044556,8.028733558654785,28.798272132873535,0.28798254966735826,3.345914719104767,0.0,0.0,nan,nan,nan,nan,nan,nan,nan,nan,nan,nan,6016,-0.001704671629704535,0.023711114190518856,1.5177233338356018,-0.0009328728076070548,0.04693477228283882,0.04693477228283882,0.06005007736384869,0.0024175609352834583,0.018028125015553086,0.3285910487174988,1.0,0.007302884615384616,0.0004932211538461539,2,1.0,1.0,0.0
188,604800,-804.1600894927979,-8.041600861549377,-804.1600894927979,-8.041600861549377,0.0,804.1600894927979,8.041600861549377,27.51153564453125,0.2751152467727671,4.377406768798828,0.0,0.0,nan,nan,nan,nan,nan,nan,nan,nan,nan,nan,6048,-0.0015600241809385017,0.014412071276456117,1.513939619064331,-0.005388279166072607,0.059255948290228844,0.059255948290228844,0.048518119007349016,0.0024271818154385375,0.022859374806284905,0.7426437139511108,1.0,0.007288461538461539,0.0004921153846153847,2,1.0,1.0,0.0
189,608000,-831.6667537689209,-8.316667432785033,-831.6667537689209,-8.316667432785033,0.0,831.6667537689209,8.316667432785033,0.004871368408203125,4.8675537110298706e-05,4.679382748603821,0.0,0.0,nan,nan,nan,nan,nan,nan,nan,nan,nan,nan,6080,-0.0021859039666596745,0.020236503332853317,1.5250918507575988,-0.003161229472607374,0.07831265032291412,0.07831265032291412,0.061260944604873656,0.003126156486542774,0.029518749979979476,0.4136737585067749,1.0,0.007274038461538462,0.0004910096153846154,2,1.0,1.0,0.0
190,611200,-832.5323781967163,-8.325323829650879,-832.5323781967163,-8.325323829650879,0.0,832.5323781967163,8.325323829650879,-0.860753059387207,-0.008607721328734996,4.59192843914032,0.0,0.0,nan,nan,nan,nan,nan,nan,nan,nan,nan,nan,6112,-0.0013843245463911469,0.012218647357076406,1.5253875851631165,-0.006348727736622095,0.040079766511917116,0.040079766511917116,0.05150015354156494,0.0019981321995156303,0.01031562511343509,0.5617220401763916,1.0,0.007259615384615385,0.0004899038461538462,2,1.0,1.0,0.0
191,614400,-817.3709106445312,-8.173709163665771,-817.3709106445312,-8.173709163665771,0.0,817.3709106445312,8.173709163665771,14.300714492797852,0.14300694465637243,3.9811467242240908,0.0,0.0,nan,nan,nan,nan,nan,nan,nan,nan,nan,nan,6144,-0.0012511951619409933,0.024647286534309386,1.511871349811554,0.00011864951811730861,0.03570017646998167,0.03570017646998167,0.06544392928481102,0.0022806211469297267,0.012684374654782005,0.39864856004714966,1.0,0.0072451923076923075,0.0004887980769230769,2,1.0,1.0,0.0
192,617600,-803.661129951477,-8.036611595153808,-803.661129951477,-8.036611595153808,0.0,803.661129951477,8.036611595153808,28.01049518585205,0.28010451316833596,3.8386632990837097,0.0,0.0,nan,nan,nan,nan,nan,nan,nan,nan,nan,nan,6176,-0.0013745008110010559,0.014006571564823388,1.501240885257721,-0.0052263416349887844,0.038772274181246756,0.038772274181246756,0.04564817734062672,0.001936610110716359,0.012259375106077641,0.7492718696594238,1.0,0.00723076923076923,0.0004876923076923077,2,1.0,1.0,0.0
193,620800,-869.3521537780762,-8.693521518707275,-869.3521537780762,-8.693521518707275,0.0,869.3521537780762,8.693521518707275,-37.68052864074707,-0.37680541038513127,4.355971240997315,0.0,0.0,nan,nan,nan,nan,nan,nan,nan,nan,nan,nan,6208,-0.001510934548173104,0.021837013959884643,1.499156153202057,-0.0014108571223914624,0.04784125909209251,0.04784125909209251,0.06468063704669476,0.0018134556285087505,0.011631249892525375,0.4227907061576843,1.0,0.007216346153846153,0.0004865865384615385,2,1.0,1.0,0.0
194,624000,-867.6681432723999,-8.676681756973267,-867.6681432723999,-8.676681756973267,0.0,867.6681432723999,8.676681756973267,-35.9965181350708,-0.3599656486511229,4.5120094871521,0.0,0.0,nan,nan,nan,nan,nan,nan,nan,nan,nan,nan,6240,-0.001293367780046495,0.01482626935467124,1.496034812927246,-0.0046545607969164845,0.04372058883309364,0.04372058883309364,0.054575598984956744,0.0018561858720215734,0.011715625167562393,0.6371199488639832,1.0,0.007201923076923076,0.0004854807692307692,2,1.0,1.0,0.0
195,627200,-849.7620801925659,-8.49762041091919,-849.7620801925659,-8.49762041091919,0.0,849.7620801925659,8.49762041091919,-18.090455055236816,-0.18090430259704604,3.926981647014618,0.0,0.0,nan,nan,nan,nan,nan,nan,nan,nan,nan,nan,6272,-0.0014173566287383644,0.018607214838266373,1.4904539346694947,-0.0028263870626688004,0.04333555214107036,0.04333555214107036,0.05968417525291443,0.0025173510170144768,0.02064062491408549,0.6075643301010132,1.0,0.0071874999999999994,0.000484375,2,1.0,1.0,0.0
196,630400,-805.6196346282959,-8.05619644165039,-805.6196346282959,-8.05619644165039,0.0,805.6196346282959,8.05619644165039,26.051990509033203,0.26051966667175286,3.6231123852729796,0.0,0.0,nan,nan,nan,nan,nan,nan,nan,nan,nan,nan,6304,-0.00137931292436555,0.015283306874334813,1.4935577154159545,-0.004451063647866249,0.048266056925058365,0.048266056925058365,0.04929170608520508,0.002118624495779965,0.01684375008881034,0.683856189250946,1.0,0.007173076923076923,0.0004832692307692308,2,1.0,1.0,0.0
197,633600,-893.444242477417,-8.934442205429077,-893.444242477417,-8.934442205429077,0.0,893.444242477417,8.934442205429077,-61.77261734008789,-0.6177260971069334,4.943004941940307,0.0,0.0,nan,nan,nan,nan,nan,nan,nan,nan,nan,nan,6336,-0.0012094852271955503,0.01832213383167982,1.4829336881637574,-0.00266422713175416,0.03984521832317114,0.03984521832317114,0.05919870287179947,0.002454302566185183,0.024978124932385982,0.6449023485183716,1.0,0.007158653846153846,0.00048216346153846155,2,1.0,1.0,0.0
198,636800,-860.7644939422607,-8.607644939422608,-860.7644939422607,-8.607644939422608,0.0,860.7644939422607,8.607644939422608,-29.09286880493164,-0.2909288311004641,4.815398931503296,0.0,0.0,nan,nan,nan,nan,nan,nan,nan,nan,nan,nan,6368,-0.0015368348394520837,0.03043765779584646,1.4868289232254028,0.0030597450211644174,0.04765478260815144,0.04765478260815144,0.07793021462857723,0.002223247571238177,0.01673437494318932,0.4173644781112671,1.0,0.007144230769230769,0.0004810576923076923,2,1.0,1.0,0.0
199,640000,-809.310468673706,-8.093104982376099,-809.310468673706,-8.093104982376099,0.0,809.310468673706,8.093104982376099,22.361156463623047,0.2236111259460447,4.142532873153686,0.0,0.0,nan,nan,nan,nan,nan,nan,nan,nan,nan,nan,6400,-0.001253971258248221,0.013837914448231459,1.5114811420440675,-0.005111583555117249,0.05191907063126564,0.05191907063126564,0.04432594180107117,0.0016495966039665282,0.011956249874492642,0.6843908429145813,1.0,0.007129807692307692,0.0004799519230769231,2,1.0,1.0,0.0
200,643200,-864.7400054931641,-8.64739984512329,-864.7400054931641,-8.64739984512329,0.0,864.7400054931641,8.64739984512329,-33.06838035583496,-0.3306837368011468,4.688193650245666,0.0,0.0,-592.4164459705353,-5.924164459705353,-592.4164459705353,-5.924164459705353,100.0,3.8885027289390566,0.0,0.0,592.4164459705353,-95.0893485546112,6432,-0.0011153228826296768,0.01382869454100728,1.5142706632614136,-0.004975593741983175,0.044155758991837504,0.044155758991837504,0.04626587107777595,0.0015090491811870267,0.012218750279862434,0.7268399000167847,1.0,0.007115384615384615,0.0004788461538461538,2,1.0,1.0,0.0
201,646400,-796.0003824234009,-7.960003957748413,-796.0003824234009,-7.960003957748413,0.0,796.0003824234009,7.960003957748413,35.67124271392822,0.3567121505737303,3.4688380932807923,0.0,0.0,nan,nan,nan,nan,nan,nan,nan,nan,nan,nan,6464,-0.0021024628341663743,0.015856110770255328,1.521171760559082,-0.004976189695298672,0.06090211160480976,0.06090211160480976,0.050456367805600165,0.002247309181257985,0.020262500142416685,0.664501428604126,1.0,0.007100961538461539,0.0004777403846153846,2,1.0,1.0,0.0
202,649600,-768.528130531311,-7.6852816438674925,-768.528130531311,-7.6852816438674925,0.0,768.528130531311,7.6852816438674925,63.143494606018066,0.6314344644546512,3.9877983856201173,0.0,0.0,nan,nan,nan,nan,nan,nan,nan,nan,nan,nan,6496,-0.0010288104353239902,0.015757528971880673,1.5241392970085144,-0.00395091725513339,0.036523569375276566,0.036523569375276566,0.05292584002017975,0.001402281678020679,0.007793750012933742,0.6200222969055176,1.0,0.007086538461538462,0.00047663461538461537,2,1.0,1.0,0.0
203,652800,-772.946494102478,-7.729465222358703,-772.946494102478,-7.729465222358703,0.0,772.946494102478,7.729465222358703,58.725131034851074,0.5872508859634404,4.071726441383362,0.0,0.0,nan,nan,nan,nan,nan,nan,nan,nan,nan,nan,6528,-0.0012191860696416867,0.015047101862728595,1.5228808879852296,-0.004465624550357461,0.043630911782383916,0.043630911782383916,0.05393944755196571,0.0021351981362394937,0.012131249984668102,0.5900552272796631,1.0,0.007072115384615385,0.0004755288461538461,2,1.0,1.0,0.0
204,656000,-822.5390281677246,-8.225390605926513,-822.5390281677246,-8.225390605926513,0.0,822.5390281677246,8.225390605926513,9.132596969604492,0.09132550239563031,4.141683878898621,0.0,0.0,nan,nan,nan,nan,nan,nan,nan,nan,nan,nan,6560,-0.0012354343030368865,0.018704112991690634,1.5290637254714965,-0.0026750391349196433,0.03929133415222168,0.03929133415222168,0.05676845163106918,0.0016905788517769648,0.012171875196509063,0.4754979610443115,1.0,0.007057692307692307,0.0004744230769230769,2,1.0,1.0,0.0
205,659200,-810.4045095443726,-8.104044671058654,-810.4045095443726,-8.104044671058654,0.0,810.4045095443726,8.104044671058654,21.267115592956543,0.2126714372634897,4.04537971496582,0.0,0.0,nan,nan,nan,nan,nan,nan,nan,nan,nan,nan,6592,-0.0011518775349832033,0.018645625468343495,1.5256818771362304,-0.002574853366240859,0.038540441542863846,0.038540441542863846,0.05709022618830204,0.0018264524667765947,0.017862499784678222,0.6633710265159607,1.0,0.0070432692307692306,0.00047331730769230773,2,1.0,1.0,0.0
206,662400,-782.2175092697144,-7.822175226211548,-782.2175092697144,-7.822175226211548,0.0,782.2175092697144,7.822175226211548,49.454115867614746,0.4945408821105959,3.7642816042900087,0.0,0.0,nan,nan,nan,nan,nan,nan,nan,nan,nan,nan,6624,-0.0011410184643464217,0.020665535051375628,1.5270183444023133,-0.0015414278954267503,0.037727147713303565,0.037727147713303565,0.06155455522239208,0.0010419805434148544,0.004806250004912726,0.44710487127304077,1.0,0.007028846153846154,0.0004722115384615385,2,1.0,1.0,0.0
207,665600,-794.3260908126831,-7.9432607269287105,-794.3260908126831,-7.9432607269287105,0.0,794.3260908126831,7.9432607269287105,37.345534324645996,0.37345538139343315,4.014202446937561,0.0,0.0,nan,nan,nan,nan,nan,nan,nan,nan,nan,nan,6656,-0.0008539812149538139,0.015314936265349388,1.5373331546783446,-0.003980018245056271,0.03968118131160736,0.03968118131160736,0.0589263629168272,0.001500905268768242,0.007303124997997656,0.5386568307876587,1.0,0.007014423076923077,0.00047110576923076923,2,1.0,1.0,0.0
208,668800,-798.6076183319092,-7.986076316833496,-798.6076183319092,-7.986076316833496,0.0,798.6076183319092,7.986076316833496,33.06400680541992,0.33063979148864764,3.4976300477981566,0.0,0.0,nan,nan,nan,nan,nan,nan,nan,nan,nan,nan,6688,-0.0013392513338243539,0.01672182520851493,1.5369590520858765,-0.0037370523903518917,0.039318256080150604,0.039318256080150604,0.053258567675948144,0.0015130605643216507,0.008684375034863478,0.5763541460037231,1.0,0.007,0.00047000000000000004,2,1.0,1.0,0.0
209,672000,-755.910737991333,-7.5591074657440185,-755.910737991333,-7.5591074657440185,0.0,755.910737991333,7.5591074657440185,75.7608871459961,0.7576086425781252,4.051937510967255,0.0,0.0,nan,nan,nan,nan,nan,nan,nan,nan,nan,nan,6720,-0.001307830313546532,0.01653175298124552,1.5309711217880249,-0.0037366699893027545,0.0474728673696518,0.0474728673696518,0.054326613619923594,0.0017429822884887133,0.013918749970616772,0.6713860034942627,1.0,0.006985576923076923,0.0004688942307692308,2,1.0,1.0,0.0
210,675200,-808.3719177246094,-8.083718481063842,-808.3719177246094,-8.083718481063842,0.0,808.3719177246094,8.083718481063842,23.299707412719727,0.23299762725830142,4.005182230472565,0.0,0.0,nan,nan,nan,nan,nan,nan,nan,nan,nan,nan,6752,-0.0016410753028001546,0.016068731807172297,1.5430305123329162,-0.004363412503153086,0.04555672034621239,0.04555672034621239,0.0477100495249033,0.0019013960656601779,0.010265625172178262,0.5226044654846191,1.0,0.006971153846153846,0.00046778846153846154,2,1.0,1.0,0.0
211,678400,-816.0921497344971,-8.160921516418457,-816.0921497344971,-8.160921516418457,0.0,816.0921497344971,8.160921516418457,15.579475402832031,0.15579459190368716,4.1453693151474,0.0,0.0,nan,nan,nan,nan,nan,nan,nan,nan,nan,nan,6784,-0.0011751400407636447,0.018284058943390847,1.5423995852470398,-0.002763169491663575,0.04742439761757851,0.04742439761757851,0.059742483869194986,0.002295024230262171,0.016881250162259675,0.3988001346588135,1.0,0.006956730769230769,0.0004666826923076923,2,1.0,1.0,0.0
212,681600,-763.3165335655212,-7.6331655359268185,-763.3165335655212,-7.6331655359268185,0.0,763.3165335655212,7.6331655359268185,68.35509157180786,0.6835505723953252,3.493425498008728,0.0,0.0,nan,nan,nan,nan,nan,nan,nan,nan,nan,nan,6816,-0.0010418481581583095,0.014924989268183707,1.5491604685783387,-0.004334101872518659,0.03373270072042942,0.03373270072042942,0.053312027081847194,0.0011234065405013867,0.006390624952109647,0.5185363292694092,1.0,0.006942307692307692,0.00046557692307692305,2,1.0,1.0,0.0
213,684800,-772.0792798995972,-7.720792651176453,-772.0792798995972,-7.720792651176453,0.0,772.0792798995972,7.720792651176453,59.592345237731934,0.5959234571456911,4.09844934463501,0.0,0.0,nan,nan,nan,nan,nan,nan,nan,nan,nan,nan,6848,-0.0008570195614316489,0.013054016046226025,1.536683452129364,-0.004975977167487144,0.032708714716136456,0.032708714716136456,0.04557690806686878,0.0009407174253291033,0.0029343750724365237,0.696056604385376,1.0,0.006927884615384615,0.00046447115384615385,2,1.0,1.0,0.0
214,688000,-812.4512805938721,-8.124512906074523,-812.4512805938721,-8.124512906074523,0.0,812.4512805938721,8.124512906074523,19.22034454345703,0.19220320224762055,3.607219817638397,0.0,0.0,nan,nan,nan,nan,nan,nan,nan,nan,nan,nan,6880,-0.0015026970657286754,0.014945867471396923,1.5376404166221618,-0.004660181608051062,0.039011701568961145,0.039011701568961145,0.050959155708551404,0.001846329279943251,0.008059375155062299,0.6233790516853333,1.0,0.0069134615384615385,0.0004633653846153846,2,1.0,1.0,0.0
215,691200,-785.4149789810181,-7.854149603843689,-785.4149789810181,-7.854149603843689,0.0,785.4149789810181,7.854149603843689,46.256646156311035,0.4625665044784544,3.9552719163894654,0.0,0.0,nan,nan,nan,nan,nan,nan,nan,nan,nan,nan,6912,-0.0020024580077850017,0.020607358030974864,1.5434237599372864,-0.0023469186387956144,0.06973248161375523,0.06973248161375523,0.0491388738155365,0.002295310935733925,0.019209375124773942,0.5682080984115601,1.0,0.006899038461538462,0.00046225961538461536,2,1.0,1.0,0.0
216,694400,-772.4038400650024,-7.724038634300232,-772.4038400650024,-7.724038634300232,0.0,772.4038400650024,7.724038634300232,59.26778507232666,0.5926774740219116,4.105767364501953,0.0,0.0,nan,nan,nan,nan,nan,nan,nan,nan,nan,nan,6944,-0.0012052994965575437,0.01668890370056033,1.550008511543274,-0.003532060282304883,0.04137568473815918,0.04137568473815918,0.060169662535190585,0.0017513312803210915,0.006256249982106965,0.5071253776550293,1.0,0.006884615384615385,0.00046115384615384616,2,1.0,1.0,0.0
217,697600,-826.0903768539429,-8.260903601646424,-826.0903768539429,-8.260903601646424,0.0,826.0903768539429,8.260903601646424,5.5812482833862305,0.055812506675719575,3.7935161066055296,0.0,0.0,nan,nan,nan,nan,nan,nan,nan,nan,nan,nan,6976,-0.0008052122225520542,0.020453573670238256,1.5598927974700927,-0.0012951892334967853,0.04150426983833313,0.04150426983833313,0.05967524722218513,0.0008440510348016906,0.003237499954047962,0.4240345358848572,1.0,0.006870192307692308,0.00046004807692307697,2,1.0,1.0,0.0
218,700800,-774.9644021987915,-7.7496440839767455,-774.9644021987915,-7.7496440839767455,0.0,774.9644021987915,7.7496440839767455,56.7072229385376,0.5670720243453982,3.854556527137756,0.0,0.0,nan,nan,nan,nan,nan,nan,nan,nan,nan,nan,7008,-0.0007654288150050093,0.013978313282132148,1.5621092200279236,-0.0044857323169708255,0.029035348258912564,0.029035348258912564,0.04661407098174095,0.0009963099899330573,0.0032968750019790605,0.5583776235580444,1.0,0.006855769230769231,0.0004589423076923077,2,1.0,1.0,0.0
219,704000,-767.3781862258911,-7.673781867027283,-767.3781862258911,-7.673781867027283,0.0,767.3781862258911,7.673781867027283,64.29343891143799,0.6429342412948609,3.612733745574951,0.0,0.0,nan,nan,nan,nan,nan,nan,nan,nan,nan,nan,7040,-0.0008694999408442427,0.00796332797035575,1.5643208026885986,-0.007589896209537983,0.029605761170387268,0.029605761170387268,0.037817743606865406,0.0013775356335834466,0.004315624950686469,0.7425511479377747,1.0,0.0068413461538461545,0.00045783653846153847,2,1.0,1.0,0.0
220,707200,-826.2838001251221,-8.26283793449402,-826.2838001251221,-8.26283793449402,0.0,826.2838001251221,8.26283793449402,5.387825012207031,0.05387817382812443,4.607757415771484,0.0,0.0,-460.98934412002563,-4.609893441200256,-460.98934412002563,-4.609893441200256,100.0,2.6786063796281816,0.0,0.0,460.98934412002563,36.33775329589844,7072,-0.0010039747081173277,0.024640773981809617,1.5519039034843445,0.0007216835860162973,0.03231339082121849,0.03231339082121849,0.05821890607476234,0.000733722765290435,0.0012999999715248122,0.49834054708480835,1.0,0.006826923076923076,0.0004567307692307692,2,1.0,1.0,0.0
221,710400,-884.4641246795654,-8.844640941619874,-884.4641246795654,-8.844640941619874,0.0,884.4641246795654,8.844640941619874,-52.79249954223633,-0.52792483329773,4.372954964637756,0.0,0.0,nan,nan,nan,nan,nan,nan,nan,nan,nan,nan,7104,-0.0015340674223786265,0.025116721354424953,1.5435957789421082,0.0005085471551865339,0.04791207388043404,0.04791207388043404,0.06538466736674309,0.0013876554468887283,0.008931250020395964,0.41291624307632446,1.0,0.006812499999999999,0.000455625,2,1.0,1.0,0.0
222,713600,-835.8068180084229,-8.35806830406189,-835.8068180084229,-8.35806830406189,0.0,835.8068180084229,8.35806830406189,-4.13519287109375,-0.04135219573974602,4.904621186256409,0.0,0.0,nan,nan,nan,nan,nan,nan,nan,nan,nan,nan,7136,-0.0010733407331106725,0.029326465167105197,1.5446606993675231,0.0030891695991158486,0.03810761198401451,0.03810761198401451,0.07256508767604827,0.0015233195779736854,0.008087499890825712,0.3367830514907837,1.0,0.006798076923076922,0.0004545192307692308,2,1.0,1.0,0.0
223,716800,-830.7040824890137,-8.307040662765504,-830.7040824890137,-8.307040662765504,0.0,830.7040824890137,8.307040662765504,0.9675426483154297,0.009675445556640128,4.312433085441589,0.0,0.0,nan,nan,nan,nan,nan,nan,nan,nan,nan,nan,7168,-0.0009260752901667502,0.03085123747587204,1.5490427970886231,0.00399137306958437,0.03566988185048103,0.03566988185048103,0.0554640132933855,0.0012449309557276173,0.003765625017695129,0.29140233993530273,1.0,0.0067836538461538455,0.00045341346153846153,2,1.0,1.0,0.0
224,720000,-831.0009393692017,-8.310009307861328,-831.0009393692017,-8.310009307861328,0.0,831.0009393692017,8.310009307861328,0.6706857681274414,0.006706800460815288,3.7855552554130556,0.0,0.0,nan,nan,nan,nan,nan,nan,nan,nan,nan,nan,7200,-0.0008126519238954688,0.03442621026188135,1.552125906944275,0.0058937549591064455,0.03318374827504158,0.03318374827504158,0.062141964584589,0.0010036834359205945,0.002371874998061685,0.3682142496109009,1.0,0.006769230769230769,0.0004523076923076923,2,1.0,1.0,0.0
225,723200,-821.4294862747192,-8.214295225143433,-821.4294862747192,-8.214295225143433,0.0,821.4294862747192,8.214295225143433,10.242138862609863,0.10242088317871101,4.0943320369720455,0.0,0.0,nan,nan,nan,nan,nan,nan,nan,nan,nan,nan,7232,-0.0014117534553515832,0.01966122044250369,1.5518983602523804,-0.0020639181137084963,0.038521125167608264,0.038521125167608264,0.0544663667678833,0.0013980902233022747,0.004715625062817708,0.539962649345398,1.0,0.006754807692307692,0.0004512019230769231,2,1.0,1.0,0.0
226,726400,-816.0055017471313,-8.160055236816406,-816.0055017471313,-8.160055236816406,0.0,816.0055017471313,8.160055236816406,15.666123390197754,0.15666087150573738,3.8036868000030517,0.0,0.0,nan,nan,nan,nan,nan,nan,nan,nan,nan,nan,7264,-0.0013762518504692345,0.016568261291831733,1.5458165407180786,-0.0035115192644298077,0.0586861502379179,0.0586861502379179,0.04756104350090027,0.0022523679988815924,0.011862499930430204,0.49643003940582275,1.0,0.006740384615384615,0.00045009615384615384,2,1.0,1.0,0.0
227,729600,-797.9233207702637,-7.979233145713806,-797.9233207702637,-7.979233145713806,0.0,797.9233207702637,7.979233145713806,33.74830436706543,0.33748296260833754,3.602601797580719,0.0,0.0,nan,nan,nan,nan,nan,nan,nan,nan,nan,nan,7296,-0.0013719430965778655,0.014268255420029163,1.5292885780334473,-0.004523751512169838,0.049897899851202965,0.049897899851202965,0.04777482748031616,0.0023531996826940777,0.016215624776668845,0.6016173362731934,1.0,0.006725961538461538,0.00044899038461538465,2,1.0,1.0,0.0
228,732800,-808.8464508056641,-8.0884645652771,-808.8464508056641,-8.0884645652771,0.0,808.8464508056641,8.0884645652771,22.82517433166504,0.2282515430450438,3.8766386580467223,0.0,0.0,nan,nan,nan,nan,nan,nan,nan,nan,nan,nan,7328,-0.0009150643788278012,0.010802387166768313,1.5346411108970641,-0.0058136736042797565,0.037174148671329024,0.037174148671329024,0.04053960107266903,0.001743238931522632,0.010456249935668894,0.7319525480270386,1.0,0.0067115384615384615,0.0004478846153846154,2,1.0,1.0,0.0
229,736000,-798.1269969940186,-7.981269941329956,-798.1269969940186,-7.981269941329956,0.0,798.1269969940186,7.981269941329956,33.54462814331055,0.3354461669921873,4.371831960678101,0.0,0.0,nan,nan,nan,nan,nan,nan,nan,nan,nan,nan,7360,-0.0008439704656775682,0.022359589487314223,1.537228524684906,4.082741215825081e-05,0.026166148111224176,0.026166148111224176,0.06286957077682018,0.0009202934505091225,0.001446875007241033,0.5246989727020264,1.0,0.006697115384615385,0.00044677884615384615,2,1.0,1.0,0.0
230,739200,-864.7495012283325,-8.647495079040528,-864.7495012283325,-8.647495079040528,0.0,864.7495012283325,8.647495079040528,-33.07787609100342,-0.33077897071838436,4.41904001712799,0.0,0.0,nan,nan,nan,nan,nan,nan,nan,nan,nan,nan,7392,-0.0015040050793671878,0.025325394049286843,1.525924599170685,0.0009614077396690845,0.0498149998486042,0.0498149998486042,0.06526785232126713,0.0024123668023102738,0.02038750027422793,0.493666410446167,1.0,0.006682692307692308,0.0004456730769230769,2,1.0,1.0,0.0
231,742400,-893.1003360748291,-8.93100287437439,-893.1003360748291,-8.93100287437439,0.0,893.1003360748291,8.93100287437439,-61.4287109375,-0.6142867660522455,4.798427882194519,0.0,0.0,nan,nan,nan,nan,nan,nan,nan,nan,nan,nan,7424,-0.0008056489499118413,0.02103512855246663,1.5294552326202393,-0.00048690373077988627,0.04466953910887241,0.04466953910887241,0.06331705078482627,0.0010394074852237434,0.004718749917810783,0.5924527645111084,1.0,0.00666826923076923,0.0004445673076923077,2,1.0,1.0,0.0
232,745600,-789.8249988555908,-7.89825020313263,-789.8249988555908,-7.89825020313263,0.0,789.8249988555908,7.89825020313263,41.84662628173828,0.4184659051895139,3.961065800189972,0.0,0.0,nan,nan,nan,nan,nan,nan,nan,nan,nan,nan,7456,-0.001312885985162593,0.018736954871565105,1.4955296277999879,-0.0018954327329993247,0.051273401081562045,0.051273401081562045,0.0559674859046936,0.0019899825201731996,0.01224687480716966,0.5719304084777832,1.0,0.006653846153846153,0.00044346153846153846,2,1.0,1.0,0.0
233,748800,-836.1052131652832,-8.361052074432372,-836.1052131652832,-8.361052074432372,0.0,836.1052131652832,8.361052074432372,-4.433588027954102,-0.0443359661102285,4.205096230506897,0.0,0.0,nan,nan,nan,nan,nan,nan,nan,nan,nan,nan,7488,-0.0012380716322804909,0.016563224513083695,1.5040980219841003,-0.00294280219823122,0.04423447959125042,0.04423447959125042,0.05222463086247444,0.0008941496656926422,0.004849999998259591,0.5273736715316772,1.0,0.006639423076923077,0.0004423557692307692,2,1.0,1.0,0.0
234,752000,-825.7849273681641,-8.257849502563477,-825.7849273681641,-8.257849502563477,0.0,825.7849273681641,8.257849502563477,5.886697769165039,0.058866605758666424,4.216635928153992,0.0,0.0,nan,nan,nan,nan,nan,nan,nan,nan,nan,nan,7520,-0.0013156797057483293,0.020836861804127693,1.495941936969757,-0.0008078640326857567,0.0512731533497572,0.0512731533497572,0.05256482250988483,0.0028636927425405383,0.020959374529047635,0.5366522073745728,1.0,0.006625,0.00044125,2,1.0,1.0,0.0
235,755200,-807.9129848480225,-8.079129781723022,-807.9129848480225,-8.079129781723022,0.0,807.9129848480225,8.079129781723022,23.75864028930664,0.23758632659912138,4.147609415054322,0.0,0.0,nan,nan,nan,nan,nan,nan,nan,nan,nan,nan,7552,-0.0008027198373660394,0.014636512845754623,1.4916977047920228,-0.003345445916056633,0.03591623492538929,0.03591623492538929,0.055637800693511964,0.0011237577728034694,0.004787499972735532,0.596838116645813,1.0,0.006610576923076923,0.00044014423076923077,2,1.0,1.0,0.0
236,758400,-896.0560646057129,-8.960560731887817,-896.0560646057129,-8.960560731887817,0.0,896.0560646057129,8.960560731887817,-64.38443946838379,-0.6438446235656734,4.505039515495301,0.0,0.0,nan,nan,nan,nan,nan,nan,nan,nan,nan,nan,7584,-0.001041372615628644,0.03122938722372055,1.502181887626648,0.004664697777479887,0.032451803982257846,0.032451803982257846,0.06887117847800255,0.0010648041126851355,0.005215624964330345,0.3477013111114502,1.0,0.006596153846153846,0.0004390384615384616,2,1.0,1.0,0.0
237,761600,-835.7914772033691,-8.357914476394653,-835.7914772033691,-8.357914476394653,0.0,835.7914772033691,8.357914476394653,-4.119852066040039,-0.041198368072508984,4.287969031333923,0.0,0.0,nan,nan,nan,nan,nan,nan,nan,nan,nan,nan,7616,-0.0015130887819454486,0.019816909916698933,1.4944667220115662,-0.0014408113434910773,0.054165680706501004,0.054165680706501004,0.06088923923671245,0.0020605307261585817,0.01656874991895165,0.5124711990356445,1.0,0.006581730769230769,0.00043793269230769233,2,1.0,1.0,0.0
238,764800,-814.0387945175171,-8.140387649536132,-814.0387945175171,-8.140387649536132,0.0,814.0387945175171,8.140387649536132,17.63283061981201,0.17632845878601167,4.711941585540772,0.0,0.0,nan,nan,nan,nan,nan,nan,nan,nan,nan,nan,7648,-0.0016032720688846868,0.020198245346546174,1.503972840309143,-0.0013812016695737839,0.05289206691086292,0.05289206691086292,0.059944470226764676,0.0017394539459937327,0.015871875165612438,0.5737685561180115,1.0,0.006567307692307692,0.0004368269230769231,2,1.0,1.0,0.0
239,768000,-832.4258193969727,-8.324257822036744,-832.4258193969727,-8.324257822036744,0.0,832.4258193969727,8.324257822036744,-0.7541942596435547,-0.007541713714600107,4.079538702964783,0.0,0.0,nan,nan,nan,nan,nan,nan,nan,nan,nan,nan,7680,-0.00047487683218205845,0.01790281608700752,1.5161306858062744,-0.0014584985561668872,0.030834084562957286,0.030834084562957286,0.05284799411892891,0.0009755721388509927,0.0022531250288011506,0.5578389763832092,1.0,0.006552884615384615,0.00043572115384615383,2,1.0,1.0,0.0
240,771200,-833.810959815979,-8.338109579086304,-833.810959815979,-8.338109579086304,0.0,833.810959815979,8.338109579086304,-2.1393346786499023,-0.021393470764159872,4.262029776573181,0.0,0.0,-625.0181293487549,-6.2501812934875485,-625.0181293487549,-6.2501812934875485,100.0,3.9067932629585265,0.0,0.0,625.0181293487549,-127.69103193283081,7712,-0.0009535542515688667,0.014428715500980616,1.5256355047225951,-0.0037145052570849656,0.032112910971045495,0.032112910971045495,0.056036246567964555,0.0012758732813390006,0.006093750213040039,0.6283247470855713,1.0,0.006538461538461538,0.0004346153846153846,2,1.0,1.0,0.0
241,774400,-869.7815647125244,-8.697815303802491,-869.7815647125244,-8.697815303802491,0.0,869.7815647125244,8.697815303802491,-38.10993957519531,-0.3810991954803473,4.402342071533203,0.0,0.0,nan,nan,nan,nan,nan,nan,nan,nan,nan,nan,7744,-0.0011712270261370783,0.015239923633635044,1.5284607887268067,-0.0035230022855103015,0.048160260915756224,0.048160260915756224,0.05217354632914066,0.001206932643436566,0.003724999968835618,0.6559884548187256,1.0,0.006524038461538461,0.0004335096153846154,2,1.0,1.0,0.0
242,777600,-781.5744619369507,-7.815744462013245,-781.5744619369507,-7.815744462013245,0.0,781.5744619369507,7.815744462013245,50.09716320037842,0.5009716463088987,3.8616389870643615,0.0,0.0,nan,nan,nan,nan,nan,nan,nan,nan,nan,nan,7776,-0.0005983878194355085,0.015946785826236008,1.5112647771835328,-0.0024627477396279573,0.027384914830327033,0.027384914830327033,0.04936336688697338,0.0009645545917018602,0.0014343750022817402,0.6901803016662598,1.0,0.0065096153846153845,0.00043240384615384614,2,1.0,1.0,0.0
243,780800,-794.7332916259766,-7.947333016395569,-794.7332916259766,-7.947333016395569,0.0,794.7332916259766,7.947333016395569,36.93833351135254,0.3693830919265748,3.996321396827698,0.0,0.0,nan,nan,nan,nan,nan,nan,nan,nan,nan,nan,7808,-0.0012205289436737488,0.017651297338306903,1.4958735227584838,-0.0021108661778271197,0.040476064942777154,0.040476064942777154,0.05505951009690761,0.0018400573120752766,0.013999999934458173,0.5063216090202332,1.0,0.006495192307692308,0.00043129807692307695,2,1.0,1.0,0.0
244,784000,-859.9002656936646,-8.599002962112428,-859.9002656936646,-8.599002962112428,0.0,859.9002656936646,8.599002962112428,-28.22864055633545,-0.28228685379028384,4.724358568191528,0.0,0.0,nan,nan,nan,nan,nan,nan,nan,nan,nan,nan,7840,-0.0005012188129621898,0.033154463209211824,1.4719206809997558,0.006536834593862295,0.024044256657361984,0.024044256657361984,0.0723280817270279,0.0012748199558709648,0.0027375000063329935,0.27030307054519653,1.0,0.006480769230769231,0.0004301923076923077,2,1.0,1.0,0.0
245,787200,-898.7707595825195,-8.987707939147949,-898.7707595825195,-8.987707939147949,0.0,898.7707595825195,8.987707939147949,-67.09913444519043,-0.6709918308258054,4.908609018325806,0.0,0.0,nan,nan,nan,nan,nan,nan,nan,nan,nan,nan,7872,-0.0011981121857417953,0.030448159389197826,1.4624195575714112,0.0045694558881223205,0.040448156744241716,0.040448156744241716,0.07063651122152806,0.0017028383492298307,0.013678124867146835,0.45442867279052734,1.0,0.006466346153846154,0.00042908653846153845,2,1.0,1.0,0.0
246,790400,-845.4673700332642,-8.454673585891724,-845.4673700332642,-8.454673585891724,0.0,845.4673700332642,8.454673585891724,-13.795744895935059,-0.13795747756958043,4.096087613105774,0.0,0.0,nan,nan,nan,nan,nan,nan,nan,nan,nan,nan,7904,-0.000724433678545755,0.0300145274028182,1.4522859454154968,0.004912792984396219,0.03135651685297489,0.03135651685297489,0.06981734558939934,0.0011532468015512675,0.006206249934621155,0.3253881335258484,1.0,0.006451923076923077,0.00042798076923076926,2,1.0,1.0,0.0
247,793600,-745.2546548843384,-7.452546625137329,-745.2546548843384,-7.452546625137329,0.0,745.2546548843384,7.452546625137329,86.41697025299072,0.8641694831848143,3.585877296924591,0.0,0.0,nan,nan,nan,nan,nan,nan,nan,nan,nan,nan,7936,-0.0009327895206457271,0.02124480567872524,1.4478351712226867,0.0003691744990646839,0.031973647326231,0.031973647326231,0.05603188835084438,0.0013119463324994193,0.004171874999883585,0.5627948045730591,1.0,0.0064375000000000005,0.000426875,2,1.0,1.0,0.0
248,796800,-782.2610235214233,-7.82260995388031,-782.2610235214233,-7.82260995388031,0.0,782.2610235214233,7.82260995388031,49.41060161590576,0.4941061544418339,3.541654119491577,0.0,0.0,nan,nan,nan,nan,nan,nan,nan,nan,nan,nan,7968,-0.001179303870908921,0.013547152560204268,1.4440693855285645,-0.003681096527725458,0.047250263020396234,0.047250263020396234,0.04462073594331741,0.0012650282660626958,0.00999687504954636,0.5776896476745605,1.0,0.006423076923076924,0.0004257692307692308,2,1.0,1.0,0.0
249,800000,-876.3079595565796,-8.763079242706299,-876.3079595565796,-8.763079242706299,0.0,876.3079595565796,8.763079242706299,-44.63633441925049,-0.4463631343841552,4.713808212280274,0.0,0.0,nan,nan,nan,nan,nan,nan,nan,nan,nan,nan,8000,-0.0009270155808131619,0.026962839625775815,1.4290914058685302,0.003395852167159319,0.036317865177989,0.036317865177989,0.06724365577101707,0.0015694705096405115,0.009546874852094333,0.3567204475402832,1.0,0.006408653846153845,0.0004246634615384615,2,1.0,1.0,0.0
250,803200,-792.2464752197266,-7.922464847564697,-792.2464752197266,-7.922464847564697,0.0,792.2464752197266,7.922464847564697,39.42514991760254,0.39425126075744643,4.061787612438202,0.0,0.0,nan,nan,nan,nan,nan,nan,nan,nan,nan,nan,8032,-0.0014096160978893657,0.020900939591228962,1.447301208972931,-0.00021352414041757583,0.05024332329630852,0.05024332329630852,0.05069168992340565,0.0017670318651664793,0.008681250023073517,0.5128706097602844,1.0,0.006394230769230768,0.0004235576923076923,2,1.0,1.0,0.0
251,806400,-794.6952486038208,-7.946952700614929,-794.6952486038208,-7.946952700614929,0.0,794.6952486038208,7.946952700614929,36.9763765335083,0.3697634077072145,4.033024196624756,0.0,0.0,nan,nan,nan,nan,nan,nan,nan,nan,nan,nan,8064,-0.001194082590669865,0.019153128657490016,1.4495877861976623,-0.0008656098041683435,0.04135721176862717,0.04135721176862717,0.05498290657997131,0.0015632902875960465,0.008281250094296411,0.6272528171539307,1.0,0.006379807692307692,0.00042245192307692307,2,1.0,1.0,0.0
252,809600,-919.2420492172241,-9.19242036819458,-919.2420492172241,-9.19242036819458,0.0,919.2420492172241,9.19242036819458,-87.57042407989502,-0.8757042598724372,4.988982353210449,0.0,0.0,nan,nan,nan,nan,nan,nan,nan,nan,nan,nan,8096,-0.0006376692339720158,0.05041175484657288,1.4446416735649108,0.015372508019208909,0.033664033934473994,0.033664033934473994,0.08400804065167904,0.001028293369746368,0.0017343750223517418,0.39457422494888306,1.0,0.006365384615384615,0.0004213461538461538,2,1.0,1.0,0.0
253,812800,-797.2103605270386,-7.972103576660157,-797.2103605270386,-7.972103576660157,0.0,797.2103605270386,7.972103576660157,34.46126461029053,0.344612531661987,3.8159464144706727,0.0,0.0,nan,nan,nan,nan,nan,nan,nan,nan,nan,nan,8128,-0.0015566402463125905,0.016771233081817626,1.45101158618927,-0.0023863424081355332,0.048054641112685204,0.048054641112685204,0.05733141526579857,0.002041136805201976,0.009712500148452818,0.5791845321655273,1.0,0.006350961538461538,0.00042024038461538463,2,1.0,1.0,0.0
254,816000,-817.0801181793213,-8.170800609588623,-817.0801181793213,-8.170800609588623,0.0,817.0801181793213,8.170800609588623,14.591506958007812,0.14591549873352072,3.913074767589569,0.0,0.0,nan,nan,nan,nan,nan,nan,nan,nan,nan,nan,8160,-0.001070061060867733,0.019942289963364602,1.4457000732421874,-0.00025965035893023015,0.03444333113729954,0.03444333113729954,0.05292112603783607,0.00151691948303882,0.007865624886471778,0.5224815607070923,1.0,0.006336538461538461,0.0004191346153846154,2,1.0,1.0,0.0
255,819200,-866.0347967147827,-8.660347909927369,-866.0347967147827,-8.660347909927369,0.0,866.0347967147827,8.660347909927369,-34.36317157745361,-0.3436318016052251,4.424992141723632,0.0,0.0,nan,nan,nan,nan,nan,nan,nan,nan,nan,nan,8192,-0.0014376862437929904,0.020526801608502863,1.4557810068130492,-0.00037790071219205855,0.04320651292800903,0.04320651292800903,0.05276244841516018,0.0017477618253917472,0.010528124959091657,0.4643808603286743,1.0,0.006322115384615384,0.0004180288461538462,2,1.0,1.0,0.0
256,822400,-829.2053394317627,-8.292053442001343,-829.2053394317627,-8.292053442001343,0.0,829.2053394317627,8.292053442001343,2.4662857055664062,0.024662666320800497,4.347303743362427,0.0,0.0,nan,nan,nan,nan,nan,nan,nan,nan,nan,nan,8224,-0.0013156724518863072,0.02413438744843006,1.4301145434379579,0.0017307987436652184,0.045917642489075663,0.045917642489075663,0.05897609815001488,0.0016554979025397113,0.011703124997438863,0.4127594232559204,1.0,0.0063076923076923076,0.00041692307692307694,2,1.0,1.0,0.0
257,825600,-810.2611999511719,-8.102611932754517,-810.2611999511719,-8.102611932754517,0.0,810.2611999511719,8.102611932754517,21.410425186157227,0.21410417556762695,3.660625305175781,0.0,0.0,nan,nan,nan,nan,nan,nan,nan,nan,nan,nan,8256,-0.0017413333108182271,0.020472816564142703,1.4121499419212342,-0.00039196494035422804,0.0488765548914671,0.0488765548914671,0.04940945953130722,0.0018165075824083114,0.011953125183208613,0.6103392839431763,1.0,0.006293269230769231,0.0004158173076923077,2,1.0,1.0,0.0
258,828800,-810.2689552307129,-8.102689189910889,-810.2689552307129,-8.102689189910889,0.0,810.2689552307129,8.102689189910889,21.40266990661621,0.2140269184112551,3.822805724143982,0.0,0.0,nan,nan,nan,nan,nan,nan,nan,nan,nan,nan,8288,-0.0011146990121342348,0.025424570217728613,1.4002962350845336,0.002805342059582472,0.05686013773083687,0.05686013773083687,0.06890894696116448,0.0011829662318644542,0.007065625050745439,0.3179783225059509,1.0,0.006278846153846154,0.0004147115384615385,2,1.0,1.0,0.0
259,832000,-831.9217557907104,-8.31921732902527,-831.9217557907104,-8.31921732902527,0.0,831.9217557907104,8.31921732902527,-0.25013065338134766,-0.0025012207031256395,4.169077734947205,0.0,0.0,nan,nan,nan,nan,nan,nan,nan,nan,nan,nan,8320,-0.00134819529836534,0.026708783768117427,1.4153125524520873,0.003140080254524946,0.04711902290582657,0.04711902290582657,0.0657500397413969,0.002013902123145628,0.01247187499247957,0.38889479637145996,1.0,0.006264423076923076,0.00041360576923076925,2,1.0,1.0,0.0
260,835200,-781.1607942581177,-7.811607756614685,-781.1607942581177,-7.811607756614685,0.0,781.1607942581177,7.811607756614685,50.510830879211426,0.5051083517074586,3.8595106196403504,0.0,0.0,-603.638879776001,-6.03638879776001,-603.638879776001,-6.03638879776001,100.0,3.9067932629585265,0.0,0.0,603.638879776001,-106.3117823600769,8352,-0.0009488844936597296,0.018138003535568714,1.3978787660598755,-0.0006166251841932535,0.041088908538222314,0.041088908538222314,0.05090000592172146,0.0009476984185324486,0.006724999884318095,0.5750594735145569,1.0,0.0062499999999999995,0.0004125,2,1.0,1.0,0.0
261,838400,-804.0972585678101,-8.040972814559936,-804.0972585678101,-8.040972814559936,0.0,804.0972585678101,8.040972814559936,27.574366569519043,0.27574329376220774,3.7865900874137877,0.0,0.0,nan,nan,nan,nan,nan,nan,nan,nan,nan,nan,8384,-0.0014367957634734197,0.016777620930224658,1.4113296389579773,-0.001848439546301961,0.05225363485515118,0.05225363485515118,0.04583636969327927,0.0011572000170429566,0.005928125051650568,0.585394561290741,1.0,0.006235576923076923,0.00041139423076923075,2,1.0,1.0,0.0
262,841600,-784.2237949371338,-7.842237973213196,-784.2237949371338,-7.842237973213196,0.0,784.2237949371338,7.842237973213196,47.44783020019531,0.47447813510894754,3.8883273911476137,0.0,0.0,nan,nan,nan,nan,nan,nan,nan,nan,nan,nan,8416,-0.0006166910092826328,0.027184410393238066,1.4379979729652406,0.004029507841914892,0.04128175638616085,0.04128175638616085,0.06379574723541737,0.0008240022838447447,0.00495937507294002,0.22624510526657104,1.0,0.006221153846153846,0.00041028846153846156,2,1.0,1.0,0.0
263,844800,-842.8334360122681,-8.428334169387817,-842.8334360122681,-8.428334169387817,0.0,842.8334360122681,8.428334169387817,-11.161810874938965,-0.1116180610656734,4.266990218162537,0.0,0.0,nan,nan,nan,nan,nan,nan,nan,nan,nan,nan,8448,-0.0010219973213679624,0.0214255778118968,1.455527126789093,0.0006567263975739479,0.036463473737239835,0.036463473737239835,0.06029735133051872,0.001632466111915424,0.009365625103237107,0.4826056957244873,1.0,0.006206730769230769,0.0004091826923076923,2,1.0,1.0,0.0
264,848000,-766.5253658294678,-7.665253801345825,-766.5253658294678,-7.665253801345825,0.0,766.5253658294678,7.665253801345825,65.14625930786133,0.6514623069763186,3.7352386355400085,0.0,0.0,nan,nan,nan,nan,nan,nan,nan,nan,nan,nan,8480,-0.0008271609614603382,0.020258891209959985,1.4520415902137755,0.00031079603359103204,0.032166098803281785,0.032166098803281785,0.050905681774020196,0.0012384793779357112,0.00900312485464383,0.47461819648742676,1.0,0.006192307692307692,0.0004080769230769231,2,1.0,1.0,0.0
265,851200,-807.4900550842285,-8.074900550842285,-807.4900550842285,-8.074900550842285,0.0,807.4900550842285,8.074900550842285,24.181570053100586,0.2418155574798586,3.563472194671631,0.0,0.0,nan,nan,nan,nan,nan,nan,nan,nan,nan,nan,8512,-0.0011931185872643192,0.0259977038949728,1.3989614963531494,0.0031631106976419687,0.04398002997040749,0.04398002997040749,0.06534071080386639,0.0012145631077158333,0.009040625247871503,0.38020628690719604,1.0,0.006177884615384615,0.00040697115384615386,2,1.0,1.0,0.0
266,854400,-879.9846363067627,-8.79984645843506,-879.9846363067627,-8.79984645843506,0.0,879.9846363067627,8.79984645843506,-48.313011169433594,-0.4831303501129156,4.117519159317016,0.0,0.0,nan,nan,nan,nan,nan,nan,nan,nan,nan,nan,8544,-0.000947028891928503,0.0269126009196043,1.4676334500312804,0.0034635690972208977,0.04444856196641922,0.04444856196641922,0.06406197659671306,0.0011895743824436149,0.004312500006926711,0.5043271780014038,1.0,0.006163461538461538,0.0004058653846153846,2,1.0,1.0,0.0
267,857600,-816.6030759811401,-8.166030654907226,-816.6030759811401,-8.166030654907226,0.0,816.6030759811401,8.166030654907226,15.068549156188965,0.15068545341491735,4.842684497833252,0.0,0.0,nan,nan,nan,nan,nan,nan,nan,nan,nan,nan,8576,-0.0015846104189869924,0.022351816482841968,1.4701416492462158,0.0005513399839401246,0.05768699049949646,0.05768699049949646,0.06407778598368168,0.003204556638230459,0.03000624933920335,0.3809015154838562,1.0,0.006149038461538461,0.0004047596153846154,2,1.0,1.0,0.0
268,860800,-784.9590644836426,-7.849590816497803,-784.9590644836426,-7.849590816497803,0.0,784.9590644836426,7.849590816497803,46.71256065368652,0.4671252918243409,3.8164837098121644,0.0,0.0,nan,nan,nan,nan,nan,nan,nan,nan,nan,nan,8608,-0.0006690872488019472,0.024824266880750658,1.5011762499809265,0.002533907536417246,0.03587771970778704,0.03587771970778704,0.07353421747684478,0.0014392585333563275,0.0061187499843072144,0.5422585010528564,1.0,0.006134615384615384,0.0004036538461538462,2,1.0,1.0,0.0
269,864000,-821.3002157211304,-8.213001961708068,-821.3002157211304,-8.213001961708068,0.0,821.3002157211304,8.213001961708068,10.37140941619873,0.10371414661407563,4.404114413261413,0.0,0.0,nan,nan,nan,nan,nan,nan,nan,nan,nan,nan,8640,-0.0012675972769502497,0.01686773719266057,1.4918602585792542,-0.0019642005674540995,0.05584673918783665,0.05584673918783665,0.05474144220352173,0.0014870990147766946,0.005840625122073106,0.6022311449050903,1.0,0.006120192307692307,0.0004025480769230769,2,1.0,1.0,0.0
270,867200,-812.2109565734863,-8.122109746932983,-812.2109565734863,-8.122109746932983,0.0,812.2109565734863,8.122109746932983,19.460668563842773,0.19460636138916065,3.900958986282349,0.0,0.0,nan,nan,nan,nan,nan,nan,nan,nan,nan,nan,8672,-0.001145596877788191,0.019803994707763194,1.521736741065979,-0.0005349732004106045,0.04288078434765339,0.04288078434765339,0.048273812606930734,0.002101535675320485,0.010525000066263602,0.5094442367553711,1.0,0.006105769230769231,0.0004014423076923077,2,1.0,1.0,0.0
271,870400,-806.4609451293945,-8.064609651565553,-806.4609451293945,-8.064609651565553,0.0,806.4609451293945,8.064609651565553,25.21068000793457,0.25210645675659116,3.4271530437469484,0.0,0.0,nan,nan,nan,nan,nan,nan,nan,nan,nan,nan,8704,-0.0023114358233520703,0.02767967078834772,1.5045945644378662,0.0023633934557437896,0.1061740942299366,0.1061740942299366,0.06537925228476524,0.0030750107413051496,0.03134687462879811,0.5119369029998779,1.0,0.006091346153846154,0.0004003365384615385,2,1.0,1.0,0.0
272,873600,-775.0195455551147,-7.750195231437683,-775.0195455551147,-7.750195231437683,0.0,775.0195455551147,7.750195231437683,56.652079582214355,0.5665208768844607,4.1708040523529055,0.0,0.0,nan,nan,nan,nan,nan,nan,nan,nan,nan,nan,8736,-0.0012716315162252024,0.024618156999349595,1.4686747550964356,0.0021124236285686494,0.05577475056052208,0.05577475056052208,0.06401036828756332,0.00286633461219119,0.02116249958635308,0.09165215492248535,1.0,0.006076923076923077,0.00039923076923076924,2,1.0,1.0,0.0
273,876800,-930.4827852249146,-9.304827814102174,-930.4827852249146,-9.304827814102174,0.0,930.4827852249146,9.304827814102174,-98.81116008758545,-0.9881117057800299,5.4578550434112545,0.0,0.0,nan,nan,nan,nan,nan,nan,nan,nan,nan,nan,8768,-0.0007407096033741345,0.04134947918355465,1.4923613309860229,0.01088658906519413,0.032190201617777345,0.032190201617777345,0.08126997128129006,0.0013274825512790424,0.0035062500261119566,0.4430215358734131,1.0,0.0060625,0.000398125,2,1.0,1.0,0.0
274,880000,-847.151026725769,-8.471509857177734,-847.151026725769,-8.471509857177734,0.0,847.151026725769,8.471509857177734,-15.479401588439941,-0.1547937488555906,4.258683199882507,0.0,0.0,nan,nan,nan,nan,nan,nan,nan,nan,nan,nan,8800,-0.0014772696066997159,0.022682383842766284,1.4922810792922974,0.0008384916465729475,0.04374037943780422,0.04374037943780422,0.05873150266706943,0.0015122098346192808,0.007934374938122346,0.5304303169250488,1.0,0.0060480769230769225,0.0003970192307692308,2,1.0,1.0,0.0
275,883200,-817.1670150756836,-8.171669826507568,-817.1670150756836,-8.171669826507568,0.0,817.1670150756836,8.171669826507568,14.504610061645508,0.1450462818145759,3.5647127342224123,0.0,0.0,nan,nan,nan,nan,nan,nan,nan,nan,nan,nan,8832,-0.0008912702654430227,0.017201619781553747,1.4716355443000793,-0.0011697999201714993,0.03828453347086906,0.03828453347086906,0.04485187716782093,0.0010738074262927454,0.0026437499982421286,0.6606814861297607,1.0,0.006033653846153846,0.00039591346153846154,2,1.0,1.0,0.0
276,886400,-832.8640155792236,-8.328639850616455,-832.8640155792236,-8.328639850616455,0.0,832.8640155792236,8.328639850616455,-1.1923904418945312,-0.011923742294310813,4.237387285232544,0.0,0.0,nan,nan,nan,nan,nan,nan,nan,nan,nan,nan,8864,-0.0012241964767919944,0.03596743270754814,1.4701288938522339,0.007910474389791488,0.06317095644772053,0.06317095644772053,0.07480228170752526,0.0019684146973315926,0.01287812490190845,0.5031695365905762,1.0,0.006019230769230769,0.00039480769230769235,2,1.0,1.0,0.0
277,889600,-895.7912673950195,-8.957912883758546,-895.7912673950195,-8.957912883758546,0.0,895.7912673950195,8.957912883758546,-64.11964225769043,-0.6411967754364021,5.301555428504944,0.0,0.0,nan,nan,nan,nan,nan,nan,nan,nan,nan,nan,8896,-0.0011584038644681272,0.035622950084507464,1.519405150413513,0.007529335748404265,0.038401657715439796,0.038401657715439796,0.06824526004493237,0.0013707782793072085,0.006581250109593384,0.44279158115386963,1.0,0.006004807692307692,0.0003937019230769231,2,1.0,1.0,0.0
278,892800,-784.9072217941284,-7.849072093963623,-784.9072217941284,-7.849072093963623,0.0,784.9072217941284,7.849072093963623,46.764403343200684,0.46764401435852054,3.2622824621200563,0.0,0.0,nan,nan,nan,nan,nan,nan,nan,nan,nan,nan,8928,-0.0013237996942248031,0.018407586961984634,1.4919000744819642,-0.0010570613667368889,0.04813864678144455,0.04813864678144455,0.05602867156267166,0.0011534582372415441,0.004506249947007745,0.6228626370429993,1.0,0.005990384615384615,0.00039259615384615385,2,1.0,1.0,0.0
279,896000,-768.8162927627563,-7.688163175582885,-768.8162927627563,-7.688163175582885,0.0,768.8162927627563,7.688163175582885,62.855332374572754,0.6285529327392583,3.6586418628692625,0.0,0.0,nan,nan,nan,nan,nan,nan,nan,nan,nan,nan,8960,-0.0012074720639095205,0.021142296306788922,1.4707802653312683,0.0005743496585637331,0.040632881224155426,0.040632881224155426,0.056444447860121726,0.0014623650669830634,0.009737499997936539,0.40635716915130615,1.0,0.005975961538461538,0.0003914903846153846,2,1.0,1.0,0.0
280,899200,-836.0887136459351,-8.360887050628662,-836.0887136459351,-8.360887050628662,0.0,836.0887136459351,8.360887050628662,-4.417088508605957,-0.04417094230651841,3.6489381313323976,0.0,0.0,-555.2744436264038,-5.552744436264038,-555.2744436264038,-5.552744436264038,100.0,3.15546355009079,0.0,0.0,555.2744436264038,-57.947346210479736,8992,-0.0009926756468136232,0.03508764188736677,1.4780263900756836,0.007739834394305945,0.04377954714000225,0.04377954714000225,0.07627449370920658,0.0012863383999512216,0.006546875060303136,0.37678152322769165,1.0,0.005961538461538461,0.00039038461538461536,2,1.0,1.0,0.0
281,902400,-777.2645845413208,-7.772645645141601,-777.2645845413208,-7.772645645141601,0.0,777.2645845413208,7.772645645141601,54.4070405960083,0.5440704631805424,3.1218534779548643,0.0,0.0,nan,nan,nan,nan,nan,nan,nan,nan,nan,nan,9024,-0.0009125315537094281,0.01743890782818198,1.459471547603607,-0.0008727233391255141,0.03446349501609802,0.03446349501609802,0.05202662087976932,0.0012653957321175713,0.004312500089872629,0.6449697613716125,1.0,0.005947115384615384,0.00038927884615384616,2,1.0,1.0,0.0
282,905600,-771.2523641586304,-7.712523703575134,-771.2523641586304,-7.712523703575134,0.0,771.2523641586304,7.712523703575134,60.41926097869873,0.6041924047470095,3.7027333760261536,0.0,0.0,nan,nan,nan,nan,nan,nan,nan,nan,nan,nan,9056,-0.0011476639431551305,0.013912028912454844,1.4667269945144654,-0.002893289737403393,0.04402159079909325,0.04402159079909325,0.053108693659305574,0.0010713921641594252,0.004343749996041879,0.6589064002037048,1.0,0.005932692307692307,0.0003881730769230769,2,1.0,1.0,0.0
283,908800,-772.5070343017578,-7.7250701570510865,-772.5070343017578,-7.7250701570510865,0.0,772.5070343017578,7.7250701570510865,59.16459083557129,0.5916459512710572,3.4379219675064085,0.0,0.0,nan,nan,nan,nan,nan,nan,nan,nan,nan,nan,9088,-0.001110868717654334,0.026327670179307462,1.4841216921806335,0.0032695348374545572,0.04643439091742039,0.04643439091742039,0.06924153454601764,0.0011807716931811047,0.00841874968027696,0.3594970107078552,1.0,0.00591826923076923,0.0003870673076923077,2,1.0,1.0,0.0
284,912000,-785.6102848052979,-7.856102805137635,-785.6102848052979,-7.856102805137635,0.0,785.6102848052979,7.856102805137635,46.06134033203125,0.460613303184509,4.334530611038208,0.0,0.0,nan,nan,nan,nan,nan,nan,nan,nan,nan,nan,9120,-0.0015409027759684334,0.016114070173352958,1.4705872058868408,-0.0021659881342202423,0.05937382988631725,0.05937382988631725,0.045629994943737984,0.0014287264377356175,0.006965624843724072,0.6787469387054443,1.0,0.005903846153846154,0.0003859615384615385,2,1.0,1.0,0.0
285,915200,-807.7997570037842,-8.077997708320618,-807.7997570037842,-8.077997708320618,0.0,807.7997570037842,8.077997708320618,23.871868133544922,0.23871840000152567,4.25753264427185,0.0,0.0,nan,nan,nan,nan,nan,nan,nan,nan,nan,nan,9152,-0.0012799821975408078,0.021746600791811944,1.477280354499817,0.0008929890114814043,0.05078752376139164,0.05078752376139164,0.05426889322698116,0.002267256040068865,0.008212500088848173,0.7274070978164673,1.0,0.005889423076923077,0.0003848557692307692,2,1.0,1.0,0.0
286,918400,-832.8272075653076,-8.328271951675415,-832.8272075653076,-8.328271951675415,0.0,832.8272075653076,8.328271951675415,-1.1555824279785156,-0.0115558433532712,3.942691559791565,0.0,0.0,nan,nan,nan,nan,nan,nan,nan,nan,nan,nan,9184,-0.0010765342356404278,0.011365104466676712,1.4643738508224486,-0.003997178049758077,0.05444650761783123,0.05444650761783123,0.045173144713044164,0.0020521160251530607,0.008790625148685649,0.6995553970336914,1.0,0.005875,0.00038375000000000003,2,1.0,1.0,0.0
287,921600,-724.8187522888184,-7.248187284469605,-724.8187522888184,-7.248187284469605,0.0,724.8187522888184,7.248187284469605,106.85287284851074,1.0685288238525388,3.7735711455345156,0.0,0.0,nan,nan,nan,nan,nan,nan,nan,nan,nan,nan,9216,-0.0015848949656589006,0.028384700976312162,1.4506341338157653,0.0041059027425944805,0.049657993391156195,0.049657993391156195,0.06447669267654418,0.0011560377535728967,0.009543749946169555,0.5170754194259644,1.0,0.005860576923076923,0.0003826442307692308,2,1.0,1.0,0.0
288,924800,-820.2481422424316,-8.202481164932252,-820.2481422424316,-8.202481164932252,0.0,820.2481422424316,8.202481164932252,11.423482894897461,0.11423494338989215,4.351414766311645,0.0,0.0,nan,nan,nan,nan,nan,nan,nan,nan,nan,nan,9248,-0.0014422520907828584,0.04219648316502571,1.457417893409729,0.01113570025190711,0.044341042265295984,0.044341042265295984,0.08057905584573746,0.0018265586964855795,0.008574999903794378,0.40722769498825073,1.0,0.0058461538461538455,0.00038153846153846153,2,1.0,1.0,0.0
289,928000,-804.8589792251587,-8.04858989238739,-804.8589792251587,-8.04858989238739,0.0,804.8589792251587,8.04858989238739,26.81264591217041,0.2681262159347533,3.656050450801849,0.0,0.0,nan,nan,nan,nan,nan,nan,nan,nan,nan,nan,9280,-0.0015584568622987627,0.027191721461713315,1.4554203867912292,0.0035497842356562613,0.05057213604450226,0.05057213604450226,0.060805297642946246,0.0018197075653018243,0.008928125005331822,0.3960913419723511,1.0,0.005831730769230769,0.0003804326923076923,2,1.0,1.0,0.0
290,931200,-731.9224424362183,-7.319224510192871,-731.9224424362183,-7.319224510192871,0.0,731.9224424362183,7.319224510192871,99.74918270111084,0.9974915981292725,3.839462971687317,0.0,0.0,nan,nan,nan,nan,nan,nan,nan,nan,nan,nan,9312,-0.0009336243929922716,0.028038269281387328,1.4746780276298523,0.004506854806095362,0.03552770875394344,0.03552770875394344,0.06623386219143867,0.0017791690479509567,0.010212500147463287,0.5766525268554688,1.0,0.005817307692307692,0.0003793269230769231,2,1.0,1.0,0.0
291,934400,-836.1808862686157,-8.361808643341064,-836.1808862686157,-8.361808643341064,0.0,836.1808862686157,8.361808643341064,-4.509261131286621,-0.04509253501892019,3.4831241965293884,0.0,0.0,nan,nan,nan,nan,nan,nan,nan,nan,nan,nan,9344,-0.001910133876954223,0.020545619353652,1.4858753323554992,-0.00025968756526708605,0.05565239824354649,0.05565239824354649,0.05925999619066715,0.0021655877721070407,0.01531562470481731,0.6474076509475708,1.0,0.005802884615384615,0.00037822115384615384,2,1.0,1.0,0.0
292,937600,-861.6193580627441,-8.61619366645813,-861.6193580627441,-8.61619366645813,0.0,861.6193580627441,8.61619366645813,-29.94773292541504,-0.29947755813598675,4.6673915529251095,0.0,0.0,nan,nan,nan,nan,nan,nan,nan,nan,nan,nan,9376,-0.0010813028458040107,0.025403897650539874,1.49475017786026,0.0029683417640626432,0.04150831550359726,0.04150831550359726,0.06811377219855785,0.0015866361944072884,0.006431250012246892,0.5850281715393066,1.0,0.005788461538461538,0.0003771153846153846,2,1.0,1.0,0.0
293,940800,-863.4328832626343,-8.634328746795655,-863.4328832626343,-8.634328746795655,0.0,863.4328832626343,8.634328746795655,-31.761258125305176,-0.31761263847351096,4.149320182800293,0.0,0.0,nan,nan,nan,nan,nan,nan,nan,nan,nan,nan,9408,-0.0013258084009400762,0.03210803624242544,1.4995656609535217,0.006069660186767578,0.04306755028665066,0.04306755028665066,0.07032564766705036,0.0013177522443593125,0.0027031250265281415,0.41264551877975464,1.0,0.0057740384615384615,0.0003760096153846154,2,1.0,1.0,0.0
294,944000,-806.800799369812,-8.068007946014404,-806.800799369812,-8.068007946014404,0.0,806.800799369812,8.068007946014404,24.87082576751709,0.2487081623077394,3.9813849210739134,0.0,0.0,nan,nan,nan,nan,nan,nan,nan,nan,nan,nan,9440,-0.0011290456532151438,0.02733469270169735,1.4674229979515077,0.004086508601903916,0.04248019196093082,0.04248019196093082,0.06210646107792854,0.0011136172732233336,0.0030468750395812095,0.4981139302253723,1.0,0.005759615384615385,0.00037490384615384615,2,1.0,1.0,0.0
295,947200,-791.7851896286011,-7.917851972579956,-791.7851896286011,-7.917851972579956,0.0,791.7851896286011,7.917851972579956,39.88643550872803,0.3988641357421878,3.796546502113342,0.0,0.0,nan,nan,nan,nan,nan,nan,nan,nan,nan,nan,9472,-0.0016065032010315506,0.033712260983884336,1.4621481418609619,0.006849304493516684,0.057699088007211685,0.057699088007211685,0.07239652201533317,0.001546486177904909,0.01150000024936162,0.30200350284576416,1.0,0.005745192307692308,0.00037379807692307696,2,1.0,1.0,0.0
296,950400,-833.4823865890503,-8.334823942184448,-833.4823865890503,-8.334823942184448,0.0,833.4823865890503,8.334823942184448,-1.8107614517211914,-0.01810783386230419,3.621567356586456,0.0,0.0,nan,nan,nan,nan,nan,nan,nan,nan,nan,nan,9504,-0.0011374046567943718,0.028003284893929958,1.4705345034599304,0.004436943959444761,0.05683750733733177,0.05683750733733177,0.07342316545546054,0.0015453726875433358,0.006600000080288737,0.47826069593429565,1.0,0.00573076923076923,0.0003726923076923077,2,1.0,1.0,0.0
297,953600,-825.9858865737915,-8.259858808517457,-825.9858865737915,-8.259858808517457,0.0,825.9858865737915,8.259858808517457,5.685738563537598,0.05685729980468679,4.136374683380127,0.0,0.0,nan,nan,nan,nan,nan,nan,nan,nan,nan,nan,9536,-0.0012361577867937789,0.02486416008323431,1.5015670299530028,0.002612445270642638,0.05835926793515682,0.05835926793515682,0.05834149867296219,0.0016802786805795223,0.008806249870394823,0.6005905270576477,1.0,0.0057163461538461535,0.00037158653846153846,2,1.0,1.0,0.0
298,956800,-787.1370105743408,-7.871370177268982,-787.1370105743408,-7.871370177268982,0.0,787.1370105743408,7.871370177268982,44.53461456298828,0.44534593105316134,4.039823110103607,0.0,0.0,nan,nan,nan,nan,nan,nan,nan,nan,nan,nan,9568,-0.0009867393057735097,0.03370727878063917,1.5107532382011413,0.007252700813114643,0.04356236606836319,0.04356236606836319,0.0754398550838232,0.0013177450498926288,0.005384374949790072,0.2989422678947449,1.0,0.005701923076923077,0.0003704807692307692,2,1.0,1.0,0.0
299,960000,-774.437933921814,-7.744379615783691,-774.437933921814,-7.744379615783691,0.0,774.437933921814,7.744379615783691,57.23369121551514,0.5723364925384526,3.735366566181183,0.0,0.0,nan,nan,nan,nan,nan,nan,nan,nan,nan,nan,9600,-0.0014352046928717498,0.01874317480251193,1.5140068888664246,-0.0006745313294231892,0.05476168841123581,0.05476168841123581,0.05815686620771885,0.0017477740013429588,0.010440624854527413,0.5347533822059631,1.0,0.0056875,0.000369375,2,1.0,1.0,0.0
300,963200,-794.9470977783203,-7.949470748901367,-794.9470977783203,-7.949470748901367,0.0,794.9470977783203,7.949470748901367,36.72452735900879,0.3672453594207763,3.733147211074829,0.0,0.0,-503.00998282432556,-5.030099828243255,-503.00998282432556,-5.030099828243255,100.0,3.024896732568741,0.0,0.0,503.00998282432556,-5.682885408401489,9632,-0.001369328043540019,0.021717629767954348,1.5324635982513428,0.0007957029156386852,0.04223536439239979,0.04223536439239979,0.05918220691382885,0.0016321400726165176,0.007934374775504693,0.45252954959869385,1.0,0.005673076923076923,0.00036826923076923077,2,1.0,1.0,0.0
301,966400,-822.30823802948,-8.223081903457642,-822.30823802948,-8.223081903457642,0.0,822.30823802948,8.223081903457642,9.363387107849121,0.09363420486450202,4.064392993450165,0.0,0.0,nan,nan,nan,nan,nan,nan,nan,nan,nan,nan,9664,-0.0010704070863663206,0.0288197947666049,1.5220109224319458,0.004726957064121962,0.05066853053867817,0.05066853053867817,0.07067442536354065,0.0014403536559267419,0.007584374990983633,0.3612554669380188,1.0,0.005658653846153845,0.0003671634615384615,2,1.0,1.0,0.0
302,969600,-846.1052560806274,-8.461052322387696,-846.1052560806274,-8.461052322387696,0.0,846.1052560806274,8.461052322387696,-14.43363094329834,-0.14433621406555197,5.07491370677948,0.0,0.0,nan,nan,nan,nan,nan,nan,nan,nan,nan,nan,9696,-0.0013734825702849563,0.03787281792610884,1.5079473018646241,0.009051724150776864,0.05604052692651749,0.05604052692651749,0.07201718054711818,0.001754911251192626,0.010281249861873221,0.02587991952896118,1.0,0.005644230769230769,0.00036605769230769233,2,1.0,1.0,0.0
303,972800,-800.2686500549316,-8.002686634063721,-800.2686500549316,-8.002686634063721,0.0,800.2686500549316,8.002686634063721,31.40297508239746,0.3140294742584224,3.666921796798706,0.0,0.0,nan,nan,nan,nan,nan,nan,nan,nan,nan,nan,9728,-0.0015837671469780545,0.029867161996662617,1.496671235561371,0.004923842567950487,0.051139095425605775,0.051139095425605775,0.06568245440721512,0.0015467227909551045,0.012315624882467091,0.44367730617523193,1.0,0.005629807692307692,0.0003649519230769231,2,1.0,1.0,0.0
304,976000,-755.3231172561646,-7.553231334686279,-755.3231172561646,-7.553231334686279,0.0,755.3231172561646,7.553231334686279,76.34850788116455,0.7634847736358648,3.676146764755249,0.0,0.0,nan,nan,nan,nan,nan,nan,nan,nan,nan,nan,9760,-0.001078447234968216,0.04109744392335415,1.5105003833770752,0.01098823407664895,0.04504273347556591,0.04504273347556591,0.08002047091722489,0.0012113897200843732,0.004906249992200173,0.36796265840530396,1.0,0.005615384615384615,0.0003638461538461539,2,1.0,1.0,0.0
305,979200,-808.343692779541,-8.083436994552612,-808.343692779541,-8.083436994552612,0.0,808.343692779541,8.083436994552612,23.327932357788086,0.23327911376953203,3.9785269594192503,0.0,0.0,nan,nan,nan,nan,nan,nan,nan,nan,nan,nan,9792,-0.0012302244513644923,0.016370460297912358,1.502359640598297,-0.0014596526511013509,0.045915954560041425,0.045915954560041425,0.04323792010545731,0.002105928117090345,0.012081249841139651,0.513108491897583,1.0,0.005600961538461538,0.00036274038461538464,2,1.0,1.0,0.0
306,982400,-861.530891418457,-8.615308961868287,-861.530891418457,-8.615308961868287,0.0,861.530891418457,8.615308961868287,-29.85926628112793,-0.2985928535461433,4.210719985961914,0.0,0.0,nan,nan,nan,nan,nan,nan,nan,nan,nan,nan,9824,-0.0011431326932448416,0.03144255634397268,1.5163371920585633,0.006107069738209248,0.04378015138208866,0.04378015138208866,0.06524977274239063,0.001587103342900373,0.006771875062258914,0.5574780702590942,1.0,0.005586538461538461,0.0003616346153846154,2,1.0,1.0,0.0
307,985600,-768.3926095962524,-7.683926296234131,-768.3926095962524,-7.683926296234131,0.0,768.3926095962524,7.683926296234131,63.27901554107666,0.6327898120880127,3.407615702152252,0.0,0.0,nan,nan,nan,nan,nan,nan,nan,nan,nan,nan,9856,-0.0014653755598701857,0.01570785716176033,1.494755709171295,-0.0019403984770178795,0.05531393177807331,0.05531393177807331,0.043532566353678706,0.001838830087582391,0.010893750164541416,0.6109359860420227,1.0,0.0055721153846153846,0.0003605288461538462,2,1.0,1.0,0.0
308,988800,-851.763256072998,-8.517632761001586,-851.763256072998,-8.517632761001586,0.0,851.763256072998,8.517632761001586,-20.091630935668945,-0.20091665267944236,4.216345624923706,0.0,0.0,nan,nan,nan,nan,nan,nan,nan,nan,nan,nan,9888,-0.0007739021102956212,0.020865175500512124,1.5174971342086792,0.001224903715774417,0.047913771495223044,0.047913771495223044,0.047048143669962884,0.0007614596164795373,0.003421874967170879,0.4260832667350769,1.0,0.005557692307692307,0.0003594230769230769,2,1.0,1.0,0.0
309,992000,-785.2208261489868,-7.852208189964294,-785.2208261489868,-7.852208189964294,0.0,785.2208261489868,7.852208189964294,46.450798988342285,0.46450791835784955,3.9451812076568604,0.0,0.0,nan,nan,nan,nan,nan,nan,nan,nan,nan,nan,9920,-0.001580571279360446,0.023762413673102854,1.4867046475410461,0.0020594312343746425,0.04692047908902168,0.04692047908902168,0.05729780793190002,0.001339429454675307,0.007124999980442226,0.4880408048629761,1.0,0.00554326923076923,0.0003583173076923077,2,1.0,1.0,0.0
310,995200,-818.5915460586548,-8.185915455818176,-818.5915460586548,-8.185915455818176,0.0,818.5915460586548,8.185915455818176,13.080079078674316,0.130800652503968,4.490676589012146,0.0,0.0,nan,nan,nan,nan,nan,nan,nan,nan,nan,nan,9952,-0.0012249134213314417,0.029880734533071517,1.4696174025535584,0.0055901649408042434,0.0452013086527586,0.0452013086527586,0.059582245722413066,0.0017229093005891756,0.008593749947613106,0.4554581642150879,1.0,0.005528846153846153,0.00035721153846153845,2,1.0,1.0,0.0
311,998400,-807.9408769607544,-8.079408860206604,-807.9408769607544,-8.079408860206604,0.0,807.9408769607544,8.079408860206604,23.730748176574707,0.23730724811554005,4.030005130767822,0.0,0.0,nan,nan,nan,nan,nan,nan,nan,nan,nan,nan,9984,-0.001301041644596257,0.029865187034010886,1.4729857921600342,0.005508885532617569,0.04882871359586716,0.04882871359586716,0.05875341147184372,0.00137571345621951,0.0083062498117215,0.4609972834587097,1.0,0.0055144230769230765,0.00035610576923076926,2,1.0,1.0,0.0
312,1001600,-738.4456653594971,-7.384456658363343,-738.4456653594971,-7.384456658363343,0.0,738.4456653594971,7.384456658363343,93.22595977783203,0.9322594499588011,3.8846306085586546,0.0,0.0,nan,nan,nan,nan,nan,nan,nan,nan,nan,nan,10016,-0.001201894641818768,0.026515853032469748,1.4637196898460387,0.0040055735968053344,0.04170686304569245,0.04170686304569245,0.06312771216034889,0.0018140463776956904,0.010593750018961146,0.592796802520752,1.0,0.0055,0.000355,2,1.0,1.0,0.0
313,1004800,-806.9077310562134,-8.069077434539794,-806.9077310562134,-8.069077434539794,0.0,806.9077310562134,8.069077434539794,24.763894081115723,0.24763867378234927,3.6329043889045716,0.0,0.0,nan,nan,nan,nan,nan,nan,nan,nan,nan,nan,10048,-0.0011203453396854356,0.026693184860050678,1.454461407661438,0.004247687011957169,0.055616754665970804,0.055616754665970804,0.04878703765571117,0.0012009448386391002,0.008146874961676076,0.41134852170944214,1.0,0.005485576923076923,0.00035389423076923076,2,1.0,1.0,0.0
314,1008000,-797.5499591827393,-7.975499906539917,-797.5499591827393,-7.975499906539917,0.0,797.5499591827393,7.975499906539917,34.121665954589844,0.34121620178222667,3.7572378849983217,0.0,0.0,nan,nan,nan,nan,nan,nan,nan,nan,nan,nan,10080,-0.001220483839686537,0.023931636288762093,1.4672442436218263,0.002717815525829792,0.050922841578722,0.050922841578722,0.058317051827907564,0.0018840806907985375,0.014909374853596091,0.37698352336883545,1.0,0.005471153846153846,0.00035278846153846157,2,1.0,1.0,0.0
315,1011200,-861.6268968582153,-8.616269063949584,-861.6268968582153,-8.616269063949584,0.0,861.6268968582153,8.616269063949584,-29.95527172088623,-0.29955295562744055,4.280039749145508,0.0,0.0,nan,nan,nan,nan,nan,nan,nan,nan,nan,nan,10112,-0.0007579620595468351,0.02945259101688862,1.4806970715522767,0.00588856814429164,0.044234469532966614,0.044234469532966614,0.06023235134780407,0.0007232161755393581,0.0027156249325344106,0.2468128204345703,1.0,0.005456730769230769,0.0003516826923076923,2,1.0,1.0,0.0
316,1014400,-721.8043823242188,-7.218043971061706,-721.8043823242188,-7.218043971061706,0.0,721.8043823242188,7.218043971061706,109.86724281311035,1.0986721372604373,3.5715764927864075,0.0,0.0,nan,nan,nan,nan,nan,nan,nan,nan,nan,nan,10144,-0.0011216648385103055,0.032293616235256194,1.4597285747528077,0.007080851122736931,0.04047805853188038,0.04047805853188038,0.06886802725493908,0.0012181705194973082,0.005118750021210872,0.4690256118774414,1.0,0.0054423076923076925,0.0003505769230769231,2,1.0,1.0,0.0
317,1017600,-794.631760597229,-7.946317763328552,-794.631760597229,-7.946317763328552,0.0,794.631760597229,7.946317763328552,37.0398645401001,0.3703983449935917,3.850104105472565,0.0,0.0,nan,nan,nan,nan,nan,nan,nan,nan,nan,nan,10176,-0.0008888071367575412,0.015303814318031073,1.458219301700592,-0.001151945861056447,0.04324102625250816,0.04324102625250816,0.0504219263792038,0.001136462870273408,0.004978124995250255,0.5569669008255005,1.0,0.005427884615384616,0.0003494711538461539,2,1.0,1.0,0.0
318,1020800,-860.5004730224609,-8.60500449180603,-860.5004730224609,-8.60500449180603,0.0,860.5004730224609,8.60500449180603,-28.828847885131836,-0.2882883834838861,4.530353722572326,0.0,0.0,nan,nan,nan,nan,nan,nan,nan,nan,nan,nan,10208,-0.0012378649032791123,0.04443755969405174,1.436541700363159,0.013204252161085606,0.05544028133153915,0.05544028133153915,0.07361386716365814,0.0012765341842180537,0.0070406249957159165,0.3484010696411133,1.0,0.005413461538461539,0.00034836538461538463,2,1.0,1.0,0.0
319,1024000,-802.1395559310913,-8.021395783424378,-802.1395559310913,-8.021395783424378,0.0,802.1395559310913,8.021395783424378,29.532069206237793,0.29532032489776583,4.054228458404541,0.0,0.0,nan,nan,nan,nan,nan,nan,nan,nan,nan,nan,10240,-0.0009202386250486416,0.034946993179619315,1.4356053233146668,0.00880236946977675,0.0395100899040699,0.0395100899040699,0.0729386754333973,0.0008687611480140448,0.0042781249554536774,0.5009015798568726,1.0,0.005399038461538461,0.00034725961538461543,2,1.0,1.0,0.0
320,1027200,-736.5488910675049,-7.3654885005950925,-736.5488910675049,-7.3654885005950925,0.0,736.5488910675049,7.3654885005950925,95.12273406982422,0.9512276077270512,3.308500735759735,0.0,0.0,-550.9948480129242,-5.509948480129242,-550.9948480129242,-5.509948480129242,100.0,3.1280949187278746,0.0,0.0,550.9948480129242,-53.66775059700012,10272,-0.0009968330296804106,0.022418121062219142,1.433826732635498,0.0024916224647313356,0.04084882363677025,0.04084882363677025,0.06477860435843467,0.001647064255668304,0.01419687483285088,0.6608072519302368,1.0,0.005384615384615384,0.0003461538461538462,2,1.0,1.0,0.0
321,1030400,-761.6298952102661,-7.616299324035644,-761.6298952102661,-7.616299324035644,0.0,761.6298952102661,7.616299324035644,70.04172992706299,0.7004167842864994,3.7950593543052675,0.0,0.0,nan,nan,nan,nan,nan,nan,nan,nan,nan,nan,10304,-0.0011083376555936387,0.017023839335888625,1.4273584842681886,-0.0002616074401885271,0.03967387713491917,0.03967387713491917,0.04883125238120556,0.0009440945043036463,0.004437500028871,0.6573787927627563,1.0,0.005370192307692308,0.000345048076923077,2,1.0,1.0,0.0
322,1033600,-844.2998819351196,-8.442998723983765,-844.2998819351196,-8.442998723983765,0.0,844.2998819351196,8.442998723983765,-12.628256797790527,-0.12628261566162102,4.197754662036896,0.0,0.0,nan,nan,nan,nan,nan,nan,nan,nan,nan,nan,10336,-0.0008529716434365397,0.02962720412760973,1.4288398623466492,0.006308093713596463,0.0367666557431221,0.0367666557431221,0.06491215340793133,0.0008037734251059204,0.003781250026077032,0.6031357049942017,1.0,0.00535576923076923,0.0003439423076923077,2,1.0,1.0,0.0
323,1036800,-792.6676635742188,-7.926676640510559,-792.6676635742188,-7.926676640510559,0.0,792.6676635742188,7.926676640510559,39.00396156311035,0.39003946781158483,3.6377215933799745,0.0,0.0,nan,nan,nan,nan,nan,nan,nan,nan,nan,nan,10368,-0.0005962453554923641,0.026815187372267246,1.4195521235466004,0.005229028826579452,0.032081518322229385,0.032081518322229385,0.0610315416008234,0.0005708052642162712,0.0024656250141561033,0.5746923685073853,1.0,0.005341346153846153,0.00034283653846153844,2,1.0,1.0,0.0
324,1040000,-866.8995008468628,-8.668994970321656,-866.8995008468628,-8.668994970321656,0.0,866.8995008468628,8.668994970321656,-35.22787570953369,-0.35227886199951186,4.598184518814087,0.0,0.0,nan,nan,nan,nan,nan,nan,nan,nan,nan,nan,10400,-0.0007045998875167214,0.030314923636615275,1.434164035320282,0.006813180586323142,0.04090451337397098,0.04090451337397098,0.07676918804645538,0.0009225612615422448,0.005034374968818156,0.21876370906829834,1.0,0.005326923076923076,0.0003417307692307692,2,1.0,1.0,0.0
325,1043200,-746.5661106109619,-7.465660929679871,-746.5661106109619,-7.465660929679871,0.0,746.5661106109619,7.465660929679871,85.10551452636719,0.8510551786422731,3.7113472628593445,0.0,0.0,nan,nan,nan,nan,nan,nan,nan,nan,nan,nan,10432,-0.0010361311210610679,0.01574453739449382,1.4338771939277648,-0.0007813351228833198,0.042794959247112276,0.042794959247112276,0.04531913921236992,0.0009814731198289068,0.0054374999948777255,0.6835503578186035,1.0,0.0053124999999999995,0.000340625,2,1.0,1.0,0.0
326,1046400,-812.132402420044,-8.121323914527894,-812.132402420044,-8.121323914527894,0.0,812.132402420044,8.121323914527894,19.539222717285156,0.19539219379425,3.9655367302894593,0.0,0.0,nan,nan,nan,nan,nan,nan,nan,nan,nan,nan,10464,-0.0008819342136674457,0.034213725477457047,1.44421306848526,0.008573376387357712,0.042877711728215216,0.042877711728215216,0.06487753316760063,0.0015226185936639256,0.010128124846960417,0.5271068215370178,1.0,0.005298076923076923,0.00033951923076923075,2,1.0,1.0,0.0
327,1049600,-868.1520128250122,-8.681520433425904,-868.1520128250122,-8.681520433425904,0.0,868.1520128250122,8.681520433425904,-36.480387687683105,-0.36480432510376026,4.247752017974854,0.0,0.0,nan,nan,nan,nan,nan,nan,nan,nan,nan,nan,10496,-0.0007595558819797788,0.057253303751349446,1.4628477573394776,0.020137915294617413,0.04033932164311409,0.04033932164311409,0.08110921159386635,0.0012972684719000436,0.003628124939859845,0.27385056018829346,1.0,0.005283653846153846,0.00033841346153846156,2,1.0,1.0,0.0
328,1052800,-746.9458274841309,-7.469458365440369,-746.9458274841309,-7.469458365440369,0.0,746.9458274841309,7.469458365440369,84.72579765319824,0.8472577428817747,3.6215673232078553,0.0,0.0,nan,nan,nan,nan,nan,nan,nan,nan,nan,nan,10528,-0.0009811050143616385,0.03054965380579233,1.448347020149231,0.006662047188729048,0.0429401732981205,0.0429401732981205,0.06545669883489609,0.0008780747510185266,0.006171874876599759,0.4110206365585327,1.0,0.005269230769230769,0.0003373076923076923,2,1.0,1.0,0.0
329,1056000,-845.0344762802124,-8.450345067977905,-845.0344762802124,-8.450345067977905,0.0,845.0344762802124,8.450345067977905,-13.3628511428833,-0.13362895965576094,3.851672713756561,0.0,0.0,nan,nan,nan,nan,nan,nan,nan,nan,nan,nan,10560,-0.0009434255048516249,0.030891922302544117,1.4807488322257996,0.006721485080197454,0.041518015787005424,0.041518015787005424,0.0626328594982624,0.001006916271218129,0.003621874938471592,0.4326675534248352,1.0,0.0052548076923076914,0.00033620192307692306,2,1.0,1.0,0.0
330,1059200,-800.4461612701416,-8.00446174621582,-800.4461612701416,-8.00446174621582,0.0,800.4461612701416,8.00446174621582,31.2254638671875,0.31225436210632296,3.6469343423843386,0.0,0.0,nan,nan,nan,nan,nan,nan,nan,nan,nan,nan,10592,-0.0011641261413693372,0.02562450133264065,1.4739844083786011,0.003923879470676184,0.04637517482042312,0.04637517482042312,0.057365325093269345,0.0019799682399036316,0.008196875086287036,0.6650793552398682,1.0,0.005240384615384615,0.00033509615384615387,2,1.0,1.0,0.0
331,1062400,-716.6169395446777,-7.166169476509094,-716.6169395446777,-7.166169476509094,0.0,716.6169395446777,7.166169476509094,115.05468559265137,1.1505466318130493,3.5108341717720033,0.0,0.0,nan,nan,nan,nan,nan,nan,nan,nan,nan,nan,10624,-0.0010325370640668296,0.029524952173233032,1.466782522201538,0.006064590159803629,0.041658496111631395,0.041658496111631395,0.06358218304812908,0.0010110800662017447,0.004874999908497557,0.5176681280136108,1.0,0.005225961538461538,0.0003339903846153846,2,1.0,1.0,0.0
332,1065600,-820.5601015090942,-8.205601000785828,-820.5601015090942,-8.205601000785828,0.0,820.5601015090942,8.205601000785828,11.111523628234863,0.1111151075363157,4.2469597339630125,0.0,0.0,nan,nan,nan,nan,nan,nan,nan,nan,nan,nan,10656,-0.001388857266050758,0.03058479316532612,1.4662185072898866,0.006262285262346267,0.06512330248951911,0.06512330248951911,0.06377622932195663,0.0016283873526858118,0.00829374987515621,0.5105811953544617,1.0,0.005211538461538461,0.0003328846153846154,2,1.0,1.0,0.0
333,1068800,-802.8316812515259,-8.028316369056702,-802.8316812515259,-8.028316369056702,0.0,802.8316812515259,8.028316369056702,28.839943885803223,0.2883997392654418,4.105346503257752,0.0,0.0,nan,nan,nan,nan,nan,nan,nan,nan,nan,nan,10688,-0.001105553686199734,0.04048441052436828,1.4455561876296996,0.011623929580673575,0.04544801469892264,0.04544801469892264,0.0792990505695343,0.0019681536155999315,0.01304062505805632,0.2029820680618286,1.0,0.005197115384615384,0.0003317788461538462,2,1.0,1.0,0.0
334,1072000,-786.0947713851929,-7.8609475946426395,-786.0947713851929,-7.8609475946426395,0.0,786.0947713851929,7.8609475946426395,45.57685375213623,0.4557685136795042,3.7589548087120055,0.0,0.0,nan,nan,nan,nan,nan,nan,nan,nan,nan,nan,10720,-0.0008212221212103077,0.028367402404546736,1.4727075815200805,0.005729888845235109,0.036647710390388964,0.036647710390388964,0.06331643760204315,0.0011771730947668434,0.004940625177914626,0.44000864028930664,1.0,0.005182692307692307,0.00033067307692307693,2,1.0,1.0,0.0
335,1075200,-858.0901870727539,-8.580902156829834,-858.0901870727539,-8.580902156829834,0.0,858.0901870727539,8.580902156829834,-26.418561935424805,-0.2641860485076908,4.31975266456604,0.0,0.0,nan,nan,nan,nan,nan,nan,nan,nan,nan,nan,10752,-0.0008497900280024951,0.04003168568015099,1.4683892846107482,0.011577021330595016,0.04823831580579281,0.04823831580579281,0.07509535551071167,0.0010034964416275878,0.0077812500967411324,0.42256832122802734,1.0,0.005168269230769231,0.00032956730769230773,2,1.0,1.0,0.0
336,1078400,-734.7699632644653,-7.347699503898621,-734.7699632644653,-7.347699503898621,0.0,734.7699632644653,7.347699503898621,96.90166187286377,0.9690166044235227,2.915081307888031,0.0,0.0,nan,nan,nan,nan,nan,nan,nan,nan,nan,nan,10784,-0.0010839905156754038,0.031216737255454062,1.4604190826416015,0.006997602991759777,0.040388232097029686,0.040388232097029686,0.06727839224040508,0.0015905803593353363,0.007140625081956386,0.3844708800315857,1.0,0.005153846153846154,0.0003284615384615385,2,1.0,1.0,0.0
337,1081600,-834.4699058532715,-8.344698781967162,-834.4699058532715,-8.344698781967162,0.0,834.4699058532715,8.344698781967162,-2.798280715942383,-0.027982673645018608,4.165309510231018,0.0,0.0,nan,nan,nan,nan,nan,nan,nan,nan,nan,nan,10816,-0.0011442449737456672,0.027922709472477436,1.4316025733947755,0.005459498427808285,0.049228052422404286,0.049228052422404286,0.06549293398857117,0.0013010100730766535,0.00874999996740371,0.4835852384567261,1.0,0.005139423076923077,0.00032735576923076924,2,1.0,1.0,0.0
338,1084800,-812.9437255859375,-8.129437046051025,-812.9437255859375,-8.129437046051025,0.0,812.9437255859375,8.129437046051025,18.7278995513916,0.18727906227111824,3.8937523770332336,0.0,0.0,nan,nan,nan,nan,nan,nan,nan,nan,nan,nan,10848,-0.0009268748149857675,0.035646521113812925,1.4452049374580382,0.009489710023626686,0.039003529399633405,0.039003529399633405,0.07737228013575077,0.0009131180177077307,0.0036781250208150597,-0.14779162406921387,1.0,0.005125,0.00032625000000000004,2,1.0,1.0,0.0
339,1088000,-734.5554275512695,-7.345554461479187,-734.5554275512695,-7.345554461479187,0.0,734.5554275512695,7.345554461479187,97.11619758605957,0.9711616468429565,3.639346833229065,0.0,0.0,nan,nan,nan,nan,nan,nan,nan,nan,nan,nan,10880,-0.0008605332964680912,0.02830791398882866,1.4162203550338746,0.006055720942094922,0.0383640605956316,0.0383640605956316,0.05869566835463047,0.001017525269345777,0.0038187499711057173,0.49455368518829346,1.0,0.005110576923076923,0.0003251442307692308,2,1.0,1.0,0.0
340,1091200,-760.0901765823364,-7.6009017276763915,-760.0901765823364,-7.6009017276763915,0.0,760.0901765823364,7.6009017276763915,71.58144855499268,0.7158143806457522,4.119074454307556,0.0,0.0,-588.3920810222626,-5.883920810222626,-588.3920810222626,-5.883920810222626,100.0,4.062131092548371,0.0,0.0,588.3920810222626,-91.0649836063385,10912,-0.0013079149255354138,0.023517596535384655,1.4425445079803467,0.0030994547065347432,0.05622494034469128,0.05622494034469128,0.05501685068011284,0.001393449179887761,0.0077625000725674905,0.46503156423568726,1.0,0.005096153846153847,0.0003240384615384616,2,1.0,1.0,0.0
341,1094400,-693.0468044281006,-6.9304681444168095,-693.0468044281006,-6.9304681444168095,0.0,693.0468044281006,6.9304681444168095,138.62482070922852,1.3862479639053342,3.3255432486534118,0.0,0.0,nan,nan,nan,nan,nan,nan,nan,nan,nan,nan,10944,-0.0015751534070819416,0.027608032710850237,1.4424598693847657,0.004898670036345721,0.047915564477443696,0.047915564477443696,0.05913067050278187,0.002334381356196655,0.011900000035529957,0.45962315797805786,1.0,0.005081730769230769,0.00032293269230769235,2,1.0,1.0,0.0
342,1097600,-879.661455154419,-8.796614532470704,-879.661455154419,-8.796614532470704,0.0,879.661455154419,8.796614532470704,-47.989830017089844,-0.4798984241485602,4.481746010780334,0.0,0.0,nan,nan,nan,nan,nan,nan,nan,nan,nan,nan,10976,-0.001173774131533012,0.035315068624913695,1.4633822560310363,0.009068352170288563,0.04820448011159897,0.04820448011159897,0.06850988157093525,0.0013147213798232495,0.009009374925517477,0.48899465799331665,1.0,0.005067307692307691,0.00032182692307692305,2,1.0,1.0,0.0
343,1100800,-770.8092422485352,-7.708092293739319,-770.8092422485352,-7.708092293739319,0.0,770.8092422485352,7.708092293739319,60.862382888793945,0.6086238145828249,3.7930013942718506,0.0,0.0,nan,nan,nan,nan,nan,nan,nan,nan,nan,nan,11008,-0.0009013350771274631,0.022068609669804572,1.4694631099700928,0.0027079421561211348,0.05313914120197296,0.05313914120197296,0.049679776281118394,0.000979408266722706,0.0059437499556224795,0.5336888432502747,1.0,0.0050528846153846145,0.0003207211538461538,2,1.0,1.0,0.0
344,1104000,-806.4226779937744,-8.06422652244568,-806.4226779937744,-8.06422652244568,0.0,806.4226779937744,8.06422652244568,25.248947143554688,0.2524895858764644,4.240429286956787,0.0,0.0,nan,nan,nan,nan,nan,nan,nan,nan,nan,nan,11040,-0.0009360670798399973,0.0276049118489027,1.4861878156661987,0.005378288542851805,0.04073116555809975,0.04073116555809975,0.05776594057679176,0.0009550845823480287,0.0043031249253544955,0.5610933303833008,1.0,0.005038461538461538,0.0003196153846153846,2,1.0,1.0,0.0
345,1107200,-851.729642868042,-8.517295961380006,-851.729642868042,-8.517295961380006,0.0,851.729642868042,8.517295961380006,-20.05801773071289,-0.20057985305786197,4.540820412635803,0.0,0.0,nan,nan,nan,nan,nan,nan,nan,nan,nan,nan,11072,-0.0008462020474544474,0.034682967513799665,1.4784501433372497,0.009067491628229618,0.034688093885779384,0.034688093885779384,0.07299568355083466,0.0008239147467986264,0.003531250060768798,0.4201622009277344,1.0,0.005024038461538461,0.00031850961538461536,2,1.0,1.0,0.0
346,1110400,-764.4014129638672,-7.64401442527771,-764.4014129638672,-7.64401442527771,0.0,764.4014129638672,7.64401442527771,67.27021217346191,0.6727016830444335,3.237891502380371,0.0,0.0,nan,nan,nan,nan,nan,nan,nan,nan,nan,nan,11104,-0.001153404748241904,0.028839804604649542,1.4595837354660035,0.005954544385895133,0.04216478914022446,0.04216478914022446,0.06745274774730206,0.0013285539174843727,0.00829062495904509,0.4776114225387573,1.0,0.005009615384615384,0.00031740384615384616,2,1.0,1.0,0.0
347,1113600,-899.3370475769043,-8.993370485305785,-899.3370475769043,-8.993370485305785,0.0,899.3370475769043,8.993370485305785,-67.6654224395752,-0.6766543769836417,4.094929823875427,0.0,0.0,nan,nan,nan,nan,nan,nan,nan,nan,nan,nan,11136,-0.0012376458474669505,0.0361092546954751,1.4852646112442016,0.009397799149155617,0.04753381796181202,0.04753381796181202,0.07450363636016846,0.001379300069676272,0.005390624894062057,0.37095773220062256,1.0,0.004995192307692307,0.0003162980769230769,2,1.0,1.0,0.0
348,1116800,-826.74973487854,-8.267497811317444,-826.74973487854,-8.267497811317444,0.0,826.74973487854,8.267497811317444,4.9218902587890625,0.04921829700469971,4.221455805301666,0.0,0.0,nan,nan,nan,nan,nan,nan,nan,nan,nan,nan,11168,-0.0009419372466392906,0.02836480811238289,1.429145061969757,0.0061222253367304805,0.04807170815765858,0.04807170815765858,0.06486778743565083,0.001172792479339009,0.005693750016507693,0.5184956789016724,1.0,0.0049807692307692305,0.00031519230769230767,2,1.0,1.0,0.0
349,1120000,-784.0376777648926,-7.840376777648926,-784.0376777648926,-7.840376777648926,0.0,784.0376777648926,7.840376777648926,47.63394737243652,0.476339330673218,4.148288552761078,0.0,0.0,nan,nan,nan,nan,nan,nan,nan,nan,nan,nan,11200,-0.0012317966194125064,0.026236181519925593,1.4248407125473022,0.004810041980817914,0.05219616629183292,0.05219616629183292,0.06333072930574417,0.0019102316553486127,0.009309375006705523,0.2889055013656616,1.0,0.004966346153846154,0.0003140865384615385,2,1.0,1.0,0.0
350,1123200,-755.9658241271973,-7.559658241271973,-755.9658241271973,-7.559658241271973,0.0,755.9658241271973,7.559658241271973,75.70580101013184,0.7570578670501709,4.062426824569702,0.0,0.0,nan,nan,nan,nan,nan,nan,nan,nan,nan,nan,11232,-0.0004403103777596673,0.051704103499650954,1.4482741594314574,0.01823999909684062,0.02941683791577816,0.02941683791577816,0.09203568249940872,0.0005613969380659788,0.0016875000117579475,0.4374885559082031,1.0,0.004951923076923077,0.0003129807692307692,2,1.0,1.0,0.0
351,1126400,-873.7985677719116,-8.737985582351685,-873.7985677719116,-8.737985582351685,0.0,873.7985677719116,8.737985582351685,-42.12694263458252,-0.4212694740295415,4.476660695075989,0.0,0.0,nan,nan,nan,nan,nan,nan,nan,nan,nan,nan,11264,-0.0009312193506455735,0.029610356129705907,1.451265549659729,0.006708334805443883,0.03538843840360641,0.03538843840360641,0.06044130176305771,0.0006316932178391144,0.0024281250050989913,0.5153297185897827,1.0,0.004937499999999999,0.00031187500000000003,2,1.0,1.0,0.0
352,1129600,-738.8148617744446,-7.38814868927002,-738.8148617744446,-7.38814868927002,0.0,738.8148617744446,7.38814868927002,92.85676336288452,0.9285674190521238,3.629388036727905,0.0,0.0,nan,nan,nan,nan,nan,nan,nan,nan,nan,nan,11296,-0.000869603117875517,0.03669484443962574,1.4174838066101074,0.01049943738617003,0.03791073821485043,0.03791073821485043,0.07150401882827281,0.0009842050640159624,0.005853124978602864,0.3156140446662903,1.0,0.004923076923076922,0.0003107692307692308,2,1.0,1.0,0.0
353,1132800,-785.8532552719116,-7.858532829284668,-785.8532552719116,-7.858532829284668,0.0,785.8532552719116,7.858532829284668,45.81836986541748,0.4581832790374758,4.045821335315704,0.0,0.0,nan,nan,nan,nan,nan,nan,nan,nan,nan,nan,11328,-0.0011980620334972603,0.025849106535315514,1.445411217212677,0.004631467955186963,0.04794968292117119,0.04794968292117119,0.056462688744068144,0.0008845163944001821,0.006396875081918552,0.5484108924865723,1.0,0.004908653846153846,0.00030966346153846154,2,1.0,1.0,0.0
354,1136000,-830.8816633224487,-8.308817138671875,-830.8816633224487,-8.308817138671875,0.0,830.8816633224487,8.308817138671875,0.7899618148803711,0.007898969650268484,4.33583477973938,0.0,0.0,nan,nan,nan,nan,nan,nan,nan,nan,nan,nan,11360,-0.0009244267701054909,0.04881998933851719,1.445239043235779,0.01641223458573222,0.03944366537034512,0.03944366537034512,0.07538094371557236,0.0010439787547524674,0.007015625066924258,0.2754269242286682,1.0,0.004894230769230769,0.00030855769230769234,2,1.0,1.0,0.0
355,1139200,-714.1051845550537,-7.14105188369751,-714.1051845550537,-7.14105188369751,0.0,714.1051845550537,7.14105188369751,117.56644058227539,1.1756642246246338,3.3908399534225464,0.0,0.0,nan,nan,nan,nan,nan,nan,nan,nan,nan,nan,11392,-0.0007205898137705447,0.024443819001317025,1.4199918270111085,0.0045720328576862816,0.043030020967125895,0.043030020967125895,0.0593912661075592,0.0006621700382325889,0.003765624953666702,0.6185439825057983,1.0,0.004879807692307692,0.0003074519230769231,2,1.0,1.0,0.0
356,1142400,-826.1592350006104,-8.261592483520507,-826.1592350006104,-8.261592483520507,0.0,826.1592350006104,8.261592483520507,5.51239013671875,0.05512362480163624,4.101678059101105,0.0,0.0,nan,nan,nan,nan,nan,nan,nan,nan,nan,nan,11424,-0.0008940591139835252,0.0316873075440526,1.4476505637168884,0.007906217779964208,0.04549063928425312,0.04549063928425312,0.07352841198444367,0.0009648184819538747,0.005609374998311978,0.31854623556137085,1.0,0.004865384615384615,0.0003063461538461539,2,1.0,1.0,0.0
357,1145600,-838.454475402832,-8.384544801712035,-838.454475402832,-8.384544801712035,0.0,838.454475402832,8.384544801712035,-6.78285026550293,-0.06782869338989173,4.011838500499725,0.0,0.0,nan,nan,nan,nan,nan,nan,nan,nan,nan,nan,11456,-0.0012914718872925946,0.03501374199986458,1.4548752903938293,0.009157854644581676,0.06125884875655174,0.06125884875655174,0.07018426209688186,0.0015914592528148454,0.011862499982817099,0.22693973779678345,1.0,0.004850961538461538,0.00030524038461538465,2,1.0,1.0,0.0
358,1148800,-822.3251371383667,-8.223251891136169,-822.3251371383667,-8.223251891136169,0.0,822.3251371383667,8.223251891136169,9.346487998962402,0.09346421718597497,3.7822612571716308,0.0,0.0,nan,nan,nan,nan,nan,nan,nan,nan,nan,nan,11488,-0.0008524450139375083,0.036606444790959355,1.4746522068977357,0.010318565694615246,0.04371259436011314,0.04371259436011314,0.08018114566802978,0.00117208127776522,0.0050968750667379934,0.2887912392616272,1.0,0.0048365384615384616,0.0003041346153846154,2,1.0,1.0,0.0
359,1152000,-774.7014904022217,-7.7470147943496706,-774.7014904022217,-7.7470147943496706,0.0,774.7014904022217,7.7470147943496706,56.97013473510742,0.5697013139724731,3.853306322097778,0.0,0.0,nan,nan,nan,nan,nan,nan,nan,nan,nan,nan,11520,-0.0007125629884320972,0.02679910250008106,1.4734546780586242,0.005581819592043758,0.039654241874814034,0.039654241874814034,0.06341116055846215,0.0011217285551552308,0.005146875121499761,0.5654771327972412,1.0,0.004822115384615385,0.0003030288461538462,2,1.0,1.0,0.0
360,1155200,-738.9560251235962,-7.389560108184814,-738.9560251235962,-7.389560108184814,0.0,738.9560251235962,7.389560108184814,92.71560001373291,0.9271560001373294,3.409676375389099,0.0,0.0,-533.6472945213318,-5.336472945213318,-533.6472945213318,-5.336472945213318,100.0,3.079585803747177,0.0,0.0,533.6472945213318,-36.320197105407715,11552,-0.0009078921195119438,0.02421799171715975,1.4684144616127015,0.004141418682411313,0.040187333896756175,0.040187333896756175,0.05456721857190132,0.0008100429873607231,0.0034406250779284164,0.3444274067878723,1.0,0.004807692307692308,0.00030192307692307696,2,1.0,1.0,0.0
361,1158400,-799.302167892456,-7.993021245002747,-799.302167892456,-7.993021245002747,0.0,799.302167892456,7.993021245002747,32.36945724487305,0.323694863319397,3.7224754214286806,0.0,0.0,nan,nan,nan,nan,nan,nan,nan,nan,nan,nan,11584,-0.0015390306462300884,0.029568037018179893,1.454672920703888,0.0062723489012569186,0.052514209598302844,0.052514209598302844,0.06825437024235725,0.0014231787332406516,0.010381249984493478,0.20490264892578125,1.0,0.00479326923076923,0.00030081730769230766,2,1.0,1.0,0.0
362,1161600,-872.4127759933472,-8.724127998352051,-872.4127759933472,-8.724127998352051,0.0,872.4127759933472,8.724127998352051,-40.741150856018066,-0.4074118900299073,4.136840615272522,0.0,0.0,nan,nan,nan,nan,nan,nan,nan,nan,nan,nan,11616,-0.0007914830633730218,0.032794203422963616,1.4694642782211305,0.00858327499590814,0.050327704101800916,0.050327704101800916,0.06182048544287681,0.0008166940591778039,0.005499999987659976,0.5184915065765381,1.0,0.004778846153846153,0.00029971153846153846,2,1.0,1.0,0.0
363,1164800,-772.8295106887817,-7.728295168876648,-772.8295106887817,-7.728295168876648,0.0,772.8295106887817,7.728295168876648,58.84211444854736,0.5884209394454958,3.7475420379638673,0.0,0.0,nan,nan,nan,nan,nan,nan,nan,nan,nan,nan,11648,-0.0007769205971795645,0.02053616251796484,1.4678012371063232,0.002497934177517891,0.03706906586885452,0.03706906586885452,0.049742499366402626,0.000749456007362111,0.0009250000111933332,0.40152549743652344,1.0,0.004764423076923076,0.0002986057692307692,2,1.0,1.0,0.0
364,1168000,-809.3309736251831,-8.093309698104859,-809.3309736251831,-8.093309698104859,0.0,809.3309736251831,8.093309698104859,22.340651512145996,0.2234064102172848,4.510324878692627,0.0,0.0,nan,nan,nan,nan,nan,nan,nan,nan,nan,nan,11680,-0.00153266206546685,0.03672081511467695,1.4777813315391541,0.009808284370228649,0.06313609108328819,0.06313609108328819,0.07353853806853294,0.0019783279298296068,0.01695000044128392,0.31524932384490967,1.0,0.004749999999999999,0.00029749999999999997,2,1.0,1.0,0.0
365,1171200,-774.0469312667847,-7.740469055175781,-774.0469312667847,-7.740469055175781,0.0,774.0469312667847,7.740469055175781,57.624693870544434,0.5762470531463624,3.812358739376068,0.0,0.0,nan,nan,nan,nan,nan,nan,nan,nan,nan,nan,11712,-0.0007359544092789382,0.027616851963102818,1.4727739810943603,0.0060980371199548244,0.04320598244667053,0.04320598244667053,0.06983520723879337,0.0009080869735056732,0.005487500014714897,0.5383739471435547,1.0,0.004735576923076922,0.0002963942307692308,2,1.0,1.0,0.0
366,1174400,-714.2897796630859,-7.142897810935974,-714.2897796630859,-7.142897810935974,0.0,714.2897796630859,7.142897810935974,117.38184547424316,1.1738182973861697,3.547328474521637,0.0,0.0,nan,nan,nan,nan,nan,nan,nan,nan,nan,nan,11744,-0.0006385746324319541,0.034828071296215055,1.448058271408081,0.009938954934477806,0.04065405167639256,0.04065405167639256,0.0691527433693409,0.001108944101726125,0.006390624982304871,0.2627590298652649,1.0,0.004721153846153845,0.0002952884615384615,2,1.0,1.0,0.0
367,1177600,-754.2553930282593,-7.5425542545318605,-754.2553930282593,-7.5425542545318605,0.0,754.2553930282593,7.5425542545318605,77.41623210906982,0.7741618537902832,3.6157655930519104,0.0,0.0,nan,nan,nan,nan,nan,nan,nan,nan,nan,nan,11776,-0.0012429031266830925,0.02498120814561844,1.4544956922531127,0.0044017815962433815,0.0531942967325449,0.0531942967325449,0.06038070991635323,0.0011775736049472877,0.005731249925156589,0.48853087425231934,1.0,0.004706730769230769,0.00029418269230769233,2,1.0,1.0,0.0
368,1180800,-915.6012048721313,-9.15601188659668,-915.6012048721313,-9.15601188659668,0.0,915.6012048721313,9.15601188659668,-83.92957973480225,-0.8392957782745363,4.972686877250672,0.0,0.0,nan,nan,nan,nan,nan,nan,nan,nan,nan,nan,11808,-0.0012175299507681814,0.04802584163844585,1.4452867746353149,0.016013660933822393,0.048025592043995854,0.048025592043995854,0.07913449704647064,0.001441701656223406,0.004715625084645581,0.31868284940719604,1.0,0.004692307692307692,0.0002930769230769231,2,1.0,1.0,0.0
369,1184000,-749.5197229385376,-7.4951973104476926,-749.5197229385376,-7.4951973104476926,0.0,749.5197229385376,7.4951973104476926,82.1519021987915,0.8215187978744511,3.4583963537216187,0.0,0.0,nan,nan,nan,nan,nan,nan,nan,nan,nan,nan,11840,-0.0012130055690183993,0.03181260824203491,1.4423102140426636,0.007946337666362524,0.04474156647920609,0.04474156647920609,0.07603933662176132,0.0016646824333307257,0.006587500133900903,0.2749354839324951,1.0,0.004677884615384615,0.00029197115384615383,2,1.0,1.0,0.0
370,1187200,-774.3081932067871,-7.743082027435303,-774.3081932067871,-7.743082027435303,0.0,774.3081932067871,7.743082027435303,57.36343193054199,0.5736340808868405,3.9559197473526,0.0,0.0,nan,nan,nan,nan,nan,nan,nan,nan,nan,nan,11872,-0.0013718600221444,0.03163866475224495,1.4221691370010376,0.00781524139456451,0.0606437548995018,0.0606437548995018,0.06131275966763496,0.0015547126298786616,0.009812500060070306,0.3769266605377197,1.0,0.004663461538461538,0.00029086538461538464,2,1.0,1.0,0.0
371,1190400,-776.638521194458,-7.766385445594787,-776.638521194458,-7.766385445594787,0.0,776.638521194458,7.766385445594787,55.033103942871094,0.5503306627273563,4.0606910562515255,0.0,0.0,nan,nan,nan,nan,nan,nan,nan,nan,nan,nan,11904,-0.0012775775750865747,0.03245829679071903,1.4189924001693726,0.008354620588943363,0.05461832024157047,0.05461832024157047,0.06660022102296352,0.001149485608404215,0.0060593749854888305,0.39184409379959106,1.0,0.004649038461538461,0.0002897596153846154,2,1.0,1.0,0.0
372,1193600,-875.7752733230591,-8.757752141952516,-875.7752733230591,-8.757752141952516,0.0,875.7752733230591,8.757752141952516,-44.10364818572998,-0.4410360336303718,4.545774493217468,0.0,0.0,nan,nan,nan,nan,nan,nan,nan,nan,nan,nan,11936,-0.0008616414065123479,0.06066666170954704,1.3898455619812011,0.02303029000759125,0.044837388396263125,0.044837388396263125,0.09105442315340043,0.00113335734495364,0.007440625020171865,0.12376993894577026,1.0,0.004634615384615385,0.0002886538461538462,2,1.0,1.0,0.0
373,1196800,-759.2209777832031,-7.592210330963135,-759.2209777832031,-7.592210330963135,0.0,759.2209777832031,7.592210330963135,72.45064735412598,0.7245057773590089,3.879786717891693,0.0,0.0,nan,nan,nan,nan,nan,nan,nan,nan,nan,nan,11968,-0.0009158190696558321,0.04866995066404343,1.4099814295768738,0.016904770862311125,0.049618447199463844,0.049618447199463844,0.08424613252282143,0.0010758002714299896,0.008059374993899837,0.3690938353538513,1.0,0.004620192307692308,0.00028754807692307695,2,1.0,1.0,0.0
374,1200000,-834.9180421829224,-8.349180498123168,-834.9180421829224,-8.349180498123168,0.0,834.9180421829224,8.349180498123168,-3.2464170455932617,-0.032464389801024396,3.470907950401306,0.0,0.0,nan,nan,nan,nan,nan,nan,nan,nan,nan,nan,12000,-0.0010660863884782933,0.03700251281261444,1.407304322719574,0.010953450994566082,0.05986612439155579,0.05986612439155579,0.07023481614887714,0.001161229377614233,0.006421875010710209,0.3792189359664917,1.0,0.00460576923076923,0.0002864423076923077,2,1.0,1.0,0.0
375,1203200,-781.5123510360718,-7.815123491287231,-781.5123510360718,-7.815123491287231,0.0,781.5123510360718,7.815123491287231,50.159274101257324,0.5015926170349125,3.9950600481033325,0.0,0.0,nan,nan,nan,nan,nan,nan,nan,nan,nan,nan,12032,-0.0015160732297343493,0.03251618351787329,1.4321166276931763,0.008166675176471471,0.06382338628172875,0.06382338628172875,0.08636649772524833,0.0018770093145591056,0.01438750021479791,0.2620912790298462,1.0,0.004591346153846153,0.0002853365384615385,2,1.0,1.0,0.0
376,1206400,-801.818844795227,-8.018188118934631,-801.818844795227,-8.018188118934631,0.0,801.818844795227,8.018188118934631,29.85278034210205,0.29852798938751235,4.140564575195312,0.0,0.0,nan,nan,nan,nan,nan,nan,nan,nan,nan,nan,12064,-0.0009141569206374989,0.030197711288928987,1.4462665438652038,0.007565248291939497,0.05175771862268448,0.05175771862268448,0.06506898328661918,0.001147516855418644,0.007103125099092722,0.3279194235801697,1.0,0.0045769230769230765,0.00028423076923076926,2,1.0,1.0,0.0
377,1209600,-820.7478952407837,-8.20747944355011,-820.7478952407837,-8.20747944355011,0.0,820.7478952407837,8.20747944355011,10.92372989654541,0.10923666477203398,4.081993229389191,0.0,0.0,nan,nan,nan,nan,nan,nan,nan,nan,nan,nan,12096,-0.0004966039018326817,0.04438991025090218,1.4773961305618286,0.014957731310278177,0.03453159723430872,0.03453159723430872,0.08371274545788765,0.0004929924625696949,0.0033250000004045434,0.26613837480545044,1.0,0.0045625,0.00028312500000000006,2,1.0,1.0,0.0
378,1212800,-849.345552444458,-8.493455486297607,-849.345552444458,-8.493455486297607,0.0,849.345552444458,8.493455486297607,-17.673927307128906,-0.1767393779754638,4.529199514389038,0.0,0.0,nan,nan,nan,nan,nan,nan,nan,nan,nan,nan,12128,-0.0014055236715939667,0.037519202753901484,1.4830786824226379,0.010608921479433774,0.055727193132042885,0.055727193132042885,0.06975593455135823,0.001267765610283629,0.0077249998546903955,0.48009192943573,1.0,0.004548076923076923,0.0002820192307692308,2,1.0,1.0,0.0
379,1216000,-789.5501155853271,-7.895501365661621,-789.5501155853271,-7.895501365661621,0.0,789.5501155853271,7.895501365661621,42.12150955200195,0.4212147426605224,4.526517577171326,0.0,0.0,nan,nan,nan,nan,nan,nan,nan,nan,nan,nan,12160,-0.0008703540397051235,0.0583098653703928,1.456372356414795,0.02168189026415348,0.03883975297212601,0.03883975297212601,0.09988075494766235,0.001058728408317126,0.005712500074878335,0.2020745873451233,1.0,0.004533653846153846,0.00028091346153846157,2,1.0,1.0,0.0
380,1219200,-841.7640657424927,-8.417640562057494,-841.7640657424927,-8.417640562057494,0.0,841.7640657424927,8.417640562057494,-10.092440605163574,-0.10092445373535064,4.832046184539795,0.0,0.0,-505.45830035209656,-5.054583003520966,-505.45830035209656,-5.054583003520966,100.0,3.1278908288478853,0.0,0.0,505.45830035209656,-8.131202936172485,12192,-0.0007763183139904761,0.034523092210292816,1.4570504546165466,0.009900480648502708,0.04471996873617172,0.04471996873617172,0.072004758939147,0.0008044413720214004,0.0060124999552499505,0.40351104736328125,1.0,0.004519230769230769,0.0002798076923076924,2,1.0,1.0,0.0
381,1222400,-794.9591903686523,-7.949591546058655,-794.9591903686523,-7.949591546058655,0.0,794.9591903686523,7.949591546058655,36.71243476867676,0.36712456226348866,3.9973645973205567,0.0,0.0,nan,nan,nan,nan,nan,nan,nan,nan,nan,nan,12224,-0.000851701256673465,0.05126002877950668,1.4736464738845825,0.018139819148927927,0.06034736558794975,0.06034736558794975,0.09329789951443672,0.0006837038730752741,0.004218750004656613,0.3202402591705322,1.0,0.004504807692307692,0.00027870192307692307,2,1.0,1.0,0.0
382,1225600,-662.5588226318359,-6.625588049888611,-662.5588226318359,-6.625588049888611,0.0,662.5588226318359,6.625588049888611,169.11280250549316,1.6911280584335326,3.235391833782196,0.0,0.0,nan,nan,nan,nan,nan,nan,nan,nan,nan,nan,12256,-0.0011092180003586805,0.03324244674295187,1.4518220543861389,0.008992765750735997,0.040245385468006135,0.040245385468006135,0.08655249401926994,0.0012263406348225932,0.006496875014272518,0.5497850179672241,1.0,0.004490384615384615,0.0002775961538461538,2,1.0,1.0,0.0
383,1228800,-797.1696529388428,-7.971696872711181,-797.1696529388428,-7.971696872711181,0.0,797.1696529388428,7.971696872711181,34.50197219848633,0.3450192356109625,4.503787436485291,0.0,0.0,nan,nan,nan,nan,nan,nan,nan,nan,nan,nan,12288,-0.0011725984013290169,0.01984232123941183,1.4518875479698181,0.002249969495460391,0.05300452075898647,0.05300452075898647,0.05336792841553688,0.0013789726221162212,0.007581249950453639,0.31933701038360596,1.0,0.004475961538461538,0.0002764903846153846,2,1.0,1.0,0.0
384,1232000,-782.2244119644165,-7.822244257926941,-782.2244119644165,-7.822244257926941,0.0,782.2244119644165,7.822244257926941,49.4472131729126,0.494471850395203,3.917598748207092,0.0,0.0,nan,nan,nan,nan,nan,nan,nan,nan,nan,nan,12320,-0.0011423847692203725,0.030924436077475546,1.4458772897720338,0.007868996448814869,0.04058222807943821,0.04058222807943821,0.06527541242539883,0.0012503932008271319,0.004437499999767169,0.4538889527320862,1.0,0.00446153846153846,0.0002753846153846154,2,1.0,1.0,0.0
385,1235200,-779.9739627838135,-7.799739112854004,-779.9739627838135,-7.799739112854004,0.0,779.9739627838135,7.799739112854004,51.697662353515625,0.5169769954681396,3.8151063084602357,0.0,0.0,nan,nan,nan,nan,nan,nan,nan,nan,nan,nan,12352,-0.0008912472490919754,0.033282271958887576,1.4462868690490722,0.009318083943799137,0.046008364856243135,0.046008364856243135,0.06929958425462246,0.0011013740087962467,0.0013749999983701856,0.411429226398468,1.0,0.0044471153846153836,0.00027427884615384613,2,1.0,1.0,0.0
386,1238400,-795.2251453399658,-7.952251310348511,-795.2251453399658,-7.952251310348511,0.0,795.2251453399658,7.952251310348511,36.44647979736328,0.36446479797363285,3.8824597644805907,0.0,0.0,nan,nan,nan,nan,nan,nan,nan,nan,nan,nan,12384,-0.00105250006532005,0.033297353982925416,1.3882585406303405,0.009442454017698765,0.06248688101768494,0.06248688101768494,0.07554041966795921,0.0017015821649712993,0.014178125013131648,0.32711470127105713,1.0,0.004432692307692307,0.00027317307692307694,2,1.0,1.0,0.0
387,1241600,-878.3291635513306,-8.783291416168213,-878.3291635513306,-8.783291416168213,0.0,878.3291635513306,8.783291416168213,-46.657538414001465,-0.46657530784606926,5.093022174835205,0.0,0.0,nan,nan,nan,nan,nan,nan,nan,nan,nan,nan,12416,-0.0010405714096734186,0.0627102479338646,1.4371652483940125,0.023964769393205642,0.05347645282745361,0.05347645282745361,0.0912924975156784,0.0012447741894011095,0.011928125045596972,0.29216593503952026,1.0,0.00441826923076923,0.0002720673076923077,2,1.0,1.0,0.0
388,1244800,-888.5416460037231,-8.885416622161864,-888.5416460037231,-8.885416622161864,0.0,888.5416460037231,8.885416622161864,-56.87002086639404,-0.5687005138397208,4.495352439880371,0.0,0.0,nan,nan,nan,nan,nan,nan,nan,nan,nan,nan,12448,-0.0008399893346388132,0.058891312777996065,1.4358169317245484,0.022282550111413002,0.05178631320595741,0.05178631320595741,0.09838399738073349,0.0008303739898124811,0.00209375003396417,0.18963724374771118,1.0,0.004403846153846153,0.00027096153846153844,2,1.0,1.0,0.0
389,1248000,-807.4178867340088,-8.074178805351258,-807.4178867340088,-8.074178805351258,0.0,807.4178867340088,8.074178805351258,24.253738403320312,0.24253730297088616,3.862429184913635,0.0,0.0,nan,nan,nan,nan,nan,nan,nan,nan,nan,nan,12480,-0.0008079839408281053,0.024645771458745004,1.41504145860672,0.005303686391562224,0.04235567077994347,0.04235567077994347,0.06280548870563507,0.0013137945097709942,0.00913750004110625,0.5208137035369873,1.0,0.004389423076923076,0.00026985576923076925,2,1.0,1.0,0.0
390,1251200,-806.9868698120117,-8.06986849308014,-806.9868698120117,-8.06986849308014,0.0,806.9868698120117,8.06986849308014,24.684755325317383,0.24684761524200383,3.8310836863517763,0.0,0.0,nan,nan,nan,nan,nan,nan,nan,nan,nan,nan,12512,-0.0008974951776908657,0.03961011841893196,1.4147538423538208,0.012718016095459462,0.049417606368660924,0.049417606368660924,0.081949894875288,0.0007833259231134944,0.005187499935709638,0.4213067889213562,1.0,0.0043749999999999995,0.00026875,2,1.0,1.0,0.0
391,1254400,-868.965564250946,-8.68965539932251,-868.965564250946,-8.68965539932251,0.0,868.965564250946,8.68965539932251,-37.29393911361694,-0.3729392910003657,4.978506135940552,0.0,0.0,nan,nan,nan,nan,nan,nan,nan,nan,nan,nan,12544,-0.000811718869744782,0.0725279550999403,1.4260323286056518,0.029233934916555883,0.03852582722902298,0.03852582722902298,0.10976599529385567,0.0007075832319983965,0.003784374991664663,0.30471497774124146,1.0,0.004360576923076923,0.0002676442307692308,2,1.0,1.0,0.0
392,1257600,-827.669810295105,-8.2766978931427,-827.669810295105,-8.2766978931427,0.0,827.669810295105,8.2766978931427,4.001814842224121,0.04001821517944393,3.879865679740906,0.0,0.0,nan,nan,nan,nan,nan,nan,nan,nan,nan,nan,12576,-0.0010899180812528719,0.03349146693944931,1.4680485486984254,0.00927545097656548,0.055934354290366174,0.055934354290366174,0.09303266778588296,0.0012506054423298337,0.008762500062584878,0.3745357394218445,1.0,0.004346153846153846,0.00026653846153846156,2,1.0,1.0,0.0
393,1260800,-834.1901330947876,-8.341901082992553,-834.1901330947876,-8.341901082992553,0.0,834.1901330947876,8.341901082992553,-2.518507957458496,-0.025184974670409588,4.7035874128341675,0.0,0.0,nan,nan,nan,nan,nan,nan,nan,nan,nan,nan,12608,-0.0011650123922386957,0.05558668747544289,1.4538540363311767,0.020330627076327802,0.05390412472188473,0.05390412472188473,0.09849423319101333,0.000770298971112052,0.004990624904166907,0.2051255702972412,1.0,0.004331730769230769,0.0002654326923076923,2,1.0,1.0,0.0
394,1264000,-824.6373291015625,-8.246373281478881,-824.6373291015625,-8.246373281478881,0.0,824.6373291015625,8.246373281478881,7.034296035766602,0.07034282684326243,4.06079151391983,0.0,0.0,nan,nan,nan,nan,nan,nan,nan,nan,nan,nan,12640,-0.0007428922107385105,0.03486439920961857,1.4629381537437438,0.010373352933675051,0.0345247209072113,0.0345247209072113,0.07494742572307586,0.0011454096063982459,0.002056250028181239,0.45396673679351807,1.0,0.004317307692307692,0.0002643269230769231,2,1.0,1.0,0.0
395,1267200,-883.3562850952148,-8.833562688827515,-883.3562850952148,-8.833562688827515,0.0,883.3562850952148,8.833562688827515,-51.68465995788574,-0.516846580505371,5.052524247169495,0.0,0.0,nan,nan,nan,nan,nan,nan,nan,nan,nan,nan,12672,-0.0011042893979873014,0.041012699529528615,1.4130253672599793,0.01332197543233633,0.05430090539157391,0.05430090539157391,0.08982466831803322,0.0013649043048658566,0.0059125000785570595,0.3437157869338989,1.0,0.0043028846153846155,0.00026322115384615387,2,1.0,1.0,0.0
396,1270400,-718.082124710083,-7.180821356773376,-718.082124710083,-7.180821356773376,0.0,718.082124710083,7.180821356773376,113.5895004272461,1.1358947515487676,4.042840757369995,0.0,0.0,nan,nan,nan,nan,nan,nan,nan,nan,nan,nan,12704,-0.0008948132605931747,0.02460378911346197,1.38179771900177,0.00548129491508007,0.055272902548313144,0.055272902548313144,0.05731797367334366,0.0010648513136422074,0.002762500044627814,0.6208541393280029,1.0,0.004288461538461539,0.0002621153846153847,2,1.0,1.0,0.0
397,1273600,-799.5230398178101,-7.995230703353882,-799.5230398178101,-7.995230703353882,0.0,799.5230398178101,7.995230703353882,32.14858531951904,0.3214854049682616,3.7434475922584536,0.0,0.0,nan,nan,nan,nan,nan,nan,nan,nan,nan,nan,12736,-0.0006613323786499592,0.0486856397241354,1.3546633839607238,0.017891603987663984,0.07230872437357902,0.07230872437357902,0.09413228183984756,0.00130762949411469,0.007565625035203994,0.15107059478759766,1.0,0.004274038461538461,0.0002610096153846154,2,1.0,1.0,0.0
398,1276800,-706.854250907898,-7.06854248046875,-706.854250907898,-7.06854248046875,0.0,706.854250907898,7.06854248046875,124.81737422943115,1.2481736278533937,3.5032265830039977,0.0,0.0,nan,nan,nan,nan,nan,nan,nan,nan,nan,nan,12768,-0.0010656052672537442,0.024124248884618282,1.3986425399780273,0.005038840090855956,0.04693571031093598,0.04693571031093598,0.07227431014180183,0.0017346617125457674,0.01215312512285891,0.48171287775039673,1.0,0.004259615384615384,0.0002599038461538462,2,1.0,1.0,0.0
399,1280000,-808.6024417877197,-8.086024503707886,-808.6024417877197,-8.086024503707886,0.0,808.6024417877197,8.086024503707886,23.069183349609375,0.23069160461425753,4.303838353157044,0.0,0.0,nan,nan,nan,nan,nan,nan,nan,nan,nan,nan,12800,-0.0008961775843170372,0.042387020960450175,1.4258634924888611,0.014244268462061883,0.05354536809027195,0.05354536809027195,0.0754373975098133,0.0011786794479134014,0.003740624978672713,0.1191205382347107,1.0,0.0042451923076923075,0.000258798076923077,2,1.0,1.0,0.0
400,1283200,-830.8989944458008,-8.308990063667297,-830.8989944458008,-8.308990063667297,0.0,830.8989944458008,8.308990063667297,0.7726306915283203,0.007726044654846831,4.219345531463623,0.0,0.0,-593.0613014698029,-5.930613014698029,-593.0613014698029,-5.930613014698029,100.0,3.9067932629585265,0.0,0.0,593.0613014698029,-95.73420405387878,12832,-0.000573529230791614,0.045446484535932544,1.4179080605506897,0.016150871012359857,0.04052893705666065,0.04052893705666065,0.0887704350054264,0.0009786316320984445,0.005162500019650906,0.3606513738632202,1.0,0.00423076923076923,0.0002576923076923077,2,1.0,1.0,0.0
401,1286400,-840.7434062957764,-8.407433948516847,-840.7434062957764,-8.407433948516847,0.0,840.7434062957764,8.407433948516847,-9.071781158447266,-0.09071784019470286,4.489319648742676,0.0,0.0,nan,nan,nan,nan,nan,nan,nan,nan,nan,nan,12864,-0.000837699180247764,0.04996395818889141,1.441439723968506,0.018066671304404737,0.04752213917672634,0.04752213917672634,0.09198961853981018,0.0007971732731688948,0.005553124973084777,0.26465970277786255,1.0,0.004216346153846153,0.00025658653846153843,2,1.0,1.0,0.0
402,1289600,-917.4444131851196,-9.174444103240967,-917.4444131851196,-9.174444103240967,0.0,917.4444131851196,9.174444103240967,-85.77278804779053,-0.8577279949188235,4.4509739446640015,0.0,0.0,nan,nan,nan,nan,nan,nan,nan,nan,nan,nan,12896,-0.0005136282986331509,0.050965093448758124,1.424805462360382,0.01898199561983347,0.040147035382688046,0.040147035382688046,0.10267617106437683,0.0006470458485649504,0.005409374953887891,0.21817654371261597,1.0,0.004201923076923076,0.00025548076923076924,2,1.0,1.0,0.0
403,1292800,-820.6136522293091,-8.206136512756348,-820.6136522293091,-8.206136512756348,0.0,820.6136522293091,8.206136512756348,11.05797290802002,0.11057959556579533,3.929007897377014,0.0,0.0,nan,nan,nan,nan,nan,nan,nan,nan,nan,nan,12928,-0.0009739288846613015,0.03353611659258604,1.4242471933364869,0.009830094361677765,0.05194277241826058,0.05194277241826058,0.08192895129323005,0.0007213206805332326,0.002093749982304871,0.5050191879272461,1.0,0.004187499999999999,0.000254375,2,1.0,1.0,0.0
404,1296000,-819.2228498458862,-8.192228670120238,-819.2228498458862,-8.192228670120238,0.0,819.2228498458862,8.192228670120238,12.448775291442871,0.12448743820190522,3.7682393288612364,0.0,0.0,nan,nan,nan,nan,nan,nan,nan,nan,nan,nan,12960,-0.000882459010454495,0.028863643854856492,1.4250056862831115,0.007602704968303442,0.052398094162344935,0.052398094162344935,0.07131101377308369,0.000997969254969093,0.003946875024121254,0.4877238869667053,1.0,0.004173076923076923,0.00025326923076923074,2,1.0,1.0,0.0
405,1299200,-872.9599056243896,-8.729598512649536,-872.9599056243896,-8.729598512649536,0.0,872.9599056243896,8.729598512649536,-41.28828048706055,-0.41288240432739265,4.624502034187317,0.0,0.0,nan,nan,nan,nan,nan,nan,nan,nan,nan,nan,12992,-0.0011080436442396646,0.039151149615645406,1.4304507970809937,0.012518781516700984,0.05624234639108181,0.05624234639108181,0.07405375391244888,0.001768758787512987,0.012893750000148429,0.5283688306808472,1.0,0.004158653846153846,0.00025216346153846155,2,1.0,1.0,0.0
406,1302400,-764.6352128982544,-7.646352143287658,-764.6352128982544,-7.646352143287658,0.0,764.6352128982544,7.646352143287658,67.0364122390747,0.6703639650344853,3.4608163619041443,0.0,0.0,nan,nan,nan,nan,nan,nan,nan,nan,nan,nan,13024,-0.0008584823819517418,0.04534531645476818,1.3975436329841613,0.016022432409226895,0.04272553026676178,0.04272553026676178,0.08253539875149726,0.000919476559649169,0.0035374999555642717,0.5435965061187744,1.0,0.004144230769230769,0.0002510576923076923,2,1.0,1.0,0.0
407,1305600,-725.9709520339966,-7.25970953464508,-725.9709520339966,-7.25970953464508,0.0,725.9709520339966,7.25970953464508,105.70067310333252,1.0570065736770635,3.664909076690674,0.0,0.0,nan,nan,nan,nan,nan,nan,nan,nan,nan,nan,13056,-0.0010177490420058889,0.029264238849282264,1.3991536855697633,0.007836135243996978,0.044952519610524176,0.044952519610524176,0.07494125664234161,0.0010087114762443459,0.008478125082910992,0.5512842535972595,1.0,0.004129807692307691,0.0002499519230769231,2,1.0,1.0,0.0
408,1308800,-714.7562580108643,-7.147562766075135,-714.7562580108643,-7.147562766075135,0.0,714.7562580108643,7.147562766075135,116.91536712646484,1.169153342247009,3.4881427597999575,0.0,0.0,nan,nan,nan,nan,nan,nan,nan,nan,nan,nan,13088,-0.0007089293047261691,0.042171889916062355,1.4163166642189027,0.014548327773809433,0.0333451721817255,0.0333451721817255,0.09232092872262002,0.0008461537066992375,0.005815625021568849,0.13641124963760376,1.0,0.0041153846153846145,0.00024884615384615386,2,1.0,1.0,0.0
409,1312000,-748.4835586547852,-7.484835424423218,-748.4835586547852,-7.484835424423218,0.0,748.4835586547852,7.484835424423218,83.18806648254395,0.8318806838989259,3.5687730574607848,0.0,0.0,nan,nan,nan,nan,nan,nan,nan,nan,nan,nan,13120,-0.000665835730603348,0.03294449001550674,1.4150398969650269,0.01000338476151228,0.0419098999351263,0.0419098999351263,0.07584353014826775,0.000739894379150109,0.003974999909405597,0.470098614692688,1.0,0.004100961538461538,0.0002477403846153846,2,1.0,1.0,0.0
410,1315200,-751.8337669372559,-7.518337569236755,-751.8337669372559,-7.518337569236755,0.0,751.8337669372559,7.518337569236755,79.83785820007324,0.7983785390853884,4.166300563812256,0.0,0.0,nan,nan,nan,nan,nan,nan,nan,nan,nan,nan,13152,-0.0008144269283627992,0.01808819090947509,1.4454046845436097,0.002322966232895851,0.04266541078686714,0.04266541078686714,0.057217107713222505,0.000987977090700583,0.003359375090803951,0.7005486488342285,1.0,0.004086538461538461,0.0002466346153846154,2,1.0,1.0,0.0
411,1318400,-825.7686262130737,-8.25768609046936,-825.7686262130737,-8.25768609046936,0.0,825.7686262130737,8.25768609046936,5.902998924255371,0.059030017852784056,3.999347057342529,0.0,0.0,nan,nan,nan,nan,nan,nan,nan,nan,nan,nan,13184,-0.0006376197363832326,0.04452688470482826,1.4357237458229064,0.01577939009293914,0.040077829733490944,0.040077829733490944,0.08906265273690224,0.0008687578156255725,0.004615625010046642,0.15650439262390137,1.0,0.004072115384615384,0.00024552884615384617,2,1.0,1.0,0.0
412,1321600,-851.2394428253174,-8.512394580841065,-851.2394428253174,-8.512394580841065,0.0,851.2394428253174,8.512394580841065,-19.56781768798828,-0.1956784725189209,4.227142162322998,0.0,0.0,nan,nan,nan,nan,nan,nan,nan,nan,nan,nan,13216,-0.0007146398759330985,0.029848232865333557,1.46534925699234,0.00826354008167982,0.042740306630730626,0.042740306630730626,0.06830757483839989,0.0005970509842893894,0.0015125000063562766,0.5548112988471985,1.0,0.004057692307692307,0.00024442307692307697,2,1.0,1.0,0.0
413,1324800,-772.8067302703857,-7.72806725025177,-772.8067302703857,-7.72806725025177,0.0,772.8067302703857,7.72806725025177,58.86489486694336,0.5886488580703739,3.624190831184387,0.0,0.0,nan,nan,nan,nan,nan,nan,nan,nan,nan,nan,13248,-0.0010049098607851192,0.03375623300671578,1.4591775059700012,0.009973359014838933,0.0430358562618494,0.0430358562618494,0.07851641923189163,0.0009639132833413775,0.005862500052899122,0.597603440284729,1.0,0.0040432692307692305,0.00024331730769230772,2,1.0,1.0,0.0
414,1328000,-803.3259687423706,-8.033259119987488,-803.3259687423706,-8.033259119987488,0.0,803.3259687423706,8.033259119987488,28.345656394958496,0.28345698833465605,4.376758904457092,0.0,0.0,nan,nan,nan,nan,nan,nan,nan,nan,nan,nan,13280,-0.000974950739514302,0.0364664463326335,1.4883931517601012,0.01126176561228931,0.05701129846274853,0.05701129846274853,0.08589135259389877,0.001002193333080164,0.0034187499401014065,0.5788898468017578,1.0,0.004028846153846154,0.00024221153846153848,2,1.0,1.0,0.0
415,1331200,-751.8799753189087,-7.518799386024475,-751.8799753189087,-7.518799386024475,0.0,751.8799753189087,7.518799386024475,79.79164981842041,0.7979167222976686,3.5660541796684266,0.0,0.0,nan,nan,nan,nan,nan,nan,nan,nan,nan,nan,13312,-0.0004521011551525955,0.05400334671139717,1.4581266641616821,0.020696035213768484,0.04406639412045479,0.04406639412045479,0.1021112821996212,0.0010463961909423576,0.004390625064843334,0.08097583055496216,1.0,0.004014423076923077,0.00024110576923076928,2,1.0,1.0,0.0
416,1334400,-825.0708904266357,-8.25070885658264,-825.0708904266357,-8.25070885658264,0.0,825.0708904266357,8.25070885658264,6.600734710693359,0.06600725173950295,3.983338010311127,0.0,0.0,nan,nan,nan,nan,nan,nan,nan,nan,nan,nan,13344,-0.0011623733554850357,0.04213369861245155,1.4684073328971863,0.01403084620833397,0.0573074147105217,0.0573074147105217,0.09727074652910232,0.00114494471054185,0.005824999903416029,0.1251276135444641,1.0,0.004,0.00024000000000000003,2,1.0,1.0,0.0
417,1337600,-846.9021100997925,-8.469020872116088,-846.9021100997925,-8.469020872116088,0.0,846.9021100997925,8.469020872116088,-15.230484962463379,-0.15230476379394453,3.8720355677604674,0.0,0.0,nan,nan,nan,nan,nan,nan,nan,nan,nan,nan,13376,-0.0008050964977359354,0.03812484592199326,1.4664016842842102,0.012412869837135077,0.03821597099304199,0.03821597099304199,0.08673541098833085,0.001026917100536036,0.0013500000146450474,0.47698986530303955,1.0,0.003985576923076923,0.00023889423076923084,2,1.0,1.0,0.0
418,1340800,-872.4125232696533,-8.724125118255616,-872.4125232696533,-8.724125118255616,0.0,872.4125232696533,8.724125118255616,-40.74089813232422,-0.4074090099334722,4.6240039777755735,0.0,0.0,nan,nan,nan,nan,nan,nan,nan,nan,nan,nan,13408,-0.0010615481495158008,0.05264900624752045,1.4683579564094544,0.019431879930198192,0.049431276693940165,0.049431276693940165,0.09849277064204216,0.0012698245340302303,0.005296874954365194,0.5262472033500671,1.0,0.0039711538461538465,0.0002377884615384616,2,1.0,1.0,0.0
419,1344000,-744.211483001709,-7.442114906311035,-744.211483001709,-7.442114906311035,0.0,744.211483001709,7.442114906311035,87.46014213562012,0.8746012020111085,3.211136212348938,0.0,0.0,nan,nan,nan,nan,nan,nan,nan,nan,nan,nan,13440,-0.0009756911470905294,0.03152086865156889,1.4238006949424744,0.009151147026568652,0.04782855473458767,0.04782855473458767,0.0839070089161396,0.00118488201224089,0.0029374999925494195,0.49168938398361206,1.0,0.003956730769230769,0.00023668269230769234,2,1.0,1.0,0.0
420,1347200,-774.9310188293457,-7.749310369491577,-774.9310188293457,-7.749310369491577,0.0,774.9310188293457,7.749310369491577,56.7406063079834,0.5674057388305664,3.8670363569259645,0.0,0.0,-574.7638380527496,-5.747638380527496,-574.7638380527496,-5.747638380527496,100.0,3.9067932629585265,0.0,0.0,574.7638380527496,-77.43674063682556,13472,-0.0012283733704476663,0.03608563281595707,1.4111119031906127,0.011251406092196704,0.05904748030006886,0.05904748030006886,0.07058875933289528,0.001025588644189747,0.003728124935878441,0.48081493377685547,1.0,0.003942307692307691,0.00023557692307692304,2,1.0,1.0,0.0
421,1350400,-778.8288440704346,-7.788288593292236,-778.8288440704346,-7.788288593292236,0.0,778.8288440704346,7.788288593292236,52.84278106689453,0.5284275150299074,3.7323945808410643,0.0,0.0,nan,nan,nan,nan,nan,nan,nan,nan,nan,nan,13504,-0.0009271014956757639,0.05333081856369972,1.4258851408958435,0.02013759557157755,0.04582185856997967,0.04582185856997967,0.0935564436018467,0.001636314418284638,0.0047031250491272655,0.4792875647544861,1.0,0.003927884615384614,0.00023447115384615385,2,1.0,1.0,0.0
422,1353600,-869.8528456687927,-8.698528480529784,-869.8528456687927,-8.698528480529784,0.0,869.8528456687927,8.698528480529784,-38.18122053146362,-0.38181237220764075,4.3625649642944335,0.0,0.0,nan,nan,nan,nan,nan,nan,nan,nan,nan,nan,13536,-0.0008478687953523689,0.05673498101532459,1.4186281561851501,0.021967874467372896,0.046482020244002345,0.046482020244002345,0.10818219557404518,0.001040200741228018,0.0025281250331318007,0.40130341053009033,1.0,0.0039134615384615375,0.0002333653846153846,2,1.0,1.0,0.0
423,1356800,-706.6005039215088,-7.066005034446716,-706.6005039215088,-7.066005034446716,0.0,706.6005039215088,7.066005034446716,125.07112121582031,1.2507110738754275,3.2693832206726072,0.0,0.0,nan,nan,nan,nan,nan,nan,nan,nan,nan,nan,13568,-0.00075366544033173,0.04216852523386479,1.4311987280845642,0.014750298485159874,0.037421010062098505,0.037421010062098505,0.09292219504714012,0.0009639916985193272,0.0059500000526895745,0.4480515718460083,1.0,0.0038990384615384607,0.00023225961538461535,2,1.0,1.0,0.0
424,1360000,-806.6853084564209,-8.06685293674469,-806.6853084564209,-8.06685293674469,0.0,806.6853084564209,8.06685293674469,24.986316680908203,0.24986317157745397,4.017191472053528,0.0,0.0,nan,nan,nan,nan,nan,nan,nan,nan,nan,nan,13600,-0.000785064235841837,0.03144527897238732,1.445121705532074,0.009323833417147398,0.045907800644636156,0.045907800644636156,0.07553249597549438,0.000491755662097865,0.0017843750101746991,0.5723686218261719,1.0,0.003884615384615384,0.00023115384615384616,2,1.0,1.0,0.0
425,1363200,-893.8112640380859,-8.938112707138062,-893.8112640380859,-8.938112707138062,0.0,893.8112640380859,8.938112707138062,-62.139638900756836,-0.6213965988159185,4.8480225896835325,0.0,0.0,nan,nan,nan,nan,nan,nan,nan,nan,nan,nan,13632,-0.00029720322231150396,0.05877485796809197,1.470319139957428,0.023399808257818223,0.02913756240159273,0.02913756240159273,0.12068152949213981,0.0004839298486343539,0.0003406250005355105,0.31273263692855835,1.0,0.003870192307692307,0.0002300480769230769,2,1.0,1.0,0.0
426,1366400,-817.6850214004517,-8.176849660873414,-817.6850214004517,-8.176849660873414,0.0,817.6850214004517,8.176849660873414,13.986603736877441,0.1398664474487301,3.981744499206543,0.0,0.0,nan,nan,nan,nan,nan,nan,nan,nan,nan,nan,13664,-0.0009422955443092907,0.03901182003319263,1.4627066135406495,0.012923755031079055,0.05430154986679554,0.05430154986679554,0.08728046268224716,0.0007266695516605872,0.003962499997578561,0.3281638026237488,1.0,0.0038557692307692303,0.0002289423076923077,2,1.0,1.0,0.0
427,1369600,-808.7403144836426,-8.087403545379638,-808.7403144836426,-8.087403545379638,0.0,808.7403144836426,8.087403545379638,22.931310653686523,0.22931256294250524,4.660805125236511,0.0,0.0,nan,nan,nan,nan,nan,nan,nan,nan,nan,nan,13696,-0.0011296008956269254,0.05360263548791409,1.4993828177452087,0.019912068359553815,0.0539635669440031,0.0539635669440031,0.0813753493130207,0.0016428609378648603,0.008221875049639494,0.35169774293899536,1.0,0.0038413461538461535,0.00022783653846153846,2,1.0,1.0,0.0
428,1372800,-736.1195793151855,-7.3611958360672,-736.1195793151855,-7.3611958360672,0.0,736.1195793151855,7.3611958360672,95.55204582214355,0.9555202722549438,3.966204605102539,0.0,0.0,nan,nan,nan,nan,nan,nan,nan,nan,nan,nan,13728,-0.0006086749829992133,0.033241820707917216,1.4974791407585144,0.010281497798860072,0.029585497453808784,0.029585497453808784,0.07553116977214813,0.0007999261633824025,0.0017968749831197782,0.4562602639198303,1.0,0.0038269230769230767,0.00022673076923076922,2,1.0,1.0,0.0
429,1376000,-744.508171081543,-7.445082135200501,-744.508171081543,-7.445082135200501,0.0,744.508171081543,7.445082135200501,87.16345405578613,0.8716339731216429,3.4830410194396975,0.0,0.0,nan,nan,nan,nan,nan,nan,nan,nan,nan,nan,13760,-0.0010311732101894399,0.02985138725489378,1.4903005480766296,0.008212749613448977,0.048887910693883894,0.048887910693883894,0.08407290428876876,0.0010423896208533103,0.003718750033294782,0.5045070648193359,1.0,0.0038125,0.00022562500000000002,2,1.0,1.0,0.0
430,1379200,-760.1855974197388,-7.601856260299683,-760.1855974197388,-7.601856260299683,0.0,760.1855974197388,7.601856260299683,71.48602771759033,0.7148598480224608,3.5043423771858215,0.0,0.0,nan,nan,nan,nan,nan,nan,nan,nan,nan,nan,13792,-0.001106813337426793,0.03140999283641577,1.4878750085830688,0.008947119629010559,0.05235025510191917,0.05235025510191917,0.08820030689239503,0.0013075849965401877,0.009318749757949264,0.5295941233634949,1.0,0.0037980769230769222,0.00022451923076923077,2,1.0,1.0,0.0
431,1382400,-798.7541971206665,-7.987541813850402,-798.7541971206665,-7.987541813850402,0.0,798.7541971206665,7.987541813850402,32.9174280166626,0.3291742944717413,4.772228589057923,0.0,0.0,nan,nan,nan,nan,nan,nan,nan,nan,nan,nan,13824,-0.0006158361919777145,0.04545811600983143,1.4827767372131349,0.01650290796533227,0.037829044833779336,0.037829044833779336,0.0901663139462471,0.0008674620725297692,0.0023624999856110664,0.1574803590774536,1.0,0.0037836538461538454,0.00022341346153846158,2,1.0,1.0,0.0
432,1385600,-781.9012174606323,-7.819012460708618,-781.9012174606323,-7.819012460708618,0.0,781.9012174606323,7.819012460708618,49.77040767669678,0.4977036476135259,3.882343533039093,0.0,0.0,nan,nan,nan,nan,nan,nan,nan,nan,nan,nan,13856,-0.0006541995804291379,0.031793454103171824,1.4908611297607421,0.009623127756640315,0.03385327756404877,0.03385327756404877,0.07893473505973816,0.0005375500019010175,0.0007906250157247996,0.3849669098854065,1.0,0.0037692307692307686,0.00022230769230769233,2,1.0,1.0,0.0
433,1388800,-810.3086700439453,-8.103086318969726,-810.3086700439453,-8.103086318969726,0.0,810.3086700439453,8.103086318969726,21.36295509338379,0.21362978935241728,4.634131641387939,0.0,0.0,nan,nan,nan,nan,nan,nan,nan,nan,nan,nan,13888,-0.000405665707145797,0.07166361585259437,1.4903725028038024,0.02983007989823818,0.03435080163180828,0.03435080163180828,0.11220387145876884,0.0003783709968967209,0.00040000000590225684,0.2654910683631897,1.0,0.003754807692307692,0.00022120192307692308,2,1.0,1.0,0.0
434,1392000,-803.3055028915405,-8.03305519104004,-803.3055028915405,-8.03305519104004,0.0,803.3055028915405,8.03305519104004,28.366122245788574,0.28366091728210385,4.298924293518066,0.0,0.0,nan,nan,nan,nan,nan,nan,nan,nan,nan,nan,13920,-0.0009816615372779224,0.03698644526302815,1.4920981407165528,0.011930540297180414,0.04699043184518814,0.04699043184518814,0.07288587987422943,0.0010089630864980384,0.0013343750149942934,0.20759624242782593,1.0,0.003740384615384615,0.0002200961538461539,2,1.0,1.0,0.0
435,1395200,-767.5309925079346,-7.675309767723084,-767.5309925079346,-7.675309767723084,0.0,767.5309925079346,7.675309767723084,64.14063262939453,0.64140634059906,3.885271103382111,0.0,0.0,nan,nan,nan,nan,nan,nan,nan,nan,nan,nan,13952,-0.0005492953840294135,0.02149573490023613,1.4805298805236817,0.004682174511253833,0.038242165744304654,0.038242165744304654,0.06931929588317871,0.0007728583081201095,0.002449999933014624,0.6335940361022949,1.0,0.0037259615384615382,0.00021899038461538464,2,1.0,1.0,0.0
436,1398400,-747.229850769043,-7.472299342155456,-747.229850769043,-7.472299342155456,0.0,747.229850769043,7.472299342155456,84.44177436828613,0.8444167661666873,3.0202401852607728,0.0,0.0,nan,nan,nan,nan,nan,nan,nan,nan,nan,nan,13984,-0.001027009583148164,0.028849044255912303,1.4895136833190918,0.007869125297293066,0.046084890514612196,0.046084890514612196,0.06779969632625579,0.0009681443207240927,0.0037843750091269613,0.5608741641044617,1.0,0.0037115384615384614,0.00021788461538461545,2,1.0,1.0,0.0
437,1401600,-747.9116954803467,-7.479117140769959,-747.9116954803467,-7.479117140769959,0.0,747.9116954803467,7.479117140769959,83.75992965698242,0.8375989675521849,3.2794382524490358,0.0,0.0,nan,nan,nan,nan,nan,nan,nan,nan,nan,nan,14016,-0.0007081084225792012,0.03886820897459984,1.491493284702301,0.013211773429065942,0.03738100342452526,0.03738100342452526,0.08937709107995033,0.0009472071509675154,0.0033937499676540027,0.3173460364341736,1.0,0.0036971153846153846,0.0002167788461538462,2,1.0,1.0,0.0
438,1404800,-850.3777208328247,-8.503777408599854,-850.3777208328247,-8.503777408599854,0.0,850.3777208328247,8.503777408599854,-18.706095695495605,-0.18706130027771017,4.221015858650207,0.0,0.0,nan,nan,nan,nan,nan,nan,nan,nan,nan,nan,14048,-0.0008059905944973522,0.04711018800735474,1.485988187789917,0.01727666612714529,0.04279773980379105,0.04279773980379105,0.08010765314102172,0.00044198161658758745,0.000937500021973392,0.4875437021255493,1.0,0.003682692307692308,0.00021567307692307695,2,1.0,1.0,0.0
439,1408000,-823.9664478302002,-8.239664297103882,-823.9664478302002,-8.239664297103882,0.0,823.9664478302002,8.239664297103882,7.705177307128906,0.07705181121826143,4.827707500457763,0.0,0.0,nan,nan,nan,nan,nan,nan,nan,nan,nan,nan,14080,-0.0006304249723034338,0.027742824330925942,1.4873732328414917,0.007784901792183519,0.030170086212456225,0.030170086212456225,0.06799971237778664,0.000663508370236096,0.0027562499875784852,0.5310985445976257,1.0,0.00366826923076923,0.00021456730769230765,2,1.0,1.0,0.0
440,1411200,-776.699592590332,-7.766996049880982,-776.699592590332,-7.766996049880982,0.0,776.699592590332,7.766996049880982,54.97203254699707,0.5497200584411619,4.061494753360749,0.0,0.0,-560.569239616394,-5.60569239616394,-560.569239616394,-5.60569239616394,100.0,3.8460763812065126,0.0,0.0,560.569239616394,-63.24214220046997,14112,-0.0008291892386566247,0.027833018451929092,1.4778434991836549,0.007687507150694728,0.04680691324174404,0.04680691324174404,0.07443876191973686,0.0008923879297084724,0.0040968749643070625,0.40827906131744385,1.0,0.0036538461538461525,0.00021346153846153845,2,1.0,1.0,0.0
441,1414400,-764.5450677871704,-7.645450735092163,-764.5450677871704,-7.645450735092163,0.0,764.5450677871704,7.645450735092163,67.12655735015869,0.6712653732299803,4.0860486149787905,0.0,0.0,nan,nan,nan,nan,nan,nan,nan,nan,nan,nan,14144,-0.0007045088966668112,0.04179359339177609,1.4788188815116883,0.01481024045497179,0.04181443229317665,0.04181443229317665,0.08529615625739098,0.0009174155129598691,0.006006249960046261,0.5175273418426514,1.0,0.0036394230769230757,0.0002123557692307692,2,1.0,1.0,0.0
442,1417600,-807.9358043670654,-8.079358253479004,-807.9358043670654,-8.079358253479004,0.0,807.9358043670654,8.079358253479004,23.735820770263672,0.23735785484313965,3.9912521553039553,0.0,0.0,nan,nan,nan,nan,nan,nan,nan,nan,nan,nan,14176,-0.0007911524374736523,0.03118610717356205,1.4717841744422913,0.009466683771461249,0.039867696538567546,0.039867696538567546,0.08051244840025902,0.0006427936956256356,0.0038281250512227417,0.3978433609008789,1.0,0.003624999999999999,0.00021124999999999996,2,1.0,1.0,0.0
443,1420800,-785.1299753189087,-7.851299600601196,-785.1299753189087,-7.851299600601196,0.0,785.1299753189087,7.851299600601196,46.54164981842041,0.46541650772094734,3.5167737579345704,0.0,0.0,nan,nan,nan,nan,nan,nan,nan,nan,nan,nan,14208,-0.0008357540596742208,0.033278906159102915,1.4744240760803222,0.01048017730936408,0.040444742888212204,0.040444742888212204,0.07706646844744683,0.001027214637362109,0.005381250014761463,0.43387365341186523,1.0,0.003610576923076922,0.00021014423076923076,2,1.0,1.0,0.0
444,1424000,-743.3042249679565,-7.433042068481445,-743.3042249679565,-7.433042068481445,0.0,743.3042249679565,7.433042068481445,88.36740016937256,0.8836740398406988,3.281874499320984,0.0,0.0,nan,nan,nan,nan,nan,nan,nan,nan,nan,nan,14240,-0.000525882502194186,0.028872521594166756,1.4674036383628846,0.008633369347080588,0.033027457818388936,0.033027457818388936,0.06829602792859077,0.0007594581558819658,0.0031656249946536265,0.46512675285339355,1.0,0.0035961538461538453,0.00020903846153846157,2,1.0,1.0,0.0
445,1427200,-800.0791187286377,-8.000790901184082,-800.0791187286377,-8.000790901184082,0.0,800.0791187286377,8.000790901184082,31.592506408691406,0.3159252071380614,3.6460672307014463,0.0,0.0,nan,nan,nan,nan,nan,nan,nan,nan,nan,nan,14272,-0.0009333106864884755,0.033595521561801435,1.4575965881347657,0.010643731523305177,0.04449395798146725,0.04449395798146725,0.0747129611670971,0.000696613634865347,0.0027374999881430995,0.5300126075744629,1.0,0.0035817307692307685,0.00020793269230769227,2,1.0,1.0,0.0
446,1430400,-780.4474220275879,-7.804474148750305,-780.4474220275879,-7.804474148750305,0.0,780.4474220275879,7.804474148750305,51.22420310974121,0.5122419595718384,3.431700711250305,0.0,0.0,nan,nan,nan,nan,nan,nan,nan,nan,nan,nan,14304,-0.0006534382634883152,0.036070385575294496,1.4559226989746095,0.012188030313700438,0.0377000343054533,0.0377000343054533,0.08618395552039146,0.0007864706278283378,0.0037437499064253642,0.3640052080154419,1.0,0.0035673076923076917,0.00020682692307692307,2,1.0,1.0,0.0
447,1433600,-769.7809476852417,-7.697809925079346,-769.7809476852417,-7.697809925079346,0.0,769.7809476852417,7.697809925079346,61.8906774520874,0.6189061832427978,3.7219688844680787,0.0,0.0,nan,nan,nan,nan,nan,nan,nan,nan,nan,nan,14336,-0.000846403725998246,0.037139085680246355,1.446669101715088,0.012583290971815587,0.046708811447024344,0.046708811447024344,0.08507710099220275,0.0006223942276861732,0.0037218749814201145,0.5531637072563171,1.0,0.003552884615384615,0.00020572115384615388,2,1.0,1.0,0.0
448,1436800,-802.1533689498901,-8.021534004211425,-802.1533689498901,-8.021534004211425,0.0,802.1533689498901,8.021534004211425,29.518256187438965,0.29518210411071877,4.933454689979553,0.0,0.0,nan,nan,nan,nan,nan,nan,nan,nan,nan,nan,14368,-0.0008247075016115546,0.03835551626980305,1.4474923610687256,0.01323115462437272,0.05071983262896538,0.05071983262896538,0.0797491915524006,0.000569033000284691,0.0028343749727355316,0.4900515079498291,1.0,0.003538461538461538,0.00020461538461538458,2,1.0,1.0,0.0
449,1440000,-821.9141006469727,-8.21914119720459,-821.9141006469727,-8.21914119720459,0.0,821.9141006469727,8.21914119720459,9.757524490356445,0.09757491111755456,3.9540884041786195,0.0,0.0,nan,nan,nan,nan,nan,nan,nan,nan,nan,nan,14400,-0.0012644600495346826,0.03929808996617794,1.4658921360969543,0.013218724727630615,0.057822573184967044,0.057822573184967044,0.08522799760103225,0.0009551974446381478,0.0056375000276602805,0.490755558013916,1.0,0.0035240384615384613,0.00020350961538461538,2,1.0,1.0,0.0
450,1443200,-819.419132232666,-8.194191660881042,-819.419132232666,-8.194191660881042,0.0,819.419132232666,8.194191660881042,12.252492904663086,0.12252444744110136,3.53142210483551,0.0,0.0,nan,nan,nan,nan,nan,nan,nan,nan,nan,nan,14432,-0.0008835496267245668,0.01907685063779354,1.4741724252700805,0.003481097612529993,0.04208051487803459,0.04208051487803459,0.05712595880031586,0.0007099316084361743,0.0011593750059546437,0.689505398273468,1.0,0.0035096153846153845,0.0002024038461538462,2,1.0,1.0,0.0
451,1446400,-771.8492517471313,-7.718492832183838,-771.8492517471313,-7.718492832183838,0.0,771.8492517471313,7.718492832183838,59.822373390197754,0.598223276138306,3.4775016570091246,0.0,0.0,nan,nan,nan,nan,nan,nan,nan,nan,nan,nan,14464,-0.0005838077364402228,0.03260722942650318,1.4531552195549011,0.010640749894082546,0.038357139378786084,0.038357139378786084,0.08852325826883316,0.0006483084525841772,0.0038968749315245075,0.34589827060699463,1.0,0.0034951923076923077,0.000201298076923077,2,1.0,1.0,0.0
452,1449600,-867.403528213501,-8.67403512954712,-867.403528213501,-8.67403512954712,0.0,867.403528213501,8.67403512954712,-35.731903076171875,-0.35731902122497594,4.4461780834198,0.0,0.0,nan,nan,nan,nan,nan,nan,nan,nan,nan,nan,14496,-0.0005128950585494785,0.030816714093089104,1.449997103214264,0.009848356479778886,0.05786539688706398,0.05786539688706398,0.0841227762401104,0.0004204506672989705,0.0023468749852327163,0.5682257413864136,1.0,0.00348076923076923,0.0002001923076923077,2,1.0,1.0,0.0
453,1452800,-812.8781499862671,-8.128781423568725,-812.8781499862671,-8.128781423568725,0.0,812.8781499862671,8.128781423568725,18.79347515106201,0.18793468475341868,4.053313040733338,0.0,0.0,nan,nan,nan,nan,nan,nan,nan,nan,nan,nan,14528,-0.000851356935268277,0.03015349041670561,1.4603865623474122,0.009163182927295566,0.04180117249488831,0.04180117249488831,0.06852038875222206,0.0006677242598030887,0.0020499999925959857,0.6514599323272705,1.0,0.003466346153846153,0.0001990865384615385,2,1.0,1.0,0.0
454,1456000,-813.59938621521,-8.13599356174469,-813.59938621521,-8.13599356174469,0.0,813.59938621521,8.13599356174469,18.07223892211914,0.1807225465774529,4.078432950973511,0.0,0.0,nan,nan,nan,nan,nan,nan,nan,nan,nan,nan,14560,-0.000980631202249782,0.05760737136006355,1.4638378620147705,0.022769998386502267,0.057933705300092696,0.057933705300092696,0.08937965109944343,0.0009193581023297764,0.004418749964679591,0.48845916986465454,1.0,0.0034519230769230764,0.0001979807692307693,2,1.0,1.0,0.0
455,1459200,-910.2841997146606,-9.10284194946289,-910.2841997146606,-9.10284194946289,0.0,910.2841997146606,9.10284194946289,-78.61257457733154,-0.7861258411407466,4.9215747308731075,0.0,0.0,nan,nan,nan,nan,nan,nan,nan,nan,nan,nan,14592,-0.001103798579354809,0.050333434343338014,1.4776395082473754,0.01898353286087513,0.06990011557936668,0.06990011557936668,0.08910820931196213,0.0010637530642283203,0.0053749999962747095,0.4171391725540161,1.0,0.0034374999999999996,0.000196875,2,1.0,1.0,0.0
456,1462400,-820.2500667572021,-8.20250081062317,-820.2500667572021,-8.20250081062317,0.0,820.2500667572021,8.20250081062317,11.421558380126953,0.11421529769897454,4.3462283897399905,0.0,0.0,nan,nan,nan,nan,nan,nan,nan,nan,nan,nan,14624,-0.0008328152633795937,0.03708062544465065,1.464514720439911,0.01269435128197074,0.04903978481888771,0.04903978481888771,0.08287368565797806,0.0011572344885294535,0.0102281250168744,0.4796832203865051,1.0,0.0034230769230769228,0.0001957692307692308,2,1.0,1.0,0.0
457,1465600,-803.7877235412598,-8.037876992225646,-803.7877235412598,-8.037876992225646,0.0,803.7877235412598,8.037876992225646,27.883901596069336,0.27883911609649736,4.312186107635498,0.0,0.0,nan,nan,nan,nan,nan,nan,nan,nan,nan,nan,14656,-0.0009500822404167053,0.04364432878792286,1.4709935188293457,0.015857974253594875,0.052735164389014245,0.052735164389014245,0.08245782703161239,0.0008794307752408269,0.0038624999520834534,0.3199058771133423,1.0,0.003408653846153846,0.0001946634615384616,2,1.0,1.0,0.0
458,1468800,-872.3383922576904,-8.723383665084839,-872.3383922576904,-8.723383665084839,0.0,872.3383922576904,8.723383665084839,-40.66676712036133,-0.40666755676269517,4.787166738510132,0.0,0.0,nan,nan,nan,nan,nan,nan,nan,nan,nan,nan,14688,-0.0008764703574531297,0.04382897242903709,1.493902039527893,0.01596736740320921,0.039814164862036705,0.039814164862036705,0.09971264824271202,0.0010731215668796955,0.002515624994703103,0.22000104188919067,1.0,0.003394230769230769,0.0001935576923076923,2,1.0,1.0,0.0
459,1472000,-796.3388290405273,-7.963388104438781,-796.3388290405273,-7.963388104438781,0.0,796.3388290405273,7.963388104438781,35.33279609680176,0.3533280038833624,4.11640837430954,0.0,0.0,nan,nan,nan,nan,nan,nan,nan,nan,nan,nan,14720,-0.0007240312120528003,0.04342223927378654,1.4767670392990113,0.015995899494737387,0.05643034689128399,0.05643034689128399,0.0954210788011551,0.0006503177319259601,0.0055062499362975355,0.31161999702453613,1.0,0.0033798076923076915,0.000192451923076923,2,1.0,1.0,0.0
460,1475200,-848.4770088195801,-8.484769802093506,-848.4770088195801,-8.484769802093506,0.0,848.4770088195801,8.484769802093506,-16.805383682250977,-0.1680536937713626,4.084628629684448,0.0,0.0,-574.4598777294159,-5.744598777294159,-574.4598777294159,-5.744598777294159,100.0,3.833679270744324,0.0,0.0,574.4598777294159,-77.13278031349182,14752,-0.0007521950680296818,0.04767361246049404,1.4773875236511231,0.01811263393610716,0.03839948587119579,0.03839948587119579,0.08673808202147484,0.000698829076283496,0.0030718749763764207,0.3332541584968567,1.0,0.0033653846153846147,0.00019134615384615381,2,1.0,1.0,0.0
461,1478400,-757.1101875305176,-7.5711018133163455,-757.1101875305176,-7.5711018133163455,0.0,757.1101875305176,7.5711018133163455,74.56143760681152,0.7456142950057982,4.044859025478363,0.0,0.0,nan,nan,nan,nan,nan,nan,nan,nan,nan,nan,14784,-0.0009162681503569914,0.03270419482141733,1.508628749847412,0.010380472475662827,0.04704613834619522,0.04704613834619522,0.0712660625576973,0.0007030653836422153,0.0037374999839812515,0.5329140424728394,1.0,0.003350961538461538,0.00019024038461538462,2,1.0,1.0,0.0
462,1481600,-898.618371963501,-8.98618348121643,-898.618371963501,-8.98618348121643,0.0,898.618371963501,8.98618348121643,-66.94674682617188,-0.669467372894287,4.660035409927368,0.0,0.0,nan,nan,nan,nan,nan,nan,nan,nan,nan,nan,14816,-0.000812124228989708,0.06487108282744884,1.468214249610901,0.02672466393560171,0.039452210441231726,0.039452210441231726,0.09417742267251014,0.0007327277049639579,0.0024687500659638316,0.12837481498718262,1.0,0.0033365384615384602,0.00018913461538461543,2,1.0,1.0,0.0
463,1484800,-850.2386131286621,-8.502385921478272,-850.2386131286621,-8.502385921478272,0.0,850.2386131286621,8.502385921478272,-18.566987991333008,-0.18566981315612807,4.178835048675537,0.0,0.0,nan,nan,nan,nan,nan,nan,nan,nan,nan,nan,14848,-0.0005826515850319902,0.03879115022718906,1.477106547355652,0.01390580516308546,0.03896474242210388,0.03896474242210388,0.08008890226483345,0.0006453015739695082,0.003399999942848808,0.4080681800842285,1.0,0.0033221153846153834,0.00018802884615384612,2,1.0,1.0,0.0
464,1488000,-734.6755218505859,-7.346755356788635,-734.6755218505859,-7.346755356788635,0.0,734.6755218505859,7.346755356788635,96.99610328674316,0.9699607515335087,3.719374442100525,0.0,0.0,nan,nan,nan,nan,nan,nan,nan,nan,nan,nan,14880,-0.0006249198473320394,0.036053243279457095,1.463962972164154,0.012559362594038248,0.04125290885567665,0.04125290885567665,0.08060958310961723,0.0007854106537720198,0.004803125152830034,0.5636877417564392,1.0,0.0033076923076923066,0.00018692307692307693,2,1.0,1.0,0.0
465,1491200,-856.9011945724487,-8.569011878967284,-856.9011945724487,-8.569011878967284,0.0,856.9011945724487,8.569011878967284,-25.22956943511963,-0.25229577064514075,3.95578209400177,0.0,0.0,nan,nan,nan,nan,nan,nan,nan,nan,nan,nan,14912,-0.0008023379207472203,0.03509514909237623,1.4852307438850403,0.011853971797972918,0.05453668646514416,0.05453668646514416,0.09078031331300736,0.0005995349027230317,0.001975000003585592,0.3346445560455322,1.0,0.00329326923076923,0.00018581730769230774,2,1.0,1.0,0.0
466,1494400,-808.6326522827148,-8.086326475143432,-808.6326522827148,-8.086326475143432,0.0,808.6326522827148,8.086326475143432,23.038972854614258,0.23038963317871186,3.8840665650367736,0.0,0.0,nan,nan,nan,nan,nan,nan,nan,nan,nan,nan,14944,-0.0006868853384512264,0.04364949725568294,1.475857961177826,0.016298752278089523,0.048583944141864774,0.048583944141864774,0.09495310559868812,0.0005944582739189629,0.0018874999543186278,0.08686208724975586,1.0,0.003278846153846153,0.00018471153846153843,2,1.0,1.0,0.0
467,1497600,-785.980770111084,-7.859808068275452,-785.980770111084,-7.859808068275452,0.0,785.980770111084,7.859808068275452,45.69085502624512,0.4569080400466916,3.802436788082123,0.0,0.0,nan,nan,nan,nan,nan,nan,nan,nan,nan,nan,14976,-0.0007409881903091886,0.040731342136859895,1.471858012676239,0.014819915872067213,0.04475227259099483,0.04475227259099483,0.09343911185860634,0.0005527928020472941,0.0025593750586267562,0.5110248327255249,1.0,0.0032644230769230762,0.00018360576923076924,2,1.0,1.0,0.0
468,1500800,-860.7924327850342,-8.60792417526245,-860.7924327850342,-8.60792417526245,0.0,860.7924327850342,8.60792417526245,-29.120807647705078,-0.29120806694030676,4.760380067825317,0.0,0.0,nan,nan,nan,nan,nan,nan,nan,nan,nan,nan,15008,-0.0007483862410182951,0.04624402783811092,1.4727599978446961,0.01758715705946088,0.06642306298017502,0.06642306298017502,0.07796815857291221,0.0007466609298737457,0.006128124939277768,0.2699674367904663,1.0,0.0032499999999999994,0.00018250000000000004,2,1.0,1.0,0.0
469,1504000,-852.8295488357544,-8.528295698165893,-852.8295488357544,-8.528295698165893,0.0,852.8295488357544,8.528295698165893,-21.157923698425293,-0.21157958984374936,4.343201003074646,0.0,0.0,nan,nan,nan,nan,nan,nan,nan,nan,nan,nan,15040,-0.0007977319291967433,0.039251594245433806,1.4747907519340515,0.014056266564875842,0.04361413680016994,0.04361413680016994,0.08965382426977157,0.0006253953590215961,0.0033031250117346645,0.4194685220718384,1.0,0.0032355769230769226,0.00018139423076923074,2,1.0,1.0,0.0
470,1507200,-718.5700979232788,-7.185701093673706,-718.5700979232788,-7.185701093673706,0.0,718.5700979232788,7.185701093673706,113.1015272140503,1.1310150146484377,3.1044455337524415,0.0,0.0,nan,nan,nan,nan,nan,nan,nan,nan,nan,nan,15072,-0.0006510330442221601,0.0305095873773098,1.47926824092865,0.009838810469955207,0.041117513179779054,0.041117513179779054,0.07206230610609055,0.0005372645608091335,0.0011968749968218617,0.3879857659339905,1.0,0.003221153846153846,0.00018028846153846155,2,1.0,1.0,0.0
471,1510400,-793.5939111709595,-7.9359388399124144,-793.5939111709595,-7.9359388399124144,0.0,793.5939111709595,7.9359388399124144,38.07771396636963,0.38077726840972925,4.484880032539368,0.0,0.0,nan,nan,nan,nan,nan,nan,nan,nan,nan,nan,15104,-0.0005500375936855539,0.050198668241500856,1.475957441329956,0.01981629803776741,0.039226684346795083,0.039226684346795083,0.09342295229434967,0.00042952844451191847,0.0020781249331776053,0.33037853240966797,1.0,0.003206730769230769,0.00017918269230769235,2,1.0,1.0,0.0
472,1513600,-836.863073348999,-8.368631105422974,-836.863073348999,-8.368631105422974,0.0,836.863073348999,8.368631105422974,-5.191448211669922,-0.05191499710083036,4.008582921028137,0.0,0.0,nan,nan,nan,nan,nan,nan,nan,nan,nan,nan,15136,-0.0007105630731268298,0.02870751582086086,1.4825887322425841,0.008910315344110131,0.04416339807212353,0.04416339807212353,0.06803622916340828,0.0008118068128183688,0.004056250021676533,0.43437039852142334,1.0,0.003192307692307692,0.00017807692307692316,2,1.0,1.0,0.0
473,1516800,-791.1137161254883,-7.911137218475342,-791.1137161254883,-7.911137218475342,0.0,791.1137161254883,7.911137218475342,40.55790901184082,0.4055788898468018,4.034423894882202,0.0,0.0,nan,nan,nan,nan,nan,nan,nan,nan,nan,nan,15168,-0.0007185649775376168,0.04248737841844559,1.488299512863159,0.015795480646193027,0.05153754539787769,0.05153754539787769,0.08261488378047943,0.0005550205318299733,0.003078125001047738,0.19570356607437134,1.0,0.0031778846153846154,0.00017697115384615386,2,1.0,1.0,0.0
474,1520000,-854.2623023986816,-8.542623233795165,-854.2623023986816,-8.542623233795165,0.0,854.2623023986816,8.542623233795165,-22.59067726135254,-0.2259071254730216,3.7725619745254515,0.0,0.0,nan,nan,nan,nan,nan,nan,nan,nan,nan,nan,15200,-0.0005792797333939337,0.04493608959019184,1.4810553193092346,0.01720350319519639,0.04821820557117462,0.04821820557117462,0.08051185831427574,0.0004345991897946951,0.0007218750011816155,0.14965438842773438,1.0,0.0031634615384615386,0.00017586538461538466,2,1.0,1.0,0.0
475,1523200,-839.7722787857056,-8.397722873687744,-839.7722787857056,-8.397722873687744,0.0,839.7722787857056,8.397722873687744,-8.100653648376465,-0.08100676536560059,4.767714505195618,0.0,0.0,nan,nan,nan,nan,nan,nan,nan,nan,nan,nan,15232,-0.0005232182316685874,0.06928214840590954,1.4952891707420348,0.02940913215279579,0.03697916492819786,0.03697916492819786,0.1295681983232498,0.00044912818593874083,0.0001937500073836418,0.07954490184783936,1.0,0.003149038461538461,0.00017475961538461547,2,1.0,1.0,0.0
476,1526400,-814.444712638855,-8.14444725036621,-814.444712638855,-8.14444725036621,0.0,814.444712638855,8.14444725036621,17.22691249847412,0.17226885795593283,4.164971797466278,0.0,0.0,nan,nan,nan,nan,nan,nan,nan,nan,nan,nan,15264,-0.0007135193122783434,0.019179955683648588,1.4951084494590758,0.004189868364483118,0.04214276783168316,0.04214276783168316,0.04998866580426693,0.0005167847749379033,0.002653125073265983,0.5616817474365234,1.0,0.003134615384615384,0.00017365384615384617,2,1.0,1.0,0.0
477,1529600,-812.8676748275757,-8.128676815032959,-812.8676748275757,-8.128676815032959,0.0,812.8676748275757,8.128676815032959,18.803950309753418,0.18803929328918478,4.486064548492432,0.0,0.0,nan,nan,nan,nan,nan,nan,nan,nan,nan,nan,15296,-0.0007641866320860391,0.03669891245663166,1.498950469493866,0.012908255867660045,0.038184551522135735,0.038184551522135735,0.0767256572842598,0.00080664152192325,0.0042500000236032065,0.4079210162162781,1.0,0.0031201923076923073,0.00017254807692307697,2,1.0,1.0,0.0
478,1532800,-744.4053068161011,-7.444053249359131,-744.4053068161011,-7.444053249359131,0.0,744.4053068161011,7.444053249359131,87.26631832122803,0.8726628589630128,3.446303129196167,0.0,0.0,nan,nan,nan,nan,nan,nan,nan,nan,nan,nan,15328,-0.000994002235936975,0.032666718028485774,1.4954496622085571,0.01069483570754528,0.050194700434803965,0.050194700434803965,0.06582018323242664,0.0008090694282157761,0.0032906249973166267,0.41366899013519287,1.0,0.0031057692307692297,0.00017144230769230767,2,1.0,1.0,0.0
479,1536000,-789.6945219039917,-7.896944975852966,-789.6945219039917,-7.896944975852966,0.0,789.6945219039917,7.896944975852966,41.9771032333374,0.41977113246917774,3.8386916065216066,0.0,0.0,nan,nan,nan,nan,nan,nan,nan,nan,nan,nan,15360,-0.0008405753670143845,0.04295941703021526,1.5015270829200744,0.01599739296361804,0.04986269176006317,0.04986269176006317,0.08143445998430252,0.001114166896878831,0.006059375038603321,0.35922324657440186,1.0,0.003091346153846153,0.00017033653846153848,2,1.0,1.0,0.0
480,1539200,-915.1211233139038,-9.15121078491211,-915.1211233139038,-9.15121078491211,0.0,915.1211233139038,9.15121078491211,-83.4494981765747,-0.8344946765899657,4.988081703186035,0.0,0.0,-588.8604180812836,-5.888604180812836,-588.8604180812836,-5.888604180812836,100.0,4.541276843547821,0.0,0.0,588.8604180812836,-91.5333206653595,15392,-0.0007016745398345847,0.04154302105307579,1.4973996996879577,0.015462452732026576,0.04078156314790249,0.04078156314790249,0.0843346431851387,0.0006649122457031397,0.0029874999538151313,0.3335011601448059,1.0,0.003076923076923076,0.00016923076923076917,2,1.0,1.0,0.0
481,1542400,-775.9471216201782,-7.75947103023529,-775.9471216201782,-7.75947103023529,0.0,775.9471216201782,7.75947103023529,55.72450351715088,0.5572450780868534,3.250749022960663,0.0,0.0,nan,nan,nan,nan,nan,nan,nan,nan,nan,nan,15424,-0.0009277018728957032,0.020931793190538884,1.492635464668274,0.004966998565942049,0.05470774918794632,0.05470774918794632,0.0556982696056366,0.0006906989041465221,0.0027687499936291716,0.3708645701408386,1.0,0.0030624999999999993,0.00016812499999999998,2,1.0,1.0,0.0
482,1545600,-771.5245676040649,-7.715245628356934,-771.5245676040649,-7.715245628356934,0.0,771.5245676040649,7.715245628356934,60.14705753326416,0.6014704799652097,3.946540253162384,0.0,0.0,nan,nan,nan,nan,nan,nan,nan,nan,nan,nan,15456,-0.0006141980378059131,0.037618184089660646,1.5063233256340027,0.013603504654020071,0.04825092293322086,0.04825092293322086,0.10026256367564201,0.0005607144161344594,0.0019406250066822395,0.35157930850982666,1.0,0.0030480769230769224,0.00016701923076923079,2,1.0,1.0,0.0
483,1548800,-805.6423263549805,-8.056423368453979,-805.6423263549805,-8.056423368453979,0.0,805.6423263549805,8.056423368453979,26.029298782348633,0.2602927398681647,3.536076023578644,0.0,0.0,nan,nan,nan,nan,nan,nan,nan,nan,nan,nan,15488,-0.0004650056449216233,0.023564589954912663,1.5160662412643433,0.006718069314956665,0.03893454223871231,0.03893454223871231,0.05895214341580868,0.00030564037570115046,0.001156249985069735,0.4915342330932617,1.0,0.0030336538461538456,0.0001659134615384616,2,1.0,1.0,0.0
484,1552000,-765.9696426391602,-7.659696311950683,-765.9696426391602,-7.659696311950683,0.0,765.9696426391602,7.659696311950683,65.70198249816895,0.6570197963714604,2.931776211261749,0.0,0.0,nan,nan,nan,nan,nan,nan,nan,nan,nan,nan,15520,-0.0008097515045432324,0.030909370817244052,1.5161047101020813,0.010067464038729667,0.05262058898806572,0.05262058898806572,0.06251704953610897,0.00042413869187047076,0.0007843749954190571,0.42695188522338867,1.0,0.003019230769230769,0.0001648076923076923,2,1.0,1.0,0.0
485,1555200,-723.6452341079712,-7.236452469825744,-723.6452341079712,-7.236452469825744,0.0,723.6452341079712,7.236452469825744,108.02639102935791,1.0802636384963993,3.0684016704559327,0.0,0.0,nan,nan,nan,nan,nan,nan,nan,nan,nan,nan,15552,-0.0009546897722930936,0.03407822269946337,1.5116586685180664,0.01154217766597867,0.053105412423610686,0.053105412423610686,0.07963472977280617,0.0007625509124420431,0.001412500036531128,0.3004017472267151,1.0,0.003004807692307691,0.0001637019230769231,2,1.0,1.0,0.0
486,1558400,-910.2893705368042,-9.102893323898316,-910.2893705368042,-9.102893323898316,0.0,910.2893705368042,9.102893323898316,-78.6177453994751,-0.7861772155761724,4.781656904220581,0.0,0.0,nan,nan,nan,nan,nan,nan,nan,nan,nan,nan,15584,-0.0006555956288472941,0.0455614697188139,1.4916508436203002,0.017664529103785753,0.03803784884512425,0.03803784884512425,0.09747326746582985,0.0007566494388821968,0.0017968750093132258,0.33941560983657837,1.0,0.0029903846153846144,0.0001625961538461539,2,1.0,1.0,0.0
487,1561600,-833.6478624343872,-8.336478567123413,-833.6478624343872,-8.336478567123413,0.0,833.6478624343872,8.336478567123413,-1.9762372970581055,-0.019762458801269034,3.7459851264953614,0.0,0.0,nan,nan,nan,nan,nan,nan,nan,nan,nan,nan,15616,-0.0005323055791246923,0.04356648176908493,1.4714301705360413,0.016872015595436097,0.03737330064177513,0.03737330064177513,0.07048318684101104,0.0005416963558685482,0.0019187499885447324,0.2854718565940857,1.0,0.0029759615384615376,0.0001614903846153846,2,1.0,1.0,0.0
488,1564800,-785.2011699676514,-7.852011709213257,-785.2011699676514,-7.852011709213257,0.0,785.2011699676514,7.852011709213257,46.470455169677734,0.4647043991088866,4.091045081615448,0.0,0.0,nan,nan,nan,nan,nan,nan,nan,nan,nan,nan,15648,-0.0006875442292133993,0.03561826981604099,1.4829829216003418,0.0127296794205904,0.04479839354753494,0.04479839354753494,0.07910513877868652,0.0005388377006977086,0.0009218749877618393,0.3265848755836487,1.0,0.0029615384615384608,0.0001603846153846154,2,1.0,1.0,0.0
489,1568000,-780.007815361023,-7.800078053474426,-780.007815361023,-7.800078053474426,0.0,780.007815361023,7.800078053474426,51.66380977630615,0.5166380548477179,4.016041674613953,0.0,0.0,nan,nan,nan,nan,nan,nan,nan,nan,nan,nan,15680,-0.0005625732737535305,0.03857176303863526,1.4862470149993896,0.014343167189508677,0.04078462310135365,0.04078462310135365,0.08284179419279099,0.0006811731944266106,0.00276874999908614,0.40870726108551025,1.0,0.002947115384615384,0.0001592788461538462,2,1.0,1.0,0.0
490,1571200,-785.5089139938354,-7.855089116096496,-785.5089139938354,-7.855089116096496,0.0,785.5089139938354,7.855089116096496,46.16271114349365,0.4616269922256473,4.168447003364563,0.0,0.0,nan,nan,nan,nan,nan,nan,nan,nan,nan,nan,15712,-0.0006709486765844374,0.04225577637553215,1.495426106452942,0.016071314923465252,0.042810501903295516,0.042810501903295516,0.08415059298276902,0.0005011511799251904,0.0013218749896623193,0.19337421655654907,1.0,0.002932692307692307,0.0001581730769230769,2,1.0,1.0,0.0
491,1574400,-863.4137363433838,-8.634137592315675,-863.4137363433838,-8.634137592315675,0.0,863.4137363433838,8.634137592315675,-31.742111206054688,-0.317421483993531,4.604097747802735,0.0,0.0,nan,nan,nan,nan,nan,nan,nan,nan,nan,nan,15744,-0.0005020979603490572,0.03752174489200115,1.4678460001945495,0.013975204434245825,0.036178044602274896,0.036178044602274896,0.0770871914923191,0.0004887500481358634,0.0017843750036263372,0.1469506025314331,1.0,0.0029182692307692304,0.00015706730769230771,2,1.0,1.0,0.0
492,1577600,-796.8184232711792,-7.968184027671814,-796.8184232711792,-7.968184027671814,0.0,796.8184232711792,7.968184027671814,34.8532018661499,0.3485320806503296,3.9693419575691222,0.0,0.0,nan,nan,nan,nan,nan,nan,nan,nan,nan,nan,15776,-0.0006797584030428183,0.02529684901237488,1.492086613178253,0.0076358762569725515,0.045331109687685965,0.045331109687685965,0.0644399169832468,0.0005718507875837626,0.002931249990069773,0.5534683465957642,1.0,0.0029038461538461536,0.00015596153846153852,2,1.0,1.0,0.0
493,1580800,-894.2181243896484,-8.942181415557862,-894.2181243896484,-8.942181415557862,0.0,894.2181243896484,8.942181415557862,-62.546499252319336,-0.6254653072357179,4.781826100349426,0.0,0.0,nan,nan,nan,nan,nan,nan,nan,nan,nan,nan,15808,-0.0004949953287113118,0.059392621368169786,1.4972172260284424,0.024875221215188502,0.04315437264740467,0.04315437264740467,0.09611021131277084,0.0004343269273715857,0.002087499984190799,0.3378065228462219,1.0,0.0028894230769230768,0.00015485576923076922,2,1.0,1.0,0.0
494,1584000,-825.2372970581055,-8.252373065948486,-825.2372970581055,-8.252373065948486,0.0,825.2372970581055,8.252373065948486,6.434328079223633,0.06434304237365751,4.413320417404175,0.0,0.0,nan,nan,nan,nan,nan,nan,nan,nan,nan,nan,15840,-0.00048749652389386,0.06193513721227646,1.5027912497520446,0.026159547455608844,0.039596250653266905,0.039596250653266905,0.09139174595475197,0.0003981093117556401,0.0021843750197149347,0.26291900873184204,1.0,0.002875,0.00015375000000000002,2,1.0,1.0,0.0
495,1587200,-720.9477739334106,-7.209477596282959,-720.9477739334106,-7.209477596282959,0.0,720.9477739334106,7.209477596282959,110.72385120391846,1.107238512039185,3.621647546291351,0.0,0.0,nan,nan,nan,nan,nan,nan,nan,nan,nan,nan,15872,-0.0007401697639142669,0.031113380379974843,1.5051915526390076,0.010510804504156113,0.04503613412380218,0.04503613412380218,0.07382575049996376,0.0004702176774127628,0.00045624999911524354,0.39352482557296753,1.0,0.002860576923076923,0.00015264423076923083,2,1.0,1.0,0.0
496,1590400,-794.9249887466431,-7.9492501497268675,-794.9249887466431,-7.9492501497268675,0.0,794.9249887466431,7.9492501497268675,36.746636390686035,0.3674659585952762,3.6527375602722167,0.0,0.0,nan,nan,nan,nan,nan,nan,nan,nan,nan,nan,15904,-0.0005399670264974787,0.022641628608107568,1.5050716757774354,0.006497181719169021,0.033542969077825543,0.033542969077825543,0.06355353035032749,0.0005703999304398218,0.0016062499904364812,0.31973129510879517,1.0,0.0028461538461538463,0.00015153846153846164,2,1.0,1.0,0.0
497,1593600,-824.4965925216675,-8.244965782165528,-824.4965925216675,-8.244965782165528,0.0,824.4965925216675,8.244965782165528,7.175032615661621,0.07175032615661614,4.473203477859497,0.0,0.0,nan,nan,nan,nan,nan,nan,nan,nan,nan,nan,15936,-0.0007610032762109586,0.04160196408629417,1.5003148794174195,0.01579149104654789,0.05104028582572937,0.05104028582572937,0.0747805267572403,0.00047342661228072654,0.0002656249998835847,0.27668219804763794,1.0,0.0028317307692307687,0.00015043269230769233,2,1.0,1.0,0.0
498,1596800,-791.09290599823,-7.910929179191589,-791.09290599823,-7.910929179191589,0.0,791.09290599823,7.910929179191589,40.57871913909912,0.4057869291305547,3.622990779876709,0.0,0.0,nan,nan,nan,nan,nan,nan,nan,nan,nan,nan,15968,-0.00040165951930095647,0.03243178967386484,1.5106817126274108,0.011558180302381515,0.030177018605172634,0.030177018605172634,0.07211043685674667,0.0005305097058238368,0.000843749986961484,0.46623873710632324,1.0,0.002817307692307691,0.00014932692307692303,2,1.0,1.0,0.0
499,1600000,-809.6259841918945,-8.096259636878967,-809.6259841918945,-8.096259636878967,0.0,809.6259841918945,8.096259636878967,22.04564094543457,0.22045647144317648,4.102215530872345,0.0,0.0,nan,nan,nan,nan,nan,nan,nan,nan,nan,nan,16000,-0.0010073649220168567,0.03113120011985302,1.5246303081512451,0.010284872353076934,0.06504631750285625,0.06504631750285625,0.07398055046796799,0.0008700657521342346,0.004246874980162829,0.18644016981124878,1.0,0.002802884615384614,0.00014822115384615384,2,1.0,1.0,0.0
500,1603200,-804.3588151931763,-8.043587822914123,-804.3588151931763,-8.043587822914123,0.0,804.3588151931763,8.043587822914123,27.312809944152832,0.2731282854080206,3.631092939376831,0.0,0.0,-605.9842147827148,-6.0598421478271485,-605.9842147827148,-6.0598421478271485,100.0,4.460337535142899,0.0,0.0,605.9842147827148,-108.65711736679077,16032,-0.00047380148393862955,0.0406307552009821,1.5148450136184692,0.015617488976567983,0.05077162273228168,0.05077162273228168,0.09334691762924194,0.0004725758692086965,0.000912499986588955,0.17205876111984253,1.0,0.0027884615384615374,0.00014711538461538464,2,1.0,1.0,0.0
501,1606400,-800.87389087677,-8.008739132881164,-800.87389087677,-8.008739132881164,0.0,800.87389087677,8.008739132881164,30.797734260559082,0.3079769754409796,3.819738304615021,0.0,0.0,nan,nan,nan,nan,nan,nan,nan,nan,nan,nan,16064,-0.0005339448717015305,0.04203384481370449,1.5045081615447997,0.016309414245188236,0.04032323136925697,0.04032323136925697,0.08280825018882751,0.00047657424966131794,0.0021593749839666997,0.15574169158935547,1.0,0.0027740384615384606,0.00014600961538461534,2,1.0,1.0,0.0
502,1609600,-874.3264527320862,-8.7432643699646,-874.3264527320862,-8.7432643699646,0.0,874.3264527320862,8.7432643699646,-42.65482759475708,-0.42654826164245563,4.463192520141601,0.0,0.0,nan,nan,nan,nan,nan,nan,nan,nan,nan,nan,16096,-0.0005407754642218876,0.06161680817604065,1.5092142939567565,0.02610277682542801,0.034958119690418246,0.034958119690418246,0.11796562746167183,0.00022992723270461244,8.749999979045242e-05,0.22751224040985107,1.0,0.002759615384615384,0.00014490384615384615,2,1.0,1.0,0.0
503,1612800,-805.1833076477051,-8.05183322429657,-805.1833076477051,-8.05183322429657,0.0,805.1833076477051,8.05183322429657,26.488317489624023,0.2648828840255746,3.8989610266685486,0.0,0.0,nan,nan,nan,nan,nan,nan,nan,nan,nan,nan,16128,-0.0007959978359751041,0.02753823883831501,1.512879192829132,0.008819977566599847,0.04488783963024616,0.04488783963024616,0.06219120286405087,0.00048825497660907045,0.0011281250248430298,0.2789766788482666,1.0,0.002745192307692307,0.00014379807692307695,2,1.0,1.0,0.0
504,1616000,-747.7653694152832,-7.477653460502625,-747.7653694152832,-7.477653460502625,0.0,747.7653694152832,7.477653460502625,83.9062557220459,0.8390626478195191,3.1235226154327393,0.0,0.0,nan,nan,nan,nan,nan,nan,nan,nan,nan,nan,16160,-0.000638984571371104,0.03315090462565422,1.520810854434967,0.011783483903855085,0.040575210750102994,0.040575210750102994,0.07882876321673393,0.0006411106733150868,0.002493750012945384,0.296500027179718,1.0,0.00273076923076923,0.00014269230769230765,2,1.0,1.0,0.0
505,1619200,-775.3240127563477,-7.753240337371826,-775.3240127563477,-7.753240337371826,0.0,775.3240127563477,7.753240337371826,56.347612380981445,0.5634757709503173,3.679891817569733,0.0,0.0,nan,nan,nan,nan,nan,nan,nan,nan,nan,nan,16192,-0.000844991105055648,0.02974274680018425,1.5183178305625915,0.009902105573564768,0.04534861668944359,0.04534861668944359,0.06360041908919811,0.0006396241248706545,0.0030656250106403603,0.48656165599823,1.0,0.0027163461538461534,0.00014158653846153846,2,1.0,1.0,0.0
506,1622400,-786.3647603988647,-7.863647656440735,-786.3647603988647,-7.863647656440735,0.0,786.3647603988647,7.863647656440735,45.306864738464355,0.45306845188140876,4.196979174613952,0.0,0.0,nan,nan,nan,nan,nan,nan,nan,nan,nan,nan,16224,-0.0006336835083027737,0.036217013746500014,1.5098232269287108,0.013395397271960974,0.04581398442387581,0.04581398442387581,0.07200045138597488,0.0005717762240248912,0.002993750041059684,0.4417222738265991,1.0,0.0027019230769230766,0.00014048076923076926,2,1.0,1.0,0.0
507,1625600,-760.9720602035522,-7.60972065448761,-760.9720602035522,-7.60972065448761,0.0,760.9720602035522,7.60972065448761,70.69956493377686,0.7069954538345335,4.335481986999512,0.0,0.0,nan,nan,nan,nan,nan,nan,nan,nan,nan,nan,16256,-0.0004965242897247534,0.04272663667798042,1.4957962155342102,0.01684684110805392,0.041570783406496045,0.041570783406496045,0.07380474209785462,0.0004703655020434804,0.0013499999942723662,0.21806180477142334,1.0,0.002687499999999999,0.00013937500000000007,2,1.0,1.0,0.0
508,1628800,-842.5906219482422,-8.425906295776366,-842.5906219482422,-8.425906295776366,0.0,842.5906219482422,8.425906295776366,-10.918996810913086,-0.10919018745422271,4.093288099765777,0.0,0.0,nan,nan,nan,nan,nan,nan,nan,nan,nan,nan,16288,-0.0007235147242900198,0.04402320384979248,1.5041178822517396,0.017267464380711316,0.05924652256071568,0.05924652256071568,0.09034443348646164,0.0005996720909037747,0.0037500000675208867,0.2719336152076721,1.0,0.002673076923076922,0.00013826923076923076,2,1.0,1.0,0.0
509,1632000,-743.7131690979004,-7.437131447792053,-743.7131690979004,-7.437131447792053,0.0,743.7131690979004,7.437131447792053,87.95845603942871,0.8795846605300905,3.378234479427338,0.0,0.0,nan,nan,nan,nan,nan,nan,nan,nan,nan,nan,16320,-0.0005290715677867652,0.027281148917973043,1.506902265548706,0.009105171449482441,0.04065089821815491,0.04065089821815491,0.07503850758075714,0.0003627490405065081,0.0016656249987136106,0.5400930643081665,1.0,0.0026586538461538453,0.00013716346153846157,2,1.0,1.0,0.0
510,1635200,-781.0575504302979,-7.810575647354126,-781.0575504302979,-7.810575647354126,0.0,781.0575504302979,7.810575647354126,50.61407470703125,0.5061404609680178,3.419778685569763,0.0,0.0,nan,nan,nan,nan,nan,nan,nan,nan,nan,nan,16352,-0.0005218886705872228,0.03431353271007538,1.4978277921676635,0.012674275320023298,0.03890204764902592,0.03890204764902592,0.08805700093507766,0.0003713874517428352,0.0018218750061350874,0.3580359220504761,1.0,0.0026442307692307685,0.00013605769230769238,2,1.0,1.0,0.0
511,1638400,-776.4506587982178,-7.764506964683533,-776.4506587982178,-7.764506964683533,0.0,776.4506587982178,7.764506964683533,55.22096633911133,0.5522091436386107,4.553684358596802,0.0,0.0,nan,nan,nan,nan,nan,nan,nan,nan,nan,nan,16384,-0.0007594804860593385,0.03653559722006321,1.491173505783081,0.01358681870624423,0.053574909642338756,0.053574909642338756,0.09102818742394447,0.0003809301855668615,0.001012499988428317,0.2912980318069458,1.0,0.0026298076923076917,0.00013495192307692307,2,1.0,1.0,0.0
512,1641600,-824.9368753433228,-8.249368829727173,-824.9368753433228,-8.249368829727173,0.0,824.9368753433228,8.249368829727173,6.734749794006348,0.06734727859497092,4.398401112556457,0.0,0.0,nan,nan,nan,nan,nan,nan,nan,nan,nan,nan,16416,-0.0004955570201564008,0.0489652257412672,1.5023821949958802,0.020057748630642892,0.039740040153265,0.039740040153265,0.08862921670079231,0.00043858945937393274,0.0009093750046304194,0.36383867263793945,1.0,0.002615384615384615,0.00013384615384615388,2,1.0,1.0,0.0
513,1644800,-801.924825668335,-8.019248123168945,-801.924825668335,-8.019248123168945,0.0,801.924825668335,8.019248123168945,29.74679946899414,0.29746798515319917,4.541787886619568,0.0,0.0,nan,nan,nan,nan,nan,nan,nan,nan,nan,nan,16448,-0.0004995765627594295,0.03228696249425411,1.4922595977783204,0.011762594897300005,0.03975016325712204,0.03975016325712204,0.0800314947962761,0.00037631955147063653,0.0015531249926425516,0.3700478672981262,1.0,0.002600961538461538,0.00013274038461538469,2,1.0,1.0,0.0
514,1648000,-733.4249048233032,-7.3342491102218625,-733.4249048233032,-7.3342491102218625,0.0,733.4249048233032,7.3342491102218625,98.24672031402588,0.9824669981002812,3.6144672894477843,0.0,0.0,nan,nan,nan,nan,nan,nan,nan,nan,nan,nan,16480,-0.0004930899960628565,0.03389226235449314,1.5013132452964784,0.012569836713373661,0.040752946957945825,0.040752946957945825,0.07804471775889396,0.00046595622989258745,0.0027125000371597706,0.5068374872207642,1.0,0.0025865384615384613,0.00013163461538461538,2,1.0,1.0,0.0
515,1651200,-831.3838081359863,-8.31383804321289,-831.3838081359863,-8.31383804321289,0.0,831.3838081359863,8.31383804321289,0.28781700134277344,0.0028780651092539244,4.585843086242676,0.0,0.0,nan,nan,nan,nan,nan,nan,nan,nan,nan,nan,16512,-0.0008538108123000932,0.04844426140189171,1.4935675144195557,0.019526691921055318,0.05516246296465397,0.05516246296465397,0.0894123762845993,0.0005737566443727221,0.003565625025657937,0.2712394595146179,1.0,0.0025721153846153845,0.0001305288461538462,2,1.0,1.0,0.0
516,1654400,-836.3653450012207,-8.363653583526611,-836.3653450012207,-8.363653583526611,0.0,836.3653450012207,8.363653583526611,-4.693719863891602,-0.04693747520446756,4.1551568937301635,0.0,0.0,nan,nan,nan,nan,nan,nan,nan,nan,nan,nan,16544,-0.0010787877217866893,0.033345982991158964,1.4836248993873595,0.01179954782128334,0.06967984475195407,0.06967984475195407,0.07634811699390412,0.0012630299388561815,0.009624999901279806,0.4620082378387451,1.0,0.0025576923076923077,0.000129423076923077,2,1.0,1.0,0.0
517,1657600,-793.7095851898193,-7.937095866203308,-793.7095851898193,-7.937095866203308,0.0,793.7095851898193,7.937095866203308,37.962039947509766,0.37962024211883527,3.9813217735290527,0.0,0.0,nan,nan,nan,nan,nan,nan,nan,nan,nan,nan,16576,-0.0006949781018309231,0.02507371436804533,1.4706034302711486,0.008101738523691893,0.05143441185355187,0.05143441185355187,0.07163280248641968,0.0006110012862350319,0.004909374995622784,0.5610511302947998,1.0,0.00254326923076923,0.0001283173076923077,2,1.0,1.0,0.0
518,1660800,-803.3002004623413,-8.033002076148987,-803.3002004623413,-8.033002076148987,0.0,803.3002004623413,8.033002076148987,28.371424674987793,0.2837140321731564,3.7126349902153013,0.0,0.0,nan,nan,nan,nan,nan,nan,nan,nan,nan,nan,16608,-0.0006212046086031542,0.030085546895861626,1.49565691947937,0.010639282409101725,0.052245745062828065,0.052245745062828065,0.07504336610436439,0.0005954201191364853,0.0033625000127358363,0.39689385890960693,1.0,0.0025288461538461524,0.0001272115384615385,2,1.0,1.0,0.0
519,1664000,-824.5777721405029,-8.245777821540832,-824.5777721405029,-8.245777821540832,0.0,824.5777721405029,8.245777821540832,7.093852996826172,0.07093828678131153,4.1398003911972046,0.0,0.0,nan,nan,nan,nan,nan,nan,nan,nan,nan,nan,16640,-0.0008183289682550776,0.04734800159931183,1.4818397045135498,0.019129700027406216,0.057543480023741725,0.057543480023741725,0.10209297090768814,0.0005481241761131397,0.003503125020870357,0.44536179304122925,1.0,0.0025144230769230756,0.0001261057692307692,2,1.0,1.0,0.0
520,1667200,-775.4809999465942,-7.75481005191803,-775.4809999465942,-7.75481005191803,0.0,775.4809999465942,7.75481005191803,56.19062519073486,0.5619060564041138,3.9177894234657287,0.0,0.0,-535.2064779996872,-5.352064779996872,-535.2064779996872,-5.352064779996872,100.0,3.9775566053390503,0.0,0.0,535.2064779996872,-37.87938058376312,16672,-0.0006168170304793996,0.03462037593126297,1.4893898963928223,0.01296989619731903,0.06509531401097775,0.06509531401097775,0.0775536298751831,0.0005850147459584446,0.002462499978719279,0.4513521194458008,1.0,0.0024999999999999988,0.000125,2,1.0,1.0,0.0
521,1670400,-801.442949295044,-8.014429726600646,-801.442949295044,-8.014429726600646,0.0,801.442949295044,8.014429726600646,30.228675842285156,0.3022863817214976,3.7625828623771667,0.0,0.0,nan,nan,nan,nan,nan,nan,nan,nan,nan,nan,16704,-0.0006279350057156963,0.05274173431098461,1.4929659485816955,0.022032050415873528,0.049607837200164796,0.049607837200164796,0.10496257171034813,0.0004821463709971335,0.0017593749827938155,0.2429249882698059,1.0,0.002485576923076922,0.0001238942307692308,2,1.0,1.0,0.0
522,1673600,-910.4763088226318,-9.104762964248657,-910.4763088226318,-9.104762964248657,0.0,910.4763088226318,9.104762964248657,-78.80468368530273,-0.7880468559265132,4.500709075927734,0.0,0.0,nan,nan,nan,nan,nan,nan,nan,nan,nan,nan,16736,-0.00032086335499768024,0.08151925429701805,1.4891578555107117,0.03675882592797279,0.04236892610788345,0.04236892610788345,0.1221702203154564,0.00027618948042913255,0.00024687499608262443,0.02804553508758545,1.0,0.002471153846153845,0.0001227884615384615,2,1.0,1.0,0.0
523,1676800,-847.8683910369873,-8.47868371963501,-847.8683910369873,-8.47868371963501,0.0,847.8683910369873,8.47868371963501,-16.196765899658203,-0.16196761131286586,4.184324963092804,0.0,0.0,nan,nan,nan,nan,nan,nan,nan,nan,nan,nan,16768,-0.0005745349996315596,0.02454344555735588,1.4820091247558593,0.008056290401145815,0.04602528139948845,0.04602528139948845,0.06127346791327,0.0004999069300553668,0.0029624999937368558,0.5234582424163818,1.0,0.0024567307692307683,0.00012168269230769231,2,1.0,1.0,0.0
524,1680000,-819.3707847595215,-8.193707971572875,-819.3707847595215,-8.193707971572875,0.0,819.3707847595215,8.193707971572875,12.300840377807617,0.12300813674926836,4.177215812206268,0.0,0.0,nan,nan,nan,nan,nan,nan,nan,nan,nan,nan,16800,-0.0006205418283061537,0.041182107478380206,1.4917230010032654,0.016327265277504922,0.04570393860340118,0.04570393860340118,0.09026019498705865,0.0003492775231747502,0.0010250000221276423,0.27560311555862427,1.0,0.0024423076923076915,0.00012057692307692312,2,1.0,1.0,0.0
525,1683200,-782.831337928772,-7.82831335067749,-782.831337928772,-7.82831335067749,0.0,782.831337928772,7.82831335067749,48.84028720855713,0.48840275764465346,4.038314316272736,0.0,0.0,nan,nan,nan,nan,nan,nan,nan,nan,nan,nan,16832,-0.0004263860238046924,0.04913525469601154,1.4898367047309875,0.02052409015595913,0.04464269205927849,0.04464269205927849,0.08511388823390006,0.0004750891009293387,0.0032687500002793967,0.3426806926727295,1.0,0.0024278846153846147,0.00011947115384615382,2,1.0,1.0,0.0
526,1686400,-852.1844367980957,-8.521844053268433,-852.1844367980957,-8.521844053268433,0.0,852.1844367980957,8.521844053268433,-20.5128116607666,-0.20512794494628928,4.193620090484619,0.0,0.0,nan,nan,nan,nan,nan,nan,nan,nan,nan,nan,16864,-0.0007304524795501699,0.04097455479204655,1.4770447731018066,0.016192034352570772,0.07678917087614537,0.07678917087614537,0.08351792469620704,0.00041976529792165843,0.0031781250116182493,0.16761738061904907,1.0,0.002413461538461538,0.00011836538461538462,2,1.0,1.0,0.0
527,1689600,-756.4103450775146,-7.564103317260742,-756.4103450775146,-7.564103317260742,0.0,756.4103450775146,7.564103317260742,75.26128005981445,0.7526127910614013,3.757019672393799,0.0,0.0,nan,nan,nan,nan,nan,nan,nan,nan,nan,nan,16896,-0.0004254523274954458,0.06577465534210206,1.4796806216239928,0.02891206443309784,0.045840832963585855,0.045840832963585855,0.10806152075529099,0.00030393425422656055,0.001078125007552444,0.2955477833747864,1.0,0.002399038461538461,0.00011725961538461543,2,1.0,1.0,0.0
528,1692800,-758.4013757705688,-7.584013714790344,-758.4013757705688,-7.584013714790344,0.0,758.4013757705688,7.584013714790344,73.27024936676025,0.7327023935317998,3.380784511566162,0.0,0.0,nan,nan,nan,nan,nan,nan,nan,nan,nan,nan,16928,-0.00037632816497934485,0.029160169139504432,1.4892789125442505,0.010652399063110352,0.029381415620446206,0.029381415620446206,0.07588167190551758,0.00026753089941987195,0.0008406249948166078,0.4138084053993225,1.0,0.0023846153846153843,0.00011615384615384623,2,1.0,1.0,0.0
529,1696000,-797.2409219741821,-7.972409181594848,-797.2409219741821,-7.972409181594848,0.0,797.2409219741821,7.972409181594848,34.43070316314697,0.34430692672729535,3.9994602155685426,0.0,0.0,nan,nan,nan,nan,nan,nan,nan,nan,nan,nan,16960,-0.0009060840338235732,0.03150932807475328,1.4822105050086976,0.011335456371307373,0.04813112579286098,0.04813112579286098,0.06949865892529487,0.0006246776819368492,0.005746874972828664,0.2241765856742859,1.0,0.0023701923076923075,0.00011504807692307693,2,1.0,1.0,0.0
530,1699200,-837.4865255355835,-8.37486520767212,-837.4865255355835,-8.37486520767212,0.0,837.4865255355835,8.37486520767212,-5.8149003982543945,-0.058149099349975586,3.99479110956192,0.0,0.0,nan,nan,nan,nan,nan,nan,nan,nan,nan,nan,16992,-0.00047577127882103554,0.03743821680545807,1.4789098739624023,0.014759366679936648,0.0447162464261055,0.0447162464261055,0.0852861076593399,0.00031594388683642413,0.0014343750022817402,0.25461310148239136,1.0,0.00235576923076923,0.00011394230769230774,2,1.0,1.0,0.0
531,1702400,-834.5904903411865,-8.34590503692627,-834.5904903411865,-8.34590503692627,0.0,834.5904903411865,8.34590503692627,-2.918865203857422,-0.029188928604126474,4.595038390159607,0.0,0.0,nan,nan,nan,nan,nan,nan,nan,nan,nan,nan,17024,-0.000591063341149134,0.057386640831828116,1.4800156116485597,0.024637028016149996,0.056410345062613484,0.056410345062613484,0.0903889738023281,0.0005209346825741402,0.003965625021373853,0.34815895557403564,1.0,0.002341346153846153,0.00011283653846153854,2,1.0,1.0,0.0
532,1705600,-757.2695112228394,-7.572694988250732,-757.2695112228394,-7.572694988250732,0.0,757.2695112228394,7.572694988250732,74.40211391448975,0.7440211200714115,3.7480125784873963,0.0,0.0,nan,nan,nan,nan,nan,nan,nan,nan,nan,nan,17056,-0.0008796089268231277,0.04048721641302109,1.48158198595047,0.01591647192835808,0.05487415492534638,0.05487415492534638,0.09140729010105134,0.000618929393933133,0.004324999975506216,0.2483963966369629,1.0,0.0023269230769230763,0.00011173076923076924,2,1.0,1.0,0.0
533,1708800,-825.825493812561,-8.258254551887513,-825.825493812561,-8.258254551887513,0.0,825.825493812561,8.258254551887513,5.846131324768066,0.058461556434631134,4.409068455696106,0.0,0.0,nan,nan,nan,nan,nan,nan,nan,nan,nan,nan,17088,-0.0008077275476767731,0.04335637353360653,1.4847951412200928,0.017436870839446783,0.05406693033874035,0.05406693033874035,0.09378503039479255,0.000666448218000051,0.0033062499613151887,0.46572333574295044,1.0,0.0023124999999999995,0.00011062500000000005,2,1.0,1.0,0.0
534,1712000,-711.9296808242798,-7.119296932220459,-711.9296808242798,-7.119296932220459,0.0,711.9296808242798,7.119296932220459,119.74194431304932,1.1974191761016844,3.850424041748047,0.0,0.0,nan,nan,nan,nan,nan,nan,nan,nan,nan,nan,17120,-0.0008205163581646247,0.03185460083186627,1.4830509901046753,0.011698619090020656,0.04733164496719837,0.04733164496719837,0.08236938789486885,0.0006246136375933982,0.003318749973186641,0.4646874666213989,1.0,0.0022980769230769226,0.00010951923076923085,2,1.0,1.0,0.0
535,1715200,-712.8257093429565,-7.128256993293762,-712.8257093429565,-7.128256993293762,0.0,712.8257093429565,7.128256993293762,118.84591579437256,1.1884591150283814,3.5536206459999082,0.0,0.0,nan,nan,nan,nan,nan,nan,nan,nan,nan,nan,17152,-0.0008310448432574446,0.042479146644473074,1.4703461170196532,0.017050766479223968,0.07077089920639992,0.07077089920639992,0.10361535847187042,0.0008009431745465489,0.004759374971035868,0.38687723875045776,1.0,0.002283653846153846,0.00010841346153846155,2,1.0,1.0,0.0
536,1718400,-829.321081161499,-8.293211069107056,-829.321081161499,-8.293211069107056,0.0,829.321081161499,8.293211069107056,2.350543975830078,0.023505039215088175,4.637337985038758,0.0,0.0,nan,nan,nan,nan,nan,nan,nan,nan,nan,nan,17184,-0.0005031957608589543,0.046270052716135976,1.4715210676193238,0.019292609579861165,0.040727433189749716,0.040727433189749716,0.08881894126534462,0.00036399508644687954,0.000634375004665344,0.2681366205215454,1.0,0.002269230769230769,0.00010730769230769236,2,1.0,1.0,0.0
537,1721600,-799.4590129852295,-7.994590139389038,-799.4590129852295,-7.994590139389038,0.0,799.4590129852295,7.994590139389038,32.21261215209961,0.32212596893310597,3.828103070259094,0.0,0.0,nan,nan,nan,nan,nan,nan,nan,nan,nan,nan,17216,-0.0005659644280967768,0.035571365430951116,1.4708977103233338,0.013903127145022154,0.042702498659491536,0.042702498659491536,0.09348581358790398,0.0005117043172520239,0.0025531250314088537,0.49771225452423096,1.0,0.0022548076923076914,0.00010620192307692305,2,1.0,1.0,0.0
538,1724800,-856.3111600875854,-8.563111400604248,-856.3111600875854,-8.563111400604248,0.0,856.3111600875854,8.563111400604248,-24.639534950256348,-0.246395292282104,4.007201938629151,0.0,0.0,nan,nan,nan,nan,nan,nan,nan,nan,nan,nan,17248,-0.0005758654127886231,0.042655850574374196,1.4774952292442323,0.017441902309656143,0.049380742385983466,0.049380742385983466,0.08632489517331124,0.00042154375933162213,0.003081250051036477,0.3104846477508545,1.0,0.0022403846153846146,0.00010509615384615386,2,1.0,1.0,0.0
539,1728000,-814.9217309951782,-8.14921709060669,-814.9217309951782,-8.14921709060669,0.0,814.9217309951782,8.14921709060669,16.74989414215088,0.1674990177154534,3.7385691165924073,0.0,0.0,nan,nan,nan,nan,nan,nan,nan,nan,nan,nan,17280,-0.0004142556991253876,0.07176620960235595,1.4741423368453979,0.03218746464699507,0.04167253337800503,0.04167253337800503,0.10671263709664344,0.0003922432662890809,0.003034374988055788,0.24180197715759277,1.0,0.0022259615384615378,0.00010399038461538456,2,1.0,1.0,0.0
540,1731200,-747.3136787414551,-7.473137192726135,-747.3136787414551,-7.473137192726135,0.0,747.3136787414551,7.473137192726135,84.35794639587402,0.8435789155960087,3.825786442756653,0.0,0.0,-543.0577865839005,-5.4305778658390045,-543.0577865839005,-5.4305778658390045,100.0,4.00615698337555,0.0,0.0,543.0577865839005,-45.73068916797638,17312,-0.0003763364554616011,0.048974302038550376,1.495586359500885,0.020803268067538738,0.040364009141921994,0.040364009141921994,0.10105878040194512,0.0002633207287560665,0.00169374998913554,0.33269643783569336,1.0,0.00221153846153846,0.00010288461538461536,2,1.0,1.0,0.0
541,1734400,-756.0634632110596,-7.560635051727295,-756.0634632110596,-7.560635051727295,0.0,756.0634632110596,7.560635051727295,75.60816192626953,0.7560810565948488,3.5254817247390746,0.0,0.0,nan,nan,nan,nan,nan,nan,nan,nan,nan,nan,17344,-0.0004014157275411101,0.03448944315314293,1.4735909461975099,0.013605656567960978,0.04258231818675995,0.04258231818675995,0.08244186714291572,0.0002294972844098782,0.001281249988824129,0.41383910179138184,1.0,0.0021971153846153833,0.00010177884615384617,2,1.0,1.0,0.0
542,1737600,-752.2061443328857,-7.522061529159546,-752.2061443328857,-7.522061529159546,0.0,752.2061443328857,7.522061529159546,79.46548080444336,0.7946545791625974,3.9303475975990296,0.0,0.0,nan,nan,nan,nan,nan,nan,nan,nan,nan,nan,17376,-0.0008955912633333174,0.03539925366640091,1.4823807716369628,0.013568454422056675,0.057950323447585106,0.057950323447585106,0.0848516158759594,0.0007718001870686402,0.006018750031580566,0.4654005169868469,1.0,0.0021826923076923074,0.00010067307692307697,2,1.0,1.0,0.0
543,1740800,-737.3271732330322,-7.373271460533142,-737.3271732330322,-7.373271460533142,0.0,737.3271732330322,7.373271460533142,94.34445190429688,0.9434446477890015,3.716230766773224,0.0,0.0,nan,nan,nan,nan,nan,nan,nan,nan,nan,nan,17408,-0.00023018049832899124,0.04001482725143433,1.4829612851142884,0.016561773791909217,0.03855427615344524,0.03855427615344524,0.08760119080543519,0.0004170622059988851,0.0030031250076717696,0.3135591149330139,1.0,0.0021682692307692306,9.956730769230767e-05,2,1.0,1.0,0.0
544,1744000,-808.8632106781006,-8.088631930351257,-808.8632106781006,-8.088631930351257,0.0,808.8632106781006,8.088631930351257,22.808414459228516,0.22808417797088687,4.026051120758057,0.0,0.0,nan,nan,nan,nan,nan,nan,nan,nan,nan,nan,17440,-0.0003394389879729509,0.0763896346092224,1.48037246465683,0.034666883572936055,0.046847478672862056,0.046847478672862056,0.11047504022717476,0.00021236212296707338,0.00022499999759020283,0.40759772062301636,1.0,0.0021538461538461538,9.846153846153848e-05,2,1.0,1.0,0.0
545,1747200,-809.5748872756958,-8.095748844146728,-809.5748872756958,-8.095748844146728,0.0,809.5748872756958,8.095748844146728,22.0967378616333,0.22096726417541568,4.092005860805512,0.0,0.0,nan,nan,nan,nan,nan,nan,nan,nan,nan,nan,17472,-0.00036014962426849094,0.047979407384991644,1.482956337928772,0.020456882752478124,0.039920749142766,0.039920749142766,0.10350967049598694,0.0002836824001873775,0.0011031250171072316,0.37942737340927124,1.0,0.002139423076923077,9.735576923076928e-05,2,1.0,1.0,0.0
546,1750400,-716.6212568283081,-7.16621244430542,-716.6212568283081,-7.16621244430542,0.0,716.6212568283081,7.16621244430542,115.050368309021,1.1505036640167239,3.6740849304199217,0.0,0.0,nan,nan,nan,nan,nan,nan,nan,nan,nan,nan,17504,-0.0005936915349564309,0.04613286070525646,1.4789987921714782,0.01932986658066511,0.05636501535773277,0.05636501535773277,0.0967679813504219,0.00044138787834699334,0.0036812499747611582,0.4346867799758911,1.0,0.002125,9.624999999999998e-05,2,1.0,1.0,0.0
547,1753600,-819.3160200119019,-8.193160028457642,-819.3160200119019,-8.193160028457642,0.0,819.3160200119019,8.193160028457642,12.355605125427246,0.12355607986450146,3.7107126545906066,0.0,0.0,nan,nan,nan,nan,nan,nan,nan,nan,nan,nan,17536,-0.0005152558710950217,0.05645408146083355,1.4712450504302979,0.024606608785688877,0.04279270693659783,0.04279270693659783,0.10533907786011695,0.00024813440613929267,0.0007874999886553269,0.3222322463989258,1.0,0.0021105769230769216,9.514423076923079e-05,2,1.0,1.0,0.0
548,1756800,-810.3210182189941,-8.103209805488586,-810.3210182189941,-8.103209805488586,0.0,810.3210182189941,8.103209805488586,21.35060691833496,0.21350630283355798,4.741007089614868,0.0,0.0,nan,nan,nan,nan,nan,nan,nan,nan,nan,nan,17568,-0.0005262370299082275,0.04666604697704315,1.4694705724716186,0.019726549834012987,0.059299007058143616,0.059299007058143616,0.08268832564353942,0.0003440973669071191,0.001709374989150092,0.4209139943122864,1.0,0.002096153846153845,9.40384615384616e-05,2,1.0,1.0,0.0
549,1760000,-741.6249237060547,-7.416249194145203,-741.6249237060547,-7.416249194145203,0.0,741.6249237060547,7.416249194145203,90.04670143127441,0.900466914176941,3.888264558315277,0.0,0.0,nan,nan,nan,nan,nan,nan,nan,nan,nan,nan,17600,-0.0005890488022647133,0.04482636973261833,1.481093442440033,0.018740897998213768,0.05058196187019348,0.05058196187019348,0.09613847136497497,0.00043388573694932845,0.0029031250131083654,0.3865762948989868,1.0,0.002081730769230768,9.293269230769229e-05,2,1.0,1.0,0.0
550,1763200,-804.7303075790405,-8.047303218841552,-804.7303075790405,-8.047303218841552,0.0,804.7303075790405,8.047303218841552,26.941317558288574,0.2694128894805914,3.566321370601654,0.0,0.0,nan,nan,nan,nan,nan,nan,nan,nan,nan,nan,17632,-0.00040025854366176894,0.04890026934444904,1.480114722251892,0.020990023389458656,0.04864030964672565,0.04864030964672565,0.08927829638123512,0.00017578391721285736,0.0004437500174390152,0.34044283628463745,1.0,0.002067307692307691,9.18269230769231e-05,2,1.0,1.0,0.0
551,1766400,-782.1518697738647,-7.821518702507019,-782.1518697738647,-7.821518702507019,0.0,782.1518697738647,7.821518702507019,49.519755363464355,0.4951974058151247,4.111332294940948,0.0,0.0,nan,nan,nan,nan,nan,nan,nan,nan,nan,nan,17664,-0.0004596813297568225,0.049437974393367765,1.4838829159736633,0.021213065646588803,0.0511068869382143,0.0511068869382143,0.09854484796524048,0.00033942937207179506,0.001803125030346564,0.2728199362754822,1.0,0.0020528846153846144,9.07211538461539e-05,2,1.0,1.0,0.0
552,1769600,-690.2069988250732,-6.902070202827454,-690.2069988250732,-6.902070202827454,0.0,690.2069988250732,6.902070202827454,141.46462631225586,1.41464590549469,3.6849670720100405,0.0,0.0,nan,nan,nan,nan,nan,nan,nan,nan,nan,nan,17696,-0.00046396713221632526,0.045360977202653883,1.4708495020866394,0.01921825110912323,0.05026131495833397,0.05026131495833397,0.09004284143447876,0.00035674231576351983,0.002765624987659976,0.48923593759536743,1.0,0.0020384615384615376,8.961538461538471e-05,2,1.0,1.0,0.0
553,1772800,-775.5637369155884,-7.755637197494507,-775.5637369155884,-7.755637197494507,0.0,775.5637369155884,7.755637197494507,56.10788822174072,0.5610789108276366,3.5931165742874147,0.0,0.0,nan,nan,nan,nan,nan,nan,nan,nan,nan,nan,17728,-0.0003774788378592575,0.020226767659187316,1.4801352620124817,0.006740054208785295,0.03834094181656837,0.03834094181656837,0.056012391671538354,0.0002824588676517051,0.0014375000195286703,0.608855128288269,1.0,0.002024038461538461,8.85096153846154e-05,2,1.0,1.0,0.0
554,1776000,-736.1320466995239,-7.361320238113404,-736.1320466995239,-7.361320238113404,0.0,736.1320466995239,7.361320238113404,95.53957843780518,0.95539587020874,3.7303706049919128,0.0,0.0,nan,nan,nan,nan,nan,nan,nan,nan,nan,nan,17760,-0.0003784518934857317,0.04162873886525631,1.4715135097503662,0.017478741332888605,0.0419774379581213,0.0419774379581213,0.09505466967821122,0.00018863800919619752,0.0005499999926541932,0.47038495540618896,1.0,0.002009615384615384,8.740384615384621e-05,2,1.0,1.0,0.0
555,1779200,-798.4708337783813,-7.984708166122436,-798.4708337783813,-7.984708166122436,0.0,798.4708337783813,7.984708166122436,33.200791358947754,0.33200794219970753,3.5726603984832765,0.0,0.0,nan,nan,nan,nan,nan,nan,nan,nan,nan,nan,17792,-0.00048311510200438335,0.041825493425130846,1.461400854587555,0.017513855919241907,0.04987371414899826,0.04987371414899826,0.09149330630898475,0.0002915060065805253,0.0018000000214669853,0.11562550067901611,1.0,0.001995192307692307,8.629807692307702e-05,2,1.0,1.0,0.0
556,1782400,-794.8992185592651,-7.948992357254029,-794.8992185592651,-7.948992357254029,0.0,794.8992185592651,7.948992357254029,36.772406578063965,0.36772375106811506,3.9120163178443907,0.0,0.0,nan,nan,nan,nan,nan,nan,nan,nan,nan,nan,17824,-0.00038672485409478873,0.03344913572072983,1.4662028193473815,0.013433633837848902,0.044326411187648775,0.044326411187648775,0.08524077385663986,0.0003026502664414151,0.0017125000129453837,0.4582197666168213,1.0,0.0019807692307692304,8.519230769230772e-05,2,1.0,1.0,0.0
557,1785600,-755.2402000427246,-7.552401924133301,-755.2402000427246,-7.552401924133301,0.0,755.2402000427246,7.552401924133301,76.43142509460449,0.7643141841888426,3.8621624326705932,0.0,0.0,nan,nan,nan,nan,nan,nan,nan,nan,nan,nan,17856,-0.0004211949899618261,0.03573859222233296,1.4674830436706543,0.01456252159550786,0.043201320245862006,0.043201320245862006,0.09274695664644242,0.00026732643755335647,0.00046562500756408554,0.3237457871437073,1.0,0.001966346153846152,8.408653846153841e-05,2,1.0,1.0,0.0
558,1788800,-790.6015939712524,-7.906016235351562,-790.6015939712524,-7.906016235351562,0.0,790.6015939712524,7.906016235351562,41.07003116607666,0.4106998729705813,4.204827919006347,0.0,0.0,nan,nan,nan,nan,nan,nan,nan,nan,nan,nan,17888,-0.0004452526819368252,0.03953181840479374,1.4695703506469726,0.016452167741954328,0.05470721758902073,0.05470721758902073,0.08820581957697868,0.0002533421191418075,0.0010812500077008735,0.5045859813690186,1.0,0.001951923076923075,8.298076923076922e-05,2,1.0,1.0,0.0
559,1792000,-836.4169244766235,-8.364169569015504,-836.4169244766235,-8.364169569015504,0.0,836.4169244766235,8.364169569015504,-4.745299339294434,-0.04745346069335987,4.3732542181015015,0.0,0.0,nan,nan,nan,nan,nan,nan,nan,nan,nan,nan,17920,-0.00041520730827324657,0.04373847134411335,1.4773352861404419,0.01859169136732817,0.04120182320475578,0.04120182320475578,0.09121467173099518,0.0002749404233342998,0.001509375049135997,0.377560019493103,1.0,0.0019374999999999983,8.187500000000003e-05,2,1.0,1.0,0.0
560,1795200,-790.7568836212158,-7.907568764686585,-790.7568836212158,-7.907568764686585,0.0,790.7568836212158,7.907568764686585,40.91474151611328,0.40914734363555905,4.508445882797242,0.0,0.0,-555.3631507158279,-5.553631507158279,-555.3631507158279,-5.553631507158279,100.0,3.9929106068611144,0.0,0.0,555.3631507158279,-58.03605329990387,17952,-0.0004970016722974924,0.04755514338612556,1.4669189691543578,0.020459571853280067,0.045806524157524106,0.045806524157524106,0.11815384328365326,0.00019933761737009266,0.0007499999945139279,0.46303802728652954,1.0,0.0019230769230769214,8.076923076923072e-05,2,1.0,1.0,0.0
561,1798400,-868.4542646408081,-8.684543142318725,-868.4542646408081,-8.684543142318725,0.0,868.4542646408081,8.684543142318725,-36.782639503479004,-0.3678270339965817,3.9955279088020323,0.0,0.0,nan,nan,nan,nan,nan,nan,nan,nan,nan,nan,17984,-0.000573837665189103,0.06156462542712689,1.465121054649353,0.027412066236138344,0.05138322487473488,0.05138322487473488,0.11036669462919235,0.00019749423804720916,0.0002968750017316779,0.3075820207595825,1.0,0.0019086538461538446,7.966346153846153e-05,2,1.0,1.0,0.0
562,1801600,-742.467306137085,-7.424672689437866,-742.467306137085,-7.424672689437866,0.0,742.467306137085,7.424672689437866,89.20431900024414,0.8920434188842776,3.547410590648651,0.0,0.0,nan,nan,nan,nan,nan,nan,nan,nan,nan,nan,18016,-0.00043249105974396684,0.049118909239768985,1.464795744419098,0.02135230228304863,0.053051607310771944,0.053051607310771944,0.11500784009695053,0.00029160153644764857,0.0009249999930034392,0.30364686250686646,1.0,0.0018942307692307678,7.855769230769233e-05,2,1.0,1.0,0.0
563,1804800,-826.8657512664795,-8.268657178878785,-826.8657512664795,-8.268657178878785,0.0,826.8657512664795,8.268657178878785,4.805873870849609,0.04805892944335888,4.133160243034363,0.0,0.0,nan,nan,nan,nan,nan,nan,nan,nan,nan,nan,18048,-0.0004580601006543006,0.05048326030373573,1.4709268927574157,0.022018510662019253,0.05058182924985886,0.05058182924985886,0.10368265882134438,0.0002705903686561368,0.0008531249884981662,0.34912317991256714,1.0,0.001879807692307691,7.745192307692314e-05,2,1.0,1.0,0.0
564,1808000,-792.9169864654541,-7.929169917106629,-792.9169864654541,-7.929169917106629,0.0,792.9169864654541,7.929169917106629,38.754638671875,0.3875461912155149,4.598658947944641,0.0,0.0,nan,nan,nan,nan,nan,nan,nan,nan,nan,nan,18080,-0.0004043357080663501,0.05443298183381558,1.4650171041488647,0.024079334922134876,0.0693824339658022,0.0693824339658022,0.12171050906181335,0.0003039940820615544,0.0013906249951105565,0.3917492628097534,1.0,0.0018653846153846142,7.634615384615384e-05,2,1.0,1.0,0.0
565,1811200,-800.3603200912476,-8.003603200912476,-800.3603200912476,-8.003603200912476,0.0,800.3603200912476,8.003603200912476,31.311305046081543,0.3131129074096677,3.9153525614738465,0.0,0.0,nan,nan,nan,nan,nan,nan,nan,nan,nan,nan,18112,-0.00067850513488521,0.02280077487230301,1.472421371936798,0.007996486872434616,0.05613957867026329,0.05613957867026329,0.06887350827455521,0.00042252855110014206,0.0027718750527128575,0.43249189853668213,1.0,0.0018509615384615374,7.524038461538464e-05,2,1.0,1.0,0.0
566,1814400,-807.8246583938599,-8.078246645927429,-807.8246583938599,-8.078246645927429,0.0,807.8246583938599,8.078246645927429,23.84696674346924,0.23846946239471478,3.768651125431061,0.0,0.0,nan,nan,nan,nan,nan,nan,nan,nan,nan,nan,18144,-0.0003322968082735134,0.05870355069637299,1.4619200825691223,0.026334605924785138,0.05058611817657947,0.05058611817657947,0.09383769631385804,0.00022633814360384052,0.0005218750025960617,0.3319965600967407,1.0,0.0018365384615384606,7.413461538461545e-05,2,1.0,1.0,0.0
567,1817600,-821.4691076278687,-8.214690852165223,-821.4691076278687,-8.214690852165223,0.0,821.4691076278687,8.214690852165223,10.20251750946045,0.10202525615692082,4.125354475975037,0.0,0.0,nan,nan,nan,nan,nan,nan,nan,nan,nan,nan,18176,-0.0004235070999624391,0.06007446870207787,1.4635100364685059,0.026947042904794216,0.05044951550662517,0.05044951550662517,0.10913006961345673,0.0003018696602357306,0.0020593750043190083,0.1264742612838745,1.0,0.0018221153846153838,7.302884615384615e-05,2,1.0,1.0,0.0
568,1820800,-822.3348670005798,-8.223348932266235,-822.3348670005798,-8.223348932266235,0.0,822.3348670005798,8.223348932266235,9.336758136749268,0.09336717605590827,4.1842584133148195,0.0,0.0,nan,nan,nan,nan,nan,nan,nan,nan,nan,nan,18208,-0.00046094658103247864,0.07190498188138009,1.4670509576797486,0.032839567959308626,0.05553018189966678,0.05553018189966678,0.11044033169746399,0.00041610016678702807,0.0019562499684980137,0.15447235107421875,1.0,0.001807692307692307,7.192307692307695e-05,2,1.0,1.0,0.0
569,1824000,-802.1253271102905,-8.0212530708313,-802.1253271102905,-8.0212530708313,0.0,802.1253271102905,8.0212530708313,29.546298027038574,0.295463037490844,4.332636437416077,0.0,0.0,nan,nan,nan,nan,nan,nan,nan,nan,nan,nan,18240,-0.0004363378535344964,0.03887062780559063,1.4615602850914002,0.016378004942089318,0.05704653225839138,0.05704653225839138,0.0823623701930046,0.0003261021071028997,0.0022249999798077623,0.2123197317123413,1.0,0.0017932692307692302,7.081730769230776e-05,2,1.0,1.0,0.0
570,1827200,-790.1125364303589,-7.9011253118515015,-790.1125364303589,-7.9011253118515015,0.0,790.1125364303589,7.9011253118515015,41.559088706970215,0.41559079647064223,3.6184527707099914,0.0,0.0,nan,nan,nan,nan,nan,nan,nan,nan,nan,nan,18272,-0.00038921508967177943,0.04050987996160984,1.4740522861480714,0.017243612743914127,0.047566022351384164,0.047566022351384164,0.09150545224547386,0.0001892508460533529,0.0005187500006286428,0.4663240909576416,1.0,0.0017788461538461534,6.971153846153846e-05,2,1.0,1.0,0.0
571,1830400,-726.6080598831177,-7.2660803747177125,-726.6080598831177,-7.2660803747177125,0.0,726.6080598831177,7.2660803747177125,105.06356525421143,1.0506357336044312,3.6817215609550478,0.0,0.0,nan,nan,nan,nan,nan,nan,nan,nan,nan,nan,18304,-0.0003114882257391649,0.05506693981587887,1.4637118458747864,0.024639374762773513,0.05307694934308529,0.05307694934308529,0.0971985012292862,0.00015799942657548368,0.0007218749946332536,0.41028517484664917,1.0,0.0017644230769230766,6.860576923076926e-05,2,1.0,1.0,0.0
572,1833600,-785.5334539413452,-7.855334033966065,-785.5334539413452,-7.855334033966065,0.0,785.5334539413452,7.855334033966065,46.13817119598389,0.46138207435607903,3.7735732221603393,0.0,0.0,nan,nan,nan,nan,nan,nan,nan,nan,nan,nan,18336,-0.000259381412147186,0.043560170009732245,1.464937400817871,0.018957063369452954,0.03741191662847996,0.03741191662847996,0.12462658882141113,0.0003271145583329006,0.0013812500081257894,0.2958138585090637,1.0,0.0017499999999999998,6.750000000000007e-05,2,1.0,1.0,0.0
573,1836800,-791.425500869751,-7.914255170822144,-791.425500869751,-7.914255170822144,0.0,791.425500869751,7.914255170822144,40.246124267578125,0.4024609374999999,4.075072116851807,0.0,0.0,nan,nan,nan,nan,nan,nan,nan,nan,nan,nan,18368,-0.0005006523065909096,0.04786459244787693,1.4658036351203918,0.020887629128992558,0.05097590200603008,0.05097590200603008,0.1031186781823635,0.0003722782682433499,0.0024625000296509825,0.4086153507232666,1.0,0.001735576923076923,6.639423076923087e-05,2,1.0,1.0,0.0
574,1840000,-810.7720966339111,-8.107721166610718,-810.7720966339111,-8.107721166610718,0.0,810.7720966339111,8.107721166610718,20.89952850341797,0.20899494171142585,4.014160981178284,0.0,0.0,nan,nan,nan,nan,nan,nan,nan,nan,nan,nan,18400,-0.0004249859065457606,0.04320494346320629,1.4593829393386841,0.018665663339197634,0.049752242490649225,0.049752242490649225,0.10039201229810715,0.0003406552118591938,0.0012874999720224878,0.03738546371459961,1.0,0.0017211538461538462,6.528846153846157e-05,2,1.0,1.0,0.0
575,1843200,-796.3243761062622,-7.963243556022644,-796.3243761062622,-7.963243556022644,0.0,796.3243761062622,7.963243556022644,35.347249031066895,0.3534725522994995,3.5343845009803774,0.0,0.0,nan,nan,nan,nan,nan,nan,nan,nan,nan,nan,18432,-0.00031666331169544204,0.058088166266679765,1.4736857175827027,0.026212234795093537,0.03910301700234413,0.03910301700234413,0.09634964391589165,0.00017537515182227537,0.0007687499979510904,0.3324210047721863,1.0,0.0017067307692307694,6.418269230769238e-05,2,1.0,1.0,0.0
576,1846400,-842.4485054016113,-8.424485054016113,-842.4485054016113,-8.424485054016113,0.0,842.4485054016113,8.424485054016113,-10.776880264282227,-0.10776894569396944,4.93886106967926,0.0,0.0,nan,nan,nan,nan,nan,nan,nan,nan,nan,nan,18464,-0.00023266527545420245,0.04768956042826176,1.4587156534194947,0.021143519133329392,0.044185849651694295,0.044185849651694295,0.08421987667679787,0.00018006530026626523,0.001243749995774124,0.20403504371643066,1.0,0.0016923076923076909,6.307692307692308e-05,2,1.0,1.0,0.0
577,1849600,-766.4394702911377,-7.664394683837891,-766.4394702911377,-7.664394683837891,0.0,766.4394702911377,7.664394683837891,65.2321548461914,0.6523214244842528,3.710602960586548,0.0,0.0,nan,nan,nan,nan,nan,nan,nan,nan,nan,nan,18496,-0.0002839591466603508,0.06835098713636398,1.4752687335014343,0.03141620419919491,0.044195248186588286,0.044195248186588286,0.12053424417972565,9.356375449131923e-05,0.00013437500383588484,0.2865469455718994,1.0,0.001677884615384614,6.197115384615388e-05,2,1.0,1.0,0.0
578,1852800,-823.557240486145,-8.235572657585145,-823.557240486145,-8.235572657585145,0.0,823.557240486145,8.235572657585145,8.114384651184082,0.0811434507369988,3.9518937635421754,0.0,0.0,nan,nan,nan,nan,nan,nan,nan,nan,nan,nan,18528,-0.0003652938831582908,0.047921274602413175,1.4580944776535034,0.021169858798384667,0.051384644210338594,0.051384644210338594,0.09605520442128182,0.00022390450444780235,0.000393750004877802,0.31294047832489014,1.0,0.0016634615384615373,6.086538461538458e-05,2,1.0,1.0,0.0
579,1856000,-802.2469444274902,-8.022469611167908,-802.2469444274902,-8.022469611167908,0.0,802.2469444274902,8.022469611167908,29.424680709838867,0.29424649715423534,4.333237199783325,0.0,0.0,nan,nan,nan,nan,nan,nan,nan,nan,nan,nan,18560,-0.0003319177331722933,0.05120350457727909,1.4682942271232604,0.02284856028854847,0.04365355297923088,0.04365355297923088,0.0831082008779049,0.0001815693846782022,0.0002281250010128133,0.39495033025741577,1.0,0.0016490384615384605,5.9759615384615385e-05,2,1.0,1.0,0.0
580,1859200,-845.4783296585083,-8.45478271484375,-845.4783296585083,-8.45478271484375,0.0,845.4783296585083,8.45478271484375,-13.8067045211792,-0.13806660652160652,4.293355278968811,0.0,0.0,-534.8180397748947,-5.348180397748947,-534.8180397748947,-5.348180397748947,100.0,3.9712611961364748,0.0,0.0,534.8180397748947,-37.49094235897064,18592,-0.00038007965448487723,0.07000896707177162,1.4692455291748048,0.032222753018140794,0.05132075473666191,0.05132075473666191,0.10473638102412224,0.00011759380240823974,0.0003124999966530595,0.25934797525405884,1.0,0.0016346153846153837,5.865384615384619e-05,2,1.0,1.0,0.0
581,1862400,-840.4672384262085,-8.404672446250915,-840.4672384262085,-8.404672446250915,0.0,840.4672384262085,8.404672446250915,-8.795613288879395,-0.08795633792877133,4.59897177696228,0.0,0.0,nan,nan,nan,nan,nan,nan,nan,nan,nan,nan,18624,-0.000262317800009626,0.06443780474364758,1.4557198405265808,0.029598038271069528,0.044092103093862536,0.044092103093862536,0.11528440788388253,0.00014214706693762617,0.00021562499896390363,0.2964248061180115,1.0,0.0016201923076923069,5.754807692307689e-05,2,1.0,1.0,0.0
582,1865600,-765.1585340499878,-7.651585602760315,-765.1585340499878,-7.651585602760315,0.0,765.1585340499878,7.651585602760315,66.51309108734131,0.6651305055618284,3.923080413341522,0.0,0.0,nan,nan,nan,nan,nan,nan,nan,nan,nan,nan,18656,-0.00022316992336417484,0.047059015929698945,1.4679983139038086,0.02094907145947218,0.03765741102397442,0.03765741102397442,0.10356935784220696,0.00012286564715584784,0.0009125000036874553,0.2648879885673523,1.0,0.00160576923076923,5.6442307692307694e-05,2,1.0,1.0,0.0
583,1868800,-824.498236656189,-8.244982171058655,-824.498236656189,-8.244982171058655,0.0,824.498236656189,8.244982171058655,7.173388481140137,0.0717339372634882,4.269483466148376,0.0,0.0,nan,nan,nan,nan,nan,nan,nan,nan,nan,nan,18688,-0.0003617495156257089,0.04875029474496841,1.4704966306686402,0.021673328801989557,0.0517142403870821,0.0517142403870821,0.09858521446585655,0.0001554641160983411,0.0010031250130850822,0.27832406759262085,1.0,0.0015913461538461533,5.53365384615385e-05,2,1.0,1.0,0.0
584,1872000,-751.1558256149292,-7.5115588092803955,-751.1558256149292,-7.5115588092803955,0.0,751.1558256149292,7.5115588092803955,80.5157995223999,0.8051572990417482,3.5058898663520814,0.0,0.0,nan,nan,nan,nan,nan,nan,nan,nan,nan,nan,18720,-0.00023059366022935013,0.043334833532571795,1.4713775515556335,0.0191165741533041,0.044438765943050386,0.044438765943050386,0.08523349910974502,0.00010302303299045262,0.0005437500039988663,0.2852916717529297,1.0,0.0015769230769230765,5.42307692307692e-05,2,1.0,1.0,0.0
585,1875200,-828.5010948181152,-8.285011343955993,-828.5010948181152,-8.285011343955993,0.0,828.5010948181152,8.285011343955993,3.170530319213867,0.03170476436615033,4.026066706180573,0.0,0.0,nan,nan,nan,nan,nan,nan,nan,nan,nan,nan,18752,-0.0003096583942271636,0.04238278679549694,1.4523840308189393,0.018612385168671607,0.04325803555548191,0.04325803555548191,0.10591263547539712,0.00012782159808638125,0.000587500014808029,0.43566709756851196,1.0,0.0015624999999999997,5.3125000000000004e-05,2,1.0,1.0,0.0
586,1878400,-713.7742891311646,-7.137742819786072,-713.7742891311646,-7.137742819786072,0.0,713.7742891311646,7.137742819786072,117.89733600616455,1.1789732885360715,3.813341019153595,0.0,0.0,nan,nan,nan,nan,nan,nan,nan,nan,nan,nan,18784,-0.00032317993753245845,0.05785068273544312,1.4633559346199037,0.02633677385747433,0.03969567231833935,0.03969567231833935,0.10306524857878685,8.595140196959673e-05,0.0003312500011816155,0.4521704316139221,1.0,0.0015480769230769229,5.201923076923081e-05,2,1.0,1.0,0.0
587,1881600,-817.5865907669067,-8.175866088867188,-817.5865907669067,-8.175866088867188,0.0,817.5865907669067,8.175866088867188,14.085034370422363,0.14085001945495534,4.115928983688354,0.0,0.0,nan,nan,nan,nan,nan,nan,nan,nan,nan,nan,18816,-0.00013200442659293542,0.05901419036090374,1.474931812286377,0.027113055624067784,0.03703974522650242,0.03703974522650242,0.12233664467930794,3.6307118627333423e-05,4.374999953142833e-05,0.3768998384475708,1.0,0.001533653846153846,5.0913461538461616e-05,2,1.0,1.0,0.0
588,1884800,-776.6045999526978,-7.7660455322265625,-776.6045999526978,-7.7660455322265625,0.0,776.6045999526978,7.7660455322265625,55.06702518463135,0.5506705760955812,3.745491316318512,0.0,0.0,nan,nan,nan,nan,nan,nan,nan,nan,nan,nan,18848,-0.0005109905277727922,0.055580904334783555,1.4658496737480164,0.025052497908473016,0.06559239216148853,0.06559239216148853,0.1047839343547821,0.00030546400380605137,0.003543750003882451,0.4475436806678772,1.0,0.0015192307692307692,4.980769230769231e-05,2,1.0,1.0,0.0
589,1888000,-738.5903759002686,-7.3859037590026855,-738.5903759002686,-7.3859037590026855,0.0,738.5903759002686,7.3859037590026855,93.08124923706055,0.9308123493194582,3.9869468092918394,0.0,0.0,nan,nan,nan,nan,nan,nan,nan,nan,nan,nan,18880,-0.00031115095738787346,0.05378572717308998,1.468846368789673,0.024371381290256976,0.08838128671050072,0.08838128671050072,0.11046169400215149,9.310526438855936e-05,0.000443750005797483,0.5446104407310486,1.0,0.0015048076923076924,4.870192307692312e-05,2,1.0,1.0,0.0
590,1891200,-804.8107137680054,-8.048107185363769,-804.8107137680054,-8.048107185363769,0.0,804.8107137680054,8.048107185363769,26.86091136932373,0.268608922958375,4.032776031494141,0.0,0.0,nan,nan,nan,nan,nan,nan,nan,nan,nan,nan,18912,-0.00022735177148129891,0.04449927993118763,1.4724351525306703,0.019827793911099435,0.0456683412194252,0.0456683412194252,0.09920532628893852,0.00015616334049063245,0.0002468749993568053,0.3877594470977783,1.0,0.0014903846153846156,4.7596153846153925e-05,2,1.0,1.0,0.0
591,1894400,-811.0894784927368,-8.110894317626952,-811.0894784927368,-8.110894317626952,0.0,811.0894784927368,8.110894317626952,20.582146644592285,0.20582179069519135,4.020923116207123,0.0,0.0,nan,nan,nan,nan,nan,nan,nan,nan,nan,nan,18944,-0.00038871434402971695,0.05094530917704106,1.4653758525848388,0.022921101935207844,0.05372283346951008,0.05372283346951008,0.11613553091883659,0.00012368372904520629,0.0009218749761203071,0.2870517373085022,1.0,0.0014759615384615388,4.649038461538462e-05,2,1.0,1.0,0.0
592,1897600,-799.7040271759033,-7.997040328979492,-799.7040271759033,-7.997040328979492,0.0,799.7040271759033,7.997040328979492,31.96759796142578,0.3196757793426519,3.810662634372711,0.0,0.0,nan,nan,nan,nan,nan,nan,nan,nan,nan,nan,18976,-0.000233696795775179,0.060800595209002495,1.4502745032310487,0.02804696876555681,0.0443920448422432,0.0443920448422432,0.11074931323528289,7.05762745629828e-05,7.812500043655746e-05,0.3954685926437378,1.0,0.0014615384615384603,4.538461538461543e-05,2,1.0,1.0,0.0
593,1900800,-725.4601602554321,-7.254601845741272,-725.4601602554321,-7.254601845741272,0.0,725.4601602554321,7.254601845741272,106.21146488189697,1.062114262580872,3.540247206687927,0.0,0.0,nan,nan,nan,nan,nan,nan,nan,nan,nan,nan,19008,-0.0003360822189598878,0.03984147012233734,1.4542001843452455,0.017480256967246532,0.052707460895180705,0.052707460895180705,0.10285521149635315,0.00013281306737760492,0.0010562499854131601,0.4934207797050476,1.0,0.0014471153846153835,4.4278846153846235e-05,2,1.0,1.0,0.0
594,1904000,-720.9822463989258,-7.209822568893433,-720.9822463989258,-7.209822568893433,0.0,720.9822463989258,7.209822568893433,110.68937873840332,1.106893539428711,3.4166731214523316,0.0,0.0,nan,nan,nan,nan,nan,nan,nan,nan,nan,nan,19040,-0.0002030961849785129,0.04765548184514046,1.468985950946808,0.021520039439201354,0.03985174186527729,0.03985174186527729,0.12002093568444253,4.822117168865512e-05,0.0,0.4742193818092346,1.0,0.0014326923076923067,4.317307692307693e-05,2,1.0,1.0,0.0
595,1907200,-833.518816947937,-8.335187935829163,-833.518816947937,-8.335187935829163,0.0,833.518816947937,8.335187935829163,-1.8471918106079102,-0.018471827507019256,4.225912342071533,0.0,0.0,nan,nan,nan,nan,nan,nan,nan,nan,nan,nan,19072,-0.0002068965195605621,0.0555803932249546,1.457176184654236,0.025516631826758385,0.03558654338121414,0.03558654338121414,0.105327408015728,8.328198253075457e-05,0.0003906250021827873,0.23970311880111694,1.0,0.00141826923076923,4.206730769230763e-05,2,1.0,1.0,0.0
596,1910400,-788.8278980255127,-7.888279027938843,-788.8278980255127,-7.888279027938843,0.0,788.8278980255127,7.888279027938843,42.843727111816406,0.42843708038330064,3.979603509902954,0.0,0.0,nan,nan,nan,nan,nan,nan,nan,nan,nan,nan,19104,-0.00015812244429449506,0.04353786930441857,1.459655487537384,0.019561680033802986,0.04442273154854774,0.04442273154854774,0.08988931477069854,3.567230186430855e-05,5.312500215950422e-05,0.5549551248550415,1.0,0.001403846153846153,4.0961538461538436e-05,2,1.0,1.0,0.0
597,1913600,-786.9043941497803,-7.869044051170349,-786.9043941497803,-7.869044051170349,0.0,786.9043941497803,7.869044051170349,44.76723098754883,0.44767205715179426,4.039631071090699,0.0,0.0,nan,nan,nan,nan,nan,nan,nan,nan,nan,nan,19136,-0.0002731247366959177,0.04717271104454994,1.4625208258628846,0.021281170845031738,0.047626107931137085,0.047626107931137085,0.11754314228892326,0.0002579748724219406,0.001434374981909059,0.41007745265960693,1.0,0.0013894230769230763,3.985576923076924e-05,2,1.0,1.0,0.0
598,1916800,-793.752233505249,-7.937522974014282,-793.752233505249,-7.937522974014282,0.0,793.752233505249,7.937522974014282,37.91939163208008,0.3791931343078616,4.107794561386108,0.0,0.0,nan,nan,nan,nan,nan,nan,nan,nan,nan,nan,19168,-0.0002328463820042037,0.07372829914093018,1.4562909722328186,0.03462890312075615,0.04897286407649517,0.04897286407649517,0.1344865918159485,0.00020748840825208617,0.0011875000076543075,0.23927748203277588,1.0,0.0013749999999999995,3.875000000000005e-05,2,1.0,1.0,0.0
599,1920000,-853.3775653839111,-8.533775453567506,-853.3775653839111,-8.533775453567506,0.0,853.3775653839111,8.533775453567506,-21.70594024658203,-0.21705934524536197,4.993215308189392,0.0,0.0,nan,nan,nan,nan,nan,nan,nan,nan,nan,nan,19200,-0.00022773571054566233,0.06272998601198196,1.455414342880249,0.029157054238021375,0.05551469437777996,0.05551469437777996,0.10763024836778641,9.946463906283399e-05,0.00020312500055297278,0.28428298234939575,1.0,0.0013605769230769227,3.7644230769230745e-05,2,1.0,1.0,0.0
600,1923200,-723.3474559783936,-7.2334744739532475,-723.3474559783936,-7.2334744739532475,0.0,723.3474559783936,7.2334744739532475,108.32416915893555,1.0832416343688962,3.916682448387146,0.0,0.0,-539.7355170249939,-5.397355170249939,-539.7355170249939,-5.397355170249939,100.0,3.9805762803554536,0.0,0.0,539.7355170249939,-42.408419609069824,19232,-0.00018445920785596924,0.03531183041632176,1.4579187512397767,0.015508873108774423,0.04572091698646545,0.04572091698646545,0.09228949546813965,8.438084867250932e-05,0.00047187500385916794,0.4986725449562073,1.0,0.0013461538461538459,3.653846153846155e-05,2,1.0,1.0,0.0
601,1926400,-880.052734375,-8.800527210235595,-880.052734375,-8.800527210235595,0.0,880.052734375,8.800527210235595,-48.3811092376709,-0.4838111019134512,4.107733964920044,0.0,0.0,nan,nan,nan,nan,nan,nan,nan,nan,nan,nan,19264,-0.00013175172757948773,0.059403768926858905,1.4629924416542053,0.02762182056903839,0.03882300332188606,0.03882300332188606,0.11617444232106208,3.317958009028394e-05,9.375000445288606e-06,0.28818362951278687,1.0,0.001331730769230769,3.543269230769236e-05,2,1.0,1.0,0.0
602,1929600,-725.7842502593994,-7.257842659950256,-725.7842502593994,-7.257842659950256,0.0,725.7842502593994,7.257842659950256,105.88737487792969,1.0588734483718873,3.591286070346832,0.0,0.0,nan,nan,nan,nan,nan,nan,nan,nan,nan,nan,19296,-0.00021116674064538543,0.04799507111310959,1.4773089170455933,0.02184029873460531,0.04027741923928261,0.04027741923928261,0.11000044122338296,0.00010254315727868158,0.0004562499962048605,0.24822348356246948,1.0,0.0013173076923076905,3.4326923076923054e-05,2,1.0,1.0,0.0
603,1932800,-728.6506128311157,-7.286506233215332,-728.6506128311157,-7.286506233215332,0.0,728.6506128311157,7.286506233215332,103.02101230621338,1.030209875106812,3.419714457988739,0.0,0.0,nan,nan,nan,nan,nan,nan,nan,nan,nan,nan,19328,-7.160774434460393e-05,0.06011385545134544,1.4734482765197754,0.028065586648881435,0.044054416194558146,0.044054416194558146,0.11498056650161743,3.478063357696214e-05,0.00021562499459832908,0.42271876335144043,1.0,0.0013028846153846137,3.322115384615386e-05,2,1.0,1.0,0.0
604,1936000,-832.8544664382935,-8.328544812202454,-832.8544664382935,-8.328544812202454,0.0,832.8544664382935,8.328544812202454,-1.1828413009643555,-0.011828703880309988,4.344230508804321,0.0,0.0,nan,nan,nan,nan,nan,nan,nan,nan,nan,nan,19360,-0.00018893915417429464,0.06824103593826295,1.4542122960090638,0.03205788172781467,0.05302831456065178,0.05302831456065178,0.11526822894811631,2.483488438120567e-05,0.0,0.16645509004592896,1.0,0.001288461538461537,3.2115384615384666e-05,2,1.0,1.0,0.0
605,1939200,-803.7029714584351,-8.037029581069946,-803.7029714584351,-8.037029581069946,0.0,803.7029714584351,8.037029581069946,27.968653678894043,0.27968652725219734,4.0275138974189755,0.0,0.0,nan,nan,nan,nan,nan,nan,nan,nan,nan,nan,19392,-0.0002953272677230778,0.03784118480980396,1.4551365971565247,0.01677136532962322,0.0716947790235281,0.0716947790235281,0.09863313063979148,0.0002523358462457897,0.002053124986559851,0.48383665084838867,1.0,0.0012740384615384601,3.1009615384615364e-05,2,1.0,1.0,0.0
606,1942400,-803.8427438735962,-8.038427772521972,-803.8427438735962,-8.038427772521972,0.0,803.8427438735962,8.038427772521972,27.82888126373291,0.27828833580017154,4.288664691448211,0.0,0.0,nan,nan,nan,nan,nan,nan,nan,nan,nan,nan,19424,-0.0003532774724560817,0.05218351632356644,1.4542833328247071,0.023906643129885198,0.054518396779894826,0.054518396779894826,0.10152854174375534,7.703399757177066e-05,0.0001531250039988663,0.309597373008728,1.0,0.0012596153846153833,2.990384615384617e-05,2,1.0,1.0,0.0
607,1945600,-769.1999101638794,-7.691999325752258,-769.1999101638794,-7.691999325752258,0.0,769.1999101638794,7.691999325752258,62.47171497344971,0.6247167825698856,4.087434389591217,0.0,0.0,nan,nan,nan,nan,nan,nan,nan,nan,nan,nan,19456,-7.410368981728422e-05,0.06034871824085712,1.470590853691101,0.028269086591899396,0.042560269311070445,0.042560269311070445,0.10528679564595222,4.442359147708178e-05,4.6875001135049385e-05,0.39112311601638794,1.0,0.0012451923076923065,2.8798076923076976e-05,2,1.0,1.0,0.0
608,1948800,-770.4148330688477,-7.704148364067078,-770.4148330688477,-7.704148364067078,0.0,770.4148330688477,7.704148364067078,61.256792068481445,0.6125677442550659,3.4999410128593444,0.0,0.0,nan,nan,nan,nan,nan,nan,nan,nan,nan,nan,19488,-0.00021878228341520867,0.03761453777551651,1.4735361814498902,0.016774903796613217,0.062163003534078595,0.062163003534078595,0.09141426011919976,5.449785632152045e-05,0.00040937500016298146,0.4796333312988281,1.0,0.0012307692307692297,2.769230769230778e-05,2,1.0,1.0,0.0
609,1952000,-798.1321296691895,-7.98132140159607,-798.1321296691895,-7.98132140159607,0.0,798.1321296691895,7.98132140159607,33.53949546813965,0.3353947067260741,3.6986353516578676,0.0,0.0,nan,nan,nan,nan,nan,nan,nan,nan,nan,nan,19520,-0.00010409036967500285,0.05673677809536457,1.4802121639251709,0.026463848538696766,0.03813496008515358,0.03813496008515358,0.10983346924185752,2.4314563337997657e-05,0.0,0.3969351649284363,1.0,0.001216346153846153,2.658653846153848e-05,2,1.0,1.0,0.0
610,1955200,-771.2203636169434,-7.712203569412232,-771.2203636169434,-7.712203569412232,0.0,771.2203636169434,7.712203569412232,60.45126152038574,0.604512538909912,3.938053114414215,0.0,0.0,nan,nan,nan,nan,nan,nan,nan,nan,nan,nan,19552,-0.00016910685139439607,0.05155707523226738,1.464559841156006,0.023849142156541346,0.07056347429752349,0.07056347429752349,0.10199929773807526,3.7246019487594205e-05,0.00021874999947613105,0.15863466262817383,1.0,0.0012019230769230761,2.5480769230769285e-05,2,1.0,1.0,0.0
611,1958400,-738.4592475891113,-7.3845927000045775,-738.4592475891113,-7.3845927000045775,0.0,738.4592475891113,7.3845927000045775,93.21237754821777,0.9321234083175662,3.765410783290863,0.0,0.0,nan,nan,nan,nan,nan,nan,nan,nan,nan,nan,19584,-0.00015029604507006412,0.03304392285645008,1.468069314956665,0.014628333132714033,0.04285397715866566,0.04285397715866566,0.08630494996905327,3.805985154072321e-05,3.7499998870771376e-05,0.4543130397796631,1.0,0.0011874999999999993,2.437500000000009e-05,2,1.0,1.0,0.0
612,1961600,-841.6520013809204,-8.416520385742187,-841.6520013809204,-8.416520385742187,0.0,841.6520013809204,8.416520385742187,-9.980376243591309,-0.09980427742004316,4.128228900432586,0.0,0.0,nan,nan,nan,nan,nan,nan,nan,nan,nan,nan,19616,-0.0001387070200784546,0.06607975959777831,1.4701423406600953,0.03117658253759146,0.04365594685077667,0.04365594685077667,0.09734689071774483,4.563364940578614e-05,5.937500100117177e-05,0.41123491525650024,1.0,0.0011730769230769225,2.326923076923079e-05,2,1.0,1.0,0.0
613,1964800,-774.6092395782471,-7.746092538833619,-774.6092395782471,-7.746092538833619,0.0,774.6092395782471,7.746092538833619,57.06238555908203,0.5706235694885251,3.9279171776771546,0.0,0.0,nan,nan,nan,nan,nan,nan,nan,nan,nan,nan,19648,-0.00019570699002215974,0.04923876039683819,1.4539703607559205,0.022739025205373763,0.04875454865396023,0.04875454865396023,0.0922193206846714,5.056295722348955e-05,1.8750000890577212e-05,0.44554299116134644,1.0,0.0011586538461538457,2.2163461538461595e-05,2,1.0,1.0,0.0
614,1968000,-819.8068771362305,-8.198068709373475,-819.8068771362305,-8.198068709373475,0.0,819.8068771362305,8.198068709373475,11.864748001098633,0.11864739894866894,4.400364089012146,0.0,0.0,nan,nan,nan,nan,nan,nan,nan,nan,nan,nan,19680,-0.00017638532409041118,0.06313209161162377,1.4753961563110352,0.029701467044651507,0.04585881680250168,0.04585881680250168,0.10809519961476326,8.769212470452476e-05,0.0005749999945692252,0.3984542489051819,1.0,0.001144230769230769,2.10576923076924e-05,2,1.0,1.0,0.0
615,1971200,-751.3065366744995,-7.513064923286438,-751.3065366744995,-7.513064923286438,0.0,751.3065366744995,7.513064923286438,80.36508846282959,0.8036511850357053,3.943181962966919,0.0,0.0,nan,nan,nan,nan,nan,nan,nan,nan,nan,nan,19712,-0.00014271462117685375,0.048233677819371226,1.4551328659057616,0.02233010418713093,0.04830067828297615,0.04830067828297615,0.1118689827620983,2.110474084303009e-05,0.0,0.5393100380897522,1.0,0.0011298076923076904,1.9951923076923098e-05,2,1.0,1.0,0.0
616,1974400,-800.6620359420776,-8.006620092391968,-800.6620359420776,-8.006620092391968,0.0,800.6620359420776,8.006620092391968,31.009589195251465,0.310096015930176,4.004278843402862,0.0,0.0,nan,nan,nan,nan,nan,nan,nan,nan,nan,nan,19744,-8.524243921783636e-05,0.07652674615383148,1.4740936636924744,0.0365339495241642,0.03844396620988846,0.03844396620988846,0.10685125440359115,2.8550685512386367e-05,3.1250001484295353e-06,0.14147883653640747,1.0,0.0011153846153846136,1.8846153846153796e-05,2,1.0,1.0,0.0
617,1977600,-897.6641254425049,-8.976640987396241,-897.6641254425049,-8.976640987396241,0.0,897.6641254425049,8.976640987396241,-65.99250030517578,-0.6599248790740972,5.167124361991882,0.0,0.0,nan,nan,nan,nan,nan,nan,nan,nan,nan,nan,19776,-5.016644072917131e-05,0.06451630741357803,1.4757059454917907,0.030583291687071322,0.038072137907147405,0.038072137907147405,0.10101966559886932,4.749016365386271e-06,0.0,0.3357568383216858,1.0,0.0011009615384615368,1.77403846153846e-05,2,1.0,1.0,0.0
618,1980800,-763.1485557556152,-7.631485414505005,-763.1485557556152,-7.631485414505005,0.0,763.1485557556152,7.631485414505005,68.52306938171387,0.6852306938171386,3.599867515563965,0.0,0.0,nan,nan,nan,nan,nan,nan,nan,nan,nan,nan,19808,-0.00023954482143598855,0.04373615719377995,1.4684751868247985,0.02003297917544842,0.0735996574163437,0.0735996574163437,0.08776564598083496,0.00017823712656953326,0.0011687499874824426,0.4831581115722656,1.0,0.00108653846153846,1.6634615384615407e-05,2,1.0,1.0,0.0
619,1984000,-777.1220979690552,-7.771220202445984,-777.1220979690552,-7.771220202445984,0.0,777.1220979690552,7.771220202445984,54.549527168273926,0.5454959058761597,4.100306742191314,0.0,0.0,nan,nan,nan,nan,nan,nan,nan,nan,nan,nan,19840,-0.00010982409570789998,0.053415488079190256,1.4778089284896851,0.025013538263738155,0.05004105716943741,0.05004105716943741,0.09605591222643853,5.730208865970387e-05,0.0002406250045169145,0.36006033420562744,1.0,0.0010721153846153832,1.5528846153846213e-05,2,1.0,1.0,0.0
620,1987200,-797.403974533081,-7.974039697647095,-797.403974533081,-7.974039697647095,0.0,797.403974533081,7.974039697647095,34.26765060424805,0.3426764106750486,4.025786483287812,0.0,0.0,-543.9893208742142,-5.439893208742141,-543.9893208742142,-5.439893208742141,100.0,3.982114065885544,0.0,0.0,543.9893208742142,-46.6622234582901,19872,-9.206330646920336e-05,0.03943319544196129,1.4570480585098267,0.01808342579752207,0.04681151546537876,0.04681151546537876,0.10003242567181587,2.801779609914642e-05,5.625000048894435e-05,0.42705315351486206,1.0,0.0010576923076923064,1.4423076923076911e-05,2,1.0,1.0,0.0
621,1990400,-719.9054975509644,-7.1990551042556765,-719.9054975509644,-7.1990551042556765,0.0,719.9054975509644,7.1990551042556765,111.76612758636475,1.1176610040664672,3.628667938709259,0.0,0.0,nan,nan,nan,nan,nan,nan,nan,nan,nan,nan,19904,-6.921238880348568e-05,0.050171779841184615,1.4795652151107788,0.023473092727363108,0.03773707635700703,0.03773707635700703,0.10343696027994156,1.1501961855002034e-05,0.0,0.49404555559158325,1.0,0.0010432692307692296,1.3317307692307717e-05,2,1.0,1.0,0.0
622,1993600,-873.8470191955566,-8.738470449447632,-873.8470191955566,-8.738470449447632,0.0,873.8470191955566,8.738470449447632,-42.17539405822754,-0.4217543411254887,4.433329300880432,0.0,0.0,nan,nan,nan,nan,nan,nan,nan,nan,nan,nan,19936,-9.432701946838762e-05,0.0745858795940876,1.470546293258667,0.035685646906495096,0.06658322587609292,0.06658322587609292,0.13286887407302855,1.693653031986943e-05,0.00013437500165309758,0.30858975648880005,1.0,0.0010288461538461528,1.2211538461538523e-05,2,1.0,1.0,0.0
623,1996800,-735.0714731216431,-7.350714521408081,-735.0714731216431,-7.350714521408081,0.0,735.0714731216431,7.350714521408081,96.60015201568604,0.9660015869140626,3.549903872013092,0.0,0.0,nan,nan,nan,nan,nan,nan,nan,nan,nan,nan,19968,-7.541036607712215e-05,0.03026109766215086,1.4705285549163818,0.01356340041384101,0.0440515760332346,0.0440515760332346,0.09894422888755798,2.6244283107624673e-05,0.00023437499985448084,0.49701398611068726,1.0,0.001014423076923076,1.110576923076922e-05,2,1.0,1.0,0.0
624,2000000,-765.7094583511353,-7.6570947551727295,-765.7094583511353,-7.6570947551727295,0.0,765.7094583511353,7.6570947551727295,65.96216678619385,0.6596213531494142,3.7897519659996033,0.0,0.0,-544.3244646787643,-5.443244646787644,-544.3244646787643,-5.443244646787644,100.0,3.982114065885544,0.0,0.0,544.3244646787643,-46.99736726284027,20000,-7.690110215152757e-05,0.029010740295052528,1.4742278933525086,0.012954240757972002,0.05171988382935524,0.05171988382935524,0.08149709329009056,1.083284259863389e-05,8.437500073341653e-05,0.5762553215026855,1.0,0.0009999999999999992,1.0000000000000026e-05,2,1.0,1.0,0.0
