iter,global_step,episode_return,mean_step_reward,optimized_episode_return,optimized_mean_step_reward,reward_shift,episode_return_gap_to_zero,mean_step_reward_gap_to_zero,episode_return_delta_from_start,mean_step_reward_delta_from_start,pursuer_target_distance,capture,task_score,eval_mean_return,eval_mean_step_reward,eval_optimized_mean_return,eval_optimized_mean_step_reward,eval_mean_episode_length,eval_pursuer_target_distance,eval_capture,eval_task_score,eval_return_gap_to_zero,eval_return_delta_from_start,episodes_completed,policy_loss,value_loss,entropy,total_loss,grad_norm,actor_grad_norm,critic_grad_norm,approx_kl,clipfrac,explained_variance,mean_ratio_epoch0,entropy_coef,lr,seed,alpha,env_alpha,capture_rate,capture_c1_participation,dist_full_sight,dist_sensor_limited,marginal_c1_rate,knn_c1_sighted_frac
0,3200,-737.0785512924194,-7.370785584449768,-737.0785512924194,-7.370785584449768,0.0,737.0785512924194,7.370785584449768,0.0,0.0,3.9379076504707338,0.0,0.0,-624.5760860443115,-6.245760860443116,-624.5760860443115,-6.245760860443116,100.0,4.675902688503266,0.0,0.0,624.5760860443115,0.0,32,-0.0011196844178712694,0.6365457653999329,1.6077895045280457,0.30107530057430265,0.023130831867456438,0.023130831867456438,0.21059827730059624,0.0017673341539193644,0.005971874913666397,-0.4208536148071289,1.0,0.01,0.0007,4,0.25,0.25,0.0,0.0,7.222996368408203,5.548826446533203,0.0,0.9538839787244797
1,6400,-770.7625427246094,-7.707624979019165,-770.7625427246094,-7.707624979019165,0.0,770.7625427246094,7.707624979019165,-33.68399143218994,-0.33683939456939704,4.657506580352783,0.0,0.0,nan,nan,nan,nan,nan,nan,nan,nan,nan,nan,64,-0.0011342590978721035,0.4478283226490021,1.6011135697364807,0.20679185688495635,0.03885173071175814,0.03885173071175814,0.2442670837044716,0.0022626583478995597,0.014890625048428774,0.19641244411468506,1.0,0.009985576923076923,0.0006988942307692308,4,0.25,0.25,0.0,0.0,9.058439617156983,5.235232682228088,0.0,0.9413393306732177
2,9600,-692.9081192016602,-6.929081220626831,-692.9081192016602,-6.929081220626831,0.0,692.9081192016602,6.929081220626831,44.17043209075928,0.44170436382293765,3.9162535309791564,0.0,0.0,nan,nan,nan,nan,nan,nan,nan,nan,nan,nan,96,-0.0012362940896650798,0.34047994315624236,1.5980033993721008,0.15306973755359649,0.034469592943787576,0.034469592943787576,0.2232843354344368,0.0016543428817385574,0.0013218750478699802,0.48808979988098145,1.0,0.009971153846153847,0.0006977884615384615,4,0.25,0.25,0.0,0.0,7.0372987699508665,4.806378936767578,0.0,0.9601786124706269
3,12800,-669.5181770324707,-6.695181574821472,-669.5181770324707,-6.695181574821472,0.0,669.5181770324707,6.695181574821472,67.56037425994873,0.6756040096282963,3.787472324371338,0.0,0.0,nan,nan,nan,nan,nan,nan,nan,nan,nan,nan,128,-0.0013435035530591222,0.2986945748329163,1.583450186252594,0.1322377987205982,0.04610023107379675,0.04610023107379675,0.2467552274465561,0.0030960751726524906,0.0208312495611608,0.5710539817810059,1.0,0.00995673076923077,0.0006966826923076923,4,0.25,0.25,0.0,0.0,6.287628140449524,4.797746620178223,0.0,0.9486607581377029
4,16000,-706.8364686965942,-7.068364434242248,-706.8364686965942,-7.068364434242248,0.0,706.8364686965942,7.068364434242248,30.242082595825195,0.30242115020752003,4.220618290901184,0.0,0.0,nan,nan,nan,nan,nan,nan,nan,nan,nan,nan,160,-0.001230498826329196,0.36909147799015046,1.5814055442810058,0.16759241819381715,0.0360186617821455,0.0360186617821455,0.25768114179372786,0.0024845944113621953,0.011012500245124101,0.3807767629623413,1.0,0.009942307692307693,0.0006955769230769231,4,0.25,0.25,0.0,0.0,7.540118818283081,5.083881239891053,0.0,0.9247768318653107
5,19200,-643.9000978469849,-6.43900098323822,-643.9000978469849,-6.43900098323822,0.0,643.9000978469849,6.43900098323822,93.17845344543457,0.9317846012115485,3.0865838932991028,0.0,0.0,nan,nan,nan,nan,nan,nan,nan,nan,nan,nan,192,-0.0011850123155163316,0.22007110565900803,1.5750313520431518,0.09321381077170372,0.028882958553731443,0.028882958553731443,0.2128678783774376,0.0017893146025016904,0.004115624877158552,0.6043350696563721,1.0,0.009927884615384616,0.0006944711538461538,4,0.25,0.25,0.0,0.0,6.836015543937683,3.6538702178001405,0.0,0.9550446927547455
6,22400,-630.8018293380737,-6.30801851272583,-630.8018293380737,-6.30801851272583,0.0,630.8018293380737,6.30801851272583,106.2767219543457,1.062767071723938,3.2006324458122255,0.0,0.0,nan,nan,nan,nan,nan,nan,nan,nan,nan,nan,224,-0.0008423285463337038,0.23153811693191528,1.5636579036712646,0.09942546561360359,0.03603347782045603,0.03603347782045603,0.22921481281518935,0.002014612181665143,0.008096875017508864,0.5525698661804199,1.0,0.00991346153846154,0.0006933653846153846,4,0.25,0.25,0.0,0.0,6.39293267250061,3.742612636089325,0.0,0.922366111278534
7,25600,-692.7755460739136,-6.927755670547485,-692.7755460739136,-6.927755670547485,0.0,692.7755460739136,6.927755670547485,44.30300521850586,0.44302991390228286,3.8711954045295713,0.0,0.0,nan,nan,nan,nan,nan,nan,nan,nan,nan,nan,256,-0.0008630239759654046,0.3144225776195526,1.5649541020393372,0.140856721252203,0.031006416119635106,0.031006416119635106,0.2666527435183525,0.0021382803402957506,0.008737500011920928,0.5758136510848999,1.0,0.009899038461538463,0.0006922596153846154,4,0.25,0.25,0.0,0.0,6.726005177497864,5.067052364349365,0.0,0.9082143270969391
8,28800,-642.3307447433472,-6.4233073711395265,-642.3307447433472,-6.4233073711395265,0.0,642.3307447433472,6.4233073711395265,94.74780654907227,0.9474782133102417,3.418916916847229,0.0,0.0,nan,nan,nan,nan,nan,nan,nan,nan,nan,nan,288,-0.0009703418961231946,0.23298120200634004,1.5706331491470338,0.0999951533973217,0.04745565615594387,0.04745565615594387,0.22568271309137344,0.0024400657130172476,0.017771874828031286,0.5210351943969727,1.0,0.009884615384615384,0.0006911538461538461,4,0.25,0.25,0.0,0.0,6.559662413597107,4.179764409065246,0.0,0.9643303978443146
9,32000,-689.1195688247681,-6.891195907592773,-689.1195688247681,-6.891195907592773,0.0,689.1195688247681,6.891195907592773,47.95898246765137,0.47958967685699516,3.6005327987670896,0.0,0.0,nan,nan,nan,nan,nan,nan,nan,nan,nan,nan,320,-0.0016233264080014465,0.28459350764751434,1.565028464794159,0.12522629499435425,0.05663938671350479,0.05663938671350479,0.2497342497110367,0.0030438116955338046,0.018156249634921552,0.3625922203063965,1.0,0.009870192307692307,0.0006900480769230769,4,0.25,0.25,0.0,0.0,7.396947002410888,4.119682695865631,0.0,0.955714321732521
10,35200,-714.849292755127,-7.1484928321838375,-714.849292755127,-7.1484928321838375,0.0,714.849292755127,7.1484928321838375,22.22925853729248,0.22229275226593082,3.9460737776756285,0.0,0.0,nan,nan,nan,nan,nan,nan,nan,nan,nan,nan,352,-0.0007896791942650694,0.3191550552845001,1.5706895351409913,0.14330749288201333,0.03471096009016037,0.03471096009016037,0.295202773809433,0.002701688937668223,0.012337500089779496,0.42554712295532227,1.0,0.00985576923076923,0.0006889423076923077,4,0.25,0.25,0.0,0.0,7.017496523857116,5.271069931983948,0.0,0.922678615450859
11,38400,-659.947660446167,-6.599476485252381,-659.947660446167,-6.599476485252381,0.0,659.947660446167,6.599476485252381,77.13089084625244,0.7713090991973877,3.662431561946869,0.0,0.0,nan,nan,nan,nan,nan,nan,nan,nan,nan,nan,384,-0.0009128969607642645,0.21711910963058473,1.563230276107788,0.09226236790418625,0.029750620014965534,0.029750620014965534,0.23522118330001832,0.0020014835812617094,0.0074531249527353795,0.6795287132263184,1.0,0.009841346153846154,0.0006878365384615384,4,0.25,0.25,0.0,0.0,7.079426770210266,4.505832507610321,0.0,0.9447768306732178
12,41600,-659.1452884674072,-6.591453161239624,-659.1452884674072,-6.591453161239624,0.0,659.1452884674072,6.591453161239624,77.9332628250122,0.7793324232101444,3.312266113758087,0.0,0.0,nan,nan,nan,nan,nan,nan,nan,nan,nan,nan,416,-0.0007331457349998516,0.23956964015960694,1.5679981589317322,0.10364307910203933,0.03191450070589781,0.03191450070589781,0.2561956986784935,0.0018600791314383968,0.009296875027939678,0.5779179334640503,1.0,0.009826923076923077,0.0006867307692307692,4,0.25,0.25,0.0,0.0,6.305912675857544,4.237094519138336,0.0,0.9504018300771713
13,44800,-631.5523638725281,-6.315523700714111,-631.5523638725281,-6.315523700714111,0.0,631.5523638725281,6.315523700714111,105.52618741989136,1.0552618837356569,3.1153501749038695,0.0,0.0,nan,nan,nan,nan,nan,nan,nan,nan,nan,nan,448,-0.0007465026080607729,0.27541131228208543,1.5726922512054444,0.12152710855007172,0.03315206151455641,0.03315206151455641,0.25887147188186643,0.0018351514016103465,0.0100312500144355,0.39425021409988403,1.0,0.0098125,0.000685625,4,0.25,0.25,0.0,0.0,6.735421290397644,3.743291480541229,0.0,0.9312946844100952
14,48000,-549.1112990379333,-5.491112995147705,-549.1112990379333,-5.491112995147705,0.0,549.1112990379333,5.491112995147705,187.96725225448608,1.8796725893020634,2.5338595724105835,0.0,0.0,nan,nan,nan,nan,nan,nan,nan,nan,nan,nan,480,-0.0010030325499421622,0.11853300258517266,1.5682420969009399,0.04289771243929863,0.032793260365724566,0.032793260365724566,0.17540151476860047,0.0016726067708077608,0.0073124998976709325,0.625079333782196,1.0,0.009798076923076923,0.0006845192307692307,4,0.25,0.25,0.0,0.0,6.048472514152527,3.3604541707038877,0.0,0.959151821732521
15,51200,-641.7762594223022,-6.417762598991394,-641.7762594223022,-6.417762598991394,0.0,641.7762594223022,6.417762598991394,95.30229187011719,0.9530229854583743,2.970009434223175,0.0,0.0,nan,nan,nan,nan,nan,nan,nan,nan,nan,nan,512,-0.0011097214316890813,0.19816931933164597,1.5511825680732727,0.08279870450496674,0.03805813547223806,0.03805813547223806,0.21432482376694678,0.0020034647932334337,0.009774999995715915,0.5582730770111084,1.0,0.009783653846153846,0.0006834134615384615,4,0.25,0.25,0.0,0.0,7.590428137779236,3.4471466994285582,0.0,0.9552679044008255
16,54400,-660.5170679092407,-6.6051708555221555,-660.5170679092407,-6.6051708555221555,0.0,660.5170679092407,6.6051708555221555,76.56148338317871,0.7656147289276127,3.4223381328582763,0.0,0.0,nan,nan,nan,nan,nan,nan,nan,nan,nan,nan,544,-0.0015078972142774205,0.2527241498231888,1.5381850719451904,0.1098272942006588,0.051920372247695926,0.051920372247695926,0.26665556654334066,0.0027005382391507736,0.02088437508791685,0.3958545923233032,1.0,0.00976923076923077,0.0006823076923076923,4,0.25,0.25,0.0,0.0,5.90995575428009,4.684561281204224,0.0,0.8995982599258423
17,57600,-689.01793384552,-6.890179448127746,-689.01793384552,-6.890179448127746,0.0,689.01793384552,6.890179448127746,48.060617446899414,0.480606136322022,3.5399107098579408,0.0,0.0,nan,nan,nan,nan,nan,nan,nan,nan,nan,nan,576,-0.0011830980600731067,0.2283627822995186,1.5485330462455749,0.09789265170693398,0.05319168083369732,0.05319168083369732,0.2449646383523941,0.002832683343876852,0.024024999618995936,0.5100123882293701,1.0,0.009754807692307693,0.000681201923076923,4,0.25,0.25,0.0,0.0,6.732518739700318,4.220437297821045,0.0,0.9085714721679687
18,60800,-705.7951889038086,-7.057951641082764,-705.7951889038086,-7.057951641082764,0.0,705.7951889038086,7.057951641082764,31.28336238861084,0.31283394336700443,3.6467253041267393,0.0,0.0,nan,nan,nan,nan,nan,nan,nan,nan,nan,nan,608,-0.0012059370608651144,0.20285160094499588,1.5410955190658568,0.08520900160074234,0.04967134669423103,0.04967134669423103,0.23205667585134507,0.0024996726759127343,0.013143750187009574,0.5714403390884399,1.0,0.009740384615384616,0.0006800961538461538,4,0.25,0.25,0.0,0.0,6.694974856376648,5.3372533941268925,0.0,0.8975446844100952
19,64000,-601.1987428665161,-6.011987295150757,-601.1987428665161,-6.011987295150757,0.0,601.1987428665161,6.011987295150757,135.87980842590332,1.3587982892990116,3.0258304619789125,0.0,0.0,nan,nan,nan,nan,nan,nan,nan,nan,nan,nan,640,-0.0012487865055678781,0.11905229836702347,1.5415631651878356,0.04328417778015137,0.05278406590223313,0.05278406590223313,0.18779687881469725,0.0031109659088542686,0.021259374776855113,0.6864173412322998,1.0,0.00972596153846154,0.0006789903846153847,4,0.25,0.25,0.0,0.0,6.874845128059388,3.269667479991913,0.0,0.9779018235206604
20,67200,-546.9692311286926,-5.469692144393921,-546.9692311286926,-5.469692144393921,0.0,546.9692311286926,5.469692144393921,190.1093201637268,1.9010934400558472,2.677604386806488,0.0,0.0,-474.66840529441833,-4.746684052944183,-474.66840529441833,-4.746684052944183,100.0,2.2422659525275233,0.0,0.0,474.66840529441833,149.9076807498932,672,-0.0007574127229979411,0.09568851888179779,1.545687484741211,0.032075843587517736,0.02857051696628332,0.02857051696628332,0.18617772534489632,0.0018592400214402006,0.007631249969563214,0.7399430274963379,1.0,0.009711538461538462,0.0006778846153846154,4,0.25,0.25,0.0,0.0,5.510854196548462,3.426036305427551,0.0,0.9625893253087997
21,70400,-555.4356241226196,-5.554356188774109,-555.4356241226196,-5.554356188774109,0.0,555.4356241226196,5.554356188774109,181.6429271697998,1.8164293956756596,2.723384919166565,0.0,0.0,nan,nan,nan,nan,nan,nan,nan,nan,nan,nan,704,-0.0009025582709348612,0.07416803054511548,1.5432319521903992,0.02121655931696296,0.034126237779855725,0.034126237779855725,0.1761670932173729,0.0023853784943639765,0.011868750198482303,0.7789514064788818,1.0,0.009697115384615386,0.0006767788461538462,4,0.25,0.25,0.0,0.0,5.4732222080230715,3.414208941459656,0.0,0.9413393318653107
22,73600,-556.2845830917358,-5.562845854759217,-556.2845830917358,-5.562845854759217,0.0,556.2845830917358,5.562845854759217,180.7939682006836,1.8079397296905517,2.877533915042877,0.0,0.0,nan,nan,nan,nan,nan,nan,nan,nan,nan,nan,736,-0.0008157986058213495,0.11964462772011757,1.5342194795608521,0.04415114037692547,0.031989125348627565,0.031989125348627565,0.19968110993504523,0.002305044211971108,0.009140625107102096,0.6414543390274048,1.0,0.009682692307692307,0.000675673076923077,4,0.25,0.25,0.0,0.0,5.927497491836548,3.785166172981262,0.0,0.9487500375509262
23,76800,-587.2832341194153,-5.872832131385803,-587.2832341194153,-5.872832131385803,0.0,587.2832341194153,5.872832131385803,149.79531717300415,1.4979534530639649,2.8525530171394347,0.0,0.0,nan,nan,nan,nan,nan,nan,nan,nan,nan,nan,768,-0.0004783584400694707,0.1225173719227314,1.5341073989868164,0.04594816491007805,0.032980472408235074,0.032980472408235074,0.18783678114414215,0.0014234221351216547,0.007996874977834523,0.3444725275039673,1.0,0.00966826923076923,0.0006745673076923077,4,0.25,0.25,0.0,0.0,4.99254362821579,3.883078832626343,0.0,0.9379911130666733
24,80000,-648.7140860557556,-6.487140769958496,-648.7140860557556,-6.487140769958496,0.0,648.7140860557556,6.487140769958496,88.36446523666382,0.8836448144912721,3.342730100154877,0.0,0.0,nan,nan,nan,nan,nan,nan,nan,nan,nan,nan,800,-0.0006847555909539338,0.20393181294202806,1.5242380499839783,0.08656639158725739,0.03322900198400021,0.03322900198400021,0.23312407210469246,0.0019958028140536046,0.007631249933911022,0.4672620892524719,1.0,0.009653846153846153,0.0006734615384615385,4,0.25,0.25,0.0,0.0,6.712497191429138,4.6405659198760985,0.0,0.9597321838140488
25,83200,-637.5008773803711,-6.375008754730224,-637.5008773803711,-6.375008754730224,0.0,637.5008773803711,6.375008754730224,99.57767391204834,0.995776829719544,3.204791624546051,0.0,0.0,nan,nan,nan,nan,nan,nan,nan,nan,nan,nan,832,-0.0008774688632460226,0.1184917502105236,1.5111349105834961,0.04380193687975407,0.03416242599487305,0.03416242599487305,0.21535704359412194,0.0032956882467260586,0.014087499771267175,0.6304948329925537,1.0,0.009639423076923077,0.0006723557692307693,4,0.25,0.25,0.0,0.0,5.48660255908966,4.0753460383415225,0.0,0.9141518324613571
26,86400,-594.9536790847778,-5.94953682422638,-594.9536790847778,-5.94953682422638,0.0,594.9536790847778,5.94953682422638,142.1248722076416,1.4212487602233885,2.471177419424057,0.0,0.0,nan,nan,nan,nan,nan,nan,nan,nan,nan,nan,864,-0.0008230591014930511,0.12204309776425362,1.5080599188804626,0.045683412626385686,0.03694213405251503,0.03694213405251503,0.19189480394124986,0.0015748121222713962,0.006703124828345608,0.5833066701889038,1.0,0.009625,0.00067125,4,0.25,0.25,0.0,0.0,7.116575474739075,2.9941513538360596,0.0,0.928839321732521
27,89600,-605.8515801429749,-6.058515491485596,-605.8515801429749,-6.058515491485596,0.0,605.8515801429749,6.058515491485596,131.22697114944458,1.3122700929641722,2.700052332878113,0.0,0.0,nan,nan,nan,nan,nan,nan,nan,nan,nan,nan,896,-0.0015119638100379972,0.14916540682315826,1.5157091856002807,0.0585038997232914,0.06258091367781163,0.06258091367781163,0.21266309246420861,0.0038948783418163656,0.026806250182562507,0.41882801055908203,1.0,0.009610576923076923,0.0006701442307692308,4,0.25,0.25,0.0,0.0,6.419967269897461,3.2475883555412293,0.0,0.9300000476837158
28,92800,-582.3633584976196,-5.823633632659912,-582.3633584976196,-5.823633632659912,0.0,582.3633584976196,5.823633632659912,154.7151927947998,1.5471519517898562,2.9826376605033875,0.0,0.0,nan,nan,nan,nan,nan,nan,nan,nan,nan,nan,928,-0.0007130806228204279,0.08358265310525895,1.4933883190155028,0.026747461780905722,0.04215640127658844,0.04215640127658844,0.17854123935103416,0.0019334949349286035,0.007996875094249845,0.6505697965621948,1.0,0.009596153846153846,0.0006690384615384616,4,0.25,0.25,0.0,0.0,6.354190931320191,3.7113077282905578,0.0,0.9289286130666733
29,96000,-661.040584564209,-6.610405654907226,-661.040584564209,-6.610405654907226,0.0,661.040584564209,6.610405654907226,76.03796672821045,0.760379929542542,2.7236011838912964,0.0,0.0,nan,nan,nan,nan,nan,nan,nan,nan,nan,nan,960,-0.0009629230494144992,0.131940608471632,1.4894058108329773,0.05073629580438137,0.04202149268239737,0.04202149268239737,0.2273311920464039,0.003015493963903282,0.01396562485024333,0.7053313255310059,1.0,0.00958173076923077,0.0006679326923076923,4,0.25,0.25,0.0,0.0,6.618027234077454,3.6793060803413393,0.0,0.9310268276929855
30,99200,-646.0113019943237,-6.460112924575806,-646.0113019943237,-6.460112924575806,0.0,646.0113019943237,6.460112924575806,91.0672492980957,0.9106726598739625,2.681115398406982,0.0,0.0,nan,nan,nan,nan,nan,nan,nan,nan,nan,nan,992,-0.0012046759777234683,0.09369491338729859,1.481115460395813,0.03147249482572079,0.04776897244155407,0.04776897244155407,0.19403487145900727,0.0020699322209111414,0.01566875008866191,0.5742289423942566,1.0,0.009567307692307693,0.0006668269230769231,4,0.25,0.25,0.0,0.0,7.363409090042114,3.766882562637329,0.0,0.9454911142587662
31,102400,-667.587155342102,-6.6758715486526485,-667.587155342102,-6.6758715486526485,0.0,667.587155342102,6.6758715486526485,69.49139595031738,0.6949140357971197,3.439137065410614,0.0,0.0,nan,nan,nan,nan,nan,nan,nan,nan,nan,nan,1024,-0.0009641547240832437,0.1486516371369362,1.4825590014457704,0.0591989491134882,0.04512297250330448,0.04512297250330448,0.24401870220899582,0.002808279035525629,0.016553124523125008,0.5995412468910217,1.0,0.009552884615384616,0.0006657211538461539,4,0.25,0.25,0.0,0.0,6.700571727752686,4.238180544376373,0.0,0.9458482575416565
32,105600,-673.5403118133545,-6.7354030561447145,-673.5403118133545,-6.7354030561447145,0.0,673.5403118133545,6.7354030561447145,63.53823947906494,0.6353825283050538,3.1273395252227782,0.0,0.0,nan,nan,nan,nan,nan,nan,nan,nan,nan,nan,1056,-0.0013859890211140647,0.11204025521874428,1.4713385462760926,0.040599831566214564,0.051882260292768476,0.051882260292768476,0.20158573538064956,0.003105598557885969,0.02559687476605177,0.5664485692977905,1.0,0.009538461538461539,0.0006646153846153846,4,0.25,0.25,0.0,0.0,6.489730911254883,4.123368728160858,0.0,0.9248214673995971
33,108800,-666.7652063369751,-6.667652053833008,-666.7652063369751,-6.667652053833008,0.0,666.7652063369751,6.667652053833008,70.31334495544434,0.7031335306167605,3.503241240978241,0.0,0.0,nan,nan,nan,nan,nan,nan,nan,nan,nan,nan,1088,-0.0010962624281179334,0.10498978793621064,1.4869351029396056,0.037237003818154334,0.05300987213850021,0.05300987213850021,0.2048959478735924,0.0030618683900684117,0.02069062510272488,0.6852024793624878,1.0,0.009524038461538462,0.0006635096153846154,4,0.25,0.25,0.0,0.0,5.957530837059021,4.36798914194107,0.0,0.8549554038047791
34,112000,-622.2751350402832,-6.222751359939576,-622.2751350402832,-6.222751359939576,0.0,622.2751350402832,6.222751359939576,114.80341625213623,1.1480342245101927,3.0509660768508913,0.0,0.0,nan,nan,nan,nan,nan,nan,nan,nan,nan,nan,1120,-0.0007615927631412945,0.06748514473438263,1.4857304215431213,0.018852254189550877,0.04020279087126255,0.04020279087126255,0.179715034365654,0.002206494687561644,0.012284374970477074,0.6996395587921143,1.0,0.009509615384615385,0.0006624038461538462,4,0.25,0.25,0.0,0.0,5.99062937259674,3.86993914604187,0.0,0.9532143259048462
35,115200,-694.3865747451782,-6.943865828514099,-694.3865747451782,-6.943865828514099,0.0,694.3865747451782,6.943865828514099,42.69197654724121,0.42691975593566944,3.241873309612274,0.0,0.0,nan,nan,nan,nan,nan,nan,nan,nan,nan,nan,1152,-0.0009394338487123122,0.15941698998212814,1.4978448867797851,0.06454673670232296,0.035273050889372826,0.035273050889372826,0.23441949263215064,0.001623835664940998,0.005315624973445665,0.6224217414855957,1.0,0.009495192307692309,0.0006612980769230769,4,0.25,0.25,0.0,0.0,6.500637555122376,4.198823606967926,0.0,0.9317411142587662
36,118400,-604.7100329399109,-6.047100257873535,-604.7100329399109,-6.047100257873535,0.0,604.7100329399109,6.047100257873535,132.36851835250854,1.323685326576233,3.1250387620925903,0.0,0.0,nan,nan,nan,nan,nan,nan,nan,nan,nan,nan,1184,-0.0009698833507254534,0.08565679043531418,1.4938234448432923,0.02769591733813286,0.04974593035876751,0.04974593035876751,0.19546795934438704,0.0024265478175948376,0.016581250238232315,0.6733332872390747,1.0,0.00948076923076923,0.0006601923076923077,4,0.25,0.25,0.0,0.0,6.223045434951782,3.8950845527648927,0.0,0.9316071879863739
37,121600,-605.1524724960327,-6.051524505615235,-605.1524724960327,-6.051524505615235,0.0,605.1524724960327,6.051524505615235,131.92607879638672,1.3192610788345336,2.7348735308647156,0.0,0.0,nan,nan,nan,nan,nan,nan,nan,nan,nan,nan,1216,-0.0007451867999159756,0.08543793186545372,1.512241291999817,0.027658378519117833,0.0370451420545578,0.0370451420545578,0.19885317534208297,0.0022380803267878944,0.013721874996554107,0.6582515239715576,1.0,0.009466346153846153,0.0006590865384615385,4,0.25,0.25,0.0,0.0,5.668603539466858,3.4096355509757994,0.0,0.9332589685916901
38,124800,-664.4324102401733,-6.644324164390564,-664.4324102401733,-6.644324164390564,0.0,664.4324102401733,6.644324164390564,72.6461410522461,0.7264614200592039,3.362711021900177,0.0,0.0,nan,nan,nan,nan,nan,nan,nan,nan,nan,nan,1248,-0.0010818622219492592,0.07939743734896183,1.5124641180038452,0.02432116223499179,0.04467687606811523,0.04467687606811523,0.2048388496041298,0.00264703016000567,0.015393749944269074,0.635694682598114,1.0,0.009451923076923077,0.0006579807692307692,4,0.25,0.25,0.0,0.0,6.492672491073608,4.351874997615814,0.0,0.9469196909666061
39,128000,-624.4012742042542,-6.244012875556946,-624.4012742042542,-6.244012875556946,0.0,624.4012742042542,6.244012875556946,112.67727708816528,1.1267727088928225,3.2233135652542115,0.0,0.0,nan,nan,nan,nan,nan,nan,nan,nan,nan,nan,1280,-0.0009264717481448414,0.09517371132969857,1.5272504806518554,0.03224695846438408,0.04182693064212799,0.04182693064212799,0.21087422221899033,0.0022980970243224874,0.01315312524093315,0.6092068552970886,1.0,0.0094375,0.000656875,4,0.25,0.25,0.0,0.0,6.282453718185425,4.043631429672241,0.0,0.9519643324613571
40,131200,-602.6798806190491,-6.0267992162704465,-602.6798806190491,-6.0267992162704465,0.0,602.6798806190491,6.0267992162704465,134.39867067337036,1.3439863681793218,2.9133625054359436,0.0,0.0,-662.4276565313339,-6.624276565313339,-662.4276565313339,-6.624276565313339,100.0,4.048971004486084,0.0,0.0,662.4276565313339,-37.8515704870224,1312,-0.0005899541619582393,0.057435165718197824,1.5219422817230224,0.01378624914214015,0.030266935750842095,0.030266935750842095,0.1720571018755436,0.0010771914588985966,0.0007812499854480848,0.65962815284729,1.0,0.009423076923076923,0.0006557692307692308,4,0.25,0.25,0.0,0.0,6.26578384399414,4.172535533905029,0.0,0.9147321861982346
41,134400,-671.1153335571289,-6.711153597831726,-671.1153335571289,-6.711153597831726,0.0,671.1153335571289,6.711153597831726,65.96321773529053,0.6596319866180425,2.7500022041797636,0.0,0.0,nan,nan,nan,nan,nan,nan,nan,nan,nan,nan,1344,-0.0008468540597386997,0.08284511938691139,1.5168141007423401,0.026304526068270207,0.036280073970556256,0.036280073970556256,0.20587603598833085,0.0018420377593429294,0.008621874853270128,0.6574230194091797,1.0,0.009408653846153846,0.0006546634615384615,4,0.25,0.25,0.0,0.0,5.452012767791748,4.430463700294495,0.0,0.9461161166429519
42,137600,-587.8010702133179,-5.878010730743409,-587.8010702133179,-5.878010730743409,0.0,587.8010702133179,5.878010730743409,149.27748107910156,1.4927748537063597,2.317416670322418,0.0,0.0,nan,nan,nan,nan,nan,nan,nan,nan,nan,nan,1376,-0.0014904451676411635,0.06400652006268501,1.5286665081977844,0.016152169834822417,0.06880472488701343,0.06880472488701343,0.17249201312661172,0.003329989331541583,0.028587499633431435,0.6209625601768494,1.0,0.00939423076923077,0.0006535576923076923,4,0.25,0.25,0.0,0.0,5.729191584587097,3.095144929885864,0.0,0.9241518276929855
43,140800,-624.2586860656738,-6.242586855888367,-624.2586860656738,-6.242586855888367,0.0,624.2586860656738,6.242586855888367,112.8198652267456,1.1281987285614017,3.3586643242836,0.0,0.0,nan,nan,nan,nan,nan,nan,nan,nan,nan,nan,1408,-0.001414121352089559,0.08324035927653313,1.5215339303016662,0.025934362132102252,0.04914739616215229,0.04914739616215229,0.19138109534978867,0.003565760228957515,0.022303125099278988,0.48430198431015015,1.0,0.009379807692307692,0.000652451923076923,4,0.25,0.25,0.0,0.0,5.418968415260315,4.873114018440247,0.0,0.9230357491970063
44,144000,-574.8230037689209,-5.748230061531067,-574.8230037689209,-5.748230061531067,0.0,574.8230037689209,5.748230061531067,162.25554752349854,1.6225555229187014,3.0048515498638153,0.0,0.0,nan,nan,nan,nan,nan,nan,nan,nan,nan,nan,1440,-0.0008705274469102519,0.05974658206105232,1.509827935695648,0.014862644113600254,0.04582376219332218,0.04582376219332218,0.16035625338554382,0.0019750189305341335,0.016884374991059305,0.542248547077179,1.0,0.009365384615384616,0.0006513461538461538,4,0.25,0.25,0.0,0.0,5.299100761413574,4.05299819946289,0.0,0.940000039935112
45,147200,-544.4319486618042,-5.444319267272949,-544.4319486618042,-5.444319267272949,0.0,544.4319486618042,5.444319267272949,192.64660263061523,1.9264663171768195,2.487662591934204,0.0,0.0,nan,nan,nan,nan,nan,nan,nan,nan,nan,nan,1472,-0.0014775351464282771,0.04923677295446396,1.525594913959503,0.008875072468072176,0.05197215490043163,0.05197215490043163,0.16865052357316018,0.0031881651215371677,0.017021875292994083,0.6883482336997986,1.0,0.009350961538461539,0.0006502403846153846,4,0.25,0.25,0.0,0.0,5.475168120861054,3.0302326893806457,0.0,0.9258929097652435
46,150400,-593.0945997238159,-5.930945672988892,-593.0945997238159,-5.930945672988892,0.0,593.0945997238159,5.930945672988892,143.98395156860352,1.4398399114608766,2.9545434272289275,0.0,0.0,nan,nan,nan,nan,nan,nan,nan,nan,nan,nan,1504,-0.0012076917661470788,0.04925381951034069,1.5221799850463866,0.009207325987517834,0.04903891310095787,0.04903891310095787,0.16043080389499664,0.0033224000166228508,0.020281250405241737,0.625445544719696,1.0,0.009336538461538462,0.0006491346153846153,4,0.25,0.25,0.0,0.0,6.014483799934387,3.787852118015289,0.0,0.9129464650154113
47,153600,-584.5025758743286,-5.845025854110718,-584.5025758743286,-5.845025854110718,0.0,584.5025758743286,5.845025854110718,152.57597541809082,1.5257597303390504,2.7123673367500305,0.0,0.0,nan,nan,nan,nan,nan,nan,nan,nan,nan,nan,1536,-0.0006499353003702524,0.053062961995601655,1.5205594778060914,0.011706714704632758,0.03382055256515741,0.03382055256515741,0.1628161661326885,0.0016213576724112499,0.006206250172908767,0.5819281339645386,1.0,0.009322115384615385,0.0006480288461538461,4,0.25,0.25,0.0,0.0,6.169771938323975,3.4059311890602113,0.0,0.9396875464916229
48,156800,-565.1735525131226,-5.651735224723816,-565.1735525131226,-5.651735224723816,0.0,565.1735525131226,5.651735224723816,171.90499877929688,1.7190503597259523,2.7095281958580015,0.0,0.0,nan,nan,nan,nan,nan,nan,nan,nan,nan,nan,1568,-0.0007422271427625305,0.061344750225543976,1.5078095316886901,0.015895920060575008,0.043955194763839245,0.043955194763839245,0.18529562428593635,0.0022596755385166033,0.011599999759346247,0.5166457891464233,1.0,0.009307692307692308,0.0006469230769230769,4,0.25,0.25,0.0,0.0,4.649259583950043,3.7573492622375486,0.0,0.9216518300771713
49,160000,-572.4654955863953,-5.724655232429504,-572.4654955863953,-5.724655232429504,0.0,572.4654955863953,5.724655232429504,164.61305570602417,1.646130352020264,2.6445588064193726,0.0,0.0,nan,nan,nan,nan,nan,nan,nan,nan,nan,nan,1600,-0.0006793251147843016,0.06855862326920033,1.4898605346679688,0.019754311256110667,0.03417305834591389,0.03417305834591389,0.1759559340775013,0.0016148842732945923,0.009668750077253208,0.47300177812576294,1.0,0.009293269230769232,0.0006458173076923076,4,0.25,0.25,0.0,0.0,6.171065020561218,2.951218726634979,0.0,0.895848258137703
50,163200,-491.6135792732239,-4.916135756969452,-491.6135792732239,-4.916135756969452,0.0,491.6135792732239,4.916135756969452,245.46497201919556,2.454649827480316,2.3859276294708254,0.0,0.0,nan,nan,nan,nan,nan,nan,nan,nan,nan,nan,1632,-0.0009910446973517618,0.03471244946122169,1.502218210697174,0.0024263286963105203,0.034738588705658914,0.034738588705658914,0.14096903353929519,0.001933628914412111,0.006825000047683716,0.6432846188545227,1.0,0.009278846153846153,0.0006447115384615384,4,0.25,0.25,0.0,0.0,5.156095399856567,2.97387442946434,0.0,0.9674553960561753
51,166400,-492.1285488605499,-4.921285190582275,-492.1285488605499,-4.921285190582275,0.0,492.1285488605499,4.921285190582275,244.9500024318695,2.449500393867493,2.2212759792804717,0.0009375,0.00029103374129695243,nan,nan,nan,nan,nan,nan,nan,nan,nan,nan,1664,-0.0013850056535563483,0.050383152812719344,1.5017628788948059,0.009893603343516588,0.050594613701105115,0.050594613701105115,0.16044610887765884,0.002416219328006264,0.015656249987659975,0.5453426241874695,1.0,0.009264423076923076,0.0006436057692307693,4,0.25,0.25,0.03125,0.0009375,4.803115172386169,2.964923632144928,0.0009375,0.9402679020166397
52,169600,-538.864109992981,-5.388641080856323,-538.864109992981,-5.388641080856323,0.0,538.864109992981,5.388641080856323,198.21444129943848,1.982144503593445,2.0566330742836,0.0,0.0,nan,nan,nan,nan,nan,nan,nan,nan,nan,nan,1696,-0.0013996338518569296,0.0526781726628542,1.506214165687561,0.011006970610469579,0.047678124345839026,0.047678124345839026,0.15320439264178276,0.0025375325232744215,0.017368750035166157,0.6397284269332886,1.0,0.00925,0.0006425,4,0.25,0.25,0.0,0.0,6.325054507255555,2.9625506591796875,0.0,0.8981696885824203
53,172800,-536.4891600608826,-5.3648916482925415,-536.4891600608826,-5.3648916482925415,0.0,536.4891600608826,5.3648916482925415,200.58939123153687,2.0058939361572268,2.549398863315582,0.0,0.0,nan,nan,nan,nan,nan,nan,nan,nan,nan,nan,1728,-0.0007380650048842696,0.04321222342550755,1.5127361059188842,0.006897056195884943,0.052018264308571815,0.052018264308571815,0.14196222350001336,0.0019108299413346686,0.010809375043027102,0.622119665145874,1.0,0.009235576923076923,0.0006413942307692308,4,0.25,0.25,0.0,0.0,3.9166327834129335,4.078137311935425,0.0,0.9432589721679687
54,176000,-539.6002798080444,-5.396002922058106,-539.6002798080444,-5.396002922058106,0.0,539.6002798080444,5.396002922058106,197.478271484375,1.9747826623916627,2.516115161180496,0.0,0.0,nan,nan,nan,nan,nan,nan,nan,nan,nan,nan,1760,-0.001314861915516685,0.06541455388069153,1.4944862008094788,0.01761152734979987,0.04455086588859558,0.04455086588859558,0.1738674558699131,0.003035421721142484,0.023937500177999026,0.5557560920715332,1.0,0.009221153846153846,0.0006402884615384616,4,0.25,0.25,0.0,0.0,5.504739820957184,3.0929397201538085,0.0,0.911741111278534
55,179200,-563.2799863815308,-5.632799873352051,-563.2799863815308,-5.632799873352051,0.0,563.2799863815308,5.632799873352051,173.79856491088867,1.7379857110977177,2.7345949268341063,0.0,0.0,nan,nan,nan,nan,nan,nan,nan,nan,nan,nan,1792,-0.0008775652170122328,0.06694793291389942,1.5006418108940125,0.018780395854264498,0.036952805891633037,0.036952805891633037,0.15639671459794044,0.0021080513841297945,0.013912499739672058,0.5764482617378235,1.0,0.00920673076923077,0.0006391826923076923,4,0.25,0.25,0.0,0.0,4.78339900970459,4.1491623520851135,0.0,0.97727683365345
56,182400,-515.4730801582336,-5.154730508327484,-515.4730801582336,-5.154730508327484,0.0,515.4730801582336,5.154730508327484,221.6054711341858,2.2160550761222844,2.5600872468948364,0.0,0.0,nan,nan,nan,nan,nan,nan,nan,nan,nan,nan,1824,-0.0008588846145605178,0.052833807095885275,1.4850111603736877,0.011907339747995137,0.03965213745832443,0.03965213745832443,0.14656846672296525,0.0019197099332814104,0.010387500072829426,0.6112428903579712,1.0,0.009192307692307692,0.0006380769230769231,4,0.25,0.25,0.0,0.0,5.292108063697815,2.974473056793213,0.0,0.9614732497930527
57,185600,-609.9239749908447,-6.099239745140076,-609.9239749908447,-6.099239745140076,0.0,609.9239749908447,6.099239745140076,127.1545763015747,1.2715458393096926,2.688286471366882,0.0,0.0,nan,nan,nan,nan,nan,nan,nan,nan,nan,nan,1856,-0.0009324134989292521,0.04690752401947975,1.4975030422210693,0.008777438011020423,0.049705750122666356,0.049705750122666356,0.13791681379079818,0.0032430172039312312,0.01865312449808698,0.7131787538528442,1.0,0.009177884615384616,0.0006369711538461539,4,0.25,0.25,0.0,0.0,5.888641428947449,3.678220489025116,0.0,0.8972768288850784
58,188800,-613.3750896453857,-6.133750619888306,-613.3750896453857,-6.133750619888306,0.0,613.3750896453857,6.133750619888306,123.70346164703369,1.2370349645614622,2.7157799208164217,0.0,0.0,nan,nan,nan,nan,nan,nan,nan,nan,nan,nan,1888,-0.0011890094709582576,0.03903768993914127,1.505132269859314,0.00453761350363493,0.04682301431894302,0.04682301431894302,0.13249644748866557,0.0033115457496023736,0.016849999665282667,0.68425452709198,1.0,0.009163461538461539,0.0006358653846153846,4,0.25,0.25,0.0,0.0,5.29535035610199,4.036295766830444,0.0,0.9179464745521545
59,192000,-638.0934715270996,-6.380934772491455,-638.0934715270996,-6.380934772491455,0.0,638.0934715270996,6.380934772491455,98.98507976531982,0.9898508119583136,2.8038351130485535,0.0,0.0,nan,nan,nan,nan,nan,nan,nan,nan,nan,nan,1920,-0.0014705640758737814,0.0734855867922306,1.5081071972846984,0.021474499069154263,0.05794241726398468,0.05794241726398468,0.15312089174985885,0.0033182391394802834,0.02514374991878867,0.71630859375,1.0,0.009149038461538462,0.0006347596153846154,4,0.25,0.25,0.0,0.0,5.582484493255615,4.2254507136344905,0.0,0.8905357545614243
60,195200,-559.6619939804077,-5.596619863510131,-559.6619939804077,-5.596619863510131,0.0,559.6619939804077,5.596619863510131,177.41655731201172,1.7741657209396369,2.616767576932907,0.0,0.0,-562.1732091903687,-5.621732091903686,-562.1732091903687,-5.621732091903686,100.0,2.606376635283232,0.0,0.0,562.1732091903687,62.40287685394287,1952,-0.0011216696170565754,0.08205358833074569,1.4999838829040528,0.02620334755629301,0.053238746523857114,0.053238746523857114,0.17624860927462577,0.0021214093303569825,0.014221874966460745,0.4083365201950073,1.0,0.009134615384615385,0.0006336538461538462,4,0.25,0.25,0.0,0.0,5.155062499046326,3.6686812090873717,0.0,0.8945982557535171
61,198400,-515.0059466362,-5.150059561729432,-515.0059466362,-5.150059561729432,0.0,515.0059466362,5.150059561729432,222.07260465621948,2.2207260227203367,2.422031805515289,0.0,0.0,nan,nan,nan,nan,nan,nan,nan,nan,nan,nan,1984,-0.0013092867675586818,0.03857800681143999,1.4909081220626832,0.004382347594946623,0.03917452841997147,0.03917452841997147,0.13664307482540608,0.002310828194458736,0.01010312505386537,0.741000235080719,1.0,0.009120192307692308,0.0006325480769230769,4,0.25,0.25,0.0,0.0,4.33566330909729,4.1340394520759585,0.0,0.9037500405311585
62,201600,-634.8241438865662,-6.348241653442383,-634.8241438865662,-6.348241653442383,0.0,634.8241438865662,6.348241653442383,102.25440740585327,1.0225439310073856,3.3945977973937986,0.0,0.0,nan,nan,nan,nan,nan,nan,nan,nan,nan,nan,2016,-0.0008967987204436146,0.08925057575106621,1.4700194358825684,0.030342832393944263,0.03625184539705515,0.03625184539705515,0.1983065314590931,0.0020468128612264993,0.009959375066682697,0.45703089237213135,1.0,0.009105769230769232,0.0006314423076923077,4,0.25,0.25,0.0,0.0,5.684189887046814,4.536928045749664,0.0,0.9461161106824875
63,204800,-510.8826813697815,-5.10882669210434,-510.8826813697815,-5.10882669210434,0.0,510.8826813697815,5.10882669210434,226.19586992263794,2.2619588923454286,2.4846073162555693,0.0,0.0,nan,nan,nan,nan,nan,nan,nan,nan,nan,nan,2048,-0.0011799635733478198,0.043365282192826274,1.451650321483612,0.007305221538990736,0.041703177616000175,0.041703177616000175,0.12974234372377397,0.002161648211040301,0.01704062472563237,0.594186544418335,1.0,0.009091346153846155,0.0006303365384615385,4,0.25,0.25,0.0,0.0,5.4342789912223814,2.9136492109298704,0.0,0.9379018235206604
64,208000,-498.2714319229126,-4.9827142071723936,-498.2714319229126,-4.9827142071723936,0.0,498.2714319229126,4.9827142071723936,238.80711936950684,2.3880713772773747,2.4352884900569918,0.0,0.0,nan,nan,nan,nan,nan,nan,nan,nan,nan,nan,2080,-0.0007024317180999607,0.06463736109435558,1.4447343349456787,0.018502505961805582,0.040108795277774334,0.040108795277774334,0.15726001486182212,0.0018884755823819432,0.012371874868404121,0.5454342365264893,1.0,0.009076923076923076,0.0006292307692307692,4,0.25,0.25,0.0,0.0,4.991263451576233,3.1993867135047913,0.0,0.9266964691877365
65,211200,-559.5710470676422,-5.5957102918624875,-559.5710470676422,-5.5957102918624875,0.0,559.5710470676422,5.5957102918624875,177.50750422477722,1.7750752925872808,2.511005164384842,0.0,0.0,nan,nan,nan,nan,nan,nan,nan,nan,nan,nan,2112,-0.0007416214640979746,0.059155256301164624,1.4657259225845336,0.015552865620702506,0.03950121123343706,0.03950121123343706,0.1476520963013172,0.0018447853755787947,0.007875000027343048,0.5580906867980957,1.0,0.0090625,0.000628125,4,0.25,0.25,0.0,0.0,5.832501912117005,3.0721481323242186,0.0,0.9206250423192978
66,214400,-536.0678254365921,-5.360678465366363,-536.0678254365921,-5.360678465366363,0.0,536.0678254365921,5.360678465366363,201.01072585582733,2.010107119083405,2.7141249787807467,0.0046875,0.001262073846943833,nan,nan,nan,nan,nan,nan,nan,nan,nan,nan,2144,-0.0012333026132608006,0.06464411094784736,1.4605844140052795,0.01787327267229557,0.05396171621978283,0.05396171621978283,0.1573546275496483,0.0022480912688479294,0.017159374916809612,0.3435089588165283,1.0,0.009048076923076923,0.0006270192307692308,4,0.25,0.25,0.03125,0.0046875,5.430748136043548,3.9703634572029114,0.0021875,0.9464286118745804
67,217600,-565.6106109619141,-5.65610631942749,-565.6106109619141,-5.65610631942749,0.0,565.6106109619141,5.65610631942749,171.46794033050537,1.7146792650222782,2.8103788828849794,0.0,0.0,nan,nan,nan,nan,nan,nan,nan,nan,nan,nan,2176,-0.0009860669571935432,0.07783750221133232,1.4939662218093872,0.024436710216104985,0.03657464608550072,0.03657464608550072,0.16090923994779588,0.0018185757144237868,0.008834375129663386,0.557560920715332,1.0,0.009033653846153846,0.0006259134615384615,4,0.25,0.25,0.0,0.0,5.8258754873275755,3.4918288445472716,0.0,0.9475893342494964
68,220800,-622.3902049064636,-6.223901834487915,-622.3902049064636,-6.223901834487915,0.0,622.3902049064636,6.223901834487915,114.68834638595581,1.1468837499618534,2.9248426008224486,0.0,0.0,nan,nan,nan,nan,nan,nan,nan,nan,nan,nan,2208,-0.0011170267517911282,0.09147134274244309,1.5184721112251283,0.030923195369541644,0.04525568000972271,0.04525568000972271,0.17967149913311004,0.0021235084292129613,0.01571562517747225,0.11226123571395874,1.0,0.009019230769230769,0.0006248076923076923,4,0.25,0.25,0.0,0.0,5.983824162483216,4.626563608646393,0.0,0.9195089769363404
69,224000,-557.9018950462341,-5.579018783569336,-557.9018950462341,-5.579018783569336,0.0,557.9018950462341,5.579018783569336,179.1766562461853,1.7917668008804322,2.462249847650528,0.0,0.0,nan,nan,nan,nan,nan,nan,nan,nan,nan,nan,2240,-0.0006814308527682388,0.05228916108608246,1.5329039692878723,0.011659643333405256,0.03111405875533819,0.03111405875533819,0.13527054265141486,0.0017529097771330272,0.0062156250089174135,0.42265772819519043,1.0,0.009004807692307692,0.0006237019230769231,4,0.25,0.25,0.0,0.0,6.273797192573547,3.2183546876907347,0.0,0.9310714679956437
70,227200,-577.7349953651428,-5.777350292205811,-577.7349953651428,-5.777350292205811,0.0,577.7349953651428,5.777350292205811,159.3435559272766,1.5934352922439574,2.6454549896717072,0.0,0.0,nan,nan,nan,nan,nan,nan,nan,nan,nan,nan,2272,-0.0009603866752935453,0.043522176891565324,1.5348637700080872,0.007001686468720436,0.03343878705054522,0.03343878705054522,0.1486274279654026,0.0014339578749059001,0.003159375034738332,0.6262043714523315,1.0,0.008990384615384615,0.0006225961538461538,4,0.25,0.25,0.0,0.0,5.351717176437378,3.733220188617706,0.0,0.9343750375509262
71,230400,-530.5922250747681,-5.305922107696533,-530.5922250747681,-5.305922107696533,0.0,530.5922250747681,5.305922107696533,206.48632621765137,2.064863476753235,2.154469794034958,0.0,0.0,nan,nan,nan,nan,nan,nan,nan,nan,nan,nan,2304,-0.0012111470137024405,0.04187882207334041,1.5194329738616943,0.006089892797172069,0.05151331536471844,0.05151331536471844,0.1165666900575161,0.0027717302538803777,0.018706249899696558,0.5672918558120728,1.0,0.008975961538461539,0.0006214903846153846,4,0.25,0.25,0.0,0.0,5.818204431533814,3.0913494491577147,0.0,0.95165183365345
72,233600,-652.2438578605652,-6.5224385070800786,-652.2438578605652,-6.5224385070800786,0.0,652.2438578605652,6.5224385070800786,84.83469343185425,0.8483470773696897,3.312989127635956,0.0,0.0,nan,nan,nan,nan,nan,nan,nan,nan,nan,nan,2336,-0.001201801219291454,0.06652320586144925,1.514109194278717,0.01849105376750231,0.05089844129979611,0.05089844129979611,0.15588709861040115,0.002272809790156316,0.013412499899277463,0.4452359676361084,1.0,0.008961538461538462,0.0006203846153846154,4,0.25,0.25,0.0,0.0,6.817500443458557,3.7145643162727358,0.0,0.9312946850061417
73,236800,-603.7698464393616,-6.037698516845703,-603.7698464393616,-6.037698516845703,0.0,603.7698464393616,6.037698516845703,133.30870485305786,1.3330870676040654,2.8048814964294433,0.0,0.0,nan,nan,nan,nan,nan,nan,nan,nan,nan,nan,2368,-0.0005857019380171913,0.04856035970151425,1.523123848438263,0.01006691325455904,0.03153293300420046,0.03153293300420046,0.13548325151205062,0.0018787349690683186,0.011171875073341653,0.6639394164085388,1.0,0.008947115384615385,0.0006192788461538461,4,0.25,0.25,0.0,0.0,5.19611186504364,4.507040433883667,0.0,0.9252232545614243
74,240000,-578.9707622528076,-5.78970760345459,-578.9707622528076,-5.78970760345459,0.0,578.9707622528076,5.78970760345459,158.10778903961182,1.581077980995178,2.914631679058075,0.0,0.0,nan,nan,nan,nan,nan,nan,nan,nan,nan,nan,2400,-0.0012450791485141722,0.05148408338427544,1.5143561601638793,0.010969685297459364,0.06084815971553326,0.06084815971553326,0.13820651024580002,0.002662280687218299,0.019546875258311048,0.6315349340438843,1.0,0.008932692307692308,0.0006181730769230769,4,0.25,0.25,0.0,0.0,5.226734161376953,4.074802675247192,0.0,0.916607192158699
75,243200,-624.4986529350281,-6.2449863195419315,-624.4986529350281,-6.2449863195419315,0.0,624.4986529350281,6.2449863195419315,112.57989835739136,1.1257992649078368,2.9863033175468443,0.0,0.0,nan,nan,nan,nan,nan,nan,nan,nan,nan,nan,2432,-0.0010287161846411763,0.053439174965024,1.5080997824668885,0.012241231091320515,0.04707470126450062,0.04707470126450062,0.1410079687833786,0.0031212234869599344,0.020165625149093102,0.6067507863044739,1.0,0.008918269230769231,0.0006170673076923077,4,0.25,0.25,0.0,0.0,5.617077748775483,4.155596334934234,0.0,0.9525446885824204
76,246400,-453.793438911438,-4.5379342222213745,-453.793438911438,-4.5379342222213745,0.0,453.793438911438,4.5379342222213745,283.28511238098145,2.8328513622283937,2.361124801635742,0.0,0.0,nan,nan,nan,nan,nan,nan,nan,nan,nan,nan,2464,-0.0006992706547229499,0.046518181636929515,1.4926856637001038,0.009269176609814167,0.037303594127297404,0.037303594127297404,0.12867043688893318,0.0015914556686766445,0.007615624952450162,0.666185736656189,1.0,0.008903846153846155,0.0006159615384615384,4,0.25,0.25,0.0,0.0,4.717974996566772,2.84711088180542,0.0,0.9172321838140488
77,249600,-536.8448610305786,-5.368448534011841,-536.8448610305786,-5.368448534011841,0.0,536.8448610305786,5.368448534011841,200.23369026184082,2.0023370504379274,2.3679022324085235,0.0,0.0,nan,nan,nan,nan,nan,nan,nan,nan,nan,nan,2496,-0.0010640628067049018,0.0546870157122612,1.500117337703705,0.012944268248975276,0.04397142045199871,0.04397142045199871,0.14028104096651078,0.0017254704784136266,0.009725000125763472,0.6272441148757935,1.0,0.008889423076923076,0.0006148557692307692,4,0.25,0.25,0.0,0.0,4.588076374530792,3.2993497347831724,0.0,0.9493304020166398
78,252800,-465.1689991950989,-4.651689920425415,-465.1689991950989,-4.651689920425415,0.0,465.1689991950989,4.651689920425415,271.90955209732056,2.719095664024353,2.227267988920212,0.0009375,0.00029049338425522926,nan,nan,nan,nan,nan,nan,nan,nan,nan,nan,2528,-0.0012341202649288618,0.04167535919696093,1.5009404420852661,0.006282712239772082,0.04497335366904735,0.04497335366904735,0.12120059207081794,0.00283834746805951,0.017337499657878654,0.6751166582107544,1.0,0.008875000000000001,0.00061375,4,0.25,0.25,0.03125,0.0009375,5.230072975158691,2.742331826686859,0.0009375,0.8963839691877366
79,256000,-547.5059781074524,-5.475060098171234,-547.5059781074524,-5.475060098171234,0.0,547.5059781074524,5.475060098171234,189.57257318496704,1.8957254862785344,2.486970508098602,0.0,0.0,nan,nan,nan,nan,nan,nan,nan,nan,nan,nan,2560,-0.0013661162380594672,0.048400693014264105,1.4915891528129577,0.00961788920685649,0.04948120303452015,0.04948120303452015,0.10760280340909958,0.002606413460307522,0.022996875224635005,0.5889078378677368,1.0,0.008860576923076922,0.0006126442307692307,4,0.25,0.25,0.0,0.0,6.72699737071991,3.0017604851722717,0.0,0.8988839733600616
80,259200,-582.6068897247314,-5.8260688209533695,-582.6068897247314,-5.8260688209533695,0.0,582.6068897247314,5.8260688209533695,154.471661567688,1.5447167634963987,3.3909291648864746,0.0009375,0.00021350834067127082,-407.53104172647,-4.0753104172647,-407.53104172647,-4.0753104172647,100.0,2.0472125791013243,0.0,0.0,407.53104172647,217.04504431784153,2592,-0.0008097127628279744,0.06365061663091183,1.5007256031036378,0.017739946115761997,0.04419778157025576,0.04419778157025576,0.14278146475553513,0.0018375718020251953,0.012293750005483162,0.5328888297080994,1.0,0.008846153846153846,0.0006115384615384615,4,0.25,0.25,0.03125,0.0009375,5.696759788990021,4.1809118413925175,0.0009375,0.9599107539653778
81,262400,-561.4063882827759,-5.614063873291015,-561.4063882827759,-5.614063873291015,0.0,561.4063882827759,5.614063873291015,175.67216300964355,1.756721711158753,2.5514061653614046,0.0,0.0,nan,nan,nan,nan,nan,nan,nan,nan,nan,nan,2624,-0.000780794148851438,0.08230604231357574,1.4989905953407288,0.0271335456520319,0.03967667035758495,0.03967667035758495,0.14716217368841172,0.0017236629959370476,0.0082687501439068,0.49388641119003296,1.0,0.008831730769230769,0.0006104326923076922,4,0.25,0.25,0.0,0.0,6.00630167722702,3.1055960416793824,0.0,0.8974554020166398
82,265600,-532.2282366752625,-5.322282223701477,-532.2282366752625,-5.322282223701477,0.0,532.2282366752625,5.322282223701477,204.85031461715698,2.048503360748291,2.503298201560974,0.0003125,8.920165570283414e-05,nan,nan,nan,nan,nan,nan,nan,nan,nan,nan,2656,-0.0010892674887086784,0.04439899269491434,1.4796047806739807,0.008064098097383976,0.03262923061847687,0.03262923061847687,0.12892979979515076,0.001942457872792147,0.011562500036961864,0.6371614933013916,1.0,0.008817307692307692,0.000609326923076923,4,0.25,0.25,0.03125,0.0003125,4.257373552322388,3.5003102159500123,0.0003125,0.9361607587337494
83,268800,-437.1596670150757,-4.371596822738647,-437.1596670150757,-4.371596822738647,0.0,437.1596670150757,4.371596822738647,299.91888427734375,2.999188761711121,1.7401759868860245,0.0,0.0,nan,nan,nan,nan,nan,nan,nan,nan,nan,nan,2688,-0.0009987737332936674,0.044626281782984736,1.4748475432395936,0.008331454824656248,0.04751327522099018,0.04751327522099018,0.12434999719262123,0.0021124772538314573,0.01411562495632097,0.6782456040382385,1.0,0.008802884615384615,0.0006082211538461539,4,0.25,0.25,0.0,0.0,4.77832715511322,2.351224756240845,0.0,0.9423214757442474
84,272000,-438.0500888824463,-4.380500819683075,-438.0500888824463,-4.380500819683075,0.0,438.0500888824463,4.380500819683075,299.02846240997314,2.9902847647666935,1.8051117742061615,0.0,0.0,nan,nan,nan,nan,nan,nan,nan,nan,nan,nan,2720,-0.0008418149918316686,0.03691670801490545,1.4886481642723084,0.004533611424267292,0.047359881550073625,0.047359881550073625,0.10272081568837166,0.0026464062902959995,0.012962500238791108,0.7323718070983887,1.0,0.008788461538461538,0.0006071153846153847,4,0.25,0.25,0.0,0.0,4.174230208396912,2.2418006551265717,0.0,0.9141071873903275
85,275200,-408.1324577331543,-4.081324806213379,-408.1324577331543,-4.081324806213379,0.0,408.1324577331543,4.081324806213379,328.94609355926514,3.289460778236389,1.8387128078937531,0.0,0.0,nan,nan,nan,nan,nan,nan,nan,nan,nan,nan,2752,-0.0008227715250338719,0.038997888937592505,1.4796571731567383,0.005693603865802288,0.038276245817542076,0.038276245817542076,0.11053821668028832,0.0019036834484722931,0.01170937483511807,0.6477760672569275,1.0,0.008774038461538462,0.0006060096153846154,4,0.25,0.25,0.0,0.0,4.362471342086792,2.324746450185776,0.0,0.9287946838140487
86,278400,-500.2394452095032,-5.002394137382507,-500.2394452095032,-5.002394137382507,0.0,500.2394452095032,5.002394137382507,236.83910608291626,2.3683914470672613,2.003672080039978,0.0,0.0,nan,nan,nan,nan,nan,nan,nan,nan,nan,nan,2784,-0.0010351498868411025,0.05338670946657657,1.4818953156471253,0.012677372340112925,0.05172761175781489,0.05172761175781489,0.11823018044233322,0.002501215317170136,0.02252812526858179,0.6069030165672302,1.0,0.008759615384615385,0.0006049038461538462,4,0.25,0.25,0.0,0.0,4.400442762374878,2.853685232400894,0.0,0.9314286112785339
87,281600,-552.6715350151062,-5.526715672016143,-552.6715350151062,-5.526715672016143,0.0,552.6715350151062,5.526715672016143,184.40701627731323,1.8440699124336248,2.3560057520866393,0.0,0.0,nan,nan,nan,nan,nan,nan,nan,nan,nan,nan,2816,-0.0007645674981176853,0.04853310361504555,1.4754733443260193,0.010598685685545206,0.03660011552274227,0.03660011552274227,0.11648504734039307,0.0018019342125626281,0.011878124775830657,0.42837387323379517,1.0,0.008745192307692308,0.0006037980769230769,4,0.25,0.25,0.0,0.0,6.712363085746765,2.5346868336200714,0.0,0.9253125417232514
88,284800,-583.4718132019043,-5.83471848487854,-583.4718132019043,-5.83471848487854,0.0,583.4718132019043,5.83471848487854,153.60673809051514,1.5360670995712287,2.680783702135086,0.0,0.0,nan,nan,nan,nan,nan,nan,nan,nan,nan,nan,2848,-0.0005821892642364545,0.06475705094635487,1.4668730258941651,0.0189894063398242,0.03039745893329382,0.03039745893329382,0.11878953948616981,0.0011348148742399643,0.004671875003259629,0.5161268711090088,1.0,0.008730769230769231,0.0006026923076923077,4,0.25,0.25,0.0,0.0,4.773302476406098,3.97074501991272,0.0,0.941964328289032
89,288000,-540.7806644439697,-5.407806634902954,-540.7806644439697,-5.407806634902954,0.0,540.7806644439697,5.407806634902954,196.2978868484497,1.9629789495468142,2.7096047723293304,0.0,0.0,nan,nan,nan,nan,nan,nan,nan,nan,nan,nan,2880,-0.0012368225489393758,0.04935273937880993,1.452588438987732,0.01077828397974372,0.04421079084277153,0.04421079084277153,0.10544026121497155,0.0021684293998987412,0.01826874992111698,0.3295501470565796,1.0,0.008716346153846154,0.0006015865384615385,4,0.25,0.25,0.0,0.0,5.904179847240448,3.3586879444122313,0.0,0.9352678948640823
90,291200,-479.77556228637695,-4.797755596637725,-479.77556228637695,-4.797755596637725,0.0,479.77556228637695,4.797755596637725,257.3029890060425,2.573029987812043,2.1921538150310518,0.0,0.0,nan,nan,nan,nan,nan,nan,nan,nan,nan,nan,2912,-0.0010234412112506198,0.039993074536323545,1.4555670976638795,0.006306862831115723,0.05156245268881321,0.05156245268881321,0.09995414316654205,0.0026437105567310936,0.018178124609403313,0.7010788917541504,1.0,0.008701923076923078,0.0006004807692307693,4,0.25,0.25,0.0,0.0,3.96462860584259,2.6734244441986084,0.0,0.9209821796417237
91,294400,-474.4494786262512,-4.744494478702546,-474.4494786262512,-4.744494478702546,0.0,474.4494786262512,4.744494478702546,262.6290726661682,2.6262911057472227,2.414038803577423,0.0,0.0,nan,nan,nan,nan,nan,nan,nan,nan,nan,nan,2944,-0.0005681586361606427,0.04405641481280327,1.4571015954017639,0.008801478520035743,0.03551059067249298,0.03551059067249298,0.09921341463923454,0.0016867563397681806,0.00755937505455222,0.5741848945617676,1.0,0.0086875,0.000599375,4,0.25,0.25,0.0,0.0,3.8072540020942687,3.6740788221359253,0.0,0.8697321861982346
92,297600,-489.3062974959612,-4.89306289434433,-489.3062974959612,-4.89306289434433,0.0,489.3062974959612,4.89306289434433,247.77225379645824,2.4777226901054386,1.891530978679657,0.0040625,0.0014049650617456073,nan,nan,nan,nan,nan,nan,nan,nan,nan,nan,2976,-0.0010304417405160749,0.06436187922954559,1.446210789680481,0.018607400730252265,0.03775260522961617,0.03775260522961617,0.11844388768076897,0.0019312314077978953,0.008340624926495366,0.5659167766571045,1.0,0.008673076923076922,0.0005982692307692308,4,0.25,0.25,0.0625,0.0040625,5.191825277805329,2.857735215425491,0.0034375,0.9105357557535172
93,300800,-551.690131187439,-5.516901171207428,-551.690131187439,-5.516901171207428,0.0,551.690131187439,5.516901171207428,185.38842010498047,1.8538844132423407,2.5765995836257933,0.0,0.0,nan,nan,nan,nan,nan,nan,nan,nan,nan,nan,3008,-0.001173944585598674,0.06239714808762074,1.4395622968673707,0.017559957783669235,0.05150358974933624,0.05150358974933624,0.11653839498758316,0.0027608615913777613,0.0219968750490807,0.5270419120788574,1.0,0.008658653846153847,0.0005971634615384616,4,0.25,0.25,0.0,0.0,5.382763791084289,3.462547264099121,0.0,0.9065179002285003
94,304000,-548.4441957473755,-5.484441957473755,-548.4441957473755,-5.484441957473755,0.0,548.4441957473755,5.484441957473755,188.63435554504395,1.8863436269760134,2.2769759607315065,0.0,0.0,nan,nan,nan,nan,nan,nan,nan,nan,nan,nan,3040,-0.0007818126589001828,0.06328445449471473,1.4325957298278809,0.018476726580411197,0.04448719657957554,0.04448719657957554,0.1117849551141262,0.0018617721172631719,0.009278125036507845,0.5725365877151489,1.0,0.008644230769230769,0.0005960576923076923,4,0.25,0.25,0.0,0.0,5.458489935398102,3.904701929092407,0.0,0.8818304014205932
95,307200,-584.6389048099518,-5.846389083862305,-584.6389048099518,-5.846389083862305,0.0,584.6389048099518,5.846389083862305,152.43964648246765,1.5243965005874633,2.5253551244735717,0.0,0.0,nan,nan,nan,nan,nan,nan,nan,nan,nan,nan,3072,-0.0013083653566660302,0.08349999487400055,1.4323262929916383,0.028080932423472406,0.05893606059253216,0.05893606059253216,0.12317484989762306,0.0023956724362506066,0.019140625046566127,0.4860459566116333,1.0,0.008629807692307692,0.0005949519230769231,4,0.25,0.25,0.0,0.0,4.979246926307678,3.58343034029007,0.0,0.9437500458955764
96,310400,-531.8400557041168,-5.318400623798371,-531.8400557041168,-5.318400623798371,0.0,531.8400557041168,5.318400623798371,205.2384955883026,2.0523849606513975,2.4282204830646514,0.0021875,0.0006380861472610095,nan,nan,nan,nan,nan,nan,nan,nan,nan,nan,3104,-0.0008846351671992992,0.08078475296497345,1.4248143911361695,0.02723241727799177,0.038117488473653795,0.038117488473653795,0.13738608807325364,0.0016958959073235746,0.008193749951169593,0.4690236449241638,1.0,0.008615384615384615,0.0005938461538461538,4,0.25,0.25,0.03125,0.0021875,4.465445182323456,3.3309734201431276,0.0015625,0.9528125423192978
97,313600,-447.01353311538696,-4.470135424137116,-447.01353311538696,-4.470135424137116,0.0,447.01353311538696,4.470135424137116,290.06501817703247,2.9006501603126527,1.9432428336143495,0.0,0.0,nan,nan,nan,nan,nan,nan,nan,nan,nan,nan,3136,-0.0012641306600531977,0.060508915409445765,1.4396496772766114,0.016607955936342476,0.0601169615983963,0.0601169615983963,0.10750238373875617,0.002740428176912246,0.026578125351807102,0.6289604902267456,1.0,0.008600961538461538,0.0005927403846153846,4,0.25,0.25,0.0,0.0,4.497783741950989,2.779533625841141,0.0,0.9588393253087998
98,316800,-554.1572251319885,-5.541572327613831,-554.1572251319885,-5.541572327613831,0.0,554.1572251319885,5.541572327613831,182.9213261604309,1.8292132568359376,2.9766369235515593,0.0,0.0,nan,nan,nan,nan,nan,nan,nan,nan,nan,nan,3168,-0.0007546944749250439,0.08983069285750389,1.4492018699645997,0.0317170238122344,0.052892491593956946,0.052892491593956946,0.14147687181830407,0.0019419172596826684,0.0111031250533415,0.4584944248199463,1.0,0.008586538461538461,0.0005916346153846154,4,0.25,0.25,0.0,0.0,5.4043862652778625,3.847227988243103,0.0,0.9329911148548127
99,320000,-606.8089036941528,-6.068089308738709,-606.8089036941528,-6.068089308738709,0.0,606.8089036941528,6.068089308738709,130.2696475982666,1.3026962757110594,2.92112144112587,0.0,0.0,nan,nan,nan,nan,nan,nan,nan,nan,nan,nan,3200,-0.0012820006092733927,0.06199505403637886,1.455006444454193,0.017243042308837175,0.0601497333496809,0.0601497333496809,0.10945874750614167,0.00251981784531381,0.022396875033155083,0.6042643785476685,1.0,0.008572115384615385,0.0005905288461538462,4,0.25,0.25,0.0,0.0,5.906182866096497,3.910151011943817,0.0,0.9445982539653778
100,323200,-630.5681118965149,-6.305681161880493,-630.5681118965149,-6.305681161880493,0.0,630.5681118965149,6.305681161880493,106.51043939590454,1.0651044225692754,2.5988844227790833,0.0,0.0,-420.2470174431801,-4.2024701744318005,-420.2470174431801,-4.2024701744318005,100.0,2.0340196761488913,0.0,0.0,420.2470174431801,204.32906860113144,3232,-0.0009698459735663079,0.07345242612063885,1.4498149037361145,0.023349297419190406,0.04544863849878311,0.04544863849878311,0.1286240741610527,0.0019896716767107137,0.012409375142306089,0.5702133774757385,1.0,0.008557692307692308,0.0005894230769230769,4,0.25,0.25,0.0,0.0,6.213751108646393,3.5722560548782347,0.0,0.9449554020166397
101,326400,-444.0598177909851,-4.440598268508911,-444.0598177909851,-4.440598268508911,0.0,444.0598177909851,4.440598268508911,293.0187335014343,2.9301873159408576,2.116700528860092,0.0,0.0,nan,nan,nan,nan,nan,nan,nan,nan,nan,nan,3264,-0.0011202873031027848,0.043052224442362785,1.449646770954132,0.008021103031933308,0.049019024893641475,0.049019024893641475,0.09234466254711152,0.0022560189339856152,0.018406249955296515,0.7804386019706726,1.0,0.008543269230769231,0.0005883173076923077,4,0.25,0.25,0.0,0.0,5.423869168758392,2.4076942729949953,0.0,0.913794686794281
102,329600,-532.0483728647232,-5.320483555793762,-532.0483728647232,-5.320483555793762,0.0,532.0483728647232,5.320483555793762,205.03017842769623,2.050302028656006,2.177493464946747,0.001875,0.0005900877596396328,nan,nan,nan,nan,nan,nan,nan,nan,nan,nan,3296,-0.0012004890119190926,0.06647772789001465,1.4572858929634094,0.019609407149255277,0.055348245427012444,0.055348245427012444,0.11645155772566795,0.003041074550128542,0.02489999961690046,0.5202634334564209,1.0,0.008528846153846154,0.0005872115384615384,4,0.25,0.25,0.03125,0.001875,4.463738994598389,3.2619026708602905,0.000625,0.9281696844100952
103,332800,-538.243818283081,-5.382438187599182,-538.243818283081,-5.382438187599182,0.0,538.243818283081,5.382438187599182,198.83473300933838,1.9883473968505863,2.3506058740615843,0.00125,0.0003730668562592704,nan,nan,nan,nan,nan,nan,nan,nan,nan,nan,3328,-0.0009109527235152016,0.05213138647377491,1.4587324023246766,0.012734476383775473,0.050568075478076936,0.050568075478076936,0.08678957223892211,0.0017670230939984322,0.012074999790638686,0.7003923058509827,1.0,0.008514423076923077,0.0005861057692307692,4,0.25,0.25,0.03125,0.00125,5.036660134792328,3.6946671342849733,0.0009375,0.9192411106824875
104,336000,-511.31698966026306,-5.113169860839844,-511.31698966026306,-5.113169860839844,0.0,511.31698966026306,5.113169860839844,225.76156163215637,2.2576157236099244,2.4932955825328826,0.00625,0.0017891414718099277,nan,nan,nan,nan,nan,nan,nan,nan,nan,nan,3360,-0.000540996100883806,0.06920865289866925,1.4779273390769958,0.021500947792083024,0.035074326954782006,0.035074326954782006,0.11424514576792717,0.002250577978702495,0.01165937497826235,0.5372524261474609,1.0,0.0085,0.000585,4,0.25,0.25,0.0625,0.00625,4.213264713287353,3.264273154735565,0.0040625,0.9002232605218887
105,339200,-446.24928998947144,-4.462492737770081,-446.24928998947144,-4.462492737770081,0.0,446.24928998947144,4.462492737770081,290.829261302948,2.9082928466796876,1.877809646129608,0.0,0.0,nan,nan,nan,nan,nan,nan,nan,nan,nan,nan,3392,-0.000980271425121515,0.04161371961236,1.4745227813720703,0.007314411550760269,0.03875697813928127,0.03875697813928127,0.08751509562134743,0.0016480250567838084,0.006987499911338091,0.6849695444107056,1.0,0.008485576923076922,0.0005838942307692307,4,0.25,0.25,0.0,0.0,4.673542709350586,2.540828576087952,0.0,0.9103125447034836
106,342400,-460.7715620994568,-4.607715725898743,-460.7715620994568,-4.607715725898743,0.0,460.7715620994568,4.607715725898743,276.30698919296265,2.7630698585510256,2.026961361169815,0.0,0.0,nan,nan,nan,nan,nan,nan,nan,nan,nan,nan,3424,-0.0011024425634284184,0.05810280330479145,1.4651864051818848,0.015537139773368836,0.06410096548497676,0.06410096548497676,0.11218935549259186,0.0022544602237758228,0.022990624643716727,0.568943977355957,1.0,0.008471153846153847,0.0005827884615384615,4,0.25,0.25,0.0,0.0,4.830041851997375,2.592508165836334,0.0,0.9437500441074371
107,345600,-529.920432984829,-5.299204523563385,-529.920432984829,-5.299204523563385,0.0,529.920432984829,5.299204523563385,207.15811830759048,2.071581060886383,2.4468410086631773,0.0028125,0.0008159645289501763,nan,nan,nan,nan,nan,nan,nan,nan,nan,nan,3456,-0.0008824870131211249,0.09169732332229615,1.472111666202545,0.03251692224293947,0.0491223581135273,0.0491223581135273,0.13658268973231316,0.0032236934610409664,0.024565624678507446,0.5172856450080872,1.0,0.008456730769230768,0.0005816826923076923,4,0.25,0.25,0.03125,0.0028125,4.988410491943359,3.802123658657074,0.0028125,0.9235268348455429
108,348800,-519.171181678772,-5.191712145805359,-519.171181678772,-5.191712145805359,0.0,519.171181678772,5.191712145805359,217.90736961364746,2.1790734386444095,2.8320062828063963,0.00375,0.000978599648133578,nan,nan,nan,nan,nan,nan,nan,nan,nan,nan,3488,-0.0006466855035803798,0.05586775988340378,1.4637030720710755,0.014930162951350212,0.03356944806873798,0.03356944806873798,0.10841373354196548,0.0018199825819465332,0.010462500003632158,0.6184194087982178,1.0,0.008442307692307692,0.000580576923076923,4,0.25,0.25,0.03125,0.00375,4.843329112529755,3.479260809421539,0.000625,0.9510714673995971
109,352000,-501.18181800842285,-5.01181806564331,-501.18181800842285,-5.01181806564331,0.0,501.18181800842285,5.01181806564331,235.89673328399658,2.358967518806458,2.151905652284622,0.0,0.0,nan,nan,nan,nan,nan,nan,nan,nan,nan,nan,3520,-0.0010706748571887915,0.04573334045708179,1.471211302280426,0.0093967966735363,0.046706775203347206,0.046706775203347206,0.08581777811050414,0.0024792711992631666,0.015562500024680048,0.6399867534637451,1.0,0.008427884615384615,0.0005794711538461538,4,0.25,0.25,0.0,0.0,5.2423526120185855,2.847976231575012,0.0,0.9409821861982346
110,355200,-488.55787086486816,-4.885578763484955,-488.55787086486816,-4.885578763484955,0.0,488.55787086486816,4.885578763484955,248.52068042755127,2.4852068209648133,2.199872514009476,0.0015625,0.0004883007035933973,nan,nan,nan,nan,nan,nan,nan,nan,nan,nan,3552,-0.0008602386995711697,0.049375473707914355,1.4666743755340577,0.0114876888692379,0.03678813986480236,0.03678813986480236,0.09212750568985939,0.0017830208656960168,0.010478124921792186,0.6339606046676636,1.0,0.008413461538461538,0.0005783653846153846,4,0.25,0.25,0.03125,0.0015625,5.891473541259765,2.411918587684631,0.0009375,0.9131696856021881
111,358400,-579.7811484336853,-5.797811417579651,-579.7811484336853,-5.797811417579651,0.0,579.7811484336853,5.797811417579651,157.29740285873413,1.5729741668701172,2.8521745264530183,0.0,0.0,nan,nan,nan,nan,nan,nan,nan,nan,nan,nan,3584,-0.0008905512435483764,0.07713616564869881,1.469932997226715,0.025331507436931133,0.04837409183382988,0.04837409183382988,0.12490212470293045,0.001969586918130517,0.012040625093504786,0.6267368793487549,1.0,0.008399038461538461,0.0005772596153846153,4,0.25,0.25,0.0,0.0,6.640154829025269,3.6209231495857237,0.0,0.9126786166429519
112,361600,-423.4784984588623,-4.234784920215606,-423.4784984588623,-4.234784920215606,0.0,423.4784984588623,4.234784920215606,313.60005283355713,3.136000664234162,1.7210995209217073,0.0,0.0,nan,nan,nan,nan,nan,nan,nan,nan,nan,nan,3616,-0.0015022947360762372,0.04019926935434341,1.470971977710724,0.006263805832713842,0.05814887881278992,0.05814887881278992,0.08927875608205796,0.00366423375235172,0.025540625129360707,0.7228792905807495,1.0,0.008384615384615384,0.0005761538461538461,4,0.25,0.25,0.0,0.0,4.838714833259583,2.314948902130127,0.0,0.888482181429863
113,364800,-475.5416374206543,-4.755416021347046,-475.5416374206543,-4.755416021347046,0.0,475.5416374206543,4.755416021347046,261.53691387176514,2.615369563102722,2.140144044160843,0.0025,0.0007961418217896078,nan,nan,nan,nan,nan,nan,nan,nan,nan,nan,3648,-0.0015827450266108656,0.06078414209187031,1.4584749221801758,0.01660160943865776,0.06001091487705708,0.06001091487705708,0.11043114364147186,0.002911628974834457,0.019949999812524766,0.6062269806861877,1.0,0.008370192307692308,0.0005750480769230769,4,0.25,0.25,0.03125,0.0025,3.7775911617279054,2.6693770241737367,0.001875,0.9162500494718552
114,368000,-444.1638720035553,-4.44163880109787,-444.1638720035553,-4.44163880109787,0.0,444.1638720035553,4.44163880109787,292.91467928886414,2.9291467833518983,1.7860645854473114,0.0046875,0.0016824807380577671,nan,nan,nan,nan,nan,nan,nan,nan,nan,nan,3680,-0.0009804941934650202,0.07671287730336189,1.4484180092811585,0.025273297168314456,0.04397542327642441,0.04397542327642441,0.10846633017063141,0.002623268449679017,0.01825000006065238,0.5444210767745972,1.0,0.00835576923076923,0.0005739423076923076,4,0.25,0.25,0.09375,0.0046875,4.526002721786499,2.5726904284954073,0.0040625,0.9296875447034836
115,371200,-558.4593553543091,-5.584593763351441,-558.4593553543091,-5.584593763351441,0.0,558.4593553543091,5.584593763351441,178.61919593811035,1.7861918210983276,2.88190425157547,0.0096875,0.0024955535665436186,nan,nan,nan,nan,nan,nan,nan,nan,nan,nan,3712,-0.0010214589235256533,0.09805607795715332,1.450622057914734,0.035906439647078514,0.04475768003612757,0.04475768003612757,0.12400418221950531,0.0019090275251073762,0.01205625005386537,0.5648477077484131,1.0,0.008341346153846154,0.0005728365384615384,4,0.25,0.25,0.0625,0.0096875,5.644424550533294,3.4838228583335877,0.0075,0.9064732611179351
116,374400,-408.51193165779114,-4.085119397640228,-408.51193165779114,-4.085119397640228,0.0,408.51193165779114,4.085119397640228,328.5666196346283,3.2856661868095403,1.844555642604828,0.0025,0.0008788718921703672,nan,nan,nan,nan,nan,nan,nan,nan,nan,nan,3744,-0.0013422433069557372,0.06429100036621094,1.4678412914276122,0.01858065538108349,0.05440478324890137,0.05440478324890137,0.10878932401537895,0.002608335609693313,0.02144062522565946,0.6777582168579102,1.0,0.008326923076923077,0.0005717307692307693,4,0.25,0.25,0.0625,0.0025,3.732617771625519,2.3722911429405213,0.0015625,0.9431696891784668
117,377600,-527.0725450515747,-5.270725560188294,-527.0725450515747,-5.270725560188294,0.0,527.0725450515747,5.270725560188294,210.00600624084473,2.1000600242614746,2.111555178165436,0.0,0.0,nan,nan,nan,nan,nan,nan,nan,nan,nan,nan,3776,-0.0009725126468518308,0.07037448398768902,1.4765673518180846,0.021940762735903264,0.04642127715051174,0.04642127715051174,0.1087576411664486,0.002139604060357669,0.013128125062212347,0.5779501795768738,1.0,0.0083125,0.000570625,4,0.25,0.25,0.0,0.0,4.869164705276489,2.701417038440704,0.0,0.9091518265008927
118,380800,-561.8903847932816,-5.6189038372039795,-561.8903847932816,-5.6189038372039795,0.0,561.8903847932816,5.6189038372039795,175.18816649913788,1.7518817472457888,1.9187498140335082,0.0046875,0.0016059958196698615,nan,nan,nan,nan,nan,nan,nan,nan,nan,nan,3808,-0.0010771094695956052,0.08132040351629258,1.4823635339736938,0.027282326854765414,0.051749465987086296,0.051749465987086296,0.11843808069825172,0.002543982795759803,0.015049999847542494,0.4732052683830261,1.0,0.008298076923076924,0.0005695192307692308,4,0.25,0.25,0.0625,0.0046875,4.053189177513122,2.9993693327903745,0.00375,0.9505804055929183
119,384000,-471.7857789993286,-4.717857928276062,-471.7857789993286,-4.717857928276062,0.0,471.7857789993286,4.717857928276062,265.2927722930908,2.6529276561737065,2.0752250361442566,0.0,0.0,nan,nan,nan,nan,nan,nan,nan,nan,nan,nan,3840,-0.0009017653028596584,0.057787973433732986,1.4739227175712586,0.01578275514766574,0.039728854410350324,0.039728854410350324,0.09518103003501892,0.0026182604240602815,0.01424062519799918,0.7763854265213013,1.0,0.008283653846153847,0.0005684134615384616,4,0.25,0.25,0.0,0.0,5.249026770591736,2.8421824550628663,0.0,0.9343750411272049
120,387200,-482.1472294330597,-4.821472237110138,-482.1472294330597,-4.821472237110138,0.0,482.1472294330597,4.821472237110138,254.93132185935974,2.5493133473396306,2.2676928412914275,0.0,0.0,-354.9601617977023,-3.5496016179770233,-354.9601617977023,-3.5496016179770233,100.0,1.2135745501657949,0.02,0.009035159894886765,354.9601617977023,269.6159242466092,3872,-0.0008223912711895487,0.05664114430546761,1.444807481765747,0.015550734288990498,0.0411496190354228,0.0411496190354228,0.10438390150666237,0.0016218981363635976,0.007771874981699511,0.5991356372833252,1.0,0.008269230769230768,0.0005673076923076923,4,0.25,0.25,0.0,0.0,4.257279765605927,3.266834443807602,0.0,0.8930804055929183
121,390400,-475.38046646118164,-4.753804686069489,-475.38046646118164,-4.753804686069489,0.0,475.38046646118164,4.753804686069489,261.6980848312378,2.6169808983802794,2.146466119289398,0.001875,0.0005959066231494819,nan,nan,nan,nan,nan,nan,nan,nan,nan,nan,3904,-0.0015517906972090767,0.04295206144452095,1.4469865322113038,0.007979644648730754,0.07052423246204853,0.07052423246204853,0.0679926697164774,0.002813587343553081,0.02335312496870756,0.7862467765808105,1.0,0.008254807692307693,0.0005662019230769231,4,0.25,0.25,0.0625,0.001875,4.514439308643341,3.014777446985245,0.0009375,0.9346875423192977
122,393600,-486.0516748428345,-4.860516586303711,-486.0516748428345,-4.860516586303711,0.0,486.0516748428345,4.860516586303711,251.02687644958496,2.5102689981460573,2.6068117904663084,0.0009375,0.0002599248462251463,nan,nan,nan,nan,nan,nan,nan,nan,nan,nan,3936,-0.0008568290894327646,0.08137316629290581,1.461177361011505,0.027789090201258658,0.04625481367111206,0.04625481367111206,0.1248872496187687,0.0022236725395487155,0.011734374874504284,0.6059967875480652,1.0,0.008240384615384615,0.0005650961538461539,4,0.25,0.25,0.0625,0.0009375,3.9627046728134157,3.3699682545661926,0.0009375,0.8861607587337494
123,396800,-443.11052989959717,-4.431105431318283,-443.11052989959717,-4.431105431318283,0.0,443.11052989959717,4.431105431318283,293.96802139282227,2.9396801531314853,1.704449560046196,0.0015625,0.0005777515776531288,nan,nan,nan,nan,nan,nan,nan,nan,nan,nan,3968,-0.0008370369020909152,0.05836752690374851,1.4435687422752381,0.016471985820680858,0.03887958265841007,0.03887958265841007,0.09351434856653214,0.0019679225581057834,0.009084374997473787,0.6835117340087891,1.0,0.008225961538461538,0.0005639903846153846,4,0.25,0.25,0.09375,0.0015625,4.215700273513794,2.562300308942795,0.00125,0.8956250423192977
124,400000,-564.7740063667297,-5.647739822864533,-564.7740063667297,-5.647739822864533,0.0,564.7740063667297,5.647739822864533,172.3045449256897,1.7230457615852357,2.3262455999851226,0.0,0.0,nan,nan,nan,nan,nan,nan,nan,nan,nan,nan,4000,-0.0009563036982668472,0.07134136408567429,1.465554165840149,0.022679924219846725,0.05596583299338818,0.05596583299338818,0.10723782032728195,0.001996807337854989,0.013812500145286321,0.48427367210388184,1.0,0.008211538461538461,0.0005628846153846154,4,0.25,0.25,0.0,0.0,7.18510534286499,2.9135375273227693,0.0,0.9102232551574707
125,403200,-482.7838501930237,-4.82783860206604,-482.7838501930237,-4.82783860206604,0.0,482.7838501930237,4.82783860206604,254.29470109939575,2.542946982383728,1.8122892320156097,0.000625,0.0002222388767431482,nan,nan,nan,nan,nan,nan,nan,nan,nan,nan,4032,-0.0008748886358574737,0.058840027451515196,1.4592252731323243,0.01658368669450283,0.039543127082288264,0.039543127082288264,0.10295492261648179,0.001916005498060258,0.011037500097882003,0.6250231862068176,1.0,0.008197115384615384,0.0005617788461538462,4,0.25,0.25,0.03125,0.000625,4.5920998883247375,2.8657847023010254,0.0003125,0.9137500441074371
126,406400,-491.21198749542236,-4.912119889259339,-491.21198749542236,-4.912119889259339,0.0,491.21198749542236,4.912119889259339,245.86656379699707,2.4586656951904295,1.697574902176857,0.001875,0.000695068744332895,nan,nan,nan,nan,nan,nan,nan,nan,nan,nan,4064,-0.001357436622376551,0.06390954405069352,1.4543183326721192,0.01869709575548768,0.05838108882308006,0.05838108882308006,0.09196213036775588,0.002400851604761556,0.017331249755807222,0.6802890300750732,1.0,0.008182692307692307,0.0005606730769230769,4,0.25,0.25,0.03125,0.001875,3.4456510162353515,2.9621844708919527,0.00125,0.8877679002285004
127,409600,-564.6920261383057,-5.646920251846313,-564.6920261383057,-5.646920251846313,0.0,564.6920261383057,5.646920251846313,172.38652515411377,1.723865332603455,2.6086748588085173,0.0,0.0,nan,nan,nan,nan,nan,nan,nan,nan,nan,nan,4096,-0.000849764396255992,0.07351707443594932,1.4388386249542235,0.02415595166385174,0.037234576791524886,0.037234576791524886,0.11637487187981606,0.0012458988603611942,0.00365624997903069,0.6430813074111938,1.0,0.00816826923076923,0.0005595673076923077,4,0.25,0.25,0.0,0.0,5.779342720508575,3.279840850830078,0.0,0.9115625464916229
128,412800,-471.4553747177124,-4.714553627967835,-471.4553747177124,-4.714553627967835,0.0,471.4553747177124,4.714553627967835,265.62317657470703,2.6562319564819337,2.072829747200012,0.0065625,0.0021356536287048785,nan,nan,nan,nan,nan,nan,nan,nan,nan,nan,4128,-0.0013983756180037331,0.06992525793612003,1.4260865807533265,0.021936162654310466,0.059307638183236124,0.059307638183236124,0.10492777898907661,0.0027491990047565197,0.022278125338925748,0.7375341653823853,1.0,0.008153846153846154,0.0005584615384615385,4,0.25,0.25,0.0625,0.0065625,5.005328810214996,2.6895794320106505,0.004375,0.9125446826219559
129,416000,-543.1553978919983,-5.431554002761841,-543.1553978919983,-5.431554002761841,0.0,543.1553978919983,5.431554002761841,193.92315340042114,1.9392315816879275,2.6786441051959993,0.00125,0.00033979911191582904,nan,nan,nan,nan,nan,nan,nan,nan,nan,nan,4160,-0.0008898483976954808,0.09294291436672211,1.4452713012695313,0.03381793536245823,0.04322602078318596,0.04322602078318596,0.12555882930755616,0.002593225470627658,0.024493750324472784,0.5924204587936401,1.0,0.008139423076923077,0.0005573557692307692,4,0.25,0.25,0.03125,0.00125,5.7130917096138,3.825206425189972,0.0,0.9078125417232513
130,419200,-514.1403398513794,-5.141403379440308,-514.1403398513794,-5.141403379440308,0.0,514.1403398513794,5.141403379440308,222.93821144104004,2.2293822050094603,2.1178148007392883,0.0003125,0.0001002304562560614,nan,nan,nan,nan,nan,nan,nan,nan,nan,nan,4192,-0.0005474876788164717,0.05175788104534149,1.445009422302246,0.013590751588344574,0.03409153576940298,0.03409153576940298,0.08499243184924125,0.0013383667370362672,0.00436875008053903,0.7808188796043396,1.0,0.008125,0.00055625,4,0.25,0.25,0.03125,0.0003125,4.322592442035675,2.913638939857483,0.0003125,0.9395536118745804
131,422400,-517.4577717781067,-5.174577713012695,-517.4577717781067,-5.174577713012695,0.0,517.4577717781067,5.174577713012695,219.62077951431274,2.196207871437073,2.2186992466449738,0.0,0.0,nan,nan,nan,nan,nan,nan,nan,nan,nan,nan,4224,-0.0012284387541701136,0.05253070183098316,1.4587346076965333,0.013205732591450215,0.07030404806137085,0.07030404806137085,0.08934279084205628,0.0026778346655191854,0.019568749936297536,0.7603545188903809,1.0,0.008110576923076923,0.0005551442307692308,4,0.25,0.25,0.0,0.0,5.104265253543854,2.6680640947818755,0.0,0.9430357640981675
132,425600,-551.5518982410431,-5.51551917552948,-551.5518982410431,-5.51551917552948,0.0,551.5518982410431,5.51551917552948,185.52665305137634,1.8552664089202882,2.553059756755829,0.0059375,0.001671094889048902,nan,nan,nan,nan,nan,nan,nan,nan,nan,nan,4256,-0.0008573670662357369,0.11185231357812882,1.4485242009162902,0.043341314047575,0.04312721900641918,0.04312721900641918,0.14337458908557893,0.002195062581449747,0.01169687471119687,0.5888582468032837,1.0,0.008096153846153847,0.0005540384615384615,4,0.25,0.25,0.03125,0.0059375,4.375811359882355,4.331939253807068,0.0040625,0.9005357587337494
133,428800,-482.6884467601776,-4.826884741783142,-482.6884467601776,-4.826884741783142,0.0,482.6884467601776,4.826884741783142,254.39010453224182,2.543900842666626,2.3500509321689607,0.0040625,0.001212668130203552,nan,nan,nan,nan,nan,nan,nan,nan,nan,nan,4288,-0.0013942010425264106,0.07152850069105625,1.444232439994812,0.0226981520652771,0.052870506048202516,0.052870506048202516,0.11013755798339844,0.0027641102933557704,0.015456249698399916,0.6809242963790894,1.0,0.00808173076923077,0.0005529326923076923,4,0.25,0.25,0.0625,0.0040625,4.884188640117645,3.2796275353431703,0.0028125,0.9285268300771713
134,432000,-512.7089762687683,-5.12708967924118,-512.7089762687683,-5.12708967924118,0.0,512.7089762687683,5.12708967924118,224.36957502365112,2.243695905208588,2.1575064837932585,0.000625,0.00019794100287932222,nan,nan,nan,nan,nan,nan,nan,nan,nan,nan,4320,-0.00110996134494199,0.07441577278077602,1.4148522734642028,0.024683875031769276,0.04257867578417063,0.04257867578417063,0.10967943891882896,0.0022251002563280055,0.013625000286265277,0.7832314968109131,1.0,0.008067307692307693,0.0005518269230769231,4,0.25,0.25,0.03125,0.000625,5.327680552005768,2.9412973058223724,0.0003125,0.9224107587337493
135,435200,-552.9206256866455,-5.529206395149231,-552.9206256866455,-5.529206395149231,0.0,552.9206256866455,5.529206395149231,184.15792560577393,1.8415791893005373,2.333296477794647,0.0,0.0,nan,nan,nan,nan,nan,nan,nan,nan,nan,nan,4352,-0.0014989550601224976,0.07968376949429512,1.4127813935279847,0.026965964026749133,0.059225278720259664,0.059225278720259664,0.14968690648674965,0.003224576664797496,0.02558437471743673,0.7030825614929199,1.0,0.008052884615384615,0.0005507211538461538,4,0.25,0.25,0.0,0.0,5.028502097129822,3.356679961681366,0.0,0.9374107581377029
136,438400,-499.42660880088806,-4.994266016483307,-499.42660880088806,-4.994266016483307,0.0,499.42660880088806,4.994266016483307,237.65194249153137,2.3765195679664615,2.5343640458583834,0.010625,0.0030061985302421023,nan,nan,nan,nan,nan,nan,nan,nan,nan,nan,4384,-0.0008853257898008504,0.12656962871551514,1.4127161860466004,0.051043422892689705,0.034253225289285184,0.034253225289285184,0.1574978582561016,0.0018072035352815873,0.01313125021988526,0.5369912385940552,1.0,0.00803846153846154,0.0005496153846153846,4,0.25,0.25,0.1875,0.010625,4.435944650173187,3.739032084941864,0.008125,0.9428571873903274
137,441600,-498.7864580154419,-4.9878644943237305,-498.7864580154419,-4.9878644943237305,0.0,498.7864580154419,4.9878644943237305,238.29209327697754,2.382921090126038,2.331306073665619,0.0,0.0,nan,nan,nan,nan,nan,nan,nan,nan,nan,nan,4416,-0.0011872582182753887,0.0594186469912529,1.4186458468437195,0.017138796113431453,0.053002048283815384,0.053002048283815384,0.1113411545753479,0.003173141368461074,0.018328124948311597,0.6879972219467163,1.0,0.008024038461538461,0.0005485096153846154,4,0.25,0.25,0.0,0.0,4.124878106117248,3.620085425376892,0.0,0.8807589733600616
138,444800,-425.9311828613281,-4.259311676025391,-425.9311828613281,-4.259311676025391,0.0,425.9311828613281,4.259311676025391,311.1473684310913,3.1114739084243777,1.7606939017772674,0.0009375,0.00033958853583747925,nan,nan,nan,nan,nan,nan,nan,nan,nan,nan,4448,-0.0009460802240996103,0.03849112540483475,1.4193484306335449,0.006931047327816487,0.053797343745827675,0.053797343745827675,0.09316609352827072,0.0022785899818700273,0.020746875039185396,0.8408445119857788,1.0,0.008009615384615384,0.0005474038461538461,4,0.25,0.25,0.03125,0.0009375,3.913605183362961,2.6343077647686006,0.000625,0.9487053996324539
139,448000,-452.6497185230255,-4.526497113704681,-452.6497185230255,-4.526497113704681,0.0,452.6497185230255,4.526497113704681,284.4288327693939,2.844288470745087,1.7437512159347535,0.003125,0.001138951659265274,nan,nan,nan,nan,nan,nan,nan,nan,nan,nan,4480,-0.0012955620740306983,0.04796190708875656,1.4178683400154113,0.011349262017756701,0.057560359686613084,0.057560359686613084,0.09705963060259819,0.0022991725541942286,0.016803125108708628,0.7925708293914795,1.0,0.007995192307692307,0.0005462980769230769,4,0.25,0.25,0.0625,0.003125,4.841958470344544,2.0805483520030976,0.00125,0.9313393247127533
140,451200,-519.3961443901062,-5.193961563110352,-519.3961443901062,-5.193961563110352,0.0,519.3961443901062,5.193961563110352,217.68240690231323,2.1768240213394163,2.3342921674251556,0.0,0.0,-400.64839823544025,-4.0064839823544025,-400.64839823544025,-4.0064839823544025,100.0,1.9129772502277047,0.045,0.015448112406810726,400.64839823544025,223.92768780887127,4512,-0.0008314189642434578,0.0644985307008028,1.4284043908119202,0.020018079690635203,0.044150398671627046,0.044150398671627046,0.11102974712848664,0.0020548317959764974,0.014134375250432641,0.623544454574585,1.0,0.00798076923076923,0.0005451923076923077,4,0.25,0.25,0.0,0.0,4.493166213035583,3.34279486656189,0.0,0.935312539935112
141,454400,-449.72351706027985,-4.497235295772552,-449.72351706027985,-4.497235295772552,0.0,449.72351706027985,4.497235295772552,287.3550342321396,2.873550288677216,1.853282482624054,0.0040625,0.0014237987387298139,nan,nan,nan,nan,nan,nan,nan,nan,nan,nan,4544,-0.0009855589630315188,0.06330825611948968,1.4253435611724854,0.019313789159059524,0.04292580466717481,0.04292580466717481,0.11003001406788826,0.0024520323029719295,0.018331250187475234,0.7414313554763794,1.0,0.007966346153846154,0.0005440865384615384,4,0.25,0.25,0.03125,0.0040625,3.6852272629737852,2.567476385831833,0.0003125,0.9565179020166397
142,457600,-455.50826954841614,-4.555082707405091,-455.50826954841614,-4.555082707405091,0.0,455.50826954841614,4.555082707405091,281.5702817440033,2.8157028770446777,2.057198853492737,0.001875,0.0006133065233417453,nan,nan,nan,nan,nan,nan,nan,nan,nan,nan,4576,-0.0011931738378596402,0.06032324470579624,1.4127278804779053,0.017734545562416316,0.04551969151943922,0.04551969151943922,0.10547517240047455,0.0026298954158846754,0.018137500021839514,0.7229874134063721,1.0,0.007951923076923077,0.0005429807692307692,4,0.25,0.25,0.03125,0.001875,4.251509268283844,2.2975333654880523,0.0015625,0.9477679020166397
143,460800,-450.84551548957825,-4.508455119132996,-450.84551548957825,-4.508455119132996,0.0,450.84551548957825,4.508455119132996,286.2330358028412,2.8623304653167727,1.8824313378334045,0.0025,0.0008673233485863843,nan,nan,nan,nan,nan,nan,nan,nan,nan,nan,4608,-0.0010662173474905502,0.06142620965838432,1.4021849513053894,0.018517044093459844,0.0510520476847887,0.0510520476847887,0.0976949080824852,0.0029410788018140012,0.019446874537970872,0.5506638288497925,1.0,0.0079375,0.000541875,4,0.25,0.25,0.03125,0.0025,4.350563097000122,2.577845948934555,0.001875,0.9457143259048462
144,464000,-491.934091091156,-4.919340996742249,-491.934091091156,-4.919340996742249,0.0,491.934091091156,4.919340996742249,245.14446020126343,2.4514445877075195,2.3187502217292786,0.0034375,0.0010357814750544395,nan,nan,nan,nan,nan,nan,nan,nan,nan,nan,4640,-0.0009306914179818659,0.09182505756616592,1.4006867408752441,0.03388408832252025,0.03407023642212152,0.03407023642212152,0.12632516101002694,0.0019708672065462452,0.01071250009117648,0.5419962406158447,1.0,0.007923076923076923,0.0005407692307692307,4,0.25,0.25,0.03125,0.0034375,4.791874532699585,3.7163230919837953,0.001875,0.9395536130666733
145,467200,-581.9202756881714,-5.819202785491943,-581.9202756881714,-5.819202785491943,0.0,581.9202756881714,5.819202785491943,155.15827560424805,1.551582798957825,2.8790700340271,0.00125,0.0003222421840892361,nan,nan,nan,nan,nan,nan,nan,nan,nan,nan,4672,-0.001142625537223646,0.12158517688512802,1.39421226978302,0.048623621091246606,0.05258464552462101,0.05258464552462101,0.1410868227481842,0.0031855728855589406,0.025681250058914883,0.5411208271980286,1.0,0.007908653846153847,0.0005396634615384615,4,0.25,0.25,0.03125,0.00125,6.405188364982605,3.9221045851707457,0.00125,0.9324553960561752
146,470400,-526.9333856105804,-5.269334046840668,-526.9333856105804,-5.269334046840668,0.0,526.9333856105804,5.269334046840668,210.145165681839,2.1014515376091003,2.536832275390625,0.003125,0.0008835590032764163,nan,nan,nan,nan,nan,nan,nan,nan,nan,nan,4704,-0.0010557457712944585,0.10844937339425087,1.3933583736419677,0.042169447615742685,0.05146745312958956,0.05146745312958956,0.1361894726753235,0.0022386957440176047,0.013225000459351577,0.5898922681808472,1.0,0.00789423076923077,0.0005385576923076923,4,0.25,0.25,0.09375,0.003125,6.043329145908356,3.533336114883423,0.0009375,0.9259375411272049
147,473600,-500.0334219932556,-5.000334198474884,-500.0334219932556,-5.000334198474884,0.0,500.0334219932556,5.000334198474884,237.04512929916382,2.370451385974884,2.0579113435745238,0.0034375,0.0011241333098891478,nan,nan,nan,nan,nan,nan,nan,nan,nan,nan,4736,-0.0011036899936130774,0.081572724878788,1.3822422862052917,0.028790869750082493,0.05495119225233793,0.05495119225233793,0.13700060099363326,0.002229765035735909,0.010965624792152084,0.667721152305603,1.0,0.007879807692307693,0.000537451923076923,4,0.25,0.25,0.03125,0.0034375,4.292905344963073,3.634388952255249,0.0021875,0.9528571844100953
148,476800,-464.2075363397598,-4.642075340747834,-464.2075363397598,-4.642075340747834,0.0,464.2075363397598,4.642075340747834,272.8710149526596,2.7287102437019346,1.8880159306526183,0.0046875,0.0016230866146713892,nan,nan,nan,nan,nan,nan,nan,nan,nan,nan,4768,-0.0011820643198444003,0.09731101542711258,1.364377498626709,0.03674208968877792,0.06003407314419747,0.06003407314419747,0.1454704724252224,0.0026783710927702487,0.020856249670032412,0.6292439699172974,1.0,0.007865384615384614,0.0005363461538461539,4,0.25,0.25,0.03125,0.0046875,4.925640933513641,2.81837788939476,0.0028125,0.9484375447034836
149,480000,-363.03591853380203,-3.630359423160553,-363.03591853380203,-3.630359423160553,0.0,363.03591853380203,3.630359423160553,374.0426327586174,3.740426161289215,2.0299778389930725,0.021875,0.007219524749814518,nan,nan,nan,nan,nan,nan,nan,nan,nan,nan,4800,-0.001230596428480979,0.14397400990128517,1.3577121138572692,0.06009706258773804,0.05468713752925396,0.05468713752925396,0.15644501000642777,0.003836274513741955,0.028887499833945184,0.6175119876861572,1.0,0.00785096153846154,0.0005352403846153847,4,0.25,0.25,0.15625,0.021875,3.5003069865703584,2.891333714723587,0.0140625,0.938169681429863
150,483200,-480.18504226207733,-4.801850378513336,-480.18504226207733,-4.801850378513336,0.0,480.18504226207733,4.801850378513336,256.8935090303421,2.568935205936432,1.9081509083509445,0.01375,0.004728090265369647,nan,nan,nan,nan,nan,nan,nan,nan,nan,nan,4832,-0.0008274085633630968,0.09027574881911278,1.355203378200531,0.03369036205112934,0.050676530227065086,0.050676530227065086,0.1365835577249527,0.002346339866198832,0.012568750063655898,0.7002444267272949,1.0,0.00783653846153846,0.0005341346153846154,4,0.25,0.25,0.09375,0.01375,4.880489139556885,2.87306630730629,0.01,0.9406696856021881
151,486400,-535.7518771886826,-5.3575187683105465,-535.7518771886826,-5.3575187683105465,0.0,535.7518771886826,5.3575187683105465,201.32667410373688,2.0132668161392218,2.604312958717346,0.0025,0.0006936134649333187,nan,nan,nan,nan,nan,nan,nan,nan,nan,nan,4864,-0.0016424031562404906,0.09982571974396706,1.341685688495636,0.037775637581944466,0.0815421111881733,0.0815421111881733,0.1418424092233181,0.003983981697820127,0.028121874525095337,0.4199982285499573,1.0,0.007822115384615384,0.0005330288461538462,4,0.25,0.25,0.09375,0.0025,5.130314917564392,3.869012975692749,0.001875,0.890401828289032
152,489600,-506.6309220790863,-5.066309378147126,-506.6309220790863,-5.066309378147126,0.0,506.6309220790863,5.066309378147126,230.44762921333313,2.3044762063026427,2.300849484205246,0.0028125,0.0008520533921519214,nan,nan,nan,nan,nan,nan,nan,nan,nan,nan,4896,-0.0008603704355220288,0.09508447721600533,1.3243119835853576,0.03634204715490341,0.03688763659447432,0.03688763659447432,0.15219047293066978,0.0019176329107722268,0.008874999883119017,0.6178479194641113,1.0,0.007807692307692307,0.000531923076923077,4,0.25,0.25,0.0625,0.0028125,5.06893410205841,3.164739645719528,0.0015625,0.924419681429863
153,492800,-561.9539725780487,-5.619539546966553,-561.9539725780487,-5.619539546966553,0.0,561.9539725780487,5.619539546966553,175.12457871437073,1.7512460374832157,2.05569734454155,0.000625,0.00020453596332648894,nan,nan,nan,nan,nan,nan,nan,nan,nan,nan,4928,-0.0007062628370244183,0.07743302434682846,1.332994568347931,0.027621864527463912,0.03525087833404541,0.03525087833404541,0.13217396214604377,0.001722233860346023,0.0072968751192092896,0.7353672385215759,1.0,0.00779326923076923,0.0005308173076923077,4,0.25,0.25,0.03125,0.000625,5.003765287399292,3.3875928711891174,0.000625,0.9748661178350448
154,496000,-439.28592279553413,-4.392859147787094,-439.28592279553413,-4.392859147787094,0.0,439.28592279553413,4.392859147787094,297.7926284968853,2.977926436662674,1.9126953530311583,0.0034375,0.0011801783514443734,nan,nan,nan,nan,nan,nan,nan,nan,nan,nan,4960,-0.0007614350892835908,0.07377831041812896,1.348631489276886,0.025636923126876356,0.040688318014144895,0.040688318014144895,0.13163087517023087,0.0018255642840813379,0.013484374735708116,0.6243395805358887,1.0,0.0077788461538461535,0.0005297115384615385,4,0.25,0.25,0.09375,0.0034375,4.297079403400421,2.537680492401123,0.001875,0.8855357587337493
155,499200,-560.3150200843811,-5.6031501936912536,-560.3150200843811,-5.6031501936912536,0.0,560.3150200843811,5.6031501936912536,176.76353120803833,1.7676353907585147,2.7211792314052583,0.011875,0.003191192700362232,nan,nan,nan,nan,nan,nan,nan,nan,nan,nan,4992,-0.0008205485783866706,0.1428188771009445,1.3609001994132996,0.06002228334546089,0.03852052893489599,0.03852052893489599,0.18291301876306534,0.001686389542737743,0.012749999819789082,0.5210794806480408,1.0,0.007764423076923077,0.0005286057692307693,4,0.25,0.25,0.125,0.011875,5.088569686412812,4.081601355075836,0.0059375,0.9440179002285004
156,502400,-528.9676232337952,-5.289676163196564,-528.9676232337952,-5.289676163196564,0.0,528.9676232337952,5.289676163196564,208.11092805862427,2.0811094212532044,2.8236969912052157,0.0003125,8.172718725327164e-05,nan,nan,nan,nan,nan,nan,nan,nan,nan,nan,5024,-0.001202459599857697,0.12788939252495765,1.3820129036903381,0.05203163735568524,0.05899361781775951,0.05899361781775951,0.1704133354127407,0.002582775474002119,0.019215625268407165,0.4200785160064697,1.0,0.00775,0.0005275,4,0.25,0.25,0.03125,0.0003125,4.840170631408691,3.7977029705047607,0.0003125,0.9407143312692642
157,505600,-509.43528628349304,-5.094353139400482,-509.43528628349304,-5.094353139400482,0.0,509.43528628349304,5.094353139400482,227.6432650089264,2.276432445049286,2.5219847631454466,0.008125,0.002306937862145562,nan,nan,nan,nan,nan,nan,nan,nan,nan,nan,5056,-0.0008689869818859552,0.0844770461320877,1.386409628391266,0.030644856765866278,0.047702624835073947,0.047702624835073947,0.14767128080129624,0.0023668878537137063,0.018484375110710972,0.6751360297203064,1.0,0.007735576923076923,0.0005263942307692308,4,0.25,0.25,0.0625,0.008125,5.512852716445923,2.840892208814621,0.005,0.9497768235206604
158,508800,-428.37853091955185,-4.283785345554352,-428.37853091955185,-4.283785345554352,0.0,428.37853091955185,4.283785345554352,308.7000203728676,3.087000238895416,1.8202142578363418,0.0040625,0.0014404933911357273,nan,nan,nan,nan,nan,nan,nan,nan,nan,nan,5088,-0.0007656511806940714,0.09175086691975594,1.3827753901481628,0.034433160722255704,0.0433627150952816,0.0433627150952816,0.15491023957729338,0.0016766575776273386,0.010318749942234718,0.6411566734313965,1.0,0.007721153846153846,0.0005252884615384616,4,0.25,0.25,0.0625,0.0040625,4.158441774845123,2.7913508152961732,0.0034375,0.9637946826219559
159,512000,-468.95745277404785,-4.689574544429779,-468.95745277404785,-4.689574544429779,0.0,468.95745277404785,4.689574544429779,268.1210985183716,2.6812110400199893,1.9159045380353927,0.0009375,0.0003215125830668126,nan,nan,nan,nan,nan,nan,nan,nan,nan,nan,5120,-0.0006951448691310258,0.07227532751858234,1.348004937171936,0.025053808093070985,0.04267603941261768,0.04267603941261768,0.13610758855938912,0.0017450976163672749,0.006393749982817098,0.6150633096694946,1.0,0.0077067307692307695,0.0005241826923076923,4,0.25,0.25,0.03125,0.0009375,4.774254975318908,2.6382914876937864,0.0009375,0.9116071844100953
160,515200,-404.2066559791565,-4.042066377401352,-404.2066559791565,-4.042066377401352,0.0,404.2066559791565,4.042066377401352,332.87189531326294,3.328719207048416,1.6998489779233932,0.0059375,0.0021991970841890823,-445.76292049884796,-4.457629204988479,-445.76292049884796,-4.457629204988479,100.0,1.987110747843981,0.0,0.0,445.76292049884796,178.81316554546356,5152,-0.0006874836804925622,0.05958916731178761,1.348651909828186,0.018732854537665843,0.0383529057726264,0.0383529057726264,0.11013613641262054,0.0016747314664826262,0.009556249767774716,0.7821201682090759,1.0,0.007692307692307693,0.0005230769230769231,4,0.25,0.25,0.03125,0.0059375,4.806467983722687,2.1068656837940214,0.0046875,0.951741110086441
161,518400,-484.10574674606323,-4.841057572364807,-484.10574674606323,-4.841057572364807,0.0,484.10574674606323,4.841057572364807,252.9728045463562,2.529728012084961,2.0753370833396914,0.0025,0.0008129190174122642,nan,nan,nan,nan,nan,nan,nan,nan,nan,nan,5184,-0.0011838920548791875,0.07222242392599583,1.351872718334198,0.024547797068953513,0.055692361854016784,0.055692361854016784,0.1501731775701046,0.0022878028717968845,0.018149999994784595,0.706200122833252,1.0,0.007677884615384615,0.0005219711538461539,4,0.25,0.25,0.09375,0.0025,4.642975685596466,2.970882157087326,0.000625,0.9669643330574036
162,521600,-515.278154373169,-5.1527815699577335,-515.278154373169,-5.1527815699577335,0.0,515.278154373169,5.1527815699577335,221.8003969192505,2.2180040144920348,2.3619358670711517,0.0,0.0,nan,nan,nan,nan,nan,nan,nan,nan,nan,nan,5216,-0.0011658477049670158,0.06125749722123146,1.3523405551910401,0.019099291879683733,0.05632485672831535,0.05632485672831535,0.1168970838189125,0.002015644337006961,0.010928124998463318,0.78142911195755,1.0,0.007663461538461538,0.0005208653846153846,4,0.25,0.25,0.0,0.0,4.508373556137085,3.5048613429069517,0.0,0.939553615450859
163,524800,-507.4417026042938,-5.074416720867157,-507.4417026042938,-5.074416720867157,0.0,507.4417026042938,5.074416720867157,229.6368486881256,2.296368863582611,2.3095775413513184,0.0028125,0.0008498063468401593,nan,nan,nan,nan,nan,nan,nan,nan,nan,nan,5248,-0.0009454493561235732,0.09529055431485176,1.3564640402793884,0.036324183084070684,0.04718802720308304,0.04718802720308304,0.15081129223108292,0.001892238685832126,0.015009375021327287,0.7016050815582275,1.0,0.0076490384615384615,0.0005197596153846154,4,0.25,0.25,0.09375,0.0028125,4.838302216529846,3.228626630306244,0.0015625,0.9118750411272049
164,528000,-474.29988145828247,-4.742998564243317,-474.29988145828247,-4.742998564243317,0.0,474.29988145828247,4.742998564243317,262.77866983413696,2.6277870202064513,1.681555894613266,0.0,0.0,nan,nan,nan,nan,nan,nan,nan,nan,nan,nan,5280,-0.0011800119764521,0.0648306492716074,1.3461864352226258,0.02095769690349698,0.04895991086959839,0.04895991086959839,0.12932969257235527,0.0021643905332894065,0.012131250108359382,0.7417363524436951,1.0,0.007634615384615385,0.0005186538461538462,4,0.25,0.25,0.0,0.0,3.9328839802742004,2.684155420064926,0.0,0.9539732527732849
165,531200,-394.6985038816929,-3.9469849061965943,-394.6985038816929,-3.9469849061965943,0.0,394.6985038816929,3.9469849061965943,342.38004741072655,3.423800678253174,1.530056852698326,0.009375,0.0037054503300989012,nan,nan,nan,nan,nan,nan,nan,nan,nan,nan,5312,-0.0009664252135262785,0.07237399145960807,1.3181979417800904,0.02517564930021763,0.046164437755942346,0.046164437755942346,0.1232340969145298,0.0020632904532249087,0.0111500000115484,0.7268056273460388,1.0,0.007620192307692307,0.0005175480769230769,4,0.25,0.25,0.125,0.009375,3.9625956904888153,2.195138487815857,0.0059375,0.9361607569456101
166,534400,-430.6050133705139,-4.30605028629303,-430.6050133705139,-4.30605028629303,0.0,430.6050133705139,4.30605028629303,306.4735379219055,3.064735298156738,1.8740588653087615,0.00875,0.0030444748733634533,nan,nan,nan,nan,nan,nan,nan,nan,nan,nan,5344,-0.0008030466268625247,0.08446323573589325,1.308911955356598,0.03147328831255436,0.04614293426275253,0.04614293426275253,0.15028101652860643,0.0013590810660389252,0.00797500003791356,0.775855302810669,1.0,0.00760576923076923,0.0005164423076923077,4,0.25,0.25,0.03125,0.00875,3.21198158621788,3.2277034378051757,0.00375,0.9321429014205933
167,537600,-509.2711567878723,-5.09271139383316,-509.2711567878723,-5.09271139383316,0.0,509.2711567878723,5.09271139383316,227.80739450454712,2.278074190616608,1.8027477216720582,0.0025,0.000891981815084147,nan,nan,nan,nan,nan,nan,nan,nan,nan,nan,5376,-0.0006672993116255022,0.07752742543816567,1.3024925470352173,0.02820874098688364,0.0412884708493948,0.0412884708493948,0.15446869134902955,0.0018044431330054068,0.008418750032433309,0.7473095655441284,1.0,0.007591346153846153,0.0005153365384615385,4,0.25,0.25,0.125,0.0025,4.195824702978134,3.6366455340385437,0.0021875,0.9527678960561752
168,540800,-525.773480027914,-5.257734844684601,-525.773480027914,-5.257734844684601,0.0,525.773480027914,5.257734844684601,211.3050712645054,2.1130507397651677,2.2620250356197356,0.0146875,0.004502571206419204,nan,nan,nan,nan,nan,nan,nan,nan,nan,nan,5408,-0.0009211811481858234,0.13416712507605552,1.3064661026000977,0.056263388693332674,0.04658683184534311,0.04658683184534311,0.18394711315631868,0.0021480683972185943,0.013156249962048606,0.7603185176849365,1.0,0.007576923076923077,0.0005142307692307692,4,0.25,0.25,0.1875,0.0146875,4.643142976760864,3.6450416707992552,0.00625,0.9035714715719223
169,544000,-455.92676401138306,-4.559267699718475,-455.92676401138306,-4.559267699718475,0.0,455.92676401138306,4.559267699718475,281.1517872810364,2.811517884731293,2.08434148311615,0.008125,0.0026342738132196725,nan,nan,nan,nan,nan,nan,nan,nan,nan,nan,5440,-0.0010614303781301738,0.09085556864738464,1.3071361541748048,0.03448113631457091,0.06025971174240112,0.06025971174240112,0.15085568875074387,0.0026365954254288226,0.022006250393314986,0.7598084807395935,1.0,0.0075625,0.000513125,4,0.25,0.25,0.09375,0.008125,5.482537684440612,2.5238780105113983,0.005,0.935625039935112
170,547200,-495.63681173324585,-4.956368067264557,-495.63681173324585,-4.956368067264557,0.0,495.63681173324585,4.956368067264557,241.44173955917358,2.4144175171852114,1.8745824551582337,0.00625,0.002174228813226359,nan,nan,nan,nan,nan,nan,nan,nan,nan,nan,5472,-0.0007726534131216045,0.13252079859375954,1.3281654477119447,0.05546265095472336,0.039442253485322,0.039442253485322,0.18045134097337723,0.0017680053377262083,0.01020624978991691,0.5949369668960571,1.0,0.007548076923076923,0.0005120192307692308,4,0.25,0.25,0.0625,0.00625,5.339255931377411,2.5855145716667174,0.004375,0.9155357569456101
171,550400,-463.729451417923,-4.637294406890869,-463.729451417923,-4.637294406890869,0.0,463.729451417923,4.637294406890869,273.34909987449646,2.733491177558899,1.859766908288002,0.0078125,0.0027318660053580906,nan,nan,nan,nan,nan,nan,nan,nan,nan,nan,5504,-0.0013228436894481277,0.0925265371799469,1.344316017627716,0.034812813997268675,0.05563332997262478,0.05563332997262478,0.1523967757821083,0.0025364636923768556,0.01550000011920929,0.7410405874252319,1.0,0.007533653846153846,0.0005109134615384615,4,0.25,0.25,0.09375,0.0078125,4.397252510786057,2.2755156648159027,0.0071875,0.9419196897745132
172,553600,-447.6574259996414,-4.476574549674988,-447.6574259996414,-4.476574549674988,0.0,447.6574259996414,4.476574549674988,289.421125292778,2.8942110347747807,1.839807289838791,0.01375,0.004841877844739442,nan,nan,nan,nan,nan,nan,nan,nan,nan,nan,5536,-0.0012791327471378898,0.08731471970677376,1.3666212916374207,0.03210228737443686,0.061700934544205666,0.061700934544205666,0.14097858369350433,0.0027333992649801074,0.024618749681394547,0.754880964756012,1.0,0.007519230769230769,0.0005098076923076923,4,0.25,0.25,0.125,0.01375,4.925358982086181,2.453216209411621,0.0096875,0.9454911166429519
173,556800,-441.08449244499207,-4.41084469795227,-441.08449244499207,-4.41084469795227,0.0,441.08449244499207,4.41084469795227,295.99405884742737,2.959940886497498,1.581130108833313,0.0015625,0.000605354993401034,nan,nan,nan,nan,nan,nan,nan,nan,nan,nan,5568,-0.000589966215478488,0.06602194793522358,1.373525619506836,0.022112962137907744,0.040693041682243344,0.040693041682243344,0.15033099204301834,0.0018127783703675959,0.011774999770568683,0.8256394267082214,1.0,0.007504807692307693,0.0005087019230769231,4,0.25,0.25,0.09375,0.0015625,4.602041356563568,2.494207580089569,0.0009375,0.9329911190271377
174,560000,-434.60849034786224,-4.346084840297699,-434.60849034786224,-4.346084840297699,0.0,434.60849034786224,4.346084840297699,302.4700609445572,3.024700744152069,2.4277060794830323,0.03625,0.010575585875632381,nan,nan,nan,nan,nan,nan,nan,nan,nan,nan,5600,-0.0009000411934335761,0.15961209684610367,1.3639925956726073,0.06868917644023895,0.04746830388903618,0.04746830388903618,0.20316441729664803,0.001937134055333445,0.014406249893363565,0.5813843011856079,1.0,0.007490384615384616,0.0005075961538461538,4,0.25,0.25,0.1875,0.03625,5.480834515094757,2.753326116800308,0.0246875,0.8767411118745804
175,563200,-441.991685628891,-4.419916942119598,-441.991685628891,-4.419916942119598,0.0,441.991685628891,4.419916942119598,295.08686566352844,2.95086864233017,2.009639403820038,0.0046875,0.0015574955571256502,nan,nan,nan,nan,nan,nan,nan,nan,nan,nan,5632,-0.0013057281264803322,0.06902218088507653,1.3750933408737183,0.022925217635929585,0.06783594973385335,0.06783594973385335,0.14702381417155266,0.0026646159640222322,0.021256249985890464,0.7967725396156311,1.0,0.007475961538461539,0.0005064903846153846,4,0.25,0.25,0.09375,0.0046875,4.206535587310791,3.0317438220977784,0.0040625,0.9470089745521545
176,566400,-432.36084842681885,-4.323608332872391,-432.36084842681885,-4.323608332872391,0.0,432.36084842681885,4.323608332872391,304.7177028656006,3.047177251577377,1.7672863078117371,0.000625,0.00022585303090457085,nan,nan,nan,nan,nan,nan,nan,nan,nan,nan,5664,-0.0010517230402212973,0.0665671955794096,1.3696463346481322,0.022012206073850394,0.05107693485915661,0.05107693485915661,0.13284513130784034,0.0020105669434997255,0.013003124925307929,0.7633121013641357,1.0,0.007461538461538461,0.0005053846153846154,4,0.25,0.25,0.03125,0.000625,4.24756063580513,2.5034683418273924,0.0003125,0.9195089745521545
177,569600,-415.2992811203003,-4.1529927110672,-415.2992811203003,-4.1529927110672,0.0,415.2992811203003,4.1529927110672,321.77927017211914,3.2177928733825683,1.897683190703392,0.009375,0.0032353433356958135,nan,nan,nan,nan,nan,nan,nan,nan,nan,nan,5696,-0.0013941566471243228,0.07114852964878082,1.378440225124359,0.02391470493748784,0.07111341506242752,0.07111341506242752,0.1490742787718773,0.0027329008255037477,0.02312499990221113,0.7316678166389465,1.0,0.0074471153846153845,0.0005042788461538461,4,0.25,0.25,0.03125,0.009375,4.268436179161072,2.887972571849823,0.0059375,0.8698214733600617
178,572800,-464.98742389678955,-4.6498742055892945,-464.98742389678955,-4.6498742055892945,0.0,464.98742389678955,4.6498742055892945,272.0911273956299,2.7209113788604737,2.006352285146713,0.000625,0.00020789313450984983,nan,nan,nan,nan,nan,nan,nan,nan,nan,nan,5728,-0.0009050006085308482,0.06719955392181873,1.3782844066619873,0.02245041262358427,0.038067047484219074,0.038067047484219074,0.13562806844711303,0.002442411817901302,0.014903124936972744,0.744732141494751,1.0,0.007432692307692308,0.000503173076923077,4,0.25,0.25,0.0625,0.000625,4.540371704101562,2.9622079622745514,0.0003125,0.89513396859169
179,576000,-314.06609761714935,-3.140661181807518,-314.06609761714935,-3.140661181807518,0.0,314.06609761714935,3.140661181807518,423.0124536752701,4.23012440264225,1.4066558948159218,0.025625,0.010647554581939927,nan,nan,nan,nan,nan,nan,nan,nan,nan,nan,5760,-0.0012416468997718867,0.09826880991458893,1.3664470911026,0.03775608576834202,0.05880837067961693,0.05880837067961693,0.15470228269696235,0.0023892532495665363,0.01771249985322356,0.7583945989608765,1.0,0.007418269230769231,0.0005020673076923078,4,0.25,0.25,0.1875,0.025625,3.9765356934070586,1.8462716048955918,0.01625,0.9240625429153443
180,579200,-387.62979674339294,-3.8762980246543886,-387.62979674339294,-3.8762980246543886,0.0,387.62979674339294,3.8762980246543886,349.4487545490265,3.4944875597953797,1.5338400334119797,0.0171875,0.0067831827476716915,-350.3711192458868,-3.503711192458868,-350.3711192458868,-3.503711192458868,100.0,1.788774777315557,0.05,0.01792902044536183,350.3711192458868,274.2049667984247,5792,-0.0011102326223161097,0.08307364284992218,1.3660014510154723,0.030312922969460487,0.06515163406729699,0.06515163406729699,0.15811713710427283,0.0021141756980796343,0.014765625212749,0.5752608776092529,1.0,0.007403846153846154,0.0005009615384615384,4,0.25,0.25,0.125,0.0171875,3.422087553739548,2.1699730098247527,0.01,0.9512500452995301
181,582400,-381.9419786930084,-3.819419939517975,-381.9419786930084,-3.819419939517975,0.0,381.9419786930084,3.819419939517975,355.136572599411,3.5513656449317934,1.7655723148584366,0.02375,0.00858773421776017,nan,nan,nan,nan,nan,nan,nan,nan,nan,nan,5824,-0.0014496595164761317,0.09850572124123573,1.356976580619812,0.03777592685073614,0.050139721110463144,0.050139721110463144,0.18148440569639207,0.002667301527981181,0.019271875161211937,0.6918568015098572,1.0,0.007389423076923076,0.0004998557692307693,4,0.25,0.25,0.15625,0.02375,3.8687140572071077,2.4728126347064974,0.0184375,0.9277232521772385
182,585600,-411.3771126270294,-4.113770751953125,-411.3771126270294,-4.113770751953125,0.0,411.3771126270294,4.113770751953125,325.70143866539,3.257014832496643,1.682513707280159,0.033125,0.012348492352565065,nan,nan,nan,nan,nan,nan,nan,nan,nan,nan,5856,-0.0008190696340811155,0.13348095268011093,1.3514477610588074,0.055954478681087494,0.0467804666608572,0.0467804666608572,0.1968316465616226,0.002125226613134146,0.014771874963480513,0.6326669454574585,1.0,0.007375,0.00049875,4,0.25,0.25,0.21875,0.033125,3.3465241968631743,2.5622691321372986,0.020625,0.9221428972482681
183,588800,-380.03715419769287,-3.8003716599941253,-380.03715419769287,-3.8003716599941253,0.0,380.03715419769287,3.8003716599941253,357.04139709472656,3.570413924455643,1.6667164504528045,0.0165625,0.006210821550670568,nan,nan,nan,nan,nan,nan,nan,nan,nan,nan,5888,-0.0009967529358750227,0.09706470444798469,1.3590757369995117,0.03753201700747013,0.0426540020853281,0.0426540020853281,0.17838363200426102,0.0019168579998222412,0.014134374714194564,0.7019940614700317,1.0,0.007360576923076923,0.0004976442307692308,4,0.25,0.25,0.125,0.0165625,4.705916303396225,1.839948136806488,0.010625,0.9341518265008927
184,592000,-361.18543986976147,-3.611854552924633,-361.18543986976147,-3.611854552924633,0.0,361.18543986976147,3.611854552924633,375.89311142265797,3.7589310315251354,1.8840894198417664,0.0425,0.014736020217546424,nan,nan,nan,nan,nan,nan,nan,nan,nan,nan,5920,-0.000968488742184137,0.12848061323165894,1.3633770585060119,0.05325624197721481,0.049055542796850204,0.049055542796850204,0.21112338081002235,0.002066420670598745,0.014015625111642293,0.7462260723114014,1.0,0.007346153846153846,0.0004965384615384616,4,0.25,0.25,0.28125,0.0425,3.6156898283958436,2.4658371758461,0.0303125,0.9304464739561081
185,595200,-470.4248605966568,-4.704248731136322,-470.4248605966568,-4.704248731136322,0.0,470.4248605966568,4.704248731136322,266.65369069576263,2.6665368533134464,2.014916182756424,0.0090625,0.003005887875700245,nan,nan,nan,nan,nan,nan,nan,nan,nan,nan,5952,-0.0009557538774562779,0.09905733317136764,1.3784507870674134,0.03846648205071688,0.05273873060941696,0.05273873060941696,0.17732391953468324,0.002744152786908671,0.016928125033155085,0.757330596446991,1.0,0.007331730769230769,0.0004954326923076924,4,0.25,0.25,0.125,0.0090625,3.9784575498104093,3.5759043765068053,0.00625,0.918125039935112
186,598400,-457.48324489593506,-4.574832466840744,-457.48324489593506,-4.574832466840744,0.0,457.48324489593506,4.574832466840744,279.5953063964844,2.7959531176090247,1.6748153561353682,0.010625,0.0039722368034222875,nan,nan,nan,nan,nan,nan,nan,nan,nan,nan,5984,-0.0011547018018550404,0.07164539471268654,1.3678660273551941,0.024658898543566465,0.047772036492824556,0.047772036492824556,0.17150141522288323,0.002271058348560473,0.011953125096624717,0.8001526594161987,1.0,0.007317307692307692,0.0004943269230769231,4,0.25,0.25,0.15625,0.010625,3.6027358317375184,3.1266993832588197,0.0090625,0.8686161148548126
187,601600,-393.68191838264465,-3.93681888461113,-393.68191838264465,-3.93681888461113,0.0,393.68191838264465,3.93681888461113,343.3966329097748,3.4339666998386384,1.4526832067966462,0.00375,0.0015289377729697628,nan,nan,nan,nan,nan,nan,nan,nan,nan,nan,6016,-0.000867095573898391,0.05940224751830101,1.3527057409286498,0.018955374136567116,0.046016750298440455,0.046016750298440455,0.15051615834236146,0.0018468729060259648,0.010628125208313577,0.8210423588752747,1.0,0.007302884615384616,0.0004932211538461539,4,0.25,0.25,0.125,0.00375,3.9757959830760954,2.049590684175491,0.003125,0.9133928978443145
188,604800,-472.3051269054413,-4.723051385879517,-472.3051269054413,-4.723051385879517,0.0,472.3051269054413,4.723051385879517,264.77342438697815,2.6477341985702516,2.295867131948471,0.0240625,0.007300810086289669,nan,nan,nan,nan,nan,nan,nan,nan,nan,nan,6048,-0.001613265035382927,0.11587308123707771,1.3491077780723573,0.046490353718400004,0.070571556314826,0.070571556314826,0.23257482722401618,0.002422272529292968,0.021421874896623193,0.7409908771514893,1.0,0.007288461538461539,0.0004921153846153847,4,0.25,0.25,0.25,0.0240625,4.42826339840889,3.5620013904571532,0.0175,0.8995982587337494
189,608000,-413.38811135292053,-4.1338810384273526,-413.38811135292053,-4.1338810384273526,0.0,413.38811135292053,4.1338810384273526,323.6904399394989,3.2369045460224157,1.8331663244962693,0.020625,0.007279840869796827,nan,nan,nan,nan,nan,nan,nan,nan,nan,nan,6080,-0.0009080667447996405,0.08408862873911857,1.3393545746803284,0.031393731385469435,0.05937876999378204,0.05937876999378204,0.18753092885017394,0.002167136358912103,0.01496250000782311,0.7671567797660828,1.0,0.007274038461538462,0.0004910096153846154,4,0.25,0.25,0.15625,0.020625,4.411845932006836,2.4867678654193877,0.0134375,0.9508928984403611
190,611200,-428.94817101955414,-4.289481557607651,-428.94817101955414,-4.289481557607651,0.0,428.94817101955414,4.289481557607651,308.1303802728653,3.0813040268421172,1.9744871771335601,0.0375,0.012607215216216808,nan,nan,nan,nan,nan,nan,nan,nan,nan,nan,6112,-0.0008592164985254058,0.13309314623475074,1.3340020060539246,0.056003016978502275,0.06333004906773568,0.06333004906773568,0.21631462275981903,0.0015696388240030502,0.012162499851547182,0.6694899797439575,1.0,0.007259615384615385,0.0004899038461538462,4,0.25,0.25,0.1875,0.0375,4.19933313369751,3.3616753435134887,0.0303125,0.93883933365345
191,614400,-479.6461992263794,-4.79646187543869,-479.6461992263794,-4.79646187543869,0.0,479.6461992263794,4.79646187543869,257.43235206604004,2.574323709011078,1.9126710164546967,0.0028125,0.0009656085373566752,nan,nan,nan,nan,nan,nan,nan,nan,nan,nan,6144,-0.0010532986698089885,0.09639905914664268,1.3369742274284362,0.03745959531515837,0.06944314613938332,0.06944314613938332,0.20175312757492064,0.002527380948595237,0.02315312507271301,0.6559994220733643,1.0,0.0072451923076923075,0.0004887980769230769,4,0.25,0.25,0.0625,0.0028125,4.603331246376038,3.052265305519104,0.0015625,0.9213393288850784
192,617600,-455.48562145233154,-4.55485622048378,-455.48562145233154,-4.55485622048378,0.0,455.48562145233154,4.55485622048378,281.5929298400879,2.8159293639659886,1.609407216310501,0.0153125,0.005868191022193417,nan,nan,nan,nan,nan,nan,nan,nan,nan,nan,6176,-0.00103255358374445,0.07379426397383212,1.334893250465393,0.026212272979319096,0.05289045535027981,0.05289045535027981,0.1850595898926258,0.002607332651678007,0.0141593750071479,0.790294885635376,1.0,0.00723076923076923,0.0004876923076923077,4,0.25,0.25,0.125,0.0153125,5.9004460716247555,2.042862370014191,0.0103125,0.9550893259048462
193,620800,-391.1500577926636,-3.911500391960144,-391.1500577926636,-3.911500391960144,0.0,391.1500577926636,3.911500391960144,345.92849349975586,3.459285192489624,1.7579321491718292,0.0178125,0.006458643301050339,nan,nan,nan,nan,nan,nan,nan,nan,nan,nan,6208,-0.0010964412237982834,0.07248507477343083,1.3398457407951354,0.025477305240929126,0.059624025225639345,0.059624025225639345,0.1799414724111557,0.0022021923643478656,0.010934374941280111,0.7586776614189148,1.0,0.007216346153846153,0.0004865865384615385,4,0.25,0.25,0.15625,0.0178125,2.527632349729538,2.9193637418746947,0.0140625,0.9188393306732178
194,624000,-405.26907083392143,-4.05269069314003,-405.26907083392143,-4.05269069314003,0.0,405.26907083392143,4.05269069314003,331.809480458498,3.3180948913097383,1.5969236660003663,0.0096875,0.003730375338648338,nan,nan,nan,nan,nan,nan,nan,nan,nan,nan,6240,-0.0008746055500465033,0.06190317273139954,1.3660460352897643,0.02023882241919637,0.05220567472279072,0.05220567472279072,0.1784309923648834,0.002439259198581567,0.017456250089162496,0.8006954789161682,1.0,0.007201923076923076,0.0004854807692307692,4,0.25,0.25,0.15625,0.0096875,3.177060554027557,2.9804209053516386,0.0053125,0.9027678960561752
195,627200,-455.95149540901184,-4.559515125751496,-455.95149540901184,-4.559515125751496,0.0,455.95149540901184,4.559515125751496,281.1270558834076,2.8112704586982726,1.8724371439218521,0.010625,0.003698949521831231,nan,nan,nan,nan,nan,nan,nan,nan,nan,nan,6272,-0.0009456723673269107,0.0891823224723339,1.3896204710006714,0.03365759197622538,0.04102726597338915,0.04102726597338915,0.2094323843717575,0.002161687795887701,0.01332187500593136,0.6548466682434082,1.0,0.0071874999999999994,0.000484375,4,0.25,0.25,0.125,0.010625,4.0620712828636165,2.9613653922080996,0.005,0.9383036136627197
196,630400,-408.8016514778137,-4.088016597032547,-408.8016514778137,-4.088016597032547,0.0,408.8016514778137,4.088016597032547,328.2768998146057,3.2827689874172217,1.5660504323244095,0.016875,0.0065762542261159265,nan,nan,nan,nan,nan,nan,nan,nan,nan,nan,6304,-0.0012744571687769656,0.05900630094110966,1.3811823964118957,0.01832136632874608,0.06578653119504452,0.06578653119504452,0.15742214843630792,0.0027954348071943967,0.022978124918881803,0.7516884803771973,1.0,0.007173076923076923,0.0004832692307692308,4,0.25,0.25,0.0625,0.016875,3.8187908816337583,2.054446291923523,0.01125,0.9025000423192978
197,633600,-519.8187785148621,-5.198187732696534,-519.8187785148621,-5.198187732696534,0.0,519.8187785148621,5.198187732696534,217.25977277755737,2.1725978517532347,1.9650254297256469,0.0084375,0.002845675425043731,nan,nan,nan,nan,nan,nan,nan,nan,nan,nan,6336,-0.0006413381004706231,0.08865682184696197,1.3787957549095153,0.033816751465201376,0.05365888699889183,0.05365888699889183,0.19987306371331215,0.001895864581456408,0.012459375220350922,0.7170066237449646,1.0,0.007158653846153846,0.00048216346153846155,4,0.25,0.25,0.0625,0.0084375,4.350817675590515,3.7593430733680724,0.0059375,0.8935714721679687
198,636800,-434.1659630537033,-4.341659636497497,-434.1659630537033,-4.341659636497497,0.0,434.1659630537033,4.341659636497497,302.9125882387161,3.029125947952271,2.0968446654081343,0.0146875,0.00474273061353703,nan,nan,nan,nan,nan,nan,nan,nan,nan,nan,6368,-0.0008772867739549883,0.1004560001194477,1.3766709208488463,0.039515458047389984,0.05634220279753208,0.05634220279753208,0.21587686538696288,0.0018234073446365072,0.010321874893270433,0.649011492729187,1.0,0.007144230769230769,0.0004810576923076923,4,0.25,0.25,0.09375,0.0146875,4.01560842871666,2.6840532088279723,0.0103125,0.9445089745521545
199,640000,-337.7143920660019,-3.377143962830305,-337.7143920660019,-3.377143962830305,0.0,337.7143920660019,3.377143962830305,399.36415922641754,3.9936416216194632,1.5659834069013596,0.035,0.01363999467255536,nan,nan,nan,nan,nan,nan,nan,nan,nan,nan,6400,-0.001177623358170976,0.09508130922913552,1.3658989191055297,0.036624434776604174,0.052534598484635354,0.052534598484635354,0.19590988233685494,0.0021508723591978198,0.013324999925680458,0.68071448802948,1.0,0.007129807692307692,0.0004799519230769231,4,0.25,0.25,0.1875,0.035,3.5056377923488617,1.8636230540275573,0.0234375,0.9117411130666733
200,643200,-367.4228587150574,-3.6742286390066146,-367.4228587150574,-3.6742286390066146,0.0,367.4228587150574,3.6742286390066146,369.65569257736206,3.6965569454431537,1.6984367525577546,0.0359375,0.013317895987718107,-389.7856999337673,-3.897856999337673,-389.7856999337673,-3.897856999337673,100.0,1.3736369555816055,0.01,0.004212944181074115,389.7856999337673,234.7903861105442,6432,-0.0008172829814139249,0.11873352155089378,1.3624139666557311,0.04885537847876549,0.05362768657505512,0.05362768657505512,0.23753425478935242,0.00201472976768855,0.00869687502272427,0.7181979417800903,1.0,0.007115384615384615,0.0004788461538461538,4,0.25,0.25,0.21875,0.0359375,3.56671697974205,2.652708739042282,0.025,0.9031696844100953
201,646400,-383.48798966407776,-3.834879989326,-383.48798966407776,-3.834879989326,0.0,383.48798966407776,3.834879989326,353.5905616283417,3.535905595123768,1.2222351694107056,0.025625,0.011531182816621187,nan,nan,nan,nan,nan,nan,nan,nan,nan,nan,6464,-0.0011028550853661833,0.09146919324994088,1.3622303485870362,0.0349585959687829,0.05227352268993855,0.05227352268993855,0.1862827256321907,0.0018517543954658321,0.011043750179669586,0.7638988494873047,1.0,0.007100961538461539,0.0004777403846153846,4,0.25,0.25,0.25,0.025625,3.0049484527111052,3.0845270323753358,0.01625,0.9087500417232514
202,649600,-442.2025800049305,-4.422025973796845,-442.2025800049305,-4.422025973796845,0.0,442.2025800049305,4.422025973796845,294.87597128748894,2.9487596106529237,2.097793907523155,0.025,0.008070259270407302,nan,nan,nan,nan,nan,nan,nan,nan,nan,nan,6496,-0.0008603785402432562,0.09708674401044845,1.3613129377365112,0.03803599756211042,0.05697524771094322,0.05697524771094322,0.21115133091807364,0.0013014425090659642,0.008068749884841964,0.7589594125747681,1.0,0.007086538461538462,0.00047663461538461537,4,0.25,0.25,0.125,0.025,4.671204943656921,2.764249374866486,0.0175,0.9120089703798294
203,652800,-429.5206847190857,-4.29520668387413,-429.5206847190857,-4.29520668387413,0.0,429.5206847190857,4.29520668387413,307.55786657333374,3.075578900575638,1.8131627941131592,0.0146875,0.00522099184261044,nan,nan,nan,nan,nan,nan,nan,nan,nan,nan,6528,-0.0008690947735827236,0.10500462204217911,1.3452877283096314,0.042119186744093894,0.06283985897898674,0.06283985897898674,0.2582624971866608,0.0016541754084755667,0.010281250183470547,0.6777298450469971,1.0,0.007072115384615385,0.0004755288461538461,4,0.25,0.25,0.15625,0.0146875,4.400058441162109,2.59527308344841,0.0096875,0.9369643241167068
204,656000,-390.1954207420349,-3.9019542014598847,-390.1954207420349,-3.9019542014598847,0.0,390.1954207420349,3.9019542014598847,346.8831305503845,3.4688313829898836,1.513322370648384,0.013125,0.005222171319238298,nan,nan,nan,nan,nan,nan,nan,nan,nan,nan,6560,-0.0015927147196605595,0.07315297946333885,1.346176266670227,0.025482877530157565,0.09816348925232887,0.09816348925232887,0.18790122792124747,0.0031746389257023113,0.029524999437853694,0.7939568758010864,1.0,0.007057692307692307,0.0004744230769230769,4,0.25,0.25,0.1875,0.013125,3.8391883438825607,2.007880350351334,0.0084375,0.9122768265008926
205,659200,-418.99522793293,-4.189952119588852,-418.99522793293,-4.189952119588852,0.0,418.99522793293,4.189952119588852,318.08332335948944,3.1808334648609167,1.8407379281520844,0.0215625,0.0075904573196678244,nan,nan,nan,nan,nan,nan,nan,nan,nan,nan,6592,-0.0007646421371609868,0.09321257174015045,1.3458104133605957,0.036362738348543644,0.058838766813278195,0.058838766813278195,0.20842069238424302,0.0020520906036836095,0.011128124897368252,0.8150874376296997,1.0,0.0070432692307692306,0.00047331730769230773,4,0.25,0.25,0.15625,0.0215625,4.158789569139481,2.438662574291229,0.015625,0.8721429002285004
206,662400,-391.45721113681793,-3.9145719170570374,-391.45721113681793,-3.9145719170570374,0.0,391.45721113681793,3.9145719170570374,345.6213401556015,3.456213667392731,1.580632559657097,0.0334375,0.01295709452121422,nan,nan,nan,nan,nan,nan,nan,nan,nan,nan,6624,-0.0011612791534163947,0.10792214572429656,1.352449893951416,0.043293632194399835,0.06797715537250042,0.06797715537250042,0.21297908946871758,0.0024064378267212305,0.021631249988786294,0.7626364231109619,1.0,0.007028846153846154,0.0004722115384615385,4,0.25,0.25,0.25,0.0334375,3.992418203353882,1.7239534896612168,0.02375,0.9025000417232514
207,665600,-377.2503189742565,-3.7725033593177795,-377.2503189742565,-3.7725033593177795,0.0,377.2503189742565,3.7725033593177795,359.8282323181629,3.598282225131989,1.656917105317116,0.0234375,0.008821313978180218,nan,nan,nan,nan,nan,nan,nan,nan,nan,nan,6656,-0.0009274779335362859,0.09682824164628982,1.3408202886581422,0.038081562519073485,0.0864366788417101,0.0864366788417101,0.20395416915416717,0.0020823786049732006,0.014003125031013041,0.7823461890220642,1.0,0.007014423076923077,0.00047110576923076923,4,0.25,0.25,0.1875,0.0234375,3.579482401609421,2.207093675136566,0.0128125,0.9200893288850784
208,668800,-314.1194044351578,-3.1411940866708754,-314.1194044351578,-3.1411940866708754,0.0,314.1194044351578,3.1411940866708754,422.95914685726166,4.229591497778893,1.4595572584867478,0.053125,0.021599415836606854,nan,nan,nan,nan,nan,nan,nan,nan,nan,nan,6688,-0.0015469700083718507,0.12509850561618804,1.3347288608551025,0.05165918171405792,0.07180434837937355,0.07180434837937355,0.24057552665472032,0.0031075881328433753,0.02881249965284951,0.7561079859733582,1.0,0.007,0.00047000000000000004,4,0.25,0.25,0.21875,0.053125,3.685856463909149,1.821134197115898,0.0371875,0.8969643241167069
209,672000,-487.93108201026917,-4.879310965538025,-487.93108201026917,-4.879310965538025,0.0,487.93108201026917,4.879310965538025,249.14746928215027,2.4914746189117434,1.866314989924431,0.0078125,0.002725625071725272,nan,nan,nan,nan,nan,nan,nan,nan,nan,nan,6720,-0.0009182722495912898,0.07892288193106652,1.3505217671394347,0.029108994640409946,0.06153513193130493,0.06153513193130493,0.20347533598542214,0.001797662159515312,0.013065625086892397,0.8213077783584595,1.0,0.006985576923076923,0.0004688942307692308,4,0.25,0.25,0.0625,0.0078125,4.32884104847908,2.8810815382003785,0.0059375,0.8752232527732849
210,675200,-384.7230400443077,-3.8472305607795714,-384.7230400443077,-3.8472305607795714,0.0,384.7230400443077,3.8472305607795714,352.3555112481117,3.523555023670197,1.6420498263835908,0.019375,0.007333321198760391,nan,nan,nan,nan,nan,nan,nan,nan,nan,nan,6752,-0.0008596783195098823,0.07834699600934983,1.3488319158554076,0.028910904936492444,0.05929628890007734,0.05929628890007734,0.2010923519730568,0.00158697080478305,0.01018125016707927,0.8691394329071045,1.0,0.006971153846153846,0.00046778846153846154,4,0.25,0.25,0.1875,0.019375,3.3806060469150543,2.3505795204639437,0.0128125,0.9047768282890319
211,678400,-334.5832664966583,-3.3458327129483223,-334.5832664966583,-3.3458327129483223,0.0,334.5832664966583,3.3458327129483223,402.4952847957611,4.024952871501446,1.2988841068744659,0.04,0.017399746198769238,nan,nan,nan,nan,nan,nan,nan,nan,nan,nan,6784,-0.0008230608937330519,0.06596238762140275,1.3259228467941284,0.02293404461815953,0.0658065851777792,0.0658065851777792,0.19175789803266524,0.0022595316957449542,0.014603124954737723,0.8464443683624268,1.0,0.006956730769230769,0.0004666826923076923,4,0.25,0.25,0.1875,0.04,3.258246055841446,1.8402151596546172,0.0203125,0.9006250435113907
212,681600,-373.38120007514954,-3.733811914920807,-373.38120007514954,-3.733811914920807,0.0,373.38120007514954,3.733811914920807,363.6973512172699,3.6369736695289614,1.544286293387413,0.0225,0.008843344421764713,nan,nan,nan,nan,nan,nan,nan,nan,nan,nan,6816,-0.0015648201395059402,0.06602870896458626,1.3338493227958679,0.02218954199925065,0.09162913672626019,0.09162913672626019,0.21778580248355867,0.0026442314381711187,0.015543750155120505,0.8539122939109802,1.0,0.006942307692307692,0.00046557692307692305,4,0.25,0.25,0.125,0.0225,3.9262125265598296,1.9673280668258668,0.0159375,0.9045536124706268
213,684800,-467.51797437667847,-4.67517980337143,-467.51797437667847,-4.67517980337143,0.0,467.51797437667847,4.67517980337143,269.56057691574097,2.6956057810783385,2.0191890877485275,0.0075,0.002484110727093581,nan,nan,nan,nan,nan,nan,nan,nan,nan,nan,6848,-0.0011861024164594891,0.0873526006937027,1.33512601852417,0.0332405986264348,0.06583637744188309,0.06583637744188309,0.21701909229159355,0.0027464517799671738,0.01602187493117526,0.7678672075271606,1.0,0.006927884615384615,0.00046447115384615385,4,0.25,0.25,0.125,0.0075,3.678811888694763,3.8013593554496765,0.00375,0.8982143253087997
214,688000,-465.30107402801514,-4.65301084280014,-465.30107402801514,-4.65301084280014,0.0,465.30107402801514,4.65301084280014,271.7774772644043,2.7177747416496283,1.8726206356287003,0.00125,0.0004351427349982904,nan,nan,nan,nan,nan,nan,nan,nan,nan,nan,6880,-0.0010839865734218802,0.0760416179895401,1.327568030357361,0.027758731879293917,0.05608847327530384,0.05608847327530384,0.20521645545959472,0.0020356737528345547,0.008606250036973507,0.835821270942688,1.0,0.0069134615384615385,0.0004633653846153846,4,0.25,0.25,0.03125,0.00125,5.091839275360107,2.479216704368591,0.000625,0.9232589673995971
215,691200,-523.3586184978485,-5.233586382865906,-523.3586184978485,-5.233586382865906,0.0,523.3586184978485,5.233586382865906,213.71993279457092,2.1371992015838623,1.9228544700145722,0.0015625,0.0005345801564975659,nan,nan,nan,nan,nan,nan,nan,nan,nan,nan,6912,-0.0011999165937654154,0.06659536510705948,1.3548665285110473,0.022750489134341478,0.08289627321064472,0.08289627321064472,0.21201540902256966,0.002537413645768538,0.015034375339746475,0.8642905950546265,1.0,0.006899038461538462,0.00046225961538461536,4,0.25,0.25,0.0625,0.0015625,4.565297348499298,2.595409015417099,0.0009375,0.9157143300771713
216,694400,-342.4163717031479,-3.4241636818647385,-342.4163717031479,-3.4241636818647385,0.0,342.4163717031479,3.4241636818647385,394.66217958927155,3.9466219025850298,1.6961622446775437,0.0246875,0.009156533531591154,nan,nan,nan,nan,nan,nan,nan,nan,nan,nan,6944,-0.0011876827635802557,0.06192216016352177,1.3557702779769898,0.02043944038450718,0.07519401684403419,0.07519401684403419,0.18395065665245056,0.002221411670325324,0.015684374899137765,0.8506910800933838,1.0,0.006884615384615385,0.00046115384615384616,4,0.25,0.25,0.125,0.0246875,2.770851547718048,2.6330538403987886,0.01625,0.9504911124706268
217,697600,-372.92412185668945,-3.729241309463978,-372.92412185668945,-3.729241309463978,0.0,372.92412185668945,3.729241309463978,364.15442943573,3.6415442749857903,1.8830366361141204,0.033125,0.011489621597263949,nan,nan,nan,nan,nan,nan,nan,nan,nan,nan,6976,-0.0009331868551904155,0.07565038241446018,1.327851939201355,0.02776940558105707,0.1156145416200161,0.1156145416200161,0.21380024030804634,0.0017429139450541697,0.01159062481019646,0.8299766778945923,1.0,0.006870192307692308,0.00046004807692307697,4,0.25,0.25,0.21875,0.033125,3.638382365703583,2.2428816044330597,0.0203125,0.9606250411272049
218,700800,-360.02381777763367,-3.6002381575107574,-360.02381777763367,-3.6002381575107574,0.0,360.02381777763367,3.6002381575107574,377.05473351478577,3.770547426939011,1.5919410711526871,0.0159375,0.00614886664568816,nan,nan,nan,nan,nan,nan,nan,nan,nan,nan,7008,-0.0008550239330507026,0.043061156570911405,1.348379635810852,0.011431374493986369,0.04392205104231835,0.04392205104231835,0.1556152768433094,0.0017834393154771532,0.009440625010392978,0.8819621205329895,1.0,0.006855769230769231,0.0004589423076923077,4,0.25,0.25,0.09375,0.0159375,4.369131417274475,2.1077151095867155,0.006875,0.9587500429153443
219,704000,-357.79542875289917,-3.5779543000459673,-357.79542875289917,-3.5779543000459673,0.0,357.79542875289917,3.5779543000459673,379.28312253952026,3.792831284403801,1.4817405343055725,0.013125,0.005288627001320494,nan,nan,nan,nan,nan,nan,nan,nan,nan,nan,7040,-0.0009746002956292799,0.04464792236685753,1.3212154030799865,0.012310468778014182,0.1126558680087328,0.1126558680087328,0.18267200663685798,0.0018800446036038921,0.01479687510727672,0.9034124612808228,1.0,0.0068413461538461545,0.00045783653846153847,4,0.25,0.25,0.28125,0.013125,3.63741441488266,2.102083054184914,0.0109375,0.8429464644193649
220,707200,-381.0050938427448,-3.810050882101059,-381.0050938427448,-3.810050882101059,0.0,381.0050938427448,3.810050882101059,356.0734574496746,3.5607347023487095,1.733550835251808,0.038125,0.013947060910059138,-329.42174054682255,-3.2942174054682254,-329.42174054682255,-3.2942174054682254,100.0,1.078845293703489,0.085,0.04088808352283466,329.42174054682255,295.154345497489,7072,-0.0012337585637695269,0.10340049639344215,1.3448649048805237,0.041285200789570806,0.0764850351959467,0.0764850351959467,0.25133572816848754,0.002527115499833599,0.018778124931850472,0.8308002352714539,1.0,0.006826923076923076,0.0004567307692307692,4,0.25,0.25,0.25,0.038125,4.521792650222778,2.2420569479465486,0.025625,0.9635714685916901
221,710400,-380.8540989160538,-3.808540886640549,-380.8540989160538,-3.808540886640549,0.0,380.8540989160538,3.808540886640549,356.22445237636566,3.5622446978092195,1.4285939782857895,0.02125,0.008749918755459982,nan,nan,nan,nan,nan,nan,nan,nan,nan,nan,7104,-0.0008308369328500654,0.06706415042281151,1.3312487602233887,0.023632106464356185,0.058604102581739426,0.058604102581739426,0.2197364054620266,0.0018506813736166804,0.010896875127218663,0.8836818933486938,1.0,0.006812499999999999,0.000455625,4,0.25,0.25,0.15625,0.02125,3.687031075954437,2.312571243047714,0.015625,0.8955804020166397
222,713600,-343.55101442337036,-3.4355100241303442,-343.55101442337036,-3.4355100241303442,0.0,343.55101442337036,3.4355100241303442,393.5275368690491,3.935275560319424,1.280671306848526,0.016875,0.007399137240568958,nan,nan,nan,nan,nan,nan,nan,nan,nan,nan,7136,-0.000976567314373078,0.0499321348965168,1.3464056372642517,0.014836530946195126,0.06418514661490918,0.06418514661490918,0.1745859168469906,0.002332835915876785,0.016278124948439655,0.8787893056869507,1.0,0.006798076923076922,0.0004545192307692308,4,0.25,0.25,0.1875,0.016875,3.1892223060131073,1.8653997838497163,0.0134375,0.9125893265008926
223,716800,-381.96550357341766,-3.819654783010483,-381.96550357341766,-3.819654783010483,0.0,381.96550357341766,3.819654783010483,355.11304771900177,3.5511308014392853,1.875023603439331,0.05375,0.018695498685889045,nan,nan,nan,nan,nan,nan,nan,nan,nan,nan,7168,-0.0018720209585037172,0.10215563103556632,1.3012285947799682,0.04037871025502682,0.14516540989279747,0.14516540989279747,0.24805114716291427,0.0034522699890658258,0.0351781245903112,0.8653407096862793,1.0,0.0067836538461538455,0.00045341346153846153,4,0.25,0.25,0.25,0.05375,2.8588338136672973,3.4954883670806884,0.036875,0.8739732539653778
224,720000,-224.80938631296158,-2.2480939003825187,-224.80938631296158,-2.2480939003825187,0.0,224.80938631296158,2.2480939003825187,512.2691649794579,5.12269168406725,1.3197371065616608,0.0859375,0.037046223797048056,nan,nan,nan,nan,nan,nan,nan,nan,nan,nan,7200,-0.0007832880097339512,0.11343396604061126,1.2999448895454406,0.04713406786322594,0.05511947311460972,0.05511947311460972,0.23198035061359407,0.0014314581239887048,0.007415625068097143,0.8355498313903809,1.0,0.006769230769230769,0.0004523076923076923,4,0.25,0.25,0.3125,0.0859375,3.509141811132431,1.7307359874248505,0.0603125,0.9109821856021881
225,723200,-377.04083836078644,-3.770408670306206,-377.04083836078644,-3.770408670306206,0.0,377.04083836078644,3.770408670306206,360.037712931633,3.6003769141435624,1.632974212169647,0.02375,0.009020217475061904,nan,nan,nan,nan,nan,nan,nan,nan,nan,nan,7232,-0.0007578704989602336,0.058693187311291695,1.3139450430870057,0.019713277369737624,0.08883445523679256,0.08883445523679256,0.19220551177859307,0.0023419871547957884,0.01479999983275775,0.8879690766334534,1.0,0.006754807692307692,0.0004512019230769231,4,0.25,0.25,0.125,0.02375,4.08525351524353,1.8840942281484603,0.015625,0.9187946838140487
226,726400,-352.87881684303284,-3.5287882128357886,-352.87881684303284,-3.5287882128357886,0.0,352.87881684303284,3.5287882128357886,384.1997344493866,3.8419973716139797,1.777628093957901,0.040625,0.014625788127780844,nan,nan,nan,nan,nan,nan,nan,nan,nan,nan,7264,-0.0009706493098056157,0.07770442068576813,1.3055415868759155,0.029081708565354348,0.0752913475036621,0.0752913475036621,0.20538257509469987,0.0021686714520910756,0.015009375056251884,0.854390025138855,1.0,0.006740384615384615,0.00045009615384615384,4,0.25,0.25,0.25,0.040625,4.0858668768405915,2.1085090363025665,0.0328125,0.935714328289032
227,729600,-454.16822838783264,-4.541682260036469,-454.16822838783264,-4.541682260036469,0.0,454.16822838783264,4.541682260036469,282.9103229045868,2.8291033244132997,1.7255753427743912,0.02375,0.008713756551607424,nan,nan,nan,nan,nan,nan,nan,nan,nan,nan,7296,-0.0011316787553251827,0.05510527938604355,1.3428085565567016,0.017389282677322628,0.08144711330533028,0.08144711330533028,0.2118883401155472,0.002794167053070851,0.022384374774992465,0.8932688236236572,1.0,0.006725961538461538,0.00044899038461538465,4,0.25,0.25,0.15625,0.02375,4.67071409702301,2.6012067699432375,0.0146875,0.893080403804779
228,732800,-461.1533029079437,-4.611532933712006,-461.1533029079437,-4.611532933712006,0.0,461.1533029079437,4.611532933712006,275.9252483844757,2.7592526507377624,1.8442522311210632,0.024375,0.008569915049479486,nan,nan,nan,nan,nan,nan,nan,nan,nan,nan,7328,-0.0009099106319452766,0.06904927268624306,1.3414963126182555,0.024611221626400948,0.06990619115531445,0.06990619115531445,0.2263888858258724,0.0019717138275154866,0.012278125068405643,0.899429202079773,1.0,0.0067115384615384615,0.0004478846153846154,4,0.25,0.25,0.1875,0.024375,5.021070280075073,2.400145357847214,0.0175,0.9296875417232513
229,736000,-324.25560450553894,-3.242556115090847,-324.25560450553894,-3.242556115090847,0.0,324.25560450553894,3.242556115090847,412.8229467868805,4.128229469358921,1.4011682137846946,0.0396875,0.01652841303335638,nan,nan,nan,nan,nan,nan,nan,nan,nan,nan,7360,-0.0007223204021617136,0.06387191861867905,1.3290422677993774,0.02231288915500045,0.0429351095110178,0.0429351095110178,0.20824876204133033,0.0013929586479207502,0.0023968750028871,0.8897169232368469,1.0,0.006697115384615385,0.00044677884615384615,4,0.25,0.25,0.1875,0.0396875,3.2242150223255157,2.021151185631752,0.025625,0.9559375435113907
230,739200,-440.30952310562134,-4.403095313310623,-440.30952310562134,-4.403095313310623,0.0,440.30952310562134,4.403095313310623,296.7690281867981,2.967690271139145,1.8071726590394974,0.00875,0.003117015254413992,nan,nan,nan,nan,nan,nan,nan,nan,nan,nan,7392,-0.0008605721453146531,0.065605528652668,1.339643931388855,0.0229897647164762,0.09097008258104325,0.09097008258104325,0.2418027140200138,0.0019249365679570474,0.012443750386592001,0.8935861587524414,1.0,0.006682692307692308,0.0004456730769230769,4,0.25,0.25,0.09375,0.00875,3.421031377315521,3.258692901134491,0.0046875,0.8605357521772384
231,742400,-440.7745141983032,-4.40774510383606,-440.7745141983032,-4.40774510383606,0.0,440.7745141983032,4.40774510383606,296.3040370941162,2.9630404806137083,2.1251826870441435,0.028125,0.00899947389206906,nan,nan,nan,nan,nan,nan,nan,nan,nan,nan,7424,-0.001030328792950641,0.08949901163578033,1.3309198498725892,0.034844244457781316,0.13122806549072266,0.13122806549072266,0.248272305727005,0.002253624849981861,0.016296874893305356,0.836364209651947,1.0,0.00666826923076923,0.0004445673076923077,4,0.25,0.25,0.21875,0.028125,4.15293815612793,3.0147057485580446,0.018125,0.9379911136627197
232,745600,-471.9021569490433,-4.719021250009536,-471.9021569490433,-4.719021250009536,0.0,471.9021569490433,4.719021250009536,265.17639434337616,2.651764334440232,2.1230155742168426,0.02125,0.006804320854316859,nan,nan,nan,nan,nan,nan,nan,nan,nan,nan,7456,-0.0009432182064280425,0.09494040459394455,1.3332751035690307,0.03765557650476694,0.1194551207125187,0.1194551207125187,0.2038446471095085,0.0021996426890837028,0.015268749801907688,0.8090682625770569,1.0,0.006653846153846153,0.00044346153846153846,4,0.25,0.25,0.21875,0.02125,5.21976114988327,2.969222207069397,0.0125,0.9398214703798294
233,748800,-410.4254341125488,-4.1042540943622585,-410.4254341125488,-4.1042540943622585,0.0,410.4254341125488,4.1042540943622585,326.6531171798706,3.2665314900875098,1.559159232378006,0.0365625,0.014286918741678149,nan,nan,nan,nan,nan,nan,nan,nan,nan,nan,7488,-0.0010362902078020874,0.07600826434791089,1.3384955525398254,0.028081004880368708,0.07256360687315463,0.07256360687315463,0.22846591025590895,0.0018233572234748862,0.013621874974342063,0.8475491404533386,1.0,0.006639423076923077,0.0004423557692307692,4,0.25,0.25,0.125,0.0365625,4.649088178873062,2.0758742898702622,0.0315625,0.9364286160469055
234,752000,-426.46637615561485,-4.264663743376732,-426.46637615561485,-4.264663743376732,0.0,426.46637615561485,4.264663743376732,310.6121751368046,3.106121841073036,1.9093534278869628,0.0378125,0.012996874026220623,nan,nan,nan,nan,nan,nan,nan,nan,nan,nan,7520,-0.0006290800600719848,0.07828989513218403,1.3223096489906312,0.029755566082894803,0.059097021073102954,0.059097021073102954,0.24543609321117402,0.001675809697189834,0.009199999831616878,0.8888078927993774,1.0,0.006625,0.00044125,4,0.25,0.25,0.3125,0.0378125,4.455475000143051,3.273529667854309,0.0203125,0.8856250423192978
235,755200,-298.112257540226,-2.9811226671934126,-298.112257540226,-2.9811226671934126,0.0,298.112257540226,2.9811226671934126,438.96629375219345,4.389662917256356,1.2454342371225358,0.0671875,0.02992182932335573,nan,nan,nan,nan,nan,nan,nan,nan,nan,nan,7552,-0.0012928350664907385,0.07687056213617324,1.3363499999046327,0.02830840237438679,0.14035399705171586,0.14035399705171586,0.22222355604171753,0.001971482636872679,0.015984375088009983,0.8693827390670776,1.0,0.006610576923076923,0.00044014423076923077,4,0.25,0.25,0.375,0.0671875,3.1241578578948976,1.8356663191318512,0.046875,0.8813839656114578
236,758400,-346.8506100177765,-3.4685060438513755,-346.8506100177765,-3.4685060438513755,0.0,346.8506100177765,3.4685060438513755,390.22794127464294,3.9022795405983928,1.6466411763429643,0.0646875,0.024441356304061933,nan,nan,nan,nan,nan,nan,nan,nan,nan,nan,7584,-0.0014928015049546772,0.07996166422963143,1.3105243682861327,0.029843610152602194,0.11190713606774808,0.11190713606774808,0.2430797591805458,0.0029134103839169256,0.025021875114180147,0.8792766332626343,1.0,0.006596153846153846,0.0004390384615384616,4,0.25,0.25,0.34375,0.0646875,3.8845524966716765,2.518757907152176,0.0459375,0.8977678960561752
237,761600,-377.37976375222206,-3.7737975054979325,-377.37976375222206,-3.7737975054979325,0.0,377.37976375222206,3.7737975054979325,359.6987875401974,3.596988078951836,1.1795528334379197,0.015625,0.00716890169409378,nan,nan,nan,nan,nan,nan,nan,nan,nan,nan,7616,-0.0012465972612379027,0.0588363841176033,1.330461311340332,0.019414857029914856,0.10631090700626374,0.10631090700626374,0.19779933467507363,0.0028832766343839466,0.01996249994263053,0.9098501801490784,1.0,0.006581730769230769,0.00043793269230769233,4,0.25,0.25,0.1875,0.015625,4.622103011608123,1.9406419956684113,0.010625,0.8773661172389984
238,764800,-373.58263087272644,-3.7358264756202697,-373.58263087272644,-3.7358264756202697,0.0,373.58263087272644,3.7358264756202697,363.495920419693,3.6349591088294986,1.4318070673942567,0.0228125,0.009380883996049973,nan,nan,nan,nan,nan,nan,nan,nan,nan,nan,7648,-0.0007570251818280304,0.054529303684830666,1.3083493947982787,0.01791529357433319,0.06443340629339218,0.06443340629339218,0.2340242549777031,0.002414640481583774,0.012665625111549162,0.8946800231933594,1.0,0.006567307692307692,0.0004368269230769231,4,0.25,0.25,0.21875,0.0228125,3.053146115541458,2.770270278453827,0.014375,0.9433036136627198
239,768000,-353.3247230052948,-3.5332471567392347,-353.3247230052948,-3.5332471567392347,0.0,353.3247230052948,3.5332471567392347,383.75382828712463,3.8375384277105336,1.252934073805809,0.016875,0.007490232491132599,nan,nan,nan,nan,nan,nan,nan,nan,nan,nan,7680,-0.0007748937143114531,0.04759211353957653,1.327646803855896,0.014321246556937695,0.0628511019051075,0.0628511019051075,0.1915263682603836,0.0013700276205781848,0.009834374987258343,0.9000768065452576,1.0,0.006552884615384615,0.00043572115384615383,4,0.25,0.25,0.125,0.016875,4.5513184142112735,1.4265749907493592,0.0134375,0.9362500411272049
240,771200,-415.35563123226166,-4.1535566294193265,-415.35563123226166,-4.1535566294193265,0.0,415.35563123226166,4.1535566294193265,321.7229200601578,3.217228955030442,1.8160757505893708,0.0275,0.00976536231109713,-308.5962994247675,-3.0859629942476747,-308.5962994247675,-3.0859629942476747,100.0,1.27356405261904,0.08,0.03518704472295105,308.5962994247675,315.97978661954403,7712,-0.0010306183223263155,0.06871564723551274,1.3267964124679565,0.024651998840272426,0.08662784174084663,0.08662784174084663,0.20810932964086531,0.0025024970796948764,0.018068749891244806,0.8491597771644592,1.0,0.006538461538461538,0.0004346153846153846,4,0.25,0.25,0.15625,0.0275,4.877144490480423,2.3229366540908813,0.0215625,0.9137500429153442
241,774400,-361.4393309354782,-3.6143933147192002,-361.4393309354782,-3.6143933147192002,0.0,361.4393309354782,3.6143933147192002,375.6392203569412,3.756392269730568,1.5291569000482559,0.026875,0.01062607068762212,nan,nan,nan,nan,nan,nan,nan,nan,nan,nan,7744,-0.0010610886060982594,0.04024527370929718,1.3333314180374145,0.010362842585891485,0.08057844564318657,0.08057844564318657,0.1579662926495075,0.002431854471069528,0.01601562527939677,0.9024722576141357,1.0,0.006524038461538461,0.0004335096153846154,4,0.25,0.25,0.21875,0.026875,3.15648500084877,2.278963632583618,0.0190625,0.877142899632454
242,777600,-412.7685658931732,-4.127685644030571,-412.7685658931732,-4.127685644030571,0.0,412.7685658931732,4.127685644030571,324.3099853992462,3.2430999404191976,1.922774733901024,0.023125,0.007912002157325033,nan,nan,nan,nan,nan,nan,nan,nan,nan,nan,7776,-0.0006037138382875007,0.052973547950387,1.3322711825370788,0.017210486810654402,0.07078861594200134,0.07078861594200134,0.19799679964780809,0.0014869241946144029,0.007234374980907887,0.8784763813018799,1.0,0.0065096153846153845,0.00043240384615384614,4,0.25,0.25,0.25,0.023125,3.7245973432064057,2.6318355190753935,0.01375,0.9297321820259095
243,780800,-409.91516587138176,-4.099152110517025,-409.91516587138176,-4.099152110517025,0.0,409.91516587138176,4.099152110517025,327.1633854210377,3.2716334739327433,1.7169390687346457,0.030625,0.011271875896084383,nan,nan,nan,nan,nan,nan,nan,nan,nan,nan,7808,-0.0008413382635975353,0.05594937354326248,1.3074702978134156,0.01864107744768262,0.0613707285374403,0.0613707285374403,0.201870296895504,0.0014950091535865795,0.00782187506556511,0.8971957564353943,1.0,0.006495192307692308,0.00043129807692307695,4,0.25,0.25,0.25,0.030625,3.8660612297058106,2.5319180154800414,0.0203125,0.9336161154508591
244,784000,-399.5986481308937,-3.9959864842891695,-399.5986481308937,-3.9959864842891695,0.0,399.5986481308937,3.9959864842891695,337.4799031615257,3.374799100160599,1.5600905242562293,0.0221875,0.00866668572450032,nan,nan,nan,nan,nan,nan,nan,nan,nan,nan,7840,-0.0008713762856379592,0.04865998961031437,1.3142186760902406,0.01494147051125765,0.058802907541394236,0.058802907541394236,0.16529860645532607,0.0019366294451174325,0.010556250053923577,0.8798601627349854,1.0,0.006480769230769231,0.0004301923076923077,4,0.25,0.25,0.125,0.0221875,3.828562831878662,1.8843913584947587,0.0153125,0.9051339763402939
245,787200,-404.2033624649048,-4.042033487558365,-404.2033624649048,-4.042033487558365,0.0,404.2033624649048,4.042033487558365,332.87518882751465,3.328752096891403,1.9096465039253234,0.0428125,0.014713986713589727,nan,nan,nan,nan,nan,nan,nan,nan,nan,nan,7872,-0.000983013517851905,0.09554893895983696,1.316377329826355,0.03827930372208357,0.08197362907230854,0.08197362907230854,0.2658913105726242,0.0016363341725082136,0.007137500075623393,0.8116164207458496,1.0,0.006466346153846154,0.00042908653846153845,4,0.25,0.25,0.3125,0.0428125,4.263774846792221,2.93564373254776,0.029375,0.8668303960561752
246,790400,-314.3952205181122,-3.1439523035287857,-314.3952205181122,-3.1439523035287857,0.0,314.3952205181122,3.1439523035287857,422.68333077430725,4.2268332809209825,1.458753133714199,0.0440625,0.017920668568071764,nan,nan,nan,nan,nan,nan,nan,nan,nan,nan,7904,-0.0009247419285994596,0.051229169592261314,1.318428063392639,0.0161834467202425,0.07923387624323368,0.07923387624323368,0.19964840710163118,0.0014363817761477548,0.007859375144471414,0.8939434289932251,1.0,0.006451923076923077,0.00042798076923076926,4,0.25,0.25,0.25,0.0440625,2.7303945273160934,2.2927305996418,0.02625,0.9023214703798295
247,793600,-351.31284642219543,-3.513128242641687,-351.31284642219543,-3.513128242641687,0.0,351.31284642219543,3.513128242641687,385.765704870224,3.857657341808081,1.742436146736145,0.0421875,0.015383220517352282,nan,nan,nan,nan,nan,nan,nan,nan,nan,nan,7936,-0.0016143972929800298,0.058943464607000354,1.306213641166687,0.019448584597557782,0.11240103095769882,0.11240103095769882,0.1925980903208256,0.002671793235640507,0.021096875006332994,0.8889268636703491,1.0,0.0064375000000000005,0.000426875,4,0.25,0.25,0.25,0.0421875,3.9007717978954317,2.1394144570827485,0.028125,0.8448661094903946
248,796800,-372.8273878842592,-3.728273819088936,-372.8273878842592,-3.728273819088936,0.0,372.8273878842592,3.728273819088936,364.2511634081602,3.6425117653608323,1.616247969865799,0.0375,0.014333503716745768,nan,nan,nan,nan,nan,nan,nan,nan,nan,nan,7968,-0.0011258903718553536,0.05410723723471165,1.3173113703727721,0.017466536443680524,0.11260823272168637,0.11260823272168637,0.1957048550248146,0.002086592439445667,0.015153124975040556,0.8679615259170532,1.0,0.006423076923076924,0.0004257692307692308,4,0.25,0.25,0.25,0.0375,3.6405128192901612,2.440953871011734,0.025625,0.9265178978443146
249,800000,-350.48881051689386,-3.5048879750072954,-350.48881051689386,-3.5048879750072954,0.0,350.48881051689386,3.5048879750072954,386.58974077552557,3.865897609442473,1.4955915346741677,0.025,0.01001766501153967,nan,nan,nan,nan,nan,nan,nan,nan,nan,nan,8000,-0.0008081406577315597,0.042974090576171874,1.305401873588562,0.01231303634122014,0.05390309616923332,0.05390309616923332,0.17913974821567535,0.001670126749377232,0.008771874970625504,0.9130892157554626,1.0,0.006408653846153845,0.0004246634615384615,4,0.25,0.25,0.3125,0.025,3.227432874441147,2.165859043598175,0.0178125,0.9293304020166397
250,803200,-422.1245265007019,-4.221245251893997,-422.1245265007019,-4.221245251893997,0.0,422.1245265007019,4.221245251893997,314.95402479171753,3.1495403325557714,1.5390093642473222,0.0234375,0.00923096240999802,nan,nan,nan,nan,nan,nan,nan,nan,nan,nan,8032,-0.0011829347226535946,0.04175995551049709,1.3078459739685058,0.011334373988211155,0.0905316811054945,0.0905316811054945,0.17958370894193648,0.0019180190196493641,0.013331249891780316,0.9181544184684753,1.0,0.006394230769230768,0.0004235576923076923,4,0.25,0.25,0.125,0.0234375,3.760572981834412,3.2209610891342164,0.0171875,0.9053125405311584
251,806400,-333.20220443606377,-3.332021728605032,-333.20220443606377,-3.332021728605032,0.0,333.20220443606377,3.332021728605032,403.87634685635567,4.038763855844737,1.3849632507562637,0.0565625,0.023716298346343166,nan,nan,nan,nan,nan,nan,nan,nan,nan,nan,8064,-0.0015829837247263612,0.064537313580513,1.3144275426864624,0.02229987792670727,0.14890922158956527,0.14890922158956527,0.22383671253919601,0.0030372325985808858,0.026159374925191513,0.8604094982147217,1.0,0.006379807692307692,0.00042245192307692307,4,0.25,0.25,0.34375,0.0565625,3.0148516392707823,1.9186972653865815,0.0375,0.9411161148548126
252,809600,-334.3918834924698,-3.3439186710119246,-334.3918834924698,-3.3439186710119246,0.0,334.3918834924698,3.3439186710119246,402.68666779994965,4.026866913437844,1.413265315592289,0.0428125,0.017740486188313077,nan,nan,nan,nan,nan,nan,nan,nan,nan,nan,8096,-0.0009474595724489277,0.04874844625592232,1.3105793833732604,0.015084422193467617,0.11462202109396458,0.11462202109396458,0.1626342184841633,0.002130809144000523,0.013734375359490514,0.9119692444801331,1.0,0.006365384615384615,0.0004213461538461538,4,0.25,0.25,0.34375,0.0428125,3.930358883142471,1.9735220551490784,0.03125,0.9145536160469055
253,812800,-414.42979285493493,-4.144297861456871,-414.42979285493493,-4.144297861456871,0.0,414.42979285493493,4.144297861456871,322.6487584374845,3.226487722992897,2.0430509197711944,0.035625,0.011707000947154255,nan,nan,nan,nan,nan,nan,nan,nan,nan,nan,8128,-0.0007975484600290627,0.07163620628416538,1.3108749985694885,0.026695238426327705,0.12340525239706039,0.12340525239706039,0.2262664556503296,0.001962094577902462,0.015468750055879355,0.8670680522918701,1.0,0.006350961538461538,0.00042024038461538463,4,0.25,0.25,0.25,0.035625,3.956181708574295,3.034632840156555,0.024375,0.9375893270969391
254,816000,-358.87104550004005,-3.5887106201052665,-358.87104550004005,-3.5887106201052665,0.0,358.87104550004005,3.5887106201052665,378.2075057923794,3.7820749643445017,1.5094976913928986,0.073125,0.02913929757768054,nan,nan,nan,nan,nan,nan,nan,nan,nan,nan,8160,-0.0010016480448772568,0.08433425053954124,1.3351058959960938,0.03270552661269903,0.10265473797917365,0.10265473797917365,0.26494491547346116,0.002121163209085353,0.016324999975040555,0.8027316331863403,1.0,0.006336538461538461,0.0004191346153846154,4,0.25,0.25,0.375,0.073125,4.257842848300934,2.940730298757553,0.046875,0.9265625441074371
255,819200,-302.5828068256378,-3.025828038752079,-302.5828068256378,-3.025828038752079,0.0,302.5828068256378,3.025828038752079,434.4957444667816,4.344957545697689,1.3983652850985526,0.04125,0.017199214922052612,nan,nan,nan,nan,nan,nan,nan,nan,nan,nan,8192,-0.0007039859725045617,0.0431711133569479,1.3041926741600036,0.012636314425617457,0.06449630744755268,0.06449630744755268,0.1816798374056816,0.0015372295609267894,0.007187499961219146,0.9017196893692017,1.0,0.006322115384615384,0.0004180288461538462,4,0.25,0.25,0.21875,0.04125,4.3668174338340755,1.522421906888485,0.0246875,0.9377232569456101
256,822400,-391.435289144516,-3.9143528440594673,-391.435289144516,-3.9143528440594673,0.0,391.435289144516,3.9143528440594673,345.64326214790344,3.456432740390301,1.455225164592266,0.031875,0.012982516006955888,nan,nan,nan,nan,nan,nan,nan,nan,nan,nan,8224,-0.001015842683363033,0.04185542427003384,1.3181750893592834,0.01159722674638033,0.10492100305855274,0.10492100305855274,0.1916883908212185,0.0017777141438273247,0.009828124870546162,0.9016351699829102,1.0,0.0063076923076923076,0.00041692307692307694,4,0.25,0.25,0.3125,0.031875,3.7014087331295014,2.150795347094536,0.0171875,0.8929018318653107
257,825600,-495.0672469139099,-4.950672249794007,-495.0672469139099,-4.950672249794007,0.0,495.0672469139099,4.950672249794007,242.01130437850952,2.4201133346557615,1.8728434205055238,0.0025,0.0008702179806096373,nan,nan,nan,nan,nan,nan,nan,nan,nan,nan,8256,-0.0007428028897383144,0.04700941666960716,1.3358297944068909,0.014355168491601945,0.09168829843401909,0.09168829843401909,0.19076634868979453,0.0015628322857082822,0.010681249876506626,0.9023915529251099,1.0,0.006293269230769231,0.0004158173076923077,4,0.25,0.25,0.09375,0.0025,3.792537747621536,3.71560063123703,0.0015625,0.915312541127205
258,828800,-370.70398700237274,-3.7070399749279024,-370.70398700237274,-3.7070399749279024,0.0,370.70398700237274,3.7070399749279024,366.3745642900467,3.663745609521866,1.4475366878509521,0.01625,0.006639328464681049,nan,nan,nan,nan,nan,nan,nan,nan,nan,nan,8288,-0.0005581779824642474,0.035608241148293016,1.321341049671173,0.008949445653706789,0.0546982254832983,0.0546982254832983,0.1699385479092598,0.0015414285961014684,0.005037500112666749,0.9088855385780334,1.0,0.006278846153846154,0.0004147115384615385,4,0.25,0.25,0.125,0.01625,3.6958330917358397,1.8741651606559753,0.0115625,0.8925893270969391
259,832000,-507.27815067768097,-5.072781710624695,-507.27815067768097,-5.072781710624695,0.0,507.27815067768097,5.072781710624695,229.80040061473846,2.298003873825073,2.4259465730190275,0.0259375,0.007570900318256639,nan,nan,nan,nan,nan,nan,nan,nan,nan,nan,8320,-0.0012768862975296002,0.0649393655359745,1.315133810043335,0.02295424174517393,0.15217260792851448,0.15217260792851448,0.20647652298212052,0.0023679084813920783,0.018903124891221524,0.8948670029640198,1.0,0.006264423076923076,0.00041360576923076925,4,0.25,0.25,0.34375,0.0259375,5.6611317133903505,3.0482040679454805,0.0178125,0.9275893259048462
260,835200,-342.7604593038559,-3.4276046629250048,-342.7604593038559,-3.4276046629250048,0.0,342.7604593038559,3.4276046629250048,394.31809198856354,3.9431809215247635,1.6116488179564477,0.04375,0.016751869431753583,-207.84332345426083,-2.0784332345426084,-207.84332345426083,-2.0784332345426084,100.0,1.1799173419177533,0.14,0.06422261858646296,207.84332345426083,416.7327625900507,8352,-0.001248499030037742,0.055564853549003604,1.3034451007843018,0.018387395795434712,0.15748148858547212,0.15748148858547212,0.20381128266453744,0.002936659654369578,0.026131249917671084,0.8807597756385803,1.0,0.0062499999999999995,0.0004125,4,0.25,0.25,0.40625,0.04375,3.555449447631836,2.085330165028572,0.031875,0.879598258137703
261,838400,-393.61354088783264,-3.9361354368925094,-393.61354088783264,-3.9361354368925094,0.0,393.61354088783264,3.9361354368925094,343.4650104045868,3.434650147557259,1.1886439716815949,0.0253125,0.011565380357661243,nan,nan,nan,nan,nan,nan,nan,nan,nan,nan,8384,-0.000862945905985546,0.03309674244374037,1.3210574388504028,0.007447870168834925,0.061171145364642146,0.061171145364642146,0.1636170156300068,0.0018417226390738505,0.007262499960779678,0.9226160049438477,1.0,0.006235576923076923,0.00041139423076923075,4,0.25,0.25,0.1875,0.0253125,3.3061428833007813,2.8329604768753054,0.0184375,0.8708482563495636
262,841600,-430.0200865268707,-4.300201166868209,-430.0200865268707,-4.300201166868209,0.0,430.0200865268707,4.300201166868209,307.0584647655487,3.070584417581559,1.861406111717224,0.0509375,0.01780156259239648,nan,nan,nan,nan,nan,nan,nan,nan,nan,nan,8416,-0.00110990279900145,0.06339669041335583,1.2967934370040894,0.022520891577005386,0.10842900685966014,0.10842900685966014,0.19057966023683548,0.0028551577881444244,0.024128124653361737,0.9053183794021606,1.0,0.006221153846153846,0.00041028846153846156,4,0.25,0.25,0.25,0.0509375,4.4909474670886995,3.564376814365387,0.035,0.8896875458955765
263,844800,-229.32100823521614,-2.293210070133209,-229.32100823521614,-2.293210070133209,0.0,229.32100823521614,2.293210070133209,507.7575430572033,5.077575514316559,1.4340234249830246,0.10625,0.04365200388354562,nan,nan,nan,nan,nan,nan,nan,nan,nan,nan,8448,-0.0008599831346888465,0.06077992543578148,1.2869368195533752,0.02154230894520879,0.09432371146976948,0.09432371146976948,0.19385018423199654,0.002038327298214426,0.01082499991171062,0.9038273692131042,1.0,0.006206730769230769,0.0004091826923076923,4,0.25,0.25,0.4375,0.10625,3.5781065571308135,1.7137024742364884,0.0821875,0.9448661148548126
264,848000,-305.7127197980881,-3.05712705463171,-305.7127197980881,-3.05712705463171,0.0,305.7127197980881,3.05712705463171,431.36583149433136,4.313658529818058,1.2478676864504814,0.060625,0.02697000377977341,nan,nan,nan,nan,nan,nan,nan,nan,nan,nan,8480,-0.0010702657419780826,0.06769315116107463,1.288051438331604,0.024800298362970354,0.09915907979011536,0.09915907979011536,0.22836875841021537,0.0016243224035861203,0.009109375008847564,0.8772721290588379,1.0,0.006192307692307692,0.0004080769230769231,4,0.25,0.25,0.21875,0.060625,3.445289700627327,2.237887226343155,0.0409375,0.8574553960561753
265,851200,-296.3134554028511,-2.9631343477964402,-296.3134554028511,-2.9631343477964402,0.0,296.3134554028511,2.9631343477964402,440.76509588956833,4.407651236653328,1.0999950674176215,0.051875,0.0247024389746739,nan,nan,nan,nan,nan,nan,nan,nan,nan,nan,8512,-0.000713656159804632,0.041818469762802124,1.3012981176376344,0.012156309187412262,0.09463610611855984,0.09463610611855984,0.18979719132184983,0.001840372038714122,0.013193750008940696,0.9164898991584778,1.0,0.006177884615384615,0.00040697115384615386,4,0.25,0.25,0.25,0.051875,3.4348737490177155,1.7661964511871338,0.03625,0.899955398440361
266,854400,-296.35323679447174,-2.96353250592947,-296.35323679447174,-2.96353250592947,0.0,296.35323679447174,2.96353250592947,440.7253144979477,4.407253078520299,1.1513136875629426,0.060625,0.02818045566784702,nan,nan,nan,nan,nan,nan,nan,nan,nan,nan,8544,-0.0006522075307323405,0.04269675575196743,1.2728945732116699,0.012850733287632466,0.08163766078650951,0.08163766078650951,0.19144262373447418,0.001446743990527466,0.006187499893349014,0.904752790927887,1.0,0.006163461538461538,0.0004058653846153846,4,0.25,0.25,0.40625,0.060625,3.4708451294898985,1.8319506561756134,0.04,0.9174107617139816
267,857600,-345.5653218328953,-3.4556531620025637,-345.5653218328953,-3.4556531620025637,0.0,345.5653218328953,3.4556531620025637,391.51322945952415,3.9151324224472046,1.2614841684699059,0.0459375,0.020312987656721373,nan,nan,nan,nan,nan,nan,nan,nan,nan,nan,8576,-0.0008670514224970339,0.03514327593147755,1.2822012305259705,0.008820281643420459,0.11152327507734298,0.11152327507734298,0.17612953707575799,0.0016292077329126188,0.009687499888241292,0.9427908062934875,1.0,0.006149038461538461,0.0004047596153846154,4,0.25,0.25,0.34375,0.0459375,3.5624160492420196,2.495938341617584,0.030625,0.9366964715719223
268,860800,-315.0555943697691,-3.1505559752881527,-315.0555943697691,-3.1505559752881527,0.0,315.0555943697691,3.1505559752881527,422.02295692265034,4.220229609161615,1.1633687844872476,0.0421875,0.01950083605833256,nan,nan,nan,nan,nan,nan,nan,nan,nan,nan,8608,-0.0008595817686873452,0.03413574267178774,1.2865039706230164,0.008316082879900932,0.10232406035065651,0.10232406035065651,0.1716439612209797,0.0019099016004474833,0.012040625023655594,0.9318121075630188,1.0,0.006134615384615384,0.0004036538461538462,4,0.25,0.25,0.34375,0.0421875,3.7084883868694307,1.4009140515327454,0.0309375,0.9053125447034835
269,864000,-260.72444501519203,-2.607244452536106,-260.72444501519203,-2.607244452536106,0.0,260.72444501519203,2.607244452536106,476.3541062772274,4.763541131913662,1.148837569952011,0.099375,0.04624593379676403,nan,nan,nan,nan,nan,nan,nan,nan,nan,nan,8640,-0.000981504495372043,0.047289122641086576,1.2616618633270265,0.01494144331663847,0.08190133087337018,0.08190133087337018,0.18198501244187354,0.0018155251338612289,0.008646875154227018,0.9330500364303589,1.0,0.006120192307692307,0.0004025480769230769,4,0.25,0.25,0.5,0.099375,3.476050285100937,1.8003416687250138,0.0740625,0.9083929020166397
270,867200,-283.13630068302155,-2.831363147944212,-283.13630068302155,-2.831363147944212,0.0,283.13630068302155,2.831363147944212,453.9422506093979,4.539422436505556,1.1337077111005782,0.0821875,0.03851863100668424,nan,nan,nan,nan,nan,nan,nan,nan,nan,nan,8672,-0.0010408317158114855,0.04729492925107479,1.276591169834137,0.014812061470001936,0.06234186850488186,0.06234186850488186,0.19464804083108903,0.0016259570853435434,0.011787499766796827,0.9256018400192261,1.0,0.006105769230769231,0.0004014423076923077,4,0.25,0.25,0.375,0.0821875,3.685418710708618,1.6894300031661986,0.0571875,0.9234375405311585
271,870400,-431.6003872156143,-4.316003705263138,-431.6003872156143,-4.316003705263138,0.0,431.6003872156143,4.316003705263138,305.4781640768051,3.0547818791866304,1.507934752702713,0.0340625,0.013581892416974583,nan,nan,nan,nan,nan,nan,nan,nan,nan,nan,8704,-0.0007447932075068775,0.04680633768439293,1.2866767644882202,0.014820782095193863,0.06917832344770432,0.06917832344770432,0.19558990970253945,0.0011954293004237115,0.004499999998370185,0.9310392141342163,1.0,0.006091346153846154,0.0004003365384615385,4,0.25,0.25,0.1875,0.0340625,4.58530459523201,2.419735778570175,0.02375,0.9120089727640152
272,873600,-279.7820068001747,-2.797820095568895,-279.7820068001747,-2.797820095568895,0.0,279.7820068001747,2.797820095568895,457.2965444922447,4.5729654888808735,1.5303212463855744,0.1009375,0.03989117988246896,nan,nan,nan,nan,nan,nan,nan,nan,nan,nan,8736,-0.000635754332266547,0.06859223805367946,1.2713105916976928,0.02593470849096775,0.08659358769655227,0.08659358769655227,0.21518722474575042,0.0016144532040925697,0.009103125100955367,0.8951997756958008,1.0,0.006076923076923077,0.00039923076923076924,4,0.25,0.25,0.40625,0.1009375,3.6549869322776796,2.5327711951732637,0.0721875,0.9252232563495636
273,876800,-333.96018955111504,-3.3396018117666246,-333.96018955111504,-3.3396018117666246,0.0,333.96018955111504,3.3396018117666246,403.1183617413044,4.031183772683144,1.4373822045326232,0.0590625,0.024231940271889137,nan,nan,nan,nan,nan,nan,nan,nan,nan,nan,8768,-0.0010415542379603516,0.04805157519876957,1.3048396587371827,0.015073642693459987,0.0995999202132225,0.0995999202132225,0.21919941902160645,0.002043637850147206,0.015609374803898391,0.9139323234558105,1.0,0.0060625,0.000398125,4,0.25,0.25,0.4375,0.0590625,2.8577994221448897,2.3235541725158693,0.039375,0.8787053942680358
274,880000,-487.4111340045929,-4.874111359119415,-487.4111340045929,-4.874111359119415,0.0,487.4111340045929,4.874111359119415,249.66741728782654,2.496674225330353,1.7534422445297242,0.0059375,0.0021563916990799633,nan,nan,nan,nan,nan,nan,nan,nan,nan,nan,8800,-0.000775766118732335,0.043201154097914696,1.2909711837768554,0.013016918208450079,0.06039883382618427,0.06039883382618427,0.17008429020643234,0.0022094141342677174,0.010371874971315264,0.9236350059509277,1.0,0.0060480769230769225,0.0003970192307692308,4,0.25,0.25,0.1875,0.0059375,4.439928712844849,2.6817967879772184,0.0040625,0.8997768270969391
275,883200,-342.5262431502342,-3.42526236847043,-342.5262431502342,-3.42526236847043,0.0,342.5262431502342,3.42526236847043,394.5523081421852,3.945523215979338,1.4044436213374139,0.05,0.02079483151789964,nan,nan,nan,nan,nan,nan,nan,nan,nan,nan,8832,-0.0009195646806911207,0.045474715158343317,1.2638198852539062,0.01419234173372388,0.054506202787160875,0.054506202787160875,0.19785020649433135,0.0015738114969281014,0.010315625043222098,0.8942208290100098,1.0,0.006033653846153846,0.00039591346153846154,4,0.25,0.25,0.40625,0.05,3.648924213051796,2.3517829215526582,0.0353125,0.8806696832180023
276,886400,-337.39104801416397,-3.3739103880524635,-337.39104801416397,-3.3739103880524635,0.0,337.39104801416397,3.3739103880524635,399.68750327825546,3.996875196397305,1.332311214506626,0.0434375,0.018624229789671834,nan,nan,nan,nan,nan,nan,nan,nan,nan,nan,8864,-0.0012060512344701734,0.03247107714414597,1.2819724202156066,0.007312999106943607,0.09798974692821502,0.09798974692821502,0.16699837073683738,0.002282453020961839,0.016975000343518332,0.9340413808822632,1.0,0.006019230769230769,0.00039480769230769235,4,0.25,0.25,0.3125,0.0434375,3.3990122401714324,1.891679225564003,0.033125,0.8906250435113907
277,889600,-315.64230263233185,-3.156423074603081,-315.64230263233185,-3.156423074603081,0.0,315.64230263233185,3.156423074603081,421.4362486600876,4.214362509846687,1.266246344745159,0.0459375,0.02027030296442274,nan,nan,nan,nan,nan,nan,nan,nan,nan,nan,8896,-0.001111062395363116,0.0334505507722497,1.2869407176971435,0.007886381540447473,0.12112872153520585,0.12112872153520585,0.15692266970872878,0.0024238934522145426,0.01660000013653189,0.9325679540634155,1.0,0.006004807692307692,0.0003937019230769231,4,0.25,0.25,0.375,0.0459375,4.441127860546112,1.875314576625824,0.0315625,0.8812053996324539
278,892800,-391.742861866951,-3.9174288925528526,-391.742861866951,-3.9174288925528526,0.0,391.742861866951,3.9174288925528526,345.33568942546844,3.4533566918969156,1.5119229716062546,0.0740625,0.029484383413493204,nan,nan,nan,nan,nan,nan,nan,nan,nan,nan,8928,-0.0009050448677502487,0.041582302376627925,1.2967870116233826,0.012117853481322527,0.0764838270843029,0.0764838270843029,0.1714820832014084,0.001820984338701237,0.009515624883351847,0.9424080848693848,1.0,0.005990384615384615,0.00039259615384615385,4,0.25,0.25,0.375,0.0740625,3.323448156118393,3.070362832546234,0.0528125,0.9006696850061416
279,896000,-287.7635929584503,-2.877635991573334,-287.7635929584503,-2.877635991573334,0.0,287.7635929584503,2.877635991573334,449.3149583339691,4.493149592876435,1.1993680423498154,0.0775,0.03523739479145956,nan,nan,nan,nan,nan,nan,nan,nan,nan,nan,8960,-0.0008111818488220734,0.04346257075667381,1.2600174069404602,0.013390287663787604,0.10518434569239617,0.10518434569239617,0.17077555730938912,0.0020342850984889083,0.016824999713571744,0.9220180511474609,1.0,0.005975961538461538,0.0003914903846153846,4,0.25,0.25,0.40625,0.0775,3.784355278015137,2.146971868276596,0.0559375,0.8861161118745804
280,899200,-296.60079422593117,-2.9660079039633276,-296.60079422593117,-2.9660079039633276,0.0,296.60079422593117,2.9660079039633276,440.47775706648827,4.404777680486441,1.08679572224617,0.070625,0.033843753486316894,-193.99588999152184,-1.9399588999152184,-193.99588999152184,-1.9399588999152184,100.0,0.9358500210195779,0.145,0.0749024967975727,193.99588999152184,430.5801960527897,8992,-0.0009150709496170695,0.04431777037680149,1.2751897692680358,0.013641721289604902,0.06530901268124581,0.06530901268124581,0.20557765811681747,0.001672569277434377,0.011071875015477416,0.9148273468017578,1.0,0.005961538461538461,0.00039038461538461536,4,0.25,0.25,0.40625,0.070625,2.966355420947075,1.709573576450348,0.05375,0.8937054020166397
281,902400,-254.4648517370224,-2.5446485456824304,-254.4648517370224,-2.5446485456824304,0.0,254.4648517370224,2.5446485456824304,482.61369955539703,4.826137038767338,1.227226002216339,0.0984375,0.04419735576993249,nan,nan,nan,nan,nan,nan,nan,nan,nan,nan,9024,-0.0007033955357735877,0.0441549576818943,1.2534096240997314,0.01391991153359413,0.04327867701649666,0.04327867701649666,0.17311047464609147,0.0008443476941465633,0.0025250000282539984,0.9295932650566101,1.0,0.005947115384615384,0.00038927884615384616,4,0.25,0.25,0.4375,0.0984375,3.8771889340877532,1.7959575939178467,0.0684375,0.9055804008245468
282,905600,-275.3441140949726,-2.753441237807274,-275.3441140949726,-2.753441237807274,0.0,275.3441140949726,2.753441237807274,461.7344371974468,4.617344346642494,1.2142652541399002,0.0778125,0.03514145374160475,nan,nan,nan,nan,nan,nan,nan,nan,nan,nan,9056,-0.0008954185926879354,0.03677136581391096,1.2803231120109557,0.009894500998780132,0.06550871804356576,0.06550871804356576,0.15122547149658203,0.0017495939646323677,0.009059375230572186,0.9339612126350403,1.0,0.005932692307692307,0.0003881730769230769,4,0.25,0.25,0.375,0.0778125,3.6135566747188568,1.6249821585416795,0.0553125,0.8922321844100952
283,908800,-332.0990638434887,-3.3209907306730746,-332.0990638434887,-3.3209907306730746,0.0,332.0990638434887,3.3209907306730746,404.97948744893074,4.049794853776694,1.44671437561512,0.044375,0.018136567325658447,nan,nan,nan,nan,nan,nan,nan,nan,nan,nan,9088,-0.0009139436011318836,0.037653497979044916,1.2786989092826844,0.010345121612772346,0.11269146203994751,0.11269146203994751,0.17211203947663306,0.0022619576935539953,0.016556250193389133,0.943657398223877,1.0,0.00591826923076923,0.0003870673076923077,4,0.25,0.25,0.40625,0.044375,4.761722204685211,1.7126677787303926,0.031875,0.9176786166429519
284,912000,-388.8893232345581,-3.8888932543993,-388.8893232345581,-3.8888932543993,0.0,388.8893232345581,3.8888932543993,348.1892280578613,3.4818923300504685,1.3117146036028862,0.0375,0.016221725615071587,nan,nan,nan,nan,nan,nan,nan,nan,nan,nan,9120,-0.0007845573838217934,0.03696407247334719,1.2545373439788818,0.010290883295238019,0.11868197917938232,0.11868197917938232,0.1808172270655632,0.0019501527916872875,0.014731249730903073,0.926135778427124,1.0,0.005903846153846154,0.0003859615384615385,4,0.25,0.25,0.25,0.0375,3.982481516599655,2.071843914985657,0.0240625,0.9016518306732177
285,915200,-199.28541940450668,-1.9928540587425232,-199.28541940450668,-1.9928540587425232,0.0,199.28541940450668,1.9928540587425232,537.7931318879128,5.377931525707245,1.30672681838274,0.1221875,0.05297007821917395,nan,nan,nan,nan,nan,nan,nan,nan,nan,nan,9152,-0.0008207403365755539,0.03951330315321684,1.2590903043746948,0.011520595429465175,0.09679855555295944,0.09679855555295944,0.16688304990530015,0.001589843355031917,0.008346875039569568,0.9122512340545654,1.0,0.005889423076923077,0.0003848557692307692,4,0.25,0.25,0.625,0.1221875,3.0384954661130905,2.5372566986083984,0.078125,0.9204018300771714
286,918400,-190.92750811576843,-1.9092751368880272,-190.92750811576843,-1.9092751368880272,0.0,190.92750811576843,1.9092751368880272,546.151043176651,5.461510447561741,1.1832948887348176,0.12,0.054962799857759016,nan,nan,nan,nan,nan,nan,nan,nan,nan,nan,9184,-0.0008277901449822878,0.03604123890399933,1.2751956701278686,0.009701054776087403,0.09697595946490764,0.09697595946490764,0.15048079192638397,0.0016100367094622925,0.008684375009033829,0.9429309368133545,1.0,0.005875,0.00038375000000000003,4,0.25,0.25,0.5,0.12,3.6182531023025515,1.6047778403759003,0.081875,0.885133969783783
287,921600,-297.35566514730453,-2.9735566425323485,-297.35566514730453,-2.9735566425323485,0.0,297.35566514730453,2.9735566425323485,439.7228861451149,4.39722894191742,1.0893923810124397,0.0878125,0.04202776883748826,nan,nan,nan,nan,nan,nan,nan,nan,nan,nan,9216,-0.0006699191910854996,0.03643575310707092,1.2712544798851013,0.010097672417759895,0.10887497514486313,0.10887497514486313,0.16898462995886804,0.0016840918964589947,0.00822499985806644,0.9382190704345703,1.0,0.005860576923076923,0.0003826442307692308,4,0.25,0.25,0.40625,0.0878125,3.333937028646469,1.703668298125267,0.0478125,0.8741071826219559
288,924800,-283.2733549773693,-2.832733537554741,-283.2733549773693,-2.832733537554741,0.0,283.2733549773693,2.832733537554741,453.8051963150501,4.538052046895027,1.2820390659570693,0.08125,0.03560412317741125,nan,nan,nan,nan,nan,nan,nan,nan,nan,nan,9248,-0.0010434767569415249,0.04254226312041283,1.2515136122703552,0.012911113770678639,0.11496579274535179,0.11496579274535179,0.18329651802778243,0.0022124540162622,0.013940624910173938,0.9356250166893005,1.0,0.0058461538461538455,0.00038153846153846153,4,0.25,0.25,0.5,0.08125,3.4361105763912203,2.189428547620773,0.0584375,0.9238393306732178
289,928000,-281.7503629922867,-2.817503317296505,-281.7503629922867,-2.817503317296505,0.0,281.7503629922867,2.817503317296505,455.32818830013275,4.553282267153263,1.411748358607292,0.0696875,0.028895012927568575,nan,nan,nan,nan,nan,nan,nan,nan,nan,nan,9280,-0.0006342321048213861,0.031338179111480714,1.2567964792251587,0.007705558929592371,0.11306088790297508,0.11306088790297508,0.17461603805422782,0.0014796988965827041,0.005396875026053749,0.9407209157943726,1.0,0.005831730769230769,0.0003804326923076923,4,0.25,0.25,0.40625,0.0696875,2.5949043917655943,2.6768918776512147,0.033125,0.8919643282890319
290,931200,-336.60938119888306,-3.3660938906669617,-336.60938119888306,-3.3660938906669617,0.0,336.60938119888306,3.3660938906669617,400.4691700935364,4.0046916937828065,1.583406645655632,0.075,0.029031434182505967,nan,nan,nan,nan,nan,nan,nan,nan,nan,nan,9312,-0.0005153501250664716,0.035760481096804145,1.2596418023109437,0.010037166718393564,0.06521554104983807,0.06521554104983807,0.16120506301522255,0.0010210033658950124,0.004300000006332993,0.9462465643882751,1.0,0.005817307692307692,0.0003793269230769231,4,0.25,0.25,0.40625,0.075,3.8967737269401552,2.1857216250896454,0.0525,0.8843750393390656
291,934400,-280.13024881854653,-2.801302604675293,-280.13024881854653,-2.801302604675293,0.0,280.13024881854653,2.801302604675293,456.9483024738729,4.569482979774476,1.5598356652259826,0.091875,0.03589097583414179,nan,nan,nan,nan,nan,nan,nan,nan,nan,nan,9344,-0.0012997179683413406,0.038704348355531694,1.2468753337860108,0.010816982481628656,0.07544629201292992,0.07544629201292992,0.1640990637242794,0.002129092196264537,0.012387499905526057,0.9431872963905334,1.0,0.005802884615384615,0.00037822115384615384,4,0.25,0.25,0.4375,0.091875,3.2510892617702485,2.498782252073288,0.064375,0.9375893235206604
292,937600,-242.09051004052162,-2.420904906988144,-242.09051004052162,-2.420904906988144,0.0,242.09051004052162,2.420904906988144,494.9880412518978,4.949880677461625,1.2338065648078917,0.0884375,0.03959049158207021,nan,nan,nan,nan,nan,nan,nan,nan,nan,nan,9376,-0.0009790662438026842,0.027891988307237624,1.245412039756775,0.005757907871156931,0.1943042740225792,0.1943042740225792,0.11969060376286507,0.002202277641481487,0.01572812529047951,0.9560003876686096,1.0,0.005788461538461538,0.0003771153846153846,4,0.25,0.25,0.375,0.0884375,2.540821316242218,1.6107001981139184,0.0621875,0.8875893265008926
293,940800,-244.10070896148682,-2.4410071462392806,-244.10070896148682,-2.4410071462392806,0.0,244.10070896148682,2.4410071462392806,492.9778423309326,4.929778438210487,1.2381842032074928,0.1171875,0.05235829107901894,nan,nan,nan,nan,nan,nan,nan,nan,nan,nan,9408,-0.0013089875914156224,0.03903515096753836,1.2353239059448242,0.011075780214741825,0.1564881570637226,0.1564881570637226,0.17212241739034653,0.0021236392523860557,0.015662499907193705,0.9409000873565674,1.0,0.0057740384615384615,0.0003760096153846154,4,0.25,0.25,0.40625,0.1171875,3.2700336235761642,1.872440808415413,0.0909375,0.9120982557535171
294,944000,-224.12971168756485,-2.241297137886286,-224.12971168756485,-2.241297137886286,0.0,224.12971168756485,2.241297137886286,512.9488396048546,5.1294884465634825,1.349947894513607,0.1496875,0.06369822086245974,nan,nan,nan,nan,nan,nan,nan,nan,nan,nan,9440,-0.0009190944544156032,0.045474208891391754,1.2379053354263305,0.014688151516020298,0.11661784648895264,0.11661784648895264,0.2099045157432556,0.0016140788655320648,0.010359374777181074,0.9195542931556702,1.0,0.005759615384615385,0.00037490384615384615,4,0.25,0.25,0.53125,0.1496875,3.186029832959175,1.9859139120578766,0.110625,0.9340179020166397
295,947200,-230.16729000210762,-2.3016728991270066,-230.16729000210762,-2.3016728991270066,0.0,230.16729000210762,2.3016728991270066,506.9112612903118,5.069112685322762,0.8765846806764602,0.0790625,0.04213105905324774,nan,nan,nan,nan,nan,nan,nan,nan,nan,nan,9472,-0.0006675346732590626,0.025741231814026832,1.253326165676117,0.005002481071278453,0.11875213161110879,0.11875213161110879,0.172074618935585,0.0019241660716943442,0.010843750298954546,0.9396184086799622,1.0,0.005745192307692308,0.00037379807692307696,4,0.25,0.25,0.5,0.0790625,2.7291195797920227,1.4179670453071593,0.055625,0.9726786106824875
296,950400,-183.55002480745316,-1.835500221848488,-183.55002480745316,-1.835500221848488,0.0,183.55002480745316,1.835500221848488,553.5285264849663,5.535285362601281,1.4815484380722046,0.170625,0.06875747310922949,nan,nan,nan,nan,nan,nan,nan,nan,nan,nan,9504,-0.0007620300470560614,0.04021874573081732,1.2239259123802184,0.012333305878564715,0.22768871635198593,0.22768871635198593,0.1780085563659668,0.002472477142873686,0.02147187494992977,0.9542269110679626,1.0,0.00573076923076923,0.0003726923076923077,4,0.25,0.25,0.53125,0.170625,3.4915144205093385,2.553110647201538,0.115,0.8737053990364074
297,953600,-268.0128228664398,-2.680128254890442,-268.0128228664398,-2.680128254890442,0.0,268.0128228664398,2.680128254890442,469.0657284259796,4.690657329559326,1.1238716977834702,0.1090625,0.05135079492505153,nan,nan,nan,nan,nan,nan,nan,nan,nan,nan,9536,-0.0013900285900570353,0.03154224473983049,1.226152276992798,0.0073719827458262445,0.14691153541207314,0.14691153541207314,0.14306639581918718,0.002524905453901738,0.020837499853223564,0.9604780077934265,1.0,0.0057163461538461535,0.00037158653846153846,4,0.25,0.25,0.53125,0.1090625,3.86125572681427,1.5803842562437058,0.0740625,0.9290625381469727
298,956800,-310.911409586668,-3.109113795906305,-310.911409586668,-3.109113795906305,0.0,310.911409586668,3.109113795906305,426.1671417057514,4.261671788543463,1.2721865430474282,0.0878125,0.03864669486257364,nan,nan,nan,nan,nan,nan,nan,nan,nan,nan,9568,-0.0012422614341485393,0.02770545557141304,1.234989619255066,0.005568650318309665,0.1208431899547577,0.1208431899547577,0.13490497693419456,0.0022580770528293215,0.016531250020489097,0.9519017934799194,1.0,0.005701923076923077,0.0003704807692307692,4,0.25,0.25,0.40625,0.0878125,3.883965631723404,2.1892224192619323,0.0640625,0.8912053978443146
299,960000,-198.21757519245148,-1.9821755868196487,-198.21757519245148,-1.9821755868196487,0.0,198.21757519245148,1.9821755868196487,538.860976099968,5.38860999763012,1.3649869418144227,0.1484375,0.06276461716364422,nan,nan,nan,nan,nan,nan,nan,nan,nan,nan,9600,-0.0010696539606433574,0.03988265544176102,1.2199653506278991,0.011933120945468546,0.15741340219974517,0.15741340219974517,0.16786501109600066,0.0021873528152354994,0.016162500064820052,0.9390985369682312,1.0,0.0056875,0.000369375,4,0.25,0.25,0.59375,0.1484375,2.9779471951723098,1.9048800891637803,0.10125,0.9139732563495636
300,963200,-189.1230946779251,-1.8912309031188488,-189.1230946779251,-1.8912309031188488,0.0,189.1230946779251,1.8912309031188488,547.9554566144943,5.479554681330919,1.0990612721443176,0.1403125,0.06684535695171125,-203.64134745299816,-2.0364134745299816,-203.64134745299816,-2.0364134745299816,100.0,0.9904574481397868,0.135,0.06782360513467213,203.64134745299816,420.93473859131336,9632,-0.0012438708890578688,0.030611361376941204,1.20365629196167,0.007233375078067183,0.1294044889509678,0.1294044889509678,0.14687950387597085,0.002661961417470593,0.024821875273482875,0.9426182508468628,1.0,0.005673076923076923,0.00036826923076923077,4,0.25,0.25,0.5625,0.1403125,3.0556378546357155,1.3021685591340064,0.1015625,0.9223214721679688
301,966400,-329.63636738061905,-3.2963635689020157,-329.63636738061905,-3.2963635689020157,0.0,329.63636738061905,3.2963635689020157,407.4421839118004,4.074422015547753,1.4989662966132165,0.0559375,0.022384255472276928,nan,nan,nan,nan,nan,nan,nan,nan,nan,nan,9664,-0.0005881283012626248,0.03608984276652336,1.2196890354156493,0.010554994782432913,0.1081904549151659,0.1081904549151659,0.1336604230105877,0.0017835646838648244,0.011340624919830589,0.9286941289901733,1.0,0.005658653846153845,0.0003671634615384615,4,0.25,0.25,0.375,0.0559375,4.165572562217712,2.4334576153755187,0.035625,0.8446428966522217
302,969600,-240.0683806836605,-2.400683543086052,-240.0683806836605,-2.400683543086052,0.0,240.0683806836605,2.400683543086052,497.0101706087589,4.970102041363717,1.2828634077310561,0.125,0.05475579466413973,nan,nan,nan,nan,nan,nan,nan,nan,nan,nan,9696,-0.0011269323505694207,0.030437977239489555,1.2297108173370361,0.007151285046711564,0.09868669360876084,0.09868669360876084,0.13868272081017494,0.002238519823004026,0.020346874991082585,0.9506234526634216,1.0,0.005644230769230769,0.00036605769230769233,4,0.25,0.25,0.46875,0.125,2.81554750084877,1.8559658712148666,0.0834375,0.8803125387430191
303,972800,-169.33159172534943,-1.693316070139408,-169.33159172534943,-1.693316070139408,0.0,169.33159172534943,1.693316070139408,567.74695956707,5.67746951431036,1.108464682996273,0.1446875,0.0686222070337878,nan,nan,nan,nan,nan,nan,nan,nan,nan,nan,9728,-0.0006717835148156049,0.03546533845365048,1.2092015147209167,0.010253313463181257,0.15284176990389825,0.15284176990389825,0.15670333579182624,0.0018490252943593078,0.014262499939650296,0.9487259387969971,1.0,0.005629807692307692,0.0003649519230769231,4,0.25,0.25,0.625,0.1446875,3.4357186591625215,1.3662028127908707,0.1134375,0.9309821826219559
304,976000,-179.27220833301544,-1.7927219632267952,-179.27220833301544,-1.7927219632267952,0.0,179.27220833301544,1.7927219632267952,557.806342959404,5.578063621222973,1.1506998771429062,0.135625,0.06306086750707905,nan,nan,nan,nan,nan,nan,nan,nan,nan,nan,9760,-0.0008345794448745391,0.02895762734115124,1.2235288619995117,0.006773648923262954,0.11181550323963166,0.11181550323963166,0.15154061168432237,0.0019328958936966957,0.01170937501010485,0.9481135010719299,1.0,0.005615384615384615,0.0003638461538461539,4,0.25,0.25,0.5625,0.135625,2.8546265095472334,1.4187151986360549,0.0890625,0.9116071856021881
305,979200,-351.51338693499565,-3.5151340568065645,-351.51338693499565,-3.5151340568065645,0.0,351.51338693499565,3.5151340568065645,385.5651643574238,3.8556515276432037,1.3489012956619262,0.073125,0.03113157633956398,nan,nan,nan,nan,nan,nan,nan,nan,nan,nan,9792,-0.0010807085963897122,0.027640187926590443,1.2086245656013488,0.00596992583014071,0.10459428168833255,0.10459428168833255,0.1330813944339752,0.0016349720302969218,0.007918750069438828,0.9716483950614929,1.0,0.005600961538461538,0.00036274038461538464,4,0.25,0.25,0.46875,0.073125,4.256492536067963,2.776765568256378,0.0534375,0.8804911088943481
306,982400,-114.87548431754112,-1.1487548193335533,-114.87548431754112,-1.1487548193335533,0.0,114.87548431754112,1.1487548193335533,622.2030669748783,6.222030765116215,1.0024872647225858,0.1615625,0.08068091260614436,nan,nan,nan,nan,nan,nan,nan,nan,nan,nan,9824,-0.0008986738393025106,0.027201216854155063,1.2166066884994506,0.005905314814299345,0.12181397527456284,0.12181397527456284,0.1571100950241089,0.001947304244094994,0.01262499986187322,0.9466538429260254,1.0,0.005586538461538461,0.0003616346153846154,4,0.25,0.25,0.65625,0.1615625,2.285037381052971,1.247438609302044,0.1053125,0.88272325694561
307,985600,-219.71787303686142,-2.1971788373589516,-219.71787303686142,-2.1971788373589516,0.0,219.71787303686142,2.1971788373589516,517.360678255558,5.173606747090817,1.4814969950914383,0.1265625,0.051002479652543925,nan,nan,nan,nan,nan,nan,nan,nan,nan,nan,9856,-0.0008011549956048469,0.043297577649354935,1.2325016617774964,0.013979991944506765,0.10035407692193984,0.10035407692193984,0.19807461202144622,0.0019560546323191376,0.01278749997727573,0.8718469738960266,1.0,0.0055721153846153846,0.0003605288461538462,4,0.25,0.25,0.53125,0.1265625,3.6557462084293366,2.084651000499725,0.07875,0.8833036160469055
308,988800,-218.71542882919312,-2.1871541517972948,-218.71542882919312,-2.1871541517972948,0.0,218.71542882919312,2.1871541517972948,518.3631224632263,5.183631432652474,1.1816275691986085,0.1128125,0.051710246786732784,nan,nan,nan,nan,nan,nan,nan,nan,nan,nan,9888,-0.0008226183519814967,0.027040056884288788,1.2234139800071717,0.005898051802068949,0.1404029071331024,0.1404029071331024,0.13492709770798683,0.002120069635566324,0.016043750382959843,0.946958601474762,1.0,0.005557692307692307,0.0003594230769230769,4,0.25,0.25,0.5625,0.1128125,2.8297573989629745,1.9665875214338302,0.0721875,0.8990625458955764
309,992000,-250.3597650229931,-2.5035977534204723,-250.3597650229931,-2.5035977534204723,0.0,250.3597650229931,2.5035977534204723,486.71878626942635,4.867187831029296,1.0118999043107033,0.1215625,0.06042174351693133,nan,nan,nan,nan,nan,nan,nan,nan,nan,nan,9920,-0.0009017665784224027,0.02783516589552164,1.2286911129951477,0.0062048508320003744,0.1580930732190609,0.1580930732190609,0.13314033374190332,0.0020079122594324874,0.011981249920427216,0.9469806551933289,1.0,0.00554326923076923,0.0003583173076923077,4,0.25,0.25,0.46875,0.1215625,2.770317875146866,2.3877687728405,0.078125,0.8853125393390655
310,995200,-299.91110679507256,-2.9991112050414084,-299.91110679507256,-2.9991112050414084,0.0,299.91110679507256,2.9991112050414084,437.1674444973469,4.3716743794083595,1.6413489934802055,0.10375,0.03927917145977003,nan,nan,nan,nan,nan,nan,nan,nan,nan,nan,9952,-0.0010793201135238738,0.029237441159784792,1.207620584964752,0.006862651789560914,0.0951855506747961,0.0951855506747961,0.12629230543971062,0.002188152175222058,0.011143749731127172,0.9465157389640808,1.0,0.005528846153846153,0.00035721153846153845,4,0.25,0.25,0.4375,0.10375,3.616684083342552,2.5199765479564666,0.074375,0.9279464703798294
311,998400,-261.8909918665886,-2.6189099736511707,-261.8909918665886,-2.6189099736511707,0.0,261.8909918665886,2.6189099736511707,475.18755942583084,4.7518756107985975,1.3392334127426146,0.10875,0.0464895890284403,nan,nan,nan,nan,nan,nan,nan,nan,nan,nan,9984,-0.0007603837794333046,0.026748199947178364,1.2002023696899413,0.005995292821899057,0.12731898874044417,0.12731898874044417,0.13055931329727172,0.0019442571006948127,0.011484375013969839,0.9423677921295166,1.0,0.0055144230769230765,0.00035610576923076926,4,0.25,0.25,0.40625,0.10875,3.3384598594903947,2.011792469024658,0.0778125,0.8654464644193649
312,1001600,-159.95782506465912,-1.5995782190561294,-159.95782506465912,-1.5995782190561294,0.0,159.95782506465912,1.5995782190561294,577.1207262277603,5.771207365393639,0.9972009763121605,0.149375,0.07479217253129004,nan,nan,nan,nan,nan,nan,nan,nan,nan,nan,10016,-0.0008668879645643557,0.023889464139938355,1.2005566000938415,0.004474782897159457,0.14625882506370544,0.14625882506370544,0.132285039126873,0.0017684109174297192,0.01285000016760023,0.9552515745162964,1.0,0.0055,0.000355,4,0.25,0.25,0.59375,0.149375,2.5809140932559966,2.2036063897609712,0.1025,0.8804018253087997
313,1004800,-163.01608628034592,-1.6301608349382877,-163.01608628034592,-1.6301608349382877,0.0,163.01608628034592,1.6301608349382877,574.0624650120735,5.740624749511481,1.1402109436690808,0.1346875,0.06293188080287909,nan,nan,nan,nan,nan,nan,nan,nan,nan,nan,10048,-0.0015261212540557789,0.02425369489938021,1.18136785030365,0.004120241804048419,0.15338170379400254,0.15338170379400254,0.12482712417840958,0.002574375455151312,0.022278125025331975,0.9476319551467896,1.0,0.005485576923076923,0.00035389423076923076,4,0.25,0.25,0.59375,0.1346875,2.444299099445343,1.7601716542243957,0.09,0.8832143235206604
314,1008000,-361.3713429570198,-3.6137133599817752,-361.3713429570198,-3.6137133599817752,0.0,361.3713429570198,3.6137133599817752,375.7072083353996,3.757072224467993,1.7082420831918717,0.0671875,0.024808528165552457,nan,nan,nan,nan,nan,nan,nan,nan,nan,nan,10080,-0.0005883509739128101,0.045257934182882306,1.1547950029373169,0.01572255529463291,0.1054276928305626,0.1054276928305626,0.15855697840452193,0.00166361385199707,0.0088968750598724,0.9101458787918091,1.0,0.005471153846153846,0.00035278846153846157,4,0.25,0.25,0.4375,0.0671875,3.8940256488323213,2.806460359096527,0.04,0.8569196790456772
315,1011200,-330.810887157917,-3.3081089890003206,-330.810887157917,-3.3081089890003206,0.0,330.810887157917,3.3081089890003206,406.2676641345024,4.062676595449448,1.636811303794384,0.115625,0.04385031262328672,nan,nan,nan,nan,nan,nan,nan,nan,nan,nan,10112,-0.0009838688333285717,0.034233050793409346,1.1573448300361633,0.009817337663844228,0.2165212869644165,0.2165212869644165,0.15057791769504547,0.0022262508049607278,0.019712499901652338,0.9492299556732178,1.0,0.005456730769230769,0.0003516826923076923,4,0.25,0.25,0.4375,0.115625,2.8681771105527876,3.69937415599823,0.0759375,0.8787946820259094
316,1014400,-94.64142733812332,-0.9464142879843712,-94.64142733812332,-0.9464142879843712,0.0,94.64142733812332,0.9464142879843712,642.4371239542961,6.424371296465397,0.8792254251241683,0.1859375,0.09894369111556392,nan,nan,nan,nan,nan,nan,nan,nan,nan,nan,10144,-0.0008531016549212289,0.022859353572130203,1.1444594264030457,0.00434807469137013,0.15195716619491578,0.15195716619491578,0.10279503837227821,0.001805453927954659,0.01635312504367903,0.9587029814720154,1.0,0.0054423076923076925,0.0003505769230769231,4,0.25,0.25,0.71875,0.1859375,2.778525733947754,1.388116860985756,0.1165625,0.8682143259048462
317,1017600,-185.36672849953175,-1.853667315840721,-185.36672849953175,-1.853667315840721,0.0,185.36672849953175,1.853667315840721,551.7118227928877,5.517118268609047,1.1166996802389622,0.1646875,0.07780390460559232,nan,nan,nan,nan,nan,nan,nan,nan,nan,nan,10176,-0.0008611039897543193,0.023694565147161485,1.1688600063323975,0.00464174160733819,0.1549681968986988,0.1549681968986988,0.11462454199790954,0.002063041241490282,0.01285937500942964,0.9577262997627258,1.0,0.005427884615384616,0.0003494711538461539,4,0.25,0.25,0.53125,0.1646875,3.328639950156212,1.8440160703659059,0.1075,0.8837053966522217
318,1020800,-147.41205164790154,-1.4741205629706382,-147.41205164790154,-1.4741205629706382,0.0,147.41205164790154,1.4741205629706382,589.6664996445179,5.89666502147913,1.0426205986738204,0.174375,0.0853682764744533,nan,nan,nan,nan,nan,nan,nan,nan,nan,nan,10208,-0.0014489805382210895,0.022834794037044047,1.135135006904602,0.003823406854644418,0.19779103323817254,0.19779103323817254,0.1210908554494381,0.002251714572776109,0.016749999998137356,0.9629530906677246,1.0,0.005413461538461539,0.00034836538461538463,4,0.25,0.25,0.5625,0.174375,2.658796656131744,2.028834915161133,0.12375,0.9088393312692642
319,1024000,-139.04040443897247,-1.3904042418301106,-139.04040443897247,-1.3904042418301106,0.0,139.04040443897247,1.3904042418301106,598.038146853447,5.9803813426196575,0.94455491065979,0.185,0.09513745227036517,nan,nan,nan,nan,nan,nan,nan,nan,nan,nan,10240,-0.0011144208201905315,0.026232592202723025,1.1673301696777343,0.005699414806440472,0.15115175694227218,0.15115175694227218,0.10634317770600318,0.002280781800800469,0.01983749998616986,0.9579318761825562,1.0,0.005399038461538461,0.00034725961538461543,4,0.25,0.25,0.59375,0.185,3.170064660310745,1.8089260298013687,0.1228125,0.872812539935112
320,1027200,-185.48888865113258,-1.8548885716497898,-185.48888865113258,-1.8548885716497898,0.0,185.48888865113258,1.8548885716497898,551.5896626412868,5.515897012799979,1.4853633069992065,0.141875,0.05708420962056365,-190.30505120754242,-1.9030505120754242,-190.30505120754242,-1.9030505120754242,100.0,0.9349919447489082,0.145,0.07493571246820654,190.30505120754242,434.2710348367691,10272,-0.0007408203859871731,0.026158163137733937,1.1458414435386657,0.006168345827609301,0.12060149312019348,0.12060149312019348,0.10923450440168381,0.0014384998838067986,0.006665625015739351,0.9502274990081787,1.0,0.005384615384615384,0.0003461538461538462,4,0.25,0.25,0.625,0.141875,2.925608522295952,2.3198657381534575,0.0965625,0.9101339691877365
321,1030400,-243.86078625917435,-2.438607912659645,-243.86078625917435,-2.438607912659645,0.0,243.86078625917435,2.438607912659645,493.2177650332451,4.932177671790123,1.019932832121849,0.1509375,0.074724019333577,nan,nan,nan,nan,nan,nan,nan,nan,nan,nan,10304,-0.0008065760168130487,0.03752215299755335,1.1328359127044678,0.011870954232290388,0.09244066327810288,0.09244066327810288,0.1491872027516365,0.001692773387185298,0.01092187506146729,0.9280261993408203,1.0,0.005370192307692308,0.000345048076923077,4,0.25,0.25,0.625,0.1509375,3.001256128549576,2.2820108318328858,0.0921875,0.8539286118745804
322,1033600,-272.27681362628937,-2.7227680699527266,-272.27681362628937,-2.7227680699527266,0.0,272.27681362628937,2.7227680699527266,464.80173766613007,4.648017514497042,1.3340893578529358,0.1065625,0.04565485020591667,nan,nan,nan,nan,nan,nan,nan,nan,nan,nan,10336,-0.0009785730295349016,0.027184072509408,1.1599193215370178,0.006401202827692032,0.17114486023783684,0.17114486023783684,0.10838040560483933,0.0022939367816434244,0.0190999997779727,0.9578752517700195,1.0,0.00535576923076923,0.0003439423076923077,4,0.25,0.25,0.53125,0.1065625,2.828091274499893,2.3302084290981293,0.07125,0.8833036071062088
323,1036800,-87.60982182621956,-0.8760982528328896,-87.60982182621956,-0.8760982528328896,0.0,87.60982182621956,0.8760982528328896,649.4687294661999,6.494687331616879,1.048738674223423,0.1928125,0.0941127838439843,nan,nan,nan,nan,nan,nan,nan,nan,nan,nan,10368,-0.0010875012910575243,0.028875873424112797,1.1323352456092834,0.0073022407479584215,0.1743364728987217,0.1743364728987217,0.13089764192700387,0.002076521031267475,0.015490625030361116,0.9473737478256226,1.0,0.005341346153846153,0.00034283653846153844,4,0.25,0.25,0.6875,0.1928125,2.633361580967903,1.8950240409374237,0.1215625,0.8846875417232514
324,1040000,-107.32382184267044,-1.0732384565472604,-107.32382184267044,-1.0732384565472604,0.0,107.32382184267044,1.0732384565472604,629.754729449749,6.297547127902508,0.8802024507522583,0.1778125,0.09457093300184681,nan,nan,nan,nan,nan,nan,nan,nan,nan,nan,10400,-0.0010029710237752453,0.026560787670314313,1.1209550499916077,0.006306181568652392,0.1280026227235794,0.1280026227235794,0.13222143650054932,0.0020145238377153873,0.014837500033900141,0.9504005312919617,1.0,0.005326923076923076,0.0003417307692307692,4,0.25,0.25,0.65625,0.1778125,2.927135919332504,1.634491912126541,0.125625,0.8527232539653778
325,1043200,-243.5827578306198,-2.4358275958895685,-243.5827578306198,-2.4358275958895685,0.0,243.5827578306198,2.4358275958895685,493.4957934617996,4.9349579885602,1.4005573105812072,0.115,0.04790554238930333,nan,nan,nan,nan,nan,nan,nan,nan,nan,nan,10432,-0.0007656226070248629,0.03340699635446072,1.1354112386703492,0.009906003531068564,0.12741042748093606,0.12741042748093606,0.1630074605345726,0.001285633166844491,0.0070406249957159165,0.91558837890625,1.0,0.0053124999999999995,0.000340625,4,0.25,0.25,0.5625,0.115,3.0329278111457825,1.9802652502059936,0.0684375,0.8507589679956437
326,1046400,-113.65763026475906,-1.136576251387596,-113.65763026475906,-1.136576251387596,0.0,113.65763026475906,1.136576251387596,623.4209210276604,6.234209333062172,0.9684717147052289,0.1884375,0.09572781696191038,nan,nan,nan,nan,nan,nan,nan,nan,nan,nan,10464,-0.0013129051763796974,0.025406098738312722,1.143529510498047,0.0053316365461796526,0.18677873611450196,0.18677873611450196,0.12119766026735306,0.0026135169158806094,0.024271874956320973,0.9417376518249512,1.0,0.005298076923076923,0.00033951923076923075,4,0.25,0.25,0.5625,0.1884375,2.9702851581573486,1.3751949298381805,0.1334375,0.9116071861982346
327,1049600,-213.2074352800846,-2.132074383199215,-213.2074352800846,-2.132074383199215,0.0,213.2074352800846,2.132074383199215,523.8711160123348,5.2387112012505535,1.3009364160895347,0.1171875,0.05093035130417092,nan,nan,nan,nan,nan,nan,nan,nan,nan,nan,10496,-0.000741254296683469,0.025601189024746417,1.1641417145729065,0.005908418446779251,0.1805772989988327,0.1805772989988327,0.11694732829928398,0.0017264737456571312,0.01274062488337222,0.9406067728996277,1.0,0.005283653846153846,0.00033841346153846156,4,0.25,0.25,0.71875,0.1171875,3.4662938070297242,1.8355636882781983,0.0709375,0.8407143247127533
328,1052800,-181.28000573068857,-1.8128000691533088,-181.28000573068857,-1.8128000691533088,0.0,181.28000573068857,1.8128000691533088,555.7985455617309,5.557985515296459,1.0502489693462849,0.1428125,0.06965617451110598,nan,nan,nan,nan,nan,nan,nan,nan,nan,nan,10528,-0.0010890237785410317,0.023099573142826558,1.1475669503211976,0.0044139678124338385,0.14157600179314614,0.14157600179314614,0.12069581300020218,0.0019021677879209164,0.013471875293180346,0.9525948166847229,1.0,0.005269230769230769,0.0003373076923076923,4,0.25,0.25,0.5,0.1428125,3.1797957223653794,2.115065343976021,0.0846875,0.8964732569456101
329,1056000,-133.75161123275757,-1.3375162061303854,-133.75161123275757,-1.3375162061303854,0.0,133.75161123275757,1.3375162061303854,603.3269400596619,6.033269378319383,0.8161715899407863,0.164375,0.09050631609393207,nan,nan,nan,nan,nan,nan,nan,nan,nan,nan,10560,-0.0010097019862383648,0.028069948591291905,1.1245785713195802,0.007115828106179833,0.10985490754246711,0.10985490754246711,0.1389468364417553,0.0016965632850769908,0.010590625088661909,0.9446024298667908,1.0,0.0052548076923076914,0.00033620192307692306,4,0.25,0.25,0.65625,0.164375,3.430399374961853,1.5542252242565155,0.115,0.8653571844100952
330,1059200,-125.29609081149101,-1.2529609468579292,-125.29609081149101,-1.2529609468579292,0.0,125.29609081149101,1.2529609468579292,611.7824604809284,6.1178246375918395,1.2763148373365403,0.2040625,0.08964599125434182,nan,nan,nan,nan,nan,nan,nan,nan,nan,nan,10592,-0.0011840416754595573,0.02635512948036194,1.0948000788688659,0.006256349617615342,0.2643687605857849,0.2643687605857849,0.1112874574959278,0.0024201821768656375,0.024034375336486846,0.9509099721908569,1.0,0.005240384615384615,0.00033509615384615387,4,0.25,0.25,0.625,0.2040625,3.5052623295784,1.673083581328392,0.14125,0.9052232587337494
331,1062400,-129.21066290140152,-1.2921065381169319,-129.21066290140152,-1.2921065381169319,0.0,129.21066290140152,1.2921065381169319,607.8678883910179,6.078679046332836,1.017587041556835,0.1840625,0.09122902566720067,nan,nan,nan,nan,nan,nan,nan,nan,nan,nan,10624,-0.000730789256491704,0.023303672671318054,1.116226601600647,0.005087689682841301,0.11214087307453155,0.11214087307453155,0.13737616017460824,0.0014180101454257966,0.008425000053830446,0.9488657116889954,1.0,0.005225961538461538,0.0003339903846153846,4,0.25,0.25,0.71875,0.1840625,3.1397850096225737,2.0431226873397828,0.135,0.8633036112785339
332,1065600,-127.2837666273117,-1.2728376859426498,-127.2837666273117,-1.2728376859426498,0.0,127.2837666273117,1.2728376859426498,609.7947846651077,6.097947898507119,0.8289298284053802,0.1696875,0.09277966675624087,nan,nan,nan,nan,nan,nan,nan,nan,nan,nan,10656,-0.0010848183444700954,0.02712822109460831,1.1109091281890868,0.00668974625878036,0.1924287796020508,0.1924287796020508,0.1319427452981472,0.002123528838274069,0.011049999995157123,0.9325274229049683,1.0,0.005211538461538461,0.0003328846153846154,4,0.25,0.25,0.65625,0.1696875,2.8919026857614516,1.2272895020246506,0.1121875,0.8939732551574707
333,1068800,-257.0662491321564,-2.5706623154878616,-257.0662491321564,-2.5706623154878616,0.0,257.0662491321564,2.5706623154878616,480.01230216026306,4.800123268961906,1.3412439823150635,0.09125,0.03897500674396625,nan,nan,nan,nan,nan,nan,nan,nan,nan,nan,10688,-0.0007090947696240413,0.02596059311181307,1.0883336782455444,0.006615006411448121,0.13559154272079468,0.13559154272079468,0.13665349632501603,0.0018066285352688282,0.010362499905750156,0.9390997290611267,1.0,0.005197115384615384,0.0003317788461538462,4,0.25,0.25,0.5,0.09125,2.8630876642465592,2.59299840092659,0.065625,0.8970982611179352
334,1072000,-77.59907966852188,-0.7759907323122025,-77.59907966852188,-0.7759907323122025,0.0,77.59907966852188,0.7759907323122025,659.4794716238976,6.594794852137566,0.8408333663642407,0.21,0.11407876662664092,nan,nan,nan,nan,nan,nan,nan,nan,nan,nan,10720,-0.0011227830566117093,0.022545265033841133,1.1138278484344482,0.004377222573384643,0.21214794144034385,0.21214794144034385,0.11259813085198403,0.0025526841112878174,0.026237500365823507,0.9558300375938416,1.0,0.005182692307692307,0.00033067307692307693,4,0.25,0.25,0.625,0.21,2.6567080849409104,1.5641966077685356,0.1515625,0.8929018259048462
335,1075200,-213.70982464775443,-2.1370981258153914,-213.70982464775443,-2.1370981258153914,0.0,213.70982464775443,2.1370981258153914,523.368726644665,5.2336874586343765,1.0157063987851143,0.1109375,0.05503653710027567,nan,nan,nan,nan,nan,nan,nan,nan,nan,nan,10752,-0.0006076942818472375,0.019668406527489423,1.1410166025161743,0.0033294277265667914,0.28282640129327774,0.28282640129327774,0.13580585792660713,0.002529635769315064,0.02263437509536743,0.9481343030929565,1.0,0.005168269230769231,0.00032956730769230773,4,0.25,0.25,0.4375,0.1109375,2.915080451965332,2.1172936761379244,0.0671875,0.8352232486009598
336,1078400,-19.645763158798218,-0.19645753085613252,-19.645763158798218,-0.19645753085613252,0.0,19.645763158798218,0.19645753085613252,717.4327881336212,7.174328053593635,0.9187676811218262,0.2371875,0.12361449608184248,nan,nan,nan,nan,nan,nan,nan,nan,nan,nan,10784,-0.0006582301422895398,0.02123155053704977,1.10697945356369,0.00425234348513186,0.11405441090464592,0.11405441090464592,0.13022855594754218,0.0017865113142761402,0.010221875132992863,0.9557101726531982,1.0,0.005153846153846154,0.0003284615384615385,4,0.25,0.25,0.75,0.2371875,2.7936698868870735,1.4080965203046798,0.16375,0.9209375447034835
337,1081600,-232.8592758178711,-2.3285925482213496,-232.8592758178711,-2.3285925482213496,0.0,232.8592758178711,2.3285925482213496,504.21927547454834,5.042193036228419,0.9410812458395958,0.1090625,0.05618646835816812,nan,nan,nan,nan,nan,nan,nan,nan,nan,nan,10816,-0.000986882444028747,0.02162520997226238,1.1278266668319703,0.004029344068840146,0.22571014761924743,0.22571014761924743,0.10446161180734634,0.0022014492191374303,0.013093749899417162,0.9484642744064331,1.0,0.005139423076923077,0.00032735576923076924,4,0.25,0.25,0.40625,0.1090625,3.139976115822792,1.44899547457695,0.06,0.8875446820259094
338,1084800,-214.58369502425194,-2.145836839079857,-214.58369502425194,-2.145836839079857,0.0,214.58369502425194,2.145836839079857,522.4948562681675,5.224948745369911,1.7197874748706818,0.1428125,0.05250869831540435,nan,nan,nan,nan,nan,nan,nan,nan,nan,nan,10848,-0.0006957961102423748,0.030380706675350665,1.1129785656929017,0.008790541952475906,0.12798990458250045,0.12798990458250045,0.12965986281633377,0.0021160527598112822,0.014168749749660491,0.9291921854019165,1.0,0.005125,0.00032625000000000004,4,0.25,0.25,0.59375,0.1428125,2.8712834042310713,2.8992182815074923,0.09625,0.8513393175601959
339,1088000,-73.26986157894135,-0.7326986871659755,-73.26986157894135,-0.7326986871659755,0.0,73.26986157894135,0.7326986871659755,663.8086897134781,6.6380868972837925,0.7476190531253815,0.15875,0.09083787437319191,nan,nan,nan,nan,nan,nan,nan,nan,nan,nan,10880,-0.0009307027497881925,0.019459706638008355,1.082229197025299,0.003268335107713938,0.16546352505683898,0.16546352505683898,0.11423757076263427,0.0019288100782432593,0.014631250348611503,0.9390057921409607,1.0,0.005110576923076923,0.0003251442307692308,4,0.25,0.25,0.59375,0.15875,2.375852111577988,1.040434133708477,0.11375,0.8775446784496307
340,1091200,-211.83737581968307,-2.1183737471699713,-211.83737581968307,-2.1183737471699713,0.0,211.83737581968307,2.1183737471699713,525.2411754727364,5.252411837279797,1.3185661128163337,0.158125,0.06819947860271601,-185.06215526163578,-1.8506215526163579,-185.06215526163578,-1.8506215526163579,100.0,0.8793733620271087,0.145,0.07715337618896637,185.06215526163578,439.51393078267574,10912,-0.0005483910832175809,0.024101036600768566,1.0802300453186036,0.005997108714655042,0.10967839285731315,0.10967839285731315,0.10020287111401557,0.0011544495628186269,0.005571874947054312,0.9618682265281677,1.0,0.005096153846153847,0.0003240384615384616,4,0.25,0.25,0.5625,0.158125,2.9786299228668214,2.450482122898102,0.1109375,0.8733928966522216
341,1094400,-205.55966791510582,-2.055596607029438,-205.55966791510582,-2.055596607029438,0.0,205.55966791510582,2.055596607029438,531.5188833773136,5.3151889774203305,1.3259828785061836,0.146875,0.0631453487285889,nan,nan,nan,nan,nan,nan,nan,nan,nan,nan,10944,-0.0007992200670996041,0.020536234602332115,1.1051002621650696,0.0038530750665813685,0.20796846002340316,0.20796846002340316,0.1044376790523529,0.0018663744820514693,0.015715624822769315,0.9613122940063477,1.0,0.005081730769230769,0.00032293269230769235,4,0.25,0.25,0.59375,0.146875,2.883734901547432,2.157378034591675,0.0925,0.8696875411272049
342,1097600,-175.5940684825182,-1.7559404680132866,-175.5940684825182,-1.7559404680132866,0.0,175.5940684825182,1.7559404680132866,561.4844828099012,5.614845116436482,1.0683381882309915,0.1321875,0.06391000308951282,nan,nan,nan,nan,nan,nan,nan,nan,nan,nan,10976,-0.0008684447897598701,0.020939112268388273,1.1151870846748353,0.003950115386396646,0.2675446107983589,0.2675446107983589,0.09864050894975662,0.002608066564425826,0.02475624969229102,0.9517353773117065,1.0,0.005067307692307691,0.00032182692307692305,4,0.25,0.25,0.53125,0.1321875,3.8446122539043426,1.4661773532629012,0.08875,0.9029464703798294
343,1100800,-227.64830714464188,-2.276482703983784,-227.64830714464188,-2.276482703983784,0.0,227.64830714464188,2.276482703983784,509.43024414777756,5.0943028804659845,1.130041705071926,0.140625,0.06601983410238038,nan,nan,nan,nan,nan,nan,nan,nan,nan,nan,11008,-0.0007805272441124611,0.02134750224649906,1.108540666103363,0.004291895776987076,0.2876110874116421,0.2876110874116421,0.12335594668984413,0.0023069164366461337,0.02025624967645854,0.9430583715438843,1.0,0.0050528846153846145,0.0003207211538461538,4,0.25,0.25,0.53125,0.140625,3.5479109048843385,1.6349439904093743,0.09,0.9177678978443146
344,1104000,-216.26524019241333,-2.1626522198319433,-216.26524019241333,-2.1626522198319433,0.0,216.26524019241333,2.1626522198319433,520.8133111000061,5.208133364617825,1.299935445189476,0.1709375,0.0743227382131665,nan,nan,nan,nan,nan,nan,nan,nan,nan,nan,11040,-0.000767689565382934,0.026747722551226615,1.11213458776474,0.007002724334597588,0.22747794091701506,0.22747794091701506,0.10229690000414848,0.002217355894390494,0.02028125003562309,0.9588526487350464,1.0,0.005038461538461538,0.0003196153846153846,4,0.25,0.25,0.46875,0.1709375,3.2131828832626343,2.3419209504127503,0.1275,0.9092411190271378
345,1107200,-237.77405095100403,-2.377740579545498,-237.77405095100403,-2.377740579545498,0.0,237.77405095100403,2.377740579545498,499.3045003414154,4.99304500490427,1.4020927998423576,0.126875,0.05281852558249475,nan,nan,nan,nan,nan,nan,nan,nan,nan,nan,11072,-0.0008129554712737353,0.02327713705599308,1.1061796307563783,0.005268124304711819,0.27217220291495325,0.27217220291495325,0.12167920544743538,0.0018409793265163898,0.017015624924897565,0.9513867497444153,1.0,0.005024038461538461,0.00031850961538461536,4,0.25,0.25,0.5625,0.126875,3.563438794016838,2.025526769161224,0.0878125,0.9073214703798294
346,1110400,-245.53342640399933,-2.455334235727787,-245.53342640399933,-2.455334235727787,0.0,245.53342640399933,2.455334235727787,491.5451248884201,4.915451348721981,1.1942911836504937,0.1059375,0.0482786882567513,nan,nan,nan,nan,nan,nan,nan,nan,nan,nan,11104,-0.00063422564796638,0.019097749143838882,1.1407308101654052,0.0032000264152884485,0.13141152486205102,0.13141152486205102,0.10818505510687829,0.0012851919571403414,0.008196875044814079,0.9612299799919128,1.0,0.005009615384615384,0.00031740384615384616,4,0.25,0.25,0.5,0.1059375,3.004400560259819,1.906482172012329,0.066875,0.9104018247127533
347,1113600,-229.0469994544983,-2.290470014214516,-229.0469994544983,-2.290470014214516,0.0,229.0469994544983,2.290470014214516,508.03155183792114,5.0803155702352525,1.3113038828969001,0.1415625,0.06124789606746603,nan,nan,nan,nan,nan,nan,nan,nan,nan,nan,11136,-0.0009727295648190193,0.022132565267384052,1.141540777683258,0.00439133713953197,0.1435019813477993,0.1435019813477993,0.10613860264420509,0.0020672625556471757,0.01583125010074582,0.9477282762527466,1.0,0.004995192307692307,0.0003162980769230769,4,0.25,0.25,0.53125,0.1415625,3.23959707736969,2.304349490404129,0.104375,0.8733928972482681
348,1116800,-243.97631818056107,-2.439763054847717,-243.97631818056107,-2.439763054847717,0.0,243.97631818056107,2.439763054847717,493.10223311185837,4.931022529602052,1.3478429108858108,0.123125,0.05244175384525472,nan,nan,nan,nan,nan,nan,nan,nan,nan,nan,11168,-0.0008943705288926185,0.02489251587539911,1.1415460228919982,0.005866110278293491,0.18287251554429532,0.18287251554429532,0.13274713531136512,0.00192426125286147,0.01361562515667174,0.9354216456413269,1.0,0.0049807692307692305,0.00031519230769230767,4,0.25,0.25,0.5,0.123125,3.2890800076723097,2.431166214942932,0.08125,0.908392898440361
349,1120000,-185.67207115888596,-1.856720880717039,-185.67207115888596,-1.856720880717039,0.0,185.67207115888596,1.856720880717039,551.4064801335335,5.514064703732729,1.0701597762107848,0.1553125,0.07502440236003599,nan,nan,nan,nan,nan,nan,nan,nan,nan,nan,11200,-0.0006003191897237415,0.020366016216576098,1.1371027469635009,0.00393544314429164,0.1323136031627655,0.1323136031627655,0.11375781372189522,0.0016148254420841114,0.00855624999385327,0.9593122005462646,1.0,0.004966346153846154,0.0003140865384615385,4,0.25,0.25,0.53125,0.1553125,3.1109638768434524,2.519696626663208,0.115,0.872678610086441
350,1123200,-187.6552391052246,-1.8765524664521218,-187.6552391052246,-1.8765524664521218,0.0,187.6552391052246,1.8765524664521218,549.4233121871948,5.494233117997647,1.088832092434168,0.1490625,0.07136164775517871,nan,nan,nan,nan,nan,nan,nan,nan,nan,nan,11232,-0.0008673911837220772,0.019454180169850586,1.1328455209732056,0.0032499350141733884,0.12739230021834375,0.12739230021834375,0.11005500704050064,0.0017591972224181517,0.013846875168383121,0.9493746757507324,1.0,0.004951923076923077,0.0003129807692307692,4,0.25,0.25,0.59375,0.1490625,3.1281893527507783,1.8133359867334367,0.1003125,0.9214732587337494
351,1126400,-258.81643134355545,-2.588164810538292,-258.81643134355545,-2.588164810538292,0.0,258.81643134355545,2.588164810538292,478.262119948864,4.782620773911477,1.0774413979053497,0.144375,0.069496545195244,nan,nan,nan,nan,nan,nan,nan,nan,nan,nan,11264,-0.0011564026257721682,0.017623774893581867,1.120456087589264,0.002123232604935765,0.2503267519176006,0.2503267519176006,0.09315118864178658,0.0022633998887613416,0.017603124934248628,0.9687790274620056,1.0,0.004937499999999999,0.00031187500000000003,4,0.25,0.25,0.4375,0.144375,3.0948927706480025,2.427005876302719,0.0903125,0.888571469783783
352,1129600,-193.52907413244247,-1.9352905879169702,-193.52907413244247,-1.9352905879169702,0.0,193.52907413244247,1.9352905879169702,543.549477159977,5.435494996532798,1.3180203311145307,0.1609375,0.06942885609748704,nan,nan,nan,nan,nan,nan,nan,nan,nan,nan,11296,-0.0008090022685530107,0.02083073612302542,1.111222469806671,0.00413573244586587,0.16234681829810144,0.16234681829810144,0.0894512914121151,0.0015943739635986276,0.010062500019557774,0.9440933465957642,1.0,0.004923076923076922,0.0003107692307692308,4,0.25,0.25,0.53125,0.1609375,3.4833410757780077,2.073054068684578,0.1096875,0.8920089709758758
353,1132800,-225.22581088542938,-2.2522581300139426,-225.22581088542938,-2.2522581300139426,0.0,225.22581088542938,2.2522581300139426,511.85274040699005,5.118527454435826,1.4118140920996667,0.1709375,0.07087507306634316,nan,nan,nan,nan,nan,nan,nan,nan,nan,nan,11328,-0.0005834607660071712,0.021210142970085145,1.1034196257591247,0.0046053056605160235,0.3249665662646294,0.3249665662646294,0.08321515917778015,0.0020685403142124414,0.018493750123889187,0.9618277549743652,1.0,0.004908653846153846,0.00030966346153846154,4,0.25,0.25,0.5,0.1709375,2.9960238218307493,2.9506860935688017,0.1215625,0.8862946844100952
354,1136000,-118.52225886285305,-1.1852228000760079,-118.52225886285305,-1.1852228000760079,0.0,118.52225886285305,1.1852228000760079,618.5562924295664,6.185562784373761,1.0607061439752579,0.15875,0.07703669951396333,nan,nan,nan,nan,nan,nan,nan,nan,nan,nan,11360,-0.0007389384016976309,0.014834754914045335,1.071966814994812,0.0014319858513772489,0.18161823004484176,0.18161823004484176,0.0873119778931141,0.001316856521407317,0.0095875000115484,0.9544587135314941,1.0,0.004894230769230769,0.00030855769230769234,4,0.25,0.25,0.6875,0.15875,3.2429276049137115,1.2524048793315887,0.10875,0.8704911094903945
355,1139200,-101.44496268033981,-1.0144496031850576,-101.44496268033981,-1.0144496031850576,0.0,101.44496268033981,1.0144496031850576,635.6335886120796,6.356335981264711,0.9458572997152805,0.1921875,0.09876752011985722,nan,nan,nan,nan,nan,nan,nan,nan,nan,nan,11392,-0.0008632308308704317,0.022236496582627295,1.0874375581741333,0.004948531417176128,0.21325937807559966,0.21325937807559966,0.12089675962924958,0.0017563107394380495,0.015034375083632767,0.9461205005645752,1.0,0.004879807692307692,0.0003074519230769231,4,0.25,0.25,0.6875,0.1921875,2.5482862830162047,1.4760001438856125,0.1265625,0.8766071856021881
356,1142400,-55.462716817855835,-0.5546270790696144,-55.462716817855835,-0.5546270790696144,0.0,55.462716817855835,0.5546270790696144,681.6158344745636,6.816158505380153,1.0033779233694076,0.2334375,0.11652194889289288,nan,nan,nan,nan,nan,nan,nan,nan,nan,nan,11424,-0.0011022696066181226,0.01785520650446415,1.092166531085968,0.002511523338034749,0.25297038108110426,0.25297038108110426,0.09046668261289596,0.0019181475101504475,0.01524999997636769,0.9548192620277405,1.0,0.004865384615384615,0.0003063461538461539,4,0.25,0.25,0.71875,0.2334375,2.515040022134781,1.4139759773015976,0.1325,0.9083929014205933
357,1145600,-294.41818937659264,-2.9441818436980247,-294.41818937659264,-2.9441818436980247,0.0,294.41818937659264,2.9441818436980247,442.6603619158268,4.426603740751744,1.151797647178173,0.113125,0.05257232256404314,nan,nan,nan,nan,nan,nan,nan,nan,nan,nan,11456,-0.0008799712761771161,0.016427904088050126,1.1281484723091126,0.0018613757099956274,0.18002692461013795,0.18002692461013795,0.09562228471040726,0.0020031991407449823,0.01653125016600825,0.965758204460144,1.0,0.004850961538461538,0.00030524038461538465,4,0.25,0.25,0.40625,0.113125,3.21099778175354,2.0269003283977507,0.0834375,0.8496428978443146
358,1148800,-61.29923537373543,-0.6129924127459526,-61.29923537373543,-0.6129924127459526,0.0,61.29923537373543,0.6129924127459526,675.779315918684,6.757793171703816,0.9611757209897042,0.2115625,0.1078753411719962,nan,nan,nan,nan,nan,nan,nan,nan,nan,nan,11488,-0.0009517527298536166,0.018626613821834326,1.0848257303237916,0.0031147529371082783,0.2518691658973694,0.2518691658973694,0.10017123594880104,0.001997531457163859,0.01625937516801059,0.9475005865097046,1.0,0.0048365384615384616,0.0003041346153846154,4,0.25,0.25,0.75,0.2115625,3.1956885129213335,1.1835284833610058,0.14625,0.9303125476837159
359,1152000,-159.20018017292023,-1.5920018573105335,-159.20018017292023,-1.5920018573105335,0.0,159.20018017292023,1.5920018573105335,577.8783711194992,5.778783727139235,1.3798661801218985,0.1878125,0.07891725239373758,nan,nan,nan,nan,nan,nan,nan,nan,nan,nan,11520,-0.000659332988850636,0.019359921850264073,1.0843237280845641,0.003791893692687154,0.13953688070178033,0.13953688070178033,0.08894096910953522,0.0012565581484523137,0.006543750036507845,0.9533320069313049,1.0,0.004822115384615385,0.0003030288461538462,4,0.25,0.25,0.59375,0.1878125,3.064790105223656,1.834824539422989,0.13625,0.9447768318653107
360,1155200,-257.91619923710823,-2.5791620790958403,-257.91619923710823,-2.5791620790958403,0.0,257.91619923710823,2.5791620790958403,479.1623520553112,4.791623505353928,1.0186624807119369,0.09875,0.04891852944389847,-186.85320322215557,-1.8685320322215557,-186.85320322215557,-1.8685320322215557,100.0,0.8882333461195231,0.145,0.07679135648037733,186.85320322215557,437.72288282215595,11552,-0.0009241851580503279,0.018351406045258045,1.1012605786323548,0.0029569956939667465,0.15422543957829477,0.15422543957829477,0.09086905792355537,0.0017509419012640137,0.008471874966926408,0.9502344727516174,1.0,0.004807692307692308,0.00030192307692307696,4,0.25,0.25,0.5625,0.09875,3.090573593378067,1.6963828897476196,0.0515625,0.8136607521772384
361,1158400,-259.4124085903168,-2.594124010056257,-259.4124085903168,-2.594124010056257,0.0,259.4124085903168,2.594124010056257,477.66614270210266,4.776661574393511,1.6173264339566231,0.133125,0.05086297157009735,nan,nan,nan,nan,nan,nan,nan,nan,nan,nan,11584,-0.001030773579725075,0.022932630591094495,1.0681946635246278,0.005315397121012211,0.2511886522173882,0.2511886522173882,0.10156330838799477,0.00220077860285528,0.01872499983292073,0.935875415802002,1.0,0.00479326923076923,0.00030081730769230766,4,0.25,0.25,0.5625,0.133125,3.305954854488373,2.4166873013973236,0.085625,0.8486607521772385
362,1161600,-73.1015430688858,-0.7310152876377106,-73.1015430688858,-0.7310152876377106,0.0,73.1015430688858,0.7310152876377106,663.9770082235336,6.639770296812058,1.0083830367028712,0.2178125,0.108451672823118,nan,nan,nan,nan,nan,nan,nan,nan,nan,nan,11616,-0.0009297360884316319,0.016269984561949967,1.046307349205017,0.0022051142528653144,0.18423825576901437,0.18423825576901437,0.07459602542221547,0.0017582727858098223,0.015890625189058483,0.9605752229690552,1.0,0.004778846153846153,0.00029971153846153846,4,0.25,0.25,0.6875,0.2178125,2.6974289613962172,2.383882384300232,0.148125,0.8895982545614243
363,1164800,-278.67802000045776,-2.7867800790071486,-278.67802000045776,-2.7867800790071486,0.0,278.67802000045776,2.7867800790071486,458.40053129196167,4.58400550544262,1.6327732473611831,0.1159375,0.04403626484590104,nan,nan,nan,nan,nan,nan,nan,nan,nan,nan,11648,-0.0009599261847790308,0.02307934369891882,1.090533685684204,0.005383981624618173,0.17464565485715866,0.17464565485715866,0.08640650138258935,0.002429266946273856,0.018034374853596092,0.9477479457855225,1.0,0.004764423076923076,0.0002986057692307692,4,0.25,0.25,0.5,0.1159375,3.692828030586243,2.5086280274391175,0.0871875,0.849151827096939
364,1168000,-71.34634864330292,-0.7134635837376118,-71.34634864330292,-0.7134635837376118,0.0,71.34634864330292,0.7134635837376118,665.7322026491165,6.657322000712156,0.9724304710328578,0.1946875,0.09870436644494367,nan,nan,nan,nan,nan,nan,nan,nan,nan,nan,11680,-0.0009415647507645009,0.02117128297686577,1.0662527561187745,0.004579376336187125,0.15930739492177964,0.15930739492177964,0.0885132186114788,0.001751547912863316,0.011753125143877696,0.9291689395904541,1.0,0.004749999999999999,0.00029749999999999997,4,0.25,0.25,0.6875,0.1946875,2.8405089658498763,1.28814056456089,0.1353125,0.8643303948640824
365,1171200,-96.09528905153275,-0.9609529028832913,-96.09528905153275,-0.9609529028832913,0.0,96.09528905153275,0.9609529028832913,640.9832622408867,6.409832681566477,0.9463964338600636,0.2034375,0.10452007435943864,nan,nan,nan,nan,nan,nan,nan,nan,nan,nan,11712,-0.0010767654899856982,0.01787697644904256,1.0866979598999023,0.002715581003576517,0.23197010308504104,0.23197010308504104,0.12269070148468017,0.0021698805619962515,0.01755000031553209,0.9503087997436523,1.0,0.004735576923076922,0.0002963942307692308,4,0.25,0.25,0.59375,0.2034375,3.5315573674440386,1.3448653435707092,0.1371875,0.9285714715719223
366,1174400,-205.23955792188644,-2.0523956656455993,-205.23955792188644,-2.0523956656455993,0.0,205.23955792188644,2.0523956656455993,531.838993370533,5.318389918804169,1.748053383231163,0.21875,0.07960180152788503,nan,nan,nan,nan,nan,nan,nan,nan,nan,nan,11744,-0.0009348990247119105,0.02625142876058817,1.041405236721039,0.007274180790409446,0.21050962060689926,0.21050962060689926,0.1046346127986908,0.0017438357142964378,0.01262499982258305,0.9560324549674988,1.0,0.004721153846153845,0.0002952884615384615,4,0.25,0.25,0.625,0.21875,3.4551222640275956,3.432030439376831,0.1478125,0.8935268270969391
367,1177600,-72.66945338249207,-0.7266945785284042,-72.66945338249207,-0.7266945785284042,0.0,72.66945338249207,0.7266945785284042,664.4090979099274,6.644091005921364,0.879923341870308,0.20375,0.1083820789188628,nan,nan,nan,nan,nan,nan,nan,nan,nan,nan,11776,-0.0007104203016030652,0.016988148726522923,1.0971798181533814,0.0026195241138339044,0.20628325119614602,0.20628325119614602,0.09375931173563004,0.0016462977597257122,0.013065625028684736,0.9512588977813721,1.0,0.004706730769230769,0.00029418269230769233,4,0.25,0.25,0.59375,0.20375,2.4936628329753874,1.8224013382196427,0.151875,0.8888393270969391
368,1180800,-186.50865423679352,-1.8650864332914352,-186.50865423679352,-1.8650864332914352,0.0,186.50865423679352,1.8650864332914352,550.5698970556259,5.505699151158333,1.0612450820207595,0.1415625,0.0686781505192085,nan,nan,nan,nan,nan,nan,nan,nan,nan,nan,11808,-0.0008082100129336745,0.014238958340138197,1.0674919843673707,0.0013022683095186948,0.285779944807291,0.285779944807291,0.0789842452853918,0.0022303821577224882,0.018678124982398004,0.9665988683700562,1.0,0.004692307692307692,0.0002930769230769231,4,0.25,0.25,0.625,0.1415625,2.84572519749403,2.034923825263977,0.085,0.9139286160469056
369,1184000,-60.35739028453827,-0.6035739257931709,-60.35739028453827,-0.6035739257931709,0.0,60.35739028453827,0.6035739257931709,676.7211610078812,6.767211658656597,1.2241341865062714,0.225625,0.10144396923929204,nan,nan,nan,nan,nan,nan,nan,nan,nan,nan,11840,-0.0008873544791276888,0.017873662617057563,1.0901974797248841,0.0029496587812900543,0.1570909082889557,0.1570909082889557,0.0998402327299118,0.0016373227830627003,0.012765625028987416,0.9539342522621155,1.0,0.004677884615384615,0.00029197115384615383,4,0.25,0.25,0.78125,0.225625,1.9324935588240624,2.287024701833725,0.151875,0.8903571832180023
370,1187200,-132.9673689007759,-1.3296737635135651,-132.9673689007759,-1.3296737635135651,0.0,132.9673689007759,1.3296737635135651,604.1111823916435,6.041111820936203,1.2950836807489394,0.1971875,0.0859173465673605,nan,nan,nan,nan,nan,nan,nan,nan,nan,nan,11872,-0.0007990956685826056,0.02245846837759018,1.0977147579193116,0.005310988053679466,0.22112664133310317,0.22112664133310317,0.10415472611784934,0.002291480765416054,0.018334374924597795,0.9456819295883179,1.0,0.004663461538461538,0.00029086538461538464,4,0.25,0.25,0.59375,0.1971875,3.006716244220734,2.1995576667785643,0.1309375,0.8538393265008927
371,1190400,-165.35666412115097,-1.6535665059089661,-165.35666412115097,-1.6535665059089661,0.0,165.35666412115097,1.6535665059089661,571.7218871712685,5.717219078540802,1.1768427553772927,0.1671875,0.07680274543809337,nan,nan,nan,nan,nan,nan,nan,nan,nan,nan,11904,-0.0009115231861127171,0.018740715831518172,1.096258556842804,0.003362286416813731,0.2767727881669998,0.2767727881669998,0.08363268747925759,0.0022085507429437713,0.01897187496506376,0.9528390169143677,1.0,0.004649038461538461,0.0002897596153846154,4,0.25,0.25,0.65625,0.1671875,2.512935230433941,1.9761477375030518,0.1153125,0.8795536118745804
372,1193600,-183.9926506280899,-1.8399262675642967,-183.9926506280899,-1.8399262675642967,0.0,183.9926506280899,1.8399262675642967,553.0859006643295,5.530859316885472,1.5621438193321229,0.1759375,0.06866808126557933,nan,nan,nan,nan,nan,nan,nan,nan,nan,nan,11936,-0.0006315492279129308,0.0245273282751441,1.1289341807365418,0.0063999391626566645,0.19026851654052734,0.19026851654052734,0.12485960051417351,0.001554133463650942,0.010578125063329936,0.9403055906295776,1.0,0.004634615384615385,0.0002886538461538462,4,0.25,0.25,0.59375,0.1759375,2.721135694384575,2.847040213346481,0.1125,0.8850000375509262
373,1196800,-120.40708285570145,-1.20407067283988,-120.40708285570145,-1.20407067283988,0.0,120.40708285570145,1.20407067283988,616.671468436718,6.166714911609889,0.9824632075428963,0.18625,0.09394878012936336,nan,nan,nan,nan,nan,nan,nan,nan,nan,nan,11968,-0.0006534602370345865,0.017507027182728053,1.115711796283722,0.0029452504590153695,0.17868164107203482,0.17868164107203482,0.09582155421376229,0.0014597723522456363,0.009000000124797226,0.9505650401115417,1.0,0.004620192307692308,0.00028754807692307695,4,0.25,0.25,0.65625,0.18625,2.870790734887123,1.5210027515888214,0.1246875,0.8830357539653778
374,1200000,-163.58309715986252,-1.635830872952938,-163.58309715986252,-1.635830872952938,0.0,163.58309715986252,1.635830872952938,573.4954541325569,5.7349547114968304,0.9918142150342465,0.1578125,0.07923053204903782,nan,nan,nan,nan,nan,nan,nan,nan,nan,nan,12000,-0.0007308130222663855,0.02036671880632639,1.140628945827484,0.004199072811752557,0.17034383937716485,0.17034383937716485,0.09715972319245339,0.0014363866270286963,0.009768750064540654,0.9308976531028748,1.0,0.00460576923076923,0.0002864423076923077,4,0.25,0.25,0.59375,0.1578125,3.0587724763154984,1.413199452161789,0.0890625,0.9112500435113907
375,1203200,-204.47132366895676,-2.0447132197022437,-204.47132366895676,-2.0447132197022437,0.0,204.47132366895676,2.0447132197022437,532.6072276234627,5.3260723647475245,1.002509137094021,0.1503125,0.07506207947601619,nan,nan,nan,nan,nan,nan,nan,nan,nan,nan,12032,-0.0006911044393142163,0.020415361411869525,1.1120995163917542,0.004410542314872146,0.22656015530228615,0.22656015530228615,0.08597430810332299,0.0015668190899305046,0.013256249949336052,0.9498345851898193,1.0,0.004591346153846153,0.0002853365384615385,4,0.25,0.25,0.4375,0.1503125,2.6986180168390272,1.6606847739219666,0.0990625,0.9180357551574707
376,1206400,-28.628154188394547,-0.2862815237045288,-28.628154188394547,-0.2862815237045288,0.0,28.628154188394547,0.2862815237045288,708.4503971040249,7.08450406074524,0.9861508700251579,0.2359375,0.11879132827256543,nan,nan,nan,nan,nan,nan,nan,nan,nan,nan,12064,-0.0011399751383811107,0.015499872993677855,1.092407262325287,0.0016100976150482892,0.2853837922215462,0.2853837922215462,0.08616171441972256,0.0022816214361228047,0.019831250084098428,0.9611960053443909,1.0,0.0045769230769230765,0.00028423076923076926,4,0.25,0.25,0.71875,0.2359375,2.2372602382302285,1.383630360364914,0.168125,0.9402678984403611
377,1209600,-211.85724544525146,-2.1185724666714667,-211.85724544525146,-2.1185724666714667,0.0,211.85724544525146,2.1185724666714667,525.221305847168,5.252213117778302,0.7632690545916557,0.130625,0.07408115038362684,nan,nan,nan,nan,nan,nan,nan,nan,nan,nan,12096,-0.0004722194050787998,0.015385070908814668,1.1168827652931212,0.002124538505449891,0.2882967010140419,0.2882967010140419,0.08250578045845032,0.0018362609145697207,0.012753124767914414,0.954011857509613,1.0,0.0045625,0.00028312500000000006,4,0.25,0.25,0.5625,0.130625,2.892160041928291,1.1885074403882028,0.08875,0.885669681429863
378,1212800,-160.0239692926407,-1.6002398106455802,-160.0239692926407,-1.6002398106455802,0.0,160.0239692926407,1.6002398106455802,577.0545819997787,5.770545773804188,0.8406106127798557,0.1446875,0.07860842428887223,nan,nan,nan,nan,nan,nan,nan,nan,nan,nan,12128,-0.0010215009151796294,0.016246372833848,1.108756184577942,0.002058976981788874,0.24564463049173355,0.24564463049173355,0.09036134257912636,0.001764815824571997,0.014393749969894998,0.943780243396759,1.0,0.004548076923076923,0.0002820192307692308,4,0.25,0.25,0.59375,0.1446875,2.889381489157677,2.0553182470798492,0.101875,0.8553125393390656
379,1216000,-99.90267786383629,-0.9990268462896347,-99.90267786383629,-0.9990268462896347,0.0,99.90267786383629,0.9990268462896347,637.1758734285831,6.371758738160134,0.8941513086855412,0.1759375,0.09288460704973617,nan,nan,nan,nan,nan,nan,nan,nan,nan,nan,12160,-0.0004887894627521927,0.015288504399359226,1.1232776403427125,0.002062910469248891,0.2440510667860508,0.2440510667860508,0.0997179701924324,0.0016535974726139102,0.011718750058207661,0.9469891786575317,1.0,0.004533653846153846,0.00028091346153846157,4,0.25,0.25,0.65625,0.1759375,2.7846161520481107,1.1029417368769645,0.12375,0.843750039935112
380,1219200,-250.11923110485077,-2.5011923617124556,-250.11923110485077,-2.5011923617124556,0.0,250.11923110485077,2.5011923617124556,486.95932018756866,4.869593222737313,1.622358729839325,0.168125,0.06411212855317518,-186.31471678614616,-1.8631471678614617,-186.31471678614616,-1.8631471678614617,100.0,0.8754074215516447,0.145,0.07731653310832703,186.31471678614616,438.26136925816536,12192,-0.0006140666417224772,0.020668736845254897,1.1446319222450256,0.004547446127980947,0.13150310069322585,0.13150310069322585,0.09519728049635887,0.0008785861238720827,0.0036968750318919774,0.9591016173362732,1.0,0.004519230769230769,0.0002798076923076924,4,0.25,0.25,0.5,0.168125,2.9412018668651583,2.947101091146469,0.1190625,0.8830357557535171
381,1222400,-96.7662365436554,-0.9676623520255089,-96.7662365436554,-0.9676623520255089,0.0,96.7662365436554,0.9676623520255089,640.312314748764,6.403123232424259,1.0783455763757228,0.19,0.0914188680456728,nan,nan,nan,nan,nan,nan,nan,nan,nan,nan,12224,-0.0007959758336888445,0.018242556042969225,1.1258030533790588,0.003253775741904974,0.2895346164703369,0.2895346164703369,0.09466906487941742,0.0016914594627451152,0.012531249926541931,0.9405149221420288,1.0,0.004504807692307692,0.00027870192307692307,4,0.25,0.25,0.625,0.19,2.7267247754335404,1.5998055565357208,0.1271875,0.9151786136627197
382,1225600,-74.27635723352432,-0.742763542830944,-74.27635723352432,-0.742763542830944,0.0,74.27635723352432,0.742763542830944,662.8021940588951,6.6280220416188245,0.7709179005026817,0.205,0.1157591777359131,nan,nan,nan,nan,nan,nan,nan,nan,nan,nan,12256,-0.0008477195790677072,0.014681629277765751,1.1259609460830688,0.001437097042798996,0.2418035537004471,0.2418035537004471,0.07758524715900421,0.001331320544704795,0.01042500005569309,0.9571995735168457,1.0,0.004490384615384615,0.0002775961538461538,4,0.25,0.25,0.6875,0.205,2.3500658279657363,1.9393096578121185,0.1384375,0.8524553942680358
383,1228800,-267.8891850709915,-2.6788917279243467,-267.8891850709915,-2.6788917279243467,0.0,267.8891850709915,2.6788917279243467,469.1893662214279,4.691893856525422,1.1783102826774121,0.126875,0.058244686722983725,nan,nan,nan,nan,nan,nan,nan,nan,nan,nan,12288,-0.0005974486711871396,0.016598118375986813,1.1595204830169679,0.002511641616001725,0.12115942947566509,0.12115942947566509,0.09109253063797951,0.0011563372492673807,0.006415625054796692,0.9567223191261292,1.0,0.004475961538461538,0.0002764903846153846,4,0.25,0.25,0.4375,0.126875,3.434801154136658,1.7657448321580886,0.093125,0.8890179002285004
384,1232000,-200.85496163368225,-2.0085497945547104,-200.85496163368225,-2.0085497945547104,0.0,200.85496163368225,2.0085497945547104,536.2235896587372,5.362235789895058,0.7927930849790573,0.1540625,0.08593434529105164,nan,nan,nan,nan,nan,nan,nan,nan,nan,nan,12320,-0.0005626741322455331,0.015923923812806606,1.1251263260841369,0.0023794933687895535,0.18258989453315735,0.18258989453315735,0.07706978768110276,0.001100352946377825,0.007656249927094905,0.9534922242164612,1.0,0.00446153846153846,0.0002753846153846154,4,0.25,0.25,0.46875,0.1540625,4.5294671154022215,0.8987126232683659,0.10625,0.9251339727640152
385,1235200,-182.71224170923233,-1.8271226799488067,-182.71224170923233,-1.8271226799488067,0.0,182.71224170923233,1.8271226799488067,554.3663095831871,5.5436629045009616,1.063817546069622,0.149375,0.07237800661423435,nan,nan,nan,nan,nan,nan,nan,nan,nan,nan,12352,-0.0007134862462989666,0.01829566452652216,1.1403887152671814,0.0033629057928919793,0.2057829573750496,0.2057829573750496,0.07637433856725692,0.0015556002239463852,0.011918749939650298,0.9420673847198486,1.0,0.0044471153846153836,0.00027427884615384613,4,0.25,0.25,0.59375,0.149375,2.416655331850052,2.245302313566208,0.0909375,0.9099107557535171
386,1238400,-153.9859857559204,-1.5398597881197928,-153.9859857559204,-1.5398597881197928,0.0,153.9859857559204,1.5398597881197928,583.092565536499,5.830925796329975,1.3457279551029204,0.18375,0.0783338918736371,nan,nan,nan,nan,nan,nan,nan,nan,nan,nan,12384,-0.0005883662784210264,0.016290372423827647,1.122930884361267,0.002579212887212634,0.23970988169312477,0.23970988169312477,0.09442200511693954,0.0013382234028540552,0.009987499983981251,0.9564357995986938,1.0,0.004432692307692307,0.00027317307692307694,4,0.25,0.25,0.71875,0.18375,3.062043568491936,2.5109427833557127,0.1346875,0.8499553942680359
387,1241600,-136.54248744808137,-1.3654250848293303,-136.54248744808137,-1.3654250848293303,0.0,136.54248744808137,1.3654250848293303,600.5360638443381,6.005360499620438,1.0819620414078235,0.1934375,0.09291115599264119,nan,nan,nan,nan,nan,nan,nan,nan,nan,nan,12416,-0.0007604612238414132,0.017729430459439754,1.1154644012451171,0.0031758319586515428,0.22552566602826118,0.22552566602826118,0.08644411042332649,0.0017605874192668125,0.012156249914551154,0.942518413066864,1.0,0.00441826923076923,0.0002720673076923077,4,0.25,0.25,0.6875,0.1934375,3.757902307510376,1.352096177339554,0.1315625,0.92687504529953
388,1244800,-186.59473285079002,-1.865947389602661,-186.59473285079002,-1.865947389602661,0.0,186.59473285079002,1.865947389602661,550.4838184416294,5.504838194847107,1.2064451847970485,0.160625,0.07279809220131361,nan,nan,nan,nan,nan,nan,nan,nan,nan,nan,12448,-0.0005901308292523,0.01368019226938486,1.115504550933838,0.001337454654276371,0.344301787763834,0.344301787763834,0.07317099198698998,0.0020908936829073356,0.017896874714642762,0.9603202939033508,1.0,0.004403846153846153,0.00027096153846153844,4,0.25,0.25,0.5625,0.160625,3.174005950689316,1.6862794369459153,0.103125,0.8977232569456101
389,1248000,-204.91436436772346,-2.0491436338424682,-204.91436436772346,-2.0491436338424682,0.0,204.91436436772346,2.0491436338424682,532.164186924696,5.3216419506073,1.0390529936552049,0.15875,0.07785476909819045,nan,nan,nan,nan,nan,nan,nan,nan,nan,nan,12480,-0.0004506128082081062,0.015453121718019247,1.1305511951446534,0.00231348080560565,0.25947684943675997,0.25947684943675997,0.06571849696338176,0.0015123066667001694,0.010190624976530671,0.9619283080101013,1.0,0.004389423076923076,0.00026985576923076925,4,0.25,0.25,0.53125,0.15875,2.828430970609188,1.9137945175170898,0.119375,0.8975893276929855
390,1251200,-198.65008866786957,-1.9865011283755303,-198.65008866786957,-1.9865011283755303,0.0,198.65008866786957,1.9865011283755303,538.4284626245499,5.384284456074238,1.2310779091715813,0.1728125,0.0774569544566764,nan,nan,nan,nan,nan,nan,nan,nan,nan,nan,12512,-0.0011472039909334875,0.015582508407533169,1.1177651643753053,0.001753827603533864,0.26947456374764445,0.26947456374764445,0.06599212735891342,0.0021035173078416845,0.019031250150874257,0.9617661833763123,1.0,0.0043749999999999995,0.00026875,4,0.25,0.25,0.5625,0.1728125,2.4839376667141915,2.3426017284393312,0.115625,0.881250039935112
391,1254400,-70.97314432263374,-0.7097315648198128,-70.97314432263374,-0.7097315648198128,0.0,70.97314432263374,0.7097315648198128,666.1054069697857,6.6610540196299555,1.1185351718962193,0.2203125,0.10399284511420537,nan,nan,nan,nan,nan,nan,nan,nan,nan,nan,12544,-0.0005373256416176808,0.01622553551569581,1.138161587715149,0.0026124009396880864,0.22705840468406677,0.22705840468406677,0.07570759132504463,0.0011150915641337633,0.007237500045448542,0.946312427520752,1.0,0.004360576923076923,0.0002676442307692308,4,0.25,0.25,0.65625,0.2203125,2.5573876148462293,1.9565486335754394,0.138125,0.8462946826219558
392,1257600,-207.10790383815765,-2.0710790914297106,-207.10790383815765,-2.0710790914297106,0.0,207.10790383815765,2.0710790914297106,529.9706474542618,5.299706493020057,1.0819815534353256,0.1434375,0.06889470262756374,nan,nan,nan,nan,nan,nan,nan,nan,nan,nan,12576,-0.0009217358864960446,0.013790742587298154,1.139906394481659,0.0010194269940257072,0.1798388235270977,0.1798388235270977,0.07467075288295746,0.001906003184558358,0.013181250023990287,0.956271231174469,1.0,0.004346153846153846,0.00026653846153846156,4,0.25,0.25,0.53125,0.1434375,3.4137318998575212,1.6482582277059554,0.1021875,0.887589327096939
393,1260800,-61.98225837945938,-0.6198224867880344,-61.98225837945938,-0.6198224867880344,0.0,61.98225837945938,0.6198224867880344,675.09629291296,6.750963097661733,1.0284527036547662,0.2215625,0.10922734338385096,nan,nan,nan,nan,nan,nan,nan,nan,nan,nan,12608,-0.0006867858105164438,0.016882038954645396,1.1344010949134826,0.0028403135482221844,0.2063665620982647,0.2063665620982647,0.0926855370402336,0.0013521549677534494,0.010612500086426734,0.9354374408721924,1.0,0.004331730769230769,0.0002654326923076923,4,0.25,0.25,0.6875,0.2215625,2.7536158844828607,1.3513185554742813,0.1365625,0.8893750411272049
394,1264000,-178.78144742548466,-1.7878145575523376,-178.78144742548466,-1.7878145575523376,0.0,178.78144742548466,1.7878145575523376,558.2971038669348,5.582971026897431,1.0092964696884155,0.1709375,0.085073309279495,nan,nan,nan,nan,nan,nan,nan,nan,nan,nan,12640,-0.0006534524238901218,0.01340583823621273,1.127189815044403,0.0011830412317067386,0.15154578760266305,0.15154578760266305,0.06796822100877761,0.0016261177719570697,0.009759374993154778,0.9577534198760986,1.0,0.004317307692307692,0.0002643269230769231,4,0.25,0.25,0.5,0.1709375,3.6630752485990525,1.3815958517789841,0.125625,0.8967857557535172
395,1267200,-249.73239886760712,-2.4973239013552666,-249.73239886760712,-2.4973239013552666,0.0,249.73239886760712,2.4973239013552666,487.3461524248123,4.873461683094502,0.8331466549634934,0.1009375,0.0550624248893006,nan,nan,nan,nan,nan,nan,nan,nan,nan,nan,12672,-0.001255649689328875,0.011013585980981589,1.1342368960380553,-0.000629347050562501,0.17807321324944497,0.17807321324944497,0.0639895774424076,0.0019762633135542275,0.012196875037625432,0.9656496644020081,1.0,0.0043028846153846155,0.00026322115384615387,4,0.25,0.25,0.4375,0.1009375,2.5283990788459776,1.3886881643533706,0.06,0.8321875363588334
396,1270400,-164.91304868459702,-1.6491303035616875,-164.91304868459702,-1.6491303035616875,0.0,164.91304868459702,1.6491303035616875,572.1655026078224,5.721655280888081,0.925308612883091,0.148125,0.0769357177383564,nan,nan,nan,nan,nan,nan,nan,nan,nan,nan,12704,-0.0012806015727110155,0.016883600503206253,1.1018362998962403,0.0024360161740332844,0.4051515951752663,0.4051515951752663,0.08823217377066613,0.002867113302636426,0.02311562500835862,0.9442284107208252,1.0,0.004288461538461539,0.0002621153846153847,4,0.25,0.25,0.59375,0.148125,3.4593640261888505,1.4342761850357055,0.096875,0.9057589644193649
397,1273600,-131.16738259792328,-1.311673799753189,-131.16738259792328,-1.311673799753189,0.0,131.16738259792328,1.311673799753189,605.9111686944962,6.059111784696579,0.8629742611944675,0.1740625,0.09343258445685547,nan,nan,nan,nan,nan,nan,nan,nan,nan,nan,12736,-0.0005955044344184035,0.014199917018413544,1.1180501461029053,0.0017258645500987768,0.4868766814470291,0.4868766814470291,0.07380801104009152,0.0022387255565263333,0.022521874937228858,0.9529525637626648,1.0,0.004274038461538461,0.0002610096153846154,4,0.25,0.25,0.6875,0.1740625,1.974690328836441,2.011141165494919,0.110625,0.8402678954601288
398,1276800,-168.8178013563156,-1.6881784144043923,-168.8178013563156,-1.6881784144043923,0.0,168.8178013563156,1.6881784144043923,568.2607499361038,5.682607170045376,1.1149909576773644,0.170625,0.08067410377365232,nan,nan,nan,nan,nan,nan,nan,nan,nan,nan,12768,-0.0007942746391286892,0.013670880999416112,1.1369795322418212,0.001198070589452982,0.18275249004364014,0.18275249004364014,0.07294439375400544,0.0016675380742526614,0.01053125001490116,0.9534996747970581,1.0,0.004259615384615384,0.0002599038461538462,4,0.25,0.25,0.625,0.170625,2.6429906272888184,2.1045884561538695,0.1053125,0.8848214715719223
399,1280000,-118.66446006298065,-1.1866447007656098,-118.66446006298065,-1.1866447007656098,0.0,118.66446006298065,1.1866447007656098,618.4140912294388,6.184140883684158,0.7156712472438812,0.170625,0.0994508710652454,nan,nan,nan,nan,nan,nan,nan,nan,nan,nan,12800,-0.0006384842254017365,0.010740409232676029,1.1205506920814514,-2.52327648922801e-05,0.28107752203941344,0.28107752203941344,0.07251798398792744,0.0013503883572411723,0.009496874921023846,0.9593331217765808,1.0,0.0042451923076923075,0.000258798076923077,4,0.25,0.25,0.5625,0.170625,2.6764437341690064,1.768486375808716,0.1021875,0.8708928936719894
400,1283200,-176.06656715273857,-1.7606655555963515,-176.06656715273857,-1.7606655555963515,0.0,176.06656715273857,1.7606655555963515,561.0119841396809,5.610120028853417,0.9457510989904404,0.145625,0.074842563406778,-188.76173615455627,-1.8876173615455627,-188.76173615455627,-1.8876173615455627,100.0,0.8377779627032578,0.145,0.07889962930381098,188.76173615455627,435.81434988975525,12832,-0.0003030677091097278,0.01586312185972929,1.0770016312599182,0.0030719477217644453,0.7066735357046128,0.7066735357046128,0.0664893414825201,0.002685164735885337,0.02977187434735242,0.9465521574020386,1.0,0.00423076923076923,0.0002576923076923077,4,0.25,0.25,0.625,0.145625,2.767994956970215,1.7702055883407593,0.1,0.8974107545614243
401,1286400,27.067214727401733,0.2706720854341984,27.067214727401733,0.2706720854341984,0.0,0.0,0.0,764.1457660198212,7.641457669883967,0.8649851138889789,0.2721875,0.14594620513212478,nan,nan,nan,nan,nan,nan,nan,nan,nan,nan,12864,-0.0010718110497691669,0.017536952532827853,1.0822603583335877,0.0031334809493273495,0.4029479123651981,0.4029479123651981,0.06906121075153351,0.00221741344066686,0.021415624872315676,0.9413818120956421,1.0,0.004216346153846153,0.00025658653846153843,4,0.25,0.25,0.84375,0.2721875,1.9904262030124664,1.8663149225711821,0.1603125,0.8586161065101624
402,1289600,-130.468273550272,-1.3046829403936864,-130.468273550272,-1.3046829403936864,0.0,130.468273550272,1.3046829403936864,606.6102777421474,6.066102644056082,0.9873547588288784,0.2090625,0.10519636671371033,nan,nan,nan,nan,nan,nan,nan,nan,nan,nan,12896,-0.0007476908499723933,0.015882873628288507,1.0961357831954956,0.0025878677610307933,0.22740095257759094,0.22740095257759094,0.07243073880672454,0.0018965160241350531,0.013696874858214868,0.9541999697685242,1.0,0.004201923076923076,0.00025548076923076924,4,0.25,0.25,0.625,0.2090625,1.9811990481615067,2.5492734479904176,0.13625,0.8335268223285675
403,1292800,-68.21319007873535,-0.6821319225430489,-68.21319007873535,-0.6821319225430489,0.0,68.21319007873535,0.6821319225430489,668.8653612136841,6.688653661906719,0.9116691751778125,0.2128125,0.11132287048579176,nan,nan,nan,nan,nan,nan,nan,nan,nan,nan,12928,-0.0008477834719582411,0.014361357875168323,1.0879549264907837,0.0017770841252058745,0.35561649650335314,0.35561649650335314,0.07003911957144737,0.0019506388103764038,0.017578124743886293,0.9505115151405334,1.0,0.004187499999999999,0.000254375,4,0.25,0.25,0.65625,0.2128125,3.102529978454113,1.2191371834278106,0.146875,0.9117411154508591
404,1296000,-226.86729276180267,-2.268672848492861,-226.86729276180267,-2.268672848492861,0.0,226.86729276180267,2.268672848492861,510.21125853061676,5.102112735956908,1.280387395620346,0.1434375,0.0629004967644894,nan,nan,nan,nan,nan,nan,nan,nan,nan,nan,12960,-0.0007741128401132392,0.01707626087591052,1.0874935626983642,0.00322582358494401,0.3549898564815521,0.3549898564815521,0.0754946880042553,0.002055312227457762,0.014525000057983562,0.9459018707275391,1.0,0.004173076923076923,0.00025326923076923074,4,0.25,0.25,0.5625,0.1434375,3.214182222485542,1.9549332332611085,0.099375,0.9051339703798295
405,1299200,-219.76245698332787,-2.1976246416568754,-219.76245698332787,-2.1976246416568754,0.0,219.76245698332787,2.1976246416568754,517.3160943090916,5.173160942792893,1.2764323450624944,0.1490625,0.06548075119531295,nan,nan,nan,nan,nan,nan,nan,nan,nan,nan,12992,-0.00043611541134889185,0.01451803306117654,1.0879571676254272,0.0022984639275819064,0.22142637073993682,0.22142637073993682,0.06780987083911896,0.0013426452002022415,0.009018750110408291,0.9538037180900574,1.0,0.004158653846153846,0.00025216346153846155,4,0.25,0.25,0.53125,0.1490625,3.4925640374422073,2.2096507924795152,0.0959375,0.8439732521772385
406,1302400,-69.30158364772797,-0.6930161145329475,-69.30158364772797,-0.6930161145329475,0.0,69.30158364772797,0.6930161145329475,667.7769676446915,6.677769469916821,1.258372651040554,0.231875,0.10267348920168809,nan,nan,nan,nan,nan,nan,nan,nan,nan,nan,13024,-0.0007299827142851267,0.015646595880389212,1.0883086323738098,0.0025831129867583515,0.14501261040568353,0.14501261040568353,0.07148711271584034,0.0011835357268864754,0.006181250061490573,0.9510566592216492,1.0,0.004144230769230769,0.0002510576923076923,4,0.25,0.25,0.6875,0.231875,2.301024943292141,2.5513272178173065,0.1446875,0.8755357527732849
407,1305600,-170.40336680412292,-1.7040337187051773,-170.40336680412292,-1.7040337187051773,0.0,170.40336680412292,1.7040337187051773,566.6751844882965,5.666751865744591,1.3626697170734405,0.19375,0.08200469096458883,nan,nan,nan,nan,nan,nan,nan,nan,nan,nan,13056,-0.000549893816170588,0.01327686309814453,1.0880949020385742,0.0015949152410030365,0.16928665563464165,0.16928665563464165,0.07011797539889812,0.0018551133616711013,0.013837500079534947,0.9632509350776672,1.0,0.004129807692307691,0.0002499519230769231,4,0.25,0.25,0.6875,0.19375,3.3927303200960157,2.7456479358673094,0.129375,0.85723218023777
408,1308800,-76.54720106720924,-0.7654718700051307,-76.54720106720924,-0.7654718700051307,0.0,76.54720106720924,0.7654718700051307,660.5313502252102,6.605313714444637,0.7391670998930931,0.216875,0.12470049600945841,nan,nan,nan,nan,nan,nan,nan,nan,nan,nan,13088,-0.0006617966088058758,0.011961006745696067,1.0993141651153564,0.0007946062367409467,0.2236925832927227,0.2236925832927227,0.05575283020734787,0.001153893957962282,0.008687500120140612,0.9572208523750305,1.0,0.0041153846153846145,0.00024884615384615386,4,0.25,0.25,0.75,0.216875,2.472000229358673,1.5736483216285706,0.1271875,0.9126339727640151
409,1312000,-102.21463108062744,-1.022146309763193,-102.21463108062744,-1.022146309763193,0.0,102.21463108062744,1.022146309763193,634.863920211792,6.348639274686575,0.9499058778584003,0.20875,0.10705644942681646,nan,nan,nan,nan,nan,nan,nan,nan,nan,nan,13120,-0.0007867811668955226,0.011981771420687437,1.094681715965271,0.0007148568984121084,0.11771299391984939,0.11771299391984939,0.07103613764047623,0.0014560531235474627,0.008862500032410025,0.9587686657905579,1.0,0.004100961538461538,0.0002477403846153846,4,0.25,0.25,0.59375,0.20875,2.5929663759469985,1.4828058621287346,0.1359375,0.8888393294811249
410,1315200,-135.5280569922179,-1.3552805909514427,-135.5280569922179,-1.3552805909514427,0.0,135.5280569922179,1.3552805909514427,601.5504943002015,6.015504993498325,1.2311290019750596,0.209375,0.09384262398752168,nan,nan,nan,nan,nan,nan,nan,nan,nan,nan,13152,-0.0006922208556382259,0.013607710134238005,1.0719830870628357,0.0017309338320046664,0.18680423498153687,0.18680423498153687,0.06394007429480553,0.0017176107248815242,0.012853125110268593,0.9675200581550598,1.0,0.004086538461538461,0.0002466346153846154,4,0.25,0.25,0.6875,0.209375,3.2734250980615616,2.4175022435188294,0.1403125,0.9004018259048462
411,1318400,13.767416089773178,0.13767413377761842,13.767416089773178,0.13767413377761842,0.0,0.0,0.0,750.8459673821926,7.508459718227387,0.8129079402983188,0.2771875,0.15289662196216539,nan,nan,nan,nan,nan,nan,nan,nan,nan,nan,13184,-0.0008402415734366286,0.016996517311781645,1.0707487106323241,0.0032978048082441093,0.21496881544589996,0.21496881544589996,0.07515686526894569,0.0012768711545504629,0.009718750230967998,0.9419784545898438,1.0,0.004072115384615384,0.00024552884615384617,4,0.25,0.25,0.6875,0.2771875,1.8930696794390678,1.5674587482213973,0.1878125,0.9180357539653778
412,1321600,-279.38738414645195,-2.7938738675415515,-279.38738414645195,-2.7938738675415515,0.0,279.38738414645195,2.7938738675415515,457.6911671459675,4.576911716908217,1.198027278482914,0.1465625,0.06667910877846701,nan,nan,nan,nan,nan,nan,nan,nan,nan,nan,13216,-0.0008121861879830661,0.017345130443572998,1.1119113087654113,0.003348585218191147,0.2850566737353802,0.2850566737353802,0.07463414035737514,0.0018137816667149309,0.014265624689869583,0.9510811567306519,1.0,0.004057692307692307,0.00024442307692307697,4,0.25,0.25,0.5,0.1465625,2.5584536251425742,3.3964810395240783,0.083125,0.8402678954601288
413,1324800,-64.45747673511505,-0.6445748105645179,-64.45747673511505,-0.6445748105645179,0.0,64.45747673511505,0.6445748105645179,672.6210745573044,6.72621077388525,0.9900643913447857,0.2228125,0.11196245758130191,nan,nan,nan,nan,nan,nan,nan,nan,nan,nan,13248,-0.0007028975476976506,0.010383142344653606,1.1225399732589723,-5.005788989365101e-05,0.1614160008728504,0.1614160008728504,0.05677478089928627,0.0013573590505984612,0.00911875005112961,0.9628209471702576,1.0,0.0040432692307692305,0.00024331730769230772,4,0.25,0.25,0.6875,0.2228125,2.696918247938156,1.26443004950881,0.139375,0.8648661088943481
414,1328000,-166.37272316217422,-1.6637271438539027,-166.37272316217422,-1.6637271438539027,0.0,166.37272316217422,1.6637271438539027,570.7058281302452,5.7070584405958655,0.9317371927201747,0.16375,0.08476825968723806,nan,nan,nan,nan,nan,nan,nan,nan,nan,nan,13280,-0.0008188205886282774,0.009171101916581392,1.1214653968811035,-0.0007514810655266047,0.17172759026288986,0.17172759026288986,0.04724596887826919,0.0017834680627856869,0.013668750021315646,0.968030571937561,1.0,0.004028846153846154,0.00024221153846153848,4,0.25,0.25,0.6875,0.16375,2.453759832084179,2.492555264234543,0.1034375,0.8753571772575378
415,1331200,-92.22231364250183,-0.9222231608629227,-92.22231364250183,-0.9222231608629227,0.0,92.22231364250183,0.9222231608629227,644.8562376499176,6.4485624235868455,0.9092515383660793,0.216875,0.113591632973411,nan,nan,nan,nan,nan,nan,nan,nan,nan,nan,13312,-0.0006707919658568429,0.015436797123402356,1.126737356185913,0.0025244062300771473,0.22588721811771392,0.22588721811771392,0.0844948448240757,0.0015719953862571856,0.014625000109663232,0.9457288980484009,1.0,0.004014423076923077,0.00024110576923076928,4,0.25,0.25,0.6875,0.216875,2.6731034117937087,1.580204102396965,0.135625,0.9040625435113907
416,1334400,-251.65095615386963,-2.5165095657110212,-251.65095615386963,-2.5165095657110212,0.0,251.65095615386963,2.5165095657110212,485.4275951385498,4.854276018738747,1.2217990019917488,0.130625,0.058792446968830306,nan,nan,nan,nan,nan,nan,nan,nan,nan,nan,13344,-0.0007293700021808291,0.013416856434196234,1.103971040248871,0.0015631738118827344,0.15555083975195885,0.15555083975195885,0.060591547191143035,0.0016490139649249613,0.009296874981373549,0.9645465612411499,1.0,0.004,0.00024000000000000003,4,0.25,0.25,0.5,0.130625,3.85254553258419,1.593604857325554,0.090625,0.8625000387430191
417,1337600,-86.15210780501366,-0.861521093249321,-86.15210780501366,-0.861521093249321,0.0,86.15210780501366,0.861521093249321,650.9264434874058,6.509264491200447,0.9676733343303203,0.2315625,0.1176834060613065,nan,nan,nan,nan,nan,nan,nan,nan,nan,nan,13376,-0.0006075438142172151,0.015342518221586943,1.1028782606124878,0.002668109443038702,0.26686674878001215,0.26686674878001215,0.07399925217032433,0.0015391846114653162,0.01195000009611249,0.9545837640762329,1.0,0.003985576923076923,0.00023889423076923084,4,0.25,0.25,0.625,0.2315625,2.5009712600708007,1.40612009704113,0.140625,0.9058928996324539
418,1340800,-259.3688316345215,-2.5936881929636,-259.3688316345215,-2.5936881929636,0.0,259.3688316345215,2.5936881929636,477.70971965789795,4.777097391486168,1.630140368938446,0.15125,0.05750643645724741,nan,nan,nan,nan,nan,nan,nan,nan,nan,nan,13408,-0.0005374119492888241,0.01693249326199293,1.1137520909309386,0.0035059538204222918,0.21787189766764642,0.21787189766764642,0.08778229579329491,0.0017859991290606557,0.010843750205822289,0.9468538761138916,1.0,0.0039711538461538465,0.0002377884615384616,4,0.25,0.25,0.5,0.15125,5.116940149068832,2.554057637453079,0.0921875,0.8375893211364747
419,1344000,-74.91013479232788,-0.7491012835502624,-74.91013479232788,-0.7491012835502624,0.0,74.91013479232788,0.7491012835502624,662.1684165000916,6.621684300899506,1.0170259799063206,0.225625,0.11186023494376555,nan,nan,nan,nan,nan,nan,nan,nan,nan,nan,13440,-0.0007851414904813225,0.013111458346247672,1.1028409242630004,0.0014069428667426108,0.24683988615870475,0.24683988615870475,0.06441939473152161,0.0017441953692468814,0.014931249781511724,0.9592474102973938,1.0,0.003956730769230769,0.00023668269230769234,4,0.25,0.25,0.71875,0.225625,2.5836798706650734,2.141992275714874,0.146875,0.8783036130666733
420,1347200,-281.86584866046906,-2.8186586862802505,-281.86584866046906,-2.8186586862802505,0.0,281.86584866046906,2.8186586862802505,455.2127026319504,4.552126898169518,1.3037483003735542,0.1315625,0.05710801825818691,-181.5130691677332,-1.815130691677332,-181.5130691677332,-1.815130691677332,100.0,0.766297796163708,0.145,0.08209261219423543,181.5130691677332,443.06301687657833,13472,-0.0007577268424501682,0.01650792984291911,1.103507435321808,0.003145872429013252,0.21705992445349692,0.21705992445349692,0.06853461675345898,0.0014608787387260236,0.007487499970011413,0.9514170289039612,1.0,0.003942307692307691,0.00023557692307692304,4,0.25,0.25,0.46875,0.1315625,4.190686800479889,1.6936322468519212,0.0859375,0.9001786094903946
421,1350400,101.19938051700592,1.0119937421381473,101.19938051700592,1.0119937421381473,0.0,0.0,0.0,838.2779318094254,8.382779326587915,0.6568941690772772,0.31625,0.19086916104974846,nan,nan,nan,nan,nan,nan,nan,nan,nan,nan,13504,-0.0006224949579570094,0.012417683377861977,1.0749586701393128,0.0013640330638736487,0.13683460280299187,0.13683460280299187,0.06594780161976814,0.0015878042395343073,0.00821249996079132,0.9469324350357056,1.0,0.003927884615384614,0.00023447115384615385,4,0.25,0.25,0.9375,0.31625,1.9452194963395595,0.864134047627449,0.2075,0.9335714721679688
422,1353600,-112.51437681913376,-1.1251438733935357,-112.51437681913376,-1.1251438733935357,0.0,112.51437681913376,1.1251438733935357,624.5641744732857,6.245641711056233,1.101687823086977,0.2225,0.10586729273293789,nan,nan,nan,nan,nan,nan,nan,nan,nan,nan,13536,-0.0009434337977669571,0.016349221859127284,1.0959279417991639,0.002942305151373148,0.2631978988647461,0.2631978988647461,0.06758239679038525,0.0020733167752041482,0.017337499815039337,0.9449837803840637,1.0,0.0039134615384615375,0.0002333653846153846,4,0.25,0.25,0.625,0.2225,3.12627201884985,1.5088890504837036,0.1459375,0.8968303960561752
423,1356800,-60.1781405210495,-0.6017813420295716,-60.1781405210495,-0.6017813420295716,0.0,60.1781405210495,0.6017813420295716,676.9004107713699,6.769004242420197,1.0093617570400237,0.2234375,0.11119824452573646,nan,nan,nan,nan,nan,nan,nan,nan,nan,nan,13568,-0.000762357153557236,0.012696902081370354,1.0703733682632446,0.0014126668684184551,0.2985097080469131,0.2985097080469131,0.0759427361190319,0.0016317773712216876,0.01019687504740432,0.9557549357414246,1.0,0.0038990384615384607,0.00023225961538461535,4,0.25,0.25,0.71875,0.2234375,3.4381385439634324,1.4533615523576737,0.1515625,0.9015625441074371
424,1360000,-53.3608078956604,-0.5336081533133984,-53.3608078956604,-0.5336081533133984,0.0,53.3608078956604,0.5336081533133984,683.717743396759,6.83717743113637,0.9943991641700268,0.23375,0.11720321799135708,nan,nan,nan,nan,nan,nan,nan,nan,nan,nan,13600,-0.0007403972203203102,0.01850081030279398,1.0541457891464234,0.004415057040750981,0.18459721505641938,0.18459721505641938,0.09400347247719765,0.0015058069795486518,0.01179687506519258,0.9305519461631775,1.0,0.003884615384615384,0.00023115384615384616,4,0.25,0.25,0.65625,0.23375,3.091402288675308,1.677047774195671,0.153125,0.8619196802377701
425,1363200,-78.19030314683914,-0.7819026213884354,-78.19030314683914,-0.7819026213884354,0.0,78.19030314683914,0.7819026213884354,658.8882481455803,6.588882963061333,1.1526870173215866,0.229375,0.1065528793337513,nan,nan,nan,nan,nan,nan,nan,nan,nan,nan,13632,-0.0006123937636381526,0.0186070691794157,1.047843050956726,0.004635786823928356,0.24938751459121705,0.24938751459121705,0.08024168387055397,0.0013639572702231818,0.013215625053271651,0.9420047998428345,1.0,0.003870192307692307,0.0002300480769230769,4,0.25,0.25,0.71875,0.229375,2.616254640519619,1.9830068933963776,0.1621875,0.9118304002285004
426,1366400,38.20805507898331,0.38208046317100525,38.20805507898331,0.38208046317100525,0.0,0.0,0.0,775.2866063714027,7.752866047620773,0.9489516325294971,0.3040625,0.1560133637618111,nan,nan,nan,nan,nan,nan,nan,nan,nan,nan,13664,-0.0008150211453321176,0.014469730108976364,1.0693287134170533,0.0022967591881752013,0.18018294051289557,0.18018294051289557,0.09019531533122063,0.0018332081563130487,0.016731249925214797,0.9567383527755737,1.0,0.0038557692307692303,0.0002289423076923077,4,0.25,0.25,0.78125,0.3040625,1.7462550789117812,1.8581236469745637,0.19875,0.8681696826219558
427,1369600,-122.72018802165985,-1.2272017124295234,-122.72018802165985,-1.2272017124295234,0.0,122.72018802165985,1.2272017124295234,614.3583632707596,6.143583872020245,1.1114393222332,0.2009375,0.09516612572483257,nan,nan,nan,nan,nan,nan,nan,nan,nan,nan,13696,-0.0008348543224506955,0.0157823727466166,1.0469015479087829,0.003034820780158043,0.2308923900127411,0.2308923900127411,0.06106125600636005,0.0015701477066613733,0.011018750123912468,0.9436591267585754,1.0,0.0038413461538461535,0.00022783653846153846,4,0.25,0.25,0.71875,0.2009375,2.9960413628816607,1.970978662967682,0.138125,0.8729018294811248
428,1372800,-156.4281075000763,-1.5642810773849487,-156.4281075000763,-1.5642810773849487,0.0,156.4281075000763,1.5642810773849487,580.6504437923431,5.80650450706482,1.349728953242302,0.1975,0.08405224769753859,nan,nan,nan,nan,nan,nan,nan,nan,nan,nan,13728,-0.000780632559850325,0.017849039658904074,1.0510225534439086,0.0041217048652470115,0.4563379377126694,0.4563379377126694,0.07746091708540917,0.0014988401089794934,0.015078124843421392,0.9501551985740662,1.0,0.0038269230769230767,0.00022673076923076922,4,0.25,0.25,0.625,0.1975,3.3830344861745836,2.019365544319153,0.133125,0.8898661160469055
429,1376000,-129.75442898273468,-1.2975441965460777,-129.75442898273468,-1.2975441965460777,0.0,129.75442898273468,1.2975441965460777,607.3241223096848,6.073241387903691,0.8470119851827621,0.208125,0.1126819975558556,nan,nan,nan,nan,nan,nan,nan,nan,nan,nan,13760,-0.0006671517303912022,0.01155538521707058,1.060157263278961,0.001068691210821271,0.3116431809961796,0.3116431809961796,0.05855592861771584,0.0014169280882924795,0.013303124945377932,0.9684346914291382,1.0,0.0038125,0.00022562500000000002,4,0.25,0.25,0.625,0.208125,3.2817258328199386,1.7805404186248779,0.1375,0.8960714668035508
430,1379200,-132.09225162118673,-1.320922681093216,-132.09225162118673,-1.320922681093216,0.0,132.09225162118673,1.320922681093216,604.9862996712327,6.049862903356552,1.0451747639477253,0.2034375,0.09947193931109931,nan,nan,nan,nan,nan,nan,nan,nan,nan,nan,13792,-0.0010503178366925603,0.012927466724067926,1.0316478490829468,0.0014951376477256417,0.4321949765086174,0.4321949765086174,0.05794263668358326,0.002328829298494384,0.020043750014156102,0.9611008167266846,1.0,0.0037980769230769222,0.00022451923076923077,4,0.25,0.25,0.65625,0.2034375,2.4883978992700575,1.64808225274086,0.13,0.8999554008245468
431,1382400,-27.05027824640274,-0.27050270289182665,-27.05027824640274,-0.27050270289182665,0.0,27.05027824640274,0.27050270289182665,710.0282730460167,7.100282881557941,1.0218946270644664,0.271875,0.13446546440193466,nan,nan,nan,nan,nan,nan,nan,nan,nan,nan,13824,-0.0012297362387180487,0.014448748342692852,1.0346453785896301,0.0020798979559913276,0.3335261732339859,0.3335261732339859,0.07697514817118645,0.002146937714132946,0.02155625001178123,0.9519122838973999,1.0,0.0037836538461538454,0.00022341346153846158,4,0.25,0.25,0.6875,0.271875,3.2354929667711256,1.4052132931351662,0.1696875,0.9504911148548126
432,1385600,-46.31319999694824,-0.46313200652599334,-46.31319999694824,-0.46313200652599334,0.0,46.31319999694824,0.46313200652599334,690.7653512954712,6.907653577923775,1.044052753150463,0.258125,0.12628098741686408,nan,nan,nan,nan,nan,nan,nan,nan,nan,nan,13856,-0.0005468006751645049,0.016654398944228887,1.0368717908859253,0.0038721897639334203,0.14190783128142356,0.14190783128142356,0.08104214966297149,0.0013317970238858833,0.007606249905074946,0.9509410858154297,1.0,0.0037692307692307686,0.00022230769230769233,4,0.25,0.25,0.71875,0.258125,2.271289093494415,2.0818845665454866,0.173125,0.8260268247127533
433,1388800,-244.45422959327698,-2.444542235434055,-244.45422959327698,-2.444542235434055,0.0,244.45422959327698,2.444542235434055,492.62432169914246,4.926243349015714,1.483823469877243,0.1575,0.06341030347369415,nan,nan,nan,nan,nan,nan,nan,nan,nan,nan,13888,-0.000758648315712307,0.013229426555335521,1.0617382526397705,0.001869442081078887,0.24893480837345122,0.24893480837345122,0.07237870991230011,0.0015349579582107254,0.00858750005136244,0.9630008339881897,1.0,0.003754807692307692,0.00022120192307692308,4,0.25,0.25,0.46875,0.1575,3.183143838644028,2.731408420801163,0.104375,0.85941968023777
434,1392000,-100.32651197910309,-1.0032649124413728,-100.32651197910309,-1.0032649124413728,0.0,100.32651197910309,1.0032649124413728,636.7520393133163,6.367520672008395,0.7083212162554264,0.2071875,0.12128134804422022,nan,nan,nan,nan,nan,nan,nan,nan,nan,nan,13920,-0.0006575350280618508,0.015668296627700327,1.0375241041183472,0.0032958741765469314,0.1353875771164894,0.1353875771164894,0.06927546709775925,0.0011333802845911122,0.007740624987854971,0.9381198287010193,1.0,0.003740384615384615,0.0002200961538461539,4,0.25,0.25,0.625,0.2071875,3.08293337225914,1.272857910990715,0.12625,0.8754018276929856
435,1395200,-224.75258786976337,-2.2475258979201316,-224.75258786976337,-2.2475258979201316,0.0,224.75258786976337,2.2475258979201316,512.3259634226561,5.123259686529637,1.5024226769804954,0.1778125,0.07105614156859957,nan,nan,nan,nan,nan,nan,nan,nan,nan,nan,13952,-0.0005396229626785321,0.018295946717262267,1.0484868884086609,0.00470172856003046,0.2867094397544861,0.2867094397544861,0.07450023889541627,0.001317247549741296,0.009153125010197983,0.9472506046295166,1.0,0.0037259615384615382,0.00021899038461538464,4,0.25,0.25,0.5625,0.1778125,3.670695458650589,2.3929321575164795,0.1125,0.8679911106824875
436,1398400,17.3535099029541,0.173535335958004,17.3535099029541,0.173535335958004,0.0,0.0,0.0,754.4320611953735,7.544320920407772,0.6514879105985165,0.2725,0.1650027216373889,nan,nan,nan,nan,nan,nan,nan,nan,nan,nan,13984,-0.0009531701441970242,0.01488183019682765,1.0530699610710144,0.002579235378652811,0.3146845825016499,0.3146845825016499,0.08355145156383514,0.0019320085681101772,0.016487500071525572,0.9493185877799988,1.0,0.0037115384615384614,0.00021788461538461545,4,0.25,0.25,0.8125,0.2725,1.9811059105396271,1.5783929127454757,0.175625,0.8512946826219558
437,1401600,-197.86673048138618,-1.978667403459549,-197.86673048138618,-1.978667403459549,0.0,197.86673048138618,1.978667403459549,539.2118208110332,5.392118180990219,1.4076457777619362,0.1815625,0.0754108024016615,nan,nan,nan,nan,nan,nan,nan,nan,nan,nan,14016,-0.00024617359637053583,0.018535796366631985,1.0455640077590942,0.00515615358017385,0.6554494768381118,0.6554494768381118,0.09059400632977485,0.0016094793187221511,0.01779999994323589,0.9379735589027405,1.0,0.0036971153846153846,0.0002167788461538462,4,0.25,0.25,0.625,0.1815625,2.854963719844818,2.82366889834404,0.13375,0.846473251581192
438,1404800,-110.51885432004929,-1.1051887932419777,-110.51885432004929,-1.1051887932419777,0.0,110.51885432004929,1.1051887932419777,626.5596969723701,6.26559679120779,1.148792391270399,0.2403125,0.1118360717286064,nan,nan,nan,nan,nan,nan,nan,nan,nan,nan,14048,-0.0007368558198708297,0.016353843454271554,1.05563942193985,0.0035524706589058043,0.27638303115963936,0.27638303115963936,0.08553466945886612,0.0016482946986798197,0.012121874955482781,0.9507253170013428,1.0,0.003682692307692308,0.00021567307692307695,4,0.25,0.25,0.5625,0.2403125,2.704536138176918,2.6364461183547974,0.15125,0.8512500369548798
439,1408000,-83.87246322631836,-0.8387246891856194,-83.87246322631836,-0.8387246891856194,0.0,83.87246322631836,0.8387246891856194,653.2060880661011,6.532060895264149,0.9547462689876557,0.25,0.12789383664073833,nan,nan,nan,nan,nan,nan,nan,nan,nan,nan,14080,-0.0005032899787416501,0.016374879889190196,1.0257458448410035,0.00392143833450973,0.1502128340303898,0.1502128340303898,0.07350120581686496,0.0009540340288367588,0.005203125037587597,0.954404354095459,1.0,0.00366826923076923,0.00021456730769230765,4,0.25,0.25,0.625,0.25,2.886706328988075,1.572641921043396,0.165625,0.8900000435113907
440,1411200,-48.660890609025955,-0.48660897493362426,-48.660890609025955,-0.48660897493362426,0.0,48.660890609025955,0.48660897493362426,688.4176606833935,6.884176609516144,1.2544801494479179,0.26875,0.11920708198109975,-182.40875585377216,-1.8240875585377216,-182.40875585377216,-1.8240875585377216,100.0,0.7337102400045842,0.145,0.08363565990105509,182.40875585377216,442.16733019053936,14112,-0.000690846870723183,0.01555049940943718,1.0247362017631532,0.0033401742577552794,0.2586326293647289,0.2586326293647289,0.08735299184918403,0.0015886820474406704,0.01100937490045908,0.9511834383010864,1.0,0.0036538461538461525,0.00021346153846153845,4,0.25,0.25,0.65625,0.26875,3.4773009032011033,1.7684370350837708,0.195,0.8866518270969391
441,1414400,-106.61242657899857,-1.0661241635680199,-106.61242657899857,-1.0661241635680199,0.0,106.61242657899857,1.0661241635680199,630.4661247134209,6.304661420881748,1.1079844726622106,0.2109375,0.10006596478085217,nan,nan,nan,nan,nan,nan,nan,nan,nan,nan,14144,-0.0008058377807959926,0.01414762670174241,0.9997797012329102,0.0026293543167412283,0.3902065210044384,0.3902065210044384,0.08543340042233467,0.0022416290768887846,0.019306249869987368,0.94234299659729,1.0,0.0036394230769230757,0.0002123557692307692,4,0.25,0.25,0.75,0.2109375,2.7918011921644212,1.509576317667961,0.1290625,0.8725000375509262
442,1417600,-100.84415335953236,-1.0084414330124856,-100.84415335953236,-1.0084414330124856,0.0,100.84415335953236,1.0084414330124856,636.2343979328871,6.3623441514372825,1.140442211776972,0.2521875,0.11782027966577834,nan,nan,nan,nan,nan,nan,nan,nan,nan,nan,14176,-0.0005754291300640091,0.01763819707557559,0.9988089799880981,0.004622986889444292,0.2381342500448227,0.2381342500448227,0.08568466752767563,0.0016550064668990673,0.01235000011511147,0.9474941492080688,1.0,0.003624999999999999,0.00021124999999999996,4,0.25,0.25,0.6875,0.2521875,3.4456070858240126,2.234164286851883,0.171875,0.8662053990364075
443,1420800,-62.30084482394159,-0.6230085083842277,-62.30084482394159,-0.6230085083842277,0.0,62.30084482394159,0.6230085083842277,674.7777064684778,6.747777076065541,1.0101159664988517,0.2415625,0.1201734148805081,nan,nan,nan,nan,nan,nan,nan,nan,nan,nan,14208,-0.0005610111639835047,0.01406011451035738,1.003198355436325,0.0028469211421906946,0.5043351352214813,0.5043351352214813,0.07099297195672989,0.001399114797823131,0.01147500000661239,0.9493545293807983,1.0,0.003610576923076922,0.00021014423076923076,4,0.25,0.25,0.71875,0.2415625,3.1842365181446075,1.7705194795131682,0.1571875,0.8817857539653778
444,1424000,-85.04102230072021,-0.8504100328683853,-85.04102230072021,-0.8504100328683853,0.0,85.04102230072021,0.8504100328683853,652.0375289916992,6.520375551581383,0.8666865485906601,0.2525,0.13526641641610176,nan,nan,nan,nan,nan,nan,nan,nan,nan,nan,14240,-0.0007963522780221055,0.010736439190804959,1.0437027215957642,0.0008185517974197865,0.3536572724580765,0.3536572724580765,0.05661025308072567,0.0019009803072549403,0.016337500064400955,0.9712380766868591,1.0,0.0035961538461538453,0.00020903846153846157,4,0.25,0.25,0.59375,0.2525,3.5969041001796724,1.6408628898859023,0.1778125,0.8916518288850784
445,1427200,-137.0212824344635,-1.370212615430355,-137.0212824344635,-1.370212615430355,0.0,137.0212824344635,1.370212615430355,600.0572688579559,6.000572969019413,1.1340424929559232,0.224375,0.10514083048515672,nan,nan,nan,nan,nan,nan,nan,nan,nan,nan,14272,-0.0004598907477746161,0.01521459585055709,1.065098774433136,0.0033325099386274813,0.19719598144292833,0.19719598144292833,0.07450084984302521,0.0010533651016885414,0.00524687510333024,0.9542593359947205,1.0,0.0035817307692307685,0.00020793269230769227,4,0.25,0.25,0.5625,0.224375,2.860867612361908,2.4534552907943725,0.15625,0.8964732509851455
446,1430400,7.094617009162903,0.07094618976116181,7.094617009162903,0.07094618976116181,0.0,0.0,0.0,744.1731683015823,7.44173177421093,0.8267541790008545,0.2609375,0.14284215303819373,nan,nan,nan,nan,nan,nan,nan,nan,nan,nan,14304,-0.0006412812783586741,0.014483770914375782,1.0385380387306213,0.0028958194423466923,0.23514493256807328,0.23514493256807328,0.06341256834566593,0.0015095639442733954,0.009800000133327557,0.9318996071815491,1.0,0.0035673076923076917,0.00020682692307692307,4,0.25,0.25,0.8125,0.2609375,2.261722095310688,1.0327729025483132,0.1721875,0.903437539935112
447,1433600,-169.1050180196762,-1.6910502251982689,-169.1050180196762,-1.6910502251982689,0.0,169.1050180196762,1.6910502251982689,567.9735332727432,5.6797353592515,1.396785153001547,0.1925,0.08031591807840098,nan,nan,nan,nan,nan,nan,nan,nan,nan,nan,14336,-0.0008195198944537019,0.015462679043412208,1.0658610224723817,0.003124938509427011,0.21712828278541565,0.21712828278541565,0.08652510866522789,0.0014782946178456768,0.009674999926937744,0.9428355693817139,1.0,0.003552884615384615,0.00020572115384615388,4,0.25,0.25,0.5625,0.1925,2.658579570055008,1.8221892029047013,0.120625,0.9335268306732177
448,1436800,-206.46094664931297,-2.0646094131469725,-206.46094664931297,-2.0646094131469725,0.0,206.46094664931297,2.0646094131469725,530.6176046431065,5.306176171302796,1.3145173852145673,0.1721875,0.0743945589261743,nan,nan,nan,nan,nan,nan,nan,nan,nan,nan,14368,-0.0007947817675594493,0.012487183418124914,1.05062392950058,0.0017312175361439586,0.277887861430645,0.277887861430645,0.05787685886025429,0.0016660948742355686,0.014103124785469845,0.9476796984672546,1.0,0.003538461538461538,0.00020461538461538458,4,0.25,0.25,0.5625,0.1721875,3.442590081691742,2.3498250728845598,0.1140625,0.8712946838140487
449,1440000,-71.43765559792519,-0.7143765731155872,-71.43765559792519,-0.7143765731155872,0.0,71.43765559792519,0.7143765731155872,665.6408956944942,6.656409011334181,0.8426961133629084,0.21875,0.11871192347651002,nan,nan,nan,nan,nan,nan,nan,nan,nan,nan,14400,-0.0008472579455003348,0.012988191936165095,1.0602323770523072,0.001910538412630558,0.26647681891918185,0.26647681891918185,0.07810558527708053,0.0017883240361697972,0.013893749949056655,0.9448578953742981,1.0,0.0035240384615384613,0.00020350961538461538,4,0.25,0.25,0.65625,0.21875,3.0518078416585923,1.2863895004987718,0.1403125,0.9258482587337494
450,1443200,-134.57395005226135,-1.3457394933700562,-134.57395005226135,-1.3457394933700562,0.0,134.57395005226135,1.3457394933700562,602.5046012401581,6.025046091079712,1.13524189889431,0.21375,0.10010575387766882,nan,nan,nan,nan,nan,nan,nan,nan,nan,nan,14432,-0.0006762797944655397,0.01350554134696722,1.0724872708320619,0.0023124731378629804,0.17759150341153146,0.17759150341153146,0.07422898039221763,0.001187434215535177,0.005100000044330954,0.9464713931083679,1.0,0.0035096153846153845,0.0002024038461538462,4,0.25,0.25,0.5625,0.21375,2.777365375459194,1.8430850824713707,0.146875,0.9058482563495636
451,1446400,-252.0325390100479,-2.5203252997994423,-252.0325390100479,-2.5203252997994423,0.0,252.0325390100479,2.5203252997994423,485.0460122823715,4.850460284650326,1.4529581812024117,0.1559375,0.06357120198582482,nan,nan,nan,nan,nan,nan,nan,nan,nan,nan,14464,-0.0007027429830399612,0.012244963459670544,1.0702273964881897,0.0016790881054475904,0.11750394590198994,0.11750394590198994,0.06844150088727474,0.0013518572442990262,0.01033750018104911,0.9606875777244568,1.0,0.0034951923076923077,0.000201298076923077,4,0.25,0.25,0.5,0.1559375,3.60593067407608,2.9160067200660706,0.10625,0.8947768282890319
452,1449600,-13.984563827514648,-0.13984572365880013,-13.984563827514648,-0.13984572365880013,0.0,13.984563827514648,0.13984572365880013,723.0939874649048,7.2309398607909685,0.9836418920755386,0.2725,0.1373735859726555,nan,nan,nan,nan,nan,nan,nan,nan,nan,nan,14496,-0.0007673450684291261,0.011341450735926628,1.0641966104507445,0.0011991574428975582,0.2520652636885643,0.2520652636885643,0.05468377135694027,0.0015879963888437488,0.011606250202748924,0.9574999213218689,1.0,0.00348076923076923,0.0002001923076923077,4,0.25,0.25,0.71875,0.2725,2.5528857108950613,1.9194880712032318,0.1759375,0.908660758137703
453,1452800,-115.03248834609985,-1.150325009226799,-115.03248834609985,-1.150325009226799,0.0,115.03248834609985,1.150325009226799,622.0460629463196,6.220460575222969,0.906641683280468,0.193125,0.10129066289357484,nan,nan,nan,nan,nan,nan,nan,nan,nan,nan,14528,-0.0007780478966887827,0.013662700820714236,1.0645951271057128,0.0023630473762750624,0.3275000676512718,0.3275000676512718,0.06580103375017643,0.0015936306284856983,0.015128124924376606,0.9257278442382812,1.0,0.003466346153846153,0.0001990865384615385,4,0.25,0.25,0.53125,0.193125,3.60447507917881,1.4692676359415053,0.124375,0.8704018265008926
454,1456000,-40.12667167186737,-0.40126668523997067,-40.12667167186737,-0.40126668523997067,0.0,40.12667167186737,0.40126668523997067,696.9518796205521,6.969518899209797,1.350026088654995,0.275625,0.11728593198629134,nan,nan,nan,nan,nan,nan,nan,nan,nan,nan,14560,-0.0006256164782185714,0.01334064956754446,1.0368654012680054,0.002465528529137373,0.27020260095596316,0.27020260095596316,0.07542622089385986,0.001356887342990376,0.010900000017136336,0.9505230188369751,1.0,0.0034519230769230764,0.0001979807692307693,4,0.25,0.25,0.71875,0.275625,2.938313238620758,2.180463745594025,0.1925,0.8982143306732178
455,1459200,-103.58792871236801,-1.035879277586937,-103.58792871236801,-1.035879277586937,0.0,103.58792871236801,1.035879277586937,633.4906225800514,6.334906306862831,1.294478755146265,0.2253125,0.09819768411219702,nan,nan,nan,nan,nan,nan,nan,nan,nan,nan,14592,-0.0007325567155552548,0.013987629488110543,1.0306905269622804,0.002718259207904339,0.2382287234067917,0.2382287234067917,0.07094725333154202,0.0016172964438737835,0.012978125037625432,0.9403937458992004,1.0,0.0034374999999999996,0.000196875,4,0.25,0.25,0.65625,0.2253125,2.8211768689751624,1.8943808799982071,0.145,0.9221428990364074
456,1462400,-51.618934988975525,-0.5161892580986023,-51.618934988975525,-0.5161892580986023,0.0,51.618934988975525,0.5161892580986023,685.4596163034439,6.854596326351166,1.101014815121889,0.2484375,0.11824642939777986,nan,nan,nan,nan,nan,nan,nan,nan,nan,nan,14624,-0.0008630122687783625,0.014669486507773399,1.0702864527702332,0.002808058215305209,0.3598090812563896,0.3598090812563896,0.07160654626786708,0.001267671328241704,0.009796874952371581,0.9348320364952087,1.0,0.0034230769230769228,0.0001957692307692308,4,0.25,0.25,0.71875,0.2484375,2.130576063990593,2.5116513526439666,0.1515625,0.8598661106824875
457,1465600,-72.04339957237244,-0.7204338988661766,-72.04339957237244,-0.7204338988661766,0.0,72.04339957237244,0.7204338988661766,665.035151720047,6.650351685583591,0.5571131670475006,0.220625,0.14168848139556559,nan,nan,nan,nan,nan,nan,nan,nan,nan,nan,14656,-0.0007235028657596399,0.01493184855207801,1.0614730834960937,0.0031242270022630693,0.3006135731935501,0.3006135731935501,0.06647689454257488,0.0012236199065227993,0.009328125091269613,0.9284678101539612,1.0,0.003408653846153846,0.0001946634615384616,4,0.25,0.25,0.71875,0.220625,3.5377310836315154,1.2194881457090379,0.140625,0.8980803972482682
458,1468800,-84.99919664859772,-0.8499919810891151,-84.99919664859772,-0.8499919810891151,0.0,84.99919664859772,0.8499919810891151,652.0793546438217,6.520793603360653,0.8221310078352689,0.209375,0.11490666647989381,nan,nan,nan,nan,nan,nan,nan,nan,nan,nan,14688,-0.0007741074492573219,0.012982214707881213,1.085470700263977,0.0020326620200648905,0.1886705107986927,0.1886705107986927,0.07425978034734726,0.0015409772502607666,0.00884062487166375,0.9382576942443848,1.0,0.003394230769230769,0.0001935576923076923,4,0.25,0.25,0.65625,0.209375,2.886822098493576,1.6408376878499984,0.1503125,0.9220982533693314
459,1472000,-71.15937080979347,-0.7115935933589935,-71.15937080979347,-0.7115935933589935,0.0,71.15937080979347,0.7115935933589935,665.919180482626,6.659191991090775,1.0507573813199997,0.245625,0.11977282258611203,nan,nan,nan,nan,nan,nan,nan,nan,nan,nan,14720,-0.0006119858247984666,0.01136141261085868,1.0686730980873107,0.0014568107202649117,0.19015194848179817,0.19015194848179817,0.07091857567429542,0.0013520107604563236,0.011824999982491136,0.9524770379066467,1.0,0.0033798076923076915,0.000192451923076923,4,0.25,0.25,0.6875,0.245625,2.3773969918489457,1.9530702739953996,0.168125,0.8944643294811249
460,1475200,-106.32418429851532,-1.0632416263222695,-106.32418429851532,-1.0632416263222695,0.0,106.32418429851532,1.0632416263222695,630.7543669939041,6.307543958127499,0.9323781604319811,0.2296875,0.11886260396808336,-234.64959086477757,-2.3464959086477757,-234.64959086477757,-2.3464959086477757,100.0,0.6932773540727795,0.11,0.06496277750093388,234.64959086477757,389.92649517953396,14752,-0.0005887771335663317,0.011098451260477305,1.1047784447669984,0.0012424440588802098,0.2954086557030678,0.2954086557030678,0.05452828928828239,0.0010563987190835178,0.007528125128010288,0.9602759480476379,1.0,0.0033653846153846147,0.00019134615384615381,4,0.25,0.25,0.625,0.2296875,2.3693795242905615,2.5344047594070434,0.1465625,0.8955803978443145
461,1478400,-113.21705627441406,-1.1321706545352936,-113.21705627441406,-1.1321706545352936,0.0,113.21705627441406,1.1321706545352936,623.8614950180054,6.238614929914474,0.8689590813219548,0.2175,0.11637493949100139,nan,nan,nan,nan,nan,nan,nan,nan,nan,nan,14784,-0.001126011184952258,0.010665786545723676,1.0850770235061646,0.0005708307959139347,0.21219765543937683,0.21219765543937683,0.052373333275318144,0.0018273992282047402,0.014043749775737524,0.9563757181167603,1.0,0.003350961538461538,0.00019024038461538462,4,0.25,0.25,0.71875,0.2175,2.590271344780922,2.184608533382416,0.1478125,0.891383975148201
462,1481600,-70.56986653804779,-0.7056984868645668,-70.56986653804779,-0.7056984868645668,0.0,70.56986653804779,0.7056984868645668,666.5086847543716,6.665087097585202,0.9615589316189289,0.2259375,0.11518262151498429,nan,nan,nan,nan,nan,nan,nan,nan,nan,nan,14816,-0.000734428816868965,0.015225384198129178,1.1083956003189086,0.0031800586730241776,0.19678712487220765,0.19678712487220765,0.09661960303783416,0.001327695296276943,0.009899999950721394,0.9276747703552246,1.0,0.0033365384615384602,0.00018913461538461543,4,0.25,0.25,0.65625,0.2259375,2.0741081196069717,1.9236409509181975,0.1296875,0.8553571856021881
463,1484800,-100.92172920703888,-1.009217184484005,-100.92172920703888,-1.009217184484005,0.0,100.92172920703888,1.009217184484005,636.1568220853806,6.361568399965764,0.8067845019698143,0.2084375,0.11536378564945336,nan,nan,nan,nan,nan,nan,nan,nan,nan,nan,14848,-0.0005137976845289493,0.010691729094833135,1.093629002571106,0.0011989050544798374,0.2848471745848656,0.2848471745848656,0.08380008116364479,0.0012620610345038586,0.00786562503199093,0.9459319710731506,1.0,0.0033221153846153834,0.00018802884615384612,4,0.25,0.25,0.71875,0.2084375,3.3377976405620573,1.3435372152924538,0.12875,0.9058928990364075
464,1488000,-196.75732135772705,-1.9675733160972595,-196.75732135772705,-1.9675733160972595,0.0,196.75732135772705,1.9675733160972595,540.3212299346924,5.403212268352509,1.1604577443003654,0.1753125,0.08114599809346078,nan,nan,nan,nan,nan,nan,nan,nan,nan,nan,14880,-0.0008704113570274785,0.012270837649703025,1.1045819997787476,0.0016113900812342763,0.28472418785095216,0.28472418785095216,0.06273943781852723,0.0016504365412401967,0.01339687518775463,0.9541746973991394,1.0,0.0033076923076923066,0.00018692307692307693,4,0.25,0.25,0.46875,0.1753125,1.931198944747448,2.5717217898368836,0.1059375,0.9179911160469055
465,1491200,-51.89412713050842,-0.5189413189888,-51.89412713050842,-0.5189413189888,0.0,51.89412713050842,0.5189413189888,685.184424161911,6.851844265460969,0.9385154643654823,0.2396875,0.12364487382537072,nan,nan,nan,nan,nan,nan,nan,nan,nan,nan,14912,-0.00045544550305929297,0.015248341392725706,1.0981242418289185,0.0035523062106221914,0.21938154175877572,0.21938154175877572,0.0788199134171009,0.0014460763064562342,0.009003125160234049,0.9285556077957153,1.0,0.00329326923076923,0.00018581730769230774,4,0.25,0.25,0.6875,0.2396875,2.7044263115525244,1.829816188812256,0.1546875,0.878794681429863
466,1494400,80.94190886616707,0.8094192034006119,80.94190886616707,0.8094192034006119,0.0,0.0,0.0,818.0204601585865,8.18020478785038,0.8370162117481231,0.31375,0.1707932668168629,nan,nan,nan,nan,nan,nan,nan,nan,nan,nan,14944,-0.0007584310854086507,0.011605412792414426,1.0786931276321412,0.0015074065187945962,0.30506997406482694,0.30506997406482694,0.07378468438982963,0.0019784455915214496,0.018506250079371966,0.9348750114440918,1.0,0.003278846153846153,0.00018471153846153843,4,0.25,0.25,0.875,0.31375,1.93502463594079,1.4029658550024033,0.1903125,0.9023214721679688
467,1497600,132.29335516691208,1.3229333594441415,132.29335516691208,1.3229333594441415,0.0,0.0,0.0,869.3719064593315,8.69371894389391,0.7662882810086011,0.355625,0.20134029298825898,nan,nan,nan,nan,nan,nan,nan,nan,nan,nan,14976,-0.00051864834455424,0.0089711494743824,1.0748699426651,0.00045809622388333083,0.1535331539809704,0.1535331539809704,0.05205399803817272,0.0009873805935058043,0.005171874938241672,0.9531981348991394,1.0,0.0032644230769230762,0.00018360576923076924,4,0.25,0.25,0.78125,0.355625,1.9270551292598248,1.3213702276349069,0.2303125,0.9084821915626526
468,1500800,-62.22006916999817,-0.6222008734941482,-62.22006916999817,-0.6222008734941482,0.0,62.22006916999817,0.6222008734941482,674.8584821224213,6.74858471095562,1.1933059133589268,0.2553125,0.11640533062212148,nan,nan,nan,nan,nan,nan,nan,nan,nan,nan,15008,-0.0009836854603374467,0.012461296748369932,1.0448935627937317,0.001851058704778552,0.2906454294919968,0.2906454294919968,0.06773093938827515,0.0020407858202815985,0.01414062516996637,0.9378546476364136,1.0,0.0032499999999999994,0.00018250000000000004,4,0.25,0.25,0.75,0.2553125,2.216535161137581,1.8603666347265244,0.14875,0.9071429032087326
469,1504000,-156.16632044315338,-1.5616632613539696,-156.16632044315338,-1.5616632613539696,0.0,156.16632044315338,1.5616632613539696,580.912230849266,5.8091223230957985,0.817291755527258,0.1978125,0.10885016090474028,nan,nan,nan,nan,nan,nan,nan,nan,nan,nan,15040,-0.0009541328638559499,0.012553136888891458,1.0646931886672975,0.0018775388365611435,0.25326591953635214,0.25326591953635214,0.09282401129603386,0.002015108533669263,0.015418750292155892,0.9459259510040283,1.0,0.0032355769230769226,0.00018139423076923074,4,0.25,0.25,0.59375,0.1978125,3.2288620400428774,1.465989043712616,0.11875,0.8959375452995301
470,1507200,-60.614842891693115,-0.6061486104130744,-60.614842891693115,-0.6061486104130744,0.0,60.614842891693115,0.6061486104130744,676.4637084007263,6.764636974036694,1.1355665469169616,0.25375,0.11882092851020236,nan,nan,nan,nan,nan,nan,nan,nan,nan,nan,15072,-0.0009288557750464221,0.011719746422022581,1.040692138671875,0.0015787881100550293,0.2555867522954941,0.2555867522954941,0.06525604128837585,0.0018354008745518513,0.013015624869149178,0.948570728302002,1.0,0.003221153846153846,0.00018028846153846155,4,0.25,0.25,0.65625,0.25375,2.3185174845159056,2.3247968685626983,0.158125,0.8588393235206604
471,1510400,-128.00850009918213,-1.2800848618149758,-128.00850009918213,-1.2800848618149758,0.0,128.00850009918213,1.2800848618149758,609.0700511932373,6.090700722634793,1.4038344494998456,0.244375,0.1016604949857699,nan,nan,nan,nan,nan,nan,nan,nan,nan,nan,15104,-0.0008387044503237017,0.012647926434874534,1.0586806893348695,0.002090354892425239,0.45444507002830503,0.45444507002830503,0.05932502038776875,0.0016724620407330803,0.013537499960511923,0.960433304309845,1.0,0.003206730769230769,0.00017918269230769235,4,0.25,0.25,0.65625,0.244375,2.6801729890704156,3.147936267852783,0.153125,0.9112946844100952
472,1513600,-127.86286497116089,-1.2786287060379982,-127.86286497116089,-1.2786287060379982,0.0,127.86286497116089,1.2786287060379982,609.2156863212585,6.09215687841177,1.0241978448629379,0.23,0.11362525683134186,nan,nan,nan,nan,nan,nan,nan,nan,nan,nan,15136,-0.0010028533538104512,0.011261538416147233,1.0707419872283936,0.0012097779894247652,0.3416743531823158,0.3416743531823158,0.04988338723778725,0.0013669459774973802,0.0070156249916180965,0.9595547318458557,1.0,0.003192307692307692,0.00017807692307692316,4,0.25,0.25,0.5625,0.23,2.0419162622094156,2.9050497674942015,0.1578125,0.9097321808338166
473,1516800,-83.870938539505,-0.8387092712521553,-83.870938539505,-0.8387092712521553,0.0,83.870938539505,0.8387092712521553,653.2076127529144,6.532076313197613,0.9154989877343178,0.2246875,0.11729972265125753,nan,nan,nan,nan,nan,nan,nan,nan,nan,nan,15168,-0.0010999880081973945,0.011997011303901673,1.0439721941947937,0.0015808946453034877,0.3571180388331413,0.3571180388331413,0.061988859251141545,0.002051345269137528,0.014790624752640725,0.9465872049331665,1.0,0.0031778846153846154,0.00017697115384615386,4,0.25,0.25,0.5625,0.2246875,2.706028156876564,1.737118226289749,0.1640625,0.9139286094903946
474,1520000,-288.3434773981571,-2.8834346133470534,-288.3434773981571,-2.8834346133470534,0.0,288.3434773981571,2.8834346133470534,448.7350738942623,4.487350971102715,1.4192521479725837,0.1175,0.04856872819084568,nan,nan,nan,nan,nan,nan,nan,nan,nan,nan,15200,-0.00040250514589708076,0.012589058373123407,1.0541724562644958,0.002557189972139895,0.2596520148217678,0.2596520148217678,0.06584220193326473,0.0014097997598582878,0.009206250082934275,0.9514914751052856,1.0,0.0031634615384615386,0.00017586538461538466,4,0.25,0.25,0.4375,0.1175,3.945220353603363,2.03022448182106,0.075,0.8925446844100953
475,1523200,-22.456631183624268,-0.2245662422478199,-22.456631183624268,-0.2245662422478199,0.0,22.456631183624268,0.2245662422478199,714.6219201087952,7.146219342201948,1.0178598660230636,0.2553125,0.12652637792097396,nan,nan,nan,nan,nan,nan,nan,nan,nan,nan,15232,-0.0007177316881191942,0.011959470994770526,1.0270747065544128,0.002027706103399396,0.24131845384836198,0.24131845384836198,0.05210368447005749,0.0014523804326017852,0.009946875055902638,0.9522494673728943,1.0,0.003149038461538461,0.00017475961538461547,4,0.25,0.25,0.78125,0.2553125,2.282208370566368,1.4678318798542023,0.153125,0.9161607593297958
476,1526400,-163.1294406056404,-1.6312944138050078,-163.1294406056404,-1.6312944138050078,0.0,163.1294406056404,1.6312944138050078,573.949110686779,5.739491170644761,1.1683341285586357,0.184375,0.08503071439573764,nan,nan,nan,nan,nan,nan,nan,nan,nan,nan,15264,-0.0007580091416254042,0.012271104380488396,1.0678504586219788,0.0020302423974499105,0.28587879687547685,0.28587879687547685,0.05973586179316044,0.0016516529256477952,0.014484375080792233,0.946701169013977,1.0,0.003134615384615384,0.00017365384615384617,4,0.25,0.25,0.59375,0.184375,2.709517589211464,1.8338006871938706,0.1134375,0.8941964709758758
477,1529600,-164.1481533050537,-1.6414817282557488,-164.1481533050537,-1.6414817282557488,0.0,164.1481533050537,1.6414817282557488,572.9303979873657,5.7293038561940195,1.3106683096289635,0.223125,0.09656297230987185,nan,nan,nan,nan,nan,nan,nan,nan,nan,nan,15296,-0.0004640137141727063,0.011390725709497928,1.0672819852828979,0.0019012241158634425,0.15670179054141045,0.15670179054141045,0.052616150304675105,0.0013492390608007554,0.008012500003678725,0.969377875328064,1.0,0.0031201923076923073,0.00017254807692307697,4,0.25,0.25,0.53125,0.223125,3.3449947553873063,1.9922150468826294,0.15125,0.9023214709758759
478,1532800,-28.967273354530334,-0.2896727728843689,-28.967273354530334,-0.2896727728843689,0.0,28.967273354530334,0.2896727728843689,708.1112779378891,7.081112811565399,0.976968827098608,0.2609375,0.13198867702074538,nan,nan,nan,nan,nan,nan,nan,nan,nan,nan,15328,-0.0005779286054952593,0.011954812705516816,1.054190218448639,0.002125406335107982,0.28238054513931277,0.28238054513931277,0.07577372454106808,0.0013818213832564653,0.008468749889289029,0.9500885009765625,1.0,0.0031057692307692297,0.00017144230769230767,4,0.25,0.25,0.71875,0.2609375,3.0289176762104035,1.5461738526821136,0.1621875,0.9450893300771713
479,1536000,-87.21898531913757,-0.872189974784851,-87.21898531913757,-0.872189974784851,0.0,87.21898531913757,0.872189974784851,649.8595659732819,6.498595609664918,1.1512977773696185,0.24375,0.11330370094001212,nan,nan,nan,nan,nan,nan,nan,nan,nan,nan,15360,-0.00037388375743834245,0.012320394162088633,1.0618471145629882,0.002503776270896196,0.1580502651631832,0.1580502651631832,0.06760128699243069,0.001041617096052505,0.0062625001155538484,0.9523918032646179,1.0,0.003091346153846153,0.00017033653846153848,4,0.25,0.25,0.625,0.24375,3.06895967066288,2.283031669855118,0.155,0.8842857551574707
480,1539200,-199.5928065776825,-1.9959279736876487,-199.5928065776825,-1.9959279736876487,0.0,199.5928065776825,1.9959279736876487,537.4857447147369,5.3748576107621195,1.0691681787371636,0.180625,0.08729353266501394,-233.66868964582682,-2.3366868964582683,-233.66868964582682,-2.3366868964582683,100.0,0.6857058944134041,0.11,0.06525456211819088,233.66868964582682,390.9073963984847,15392,-0.0004691091402374781,0.012692805752158165,1.0611978888511657,0.002612069481983781,0.2508410543203354,0.2508410543203354,0.06370850764214993,0.001033676342194667,0.007762500003445893,0.9593138098716736,1.0,0.003076923076923076,0.00016923076923076917,4,0.25,0.25,0.53125,0.180625,2.8496342945098876,2.338219233751297,0.1115625,0.919553611278534
481,1542400,-155.32480549812317,-1.5532482838630677,-155.32480549812317,-1.5532482838630677,0.0,155.32480549812317,1.5532482838630677,581.7537457942963,5.8175373005867,0.8366698928922415,0.19875,0.10821215111607473,nan,nan,nan,nan,nan,nan,nan,nan,nan,nan,15424,-0.0007486229386238996,0.013526636734604835,1.0276660680770875,0.0028674681903794407,0.25958162248134614,0.25958162248134614,0.06913133114576339,0.001323031200445257,0.008728125039488078,0.9404658675193787,1.0,0.0030624999999999993,0.00016812499999999998,4,0.25,0.25,0.625,0.19875,4.29125084400177,1.150805903226137,0.1296875,0.8984375435113907
482,1545600,-145.39511811733246,-1.4539509665966035,-145.39511811733246,-1.4539509665966035,0.0,145.39511811733246,1.4539509665966035,591.683433175087,5.916834617853165,0.9825886408984661,0.1953125,0.098513880272959,nan,nan,nan,nan,nan,nan,nan,nan,nan,nan,15456,-0.0004629586189446755,0.009453410934656858,1.1008214831352234,0.0009083582554012537,0.24811946526169776,0.24811946526169776,0.07878752276301385,0.0009048013758729212,0.006303124845726415,0.9531172513961792,1.0,0.0030480769230769224,0.00016701923076923079,4,0.25,0.25,0.5625,0.1953125,2.8509008890390395,1.7858561837673188,0.121875,0.9022768270969391
483,1548800,-43.052310526371,-0.430523239672184,-43.052310526371,-0.430523239672184,0.0,43.052310526371,0.430523239672184,694.0262407660484,6.940262344777584,0.8634492702037097,0.2665625,0.14304789739237694,nan,nan,nan,nan,nan,nan,nan,nan,nan,nan,15488,-0.0007238428191048918,0.010903226770460605,1.0524390935897827,0.0015350347151979805,0.2819689825177193,0.2819689825177193,0.05096026137471199,0.0015045107375044608,0.011184374894946813,0.9566187858581543,1.0,0.0030336538461538456,0.0001659134615384616,4,0.25,0.25,0.71875,0.2665625,2.8552943831682205,1.8529867458343505,0.1853125,0.9270982599258423
484,1552000,-180.55867475271225,-1.8055867606401443,-180.55867475271225,-1.8055867606401443,0.0,180.55867475271225,1.8055867606401443,556.5198765397072,5.565198823809624,1.292976453229785,0.171875,0.0749571587435643,nan,nan,nan,nan,nan,nan,nan,nan,nan,nan,15520,-0.0007725710544036702,0.012599441036581994,1.0459937930107117,0.002369052916765213,0.3134919017553329,0.3134919017553329,0.06858127005398273,0.0016725509485695511,0.011678124964237212,0.9275867938995361,1.0,0.003019230769230769,0.0001648076923076923,4,0.25,0.25,0.625,0.171875,3.3715254509449006,2.489193447828293,0.11,0.8351786124706269
485,1555200,-51.729620814323425,-0.517296189069748,-51.729620814323425,-0.517296189069748,0.0,51.729620814323425,0.517296189069748,685.348930478096,6.85348939538002,1.2284522172808647,0.245625,0.1102222421891142,nan,nan,nan,nan,nan,nan,nan,nan,nan,nan,15552,-0.00043244550655435754,0.009987589996308088,1.0257891535758972,0.0014790503308176994,0.20900723785161973,0.20900723785161973,0.05310251973569393,0.0012400243133015465,0.008584375132340939,0.952634871006012,1.0,0.003004807692307691,0.0001637019230769231,4,0.25,0.25,0.65625,0.245625,2.426269379258156,2.2283010959625242,0.1575,0.9143750464916229
486,1558400,-41.069209933280945,-0.4106920540332794,-41.069209933280945,-0.4106920540332794,0.0,41.069209933280945,0.4106920540332794,696.0093413591385,6.960093530416489,0.9295705167204141,0.2559375,0.13263961994765705,nan,nan,nan,nan,nan,nan,nan,nan,nan,nan,15584,-0.0006304762032581124,0.013506247662007809,1.0360880613327026,0.0030243457993492486,0.2310018077492714,0.2310018077492714,0.07612573727965355,0.0018283138022525236,0.01655937506002374,0.9299805760383606,1.0,0.0029903846153846144,0.0001625961538461539,4,0.25,0.25,0.71875,0.2559375,1.6595548053085805,1.8424291384220124,0.1575,0.9404018306732178
487,1561600,-71.88100624084473,-0.7188098368048668,-71.88100624084473,-0.7188098368048668,0.0,71.88100624084473,0.7188098368048668,665.1975450515747,6.651975747644902,0.8768361636996269,0.24625,0.13120484609300742,nan,nan,nan,nan,nan,nan,nan,nan,nan,nan,15616,-0.0006018099384498043,0.014292184170335532,1.0481541633605957,0.003425015858374536,0.2866987302899361,0.2866987302899361,0.06415090672671794,0.0014596513028664049,0.009484375035390258,0.9489185810089111,1.0,0.0029759615384615376,0.0001614903846153846,4,0.25,0.25,0.625,0.24625,2.8531953445076943,1.7374070966243744,0.1659375,0.9021875387430192
488,1564800,-17.632671356201172,-0.17632687628269195,-17.632671356201172,-0.17632687628269195,0.0,17.632671356201172,0.17632687628269195,719.4458799362183,7.194458708167076,0.5496841098368168,0.2590625,0.16717116627548018,nan,nan,nan,nan,nan,nan,nan,nan,nan,nan,15648,-0.0010023141559679038,0.013728979043662548,1.0582805752754212,0.002728036744520068,0.3897184282541275,0.3897184282541275,0.07167175859212875,0.001797922546393238,0.014496874785982073,0.9379594326019287,1.0,0.0029615384615384608,0.0001603846153846154,4,0.25,0.25,0.71875,0.2590625,1.677845727801323,1.187792528271675,0.1771875,0.9128125405311585
489,1568000,-117.58579823374748,-1.1758580446243285,-117.58579823374748,-1.1758580446243285,0.0,117.58579823374748,1.1758580446243285,619.492753058672,6.194927539825439,1.2770746690034867,0.21625,0.09496833939777531,nan,nan,nan,nan,nan,nan,nan,nan,nan,nan,15680,-0.0008661030037095951,0.013891170267015696,1.0325130224227905,0.003036547172814608,0.3825962632894516,0.3825962632894516,0.05956907384097576,0.0016077294014394284,0.01474062530323863,0.9307070970535278,1.0,0.002947115384615384,0.0001592788461538462,4,0.25,0.25,0.65625,0.21625,3.4267896378040312,1.9636851507425308,0.135,0.8987946808338165
490,1571200,-35.22225505113602,-0.35222263425588607,-35.22225505113602,-0.35222263425588607,0.0,35.22225505113602,0.35222263425588607,701.8562962412834,7.018562950193882,0.7697694918513298,0.2234375,0.12625231762033898,nan,nan,nan,nan,nan,nan,nan,nan,nan,nan,15712,-0.0005722183815785708,0.012239363696426152,1.0313617944717408,0.0025227964855730534,0.13867695927619933,0.13867695927619933,0.06527446210384369,0.001347468129824847,0.00784687515697442,0.92011958360672,1.0,0.002932692307692307,0.0001581730769230769,4,0.25,0.25,0.75,0.2234375,2.091102095991373,1.3228809790313243,0.1346875,0.8812500417232514
491,1574400,-124.33982110023499,-1.2433983173966408,-124.33982110023499,-1.2433983173966408,0.0,124.33982110023499,1.2433983173966408,612.7387301921844,6.127387267053128,0.910297759026289,0.2196875,0.11500170534251082,nan,nan,nan,nan,nan,nan,nan,nan,nan,nan,15744,-0.0006832229860417982,0.012569963373243809,1.0446441531181336,0.0025532056577503683,0.2357182279229164,0.2357182279229164,0.06470177993178368,0.001370475659496151,0.009746875101700424,0.9437268376350403,1.0,0.0029182692307692304,0.00015706730769230771,4,0.25,0.25,0.5625,0.2196875,3.031691503226757,2.156990625858307,0.1415625,0.8709821838140488
492,1577600,-106.06510782241821,-1.0606508922576905,-106.06510782241821,-1.0606508922576905,0.0,106.06510782241821,1.0606508922576905,631.0134434700012,6.310134692192078,1.2518083216249942,0.2490625,0.11060555092907136,nan,nan,nan,nan,nan,nan,nan,nan,nan,nan,15776,-0.000919857847114347,0.010864645708352327,1.0444623231887817,0.0014795072143897413,0.15202441737055777,0.15202441737055777,0.05716545023024082,0.0015817341602087254,0.01529999973718077,0.9517824053764343,1.0,0.0029038461538461536,0.00015596153846153852,4,0.25,0.25,0.625,0.2490625,2.590919322669506,2.7491582667827608,0.153125,0.8783482545614243
493,1580800,-62.903452664613724,-0.6290348243713378,-62.903452664613724,-0.6290348243713378,0.0,62.903452664613724,0.6290348243713378,674.1750986278057,6.74175076007843,0.8051880461722613,0.2503125,0.1386628393262215,nan,nan,nan,nan,nan,nan,nan,nan,nan,nan,15808,-0.0006178144742385427,0.011794141214340925,1.0078411102294922,0.0023671766510233285,0.3056274116039276,0.3056274116039276,0.05313039273023605,0.001511967459373409,0.01234687500327709,0.9548080563545227,1.0,0.0028894230769230768,0.00015485576923076922,4,0.25,0.25,0.65625,0.2503125,2.176398650407791,2.032085120677948,0.1575,0.9064286154508591
494,1584000,-151.38461875915527,-1.5138461665809155,-151.38461875915527,-1.5138461665809155,0.0,151.38461875915527,1.5138461665809155,585.6939325332642,5.856939417868853,0.8978425785899162,0.19875,0.10472417588379214,nan,nan,nan,nan,nan,nan,nan,nan,nan,nan,15840,-0.0006350598875957125,0.010316689778119326,1.039632785320282,0.0015343406936153769,0.3704895839095116,0.3704895839095116,0.05984483398497105,0.0011498271367599954,0.008500000066123902,0.951431930065155,1.0,0.002875,0.00015375000000000002,4,0.25,0.25,0.5625,0.19875,2.529864293932915,2.197922291755676,0.1175,0.8791964685916901
495,1587200,-165.90276718139648,-1.6590274503827096,-165.90276718139648,-1.6590274503827096,0.0,165.90276718139648,1.6590274503827096,571.175784111023,5.7117581340670585,1.157699791714549,0.1790625,0.08298768006911358,nan,nan,nan,nan,nan,nan,nan,nan,nan,nan,15872,-0.0005405631513509479,0.0107860310934484,1.0184279322624206,0.001939161028712988,0.2792862646281719,0.2792862646281719,0.05046474672853947,0.001108361375008826,0.007634374918416143,0.9559623599052429,1.0,0.002860576923076923,0.00015264423076923083,4,0.25,0.25,0.625,0.1790625,2.4558026391267775,2.7474155580997466,0.1265625,0.8840625381469727
496,1590400,34.96861720085144,0.34968614995479586,34.96861720085144,0.34968614995479586,0.0,0.0,0.0,772.0471684932709,7.720471734404564,0.6559222619235515,0.3,0.18116792490700265,nan,nan,nan,nan,nan,nan,nan,nan,nan,nan,15904,-0.0004949747479754407,0.01232756208628416,0.9702389597892761,0.002907356945797801,0.17537083178758622,0.17537083178758622,0.05619421564042568,0.0011096067930338905,0.005512499992619269,0.9473345875740051,1.0,0.0028461538461538463,0.00015153846153846164,4,0.25,0.25,0.8125,0.3,2.716347349882126,1.1566147547960282,0.1846875,0.8652232599258423
497,1593600,-84.75424069166183,-0.8475424888730049,-84.75424069166183,-0.8475424888730049,0.0,84.75424069166183,0.8475424888730049,652.3243106007576,6.523243095576763,1.2316922695934773,0.246875,0.11062233058008956,nan,nan,nan,nan,nan,nan,nan,nan,nan,nan,15936,-0.0006211069098906563,0.013268286548554897,1.0259741187095641,0.003107753908261657,0.23117384165525437,0.23117384165525437,0.06775857210159301,0.0012352995996479875,0.008649999984481838,0.9511966705322266,1.0,0.0028317307692307687,0.00015043269230769233,4,0.25,0.25,0.625,0.246875,2.57642630815506,2.609736065864563,0.15625,0.8655357557535172
498,1596800,-39.49103531241417,-0.39491037964820863,-39.49103531241417,-0.39491037964820863,0.0,39.49103531241417,0.39491037964820863,697.5875159800053,6.97587520480156,0.8811308477818965,0.245625,0.13057305412306888,nan,nan,nan,nan,nan,nan,nan,nan,nan,nan,15968,-0.0005910210771311597,0.012774699274450541,0.9910053014755249,0.003004361758939922,0.21330337151885032,0.21330337151885032,0.06710669919848442,0.0012020783055049834,0.006581249961163849,0.9367712140083313,1.0,0.002817307692307691,0.00014932692307692303,4,0.25,0.25,0.75,0.245625,3.0042866921424864,1.71407008767128,0.166875,0.9441964733600616
499,1600000,-107.80138778686523,-1.078013798892498,-107.80138778686523,-1.078013798892498,0.0,107.80138778686523,1.078013798892498,629.2771635055542,6.29277178555727,0.8863100311905145,0.2315625,0.12275951257803205,nan,nan,nan,nan,nan,nan,nan,nan,nan,nan,16000,-0.0005978069048607537,0.012462342623621225,1.008272933959961,0.0028072916436940433,0.2840078227221966,0.2840078227221966,0.06021115630865097,0.0014093597208557184,0.009434374961711001,0.9491796493530273,1.0,0.002802884615384614,0.00014822115384615384,4,0.25,0.25,0.65625,0.2315625,2.7932041442394255,1.9337808537483214,0.140625,0.8754464650154113
500,1603200,-44.41758704185486,-0.4441759690642357,-44.41758704185486,-0.4441759690642357,0.0,44.41758704185486,0.4441759690642357,692.6609642505646,6.926609615385533,0.7068526840209961,0.226875,0.13292008274875183,-178.2422861456871,-1.7824228614568711,-178.2422861456871,-1.7824228614568711,100.0,0.7138514960603789,0.145,0.08460476320924577,178.2422861456871,446.3337998986244,16032,-0.0007699333714320744,0.008999639749526977,1.043764090538025,0.0008193905698135496,0.35200743973255155,0.35200743973255155,0.05212024115025997,0.001632022566991509,0.013028124974516686,0.9521247148513794,1.0,0.0027884615384615374,0.00014711538461538464,4,0.25,0.25,0.5625,0.226875,3.076423396766186,1.0406709483265877,0.1525,0.9114732563495636
501,1606400,-41.25845730304718,-0.41258459150791166,-41.25845730304718,-0.41258459150791166,0.0,41.25845730304718,0.41258459150791166,695.8200939893723,6.9582009929418565,1.697933185249567,0.3159375,0.11710353011235704,nan,nan,nan,nan,nan,nan,nan,nan,nan,nan,16064,-0.0004093532584083626,0.014838335383683444,1.0114016652107238,0.004204147518612445,0.16677096411585807,0.16677096411585807,0.0606967356055975,0.0008675580582348629,0.004346874971815851,0.9528899192810059,1.0,0.0027740384615384606,0.00014600961538461534,4,0.25,0.25,0.6875,0.3159375,2.7515236538648606,3.122524771690369,0.2034375,0.8620089656114578
502,1609600,-75.97149634361267,-0.7597149682044982,-75.97149634361267,-0.7597149682044982,0.0,75.97149634361267,0.7597149682044982,661.1070549488068,6.61107061624527,1.1296110585331918,0.25125,0.11797928968919469,nan,nan,nan,nan,nan,nan,nan,nan,nan,nan,16096,-0.0006486817869823414,0.009986729361116886,0.9839346647262573,0.0016294015804305673,0.2938299492001534,0.2938299492001534,0.05407417491078377,0.0011971026793617056,0.008962499967310578,0.9511784315109253,1.0,0.002759615384615384,0.00014490384615384615,4,0.25,0.25,0.6875,0.25125,3.2489678764343264,1.8218094885349274,0.1753125,0.9012500369548797
503,1612800,74.41880285739899,0.7441880631446839,74.41880285739899,0.7441880631446839,0.0,0.0,0.0,811.4973541498184,8.114973647594452,0.7827088897675276,0.331875,0.1861633169077189,nan,nan,nan,nan,nan,nan,nan,nan,nan,nan,16128,-0.0007207129154296332,0.011768549680709839,0.9952980637550354,0.0024312773952260614,0.34565469622612,0.34565469622612,0.06742438860237598,0.0015706739595771069,0.011134375166147948,0.9468772411346436,1.0,0.002745192307692307,0.00014379807692307695,4,0.25,0.25,0.78125,0.331875,2.218814997524023,1.638494001030922,0.2140625,0.9003571850061417
504,1616000,-131.01635491847992,-1.3101633340120316,-131.01635491847992,-1.3101633340120316,0.0,131.01635491847992,1.3101633340120316,606.0621963739395,6.060622250437737,1.189682768136263,0.2128125,0.09718873578255093,nan,nan,nan,nan,nan,nan,nan,nan,nan,nan,16160,-0.0006639590857957956,0.0100659123621881,1.0007216572761535,0.0016362571390345694,0.24986196756362916,0.24986196756362916,0.06006410904228687,0.0014767179651244077,0.012078125023617759,0.9575126767158508,1.0,0.00273076923076923,0.00014269230769230765,4,0.25,0.25,0.6875,0.2128125,3.128018614649773,2.277598783969879,0.1471875,0.8740625411272049
505,1619200,108.93181303143501,1.0893181735277175,108.93181303143501,1.0893181735277175,0.0,0.0,0.0,846.0103643238544,8.460103757977485,0.7944859044998884,0.3559375,0.19835068032991737,nan,nan,nan,nan,nan,nan,nan,nan,nan,nan,16192,-0.0006370068541378781,0.00970742255449295,0.9759678065776825,0.0015656380215659737,0.21229665949940682,0.21229665949940682,0.06297199055552483,0.0009742415037180763,0.00634062506724149,0.9519968032836914,1.0,0.0027163461538461534,0.00014158653846153846,4,0.25,0.25,0.8125,0.3559375,2.5670031164586544,1.0271945205330848,0.23375,0.8990179002285004
506,1622400,-52.835064351558685,-0.5283507668972015,-52.835064351558685,-0.5283507668972015,0.0,52.835064351558685,0.5283507668972015,684.2434869408607,6.842434817552567,0.872621138766408,0.263125,0.14051160405747315,nan,nan,nan,nan,nan,nan,nan,nan,nan,nan,16224,-0.000813177487882788,0.01384989833459258,0.9841400802135467,0.003452700958587229,0.39076116383075715,0.39076116383075715,0.06149052157998085,0.001533142873813631,0.013115625252248719,0.9415663480758667,1.0,0.0027019230769230766,0.00014048076923076926,4,0.25,0.25,0.6875,0.263125,2.6218008956313135,1.6948632729053497,0.159375,0.8725000429153442
507,1625600,47.41653347015381,0.4741650661826134,47.41653347015381,0.4741650661826134,0.0,0.0,0.0,784.4950847625732,7.844950650632382,1.293091730326414,0.3259375,0.1421388842362638,nan,nan,nan,nan,nan,nan,nan,nan,nan,nan,16256,-0.0008925343285780763,0.01191936181858182,0.9737230062484741,0.0024502658983692528,0.3300370693206787,0.3300370693206787,0.06736148186028004,0.0017401070435880683,0.014128124964190646,0.954201877117157,1.0,0.002687499999999999,0.00013937500000000007,4,0.25,0.25,0.75,0.3259375,2.1290880954265594,1.835417889356613,0.215625,0.887142898440361
508,1628800,-52.2663334608078,-0.522663249373436,-52.2663334608078,-0.522663249373436,0.0,52.2663334608078,0.522663249373436,684.8122178316116,6.848122335076332,0.8652203524112702,0.2328125,0.12481769228983097,nan,nan,nan,nan,nan,nan,nan,nan,nan,nan,16288,-0.0005253547998756381,0.010408627800643444,0.9721009433269501,0.002080458519048989,0.32982398569583893,0.32982398569583893,0.062242818996310234,0.0015793097321875394,0.013618750055320561,0.9450262188911438,1.0,0.002673076923076922,0.00013826923076923076,4,0.25,0.25,0.71875,0.2328125,2.7776285362243653,1.1210514962673188,0.1484375,0.8623214709758759
509,1632000,-92.0822776556015,-0.9208226323127746,-92.0822776556015,-0.9208226323127746,0.0,92.0822776556015,0.9208226323127746,644.9962736368179,6.449962952136993,0.8815254544466734,0.25125,0.13353526491295253,nan,nan,nan,nan,nan,nan,nan,nan,nan,nan,16320,-0.0003200802650543011,0.01216994458809495,0.9643998920917511,0.0032008865382522345,0.1515070952475071,0.1515070952475071,0.06154617741703987,0.0008810298255411908,0.006684374983160523,0.9587534070014954,1.0,0.0026586538461538453,0.00013716346153846157,4,0.25,0.25,0.625,0.25125,3.327044679522514,1.6585113525390625,0.175,0.8971428966522217
510,1635200,62.34889504313469,0.6234889364242554,62.34889504313469,0.6234889364242554,0.0,0.0,0.0,799.4274463355541,7.994274520874024,0.9701254506409168,0.3384375,0.1717847459357983,nan,nan,nan,nan,nan,nan,nan,nan,nan,nan,16352,-0.00038838419728861597,0.012129896320402622,0.9623755574226379,0.003131820820271969,0.2605741649866104,0.2605741649866104,0.055505233258008956,0.001285517724318197,0.007346875104121864,0.950255811214447,1.0,0.0026442307692307685,0.00013605769230769238,4,0.25,0.25,0.78125,0.3384375,2.5426645722985266,1.3911139649152755,0.2125,0.900892898440361
511,1638400,72.46958807110786,0.7246958580613136,72.46958807110786,0.7246958580613136,0.0,0.0,0.0,809.5481393635273,8.095481442511081,0.637375873029232,0.310625,0.1897090369515017,nan,nan,nan,nan,nan,nan,nan,nan,nan,nan,16384,-0.0005471715396909715,0.011404948402196169,0.9093416213989258,0.0027639091247692706,0.12447106540203094,0.12447106540203094,0.0542108528316021,0.0008994460873509525,0.006346875055896817,0.9450225830078125,1.0,0.0026298076923076917,0.00013495192307692307,4,0.25,0.25,0.84375,0.310625,2.8656880912184715,1.2346108597517014,0.21875,0.8927679014205933
512,1641600,-164.30430996418,-1.643043200969696,-164.30430996418,-1.643043200969696,0.0,164.30430996418,1.643043200969696,572.7742413282394,5.727742383480072,1.2800690439343452,0.2065625,0.09059484428750833,nan,nan,nan,nan,nan,nan,nan,nan,nan,nan,16416,-0.0005392067145439716,0.013207164127379656,0.9667275428771973,0.0035360111156478523,0.2690631665289402,0.2690631665289402,0.047950387373566626,0.001071973087528022,0.004859374975785613,0.953870952129364,1.0,0.002615384615384615,0.00013384615384615388,4,0.25,0.25,0.5625,0.2065625,2.6043395355343817,2.4929950392246245,0.145625,0.8515625411272049
513,1644800,136.02434036135674,1.3602433747053146,136.02434036135674,1.3602433747053146,0.0,0.0,0.0,873.1028916537762,8.731028959155083,0.6590905917435884,0.3615625,0.21792812387660102,nan,nan,nan,nan,nan,nan,nan,nan,nan,nan,16448,-0.000742726708686714,0.013117762096226216,0.9249046623706818,0.003410512930713594,0.3095933124423027,0.3095933124423027,0.07038125172257423,0.0016954489849013044,0.015562499733641743,0.923977255821228,1.0,0.002600961538461538,0.00013274038461538469,4,0.25,0.25,0.8125,0.3615625,2.375945853292942,1.1324863731861115,0.240625,0.9417411130666733
514,1648000,-119.33515042066574,-1.1933512845635414,-119.33515042066574,-1.1933512845635414,0.0,119.33515042066574,1.1933512845635414,617.7434008717537,6.177434299886227,1.1900705227255821,0.22875,0.1044486913212806,nan,nan,nan,nan,nan,nan,nan,nan,nan,nan,16480,-0.0009209295522770944,0.010817961953580379,0.9539475202560425,0.002020629495382309,0.5597073405981063,0.5597073405981063,0.04837096370756626,0.0017171123188745696,0.01422499967738986,0.954698383808136,1.0,0.0025865384615384613,0.00013163461538461538,4,0.25,0.25,0.65625,0.22875,3.3117856693267824,1.6853078073263168,0.155,0.8714732545614242
515,1651200,58.451868653297424,0.5845185989141464,58.451868653297424,0.5845185989141464,0.0,0.0,0.0,795.5304199457169,7.955304183363914,1.1228027309477329,0.3309375,0.15589649248861281,nan,nan,nan,nan,nan,nan,nan,nan,nan,nan,16512,-0.0009197512090904691,0.012370379082858563,0.9189084708690644,0.002901899768039584,0.4720866233110428,0.4720866233110428,0.06118342168629169,0.0015039226389490068,0.014793750178068877,0.9474674463272095,1.0,0.0025721153846153845,0.0001305288461538462,4,0.25,0.25,0.8125,0.3309375,2.7575023162364958,1.6763042080402375,0.203125,0.8688839691877365
516,1654400,101.11417973041534,1.0111418253183364,101.11417973041534,1.0111418253183364,0.0,0.0,0.0,838.1927310228348,8.381927409768105,0.7603847526013852,0.345625,0.19633492024357588,nan,nan,nan,nan,nan,nan,nan,nan,nan,nan,16544,-0.0007544019991997608,0.012032209616154432,0.9511184930801392,0.002829034347087145,0.42745021283626555,0.42745021283626555,0.06968902200460433,0.0016954655555309727,0.01254999996162951,0.9412131309509277,1.0,0.0025576923076923077,0.000129423076923077,4,0.25,0.25,0.78125,0.345625,2.910836894214153,1.0326783722639084,0.22875,0.8883928996324539
517,1657600,-51.71978658437729,-0.5171976487338543,-51.71978658437729,-0.5171976487338543,0.0,51.71978658437729,0.5171976487338543,685.3587647080421,6.853587935715914,0.7307503394782543,0.25875,0.149501631805545,nan,nan,nan,nan,nan,nan,nan,nan,nan,nan,16576,-0.000823232679348429,0.009739181771874428,0.9479173839092254,0.0016355492174625398,0.3516006827354431,0.3516006827354431,0.04227196387946606,0.0018072972554364242,0.017793750297278164,0.9580016136169434,1.0,0.00254326923076923,0.0001283173076923077,4,0.25,0.25,0.75,0.25875,2.7551314836740493,2.1105303132534026,0.1634375,0.8800893265008927
518,1660800,-92.40986943244934,-0.9240986609458923,-92.40986943244934,-0.9240986609458923,0.0,92.40986943244934,0.9240986609458923,644.6686818599701,6.446686923503876,1.0609629508852958,0.2496875,0.12115089205885318,nan,nan,nan,nan,nan,nan,nan,nan,nan,nan,16608,-0.0004131364215005817,0.010626264289021492,0.9632977187633515,0.002463963907212019,0.1371728427708149,0.1371728427708149,0.057663286477327345,0.000962886957131559,0.007315625180490315,0.9576525688171387,1.0,0.0025288461538461524,0.0001272115384615385,4,0.25,0.25,0.65625,0.2496875,3.3703526055812834,1.8423564106225967,0.1553125,0.914017899632454
519,1664000,-87.78544735908508,-0.8778541648387909,-87.78544735908508,-0.8778541648387909,0.0,87.78544735908508,0.8778541648387909,649.2931039333344,6.4929314196109775,1.1636873809993267,0.2459375,0.11366591225688558,nan,nan,nan,nan,nan,nan,nan,nan,nan,nan,16640,-0.0006152812564046873,0.010542670916765928,0.9788376152515411,0.002194842230528593,0.31084701120853425,0.31084701120853425,0.06655424013733864,0.0012542658638267311,0.009256249852478504,0.942300021648407,1.0,0.0025144230769230756,0.0001261057692307692,4,0.25,0.25,0.6875,0.2459375,2.750812730491161,2.0653805339336397,0.146875,0.8665178960561752
520,1667200,-42.511717706918716,-0.4251169165968895,-42.511717706918716,-0.4251169165968895,0.0,42.511717706918716,0.4251169165968895,694.5668335855007,6.945668667852879,1.0305272805690766,0.2584375,0.12727605409348164,-179.46136976778507,-1.7946136976778506,-179.46136976778507,-1.7946136976778506,100.0,0.7447062091575936,0.145,0.0831085481549419,179.46136976778507,445.11471627652645,16672,-0.0006058978094311884,0.009049410279840232,0.9664561748504639,0.0015026669949293136,0.33710477501153946,0.33710477501153946,0.053438111767172815,0.0011279663784080185,0.008493750001071021,0.9528254270553589,1.0,0.0024999999999999988,0.000125,4,0.25,0.25,0.65625,0.2584375,2.3670890775322913,1.6033927378058435,0.1753125,0.9339286148548126
521,1670400,-144.54526257514954,-1.4454526224732398,-144.54526257514954,-1.4454526224732398,0.0,144.54526257514954,1.4454526224732398,592.5332887172699,5.925332961976529,0.9877830766141414,0.2071875,0.10423043763553391,nan,nan,nan,nan,nan,nan,nan,nan,nan,nan,16704,-0.000869946234137764,0.014110842160880566,0.9587518870830536,0.0038024231558665632,0.3595121920108795,0.3595121920108795,0.0711076207458973,0.0017051699738658498,0.013128124797367491,0.9409575462341309,1.0,0.002485576923076922,0.0001238942307692308,4,0.25,0.25,0.59375,0.2071875,2.8816239243745803,2.1266090488433838,0.119375,0.8576339679956436
522,1673600,-170.67491543293,-1.706749130487442,-170.67491543293,-1.706749130487442,0.0,170.67491543293,1.706749130487442,566.4036358594894,5.664036453962327,0.9064129395782947,0.1953125,0.1024502593038441,nan,nan,nan,nan,nan,nan,nan,nan,nan,nan,16736,-0.0009001210430636952,0.011460822261869907,0.9464978396892547,0.002491348283365369,0.40029284060001374,0.40029284060001374,0.053413841500878335,0.001569014324923046,0.01391562488861382,0.9502013325691223,1.0,0.002471153846153845,0.0001227884615384615,4,0.25,0.25,0.5,0.1953125,3.5059780538082124,1.2430913975834847,0.1321875,0.8866518223285675
523,1676800,-53.17320764064789,-0.5317323196679353,-53.17320764064789,-0.5317323196679353,0.0,53.17320764064789,0.5317323196679353,683.9053436517715,6.839053264781833,1.1537206247448921,0.265,0.12304288539345219,nan,nan,nan,nan,nan,nan,nan,nan,nan,nan,16768,-0.0006569532580673609,0.012977398931980133,0.9696808636188508,0.0034495013300329448,0.3556251645088196,0.3556251645088196,0.060493051260709765,0.0013811476121190936,0.00801249996293336,0.944434404373169,1.0,0.0024567307692307683,0.00012168269230769231,4,0.25,0.25,0.71875,0.265,2.317406615018845,1.60004297375679,0.153125,0.8389286088943482
524,1680000,-60.27975112199783,-0.6027975684404373,-60.27975112199783,-0.6027975684404373,0.0,60.27975112199783,0.6027975684404373,676.7988001704216,6.767988016009331,1.086509727910161,0.2578125,0.12356160939552574,nan,nan,nan,nan,nan,nan,nan,nan,nan,nan,16800,-0.0003843530091602432,0.011215040273964406,0.9587031543254853,0.0028817189391702413,0.18557340800762176,0.18557340800762176,0.05474063083529472,0.0013471743390255143,0.004115624900441617,0.9562313556671143,1.0,0.0024423076923076915,0.00012057692307692312,4,0.25,0.25,0.65625,0.2578125,2.1071402417123317,2.146113245487213,0.1521875,0.9105804008245468
525,1683200,-54.44277584552765,-0.5444276669621467,-54.44277584552765,-0.5444276669621467,0.0,54.44277584552765,0.5444276669621467,682.6357754468918,6.826357917487622,1.0573524589091539,0.25125,0.12212297358772319,nan,nan,nan,nan,nan,nan,nan,nan,nan,nan,16832,-0.0005614639302308433,0.010980116855353116,0.9316816866397858,0.002666578837670386,0.39595958292484285,0.39595958292484285,0.05513957999646664,0.0012073016994690988,0.008881250115518925,0.9416363835334778,1.0,0.0024278846153846147,0.00011947115384615382,4,0.25,0.25,0.71875,0.25125,2.2507975003123284,2.360051733851433,0.1596875,0.88566968023777
526,1686400,-112.17055097222328,-1.121705605983734,-112.17055097222328,-1.121705605983734,0.0,112.17055097222328,1.121705605983734,624.9080003201962,6.2490799784660345,1.4839496305584907,0.2284375,0.09196543166160667,nan,nan,nan,nan,nan,nan,nan,nan,nan,nan,16864,-0.0009574923726730411,0.012392654363065959,0.9784878015518188,0.0028772922698408364,0.6115183457732201,0.6115183457732201,0.0794740930199623,0.0015722887357696891,0.011099999956786632,0.9374443888664246,1.0,0.002413461538461538,0.00011836538461538462,4,0.25,0.25,0.65625,0.2284375,3.7716555133461953,1.881129789352417,0.143125,0.8887946838140488
527,1689600,-151.0420618057251,-1.5104204273223878,-151.0420618057251,-1.5104204273223878,0.0,151.0420618057251,1.5104204273223878,586.0364894866943,5.86036515712738,1.2140923145413398,0.2009375,0.09075389435224393,nan,nan,nan,nan,nan,nan,nan,nan,nan,nan,16896,-0.0004829878574048152,0.01189362071454525,0.9641614437103272,0.00315076201222837,0.5032733708620072,0.5032733708620072,0.061939344927668574,0.001678500123671256,0.013587500026915222,0.9513933658599854,1.0,0.002399038461538461,0.00011725961538461543,4,0.25,0.25,0.59375,0.2009375,2.9033089140057564,2.1931935966014864,0.1309375,0.8890625411272048
528,1692800,11.171867609024048,0.1117187088727951,11.171867609024048,0.1117187088727951,0.0,0.0,0.0,748.2504189014435,7.482504293322563,0.7299492587894201,0.27875,0.16113189365742614,nan,nan,nan,nan,nan,nan,nan,nan,nan,nan,16928,-0.00047619190659897725,0.008270768634974956,0.9292665243148803,0.0014432491501793266,0.3606490850448608,0.3606490850448608,0.040343202278018,0.0013583170890342443,0.009403124952223152,0.9567552804946899,1.0,0.0023846153846153843,0.00011615384615384623,4,0.25,0.25,0.8125,0.27875,3.009186561703682,0.7956879840791226,0.160625,0.9337500423192978
529,1696000,147.44521403312683,1.474452155828476,147.44521403312683,1.474452155828476,0.0,0.0,0.0,884.5237653255463,8.845237740278245,0.7106126862019301,0.3721875,0.21757555231650197,nan,nan,nan,nan,nan,nan,nan,nan,nan,nan,16960,-0.0006256717733806206,0.011256118305027485,0.9541913866996765,0.0027407704386860133,0.5701670289039612,0.5701670289039612,0.05904903709888458,0.0014835136884357781,0.0130187499220483,0.9403408765792847,1.0,0.0023701923076923075,0.00011504807692307693,4,0.25,0.25,0.90625,0.3721875,1.7751242032647132,1.5997666543722153,0.22125,0.913839327096939
530,1699200,-121.73204898834229,-1.2173206788301467,-121.73204898834229,-1.2173206788301467,0.0,121.73204898834229,1.2173206788301467,615.3465023040771,6.153464905619622,0.9806164227426052,0.23625,0.11928104669194814,nan,nan,nan,nan,nan,nan,nan,nan,nan,nan,16992,-0.0007459700746810904,0.012173926737159491,0.9762808740139007,0.0030411007348448036,0.4494069054722786,0.4494069054722786,0.06735139340162277,0.001632999056892004,0.015437500178813934,0.9545040726661682,1.0,0.00235576923076923,0.00011394230769230774,4,0.25,0.25,0.625,0.23625,3.1641022890806196,2.0740433025360105,0.143125,0.8641964691877365
531,1702400,11.591441869735718,0.11591431558132172,11.591441869735718,0.11591431558132172,0.0,0.0,0.0,748.6699931621552,7.48669990003109,0.9885357687622309,0.304375,0.1530648856215742,nan,nan,nan,nan,nan,nan,nan,nan,nan,nan,17024,-0.000560223393980408,0.009637649171054363,0.9641938388347626,0.002001089649274945,0.44462325870990754,0.44462325870990754,0.050489142164587976,0.0012691642827121542,0.008821875043213367,0.9587201476097107,1.0,0.002341346153846153,0.00011283653846153854,4,0.25,0.25,0.75,0.304375,2.523662794828415,2.1562615847587585,0.1990625,0.8795536136627198
532,1705600,-107.19299852848053,-1.0719301144778728,-107.19299852848053,-1.0719301144778728,0.0,107.19299852848053,1.0719301144778728,629.8855527639389,6.298855469971896,0.9120930282771588,0.21875,0.11440342952199295,nan,nan,nan,nan,nan,nan,nan,nan,nan,nan,17056,-0.0008949903813598503,0.010508768819272518,0.9424016535282135,0.002166497753933072,0.3427114009857178,0.3427114009857178,0.061325273290276525,0.001246455532600521,0.009443749883212149,0.947250247001648,1.0,0.0023269230769230763,0.00011173076923076924,4,0.25,0.25,0.625,0.21875,3.4572333586215973,1.5456662333011628,0.1421875,0.9047321856021882
533,1708800,-115.28219735622406,-1.152821989953518,-115.28219735622406,-1.152821989953518,0.0,115.28219735622406,1.152821989953518,621.7963539361954,6.217963594496251,0.90672916688025,0.216875,0.11374190093019151,nan,nan,nan,nan,nan,nan,nan,nan,nan,nan,17088,-0.000529941440210635,0.011475844215601683,0.9187812089920044,0.003083299146965146,0.3713128313422203,0.3713128313422203,0.05219502151012421,0.001666518045385601,0.014584375242702664,0.9502408504486084,1.0,0.0023124999999999995,0.00011062500000000005,4,0.25,0.25,0.625,0.216875,3.006207320392132,2.0772711598873137,0.1409375,0.8770089685916901
534,1712000,-108.84400224685669,-1.0884402066469192,-108.84400224685669,-1.0884402066469192,0.0,108.84400224685669,1.0884402066469192,628.2345490455627,6.282345377802849,1.053672100007534,0.231875,0.11290750845724074,nan,nan,nan,nan,nan,nan,nan,nan,nan,nan,17120,-0.00048717138004725766,0.009102986194193363,0.9272630393505097,0.001933399960398674,0.16776276826858522,0.16776276826858522,0.04095850698649883,0.001115835261225584,0.0070593749722320355,0.9670190215110779,1.0,0.0022980769230769226,0.00010951923076923085,4,0.25,0.25,0.65625,0.231875,2.7250616323947905,2.5086861383914947,0.15,0.8838839673995972
535,1715200,-112.33515131473541,-1.1233512806892394,-112.33515131473541,-1.1233512806892394,0.0,112.33515131473541,1.1233512806892394,624.743399977684,6.247434303760529,0.8262339969724417,0.23375,0.1279956458961526,nan,nan,nan,nan,nan,nan,nan,nan,nan,nan,17152,-0.0005286385515152148,0.009632640331983567,0.9467924892902374,0.0021255351137369873,0.2824951335787773,0.2824951335787773,0.04588769972324371,0.001213903250754811,0.008184374973643571,0.9599999189376831,1.0,0.002283653846153846,0.00010841346153846155,4,0.25,0.25,0.59375,0.23375,1.903804301917553,2.41793238401413,0.1465625,0.8799553936719895
536,1718400,-56.3901452422142,-0.5639013330638408,-56.3901452422142,-0.5639013330638408,0.0,56.3901452422142,0.5639013330638408,680.6884060502052,6.806884251385927,1.1474118077754973,0.2753125,0.1282066620864845,nan,nan,nan,nan,nan,nan,nan,nan,nan,nan,17184,-0.0005439169626450191,0.011748564150184392,0.9816858351230622,0.0031026933575049043,0.2945093348622322,0.2945093348622322,0.06123330146074295,0.0012237648072186858,0.007549999933689833,0.9532334804534912,1.0,0.002269230769230769,0.00010730769230769236,4,0.25,0.25,0.65625,0.2753125,2.2043922358751296,2.508573386669159,0.170625,0.9244196885824203
537,1721600,30.490031957626343,0.30490022599697114,30.490031957626343,0.30490022599697114,0.0,0.0,0.0,767.5685832500458,7.67568581044674,0.9444383503496647,0.3225,0.16585766267261978,nan,nan,nan,nan,nan,nan,nan,nan,nan,nan,17216,-0.000666897421097401,0.007907903008162975,0.9430142402648926,0.0011607383843511344,0.346308197081089,0.346308197081089,0.04697198383510113,0.0015565063906251453,0.014087499945890158,0.9668533802032471,1.0,0.0022548076923076914,0.00010620192307692305,4,0.25,0.25,0.75,0.3225,2.351069972217083,1.5798014277219772,0.2121875,0.9001339691877365
538,1724800,10.677206009626389,0.10677217304706574,10.677206009626389,0.10677217304706574,0.0,0.0,0.0,747.7557573020458,7.477557757496834,0.7122519429773092,0.2896875,0.16918509054005432,nan,nan,nan,nan,nan,nan,nan,nan,nan,nan,17248,-0.0003465093576931366,0.008553757518529891,0.9431025862693787,0.0018174568191170692,0.2588875159621239,0.2588875159621239,0.05029134713113308,0.0009487978226388804,0.005890624900348485,0.963083028793335,1.0,0.0022403846153846146,0.00010509615384615386,4,0.25,0.25,0.71875,0.2896875,1.9287670612335206,1.344054136276245,0.1875,0.9171875470876694
539,1728000,-21.89858043193817,-0.2189858877658844,-21.89858043193817,-0.2189858877658844,0.0,21.89858043193817,0.2189858877658844,715.1799708604813,7.1517996966838835,0.9190546597540379,0.2740625,0.1428112006122463,nan,nan,nan,nan,nan,nan,nan,nan,nan,nan,17280,-0.0008536217494169662,0.009411946963518858,0.9252232551574707,0.001792840287089348,0.5624956429004669,0.5624956429004669,0.046114444732666016,0.0015169643855188041,0.014596874825656414,0.9584268927574158,1.0,0.0022259615384615378,0.00010399038461538456,4,0.25,0.25,0.65625,0.2740625,2.0463270196318626,1.675829916894436,0.186875,0.8892857605218887
540,1731200,-56.602147579193115,-0.5660214895009994,-56.602147579193115,-0.5660214895009994,0.0,56.602147579193115,0.5660214895009994,680.4764037132263,6.804764094948769,1.2900021666288375,0.2528125,0.11039836716494066,-182.10523709654808,-1.821052370965481,-182.10523709654808,-1.821052370965481,100.0,0.7366267197206616,0.145,0.08349520271306399,182.10523709654808,442.47084894776344,17312,-0.0003912274655682779,0.011507815588265658,0.9031038165092469,0.003365431632846594,0.25964867547154424,0.25964867547154424,0.05262915641069412,0.0012679064435360487,0.008874999961699359,0.9563065767288208,1.0,0.00221153846153846,0.00010288461538461536,4,0.25,0.25,0.71875,0.2528125,2.6781808802485467,2.208507285118103,0.1603125,0.8906696873903275
541,1734400,-100.70175445079803,-1.0070177614688873,-100.70175445079803,-1.0070177614688873,0.0,100.70175445079803,1.0070177614688873,636.3767968416214,6.363767822980881,1.3448297055065632,0.240625,0.1026193925447634,nan,nan,nan,nan,nan,nan,nan,nan,nan,nan,17344,-0.0007071590478298972,0.01512882299721241,0.9235658824443818,0.004828071547672152,0.5547288328409195,0.5547288328409195,0.07249038740992546,0.0015508875221712515,0.01406562477350235,0.922356128692627,1.0,0.0021971153846153833,0.00010177884615384617,4,0.25,0.25,0.65625,0.240625,3.392939803302288,1.919926952123642,0.1625,0.9124107581377029
542,1737600,-104.39255690574646,-1.0439255851507188,-104.39255690574646,-1.0439255851507188,0.0,104.39255690574646,1.0439255851507188,632.685994386673,6.3268599992990495,1.2577411386370658,0.256875,0.11377522232467634,nan,nan,nan,nan,nan,nan,nan,nan,nan,nan,17376,-0.000620377336035105,0.01269619157537818,0.933972430229187,0.003689143992960453,0.43879969269037244,0.43879969269037244,0.05919536538422108,0.0016099542030133308,0.013193750055506825,0.9467086791992188,1.0,0.0021826923076923074,0.00010067307692307697,4,0.25,0.25,0.53125,0.256875,3.2339798232913015,2.722667760848999,0.1615625,0.8856696844100952
543,1740800,29.897882997989655,0.29897884786129,29.897882997989655,0.29897884786129,0.0,0.0,0.0,766.9764342904091,7.669764432311058,0.7040838941931724,0.2859375,0.16779543599605581,nan,nan,nan,nan,nan,nan,nan,nan,nan,nan,17408,-0.0005987677376601219,0.008912468235939741,0.9126253962516785,0.0018786488100886345,0.434323351085186,0.434323351085186,0.05539894439280033,0.0012788172971340828,0.008915624907240271,0.9523851871490479,1.0,0.0021682692307692306,9.956730769230767e-05,4,0.25,0.25,0.8125,0.2859375,2.565115664601326,1.4638011905550956,0.175625,0.8954464709758758
544,1744000,-120.38887071609497,-1.2038886269927025,-120.38887071609497,-1.2038886269927025,0.0,120.38887071609497,1.2038886269927025,616.6896805763245,6.166896957457066,1.3985221654176712,0.2309375,0.09628324612951211,nan,nan,nan,nan,nan,nan,nan,nan,nan,nan,17440,-0.0004724491791275653,0.014986159931868314,0.9158491015434265,0.005048032756894827,0.3374423533678055,0.3374423533678055,0.06280040964484215,0.001008497333532432,0.00727500008943025,0.9492712616920471,1.0,0.0021538461538461538,9.846153846153848e-05,4,0.25,0.25,0.59375,0.2309375,3.2144973796606062,1.9580486881732941,0.146875,0.942500039935112
545,1747200,104.94092833995819,1.0494092991948127,104.94092833995819,1.0494092991948127,0.0,0.0,0.0,842.0194796323776,8.42019488364458,0.7194898314028978,0.32,0.18610171119123067,nan,nan,nan,nan,nan,nan,nan,nan,nan,nan,17472,-0.0006774880253127335,0.011557374149560928,0.9239573776721954,0.003124463325366378,0.6613676905632019,0.6613676905632019,0.08336875811219216,0.0015825952723389491,0.01340625009033829,0.9091932773590088,1.0,0.002139423076923077,9.735576923076928e-05,4,0.25,0.25,0.8125,0.32,2.151044353544712,0.8671933683753014,0.196875,0.8842411077022553
546,1750400,-51.38612222671509,-0.5138613629341126,-51.38612222671509,-0.5138613629341126,0.0,51.38612222671509,0.5138613629341126,685.6924290657043,6.856924221515656,0.8186288582533598,0.2534375,0.1393563611672837,nan,nan,nan,nan,nan,nan,nan,nan,nan,nan,17504,-0.0005945978347910774,0.011216379515826703,0.9422515332698822,0.003011307260021567,0.6706339374184609,0.6706339374184609,0.05896389782428742,0.001745007089630235,0.01627187510021031,0.9396312236785889,1.0,0.002125,9.624999999999998e-05,4,0.25,0.25,0.5625,0.2534375,3.0129274895787237,1.8466341555118562,0.15375,0.8886607569456101
547,1753600,-61.436684638261795,-0.6143668094277381,-61.436684638261795,-0.6143668094277381,0.0,61.436684638261795,0.6143668094277381,675.6418666541576,6.756418775022031,0.8405307398736477,0.2359375,0.12818992635580598,nan,nan,nan,nan,nan,nan,nan,nan,nan,nan,17536,-0.0006291759678337172,0.0111858569085598,0.9141152203083038,0.0030344419879838823,0.24545482099056243,0.24545482099056243,0.05794599801301956,0.0011949801672017201,0.009109375026309863,0.9399009346961975,1.0,0.0021105769230769216,9.514423076923079e-05,4,0.25,0.25,0.625,0.2359375,2.4251381495594977,1.9404686641693116,0.1509375,0.9004464703798294
548,1756800,-101.09713351726532,-1.0109713518619536,-101.09713351726532,-1.0109713518619536,0.0,101.09713351726532,1.0109713518619536,635.9814177751541,6.359814232587815,0.9186013850569725,0.21375,0.11140928056489062,nan,nan,nan,nan,nan,nan,nan,nan,nan,nan,17568,-0.0006158375767874702,0.012412963341921568,0.9102750897407532,0.0036825674353167413,0.4906092584133148,0.4906092584133148,0.07460630685091019,0.0015669849177356809,0.013937499752501026,0.9338530898094177,1.0,0.002096153846153845,9.40384615384616e-05,4,0.25,0.25,0.65625,0.21375,2.2092471462488175,2.3459682309627534,0.14,0.863482181429863
549,1760000,-16.19495666027069,-0.1619492405653,-16.19495666027069,-0.1619492405653,0.0,16.19495666027069,0.1619492405653,720.8835946321487,7.208836343884468,0.712492913082242,0.2725,0.1591247461045191,nan,nan,nan,nan,nan,nan,nan,nan,nan,nan,17600,-0.00027551573647359716,0.01141595896333456,0.9116352200508118,0.003534684516489506,0.2740923210978508,0.2740923210978508,0.0635747492313385,0.0010597690852591768,0.005103125073947013,0.9423436522483826,1.0,0.002081730769230768,9.293269230769229e-05,4,0.25,0.25,0.6875,0.2725,2.7658934277296066,1.7688773036003114,0.1640625,0.8761161100864411
550,1763200,-72.3630833029747,-0.7236305922269821,-72.3630833029747,-0.7236305922269821,0.0,72.3630833029747,0.7236305922269821,664.7154679894447,6.647154992222786,0.7819313223659993,0.22625,0.12696897863582726,nan,nan,nan,nan,nan,nan,nan,nan,nan,nan,17632,-0.0007288171363295959,0.00947659956291318,0.9198137879371643,0.002107944490853697,0.6627031773328781,0.6627031773328781,0.049832844734191896,0.0010612026449962285,0.009065625071525574,0.9419795274734497,1.0,0.002067307692307691,9.18269230769231e-05,4,0.25,0.25,0.59375,0.22625,2.6263557589054107,1.4840750950574875,0.136875,0.9315625435113907
551,1766400,-72.44997274875641,-0.724499831199646,-72.44997274875641,-0.724499831199646,0.0,72.44997274875641,0.724499831199646,664.628578543663,6.6462857532501225,0.8016358209401369,0.224375,0.12453959751028693,nan,nan,nan,nan,nan,nan,nan,nan,nan,nan,17664,-0.0004592752027092528,0.009582268539816141,0.8888017535209656,0.00250725174555555,0.4544106051325798,0.4544106051325798,0.05349578931927681,0.0011135275461128912,0.007318750082049519,0.9392434358596802,1.0,0.0020528846153846144,9.07211538461539e-05,4,0.25,0.25,0.65625,0.224375,2.6037803238630293,1.3597315642237664,0.13875,0.9054018282890319
552,1769600,-53.95827269554138,-0.539582848995924,-53.95827269554138,-0.539582848995924,0.0,53.95827269554138,0.539582848995924,683.120278596878,6.831202735453845,1.2135417971014977,0.2771875,0.12522352203286183,nan,nan,nan,nan,nan,nan,nan,nan,nan,nan,17696,-0.0002619577863144151,0.011387874186038972,0.9126960813999176,0.003571483353152871,0.19056696593761444,0.19056696593761444,0.06065645404160023,0.0007077369231410557,0.003887499973643571,0.9466150999069214,1.0,0.0020384615384615376,8.961538461538471e-05,4,0.25,0.25,0.6875,0.2771875,2.2944303718209267,2.489722434282303,0.1696875,0.8524553990364074
553,1772800,-130.84041571617126,-1.3084039673209191,-130.84041571617126,-1.3084039673209191,0.0,130.84041571617126,1.3084039673209191,606.2381355762482,6.06238161712885,0.9202104459702969,0.2309375,0.12026676580404994,nan,nan,nan,nan,nan,nan,nan,nan,nan,nan,17728,-0.0007015434372355412,0.011699812486767769,0.9354232251644135,0.003255030210129917,0.6579284489154815,0.6579284489154815,0.05281048752367497,0.0011765102826757357,0.009137500013457612,0.9564037919044495,1.0,0.002024038461538461,8.85096153846154e-05,4,0.25,0.25,0.46875,0.2309375,2.597545105218887,2.31521452665329,0.1425,0.8503125357627869
554,1776000,-59.95508670806885,-0.5995508831739426,-59.95508670806885,-0.5995508831739426,0.0,59.95508670806885,0.5995508831739426,677.1234645843506,6.771234701275826,0.834896104708314,0.26,0.14169739601759695,nan,nan,nan,nan,nan,nan,nan,nan,nan,nan,17760,-0.000555864499416181,0.010207538120448589,0.9076675772666931,0.002723841951228678,0.5579431019723415,0.5579431019723415,0.04702604822814464,0.0015422558062709868,0.012384375184774398,0.9519932270050049,1.0,0.002009615384615384,8.740384615384621e-05,4,0.25,0.25,0.78125,0.26,3.4358113744854926,1.8035855293273926,0.1528125,0.9200893306732177
555,1779200,-67.65681853890419,-0.6765681377053261,-67.65681853890419,-0.6765681377053261,0.0,67.65681853890419,0.6765681377053261,669.4217327535152,6.694217446744442,1.2476220393925905,0.265625,0.11818045709846481,nan,nan,nan,nan,nan,nan,nan,nan,nan,nan,17792,-0.0006213909148703678,0.009769713040441275,0.9025020003318787,0.0024628004641272126,0.5042726546525955,0.5042726546525955,0.04537610895931721,0.0012052231963025407,0.00993125009117648,0.9572209119796753,1.0,0.001995192307692307,8.629807692307702e-05,4,0.25,0.25,0.75,0.265625,2.577482083141804,2.09777107834816,0.158125,0.8673214668035507
556,1782400,67.31907439231873,0.6731907640397549,67.31907439231873,0.6731907640397549,0.0,0.0,0.0,804.3976256847382,8.043976348489522,0.9605416505038739,0.326875,0.16672688382620726,nan,nan,nan,nan,nan,nan,nan,nan,nan,nan,17824,-0.0006904734687297242,0.010573953110724687,0.9005908906459809,0.002812640322372317,0.9256947785615921,0.9256947785615921,0.05541381575167179,0.0015430107319843954,0.014584375044796616,0.9419873952865601,1.0,0.0019807692307692304,8.519230769230772e-05,4,0.25,0.25,0.71875,0.326875,2.331944453418255,1.36804096698761,0.2134375,0.9095089733600616
557,1785600,-45.57980698347092,-0.4557979840040207,-45.57980698347092,-0.4557979840040207,0.0,45.57980698347092,0.4557979840040207,691.4987443089485,6.914987600445747,0.8538134989142417,0.26,0.14025143314161817,nan,nan,nan,nan,nan,nan,nan,nan,nan,nan,17856,-0.0004296547226025904,0.01009420482441783,0.9336294591426849,0.0027816091198474167,0.5383453816175461,0.5383453816175461,0.046584528684616086,0.0012691768410149963,0.008368750009685755,0.9456634521484375,1.0,0.001966346153846152,8.408653846153841e-05,4,0.25,0.25,0.59375,0.26,2.3719184869527816,1.6714916163682938,0.1634375,0.8967857533693313
558,1788800,3.2476579546928406,0.0324765744805336,3.2476579546928406,0.0324765744805336,0.0,0.0,0.0,740.3262092471123,7.403262158930302,0.9431181636452675,0.2809375,0.14458075955245278,nan,nan,nan,nan,nan,nan,nan,nan,nan,nan,17888,-0.0006585767463548109,0.011293035745620728,0.8925525069236755,0.003245747252367437,0.5282463073730469,0.5282463073730469,0.06845490895211696,0.0009094709625060204,0.005903125059194281,0.9337242841720581,1.0,0.001951923076923075,8.298076923076922e-05,4,0.25,0.25,0.71875,0.2809375,2.2969369103014468,1.1212888699769974,0.185,0.928303615450859
559,1792000,-229.00121316313744,-2.2900120455026625,-229.00121316313744,-2.2900120455026625,0.0,229.00121316313744,2.2900120455026625,508.077338129282,5.080773538947106,0.9841638576984405,0.1671875,0.08426093407120698,nan,nan,nan,nan,nan,nan,nan,nan,nan,nan,17920,-0.00041584885839549555,0.011341757513582707,0.9306816935539246,0.0034518341533839704,0.5325016051530838,0.5325016051530838,0.05151394344866276,0.0007927431764983339,0.005368749977787956,0.9474745392799377,1.0,0.0019374999999999983,8.187500000000003e-05,4,0.25,0.25,0.5,0.1671875,3.1626839992403983,1.8104549545049666,0.1046875,0.8637053978443145
560,1795200,-64.73616713285446,-0.647361621260643,-64.73616713285446,-0.647361621260643,0.0,64.73616713285446,0.647361621260643,672.342384159565,6.723423963189125,1.2070457480102776,0.245,0.11100812034407322,-239.03019085526466,-2.3903019085526465,-239.03019085526466,-2.3903019085526465,100.0,0.7353991576936096,0.11,0.06338599365588769,239.03019085526466,385.54589518904686,17952,-0.0004513225059083581,0.010366430692374706,0.8932562828063965,0.0030140923568978905,0.526197324693203,0.526197324693203,0.049487844482064246,0.0007108252770194667,0.004659375001210719,0.9438184499740601,1.0,0.0019230769230769214,8.076923076923072e-05,4,0.25,0.25,0.75,0.245,2.632061865180731,2.100535707473755,0.158125,0.9217857581377029
561,1798400,6.178610265254974,0.0617859697341919,6.178610265254974,0.0617859697341919,0.0,0.0,0.0,743.2571615576744,7.43257155418396,0.8471053858101368,0.2803125,0.15175771894414974,nan,nan,nan,nan,nan,nan,nan,nan,nan,nan,17984,-0.0006061762633966294,0.009998795576393604,0.905251407623291,0.0026654099114239217,0.5200478732585907,0.5200478732585907,0.047906433790922166,0.001456685048469808,0.012543749809265137,0.9478533864021301,1.0,0.0019086538461538446,7.966346153846153e-05,4,0.25,0.25,0.8125,0.2803125,2.4098384848237036,1.578030024766922,0.1709375,0.8668303990364075
562,1801600,42.45573276281357,0.42455745339393614,42.45573276281357,0.42455745339393614,0.0,0.0,0.0,779.534284055233,7.795343037843704,0.8641933783888817,0.3075,0.1649506985513247,nan,nan,nan,nan,nan,nan,nan,nan,nan,nan,18016,-0.0004822396228671977,0.008025752054527402,0.8960487604141235,0.001833313354291022,0.43067325949668883,0.43067325949668883,0.04272855296730995,0.0008870195364579558,0.007065624976530671,0.9464892148971558,1.0,0.0018942307692307678,7.855769230769233e-05,4,0.25,0.25,0.78125,0.3075,2.3014043989777564,1.234548145532608,0.180625,0.8855357593297959
563,1804800,-86.05999341607094,-0.8606000411510467,-86.05999341607094,-0.8606000411510467,0.0,86.05999341607094,0.8606000411510467,651.0185578763485,6.5101855432987215,1.6451622757315636,0.2609375,0.0986470669092819,nan,nan,nan,nan,nan,nan,nan,nan,nan,nan,18048,-0.0006559387878864343,0.011162369325757027,0.907660573720932,0.0032190185040235518,0.5273566395044327,0.5273566395044327,0.04932823218405247,0.0011839155453344575,0.011628124862909317,0.9532980918884277,1.0,0.001879807692307691,7.745192307692314e-05,4,0.25,0.25,0.6875,0.2609375,3.4771735203266143,2.095193418264389,0.165,0.867589328289032
564,1808000,-45.746023297309875,-0.4574602495133877,-45.746023297309875,-0.4574602495133877,0.0,45.746023297309875,0.4574602495133877,691.3325279951096,6.91332533493638,1.151027502119541,0.2815625,0.13089674572852228,nan,nan,nan,nan,nan,nan,nan,nan,nan,nan,18080,-0.00052654581107201,0.010046555660665035,0.9244273424148559,0.002772319468203932,0.7198475524783134,0.7198475524783134,0.057873043417930606,0.001438054877507966,0.0119625000981614,0.9527579545974731,1.0,0.0018653846153846142,7.634615384615384e-05,4,0.25,0.25,0.65625,0.2815625,3.215504758954048,1.9262324529886246,0.186875,0.866250039935112
565,1811200,-80.10188946127892,-0.8010190054029226,-80.10188946127892,-0.8010190054029226,0.0,80.10188946127892,0.8010190054029226,656.9766618311405,6.569766579046846,0.9378712666779756,0.2425,0.12513731132187597,nan,nan,nan,nan,nan,nan,nan,nan,nan,nan,18112,-0.00042110464560387586,0.012475533504039049,0.9237535238265991,0.004106829920783639,0.46099293828010557,0.46099293828010557,0.06199597455561161,0.0013342216654564254,0.009475000148813705,0.9366064667701721,1.0,0.0018509615384615374,7.524038461538464e-05,4,0.25,0.25,0.5625,0.2425,2.495254131555557,1.9842433512210846,0.16625,0.869598258137703
566,1814400,-98.65274649858475,-0.9865275296568871,-98.65274649858475,-0.9865275296568871,0.0,98.65274649858475,0.9865275296568871,638.4258047938347,6.384258054792881,0.9928762225806713,0.2278125,0.1143134216860667,nan,nan,nan,nan,nan,nan,nan,nan,nan,nan,18144,-0.0005106727272272237,0.009649362694472075,0.9077117443084717,0.0026469611562788486,0.46469667702913287,0.46469667702913287,0.04817778542637825,0.001178768811223563,0.010584375151665881,0.9447270631790161,1.0,0.0018365384615384606,7.413461538461545e-05,4,0.25,0.25,0.625,0.2278125,3.0109420329332353,2.0362681937217713,0.1471875,0.9101786106824875
567,1817600,-28.576254338026047,-0.2857622155547142,-28.576254338026047,-0.2857622155547142,0.0,28.576254338026047,0.2857622155547142,708.5022969543934,7.085023368895054,0.9743132874369621,0.2746875,0.1391306545662756,nan,nan,nan,nan,nan,nan,nan,nan,nan,nan,18176,-0.0005367698147907607,0.01003694636747241,0.9298075079917908,0.002787486813031137,0.5591905429959297,0.5591905429959297,0.04746259115636349,0.000949123153986875,0.007065625058021397,0.9471501708030701,1.0,0.0018221153846153838,7.302884615384615e-05,4,0.25,0.25,0.71875,0.2746875,3.204385740160942,1.5002067065238953,0.1846875,0.8996428972482682
568,1820800,-129.92629551887512,-1.2992629566788674,-129.92629551887512,-1.2992629566788674,0.0,129.92629551887512,1.2992629566788674,607.1522557735443,6.071522627770901,1.1868044736981391,0.2390625,0.10932047326376543,nan,nan,nan,nan,nan,nan,nan,nan,nan,nan,18208,-0.0003695720300485483,0.009348644316196442,0.9372552633285522,0.002610480901785195,0.4302032008767128,0.4302032008767128,0.04766584187746048,0.0010549622660619208,0.0061343750450760124,0.9624865651130676,1.0,0.001807692307692307,7.192307692307695e-05,4,0.25,0.25,0.59375,0.2390625,3.0146303683519364,2.9810204315185547,0.171875,0.867366110086441
569,1824000,-91.6526643037796,-0.9165266326069832,-91.6526643037796,-0.9165266326069832,0.0,91.6526643037796,0.9165266326069832,645.4258869886398,6.454258951842785,0.8255065260082484,0.2359375,0.1292449501760554,nan,nan,nan,nan,nan,nan,nan,nan,nan,nan,18240,-0.00036451577739216035,0.008578362222760916,0.9124742567539215,0.002288353384938091,0.289065320789814,0.289065320789814,0.04885252974927425,0.0009010229874547804,0.004531250026775524,0.9556280374526978,1.0,0.0017932692307692302,7.081730769230776e-05,4,0.25,0.25,0.71875,0.2359375,2.810714462697506,1.6520759731531143,0.13875,0.9067411100864411
570,1827200,-50.389517813920975,-0.5038949939608574,-50.389517813920975,-0.5038949939608574,0.0,50.389517813920975,0.5038949939608574,686.6890334784985,6.866890590488911,1.033027961999178,0.2609375,0.12834919385142501,nan,nan,nan,nan,nan,nan,nan,nan,nan,nan,18272,-0.00020810964254991404,0.00963400723412633,0.9156005442142486,0.0029801814584061504,0.2273828774690628,0.2273828774690628,0.06705362387001515,0.0005348658938601148,0.002099999965867028,0.9388474822044373,1.0,0.0017788461538461534,6.971153846153846e-05,4,0.25,0.25,0.75,0.2609375,2.9296173837780954,1.623359627723694,0.171875,0.9357143312692642
571,1830400,-104.16335493326187,-1.0416334927082063,-104.16335493326187,-1.0416334927082063,0.0,104.16335493326187,1.0416334927082063,632.9151963591576,6.3291520917415625,1.2721556423604488,0.2328125,0.10246327129163595,nan,nan,nan,nan,nan,nan,nan,nan,nan,nan,18304,-0.00045967091130005855,0.013048966974020004,0.9089974462985992,0.004460956528782844,0.3520656317472458,0.3520656317472458,0.0711459070444107,0.0009318566324509447,0.007812500154250302,0.9243108034133911,1.0,0.0017644230769230766,6.860576923076926e-05,4,0.25,0.25,0.6875,0.2328125,2.7758003917336462,2.2839188253879548,0.1403125,0.92928575694561
572,1833600,-21.22073781490326,-0.2122073543071747,-21.22073781490326,-0.2122073543071747,0.0,21.22073781490326,0.2122073543071747,715.8578134775162,7.158578230142593,0.870901507511735,0.2790625,0.14915937524212486,nan,nan,nan,nan,nan,nan,nan,nan,nan,nan,18336,-0.0007304372645798197,0.009376171231269836,0.9063110947608948,0.002371603948995471,0.8744022846221924,0.8744022846221924,0.05491688288748264,0.001672884064464597,0.014031249936670065,0.9427962303161621,1.0,0.0017499999999999998,6.750000000000007e-05,4,0.25,0.25,0.75,0.2790625,2.2791993561387063,1.5157368910312652,0.1765625,0.9448661136627198
573,1836800,-99.15042063593864,-0.9915042400360108,-99.15042063593864,-0.9915042400360108,0.0,99.15042063593864,0.9915042400360108,637.9281306564808,6.379281344413758,1.234222456663847,0.241875,0.10825913922697251,nan,nan,nan,nan,nan,nan,nan,nan,nan,nan,18368,-0.0004471821867919168,0.01146317133679986,0.9086670935153961,0.0037073418498039246,0.4540893256664276,0.4540893256664276,0.05306369699537754,0.0009709438032587059,0.007384374900721013,0.9405925273895264,1.0,0.001735576923076923,6.639423076923087e-05,4,0.25,0.25,0.59375,0.241875,1.972922495007515,2.822840538024902,0.155,0.8728125369548798
574,1840000,65.93852409720421,0.6593853229284287,65.93852409720421,0.6593853229284287,0.0,0.0,0.0,803.0170753896236,8.030170907378197,0.8325108748674392,0.3234375,0.17649963470115665,nan,nan,nan,nan,nan,nan,nan,nan,nan,nan,18400,-0.00042202623109333093,0.010865446459501982,0.8828534126281739,0.003491170355118811,0.4413739025592804,0.4413739025592804,0.05629782639443874,0.0010591629978080163,0.008074999880045652,0.9406892657279968,1.0,0.0017211538461538462,6.528846153846157e-05,4,0.25,0.25,0.84375,0.3234375,2.176197346448898,1.6092487162351607,0.195,0.9130804032087326
575,1843200,-82.15596771240234,-0.8215596786141396,-82.15596771240234,-0.8215596786141396,0.0,82.15596771240234,0.8215596786141396,654.9225835800171,6.549225905835629,0.8132833636552096,0.2446875,0.1349416781207102,nan,nan,nan,nan,nan,nan,nan,nan,nan,nan,18432,-0.0005191380754229868,0.012705214321613312,0.8863715052604675,0.00432067159563303,0.5324741333723069,0.5324741333723069,0.06460700556635857,0.0012841578893130646,0.009428125011618249,0.9345723390579224,1.0,0.0017067307692307694,6.418269230769238e-05,4,0.25,0.25,0.59375,0.2446875,2.7265925237536432,1.742883667945862,0.1525,0.8780357545614242
576,1846400,-153.72785013914108,-1.537278573513031,-153.72785013914108,-1.537278573513031,0.0,153.72785013914108,1.537278573513031,583.3507011532784,5.833507010936737,0.9513907193392516,0.216875,0.11113868578478979,nan,nan,nan,nan,nan,nan,nan,nan,nan,nan,18464,-0.0006112251445301809,0.010869046021252871,0.9242170870304107,0.0032592382514849303,0.7734978795051575,0.7734978795051575,0.07381860837340355,0.0010902160800469573,0.009828124940395356,0.946225106716156,1.0,0.0016923076923076909,6.307692307692308e-05,4,0.25,0.25,0.53125,0.216875,3.0268002381920813,1.7303264671564103,0.150625,0.8929911112785339
577,1849600,-22.18362319469452,-0.22183649957180024,-22.18362319469452,-0.22183649957180024,0.0,22.18362319469452,0.22183649957180024,714.8949280977249,7.148949084877968,1.094739946499467,0.26875,0.12829754855685538,nan,nan,nan,nan,nan,nan,nan,nan,nan,nan,18496,-0.0005187728419667082,0.010125923622399568,0.8887308001518249,0.0030530012445524335,0.4622070461511612,0.4622070461511612,0.06101142726838589,0.0010261069081025198,0.007087499951012433,0.9394499063491821,1.0,0.001677884615384614,6.197115384615388e-05,4,0.25,0.25,0.71875,0.26875,2.85932697057724,1.7630184978246688,0.17625,0.8870982575416565
578,1852800,-4.781866550445557,-0.04781876832246781,-4.781866550445557,-0.04781876832246781,0.0,4.781866550445557,0.04781876832246781,732.2966847419739,7.3229668161273,1.0370103415846825,0.3225,0.15832025661151658,nan,nan,nan,nan,nan,nan,nan,nan,nan,nan,18528,-0.00026557247058808797,0.01005949340760708,0.9046255350112915,0.0032593644456937907,0.36734357476234436,0.36734357476234436,0.05339090451598168,0.0008014411405383726,0.00628124983595626,0.9559438824653625,1.0,0.0016634615384615373,6.086538461538458e-05,4,0.25,0.25,0.71875,0.3225,3.065796889066696,2.1652829420566557,0.20375,0.890000039935112
579,1856000,-51.67607128620148,-0.5167604471743107,-51.67607128620148,-0.5167604471743107,0.0,51.67607128620148,0.5167604471743107,685.402480006218,6.854025137275458,1.2747401945292949,0.2678125,0.11773322537847784,nan,nan,nan,nan,nan,nan,nan,nan,nan,nan,18560,-0.0004682726811152005,0.012881229538470507,0.8865103542804718,0.004510452365502715,0.407244884967804,0.407244884967804,0.07152200564742088,0.0008745112249016529,0.007224999880418181,0.9290775060653687,1.0,0.0016490384615384605,5.9759615384615385e-05,4,0.25,0.25,0.6875,0.2678125,2.91419120028615,2.586817435026169,0.160625,0.8993303966522217
580,1859200,-24.88922119140625,-0.24889192759990691,-24.88922119140625,-0.24889192759990691,0.0,24.88922119140625,0.24889192759990691,712.1893301010132,7.121893656849862,0.8478926941007375,0.28,0.15152394989919032,-237.93323616683483,-2.3793323616683484,-237.93323616683483,-2.3793323616683484,100.0,0.715381951117888,0.11,0.06412566013552531,237.93323616683483,386.6428498774767,18592,-0.000423312583712665,0.010258841048926114,0.8552600264549255,0.0033080867724493146,0.5152057707309723,0.5152057707309723,0.06449240334331989,0.0008991430434434732,0.007218750147148967,0.9362050294876099,1.0,0.0016346153846153837,5.865384615384619e-05,4,0.25,0.25,0.6875,0.28,2.426686269342899,1.8653025436401367,0.16625,0.8941964703798294
581,1862400,-60.63778460025787,-0.6063778692483902,-60.63778460025787,-0.6063778692483902,0.0,60.63778460025787,0.6063778692483902,676.4407666921616,6.764407715201378,1.0297682006657123,0.24375,0.12008760405254955,nan,nan,nan,nan,nan,nan,nan,nan,nan,nan,18624,-0.00042491045604116097,0.010603586118668318,0.9234069466590882,0.0033807857660576703,0.5580826461315155,0.5580826461315155,0.07135724872350693,0.0012450405840354506,0.007956249894050416,0.9326336979866028,1.0,0.0016201923076923069,5.754807692307689e-05,4,0.25,0.25,0.71875,0.24375,2.3554667973518373,1.9997759521007539,0.13875,0.9136607593297958
582,1865600,11.913230895996094,0.1191323608160019,11.913230895996094,0.1191323608160019,0.0,0.0,0.0,748.9917821884155,7.48991794526577,0.655916981101036,0.2978125,0.17984748233089648,nan,nan,nan,nan,nan,nan,nan,nan,nan,nan,18656,-0.00045525136668000954,0.009620824549347162,0.8613878846168518,0.002971970709040761,0.27298528552055357,0.27298528552055357,0.05424521192908287,0.0007126013268134556,0.0032343749997380657,0.9452068209648132,1.0,0.00160576923076923,5.6442307692307694e-05,4,0.25,0.25,0.625,0.2978125,2.1205834046006204,1.2681684982776642,0.199375,0.9390625411272049
583,1868800,-5.035945147275925,-0.05035940200090408,-5.035945147275925,-0.05035940200090408,0.0,5.035945147275925,0.05035940200090408,732.0426061451435,7.320426182448864,1.044755324497819,0.293125,0.14335456007284877,nan,nan,nan,nan,nan,nan,nan,nan,nan,nan,18688,-0.0004794173608649643,0.009530685655772687,0.8757804274559021,0.002892255689948797,0.5911240130662918,0.5911240130662918,0.05174596682190895,0.0011018832359695808,0.008828124977299012,0.9457080364227295,1.0,0.0015913461538461533,5.53365384615385e-05,4,0.25,0.25,0.6875,0.293125,2.058043154031038,1.838887090086937,0.17625,0.8966518247127533
584,1872000,-152.86035814881325,-1.5286035865545273,-152.86035814881325,-1.5286035865545273,0.0,152.86035814881325,1.5286035865545273,584.2181931436062,5.842181997895241,1.206109778061509,0.2225,0.10085626844712549,nan,nan,nan,nan,nan,nan,nan,nan,nan,nan,18720,-0.0005613188518267976,0.0109115619212389,0.8829169750213623,0.003502169973216951,0.5726912021636963,0.5726912021636963,0.07321904599666595,0.0010529751634749118,0.008043749839998782,0.9569374918937683,1.0,0.0015769230769230765,5.42307692307692e-05,4,0.25,0.25,0.5625,0.2225,2.750429802834988,3.0622916889190672,0.1334375,0.9366518294811249
585,1875200,110.76525968313217,1.1076526515185834,110.76525968313217,1.1076526515185834,0.0,0.0,0.0,847.8438109755516,8.478438235968351,0.6364504835754633,0.343125,0.20967637178383172,nan,nan,nan,nan,nan,nan,nan,nan,nan,nan,18752,-0.000423245846928344,0.009976459294557571,0.8740727603435516,0.0031992450123652814,0.568222439289093,0.568222439289093,0.05067245438694954,0.0010982459545630264,0.007521875025122427,0.9331067800521851,1.0,0.0015624999999999997,5.3125000000000004e-05,4,0.25,0.25,0.84375,0.343125,2.309309639930725,0.8566296971589327,0.205,0.8747321856021881
586,1878400,-15.185714960098267,-0.15185699746012687,-15.185714960098267,-0.15185699746012687,0.0,15.185714960098267,0.15185699746012687,721.8928363323212,7.218928586989642,0.9953785392642022,0.2815625,0.14110731094854134,nan,nan,nan,nan,nan,nan,nan,nan,nan,nan,18784,-0.0004170584658684584,0.009465297404676675,0.875152862071991,0.00296078622341156,0.4578773245215416,0.4578773245215416,0.05125615037977695,0.0011630430608420284,0.010403125069569797,0.9478392004966736,1.0,0.0015480769230769229,5.201923076923081e-05,4,0.25,0.25,0.71875,0.2815625,2.5255230498313903,2.059673023223877,0.1878125,0.8874107551574707
587,1881600,96.54453873634338,0.9654453587532044,96.54453873634338,0.9654453587532044,0.0,0.0,0.0,833.6230900287628,8.336230943202972,0.6175243317335845,0.3278125,0.20266310284721736,nan,nan,nan,nan,nan,nan,nan,nan,nan,nan,18816,-0.00033293130478123656,0.007423681672662497,0.8752118647098541,0.0020366375101730227,0.381033718585968,0.381033718585968,0.05183946676552296,0.0007223453983897343,0.0037749999843072145,0.9512840509414673,1.0,0.001533653846153846,5.0913461538461616e-05,4,0.25,0.25,0.8125,0.3278125,1.764794673025608,1.4434371030330657,0.195,0.8994643294811249
588,1884800,65.17123341560364,0.6517123275995255,65.17123341560364,0.6517123275995255,0.0,0.0,0.0,802.2497847080231,8.022497912049294,1.1776435002684593,0.3425,0.15728010574631554,nan,nan,nan,nan,nan,nan,nan,nan,nan,nan,18848,-0.0004122317553265198,0.009576836321502923,0.8662426829338074,0.0030601638369262218,0.699001282453537,0.699001282453537,0.04115306325256825,0.001136924641468795,0.01044375003548339,0.9565638303756714,1.0,0.0015192307692307692,4.980769230769231e-05,4,0.25,0.25,0.71875,0.3425,2.407248282134533,1.9849433779716492,0.2396875,0.8961161148548126
589,1888000,19.541780710220337,0.19541778057813644,19.541780710220337,0.19541778057813644,0.0,0.0,0.0,756.6203320026398,7.566203365027905,0.9129966674745082,0.2959375,0.1546983876300681,nan,nan,nan,nan,nan,nan,nan,nan,nan,nan,18880,-0.0004200076865556568,0.007980543421581388,0.8876567900180816,0.0022345112054608764,0.42932531982660294,0.42932531982660294,0.04383718334138394,0.000925817143979657,0.007331249990966171,0.9538763761520386,1.0,0.0015048076923076924,4.870192307692312e-05,4,0.25,0.25,0.71875,0.2959375,3.0771274396777155,1.203477161079645,0.206875,0.898303611278534
590,1891200,35.172128796577454,0.3517210602760315,35.172128796577454,0.3517210602760315,0.0,0.0,0.0,772.2506800889969,7.7225066447258,0.7656358822435141,0.2928125,0.16583968582918482,nan,nan,nan,nan,nan,nan,nan,nan,nan,nan,18912,-0.0002509081089469234,0.008872004970908166,0.8628916800022125,0.002899053948931396,0.32600620836019517,0.32600620836019517,0.05229061283171177,0.0007045221347652842,0.002971875062212348,0.9402156472206116,1.0,0.0014903846153846156,4.7596153846153925e-05,4,0.25,0.25,0.75,0.2928125,2.393117392808199,1.8553951251506806,0.1778125,0.8989732575416565
591,1894400,-44.71664506196976,-0.44716624811291694,-44.71664506196976,-0.44716624811291694,0.0,44.71664506196976,0.44716624811291694,692.3619062304497,6.923619336336851,0.8678393227607012,0.2603125,0.13936557434461402,nan,nan,nan,nan,nan,nan,nan,nan,nan,nan,18944,-0.0003777937850070856,0.012086448352783918,0.8582389295101166,0.004398702713660896,0.3701335027813911,0.3701335027813911,0.05539140179753303,0.0009052930545294657,0.0062624998710816724,0.9306801557540894,1.0,0.0014759615384615388,4.649038461538462e-05,4,0.25,0.25,0.75,0.2603125,2.118713274896145,1.9382371091842652,0.1475,0.8660714691877365
592,1897600,-3.055405855178833,-0.030553992092609405,-3.055405855178833,-0.030553992092609405,0.0,3.055405855178833,0.030553992092609405,734.0231454372406,7.340231592357159,0.8200503830611706,0.29875,0.16414380765521877,nan,nan,nan,nan,nan,nan,nan,nan,nan,nan,18976,-0.0006229628363507711,0.012147341575473546,0.8641626000404358,0.0041877009440213445,0.45643546879291536,0.45643546879291536,0.05566020309925079,0.0011772289773944067,0.010709374950965866,0.9366958141326904,1.0,0.0014615384615384603,4.538461538461543e-05,4,0.25,0.25,0.75,0.29875,2.938179577887058,1.5902168422937393,0.196875,0.881785758137703
593,1900800,13.563357591629028,0.1356337520480156,13.563357591629028,0.1356337520480156,0.0,0.0,0.0,750.6419088840485,7.506419336497784,0.9073526130616665,0.2853125,0.149585607845221,nan,nan,nan,nan,nan,nan,nan,nan,nan,nan,19008,-0.0004437637233175362,0.008883652463555335,0.9001654803752899,0.0026954191736876963,0.4561039224267006,0.4561039224267006,0.04545102901756763,0.0012067758230841718,0.00805312497977866,0.9460028409957886,1.0,0.0014471153846153835,4.4278846153846235e-05,4,0.25,0.25,0.71875,0.2853125,1.9302912552654743,1.64990538418293,0.1746875,0.8827232563495636
594,1904000,-101.24964517354965,-1.0124965190887452,-101.24964517354965,-1.0124965190887452,0.0,101.24964517354965,1.0124965190887452,635.8289061188698,6.358289065361023,1.1725275692343713,0.23875,0.10989503810261832,nan,nan,nan,nan,nan,nan,nan,nan,nan,nan,19040,-0.00042344570367713885,0.012453666981309652,0.8653398871421814,0.004563621990382671,0.41764173209667205,0.41764173209667205,0.060669195652008054,0.001006414947551093,0.009121874740230851,0.9425120949745178,1.0,0.0014326923076923067,4.317307692307693e-05,4,0.25,0.25,0.65625,0.23875,2.4549879905581475,2.3577273046970366,0.134375,0.8644196861982345
595,1907200,155.0844954252243,1.5508451318740846,155.0844954252243,1.5508451318740846,0.0,0.0,0.0,892.1630467176437,8.921630716323852,0.7086251959204674,0.37625,0.22020628099031822,nan,nan,nan,nan,nan,nan,nan,nan,nan,nan,19072,-0.0005531502109079156,0.007444881228730082,0.8421337842941284,0.0019749179133214056,0.49367989897727965,0.49367989897727965,0.044597028940916064,0.0010576390006463044,0.00780625002225861,0.9558383226394653,1.0,0.00141826923076923,4.206730769230763e-05,4,0.25,0.25,0.8125,0.37625,2.040506487488747,1.083805491477251,0.220625,0.8812053972482681
596,1910400,-0.06875216960906982,-0.0006876461207866669,-0.06875216960906982,-0.0006876461207866669,0.0,0.06875216960906982,0.0006876461207866669,737.0097991228104,7.370097938328982,0.7805864057689905,0.26,0.1460193109178055,nan,nan,nan,nan,nan,nan,nan,nan,nan,nan,19104,-0.00037891755049931366,0.008615420013666154,0.8236941516399383,0.0027724525658413767,0.3800668090581894,0.3800668090581894,0.05375774838030338,0.0009592708091076929,0.005993750051129609,0.9396628141403198,1.0,0.001403846153846153,4.0961538461538436e-05,4,0.25,0.25,0.84375,0.26,2.4669371496140955,1.10988733202219,0.1678125,0.9204911130666733
597,1913600,42.76298514008522,0.42762975975871087,42.76298514008522,0.42762975975871087,0.0,0.0,0.0,779.8415364325047,7.798415344208479,1.2410967011004685,0.319375,0.1425083530947924,nan,nan,nan,nan,nan,nan,nan,nan,nan,nan,19136,-0.0002933765901893093,0.011424502730369568,0.8385810554027557,0.0042537310626357796,0.3874816164374352,0.3874816164374352,0.06731993854045867,0.0006205240370036336,0.003846874993178062,0.9132758378982544,1.0,0.0013894230769230763,3.985576923076924e-05,4,0.25,0.25,0.78125,0.319375,2.7292910988628862,1.8943267381191253,0.20625,0.8946428990364075
598,1916800,-75.96628677845001,-0.7596629849076271,-75.96628677845001,-0.7596629849076271,0.0,75.96628677845001,0.7596629849076271,661.1122645139694,6.611122599542141,1.3461090019345283,0.2625,0.11188738450922386,nan,nan,nan,nan,nan,nan,nan,nan,nan,nan,19168,-0.0002088451867151786,0.01231686705723405,0.8406292080879212,0.004793723067268729,0.24332038313150406,0.24332038313150406,0.06010948531329632,0.00044814645261794797,0.001681250031106174,0.934170126914978,1.0,0.0013749999999999995,3.875000000000005e-05,4,0.25,0.25,0.71875,0.2625,3.482984724640846,2.028349373340607,0.1759375,0.895401828289032
599,1920000,68.40317243337631,0.6840318801999092,68.40317243337631,0.6840318801999092,0.0,0.0,0.0,805.4817237257957,8.054817464649677,0.6389863555878401,0.3190625,0.1946706260928968,nan,nan,nan,nan,nan,nan,nan,nan,nan,nan,19200,-0.0004142230943252834,0.009828887041658163,0.8365747988224029,0.0033619959373027085,0.5387374430894851,0.5387374430894851,0.06830317601561546,0.0008381525127333589,0.005981250025797635,0.9459720253944397,1.0,0.0013605769230769227,3.7644230769230745e-05,4,0.25,0.25,0.75,0.3190625,2.2194553449749947,1.7049025750160218,0.208125,0.8710714703798295
600,1923200,131.09355068206787,1.3109354287385941,131.09355068206787,1.3109354287385941,0.0,0.0,0.0,868.1721019744873,8.681721013188362,0.5912945458292961,0.3515625,0.2209286149578203,-239.4123002141714,-2.394123002141714,-239.4123002141714,-2.394123002141714,100.0,0.758001499241218,0.11,0.06257105016547357,239.4123002141714,385.1637858301401,19232,-0.0003240503035660147,0.007910657068714499,0.8637265920639038,0.0024685694370418787,0.5201870203018188,0.5201870203018188,0.0500456091016531,0.0008051191674894653,0.005218749928462785,0.9414353370666504,1.0,0.0013461538461538459,3.653846153846155e-05,4,0.25,0.25,0.8125,0.3515625,1.7629458837211132,1.0889975070953368,0.2134375,0.9129911184310913
601,1926400,-29.871858298778534,-0.2987185475230217,-29.871858298778534,-0.2987185475230217,0.0,29.871858298778534,0.2987185475230217,707.2066929936409,7.072067036926747,0.6925640974938869,0.2459375,0.145304689118805,nan,nan,nan,nan,nan,nan,nan,nan,nan,nan,19264,-0.00033388957432469726,0.007767139421775937,0.8360308825969696,0.0024363121250644327,0.46759285777807236,0.46759285777807236,0.04950253777205944,0.0006621878059377195,0.004506250028498471,0.9553834199905396,1.0,0.001331730769230769,3.543269230769236e-05,4,0.25,0.25,0.71875,0.2459375,1.9867801147699355,1.2698018160462379,0.15375,0.9216518241167069
602,1929600,12.883105993270874,0.12883118733763696,12.883105993270874,0.12883118733763696,0.0,0.0,0.0,749.9616572856903,7.499616771787405,0.7400264642387628,0.28,0.16091709278829625,nan,nan,nan,nan,nan,nan,nan,nan,nan,nan,19296,-0.00029337647074498816,0.007915413146838546,0.8310090720653533,0.0025696354685351254,0.5227170407772064,0.5227170407772064,0.0491164717823267,0.000676441795167193,0.005093749921070412,0.950562596321106,1.0,0.0013173076923076905,3.4326923076923054e-05,4,0.25,0.25,0.75,0.28,1.8479351562261581,1.7908509355783462,0.1659375,0.9132143265008926
603,1932800,10.317126989364624,0.10317119181156159,10.317126989364624,0.10317119181156159,0.0,0.0,0.0,747.3956782817841,7.47395677626133,0.9621583420783282,0.28875,0.14715937740995688,nan,nan,nan,nan,nan,nan,nan,nan,nan,nan,19328,-0.0002037549044937137,0.01107923099771142,0.8512818992137909,0.004226738470606506,0.32553788721561433,0.32553788721561433,0.05098272711038589,0.0006326067872578278,0.003600000042206375,0.9336345791816711,1.0,0.0013028846153846137,3.322115384615386e-05,4,0.25,0.25,0.75,0.28875,2.6088419005274774,1.451072551906109,0.18875,0.8929464733600616
604,1936000,-82.81461697816849,-0.8281461411714554,-82.81461697816849,-0.8281461411714554,0.0,82.81461697816849,0.8281461411714554,654.263934314251,6.542639443278313,1.1920652230083943,0.2675,0.12203104049654258,nan,nan,nan,nan,nan,nan,nan,nan,nan,nan,19360,-0.00046306548180288234,0.011727658472955227,0.850397777557373,0.0043050589505583044,0.721649058163166,0.721649058163166,0.061970200017094614,0.0007710833055170951,0.00754374978132546,0.9513510465621948,1.0,0.001288461538461537,3.2115384615384666e-05,4,0.25,0.25,0.65625,0.2675,3.557024598121643,1.9256824445724487,0.1725,0.8597768265008926
605,1939200,71.39149129390717,0.7139149436354637,71.39149129390717,0.7139149436354637,0.0,0.0,0.0,808.4700425863266,8.084700528085232,0.9144941452890635,0.329375,0.17204283481904756,nan,nan,nan,nan,nan,nan,nan,nan,nan,nan,19392,-0.0003493930995813521,0.008544198516756297,0.8490204632282257,0.0028410215163603425,0.49324833154678344,0.49324833154678344,0.05101972669363022,0.0011194957693078321,0.011134374979883432,0.9512569308280945,1.0,0.0012740384615384601,3.1009615384615364e-05,4,0.25,0.25,0.78125,0.329375,2.260857917815447,1.8310054713487625,0.2053125,0.8957589662075043
606,1942400,-128.80508518218994,-1.2880507534742356,-128.80508518218994,-1.2880507534742356,0.0,128.80508518218994,1.2880507534742356,608.2734661102295,6.082734830975532,0.9946290028095245,0.2,0.1002692729917649,nan,nan,nan,nan,nan,nan,nan,nan,nan,nan,19424,-0.00025599496414070445,0.009959121979773045,0.8682261943817139,0.0036299348808825015,0.48144926130771637,0.48144926130771637,0.05521586537361145,0.0007868593183957273,0.004512499971315265,0.9383984804153442,1.0,0.0012596153846153833,2.990384615384617e-05,4,0.25,0.25,0.53125,0.2,2.961218187212944,1.8420240938663484,0.1146875,0.8503571861982345
607,1945600,71.97391474246979,0.7197390875220299,71.97391474246979,0.7197390875220299,0.0,0.0,0.0,809.0524660348892,8.090524671971798,0.7473855075985193,0.31625,0.1809846760344437,nan,nan,nan,nan,nan,nan,nan,nan,nan,nan,19456,-0.00028451020650823724,0.011747609451413154,0.8334982812404632,0.00455142892897129,0.29650473296642305,0.29650473296642305,0.05932262279093266,0.0004667802824769751,0.0010843749838386429,0.9231699705123901,1.0,0.0012451923076923065,2.8798076923076976e-05,4,0.25,0.25,0.75,0.31625,2.672057835459709,1.210357438325882,0.215,0.8803125452995301
608,1948800,-38.287338107824326,-0.3828733678907156,-38.287338107824326,-0.3828733678907156,0.0,38.287338107824326,0.3828733678907156,698.7912131845951,6.987912216559053,0.83278519757092,0.258125,0.14083756260259286,nan,nan,nan,nan,nan,nan,nan,nan,nan,nan,19488,-0.0002852071277535728,0.009552082605659961,0.8519951045513153,0.0034422248136252165,0.5232655465602875,0.5232655465602875,0.046598926186561584,0.0006641662412221194,0.004474999936064705,0.94377601146698,1.0,0.0012307692307692297,2.769230769230778e-05,4,0.25,0.25,0.78125,0.258125,2.298516091555357,2.0394925558567047,0.1546875,0.917678610086441
609,1952000,-40.11858606338501,-0.40118586719036103,-40.11858606338501,-0.40118586719036103,0.0,40.11858606338501,0.40118586719036103,696.9599652290344,6.969599717259407,0.6654731751978398,0.25875,0.15536125339831028,nan,nan,nan,nan,nan,nan,nan,nan,nan,nan,19520,-0.00013058485955115274,0.009103524591773748,0.866906327009201,0.0033667192561551928,0.21944135501980783,0.21944135501980783,0.05053345449268818,0.0006250149890547618,0.002359374990919605,0.9484046101570129,1.0,0.001216346153846153,2.658653846153848e-05,4,0.25,0.25,0.6875,0.25875,2.6402714747190474,1.5232616221904756,0.1509375,0.864285751581192
610,1955200,58.4501074552536,0.5845010986924172,58.4501074552536,0.5845010986924172,0.0,0.0,0.0,795.528658747673,7.955286683142186,0.8779564851522446,0.3078125,0.16390821748728956,nan,nan,nan,nan,nan,nan,nan,nan,nan,nan,19552,-0.00019941775546463702,0.010279780905693769,0.8209810197353363,0.0039537166710942985,0.4311859220266342,0.4311859220266342,0.049756480008363725,0.000517071095873689,0.0037375000247266144,0.9322744607925415,1.0,0.0012019230769230761,2.5480769230769285e-05,4,0.25,0.25,0.84375,0.3078125,1.953628358989954,1.4752850863337517,0.1865625,0.8862054002285004
611,1958400,102.29137134552002,1.0229137879610062,102.29137134552002,1.0229137879610062,0.0,0.0,0.0,839.3699226379395,8.393699372410774,0.6209679748862982,0.328125,0.20242534404358983,nan,nan,nan,nan,nan,nan,nan,nan,nan,nan,19584,-0.0001465871091251847,0.009569147042930127,0.8577256619930267,0.0036194372689351438,0.1517687991261482,0.1517687991261482,0.048641185462474826,0.000257463255093171,0.0002343750027648639,0.9360969066619873,1.0,0.0011874999999999993,2.437500000000009e-05,4,0.25,0.25,0.8125,0.328125,2.178543346226215,1.3367358914017677,0.2090625,0.8497768259048462
612,1961600,-14.299933135509491,-0.1429995894432068,-14.299933135509491,-0.1429995894432068,0.0,14.299933135509491,0.1429995894432068,722.7786181569099,7.2277859950065615,0.9060274248570204,0.27125,0.14231169838510987,nan,nan,nan,nan,nan,nan,nan,nan,nan,nan,19616,-0.0004707061786728417,0.0108209278434515,0.8651219129562377,0.0039249031571671365,0.6192721724510193,0.6192721724510193,0.06925617903470993,0.0006052122290384432,0.003903125034048571,0.9314247369766235,1.0,0.0011730769230769225,2.326923076923079e-05,4,0.25,0.25,0.75,0.27125,3.243245179653168,1.656463559269905,0.1740625,0.9032589709758758
613,1964800,95.12508070468903,0.9512509104609489,95.12508070468903,0.9512509104609489,0.0,0.0,0.0,832.2036319971085,8.322036494910718,0.6133494704216719,0.3378125,0.2093858188776099,nan,nan,nan,nan,nan,nan,nan,nan,nan,nan,19648,-0.00010154235581794069,0.008672523405402898,0.8422789752483368,0.0032588094705715775,0.3474819749593735,0.3474819749593735,0.058718181774020196,0.0001962332007678924,2.8125001335865818e-05,0.9420140981674194,1.0,0.0011586538461538457,2.2163461538461595e-05,4,0.25,0.25,0.78125,0.3378125,2.3167514726519585,1.3567712104320526,0.2265625,0.9087500417232514
614,1968000,-120.20840430259705,-1.2020842069387436,-120.20840430259705,-1.2020842069387436,0.0,120.20840430259705,1.2020842069387436,616.8701469898224,6.168701377511025,0.9617942959070206,0.234375,0.11946971223689816,nan,nan,nan,nan,nan,nan,nan,nan,nan,nan,19680,-0.00019113190278936544,0.011252054944634438,0.8627672910690307,0.004447690770030021,0.5002475351095199,0.5002475351095199,0.06398985125124454,0.0004699714821981615,0.002699999965261668,0.9478684663772583,1.0,0.001144230769230769,2.10576923076924e-05,4,0.25,0.25,0.53125,0.234375,2.9063037359714508,1.5248312073946,0.1446875,0.8880804026126862
615,1971200,-134.78764533996582,-1.3478764382004738,-134.78764533996582,-1.3478764382004738,0.0,134.78764533996582,1.3478764382004738,602.2909059524536,6.022909146249295,0.9694769852608442,0.21,0.10662729322129492,nan,nan,nan,nan,nan,nan,nan,nan,nan,nan,19712,-0.00033167979987629436,0.0076444352511316534,0.8819925606250762,0.002494055894203484,0.3676983565092087,0.3676983565092087,0.03979016207158566,0.000431273298272572,0.0015874999604420736,0.9550240635871887,1.0,0.0011298076923076904,1.9951923076923098e-05,4,0.25,0.25,0.5625,0.21,3.6545598393678667,1.631063040494919,0.12,0.8757589679956436
616,1974400,18.715604603290558,0.18715598225593566,18.715604603290558,0.18715598225593566,0.0,0.0,0.0,755.79415589571,7.557941566705704,0.6288817367702723,0.284375,0.17458296301108725,nan,nan,nan,nan,nan,nan,nan,nan,nan,nan,19744,-0.00018103649835685687,0.010267513431608677,0.8438923418521881,0.004011455690488219,0.25324283391237257,0.25324283391237257,0.05841779187321663,0.0005009828459151322,0.0019406249950407073,0.9283199906349182,1.0,0.0011153846153846136,1.8846153846153796e-05,4,0.25,0.25,0.71875,0.284375,2.281899240463972,1.5721402859687805,0.1853125,0.9267411148548126
617,1977600,-123.00631952285767,-1.230063067674637,-123.00631952285767,-1.230063067674637,0.0,123.00631952285767,1.230063067674637,614.0722317695618,6.140722516775131,1.2956618064641952,0.24375,0.10617853174785644,nan,nan,nan,nan,nan,nan,nan,nan,nan,nan,19776,-0.00018211645042249814,0.014469175972044468,0.8493004262447357,0.006117424368858338,0.30551559627056124,0.30551559627056124,0.061459264159202574,0.0002458492290770664,0.00017499999630672393,0.9416531324386597,1.0,0.0011009615384615368,1.77403846153846e-05,4,0.25,0.25,0.6875,0.24375,3.1549748373031616,2.0656951397657393,0.1634375,0.8874107521772384
618,1980800,-8.018980383872986,-0.08018962323665618,-8.018980383872986,-0.08018962323665618,0.0,8.018980383872986,0.08018962323665618,729.0595709085464,7.290595961213112,0.7661555722355843,0.29375,0.16632170156345505,nan,nan,nan,nan,nan,nan,nan,nan,nan,nan,19808,-0.00026858871260193595,0.010703206714242696,0.8472368717193604,0.004162459215149283,0.35438723862171173,0.35438723862171173,0.06199126876890659,0.0005777518625109223,0.004021874995305552,0.9487584233283997,1.0,0.00108653846153846,1.6634615384615407e-05,4,0.25,0.25,0.65625,0.29375,2.7261865994334222,1.2977484089136124,0.18,0.8765178990364074
619,1984000,13.776756525039673,0.1377677309513092,13.776756525039673,0.1377677309513092,0.0,0.0,0.0,750.8553078174591,7.508553315401078,0.9447433114051819,0.2846875,0.14638821397683474,nan,nan,nan,nan,nan,nan,nan,nan,nan,nan,19840,-0.00017376813983900342,0.010063095577061176,0.8674010038375854,0.003927825670689345,0.2791252940893173,0.2791252940893173,0.049570973590016366,0.00011194485596206505,1.250000022992026e-05,0.9246081113815308,1.0,0.0010721153846153832,1.5528846153846213e-05,4,0.25,0.25,0.75,0.2846875,2.1839706452190875,1.6006299954652787,0.1715625,0.8900893223285675
620,1987200,-51.437430649995804,-0.5143743208050728,-51.437430649995804,-0.5143743208050728,0.0,51.437430649995804,0.5143743208050728,685.6411206424236,6.856411263644695,1.1796335204690696,0.28625,0.13132941722166092,-238.8260848969221,-2.388260848969221,-238.8260848969221,-2.388260848969221,100.0,0.7436711353156715,0.11,0.06308529043814547,238.8260848969221,385.7500011473894,19872,-0.00018116984515073042,0.011782002728432417,0.8684741258621216,0.004791253060102463,0.22219850569963456,0.22219850569963456,0.05222267359495163,0.0002113837036631594,5.312499924912117e-05,0.9482954144477844,1.0,0.0010576923076923064,1.4423076923076911e-05,4,0.25,0.25,0.71875,0.28625,2.466263624727726,2.787380199432373,0.18125,0.8924554014205932
621,1990400,47.55418658256531,0.4755418959259987,47.55418658256531,0.4755418959259987,0.0,0.0,0.0,784.6327378749847,7.846327480375767,1.002135597318411,0.3121875,0.15592725109035216,nan,nan,nan,nan,nan,nan,nan,nan,nan,nan,19904,-0.00015446629465150076,0.008913393877446652,0.884275096654892,0.003379693627357483,0.3847754806280136,0.3847754806280136,0.0674209363758564,0.00018576528486846655,4.687500149884727e-05,0.9445617198944092,1.0,0.0010432692307692296,1.3317307692307717e-05,4,0.25,0.25,0.8125,0.3121875,2.4105667448043824,1.8975348842144013,0.20375,0.8883482587337493
622,1993600,39.00636863708496,0.3900637638568878,39.00636863708496,0.3900637638568878,0.0,0.0,0.0,776.0849199295044,7.760849348306656,0.8608964835107327,0.3309375,0.17783767282727056,nan,nan,nan,nan,nan,nan,nan,nan,nan,nan,19936,-6.829837653246073e-05,0.008742758259177207,0.8538060843944549,0.003424645634368062,0.32577902674674986,0.32577902674674986,0.06830631792545319,9.069565321624395e-05,0.0,0.9552658200263977,1.0,0.0010288461538461528,1.2211538461538523e-05,4,0.25,0.25,0.78125,0.3309375,2.424598404765129,1.7963998484611512,0.2034375,0.9362054044008254
623,1996800,15.216001719236374,0.1521599757671356,15.216001719236374,0.1521599757671356,0.0,0.0,0.0,752.2945530116558,7.522945560216904,0.6463396082818508,0.2978125,0.18089372235343495,nan,nan,nan,nan,nan,nan,nan,nan,nan,nan,19968,-0.00015531583054108068,0.009314275532960891,0.8562196314334869,0.0036332530435174704,0.3695566192269325,0.3695566192269325,0.05094752572476864,0.0002802346398766531,0.0013562499712861608,0.9465778470039368,1.0,0.001014423076923076,1.110576923076922e-05,4,0.25,0.25,0.75,0.2978125,2.6127800282835962,1.0713037833571435,0.196875,0.9210714721679687
624,2000000,-2.013416051864624,-0.020134141445159914,-2.013416051864624,-0.020134141445159914,0.0,2.013416051864624,0.020134141445159914,735.0651352405548,7.350651443004608,0.8526886596530676,0.30875,0.16664969496699797,-239.21030528843403,-2.39210305288434,-239.21030528843403,-2.39210305288434,100.0,0.7494625874329358,0.11,0.06287645176877311,239.21030528843403,385.3657807558775,20000,-0.00016619481677044857,0.011570208612829447,0.8770577371120453,0.0047418517526239155,0.27156952023506165,0.27156952023506165,0.06348376050591469,0.0001264635992129115,0.0,0.9434363842010498,1.0,0.0009999999999999992,1.0000000000000026e-05,4,0.25,0.25,0.6875,0.30875,2.4590773576498033,1.6820599359273911,0.180625,0.9261161130666733
