iter,global_step,episode_return,mean_step_reward,optimized_episode_return,optimized_mean_step_reward,reward_shift,episode_return_gap_to_zero,mean_step_reward_gap_to_zero,episode_return_delta_from_start,mean_step_reward_delta_from_start,pursuer_target_distance,capture,task_score,eval_mean_return,eval_mean_step_reward,eval_optimized_mean_return,eval_optimized_mean_step_reward,eval_mean_episode_length,eval_pursuer_target_distance,eval_capture,eval_task_score,eval_return_gap_to_zero,eval_return_delta_from_start,episodes_completed,policy_loss,value_loss,entropy,total_loss,grad_norm,actor_grad_norm,critic_grad_norm,approx_kl,clipfrac,explained_variance,mean_ratio_epoch0,entropy_coef,lr,seed,alpha,env_alpha,capture_rate,capture_c1_participation,dist_full_sight,dist_sensor_limited,marginal_c1_rate,knn_c1_sighted_frac
0,3200,-720.248911857605,-7.202489323616028,-720.248911857605,-7.202489323616028,0.0,720.248911857605,7.202489323616028,0.0,0.0,4.0148158502578735,0.0,0.0,-749.8857538700104,-7.498857538700104,-749.8857538700104,-7.498857538700104,100.0,4.732779135107994,0.0,0.0,749.8857538700104,0.0,32,-0.00108298617700342,0.66459721326828,1.6080717086791991,0.31513490080833434,0.02124330811202526,0.02124330811202526,0.2113979235291481,0.001347315263046791,0.0008468749932944774,-0.4805110692977905,1.0,0.01,0.0007,0,0.5,0.5,0.0,0.0,7.00077497959137,5.201545143127442,0.0,0.9315178942680359
1,6400,-721.0860872268677,-7.210860714912415,-721.0860872268677,-7.210860714912415,0.0,721.0860872268677,7.210860714912415,-0.8371753692626953,-0.008371391296386754,3.7592046952247617,0.0,0.0,nan,nan,nan,nan,nan,nan,nan,nan,nan,nan,64,-0.0008204638015711474,0.489100855588913,1.599772572517395,0.22775531113147734,0.023062077537178993,0.023062077537178993,0.27641464918851855,0.0012733577576002182,0.0002812500111758709,0.14903658628463745,1.0,0.009985576923076923,0.0006988942307692308,0,0.5,0.5,0.0,0.0,8.253508768081666,4.382851009368896,0.0,0.8941518312692642
2,9600,-799.6927261352539,-7.996926927566529,-799.6927261352539,-7.996926927566529,0.0,799.6927261352539,7.996926927566529,-79.44381427764893,-0.7944376039505006,4.557400331497193,0.0,0.0,nan,nan,nan,nan,nan,nan,nan,nan,nan,nan,96,-0.0006634391753408408,0.47190017998218536,1.5899401307106018,0.21943311542272567,0.023597047477960587,0.023597047477960587,0.2895427614450455,0.0009651849726654621,0.0002406249986961484,0.33301764726638794,1.0,0.009971153846153847,0.0006977884615384615,0,0.5,0.5,0.0,0.0,8.366816720962525,5.396390085220337,0.0,0.931741115450859
3,12800,-751.7518587112427,-7.517518534660339,-751.7518587112427,-7.517518534660339,0.0,751.7518587112427,7.517518534660339,-31.502946853637695,-0.3150292110443109,4.259498071670532,0.0,0.0,nan,nan,nan,nan,nan,nan,nan,nan,nan,nan,128,-0.000700877972890268,0.45927309393882754,1.5867111563682557,0.21313721388578416,0.01984486896544695,0.01984486896544695,0.2792934164404869,0.0015690911914138003,0.002124999975785613,0.2998815178871155,1.0,0.00995673076923077,0.0006966826923076923,0,0.5,0.5,0.0,0.0,7.0640679502487185,5.126482062339782,0.0,0.9436607617139816
4,16000,-673.7565793991089,-6.737565951347351,-673.7565793991089,-6.737565951347351,0.0,673.7565793991089,6.737565951347351,46.492332458496094,0.46492337226867697,3.9453742623329164,0.0,0.0,nan,nan,nan,nan,nan,nan,nan,nan,nan,nan,160,-0.0009965237072918852,0.30378481447696687,1.5803564429283141,0.1351834937930107,0.029888834245502947,0.029888834245502947,0.23596001118421556,0.0009454662900683752,0.0001687500043772161,0.5225237607955933,1.0,0.009942307692307693,0.0006955769230769231,0,0.5,0.5,0.0,0.0,6.852407026290893,4.938730025291443,0.0,0.9593303936719895
5,19200,-722.0907707214355,-7.220907616615295,-722.0907707214355,-7.220907616615295,0.0,722.0907707214355,7.220907616615295,-1.8418588638305664,-0.018418292999267116,4.402412052154541,0.0,0.0,nan,nan,nan,nan,nan,nan,nan,nan,nan,nan,192,-0.000990083022054833,0.3452717959880829,1.571558916568756,0.15604355782270432,0.03162254523485899,0.03162254523485899,0.2700393185019493,0.002113664459466637,0.01164687485434115,0.4836997389793396,1.0,0.009927884615384616,0.0006944711538461538,0,0.5,0.5,0.0,0.0,6.453489608764649,5.109780459403992,0.0,0.9536607605218888
6,22400,-651.1169557571411,-6.511169691085815,-651.1169557571411,-6.511169691085815,0.0,651.1169557571411,6.511169691085815,69.13195610046387,0.6913196325302131,3.6041752338409423,0.0,0.0,nan,nan,nan,nan,nan,nan,nan,nan,nan,nan,224,-0.0007366447003967381,0.2707276105880737,1.562104082107544,0.11914130300283432,0.0220870902761817,0.0220870902761817,0.22527865916490555,0.0014853113098074668,0.002931249944958836,0.6150169372558594,1.0,0.00991346153846154,0.0006933653846153846,0,0.5,0.5,0.0,0.0,7.638765563964844,4.0183890914916995,0.0,0.9513839697837829
7,25600,-692.368631362915,-6.923686389923096,-692.368631362915,-6.923686389923096,0.0,692.368631362915,6.923686389923096,27.88028049468994,0.2788029336929325,4.2231487464904784,0.0,0.0,nan,nan,nan,nan,nan,nan,nan,nan,nan,nan,256,-0.0012837721354330256,0.27887734323740004,1.5547170162200927,0.12276469320058822,0.04343117214739323,0.04343117214739323,0.25384036749601363,0.002935512553813655,0.025662500504404308,0.495474636554718,1.0,0.009899038461538463,0.0006922596153846154,0,0.5,0.5,0.0,0.0,7.6969845628738405,4.8001239252090455,0.0,0.9243304073810578
8,28800,-637.2402410507202,-6.3724021720886235,-637.2402410507202,-6.3724021720886235,0.0,637.2402410507202,6.3724021720886235,83.00867080688477,0.8300871515274046,3.626221616268158,0.0,0.0,nan,nan,nan,nan,nan,nan,nan,nan,nan,nan,288,-0.0006353019675756855,0.21744203567504883,1.5564897179603576,0.09270041361451149,0.02263608667999506,0.02263608667999506,0.2220773369073868,0.0008741068919339904,0.00100624997576233,0.61081862449646,1.0,0.009884615384615384,0.0006911538461538461,0,0.5,0.5,0.0,0.0,6.860844383239746,3.966808741092682,0.0,0.9324553948640824
9,32000,-667.1150722503662,-6.671151037216187,-667.1150722503662,-6.671151037216187,0.0,667.1150722503662,6.671151037216187,53.13383960723877,0.5313382863998415,3.680950481891632,0.0,0.0,nan,nan,nan,nan,nan,nan,nan,nan,nan,nan,320,-0.0006197388683107264,0.2660103976726532,1.5618810176849365,0.11696939617395401,0.02341646458953619,0.02341646458953619,0.23378133922815322,0.0007694347979854872,1.2500000593718141e-05,0.5777977108955383,1.0,0.009870192307692307,0.0006900480769230769,0,0.5,0.5,0.0,0.0,6.686917543411255,4.367956924438476,0.0,0.9501786249876022
10,35200,-561.6208200454712,-5.616208305358887,-561.6208200454712,-5.616208305358887,0.0,561.6208200454712,5.616208305358887,158.6280918121338,1.5862810182571412,3.220473623275757,0.0,0.0,nan,nan,nan,nan,nan,nan,nan,nan,nan,nan,352,-0.0011980444523970845,0.11984215155243874,1.5726730704307557,0.043223126977682116,0.03435580022633076,0.03435580022633076,0.17816274240612984,0.0020574415608284715,0.014009375305249705,0.7445812225341797,1.0,0.00985576923076923,0.0006889423076923077,0,0.5,0.5,0.0,0.0,5.552213215827942,4.014813232421875,0.0,0.9434375423192978
11,38400,-703.313961982727,-7.033139443397522,-703.313961982727,-7.033139443397522,0.0,703.313961982727,7.033139443397522,16.93494987487793,0.1693498802185065,4.123402256965637,0.0,0.0,nan,nan,nan,nan,nan,nan,nan,nan,nan,nan,384,-0.000755489501645279,0.3354445695877075,1.5816304326057433,0.15140142291784286,0.027366242185235024,0.027366242185235024,0.25344744324684143,0.0010232319462378998,0.002896875032456592,0.37199074029922485,1.0,0.009841346153846154,0.0006878365384615384,0,0.5,0.5,0.0,0.0,6.94755126953125,5.350294671058655,0.0,0.9466518187522888
12,41600,-712.5212631225586,-7.125212798118591,-712.5212631225586,-7.125212798118591,0.0,712.5212631225586,7.125212798118591,7.727648735046387,0.07727652549743702,3.8806358075141905,0.0,0.0,nan,nan,nan,nan,nan,nan,nan,nan,nan,nan,416,-0.001300959173776306,0.3085572302341461,1.5888764262199402,0.13736389204859734,0.040192782506346704,0.040192782506346704,0.2624895676970482,0.0021478208916963838,0.01729687467450276,0.4088055491447449,1.0,0.009826923076923077,0.0006867307692307692,0,0.5,0.5,0.0,0.0,7.970490341186523,4.428739018440247,0.0,0.9016964757442474
13,44800,-691.5990047454834,-6.91599024772644,-691.5990047454834,-6.91599024772644,0.0,691.5990047454834,6.91599024772644,28.649907112121582,0.286499075889588,3.686983411312103,0.0,0.0,nan,nan,nan,nan,nan,nan,nan,nan,nan,nan,448,-0.0007090968006174591,0.24677784144878387,1.5866225361824036,0.10711108893156052,0.038171376846730706,0.038171376846730706,0.2442498490214348,0.001319560952834219,0.006053124973550439,0.46860647201538086,1.0,0.0098125,0.000685625,0,0.5,0.5,0.0,0.0,7.705046591758728,4.7666291952133175,0.0,0.8797321856021881
14,48000,-724.5150136947632,-7.245149869918823,-724.5150136947632,-7.245149869918823,0.0,724.5150136947632,7.245149869918823,-4.266101837158203,-0.0426605463027947,4.054530370235443,0.0,0.0,nan,nan,nan,nan,nan,nan,nan,nan,nan,nan,480,-0.0016380799907841138,0.3013585090637207,1.5863336324691772,0.13349815756082534,0.041054347157478334,0.041054347157478334,0.28743851333856585,0.002538004357848325,0.015968750044703484,0.600683331489563,1.0,0.009798076923076923,0.0006845192307692307,0,0.5,0.5,0.0,0.0,7.430602068901062,4.4819550132751464,0.0,0.9733929002285003
15,51200,-687.9239563941956,-6.879239668846131,-687.9239563941956,-6.879239668846131,0.0,687.9239563941956,6.879239668846131,32.324955463409424,0.32324965476989753,3.9695624232292177,0.0,0.0,nan,nan,nan,nan,nan,nan,nan,nan,nan,nan,512,-0.0006424797572861963,0.2532950446009636,1.5756903052330018,0.11058903336524964,0.023173595406115056,0.023173595406115056,0.2544604316353798,0.0015423723194548378,0.004693749826401472,0.5622637867927551,1.0,0.009783653846153846,0.0006834134615384615,0,0.5,0.5,0.0,0.0,6.569579463005066,4.698830022811889,0.0,0.9201786124706268
16,54400,-714.5662088394165,-7.14566249370575,-714.5662088394165,-7.14566249370575,0.0,714.5662088394165,7.14566249370575,5.682703018188477,0.05682682991027832,4.331175696849823,0.0,0.0,nan,nan,nan,nan,nan,nan,nan,nan,nan,nan,544,-0.0006718556327776071,0.2806091979146004,1.565442156791687,0.12433957457542419,0.019764444418251516,0.019764444418251516,0.28237240463495256,0.0012494926952062886,0.002734374941792339,0.414836585521698,1.0,0.00976923076923077,0.0006823076923076923,0,0.5,0.5,0.0,0.0,6.52366156578064,5.482719249725342,0.0,0.9254018306732178
17,57600,-673.5195436477661,-6.735195498466492,-673.5195436477661,-6.735195498466492,0.0,673.5195436477661,6.735195498466492,46.72936820983887,0.467293825149536,3.8184677600860595,0.0,0.0,nan,nan,nan,nan,nan,nan,nan,nan,nan,nan,576,-0.0011620191958385817,0.18336217403411864,1.5575977325439454,0.07532500140368939,0.027302131429314612,0.027302131429314612,0.22515639215707778,0.0015806720126425046,0.002965625072829425,0.37199854850769043,1.0,0.009754807692307693,0.000681201923076923,0,0.5,0.5,0.0,0.0,7.308932347297668,4.4324047875404355,0.0,0.9204911142587662
18,60800,-652.4608373641968,-6.524607939720154,-652.4608373641968,-6.524607939720154,0.0,652.4608373641968,6.524607939720154,67.7880744934082,0.6778813838958744,3.5325796222686767,0.0,0.0,nan,nan,nan,nan,nan,nan,nan,nan,nan,nan,608,-0.000783742516814101,0.1502422347664833,1.5576849937438966,0.05916492529213428,0.02987865451723337,0.02987865451723337,0.19697923511266707,0.0013985418689121828,0.004640625021420419,0.6433495283126831,1.0,0.009740384615384616,0.0006800961538461538,0,0.5,0.5,0.0,0.0,6.451886177062988,4.381538016796112,0.0,0.9503571826219559
19,64000,-664.0975484848022,-6.64097553730011,-664.0975484848022,-6.64097553730011,0.0,664.0975484848022,6.64097553730011,56.151363372802734,0.5615137863159179,3.61357656955719,0.0,0.0,nan,nan,nan,nan,nan,nan,nan,nan,nan,nan,640,-0.0011824419208627645,0.17284272313117982,1.569312286376953,0.06997584775090218,0.043420400470495224,0.043420400470495224,0.2290414661169052,0.0018182284289655494,0.009293749992502853,0.547487735748291,1.0,0.00972596153846154,0.0006789903846153847,0,0.5,0.5,0.0,0.0,8.121291317939757,4.194128725528717,0.0,0.8649553990364075
20,67200,-701.7597427368164,-7.017597169876098,-701.7597427368164,-7.017597169876098,0.0,701.7597427368164,7.017597169876098,18.489169120788574,0.18489215373992973,3.8959163665771483,0.0,0.0,-473.9550437927246,-4.739550437927246,-473.9550437927246,-4.739550437927246,100.0,2.370693874359131,0.0,0.0,473.9550437927246,275.93071007728577,672,-0.0008439828667732741,0.19281073659658432,1.5723157405853272,0.08029178008437157,0.03328460101038218,0.03328460101038218,0.23647953793406487,0.0019000468004382754,0.007146874919271795,0.6398913860321045,1.0,0.009711538461538462,0.0006778846153846154,0,0.5,0.5,0.0,0.0,8.565266904830933,4.358170900344849,0.0,0.9574554061889649
21,70400,-688.7541184425354,-6.887541060447693,-688.7541184425354,-6.887541060447693,0.0,688.7541184425354,6.887541060447693,31.49479341506958,0.31494826316833535,3.391147804260254,0.0,0.0,nan,nan,nan,nan,nan,nan,nan,nan,nan,nan,704,-0.0006550621748946384,0.1662935048341751,1.5779473066329956,0.06719015389680863,0.025572179071605205,0.025572179071605205,0.23767451271414758,0.0009167343821904507,0.0006718750111758709,0.6133533716201782,1.0,0.009697115384615386,0.0006767788461538462,0,0.5,0.5,0.0,0.0,6.775217585563659,4.8421825456619265,0.0,0.9505804020166397
22,73600,-699.4459867477417,-6.9944601202011105,-699.4459867477417,-6.9944601202011105,0.0,699.4459867477417,6.9944601202011105,20.80292510986328,0.2080292034149176,3.5445614743232725,0.0,0.0,nan,nan,nan,nan,nan,nan,nan,nan,nan,nan,736,-0.0010194644520737483,0.20549607127904893,1.5784785866737365,0.08644464910030365,0.04230930246412754,0.04230930246412754,0.2667924642562866,0.0015443900985705485,0.010146874806378037,0.612882137298584,1.0,0.009682692307692307,0.000675673076923077,0,0.5,0.5,0.0,0.0,7.506149125099182,4.334963042736053,0.0,0.9372768294811249
23,76800,-724.2041902542114,-7.2420420694351195,-724.2041902542114,-7.2420420694351195,0.0,724.2041902542114,7.2420420694351195,-3.9552783966064453,-0.039552745819091406,4.516891698837281,0.0,0.0,nan,nan,nan,nan,nan,nan,nan,nan,nan,nan,768,-0.0008604926929315582,0.19360069185495377,1.5700882434844972,0.0807598166167736,0.04373908564448357,0.04373908564448357,0.2560555376112461,0.0013744620719084992,0.008706249762326479,0.6057239770889282,1.0,0.00966826923076923,0.0006745673076923077,0,0.5,0.5,0.0,0.0,7.425142731666565,5.254297904968261,0.0,0.9529911196231842
24,80000,-662.5670709609985,-6.625670781135559,-662.5670709609985,-6.625670781135559,0.0,662.5670709609985,6.625670781135559,57.681840896606445,0.5768185424804688,3.6693704867362977,0.0,0.0,nan,nan,nan,nan,nan,nan,nan,nan,nan,nan,800,-0.0006151227576808082,0.13693215250968932,1.5732737183570862,0.05266281217336655,0.023724991269409655,0.023724991269409655,0.23010823056101798,0.0011704732725779155,0.0022531249793246388,0.5932537317276001,1.0,0.009653846153846153,0.0006734615384615385,0,0.5,0.5,0.0,0.0,6.012703561782837,4.839839725494385,0.0,0.9230804032087326
25,83200,-623.0610818862915,-6.230611057281494,-623.0610818862915,-6.230611057281494,0.0,623.0610818862915,6.230611057281494,97.18782997131348,0.9718782663345342,3.317593841552734,0.0,0.0,nan,nan,nan,nan,nan,nan,nan,nan,nan,nan,832,-0.0010061332454903039,0.09359476044774055,1.561916434764862,0.030735273100435733,0.03308250829577446,0.03308250829577446,0.18893224596977234,0.0017702390414347,0.010459375148639084,0.6468197107315063,1.0,0.009639423076923077,0.0006723557692307693,0,0.5,0.5,0.0,0.0,6.966331129074097,3.8946269488334657,0.0,0.9373661071062088
26,86400,-613.2288775444031,-6.132288675308228,-613.2288775444031,-6.132288675308228,0.0,613.2288775444031,6.132288675308228,107.0200343132019,1.0702006483078002,3.395349953174591,0.0,0.0,nan,nan,nan,nan,nan,nan,nan,nan,nan,nan,864,-0.0007187496210157463,0.09766438156366349,1.5529127955436706,0.03316665627062321,0.027654018811881544,0.027654018811881544,0.19481799006462097,0.001454226282294739,0.004356250076671131,0.5315689444541931,1.0,0.009625,0.00067125,0,0.5,0.5,0.0,0.0,6.837336068153381,3.818613154888153,0.0,0.9558482611179352
27,89600,-606.249933719635,-6.062499270439148,-606.249933719635,-6.062499270439148,0.0,606.249933719635,6.062499270439148,113.99897813796997,1.1399900531768798,3.539337546825409,0.0,0.0,nan,nan,nan,nan,nan,nan,nan,nan,nan,nan,896,-0.0006753199760278327,0.10740118771791458,1.5541183710098267,0.03808930143713951,0.021321927942335606,0.021321927942335606,0.20410101860761642,0.0011738337412685105,0.000465625006108894,0.3704987168312073,1.0,0.009610576923076923,0.0006701442307692308,0,0.5,0.5,0.0,0.0,5.948979649543762,4.456121573448181,0.0,0.9635714673995972
28,92800,-606.2101955413818,-6.062101941108704,-606.2101955413818,-6.062101941108704,0.0,606.2101955413818,6.062101941108704,114.03871631622314,1.140387382507324,3.3510846138000487,0.0,0.0,nan,nan,nan,nan,nan,nan,nan,nan,nan,nan,928,-0.0004106230610165795,0.07261777706444264,1.5511398911476135,0.021013288106769324,0.02487575765699148,0.02487575765699148,0.1757255271077156,0.0003645954537210565,0.0,0.677190899848938,1.0,0.009596153846153846,0.0006690384615384616,0,0.5,0.5,0.0,0.0,6.070393657684326,4.292940540313721,0.0,0.9717411184310913
29,96000,-659.2639265060425,-6.592639603614807,-659.2639265060425,-6.592639603614807,0.0,659.2639265060425,6.592639603614807,60.9849853515625,0.609849720001221,3.7788430500030517,0.0,0.0,nan,nan,nan,nan,nan,nan,nan,nan,nan,nan,960,-0.0010426343909465175,0.1622628316283226,1.558946919441223,0.065151372179389,0.03533392939716577,0.03533392939716577,0.22247887924313545,0.002314117489004762,0.018437500251457094,0.4000753164291382,1.0,0.00958173076923077,0.0006679326923076923,0,0.5,0.5,0.0,0.0,7.693548245429993,4.247525103092194,0.0,0.9439286071062089
30,99200,-639.2252335548401,-6.392252502441406,-639.2252335548401,-6.392252502441406,0.0,639.2252335548401,6.392252502441406,81.02367830276489,0.8102368211746223,3.4735957551002503,0.0,0.0,nan,nan,nan,nan,nan,nan,nan,nan,nan,nan,992,-0.0008526822701679038,0.10302842259407044,1.5450048923492432,0.035879993066191676,0.03252580594271422,0.03252580594271422,0.20280595421791076,0.0019739694755121716,0.01053437494992977,0.5268958806991577,1.0,0.009567307692307693,0.0006668269230769231,0,0.5,0.5,0.0,0.0,5.8081799983978275,4.1785544943809505,0.0,0.9123661142587661
31,102400,-642.304575920105,-6.423045392036438,-642.304575920105,-6.423045392036438,0.0,642.304575920105,6.423045392036438,77.9443359375,0.77944393157959,3.1007058930397036,0.0,0.0,nan,nan,nan,nan,nan,nan,nan,nan,nan,nan,1024,-0.0009317531697682569,0.08917979672551155,1.5344979166984558,0.028999263979494573,0.029953549802303314,0.029953549802303314,0.1878819689154625,0.0020851511537335345,0.008487499959301203,0.7319694757461548,1.0,0.009552884615384616,0.0006657211538461539,0,0.5,0.5,0.0,0.0,7.494454860687256,3.505689356327057,0.0,0.9429018276929856
32,105600,-595.3288202285767,-5.953288412094116,-595.3288202285767,-5.953288412094116,0.0,595.3288202285767,5.953288412094116,124.92009162902832,1.2492009115219123,3.159017903804779,0.0,0.0,nan,nan,nan,nan,nan,nan,nan,nan,nan,nan,1056,-0.0007686964812048336,0.05025024749338627,1.5287600398063659,0.009774408675730229,0.03890891075134277,0.03890891075134277,0.15428834035992622,0.001767854175705539,0.008831249922513962,0.6998641490936279,1.0,0.009538461538461539,0.0006646153846153846,0,0.5,0.5,0.0,0.0,6.374995379447937,4.004902091026306,0.0,0.9225446856021882
33,108800,-642.4376440048218,-6.4243765687942505,-642.4376440048218,-6.4243765687942505,0.0,642.4376440048218,6.4243765687942505,77.8112678527832,0.7781127548217777,3.4643976712226867,0.0,0.0,nan,nan,nan,nan,nan,nan,nan,nan,nan,nan,1088,-0.001546041982877089,0.09672721698880196,1.5228450179100037,0.032313932105898856,0.04795519709587097,0.04795519709587097,0.18451088666915894,0.003229839363485193,0.026599999621976168,0.6484378576278687,1.0,0.009524038461538462,0.0006635096153846154,0,0.5,0.5,0.0,0.0,6.881568670272827,3.8457865643501283,0.0,0.9403571808338165
34,112000,-663.2309074401855,-6.6323089504241945,-663.2309074401855,-6.6323089504241945,0.0,663.2309074401855,6.6323089504241945,57.018004417419434,0.5701803731918336,3.6115056467056275,0.0,0.0,nan,nan,nan,nan,nan,nan,nan,nan,nan,nan,1120,-0.0010109150771285158,0.09996023327112198,1.5279734969139098,0.03443876132369041,0.03575849533081055,0.03575849533081055,0.2112700328230858,0.002542432378687061,0.013240624964237214,0.6035380363464355,1.0,0.009509615384615385,0.0006624038461538462,0,0.5,0.5,0.0,0.0,6.35770429611206,4.867774453163147,0.0,0.913571469783783
35,115200,-596.3168802261353,-5.963168811798096,-596.3168802261353,-5.963168811798096,0.0,596.3168802261353,5.963168811798096,123.93203163146973,1.2393205118179322,2.629454770088196,0.0,0.0,nan,nan,nan,nan,nan,nan,nan,nan,nan,nan,1152,-0.0010295489749987397,0.044903441518545154,1.5342209100723267,0.006854449398815632,0.046248558163642886,0.046248558163642886,0.1560384426265955,0.002275564764568661,0.015503124799579382,0.674599826335907,1.0,0.009495192307692309,0.0006612980769230769,0,0.5,0.5,0.0,0.0,6.09777880191803,3.201389126777649,0.0,0.9534375470876694
36,118400,-673.0059843063354,-6.730060114860534,-673.0059843063354,-6.730060114860534,0.0,673.0059843063354,6.730060114860534,47.24292755126953,0.47242920875549377,3.6204925322532655,0.0,0.0,nan,nan,nan,nan,nan,nan,nan,nan,nan,nan,1184,-0.0013898620837833775,0.11091765835881233,1.5395177483558655,0.03947315625846386,0.04418147765100002,0.04418147765100002,0.19980988651514053,0.003097520754091053,0.018562499913969077,0.5525845289230347,1.0,0.00948076923076923,0.0006601923076923077,0,0.5,0.5,0.0,0.0,7.292549495697021,4.300943381786347,0.0,0.9291518300771713
37,121600,-602.8655080795288,-6.028655428886413,-602.8655080795288,-6.028655428886413,0.0,602.8655080795288,6.028655428886413,117.38340377807617,1.173833894729615,3.325784351825714,0.0,0.0,nan,nan,nan,nan,nan,nan,nan,nan,nan,nan,1216,-0.0005830587246631325,0.06397950425744056,1.5477083563804626,0.016755550168454647,0.01998986825346947,0.01998986825346947,0.18510450422763824,0.000773617756931847,0.0012062500463798642,0.5902981758117676,1.0,0.009466346153846153,0.0006590865384615385,0,0.5,0.5,0.0,0.0,6.135277314186096,4.028567278385163,0.0,0.9436607575416565
38,124800,-635.5614938735962,-6.3556150484085085,-635.5614938735962,-6.3556150484085085,0.0,635.5614938735962,6.3556150484085085,84.68741798400879,0.8468742752075196,3.7966470313072205,0.0,0.0,nan,nan,nan,nan,nan,nan,nan,nan,nan,nan,1248,-0.0009491134466661499,0.11831833347678185,1.538847303390503,0.04366498738527298,0.03366701900959015,0.03366701900959015,0.2185385823249817,0.0019216750617493555,0.01435312491375953,0.48548322916030884,1.0,0.009451923076923077,0.0006579807692307692,0,0.5,0.5,0.0,0.0,6.748361411094666,4.345600309371949,0.0,0.9067857599258423
39,128000,-672.0592708587646,-6.720592951774597,-672.0592708587646,-6.720592951774597,0.0,672.0592708587646,6.720592951774597,48.18964099884033,0.4818963718414313,3.7453926396369934,0.0,0.0,nan,nan,nan,nan,nan,nan,nan,nan,nan,nan,1280,-0.0010165383383515803,0.07078633345663547,1.5485205888748168,0.019762466475367547,0.047435181215405464,0.047435181215405464,0.19141041561961175,0.0017016610647265767,0.014371874835342168,0.6113911271095276,1.0,0.0094375,0.000656875,0,0.5,0.5,0.0,0.0,7.128561959266663,4.389721508026123,0.0,0.9124554026126862
40,131200,-616.7993421554565,-6.167993726730347,-616.7993421554565,-6.167993726730347,0.0,616.7993421554565,6.167993726730347,103.44956970214844,1.034495596885681,3.226647288799286,0.0,0.0,-335.55619117617607,-3.3555619117617606,-335.55619117617607,-3.3555619117617606,100.0,1.5201861728355288,0.0,0.0,335.55619117617607,414.3295626938343,1312,-0.0008690912785034755,0.053827978670597076,1.5391902208328248,0.011540990136563779,0.030763825960457326,0.030763825960457326,0.172611203789711,0.0016597575136989464,0.004565625018949504,0.6062519550323486,1.0,0.009423076923076923,0.0006557692307692308,0,0.5,0.5,0.0,0.0,7.284705114364624,3.889989528656006,0.0,0.9354464709758759
41,134400,-567.38188123703,-5.673819179534912,-567.38188123703,-5.673819179534912,0.0,567.38188123703,5.673819179534912,152.86703062057495,1.528670144081116,3.0457951736450197,0.0,0.0,nan,nan,nan,nan,nan,nan,nan,nan,nan,nan,1344,-0.0007913821585360026,0.043838586658239365,1.5433164715766907,0.006607380881905556,0.02695343978703022,0.02695343978703022,0.1601371183991432,0.0018017562128084818,0.006284374813549221,0.696698784828186,1.0,0.009408653846153846,0.0006546634615384615,0,0.5,0.5,0.0,0.0,5.5253222465515135,3.765380868911743,0.0,0.9188393312692642
42,137600,-643.5065078735352,-6.435064988136292,-643.5065078735352,-6.435064988136292,0.0,643.5065078735352,6.435064988136292,76.74240398406982,0.7674243354797365,2.9754163241386413,0.0,0.0,nan,nan,nan,nan,nan,nan,nan,nan,nan,nan,1376,-0.0006341643566633692,0.061423517763614655,1.5375655174255372,0.015633350051939488,0.024090952798724176,0.024090952798724176,0.18628749772906303,0.000593875834966284,0.00048749999841675163,0.5593146085739136,1.0,0.00939423076923077,0.0006535576923076923,0,0.5,0.5,0.0,0.0,7.316472992897034,3.748365190029144,0.0,0.9286607617139816
43,140800,-606.3120050430298,-6.0631199550628665,-606.3120050430298,-6.0631199550628665,0.0,606.3120050430298,6.0631199550628665,113.9369068145752,1.1393693685531616,3.527638382911682,0.0,0.0,nan,nan,nan,nan,nan,nan,nan,nan,nan,nan,1408,-0.0008864177307870591,0.05377016179263592,1.5357814073562621,0.011593328230082989,0.025141802430152894,0.025141802430152894,0.16652983725070952,0.0012562494735908485,0.004393749951850623,0.5506026744842529,1.0,0.009379807692307692,0.000652451923076923,0,0.5,0.5,0.0,0.0,6.403899030685425,3.9896031975746156,0.0,0.9175000441074371
44,144000,-684.7740907669067,-6.847741103172302,-684.7740907669067,-6.847741103172302,0.0,684.7740907669067,6.847741103172302,35.47482109069824,0.3547482204437262,4.0801276588439945,0.0,0.0,nan,nan,nan,nan,nan,nan,nan,nan,nan,nan,1440,-0.0009690435392549545,0.061244246736168864,1.5231977939605712,0.015387746412307024,0.029194599762558938,0.029194599762558938,0.153963553160429,0.0011629655546136386,0.0007375000044703483,0.6874984502792358,1.0,0.009365384615384616,0.0006513461538461538,0,0.5,0.5,0.0,0.0,7.152682342529297,4.678696761131286,0.0,0.9328571850061417
45,147200,-590.4258637428284,-5.904258470535279,-590.4258637428284,-5.904258470535279,0.0,590.4258637428284,5.904258470535279,129.8230481147766,1.2982308530807494,3.2349034333229065,0.0,0.0,nan,nan,nan,nan,nan,nan,nan,nan,nan,nan,1472,-0.0009899413580480854,0.03690289724618197,1.5060613036155701,0.0033783866092562675,0.031319362483918665,0.031319362483918665,0.1422647215425968,0.0019261627894599613,0.008790625166147948,0.7487820982933044,1.0,0.009350961538461539,0.0006502403846153846,0,0.5,0.5,0.0,0.0,5.816376991271973,3.9883850407600403,0.0,0.9449554002285003
46,150400,-658.7748565673828,-6.587748355865479,-658.7748565673828,-6.587748355865479,0.0,658.7748565673828,6.587748355865479,61.47405529022217,0.6147409677505493,3.4284220862388612,0.0,0.0,nan,nan,nan,nan,nan,nan,nan,nan,nan,nan,1504,-0.0014104912608161157,0.06954900771379471,1.5007693409919738,0.019352021720260383,0.03542408645153046,0.03542408645153046,0.17812575474381448,0.0020869524938468085,0.010596875355986413,0.5720003843307495,1.0,0.009336538461538462,0.0006491346153846153,0,0.5,0.5,0.0,0.0,6.114409408569336,4.656748564243316,0.0,0.9621429002285004
47,153600,-604.2608337402344,-6.0426082515716555,-604.2608337402344,-6.0426082515716555,0.0,604.2608337402344,6.0426082515716555,115.9880781173706,1.1598810720443726,3.53014808177948,0.0,0.0,nan,nan,nan,nan,nan,nan,nan,nan,nan,nan,1536,-0.0013368195475660372,0.03480747230350971,1.4883751392364502,0.00219211196526885,0.03478670082986355,0.03478670082986355,0.12943130508065223,0.0024679986658163603,0.017771874804748223,0.7607496976852417,1.0,0.009322115384615385,0.0006480288461538461,0,0.5,0.5,0.0,0.0,6.379317331314087,3.9042340970039366,0.0,0.9101339733600616
48,156800,-634.375729560852,-6.3437573432922365,-634.375729560852,-6.3437573432922365,0.0,634.375729560852,6.3437573432922365,85.87318229675293,0.8587319803237916,3.1961297297477724,0.0,0.0,nan,nan,nan,nan,nan,nan,nan,nan,nan,nan,1568,-0.0006519399820447802,0.04102438520640135,1.4911437153816223,0.005981145147234202,0.024143775925040245,0.024143775925040245,0.1427416794002056,0.0016987592513039592,0.008753125031944364,0.7247135043144226,1.0,0.009307692307692308,0.0006469230769230769,0,0.5,0.5,0.0,0.0,6.8065084457397464,3.905637023448944,0.0,0.9430804002285004
49,160000,-606.7612028121948,-6.067612099647522,-606.7612028121948,-6.067612099647522,0.0,606.7612028121948,6.067612099647522,113.48770904541016,1.1348772239685063,3.252913553714752,0.0,0.0,nan,nan,nan,nan,nan,nan,nan,nan,nan,nan,1600,-0.0011271494116517288,0.05666006579995155,1.507427489757538,0.013193953689187765,0.0346259418874979,0.0346259418874979,0.17059721574187278,0.0018351553411782614,0.0119156250540982,0.5365543365478516,1.0,0.009293269230769232,0.0006458173076923076,0,0.5,0.5,0.0,0.0,6.058449101448059,3.9156698274612425,0.0,0.9616518276929855
50,163200,-606.9427671432495,-6.069427790641785,-606.9427671432495,-6.069427790641785,0.0,606.9427671432495,6.069427790641785,113.30614471435547,1.133061532974243,3.3085648894309996,0.0,0.0,nan,nan,nan,nan,nan,nan,nan,nan,nan,nan,1632,-0.0008136738691419509,0.03502173889428377,1.5086825728416442,0.0026983625255525114,0.028653107397258282,0.028653107397258282,0.13431184515357017,0.0014385202815908001,0.00660937498905696,0.6984803676605225,1.0,0.009278846153846153,0.0006447115384615384,0,0.5,0.5,0.0,0.0,5.262474937438965,4.341273639202118,0.0,0.8883929032087327
51,166400,-642.2313542366028,-6.4223136043548585,-642.2313542366028,-6.4223136043548585,0.0,642.2313542366028,6.4223136043548585,78.0175576210022,0.7801757192611696,3.887555603981018,0.0,0.0,nan,nan,nan,nan,nan,nan,nan,nan,nan,nan,1664,-0.0008227690798884524,0.04796511493623257,1.5174307227134705,0.009101667813956738,0.031294335052371024,0.031294335052371024,0.14863229021430016,0.0014145509394445127,0.0041937501024222005,0.6054311394691467,1.0,0.009264423076923076,0.0006436057692307693,0,0.5,0.5,0.0,0.0,7.273831701278686,4.463541538715362,0.0,0.9058036112785339
52,169600,-650.6002674102783,-6.506002416610718,-650.6002674102783,-6.506002416610718,0.0,650.6002674102783,6.506002416610718,69.64864444732666,0.6964869070053101,3.588483700752258,0.0,0.0,nan,nan,nan,nan,nan,nan,nan,nan,nan,nan,1696,-0.0010447241719869992,0.049961696937680246,1.4956012129783631,0.010101813264191151,0.02859903424978256,0.02859903424978256,0.1583242453634739,0.0018621418726986066,0.005562499881125405,0.6192198991775513,1.0,0.00925,0.0006425,0,0.5,0.5,0.0,0.0,7.091567039489746,4.434223945140839,0.0,0.91084825694561
53,172800,-608.152813911438,-6.081528210639954,-608.152813911438,-6.081528210639954,0.0,608.152813911438,6.081528210639954,112.09609794616699,1.1209611129760741,3.2712257933616637,0.0,0.0,nan,nan,nan,nan,nan,nan,nan,nan,nan,nan,1728,-0.0008232224949461297,0.028010572865605356,1.4785976648330688,-0.00047363815829157827,0.023620326817035676,0.023620326817035676,0.11992494612932206,0.0011808244325954731,0.0036156250323983842,0.8034673929214478,1.0,0.009235576923076923,0.0006413942307692308,0,0.5,0.5,0.0,0.0,5.9638211011886595,4.036718692779541,0.0,0.9494196879863739
54,176000,-595.1578092575073,-5.951578297615051,-595.1578092575073,-5.951578297615051,0.0,595.1578092575073,5.951578297615051,125.09110260009766,1.2509110260009768,3.52131028175354,0.0,0.0,nan,nan,nan,nan,nan,nan,nan,nan,nan,nan,1760,-0.001502159291133287,0.06144728548824787,1.477200996875763,0.015599985606968403,0.0434868086129427,0.0434868086129427,0.18450940698385238,0.002348242357039219,0.018790625262772663,0.4196479320526123,1.0,0.009221153846153846,0.0006402884615384616,0,0.5,0.5,0.0,0.0,6.4869704437255855,3.9693523645401,0.0,0.8959821838140488
55,179200,-548.5949287414551,-5.48594907283783,-548.5949287414551,-5.48594907283783,0.0,548.5949287414551,5.48594907283783,171.6539831161499,1.7165402507781984,3.0964909291267393,0.0,0.0,nan,nan,nan,nan,nan,nan,nan,nan,nan,nan,1792,-0.0008805756071524229,0.030240982957184314,1.4532336592674255,0.0008603845722973347,0.03659845255315304,0.03659845255315304,0.11174397468566895,0.0019153633664252983,0.009671875057392754,0.7789530158042908,1.0,0.00920673076923077,0.0006391826923076923,0,0.5,0.5,0.0,0.0,5.552970571517944,3.8226550221443176,0.0,0.9205357587337494
56,182400,-527.312611579895,-5.2731261682510375,-527.312611579895,-5.2731261682510375,0.0,527.312611579895,5.2731261682510375,192.93630027770996,1.9293631553649906,2.9345211815834045,0.0,0.0,nan,nan,nan,nan,nan,nan,nan,nan,nan,nan,1824,-0.000714632521101155,0.039933019503951075,1.466375470161438,0.00577250299975276,0.03539278525859117,0.03539278525859117,0.13010090589523315,0.0010211960045133372,0.003446874942164868,0.6986542344093323,1.0,0.009192307692307692,0.0006380769230769231,0,0.5,0.5,0.0,0.0,6.044399333000183,3.624459590911865,0.0,0.9059821796417237
57,185600,-603.5343255996704,-6.035343194007874,-603.5343255996704,-6.035343194007874,0.0,603.5343255996704,6.035343194007874,116.71458625793457,1.1671461296081542,3.4890645933151245,0.0,0.0,nan,nan,nan,nan,nan,nan,nan,nan,nan,nan,1856,-0.0008866586602467308,0.026861329935491084,1.4661060929298402,-0.0009117471054196358,0.05166625566780567,0.05166625566780567,0.09925374314188957,0.001805894428981239,0.014490625029429794,0.7630048990249634,1.0,0.009177884615384616,0.0006369711538461539,0,0.5,0.5,0.0,0.0,7.1604976034164425,4.083983979225159,0.0,0.91281254529953
58,188800,-598.6912059783936,-5.986912202835083,-598.6912059783936,-5.986912202835083,0.0,598.6912059783936,5.986912202835083,121.55770587921143,1.215577120780945,3.203474338054657,0.0,0.0,nan,nan,nan,nan,nan,nan,nan,nan,nan,nan,1888,-0.0012395193449105334,0.031061063706874847,1.4630807757377624,0.0008841280825436116,0.039355788566172126,0.039355788566172126,0.12002182640135288,0.0022384985961259917,0.01903125043027103,0.7616020441055298,1.0,0.009163461538461539,0.0006358653846153846,0,0.5,0.5,0.0,0.0,5.856116356849671,4.185423460006714,0.0,0.9378571879863739
59,192000,-532.1934061050415,-5.321934242248535,-532.1934061050415,-5.321934242248535,0.0,532.1934061050415,5.321934242248535,188.05550575256348,1.8805550813674934,3.2227732610702513,0.0,0.0,nan,nan,nan,nan,nan,nan,nan,nan,nan,nan,1920,-0.0007690811916429175,0.03330302629619837,1.4676012516021728,0.0024552921764552592,0.0323629193007946,0.0323629193007946,0.11372284218668938,0.0011951608947135873,0.007559375034179539,0.714922308921814,1.0,0.009149038461538462,0.0006347596153846154,0,0.5,0.5,0.0,0.0,5.278932337760925,3.813143696784973,0.0,0.9366071850061417
60,195200,-614.3712282180786,-6.14371232509613,-614.3712282180786,-6.14371232509613,0.0,614.3712282180786,6.14371232509613,105.87768363952637,1.0587769985198978,3.4121137762069704,0.0,0.0,-487.6700556278229,-4.876700556278228,-487.6700556278229,-4.876700556278228,100.0,2.471450363397598,0.0,0.0,487.6700556278229,262.2156982421875,1952,-0.0006655264192377164,0.03112085796892643,1.4599541425704956,0.0015587826259434224,0.025193437561392786,0.025193437561392786,0.11532182842493058,0.001451138726407219,0.005987500044284388,0.7457261085510254,1.0,0.009134615384615385,0.0006336538461538462,0,0.5,0.5,0.0,0.0,6.930939497947693,3.9357797837257387,0.0,0.9405803978443146
61,198400,-530.4379620552063,-5.304380006790161,-530.4379620552063,-5.304380006790161,0.0,530.4379620552063,5.304380006790161,189.81094980239868,1.8981093168258667,2.8675954818725584,0.0,0.0,nan,nan,nan,nan,nan,nan,nan,nan,nan,nan,1984,-0.0012358944928389625,0.023441897332668306,1.4768896102905273,-0.002984463144093752,0.03640968482941389,0.03640968482941389,0.09190964214503765,0.0019197605321103505,0.012412500067148358,0.8563902378082275,1.0,0.009120192307692308,0.0006325480769230769,0,0.5,0.5,0.0,0.0,5.142675104141236,3.43357613325119,0.0,0.9640178960561753
62,201600,-564.554904460907,-5.645548901557922,-564.554904460907,-5.645548901557922,0.0,564.554904460907,5.645548901557922,155.694007396698,1.5569404220581058,2.8865807914733885,0.0,0.0,nan,nan,nan,nan,nan,nan,nan,nan,nan,nan,2016,-0.001569128315371948,0.03750444334000349,1.4791209697723389,0.0037145594134926794,0.04783463403582573,0.04783463403582573,0.12048523053526879,0.0022570973669651107,0.015537499834317714,0.6926636695861816,1.0,0.009105769230769232,0.0006314423076923077,0,0.5,0.5,0.0,0.0,5.724263181686402,3.5748968529701233,0.0,0.959508969783783
63,204800,-541.4738759994507,-5.414738874435425,-541.4738759994507,-5.414738874435425,0.0,541.4738759994507,5.414738874435425,178.7750358581543,1.7877504491806029,3.208900361061096,0.0,0.0,nan,nan,nan,nan,nan,nan,nan,nan,nan,nan,2048,-0.0011474402197520384,0.02717040330171585,1.4597798347473145,-0.0008336029946804047,0.034946184046566485,0.034946184046566485,0.09723910838365554,0.0022823662391608796,0.016584375197999178,0.7101713418960571,1.0,0.009091346153846155,0.0006303365384615385,0,0.5,0.5,0.0,0.0,5.918446879386902,3.6902848267555237,0.0,0.8966518241167069
64,208000,-574.0030951499939,-5.740030899047851,-574.0030951499939,-5.740030899047851,0.0,574.0030951499939,5.740030899047851,146.24581670761108,1.4624584245681769,3.3137416362762453,0.0,0.0,nan,nan,nan,nan,nan,nan,nan,nan,nan,nan,2080,-0.0013723027263302379,0.044079572707414624,1.4608442783355713,0.00740751251578331,0.043818630278110504,0.043818630278110504,0.12470435947179795,0.002467524774329638,0.020878125354647635,0.45377403497695923,1.0,0.009076923076923076,0.0006292307692307692,0,0.5,0.5,0.0,0.0,5.536185793876648,4.234388461112976,0.0,0.9251786124706268
65,211200,-555.8010196685791,-5.558009977340698,-555.8010196685791,-5.558009977340698,0.0,555.8010196685791,5.558009977340698,164.44789218902588,1.6444793462753298,3.015757806301117,0.0,0.0,nan,nan,nan,nan,nan,nan,nan,nan,nan,nan,2112,-0.0007903636049420903,0.04611425995826721,1.4551985383033752,0.009079029876738786,0.028354733996093274,0.028354733996093274,0.13704699352383615,0.0016767451576022712,0.008193750074133277,0.5659236907958984,1.0,0.0090625,0.000628125,0,0.5,0.5,0.0,0.0,5.487587547302246,3.812781457901001,0.0,0.8981696879863739
66,214400,-577.9874448776245,-5.779874291419983,-577.9874448776245,-5.779874291419983,0.0,577.9874448776245,5.779874291419983,142.26146697998047,1.4226150321960453,3.1229184913635253,0.0,0.0,nan,nan,nan,nan,nan,nan,nan,nan,nan,nan,2144,-0.000825386103159692,0.035561530478298665,1.4611245155334474,0.00373501181602478,0.03467594552785158,0.03467594552785158,0.10781734734773636,0.001099816892747885,0.006078125000931323,0.3676455020904541,1.0,0.009048076923076923,0.0006270192307692308,0,0.5,0.5,0.0,0.0,7.23189977645874,3.424794306755066,0.0,0.9212054026126861
67,217600,-595.690336227417,-5.956903429031372,-595.690336227417,-5.956903429031372,0.0,595.690336227417,5.956903429031372,124.55857563018799,1.2455858945846563,3.3236085033416747,0.0,0.0,nan,nan,nan,nan,nan,nan,nan,nan,nan,nan,2176,-0.0015660394356935337,0.024839810840785504,1.4646057486534119,-0.0023768756072968245,0.04967434778809547,0.04967434778809547,0.09177589602768421,0.0028304687759380482,0.022484374872146873,0.7413823008537292,1.0,0.009033653846153846,0.0006259134615384615,0,0.5,0.5,0.0,0.0,6.5373023414611815,3.7928148436546327,0.0,0.9465179032087326
68,220800,-656.2076501846313,-6.5620768356323245,-656.2076501846313,-6.5620768356323245,0.0,656.2076501846313,6.5620768356323245,64.04126167297363,0.6404124879837036,3.5603037548065184,0.0,0.0,nan,nan,nan,nan,nan,nan,nan,nan,nan,nan,2208,-0.001269144400383837,0.044031956046819684,1.4533127903938294,0.00763907041400671,0.04038543794304132,0.04038543794304132,0.12632931396365166,0.0023701010264638384,0.014503124929615297,0.4254716634750366,1.0,0.009019230769230769,0.0006248076923076923,0,0.5,0.5,0.0,0.0,7.092309379577637,4.011958031654358,0.0,0.9684821903705597
69,224000,-543.8429102897644,-5.438429131507873,-543.8429102897644,-5.438429131507873,0.0,543.8429102897644,5.438429131507873,176.40600156784058,1.764060192108155,3.003561170101166,0.0,0.0,nan,nan,nan,nan,nan,nan,nan,nan,nan,nan,2240,-0.0009884853461408216,0.035171977058053014,1.4629964113235474,0.0034235014580190183,0.031067845411598682,0.031067845411598682,0.10822595842182636,0.0025172101792130122,0.01763125013530953,0.6806241273880005,1.0,0.009004807692307692,0.0006237019230769231,0,0.5,0.5,0.0,0.0,5.99522114276886,3.6743558502197264,0.0,0.9007143217325211
70,227200,-580.4110684394836,-5.804111084938049,-580.4110684394836,-5.804111084938049,0.0,580.4110684394836,5.804111084938049,139.83784341812134,1.3983782386779788,3.134898908138275,0.0,0.0,nan,nan,nan,nan,nan,nan,nan,nan,nan,nan,2272,-0.0014262881988543086,0.041068731993436816,1.4575168371200562,0.006004440970718861,0.04060877189040184,0.04060877189040184,0.10468088313937188,0.0022285348422890604,0.013174999988405035,0.6730005741119385,1.0,0.008990384615384615,0.0006225961538461538,0,0.5,0.5,0.0,0.0,6.102142162322998,3.769849762916565,0.0,0.9600000417232514
71,230400,-595.4696688652039,-5.954697008132935,-595.4696688652039,-5.954697008132935,0.0,595.4696688652039,5.954697008132935,124.77924299240112,1.2477923154830934,3.6497684812545774,0.0,0.0,nan,nan,nan,nan,nan,nan,nan,nan,nan,nan,2304,-0.0010027116774697698,0.03996127899736166,1.4462100744247437,0.005996802262961865,0.028819061070680618,0.028819061070680618,0.11196164339780808,0.0017295488425595807,0.006031250033993274,0.6227731704711914,1.0,0.008975961538461539,0.0006214903846153846,0,0.5,0.5,0.0,0.0,5.972012510299683,4.182272863388062,0.0,0.9180357575416564
72,233600,-496.9432234764099,-4.969431986808777,-496.9432234764099,-4.969431986808777,0.0,496.9432234764099,4.969431986808777,223.30568838119507,2.233057336807251,2.859129469394684,0.0,0.0,nan,nan,nan,nan,nan,nan,nan,nan,nan,nan,2336,-0.0008739556338637656,0.024488774314522743,1.4399049043655396,-0.001533332047984004,0.031620924919843675,0.031620924919843675,0.09355979561805725,0.0011616741176119973,0.005824999953620136,0.7671484351158142,1.0,0.008961538461538462,0.0006203846153846154,0,0.5,0.5,0.0,0.0,6.0088198852539065,3.2346748876571656,0.0,0.9254018300771714
73,236800,-502.565634727478,-5.025656502246857,-502.565634727478,-5.025656502246857,0.0,502.565634727478,5.025656502246857,217.68327713012695,2.176832821369171,2.891213119029999,0.0,0.0,nan,nan,nan,nan,nan,nan,nan,nan,nan,nan,2368,-0.0011837023621598774,0.03133042473345995,1.4208317637443542,0.0017691646702587605,0.04085079710930586,0.04085079710930586,0.09120772741734981,0.002216914467135999,0.0173656253144145,0.6319459676742554,1.0,0.008947115384615385,0.0006192788461538461,0,0.5,0.5,0.0,0.0,5.2583005285263065,3.6822859191894532,0.0,0.95084825694561
74,240000,-495.6146321296692,-4.9561463689804075,-495.6146321296692,-4.9561463689804075,0.0,495.6146321296692,4.9561463689804075,224.6342797279358,2.2463429546356206,2.8292037987709047,0.0,0.0,nan,nan,nan,nan,nan,nan,nan,nan,nan,nan,2400,-0.0003768917554486606,0.02786871660500765,1.4435624718666076,0.0006625678390264512,0.025533202663064004,0.025533202663064004,0.07971076928079128,0.0015819501611994055,0.008912500138103496,0.815626859664917,1.0,0.008932692307692308,0.0006181730769230769,0,0.5,0.5,0.0,0.0,4.845629661083222,3.2862983679771425,0.0,0.9431250429153443
75,243200,-522.5165386199951,-5.225165252685547,-522.5165386199951,-5.225165252685547,0.0,522.5165386199951,5.225165252685547,197.73237323760986,1.9773240709304813,3.0913397073745728,0.0,0.0,nan,nan,nan,nan,nan,nan,nan,nan,nan,nan,2432,-0.001102945134974931,0.03729087524116039,1.4545793771743774,0.004570161923766136,0.036740944534540174,0.036740944534540174,0.10484935045242309,0.001837459755916667,0.01158125009824289,0.6594210863113403,1.0,0.008918269230769231,0.0006170673076923077,0,0.5,0.5,0.0,0.0,5.32760865688324,3.872781422138214,0.0,0.8919643282890319
76,246400,-512.1326246261597,-5.121326320171356,-512.1326246261597,-5.121326320171356,0.0,512.1326246261597,5.121326320171356,208.1162872314453,2.081163003444672,2.6044415807724,0.0,0.0,nan,nan,nan,nan,nan,nan,nan,nan,nan,nan,2464,-0.0007153772178578599,0.041605386137962344,1.457429015636444,0.007110592164099217,0.031003146804869174,0.031003146804869174,0.10054123625159264,0.0008721926264123013,0.00344375004642643,0.6835958957672119,1.0,0.008903846153846155,0.0006159615384615384,0,0.5,0.5,0.0,0.0,5.197733447551728,3.4461240458488462,0.0,0.9242857551574707
77,249600,-550.1567015647888,-5.501567091941833,-550.1567015647888,-5.501567091941833,0.0,550.1567015647888,5.501567091941833,170.09221029281616,1.7009222316741948,3.1309847021102906,0.0,0.0,nan,nan,nan,nan,nan,nan,nan,nan,nan,nan,2496,-0.0012027771227119289,0.030156023055315017,1.4606903910636901,0.0008905402384698391,0.04126695804297924,0.04126695804297924,0.0861984796822071,0.001985006235919006,0.0126999999047257,0.6969671845436096,1.0,0.008889423076923076,0.0006148557692307692,0,0.5,0.5,0.0,0.0,6.023049821853638,3.655701720714569,0.0,0.9383928960561753
78,252800,-592.361494064331,-5.923614583015442,-592.361494064331,-5.923614583015442,0.0,592.361494064331,5.923614583015442,127.88741779327393,1.2788747406005863,3.2427187299728395,0.0,0.0,nan,nan,nan,nan,nan,nan,nan,nan,nan,nan,2528,-0.0007687365537480173,0.04510889425873756,1.4629660844802856,0.008801886066794395,0.03643461521714926,0.03643461521714926,0.09636131301522255,0.001978838380456009,0.015762499887205194,0.6084340810775757,1.0,0.008875000000000001,0.00061375,0,0.5,0.5,0.0,0.0,6.869882245063781,3.9375238013267517,0.0,0.9202232605218887
79,256000,-587.0502963066101,-5.870502958297729,-587.0502963066101,-5.870502958297729,0.0,587.0502963066101,5.870502958297729,133.19861555099487,1.3319863653182988,3.5304075574874876,0.0,0.0,nan,nan,nan,nan,nan,nan,nan,nan,nan,nan,2560,-0.001390110012353407,0.05268755070865154,1.4512882709503174,0.012094414699822665,0.04300865232944488,0.04300865232944488,0.10972491130232812,0.0027508109618800667,0.02286562535446137,0.5580921173095703,1.0,0.008860576923076922,0.0006126442307692307,0,0.5,0.5,0.0,0.0,5.593286156654358,4.333403947353363,0.0,0.934687539935112
80,259200,-661.3056054115295,-6.613056001663208,-661.3056054115295,-6.613056001663208,0.0,661.3056054115295,6.613056001663208,58.94330644607544,0.5894333219528205,3.60347638130188,0.0,0.0,-609.199990272522,-6.091999902725219,-609.199990272522,-6.091999902725219,100.0,3.3148478235304357,0.0,0.0,609.199990272522,140.6857635974884,2592,-0.0004442124114168777,0.04110751636326313,1.46336590051651,0.007164386287331581,0.02536063138395548,0.02536063138395548,0.10339892655611038,0.0015071024332436,0.00845937479607528,0.6101915836334229,1.0,0.008846153846153846,0.0006115384615384615,0,0.5,0.5,0.0,0.0,7.910456399917603,4.263014826774597,0.0,0.8733482533693313
81,262400,-558.3078784942627,-5.583078656196594,-558.3078784942627,-5.583078656196594,0.0,558.3078784942627,5.583078656196594,161.94103336334229,1.6194106674194337,3.0930123043060305,0.0,0.0,nan,nan,nan,nan,nan,nan,nan,nan,nan,nan,2624,-0.0010189752501319148,0.027448860742151738,1.4581753849983214,-0.00017275735735893248,0.0321945820003748,0.0321945820003748,0.0796357162296772,0.0016453788131919355,0.009778125036973506,0.7378253936767578,1.0,0.008831730769230769,0.0006104326923076922,0,0.5,0.5,0.0,0.0,5.694844799041748,3.571276614665985,0.0,0.9206696838140488
82,265600,-554.7058143615723,-5.547058138847351,-554.7058143615723,-5.547058138847351,0.0,554.7058143615723,5.547058138847351,165.54309749603271,1.655431184768677,2.850159935951233,0.0,0.0,nan,nan,nan,nan,nan,nan,nan,nan,nan,nan,2656,-0.0009186261770926408,0.03636164739727974,1.4575745344161988,0.0044103143736720085,0.03489658050239086,0.03489658050239086,0.09470466524362564,0.0013552980271932641,0.006815625203307718,0.6612989902496338,1.0,0.008817307692307692,0.000609326923076923,0,0.5,0.5,0.0,0.0,6.627083277702331,3.365090091228485,0.0,0.9466518288850785
83,268800,-501.9006290435791,-5.01900648355484,-501.9006290435791,-5.01900648355484,0.0,501.9006290435791,5.01900648355484,218.34828281402588,2.1834828400611883,2.8207047462463377,0.0,0.0,nan,nan,nan,nan,nan,nan,nan,nan,nan,nan,2688,-0.001201987433870144,0.023116356506943703,1.4446559071540832,-0.0023609478026628493,0.037263812869787215,0.037263812869787215,0.07579287774860859,0.0016413870509503054,0.010137499950360507,0.8340179324150085,1.0,0.008802884615384615,0.0006082211538461539,0,0.5,0.5,0.0,0.0,5.472450795173645,3.4437799882888793,0.0,0.9011161136627197
84,272000,-585.1046595573425,-5.851046376228332,-585.1046595573425,-5.851046376228332,0.0,585.1046595573425,5.851046376228332,135.14425230026245,1.3514429473876959,3.141529245376587,0.0,0.0,nan,nan,nan,nan,nan,nan,nan,nan,nan,nan,2720,-0.0007708149212994452,0.03194338101893664,1.4434241890907287,0.002515397034585476,0.03053722344338894,0.03053722344338894,0.08343163058161736,0.0017525256334928313,0.007756250095553696,0.7190309762954712,1.0,0.008788461538461538,0.0006071153846153847,0,0.5,0.5,0.0,0.0,5.208562860488891,4.1440560293197635,0.0,0.9366964715719223
85,275200,-530.5770077705383,-5.3057703065872195,-530.5770077705383,-5.3057703065872195,0.0,530.5770077705383,5.3057703065872195,189.67190408706665,1.8967190170288086,2.9345921444892884,0.0,0.0,nan,nan,nan,nan,nan,nan,nan,nan,nan,nan,2752,-0.0007811960340070812,0.032496854104101656,1.435185956954956,0.002874854113906622,0.031207618489861488,0.031207618489861488,0.08581545054912568,0.0012875606455062377,0.006949999922289863,0.7985823750495911,1.0,0.008774038461538462,0.0006060096153846154,0,0.5,0.5,0.0,0.0,5.678608000278473,3.413845629692078,0.0,0.9301786160469055
86,278400,-610.4441518783569,-6.104441561698914,-610.4441518783569,-6.104441561698914,0.0,610.4441518783569,6.104441561698914,109.80475997924805,1.0980477619171145,3.461725900173187,0.0,0.0,nan,nan,nan,nan,nan,nan,nan,nan,nan,nan,2784,-0.0010680293678422715,0.03169778063893318,1.4302909970283508,0.0022520623169839382,0.04503801502287388,0.04503801502287388,0.07851854041218757,0.0025732336674999636,0.021031249791849404,0.830653965473175,1.0,0.008759615384615385,0.0006049038461538462,0,0.5,0.5,0.0,0.0,6.743544297218323,4.095660989284515,0.0,0.9356250423192978
87,281600,-502.6799302101135,-5.026799342632294,-502.6799302101135,-5.026799342632294,0.0,502.6799302101135,5.026799342632294,217.56898164749146,2.1756899809837345,2.6419696938991546,0.0,0.0,nan,nan,nan,nan,nan,nan,nan,nan,nan,nan,2816,-0.0008198529843067348,0.028660616651177407,1.441996693611145,0.0008999166078865528,0.027137452363967897,0.027137452363967897,0.07197874300181865,0.0014042513103057416,0.007990625142701902,0.8433641195297241,1.0,0.008745192307692308,0.0006037980769230769,0,0.5,0.5,0.0,0.0,5.594418125152588,3.251387801170349,0.0,0.9270536154508591
88,284800,-646.1146392822266,-6.4611465978622435,-646.1146392822266,-6.4611465978622435,0.0,646.1146392822266,6.4611465978622435,74.13427257537842,0.7413427257537846,3.7289335465431215,0.0,0.0,nan,nan,nan,nan,nan,nan,nan,nan,nan,nan,2848,-0.0007820818032021392,0.04274103194475174,1.446442759037018,0.007959876302629709,0.030386561714112758,0.030386561714112758,0.09558165892958641,0.0014753630508502415,0.007984375115484,0.7349553108215332,1.0,0.008730769230769231,0.0006026923076923077,0,0.5,0.5,0.0,0.0,7.1039430093765255,4.413883459568024,0.0,0.9105804032087326
89,288000,-551.4929056167603,-5.514929060935974,-551.4929056167603,-5.514929060935974,0.0,551.4929056167603,5.514929060935974,168.75600624084473,1.687560262680054,3.1612612867355345,0.0,0.0,nan,nan,nan,nan,nan,nan,nan,nan,nan,nan,2880,-0.0008273459763818991,0.029920519143342972,1.4283475041389466,0.0016829428263008595,0.02742819059640169,0.02742819059640169,0.06675955653190613,0.0011462902308275514,0.003168750088661909,0.8163574934005737,1.0,0.008716346153846154,0.0006015865384615385,0,0.5,0.5,0.0,0.0,6.729729495048523,3.4077503180503843,0.0,0.9293304008245468
90,291200,-470.1193709373474,-4.701193647384644,-470.1193709373474,-4.701193647384644,0.0,470.1193709373474,4.701193647384644,250.12954092025757,2.5012956762313845,2.4260402047634124,0.0,0.0,nan,nan,nan,nan,nan,nan,nan,nan,nan,nan,2912,-0.0008083250585304569,0.029001907259225846,1.4672521710395814,0.0009247129783034325,0.03160828202962875,0.03160828202962875,0.08909532576799392,0.001329921782599597,0.003975000068021472,0.8519586324691772,1.0,0.008701923076923078,0.0006004807692307693,0,0.5,0.5,0.0,0.0,5.690953235626221,2.694503493309021,0.0,0.9439732575416565
91,294400,-527.7242455482483,-5.277242667675019,-527.7242455482483,-5.277242667675019,0.0,527.7242455482483,5.277242667675019,192.5246663093567,1.9252466559410095,2.754020940065384,0.0,0.0,nan,nan,nan,nan,nan,nan,nan,nan,nan,nan,2944,-0.0009404414652264492,0.026370170712471008,1.4674401044845582,-0.0005037418566644191,0.03379626106470823,0.03379626106470823,0.07774085067212581,0.0014619102301374775,0.006018750136718154,0.8310307264328003,1.0,0.0086875,0.000599375,0,0.5,0.5,0.0,0.0,5.033147938251496,3.264309389591217,0.0,0.9682143265008927
92,297600,-588.6874904632568,-5.886874899864197,-588.6874904632568,-5.886874899864197,0.0,588.6874904632568,5.886874899864197,131.56142139434814,1.315614423751831,2.683347373008728,0.0,0.0,nan,nan,nan,nan,nan,nan,nan,nan,nan,nan,2976,-0.0007182711378089124,0.04579833596944809,1.4811599731445313,0.009334682766348124,0.03232081886380911,0.03232081886380911,0.10189229920506478,0.0017127673574585049,0.009937500162050129,0.7223493456840515,1.0,0.008673076923076922,0.0005982692307692308,0,0.5,0.5,0.0,0.0,5.927063722610473,3.441981909275055,0.0,0.979821475148201
93,300800,-600.758297920227,-6.007582898139954,-600.758297920227,-6.007582898139954,0.0,600.758297920227,6.007582898139954,119.49061393737793,1.1949064254760744,3.272858202457428,0.0,0.0,nan,nan,nan,nan,nan,nan,nan,nan,nan,nan,3008,-0.0005287248644046727,0.03947879020124674,1.4852684617042542,0.0063502444885671135,0.023832671530544757,0.023832671530544757,0.09943481646478176,0.0005270219777237741,0.00039062501164153216,0.7201382517814636,1.0,0.008658653846153847,0.0005971634615384616,0,0.5,0.5,0.0,0.0,5.855794644355774,4.107411332130432,0.0,0.9653571778535843
94,304000,-533.8844628334045,-5.338844654560089,-533.8844628334045,-5.338844654560089,0.0,533.8844628334045,5.338844654560089,186.36444902420044,1.8636446690559394,2.4385016989707946,0.0,0.0,nan,nan,nan,nan,nan,nan,nan,nan,nan,nan,3040,-0.0006951354831274514,0.03872760161757469,1.4728966236114502,0.005936607252806425,0.03193211071193218,0.03193211071193218,0.089407067745924,0.000618336023763536,0.00022812500756117516,0.7765942811965942,1.0,0.008644230769230769,0.0005960576923076923,0,0.5,0.5,0.0,0.0,5.2247417092323305,3.26964248418808,0.0,0.9264286112785339
95,307200,-501.71173667907715,-5.017117295265198,-501.71173667907715,-5.017117295265198,0.0,501.71173667907715,5.017117295265198,218.53717517852783,2.18537202835083,2.7616704154014586,0.0,0.0,nan,nan,nan,nan,nan,nan,nan,nan,nan,nan,3072,-0.0014040316615602678,0.028410714864730836,1.465702486038208,0.0001525960862636566,0.042036679573357105,0.042036679573357105,0.07329752184450626,0.002640495872766039,0.01885625011054799,0.8069388270378113,1.0,0.008629807692307692,0.0005949519230769231,0,0.5,0.5,0.0,0.0,5.652227296829223,3.2637852525711057,0.0,0.9360268253087998
96,310400,-506.988112449646,-5.069881055355072,-506.988112449646,-5.069881055355072,0.0,506.988112449646,5.069881055355072,213.26079940795898,2.132608268260956,2.6374192678928376,0.0,0.0,nan,nan,nan,nan,nan,nan,nan,nan,nan,nan,3104,-0.001158979911787883,0.03795570619404316,1.4416040658950806,0.00539889931678772,0.03432692252099514,0.03432692252099514,0.07695563361048699,0.002518311745371501,0.015781250316649675,0.8343194723129272,1.0,0.008615384615384615,0.0005938461538461538,0,0.5,0.5,0.0,0.0,4.68976058959961,3.3018084359169007,0.0,0.9450000470876694
97,313600,-592.853057384491,-5.928530702590942,-592.853057384491,-5.928530702590942,0.0,592.853057384491,5.928530702590942,127.39585447311401,1.273958621025086,3.413994014263153,0.0,0.0,nan,nan,nan,nan,nan,nan,nan,nan,nan,nan,3136,-0.0008388749761419235,0.047081608697772025,1.434392261505127,0.010364777036011219,0.03560000732541084,0.03560000732541084,0.10002172514796256,0.0011082353386891006,0.005565624998416752,0.731052041053772,1.0,0.008600961538461538,0.0005927403846153846,0,0.5,0.5,0.0,0.0,6.318066549301148,4.0219717121124265,0.0,0.93138396859169
98,316800,-545.0940065383911,-5.450940008163452,-545.0940065383911,-5.450940008163452,0.0,545.0940065383911,5.450940008163452,175.15490531921387,1.7515493154525759,2.876805856227875,0.0,0.0,nan,nan,nan,nan,nan,nan,nan,nan,nan,nan,3168,-0.0008299607633380113,0.03580088336020708,1.428006887435913,0.00480884537100792,0.022048486955463888,0.022048486955463888,0.09221446327865124,0.0011295130530933318,0.001587500008463394,0.733336329460144,1.0,0.008586538461538461,0.0005916346153846154,0,0.5,0.5,0.0,0.0,5.104754111766815,3.455135428905487,0.0,0.9225893324613571
99,320000,-532.6528973579407,-5.326528768539429,-532.6528973579407,-5.326528768539429,0.0,532.6528973579407,5.326528768539429,187.5960144996643,1.875960555076599,3.0787977504730226,0.0,0.0,nan,nan,nan,nan,nan,nan,nan,nan,nan,nan,3200,-0.000975143981582427,0.0660362832248211,1.4220257878303528,0.019853228516876698,0.03163723479956389,0.03163723479956389,0.12420619502663613,0.0015342772116135992,0.005618750106077641,0.5967949628829956,1.0,0.008572115384615385,0.0005905288461538462,0,0.5,0.5,0.0,0.0,6.011992335319519,3.4618049907684325,0.0,0.9295536130666733
100,323200,-555.997811794281,-5.559978065490722,-555.997811794281,-5.559978065490722,0.0,555.997811794281,5.559978065490722,164.25110006332397,1.6425112581253059,2.9614126563072203,0.0,0.0,-400.9359427988529,-4.009359427988529,-400.9359427988529,-4.009359427988529,100.0,3.420876293182373,0.16,0.036191919743771846,400.9359427988529,348.94981107115746,3232,-0.0010658293769346017,0.04426965080201626,1.3780715227127076,0.00927588390186429,0.03471633307635784,0.03471633307635784,0.08913477808237076,0.0019162878339566397,0.012578124960418791,0.7115708589553833,1.0,0.008557692307692308,0.0005894230769230769,0,0.5,0.5,0.0,0.0,6.451903553009033,3.397797145843506,0.0,0.9061161130666733
101,326400,-511.5563020706177,-5.115563201904297,-511.5563020706177,-5.115563201904297,0.0,511.5563020706177,5.115563201904297,208.6926097869873,2.0869261217117314,2.3809744477272035,0.0,0.0,nan,nan,nan,nan,nan,nan,nan,nan,nan,nan,3264,-0.001313345549092637,0.02947990633547306,1.380772888660431,0.0016302935779094695,0.03914651460945606,0.03914651460945606,0.07229636162519455,0.002934221275064433,0.019209375395439564,0.8025104999542236,1.0,0.008543269230769231,0.0005883173076923077,0,0.5,0.5,0.0,0.0,4.7940498948097225,3.8294387888908386,0.0,0.9211607617139816
102,329600,-483.6126093864441,-4.836126320362091,-483.6126093864441,-4.836126320362091,0.0,483.6126093864441,4.836126320362091,236.6363024711609,2.3663630032539373,2.8716506612300874,0.0,0.0,nan,nan,nan,nan,nan,nan,nan,nan,nan,nan,3296,-0.000739616418612421,0.043425478413701056,1.3499061942100525,0.009459980297833681,0.03124052844941616,0.03124052844941616,0.09908079206943513,0.002044969275449222,0.0133374999735679,0.7683647871017456,1.0,0.008528846153846154,0.0005872115384615384,0,0.5,0.5,0.0,0.0,5.0693039727211,3.283445496559143,0.0,0.919419686794281
103,332800,-532.6833477020264,-5.3268335247039795,-532.6833477020264,-5.3268335247039795,0.0,532.6833477020264,5.3268335247039795,187.5655641555786,1.8756557989120486,2.473000558614731,0.0003125,8.997983004202173e-05,nan,nan,nan,nan,nan,nan,nan,nan,nan,nan,3328,-0.0009326353098731311,0.05855267867445946,1.349747371673584,0.016851384285837413,0.033314534649252894,0.033314534649252894,0.1075109139084816,0.0018059682231988893,0.006109375139931217,0.6212670207023621,1.0,0.008514423076923077,0.0005861057692307692,0,0.5,0.5,0.03125,0.0003125,5.355404233932495,3.7086238408088685,0.0,0.9271428954601287
104,336000,-475.8241648674011,-4.7582417345047,-475.8241648674011,-4.7582417345047,0.0,475.8241648674011,4.7582417345047,244.42474699020386,2.4442475891113284,2.1792967557907104,0.0,0.0,nan,nan,nan,nan,nan,nan,nan,nan,nan,nan,3360,-0.0013625201111310049,0.04633457362651825,1.3263011693954467,0.01053120642900467,0.03651474229991436,0.03651474229991436,0.08717372938990593,0.0019308713031943709,0.010512499930337071,0.7547392249107361,1.0,0.0085,0.000585,0,0.5,0.5,0.0,0.0,4.819152953624726,2.9724255108833315,0.0,0.9140178972482681
105,339200,-483.27607345581055,-4.832760887145996,-483.27607345581055,-4.832760887145996,0.0,483.27607345581055,4.832760887145996,236.97283840179443,2.369728436470032,2.5470400929450987,0.0,0.0,nan,nan,nan,nan,nan,nan,nan,nan,nan,nan,3392,-0.0012865128383506175,0.044142452999949455,1.310611069202423,0.009663422405719758,0.04195057768374681,0.04195057768374681,0.08275900259613991,0.002283923458891191,0.022696875128895046,0.8811874985694885,1.0,0.008485576923076922,0.0005838942307692307,0,0.5,0.5,0.0,0.0,5.632379536628723,2.9002806997299193,0.0,0.933258964419365
106,342400,-465.41564321517944,-4.654156699180603,-465.41564321517944,-4.654156699180603,0.0,465.41564321517944,4.654156699180603,254.83326864242554,2.5483326244354254,2.63685814499855,0.0,0.0,nan,nan,nan,nan,nan,nan,nan,nan,nan,nan,3424,-0.0011708508020966235,0.0458184577524662,1.2813359498977661,0.01088398415595293,0.04339646957814693,0.04339646957814693,0.08528501689434051,0.0019544712573418364,0.010943749966099859,0.8014891743659973,1.0,0.008471153846153847,0.0005827884615384615,0,0.5,0.5,0.0,0.0,4.733680729866028,3.406052350997925,0.0,0.9332143217325211
107,345600,-462.00577211380005,-4.620058040618897,-462.00577211380005,-4.620058040618897,0.0,462.00577211380005,4.620058040618897,258.24313974380493,2.582431282997131,2.336692132949829,0.0,0.0,nan,nan,nan,nan,nan,nan,nan,nan,nan,nan,3456,-0.0007761795957747175,0.06098620668053627,1.2868258595466613,0.01883458308875561,0.02855704538524151,0.02855704538524151,0.1060409426689148,0.0019808610290067935,0.013568750323611312,0.7668926119804382,1.0,0.008456730769230768,0.0005816826923076923,0,0.5,0.5,0.0,0.0,4.696530365943909,3.102769949436188,0.0,0.9171875464916229
108,348800,-421.5322971343994,-4.215322909355163,-421.5322971343994,-4.215322909355163,0.0,421.5322971343994,4.215322909355163,298.71661472320557,2.987166414260865,2.251929678916931,0.0,0.0,nan,nan,nan,nan,nan,nan,nan,nan,nan,nan,3488,-0.0012511062547448048,0.037078410014510156,1.2960245132446289,0.006346660945564508,0.044737748056650165,0.044737748056650165,0.08282644636929035,0.002325835473312777,0.01903437486034818,0.8485419154167175,1.0,0.008442307692307692,0.000580576923076923,0,0.5,0.5,0.0,0.0,4.696045591831207,2.6868395817279818,0.0,0.9740625488758087
109,352000,-467.13040828704834,-4.671304097175598,-467.13040828704834,-4.671304097175598,0.0,467.13040828704834,4.671304097175598,253.11850357055664,2.5311852264404298,2.3076335167884827,0.0,0.0,nan,nan,nan,nan,nan,nan,nan,nan,nan,nan,3520,-0.0012048690408700935,0.03929189331829548,1.3107781291007996,0.007393990829586983,0.04463830627501011,0.04463830627501011,0.06750174351036549,0.002454265713460055,0.009684374864446,0.8699795603752136,1.0,0.008427884615384615,0.0005794711538461538,0,0.5,0.5,0.0,0.0,5.036733741760254,2.882176389694214,0.0,0.9091071826219559
110,355200,-434.07009744644165,-4.340700726509095,-434.07009744644165,-4.340700726509095,0.0,434.07009744644165,4.340700726509095,286.17881441116333,2.8617885971069335,2.039355083703995,0.0,0.0,nan,nan,nan,nan,nan,nan,nan,nan,nan,nan,3552,-0.001293179768696362,0.04516124278306961,1.322956383228302,0.010156798455864192,0.04790820404887199,0.04790820404887199,0.08186349123716355,0.0027049127806106,0.024218750302679837,0.8762558102607727,1.0,0.008413461538461538,0.0005783653846153846,0,0.5,0.5,0.0,0.0,4.092679295539856,2.7084371757507326,0.0,0.9416964662075042
111,358400,-483.5143971443176,-4.835143713951111,-483.5143971443176,-4.835143713951111,0.0,483.5143971443176,4.835143713951111,236.73451471328735,2.367345609664917,2.701675671339035,0.0,0.0,nan,nan,nan,nan,nan,nan,nan,nan,nan,nan,3584,-0.0008438853929634505,0.044948386028409004,1.322853112220764,0.010519613698124885,0.037650298327207565,0.037650298327207565,0.0743975318968296,0.0016785447427548963,0.012249999988125638,0.8032393455505371,1.0,0.008399038461538461,0.0005772596153846153,0,0.5,0.5,0.0,0.0,5.2971793866157535,3.1457110691070556,0.0,0.9025893276929855
112,361600,-407.63696336746216,-4.076369655132294,-407.63696336746216,-4.076369655132294,0.0,407.63696336746216,4.076369655132294,312.6119484901428,3.1261196684837342,1.9374419379234313,0.0,0.0,nan,nan,nan,nan,nan,nan,nan,nan,nan,nan,3616,-0.0007382846692227218,0.04661791287362575,1.3726042270660401,0.011061913520097732,0.02798403911292553,0.02798403911292553,0.08769849687814713,0.0015780400448430563,0.008421875047497451,0.8289077877998352,1.0,0.008384615384615384,0.0005761538461538461,0,0.5,0.5,0.0,0.0,4.666646893024445,2.2785790157318115,0.0,0.9446875411272049
113,364800,-423.34196949005127,-4.233419353961945,-423.34196949005127,-4.233419353961945,0.0,423.34196949005127,4.233419353961945,296.9069423675537,2.9690699696540834,2.3116526889801023,0.0,0.0,nan,nan,nan,nan,nan,nan,nan,nan,nan,nan,3648,-0.0010434570572397384,0.034056556224822995,1.3454934716224671,0.00472278157249093,0.032609830237925054,0.032609830237925054,0.07068937793374061,0.0015989190305854717,0.007678124977974221,0.8894766569137573,1.0,0.008370192307692308,0.0005750480769230769,0,0.5,0.5,0.0,0.0,4.973514726161957,2.8910932421684263,0.0,0.8778571879863739
114,368000,-407.2876601219177,-4.072876834869385,-407.2876601219177,-4.072876834869385,0.0,407.2876601219177,4.072876834869385,312.96125173568726,3.129612488746643,1.8799500930309296,0.0,0.0,nan,nan,nan,nan,nan,nan,nan,nan,nan,nan,3680,-0.0007514126695781443,0.03820479102432728,1.34853093624115,0.007082969509065151,0.02897261641919613,0.02897261641919613,0.07120687626302243,0.001634821107291897,0.008215625042066677,0.8377103209495544,1.0,0.00835576923076923,0.0005739423076923076,0,0.5,0.5,0.0,0.0,5.193939330577851,2.281603672504425,0.0,0.8824107551574707
115,371200,-544.3316850662231,-5.44331696510315,-544.3316850662231,-5.44331696510315,0.0,544.3316850662231,5.44331696510315,175.91722679138184,1.7591723585128785,2.801520912647247,0.0,0.0,nan,nan,nan,nan,nan,nan,nan,nan,nan,nan,3712,-0.0006735274761507703,0.051221349462866786,1.3816703796386718,0.013412156514823437,0.02604959364980459,0.02604959364980459,0.09334961250424385,0.0011395173271021388,0.006471874937415123,0.7033865451812744,1.0,0.008341346153846154,0.0005728365384615384,0,0.5,0.5,0.0,0.0,5.8030064678192135,3.302160532474518,0.0,0.9159375441074371
116,374400,-450.0293574333191,-4.500293526649475,-450.0293574333191,-4.500293526649475,0.0,450.0293574333191,4.500293526649475,270.2195544242859,2.702195796966553,2.164738677740097,0.0,0.0,nan,nan,nan,nan,nan,nan,nan,nan,nan,nan,3744,-0.0016183069584891018,0.05782781690359116,1.400278878211975,0.01563558680936694,0.04732547700405121,0.04732547700405121,0.08603315129876137,0.002210806784570203,0.020081249938812107,0.712550163269043,1.0,0.008326923076923077,0.0005717307692307693,0,0.5,0.5,0.0,0.0,4.296661667823791,2.741754376888275,0.0,0.9209821885824203
117,377600,-486.3702983856201,-4.863702964782715,-486.3702983856201,-4.863702964782715,0.0,486.3702983856201,4.863702964782715,233.87861347198486,2.338786358833313,1.9985564291477202,0.0,0.0,nan,nan,nan,nan,nan,nan,nan,nan,nan,nan,3776,-0.0008891151469549996,0.042628271877765654,1.3961764454841614,0.008819303940981627,0.04000424481928348,0.04000424481928348,0.072985103353858,0.0031913726910725027,0.019453125100699253,0.794718325138092,1.0,0.0083125,0.000570625,0,0.5,0.5,0.0,0.0,5.408785946369171,2.843885419368744,0.0,0.9554018181562424
118,380800,-462.76908445358276,-4.627690706253052,-462.76908445358276,-4.627690706253052,0.0,462.76908445358276,4.627690706253052,257.4798274040222,2.574798617362976,1.7494693160057069,0.0,0.0,nan,nan,nan,nan,nan,nan,nan,nan,nan,nan,3808,-0.0008045664153353727,0.04876818358898163,1.393911612033844,0.012012740317732095,0.04029312245547771,0.04029312245547771,0.07466407343745232,0.0015800648805461448,0.00969687510514632,0.6430171728134155,1.0,0.008298076923076924,0.0005695192307692308,0,0.5,0.5,0.0,0.0,5.223875322341919,2.7289172911643984,0.0,0.9157143270969391
119,384000,-451.8907198905945,-4.5189072799682615,-451.8907198905945,-4.5189072799682615,0.0,451.8907198905945,4.5189072799682615,268.3581919670105,2.6835820436477666,2.0785450994968415,0.0,0.0,nan,nan,nan,nan,nan,nan,nan,nan,nan,nan,3840,-0.0009937439210945698,0.035153035260736945,1.4165415167808533,0.004848633427172899,0.040378892607986924,0.040378892607986924,0.0702858917415142,0.0022410281380879768,0.01353125018067658,0.6775581240653992,1.0,0.008283653846153847,0.0005684134615384616,0,0.5,0.5,0.0,0.0,3.951330840587616,2.8111447167396544,0.0,0.9615179020166397
120,387200,-413.06438302993774,-4.130643854141235,-413.06438302993774,-4.130643854141235,0.0,413.06438302993774,4.130643854141235,307.18452882766724,3.071845469474793,2.057510631084442,0.0,0.0,-355.8956880271435,-3.5589568802714346,-355.8956880271435,-3.5589568802714346,100.0,2.0702086539473386,0.145,0.04722806048167927,355.8956880271435,393.9900658428669,3872,-0.0010265332247945125,0.04093360900878906,1.4120633244514464,0.007763593271374702,0.03357753418385982,0.03357753418385982,0.07517698630690575,0.0020848100837619244,0.010568749735830352,0.7410213351249695,1.0,0.008269230769230768,0.0005673076923076923,0,0.5,0.5,0.0,0.0,4.47908180475235,2.64417165517807,0.0,0.9314286118745804
121,390400,-475.03237533569336,-4.750323841571808,-475.03237533569336,-4.750323841571808,0.0,475.03237533569336,4.750323841571808,245.21653652191162,2.4521654820442205,2.3742915666103364,0.0,0.0,nan,nan,nan,nan,nan,nan,nan,nan,nan,nan,3904,-0.0009902038521511613,0.044355637207627294,1.3894396662712096,0.009718058165162802,0.03198321051895618,0.03198321051895618,0.06453714109957218,0.0009959938459368945,0.0014687499668070813,0.625953733921051,1.0,0.008254807692307693,0.0005662019230769231,0,0.5,0.5,0.0,0.0,4.230135703086853,3.3786408066749574,0.0,0.9437500411272048
122,393600,-417.308762550354,-4.173087732791901,-417.308762550354,-4.173087732791901,0.0,417.308762550354,4.173087732791901,302.940149307251,3.0294015908241274,1.9688013327121734,0.003125,0.0010526133781896176,nan,nan,nan,nan,nan,nan,nan,nan,nan,nan,3936,-0.0008536093537870216,0.058597023412585256,1.3776023149490357,0.017092928662896155,0.026822023279964923,0.026822023279964923,0.0817838117480278,0.0013642784422709018,0.005993750132620335,0.6893466711044312,1.0,0.008240384615384615,0.0005650961538461539,0,0.5,0.5,0.0625,0.003125,4.295003356933594,2.652933301925659,0.0009375,0.9199107605218887
123,396800,-448.7846784591675,-4.487846789360046,-448.7846784591675,-4.487846789360046,0.0,448.7846784591675,4.487846789360046,271.4642333984375,2.714642534255982,2.4576305460929873,0.0,0.0,nan,nan,nan,nan,nan,nan,nan,nan,nan,nan,3968,-0.0007082479452307667,0.050563955679535866,1.34006724357605,0.013550388254225254,0.027513033151626586,0.027513033151626586,0.07147408798336982,0.0009992056802739801,0.0020562499405059496,0.6123931407928467,1.0,0.008225961538461538,0.0005639903846153846,0,0.5,0.5,0.0,0.0,4.292475049495697,2.8298920512199404,0.0,0.9510714703798294
124,400000,-516.6943278312683,-5.166943471431733,-516.6943278312683,-5.166943471431733,0.0,516.6943278312683,5.166943471431733,203.55458402633667,2.0355458521842955,2.344898138046265,0.0,0.0,nan,nan,nan,nan,nan,nan,nan,nan,nan,nan,4000,-0.0009336461542581275,0.0709971833974123,1.3518031120300293,0.023464561998844148,0.028722382709383966,0.028722382709383966,0.10151035711169243,0.0017887060224903131,0.003212500107474625,0.5107517242431641,1.0,0.008211538461538461,0.0005628846153846154,0,0.5,0.5,0.0,0.0,5.693993701934814,3.1443299674987792,0.0,0.9298661124706268
125,403200,-491.49333095550537,-4.914933428764344,-491.49333095550537,-4.914933428764344,0.0,491.49333095550537,4.914933428764344,228.7555809020996,2.2875558948516845,2.4133328396081923,0.0,0.0,nan,nan,nan,nan,nan,nan,nan,nan,nan,nan,4032,-0.0013025290497985953,0.03411126341670752,1.3627390265464783,0.004582573100924492,0.044675744324922564,0.044675744324922564,0.06225478872656822,0.0013974480891202185,0.008831250079674646,0.7297759652137756,1.0,0.008197115384615384,0.0005617788461538462,0,0.5,0.5,0.0,0.0,6.0101890373229985,3.179142917394638,0.0,0.9562946844100952
126,406400,-409.65032052993774,-4.0965031814575195,-409.65032052993774,-4.0965031814575195,0.0,409.65032052993774,4.0965031814575195,310.59859132766724,3.1059861421585087,1.7357411646842957,0.0,0.0,nan,nan,nan,nan,nan,nan,nan,nan,nan,nan,4064,-0.0008870949319097932,0.05486089326441288,1.345246720314026,0.015535611659288406,0.02984765488654375,0.02984765488654375,0.08375989943742752,0.001718635021098708,0.005628124921349809,0.567351222038269,1.0,0.008182692307692307,0.0005606730769230769,0,0.5,0.5,0.0,0.0,4.279845111370086,2.339841710329056,0.0,0.941160758137703
127,409600,-483.27216720581055,-4.832721588611602,-483.27216720581055,-4.832721588611602,0.0,483.27216720581055,4.832721588611602,236.97674465179443,2.3697677350044257,2.333080132007599,0.0,0.0,nan,nan,nan,nan,nan,nan,nan,nan,nan,nan,4096,-0.0013118290074926263,0.0591897401958704,1.3101322650909424,0.0175815274938941,0.046013180539011954,0.046013180539011954,0.08948215022683144,0.0021542792397678716,0.01055312491953373,0.4800110459327698,1.0,0.00816826923076923,0.0005595673076923077,0,0.5,0.5,0.0,0.0,6.666614418029785,2.598703547716141,0.0,0.9377232557535171
128,412800,-372.2826118469238,-3.7228260803222657,-372.2826118469238,-3.7228260803222657,0.0,372.2826118469238,3.7228260803222657,347.96630001068115,3.4796632432937624,1.9966368275880813,0.0003125,0.00010428357454697756,nan,nan,nan,nan,nan,nan,nan,nan,nan,nan,4128,-0.0006495438784718033,0.05298952609300613,1.3296873092651367,0.015003153309226035,0.030205396562814714,0.030205396562814714,0.08306829631328583,0.0017737365371441982,0.005699999879288953,0.7015372514724731,1.0,0.008153846153846154,0.0005584615384615385,0,0.5,0.5,0.03125,0.0003125,3.8667508339881898,2.3679096615314483,0.0003125,0.9625893241167068
129,416000,-434.69686222076416,-4.346968421936035,-434.69686222076416,-4.346968421936035,0.0,434.69686222076416,4.346968421936035,285.5520496368408,2.855520901679993,1.8050716495513917,0.0,0.0,nan,nan,nan,nan,nan,nan,nan,nan,nan,nan,4160,-0.0006769862922767267,0.04324588514864445,1.312303066253662,0.010264566168189049,0.029915141128003597,0.029915141128003597,0.06762889474630356,0.0015224195645725787,0.006287499921745621,0.733343243598938,1.0,0.008139423076923077,0.0005573557692307692,0,0.5,0.5,0.0,0.0,4.681661036014557,2.3955130016803743,0.0,0.9546875447034836
130,419200,-504.65190505981445,-5.046518998146057,-504.65190505981445,-5.046518998146057,0.0,504.65190505981445,5.046518998146057,215.59700679779053,2.155970325469971,2.4281727290153503,0.001875,0.00054693860205187,nan,nan,nan,nan,nan,nan,nan,nan,nan,nan,4192,-0.00108109284648088,0.05450778938829899,1.3302024364471436,0.015364907495677472,0.047730494290590286,0.047730494290590286,0.08182075843214989,0.0018306061883787792,0.010328125019441359,0.6683739423751831,1.0,0.008125,0.00055625,0,0.5,0.5,0.03125,0.001875,4.730835814476013,3.116771173477173,0.00125,0.9192857557535171
131,422400,-364.07789850234985,-3.6407787978649138,-364.07789850234985,-3.6407787978649138,0.0,364.07789850234985,3.6407787978649138,356.1710133552551,3.5617105257511144,1.670757567882538,0.006875,0.0025741759876208906,nan,nan,nan,nan,nan,nan,nan,nan,nan,nan,4224,-0.0012143216651224974,0.05772338025271893,1.3091576933860778,0.017029344011098145,0.03795802108943462,0.03795802108943462,0.09922985881567001,0.0020482454303429863,0.011043750052340328,0.7295397520065308,1.0,0.008110576923076923,0.0005551442307692308,0,0.5,0.5,0.0625,0.006875,4.634784500598908,2.129111360311508,0.005,0.9131696850061417
132,425600,-402.8288493156433,-4.028288530111313,-402.8288493156433,-4.028288530111313,0.0,402.8288493156433,4.028288530111313,317.42006254196167,3.174200793504715,2.1378727996349336,0.0,0.0,nan,nan,nan,nan,nan,nan,nan,nan,nan,nan,4256,-0.0010785714650410228,0.04570614546537399,1.290689182281494,0.011324883066117763,0.039112866297364234,0.039112866297364234,0.07826938703656197,0.0018419597327022155,0.012187499948777259,0.7338306903839111,1.0,0.008096153846153847,0.0005540384615384615,0,0.5,0.5,0.0,0.0,4.306722753047943,2.6748862195014955,0.0,0.9540625393390656
133,428800,-421.47163820266724,-4.214716341495514,-421.47163820266724,-4.214716341495514,0.0,421.47163820266724,4.214716341495514,298.77727365493774,2.9877729821205143,2.1312004923820496,0.0009375,0.0002994059314569155,nan,nan,nan,nan,nan,nan,nan,nan,nan,nan,4288,-0.0012905838420497417,0.04909616932272911,1.327903974056244,0.01252573886886239,0.04000852629542351,0.04000852629542351,0.0846728228032589,0.0018795450148911194,0.014906249984051101,0.7252093553543091,1.0,0.00808173076923077,0.0005529326923076923,0,0.5,0.5,0.03125,0.0009375,4.78299968957901,2.5052446949481966,0.0003125,0.9047768330574035
134,432000,-446.44869899749756,-4.464487226009369,-446.44869899749756,-4.464487226009369,0.0,446.44869899749756,4.464487226009369,273.8002128601074,2.7380020976066595,2.3040737652778627,0.0,0.0,nan,nan,nan,nan,nan,nan,nan,nan,nan,nan,4320,-0.0010579296630341517,0.0754081018269062,1.3665631532669067,0.025621635653078557,0.05762913562357426,0.05762913562357426,0.09753866717219353,0.0020996187682622643,0.013209375133737922,0.5448267459869385,1.0,0.008067307692307693,0.0005518269230769231,0,0.5,0.5,0.0,0.0,5.316300029754639,2.7082489025592804,0.0,0.9172768276929856
135,435200,-437.2291874885559,-4.372292139530182,-437.2291874885559,-4.372292139530182,0.0,437.2291874885559,4.372292139530182,283.0197243690491,2.830197184085846,2.0754587972164154,0.0003125,0.00010161085568203431,nan,nan,nan,nan,nan,nan,nan,nan,nan,nan,4352,-0.0011218069305058975,0.035082845389842986,1.3631234526634217,0.005442539975047111,0.047874320298433304,0.047874320298433304,0.08263303712010384,0.00270304538062288,0.020128125137125606,0.7464203834533691,1.0,0.008052884615384615,0.0005507211538461538,0,0.5,0.5,0.03125,0.0003125,5.0061127066612245,2.3572759926319122,0.0003125,0.9250000387430191
136,438400,-465.89107847213745,-4.658910644054413,-465.89107847213745,-4.658910644054413,0.0,465.89107847213745,4.658910644054413,254.35783338546753,2.543578679561615,2.3226603829860686,0.0,0.0,nan,nan,nan,nan,nan,nan,nan,nan,nan,nan,4384,-0.0009257421575195712,0.05870448797941208,1.3564391255378723,0.017522818129509687,0.03263017721474171,0.03263017721474171,0.10562176033854484,0.0016127027156481173,0.010109374887542799,0.7489215135574341,1.0,0.00803846153846154,0.0005496153846153846,0,0.5,0.5,0.0,0.0,4.958087754249573,3.1795924496650696,0.0,0.9163393300771713
137,441600,-443.366144657135,-4.433661596775055,-443.366144657135,-4.433661596775055,0.0,443.366144657135,4.433661596775055,276.88276720046997,2.768827726840973,2.468146469593048,0.0034375,0.0009911634442599986,nan,nan,nan,nan,nan,nan,nan,nan,nan,nan,4416,-0.0007844029371190331,0.06125094331800938,1.3639334082603454,0.018896814528852703,0.03873638398945332,0.03873638398945332,0.0960669182240963,0.0018439347404646846,0.01637187523301691,0.6616190671920776,1.0,0.008024038461538461,0.0005485096153846154,0,0.5,0.5,0.03125,0.0034375,5.001046652793884,2.947369130849838,0.0025,0.9240625441074372
138,444800,-414.75101613998413,-4.147510144710541,-414.75101613998413,-4.147510144710541,0.0,414.75101613998413,4.147510144710541,305.49789571762085,3.054979178905487,2.1557159769535064,0.0,0.0,nan,nan,nan,nan,nan,nan,nan,nan,nan,nan,4448,-0.0010172400482639787,0.05690536685287952,1.36621196269989,0.016492611076682807,0.035429729521274565,0.035429729521274565,0.10950224548578262,0.0020103856921205596,0.008312499965541065,0.7486867904663086,1.0,0.008009615384615384,0.0005474038461538461,0,0.5,0.5,0.0,0.0,3.8248975038528443,2.8402981579303743,0.0,0.9446875405311584
139,448000,-350.13376331329346,-3.5013376259803772,-350.13376331329346,-3.5013376259803772,0.0,350.13376331329346,3.5013376259803772,370.1151485443115,3.701151697635651,1.8016563594341277,0.0,0.0,nan,nan,nan,nan,nan,nan,nan,nan,nan,nan,4480,-0.0010683918218944654,0.04826067574322224,1.3405944228172302,0.012343635689467192,0.03749880623072386,0.03749880623072386,0.09462350457906724,0.002768304317579446,0.02286875017452985,0.8286256194114685,1.0,0.007995192307692307,0.0005462980769230769,0,0.5,0.5,0.0,0.0,3.6388905096054076,2.1616800415515898,0.0,0.9368304002285004
140,451200,-425.4749059677124,-4.254749014377594,-425.4749059677124,-4.254749014377594,0.0,425.4749059677124,4.254749014377594,294.7740058898926,2.9477403092384344,2.12730836391449,0.0,0.0,-151.95827047526836,-1.5195827047526835,-151.95827047526836,-1.5195827047526835,100.0,2.2616491242311896,0.27,0.08278021016857302,151.95827047526836,597.927483394742,4512,-0.0014171364651177965,0.03129745200276375,1.3773918867111206,0.0032389423809945582,0.040265874937176704,0.040265874937176704,0.08154061734676361,0.0018445929432355426,0.012459375045727939,0.9017266035079956,1.0,0.00798076923076923,0.0005451923076923077,0,0.5,0.5,0.0,0.0,4.08121883392334,2.6395839858055115,0.0,0.9017411142587661
141,454400,-441.5271692276001,-4.415271677970886,-441.5271692276001,-4.415271677970886,0.0,441.5271692276001,4.415271677970886,278.7217426300049,2.787217645645142,2.294649611711502,0.0009375,0.00028455226214874735,nan,nan,nan,nan,nan,nan,nan,nan,nan,nan,4544,-0.0009377751922350797,0.05620357431471348,1.3464892506599426,0.016437412612140177,0.04163731411099434,0.04163731411099434,0.1110259510576725,0.0026172749698172458,0.02269999987911433,0.8472402095794678,1.0,0.007966346153846154,0.0005440865384615384,0,0.5,0.5,0.03125,0.0009375,4.492963795661926,2.938939549922943,0.0009375,0.9308482575416565
142,457600,-425.33621644973755,-4.253362143039704,-425.33621644973755,-4.253362143039704,0.0,425.33621644973755,4.253362143039704,294.91269540786743,2.9491271805763244,2.25989244222641,0.0009375,0.00028758617549961717,nan,nan,nan,nan,nan,nan,nan,nan,nan,nan,4576,-0.0011404688670474173,0.056799839809536935,1.3435065031051636,0.01657599126920104,0.04316789656877518,0.04316789656877518,0.11910028755664825,0.0020414434875430216,0.010340624861419201,0.7688202261924744,1.0,0.007951923076923077,0.0005429807692307692,0,0.5,0.5,0.03125,0.0009375,5.032398853302002,2.649327086210251,0.0009375,0.9513839679956436
143,460800,-452.925714969635,-4.529257102012634,-452.925714969635,-4.529257102012634,0.0,452.925714969635,4.529257102012634,267.32319688796997,2.673232221603394,2.1346493482589723,0.0,0.0,nan,nan,nan,nan,nan,nan,nan,nan,nan,nan,4608,-0.0010063203432830292,0.0628857497125864,1.3442113280296326,0.019766876939684153,0.03539496064186096,0.03539496064186096,0.11299488916993142,0.001789418475892581,0.008528125169686974,0.8235415816307068,1.0,0.0079375,0.000541875,0,0.5,0.5,0.0,0.0,4.603664660453797,2.7130637407302856,0.0,0.8967857611179352
144,464000,-423.79813385009766,-4.237981412410736,-423.79813385009766,-4.237981412410736,0.0,423.79813385009766,4.237981412410736,296.4507780075073,2.964507911205292,1.7951552450656891,0.0,0.0,nan,nan,nan,nan,nan,nan,nan,nan,nan,nan,4640,-0.0014301820478344052,0.04581445381045342,1.3486536502838136,0.010791558586061002,0.04504806771874428,0.04504806771874428,0.10745528861880302,0.002538290780649849,0.019365624955389647,0.8516396284103394,1.0,0.007923076923076923,0.0005407692307692307,0,0.5,0.5,0.0,0.0,4.968055577278137,2.4088887929916383,0.0,0.9257143276929856
145,467200,-411.1723269224167,-4.111723269224167,-411.1723269224167,-4.111723269224167,0.0,411.1723269224167,4.111723269224167,309.0765849351883,3.090766054391861,2.2804324984550477,0.0034375,0.001047880119959464,nan,nan,nan,nan,nan,nan,nan,nan,nan,nan,4672,-0.0012375827707582943,0.04402722641825676,1.3007753849029542,0.010488648526370525,0.041858895868062976,0.041858895868062976,0.10609234608709812,0.0019233120478030926,0.014003124739974736,0.7715012431144714,1.0,0.007908653846153847,0.0005396634615384615,0,0.5,0.5,0.0625,0.0034375,4.035699867010116,2.617846757173538,0.0034375,0.9517857605218887
146,470400,-416.2516348361969,-4.162516458034515,-416.2516348361969,-4.162516458034515,0.0,416.2516348361969,4.162516458034515,303.9972770214081,3.039972865581513,2.139832924604416,0.0015625,0.0004976379436485009,nan,nan,nan,nan,nan,nan,nan,nan,nan,nan,4704,-0.001170678658631985,0.05015016905963421,1.3139374375343322,0.013531880173832177,0.03710573967546225,0.03710573967546225,0.1286947697401047,0.0021558178850692978,0.016134375098044985,0.7968939542770386,1.0,0.00789423076923077,0.0005385576923076923,0,0.5,0.5,0.03125,0.0015625,3.9161388993263246,2.793829289674759,0.0009375,0.945133969783783
147,473600,-368.2991900444031,-3.6829919600486756,-368.2991900444031,-3.6829919600486756,0.0,368.2991900444031,3.6829919600486756,351.9497218132019,3.5194973635673525,1.7187213563919068,0.0,0.0,nan,nan,nan,nan,nan,nan,nan,nan,nan,nan,4736,-0.0008677626235119362,0.03481879234313965,1.3184757232666016,0.006152298394590616,0.03409577794373035,0.03409577794373035,0.09005411565303803,0.0013362987738229756,0.007862499961265711,0.8879882097244263,1.0,0.007879807692307693,0.000537451923076923,0,0.5,0.5,0.0,0.0,4.736973040103912,2.133028851747513,0.0,0.9605357533693314
148,476800,-366.5450701713562,-3.6654506134986877,-366.5450701713562,-3.6654506134986877,0.0,366.5450701713562,3.6654506134986877,353.7038416862488,3.5370387101173404,1.5685916060209275,0.0009375,0.00036498600937667384,nan,nan,nan,nan,nan,nan,nan,nan,nan,nan,4768,-0.0011499023031734446,0.04264892190694809,1.345349943637848,0.009592864383012056,0.04204046800732612,0.04204046800732612,0.11691840291023255,0.002042949873431232,0.01798437531106174,0.9070108532905579,1.0,0.007865384615384614,0.0005363461538461539,0,0.5,0.5,0.0625,0.0009375,2.8599129474163054,2.3438283264636994,0.0009375,0.9377678978443146
149,480000,-352.71655344963074,-3.5271654427051544,-352.71655344963074,-3.5271654427051544,0.0,352.71655344963074,3.5271654427051544,367.53235840797424,3.6753238809108737,1.6545668482780456,0.00625,0.0023544330797524377,nan,nan,nan,nan,nan,nan,nan,nan,nan,nan,4800,-0.0008012076133045553,0.046723590418696406,1.3464189291000366,0.011989903915673495,0.02484594825655222,0.02484594825655222,0.12320195659995078,0.0014196538948464232,0.0019187499881809344,0.8717708587646484,1.0,0.00785096153846154,0.0005352403846153847,0,0.5,0.5,0.09375,0.00625,3.8927055048942565,2.2276279628276825,0.0040625,0.9467411136627197
150,483200,-444.8614583015442,-4.4486146163940425,-444.8614583015442,-4.4486146163940425,0.0,444.8614583015442,4.4486146163940425,275.3874535560608,2.7538747072219856,2.43797456741333,0.00125,0.00036358616839346703,nan,nan,nan,nan,nan,nan,nan,nan,nan,nan,4832,-0.0009535577572008958,0.04265353083610535,1.3237953782081604,0.009999234601855278,0.03668601829558611,0.03668601829558611,0.09988631755113601,0.0022136032679564766,0.013371874851509346,0.8317803740501404,1.0,0.00783653846153846,0.0005341346153846154,0,0.5,0.5,0.03125,0.00125,4.9342252326011655,2.812972921133041,0.0,0.9458036124706268
151,486400,-426.31815457344055,-4.263181387186051,-426.31815457344055,-4.263181387186051,0.0,426.31815457344055,4.263181387186051,293.93075728416443,2.9393079364299775,2.0742401814460756,0.00375,0.0012198136055316462,nan,nan,nan,nan,nan,nan,nan,nan,nan,nan,4864,-0.000644200791951155,0.054801531881093976,1.3221023797988891,0.016414928063750268,0.024877540580928326,0.024877540580928326,0.12272745370864868,0.0008161647867392649,0.0025624999761930667,0.8042006492614746,1.0,0.007822115384615384,0.0005330288461538462,0,0.5,0.5,0.03125,0.00375,4.952105836868286,2.4324290359020235,0.00375,0.9535268294811249
152,489600,-424.77814197540283,-4.247781338691712,-424.77814197540283,-4.247781338691712,0.0,424.77814197540283,4.247781338691712,295.47076988220215,2.9547079849243163,1.852455792427063,0.0,0.0,nan,nan,nan,nan,nan,nan,nan,nan,nan,nan,4896,-0.0006583137682166118,0.04519367553293705,1.3553910851478577,0.011356047075241803,0.028298701718449594,0.028298701718449594,0.11950598433613777,0.0011899834065853486,0.006075000041164458,0.8235046863555908,1.0,0.007807692307692307,0.000531923076923077,0,0.5,0.5,0.0,0.0,5.142513775825501,2.561715557575226,0.0,0.911473258137703
153,492800,-430.15409803390503,-4.301540908813476,-430.15409803390503,-4.301540908813476,0.0,430.15409803390503,4.301540908813476,290.09481382369995,2.900948414802552,1.7979097390174865,0.0003125,0.00011169052226457364,nan,nan,nan,nan,nan,nan,nan,nan,nan,nan,4928,-0.0008771055636345615,0.0458412941545248,1.3510369896888732,0.011514546815305948,0.04037111010402441,0.04037111010402441,0.12113184109330177,0.0016229362245222465,0.015134374843910336,0.8163841962814331,1.0,0.00779326923076923,0.0005308173076923077,0,0.5,0.5,0.03125,0.0003125,4.301132600307465,2.6791532146930694,0.0003125,0.9162500464916229
154,496000,-458.2417917251587,-4.5824175906181335,-458.2417917251587,-4.5824175906181335,0.0,458.2417917251587,4.5824175906181335,262.0071201324463,2.6200717329978946,2.256566722393036,0.0,0.0,nan,nan,nan,nan,nan,nan,nan,nan,nan,nan,4960,-0.00058406526236503,0.06001717373728752,1.3564071297645568,0.01887323996052146,0.03292104974389076,0.03292104974389076,0.15913653001189232,0.0013216269842824654,0.008890625019557775,0.7650017738342285,1.0,0.0077788461538461535,0.0005297115384615385,0,0.5,0.5,0.0,0.0,5.987872171401977,2.626113860607147,0.0,0.8791071856021881
155,499200,-422.842556476593,-4.228425662517548,-422.842556476593,-4.228425662517548,0.0,422.842556476593,4.228425662517548,297.40635538101196,2.97406366109848,1.8006034803390503,0.0,0.0,nan,nan,nan,nan,nan,nan,nan,nan,nan,nan,4992,-0.0010741145537351393,0.028946995735168457,1.3389515280723572,0.003003197070211172,0.03185705877840519,0.03185705877840519,0.10703300759196281,0.0017986947215841843,0.010612500150455163,0.9009440541267395,1.0,0.007764423076923077,0.0005286057692307693,0,0.5,0.5,0.0,0.0,5.1223732233047485,2.214460679292679,0.0,0.9346429044008255
156,502400,-457.1130442619324,-4.57113029718399,-457.1130442619324,-4.57113029718399,0.0,457.1130442619324,4.57113029718399,263.1358675956726,2.6313590264320377,2.0625095164775846,0.0025,0.0008163239939497174,nan,nan,nan,nan,nan,nan,nan,nan,nan,nan,5024,-0.0006620432340365357,0.07807093560695648,1.344184696674347,0.02795599326491356,0.02773766815662384,0.02773766815662384,0.16998255550861358,0.001495280370000834,0.0063749999739229676,0.7750675082206726,1.0,0.00775,0.0005275,0,0.5,0.5,0.03125,0.0025,4.901959321498871,2.7921209931373596,0.0015625,0.9241518253087997
157,505600,-456.67620849609375,-4.566762061119079,-456.67620849609375,-4.566762061119079,0.0,456.67620849609375,4.566762061119079,263.57270336151123,2.6357272624969488,1.8174553000926972,0.0,0.0,nan,nan,nan,nan,nan,nan,nan,nan,nan,nan,5056,-0.0006575823632483768,0.047346596419811246,1.3381088733673097,0.01266467161476612,0.03054602015763521,0.03054602015763521,0.14378556460142136,0.001143990094352508,0.003937500054598786,0.7829208374023438,1.0,0.007735576923076923,0.0005263942307692308,0,0.5,0.5,0.0,0.0,4.827082779407501,2.9718913078308105,0.0,0.9012500369548797
158,508800,-468.47206115722656,-4.684720618724823,-468.47206115722656,-4.684720618724823,0.0,468.47206115722656,4.684720618724823,251.77685070037842,2.517768704891205,2.1381744265556337,0.000625,0.00019916037639946654,nan,nan,nan,nan,nan,nan,nan,nan,nan,nan,5088,-0.0008525805207114878,0.05394285321235657,1.3401452660560609,0.01577137764543295,0.03183963522315025,0.03183963522315025,0.1464878387749195,0.001084083509341434,0.003559375071199611,0.8406182527542114,1.0,0.007721153846153846,0.0005252884615384616,0,0.5,0.5,0.03125,0.000625,4.999437398910523,2.7281522440910337,0.000625,0.9643750423192978
159,512000,-470.3715312741697,-4.703715047836304,-470.3715312741697,-4.703715047836304,0.0,470.3715312741697,4.703715047836304,249.8773805834353,2.4987742757797244,2.1398001873493193,0.0084375,0.0026872729143707402,nan,nan,nan,nan,nan,nan,nan,nan,nan,nan,5120,-0.00113332025100244,0.06200326196849346,1.3181592583656312,0.019709612336009742,0.04307120256125927,0.04307120256125927,0.14982879385352135,0.0015057526230531876,0.010568749951198697,0.7573574781417847,1.0,0.0077067307692307695,0.0005241826923076923,0,0.5,0.5,0.0625,0.0084375,5.135867486000061,2.8481184029579163,0.0084375,0.9003125411272049
160,515200,-403.14693212509155,-4.031469452381134,-403.14693212509155,-4.031469452381134,0.0,403.14693212509155,4.031469452381134,317.1019797325134,3.1710198712348943,1.6924389374256135,0.000625,0.00023213154115116024,-186.8549965545535,-1.868549965545535,-186.8549965545535,-1.868549965545535,100.0,1.649006474777125,0.285,0.10758750600033114,186.8549965545535,563.0307573154569,5152,-0.000949048715527212,0.033890843577682975,1.3368706464767457,0.0057127526961266994,0.029884078167378904,0.029884078167378904,0.11851277798414231,0.0013736936816723156,0.003268750011920929,0.898148238658905,1.0,0.007692307692307693,0.0005230769230769231,0,0.5,0.5,0.03125,0.000625,5.073460235595703,2.087875393629074,0.0,0.9781250500679016
161,518400,-506.2220401763916,-5.062220480442047,-506.2220401763916,-5.062220480442047,0.0,506.2220401763916,5.062220480442047,214.02687168121338,2.140268843173981,2.606851660013199,0.0,0.0,nan,nan,nan,nan,nan,nan,nan,nan,nan,nan,5184,-0.0013189805822796164,0.05127355381846428,1.29762544631958,0.01435477752238512,0.04437059424817562,0.04437059424817562,0.12056668624281883,0.002538339476451458,0.024084374988160562,0.813307523727417,1.0,0.007677884615384615,0.0005219711538461539,0,0.5,0.5,0.0,0.0,6.507685511112213,2.720412480831146,0.0,0.9144643306732178
162,521600,-380.0942153930664,-3.8009420841932298,-380.0942153930664,-3.8009420841932298,0.0,380.0942153930664,3.8009420841932298,340.1546964645386,3.4015472394227984,1.7084375339746476,0.0096875,0.003576785463382476,nan,nan,nan,nan,nan,nan,nan,nan,nan,nan,5216,-0.0008554283423931608,0.055293542146682736,1.3110108017921447,0.016744462121278048,0.03313800469040871,0.03313800469040871,0.1432526782155037,0.0020278927797346335,0.009971875010523944,0.8374366164207458,1.0,0.007663461538461538,0.0005208653846153846,0,0.5,0.5,0.09375,0.0096875,3.967600181102753,2.2021158719062806,0.0078125,0.9403571826219559
163,524800,-448.101553440094,-4.481015701293945,-448.101553440094,-4.481015701293945,0.0,448.101553440094,4.481015701293945,272.147358417511,2.7214736223220832,1.8655131113529206,0.0003125,0.00010905551217403314,nan,nan,nan,nan,nan,nan,nan,nan,nan,nan,5248,-0.0008852637822128528,0.042390495724976066,1.338614535331726,0.010070869792252779,0.03337410427629948,0.03337410427629948,0.1343515507876873,0.0012418308637290054,0.005156250053551048,0.8204649686813354,1.0,0.0076490384615384615,0.0005197596153846154,0,0.5,0.5,0.03125,0.0003125,5.001314935684204,2.467308031320572,0.0003125,0.9342411094903946
164,528000,-403.54178631305695,-4.035417628288269,-403.54178631305695,-4.035417628288269,0.0,403.54178631305695,4.035417628288269,316.70712554454803,3.167071695327759,2.047492725253105,0.0115625,0.0037941025762546136,nan,nan,nan,nan,nan,nan,nan,nan,nan,nan,5280,-0.0010466815583814793,0.059175408259034154,1.3395562767982483,0.018314025085419416,0.030448949709534646,0.030448949709534646,0.14382336139678956,0.0014449221296683127,0.00641562495729886,0.8134666681289673,1.0,0.007634615384615385,0.0005186538461538462,0,0.5,0.5,0.125,0.0115625,4.394617290496826,2.2860620474815367,0.00875,0.9479911148548126
165,531200,-417.9361171722412,-4.179361032247543,-417.9361171722412,-4.179361032247543,0.0,417.9361171722412,4.179361032247543,302.31279468536377,3.0231282913684847,1.7377996546030046,0.0009375,0.00034242827024388037,nan,nan,nan,nan,nan,nan,nan,nan,nan,nan,5312,-0.0010245144154701791,0.02729983627796173,1.316690242290497,0.002591971028596163,0.034769282117486,0.034769282117486,0.10103614032268524,0.0013577984627783798,0.005203124991385266,0.8980982899665833,1.0,0.007620192307692307,0.0005175480769230769,0,0.5,0.5,0.03125,0.0009375,5.170715389251709,2.0581517672538756,0.000625,0.9397768318653107
166,534400,-400.50672698020935,-4.005067222118377,-400.50672698020935,-4.005067222118377,0.0,400.50672698020935,4.005067222118377,319.74218487739563,3.1974221014976507,1.4820029884576797,0.0034375,0.0013849701293615554,nan,nan,nan,nan,nan,nan,nan,nan,nan,nan,5344,-0.0007042225896795706,0.037664344720542434,1.2904868364334106,0.008312805090099573,0.03259585350751877,0.03259585350751877,0.1155956543982029,0.0016323826221207442,0.008346874968265184,0.8136409521102905,1.0,0.00760576923076923,0.0005164423076923077,0,0.5,0.5,0.125,0.0034375,4.8359003520011905,1.9436685675382614,0.0028125,0.9394196850061417
167,537600,-385.77655655145645,-3.8577656924724577,-385.77655655145645,-3.8577656924724577,0.0,385.77655655145645,3.8577656924724577,334.47235530614853,3.3447236311435704,1.7656272387504577,0.0103125,0.003728810540880884,nan,nan,nan,nan,nan,nan,nan,nan,nan,nan,5376,-0.0011004121561766667,0.04468862861394882,1.300625705718994,0.01137040164321661,0.03887063264846802,0.03887063264846802,0.14430556520819665,0.0015484432158712079,0.009446874956483952,0.8289663791656494,1.0,0.007591346153846153,0.0005153365384615385,0,0.5,0.5,0.09375,0.0103125,4.752743194103241,2.153392170071602,0.00625,0.9280803978443146
168,540800,-404.5404444038868,-4.045404483675957,-404.5404444038868,-4.045404483675957,0.0,404.5404444038868,4.045404483675957,315.7084674537182,3.1570848399400715,1.8657985103130341,0.01,0.00348942884993952,nan,nan,nan,nan,nan,nan,nan,nan,nan,nan,5408,-0.0009708899988792652,0.0519567895680666,1.3099077105522157,0.015082434937357902,0.04368428066372872,0.04368428066372872,0.16781566441059112,0.0023055118173954015,0.016731249960139395,0.7835452556610107,1.0,0.007576923076923077,0.0005142307692307692,0,0.5,0.5,0.15625,0.01,4.715293983221054,2.479306538105011,0.0084375,0.9308928972482682
169,544000,-346.4374580383301,-3.464374425858259,-346.4374580383301,-3.464374425858259,0.0,346.4374580383301,3.464374425858259,373.8114538192749,3.738114897757769,1.68621064722538,0.0159375,0.005933079007211158,nan,nan,nan,nan,nan,nan,nan,nan,nan,nan,5440,-0.0009118860334099921,0.05096750482916832,1.316563320159912,0.014615356363356114,0.03595114126801491,0.03595114126801491,0.13999610990285874,0.0019284332673134973,0.01064375014975667,0.7987009286880493,1.0,0.0075625,0.000513125,0,0.5,0.5,0.1875,0.0159375,4.980327467918396,1.948033082485199,0.010625,0.909910758137703
170,547200,-362.8125777244568,-3.628125854730606,-362.8125777244568,-3.628125854730606,0.0,362.8125777244568,3.628125854730606,357.4363341331482,3.574363468885422,1.6691260236501693,0.0015625,0.0005853976118606793,nan,nan,nan,nan,nan,nan,nan,nan,nan,nan,5472,-0.0006484536591436551,0.03615469709038734,1.32145015001297,0.00745448712259531,0.03315453976392746,0.03315453976392746,0.13674116060137748,0.0014468904657416986,0.006425000078161247,0.8806679248809814,1.0,0.007548076923076923,0.0005120192307692308,0,0.5,0.5,0.0625,0.0015625,3.3785622930526733,1.9937393587827683,0.0009375,0.9476339775323868
171,550400,-410.03575563430786,-4.100357837677002,-410.03575563430786,-4.100357837677002,0.0,410.03575563430786,4.100357837677002,310.2131562232971,3.102131485939026,1.9895942080020905,0.00875,0.0029268186219318106,nan,nan,nan,nan,nan,nan,nan,nan,nan,nan,5504,-0.0011892229690449341,0.06298699788749218,1.2831353902816773,0.020637578051537275,0.04007926806807518,0.04007926806807518,0.15938090533018112,0.0029482127152744026,0.02896562444511801,0.6864992380142212,1.0,0.007533653846153846,0.0005109134615384615,0,0.5,0.5,0.15625,0.00875,5.020505790710449,2.579580107927322,0.00625,0.934821469783783
172,553600,-349.03824177384377,-3.490382224023342,-349.03824177384377,-3.490382224023342,0.0,349.03824177384377,3.490382224023342,371.2106700837612,3.712107099592686,1.7112141478061675,0.0175,0.006454672720766257,nan,nan,nan,nan,nan,nan,nan,nan,nan,nan,5536,-0.0008294248681689709,0.05342351570725441,1.334398901462555,0.01584867974743247,0.03394869044423103,0.03394869044423103,0.16588159650564194,0.0016318469119152277,0.008440624983632006,0.7499744296073914,1.0,0.007519230769230769,0.0005098076923076923,0,0.5,0.5,0.1875,0.0175,4.3297045803070064,2.232127943634987,0.0109375,0.9626786094903946
173,556800,-406.8939779996872,-4.0689401251077655,-406.8939779996872,-4.0689401251077655,0.0,406.8939779996872,4.0689401251077655,313.3549338579178,3.1335491985082626,1.9143506741523744,0.0078125,0.002680700050714463,nan,nan,nan,nan,nan,nan,nan,nan,nan,nan,5568,-0.0009659744467120923,0.06347653940320015,1.3712088346481324,0.0204816366545856,0.03606645558029413,0.03606645558029413,0.16582272201776505,0.0018038651563993557,0.01285937514003308,0.7890589237213135,1.0,0.007504807692307693,0.0005087019230769231,0,0.5,0.5,0.125,0.0078125,3.5909843385219573,2.5969239258766175,0.0059375,0.9348214703798294
174,560000,-412.04833912849426,-4.120483369231224,-412.04833912849426,-4.120483369231224,0.0,412.04833912849426,4.120483369231224,308.2005727291107,3.0820059543848037,1.9072017550468445,0.0115625,0.003977192150468309,nan,nan,nan,nan,nan,nan,nan,nan,nan,nan,5600,-0.0011868727526977096,0.052462688833475116,1.3418323636054992,0.01499363100156188,0.038943678326904776,0.038943678326904776,0.14501906856894492,0.0018071851052819446,0.00960312495008111,0.7327308058738708,1.0,0.007490384615384616,0.0005075961538461538,0,0.5,0.5,0.21875,0.0115625,5.114002034664154,2.296796407699585,0.0065625,0.9366964709758758
175,563200,-400.4267358779907,-4.004267503023147,-400.4267358779907,-4.004267503023147,0.0,400.4267358779907,4.004267503023147,319.82217597961426,3.198221820592881,1.809085440635681,0.001875,0.0006674770275323834,nan,nan,nan,nan,nan,nan,nan,nan,nan,nan,5632,-0.0009306691274542089,0.0411270784214139,1.3399061799049377,0.00961578320711851,0.04258859306573868,0.04258859306573868,0.14362308457493783,0.0019716383780187885,0.011962499743094667,0.8256198763847351,1.0,0.007475961538461539,0.0005064903846153846,0,0.5,0.5,0.09375,0.001875,4.548798303604126,2.3445659017562868,0.0009375,0.9359375447034836
176,566400,-341.10363161563873,-3.4110364273190497,-341.10363161563873,-3.4110364273190497,0.0,341.10363161563873,3.4110364273190497,379.14528024196625,3.7914528962969785,1.7957751566171647,0.010625,0.0038003771422219987,nan,nan,nan,nan,nan,nan,nan,nan,nan,nan,5664,-0.0014290015965699788,0.029701581783592702,1.3134185314178466,0.003621666133403778,0.05159678906202316,0.05159678906202316,0.12155851945281029,0.002137672712707292,0.017631250340491532,0.8767199516296387,1.0,0.007461538461538461,0.0005053846153846154,0,0.5,0.5,0.15625,0.010625,3.8657163834571837,2.0762189346551896,0.009375,0.9528571844100953
177,569600,-346.38578271865845,-3.463857601284981,-346.38578271865845,-3.463857601284981,0.0,346.38578271865845,3.463857601284981,373.86312913894653,3.7386317223310472,1.708435520529747,0.02375,0.008768899912874686,nan,nan,nan,nan,nan,nan,nan,nan,nan,nan,5696,-0.0009439385887846541,0.058659914508461954,1.2958507537841797,0.01873566834256053,0.04517076760530472,0.04517076760530472,0.14961615651845933,0.0025222563985163736,0.014546874954248779,0.7629898190498352,1.0,0.0074471153846153845,0.0005042788461538461,0,0.5,0.5,0.1875,0.02375,3.1762770795822144,2.410993268489838,0.0134375,0.9665625411272049
178,572800,-378.3421964645386,-3.783421975374222,-378.3421964645386,-3.783421975374222,0.0,378.3421964645386,3.783421975374222,341.9067153930664,3.419067348241806,1.6071944057941436,0.00375,0.0014383277256449008,nan,nan,nan,nan,nan,nan,nan,nan,nan,nan,5728,-0.0006228412312877296,0.04477270878851414,1.2979517459869385,0.012116237357258797,0.03634784668684006,0.03634784668684006,0.1664261408150196,0.001005167058611974,0.0059562499780440705,0.7538886070251465,1.0,0.007432692307692308,0.000503173076923077,0,0.5,0.5,0.0625,0.00375,3.9755221796035767,2.2390225481987,0.0025,0.9114732611179351
179,576000,-354.56224751472473,-3.5456222161650657,-354.56224751472473,-3.5456222161650657,0.0,354.56224751472473,3.5456222161650657,365.68666434288025,3.6568671074509624,1.8708378678560258,0.0190625,0.006640047567101408,nan,nan,nan,nan,nan,nan,nan,nan,nan,nan,5760,-0.0008561975283897461,0.037062233127653596,1.3141672730445861,0.007926072366535664,0.045015547052025796,0.045015547052025796,0.139772779494524,0.002104481762217984,0.013134375237859786,0.8517632484436035,1.0,0.007418269230769231,0.0005020673076923078,0,0.5,0.5,0.1875,0.0190625,4.385323307514191,2.3610648572444917,0.01375,0.9287500447034835
180,579200,-393.5189701318741,-3.935189518928528,-393.5189701318741,-3.935189518928528,0.0,393.5189701318741,3.935189518928528,326.7299417257309,3.2672998046875,1.838514837026596,0.013125,0.004623896915666192,-310.55445086956024,-3.1055445086956026,-310.55445086956024,-3.1055445086956026,100.0,1.7054063097387553,0.0,0.0,310.55445086956024,439.33130300045013,5792,-0.0015309099539881465,0.05339405499398708,1.3053931593894958,0.015501187462359668,0.057693048194050786,0.057693048194050786,0.14154760390520096,0.0027230231356963875,0.022949999710544945,0.8111788630485535,1.0,0.007403846153846154,0.0005009615384615384,0,0.5,0.5,0.15625,0.013125,4.87559048295021,2.1352815997600554,0.011875,0.9526786112785339
181,582400,-378.1520674228668,-3.7815207982063295,-378.1520674228668,-3.7815207982063295,0.0,378.1520674228668,3.7815207982063295,342.09684443473816,3.4209685254096986,1.7038162314891816,0.0021875,0.0008090416702599608,nan,nan,nan,nan,nan,nan,nan,nan,nan,nan,5824,-0.00044343781497744315,0.030591198429465293,1.3076032638549804,0.005189727898687125,0.03391773197799921,0.03391773197799921,0.14087521731853486,0.001018812307303225,0.005159375094808638,0.8708913922309875,1.0,0.007389423076923076,0.0004998557692307693,0,0.5,0.5,0.09375,0.0021875,3.944092471599579,2.1357056498527527,0.0009375,0.9630804008245468
182,585600,-385.7170217037201,-3.8571703112125397,-385.7170217037201,-3.8571703112125397,0.0,385.7170217037201,3.8571703112125397,334.5318901538849,3.3453190124034884,2.14768510222435,0.0053125,0.0016877482427469818,nan,nan,nan,nan,nan,nan,nan,nan,nan,nan,5856,-0.0007080433139228237,0.04998691901564598,1.3182557344436645,0.01456327997148037,0.035238960012793544,0.035238960012793544,0.16353303268551828,0.0020012350360058572,0.01233437507180497,0.8446547985076904,1.0,0.007375,0.00049875,0,0.5,0.5,0.1875,0.0053125,3.885255196094513,2.918077002763748,0.0034375,0.9196429026126861
183,588800,-405.13852536678314,-4.051385397911072,-405.13852536678314,-4.051385397911072,0.0,405.13852536678314,4.051385397911072,315.11038649082184,3.1511039257049562,1.6264789634943009,0.016875,0.006424951516668265,nan,nan,nan,nan,nan,nan,nan,nan,nan,nan,5888,-0.0007612503855540353,0.04923762157559395,1.3128167152404786,0.014194471854716539,0.03460778780281544,0.03460778780281544,0.148324716091156,0.0009365238034671847,0.005021874932572246,0.8689799904823303,1.0,0.007360576923076923,0.0004976442307692308,0,0.5,0.5,0.125,0.016875,4.245492742061615,2.3208830362558364,0.0084375,0.9452678978443145
184,592000,-348.7076711654663,-3.4870766520500185,-348.7076711654663,-3.4870766520500185,0.0,348.7076711654663,3.4870766520500185,371.5412406921387,3.7154126715660096,1.2590067797899247,0.004375,0.0019366918413617385,nan,nan,nan,nan,nan,nan,nan,nan,nan,nan,5920,-0.000688378670538059,0.036274518072605136,1.3078967452049255,0.007840869948267937,0.041371478512883184,0.041371478512883184,0.1620847649872303,0.0012454953037387667,0.0062812499701976774,0.8172919750213623,1.0,0.007346153846153846,0.0004965384615384616,0,0.5,0.5,0.0625,0.004375,3.661395789384842,1.9500133365392684,0.00375,0.8943750411272049
185,595200,-363.42941546440125,-3.634294032454491,-363.42941546440125,-3.634294032454491,0.0,363.42941546440125,3.634294032454491,356.81949639320374,3.5681952911615373,1.668847354054451,0.0078125,0.002927293682844555,nan,nan,nan,nan,nan,nan,nan,nan,nan,nan,5952,-0.0013507354454137754,0.03871170561760664,1.2792229533195496,0.00862619923427701,0.05467808730900288,0.05467808730900288,0.15738507881760597,0.0026892213893018237,0.026518750295508653,0.8125190138816833,1.0,0.007331730769230769,0.0004954326923076924,0,0.5,0.5,0.15625,0.0078125,3.967572034597397,2.332855917215347,0.005625,0.9221875452995301
186,598400,-414.8274965286255,-4.148274940252304,-414.8274965286255,-4.148274940252304,0.0,414.8274965286255,4.148274940252304,305.4214153289795,3.054214383363724,2.0625181865692137,0.006875,0.0022448846280001098,nan,nan,nan,nan,nan,nan,nan,nan,nan,nan,5984,-0.0007144078345707294,0.03860577400773764,1.30752432346344,0.009020921029150485,0.02910321857780218,0.02910321857780218,0.14285739585757257,0.0011455057756404661,0.004171875054453267,0.8494784235954285,1.0,0.007317307692307692,0.0004943269230769231,0,0.5,0.5,0.1875,0.006875,4.290969190597534,2.487776616811752,0.0059375,0.9425000423192977
187,601600,-354.3026270866394,-3.543026313781738,-354.3026270866394,-3.543026313781738,0.0,354.3026270866394,3.543026313781738,365.9462847709656,3.65946300983429,1.7587587094306947,0.01375,0.004984125633385853,nan,nan,nan,nan,nan,nan,nan,nan,nan,nan,6016,-0.0007533983651446974,0.03354148343205452,1.3294881224632262,0.006308244913816452,0.03421887196600437,0.03421887196600437,0.11077137365937233,0.0012717702094971143,0.0039218749763676895,0.8335886001586914,1.0,0.007302884615384616,0.0004932211538461539,0,0.5,0.5,0.09375,0.01375,4.650641188621521,2.3157859110832213,0.008125,0.8913839733600617
188,604800,-392.23550695180893,-3.9223549407720566,-392.23550695180893,-3.9223549407720566,0.0,392.23550695180893,3.9223549407720566,328.01340490579605,3.2801343828439715,2.00443382024765,0.01125,0.0037444659037531016,nan,nan,nan,nan,nan,nan,nan,nan,nan,nan,6048,-0.0009665889519383519,0.03657277412712574,1.3121760845184327,0.0077560530975461,0.04292437732219696,0.04292437732219696,0.15382910668849945,0.0018360163729095858,0.008715624856631621,0.8845993876457214,1.0,0.007288461538461539,0.0004921153846153847,0,0.5,0.5,0.1875,0.01125,4.24657953619957,2.4650835275650023,0.0059375,0.9164286142587662
189,608000,-427.5002920627594,-4.275002857446671,-427.5002920627594,-4.275002857446671,0.0,427.5002920627594,4.275002857446671,292.7486197948456,2.9274864661693574,2.302736858725548,0.01,0.003027791927649597,nan,nan,nan,nan,nan,nan,nan,nan,nan,nan,6080,-0.0006203108807194546,0.053896747156977655,1.320153534412384,0.016725214663892984,0.03873614184558392,0.03873614184558392,0.15988875180482864,0.0010362759869178076,0.004971875017508865,0.7936644554138184,1.0,0.007274038461538462,0.0004910096153846154,0,0.5,0.5,0.09375,0.01,4.815546748638153,2.5949574583768844,0.0071875,0.9025000423192978
190,611200,-272.79234141111374,-2.727923573628068,-272.79234141111374,-2.727923573628068,0.0,272.79234141111374,2.727923573628068,447.45657044649124,4.47456574998796,1.5531090414524078,0.043125,0.016891170451328288,nan,nan,nan,nan,nan,nan,nan,nan,nan,nan,6112,-0.0008449631421128423,0.05066650174558163,1.3009684324264525,0.015043758042156696,0.03420797400176525,0.03420797400176525,0.16380881816148757,0.0014003363561653059,0.00457499997864943,0.847172200679779,1.0,0.007259615384615385,0.0004899038461538462,0,0.5,0.5,0.3125,0.043125,3.529739283323288,1.966552430987358,0.03125,0.9194643360376358
191,614400,-326.85483384132385,-3.268548329770565,-326.85483384132385,-3.268548329770565,0.0,326.85483384132385,3.268548329770565,393.3940780162811,3.933940993845463,1.4914215496182441,0.0115625,0.004640924777170568,nan,nan,nan,nan,nan,nan,nan,nan,nan,nan,6144,-0.0007549931786605179,0.031398378871381284,1.2848909616470336,0.005634914245456457,0.03657229747623205,0.03657229747623205,0.11441929563879967,0.0009168043536203959,0.004012500022872701,0.8546451926231384,1.0,0.0072451923076923075,0.0004887980769230769,0,0.5,0.5,0.15625,0.0115625,3.7603858268260955,1.9224572068452834,0.0090625,0.9520089775323868
192,617600,-404.91253781318665,-4.0491253560781475,-404.91253781318665,-4.0491253560781475,0.0,404.91253781318665,4.0491253560781475,315.33637404441833,3.1533639675378806,2.2548796480894087,0.021875,0.0067206786010783745,nan,nan,nan,nan,nan,nan,nan,nan,nan,nan,6176,-0.0007281792424444599,0.052776449173688886,1.3070375323295593,0.0162091582082212,0.03285128492861986,0.03285128492861986,0.1381363958120346,0.0017649383029504472,0.010762499865813879,0.830527126789093,1.0,0.00723076923076923,0.0004876923076923077,0,0.5,0.5,0.15625,0.021875,5.379692749977112,2.4873600578308106,0.0146875,0.9352232539653778
193,620800,-336.61007857322693,-3.3661007577180864,-336.61007857322693,-3.3661007577180864,0.0,336.61007857322693,3.3661007577180864,383.63883328437805,3.8363885658979417,1.6626712864637374,0.0190625,0.007159163843058029,nan,nan,nan,nan,nan,nan,nan,nan,nan,nan,6208,-0.0012830489610671015,0.0350876959040761,1.3228205561637878,0.0067148682661354545,0.044612326100468634,0.044612326100468634,0.14328566193580627,0.0021063389180209823,0.014046874968335033,0.8907328248023987,1.0,0.007216346153846153,0.0004865865384615385,0,0.5,0.5,0.21875,0.0190625,3.676789036989212,2.1939931321144104,0.0125,0.9195982557535172
194,624000,-404.5481187105179,-4.045481287240982,-404.5481187105179,-4.045481287240982,0.0,404.5481187105179,4.045481287240982,315.7007931470871,3.1570080363750463,1.876635353565216,0.0146875,0.005105791382907378,nan,nan,nan,nan,nan,nan,nan,nan,nan,nan,6240,-0.001157609121059089,0.05601224899291992,1.3256186366081237,0.017301511950790882,0.04270851481705904,0.04270851481705904,0.1880953297019005,0.001773895269435504,0.010246874974109232,0.8127650618553162,1.0,0.007201923076923076,0.0004854807692307692,0,0.5,0.5,0.1875,0.0146875,4.4714206910133365,2.7586764883995056,0.0090625,0.9128125411272049
195,627200,-375.13729882240295,-3.7513728462159635,-375.13729882240295,-3.7513728462159635,0.0,375.13729882240295,3.7513728462159635,345.111613035202,3.4511164774000647,1.9884390395879745,0.011875,0.003973646389533595,nan,nan,nan,nan,nan,nan,nan,nan,nan,nan,6272,-0.0015277766468003496,0.04069158770143986,1.2928631782531739,0.009525562636554241,0.0586945254355669,0.0586945254355669,0.12580221965909005,0.0030462301700037884,0.025609374995110557,0.827875018119812,1.0,0.0071874999999999994,0.000484375,0,0.5,0.5,0.21875,0.011875,4.864471373558044,2.3322450983524323,0.00875,0.9127232533693314
196,630400,-324.1618299484253,-3.2416182488203047,-324.1618299484253,-3.2416182488203047,0.0,324.1618299484253,3.2416182488203047,396.0870819091797,3.9608710747957234,1.2829592138528825,0.0084375,0.003695861033697699,nan,nan,nan,nan,nan,nan,nan,nan,nan,nan,6304,-0.0010646368349902513,0.018502851109951736,1.2954238533973694,-0.0011053859256207944,0.04456311501562595,0.04456311501562595,0.10135883167386055,0.0023640687380987128,0.018528125155717133,0.9323719143867493,1.0,0.007173076923076923,0.0004832692307692308,0,0.5,0.5,0.09375,0.0084375,4.265784631967545,1.769735256433487,0.0071875,0.9363839721679688
197,633600,-359.87069749832153,-3.5987070222198962,-359.87069749832153,-3.5987070222198962,0.0,359.87069749832153,3.5987070222198962,360.37821435928345,3.603782301396132,1.6071930062770843,0.0159375,0.006112896115335088,nan,nan,nan,nan,nan,nan,nan,nan,nan,nan,6336,-0.0007312147639808142,0.03713442478328943,1.286083745956421,0.008629369083791971,0.04478516317903995,0.04478516317903995,0.13956251218914986,0.0016889181679300435,0.010456249862909318,0.8345388770103455,1.0,0.007158653846153846,0.00048216346153846155,0,0.5,0.5,0.25,0.0159375,4.667141649723053,1.963560039997101,0.0115625,0.9572321879863739
198,636800,-323.9606156349182,-3.2396062029898167,-323.9606156349182,-3.2396062029898167,0.0,323.9606156349182,3.2396062029898167,396.28829622268677,3.9628831206262114,1.587534954547882,0.019375,0.007487821552302615,nan,nan,nan,nan,nan,nan,nan,nan,nan,nan,6368,-0.0011180356717086504,0.0294712845236063,1.301560878753662,0.004318955447524786,0.03856603913009167,0.03856603913009167,0.13046241849660872,0.0017896396668231444,0.012018750095739961,0.9011387228965759,1.0,0.007144230769230769,0.0004810576923076923,0,0.5,0.5,0.1875,0.019375,3.3855063664913176,2.2520433580875396,0.0125,0.9427679032087326
199,640000,-344.4551337957382,-3.4445513121783735,-344.4551337957382,-3.4445513121783735,0.0,344.4551337957382,3.4445513121783735,375.79377806186676,3.7579380114376546,1.5650837993621827,0.0253125,0.00986809865872376,nan,nan,nan,nan,nan,nan,nan,nan,nan,nan,6400,-0.001080538624490135,0.032672091573476794,1.3337457060813904,0.005746156815439463,0.04772303365170956,0.04772303365170956,0.14007746577262878,0.0020778133603026995,0.010646874957456021,0.8909468650817871,1.0,0.007129807692307692,0.0004799519230769231,0,0.5,0.5,0.25,0.0253125,4.342801830768585,2.07923662006855,0.019375,0.963348251581192
200,643200,-287.9935870170593,-2.8799358697235586,-287.9935870170593,-2.8799358697235586,0.0,287.9935870170593,2.8799358697235586,432.25532484054565,4.3225534538924695,1.213507940173149,0.0221875,0.010023682136990395,-74.57876479625702,-0.7457876479625702,-74.57876479625702,-0.7457876479625702,100.0,1.2345415774453432,0.2,0.08950381680910657,74.57876479625702,675.3069890737534,6432,-0.0007758363872882867,0.03373067602515221,1.3306511759757995,0.006621406972408294,0.03609448689967394,0.03609448689967394,0.1324954502284527,0.0013693001121292988,0.00854999995790422,0.8524569272994995,1.0,0.007115384615384615,0.0004788461538461538,0,0.5,0.5,0.28125,0.0221875,4.162958779335022,1.4450503301620483,0.016875,0.9285714709758759
201,646400,-427.9968376159668,-4.279968209266663,-427.9968376159668,-4.279968209266663,0.0,427.9968376159668,4.279968209266663,292.2520742416382,2.9225211143493652,1.9125326281785966,0.011875,0.004077207542710427,nan,nan,nan,nan,nan,nan,nan,nan,nan,nan,6464,-0.0009911089012167196,0.03706544898450374,1.3166011810302733,0.008192481007426977,0.05032609086483717,0.05032609086483717,0.15713802874088287,0.0014041140588243765,0.00736250001937151,0.8582829236984253,1.0,0.007100961538461539,0.0004777403846153846,0,0.5,0.5,0.15625,0.011875,5.020863797664642,2.515529336333275,0.0103125,0.9256696850061417
202,649600,-362.00121533870697,-3.6200123608112333,-362.00121533870697,-3.6200123608112333,0.0,362.00121533870697,3.6200123608112333,358.247696518898,3.5824769628047948,1.3873384219408036,0.006875,0.0028797760454971105,nan,nan,nan,nan,nan,nan,nan,nan,nan,nan,6496,-0.0009527613615937458,0.0209761006757617,1.3055227041244506,0.0002836525905877352,0.04026124496012926,0.04026124496012926,0.11352314129471779,0.0013293140786129324,0.0055874999379739165,0.935388445854187,1.0,0.007086538461538462,0.00047663461538461537,0,0.5,0.5,0.125,0.006875,4.181369934082031,1.9745847064256667,0.0059375,0.9521429044008255
203,652800,-307.6326229572296,-3.0763263002038004,-307.6326229572296,-3.0763263002038004,0.0,307.6326229572296,3.0763263002038004,412.61628890037537,4.126163023412228,1.104105879664421,0.0325,0.015445990771711236,nan,nan,nan,nan,nan,nan,nan,nan,nan,nan,6528,-0.0010345215942361818,0.03894702158868313,1.316935658454895,0.00912546832114458,0.040184964798390864,0.040184964798390864,0.140525471419096,0.002025777150994321,0.010337499994784593,0.8452442288398743,1.0,0.007072115384615385,0.0004755288461538461,0,0.5,0.5,0.1875,0.0325,3.653116410970688,2.0607080161571503,0.0228125,0.9529018312692642
204,656000,-359.1495912075043,-3.591495925784111,-359.1495912075043,-3.591495925784111,0.0,359.1495912075043,3.591495925784111,361.0993206501007,3.6109933978319173,1.9197541338205337,0.0259375,0.008883453472865014,nan,nan,nan,nan,nan,nan,nan,nan,nan,nan,6560,-0.0015471027484745825,0.045530909299850465,1.3272318482398986,0.011851158086210489,0.06693014912307263,0.06693014912307263,0.17454916834831238,0.002048318807647948,0.011593750026077033,0.8701991438865662,1.0,0.007057692307692307,0.0004744230769230769,0,0.5,0.5,0.28125,0.0259375,3.9230692183971403,2.4416811740398408,0.01875,0.9290625417232513
205,659200,-396.9772964119911,-3.969773015975952,-396.9772964119911,-3.969773015975952,0.0,396.9772964119911,3.969773015975952,323.27161544561386,3.232716307640076,1.777777967453003,0.013125,0.0047249996773624636,nan,nan,nan,nan,nan,nan,nan,nan,nan,nan,6592,-0.00027479907260423707,0.03668044917285442,1.2903070449829102,0.008977445028722286,0.029738702066242694,0.029738702066242694,0.15440573990345002,0.0012538330382096863,0.002306249974935781,0.8880064487457275,1.0,0.0070432692307692306,0.00047331730769230773,0,0.5,0.5,0.1875,0.013125,5.389042727947235,2.085185344815254,0.0096875,0.9342857563495636
206,662400,-391.4421293437481,-3.914421392083168,-391.4421293437481,-3.914421392083168,0.0,391.4421293437481,3.914421392083168,328.8067825138569,3.28806793153286,1.9994593000411987,0.0315625,0.010522729879870841,nan,nan,nan,nan,nan,nan,nan,nan,nan,nan,6624,-0.001401442448981105,0.0388399975374341,1.304441237449646,0.008849839773029089,0.055300983041524886,0.055300983041524886,0.13041280433535576,0.0023856062118295476,0.01863749991171062,0.9006040096282959,1.0,0.007028846153846154,0.0004722115384615385,0,0.5,0.5,0.21875,0.0315625,4.683665251731872,2.7783609479665756,0.020625,0.915580399632454
207,665600,-376.9757614135742,-3.7697573947906493,-376.9757614135742,-3.7697573947906493,0.0,376.9757614135742,3.7697573947906493,343.27315044403076,3.432731928825379,1.4963269305229188,0.004375,0.0017525749317953102,nan,nan,nan,nan,nan,nan,nan,nan,nan,nan,6656,-0.0009369436860433566,0.030402877368032932,1.2859070658683778,0.005244598537683487,0.04284815974533558,0.04284815974533558,0.14911409318447114,0.002395634348068808,0.015887499775271863,0.8890300989151001,1.0,0.007014423076923077,0.00047110576923076923,0,0.5,0.5,0.125,0.004375,3.9180550622940062,1.9797384524345398,0.0034375,0.926473251581192
208,668800,-354.8563642501831,-3.5485635453462603,-354.8563642501831,-3.5485635453462603,0.0,354.8563642501831,3.5485635453462603,365.3925476074219,3.653925778269768,1.4734125009179115,0.00875,0.003537622615213911,nan,nan,nan,nan,nan,nan,nan,nan,nan,nan,6688,-0.000981279981590344,0.023758790642023086,1.2673404574394227,0.0020267319399863482,0.04458014033734799,0.04458014033734799,0.11546157896518708,0.001337985069041003,0.008937500130559783,0.9022371172904968,1.0,0.007,0.00047000000000000004,0,0.5,0.5,0.15625,0.00875,4.413691008090973,1.846021495461464,0.005625,0.9215179002285003
209,672000,-349.19954538345337,-3.4919953852891923,-349.19954538345337,-3.4919953852891923,0.0,349.19954538345337,3.4919953852891923,371.0493664741516,3.710493938326836,1.4375274604558945,0.0065625,0.002692277361573849,nan,nan,nan,nan,nan,nan,nan,nan,nan,nan,6720,-0.0008604122229618927,0.021264303475618362,1.2900213956832887,0.0007601960562169552,0.042150340601801874,0.042150340601801874,0.10629133544862271,0.0020322325595782224,0.014171874837484211,0.8998425006866455,1.0,0.006985576923076923,0.0004688942307692308,0,0.5,0.5,0.0625,0.0065625,4.333911982774734,1.8045332235097886,0.003125,0.9009821861982346
210,675200,-374.0620765686035,-3.7406207519769668,-374.0620765686035,-3.7406207519769668,0.0,374.0620765686035,3.7406207519769668,346.18683528900146,3.4618685716390614,1.748533324599266,0.0115625,0.004206789088753655,nan,nan,nan,nan,nan,nan,nan,nan,nan,nan,6752,-0.0007883597305160972,0.027012205310165883,1.295668625831604,0.0036854375153779983,0.04691948313266039,0.04691948313266039,0.10781280174851418,0.001863596842305218,0.012934375135228039,0.8984462022781372,1.0,0.006971153846153846,0.00046778846153846154,0,0.5,0.5,0.1875,0.0115625,4.456098132133484,2.130560318827629,0.0078125,0.9533482593297958
211,678400,-384.8872067928314,-3.848872128725052,-384.8872067928314,-3.848872128725052,0.0,384.8872067928314,3.848872128725052,335.36170506477356,3.353617194890976,1.7495845967531205,0.00125,0.0004546141266124626,nan,nan,nan,nan,nan,nan,nan,nan,nan,nan,6784,-0.0012112245380994757,0.028219792619347574,1.2975432395935058,0.003872012346982956,0.06244466044008732,0.06244466044008732,0.11270333454012871,0.001972203305923542,0.015009374997316628,0.8519495129585266,1.0,0.006956730769230769,0.0004666826923076923,0,0.5,0.5,0.0625,0.00125,3.782024199962616,2.3633280277252195,0.0003125,0.9504911178350448
212,681600,-405.9259738922119,-4.059259533882141,-405.9259738922119,-4.059259533882141,0.0,405.9259738922119,4.059259533882141,314.32293796539307,3.143229789733887,1.7962922888994217,0.00625,0.0022351025408935007,nan,nan,nan,nan,nan,nan,nan,nan,nan,nan,6816,-0.000864042345501348,0.017830818332731722,1.29642014503479,-0.0009487804025411605,0.0363973181694746,0.0363973181694746,0.08977331258356572,0.0009854441683284667,0.002581249955983367,0.9387268424034119,1.0,0.006942307692307692,0.00046557692307692305,0,0.5,0.5,0.125,0.00625,4.231651231050491,2.226515528559685,0.0025,0.90803575694561
213,684800,-360.7689071893692,-3.607689093351364,-360.7689071893692,-3.607689093351364,0.0,360.7689071893692,3.607689093351364,359.4800046682358,3.594800230264664,1.806948531270027,0.0075,0.002671940691625921,nan,nan,nan,nan,nan,nan,nan,nan,nan,nan,6848,-0.0013623846048488985,0.027462077140808106,1.2677555561065674,0.0035857897251844405,0.06426921784877777,0.06426921784877777,0.13037030398845673,0.002323862219783467,0.019009375013411045,0.8821737766265869,1.0,0.006927884615384615,0.00046447115384615385,0,0.5,0.5,0.0625,0.0075,4.146252434253693,2.254088736772537,0.0053125,0.9175446903705597
214,688000,-496.33564281463623,-4.963356556892395,-496.33564281463623,-4.963356556892395,0.0,496.33564281463623,4.963356556892395,223.91326904296875,2.2391327667236327,2.4171877789497374,0.011875,0.0034750797346143345,nan,nan,nan,nan,nan,nan,nan,nan,nan,nan,6880,-0.0006928618972480649,0.041626887768507,1.279210126399994,0.011276811733841896,0.038116046041250226,0.038116046041250226,0.14994771629571915,0.001363973545450058,0.008221875049639494,0.8753743171691895,1.0,0.0069134615384615385,0.0004633653846153846,0,0.5,0.5,0.09375,0.011875,6.00871588230133,2.9661835730075836,0.010625,0.9500893288850785
215,691200,-337.1943292617798,-3.371943271160126,-337.1943292617798,-3.371943271160126,0.0,337.1943292617798,3.371943271160126,383.0545825958252,3.8305460524559023,1.5782772690057754,0.024375,0.009453987083941282,nan,nan,nan,nan,nan,nan,nan,nan,nan,nan,6912,-0.0007974155858391895,0.020054986514151097,1.289764904975891,0.0003319401293992996,0.044688033312559126,0.044688033312559126,0.08864454627037048,0.0014879815702453733,0.0067781250225380065,0.9248493909835815,1.0,0.006899038461538462,0.00046225961538461536,0,0.5,0.5,0.21875,0.024375,4.69064900636673,1.8806777334213256,0.015625,0.9365625441074371
216,694400,-353.48644256591797,-3.534864520430565,-353.48644256591797,-3.534864520430565,0.0,353.48644256591797,3.534864520430565,366.762469291687,3.667624803185463,1.7602515465021134,0.01,0.003622858218365043,nan,nan,nan,nan,nan,nan,nan,nan,nan,nan,6944,-0.001077936092292653,0.021419879980385303,1.3085763216018678,0.0006229591555893422,0.04410040192306042,0.04410040192306042,0.11016025766730309,0.0018540234734257023,0.004931250057416037,0.9388591647148132,1.0,0.006884615384615385,0.00046115384615384616,0,0.5,0.5,0.15625,0.01,4.6812981152534485,2.213417243361473,0.0071875,0.8718303990364075
217,697600,-426.25901317596436,-4.262590222358703,-426.25901317596436,-4.262590222358703,0.0,426.25901317596436,4.262590222358703,293.9898986816406,2.939899101257325,1.6958216619491577,0.0075,0.0027820831421679726,nan,nan,nan,nan,nan,nan,nan,nan,nan,nan,6976,-0.000800507437868514,0.021193967945873738,1.3265618562698365,0.0006827413570135831,0.04590743966400623,0.04590743966400623,0.08739477656781673,0.0022066233716042634,0.007693750027101487,0.9279313683509827,1.0,0.006870192307692308,0.00046004807692307697,0,0.5,0.5,0.125,0.0075,5.100406675338745,2.610470051765442,0.005625,0.9365625393390655
218,700800,-441.7954933643341,-4.417954869270325,-441.7954933643341,-4.417954869270325,0.0,441.7954933643341,4.417954869270325,278.4534184932709,2.784534454345703,1.7062070560455322,0.025,0.009238021881641037,nan,nan,nan,nan,nan,nan,nan,nan,nan,nan,7008,-0.0008740730599850366,0.03874361217021942,1.337287437915802,0.009329599048942327,0.04226414430886507,0.04226414430886507,0.1353605106472969,0.0016791198228030431,0.0070062500453786924,0.8946818709373474,1.0,0.006855769230769231,0.0004589423076923077,0,0.5,0.5,0.15625,0.025,5.328008644580841,2.402706809043884,0.0140625,0.9539286142587662
219,704000,-392.3569006919861,-3.9235691618919373,-392.3569006919861,-3.9235691618919373,0.0,392.3569006919861,3.9235691618919373,327.8920111656189,3.278920161724091,1.5370901823043823,0.010625,0.004187868477875528,nan,nan,nan,nan,nan,nan,nan,nan,nan,nan,7040,-0.0009773865040449913,0.028594029322266578,1.3204275250434876,0.004286126419901848,0.05049896724522114,0.05049896724522114,0.1196945771574974,0.001621080534824796,0.009428124874830246,0.8958359956741333,1.0,0.0068413461538461545,0.00045783653846153847,0,0.5,0.5,0.125,0.010625,4.2725434756278995,1.926072450876236,0.0059375,0.899955399632454
220,707200,-344.8869776725769,-3.4488697338104246,-344.8869776725769,-3.4488697338104246,0.0,344.8869776725769,3.4488697338104246,375.3619341850281,3.7536195898056035,1.4529256910085677,0.01125,0.004586359889024744,-156.77760262787342,-1.5677760262787341,-156.77760262787342,-1.5677760262787341,100.0,1.155950386300683,0.125,0.05797907075889765,156.77760262787342,593.108151242137,7072,-0.0009664185202738374,0.020627434924244882,1.3205044865608215,0.000332316430285573,0.040551479533314706,0.040551479533314706,0.09968240112066269,0.0015319821341118792,0.008056250022127643,0.9418425559997559,1.0,0.006826923076923076,0.0004567307692307692,0,0.5,0.5,0.03125,0.01125,3.934199641942978,1.826973444223404,0.0078125,0.9214286118745804
221,710400,-290.41654032468796,-2.9041653515398504,-290.41654032468796,-2.9041653515398504,0.0,290.41654032468796,2.9041653515398504,429.832371532917,4.298323972076178,1.4359971100091935,0.031875,0.013084990893063789,nan,nan,nan,nan,nan,nan,nan,nan,nan,nan,7104,-0.001148708270199128,0.027147773653268814,1.3217617273330688,0.003420677036046982,0.043713001534342766,0.043713001534342766,0.12240042090415955,0.002141363234114764,0.013574999928823672,0.8955883979797363,1.0,0.006812499999999999,0.000455625,0,0.5,0.5,0.3125,0.031875,4.217084261178971,1.622491562962532,0.0246875,0.9585268265008926
222,713600,-344.44306114315987,-3.4444304597377777,-344.44306114315987,-3.4444304597377777,0.0,344.44306114315987,3.4444304597377777,375.8058507144451,3.7580588638782504,1.4020969104766845,0.0221875,0.009236721425863289,nan,nan,nan,nan,nan,nan,nan,nan,nan,nan,7136,-0.0011646602038817733,0.020137640088796614,1.2923532962799071,0.0001186426728963852,0.056661705300211904,0.056661705300211904,0.09497015103697777,0.0011145310147196532,0.004828124993946403,0.9248247146606445,1.0,0.006798076923076922,0.0004545192307692308,0,0.5,0.5,0.28125,0.0221875,3.13089236497879,2.2723342645168305,0.015625,0.945758975148201
223,716800,-311.3277449607849,-3.1132774373888967,-311.3277449607849,-3.1132774373888967,0.0,311.3277449607849,3.1132774373888967,408.92116689682007,4.089211886227131,1.4249550750851632,0.010625,0.00438152446994378,nan,nan,nan,nan,nan,nan,nan,nan,nan,nan,7168,-0.0011864103061903553,0.015524887014180422,1.2670658111572266,-0.0020193027332425116,0.042668610066175464,0.042668610066175464,0.09266654103994369,0.0015916815624235198,0.006568750011501834,0.9478616118431091,1.0,0.0067836538461538455,0.00045341346153846153,0,0.5,0.5,0.25,0.010625,4.081246389150619,1.8332146412134172,0.0096875,0.9076339715719223
224,720000,-366.8746223449707,-3.6687462586164474,-366.8746223449707,-3.6687462586164474,0.0,366.8746223449707,3.6687462586164474,353.3742895126343,3.5337430649995807,1.7791627740859985,0.0171875,0.006184416458173296,nan,nan,nan,nan,nan,nan,nan,nan,nan,nan,7200,-0.0007994446047931092,0.03011425044387579,1.252497625350952,0.005779235158115625,0.057170994207262994,0.057170994207262994,0.11821893975138664,0.002033287658561151,0.014174999832175673,0.8943241834640503,1.0,0.006769230769230769,0.0004523076923076923,0,0.5,0.5,0.28125,0.0171875,4.116834952831268,2.401799938082695,0.0109375,0.9084375447034836
225,723200,-306.7633228302002,-3.0676332956552503,-306.7633228302002,-3.0676332956552503,0.0,306.7633228302002,3.0676332956552503,413.4855890274048,4.134856027960778,1.3147153955698014,0.0184375,0.00796534210438486,nan,nan,nan,nan,nan,nan,nan,nan,nan,nan,7232,-0.0008150512269406995,0.022211246378719806,1.282114815711975,0.001630133017897606,0.03836177363991737,0.03836177363991737,0.0957921415567398,0.0015342299608176702,0.00954062485252507,0.8925764560699463,1.0,0.006754807692307692,0.0004512019230769231,0,0.5,0.5,0.25,0.0184375,3.406322845220566,1.8724021959304809,0.0103125,0.9395982557535172
226,726400,-334.20316982269287,-3.3420316568017006,-334.20316982269287,-3.3420316568017006,0.0,334.20316982269287,3.3420316568017006,386.0457420349121,3.8604576668143276,1.6571201825141906,0.0175,0.006586077707422834,nan,nan,nan,nan,nan,nan,nan,nan,nan,nan,7264,-0.0009632230126706443,0.02193287294358015,1.3028075695037842,0.0012217892333865165,0.052045151218771936,0.052045151218771936,0.0904358483850956,0.002320386595239347,0.01720937492173107,0.9164167046546936,1.0,0.006740384615384615,0.00045009615384615384,0,0.5,0.5,0.1875,0.0175,3.7663998079299925,2.1614953833818435,0.01125,0.8758036142587662
227,729600,-301.9196012020111,-3.0191959261149166,-301.9196012020111,-3.0191959261149166,0.0,301.9196012020111,3.0191959261149166,418.3293106555939,4.183293397501112,1.441804249882698,0.0278125,0.011390143170295526,nan,nan,nan,nan,nan,nan,nan,nan,nan,nan,7296,-0.0006366774060908575,0.025867175310850143,1.2745770812034607,0.0037241542711853983,0.03939821403473616,0.03939821403473616,0.11513207331299782,0.0010542646858096012,0.0033656249986961486,0.8949747085571289,1.0,0.006725961538461538,0.00044899038461538465,0,0.5,0.5,0.34375,0.0278125,4.217621523141861,1.8004692143201828,0.0159375,0.9197768265008927
228,732800,-303.9162034392357,-3.039162038862705,-303.9162034392357,-3.039162038862705,0.0,303.9162034392357,3.039162038862705,416.3327084183693,4.163327284753323,1.230128899514675,0.0184375,0.00826745934013608,nan,nan,nan,nan,nan,nan,nan,nan,nan,nan,7328,-0.0009810708643112065,0.024011932499706744,1.2840895652770996,0.0024066788610070944,0.04677975103259087,0.04677975103259087,0.12000437602400779,0.0017228354699921774,0.00826250006139162,0.8743779063224792,1.0,0.0067115384615384615,0.0004478846153846154,0,0.5,0.5,0.28125,0.0184375,3.7768293273448945,1.79238176882267,0.0128125,0.9321428972482682
229,736000,-332.281314432621,-3.322813260257244,-332.281314432621,-3.322813260257244,0.0,332.281314432621,3.322813260257244,387.967597424984,3.879676063358784,1.5371053284406662,0.023125,0.009114718155675819,nan,nan,nan,nan,nan,nan,nan,nan,nan,nan,7360,-0.0008200612435619314,0.021191388927400114,1.2957781195640563,0.0010976575314998627,0.04939059503376484,0.04939059503376484,0.09272346496582032,0.0015478079745674424,0.010821874788962304,0.9127388000488281,1.0,0.006697115384615385,0.00044677884615384615,0,0.5,0.5,0.25,0.023125,3.986717011928558,1.9147371238470077,0.015,0.9495089727640152
230,739200,-347.2286546230316,-3.472286521196365,-347.2286546230316,-3.472286521196365,0.0,347.2286546230316,3.472286521196365,373.02025723457336,3.730202802419663,1.4018766421079636,0.006875,0.0028623451677211365,nan,nan,nan,nan,nan,nan,nan,nan,nan,nan,7392,-0.0008265604821237283,0.016357554867863656,1.278092336654663,-0.0011888805776834488,0.04697429649531841,0.04697429649531841,0.09975170791149139,0.0011232926583046841,0.005446875130292028,0.9291024208068848,1.0,0.006682692307692308,0.0004456730769230769,0,0.5,0.5,0.125,0.006875,3.532769280672073,1.8079599797725678,0.0046875,0.907276828289032
231,742400,-384.0921652317047,-3.8409215828776357,-384.0921652317047,-3.8409215828776357,0.0,384.0921652317047,3.8409215828776357,336.15674662590027,3.3615677407383924,1.9552826571464539,0.0125,0.004229713854873592,nan,nan,nan,nan,nan,nan,nan,nan,nan,nan,7424,-0.0008135055899445298,0.02402086015790701,1.2625875115394591,0.0027776511386036875,0.04919886402785778,0.04919886402785778,0.10214569345116616,0.0019983082667762663,0.01723749986231269,0.8896142840385437,1.0,0.00666826923076923,0.0004445673076923077,0,0.5,0.5,0.15625,0.0125,4.174566291570663,2.383052231669426,0.00875,0.9517411166429519
232,745600,-354.9089654684067,-3.549089589416981,-354.9089654684067,-3.549089589416981,0.0,354.9089654684067,3.549089589416981,365.3399463891983,3.653399734199047,1.3749820804595947,0.0121875,0.0051316176657810976,nan,nan,nan,nan,nan,nan,nan,nan,nan,nan,7456,-0.0007637690535455377,0.02196946516633034,1.237037432193756,0.001989906607195735,0.03723508827388287,0.03723508827388287,0.09435564205050469,0.0013955989299588357,0.003856249977252446,0.9203696250915527,1.0,0.006653846153846153,0.00044346153846153846,0,0.5,0.5,0.21875,0.0121875,3.0949737215042115,2.3084843450784684,0.008125,0.9411161130666733
233,748800,-369.6555757522583,-3.6965556794404986,-369.6555757522583,-3.6965556794404986,0.0,369.6555757522583,3.6965556794404986,350.5933361053467,3.5059336441755296,1.9139099481701851,0.0265625,0.00911575871336729,nan,nan,nan,nan,nan,nan,nan,nan,nan,nan,7488,-0.0010559695924108325,0.022049094922840594,1.2562828660011292,0.0016275848262012004,0.07419320493936539,0.07419320493936539,0.08253973685204982,0.0012700019091439036,0.006387499929405749,0.9267566204071045,1.0,0.006639423076923077,0.0004423557692307692,0,0.5,0.5,0.1875,0.0265625,5.231115443706512,2.2191961115598677,0.0190625,0.8932589721679688
234,752000,-398.1263321712613,-3.9812631833553316,-398.1263321712613,-3.9812631833553316,0.0,398.1263321712613,3.9812631833553316,322.12257968634367,3.2212261402606965,1.764136128425598,0.0065625,0.002374159482419515,nan,nan,nan,nan,nan,nan,nan,nan,nan,nan,7520,-0.0009452277046628321,0.018554040882736444,1.2602354645729066,-1.726727932691574e-05,0.04174698144197464,0.04174698144197464,0.08983069881796837,0.0015963927784481968,0.005746874981559813,0.892573356628418,1.0,0.006625,0.00044125,0,0.5,0.5,0.09375,0.0065625,4.137294416427612,2.159765322804451,0.0059375,0.9344196832180023
235,755200,-266.6144768297672,-2.66614464789629,-266.6144768297672,-2.66614464789629,0.0,266.6144768297672,2.66614464789629,453.63443502783775,4.536344675719738,1.4028956699371338,0.0409375,0.017036736347804497,nan,nan,nan,nan,nan,nan,nan,nan,nan,nan,7552,-0.001215624375140756,0.017736017424613237,1.2414003252983092,-0.0005539881996810437,0.07550685293972492,0.07550685293972492,0.08133684284985065,0.002127663671127744,0.01797187502379529,0.9349794983863831,1.0,0.006610576923076923,0.00044014423076923077,0,0.5,0.5,0.3125,0.0409375,3.725676964521408,1.5035826307535172,0.0284375,0.9454911106824875
236,758400,-292.6646169424057,-2.9266462084650993,-292.6646169424057,-2.9266462084650993,0.0,292.6646169424057,2.9266462084650993,427.5842949151993,4.275843115150929,1.4008084738254547,0.0346875,0.01444825790069328,nan,nan,nan,nan,nan,nan,nan,nan,nan,nan,7584,-0.0008499010972125909,0.02007638681679964,1.2063190937042236,0.0012312257662415505,0.05027352906763553,0.05027352906763553,0.07994497530162334,0.0013722100549799182,0.011050000146497041,0.9157670140266418,1.0,0.006596153846153846,0.0004390384615384616,0,0.5,0.5,0.46875,0.0346875,4.731215769052506,1.6030718278884888,0.0296875,0.9012500464916229
237,761600,-326.34819558262825,-3.263481973260641,-326.34819558262825,-3.263481973260641,0.0,326.34819558262825,3.263481973260641,393.90071627497673,3.939007350355387,1.4824084129929542,0.0303125,0.012210923811466328,nan,nan,nan,nan,nan,nan,nan,nan,nan,nan,7616,-0.0012100673355162073,0.024432706460356713,1.196687602996826,0.003130010422319174,0.05632258988916874,0.05632258988916874,0.0914531372487545,0.002198142110138717,0.013115625100908801,0.9029521942138672,1.0,0.006581730769230769,0.00043793269230769233,0,0.5,0.5,0.34375,0.0303125,3.6419180619716642,2.5165377163887026,0.020625,0.9145982557535172
238,764800,-252.5620172508061,-2.5256202913820744,-252.5620172508061,-2.5256202913820744,0.0,252.5620172508061,2.5256202913820744,467.6868946067989,4.676869032233954,1.368449796140194,0.0640625,0.027048282849145094,nan,nan,nan,nan,nan,nan,nan,nan,nan,nan,7648,-0.001117574684403344,0.024586899019777776,1.1613720774650573,0.003548786975443363,0.05901640020310879,0.05901640020310879,0.08525225445628166,0.0021799072063018983,0.00892812486854382,0.911687970161438,1.0,0.006567307692307692,0.0004368269230769231,0,0.5,0.5,0.5,0.0640625,3.0511711299419404,2.092929229736328,0.04625,0.912857186794281
239,768000,-264.8228819966316,-2.6482287640869617,-264.8228819966316,-2.6482287640869617,0.0,264.8228819966316,2.6482287640869617,455.42602986097336,4.554260559529066,1.126705352962017,0.05125,0.024098307708033177,nan,nan,nan,nan,nan,nan,nan,nan,nan,nan,7680,-0.0013795707506826238,0.019257977232337,1.2100862503051757,0.00031986222602427007,0.08695891685783863,0.08695891685783863,0.07981187961995602,0.0017751744082503765,0.01415312517201528,0.9233914613723755,1.0,0.006552884615384615,0.00043572115384615383,0,0.5,0.5,0.40625,0.05125,3.5526205885410307,1.5827590090036392,0.038125,0.935892898440361
240,771200,-319.91062366962433,-3.1991062223911286,-319.91062366962433,-3.1991062223911286,0.0,319.91062366962433,3.1991062223911286,400.33828818798065,4.0033831012249,1.4549737524986268,0.04,0.016293453222988124,-30.7214582413435,-0.30721458241343497,-30.7214582413435,-0.30721458241343497,100.0,1.1315608390420675,0.235,0.11024785016486323,30.7214582413435,719.1642956286669,7712,-0.0004964842206478304,0.020884358882904054,1.1927746176719665,0.0021467843092978,0.04503200091421604,0.04503200091421604,0.0831319309771061,0.0009835167558791213,0.003978125052526593,0.9299619197845459,1.0,0.006538461538461538,0.0004346153846153846,0,0.5,0.5,0.3125,0.04,4.389158986806869,1.9117088422179223,0.028125,0.9403125447034836
241,774400,-206.48936066031456,-2.064893627166748,-206.48936066031456,-2.064893627166748,0.0,206.48936066031456,2.064893627166748,513.7595511972904,5.13759569644928,0.9766204071044922,0.059375,0.030038645653252732,nan,nan,nan,nan,nan,nan,nan,nan,nan,nan,7744,-0.0009069373896810617,0.02467768043279648,1.191494381427765,0.003658547671511769,0.05631176233291626,0.05631176233291626,0.10505717247724533,0.0012933058147624635,0.009218750026775524,0.9189363718032837,1.0,0.006524038461538461,0.0004335096153846154,0,0.5,0.5,0.4375,0.059375,3.19897943854332,1.4710009303689002,0.04375,0.907901828289032
242,777600,-292.8660788536072,-2.9286608393490314,-292.8660788536072,-2.9286608393490314,0.0,292.8660788536072,2.9286608393490314,427.3828330039978,4.273828484266996,1.3192139545083046,0.05,0.02155902861088143,nan,nan,nan,nan,nan,nan,nan,nan,nan,nan,7776,-0.0008971415251959103,0.028459252044558524,1.1869163513183594,0.005606115190312266,0.05505584515631199,0.05505584515631199,0.09728628061711789,0.0015090475055345627,0.009271875047124923,0.8950650095939636,1.0,0.0065096153846153845,0.00043240384615384614,0,0.5,0.5,0.34375,0.05,3.4007237362861633,2.172362955212593,0.038125,0.9325000411272049
243,780800,-271.57119822502136,-2.7157120260596277,-271.57119822502136,-2.7157120260596277,0.0,271.57119822502136,2.7157120260596277,448.6777136325836,4.486777297556401,1.1770296546816825,0.0653125,0.030000739704921366,nan,nan,nan,nan,nan,nan,nan,nan,nan,nan,7808,-0.0007674211154865773,0.02032998465001583,1.2107880592346192,0.001533270115032792,0.047237185202538966,0.047237185202538966,0.09159418493509293,0.0014813237299691393,0.005890624993480742,0.9503042101860046,1.0,0.006495192307692308,0.00043129807692307695,0,0.5,0.5,0.4375,0.0653125,3.326677041053772,1.7857494893670083,0.0446875,0.9382143259048462
244,784000,-262.3802127838135,-2.6238021901249886,-262.3802127838135,-2.6238021901249886,0.0,262.3802127838135,2.6238021901249886,457.8686990737915,4.578687133491039,1.9622790211439132,0.0865625,0.029221588980018854,nan,nan,nan,nan,nan,nan,nan,nan,nan,nan,7840,-0.000980466627096721,0.027556813322007656,1.190725827217102,0.005081120692193508,0.06301056370139121,0.06301056370139121,0.10559789910912513,0.0015673802132383833,0.008953124843537807,0.9317876696586609,1.0,0.006480769230769231,0.0004301923076923077,0,0.5,0.5,0.40625,0.0865625,3.872097672224045,2.3426643776893616,0.0621875,0.8762500435113907
245,787200,-216.471037119627,-2.164710424244404,-216.471037119627,-2.164710424244404,0.0,216.471037119627,2.164710424244404,503.777874737978,5.037778899371624,1.1909202620387078,0.08125,0.0370848731502418,nan,nan,nan,nan,nan,nan,nan,nan,nan,nan,7872,-0.0010671313602127696,0.022576683014631272,1.1805613398551942,0.0025872918777167797,0.055246437713503835,0.055246437713503835,0.11915134713053703,0.0017653743561837783,0.007056249800007209,0.9459302425384521,1.0,0.006466346153846154,0.00042908653846153845,0,0.5,0.5,0.4375,0.08125,3.7301869893074038,1.6047240883111953,0.055,0.8788839715719223
246,790400,-252.62488627433777,-2.5262487956881525,-252.62488627433777,-2.5262487956881525,0.0,252.62488627433777,2.5262487956881525,467.6240255832672,4.676240527927876,1.1868893748521805,0.05,0.022863525048394222,nan,nan,nan,nan,nan,nan,nan,nan,nan,nan,7904,-0.0012946481615305316,0.022917227633297444,1.176039707660675,0.002576247928664088,0.07571059055626392,0.07571059055626392,0.1061670146882534,0.0027565088938005205,0.020296875084750355,0.9288405776023865,1.0,0.006451923076923077,0.00042798076923076926,0,0.5,0.5,0.4375,0.05,3.6880855071544647,1.68463360786438,0.030625,0.9588393259048462
247,793600,-230.8911041021347,-2.3089106974005698,-230.8911041021347,-2.3089106974005698,0.0,230.8911041021347,2.3089106974005698,489.3578077554703,4.893578626215458,1.1606807786226272,0.070625,0.03268645729565912,nan,nan,nan,nan,nan,nan,nan,nan,nan,nan,7936,-0.0009378055792913287,0.02048878502100706,1.200159239768982,0.0015805618837475776,0.062017055600881575,0.062017055600881575,0.08770786672830581,0.0017001750282376344,0.011375000135740266,0.9393790364265442,1.0,0.0064375000000000005,0.000426875,0,0.5,0.5,0.46875,0.070625,3.885350968837738,1.3527364578843117,0.0425,0.974732187986374
248,796800,-180.05613866448402,-1.800561474263668,-180.05613866448402,-1.800561474263668,0.0,180.05613866448402,1.800561474263668,540.192773193121,5.40192784935236,1.080419215708971,0.0975,0.046865554434313235,nan,nan,nan,nan,nan,nan,nan,nan,nan,nan,7968,-0.0008525093266740669,0.02155324015766382,1.1747573852539062,0.0023785535711795093,0.07088893204927445,0.07088893204927445,0.08494202829897404,0.0018605535908152167,0.009403125004610047,0.949499785900116,1.0,0.006423076923076924,0.0004257692307692308,0,0.5,0.5,0.59375,0.0975,2.990296797156334,1.5684784477949143,0.0678125,0.9087500429153442
249,800000,-315.28187704086304,-3.1528186798095703,-315.28187704086304,-3.1528186798095703,0.0,315.28187704086304,3.1528186798095703,404.96703481674194,4.049670643806458,1.4089631417393684,0.04,0.01660465422111788,nan,nan,nan,nan,nan,nan,nan,nan,nan,nan,8000,-0.0008671509951731604,0.021653361804783344,1.1491161346435548,0.0025952426251024006,0.06308520026504993,0.06308520026504993,0.10842864215373993,0.0014021351300486456,0.009084374795202165,0.9323305487632751,1.0,0.006408653846153845,0.0004246634615384615,0,0.5,0.5,0.3125,0.04,3.9618912708759306,1.9715144610404969,0.0259375,0.9510714739561081
250,803200,-239.66177654266357,-2.396617613732815,-239.66177654266357,-2.396617613732815,0.0,239.66177654266357,2.396617613732815,480.5871353149414,4.805871709883213,1.234014710187912,0.0825,0.03692903167726258,nan,nan,nan,nan,nan,nan,nan,nan,nan,nan,8032,-0.001120628622709763,0.02816359084099531,1.1171171188354492,0.005818061996251345,0.07766974307596683,0.07766974307596683,0.10027701631188393,0.001971269733623296,0.015846875146962702,0.9195061922073364,1.0,0.006394230769230768,0.0004235576923076923,0,0.5,0.5,0.5,0.0825,3.5435475695133207,1.6395799732208252,0.0540625,0.9233482557535172
251,806400,-133.5726801753044,-1.3357266820967197,-133.5726801753044,-1.3357266820967197,0.0,133.5726801753044,1.3357266820967197,586.6762316823006,5.866762641519308,1.474632031917572,0.1603125,0.06478235872335943,nan,nan,nan,nan,nan,nan,nan,nan,nan,nan,8064,-0.0013154526516562237,0.031688316352665426,1.156158196926117,0.007152638584375382,0.10055429674685001,0.10055429674685001,0.12661385908722878,0.0021435130474871797,0.0145000001299195,0.9301682114601135,1.0,0.006379807692307692,0.00042245192307692307,0,0.5,0.5,0.65625,0.1603125,3.977123715877533,1.5683620077371598,0.12,0.9090625417232513
252,809600,-127.45791837573051,-1.2745793433487416,-127.45791837573051,-1.2745793433487416,0.0,127.45791837573051,1.2745793433487416,592.7909934818745,5.9279099802672865,1.116265434920788,0.148125,0.069993582825561,nan,nan,nan,nan,nan,nan,nan,nan,nan,nan,8096,-0.0011936335528502263,0.03105651754885912,1.1368364691734314,0.007098223967477679,0.07856035716831684,0.07856035716831684,0.09461112841963767,0.0020741423388261366,0.012681249994784594,0.912532389163971,1.0,0.006365384615384615,0.0004213461538461538,0,0.5,0.5,0.65625,0.148125,2.6498956948518755,1.5508819645643235,0.1103125,0.9537946861982346
253,812800,-136.36224281787872,-1.363622358441353,-136.36224281787872,-1.363622358441353,0.0,136.36224281787872,1.363622358441353,583.8866690397263,5.838866965174676,1.0488971665501594,0.125625,0.061313472462613476,nan,nan,nan,nan,nan,nan,nan,nan,nan,nan,8128,-0.0011070094446477441,0.024647155217826365,1.1133129477500916,0.004145960276946426,0.0854315135627985,0.0854315135627985,0.11575128436088562,0.0017103622005396155,0.009687500027939677,0.9206550717353821,1.0,0.006350961538461538,0.00042024038461538463,0,0.5,0.5,0.65625,0.125625,3.384025155901909,1.302575453519821,0.09375,0.9226786136627197
254,816000,20.483572602272034,0.20483579263091087,20.483572602272034,0.20483579263091087,0.0,0.0,0.0,740.732484459877,7.407325116246939,0.8909350755810738,0.231875,0.12262451682998483,nan,nan,nan,nan,nan,nan,nan,nan,nan,nan,8160,-0.0011751652501757804,0.040775899589061734,1.1128310680389404,0.012161287665367126,0.08464598767459393,0.08464598767459393,0.13168520703911782,0.002211436705694559,0.01832500000455184,0.8754342198371887,1.0,0.006336538461538461,0.0004191346153846154,0,0.5,0.5,0.75,0.231875,2.4166472750902175,1.1181150108575821,0.1615625,0.908125039935112
255,819200,-129.9973795413971,-1.2999737608432769,-129.9973795413971,-1.2999737608432769,0.0,129.9973795413971,1.2999737608432769,590.2515323162079,5.902515562772751,0.9565136684477329,0.15125,0.07730587444349386,nan,nan,nan,nan,nan,nan,nan,nan,nan,nan,8192,-0.0010219109143829064,0.028117426671087742,1.1016047835350036,0.006072330102324486,0.12649490609765052,0.12649490609765052,0.11201719269156456,0.0011344049591588054,0.0077031250752042976,0.9268341660499573,1.0,0.006322115384615384,0.0004180288461538462,0,0.5,0.5,0.6875,0.15125,3.1485740399360655,1.7206769108772277,0.10625,0.9394643247127533
256,822400,-119.59604573249817,-1.1959605492651462,-119.59604573249817,-1.1959605492651462,0.0,119.59604573249817,1.1959605492651462,600.6528661251068,6.0065287743508815,1.0537236937880516,0.1340625,0.06527776857495589,nan,nan,nan,nan,nan,nan,nan,nan,nan,nan,8224,-0.0009285918593872289,0.027649510093033312,1.105700385570526,0.005921745533123612,0.08098858632147313,0.08098858632147313,0.10501928552985192,0.0015682867713639075,0.009956249850802124,0.9106079339981079,1.0,0.0063076923076923076,0.00041692307692307694,0,0.5,0.5,0.6875,0.1340625,3.294341817498207,1.343982780724764,0.0971875,0.9129464703798295
257,825600,-143.93116262555122,-1.43931152805686,-143.93116262555122,-1.43931152805686,0.0,143.93116262555122,1.43931152805686,576.3177492320538,5.763177795559168,1.0748260182142257,0.131875,0.06355954612209028,nan,nan,nan,nan,nan,nan,nan,nan,nan,nan,8256,-0.0007789565205719607,0.02704325634986162,1.1111525058746339,0.005749889649450779,0.06921973191201687,0.06921973191201687,0.09864406287670135,0.0014982827728107055,0.009365625015925616,0.9245904088020325,1.0,0.006293269230769231,0.0004158173076923077,0,0.5,0.5,0.5,0.131875,3.251808748841286,1.473443098962307,0.0828125,0.9301339721679688
258,828800,-144.5961960554123,-1.4459620288014412,-144.5961960554123,-1.4459620288014412,0.0,144.5961960554123,1.4459620288014412,575.6527158021927,5.756527294814587,1.394152186959982,0.1603125,0.06696002905461064,nan,nan,nan,nan,nan,nan,nan,nan,nan,nan,8288,-0.0008827428819843774,0.03678190559148788,1.0984225869178772,0.010611383570358157,0.07065579481422901,0.07065579481422901,0.1281396545469761,0.0012148002395423077,0.009850000124424696,0.8889012932777405,1.0,0.006278846153846154,0.0004147115384615385,0,0.5,0.5,0.65625,0.1603125,3.758255970478058,1.6531141114234924,0.1125,0.8963393294811248
259,832000,-139.63303664326668,-1.3963304525613784,-139.63303664326668,-1.3963304525613784,0.0,139.63303664326668,1.3963304525613784,580.6158752143383,5.80615887105465,1.201556608825922,0.160625,0.07295974101054817,nan,nan,nan,nan,nan,nan,nan,nan,nan,nan,8320,-0.000961089277779692,0.03709231428802014,1.1204805850982666,0.010565903689712285,0.07514044158160686,0.07514044158160686,0.12771218866109849,0.0023641984662406794,0.017131249693920835,0.8822152018547058,1.0,0.006264423076923076,0.00041360576923076925,0,0.5,0.5,0.6875,0.160625,3.5590747237205504,1.749145604968071,0.1175,0.920580399632454
260,835200,-261.2478024363518,-2.6124777775257826,-261.2478024363518,-2.6124777775257826,0.0,261.2478024363518,2.6124777775257826,459.0011094212532,4.5900115460902455,1.1841987934708595,0.08875,0.04063274838595137,75.38070937991142,0.7538070937991143,75.38070937991142,0.7538070937991143,100.0,0.8435622936207801,0.32,0.1735769933607808,0.0,825.2664632499218,8352,-0.001050996596040199,0.019307916145771743,1.1376837491989136,0.0014924379996955396,0.10056290477514267,0.10056290477514267,0.10153966695070267,0.0013616566084254781,0.009393750037997962,0.9360238909721375,1.0,0.0062499999999999995,0.0004125,0,0.5,0.5,0.46875,0.08875,3.358964654803276,1.7219864466786385,0.058125,0.9205804014205933
261,838400,-184.39264434576035,-1.8439263875037433,-184.39264434576035,-1.8439263875037433,0.0,184.39264434576035,1.8439263875037433,535.8562675118446,5.358562936112285,1.1373682314157485,0.120625,0.0564362276125441,nan,nan,nan,nan,nan,nan,nan,nan,nan,nan,8384,-0.0010102417154004505,0.02450606394559145,1.141261351108551,0.004126367392018437,0.09665468744933606,0.09665468744933606,0.11222036331892013,0.0016922458366041796,0.010928124884958378,0.9139321446418762,1.0,0.006235576923076923,0.00041139423076923075,0,0.5,0.5,0.65625,0.120625,3.982477555274963,1.5708017084002495,0.08875,0.9267411142587662
262,841600,-144.04073810577393,-1.4404073244333266,-144.04073810577393,-1.4404073244333266,0.0,144.04073810577393,1.4404073244333266,576.208173751831,5.762081999182701,1.440179627686739,0.156875,0.06428830001696048,nan,nan,nan,nan,nan,nan,nan,nan,nan,nan,8416,-0.0008920527484384433,0.024190350994467737,1.151033592224121,0.004042365681380033,0.11266449578106404,0.11266449578106404,0.10177019163966179,0.0017673844515246316,0.0129437501571374,0.9431734085083008,1.0,0.006221153846153846,0.00041028846153846156,0,0.5,0.5,0.6875,0.156875,2.696935110986233,1.7902535513043403,0.1134375,0.9679018259048462
263,844800,-182.1817955672741,-1.8218179368972778,-182.1817955672741,-1.8218179368972778,0.0,182.1817955672741,1.8218179368972778,538.0671162903309,5.380671386718751,1.1963499864935876,0.11,0.0500830927112905,nan,nan,nan,nan,nan,nan,nan,nan,nan,nan,8448,-0.0008244670316868042,0.02815317641943693,1.1651692986488342,0.006020229076966643,0.09508063942193985,0.09508063942193985,0.11875787079334259,0.0011459523761020805,0.006365625114995055,0.9043301343917847,1.0,0.006206730769230769,0.0004091826923076923,0,0.5,0.5,0.625,0.11,3.978343768119812,1.5199139560759067,0.0803125,0.9282143300771714
264,848000,-210.8363151550293,-2.1083632147312166,-210.8363151550293,-2.1083632147312166,0.0,210.8363151550293,2.1083632147312166,509.4125967025757,5.0941261088848115,1.3269931769371033,0.1196875,0.05143440091970457,nan,nan,nan,nan,nan,nan,nan,nan,nan,nan,8480,-0.0011596428960096272,0.028196125105023385,1.1668785095214844,0.005712748784571886,0.07226816341280937,0.07226816341280937,0.13114679455757142,0.0016816190782280957,0.011068749881815165,0.8896763324737549,1.0,0.006192307692307692,0.0004080769230769231,0,0.5,0.5,0.5,0.1196875,3.912638591527939,2.113623715639114,0.084375,0.9178571897745132
265,851200,-195.44739273190498,-1.9544739972054959,-195.44739273190498,-1.9544739972054959,0.0,195.44739273190498,1.9544739972054959,524.8015191257,5.248015326410532,1.2051697145402431,0.11625,0.05271703090854258,nan,nan,nan,nan,nan,nan,nan,nan,nan,nan,8512,-0.0009568864711967717,0.021913159266114236,1.1784189343452454,0.002719557052478194,0.05033218637108803,0.05033218637108803,0.08623638227581978,0.0014202386377307186,0.007453125016763806,0.9280188083648682,1.0,0.006177884615384615,0.00040697115384615386,0,0.5,0.5,0.59375,0.11625,3.497000282406807,1.7054683756828308,0.0940625,0.9304911142587662
266,854400,-234.13169991970062,-2.3413170990347862,-234.13169991970062,-2.3413170990347862,0.0,234.13169991970062,2.3413170990347862,486.11721193790436,4.861172224581242,1.0793423675000668,0.1025,0.04929443154819799,nan,nan,nan,nan,nan,nan,nan,nan,nan,nan,8544,-0.0008458106582402092,0.028495442867279053,1.1792721033096314,0.006133512407541275,0.08102129325270653,0.08102129325270653,0.15229410603642463,0.002166598228360895,0.01576249992940575,0.8947684168815613,1.0,0.006163461538461538,0.0004058653846153846,0,0.5,0.5,0.4375,0.1025,3.7480528450012205,1.4736118286848068,0.07625,0.956428616642952
267,857600,-209.1099735200405,-2.0910997266322373,-209.1099735200405,-2.0910997266322373,0.0,209.1099735200405,2.0910997266322373,511.13893833756447,5.111389596983791,1.5184121108055115,0.135,0.05360520600292872,nan,nan,nan,nan,nan,nan,nan,nan,nan,nan,8576,-0.0005022186078975199,0.030072345957159997,1.167719292640686,0.0073536030482500795,0.09029688499867916,0.09029688499867916,0.13403430804610253,0.0007114160463986609,0.004659374919719994,0.8847118020057678,1.0,0.006149038461538461,0.0004047596153846154,0,0.5,0.5,0.5,0.135,3.276285046339035,2.1203934156894686,0.090625,0.9486607593297959
268,860800,-171.99210959672928,-1.7199210824072362,-171.99210959672928,-1.7199210824072362,0.0,171.99210959672928,1.7199210824072362,548.2568022608757,5.482568241208792,1.3699457862973212,0.129375,0.05458985633681043,nan,nan,nan,nan,nan,nan,nan,nan,nan,nan,8608,-0.00111830020162742,0.02334449253976345,1.1664434552192688,0.0033982642460614445,0.056563595309853554,0.056563595309853554,0.12893664762377738,0.0012754166440588316,0.004881249950267374,0.9207700490951538,1.0,0.006134615384615384,0.0004036538461538462,0,0.5,0.5,0.59375,0.129375,3.8146456241607667,1.6393783870339393,0.090625,0.8958482575416565
269,864000,-130.2854705452919,-1.302854585647583,-130.2854705452919,-1.302854585647583,0.0,130.2854705452919,1.302854585647583,589.9634413123131,5.899634737968445,1.2719994407892228,0.1575,0.06932220016096893,nan,nan,nan,nan,nan,nan,nan,nan,nan,nan,8640,-0.0005341943979972896,0.024011563137173654,1.1647868990898131,0.004342867434024811,0.051853759586811064,0.051853759586811064,0.11929273381829261,0.0005674041918625905,0.0020218749647028743,0.9287550449371338,1.0,0.006120192307692307,0.0004025480769230769,0,0.5,0.5,0.6875,0.1575,2.216428689956665,2.1055193063616753,0.108125,0.9335268294811249
270,867200,-169.40174275636673,-1.694017654657364,-169.40174275636673,-1.694017654657364,0.0,169.40174275636673,1.694017654657364,550.8471691012383,5.508471668958665,1.1391639828681945,0.1375,0.06427744721825382,nan,nan,nan,nan,nan,nan,nan,nan,nan,nan,8672,-0.0007741185023624197,0.023717332258820535,1.1318258762359619,0.004173879837617278,0.06624824106693268,0.06624824106693268,0.10361107289791108,0.001046506607964881,0.003728124999179272,0.9267570376396179,1.0,0.006105769230769231,0.0004014423076923077,0,0.5,0.5,0.6875,0.1375,4.418238527774811,1.4282519263029099,0.0984375,0.919910758137703
271,870400,-234.93306362628937,-2.3493304949998857,-234.93306362628937,-2.3493304949998857,0.0,234.93306362628937,2.3493304949998857,485.3158482313156,4.8531588286161425,1.3326751105487347,0.113125,0.048495823309654414,nan,nan,nan,nan,nan,nan,nan,nan,nan,nan,8704,-0.0009332980246574251,0.016829951480031014,1.124651026725769,0.0006310391239821911,0.080344820022583,0.080344820022583,0.08812311291694641,0.0009347315754001211,0.004571875021065352,0.9552769660949707,1.0,0.006091346153846154,0.0004003365384615385,0,0.5,0.5,0.5,0.113125,3.11117871761322,2.021534366309643,0.078125,0.9482589709758759
272,873600,-293.53142589330673,-2.9353140583634376,-293.53142589330673,-2.9353140583634376,0.0,293.53142589330673,2.9353140583634376,426.71748596429825,4.2671752652525905,1.630623184144497,0.09125,0.03468759818965685,nan,nan,nan,nan,nan,nan,nan,nan,nan,nan,8736,-0.0006901084645040356,0.023943153955042363,1.1689712166786195,0.004177720285952091,0.05338758863508701,0.05338758863508701,0.12295587360858917,0.0012477264157512691,0.008868749934481456,0.9214507341384888,1.0,0.006076923076923077,0.00039923076923076924,0,0.5,0.5,0.59375,0.09125,4.366328973770141,2.0828626933693886,0.0640625,0.9415625405311584
273,876800,-136.7412145137787,-1.3674119570851326,-136.7412145137787,-1.3674119570851326,0.0,136.7412145137787,1.3674119570851326,583.5076973438263,5.8350773665308955,1.1389980363845824,0.1590625,0.0743630883686334,nan,nan,nan,nan,nan,nan,nan,nan,nan,nan,8768,-0.0007591480324451894,0.024427924677729605,1.161489450931549,0.004413284221664071,0.06745868697762489,0.06745868697762489,0.10280004069209099,0.001102353130410618,0.004384375037625432,0.9300422668457031,1.0,0.0060625,0.000398125,0,0.5,0.5,0.5625,0.1590625,3.9813369417190554,1.3846937808394433,0.106875,0.9268304020166397
274,880000,-207.3386243879795,-2.073386419862509,-207.3386243879795,-2.073386419862509,0.0,207.3386243879795,2.073386419862509,512.9102874696255,5.12910290375352,1.206187429279089,0.1203125,0.05453412452781233,nan,nan,nan,nan,nan,nan,nan,nan,nan,nan,8800,-0.0009665630144532588,0.021648738719522952,1.1403184890747071,0.002961072465404868,0.061314935237169264,0.061314935237169264,0.10201961621642112,0.0015066343454253255,0.005909374973271042,0.9263921976089478,1.0,0.0060480769230769225,0.0003970192307692308,0,0.5,0.5,0.46875,0.1203125,3.2433826506137846,1.4881921395659448,0.083125,0.9248214691877366
275,883200,-162.3941036760807,-1.623941048681736,-162.3941036760807,-1.623941048681736,0.0,162.3941036760807,1.623941048681736,557.8548081815243,5.578548274934292,1.4023035424947738,0.153125,0.06374090421603461,nan,nan,nan,nan,nan,nan,nan,nan,nan,nan,8832,-0.0009229103237855974,0.021002876944839953,1.1200715065002442,0.0028204045258462427,0.07097395583987236,0.07097395583987236,0.09647119790315628,0.001132893003525004,0.004490624938625842,0.9332183599472046,1.0,0.006033653846153846,0.00039591346153846154,0,0.5,0.5,0.6875,0.153125,3.757995593547821,1.5193533179163934,0.113125,0.9533036154508591
276,886400,-186.05014085769653,-1.8605015092343091,-186.05014085769653,-1.8605015092343091,0.0,186.05014085769653,1.8605015092343091,534.1987709999084,5.341987814381719,1.559618009328842,0.16,0.06250932733589948,nan,nan,nan,nan,nan,nan,nan,nan,nan,nan,8864,-0.0009412164711509741,0.02276345808058977,1.07994647026062,0.0039400654844939705,0.05178229659795761,0.05178229659795761,0.10884277001023293,0.001223549495627463,0.0057812499984720486,0.9302151203155518,1.0,0.006019230769230769,0.00039480769230769235,0,0.5,0.5,0.59375,0.16,3.7097831028699875,1.9008262488245964,0.1078125,0.9526786154508591
277,889600,-60.50031450390816,-0.6050030273199082,-60.50031450390816,-0.6050030273199082,0.0,60.50031450390816,0.6050030273199082,659.7485973536968,6.59748629629612,1.1916885912418365,0.2103125,0.09595911610820335,nan,nan,nan,nan,nan,nan,nan,nan,nan,nan,8896,-0.0011443702399962063,0.020691448450088502,1.080785870552063,0.0027114428579807282,0.10312969461083413,0.10312969461083413,0.10267346277832985,0.00177836892981026,0.010993749974295497,0.9324209690093994,1.0,0.006004807692307692,0.0003937019230769231,0,0.5,0.5,0.75,0.2103125,2.852310020327568,2.0039654305577277,0.14,0.9149554014205933
278,892800,-98.64644196629524,-0.9864643704891205,-98.64644196629524,-0.9864643704891205,0.0,98.64644196629524,0.9864643704891205,621.6024698913097,6.216024953126908,1.044452517926693,0.179375,0.0877374252652767,nan,nan,nan,nan,nan,nan,nan,nan,nan,nan,8928,-0.0006896845093461223,0.020060080476105212,1.074144196510315,0.0029058187268674374,0.09438028633594513,0.09438028633594513,0.15251542255282402,0.0009484276888561107,0.0066749999765306715,0.9280911087989807,1.0,0.005990384615384615,0.00039259615384615385,0,0.5,0.5,0.8125,0.179375,3.6620641601085664,1.5385927580296994,0.123125,0.8914286136627197
279,896000,9.93478637933731,0.09934798985719681,9.93478637933731,0.09934798985719681,0.0,0.0,0.0,730.1836982369423,7.301837313473225,1.0962266059219836,0.2584375,0.12328700497832458,nan,nan,nan,nan,nan,nan,nan,nan,nan,nan,8960,-0.0012067784693906348,0.0228577833622694,1.0854462146759034,0.003735528187826276,0.11519698947668075,0.11519698947668075,0.12411089092493058,0.002093559795322997,0.01660312515377882,0.937545120716095,1.0,0.005975961538461538,0.0003914903846153846,0,0.5,0.5,0.78125,0.2584375,3.453304847478867,1.42401634901762,0.1621875,0.9182143288850785
280,899200,-215.10965180397034,-2.151096366196871,-215.10965180397034,-2.151096366196871,0.0,215.10965180397034,2.151096366196871,505.13926005363464,5.051392957419157,1.3439938327670098,0.1378125,0.05879388335988783,67.36931137740612,0.6736931137740612,67.36931137740612,0.6736931137740612,100.0,0.8738353653717786,0.32,0.17077274018494698,0.0,817.2550652474165,8992,-0.0009356837904721082,0.022505048662424088,1.0900425672531129,0.003818510053679347,0.08236154913902283,0.08236154913902283,0.11226998120546341,0.0017496677523030596,0.00909687498351559,0.948036253452301,1.0,0.005961538461538461,0.00039038461538461536,0,0.5,0.5,0.5625,0.1378125,3.8345420587062837,1.947313117980957,0.0896875,0.9233036148548126
281,902400,-193.27683809399605,-1.9327683492004872,-193.27683809399605,-1.9327683492004872,0.0,193.27683809399605,1.9327683492004872,526.9720737636089,5.269720974415541,1.2682904289662837,0.139375,0.061444953529833764,nan,nan,nan,nan,nan,nan,nan,nan,nan,nan,9024,-0.0008238986499374823,0.01785041792318225,1.0807429432868958,0.0016740073449909687,0.09970205277204514,0.09970205277204514,0.09171331003308296,0.001634349823872902,0.011271875025704503,0.9471166133880615,1.0,0.005947115384615384,0.00038927884615384616,0,0.5,0.5,0.71875,0.139375,3.6001851040124895,1.636128672659397,0.0946875,0.9570536142587662
282,905600,-72.45449358224869,-0.7245448446273803,-72.45449358224869,-0.7245448446273803,0.0,72.45449358224869,0.7245448446273803,647.7944182753563,6.477944478988648,1.2856145782768726,0.2115625,0.0925626315174701,nan,nan,nan,nan,nan,nan,nan,nan,nan,nan,9056,-0.0005862835258447774,0.02513372227549553,1.0718764662742615,0.005621464271098375,0.06229689083993435,0.06229689083993435,0.10457095056772232,0.0016101772918791699,0.011846875282935798,0.9348657727241516,1.0,0.005932692307692307,0.0003881730769230769,0,0.5,0.5,0.75,0.2115625,2.5785440868139267,1.7450716227293015,0.135625,0.9199107569456101
283,908800,-149.40095514059067,-1.4940095143020153,-149.40095514059067,-1.4940095143020153,0.0,149.40095514059067,1.4940095143020153,570.8479567170143,5.708479809314013,1.1858205586671828,0.1715625,0.07848883080531152,nan,nan,nan,nan,nan,nan,nan,nan,nan,nan,9088,-0.000713056792609823,0.024340421706438065,1.0833370089530945,0.005045674135908484,0.07756742127239705,0.07756742127239705,0.10475589036941528,0.001358237018577719,0.008243749849498272,0.9247502684593201,1.0,0.00591826923076923,0.0003870673076923077,0,0.5,0.5,0.71875,0.1715625,3.707223774790764,1.5330053618550301,0.1065625,0.9243303990364075
284,912000,-37.96536684036255,-0.37965361773967743,-37.96536684036255,-0.37965361773967743,0.0,37.96536684036255,0.37965361773967743,682.2835450172424,6.822835705876351,1.190137352347374,0.2265625,0.10344670837980637,nan,nan,nan,nan,nan,nan,nan,nan,nan,nan,9120,-0.0007269843374960949,0.02453769911080599,1.0727747321128844,0.005208368226885795,0.1119780607521534,0.1119780607521534,0.11940257847309113,0.001309227346793707,0.009603125043213367,0.9211594462394714,1.0,0.005903846153846154,0.0003859615384615385,0,0.5,0.5,0.8125,0.2265625,2.897710502445698,1.6133770163357257,0.16875,0.918035758137703
285,915200,-34.656819343566895,-0.34656799912452696,-34.656819343566895,-0.34656799912452696,0.0,34.656819343566895,0.34656799912452696,685.5920925140381,6.855921324491501,0.7920375502109528,0.2259375,0.12607855230120785,nan,nan,nan,nan,nan,nan,nan,nan,nan,nan,9152,-0.001108119066804658,0.018463125731796027,1.1033105850219727,0.0016255808994174003,0.09117773473262787,0.09117773473262787,0.11743429601192475,0.001741928204139196,0.011271874931117054,0.9424371123313904,1.0,0.005889423076923077,0.0003848557692307692,0,0.5,0.5,0.75,0.2259375,3.0926476168632506,1.3012971130013467,0.165625,0.9505803972482681
286,918400,-11.326836705207825,-0.11326829269528389,-11.326836705207825,-0.11326829269528389,0.0,11.326836705207825,0.11326829269528389,708.9220751523972,7.089221030920744,1.0860714538395404,0.240625,0.11534839784951524,nan,nan,nan,nan,nan,nan,nan,nan,nan,nan,9184,-0.0011995852880645863,0.017351676337420942,1.0879174828529359,0.0010847379919141531,0.09134810902178288,0.09134810902178288,0.1046028658747673,0.001986135954941318,0.013925000024028123,0.9440034031867981,1.0,0.005875,0.00038375000000000003,0,0.5,0.5,0.875,0.240625,2.8776274663209915,1.4828708048164845,0.1646875,0.9572768294811249
287,921600,-132.58540098369122,-1.325853903889656,-132.58540098369122,-1.325853903889656,0.0,132.58540098369122,1.325853903889656,587.6635108739138,5.876635419726372,1.1277030895650386,0.1725,0.08107334188026384,nan,nan,nan,nan,nan,nan,nan,nan,nan,nan,9216,-0.0010033651441510249,0.019382052961736916,1.075663983821869,0.00238364995457232,0.07370785064995289,0.07370785064995289,0.10681704953312873,0.00193963821511898,0.013665624643908813,0.9489656686782837,1.0,0.005860576923076923,0.0003826442307692308,0,0.5,0.5,0.6875,0.1725,3.0221870774030686,1.6993581718206405,0.1153125,0.92281254529953
288,924800,-96.50301736593246,-0.9650301732122898,-96.50301736593246,-0.9650301732122898,0.0,96.50301736593246,0.9650301732122898,623.7458944916725,6.237459150403739,1.299569648206234,0.1853125,0.08058573052768893,nan,nan,nan,nan,nan,nan,nan,nan,nan,nan,9248,-0.0009446695036371189,0.022254891507327557,1.0773895978927612,0.0038841905537992717,0.09129667654633522,0.09129667654633522,0.09943090006709099,0.001958463258053595,0.011490624956786632,0.9191296100616455,1.0,0.0058461538461538455,0.00038153846153846153,0,0.5,0.5,0.75,0.1853125,3.114371182322502,1.6298065084218978,0.11875,0.9362500435113907
289,928000,-160.21632114052773,-1.6021629041433334,-160.21632114052773,-1.6021629041433334,0.0,160.21632114052773,1.6021629041433334,560.0325907170773,5.600326419472695,1.348195219039917,0.1621875,0.06906900188064943,nan,nan,nan,nan,nan,nan,nan,nan,nan,nan,9280,-0.0010255961452902084,0.01716111432760954,1.0501765489578248,0.0014306145254522561,0.09230694621801376,0.09230694621801376,0.09131646901369095,0.0013014519900043527,0.00776562491664663,0.9461596012115479,1.0,0.005831730769230769,0.0003804326923076923,0,0.5,0.5,0.71875,0.1621875,3.084407214820385,1.7927536478638648,0.108125,0.9391964691877365
290,931200,0.32557831704616547,0.00325577050447464,0.32557831704616547,0.00325577050447464,0.0,0.0,0.0,720.5744901746511,7.205745094120503,0.9674530688673257,0.2484375,0.12627366005890392,nan,nan,nan,nan,nan,nan,nan,nan,nan,nan,9312,-0.0009486942883462745,0.021872108429670335,1.0576866388320922,0.003834471385926008,0.13272488340735436,0.13272488340735436,0.1281604625284672,0.0013683413752024688,0.010156250093132257,0.9135146141052246,1.0,0.005817307692307692,0.0003793269230769231,0,0.5,0.5,0.78125,0.2484375,3.2229835385084153,1.3396492241322995,0.17625,0.9468304008245468
291,934400,-164.89012384414673,-1.6489011871814727,-164.89012384414673,-1.6489011871814727,0.0,164.89012384414673,1.6489011871814727,555.3587880134583,5.553588136434556,1.2825419768691062,0.1653125,0.07242473596334652,nan,nan,nan,nan,nan,nan,nan,nan,nan,nan,9344,-0.0011783742025494703,0.02377992793917656,1.058070421218872,0.004571728967130184,0.08867156058549881,0.08867156058549881,0.10875997319817543,0.00242936362483489,0.02304999982006848,0.9179198145866394,1.0,0.005802884615384615,0.00037822115384615384,0,0.5,0.5,0.71875,0.1653125,3.763268967866898,1.7406077699363232,0.1103125,0.9167857575416565
292,937600,7.699744135141373,0.07699752673506736,7.699744135141373,0.07699752673506736,0.0,0.0,0.0,727.9486559927464,7.279486850351096,0.9490143620967865,0.254375,0.130514687293704,nan,nan,nan,nan,nan,nan,nan,nan,nan,nan,9376,-0.0010607364232710025,0.01908242218196392,1.0659431219100952,0.0023103035986423493,0.09696871638298035,0.09696871638298035,0.09129455089569091,0.0015060605357594137,0.008368749968940391,0.9277914762496948,1.0,0.005788461538461538,0.0003771153846153846,0,0.5,0.5,0.75,0.254375,2.943628678321838,1.299259492456913,0.16125,0.9042857575416565
293,940800,-131.0806943178177,-1.310806936919689,-131.0806943178177,-1.310806936919689,0.0,131.0806943178177,1.310806936919689,589.1682175397873,5.891682386696339,0.965140488743782,0.17875,0.09096041785504409,nan,nan,nan,nan,nan,nan,nan,nan,nan,nan,9408,-0.0008475987178273136,0.014763343147933483,1.0282369375228881,0.0005969933234155178,0.07078619860112667,0.07078619860112667,0.07725929245352745,0.001557574853361173,0.0109562499968888,0.9523177146911621,1.0,0.0057740384615384615,0.0003760096153846154,0,0.5,0.5,0.78125,0.17875,3.160879928469658,1.546391509026289,0.1303125,0.9061161136627197
294,944000,-32.68940711021423,-0.326894151866436,-32.68940711021423,-0.326894151866436,0.0,32.68940711021423,0.326894151866436,687.5595047473907,6.875595171749592,1.2247144602239133,0.241875,0.10872181770943123,nan,nan,nan,nan,nan,nan,nan,nan,nan,nan,9440,-0.0009818629777058163,0.01825781660154462,1.02856103181839,0.002222929149866104,0.07409300431609153,0.07409300431609153,0.09547451511025429,0.0017778926434422442,0.014249999797903002,0.939884603023529,1.0,0.005759615384615385,0.00037490384615384615,0,0.5,0.5,0.875,0.241875,3.4459437161684034,1.4720401394367217,0.1840625,0.9466964721679687
295,947200,-90.6608048081398,-0.9066081500053406,-90.6608048081398,-0.9066081500053406,0.0,90.6608048081398,0.9066081500053406,629.5881070494652,6.295881173610687,0.8905455793440342,0.1665625,0.08810287454576603,nan,nan,nan,nan,nan,nan,nan,nan,nan,nan,9472,-0.0008969149064505632,0.01526073580607772,1.0330766439437866,0.0007982287090271712,0.08635564781725406,0.08635564781725406,0.0853795126080513,0.0012603957125994808,0.009412500046892092,0.9404276013374329,1.0,0.005745192307692308,0.00037379807692307696,0,0.5,0.5,0.84375,0.1665625,2.751096877455711,1.156696475148201,0.1115625,0.9519196826219559
296,950400,-141.56698858737946,-1.415669990181923,-141.56698858737946,-1.415669990181923,0.0,141.56698858737946,1.415669990181923,578.6819232702255,5.786819333434105,1.3644104263186454,0.1871875,0.07916878470691248,nan,nan,nan,nan,nan,nan,nan,nan,nan,nan,9504,-0.0014497381475987003,0.02214924246072769,1.0337825298309327,0.003700514091178775,0.10675379559397698,0.10675379559397698,0.09724567234516143,0.00232618990849199,0.016506249736994504,0.9325852394104004,1.0,0.00573076923076923,0.0003726923076923077,0,0.5,0.5,0.6875,0.1871875,3.409087275862694,1.7016501435637474,0.135,0.9239732575416565
297,953600,-47.699503779411316,-0.4769951203465462,-47.699503779411316,-0.4769951203465462,0.0,47.699503779411316,0.4769951203465462,672.5494080781937,6.7254942032694816,0.9323285114765167,0.221875,0.11482260841375387,nan,nan,nan,nan,nan,nan,nan,nan,nan,nan,9536,-0.0008455687186913474,0.01563429767265916,1.0251513838768005,0.0011114598717540502,0.10160807631909848,0.10160807631909848,0.08063341081142425,0.0015266282294780181,0.011931250058114528,0.9457590579986572,1.0,0.0057163461538461535,0.00037158653846153846,0,0.5,0.5,0.78125,0.221875,2.998427642583847,1.2715074555575847,0.1503125,0.9122321850061417
298,956800,47.97283551096916,0.47972844138741494,47.97283551096916,0.47972844138741494,0.0,0.0,0.0,768.2217473685741,7.682217765003443,0.7918013444542885,0.28125,0.15696494528842847,nan,nan,nan,nan,nan,nan,nan,nan,nan,nan,9568,-0.000902840107807279,0.016791884787380695,1.0185058474540711,0.0016856600996106863,0.09681001864373684,0.09681001864373684,0.10868029519915581,0.0012292409279345633,0.005515624940744601,0.9331775903701782,1.0,0.005701923076923077,0.0003704807692307692,0,0.5,0.5,0.84375,0.28125,2.607519166767597,1.0658830088376998,0.193125,0.9531696844100952
299,960000,-44.24315702915192,-0.4424314492940903,-44.24315702915192,-0.4424314492940903,0.0,44.24315702915192,0.4424314492940903,676.0057548284531,6.760057874321938,1.0258916473388673,0.235,0.11599830637965601,nan,nan,nan,nan,nan,nan,nan,nan,nan,nan,9600,-0.0005605900618247617,0.01724098138511181,1.0066163897514344,0.002334770001471043,0.06208952739834785,0.06208952739834785,0.10146277844905853,0.001006528166182966,0.004521875001955777,0.9395117163658142,1.0,0.0056875,0.000369375,0,0.5,0.5,0.75,0.235,2.444054678082466,1.3933656099438667,0.1540625,0.9343304002285003
300,963200,-36.50314211845398,-0.3650313340127468,-36.50314211845398,-0.3650313340127468,0.0,36.50314211845398,0.3650313340127468,683.745769739151,6.837457989603282,1.0673323950171472,0.245,0.11851021180266845,77.17534831911325,0.7717534831911326,77.17534831911325,0.7717534831911326,100.0,0.8193624501675367,0.32,0.17588578898642912,0.0,827.0611021891236,9632,-0.0008866651050396968,0.016231472976505755,0.9922705054283142,0.0015998444985598325,0.06623188182711601,0.06623188182711601,0.07379832752048969,0.0014970270647629367,0.00850937506183982,0.9395159482955933,1.0,0.005673076923076923,0.00036826923076923077,0,0.5,0.5,0.90625,0.245,3.352890518307686,1.5585397616028787,0.1746875,0.9031250423192978
301,966400,30.349361181259155,0.3034936152398586,30.349361181259155,0.3034936152398586,0.0,0.0,0.0,750.5982730388641,7.505982938855887,0.9617524722218513,0.2715625,0.1384285244164532,nan,nan,nan,nan,nan,nan,nan,nan,nan,nan,9664,-0.0006331832868891496,0.013245980814099311,1.0171431064605714,0.0002341461833566427,0.07888994663953781,0.07888994663953781,0.07903226166963577,0.0013103649027491277,0.007550000117043964,0.947898268699646,1.0,0.005658653846153845,0.0003671634615384615,0,0.5,0.5,0.90625,0.2715625,2.499751199185848,1.525529209524393,0.1790625,0.9552232575416565
302,969600,-50.609006524086,-0.5060901799798012,-50.609006524086,-0.5060901799798012,0.0,50.609006524086,0.5060901799798012,669.639905333519,6.696399143636227,1.0391020099818706,0.225,0.11034268952635697,nan,nan,nan,nan,nan,nan,nan,nan,nan,nan,9696,-0.0008200036160182389,0.015202553756535054,0.9840792119503021,0.001226903172209859,0.11328134424984455,0.11328134424984455,0.08071646764874459,0.0013576310186201718,0.00955937507096678,0.9470310211181641,1.0,0.005644230769230769,0.00036605769230769233,0,0.5,0.5,0.8125,0.225,2.941257197856903,1.4700935089588165,0.1509375,0.9392411178350448
303,972800,-23.33820089697838,-0.23338211119174956,-23.33820089697838,-0.23338211119174956,0.0,23.33820089697838,0.23338211119174956,696.9107109606266,6.969107212424278,0.9560198909044266,0.25625,0.13100582524317522,nan,nan,nan,nan,nan,nan,nan,nan,nan,nan,9728,-0.0011049693111446323,0.01667165393009782,0.9882148563861847,0.0016673981212079526,0.12338402196764946,0.12338402196764946,0.10078867673873901,0.002055600238966051,0.015884374966844916,0.9411930441856384,1.0,0.005629807692307692,0.0003649519230769231,0,0.5,0.5,0.8125,0.25625,2.695042980313301,1.5563356857001782,0.1865625,0.9607589656114578
304,976000,7.953035205602646,0.07953027181327343,7.953035205602646,0.07953027181327343,0.0,0.0,0.0,728.2019470632076,7.282019595429301,0.955357285887003,0.2428125,0.1241780731084415,nan,nan,nan,nan,nan,nan,nan,nan,nan,nan,9760,-0.0006783296824141693,0.01624821498990059,1.0011005222797393,0.001824213145300746,0.07075650580227374,0.07075650580227374,0.08211630620062352,0.0009509207950052255,0.0038968749868217856,0.9287703633308411,1.0,0.005615384615384615,0.0003638461538461539,0,0.5,0.5,0.8125,0.2428125,3.2041206604242323,1.220564220249653,0.18125,0.9169643259048462
305,979200,-154.572560608387,-1.5457255414128304,-154.572560608387,-1.5457255414128304,0.0,154.572560608387,1.5457255414128304,565.676351249218,5.656763782203198,1.2196790774166584,0.155625,0.07011148664838611,nan,nan,nan,nan,nan,nan,nan,nan,nan,nan,9792,-0.0005740923458739111,0.013804141990840435,1.0049985766410827,0.0006990204099565744,0.06480049751698971,0.06480049751698971,0.06876499056816102,0.0013735886139349916,0.006831249995957478,0.9503508806228638,1.0,0.005600961538461538,0.00036274038461538464,0,0.5,0.5,0.6875,0.155625,3.693273687958717,1.7625351178646087,0.1021875,0.9292857623100281
306,982400,8.453204900026321,0.08453217551112174,8.453204900026321,0.08453217551112174,0.0,0.0,0.0,728.7021167576313,7.28702149912715,0.881662191003561,0.259375,0.1378435519617183,nan,nan,nan,nan,nan,nan,nan,nan,nan,nan,9824,-0.0008268489268491886,0.017603755369782446,1.0014467000961305,0.0023804083466529846,0.08774101287126541,0.08774101287126541,0.09137328900396824,0.0015772170459988123,0.011306250130292027,0.9165199995040894,1.0,0.005586538461538461,0.0003616346153846154,0,0.5,0.5,0.75,0.259375,2.338038610368967,1.266986433416605,0.1828125,0.9462946856021881
307,985600,40.30428862571716,0.403043028563261,40.30428862571716,0.403043028563261,0.0,0.0,0.0,760.5532004833221,7.6055323521792895,0.9733206351846456,0.275,0.1393590048655565,nan,nan,nan,nan,nan,nan,nan,nan,nan,nan,9856,-0.0010388971589622043,0.018845009431242944,1.0185356140136719,0.002708209352567792,0.09271806180477142,0.09271806180477142,0.06889100596308709,0.001701520855569608,0.014331249880342511,0.9221701622009277,1.0,0.0055721153846153846,0.0003605288461538462,0,0.5,0.5,0.78125,0.275,2.237090999484062,1.3268128161132335,0.165,0.92200896859169
308,988800,-70.63815405964851,-0.7063818913698197,-70.63815405964851,-0.7063818913698197,0.0,70.63815405964851,0.7063818913698197,649.6107577979565,6.496107432246209,1.1030037976801395,0.2146875,0.10208612092704043,nan,nan,nan,nan,nan,nan,nan,nan,nan,nan,9888,-0.001011076659650989,0.01415299391373992,1.0187115669250488,0.00040373490191996096,0.1126769982278347,0.1126769982278347,0.07509495615959168,0.0015622886203366317,0.010815625148825347,0.9421995878219604,1.0,0.005557692307692307,0.0003594230769230769,0,0.5,0.5,0.71875,0.2146875,3.3150536823272705,1.9573943674564362,0.1575,0.915178611278534
309,992000,73.77607041597366,0.737760818451643,73.77607041597366,0.737760818451643,0.0,0.0,0.0,794.0249822735786,7.940250142067671,0.8507845629751682,0.29625,0.16006725251899281,nan,nan,nan,nan,nan,nan,nan,nan,nan,nan,9920,-0.0008293961230898094,0.014481047634035349,1.0072759509086608,0.000827525882050395,0.12048151046037674,0.12048151046037674,0.09121662378311157,0.0017475637600021042,0.014771875087171793,0.9349637627601624,1.0,0.00554326923076923,0.0003583173076923077,0,0.5,0.5,0.90625,0.29625,2.7349238657951354,1.1148054023087024,0.218125,0.9585714715719224
310,995200,-45.25140142440796,-0.45251387856900693,-45.25140142440796,-0.45251387856900693,0.0,45.25140142440796,0.45251387856900693,674.997510433197,6.7499754450470215,1.0541917318105698,0.24,0.11683427417384423,nan,nan,nan,nan,nan,nan,nan,nan,nan,nan,9952,-0.001283883095253291,0.013936122599989175,1.0252691388130188,1.5622773207724095e-05,0.16698598340153695,0.16698598340153695,0.09353219270706177,0.0019366626132999187,0.014703124816878698,0.9475978016853333,1.0,0.005528846153846153,0.00035721153846153845,0,0.5,0.5,0.78125,0.24,3.3837351685762407,1.4963028387725352,0.1615625,0.9327678996324539
311,998400,58.60253831744194,0.5860251313447953,58.60253831744194,0.5860251313447953,0.0,0.0,0.0,778.8514501750469,7.788514454960824,0.9084744779020548,0.2921875,0.15310003009377177,nan,nan,nan,nan,nan,nan,nan,nan,nan,nan,9984,-0.0009290731982794398,0.013701100088655948,1.033701527118683,0.00022120957728475333,0.13590823784470557,0.13590823784470557,0.07704033181071282,0.0017554481717546033,0.01570312506519258,0.9447878003120422,1.0,0.0055144230769230765,0.00035610576923076926,0,0.5,0.5,0.78125,0.2921875,3.027749987542629,1.0836134719848634,0.2103125,0.9331250393390655
312,1001600,-39.64956712722778,-0.3964958530664444,-39.64956712722778,-0.3964958530664444,0.0,39.64956712722778,0.3964958530664444,680.5993447303772,6.805993470549584,0.9047066713869572,0.2134375,0.11205793690247352,nan,nan,nan,nan,nan,nan,nan,nan,nan,nan,10016,-0.0013163774106883964,0.01538092950358987,1.0358452796936035,0.0006769383791834116,0.11624997332692147,0.11624997332692147,0.09130594432353974,0.0018894579094214637,0.010731250140815973,0.9319754838943481,1.0,0.0055,0.000355,0,0.5,0.5,0.75,0.2134375,2.567243278026581,1.1307201674580574,0.1396875,0.9608036136627197
313,1004800,-67.76683032512665,-0.6776683607697487,-67.76683032512665,-0.6776683607697487,0.0,67.76683032512665,0.6776683607697487,652.4820815324783,6.524820962846279,1.2262909419834613,0.223125,0.10022274977286304,nan,nan,nan,nan,nan,nan,nan,nan,nan,nan,10048,-0.0007311752304027142,0.015546802431344986,0.9838662385940552,0.0016451519913971424,0.09839057922363281,0.09839057922363281,0.10024216175079345,0.001097819019926034,0.006653124978765845,0.9378803372383118,1.0,0.005485576923076923,0.00035389423076923076,0,0.5,0.5,0.71875,0.223125,3.3982975924015046,1.4990256871283054,0.156875,0.9323214721679688
314,1008000,62.393590211868286,0.6239358948171139,62.393590211868286,0.6239358948171139,0.0,0.0,0.0,782.6425020694733,7.826425218433142,0.8201940871030092,0.285,0.1565767090550224,nan,nan,nan,nan,nan,nan,nan,nan,nan,nan,10080,-0.0010016609643586083,0.012570686917752028,0.9470593154430389,0.00010217544622719288,0.20007046312093735,0.20007046312093735,0.0659003134816885,0.002187678642806063,0.020137500098644522,0.9417761564254761,1.0,0.005471153846153846,0.00035278846153846157,0,0.5,0.5,0.84375,0.285,2.5397545596957207,0.9571534186601639,0.18,0.9290625441074372
315,1011200,-48.15459647774696,-0.481546069085598,-48.15459647774696,-0.481546069085598,0.0,48.15459647774696,0.481546069085598,672.094315379858,6.72094325453043,1.0836959988623858,0.235625,0.1130803150405058,nan,nan,nan,nan,nan,nan,nan,nan,nan,nan,10112,-0.0005677286817237448,0.013366684410721063,0.9586489915847778,0.0008845240343362093,0.08975043743848801,0.08975043743848801,0.11034075915813446,0.0011576680764869194,0.007865624938858673,0.9435829520225525,1.0,0.005456730769230769,0.0003516826923076923,0,0.5,0.5,0.71875,0.235625,3.9462529081106186,1.3211282097548247,0.175625,0.9286161154508591
316,1014400,-15.361994862556458,-0.15362010329961776,-15.361994862556458,-0.15362010329961776,0.0,15.361994862556458,0.15362010329961776,704.8869169950485,7.04886922031641,0.8725643507391214,0.2371875,0.12666453887492812,nan,nan,nan,nan,nan,nan,nan,nan,nan,nan,10144,-0.0005755657947040139,0.015593816339969636,0.9430608928203583,0.002088914671912789,0.080395632609725,0.080395632609725,0.08723309971392154,0.0010399765509668713,0.006053124886238948,0.9203017354011536,1.0,0.0054423076923076925,0.0003505769230769231,0,0.5,0.5,0.84375,0.2371875,3.0909381210803986,1.6246271720528602,0.1790625,0.8722768276929855
317,1017600,4.966464400291443,0.049664800763130186,4.966464400291443,0.049664800763130186,0.0,0.0,0.0,725.2153762578964,7.2521541243791585,0.87296332038939,0.2415625,0.12897342802729264,nan,nan,nan,nan,nan,nan,nan,nan,nan,nan,10176,-0.0008213770341884086,0.01242805840447545,0.9978916466236114,-2.378835342824459e-05,0.11600763499736785,0.11600763499736785,0.06977525018155575,0.0010864987452827032,0.006812499897205271,0.9396253228187561,1.0,0.005427884615384616,0.0003494711538461539,0,0.5,0.5,0.8125,0.2415625,1.9209626412391663,1.2554989896714688,0.15375,0.9537500441074371
318,1020800,85.06982725858688,0.8506981872022152,85.06982725858688,0.8506981872022152,0.0,0.0,0.0,805.3187391161919,8.053187510818244,0.9390877638757229,0.31125,0.16051362181662873,nan,nan,nan,nan,nan,nan,nan,nan,nan,nan,10208,-0.0011128575281240227,0.01590104177594185,0.9760067343711853,0.0015540885273367167,0.1126486249268055,0.1126486249268055,0.10338754504919052,0.001827258558480354,0.012478124731569552,0.905716061592102,1.0,0.005413461538461539,0.00034836538461538463,0,0.5,0.5,0.84375,0.31125,2.133538883626461,1.5705379717051984,0.2165625,0.9393750441074371
319,1024000,25.36059096455574,0.2536057847738266,25.36059096455574,0.2536057847738266,0.0,0.0,0.0,745.6095028221607,7.456095108389855,0.8501669083535671,0.25625,0.13850101785034769,nan,nan,nan,nan,nan,nan,nan,nan,nan,nan,10240,-0.0008288473596389067,0.012276757881045342,0.9495399773120881,0.00018292863387614489,0.10837546363472939,0.10837546363472939,0.09043463431298733,0.0012712376541480148,0.00662187488633208,0.9284199476242065,1.0,0.005399038461538461,0.00034725961538461543,0,0.5,0.5,0.9375,0.25625,2.480389242768288,1.3188081447780133,0.175,0.9232143288850785
320,1027200,68.19690489768982,0.6819689905643463,68.19690489768982,0.6819689905643463,0.0,0.0,0.0,788.4458167552948,7.884458314180375,0.8515647891163826,0.288125,0.15561162196085027,73.04681025445461,0.7304681025445461,73.04681025445461,0.7304681025445461,100.0,0.8320904378499836,0.32,0.17466386668964343,0.0,822.932564124465,10272,-0.000676342402215191,0.010375819075852633,0.9374192655086517,-0.0005360748851671815,0.124811439961195,0.124811439961195,0.07072675563395023,0.0013292464020219397,0.008878125087358057,0.9454972147941589,1.0,0.005384615384615384,0.0003461538461538462,0,0.5,0.5,0.9375,0.288125,3.2549478679895403,0.9605738730728626,0.195625,0.9068750423192978
321,1030400,-83.45244014263153,-0.8345243927836418,-83.45244014263153,-0.8345243927836418,0.0,83.45244014263153,0.8345243927836418,636.7964717149734,6.367964930832386,1.2627927795797587,0.215625,0.09529153616976163,nan,nan,nan,nan,nan,nan,nan,nan,nan,nan,10304,-0.0007527030476951246,0.011079564876854419,0.9596224784851074,-0.0003662776667624712,0.114326374232769,0.114326374232769,0.06567568816244602,0.0013286397268551728,0.009962499886751176,0.9477705955505371,1.0,0.005370192307692308,0.000345048076923077,0,0.5,0.5,0.8125,0.215625,3.0771779125928878,1.8240324687957763,0.1465625,0.9062500429153443
322,1033600,38.42579531669617,0.3842576989531517,38.42579531669617,0.3842576989531517,0.0,0.0,0.0,758.6747071743011,7.58674702256918,1.317775231525302,0.29875,0.12889515598257384,nan,nan,nan,nan,nan,nan,nan,nan,nan,nan,10336,-0.0010086959401494732,0.011217194888740779,0.943755179643631,-0.0004546334967017174,0.10784063711762429,0.10784063711762429,0.05602249167859554,0.0014552109179952846,0.009640625125030056,0.9513286352157593,1.0,0.00535576923076923,0.0003439423076923077,0,0.5,0.5,0.90625,0.29875,3.5354900562763216,1.4123542599380017,0.2121875,0.9278125417232513
323,1036800,22.17080709338188,0.22170804664492608,22.17080709338188,0.22170804664492608,0.0,0.0,0.0,742.4197189509869,7.424197370260954,0.9280280071496964,0.26875,0.13939112865756917,nan,nan,nan,nan,nan,nan,nan,nan,nan,nan,10368,-0.0008060698423476787,0.00995820751413703,0.9114154160022736,-0.0006951515097171068,0.13318294659256935,0.13318294659256935,0.06125623844563961,0.0011672725515404993,0.008000000030733645,0.9499116539955139,1.0,0.005341346153846153,0.00034283653846153844,0,0.5,0.5,0.90625,0.26875,2.2975817826390266,1.5432784770429135,0.1859375,0.9354018265008927
324,1040000,32.89259493350983,0.3289259645342827,32.89259493350983,0.3289259645342827,0.0,0.0,0.0,753.1415067911148,7.531415288150311,0.9689087285101414,0.2790625,0.14173460453454564,nan,nan,nan,nan,nan,nan,nan,nan,nan,nan,10400,-0.0005942302249837717,0.011701874248683453,0.9206586301326751,0.0003524293191730976,0.12970195934176446,0.12970195934176446,0.0648270945996046,0.0013436236033180621,0.006743750022724271,0.9374574422836304,1.0,0.005326923076923076,0.0003417307692307692,0,0.5,0.5,0.75,0.2790625,2.418865836262703,1.4545909339189529,0.184375,0.9375000423192978
325,1043200,91.19101047515869,0.9119101276993752,91.19101047515869,0.9119101276993752,0.0,0.0,0.0,811.4399223327637,8.114399451315403,0.9180149369686842,0.3203125,0.1670020883707173,nan,nan,nan,nan,nan,nan,nan,nan,nan,nan,10432,-0.0007096645691897052,0.011770307458937168,0.9400600135326386,0.000181420287117362,0.11461335606873035,0.11461335606873035,0.07145683839917183,0.0012172020826278537,0.0060906249913387,0.9342072010040283,1.0,0.0053124999999999995,0.000340625,0,0.5,0.5,0.90625,0.3203125,2.8339565777778626,1.3382139377295972,0.2275,0.9289732563495636
326,1046400,-17.58956143260002,-0.1758956640958786,-17.58956143260002,-0.1758956640958786,0.0,17.58956143260002,0.1758956640958786,702.659350425005,7.02659365952015,0.7167039761692285,0.235625,0.1372542985109115,nan,nan,nan,nan,nan,nan,nan,nan,nan,nan,10464,-0.0010862681298283883,0.011531120538711548,0.9378157436847687,-0.0002893280005082488,0.19281147718429564,0.19281147718429564,0.059957905858755114,0.002037020499121862,0.01645312486216426,0.9453662037849426,1.0,0.005298076923076923,0.00033951923076923075,0,0.5,0.5,0.75,0.235625,3.0019863486289977,0.9512255980074406,0.1609375,0.911339328289032
327,1049600,68.8501877784729,0.6885018885135651,68.8501877784729,0.6885018885135651,0.0,0.0,0.0,789.0990996360779,7.8909912121295935,0.813647564202547,0.2728125,0.15042200336202283,nan,nan,nan,nan,nan,nan,nan,nan,nan,nan,10496,-0.0008866783150966561,0.009804949257522821,0.9302236497402191,-0.0008991832146421075,0.1692067176103592,0.1692067176103592,0.06206884309649467,0.0017590558261897503,0.014903125321143306,0.9347163438796997,1.0,0.005283653846153846,0.00033841346153846156,0,0.5,0.5,0.90625,0.2728125,2.4749712377786635,1.016362576931715,0.1884375,0.9263393288850784
328,1052800,-76.83139967918396,-0.7683138883113861,-76.83139967918396,-0.7683138883113861,0.0,76.83139967918396,0.7683138883113861,643.417512178421,6.434175435304642,1.1941955843567849,0.2103125,0.0958494773662813,nan,nan,nan,nan,nan,nan,nan,nan,nan,nan,10528,-0.0008724181226047234,0.011418512370437384,0.937754362821579,-0.00010440608020871878,0.1307801313698292,0.1307801313698292,0.07014885172247887,0.00151342815443294,0.01280312487797346,0.9386866092681885,1.0,0.005269230769230769,0.0003373076923076923,0,0.5,0.5,0.8125,0.2103125,3.8258131271600724,1.441314251124859,0.1475,0.941919686794281
329,1056000,3.2432808876037598,0.032432867288589476,3.2432808876037598,0.032432867288589476,0.0,0.0,0.0,723.4921927452087,7.2349221909046175,1.0646499192714691,0.2603125,0.12608069657245027,nan,nan,nan,nan,nan,nan,nan,nan,nan,nan,10560,-0.0007827712512924245,0.009128835797309876,0.9186531722545623,-0.0010456992778927088,0.09666127040982246,0.09666127040982246,0.05388179533183575,0.0014465930020403257,0.008212499925866723,0.9496148824691772,1.0,0.0052548076923076914,0.00033620192307692306,0,0.5,0.5,0.875,0.2603125,2.745188486278057,1.2108076030015946,0.1875,0.9622321820259094
330,1059200,-12.881230652332306,-0.1288123197853565,-12.881230652332306,-0.1288123197853565,0.0,12.881230652332306,0.1288123197853565,707.3676812052727,7.073677003830672,1.2234978691488505,0.2546875,0.1145436222511397,nan,nan,nan,nan,nan,nan,nan,nan,nan,nan,10592,-0.0012064677912043465,0.011703951470553874,0.9374320864677429,-0.0002669965848326683,0.15953434109687806,0.15953434109687806,0.06508436650037766,0.00192885438591709,0.018134375056251883,0.9379082918167114,1.0,0.005240384615384615,0.00033509615384615387,0,0.5,0.5,0.90625,0.2546875,2.816138354241848,1.551642507314682,0.1796875,0.9299554026126862
331,1062400,-3.6850048303604126,-0.03685011729598045,-3.6850048303604126,-0.03685011729598045,0.0,3.6850048303604126,0.03685011729598045,716.5639070272446,7.165639206320048,0.9083951903134584,0.244375,0.12805261784371866,nan,nan,nan,nan,nan,nan,nan,nan,nan,nan,10624,-0.000917151750740608,0.009868915658444166,0.9706823170185089,-0.0010554423788562417,0.09921537041664123,0.09921537041664123,0.06596740148961544,0.0019096991716674194,0.012271874950965867,0.9350648522377014,1.0,0.005225961538461538,0.0003339903846153846,0,0.5,0.5,0.875,0.244375,2.363807552456856,1.3462270492315291,0.1678125,0.9595089721679687
332,1065600,-106.01093828678131,-1.0601095485687255,-106.01093828678131,-1.0601095485687255,0.0,106.01093828678131,1.0601095485687255,614.2379735708237,6.142379775047303,1.105473416298628,0.204375,0.0970684305096981,nan,nan,nan,nan,nan,nan,nan,nan,nan,nan,10656,-0.0007205408382636947,0.008368466887623072,0.9561781585216522,-0.0015194668900221585,0.10531085729598999,0.10531085729598999,0.04919897280633449,0.0008340053056623542,0.003650000033667311,0.9558879137039185,1.0,0.005211538461538461,0.0003328846153846154,0,0.5,0.5,0.75,0.204375,3.386719878911972,1.5285926270484924,0.1425,0.929732186794281
333,1068800,61.710202783346176,0.6171020895242691,61.710202783346176,0.6171020895242691,0.0,0.0,0.0,781.9591146409512,7.819591413140297,0.9116574162244797,0.2953125,0.15447982336879257,nan,nan,nan,nan,nan,nan,nan,nan,nan,nan,10688,-0.0008448701996356611,0.01392657570540905,0.961760812997818,0.0011200360022485256,0.1813017837703228,0.1813017837703228,0.07024685963988304,0.0014312862847897013,0.010112500074319542,0.8961170315742493,1.0,0.005197115384615384,0.0003317788461538462,0,0.5,0.5,0.84375,0.2953125,3.273524249792099,1.1715738490223884,0.22,0.9015625417232513
334,1072000,-30.82689869403839,-0.30826901376247406,-30.82689869403839,-0.30826901376247406,0.0,30.82689869403839,0.30826901376247406,689.4220131635666,6.894220309853554,0.9675649303197861,0.225625,0.1146722004052641,nan,nan,nan,nan,nan,nan,nan,nan,nan,nan,10720,-0.0011387312575708909,0.010431005153805017,0.9963496625423431,-0.0010870024329051376,0.16888998001813887,0.16888998001813887,0.06835994757711887,0.0020390727702784086,0.01671562483534217,0.927884042263031,1.0,0.005182692307692307,0.00033067307692307693,0,0.5,0.5,0.84375,0.225625,2.974525735974312,1.2802266062796115,0.163125,0.9322321879863739
335,1075200,-0.9614882469177246,-0.009614689946174622,-0.9614882469177246,-0.009614689946174622,0.0,0.9614882469177246,0.009614689946174622,719.2874236106873,7.192874633669853,1.1179654270410537,0.256875,0.12128384945304437,nan,nan,nan,nan,nan,nan,nan,nan,nan,nan,10752,-0.0008498970534303041,0.011193052120506763,0.9757189273834228,-0.00029614917002618313,0.1127863984555006,0.1127863984555006,0.049140187352895735,0.0014976775601121674,0.011750000063329935,0.9325146675109863,1.0,0.005168269230769231,0.00032956730769230773,0,0.5,0.5,0.84375,0.256875,1.920110713839531,1.8400149776041508,0.1678125,0.9070089715719223
336,1078400,13.45872414112091,0.13458737030625342,13.45872414112091,0.13458737030625342,0.0,0.0,0.0,733.7076359987259,7.337076693922281,1.1994528840482235,0.263125,0.11963202390391871,nan,nan,nan,nan,nan,nan,nan,nan,nan,nan,10784,-0.0010273637348785947,0.009537540655583144,0.9705147981643677,-0.0012604772113263608,0.14525094777345657,0.14525094777345657,0.056347380951046945,0.0022278285861853033,0.017181249940767883,0.9341038465499878,1.0,0.005153846153846154,0.0003284615384615385,0,0.5,0.5,0.875,0.263125,2.9958265763521195,1.4863978223502636,0.1790625,0.951294687986374
337,1081600,-0.47712287306785583,-0.004771302938461303,-0.47712287306785583,-0.004771302938461303,0.0,0.47712287306785583,0.004771302938461303,719.7717889845371,7.197718020677566,1.0592614060640335,0.2625,0.12747288869057624,nan,nan,nan,nan,nan,nan,nan,nan,nan,nan,10816,-0.000602752086886893,0.008872990682721137,0.9725898623466491,-0.0011648075189441443,0.09117988236248493,0.09117988236248493,0.050608382746577266,0.001532810956998652,0.009065625065704807,0.9447650909423828,1.0,0.005139423076923077,0.00032735576923076924,0,0.5,0.5,0.78125,0.2625,2.679395806491375,1.51832015812397,0.189375,0.9192411148548126
338,1084800,91.55418944358826,0.9155417892336846,91.55418944358826,0.9155417892336846,0.0,0.0,0.0,811.8031013011932,8.118031112849712,0.7996091873943806,0.3028125,0.1682657001981838,nan,nan,nan,nan,nan,nan,nan,nan,nan,nan,10848,-0.0006572268165764506,0.008986201602965593,0.9847487449645996,-0.0012109634466469289,0.15775805599987508,0.15775805599987508,0.05278971791267395,0.0012854367480054872,0.007962500117719174,0.9371681809425354,1.0,0.005125,0.00032625000000000004,0,0.5,0.5,0.90625,0.3028125,2.345968912243843,1.2003372079133987,0.2228125,0.9379018294811249
339,1088000,-15.302913337945938,-0.15302915543317794,-15.302913337945938,-0.15302915543317794,0.0,15.302913337945938,0.15302915543317794,704.945998519659,7.049460168182851,0.7931221310049296,0.2340625,0.13053349571276723,nan,nan,nan,nan,nan,nan,nan,nan,nan,nan,10880,-0.0009307716855662784,0.009690297488123178,0.97261883020401,-0.0010562661802396179,0.1475576400756836,0.1475576400756836,0.048759399354457854,0.002170746416961771,0.017812499590218068,0.9312043190002441,1.0,0.005110576923076923,0.0003251442307692308,0,0.5,0.5,0.875,0.2340625,3.032103214263916,1.0528381653130054,0.165625,0.9560268306732178
340,1091200,-125.48187997937202,-1.2548187048733235,-125.48187997937202,-1.2548187048733235,0.0,125.48187997937202,1.2548187048733235,594.767031878233,5.947670618742705,1.1821446922421455,0.1878125,0.08606784906046874,70.45248739421368,0.7045248739421368,70.45248739421368,0.7045248739421368,100.0,0.8796074016578496,0.32,0.17024831872749271,0.0,820.338241264224,10912,-0.0006077105935139215,0.009219423960894346,0.9849707007408142,-0.0010175608564168214,0.08886350020766258,0.08886350020766258,0.05152934342622757,0.0015113466186472378,0.010303124878555536,0.9540971517562866,1.0,0.005096153846153847,0.0003240384615384616,0,0.5,0.5,0.8125,0.1878125,3.5293207561969755,1.6969958573579789,0.1359375,0.9233482587337494
341,1094400,-76.17818304896355,-0.7617817836999893,-76.17818304896355,-0.7617817836999893,0.0,76.17818304896355,0.7617817836999893,644.0707288086414,6.440707539916039,1.2140860396623612,0.2190625,0.09894037362405578,nan,nan,nan,nan,nan,nan,nan,nan,nan,nan,10944,-0.001276420259894806,0.012374247703701258,0.9762227475643158,-5.0197727978229524e-05,0.30412270277738573,0.30412270277738573,0.053637510538101195,0.0017489165213215164,0.014418749837204814,0.9345793724060059,1.0,0.005081730769230769,0.00032293269230769235,0,0.5,0.5,0.84375,0.2190625,4.18946582198143,1.6780719438195228,0.17125,0.8821875447034836
342,1097600,37.594675064086914,0.37594702139496805,37.594675064086914,0.37594702139496805,0.0,0.0,0.0,757.8435869216919,7.578436345010996,0.6648584994673729,0.27625,0.16593001752904454,nan,nan,nan,nan,nan,nan,nan,nan,nan,nan,10976,-0.0007441639216122064,0.009330323338508606,0.9901933670043945,-0.0010966164758428932,0.18207937851548195,0.18207937851548195,0.06334073282778263,0.0014294312772131419,0.00775000003632158,0.9337515234947205,1.0,0.005067307692307691,0.00032182692307692305,0,0.5,0.5,0.8125,0.27625,2.3665395522117616,0.8963447079062462,0.184375,0.9604464715719223
343,1100800,-50.24546480178833,-0.5024544101953506,-50.24546480178833,-0.5024544101953506,0.0,50.24546480178833,0.5024544101953506,670.0034470558167,6.700034913420677,0.9840240189433098,0.228125,0.11498096687433211,nan,nan,nan,nan,nan,nan,nan,nan,nan,nan,11008,-0.0007081120680901166,0.008733554091304541,0.9601328372955322,-0.001192775461822748,0.1515482097864151,0.1515482097864151,0.04448792040348053,0.0017583113192836913,0.01076249994657701,0.9478318691253662,1.0,0.0050528846153846145,0.0003207211538461538,0,0.5,0.5,0.875,0.228125,3.45130785882473,1.3184089948236943,0.168125,0.9482143270969391
344,1104000,10.764077842235565,0.10764086782932282,10.764077842235565,0.10764086782932282,0.0,0.0,0.0,731.0129896998405,7.310130191445351,0.9840601314604283,0.2671875,0.1346670374366771,nan,nan,nan,nan,nan,nan,nan,nan,nan,nan,11040,-0.0006374582279299101,0.009020214341580868,0.991692328453064,-0.001123954844661057,0.07645485885441303,0.07645485885441303,0.06658839173614979,0.0010913720616395328,0.006428125035017729,0.9412878155708313,1.0,0.005038461538461538,0.0003196153846153846,0,0.5,0.5,0.875,0.2671875,3.494286692738533,1.1570258070528507,0.2015625,0.905446475148201
345,1107200,54.007271498441696,0.5400729601085186,54.007271498441696,0.5400729601085186,0.0,0.0,0.0,774.2561833560467,7.7425622837245465,0.9607898416370153,0.2990625,0.15252144500622264,nan,nan,nan,nan,nan,nan,nan,nan,nan,nan,11072,-0.000851366076152793,0.00834093289449811,0.9748098254203796,-0.0015783814480528236,0.14155170917510987,0.14155170917510987,0.04856891520321369,0.0016064551862679279,0.011200000112876297,0.955994188785553,1.0,0.005024038461538461,0.00031850961538461536,0,0.5,0.5,0.84375,0.2990625,4.029710516929627,1.1086815783381463,0.1971875,0.9281250393390655
346,1110400,-94.91750910878181,-0.9491750082373619,-94.91750910878181,-0.9491750082373619,0.0,94.91750910878181,0.9491750082373619,625.3314027488232,6.253314315378666,1.3431965225934983,0.2159375,0.09215509579239044,nan,nan,nan,nan,nan,nan,nan,nan,nan,nan,11104,-0.0008301547176000845,0.009797163214534521,0.9638202250003814,-0.0007599417120218277,0.08900639340281487,0.08900639340281487,0.050097184255719185,0.001050028411557528,0.005640624981606379,0.9411868453025818,1.0,0.005009615384615384,0.00031740384615384616,0,0.5,0.5,0.6875,0.2159375,4.0695435905456545,1.6170106144249439,0.1484375,0.8558482545614242
347,1113600,-55.41291490197182,-0.5541292528808117,-55.41291490197182,-0.5541292528808117,0.0,55.41291490197182,0.5541292528808117,664.8359969556332,6.648360070735216,1.0744838904589415,0.2328125,0.11222670904833805,nan,nan,nan,nan,nan,nan,nan,nan,nan,nan,11136,-0.0006684232747415031,0.008819260448217393,0.9624867081642151,-0.001066599297337234,0.1338752344250679,0.1338752344250679,0.03971367217600345,0.0013040970719908856,0.0059187500621192156,0.9518054127693176,1.0,0.004995192307692307,0.0003162980769230769,0,0.5,0.5,0.75,0.2328125,3.534952721595764,1.4133127482235432,0.1575,0.9303571832180023
348,1116800,-72.75899156928062,-0.7275898870825768,-72.75899156928062,-0.7275898870825768,0.0,72.75899156928062,0.7275898870825768,647.4899202883244,6.474899436533452,0.8978875155746937,0.2071875,0.10916742868044113,nan,nan,nan,nan,nan,nan,nan,nan,nan,nan,11168,-0.0009256969911861646,0.007185481768101454,0.9465268790721894,-0.0020473878132179378,0.17779733166098594,0.17779733166098594,0.0388179549947381,0.0018083884060639314,0.012162499775877222,0.9552065134048462,1.0,0.0049807692307692305,0.00031519230769230767,0,0.5,0.5,0.8125,0.2071875,3.1718981975317,1.412477889508009,0.1565625,0.9169196832180023
349,1120000,1.726035237312317,0.017260151505470275,1.726035237312317,0.017260151505470275,0.0,0.0,0.0,721.9749470949173,7.219749475121499,0.8834190715104342,0.254375,0.1350602231058436,nan,nan,nan,nan,nan,nan,nan,nan,nan,nan,11200,-0.0007207023214956365,0.008227416127920151,0.9516805529594421,-0.001333369268104434,0.13903461545705795,0.13903461545705795,0.04733959808945656,0.001550974973363473,0.010143749921917333,0.9466477632522583,1.0,0.004966346153846154,0.0003140865384615385,0,0.5,0.5,0.875,0.254375,2.7111311215162277,1.3542446690797805,0.165,0.9461161172389985
350,1123200,-46.930292427539825,-0.4693029208481312,-46.930292427539825,-0.4693029208481312,0.0,46.930292427539825,0.4693029208481312,673.3186194300652,6.733186402767897,0.9464976292848587,0.228125,0.1171976767748815,nan,nan,nan,nan,nan,nan,nan,nan,nan,nan,11232,-0.0006992770906712575,0.007776747038587928,0.938132131099701,-0.0014564617304131389,0.10035112239420414,0.10035112239420414,0.0413839440792799,0.0013437279572851293,0.005278125049881055,0.9506564140319824,1.0,0.004951923076923077,0.0003129807692307692,0,0.5,0.5,0.8125,0.228125,2.800670176744461,1.5920202614367007,0.164375,0.9275446856021881
351,1126400,5.1822768449783325,0.05182288289070129,5.1822768449783325,0.05182288289070129,0.0,0.0,0.0,725.4311887025833,7.25431220650673,0.8921270110458136,0.25375,0.13410833338283545,nan,nan,nan,nan,nan,nan,nan,nan,nan,nan,11264,-0.0010428345952415929,0.006952666863799095,0.9432692766189575,-0.002223893441259861,0.1596671611070633,0.1596671611070633,0.03821114841848612,0.0012883256029478187,0.00893125005532056,0.9581565260887146,1.0,0.004937499999999999,0.00031187500000000003,0,0.5,0.5,0.84375,0.25375,2.227849124968052,1.5031300500035285,0.1728125,0.9299553996324539
352,1129600,69.01735419034958,0.6901735192537308,69.01735419034958,0.6901735192537308,0.0,0.0,0.0,789.2662660479546,7.892662842869759,0.8365350563079119,0.294375,0.16028825531476562,nan,nan,nan,nan,nan,nan,nan,nan,nan,nan,11296,-0.0011871337772347168,0.00784626454114914,0.9484219431877137,-0.0019331556279212237,0.15708548650145532,0.15708548650145532,0.05183651894330978,0.0024890339693254618,0.020365625276463108,0.9467712640762329,1.0,0.004923076923076922,0.0003107692307692308,0,0.5,0.5,0.875,0.294375,3.1274335271120073,1.0091500267386437,0.2125,0.8925446844100953
353,1132800,85.86919122934341,0.8586918823421001,85.86919122934341,0.8586918823421001,0.0,0.0,0.0,806.1181030869484,8.061181205958128,1.107982418090105,0.3203125,0.15195216869513203,nan,nan,nan,nan,nan,nan,nan,nan,nan,nan,11328,-0.0007701654828095705,0.008537500677630306,0.9453729808330535,-0.0011419238755479455,0.1132877603173256,0.1132877603173256,0.04225207082927227,0.0014434517535872344,0.008353125034773257,0.9469199180603027,1.0,0.004908653846153846,0.00030966346153846154,0,0.5,0.5,0.84375,0.3203125,2.264067533612251,1.5238357503712177,0.22375,0.9447768306732178
354,1136000,-79.42084068059921,-0.7942085161805152,-79.42084068059921,-0.7942085161805152,0.0,79.42084068059921,0.7942085161805152,640.8280711770058,6.408280807435513,1.462057604417205,0.226875,0.09214853445872308,nan,nan,nan,nan,nan,nan,nan,nan,nan,nan,11360,-0.0005789057163754663,0.007798225805163384,0.8928786635398864,-0.001049747271463275,0.11431768015027047,0.11431768015027047,0.04298669584095478,0.0011380147268961495,0.0075187499343883244,0.9557190537452698,1.0,0.004894230769230769,0.00030855769230769234,0,0.5,0.5,0.84375,0.226875,2.985439840555191,1.7877107626199722,0.160625,0.9420982551574707
355,1139200,-58.92165967822075,-0.5892166088521481,-58.92165967822075,-0.5892166088521481,0.0,58.92165967822075,0.5892166088521481,661.3272521793842,6.61327271476388,1.0292513470351696,0.235625,0.11611425087594941,nan,nan,nan,nan,nan,nan,nan,nan,nan,nan,11392,-0.0009559726234292576,0.006848620297387242,0.9152335226535797,-0.001997825992293656,0.1677870884537697,0.1677870884537697,0.04334808327257633,0.001481991938638036,0.010418750066310167,0.961347758769989,1.0,0.004879807692307692,0.0003074519230769231,0,0.5,0.5,0.8125,0.235625,2.1904528144001962,1.7739317080378532,0.16375,0.9307589751482009
356,1142400,7.7821023762226105,0.07782109171152114,7.7821023762226105,0.07782109171152114,0.0,0.0,0.0,728.0310142338276,7.280310415327549,0.8279881037771701,0.2546875,0.13932667257174128,nan,nan,nan,nan,nan,nan,nan,nan,nan,nan,11424,-0.0009039258264587069,0.008120835712179541,0.9359431326389313,-0.0013972313841804861,0.1422404609620571,0.1422404609620571,0.04639905840158463,0.0017131285138046563,0.011724999931175262,0.9375672340393066,1.0,0.004865384615384615,0.0003063461538461539,0,0.5,0.5,0.84375,0.2546875,3.096940370798111,1.2337960484623909,0.178125,0.9382143253087998
357,1145600,60.919891595840454,0.6091989201307296,60.919891595840454,0.6091989201307296,0.0,0.0,0.0,781.1688034534454,7.811688243746758,0.7936973382532596,0.2815625,0.15697324960865,nan,nan,nan,nan,nan,nan,nan,nan,nan,nan,11456,-0.000798259523953293,0.006828347919508815,0.9262312054634094,-0.0018771977629512548,0.1387736313045025,0.1387736313045025,0.04528860822319984,0.001092081185199999,0.005934374989010394,0.9475657343864441,1.0,0.004850961538461538,0.00030524038461538465,0,0.5,0.5,0.90625,0.2815625,1.8635275167226792,1.3099349197745322,0.2071875,0.9525446850061416
358,1148800,61.61289727687836,0.6161290775239467,61.61289727687836,0.6161290775239467,0.0,0.0,0.0,781.8618091344833,7.818618401139975,0.9086229971051216,0.3040625,0.15930987966779334,nan,nan,nan,nan,nan,nan,nan,nan,nan,nan,11488,-0.0010154349752760083,0.0076644840650260445,0.911345613002777,-0.0015909509966149926,0.09657667428255082,0.09657667428255082,0.05014797076582909,0.0021455112430001566,0.021443750284379347,0.9466952085494995,1.0,0.0048365384615384616,0.0003041346153846154,0,0.5,0.5,0.875,0.3040625,2.7071162170171736,1.2235378155112266,0.225,0.9566071808338166
359,1152000,27.595197916030884,0.27595199190080166,27.595197916030884,0.27595199190080166,0.0,0.0,0.0,747.8441097736359,7.47844131551683,1.0688583467155695,0.2878125,0.1391165811119542,nan,nan,nan,nan,nan,nan,nan,nan,nan,nan,11520,-0.0005822877041020524,0.008733735047280788,0.8941600441932678,-0.000527163129299879,0.11210444867610932,0.11210444867610932,0.03695767298340798,0.0013022762475908933,0.009478125139139593,0.9426518678665161,1.0,0.004822115384615385,0.0003030288461538462,0,0.5,0.5,0.78125,0.2878125,2.5580730450153353,1.5964798384904861,0.1878125,0.9286607587337494
360,1155200,19.737149327993393,0.19737160593271255,19.737149327993393,0.19737160593271255,0.0,0.0,0.0,739.9860611855984,7.3998609295487405,1.2843773382902146,0.290625,0.12722285199061018,62.646205082535744,0.6264620508253574,62.646205082535744,0.6264620508253574,100.0,0.9858223413070664,0.32,0.16114231033848492,0.0,812.5319589525461,11552,-0.0009384430109406594,0.008348474651575089,0.8990005254745483,-0.0010863237548619509,0.14545251429080963,0.14545251429080963,0.047596005350351335,0.001958260622634717,0.012568750139325856,0.9468781352043152,1.0,0.004807692307692308,0.00030192307692307696,0,0.5,0.5,0.78125,0.290625,2.5247129040956495,1.936456861793995,0.2075,0.8937500435113906
361,1158400,-30.842807233333588,-0.30842808246612546,-30.842807233333588,-0.30842808246612546,0.0,30.842807233333588,0.30842808246612546,689.4061046242714,6.8940612411499025,1.1574242807924748,0.2559375,0.1186310464189213,nan,nan,nan,nan,nan,nan,nan,nan,nan,nan,11584,-0.0004295357502531516,0.008908949512988328,0.8831823229789734,-0.00020839145872741938,0.1328382559120655,0.1328382559120655,0.06059109158813954,0.0015892253955851264,0.008031250024214388,0.9409264326095581,1.0,0.00479326923076923,0.00030081730769230766,0,0.5,0.5,0.78125,0.2559375,3.4059677958488463,1.53004703566432,0.185,0.9502679014205933
362,1161600,-23.071805477142334,-0.23071811109781265,-23.071805477142334,-0.23071811109781265,0.0,23.071805477142334,0.23071811109781265,697.1771063804626,6.971771212518216,1.2116676951944827,0.24625,0.11134131973580508,nan,nan,nan,nan,nan,nan,nan,nan,nan,nan,11616,-0.00042156872814818057,0.009640200063586235,0.8779937088489532,0.00020273441914469003,0.08916433565318585,0.08916433565318585,0.045823151245713234,0.000686995556682336,0.003390625022802851,0.9351998567581177,1.0,0.004778846153846153,0.00029971153846153846,0,0.5,0.5,0.78125,0.24625,2.8002814096212387,1.5103027676045895,0.1675,0.9591071850061417
363,1164800,26.35357964038849,0.263535678088665,26.35357964038849,0.263535678088665,0.0,0.0,0.0,746.6024914979935,7.466025001704693,0.8333411862701178,0.2678125,0.14607891973716966,nan,nan,nan,nan,nan,nan,nan,nan,nan,nan,11648,-0.0008157483160786683,0.006989987567067146,0.8959354400634766,-0.0015893700765445828,0.09004970118403435,0.09004970118403435,0.040779638290405276,0.0009172170874106389,0.004168750008102506,0.9532524347305298,1.0,0.004764423076923076,0.0002986057692307692,0,0.5,0.5,0.875,0.2678125,2.5534636631608008,1.2045360424369573,0.1890625,0.9416518282890319
364,1168000,87.01300549507141,0.8701301619410515,87.01300549507141,0.8701301619410515,0.0,0.0,0.0,807.2619173526764,8.07261948555708,0.9709610052406787,0.308125,0.15633236739880305,nan,nan,nan,nan,nan,nan,nan,nan,nan,nan,11680,-0.0005725284663610885,0.007828634232282639,0.894094181060791,-0.0009051586035639048,0.13142521679401398,0.13142521679401398,0.04393255077302456,0.000862185008011456,0.005050000036135316,0.9375607371330261,1.0,0.004749999999999999,0.00029749999999999997,0,0.5,0.5,0.96875,0.308125,2.351540205180645,1.3332716631889343,0.2159375,0.9577232563495636
365,1171200,133.02000415325165,1.3302000343799592,133.02000415325165,1.3302000343799592,0.0,0.0,0.0,853.2689160108566,8.532689357995988,0.8648414384573698,0.3475,0.18634292054742102,nan,nan,nan,nan,nan,nan,nan,nan,nan,nan,11712,-0.0011286871247692786,0.007312476122751832,0.87671058177948,-0.0016241794219240546,0.1501804009079933,0.1501804009079933,0.04949402697384357,0.0016835917296729231,0.012893749866634607,0.9463632106781006,1.0,0.004735576923076922,0.0002963942307692308,0,0.5,0.5,0.9375,0.3475,2.162526078373194,1.3648927161097526,0.2365625,0.9627232587337494
366,1174400,86.18588733673096,0.861858791410923,86.18588733673096,0.861858791410923,0.0,0.0,0.0,806.4347991943359,8.06434811502695,0.874919497743249,0.3040625,0.1621736295163528,nan,nan,nan,nan,nan,nan,nan,nan,nan,nan,11744,-0.0010290619356674302,0.0059184377081692215,0.8863666176795959,-0.00225451635196805,0.09401808753609657,0.09401808753609657,0.03998991176486015,0.0021595643847857277,0.016403125337092206,0.9553288221359253,1.0,0.004721153846153845,0.0002952884615384615,0,0.5,0.5,1.0,0.3040625,2.7030866554379465,1.0742575097084046,0.20875,0.9449107599258423
367,1177600,-32.30652678012848,-0.323065278083086,-32.30652678012848,-0.323065278083086,0.0,32.30652678012848,0.323065278083086,687.9423850774765,6.879424045532942,1.159608495682478,0.2503125,0.11590642493786654,nan,nan,nan,nan,nan,nan,nan,nan,nan,nan,11776,-0.0009466372574912452,0.00911277336999774,0.8694201231002807,-0.0004823769209906459,0.1791110120713711,0.1791110120713711,0.04560626521706581,0.001202053537420199,0.006631250050850213,0.9442822933197021,1.0,0.004706730769230769,0.00029418269230769233,0,0.5,0.5,0.78125,0.2503125,3.083254888653755,1.4275356398522854,0.1715625,0.9479018288850785
368,1180800,-14.435644030570984,-0.14435641169548036,-14.435644030570984,-0.14435641169548036,0.0,14.435644030570984,0.14435641169548036,705.813267827034,7.058132911920548,0.9887543116509915,0.2475,0.12444976161712733,nan,nan,nan,nan,nan,nan,nan,nan,nan,nan,11808,-0.00088185480661922,0.007731843926012516,0.8765008926391602,-0.0011287446599453689,0.13686176687479018,0.13686176687479018,0.052014004066586496,0.0015661305871643434,0.012190625129733235,0.9452937841415405,1.0,0.004692307692307692,0.0002930769230769231,0,0.5,0.5,0.90625,0.2475,2.7521795028448106,1.344393407702446,0.173125,0.96272325694561
369,1184000,100.19404447078705,1.001940537840128,100.19404447078705,1.001940537840128,0.0,0.0,0.0,820.442956328392,8.204429861456155,0.8437304418534041,0.325625,0.17661204295822472,nan,nan,nan,nan,nan,nan,nan,nan,nan,nan,11840,-0.0010564335743897147,0.006741585256531834,0.8812958359718323,-0.0018082413356751204,0.15551937967538834,0.15551937967538834,0.044035527668893334,0.001506176724799776,0.010715624957811087,0.9497556686401367,1.0,0.004677884615384615,0.00029197115384615383,0,0.5,0.5,0.90625,0.325625,2.2685713705420496,1.1415429490804672,0.2340625,0.9269643306732178
370,1187200,142.87035596370697,1.4287036192417144,142.87035596370697,1.4287036192417144,0.0,0.0,0.0,863.119267821312,8.631192942857743,0.8764265165477991,0.35875,0.1911878759100138,nan,nan,nan,nan,nan,nan,nan,nan,nan,nan,11872,-0.0006720346781015962,0.00605113310739398,0.8640446305274964,-0.0016759068705141545,0.07198509499430657,0.07198509499430657,0.04690881222486496,0.001229726437307361,0.00651250003138557,0.949681282043457,1.0,0.004663461538461538,0.00029086538461538464,0,0.5,0.5,0.9375,0.35875,2.264611782580614,1.292934248894453,0.2503125,0.9170982563495635
371,1190400,94.894695520401,0.9489470705389976,94.894695520401,0.9489470705389976,0.0,0.0,0.0,815.143607378006,8.151436394155025,1.056822364553809,0.33125,0.16104939624762335,nan,nan,nan,nan,nan,nan,nan,nan,nan,nan,11904,-0.0006489164703409322,0.0054956826381385325,0.8447076082229614,-0.0018281533615663649,0.1292111963033676,0.1292111963033676,0.03364622108638286,0.0020102454211182153,0.014465625042794273,0.9623562693595886,1.0,0.004649038461538461,0.0002897596153846154,0,0.5,0.5,0.90625,0.33125,2.886830905675888,1.2664668883383274,0.2375,0.939017898440361
372,1193600,-7.8451690673828125,-0.07845175266265869,-7.8451690673828125,-0.07845175266265869,0.0,7.8451690673828125,0.07845175266265869,712.4037427902222,7.124037570953369,0.942447756305337,0.265625,0.13674756458070006,nan,nan,nan,nan,nan,nan,nan,nan,nan,nan,11936,-0.0009764956791885382,0.008921255730092526,0.8149519026279449,-0.0002928565256297588,0.12158882319927215,0.12158882319927215,0.04758086688816547,0.0008946983040033253,0.004671875014901161,0.9457437992095947,1.0,0.004634615384615385,0.0002886538461538462,0,0.5,0.5,0.84375,0.265625,2.953275828957558,1.4352738431096077,0.19125,0.9221428990364074
373,1196800,86.40215814113617,0.8640216454863549,86.40215814113617,0.8640216454863549,0.0,0.0,0.0,806.6510699987411,8.066510969102383,0.7817743237316609,0.3221875,0.1808239661492182,nan,nan,nan,nan,nan,nan,nan,nan,nan,nan,11968,-0.0011279491287888965,0.007969378912821411,0.8463123559951782,-0.001053385343402624,0.2097101926803589,0.2097101926803589,0.04994458109140396,0.002437611657663288,0.019646874931640922,0.9391151070594788,1.0,0.004620192307692308,0.00028754807692307695,0,0.5,0.5,0.84375,0.3221875,2.720700882077217,1.1825590480864048,0.2425,0.9767857605218887
374,1200000,120.5760098695755,1.205759984254837,120.5760098695755,1.205759984254837,0.0,0.0,0.0,840.8249217271805,8.408249307870864,0.9677489378303289,0.346875,0.1762801103998917,nan,nan,nan,nan,nan,nan,nan,nan,nan,nan,12000,-0.0006295967129350544,0.007206791313365102,0.803031051158905,-0.0007247766945511103,0.08892135471105575,0.08892135471105575,0.04761594533920288,0.0015604351006941286,0.013396874931640924,0.945158839225769,1.0,0.00460576923076923,0.0002864423076923077,0,0.5,0.5,0.84375,0.346875,2.1859109646081922,1.2861555230617523,0.2396875,0.9505357617139816
375,1203200,131.6652413904667,1.316652401983738,131.6652413904667,1.316652401983738,0.0,0.0,0.0,851.9141532480717,8.519141725599766,0.9153135279566049,0.3534375,0.1845324511319422,nan,nan,nan,nan,nan,nan,nan,nan,nan,nan,12032,-0.0005998405297344966,0.0076824734453111885,0.8378112018108368,-0.0006052851444110274,0.11169133707880974,0.11169133707880974,0.04089631289243698,0.0012936843937523864,0.00774999987334013,0.9457219839096069,1.0,0.004591346153846153,0.0002853365384615385,0,0.5,0.5,0.875,0.3534375,2.7147138348221778,1.2686833907663821,0.26625,0.9332589769363403
376,1206400,118.47293722629547,1.184729372560978,118.47293722629547,1.184729372560978,0.0,0.0,0.0,838.7218490839005,8.387218696177007,0.8364794125407934,0.3434375,0.18700863056496222,nan,nan,nan,nan,nan,nan,nan,nan,nan,nan,12064,-0.00081480903689517,0.0069667055737227205,0.823085731267929,-0.0010986561188474297,0.16397632732987405,0.16397632732987405,0.04769556578248739,0.001559703239038884,0.011656250062515028,0.944791853427887,1.0,0.0045769230769230765,0.00028423076923076926,0,0.5,0.5,0.96875,0.3434375,2.326774492263794,1.2719534265249968,0.2346875,0.9636161106824875
377,1209600,116.64809614419937,1.1664810022711753,116.64809614419937,1.1664810022711753,0.0,0.0,0.0,836.8970080018044,8.368970325887204,0.9436824671179056,0.340625,0.17524724627736088,nan,nan,nan,nan,nan,nan,nan,nan,nan,nan,12096,-0.0008628495720680362,0.0065473475959151985,0.8185036063194275,-0.0013235984137281776,0.23948826491832734,0.23948826491832734,0.046083368733525275,0.001812933583281115,0.01666875000737491,0.9500035643577576,1.0,0.0045625,0.00028312500000000006,0,0.5,0.5,0.96875,0.340625,2.3942988465726374,1.4663799801468849,0.2309375,0.9328571885824204
378,1212800,212.35968181490898,2.123596762120724,212.35968181490898,2.123596762120724,0.0,0.0,0.0,932.608593672514,9.326086085736751,0.7279300505667925,0.4021875,0.23275681782840407,nan,nan,nan,nan,nan,nan,nan,nan,nan,nan,12128,-0.0011757269664435023,0.00629401314072311,0.8145779013633728,-0.001733483443967998,0.1693207748234272,0.1693207748234272,0.03883626945316791,0.0017463399410218392,0.01598750003322493,0.9539539813995361,1.0,0.004548076923076923,0.0002820192307692308,0,0.5,0.5,0.9375,0.4021875,1.4780490116775036,1.1242981531471015,0.2678125,0.9696428978443146
379,1216000,75.92157092690468,0.7592157027125359,75.92157092690468,0.7592157027125359,0.0,0.0,0.0,796.1704827845097,7.9617050263285645,0.8205822804570198,0.3028125,0.16632728070053782,nan,nan,nan,nan,nan,nan,nan,nan,nan,nan,12160,-0.0005055205645752902,0.007208531070500612,0.7983960092067719,-0.0005209063412621618,0.1256347194314003,0.1256347194314003,0.04615821689367294,0.0014412077813204063,0.009262499799660873,0.955087423324585,1.0,0.004533653846153846,0.00028091346153846157,0,0.5,0.5,0.875,0.3028125,3.298258128762245,1.1679009827971458,0.209375,0.9257143247127533
380,1219200,97.89004302024841,0.9789005380868911,97.89004302024841,0.9789005380868911,0.0,0.0,0.0,818.1389548778534,8.18138986170292,0.9882907415926456,0.335625,0.1688007658936038,62.53209291398525,0.6253209291398525,62.53209291398525,0.6253209291398525,100.0,0.9817091939039528,0.32,0.1614767701458771,0.0,812.4178467839956,12192,-0.0008092197317571603,0.0065117062535136935,0.796850574016571,-0.0011545181507244707,0.2565405659377575,0.2565405659377575,0.050782487541437146,0.001332572355752907,0.012756249983794987,0.9534710049629211,1.0,0.004519230769230769,0.0002798076923076924,0,0.5,0.5,0.9375,0.335625,2.8417369212210177,1.4364642193168402,0.238125,0.9211607587337494
381,1222400,227.1638335287571,2.271638389378786,227.1638335287571,2.271638389378786,0.0,0.0,0.0,947.4127453863621,9.474127712994814,0.7616576728224754,0.40875,0.23202578248083405,nan,nan,nan,nan,nan,nan,nan,nan,nan,nan,12224,-0.0008594876319403255,0.004983781324699521,0.8232618570327759,-0.002076233411207795,0.12799581587314607,0.12799581587314607,0.03383900541812181,0.0015671177010547668,0.010221875214483589,0.9578210115432739,1.0,0.004504807692307692,0.00027870192307692307,0,0.5,0.5,1.0,0.40875,2.0445535945892335,1.0439568057656288,0.275625,0.9427232569456101
382,1225600,74.8092029094696,0.7480920101702213,74.8092029094696,0.7480920101702213,0.0,0.0,0.0,795.0581147670746,7.95058133378625,1.208992644995451,0.325625,0.14740882036783357,nan,nan,nan,nan,nan,nan,nan,nan,nan,nan,12256,-0.0008069853589986131,0.009065644862130285,0.7844574332237244,0.0002033213386312127,0.10434840396046638,0.10434840396046638,0.06060904338955879,0.0010983966749364788,0.006762500054537668,0.9343833327293396,1.0,0.004490384615384615,0.0002775961538461538,0,0.5,0.5,0.96875,0.325625,3.092207373678684,1.364073206782341,0.243125,0.915758975148201
383,1228800,85.90180960297585,0.8590180152654647,85.90180960297585,0.8590180152654647,0.0,0.0,0.0,806.1507214605808,8.061507338881492,0.8484187076985836,0.3209375,0.17362813883202396,nan,nan,nan,nan,nan,nan,nan,nan,nan,nan,12288,-0.000509530030470362,0.008427669713273644,0.7950497150421143,0.00014569293707609177,0.14504885897040368,0.14504885897040368,0.05123850032687187,0.0008359885083365461,0.005559374950826168,0.9366039633750916,1.0,0.004475961538461538,0.0002764903846153846,0,0.5,0.5,0.9375,0.3209375,2.873337872326374,1.1319076627492906,0.230625,0.9394643300771713
384,1232000,112.20913577079773,1.1220913761854172,112.20913577079773,1.1220913761854172,0.0,0.0,0.0,832.4580476284027,8.324580699801444,0.7883821067214012,0.339375,0.1897664927000238,nan,nan,nan,nan,nan,nan,nan,nan,nan,nan,12320,-0.000558498519309758,0.008161046076565981,0.797518914937973,-3.613675944507122e-05,0.13785212859511375,0.13785212859511375,0.04337725713849068,0.0011679630784812414,0.009071875200606882,0.9350427985191345,1.0,0.00446153846153846,0.0002753846153846154,0,0.5,0.5,0.875,0.339375,3.5490593349933626,0.9839359743148088,0.234375,0.8854018288850785
385,1235200,178.06490939855576,1.7806490790843963,178.06490939855576,1.7806490790843963,0.0,0.0,0.0,898.3138212561607,8.983138402700424,0.7753057190030813,0.37625,0.2119353280804403,nan,nan,nan,nan,nan,nan,nan,nan,nan,nan,12352,-0.0005102808950294246,0.006747468188405037,0.8175513684749603,-0.0007722922251559794,0.12772030532360076,0.12772030532360076,0.050059334561228755,0.0007538173962559292,0.0030218750209314747,0.9417179822921753,1.0,0.0044471153846153836,0.00027427884615384613,0,0.5,0.5,1.0,0.37625,1.8141958850622177,1.3130448888242245,0.2584375,0.9515625405311584
386,1238400,35.57483759522438,0.35574818909168243,35.57483759522438,0.35574818909168243,0.0,0.0,0.0,755.8237494528294,7.55823751270771,1.1618630751222372,0.31,0.14339483548580975,nan,nan,nan,nan,nan,nan,nan,nan,nan,nan,12384,-0.0007758156607916789,0.008619611896574498,0.7999269843101502,-1.1839740909636021e-05,0.11136233285069466,0.11136233285069466,0.04129842482507229,0.0008748625921754597,0.005556249967776239,0.943327784538269,1.0,0.004432692307692307,0.00027317307692307694,0,0.5,0.5,0.9375,0.31,2.4685813745856287,1.542923354357481,0.22125,0.9720089703798294
387,1241600,33.44998514652252,0.3344999769330025,33.44998514652252,0.3344999769330025,0.0,0.0,0.0,753.6988970041275,7.53698930054903,1.0809902031719685,0.3059375,0.14701534852671191,nan,nan,nan,nan,nan,nan,nan,nan,nan,nan,12416,-0.0006987965071690638,0.0072853175923228266,0.7893304467201233,-0.0005436121951788664,0.07237171865999699,0.07237171865999699,0.04345013163983822,0.001112623372321828,0.006359375000465661,0.948906421661377,1.0,0.00441826923076923,0.0002720673076923077,0,0.5,0.5,0.90625,0.3059375,2.6124622067809105,1.579445299357176,0.2140625,0.9184821879863739
388,1244800,103.94335055351257,1.0394333335757255,103.94335055351257,1.0394333335757255,0.0,0.0,0.0,824.1922624111176,8.241922657191754,1.1326461744308471,0.34625,0.16235698361562767,nan,nan,nan,nan,nan,nan,nan,nan,nan,nan,12448,-0.0006353347452357383,0.00574577827937901,0.7930046141147613,-0.0012547161430120468,0.11958631128072739,0.11958631128072739,0.03578281458467245,0.0009228004855714936,0.0038312500226311387,0.9582343697547913,1.0,0.004403846153846153,0.00027096153846153844,0,0.5,0.5,0.9375,0.34625,2.8571083930134775,1.369686371535063,0.2340625,0.924776828289032
389,1248000,47.58679413795471,0.47586778819561004,47.58679413795471,0.47586778819561004,0.0,0.0,0.0,767.8357059955597,7.678357111811638,1.245173543393612,0.3221875,0.1435022699906792,nan,nan,nan,nan,nan,nan,nan,nan,nan,nan,12480,-0.0005229161691124417,0.006097468500956893,0.8305920541286469,-0.0011200016946531833,0.08111676909029483,0.08111676909029483,0.028956537880003453,0.0007735355491632764,0.003790625010151416,0.9600175619125366,1.0,0.004389423076923076,0.00026985576923076925,0,0.5,0.5,0.875,0.3221875,2.472670148909092,1.7082946553826333,0.2125,0.9601786106824874
390,1251200,184.8331788778305,1.8483318388462067,184.8331788778305,1.8483318388462067,0.0,0.0,0.0,905.0820907354355,9.050821162462235,0.8613979194313288,0.3890625,0.2090162968049634,nan,nan,nan,nan,nan,nan,nan,nan,nan,nan,12512,-0.000963490176887749,0.006474271696060896,0.8278572201728821,-0.0013482297188602387,0.16234415471553804,0.16234415471553804,0.037944475188851357,0.0017995905240269696,0.01762500002514571,0.9445487260818481,1.0,0.0043749999999999995,0.00026875,0,0.5,0.5,0.96875,0.3890625,2.9617041903734207,0.985665329694748,0.256875,0.9107589721679688
391,1254400,-33.99713850021362,-0.3399711737036705,-33.99713850021362,-0.3399711737036705,0.0,33.99713850021362,0.3399711737036705,686.2517733573914,6.862518149912358,1.3549063010513782,0.25875,0.10987698316679426,nan,nan,nan,nan,nan,nan,nan,nan,nan,nan,12544,-0.0007518192152492275,0.006463813222944736,0.8045305371284485,-0.0010281299939379096,0.16187114492058755,0.16187114492058755,0.037957430072128776,0.001228387487574913,0.009406249970197678,0.9567299485206604,1.0,0.004360576923076923,0.0002676442307692308,0,0.5,0.5,0.875,0.25875,2.5808339504897595,1.6512028878927232,0.17625,0.9401339691877365
392,1257600,179.55251678824425,1.795525337457657,179.55251678824425,1.795525337457657,0.0,0.0,0.0,899.8014286458492,8.998014661073686,0.8219635020941496,0.38125,0.20925227072978927,nan,nan,nan,nan,nan,nan,nan,nan,nan,nan,12576,-0.0006201588022726412,0.006646498013287783,0.8116796553134918,-0.0008245943812653422,0.0880969636142254,0.0880969636142254,0.04114641286432743,0.001409495207920574,0.011384375183843077,0.948656439781189,1.0,0.004346153846153846,0.00026653846153846156,0,0.5,0.5,0.9375,0.38125,2.9834605723619463,0.9134183683991433,0.27,0.9650446861982346
393,1260800,148.80900612473488,1.48808997631073,148.80900612473488,1.48808997631073,0.0,0.0,0.0,869.0579179823399,8.690579299926759,0.6619592604041099,0.3515625,0.21153496862162355,nan,nan,nan,nan,nan,nan,nan,nan,nan,nan,12608,-0.0007237795023684157,0.007921493100002407,0.826668119430542,-0.00034393664682283995,0.10865452066063881,0.10865452066063881,0.04741260036826134,0.0011241389147500142,0.006596875009927316,0.9226571321487427,1.0,0.004331730769230769,0.0002654326923076923,0,0.5,0.5,0.9375,0.3515625,2.012850919961929,1.053845847249031,0.2459375,0.93709825694561
394,1264000,88.32296973466873,0.8832296647131443,88.32296973466873,0.8832296647131443,0.0,0.0,0.0,808.5718815922737,8.085718988329173,0.769586263820529,0.3303125,0.18666086347599511,nan,nan,nan,nan,nan,nan,nan,nan,nan,nan,12640,-0.0008695513386104637,0.0057294096797704695,0.8083780646324158,-0.0014948634547181428,0.16178654804825782,0.16178654804825782,0.028785884194076062,0.0013224315844156775,0.008078125142492353,0.960892379283905,1.0,0.004317307692307692,0.0002643269230769231,0,0.5,0.5,0.84375,0.3303125,2.940922072827816,0.9145123273134231,0.2375,0.9206696850061417
395,1267200,72.95757102966309,0.7295755267143249,72.95757102966309,0.7295755267143249,0.0,0.0,0.0,793.2064828872681,7.932064850330353,0.9931225647032261,0.3253125,0.1632175089284781,nan,nan,nan,nan,nan,nan,nan,nan,nan,nan,12672,-0.0006061547723249739,0.007111365208402276,0.7863765120506286,-0.0004341594176366925,0.1641439139842987,0.1641439139842987,0.04434342458844185,0.0014258256167552696,0.008796875033294783,0.9447992444038391,1.0,0.0043028846153846155,0.00026322115384615387,0,0.5,0.5,0.875,0.3253125,3.0187746769189836,1.2396387849003077,0.2109375,0.9252232617139816
396,1270400,220.7291813492775,2.207291854918003,220.7291813492775,2.207291854918003,0.0,0.0,0.0,940.9780932068825,9.40978117853403,0.7158506966382265,0.4053125,0.2362166479834795,nan,nan,nan,nan,nan,nan,nan,nan,nan,nan,12704,-0.0006714937683428346,0.0061258809641003605,0.8186867296695709,-0.0011194598162546753,0.23745114952325821,0.23745114952325821,0.03692652229219675,0.0013298700330808687,0.013565624970942736,0.9411507844924927,1.0,0.004288461538461539,0.0002621153846153847,0,0.5,0.5,0.96875,0.4053125,2.007757861465216,0.8415866540372372,0.295625,0.944419686794281
397,1273600,8.066270232200623,0.08066278100013732,8.066270232200623,0.08066278100013732,0.0,0.0,0.0,728.3151820898056,7.283152104616166,1.0881186440587043,0.2915625,0.13962927864735025,nan,nan,nan,nan,nan,nan,nan,nan,nan,nan,12736,-0.0007826583895482964,0.006402831338346004,0.7909713506698608,-0.0009618847630918026,0.18816633224487306,0.18816633224487306,0.02755186129361391,0.0011714151143708245,0.008321875001638546,0.9579434990882874,1.0,0.004274038461538461,0.0002610096153846154,0,0.5,0.5,0.8125,0.2915625,3.0734201151132585,1.4696729537844657,0.195,0.9439732581377029
398,1276800,94.9669768512249,0.949669554978609,94.9669768512249,0.949669554978609,0.0,0.0,0.0,815.2158887088299,8.152158878594637,0.9128755111247301,0.3234375,0.1690844480568553,nan,nan,nan,nan,nan,nan,nan,nan,nan,nan,12768,-0.0006176195500302128,0.005421057948842645,0.812587684392929,-0.001368401455692947,0.1505023092031479,0.1505023092031479,0.03844716921448708,0.0013886793676676581,0.010456250072456897,0.9491189122200012,1.0,0.004259615384615384,0.0002599038461538462,0,0.5,0.5,1.0,0.3234375,2.208275825381279,1.3265659580379725,0.2246875,0.9451339733600617
399,1280000,178.0819757580757,1.7808196555078029,178.0819757580757,1.7808196555078029,0.0,0.0,0.0,898.3308876156807,8.98330897912383,0.7727907443791628,0.37625,0.21223599073547958,nan,nan,nan,nan,nan,nan,nan,nan,nan,nan,12800,-0.0007893884217482939,0.006004616012796759,0.8233422577381134,-0.0012823265977203846,0.19155273362994193,0.19155273362994193,0.04440843071788549,0.0012563698124754624,0.01067500007338822,0.9462243318557739,1.0,0.0042451923076923075,0.000258798076923077,0,0.5,0.5,0.96875,0.37625,2.470757301747799,1.0690891310572623,0.256875,0.916071469783783
400,1283200,37.54149556159973,0.37541482150554656,37.54149556159973,0.37541482150554656,0.0,0.0,0.0,757.7904074192047,7.5779041451215745,1.0296949300915004,0.291875,0.14380239890870794,63.78743988275528,0.6378743988275528,63.78743988275528,0.6378743988275528,100.0,0.9674166390439496,0.32,0.162649839210215,0.0,813.6731937527657,12832,-0.0008286722047545436,0.0055654382333159445,0.8139770209789277,-0.0014897021232172848,0.15062623769044875,0.15062623769044875,0.038407963886857036,0.0013939793199854412,0.0074218749810825106,0.9586736559867859,1.0,0.00423076923076923,0.0002576923076923077,0,0.5,0.5,0.9375,0.291875,2.110542905628681,1.2922260449826717,0.2125,0.9694643270969391
401,1286400,32.77519968152046,0.32775188133120536,32.77519968152046,0.32775188133120536,0.0,0.0,0.0,753.0241115391254,7.530241204947234,1.009411701709032,0.3009375,0.1497639830324709,nan,nan,nan,nan,nan,nan,nan,nan,nan,nan,12864,-0.0008621890743379268,0.0075276416260749105,0.8084677159786224,-0.000507147831376642,0.16379696875810623,0.16379696875810623,0.04161472022533417,0.001644900179238288,0.014037500129416004,0.9427580237388611,1.0,0.004216346153846153,0.00025658653846153843,0,0.5,0.5,0.84375,0.3009375,3.312707493305206,1.2374331300705672,0.1940625,0.9471875405311585
402,1289600,147.80483797192574,1.4780481956899165,147.80483797192574,1.4780481956899165,0.0,0.0,0.0,868.0537498295307,8.680537519305945,0.8163139774650335,0.364375,0.2006123415449049,nan,nan,nan,nan,nan,nan,nan,nan,nan,nan,12896,-0.0007672938865493251,0.005926966946572065,0.7911552786827087,-0.0011281839571893216,0.1384706348180771,0.1384706348180771,0.034906592965126035,0.0017237112821051552,0.013815624837297947,0.9395461678504944,1.0,0.004201923076923076,0.00025548076923076924,0,0.5,0.5,0.9375,0.364375,3.1424428671598434,0.9076346957683563,0.2603125,0.9441071861982345
403,1292800,123.78654384613037,1.2378654442727566,123.78654384613037,1.2378654442727566,0.0,0.0,0.0,844.0354557037354,8.440354767888785,0.7206834152340889,0.3484375,0.2024994818425661,nan,nan,nan,nan,nan,nan,nan,nan,nan,nan,12928,-0.0008827314923400831,0.007066786615177989,0.7902944386005402,-0.0006586962030269205,0.10382065139710903,0.10382065139710903,0.03889009393751621,0.0017592435524450612,0.011981249976088293,0.9327670335769653,1.0,0.004187499999999999,0.000254375,0,0.5,0.5,0.96875,0.3484375,2.7069099679589272,0.9031378452479839,0.248125,0.91803575694561
404,1296000,78.41942355036736,0.7841943496465683,78.41942355036736,0.7841943496465683,0.0,0.0,0.0,798.6683354079723,7.986683673262596,0.7776373245567083,0.311875,0.1754435484064629,nan,nan,nan,nan,nan,nan,nan,nan,nan,nan,12960,-0.0006505618734579776,0.005568129243329167,0.7884618639945984,-0.0011568090762011708,0.14820079356431962,0.14820079356431962,0.04073989950120449,0.0009154894996786197,0.005553124999278225,0.9500315189361572,1.0,0.004173076923076923,0.00025326923076923074,0,0.5,0.5,0.96875,0.311875,2.5712541371583937,1.3105901636183261,0.21875,0.9539286124706269
405,1299200,70.07021516561508,0.7007022124528884,70.07021516561508,0.7007022124528884,0.0,0.0,0.0,790.3191270232201,7.903191536068917,0.9906493247300386,0.3075,0.1544722097357361,nan,nan,nan,nan,nan,nan,nan,nan,nan,nan,12992,-0.000678835181705656,0.0055513272527605295,0.7872953414916992,-0.001177260302938521,0.20854615792632103,0.20854615792632103,0.031060125306248666,0.0009048640364231351,0.0067781250923872,0.9482331275939941,1.0,0.004158653846153846,0.00025216346153846155,0,0.5,0.5,0.9375,0.3075,1.5245438976585866,1.3708878798782826,0.195625,0.9407143342494965
406,1302400,-8.06925094127655,-0.0806924518942833,-8.06925094127655,-0.0806924518942833,0.0,8.06925094127655,0.0806924518942833,712.1796609163284,7.121796871721745,1.1850067576766015,0.2671875,0.12228223050628474,nan,nan,nan,nan,nan,nan,nan,nan,nan,nan,13024,-0.0008895512835704888,0.006399090122431517,0.7564405679702759,-0.000824870530050248,0.18533766344189645,0.18533766344189645,0.030591911636292934,0.0022744421847196035,0.021096874633803962,0.9458830952644348,1.0,0.004144230769230769,0.0002510576923076923,0,0.5,0.5,0.875,0.2671875,3.42752966940403,1.4402097848057747,0.19375,0.9531696873903275
407,1305600,127.57397697865963,1.2757398808002471,127.57397697865963,1.2757398808002471,0.0,0.0,0.0,847.8228888362646,8.478229204416275,0.8076773104816675,0.345625,0.191198394755481,nan,nan,nan,nan,nan,nan,nan,nan,nan,nan,13056,-0.0009242133896506744,0.004613529797643423,0.7929021954536438,-0.0018919819151051343,0.1273374032229185,0.1273374032229185,0.028085057251155378,0.0016925670672240476,0.013224999862723052,0.9561988711357117,1.0,0.004129807692307691,0.0002499519230769231,0,0.5,0.5,0.90625,0.345625,2.490272950530052,1.0217753756046295,0.2371875,0.9562946891784668
408,1308800,113.93702471256256,1.1393703320622444,113.93702471256256,1.1393703320622444,0.0,0.0,0.0,834.1859365701675,8.341859655678272,0.979359059035778,0.3434375,0.17350944914830238,nan,nan,nan,nan,nan,nan,nan,nan,nan,nan,13088,-0.0007698098449851365,0.0069894916377961636,0.7938144505023956,-0.0005419157445430755,0.1858000248670578,0.1858000248670578,0.02869485169649124,0.001516302350504328,0.01297812508419156,0.9396246671676636,1.0,0.0041153846153846145,0.00024884615384615386,0,0.5,0.5,0.84375,0.3434375,2.445204004943371,1.4015469077229499,0.2309375,0.9244196873903274
409,1312000,103.35160312056541,1.033516033887863,103.35160312056541,1.033516033887863,0.0,0.0,0.0,823.6005149781704,8.236005357503892,0.7479707004129886,0.3328125,0.19039935847973155,nan,nan,nan,nan,nan,nan,nan,nan,nan,nan,13120,-0.0005923015301930512,0.005282905837520957,0.7933165848255157,-0.0012042094953358174,0.18609487414360046,0.18609487414360046,0.029913171753287317,0.0012038278262512477,0.009003125061281026,0.9467583894729614,1.0,0.004100961538461538,0.0002477403846153846,0,0.5,0.5,0.875,0.3328125,2.57497506916523,1.1886207374930382,0.233125,0.9252678978443146
410,1315200,15.4421167075634,0.15442111521959304,15.4421167075634,0.15442111521959304,0.0,0.0,0.0,735.6910285651684,7.356910438835621,1.0142049910873174,0.288125,0.143046512780441,nan,nan,nan,nan,nan,nan,nan,nan,nan,nan,13152,-0.0008660067080286993,0.005931366141885519,0.7546187698841095,-0.0009841024642810226,0.18614220768213272,0.18614220768213272,0.03488040827214718,0.0014530805317949018,0.009087500057648867,0.9447251558303833,1.0,0.004086538461538461,0.0002466346153846154,0,0.5,0.5,0.9375,0.288125,2.943878752589226,1.4136979958415032,0.191875,0.9156696850061417
411,1318400,137.661428719759,1.3766143453121185,137.661428719759,1.3766143453121185,0.0,0.0,0.0,857.910340577364,8.579103668928147,0.944392132461071,0.3559375,0.18305849630726495,nan,nan,nan,nan,nan,nan,nan,nan,nan,nan,13184,-0.0006272024143632038,0.004980233311653137,0.7755834400653839,-0.0012953509227372705,0.15537337139248847,0.15537337139248847,0.030443735234439374,0.0012712020969080605,0.009165625085006467,0.9539852142333984,1.0,0.004072115384615384,0.00024552884615384617,0,0.5,0.5,0.96875,0.3559375,2.3467157995700836,1.2315170960873365,0.2496875,0.9335714727640152
412,1321600,120.77324485778809,1.20773238748312,120.77324485778809,1.20773238748312,0.0,0.0,0.0,841.0221567153931,8.410221711099148,0.8304154628515243,0.3440625,0.18796962054942437,nan,nan,nan,nan,nan,nan,nan,nan,nan,nan,13216,-0.0009313703535356766,0.00505134672857821,0.7739653408527374,-0.0015462102252058684,0.2167937085032463,0.2167937085032463,0.040517314709722994,0.0017431196552967344,0.01526874994742684,0.9472717046737671,1.0,0.004057692307692307,0.00024442307692307697,0,0.5,0.5,0.9375,0.3440625,2.8280132946372034,1.1368925353139638,0.2378125,0.9546428990364074
413,1324800,6.098412275314331,0.060984146296977994,6.098412275314331,0.060984146296977994,0.0,0.0,0.0,726.3473241329193,7.263473469913006,0.9320346972346306,0.2784375,0.14411620060371302,nan,nan,nan,nan,nan,nan,nan,nan,nan,nan,13248,-0.0007804584210272969,0.0055700442753732204,0.7811859846115112,-0.0011539816856384276,0.13857232853770257,0.13857232853770257,0.03076289165765047,0.0012240239422714825,0.008793749980031861,0.95651775598526,1.0,0.0040432692307692305,0.00024331730769230772,0,0.5,0.5,0.875,0.2784375,2.9136581760644913,1.6901456326246262,0.2009375,0.9394643276929855
414,1328000,155.7345432639122,1.5573455467820168,155.7345432639122,1.5573455467820168,0.0,0.0,0.0,875.9834551215172,8.759834870398045,0.7959883730113506,0.375625,0.20914667691872973,nan,nan,nan,nan,nan,nan,nan,nan,nan,nan,13280,-0.0008763423310476304,0.005863508256152272,0.7722297549247742,-0.0010557829751633107,0.15293522626161576,0.15293522626161576,0.03611734136939049,0.001790577501745687,0.013856249762466178,0.9403297901153564,1.0,0.004028846153846154,0.00024221153846153848,0,0.5,0.5,0.96875,0.375625,2.507563520073891,1.0293896555900575,0.264375,0.9368750411272049
415,1331200,180.66437113285065,1.8066437463462353,180.66437113285065,1.8066437463462353,0.0,0.0,0.0,900.9132829904556,9.009133069962264,0.6257346523553133,0.3765625,0.23162605253843122,nan,nan,nan,nan,nan,nan,nan,nan,nan,nan,13312,-0.0005297426292266039,0.004874806012958288,0.7991898357868195,-0.0013006257591769098,0.20936294533312322,0.20936294533312322,0.03336497154086828,0.0011366966238743656,0.007637500111013651,0.941618800163269,1.0,0.004014423076923077,0.00024110576923076928,0,0.5,0.5,0.96875,0.3765625,2.7372003975510597,0.8104458776116371,0.2753125,0.9383036106824875
416,1334400,167.86315715312958,1.6786316077411174,167.86315715312958,1.6786316077411174,0.0,0.0,0.0,888.1120690107346,8.881120931357145,0.8172856877744198,0.3865625,0.21271421582228633,nan,nan,nan,nan,nan,nan,nan,nan,nan,nan,13344,-0.0007417271752929722,0.00434141717851162,0.7933983385562897,-0.0017446120851673185,0.15347148850560188,0.15347148850560188,0.02519706580787897,0.0012935632905314409,0.009209375130012631,0.9568372964859009,1.0,0.004,0.00024000000000000003,0,0.5,0.5,0.90625,0.3865625,2.348063597381115,1.3571052139997482,0.27375,0.9486607539653779
417,1337600,164.34439474344254,1.6434440425038337,164.34439474344254,1.6434440425038337,0.0,0.0,0.0,884.5933066010475,8.845933366119862,0.818846021592617,0.3665625,0.2015357515965154,nan,nan,nan,nan,nan,nan,nan,nan,nan,nan,13376,-0.0004737749848573003,0.0045545062515884634,0.8088487088680267,-0.0014202504768036305,0.12490485943853855,0.12490485943853855,0.02478822451084852,0.0009723956914998233,0.005956250126473606,0.9484339356422424,1.0,0.003985576923076923,0.00023889423076923084,0,0.5,0.5,0.9375,0.3665625,2.464413485378027,1.0782103028148413,0.2475,0.951428616642952
418,1340800,65.25219964981079,0.6525217950344085,65.25219964981079,0.6525217950344085,0.0,0.0,0.0,785.5011115074158,7.855011118650436,1.1747183127701282,0.319375,0.14685810025353777,nan,nan,nan,nan,nan,nan,nan,nan,nan,nan,13408,-0.0006648787145620005,0.005273463670164347,0.8083283364772796,-0.0012381430948153137,0.1778867095708847,0.1778867095708847,0.033215387351810934,0.0009260988197672107,0.006634375092107803,0.9476572871208191,1.0,0.0039711538461538465,0.0002377884615384616,0,0.5,0.5,0.90625,0.319375,2.4749481096863746,1.6582639928162097,0.2315625,0.9440625405311585
419,1344000,72.64818978309631,0.7264819043129682,72.64818978309631,0.7264819043129682,0.0,0.0,0.0,792.8971016407013,7.928971227928996,1.050297541618347,0.3240625,0.15805632764121152,nan,nan,nan,nan,nan,nan,nan,nan,nan,nan,13440,-0.00042581618020487433,0.005803066492080689,0.8301965594291687,-0.0008091473719105124,0.19078145548701286,0.19078145548701286,0.040096992254257204,0.0009529945171411099,0.004765624965875759,0.9469568729400635,1.0,0.003956730769230769,0.00023668269230769234,0,0.5,0.5,0.84375,0.3240625,3.6113684928417205,1.4356513646245004,0.2246875,0.9002679008245468
420,1347200,57.18594527244568,0.5718594609200954,57.18594527244568,0.5718594609200954,0.0,0.0,0.0,777.4348571300507,7.774348784536124,0.8073608249425888,0.2978125,0.16477755625219997,60.75075575709343,0.6075075575709343,60.75075575709343,0.6075075575709343,100.0,1.0006926396675409,0.32,0.1599446080099415,0.0,810.6365096271038,13472,-0.0007461576469417252,0.005120375566184521,0.7839720487594605,-0.0012766287894919516,0.14849965795874595,0.14849965795874595,0.03196060825139284,0.001244006416530802,0.008053125021979213,0.9489506483078003,1.0,0.003942307692307691,0.00023557692307692304,0,0.5,0.5,0.9375,0.2978125,2.821584755182266,1.2715835085511207,0.1965625,0.9325000441074371
421,1350400,158.26382261514664,1.582638323903084,158.26382261514664,1.582638323903084,0.0,0.0,0.0,878.5127344727516,8.785127647519111,0.8953882862627506,0.365625,0.19290242672171645,nan,nan,nan,nan,nan,nan,nan,nan,nan,nan,13504,-0.0005580569157929815,0.0050131567288190125,0.8030699849128723,-0.0012058447930030525,0.11142299920320511,0.11142299920320511,0.03700846340507269,0.0009217482278505877,0.0038718750056432327,0.9458087682723999,1.0,0.003927884615384614,0.00023447115384615385,0,0.5,0.5,1.0,0.365625,2.563595372736454,1.2566250800341368,0.2625,0.9604911118745804
422,1353600,-1.180660992860794,-0.011806455329060555,-1.180660992860794,-0.011806455329060555,0.0,1.180660992860794,0.011806455329060555,719.0682508647442,7.1906828682869675,1.1120318683981896,0.285,0.13494114566374896,nan,nan,nan,nan,nan,nan,nan,nan,nan,nan,13536,-0.0007141256702830834,0.005198642332106829,0.7593558013439179,-0.0010865143849514425,0.14313797131180764,0.14313797131180764,0.02734109926968813,0.0014135752899196996,0.00825312496162951,0.9600652456283569,1.0,0.0039134615384615375,0.0002333653846153846,0,0.5,0.5,0.8125,0.285,2.9590563970804213,1.5523078627884388,0.19875,0.9358036136627197
423,1356800,139.60696977376938,1.3960697647929192,139.60696977376938,1.3960697647929192,0.0,0.0,0.0,859.8558816313744,8.598559088408948,0.7493130169063806,0.3609375,0.20633099766119023,nan,nan,nan,nan,nan,nan,nan,nan,nan,nan,13568,-0.0008920878404984123,0.004876311961561441,0.7647945642471313,-0.0014358952990733086,0.14730721339583397,0.14730721339583397,0.028875701874494553,0.001547442987069801,0.010912500064296182,0.9516417980194092,1.0,0.0038990384615384607,0.00023225961538461535,0,0.5,0.5,0.90625,0.3609375,2.518457683622837,1.06578560680151,0.24625,0.9430357581377029
424,1360000,189.1690205335617,1.8916900745034217,189.1690205335617,1.8916900745034217,0.0,0.0,0.0,909.4179323911667,9.09417939811945,0.9038573011010885,0.398125,0.20911493722231492,nan,nan,nan,nan,nan,nan,nan,nan,nan,nan,13600,-0.0006029519367787728,0.004842703742906451,0.7602228641510009,-0.0011347734718583525,0.10830819457769394,0.10830819457769394,0.0292671961709857,0.0007724422590432744,0.005396874941652641,0.9533689022064209,1.0,0.003884615384615384,0.00023115384615384616,0,0.5,0.5,0.96875,0.398125,2.348384621143341,1.1578018271923065,0.274375,0.976071469783783
425,1363200,153.3970900774002,1.533970961868763,153.3970900774002,1.533970961868763,0.0,0.0,0.0,873.6460019350052,8.73646028548479,0.8116938432306051,0.3784375,0.20888601096373532,nan,nan,nan,nan,nan,nan,nan,nan,nan,nan,13632,-0.0006400146833970167,0.005145307211205363,0.7836611926555633,-0.0011002805200405418,0.10015895254909993,0.10015895254909993,0.03386683687567711,0.0014861452662478084,0.00957187520689331,0.9517263174057007,1.0,0.003870192307692307,0.0002300480769230769,0,0.5,0.5,0.875,0.3784375,3.8207147991657258,0.9798491722345353,0.271875,0.9188839691877365
426,1366400,80.29424047470093,0.8029423204064369,80.29424047470093,0.8029423204064369,0.0,0.0,0.0,800.5431523323059,8.005431644022465,1.0904963850229978,0.33,0.15785724498938544,nan,nan,nan,nan,nan,nan,nan,nan,nan,nan,13664,-0.0006705540876079219,0.006008375016972422,0.7430061042308808,-0.0005312266759574414,0.14576376602053642,0.14576376602053642,0.033782771602272985,0.0009746548134022025,0.0047031249734573064,0.9481987953186035,1.0,0.0038557692307692303,0.0002289423076923077,0,0.5,0.5,0.9375,0.33,3.1351950646936895,1.2793335046619176,0.2540625,0.9175000441074371
427,1369600,123.11028671264648,1.2311028450727464,123.11028671264648,1.2311028450727464,0.0,0.0,0.0,843.3591985702515,8.433592168688774,1.0469607728719712,0.3590625,0.1754124967896773,nan,nan,nan,nan,nan,nan,nan,nan,nan,nan,13696,-0.000546885949670095,0.004711360484361648,0.7457883059978485,-0.001056036725640297,0.1608091711997986,0.1608091711997986,0.035942879319190976,0.0013752475846592564,0.011543749871998443,0.9576500654220581,1.0,0.0038413461538461535,0.00022783653846153846,0,0.5,0.5,0.96875,0.3590625,2.944216298162937,1.3726243012398482,0.26375,0.9062946861982346
428,1372800,97.79525050520897,0.9779525619745254,97.79525050520897,0.9779525619745254,0.0,0.0,0.0,818.044162362814,8.180441885590554,0.9785738660395146,0.340625,0.17215682762545761,nan,nan,nan,nan,nan,nan,nan,nan,nan,nan,13728,-0.0004532026134024036,0.0065936057828366755,0.7598924279212952,-6.444950122386217e-05,0.1475551299750805,0.1475551299750805,0.03401434831321239,0.0007034409987714557,0.004759375008870847,0.9402602910995483,1.0,0.0038269230769230767,0.00022673076923076922,0,0.5,0.5,0.9375,0.340625,2.513477996587753,1.7817058558762073,0.2271875,0.9179018306732177
429,1376000,49.596814811229706,0.495968160033226,49.596814811229706,0.495968160033226,0.0,0.0,0.0,769.8457266688347,7.698457483649254,1.1608125132322311,0.3275,0.15156335776217447,nan,nan,nan,nan,nan,nan,nan,nan,nan,nan,13760,-0.0007076618355931874,0.006735290354117751,0.752085143327713,-0.0002073412877507508,0.1509045161306858,0.1509045161306858,0.03871404081583023,0.0017389187480178747,0.012981250183656812,0.9459449052810669,1.0,0.0038125,0.00022562500000000002,0,0.5,0.5,0.90625,0.3275,3.5848757314682005,1.3210361762344838,0.2353125,0.9250893294811249
430,1379200,-52.481274366378784,-0.5248129318654537,-52.481274366378784,-0.5248129318654537,0.0,52.481274366378784,0.5248129318654537,667.7676374912262,6.677676391750574,1.4122280029952525,0.25625,0.10622959342227,nan,nan,nan,nan,nan,nan,nan,nan,nan,nan,13792,-0.0006695502041722534,0.006144270533695817,0.7441234707832336,-0.0004236530396156013,0.18516599684953688,0.18516599684953688,0.030541414581239223,0.0012283178468383278,0.00967500011320226,0.9484412670135498,1.0,0.0037980769230769222,0.00022451923076923077,0,0.5,0.5,0.84375,0.25625,2.6675542706251143,1.8580052883923053,0.1675,0.9637053984403611
431,1382400,107.24944198131561,1.0724944174289703,107.24944198131561,1.0724944174289703,0.0,0.0,0.0,827.4983538389206,8.274983741044998,0.7072626754641533,0.3315625,0.19420708058873137,nan,nan,nan,nan,nan,nan,nan,nan,nan,nan,13824,-0.0011149701784830767,0.005417379643768072,0.7556831300258636,-0.0012655238155275584,0.21000917106866837,0.21000917106866837,0.03983001299202442,0.00188974782213657,0.014296874971478246,0.9369659423828125,1.0,0.0037836538461538454,0.00022341346153846158,0,0.5,0.5,0.875,0.3315625,2.900641299188137,0.9899503569304943,0.2346875,0.9090178984403611
432,1385600,96.158695936203,0.9615869854390621,96.158695936203,0.9615869854390621,0.0,0.0,0.0,816.407607793808,8.16407630905509,0.6309843175113201,0.321875,0.19735015017872237,nan,nan,nan,nan,nan,nan,nan,nan,nan,nan,13856,-0.00089611327982273,0.004688519099727273,0.7456666171550751,-0.0013624433078803122,0.22340016737580298,0.22340016737580298,0.04059174135327339,0.0013946736828109167,0.010578124970197677,0.9526758790016174,1.0,0.0037692307692307686,0.00022230769230769233,0,0.5,0.5,0.84375,0.321875,3.107524247765541,0.9066255357861519,0.2290625,0.9276339715719223
433,1388800,202.93600219488144,2.0293599505722524,202.93600219488144,2.0293599505722524,0.0,0.0,0.0,923.1849140524864,9.231849274188281,0.708274497538805,0.3984375,0.23323974020220314,nan,nan,nan,nan,nan,nan,nan,nan,nan,nan,13888,-0.001126052480633366,0.004583498882129789,0.762008661031723,-0.0016954989288933576,0.21740807741880416,0.21740807741880416,0.030743973143398762,0.0027209449646795774,0.025790624576620756,0.9520508646965027,1.0,0.003754807692307692,0.00022120192307692308,0,0.5,0.5,0.9375,0.3984375,2.6809948074817656,0.879750846773386,0.2753125,0.939910752773285
434,1392000,163.26861798763275,1.632686437368393,163.26861798763275,1.632686437368393,0.0,0.0,0.0,883.5175298452377,8.835175760984422,0.7150165008753538,0.37125,0.2164702204384109,nan,nan,nan,nan,nan,nan,nan,nan,nan,nan,13920,-0.0009468687896848849,0.004074579640291631,0.7575047850608826,-0.0017429382540285587,0.22440807968378068,0.22440807968378068,0.024278344586491585,0.002564955380515718,0.02403125002019806,0.9534989595413208,1.0,0.003740384615384615,0.0002200961538461539,0,0.5,0.5,0.9375,0.37125,2.8580247154831886,0.8766735123842955,0.26125,0.9386607581377029
435,1395200,85.05673107504845,0.8505673292279243,85.05673107504845,0.8505673292279243,0.0,0.0,0.0,805.3056429326534,8.053056652843953,1.0620841744542122,0.323125,0.15669825897651532,nan,nan,nan,nan,nan,nan,nan,nan,nan,nan,13952,-0.0004903279285470852,0.005184062849730253,0.7630309104919434,-0.0007413203129544854,0.1668363779783249,0.1668363779783249,0.03051289226859808,0.0013801718872889026,0.00848750005243346,0.949807345867157,1.0,0.0037259615384615382,0.00021899038461538464,0,0.5,0.5,0.84375,0.323125,2.970794885456562,1.34555051907897,0.2278125,0.9503571927547455
436,1398400,210.50084114074707,2.105008441209793,210.50084114074707,2.105008441209793,0.0,0.0,0.0,930.749752998352,9.307497764825822,0.7232535380870104,0.4075,0.23647129745769566,nan,nan,nan,nan,nan,nan,nan,nan,nan,nan,13984,-0.0007853168327594418,0.00492386962287128,0.7621433079242707,-0.0011521061649546027,0.17854983806610109,0.17854983806610109,0.030332071520388127,0.0009537622070670659,0.006878124922513962,0.9427180290222168,1.0,0.0037115384615384614,0.00021788461538461545,0,0.5,0.5,1.0,0.4075,2.045289882719517,0.9746466810256242,0.2634375,0.945089328289032
437,1401600,88.36071398854256,0.8836072889715433,88.36071398854256,0.8836072889715433,0.0,0.0,0.0,808.6096258461475,8.086096612587571,0.8902534436434507,0.3296875,0.17441444220544816,nan,nan,nan,nan,nan,nan,nan,nan,nan,nan,14016,-0.0007204965584329149,0.004774141497910023,0.7488210558891296,-0.0011019037454389035,0.26584977507591245,0.26584977507591245,0.03321288451552391,0.0014700124040278185,0.011574999883305282,0.9561951160430908,1.0,0.0036971153846153846,0.0002167788461538462,0,0.5,0.5,0.9375,0.3296875,3.5203587207198144,0.9515364652872086,0.2325,0.9215179032087326
438,1404800,106.46374410390854,1.064637595564127,106.46374410390854,1.064637595564127,0.0,0.0,0.0,826.7126559615135,8.267126919180155,1.046725741326809,0.36125,0.1765014201491482,nan,nan,nan,nan,nan,nan,nan,nan,nan,nan,14048,-0.0006027577001601503,0.004773736139759422,0.720067822933197,-0.0008676778408698738,0.1904470644891262,0.1904470644891262,0.03171525783836841,0.0015741954950532812,0.0090218749595806,0.9522181749343872,1.0,0.003682692307692308,0.00021567307692307695,0,0.5,0.5,0.90625,0.36125,2.264808967411518,1.537365449219942,0.2409375,0.9575446820259095
439,1408000,58.99171245098114,0.5899171882867813,58.99171245098114,0.5899171882867813,0.0,0.0,0.0,779.2406243085861,7.79240651190281,1.0577469874918461,0.3165625,0.15383936991488578,nan,nan,nan,nan,nan,nan,nan,nan,nan,nan,14080,-0.0006744197652907679,0.004282906837761402,0.7337290227413178,-0.0012244819081388414,0.12893001586198807,0.12893001586198807,0.021614998392760754,0.0013644880680690427,0.00624062490533106,0.9571022391319275,1.0,0.00366826923076923,0.00021456730769230765,0,0.5,0.5,0.9375,0.3165625,3.081955810189247,1.424633509144187,0.23,0.9564732545614243
440,1411200,185.77695363759995,1.8577694207429887,185.77695363759995,1.8577694207429887,0.0,0.0,0.0,906.0258654952049,9.060258744359016,0.8255579529702664,0.395,0.21637220519749426,58.67124556005001,0.5867124556005001,58.67124556005001,0.5867124556005001,100.0,1.0208307979628444,0.32,0.15835071413330845,0.0,808.5569994300604,14112,-0.000960160139377697,0.00492158024571836,0.7423145234584808,-0.0012116731028072535,0.17847581282258035,0.17847581282258035,0.03319390844553709,0.0022047906844852743,0.01845937508624047,0.9428203701972961,1.0,0.0036538461538461525,0.00021346153846153845,0,0.5,0.5,0.9375,0.395,2.223060664981604,1.3028758226335049,0.271875,0.9540625429153442
441,1414400,127.48422175645828,1.2748421540111303,127.48422175645828,1.2748421540111303,0.0,0.0,0.0,847.7331336140633,8.477331477627159,0.7938903331011534,0.3471875,0.19353886555584823,nan,nan,nan,nan,nan,nan,nan,nan,nan,nan,14144,-0.0007327536623342734,0.005290008988231421,0.7481502711772918,-0.0008105845306999981,0.2210165150463581,0.2210165150463581,0.029761459864675998,0.0015931044326895315,0.01347187478095293,0.9425381422042847,1.0,0.0036394230769230757,0.0002123557692307692,0,0.5,0.5,0.96875,0.3471875,2.8205153647065164,1.0040752141922713,0.246875,0.9409375417232514
442,1417600,23.71057254076004,0.23710574731230735,23.71057254076004,0.23710574731230735,0.0,0.0,0.0,743.959484398365,7.439595070928336,1.2222018909454346,0.3,0.1350012351363652,nan,nan,nan,nan,nan,nan,nan,nan,nan,nan,14176,-0.0007003481264706401,0.004022809630259872,0.7250482916831971,-0.0013172433013096453,0.121007239818573,0.121007239818573,0.031826718151569365,0.0010287731805907387,0.00460937493480742,0.9627994298934937,1.0,0.003624999999999999,0.00021124999999999996,0,0.5,0.5,0.90625,0.3,2.339463473856449,1.7683014982938767,0.2021875,0.922410762310028
443,1420800,118.80233430862427,1.1880233593285083,118.80233430862427,1.1880233593285083,0.0,0.0,0.0,839.0512461662292,8.390512682944536,0.8722984597831964,0.34375,0.18359786507531747,nan,nan,nan,nan,nan,nan,nan,nan,nan,nan,14208,-0.0005962176248925921,0.004708565166220069,0.7426959931850433,-0.0009234961005859077,0.13527755960822105,0.13527755960822105,0.02765804510563612,0.0013789157819734186,0.00719687519595027,0.9499655961990356,1.0,0.003610576923076922,0.00021014423076923076,0,0.5,0.5,0.96875,0.34375,2.5342260739207267,1.273824484795332,0.24375,0.8940625423192978
444,1424000,189.60413044691086,1.8960411965847015,189.60413044691086,1.8960411965847015,0.0,0.0,0.0,909.8530423045158,9.098530520200729,0.72059879116714,0.3809375,0.22139821436326668,nan,nan,nan,nan,nan,nan,nan,nan,nan,nan,14240,-0.0005609374109747378,0.00553006399422884,0.7339345574378967,-0.00043524698121473194,0.12480945587158203,0.12480945587158203,0.033819922246038914,0.0006721756501098651,0.0036312500651547452,0.9340541362762451,1.0,0.0035961538461538453,0.00020903846153846157,0,0.5,0.5,0.96875,0.3809375,2.1799848018586636,1.1292572297900916,0.27875,0.9446428960561752
445,1427200,10.395929008722305,0.103959119617939,10.395929008722305,0.103959119617939,0.0,0.0,0.0,730.6448408663273,7.306448443233967,0.9765469238162041,0.271875,0.13755049107312828,nan,nan,nan,nan,nan,nan,nan,nan,nan,nan,14272,-0.0006479154779983176,0.006010109651833772,0.7106012344360352,-0.00018804307328537106,0.17477151304483413,0.17477151304483413,0.03244095928966999,0.0016721089974485713,0.012868750002235174,0.940814197063446,1.0,0.0035817307692307685,0.00020793269230769227,0,0.5,0.5,0.875,0.271875,3.344532484412193,1.2996280719339848,0.184375,0.9510714721679687
446,1430400,60.82356770336628,0.6082357555627823,60.82356770336628,0.6082357555627823,0.0,0.0,0.0,781.0724795609713,7.810725079178811,1.0410934276133776,0.315625,0.15463525369784564,nan,nan,nan,nan,nan,nan,nan,nan,nan,nan,14304,-0.0006007124141381937,0.005391314625740051,0.7076550841331481,-0.00042947856709361074,0.14929820448160172,0.14929820448160172,0.02757008783519268,0.0010362753870172524,0.004896874955738895,0.9485883712768555,1.0,0.0035673076923076917,0.00020682692307692307,0,0.5,0.5,0.90625,0.315625,3.1898010393977163,1.1426178999245167,0.2290625,0.9173214721679688
447,1433600,70.06542432308197,0.7006541657447815,70.06542432308197,0.7006541657447815,0.0,0.0,0.0,790.314336180687,7.90314348936081,1.0241946295648814,0.3228125,0.15947700645238416,nan,nan,nan,nan,nan,nan,nan,nan,nan,nan,14336,-0.0006933894925168716,0.005398783693090081,0.7334968745708466,-0.0006000274093821645,0.14556943960487842,0.14556943960487842,0.022300207614898683,0.0017219903915280158,0.011750000063329935,0.9504031538963318,1.0,0.003552884615384615,0.00020572115384615388,0,0.5,0.5,0.90625,0.3228125,2.913972825706005,1.3526638850569725,0.21375,0.9121429002285004
448,1436800,105.51728689670563,1.0551728099584579,105.51728689670563,1.0551728099584579,0.0,0.0,0.0,825.7661987543106,8.257662133574486,0.9821467007696628,0.3421875,0.17263480037432616,nan,nan,nan,nan,nan,nan,nan,nan,nan,nan,14368,-0.0006872247607272675,0.005077194608747959,0.7431040167808532,-0.0007780725602060557,0.14462267160415648,0.14462267160415648,0.024010092578828336,0.0010499876865685805,0.0078093751217238605,0.950049102306366,1.0,0.003538461538461538,0.00020461538461538458,0,0.5,0.5,0.9375,0.3421875,2.9133552104234695,1.1751558420062065,0.2221875,0.941875039935112
449,1440000,161.6037808060646,1.61603768825531,161.6037808060646,1.61603768825531,0.0,0.0,0.0,881.8526926636696,8.818527011871339,0.8352664837986231,0.3765625,0.20518137465279337,nan,nan,nan,nan,nan,nan,nan,nan,nan,nan,14400,-0.0005935400039306816,0.004874075204133988,0.721689087152481,-0.0006997625343501568,0.1933207780122757,0.1933207780122757,0.02811429016292095,0.0010400165811039548,0.006456249905750155,0.9423668384552002,1.0,0.0035240384615384613,0.00020350961538461538,0,0.5,0.5,1.0,0.3765625,2.81711120814085,1.0372482722252607,0.2659375,0.9225446820259094
450,1443200,117.06099116802216,1.1706098824739457,117.06099116802216,1.1706098824739457,0.0,0.0,0.0,837.3099030256271,8.373099206089973,0.8548082698881626,0.3515625,0.1895411540413273,nan,nan,nan,nan,nan,nan,nan,nan,nan,nan,14432,-0.0003773340503990585,0.00526410797610879,0.7373684704303741,-0.0003331597312353551,0.11517226174473763,0.11517226174473763,0.03228931352496147,0.0006152088564737082,0.0023468750179745255,0.9455857872962952,1.0,0.0035096153846153845,0.0002024038461538462,0,0.5,0.5,0.90625,0.3515625,1.551094360500574,1.6603164653480054,0.2334375,0.9467857569456101
451,1446400,156.576514005661,1.565765157043934,156.576514005661,1.565765157043934,0.0,0.0,0.0,876.825425863266,8.768254480659962,0.8274083263427019,0.365625,0.20007843607221956,nan,nan,nan,nan,nan,nan,nan,nan,nan,nan,14464,-0.0010585214194259508,0.004551187530159951,0.7301715016365051,-0.0013350175344385208,0.21039863228797911,0.21039863228797911,0.03461283333599567,0.001972208400915235,0.017825000220909715,0.9499741792678833,1.0,0.0034951923076923077,0.000201298076923077,0,0.5,0.5,0.9375,0.365625,2.775551187694073,0.9355324669182301,0.2615625,0.9394196879863739
452,1449600,235.29536473751068,2.352953658401966,235.29536473751068,2.352953658401966,0.0,0.0,0.0,955.5442765951157,9.555442982017993,0.7290007095038891,0.4146875,0.23984229602715915,nan,nan,nan,nan,nan,nan,nan,nan,nan,nan,14496,-0.0006790404923027182,0.004269810440018773,0.733590978384018,-0.0010975962271913887,0.13836561068892478,0.13836561068892478,0.02975455205887556,0.0017278127823408748,0.013828124931751517,0.9473029375076294,1.0,0.00348076923076923,0.0002001923076923077,0,0.5,0.5,1.0,0.4146875,2.023490771204233,1.0542329601943492,0.2965625,0.8952678990364075
453,1452800,132.42556869983673,1.324255718588829,132.42556869983673,1.324255718588829,0.0,0.0,0.0,852.6744805574417,8.526745042204857,0.6947324668616056,0.346875,0.20467832344202463,nan,nan,nan,nan,nan,nan,nan,nan,nan,nan,14528,-0.0002918342383345429,0.004359583277255297,0.7445867419242859,-0.0006930379779078067,0.08449655510485173,0.08449655510485173,0.032344385236501697,0.0006202602180598672,0.00230937495798571,0.9552125930786133,1.0,0.003466346153846153,0.0001990865384615385,0,0.5,0.5,0.90625,0.346875,1.8517029759287835,1.285639305561781,0.224375,0.932008969783783
454,1456000,135.67765977978706,1.3567763900756835,135.67765977978706,1.3567763900756835,0.0,0.0,0.0,855.926571637392,8.559265713691712,1.1286992230266333,0.365,0.17146621563615486,nan,nan,nan,nan,nan,nan,nan,nan,nan,nan,14560,-0.0004740040826480163,0.004981713462620973,0.7393855929374695,-0.0005354495486244559,0.1800965376198292,0.1800965376198292,0.025903408974409105,0.0008658926462918898,0.006581250077579171,0.9513653516769409,1.0,0.0034519230769230764,0.0001979807692307693,0,0.5,0.5,0.9375,0.365,3.2233054530620575,1.2909885393083096,0.256875,0.9252678984403611
455,1459200,96.35191026329994,0.9635190242528915,96.35191026329994,0.9635190242528915,0.0,0.0,0.0,816.6008221209049,8.16600834786892,0.9766306498646736,0.326875,0.1653697922889028,nan,nan,nan,nan,nan,nan,nan,nan,nan,nan,14592,-0.0008565608267556036,0.005305622098967433,0.737791109085083,-0.000739906681701541,0.21311043947935104,0.21311043947935104,0.030454599112272263,0.001215529799086499,0.006921875063562765,0.949077308177948,1.0,0.0034374999999999996,0.000196875,0,0.5,0.5,0.875,0.326875,3.1927486181259157,1.286605087891221,0.230625,0.9398214733600616
456,1462400,146.39485973119736,1.4639486841857434,146.39485973119736,1.4639486841857434,0.0,0.0,0.0,866.6437715888023,8.666438007801771,0.8795623353868723,0.3678125,0.1956905036215746,nan,nan,nan,nan,nan,nan,nan,nan,nan,nan,14624,-0.0006764245768892784,0.005496823880821467,0.7519193351268768,-0.000501890282612294,0.22955424562096596,0.22955424562096596,0.030254435911774635,0.0013152706611469643,0.010699999867938459,0.9330227375030518,1.0,0.0034230769230769228,0.0001957692307692308,0,0.5,0.5,0.96875,0.3678125,2.2551454535126685,1.309800991266966,0.26,0.930089327096939
457,1465600,174.2932126224041,1.7429322601854802,174.2932126224041,1.7429322601854802,0.0,0.0,0.0,894.5421244800091,8.945421583801508,0.860645288899541,0.3884375,0.2087649388722217,nan,nan,nan,nan,nan,nan,nan,nan,nan,nan,14656,-0.0005872197597054818,0.004764737421646714,0.7302272379398346,-0.0006939429906196893,0.14330654144287108,0.14330654144287108,0.023548868484795094,0.00158583250741118,0.009503124782349914,0.9456834197044373,1.0,0.003408653846153846,0.0001946634615384616,0,0.5,0.5,0.96875,0.3884375,2.150661655664444,1.1556866839528084,0.268125,0.9366518288850785
458,1468800,38.44872787594795,0.38448749125003817,38.44872787594795,0.38448749125003817,0.0,0.0,0.0,758.6976397335529,7.586976814866066,1.253302762284875,0.313125,0.13896268412793655,nan,nan,nan,nan,nan,nan,nan,nan,nan,nan,14688,-0.0005028343727870421,0.004583690408617258,0.7178625881671905,-0.0006475804257206619,0.15456730052828788,0.15456730052828788,0.023383406363427638,0.0007375132321645401,0.004746875046112109,0.9583553075790405,1.0,0.003394230769230769,0.0001935576923076923,0,0.5,0.5,0.90625,0.313125,3.346720122396946,1.5322127240896224,0.216875,0.9503125435113907
459,1472000,87.7343815267086,0.8773437625169754,87.7343815267086,0.8773437625169754,0.0,0.0,0.0,807.9832933843136,8.079833086133004,1.0917666497826577,0.3403125,0.16269142642433837,nan,nan,nan,nan,nan,nan,nan,nan,nan,nan,14720,-0.00068238756455834,0.004940858716145158,0.7349658787250519,-0.0006960016093216836,0.1557437725365162,0.1557437725365162,0.03492900636047125,0.0015328453038853018,0.01189062506891787,0.9515331983566284,1.0,0.0033798076923076915,0.000192451923076923,0,0.5,0.5,0.9375,0.3403125,2.872405353486538,1.2389675753563643,0.2359375,0.9511607563495637
460,1475200,19.70307719707489,0.19703067868947982,19.70307719707489,0.19703067868947982,0.0,0.0,0.0,739.9519890546799,7.399520002305508,0.9128223635256291,0.286875,0.1499747208471804,54.2462238073349,0.542462238073349,54.2462238073349,0.542462238073349,100.0,1.0211825780943036,0.32,0.15832315371613578,0.0,804.1319776773453,14752,-0.0007095884494308757,0.004435139382258058,0.7166934132575988,-0.0009039677795954048,0.11500745266675949,0.11500745266675949,0.027082343585789204,0.0010301165439193412,0.00802187502849847,0.9591094255447388,1.0,0.0033653846153846147,0.00019134615384615381,0,0.5,0.5,0.90625,0.286875,2.8985076311230658,1.4717103751748801,0.2009375,0.9392411154508591
461,1478400,207.98164319992065,2.079816443771124,207.98164319992065,2.079816443771124,0.0,0.0,0.0,928.2305550575256,9.282305767387152,0.7696299383044243,0.40625,0.22956777075621218,nan,nan,nan,nan,nan,nan,nan,nan,nan,nan,14784,-0.00045344503014934647,0.00434158924035728,0.746934562921524,-0.0007855993579141795,0.1606284573674202,0.1606284573674202,0.02698615752160549,0.0009536217046877288,0.003656249976484105,0.9460020065307617,1.0,0.003350961538461538,0.00019024038461538462,0,0.5,0.5,0.90625,0.40625,1.9026728361845016,1.0566652151942253,0.2846875,0.9573214721679687
462,1481600,106.92241650819778,1.0692240288853645,106.92241650819778,1.0692240288853645,0.0,0.0,0.0,827.1713283658028,8.271713352501394,1.0016084192693233,0.3403125,0.17001951866500906,nan,nan,nan,nan,nan,nan,nan,nan,nan,nan,14816,-0.0004970688152534208,0.003893116023391485,0.7406276822090149,-0.0010216436348855495,0.21525262296199799,0.21525262296199799,0.02633950226008892,0.0008051715147336283,0.006193749886006117,0.9586604237556458,1.0,0.0033365384615384602,0.00018913461538461543,0,0.5,0.5,0.90625,0.3403125,2.3650869171321394,1.2599050541222097,0.2375,0.9575000417232513
463,1484800,117.95149347186089,1.17951492279768,117.95149347186089,1.17951492279768,0.0,0.0,0.0,838.2004053294659,8.382004246413707,0.7816591166704893,0.3378125,0.18960557428701277,nan,nan,nan,nan,nan,nan,nan,nan,nan,nan,14848,-0.0006807052005955438,0.004445199901238084,0.7354477345943451,-0.0009013474802486599,0.17392145916819574,0.17392145916819574,0.02881719935685396,0.0010126037384941289,0.007865625181875658,0.9468274712562561,1.0,0.0033221153846153834,0.00018802884615384612,0,0.5,0.5,0.9375,0.3378125,2.855928187966347,0.876996781975031,0.2396875,0.9563393276929856
464,1488000,202.62344670295715,2.0262344124913216,202.62344670295715,2.0262344124913216,0.0,0.0,0.0,922.8723585605621,9.22872373610735,0.9489192607998848,0.406875,0.20876955150671989,nan,nan,nan,nan,nan,nan,nan,nan,nan,nan,14880,-0.0011216967017389835,0.0038313292199745773,0.7285821497440338,-0.0016159576713107525,0.16786169335246087,0.16786169335246087,0.024950276128947735,0.001662542541820322,0.01388437532586977,0.9577223658561707,1.0,0.0033076923076923066,0.00018692307692307693,0,0.5,0.5,0.96875,0.406875,2.1408815044164657,1.5202841337025166,0.263125,0.9376786130666733
465,1491200,124.26282358169556,1.2426281744241714,124.26282358169556,1.2426281744241714,0.0,0.0,0.0,844.5117354393005,8.445117498040199,1.0831125476956367,0.3615625,0.17356839427613485,nan,nan,nan,nan,nan,nan,nan,nan,nan,nan,14912,-0.0004497553902299778,0.005114809237420559,0.7424015641212464,-0.00033727898262441157,0.13493089526891708,0.13493089526891708,0.03957546297460794,0.001167495113990085,0.008600000030128285,0.9447903633117676,1.0,0.00329326923076923,0.00018581730769230774,0,0.5,0.5,0.96875,0.3615625,2.117379419505596,1.4265961183607578,0.2471875,0.9422321861982346
466,1494400,87.54184183478355,0.8754185882210731,87.54184183478355,0.8754185882210731,0.0,0.0,0.0,807.7907536923885,8.077907911837102,0.903943991959095,0.33375,0.17529402199304317,nan,nan,nan,nan,nan,nan,nan,nan,nan,nan,14944,-0.00045003569482950925,0.004496554145589471,0.7109654486179352,-0.0005329049308784306,0.2062559835612774,0.2062559835612774,0.027797226049005985,0.0007021706214833891,0.004640625033061951,0.9553206562995911,1.0,0.003278846153846153,0.00018471153846153843,0,0.5,0.5,0.9375,0.33375,2.1906513193249704,1.5851307208836078,0.2265625,0.9516071838140487
467,1497600,70.7573310136795,0.70757319226861,70.7573310136795,0.70757319226861,0.0,0.0,0.0,791.0062428712845,7.910062515884638,1.033337833583355,0.3315625,0.16306316369262006,nan,nan,nan,nan,nan,nan,nan,nan,nan,nan,14976,-0.0005855762005841925,0.005089170718565583,0.7439933896064759,-0.0004696999676525593,0.1733353056013584,0.1733353056013584,0.028333804570138454,0.0008340203938166065,0.003984374971332727,0.9500049352645874,1.0,0.0032644230769230762,0.00018360576923076924,0,0.5,0.5,0.9375,0.3315625,2.4813657370209694,1.5732328785955907,0.2403125,0.9336161154508591
468,1500800,133.26569521427155,1.3326567780971528,133.26569521427155,1.3326567780971528,0.0,0.0,0.0,853.5146070718765,8.535146101713181,1.1375108361244202,0.3740625,0.17499911283641634,nan,nan,nan,nan,nan,nan,nan,nan,nan,nan,15008,-0.0006649294031900399,0.00476163187995553,0.7133256614208221,-0.0006024218746460974,0.20910184383392333,0.20910184383392333,0.02863436471670866,0.0012170884627300993,0.008650000262423418,0.9503662586212158,1.0,0.0032499999999999994,0.00018250000000000004,0,0.5,0.5,0.9375,0.3740625,2.520706400126219,1.4575856544077397,0.2775,0.9363839709758759
469,1504000,153.6161668896675,1.536161612868309,153.6161668896675,1.536161612868309,0.0,0.0,0.0,873.8650787472725,8.738650936484337,0.7497448201477528,0.3615625,0.206637274096613,nan,nan,nan,nan,nan,nan,nan,nan,nan,nan,15040,-0.0009065842168638483,0.004078637505881488,0.7432294368743897,-0.0012720414786599576,0.22786015272140503,0.22786015272140503,0.02288313414901495,0.0016677610194200617,0.016099999845027923,0.9541559815406799,1.0,0.0032355769230769226,0.00018139423076923074,0,0.5,0.5,0.96875,0.3615625,2.9240882936120034,0.9454102363437414,0.2628125,0.9265178954601287
470,1507200,117.00204077363014,1.1700204131007195,117.00204077363014,1.1700204131007195,0.0,0.0,0.0,837.2509526312351,8.372509736716747,0.8267976895719766,0.34125,0.18680229450035912,nan,nan,nan,nan,nan,nan,nan,nan,nan,nan,15072,-0.00040131151556086484,0.00462459628470242,0.7221501111984253,-0.00041516991332173346,0.10546640008687973,0.10546640008687973,0.026229230128228663,0.0007448964133834014,0.0034218749613501133,0.9502599835395813,1.0,0.003221153846153846,0.00018028846153846155,0,0.5,0.5,0.875,0.34125,2.002404651492834,1.2220168040692807,0.2340625,0.9541071873903274
471,1510400,298.80529856681824,2.9880528293550013,298.80529856681824,2.9880528293550013,0.0,0.0,0.0,1019.0542104244232,10.19054215297103,0.5898582500219345,0.4615625,0.29031676251240135,nan,nan,nan,nan,nan,nan,nan,nan,nan,nan,15104,-0.00046153590467294946,0.005475947447121143,0.7633975923061371,-0.0001715727732516825,0.1173928439617157,0.1173928439617157,0.039064920507371426,0.0013056072151847984,0.0066500001208623875,0.9278886914253235,1.0,0.003206730769230769,0.00017918269230769235,0,0.5,0.5,1.0,0.4615625,1.5466950856149198,0.8505727419257164,0.3203125,0.9618303996324539
472,1513600,81.64293912053108,0.8164293682575225,81.64293912053108,0.8164293682575225,0.0,0.0,0.0,801.8918509781361,8.018918691873552,0.8272371231019497,0.3246875,0.177693138944553,nan,nan,nan,nan,nan,nan,nan,nan,nan,nan,15136,-0.0004614076680590884,0.006137804035097361,0.7191980242729187,0.00031159303616732357,0.10631637945771218,0.10631637945771218,0.03349442966282368,0.0008787464939847892,0.004262499971082434,0.9362706542015076,1.0,0.003192307692307692,0.00017807692307692316,0,0.5,0.5,0.9375,0.3246875,2.6228768691420554,1.2331143230199815,0.223125,0.9403571856021881
473,1516800,137.71210399270058,1.3771210128068925,137.71210399270058,1.3771210128068925,0.0,0.0,0.0,857.9610158503056,8.57961033642292,0.9798536891490222,0.3609375,0.18230513798983683,nan,nan,nan,nan,nan,nan,nan,nan,nan,nan,15168,-0.0008045242311432776,0.003638326236978173,0.7492626965045929,-0.0013664314406923949,0.18243046924471856,0.18243046924471856,0.026879025064408778,0.00181549037152193,0.015887500373355578,0.9584593176841736,1.0,0.0031778846153846154,0.00017697115384615386,0,0.5,0.5,1.0,0.3609375,2.3513926315307616,1.544502334445715,0.2625,0.8937500423192978
474,1520000,88.55284011363983,0.8855281491577626,88.55284011363983,0.8855281491577626,0.0,0.0,0.0,808.8017519712448,8.08801747277379,0.9101585528254509,0.32875,0.17210613198245905,nan,nan,nan,nan,nan,nan,nan,nan,nan,nan,15200,-0.0005874667709111492,0.004970464622601867,0.7301384568214416,-0.0004119993885979056,0.1809779867529869,0.1809779867529869,0.027211750857532024,0.0012117489306581284,0.010462499869754538,0.9473775029182434,1.0,0.0031634615384615386,0.00017586538461538466,0,0.5,0.5,0.90625,0.32875,2.986133460998535,1.2479373198747634,0.2328125,0.8863839721679687
475,1523200,178.36227810382843,1.7836229366064071,178.36227810382843,1.7836229366064071,0.0,0.0,0.0,898.6111899614334,8.986112260222436,0.8950205282121897,0.3925,0.20712176683927241,nan,nan,nan,nan,nan,nan,nan,nan,nan,nan,15232,-0.0007826541295275046,0.004515828099101782,0.7106435716152191,-0.0007625839672982693,0.18471780195832252,0.18471780195832252,0.028123177587985992,0.001289545623879956,0.011562499939464033,0.9497587084770203,1.0,0.003149038461538461,0.00017475961538461547,0,0.5,0.5,0.9375,0.3925,2.2713342893123625,1.1068117213994264,0.2753125,0.9550893270969391
476,1526400,78.29551586508751,0.7829552808403969,78.29551586508751,0.7829552808403969,0.0,0.0,0.0,798.5444277226925,7.985444604456425,1.1842719369381667,0.328125,0.15022168002577266,nan,nan,nan,nan,nan,nan,nan,nan,nan,nan,15264,-0.00027853555508148273,0.0054038348607718945,0.7309218645095825,0.00013222289271652699,0.10284557491540909,0.10284557491540909,0.03011211883276701,0.0005923889984875473,0.0024312500201631336,0.9458984732627869,1.0,0.003134615384615384,0.00017365384615384617,0,0.5,0.5,0.90625,0.328125,3.2623503690958024,1.5398833259940148,0.22125,0.8959821861982346
477,1529600,116.38319751620293,1.1638320341706276,116.38319751620293,1.1638320341706276,0.0,0.0,0.0,836.6321093738079,8.366321357786656,0.8934014970064164,0.3559375,0.187988390503947,nan,nan,nan,nan,nan,nan,nan,nan,nan,nan,15296,-0.0006393899184826246,0.004780323710292578,0.7387313842773438,-0.0005542119848541916,0.2010801240801811,0.2010801240801811,0.03393512293696403,0.0011234592795552497,0.008487500005867333,0.9484273195266724,1.0,0.0031201923076923073,0.00017254807692307697,0,0.5,0.5,0.9375,0.3559375,2.1467070209980013,1.5480048008263112,0.2471875,0.9073214691877365
478,1532800,69.27611649036407,0.6927611666917801,69.27611649036407,0.6927611666917801,0.0,0.0,0.0,789.525028347969,7.8952504903078085,1.2375803641974925,0.3359375,0.15013427243784555,nan,nan,nan,nan,nan,nan,nan,nan,nan,nan,15328,-0.00025783120492270937,0.004672662960365415,0.7080389738082886,-0.00012050532968714834,0.09778399541974067,0.09778399541974067,0.03150909636169672,0.0004303196747094456,0.0024156249928637408,0.9527269601821899,1.0,0.0031057692307692297,0.00017144230769230767,0,0.5,0.5,0.9375,0.3359375,2.5439597433805465,1.83927639991045,0.2290625,0.94366075694561
479,1536000,150.6943696141243,1.5069436803460121,150.6943696141243,1.5069436803460121,0.0,0.0,0.0,870.9432814717293,8.70943300396204,0.9437163501232863,0.37125,0.1910000911277267,nan,nan,nan,nan,nan,nan,nan,nan,nan,nan,15360,-0.0003246825320460722,0.004165458446368575,0.7193757832050324,-0.0004657929530367255,0.11495245918631554,0.11495245918631554,0.021218868158757686,0.0005913523175000619,0.0032843749613675755,0.9559034705162048,1.0,0.003091346153846153,0.00017033653846153848,0,0.5,0.5,0.9375,0.37125,2.9910244315862657,1.0769078688323497,0.259375,0.9227232563495636
480,1539200,178.245253354311,1.7824525582790374,178.245253354311,1.7824525582790374,0.0,0.0,0.0,898.494165211916,8.984941881895065,0.8572150860726834,0.3834375,0.2064583164736332,51.72344648838043,0.5172344648838043,51.72344648838043,0.5172344648838043,100.0,1.0092779793962836,0.32,0.15926118898498484,0.0,801.6092003583908,15392,-0.00037579760629578016,0.0038573583820834755,0.7160175561904907,-0.0006502493284642697,0.1311571579426527,0.1311571579426527,0.02363511808216572,0.0006285317391337182,0.003646874962578295,0.9534440636634827,1.0,0.003076923076923076,0.00016923076923076917,0,0.5,0.5,0.96875,0.3834375,2.757628748267889,1.0790892133116723,0.2671875,0.9232143253087998
481,1542400,67.9534820318222,0.6795348525047302,67.9534820318222,0.6795348525047302,0.0,0.0,0.0,788.2023938894272,7.882024176120758,0.8752290757000446,0.3071875,0.16381331965286608,nan,nan,nan,nan,nan,nan,nan,nan,nan,nan,15424,-0.0005245545816666031,0.004514765320345759,0.7175651967525483,-0.0004647152847610414,0.12730450853705405,0.12730450853705405,0.03459909539669752,0.001265397543469392,0.010487500147428363,0.9490957856178284,1.0,0.0030624999999999993,0.00016812499999999998,0,0.5,0.5,0.90625,0.3071875,2.391563720405102,1.3629215052723884,0.2165625,0.9377678990364074
482,1545600,-1.199312150478363,-0.01199313387274742,-1.199312150478363,-0.01199313387274742,0.0,1.199312150478363,0.01199313387274742,719.0495997071266,7.190496189743281,1.471596087962389,0.298125,0.12062043691199459,nan,nan,nan,nan,nan,nan,nan,nan,nan,nan,15456,-0.0006564384823723124,0.00510298484005034,0.7472795486450196,-0.00038271166849881413,0.17124631106853486,0.17124631106853486,0.028121581487357616,0.0010662387463560292,0.006034374929367914,0.9609531164169312,1.0,0.0030480769230769224,0.00016701923076923079,0,0.5,0.5,0.8125,0.298125,3.4993523925542833,1.7914904710650443,0.2121875,0.9437500435113907
483,1548800,86.63213872909546,0.8663213729858399,86.63213872909546,0.8663213729858399,0.0,0.0,0.0,806.8810505867004,8.068810696601869,0.9428466138988734,0.334375,0.17210571210713418,nan,nan,nan,nan,nan,nan,nan,nan,nan,nan,15488,-0.0004970933226228214,0.004688272252678871,0.7214883744716645,-0.00034170314902439716,0.10276902988553047,0.10276902988553047,0.025049359165132047,0.0012803253990602138,0.005765624938067049,0.9509566426277161,1.0,0.0030336538461538456,0.0001659134615384616,0,0.5,0.5,0.9375,0.334375,2.676258265823126,1.2821117813885212,0.221875,0.9600893288850785
484,1552000,124.27361783385277,1.242736211270094,124.27361783385277,1.242736211270094,0.0,0.0,0.0,844.5225296914577,8.445225534886122,1.1543910433351994,0.3575,0.16594016258374175,nan,nan,nan,nan,nan,nan,nan,nan,nan,nan,15520,-0.0007030669244297405,0.004675993463024497,0.7141722679138184,-0.0005213210126385093,0.16022272109985353,0.16022272109985353,0.03194822072982788,0.0009921415552561225,0.005606250022538006,0.9498406052589417,1.0,0.003019230769230769,0.0001648076923076923,0,0.5,0.5,0.9375,0.3575,3.389372165799141,1.3144512957334518,0.250625,0.896339328289032
485,1555200,108.78803330659866,1.087880205065012,108.78803330659866,1.087880205065012,0.0,0.0,0.0,829.0369451642036,8.29036952868104,0.8295762151479721,0.3328125,0.18190687944261608,nan,nan,nan,nan,nan,nan,nan,nan,nan,nan,15552,-0.0011802862957818404,0.005084081366658211,0.7406585514545441,-0.0008637821651063859,0.16240412816405297,0.16240412816405297,0.03030325621366501,0.002211912435454013,0.02282500038854778,0.9434630274772644,1.0,0.003004807692307691,0.0001637019230769231,0,0.5,0.5,0.875,0.3328125,2.7772628816962244,1.3234681998193265,0.2365625,0.938348258137703
486,1558400,135.7054339647293,1.3570542214810848,135.7054339647293,1.3570542214810848,0.0,0.0,0.0,855.9543458223343,8.559543545097114,0.9373397346585989,0.354375,0.1829183563730749,nan,nan,nan,nan,nan,nan,nan,nan,nan,nan,15584,-0.0006021823399932735,0.003622910170815885,0.7267853319644928,-0.0009640949545428156,0.17913528382778168,0.17913528382778168,0.02297742646187544,0.0014550754895059999,0.011412499981815927,0.9567910432815552,1.0,0.0029903846153846144,0.0001625961538461539,0,0.5,0.5,0.90625,0.354375,2.6280390252172947,1.1626806529611349,0.254375,0.933392898440361
487,1561600,122.3673440515995,1.2236734990775586,122.3673440515995,1.2236734990775586,0.0,0.0,0.0,842.6162559092045,8.426162822693588,0.8567913929373026,0.3471875,0.18698250181501316,nan,nan,nan,nan,nan,nan,nan,nan,nan,nan,15616,-0.0003987746545986326,0.004203648632392287,0.70094513297081,-0.00038293600082397463,0.13593075498938562,0.13593075498938562,0.022979804128408433,0.0011285139564313124,0.008368750161025673,0.9503958821296692,1.0,0.0029759615384615376,0.0001614903846153846,0,0.5,0.5,0.90625,0.3471875,2.47964184820652,1.2539486967772246,0.2375,0.9243750417232514
488,1564800,128.30521202087402,1.2830520847439766,128.30521202087402,1.2830520847439766,0.0,0.0,0.0,848.554123878479,8.485541408360005,0.8935096404701471,0.353125,0.18649231694026192,nan,nan,nan,nan,nan,nan,nan,nan,nan,nan,15648,-0.00034696259346092,0.003998310235328972,0.7235185623168945,-0.0004905355861410498,0.11306031197309493,0.11306031197309493,0.027664583548903464,0.0006881617835496387,0.003824999905191362,0.9540666937828064,1.0,0.0029615384615384608,0.0001603846153846154,0,0.5,0.5,0.9375,0.353125,2.81042106539011,1.4375673319399356,0.256875,0.9024107563495636
489,1568000,-15.08407011628151,-0.15084055662155152,-15.08407011628151,-0.15084055662155152,0.0,15.08407011628151,0.15084055662155152,705.1648417413235,7.051648766994477,1.455630344003439,0.2921875,0.11898676065536955,nan,nan,nan,nan,nan,nan,nan,nan,nan,nan,15680,-0.00037872711875746034,0.004635290987789631,0.7078603565692901,-0.0001472277450375259,0.11880404204130172,0.11880404204130172,0.03285860847681761,0.0006031592885880654,0.002949999975680839,0.959148108959198,1.0,0.002947115384615384,0.0001592788461538462,0,0.5,0.5,0.84375,0.2921875,3.570951200723648,1.876170680075884,0.2153125,0.9331696873903275
490,1571200,23.814347207546234,0.23814333081245423,23.814347207546234,0.23814333081245423,0.0,0.0,0.0,744.0632590651512,7.440632654428482,1.0912017231434583,0.3015625,0.1442053612822662,nan,nan,nan,nan,nan,nan,nan,nan,nan,nan,15712,-0.0006241986303997749,0.0038894589059054853,0.6889464676380157,-0.0006999372038990259,0.2895640701055527,0.2895640701055527,0.02602064125239849,0.0009551073111687125,0.0067875001284846805,0.9630081653594971,1.0,0.002932692307692307,0.0001581730769230769,0,0.5,0.5,0.90625,0.3015625,2.6138680800795555,1.5801519810408353,0.2021875,0.9450893259048462
491,1574400,202.5295612514019,2.0252955597639084,202.5295612514019,2.0252955597639084,0.0,0.0,0.0,922.7784731090069,9.227784883379936,0.7385771696269512,0.394375,0.226837788330455,nan,nan,nan,nan,nan,nan,nan,nan,nan,nan,15744,-0.0004592016127745957,0.003611359093338251,0.7539865911006928,-0.0008538579568266869,0.13084994181990622,0.13084994181990622,0.02297106571495533,0.0009155219631828456,0.004175000009126961,0.9532095789909363,1.0,0.0029182692307692304,0.00015706730769230771,0,0.5,0.5,1.0,0.394375,2.3504105308651924,0.98982064306736,0.2840625,0.9473661142587662
492,1577600,83.3870647251606,0.833870649188757,83.3870647251606,0.833870649188757,0.0,0.0,0.0,803.6359765827656,8.036359972804785,0.8833392494916916,0.328125,0.17422511641944494,nan,nan,nan,nan,nan,nan,nan,nan,nan,nan,15776,-0.0004153765236740492,0.004844820778816939,0.7176455318927765,-7.689835038036109e-05,0.1503283604979515,0.1503283604979515,0.029660051874816417,0.0007691118451510344,0.005024999988381751,0.9492927193641663,1.0,0.0029038461538461536,0.00015596153846153852,0,0.5,0.5,0.875,0.328125,2.224899987578392,1.1551339156925677,0.2278125,0.9670089751482009
493,1580800,120.89801487326622,1.2089801517128944,120.89801487326622,1.2089801517128944,0.0,0.0,0.0,841.1469267308712,8.411469475328923,0.7855417899787426,0.34875,0.19531886733614448,nan,nan,nan,nan,nan,nan,nan,nan,nan,nan,15808,-0.0008396758738905774,0.0038135011214762925,0.7373322010040283,-0.0010633900295943023,0.23154601007699965,0.23154601007699965,0.024640956334769724,0.0013136511301162918,0.00946562502067536,0.9529244303703308,1.0,0.0028894230769230768,0.00015485576923076922,0,0.5,0.5,0.96875,0.34875,2.1232992567121984,1.3954023665189743,0.2353125,0.9341964721679688
494,1584000,193.23391461372375,1.9323391558229923,193.23391461372375,1.9323391558229923,0.0,0.0,0.0,913.4828264713287,9.13482847943902,0.6416616557538509,0.3878125,0.23623168552469878,nan,nan,nan,nan,nan,nan,nan,nan,nan,nan,15840,-0.000384915954213827,0.004035249026492238,0.7496223092079163,-0.0005224555847235024,0.08462202772498131,0.08462202772498131,0.02473557833582163,0.0006981906863110924,0.0014781249898078385,0.9507875442504883,1.0,0.002875,0.00015375000000000002,0,0.5,0.5,0.96875,0.3878125,2.7106831201910975,0.8896710143238306,0.274375,0.9489732575416565
495,1587200,128.01103019714355,1.280110402852297,128.01103019714355,1.280110402852297,0.0,0.0,0.0,848.2599420547485,8.482599726468326,0.8176386284083128,0.35875,0.19737146558892932,nan,nan,nan,nan,nan,nan,nan,nan,nan,nan,15872,-0.0005057764435070667,0.003928050841204822,0.7619147181510926,-0.000721266632899642,0.13948630392551423,0.13948630392551423,0.02662401143461466,0.0010328265201713478,0.0036718750016007107,0.9553793668746948,1.0,0.002860576923076923,0.00015264423076923083,0,0.5,0.5,0.9375,0.35875,2.6698996183276176,1.1199898000061512,0.2459375,0.9247321861982346
496,1590400,105.31576192378998,1.053157785832882,105.31576192378998,1.053157785832882,0.0,0.0,0.0,825.564673781395,8.25564710944891,0.9844977349042893,0.3421875,0.17243027995519652,nan,nan,nan,nan,nan,nan,nan,nan,nan,nan,15904,-0.0005347952284617374,0.0042174194473773245,0.7367175996303559,-0.0005228971946053207,0.1486664332449436,0.1486664332449436,0.025405090674757956,0.0009431437194543715,0.003440624941140413,0.9547379612922668,1.0,0.0028461538461538463,0.00015153846153846164,0,0.5,0.5,0.9375,0.3421875,3.3310406282544136,1.2806663928180932,0.243125,0.9352232551574707
497,1593600,204.08313131332397,2.0408311313390732,204.08313131332397,2.0408311313390732,0.0,0.0,0.0,924.332043170929,9.243320454955102,0.641981122866273,0.39125,0.23827923144270174,nan,nan,nan,nan,nan,nan,nan,nan,nan,nan,15936,-0.0002248332025348354,0.0034607618814334272,0.7655813455581665,-0.0006623725290410221,0.07918429598212243,0.07918429598212243,0.022572413831949235,0.0006989283050679358,0.0014687500006402843,0.9548271298408508,1.0,0.0028317307692307687,0.00015043269230769233,0,0.5,0.5,0.96875,0.39125,2.7145492121577264,0.7439209721237421,0.274375,0.9308036130666733
498,1596800,80.44307881593704,0.8044306503236294,80.44307881593704,0.8044306503236294,0.0,0.0,0.0,800.691990673542,8.006919973939658,0.8939794939756394,0.325625,0.17192635983427826,nan,nan,nan,nan,nan,nan,nan,nan,nan,nan,15968,-0.0005146517380490323,0.004037085548043251,0.7295415282249451,-0.0005514518124982715,0.12931911051273345,0.12931911051273345,0.03182772267609835,0.0008504599911284685,0.004206250001880107,0.958064079284668,1.0,0.002817307692307691,0.00014932692307692303,0,0.5,0.5,0.875,0.325625,2.574331273436546,1.417905023396015,0.2175,0.9350893265008926
499,1600000,233.21964198350906,2.3321963596343993,233.21964198350906,2.3321963596343993,0.0,0.0,0.0,953.468553841114,9.534685683250427,0.7772750710695981,0.4128125,0.23227271159076213,nan,nan,nan,nan,nan,nan,nan,nan,nan,nan,16000,-0.0005824527706252524,0.004414170887321234,0.7472775161266327,-0.00046990002738311887,0.29019616544246674,0.29019616544246674,0.034325120598077775,0.0012837007547241031,0.007599999941885471,0.9501554369926453,1.0,0.002802884615384614,0.00014822115384615384,0,0.5,0.5,0.96875,0.4128125,2.3284440356492997,0.9302037532627583,0.2946875,0.920044686794281
500,1603200,77.03530776500702,0.7703530822694301,77.03530776500702,0.7703530822694301,0.0,0.0,0.0,797.284219622612,7.972842405885459,1.0155808436125517,0.326875,0.16217409539085403,54.35050630569458,0.5435050630569458,54.35050630569458,0.5435050630569458,100.0,0.9813374818488956,0.32,0.16150706425913383,0.0,804.236260175705,16032,-0.00044570496224332067,0.004470218438655138,0.7147773921489715,-0.0002037250087596476,0.18499782904982567,0.18499782904982567,0.027339531295001506,0.0009290039124643483,0.007168750022538006,0.9568050503730774,1.0,0.0027884615384615374,0.00014711538461538464,0,0.5,0.5,0.9375,0.326875,2.7905412128567697,1.3095053638517857,0.240625,0.9451339733600617
501,1606400,52.98542222380638,0.5298541989922524,52.98542222380638,0.5298541989922524,0.0,0.0,0.0,773.2343340814114,7.73234352260828,1.1174499352276326,0.3128125,0.1477307655759859,nan,nan,nan,nan,nan,nan,nan,nan,nan,nan,16064,-0.0005071407987182752,0.0049867444206029175,0.6952295780181885,5.7637866120785475e-05,0.1965030275285244,0.1965030275285244,0.027351611852645875,0.000822484787571567,0.004634374950546772,0.9455751776695251,1.0,0.0027740384615384606,0.00014600961538461534,0,0.5,0.5,0.96875,0.3128125,2.9149969002604483,1.4758407221734524,0.2178125,0.9389732557535172
502,1609600,142.7523250579834,1.4275233256816864,142.7523250579834,1.4275233256816864,0.0,0.0,0.0,863.0012369155884,8.630012649297715,0.8452541463077068,0.3609375,0.19560313722758685,nan,nan,nan,nan,nan,nan,nan,nan,nan,nan,16096,-0.0006812572454276911,0.0037569128908216953,0.7172565579414367,-0.0007821530336514116,0.11255880296230317,0.11255880296230317,0.022370756417512894,0.0009791401889777836,0.005024999895249493,0.9573996067047119,1.0,0.002759615384615384,0.00014490384615384615,0,0.5,0.5,0.90625,0.3609375,2.078988542854786,1.2290447695553304,0.2475,0.9374553990364075
503,1612800,122.72181701660156,1.2272180491685867,122.72181701660156,1.2272180491685867,0.0,0.0,0.0,842.9707288742065,8.429707372784614,0.9451074208319187,0.3565625,0.18331249790178625,nan,nan,nan,nan,nan,nan,nan,nan,nan,nan,16128,-0.0003437709793971955,0.0037995044374838473,0.7348667502403259,-0.000461369298864156,0.13510961309075356,0.13510961309075356,0.020024882443249226,0.0007948920098024016,0.006699999840930104,0.9577562808990479,1.0,0.002745192307692307,0.00014379807692307695,0,0.5,0.5,0.9375,0.3565625,2.0354525050520897,1.6422053052484988,0.2378125,0.9630357557535172
504,1616000,210.38582050800323,2.1038582542538644,210.38582050800323,2.1038582542538644,0.0,0.0,0.0,930.6347323656082,9.306347577869893,0.6977731307595968,0.4015625,0.23652306231300638,nan,nan,nan,nan,nan,nan,nan,nan,nan,nan,16160,-0.0005563504209101566,0.0031300604809075595,0.7115460991859436,-0.0009343884768895805,0.21732558086514472,0.21732558086514472,0.018818726204335688,0.0011012176211842712,0.010853124922141433,0.9588026404380798,1.0,0.00273076923076923,0.00014269230769230765,0,0.5,0.5,1.0,0.4015625,2.416482770740986,0.8655418869107961,0.28625,0.94991075694561
505,1619200,89.10541278123856,0.8910543817281723,89.10541278123856,0.8910543817281723,0.0,0.0,0.0,809.3543246388435,8.093543705344201,0.8460987979918718,0.3296875,0.17858605420177065,nan,nan,nan,nan,nan,nan,nan,nan,nan,nan,16192,-0.0005593958837038393,0.003777376399375498,0.7291676104068756,-0.0006513793370686472,0.18453314527869225,0.18453314527869225,0.02427824158221483,0.001224846616973168,0.007503124978393316,0.9611820578575134,1.0,0.0027163461538461534,0.00014158653846153846,0,0.5,0.5,0.90625,0.3296875,3.065919805765152,1.2242683596909045,0.2378125,0.9274553954601288
506,1622400,122.58988547325134,1.225898899435997,122.58988547325134,1.225898899435997,0.0,0.0,0.0,842.8387973308563,8.428388223052025,1.1928667831420898,0.3690625,0.16830137737376913,nan,nan,nan,nan,nan,nan,nan,nan,nan,nan,16224,-0.000543885283751333,0.004971684096381069,0.7282070279121399,-2.560259308665991e-05,0.20679941400885582,0.20679941400885582,0.024750712141394616,0.0007262659957668631,0.0050749999641993785,0.9479507207870483,1.0,0.0027019230769230766,0.00014048076923076926,0,0.5,0.5,0.875,0.3690625,2.420149329304695,1.4350120149552823,0.250625,0.9604018276929855
507,1625600,47.64127641916275,0.4764128938317299,47.64127641916275,0.4764128938317299,0.0,0.0,0.0,767.8901882767677,7.678902217447758,0.8313670387864113,0.3165625,0.172855846641084,nan,nan,nan,nan,nan,nan,nan,nan,nan,nan,16256,-0.0005084048997203716,0.004246338317170739,0.744894927740097,-0.0003871409106068313,0.11139937415719033,0.11139937415719033,0.026083198189735413,0.0006948856123962428,0.00256874999467982,0.9622406363487244,1.0,0.002687499999999999,0.00013937500000000007,0,0.5,0.5,0.84375,0.3165625,3.2354845130443572,1.2441618964076042,0.215,0.9329911142587661
508,1628800,96.38813865184784,0.9638812540471554,96.38813865184784,0.9638812540471554,0.0,0.0,0.0,816.6370505094528,8.166370577663184,1.0124692666530608,0.3390625,0.1684808337788408,nan,nan,nan,nan,nan,nan,nan,nan,nan,nan,16288,-0.000307345274992965,0.004562854999676347,0.7008159041404725,0.00010074740275740623,0.12595849186182023,0.12595849186182023,0.02810151092708111,0.001007847447184729,0.0054718750208849086,0.952926516532898,1.0,0.002673076923076922,0.00013826923076923076,0,0.5,0.5,0.9375,0.3390625,2.5441781827807426,1.2860169787704945,0.220625,0.9494196808338166
509,1632000,128.8930340707302,1.2889304292201995,128.8930340707302,1.2889304292201995,0.0,0.0,0.0,849.1419459283352,8.491419752836228,0.7838843207061291,0.3534375,0.19812803773066184,nan,nan,nan,nan,nan,nan,nan,nan,nan,nan,16320,-0.0005118360127104538,0.0038321660831570625,0.7368799388408661,-0.000554861593991518,0.2060740888118744,0.2060740888118744,0.025936817191541194,0.0006602401308591872,0.005234375080908649,0.9563317894935608,1.0,0.0026586538461538453,0.00013716346153846157,0,0.5,0.5,0.875,0.3534375,2.657469427585602,1.023373991549015,0.2546875,0.9233482563495636
510,1635200,168.9329350590706,1.6893292562663556,168.9329350590706,1.6893292562663556,0.0,0.0,0.0,889.1818469166756,8.891818579882383,0.8434287540614605,0.3784375,0.2052900060098459,nan,nan,nan,nan,nan,nan,nan,nan,nan,nan,16352,-0.0004627997406409179,0.0034386595711112023,0.7296236217021942,-0.0006727632367983461,0.17598849833011626,0.17598849833011626,0.02633775193244219,0.0010346438026352877,0.008109374923515133,0.9568342566490173,1.0,0.0026442307692307685,0.00013605769230769238,0,0.5,0.5,1.0,0.3784375,2.4464014187455176,0.9821925880759954,0.2659375,0.9216071873903274
511,1638400,191.59599068760872,1.915959965288639,191.59599068760872,1.915959965288639,0.0,0.0,0.0,911.8449025452137,9.118449288904667,0.8025619830191135,0.3975,0.22051946271174916,nan,nan,nan,nan,nan,nan,nan,nan,nan,nan,16384,-0.0004052153833734362,0.0035909882979467513,0.7147979199886322,-0.0004895023070275783,0.1506134182214737,0.1506134182214737,0.02684133592993021,0.0007137923363224463,0.004387499971198849,0.9568609595298767,1.0,0.0026298076923076917,0.00013495192307692307,0,0.5,0.5,0.96875,0.3975,2.4323265762627124,0.9139149232208729,0.2825,0.9719196891784668
512,1641600,169.86107301712036,1.6986104956269263,169.86107301712036,1.6986104956269263,0.0,0.0,0.0,890.1099848747253,8.901099819242955,0.8401347044855356,0.3884375,0.21109188313939184,nan,nan,nan,nan,nan,nan,nan,nan,nan,nan,16416,-0.0004057231015700324,0.0039390857797116045,0.7318403422832489,-0.0003502241219393909,0.14402734786272048,0.14402734786272048,0.02054791022092104,0.0007302416674100714,0.005118749919347465,0.9557862281799316,1.0,0.002615384615384615,0.00013384615384615388,0,0.5,0.5,0.96875,0.3884375,2.5604597017169,1.1590509585291147,0.28,0.9433928978443146
513,1644800,102.50386568903923,1.0250386895239354,102.50386568903923,1.0250386895239354,0.0,0.0,0.0,822.7527775466442,8.227528013139963,1.0294799070060252,0.345,0.16999429203955932,nan,nan,nan,nan,nan,nan,nan,nan,nan,nan,16448,-0.0003930177242407851,0.0039041369687765836,0.7185333609580994,-0.00030982689931988714,0.11053058505058289,0.11053058505058289,0.022360421903431415,0.0005670707758362729,0.0025156250107102097,0.9584478139877319,1.0,0.002600961538461538,0.00013274038461538469,0,0.5,0.5,0.90625,0.345,2.161913039386272,1.4121150405704974,0.2321875,0.9488393270969391
514,1648000,65.29711353778839,0.6529712760448456,65.29711353778839,0.6529712760448456,0.0,0.0,0.0,785.5460253953934,7.855460599660874,0.9284075967222453,0.3225,0.16723642893139395,nan,nan,nan,nan,nan,nan,nan,nan,nan,nan,16480,-0.0003954640368232454,0.005789374047890305,0.7303741812705994,0.0006100820959545672,0.1528096653521061,0.1528096653521061,0.03145889565348625,0.0008527909929433166,0.004918750037904829,0.9420671463012695,1.0,0.0025865384615384613,0.00013163461538461538,0,0.5,0.5,0.875,0.3225,1.9973235492408277,1.210558670461178,0.214375,0.9307589703798294
515,1651200,168.80658996105194,1.6880657809972763,168.80658996105194,1.6880657809972763,0.0,0.0,0.0,889.0555018186569,8.890555104613304,0.622350667566061,0.371875,0.22921986438228376,nan,nan,nan,nan,nan,nan,nan,nan,nan,nan,16512,-0.0004867196077888547,0.0038744991179555655,0.7361264765262604,-0.00044287221389822663,0.11955097764730453,0.11955097764730453,0.021952332742512227,0.0010421228573286446,0.007187500002328306,0.9523247480392456,1.0,0.0025721153846153845,0.0001305288461538462,0,0.5,0.5,1.0,0.371875,2.2477031846344473,0.8237729807943106,0.26,0.9734821850061417
516,1654400,69.33029088377953,0.6933027583360672,69.33029088377953,0.6933027583360672,0.0,0.0,0.0,789.5792027413845,7.895792081952095,0.9504704089462757,0.3153125,0.1616597199084629,nan,nan,nan,nan,nan,nan,nan,nan,nan,nan,16544,-0.0007550354057574537,0.004128335416316986,0.7232267677783966,-0.0005406592739745974,0.15346447229385377,0.15346447229385377,0.021737563610076904,0.0013042746482860971,0.006021874968428165,0.9539574980735779,1.0,0.0025576923076923077,0.000129423076923077,0,0.5,0.5,0.90625,0.3153125,2.1591513860225677,1.3202328765392304,0.224375,0.9531696861982346
517,1657600,107.54841351509094,1.0754839619994163,107.54841351509094,1.0754839619994163,0.0,0.0,0.0,827.7973253726959,8.277973285615445,1.068289600610733,0.3578125,0.17299922597606432,nan,nan,nan,nan,nan,nan,nan,nan,nan,nan,16576,-0.00035776946287082725,0.004386707162484527,0.7529826164245605,-7.945337565615774e-05,0.1656802348792553,0.1656802348792553,0.026917490363121032,0.0011627650888873437,0.008721875178162008,0.9553728103637695,1.0,0.00254326923076923,0.0001283173076923077,0,0.5,0.5,0.90625,0.3578125,2.808392697274685,1.683655190616846,0.255,0.8790178966522216
518,1660800,91.69710895419121,0.9169710613787174,91.69710895419121,0.9169710613787174,0.0,0.0,0.0,811.9460208117962,8.119460384994746,1.0815154266357423,0.3384375,0.16259187689374996,nan,nan,nan,nan,nan,nan,nan,nan,nan,nan,16608,-0.0002675642527377953,0.005046254489570856,0.7233834803104401,0.00042623740155249833,0.16563502550125123,0.16563502550125123,0.02773713804781437,0.00046012350649460965,0.00250625003791356,0.9454634189605713,1.0,0.0025288461538461524,0.0001272115384615385,0,0.5,0.5,0.90625,0.3384375,2.9189175337553026,1.1737105728685855,0.2359375,0.9453571820259095
519,1664000,139.67097175121307,1.3967096439003945,139.67097175121307,1.3967096439003945,0.0,0.0,0.0,859.919883608818,8.599198967516422,0.9395360182225704,0.375625,0.19366745266439042,nan,nan,nan,nan,nan,nan,nan,nan,nan,nan,16640,-0.0002314081219607078,0.004465662781149149,0.7329402983188629,0.0001585012418217957,0.09115619212388992,0.09115619212388992,0.0226198960095644,0.00048133035016135724,0.002603124984307215,0.9478573203086853,1.0,0.0025144230769230756,0.0001261057692307692,0,0.5,0.5,0.9375,0.375625,2.237412514537573,1.4775021466612817,0.25875,0.9137500435113907
520,1667200,144.5460599064827,1.4454604399204254,144.5460599064827,1.4454604399204254,0.0,0.0,0.0,864.7949717640877,8.647949763536454,0.7064623169600963,0.3571875,0.20931461330848272,56.862363800406456,0.5686236380040646,56.862363800406456,0.5686236380040646,100.0,0.9815530632995069,0.32,0.1614894932297015,0.0,806.7481176704168,16672,-0.0005103269073821082,0.004245473025366664,0.7607354879379272,-0.0002894290490075946,0.2377384275197983,0.2377384275197983,0.03215181976556778,0.0005355526531312276,0.0034093750349711628,0.9538999795913696,1.0,0.0024999999999999988,0.000125,0,0.5,0.5,0.96875,0.3571875,2.4083346946537496,0.9492502221465111,0.2528125,0.9300446820259094
521,1670400,108.30282571911812,1.0830282682180405,108.30282571911812,1.0830282682180405,0.0,0.0,0.0,828.5517375767231,8.285517591834068,0.9009205819666386,0.3390625,0.17836752530145975,nan,nan,nan,nan,nan,nan,nan,nan,nan,nan,16704,-0.0002461948132913783,0.0036301090149208903,0.7127006411552429,-0.0002026126254349947,0.11884789429605007,0.11884789429605007,0.025870624743402005,0.0004943376749943101,0.0038124999606225173,0.9566846489906311,1.0,0.002485576923076922,0.0001238942307692308,0,0.5,0.5,0.96875,0.3390625,2.0637840956449507,1.4468595051020383,0.2365625,0.9423214703798294
522,1673600,67.79476091265678,0.6779476055502891,67.79476091265678,0.6779476055502891,0.0,0.0,0.0,788.0436727702618,7.880436929166317,0.9582871092110872,0.32125,0.16404642531166858,nan,nan,nan,nan,nan,nan,nan,nan,nan,nan,16736,-0.00048390677465359744,0.0043210219591856,0.6937949120998382,-3.786975285038352e-05,0.10147178694605827,0.10147178694605827,0.0230772802606225,0.000725837186659126,0.002493750036228448,0.9557768702507019,1.0,0.002471153846153845,0.0001227884615384615,0,0.5,0.5,0.90625,0.32125,2.479254403114319,1.461716318130493,0.2265625,0.9262946850061416
523,1676800,118.61022052168846,1.1861022743582725,118.61022052168846,1.1861022743582725,0.0,0.0,0.0,838.8591323792934,8.388591597974301,0.9641427764296532,0.3478125,0.1770810677176131,nan,nan,nan,nan,nan,nan,nan,nan,nan,nan,16768,-0.000525039174253461,0.004489304637536407,0.7212991416454315,-5.242462502792477e-05,0.15829838812351227,0.15829838812351227,0.029243568144738673,0.0009007808945205847,0.004675000029965304,0.9477629065513611,1.0,0.0024567307692307683,0.00012168269230769231,0,0.5,0.5,0.9375,0.3478125,2.5106880810856818,1.1201817072182894,0.2484375,0.9673214703798294
524,1680000,11.147307515144348,0.11147311881184578,11.147307515144348,0.11147311881184578,0.0,0.0,0.0,731.3962193727493,7.313962442427874,1.0159787391871213,0.2953125,0.14648591984609682,nan,nan,nan,nan,nan,nan,nan,nan,nan,nan,16800,-0.00029442588905927993,0.004882640251889825,0.7373445451259613,0.00034607189008966087,0.14066814556717872,0.14066814556717872,0.02607546504586935,0.0005216968496861054,0.0027437500335508957,0.9541122317314148,1.0,0.0024423076923076915,0.00012057692307692312,0,0.5,0.5,0.875,0.2953125,3.1687406313419344,1.462620361968875,0.2015625,0.9371428996324539
525,1683200,202.14228677749634,2.021422854065895,202.14228677749634,2.021422854065895,0.0,0.0,0.0,922.3911986351013,9.223912177681923,0.7284910383820534,0.3990625,0.2308733404678457,nan,nan,nan,nan,nan,nan,nan,nan,nan,nan,16832,-0.00035705869810773725,0.003425089223310351,0.7319891095161438,-0.00042169918306171893,0.16037437990307807,0.16037437990307807,0.022275502607226372,0.0007748023450440016,0.006931250047273352,0.9560810327529907,1.0,0.0024278846153846147,0.00011947115384615382,0,0.5,0.5,0.96875,0.3990625,2.5591244027018547,0.8854225262254477,0.309375,0.9593303954601288
526,1686400,73.35809770226479,0.7335810190439225,73.35809770226479,0.7335810190439225,0.0,0.0,0.0,793.6070095598698,7.936070342659951,0.7948034081608057,0.306875,0.17097972881300966,nan,nan,nan,nan,nan,nan,nan,nan,nan,nan,16864,-0.00043011589177179845,0.004067369969561696,0.7134890735149384,-0.00011840929510071873,0.1859189435839653,0.1859189435839653,0.0227421285584569,0.0009094793684234697,0.007296874937310349,0.9554100036621094,1.0,0.002413461538461538,0.00011836538461538462,0,0.5,0.5,0.90625,0.306875,2.1717106899619103,1.1925092650949956,0.2153125,0.9233928954601288
527,1689600,227.9865806698799,2.2798658871650694,227.9865806698799,2.2798658871650694,0.0,0.0,0.0,948.2354925274849,9.482355210781098,0.7862838730961085,0.41375,0.23162611846394854,nan,nan,nan,nan,nan,nan,nan,nan,nan,nan,16896,-0.00038714508721024996,0.0033487039152532818,0.7219361186027526,-0.0004447456856723875,0.17088782414793968,0.17088782414793968,0.0189708786085248,0.0009816758767593452,0.008243750192559674,0.9548372626304626,1.0,0.002399038461538461,0.00011725961538461543,0,0.5,0.5,1.0,0.41375,2.0335206365585328,0.9944298207014799,0.2884375,0.9276786106824875
528,1692800,42.9638774394989,0.4296389153599739,42.9638774394989,0.4296389153599739,0.0,0.0,0.0,763.2127892971039,7.632128238976002,1.0564279199391604,0.3028125,0.14725169652868683,nan,nan,nan,nan,nan,nan,nan,nan,nan,nan,16928,-0.0006117423246381759,0.0035767484456300735,0.7026632726192474,-0.0004989497479982674,0.21975419372320176,0.21975419372320176,0.022553342022001745,0.000844227387646232,0.0046749999251915145,0.9621950387954712,1.0,0.0023846153846153843,0.00011615384615384623,0,0.5,0.5,0.875,0.3028125,2.9605330991744996,1.449212296232581,0.213125,0.9381250423192978
529,1696000,210.90227192640305,2.1090228249132634,210.90227192640305,2.1090228249132634,0.0,0.0,0.0,931.151183784008,9.311512148529292,0.7282243949919939,0.4071875,0.23561031841694743,nan,nan,nan,nan,nan,nan,nan,nan,nan,nan,16960,-0.0002254389969537307,0.003993111010640859,0.730812793970108,3.894971450790763e-05,0.1412309527397156,0.1412309527397156,0.025338313728570937,0.0007923654280639781,0.005953124887309968,0.9445398449897766,1.0,0.0023701923076923075,0.00011504807692307693,0,0.5,0.5,0.96875,0.4071875,2.412767913937569,1.1265962490439414,0.29125,0.9421875411272049
530,1699200,199.25700089335442,1.9925699535012245,199.25700089335442,1.9925699535012245,0.0,0.0,0.0,919.5059127509594,9.195059277117252,0.9016412018984556,0.403125,0.21198793946910194,nan,nan,nan,nan,nan,nan,nan,nan,nan,nan,16992,-0.0004017148937156989,0.003930358216166496,0.7314394772052765,-0.00015963842160999776,0.14262089803814887,0.14262089803814887,0.028405902720987797,0.0007099064783723799,0.004428124980768189,0.9478657841682434,1.0,0.00235576923076923,0.00011394230769230774,0,0.5,0.5,1.0,0.403125,2.3597920459508894,1.1678081373870373,0.2959375,0.9439286124706269
531,1702400,16.053699016571045,0.16053706169128418,16.053699016571045,0.16053706169128418,0.0,0.0,0.0,736.302610874176,7.363026385307312,1.2648736910521985,0.2978125,0.13149188017705501,nan,nan,nan,nan,nan,nan,nan,nan,nan,nan,17024,-0.0005652447266562888,0.00550552261993289,0.7033682525157928,0.0005406880634836852,0.1280499666929245,0.1280499666929245,0.02819538302719593,0.0009617400286551602,0.005200000031618401,0.9469160437583923,1.0,0.002341346153846153,0.00011283653846153854,0,0.5,0.5,0.84375,0.2978125,3.241903756260872,1.7769185718894005,0.2075,0.9190179014205933
532,1705600,133.5792101919651,1.3357922223210335,133.5792101919651,1.3357922223210335,0.0,0.0,0.0,853.8281220495701,8.538281545937062,0.9257655438780784,0.3578125,0.18580273239256448,nan,nan,nan,nan,nan,nan,nan,nan,nan,nan,17056,-0.00048412766367542657,0.0042951168492436406,0.7427530348300934,-6.48984918370843e-05,0.1163610927760601,0.1163610927760601,0.02309045512229204,0.0009227098984447586,0.005553124970174394,0.9443696141242981,1.0,0.0023269230769230763,0.00011173076923076924,0,0.5,0.5,1.0,0.3578125,2.0340520821511747,1.2575401931256056,0.249375,0.9344196850061417
533,1708800,143.26421481370926,1.4326422503590583,143.26421481370926,1.4326422503590583,0.0,0.0,0.0,863.5131266713142,8.635131573975087,0.9594691696017981,0.3703125,0.18898613244078477,nan,nan,nan,nan,nan,nan,nan,nan,nan,nan,17088,-0.0005091458968585538,0.004113263310864567,0.717580258846283,-0.00011191859375685454,0.1280733071267605,0.1280733071267605,0.020708159916102885,0.0009525560482906957,0.004706250043454929,0.9556213617324829,1.0,0.0023124999999999995,0.00011062500000000005,0,0.5,0.5,0.9375,0.3703125,2.0872416877746582,1.286591906696558,0.25125,0.9818750441074371
534,1712000,93.01224571466446,0.9301225584745407,93.01224571466446,0.9301225584745407,0.0,0.0,0.0,813.2611575722694,8.132611882090568,0.9376286065578461,0.34375,0.17740757895325676,nan,nan,nan,nan,nan,nan,nan,nan,nan,nan,17120,-0.0003833061731464138,0.004362872149795294,0.7013594388961792,0.0001863520359620452,0.15331214368343354,0.15331214368343354,0.02532518021762371,0.0007259566757093301,0.004359374998603016,0.9526935815811157,1.0,0.0022980769230769226,0.00010951923076923085,0,0.5,0.5,0.9375,0.34375,2.426060019135475,1.3676343773305417,0.23375,0.9165625429153442
535,1715200,182.26904079318047,1.822690424621105,182.26904079318047,1.822690424621105,0.0,0.0,0.0,902.5179526507854,9.025179748237132,0.7866413114964962,0.3946875,0.22091031784628815,nan,nan,nan,nan,nan,nan,nan,nan,nan,nan,17152,-0.0007272960875722489,0.004207438929006458,0.7131417989730835,-0.0002521457034163177,0.1593813717365265,0.1593813717365265,0.02650870066136122,0.0007333665749720188,0.003756249923026189,0.9476320147514343,1.0,0.002283653846153846,0.00010841346153846155,0,0.5,0.5,0.96875,0.3946875,1.9686957210302354,1.22620870731771,0.26875,0.9574107575416565
536,1718400,76.76076924800873,0.7676078170537949,76.76076924800873,0.7676078170537949,0.0,0.0,0.0,797.0096811056137,7.970097140669823,1.0206113809347153,0.335,0.1657914050969228,nan,nan,nan,nan,nan,nan,nan,nan,nan,nan,17184,-0.00032905609711595394,0.003838735376484692,0.718339878320694,-3.976739244535565e-05,0.17359213680028915,0.17359213680028915,0.020353345759212972,0.0013663474514068138,0.00992500006541377,0.9635079503059387,1.0,0.002269230769230769,0.00010730769230769236,0,0.5,0.5,0.9375,0.335,3.4120131975412367,1.3680543886125087,0.2428125,0.9131250429153442
537,1721600,153.18837094306946,1.531883777230978,153.18837094306946,1.531883777230978,0.0,0.0,0.0,873.4372828006744,8.734373100847005,0.9468304944038392,0.364375,0.1871631870609153,nan,nan,nan,nan,nan,nan,nan,nan,nan,nan,17216,-0.0002591483783296766,0.003463858016766608,0.6983162939548493,-0.00010178828961215913,0.10830375663936138,0.10830375663936138,0.02881965283304453,0.0004293391088176236,0.002399999991393997,0.9556345343589783,1.0,0.0022548076923076914,0.00010620192307692305,0,0.5,0.5,0.96875,0.364375,2.585961203277111,1.0892337276041508,0.2459375,0.9500000429153442
538,1724800,120.97050106525421,1.2097050258517266,120.97050106525421,1.2097050258517266,0.0,0.0,0.0,841.2194129228592,8.412194349467754,0.7170668374747038,0.340625,0.19837608680449412,nan,nan,nan,nan,nan,nan,nan,nan,nan,nan,17248,-0.0003006993488655962,0.0034817513544112442,0.7272813975811004,-0.00018921378650702537,0.15934039428830146,0.15934039428830146,0.026367940381169318,0.0006167216452049498,0.004553125007078052,0.9563602209091187,1.0,0.0022403846153846146,0.00010509615384615386,0,0.5,0.5,0.96875,0.340625,2.3060559010505677,0.9185076530277729,0.2353125,0.9337946850061417
539,1728000,107.46466600894928,1.0746465414762496,107.46466600894928,1.0746465414762496,0.0,0.0,0.0,827.7135778665543,8.277135865092278,1.0237123864889144,0.3496875,0.1727950583959701,nan,nan,nan,nan,nan,nan,nan,nan,nan,nan,17280,-0.00046538638340062335,0.0038340382277965547,0.7021923005580902,-0.00011142028961330652,0.23453383669257163,0.23453383669257163,0.021341113932430746,0.0007306742507388888,0.006900000030873344,0.9569998383522034,1.0,0.0022259615384615378,0.00010399038461538456,0,0.5,0.5,0.9375,0.3496875,2.668687060326338,1.234103672876954,0.24125,0.941294686794281
540,1731200,181.73208248615265,1.8173208993673324,181.73208248615265,1.8173208993673324,0.0,0.0,0.0,901.9809943437576,9.019810222983361,0.6980249532312155,0.38375,0.22599785666856792,64.08285538852215,0.6408285538852215,64.08285538852215,0.6408285538852215,100.0,0.9704176031472161,0.32,0.1624021220115398,0.0,813.9686092585325,17312,-0.000753082804498284,0.0036373501876369118,0.7215707778930665,-0.0005301891884300858,0.1907702460885048,0.1907702460885048,0.021633484959602357,0.0013101309963566084,0.008437500124273356,0.9483842849731445,1.0,0.00221153846153846,0.00010288461538461536,0,0.5,0.5,1.0,0.38375,2.5809654718637467,1.048110874965787,0.2715625,0.9201339697837829
541,1734400,74.23906055092812,0.7423907107114792,74.23906055092812,0.7423907107114792,0.0,0.0,0.0,794.4879724085331,7.9448800343275074,1.0270788522809744,0.32125,0.1584792814736895,nan,nan,nan,nan,nan,nan,nan,nan,nan,nan,17344,-0.00045087076006060655,0.00514597175642848,0.7053164422512055,0.0005724534392356872,0.21658407896757126,0.21658407896757126,0.02325625903904438,0.0010499084430228736,0.00527499993913807,0.9418383836746216,1.0,0.0021971153846153833,0.00010177884615384617,0,0.5,0.5,0.90625,0.32125,2.3008036640286447,1.3574820299446584,0.2315625,0.9505357575416565
542,1737600,57.655348002910614,0.5765535482764244,57.655348002910614,0.5765535482764244,0.0,0.0,0.0,777.9042598605156,7.779042871892452,0.9068228732794523,0.3053125,0.1601158158308159,nan,nan,nan,nan,nan,nan,nan,nan,nan,nan,17376,-0.0002811037293664498,0.00474906312301755,0.6878984034061432,0.0005919573013670743,0.1471475340425968,0.1471475340425968,0.031935821287333965,0.0005603313638892698,0.003996874930453487,0.94447922706604,1.0,0.0021826923076923074,0.00010067307692307697,0,0.5,0.5,0.90625,0.3053125,2.48293879956007,1.3821083168685435,0.2046875,0.9210268276929855
543,1740800,241.38502007722855,2.41385028719902,241.38502007722855,2.41385028719902,0.0,0.0,0.0,961.6339319348335,9.616339610815048,0.7347026382386684,0.4303125,0.2480612472215515,nan,nan,nan,nan,nan,nan,nan,nan,nan,nan,17408,-0.0006022723846079714,0.004666117625311017,0.7499899208545685,0.00010460643097758293,0.26322637051343917,0.26322637051343917,0.033657501265406606,0.001120974718472988,0.008690625085728243,0.9464176893234253,1.0,0.0021682692307692306,9.956730769230767e-05,0,0.5,0.5,0.96875,0.4303125,2.6012005123496054,0.9859925898909568,0.3225,0.9354911136627198
544,1744000,18.647080302238464,0.18647073552012444,18.647080302238464,0.18647073552012444,0.0,0.0,0.0,738.8959921598434,7.388960059136153,1.1890866042673587,0.29125,0.13304635797973616,nan,nan,nan,nan,nan,nan,nan,nan,nan,nan,17440,-0.0006731114562833707,0.005077527370303869,0.680675595998764,0.0003995817038230598,0.13740229830145836,0.13740229830145836,0.030006295442581175,0.001071735116423837,0.005099999974481762,0.9468284249305725,1.0,0.0021538461538461538,9.846153846153848e-05,0,0.5,0.5,0.90625,0.29125,2.7668829667568207,1.67958656296134,0.211875,0.9600000405311584
545,1747200,77.24968141317368,0.772496737241745,77.24968141317368,0.772496737241745,0.0,0.0,0.0,797.4985932707787,7.974986060857773,1.0705869720876218,0.333125,0.16088433110546158,nan,nan,nan,nan,nan,nan,nan,nan,nan,nan,17472,-0.0004896234278159772,0.00470909420400858,0.6953147053718567,0.00037735137157142163,0.2354789100587368,0.2354789100587368,0.03006583396345377,0.0009251295177855201,0.007290625087625813,0.9432652592658997,1.0,0.002139423076923077,9.735576923076928e-05,0,0.5,0.5,0.84375,0.333125,3.1702513557672503,1.2513776956498623,0.24,0.9386607581377029
546,1750400,224.81874948740005,2.2481874758005143,224.81874948740005,2.2481874758005143,0.0,0.0,0.0,945.067661345005,9.450676799416541,0.8181874448806048,0.419375,0.2306555361939259,nan,nan,nan,nan,nan,nan,nan,nan,nan,nan,17504,-0.0003395424474889275,0.004340019961819053,0.6965903818607331,0.0003502128878608346,0.12740858420729637,0.12740858420729637,0.02874437067657709,0.0007578823027905402,0.004206249988055788,0.9398606419563293,1.0,0.002125,9.624999999999998e-05,0,0.5,0.5,1.0,0.419375,2.0638519294559954,0.9979272858053446,0.295625,0.9566071856021882
547,1753600,171.6297102868557,1.7162970706820488,171.6297102868557,1.7162970706820488,0.0,0.0,0.0,891.8786221444607,8.918786394298078,0.8000623708218336,0.36625,0.20346517206111334,nan,nan,nan,nan,nan,nan,nan,nan,nan,nan,17536,-0.0003919434035400293,0.004050484532490373,0.7255775272846222,0.00010191166074946523,0.16519344076514245,0.16519344076514245,0.029033904522657396,0.0009462040725374814,0.006378124956972897,0.9425376653671265,1.0,0.0021105769230769216,9.514423076923079e-05,0,0.5,0.5,1.0,0.36625,2.414819973707199,0.9760665649175644,0.2653125,0.9368750423192977
548,1756800,70.32429838180542,0.7032428169250489,70.32429838180542,0.7032428169250489,0.0,0.0,0.0,790.5732102394104,7.905732140541077,1.0333740889281033,0.3290625,0.16183077270029828,nan,nan,nan,nan,nan,nan,nan,nan,nan,nan,17568,-0.0004500206229393733,0.0047436767723411325,0.7186122059822082,0.0004154960508458316,0.20165617167949676,0.20165617167949676,0.021944773755967616,0.0011171047415736764,0.009462500118388562,0.9532317519187927,1.0,0.002096153846153845,9.40384615384616e-05,0,0.5,0.5,0.84375,0.3290625,2.8095309016108514,1.3683093003928661,0.211875,0.9697768241167068
549,1760000,217.58656099438667,2.175865740478039,217.58656099438667,2.175865740478039,0.0,0.0,0.0,937.8354728519917,9.378355064094066,0.9227794373035431,0.415625,0.2161584381112698,nan,nan,nan,nan,nan,nan,nan,nan,nan,nan,17600,-0.0003833207254516413,0.0037054874934256076,0.7229568600654602,-3.557857125997543e-05,0.17663160786032678,0.17663160786032678,0.02385661993175745,0.0005936920371859578,0.004078124946317985,0.9524364471435547,1.0,0.002081730769230768,9.293269230769229e-05,0,0.5,0.5,0.96875,0.415625,2.8074909418821337,1.0743854658305645,0.30375,0.8969196873903275
550,1763200,140.04999542236328,1.4004998856782913,140.04999542236328,1.4004998856782913,0.0,0.0,0.0,860.2989072799683,8.60298920929432,0.9941572757065296,0.3646875,0.18287800287506978,nan,nan,nan,nan,nan,nan,nan,nan,nan,nan,17632,-0.00045116625161900625,0.004401150671765208,0.717097955942154,0.0002669469453394413,0.1608615040779114,0.1608615040779114,0.025997441075742245,0.0008908566987918714,0.006234374927225872,0.950955867767334,1.0,0.002067307692307691,9.18269230769231e-05,0,0.5,0.5,0.9375,0.3646875,3.4589161604642866,1.1943338859081267,0.27375,0.9320089709758759
551,1766400,167.39204955101013,1.6739207153022289,167.39204955101013,1.6739207153022289,0.0,0.0,0.0,887.6409614086151,8.876410038918257,0.7801757612079382,0.3825,0.2148664240549229,nan,nan,nan,nan,nan,nan,nan,nan,nan,nan,17664,-0.0002075547223364893,0.0041681976523250345,0.7089921534061432,0.0004210650688037276,0.13432898223400117,0.13432898223400117,0.023627031967043875,0.0004795040020362393,0.0028812500400817952,0.9507004618644714,1.0,0.0020528846153846144,9.07211538461539e-05,0,0.5,0.5,0.96875,0.3825,2.6493065741658213,1.2849194060266018,0.271875,0.8832589697837829
552,1769600,92.34153145551682,0.9234153074026108,92.34153145551682,0.9234153074026108,0.0,0.0,0.0,812.5904433131218,8.125904631018638,1.2018848248571157,0.3421875,0.15540662987320653,nan,nan,nan,nan,nan,nan,nan,nan,nan,nan,17696,-0.00022732620043025009,0.003920858446508646,0.7131402313709259,0.00027939401334151623,0.15041117370128632,0.15041117370128632,0.021133814379572867,0.0005741578082997493,0.0040125000748957975,0.9551904797554016,1.0,0.0020384615384615376,8.961538461538471e-05,0,0.5,0.5,1.0,0.3421875,2.6591594982147218,1.589785989895463,0.245,0.946294686794281
553,1772800,143.88925683498383,1.4388924543559551,143.88925683498383,1.4388924543559551,0.0,0.0,0.0,864.1381686925888,8.641381777971983,0.9348035897314548,0.3590625,0.1855808527054867,nan,nan,nan,nan,nan,nan,nan,nan,nan,nan,17728,-0.0003476407101610235,0.004369922215119004,0.7182960629463195,0.00038346151122823355,0.11191346123814583,0.11191346123814583,0.020821045525372027,0.0004468896787364689,0.0016312500138155883,0.9464772343635559,1.0,0.002024038461538461,8.85096153846154e-05,0,0.5,0.5,0.9375,0.3590625,2.7457305148243902,1.3835708978027106,0.24375,0.8937053960561753
554,1776000,50.588722467422485,0.5058872303366662,50.588722467422485,0.5058872303366662,0.0,0.0,0.0,770.8376343250275,7.708376553952695,1.0731617838144303,0.32,0.15435360737319254,nan,nan,nan,nan,nan,nan,nan,nan,nan,nan,17760,-0.0003777433551324094,0.004323507845401764,0.702121639251709,0.00037301620468497274,0.2041513990610838,0.2041513990610838,0.02626643218100071,0.0007467280060188557,0.007550000078845187,0.9567914009094238,1.0,0.002009615384615384,8.740384615384621e-05,0,0.5,0.5,0.9375,0.32,2.5668002930283547,1.5315302995592355,0.228125,0.9458929026126861
555,1779200,183.91707748174667,1.8391709153354168,183.91707748174667,1.8391709153354168,0.0,0.0,0.0,904.1659893393517,9.041660238951446,0.8176711485534907,0.390625,0.21490410975101895,nan,nan,nan,nan,nan,nan,nan,nan,nan,nan,17792,-0.0007380641400755894,0.0037775072269141674,0.7195481061935425,-0.0002849474200047553,0.20349158048629762,0.20349158048629762,0.02442694194614887,0.0011489915326856014,0.007118750084191561,0.951663613319397,1.0,0.001995192307692307,8.629807692307702e-05,0,0.5,0.5,1.0,0.390625,2.0440878950059416,1.1256342601031064,0.2753125,0.9420536124706268
556,1782400,115.3206821680069,1.1532069247961045,115.3206821680069,1.1532069247961045,0.0,0.0,0.0,835.5695940256119,8.355696248412134,0.9290818069875241,0.340625,0.17657364180522955,nan,nan,nan,nan,nan,nan,nan,nan,nan,nan,17824,-0.0003098671727290281,0.003889988595619798,0.6841482102870942,0.0002799873938784003,0.19347395226359368,0.19347395226359368,0.025924803130328654,0.0010276169661703476,0.007284375121525954,0.9561240673065186,1.0,0.0019807692307692304,8.519230769230772e-05,0,0.5,0.5,0.90625,0.340625,2.930963979959488,1.185812231451273,0.2321875,0.9062053984403611
557,1785600,53.74475875496864,0.5374477010965347,53.74475875496864,0.5374477010965347,0.0,0.0,0.0,773.9936706125736,7.739937024712563,0.8968172488361597,0.309375,0.16310216505560823,nan,nan,nan,nan,nan,nan,nan,nan,nan,nan,17856,-0.00030369127434677347,0.004273422341793775,0.7097919881343842,0.0004373232019133866,0.12835451923310756,0.12835451923310756,0.022555800154805183,0.0005910106498084374,0.0035687499796040354,0.9568873643875122,1.0,0.001966346153846152,8.408653846153841e-05,0,0.5,0.5,0.875,0.309375,3.4943242102861403,0.9904818966239691,0.23125,0.9302679014205932
558,1788800,123.25791484117508,1.2325792510807514,123.25791484117508,1.2325792510807514,0.0,0.0,0.0,843.5068266987801,8.43506857469678,0.7922157111018896,0.354375,0.19773010458775817,nan,nan,nan,nan,nan,nan,nan,nan,nan,nan,17888,-0.0002381427758125554,0.004070854932069779,0.7097469627857208,0.00041191315976902844,0.12550165727734566,0.12550165727734566,0.024338398315012454,0.0005444096139434291,0.0036250000150175763,0.952106237411499,1.0,0.001951923076923075,8.298076923076922e-05,0,0.5,0.5,0.90625,0.354375,3.2487936612963675,1.080307268947363,0.2559375,0.931562546491623
559,1792000,77.49402090907097,0.7749401865899563,77.49402090907097,0.7749401865899563,0.0,0.0,0.0,797.742932766676,7.977429510205985,0.9680198862403632,0.3175,0.16132967060944742,nan,nan,nan,nan,nan,nan,nan,nan,nan,nan,17920,-0.00046514538919582014,0.0037084181094542146,0.7183239936828614,-2.6890076696872713e-06,0.20290077701210976,0.20290077701210976,0.02113251332193613,0.0006078796253895094,0.0036062499857507646,0.9588807821273804,1.0,0.0019374999999999983,8.187500000000003e-05,0,0.5,0.5,0.96875,0.3175,3.5805528676509857,1.1597472964972257,0.235,0.9514732575416565
560,1795200,150.19341668486595,1.5019341349601745,150.19341668486595,1.5019341349601745,0.0,0.0,0.0,870.4423285424709,8.704423458576203,0.7358304137736559,0.36125,0.20811364816142996,58.82135996222496,0.5882135996222496,58.82135996222496,0.5882135996222496,100.0,0.9784094601031392,0.32,0.1617460927341692,0.0,808.7071138322353,17952,-0.0001843152056768105,0.0044937747530639175,0.723331743478775,0.0006715495721437037,0.12157836556434631,0.12157836556434631,0.027316708490252493,0.0005022158566170782,0.0004562500034808181,0.9469118118286133,1.0,0.0019230769230769214,8.076923076923072e-05,0,0.5,0.5,0.90625,0.36125,2.0949827095866205,1.140385341644287,0.2234375,0.9508482545614243
561,1798400,128.074000954628,1.2807399961352348,128.074000954628,1.2807399961352348,0.0,0.0,0.0,848.322912812233,8.483229319751263,0.8440234671533108,0.3575,0.19386955012665125,nan,nan,nan,nan,nan,nan,nan,nan,nan,nan,17984,-0.0003664741552230844,0.0033002984477207065,0.6839474618434906,-2.174390247091651e-05,0.16573135256767274,0.16573135256767274,0.02198553942143917,0.000483798671852095,0.002581249961440335,0.9628378748893738,1.0,0.0019086538461538446,7.966346153846153e-05,0,0.5,0.5,0.90625,0.3575,2.436643736064434,1.093777796626091,0.2509375,0.9575000447034836
562,1801600,223.38527691364288,2.233852817118168,223.38527691364288,2.233852817118168,0.0,0.0,0.0,943.6341887712479,9.436342140734196,0.6699101061373949,0.4171875,0.24982632206770725,nan,nan,nan,nan,nan,nan,nan,nan,nan,nan,18016,-0.00017518665470852567,0.004732100665569306,0.7111662924289703,0.0008437506621703506,0.12779176980257034,0.12779176980257034,0.031042483635246754,0.000537305168112767,0.0033062499918742106,0.9358240962028503,1.0,0.0018942307692307678,7.855769230769233e-05,0,0.5,0.5,0.96875,0.4171875,2.508862156867981,1.007390198558569,0.3003125,0.9558482599258423
563,1804800,120.49414655566216,1.2049414171278476,120.49414655566216,1.2049414171278476,0.0,0.0,0.0,840.7430584132671,8.407430740743877,1.0306512331962585,0.3678125,0.1811303162193247,nan,nan,nan,nan,nan,nan,nan,nan,nan,nan,18048,-0.0002776768209820091,0.005234314315021038,0.690341317653656,0.0010417714598588645,0.12615009099245073,0.12615009099245073,0.027367438189685345,0.0004766826931736367,0.003337499964982271,0.9417287707328796,1.0,0.001879807692307691,7.745192307692314e-05,0,0.5,0.5,0.875,0.3678125,2.4100228144228457,1.3183770313858987,0.245625,0.9444643294811249
564,1808000,172.7528323829174,1.72752861648798,172.7528323829174,1.72752861648798,0.0,0.0,0.0,893.0017442405224,8.930017940104008,0.6982070475071669,0.3784375,0.22284532416439806,nan,nan,nan,nan,nan,nan,nan,nan,nan,nan,18080,-0.00024127454483168775,0.00449296017177403,0.7269775927066803,0.0006491127191111445,0.16331076622009277,0.16331076622009277,0.03289577886462212,0.0004448707371958009,0.002418749968637712,0.9465317726135254,1.0,0.0018653846153846142,7.634615384615384e-05,0,0.5,0.5,0.9375,0.3784375,2.3293275117874144,0.9366100642085076,0.2765625,0.9450446820259094
565,1811200,135.77440759539604,1.3577441811561584,135.77440759539604,1.3577441811561584,0.0,0.0,0.0,856.023319453001,8.560233504772187,0.6742944563925266,0.3571875,0.21333613011513183,nan,nan,nan,nan,nan,nan,nan,nan,nan,nan,18112,-0.0004019736975220428,0.004080530302599072,0.71363924741745,0.0003173726610839367,0.16152365356683732,0.16152365356683732,0.022268375381827354,0.0006582265754368477,0.003796875066473149,0.9524070024490356,1.0,0.0018509615384615374,7.524038461538464e-05,0,0.5,0.5,0.9375,0.3571875,2.305209323167801,1.0611696783453226,0.2521875,0.9448661118745804
566,1814400,87.60175657272339,0.8760174334049224,87.60175657272339,0.8760174334049224,0.0,0.0,0.0,807.8506684303284,8.07850675702095,1.1614752490073443,0.3396875,0.15715539660053993,nan,nan,nan,nan,nan,nan,nan,nan,nan,nan,18144,-0.00035605843196391264,0.004839683184400201,0.7004705727100372,0.0007773420074954629,0.12805630266666412,0.12805630266666412,0.022340425103902817,0.0006498978453272404,0.002374999993480742,0.9475896954536438,1.0,0.0018365384615384606,7.413461538461545e-05,0,0.5,0.5,0.9375,0.3396875,2.2856201875209807,1.535078768581152,0.22125,0.9575446838140488
567,1817600,154.99088323116302,1.549908874630928,154.99088323116302,1.549908874630928,0.0,0.0,0.0,875.239795088768,8.752398198246956,1.0820169354230165,0.3828125,0.18386617970627675,nan,nan,nan,nan,nan,nan,nan,nan,nan,nan,18176,-0.0003481364561652711,0.005255487095564604,0.7311302125453949,0.0009474034770391882,0.18735333904623985,0.18735333904623985,0.03254686072468758,0.000799187739543191,0.007137500005046604,0.9264093041419983,1.0,0.0018221153846153838,7.302884615384615e-05,0,0.5,0.5,0.96875,0.3828125,2.1021224366128446,1.4061312217265367,0.2590625,0.973392903804779
568,1820800,240.40664327144623,2.4040664115548136,240.40664327144623,2.4040664115548136,0.0,0.0,0.0,960.6555551290512,9.606555735170842,0.6659553264826537,0.4209375,0.252670340740006,nan,nan,nan,nan,nan,nan,nan,nan,nan,nan,18208,-0.00023731732142842076,0.003507092362269759,0.735847008228302,0.00018604386132210494,0.13224501684308052,0.13224501684308052,0.02565933335572481,0.00031228832395200897,0.0018187499954365194,0.9516575932502747,1.0,0.001807692307692307,7.192307692307695e-05,0,0.5,0.5,1.0,0.4209375,2.0196367006003855,0.8337936534732581,0.2859375,0.9502678990364075
569,1824000,93.63647758960724,0.9363646161556244,93.63647758960724,0.9363646161556244,0.0,0.0,0.0,813.8853894472122,8.138853939771652,0.8454069770872593,0.3334375,0.18068507605096887,nan,nan,nan,nan,nan,nan,nan,nan,nan,nan,18240,-0.0004844672479026535,0.004190159263089299,0.6999437868595123,0.00035542474361136554,0.17607321813702584,0.17607321813702584,0.029230254516005517,0.0006063845182362164,0.003524999966248288,0.9507351517677307,1.0,0.0017932692307692302,7.081730769230776e-05,0,0.5,0.5,0.90625,0.3334375,3.3026159298419953,1.1199608148634435,0.2346875,0.9259821850061417
570,1827200,137.89715611934662,1.378971640765667,137.89715611934662,1.378971640765667,0.0,0.0,0.0,858.1460679769516,8.581460964381694,0.7936402993649244,0.3565625,0.19879264539620814,nan,nan,nan,nan,nan,nan,nan,nan,nan,nan,18272,-0.00038663419317161993,0.0036843234905973078,0.7060448706150055,0.00019958238117396833,0.21339031383395196,0.21339031383395196,0.0186071353033185,0.0006037054685329848,0.004159374977461994,0.955126166343689,1.0,0.0017788461538461534,6.971153846153846e-05,0,0.5,0.5,0.96875,0.3565625,2.384459154307842,1.0779678679257632,0.2465625,0.9334375405311585
571,1830400,176.7051378786564,1.7670514719188213,176.7051378786564,1.7670514719188213,0.0,0.0,0.0,896.9540497362614,8.969540795534849,0.7223051595687866,0.3796875,0.22045309328055565,nan,nan,nan,nan,nan,nan,nan,nan,nan,nan,18304,-0.00023909862077271528,0.003218084154650569,0.7116903424263,0.00011422059033066035,0.2067250020802021,0.2067250020802021,0.025202094204723836,0.000617425120075522,0.004249999995226972,0.9578847289085388,1.0,0.0017644230769230766,6.860576923076926e-05,0,0.5,0.5,1.0,0.3796875,2.4146307730674743,0.8843570808321237,0.25875,0.945982186794281
572,1833600,127.48092818260193,1.2748094025254249,127.48092818260193,1.2748094025254249,0.0,0.0,0.0,847.7298400402069,8.477298726141452,0.8327275824546814,0.34125,0.1861978851995797,nan,nan,nan,nan,nan,nan,nan,nan,nan,nan,18336,-0.00031210131206895755,0.004066320927813649,0.7086845755577087,0.0004808611120097339,0.1957605168223381,0.1957605168223381,0.03599907252937555,0.0006090109147443138,0.0052218749930034395,0.9455053210258484,1.0,0.0017499999999999998,6.750000000000007e-05,0,0.5,0.5,0.96875,0.34125,2.7780279818177225,0.9724221955239772,0.233125,0.9354018294811248
573,1836800,247.21859779953957,2.472185887098312,247.21859779953957,2.472185887098312,0.0,0.0,0.0,967.4675096571445,9.67467521071434,0.7073067601770162,0.424375,0.24856400144283394,nan,nan,nan,nan,nan,nan,nan,nan,nan,nan,18368,-0.0003076763687451578,0.003381349518895149,0.7260077238082886,0.00012295616324990987,0.13783661648631096,0.13783661648631096,0.026484481990337372,0.0007200705507819884,0.005081249940849375,0.958504855632782,1.0,0.001735576923076923,6.639423076923087e-05,0,0.5,0.5,0.96875,0.424375,2.3852834796905515,0.8874707905948163,0.3,0.965625039935112
574,1840000,176.3117488026619,1.7631175865232944,176.3117488026619,1.7631175865232944,0.0,0.0,0.0,896.5606606602669,8.965606910139323,0.810878728479147,0.3825,0.21122342097487654,nan,nan,nan,nan,nan,nan,nan,nan,nan,nan,18400,-0.00029002027656535037,0.004364125756546855,0.722544151544571,0.0006484329467639327,0.190905874222517,0.190905874222517,0.030738921090960502,0.0005752690964108958,0.004096875042887404,0.9438623189926147,1.0,0.0017211538461538462,6.528846153846157e-05,0,0.5,0.5,0.875,0.3825,2.066535942852497,1.1201090604811907,0.274375,0.9392857545614243
575,1843200,56.48348522186279,0.5648351049423218,56.48348522186279,0.5648351049423218,0.0,0.0,0.0,776.7323970794678,7.76732442855835,1.2358055455237626,0.3265625,0.1460603318807401,nan,nan,nan,nan,nan,nan,nan,nan,nan,nan,18432,-0.00022024419341182266,0.0038713917369022966,0.6861497819423675,0.0005443787085823715,0.13933101296424866,0.13933101296424866,0.02830886170268059,0.0005686813234240891,0.003112500032511889,0.9641971588134766,1.0,0.0017067307692307694,6.418269230769238e-05,0,0.5,0.5,0.875,0.3265625,3.597395268678665,1.3898708537966014,0.2234375,0.8994643270969391
576,1846400,200.9624080657959,2.009623984992504,200.9624080657959,2.009623984992504,0.0,0.0,0.0,921.2113199234009,9.212113308608533,0.804182583168149,0.4121875,0.2284621877217093,nan,nan,nan,nan,nan,nan,nan,nan,nan,nan,18464,-0.00030661299370113857,0.003953994205221534,0.6965942680835724,0.0004915323224849999,0.19722272381186484,0.19722272381186484,0.02579391561448574,0.000661160356870719,0.006915625126566738,0.9494812488555908,1.0,0.0016923076923076909,6.307692307692308e-05,0,0.5,0.5,0.96875,0.4121875,2.8533507724106313,0.894626854211092,0.2865625,0.9576339679956436
577,1849600,74.1373378932476,0.7413733094930649,74.1373378932476,0.7413733094930649,0.0,0.0,0.0,794.3862497508526,7.943862633109093,0.950391767770052,0.318125,0.16310825612421598,nan,nan,nan,nan,nan,nan,nan,nan,nan,nan,18496,-0.00021997893865481898,0.004019277333281934,0.6843320190906524,0.0006414295872673393,0.17610879391431808,0.17610879391431808,0.031140715815126896,0.0005077002051656458,0.003187499979685526,0.9560896158218384,1.0,0.001677884615384614,6.197115384615388e-05,0,0.5,0.5,0.90625,0.318125,2.6270795561373235,1.166146781295538,0.2009375,0.9129911148548127
578,1852800,76.23166561126709,0.7623165282607078,76.23166561126709,0.7623165282607078,0.0,0.0,0.0,796.4805774688721,7.964805851876736,0.8213698466867209,0.3203125,0.1758635131588924,nan,nan,nan,nan,nan,nan,nan,nan,nan,nan,18528,-6.820086193268793e-05,0.004082110058516264,0.7056084752082825,0.0007991015794686973,0.06630893722176552,0.06630893722176552,0.01932536419481039,8.871358086610408e-05,0.0,0.9556006193161011,1.0,0.0016634615384615373,6.086538461538458e-05,0,0.5,0.5,0.90625,0.3203125,2.7465224131941794,1.306370852291584,0.2146875,0.9183928990364074
579,1856000,102.37720775604248,1.023772000670433,102.37720775604248,1.023772000670433,0.0,0.0,0.0,822.6261196136475,8.226261324286462,0.6594638109952211,0.335625,0.2022490624840547,nan,nan,nan,nan,nan,nan,nan,nan,nan,nan,18560,-0.00012111155847525091,0.004352200822904706,0.7126242041587829,0.0008798441151157022,0.06246247179806232,0.06246247179806232,0.020698878355324267,5.24324560539206e-05,0.0,0.951190173625946,1.0,0.0016490384615384605,5.9759615384615385e-05,0,0.5,0.5,0.875,0.335625,2.3420793920755387,1.0315635380148889,0.2275,0.9539732599258423
580,1859200,153.53082585334778,1.5353082594275476,153.53082585334778,1.5353082594275476,0.0,0.0,0.0,873.7797377109528,8.737797583043577,0.8720216857641936,0.3721875,0.1988158058372418,60.75955577194691,0.607595557719469,60.75955577194691,0.607595557719469,100.0,0.9596846241503953,0.32,0.16329158072500227,0.0,810.6453096419573,18592,-0.0002582447573440838,0.005003192462027073,0.7265426874160766,0.001055733603425324,0.1517915517091751,0.1517915517091751,0.025546668469905852,0.0003919500483825594,0.0026500000065425413,0.9366063475608826,1.0,0.0016346153846153837,5.865384615384619e-05,0,0.5,0.5,0.96875,0.3721875,2.781834971010685,1.1403192178159953,0.274375,0.9404018318653107
581,1862400,183.83028852939606,1.8383028867840767,183.83028852939606,1.8383028867840767,0.0,0.0,0.0,904.079200387001,9.040792210400104,0.6278427519649267,0.379375,0.23305383738206062,nan,nan,nan,nan,nan,nan,nan,nan,nan,nan,18624,-0.00029471045904356786,0.002585859037935734,0.7072341799736023,-0.0001476363220717758,0.09331263154745102,0.09331263154745102,0.019213823787868022,0.00024275537571519226,7.812499825377017e-05,0.9653653502464294,1.0,0.0016201923076923069,5.754807692307689e-05,0,0.5,0.5,1.0,0.379375,2.1361301542818545,0.9142030882090331,0.274375,0.9299107509851455
582,1865600,34.512875616550446,0.3451287418603897,34.512875616550446,0.3451287418603897,0.0,0.0,0.0,754.7617874741554,7.547618065476418,1.193653591275215,0.315,0.14359605420511456,nan,nan,nan,nan,nan,nan,nan,nan,nan,nan,18656,-0.00036586711477430977,0.004841352719813586,0.6931991219520569,0.0009416914079338312,0.1685052990913391,0.1685052990913391,0.030486271157860755,0.0006131694828618632,0.003846874872397166,0.9505960941314697,1.0,0.00160576923076923,5.6442307692307694e-05,0,0.5,0.5,0.96875,0.315,2.0714153471589087,1.7867632880806923,0.229375,0.9421875435113907
583,1868800,49.28910231590271,0.4928909051418304,49.28910231590271,0.4928909051418304,0.0,0.0,0.0,769.5380141735077,7.695380228757859,1.2637973682582377,0.32,0.1413554077263583,nan,nan,nan,nan,nan,nan,nan,nan,nan,nan,18688,-0.0005251495766394499,0.004454601556062698,0.7168014287948609,0.0005614720401354134,0.13209511041641236,0.13209511041641236,0.029192190431058408,0.00039506655348652865,0.0002062500010652002,0.9545490145683289,1.0,0.0015913461538461533,5.53365384615385e-05,0,0.5,0.5,0.84375,0.32,3.3152234065532684,1.5221999105066062,0.2225,0.9214286142587662
584,1872000,141.52482482790947,1.4152480632066726,141.52482482790947,1.4152480632066726,0.0,0.0,0.0,861.7737366855145,8.6177373868227,0.7261452975124121,0.36625,0.21217796701576128,nan,nan,nan,nan,nan,nan,nan,nan,nan,nan,18720,-0.0002997017354558817,0.004394875327125192,0.7032009482383728,0.0007888421299867332,0.1424362700432539,0.1424362700432539,0.0305463757365942,0.0006837278986531126,0.002646874979836866,0.9502594470977783,1.0,0.0015769230769230765,5.42307692307692e-05,0,0.5,0.5,1.0,0.36625,2.5640983681380747,1.1712402982264758,0.255625,0.9303125441074371
585,1875200,182.95949757099152,1.829594956934452,182.95949757099152,1.829594956934452,0.0,0.0,0.0,903.2084094285965,9.03208428055048,0.9297076432406902,0.38875,0.20145538696584397,nan,nan,nan,nan,nan,nan,nan,nan,nan,nan,18752,-0.00028208670247769073,0.0041675341315567495,0.7053255200386047,0.0006996092270128429,0.15967851579189302,0.15967851579189302,0.02140963412821293,0.00042823168624101524,0.0017781250324333086,0.9466058611869812,1.0,0.0015624999999999997,5.3125000000000004e-05,0,0.5,0.5,0.9375,0.38875,2.2886388662457464,1.0050339755415916,0.27375,0.9631696814298629
586,1878400,72.9671303331852,0.7296712911128997,72.9671303331852,0.7296712911128997,0.0,0.0,0.0,793.2160421907902,7.932160614728928,1.0932658764719962,0.3346875,0.15988771601440546,nan,nan,nan,nan,nan,nan,nan,nan,nan,nan,18784,-0.0003703165034938394,0.004547821497544647,0.7001475989818573,0.0008197118644602597,0.2609601393342018,0.2609601393342018,0.031642820313572885,0.0007737422816753188,0.008121874791686422,0.9518484473228455,1.0,0.0015480769230769229,5.201923076923081e-05,0,0.5,0.5,0.875,0.3346875,2.5498266971111296,1.282608058527112,0.2275,0.9489286124706269
587,1881600,19.25027969479561,0.1925027170777321,19.25027969479561,0.1925027170777321,0.0,0.0,0.0,739.4991915524006,7.394992040693761,1.1158751948922871,0.285,0.13469603532759808,nan,nan,nan,nan,nan,nan,nan,nan,nan,nan,18816,-0.00032035460432231486,0.003336517186835408,0.7074394464492798,0.0002629367576446384,0.13705923706293105,0.13705923706293105,0.022198131307959557,0.0004824460165799594,0.0011062500223488314,0.9672825336456299,1.0,0.001533653846153846,5.0913461538461616e-05,0,0.5,0.5,0.875,0.285,3.3651743856072427,1.321980678960681,0.1975,0.9188393306732178
588,1884800,197.73785197734833,1.9773784613609313,197.73785197734833,1.9773784613609313,0.0,0.0,0.0,917.9867638349533,9.17986778497696,0.9107474091649056,0.4059375,0.2124495880789473,nan,nan,nan,nan,nan,nan,nan,nan,nan,nan,18848,-0.00023397631760455618,0.005188206676393747,0.7039043486118317,0.00129073386779055,0.18125306963920593,0.18125306963920593,0.0300920519977808,0.0006955356790095754,0.005953124986262992,0.9352799654006958,1.0,0.0015192307692307692,4.980769230769231e-05,0,0.5,0.5,1.0,0.4059375,2.2418100970983503,1.1332144222408533,0.2946875,0.945401828289032
589,1888000,178.18094617128372,1.7818094246089458,178.18094617128372,1.7818094246089458,0.0,0.0,0.0,898.4298580288887,8.984298748224974,0.8251578468084335,0.3875,0.2123104040988032,nan,nan,nan,nan,nan,nan,nan,nan,nan,nan,18880,-0.00032275428911088255,0.004924384970217943,0.6957106947898865,0.0010925273527391255,0.2784973278641701,0.2784973278641701,0.03800032064318657,0.0005645425890215859,0.004475000010279473,0.9418817162513733,1.0,0.0015048076923076924,4.870192307692312e-05,0,0.5,0.5,1.0,0.3875,3.1883084687590597,0.9582428344339132,0.29625,0.9327679020166397
590,1891200,111.82425591349602,1.1182423269748687,111.82425591349602,1.1182423269748687,0.0,0.0,0.0,832.073167771101,8.320731650590897,0.9127701634168625,0.3446875,0.18020330230594467,nan,nan,nan,nan,nan,nan,nan,nan,nan,nan,18912,-0.0002860368686993797,0.004077680129557848,0.723392790555954,0.000674669723957777,0.13684096112847327,0.13684096112847327,0.020917532593011857,0.00028543979897594906,0.0004874999955063686,0.9534415602684021,1.0,0.0014903846153846156,4.7596153846153925e-05,0,0.5,0.5,0.9375,0.3446875,2.699754749536514,1.3337448043376208,0.24875,0.9354018276929855
591,1894400,63.8909215927124,0.6389092895388603,63.8909215927124,0.6389092895388603,0.0,0.0,0.0,784.1398334503174,7.8413986131548885,1.324895790964365,0.3346875,0.14395806526071087,nan,nan,nan,nan,nan,nan,nan,nan,nan,nan,18944,-0.00034053056005571846,0.004804727947339415,0.7175780892372131,0.0010027157608419658,0.303309828042984,0.303309828042984,0.023681586608290672,0.0006026906483421156,0.005293750041164458,0.9499051570892334,1.0,0.0014759615384615388,4.649038461538462e-05,0,0.5,0.5,0.90625,0.3346875,3.0781127896904947,1.6206204767525196,0.23125,0.9618304002285004
592,1897600,219.2660629749298,2.192660593986511,219.2660629749298,2.192660593986511,0.0,0.0,0.0,939.5149748325348,9.39514991760254,0.7004433040320873,0.4078125,0.2398271668529,nan,nan,nan,nan,nan,nan,nan,nan,nan,nan,18976,-0.0002183390916165262,0.0033449264476075767,0.7052726447582245,0.0004233410116285086,0.1438050352036953,0.1438050352036953,0.023070766776800155,0.00023038260372136937,0.0007437500142259523,0.9542378187179565,1.0,0.0014615384615384603,4.538461538461543e-05,0,0.5,0.5,1.0,0.4078125,2.1388887864351274,1.2676102826744318,0.2890625,0.9016518300771713
593,1900800,165.99920451641083,1.6599919244647026,165.99920451641083,1.6599919244647026,0.0,0.0,0.0,886.2481163740158,8.86248124808073,0.6715699337422848,0.3740625,0.2237791506350887,nan,nan,nan,nan,nan,nan,nan,nan,nan,nan,19008,-0.0002230318689893096,0.004627073928713798,0.7115658938884735,0.0010607871343381702,0.14826661720871925,0.14826661720871925,0.028464888967573643,0.0004375613418268538,0.003443750005681068,0.9392357468605042,1.0,0.0014471153846153835,4.4278846153846235e-05,0,0.5,0.5,0.9375,0.3740625,1.918659265488386,1.017291443273425,0.2609375,0.9412053966522217
594,1904000,99.03510382771492,0.9903511852025986,99.03510382771492,0.9903511852025986,0.0,0.0,0.0,819.2840156853199,8.192840508818627,0.9019753141701221,0.349375,0.18369060702159576,nan,nan,nan,nan,nan,nan,nan,nan,nan,nan,19040,-0.0001488106275166601,0.004412530176341534,0.6948047578334808,0.0010620130458846688,0.0823894165456295,0.0823894165456295,0.023782708309590818,0.00015513936641957051,0.0002343749973078957,0.9490749835968018,1.0,0.0014326923076923067,4.317307692307693e-05,0,0.5,0.5,0.96875,0.349375,2.758134839832783,1.3587908661365509,0.2346875,0.9294643276929855
595,1907200,112.7483394742012,1.1274837452173232,112.7483394742012,1.1274837452173232,0.0,0.0,0.0,832.9972513318062,8.32997306883335,1.2901889917254448,0.3659375,0.1597848480287647,nan,nan,nan,nan,nan,nan,nan,nan,nan,nan,19072,-0.00017535157357340125,0.004832188924774527,0.694581288099289,0.0012556396424770356,0.09739402011036873,0.09739402011036873,0.024080505780875682,0.00020368824184853257,0.0005656250024912879,0.9451155066490173,1.0,0.00141826923076923,4.206730769230763e-05,0,0.5,0.5,0.9375,0.3659375,2.670621534585953,1.5529439195990562,0.2453125,0.957991115450859
596,1910400,23.9079509973526,0.2390793138742447,23.9079509973526,0.2390793138742447,0.0,0.0,0.0,744.1568628549576,7.441568637490273,1.063682454675436,0.3053125,0.14794548420387563,nan,nan,nan,nan,nan,nan,nan,nan,nan,nan,19104,-0.00018948245293719522,0.005290055088698864,0.7091338932514191,0.0014600301627069711,0.06271443627774716,0.06271443627774716,0.02610215526074171,0.00016292430109763435,0.0,0.9492281675338745,1.0,0.001403846153846153,4.0961538461538436e-05,0,0.5,0.5,0.8125,0.3053125,4.051187918186188,1.2268840743601321,0.223125,0.9452232575416565
597,1913600,177.37039226293564,1.773703968077898,177.37039226293564,1.773703968077898,0.0,0.0,0.0,897.6193041205406,8.976193291693926,0.9735230376571417,0.385,0.1950825972911119,nan,nan,nan,nan,nan,nan,nan,nan,nan,nan,19136,-0.0002613034865411645,0.0032908493187278507,0.7294221520423889,0.00037064522039145233,0.0838008999824524,0.0838008999824524,0.021523557230830194,0.00016699176522152743,0.0,0.961047351360321,1.0,0.0013894230769230763,3.985576923076924e-05,0,0.5,0.5,1.0,0.385,2.5757760563492775,1.2725068795681,0.2528125,0.9004911148548126
598,1916800,132.71386763453484,1.3271386843919755,132.71386763453484,1.3271386843919755,0.0,0.0,0.0,852.9627794921398,8.529628008008004,0.8813629201054574,0.3584375,0.19052012568628082,nan,nan,nan,nan,nan,nan,nan,nan,nan,nan,19168,-0.00030584740980268423,0.004439397156238556,0.7001708209514618,0.0009511162817943842,0.171099940687418,0.171099940687418,0.02934489268809557,0.00041461453657021567,0.0031593750172760338,0.9441397786140442,1.0,0.0013749999999999995,3.875000000000005e-05,0,0.5,0.5,0.9375,0.3584375,2.736581232249737,1.2254413299262523,0.23875,0.9237500429153442
599,1920000,165.4414610862732,1.65441461622715,165.4414610862732,1.65441461622715,0.0,0.0,0.0,885.6903729438782,8.856903939843178,0.734331766590476,0.38,0.21910456079983026,nan,nan,nan,nan,nan,nan,nan,nan,nan,nan,19200,-0.00015089345009111632,0.004334047948941588,0.710729855298996,0.001049127895385027,0.09231074750423432,0.09231074750423432,0.02359050642699003,0.00017985296526975316,6.874999889987521e-05,0.9509600400924683,1.0,0.0013605769230769227,3.7644230769230745e-05,0,0.5,0.5,0.90625,0.38,2.1277744129300116,1.1518284375965595,0.2453125,0.936473258137703
600,1923200,105.69706180691719,1.056970727443695,105.69706180691719,1.056970727443695,0.0,0.0,0.0,825.9459736645222,8.259460051059722,0.9028254587203264,0.341875,0.17966703064290254,54.353674590587616,0.5435367459058762,54.353674590587616,0.5435367459058762,100.0,0.9858440300822258,0.32,0.16114055039194095,0.0,804.239428460598,19232,-0.000255084691673968,0.004204789642244577,0.7156362950801849,0.0008839536225423217,0.145194810628891,0.145194810628891,0.024523001350462436,0.0004100574592522372,0.0025375000608619303,0.9523549675941467,1.0,0.0013461538461538459,3.653846153846155e-05,0,0.5,0.5,0.9375,0.341875,2.5058573764562606,1.6536608597636222,0.234375,0.9077678942680358
601,1926400,162.1225342154503,1.6212252078950404,162.1225342154503,1.6212252078950404,0.0,0.0,0.0,882.3714460730553,8.823714531511069,0.8862756341695786,0.3746875,0.19863878492230744,nan,nan,nan,nan,nan,nan,nan,nan,nan,nan,19264,-0.00010215496970031879,0.004203016171231866,0.7102484762668609,0.0010534933942835778,0.07714416608214378,0.07714416608214378,0.018925285339355467,6.744972904833477e-05,0.0,0.9451391696929932,1.0,0.001331730769230769,3.543269230769236e-05,0,0.5,0.5,1.0,0.3746875,2.66456243366003,1.135687585324049,0.2534375,0.9507589757442474
602,1929600,135.99054527282715,1.359905550479889,135.99054527282715,1.359905550479889,0.0,0.0,0.0,856.2394571304321,8.562394874095917,0.9725539312511683,0.3640625,0.18456402850748896,nan,nan,nan,nan,nan,nan,nan,nan,nan,nan,19296,-0.00044009635666437675,0.003995700995437801,0.6929086148738861,0.0006449802895076573,0.14240723401308059,0.14240723401308059,0.028594464994966984,0.00042044551369516445,0.002612499967654003,0.9505780339241028,1.0,0.0013173076923076905,3.4326923076923054e-05,0,0.5,0.5,0.96875,0.3640625,2.3907211825251578,1.3233921494334937,0.25625,0.9240625435113907
603,1932800,148.5193145275116,1.4851932294666768,148.5193145275116,1.4851932294666768,0.0,0.0,0.0,868.7682263851166,8.687682553082706,0.922776999026537,0.3759375,0.19551799308517293,nan,nan,nan,nan,nan,nan,nan,nan,nan,nan,19328,-0.0001482015232060707,0.004457133496180177,0.684018361568451,0.0011891681991983206,0.12955481708049774,0.12955481708049774,0.03681251853704452,0.00031658171892925366,0.0006343749861116521,0.9472721219062805,1.0,0.0013028846153846137,3.322115384615386e-05,0,0.5,0.5,0.96875,0.3759375,2.8542998559772967,1.207515294700861,0.2525,0.9653125435113907
604,1936000,114.85910177230835,1.1485909563302994,114.85910177230835,1.1485909563302994,0.0,0.0,0.0,835.1080136299133,8.351080279946327,1.007996594682336,0.348125,0.17336931791713187,nan,nan,nan,nan,nan,nan,nan,nan,nan,nan,19360,-8.581068437432115e-05,0.0035891939885914327,0.7028869152069092,0.0008031435892917216,0.09373240172863007,0.09373240172863007,0.020923236012458803,8.979108575121836e-05,0.0,0.9596617817878723,1.0,0.001288461538461537,3.2115384615384666e-05,0,0.5,0.5,0.96875,0.348125,2.4439128018915652,1.2872662551701068,0.2484375,0.9508929026126861
605,1939200,168.743554353714,1.687435458302498,168.743554353714,1.687435458302498,0.0,0.0,0.0,888.992466211319,8.889924781918527,0.7298066188395024,0.3821875,0.22094232721597695,nan,nan,nan,nan,nan,nan,nan,nan,nan,nan,19392,-0.00014070121139666547,0.004058268573135138,0.6950865805149078,0.001002866035560146,0.06588813737034797,0.06588813737034797,0.020270417258143426,0.00014812107756722738,6.562500166182872e-05,0.9514611959457397,1.0,0.0012740384615384601,3.1009615384615364e-05,0,0.5,0.5,0.9375,0.3821875,2.2883658972382546,1.0470334078371524,0.261875,0.9372321873903274
606,1942400,62.1212637424469,0.621212730705738,62.1212637424469,0.621212730705738,0.0,0.0,0.0,782.3701756000519,7.823702054321766,1.2134334553033113,0.32875,0.14852490785856975,nan,nan,nan,nan,nan,nan,nan,nan,nan,nan,19424,-0.00018367972416237776,0.004594091884791851,0.6635385572910308,0.0012775628070812672,0.11708386540412903,0.11708386540412903,0.02870514038950205,0.00013118803272300602,0.00016250000626314432,0.9502432942390442,1.0,0.0012596153846153833,2.990384615384617e-05,0,0.5,0.5,0.9375,0.32875,2.5347898836433886,1.752322224676609,0.225,0.9323661154508591
607,1945600,169.8384875357151,1.6983846598863601,169.8384875357151,1.6983846598863601,0.0,0.0,0.0,890.0873993933201,8.900873983502388,1.1340468972176314,0.3965625,0.18582651605128164,nan,nan,nan,nan,nan,nan,nan,nan,nan,nan,19456,-0.00014818351283274467,0.004888908145949245,0.6904482364654541,0.0014365297509357333,0.17667949050664902,0.17667949050664902,0.026830727607011794,0.00024372956641321156,0.0009656249716499587,0.9406981468200684,1.0,0.0012451923076923065,2.8798076923076976e-05,0,0.5,0.5,1.0,0.3965625,2.720342634320259,1.348960418999195,0.285625,0.9313393306732177
608,1948800,122.59939074516296,1.2259939271211624,122.59939074516296,1.2259939271211624,0.0,0.0,0.0,842.848302602768,8.428483250737191,0.9112464556843043,0.355625,0.18606967141381658,nan,nan,nan,nan,nan,nan,nan,nan,nan,nan,19488,-0.0001493757690725239,0.004601664468646049,0.7127352297306061,0.0012742438586428762,0.11950150430202484,0.11950150430202484,0.032462837547063826,0.0002839451709441469,0.0006999999968684278,0.948047935962677,1.0,0.0012307692307692297,2.769230769230778e-05,0,0.5,0.5,0.9375,0.355625,2.5803578463196755,1.2462750560045242,0.235,0.9427679002285003
609,1952000,169.23932427167892,1.6923930570483208,169.23932427167892,1.6923930570483208,0.0,0.0,0.0,889.4882361292839,8.894882380664349,0.8803957102447748,0.3790625,0.20158655858168104,nan,nan,nan,nan,nan,nan,nan,nan,nan,nan,19520,-8.662428799546262e-05,0.0036626326851546764,0.6990525960922241,0.0008944021305069327,0.1335146263241768,0.1335146263241768,0.021438205428421498,6.79360166979408e-05,3.1250001484295353e-06,0.9548091292381287,1.0,0.001216346153846153,2.658653846153848e-05,0,0.5,0.5,0.9375,0.3790625,2.2062308901548384,1.2700349787622691,0.2678125,0.9431696832180023
610,1955200,159.33788785338402,1.5933788292109967,159.33788785338402,1.5933788292109967,0.0,0.0,0.0,879.586799710989,8.795868152827024,0.7907354189455509,0.3734375,0.2085386238799551,nan,nan,nan,nan,nan,nan,nan,nan,nan,nan,19552,-0.00018007167376999923,0.003221725020557642,0.7186535477638245,0.0005670245096553117,0.16879259571433067,0.16879259571433067,0.025000990740954875,0.00033388430920593224,0.0015781250694999471,0.9595115184783936,1.0,0.0012019230769230761,2.5480769230769285e-05,0,0.5,0.5,1.0,0.3734375,2.8565526738762856,0.9869757891446352,0.2671875,0.9373661094903946
611,1958400,188.2203120291233,1.882203097641468,188.2203120291233,1.882203097641468,0.0,0.0,0.0,908.4692238867283,9.084692421257497,0.8282777462899685,0.3925,0.21468291718612253,nan,nan,nan,nan,nan,nan,nan,nan,nan,nan,19584,-0.00013413870538281358,0.0036253720987588166,0.6871000289916992,0.0008626160910353064,0.10988658666610718,0.10988658666610718,0.02580307945609093,0.0002003776392521896,0.0003812499919149559,0.9559729695320129,1.0,0.0011874999999999993,2.437500000000009e-05,0,0.5,0.5,0.96875,0.3925,2.2816636404395103,1.282196426615119,0.279375,0.9105803990364074
612,1961600,137.5590032339096,1.375589919090271,137.5590032339096,1.375589919090271,0.0,0.0,0.0,857.8079150915146,8.578079242706298,0.8677649191766977,0.3709375,0.1985996718278163,nan,nan,nan,nan,nan,nan,nan,nan,nan,nan,19616,-5.697379116900159e-05,0.004074412491172552,0.7094890892505645,0.0011479471577331424,0.07755904719233513,0.07755904719233513,0.024875932186841965,6.356329818476688e-05,0.0,0.9574057459831238,1.0,0.0011730769230769225,2.326923076923079e-05,0,0.5,0.5,0.875,0.3709375,2.518667431771755,1.235004838630557,0.2646875,0.9513839715719223
613,1964800,155.30758023262024,1.5530758464336396,155.30758023262024,1.5530758464336396,0.0,0.0,0.0,875.5564920902252,8.755565170049668,0.6593393941968679,0.3671875,0.221285350835488,nan,nan,nan,nan,nan,nan,nan,nan,nan,nan,19648,-9.763499517357333e-05,0.003949115634895861,0.6767383515834808,0.0010928173025604338,0.09554945826530456,0.09554945826530456,0.020893817767500877,4.7449922582515605e-05,0.0,0.9501211047172546,1.0,0.0011586538461538457,2.2163461538461595e-05,0,0.5,0.5,0.96875,0.3671875,2.8752296006679536,0.8846551752835512,0.2615625,0.9577232563495636
614,1968000,101.67028617858887,1.0167026861011983,101.67028617858887,1.0167026861011983,0.0,0.0,0.0,821.9191980361938,8.219192009717226,1.056740447357297,0.345,0.1677411461632361,nan,nan,nan,nan,nan,nan,nan,nan,nan,nan,19680,-0.0001448818440680455,0.0036267817951738833,0.7059542179107666,0.0008607345807831734,0.12008913829922677,0.12008913829922677,0.02313581816852093,0.00015644660511876003,0.00030000000406289474,0.9617323279380798,1.0,0.001144230769230769,2.10576923076924e-05,0,0.5,0.5,0.9375,0.345,2.1394099432229994,1.4501094145327806,0.2396875,0.9330357551574707
615,1971200,127.45753931999207,1.2745754379034042,127.45753931999207,1.2745754379034042,0.0,0.0,0.0,847.706451177597,8.477064761519433,0.9858645348250866,0.3609375,0.1817533339613173,nan,nan,nan,nan,nan,nan,nan,nan,nan,nan,19712,-0.00018096268174847552,0.004653625516220927,0.6928140819072723,0.0013631034060381352,0.09028062447905541,0.09028062447905541,0.03068383689969778,0.00017652089273170065,0.0003812500035564881,0.9494496583938599,1.0,0.0011298076923076904,1.9951923076923098e-05,0,0.5,0.5,0.96875,0.3609375,2.720272930562496,1.3326447632908822,0.26,0.9452232575416565
616,1974400,12.103932231664658,0.1210393425822258,12.103932231664658,0.1210393425822258,0.0,0.0,0.0,732.3528440892696,7.3235286661982535,1.067033295929432,0.2840625,0.1374252173680021,nan,nan,nan,nan,nan,nan,nan,nan,nan,nan,19744,-3.0008233457401446e-05,0.004978692764416337,0.6751812636852265,0.00170625135069713,0.08197771608829499,0.08197771608829499,0.04239907376468181,3.6577485938329654e-05,0.0,0.9499723315238953,1.0,0.0011153846153846136,1.8846153846153796e-05,0,0.5,0.5,0.90625,0.2840625,3.2170103377103807,1.2727935215085744,0.19125,0.9253125429153443
617,1977600,117.76742574572563,1.1776742553710937,117.76742574572563,1.1776742553710937,0.0,0.0,0.0,838.0163376033306,8.380163578987123,1.012452034726739,0.3590625,0.17842040148239127,nan,nan,nan,nan,nan,nan,nan,nan,nan,nan,19776,-0.0003406087911629996,0.004671471985056996,0.6846825540065765,0.0012413180025760084,0.24020328968763352,0.24020328968763352,0.02440219633281231,0.0001750800363802134,0.00029687501228181645,0.9524909853935242,1.0,0.0011009615384615368,1.77403846153846e-05,0,0.5,0.5,0.96875,0.3590625,2.474987197518349,1.2580427922308446,0.245625,0.9592857611179352
618,1980800,148.6601328253746,1.4866013643145561,148.6601328253746,1.4866013643145561,0.0,0.0,0.0,868.9090446829796,8.689090687930584,1.1056817357987165,0.3790625,0.18001889533235463,nan,nan,nan,nan,nan,nan,nan,nan,nan,nan,19808,-0.00019508882758234591,0.004218665929511189,0.682977557182312,0.0011721627728547902,0.2264307826757431,0.2264307826757431,0.032918109372258184,0.0003120856739805397,0.0014875000022584572,0.9509932398796082,1.0,0.00108653846153846,1.6634615384615407e-05,0,0.5,0.5,0.9375,0.3790625,2.793209281861782,1.265136587843299,0.2765625,0.9249553996324539
619,1984000,244.7895313501358,2.447895421385765,244.7895313501358,2.447895421385765,0.0,0.0,0.0,965.0384432077408,9.650384745001793,0.5355385391414166,0.42875,0.279218000115928,nan,nan,nan,nan,nan,nan,nan,nan,nan,nan,19840,-1.518356729216519e-05,0.0040421984158456326,0.7019862711429596,0.001253305363934487,0.1214249312877655,0.1214249312877655,0.02699164804071188,5.2031708131940385e-05,0.0,0.9430891275405884,1.0,0.0010721153846153832,1.5528846153846213e-05,0,0.5,0.5,0.9375,0.42875,2.632922130823135,0.6316047551482916,0.3078125,0.9506696879863739
620,1987200,122.1368120610714,1.2213680571317673,122.1368120610714,1.2213680571317673,0.0,0.0,0.0,842.3857239186764,8.423857380747796,0.9212861174345016,0.35,0.18216963981780906,56.1330069899559,0.561330069899559,56.1330069899559,0.561330069899559,100.0,0.97193141579628,0.32,0.16227744912253034,0.0,806.0187608599663,19872,-9.199541778874832e-05,0.003481731656938791,0.6877341747283936,0.0009214591991622001,0.10606320053339005,0.10606320053339005,0.020325258374214172,5.2392709975902764e-05,9.375000081490725e-06,0.9607295393943787,1.0,0.0010576923076923064,1.4423076923076911e-05,0,0.5,0.5,0.96875,0.35,3.036941853761673,1.2888058650493621,0.2496875,0.943348258137703
621,1990400,121.74343764781952,1.217434434890747,121.74343764781952,1.217434434890747,0.0,0.0,0.0,841.9923495054245,8.419923758506775,0.9997285345941782,0.361875,0.18096206246986335,nan,nan,nan,nan,nan,nan,nan,nan,nan,nan,19904,-0.00014225330207260357,0.004382934095337987,0.7141501426696777,0.001304162887390703,0.17117392420768737,0.17117392420768737,0.025633496046066285,7.4517189845296e-05,1.250000022992026e-05,0.95315021276474,1.0,0.0010432692307692296,1.3317307692307717e-05,0,0.5,0.5,0.90625,0.361875,2.9931319490075112,1.2488091550767422,0.266875,0.9351339739561081
622,1993600,177.71940022706985,1.7771938574314117,177.71940022706985,1.7771938574314117,0.0,0.0,0.0,897.9683120846748,8.97968318104744,0.7149703303724527,0.375,0.21866267500881983,nan,nan,nan,nan,nan,nan,nan,nan,nan,nan,19936,-6.319876756313291e-05,0.003269245708361268,0.6867174625396728,0.0008648974879179149,0.06463511884212494,0.06463511884212494,0.022696176171302797,7.999044783365395e-05,0.0,0.9577435255050659,1.0,0.0010288461538461528,1.2211538461538523e-05,0,0.5,0.5,0.96875,0.375,2.569119179844856,1.1034826416522265,0.2828125,0.9333928972482681
623,1996800,131.96577274799347,1.319657781869173,131.96577274799347,1.319657781869173,0.0,0.0,0.0,852.2146846055984,8.522147105485201,0.9318733614683151,0.3634375,0.1881269793604744,nan,nan,nan,nan,nan,nan,nan,nan,nan,nan,19968,-2.409868264763304e-05,0.00423685871064663,0.7093338906764984,0.001374766044318676,0.13250359445810317,0.13250359445810317,0.029341620579361915,8.154976698113459e-06,0.0,0.9518238306045532,1.0,0.001014423076923076,1.110576923076922e-05,0,0.5,0.5,0.90625,0.3634375,2.4148162326216696,1.3483586353063584,0.2525,0.9550446844100953
624,2000000,107.36637926101685,1.0736639365553855,107.36637926101685,1.0736639365553855,0.0,0.0,0.0,827.6152911186218,8.276153260171414,0.9768112500011921,0.35125,0.17768514824052534,56.847773998975754,0.5684777399897576,56.847773998975754,0.5684777399897576,100.0,0.9662874918803572,0.32,0.16274324142396115,0.0,806.7335278689861,20000,-0.00010689737526989874,0.00455615185201168,0.6965496957302093,0.0014746288186870515,0.18408763110637666,0.18408763110637666,0.026382974907755853,3.5091314610304896e-05,0.0,0.9471868872642517,1.0,0.0009999999999999992,1.0000000000000026e-05,0,0.5,0.5,0.96875,0.35125,1.986169556826353,1.9452525874972344,0.2259375,0.9306696850061417
