iter,global_step,episode_return,mean_step_reward,optimized_episode_return,optimized_mean_step_reward,reward_shift,episode_return_gap_to_zero,mean_step_reward_gap_to_zero,episode_return_delta_from_start,mean_step_reward_delta_from_start,pursuer_target_distance,capture,task_score,eval_mean_return,eval_mean_step_reward,eval_optimized_mean_return,eval_optimized_mean_step_reward,eval_mean_episode_length,eval_pursuer_target_distance,eval_capture,eval_task_score,eval_return_gap_to_zero,eval_return_delta_from_start,episodes_completed,policy_loss,value_loss,entropy,total_loss,grad_norm,actor_grad_norm,critic_grad_norm,approx_kl,clipfrac,explained_variance,mean_ratio_epoch0,entropy_coef,lr,seed,alpha,env_alpha,capture_rate,capture_c1_participation,dist_full_sight,dist_sensor_limited,marginal_c1_rate,knn_c1_sighted_frac
0,3200,-674.5838813781738,-6.745838937759399,-674.5838813781738,-6.745838937759399,0.0,674.5838813781738,6.745838937759399,0.0,0.0,3.6324717450141906,0.0,0.0,-609.2164472341537,-6.092164472341538,-609.2164472341537,-6.092164472341538,100.0,5.101706963330507,0.0,0.0,609.2164472341537,0.0,32,-0.0009481473980827104,0.6707768380641937,1.6081873536109925,0.31835840046405794,0.019871130026876925,0.019871130026876925,0.1912504494190216,0.0011638200478046455,0.0,-0.47687864303588867,1.0,0.01,0.0007,3,0.75,0.75,0.0,0.0,7.978816356658935,4.193943648338318,0.0,0.9219643294811248
1,6400,-714.4346971511841,-7.144346957206726,-714.4346971511841,-7.144346957206726,0.0,714.4346971511841,7.144346957206726,-39.850815773010254,-0.39850801944732694,4.009434485435486,0.0,0.0,nan,nan,nan,nan,nan,nan,nan,nan,nan,nan,64,-0.000640294806170516,0.4909118294715881,1.6018162488937377,0.22882056087255478,0.020921201817691325,0.020921201817691325,0.25628039985895157,0.0012286884360948596,0.00012187500251457096,0.0528254508972168,1.0,0.009985576923076923,0.0006988942307692308,3,0.75,0.75,0.0,0.0,6.552275381088257,4.950002613067627,0.0,0.9356696844100952
2,9600,-730.5823855400085,-7.305823836326599,-730.5823855400085,-7.305823836326599,0.0,730.5823855400085,7.305823836326599,-55.99850416183472,-0.5599848985672002,4.261917004585266,0.0,0.0,nan,nan,nan,nan,nan,nan,nan,nan,nan,nan,96,-0.0010525866477749447,0.4797302454710007,1.5910752415657043,0.2229476824402809,0.031159423850476743,0.031159423850476743,0.27758381366729734,0.001883359099156498,0.006718749832361937,0.30397915840148926,1.0,0.009971153846153847,0.0006977884615384615,3,0.75,0.75,0.0,0.0,7.9880531311035154,5.310570707321167,0.0,0.8899107587337494
3,12800,-711.9925355911255,-7.119925088882447,-711.9925355911255,-7.119925088882447,0.0,711.9925355911255,7.119925088882447,-37.40865421295166,-0.37408615112304755,4.048783342838288,0.0,0.0,nan,nan,nan,nan,nan,nan,nan,nan,nan,nan,128,-0.0007987089515310685,0.42990089058876035,1.5830637693405152,0.19838959872722625,0.029317907989025116,0.029317907989025116,0.268398018181324,0.0016095365626828534,0.006103125161826028,0.3596073389053345,1.0,0.00995673076923077,0.0006966826923076923,3,0.75,0.75,0.0,0.0,8.290965690612794,4.669667320251465,0.0,0.9131696838140487
4,16000,-714.1682996749878,-7.141682844161988,-714.1682996749878,-7.141682844161988,0.0,714.1682996749878,7.141682844161988,-39.584418296813965,-0.3958439064025887,4.104930279254913,0.0,0.0,nan,nan,nan,nan,nan,nan,nan,nan,nan,nan,160,-0.0007029985368891545,0.40632729828357694,1.5841050028800965,0.18671098798513414,0.027328490279614925,0.027328490279614925,0.25887483805418016,0.0011201659475777008,0.003690624883165583,0.48413652181625366,1.0,0.009942307692307693,0.0006955769230769231,3,0.75,0.75,0.0,0.0,7.349914398193359,5.236240329742432,0.0,0.9183929008245468
5,19200,-651.9693689346313,-6.519693508148193,-651.9693689346313,-6.519693508148193,0.0,651.9693689346313,6.519693508148193,22.61451244354248,0.22614542961120598,3.6793601441383363,0.0,0.0,nan,nan,nan,nan,nan,nan,nan,nan,nan,nan,192,-0.0007924517940672615,0.326065394282341,1.5775985717773438,0.14657803028821945,0.023749235086143017,0.023749235086143017,0.2298630028963089,0.001561260962990164,0.004890624829567969,0.49255937337875366,1.0,0.009927884615384616,0.0006944711538461538,3,0.75,0.75,0.0,0.0,6.5500932836532595,4.091835231781006,0.0,0.9395982587337494
6,22400,-663.2981252670288,-6.632981514930725,-663.2981252670288,-6.632981514930725,0.0,663.2981252670288,6.632981514930725,11.28575611114502,0.11285742282867428,3.8143027520179746,0.0,0.0,nan,nan,nan,nan,nan,nan,nan,nan,nan,nan,224,-0.0008072230735299612,0.32877975702285767,1.5744997024536134,0.14797391444444657,0.024166480265557767,0.024166480265557767,0.2503038808703423,0.0010538136513791384,0.002006249921396375,0.4497765302658081,1.0,0.00991346153846154,0.0006933653846153846,3,0.75,0.75,0.0,0.0,7.7319495964050295,4.167956776618958,0.0,0.9350893276929856
7,25600,-625.3752031326294,-6.253752274513245,-625.3752031326294,-6.253752274513245,0.0,625.3752031326294,6.253752274513245,49.208678245544434,0.49208666324615447,3.299330139160156,0.0,0.0,nan,nan,nan,nan,nan,nan,nan,nan,nan,nan,256,-0.0009994907091837035,0.23523397296667098,1.5720033645629883,0.10105617344379425,0.03977405000478029,0.03977405000478029,0.21628496944904327,0.0023288922842770944,0.012034374894574285,0.5782681703567505,1.0,0.009899038461538463,0.0006922596153846154,3,0.75,0.75,0.0,0.0,5.991525735855102,4.410680615901947,0.0,0.93084825694561
8,28800,-698.3821496963501,-6.983821759223938,-698.3821496963501,-6.983821759223938,0.0,698.3821496963501,6.983821759223938,-23.79826831817627,-0.23798282146453875,3.894318459033966,0.0,0.0,nan,nan,nan,nan,nan,nan,nan,nan,nan,nan,288,-0.0011523275000740797,0.34471175670623777,1.5642460823059081,0.1557415783405304,0.041001515835523604,0.041001515835523604,0.2734995365142822,0.002149614284281135,0.01773437501396984,0.5354951024055481,1.0,0.009884615384615384,0.0006911538461538461,3,0.75,0.75,0.0,0.0,8.509585313796997,4.512772383689881,0.0,0.9128125417232513
9,32000,-679.8334150314331,-6.798334093093872,-679.8334150314331,-6.798334093093872,0.0,679.8334150314331,6.798334093093872,-5.249533653259277,-0.0524951553344728,3.726715536117554,0.0,0.0,nan,nan,nan,nan,nan,nan,nan,nan,nan,nan,320,-0.001122102698415972,0.32087643146514894,1.5591277956962586,0.1439272239804268,0.035802639275789264,0.035802639275789264,0.28335088640451433,0.002015925343585437,0.012993750139139592,0.42612165212631226,1.0,0.009870192307692307,0.0006900480769230769,3,0.75,0.75,0.0,0.0,8.21337628364563,3.996012337207794,0.0,0.903839328289032
10,35200,-676.9225473403931,-6.769225425720215,-676.9225473403931,-6.769225425720215,0.0,676.9225473403931,6.769225425720215,-2.3386659622192383,-0.023386487960816105,3.612789387702942,0.0,0.0,nan,nan,nan,nan,nan,nan,nan,nan,nan,nan,352,-0.0011977017903703313,0.2367658495903015,1.5602893352508544,0.1018073707818985,0.03326853606849909,0.03326853606849909,0.24687525480985642,0.0018638565918086395,0.008875000092666596,0.5569056272506714,1.0,0.00985576923076923,0.0006889423076923077,3,0.75,0.75,0.0,0.0,6.963237147331238,4.647309446334839,0.0,0.935089322924614
11,38400,-694.5792593955994,-6.945792541503907,-694.5792593955994,-6.945792541503907,0.0,694.5792593955994,6.945792541503907,-19.995378017425537,-0.19995360374450755,4.460196928977966,0.0,0.0,nan,nan,nan,nan,nan,nan,nan,nan,nan,nan,384,-0.0012072198217619955,0.31886428892612456,1.5592499494552612,0.14287980496883393,0.039551435597240926,0.039551435597240926,0.2723331853747368,0.0026415088243089127,0.01853749973233789,0.5267225503921509,1.0,0.009841346153846154,0.0006878365384615384,3,0.75,0.75,0.0,0.0,6.48965175151825,5.139468297958374,0.0,0.9044643265008926
12,41600,-777.2933712005615,-7.7729338979721065,-777.2933712005615,-7.7729338979721065,0.0,777.2933712005615,7.7729338979721065,-102.7094898223877,-1.0270949602127075,4.14099413394928,0.0,0.0,nan,nan,nan,nan,nan,nan,nan,nan,nan,nan,416,-0.0007372388462684399,0.3432611972093582,1.5718836069107056,0.1554465800523758,0.03711695671081543,0.03711695671081543,0.2974891558289528,0.0019804601251967374,0.011996875231852755,0.5684078931808472,1.0,0.009826923076923077,0.0006867307692307692,3,0.75,0.75,0.0,0.0,8.229697370529175,4.873402433395386,0.0,0.9553125393390656
13,44800,-754.716197013855,-7.547161974906921,-754.716197013855,-7.547161974906921,0.0,754.716197013855,7.547161974906921,-80.13231563568115,-0.8013230371475224,4.162522048950195,0.0,0.0,nan,nan,nan,nan,nan,nan,nan,nan,nan,nan,448,-0.0009398188563878307,0.31210607290267944,1.5665107250213623,0.1397418349981308,0.030865765921771527,0.030865765921771527,0.2924620762467384,0.0018600078128661022,0.008424999871931505,0.4518304467201233,1.0,0.0098125,0.000685625,3,0.75,0.75,0.0,0.0,7.177784900665284,5.145397696495056,0.0,0.9337500447034836
14,48000,-751.7817983627319,-7.517817769050598,-751.7817983627319,-7.517817769050598,0.0,751.7817983627319,7.517817769050598,-77.1979169845581,-0.7719788312911993,4.393497591018677,0.0,0.0,nan,nan,nan,nan,nan,nan,nan,nan,nan,nan,480,-0.0014155206674825393,0.27268501967191694,1.5463240504264832,0.11977598443627357,0.05170001294463873,0.05170001294463873,0.2847252249717712,0.0024552530190708674,0.022656250465661287,0.5158671140670776,1.0,0.009798076923076923,0.0006845192307692307,3,0.75,0.75,0.0,0.0,7.311551346778869,5.170422258377076,0.0,0.9400893259048462
15,51200,-732.6513195037842,-7.326513266563415,-732.6513195037842,-7.326513266563415,0.0,732.6513195037842,7.326513266563415,-58.06743812561035,-0.5806743288040161,4.290382614135742,0.0,0.0,nan,nan,nan,nan,nan,nan,nan,nan,nan,nan,512,-0.0009255946877413379,0.23771366477012634,1.5349755764007569,0.10291356667876243,0.03271891344338655,0.03271891344338655,0.27978325039148333,0.0022531832131795887,0.020181250234600157,0.4211544990539551,1.0,0.009783653846153846,0.0006834134615384615,3,0.75,0.75,0.0,0.0,7.233529376983642,5.1041363334655765,0.0,0.9406250447034836
16,54400,-744.5240907669067,-7.445240836143494,-744.5240907669067,-7.445240836143494,0.0,744.5240907669067,7.445240836143494,-69.94020938873291,-0.699401898384095,4.250122623443604,0.0,0.0,nan,nan,nan,nan,nan,nan,nan,nan,nan,nan,544,-0.0006642668723301881,0.25027182698249817,1.5423826456069947,0.10940375179052353,0.026525312289595603,0.026525312289595603,0.2782780796289444,0.0012113755856267975,0.005659374967217445,0.5820196270942688,1.0,0.00976923076923077,0.0006823076923076923,3,0.75,0.75,0.0,0.0,8.832592487335205,4.702460765838623,0.0,0.9350446850061417
17,57600,-682.2134599685669,-6.82213448047638,-682.2134599685669,-6.82213448047638,0.0,682.2134599685669,6.82213448047638,-7.629578590393066,-0.07629554271698069,3.677950396537781,0.0,0.0,nan,nan,nan,nan,nan,nan,nan,nan,nan,nan,576,-0.0009963243265765699,0.15090857073664665,1.550320315361023,0.059334884956479074,0.047418566048145296,0.047418566048145296,0.2363163135945797,0.001509012546012439,0.009999999962747096,0.7471157312393188,1.0,0.009754807692307693,0.000681201923076923,3,0.75,0.75,0.0,0.0,6.998677167892456,4.306937370300293,0.0,0.9641518235206604
18,60800,-793.5910701751709,-7.9359105205535885,-793.5910701751709,-7.9359105205535885,0.0,793.5910701751709,7.9359105205535885,-119.00718879699707,-1.1900715827941895,4.112835881710052,0.0,0.0,nan,nan,nan,nan,nan,nan,nan,nan,nan,nan,608,-0.0008434767549044154,0.2346863031387329,1.5548502206802368,0.10135483667254448,0.0291622593998909,0.0291622593998909,0.28984744697809217,0.0016867946440475665,0.008337499864865094,0.7616617679595947,1.0,0.009740384615384616,0.0006800961538461538,3,0.75,0.75,0.0,0.0,8.44719672203064,5.119824585914611,0.0,0.9361607533693314
19,64000,-695.677149772644,-6.956771402359009,-695.677149772644,-6.956771402359009,0.0,695.677149772644,6.956771402359009,-21.093268394470215,-0.21093246459961001,3.4659239792823793,0.0,0.0,nan,nan,nan,nan,nan,nan,nan,nan,nan,nan,640,-0.0012258994246025167,0.17034999579191207,1.56009681224823,0.06877565719187259,0.03328511528670788,0.03328511528670788,0.28558141440153123,0.0010802020922715673,0.0040062500163912775,0.5992968082427979,1.0,0.00972596153846154,0.0006789903846153847,3,0.75,0.75,0.0,0.0,6.605326170921326,4.885918173789978,0.0,0.9277679020166397
20,67200,-725.5873308181763,-7.255873456001281,-725.5873308181763,-7.255873456001281,0.0,725.5873308181763,7.255873456001281,-51.00344944000244,-0.5100345182418824,4.00796891450882,0.0,0.0,-858.2751815319061,-8.582751815319062,-858.2751815319061,-8.582751815319062,100.0,6.764056858122348,0.0,0.0,858.2751815319061,-249.05873429775238,672,-0.0008896408294095437,0.15293642729520798,1.566456913948059,0.060365866497159006,0.03698478527367115,0.03698478527367115,0.25561976805329323,0.0015014955770316421,0.01184374988079071,0.8084132671356201,1.0,0.009711538461538462,0.0006778846153846154,3,0.75,0.75,0.0,0.0,6.909818267822265,4.9080879640579225,0.0,0.9232143300771714
21,70400,-762.2790946960449,-7.622790913581849,-762.2790946960449,-7.622790913581849,0.0,762.2790946960449,7.622790913581849,-87.6952133178711,-0.8769519758224495,3.9640336799621583,0.0,0.0,nan,nan,nan,nan,nan,nan,nan,nan,nan,nan,704,-0.000698931244347456,0.20147788822650908,1.5723707795143127,0.08479255214333534,0.026983699388802053,0.026983699388802053,0.2942973658442497,0.0011814644934934186,0.0007937499787658453,0.6244848966598511,1.0,0.009697115384615386,0.0006767788461538462,3,0.75,0.75,0.0,0.0,7.705887932777404,4.914353499412536,0.0,0.9584375375509262
22,73600,-761.4600400924683,-7.614600458145142,-761.4600400924683,-7.614600458145142,0.0,761.4600400924683,7.614600458145142,-86.87615871429443,-0.8687615203857426,4.211076157093048,0.0,0.0,nan,nan,nan,nan,nan,nan,nan,nan,nan,nan,736,-0.0007258497975129785,0.18741602897644044,1.5713838458061218,0.07776693850755692,0.02422678004950285,0.02422678004950285,0.2647092528641224,0.0017707056482326813,0.004231250009615906,0.4017401337623596,1.0,0.009682692307692307,0.000675673076923077,3,0.75,0.75,0.0,0.0,8.483224859237671,5.117854528427124,0.0,0.9132143306732178
23,76800,-790.6162977218628,-7.906162905693054,-790.6162977218628,-7.906162905693054,0.0,790.6162977218628,7.906162905693054,-116.03241634368896,-1.160323967933655,4.97707501411438,0.0,0.0,nan,nan,nan,nan,nan,nan,nan,nan,nan,nan,768,-0.00102092917816492,0.19507811218500137,1.5565425992012023,0.0814690537750721,0.04248827993869782,0.04248827993869782,0.297334872931242,0.001838731160387868,0.010187500342726707,0.5532352924346924,1.0,0.00966826923076923,0.0006745673076923077,3,0.75,0.75,0.0,0.0,9.510319938659668,5.5543387985229495,0.0,0.9091964662075043
24,80000,-728.5615139007568,-7.285615458488464,-728.5615139007568,-7.285615458488464,0.0,728.5615139007568,7.285615458488464,-53.97763252258301,-0.539776520729065,3.682610659599304,0.0,0.0,nan,nan,nan,nan,nan,nan,nan,nan,nan,nan,800,-0.00046759606616397775,0.0867244340479374,1.554351842403412,0.02788914814591408,0.027233911119401454,0.027233911119401454,0.21373481005430223,0.0010411879236931249,0.0,0.8072950839996338,1.0,0.009653846153846153,0.0006734615384615385,3,0.75,0.75,0.0,0.0,8.223566884994506,4.276762354373932,0.0,0.9369196867942811
25,83200,-690.6709976196289,-6.9067099666595455,-690.6709976196289,-6.9067099666595455,0.0,690.6709976196289,6.9067099666595455,-16.087116241455078,-0.16087102890014648,3.799838402271271,0.0,0.0,nan,nan,nan,nan,nan,nan,nan,nan,nan,nan,832,-0.0008550764021634904,0.08660380616784095,1.5446234583854674,0.027557546831667425,0.03286352716386318,0.03286352716386318,0.19780062213540078,0.0019424092828563267,0.0044843749143183235,0.7747393846511841,1.0,0.009639423076923077,0.0006723557692307693,3,0.75,0.75,0.0,0.0,7.5107510471343994,4.4416876840591435,0.0,0.8962053984403611
26,86400,-719.5747208595276,-7.195747175216675,-719.5747208595276,-7.195747175216675,0.0,719.5747208595276,7.195747175216675,-44.99083948135376,-0.4499082374572758,3.2778966927528383,0.0,0.0,nan,nan,nan,nan,nan,nan,nan,nan,nan,nan,864,-0.0003961429079183176,0.09961594194173813,1.5351389169692993,0.03463611602783203,0.020776521414518356,0.020776521414518356,0.22174326032400132,0.0006775706639024154,0.0,0.7812669277191162,1.0,0.009625,0.00067125,3,0.75,0.75,0.0,0.0,7.284673771858215,4.717241477966309,0.0,0.9285268294811249
27,89600,-732.3696804046631,-7.323697109222412,-732.3696804046631,-7.323697109222412,0.0,732.3696804046631,7.323697109222412,-57.78579902648926,-0.5778581714630127,3.6365093660354613,0.0,0.0,nan,nan,nan,nan,nan,nan,nan,nan,nan,nan,896,-0.0006068486551043861,0.12954233437776566,1.5270150899887085,0.049488823488354684,0.025312614068388938,0.025312614068388938,0.2556277342140675,0.0008559315017925347,0.003328125039115548,0.5848919153213501,1.0,0.009610576923076923,0.0006701442307692308,3,0.75,0.75,0.0,0.0,6.195623178482055,5.107778172492981,0.0,0.9450893253087997
28,92800,-698.1648063659668,-6.981647911071778,-698.1648063659668,-6.981647911071778,0.0,698.1648063659668,6.981647911071778,-23.58092498779297,-0.2358089733123787,3.766674230098724,0.0,0.0,nan,nan,nan,nan,nan,nan,nan,nan,nan,nan,928,-0.0010478151096496191,0.08233585879206658,1.530286931991577,0.025435245037078856,0.03949090279638767,0.03949090279638767,0.20297883525490762,0.0020748268889298396,0.01608749987790361,0.729122519493103,1.0,0.009596153846153846,0.0006690384615384616,3,0.75,0.75,0.0,0.0,8.122535734176635,4.180391449928283,0.0,0.9347768193483352
29,96000,-717.1046714782715,-7.171046576499939,-717.1046714782715,-7.171046576499939,0.0,717.1046714782715,7.171046576499939,-42.520790100097656,-0.4252076387405399,3.617012097835541,0.0,0.0,nan,nan,nan,nan,nan,nan,nan,nan,nan,nan,960,-0.0007643230715999039,0.06790080294013023,1.5373420476913453,0.018455680925399065,0.029420864209532736,0.029420864209532736,0.20756238028407098,0.00092576395654816,0.0005812500108731911,0.8784821033477783,1.0,0.00958173076923077,0.0006679326923076923,3,0.75,0.75,0.0,0.0,6.334167776107788,4.9052685403823855,0.0,0.928616116642952
30,99200,-725.6894435882568,-7.256894302368164,-725.6894435882568,-7.256894302368164,0.0,725.6894435882568,7.256894302368164,-51.10556221008301,-0.5110553646087652,3.324439251422882,0.0,0.0,nan,nan,nan,nan,nan,nan,nan,nan,nan,nan,992,-0.0008366846354910251,0.10098428875207902,1.526806116104126,0.03504803571850061,0.027238965965807438,0.027238965965807438,0.2340958073735237,0.001630188267154727,0.0061031249410007146,0.6739597320556641,1.0,0.009567307692307693,0.0006668269230769231,3,0.75,0.75,0.0,0.0,7.686808137893677,4.555179929733276,0.0,0.934508975148201
31,102400,-651.7728881835938,-6.517728815078735,-651.7728881835938,-6.517728815078735,0.0,651.7728881835938,6.517728815078735,22.810993194580078,0.22811012268066388,3.1771521186828613,0.0,0.0,nan,nan,nan,nan,nan,nan,nan,nan,nan,nan,1024,-0.0012989691189606134,0.0477896086871624,1.5254708051681518,0.008023188076913356,0.04455459881573916,0.04455459881573916,0.16657363921403884,0.0024189520125224807,0.016109374695224686,0.7141119241714478,1.0,0.009552884615384616,0.0006657211538461539,3,0.75,0.75,0.0,0.0,6.4494905757904055,4.1305697369575505,0.0,0.9175893354415894
32,105600,-717.1888065338135,-7.171888017654419,-717.1888065338135,-7.171888017654419,0.0,717.1888065338135,7.171888017654419,-42.60492515563965,-0.4260490798950203,3.7471409273147582,0.0,0.0,nan,nan,nan,nan,nan,nan,nan,nan,nan,nan,1056,-0.00111479228904372,0.10182787179946899,1.52731454372406,0.03523091282695532,0.05286683142185211,0.05286683142185211,0.23287905007600784,0.002778439825124812,0.023806250107008965,0.5956454277038574,1.0,0.009538461538461539,0.0006646153846153846,3,0.75,0.75,0.0,0.0,6.8611633539199826,5.254127035140991,0.0,0.9392411112785339
33,108800,-635.5012140274048,-6.3550121164321896,-635.5012140274048,-6.3550121164321896,0.0,635.5012140274048,6.3550121164321896,39.08266735076904,0.3908268213272095,3.2301178932189942,0.0,0.0,nan,nan,nan,nan,nan,nan,nan,nan,nan,nan,1088,-0.0010148822957475544,0.03543802779167891,1.539287543296814,0.002043898496776819,0.04163092225790024,0.04163092225790024,0.16505882292985916,0.002073263697093908,0.013987499798531644,0.8568623065948486,1.0,0.009524038461538462,0.0006635096153846154,3,0.75,0.75,0.0,0.0,6.416707272529602,4.139445745944977,0.0,0.9446429014205933
34,112000,-614.1488542556763,-6.141488728523254,-614.1488542556763,-6.141488728523254,0.0,614.1488542556763,6.141488728523254,60.43502712249756,0.604350209236145,3.4320218205451964,0.0,0.0,nan,nan,nan,nan,nan,nan,nan,nan,nan,nan,1120,-0.0011712866865678962,0.03256624434143305,1.5412885308265687,0.0004547740332782269,0.03149895779788494,0.03149895779788494,0.12983524799346924,0.001844769216768884,0.0071718751452863215,0.8039180636405945,1.0,0.009509615384615385,0.0006624038461538462,3,0.75,0.75,0.0,0.0,6.478404679298401,4.256005508899689,0.0,0.9334821760654449
35,115200,-648.1940898895264,-6.4819408750534055,-648.1940898895264,-6.4819408750534055,0.0,648.1940898895264,6.4819408750534055,26.38979148864746,0.2638980627059935,2.842561910152435,0.0,0.0,nan,nan,nan,nan,nan,nan,nan,nan,nan,nan,1152,-0.0005551406516083546,0.04431794509291649,1.5418035507202148,0.006964110769331455,0.024406346119940282,0.024406346119940282,0.18156350180506706,0.0013513594680267392,0.004703124985098839,0.7752177715301514,1.0,0.009495192307692309,0.0006612980769230769,3,0.75,0.75,0.0,0.0,6.423777956962585,3.8085073399543763,0.0,0.9334821838140488
36,118400,-607.2050457000732,-6.072050671577454,-607.2050457000732,-6.072050671577454,0.0,607.2050457000732,6.072050671577454,67.37883567810059,0.673788266181945,3.2137588763237,0.0,0.0,nan,nan,nan,nan,nan,nan,nan,nan,nan,nan,1184,-0.000595401305591814,0.03575726170092821,1.5353647351264954,0.0027267913334071635,0.023945357650518417,0.023945357650518417,0.15434330105781555,0.0010392244766995553,0.0033874999731779098,0.785976767539978,1.0,0.00948076923076923,0.0006601923076923077,3,0.75,0.75,0.0,0.0,6.831607980728149,3.5376915407180785,0.0,0.9216518306732178
37,121600,-741.2599725723267,-7.412599987983704,-741.2599725723267,-7.412599987983704,0.0,741.2599725723267,7.412599987983704,-66.67609119415283,-0.6667610502243049,4.118906590938568,0.0,0.0,nan,nan,nan,nan,nan,nan,nan,nan,nan,nan,1216,-0.0011686526188977807,0.06916460022330284,1.5336126923561095,0.018895938992500305,0.03313002623617649,0.03313002623617649,0.18892437741160392,0.001830929993230335,0.009546874882653355,0.7122918963432312,1.0,0.009466346153846153,0.0006590865384615385,3,0.75,0.75,0.0,0.0,7.664759540557862,5.233523187637329,0.0,0.972098251581192
38,124800,-752.5790801048279,-7.525790710449218,-752.5790801048279,-7.525790710449218,0.0,752.5790801048279,7.525790710449218,-77.99519872665405,-0.7799517726898193,3.8759725642204286,0.0,0.0,nan,nan,nan,nan,nan,nan,nan,nan,nan,nan,1248,-0.0009487761109891579,0.08640324547886849,1.5237305402755736,0.027850663289427757,0.034694659523665905,0.034694659523665905,0.21783913299441338,0.002013313743373725,0.008437500125728548,0.6265968084335327,1.0,0.009451923076923077,0.0006579807692307692,3,0.75,0.75,0.0,0.0,7.623445911407471,5.17619559764862,0.0,0.957276821732521
39,128000,-669.4249629974365,-6.694250011444092,-669.4249629974365,-6.694250011444092,0.0,669.4249629974365,6.694250011444092,5.158918380737305,0.05158892631530687,3.456862950325012,0.0,0.0,nan,nan,nan,nan,nan,nan,nan,nan,nan,nan,1280,-0.001005512641352979,0.04900953210890293,1.5358130216598511,0.009005019161850213,0.035834725573658945,0.035834725573658945,0.17410686537623404,0.002250629793707634,0.016168749885400756,0.747387707233429,1.0,0.0094375,0.000656875,3,0.75,0.75,0.0,0.0,6.519863543510437,4.59315416097641,0.0,0.908928611278534
40,131200,-644.3954658508301,-6.44395489692688,-644.3954658508301,-6.44395489692688,0.0,644.3954658508301,6.44395489692688,30.18841552734375,0.30188404083251896,3.5489481115341186,0.0,0.0,-673.757816195488,-6.73757816195488,-673.757816195488,-6.73757816195488,100.0,4.215847490131855,0.0,0.0,673.757816195488,-64.54136896133423,1312,-0.001065191895311024,0.053964334353804586,1.542217230796814,0.011384543683379888,0.024061417765915395,0.024061417765915395,0.1981984369456768,0.0014157967820216469,0.002687499928288162,0.7199174165725708,1.0,0.009423076923076923,0.0006557692307692308,3,0.75,0.75,0.0,0.0,6.565076656341553,4.723685894012451,0.0,0.9014286088943482
41,134400,-653.3930749893188,-6.533930954933166,-653.3930749893188,-6.533930954933166,0.0,653.3930749893188,6.533930954933166,21.19080638885498,0.2119079828262329,3.419046745300293,0.0,0.0,nan,nan,nan,nan,nan,nan,nan,nan,nan,nan,1344,-0.0012887783722661083,0.056197076290845874,1.5310927867889403,0.012404238432645797,0.03231590669602156,0.03231590669602156,0.2001409187912941,0.00170732497972554,0.00834687501192093,0.6821904182434082,1.0,0.009408653846153846,0.0006546634615384615,3,0.75,0.75,0.0,0.0,6.929784936904907,4.481547703742981,0.0,0.8825446873903274
42,137600,-623.7955083847046,-6.237955179214477,-623.7955083847046,-6.237955179214477,0.0,623.7955083847046,6.237955179214477,50.78837299346924,0.5078837585449216,3.47363516330719,0.0,0.0,nan,nan,nan,nan,nan,nan,nan,nan,nan,nan,1376,-0.001093470676918429,0.02801794111728668,1.5165233254432677,-0.0013310695998370648,0.03231096938252449,0.03231096938252449,0.13793464973568917,0.002142189124061324,0.014359375124331563,0.8273029327392578,1.0,0.00939423076923077,0.0006535576923076923,3,0.75,0.75,0.0,0.0,6.9938095712661745,4.095637800693512,0.0,0.9324553984403611
43,140800,-711.7455148696899,-7.11745523929596,-711.7455148696899,-7.11745523929596,0.0,711.7455148696899,7.11745523929596,-37.16163349151611,-0.37161630153656056,3.5100861191749573,0.0,0.0,nan,nan,nan,nan,nan,nan,nan,nan,nan,nan,1408,-0.0011170527183800515,0.07435529865324497,1.5148244023323059,0.021851834282279013,0.03126016389578581,0.03126016389578581,0.21156930029392243,0.0017711605014489686,0.00925937491701916,0.6156907081604004,1.0,0.009379807692307692,0.000652451923076923,3,0.75,0.75,0.0,0.0,7.786689329147339,4.4780282783508305,0.0,0.9241518324613571
44,144000,-597.5640296936035,-5.975640525817871,-597.5640296936035,-5.975640525817871,0.0,597.5640296936035,5.975640525817871,77.01985168457031,0.7701984119415277,2.80410085439682,0.0,0.0,nan,nan,nan,nan,nan,nan,nan,nan,nan,nan,1440,-0.0009894564017245866,0.033095039427280426,1.5302195072174072,0.0012269694358110427,0.029592677764594556,0.029592677764594556,0.14894500151276588,0.0019345378233999032,0.01172499976819381,0.7300678491592407,1.0,0.009365384615384616,0.0006513461538461538,3,0.75,0.75,0.0,0.0,7.822305984497071,3.0465589022636412,0.0,0.9208482640981674
45,147200,-584.1650505065918,-5.8416504335403445,-584.1650505065918,-5.8416504335403445,0.0,584.1650505065918,5.8416504335403445,90.41883087158203,0.9041885042190545,2.663975727558136,0.0,0.0,nan,nan,nan,nan,nan,nan,nan,nan,nan,nan,1472,-0.0008734737297142025,0.034596419893205166,1.5331509470939637,0.0020883011631667612,0.02820204310119152,0.02820204310119152,0.15533140897750855,0.0016209065259323967,0.007456249964161543,0.680473268032074,1.0,0.009350961538461539,0.0006502403846153846,3,0.75,0.75,0.0,0.0,6.644631757736206,3.2366047644615175,0.0,0.9345982527732849
46,150400,-684.4671010971069,-6.84467098236084,-684.4671010971069,-6.84467098236084,0.0,684.4671010971069,6.84467098236084,-9.883219718933105,-0.09883204460144057,4.013622450828552,0.0,0.0,nan,nan,nan,nan,nan,nan,nan,nan,nan,nan,1504,-0.000783450916661188,0.0653675127774477,1.5308995366096496,0.01760700261220336,0.03322408497333527,0.03322408497333527,0.21097243204712868,0.0018096596155380226,0.013049999845679849,0.6554757356643677,1.0,0.009336538461538462,0.0006491346153846153,3,0.75,0.75,0.0,0.0,7.0110601758956905,4.742557587623597,0.0,0.9145089703798294
47,153600,-629.8789100646973,-6.298788995742798,-629.8789100646973,-6.298788995742798,0.0,629.8789100646973,6.298788995742798,44.70497131347656,0.4470499420166014,3.3719800114631653,0.0,0.0,nan,nan,nan,nan,nan,nan,nan,nan,nan,nan,1536,-0.0015460511867713578,0.029968118481338023,1.53791344165802,-0.0008985982276499271,0.04600178822875023,0.04600178822875023,0.13580079823732377,0.0020513442035741637,0.018224999669473618,0.7721421122550964,1.0,0.009322115384615385,0.0006480288461538461,3,0.75,0.75,0.0,0.0,7.624239430427552,3.5301708722114564,0.0,0.9183036136627197
48,156800,-590.9430499076843,-5.9094304275512695,-590.9430499076843,-5.9094304275512695,0.0,590.9430499076843,5.9094304275512695,83.6408314704895,0.8364085102081296,2.98356315612793,0.0,0.0,nan,nan,nan,nan,nan,nan,nan,nan,nan,nan,1568,-0.0009184853206273047,0.023517734929919244,1.5526081800460816,-0.003610817715525627,0.032967148907482625,0.032967148907482625,0.13334047012031078,0.00227139993221556,0.013665624835994095,0.8129693269729614,1.0,0.009307692307692308,0.0006469230769230769,3,0.75,0.75,0.0,0.0,6.790824928283691,3.3138984847068786,0.0,0.9058036142587662
49,160000,-595.2513451576233,-5.952513337135315,-595.2513451576233,-5.952513337135315,0.0,595.2513451576233,5.952513337135315,79.33253622055054,0.7933256006240841,2.6794956064224245,0.0,0.0,nan,nan,nan,nan,nan,nan,nan,nan,nan,nan,1600,-0.0015160507640801235,0.034255145490169524,1.550806200504303,0.0011994621716439724,0.05258130095899105,0.05258130095899105,0.14923198893666267,0.0033731759525841357,0.02727500000037253,0.7329314947128296,1.0,0.009293269230769232,0.0006458173076923076,3,0.75,0.75,0.0,0.0,5.692023229598999,3.3998160195350646,0.0,0.9197768294811248
50,163200,-717.1588077545166,-7.171588077545166,-717.1588077545166,-7.171588077545166,0.0,717.1588077545166,7.171588077545166,-42.57492637634277,-0.4257491397857667,3.7903900218009947,0.0,0.0,nan,nan,nan,nan,nan,nan,nan,nan,nan,nan,1632,-0.000940030662424407,0.04506030231714249,1.552874255180359,0.007181239407509565,0.043401400558650494,0.043401400558650494,0.1627299018204212,0.003379290879821002,0.02023437504976755,0.6600888967514038,1.0,0.009278846153846153,0.0006447115384615384,3,0.75,0.75,0.0,0.0,6.945357069969178,5.259260716438294,0.0,0.9134375429153443
51,166400,-611.417239189148,-6.1141722297668455,-611.417239189148,-6.1141722297668455,0.0,611.417239189148,6.1141722297668455,63.16664218902588,0.6316667079925535,3.0822176718711853,0.0,0.0,nan,nan,nan,nan,nan,nan,nan,nan,nan,nan,1664,-0.0014634998346911843,0.02213104497641325,1.5492225885391235,-0.004750631377100944,0.04313110150396824,0.04313110150396824,0.10967347174882888,0.002760256496549678,0.015893749985843898,0.797430157661438,1.0,0.009264423076923076,0.0006436057692307693,3,0.75,0.75,0.0,0.0,6.824907727241516,3.7371148538589476,0.0,0.9242857623100281
52,169600,-650.523138999939,-6.505231537818909,-650.523138999939,-6.505231537818909,0.0,650.523138999939,6.505231537818909,24.060742378234863,0.2406073999404903,3.46792587518692,0.0,0.0,nan,nan,nan,nan,nan,nan,nan,nan,nan,nan,1696,-0.0006644356208440616,0.03772966675460339,1.5342680931091308,0.00400841785594821,0.02610552478581667,0.02610552478581667,0.1464368522167206,0.0018669689467066056,0.007131250154634472,0.723432183265686,1.0,0.00925,0.0006425,3,0.75,0.75,0.0,0.0,6.153372702598571,4.415296034812927,0.0,0.9537054055929184
53,172800,-619.9655179977417,-6.199655079841614,-619.9655179977417,-6.199655079841614,0.0,619.9655179977417,6.199655079841614,54.61836338043213,0.5461838579177849,3.529514789581299,0.0,0.0,nan,nan,nan,nan,nan,nan,nan,nan,nan,nan,1728,-0.0011253018623916477,0.0352093119174242,1.5479389429092407,0.0021832450293004513,0.03939857054501772,0.03939857054501772,0.14439600706100464,0.0021714264334156013,0.015053125144913793,0.6491146087646484,1.0,0.009235576923076923,0.0006413942307692308,3,0.75,0.75,0.0,0.0,6.715311470031739,3.941005456447601,0.0,0.9179464745521545
54,176000,-702.4756298065186,-7.024756350517273,-702.4756298065186,-7.024756350517273,0.0,702.4756298065186,7.024756350517273,-27.891748428344727,-0.27891741275787396,4.071846108436585,0.0,0.0,nan,nan,nan,nan,nan,nan,nan,nan,nan,nan,1760,-0.0006149990070683953,0.05060773752629757,1.5448178410530091,0.010443866159766913,0.02302920427173376,0.02302920427173376,0.1622922658920288,0.0018214281284605113,0.004815625061746686,0.6336985230445862,1.0,0.009221153846153846,0.0006402884615384616,3,0.75,0.75,0.0,0.0,6.746212606430054,5.476874299049378,0.0,0.9346428966522217
55,179200,-632.1441321372986,-6.321441340446472,-632.1441321372986,-6.321441340446472,0.0,632.1441321372986,6.321441340446472,42.439749240875244,0.42439759731292703,3.143067173957825,0.0,0.0,nan,nan,nan,nan,nan,nan,nan,nan,nan,nan,1792,-0.0014902690089773295,0.044820521399378775,1.5302093148231506,0.0068317663855850695,0.03947304859757424,0.03947304859757424,0.157606490701437,0.0025296741361677325,0.018600000094738788,0.6113536357879639,1.0,0.00920673076923077,0.0006391826923076923,3,0.75,0.75,0.0,0.0,5.1551616621017455,4.5970906114578245,0.0,0.9330357563495636
56,182400,-574.7846145629883,-5.747846169471741,-574.7846145629883,-5.747846169471741,0.0,574.7846145629883,5.747846169471741,99.79926681518555,0.9979927682876584,2.7724126601219177,0.0,0.0,nan,nan,nan,nan,nan,nan,nan,nan,nan,nan,1824,-0.0011017969101804193,0.028601083718240262,1.5144613265991211,-0.0007226491346955299,0.033285532519221304,0.033285532519221304,0.12814503982663156,0.0019330703144084319,0.005375000023923349,0.7756186127662659,1.0,0.009192307692307692,0.0006380769230769231,3,0.75,0.75,0.0,0.0,6.340444555282593,3.239074022769928,0.0,0.9187946844100953
57,185600,-613.2066416740417,-6.132066679000855,-613.2066416740417,-6.132066679000855,0.0,613.2066416740417,6.132066679000855,61.37723970413208,0.6137722587585444,3.252794375419617,0.0,0.0,nan,nan,nan,nan,nan,nan,nan,nan,nan,nan,1856,-0.00109384710361482,0.03136325553059578,1.494078516960144,0.0008752998895943165,0.03624931275844574,0.03624931275844574,0.12397118806838989,0.0017693277732184856,0.008746875100769103,0.7565414309501648,1.0,0.009177884615384616,0.0006369711538461539,3,0.75,0.75,0.0,0.0,6.621790285110474,4.060572562217712,0.0,0.9182143300771713
58,188800,-502.75729417800903,-5.027573001384735,-502.75729417800903,-5.027573001384735,0.0,502.75729417800903,5.027573001384735,171.8265872001648,1.7182659363746637,2.5520847463607788,0.0,0.0,nan,nan,nan,nan,nan,nan,nan,nan,nan,nan,1888,-0.0016495866635114708,0.026745055988430976,1.491942250728607,-0.00194841418415308,0.05679431613534689,0.05679431613534689,0.11819216758012771,0.0031920620676835322,0.023771875561214982,0.8050762414932251,1.0,0.009163461538461539,0.0006358653846153846,3,0.75,0.75,0.0,0.0,6.308258347511291,2.9255974316596984,0.0,0.8913839721679687
59,192000,-561.7228679656982,-5.617228517532348,-561.7228679656982,-5.617228517532348,0.0,561.7228679656982,5.617228517532348,112.86101341247559,1.1286104202270506,3.0139285707473755,0.0,0.0,nan,nan,nan,nan,nan,nan,nan,nan,nan,nan,1920,-0.0014493727967666904,0.0246896805241704,1.4841839790344238,-0.0026833882089704274,0.03907496556639671,0.03907496556639671,0.1033590216189623,0.0020982120335254458,0.012709375249687582,0.8233466744422913,1.0,0.009149038461538462,0.0006347596153846154,3,0.75,0.75,0.0,0.0,7.301838846206665,3.4531006717681887,0.0,0.8753571820259094
60,195200,-600.5033421516418,-6.0050335168838505,-600.5033421516418,-6.0050335168838505,0.0,600.5033421516418,6.0050335168838505,74.08053922653198,0.7408054208755486,3.2344232869148253,0.0,0.0,-436.49199122190475,-4.364919912219047,-436.49199122190475,-4.364919912219047,100.0,3.670565802156925,0.0,0.0,436.49199122190475,172.724456012249,1952,-0.0006486966050113452,0.03230821769684553,1.4966123342514037,0.0018344336189329625,0.027596449293196202,0.027596449293196202,0.10677938237786293,0.001308619303018307,0.005787499994039535,0.6370841264724731,1.0,0.009134615384615385,0.0006336538461538462,3,0.75,0.75,0.0,0.0,6.916354737281799,3.809828143119812,0.0,0.9241071897745132
61,198400,-570.513710975647,-5.705136880874634,-570.513710975647,-5.705136880874634,0.0,570.513710975647,5.705136880874634,104.07017040252686,1.040702056884765,2.702192440032959,0.0,0.0,nan,nan,nan,nan,nan,nan,nan,nan,nan,nan,1984,-0.0007464582916756335,0.026980983093380928,1.4832712888717652,-0.0007836864329874516,0.033982354775071145,0.033982354775071145,0.09754543788731099,0.001640809978562836,0.006921874926774763,0.7564504146575928,1.0,0.009120192307692308,0.0006325480769230769,3,0.75,0.75,0.0,0.0,5.97281702041626,3.4060844016075134,0.0,0.9435268294811249
62,201600,-539.0373153686523,-5.390373120307922,-539.0373153686523,-5.390373120307922,0.0,539.0373153686523,5.390373120307922,135.54656600952148,1.3554658174514769,2.6366560673713684,0.0,0.0,nan,nan,nan,nan,nan,nan,nan,nan,nan,nan,2016,-0.0010253170166166115,0.026903770118951797,1.5116081237792969,-0.0013377862982451917,0.034801353514194486,0.034801353514194486,0.10026290863752366,0.0025676001227118153,0.01563124973908998,0.7795076370239258,1.0,0.009105769230769232,0.0006314423076923077,3,0.75,0.75,0.0,0.0,6.055183572769165,3.0095208430290223,0.0,0.9386607551574707
63,204800,-621.7974209785461,-6.217974333763123,-621.7974209785461,-6.217974333763123,0.0,621.7974209785461,6.217974333763123,52.786460399627686,0.5278646039962762,3.115220024585724,0.0,0.0,nan,nan,nan,nan,nan,nan,nan,nan,nan,nan,2048,-0.0015673599538509552,0.02925586365163326,1.5228932619094848,-0.0007845784071832895,0.050421923771500586,0.050421923771500586,0.10255161225795746,0.00281536884576839,0.019256250298349188,0.6873505115509033,1.0,0.009091346153846155,0.0006303365384615385,3,0.75,0.75,0.0,0.0,7.8453107213974,3.7375812840461733,0.0,0.9172321838140488
64,208000,-525.2391443252563,-5.25239137172699,-525.2391443252563,-5.25239137172699,0.0,525.2391443252563,5.25239137172699,149.34473705291748,1.4934475660324091,2.53364043712616,0.0,0.0,nan,nan,nan,nan,nan,nan,nan,nan,nan,nan,2080,-0.0010047016169643542,0.028425138816237448,1.5243090033531188,-0.0006281678564846515,0.04144977945834398,0.04144977945834398,0.10515335202217102,0.0027758093739982375,0.02130625022109598,0.598547637462616,1.0,0.009076923076923076,0.0006292307692307692,3,0.75,0.75,0.0,0.0,5.478497376441956,3.093913929462433,0.0,0.9376786148548126
65,211200,-593.2349987030029,-5.932350215911865,-593.2349987030029,-5.932350215911865,0.0,593.2349987030029,5.932350215911865,81.3488826751709,0.8134887218475342,3.029712371826172,0.0,0.0,nan,nan,nan,nan,nan,nan,nan,nan,nan,nan,2112,-0.0012503238140139316,0.02552247401326895,1.5078314900398255,-0.0021538093686103823,0.044541077129542826,0.044541077129542826,0.08779619745910168,0.0021201165647659614,0.022521875239908694,0.7711111903190613,1.0,0.0090625,0.000628125,3,0.75,0.75,0.0,0.0,5.633526906967163,3.8386110663414,0.0,0.9341518330574036
66,214400,-576.325394153595,-5.7632538604736325,-576.325394153595,-5.7632538604736325,0.0,576.325394153595,5.7632538604736325,98.25848722457886,0.9825850772857665,3.1444026112556456,0.0,0.0,nan,nan,nan,nan,nan,nan,nan,nan,nan,nan,2144,-0.0010378157917177333,0.02409298699349165,1.5282941222190858,-0.0028194453567266463,0.0405677555128932,0.0405677555128932,0.10015062801539898,0.0019777389374218053,0.008140625030500814,0.717743456363678,1.0,0.009048076923076923,0.0006270192307692308,3,0.75,0.75,0.0,0.0,4.724280235767364,4.112633025646209,0.0,0.9387946832180023
67,217600,-617.5870404243469,-6.175870122909546,-617.5870404243469,-6.175870122909546,0.0,617.5870404243469,6.175870122909546,56.996840953826904,0.5699688148498527,3.712201099395752,0.0,0.0,nan,nan,nan,nan,nan,nan,nan,nan,nan,nan,2176,-0.0008766349011595231,0.038148052804172036,1.534853494167328,0.004332056175917387,0.04009114969521761,0.04009114969521761,0.1255495309829712,0.001536724242215002,0.009490624697355088,0.5991156101226807,1.0,0.009033653846153846,0.0006259134615384615,3,0.75,0.75,0.0,0.0,7.043469381332398,4.35517235994339,0.0,0.9265625452995301
68,220800,-588.3451137542725,-5.883451156616211,-588.3451137542725,-5.883451156616211,0.0,588.3451137542725,5.883451156616211,86.23876762390137,0.8623877811431884,2.8472892332077024,0.0,0.0,nan,nan,nan,nan,nan,nan,nan,nan,nan,nan,2208,-0.0011723831741372148,0.021192476339638232,1.5310749650001525,-0.004385262820869684,0.0360455023124814,0.0360455023124814,0.08407778218388558,0.002266127164330718,0.011059374900651165,0.8330060839653015,1.0,0.009019230769230769,0.0006248076923076923,3,0.75,0.75,0.0,0.0,7.906696290969848,3.2235376906394957,0.0,0.9072321891784668
69,224000,-565.3696694374084,-5.653696670532226,-565.3696694374084,-5.653696670532226,0.0,565.3696694374084,5.653696670532226,109.21421194076538,1.0921422672271728,3.0637229251861573,0.0,0.0,nan,nan,nan,nan,nan,nan,nan,nan,nan,nan,2240,-0.0011278966725571493,0.030737604200839996,1.531641924381256,0.0004487637430429459,0.04213282391428948,0.04213282391428948,0.09958386197686195,0.0029179758064862456,0.023118750014691613,0.6258557438850403,1.0,0.009004807692307692,0.0006237019230769231,3,0.75,0.75,0.0,0.0,6.273527555465698,3.703438329696655,0.0,0.8882589769363404
70,227200,-567.3401432037354,-5.673401517868042,-567.3401432037354,-5.673401517868042,0.0,567.3401432037354,5.673401517868042,107.24373817443848,1.072437419891357,2.8008622550964355,0.0,0.0,nan,nan,nan,nan,nan,nan,nan,nan,nan,nan,2272,-0.0012271050661802007,0.033566986583173274,1.5258850932121277,0.0018380939960479735,0.03146285861730576,0.03146285861730576,0.10630818083882332,0.0013975721034518336,0.004562499956227839,0.6530666947364807,1.0,0.008990384615384615,0.0006225961538461538,3,0.75,0.75,0.0,0.0,5.57006338596344,3.6035772013664245,0.0,0.9358482557535172
71,230400,-572.4499320983887,-5.724499583244324,-572.4499320983887,-5.724499583244324,0.0,572.4499320983887,5.724499583244324,102.13394927978516,1.0213393545150753,3.0754274106025696,0.0,0.0,nan,nan,nan,nan,nan,nan,nan,nan,nan,nan,2304,-0.0008634831242874452,0.02956528142094612,1.5097266674041747,0.00036790985614061357,0.02754983361810446,0.02754983361810446,0.10184879153966904,0.0011654765588906993,0.0005812500137835741,0.6666032075881958,1.0,0.008975961538461539,0.0006214903846153846,3,0.75,0.75,0.0,0.0,6.998869643211365,3.7359335136413576,0.0,0.9055357563495636
72,233600,-550.2987132072449,-5.50298707485199,-550.2987132072449,-5.50298707485199,0.0,550.2987132072449,5.50298707485199,124.28516817092896,1.2428518629074095,3.2214305639266967,0.0,0.0,nan,nan,nan,nan,nan,nan,nan,nan,nan,nan,2336,-0.0014631993634043993,0.032102554477751254,1.486319088935852,0.001268371567130089,0.04764524698257446,0.04764524698257446,0.10389414727687836,0.0029288900936087214,0.016471875132992864,0.6679010987281799,1.0,0.008961538461538462,0.0006203846153846154,3,0.75,0.75,0.0,0.0,5.561849870681763,4.109419705867768,0.0,0.9139732599258423
73,236800,-594.9438877105713,-5.949438905715942,-594.9438877105713,-5.949438905715942,0.0,594.9438877105713,5.949438905715942,79.63999366760254,0.796400032043457,3.165518102645874,0.0,0.0,nan,nan,nan,nan,nan,nan,nan,nan,nan,nan,2368,-0.0006204838713252502,0.043520118668675424,1.4792670011520386,0.007904403004795313,0.024316989444196226,0.024316989444196226,0.1206334300339222,0.0024660494120332835,0.008049999966169707,0.579079270362854,1.0,0.008947115384615385,0.0006192788461538461,3,0.75,0.75,0.0,0.0,6.711776628494262,3.727538423538208,0.0,0.9358928942680359
74,240000,-584.8754997253418,-5.8487548780441285,-584.8754997253418,-5.8487548780441285,0.0,584.8754997253418,5.8487548780441285,89.70838165283203,0.8970840597152705,3.3564312934875487,0.0,0.0,nan,nan,nan,nan,nan,nan,nan,nan,nan,nan,2400,-0.0010153853132301993,0.022917893156409262,1.4664202213287354,-0.0026555187068879604,0.03319995477795601,0.03319995477795601,0.08485173769295215,0.0012711504110491754,0.004174999961105641,0.7693822979927063,1.0,0.008932692307692308,0.0006181730769230769,3,0.75,0.75,0.0,0.0,6.5622688579559325,3.787901232242584,0.0,0.9647768312692642
75,243200,-649.11763048172,-6.491176190376282,-649.11763048172,-6.491176190376282,0.0,649.11763048172,6.491176190376282,25.466250896453857,0.2546627473831169,3.3945961356163026,0.0,0.0,nan,nan,nan,nan,nan,nan,nan,nan,nan,nan,2432,-0.0007015558884450712,0.03993570357561112,1.4714547276496888,0.006143466010689736,0.03437250442802906,0.03437250442802906,0.10099497437477112,0.0013925285275043085,0.0023656249919440596,0.5763696432113647,1.0,0.008918269230769231,0.0006170673076923077,3,0.75,0.75,0.0,0.0,6.472041888236999,4.274737684726715,0.0,0.9316964679956437
76,246400,-527.7162101268768,-5.277162399291992,-527.7162101268768,-5.277162399291992,0.0,527.7162101268768,5.277162399291992,146.867671251297,1.468676538467407,3.00534601688385,0.0,0.0,nan,nan,nan,nan,nan,nan,nan,nan,nan,nan,2464,-0.0012094108841148809,0.036502400785684584,1.4523441791534424,0.004110340215265751,0.04366967007517815,0.04366967007517815,0.11278687417507172,0.002280968116975435,0.020256249667727388,0.6317003965377808,1.0,0.008903846153846155,0.0006159615384615384,3,0.75,0.75,0.0,0.0,5.088977556228638,3.74636331319809,0.0,0.9019196885824203
77,249600,-593.8412933349609,-5.938413443565369,-593.8412933349609,-5.938413443565369,0.0,593.8412933349609,5.938413443565369,80.74258804321289,0.80742549419403,3.181718714237213,0.0,0.0,nan,nan,nan,nan,nan,nan,nan,nan,nan,nan,2496,-0.0005552096664716011,0.03321369681507349,1.4581585764884948,0.0030894506722688674,0.03355603832751512,0.03355603832751512,0.09954683259129524,0.0015052169757844376,0.005796874978113919,0.6458496451377869,1.0,0.008889423076923076,0.0006148557692307692,3,0.75,0.75,0.0,0.0,6.042264571189881,3.9432119345664978,0.0,0.9239286106824874
78,252800,-584.3376722335815,-5.84337697505951,-584.3376722335815,-5.84337697505951,0.0,584.3376722335815,5.84337697505951,90.24620914459229,0.9024619626998893,3.1452804255485534,0.0,0.0,nan,nan,nan,nan,nan,nan,nan,nan,nan,nan,2528,-0.0016439858483674463,0.020658886432647704,1.4803892135620118,-0.004452997399494052,0.05723492726683617,0.05723492726683617,0.07685293927788735,0.0028307799599140296,0.022112499756622127,0.7079674005508423,1.0,0.008875000000000001,0.00061375,3,0.75,0.75,0.0,0.0,7.437507834434509,3.7427135038375856,0.0,0.8734375423192978
79,256000,-543.8200690746307,-5.438200807571411,-543.8200690746307,-5.438200807571411,0.0,543.8200690746307,5.438200807571411,130.7638123035431,1.3076381301879882,2.7865515613555907,0.000625,0.00016505783425176685,nan,nan,nan,nan,nan,nan,nan,nan,nan,nan,2560,-0.001310003685922112,0.024312120862305164,1.4755585193634033,-0.002228242950513959,0.04673735052347183,0.04673735052347183,0.07989831753075123,0.00248093554182628,0.014650000212714075,0.79457688331604,1.0,0.008860576923076922,0.0006126442307692307,3,0.75,0.75,0.03125,0.000625,5.866236753463745,3.2853708624839784,0.0,0.9327232533693314
80,259200,-593.0082869529724,-5.930082845687866,-593.0082869529724,-5.930082845687866,0.0,593.0082869529724,5.930082845687866,81.57559442520142,0.815756092071533,3.4363342475891114,0.0,0.0,-263.23203161358833,-2.6323203161358832,-263.23203161358833,-2.6323203161358832,100.0,3.5620354126393794,0.19,0.04164807653040004,263.23203161358833,345.9844156205654,2592,-0.0010379458846698775,0.03434461168944836,1.4725703597068787,0.0031077764928340913,0.03986444622278214,0.03986444622278214,0.10344583727419376,0.0018170234961879083,0.0074750000145286325,0.5775488018989563,1.0,0.008846153846153846,0.0006115384615384615,3,0.75,0.75,0.0,0.0,7.09057614326477,3.7407675838470458,0.0,0.965982186794281
81,262400,-614.1368660926819,-6.141368718147278,-614.1368660926819,-6.141368718147278,0.0,614.1368660926819,6.141368718147278,60.44701528549194,0.6044702196121214,2.9984891629219055,0.0,0.0,nan,nan,nan,nan,nan,nan,nan,nan,nan,nan,2624,-0.0006415926984165487,0.03791880309581756,1.468351411819458,0.005349723994731903,0.030673775635659695,0.030673775635659695,0.09820841923356056,0.001239469500070107,0.004809375002514571,0.6586347818374634,1.0,0.008831730769230769,0.0006104326923076922,3,0.75,0.75,0.0,0.0,6.046465544700623,3.796249268054962,0.0,0.9383928990364074
82,265600,-650.4622764587402,-6.504622654914856,-650.4622764587402,-6.504622654914856,0.0,650.4622764587402,6.504622654914856,24.121604919433594,0.241216282844543,3.5822597980499267,0.0,0.0,nan,nan,nan,nan,nan,nan,nan,nan,nan,nan,2656,-0.0013698416027240867,0.029986459016799926,1.4654342174530028,0.000702203530818224,0.04955786913633346,0.04955786913633346,0.0832894690334797,0.0026074008343137415,0.023843749519437553,0.6786035299301147,1.0,0.008817307692307692,0.000609326923076923,3,0.75,0.75,0.0,0.0,7.3123417615890505,4.40822587966919,0.0,0.9001786154508591
83,268800,-506.6343193054199,-5.066343274116516,-506.6343193054199,-5.066343274116516,0.0,506.6343193054199,5.066343274116516,167.9495620727539,1.679495663642883,2.6581279850006103,0.0,0.0,nan,nan,nan,nan,nan,nan,nan,nan,nan,nan,2688,-0.0012134025387233293,0.02255956819280982,1.4799641132354737,-0.0029615712352097034,0.035568649880588055,0.035568649880588055,0.08708840534090996,0.001826010401055824,0.008999999845400453,0.8249683976173401,1.0,0.008802884615384615,0.0006082211538461539,3,0.75,0.75,0.0,0.0,6.159811444282532,3.0199392151832583,0.0,0.9089732533693313
84,272000,-570.4175844192505,-5.70417592048645,-570.4175844192505,-5.70417592048645,0.0,570.4175844192505,5.70417592048645,104.16629695892334,1.041663017272949,2.9946198582649233,0.0,0.0,nan,nan,nan,nan,nan,nan,nan,nan,nan,nan,2720,-0.0004132246727764244,0.027095771953463556,1.4871062159538269,6.528515368700027e-05,0.02688686680048704,0.02688686680048704,0.07980766445398331,0.0007076431109460568,8.125000167638063e-05,0.7895615100860596,1.0,0.008788461538461538,0.0006071153846153847,3,0.75,0.75,0.0,0.0,5.856085410118103,3.5525366401672365,0.0,0.9494196873903274
85,275200,-530.6300077438354,-5.306300058364868,-530.6300077438354,-5.306300058364868,0.0,530.6300077438354,5.306300058364868,143.95387363433838,1.4395388793945312,2.9885147428512573,0.0,0.0,nan,nan,nan,nan,nan,nan,nan,nan,nan,nan,2752,-0.0012135249474668265,0.03186379410326481,1.4896654844284059,0.0016479897312819958,0.036029359139502046,0.036029359139502046,0.09704098477959633,0.002436742754071716,0.015315625251605524,0.7371076345443726,1.0,0.008774038461538462,0.0006060096153846154,3,0.75,0.75,0.0,0.0,5.780671362876892,3.491699676513672,0.0,0.9150446873903274
86,278400,-594.4442353248596,-5.944442319869995,-594.4442353248596,-5.944442319869995,0.0,594.4442353248596,5.944442319869995,80.13964605331421,0.8013966178894041,3.4194204449653625,0.0,0.0,nan,nan,nan,nan,nan,nan,nan,nan,nan,nan,2784,-0.000966053049033544,0.023075954616069795,1.5003355622291565,-0.0025704377330839634,0.02757402416318655,0.02757402416318655,0.07985527478158475,0.001064294558819506,0.0040593750309199095,0.8473824262619019,1.0,0.008759615384615385,0.0006049038461538462,3,0.75,0.75,0.0,0.0,5.845606279373169,4.111653757095337,0.0,0.910223258137703
87,281600,-560.4008750915527,-5.604008755683899,-560.4008750915527,-5.604008755683899,0.0,560.4008750915527,5.604008755683899,114.1830062866211,1.1418301820755001,2.9919258069992067,0.0,0.0,nan,nan,nan,nan,nan,nan,nan,nan,nan,nan,2816,-0.0011132601814460852,0.03879691939800978,1.4923458814620971,0.005234347470104694,0.03916757330298424,0.03916757330298424,0.09989219009876252,0.0029248025348358993,0.025962499744491652,0.6410684585571289,1.0,0.008745192307692308,0.0006037980769230769,3,0.75,0.75,0.0,0.0,5.06386775970459,4.244218628406525,0.0,0.892812539935112
88,284800,-591.4606766700745,-5.914606699943542,-591.4606766700745,-5.914606699943542,0.0,591.4606766700745,5.914606699943542,83.12320470809937,0.8312322378158568,3.291766858100891,0.0,0.0,nan,nan,nan,nan,nan,nan,nan,nan,nan,nan,2848,-0.001052516065382214,0.042604107037186624,1.4920410990715027,0.007222870737314225,0.04277692921459675,0.04277692921459675,0.11429038047790527,0.001851069585246283,0.011324999940916314,0.6668139696121216,1.0,0.008730769230769231,0.0006026923076923077,3,0.75,0.75,0.0,0.0,7.3716605854034425,3.5647509026527406,0.0,0.9295089703798294
89,288000,-556.5288381576538,-5.56528838634491,-556.5288381576538,-5.56528838634491,0.0,556.5288381576538,5.56528838634491,118.05504322052002,1.1805505514144894,2.734816167354584,0.0,0.0,nan,nan,nan,nan,nan,nan,nan,nan,nan,nan,2880,-0.0011884526727765632,0.022321541607379914,1.4936068177223205,-0.0030464754439890386,0.04449520315974951,0.04449520315974951,0.06417215429246426,0.00223041035642454,0.014821874862536787,0.8428428173065186,1.0,0.008716346153846154,0.0006015865384615385,3,0.75,0.75,0.0,0.0,6.8234289932250975,3.4050051188468933,0.0,0.9446429044008255
90,291200,-549.80553150177,-5.498055443763733,-549.80553150177,-5.498055443763733,0.0,549.80553150177,5.498055443763733,124.77834987640381,1.2477834939956658,2.892802073955536,0.0,0.0,nan,nan,nan,nan,nan,nan,nan,nan,nan,nan,2912,-0.0009437096809895351,0.02966959048062563,1.5012440443038941,0.0008273749612271786,0.042166969552636144,0.042166969552636144,0.09434525184333324,0.0016756319026178846,0.009203124744817614,0.687638521194458,1.0,0.008701923076923078,0.0006004807692307693,3,0.75,0.75,0.0,0.0,6.651563463211059,3.5761722230911257,0.0,0.9350893259048462
91,294400,-542.7569637298584,-5.427569499015808,-542.7569637298584,-5.427569499015808,0.0,542.7569637298584,5.427569499015808,131.82691764831543,1.3182694387435907,2.7857080590724945,0.0,0.0,nan,nan,nan,nan,nan,nan,nan,nan,nan,nan,2944,-0.0007622006619131483,0.02843987289816141,1.503484833240509,0.00039621125906705854,0.02752709910273552,0.02752709910273552,0.09132218696177005,0.0015393757828867632,0.0015468749494175426,0.7437577247619629,1.0,0.0086875,0.000599375,3,0.75,0.75,0.0,0.0,5.689556274414063,3.4037446784973144,0.0,0.9179464727640152
92,297600,-578.1076917648315,-5.781076970100403,-578.1076917648315,-5.781076970100403,0.0,578.1076917648315,5.781076970100403,96.47618961334229,0.9647619676589958,3.1605279731750486,0.0,0.0,nan,nan,nan,nan,nan,nan,nan,nan,nan,nan,2976,-0.0009026439210836568,0.04236317612230778,1.5040032625198365,0.007234608661383391,0.0320004440844059,0.0320004440844059,0.09677166417241097,0.0017007453054254898,0.006531250202897354,0.6573264598846436,1.0,0.008673076923076922,0.0005982692307692308,3,0.75,0.75,0.0,0.0,6.48267279624939,3.964502468109131,0.0,0.912142898440361
93,300800,-547.1195292472839,-5.471195306777954,-547.1195292472839,-5.471195306777954,0.0,547.1195292472839,5.471195306777954,127.46435213088989,1.274643630981445,2.9090484380722046,0.0,0.0,nan,nan,nan,nan,nan,nan,nan,nan,nan,nan,3008,-0.001188598762999682,0.027943267300724984,1.4946428418159485,-0.00015856055542826653,0.030306748859584332,0.030306748859584332,0.07499600984156132,0.0014244434612926621,0.00881875001359731,0.6572297215461731,1.0,0.008658653846153847,0.0005971634615384616,3,0.75,0.75,0.0,0.0,5.526465263366699,3.519408118724823,0.0,0.9427232551574707
94,304000,-567.0591526031494,-5.6705911922454835,-567.0591526031494,-5.6705911922454835,0.0,567.0591526031494,5.6705911922454835,107.52472877502441,1.0752477455139156,2.951687183380127,0.0,0.0,nan,nan,nan,nan,nan,nan,nan,nan,nan,nan,3040,-0.0010354097788397355,0.01837283093482256,1.4884957671165466,-0.004715895373374223,0.03203240782022476,0.03203240782022476,0.06332158632576465,0.0014646713938425951,0.005718750126834493,0.8470929861068726,1.0,0.008644230769230769,0.0005960576923076923,3,0.75,0.75,0.0,0.0,6.058038544654846,3.3376364707946777,0.0,0.9257589715719223
95,307200,-545.0761542320251,-5.450761241912842,-545.0761542320251,-5.450761241912842,0.0,545.0761542320251,5.450761241912842,129.50772714614868,1.2950776958465573,2.92915860414505,0.0,0.0,nan,nan,nan,nan,nan,nan,nan,nan,nan,nan,3072,-0.0009901939263130544,0.032901109755039216,1.4770874977111816,0.0027133804745972157,0.03475548252463341,0.03475548252463341,0.08807219192385674,0.0013754031828291827,0.004612499993527308,0.7504419088363647,1.0,0.008629807692307692,0.0005949519230769231,3,0.75,0.75,0.0,0.0,5.843691520690918,3.3383301186561583,0.0,0.92928575694561
96,310400,-561.7428121566772,-5.617428102493286,-561.7428121566772,-5.617428102493286,0.0,561.7428121566772,5.617428102493286,112.84106922149658,1.1284108352661129,3.0296270942687986,0.0,0.0,nan,nan,nan,nan,nan,nan,nan,nan,nan,nan,3104,-0.0010770962296810626,0.03849406968802214,1.4743105173110962,0.005468186363577843,0.03307007346302271,0.03307007346302271,0.0931232862174511,0.0013831583462895918,0.008721874933689833,0.6092162132263184,1.0,0.008615384615384615,0.0005938461538461538,3,0.75,0.75,0.0,0.0,5.7615584897995,3.9669919180870057,0.0,0.9304464691877365
97,313600,-491.54359889030457,-4.915436177253723,-491.54359889030457,-4.915436177253723,0.0,491.54359889030457,4.915436177253723,183.04028248786926,1.8304027605056756,2.337425609827042,0.0,0.0,nan,nan,nan,nan,nan,nan,nan,nan,nan,nan,3136,-0.0007044714962830767,0.03374259993433952,1.4580018758773803,0.0036266107112169267,0.024869089014828205,0.024869089014828205,0.08637138977646827,0.0016459157304787731,0.006790625001303852,0.7721569538116455,1.0,0.008600961538461538,0.0005927403846153846,3,0.75,0.75,0.0,0.0,4.517068040370941,3.0876358127593995,0.0,0.9728571861982346
98,316800,-574.6163778305054,-5.746163654327392,-574.6163778305054,-5.746163654327392,0.0,574.6163778305054,5.746163654327392,99.96750354766846,0.9996752834320066,3.094791872501373,0.0,0.0,nan,nan,nan,nan,nan,nan,nan,nan,nan,nan,3168,-0.0010881579776643724,0.030911711044609547,1.4584590554237367,0.001844582986086607,0.032509196922183035,0.032509196922183035,0.08631493225693702,0.0019112854042767327,0.01201249999430729,0.7917661666870117,1.0,0.008586538461538461,0.0005916346153846154,3,0.75,0.75,0.0,0.0,5.794093780517578,4.0125550532341006,0.0,0.926741110086441
99,320000,-543.11794090271,-5.431179213523865,-543.11794090271,-5.431179213523865,0.0,543.11794090271,5.431179213523865,131.46594047546387,1.3146597242355345,2.9796234560012818,0.0,0.0,nan,nan,nan,nan,nan,nan,nan,nan,nan,nan,3200,-0.0012198571160435766,0.03640637453645468,1.462174129486084,0.004449404589831829,0.04571245610713959,0.04571245610713959,0.08603175021708012,0.002653254621692076,0.013668749993667007,0.7222377061843872,1.0,0.008572115384615385,0.0005905288461538462,3,0.75,0.75,0.0,0.0,5.536213955879211,3.3883419275283813,0.0,0.9838393300771713
100,323200,-493.34941577911377,-4.9334939980506896,-493.34941577911377,-4.9334939980506896,0.0,493.34941577911377,4.9334939980506896,181.23446559906006,1.8123449397087095,2.242523602247238,0.0,0.0,-698.3935661315918,-6.983935661315918,-698.3935661315918,-6.983935661315918,100.0,5.75884899199009,0.0,0.0,698.3935661315918,-89.17711889743805,3232,-0.0008089233358855808,0.03364387582987547,1.4309176445007323,0.0037676616571843623,0.033005602471530435,0.033005602471530435,0.09029629454016685,0.002233652077848887,0.008115624962374567,0.7789605259895325,1.0,0.008557692307692308,0.0005894230769230769,3,0.75,0.75,0.0,0.0,5.196553387641907,3.0688026428222654,0.0,0.9146429020166397
101,326400,-550.6360750198364,-5.5063608312606815,-550.6360750198364,-5.5063608312606815,0.0,550.6360750198364,5.5063608312606815,123.9478063583374,1.2394781064987175,2.862352576255798,0.0,0.0,nan,nan,nan,nan,nan,nan,nan,nan,nan,nan,3264,-0.0007864493135275374,0.03557524587959051,1.452304971218109,0.004593741800636053,0.03517658840864897,0.03517658840864897,0.08844308778643609,0.0018175422825159764,0.011018749942013528,0.7528589367866516,1.0,0.008543269230769231,0.0005883173076923077,3,0.75,0.75,0.0,0.0,4.524826118946075,3.7575141048431395,0.0,0.9235268306732177
102,329600,-528.0182809829712,-5.280182893276215,-528.0182809829712,-5.280182893276215,0.0,528.0182809829712,5.280182893276215,146.56560039520264,1.4656560444831843,2.811770879030228,0.0,0.0,nan,nan,nan,nan,nan,nan,nan,nan,nan,nan,3296,-0.001526167368021536,0.0296536386013031,1.4491366624832154,0.0009411878883838654,0.05041104070842266,0.05041104070842266,0.08649947270750999,0.002770867797153962,0.02197187547571957,0.8225261569023132,1.0,0.008528846153846154,0.0005872115384615384,3,0.75,0.75,0.0,0.0,5.776846060752868,3.4574845814704895,0.0,0.9312946856021881
103,332800,-465.0663766860962,-4.650663933753967,-465.0663766860962,-4.650663933753967,0.0,465.0663766860962,4.650663933753967,209.51750469207764,2.0951750040054318,2.4962638235092163,0.0,0.0,nan,nan,nan,nan,nan,nan,nan,nan,nan,nan,3328,-0.0011194649651297794,0.03878268785774708,1.4370176672935486,0.0060365027748048306,0.0462687011808157,0.0462687011808157,0.09583842679858208,0.0029831260530053514,0.02491874976985855,0.8156132698059082,1.0,0.008514423076923077,0.0005861057692307692,3,0.75,0.75,0.0,0.0,4.7189532661437985,2.6182554352283476,0.0,0.9791964715719224
104,336000,-467.091983795166,-4.670919864177704,-467.091983795166,-4.670919864177704,0.0,467.091983795166,4.670919864177704,207.4918975830078,2.074919073581695,2.2566420793533326,0.0,0.0,nan,nan,nan,nan,nan,nan,nan,nan,nan,nan,3360,-0.0013254492870064638,0.042468958720564845,1.4328694343566895,0.007729639206081629,0.0466706421226263,0.0466706421226263,0.09040567874908448,0.002282210467093049,0.014656250085681676,0.785938560962677,1.0,0.0085,0.000585,3,0.75,0.75,0.0,0.0,6.546929612159729,2.493986052274704,0.0,0.9093750435113906
105,339200,-484.30159854888916,-4.843016338348389,-484.30159854888916,-4.843016338348389,0.0,484.30159854888916,4.843016338348389,190.28228282928467,1.9028225994110102,2.3489135909080505,0.0,0.0,nan,nan,nan,nan,nan,nan,nan,nan,nan,nan,3392,-0.0013525574407626806,0.02941567003726959,1.4466637134552003,0.0010795011185109615,0.05267321802675724,0.05267321802675724,0.0721303042024374,0.0024799774208085325,0.023862499702954666,0.9108815789222717,1.0,0.008485576923076922,0.0005838942307692307,3,0.75,0.75,0.0,0.0,5.806138525009155,2.6393821334838865,0.0,0.9266964715719223
106,342400,-429.34507608413696,-4.2934508347511295,-429.34507608413696,-4.2934508347511295,0.0,429.34507608413696,4.2934508347511295,245.23880529403687,2.4523881030082695,2.1833999717235564,0.0,0.0,nan,nan,nan,nan,nan,nan,nan,nan,nan,nan,3424,-0.0009700988038211733,0.03197869844734669,1.448547863960266,0.0027483792044222357,0.03815820775926113,0.03815820775926113,0.08577025160193444,0.002630540560495221,0.0174906249740161,0.9223531484603882,1.0,0.008471153846153847,0.0005827884615384615,3,0.75,0.75,0.0,0.0,5.466824750900269,2.537058264017105,0.0,0.9521428996324539
107,345600,-495.4110951423645,-4.954110915660858,-495.4110951423645,-4.954110915660858,0.0,495.4110951423645,4.954110915660858,179.17278623580933,1.7917280220985408,2.096639014482498,0.0,0.0,nan,nan,nan,nan,nan,nan,nan,nan,nan,nan,3456,-0.0013857688440082506,0.03099072091281414,1.4516005873680116,0.0018337955698370934,0.059860069304704666,0.059860069304704666,0.08049268648028374,0.00250487749253889,0.02135937468119664,0.867424726486206,1.0,0.008456730769230768,0.0005816826923076923,3,0.75,0.75,0.0,0.0,5.747382543087006,2.8140833020210265,0.0,0.9172768265008926
108,348800,-501.322548866272,-5.013225524425507,-501.322548866272,-5.013225524425507,0.0,501.322548866272,5.013225524425507,173.26133251190186,1.7326134133338922,2.6817455756664277,0.0,0.0,nan,nan,nan,nan,nan,nan,nan,nan,nan,nan,3488,-0.0011462722858819774,0.0274229783564806,1.4558781862258912,0.00027424516156315804,0.040994150564074516,0.040994150564074516,0.07160170897841453,0.001736337447801674,0.005381250008940697,0.9101419448852539,1.0,0.008442307692307692,0.000580576923076923,3,0.75,0.75,0.0,0.0,4.945174744129181,3.171093773841858,0.0,0.9337946844100952
109,352000,-521.373538017273,-5.213735678195953,-521.373538017273,-5.213735678195953,0.0,521.373538017273,5.213735678195953,153.21034336090088,1.5321032595634456,2.5189559042453764,0.0,0.0,nan,nan,nan,nan,nan,nan,nan,nan,nan,nan,3520,-0.001112254866887774,0.040206509083509444,1.4506444334983826,0.00676513621583581,0.037423542514443395,0.037423542514443395,0.08569324016571045,0.0021400110366820426,0.010265625163447112,0.8237854242324829,1.0,0.008427884615384615,0.0005794711538461538,3,0.75,0.75,0.0,0.0,4.761765861511231,3.400288074016571,0.0,0.947991116642952
110,355200,-497.08695936203003,-4.970869791507721,-497.08695936203003,-4.970869791507721,0.0,497.08695936203003,4.970869791507721,177.4969220161438,1.774969146251678,2.600021766424179,0.0,0.0,nan,nan,nan,nan,nan,nan,nan,nan,nan,nan,3552,-0.0009001653418438949,0.05344765111804008,1.4469043731689453,0.013650184776633979,0.031145191006362438,0.031145191006362438,0.10525484457612037,0.0015531030134306259,0.006631250230930164,0.7707159519195557,1.0,0.008413461538461538,0.0005783653846153846,3,0.75,0.75,0.0,0.0,6.558103084564209,3.093180296421051,0.0,0.8863839662075043
111,358400,-539.9858112335205,-5.39985820055008,-539.9858112335205,-5.39985820055008,0.0,539.9858112335205,5.39985820055008,134.59807014465332,1.3459807372093193,2.7043851375579835,0.0,0.0,nan,nan,nan,nan,nan,nan,nan,nan,nan,nan,3584,-0.0013132556531228801,0.04407298192381859,1.4502424240112304,0.008542593289166688,0.05129304602742195,0.05129304602742195,0.0987324059009552,0.0029564989250510836,0.024087499955203383,0.8108615279197693,1.0,0.008399038461538461,0.0005772596153846153,3,0.75,0.75,0.0,0.0,5.307760562896728,3.566547658443451,0.0,0.936741110086441
112,361600,-480.4138226509094,-4.8041384983062745,-480.4138226509094,-4.8041384983062745,0.0,480.4138226509094,4.8041384983062745,194.1700587272644,1.9417004394531245,2.245249719619751,0.0,0.0,nan,nan,nan,nan,nan,nan,nan,nan,nan,nan,3616,-0.0009063908929587416,0.04471793435513973,1.4335388660430908,0.009432904701679946,0.03627263158559799,0.03627263158559799,0.09388692975044251,0.002272586651089053,0.01768749979964923,0.8514594435691833,1.0,0.008384615384615384,0.0005761538461538461,3,0.75,0.75,0.0,0.0,4.891041796207428,3.0056811428070067,0.0,0.9054464691877365
113,364800,-434.201452255249,-4.342014691829681,-434.201452255249,-4.342014691829681,0.0,434.201452255249,4.342014691829681,240.3824291229248,2.4038242459297177,2.1217466449737548,0.0,0.0,nan,nan,nan,nan,nan,nan,nan,nan,nan,nan,3648,-0.0011510772056354313,0.04104594960808754,1.450229001045227,0.007233201712369919,0.04635523930191994,0.04635523930191994,0.0957736074924469,0.002350262375694851,0.019475000136299058,0.8952157497406006,1.0,0.008370192307692308,0.0005750480769230769,3,0.75,0.75,0.0,0.0,4.911553838253021,2.614528179168701,0.0,0.8933036148548126
114,368000,-567.5637488365173,-5.675637786388397,-567.5637488365173,-5.675637786388397,0.0,567.5637488365173,5.675637786388397,107.0201325416565,1.070201151371002,2.932576376199722,0.0,0.0,nan,nan,nan,nan,nan,nan,nan,nan,nan,nan,3680,-0.001551746220397754,0.04988198317587376,1.4461201190948487,0.01130579961463809,0.04835984893143177,0.04835984893143177,0.1005311630666256,0.0022906073347266163,0.014640624803723768,0.7673633694648743,1.0,0.00835576923076923,0.0005739423076923076,3,0.75,0.75,0.0,0.0,5.850194606781006,3.771905279159546,0.0,0.9579018241167069
115,371200,-548.1342639923096,-5.481342625617981,-548.1342639923096,-5.481342625617981,0.0,548.1342639923096,5.481342625617981,126.44961738586426,1.2644963121414179,2.746392855644226,0.0,0.0,nan,nan,nan,nan,nan,nan,nan,nan,nan,nan,3712,-0.0009017777993503895,0.03177581038326025,1.4451645851135253,0.0029315095394849776,0.03232741896063089,0.03232741896063089,0.08749050125479699,0.0014637868836879565,0.00657499999506399,0.9037854671478271,1.0,0.008341346153846154,0.0005728365384615384,3,0.75,0.75,0.0,0.0,6.171643195152282,3.525799427032471,0.0,0.9395536124706269
116,374400,-460.9813241958618,-4.609813261032104,-460.9813241958618,-4.609813261032104,0.0,460.9813241958618,4.609813261032104,213.602557182312,2.1360256767272947,2.5735811138153077,0.0,0.0,nan,nan,nan,nan,nan,nan,nan,nan,nan,nan,3744,-0.0013499285534606998,0.024566946551203728,1.4146955370903016,-0.0008465167135000229,0.035486411117017266,0.035486411117017266,0.06518642790615559,0.0020249535991760806,0.009740624891128391,0.9264818429946899,1.0,0.008326923076923077,0.0005717307692307693,3,0.75,0.75,0.0,0.0,4.164869601726532,3.3235438513755797,0.0,0.9312946856021881
117,377600,-513.0570187568665,-5.130570137500763,-513.0570187568665,-5.130570137500763,0.0,513.0570187568665,5.130570137500763,161.52686262130737,1.6152688002586357,2.3424339056015016,0.0,0.0,nan,nan,nan,nan,nan,nan,nan,nan,nan,nan,3776,-0.0011905306553117612,0.03526349030435085,1.387392508983612,0.004908514209091663,0.034946545585989953,0.034946545585989953,0.0832525346428156,0.002068794593652448,0.011043749912641943,0.8822951316833496,1.0,0.0083125,0.000570625,3,0.75,0.75,0.0,0.0,5.2677767992019655,2.9234228205680846,0.0,0.9116518294811249
118,380800,-492.1161241531372,-4.921160957813263,-492.1161241531372,-4.921160957813263,0.0,492.1161241531372,4.921160957813263,182.46775722503662,1.8246779799461361,2.281695257425308,0.0,0.0,nan,nan,nan,nan,nan,nan,nan,nan,nan,nan,3808,-0.0011323552837827933,0.04730541296303272,1.3423491954803466,0.011381434556096793,0.03650042675435543,0.03650042675435543,0.09019232988357544,0.0014392230623353258,0.0098781248787418,0.8879556655883789,1.0,0.008298076923076924,0.0005695192307692308,3,0.75,0.75,0.0,0.0,3.8957551288604737,3.8284315347671507,0.0,0.8908036118745803
119,384000,-402.22027349472046,-4.022202503681183,-402.22027349472046,-4.022202503681183,0.0,402.22027349472046,4.022202503681183,272.36360788345337,2.723636434078216,2.011792266368866,0.000625,0.00020751763226801973,nan,nan,nan,nan,nan,nan,nan,nan,nan,nan,3840,-0.0009965738961705383,0.050908542796969415,1.3510257363319398,0.01326626744121313,0.043298032507300376,0.043298032507300376,0.10040962472558021,0.001731388890039928,0.008440625085495413,0.9021786451339722,1.0,0.008283653846153847,0.0005684134615384616,3,0.75,0.75,0.03125,0.000625,3.756306977272034,2.5680925250053406,0.000625,0.9648661118745804
120,387200,-372.660192489624,-3.726601833105087,-372.660192489624,-3.726601833105087,0.0,372.660192489624,3.726601833105087,301.9236888885498,3.019237104654312,1.891775209903717,0.0,0.0,-457.79828572273254,-4.577982857227325,-457.79828572273254,-4.577982857227325,100.0,2.928243410587311,0.0,0.0,457.79828572273254,151.4181615114212,3872,-0.0013437563511192962,0.03164955247193575,1.3264424800872803,0.0035123610869050026,0.04644240140914917,0.04644240140914917,0.08500136472284794,0.0019459037510397477,0.016518749995157123,0.9322475790977478,1.0,0.008269230769230768,0.0005673076923076923,3,0.75,0.75,0.0,0.0,4.300751488208771,2.242248525619507,0.0,0.9228125417232513
121,390400,-430.6167974472046,-4.306167933940888,-430.6167974472046,-4.306167933940888,0.0,430.6167974472046,4.306167933940888,243.96708393096924,2.4396710038185114,2.2020254063606264,0.0,0.0,nan,nan,nan,nan,nan,nan,nan,nan,nan,nan,3904,-0.0010832235049688776,0.048200635612010954,1.385403561592102,0.01158085446804762,0.03839192613959312,0.03839192613959312,0.09944119229912758,0.00204330222986855,0.01651874997187406,0.9279248714447021,1.0,0.008254807692307693,0.0005662019230769231,3,0.75,0.75,0.0,0.0,4.789075586795807,2.6281793522834778,0.0,0.9286161148548127
122,393600,-508.40522718429565,-5.084052460193634,-508.40522718429565,-5.084052460193634,0.0,508.40522718429565,5.084052460193634,166.17865419387817,1.661786477565765,2.674848222732544,0.0,0.0,nan,nan,nan,nan,nan,nan,nan,nan,nan,nan,3936,-0.001888037106790641,0.04237542264163494,1.3887651324272157,0.00785571513697505,0.06000224798917771,0.06000224798917771,0.10152219161391259,0.0030124616932890322,0.03575312545835914,0.9066840410232544,1.0,0.008240384615384615,0.0005650961538461539,3,0.75,0.75,0.0,0.0,4.986635422706604,3.2283188319206237,0.0,0.9529464733600617
123,396800,-490.0813498497009,-4.900813362598419,-490.0813498497009,-4.900813362598419,0.0,490.0813498497009,4.900813362598419,184.5025315284729,1.8450255751609799,2.776391633749008,0.0,0.0,nan,nan,nan,nan,nan,nan,nan,nan,nan,nan,3968,-0.001001057925182991,0.04992634244263172,1.362414252758026,0.01275494610890746,0.042069001123309135,0.042069001123309135,0.09179591611027718,0.0019227478158436923,0.012787499953992665,0.8851691484451294,1.0,0.008225961538461538,0.0005639903846153846,3,0.75,0.75,0.0,0.0,5.591284151077271,3.381745958328247,0.0,0.9011607599258423
124,400000,-448.2702338695526,-4.4827023077011106,-448.2702338695526,-4.4827023077011106,0.0,448.2702338695526,4.4827023077011106,226.31364750862122,2.2631366300582885,2.232020306587219,0.0028125,0.0008701987404806246,nan,nan,nan,nan,nan,nan,nan,nan,nan,nan,4000,-0.001340347565966482,0.029464409686625004,1.3949078798294068,0.0019375178962945938,0.04399189986288547,0.04399189986288547,0.07738824188709259,0.0018513887785966295,0.009928124980069697,0.9368320107460022,1.0,0.008211538461538461,0.0005628846153846154,3,0.75,0.75,0.03125,0.0028125,4.80057936668396,2.471889452934265,0.0015625,0.9490625393390656
125,403200,-430.1296145915985,-4.3012961840629576,-430.1296145915985,-4.3012961840629576,0.0,430.1296145915985,4.3012961840629576,244.45426678657532,2.4445427536964415,2.3016591727733613,0.0040625,0.0012304419649068563,nan,nan,nan,nan,nan,nan,nan,nan,nan,nan,4032,-0.0012473348806029349,0.05872151106595993,1.381176805496216,0.016791755333542824,0.03388119824230671,0.03388119824230671,0.12051005214452744,0.001686277967383882,0.009190624870825559,0.8739267587661743,1.0,0.008197115384615384,0.0005617788461538462,3,0.75,0.75,0.0625,0.0040625,4.861419100761413,2.5881342124938964,0.0034375,0.9551786148548126
126,406400,-460.78584229946136,-4.607858459949494,-460.78584229946136,-4.607858459949494,0.0,460.78584229946136,4.607858459949494,213.79803907871246,2.137980477809905,2.556569604873657,0.009375,0.002635966968607391,nan,nan,nan,nan,nan,nan,nan,nan,nan,nan,4064,-0.0014919027714524803,0.04888844937086105,1.3389154195785522,0.011996389087289571,0.05133307576179504,0.05133307576179504,0.09926510043442249,0.0021683150007458006,0.016531249973922968,0.8918458223342896,1.0,0.008182692307692307,0.0005606730769230769,3,0.75,0.75,0.09375,0.009375,5.955729851722717,2.886138617992401,0.0090625,0.882633975148201
127,409600,-393.0690212249756,-3.930690221786499,-393.0690212249756,-3.930690221786499,0.0,393.0690212249756,3.930690221786499,281.51486015319824,2.8151487159729,2.258779970407486,0.003125,0.0009589478358090075,nan,nan,nan,nan,nan,nan,nan,nan,nan,nan,4096,-0.001211579757567982,0.057344775274395944,1.3532865166664123,0.016406799759715797,0.03978059645742178,0.03978059645742178,0.13167734816670418,0.0022216988654701402,0.020534374646376818,0.9339677691459656,1.0,0.00816826923076923,0.0005595673076923077,3,0.75,0.75,0.03125,0.003125,3.5964183378219605,3.0538577222824097,0.00125,0.9334375482797622
128,412800,-484.45824098587036,-4.844582526683808,-484.45824098587036,-4.844582526683808,0.0,484.45824098587036,4.844582526683808,190.12564039230347,1.9012564110755914,2.5111340475082398,0.0,0.0,nan,nan,nan,nan,nan,nan,nan,nan,nan,nan,4128,-0.0011120709482376867,0.0367020957171917,1.3563837170600892,0.006179232150316238,0.046307016536593436,0.046307016536593436,0.08305841013789177,0.0019869357842263982,0.011715624574571848,0.9356474876403809,1.0,0.008153846153846154,0.0005584615384615385,3,0.75,0.75,0.0,0.0,5.702011578083038,3.4700091886520386,0.0,0.9162946885824204
129,416000,-402.09536351263523,-4.020953638553619,-402.09536351263523,-4.020953638553619,0.0,402.09536351263523,4.020953638553619,272.4885178655386,2.7248852992057797,1.8587575590610503,0.0028125,0.0009838189989513333,nan,nan,nan,nan,nan,nan,nan,nan,nan,nan,4160,-0.0010480698418689372,0.04607577733695507,1.3946462392807006,0.01063820319250226,0.040824795886874196,0.040824795886874196,0.10831287652254104,0.0022184221474172735,0.01404687501490116,0.9319252967834473,1.0,0.008139423076923077,0.0005573557692307692,3,0.75,0.75,0.03125,0.0028125,5.55771231174469,2.000070241689682,0.0025,0.9373214715719222
130,419200,-455.77055740356445,-4.557705543041229,-455.77055740356445,-4.557705543041229,0.0,455.77055740356445,4.557705543041229,218.81332397460938,2.18813339471817,2.4895197534561158,0.0009375,0.00026866161140697784,nan,nan,nan,nan,nan,nan,nan,nan,nan,nan,4192,-0.0014596710032433791,0.04655963890254498,1.356887125968933,0.010795440897345543,0.039767502807080746,0.039767502807080746,0.10431468039751053,0.002458424548968761,0.012365624867379665,0.8973503112792969,1.0,0.008125,0.00055625,3,0.75,0.75,0.03125,0.0009375,5.077663199901581,2.7633819758892058,0.0003125,0.9532589691877366
131,422400,-449.13927602767944,-4.491392827033996,-449.13927602767944,-4.491392827033996,0.0,449.13927602767944,4.491392827033996,225.44460535049438,2.254446110725403,2.479424753189087,0.0,0.0,nan,nan,nan,nan,nan,nan,nan,nan,nan,nan,4224,-0.0011210400737531323,0.0358002457767725,1.3770010709762572,0.005610809288918972,0.04617749974131584,0.04617749974131584,0.09770843833684921,0.0020787304885753815,0.016390624892665073,0.9466313123703003,1.0,0.008110576923076923,0.0005551442307692308,3,0.75,0.75,0.0,0.0,4.567823798656463,2.894591898918152,0.0,0.9307589745521545
132,425600,-464.9800100326538,-4.649800305366516,-464.9800100326538,-4.649800305366516,0.0,464.9800100326538,4.649800305366516,209.60387134552002,2.096038632392883,2.5751689195632936,0.008125,0.002272619890920418,nan,nan,nan,nan,nan,nan,nan,nan,nan,nan,4256,-0.0015295298113138234,0.05015720501542091,1.3282423973083497,0.012795417942106724,0.055017991736531255,0.055017991736531255,0.10388872176408767,0.0018550990935192607,0.012831249786540867,0.9252581596374512,1.0,0.008096153846153847,0.0005540384615384615,3,0.75,0.75,0.03125,0.008125,5.099394376277924,3.0991311144828795,0.0021875,0.9178571856021881
133,428800,-400.9864801168442,-4.009864988327027,-400.9864801168442,-4.009864988327027,0.0,400.9864801168442,4.009864988327027,273.59740126132965,2.7359739494323723,2.0995413136482237,0.0078125,0.0025205342369850614,nan,nan,nan,nan,nan,nan,nan,nan,nan,nan,4288,-0.0010871312111266462,0.04286020696163177,1.3584900975227356,0.009364021383225918,0.044283128902316095,0.044283128902316095,0.11444010138511658,0.002171543212171978,0.017187500043655747,0.9351658225059509,1.0,0.00808173076923077,0.0005529326923076923,3,0.75,0.75,0.0625,0.0078125,4.255043275356293,2.610058273077011,0.0053125,0.9251339709758759
134,432000,-421.7808675765991,-4.217808890342712,-421.7808675765991,-4.217808890342712,0.0,421.7808675765991,4.217808890342712,252.8030138015747,2.528030047416687,2.0590549170970918,0.0,0.0,nan,nan,nan,nan,nan,nan,nan,nan,nan,nan,4320,-0.0016897836472374195,0.03943654242902994,1.3400779843330384,0.007217665761709213,0.05358644090592861,0.05358644090592861,0.09881665483117104,0.0032732707448314266,0.031146875371632632,0.9292150735855103,1.0,0.008067307692307693,0.0005518269230769231,3,0.75,0.75,0.0,0.0,4.277824664115906,2.620307139158249,0.0,0.9266071826219558
135,435200,-483.96325492858887,-4.839632802009582,-483.96325492858887,-4.839632802009582,0.0,483.96325492858887,4.839632802009582,190.62062644958496,1.9062061357498168,2.483467450141907,0.0003125,8.970946462762833e-05,nan,nan,nan,nan,nan,nan,nan,nan,nan,nan,4352,-0.0012587995177455013,0.046108512207865715,1.3336424589157105,0.011055787559598684,0.047444970533251765,0.047444970533251765,0.10948673412203788,0.0020876450143997483,0.013659374904818833,0.8907007575035095,1.0,0.008052884615384615,0.0005507211538461538,3,0.75,0.75,0.03125,0.0003125,4.561020503044128,2.964165143966675,0.0,0.9317411148548126
136,438400,-413.8434166908264,-4.138434000015259,-413.8434166908264,-4.138434000015259,0.0,413.8434166908264,4.138434000015259,260.7404646873474,2.60740493774414,2.192528042793274,0.0,0.0,nan,nan,nan,nan,nan,nan,nan,nan,nan,nan,4384,-0.001140077020722785,0.035668054781854155,1.3033270955085754,0.006217206176370382,0.05206210575997829,0.05206210575997829,0.10051341988146305,0.0026042282064747463,0.025624999729916453,0.9381352066993713,1.0,0.00803846153846154,0.0005496153846153846,3,0.75,0.75,0.0,0.0,4.951344487667083,2.5869528913497923,0.0,0.9078125417232513
137,441600,-402.996622800827,-4.029966340065003,-402.996622800827,-4.029966340065003,0.0,402.996622800827,4.029966340065003,271.5872585773468,2.7158725976943963,2.325814635753632,0.0015625,0.000469809707132381,nan,nan,nan,nan,nan,nan,nan,nan,nan,nan,4416,-0.0010991776023292488,0.04459454156458378,1.310696828365326,0.010681011341512203,0.037787952646613124,0.037787952646613124,0.10440477393567563,0.0019299952233279665,0.015603125036432176,0.9350004196166992,1.0,0.008024038461538461,0.0005485096153846154,3,0.75,0.75,0.0625,0.0015625,4.3924220752716066,2.624156460762024,0.0009375,0.9670536178350448
138,444800,-454.5555727481842,-4.545555713176728,-454.5555727481842,-4.545555713176728,0.0,454.5555727481842,4.545555713176728,220.02830862998962,2.2002832245826713,2.3905971384048463,0.006875,0.002027666431416396,nan,nan,nan,nan,nan,nan,nan,nan,nan,nan,4448,-0.0009744823036715644,0.0393930371850729,1.292812430858612,0.008367105759680271,0.03641797453165054,0.03641797453165054,0.09016849733889103,0.0018820163757493076,0.012593750085216016,0.9270564913749695,1.0,0.008009615384615384,0.0005474038461538461,3,0.75,0.75,0.03125,0.006875,5.178185093402862,2.802308465242386,0.004375,0.9131696861982346
139,448000,-424.98872685432434,-4.249887189865112,-424.98872685432434,-4.249887189865112,0.0,424.98872685432434,4.249887189865112,249.5951545238495,2.4959517478942868,2.088285254240036,0.0059375,0.0019225879448306006,nan,nan,nan,nan,nan,nan,nan,nan,nan,nan,4480,-0.001314798649703164,0.04227993562817574,1.2685981869697571,0.00968248313292861,0.04413256905972958,0.04413256905972958,0.09813331663608552,0.002072763482284488,0.016581249772571027,0.9212346076965332,1.0,0.007995192307692307,0.0005462980769230769,3,0.75,0.75,0.03125,0.0059375,5.0966237759590145,2.569270998239517,0.005,0.915982181429863
140,451200,-440.57270431518555,-4.405727031230927,-440.57270431518555,-4.405727031230927,0.0,440.57270431518555,4.405727031230927,234.01117706298828,2.340111906528472,2.257708777189255,0.00125,0.0003837052620395669,-708.5576172173023,-7.085576172173023,-708.5576172173023,-7.085576172173023,100.0,5.823024511635303,0.0,0.0,708.5576172173023,-99.34116998314857,4512,-0.0012478167652968607,0.029148154146969318,1.3483134746551513,0.002565681468695402,0.05036367103457451,0.05036367103457451,0.09751100689172745,0.002674277043844261,0.019965624785982072,0.9332701563835144,1.0,0.00798076923076923,0.0005451923076923077,3,0.75,0.75,0.03125,0.00125,4.790011796951294,2.6939347755908964,0.0009375,0.9571429020166398
141,454400,-454.55936551094055,-4.5455937838554386,-454.55936551094055,-4.5455937838554386,0.0,454.55936551094055,4.5455937838554386,220.02451586723328,2.2002451539039605,2.550117634534836,0.0021875,0.000616176765164184,nan,nan,nan,nan,nan,nan,nan,nan,nan,nan,4544,-0.0010950323205440426,0.04432212263345718,1.3343018889427185,0.010436518490314484,0.04626329764723778,0.04626329764723778,0.10330735370516778,0.002073512040079672,0.016028124966396717,0.9006942510604858,1.0,0.007966346153846154,0.0005440865384615384,3,0.75,0.75,0.03125,0.0021875,4.893333570957184,2.9648358750343324,0.0021875,0.9490625423192978
142,457600,-456.8437514305115,-4.568437709808349,-456.8437514305115,-4.568437709808349,0.0,456.8437514305115,4.568437709808349,217.74012994766235,2.1774012279510497,2.6553509187698365,0.00125,0.0003419644318091003,nan,nan,nan,nan,nan,nan,nan,nan,nan,nan,4576,-0.001291105779295343,0.045553740859031674,1.3288917541503906,0.010918520204722882,0.04645912572741508,0.04645912572741508,0.11956519931554795,0.002425542924175823,0.012843750009778887,0.8862691521644592,1.0,0.007951923076923077,0.0005429807692307692,3,0.75,0.75,0.03125,0.00125,5.420304470062256,2.9993004155158998,0.00125,0.9215179020166397
143,460800,-424.7245788574219,-4.247245512008667,-424.7245788574219,-4.247245512008667,0.0,424.7245788574219,4.247245512008667,249.85930252075195,2.498593425750732,2.0119802963733675,0.0,0.0,nan,nan,nan,nan,nan,nan,nan,nan,nan,nan,4608,-0.0010029863694828833,0.025400177761912345,1.3347598791122437,0.0011024456471204758,0.03664171472191811,0.03664171472191811,0.0710465032607317,0.0013638676842684721,0.008503124813432805,0.9303727149963379,1.0,0.0079375,0.000541875,3,0.75,0.75,0.0,0.0,4.846445784568787,2.4142767357826234,0.0,0.9294643306732178
144,464000,-447.255419254303,-4.472554144859314,-447.255419254303,-4.472554144859314,0.0,447.255419254303,4.472554144859314,227.32846212387085,2.2732847929000854,1.9640726745128632,0.00875,0.0029520193871218217,nan,nan,nan,nan,nan,nan,nan,nan,nan,nan,4640,-0.0010809411658759594,0.03599216435104609,1.333444321155548,0.006350158900022507,0.04425349235534668,0.04425349235534668,0.089395921677351,0.0018241073499677158,0.011149999941699207,0.9209278225898743,1.0,0.007923076923076923,0.0005407692307692307,3,0.75,0.75,0.03125,0.00875,5.382210159301758,2.5980369901657103,0.00625,0.9283036088943482
145,467200,-440.5915107727051,-4.405914933681488,-440.5915107727051,-4.405914933681488,0.0,440.5915107727051,4.405914933681488,233.99237060546875,2.3399240040779112,2.061308904886246,0.0003125,0.00010208051840218068,nan,nan,nan,nan,nan,nan,nan,nan,nan,nan,4672,-0.0012026082629919444,0.02598014771938324,1.2840535998344422,0.001632330659776926,0.042051149904727934,0.042051149904727934,0.08565031215548516,0.0018969993037910003,0.01392187510500662,0.8982113003730774,1.0,0.007908653846153847,0.0005396634615384615,3,0.75,0.75,0.03125,0.0003125,5.059596900939941,2.4452720141410826,0.0,0.9174554008245468
146,470400,-559.7088351249695,-5.597088117599487,-559.7088351249695,-5.597088117599487,0.0,559.7088351249695,5.597088117599487,114.87504625320435,1.1487508201599121,2.367166565656662,0.0015625,0.0004640400079807999,nan,nan,nan,nan,nan,nan,nan,nan,nan,nan,4704,-0.0012678009719704342,0.03804974444210529,1.3195202827453614,0.007340473681688308,0.048145488277077673,0.048145488277077673,0.1099286325275898,0.001719253673219226,0.011696874958579429,0.8177697062492371,1.0,0.00789423076923077,0.0005385576923076923,3,0.75,0.75,0.03125,0.0015625,6.88896457195282,3.100376319885254,0.0015625,0.9101786154508591
147,473600,-455.64911699295044,-4.55649108171463,-455.64911699295044,-4.55649108171463,0.0,455.64911699295044,4.55649108171463,218.9347643852234,2.189347856044769,2.420153980255127,0.0,0.0,nan,nan,nan,nan,nan,nan,nan,nan,nan,nan,4736,-0.0007997008135716577,0.041495535522699356,1.2970145702362061,0.009727841522544623,0.040434755571186545,0.040434755571186545,0.11672459170222282,0.001762920783950208,0.012853125324181747,0.8718037009239197,1.0,0.007879807692307693,0.000537451923076923,3,0.75,0.75,0.0,0.0,5.492207379341125,2.636946585178375,0.0,0.9249553978443146
148,476800,-428.66492795944214,-4.286649544239044,-428.66492795944214,-4.286649544239044,0.0,428.66492795944214,4.286649544239044,245.9189534187317,2.4591893935203553,1.8517615377902985,0.0,0.0,nan,nan,nan,nan,nan,nan,nan,nan,nan,nan,4768,-0.0011744958707129883,0.0371545597910881,1.3131960034370422,0.0070739928632974625,0.050871954672038554,0.050871954672038554,0.10022535994648933,0.002017542201066316,0.011818749690428376,0.8954979777336121,1.0,0.007865384615384614,0.0005363461538461539,3,0.75,0.75,0.0,0.0,4.452965650558472,2.4023746418952943,0.0,0.9433036112785339
149,480000,-406.2326741218567,-4.062326710224152,-406.2326741218567,-4.062326710224152,0.0,406.2326741218567,4.062326710224152,268.35120725631714,2.683512227535247,1.9801777231693267,0.005,0.001677752290115992,nan,nan,nan,nan,nan,nan,nan,nan,nan,nan,4800,-0.0010768336151842917,0.04157202932983637,1.289634120464325,0.009584313072264195,0.04059478081762791,0.04059478081762791,0.11488364040851592,0.0019441835611371428,0.016412499430589377,0.8632959723472595,1.0,0.00785096153846154,0.0005352403846153847,3,0.75,0.75,0.09375,0.005,4.484025256633759,2.3956911361217497,0.003125,0.9539732599258423
150,483200,-422.6904683113098,-4.226904644966125,-422.6904683113098,-4.226904644966125,0.0,422.6904683113098,4.226904644966125,251.893413066864,2.518934292793274,2.0781132900714874,0.0,0.0,nan,nan,nan,nan,nan,nan,nan,nan,nan,nan,4832,-0.001118471220915751,0.034135487861931324,1.3082423090934754,0.005697181727737188,0.04710329845547676,0.04710329845547676,0.10384019762277603,0.001737634980964918,0.010406249883817508,0.8855800032615662,1.0,0.00783653846153846,0.0005341346153846154,3,0.75,0.75,0.0,0.0,4.4058790469169615,2.6987136006355286,0.0,0.9498214769363403
151,486400,-513.2406849861145,-5.1324066019058225,-513.2406849861145,-5.1324066019058225,0.0,513.2406849861145,5.1324066019058225,161.34319639205933,1.6134323358535765,2.5562244510650634,0.0,0.0,nan,nan,nan,nan,nan,nan,nan,nan,nan,nan,4864,-0.0010746336035837522,0.03177277855575085,1.3295478820800781,0.004411879181861878,0.046068436652421954,0.046068436652421954,0.09848145991563798,0.0020195462682761024,0.010262500180397182,0.8608930706977844,1.0,0.007822115384615384,0.0005330288461538462,3,0.75,0.75,0.0,0.0,5.496983327865601,3.0621450614929198,0.0,0.9124554002285004
152,489600,-476.57323330640793,-4.765732400417328,-476.57323330640793,-4.765732400417328,0.0,476.57323330640793,4.765732400417328,198.0106480717659,1.9801065373420714,2.1528981125354765,0.0040625,0.0012884970763400426,nan,nan,nan,nan,nan,nan,nan,nan,nan,nan,4896,-0.001199263905640713,0.03958103116601706,1.3418672800064086,0.008114364556968212,0.04077290296554566,0.04077290296554566,0.13136605322360992,0.0017886987203393893,0.01060312504414469,0.7724272012710571,1.0,0.007807692307692307,0.000531923076923077,3,0.75,0.75,0.03125,0.0040625,5.585393376350403,2.992917981147766,0.0028125,0.9266071891784669
153,492800,-462.151718378067,-4.621516885757447,-462.151718378067,-4.621516885757447,0.0,462.151718378067,4.621516885757447,212.4321630001068,2.1243220520019523,2.2090434396266936,0.0103125,0.0032135744479668523,nan,nan,nan,nan,nan,nan,nan,nan,nan,nan,4928,-0.0010293787467380966,0.028196694515645503,1.332074511051178,0.0026877534575760363,0.039115353301167485,0.039115353301167485,0.08928726390004157,0.0016351584563391876,0.006203124968669727,0.9137805104255676,1.0,0.00779326923076923,0.0005308173076923077,3,0.75,0.75,0.09375,0.0103125,5.042429807186127,2.800792489051819,0.0075,0.9413839691877365
154,496000,-429.487154006958,-4.294871678352356,-429.487154006958,-4.294871678352356,0.0,429.487154006958,4.294871678352356,245.09672737121582,2.450967259407043,2.0400483560562135,0.0009375,0.0003083832525664814,nan,nan,nan,nan,nan,nan,nan,nan,nan,nan,4960,-0.0006311070911025673,0.027264611423015596,1.357533299922943,0.002441155817359686,0.03309023343026638,0.03309023343026638,0.09583562687039375,0.0010942617082047453,0.005421875038882718,0.901787281036377,1.0,0.0077788461538461535,0.0005297115384615385,3,0.75,0.75,0.03125,0.0009375,4.123171308040619,2.233594310283661,0.0009375,0.939732186794281
155,499200,-491.8453288078308,-4.918453214168548,-491.8453288078308,-4.918453214168548,0.0,491.8453288078308,4.918453214168548,182.73855257034302,1.8273857235908508,2.331634418964386,0.004375,0.0013131692886520054,nan,nan,nan,nan,nan,nan,nan,nan,nan,nan,4992,-0.0015676265768008514,0.03729480542242527,1.3488949298858643,0.006606384553015232,0.0834019735455513,0.0834019735455513,0.11181638762354851,0.0024708761484372654,0.015562499780207873,0.8575228452682495,1.0,0.007764423076923077,0.0005286057692307693,3,0.75,0.75,0.03125,0.004375,5.807716822624206,2.709592832326889,0.0034375,0.9217857587337493
156,502400,-437.5933690071106,-4.375933458805084,-437.5933690071106,-4.375933458805084,0.0,437.5933690071106,4.375933458805084,236.99051237106323,2.3699054789543146,2.2714296329021453,0.0,0.0,nan,nan,nan,nan,nan,nan,nan,nan,nan,nan,5024,-0.001211885250371414,0.025339407473802568,1.3372691869735718,0.0010939823463559152,0.05210648849606514,0.05210648849606514,0.09043580144643784,0.001914523301821789,0.01588125029229559,0.9089398980140686,1.0,0.00775,0.0005275,3,0.75,0.75,0.0,0.0,5.336507592201233,2.7722396981716155,0.0,0.8688393253087997
157,505600,-455.03307723999023,-4.5503308701515195,-455.03307723999023,-4.5503308701515195,0.0,455.03307723999023,4.5503308701515195,219.5508041381836,2.1955080676078795,2.199926441907883,0.0,0.0,nan,nan,nan,nan,nan,nan,nan,nan,nan,nan,5056,-0.0011957220623967757,0.0301390266045928,1.332723033428192,0.0035644097253680227,0.052952923625707624,0.052952923625707624,0.10346137285232544,0.0017684805337932353,0.010946874960063724,0.8807190656661987,1.0,0.007735576923076923,0.0005263942307692308,3,0.75,0.75,0.0,0.0,4.3740423703193665,2.753005908727646,0.0,0.9483928996324539
158,508800,-420.0646462440491,-4.200646460056305,-420.0646462440491,-4.200646460056305,0.0,420.0646462440491,4.200646460056305,254.51923513412476,2.545192477703094,1.8223637866973876,0.0,0.0,nan,nan,nan,nan,nan,nan,nan,nan,nan,nan,5088,-0.0010762013262544557,0.028400144912302493,1.3811918497085571,0.002459476422518492,0.042588197812438014,0.042588197812438014,0.1152079850435257,0.002166964315257351,0.007540625066030771,0.8431662321090698,1.0,0.007721153846153846,0.0005252884615384616,3,0.75,0.75,0.0,0.0,4.27605507850647,2.234398856163025,0.0,0.9262946885824204
159,512000,-484.3642702102661,-4.843642797470093,-484.3642702102661,-4.843642797470093,0.0,484.3642702102661,4.843642797470093,190.21961116790771,1.9021961402893064,2.117818810939789,0.0,0.0,nan,nan,nan,nan,nan,nan,nan,nan,nan,nan,5120,-0.0009152705400163441,0.03209387715905905,1.3746005535125732,0.004537991713732481,0.04299979340285063,0.04299979340285063,0.09524275362491608,0.0018268175685090065,0.01393437481019646,0.9044387936592102,1.0,0.0077067307692307695,0.0005241826923076923,3,0.75,0.75,0.0,0.0,4.161927230358124,3.0492082500457762,0.0,0.9337500345706939
160,515200,-460.839391708374,-4.608394007682801,-460.839391708374,-4.608394007682801,0.0,460.839391708374,4.608394007682801,213.7444896697998,2.1374449300765983,2.0602448415756225,0.0,0.0,-795.1427615880966,-7.9514276158809665,-795.1427615880966,-7.9514276158809665,100.0,5.662247721850872,0.0,0.0,795.1427615880966,-185.92631435394287,5152,-0.0011819298160320568,0.03181815352290869,1.3384269714355468,0.004431554954499007,0.058979129418730736,0.058979129418730736,0.1026176631450653,0.0015680524593346186,0.010712500056251883,0.8483359217643738,1.0,0.007692307692307693,0.0005230769230769231,3,0.75,0.75,0.0,0.0,5.216693465709686,2.618276240825653,0.0,0.9097768241167068
161,518400,-446.0849120616913,-4.460849249362946,-446.0849120616913,-4.460849249362946,0.0,446.0849120616913,4.460849249362946,228.49896931648254,2.284989688396453,2.050780429840088,0.0028125,0.0009218952542407064,nan,nan,nan,nan,nan,nan,nan,nan,nan,nan,5184,-0.0011259553348296424,0.028953633829951288,1.3702643752098083,0.002830129489302635,0.04452008381485939,0.04452008381485939,0.09395112544298172,0.0028025194784287457,0.017565624951384962,0.83388352394104,1.0,0.007677884615384615,0.0005219711538461539,3,0.75,0.75,0.03125,0.0028125,4.396478986740112,2.7238028907775877,0.001875,0.9592857486009598
162,521600,-472.06961250305176,-4.720696096420288,-472.06961250305176,-4.720696096420288,0.0,472.06961250305176,4.720696096420288,202.51426887512207,2.025142841339111,2.166371158361435,0.0,0.0,nan,nan,nan,nan,nan,nan,nan,nan,nan,nan,5216,-0.001406450406019566,0.04116359688341618,1.3671297788619996,0.008698401972651482,0.06262052692472934,0.06262052692472934,0.11345079019665719,0.0023841390735480075,0.021343750250525772,0.8108725547790527,1.0,0.007663461538461538,0.0005208653846153846,3,0.75,0.75,0.0,0.0,6.235148015022278,2.4061300599575044,0.0,0.9015625435113906
163,524800,-470.0155279636383,-4.700155310630798,-470.0155279636383,-4.700155310630798,0.0,470.0155279636383,4.700155310630798,204.56835341453552,2.045683627128601,2.111933170557022,0.0,0.0,nan,nan,nan,nan,nan,nan,nan,nan,nan,nan,5248,-0.0012716508714947672,0.04816880971193314,1.399670958518982,0.01210661670193076,0.06377733796834946,0.06377733796834946,0.1253158189356327,0.0019094286632035822,0.012615625122271013,0.802078902721405,1.0,0.0076490384615384615,0.0005197596153846154,3,0.75,0.75,0.0,0.0,5.194848628044128,2.6064177131652833,0.0,0.9326339709758759
164,528000,-435.87618112564087,-4.358761773109436,-435.87618112564087,-4.358761773109436,0.0,435.87618112564087,4.358761773109436,238.70770025253296,2.3870771646499627,2.3116084897518157,0.0,0.0,nan,nan,nan,nan,nan,nan,nan,nan,nan,nan,5280,-0.001208892855711774,0.03307266030460596,1.3410704016685486,0.005088880471885204,0.049095391482114795,0.049095391482114795,0.09658720344305038,0.0020190796625695123,0.014653125032782554,0.8083644509315491,1.0,0.007634615384615385,0.0005186538461538462,3,0.75,0.75,0.0,0.0,4.4263159584999086,2.7669507348537445,0.0,0.97334825694561
165,531200,-520.4340138435364,-5.204340279102325,-520.4340138435364,-5.204340279102325,0.0,520.4340138435364,5.204340279102325,154.14986753463745,1.5414986586570736,2.772633363008499,0.0,0.0,nan,nan,nan,nan,nan,nan,nan,nan,nan,nan,5312,-0.0012611238027107952,0.03867675792425871,1.3601310491561889,0.007712795305997134,0.04599617011845112,0.04599617011845112,0.10002605728805065,0.0019224348907311618,0.008871875097975135,0.8350799083709717,1.0,0.007620192307692307,0.0005175480769230769,3,0.75,0.75,0.0,0.0,6.393332438468933,3.5267288947105406,0.0,0.897142898440361
166,534400,-461.24396538734436,-4.612439641952514,-461.24396538734436,-4.612439641952514,0.0,461.24396538734436,4.612439641952514,213.33991599082947,2.1333992958068846,1.9469676327705383,0.0,0.0,nan,nan,nan,nan,nan,nan,nan,nan,nan,nan,5344,-0.0006877329775917928,0.03287027161568403,1.3513487815856933,0.005469356197863817,0.042909061163663866,0.042909061163663866,0.0952627032995224,0.0011947444836561472,0.007371874939053669,0.8415670990943909,1.0,0.00760576923076923,0.0005164423076923077,3,0.75,0.75,0.0,0.0,5.546215145587921,2.372604343891144,0.0,0.8886161130666733
167,537600,-454.564612865448,-4.545645875930786,-454.564612865448,-4.545645875930786,0.0,454.564612865448,4.545645875930786,220.01926851272583,2.200193061828613,2.0520490837097167,0.0,0.0,nan,nan,nan,nan,nan,nan,nan,nan,nan,nan,5376,-0.000999747250846117,0.03091669175773859,1.3566154003143311,0.004160061199218035,0.043006104230880735,0.043006104230880735,0.08422695733606815,0.0015456832137726445,0.011143749940674751,0.8248000144958496,1.0,0.007591346153846153,0.0005153365384615385,3,0.75,0.75,0.0,0.0,5.004819519519806,2.441453146934509,0.0,0.8910714697837829
168,540800,-409.37543773651123,-4.0937543451786045,-409.37543773651123,-4.0937543451786045,0.0,409.37543773651123,4.0937543451786045,265.2084436416626,2.6520845925807945,1.8082728034257889,0.0034375,0.00122406199134451,nan,nan,nan,nan,nan,nan,nan,nan,nan,nan,5408,-0.0013408932743360857,0.02264975681900978,1.3205396771430968,-2.164202742278576e-05,0.04228820949792862,0.04228820949792862,0.07386314943432808,0.0017513694016099784,0.01081249992712401,0.9045180678367615,1.0,0.007576923076923077,0.0005142307692307692,3,0.75,0.75,0.03125,0.0034375,4.56634818315506,2.2789345812797546,0.0034375,0.902276828289032
169,544000,-485.0271325111389,-4.850271339416504,-485.0271325111389,-4.850271339416504,0.0,485.0271325111389,4.850271339416504,189.5567488670349,1.895567598342895,2.4938287937641146,0.0,0.0,nan,nan,nan,nan,nan,nan,nan,nan,nan,nan,5440,-0.0008199354850658036,0.03570114653557539,1.3244109272956848,0.007014780398458242,0.04937537424266338,0.04937537424266338,0.10322695411741734,0.0016498240620433022,0.008609375020023435,0.8425269722938538,1.0,0.0075625,0.000513125,3,0.75,0.75,0.0,0.0,4.631579794883728,3.299612656831741,0.0,0.9195089673995972
170,547200,-479.24716329574585,-4.792471575736999,-479.24716329574585,-4.792471575736999,0.0,479.24716329574585,4.792471575736999,195.33671808242798,1.9533673620223997,2.4793126726150514,0.0,0.0,nan,nan,nan,nan,nan,nan,nan,nan,nan,nan,5472,-0.0009577081965922663,0.043899251893162725,1.2885229945182801,0.01126604676246643,0.05387380085885525,0.05387380085885525,0.10452232509851456,0.001385775620657437,0.008846875082235783,0.7425799369812012,1.0,0.007548076923076923,0.0005120192307692308,3,0.75,0.75,0.0,0.0,6.123061993122101,2.806715986728668,0.0,0.9020089673995971
171,550400,-450.8721513748169,-4.50872172832489,-450.8721513748169,-4.50872172832489,0.0,450.8721513748169,4.50872172832489,223.71173000335693,2.2371172094345093,2.1497192084789276,0.0,0.0,nan,nan,nan,nan,nan,nan,nan,nan,nan,nan,5504,-0.0010224848345155024,0.02681666947901249,1.304893958568573,0.0025552309118211268,0.04694188311696053,0.04694188311696053,0.08899296969175338,0.001660313297180762,0.009506250065169298,0.8711140155792236,1.0,0.007533653846153846,0.0005109134615384615,3,0.75,0.75,0.0,0.0,4.27622654914856,2.7389190256595612,0.0,0.9144196873903274
172,553600,-432.82947635650635,-4.328294776678085,-432.82947635650635,-4.328294776678085,0.0,432.82947635650635,4.328294776678085,241.75440502166748,2.417544161081314,2.1590422165393828,0.0065625,0.002077370148977934,nan,nan,nan,nan,nan,nan,nan,nan,nan,nan,5536,-0.000656553987912778,0.046756014600396155,1.3042356014251708,0.012914604693651199,0.03550219275057316,0.03550219275057316,0.11901229172945023,0.0009008258097322442,0.005234375012514647,0.7040755748748779,1.0,0.007519230769230769,0.0005098076923076923,3,0.75,0.75,0.125,0.0065625,4.898720228672028,2.8402651154994967,0.005,0.9212946909666061
173,556800,-439.2379651069641,-4.392379696369171,-439.2379651069641,-4.392379696369171,0.0,439.2379651069641,4.392379696369171,235.34591627120972,2.3534592413902278,2.0535671991109847,0.0,0.0,nan,nan,nan,nan,nan,nan,nan,nan,nan,nan,5568,-0.0009419833674211731,0.02519034668803215,1.2972190141677857,0.001917810644954443,0.04147691167891025,0.04147691167891025,0.07420107126235961,0.0020861938766768675,0.011112499824957923,0.8086952567100525,1.0,0.007504807692307693,0.0005087019230769231,3,0.75,0.75,0.0,0.0,5.4123159337043765,2.750614665746689,0.0,0.8996875423192978
174,560000,-519.5386548042297,-5.195386550426483,-519.5386548042297,-5.195386550426483,0.0,519.5386548042297,5.195386550426483,155.0452265739441,1.550452387332916,2.4126946890354155,0.0003125,9.156986735556086e-05,nan,nan,nan,nan,nan,nan,nan,nan,nan,nan,5600,-0.0008962504871423249,0.0420362789183855,1.3151645898818969,0.010270800720900298,0.05416969582438469,0.05416969582438469,0.10416477061808109,0.0015352081871254303,0.00771875015925616,0.7050331830978394,1.0,0.007490384615384616,0.0005075961538461538,3,0.75,0.75,0.03125,0.0003125,5.820790431499481,3.016401652097702,0.0003125,0.8957143288850784
175,563200,-406.02957820892334,-4.060295615196228,-406.02957820892334,-4.060295615196228,0.0,406.02957820892334,4.060295615196228,268.5543031692505,2.685543322563171,2.0631178534030914,0.0,0.0,nan,nan,nan,nan,nan,nan,nan,nan,nan,nan,5632,-0.0011347507891827035,0.02995965611189604,1.3136891961097716,0.004023987427353859,0.04533260501921177,0.04533260501921177,0.08784092292189598,0.0017608316822600822,0.011574999941512943,0.6977275609970093,1.0,0.007475961538461539,0.0005064903846153846,3,0.75,0.75,0.0,0.0,4.179376428127289,2.5285806143283844,0.0,0.957544686794281
176,566400,-334.60844427347183,-3.34608442902565,-334.60844427347183,-3.34608442902565,0.0,334.60844427347183,3.34608442902565,339.975437104702,3.399754508733749,1.7293893480300904,0.01,0.0036638231944509498,nan,nan,nan,nan,nan,nan,nan,nan,nan,nan,5664,-0.0011599997334181822,0.03289369735866785,1.3120503783226014,0.005496934521943331,0.0449005726724863,0.0449005726724863,0.10264844819903374,0.0016560525022226518,0.010150000074645504,0.6403506994247437,1.0,0.007461538461538461,0.0005053846153846154,3,0.75,0.75,0.0625,0.01,3.312680653333664,2.0431845247745515,0.0065625,0.8994196832180024
177,569600,-406.42511773109436,-4.064251384735107,-406.42511773109436,-4.064251384735107,0.0,406.42511773109436,4.064251384735107,268.15876364707947,2.6815875530242916,1.891707501411438,0.0009375,0.0003242029145556415,nan,nan,nan,nan,nan,nan,nan,nan,nan,nan,5696,-0.000773622086452086,0.025465397723019124,1.3061729073524475,0.0022318562492728232,0.04462010134011507,0.04462010134011507,0.08247721306979656,0.0015430344530626408,0.008553124978789128,0.7498132586479187,1.0,0.0074471153846153845,0.0005042788461538461,3,0.75,0.75,0.03125,0.0009375,4.114929041862488,2.6448816084861755,0.0003125,0.9327232623100281
178,572800,-497.25404262542725,-4.972540271282196,-497.25404262542725,-4.972540271282196,0.0,497.25404262542725,4.972540271282196,177.32983875274658,1.7732986664772028,2.4214400136470795,0.0028125,0.0008220223031185103,nan,nan,nan,nan,nan,nan,nan,nan,nan,nan,5728,-0.0010649389804573417,0.04915792867541313,1.300283932685852,0.013849415164440871,0.04457679688930512,0.04457679688930512,0.11022042483091354,0.0016694494501292463,0.01088125002279412,0.7202758193016052,1.0,0.007432692307692308,0.000503173076923077,3,0.75,0.75,0.09375,0.0028125,5.222860267162323,2.7671783244609833,0.0015625,0.9489286148548126
179,576000,-385.8955101966858,-3.858955225944519,-385.8955101966858,-3.858955225944519,0.0,385.8955101966858,3.858955225944519,288.68837118148804,2.88688371181488,1.8585085034370423,0.0,0.0,nan,nan,nan,nan,nan,nan,nan,nan,nan,nan,5760,-0.0012688368253176209,0.029878361523151396,1.3113378524780273,0.0039424865506589414,0.04554295688867569,0.04554295688867569,0.0944482333958149,0.002040308393772068,0.014440624974668026,0.7866843938827515,1.0,0.007418269230769231,0.0005020673076923078,3,0.75,0.75,0.0,0.0,4.122717978954316,2.389180736541748,0.0,0.9480803984403611
180,579200,-398.3935627937317,-3.9839359021186826,-398.3935627937317,-3.9839359021186826,0.0,398.3935627937317,3.9839359021186826,276.19031858444214,2.7619030356407164,1.829488308429718,0.0,0.0,-279.1720299720764,-2.791720299720764,-279.1720299720764,-2.791720299720764,100.0,1.794178331270814,0.0,0.0,279.1720299720764,330.04441726207733,5792,-0.0011008028235170108,0.021290271170437337,1.3259616255760194,-0.000272883428260684,0.045516522228717805,0.045516522228717805,0.07870560176670552,0.0017172278436203918,0.012309374916367233,0.8103152513504028,1.0,0.007403846153846154,0.0005009615384615384,3,0.75,0.75,0.0,0.0,4.756870868206025,2.171773978471756,0.0,0.9396875435113907
181,582400,-422.5480799674988,-4.225481128692627,-422.5480799674988,-4.225481128692627,0.0,422.5480799674988,4.225481128692627,252.03580141067505,2.5203578090667724,2.323694906234741,0.00125,0.0003760874674914331,nan,nan,nan,nan,nan,nan,nan,nan,nan,nan,5824,-0.0013216934143798654,0.027063650079071522,1.3378517150878906,0.0023241796530783176,0.05328098461031914,0.05328098461031914,0.07641454860568046,0.002147787285504186,0.016071875009220093,0.7507884502410889,1.0,0.007389423076923076,0.0004998557692307693,3,0.75,0.75,0.03125,0.00125,5.371469526290894,2.7885560643672944,0.00125,0.918705403804779
182,585600,-383.94573163986206,-3.8394574117660523,-383.94573163986206,-3.8394574117660523,0.0,383.94573163986206,3.8394574117660523,290.63814973831177,2.9063815259933468,1.8490970677137375,0.0,0.0,nan,nan,nan,nan,nan,nan,nan,nan,nan,nan,5856,-0.000988666502654123,0.024797651544213296,1.3286564350128174,0.0016113182529807091,0.044402885064482686,0.044402885064482686,0.08714244663715362,0.002133892488201408,0.014943750051315874,0.8204333186149597,1.0,0.007375,0.00049875,3,0.75,0.75,0.0,0.0,4.345054876804352,2.3995495998859404,0.0,0.9403571873903275
183,588800,-487.8791344165802,-4.878791627883911,-487.8791344165802,-4.878791627883911,0.0,487.8791344165802,4.878791627883911,186.70474696159363,1.8670473098754883,2.194730900526047,0.001875,0.0005869038921842403,nan,nan,nan,nan,nan,nan,nan,nan,nan,nan,5888,-0.0010770656761480701,0.038135554641485214,1.3180564880371093,0.00828905515372753,0.049374287389218806,0.049374287389218806,0.09496154859662057,0.0019379162811686188,0.013078125193715096,0.7266607284545898,1.0,0.007360576923076923,0.0004976442307692308,3,0.75,0.75,0.03125,0.001875,5.0253869462013245,2.850522904396057,0.0003125,0.9297768270969391
184,592000,-399.38117933273315,-3.9938117253780363,-399.38117933273315,-3.9938117253780363,0.0,399.38117933273315,3.9938117253780363,275.2027020454407,2.7520272123813627,1.9127323734760284,0.003125,0.0010728757741208655,nan,nan,nan,nan,nan,nan,nan,nan,nan,nan,5920,-0.001481932783837081,0.028882807679474355,1.3340247035026551,0.00315952030941844,0.04835023432970047,0.04835023432970047,0.08855667114257812,0.002557218883158724,0.017384375468827783,0.8248847723007202,1.0,0.007346153846153846,0.0004965384615384616,3,0.75,0.75,0.03125,0.003125,5.136948857307434,2.0860601198673248,0.0025,0.9206250476837158
185,595200,-393.0034737586975,-3.9300345587730408,-393.0034737586975,-3.9300345587730408,0.0,393.0034737586975,3.9300345587730408,281.5804076194763,2.8158043789863583,2.046619863510132,0.0,0.0,nan,nan,nan,nan,nan,nan,nan,nan,nan,nan,5952,-0.0007908748878515226,0.017205494083464147,1.3346050143241883,-0.0019730927888303995,0.04201395530253649,0.04201395530253649,0.05643238238990307,0.001935902461992851,0.01227499982342124,0.8455206155776978,1.0,0.007331730769230769,0.0004954326923076924,3,0.75,0.75,0.0,0.0,3.462886990308762,2.564494944810867,0.0,0.9280803966522216
186,598400,-408.61883878707886,-4.086188535690308,-408.61883878707886,-4.086188535690308,0.0,408.61883878707886,4.086188535690308,265.96504259109497,2.659650402069091,1.7857799744606018,0.0,0.0,nan,nan,nan,nan,nan,nan,nan,nan,nan,nan,5984,-0.0008755021519289752,0.019235443882644178,1.3132974743843078,-0.000867582205682993,0.04696814343333244,0.04696814343333244,0.07698878422379493,0.00150354704164903,0.00964062511920929,0.8521610498428345,1.0,0.007317307692307692,0.0004943269230769231,3,0.75,0.75,0.0,0.0,4.772866661548615,2.0748553562164305,0.0,0.932991116642952
187,601600,-430.3560676574707,-4.303560595512391,-430.3560676574707,-4.303560595512391,0.0,430.3560676574707,4.303560595512391,244.22781372070312,2.4422783422470085,2.2843671929836273,0.0,0.0,nan,nan,nan,nan,nan,nan,nan,nan,nan,nan,6016,-0.0012569252235814954,0.03054469432681799,1.3245391249656677,0.004342465940862894,0.0563837043941021,0.0563837043941021,0.09589319974184037,0.0020456300058879846,0.016024999879300596,0.8079137802124023,1.0,0.007302884615384616,0.0004932211538461539,3,0.75,0.75,0.0,0.0,4.615818989276886,2.800763782262802,0.0,0.9066071861982345
188,604800,-421.6094665527344,-4.216094708442688,-421.6094665527344,-4.216094708442688,0.0,421.6094665527344,4.216094708442688,252.97441482543945,2.5297442293167114,2.145268650054932,0.0,0.0,nan,nan,nan,nan,nan,nan,nan,nan,nan,nan,6048,-0.0006906811881621344,0.03363240286707878,1.3181962490081787,0.0065178974531590935,0.03090716116130352,0.03090716116130352,0.10199492648243905,0.00096370773608338,0.003321874990069773,0.7931029200553894,1.0,0.007288461538461539,0.0004921153846153847,3,0.75,0.75,0.0,0.0,3.8738864207267762,2.8178194320201873,0.0,0.9083036142587662
189,608000,-393.6855456829071,-3.936855410337448,-393.6855456829071,-3.936855410337448,0.0,393.6855456829071,3.936855410337448,280.8983356952667,2.808983527421951,1.9843043065071106,0.00125,0.0004188580893960593,nan,nan,nan,nan,nan,nan,nan,nan,nan,nan,6080,-0.0010752185777760826,0.021340318955481052,1.2877674221992492,0.0002276709768921137,0.0449471790343523,0.0449471790343523,0.06785381622612477,0.0013570446848474918,0.00630937508540228,0.856072187423706,1.0,0.007274038461538462,0.0004910096153846154,3,0.75,0.75,0.03125,0.00125,4.161942129135132,2.49464395403862,0.00125,0.9303125441074371
190,611200,-423.37486267089844,-4.233748497962952,-423.37486267089844,-4.233748497962952,0.0,423.37486267089844,4.233748497962952,251.2090187072754,2.512090439796447,2.160468294620514,0.0,0.0,nan,nan,nan,nan,nan,nan,nan,nan,nan,nan,6112,-0.0007288826635667434,0.03345530685037375,1.2896160364151001,0.006636654492467642,0.04264509715139866,0.04264509715139866,0.09408119060099125,0.0010794614605414944,0.0069625000120140616,0.8174874782562256,1.0,0.007259615384615385,0.0004899038461538462,3,0.75,0.75,0.0,0.0,5.239602434635162,2.4653232753276826,0.0,0.894955399632454
191,614400,-376.8831458091736,-3.7688314855098723,-376.8831458091736,-3.7688314855098723,0.0,376.8831458091736,3.7688314855098723,297.70073556900024,2.9770074522495267,1.6727663940191269,0.0,0.0,nan,nan,nan,nan,nan,nan,nan,nan,nan,nan,6144,-0.0012130266931373868,0.020486878976225854,1.3204973697662354,-0.0005368445999920368,0.039910460636019704,0.039910460636019704,0.07906022630631923,0.0019253324877366675,0.010134375054622068,0.919847846031189,1.0,0.0072451923076923075,0.0004887980769230769,3,0.75,0.75,0.0,0.0,4.927185680866241,2.142374987602234,0.0,0.9159821850061417
192,617600,-425.9595510959625,-4.259595534801483,-425.9595510959625,-4.259595534801483,0.0,425.9595510959625,4.259595534801483,248.6243302822113,2.486243402957916,2.0843755650520324,0.0025,0.0008105368322608358,nan,nan,nan,nan,nan,nan,nan,nan,nan,nan,6176,-0.0012443165914854059,0.035157248750329016,1.3371445178985595,0.006665724143385887,0.05421057492494583,0.05421057492494583,0.11447597220540047,0.002613807906164975,0.020228124810091685,0.8099668622016907,1.0,0.00723076923076923,0.0004876923076923077,3,0.75,0.75,0.03125,0.0025,4.339183399677276,2.4442029178142546,0.0025,0.9308929038047791
193,620800,-416.2951731681824,-4.162951674461365,-416.2951731681824,-4.162951674461365,0.0,416.2951731681824,4.162951674461365,258.28870820999146,2.5828872632980344,2.0088522624969483,0.0,0.0,nan,nan,nan,nan,nan,nan,nan,nan,nan,nan,6208,-0.0005827078912054251,0.018222422525286674,1.340784227848053,-0.001147059490904212,0.029943628795444967,0.029943628795444967,0.07632099948823452,0.0010220494637917259,0.0026749999669846147,0.8632979989051819,1.0,0.007216346153846153,0.0004865865384615385,3,0.75,0.75,0.0,0.0,4.738653388023376,2.598578332662582,0.0,0.8737946909666061
194,624000,-486.7383108139038,-4.867383008003235,-486.7383108139038,-4.867383008003235,0.0,486.7383108139038,4.867383008003235,187.84557056427002,1.8784559297561643,2.687449173927307,0.0,0.0,nan,nan,nan,nan,nan,nan,nan,nan,nan,nan,6240,-0.0011591310330201666,0.029064960218966006,1.3257417917251586,0.003825458697974682,0.04612034857273102,0.04612034857273102,0.10083818584680557,0.002047080204284834,0.01424062463338487,0.8651167750358582,1.0,0.007201923076923076,0.0004854807692307692,3,0.75,0.75,0.0,0.0,4.887754008769989,3.343471785783768,0.0,0.9755803996324539
195,627200,-435.62269115448,-4.356226933002472,-435.62269115448,-4.356226933002472,0.0,435.62269115448,4.356226933002472,238.96119022369385,2.389612004756927,2.2666221356391905,0.0,0.0,nan,nan,nan,nan,nan,nan,nan,nan,nan,nan,6272,-0.0012429456184967602,0.02786911390721798,1.3177804946899414,0.0032200637739151715,0.04656800515949726,0.04656800515949726,0.1102461040019989,0.0015674150981806595,0.013553124805912375,0.7663676142692566,1.0,0.0071874999999999994,0.000484375,3,0.75,0.75,0.0,0.0,4.691959116458893,2.8237782561779023,0.0,0.9417857557535172
196,630400,-415.7882761955261,-4.1578829169273375,-415.7882761955261,-4.1578829169273375,0.0,415.7882761955261,4.1578829169273375,258.7956051826477,2.5879560208320616,2.0852752208709715,0.0,0.0,nan,nan,nan,nan,nan,nan,nan,nan,nan,nan,6304,-0.0006695770828984316,0.021940500102937223,1.3119211673736573,0.0008901617024093866,0.036426054686307906,0.036426054686307906,0.08491711504757404,0.0012963669061731276,0.008050000070943497,0.8411857485771179,1.0,0.007173076923076923,0.0004832692307692308,3,0.75,0.75,0.0,0.0,4.2221861791610715,2.6841674768924713,0.0,0.9486161094903945
197,633600,-472.1559157371521,-4.721559309959412,-472.1559157371521,-4.721559309959412,0.0,472.1559157371521,4.721559309959412,202.42796564102173,2.024279627799987,2.57300807595253,0.0,0.0,nan,nan,nan,nan,nan,nan,nan,nan,nan,nan,6336,-0.0015495724259410259,0.0345318503677845,1.301379430294037,0.006400227919220925,0.057797419279813765,0.057797419279813765,0.09729880355298519,0.002691529263394304,0.024409375281538814,0.7485039234161377,1.0,0.007158653846153846,0.00048216346153846155,3,0.75,0.75,0.0,0.0,5.062880651950836,3.131875466108322,0.0,0.947633973956108
198,636800,-347.9987721443176,-3.479987831115723,-347.9987721443176,-3.479987831115723,0.0,347.9987721443176,3.479987831115723,326.5851092338562,3.265851106643676,1.7844372928142547,0.0,0.0,nan,nan,nan,nan,nan,nan,nan,nan,nan,nan,6368,-0.0007339059791060976,0.01894500432536006,1.3233129620552062,-0.0007154571358114481,0.032347070425748824,0.032347070425748824,0.07615591548383235,0.0016204191684677717,0.005903124960605055,0.8626245856285095,1.0,0.007144230769230769,0.0004810576923076923,3,0.75,0.75,0.0,0.0,3.187315833568573,2.387896476984024,0.0,0.9612053990364074
199,640000,-414.30379843711853,-4.1430380606651305,-414.30379843711853,-4.1430380606651305,0.0,414.30379843711853,4.1430380606651305,260.2800829410553,2.6028008770942686,2.07191202044487,0.00375,0.0012207380859354591,nan,nan,nan,nan,nan,nan,nan,nan,nan,nan,6400,-0.0013150887387106014,0.02142643164843321,1.279511296749115,0.0002754577901214361,0.05121916905045509,0.05121916905045509,0.08089730963110923,0.001892737356321434,0.013015625014304533,0.8727657794952393,1.0,0.007129807692307692,0.0004799519230769231,3,0.75,0.75,0.0625,0.00375,4.323256478309632,2.619776440858841,0.001875,0.9247768294811248
200,643200,-428.96519136428833,-4.289652109146118,-428.96519136428833,-4.289652109146118,0.0,428.96519136428833,4.289652109146118,245.6186900138855,2.456186828613281,2.3820882451534273,0.0,0.0,-302.14697605371475,-3.0214697605371477,-302.14697605371475,-3.0214697605371477,100.0,1.9921298591792584,0.0,0.0,302.14697605371475,307.069471180439,6432,-0.0009152385402004803,0.021618088893592357,1.2934865474700927,0.0006901515182107687,0.046562527865171434,0.046562527865171434,0.07544903345406055,0.0016818470365264331,0.01188437498640269,0.8464655876159668,1.0,0.007115384615384615,0.0004788461538461538,3,0.75,0.75,0.0,0.0,4.1175500011444095,2.8203808188438417,0.0,0.8968750387430191
201,646400,-443.7552390098572,-4.437552013397217,-443.7552390098572,-4.437552013397217,0.0,443.7552390098572,4.437552013397217,230.82864236831665,2.308286924362182,2.0541354155540468,0.0,0.0,nan,nan,nan,nan,nan,nan,nan,nan,nan,nan,6464,-0.0009494487864547318,0.02190416269004345,1.283809196949005,0.0008863526396453381,0.04195236824452877,0.04195236824452877,0.07938780002295971,0.0017869224393520088,0.010743750154506414,0.882402241230011,1.0,0.007100961538461539,0.0004777403846153846,3,0.75,0.75,0.0,0.0,5.192839729785919,2.604278151988983,0.0,0.91866075694561
202,649600,-430.1095646619797,-4.3010958588123325,-430.1095646619797,-4.3010958588123325,0.0,430.1095646619797,4.3010958588123325,244.47431671619415,2.4447430789470666,2.26514631152153,0.005,0.0015313249462533404,nan,nan,nan,nan,nan,nan,nan,nan,nan,nan,6496,-0.0008342850277200387,0.02341038454324007,1.2725860595703125,0.0018526775762438773,0.0442787129431963,0.0442787129431963,0.08607103228569031,0.0016155568089757006,0.012200000046868808,0.8131183385848999,1.0,0.007086538461538462,0.00047663461538461537,3,0.75,0.75,0.03125,0.005,4.58685822725296,2.6977126717567446,0.005,0.9458929002285004
203,652800,-384.0936484336853,-3.840936453342438,-384.0936484336853,-3.840936453342438,0.0,384.0936484336853,3.840936453342438,290.4902329444885,2.904902484416961,2.076968500614166,0.0,0.0,nan,nan,nan,nan,nan,nan,nan,nan,nan,nan,6528,-0.0014512209080625338,0.0191026771441102,1.277271556854248,-0.0009328941348940134,0.05582397393882275,0.05582397393882275,0.07581520825624466,0.0027934139492585253,0.024012499721720815,0.8397191166877747,1.0,0.007072115384615385,0.0004755288461538461,3,0.75,0.75,0.0,0.0,5.059247503280639,2.2324770390987396,0.0,0.9049107551574707
204,656000,-417.4056797027588,-4.17405680179596,-417.4056797027588,-4.17405680179596,0.0,417.4056797027588,4.17405680179596,257.17820167541504,2.5717821359634394,2.1567695426940916,0.0,0.0,nan,nan,nan,nan,nan,nan,nan,nan,nan,nan,6560,-0.0015099061890505362,0.018083966430276634,1.3045181035995483,-0.001674810331314802,0.061888550594449046,0.061888550594449046,0.07403678745031357,0.0028214427031356473,0.02528125003882451,0.8218194842338562,1.0,0.007057692307692307,0.0004744230769230769,3,0.75,0.75,0.0,0.0,4.308622460365296,2.6465043926239016,0.0,0.9646875363588333
205,659200,-355.6547317504883,-3.5565474832057955,-355.6547317504883,-3.5565474832057955,0.0,355.6547317504883,3.5565474832057955,318.92914962768555,3.1892914545536035,1.609328796863556,0.0021875,0.0008383381974051722,nan,nan,nan,nan,nan,nan,nan,nan,nan,nan,6592,-0.0011349139527373707,0.015368997119367123,1.290059244632721,-0.00253665023483336,0.058676722645759585,0.058676722645759585,0.06901312507688999,0.0015711678941455983,0.01565624987706542,0.826177179813385,1.0,0.0070432692307692306,0.00047331730769230773,3,0.75,0.75,0.03125,0.0021875,4.668789639472961,1.9861276030540467,0.001875,0.9159375429153442
206,662400,-414.8865818977356,-4.148866050243377,-414.8865818977356,-4.148866050243377,0.0,414.8865818977356,4.148866050243377,259.69729948043823,2.5969728875160216,2.3010051572322845,0.0,0.0,nan,nan,nan,nan,nan,nan,nan,nan,nan,nan,6624,-0.0006726648361742082,0.022850108705461024,1.3136098027229308,0.0015192284248769284,0.03422248363494873,0.03422248363494873,0.08347463347017765,0.0011718339948869083,0.008246874948963524,0.814171314239502,1.0,0.007028846153846154,0.0004722115384615385,3,0.75,0.75,0.0,0.0,5.346910314559937,2.7313809204101562,0.0,0.9200446832180024
207,665600,-406.1777238845825,-4.061777333021164,-406.1777238845825,-4.061777333021164,0.0,406.1777238845825,4.061777333021164,268.4061574935913,2.6840616047382353,2.0328650414943694,0.003125,0.0010303788520903765,nan,nan,nan,nan,nan,nan,nan,nan,nan,nan,6656,-0.00128385008829639,0.02096833325922489,1.304734456539154,4.835687577724457e-05,0.04938529245555401,0.04938529245555401,0.08183152973651886,0.002690369460471047,0.019284375151619314,0.864449679851532,1.0,0.007014423076923077,0.00047110576923076923,3,0.75,0.75,0.03125,0.003125,4.552014863491058,2.642714972496033,0.0025,0.9040625435113907
208,668800,-404.73138666152954,-4.047313859462738,-404.73138666152954,-4.047313859462738,0.0,404.73138666152954,4.047313859462738,269.8524947166443,2.6985250782966608,2.0478817224502563,0.0,0.0,nan,nan,nan,nan,nan,nan,nan,nan,nan,nan,6688,-0.0008260289187368653,0.022743509523570536,1.3110251784324647,0.0013685495126992465,0.041237350553274155,0.041237350553274155,0.07488724440336228,0.0011912110712740444,0.006334375136066228,0.8097450733184814,1.0,0.007,0.00047000000000000004,3,0.75,0.75,0.0,0.0,3.938669641017914,2.5894725131988525,0.0,0.9569196796417236
209,672000,-419.88939094543457,-4.198893928527832,-419.88939094543457,-4.198893928527832,0.0,419.88939094543457,4.198893928527832,254.69449043273926,2.5469450092315666,1.6593755447864533,0.0,0.0,nan,nan,nan,nan,nan,nan,nan,nan,nan,nan,6720,-0.001244680027547318,0.01788985850289464,1.2950681090354919,-0.0013465485535562038,0.0545428454875946,0.0545428454875946,0.07229490168392658,0.0022234055126330804,0.02234687455929816,0.8744837045669556,1.0,0.006985576923076923,0.0004688942307692308,3,0.75,0.75,0.0,0.0,4.324598746299744,2.625456624031067,0.0,0.9345982557535172
210,675200,-421.02357959747314,-4.210235857963562,-421.02357959747314,-4.210235857963562,0.0,421.02357959747314,4.210235857963562,253.56030178070068,2.5356030797958367,2.2306083571910857,0.0,0.0,nan,nan,nan,nan,nan,nan,nan,nan,nan,nan,6752,-0.001227278039837265,0.025834246538579464,1.3168487429618836,0.002509889891371131,0.04539830647408962,0.04539830647408962,0.08033120073378086,0.0018834755290312402,0.015284375147894025,0.8703024387359619,1.0,0.006971153846153846,0.00046778846153846154,3,0.75,0.75,0.0,0.0,4.5454934883117675,2.9244344985485076,0.0,0.9390625411272049
211,678400,-353.38236451148987,-3.533823745250702,-353.38236451148987,-3.533823745250702,0.0,353.38236451148987,3.533823745250702,321.20151686668396,3.212015192508697,1.8062090492248535,0.000625,0.00022272039931331593,nan,nan,nan,nan,nan,nan,nan,nan,nan,nan,6784,-0.0007934615156729663,0.014581377245485782,1.3033249258995057,-0.0025696537457406523,0.04413517937064171,0.04413517937064171,0.08183243572711944,0.0017412422261271563,0.011403124834760092,0.8653972148895264,1.0,0.006956730769230769,0.0004666826923076923,3,0.75,0.75,0.03125,0.000625,4.269534471035004,2.124010102748871,0.000625,0.9447321873903275
212,681600,-424.0700671672821,-4.240700702667237,-424.0700671672821,-4.240700702667237,0.0,424.0700671672821,4.240700702667237,250.51381421089172,2.5051382350921623,2.315108724832535,0.000625,0.0001885307698412131,nan,nan,nan,nan,nan,nan,nan,nan,nan,nan,6816,-0.0010175984109053182,0.01797779491171241,1.298919415473938,-0.0010461988858878613,0.044428464770317075,0.044428464770317075,0.07638473771512508,0.002361581613514635,0.01813750013243407,0.8856438994407654,1.0,0.006942307692307692,0.00046557692307692305,3,0.75,0.75,0.03125,0.000625,4.513247606754303,2.8840307545661927,0.000625,0.9336607539653778
213,684800,-469.8725266456604,-4.698725118637085,-469.8725266456604,-4.698725118637085,0.0,469.8725266456604,4.698725118637085,204.71135473251343,2.0471138191223144,2.2863660633563994,0.0,0.0,nan,nan,nan,nan,nan,nan,nan,nan,nan,nan,6848,-0.0009708326317195315,0.027257723920047282,1.3076800107955933,0.0035985731054097416,0.04342891126871109,0.04342891126871109,0.11514007933437824,0.0015598620761023353,0.006431249852175825,0.8284910917282104,1.0,0.006927884615384615,0.00046447115384615385,3,0.75,0.75,0.0,0.0,4.791623864173889,2.678541532754898,0.0,0.9555357623100281
214,688000,-357.394898891449,-3.5739489400386812,-357.394898891449,-3.5739489400386812,0.0,357.394898891449,3.5739489400386812,317.18898248672485,3.171889997720718,1.6448440253734589,0.0,0.0,nan,nan,nan,nan,nan,nan,nan,nan,nan,nan,6880,-0.0007546235200839746,0.013176762033253908,1.2933735966682434,-0.0031079312320798635,0.03507998548448086,0.03507998548448086,0.061044220253825186,0.0012489910746820913,0.0025406250133528374,0.882940948009491,1.0,0.0069134615384615385,0.0004633653846153846,3,0.75,0.75,0.0,0.0,3.991424515247345,2.036579575538635,0.0,0.9209821915626526
215,691200,-450.3988823890686,-4.5039887046813964,-450.3988823890686,-4.5039887046813964,0.0,450.3988823890686,4.5039887046813964,224.18499898910522,2.2418502330780026,2.2985883951187134,0.0003125,9.47374945180917e-05,nan,nan,nan,nan,nan,nan,nan,nan,nan,nan,6912,-0.0006597248524871202,0.028383319079875947,1.274397885799408,0.004739814903587103,0.03179276622831821,0.03179276622831821,0.0890368290245533,0.0013349491171551744,0.00342812495000544,0.8121609091758728,1.0,0.006899038461538462,0.00046225961538461536,3,0.75,0.75,0.03125,0.0003125,4.596674959659577,2.8353515708446504,0.0,0.9410714691877365
216,694400,-368.59616804122925,-3.6859616160392763,-368.59616804122925,-3.6859616160392763,0.0,368.59616804122925,3.6859616160392763,305.9877133369446,3.0598773217201227,1.9307604563236236,0.01125,0.00383859416955288,nan,nan,nan,nan,nan,nan,nan,nan,nan,nan,6944,-0.0011763685415382475,0.024449042975902557,1.2769734144210816,0.0022566823288798334,0.047121812403202054,0.047121812403202054,0.10159297361969948,0.0024697908374959688,0.01897812504321337,0.8596180081367493,1.0,0.006884615384615385,0.00046115384615384616,3,0.75,0.75,0.09375,0.01125,3.4607494831085206,2.367260158061981,0.0065625,0.9207143270969391
217,697600,-445.84709453582764,-4.458471076488495,-445.84709453582764,-4.458471076488495,0.0,445.84709453582764,4.458471076488495,228.7367868423462,2.287367861270904,2.3926555168628694,0.0,0.0,nan,nan,nan,nan,nan,nan,nan,nan,nan,nan,6976,-0.0011439171655103664,0.022472761757671832,1.3065666079521179,0.0011160997208207845,0.06049848645925522,0.06049848645925522,0.09334184490144252,0.002279570844258496,0.017665624801884404,0.8487522602081299,1.0,0.006870192307692308,0.00046004807692307697,3,0.75,0.75,0.0,0.0,5.161987657546997,2.6805994653701783,0.0,0.9468750447034836
218,700800,-433.6545114517212,-4.336545212268829,-433.6545114517212,-4.336545212268829,0.0,433.6545114517212,4.336545212268829,240.92936992645264,2.4092937254905697,2.123608285188675,0.001875,0.000600267328298095,nan,nan,nan,nan,nan,nan,nan,nan,nan,nan,7008,-0.0009456070803164129,0.028825384005904196,1.2971353888511659,0.004574224352836609,0.04859428480267525,0.04859428480267525,0.11438646838068962,0.0019163179997134544,0.01507812507916242,0.8393788933753967,1.0,0.006855769230769231,0.0004589423076923077,3,0.75,0.75,0.03125,0.001875,3.678670655488968,2.978906252384186,0.0015625,0.9226786094903946
219,704000,-385.09458112716675,-3.8509457683563233,-385.09458112716675,-3.8509457683563233,0.0,385.09458112716675,3.8509457683563233,289.4893002510071,2.8948931694030757,2.077641263008118,0.0,0.0,nan,nan,nan,nan,nan,nan,nan,nan,nan,nan,7040,-0.0009577239450532932,0.018083039578050374,1.3223746061325072,-0.0009630267508327961,0.034861871786415574,0.034861871786415574,0.08885055780410767,0.0016337861641671579,0.006681249957182445,0.84765625,1.0,0.0068413461538461545,0.00045783653846153847,3,0.75,0.75,0.0,0.0,4.378298046588898,2.519972182512283,0.0,0.8896429002285003
220,707200,-383.69893741607666,-3.8369895112514496,-383.69893741607666,-3.8369895112514496,0.0,383.69893741607666,3.8369895112514496,290.88494396209717,2.9088494265079494,1.9360679662227631,0.0,0.0,-304.713147431612,-3.04713147431612,-304.713147431612,-3.04713147431612,100.0,2.124938611090183,0.0,0.0,304.713147431612,304.50329980254173,7072,-0.0008670745448732476,0.018683722708374262,1.3105498790740966,-0.0004722367040812969,0.03475002460181713,0.03475002460181713,0.0773889884352684,0.0014653737056517743,0.005081250064540655,0.8206741213798523,1.0,0.006826923076923076,0.0004567307692307692,3,0.75,0.75,0.0,0.0,5.03717880487442,2.2532020211219788,0.0,0.891116116642952
221,710400,-375.51985120773315,-3.75519859790802,-375.51985120773315,-3.75519859790802,0.0,375.51985120773315,3.75519859790802,299.0640301704407,2.990640339851379,2.0411240637302397,0.01125,0.0036992900533629534,nan,nan,nan,nan,nan,nan,nan,nan,nan,nan,7104,-0.00119675744655543,0.017504392378032207,1.3052103519439697,-0.0013363066129386425,0.05337829329073429,0.05337829329073429,0.06445934399962425,0.0016485827480222648,0.008206250076182187,0.8764047026634216,1.0,0.006812499999999999,0.000455625,3,0.75,0.75,0.0625,0.01125,4.755043919086456,2.5649433302879334,0.0075,0.8654464751482009
222,713600,-345.2394018173218,-3.4523941242694853,-345.2394018173218,-3.4523941242694853,0.0,345.2394018173218,3.4523941242694853,329.34447956085205,3.2934448134899137,1.757512617111206,0.0046875,0.0016999015601642706,nan,nan,nan,nan,nan,nan,nan,nan,nan,nan,7136,-0.0009850287331733653,0.017987314891070128,1.2893076181411742,-0.0007561834529042244,0.04568682014942169,0.04568682014942169,0.07471105121076108,0.0017461648254551957,0.0114218748989515,0.8640375137329102,1.0,0.006798076923076922,0.0004545192307692308,3,0.75,0.75,0.09375,0.0046875,5.096803948879242,1.9277331125736237,0.0028125,0.9189732551574707
223,716800,-373.2719404697418,-3.732719227075577,-373.2719404697418,-3.732719227075577,0.0,373.2719404697418,3.732719227075577,301.311940908432,3.013119710683822,2.12767104268074,0.0040625,0.0012988897951742438,nan,nan,nan,nan,nan,nan,nan,nan,nan,nan,7168,-0.0006248523273949091,0.031219169311225415,1.293648636341095,0.00620906762778759,0.0394921038299799,0.0394921038299799,0.08593240231275559,0.0012438516932901517,0.006303125113481656,0.8402717709541321,1.0,0.0067836538461538455,0.00045341346153846153,3,0.75,0.75,0.125,0.0040625,4.821494941711426,2.2221146810054777,0.0034375,0.9120982593297958
224,720000,-401.2088198661804,-4.012088274955749,-401.2088198661804,-4.012088274955749,0.0,401.2088198661804,4.012088274955749,273.3750615119934,2.73375066280365,2.3642309427261354,0.006875,0.0020435576858552356,nan,nan,nan,nan,nan,nan,nan,nan,nan,nan,7200,-0.0007802796895470365,0.025137534737586974,1.3249303460121156,0.002819728571921587,0.038414885848760606,0.038414885848760606,0.08105472810566425,0.0019036457721098028,0.008215625130105764,0.8247147798538208,1.0,0.006769230769230769,0.0004523076923076923,3,0.75,0.75,0.03125,0.006875,4.121014466285706,2.763502596616745,0.0034375,0.9322768288850785
225,723200,-332.95107090473175,-3.329510704278946,-332.95107090473175,-3.329510704278946,0.0,332.95107090473175,3.329510704278946,341.6328104734421,3.4163282334804532,1.557713977098465,0.0046875,0.0018326912399007247,nan,nan,nan,nan,nan,nan,nan,nan,nan,nan,7232,-0.0010074287178460483,0.01693167956545949,1.3030789256095887,-0.0013436362612992525,0.04932573065161705,0.04932573065161705,0.07671692185103893,0.001752689397109293,0.01205312494712416,0.8806922435760498,1.0,0.006754807692307692,0.0004512019230769231,3,0.75,0.75,0.0625,0.0046875,3.5252059745788573,2.1099907684326173,0.00125,0.9350446844100953
226,726400,-409.68026208877563,-4.096802754402161,-409.68026208877563,-4.096802754402161,0.0,409.68026208877563,4.096802754402161,264.9036192893982,2.6490361833572384,1.9679350984096526,0.0103125,0.0034746379749091825,nan,nan,nan,nan,nan,nan,nan,nan,nan,nan,7264,-0.0009477793008292768,0.027941762842237948,1.3575117707252502,0.003872950654476881,0.03912224527448416,0.03912224527448416,0.11235207617282868,0.0012149004920513767,0.006456250106566586,0.8517684936523438,1.0,0.006740384615384615,0.00045009615384615384,3,0.75,0.75,0.0625,0.0103125,4.316165060997009,2.4476794373989104,0.00875,0.9532143300771714
227,729600,-379.93494176864624,-3.7993494701385497,-379.93494176864624,-3.7993494701385497,0.0,379.93494176864624,3.7993494701385497,294.6489396095276,2.9464894676208493,2.316506013870239,0.01375,0.004145929463867989,nan,nan,nan,nan,nan,nan,nan,nan,nan,nan,7296,-0.001045399003592329,0.024169871024787425,1.3541473031044007,0.0019315940327942372,0.04078453853726387,0.04078453853726387,0.09150872305035591,0.0010155634859995606,0.005184375092721893,0.892886221408844,1.0,0.006725961538461538,0.00044899038461538465,3,0.75,0.75,0.0625,0.01375,4.338042182922363,2.928541511297226,0.0090625,0.9154911148548126
228,732800,-421.6151270866394,-4.216151049137116,-421.6151270866394,-4.216151049137116,0.0,421.6151270866394,4.216151049137116,252.96875429153442,2.5296878886222833,2.177701168060303,0.0,0.0,nan,nan,nan,nan,nan,nan,nan,nan,nan,nan,7328,-0.0008158170592621694,0.021929710917174817,1.3438912987709046,0.0011294601485133172,0.031557760760188104,0.031557760760188104,0.09066639430820941,0.0013831770316766786,0.005656250048195944,0.8742266893386841,1.0,0.0067115384615384615,0.0004478846153846154,3,0.75,0.75,0.0,0.0,4.949794845581055,2.7313947999477386,0.0,0.8782143288850784
229,736000,-383.64707350730896,-3.8364708387851714,-383.64707350730896,-3.8364708387851714,0.0,383.64707350730896,3.8364708387851714,290.93680787086487,2.9093680989742277,1.7387492561340332,0.0090625,0.003308992226908882,nan,nan,nan,nan,nan,nan,nan,nan,nan,nan,7360,-0.0011031602888193492,0.022093964368104936,1.3592866659164429,0.0008405221626162529,0.05095733553171158,0.05095733553171158,0.07665349803864956,0.0016026169407279537,0.008456249948358164,0.8778041005134583,1.0,0.006697115384615385,0.00044677884615384615,3,0.75,0.75,0.125,0.0090625,4.472865240573883,2.1839611434936526,0.00625,0.9423661190271377
230,739200,-383.2616000175476,-3.832615958452225,-383.2616000175476,-3.832615958452225,0.0,383.2616000175476,3.832615958452225,291.3222813606262,2.913222979307174,1.8727234661579133,0.005,0.001740508635412508,nan,nan,nan,nan,nan,nan,nan,nan,nan,nan,7392,-0.0007661322631960399,0.018042407371103762,1.3294735908508302,-0.000629391334950924,0.03361636307090521,0.03361636307090521,0.06271717995405197,0.0016266748258215093,0.006893749974551611,0.9149781465530396,1.0,0.006682692307692308,0.0004456730769230769,3,0.75,0.75,0.0625,0.005,4.412588551044464,2.393394521474838,0.0021875,0.9288839685916901
231,742400,-423.7777726948261,-4.237777695655823,-423.7777726948261,-4.237777695655823,0.0,423.7777726948261,4.237777695655823,250.8061086833477,2.508061242103576,2.242174243927002,0.004375,0.0013494031075581218,nan,nan,nan,nan,nan,nan,nan,nan,nan,nan,7424,-0.0008993440760357796,0.029526473209261894,1.3452980160713195,0.004893083032220602,0.04342475980520248,0.04342475980520248,0.11444585099816322,0.0015560763094992919,0.008156250083993654,0.8414211273193359,1.0,0.00666826923076923,0.0004445673076923077,3,0.75,0.75,0.09375,0.004375,4.963777871131897,2.684575254917145,0.00375,0.9227679014205933
232,745600,-362.82581663131714,-3.6282579576969147,-362.82581663131714,-3.6282579576969147,0.0,362.82581663131714,3.6282579576969147,311.7580647468567,3.1175809800624843,1.815980190038681,0.0,0.0,nan,nan,nan,nan,nan,nan,nan,nan,nan,nan,7456,-0.0011408802097779614,0.013428191281855106,1.3579588055610656,-0.0034624336287379263,0.03841604627668858,0.03841604627668858,0.0593381755053997,0.0016948658281773633,0.01162499997226405,0.9196172952651978,1.0,0.006653846153846153,0.00044346153846153846,3,0.75,0.75,0.0,0.0,4.211803805828095,2.112610375881195,0.0,0.9788839787244796
233,748800,-404.7491497993469,-4.04749156832695,-404.7491497993469,-4.04749156832695,0.0,404.7491497993469,4.04749156832695,269.8347315788269,2.698347369432449,1.899134269952774,0.0025,0.0008623263937481324,nan,nan,nan,nan,nan,nan,nan,nan,nan,nan,7488,-0.0006261753994651009,0.016391268000006676,1.37950142621994,-0.001589634595438838,0.02983045093715191,0.02983045093715191,0.0771183729171753,0.0006976447817589112,0.0016593750144238584,0.904381275177002,1.0,0.006639423076923077,0.0004423557692307692,3,0.75,0.75,0.03125,0.0025,3.9885738706588745,2.59105633020401,0.0015625,0.96388396859169
234,752000,-414.67121267318726,-4.146712257862091,-414.67121267318726,-4.146712257862091,0.0,414.67121267318726,4.146712257862091,259.9126687049866,2.5991266798973083,1.9318470585346221,0.0025,0.0008527047796447933,nan,nan,nan,nan,nan,nan,nan,nan,nan,nan,7520,-0.0008023600091401128,0.02447620891034603,1.3903818726539612,0.002224464574828744,0.02766676638275385,0.02766676638275385,0.10327722616493702,0.0011082542176165176,0.003731250000419095,0.854119598865509,1.0,0.006625,0.00044125,3,0.75,0.75,0.0625,0.0025,4.956665728092194,2.2944567477703095,0.0021875,0.9487500500679016
235,755200,-415.8335976600647,-4.158335878849029,-415.8335976600647,-4.158335878849029,0.0,415.8335976600647,4.158335878849029,258.75028371810913,2.58750305891037,1.6588317793607712,0.000625,0.00023506564230635934,nan,nan,nan,nan,nan,nan,nan,nan,nan,nan,7552,-0.000990105635102445,0.02356966193765402,1.374422800540924,0.0017089977394789458,0.031256872415542605,0.031256872415542605,0.09100761003792286,0.0012681623926265857,0.003631250053877011,0.8578262329101562,1.0,0.006610576923076923,0.00044014423076923077,3,0.75,0.75,0.03125,0.000625,3.9586079907417298,2.327920172214508,0.0,0.9440179008245468
236,758400,-394.93621253967285,-3.9493621444702147,-394.93621253967285,-3.9493621444702147,0.0,394.93621253967285,3.9493621444702147,279.647668838501,2.7964767932891843,1.8628829389810562,0.0,0.0,nan,nan,nan,nan,nan,nan,nan,nan,nan,nan,7584,-0.0010875904917600821,0.018575418926775455,1.3631029844284057,-0.0007911182940006257,0.04210256058722735,0.04210256058722735,0.08561431653797627,0.0015691055727085734,0.009740624821279197,0.8996495604515076,1.0,0.006596153846153846,0.0004390384615384616,3,0.75,0.75,0.0,0.0,4.050794172286987,2.5100508201122285,0.0,0.9498214703798294
237,761600,-423.15732342004776,-4.23157340168953,-423.15732342004776,-4.23157340168953,0.0,423.15732342004776,4.23157340168953,251.42655795812607,2.5142655360698694,2.1544455003738405,0.01125,0.0035663954247003903,nan,nan,nan,nan,nan,nan,nan,nan,nan,nan,7616,-0.0009714484073861662,0.022699459083378316,1.3606552243232728,0.0014228147454559803,0.04108931571245193,0.04108931571245193,0.08238573148846626,0.0013051515128619782,0.0031968749564839525,0.8836809396743774,1.0,0.006581730769230769,0.00043793269230769233,3,0.75,0.75,0.09375,0.01125,5.525173330307007,2.5150275337696075,0.0075,0.9409821838140487
238,764800,-417.160329580307,-4.171603536605835,-417.160329580307,-4.171603536605835,0.0,417.160329580307,4.171603536605835,257.4235517978668,2.5742354011535644,1.9058772766590117,0.0003125,0.00010754067369262482,nan,nan,nan,nan,nan,nan,nan,nan,nan,nan,7648,-0.0005517300713079543,0.01960564311593771,1.3588783860206604,0.00032691876403987406,0.03485753946006298,0.03485753946006298,0.06871811002492904,0.0013959910440473457,0.008450000023003668,0.8751540184020996,1.0,0.006567307692307692,0.0004368269230769231,3,0.75,0.75,0.03125,0.0003125,5.219958732128143,2.158562310934067,0.0003125,0.9563393300771713
239,768000,-371.73627948760986,-3.71736274600029,-371.73627948760986,-3.71736274600029,0.0,371.73627948760986,3.71736274600029,302.84760189056396,3.028476191759109,1.7965530610084535,0.003125,0.0011174470613738708,nan,nan,nan,nan,nan,nan,nan,nan,nan,nan,7680,-0.001209367660852223,0.016086459904909135,1.3430819511413574,-0.0019671991001814606,0.0411451917141676,0.0411451917141676,0.08094384707510471,0.001369280497239071,0.0068749998972634785,0.9074028730392456,1.0,0.006552884615384615,0.00043572115384615383,3,0.75,0.75,0.03125,0.003125,4.579839422702789,2.3851714730262756,0.0021875,0.9116964727640152
240,771200,-379.21839344501495,-3.7921841454505922,-379.21839344501495,-3.7921841454505922,0.0,379.21839344501495,3.7921841454505922,295.3654879331589,2.953654792308807,1.7819390732049942,0.005,0.00179730751408572,-291.8183948099613,-2.918183948099613,-291.8183948099613,-2.918183948099613,100.0,2.0633498531579972,0.0,0.0,291.8183948099613,317.39805242419243,7712,-0.0011455422425293183,0.021098683960735796,1.3508719325065612,0.0005711756646633148,0.04798490665853024,0.04798490665853024,0.06684595197439194,0.002021297093598423,0.016196874872548506,0.8572911024093628,1.0,0.006538461538461538,0.0004346153846153846,3,0.75,0.75,0.0625,0.005,3.838744878768921,2.331540538072586,0.003125,0.9399553978443146
241,774400,-362.57424062490463,-3.625742256641388,-362.57424062490463,-3.625742256641388,0.0,362.57424062490463,3.625742256641388,312.0096407532692,3.120096681118011,1.7246679282188415,0.0059375,0.002179164638195539,nan,nan,nan,nan,nan,nan,nan,nan,nan,nan,7744,-0.0004904622249669366,0.018953724950551986,1.355863356590271,0.0001406955998390913,0.02882009856402874,0.02882009856402874,0.08720512464642524,0.0009151973928976509,0.001774999999179272,0.839620053768158,1.0,0.006524038461538461,0.0004335096153846154,3,0.75,0.75,0.0625,0.0059375,4.456020522117615,2.144021053314209,0.0046875,0.8880357629060746
242,777600,-356.2934899330139,-3.5629348695278167,-356.2934899330139,-3.5629348695278167,0.0,356.2934899330139,3.5629348695278167,318.2903914451599,3.1829040682315823,1.3432495480775832,0.001875,0.000800170857405376,nan,nan,nan,nan,nan,nan,nan,nan,nan,nan,7776,-0.0011399917570583007,0.017872779350727796,1.3415813803672791,-0.000936781195923686,0.043205829337239265,0.043205829337239265,0.08875735774636269,0.0012085531494460534,0.007296874909661711,0.8620221614837646,1.0,0.0065096153846153845,0.00043240384615384614,3,0.75,0.75,0.0625,0.001875,3.3944929230213163,1.8280500370264052,0.001875,0.9593750470876694
243,780800,-412.2154083251953,-4.122154057025909,-412.2154083251953,-4.122154057025909,0.0,412.2154083251953,4.122154057025909,262.3684730529785,2.6236848807334896,2.2422681057453158,0.001875,0.0005782988756165754,nan,nan,nan,nan,nan,nan,nan,nan,nan,nan,7808,-0.0012827233798569093,0.03014713730663061,1.3426469683647155,0.0050700950436294075,0.05869041718542576,0.05869041718542576,0.08319525793194771,0.002793298772304524,0.024837499670684337,0.8455813527107239,1.0,0.006495192307692308,0.00043129807692307695,3,0.75,0.75,0.03125,0.001875,4.588379578590393,2.568753126859665,0.001875,0.9513393300771713
244,784000,-371.87410950660706,-3.7187411284446714,-371.87410950660706,-3.7187411284446714,0.0,371.87410950660706,3.7187411284446714,302.7097718715668,3.0270978093147276,1.7717792797088623,0.00125,0.00045097385969754977,nan,nan,nan,nan,nan,nan,nan,nan,nan,nan,7840,-0.0007531813072506388,0.016584113333374263,1.3261085391044616,-0.0010553281288594007,0.03427903074771166,0.03427903074771166,0.0656534381210804,0.0012686774363840532,0.00413437496717961,0.8474690914154053,1.0,0.006480769230769231,0.0004301923076923077,3,0.75,0.75,0.03125,0.00125,4.249772188663482,2.13695983171463,0.000625,0.9539732569456101
245,787200,-359.4914665222168,-3.5949145650863645,-359.4914665222168,-3.5949145650863645,0.0,359.4914665222168,3.5949145650863645,315.09241485595703,3.1509243726730345,1.6152282875776292,0.000625,0.00023898487293394567,nan,nan,nan,nan,nan,nan,nan,nan,nan,nan,7872,-0.0010257972042541752,0.01419480936601758,1.3111860632896424,-0.0024069756735116245,0.04438765197992325,0.04438765197992325,0.06893524080514908,0.0017919253128651006,0.010981250199256465,0.9166563749313354,1.0,0.006466346153846154,0.00042908653846153845,3,0.75,0.75,0.0625,0.000625,3.9430317294597628,2.112627921104431,0.000625,0.9370089650154114
246,790400,-431.50733971595764,-4.315073362588882,-431.50733971595764,-4.315073362588882,0.0,431.50733971595764,4.315073362588882,243.0765416622162,2.4307655751705166,1.9693434381484984,0.004375,0.0014733896873606455,nan,nan,nan,nan,nan,nan,nan,nan,nan,nan,7904,-0.0008625251036886716,0.025975467450916768,1.3225982546806336,0.003591906651854515,0.047246938943862914,0.047246938943862914,0.07974866554141044,0.0011912327114271717,0.005968749953899533,0.851950466632843,1.0,0.006451923076923077,0.00042798076923076926,3,0.75,0.75,0.0625,0.004375,4.479670271873474,2.5491141188144684,0.003125,0.9605803996324539
247,793600,-457.5733742713928,-4.575733916759491,-457.5733742713928,-4.575733916759491,0.0,457.5733742713928,4.575733916759491,217.010507106781,2.170105020999908,2.226731147766113,0.0003125,9.684723817673679e-05,nan,nan,nan,nan,nan,nan,nan,nan,nan,nan,7936,-0.0006980633558065108,0.031008230708539485,1.3473149061203002,0.00613271240144968,0.037811894342303275,0.037811894342303275,0.10922527574002742,0.0020837435673467996,0.012181250206776895,0.806177020072937,1.0,0.0064375000000000005,0.000426875,3,0.75,0.75,0.03125,0.0003125,4.641823399066925,2.7344920456409456,0.0,0.9578571826219558
248,796800,-409.1849012374878,-4.091848797798157,-409.1849012374878,-4.091848797798157,0.0,409.1849012374878,4.091848797798157,265.39898014068604,2.653990139961242,1.8533233892917633,0.0,0.0,nan,nan,nan,nan,nan,nan,nan,nan,nan,nan,7968,-0.0008235579704487517,0.0227105014026165,1.3402950882911682,0.0019228740595281125,0.03637395575642586,0.03637395575642586,0.0814024418592453,0.0012503738977113726,0.005734375136671588,0.826470136642456,1.0,0.006423076923076924,0.0004257692307692308,3,0.75,0.75,0.0,0.0,4.682919409275055,2.3329186564683915,0.0,0.9459375441074371
249,800000,-443.59933853149414,-4.435993613004684,-443.59933853149414,-4.435993613004684,0.0,443.59933853149414,4.435993613004684,230.9845428466797,2.309845324754715,2.266079614162445,0.00125,0.0003827218401473507,nan,nan,nan,nan,nan,nan,nan,nan,nan,nan,8000,-0.0009222355661943737,0.026820249296724795,1.3221051573753357,0.004014975111931563,0.0363585002720356,0.0363585002720356,0.08071518167853356,0.0008357548276774635,0.0029906250070780515,0.8575108647346497,1.0,0.006408653846153845,0.0004246634615384615,3,0.75,0.75,0.03125,0.00125,5.513539090156555,2.929805065393448,0.00125,0.9339732640981674
250,803200,-365.5242600440979,-3.655242643356323,-365.5242600440979,-3.655242643356323,0.0,365.5242600440979,3.655242643356323,309.0596213340759,3.090596294403076,1.8621680510044099,0.000625,0.0002183659340969413,nan,nan,nan,nan,nan,nan,nan,nan,nan,nan,8032,-0.0010281204124388931,0.016589428763836622,1.314892292022705,-0.0011411307845264674,0.045949516072869304,0.045949516072869304,0.060168216750025746,0.001493325243064915,0.008075000269673182,0.8872085213661194,1.0,0.006394230769230768,0.0004235576923076923,3,0.75,0.75,0.03125,0.000625,4.018411409854889,2.451351490020752,0.0003125,0.9116964697837829
251,806400,-333.34118843078613,-3.333411889076233,-333.34118843078613,-3.333411889076233,0.0,333.34118843078613,3.333411889076233,341.2426929473877,3.412427048683166,1.3972530287504197,0.0028125,0.0011732178315219523,nan,nan,nan,nan,nan,nan,nan,nan,nan,nan,8064,-0.0011257809791015206,0.011650234740227462,1.3068312048912047,-0.003637995570898056,0.05299981608986855,0.05299981608986855,0.06785623282194138,0.0015651861776871904,0.012443750000966248,0.9021230936050415,1.0,0.006379807692307692,0.00042245192307692307,3,0.75,0.75,0.0625,0.0028125,3.0985004615783693,1.9666120076179505,0.0015625,0.9092411136627198
252,809600,-341.59858280420303,-3.4159860575199126,-341.59858280420303,-3.4159860575199126,0.0,341.59858280420303,3.4159860575199126,332.9852985739708,3.3298528802394864,1.601302947998047,0.0090625,0.003483831057422384,nan,nan,nan,nan,nan,nan,nan,nan,nan,nan,8096,-0.000903093785367659,0.015504682436585426,1.3040692806243896,-0.0014516547787934541,0.04430624432861805,0.04430624432861805,0.07386910021305085,0.0013974014504140979,0.00986249981506262,0.8951306343078613,1.0,0.006365384615384615,0.0004213461538461538,3,0.75,0.75,0.0625,0.0090625,3.963720465898514,1.9859711563587188,0.005,0.9275000417232513
253,812800,-349.1916172504425,-3.4919159662723542,-349.1916172504425,-3.4919159662723542,0.0,349.1916172504425,3.4919159662723542,325.3922641277313,3.253922971487045,1.7180535680055617,0.006875,0.002529383556279466,nan,nan,nan,nan,nan,nan,nan,nan,nan,nan,8128,-0.0005973813742588402,0.020721839927136897,1.295668601989746,0.0015347970183938742,0.03399159330874681,0.03399159330874681,0.07027596049010754,0.0009587849301181638,0.004115625033955439,0.8729865550994873,1.0,0.006350961538461538,0.00042024038461538463,3,0.75,0.75,0.15625,0.006875,3.7119176161289213,2.2387163639068604,0.004375,0.9212053966522217
254,816000,-420.5543394088745,-4.205543595552444,-420.5543394088745,-4.205543595552444,0.0,420.5543394088745,4.205543595552444,254.02954196929932,2.5402953422069547,1.859629499912262,0.003125,0.001092798909822367,nan,nan,nan,nan,nan,nan,nan,nan,nan,nan,8160,-0.0009676526108552963,0.02072148900479078,1.2933098673820496,0.0011979840695858003,0.03934530951082706,0.03934530951082706,0.07060967832803726,0.0010374999288627483,0.00400312502097222,0.8742632865905762,1.0,0.006336538461538461,0.0004191346153846154,3,0.75,0.75,0.03125,0.003125,5.0291565322875975,2.6223811614513397,0.0009375,0.9207143270969391
255,819200,-436.384494304657,-4.363845000267029,-436.384494304657,-4.363845000267029,0.0,436.384494304657,4.363845000267029,238.19938707351685,2.3819939374923704,2.2874378609657287,0.0,0.0,nan,nan,nan,nan,nan,nan,nan,nan,nan,nan,8192,-0.0006615536591227488,0.032994549907743934,1.2846957325935364,0.007713726907968521,0.03796305768191814,0.03796305768191814,0.1090188704431057,0.0008689358099230509,0.0026218749277177266,0.8100444078445435,1.0,0.006322115384615384,0.0004180288461538462,3,0.75,0.75,0.0,0.0,4.313082578182221,2.696329129934311,0.0,0.9402678978443145
256,822400,-419.08531188964844,-4.190852930545807,-419.08531188964844,-4.190852930545807,0.0,419.08531188964844,4.190852930545807,255.4985694885254,2.554986007213592,2.1793336766958236,0.0,0.0,nan,nan,nan,nan,nan,nan,nan,nan,nan,nan,8224,-0.0006099474383023384,0.019123544916510582,1.2650240659713745,0.0009724426548928022,0.02498630341142416,0.02498630341142416,0.05829024501144886,0.001287433326798641,0.0020968749886378646,0.890281081199646,1.0,0.0063076923076923076,0.00041692307692307694,3,0.75,0.75,0.0,0.0,4.942486622333527,2.611919779777527,0.0,0.9328571850061417
257,825600,-369.57660722732544,-3.695765974521637,-369.57660722732544,-3.695765974521637,0.0,369.57660722732544,3.695765974521637,305.0072741508484,3.050072963237762,1.6678219348192216,0.0015625,0.0005856837668237701,nan,nan,nan,nan,nan,nan,nan,nan,nan,nan,8256,-0.0011810566827189285,0.014130275696516037,1.2509297609329224,-0.00198835670016706,0.04954507164657116,0.04954507164657116,0.06515754200518131,0.001918379211203028,0.01605625021038577,0.897654116153717,1.0,0.006293269230769231,0.0004158173076923077,3,0.75,0.75,0.03125,0.0015625,4.13688111782074,2.3734259951114653,0.0015625,0.946562539935112
258,828800,-371.3279113769531,-3.7132792389392852,-371.3279113769531,-3.7132792389392852,0.0,371.3279113769531,3.7132792389392852,303.2559700012207,3.032559698820114,1.432794913649559,0.0,0.0,nan,nan,nan,nan,nan,nan,nan,nan,nan,nan,8288,-0.0007448071409016599,0.022566109895706177,1.2819469928741456,0.002489100303500891,0.039616092666983606,0.039616092666983606,0.09022250026464462,0.001591830688995602,0.011290624912362546,0.820651650428772,1.0,0.006278846153846154,0.0004147115384615385,3,0.75,0.75,0.0,0.0,3.074974548816681,2.0826403176784516,0.0,0.9189732557535172
259,832000,-388.98449182510376,-3.8898450577259065,-388.98449182510376,-3.8898450577259065,0.0,388.98449182510376,3.8898450577259065,285.59938955307007,2.8559938800334925,1.778134765625,0.0,0.0,nan,nan,nan,nan,nan,nan,nan,nan,nan,nan,8320,-0.001021717260353039,0.012848195619881153,1.2802244067192077,-0.002617486706003547,0.04484658390283584,0.04484658390283584,0.06946573331952095,0.0013724342410581516,0.005568749806843698,0.8833773732185364,1.0,0.006264423076923076,0.00041360576923076925,3,0.75,0.75,0.0,0.0,4.7448380136489865,2.3693875896930696,0.0,0.9381250447034836
260,835200,-302.65116119384766,-3.026511571407318,-302.65116119384766,-3.026511571407318,0.0,302.65116119384766,3.026511571407318,371.9327201843262,3.719327366352081,1.5292840027809143,0.0,0.0,-257.08027355372906,-2.5708027355372907,-257.08027355372906,-2.5708027355372907,100.0,2.1350751630961895,0.04,0.01275886475413755,257.08027355372906,352.1361736804247,8352,-0.0011444469601963546,0.009190128464251757,1.2607330203056335,-0.00442896424792707,0.044978590309619905,0.044978590309619905,0.061468664184212686,0.002173120137014328,0.015034374878450763,0.8992855548858643,1.0,0.0062499999999999995,0.0004125,3,0.75,0.75,0.0,0.0,4.509745800495148,1.6721611893177033,0.0,0.9145982551574707
261,838400,-304.99666690826416,-3.0499665060639383,-304.99666690826416,-3.0499665060639383,0.0,304.99666690826416,3.0499665060639383,369.58721446990967,3.6958724316954608,1.4391473150253296,0.015,0.0061496900607843075,nan,nan,nan,nan,nan,nan,nan,nan,nan,nan,8384,-0.0008627557763199789,0.016717313230037688,1.21421377658844,-7.542218081653118e-05,0.04833998382091522,0.04833998382091522,0.07581748180091381,0.0011522964927294715,0.006584375002421439,0.8906090259552002,1.0,0.006235576923076923,0.00041139423076923075,3,0.75,0.75,0.125,0.015,3.1075533592700957,1.8476704883575439,0.0125,0.933482186794281
262,841600,-324.0558667778969,-3.2405586785078047,-324.0558667778969,-3.2405586785078047,0.0,324.0558667778969,3.2405586785078047,350.52801460027695,3.5052802592515944,1.5048286831378936,0.0134375,0.005364638344513979,nan,nan,nan,nan,nan,nan,nan,nan,nan,nan,8416,-0.0007674866169458561,0.017796074412763117,1.2260869503021241,0.0005028750281780958,0.0470099113881588,0.0470099113881588,0.08236681148409844,0.001395352633700463,0.0078124999534338714,0.8711032867431641,1.0,0.006221153846153846,0.00041028846153846156,3,0.75,0.75,0.09375,0.0134375,4.078672466278076,1.724835849404335,0.0115625,0.9395536118745804
263,844800,-353.7848916053772,-3.537848906517029,-353.7848916053772,-3.537848906517029,0.0,353.7848916053772,3.537848906517029,320.79898977279663,3.20799003124237,1.7947691160440444,0.01,0.003578113105155125,nan,nan,nan,nan,nan,nan,nan,nan,nan,nan,8448,-0.0007287863982069709,0.01561619620770216,1.2187962532043457,-0.0004854286089539528,0.04157270416617394,0.04157270416617394,0.06547862030565739,0.0013482273596324395,0.008509375200083014,0.8858225345611572,1.0,0.006206730769230769,0.0004091826923076923,3,0.75,0.75,0.0625,0.01,4.139158569574356,2.1533054822683333,0.0071875,0.9350893300771713
264,848000,-370.91415774822235,-3.709141531586647,-370.91415774822235,-3.709141531586647,0.0,370.91415774822235,3.709141531586647,303.6697236299515,3.036697406172752,1.7046533560752868,0.0075,0.002772998611135596,nan,nan,nan,nan,nan,nan,nan,nan,nan,nan,8480,-0.0008198320904309941,0.019234002754092216,1.2244683384895325,0.0012148842215538025,0.045635673217475414,0.045635673217475414,0.07383354343473911,0.0013026278378689368,0.010034374709357507,0.8866021633148193,1.0,0.006192307692307692,0.0004080769230769231,3,0.75,0.75,0.125,0.0075,3.7575352358818055,2.480698853135109,0.004375,0.9359821844100952
265,851200,-370.6919434070587,-3.706919436454773,-370.6919434070587,-3.706919436454773,0.0,370.6919434070587,3.706919436454773,303.8919379711151,3.038919501304626,1.8329039001464844,0.025625,0.009045488623413938,nan,nan,nan,nan,nan,nan,nan,nan,nan,nan,8512,-0.00089301348996087,0.028644680604338647,1.229108953475952,0.005836033308878541,0.05454766005277634,0.05454766005277634,0.08844105936586857,0.0011805505957468974,0.0023531249375082553,0.8560183048248291,1.0,0.006177884615384615,0.00040697115384615386,3,0.75,0.75,0.125,0.025625,3.799874897003174,2.4070907890796662,0.0209375,0.9408928966522216
266,854400,-317.5359116792679,-3.1753588902950285,-317.5359116792679,-3.1753588902950285,0.0,317.5359116792679,3.1753588902950285,357.04796969890594,3.5704800474643705,1.5625339597463608,0.0021875,0.0008536472235538758,nan,nan,nan,nan,nan,nan,nan,nan,nan,nan,8544,-0.0007441261227446816,0.012486415915191174,1.2570152163505555,-0.0022484831511974334,0.040041054040193556,0.040041054040193556,0.07160545475780963,0.0016090290373554444,0.009912500105565413,0.8693158030509949,1.0,0.006163461538461538,0.0004058653846153846,3,0.75,0.75,0.03125,0.0021875,3.3910387551784513,1.9446432548761368,0.00125,0.9527678990364075
267,857600,-365.2116327881813,-3.6521164095401764,-365.2116327881813,-3.6521164095401764,0.0,365.2116327881813,3.6521164095401764,309.3722485899925,3.0937225282192227,1.6609149956703186,0.0115625,0.004345309797123849,nan,nan,nan,nan,nan,nan,nan,nan,nan,nan,8576,-0.0013637216280447228,0.01801559003069997,1.248081111907959,-3.042561002075672e-05,0.06029489599168301,0.06029489599168301,0.08483348414301872,0.0026112410476357485,0.0229093749076128,0.9038185477256775,1.0,0.006149038461538461,0.0004047596153846154,3,0.75,0.75,0.09375,0.0115625,3.0095458006858826,2.3986009019613266,0.00875,0.9308928996324539
268,860800,-341.79438972473145,-3.4179436641931535,-341.79438972473145,-3.4179436641931535,0.0,341.79438972473145,3.4179436641931535,332.7894916534424,3.3278952735662455,1.8599731361865997,0.018125,0.006337472114918993,nan,nan,nan,nan,nan,nan,nan,nan,nan,nan,8608,-0.0005365151050849449,0.02695272080600262,1.2450562953948974,0.005301903933286667,0.03722726106643677,0.03722726106643677,0.09162429347634315,0.0014189850597190736,0.005806249874513014,0.8481863737106323,1.0,0.006134615384615384,0.0004036538461538462,3,0.75,0.75,0.125,0.018125,3.7196408450603484,2.50023039996624,0.0121875,0.922544686794281
269,864000,-361.08899688720703,-3.610889943242073,-361.08899688720703,-3.610889943242073,0.0,361.08899688720703,3.610889943242073,313.4948844909668,3.134948994517326,1.7956276786327363,0.0115625,0.004135922708296727,nan,nan,nan,nan,nan,nan,nan,nan,nan,nan,8640,-0.0007867166913485768,0.016320590488612653,1.2436179041862487,-0.0002376022282987833,0.042586644366383555,0.042586644366383555,0.06280040629208088,0.0007385310051190939,0.003996875020675361,0.9009841084480286,1.0,0.006120192307692307,0.0004025480769230769,3,0.75,0.75,0.15625,0.0115625,3.5916688537597654,2.1966129475831986,0.0071875,0.9584375417232514
270,867200,-344.88296723365784,-3.4488298439979554,-344.88296723365784,-3.4488298439979554,0.0,344.88296723365784,3.4488298439979554,329.700914144516,3.2970090937614436,1.3895947575569152,0.0034375,0.001438528432123967,nan,nan,nan,nan,nan,nan,nan,nan,nan,nan,8672,-0.0007473018844146306,0.01582648828625679,1.268637466430664,-0.0005800656508654356,0.04383458476513624,0.04383458476513624,0.06058629527688027,0.002256041720103451,0.01738749958894914,0.9061552286148071,1.0,0.006105769230769231,0.0004014423076923077,3,0.75,0.75,0.0625,0.0034375,4.021392233371735,2.244289528131485,0.0028125,0.9215625423192978
271,870400,-347.8166399002075,-3.478166340589523,-347.8166399002075,-3.478166340589523,0.0,347.8166399002075,3.478166340589523,326.7672414779663,3.267672597169876,1.7742310690879821,0.021875,0.007885067773821494,nan,nan,nan,nan,nan,nan,nan,nan,nan,nan,8704,-0.0009769990505184955,0.026078073680400847,1.2589550733566284,0.004393306560814381,0.04532106127589941,0.04532106127589941,0.09820475541055203,0.0013483518148873451,0.010031249734311132,0.8565664291381836,1.0,0.006091346153846154,0.0004003365384615385,3,0.75,0.75,0.15625,0.021875,3.864788227081299,2.2152147662639616,0.0140625,0.9467857593297958
272,873600,-313.4251827597618,-3.1342518964409827,-313.4251827597618,-3.1342518964409827,0.0,313.4251827597618,3.1342518964409827,361.158698618412,3.6115870413184163,1.4409285110235215,0.0134375,0.005505077243890864,nan,nan,nan,nan,nan,nan,nan,nan,nan,nan,8736,-0.0009503208370006177,0.01462123217061162,1.2467689871788026,-0.0012162239756435156,0.051012613251805304,0.051012613251805304,0.0811212819069624,0.0012335684557925092,0.009531249915016814,0.9066935777664185,1.0,0.006076923076923077,0.00039923076923076924,3,0.75,0.75,0.15625,0.0134375,3.200403584241867,1.9804391622543336,0.00875,0.944821475148201
273,876800,-321.31922721862793,-3.2131920874118807,-321.31922721862793,-3.2131920874118807,0.0,321.31922721862793,3.2131920874118807,353.2646541595459,3.5326468503475184,1.3230114424228667,0.0021875,0.0009416656156107738,nan,nan,nan,nan,nan,nan,nan,nan,nan,nan,8768,-0.0010009889526758297,0.014097708556801081,1.251643753051758,-0.0015402252320200205,0.04398328326642513,0.04398328326642513,0.08461835496127605,0.0014037583248878661,0.004706250061281026,0.9111040234565735,1.0,0.0060625,0.000398125,3,0.75,0.75,0.03125,0.0021875,3.503519036769867,2.0126384788751603,0.0021875,0.9322321832180023
274,880000,-328.4742283821106,-3.284742033481598,-328.4742283821106,-3.284742033481598,0.0,328.4742283821106,3.284742033481598,346.10965299606323,3.461096904277801,1.80923466026783,0.0215625,0.007675578087145005,nan,nan,nan,nan,nan,nan,nan,nan,nan,nan,8800,-0.0006939835068653366,0.019033024832606316,1.2163147926330566,0.00146616380661726,0.042196447402238844,0.042196447402238844,0.07652765363454819,0.001414278775702415,0.00756875000661239,0.9099066257476807,1.0,0.0060480769230769225,0.0003970192307692308,3,0.75,0.75,0.28125,0.0215625,3.7506629741191864,2.2932150769233703,0.0134375,0.9411607569456101
275,883200,-341.05510917305946,-3.4105512431263922,-341.05510917305946,-3.4105512431263922,0.0,341.05510917305946,3.4105512431263922,333.52877220511436,3.335287694633007,1.7637953925132752,0.0234375,0.008480186363827373,nan,nan,nan,nan,nan,nan,nan,nan,nan,nan,8832,-0.001033275080454743,0.01993635166436434,1.2046590924263,0.0016664048656821252,0.05377140715718269,0.05377140715718269,0.06346302479505539,0.001616289153391013,0.011212500085821375,0.9099310040473938,1.0,0.006033653846153846,0.00039591346153846154,3,0.75,0.75,0.21875,0.0234375,4.47177235364914,2.1515428733825686,0.016875,0.9019643241167068
276,886400,-279.1642735898495,-2.7916427448391916,-279.1642735898495,-2.7916427448391916,0.0,279.1642735898495,2.7916427448391916,395.41960778832436,3.9541961929202074,1.2240563827753066,0.014375,0.006463415276397823,nan,nan,nan,nan,nan,nan,nan,nan,nan,nan,8864,-0.0009086464616760992,0.012872290052473544,1.2175785422325134,-0.00180138791911304,0.045051783323287964,0.045051783323287964,0.09157833606004714,0.0015115781221553349,0.006528125022305176,0.9286991357803345,1.0,0.006019230769230769,0.00039480769230769235,3,0.75,0.75,0.25,0.014375,3.4303847515583037,1.4389615440368653,0.013125,0.9456696826219558
277,889600,-300.3786961734295,-3.0037870317697526,-300.3786961734295,-3.0037870317697526,0.0,300.3786961734295,3.0037870317697526,374.20518520474434,3.7420519059896464,1.1910396736860276,0.0153125,0.006988691343155593,nan,nan,nan,nan,nan,nan,nan,nan,nan,nan,8896,-0.0009923904830589692,0.017387425247579812,1.2332187175750733,0.0002960811369121075,0.04911756813526154,0.04911756813526154,0.0948792576789856,0.0015936689989772275,0.008896874904166907,0.8984620571136475,1.0,0.006004807692307692,0.0003937019230769231,3,0.75,0.75,0.21875,0.0153125,3.630895119905472,1.7372348219156266,0.0109375,0.9124553990364075
278,892800,-320.3801734447479,-3.203801571726799,-320.3801734447479,-3.203801571726799,0.0,320.3801734447479,3.203801571726799,354.2037079334259,3.5420373660326,1.1361175626516342,0.005625,0.0026332820338865145,nan,nan,nan,nan,nan,nan,nan,nan,nan,nan,8928,-0.0012017898230347601,0.01447710832580924,1.2281501173973084,-0.0013203273061662912,0.04748176969587803,0.04748176969587803,0.0755185816437006,0.002320960716316757,0.0195593754760921,0.8841844797134399,1.0,0.005990384615384615,0.00039259615384615385,3,0.75,0.75,0.125,0.005625,3.354377707242966,1.5333160012960434,0.00375,0.9213839679956436
279,896000,-294.84541141986847,-2.9484541358053686,-294.84541141986847,-2.9484541358053686,0.0,294.84541141986847,2.9484541358053686,379.73846995830536,3.7973848019540304,1.499969339966774,0.02625,0.010500128773718831,nan,nan,nan,nan,nan,nan,nan,nan,nan,nan,8960,-0.0015782467332552176,0.015118779242038726,1.207321321964264,-0.001233763131313026,0.06367643624544143,0.06367643624544143,0.0713886808604002,0.0020470751631379465,0.01206250002142042,0.917783796787262,1.0,0.005975961538461538,0.0003914903846153846,3,0.75,0.75,0.1875,0.02625,3.0973658955097196,1.9003301739692688,0.0196875,0.9697768265008926
280,899200,-335.6215057373047,-3.35621485888958,-335.6215057373047,-3.35621485888958,0.0,335.6215057373047,3.35621485888958,338.96237564086914,3.389624078869819,1.4727404767274856,0.0053125,0.002148426027720772,-220.01827505230904,-2.20018275052309,-220.01827505230904,-2.20018275052309,100.0,1.8126746910065412,0.045,0.015999006263997185,220.01827505230904,389.1981721818447,8992,-0.0008985664651845581,0.012791584338992834,1.1735175848007202,-0.0014987442642450332,0.04240764304995537,0.04240764304995537,0.0732456836849451,0.0019151703359981404,0.010843749761988875,0.9294978380203247,1.0,0.005961538461538461,0.00039038461538461536,3,0.75,0.75,0.15625,0.0053125,3.8072165560722353,1.8544796746969223,0.001875,0.9528571826219558
281,902400,-307.6082125008106,-3.0760821448266507,-307.6082125008106,-3.0760821448266507,0.0,307.6082125008106,3.0760821448266507,366.9756688773632,3.6697567929327484,1.2262263584136963,0.0165625,0.007439719657169837,nan,nan,nan,nan,nan,nan,nan,nan,nan,nan,9024,-0.0012656331480131121,0.014270726963877678,1.1686809659004211,-0.0010805501602590083,0.07022202238440514,0.07022202238440514,0.060287734121084215,0.0019245855251953596,0.015790624727378598,0.8877009153366089,1.0,0.005947115384615384,0.00038927884615384616,3,0.75,0.75,0.125,0.0165625,2.7132520192861556,1.917941414117813,0.0109375,0.9348661124706268
282,905600,-235.09599113464355,-2.3509599182754757,-235.09599113464355,-2.3509599182754757,0.0,235.09599113464355,2.3509599182754757,439.4878902435303,4.394879019483923,1.239476882517338,0.0578125,0.025815180523325817,nan,nan,nan,nan,nan,nan,nan,nan,nan,nan,9056,-0.0007467816934425997,0.022023460641503335,1.1776512503623962,0.0032783058937638997,0.05049797333776951,0.05049797333776951,0.08332974836230278,0.0007330596096851311,0.0038499999609484803,0.8487815260887146,1.0,0.005932692307692307,0.0003881730769230769,3,0.75,0.75,0.375,0.0578125,2.932956988811493,1.9001060885190963,0.0384375,0.9213839721679687
283,908800,-240.71120238304138,-2.4071119385957718,-240.71120238304138,-2.4071119385957718,0.0,240.71120238304138,2.4071119385957718,433.87267899513245,4.338726999163628,1.133115074634552,0.0271875,0.012745444595696648,nan,nan,nan,nan,nan,nan,nan,nan,nan,nan,9088,-0.0010299739559879618,0.014586885832250119,1.1679773569107055,-0.0006489353254437447,0.05786179229617119,0.05786179229617119,0.06204192340373993,0.001467315672199853,0.008231249898381065,0.8981393575668335,1.0,0.00591826923076923,0.0003870673076923077,3,0.75,0.75,0.25,0.0271875,3.345943020582199,1.3364868372678758,0.0178125,0.9477232575416565
284,912000,-275.23893490433693,-2.752389284223318,-275.23893490433693,-2.752389284223318,0.0,275.23893490433693,2.752389284223318,399.3449464738369,3.993449653536081,1.3765401154756547,0.024375,0.010256506861076672,nan,nan,nan,nan,nan,nan,nan,nan,nan,nan,9120,-0.0007749978300067184,0.01791952345520258,1.1874088644981384,0.0011744846124202013,0.05101780407130718,0.05101780407130718,0.11968655586242676,0.0010479852480800532,0.004978124995250255,0.8601640462875366,1.0,0.005903846153846154,0.0003859615384615385,3,0.75,0.75,0.28125,0.024375,3.2154732263088226,1.7401518797874451,0.0178125,0.9241071861982345
285,915200,-285.57766473293304,-2.8557766661047936,-285.57766473293304,-2.8557766661047936,0.0,285.57766473293304,2.8557766661047936,389.0062166452408,3.8900622716546054,1.6662898081541062,0.0396875,0.014884916065247977,nan,nan,nan,nan,nan,nan,nan,nan,nan,nan,9152,-0.0008622027388424658,0.023305558413267136,1.1727508187294007,0.0038837505970150234,0.04417329467833042,0.04417329467833042,0.09663027599453926,0.0011579997553796842,0.005296875035855919,0.8571186065673828,1.0,0.005889423076923077,0.0003848557692307692,3,0.75,0.75,0.3125,0.0396875,3.858739949464798,2.0263829374313356,0.02625,0.9109375452995301
286,918400,-277.23518085479736,-2.7723518807440994,-277.23518085479736,-2.7723518807440994,0.0,277.23518085479736,2.7723518807440994,397.34870052337646,3.9734870570152996,1.628508022427559,0.0390625,0.014861092173469504,nan,nan,nan,nan,nan,nan,nan,nan,nan,nan,9184,-0.0009907434949651406,0.015438001044094563,1.1845951437950135,-0.00023123915307223796,0.06131487898528576,0.06131487898528576,0.08162555508315564,0.001386943203762415,0.006953125062136678,0.9167908430099487,1.0,0.005875,0.00038375000000000003,3,0.75,0.75,0.3125,0.0390625,4.668649533987045,2.0962797200679777,0.034375,0.9034821844100952
287,921600,-181.80454564094543,-1.8180454796552659,-181.80454564094543,-1.8180454796552659,0.0,181.80454564094543,1.8180454796552659,492.7793357372284,4.927793458104134,1.2262980246543884,0.0815625,0.03663593063316929,nan,nan,nan,nan,nan,nan,nan,nan,nan,nan,9216,-0.0009422044027946441,0.02428860329091549,1.1850471496582031,0.0042570372577756645,0.048754256963729856,0.048754256963729856,0.10232495814561844,0.0010636215003630791,0.006115625052188989,0.8549320697784424,1.0,0.005860576923076923,0.0003826442307692308,3,0.75,0.75,0.40625,0.0815625,3.3007076370716093,1.3863179916143418,0.05625,0.9398661172389984
288,924800,-273.8570491671562,-2.738570269048214,-273.8570491671562,-2.738570269048214,0.0,273.8570491671562,2.738570269048214,400.7268322110176,4.007268668711185,1.6673157888650894,0.0665625,0.024954862966683648,nan,nan,nan,nan,nan,nan,nan,nan,nan,nan,9248,-0.0009770250409375514,0.026695363596081732,1.165981686115265,0.00555414822883904,0.07919654436409473,0.07919654436409473,0.11456766501069068,0.00160797285716552,0.009565624844981357,0.881915271282196,1.0,0.0058461538461538455,0.00038153846153846153,3,0.75,0.75,0.3125,0.0665625,3.701162391901016,2.076734543442726,0.044375,0.953080399632454
289,928000,-374.64521074295044,-3.746452139168978,-374.64521074295044,-3.746452139168978,0.0,374.64521074295044,3.746452139168978,299.9386706352234,2.9993867985904212,1.7822362887859344,0.023125,0.008311659255257179,nan,nan,nan,nan,nan,nan,nan,nan,nan,nan,9280,-0.0008683847495238207,0.023161477968096734,1.1444801807403564,0.004038054263219237,0.04756205715239048,0.04756205715239048,0.09481065683066844,0.0016213817343684656,0.011365625233156606,0.8984410762786865,1.0,0.005831730769230769,0.0003804326923076923,3,0.75,0.75,0.1875,0.023125,4.518346828222275,2.345010468363762,0.014375,0.9380357539653779
290,931200,-203.64914691448212,-2.0364914993196725,-203.64914691448212,-2.0364914993196725,0.0,203.64914691448212,2.0364914993196725,470.9347344636917,4.7093474384397265,1.0584636691212654,0.07375,0.03582769086786118,nan,nan,nan,nan,nan,nan,nan,nan,nan,nan,9312,-0.0010002703758189568,0.028099752403795718,1.1580788612365722,0.006312704831361771,0.0614855095744133,0.0614855095744133,0.12130276933312416,0.0013448173602244274,0.0057062499690800905,0.8700496554374695,1.0,0.005817307692307692,0.0003793269230769231,3,0.75,0.75,0.3125,0.07375,3.1473441064357757,1.2389999786019326,0.045,0.9572768270969391
291,934400,-262.85780012607574,-2.6285778257250785,-262.85780012607574,-2.6285778257250785,0.0,262.85780012607574,2.6285778257250785,411.7260812520981,4.1172611120343205,1.3208619806170463,0.0540625,0.023294146938296796,nan,nan,nan,nan,nan,nan,nan,nan,nan,nan,9344,-0.000773737023159704,0.01977641861885786,1.1331857681274413,0.0025387259665876627,0.04976330772042274,0.04976330772042274,0.09600594751536846,0.0011148700643405565,0.006290624907705933,0.9134806394577026,1.0,0.005802884615384615,0.00037822115384615384,3,0.75,0.75,0.3125,0.0540625,3.318176851272583,1.7751280546188355,0.0396875,0.9613839745521545
292,937600,-309.51664024591446,-3.095166417658329,-309.51664024591446,-3.095166417658329,0.0,309.51664024591446,3.095166417658329,365.06724113225937,3.65067252010107,1.7295386266708375,0.04625,0.01694425554124148,nan,nan,nan,nan,nan,nan,nan,nan,nan,nan,9376,-0.000718218184396413,0.027912875823676585,1.1527485966682434,0.006565578421577812,0.045448651537299156,0.045448651537299156,0.10080588161945343,0.0012846492347323936,0.005037500016624108,0.894032895565033,1.0,0.005788461538461538,0.0003771153846153846,3,0.75,0.75,0.28125,0.04625,4.777869236469269,2.255999440550804,0.0325,0.925312539935112
293,940800,-229.11441385746002,-2.291144144386053,-229.11441385746002,-2.291144144386053,0.0,229.11441385746002,2.291144144386053,445.4694675207138,4.454694793373346,1.3841789913177491,0.0775,0.03250594870696571,nan,nan,nan,nan,nan,nan,nan,nan,nan,nan,9408,-0.0009514774855924557,0.026222696527838707,1.1467251658439637,0.0055386355612427,0.040532377734780314,0.040532377734780314,0.12799669951200485,0.0015353397815504718,0.007424999820068478,0.9206244349479675,1.0,0.0057740384615384615,0.0003760096153846154,3,0.75,0.75,0.375,0.0775,3.321415355205536,1.8601985365152358,0.04875,0.9032143306732178
294,944000,-325.95447012782097,-3.2595446142554283,-325.95447012782097,-3.2595446142554283,0.0,325.95447012782097,3.2595446142554283,348.62941125035286,3.4862943235039707,1.7194533932209015,0.04875,0.01792639657716687,nan,nan,nan,nan,nan,nan,nan,nan,nan,nan,9440,-0.001196246845100468,0.020723955146968363,1.1251343846321107,0.002685389295220375,0.06785220205783844,0.06785220205783844,0.08719145357608796,0.002262803316263545,0.01628437499748543,0.9449639916419983,1.0,0.005759615384615385,0.00037490384615384615,3,0.75,0.75,0.34375,0.04875,3.9089402782917024,2.108160125017166,0.0346875,0.9542411136627197
295,947200,-217.85726073384285,-2.178572732210159,-217.85726073384285,-2.178572732210159,0.0,217.85726073384285,2.178572732210159,456.726620644331,4.56726620554924,1.1457867750525474,0.0865625,0.040340681099537576,nan,nan,nan,nan,nan,nan,nan,nan,nan,nan,9472,-0.0009069311289582771,0.02669228781014681,1.1171136498451233,0.0060211796779185535,0.08469338491559028,0.08469338491559028,0.096324572712183,0.0014334922729193583,0.008287500035658013,0.905499279499054,1.0,0.005745192307692308,0.00037379807692307696,3,0.75,0.75,0.375,0.0865625,3.574201740026474,1.4737287172675133,0.0603125,0.961339328289032
296,950400,-192.8532874584198,-1.9285328026115893,-192.8532874584198,-1.9285328026115893,0.0,192.8532874584198,1.9285328026115893,481.730593919754,4.81730613514781,1.1238495221734046,0.080625,0.037961729001164735,nan,nan,nan,nan,nan,nan,nan,nan,nan,nan,9504,-0.0006580392632051346,0.027215133793652056,1.1227598547935487,0.0065152501221746205,0.07879845350980759,0.07879845350980759,0.09657517299056054,0.0010664782021211768,0.003915625053923577,0.897053062915802,1.0,0.00573076923076923,0.0003726923076923077,3,0.75,0.75,0.46875,0.080625,3.03753447830677,1.6550663045048715,0.0525,0.91700896859169
297,953600,-250.76571768522263,-2.5076573775708675,-250.76571768522263,-2.5076573775708675,0.0,250.76571768522263,2.5076573775708675,423.8181636929512,4.238181560188531,1.3863595792651175,0.090625,0.03797625504028529,nan,nan,nan,nan,nan,nan,nan,nan,nan,nan,9536,-0.0008363329649437645,0.02282182276248932,1.1234750747680664,0.004152406007051468,0.06589319929480553,0.06589319929480553,0.08959601409733295,0.0009600196273839668,0.0037499999452847987,0.952358603477478,1.0,0.0057163461538461535,0.00037158653846153846,3,0.75,0.75,0.375,0.090625,3.8683452105522154,1.8100590214133263,0.06625,0.9442857545614243
298,956800,-146.43786066770554,-1.464378559589386,-146.43786066770554,-1.464378559589386,0.0,146.43786066770554,1.464378559589386,528.1460207104683,5.281460378170014,1.2945792764425277,0.141875,0.06183050699383998,nan,nan,nan,nan,nan,nan,nan,nan,nan,nan,9568,-0.0004168368532366351,0.043844553828239444,1.1226083040237427,0.015104413591325283,0.03465100601315498,0.03465100601315498,0.13846467137336732,0.0006932666925439371,0.0016531249799299984,0.9002323150634766,1.0,0.005701923076923077,0.0003704807692307692,3,0.75,0.75,0.625,0.141875,2.5865974932909013,1.7879571029543877,0.0925,0.9283036130666733
299,960000,-208.24705189466476,-2.0824705739319325,-208.24705189466476,-2.0824705739319325,0.0,208.24705189466476,2.0824705739319325,466.33682948350906,4.663368363827466,1.0266215190291406,0.04875,0.024054812179905127,nan,nan,nan,nan,nan,nan,nan,nan,nan,nan,9600,-0.0009162929536833175,0.018779985792934894,1.1519840955734253,0.0019217904657125473,0.06441338062286377,0.06441338062286377,0.09036983177065849,0.0019006290778650736,0.013828125118016033,0.9476478695869446,1.0,0.0056875,0.000369375,3,0.75,0.75,0.375,0.04875,2.691974065899849,1.5137780380249024,0.0325,0.9386161088943481
300,963200,-144.98960918188095,-1.449895947277546,-144.98960918188095,-1.449895947277546,0.0,144.98960918188095,1.449895947277546,529.5942721962929,5.295942990481853,1.1648431360721587,0.11625,0.05369904085102504,-68.3664308488369,-0.683664308488369,-68.3664308488369,-0.683664308488369,100.0,1.7152530620153994,0.18,0.06629216352541181,68.3664308488369,540.8500163853168,9632,-0.0010712009524810107,0.024725804477930068,1.1080691456794738,0.005005539953708648,0.06741503290832043,0.06741503290832043,0.10363033041357994,0.0019138895360828433,0.013493749883491547,0.9373137354850769,1.0,0.005673076923076923,0.00036826923076923077,3,0.75,0.75,0.4375,0.11625,2.791175824403763,1.5319567146897315,0.0778125,0.9290625417232513
301,966400,-114.89811491966248,-1.1489811681210995,-114.89811491966248,-1.1489811681210995,0.0,114.89811491966248,1.1489811681210995,559.6857664585114,5.5968577696383,1.1234048748016356,0.12875,0.060633749845764855,nan,nan,nan,nan,nan,nan,nan,nan,nan,nan,9664,-0.0012091163578559438,0.025290818698704243,1.1168365836143495,0.005116501264274121,0.0739480722695589,0.0739480722695589,0.11096209213137627,0.0019079197903937868,0.012156249978579581,0.9467154741287231,1.0,0.005658653846153845,0.0003671634615384615,3,0.75,0.75,0.5,0.12875,3.0596703797578813,1.410670528113842,0.083125,0.9362946856021881
302,969600,-201.71991163492203,-2.0171990783512594,-201.71991163492203,-2.0171990783512594,0.0,201.71991163492203,2.0171990783512594,472.8639697432518,4.72863985940814,1.2734905529022216,0.0853125,0.03752489751545017,nan,nan,nan,nan,nan,nan,nan,nan,nan,nan,9696,-0.001163111731817512,0.02615107800811529,1.1036545753479003,0.005683146277442574,0.060098173841834066,0.060098173841834066,0.10444593131542206,0.001820685275744767,0.010949999908916652,0.9538310170173645,1.0,0.005644230769230769,0.00036605769230769233,3,0.75,0.75,0.40625,0.0853125,3.2052147686481476,1.5099790215492248,0.0565625,0.9405804008245469
303,972800,-134.79517036676407,-1.3479517936706542,-134.79517036676407,-1.3479517936706542,0.0,134.79517036676407,1.3479517936706542,539.7887110114098,5.397887144088745,1.170683746635914,0.12125,0.05585797571291121,nan,nan,nan,nan,nan,nan,nan,nan,nan,nan,9728,-0.0008499819123681362,0.026345016434788704,1.1077298283576966,0.006086220359429717,0.05482949391007423,0.05482949391007423,0.11321400925517082,0.0015798335203743984,0.010621875082142651,0.9484405517578125,1.0,0.005629807692307692,0.0003649519230769231,3,0.75,0.75,0.6875,0.12125,2.7986234819889066,1.4949111086130142,0.0884375,0.9190179002285004
304,976000,-147.6632682979107,-1.476632673740387,-147.6632682979107,-1.476632673740387,0.0,147.6632682979107,1.476632673740387,526.9206130802631,5.269206264019012,1.0230580314993858,0.108125,0.053446316574450085,nan,nan,nan,nan,nan,nan,nan,nan,nan,nan,9760,-0.000686029513308295,0.023949960619211196,1.1131489634513856,0.005038191098719835,0.056970220431685446,0.056970220431685446,0.0876702457666397,0.0016509084256557927,0.010918750159908086,0.9472585916519165,1.0,0.005615384615384615,0.0003638461538461539,3,0.75,0.75,0.71875,0.108125,2.784917697906494,1.5243074861168862,0.073125,0.9438839673995971
305,979200,-156.14132431149483,-1.5614134280383587,-156.14132431149483,-1.5614134280383587,0.0,156.14132431149483,1.5614134280383587,518.442557066679,5.1844255097210405,1.0015787211060525,0.10625,0.05308309829617258,nan,nan,nan,nan,nan,nan,nan,nan,nan,nan,9792,-0.0007452451210094302,0.021877376176416875,1.1465320229530334,0.0037717613391578197,0.05574958808720112,0.05574958808720112,0.11072796806693078,0.0010135225646099115,0.005684374924749136,0.9425519704818726,1.0,0.005600961538461538,0.00036274038461538464,3,0.75,0.75,0.59375,0.10625,2.975938510298729,1.3317925029993056,0.066875,0.8870982563495636
306,982400,-220.1401642560959,-2.201401876360178,-220.1401642560959,-2.201401876360178,0.0,220.1401642560959,2.201401876360178,454.44371712207794,4.544437061399221,1.2960806065797805,0.0890625,0.038788925678296046,nan,nan,nan,nan,nan,nan,nan,nan,nan,nan,9824,-0.0006953724445367904,0.02516300342977047,1.1222028017044068,0.005616900231689215,0.05063116289675236,0.05063116289675236,0.11806074604392051,0.0009955725945491544,0.0037249999524647135,0.9566056132316589,1.0,0.005586538461538461,0.0003616346153846154,3,0.75,0.75,0.40625,0.0890625,3.466254824399948,1.611339884698391,0.055625,0.9341071814298629
307,985600,-135.28796696662903,-1.3528799188137055,-135.28796696662903,-1.3528799188137055,0.0,135.28796696662903,1.3528799188137055,539.2959144115448,5.392959018945693,1.0515637654066086,0.110625,0.05392228204911522,nan,nan,nan,nan,nan,nan,nan,nan,nan,nan,9856,-0.0015954913101624336,0.02501201070845127,1.1014280438423156,0.0047732297331094745,0.08771726042032242,0.08771726042032242,0.13267507404088974,0.0018816997668199837,0.01279999976977706,0.9414557814598083,1.0,0.0055721153846153846,0.0003605288461538462,3,0.75,0.75,0.625,0.110625,2.9970452600717543,1.343864333331585,0.06875,0.9387946903705597
308,988800,-123.83351612091064,-1.2383351942896843,-123.83351612091064,-1.2383351942896843,0.0,123.83351612091064,1.2383351942896843,550.7503652572632,5.507503743469715,1.1987815146148204,0.156875,0.07134633384776347,nan,nan,nan,nan,nan,nan,nan,nan,nan,nan,9888,-0.0008349157538497798,0.03138404786586761,1.0923191070556642,0.00878633470274508,0.077974109724164,0.077974109724164,0.16158883795142173,0.0013732219369576603,0.011459375103004276,0.938712477684021,1.0,0.005557692307692307,0.0003594230769230769,3,0.75,0.75,0.6875,0.156875,2.7490364453196525,1.6696097615361214,0.1178125,0.939241116642952
309,992000,-162.90286648273468,-1.6290287134051322,-162.90286648273468,-1.6290287134051322,0.0,162.90286648273468,1.6290287134051322,511.68101489543915,5.116810224354267,1.058589562177658,0.13125,0.0637572454516667,nan,nan,nan,nan,nan,nan,nan,nan,nan,nan,9920,-0.0009879047996364855,0.02518418338149786,1.1122458100318908,0.0054387087933719155,0.07557341679930688,0.07557341679930688,0.11883629858493805,0.0018944282681350045,0.01093124999824795,0.9488817453384399,1.0,0.00554326923076923,0.0003583173076923077,3,0.75,0.75,0.59375,0.13125,3.2788594937324524,1.6532885664701462,0.08875,0.9442411154508591
310,995200,-103.89741975069046,-1.0389741735160352,-103.89741975069046,-1.0389741735160352,0.0,103.89741975069046,1.0389741735160352,570.6864616274834,5.706864764243364,1.001240509748459,0.1603125,0.08010656351352297,nan,nan,nan,nan,nan,nan,nan,nan,nan,nan,9952,-0.0008012552754371072,0.024485152401030063,1.0818297624588014,0.005460050562396646,0.11882141381502151,0.11882141381502151,0.144114850461483,0.0017780061811227695,0.014174999761962681,0.9610698819160461,1.0,0.005528846153846153,0.00035721153846153845,3,0.75,0.75,0.71875,0.1603125,3.0465435183048246,1.2440771768987178,0.105625,0.9524554026126861
311,998400,-90.34694081544876,-0.9034692585468292,-90.34694081544876,-0.9034692585468292,0.0,90.34694081544876,0.9034692585468292,584.2369405627251,5.8423696792125694,0.8785904425382615,0.1671875,0.0889962475131643,nan,nan,nan,nan,nan,nan,nan,nan,nan,nan,9984,-0.0010551416698028504,0.027976709604263305,1.10167635679245,0.0068581037689000365,0.08016470037400722,0.08016470037400722,0.1652776926755905,0.0021143923659129498,0.012828125047235517,0.942400336265564,1.0,0.0055144230769230765,0.00035610576923076926,3,0.75,0.75,0.71875,0.1671875,3.274864308834076,1.0510377994179725,0.120625,0.9443303990364075
312,1001600,-174.49507874250412,-1.7449506443738938,-174.49507874250412,-1.7449506443738938,0.0,174.49507874250412,1.7449506443738938,500.0888026356697,5.000888293385505,1.2384836180508136,0.141875,0.0633799590293805,nan,nan,nan,nan,nan,nan,nan,nan,nan,nan,10016,-0.001202616207126983,0.03264880534261465,1.0945788621902466,0.009101602435111999,0.06417715102434159,0.06417715102434159,0.1687822498381138,0.0019919129517822274,0.011109375100932083,0.9258806705474854,1.0,0.0055,0.000355,3,0.75,0.75,0.625,0.141875,3.0019745272397995,1.9650605946779252,0.0971875,0.9379018276929856
313,1004800,-200.24656510353088,-2.002465794980526,-200.24656510353088,-2.002465794980526,0.0,200.24656510353088,2.002465794980526,474.33731627464294,4.743373142778873,1.2793658325076103,0.1,0.04387185179922895,nan,nan,nan,nan,nan,nan,nan,nan,nan,nan,10048,-0.000799206188035928,0.020818944554775953,1.0813259124755858,0.003678569430485368,0.07314857095479965,0.07314857095479965,0.1268611766397953,0.0016554310481316497,0.008806250127963721,0.9457023739814758,1.0,0.005485576923076923,0.00035389423076923076,3,0.75,0.75,0.6875,0.1,3.8290835785865784,1.5186185124516487,0.0778125,0.9711161184310914
314,1008000,-131.73884397745132,-1.3173883745074273,-131.73884397745132,-1.3173883745074273,0.0,131.73884397745132,1.3173883745074273,542.8450374007225,5.428450563251972,1.3015796309709549,0.165,0.07168989409694783,nan,nan,nan,nan,nan,nan,nan,nan,nan,nan,10080,-0.0007420334427035158,0.030572738125920297,1.0485835909843444,0.008807373838499189,0.06922613531351089,0.06922613531351089,0.17694086581468582,0.0014308602156254356,0.01039062490381184,0.9412041902542114,1.0,0.005471153846153846,0.00035278846153846157,3,0.75,0.75,0.625,0.165,3.921851346492767,1.6956370317935943,0.11125,0.9533929020166397
315,1011200,-108.68506008386612,-1.0868506884574891,-108.68506008386612,-1.0868506884574891,0.0,108.68506008386612,1.0868506884574891,565.8988212943077,5.65898824930191,0.9560152103006839,0.1703125,0.08707115318076648,nan,nan,nan,nan,nan,nan,nan,nan,nan,nan,10112,-0.0006765726823039608,0.027718804031610488,1.034744954109192,0.007536504743620753,0.056594697386026384,0.056594697386026384,0.1056967943906784,0.0009049811425958759,0.0038718750278349035,0.9365107417106628,1.0,0.005456730769230769,0.0003516826923076923,3,0.75,0.75,0.75,0.1703125,3.4936818104982374,1.3066552260518074,0.116875,0.9354911208152771
316,1014400,-78.27220928668976,-0.7827220284938812,-78.27220928668976,-0.7827220284938812,0.0,78.27220928668976,0.7827220284938812,596.3116720914841,5.963116909265517,1.0969315376877784,0.1890625,0.09016150341678458,nan,nan,nan,nan,nan,nan,nan,nan,nan,nan,10144,-0.0007769694534072614,0.03342991229146719,1.0562562227249146,0.010189514886587859,0.05293005108833313,0.05293005108833313,0.1333646446466446,0.0016167740635885323,0.009178125008475035,0.9223024249076843,1.0,0.0054423076923076925,0.0003505769230769231,3,0.75,0.75,0.75,0.1890625,2.699022619128227,1.7556649115681648,0.121875,0.9303571850061416
317,1017600,-165.2884505391121,-1.652884236127138,-165.2884505391121,-1.652884236127138,0.0,165.2884505391121,1.652884236127138,509.29543083906174,5.0929547016322605,1.1951869659125804,0.1434375,0.06534181471889813,nan,nan,nan,nan,nan,nan,nan,nan,nan,nan,10176,-0.0007169964632310233,0.02399277426302433,1.052412223815918,0.005567018780857325,0.05763109140098095,0.05763109140098095,0.13581585884094238,0.0010807371043504792,0.004359374998603016,0.9456102848052979,1.0,0.005427884615384616,0.0003494711538461539,3,0.75,0.75,0.75,0.1434375,3.571076158285141,1.8992594546079635,0.1121875,0.9539732569456101
318,1020800,-26.139203161001205,-0.26139193564653396,-26.139203161001205,-0.26139193564653396,0.0,26.139203161001205,0.26139193564653396,648.4446782171726,6.484447002112865,1.3140261594951153,0.2590625,0.111953142334624,nan,nan,nan,nan,nan,nan,nan,nan,nan,nan,10208,-0.0010981443408003776,0.03146772738546133,1.0143582463264464,0.009144530165940523,0.06504063792526722,0.06504063792526722,0.14225974231958388,0.0017322282146800497,0.009471875033341348,0.9206154346466064,1.0,0.005413461538461539,0.00034836538461538463,3,0.75,0.75,0.84375,0.2590625,2.429535620510578,2.1147035071253777,0.185625,0.9621875458955764
319,1024000,-151.35224604606628,-1.5135223808884621,-151.35224604606628,-1.5135223808884621,0.0,151.35224604606628,1.5135223808884621,523.2316353321075,5.232316556870937,0.9375613278150559,0.136875,0.07064292522515964,nan,nan,nan,nan,nan,nan,nan,nan,nan,nan,10240,-0.001002480090496838,0.020733035914599896,1.0070273756980896,0.003927058214321733,0.05540410131216049,0.05540410131216049,0.10832153782248496,0.0013537907754674673,0.007431250076479046,0.9502538442611694,1.0,0.005399038461538461,0.00034725961538461543,3,0.75,0.75,0.75,0.136875,2.71385994464159,1.3255916960537433,0.09625,0.9358928996324539
320,1027200,62.92346277832985,0.6292345529794693,62.92346277832985,0.6292345529794693,0.0,0.0,0.0,737.5073441565037,7.375073490738869,0.8541929110884666,0.2709375,0.14612152725842942,246.26386055350304,2.4626386055350302,246.26386055350304,2.4626386055350302,100.0,1.5512112687109039,0.475,0.18618607005448506,0.0,855.4803077876568,10272,-0.0007690731993324817,0.028025929629802705,1.0155696272850037,0.00777544011361897,0.09848141483962536,0.09848141483962536,0.17805488780140877,0.001159606863441134,0.006424999900627881,0.9428089261054993,1.0,0.005384615384615384,0.0003461538461538462,3,0.75,0.75,0.90625,0.2709375,1.9451602652668953,1.3602959345281125,0.1821875,0.9647768348455429
321,1030400,60.09965991973877,0.6009966945648193,60.09965991973877,0.6009966945648193,0.0,0.0,0.0,734.6835412979126,7.346835632324218,0.7727414993196726,0.2796875,0.15777116974321187,nan,nan,nan,nan,nan,nan,nan,nan,nan,nan,10304,-0.0008269927684217748,0.029115324653685094,1.0066633343696594,0.008324694028124214,0.0921726644039154,0.0921726644039154,0.12331284210085869,0.0015266248039573552,0.010756250144913793,0.9185606241226196,1.0,0.005370192307692308,0.000345048076923077,3,0.75,0.75,0.9375,0.2796875,2.5209608688950538,1.032462621629238,0.1934375,0.9444196844100952
322,1033600,6.105723857879639,0.061057317703962326,6.105723857879639,0.061057317703962326,0.0,0.0,0.0,680.6896052360535,6.806896255463362,1.1114269177615643,0.2584375,0.12239945310254134,nan,nan,nan,nan,nan,nan,nan,nan,nan,nan,10336,-0.0006536115375638474,0.027965358830988406,0.9943227648735047,0.0080037048086524,0.05309943035244942,0.05309943035244942,0.14662134647369385,0.0008580418354563752,0.002900000018416904,0.9234975576400757,1.0,0.00535576923076923,0.0003439423076923077,3,0.75,0.75,0.8125,0.2584375,3.0273374772071837,1.500432482510805,0.1778125,0.9357143276929856
323,1036800,32.10860612988472,0.32108614668250085,32.10860612988472,0.32108614668250085,0.0,0.0,0.0,706.6924875080585,7.0669250844419,1.156858051866293,0.2809375,0.13025312433375458,nan,nan,nan,nan,nan,nan,nan,nan,nan,nan,10368,-0.0006827912447624485,0.025996213033795356,0.9994956970214843,0.006976662622764707,0.0790794052183628,0.0790794052183628,0.15977272316813468,0.0012769199958733795,0.008684374927543103,0.9249444007873535,1.0,0.005341346153846153,0.00034283653846153844,3,0.75,0.75,0.84375,0.2809375,2.300944837629795,1.4277449423074722,0.205625,0.9355803972482681
324,1040000,16.23481461405754,0.16234822124242781,16.23481461405754,0.16234822124242781,0.0,0.0,0.0,690.8186959922314,6.908187159001827,0.861020545437932,0.2528125,0.1358461628055313,nan,nan,nan,nan,nan,nan,nan,nan,nan,nan,10400,-0.0010838238453958482,0.022364335879683495,1.000439989566803,0.0047690773382782934,0.10031108781695366,0.10031108781695366,0.11357175186276436,0.0016100065935483834,0.01243124987813644,0.9482987523078918,1.0,0.005326923076923076,0.0003417307692307692,3,0.75,0.75,0.875,0.2528125,2.340195806324482,1.0846914479136467,0.1803125,0.9359375375509262
325,1043200,-63.083383947610855,-0.6308338552713394,-63.083383947610855,-0.6308338552713394,0.0,63.083383947610855,0.6308338552713394,611.500497430563,6.11500508248806,1.2405054508149624,0.2109375,0.09414728266930728,nan,nan,nan,nan,nan,nan,nan,nan,nan,nan,10432,-0.0008895818028657132,0.024056451208889485,0.9919489681720733,0.0058689148165285586,0.09197167903184891,0.09197167903184891,0.13678385838866233,0.0015745034288579846,0.01084687494148966,0.9362266659736633,1.0,0.0053124999999999995,0.000340625,3,0.75,0.75,0.84375,0.2109375,3.9845754224061967,1.6075563292205333,0.1621875,0.9259821879863739
326,1046400,39.002685219049454,0.3900269615650177,39.002685219049454,0.3900269615650177,0.0,0.0,0.0,713.5865665972233,7.135865899324417,1.0452513463795186,0.2725,0.13323545806845527,nan,nan,nan,nan,nan,nan,nan,nan,nan,nan,10464,-0.0007036926930595655,0.026811538636684416,0.9729858279228211,0.007547122845426202,0.06372366175055504,0.06372366175055504,0.1725592605769634,0.0009610110533708471,0.005546874925494194,0.9242074489593506,1.0,0.005298076923076923,0.00033951923076923075,3,0.75,0.75,0.875,0.2725,2.3480731955170633,1.4613006630539893,0.1953125,0.9328125441074371
327,1049600,14.054880626499653,0.14054879516363145,14.054880626499653,0.14054879516363145,0.0,0.0,0.0,688.6387620046735,6.886387732923031,0.8501892454177141,0.25375,0.13714813261856967,nan,nan,nan,nan,nan,nan,nan,nan,nan,nan,10496,-0.0010696790992398065,0.028560312278568745,0.9880474150180817,0.007989976555109024,0.07733242772519588,0.07733242772519588,0.15422605127096176,0.0011868372057528408,0.006409374950453639,0.9177142381668091,1.0,0.005283653846153846,0.00033841346153846156,3,0.75,0.75,0.84375,0.25375,3.1739019173383713,1.106879254281521,0.171875,0.9612500405311585
328,1052800,-93.60429373383522,-0.936043076813221,-93.60429373383522,-0.936043076813221,0.0,93.60429373383522,0.936043076813221,580.9795876443386,5.809795860946178,1.1943536038696765,0.191875,0.08744032851480008,nan,nan,nan,nan,nan,nan,nan,nan,nan,nan,10528,-0.0007739191294065861,0.024691432900726795,0.9673469543457032,0.0064746230375021694,0.07734510153532029,0.07734510153532029,0.11657581552863121,0.001956464340039445,0.01682499973976519,0.9300256967544556,1.0,0.005269230769230769,0.0003373076923076923,3,0.75,0.75,0.875,0.191875,2.4598432701826094,1.8281607115268708,0.1284375,0.933750046491623
329,1056000,-52.44881421327591,-0.5244881825149059,-52.44881421327591,-0.5244881825149059,0.0,52.44881421327591,0.5244881825149059,622.1350671648979,6.221350755244493,1.2118507295846939,0.2203125,0.09960550097400413,nan,nan,nan,nan,nan,nan,nan,nan,nan,nan,10560,-0.0010338005416677732,0.024805841594934465,0.9739045917987823,0.006251438707113266,0.07732312977313996,0.07732312977313996,0.13203018456697463,0.0013549981154961526,0.007709375070407987,0.9126622080802917,1.0,0.0052548076923076914,0.00033620192307692306,3,0.75,0.75,0.78125,0.2203125,2.861448515057564,1.6152247473597527,0.1471875,0.9438393270969391
330,1059200,-114.2121729850769,-1.1421219176054,-114.2121729850769,-1.1421219176054,0.0,114.2121729850769,1.1421219176054,560.3717083930969,5.603717020153999,1.0552814531326293,0.205,0.09974303017600926,nan,nan,nan,nan,nan,nan,nan,nan,nan,nan,10592,-0.0013494436313165714,0.0191270356066525,0.9535142779350281,0.0032172927632927893,0.13313275054097176,0.13313275054097176,0.17641339898109437,0.002331377353405143,0.02430937495082617,0.9520651698112488,1.0,0.005240384615384615,0.00033509615384615387,3,0.75,0.75,0.75,0.205,3.5264630556106566,1.68436531201005,0.1346875,0.9398214733600616
331,1062400,-6.017921328544617,-0.06017923146486282,-6.017921328544617,-0.06017923146486282,0.0,6.017921328544617,0.06017923146486282,668.5659600496292,6.685659706294536,1.1810236005485057,0.2509375,0.11505492188937877,nan,nan,nan,nan,nan,nan,nan,nan,nan,nan,10624,-0.0005454408273042555,0.022962060943245887,1.0104951977729797,0.005654780613258481,0.08476539440453053,0.08476539440453053,0.12714919820427895,0.001517388374488796,0.01382500001345761,0.9442939162254333,1.0,0.005225961538461538,0.0003339903846153846,3,0.75,0.75,0.75,0.2509375,2.773793511092663,1.4292292967438698,0.18875,0.9025000417232514
332,1065600,-156.09794834256172,-1.5609794464707374,-156.09794834256172,-1.5609794464707374,0.0,156.09794834256172,1.5609794464707374,518.4859330356121,5.184859491288662,1.374085460603237,0.1940625,0.08174200264496383,nan,nan,nan,nan,nan,nan,nan,nan,nan,nan,10656,-0.000756551143791917,0.019645861349999905,0.981097549200058,0.003953351825475693,0.0507896613329649,0.0507896613329649,0.11510092616081238,0.0012214997164870741,0.0056593748624436556,0.9519351720809937,1.0,0.005211538461538461,0.0003328846153846154,3,0.75,0.75,0.625,0.1940625,3.763045049905777,2.026612463891506,0.13375,0.9503571838140488
333,1068800,-56.925262808799744,-0.5692527362704277,-56.925262808799744,-0.5692527362704277,0.0,56.925262808799744,0.5692527362704277,617.6586185693741,6.176586201488972,1.4074695470929146,0.241875,0.1004685605647933,nan,nan,nan,nan,nan,nan,nan,nan,nan,nan,10688,-0.0007149299089534544,0.023226779885590076,0.9862509429454803,0.005772800138220191,0.06219482496380806,0.06219482496380806,0.1462469480931759,0.001331214372478447,0.004784374969312921,0.930687665939331,1.0,0.005197115384615384,0.0003317788461538462,3,0.75,0.75,0.71875,0.241875,3.2544568610191345,1.9422823180258275,0.164375,0.9495982593297958
334,1072000,-6.65870127081871,-0.06658696353435517,-6.65870127081871,-0.06658696353435517,0.0,6.65870127081871,0.06658696353435517,667.9251801073551,6.679251974225044,0.9716140347719192,0.2471875,0.12537316921087713,nan,nan,nan,nan,nan,nan,nan,nan,nan,nan,10720,-0.0007872594680927491,0.022408312372863292,0.9637767732143402,0.0054219382815063,0.08080866783857346,0.08080866783857346,0.15688736662268638,0.0012224098602041994,0.007740624994039535,0.9216940402984619,1.0,0.005182692307692307,0.00033067307692307693,3,0.75,0.75,0.875,0.2471875,3.0245964989066123,1.52007690384984,0.1840625,0.9366071861982346
335,1075200,-11.551091760396957,-0.1155108691751957,-11.551091760396957,-0.1155108691751957,0.0,11.551091760396957,0.1155108691751957,663.0327896177769,6.630328068584204,0.9252376021444797,0.24,0.12465993793839747,nan,nan,nan,nan,nan,nan,nan,nan,nan,nan,10752,-0.0005955778569332271,0.018674757890403272,0.973809152841568,0.003708892874419689,0.08001239784061909,0.08001239784061909,0.13291875049471855,0.0008113683790748422,0.005721874971641228,0.9374006390571594,1.0,0.005168269230769231,0.00032956730769230773,3,0.75,0.75,0.90625,0.24,3.1085275161266326,1.1731248025596142,0.179375,0.950937539935112
336,1078400,-71.26867279410362,-0.7126865509152412,-71.26867279410362,-0.7126865509152412,0.0,71.26867279410362,0.7126865509152412,603.3152085840702,6.033152386844158,1.1560961738228799,0.2196875,0.10189132686529548,nan,nan,nan,nan,nan,nan,nan,nan,nan,nan,10784,-0.0008608307127433434,0.021681657806038857,0.9900762856006622,0.004877297393977642,0.08881672620773315,0.08881672620773315,0.1714368961751461,0.0012981098778277842,0.009171874832827599,0.9476982355117798,1.0,0.005153846153846154,0.0003284615384615385,3,0.75,0.75,0.78125,0.2196875,3.191898865699768,1.5313591074943542,0.1565625,0.9739286148548126
337,1081600,34.67781463265419,0.3467781513929367,34.67781463265419,0.3467781513929367,0.0,0.0,0.0,709.261696010828,7.092617089152336,0.905686224102974,0.2621875,0.13758167356402776,nan,nan,nan,nan,nan,nan,nan,nan,nan,nan,10816,-0.0008592203024658573,0.015019613411277532,0.989881181716919,0.0015631682239472867,0.08920807503163815,0.08920807503163815,0.10253916308283806,0.001229316243918719,0.008600000094156712,0.9399949312210083,1.0,0.005139423076923077,0.00032735576923076924,3,0.75,0.75,0.9375,0.2621875,2.2841759026050568,1.1653092150390147,0.164375,0.9659375458955765
338,1084800,29.591516375541687,0.29591514229774474,29.591516375541687,0.29591514229774474,0.0,0.0,0.0,704.1753977537155,7.041754080057144,1.0897509200125932,0.260625,0.12471582019852846,nan,nan,nan,nan,nan,nan,nan,nan,nan,nan,10848,-0.0007723005243402525,0.019036770425736906,0.9851711511611938,0.0036970824003219604,0.06040873974561691,0.06040873974561691,0.12564825192093848,0.0011890756930393195,0.007021874863130506,0.9311872124671936,1.0,0.005125,0.00032625000000000004,3,0.75,0.75,0.875,0.260625,3.227284795641899,1.305730205923319,0.1790625,0.9360268282890319
339,1088000,5.207123786211014,0.0520712760090828,5.207123786211014,0.0520712760090828,0.0,0.0,0.0,679.7910051643848,6.797910213768482,0.8706498730182648,0.2565625,0.13715153418102788,nan,nan,nan,nan,nan,nan,nan,nan,nan,nan,10880,-0.0015187885686987813,0.020949459075927733,1.0031638443470001,0.0038291952572762967,0.1460241988301277,0.1460241988301277,0.16988075748085976,0.0019120191565912992,0.014112500088958767,0.912247359752655,1.0,0.005110576923076923,0.0003251442307692308,3,0.75,0.75,0.75,0.2565625,3.062307874262333,1.1317744310200215,0.181875,0.9493750387430191
340,1091200,26.95862102508545,0.2695862667262554,26.95862102508545,0.2695862667262554,0.0,0.0,0.0,701.5425024032593,7.015425204485655,1.0085461906343698,0.2621875,0.13053595741166002,249.76948533952236,2.4976948533952235,249.76948533952236,2.4976948533952235,100.0,1.5359155910275877,0.48,0.18928074802580372,0.0,858.9859325736761,10912,-0.0005966662095044483,0.017362416628748177,0.9935774087905884,0.003021118836477399,0.05089965350925922,0.05089965350925922,0.11745806708931923,0.0011682168806170113,0.0036781251124921254,0.9462143182754517,1.0,0.005096153846153847,0.0003240384615384616,3,0.75,0.75,0.90625,0.2621875,2.6221696397662164,1.3816252483427525,0.181875,0.9496429002285004
341,1094400,-15.02988776564598,-0.15029896438121795,-15.02988776564598,-0.15029896438121795,0.0,15.02988776564598,0.15029896438121795,659.5539936125278,6.595539973378181,0.9634711699932814,0.2534375,0.12907625223795224,nan,nan,nan,nan,nan,nan,nan,nan,nan,nan,10944,-0.0008877817741478999,0.02150218691676855,1.0104959845542907,0.0047282430343329905,0.06979269571602345,0.06979269571602345,0.11284898892045021,0.001504389927142798,0.009206250123679639,0.9257057905197144,1.0,0.005081730769230769,0.00032293269230769235,3,0.75,0.75,0.84375,0.2534375,2.713914086520672,1.2595400665700436,0.17625,0.9434375417232513
342,1097600,-71.3109784424305,-0.7131098680198192,-71.3109784424305,-0.7131098680198192,0.0,71.3109784424305,0.7131098680198192,603.2729029357433,6.03272906973958,1.1360399661958218,0.22125,0.1035795226219643,nan,nan,nan,nan,nan,nan,nan,nan,nan,nan,10976,-0.0007272559600649764,0.016242989618331195,1.0060269236564636,0.0022963911294937136,0.06787191219627857,0.06787191219627857,0.11076824069023132,0.0009693648014969207,0.004471875040326268,0.9507863521575928,1.0,0.005067307692307691,0.00032182692307692305,3,0.75,0.75,0.71875,0.22125,3.814431699514389,1.6025951421260833,0.161875,0.9150446808338165
343,1100800,4.972345530986786,0.049723353683948514,4.972345530986786,0.049723353683948514,0.0,0.0,0.0,679.5562269091606,6.795562291443347,1.0009762374311686,0.2525,0.1261884050777918,nan,nan,nan,nan,nan,nan,nan,nan,nan,nan,11008,-0.0008776190547214568,0.01709505431354046,1.012545931339264,0.00255363043397665,0.09305706471204758,0.09305706471204758,0.0886491023004055,0.0015589837370522616,0.010187499970197678,0.9368617534637451,1.0,0.0050528846153846145,0.0003207211538461538,3,0.75,0.75,0.875,0.2525,3.314494106769562,1.2856546391546726,0.184375,0.9167857557535172
344,1104000,-98.5277490913868,-0.9852773797512054,-98.5277490913868,-0.9852773797512054,0.0,98.5277490913868,0.9852773797512054,576.056132286787,5.7605615580081935,1.2579898677766324,0.205,0.0907887156295598,nan,nan,nan,nan,nan,nan,nan,nan,nan,nan,11040,-0.0011191365122794395,0.018710960540920495,0.9681261658668519,0.003358477121219039,0.09620103761553764,0.09620103761553764,0.12855393663048745,0.001712013749058977,0.012662499933503569,0.9295927882194519,1.0,0.005038461538461538,0.0003196153846153846,3,0.75,0.75,0.78125,0.205,3.701147291064262,1.8566021147370337,0.1584375,0.946741116642952
345,1107200,-30.950588822364807,-0.3095059531927109,-30.950588822364807,-0.3095059531927109,0.0,30.950588822364807,0.3095059531927109,643.633292555809,6.436332984566688,1.3810903093218803,0.2521875,0.105912614491225,nan,nan,nan,nan,nan,nan,nan,nan,nan,nan,11072,-0.00047568816020353565,0.016659655421972275,0.9749173760414124,0.002956117270514369,0.05662269033491611,0.05662269033491611,0.10046107321977615,0.0009208441209945372,0.004031250019761501,0.9342859983444214,1.0,0.005024038461538461,0.00031850961538461536,3,0.75,0.75,0.78125,0.2521875,3.110859831571579,1.8418386524915695,0.18125,0.9413839721679688
346,1110400,-66.35078287124634,-0.6635078141093254,-66.35078287124634,-0.6635078141093254,0.0,66.35078287124634,0.6635078141093254,608.2330985069275,6.082331123650073,1.2229574352502823,0.21375,0.09615568728869248,nan,nan,nan,nan,nan,nan,nan,nan,nan,nan,11104,-0.0007678200189896956,0.019815363362431525,0.9948646724224091,0.004155972413718701,0.06908218674361706,0.06908218674361706,0.10827432051301003,0.0012991517978686515,0.008912500023143366,0.9228364825248718,1.0,0.005009615384615384,0.00031740384615384616,3,0.75,0.75,0.8125,0.21375,3.3929242423176764,1.3831423570215702,0.1478125,0.9796429014205933
347,1113600,-13.164649963378906,-0.1316465564072132,-13.164649963378906,-0.1316465564072132,0.0,13.164649963378906,0.1316465564072132,661.4192314147949,6.6141923813521855,1.0755190454423427,0.253125,0.12195744508143168,nan,nan,nan,nan,nan,nan,nan,nan,nan,nan,11136,-0.0008066554338612697,0.01733311638236046,0.9895951092243195,0.0029166847467422484,0.11175427734851837,0.11175427734851837,0.13908060938119887,0.0015746677185258552,0.008618749951710924,0.9225987195968628,1.0,0.004995192307692307,0.0003162980769230769,3,0.75,0.75,0.8125,0.253125,2.6992626291513444,1.5779636615514756,0.1709375,0.9350446861982346
348,1116800,-10.87667191028595,-0.10876673817634583,-10.87667191028595,-0.10876673817634583,0.0,10.87667191028595,0.10876673817634583,663.7072094678879,6.637072199583053,0.8108761225640774,0.25125,0.13874499578924648,nan,nan,nan,nan,nan,nan,nan,nan,nan,nan,11168,-0.0012384099072660249,0.01774705955758691,0.9728055894374847,0.002789799915626645,0.09895299971103669,0.09895299971103669,0.16671160906553267,0.00203977806450232,0.01514062515052501,0.9224667549133301,1.0,0.0049807692307692305,0.00031519230769230767,3,0.75,0.75,0.84375,0.25125,3.851597331762314,1.121535824239254,0.1853125,0.9170536148548126
349,1120000,65.75542005896568,0.6575541612505913,65.75542005896568,0.6575541612505913,0.0,0.0,0.0,740.3393014371395,7.403393099009991,0.8805875966697931,0.2953125,0.1570320364352871,nan,nan,nan,nan,nan,nan,nan,nan,nan,nan,11200,-0.0009368174444883692,0.013553320616483688,0.9748185873031616,0.0009985563810914755,0.07982209995388985,0.07982209995388985,0.10555440858006478,0.001873319931476236,0.013199999829157604,0.9231952428817749,1.0,0.004966346153846154,0.0003140865384615385,3,0.75,0.75,0.84375,0.2953125,2.9858253586292265,1.3068335048854351,0.2103125,0.889196469783783
350,1123200,-6.375567644834518,-0.06375562250614167,-6.375567644834518,-0.06375562250614167,0.0,6.375567644834518,0.06375562250614167,668.2083137333393,6.682083315253258,0.8016109316796064,0.2496875,0.13859124387484772,nan,nan,nan,nan,nan,nan,nan,nan,nan,nan,11232,-0.0006729706738260788,0.016125292610377075,0.9731221795082092,0.0025708493776619434,0.08388786688446999,0.08388786688446999,0.1317186661064625,0.0009535792596603986,0.0037375000305473805,0.9306173920631409,1.0,0.004951923076923077,0.0003129807692307692,3,0.75,0.75,0.84375,0.2496875,3.003575648665428,1.3627416557073593,0.180625,0.9291071861982345
351,1126400,16.037887811660767,0.1603788298368454,16.037887811660767,0.1603788298368454,0.0,0.0,0.0,690.6217691898346,6.906217767596244,1.0632901807129382,0.2715625,0.1316162421255578,nan,nan,nan,nan,nan,nan,nan,nan,nan,nan,11264,-0.0009651136886502876,0.014135082066059113,0.9630613327026367,0.0013473118422552943,0.0866820115596056,0.0866820115596056,0.09057534039020539,0.001013931664786219,0.004368749959394336,0.9476050138473511,1.0,0.004937499999999999,0.00031187500000000003,3,0.75,0.75,0.84375,0.2715625,3.1204452937841416,1.3964556962251664,0.2040625,0.9083929008245468
352,1129600,101.34672200679779,1.0134673084318637,101.34672200679779,1.0134673084318637,0.0,0.0,0.0,775.9306033849716,7.7593062461912625,0.8406529760360718,0.3290625,0.1787748718982601,nan,nan,nan,nan,nan,nan,nan,nan,nan,nan,11296,-0.0008373466819757702,0.012187489587813616,0.9530593097209931,0.0005644139135256409,0.09396206736564636,0.09396206736564636,0.0783741220831871,0.0017966722523876197,0.01325624987948686,0.961624264717102,1.0,0.004923076923076922,0.0003107692307692308,3,0.75,0.75,0.8125,0.3290625,2.88640140324831,1.0620228040218354,0.23375,0.9589732533693314
353,1132800,-51.937074303627014,-0.5193707954883575,-51.937074303627014,-0.5193707954883575,0.0,51.937074303627014,0.5193707954883575,622.6468070745468,6.226468142271042,1.0825764852017163,0.2378125,0.11419148429353639,nan,nan,nan,nan,nan,nan,nan,nan,nan,nan,11328,-0.0010351485819090067,0.013439258374273778,0.9461954772472382,0.001039934391155839,0.12173574157059193,0.12173574157059193,0.08115932121872901,0.0014738571291697954,0.011412499827565625,0.9507731199264526,1.0,0.004908653846153846,0.00030966346153846154,3,0.75,0.75,0.75,0.2378125,3.325757895708084,1.4029783523082733,0.168125,0.9475893217325211
354,1136000,-30.14100217819214,-0.3014101891219616,-30.14100217819214,-0.3014101891219616,0.0,30.14100217819214,0.3014101891219616,644.4428791999817,6.444428748637438,1.0372372861206531,0.2634375,0.1293111518205338,nan,nan,nan,nan,nan,nan,nan,nan,nan,nan,11360,-0.0007143677753396638,0.015015355963259935,0.9218313753604889,0.0022816544864326716,0.08570249378681183,0.08570249378681183,0.14663128554821014,0.0008411754519354775,0.002996874984819442,0.9330198764801025,1.0,0.004894230769230769,0.00030855769230769234,3,0.75,0.75,0.75,0.2634375,3.3258039176464083,1.6084408783912658,0.1834375,0.8983482593297958
355,1139200,82.40461549162865,0.8240461772680283,82.40461549162865,0.8240461772680283,0.0,0.0,0.0,756.9884968698025,7.569885115027427,0.8575959930568934,0.32125,0.17293857286553743,nan,nan,nan,nan,nan,nan,nan,nan,nan,nan,11392,-0.0008253341473057674,0.014223482087254524,0.9588301002979278,0.0016075004823505878,0.11563860550522805,0.11563860550522805,0.09566488564014435,0.0012636924628193877,0.008618749922607093,0.9343932271003723,1.0,0.004879807692307692,0.0003074519230769231,3,0.75,0.75,0.875,0.32125,2.4806475278735163,1.4811687663197517,0.24375,0.9281250447034836
356,1142400,9.539212465286255,0.09539209991693497,9.539212465286255,0.09539209991693497,0.0,0.0,0.0,684.1230938434601,6.841231037676334,1.0357694455981254,0.2728125,0.1340095267614381,nan,nan,nan,nan,nan,nan,nan,nan,nan,nan,11424,-0.0008373099277843466,0.015182746481150389,0.9393575549125671,0.0021837273612618445,0.11822817996144294,0.11822817996144294,0.09179566539824009,0.002179076532049966,0.012037500307633309,0.9379884004592896,1.0,0.004865384615384615,0.0003063461538461539,3,0.75,0.75,0.8125,0.2728125,3.2745603674650194,1.3320159562677145,0.2003125,0.9138839769363404
357,1145600,156.25293031334877,1.5625293505191804,156.25293031334877,1.5625293505191804,0.0,0.0,0.0,830.8368116915226,8.30836828827858,0.6870179531723261,0.35125,0.20820762419243824,nan,nan,nan,nan,nan,nan,nan,nan,nan,nan,11456,-0.0012338681496213866,0.012035803031176328,0.9811180889606476,2.4666963145136834e-05,0.10845652967691422,0.10845652967691422,0.09077727496623993,0.0017317474746984952,0.010962500039022416,0.9420446157455444,1.0,0.004850961538461538,0.00030524038461538465,3,0.75,0.75,0.9375,0.35125,2.1654156708717345,0.9285499388724565,0.2321875,0.9471429002285003
358,1148800,175.1790892779827,1.7517909695208074,175.1790892779827,1.7517909695208074,0.0,0.0,0.0,849.7629706561565,8.497629907280206,0.7712916597723961,0.3740625,0.21118063642216073,nan,nan,nan,nan,nan,nan,nan,nan,nan,nan,11488,-0.0007749514525642098,0.010490478109568357,0.955223697423935,-0.00014968847390264272,0.0983497105538845,0.0983497105538845,0.0814567819237709,0.0017071464608331235,0.01132812505820766,0.9483137130737305,1.0,0.0048365384615384616,0.0003041346153846154,3,0.75,0.75,0.9375,0.3740625,2.546838329285383,1.0319600568711758,0.2784375,0.9210268300771713
359,1152000,65.16596609354019,0.6516597546637058,65.16596609354019,0.6516597546637058,0.0,0.0,0.0,739.749847471714,7.397498692423105,0.9399045391380787,0.3075,0.15851295452745615,nan,nan,nan,nan,nan,nan,nan,nan,nan,nan,11520,-0.0007335510073695151,0.013549845572561026,0.9377378344535827,0.0015194917097687722,0.10680408068001271,0.10680408068001271,0.09472384005784988,0.0012111528332777346,0.00803437492577359,0.9400315284729004,1.0,0.004822115384615385,0.0003030288461538462,3,0.75,0.75,0.875,0.3075,2.9175351101160047,1.2555102889984846,0.200625,0.8947768247127533
360,1155200,3.3629230856895447,0.033629155457019805,3.3629230856895447,0.033629155457019805,0.0,0.0,0.0,677.9468044638634,6.779468093216419,1.2089915578067303,0.28,0.1267546718367757,247.4588410705328,2.474588410705328,247.4588410705328,2.474588410705328,100.0,1.4882828656490892,0.475,0.19089469551770286,0.0,856.6752883046865,11552,-0.0007245572685089519,0.014296920504420996,0.9159285426139832,0.0020204002503305674,0.08779712282121181,0.08779712282121181,0.09484815821051598,0.0009198301839230769,0.006290625024121255,0.9419033527374268,1.0,0.004807692307692308,0.00030192307692307696,3,0.75,0.75,0.8125,0.28,2.84108644425869,1.7502200770378114,0.195625,0.9251786160469055
361,1158400,15.807681560516357,0.15807682693004607,15.807681560516357,0.15807682693004607,0.0,0.0,0.0,690.3915629386902,6.903915764689445,1.1183279928565026,0.2846875,0.13439254967126565,nan,nan,nan,nan,nan,nan,nan,nan,nan,nan,11584,-0.0006915044631401912,0.012525599170476198,0.9332439363002777,0.0010980057064443826,0.06776052787899971,0.06776052787899971,0.08159523233771324,0.0013115806978046362,0.005874999944353476,0.9446848034858704,1.0,0.00479326923076923,0.00030081730769230766,3,0.75,0.75,0.875,0.2846875,3.002727636694908,1.4671179687976836,0.1984375,0.9366964679956437
362,1161600,-33.96244475245476,-0.3396243101358414,-33.96244475245476,-0.3396243101358414,0.0,33.96244475245476,0.3396243101358414,640.6214366257191,6.406214627623558,1.3600232556462288,0.25375,0.10752012692795156,nan,nan,nan,nan,nan,nan,nan,nan,nan,nan,11616,-0.0008939132410916706,0.012672473397105932,0.9050288438796997,0.0011173297883942724,0.07679588347673416,0.07679588347673416,0.0644624400883913,0.0015491037171184603,0.009862500190138235,0.941306471824646,1.0,0.004778846153846153,0.00029971153846153846,3,0.75,0.75,0.84375,0.25375,2.995805735588074,1.8886433559656144,0.1771875,0.914687539935112
363,1164800,20.896390914916992,0.2089638552069664,20.896390914916992,0.2089638552069664,0.0,0.0,0.0,695.4802722930908,6.954802792966365,0.8749963226169348,0.2865625,0.15283363308150083,nan,nan,nan,nan,nan,nan,nan,nan,nan,nan,11648,-0.0008739386445202335,0.012238003127276898,0.92264404296875,0.0008491962449625135,0.07063609175384045,0.07063609175384045,0.0750083390623331,0.00200428341049964,0.014012500268290751,0.939886212348938,1.0,0.004764423076923076,0.0002986057692307692,3,0.75,0.75,0.84375,0.2865625,3.8472567903995514,1.2103754014521837,0.2175,0.9045089739561081
364,1168000,53.12090688943863,0.5312090037763119,53.12090688943863,0.5312090037763119,0.0,0.0,0.0,727.7047882676125,7.277047941535711,0.921375561580062,0.283125,0.1473553664683699,nan,nan,nan,nan,nan,nan,nan,nan,nan,nan,11680,-0.0008511594180716564,0.010593037772923707,0.9120442390441894,0.00011314949952065945,0.11070842817425727,0.11070842817425727,0.0763299211859703,0.001134105909298295,0.007309374969190685,0.9431496858596802,1.0,0.004749999999999999,0.00029749999999999997,3,0.75,0.75,0.9375,0.283125,2.56925436347723,1.0775378354638816,0.1940625,0.9388839727640153
365,1171200,22.097326397895813,0.22097332954406737,22.097326397895813,0.22097332954406737,0.0,0.0,0.0,696.6812077760696,6.9668122673034665,0.8923595380783081,0.2796875,0.14779828799553743,nan,nan,nan,nan,nan,nan,nan,nan,nan,nan,11712,-0.0007639157317113176,0.010437571629881858,0.910250848531723,0.00014430719893425702,0.12069593071937561,0.12069593071937561,0.09872782193124294,0.001592473848725566,0.011737499898299576,0.9369500875473022,1.0,0.004735576923076922,0.0002963942307692308,3,0.75,0.75,0.90625,0.2796875,3.0118755677342417,1.2185706604272126,0.190625,0.9284821832180024
366,1174400,109.08138334751129,1.0908137679100036,109.08138334751129,1.0908137679100036,0.0,0.0,0.0,783.6652647256851,7.836652705669403,0.8315834121406078,0.32625,0.1781245657923409,nan,nan,nan,nan,nan,nan,nan,nan,nan,nan,11744,-0.0008188070012955017,0.01196441687643528,0.9097157716751099,0.0008684932254254818,0.1280178941786289,0.1280178941786289,0.09888316467404365,0.001190035523907633,0.008856249833479523,0.9278784394264221,1.0,0.004721153846153845,0.0002952884615384615,3,0.75,0.75,0.9375,0.32625,2.523693512380123,1.1549712740629912,0.2340625,0.9438393259048462
367,1177600,130.28268957138062,1.3028269186615944,130.28268957138062,1.3028269186615944,0.0,0.0,0.0,804.8665709495544,8.048665856420993,0.767680644094944,0.35125,0.1987067071042353,nan,nan,nan,nan,nan,nan,nan,nan,nan,nan,11776,-0.0011775100644212167,0.010798610839992761,0.9029880166053772,-2.8325966559350492e-05,0.13936904072761536,0.13936904072761536,0.06943479254841804,0.0018202358107399761,0.014349999895785004,0.9406681656837463,1.0,0.004706730769230769,0.00029418269230769233,3,0.75,0.75,0.9375,0.35125,2.2388192443549633,1.2034412413835525,0.255625,0.9504018259048462
368,1180800,145.47131669521332,1.4547131794691086,145.47131669521332,1.4547131794691086,0.0,0.0,0.0,820.0551980733871,8.200552117228508,0.9545955543965101,0.366875,0.18769867718914066,nan,nan,nan,nan,nan,nan,nan,nan,nan,nan,11808,-0.0008280638139113172,0.011370138637721539,0.9042908132076264,0.0006137948017567396,0.07918894849717617,0.07918894849717617,0.08782648518681527,0.0015535567054057163,0.012496874993667006,0.9343674778938293,1.0,0.004692307692307692,0.0002930769230769231,3,0.75,0.75,0.9375,0.366875,2.5744354265928266,1.2952305737882852,0.255625,0.9201339703798294
369,1184000,21.89866143465042,0.21898663580417632,21.89866143465042,0.21898663580417632,0.0,0.0,0.0,696.4825428128242,6.964825573563576,1.1300043389946222,0.2875,0.1349762508632739,nan,nan,nan,nan,nan,nan,nan,nan,nan,nan,11840,-0.0007798989218194219,0.01094073848798871,0.8925155699253082,0.0005153853679075837,0.10078250765800476,0.10078250765800476,0.06582164019346237,0.0014579030201303093,0.01169687514047837,0.9486783742904663,1.0,0.004677884615384615,0.00029197115384615383,3,0.75,0.75,0.96875,0.2875,3.1767735317349435,1.3192417577654123,0.1828125,0.9233036124706269
370,1187200,30.46801918745041,0.3046802684664726,30.46801918745041,0.3046802684664726,0.0,0.0,0.0,705.0519005656242,7.0505192062258715,0.95897909745574,0.295,0.15058864098301847,nan,nan,nan,nan,nan,nan,nan,nan,nan,nan,11872,-0.0006664688834571386,0.013111195154488086,0.8893082916736603,0.0017418738454580307,0.079760817065835,0.079760817065835,0.06044310443103314,0.0013266105801475574,0.009556249952584039,0.9327254295349121,1.0,0.004663461538461538,0.00029086538461538464,3,0.75,0.75,0.875,0.295,2.688532627224922,1.6733257815241813,0.2028125,0.9234821832180024
371,1190400,121.92512276768684,1.2192510342597962,121.92512276768684,1.2192510342597962,0.0,0.0,0.0,796.5090041458607,7.965089972019195,0.739654298350215,0.3365625,0.1934651616238789,nan,nan,nan,nan,nan,nan,nan,nan,nan,nan,11904,-0.0005438222267082793,0.010715774446725845,0.92610844373703,0.0005085511831566692,0.057709724828600886,0.057709724828600886,0.0746064081788063,0.0008936643374937225,0.0033156250254251065,0.9292575120925903,1.0,0.004649038461538461,0.0002897596153846154,3,0.75,0.75,0.9375,0.3365625,2.5715992844104765,1.0006484013795853,0.241875,0.9331696873903275
372,1193600,42.41578245162964,0.42415778525173664,42.41578245162964,0.42415778525173664,0.0,0.0,0.0,716.9996638298035,7.169996723011136,1.0950151843577622,0.305,0.14558367036060377,nan,nan,nan,nan,nan,nan,nan,nan,nan,nan,11936,-0.000809061757475149,0.010822237189859151,0.8964201807975769,0.0004474940011277795,0.12010136246681213,0.12010136246681213,0.08555985428392887,0.0012341758112625041,0.006931249907938764,0.9456371665000916,1.0,0.004634615384615385,0.0002886538461538462,3,0.75,0.75,0.78125,0.305,4.15957120001316,1.3660019454360008,0.2125,0.9331696832180023
373,1196800,-39.53568843007088,-0.3953571143746376,-39.53568843007088,-0.3953571143746376,0.0,39.53568843007088,0.3953571143746376,635.048192948103,6.3504818233847615,0.8921215341985226,0.2340625,0.12370373454850286,nan,nan,nan,nan,nan,nan,nan,nan,nan,nan,11968,-0.0005960007901070652,0.011891589406877756,0.8981332123279572,0.0012002459727227688,0.09831207394599914,0.09831207394599914,0.08078760579228401,0.0007983435796660662,0.005281249992549419,0.9369441866874695,1.0,0.004620192307692308,0.00028754807692307695,3,0.75,0.75,0.8125,0.2340625,2.6693535941839217,1.3298928081989287,0.1525,0.9421429008245468
374,1200000,-60.70378386974335,-0.6070378193259239,-60.70378386974335,-0.6070378193259239,0.0,60.70378386974335,0.6070378193259239,613.8800975084305,6.138801118433475,0.9069649639725685,0.234375,0.1229047226498344,nan,nan,nan,nan,nan,nan,nan,nan,nan,nan,12000,-0.0008157814388221496,0.009975808672606945,0.9096055448055267,-1.7310329712927342e-05,0.10564693436026573,0.10564693436026573,0.07099962197244167,0.0015798028027374708,0.01287500003236346,0.9531112313270569,1.0,0.00460576923076923,0.0002864423076923077,3,0.75,0.75,0.8125,0.234375,2.8196127235889437,1.1613182343542576,0.1675,0.9600446826219559
375,1203200,78.2745908498764,0.7827459400892258,78.2745908498764,0.7827459400892258,0.0,0.0,0.0,752.8584722280502,7.528584877848624,0.84036615177989,0.32875,0.17863293110561343,nan,nan,nan,nan,nan,nan,nan,nan,nan,nan,12032,-0.0007066509045893455,0.013399371318519116,0.9201707303524017,0.0017682123929262162,0.13523599803447722,0.13523599803447722,0.08105795979499816,0.0010551079889436644,0.007487500028219074,0.9160021543502808,1.0,0.004591346153846153,0.0002853365384615385,3,0.75,0.75,0.875,0.32875,2.187491007298231,1.4474946901202201,0.2421875,0.9494643282890319
376,1206400,-66.08828195929527,-0.6608828395605088,-66.08828195929527,-0.6608828395605088,0.0,66.08828195929527,0.6608828395605088,608.4955994188786,6.08495609819889,1.289376436918974,0.24625,0.10756204005113351,nan,nan,nan,nan,nan,nan,nan,nan,nan,nan,12064,-0.0010370415345154482,0.011433734092861414,0.8972545981407165,0.0005731603596359491,0.07765254825353622,0.07765254825353622,0.08761635571718215,0.0014377128463845944,0.006312500091735273,0.9422329664230347,1.0,0.0045769230769230765,0.00028423076923076926,3,0.75,0.75,0.6875,0.24625,3.2066329762339594,1.7086278519034386,0.1834375,0.950580398440361
377,1209600,1.878713846206665,0.01878724053502083,1.878713846206665,0.01878724053502083,0.0,0.0,0.0,676.4625952243805,6.76462617829442,1.028620238006115,0.2784375,0.1372546200533176,nan,nan,nan,nan,nan,nan,nan,nan,nan,nan,12096,-0.0009229888939763953,0.011080500856041908,0.8950741112232208,0.0005334860645234585,0.14385894164443017,0.14385894164443017,0.08239126205444336,0.0019914196556810445,0.012093750113854185,0.9381554126739502,1.0,0.0045625,0.00028312500000000006,3,0.75,0.75,0.84375,0.2784375,3.6760929262638093,1.328449345678091,0.19625,0.9342411106824875
378,1212800,21.912768810987473,0.21912778347730635,21.912768810987473,0.21912778347730635,0.0,0.0,0.0,696.4966501891613,6.9649667212367055,0.9864940555393695,0.2721875,0.13701903574339977,nan,nan,nan,nan,nan,nan,nan,nan,nan,nan,12128,-0.0008411241085676035,0.00963073568418622,0.8955130279064178,-9.861849248409272e-05,0.14034374207258224,0.14034374207258224,0.048311110213398935,0.0011723131043283063,0.00699374993564561,0.9431968927383423,1.0,0.004548076923076923,0.0002820192307692308,3,0.75,0.75,0.9375,0.2721875,3.2521901741623878,1.2928191757947207,0.19125,0.9502679038047791
379,1216000,120.76009261608124,1.2076007437705993,120.76009261608124,1.2076007437705993,0.0,0.0,0.0,795.3439739942551,7.953439681529998,0.8579861391335726,0.3446875,0.18551672304764166,nan,nan,nan,nan,nan,nan,nan,nan,nan,nan,12160,-0.0005250015614146619,0.010456264112144708,0.912685775756836,0.0005653288448229432,0.13187493681907653,0.13187493681907653,0.06301099993288517,0.0012252562381064188,0.006584374909289181,0.928982138633728,1.0,0.004533653846153846,0.00028091346153846157,3,0.75,0.75,0.90625,0.3446875,2.1153752072155476,1.166724379658699,0.2459375,0.9572768253087998
380,1219200,99.49294179677963,0.9949292600154876,99.49294179677963,0.9949292600154876,0.0,0.0,0.0,774.0768231749535,7.740768197774886,0.9878859145194292,0.3340625,0.16804913076752673,265.4966305196285,2.654966305196285,265.4966305196285,2.654966305196285,100.0,1.4533555297879501,0.49,0.19972645385088234,0.0,874.7130777537823,12192,-0.0007367156763560701,0.013366915378719568,0.8953700959682465,0.0019003579393029213,0.08566199354827404,0.08566199354827404,0.08467196077108383,0.0013778764998305143,0.008040624832210597,0.9111638069152832,1.0,0.004519230769230769,0.0002798076923076924,3,0.75,0.75,0.90625,0.3340625,2.956857379078865,1.2414308580011129,0.231875,0.8965625441074372
381,1222400,4.218523621559143,0.04218517631292343,4.218523621559143,0.04218517631292343,0.0,0.0,0.0,678.802404999733,6.788024114072322,0.9502707710117102,0.265625,0.1361990365379911,nan,nan,nan,nan,nan,nan,nan,nan,nan,nan,12224,-0.0004873375636496258,0.011964780930429696,0.8757803857326507,0.0015498306602239609,0.09221868962049484,0.09221868962049484,0.07334616854786873,0.0007910799020492485,0.0031250000465661287,0.9324057102203369,1.0,0.004504807692307692,0.00027870192307692307,3,0.75,0.75,0.875,0.265625,3.4804035782814027,1.154150470122695,0.174375,0.9791964727640152
382,1225600,28.78926971554756,0.28789268344640734,28.78926971554756,0.28789268344640734,0.0,0.0,0.0,703.3731510937214,7.033731621205806,0.9265389402210712,0.284375,0.14760926657800533,nan,nan,nan,nan,nan,nan,nan,nan,nan,nan,12256,-0.0007391664052149415,0.012048418819904327,0.886903977394104,0.0013025029096752406,0.0894019365310669,0.0894019365310669,0.06924396865069866,0.0017493786181176495,0.013181249983608723,0.9280143976211548,1.0,0.004490384615384615,0.0002775961538461538,3,0.75,0.75,0.875,0.284375,3.494926733970642,1.2079428882151841,0.2053125,0.9093304026126862
383,1228800,71.95774310827255,0.7195774236321449,71.95774310827255,0.7195774236321449,0.0,0.0,0.0,746.5416244864464,7.465416361391544,1.136748992204666,0.315,0.14742021695069932,nan,nan,nan,nan,nan,nan,nan,nan,nan,nan,12288,-0.0009430093038012455,0.01110018538311124,0.881709235906601,0.000660586915910244,0.1174019567668438,0.1174019567668438,0.08761515691876412,0.0017531220903066291,0.012578124878928065,0.9323735237121582,1.0,0.004475961538461538,0.0002764903846153846,3,0.75,0.75,0.84375,0.315,3.338922781050205,1.2599468710273505,0.22875,0.9145089721679688
384,1232000,24.85950604081154,0.24859510451555253,24.85950604081154,0.24859510451555253,0.0,0.0,0.0,699.4433874189854,6.994434042274952,0.8818920398503542,0.284375,0.1511112189106306,nan,nan,nan,nan,nan,nan,nan,nan,nan,nan,12320,-0.0006578235750785311,0.010564257949590683,0.8869208872318268,0.0006672737188637256,0.13581109046936035,0.13581109046936035,0.0887313075363636,0.001350716776508333,0.010053125163540243,0.9437667727470398,1.0,0.00446153846153846,0.0002753846153846154,3,0.75,0.75,0.875,0.284375,3.266150389909744,1.382788883894682,0.1896875,0.9383929002285004
385,1235200,57.71784472465515,0.5771784910559654,57.71784472465515,0.5771784910559654,0.0,0.0,0.0,732.301726102829,7.323017428815365,0.9346548894792795,0.3025,0.15635863618106025,nan,nan,nan,nan,nan,nan,nan,nan,nan,nan,12352,-0.0008463294711779312,0.010438200924545527,0.8951724648475647,0.00039183555636554954,0.11198030784726143,0.11198030784726143,0.06496886536478996,0.0010645785369007054,0.005175000010058284,0.9411893486976624,1.0,0.0044471153846153836,0.00027427884615384613,3,0.75,0.75,0.84375,0.3025,2.242458510696888,1.304561817497015,0.2253125,0.9533036136627198
386,1238400,44.73809206485748,0.4473808479309082,44.73809206485748,0.4473808479309082,0.0,0.0,0.0,719.3219734430313,7.1932197856903075,1.2507301415503025,0.2975,0.13217932905767282,nan,nan,nan,nan,nan,nan,nan,nan,nan,nan,12384,-0.0005844209997507233,0.010407262295484544,0.898689466714859,0.0006355964345857501,0.10561097264289857,0.10561097264289857,0.052617058902978894,0.001180069577824787,0.008240625017060665,0.9434129595756531,1.0,0.004432692307692307,0.00027317307692307694,3,0.75,0.75,0.875,0.2975,2.862020579278469,1.6619376091659068,0.211875,0.9239732575416565
387,1241600,22.188745856285095,0.22188748091459273,22.188745856285095,0.22188748091459273,0.0,0.0,0.0,696.7726272344589,6.967726418673991,1.0643121547996999,0.2965625,0.14366165471170006,nan,nan,nan,nan,nan,nan,nan,nan,nan,nan,12416,-0.0009001930838567152,0.010649886913597584,0.8841091930866242,0.0005185178713873028,0.09897673651576042,0.09897673651576042,0.08076550737023354,0.0013320221085478608,0.009612500038929283,0.9385973215103149,1.0,0.00441826923076923,0.0002720673076923077,3,0.75,0.75,0.8125,0.2965625,2.768614372611046,1.5581077843904496,0.2103125,0.9467411148548126
388,1244800,73.45939293503761,0.7345939522981644,73.45939293503761,0.7345939522981644,0.0,0.0,0.0,748.0432743132114,7.480432890057563,1.0328768526762724,0.326875,0.16079429482886318,nan,nan,nan,nan,nan,nan,nan,nan,nan,nan,12448,-0.0006469872339177618,0.012331722676753998,0.86528559923172,0.0017082891892641783,0.10272164568305016,0.10272164568305016,0.06178833954036236,0.0016957960531754908,0.01009062497469131,0.9211122989654541,1.0,0.004403846153846153,0.00027096153846153844,3,0.75,0.75,0.90625,0.326875,3.2170465713739396,1.2542382870614528,0.220625,0.8989286106824875
389,1248000,181.1847785115242,1.8118479174375535,181.1847785115242,1.8118479174375535,0.0,0.0,0.0,855.768659889698,8.557686855196952,0.9013072612136602,0.381875,0.20084865176196615,nan,nan,nan,nan,nan,nan,nan,nan,nan,nan,12480,-0.0008507038822338942,0.009574995562434196,0.8921318650245667,2.08497978746891e-05,0.07946583405137062,0.07946583405137062,0.0543175108730793,0.0016554340152680554,0.011728125053195981,0.9288554191589355,1.0,0.004389423076923076,0.00026985576923076925,3,0.75,0.75,0.96875,0.381875,2.5341657829284667,1.1044152734428645,0.2521875,0.9159821856021881
390,1251200,84.21405017375946,0.8421404226124287,84.21405017375946,0.8421404226124287,0.0,0.0,0.0,758.7979315519333,7.587979360371827,0.6786081025004387,0.3134375,0.1867246437885689,nan,nan,nan,nan,nan,nan,nan,nan,nan,nan,12512,-0.0007689712941140847,0.009115298744291067,0.8859986066818237,-8.756581228226423e-05,0.14767202287912368,0.14767202287912368,0.06278875544667244,0.001510486579357503,0.008118749898858368,0.9303690791130066,1.0,0.0043749999999999995,0.00026875,3,0.75,0.75,0.9375,0.3134375,2.7248174408078194,0.9166719291359187,0.2165625,0.9183929026126861
391,1254400,117.11756411194801,1.1711757297813892,117.11756411194801,1.1711757297813892,0.0,0.0,0.0,791.7014454901218,7.917014667540788,0.8098816065490246,0.3425,0.18923889759455528,nan,nan,nan,nan,nan,nan,nan,nan,nan,nan,12544,-0.0006272656473796711,0.008177585992962122,0.8843282878398895,-0.0003946543671190739,0.11154944002628327,0.11154944002628327,0.04709378369152546,0.001230678001596195,0.0062937501032138245,0.9427657127380371,1.0,0.004360576923076923,0.0002676442307692308,3,0.75,0.75,0.875,0.3425,2.8273453551530836,0.9980064772069455,0.236875,0.9335268276929856
392,1257600,-88.87693172693253,-0.888769211769104,-88.87693172693253,-0.888769211769104,0.0,88.87693172693253,0.888769211769104,585.7069496512413,5.857069725990295,1.2470339524000884,0.2390625,0.10639024824019859,nan,nan,nan,nan,nan,nan,nan,nan,nan,nan,12576,-0.0007486185122106637,0.009277257230132818,0.8686451554298401,0.00011474480852484703,0.0954223819077015,0.0954223819077015,0.06409379914402961,0.001248901325746499,0.004496875006589107,0.9525788426399231,1.0,0.004346153846153846,0.00026653846153846156,3,0.75,0.75,0.6875,0.2390625,4.253479415178299,1.601316919475794,0.1640625,0.9120536166429519
393,1260800,85.26025414466858,0.852602399289608,85.26025414466858,0.852602399289608,0.0,0.0,0.0,759.8441355228424,7.598441337049007,1.0088530382514,0.333125,0.1658284571627836,nan,nan,nan,nan,nan,nan,nan,nan,nan,nan,12608,-0.0006552540819800834,0.010756604466587305,0.8661890864372254,0.0009709503035992384,0.11076609194278716,0.11076609194278716,0.06371463313698769,0.0015773772433051747,0.0072187501180451365,0.9329363703727722,1.0,0.004331730769230769,0.0002654326923076923,3,0.75,0.75,0.90625,0.333125,3.1182489532232283,1.3255997087806464,0.2290625,0.9038839709758758
394,1264000,90.53956791758537,0.9053956216573715,90.53956791758537,0.9053956216573715,0.0,0.0,0.0,765.1234492957592,7.65123455941677,1.0330805261433125,0.3221875,0.15847257196997466,nan,nan,nan,nan,nan,nan,nan,nan,nan,nan,12640,-0.0005834130996489328,0.009148824727162719,0.8605302333831787,0.00027582542970776557,0.13959636613726617,0.13959636613726617,0.06983416453003884,0.0007352199056214648,0.004615625011138036,0.9266756772994995,1.0,0.004317307692307692,0.0002643269230769231,3,0.75,0.75,0.9375,0.3221875,2.4991527795791626,1.2308578646183015,0.2275,0.9481250393390656
395,1267200,144.60178393125534,1.4460179781913758,144.60178393125534,1.4460179781913758,0.0,0.0,0.0,819.1856653094292,8.191856915950774,0.93607566408813,0.361875,0.18691159995053142,nan,nan,nan,nan,nan,nan,nan,nan,nan,nan,12672,-0.0008353872111474203,0.008974878396838904,0.8614970028400422,-5.4870126768946646e-05,0.10928207039833068,0.10928207039833068,0.06431158520281315,0.001643597699151666,0.010334374994272366,0.9378037452697754,1.0,0.0043028846153846155,0.00026322115384615387,3,0.75,0.75,0.96875,0.361875,2.7573963424563406,1.2997553870081902,0.2559375,0.9297321838140488
396,1270400,97.27099794149399,0.9727100574970245,97.27099794149399,0.9727100574970245,0.0,0.0,0.0,771.8548793196678,7.718548995256423,1.1386669648438692,0.336875,0.15751634337541334,nan,nan,nan,nan,nan,nan,nan,nan,nan,nan,12704,-0.0006930447892693314,0.007827717484906316,0.8312516629695892,-0.00034397682175040244,0.1262071669101715,0.1262071669101715,0.05984265618026256,0.0013651751360186245,0.009903125045821071,0.945905864238739,1.0,0.004288461538461539,0.0002621153846153847,3,0.75,0.75,0.9375,0.336875,2.498476654291153,1.6088528626412153,0.2434375,0.9516518259048462
397,1273600,48.8632310628891,0.48863236248493197,48.8632310628891,0.48863236248493197,0.0,0.0,0.0,723.4471124410629,7.234471300244331,0.908892934396863,0.3040625,0.15928735159579396,nan,nan,nan,nan,nan,nan,nan,nan,nan,nan,12736,-0.000437078280324954,0.008658891730010509,0.8251909673213959,0.00036546955816447736,0.08947468400001526,0.08947468400001526,0.06590313315391541,0.000849416249551007,0.004243749982560985,0.9409886598587036,1.0,0.004274038461538461,0.0002610096153846154,3,0.75,0.75,0.8125,0.3040625,2.2527370283007624,1.1420093316584825,0.2090625,0.9474554032087326
398,1276800,165.9785474538803,1.6597853319346905,165.9785474538803,1.6597853319346905,0.0,0.0,0.0,840.5624288320541,8.405624269694089,0.7807284379005432,0.376875,0.21164091726660522,nan,nan,nan,nan,nan,nan,nan,nan,nan,nan,12768,-0.0007555021049454602,0.007545577688142657,0.84321910738945,-0.0005745022208429873,0.17112332135438918,0.17112332135438918,0.06373079568147659,0.0010690850700514167,0.007371874910313636,0.9402428865432739,1.0,0.004259615384615384,0.0002599038461538462,3,0.75,0.75,0.96875,0.376875,2.327903048545122,1.3328400783240795,0.2525,0.9252678954601288
399,1280000,111.3447744846344,1.1134477588534355,111.3447744846344,1.1134477588534355,0.0,0.0,0.0,785.9286558628082,7.859286696612834,0.6917474903166294,0.3290625,0.1945104112070604,nan,nan,nan,nan,nan,nan,nan,nan,nan,nan,12800,-0.0007368657786806399,0.009081506263464689,0.8450810074806213,0.0002163559664040804,0.13290452733635902,0.13290452733635902,0.07931913658976555,0.0012750907950277867,0.00763750006990449,0.9284850358963013,1.0,0.0042451923076923075,0.000258798076923077,3,0.75,0.75,0.96875,0.3290625,2.5985878267884255,1.057468379586935,0.2315625,0.9658036124706268
400,1283200,12.229299366474152,0.12229301035404205,12.229299366474152,0.12229301035404205,0.0,0.0,0.0,686.813180744648,6.868131948113441,0.7211212024837732,0.2740625,0.15923486364847328,267.9805511981249,2.679805511981249,267.9805511981249,2.679805511981249,100.0,1.4365628784010187,0.49,0.20110295709731893,0.0,877.1969984322786,12832,-0.0007418100377486247,0.00926807364448905,0.8289085924625397,0.00038530577439814805,0.1097282201051712,0.1097282201051712,0.06156541332602501,0.0011491194680304114,0.008000000111496774,0.9393736720085144,1.0,0.00423076923076923,0.0002576923076923077,3,0.75,0.75,0.84375,0.2740625,3.250660572052002,1.070066320747137,0.19875,0.9577678990364075
401,1286400,122.14527881145477,1.221452797651291,122.14527881145477,1.221452797651291,0.0,0.0,0.0,796.7291601896286,7.96729173541069,1.0295473162084818,0.348125,0.17152839809142914,nan,nan,nan,nan,nan,nan,nan,nan,nan,nan,12864,-0.0005014957406412668,0.008196018682792783,0.8285626351833344,0.00010300681460648776,0.08912047818303108,0.08912047818303108,0.05825820937752724,0.0009528525828529436,0.006124999956227839,0.931059718132019,1.0,0.004216346153846153,0.00025658653846153843,3,0.75,0.75,0.96875,0.348125,3.012711595594883,1.41843774497509,0.2471875,0.9076786142587662
402,1289600,144.25846421718597,1.4425847032666206,144.25846421718597,1.4425847032666206,0.0,0.0,0.0,818.8423455953598,8.18842364102602,0.7826558837294578,0.37,0.207555481333801,nan,nan,nan,nan,nan,nan,nan,nan,nan,nan,12896,-0.0009844592344073534,0.008884399104863406,0.861790132522583,-0.00016343556344509125,0.11770440712571144,0.11770440712571144,0.06875506192445754,0.0017567237573560205,0.0120249999963562,0.9321980476379395,1.0,0.004201923076923076,0.00025548076923076924,3,0.75,0.75,0.96875,0.37,2.7019658114016054,1.2094419802725316,0.275625,0.9540625429153442
403,1292800,54.49475356936455,0.5449474535882473,54.49475356936455,0.5449474535882473,0.0,0.0,0.0,729.0786349475384,7.2907863913476465,0.8933947385847568,0.29875,0.15778537560704572,nan,nan,nan,nan,nan,nan,nan,nan,nan,nan,12928,-0.0005504667272005825,0.0062015249859541655,0.8440099358558655,-0.000983995944261551,0.10698277279734611,0.10698277279734611,0.04540574066340923,0.0011815105077432491,0.006037500046659261,0.95592200756073,1.0,0.004187499999999999,0.000254375,3,0.75,0.75,0.90625,0.29875,3.3075412315130235,1.2839269495010377,0.2,0.9062053984403611
404,1296000,104.39701908826828,1.043970258831978,104.39701908826828,1.043970258831978,0.0,0.0,0.0,778.9809004664421,7.789809196591377,0.8586745001375675,0.3390625,0.18242166660967518,nan,nan,nan,nan,nan,nan,nan,nan,nan,nan,12960,-0.0007709602799150339,0.007520611118525267,0.8434092044830322,-0.0005302660865709186,0.07874802760779857,0.07874802760779857,0.05032340027391911,0.0018439926665479347,0.015137499960474088,0.9466139078140259,1.0,0.004173076923076923,0.00025326923076923074,3,0.75,0.75,0.90625,0.3390625,3.110845199227333,1.043039326891303,0.2703125,0.9589286142587662
405,1299200,136.848952293396,1.3684896579384804,136.848952293396,1.3684896579384804,0.0,0.0,0.0,811.4328336715698,8.114328595697879,0.6406859083473683,0.3421875,0.20856368562626282,nan,nan,nan,nan,nan,nan,nan,nan,nan,nan,12992,-0.0008292915314086713,0.00789154223166406,0.84534792304039,-0.0003990297205746174,0.15937591716647148,0.15937591716647148,0.05304277986288071,0.0013606145133992394,0.009403124975506216,0.9317594766616821,1.0,0.004158653846153846,0.00025216346153846155,3,0.75,0.75,0.96875,0.3421875,1.9066339427232741,1.097690368592739,0.253125,0.9546429008245468
406,1302400,48.20488005876541,0.4820489418506622,48.20488005876541,0.4820489418506622,0.0,0.0,0.0,722.7887614369392,7.227887879610061,0.7759306912124156,0.289375,0.16294273274957916,nan,nan,nan,nan,nan,nan,nan,nan,nan,nan,13024,-0.0007401465532835161,0.007965304283425212,0.8497350931167602,-0.0002789927879348397,0.10583319365978242,0.10583319365978242,0.05807444676756859,0.002138992896655744,0.013299999733862932,0.9405511021614075,1.0,0.004144230769230769,0.0002510576923076923,3,0.75,0.75,0.90625,0.289375,2.5437659293413164,0.9881824113428592,0.1915625,0.9097321873903275
407,1305600,-23.911826729774475,-0.23911827683448791,-23.911826729774475,-0.23911827683448791,0.0,23.911826729774475,0.23911827683448791,650.6720546483994,6.506720660924911,1.1932710373401643,0.2603125,0.11868688163396697,nan,nan,nan,nan,nan,nan,nan,nan,nan,nan,13056,-0.0007358955451229221,0.007437995355576277,0.8479491710662842,-0.0005187647300772368,0.18178663179278373,0.18178663179278373,0.05945242755115032,0.0013941473505867242,0.010034375073155388,0.9500061869621277,1.0,0.004129807692307691,0.0002499519230769231,3,0.75,0.75,0.875,0.2603125,3.9171929639577865,1.4643474042415618,0.1925,0.935000039935112
408,1308800,113.21771678328514,1.1321771338582038,113.21771678328514,1.1321771338582038,0.0,0.0,0.0,787.801598161459,7.878016071617603,0.9480060148984194,0.3484375,0.17886880088415416,nan,nan,nan,nan,nan,nan,nan,nan,nan,nan,13088,-0.0007760169168235631,0.007688864506781102,0.8385470569133758,-0.0003825282794423401,0.11709715723991394,0.11709715723991394,0.06862059161067009,0.0015759962712793972,0.01013437504589092,0.9424906969070435,1.0,0.0041153846153846145,0.00024884615384615386,3,0.75,0.75,0.96875,0.3484375,3.0550526708364485,1.2243532041460277,0.2446875,0.9103125435113907
409,1312000,23.21485662460327,0.2321484789252281,23.21485662460327,0.2321484789252281,0.0,0.0,0.0,697.7987380027771,6.977987416684627,1.007444402575493,0.2915625,0.14524063512091978,nan,nan,nan,nan,nan,nan,nan,nan,nan,nan,13120,-0.000688613908487623,0.006285250699147582,0.8472621440887451,-0.0010205780738033355,0.09476095326244831,0.09476095326244831,0.04513190090656281,0.0008976955890858901,0.007871875030105002,0.9617257118225098,1.0,0.004100961538461538,0.0002477403846153846,3,0.75,0.75,0.90625,0.2915625,2.5671210533380506,1.5394343663007022,0.198125,0.9343303966522217
410,1315200,45.30568566918373,0.4530569285154343,45.30568566918373,0.4530569285154343,0.0,0.0,0.0,719.8895670473576,7.1988958662748335,0.9714560921490193,0.30125,0.152805837877737,nan,nan,nan,nan,nan,nan,nan,nan,nan,nan,13152,-0.000870565890311259,0.00753960725851357,0.8420648097991943,-0.0005418926593847573,0.08854478858411312,0.08854478858411312,0.0513972245156765,0.0018203491847117136,0.013712499896064401,0.9491653442382812,1.0,0.004086538461538461,0.0002466346153846154,3,0.75,0.75,0.90625,0.30125,3.259048676490784,1.2731811444461345,0.211875,0.9187500452995301
411,1318400,144.88407292962074,1.4488409119844436,144.88407292962074,1.4488409119844436,0.0,0.0,0.0,819.4679543077946,8.194679849743842,0.787819100022316,0.3509375,0.19629362948165144,nan,nan,nan,nan,nan,nan,nan,nan,nan,nan,13184,-0.0009088455294841147,0.008069454366341234,0.8705790758132934,-0.00041921667288988826,0.08863278143107892,0.08863278143107892,0.04062752164900303,0.0018803699589654767,0.01555937509983778,0.9357349276542664,1.0,0.004072115384615384,0.00024552884615384617,3,0.75,0.75,0.9375,0.3509375,3.2591626873612403,0.8038738683611154,0.2425,0.9539732551574707
412,1321600,122.10976999998093,1.221097954660654,122.10976999998093,1.221097954660654,0.0,0.0,0.0,796.6936513781548,7.966936892420053,1.0721711066365243,0.36125,0.17433405901811283,nan,nan,nan,nan,nan,nan,nan,nan,nan,nan,13216,-0.000847979711508362,0.008569781435653567,0.8743553102016449,-0.00011095388326793909,0.12971659004688263,0.12971659004688263,0.05045363567769527,0.001410821651373368,0.007849999866448343,0.9345331788063049,1.0,0.004057692307692307,0.00024442307692307697,3,0.75,0.75,0.9375,0.36125,2.547835551202297,1.501894228234887,0.23,0.9139732545614243
413,1324800,47.7336128950119,0.477336156219244,47.7336128950119,0.477336156219244,0.0,0.0,0.0,722.3174942731857,7.223175093978643,0.9035835094749928,0.314375,0.1651490456999727,nan,nan,nan,nan,nan,nan,nan,nan,nan,nan,13248,-0.0005700763112065132,0.00718593904748559,0.8458861351013184,-0.0003972523962147534,0.09195675626397133,0.09195675626397133,0.06335080638527871,0.0012441392787905891,0.005959374964004382,0.9467793107032776,1.0,0.0040432692307692305,0.00024331730769230772,3,0.75,0.75,0.96875,0.314375,3.332474045753479,0.9546736568212509,0.2021875,0.9568750435113906
414,1328000,87.94112092256546,0.8794112521409988,87.94112092256546,0.8794112521409988,0.0,0.0,0.0,762.5250023007393,7.625250189900398,1.0665856888145209,0.3396875,0.16437135989016685,nan,nan,nan,nan,nan,nan,nan,nan,nan,nan,13280,-0.0007529810177977936,0.005652016820386052,0.8748876512050628,-0.0014517603092826902,0.10800459608435631,0.10800459608435631,0.04121667332947254,0.0014378807401983565,0.00972812493564561,0.962760865688324,1.0,0.004028846153846154,0.00024221153846153848,3,0.75,0.75,0.9375,0.3396875,2.813995109796524,1.4363518551737071,0.23125,0.9374553984403611
415,1331200,16.751603722572327,0.16751592844724655,16.751603722572327,0.16751592844724655,0.0,0.0,0.0,691.3354851007462,6.913354866206646,1.163962792083621,0.2903125,0.13415780579132136,nan,nan,nan,nan,nan,nan,nan,nan,nan,nan,13312,-0.0009523181329423203,0.007409576699137688,0.8551494300365448,-0.0006804614444263279,0.09995678663253785,0.09995678663253785,0.04931950941681862,0.0013581981445922836,0.006143750022965832,0.9497726559638977,1.0,0.004014423076923077,0.00024110576923076928,3,0.75,0.75,0.875,0.2903125,3.0375921961665155,1.5915113179385663,0.1996875,0.9428571850061417
416,1334400,75.3502838909626,0.7535027940571308,75.3502838909626,0.7535027940571308,0.0,0.0,0.0,749.9341652691364,7.49934173181653,0.8294562413543463,0.3128125,0.17098659860179272,nan,nan,nan,nan,nan,nan,nan,nan,nan,nan,13344,-0.0005899575997667661,0.007853044010698796,0.8543227434158325,-8.072676137089729e-05,0.13331655487418176,0.13331655487418176,0.04930378496646881,0.0010929482887178806,0.00687499990381184,0.9335361123085022,1.0,0.004,0.00024000000000000003,3,0.75,0.75,0.90625,0.3128125,2.2825625985860825,1.3292735970765353,0.218125,0.9244196838140488
417,1337600,49.96330937743187,0.49963308438658716,49.96330937743187,0.49963308438658716,0.0,0.0,0.0,724.5471907556057,7.245472022145986,0.7999631049484015,0.29125,0.1618088721926048,nan,nan,nan,nan,nan,nan,nan,nan,nan,nan,13376,-0.00027172890709699083,0.00798642705194652,0.8747660040855407,0.00023503752890974283,0.06970122866332532,0.06970122866332532,0.043185808882117274,0.000845565857164978,0.0012906250107334928,0.9401254057884216,1.0,0.003985576923076923,0.00023889423076923084,3,0.75,0.75,0.90625,0.29125,2.9828891626000402,1.1170710717141628,0.205,0.9329018288850784
418,1340800,106.44787693023682,1.0644786997139455,106.44787693023682,1.0644786997139455,0.0,0.0,0.0,781.0317583084106,7.810317637473345,1.0535642356425523,0.3459375,0.1684571117843594,nan,nan,nan,nan,nan,nan,nan,nan,nan,nan,13408,-0.0008838154990342239,0.0089221203699708,0.8653043985366822,0.0001409877324476838,0.09885533601045608,0.09885533601045608,0.06398245431482792,0.0015166818109747424,0.010453125083222404,0.9293810129165649,1.0,0.0039711538461538465,0.0002377884615384616,3,0.75,0.75,0.90625,0.3459375,2.4362004151940346,1.534895638525486,0.2440625,0.9339732587337494
419,1344000,120.48017823696136,1.2048019514977932,120.48017823696136,1.2048019514977932,0.0,0.0,0.0,795.0640596151352,7.950640889257192,0.8008636669814586,0.344375,0.19122769053208155,nan,nan,nan,nan,nan,nan,nan,nan,nan,nan,13440,-0.0007049774932791131,0.005169416172429919,0.8716753721237183,-0.0015692543238401413,0.1315891906619072,0.1315891906619072,0.033778082206845285,0.0014929772165516002,0.010534374869894236,0.9554874300956726,1.0,0.003956730769230769,0.00023668269230769234,3,0.75,0.75,0.9375,0.344375,2.406325112581253,1.269433714300394,0.246875,0.9529018247127533
420,1347200,83.36483570933342,0.8336481335759163,83.36483570933342,0.8336481335759163,0.0,0.0,0.0,757.9487170875072,7.579487071335315,0.6822696916013956,0.3271875,0.19449170464965215,263.6124083250761,2.636124083250761,263.6124083250761,2.636124083250761,100.0,1.4190858985856176,0.485,0.2004889534032537,0.0,872.8288555592299,13472,-0.0010235408179461558,0.0065464767627418045,0.8825201869010926,-0.0012294683605432511,0.1057886891067028,0.1057886891067028,0.042898448556661604,0.0018591323045285325,0.01653125013690442,0.9481966495513916,1.0,0.003942307692307691,0.00023557692307692304,3,0.75,0.75,0.90625,0.3271875,2.668524027168751,1.2549651800096036,0.2328125,0.9596429044008254
421,1350400,130.72359949350357,1.30723608314991,130.72359949350357,1.30723608314991,0.0,0.0,0.0,805.3074808716774,8.05307502090931,0.5668591173738241,0.3378125,0.21559851568927246,nan,nan,nan,nan,nan,nan,nan,nan,nan,nan,13504,-0.0006278931656968689,0.007320985244587064,0.894475656747818,-0.00048079770058393476,0.14715545997023582,0.14715545997023582,0.048840925097465515,0.0010493498863098963,0.005787500121368794,0.9342101812362671,1.0,0.003927884615384614,0.00023447115384615385,3,0.75,0.75,0.8125,0.3378125,2.295700489282608,0.9651914893090725,0.2284375,0.9498661148548126
422,1353600,100.71504318714142,1.007150362432003,100.71504318714142,1.007150362432003,0.0,0.0,0.0,775.2989245653152,7.752989300191402,0.9369416545331478,0.32875,0.16972633080124302,nan,nan,nan,nan,nan,nan,nan,nan,nan,nan,13536,-0.0004762747291708003,0.006242875568568706,0.8727245628833771,-0.0007702110684476793,0.07426180727779866,0.07426180727779866,0.03986543565988541,0.0007526801055092987,0.003274999960194691,0.9449669122695923,1.0,0.0039134615384615375,0.0002333653846153846,3,0.75,0.75,0.875,0.32875,3.3515243881940844,1.2095732007175684,0.2359375,0.9357589709758759
423,1356800,65.23124206066132,0.6523125153779984,65.23124206066132,0.6523125153779984,0.0,0.0,0.0,739.8151234388351,7.398151453137397,0.9859843553602695,0.3078125,0.15499240926505736,nan,nan,nan,nan,nan,nan,nan,nan,nan,nan,13568,-0.0007555770586943344,0.007508840085938573,0.8646402180194854,-0.00037242249818518757,0.11564693301916122,0.11564693301916122,0.04047767259180546,0.0011123943848389338,0.008140624949010088,0.9346799254417419,1.0,0.0038990384615384607,0.00023225961538461535,3,0.75,0.75,0.90625,0.3078125,2.5414850610494613,1.3220480024814605,0.21875,0.9357589727640152
424,1360000,-80.88167864084244,-0.8088168022036553,-80.88167864084244,-0.8088168022036553,0.0,80.88167864084244,0.8088168022036553,593.7022027373314,5.937022135555743,1.0483194269239902,0.2296875,0.11213460995433078,nan,nan,nan,nan,nan,nan,nan,nan,nan,nan,13600,-0.0008189280780264597,0.007953392900526523,0.8708996474742889,-0.00022534182062372565,0.136314707249403,0.136314707249403,0.0530959278345108,0.001500419561855857,0.012559374887496233,0.9428111910820007,1.0,0.003884615384615384,0.00023115384615384616,3,0.75,0.75,0.75,0.2296875,2.6946148508787156,1.6789628264307976,0.158125,0.9331696808338166
425,1363200,32.27624559402466,0.32276233434677126,32.27624559402466,0.32276233434677126,0.0,0.0,0.0,706.8601269721985,7.068601272106171,1.1573574091494083,0.3203125,0.14847447096227376,nan,nan,nan,nan,nan,nan,nan,nan,nan,nan,13632,-0.0005930952497059661,0.008439901424571872,0.8840528428554535,0.00020540107507258654,0.11753341779112816,0.11753341779112816,0.06184279583394527,0.0012500919187032043,0.007943749928381294,0.9443168640136719,1.0,0.003870192307692307,0.0002300480769230769,3,0.75,0.75,0.8125,0.3203125,3.050191805958748,1.4659072848409413,0.22,0.8920982551574707
426,1366400,121.5736292898655,1.215736274421215,121.5736292898655,1.215736274421215,0.0,0.0,0.0,796.1575106680393,7.961575212180614,0.6962169594317674,0.335,0.19749832009239254,nan,nan,nan,nan,nan,nan,nan,nan,nan,nan,13664,-0.0006933443727378475,0.007068320363759995,0.8909415185451508,-0.0005944491131231189,0.07269265092909336,0.07269265092909336,0.05382911451160908,0.0008803648768690621,0.0034250000775500667,0.9302307963371277,1.0,0.0038557692307692303,0.0002289423076923077,3,0.75,0.75,0.9375,0.335,2.319540771394968,0.9510087915509939,0.2371875,0.9614732521772384
427,1369600,65.09541821479797,0.6509542082250118,65.09541821479797,0.6509542082250118,0.0,0.0,0.0,739.6792995929718,7.396793145984411,0.9985763547569513,0.309375,0.15479768849643144,nan,nan,nan,nan,nan,nan,nan,nan,nan,nan,13696,-0.0004715014963992736,0.006799369631335139,0.8812718749046325,-0.00045708701945841313,0.08048255369067192,0.08048255369067192,0.05180756039917469,0.0007880679790132289,0.001665624976158142,0.9416037797927856,1.0,0.0038413461538461535,0.00022783653846153846,3,0.75,0.75,0.90625,0.309375,3.46489249676466,1.2335376991331577,0.221875,0.898125039935112
428,1372800,117.24284794926643,1.1724285326898098,117.24284794926643,1.1724285326898098,0.0,0.0,0.0,791.8267293274403,7.918267470449209,0.9227906106412411,0.339375,0.17650127794561057,nan,nan,nan,nan,nan,nan,nan,nan,nan,nan,13728,-0.0007874508451437556,0.006651265546679497,0.88433638215065,-0.0008461052901111543,0.10363165959715843,0.10363165959715843,0.05017312578856945,0.0011728498429902999,0.006681250012479723,0.9381453990936279,1.0,0.0038269230769230767,0.00022673076923076922,3,0.75,0.75,0.90625,0.339375,2.852731310129166,1.1692337921261788,0.2228125,0.9142857563495635
429,1376000,139.47186708450317,1.3947186663746833,139.47186708450317,1.3947186663746833,0.0,0.0,0.0,814.055748462677,8.140557604134083,0.7191802394390107,0.3578125,0.20812971891577728,nan,nan,nan,nan,nan,nan,nan,nan,nan,nan,13760,-0.0005137669270465217,0.005857513332739472,0.8911203682422638,-0.0009824066888540982,0.15866213738918306,0.15866213738918306,0.06198238953948021,0.0007630190502851082,0.00570625007385388,0.9481785893440247,1.0,0.0038125,0.00022562500000000002,3,0.75,0.75,0.875,0.3578125,2.4088571393489837,1.0711845413595438,0.2540625,0.9336607551574707
430,1379200,49.650742530822754,0.4965073937177658,49.650742530822754,0.4965073937177658,0.0,0.0,0.0,724.2346239089966,7.242346331477165,0.9211371605843306,0.3065625,0.15957345799649017,nan,nan,nan,nan,nan,nan,nan,nan,nan,nan,13792,-0.0005851017603010433,0.006102811777964234,0.8960495173931122,-0.0009369608596898615,0.13200200200080872,0.13200200200080872,0.04735466651618481,0.0009052746201660735,0.005887499917298556,0.9559544920921326,1.0,0.0037980769230769222,0.00022451923076923077,3,0.75,0.75,0.84375,0.3065625,3.1266217857599257,1.41117521956563,0.2103125,0.841294676065445
431,1382400,59.347267389297485,0.5934728033095599,59.347267389297485,0.5934728033095599,0.0,0.0,0.0,733.9311487674713,7.339311741068959,0.9165912193059921,0.2925,0.1526147031529842,nan,nan,nan,nan,nan,nan,nan,nan,nan,nan,13824,-0.00032369532748273145,0.007121662655845284,0.8751427888870239,-7.410149555653334e-05,0.07058043479919433,0.07058043479919433,0.03715943433344364,0.0007499506755292831,0.0025218749738996848,0.933443546295166,1.0,0.0037836538461538454,0.00022341346153846158,3,0.75,0.75,1.0,0.2925,2.9839206302165984,1.201485706269741,0.2203125,0.9525893318653107
432,1385600,-126.87290889024734,-1.2687290358543395,-126.87290889024734,-1.2687290358543395,0.0,126.87290889024734,1.2687290358543395,547.7109724879265,5.4771099019050595,1.314369194433093,0.2065625,0.08925218175944384,nan,nan,nan,nan,nan,nan,nan,nan,nan,nan,13856,-0.0008806347181613105,0.008373437961563469,0.8427214026451111,0.00012967281509190798,0.11552333794534206,0.11552333794534206,0.07253186479210853,0.0009215857993721023,0.005143749999115243,0.9358417987823486,1.0,0.0037692307692307686,0.00022230769230769233,3,0.75,0.75,0.84375,0.2065625,3.928449291586876,1.5174995155632496,0.13625,0.9313839709758759
433,1388800,19.35928910970688,0.1935929301381111,19.35928910970688,0.1935929301381111,0.0,0.0,0.0,693.9431704878807,6.93943186789751,1.0916097715497017,0.2903125,0.138798596157305,nan,nan,nan,nan,nan,nan,nan,nan,nan,nan,13888,-0.0005823653524799965,0.007278372440487147,0.8665578484535217,-0.0001969371223822236,0.1179216269403696,0.1179216269403696,0.05306228697299957,0.0010974122786164254,0.006187499919906259,0.9410912990570068,1.0,0.003754807692307692,0.00022120192307692308,3,0.75,0.75,0.84375,0.2903125,2.949170041680336,1.5441975805163384,0.2065625,0.9253125405311584
434,1392000,71.71439161896706,0.7171439504623414,71.71439161896706,0.7171439504623414,0.0,0.0,0.0,746.2982729971409,7.46298288822174,1.0462124779820443,0.3171875,0.1550120055532099,nan,nan,nan,nan,nan,nan,nan,nan,nan,nan,13920,-0.0005684145772864469,0.007695020269602537,0.8660268068313599,3.98220494389534e-05,0.07866022028028966,0.07866022028028966,0.07732769176363945,0.0009054287784265744,0.0055093749746447426,0.9351144433021545,1.0,0.003740384615384615,0.0002200961538461539,3,0.75,0.75,0.875,0.3171875,2.236542964875698,1.59081862911582,0.2159375,0.9279911154508591
435,1395200,84.46501234173775,0.8446501132845878,84.46501234173775,0.8446501132845878,0.0,0.0,0.0,759.0488937199116,7.590489051043987,0.9140287940204144,0.3221875,0.1683294948365148,nan,nan,nan,nan,nan,nan,nan,nan,nan,nan,13952,-0.0006775111310417081,0.0066729480866342785,0.8871672987937927,-0.0006465883576311171,0.13197308629751206,0.13197308629751206,0.047135375812649725,0.001071744662479402,0.0071000000461936,0.9419196248054504,1.0,0.0037259615384615382,0.00021899038461538464,3,0.75,0.75,0.9375,0.3221875,3.386616495847702,1.100125442519784,0.2275,0.9237054014205932
436,1398400,68.48373591899872,0.6848370802402496,68.48373591899872,0.6848370802402496,0.0,0.0,0.0,743.0676172971725,7.430676017999649,0.7650229423493147,0.31875,0.18059255341787867,nan,nan,nan,nan,nan,nan,nan,nan,nan,nan,13984,-0.00047498016847238313,0.007226619776338339,0.8787038862705231,-0.00012301343958824872,0.10891929417848586,0.10891929417848586,0.048329179733991624,0.0009566309119718038,0.006206249975366518,0.9471245408058167,1.0,0.0037115384615384614,0.00021788461538461545,3,0.75,0.75,0.84375,0.31875,2.8663989034295083,1.3245076447725297,0.2209375,0.9598214721679688
437,1401600,132.56081986427307,1.3256083652377129,132.56081986427307,1.3256083652377129,0.0,0.0,0.0,807.1447012424469,8.071447302997111,0.6566219107061625,0.354375,0.21391422974053376,nan,nan,nan,nan,nan,nan,nan,nan,nan,nan,14016,-0.0005992737096676137,0.006086940877139568,0.8867300391197205,-0.0008341466193087399,0.1057139940559864,0.1057139940559864,0.03280009906738997,0.0011630273056681985,0.0036250000353902577,0.9420332908630371,1.0,0.0036971153846153846,0.0002167788461538462,3,0.75,0.75,0.90625,0.354375,2.927335142493248,1.0033007980883122,0.2553125,0.9336607593297959
438,1404800,60.73366713523865,0.6073368734121323,60.73366713523865,0.6073368734121323,0.0,0.0,0.0,735.3175485134125,7.353175811171531,1.096356876641512,0.32375,0.15443458296979792,nan,nan,nan,nan,nan,nan,nan,nan,nan,nan,14048,-0.0003990182422014321,0.007618898153305053,0.8698897957801819,0.00020689440425485371,0.11337584592401981,0.11337584592401981,0.03976385816931725,0.0010161765472757676,0.009924999915529042,0.9463590979576111,1.0,0.003682692307692308,0.00021567307692307695,3,0.75,0.75,0.8125,0.32375,3.39847531914711,1.4489779022336007,0.2271875,0.9260268247127533
439,1408000,117.33444613218307,1.1733443868160247,117.33444613218307,1.1733443868160247,0.0,0.0,0.0,791.9183275103569,7.919183324575424,0.7166410648822784,0.3346875,0.19496649989725826,nan,nan,nan,nan,nan,nan,nan,nan,nan,nan,14080,-0.0006201931419898665,0.0056914437096565965,0.867521995306015,-0.0009567754925228656,0.12940918803215026,0.12940918803215026,0.03404196407645941,0.0009113297965114952,0.0053000000887550415,0.9457218647003174,1.0,0.00366826923076923,0.00021456730769230765,3,0.75,0.75,0.84375,0.3346875,1.9556141093373298,1.0784230491518974,0.2315625,0.9294643300771713
440,1411200,-7.96329128742218,-0.0796327355504036,-7.96329128742218,-0.0796327355504036,0.0,7.96329128742218,0.0796327355504036,666.6205900907516,6.666206202208995,1.1271634056419133,0.2621875,0.12325686842138947,249.69032713770866,2.4969032713770867,249.69032713770866,2.4969032713770867,100.0,1.4655370118748396,0.475,0.19265579778857234,0.0,858.9067743718624,14112,-0.0007969459526705691,0.008047615177929401,0.8722236096858978,3.989071119576692e-05,0.14374942630529403,0.14374942630529403,0.051853977143764496,0.0011785957956847372,0.0074593751254724335,0.9224840998649597,1.0,0.0036538461538461525,0.00021346153846153845,3,0.75,0.75,0.90625,0.2621875,2.7670811462402343,1.4080072151124476,0.1796875,0.9520536178350448
441,1414400,29.00241458415985,0.29002428948879244,29.00241458415985,0.29002428948879244,0.0,0.0,0.0,703.5862959623337,7.035863227248192,0.9857224444299937,0.29,0.14604256542169727,nan,nan,nan,nan,nan,nan,nan,nan,nan,nan,14144,-0.0006053404125632156,0.0058411315083503725,0.8694601655006409,-0.0008491080370731652,0.1181418277323246,0.1181418277323246,0.06259256508201361,0.001141562605701659,0.004209374985657632,0.9394232630729675,1.0,0.0036394230769230757,0.0002123557692307692,3,0.75,0.75,0.96875,0.29,3.1443802803754806,1.3772352704405784,0.21375,0.91406254529953
442,1417600,125.81682646274567,1.2581681250035763,125.81682646274567,1.2581681250035763,0.0,0.0,0.0,800.4007078409195,8.004007062762975,0.6694093778729439,0.3309375,0.1982362770848093,nan,nan,nan,nan,nan,nan,nan,nan,nan,nan,14176,-0.0005625554890255735,0.004542178846895695,0.8624820351600647,-0.00141796333482489,0.10104961544275284,0.10104961544275284,0.032231195643544194,0.0012679866726131713,0.007671875052619725,0.9555659890174866,1.0,0.003624999999999999,0.00021124999999999996,3,0.75,0.75,1.0,0.3309375,2.486616553366184,1.1093929403275251,0.2378125,0.9329464733600616
443,1420800,115.26797235012054,1.1526797014474868,115.26797235012054,1.1526797014474868,0.0,0.0,0.0,789.8518537282944,7.898518639206886,0.7320667304098606,0.34625,0.19990569296257224,nan,nan,nan,nan,nan,nan,nan,nan,nan,nan,14208,-0.0005967529208108502,0.007234170008450747,0.8639742076396942,-9.911330416798592e-05,0.0944062314927578,0.0944062314927578,0.036949028819799425,0.0006223822143540693,0.0036031250259839,0.9298324584960938,1.0,0.003610576923076922,0.00021014423076923076,3,0.75,0.75,0.875,0.34625,1.7226159888505936,1.2394174291193485,0.219375,0.9604464721679687
444,1424000,208.1162207722664,2.081162118464708,208.1162207722664,2.081162118464708,0.0,0.0,0.0,882.7001021504402,8.827001056224107,0.9060933101177215,0.39875,0.20919752348082737,nan,nan,nan,nan,nan,nan,nan,nan,nan,nan,14240,-0.0005904212540772224,0.007992388028651477,0.8781633913516999,0.0002477621426805854,0.14251222237944602,0.14251222237944602,0.058893588557839396,0.0011228101035187091,0.010174999939044938,0.9181533455848694,1.0,0.0035961538461538453,0.00020903846153846157,3,0.75,0.75,0.96875,0.39875,2.141084531545639,1.1010672246664763,0.2740625,0.9419643324613571
445,1427200,131.62534430623055,1.316253326535225,131.62534430623055,1.316253326535225,0.0,0.0,0.0,806.2092256844044,8.062092264294623,0.9097354011982679,0.3575,0.18719870814338246,nan,nan,nan,nan,nan,nan,nan,nan,nan,nan,14272,-0.00047089188321258746,0.004261467885226011,0.8414353907108307,-0.001353953080251813,0.12587255761027336,0.12587255761027336,0.03137400448322296,0.0007712137350637728,0.005150000086723594,0.9579998850822449,1.0,0.0035817307692307685,0.00020793269230769227,3,0.75,0.75,1.0,0.3575,2.7415464973449706,1.27961133107543,0.2653125,0.914598262310028
446,1430400,111.10875445604324,1.1110875672101974,111.10875445604324,1.1110875672101974,0.0,0.0,0.0,785.6926358342171,7.856926504969596,0.8694360053539276,0.3459375,0.1850491265864466,nan,nan,nan,nan,nan,nan,nan,nan,nan,nan,14304,-0.0003945864142278932,0.006952692335471511,0.8328431725502015,0.0001107518095523119,0.10154202356934547,0.10154202356934547,0.05527900718152523,0.0006011083787627651,0.0023874999984400346,0.9295044541358948,1.0,0.0035673076923076917,0.00020682692307692307,3,0.75,0.75,0.9375,0.3459375,2.6730172729492185,1.4731516618281604,0.24125,0.9177678990364074
447,1433600,214.91669988632202,2.149166993498802,214.91669988632202,2.149166993498802,0.0,0.0,0.0,889.5005812644958,8.8950059312582,0.7814830110967159,0.4103125,0.23032074818799622,nan,nan,nan,nan,nan,nan,nan,nan,nan,nan,14336,-0.00046149518673921364,0.006721693184226751,0.8636190235614777,-0.00016898729372769595,0.10123093575239181,0.10123093575239181,0.04403203800320625,0.0004971661522205989,0.0028343750251224264,0.9294045567512512,1.0,0.003552884615384615,0.00020572115384615388,3,0.75,0.75,0.96875,0.4103125,1.9274137207865716,1.20377168469131,0.2809375,0.9567857563495636
448,1436800,129.54865261912346,1.2954865968227387,129.54865261912346,1.2954865968227387,0.0,0.0,0.0,804.1325339972973,8.041325534582137,0.8321224023401738,0.349375,0.1906941367856987,nan,nan,nan,nan,nan,nan,nan,nan,nan,nan,14368,-0.0008193104367062887,0.006131494231522083,0.8571685135364533,-0.0007866212399676442,0.15213637799024582,0.15213637799024582,0.03893153369426727,0.0015482024962723113,0.01376562503792229,0.9354797601699829,1.0,0.003538461538461538,0.00020461538461538458,3,0.75,0.75,0.96875,0.349375,2.186122098863125,0.9935900631546974,0.2528125,0.959107187986374
449,1440000,95.67134875059128,0.9567135471105576,95.67134875059128,0.9567135471105576,0.0,0.0,0.0,770.2552301287651,7.7025524848699565,0.8177869203686714,0.3240625,0.17827309481040593,nan,nan,nan,nan,nan,nan,nan,nan,nan,nan,14400,-0.000667387629306182,0.005123100010678172,0.87571981549263,-0.0011919079930521547,0.12532357051968573,0.12532357051968573,0.030957725085318088,0.0007157174812193453,0.003203125022992026,0.9497841000556946,1.0,0.0035240384615384613,0.00020350961538461538,3,0.75,0.75,0.875,0.3240625,2.4392610833048822,0.9934245428442955,0.2159375,0.9677678966522216
450,1443200,161.7445813715458,1.6174457949399947,161.7445813715458,1.6174457949399947,0.0,0.0,0.0,836.3284627497196,8.363284732699395,0.6757098693400622,0.3603125,0.21502081392043146,nan,nan,nan,nan,nan,nan,nan,nan,nan,nan,14432,-0.0004262541750300386,0.0047039234079420565,0.8853563070297241,-0.0011815525009296834,0.08525160253047943,0.08525160253047943,0.03222973346710205,0.0011199099302787237,0.004584375110789551,0.9565713405609131,1.0,0.0035096153846153845,0.0002024038461538462,3,0.75,0.75,0.9375,0.3603125,1.924093956053257,0.9775933893769979,0.24125,0.9556696879863739
451,1446400,12.303553014993668,0.12303555309772492,12.303553014993668,0.12303555309772492,0.0,0.0,0.0,686.8874343931675,6.868874490857124,0.8819623918831349,0.283125,0.15044136972189898,nan,nan,nan,nan,nan,nan,nan,nan,nan,nan,14464,-0.00034106409714773633,0.005207818793132901,0.8647750675678253,-0.0007597099523991346,0.07758353427052497,0.07758353427052497,0.03144794423133135,0.0005396723558109166,0.002359374990555807,0.9593096971511841,1.0,0.0034951923076923077,0.000201298076923077,3,0.75,0.75,0.8125,0.283125,3.8449831134080887,1.1317227657139302,0.2021875,0.932812539935112
452,1449600,156.10416209697723,1.5610414291918278,156.10416209697723,1.5610414291918278,0.0,0.0,0.0,830.6880434751511,8.306880366951226,0.8939547135680914,0.3709375,0.19585341578795043,nan,nan,nan,nan,nan,nan,nan,nan,nan,nan,14496,-0.00046091506778616064,0.006730827828869223,0.8563383281230926,-7.621725089848041e-05,0.10401124097406864,0.10401124097406864,0.03790211416780949,0.0008839055546589139,0.004496874956748798,0.9267480373382568,1.0,0.00348076923076923,0.0002001923076923077,3,0.75,0.75,0.96875,0.3709375,2.0125131565332413,1.6933803165704011,0.2628125,0.9464286148548127
453,1452800,87.52944639325142,0.8752943778038025,87.52944639325142,0.8752943778038025,0.0,0.0,0.0,762.1133277714252,7.621133315563202,0.9498690322041512,0.3253125,0.1668381284215092,nan,nan,nan,nan,nan,nan,nan,nan,nan,nan,14528,-0.0009815737888449582,0.005386245390400291,0.8461012661457061,-0.0012213308713398875,0.19405879229307174,0.19405879229307174,0.04292838387191296,0.0017339924634174216,0.015718750015366822,0.952142596244812,1.0,0.003466346153846153,0.0001990865384615385,3,0.75,0.75,0.875,0.3253125,2.736921086013317,1.0610745695978403,0.2265625,0.9567411136627197
454,1456000,64.83346650004387,0.6483345770835877,64.83346650004387,0.6483345770835877,0.0,0.0,0.0,739.4173478782177,7.394173514842986,0.9565641707181931,0.310625,0.15876044581046342,nan,nan,nan,nan,nan,nan,nan,nan,nan,nan,14560,-0.0004230915346990605,0.006436933763325214,0.8449455916881561,-0.0001213118783198297,0.11586003825068474,0.11586003825068474,0.052104448154568675,0.0007394271429831763,0.004818749967671465,0.9340159296989441,1.0,0.0034519230769230764,0.0001979807692307693,3,0.75,0.75,0.9375,0.310625,2.3649304974079133,1.3728009124845266,0.19875,0.9151339650154113
455,1459200,119.27723771333694,1.1927722200751305,119.27723771333694,1.1927722200751305,0.0,0.0,0.0,793.8611190915108,7.938611157834529,0.9350515037029982,0.3415625,0.17651338961592045,nan,nan,nan,nan,nan,nan,nan,nan,nan,nan,14592,-0.0006750852060038781,0.005856753839179873,0.8580284595489502,-0.0006961811683140695,0.09859681464731693,0.09859681464731693,0.03249404970556498,0.0008529910948740033,0.004228125000372529,0.9386999011039734,1.0,0.0034374999999999996,0.000196875,3,0.75,0.75,0.875,0.3415625,2.402211107760668,1.330634199678898,0.23375,0.9499107557535171
456,1462400,8.905840873718262,0.08905830800533295,8.905840873718262,0.08905830800533295,0.0,0.0,0.0,683.4897222518921,6.834897245764732,1.229343245252967,0.285625,0.1281206923196745,nan,nan,nan,nan,nan,nan,nan,nan,nan,nan,14624,-0.0006160558323244913,0.006424732832238078,0.8444254040718079,-0.00029422243824228644,0.11400127485394478,0.11400127485394478,0.03817672580480576,0.0007121201404547481,0.005362499959301203,0.9458359479904175,1.0,0.0034230769230769228,0.0001957692307692308,3,0.75,0.75,0.875,0.285625,2.636446221768856,1.8859410717338323,0.208125,0.9636161106824875
457,1465600,157.5268429517746,1.5752684941887856,157.5268429517746,1.5752684941887856,0.0,0.0,0.0,832.1107243299484,8.321107431948185,0.7979430470615625,0.366875,0.20405262591581858,nan,nan,nan,nan,nan,nan,nan,nan,nan,nan,14656,-0.0006017060532001572,0.0053582530934363605,0.8470786452293396,-0.0008099774597212673,0.10238672979176044,0.10238672979176044,0.046937888115644456,0.0012706688186911055,0.008246875088661908,0.9419203996658325,1.0,0.003408653846153846,0.0001946634615384616,3,0.75,0.75,0.96875,0.366875,1.7555748106539248,1.1808348012715577,0.25,0.9557143318653106
458,1468800,69.25464940071106,0.6925463855266571,69.25464940071106,0.6925463855266571,0.0,0.0,0.0,743.8385307788849,7.438385323286056,0.7896784066408873,0.3134375,0.17513621376719982,nan,nan,nan,nan,nan,nan,nan,nan,nan,nan,14688,-0.0008771274806349538,0.006962250825017691,0.8541026890277863,-0.0002950236783362925,0.1757837813347578,0.1757837813347578,0.05667052194476128,0.0010273312866078573,0.005306249915156514,0.9268187284469604,1.0,0.003394230769230769,0.0001935576923076923,3,0.75,0.75,0.8125,0.3134375,2.4625417470932005,1.3200147481262683,0.1990625,0.9201339727640152
459,1472000,37.04542317986488,0.3704542563855648,37.04542317986488,0.3704542563855648,0.0,0.0,0.0,711.6293045580387,7.116293194144964,1.2146967561542987,0.3003125,0.13559982835820666,nan,nan,nan,nan,nan,nan,nan,nan,nan,nan,14720,-0.00056999321449549,0.006255040224641561,0.830575305223465,-0.00024965801276266575,0.1270504429936409,0.1270504429936409,0.04748095013201237,0.0013809389820411567,0.00910312503692694,0.9424898624420166,1.0,0.0033798076923076915,0.000192451923076923,3,0.75,0.75,0.84375,0.3003125,3.0253730565309525,1.4642111705243588,0.2103125,0.9234375393390656
460,1475200,134.64186716079712,1.3464185887575149,134.64186716079712,1.3464185887575149,0.0,0.0,0.0,809.225748538971,8.092257526516914,0.9458884739130735,0.3565625,0.18323891876648646,252.28160986304283,2.5228160986304284,252.28160986304283,2.5228160986304284,100.0,1.479287496674806,0.48,0.19360400947601716,0.0,861.4980570971966,14752,-0.00047854213537648074,0.00637186630629003,0.8571132898330689,-0.0001771249226294458,0.12783746421337128,0.12783746421337128,0.03348147254437208,0.0008444911563887877,0.0056562500889413055,0.9316141605377197,1.0,0.0033653846153846147,0.00019134615384615381,3,0.75,0.75,0.96875,0.3565625,2.4154033064842224,1.1962987554073334,0.255625,0.9353125447034836
461,1478400,162.89931190013885,1.628993144631386,162.89931190013885,1.628993144631386,0.0,0.0,0.0,837.4831932783127,8.374832082390785,0.8789637840539217,0.3809375,0.20273807469461477,nan,nan,nan,nan,nan,nan,nan,nan,nan,nan,14784,-0.0005140924139996006,0.007020281720906496,0.849624365568161,0.00014898985391482712,0.10205958336591721,0.10205958336591721,0.03790124636143446,0.0005693850473139172,0.0035187500034226105,0.9331464767456055,1.0,0.003350961538461538,0.00019024038461538462,3,0.75,0.75,0.9375,0.3809375,2.485765792429447,1.1313881458342074,0.2678125,0.9565625423192978
462,1481600,49.26832231879234,0.4926829978823662,49.26832231879234,0.4926829978823662,0.0,0.0,0.0,723.8522036969662,7.238521935641765,1.2021684611588717,0.305625,0.1387836604649072,nan,nan,nan,nan,nan,nan,nan,nan,nan,nan,14816,-0.000856865861662659,0.007814646465703845,0.8164469182491303,0.00032635079696774483,0.12302479967474937,0.12302479967474937,0.03899013921618462,0.0010040740649887238,0.005409375089220703,0.9192766547203064,1.0,0.0033365384615384602,0.00018913461538461543,3,0.75,0.75,0.96875,0.305625,2.6905568930506707,1.6749866001307965,0.21625,0.9695536118745803
463,1484800,74.56650990247726,0.7456651286780834,74.56650990247726,0.7456651286780834,0.0,0.0,0.0,749.1503912806511,7.491504066437482,0.9912905376404524,0.32125,0.16132753806014666,nan,nan,nan,nan,nan,nan,nan,nan,nan,nan,14848,-0.0006433599530311973,0.006458802428096533,0.8288088381290436,-0.00016735735116526484,0.0930680837482214,0.0930680837482214,0.03699291944503784,0.0008946931215207506,0.0037781249498948454,0.9424207210540771,1.0,0.0033221153846153834,0.00018802884615384612,3,0.75,0.75,0.9375,0.32125,2.8276555249094963,1.1492539293318986,0.2353125,0.9475893312692643
464,1488000,105.5927429497242,1.0559273456037044,105.5927429497242,1.0559273456037044,0.0,0.0,0.0,780.176624327898,7.801766283363103,0.6687960575520993,0.325625,0.19512570066689175,nan,nan,nan,nan,nan,nan,nan,nan,nan,nan,14880,-0.0005970549512421819,0.004568732203915715,0.8286076784133911,-0.00105346804484725,0.16701959446072578,0.16701959446072578,0.037747947499156,0.001163681030451101,0.010762499901466072,0.9487125873565674,1.0,0.0033076923076923066,0.00018692307692307693,3,0.75,0.75,0.9375,0.325625,2.4600213159620763,0.7901788741350174,0.236875,0.9429464697837829
465,1491200,102.42503863573074,1.0242506195604801,102.42503863573074,1.0242506195604801,0.0,0.0,0.0,777.0089200139046,7.77008955731988,1.1232339990884066,0.3440625,0.16204643489493878,nan,nan,nan,nan,nan,nan,nan,nan,nan,nan,14912,-0.0004959103369386764,0.006132318591699004,0.8166156470775604,-0.00011908627348020673,0.10649263858795166,0.10649263858795166,0.04496226496994495,0.0011382761586022875,0.008387499998207204,0.939573347568512,1.0,0.00329326923076923,0.00018581730769230774,3,0.75,0.75,0.84375,0.3440625,2.89575309202075,1.2990623991191388,0.244375,0.9590178990364074
466,1494400,161.75449100136757,1.6175448517501354,161.75449100136757,1.6175448517501354,0.0,0.0,0.0,836.3383723795414,8.363383789509534,0.739760078266263,0.3625,0.20836206355605366,nan,nan,nan,nan,nan,nan,nan,nan,nan,nan,14944,-0.0005904958068625899,0.006125542894005775,0.8468434572219848,-0.00030439370311796665,0.1045216392725706,0.1045216392725706,0.034628824703395365,0.001243395954228088,0.005540624970308272,0.9357014894485474,1.0,0.003278846153846153,0.00018471153846153843,3,0.75,0.75,0.96875,0.3625,2.6515451082587242,0.8581608685106039,0.2503125,0.9218750435113907
467,1497600,120.47584354877472,1.204758320748806,120.47584354877472,1.204758320748806,0.0,0.0,0.0,795.0597249269485,7.950597258508205,1.0804840499907733,0.3603125,0.17318686004903422,nan,nan,nan,nan,nan,nan,nan,nan,nan,nan,14976,-0.0008592141380533213,0.004736162349581718,0.8218206405639649,-0.00117390314117074,0.13536306992173194,0.13536306992173194,0.02919240780174732,0.001425502648638452,0.009365624992642551,0.9569790363311768,1.0,0.0032644230769230762,0.00018360576923076924,3,0.75,0.75,0.90625,0.3603125,2.307710103094578,1.5743513414263726,0.25125,0.9495089721679687
468,1500800,214.25554245710373,2.142555659413338,214.25554245710373,2.142555659413338,0.0,0.0,0.0,888.8394238352776,8.888394597172738,0.7367403873801232,0.40625,0.23391521435902635,nan,nan,nan,nan,nan,nan,nan,nan,nan,nan,15008,-0.0007611463205015933,0.004850568575784564,0.8494343936443329,-0.001096523809246719,0.1057047925889492,0.1057047925889492,0.025523582473397255,0.0012394071513003192,0.008496875083073974,0.9448158740997314,1.0,0.0032499999999999994,0.00018250000000000004,3,0.75,0.75,0.96875,0.40625,1.9504998296499252,0.8629162088781596,0.2725,0.96156254529953
469,1504000,56.0520396232605,0.5605203017592431,56.0520396232605,0.5605203017592431,0.0,0.0,0.0,730.6359210014343,7.306359239518642,0.99878118686378,0.3090625,0.15462547978297692,nan,nan,nan,nan,nan,nan,nan,nan,nan,nan,15040,-0.0007194095072918571,0.0056565666105598215,0.8301469266414643,-0.0005771304247900843,0.0971471294760704,0.0971471294760704,0.03199303951114416,0.000995753706596009,0.00485937497287523,0.9482961297035217,1.0,0.0032355769230769226,0.00018139423076923074,3,0.75,0.75,0.875,0.3090625,2.8781790950894357,1.3453713166713714,0.2065625,0.9426339745521546
470,1507200,126.45775157213211,1.2645775678753852,126.45775157213211,1.2645775678753852,0.0,0.0,0.0,801.0416329503059,8.010416505634785,0.5838563504815102,0.3359375,0.21210099002846514,nan,nan,nan,nan,nan,nan,nan,nan,nan,nan,15072,-0.0010341128224506946,0.004960469575598836,0.838688975572586,-0.0012554241926409303,0.15168724730610847,0.15168724730610847,0.03917117565870285,0.0021340236235151593,0.018912499924772418,0.9444864988327026,1.0,0.003221153846153846,0.00018028846153846155,3,0.75,0.75,0.96875,0.3359375,2.4850929057598115,0.8444194261729717,0.229375,0.9389732575416565
471,1510400,95.62196493148804,0.9562196424603462,95.62196493148804,0.9562196424603462,0.0,0.0,0.0,770.2058463096619,7.702058580219745,0.8587337606400252,0.3284375,0.17669959353775755,nan,nan,nan,nan,nan,nan,nan,nan,nan,nan,15104,-0.0004399814738077157,0.00579954837448895,0.8183849394321442,-0.00016454746946692467,0.15040191560983657,0.15040191560983657,0.032902524992823604,0.0012364308560823159,0.0077156251172709744,0.9376080632209778,1.0,0.003206730769230769,0.00017918269230769235,3,0.75,0.75,0.9375,0.3284375,3.0428155305981637,1.2306115885823965,0.2328125,0.9231696844100952
472,1513600,76.1334598660469,0.7613346314430237,76.1334598660469,0.7613346314430237,0.0,0.0,0.0,750.7173412442207,7.507173569202423,0.7586797649413347,0.30625,0.17413630730562013,nan,nan,nan,nan,nan,nan,nan,nan,nan,nan,15136,-0.0005847765781829217,0.004828590294346213,0.8188727080821991,-0.0007845750194974243,0.10363665670156479,0.10363665670156479,0.04632839150726795,0.0012536862817828797,0.006034375031595119,0.9510082006454468,1.0,0.003192307692307692,0.00017807692307692316,3,0.75,0.75,0.90625,0.30625,2.5119294112920763,1.068661044239998,0.2165625,0.9307143247127533
473,1516800,142.03413665294647,1.4203412394970656,142.03413665294647,1.4203412394970656,0.0,0.0,0.0,816.6180180311203,8.166180177256464,1.046074888855219,0.3659375,0.17884853677312978,nan,nan,nan,nan,nan,nan,nan,nan,nan,nan,15168,-0.0003792864984680122,0.004913094872608781,0.8175670385360718,-0.0005208726623095572,0.1091273482888937,0.1091273482888937,0.040143728256225586,0.000658205254879666,0.0033750000395230016,0.9439173340797424,1.0,0.0031778846153846154,0.00017697115384615386,3,0.75,0.75,0.96875,0.3659375,2.4263180787861347,1.3289509308338165,0.2715625,0.9298661148548126
474,1520000,239.75832787156105,2.3975832575559615,239.75832787156105,2.3975832575559615,0.0,0.0,0.0,914.3422092497349,9.14342219531536,0.7095849044620991,0.4165625,0.2436629493584974,nan,nan,nan,nan,nan,nan,nan,nan,nan,nan,15200,-0.000494780593787425,0.004651394579559565,0.8333227574825287,-0.0008052677731029689,0.1311852253973484,0.1311852253973484,0.03647590689361095,0.0011699000158872839,0.008284374969662167,0.944696307182312,1.0,0.0031634615384615386,0.00017586538461538466,3,0.75,0.75,1.0,0.4165625,1.8368163268268107,1.0194162904471158,0.2825,0.9466071873903275
475,1523200,146.5750723183155,1.465750721693039,146.5750723183155,1.465750721693039,0.0,0.0,0.0,821.1589536964893,8.211589659452438,0.7116439068317413,0.354375,0.20703780651195688,nan,nan,nan,nan,nan,nan,nan,nan,nan,nan,15232,-0.00035645394132295395,0.005209216708317399,0.8215449035167695,-0.0003389220335520804,0.09649016037583351,0.09649016037583351,0.032921886444091795,0.0007115773085419907,0.002715625014025136,0.9445308446884155,1.0,0.003149038461538461,0.00017475961538461547,3,0.75,0.75,0.9375,0.354375,2.5968140774965285,0.8846810840815306,0.2490625,0.9652232587337494
476,1526400,103.48846966028214,1.0348847185075283,103.48846966028214,1.0348847185075283,0.0,0.0,0.0,778.072351038456,7.780723656266927,0.8639159967750311,0.3459375,0.18559715169489668,nan,nan,nan,nan,nan,nan,nan,nan,nan,nan,15264,-0.0005918295829207664,0.0060724237002432345,0.7924063324928283,-3.9506913162767886e-05,0.18246132209897042,0.18246132209897042,0.04308572486042976,0.0007913314035280352,0.0054281249162158925,0.9413459897041321,1.0,0.003134615384615384,0.00017365384615384617,3,0.75,0.75,0.9375,0.3459375,2.39141818895936,1.3336031686514616,0.2396875,0.9647321826219559
477,1529600,222.5097739994526,2.2250977298617363,222.5097739994526,2.2250977298617363,0.0,0.0,0.0,897.0936553776264,8.970936667621135,0.7139275072515011,0.4075,0.23775801384591674,nan,nan,nan,nan,nan,nan,nan,nan,nan,nan,15296,-0.0007661583181004961,0.003713900945149362,0.8304316818714141,-0.0015003143926151097,0.14591517820954322,0.14591517820954322,0.021554232388734818,0.0014050418620203907,0.010803124879021197,0.9578033685684204,1.0,0.0031201923076923073,0.00017254807692307697,3,0.75,0.75,0.9375,0.4075,2.432035034298897,0.8494477096945048,0.28,0.9525000423192977
478,1532800,67.2971148788929,0.6729709821939468,67.2971148788929,0.6729709821939468,0.0,0.0,0.0,741.8809962570667,7.418809919953346,0.8070887165516615,0.3053125,0.1689526901493835,nan,nan,nan,nan,nan,nan,nan,nan,nan,nan,15328,-0.0006918824446852767,0.005680611310526729,0.8098622024059295,-0.00036682183854281903,0.17047294676303865,0.17047294676303865,0.03467990681529045,0.001286503775921567,0.008706249936949462,0.9389201998710632,1.0,0.0031057692307692297,0.00017144230769230767,3,0.75,0.75,0.9375,0.3053125,2.663470116406679,1.2365141552686691,0.2115625,0.9455357563495635
479,1536000,116.92035380005836,1.1692035299539567,116.92035380005836,1.1692035299539567,0.0,0.0,0.0,791.5042351782322,7.915042467713356,0.8771296808123589,0.344375,0.1834582892807736,nan,nan,nan,nan,nan,nan,nan,nan,nan,nan,15360,-0.0004258588688986542,0.0057938927318900825,0.8196950316429138,-6.28736917860806e-05,0.05685328505933285,0.05685328505933285,0.02796497382223606,0.0004200352485017418,0.001462500001071021,0.9404222369194031,1.0,0.003091346153846153,0.00017033653846153848,3,0.75,0.75,0.9375,0.344375,2.0783231438696386,1.2287583056092262,0.245625,0.9437500423192978
480,1539200,149.92579460144043,1.4992579513788222,149.92579460144043,1.4992579513788222,0.0,0.0,0.0,824.5096759796143,8.245096889138221,0.749262814745307,0.3603125,0.2059796257959451,221.7428253889084,2.217428253889084,221.7428253889084,2.217428253889084,100.0,1.49548848179169,0.45,0.1803254165600928,0.0,830.9592726230621,15392,-0.00039361210157513594,0.004575659288093448,0.8177654862403869,-0.0006219838629476726,0.12004163525998593,0.12004163525998593,0.031055494025349618,0.0008264816104233974,0.005199999921023846,0.9479724764823914,1.0,0.003076923076923076,0.00016923076923076917,3,0.75,0.75,0.96875,0.3603125,2.5965210899710653,1.0920817900449038,0.2559375,0.9372768294811249
481,1542400,112.44531553983688,1.1244531145691872,112.44531553983688,1.1244531145691872,0.0,0.0,0.0,787.0291969180107,7.870292052328586,0.8664748933911324,0.345,0.18484041827810588,nan,nan,nan,nan,nan,nan,nan,nan,nan,nan,15424,-0.0005819111841090851,0.004910340718924999,0.82516810297966,-0.0006538180983625353,0.16194026172161102,0.16194026172161102,0.03232024256139994,0.0011825833582437982,0.009159374958835542,0.9555636644363403,1.0,0.0030624999999999993,0.00016812499999999998,3,0.75,0.75,0.9375,0.345,2.7664405670762062,1.2748209056258202,0.2525,0.9533929020166397
482,1545600,205.17614921927452,2.0517613130807875,205.17614921927452,2.0517613130807875,0.0,0.0,0.0,879.7600305974483,8.797600250840187,0.6935902100801468,0.3975,0.2347084894764412,nan,nan,nan,nan,nan,nan,nan,nan,nan,nan,15456,-0.0007557236001186629,0.005712670460343361,0.8358857691287994,-0.00044723255559802054,0.1464112237095833,0.1464112237095833,0.03373990524560213,0.0011075509997711989,0.00758124998465064,0.9292702078819275,1.0,0.0030480769230769224,0.00016701923076923079,3,0.75,0.75,1.0,0.3975,2.5108628028631212,1.0429405937343836,0.2803125,0.9281250417232514
483,1548800,79.57661670446396,0.7957663130760193,79.57661670446396,0.7957663130760193,0.0,0.0,0.0,754.1604980826378,7.541605250835419,1.008611493036151,0.3221875,0.16040309493250585,nan,nan,nan,nan,nan,nan,nan,nan,nan,nan,15488,-0.0005862159574753445,0.006784560531377793,0.814222902059555,0.00033599387388676404,0.11701847091317177,0.11701847091317177,0.035714028403162956,0.0010445067942814427,0.005081249980139546,0.9324018955230713,1.0,0.0030336538461538456,0.0001659134615384616,3,0.75,0.75,0.90625,0.3221875,2.7055453568696977,1.3992273358255625,0.2240625,0.9475000447034836
484,1552000,76.31701719760895,0.7631701438128948,76.31701719760895,0.7631701438128948,0.0,0.0,0.0,750.9008985757828,7.509009081572294,0.7977440311014652,0.3284375,0.18269425141618667,nan,nan,nan,nan,nan,nan,nan,nan,nan,nan,15520,-0.0008328544347081746,0.005912235891446471,0.8247914791107178,-0.00036697222385555505,0.2191007986664772,0.2191007986664772,0.03337699286639691,0.0016019853785141642,0.015631250012665986,0.9388383626937866,1.0,0.003019230769230769,0.0001648076923076923,3,0.75,0.75,0.875,0.3284375,2.4955847565829754,1.1827025533467532,0.220625,0.9431250411272049
485,1555200,109.50079548358917,1.0950079633295535,109.50079548358917,1.0950079633295535,0.0,0.0,0.0,784.084676861763,7.840846901088953,0.7908505123853683,0.34,0.18985392563398745,nan,nan,nan,nan,nan,nan,nan,nan,nan,nan,15552,-0.0006490803004591816,0.0048815934918820855,0.8090290665626526,-0.0006392603390850127,0.14168890938162804,0.14168890938162804,0.03335022944957018,0.0017539107444496098,0.010956250078379526,0.9483895897865295,1.0,0.003004807692307691,0.0001637019230769231,3,0.75,0.75,0.96875,0.34,2.4952681508660315,1.021412712931633,0.2384375,0.9252678984403611
486,1558400,195.77999085187912,1.9577998307347297,195.77999085187912,1.9577998307347297,0.0,0.0,0.0,870.363872230053,8.703638768494129,0.8568112646043301,0.4053125,0.21828416690824443,nan,nan,nan,nan,nan,nan,nan,nan,nan,nan,15584,-0.00047998895779310935,0.0045373909641057255,0.8143093168735505,-0.0006463915109634399,0.11406034231185913,0.11406034231185913,0.0369084594771266,0.0006374516026003516,0.003225000068778172,0.9512630105018616,1.0,0.0029903846153846144,0.0001625961538461539,3,0.75,0.75,0.9375,0.4053125,2.5253605210781096,1.0673464500159024,0.2878125,0.9389732551574707
487,1561600,152.40432357788086,1.5240433017909527,152.40432357788086,1.5240433017909527,0.0,0.0,0.0,826.9882049560547,8.269882239550352,0.7686566076427698,0.371875,0.2102584517497874,nan,nan,nan,nan,nan,nan,nan,nan,nan,nan,15616,-0.0004845473882626017,0.005021707015112042,0.8170611917972564,-0.00040523650823161007,0.09287824742496013,0.09287824742496013,0.03236522823572159,0.00111903847937667,0.004971874959301204,0.9452792406082153,1.0,0.0029759615384615376,0.0001614903846153846,3,0.75,0.75,0.90625,0.371875,2.7073975938558577,0.9858976072072982,0.28875,0.9471875435113907
488,1564800,101.35550665855408,1.0135550406575202,101.35550665855408,1.0135550406575202,0.0,0.0,0.0,775.9393880367279,7.759393978416919,0.8885607528686523,0.328125,0.17374341783900282,nan,nan,nan,nan,nan,nan,nan,nan,nan,nan,15648,-0.0008160174681456134,0.0039538172073662285,0.8197613775730133,-0.0012668637558817864,0.14615644961595536,0.14615644961595536,0.02838035747408867,0.0015840489249999469,0.00985312515986152,0.9607568979263306,1.0,0.0029615384615384608,0.0001603846153846154,3,0.75,0.75,0.9375,0.328125,3.1051395362615586,1.1542588306218386,0.2240625,0.9402678948640824
489,1568000,39.11241388320923,0.3911240221560001,39.11241388320923,0.3911240221560001,0.0,0.0,0.0,713.696295261383,7.136962959915399,1.0851262202858925,0.3103125,0.14882192597312066,nan,nan,nan,nan,nan,nan,nan,nan,nan,nan,15680,-0.0005240667103382002,0.00495594167150557,0.7932830214500427,-0.0003839924465864897,0.13543503284454345,0.13543503284454345,0.03275512084364891,0.000988945444626883,0.004693750041406019,0.953515350818634,1.0,0.002947115384615384,0.0001592788461538462,3,0.75,0.75,0.9375,0.3103125,2.8277727881073953,1.369174805134535,0.2025,0.9354464727640152
490,1571200,23.30388242006302,0.2330388768017292,23.30388242006302,0.2330388768017292,0.0,0.0,0.0,697.8877637982368,6.9788778145611285,1.1011028507351874,0.2984375,0.14203850130210194,nan,nan,nan,nan,nan,nan,nan,nan,nan,nan,15712,-0.00045953641776579345,0.0053138227201998236,0.8066816866397858,-0.00016837430885061622,0.07980062961578369,0.07980062961578369,0.03524250332266092,0.0011187650867245766,0.002668750029988587,0.9519214034080505,1.0,0.002932692307692307,0.0001581730769230769,3,0.75,0.75,0.875,0.2984375,3.704430884718895,1.3622781506180763,0.211875,0.9111607593297958
491,1574400,-28.39354658126831,-0.2839355131983757,-28.39354658126831,-0.2839355131983757,0.0,28.39354658126831,0.2839355131983757,646.1903347969055,6.461903424561023,1.1829937317222357,0.2640625,0.12096347147624303,nan,nan,nan,nan,nan,nan,nan,nan,nan,nan,15744,-0.00038362684015371686,0.004711805982515216,0.7959368348121643,-0.0003504819003865123,0.07499419078230858,0.07499419078230858,0.03487657532095909,0.0007351566182510307,0.002784374949260382,0.9605299830436707,1.0,0.0029182692307692304,0.00015706730769230771,3,0.75,0.75,0.8125,0.2640625,2.9493161091208457,1.4839657202363015,0.18875,0.9470089668035507
492,1577600,91.72878637909889,0.9172876894474029,91.72878637909889,0.9172876894474029,0.0,0.0,0.0,766.3126677572727,7.663126627206802,0.9108597242087125,0.334375,0.17498668047884297,nan,nan,nan,nan,nan,nan,nan,nan,nan,nan,15776,-0.00037876214336938217,0.006424516625702381,0.8130441725254058,0.00047254106029868124,0.12137137316167354,0.12137137316167354,0.04422325044870377,0.0008205980368108049,0.0038687500225933038,0.9340202808380127,1.0,0.0029038461538461536,0.00015596153846153852,3,0.75,0.75,0.875,0.334375,2.6270909267663956,1.3497987484186889,0.2259375,0.9545536184310913
493,1580800,70.4272049665451,0.7042719537019729,70.4272049665451,0.7042719537019729,0.0,0.0,0.0,745.0110863447189,7.450110891461372,0.9166538638621569,0.3175,0.16565328043125171,nan,nan,nan,nan,nan,nan,nan,nan,nan,nan,15808,-0.0006462484622956399,0.004519705660641193,0.809137898683548,-0.000724337447900325,0.21203080415725709,0.21203080415725709,0.042360168695449826,0.0010519017010698329,0.006818749889134779,0.9531419277191162,1.0,0.0028894230769230768,0.00015485576923076922,3,0.75,0.75,0.90625,0.3175,3.1863717713952067,1.2212808191031217,0.234375,0.9077679014205933
494,1584000,159.1838436126709,1.5918384460359811,159.1838436126709,1.5918384460359811,0.0,0.0,0.0,833.7677249908447,8.33767738379538,0.8780469147115946,0.37125,0.1976787678155589,nan,nan,nan,nan,nan,nan,nan,nan,nan,nan,15840,-0.0003370093101264793,0.004724640166386962,0.820021265745163,-0.000332250352948904,0.08468650840222836,0.08468650840222836,0.03576770015060902,0.0005147261908892207,0.0012031250138534234,0.9449677467346191,1.0,0.002875,0.00015375000000000002,3,0.75,0.75,0.9375,0.37125,2.3883396135270596,1.1062536415457727,0.2796875,0.947098258137703
495,1587200,137.81298160552979,1.3781298066675662,137.81298160552979,1.3781298066675662,0.0,0.0,0.0,812.3968629837036,8.123968744426966,0.8061392623186111,0.3528125,0.1953406956820599,nan,nan,nan,nan,nan,nan,nan,nan,nan,nan,15872,-0.0002963075046358732,0.005145114101469517,0.8236830115318299,-7.995901396498084e-05,0.09410252571105956,0.09410252571105956,0.03453583680093288,0.0007412023564061473,0.002909375075250864,0.9395502805709839,1.0,0.002860576923076923,0.00015264423076923083,3,0.75,0.75,0.9375,0.3528125,2.5604692780971527,1.1270192248374225,0.2646875,0.918928611278534
496,1590400,55.18716311454773,0.5518713673949242,55.18716311454773,0.5518713673949242,0.0,0.0,0.0,729.7710444927216,7.2977103051543235,0.9174486356973648,0.306875,0.1600434005307221,nan,nan,nan,nan,nan,nan,nan,nan,nan,nan,15904,-0.0007474441874539828,0.004810140095651149,0.8099758625030518,-0.0006476901238784194,0.1839058019220829,0.1839058019220829,0.02940703574568033,0.0014394574282082918,0.010281249997206032,0.9520524144172668,1.0,0.0028461538461538463,0.00015153846153846164,3,0.75,0.75,0.90625,0.306875,3.3938598629832266,1.3398234611004591,0.2278125,0.9081250423192978
497,1593600,153.21405750513077,1.5321406689286232,153.21405750513077,1.5321406689286232,0.0,0.0,0.0,827.7979388833046,8.277979606688023,0.9098087947070599,0.3759375,0.19684562195016175,nan,nan,nan,nan,nan,nan,nan,nan,nan,nan,15936,-0.0004562884215468799,0.004548791330307722,0.806995278596878,-0.00046708612935617564,0.11478326842188835,0.11478326842188835,0.031750673055648805,0.000932849107997398,0.004634375032037496,0.9540871977806091,1.0,0.0028317307692307687,0.00015043269230769233,3,0.75,0.75,0.90625,0.3759375,2.2521895059943198,1.271223167181015,0.2628125,0.9437053990364075
498,1596800,133.06848067045212,1.3306848052144051,133.06848067045212,1.3306848052144051,0.0,0.0,0.0,807.652362048626,8.076523742973805,0.7038253105431795,0.3434375,0.20156849289350687,nan,nan,nan,nan,nan,nan,nan,nan,nan,nan,15968,-0.0004943718143418652,0.005035643838346005,0.7767175137996674,-0.00016480202320963145,0.11135454326868058,0.11135454326868058,0.033775780349969864,0.0008358333136162198,0.002562500012209057,0.9437354803085327,1.0,0.002817307692307691,0.00014932692307692303,3,0.75,0.75,0.96875,0.3434375,2.5223630517721176,1.034360883384943,0.239375,0.9576339733600616
499,1600000,159.40686658024788,1.5940684860944747,159.40686658024788,1.5940684860944747,0.0,0.0,0.0,833.9907479584217,8.339907423853873,0.7551827017962932,0.379375,0.21614558963675926,nan,nan,nan,nan,nan,nan,nan,nan,nan,nan,16000,-0.0004696108399221188,0.004301573010161519,0.8037512123584747,-0.0005716463318094611,0.09138382077217103,0.09138382077217103,0.034994006529450415,0.0008025721719637495,0.0028031249814375768,0.9521445631980896,1.0,0.002802884615384614,0.00014822115384615384,3,0.75,0.75,0.90625,0.379375,2.249708739221096,1.0708771018683911,0.2659375,0.9491518294811249
500,1603200,187.05816328525543,1.8705815872550011,187.05816328525543,1.8705815872550011,0.0,0.0,0.0,861.6420446634293,8.6164205250144,0.8234399885684252,0.390625,0.21422421491736507,247.15126897394657,2.4715126897394657,247.15126897394657,2.4715126897394657,100.0,1.524933699220419,0.475,0.188123751584708,0.0,856.3677162081003,16032,-0.0008539096496940956,0.005832965625450015,0.7852537870407105,-0.00012707679998129605,0.20352250933647156,0.20352250933647156,0.04625494740903378,0.0012483102771544707,0.00812499998137355,0.9277509450912476,1.0,0.0027884615384615374,0.00014711538461538464,3,0.75,0.75,1.0,0.390625,2.2315842014551164,1.209727539420128,0.2840625,0.9645089703798294
501,1606400,137.88144066929817,1.3788144618272782,137.88144066929817,1.3788144618272782,0.0,0.0,0.0,812.465322047472,8.124653399586677,0.8674670077860356,0.3671875,0.19662328623160896,nan,nan,nan,nan,nan,nan,nan,nan,nan,nan,16064,-0.0006492465192046382,0.005216426402330399,0.7960858523845673,-0.00024940596194937824,0.1307441510260105,0.1307441510260105,0.03867206871509552,0.0015574540586419288,0.008165625110268592,0.9366428852081299,1.0,0.0027740384615384606,0.00014600961538461534,3,0.75,0.75,0.96875,0.3671875,2.534110999405384,1.1184365595132113,0.258125,0.9384821873903274
502,1609600,144.4499499797821,1.4444995486736298,144.4499499797821,1.4444995486736298,0.0,0.0,0.0,819.0338313579559,8.19033848643303,0.884686843380332,0.369375,0.1959874667228521,nan,nan,nan,nan,nan,nan,nan,nan,nan,nan,16096,-0.0005975686700723237,0.005065091559663415,0.7752808272838593,-0.00020449977600947022,0.138383898884058,0.138383898884058,0.04014624450355768,0.0009153846464902384,0.005837499821427628,0.9463266134262085,1.0,0.002759615384615384,0.00014490384615384615,3,0.75,0.75,0.90625,0.369375,2.8791671067476274,1.0827044036984443,0.2496875,0.9170089727640152
503,1612800,136.44543886184692,1.3644545102119445,136.44543886184692,1.3644545102119445,0.0,0.0,0.0,811.0293202400208,8.110293447971344,0.9354613034427166,0.3653125,0.18874699243544554,nan,nan,nan,nan,nan,nan,nan,nan,nan,nan,16128,-0.0004809560372617483,0.0053404542617499825,0.7810808956623078,4.505382385104895e-05,0.10373387411236763,0.10373387411236763,0.04102228060364723,0.0006827884688423377,0.0028625000144529623,0.9460952281951904,1.0,0.002745192307692307,0.00014379807692307695,3,0.75,0.75,0.90625,0.3653125,2.123500080704689,1.428129023462534,0.25125,0.937991111278534
504,1616000,80.42487359046936,0.8042487040162086,80.42487359046936,0.8042487040162086,0.0,0.0,0.0,755.0087549686432,7.550087641775607,1.0616145660728216,0.3271875,0.15870449568236264,nan,nan,nan,nan,nan,nan,nan,nan,nan,nan,16160,-0.0007097628933260935,0.005078498227521777,0.770111083984375,-0.00027350950986146925,0.173342315107584,0.173342315107584,0.04202669821679592,0.0016361160502160331,0.011009374959394335,0.945138692855835,1.0,0.00273076923076923,0.00014269230769230765,3,0.75,0.75,0.9375,0.3271875,2.385812566429377,1.5147972638905047,0.2171875,0.9463393288850784
505,1619200,176.7880755662918,1.7678806588053704,176.7880755662918,1.7678806588053704,0.0,0.0,0.0,851.3719569444656,8.51371959656477,0.8828087507933379,0.3753125,0.19933649651981847,nan,nan,nan,nan,nan,nan,nan,nan,nan,nan,16192,-0.0007573182684427415,0.0050420213490724565,0.7901630759239197,-0.00038266407791525124,0.12282457202672958,0.12282457202672958,0.04454959090799093,0.0010540595079907016,0.00786562510766089,0.9358106255531311,1.0,0.0027163461538461534,0.00014158653846153846,3,0.75,0.75,1.0,0.3753125,2.6667261123657227,1.2224094557762146,0.26625,0.9321875411272049
506,1622400,148.27456146478653,1.4827455604076385,148.27456146478653,1.4827455604076385,0.0,0.0,0.0,822.8584428429604,8.228584498167038,0.9140687140822411,0.3784375,0.19771364382884937,nan,nan,nan,nan,nan,nan,nan,nan,nan,nan,16224,-0.0007568997218156959,0.005815223092213273,0.7956354022026062,9.662588126957417e-07,0.16405738964676858,0.16405738964676858,0.03359691984951496,0.0014321363676605145,0.01034375011768134,0.9342344999313354,1.0,0.0027019230769230766,0.00014048076923076926,3,0.75,0.75,0.9375,0.3784375,2.069793526828289,1.298462773039937,0.265625,0.9240179002285004
507,1625600,200.73952040076256,2.00739506483078,200.73952040076256,2.00739506483078,0.0,0.0,0.0,875.3234017789364,8.75323400259018,1.0218095134198666,0.414375,0.20495254238817462,nan,nan,nan,nan,nan,nan,nan,nan,nan,nan,16256,-0.00045745569342690027,0.00554849524050951,0.7972818911075592,0.00017409671563655137,0.09877088591456414,0.09877088591456414,0.03300007227808237,0.0012094451103653113,0.007600000022648601,0.9422887563705444,1.0,0.002687499999999999,0.00013937500000000007,3,0.75,0.75,0.96875,0.414375,2.536115839779377,1.291157933101058,0.2953125,0.9674107575416565
508,1628800,143.1964956521988,1.4319650381803513,143.1964956521988,1.4319650381803513,0.0,0.0,0.0,817.7803770303726,8.17780397593975,0.7493476870656014,0.35375,0.20221823403979167,nan,nan,nan,nan,nan,nan,nan,nan,nan,nan,16288,-0.0004416005433595327,0.004992287466302514,0.79250448346138,-6.388223264366388e-05,0.13698358982801437,0.13698358982801437,0.025757425092160703,0.0009062879944426845,0.00730624993739184,0.9393051266670227,1.0,0.002673076923076922,0.00013826923076923076,3,0.75,0.75,0.96875,0.35375,2.4034184494614603,0.9753454546630382,0.239375,0.9509375435113907
509,1632000,99.59068530797958,0.9959069021046162,99.59068530797958,0.9959069021046162,0.0,0.0,0.0,774.1745666861534,7.7417458398640155,0.8773779764026404,0.33625,0.17910618118803617,nan,nan,nan,nan,nan,nan,nan,nan,nan,nan,16320,-0.00047963180727093044,0.005148741882294416,0.7932481706142426,-1.4233088586479426e-05,0.1427537828683853,0.1427537828683853,0.02850885707885027,0.0009628478976116208,0.00688750014960533,0.9446367025375366,1.0,0.0026586538461538453,0.00013716346153846157,3,0.75,0.75,1.0,0.33625,2.854615692794323,1.3588446582853795,0.22375,0.9308929032087326
510,1635200,78.3960023522377,0.7839599505066872,78.3960023522377,0.7839599505066872,0.0,0.0,0.0,752.9798837304115,7.529798888266086,1.1145144841074943,0.32625,0.15429073787484854,nan,nan,nan,nan,nan,nan,nan,nan,nan,nan,16352,-0.0003064011127136723,0.005155478185042739,0.7715586304664612,0.0002311588148586452,0.11494777947664261,0.11494777947664261,0.045718415081501006,0.0005366845205604807,0.002946875069028465,0.9499530792236328,1.0,0.0026442307692307685,0.00013605769230769238,3,0.75,0.75,0.875,0.32625,3.2629365426301957,1.4747897897660733,0.25,0.9514286124706268
511,1638400,165.87831568717957,1.6587831142544747,165.87831568717957,1.6587831142544747,0.0,0.0,0.0,840.4621970653534,8.404622052013874,0.7839099937677383,0.37375,0.20951169134414385,nan,nan,nan,nan,nan,nan,nan,nan,nan,nan,16384,-0.0006731594833196186,0.00426668617874384,0.7907338798046112,-0.0006192944245412945,0.17299911603331566,0.17299911603331566,0.02889656536281109,0.0012814468613246627,0.01218125004961621,0.9538038969039917,1.0,0.0026298076923076917,0.00013495192307692307,3,0.75,0.75,1.0,0.37375,2.6725071166455745,1.0703913880884648,0.2575,0.9250000411272049
512,1641600,151.20125687122345,1.5120125898718835,151.20125687122345,1.5120125898718835,0.0,0.0,0.0,825.7851382493973,8.257851527631283,0.8841893246769905,0.3665625,0.19454653266483207,nan,nan,nan,nan,nan,nan,nan,nan,nan,nan,16416,-0.0005183921401854974,0.005075312266126275,0.7846498250961303,-3.28970025293529e-05,0.1399502545595169,0.1399502545595169,0.03641589805483818,0.0010036667648852028,0.00473749996162951,0.9428799748420715,1.0,0.002615384615384615,0.00013384615384615388,3,0.75,0.75,0.9375,0.3665625,2.235547245591879,1.3545977915078402,0.25,0.9184375435113907
513,1644800,126.94829881191254,1.269482895731926,126.94829881191254,1.269482895731926,0.0,0.0,0.0,801.5321801900864,8.015321833491324,0.9044083206355572,0.3665625,0.19248104307676375,nan,nan,nan,nan,nan,nan,nan,nan,nan,nan,16448,-0.0004338992811703246,0.006063115829601884,0.7792359113693237,0.0005708959884941578,0.1587030977010727,0.1587030977010727,0.04316845089197159,0.0011088934108588696,0.0065062500652857125,0.9451255798339844,1.0,0.002600961538461538,0.00013274038461538469,3,0.75,0.75,0.875,0.3665625,3.074657920598984,1.2094463248550893,0.2621875,0.9165625435113907
514,1648000,73.61036610603333,0.736103717237711,73.61036610603333,0.736103717237711,0.0,0.0,0.0,748.1942474842072,7.48194265499711,1.008478046283126,0.3234375,0.16103611418534097,nan,nan,nan,nan,nan,nan,nan,nan,nan,nan,16480,-0.0004545661537559198,0.005898363050073385,0.769819837808609,0.0005034467438235879,0.17959372326731682,0.17959372326731682,0.04119368977844715,0.0009048109583124162,0.007540625083493069,0.9385629296302795,1.0,0.0025865384615384613,0.00013163461538461538,3,0.75,0.75,0.9375,0.3234375,2.867108107507229,1.0963701362907887,0.2234375,0.9458482563495636
515,1651200,118.47550141811371,1.184754847884178,118.47550141811371,1.184754847884178,0.0,0.0,0.0,793.0593827962875,7.930593785643577,1.039465712159872,0.3475,0.17038776279890688,nan,nan,nan,nan,nan,nan,nan,nan,nan,nan,16512,-0.00044506676648401464,0.005460598086938262,0.7648337364196778,0.0003179917111992836,0.09044008366763592,0.09044008366763592,0.04391496293246746,0.00068768983892688,0.002234375016996637,0.9255407452583313,1.0,0.0025721153846153845,0.0001305288461538462,3,0.75,0.75,0.96875,0.3475,2.4338772405683993,1.3463274582475424,0.2459375,0.939821469783783
516,1654400,124.81332725286484,1.2481332728266716,124.81332725286484,1.2481332728266716,0.0,0.0,0.0,799.3972086310387,7.993972210586071,0.9021824895590543,0.35625,0.18728486985629988,nan,nan,nan,nan,nan,nan,nan,nan,nan,nan,16544,-0.00021914685784394373,0.004656657436862588,0.7744748950004577,0.0001283133984543383,0.07906997241079808,0.07906997241079808,0.02961516659706831,0.0007462242338112732,0.001459375029662624,0.9490013122558594,1.0,0.0025576923076923077,0.000129423076923077,3,0.75,0.75,0.96875,0.35625,2.3623149672150614,1.1103670336306095,0.2615625,0.9401786172389984
517,1657600,157.35895371437073,1.57358943015337,157.35895371437073,1.57358943015337,0.0,0.0,0.0,831.9428350925446,8.319428367912769,0.8462706430256367,0.379375,0.2054817918668125,nan,nan,nan,nan,nan,nan,nan,nan,nan,nan,16576,-0.0005237112242757469,0.004720043623819947,0.7896390497684479,-0.0001719540567137301,0.13248580545186997,0.13248580545186997,0.028042437322437764,0.0008645370474401719,0.0032906250737141816,0.9499309659004211,1.0,0.00254326923076923,0.0001283173076923077,3,0.75,0.75,0.875,0.379375,2.75504075050354,1.1827304488420487,0.2796875,0.9220089715719223
518,1660800,205.34324184060097,2.053432331085205,205.34324184060097,2.053432331085205,0.0,0.0,0.0,879.9271232187748,8.799271268844604,0.7686460793018342,0.399375,0.22580832008948432,nan,nan,nan,nan,nan,nan,nan,nan,nan,nan,16608,-0.0006359268699190679,0.004018769040703774,0.7710721790790558,-0.0005764653789810837,0.19164744913578033,0.19164744913578033,0.03122485689818859,0.0010030241144737568,0.0066218750202096995,0.9443315863609314,1.0,0.0025288461538461524,0.0001272115384615385,3,0.75,0.75,1.0,0.399375,1.517221531867981,1.2796294930577279,0.2603125,0.9050446850061417
519,1664000,201.12862440943718,2.0112861834466456,201.12862440943718,2.0112861834466456,0.0,0.0,0.0,875.712505787611,8.757125121206045,0.7290728140622378,0.398125,0.23025346113947373,nan,nan,nan,nan,nan,nan,nan,nan,nan,nan,16640,-0.0005507571053167126,0.004360432364046573,0.7840480089187623,-0.0003419693559408188,0.15607219636440278,0.15607219636440278,0.037950314953923224,0.0009193767175052147,0.007162500120102777,0.9435093402862549,1.0,0.0025144230769230756,0.0001261057692307692,3,0.75,0.75,1.0,0.398125,2.685515739917755,0.8978946015238762,0.29875,0.9105357581377029
520,1667200,169.05170649290085,1.6905170339345932,169.05170649290085,1.6905170339345932,0.0,0.0,0.0,843.6355878710747,8.436355971693992,0.6864116040617227,0.3809375,0.22588643192593783,255.22657868266106,2.5522657868266108,255.22657868266106,2.5522657868266108,100.0,1.4886959039326757,0.48,0.1928720978892988,0.0,864.4430259168148,16672,-0.00037194579635109194,0.0042503657285124065,0.7884103417396545,-0.0002177887479774654,0.1114367701113224,0.1114367701113224,0.038940707594156264,0.0007555313997759764,0.004146875004516914,0.9437747001647949,1.0,0.0024999999999999988,0.000125,3,0.75,0.75,0.90625,0.3809375,3.3191215378046035,0.7306505034863949,0.2790625,0.913303615450859
521,1670400,126.94173431396484,1.2694173647463323,126.94173431396484,1.2694173647463323,0.0,0.0,0.0,801.5256156921387,8.015256302505732,0.8966376135498285,0.3534375,0.18634951530803567,nan,nan,nan,nan,nan,nan,nan,nan,nan,nan,16704,-0.0007298665717010878,0.0052246077917516235,0.7556484758853912,4.214851651340723e-06,0.1968022517859936,0.1968022517859936,0.04442811906337738,0.0017094482835123802,0.016143750070477837,0.9365012645721436,1.0,0.002485576923076922,0.0001238942307692308,3,0.75,0.75,0.9375,0.3534375,2.56600126132369,1.110746293514967,0.239375,0.9663393318653106
522,1673600,113.00300353765488,1.1300299531966447,113.00300353765488,1.1300299531966447,0.0,0.0,0.0,787.5868849158287,7.875868890956044,0.7693443091958762,0.341875,0.19322129572133637,nan,nan,nan,nan,nan,nan,nan,nan,nan,nan,16736,-0.00047117993973078143,0.0049658921547234055,0.7667305588722229,0.0001170569914393127,0.1384553588926792,0.1384553588926792,0.025250140018761157,0.0010207216080777117,0.006234375060739694,0.9396000504493713,1.0,0.002471153846153845,0.0001227884615384615,3,0.75,0.75,0.90625,0.341875,2.752492824494839,1.0833497489988804,0.2578125,0.9533928978443146
523,1676800,157.18143272399902,1.571814356148243,157.18143272399902,1.571814356148243,0.0,0.0,0.0,831.7653141021729,8.317653293907641,0.6960552778840065,0.375625,0.22146978633186334,nan,nan,nan,nan,nan,nan,nan,nan,nan,nan,16768,-0.000607012651173866,0.003885415894910693,0.7601380348205566,-0.0005317591421771795,0.18115813806653022,0.18115813806653022,0.03084123246371746,0.0010494954935017387,0.009412499979953281,0.9527419805526733,1.0,0.0024567307692307683,0.00012168269230769231,3,0.75,0.75,0.9375,0.375625,2.2890434539318085,0.8959923414885997,0.2665625,0.9336607545614243
524,1680000,184.74687069654465,1.8474687927961349,184.74687069654465,1.8474687927961349,0.0,0.0,0.0,859.3307520747185,8.593307730555534,0.8145340205729008,0.3921875,0.2161367577314285,nan,nan,nan,nan,nan,nan,nan,nan,nan,nan,16800,-0.00041965782454354004,0.004749669181182981,0.7782364606857299,5.4483779240399596e-05,0.11140338666737079,0.11140338666737079,0.027056926116347312,0.0008243146330675129,0.00529375002879533,0.9390859603881836,1.0,0.0024423076923076915,0.00012057692307692312,3,0.75,0.75,0.96875,0.3921875,2.651262986510992,0.943819603100419,0.286875,0.9292857587337494
525,1683200,144.41513460874557,1.4441511183977127,144.41513460874557,1.4441511183977127,0.0,0.0,0.0,818.9990159869194,8.18999005615711,0.768688201084733,0.363125,0.20530752666145236,nan,nan,nan,nan,nan,nan,nan,nan,nan,nan,16832,-0.0005692477829725817,0.004812786867842078,0.7875399470329285,-7.491047726944089e-05,0.11561285480856895,0.11561285480856895,0.03191428873687983,0.0009648798510204051,0.004918749959324486,0.9432608485221863,1.0,0.0024278846153846147,0.00011947115384615382,3,0.75,0.75,0.9375,0.363125,2.494289766550064,1.0669986867904664,0.245,0.9479464757442474
526,1686400,3.8975818157196045,0.038975825309753416,3.8975818157196045,0.038975825309753416,0.0,0.0,0.0,678.4814631938934,6.784814763069153,1.3973746821284294,0.30125,0.12565828872963036,nan,nan,nan,nan,nan,nan,nan,nan,nan,nan,16864,-0.0004114855571300868,0.004808216262608767,0.7382501482963562,0.00021088427165523173,0.18125808015465736,0.18125808015465736,0.0371541928499937,0.0012568857797337855,0.00531249998457497,0.9556735754013062,1.0,0.002413461538461538,0.00011836538461538462,3,0.75,0.75,0.875,0.30125,3.048391392678022,1.7206599867343904,0.219375,0.9308036154508591
527,1689600,211.59973680973053,2.1159971942007543,211.59973680973053,2.1159971942007543,0.0,0.0,0.0,886.1836181879044,8.861836131960153,0.6889791081845761,0.41125,0.24349028238841752,nan,nan,nan,nan,nan,nan,nan,nan,nan,nan,16896,-0.0003589943817816632,0.0042201967909932135,0.754703938961029,-5.9459847398102285e-05,0.0698697816580534,0.0698697816580534,0.03336210604757071,0.0006542015691626766,0.002209375018355786,0.9459481239318848,1.0,0.002399038461538461,0.00011725961538461543,3,0.75,0.75,0.96875,0.41125,2.7406115520000456,1.1424665051698684,0.29375,0.9257143324613571
528,1692800,119.549247443676,1.195492409169674,119.549247443676,1.195492409169674,0.0,0.0,0.0,794.1331288218498,7.941331346929073,0.9520947782695294,0.354375,0.18153575530494592,nan,nan,nan,nan,nan,nan,nan,nan,nan,nan,16928,-0.00023842401279035031,0.006192792346701026,0.756524920463562,0.0010539512266404926,0.0886013776063919,0.0886013776063919,0.04105050079524517,0.0003781631063281594,0.0019437500202911906,0.9267175793647766,1.0,0.0023846153846153843,0.00011615384615384623,3,0.75,0.75,0.90625,0.354375,2.389388158470392,1.3392616555094718,0.2521875,0.9482143312692642
529,1696000,111.40355813503265,1.114035452902317,111.40355813503265,1.114035452902317,0.0,0.0,0.0,785.9874395132065,7.859874390661716,0.8113398110121488,0.355,0.19598752141467674,nan,nan,nan,nan,nan,nan,nan,nan,nan,nan,16960,-0.0004647720842447356,0.0049080082681030035,0.7524513900279999,0.00020577764371410012,0.16847347244620323,0.16847347244620323,0.04208180159330368,0.0009637077871989551,0.007190625054499833,0.9543218016624451,1.0,0.0023701923076923075,0.00011504807692307693,3,0.75,0.75,0.875,0.355,2.781854760944843,1.109491426423192,0.2440625,0.9150446826219558
530,1699200,189.0397521853447,1.8903975066542626,189.0397521853447,1.8903975066542626,0.0,0.0,0.0,863.6236335635185,8.636236444413662,0.6672170119732619,0.391875,0.23504738566468317,nan,nan,nan,nan,nan,nan,nan,nan,nan,nan,16992,-0.0004177355370979186,0.004636569833382964,0.7709149718284607,8.445159764960408e-05,0.14612017571926117,0.14612017571926117,0.034378012642264366,0.0009124104790350168,0.005690624838462099,0.9410232305526733,1.0,0.00235576923076923,0.00011394230769230774,3,0.75,0.75,0.96875,0.391875,1.8767854484915734,1.317091683074832,0.2665625,0.9484821873903274
531,1702400,134.52263966202736,1.3452262765169143,134.52263966202736,1.3452262765169143,0.0,0.0,0.0,809.1065210402012,8.091065214276313,0.8127595088630915,0.3675,0.2027295944129318,nan,nan,nan,nan,nan,nan,nan,nan,nan,nan,17024,-0.0005182938882935418,0.004560682736337185,0.753123676776886,-1.2757140211760997e-06,0.18066444844007493,0.18066444844007493,0.03610692191869021,0.0009487654529983251,0.006456249939947156,0.9459039568901062,1.0,0.002341346153846153,0.00011283653846153854,3,0.75,0.75,0.90625,0.3675,2.7117789232730867,1.1632831871509552,0.25125,0.9350000423192978
532,1705600,66.0906531214714,0.6609067215770483,66.0906531214714,0.6609067215770483,0.0,0.0,0.0,740.6745344996452,7.406745659336448,1.0498681626468898,0.3228125,0.1574796398531156,nan,nan,nan,nan,nan,nan,nan,nan,nan,nan,17056,-0.0004402486555452834,0.005002718884497881,0.7436242640018463,0.00033075426472350955,0.12016486153006553,0.12016486153006553,0.034196687117218974,0.0009151995236639668,0.006353125034365803,0.9431868195533752,1.0,0.0023269230769230763,0.00011173076923076924,3,0.75,0.75,0.9375,0.3228125,2.774646199643612,1.4598234677314759,0.2275,0.935669687986374
533,1708800,187.87754833698273,1.8787754802405834,187.87754833698273,1.8787754802405834,0.0,0.0,0.0,862.4614297151566,8.624614417999982,0.6555884156376124,0.3890625,0.23499953027284343,nan,nan,nan,nan,nan,nan,nan,nan,nan,nan,17088,-0.0005542046937800471,0.005060140043497086,0.7664175033569336,0.000203524820972234,0.1625263586640358,0.1625263586640358,0.03289360627532005,0.000909808431064239,0.006621875014388934,0.9370079636573792,1.0,0.0023124999999999995,0.00011062500000000005,3,0.75,0.75,0.96875,0.3890625,3.4112730076909066,0.9073482178896666,0.2821875,0.9170536160469055
534,1712000,194.18121683597565,1.9418119713664055,194.18121683597565,1.9418119713664055,0.0,0.0,0.0,868.7650982141495,8.687650909125804,0.7398487950116396,0.3978125,0.2286477429191418,nan,nan,nan,nan,nan,nan,nan,nan,nan,nan,17120,-0.0005935948640923061,0.0047231429722160104,0.772043114900589,-6.237777415663004e-06,0.14486757218837737,0.14486757218837737,0.03019711095839739,0.0015680209697199869,0.013331250008195638,0.9446500539779663,1.0,0.0022980769230769226,0.00010951923076923085,3,0.75,0.75,0.9375,0.3978125,2.4945356725156307,1.246820591688156,0.2915625,0.9138839727640152
535,1715200,216.15402340888977,2.1615403790771963,216.15402340888977,2.1615403790771963,0.0,0.0,0.0,890.7379047870636,8.907379316836595,0.7693446997553111,0.4028125,0.22766197002523386,nan,nan,nan,nan,nan,nan,nan,nan,nan,nan,17152,-0.0004170124195225,0.004224915290251374,0.7800278425216675,-8.586840704083443e-05,0.11225906983017922,0.11225906983017922,0.030523223243653773,0.0008501554330029965,0.004912500025238842,0.9439299702644348,1.0,0.002283653846153846,0.00010841346153846155,3,0.75,0.75,1.0,0.4028125,2.8607372641563416,0.8323101979494095,0.2796875,0.9375893288850784
536,1718400,124.74611803889275,1.2474610477685928,124.74611803889275,1.2474610477685928,0.0,0.0,0.0,799.3299994170666,7.993299985527992,0.8490660151094198,0.34875,0.18860873389604885,nan,nan,nan,nan,nan,nan,nan,nan,nan,nan,17184,-0.00033667915242556744,0.004123875917866826,0.7668649137020112,-1.4934712089598179e-05,0.0585497360676527,0.0585497360676527,0.025488668121397495,0.000438173689875544,0.0005625000077998266,0.9531565308570862,1.0,0.002269230769230769,0.00010730769230769236,3,0.75,0.75,0.96875,0.34875,2.2691971510648727,1.118147979825735,0.235,0.9498214733600616
537,1721600,48.756021946668625,0.4875601950287819,48.756021946668625,0.4875601950287819,0.0,0.0,0.0,723.3399033248425,7.233399132788181,0.9714847561717034,0.30375,0.154071695989084,nan,nan,nan,nan,nan,nan,nan,nan,nan,nan,17216,-0.0004473788264673928,0.004884935449808836,0.7522063970565795,0.0002990081789903343,0.24231759160757066,0.24231759160757066,0.04385951720178127,0.0009156571431991242,0.006440625106915831,0.9483169317245483,1.0,0.0022548076923076914,0.00010620192307692305,3,0.75,0.75,0.90625,0.30375,3.783626220822334,1.2520881229639054,0.2240625,0.9232143288850785
538,1724800,118.00906816124916,1.1800906467437744,118.00906816124916,1.1800906467437744,0.0,0.0,0.0,792.592949539423,7.925929584503173,1.0118283501267433,0.3465625,0.17226245965674306,nan,nan,nan,nan,nan,nan,nan,nan,nan,nan,17248,-0.00022490887724266884,0.0052556237671524285,0.7679239928722381,0.0006824578274972736,0.09852720648050309,0.09852720648050309,0.03833544552326203,0.0004709822853361886,0.00186874999126303,0.9392704963684082,1.0,0.0022403846153846146,0.00010509615384615386,3,0.75,0.75,0.9375,0.3465625,2.3107982596755026,1.2973228637874126,0.2503125,0.9660714691877366
539,1728000,67.59213450551033,0.6759213156998157,67.59213450551033,0.6759213156998157,0.0,0.0,0.0,742.1760158836842,7.421760253459214,1.097416631951928,0.3103125,0.14794986140222055,nan,nan,nan,nan,nan,nan,nan,nan,nan,nan,17280,-0.0004695090995635809,0.004284025030210614,0.7526861965656281,-2.9471120797097683e-06,0.17007280886173248,0.17007280886173248,0.026816785149276257,0.0006300621171282099,0.004050000006100163,0.9485427737236023,1.0,0.0022259615384615378,0.00010399038461538456,3,0.75,0.75,1.0,0.3103125,2.3945438623428346,1.3542717592418194,0.21875,0.97084825694561
540,1731200,93.47114190459251,0.9347115111351013,93.47114190459251,0.9347115111351013,0.0,0.0,0.0,768.0550232827663,7.6805504488945004,1.0698426543176174,0.344375,0.16637738104471184,267.5643828064203,2.6756438280642034,267.5643828064203,2.6756438280642034,100.0,1.4878707126528026,0.49,0.19695557229238644,0.0,876.7808300405741,17312,-0.00029636435769644367,0.005497030029073357,0.7654776871204376,0.0007592673762701451,0.13983173593878745,0.13983173593878745,0.03362852670252323,0.0006767873996101576,0.004768750001676381,0.9401929378509521,1.0,0.00221153846153846,0.00010288461538461536,3,0.75,0.75,0.90625,0.344375,2.2303735056519507,1.6123906770348548,0.2259375,0.9329018247127533
541,1734400,127.36298739910126,1.2736298587918282,127.36298739910126,1.2736298587918282,0.0,0.0,0.0,801.9468687772751,8.019468796551227,0.8706433802843094,0.363125,0.19411770507792375,nan,nan,nan,nan,nan,nan,nan,nan,nan,nan,17344,-0.0004549269204784601,0.004167325678281486,0.7495347380638122,-1.807841472327709e-05,0.16721000000834466,0.16721000000834466,0.0334134541451931,0.0008863534410953579,0.005665624996981933,0.9482336044311523,1.0,0.0021971153846153833,0.00010177884615384617,3,0.75,0.75,0.96875,0.363125,3.4334750151634217,1.1578687277436257,0.2475,0.9386607557535172
542,1737600,140.70777541399002,1.4070778304338456,140.70777541399002,1.4070778304338456,0.0,0.0,0.0,815.2916567921638,8.152916768193245,0.9389671108871699,0.3671875,0.189372732491576,nan,nan,nan,nan,nan,nan,nan,nan,nan,nan,17376,-0.00025199456554396703,0.005349771352484822,0.7815062463283539,0.0007171034812927246,0.06599261425435543,0.06599261425435543,0.02845257744193077,0.00045675354813622777,0.00044374999561114237,0.9299978613853455,1.0,0.0021826923076923074,0.00010067307692307697,3,0.75,0.75,0.9375,0.3671875,2.4954219144582748,1.1978833358734846,0.245625,0.9355803966522217
543,1740800,63.5260454416275,0.6352604199945927,63.5260454416275,0.6352604199945927,0.0,0.0,0.0,738.1099268198013,7.381099357753992,1.0622913267463445,0.3328125,0.16137996396710583,nan,nan,nan,nan,nan,nan,nan,nan,nan,nan,17408,-0.0004645039518189176,0.004676323523744941,0.7422148048877716,0.00026433637831360104,0.19615884199738504,0.19615884199738504,0.046742134168744086,0.0010419457299610288,0.005340624952805228,0.9499750733375549,1.0,0.0021682692307692306,9.956730769230767e-05,3,0.75,0.75,0.90625,0.3328125,3.9886785280704498,1.2954600692540408,0.2434375,0.9112500447034836
544,1744000,44.36008685827255,0.4436009994149208,44.36008685827255,0.4436009994149208,0.0,0.0,0.0,718.9439682364464,7.18943993717432,0.9966611605137586,0.301875,0.15118989940302385,nan,nan,nan,nan,nan,nan,nan,nan,nan,nan,17440,-0.0005326384071784318,0.004599034134298563,0.7570177257061005,0.00013637893134728075,0.15560465455055236,0.15560465455055236,0.03210590034723282,0.0009104697288454195,0.004890624963445589,0.9473013877868652,1.0,0.0021538461538461538,9.846153846153848e-05,3,0.75,0.75,0.9375,0.301875,2.8068125692009924,1.274782486408949,0.1928125,0.935714328289032
545,1747200,217.68526983261108,2.17685262799263,217.68526983261108,2.17685262799263,0.0,0.0,0.0,892.2691512107849,8.922691565752029,0.9395819105952978,0.424375,0.21879715297496796,nan,nan,nan,nan,nan,nan,nan,nan,nan,nan,17472,-0.0006276914100512343,0.0038231767481192946,0.7622321426868439,-0.00034684003912843764,0.15689391568303107,0.15689391568303107,0.03053530864417553,0.001098922311579001,0.007806250010617077,0.9551336169242859,1.0,0.002139423076923077,9.735576923076928e-05,3,0.75,0.75,0.9375,0.424375,2.545780758857727,1.1108190470933914,0.2921875,0.9521428996324539
546,1750400,117.27052256464958,1.1727053648233414,117.27052256464958,1.1727053648233414,0.0,0.0,0.0,791.8544039428234,7.91854430258274,0.9259876263141632,0.34875,0.18107592968674274,nan,nan,nan,nan,nan,nan,nan,nan,nan,nan,17504,-0.0002621807789982888,0.004578323196619749,0.7447724044322968,0.00044433941366150975,0.14087573140859605,0.14087573140859605,0.022276134043931962,0.0008269994657927315,0.003581249987473711,0.9445712566375732,1.0,0.002125,9.624999999999998e-05,3,0.75,0.75,0.90625,0.34875,3.135547358095646,1.0798876032233238,0.2475,0.9395982509851456
547,1753600,118.55686032772064,1.1855685850977897,118.55686032772064,1.1855685850977897,0.0,0.0,0.0,793.1407417058945,7.931407522857189,0.9021029818803072,0.359375,0.18893561674812315,nan,nan,nan,nan,nan,nan,nan,nan,nan,nan,17536,-0.0004501636152300925,0.005214661080390215,0.7360627830028534,0.0006036497419700026,0.14895060509443284,0.14895060509443284,0.031250266917049886,0.0007197832546840093,0.005009375000372529,0.9393383264541626,1.0,0.0021105769230769216,9.514423076923079e-05,3,0.75,0.75,0.9375,0.359375,2.35657759308815,1.2516818530112506,0.2484375,0.945267899632454
548,1756800,50.25983387231827,0.5025982716679573,50.25983387231827,0.5025982716679573,0.0,0.0,0.0,724.8437152504921,7.248437209427356,0.858528776243329,0.3025,0.16276315108310974,nan,nan,nan,nan,nan,nan,nan,nan,nan,nan,17568,-0.0003361810446426361,0.005159958079457283,0.7474734306335449,0.0006769786588847638,0.1536227434873581,0.1536227434873581,0.03356631770730019,0.0006538971225414977,0.003934375039534643,0.9423710107803345,1.0,0.002096153846153845,9.40384615384616e-05,3,0.75,0.75,0.875,0.3025,3.011884426176548,0.9645585116744041,0.214375,0.8976786106824874
549,1760000,220.10187697410583,2.2010186451673506,220.10187697410583,2.2010186451673506,0.0,0.0,0.0,894.6857583522797,8.94685758292675,0.883338993191719,0.41375,0.2196896052679356,nan,nan,nan,nan,nan,nan,nan,nan,nan,nan,17600,-0.0001993914874240943,0.004931886913254857,0.7324355065822601,0.0007418183493427932,0.12375478819012642,0.12375478819012642,0.028598820418119432,0.0006156340969060293,0.004134374985005707,0.9309672117233276,1.0,0.002081730769230768,9.293269230769229e-05,3,0.75,0.75,1.0,0.41375,2.8579940137267115,1.022300974354148,0.285,0.9261607533693313
550,1763200,214.25966131687164,2.1425966760516166,214.25966131687164,2.1425966760516166,0.0,0.0,0.0,888.8435426950455,8.888435613811016,0.8735477819293738,0.4090625,0.21833577128134343,nan,nan,nan,nan,nan,nan,nan,nan,nan,nan,17632,-0.0007228741596918553,0.0033425702713429928,0.7596410691738129,-0.0006220008595846594,0.16070499047636985,0.16070499047636985,0.0223067132756114,0.0012972883896542984,0.011549999949056654,0.9594020843505859,1.0,0.002067307692307691,9.18269230769231e-05,3,0.75,0.75,0.9375,0.4090625,2.200878750383854,1.1984772858768702,0.2840625,0.939107186794281
551,1766400,190.48767518997192,1.904876561462879,190.48767518997192,1.904876561462879,0.0,0.0,0.0,865.0715565681458,8.650715499222278,0.7873661226779223,0.3946875,0.2208207344831283,nan,nan,nan,nan,nan,nan,nan,nan,nan,nan,17664,-0.00025682235993222945,0.003962753410451114,0.7738032400608063,0.00013602563412860036,0.17832689434289933,0.17832689434289933,0.024366433173418044,0.0008170644552627779,0.006162499944548472,0.951451301574707,1.0,0.0020528846153846144,9.07211538461539e-05,3,0.75,0.75,0.9375,0.3946875,2.2441492012143134,1.0203759177029132,0.2753125,0.9669196856021881
552,1769600,103.18912152945995,1.0318911710381509,103.18912152945995,1.0318911710381509,0.0,0.0,0.0,777.7730029076338,7.77773010879755,0.8450516548752784,0.325,0.17614682989564828,nan,nan,nan,nan,nan,nan,nan,nan,nan,nan,17696,-0.0006146299802189059,0.005017355550080538,0.7569173336029053,0.0003511008573696017,0.16079125702381133,0.16079125702381133,0.033869320154190065,0.0005794670985812342,0.0037250000779749824,0.9409557580947876,1.0,0.0020384615384615376,8.961538461538471e-05,3,0.75,0.75,0.96875,0.325,1.9565178948640822,1.3260314329713583,0.2228125,0.9311161142587662
553,1772800,93.87560570240021,0.9387560237944126,93.87560570240021,0.9387560237944126,0.0,0.0,0.0,768.459487080574,7.684594961553811,1.1787585265189409,0.3534375,0.16221967496540168,nan,nan,nan,nan,nan,nan,nan,nan,nan,nan,17728,-0.0007546416541037715,0.005761493835598231,0.7523074686527252,0.0006034059915691614,0.10817258208990096,0.10817258208990096,0.04319731816649437,0.0008735662686409223,0.005078125039290171,0.9391627907752991,1.0,0.002024038461538461,8.85096153846154e-05,3,0.75,0.75,0.96875,0.3534375,3.150600820183754,1.5612555823475123,0.255625,0.96147325694561
554,1776000,97.45738834142685,0.9745737859606742,97.45738834142685,0.9745737859606742,0.0,0.0,0.0,772.0412697196007,7.720412723720074,0.9773293581604957,0.3359375,0.1698945593527837,nan,nan,nan,nan,nan,nan,nan,nan,nan,nan,17760,-0.00035967250151447416,0.005114992475137114,0.7679138958454133,0.0006546122487634421,0.07330141812562943,0.07330141812562943,0.03291050270199776,0.0009605749775834463,0.0035781249342107914,0.9394165873527527,1.0,0.002009615384615384,8.740384615384621e-05,3,0.75,0.75,0.96875,0.3359375,2.916765006184578,1.3517810556292533,0.231875,0.9394196850061417
555,1779200,150.74043953418732,1.5074043959379195,150.74043953418732,1.5074043959379195,0.0,0.0,0.0,825.3243209123611,8.253243333697318,0.754855303838849,0.37625,0.21440514165295052,nan,nan,nan,nan,nan,nan,nan,nan,nan,nan,17792,-0.00042686369333235776,0.004642878519371152,0.7623170495033265,0.0003736063954420388,0.1091325867921114,0.1091325867921114,0.03600428886711597,0.0006305050004844632,0.0019125000340864061,0.9481351375579834,1.0,0.001995192307692307,8.629807692307702e-05,3,0.75,0.75,0.90625,0.37625,2.1856699118018152,1.1248535963147879,0.264375,0.9462500435113906
556,1782400,54.48470091819763,0.5448469237983227,54.48470091819763,0.5448469237983227,0.0,0.0,0.0,729.0685822963715,7.290685861557722,0.9983517057448625,0.2959375,0.14809079860629074,nan,nan,nan,nan,nan,nan,nan,nan,nan,nan,17824,-0.00022007102653223142,0.004293634882196784,0.7554187774658203,0.0004304361529648304,0.1114217508584261,0.1114217508584261,0.03162260409444571,0.0005220460380803498,0.0029156249715015293,0.953473687171936,1.0,0.0019807692307692304,8.519230769230772e-05,3,0.75,0.75,0.96875,0.2959375,2.499155414104462,1.4231412349641324,0.2059375,0.9011161142587661
557,1785600,153.13971000909805,1.5313969618082046,153.13971000909805,1.5313969618082046,0.0,0.0,0.0,827.7235913872719,8.277235899567604,0.8343017620593309,0.3675,0.20034871448164326,nan,nan,nan,nan,nan,nan,nan,nan,nan,nan,17856,-0.00021717255362309064,0.0042451867833733555,0.7531468987464904,0.0004244734300300479,0.05200214609503746,0.05200214609503746,0.023400456085801123,0.0002135029256385894,5.312499997671694e-05,0.9440723657608032,1.0,0.001966346153846152,8.408653846153841e-05,3,0.75,0.75,0.96875,0.3675,1.9265364454686642,1.3691629320383072,0.24375,0.9276786124706269
558,1788800,189.92052501440048,1.8992050758004189,189.92052501440048,1.8992050758004189,0.0,0.0,0.0,864.5044063925743,8.645044013559819,0.6192127119004727,0.3928125,0.2425947481223485,nan,nan,nan,nan,nan,nan,nan,nan,nan,nan,17888,-0.00024522085233329437,0.004739989433437586,0.7613080203533172,0.0006387591012753547,0.05976666286587715,0.05976666286587715,0.037805091217160226,0.0003614853169017399,0.00038749999657738954,0.9351761341094971,1.0,0.001951923076923075,8.298076923076922e-05,3,0.75,0.75,0.96875,0.3928125,1.8755567668378352,1.0292668460309506,0.2609375,0.9416518294811249
559,1792000,167.38207507133484,1.6738207212090492,167.38207507133484,1.6738207212090492,0.0,0.0,0.0,841.9659564495087,8.419659658968449,0.7644812807440757,0.3771875,0.21376679034018503,nan,nan,nan,nan,nan,nan,nan,nan,nan,nan,17920,-0.0003983580153435362,0.003878566436469555,0.7625285804271698,6.35261065326631e-05,0.14170593172311782,0.14170593172311782,0.022136651538312437,0.0006929191944470012,0.004624999922816642,0.9530559778213501,1.0,0.0019374999999999983,8.187500000000003e-05,3,0.75,0.75,0.9375,0.3771875,2.3037105345726014,1.1054929342120885,0.2609375,0.9370982557535171
560,1795200,99.5699916779995,0.9956997239589691,99.5699916779995,0.9956997239589691,0.0,0.0,0.0,774.1538730561733,7.741538661718368,0.6758079996705055,0.3403125,0.20307368151179112,268.6831677556038,2.6868316775560377,268.6831677556038,2.6868316775560377,100.0,1.460504626724869,0.49,0.19914614046153198,0.0,877.8996149897575,17952,-0.0002876196021243338,0.003908960870467127,0.7488539457321167,0.0002267570933327079,0.15180700048804283,0.15180700048804283,0.04192598089575768,0.0006709535975494799,0.0039031249762047082,0.9561637043952942,1.0,0.0019230769230769214,8.076923076923072e-05,3,0.75,0.75,0.9375,0.3403125,2.6715276238322256,1.3339457900822163,0.251875,0.9445089721679687
561,1798400,111.78435596823692,1.1178435751795768,111.78435596823692,1.1178435751795768,0.0,0.0,0.0,786.3682373464108,7.863682512938976,0.898364636823535,0.35625,0.18766152355013327,nan,nan,nan,nan,nan,nan,nan,nan,nan,nan,17984,-0.00032503900525334697,0.005333872232586146,0.7398833334445953,0.0009297158918343485,0.1344604827463627,0.1344604827463627,0.03959913328289986,0.00037194320202949525,0.0020437499741092326,0.9388158917427063,1.0,0.0019086538461538446,7.966346153846153e-05,3,0.75,0.75,0.875,0.35625,2.6539770579338073,1.2531760927289723,0.259375,0.9256250435113906
562,1801600,127.39433941245079,1.2739434057474137,127.39433941245079,1.2739434057474137,0.0,0.0,0.0,801.9782207906246,8.019782343506813,1.1095900219678878,0.3696875,0.17524139579269749,nan,nan,nan,nan,nan,nan,nan,nan,nan,nan,18016,-0.00031142764125542953,0.0049667236860841514,0.7536942005157471,0.0007442634785547852,0.15351872146129608,0.15351872146129608,0.03727967478334904,0.0007427742100877215,0.006590624886302976,0.9452152252197266,1.0,0.0018942307692307678,7.855769230769233e-05,3,0.75,0.75,0.875,0.3696875,2.418806237578392,1.5343375545740128,0.2575,0.9694196861982346
563,1804800,153.5673390030861,1.5356734263896943,153.5673390030861,1.5356734263896943,0.0,0.0,0.0,828.1512203812599,8.281512364149094,0.911545936241746,0.36375,0.19029100640665844,nan,nan,nan,nan,nan,nan,nan,nan,nan,nan,18048,-0.00036751485170096745,0.004672422958537936,0.7478918850421905,0.0005628037615679204,0.17809330448508262,0.17809330448508262,0.028967476263642312,0.0008602436348187942,0.0055687499636405844,0.937961220741272,1.0,0.001879807692307691,7.745192307692314e-05,3,0.75,0.75,1.0,0.36375,2.262137464284897,1.0984033203870058,0.265,0.9353571850061416
564,1808000,95.94654104113579,0.9594654616713524,95.94654104113579,0.9594654616713524,0.0,0.0,0.0,770.5304224193096,7.7053043994307515,0.9094265765696764,0.3334375,0.17462703415337774,nan,nan,nan,nan,nan,nan,nan,nan,nan,nan,18080,-0.00022633635649763618,0.004414794268086553,0.7459274411201477,0.0005896191927604377,0.13558895736932755,0.13558895736932755,0.02687984872609377,0.00030958800398707306,0.0005593750160187483,0.9469688534736633,1.0,0.0018653846153846142,7.634615384615384e-05,3,0.75,0.75,0.96875,0.3334375,2.7510316330194473,1.254454832226038,0.248125,0.9309375405311584
565,1811200,201.01748579740524,2.0101749220490457,201.01748579740524,2.0101749220490457,0.0,0.0,0.0,875.6013671755791,8.756013859808444,0.5882699613273144,0.399375,0.2514528447457654,nan,nan,nan,nan,nan,nan,nan,nan,nan,nan,18112,-0.0002697321113693363,0.0031984315253794195,0.7657800555229187,-8.794583845883608e-05,0.09209154769778252,0.09209154769778252,0.028339101187884807,0.000645746159356081,0.0020843749603955074,0.9584930539131165,1.0,0.0018509615384615374,7.524038461538464e-05,3,0.75,0.75,0.90625,0.399375,1.9692309598624707,0.9701787500828505,0.283125,0.9574107551574706
566,1814400,76.10285747051239,0.7610286813974381,76.10285747051239,0.7610286813974381,0.0,0.0,0.0,750.6867388486862,7.5068676191568375,1.0038197886198759,0.328125,0.16374975527414815,nan,nan,nan,nan,nan,nan,nan,nan,nan,nan,18144,-0.0003342661310424155,0.004972674511373043,0.7420313119888305,0.000789302063640207,0.10888637714087963,0.10888637714087963,0.030905910208821295,0.0005407111687451473,0.001624999962223228,0.9450262188911438,1.0,0.0018365384615384606,7.413461538461545e-05,3,0.75,0.75,0.9375,0.328125,3.222713815867901,1.275041031986475,0.231875,0.9331250411272048
567,1817600,135.12863275408745,1.3512862540781498,135.12863275408745,1.3512862540781498,0.0,0.0,0.0,809.7125141322613,8.097125191837549,0.695155313834548,0.3596875,0.2121855720620456,nan,nan,nan,nan,nan,nan,nan,nan,nan,nan,18176,-0.00029913499274698553,0.003876018617302179,0.7433944642543793,0.0002843238064087927,0.13902209848165512,0.13902209848165512,0.0399075347930193,0.0006272353070049973,0.0027343750203726812,0.9514436721801758,1.0,0.0018221153846153838,7.302884615384615e-05,3,0.75,0.75,0.90625,0.3596875,2.4159650500118732,0.9621651432663202,0.2459375,0.9357143294811249
568,1820800,156.01397651433945,1.560139726996422,156.01397651433945,1.560139726996422,0.0,0.0,0.0,830.5978578925133,8.305978664755822,0.9116253238171339,0.37875,0.19812982977423205,nan,nan,nan,nan,nan,nan,nan,nan,nan,nan,18208,-0.0003735729930660403,0.0038331073243170976,0.7484819173812867,0.0001899556373246014,0.1521506242454052,0.1521506242454052,0.032158245146274564,0.0005770092446287821,0.0019281249838968505,0.954136848449707,1.0,0.001807692307692307,7.192307692307695e-05,3,0.75,0.75,0.90625,0.37875,1.855593084692955,1.164141928702593,0.2640625,0.937991111278534
569,1824000,85.2115883231163,0.8521156804263592,85.2115883231163,0.8521156804263592,0.0,0.0,0.0,759.7954697012901,7.597954618185758,0.9338716826587915,0.32375,0.1674102800630965,nan,nan,nan,nan,nan,nan,nan,nan,nan,nan,18240,-0.00027630736482824324,0.004315789975225926,0.7395400941371918,0.0005553931812755763,0.12717176228761673,0.12717176228761673,0.03784459009766579,0.0006887097904870882,0.002906250080559403,0.9489561319351196,1.0,0.0017932692307692302,7.081730769230776e-05,3,0.75,0.75,1.0,0.32375,3.09390563249588,1.1718334568291902,0.2353125,0.9352232563495636
570,1827200,159.18096166849136,1.5918094381690024,159.18096166849136,1.5918094381690024,0.0,0.0,0.0,833.7648430466652,8.337648375928401,0.6738584212958812,0.37125,0.22179295170769742,nan,nan,nan,nan,nan,nan,nan,nan,nan,nan,18272,-0.00030920200800172993,0.004544559121131897,0.7597126305103302,0.000611665693577379,0.14217237532138824,0.14217237532138824,0.030737078562378884,0.0006777334345350402,0.003743749937711982,0.9458637833595276,1.0,0.0017788461538461534,6.971153846153846e-05,3,0.75,0.75,0.96875,0.37125,2.3174720917642118,0.8433058722317219,0.2578125,0.9431250441074371
571,1830400,93.7897657752037,0.9378977185487747,93.7897657752037,0.9378977185487747,0.0,0.0,0.0,768.3736471533775,7.683736656308174,0.8577110392600298,0.333125,0.1793201380407857,nan,nan,nan,nan,nan,nan,nan,nan,nan,nan,18304,-0.00020929256368362736,0.004536500340327621,0.7490041434764863,0.0007373973727226258,0.08704171553254128,0.08704171553254128,0.036155807226896285,0.0002220464972231036,0.0005374999993364327,0.9464898705482483,1.0,0.0017644230769230766,6.860576923076926e-05,3,0.75,0.75,0.90625,0.333125,2.755357763469219,0.9924422482401133,0.233125,0.9475893306732178
572,1833600,63.45004838705063,0.634500578790903,63.45004838705063,0.634500578790903,0.0,0.0,0.0,738.0339297652245,7.380339516550302,1.043370990306139,0.313125,0.15323942714537972,nan,nan,nan,nan,nan,nan,nan,nan,nan,nan,18336,-0.00024031170126254665,0.003769648727029562,0.731803423166275,0.00036385663552209737,0.09865827485918999,0.09865827485918999,0.024103949777781963,0.000515189580986409,0.0025500000159809134,0.9584877490997314,1.0,0.0017499999999999998,6.750000000000007e-05,3,0.75,0.75,0.96875,0.313125,2.1697834588587286,1.5766470935195684,0.215,0.9587946861982346
573,1836800,57.76845619082451,0.5776847061514855,57.76845619082451,0.5776847061514855,0.0,0.0,0.0,732.3523375689983,7.323523643910884,0.8993997900187969,0.3271875,0.1722583637838362,nan,nan,nan,nan,nan,nan,nan,nan,nan,nan,18368,-0.0005712481065129448,0.004451302252709866,0.7713574469089508,0.00031565283425152304,0.21000866517424582,0.21000866517424582,0.027769203670322894,0.0010111271310994784,0.007503125065704807,0.9553565382957458,1.0,0.001735576923076923,6.639423076923087e-05,3,0.75,0.75,0.875,0.3271875,3.6801151716709137,1.2451895286142827,0.2340625,0.9231696844100952
574,1840000,129.31533086299896,1.2931531757116317,129.31533086299896,1.2931531757116317,0.0,0.0,0.0,803.8992122411728,8.03899211347103,0.8997975509613753,0.355625,0.18719099823033208,nan,nan,nan,nan,nan,nan,nan,nan,nan,nan,18400,-0.00017447003926789327,0.0038882859982550142,0.7614995658397674,0.00045901506673544644,0.05732941888272762,0.05732941888272762,0.021169664338231087,0.0003420973080243879,0.000718749994848622,0.9560389518737793,1.0,0.0017211538461538462,6.528846153846157e-05,3,0.75,0.75,0.90625,0.355625,2.8069208151102067,1.3284121018648147,0.2353125,0.9262054020166397
575,1843200,229.99613615870476,2.2999614825844765,229.99613615870476,2.2999614825844765,0.0,0.0,0.0,904.5800175368786,9.045800420343875,0.6730680706351996,0.421875,0.252156506602765,nan,nan,nan,nan,nan,nan,nan,nan,nan,nan,18432,-0.00041128843086184473,0.00379878047388047,0.7601206302642822,0.00019078048644587396,0.16123592108488083,0.16123592108488083,0.03178715351969004,0.0006765893281260015,0.0041812499111983925,0.9503188133239746,1.0,0.0017067307692307694,6.418269230769238e-05,3,0.75,0.75,0.96875,0.421875,2.293986061811447,0.9620846948772669,0.2990625,0.93575896859169
576,1846400,125.55291214585304,1.2555291505157948,125.55291214585304,1.2555291505157948,0.0,0.0,0.0,800.1367935240269,8.001368088275195,0.8945681654661893,0.355625,0.18770768266999396,nan,nan,nan,nan,nan,nan,nan,nan,nan,nan,18464,-0.00021163151752006114,0.00402449956163764,0.7482106208801269,0.000534415734000504,0.1183382086455822,0.1183382086455822,0.031803747080266474,0.00032918049910557283,0.0012562499701743945,0.946453332901001,1.0,0.0016923076923076909,6.307692307692308e-05,3,0.75,0.75,0.9375,0.355625,2.2308682508766653,1.3998245548456907,0.245625,0.952678616642952
577,1849600,101.02527719736099,1.0102528977394103,101.02527719736099,1.0102528977394103,0.0,0.0,0.0,775.6091585755348,7.756091835498809,1.0620540583878755,0.3471875,0.16836973724705984,nan,nan,nan,nan,nan,nan,nan,nan,nan,nan,18496,-0.000232321582188888,0.005049372836947441,0.7324135661125183,0.0010634594364091754,0.1094442293047905,0.1094442293047905,0.03608401790261269,0.00022466895843863228,0.0005124999934196239,0.9380384087562561,1.0,0.001677884615384614,6.197115384615388e-05,3,0.75,0.75,0.9375,0.3471875,2.3083810827136038,1.463797461912036,0.2253125,0.9481250476837159
578,1852800,132.13140976428986,1.321314063668251,132.13140976428986,1.321314063668251,0.0,0.0,0.0,806.7152911424637,8.06715300142765,0.6731795924156905,0.34625,0.20694132391376696,nan,nan,nan,nan,nan,nan,nan,nan,nan,nan,18528,-0.00025041289310756554,0.003332793898880482,0.7533657073974609,0.0001627891673706472,0.16310806348919868,0.16310806348919868,0.023730645515024663,0.0006164531360844895,0.004393749902374111,0.956790030002594,1.0,0.0016634615384615373,6.086538461538458e-05,3,0.75,0.75,1.0,0.34625,2.05115652307868,1.058461744338274,0.241875,0.9352678990364075
579,1856000,115.44353199005127,1.1544353146851063,115.44353199005127,1.1544353146851063,0.0,0.0,0.0,790.0274133682251,7.900274252444506,0.9662639079988002,0.3621875,0.18420085855546356,nan,nan,nan,nan,nan,nan,nan,nan,nan,nan,18560,-0.000344246982033658,0.004651946015655994,0.7477852463722229,0.0007485993322916329,0.11569163389503956,0.11569163389503956,0.03265510182827711,0.00034031219748041283,0.0012687500100582838,0.9472505450248718,1.0,0.0016490384615384605,5.9759615384615385e-05,3,0.75,0.75,0.90625,0.3621875,2.607508682906628,1.2598475094884634,0.2565625,0.9564286172389984
580,1859200,177.60701483488083,1.776070092469454,177.60701483488083,1.776070092469454,0.0,0.0,0.0,852.1908962130547,8.521909030228853,0.5650009632110595,0.37125,0.237220301282289,270.77589920163155,2.7077589920163154,270.77589920163155,2.7077589920163154,100.0,1.4173953710030764,0.49,0.2026975007388547,0.0,879.9923464357853,18592,-0.00047417182665085986,0.0036677432944998145,0.7530792117118835,0.00012870499631389976,0.12477193623781205,0.12477193623781205,0.02744380347430706,0.0006734617081780619,0.0024406249805906553,0.9519381523132324,1.0,0.0016346153846153837,5.865384615384619e-05,3,0.75,0.75,1.0,0.37125,2.792655749619007,0.807359492406249,0.2759375,0.9448661154508591
581,1862400,114.74803829193115,1.1474802851676942,114.74803829193115,1.1474802851676942,0.0,0.0,0.0,789.331919670105,7.893319222927094,0.7508446826040744,0.3446875,0.19686926169107005,nan,nan,nan,nan,nan,nan,nan,nan,nan,nan,18624,-0.00024574704998885365,0.004563962062820792,0.7678731799125671,0.0007921317592263222,0.1672838807106018,0.1672838807106018,0.024109935760498045,0.0005663432504696175,0.002584375021251617,0.947079062461853,1.0,0.0016201923076923069,5.754807692307689e-05,3,0.75,0.75,0.9375,0.3446875,3.1848544496297837,1.148157126903534,0.2521875,0.9326786136627198
582,1865600,194.83381220698357,1.9483382904529571,194.83381220698357,1.9483382904529571,0.0,0.0,0.0,869.4176935851574,8.694177228212356,0.6124563796818256,0.3853125,0.23895995256382127,nan,nan,nan,nan,nan,nan,nan,nan,nan,nan,18656,-0.00024994034686098843,0.004186148010194302,0.7637759327888489,0.0006166857667267323,0.11637921184301377,0.11637921184301377,0.031094095110893248,0.00040353467921137864,0.0011468750220956282,0.9442499876022339,1.0,0.00160576923076923,5.6442307692307694e-05,3,0.75,0.75,0.96875,0.3853125,2.1443401128053665,0.8121450817584992,0.2784375,0.9698214715719223
583,1868800,138.56276297569275,1.3856276279687882,138.56276297569275,1.3856276279687882,0.0,0.0,0.0,813.1466443538666,8.131466565728187,0.9296330721676349,0.3734375,0.19352772575591404,nan,nan,nan,nan,nan,nan,nan,nan,nan,nan,18688,-0.0001891451178220649,0.004344961093738675,0.7864097893238068,0.0007318852934986353,0.11211900860071182,0.11211900860071182,0.03193141557276249,0.00044394492343041904,0.0021468750317581,0.9513687491416931,1.0,0.0015913461538461533,5.53365384615385e-05,3,0.75,0.75,0.9375,0.3734375,2.2440556359291075,1.2570126467943192,0.2634375,0.9548661196231842
584,1872000,134.12059086561203,1.3412057828903199,134.12059086561203,1.3412057828903199,0.0,0.0,0.0,808.7044722437859,8.087044720649718,0.9634917037934065,0.3675,0.18716656621976102,nan,nan,nan,nan,nan,nan,nan,nan,nan,nan,18720,-0.0001333904997147306,0.0045386831741780044,0.7576420068740845,0.0009412079583853483,0.08151651844382286,0.08151651844382286,0.028138430044054984,0.0001932128779153734,0.0002218750072643161,0.9489285945892334,1.0,0.0015769230769230765,5.42307692307692e-05,3,0.75,0.75,0.875,0.3675,3.073348227441311,1.2510599213093518,0.2696875,0.9410714703798294
585,1875200,90.79176944494247,0.9079177206754685,90.79176944494247,0.9079177206754685,0.0,0.0,0.0,765.3756508231163,7.653756658434867,0.9388899642974138,0.348125,0.17954861101472996,nan,nan,nan,nan,nan,nan,nan,nan,nan,nan,18752,-0.00020620110417084446,0.004311542585492134,0.7357592284679413,0.0007999463938176632,0.09001681879162789,0.09001681879162789,0.04192415811121464,0.00017093511369581417,0.00014062500158615877,0.9509720802307129,1.0,0.0015624999999999997,5.3125000000000004e-05,3,0.75,0.75,0.90625,0.348125,2.6591429068148136,1.4111678099632263,0.2359375,0.9282143270969391
586,1878400,43.88606435060501,0.43886064276099207,43.88606435060501,0.43886064276099207,0.0,0.0,0.0,718.4699457287788,7.184699580520391,1.3282341575622558,0.3365625,0.14455698062277075,nan,nan,nan,nan,nan,nan,nan,nan,nan,nan,18784,-0.00012848510471812346,0.005290607176721096,0.7565056622028351,0.0013456895132549108,0.12914812117815017,0.12914812117815017,0.04835766516625881,0.00019763854707320513,0.0002656249998835847,0.9549099802970886,1.0,0.0015480769230769229,5.201923076923081e-05,3,0.75,0.75,0.78125,0.3365625,3.2154331418871878,1.8144045470654964,0.2259375,0.9274107563495636
587,1881600,25.287434577941895,0.2528744278848171,25.287434577941895,0.2528744278848171,0.0,0.0,0.0,699.8713159561157,6.998713365644216,1.1800967299193144,0.3078125,0.141192129585641,nan,nan,nan,nan,nan,nan,nan,nan,nan,nan,18816,-0.00030663652701768963,0.004281392181292176,0.7468494713306427,0.000688651017844677,0.11924247071146965,0.11924247071146965,0.04014293029904366,0.0005518266476463394,0.0024718750093597917,0.9567815661430359,1.0,0.001533653846153846,5.0913461538461616e-05,3,0.75,0.75,0.90625,0.3078125,3.363120018541813,1.4829419969022275,0.2140625,0.9298661118745803
588,1884800,119.22274389863014,1.1922274070978165,119.22274389863014,1.1922274070978165,0.0,0.0,0.0,793.806625276804,7.938066344857216,0.9972655231505633,0.360625,0.18055936770546974,nan,nan,nan,nan,nan,nan,nan,nan,nan,nan,18848,-0.0004403299379934111,0.004883491666987538,0.7417157828807831,0.0008745784522034228,0.16631321385502815,0.16631321385502815,0.026980570144951345,0.00048827449809673684,0.00214374997158302,0.9412782788276672,1.0,0.0015192307692307692,4.980769230769231e-05,3,0.75,0.75,0.9375,0.360625,2.436827114671469,1.3482934613525868,0.2509375,0.95272325694561
589,1888000,181.48954737186432,1.8148955911397935,181.48954737186432,1.8148955911397935,0.0,0.0,0.0,856.0734287500381,8.560734528899193,0.7083863634616137,0.3915625,0.2292002022344626,nan,nan,nan,nan,nan,nan,nan,nan,nan,nan,18880,-0.00010892858490625379,0.003878056816756725,0.7554454803466797,0.000693299644626677,0.08230555206537246,0.08230555206537246,0.03809846565127373,0.00031569285966149597,0.001253124988579657,0.9515409469604492,1.0,0.0015048076923076924,4.870192307692312e-05,3,0.75,0.75,0.875,0.3915625,1.9727827727794647,0.9742217180877923,0.2584375,0.9312946808338165
590,1891200,126.6312358379364,1.266312400698662,126.6312358379364,1.266312400698662,0.0,0.0,0.0,801.2151172161102,8.012151338458061,0.885950455442071,0.3515625,0.1864113126543364,nan,nan,nan,nan,nan,nan,nan,nan,nan,nan,18912,-0.0004855782710103063,0.004574113385751843,0.7680473387241363,0.0006567925098352134,0.1606294147670269,0.1606294147670269,0.029328742437064646,0.00047191920039408084,0.0026812499563675374,0.9448062777519226,1.0,0.0014903846153846156,4.7596153846153925e-05,3,0.75,0.75,0.96875,0.3515625,2.5157656651735305,1.3037423345446586,0.24,0.9172321826219558
591,1894400,153.17315423488617,1.5317317068576812,153.17315423488617,1.5317317068576812,0.0,0.0,0.0,827.75703561306,8.27757064461708,0.8211190073937178,0.3784375,0.20780492568774966,nan,nan,nan,nan,nan,nan,nan,nan,nan,nan,18944,-0.000273889113144854,0.004745498718693853,0.7750047087669373,0.0009549830690957605,0.09810065552592277,0.09810065552592277,0.0309206111356616,0.000355537676845466,0.0008750000211875886,0.9469157457351685,1.0,0.0014759615384615388,4.649038461538462e-05,3,0.75,0.75,0.875,0.3784375,2.96161101013422,1.1063829720765352,0.253125,0.9284821861982345
592,1897600,68.00590381026268,0.68005919277668,68.00590381026268,0.68005919277668,0.0,0.0,0.0,742.5897851884365,7.425898130536079,1.0759462265670299,0.3265625,0.15730778370884532,nan,nan,nan,nan,nan,nan,nan,nan,nan,nan,18976,-0.00021339653925096514,0.0049272179137915375,0.7387040972709655,0.0011705679586157202,0.1487363189458847,0.1487363189458847,0.022444549761712552,0.00013301887384274073,1.2500000593718141e-05,0.9488738179206848,1.0,0.0014615384615384603,4.538461538461543e-05,3,0.75,0.75,0.84375,0.3265625,2.685854498744011,1.3145455849915744,0.2228125,0.9407143276929856
593,1900800,107.22350883483887,1.0722350227832793,107.22350883483887,1.0722350227832793,0.0,0.0,0.0,781.8073902130127,7.818073960542678,0.8243487146496773,0.34125,0.18705305474755626,nan,nan,nan,nan,nan,nan,nan,nan,nan,nan,19008,-0.0001981968173160542,0.0035964969778433443,0.7194074273109436,0.0005589860724285245,0.16593694314360619,0.16593694314360619,0.02368891891092062,0.000305716357073481,0.0002656250027939677,0.9575783610343933,1.0,0.0014471153846153835,4.4278846153846235e-05,3,0.75,0.75,0.90625,0.34125,2.961658931672573,1.140858926549554,0.2340625,0.9068303990364075
594,1904000,119.1239595413208,1.1912394532561301,119.1239595413208,1.1912394532561301,0.0,0.0,0.0,793.7078409194946,7.937078391015529,1.0585051921755075,0.364375,0.17700951223490208,nan,nan,nan,nan,nan,nan,nan,nan,nan,nan,19040,-0.0004850454574159835,0.004965368425473571,0.7564091622829437,0.0009139371803030371,0.14279563054442407,0.14279563054442407,0.03948462419211864,0.0007181006869394349,0.0026999999881809345,0.9453631043434143,1.0,0.0014326923076923067,4.317307692307693e-05,3,0.75,0.75,0.90625,0.364375,2.568106081187725,1.447905659377575,0.2446875,0.906205399632454
595,1907200,120.974838078022,1.2097484223544597,120.974838078022,1.2097484223544597,0.0,0.0,0.0,795.5587194561958,7.955587360113858,0.9911412615329027,0.3609375,0.1812716691542659,nan,nan,nan,nan,nan,nan,nan,nan,nan,nan,19072,-0.00030032586746964185,0.004358243150636554,0.7363043248653411,0.0008345179376192391,0.11361843049526214,0.11361843049526214,0.030331204086542128,0.00046107113212541187,0.0021187500617088515,0.9514654874801636,1.0,0.00141826923076923,4.206730769230763e-05,3,0.75,0.75,0.96875,0.3609375,2.4741467233002186,1.415260974019766,0.2490625,0.9472321856021881
596,1910400,33.03543746471405,0.3303543746471405,33.03543746471405,0.3303543746471405,0.0,0.0,0.0,707.6193188428879,7.07619331240654,1.1603429048508405,0.315,0.14581018563890855,nan,nan,nan,nan,nan,nan,nan,nan,nan,nan,19104,-0.00018479096878289968,0.005210100905969739,0.7296120166778565,0.0013959964155219496,0.07017880380153656,0.07017880380153656,0.03641255423426628,0.00018407742464098057,0.0,0.9500212669372559,1.0,0.001403846153846153,4.0961538461538436e-05,3,0.75,0.75,0.875,0.315,2.943787086158991,1.715529453754425,0.2165625,0.943616111278534
597,1913600,83.90661853551865,0.8390658921003342,83.90661853551865,0.8390658921003342,0.0,0.0,0.0,758.4904999136925,7.584904829859733,1.1602706676721573,0.353125,0.16346331285445675,nan,nan,nan,nan,nan,nan,nan,nan,nan,nan,19136,-3.4733545625531546e-05,0.004758690809831023,0.74298255443573,0.0013122947653755545,0.10735447108745574,0.10735447108745574,0.02712213806807995,5.979340235520954e-05,0.0,0.9508336782455444,1.0,0.0013894230769230763,3.985576923076924e-05,3,0.75,0.75,0.90625,0.353125,2.6079115617275237,1.6381399549543858,0.2428125,0.9208036106824875
598,1916800,73.57471880316734,0.735747162848711,73.57471880316734,0.735747162848711,0.0,0.0,0.0,748.1586001813412,7.48158610060811,1.1031930311769247,0.33375,0.1586872888282808,nan,nan,nan,nan,nan,nan,nan,nan,nan,nan,19168,-0.000217306043039045,0.005414528958499432,0.7313293576240539,0.0014843805925920605,0.1696740634739399,0.1696740634739399,0.039781464636325835,0.00025695526151476444,0.0013312499664607457,0.939848780632019,1.0,0.0013749999999999995,3.875000000000005e-05,3,0.75,0.75,0.9375,0.33375,3.3097198590636254,1.3557291629910468,0.2396875,0.9555357545614243
599,1920000,139.0658543407917,1.3906585970520973,139.0658543407917,1.3906585970520973,0.0,0.0,0.0,813.6497357189655,8.136497534811497,0.8100504711270332,0.36125,0.199580070148578,nan,nan,nan,nan,nan,nan,nan,nan,nan,nan,19200,-0.0002870802675854156,0.005278883222490549,0.7304385781288147,0.0013585434178821742,0.14455450400710107,0.14455450400710107,0.043488463014364244,0.0002470347099495171,0.0008000000012543751,0.936049222946167,1.0,0.0013605769230769227,3.7644230769230745e-05,3,0.75,0.75,0.9375,0.36125,2.6750406607985497,1.1161752454936504,0.2453125,0.9372321873903274
600,1923200,45.84802567958832,0.4584801311790943,45.84802567958832,0.4584801311790943,0.0,0.0,0.0,720.4319070577621,7.204319068938493,1.2104323078691959,0.319375,0.14448531125020966,267.40417313575745,2.6740417313575744,267.40417313575745,2.6740417313575744,100.0,1.4799944792222233,0.49,0.19758108500050933,0.0,876.6206203699112,19232,-0.00027974662775527294,0.004482774948701263,0.728776603937149,0.0009805954410694539,0.09683076366782188,0.09683076366782188,0.03385493028908968,0.00039959122014229695,0.000846875012939563,0.952649712562561,1.0,0.0013461538461538459,3.653846153846155e-05,3,0.75,0.75,0.875,0.319375,3.3526395466923713,1.7399850936233998,0.233125,0.9279018288850784
601,1926400,103.30811125040054,1.0330811178684234,103.30811125040054,1.0330811178684234,0.0,0.0,0.0,777.8919926285744,7.778920055627823,0.9786261270940304,0.3425,0.17309990771375444,nan,nan,nan,nan,nan,nan,nan,nan,nan,nan,19264,-0.00018946764179709197,0.004750587791204452,0.7275548875331879,0.0012169190798886121,0.15464407429099084,0.15464407429099084,0.029387713596224784,0.00037028596134756057,0.0015749999845866113,0.9459260702133179,1.0,0.001331730769230769,3.543269230769236e-05,3,0.75,0.75,0.90625,0.3425,2.413944321721792,1.3124197037518024,0.244375,0.9261161178350449
602,1929600,189.60658133029938,1.8960658401250838,189.60658133029938,1.8960658401250838,0.0,0.0,0.0,864.1904627084732,8.641904777884482,0.6559929914772511,0.38875,0.23475340898225072,nan,nan,nan,nan,nan,nan,nan,nan,nan,nan,19296,-0.000176438282510194,0.004147341661155224,0.7457023561000824,0.0009149131132289767,0.12182650566101075,0.12182650566101075,0.03156042154878378,0.00010768998338689434,6.250000296859071e-06,0.9443953633308411,1.0,0.0013173076923076905,3.4326923076923054e-05,3,0.75,0.75,0.96875,0.38875,1.875558444559574,1.0689082293212413,0.2575,0.9341071838140488
603,1932800,104.5662194788456,1.0456622153520585,104.5662194788456,1.0456622153520585,0.0,0.0,0.0,779.1501008570194,7.791501153111458,0.8978345521539449,0.349375,0.18409138963324137,nan,nan,nan,nan,nan,nan,nan,nan,nan,nan,19328,-0.0004298155084252464,0.004578873096033931,0.7285556614398956,0.0009103970427531749,0.10580146983265877,0.10580146983265877,0.03083733655512333,0.0004619037534247153,0.0007343749861320248,0.9524380564689636,1.0,0.0013028846153846137,3.322115384615386e-05,3,0.75,0.75,0.9375,0.349375,2.5801509419083595,1.230215798690915,0.2540625,0.951607181429863
604,1936000,-4.289097100496292,-0.042891017496585845,-4.289097100496292,-0.042891017496585845,0.0,4.289097100496292,0.042891017496585845,670.2947842776775,6.7029479202628135,1.1269590856134892,0.2746875,0.1291456435894584,nan,nan,nan,nan,nan,nan,nan,nan,nan,nan,19360,-0.0001638818030798461,0.004130672290921211,0.7270203232765198,0.0009647166181821377,0.08106028735637665,0.08106028735637665,0.024903092160820962,0.00029816770384402295,0.00010937499864667188,0.9594987630844116,1.0,0.001288461538461537,3.2115384615384666e-05,3,0.75,0.75,0.90625,0.2746875,3.4765956422686575,1.3905526646971702,0.2075,0.9478571873903274
605,1939200,190.29095017910004,1.9029094779491424,190.29095017910004,1.9029094779491424,0.0,0.0,0.0,864.8748315572739,8.64874841570854,0.8357670451700687,0.398125,0.2168711989070035,nan,nan,nan,nan,nan,nan,nan,nan,nan,nan,19392,-0.0002456933480395662,0.0038990789325907826,0.7445948362350464,0.0007552036491688341,0.13237968683242798,0.13237968683242798,0.030463868379592897,0.0003332040881140726,0.0005531249942578142,0.9487693905830383,1.0,0.0012740384615384601,3.1009615384615364e-05,3,0.75,0.75,1.0,0.398125,1.852155862748623,1.2147205963730812,0.2759375,0.962901828289032
606,1942400,180.66933542490005,1.80669342815876,180.66933542490005,1.80669342815876,0.0,0.0,0.0,855.2532168030739,8.55253236591816,0.7847529327869416,0.38125,0.2136150012678043,nan,nan,nan,nan,nan,nan,nan,nan,nan,nan,19424,-0.00012247280722367803,0.004504363657906652,0.7413418769836426,0.0011959034018218517,0.07390443012118339,0.07390443012118339,0.035716472938656804,0.00018525074583868625,0.00023749999490974005,0.9389219284057617,1.0,0.0012596153846153833,2.990384615384617e-05,3,0.75,0.75,1.0,0.38125,2.7995690366625787,1.2242579166591168,0.2678125,0.9310268300771714
607,1945600,190.28414750099182,1.9028414738178254,190.28414750099182,1.9028414738178254,0.0,0.0,0.0,864.8680288791656,8.648680411577224,0.7664397391676903,0.3934375,0.22272908114339612,nan,nan,nan,nan,nan,nan,nan,nan,nan,nan,19456,-7.417283014241605e-05,0.0047552916686981915,0.7513035476207733,0.0013679556548595428,0.08314742594957351,0.08314742594957351,0.0335719894617796,5.570704193250302e-05,0.0,0.9315620064735413,1.0,0.0012451923076923065,2.8798076923076976e-05,3,0.75,0.75,1.0,0.3934375,1.997677248120308,0.9179569354653359,0.2809375,0.9425893324613571
608,1948800,104.5716861486435,1.0457168526947498,104.5716861486435,1.0457168526947498,0.0,0.0,0.0,779.1555675268173,7.791555790454149,0.8615308433771134,0.3446875,0.18516346437466596,nan,nan,nan,nan,nan,nan,nan,nan,nan,nan,19488,-0.00014683647182901495,0.005089703947305679,0.7154572546482086,0.0015174526837654413,0.11460758447647094,0.11460758447647094,0.03578434102237225,8.213398028026837e-05,9.375000081490725e-06,0.9362990856170654,1.0,0.0012307692307692297,2.769230769230778e-05,3,0.75,0.75,0.9375,0.3446875,3.622457905113697,0.9996198181807995,0.2534375,0.9170089703798294
609,1952000,178.47365188598633,1.7847364620864392,178.47365188598633,1.7847364620864392,0.0,0.0,0.0,853.0575332641602,8.530575399845839,0.7466863771528005,0.3875,0.22184864155845047,nan,nan,nan,nan,nan,nan,nan,nan,nan,nan,19520,-5.903638559430213e-05,0.00372781902551651,0.7487248539924621,0.0008941645268350839,0.11448481902480126,0.11448481902480126,0.03538068197667599,4.8063085527077774e-05,0.0,0.9531250596046448,1.0,0.001216346153846153,2.658653846153848e-05,3,0.75,0.75,1.0,0.3875,2.6287298783659936,1.026977657675743,0.2890625,0.9452232575416565
610,1955200,133.7855163514614,1.3378551864624024,133.7855163514614,1.3378551864624024,0.0,0.0,0.0,808.3693977296352,8.083694124221802,0.8197789926826954,0.363125,0.19954346184900487,nan,nan,nan,nan,nan,nan,nan,nan,nan,nan,19552,-9.516797022560697e-05,0.004087502136826515,0.7502311527729034,0.0010468629305250942,0.09139882251620293,0.09139882251620293,0.03940543681383133,5.970072905162498e-05,0.0,0.9549165964126587,1.0,0.0012019230769230761,2.5480769230769285e-05,3,0.75,0.75,0.90625,0.363125,2.684460579752922,1.010130690038204,0.239375,0.9322321856021881
611,1958400,217.0597287416458,2.170597362369299,217.0597287416458,2.170597362369299,0.0,0.0,0.0,891.6436101198196,8.916436300128698,0.7986615899205208,0.4221875,0.2347231421218349,nan,nan,nan,nan,nan,nan,nan,nan,nan,nan,19584,-0.0002561591439036448,0.005847213696688414,0.7403686046600342,0.0017882600193843245,0.12693634629249573,0.12693634629249573,0.03291307780891657,0.00024295502799199928,0.0004874999896856025,0.9254340529441833,1.0,0.0011874999999999993,2.437500000000009e-05,3,0.75,0.75,0.9375,0.4221875,2.0006023593246938,1.179833624213934,0.283125,0.958169686794281
612,1961600,197.4319629073143,1.9743196386098862,197.4319629073143,1.9743196386098862,0.0,0.0,0.0,872.0158442854881,8.720158576369286,0.9563360774517059,0.408125,0.20861701867279245,nan,nan,nan,nan,nan,nan,nan,nan,nan,nan,19616,-9.604152480129358e-05,0.0038614587159827352,0.7502881228923798,0.0009545421751681715,0.1279325820505619,0.1279325820505619,0.024791690148413183,0.0001980949291501254,0.0006625000125495717,0.9504506587982178,1.0,0.0011730769230769225,2.326923076923079e-05,3,0.75,0.75,1.0,0.408125,1.9247622442245484,1.444052691757679,0.289375,0.9301786100864411
613,1964800,82.6154263317585,0.8261542890965938,82.6154263317585,0.8261542890965938,0.0,0.0,0.0,757.1993077099323,7.571993226855993,1.0145139577239752,0.3246875,0.16117411286980424,nan,nan,nan,nan,nan,nan,nan,nan,nan,nan,19648,-0.00012994127606438254,0.0035427503287792208,0.7235447347164154,0.0008030959696043282,0.11724859848618507,0.11724859848618507,0.017835125140845776,0.0001410605133549729,9.375000081490725e-05,0.9568114876747131,1.0,0.0011586538461538457,2.2163461538461595e-05,3,0.75,0.75,0.9375,0.3246875,2.3894883623719214,1.373872528374195,0.205625,0.9603571814298629
614,1968000,67.87449085712433,0.6787449315190315,67.87449085712433,0.6787449315190315,0.0,0.0,0.0,742.4583722352982,7.424583869278431,1.0056112344563006,0.3340625,0.166563935353384,nan,nan,nan,nan,nan,nan,nan,nan,nan,nan,19680,-5.225791905729693e-05,0.005061941919848323,0.7258122861385345,0.0016482162987813353,0.11246860846877098,0.11246860846877098,0.053932372480630875,2.3900747877476346e-05,0.0,0.9481852650642395,1.0,0.001144230769230769,2.10576923076924e-05,3,0.75,0.75,0.875,0.3340625,3.1269413697719575,1.4088598189502954,0.2540625,0.9145982593297959
615,1971200,141.64508613944054,1.4164510616660118,141.64508613944054,1.4164510616660118,0.0,0.0,0.0,816.2289675176144,8.162289999425411,0.9037022061645985,0.3696875,0.1941939757189292,nan,nan,nan,nan,nan,nan,nan,nan,nan,nan,19712,-0.00019569306483315784,0.004102672729641199,0.7532020211219788,0.0010046699084341527,0.1225284643471241,0.1225284643471241,0.024181874841451644,0.00010421511051745755,2.5000000823638403e-05,0.9519370198249817,1.0,0.0011298076923076904,1.9951923076923098e-05,3,0.75,0.75,0.96875,0.3696875,2.550449875891209,1.2594525691866876,0.2721875,0.9445536172389984
616,1974400,170.3148638010025,1.7031487566232681,170.3148638010025,1.7031487566232681,0.0,0.0,0.0,844.8987451791763,8.448987694382668,0.8796321661770343,0.3921875,0.20865119625914166,nan,nan,nan,nan,nan,nan,nan,nan,nan,nan,19744,-7.955923070177562e-05,0.0045980629976838825,0.7365239143371582,0.0013979648239910603,0.1983725056052208,0.1983725056052208,0.04083568081259727,4.958516899822896e-05,0.0,0.9480184316635132,1.0,0.0011153846153846136,1.8846153846153796e-05,3,0.75,0.75,0.90625,0.3921875,2.0854117184877397,1.3256062489748002,0.288125,0.9300893265008926
617,1977600,235.18948316574097,2.351894687861204,235.18948316574097,2.351894687861204,0.0,0.0,0.0,909.7733645439148,9.097733625620602,0.6458245807886124,0.424375,0.25784947250979606,nan,nan,nan,nan,nan,nan,nan,nan,nan,nan,19776,-3.314661967710464e-05,0.003805392608046532,0.7422361135482788,0.0010523762088268996,0.10205790251493455,0.10205790251493455,0.027934137359261514,4.792224254185637e-05,0.0,0.9442629814147949,1.0,0.0011009615384615368,1.77403846153846e-05,3,0.75,0.75,1.0,0.424375,2.0841712701320647,1.0647829758375884,0.2996875,0.934821469783783
618,1980800,166.56338322162628,1.6656336638331413,166.56338322162628,1.6656336638331413,0.0,0.0,0.0,841.1472645998001,8.411472601592541,0.9776637355238199,0.3896875,0.19704436755360955,nan,nan,nan,nan,nan,nan,nan,nan,nan,nan,19808,-0.00016024815009734182,0.004739471711218357,0.7498377144336701,0.0013947602594271303,0.14608464539051055,0.14608464539051055,0.03401918299496174,0.00012206111894461208,1.250000022992026e-05,0.9440432786941528,1.0,0.00108653846153846,1.6634615384615407e-05,3,0.75,0.75,0.9375,0.3896875,2.597455157637596,1.2997541194409132,0.27625,0.9324107581377029
619,1984000,206.2006460428238,2.0620064637064934,206.2006460428238,2.0620064637064934,0.0,0.0,0.0,880.7845274209976,8.807845401465892,0.6204041867703199,0.39375,0.24299492880526055,nan,nan,nan,nan,nan,nan,nan,nan,nan,nan,19840,-0.00010122256794442563,0.003305469476617873,0.7383981287479401,0.0007598641852382571,0.16672037839889525,0.16672037839889525,0.028279923461377622,5.1652499363581965e-05,0.0,0.9584555625915527,1.0,0.0010721153846153832,1.5528846153846213e-05,3,0.75,0.75,1.0,0.39375,2.384711219072342,0.8104809871315957,0.2709375,0.9016518306732177
620,1987200,203.06605637073517,2.0306605802476407,203.06605637073517,2.0306605802476407,0.0,0.0,0.0,877.649937748909,8.77649951800704,0.7400552294403314,0.406875,0.23382878492360648,268.7301590144634,2.687301590144634,268.7301590144634,2.687301590144634,100.0,1.4560582636017352,0.49,0.199506667761794,0.0,877.9466062486172,19872,-0.0001078841214373849,0.004742828756570816,0.7542493581771851,0.0014657665276899933,0.09729664102196693,0.09729664102196693,0.03159894030541181,7.69982819099777e-05,3.1250001484295353e-06,0.9408566355705261,1.0,0.0010576923076923064,1.4423076923076911e-05,3,0.75,0.75,0.90625,0.406875,2.151042664051056,1.1830900536477567,0.28125,0.9727232575416564
621,1990400,237.89902448654175,2.3789903247356414,237.89902448654175,2.3789903247356414,0.0,0.0,0.0,912.4829058647156,9.124829262495041,0.777710218951106,0.425,0.23907158516012847,nan,nan,nan,nan,nan,nan,nan,nan,nan,nan,19904,-3.9283943812407077e-05,0.004121813923120499,0.7598732292652131,0.001228870707564056,0.13193690180778503,0.13193690180778503,0.029918170534074306,2.734661714284665e-05,0.0,0.9461180567741394,1.0,0.0010432692307692296,1.3317307692307717e-05,3,0.75,0.75,0.96875,0.425,2.758324025720358,0.8778839196264744,0.3009375,0.962187541127205
622,1993600,114.10660642385483,1.1410660503804684,114.10660642385483,1.1410660503804684,0.0,0.0,0.0,788.6904878020287,7.886904988139867,0.9320569848269225,0.3509375,0.18163931123979646,nan,nan,nan,nan,nan,nan,nan,nan,nan,nan,19936,-4.679167264285411e-05,0.004036992136389017,0.7173740029335022,0.0012336369254626334,0.08135064989328385,0.08135064989328385,0.02967707272619009,2.7019305722448158e-05,0.0,0.9529449343681335,1.0,0.0010288461538461528,1.2211538461538523e-05,3,0.75,0.75,0.9375,0.3509375,2.253760599344969,1.5286211395263671,0.240625,0.9292857587337494
623,1996800,186.77964588999748,1.8677963796257973,186.77964588999748,1.8677963796257973,0.0,0.0,0.0,861.3635272681713,8.613635317385196,1.0615162514150143,0.3990625,0.1935771788003541,nan,nan,nan,nan,nan,nan,nan,nan,nan,nan,19968,-0.00012742393343434522,0.004608343122527003,0.7404597222805023,0.0014256081893108785,0.16130668222904204,0.16130668222904204,0.03515039198100567,5.005034933355663e-05,0.0,0.9374961853027344,1.0,0.001014423076923076,1.110576923076922e-05,3,0.75,0.75,1.0,0.3990625,2.4724101017415525,1.3234332186728717,0.2875,0.9410268270969391
624,2000000,132.7714497745037,1.3277145971357822,132.7714497745037,1.3277145971357822,0.0,0.0,0.0,807.3553311526775,8.073553534895181,0.8483848649263382,0.35375,0.19138330264032843,268.6323855817318,2.686323855817318,268.6323855817318,2.686323855817318,100.0,1.458851532517001,0.49,0.1992800270858208,0.0,877.8488328158855,20000,-4.613969312741162e-05,0.004413527809083462,0.7394875288009644,0.0014211365953087807,0.09941052868962288,0.09941052868962288,0.03172259461134672,4.736645023876138e-05,0.0,0.9450585246086121,1.0,0.0009999999999999992,1.0000000000000026e-05,3,0.75,0.75,0.90625,0.35375,3.249675392508507,1.2182261601090432,0.2575,0.9165625393390655
