iter,global_step,episode_return,mean_step_reward,optimized_episode_return,optimized_mean_step_reward,reward_shift,episode_return_gap_to_zero,mean_step_reward_gap_to_zero,episode_return_delta_from_start,mean_step_reward_delta_from_start,pursuer_target_distance,capture,task_score,eval_mean_return,eval_mean_step_reward,eval_optimized_mean_return,eval_optimized_mean_step_reward,eval_mean_episode_length,eval_pursuer_target_distance,eval_capture,eval_task_score,eval_return_gap_to_zero,eval_return_delta_from_start,episodes_completed,policy_loss,value_loss,entropy,total_loss,grad_norm,actor_grad_norm,critic_grad_norm,approx_kl,clipfrac,explained_variance,mean_ratio_epoch0,entropy_coef,lr,seed,alpha,env_alpha,capture_rate,detection_event_rate,capture_without_recent_detection_rate,window_open,steps_since_detection
0,3200,-71.0187976360321,-0.7101879972219467,-71.0187976360321,-0.7101879972219467,0.0,71.0187976360321,0.7101879972219467,0.0,0.0,6.295266027450562,0.0,0.0,-54.191687881946564,-0.5419168788194656,-54.191687881946564,-0.5419168788194656,100.0,4.917468614578247,0.0,0.0,54.191687881946564,0.0,32,-0.0014732081154128717,0.5215844541788102,1.607954478263855,0.2432394728064537,0.03066060971468687,0.03066060971468687,0.2748949766159058,0.0014435362882068356,0.0017124999314546586,-0.1904686689376831,1.0,0.01,0.0007,1,0.0,0.0,0.0,0.0628125,0.0,0.08375,49.75375
1,6400,-76.88672298192978,-0.7688672518730164,-76.88672298192978,-0.7688672518730164,0.0,76.88672298192978,0.7688672518730164,-5.867925345897675,-0.05867925465106971,5.634081068038941,0.0,0.0,nan,nan,nan,nan,nan,nan,nan,nan,nan,nan,64,-0.0015086137956124902,0.389388370513916,1.5992346167564393,0.1772162914276123,0.0362074326723814,0.0362074326723814,0.31428868174552915,0.0015771288468388067,0.0,0.278422474861145,1.0,0.009985576923076923,0.0006988942307692308,1,0.0,0.0,0.0,0.015625,0.0,0.03375,53.2740625
2,9600,-76.56835496425629,-0.7656835567951202,-76.56835496425629,-0.7656835567951202,0.0,76.56835496425629,0.7656835567951202,-5.549557328224182,-0.055495559573173536,5.9527837800979615,0.0,0.0,nan,nan,nan,nan,nan,nan,nan,nan,nan,nan,96,-0.001285190654435464,0.4192227810621262,1.587615430355072,0.19249584078788756,0.03385572824627161,0.03385572824627161,0.3362270787358284,0.0014720506347660604,0.004025000181718497,0.34158796072006226,1.0,0.009971153846153847,0.0006977884615384615,1,0.0,0.0,0.0,0.07,0.0,0.0740625,51.268125
3,12800,-79.46851402521133,-0.7946851032972336,-79.46851402521133,-0.7946851032972336,0.0,79.46851402521133,0.7946851032972336,-8.44971638917923,-0.08449710607528693,6.262870278358459,0.0,0.0,nan,nan,nan,nan,nan,nan,nan,nan,nan,nan,128,-0.0018421159999562065,0.40793475806713103,1.58250333070755,0.18636870235204697,0.042733336612582204,0.042733336612582204,0.32179091274738314,0.002281785981177002,0.010918749868869782,0.21080410480499268,1.0,0.00995673076923077,0.0006966826923076923,1,0.0,0.0,0.0,0.019375,0.0,0.0228125,54.3475
4,16000,-86.74564015865326,-0.8674563783407211,-86.74564015865326,-0.8674563783407211,0.0,86.74564015865326,0.8674563783407211,-15.726842522621155,-0.1572683811187744,6.904576902389526,0.0,0.0,nan,nan,nan,nan,nan,nan,nan,nan,nan,nan,160,-0.0015737805369312242,0.40445358455181124,1.5704291701316833,0.18503932505846024,0.04431833252310753,0.04431833252310753,0.3331165209412575,0.001999521309335673,0.007243750244379043,0.2687724828720093,1.0,0.009942307692307693,0.0006955769230769231,1,0.0,0.0,0.0,0.01875,0.0,0.0203125,54.6084375
5,19200,-57.79613487422466,-0.5779613727331161,-57.79613487422466,-0.5779613727331161,0.0,57.79613487422466,0.5779613727331161,13.222662761807442,0.1322266244888306,4.604462480545044,0.0,0.0,nan,nan,nan,nan,nan,nan,nan,nan,nan,nan,192,-0.0013093085629108715,0.21819081157445908,1.5633610367774964,0.09226522743701934,0.03714554831385612,0.03714554831385612,0.2414015918970108,0.0018069623867636476,0.010893749992828817,0.3168274760246277,1.0,0.009927884615384616,0.0006944711538461538,1,0.0,0.0,0.0,0.1709375,0.0,0.205625,42.27125
6,22400,-63.04971545934677,-0.6304971569776535,-63.04971545934677,-0.6304971569776535,0.0,63.04971545934677,0.6304971569776535,7.969082176685333,0.07969084024429318,4.926370911598205,0.0015625,0.00026365207701430044,nan,nan,nan,nan,nan,nan,nan,nan,nan,nan,224,-0.0018753276049625178,0.3151982754468918,1.553501832485199,0.14032322987914086,0.044483605027198794,0.044483605027198794,0.2838149964809418,0.002454174271406866,0.010631250240840018,0.1641852855682373,1.0,0.00991346153846154,0.0006933653846153846,1,0.0,0.0,0.03125,0.078125,0.0,0.0884375,49.1121875
7,25600,-67.63094493746758,-0.6763094079494476,-67.63094493746758,-0.6763094079494476,0.0,67.63094493746758,0.6763094079494476,3.3878526985645294,0.03387858927249909,4.933159193992615,0.0,0.0,nan,nan,nan,nan,nan,nan,nan,nan,nan,nan,256,-0.0011403781980973803,0.2967775255441666,1.544314205646515,0.13196115493774413,0.03067776616662741,0.03067776616662741,0.28362371027469635,0.001484345877543585,0.003662500041536987,0.2904059886932373,1.0,0.009899038461538463,0.0006922596153846154,1,0.0,0.0,0.0,0.0625,0.0,0.080625,48.2128125
8,28800,-63.655965089797974,-0.6365596574544906,-63.655965089797974,-0.6365596574544906,0.0,63.655965089797974,0.6365596574544906,7.362832546234131,0.07362833976745609,5.33169988155365,0.0,0.0,nan,nan,nan,nan,nan,nan,nan,nan,nan,nan,288,-0.0013060153561120559,0.29657878279685973,1.5358131408691407,0.1318024531006813,0.03217526450753212,0.03217526450753212,0.2761733129620552,0.0010315621959312866,0.0012750000110827386,0.3547578454017639,1.0,0.009884615384615384,0.0006911538461538461,1,0.0,0.0,0.0,0.1384375,0.0,0.153125,45.6390625
9,32000,-65.09008210897446,-0.6509008193016053,-65.09008210897446,-0.6509008193016053,0.0,65.09008210897446,0.6509008193016053,5.928715527057648,0.05928717792034144,5.134229979515076,0.0,0.0,nan,nan,nan,nan,nan,nan,nan,nan,nan,nan,320,-0.0014990936223126528,0.22135847955942153,1.5320528626441956,0.09405849054455757,0.04405418708920479,0.04405418708920479,0.23637625426054001,0.0024788103419274435,0.016718749850406313,0.4975544810295105,1.0,0.009870192307692307,0.0006900480769230769,1,0.0,0.0,0.0,0.0565625,0.0,0.0625,51.4215625
10,35200,-61.367522805929184,-0.613675193786621,-61.367522805929184,-0.613675193786621,0.0,61.367522805929184,0.613675193786621,9.65127483010292,0.09651280343532564,5.392368240356445,0.0,0.0,nan,nan,nan,nan,nan,nan,nan,nan,nan,nan,352,-0.0013028419089096133,0.17796945571899414,1.5145198822021484,0.07275512516498565,0.04012201204895973,0.04012201204895973,0.24151061475276947,0.0017592998377955605,0.006193750014062971,0.4434799551963806,1.0,0.00985576923076923,0.0006889423076923077,1,0.0,0.0,0.0,0.0921875,0.0,0.1015625,49.2315625
11,38400,-71.16942298412323,-0.7116942173242569,-71.16942298412323,-0.7116942173242569,0.0,71.16942298412323,0.7116942173242569,-0.1506253480911255,-0.001506220102310163,5.004424142837524,0.0,0.0,nan,nan,nan,nan,nan,nan,nan,nan,nan,nan,384,-0.001746917799825276,0.2269047126173973,1.487443459033966,0.09706699401140213,0.040152916125953196,0.040152916125953196,0.2729571804404259,0.0029766705920344252,0.023800000175833703,0.572980523109436,1.0,0.009841346153846154,0.0006878365384615384,1,0.0,0.0,0.0,0.05,0.0,0.059375,50.9109375
12,41600,-57.446305096149445,-0.5744630408287048,-57.446305096149445,-0.5744630408287048,0.0,57.446305096149445,0.5744630408287048,13.57249253988266,0.1357249563932419,4.430577793121338,0.0021875,0.00040281164976051085,nan,nan,nan,nan,nan,nan,nan,nan,nan,nan,416,-0.0016281896547443609,0.2640291124582291,1.5040486216545106,0.11560619622468948,0.04481786340475082,0.04481786340475082,0.24327308386564256,0.0020459977997240616,0.013256249792175368,0.24515068531036377,1.0,0.009826923076923077,0.0006867307692307692,1,0.0,0.0,0.03125,0.130625,0.0,0.144375,45.71625
13,44800,-41.47230090200901,-0.4147229352593422,-41.47230090200901,-0.4147229352593422,0.0,41.47230090200901,0.4147229352593422,29.546496734023094,0.2954650619626045,4.747658195495606,0.0115625,0.0020116888664432828,nan,nan,nan,nan,nan,nan,nan,nan,nan,nan,448,-0.0011879033289500462,0.7184524893760681,1.501652979850769,0.3433033645153046,0.04322024714201689,0.04322024714201689,0.3303538993000984,0.002085296557925842,0.004087500041350722,0.3372374176979065,1.0,0.0098125,0.000685625,1,0.0,0.0,0.03125,0.139375,0.0,0.1690625,43.2471875
14,48000,-50.06280601024628,-0.5006280171871186,-50.06280601024628,-0.5006280171871186,0.0,50.06280601024628,0.5006280171871186,20.955991625785828,0.20955998003482812,4.254441025257111,0.009375,0.0017842050096168434,nan,nan,nan,nan,nan,nan,nan,nan,nan,nan,480,-0.0018042486993596007,0.7660300612449646,1.512488305568695,0.3663913071155548,0.04595218561589718,0.04595218561589718,0.32543789595365524,0.0034221951929800363,0.025750000076368452,0.08726787567138672,1.0,0.009798076923076923,0.0006845192307692307,1,0.0,0.0,0.03125,0.108125,0.0,0.12625,46.0765625
15,51200,-68.2293706536293,-0.6822937190532684,-68.2293706536293,-0.6822937190532684,0.0,68.2293706536293,0.6822937190532684,2.7894269824028015,0.027894278168678288,5.37156614780426,0.0,0.0,nan,nan,nan,nan,nan,nan,nan,nan,nan,nan,512,-0.0010884774003642405,0.22673119455575944,1.504554772377014,0.09755707681179046,0.043724827095866205,0.043724827095866205,0.26810974180698394,0.0019001588254475333,0.009474999876692891,0.41854673624038696,1.0,0.009783653846153846,0.0006834134615384615,1,0.0,0.0,0.0,0.1303125,0.0,0.138125,47.8096875
16,54400,-63.00359693169594,-0.6300359296798707,-63.00359693169594,-0.6300359296798707,0.0,63.00359693169594,0.6300359296798707,8.015200704336166,0.08015206754207604,4.714313850402832,0.0,0.0,nan,nan,nan,nan,nan,nan,nan,nan,nan,nan,544,-0.001192132553132197,0.18949427008628844,1.5056809902191162,0.07884565740823746,0.04295313656330109,0.04295313656330109,0.24296847730875015,0.0024039865966193827,0.014475000090897083,0.28988105058670044,1.0,0.00976923076923077,0.0006823076923076923,1,0.0,0.0,0.0,0.1234375,0.0,0.1346875,47.0075
17,57600,-67.73702681064606,-0.6773702627420426,-67.73702681064606,-0.6773702627420426,0.0,67.73702681064606,0.6773702627420426,3.2817708253860474,0.032817734479904104,5.2376300764083865,0.0,0.0,nan,nan,nan,nan,nan,nan,nan,nan,nan,nan,576,-0.0009167787947689021,0.14673150405287744,1.5049724817276,0.05776825696229935,0.03934385739266873,0.03934385739266873,0.24440644979476928,0.0017579493673117671,0.010118750226683914,0.44042229652404785,1.0,0.009754807692307693,0.000681201923076923,1,0.0,0.0,0.0,0.0375,0.0,0.05125,51.39375
18,60800,-52.51302379369736,-0.5251302489638329,-52.51302379369736,-0.5251302489638329,0.0,52.51302379369736,0.5251302489638329,18.505773842334747,0.18505774825811383,4.124769332408905,0.0,0.0,nan,nan,nan,nan,nan,nan,nan,nan,nan,nan,608,-0.001554591504542624,0.1264711044728756,1.4930599689483643,0.04713798202574253,0.043033677339553836,0.043033677339553836,0.22183857709169388,0.002349211501860476,0.015743750019464643,0.32225918769836426,1.0,0.009740384615384616,0.0006800961538461538,1,0.0,0.0,0.0,0.2178125,0.0,0.236875,39.0975
19,64000,-52.261489272117615,-0.5226149135828018,-52.261489272117615,-0.5226149135828018,0.0,52.261489272117615,0.5226149135828018,18.75730836391449,0.18757308363914493,4.303370375633239,0.0,0.0,nan,nan,nan,nan,nan,nan,nan,nan,nan,nan,640,-0.001330856156669391,0.10136952251195908,1.480701732635498,0.03495265673846006,0.043831526301801205,0.043831526301801205,0.19436278119683265,0.0021253604063538436,0.014337500277906656,0.5816342830657959,1.0,0.00972596153846154,0.0006789903846153847,1,0.0,0.0,0.0,0.1625,0.0,0.18125,43.8834375
20,67200,-44.93397073447704,-0.4493397158384323,-44.93397073447704,-0.4493397158384323,0.0,44.93397073447704,0.4493397158384323,26.08482690155506,0.2608482813835144,3.481383111476898,0.0,0.0,-41.271801598370075,-0.4127180159837007,-41.271801598370075,-0.4127180159837007,100.0,3.766009379029274,0.0,0.0,41.271801598370075,12.919886283576488,672,-0.0015420819123391992,0.07413671612739563,1.4897486686706543,0.021058524306863547,0.044902156293392184,0.044902156293392184,0.14729877188801765,0.0026329139116575973,0.021668749768286942,0.5717654228210449,1.0,0.009711538461538462,0.0006778846153846154,1,0.0,0.0,0.0,0.231875,0.0,0.250625,39.233125
21,70400,-67.68415915966034,-0.6768416106700897,-67.68415915966034,-0.6768416106700897,0.0,67.68415915966034,0.6768416106700897,3.334638476371765,0.033346386551856955,5.611424050331116,0.0,0.0,nan,nan,nan,nan,nan,nan,nan,nan,nan,nan,704,-0.0017272573755356291,0.20404455363750457,1.4807125210762024,0.08593638017773628,0.05114982686936855,0.05114982686936855,0.22778283357620238,0.003571196933626877,0.028831249941140412,0.3376946449279785,1.0,0.009697115384615386,0.0006767788461538462,1,0.0,0.0,0.0,0.0696875,0.0,0.0796875,50.5021875
22,73600,-63.29354578256607,-0.6329354178905487,-63.29354578256607,-0.6329354178905487,0.0,63.29354578256607,0.6329354178905487,7.725251853466034,0.07725257933139795,4.733557333946228,0.0,0.0,nan,nan,nan,nan,nan,nan,nan,nan,nan,nan,736,-0.0020037144271074503,0.16023352295160292,1.4880416989326477,0.06370479539036751,0.059756947308778764,0.059756947308778764,0.24257882237434386,0.002428315715224712,0.012868750002235174,0.5019598007202148,1.0,0.009682692307692307,0.000675673076923077,1,0.0,0.0,0.0,0.0915625,0.0,0.1109375,48.103125
23,76800,-56.938610911369324,-0.5693860650062561,-56.938610911369324,-0.5693860650062561,0.0,56.938610911369324,0.5693860650062561,14.08018672466278,0.1408019322156906,5.195250916481018,0.0,0.0,nan,nan,nan,nan,nan,nan,nan,nan,nan,nan,768,-0.0022034909093520127,0.09566046223044396,1.4713119387626648,0.03140170108526945,0.06298311986029148,0.06298311986029148,0.1811135932803154,0.0036881230793376525,0.03852499979548156,0.5780216455459595,1.0,0.00966826923076923,0.0006745673076923077,1,0.0,0.0,0.0,0.133125,0.0,0.1434375,46.3925
24,80000,-58.772201120853424,-0.5877220609784126,-58.772201120853424,-0.5877220609784126,0.0,58.772201120853424,0.5877220609784126,12.24659651517868,0.12246593624353408,4.68122526884079,0.0,0.0,nan,nan,nan,nan,nan,nan,nan,nan,nan,nan,800,-0.0013828742784098402,0.11836163103580474,1.466228473186493,0.04364319816231728,0.046007958427071574,0.046007958427071574,0.20100292116403579,0.001159005796945017,0.007449999917298555,0.5089104175567627,1.0,0.009653846153846153,0.0006734615384615385,1,0.0,0.0,0.0,0.12625,0.0,0.145,44.2678125
25,83200,-56.31716525554657,-0.5631716376543046,-56.31716525554657,-0.5631716376543046,0.0,56.31716525554657,0.5631716376543046,14.701632380485535,0.14701635956764214,4.807203960418701,0.0,0.0,nan,nan,nan,nan,nan,nan,nan,nan,nan,nan,832,-0.0014826114558498915,0.08981437906622887,1.4937708258628846,0.029025488533079624,0.05052858255803585,0.05052858255803585,0.19675415754318237,0.0020975688683400177,0.01712499992863741,0.5373919606208801,1.0,0.009639423076923077,0.0006723557692307693,1,0.0,0.0,0.0,0.115,0.0,0.1271875,45.90375
26,86400,-70.57987427711487,-0.7057987034320832,-70.57987427711487,-0.7057987034320832,0.0,70.57987427711487,0.7057987034320832,0.43892335891723633,0.004389293789863524,5.657812137603759,0.0,0.0,nan,nan,nan,nan,nan,nan,nan,nan,nan,nan,864,-0.0011884549205632311,0.19570155292749405,1.493251383304596,0.0822897769510746,0.03452599998563528,0.03452599998563528,0.2546903058886528,0.001070900919877007,0.004531250009313226,0.4822503328323364,1.0,0.009625,0.00067125,1,0.0,0.0,0.0,0.088125,0.0,0.0975,49.47875
27,89600,-64.35930660367012,-0.643593063056469,-64.35930660367012,-0.643593063056469,0.0,64.35930660367012,0.643593063056469,6.659491032361984,0.06659493416547768,5.065045208930969,0.0,0.0,nan,nan,nan,nan,nan,nan,nan,nan,nan,nan,896,-0.001281416237133115,0.17504408806562424,1.48622784614563,0.07195712067186832,0.04431752189993858,0.04431752189993858,0.2466456301510334,0.0023270070749283585,0.017581250419607387,0.3152243494987488,1.0,0.009610576923076923,0.0006701442307692308,1,0.0,0.0,0.0,0.155,0.0,0.1675,44.9525
28,92800,-53.60716074705124,-0.5360716274380684,-53.60716074705124,-0.5360716274380684,0.0,53.60716074705124,0.5360716274380684,17.411636888980865,0.17411636978387834,4.6081614232063295,0.0,0.0,nan,nan,nan,nan,nan,nan,nan,nan,nan,nan,928,-0.0010144452009117177,0.10514389425516128,1.4752944827079773,0.03740034829825163,0.03848533071577549,0.03848533071577549,0.20382039099931717,0.001480246045685621,0.008143750036833809,0.417682945728302,1.0,0.009596153846153846,0.0006690384615384616,1,0.0,0.0,0.0,0.1425,0.0,0.1509375,45.0065625
29,96000,-57.27407306432724,-0.5727407512813807,-57.27407306432724,-0.5727407512813807,0.0,57.27407306432724,0.5727407512813807,13.744724571704865,0.137447245940566,4.170390536785126,0.004375,0.0008461643214131968,nan,nan,nan,nan,nan,nan,nan,nan,nan,nan,960,-0.0018064972199383078,0.2725186005234718,1.4891029596328735,0.12018461748957635,0.04522010833024979,0.04522010833024979,0.2527582585811615,0.001857087016470149,0.011056250066030771,0.31615883111953735,1.0,0.00958173076923077,0.0006679326923076923,1,0.0,0.0,0.03125,0.17125,0.0,0.1840625,44.1671875
30,99200,-63.09972083568573,-0.630997222661972,-63.09972083568573,-0.630997222661972,0.0,63.09972083568573,0.630997222661972,7.9190768003463745,0.0791907745599747,5.247512788772583,0.0,0.0,nan,nan,nan,nan,nan,nan,nan,nan,nan,nan,992,-0.0017470343135122858,0.12604655399918557,1.4874765396118164,0.04704509675502777,0.05149205178022385,0.05149205178022385,0.24388085156679154,0.002101923205919536,0.01273124957224354,0.43930500745773315,1.0,0.009567307692307693,0.0006668269230769231,1,0.0,0.0,0.0,0.113125,0.0,0.135625,44.9234375
31,102400,-58.957976549863815,-0.5895797532796859,-58.957976549863815,-0.5895797532796859,0.0,58.957976549863815,0.5895797532796859,12.06082108616829,0.12060824394226077,4.924250297546386,0.0,0.0,nan,nan,nan,nan,nan,nan,nan,nan,nan,nan,1024,-0.0017392096377909284,0.11718872934579849,1.4469759702682494,0.043032359704375266,0.05848871506750584,0.05848871506750584,0.20624186024069785,0.0023587599687751168,0.01830000047921203,0.6469137072563171,1.0,0.009552884615384616,0.0006657211538461539,1,0.0,0.0,0.0,0.1421875,0.0,0.156875,44.053125
32,105600,-59.433879137039185,-0.5943387995660305,-59.433879137039185,-0.5943387995660305,0.0,59.433879137039185,0.5943387995660305,11.58491849899292,0.11584919765591617,4.065924305915832,0.000625,0.00012337333964310205,nan,nan,nan,nan,nan,nan,nan,nan,nan,nan,1056,-0.0017975604661041977,0.1384165994822979,1.4725067377090455,0.0533652912825346,0.05246541798114777,0.05246541798114777,0.2428870230913162,0.002414999010216751,0.01958124991506338,0.539803683757782,1.0,0.009538461538461539,0.0006646153846153846,1,0.0,0.0,0.03125,0.1715625,0.0,0.1953125,42.0521875
33,108800,-55.67129969596863,-0.5567129921913146,-55.67129969596863,-0.5567129921913146,0.0,55.67129969596863,0.5567129921913146,15.347497940063477,0.15347500503063205,4.589986712932586,0.0,0.0,nan,nan,nan,nan,nan,nan,nan,nan,nan,nan,1088,-0.0014508221002761169,0.09062954485416412,1.470805537700653,0.029855941608548164,0.03682398982346058,0.03682398982346058,0.18738336786627768,0.0019011072719884539,0.009062500001164153,0.5999138355255127,1.0,0.009524038461538462,0.0006635096153846154,1,0.0,0.0,0.0,0.145625,0.0,0.1621875,44.5225
34,112000,-61.26151856780052,-0.6126152285933495,-61.26151856780052,-0.6126152285933495,0.0,61.26151856780052,0.6126152285933495,9.757279068231583,0.0975727686285972,4.483719482421875,0.0,0.0,nan,nan,nan,nan,nan,nan,nan,nan,nan,nan,1120,-0.0016078101258346412,0.148673627525568,1.4598434567451477,0.058846453204751015,0.05187145583331585,0.05187145583331585,0.26357688158750536,0.001936694730466881,0.013700000196695327,0.34440499544143677,1.0,0.009509615384615385,0.0006624038461538462,1,0.0,0.0,0.0,0.176875,0.0,0.1896875,42.6521875
35,115200,-62.92182883620262,-0.6292183300852776,-62.92182883620262,-0.6292183300852776,0.0,62.92182883620262,0.6292183300852776,8.096968799829483,0.08096966713666909,4.679618859291077,0.0,0.0,nan,nan,nan,nan,nan,nan,nan,nan,nan,nan,1152,-0.0014471037964497667,0.14002653807401658,1.4970547676086425,0.05435134321451187,0.041888455674052236,0.041888455674052236,0.2429677315056324,0.0021360504564661474,0.01250000006693881,0.458676278591156,1.0,0.009495192307692309,0.0006612980769230769,1,0.0,0.0,0.0,0.1465625,0.0,0.1615625,44.9546875
36,118400,-57.60990300774574,-0.5760990673303604,-57.60990300774574,-0.5760990673303604,0.0,57.60990300774574,0.5760990673303604,13.408894628286362,0.13408892989158627,5.28976637840271,0.001875,0.0002981032819340036,nan,nan,nan,nan,nan,nan,nan,nan,nan,nan,1184,-0.0019408239741693478,0.13556102514266968,1.4836466193199158,0.05177357979118824,0.05711872726678848,0.05711872726678848,0.22408184856176377,0.0022625164594508437,0.020187500116298905,0.4474477171897888,1.0,0.00948076923076923,0.0006601923076923077,1,0.0,0.0,0.03125,0.1403125,0.0,0.1528125,44.7265625
37,121600,-69.97423821687698,-0.6997424197196961,-69.97423821687698,-0.6997424197196961,0.0,69.97423821687698,0.6997424197196961,1.0445594191551208,0.010445577502250614,5.82396258354187,0.0,0.0,nan,nan,nan,nan,nan,nan,nan,nan,nan,nan,1216,-0.0017120805304962517,0.12272072434425355,1.4851637363433838,0.045589208230376245,0.059299760684371,0.059299760684371,0.2381437674164772,0.002219487498224021,0.018387500196695328,0.5357284545898438,1.0,0.009466346153846153,0.0006590865384615385,1,0.0,0.0,0.0,0.0646875,0.0,0.0759375,50.139375
38,124800,-58.263677328825,-0.5826367381215095,-58.263677328825,-0.5826367381215095,0.0,58.263677328825,0.5826367381215095,12.755120307207108,0.1275512591004372,5.3088056135177615,0.0,0.0,nan,nan,nan,nan,nan,nan,nan,nan,nan,nan,1248,-0.001266163599072101,0.08050902411341668,1.4807220101356506,0.02499267812818289,0.04284675009548664,0.04284675009548664,0.1773812785744667,0.0017215980202315902,0.011749999783933162,0.5591464638710022,1.0,0.009451923076923077,0.0006579807692307692,1,0.0,0.0,0.0,0.0834375,0.0,0.095,49.0184375
39,128000,-67.19000120460987,-0.6719000148773193,-67.19000120460987,-0.6719000148773193,0.0,67.19000120460987,0.6719000148773193,3.8287964314222336,0.03828798234462738,5.113107891082763,0.0,0.0,nan,nan,nan,nan,nan,nan,nan,nan,nan,nan,1280,-0.0009636165209739644,0.1273781694471836,1.4730111598968505,0.048823926225304605,0.030879009142518045,0.030879009142518045,0.260496486723423,0.0008362044089160962,0.0006374999880790711,0.5954793095588684,1.0,0.0094375,0.000656875,1,0.0,0.0,0.0,0.185,0.0,0.20125,42.0421875
40,131200,-54.141256868839264,-0.5414125627279281,-54.141256868839264,-0.5414125627279281,0.0,54.141256868839264,0.5414125627279281,16.87754076719284,0.16877543449401855,4.367626457214356,0.0,0.0,-36.69867741689086,-0.36698677416890857,-36.69867741689086,-0.36698677416890857,100.0,3.35072222545743,0.0,0.0,36.69867741689086,17.493010465055704,1312,-0.00125782809014785,0.08587661013007164,1.47903151512146,0.027743448317050935,0.038948756828904155,0.038948756828904155,0.2007642775774002,0.0014305697670359235,0.007456249947426841,0.5166294574737549,1.0,0.009423076923076923,0.0006557692307692308,1,0.0,0.0,0.0,0.1775,0.0,0.1946875,41.1
41,134400,-63.23361325263977,-0.6323361188173294,-63.23361325263977,-0.6323361188173294,0.0,63.23361325263977,0.6323361188173294,7.785184383392334,0.07785187840461727,5.196946022510528,0.0,0.0,nan,nan,nan,nan,nan,nan,nan,nan,nan,nan,1344,-0.0014764725593266804,0.11654743477702141,1.4691800117492675,0.04297423809766769,0.04215829148888588,0.04215829148888588,0.2088705815374851,0.002516613109765612,0.014831250440329314,0.6072961091995239,1.0,0.009408653846153846,0.0006546634615384615,1,0.0,0.0,0.0,0.1009375,0.0,0.12,46.1659375
42,137600,-45.86853903532028,-0.4586853739619255,-45.86853903532028,-0.4586853739619255,0.0,45.86853903532028,0.4586853739619255,25.150258600711823,0.2515026232600212,3.9753723883628846,0.0,0.0,nan,nan,nan,nan,nan,nan,nan,nan,nan,nan,1376,-0.0010768949373690883,0.0622820045799017,1.477214241027832,0.01618681661784649,0.03881637789309025,0.03881637789309025,0.16883605420589448,0.001490434061270927,0.006318749999627471,0.6476933360099792,1.0,0.00939423076923077,0.0006535576923076923,1,0.0,0.0,0.0,0.2534375,0.0,0.2853125,35.7290625
43,140800,-55.03977057337761,-0.5503977462649345,-55.03977057337761,-0.5503977462649345,0.0,55.03977057337761,0.5503977462649345,15.979027062654495,0.15979025095701216,4.426766293048859,0.0,0.0,nan,nan,nan,nan,nan,nan,nan,nan,nan,nan,1408,-0.0017734931920422082,0.07403533980250358,1.4883050918579102,0.021284160017967225,0.04742988012731075,0.04742988012731075,0.1803799405694008,0.0021259849352652863,0.017225000070175155,0.6490468978881836,1.0,0.009379807692307692,0.000652451923076923,1,0.0,0.0,0.0,0.146875,0.0,0.1675,43.2690625
44,144000,-64.02499705553055,-0.6402499961853028,-64.02499705553055,-0.6402499961853028,0.0,64.02499705553055,0.6402499961853028,6.993800580501556,0.06993800103664394,5.367934062480926,0.0,0.0,nan,nan,nan,nan,nan,nan,nan,nan,nan,nan,1440,-0.0018137831156724183,0.1649363547563553,1.4762901663780212,0.06682836823165417,0.047411178797483446,0.047411178797483446,0.2721447549760342,0.00204789829367727,0.01848750018980354,0.2329496145248413,1.0,0.009365384615384616,0.0006513461538461538,1,0.0,0.0,0.0,0.1725,0.0,0.1815625,44.423125
45,147200,-52.587176993489265,-0.5258718077838421,-52.587176993489265,-0.5258718077838421,0.0,52.587176993489265,0.5258718077838421,18.43162064254284,0.18431618943810457,4.32206444978714,0.000625,0.00011743563158559595,nan,nan,nan,nan,nan,nan,nan,nan,nan,nan,1472,-0.001792106269777305,0.08960419446229935,1.491064441204071,0.02906710486859083,0.050138507038354874,0.050138507038354874,0.21193465068936349,0.002379406937689784,0.01937499939231202,0.4948020577430725,1.0,0.009350961538461539,0.0006502403846153846,1,0.0,0.0,0.03125,0.190625,0.0,0.20625,40.9075
46,150400,-54.84399139881134,-0.5484399029612541,-54.84399139881134,-0.5484399029612541,0.0,54.84399139881134,0.5484399029612541,16.174806237220764,0.1617480942606926,4.593580181598663,0.0,0.0,nan,nan,nan,nan,nan,nan,nan,nan,nan,nan,1504,-0.0013475466611038377,0.05135449208319187,1.4925707459449769,0.010394255537539721,0.03738605380058289,0.03738605380058289,0.15592094138264656,0.0016933685925330823,0.005912500142585486,0.7403899431228638,1.0,0.009336538461538462,0.0006491346153846153,1,0.0,0.0,0.0,0.1740625,0.0,0.181875,42.77625
47,153600,-50.75911629199982,-0.5075911894440651,-50.75911629199982,-0.5075911894440651,0.0,50.75911629199982,0.5075911894440651,20.259681344032288,0.20259680777788158,4.30989294052124,0.0,0.0,nan,nan,nan,nan,nan,nan,nan,nan,nan,nan,1536,-0.0011260184149170626,0.10580314323306084,1.4802242636680603,0.03797673247754574,0.03339764475822449,0.03339764475822449,0.19578149318695068,0.0011809955347423715,0.004443749878555536,0.5377336144447327,1.0,0.009322115384615385,0.0006480288461538461,1,0.0,0.0,0.0,0.29,0.0,0.308125,34.00625
48,156800,-59.958416789770126,-0.5995841704308986,-59.958416789770126,-0.5995841704308986,0.0,59.958416789770126,0.5995841704308986,11.060380846261978,0.11060382679104808,4.724169127941131,0.0028125,0.000491337683624942,nan,nan,nan,nan,nan,nan,nan,nan,nan,nan,1568,-0.001451789514452706,0.15245842188596725,1.4728968143463135,0.06106815040111542,0.03924294225871563,0.03924294225871563,0.2326823890209198,0.0022932055515419193,0.01525625034701079,0.4963259696960449,1.0,0.009307692307692308,0.0006469230769230769,1,0.0,0.0,0.03125,0.2078125,0.0,0.21625,40.71125
49,160000,-40.68465459346771,-0.4068465270102024,-40.68465459346771,-0.4068465270102024,0.0,40.68465459346771,0.4068465270102024,30.334143042564392,0.3033414702117443,3.4768114638328553,0.0,0.0,nan,nan,nan,nan,nan,nan,nan,nan,nan,nan,1600,-0.00138858790264349,0.05284148193895817,1.4665464878082275,0.011403141915798188,0.03959578573703766,0.03959578573703766,0.16459309607744216,0.0013325305055339666,0.007543749897740782,0.8384267687797546,1.0,0.009293269230769232,0.0006458173076923076,1,0.0,0.0,0.0,0.3209375,0.0,0.3415625,30.406875
50,163200,-39.467424392700195,-0.3946742404997349,-39.467424392700195,-0.3946742404997349,0.0,39.467424392700195,0.3946742404997349,31.55137324333191,0.3155137567222118,3.489135220050812,0.0,0.0,nan,nan,nan,nan,nan,nan,nan,nan,nan,nan,1632,-0.0019870797269746277,0.05416913144290447,1.4628611922264099,0.011523822322487831,0.05645681321620941,0.05645681321620941,0.15004320219159126,0.0025073261305813685,0.02296875009778887,0.7349575161933899,1.0,0.009278846153846153,0.0006447115384615384,1,0.0,0.0,0.0,0.29375,0.0,0.3125,33.303125
51,166400,-52.53797894716263,-0.5253797528147698,-52.53797894716263,-0.5253797528147698,0.0,52.53797894716263,0.5253797528147698,18.480818688869476,0.1848082444071769,4.503053457736969,0.0,0.0,nan,nan,nan,nan,nan,nan,nan,nan,nan,nan,1664,-0.0016031143629981648,0.08538300842046738,1.4527405500411987,0.02762958686798811,0.04782633893191814,0.04782633893191814,0.18443447947502137,0.0019334371667363097,0.011831250158138573,0.5956751108169556,1.0,0.009264423076923076,0.0006436057692307693,1,0.0,0.0,0.0,0.2284375,0.0,0.240625,38.5609375
52,169600,-43.75006353855133,-0.4375006240606308,-43.75006353855133,-0.4375006240606308,0.0,43.75006353855133,0.4375006240606308,27.268734097480774,0.2726873731613159,3.4785351729393006,0.0,0.0,nan,nan,nan,nan,nan,nan,nan,nan,nan,nan,1696,-0.001272203565080332,0.061696245521306994,1.4651349425315856,0.016023420449346303,0.038227728381752965,0.038227728381752965,0.1765156716108322,0.001538632784286937,0.009581249981420115,0.7290164232254028,1.0,0.00925,0.0006425,1,0.0,0.0,0.0,0.3465625,0.0,0.3584375,31.36875
53,172800,-50.0215462744236,-0.5002155035734177,-50.0215462744236,-0.5002155035734177,0.0,50.0215462744236,0.5002155035734177,20.997251361608505,0.209972493648529,4.026226568222046,0.0,0.0,nan,nan,nan,nan,nan,nan,nan,nan,nan,nan,1728,-0.001263862677241523,0.07852565050125122,1.456344997882843,0.024548776261508466,0.035818309895694254,0.035818309895694254,0.17743947207927704,0.0013633499569558785,0.0021125000988831744,0.599699854850769,1.0,0.009235576923076923,0.0006413942307692308,1,0.0,0.0,0.0,0.2221875,0.0,0.2259375,39.0753125
54,176000,-44.991525545716286,-0.44991524904966357,-44.991525545716286,-0.44991524904966357,0.0,44.991525545716286,0.44991524904966357,26.02727209031582,0.26027274817228313,3.535842797756195,0.0,0.0,nan,nan,nan,nan,nan,nan,nan,nan,nan,nan,1760,-0.0014557344124885186,0.10193458199501038,1.4435665488243103,0.03620020691305399,0.0555578101426363,0.0555578101426363,0.17579182237386703,0.003260464895721156,0.028631250141188502,0.5750879049301147,1.0,0.009221153846153846,0.0006402884615384616,1,0.0,0.0,0.0,0.349375,0.0,0.3690625,31.4371875
55,179200,-56.6185599565506,-0.5661855861544609,-56.6185599565506,-0.5661855861544609,0.0,56.6185599565506,0.5661855861544609,14.400237679481506,0.1440024110674858,5.077698726654052,0.0,0.0,nan,nan,nan,nan,nan,nan,nan,nan,nan,nan,1792,-0.001444159848857088,0.09701902195811271,1.4235122561454774,0.03395945709198713,0.05261913985013962,0.05261913985013962,0.18989610448479652,0.0019800153910190478,0.017274999793153258,0.5709618926048279,1.0,0.00920673076923077,0.0006391826923076923,1,0.0,0.0,0.0,0.2034375,0.0,0.223125,38.94
56,182400,-37.18896955251694,-0.3718897384405136,-37.18896955251694,-0.3718897384405136,0.0,37.18896955251694,0.3718897384405136,33.82982808351517,0.3382982587814331,4.192501747608185,0.0134375,0.0025878662450503163,nan,nan,nan,nan,nan,nan,nan,nan,nan,nan,1824,-0.001601275604334651,0.6691646933555603,1.4509859442710877,0.319643160700798,0.056653757393360135,0.056653757393360135,0.291283318400383,0.0016131033688005856,0.006199999956879765,0.2809225916862488,1.0,0.009192307692307692,0.0006380769230769231,1,0.0,0.0,0.03125,0.2625,0.0,0.2865625,35.080625
57,185600,-53.83428397774696,-0.5383428570628166,-53.83428397774696,-0.5383428570628166,0.0,53.83428397774696,0.5383428570628166,17.18451365828514,0.1718451401591301,4.456997323036194,0.0,0.0,nan,nan,nan,nan,nan,nan,nan,nan,nan,nan,1856,-0.0011965515137366324,0.11468601003289222,1.4168662905693055,0.04314261749386787,0.046251782402396205,0.046251782402396205,0.19758696407079696,0.0018095840074247027,0.00646875009406358,0.5349653959274292,1.0,0.009177884615384616,0.0006369711538461539,1,0.0,0.0,0.0,0.235625,0.0,0.2590625,35.3434375
58,188800,-44.360671907663345,-0.4436067295074463,-44.360671907663345,-0.4436067295074463,0.0,44.360671907663345,0.4436067295074463,26.65812572836876,0.2665812677145004,4.284711315631866,0.0065625,0.0012417896850086228,nan,nan,nan,nan,nan,nan,nan,nan,nan,nan,1888,-0.0018712168733473256,0.2889187872409821,1.421386456489563,0.1295633554458618,0.05915664546191692,0.05915664546191692,0.24620125889778138,0.0021432230998479343,0.013756250077858568,0.3249469995498657,1.0,0.009163461538461539,0.0006358653846153846,1,0.0,0.0,0.03125,0.2421875,0.0,0.258125,36.91625
59,192000,-55.152740091085434,-0.551527377218008,-55.152740091085434,-0.551527377218008,0.0,55.152740091085434,0.551527377218008,15.86605754494667,0.15866062000393866,4.768325667381287,0.0015625,0.0002708758295038057,nan,nan,nan,nan,nan,nan,nan,nan,nan,nan,1920,-0.001334813683066738,0.13595098555088042,1.4361012697219848,0.0535017341375351,0.04707863815128803,0.04707863815128803,0.23286547511816025,0.001698557697819459,0.010256249745725653,0.496879518032074,1.0,0.009149038461538462,0.0006347596153846154,1,0.0,0.0,0.03125,0.3003125,0.0,0.3121875,33.89125
60,195200,-42.86815693974495,-0.42868154495954514,-42.86815693974495,-0.42868154495954514,0.0,42.86815693974495,0.42868154495954514,28.150640696287155,0.28150645226240156,3.6748677039146425,0.0,0.0,-38.57084708660841,-0.3857084708660841,-38.57084708660841,-0.3857084708660841,100.0,3.0732849192619325,0.0,0.0,38.57084708660841,15.620840795338154,1952,-0.0014970229822909077,0.06332170441746712,1.4086912155151368,0.017295976169407368,0.041293053328990935,0.041293053328990935,0.1561104916036129,0.0021252414255295148,0.01528750009019859,0.6837964057922363,1.0,0.009134615384615385,0.0006336538461538462,1,0.0,0.0,0.0,0.325,0.0,0.335,31.5178125
61,198400,-46.882047176361084,-0.46882044911384585,-46.882047176361084,-0.46882044911384585,0.0,46.882047176361084,0.46882044911384585,24.13675045967102,0.24136754810810085,3.675324008464813,0.0,0.0,nan,nan,nan,nan,nan,nan,nan,nan,nan,nan,1984,-0.0021425554875982742,0.09471173137426377,1.40491943359375,0.032400174625217916,0.05637489184737206,0.05637489184737206,0.17147568762302398,0.0029069578682546834,0.027468749880790712,0.5602996349334717,1.0,0.009120192307692308,0.0006325480769230769,1,0.0,0.0,0.0,0.31875,0.0,0.3340625,31.936875
62,201600,-54.54350581765175,-0.545435081422329,-54.54350581765175,-0.545435081422329,0.0,54.54350581765175,0.545435081422329,16.475291818380356,0.1647529157996177,4.365577654838562,0.0,0.0,nan,nan,nan,nan,nan,nan,nan,nan,nan,nan,2016,-0.0022083324574865503,0.10150953158736228,1.378475308418274,0.03599435519427061,0.0648814994841814,0.0648814994841814,0.18572082594037057,0.004051260928100497,0.04513750053010881,0.4331420660018921,1.0,0.009105769230769232,0.0006314423076923077,1,0.0,0.0,0.0,0.2915625,0.0,0.29875,35.90875
63,204800,-46.51211991906166,-0.46512115880846977,-46.51211991906166,-0.46512115880846977,0.0,46.51211991906166,0.46512115880846977,24.506677716970444,0.24506683841347693,3.4800260639190674,0.0,0.0,nan,nan,nan,nan,nan,nan,nan,nan,nan,nan,2048,-0.002228015042678444,0.07253762111067771,1.3902289628982545,0.02140174312517047,0.0694590862840414,0.0694590862840414,0.13902923017740249,0.0036049465183178335,0.03538749945000745,0.6718262434005737,1.0,0.009091346153846155,0.0006303365384615385,1,0.0,0.0,0.0,0.305625,0.0,0.315,32.6159375
64,208000,-50.48521327972412,-0.5048521375656128,-50.48521327972412,-0.5048521375656128,0.0,50.48521327972412,0.5048521375656128,20.533584356307983,0.20533585965633394,4.25559054017067,0.0003125,5.946049213907214e-05,nan,nan,nan,nan,nan,nan,nan,nan,nan,nan,2080,-0.001474842021160283,0.08098250031471252,1.374324381351471,0.026541771180927754,0.05118150487542152,0.05118150487542152,0.16470992267131807,0.0026052725464988727,0.019400000301538968,0.4569195508956909,1.0,0.009076923076923076,0.0006292307692307692,1,0.0,0.0,0.03125,0.235,0.0,0.2415625,38.8709375
65,211200,-43.24230736494064,-0.4324230766296387,-43.24230736494064,-0.4324230766296387,0.0,43.24230736494064,0.4324230766296387,27.77649027109146,0.277764920592308,3.661567542552948,0.0,0.0,nan,nan,nan,nan,nan,nan,nan,nan,nan,nan,2112,-0.0013227871312526895,0.08971726596355438,1.396648609638214,0.03087871801108122,0.05827104300260544,0.05827104300260544,0.1633339509367943,0.0024425008814442446,0.02316250018775463,0.5627380609512329,1.0,0.0090625,0.000628125,1,0.0,0.0,0.0,0.409375,0.0,0.4134375,27.8384375
66,214400,-44.32256302237511,-0.4432256384938955,-44.32256302237511,-0.4432256384938955,0.0,44.32256302237511,0.4432256384938955,26.696234613656998,0.2669623587280512,3.815081728696823,0.0034375,0.0007139027318089451,nan,nan,nan,nan,nan,nan,nan,nan,nan,nan,2144,-0.0010117234939651,0.1720632717013359,1.3917733907699585,0.07242703810334206,0.04194088503718376,0.04194088503718376,0.15241164043545724,0.0016856823043790916,0.006912500108592212,0.37817639112472534,1.0,0.009048076923076923,0.0006270192307692308,1,0.0,0.0,0.03125,0.2746875,0.0,0.283125,33.7353125
67,217600,-54.70211485028267,-0.5470211571455001,-54.70211485028267,-0.5470211571455001,0.0,54.70211485028267,0.5470211571455001,16.316682785749435,0.16316684007644655,4.199809334278107,0.0,0.0,nan,nan,nan,nan,nan,nan,nan,nan,nan,nan,2176,-0.0014685657000634844,0.12389420568943024,1.3531236052513123,0.048254887387156484,0.0492793008685112,0.0492793008685112,0.20111806243658065,0.002037057560665863,0.016037500090897085,0.30759698152542114,1.0,0.009033653846153846,0.0006259134615384615,1,0.0,0.0,0.0,0.32375,0.0,0.338125,31.118125
68,220800,-40.84558483958244,-0.4084558556973934,-40.84558483958244,-0.4084558556973934,0.0,40.84558483958244,0.4084558556973934,30.17321279644966,0.3017321415245533,3.3137710309028625,0.0,0.0,nan,nan,nan,nan,nan,nan,nan,nan,nan,nan,2208,-0.0012594089068413972,0.07912230938673019,1.3552698254585267,0.026078254356980322,0.05257093869149685,0.05257093869149685,0.15386004224419594,0.001705544295692723,0.013912499975413084,0.5956819653511047,1.0,0.009019230769230769,0.0006248076923076923,1,0.0,0.0,0.0,0.3925,0.0,0.3990625,27.1453125
69,224000,-51.67089134454727,-0.5167088967561722,-51.67089134454727,-0.5167088967561722,0.0,51.67089134454727,0.5167088967561722,19.347906291484833,0.19347910046577455,4.3853631639480595,0.0,0.0,nan,nan,nan,nan,nan,nan,nan,nan,nan,nan,2240,-0.0020292478023096194,0.10990395620465279,1.3492214918136596,0.040773249417543414,0.05733869001269341,0.05733869001269341,0.1511025033891201,0.0032436483947105117,0.034350000275298956,0.5200298428535461,1.0,0.009004807692307692,0.0006237019230769231,1,0.0,0.0,0.0,0.3225,0.0,0.335625,32.2384375
70,227200,-39.188214257359505,-0.39188216350972654,-39.188214257359505,-0.39188216350972654,0.0,39.188214257359505,0.39188216350972654,31.8305833786726,0.31830583371222015,3.7384453630447387,0.0040625,0.0008573487059033213,nan,nan,nan,nan,nan,nan,nan,nan,nan,nan,2272,-0.0015373579633187972,0.14253510981798173,1.3549449682235717,0.05754872187972069,0.054498141258955,0.054498141258955,0.16230874359607697,0.0024355909496090347,0.02232500003883615,0.6157771944999695,1.0,0.008990384615384615,0.0006225961538461538,1,0.0,0.0,0.0625,0.32625,0.0,0.341875,30.7503125
71,230400,-57.102587431669235,-0.5710259285569191,-57.102587431669235,-0.5710259285569191,0.0,57.102587431669235,0.5710259285569191,13.91621020436287,0.13916206866502756,4.384942989349366,0.0,0.0,nan,nan,nan,nan,nan,nan,nan,nan,nan,nan,2304,-0.0014694744294916795,0.12458712905645371,1.3417991280555726,0.04878015369176865,0.05049411952495575,0.05049411952495575,0.15024695545434952,0.0015574724890040665,0.011181250086519868,0.600695013999939,1.0,0.008975961538461539,0.0006214903846153846,1,0.0,0.0,0.0,0.2675,0.0,0.27375,36.588125
72,233600,-45.541652753949165,-0.45541648238897325,-45.541652753949165,-0.45541648238897325,0.0,45.541652753949165,0.45541648238897325,25.47714488208294,0.25477151483297344,3.6007376432418825,0.0,0.0,nan,nan,nan,nan,nan,nan,nan,nan,nan,nan,2336,-0.0015264808913808992,0.08427705019712448,1.3624821186065674,0.0284021083265543,0.06460032500326633,0.06460032500326633,0.13272285237908363,0.0029391449112164637,0.03018750055343844,0.7414466142654419,1.0,0.008961538461538462,0.0006203846153846154,1,0.0,0.0,0.0,0.3784375,0.0,0.388125,28.44875
73,236800,-44.42771573364735,-0.44427710235118867,-44.42771573364735,-0.44427710235118867,0.0,44.42771573364735,0.44427710235118867,26.591081902384758,0.26591089487075803,3.8038518595695496,0.0,0.0,nan,nan,nan,nan,nan,nan,nan,nan,nan,nan,2368,-0.0017620628797798688,0.08147402629256248,1.3611995100975036,0.02679614145308733,0.05506462827324867,0.05506462827324867,0.1472204729914665,0.0026798285565756306,0.02488124999217689,0.5921429395675659,1.0,0.008947115384615385,0.0006192788461538461,1,0.0,0.0,0.0,0.3534375,0.0,0.365,30.28125
74,240000,-53.24003526568413,-0.5324003653228283,-53.24003526568413,-0.5324003653228283,0.0,53.24003526568413,0.5324003653228283,17.778762370347977,0.1777876318991184,4.4870907497406005,0.003125,0.0005695185559210467,nan,nan,nan,nan,nan,nan,nan,nan,nan,nan,2400,-0.0016258716516196702,0.1870753914117813,1.3420297861099244,0.07992388531565667,0.05457351021468639,0.05457351021468639,0.19018130004405975,0.002792624001450464,0.02551250016549602,0.5465382933616638,1.0,0.008932692307692308,0.0006181730769230769,1,0.0,0.0,0.03125,0.2653125,0.0,0.2725,37.1315625
75,243200,-50.17072904109955,-0.5017073301970959,-50.17072904109955,-0.5017073301970959,0.0,50.17072904109955,0.5017073301970959,20.848068594932556,0.2084806670248508,3.8644844341278075,0.0,0.0,nan,nan,nan,nan,nan,nan,nan,nan,nan,nan,2432,-0.0013587749225087487,0.08838031217455863,1.3082029581069947,0.03116447478532791,0.043395569734275344,0.043395569734275344,0.12782157361507415,0.001759590789880533,0.009700000029988587,0.6834959387779236,1.0,0.008918269230769231,0.0006170673076923077,1,0.0,0.0,0.0,0.3128125,0.0,0.33125,31.20625
76,246400,-43.033010601997375,-0.4303301368653774,-43.033010601997375,-0.4303301368653774,0.0,43.033010601997375,0.4303301368653774,27.98578703403473,0.2798578603565693,3.9591393077373507,0.0021875,0.00044110476924635243,nan,nan,nan,nan,nan,nan,nan,nan,nan,nan,2464,-0.002149254616582752,0.11918237507343292,1.3327705264091492,0.04557514898478985,0.06223353371024132,0.06223353371024132,0.14295278042554854,0.0023841876216476334,0.02417500028386712,0.6288135051727295,1.0,0.008903846153846155,0.0006159615384615384,1,0.0,0.0,0.0625,0.3434375,0.0,0.3546875,28.98875
77,249600,-38.976048320531845,-0.3897604734450579,-38.976048320531845,-0.3897604734450579,0.0,38.976048320531845,0.3897604734450579,32.04274931550026,0.3204275237768888,3.686704212427139,0.004375,0.0009334918103855086,nan,nan,nan,nan,nan,nan,nan,nan,nan,nan,2496,-0.0022383695845492823,0.23212024569511414,1.3338203072547912,0.10196486040949822,0.07662403285503387,0.07662403285503387,0.16581755578517915,0.003310301100283334,0.036668750923126936,0.5724301934242249,1.0,0.008889423076923076,0.0006148557692307692,1,0.0,0.0,0.03125,0.445,0.0,0.4534375,24.960625
78,252800,-39.4955430328846,-0.39495540961623193,-39.4955430328846,-0.39495540961623193,0.0,39.4955430328846,0.39495540961623193,31.523254603147507,0.31523258760571476,3.1098586106300354,0.0,0.0,nan,nan,nan,nan,nan,nan,nan,nan,nan,nan,2528,-0.0014746857560355765,0.11835868135094643,1.330166482925415,0.04589942619204521,0.056674184277653694,0.056674184277653694,0.16513083800673484,0.0022758215680380063,0.011500000031082891,0.6258565783500671,1.0,0.008875000000000001,0.00061375,1,0.0,0.0,0.0,0.453125,0.0,0.4621875,24.2253125
79,256000,-37.09893950819969,-0.3709893849492073,-37.09893950819969,-0.3709893849492073,0.0,37.09893950819969,0.3709893849492073,33.91985812783241,0.3391986122727394,3.740054247379303,0.0040625,0.0008570577018704139,nan,nan,nan,nan,nan,nan,nan,nan,nan,nan,2560,-0.002069014006596981,0.21526155322790147,1.3189257860183716,0.09387532100081444,0.06015966683626175,0.06015966683626175,0.18079421296715736,0.0028585014908469263,0.03156250020256266,0.4539422392845154,1.0,0.008860576923076922,0.0006126442307692307,1,0.0,0.0,0.03125,0.3865625,0.0,0.3946875,28.38375
80,259200,-46.408675998449326,-0.4640868052840233,-46.408675998449326,-0.4640868052840233,0.0,46.408675998449326,0.4640868052840233,24.61012163758278,0.2461011919379234,3.724533622264862,0.0034375,0.0007275850432729316,-24.871956139802933,-0.24871956139802934,-24.871956139802933,-0.24871956139802934,100.0,1.756642963811755,0.0,0.0,24.871956139802933,29.31973174214363,2592,-0.0011111188556322204,0.17892617285251616,1.3107821106910706,0.07675658762454987,0.048386403173208234,0.048386403173208234,0.18624700158834456,0.0022153168349188777,0.013887500052078394,0.6299386620521545,1.0,0.008846153846153846,0.0006115384615384615,1,0.0,0.0,0.0625,0.3940625,0.0,0.399375,28.870625
81,262400,-38.909147679805756,-0.3890914584696293,-38.909147679805756,-0.3890914584696293,0.0,38.909147679805756,0.3890914584696293,32.10964995622635,0.3210965387523174,3.4937045311927797,0.0,0.0,nan,nan,nan,nan,nan,nan,nan,nan,nan,nan,2624,-0.0017182352912612053,0.057214890420436856,1.2921313881874084,0.01547745317220688,0.0508720301091671,0.0508720301091671,0.12238558828830719,0.0018739667386410796,0.012374999967141776,0.8339905142784119,1.0,0.008831730769230769,0.0006104326923076922,1,0.0,0.0,0.0,0.394375,0.0,0.4090625,26.871875
82,265600,-44.72458243370056,-0.4472458026558161,-44.72458243370056,-0.4472458026558161,0.0,44.72458243370056,0.4472458026558161,26.294215202331543,0.2629421945661306,3.6918142366409303,0.005,0.0010656858408741505,nan,nan,nan,nan,nan,nan,nan,nan,nan,nan,2656,-0.0017484369666314948,0.2793314248323441,1.2634854912757874,0.126776734739542,0.05963308252394199,0.05963308252394199,0.19364747554063796,0.0032164199787087936,0.03363750004209578,0.6486194729804993,1.0,0.008817307692307692,0.000609326923076923,1,0.0,0.0,0.03125,0.331875,0.0,0.334375,31.521875
83,268800,-38.95809677243233,-0.38958095014095306,-38.95809677243233,-0.38958095014095306,0.0,38.95809677243233,0.38958095014095306,32.06070086359978,0.32060704708099363,3.2560143554210663,0.0,0.0,nan,nan,nan,nan,nan,nan,nan,nan,nan,nan,2688,-0.001561262161959931,0.09469368383288383,1.2770233750343323,0.03454409129917622,0.05780775099992752,0.05780775099992752,0.16272386014461518,0.0032761474722077895,0.033593750558793545,0.7942209839820862,1.0,0.008802884615384615,0.0006082211538461539,1,0.0,0.0,0.0,0.4578125,0.0,0.464375,22.90625
84,272000,-29.70435044169426,-0.29704350635409354,-29.70435044169426,-0.29704350635409354,0.0,29.70435044169426,0.29704350635409354,41.314447194337845,0.41314449086785315,2.5979851913452148,0.005625,0.001563374972618196,nan,nan,nan,nan,nan,nan,nan,nan,nan,nan,2720,-0.0017281175504205494,0.23463497459888458,1.260527765750885,0.1045112706720829,0.05707415454089641,0.05707415454089641,0.19665516689419746,0.0028714162050177084,0.027531249704770742,0.6726303100585938,1.0,0.008788461538461538,0.0006071153846153847,1,0.0,0.0,0.09375,0.4725,0.0,0.486875,20.8609375
85,275200,-40.35845619440079,-0.4035845851898193,-40.35845619440079,-0.4035845851898193,0.0,40.35845619440079,0.4035845851898193,30.660341441631317,0.3066034120321274,3.6271639716625215,0.0,0.0,nan,nan,nan,nan,nan,nan,nan,nan,nan,nan,2752,-0.002114629094232967,0.08341606259346009,1.2700088739395141,0.02845029514282942,0.06123755909502506,0.06123755909502506,0.16336805745959282,0.002692717305036639,0.027887499664211647,0.7631829977035522,1.0,0.008774038461538462,0.0006060096153846154,1,0.0,0.0,0.0,0.45125,0.0,0.4721875,22.5634375
86,278400,-41.07687956094742,-0.41076878920197485,-41.07687956094742,-0.41076878920197485,0.0,41.07687956094742,0.41076878920197485,29.941918075084686,0.29941920801997185,3.265926902294159,0.0,0.0,nan,nan,nan,nan,nan,nan,nan,nan,nan,nan,2784,-0.0010091165365709643,0.10787558183073997,1.2306048035621644,0.04214904978871346,0.043230265006423,0.043230265006423,0.1533091850578785,0.002039156785760031,0.013487500115297734,0.7057549357414246,1.0,0.008759615384615385,0.0006049038461538462,1,0.0,0.0,0.0,0.46625,0.0,0.483125,21.50875
87,281600,-41.039855763316154,-0.41039856255054474,-41.039855763316154,-0.41039856255054474,0.0,41.039855763316154,0.41039856255054474,29.97894187271595,0.29978943467140196,3.450431234836578,0.0,0.0,nan,nan,nan,nan,nan,nan,nan,nan,nan,nan,2816,-0.0021330321130808017,0.07464129105210304,1.2646927118301392,0.02412763275206089,0.06562538333237171,0.06562538333237171,0.13387221097946167,0.0028382139164036643,0.026743750175228342,0.7725525498390198,1.0,0.008745192307692308,0.0006037980769230769,1,0.0,0.0,0.0,0.40875,0.0,0.4234375,24.8075
88,284800,-35.74561630189419,-0.3574562047421932,-35.74561630189419,-0.3574562047421932,0.0,35.74561630189419,0.3574562047421932,35.27318133413792,0.3527317924797535,2.889704087972641,0.0,0.0,nan,nan,nan,nan,nan,nan,nan,nan,nan,nan,2848,-0.0014193319860261512,0.08216915056109428,1.2679156184196472,0.028595364652574062,0.046180459856987,0.046180459856987,0.13520118966698647,0.0022357845598902845,0.020218750322237612,0.6853667497634888,1.0,0.008730769230769231,0.0006026923076923077,1,0.0,0.0,0.0,0.4821875,0.0,0.4946875,21.535625
89,288000,-32.09416212141514,-0.3209416350722313,-32.09416212141514,-0.3209416350722313,0.0,32.09416212141514,0.3209416350722313,38.924635514616966,0.3892463621497154,3.5313402819633484,0.013125,0.0028964940135356976,nan,nan,nan,nan,nan,nan,nan,nan,nan,nan,2880,-0.002384672526223497,0.8110364973545074,1.2809341907501222,0.39196851253509524,0.08719989582896233,0.08719989582896233,0.2905307307839394,0.0020394216080616852,0.012268749927170575,0.1765645146369934,1.0,0.008716346153846154,0.0006015865384615385,1,0.0,0.0,0.0625,0.378125,0.0,0.3834375,28.07875
90,291200,-31.793574646115303,-0.31793573454022406,-31.793574646115303,-0.31793573454022406,0.0,31.793574646115303,0.31793573454022406,39.2252229899168,0.39225226268172264,3.0425600099563597,0.0065625,0.0016233525250923472,nan,nan,nan,nan,nan,nan,nan,nan,nan,nan,2912,-0.0018118748157982978,0.2593331724405289,1.2804033041000367,0.11671273931860923,0.06622929833829402,0.06622929833829402,0.20265963673591614,0.0032968239334890182,0.03838124950416386,0.40877431631088257,1.0,0.008701923076923078,0.0006004807692307693,1,0.0,0.0,0.0625,0.4965625,0.0,0.50125,21.174375
91,294400,-26.376262187957764,-0.2637626265734434,-26.376262187957764,-0.2637626265734434,0.0,26.376262187957764,0.2637626265734434,44.64253544807434,0.4464253706485033,3.131537376642227,0.0109375,0.0026473196301782216,nan,nan,nan,nan,nan,nan,nan,nan,nan,nan,2944,-0.0017702224344713358,0.4389800697565079,1.264440619945526,0.20673498511314392,0.0931339405477047,0.0931339405477047,0.23412858247756957,0.002333675390401715,0.01816875037038699,0.4106544852256775,1.0,0.0086875,0.000599375,1,0.0,0.0,0.09375,0.45125,0.0,0.46125,22.8896875
92,297600,-29.029587298631668,-0.2902958507835865,-29.029587298631668,-0.2902958507835865,0.0,29.029587298631668,0.2902958507835865,41.989210337400436,0.4198921464383602,3.2554042029380796,0.0078125,0.0018359008045830236,nan,nan,nan,nan,nan,nan,nan,nan,nan,nan,2976,-0.0019805303532862695,0.2378840461373329,1.2349185466766357,0.10625094845890999,0.06155188828706741,0.06155188828706741,0.22013540491461753,0.0034457952519018667,0.040575000620447096,0.5379942655563354,1.0,0.008673076923076922,0.0005982692307692308,1,0.0,0.0,0.125,0.420625,0.0,0.4346875,22.9278125
93,300800,-39.45004644989967,-0.39450047075748446,-39.45004644989967,-0.39450047075748446,0.0,39.45004644989967,0.39450047075748446,31.56875118613243,0.31568752646446224,3.7944158446788787,0.005,0.0010428799173833223,nan,nan,nan,nan,nan,nan,nan,nan,nan,nan,3008,-0.0013224753911839748,0.23149107694625853,1.2132208704948426,0.10391820222139359,0.08994287177920342,0.08994287177920342,0.24616171419620514,0.002499840955716991,0.02784374977927655,0.5985934734344482,1.0,0.008658653846153847,0.0005971634615384616,1,0.0,0.0,0.0625,0.4325,0.0,0.45,25.58
94,304000,-47.85415959358215,-0.47854156911373136,-47.85415959358215,-0.47854156911373136,0.0,47.85415959358215,0.47854156911373136,23.16463804244995,0.23164642810821534,3.757999173402786,0.0,0.0,nan,nan,nan,nan,nan,nan,nan,nan,nan,nan,3040,-0.0016630165567854238,0.09293222725391388,1.231011426448822,0.0341619499027729,0.057673313468694684,0.057673313468694684,0.18387485593557357,0.001855928667647688,0.012331249960698187,0.7717932462692261,1.0,0.008644230769230769,0.0005960576923076923,1,0.0,0.0,0.0,0.3675,0.0,0.3784375,28.7253125
95,307200,-35.601890951395035,-0.35601890832185745,-35.601890951395035,-0.35601890832185745,0.0,35.601890951395035,0.35601890832185745,35.41690668463707,0.35416908890008925,2.823161841630936,0.0,0.0,nan,nan,nan,nan,nan,nan,nan,nan,nan,nan,3072,-0.0019588876623427786,0.08934767171740532,1.2242064476013184,0.03215028252452612,0.06434268429875374,0.06434268429875374,0.17258859500288964,0.002541248790659198,0.0244249998126179,0.8218513131141663,1.0,0.008629807692307692,0.0005949519230769231,1,0.0,0.0,0.0,0.5025,0.0,0.5071875,19.6821875
96,310400,-43.52677223086357,-0.4352677470445633,-43.52677223086357,-0.4352677470445633,0.0,43.52677223086357,0.4352677470445633,27.492025405168533,0.2749202501773834,3.987876909971237,0.001875,0.000375911441649993,nan,nan,nan,nan,nan,nan,nan,nan,nan,nan,3104,-0.00115569170227392,0.09473817199468612,1.2446504592895509,0.03549025133252144,0.05081056095659733,0.05081056095659733,0.14666246473789216,0.0018906605691895555,0.011581249965820462,0.8115312457084656,1.0,0.008615384615384615,0.0005938461538461538,1,0.0,0.0,0.03125,0.3690625,0.0,0.375,27.7221875
97,313600,-44.35087648034096,-0.4435087721049786,-44.35087648034096,-0.4435087721049786,0.0,44.35087648034096,0.4435087721049786,26.667921155691147,0.2666792251169681,3.5414282655715943,0.0,0.0,nan,nan,nan,nan,nan,nan,nan,nan,nan,nan,3136,-0.0015894036005134281,0.0715693037956953,1.2349813342094422,0.023573221266269685,0.06648512706160545,0.06648512706160545,0.16721118986606598,0.0022888580700978238,0.019762499490752816,0.787964403629303,1.0,0.008600961538461538,0.0005927403846153846,1,0.0,0.0,0.0,0.380625,0.0,0.3928125,27.0246875
98,316800,-40.4189148247242,-0.40418913066387174,-40.4189148247242,-0.40418913066387174,0.0,40.4189148247242,0.40418913066387174,30.599882811307907,0.30599886655807496,3.4097294497489927,0.0,0.0,nan,nan,nan,nan,nan,nan,nan,nan,nan,nan,3168,-0.001965933571360079,0.057458090037107466,1.2424712181091309,0.016094585042446853,0.07656102925539017,0.07656102925539017,0.1476913273334503,0.0031089566429740984,0.03457499938085675,0.8349605798721313,1.0,0.008586538461538461,0.0005916346153846154,1,0.0,0.0,0.0,0.3803125,0.0,0.3890625,27.611875
99,320000,-33.495716102421284,-0.33495713755488393,-33.495716102421284,-0.33495713755488393,0.0,33.495716102421284,0.33495713755488393,37.52308153361082,0.37523085966706277,2.724635351896286,0.0009375,0.00025170249203662317,nan,nan,nan,nan,nan,nan,nan,nan,nan,nan,3200,-0.001201455588504885,0.06320033222436905,1.2139611482620238,0.019992495886981487,0.05872051604092121,0.05872051604092121,0.15986286029219626,0.0020870836255212416,0.018756249791476876,0.7951416969299316,1.0,0.008572115384615385,0.0005905288461538462,1,0.0,0.0,0.03125,0.505625,0.0,0.5128125,20.493125
100,323200,-48.9831083714962,-0.48983110904693605,-48.9831083714962,-0.48983110904693605,0.0,48.9831083714962,0.48983110904693605,22.035689264535904,0.22035688817501065,4.0499229550361635,0.0,0.0,-27.91319766268134,-0.27913197662681344,-27.91319766268134,-0.27913197662681344,100.0,2.389399397969246,0.0,0.0,27.91319766268134,26.278490219265223,3232,-0.002630825863801878,0.07235262021422387,1.2021324396133424,0.023258005175739525,0.07986183948814869,0.07986183948814869,0.1949879191815853,0.003099681934692461,0.03050000036600977,0.8285375237464905,1.0,0.008557692307692308,0.0005894230769230769,1,0.0,0.0,0.0,0.4121875,0.0,0.4165625,26.6646875
101,326400,-27.428322941064835,-0.2742832341045141,-27.428322941064835,-0.2742832341045141,0.0,27.428322941064835,0.2742832341045141,43.59047469496727,0.4359047631174326,2.8173344945907592,0.0040625,0.0010642242658474507,nan,nan,nan,nan,nan,nan,nan,nan,nan,nan,3264,-0.002036444981442731,0.10228400304913521,1.2145586729049682,0.03872925452888012,0.08809261694550514,0.08809261694550514,0.2014800153672695,0.0034549477917621514,0.03805624985834584,0.7937698364257812,1.0,0.008543269230769231,0.0005883173076923077,1,0.0,0.0,0.0625,0.535,0.0,0.5403125,17.909375
102,329600,-42.29582753777504,-0.422958275899291,-42.29582753777504,-0.422958275899291,0.0,42.29582753777504,0.422958275899291,28.722970098257065,0.2872297213226557,3.693522725105286,0.0021875,0.00046606784032369417,nan,nan,nan,nan,nan,nan,nan,nan,nan,nan,3296,-0.001563350157602672,0.13423491641879082,1.225811243057251,0.0550993524491787,0.06671325825154781,0.06671325825154781,0.17642451748251914,0.002514544808947415,0.020112500327377346,0.7426479458808899,1.0,0.008528846153846154,0.0005872115384615384,1,0.0,0.0,0.03125,0.394375,0.0,0.404375,26.6746875
103,332800,-30.51334337890148,-0.3051334415376186,-30.51334337890148,-0.3051334415376186,0.0,30.51334337890148,0.3051334415376186,40.50545425713062,0.4050545556843281,2.6914949476718903,0.0,0.0,nan,nan,nan,nan,nan,nan,nan,nan,nan,nan,3328,-0.0017172423320122477,0.077860988676548,1.2495516061782836,0.026574040949344634,0.08333811610937118,0.08333811610937118,0.1851360246539116,0.0024623719087699656,0.022037500166334212,0.7639309167861938,1.0,0.008514423076923077,0.0005861057692307692,1,0.0,0.0,0.0,0.5803125,0.0,0.584375,16.8521875
104,336000,-42.89798878133297,-0.42897990711033346,-42.89798878133297,-0.42897990711033346,0.0,42.89798878133297,0.42897990711033346,28.120808854699135,0.28120809011161324,3.4703066551685335,0.00375,0.0008388686256376348,nan,nan,nan,nan,nan,nan,nan,nan,nan,nan,3360,-0.002252238068776169,0.16901573836803435,1.1914995431900024,0.07212788239121437,0.12538702711462973,0.12538702711462973,0.2099683590233326,0.003216429273017252,0.032337500527501103,0.7262828350067139,1.0,0.0085,0.000585,1,0.0,0.0,0.0625,0.4496875,0.0,0.4578125,25.0021875
105,339200,-37.36463338136673,-0.37364636033773424,-37.36463338136673,-0.37364636033773424,0.0,37.36463338136673,0.37364636033773424,33.654164254665375,0.33654163688421246,3.217506263256073,0.0,0.0,nan,nan,nan,nan,nan,nan,nan,nan,nan,nan,3392,-0.0016646347861970056,0.05989473350346088,1.188338541984558,0.018198993895202874,0.06668754480779171,0.06668754480779171,0.17664895355701446,0.002538533351618386,0.025118750004912725,0.8370482325553894,1.0,0.008485576923076922,0.0005838942307692307,1,0.0,0.0,0.0,0.4784375,0.0,0.481875,22.47625
106,342400,-39.529177069664,-0.3952917909622192,-39.529177069664,-0.3952917909622192,0.0,39.529177069664,0.3952917909622192,31.489620566368103,0.3148962062597275,3.0012887704372404,0.0,0.0,nan,nan,nan,nan,nan,nan,nan,nan,nan,nan,3424,-0.001630198950029449,0.11323299631476402,1.1538917899131775,0.04521150477230549,0.07163573987782001,0.07163573987782001,0.21565549075603485,0.0025527634687038227,0.024268749519251287,0.6198270320892334,1.0,0.008471153846153847,0.0005827884615384615,1,0.0,0.0,0.0,0.5075,0.0,0.5159375,19.408125
107,345600,-41.34622122347355,-0.41346220463514327,-41.34622122347355,-0.41346220463514327,0.0,41.34622122347355,0.41346220463514327,29.672576412558556,0.2967257925868034,3.49114648103714,0.0,0.0,nan,nan,nan,nan,nan,nan,nan,nan,nan,nan,3456,-0.0013223758945125398,0.05736707784235477,1.1664721488952636,0.017496621794998647,0.07881757207214832,0.07881757207214832,0.1756274074316025,0.0021854246209857204,0.012343750102445483,0.8524289727210999,1.0,0.008456730769230768,0.0005816826923076923,1,0.0,0.0,0.0,0.399375,0.0,0.403125,26.8834375
108,348800,-46.94277645647526,-0.46942776441574097,-46.94277645647526,-0.46942776441574097,0.0,46.94277645647526,0.46942776441574097,24.076021179556847,0.24076023280620573,3.767729163169861,0.000625,0.0001310896610545856,nan,nan,nan,nan,nan,nan,nan,nan,nan,nan,3488,-0.00196780477443248,0.0938673697412014,1.1944082975387573,0.034882317297160625,0.09352310076355934,0.09352310076355934,0.18637422621250152,0.0029692408512361434,0.03149374984204769,0.7854042053222656,1.0,0.008442307692307692,0.000580576923076923,1,0.0,0.0,0.03125,0.41625,0.0,0.4221875,27.399375
109,352000,-37.0886899381876,-0.37088688343763354,-37.0886899381876,-0.37088688343763354,0.0,37.0886899381876,0.37088688343763354,33.930107697844505,0.33930111378431316,3.1788263440132143,0.000625,0.00014956352538922916,nan,nan,nan,nan,nan,nan,nan,nan,nan,nan,3520,-0.0014819704090129448,0.08833830133080482,1.1487523317337036,0.033005628176033495,0.07261251099407673,0.07261251099407673,0.16342132091522216,0.002349586624770085,0.019699999986914917,0.7205915451049805,1.0,0.008427884615384615,0.0005794711538461538,1,0.0,0.0,0.03125,0.5309375,0.0,0.54,19.9178125
110,355200,-38.57916058599949,-0.38579158306121825,-38.57916058599949,-0.38579158306121825,0.0,38.57916058599949,0.38579158306121825,32.439637050032616,0.32439641416072845,3.2719353187084197,0.0,0.0,nan,nan,nan,nan,nan,nan,nan,nan,nan,nan,3552,-0.0017775570388068652,0.04581854417920113,1.1698209762573242,0.011289470456540584,0.07317606844007969,0.07317606844007969,0.13181398585438728,0.002628245375673622,0.02298125015513506,0.8269420862197876,1.0,0.008413461538461538,0.0005783653846153846,1,0.0,0.0,0.0,0.4903125,0.0,0.49875,21.8553125
111,358400,-31.64154915511608,-0.31641551546752456,-31.64154915511608,-0.31641551546752456,0.0,31.64154915511608,0.31641551546752456,39.37724848091602,0.39377248175442214,3.672400115728378,0.009375,0.0020064634380179865,nan,nan,nan,nan,nan,nan,nan,nan,nan,nan,3584,-0.0011539966974872585,0.3971982687711716,1.1337934851646423,0.18792236745357513,0.051446792855858806,0.051446792855858806,0.25395688116550447,0.0015703006411074568,0.009493750100955368,0.5358021259307861,1.0,0.008399038461538461,0.0005772596153846153,1,0.0,0.0,0.0625,0.5009375,0.0,0.501875,21.286875
112,361600,-44.265453681349754,-0.44265455201268195,-44.265453681349754,-0.44265455201268195,0.0,44.265453681349754,0.44265455201268195,26.75334395468235,0.26753344520926475,4.0554400515556335,0.0,0.0,nan,nan,nan,nan,nan,nan,nan,nan,nan,nan,3616,-0.0016176142512064006,0.05786132887005806,1.1675795912742615,0.01752334423363209,0.06000227853655815,0.06000227853655815,0.15083812922239304,0.0014059411667419436,0.010012499812000896,0.8204828500747681,1.0,0.008384615384615384,0.0005761538461538461,1,0.0,0.0,0.0,0.395,0.0,0.4059375,26.165625
113,364800,-47.59157934784889,-0.47591576978564265,-47.59157934784889,-0.47591576978564265,0.0,47.59157934784889,0.47591576978564265,23.427218288183212,0.23427222743630405,3.653709498643875,0.0015625,0.0003357536606991313,nan,nan,nan,nan,nan,nan,nan,nan,nan,nan,3648,-0.0014723609094275058,0.11511913165450097,1.181980800628662,0.04619379788637161,0.07338297739624977,0.07338297739624977,0.20509299784898757,0.002196543472384021,0.012724999932106584,0.7407196164131165,1.0,0.008370192307692308,0.0005750480769230769,1,0.0,0.0,0.03125,0.385,0.0,0.3890625,28.1546875
114,368000,-35.89662355184555,-0.3589662596583366,-35.89662355184555,-0.3589662596583366,0.0,35.89662355184555,0.3589662596583366,35.122174084186554,0.3512217375636101,2.987499647140503,0.0,0.0,nan,nan,nan,nan,nan,nan,nan,nan,nan,nan,3680,-0.0013590932650898945,0.03981570340692997,1.1419745683670044,0.009006682317703962,0.0547952976077795,0.0547952976077795,0.15719157606363296,0.001927187785624317,0.01499374997220002,0.8703311681747437,1.0,0.00835576923076923,0.0005739423076923076,1,0.0,0.0,0.0,0.4871875,0.0,0.4915625,21.1103125
115,371200,-38.37407101690769,-0.3837407091259956,-38.37407101690769,-0.3837407091259956,0.0,38.37407101690769,0.3837407091259956,32.64472661912441,0.3264472880959511,2.9746287298202514,0.0015625,0.00039311847878447314,nan,nan,nan,nan,nan,nan,nan,nan,nan,nan,3712,-0.001197876276739418,0.08439807817339898,1.162859356403351,0.0313013507053256,0.05716805979609489,0.05716805979609489,0.18565948754549028,0.001594663504512667,0.008581250126007944,0.7340445518493652,1.0,0.008341346153846154,0.0005728365384615384,1,0.0,0.0,0.03125,0.5240625,0.0,0.5265625,20.42875
116,374400,-38.517430275678635,-0.3851743213832378,-38.517430275678635,-0.3851743213832378,0.0,38.517430275678635,0.3851743213832378,32.50136736035347,0.3250136758387089,3.343903146982193,0.0,0.0,nan,nan,nan,nan,nan,nan,nan,nan,nan,nan,3744,-0.0017251910478575105,0.04010005071759224,1.1927046537399293,0.008393274061381817,0.11364981979131698,0.11364981979131698,0.16922384724020959,0.002312431536121686,0.019424999944749288,0.8489951491355896,1.0,0.008326923076923077,0.0005717307692307693,1,0.0,0.0,0.0,0.470625,0.0,0.4721875,22.3025
117,377600,-28.63788540661335,-0.28637883938848974,-28.63788540661335,-0.28637883938848974,0.0,28.63788540661335,0.28637883938848974,42.380912229418755,0.42380915783345696,3.181050305366516,0.008125,0.001943291614925392,nan,nan,nan,nan,nan,nan,nan,nan,nan,nan,3776,-0.0017689337802119453,0.16725639700889589,1.1242680668830871,0.0725137859582901,0.09750245176255704,0.09750245176255704,0.2203277513384819,0.0028278066267392057,0.03253749962896109,0.6462399959564209,1.0,0.0083125,0.000570625,1,0.0,0.0,0.09375,0.50875,0.0,0.51125,20.4040625
118,380800,-32.739034593105316,-0.32739034213125706,-32.739034593105316,-0.32739034213125706,0.0,32.739034593105316,0.32739034213125706,38.27976304292679,0.38279765509068964,3.076951950788498,0.0040625,0.0009964552069872438,nan,nan,nan,nan,nan,nan,nan,nan,nan,nan,3808,-0.0023014487911481307,0.14941465705633164,1.1355205655097962,0.06298324279487133,0.08904917910695076,0.08904917910695076,0.19407291561365128,0.0030436553322960172,0.030537499847559955,0.6494040489196777,1.0,0.008298076923076924,0.0005695192307692308,1,0.0,0.0,0.03125,0.5440625,0.0,0.559375,17.8325
119,384000,-29.91036669909954,-0.2991036655008793,-29.91036669909954,-0.2991036655008793,0.0,29.91036669909954,0.2991036655008793,41.108430936932564,0.4110843317210674,2.7678781580924987,0.001875,0.0004976275562342561,nan,nan,nan,nan,nan,nan,nan,nan,nan,nan,3840,-0.001178574088099449,0.06435045413672924,1.1169345021247863,0.021744353882968425,0.0976972982287407,0.0976972982287407,0.16629341393709182,0.002363651825000304,0.018493749806657432,0.785996675491333,1.0,0.008283653846153847,0.0005684134615384616,1,0.0,0.0,0.03125,0.5559375,0.0,0.5625,17.408125
120,387200,-29.09324762225151,-0.29093247063457967,-29.09324762225151,-0.29093247063457967,0.0,29.09324762225151,0.29093247063457967,41.925550013780594,0.41925552658736703,2.682828394174576,0.003125,0.0008485326128534966,-26.498976904898882,-0.2649897690489888,-26.498976904898882,-0.2649897690489888,100.0,2.180434417426586,0.0,0.0,26.498976904898882,27.692710977047682,3872,-0.002182213559537205,0.06474268436431885,1.1177472114562987,0.020946218725293876,0.0973484568297863,0.0973484568297863,0.15294940918684005,0.0027147129498205046,0.029131250199861826,0.7458271980285645,1.0,0.008269230769230768,0.0005673076923076923,1,0.0,0.0,0.0625,0.54875,0.0,0.55125,17.8971875
121,390400,-31.721894770860672,-0.3172189312428236,-31.721894770860672,-0.3172189312428236,0.0,31.721894770860672,0.3172189312428236,39.29690286517143,0.3929690659791231,3.476140513420105,0.0071875,0.0016057360081639202,nan,nan,nan,nan,nan,nan,nan,nan,nan,nan,3904,-0.001789835355337699,0.2566926583647728,1.1316938042640685,0.11721458062529563,0.09090077839791774,0.09090077839791774,0.2578572049736977,0.003263522198541732,0.03075000055760029,0.5183347463607788,1.0,0.008254807692307693,0.0005662019230769231,1,0.0,0.0,0.03125,0.5128125,0.0,0.516875,21.2146875
122,393600,-27.900147512555122,-0.27900146424770356,-27.900147512555122,-0.27900146424770356,0.0,27.900147512555122,0.27900146424770356,43.11865012347698,0.43118653297424314,3.0464192044734957,0.0090625,0.002239634487198213,nan,nan,nan,nan,nan,nan,nan,nan,nan,nan,3936,-0.0014137472600559864,0.15906282812356948,1.136910343170166,0.06874908804893494,0.10387835502624512,0.10387835502624512,0.1910860151052475,0.0024153210950333833,0.022956249956041574,0.5615330934524536,1.0,0.008240384615384615,0.0005650961538461539,1,0.0,0.0,0.15625,0.4765625,0.0,0.479375,22.4403125
123,396800,-32.997734636068344,-0.32997733920812605,-32.997734636068344,-0.32997733920812605,0.0,32.997734636068344,0.32997733920812605,38.02106299996376,0.38021065801382065,3.0596016669273376,0.001875,0.0004618679747018541,nan,nan,nan,nan,nan,nan,nan,nan,nan,nan,3968,-0.0010120316829882014,0.06179083026945591,1.0782737731933594,0.021013544220477343,0.07126980908215046,0.07126980908215046,0.1616935297846794,0.0019383921171556167,0.014224999921862037,0.7749496102333069,1.0,0.008225961538461538,0.0005639903846153846,1,0.0,0.0,0.0625,0.5240625,0.0,0.5278125,18.285
124,400000,-22.452210173010826,-0.2245221169292927,-22.452210173010826,-0.2245221169292927,0.0,22.452210173010826,0.2245221169292927,48.56658746302128,0.485665880292654,2.3541050696372987,0.0040625,0.0012112023671456734,nan,nan,nan,nan,nan,nan,nan,nan,nan,nan,4000,-0.0016947965528348874,0.06201283261179924,1.1140058994293214,0.02016391810029745,0.08902900703251362,0.08902900703251362,0.16653784289956092,0.0028323689948610065,0.029706249572336675,0.8008995652198792,1.0,0.008211538461538461,0.0005628846153846154,1,0.0,0.0,0.0625,0.615,0.0,0.625625,12.844375
125,403200,-30.09651391208172,-0.3009651275724173,-30.09651391208172,-0.3009651275724173,0.0,30.09651391208172,0.3009651275724173,40.922283723950386,0.4092228696495294,2.5918295496702193,0.0,0.0,nan,nan,nan,nan,nan,nan,nan,nan,nan,nan,4032,-0.002082663258933426,0.02526979837566614,1.10508736371994,0.001493707112967968,0.1037326455116272,0.1037326455116272,0.10245223045349121,0.002656148324605833,0.028474999917671086,0.8809491395950317,1.0,0.008197115384615384,0.0005617788461538462,1,0.0,0.0,0.0,0.5484375,0.0,0.5571875,16.36375
126,406400,-36.11907189339399,-0.3611906948685646,-36.11907189339399,-0.3611906948685646,0.0,36.11907189339399,0.3611906948685646,34.89972574263811,0.3489973023533821,2.9089444351196287,0.0,0.0,nan,nan,nan,nan,nan,nan,nan,nan,nan,nan,4064,-0.0018693367048399523,0.040901371836662294,1.0906761765480042,0.009656681586056948,0.10257067196071148,0.10257067196071148,0.14450478032231331,0.002886591332209671,0.028137500025331975,0.8620407581329346,1.0,0.008182692307692307,0.0005606730769230769,1,0.0,0.0,0.0,0.5215625,0.0,0.5246875,20.0915625
127,409600,-33.804748490452766,-0.3380474664270878,-33.804748490452766,-0.3380474664270878,0.0,33.804748490452766,0.3380474664270878,37.21404914557934,0.3721405307948589,2.6647983634471895,0.0,0.0,nan,nan,nan,nan,nan,nan,nan,nan,nan,nan,4096,-0.0016196424630004814,0.042712222412228586,1.0772903442382813,0.010936871450394393,0.0773978665471077,0.0773978665471077,0.14456410109996795,0.0030532144475745515,0.03200625035678968,0.8481464385986328,1.0,0.00816826923076923,0.0005595673076923077,1,0.0,0.0,0.0,0.57125,0.0,0.57625,16.6909375
128,412800,-35.87558725476265,-0.35875587090849875,-35.87558725476265,-0.35875587090849875,0.0,35.87558725476265,0.35875587090849875,35.143210381269455,0.35143212631344795,3.332295221090317,0.00375,0.0008655919803766813,nan,nan,nan,nan,nan,nan,nan,nan,nan,nan,4128,-0.0018964780719601503,0.07899098098278046,1.055360734462738,0.028993763215839862,0.11361900344491005,0.11361900344491005,0.13718184754252433,0.00337099647367898,0.03931874949485063,0.7314180135726929,1.0,0.008153846153846154,0.0005584615384615385,1,0.0,0.0,0.0625,0.4665625,0.0,0.4771875,21.3165625
129,416000,-30.868027970194817,-0.3086803056299686,-30.868027970194817,-0.3086803056299686,0.0,30.868027970194817,0.3086803056299686,40.15076966583729,0.4015076915919781,2.6242377984523775,0.00125,0.00034490010576396923,nan,nan,nan,nan,nan,nan,nan,nan,nan,nan,4160,-0.001092969483684292,0.03730291835963726,1.0755520820617677,0.00880411621183157,0.0904511034488678,0.0904511034488678,0.13848398625850677,0.002352183591576222,0.02634375002235174,0.820106029510498,1.0,0.008139423076923077,0.0005573557692307692,1,0.0,0.0,0.03125,0.554375,0.0,0.5590625,16.4896875
130,419200,-40.829704254865646,-0.4082970306277275,-40.829704254865646,-0.4082970306277275,0.0,40.829704254865646,0.4082970306277275,30.189093381166458,0.3018909665942192,3.6211308133602143,0.0028125,0.0006086172656850014,nan,nan,nan,nan,nan,nan,nan,nan,nan,nan,4192,-0.0016199289240175884,0.11018149256706238,1.0180448651313783,0.04519920237362385,0.09098795168101788,0.09098795168101788,0.20381759703159333,0.0024304641374346464,0.025956250005401672,0.7305258512496948,1.0,0.008125,0.00055625,1,0.0,0.0,0.0625,0.5459375,0.0,0.551875,18.1890625
131,422400,-27.733566656708717,-0.2773356668651104,-27.733566656708717,-0.2773356668651104,0.0,27.733566656708717,0.2773356668651104,43.28523097932339,0.4328523303568363,2.890077784061432,0.009375,0.0024099775172649737,nan,nan,nan,nan,nan,nan,nan,nan,nan,nan,4224,-0.001778124933713121,0.1774935394525528,1.1022271633148193,0.07802894413471222,0.1153156466782093,0.1153156466782093,0.21260618567466735,0.003148985223380734,0.033156250091269615,0.6008466482162476,1.0,0.008110576923076923,0.0005551442307692308,1,0.0,0.0,0.09375,0.5075,0.0,0.518125,20.6565625
132,425600,-28.408306047320366,-0.28408304929733275,-28.408306047320366,-0.28408304929733275,0.0,28.408306047320366,0.28408304929733275,42.61049158871174,0.42610494792461395,2.5224968242645263,0.00125,0.0003548619239027964,nan,nan,nan,nan,nan,nan,nan,nan,nan,nan,4256,-0.0017069269788917208,0.03886728696525097,1.0932734608650208,0.008875406440347433,0.11859301030635834,0.11859301030635834,0.14124040603637694,0.002736977988390162,0.02846249993890524,0.7535805702209473,1.0,0.008096153846153847,0.0005540384615384615,1,0.0,0.0,0.03125,0.553125,0.0,0.561875,16.0490625
133,428800,-33.13212560117245,-0.33132123611867426,-33.13212560117245,-0.33132123611867426,0.0,33.13212560117245,0.33132123611867426,37.88667203485966,0.37886676110327244,2.7784262257814407,0.0,0.0,nan,nan,nan,nan,nan,nan,nan,nan,nan,nan,4288,-0.001166331124398856,0.0326117841526866,1.0330315113067627,0.006790878809988498,0.099555554240942,0.099555554240942,0.1317257672548294,0.002423406485469979,0.028331249579787256,0.8777121305465698,1.0,0.00808173076923077,0.0005529326923076923,1,0.0,0.0,0.0,0.5515625,0.0,0.5521875,17.0678125
134,432000,-29.124069303274155,-0.29124068185687063,-29.124069303274155,-0.29124068185687063,0.0,29.124069303274155,0.29124068185687063,41.89472833275795,0.41894731536507607,2.6601692813634874,0.0,0.0,nan,nan,nan,nan,nan,nan,nan,nan,nan,nan,4320,-0.001995708459848533,0.030777614563703537,1.0636401414871215,0.0048123858869075775,0.1132026880979538,0.1132026880979538,0.14545455873012542,0.0027147031323711385,0.0264875004068017,0.8444135189056396,1.0,0.008067307692307693,0.0005518269230769231,1,0.0,0.0,0.0,0.598125,0.0,0.5984375,14.881875
135,435200,-29.740513488650322,-0.29740517646074294,-29.740513488650322,-0.29740517646074294,0.0,29.740513488650322,0.29740517646074294,41.27828414738178,0.41278282076120376,3.0110035490989686,0.0053125,0.0013244815006941094,nan,nan,nan,nan,nan,nan,nan,nan,nan,nan,4352,-0.0014548748767469033,0.11052116602659226,1.037499237060547,0.04545084647834301,0.14770742058753966,0.14770742058753966,0.1906005010008812,0.002760684292299665,0.03148125023581087,0.6502947211265564,1.0,0.008052884615384615,0.0005507211538461538,1,0.0,0.0,0.0625,0.535625,0.0,0.54375,17.2834375
136,438400,-28.902704387903214,-0.289027047008276,-28.902704387903214,-0.289027047008276,0.0,28.902704387903214,0.289027047008276,42.11609324812889,0.4211609502136707,2.2836473220586777,0.0,0.0,nan,nan,nan,nan,nan,nan,nan,nan,nan,nan,4384,-0.0017334786322433348,0.01729698944836855,1.0806207537651062,-0.0017715117428451777,0.0795024573802948,0.0795024573802948,0.10071976333856583,0.00261277003737805,0.028587499912828208,0.8832575082778931,1.0,0.00803846153846154,0.0005496153846153846,1,0.0,0.0,0.0,0.566875,0.0,0.5696875,15.4159375
137,441600,-32.15613678097725,-0.32156136974692345,-32.15613678097725,-0.32156136974692345,0.0,32.15613678097725,0.32156136974692345,38.862660855054855,0.38862662747502325,2.750501412153244,0.00375,0.0009998663079684176,nan,nan,nan,nan,nan,nan,nan,nan,nan,nan,4416,-0.0017288094811607202,0.09329895600676537,1.0780198216438293,0.036270595714449884,0.10977242514491081,0.10977242514491081,0.15906988456845284,0.002578172444193128,0.024887500028125942,0.6910029649734497,1.0,0.008024038461538461,0.0005485096153846154,1,0.0,0.0,0.03125,0.5315625,0.0,0.5321875,19.12375
138,444800,-41.001873165369034,-0.41001873821020124,-41.001873165369034,-0.41001873821020124,0.0,41.001873165369034,0.41001873821020124,30.01692447066307,0.30016925901174546,3.2547776818275453,0.0,0.0,nan,nan,nan,nan,nan,nan,nan,nan,nan,nan,4448,-0.0010888938885647904,0.04967292286455631,1.0753081798553468,0.015134762413799763,0.10972749404609203,0.10972749404609203,0.15431106016039847,0.0024028920335713065,0.023881249688565732,0.7801504135131836,1.0,0.008009615384615384,0.0005474038461538461,1,0.0,0.0,0.0,0.49625,0.0,0.5015625,20.6253125
139,448000,-38.46032229065895,-0.38460323557257653,-38.46032229065895,-0.38460323557257653,0.0,38.46032229065895,0.38460323557257653,32.558475345373154,0.32558476164937017,3.2998853278160096,0.0,0.0,nan,nan,nan,nan,nan,nan,nan,nan,nan,nan,4480,-0.001971310732397269,0.03140607066452503,1.104200255870819,0.004903431423008442,0.09016170725226402,0.09016170725226402,0.12411158159375191,0.0026199153835495467,0.024762500111683038,0.8429737091064453,1.0,0.007995192307692307,0.0005462980769230769,1,0.0,0.0,0.0,0.46625,0.0,0.468125,22.1009375
140,451200,-38.80560937523842,-0.3880560950934887,-38.80560937523842,-0.3880560950934887,0.0,38.80560937523842,0.3880560950934887,32.213188260793686,0.322131902128458,3.155470221042633,0.00125,0.0003008083161492053,-27.80451027303934,-0.2780451027303934,-27.80451027303934,-0.2780451027303934,100.0,2.2929110983014107,0.0,0.0,27.80451027303934,26.387177608907223,4512,-0.001907259885920176,0.039484037458896636,1.0847745180130004,0.009177423547953367,0.10802500955760479,0.10802500955760479,0.10739070437848568,0.0028754402941576535,0.02906249975785613,0.8306818604469299,1.0,0.00798076923076923,0.0005451923076923077,1,0.0,0.0,0.03125,0.481875,0.0,0.4853125,20.5625
141,454400,-33.86731345951557,-0.3386731547117233,-33.86731345951557,-0.3386731547117233,0.0,33.86731345951557,0.3386731547117233,37.15148417651653,0.3715148425102234,2.5923472440242765,0.0015625,0.0004349523845722752,nan,nan,nan,nan,nan,nan,nan,nan,nan,nan,4544,-0.001305651174485689,0.0434867762029171,1.0548771381378175,0.012034221086651087,0.07657566480338573,0.07657566480338573,0.17496400475502014,0.0020995045037143414,0.019987500016577543,0.7458513975143433,1.0,0.007966346153846154,0.0005440865384615384,1,0.0,0.0,0.03125,0.52,0.0,0.52625,18.98375
142,457600,-31.94591860473156,-0.319459183961153,-31.94591860473156,-0.319459183961153,0.0,31.94591860473156,0.319459183961153,39.072879031300545,0.3907288132607937,3.03264332652092,0.0034375,0.000852418555688542,nan,nan,nan,nan,nan,nan,nan,nan,nan,nan,4576,-0.0013363991635618744,0.06676302775740624,1.0853736400604248,0.023414307460188865,0.09338442087173462,0.09338442087173462,0.12214303240180016,0.0020102184273145985,0.01659999997355044,0.7199904322624207,1.0,0.007951923076923077,0.0005429807692307692,1,0.0,0.0,0.03125,0.5234375,0.0,0.53,19.6209375
143,460800,-17.726378574967384,-0.17726377062499524,-17.726378574967384,-0.17726377062499524,0.0,17.726378574967384,0.17726377062499524,53.29241906106472,0.5329242265969515,2.169388966560364,0.0065625,0.0020705883907717617,nan,nan,nan,nan,nan,nan,nan,nan,nan,nan,4608,-0.0012293059650924977,0.08905122056603432,1.0804146647453308,0.034720512107014656,0.05355502814054489,0.05355502814054489,0.16028090938925743,0.0014254871257452961,0.0115624999278225,0.5947866439819336,1.0,0.0079375,0.000541875,1,0.0,0.0,0.0625,0.6653125,0.0,0.66875,11.6946875
144,464000,-41.32052554190159,-0.41320520631968977,-41.32052554190159,-0.41320520631968977,0.0,41.32052554190159,0.41320520631968977,29.698272094130516,0.29698279090225693,3.994228390455246,0.005625,0.0011263001128963698,nan,nan,nan,nan,nan,nan,nan,nan,nan,nan,4640,-0.0010704042781842782,0.14496285021305083,1.0294772028923034,0.06325439475476742,0.07439821474254131,0.07439821474254131,0.14717354923486708,0.0018207919645665364,0.0189687495585531,0.6836166381835938,1.0,0.007923076923076923,0.0005407692307692307,1,0.0,0.0,0.03125,0.4184375,0.0,0.4196875,25.6075
145,467200,-27.200445741415024,-0.27200446881353857,-27.200445741415024,-0.27200446881353857,0.0,27.200445741415024,0.27200446881353857,43.81835189461708,0.43818352840840813,2.3267453491687773,0.0,0.0,nan,nan,nan,nan,nan,nan,nan,nan,nan,nan,4672,-0.0014525978320744314,0.02103374321013689,1.0789411187171936,0.0005313023924827575,0.10629259981215,0.10629259981215,0.10890131071209908,0.002531205213746842,0.02573125045746565,0.869112491607666,1.0,0.007908653846153847,0.0005396634615384615,1,0.0,0.0,0.0,0.60625,0.0,0.619375,13.3196875
146,470400,-32.434521555900574,-0.3243452347069979,-32.434521555900574,-0.3243452347069979,0.0,32.434521555900574,0.3243452347069979,38.58427608013153,0.3858427625149488,2.6840116751194,0.0,0.0,nan,nan,nan,nan,nan,nan,nan,nan,nan,nan,4704,-0.0016974641347478503,0.020292847603559493,1.0833952665328979,-0.00010361275635659695,0.09745529964566231,0.09745529964566231,0.12032306417822838,0.002125737396274357,0.01863124989613425,0.8539313077926636,1.0,0.00789423076923077,0.0005385576923076923,1,0.0,0.0,0.0,0.5296875,0.0,0.54,17.81
147,473600,-21.82701189815998,-0.21827013596892356,-21.82701189815998,-0.21827013596892356,0.0,21.82701189815998,0.21827013596892356,49.191785737872124,0.49191786125302317,2.5878043419122694,0.0075,0.0020904149962655333,nan,nan,nan,nan,nan,nan,nan,nan,nan,nan,4736,-0.001297905539674682,0.12234702482819557,1.0510024547576904,0.05159390978515148,0.08641416691243649,0.08641416691243649,0.15018462315201758,0.002247390308186331,0.02042499976232648,0.5308049917221069,1.0,0.007879807692307693,0.000537451923076923,1,0.0,0.0,0.09375,0.56875,0.0,0.579375,14.51625
148,476800,-28.500868290662766,-0.2850086683034897,-28.500868290662766,-0.2850086683034897,0.0,28.500868290662766,0.2850086683034897,42.51792934536934,0.425179328918457,2.346334536075592,0.0,0.0,nan,nan,nan,nan,nan,nan,nan,nan,nan,nan,4768,-0.0018342416026862374,0.024298910796642304,1.0847458958625793,0.0017832705285400151,0.10228726975619792,0.10228726975619792,0.1395780049264431,0.002947821842100834,0.03340000044554472,0.778983473777771,1.0,0.007865384615384614,0.0005363461538461539,1,0.0,0.0,0.0,0.6225,0.0,0.629375,13.44125
149,480000,-33.7388376891613,-0.3373883817344904,-33.7388376891613,-0.3373883817344904,0.0,33.7388376891613,0.3373883817344904,37.279959946870804,0.3727996154874563,3.644466643333435,0.0065625,0.0014129717153679353,nan,nan,nan,nan,nan,nan,nan,nan,nan,nan,4800,-0.0013095644479384828,0.11679839938879014,1.0338608860969543,0.048972833156585696,0.0706406407058239,0.0706406407058239,0.17409735769033433,0.0024187769435248868,0.025218749581836165,0.6655312776565552,1.0,0.00785096153846154,0.0005352403846153847,1,0.0,0.0,0.0625,0.4846875,0.0,0.4928125,19.85125
150,483200,-26.42853645980358,-0.26428537428379056,-26.42853645980358,-0.26428537428379056,0.0,26.42853645980358,0.26428537428379056,44.59026117622852,0.44590262293815613,2.366172833442688,0.0,0.0,nan,nan,nan,nan,nan,nan,nan,nan,nan,nan,4832,-0.0016783856691443334,0.01608440075069666,1.0883832573890686,-0.0021653425879776477,0.08578356616199016,0.08578356616199016,0.09706969186663628,0.001991513953545988,0.015718749864026903,0.8689993619918823,1.0,0.00783653846153846,0.0005341346153846154,1,0.0,0.0,0.0,0.6284375,0.0,0.6309375,12.08
151,486400,-32.44238664582372,-0.3244238857924938,-32.44238664582372,-0.3244238857924938,0.0,32.44238664582372,0.3244238857924938,38.57641099020839,0.3857641114294529,2.837837165594101,0.0028125,0.0007328346354071075,nan,nan,nan,nan,nan,nan,nan,nan,nan,nan,4864,-0.0011395688018005056,0.04838074706494808,1.1068644881248475,0.014392783120274543,0.052783291041851046,0.052783291041851046,0.1256840333342552,0.0017358249835542016,0.013418749975971877,0.7635111212730408,1.0,0.007822115384615384,0.0005330288461538462,1,0.0,0.0,0.0625,0.5240625,0.0,0.53,18.8678125
152,489600,-31.08282619714737,-0.31082828640937804,-31.08282619714737,-0.31082828640937804,0.0,31.08282619714737,0.31082828640937804,39.935971438884735,0.39935971081256866,3.0371164214611053,0.004375,0.001083694286531526,nan,nan,nan,nan,nan,nan,nan,nan,nan,nan,4896,-0.0018961602980969382,0.05476183407008648,1.09726243019104,0.016917668841779233,0.08685973845422268,0.08685973845422268,0.15420402139425277,0.0026017749798501466,0.03182500019902364,0.7147160768508911,1.0,0.007807692307692307,0.000531923076923077,1,0.0,0.0,0.09375,0.5084375,0.0,0.51375,20.1246875
153,492800,-30.82808256149292,-0.3082808151841164,-30.82808256149292,-0.3082808151841164,0.0,30.82808256149292,0.3082808151841164,40.190715074539185,0.4019071820378303,2.5488366639614104,0.0,0.0,nan,nan,nan,nan,nan,nan,nan,nan,nan,nan,4928,-0.0011112969552828922,0.023284084908664227,1.1048275589942933,0.001920527033507824,0.0576925303786993,0.0576925303786993,0.10677525028586388,0.0011255165132769023,0.009250000159954651,0.8119149804115295,1.0,0.00779326923076923,0.0005308173076923077,1,0.0,0.0,0.0,0.5678125,0.0,0.5728125,14.7753125
154,496000,-34.278120651841164,-0.34278119921684264,-34.278120651841164,-0.34278119921684264,0.0,34.278120651841164,0.34278119921684264,36.74067698419094,0.36740679800510406,2.9668069744110106,0.00125,0.00031511490427022843,nan,nan,nan,nan,nan,nan,nan,nan,nan,nan,4960,-0.0016630116538610018,0.02771620824933052,1.1262406587600708,0.003434239747002721,0.06304841935634613,0.06304841935634613,0.10058003067970275,0.001793971285953267,0.013249999633990229,0.8696587085723877,1.0,0.0077788461538461535,0.0005297115384615385,1,0.0,0.0,0.03125,0.550625,0.0,0.554375,17.44625
155,499200,-29.88257895410061,-0.29882578454911707,-29.88257895410061,-0.29882578454911707,0.0,29.88257895410061,0.29882578454911707,41.136218681931496,0.41136221267282963,2.6041011822223665,0.0,0.0,nan,nan,nan,nan,nan,nan,nan,nan,nan,nan,4992,-0.0011032875214645355,0.02058249115943909,1.1112132310867309,0.0005600282456725836,0.06248121820390225,0.06248121820390225,0.10687320381402969,0.0019900111634359443,0.014612499810755252,0.8617414832115173,1.0,0.007764423076923077,0.0005286057692307693,1,0.0,0.0,0.0,0.5703125,0.0,0.573125,15.254375
156,502400,-27.76595078408718,-0.2776595053821802,-27.76595078408718,-0.2776595053821802,0.0,27.76595078408718,0.2776595053821802,43.25284685194492,0.4325284918397665,2.6615143620967867,0.00375,0.0010241664047038017,nan,nan,nan,nan,nan,nan,nan,nan,nan,nan,5024,-0.0017386812057694988,0.03302573785185814,1.1462854504585267,0.005890475679188966,0.07132376991212368,0.07132376991212368,0.07744934968650341,0.0026036944400419032,0.027525000192690642,0.8095197081565857,1.0,0.00775,0.0005275,1,0.0,0.0,0.09375,0.5553125,0.0,0.55875,17.179375
157,505600,-26.554254099726677,-0.26554253704845904,-26.554254099726677,-0.26554253704845904,0.0,26.554254099726677,0.26554253704845904,44.46454353630543,0.44464546017348766,2.694427436590195,0.0065625,0.0017763239670114939,nan,nan,nan,nan,nan,nan,nan,nan,nan,nan,5056,-0.0008493550505314307,0.11441538110375404,1.1148220777511597,0.047734543681144714,0.06527524553239346,0.06527524553239346,0.1522040031850338,0.001951794490743677,0.018843749677762388,0.5887758731842041,1.0,0.007735576923076923,0.0005263942307692308,1,0.0,0.0,0.0625,0.5015625,0.0,0.514375,17.7278125
158,508800,-28.553288608789444,-0.28553285010159013,-28.553288608789444,-0.28553285010159013,0.0,28.553288608789444,0.28553285010159013,42.46550902724266,0.42465514712035657,2.5436114692687988,0.0025,0.000705494951035323,nan,nan,nan,nan,nan,nan,nan,nan,nan,nan,5088,-0.0017536304985987794,0.04190676100552082,1.1315424203872682,0.010462936852127314,0.0734088085591793,0.0734088085591793,0.09040610119700432,0.00248368172979272,0.025518750175251625,0.7280905842781067,1.0,0.007721153846153846,0.0005252884615384616,1,0.0,0.0,0.0625,0.6059375,0.0,0.6165625,14.573125
159,512000,-26.15805934369564,-0.261580591276288,-26.15805934369564,-0.261580591276288,0.0,26.15805934369564,0.261580591276288,44.860738292336464,0.4486074059456587,2.3395265781879426,0.0009375,0.0002807284140582274,nan,nan,nan,nan,nan,nan,nan,nan,nan,nan,5120,-0.0008996786741012341,0.027388305775821208,1.0910231947898865,0.004386252351105213,0.06771301031112671,0.06771301031112671,0.11175930276513099,0.001492743057316951,0.008425000106217339,0.7804049849510193,1.0,0.0077067307692307695,0.0005241826923076923,1,0.0,0.0,0.03125,0.6334375,0.0,0.6428125,12.528125
160,515200,-28.28842830657959,-0.2828842806071043,-28.28842830657959,-0.2828842806071043,0.0,28.28842830657959,0.2828842806071043,42.730369329452515,0.4273037166148424,2.847217344045639,0.00625,0.0016245507963497726,-28.34861818701029,-0.2834861818701029,-28.34861818701029,-0.2834861818701029,100.0,2.3697377598285674,0.0,0.0,28.34861818701029,25.843069694936275,5152,-0.001697339337028092,0.09133361950516701,1.0580752611160278,0.0358304301276803,0.07424038387835026,0.07424038387835026,0.10637181773781776,0.002333520274989495,0.024531249824212863,0.6141605377197266,1.0,0.007692307692307693,0.0005230769230769231,1,0.0,0.0,0.09375,0.499375,0.0,0.5075,19.1140625
161,518400,-33.45194184780121,-0.33451940536499025,-33.45194184780121,-0.33451940536499025,0.0,33.45194184780121,0.33451940536499025,37.566855788230896,0.37566859185695645,2.6813529539108276,0.0009375,0.00025466180823657824,nan,nan,nan,nan,nan,nan,nan,nan,nan,nan,5184,-0.0016199175233370332,0.03352466262876987,1.0925541758537292,0.006753908470273018,0.07543383501470088,0.07543383501470088,0.11653485000133515,0.002920028596419777,0.030043750256299972,0.7766409516334534,1.0,0.007677884615384615,0.0005219711538461539,1,0.0,0.0,0.03125,0.493125,0.0,0.519375,17.2946875
162,521600,-27.98919501900673,-0.27989197462797166,-27.98919501900673,-0.27989197462797166,0.0,27.98919501900673,0.27989197462797166,43.029602617025375,0.43029602259397504,3.078849867582321,0.0065625,0.0016089094261980835,nan,nan,nan,nan,nan,nan,nan,nan,nan,nan,5216,-0.0014983915752964094,0.0884193055331707,1.088272178173065,0.034371329471468925,0.11191385686397552,0.11191385686397552,0.1612399198114872,0.0022597564660845346,0.02042499983072048,0.6573911905288696,1.0,0.007663461538461538,0.0005208653846153846,1,0.0,0.0,0.03125,0.5615625,0.0,0.5678125,17.341875
163,524800,-27.45792579650879,-0.27457925863564014,-27.45792579650879,-0.27457925863564014,0.0,27.45792579650879,0.27457925863564014,43.560871839523315,0.43560873858630655,2.327659927606583,0.003125,0.0009390983658139774,nan,nan,nan,nan,nan,nan,nan,nan,nan,nan,5248,-0.001965254171541897,0.036741581931710246,1.0567139983177185,0.008322690613567829,0.0738405842334032,0.0738405842334032,0.10388654470443726,0.0020136100709369316,0.016918750095646827,0.7949108481407166,1.0,0.0076490384615384615,0.0005197596153846154,1,0.0,0.0,0.0625,0.574375,0.0,0.5828125,15.97875
164,528000,-21.80963569879532,-0.21809636026620866,-21.80963569879532,-0.21809636026620866,0.0,21.80963569879532,0.21809636026620866,49.209161937236786,0.49209163695573804,3.0406181347370147,0.0115625,0.00286156712028729,nan,nan,nan,nan,nan,nan,nan,nan,nan,nan,5280,-0.0009820608705398582,0.16795218735933304,1.0551402568817139,0.0749384418129921,0.10095015726983547,0.10095015726983547,0.14137799814343452,0.0021257540822280144,0.015712499804794788,0.5688067674636841,1.0,0.007634615384615385,0.0005186538461538462,1,0.0,0.0,0.125,0.5415625,0.0,0.55125,16.815
165,531200,-36.503534495830536,-0.36503532737493516,-36.503534495830536,-0.36503532737493516,0.0,36.503534495830536,0.36503532737493516,34.51526314020157,0.34515266984701154,3.0046984004974364,0.0003125,7.803334202675122e-05,nan,nan,nan,nan,nan,nan,nan,nan,nan,nan,5312,-0.0016624689273187165,0.02672857102006674,1.0608212113380433,0.0036181550472974776,0.07948145121335984,0.07948145121335984,0.09225191026926041,0.001968126791327461,0.020024999999441205,0.8475873470306396,1.0,0.007620192307692307,0.0005175480769230769,1,0.0,0.0,0.03125,0.519375,0.0,0.523125,19.7609375
166,534400,-27.56988424062729,-0.2756988215446472,-27.56988424062729,-0.2756988215446472,0.0,27.56988424062729,0.2756988215446472,43.448913395404816,0.4344891756772995,2.330101922750473,0.0021875,0.0006568868012884275,nan,nan,nan,nan,nan,nan,nan,nan,nan,nan,5344,-0.002059904391202139,0.032561073265969756,1.1049628019332887,0.005816540215164423,0.09617855176329612,0.09617855176329612,0.11080979704856872,0.0032254788427981294,0.03606249997392297,0.737159252166748,1.0,0.00760576923076923,0.0005164423076923077,1,0.0,0.0,0.03125,0.57375,0.0,0.5840625,15.4715625
167,537600,-39.046625673770905,-0.39046625718474387,-39.046625673770905,-0.39046625718474387,0.0,39.046625673770905,0.39046625718474387,31.9721719622612,0.31972174003720283,3.5274224615097047,0.0,0.0,nan,nan,nan,nan,nan,nan,nan,nan,nan,nan,5376,-0.0010097182874742483,0.02599551472812891,1.1349518299102783,0.0033722267486155032,0.061661310866475104,0.061661310866475104,0.0957000009715557,0.001913574444190037,0.016225000060512685,0.901365339756012,1.0,0.007591346153846153,0.0005153365384615385,1,0.0,0.0,0.0,0.4925,0.0,0.5071875,19.025
168,540800,-36.1860371530056,-0.36186037346720695,-36.1860371530056,-0.36186037346720695,0.0,36.1860371530056,0.36186037346720695,34.832760483026505,0.34832762375473975,2.789449245929718,0.0,0.0,nan,nan,nan,nan,nan,nan,nan,nan,nan,nan,5408,-0.0014880182733062242,0.026068914495408536,1.0912374019622804,0.00327821709215641,0.08524131514132023,0.08524131514132023,0.09925326183438302,0.0025458839387301063,0.024100000131875278,0.8580854535102844,1.0,0.007576923076923077,0.0005142307692307692,1,0.0,0.0,0.0,0.51625,0.0,0.5196875,18.5234375
169,544000,-33.21802905201912,-0.3321802680194378,-33.21802905201912,-0.3321802680194378,0.0,33.21802905201912,0.3321802680194378,37.800768584012985,0.3780077292025089,3.028915059566498,0.0021875,0.0005429501410822422,nan,nan,nan,nan,nan,nan,nan,nan,nan,nan,5440,-0.0015093230323284025,0.03994402177631855,1.1259631633758544,0.009947591554373502,0.07903559952974319,0.07903559952974319,0.0894643284380436,0.0021513004314345744,0.021006249485071748,0.804806649684906,1.0,0.0075625,0.000513125,1,0.0,0.0,0.03125,0.499375,0.0,0.5034375,19.0359375
170,547200,-22.086584091186523,-0.22086586438119413,-22.086584091186523,-0.22086586438119413,0.0,22.086584091186523,0.22086586438119413,48.93221354484558,0.48932213284075254,2.70125554561615,0.0071875,0.001941908606800478,nan,nan,nan,nan,nan,nan,nan,nan,nan,nan,5472,-0.0018626827787142197,0.09798285216093064,1.132695162296295,0.03857907392084599,0.14184942916035653,0.14184942916035653,0.12262804061174393,0.002985340991291952,0.03276874963194132,0.580140233039856,1.0,0.007548076923076923,0.0005120192307692308,1,0.0,0.0,0.0625,0.5634375,0.0,0.5740625,14.753125
171,550400,-39.225727036595345,-0.3922572945058346,-39.225727036595345,-0.3922572945058346,0.0,39.225727036595345,0.3922572945058346,31.79307059943676,0.3179307027161121,3.286610051393509,0.0,0.0,nan,nan,nan,nan,nan,nan,nan,nan,nan,nan,5504,-0.0010700098545116,0.03197071962058544,1.1386799931526184,0.006336929090321064,0.043172189593315126,0.043172189593315126,0.12852297127246856,0.0015725521276197657,0.011250000214204192,0.8012393116950989,1.0,0.007533653846153846,0.0005109134615384615,1,0.0,0.0,0.0,0.4796875,0.0,0.4859375,21.6340625
172,553600,-29.185421630740166,-0.29185421831905844,-29.185421630740166,-0.29185421831905844,0.0,29.185421630740166,0.29185421831905844,41.83337600529194,0.41833377890288825,2.480374563932419,0.001875,0.0005387351176022468,nan,nan,nan,nan,nan,nan,nan,nan,nan,nan,5536,-0.0017446938123088286,0.03354144636541605,1.1720963954925536,0.006212766375392675,0.08941085860133172,0.08941085860133172,0.11521787196397781,0.0021522671329893056,0.01860624999681022,0.8275175094604492,1.0,0.007519230769230769,0.0005098076923076923,1,0.0,0.0,0.03125,0.58125,0.0,0.58625,16.219375
173,556800,-34.285818785429,-0.3428581987321377,-34.285818785429,-0.3428581987321377,0.0,34.285818785429,0.3428581987321377,36.732978850603104,0.367329798489809,2.5316482305526735,0.0,0.0,nan,nan,nan,nan,nan,nan,nan,nan,nan,nan,5568,-0.0014658441113541087,0.018905008025467396,1.122652518749237,-0.000438631372526288,0.05635611303150654,0.05635611303150654,0.07216879390180111,0.002121418150274553,0.014031250262632966,0.8739410042762756,1.0,0.007504807692307693,0.0005087019230769231,1,0.0,0.0,0.0,0.5503125,0.0,0.5528125,16.7
174,560000,-34.05814978480339,-0.34058154188096523,-34.05814978480339,-0.34058154188096523,0.0,34.05814978480339,0.34058154188096523,36.960647851228714,0.36960645534098147,2.810468073487282,0.0,0.0,nan,nan,nan,nan,nan,nan,nan,nan,nan,nan,5600,-0.0011625489901343933,0.019089888781309128,1.1292101621627808,-7.582297548651696e-05,0.045340172946453094,0.045340172946453094,0.07077545523643494,0.0013701256262736955,0.0064562499370367735,0.8710834383964539,1.0,0.007490384615384616,0.0005075961538461538,1,0.0,0.0,0.0,0.515,0.0,0.5178125,19.0734375
175,563200,-33.28736092150211,-0.33287358850240706,-33.28736092150211,-0.33287358850240706,0.0,33.28736092150211,0.33287358850240706,37.73143671452999,0.37731440871953964,2.8088624012470245,0.0021875,0.0005743184629835435,nan,nan,nan,nan,nan,nan,nan,nan,nan,nan,5632,-0.0017698919512331378,0.039159998297691345,1.1145786762237548,0.00947756003588438,0.11963362991809845,0.11963362991809845,0.12477355375885964,0.003252674604302134,0.03517500029411167,0.8301401138305664,1.0,0.007475961538461539,0.0005064903846153846,1,0.0,0.0,0.0625,0.5540625,0.0,0.5565625,17.9903125
176,566400,-20.46085175871849,-0.20460852570831775,-20.46085175871849,-0.20460852570831775,0.0,20.46085175871849,0.20460852570831775,50.557945877313614,0.5055794715136289,2.532449761033058,0.0065625,0.001857775890372694,nan,nan,nan,nan,nan,nan,nan,nan,nan,nan,5664,-0.0013476601464441629,0.07705404683947563,1.1469841837882995,0.028621097281575202,0.08238241635262966,0.08238241635262966,0.1340062279254198,0.0016919167668692132,0.009974999981932343,0.6373534798622131,1.0,0.007461538461538461,0.0005053846153846154,1,0.0,0.0,0.0625,0.6090625,0.0,0.6146875,12.88
177,569600,-35.59478318691254,-0.3559478223323822,-35.59478318691254,-0.3559478223323822,0.0,35.59478318691254,0.3559478223323822,35.42401444911957,0.3542401748895645,3.059007338285446,0.0015625,0.00038494633534218034,nan,nan,nan,nan,nan,nan,nan,nan,nan,nan,5696,-0.001762411868199698,0.03912474438548088,1.0640435814857483,0.009875904768705368,0.078481662645936,0.078481662645936,0.12953689992427825,0.0022076834895432586,0.021456249989569187,0.7825111150741577,1.0,0.0074471153846153845,0.0005042788461538461,1,0.0,0.0,0.03125,0.54,0.0,0.5446875,18.77125
178,572800,-29.709424674510956,-0.297094214707613,-29.709424674510956,-0.297094214707613,0.0,29.709424674510956,0.297094214707613,41.30937296152115,0.4130937825143337,2.690594793558121,0.0025,0.0006773975848997872,nan,nan,nan,nan,nan,nan,nan,nan,nan,nan,5728,-0.0011910190234659447,0.029139506071805953,1.082053291797638,0.005336164869368077,0.0744279932230711,0.0744279932230711,0.11274425983428955,0.002176010839322629,0.02231250044424087,0.8536193370819092,1.0,0.007432692307692308,0.000503173076923077,1,0.0,0.0,0.0625,0.5696875,0.0,0.5725,16.193125
179,576000,-36.84370627254248,-0.36843705400824545,-36.84370627254248,-0.36843705400824545,0.0,36.84370627254248,0.36843705400824545,34.17509136348963,0.34175094321370125,2.70000974714756,0.0025,0.0006756738957045504,nan,nan,nan,nan,nan,nan,nan,nan,nan,nan,5760,-0.0015187193308200619,0.058310382440686225,1.0609990119934083,0.019765695091336966,0.11277560442686081,0.11277560442686081,0.10266908034682273,0.002199603416740385,0.02316874968528282,0.7639107704162598,1.0,0.007418269230769231,0.0005020673076923078,1,0.0,0.0,0.03125,0.50625,0.0,0.506875,20.4796875
180,579200,-33.15201286971569,-0.3315201222896576,-33.15201286971569,-0.3315201222896576,0.0,33.15201286971569,0.3315201222896576,37.866784766316414,0.3786678749322891,2.4288903105258943,0.0015625,0.00045568678449803106,-29.282729603350163,-0.2928272960335016,-29.282729603350163,-0.2928272960335016,100.0,2.3740454095602037,0.0,0.0,29.282729603350163,24.9089582785964,5792,-0.001426164830943133,0.0350355576723814,1.097295868396759,0.007967404183000326,0.10507125034928322,0.10507125034928322,0.10734275877475738,0.0025945645065821167,0.0271375001873821,0.8310410380363464,1.0,0.007403846153846154,0.0005009615384615384,1,0.0,0.0,0.0625,0.5734375,0.0,0.575625,16.616875
181,582400,-32.74698765575886,-0.32746987134218214,-32.74698765575886,-0.32746987134218214,0.0,32.74698765575886,0.32746987134218214,38.27180998027325,0.38271812587976456,2.427536609172821,0.0,0.0,nan,nan,nan,nan,nan,nan,nan,nan,nan,nan,5824,-0.001796646635979382,0.025286506861448288,1.0907883524894715,0.002786310203373432,0.0807398971170187,0.0807398971170187,0.08025711700320244,0.0025953950505954626,0.021487499866634608,0.8392868638038635,1.0,0.007389423076923076,0.0004998557692307693,1,0.0,0.0,0.0,0.575625,0.0,0.5775,16.7590625
182,585600,-34.524939715862274,-0.3452493750303984,-34.524939715862274,-0.3452493750303984,0.0,34.524939715862274,0.3452493750303984,36.49385792016983,0.3649386221915483,2.951611017584801,0.0,0.0,nan,nan,nan,nan,nan,nan,nan,nan,nan,nan,5856,-0.0010380631048639622,0.021556791104376315,1.0628695130348205,0.001901669753715396,0.05508661046624184,0.05508661046624184,0.09271888062357903,0.0014424003464245706,0.009981250134296715,0.8958907127380371,1.0,0.007375,0.00049875,1,0.0,0.0,0.0,0.5396875,0.0,0.5396875,18.6475
183,588800,-30.71820256114006,-0.3071820385754108,-30.71820256114006,-0.3071820385754108,0.0,30.71820256114006,0.3071820385754108,40.300595074892044,0.4030059586465359,2.4047978788614275,0.0,0.0,nan,nan,nan,nan,nan,nan,nan,nan,nan,nan,5888,-0.0010027692573727153,0.029062705114483833,1.0509880542755128,0.0057927048299461605,0.05375135838985443,0.05375135838985443,0.08795023411512375,0.0019510798440042381,0.014006249664817005,0.8363587856292725,1.0,0.007360576923076923,0.0004976442307692308,1,0.0,0.0,0.0,0.61375,0.0,0.6153125,13.695625
184,592000,-31.5127160102129,-0.31512715242803097,-31.5127160102129,-0.31512715242803097,0.0,31.5127160102129,0.31512715242803097,39.506081625819206,0.39506084479391573,2.6699948954582213,0.0,0.0,nan,nan,nan,nan,nan,nan,nan,nan,nan,nan,5920,-0.0017945026780246565,0.012760489620268345,1.0581352829933166,-0.003187482291832566,0.09809455946087837,0.09809455946087837,0.054219815880060196,0.003335095454533038,0.03702500052750111,0.913244366645813,1.0,0.007346153846153846,0.0004965384615384616,1,0.0,0.0,0.0,0.568125,0.0,0.5728125,15.909375
185,595200,-32.9558846950531,-0.32955883637070654,-32.9558846950531,-0.32955883637070654,0.0,32.9558846950531,0.32955883637070654,38.062912940979004,0.38062916085124016,2.6972848999500276,0.0003125,8.452148223801302e-05,nan,nan,nan,nan,nan,nan,nan,nan,nan,nan,5952,-0.0013138137810281502,0.038042917102575305,1.0976931571960449,0.009659654181450605,0.05909037813544273,0.05909037813544273,0.09574175775051116,0.0018746068919444664,0.020193750213366002,0.8398544788360596,1.0,0.007331730769230769,0.0004954326923076924,1,0.0,0.0,0.03125,0.600625,0.0,0.6075,14.0015625
186,598400,-28.30538022518158,-0.28305377781391144,-28.30538022518158,-0.28305377781391144,0.0,28.30538022518158,0.28305377781391144,42.713417410850525,0.42713421940803525,2.615456408858299,0.0,0.0,nan,nan,nan,nan,nan,nan,nan,nan,nan,nan,5984,-0.0014812805599183799,0.02567971870303154,1.0928141474723816,0.0033621211536228658,0.10743352770805359,0.10743352770805359,0.09229682013392448,0.0027175845010805116,0.028818749636411668,0.8325478434562683,1.0,0.007317307692307692,0.0004943269230769231,1,0.0,0.0,0.0,0.6321875,0.0,0.6390625,13.578125
187,601600,-31.427337741479278,-0.31427336879074574,-31.427337741479278,-0.31427336879074574,0.0,31.427337741479278,0.31427336879074574,39.59145989455283,0.39591462843120095,2.585714471936226,0.0015625,0.0004357569494807756,nan,nan,nan,nan,nan,nan,nan,nan,nan,nan,6016,-0.0017007569280453438,0.0363035723567009,1.0842302322387696,0.008533021062612533,0.08745868876576424,0.08745868876576424,0.10667802169919013,0.0020950775684485923,0.020056250161724166,0.7783007621765137,1.0,0.007302884615384616,0.0004932211538461539,1,0.0,0.0,0.03125,0.5934375,0.0,0.59625,15.60625
188,604800,-26.080514861270785,-0.26080515660345555,-26.080514861270785,-0.26080515660345555,0.0,26.080514861270785,0.26080515660345555,44.93828277476132,0.44938284061849115,2.479294463992119,0.003125,0.0008981706010632961,nan,nan,nan,nan,nan,nan,nan,nan,nan,nan,6048,-0.0012545225789304837,0.03366431910544634,1.1316003561019898,0.007330011110752821,0.07240045964717864,0.07240045964717864,0.08330505564808846,0.0030126875120929904,0.02905000022146851,0.7916739583015442,1.0,0.007288461538461539,0.0004921153846153847,1,0.0,0.0,0.09375,0.574375,0.0,0.57875,14.7396875
189,608000,-26.91736540198326,-0.2691736470162869,-26.91736540198326,-0.2691736470162869,0.0,26.91736540198326,0.2691736470162869,44.10143223404884,0.4410143502056598,2.4904811960458755,0.0003125,8.952920312362937e-05,nan,nan,nan,nan,nan,nan,nan,nan,nan,nan,6080,-0.0009357320642404465,0.017156349215656518,1.1440113663673401,-0.0006791404448449612,0.06919432282447815,0.06919432282447815,0.06318688169121742,0.0017443327815288828,0.011156250081694453,0.8901784420013428,1.0,0.007274038461538462,0.0004910096153846154,1,0.0,0.0,0.03125,0.6359375,0.0,0.6371875,13.46875
190,611200,-28.41228999197483,-0.2841229137778282,-28.41228999197483,-0.2841229137778282,0.0,28.41228999197483,0.2841229137778282,42.606507644057274,0.4260650834441185,2.540422271490097,0.0025,0.0007061304579772054,nan,nan,nan,nan,nan,nan,nan,nan,nan,nan,6112,-0.0017843250687816226,0.04055463410913944,1.17479088306427,0.009964462090283632,0.07192761227488517,0.07192761227488517,0.09998289570212364,0.0019542950743941965,0.018587499996647237,0.7724997997283936,1.0,0.007259615384615385,0.0004899038461538462,1,0.0,0.0,0.03125,0.61625,0.0,0.6196875,15.87
191,614400,-28.442650839686394,-0.28442647665739057,-28.442650839686394,-0.28442647665739057,0.0,28.442650839686394,0.28442647665739057,42.57614679634571,0.42576152056455613,2.8875711488723756,0.0059375,0.0015273032370667287,nan,nan,nan,nan,nan,nan,nan,nan,nan,nan,6144,-0.0018081148189375896,0.06466542445123195,1.1340962529182435,0.022307851910591127,0.08175732977688313,0.08175732977688313,0.13824177160859108,0.0013800827378888116,0.0077437499159714205,0.7820258736610413,1.0,0.0072451923076923075,0.0004887980769230769,1,0.0,0.0,0.09375,0.5396875,0.0,0.5478125,18.495625
192,617600,-27.312688186764717,-0.27312687374651434,-27.312688186764717,-0.27312687374651434,0.0,27.312688186764717,0.27312687374651434,43.70610944926739,0.43706112347543236,2.092789120078087,0.0,0.0,nan,nan,nan,nan,nan,nan,nan,nan,nan,nan,6176,-0.0014640073625836526,0.02807602155953646,1.1301575779914856,0.004402094613760709,0.07894425503909588,0.07894425503909588,0.116498401761055,0.0027052260993530347,0.029349999862461118,0.8211880922317505,1.0,0.00723076923076923,0.0004876923076923077,1,0.0,0.0,0.0,0.62,0.0,0.6215625,13.3325
193,620800,-35.04561586678028,-0.3504561534523964,-35.04561586678028,-0.3504561534523964,0.0,35.04561586678028,0.3504561534523964,35.97318176925182,0.3597318437695503,2.9314763432741167,0.0,0.0,nan,nan,nan,nan,nan,nan,nan,nan,nan,nan,6208,-0.001721091386466278,0.0194665789604187,1.1442559242248536,-0.0002451485022902489,0.06966172568500043,0.06966172568500043,0.09465855881571769,0.0019323925454971668,0.015462499915156514,0.9055581092834473,1.0,0.007216346153846153,0.0004865865384615385,1,0.0,0.0,0.0,0.548125,0.0,0.551875,17.0984375
194,624000,-31.47965759038925,-0.314796581864357,-31.47965759038925,-0.314796581864357,0.0,31.47965759038925,0.314796581864357,39.53914004564285,0.3953914153575897,2.8190949833393097,0.0,0.0,nan,nan,nan,nan,nan,nan,nan,nan,nan,nan,6240,-0.001861409442278017,0.02116969507187605,1.1523370027542115,0.0004243956413120031,0.06357620842754841,0.06357620842754841,0.09506220296025276,0.002020919042844754,0.020493749505840243,0.823481559753418,1.0,0.007201923076923076,0.0004854807692307692,1,0.0,0.0,0.0,0.5684375,0.0,0.5703125,15.6703125
195,627200,-34.951638117432594,-0.3495163727551699,-34.951638117432594,-0.3495163727551699,0.0,34.951638117432594,0.3495163727551699,36.06715951859951,0.3606716244667768,3.0483286207914353,0.0,0.0,nan,nan,nan,nan,nan,nan,nan,nan,nan,nan,6272,-0.0014130561846424916,0.023111586272716523,1.165367305278778,0.0017666590865701437,0.07746398746967316,0.07746398746967316,0.08884868323802948,0.0020819752899129914,0.02010624995455146,0.8507934808731079,1.0,0.0071874999999999994,0.000484375,1,0.0,0.0,0.0,0.5396875,0.0,0.541875,18.4796875
196,630400,-31.352396592497826,-0.3135239940136671,-31.352396592497826,-0.3135239940136671,0.0,31.352396592497826,0.3135239940136671,39.66640104353428,0.3966640032082796,2.8714737713336946,0.005625,0.0014529350661369013,nan,nan,nan,nan,nan,nan,nan,nan,nan,nan,6304,-0.0019379363878048394,0.06857041046023368,1.1556919813156128,0.02405740153044462,0.08660755157470704,0.08660755157470704,0.12029757127165794,0.002535800067563943,0.023081249883398415,0.6878199577331543,1.0,0.007173076923076923,0.0004832692307692308,1,0.0,0.0,0.0625,0.496875,0.0,0.4978125,20.59875
197,633600,-31.601590380072594,-0.31601592905819414,-31.601590380072594,-0.31601592905819414,0.0,31.601590380072594,0.31601592905819414,39.41720725595951,0.39417206816375255,2.864796767234802,0.000625,0.00016171613609767562,nan,nan,nan,nan,nan,nan,nan,nan,nan,nan,6336,-0.0016589937624055917,0.02542684245854616,1.1546775460243226,0.002788490802049637,0.07628174498677254,0.07628174498677254,0.11097588911652564,0.0023994368748405997,0.02022499991580844,0.8494789004325867,1.0,0.007158653846153846,0.00048216346153846155,1,0.0,0.0,0.03125,0.5821875,0.0,0.5828125,16.84375
198,636800,-30.593356013298035,-0.30593352049589156,-30.593356013298035,-0.30593352049589156,0.0,30.593356013298035,0.30593352049589156,40.42544162273407,0.40425447672605513,2.3245053625106813,0.0,0.0,nan,nan,nan,nan,nan,nan,nan,nan,nan,nan,6368,-0.0010484814896976058,0.022827452421188353,1.168280565738678,0.0020187785383313896,0.06808880008757115,0.06808880008757115,0.09076377898454666,0.001724284767262147,0.014725000270846066,0.7947202920913696,1.0,0.007144230769230769,0.0004810576923076923,1,0.0,0.0,0.0,0.5996875,0.0,0.6009375,15.8325
199,640000,-33.5098494887352,-0.33509847946465016,-33.5098494887352,-0.33509847946465016,0.0,33.5098494887352,0.33509847946465016,37.508948147296906,0.37508951775729654,3.3705464720726015,0.009375,0.0021450406853937842,nan,nan,nan,nan,nan,nan,nan,nan,nan,nan,6400,-0.001804798655345774,0.1243899293243885,1.0968602061271668,0.05256976410746574,0.08432358838617801,0.08432358838617801,0.1408034883439541,0.0026103985524985754,0.02419374993769452,0.6116193532943726,1.0,0.007129807692307692,0.0004799519230769231,1,0.0,0.0,0.09375,0.498125,0.0,0.501875,20.9178125
200,643200,-37.464710757136345,-0.37464710012078284,-37.464710757136345,-0.37464710012078284,0.0,37.464710757136345,0.37464710012078284,33.55408687889576,0.33554089710116386,3.0504283702373503,0.0,0.0,-29.10381107404828,-0.2910381107404828,-29.10381107404828,-0.2910381107404828,100.0,2.115825738310814,0.0,0.0,29.10381107404828,25.087876807898283,6432,-0.0007142389166009622,0.043346550315618515,1.1209495544433594,0.012983049079775811,0.056689636781811714,0.056689636781811714,0.10113876089453697,0.0020052912877888697,0.012462499918183313,0.7891764044761658,1.0,0.007115384615384615,0.0004788461538461538,1,0.0,0.0,0.0,0.570625,0.0,0.57125,17.6028125
201,646400,-41.73643710464239,-0.4173643462359905,-41.73643710464239,-0.4173643462359905,0.0,41.73643710464239,0.4173643462359905,29.282360531389713,0.2928236509859562,3.3640505504608154,0.000625,0.00014321557295755982,nan,nan,nan,nan,nan,nan,nan,nan,nan,nan,6464,-0.001595512506575325,0.04001459851861,1.1394234418869018,0.01032078480347991,0.07725771479308605,0.07725771479308605,0.10728155374526978,0.0022988181000999533,0.021331249712966384,0.7961544394493103,1.0,0.007100961538461539,0.0004777403846153846,1,0.0,0.0,0.03125,0.466875,0.0,0.471875,22.3790625
202,649600,-33.5976842045784,-0.33597686134278776,-33.5976842045784,-0.33597686134278776,0.0,33.5976842045784,0.33597686134278776,37.421113431453705,0.37421113587915894,2.81152148604393,0.0,0.0,nan,nan,nan,nan,nan,nan,nan,nan,nan,nan,6496,-0.0013240362954791251,0.026125594228506088,1.143903124332428,0.0036324476823210716,0.07039376758038998,0.07039376758038998,0.10741395950317383,0.002587255287655158,0.027031250396976247,0.7949228286743164,1.0,0.007086538461538462,0.00047663461538461537,1,0.0,0.0,0.0,0.5540625,0.0,0.5559375,17.9765625
203,652800,-25.49904589354992,-0.2549904603511095,-25.49904589354992,-0.2549904603511095,0.0,25.49904589354992,0.2549904603511095,45.519751742482185,0.4551975368708372,2.475279723405838,0.0025,0.0007193665543416902,nan,nan,nan,nan,nan,nan,nan,nan,nan,nan,6528,-0.0011562175011902375,0.029907380789518358,1.174433743953705,0.005491742119193077,0.07371618673205375,0.07371618673205375,0.07484279535710811,0.0019435354908653175,0.015443749888800085,0.8429570198059082,1.0,0.007072115384615385,0.0004755288461538461,1,0.0,0.0,0.03125,0.6140625,0.0,0.6153125,14.1540625
204,656000,-33.02733588218689,-0.3302733678370714,-33.02733588218689,-0.3302733678370714,0.0,33.02733588218689,0.3302733678370714,37.991461753845215,0.3799146293848753,2.8453899270296095,0.0003125,8.126614099740783e-05,nan,nan,nan,nan,nan,nan,nan,nan,nan,nan,6560,-0.00122632769511547,0.020224081352353096,1.1387935400009155,0.0008484585210680962,0.06297913677990437,0.06297913677990437,0.08564201220870019,0.0019403383812476097,0.01671250012004748,0.8460562229156494,1.0,0.007057692307692307,0.0004744230769230769,1,0.0,0.0,0.03125,0.505,0.0,0.5078125,18.9275
205,659200,-34.99368444085121,-0.34993685968220234,-34.99368444085121,-0.34993685968220234,0.0,34.99368444085121,0.34993685968220234,36.02511319518089,0.36025113753974436,2.997428560256958,0.0,0.0,nan,nan,nan,nan,nan,nan,nan,nan,nan,nan,6592,-0.000995456086465829,0.016086733527481557,1.1556748628616333,-0.0010918187908828259,0.05079469084739685,0.05079469084739685,0.08936003521084786,0.001504915577244692,0.007937499877880328,0.8753244876861572,1.0,0.0070432692307692306,0.00047331730769230773,1,0.0,0.0,0.0,0.5321875,0.0,0.533125,18.9790625
206,662400,-31.33406926691532,-0.31334068536758425,-31.33406926691532,-0.31334068536758425,0.0,31.33406926691532,0.31334068536758425,39.68472836911678,0.39684731185436245,2.920872302055359,0.0021875,0.0005579115644376613,nan,nan,nan,nan,nan,nan,nan,nan,nan,nan,6624,-0.0017783259073970825,0.03410617355257273,1.1518739819526673,0.007178415730595589,0.07783162035048008,0.07783162035048008,0.09619223475456237,0.0033907062126689175,0.04320624972460792,0.7582778334617615,1.0,0.007028846153846154,0.0004722115384615385,1,0.0,0.0,0.03125,0.536875,0.0,0.539375,17.4303125
207,665600,-31.469271168112755,-0.314692731872201,-31.469271168112755,-0.314692731872201,0.0,31.469271168112755,0.314692731872201,39.54952646791935,0.3954952653497457,2.47827521443367,0.0015625,0.00044921689736227645,nan,nan,nan,nan,nan,nan,nan,nan,nan,nan,6656,-0.001282001717353687,0.036227329075336455,1.1526380777359009,0.00874657165259123,0.09191999137401581,0.09191999137401581,0.09425043389201164,0.0020153172663429204,0.013975000008940697,0.7936057448387146,1.0,0.007014423076923077,0.00047110576923076923,1,0.0,0.0,0.03125,0.57625,0.0,0.5775,16.3603125
208,668800,-36.58208221197128,-0.36582080587744714,-36.58208221197128,-0.36582080587744714,0.0,36.58208221197128,0.36582080587744714,34.43671542406082,0.34436719134449956,3.350349143743515,0.0025,0.0005746665192598146,nan,nan,nan,nan,nan,nan,nan,nan,nan,nan,6688,-0.001403231891267942,0.054680588841438296,1.1163386702537537,0.018122691474854947,0.07844185717403888,0.07844185717403888,0.12212828025221825,0.00160851869186616,0.012693750282051042,0.7591887712478638,1.0,0.007,0.00047000000000000004,1,0.0,0.0,0.03125,0.51125,0.0,0.511875,20.53125
209,672000,-26.50687739253044,-0.26506878837943076,-26.50687739253044,-0.26506878837943076,0.0,26.50687739253044,0.26506878837943076,44.51192024350166,0.44511920884251593,2.274137092232704,0.0,0.0,nan,nan,nan,nan,nan,nan,nan,nan,nan,nan,6720,-0.0014176234145066747,0.017075193393975497,1.1296257734298707,-0.0007711142301559448,0.06415735706686973,0.06415735706686973,0.07473315969109535,0.0021072511830442565,0.011168750253273175,0.8513724207878113,1.0,0.006985576923076923,0.0004688942307692308,1,0.0,0.0,0.0,0.6334375,0.0,0.63375,13.3446875
210,675200,-31.9452353566885,-0.3194523811340332,-31.9452353566885,-0.3194523811340332,0.0,31.9452353566885,0.3194523811340332,39.073562279343605,0.3907356160879135,3.141074913740158,0.00375,0.0009055619804310797,nan,nan,nan,nan,nan,nan,nan,nan,nan,nan,6752,-0.0007879788309241076,0.05243016928434372,1.1516316533088684,0.01739890454337001,0.0566034022718668,0.0566034022718668,0.1257881410419941,0.0011858671263342267,0.004424999904586002,0.7122024297714233,1.0,0.006971153846153846,0.00046778846153846154,1,0.0,0.0,0.03125,0.5253125,0.0,0.5253125,18.245625
211,678400,-30.520871981978416,-0.30520873464643955,-30.520871981978416,-0.30520873464643955,0.0,30.520871981978416,0.30520873464643955,40.49792565405369,0.40497926257550715,2.485620741248131,0.0,0.0,nan,nan,nan,nan,nan,nan,nan,nan,nan,nan,6784,-0.0011766224788035905,0.016090794838964938,1.1533873319625854,-0.001155030494555831,0.044485466182231904,0.044485466182231904,0.07364754788577557,0.0014234112582942912,0.007687500210886355,0.8294813632965088,1.0,0.006956730769230769,0.0004666826923076923,1,0.0,0.0,0.0,0.58,0.0,0.5821875,16.00125
212,681600,-29.6769777238369,-0.2967697701603174,-29.6769777238369,-0.2967697701603174,0.0,29.6769777238369,0.2967697701603174,41.341819912195206,0.4134182270616293,2.564344812631607,0.0,0.0,nan,nan,nan,nan,nan,nan,nan,nan,nan,nan,6816,-0.0012435150164995079,0.0142787198536098,1.1570502758026122,-0.002136754058301449,0.06737630628049374,0.06737630628049374,0.06517366133630276,0.00129443603909907,0.008787499973550439,0.849405825138092,1.0,0.006942307692307692,0.00046557692307692305,1,0.0,0.0,0.0,0.569375,0.0,0.57125,15.8478125
213,684800,-36.99403741955757,-0.3699404349923134,-36.99403741955757,-0.3699404349923134,0.0,36.99403741955757,0.3699404349923134,34.02476021647453,0.3402475622296333,3.447489274740219,0.0040625,0.0009134367165477411,nan,nan,nan,nan,nan,nan,nan,nan,nan,nan,6848,-0.0009442084182301081,0.05382671765983105,1.135615873336792,0.01810173410922289,0.03795787207782268,0.03795787207782268,0.09781309068202973,0.00113040874857849,0.004693749896250665,0.7224659323692322,1.0,0.006927884615384615,0.00046447115384615385,1,0.0,0.0,0.09375,0.4378125,0.0,0.43875,25.21125
214,688000,-43.350069493055344,-0.4335006810724735,-43.350069493055344,-0.4335006810724735,0.0,43.350069493055344,0.4335006810724735,27.66872814297676,0.2766873161494732,3.4352399110794067,0.0003125,7.045842079914607e-05,nan,nan,nan,nan,nan,nan,nan,nan,nan,nan,6880,-0.0016501039443244992,0.026625992357730867,1.1648907899856566,0.003609464131295681,0.06691548824310303,0.06691548824310303,0.1074950248003006,0.001586129459612201,0.01259999999165302,0.8661816716194153,1.0,0.0069134615384615385,0.0004633653846153846,1,0.0,0.0,0.03125,0.4465625,0.0,0.449375,23.7096875
215,691200,-30.54456913471222,-0.3054457148909569,-30.54456913471222,-0.3054457148909569,0.0,30.54456913471222,0.3054457148909569,40.474228501319885,0.4047422823309898,2.826639211177826,0.0,0.0,nan,nan,nan,nan,nan,nan,nan,nan,nan,nan,6912,-0.0012250673767470245,0.027483887411653994,1.1864330768585205,0.00433162935078144,0.05889899730682373,0.05889899730682373,0.1386225439608097,0.002104457654060456,0.017931250401306897,0.7358620762825012,1.0,0.006899038461538462,0.00046225961538461536,1,0.0,0.0,0.0,0.57,0.0,0.5765625,15.5609375
216,694400,-37.83488301932812,-0.37834885001182555,-37.83488301932812,-0.37834885001182555,0.0,37.83488301932812,0.37834885001182555,33.18391461670399,0.33183914721012114,2.952063596248627,0.0,0.0,nan,nan,nan,nan,nan,nan,nan,nan,nan,nan,6944,-0.001051825052419808,0.025346468202769756,1.1730095386505126,0.003545689582824707,0.0578366756439209,0.0578366756439209,0.09023387357592583,0.0013640831988611906,0.007306250184774399,0.8407089710235596,1.0,0.006884615384615385,0.00046115384615384616,1,0.0,0.0,0.0,0.49875,0.0,0.49875,20.7671875
217,697600,-34.972836062312126,-0.3497283440828323,-34.972836062312126,-0.3497283440828323,0.0,34.972836062312126,0.3497283440828323,36.04596157371998,0.3604596531391144,2.8472119104862212,0.0,0.0,nan,nan,nan,nan,nan,nan,nan,nan,nan,nan,6976,-0.0013884744328912292,0.01950484048575163,1.1553460359573364,0.0004264961928129196,0.08149797022342682,0.08149797022342682,0.06623967252671718,0.0019117217074397098,0.017956249858252706,0.8537533283233643,1.0,0.006870192307692308,0.00046004807692307697,1,0.0,0.0,0.0,0.525,0.0,0.5284375,18.16875
218,700800,-35.096576884388924,-0.3509657834470272,-35.096576884388924,-0.3509657834470272,0.0,35.096576884388924,0.3509657834470272,35.92222075164318,0.3592222137749195,3.0765424329042435,0.0,0.0,nan,nan,nan,nan,nan,nan,nan,nan,nan,nan,7008,-0.001998058289662008,0.01743623334914446,1.156548845767975,-0.0012089732103049756,0.08078217208385467,0.08078217208385467,0.07576632350683213,0.0024295616014585342,0.025293750152923167,0.8685885071754456,1.0,0.006855769230769231,0.0004589423076923077,1,0.0,0.0,0.0,0.4846875,0.0,0.49125,20.876875
219,704000,-27.782468393445015,-0.27782469630241396,-27.782468393445015,-0.27782469630241396,0.0,27.782468393445015,0.27782469630241396,43.23632924258709,0.43236330091953273,2.959630096554756,0.005625,0.0014205872424533467,nan,nan,nan,nan,nan,nan,nan,nan,nan,nan,7040,-0.0011402828232734419,0.07118170335888863,1.1057568669319153,0.026885703206062317,0.08053860254585743,0.08053860254585743,0.1120128758251667,0.0019966607353142088,0.021481250389479102,0.6342774033546448,1.0,0.0068413461538461545,0.00045783653846153847,1,0.0,0.0,0.0625,0.5403125,0.0,0.543125,18.3225
220,707200,-32.21884402632713,-0.3221884237974882,-32.21884402632713,-0.3221884237974882,0.0,32.21884402632713,0.3221884237974882,38.79995360970497,0.3879995734244585,3.070004389286041,0.005625,0.0013820623915805498,-29.790966250002384,-0.2979096625000238,-29.790966250002384,-0.2979096625000238,100.0,2.544440465569496,0.0,0.0,29.790966250002384,24.40072163194418,7072,-0.0013160624261712606,0.11041553393006324,1.1014660835266112,0.046372079849243165,0.05294033959507942,0.05294033959507942,0.12996839880943298,0.002264463987377698,0.022699999797623605,0.5268873572349548,1.0,0.006826923076923076,0.0004567307692307692,1,0.0,0.0,0.03125,0.4934375,0.0,0.495625,20.94875
221,710400,-33.27960787713528,-0.3327960605174303,-33.27960787713528,-0.3327960605174303,0.0,33.27960787713528,0.3327960605174303,37.73918975889683,0.3773919367045164,2.9457557874917986,0.0,0.0,nan,nan,nan,nan,nan,nan,nan,nan,nan,nan,7104,-0.0018008376483106936,0.013518309127539397,1.1476080536842346,-0.0028597628232091667,0.06555674001574516,0.06555674001574516,0.06017368286848068,0.0025980607475519822,0.023931250302121045,0.9046196937561035,1.0,0.006812499999999999,0.000455625,1,0.0,0.0,0.0,0.5321875,0.0,0.533125,18.2890625
222,713600,-24.531143486499786,-0.24531143695116042,-24.531143486499786,-0.24531143695116042,0.0,24.531143486499786,0.24531143695116042,46.48765414953232,0.4648765602707863,2.423326725959778,0.0028125,0.0008215692585438148,nan,nan,nan,nan,nan,nan,nan,nan,nan,nan,7136,-0.0024842510669492055,0.028312895447015762,1.1458585023880006,0.0038825624156743287,0.09893008098006248,0.09893008098006248,0.08767821826040745,0.0035395690094462825,0.04350625067017973,0.74471515417099,1.0,0.006798076923076922,0.0004545192307692308,1,0.0,0.0,0.0625,0.6053125,0.0,0.608125,12.868125
223,716800,-29.22466456145048,-0.2922466875612736,-29.22466456145048,-0.2922466875612736,0.0,29.22466456145048,0.2922466875612736,41.79413307458162,0.4179413096606731,2.7654689717292786,0.0028125,0.0007469189153106655,nan,nan,nan,nan,nan,nan,nan,nan,nan,nan,7168,-0.0010996809303295053,0.05251560099422932,1.1276862978935243,0.017508285492658614,0.08359022326767444,0.08359022326767444,0.09841348826885224,0.0037588689243437667,0.0486312494147569,0.7195638418197632,1.0,0.0067836538461538455,0.00045341346153846153,1,0.0,0.0,0.03125,0.6046875,0.0,0.606875,14.3359375
224,720000,-32.83811282366514,-0.32838114984333516,-32.83811282366514,-0.32838114984333516,0.0,32.83811282366514,0.32838114984333516,38.18068481236696,0.38180684737861154,2.6707067131996154,0.0,0.0,nan,nan,nan,nan,nan,nan,nan,nan,nan,nan,7200,-0.0016340420167194724,0.01854577511548996,1.1509220719337463,-0.00015201144851744174,0.07899734042584897,0.07899734042584897,0.06858884058892727,0.0026778912397292247,0.02337500035064295,0.855902910232544,1.0,0.006769230769230769,0.0004523076923076923,1,0.0,0.0,0.0,0.535625,0.0,0.5378125,18.550625
225,723200,-29.940247058868408,-0.2994024895131588,-29.940247058868408,-0.2994024895131588,0.0,29.940247058868408,0.2994024895131588,41.078550577163696,0.4107855077087879,2.6360338163375854,0.0,0.0,nan,nan,nan,nan,nan,nan,nan,nan,nan,nan,7232,-0.0018316623950143552,0.016617043502628805,1.1726057171821593,-0.0014438665937632322,0.09209847450256348,0.09209847450256348,0.085128902643919,0.0027328213924208964,0.029918750072829424,0.8633878827095032,1.0,0.006754807692307692,0.0004512019230769231,1,0.0,0.0,0.0,0.55625,0.0,0.560625,17.2815625
226,726400,-31.077867224812508,-0.3107787072658539,-31.077867224812508,-0.3107787072658539,0.0,31.077867224812508,0.3107787072658539,39.9409304112196,0.3994092899560928,2.8082184481620787,0.0025,0.0006564749459702211,nan,nan,nan,nan,nan,nan,nan,nan,nan,nan,7264,-0.0014709163672290693,0.04188061617314816,1.195213532447815,0.01141319265589118,0.10575525276362896,0.10575525276362896,0.11265792399644851,0.003122287442967492,0.0281125003224588,0.7766122221946716,1.0,0.006740384615384615,0.00045009615384615384,1,0.0,0.0,0.03125,0.549375,0.0,0.5553125,17.4709375
227,729600,-30.61669409275055,-0.30616693146526813,-30.61669409275055,-0.30616693146526813,0.0,30.61669409275055,0.30616693146526813,40.402103543281555,0.40402106575667857,2.579187034368515,0.003125,0.0008731032969198694,nan,nan,nan,nan,nan,nan,nan,nan,nan,nan,7296,-0.0017950235099997158,0.05027607716619968,1.1803559422492982,0.015403986629098653,0.0881984993815422,0.0881984993815422,0.11762924119830132,0.0032500785331664923,0.034556250594323504,0.7102260589599609,1.0,0.006725961538461538,0.00044899038461538465,1,0.0,0.0,0.0625,0.54875,0.0,0.553125,17.9865625
228,732800,-22.48613815754652,-0.22486136645078658,-22.48613815754652,-0.22486136645078658,0.0,22.48613815754652,0.22486136645078658,48.532659478485584,0.4853266307711601,2.2257321459054946,0.004375,0.0013562812416255024,nan,nan,nan,nan,nan,nan,nan,nan,nan,nan,7328,-0.0014625563608948512,0.07816294729709625,1.1904800295829774,0.0296289648860693,0.0842833437025547,0.0842833437025547,0.18903641179203987,0.002348892542797098,0.02078124980762368,0.5121732950210571,1.0,0.0067115384615384615,0.0004478846153846154,1,0.0,0.0,0.03125,0.6284375,0.0,0.6296875,14.111875
229,736000,-29.687674552202225,-0.29687675058841706,-29.687674552202225,-0.29687675058841706,0.0,29.687674552202225,0.29687675058841706,41.33112308382988,0.41331124663352964,2.5536266392469407,0.0034375,0.0009673216544573322,nan,nan,nan,nan,nan,nan,nan,nan,nan,nan,7360,-0.0009232905552795323,0.05629927404224873,1.1307996392250061,0.019653250835835932,0.061134707927703855,0.061134707927703855,0.11453631222248077,0.0012001147668359176,0.004418749931937782,0.6475486755371094,1.0,0.006697115384615385,0.00044677884615384615,1,0.0,0.0,0.03125,0.540625,0.0,0.54125,17.5390625
230,739200,-29.22862696647644,-0.29228625424206256,-29.22862696647644,-0.29228625424206256,0.0,29.22862696647644,0.29228625424206256,41.790170669555664,0.41790174297988414,2.617958106994629,0.0,0.0,nan,nan,nan,nan,nan,nan,nan,nan,nan,nan,7392,-0.0010445235082239713,0.013587133679538965,1.1875659108161927,-0.0021870940923690795,0.05080813057720661,0.05080813057720661,0.062039058282971384,0.0013757541248212081,0.01106874990509823,0.8567571640014648,1.0,0.006682692307692308,0.0004456730769230769,1,0.0,0.0,0.0,0.5475,0.0,0.54875,17.064375
231,742400,-28.742054507136345,-0.28742052614688873,-28.742054507136345,-0.28742052614688873,0.0,28.742054507136345,0.28742052614688873,42.27674312889576,0.42276747107505797,2.834981907606125,0.0046875,0.0012223004209493218,nan,nan,nan,nan,nan,nan,nan,nan,nan,nan,7424,-0.0012686589763441613,0.07376955673098565,1.1877212047576904,0.02769607398658991,0.08994828388094903,0.08994828388094903,0.1540417991578579,0.001501227805785429,0.010256250190286665,0.6338000297546387,1.0,0.00666826923076923,0.0004445673076923077,1,0.0,0.0,0.0625,0.548125,0.0,0.5509375,17.3303125
232,745600,-25.287106916308403,-0.2528710701316595,-25.287106916308403,-0.2528710701316595,0.0,25.287106916308403,0.2528710701316595,45.7316907197237,0.4573169270902872,2.5819860273599624,0.006875,0.0019193263031980874,nan,nan,nan,nan,nan,nan,nan,nan,nan,nan,7456,-0.0021010563286020913,0.07215158641338348,1.1599300265312196,0.02625674046576023,0.2538393273949623,0.2538393273949623,0.10843079686164855,0.0017667496620576665,0.01323750007286435,0.6217440366744995,1.0,0.006653846153846153,0.00044346153846153846,1,0.0,0.0,0.09375,0.5115625,0.0,0.5128125,18.6128125
233,748800,-28.246121153235435,-0.2824612392485142,-28.246121153235435,-0.2824612392485142,0.0,28.246121153235435,0.2824612392485142,42.77267648279667,0.4277267579734325,3.000507752895355,0.009375,0.0023434525262986607,nan,nan,nan,nan,nan,nan,nan,nan,nan,nan,7488,-0.0011949697811374893,0.13636096119880675,1.1808062672615052,0.059145640954375266,0.06042567417025566,0.06042567417025566,0.18014692664146423,0.001869527119562607,0.013943750015459954,0.561397910118103,1.0,0.006639423076923077,0.0004423557692307692,1,0.0,0.0,0.0625,0.5046875,0.0,0.505625,20.1596875
234,752000,-33.823319628834724,-0.3382331886142492,-33.823319628834724,-0.3382331886142492,0.0,33.823319628834724,0.3382331886142492,37.19547800719738,0.3719548086076975,2.6155939507484436,0.0,0.0,nan,nan,nan,nan,nan,nan,nan,nan,nan,nan,7520,-0.0013690626298194174,0.022665071487426757,1.197546947002411,0.0020297246519476175,0.06766988821327687,0.06766988821327687,0.14677368253469467,0.0017369659799457231,0.012362500067683867,0.8468201756477356,1.0,0.006625,0.00044125,1,0.0,0.0,0.0,0.5490625,0.0,0.5540625,18.325625
235,755200,-38.41860657930374,-0.38418608337640764,-38.41860657930374,-0.38418608337640764,0.0,38.41860657930374,0.38418608337640764,32.60019105672836,0.32600191384553906,2.9071216762065886,0.0025,0.0006398572164323384,nan,nan,nan,nan,nan,nan,nan,nan,nan,nan,7552,-0.0018367614818736889,0.04314259476959705,1.172319519519806,0.011984827229753137,0.08908441960811615,0.08908441960811615,0.10886027067899703,0.002551397179196806,0.02185000015888363,0.78560471534729,1.0,0.006610576923076923,0.00044014423076923077,1,0.0,0.0,0.03125,0.460625,0.0,0.4640625,23.630625
236,758400,-30.505852535367012,-0.3050585176050663,-30.505852535367012,-0.3050585176050663,0.0,30.505852535367012,0.3050585176050663,40.51294510066509,0.4051294796168804,2.5202204936742785,0.0,0.0,nan,nan,nan,nan,nan,nan,nan,nan,nan,nan,7584,-0.0012712537867017204,0.016287117544561625,1.155312991142273,-0.0007483174558728933,0.0726048044860363,0.0726048044860363,0.06720086969435216,0.0020598676957905193,0.019206250074785203,0.8839633464813232,1.0,0.006596153846153846,0.0004390384615384616,1,0.0,0.0,0.0,0.5875,0.0,0.59375,15.0334375
237,761600,-24.89332577586174,-0.2489332578331232,-24.89332577586174,-0.2489332578331232,0.0,24.89332577586174,0.2489332578331232,46.125471860170364,0.4612547393888235,2.346483988761902,0.003125,0.000933815912609866,nan,nan,nan,nan,nan,nan,nan,nan,nan,nan,7616,-0.001592875913460734,0.03685761913657189,1.1410088777542113,0.00932612051256001,0.09477364346385002,0.09477364346385002,0.08602622672915458,0.0024648219041427124,0.024987500248244032,0.7817319631576538,1.0,0.006581730769230769,0.00043793269230769233,1,0.0,0.0,0.0625,0.6378125,0.0,0.6396875,13.4
238,764800,-36.692848309874535,-0.3669284796714783,-36.692848309874535,-0.3669284796714783,0.0,36.692848309874535,0.3669284796714783,34.32594932615757,0.3432595175504684,2.7661965996026994,0.0021875,0.0005808246973168534,nan,nan,nan,nan,nan,nan,nan,nan,nan,nan,7648,-0.001212998848501634,0.0648143220692873,1.1185992360115051,0.023847976140677928,0.07689202949404716,0.07689202949404716,0.12702749222517012,0.0020226914784888025,0.016400000150315463,0.7512261867523193,1.0,0.006567307692307692,0.0004368269230769231,1,0.0,0.0,0.03125,0.5625,0.0,0.5640625,17.39875
239,768000,-26.757064938545227,-0.2675706524401903,-26.757064938545227,-0.2675706524401903,0.0,26.757064938545227,0.2675706524401903,44.26173269748688,0.4426173447817564,3.001629685163498,0.008125,0.0020304227625370665,nan,nan,nan,nan,nan,nan,nan,nan,nan,nan,7680,-0.0019491441886173356,0.08469517827033997,1.1020267724990844,0.03317699022591114,0.0736084271222353,0.0736084271222353,0.10508070588111877,0.002271404262866713,0.02142500032787211,0.6220582723617554,1.0,0.006552884615384615,0.00043572115384615383,1,0.0,0.0,0.09375,0.4853125,0.0,0.489375,19.3309375
240,771200,-41.58013716340065,-0.4158013570308685,-41.58013716340065,-0.4158013570308685,0.0,41.58013716340065,0.4158013570308685,29.438660472631454,0.2943866401910782,3.3495468175411225,0.0,0.0,-32.36332194507122,-0.3236332194507122,-32.36332194507122,-0.3236332194507122,100.0,2.7839579677581785,0.0,0.0,32.36332194507122,21.828365936875343,7712,-0.0017143390737823338,0.034292550012469294,1.0895586013793945,0.008307899255305529,0.0707357432693243,0.0707357432693243,0.1163747064769268,0.0017593417109328878,0.011300000359187833,0.8372815251350403,1.0,0.006538461538461538,0.0004346153846153846,1,0.0,0.0,0.0,0.4821875,0.0,0.484375,21.935
241,774400,-29.55694453418255,-0.29556944355368614,-29.55694453418255,-0.29556944355368614,0.0,29.55694453418255,0.29556944355368614,41.461853101849556,0.41461855366826056,2.6782923948764803,0.001875,0.0005097474041519105,nan,nan,nan,nan,nan,nan,nan,nan,nan,nan,7744,-0.0016736465011490508,0.026955580897629262,1.11220885515213,0.004548050602898002,0.09270071797072887,0.09270071797072887,0.0948366567492485,0.0032076393697952317,0.033337500202469526,0.8079530596733093,1.0,0.006524038461538461,0.0004335096153846154,1,0.0,0.0,0.03125,0.579375,0.0,0.5809375,16.1840625
242,777600,-34.17154371738434,-0.34171545021235944,-34.17154371738434,-0.34171545021235944,0.0,34.17154371738434,0.34171545021235944,36.847253918647766,0.36847254700958726,3.0307566225528717,0.00375,0.0009303464215671113,nan,nan,nan,nan,nan,nan,nan,nan,nan,nan,7776,-0.0018025514152599452,0.0645783107727766,1.1031105160713195,0.02330577913671732,0.14125191867351533,0.14125191867351533,0.0910861425101757,0.004003851425661194,0.050618750229477885,0.7483935952186584,1.0,0.0065096153846153845,0.00043240384615384614,1,0.0,0.0,0.03125,0.53375,0.0,0.535,19.5040625
243,780800,-38.033317878842354,-0.38033313140273095,-38.033317878842354,-0.38033313140273095,0.0,38.033317878842354,0.38033313140273095,32.98547975718975,0.32985486581921575,3.270926800966263,0.00125,0.00029267652157306877,nan,nan,nan,nan,nan,nan,nan,nan,nan,nan,7808,-0.00185242866371991,0.031605076603591443,1.1250382900238036,0.0066427695099264385,0.10631686002016068,0.10631686002016068,0.10844487324357033,0.0027722694379935056,0.028318749647587536,0.8449314832687378,1.0,0.006495192307692308,0.00043129807692307695,1,0.0,0.0,0.03125,0.486875,0.0,0.488125,22.0015625
244,784000,-33.7508524954319,-0.3375084915012121,-33.7508524954319,-0.3375084915012121,0.0,33.7508524954319,0.3375084915012121,37.267945140600204,0.3726795057207346,2.8877911603450777,0.0028125,0.0007234184872600935,nan,nan,nan,nan,nan,nan,nan,nan,nan,nan,7840,-0.001645779947284609,0.056044143810868266,1.1033060789108275,0.019226020015776158,0.12649467214941978,0.12649467214941978,0.11541935876011848,0.0028164570983808404,0.032206249749287964,0.6911921501159668,1.0,0.006480769230769231,0.0004301923076923077,1,0.0,0.0,0.03125,0.536875,0.0,0.5375,18.71875
245,787200,-22.595697164535522,-0.22595696993172168,-22.595697164535522,-0.22595696993172168,0.0,22.595697164535522,0.22595696993172168,48.42310047149658,0.48423102729022505,2.0255120474100115,0.0021875,0.0007230181092395942,nan,nan,nan,nan,nan,nan,nan,nan,nan,nan,7872,-0.0015971407415345418,0.025656788051128386,1.1256301283836365,0.003952538967132569,0.07834730371832847,0.07834730371832847,0.07474006079137326,0.003051252519073389,0.03122499936725944,0.7999905347824097,1.0,0.006466346153846154,0.00042908653846153845,1,0.0,0.0,0.03125,0.6434375,0.0,0.6446875,11.7896875
246,790400,-30.868508756160736,-0.30868510104715824,-30.868508756160736,-0.30868510104715824,0.0,30.868508756160736,0.30868510104715824,40.15028887987137,0.40150289617478846,2.7107055497169497,0.0028125,0.0007579421116327959,nan,nan,nan,nan,nan,nan,nan,nan,nan,nan,7904,-0.001739789326558805,0.03119288869202137,1.0985342502593993,0.006768996734172106,0.08049617409706115,0.08049617409706115,0.09399125427007675,0.004046263261991029,0.054099999740719794,0.8132239580154419,1.0,0.006451923076923077,0.00042798076923076926,1,0.0,0.0,0.0625,0.5434375,0.0,0.5434375,18.104375
247,793600,-36.976097494363785,-0.3697609626501799,-36.976097494363785,-0.3697609626501799,0.0,36.976097494363785,0.3697609626501799,34.04270014166832,0.3404270345717668,2.9496775251626968,0.0003125,7.912038337538136e-05,nan,nan,nan,nan,nan,nan,nan,nan,nan,nan,7936,-0.0010335071502908023,0.021797200478613377,1.0774670839309692,0.002928898809477687,0.07288038283586502,0.07288038283586502,0.07818469405174255,0.0018744913541031548,0.01663750004954636,0.8737561106681824,1.0,0.0064375000000000005,0.000426875,1,0.0,0.0,0.03125,0.5003125,0.0,0.5009375,19.685
248,796800,-28.451984457671642,-0.2845198483020067,-28.451984457671642,-0.2845198483020067,0.0,28.451984457671642,0.2845198483020067,42.56681317836046,0.42566814891994,2.3672835350036623,0.0021875,0.000649633444068624,nan,nan,nan,nan,nan,nan,nan,nan,nan,nan,7968,-0.0010346731989062442,0.036616454273462294,1.1076157569885254,0.010159252677112818,0.07510031908750534,0.07510031908750534,0.09412696734070777,0.0022227787965693026,0.021856249822303653,0.7637490034103394,1.0,0.006423076923076924,0.0004257692307692308,1,0.0,0.0,0.03125,0.625,0.0,0.625625,14.3059375
249,800000,-32.53467172384262,-0.3253467249125242,-32.53467172384262,-0.3253467249125242,0.0,32.53467172384262,0.3253467249125242,38.484125912189484,0.3848412723094225,2.7286897683143616,0.001875,0.0005028576032077982,nan,nan,nan,nan,nan,nan,nan,nan,nan,nan,8000,-0.001214372958982135,0.02807945813983679,1.0965426564216614,0.0057979939505457875,0.06268072053790093,0.06268072053790093,0.0935011349618435,0.0020342104886385505,0.020312499674037098,0.8299760818481445,1.0,0.006408653846153845,0.0004246634615384615,1,0.0,0.0,0.03125,0.5353125,0.0,0.5359375,18.2440625
250,803200,-29.921418398618698,-0.2992141744494438,-29.921418398618698,-0.2992141744494438,0.0,29.921418398618698,0.2992141744494438,41.097379237413406,0.4109738227725029,2.7111434030532835,0.0003125,8.420585411571423e-05,nan,nan,nan,nan,nan,nan,nan,nan,nan,nan,8032,-0.0015239012828853538,0.015228731464594603,1.1221883058547975,-0.0010850665625184775,0.10509634129703045,0.10509634129703045,0.06684958674013615,0.0020661180238693093,0.01823749997347477,0.894654393196106,1.0,0.006394230769230768,0.0004235576923076923,1,0.0,0.0,0.03125,0.581875,0.0,0.585,15.725625
251,806400,-25.412596225738525,-0.25412591218948366,-25.412596225738525,-0.25412591218948366,0.0,25.412596225738525,0.25412591218948366,45.60620141029358,0.45606208503246304,2.6985906028747557,0.0075,0.002027799452626785,nan,nan,nan,nan,nan,nan,nan,nan,nan,nan,8064,-0.0016330113307572946,0.13362488001585007,1.0966105341911316,0.05818326361477375,0.0782812237739563,0.0782812237739563,0.1840667426586151,0.0018780105529021423,0.012993750044552143,0.27080750465393066,1.0,0.006379807692307692,0.00042245192307692307,1,0.0,0.0,0.0625,0.5428125,0.0,0.5503125,17.2584375
252,809600,-34.52937892079353,-0.3452937759459019,-34.52937892079353,-0.3452937759459019,0.0,34.52937892079353,0.3452937759459019,36.48941871523857,0.3648942212760448,3.3360675942897795,0.004375,0.0010089787358853654,nan,nan,nan,nan,nan,nan,nan,nan,nan,nan,8096,-0.0013064605480409331,0.05151539854705334,1.1237038254737854,0.017298431787639856,0.08698421977460384,0.08698421977460384,0.12800114899873732,0.0014896690838230812,0.009118749911431223,0.7589108347892761,1.0,0.006365384615384615,0.0004213461538461538,1,0.0,0.0,0.0625,0.4753125,0.0,0.475625,22.299375
253,812800,-25.731111600995064,-0.25731114044785497,-25.731111600995064,-0.25731114044785497,0.0,25.731111600995064,0.25731114044785497,45.28768603503704,0.45287685677409173,2.7076269125938417,0.0078125,0.0021071429742466736,nan,nan,nan,nan,nan,nan,nan,nan,nan,nan,8128,-0.001503591175423935,0.0828038290143013,1.0907559156417848,0.0329709742218256,0.1465771958231926,0.1465771958231926,0.1286477990448475,0.0023232941566693355,0.02274375024571782,0.6933624744415283,1.0,0.006350961538461538,0.00042024038461538463,1,0.0,0.0,0.09375,0.5525,0.0,0.553125,17.1846875
254,816000,-23.289055034518242,-0.23289053544402122,-23.289055034518242,-0.23289053544402122,0.0,23.289055034518242,0.23289053544402122,47.72974260151386,0.4772974617779255,2.628937876224518,0.008125,0.002238947118172523,nan,nan,nan,nan,nan,nan,nan,nan,nan,nan,8160,-0.0016307869312818912,0.12151879072189331,1.1238435864448548,0.05200733058154583,0.10627704560756683,0.10627704560756683,0.16159833446145058,0.0026679059366887907,0.025781249813735484,0.4437609910964966,1.0,0.006336538461538461,0.0004191346153846154,1,0.0,0.0,0.0625,0.584375,0.0,0.5859375,16.53875
255,819200,-31.517959013581276,-0.3151796241104603,-31.517959013581276,-0.3151796241104603,0.0,31.517959013581276,0.3151796241104603,39.50083862245083,0.3950083731114864,2.886334097981453,0.00125,0.0003216398715306657,nan,nan,nan,nan,nan,nan,nan,nan,nan,nan,8192,-0.0011224682205589476,0.021592520736157896,1.0946451902389527,0.00275331917218864,0.09799792319536209,0.09799792319536209,0.07182442657649517,0.0014936933883309314,0.010399999945366289,0.8760225772857666,1.0,0.006322115384615384,0.0004180288461538462,1,0.0,0.0,0.03125,0.558125,0.0,0.55875,18.788125
256,822400,-34.72309674322605,-0.3472309759259224,-34.72309674322605,-0.3472309759259224,0.0,34.72309674322605,0.3472309759259224,36.29570089280605,0.3629570212960243,3.224049533009529,0.0028125,0.0006658302602801545,nan,nan,nan,nan,nan,nan,nan,nan,nan,nan,8224,-0.0007224641353648531,0.038862306624650955,1.0983810901641846,0.011780439224094153,0.07866118811070918,0.07866118811070918,0.08097100406885147,0.0014122263244661592,0.007568750029167859,0.8035147190093994,1.0,0.0063076923076923076,0.00041692307692307694,1,0.0,0.0,0.03125,0.47875,0.0,0.48125,20.3625
257,825600,-28.67525079846382,-0.28675251848995686,-28.67525079846382,-0.28675251848995686,0.0,28.67525079846382,0.28675251848995686,42.34354683756828,0.42343547873198983,2.0868580585718153,0.0009375,0.000303706870290547,nan,nan,nan,nan,nan,nan,nan,nan,nan,nan,8256,-0.001038112018382531,0.020091503113508224,1.1121147394180297,0.0020088018849492074,0.0683693215250969,0.0683693215250969,0.07633192613720893,0.0010334291933776422,0.006237499980488792,0.866112232208252,1.0,0.006293269230769231,0.0004158173076923077,1,0.0,0.0,0.03125,0.608125,0.0,0.60875,14.7003125
258,828800,-26.24348746240139,-0.26243488013744354,-26.24348746240139,-0.26243488013744354,0.0,26.24348746240139,0.26243488013744354,44.775310173630714,0.44775311708450316,2.4223585957288742,0.0,0.0,nan,nan,nan,nan,nan,nan,nan,nan,nan,nan,8288,-0.0018103168820496674,0.014409757126122713,1.1314092993736267,-0.001709383074194193,0.09960340410470962,0.09960340410470962,0.09261634200811386,0.0030617817690671233,0.040168750029988584,0.8583781719207764,1.0,0.006278846153846154,0.0004147115384615385,1,0.0,0.0,0.0,0.64375,0.0,0.644375,12.3396875
259,832000,-33.91674506664276,-0.3391674277931452,-33.91674506664276,-0.3391674277931452,0.0,33.91674506664276,0.3391674277931452,37.10205256938934,0.3710205694288015,3.1351453495025634,0.003125,0.0007557170875204959,nan,nan,nan,nan,nan,nan,nan,nan,nan,nan,8320,-0.0010910739264705428,0.039192241802811625,1.1556936621665954,0.011265292996540666,0.07166716456413269,0.07166716456413269,0.1129186473786831,0.0012667734299628521,0.005962500033638208,0.8569599986076355,1.0,0.006264423076923076,0.00041360576923076925,1,0.0,0.0,0.0625,0.545,0.0,0.546875,18.2528125
260,835200,-33.711909621953964,-0.337119107991457,-33.711909621953964,-0.337119107991457,0.0,33.711909621953964,0.337119107991457,37.30688801407814,0.3730688892304897,2.766182231903076,0.00375,0.0009957032796326219,-29.30047343671322,-0.2930047343671322,-29.30047343671322,-0.2930047343671322,100.0,2.233401855826378,0.0,0.0,29.30047343671322,24.891214445233345,8352,-0.0010405797255691241,0.06880241893231868,1.1551394820213319,0.02614100817590952,0.07512914314866066,0.07512914314866066,0.1413569390773773,0.0023921235304458664,0.016324999800417572,0.6512377262115479,1.0,0.0062499999999999995,0.0004125,1,0.0,0.0,0.03125,0.5309375,0.0,0.5334375,18.501875
261,838400,-43.014535415917635,-0.4301453502476215,-43.014535415917635,-0.4301453502476215,0.0,43.014535415917635,0.4301453502476215,28.00426222011447,0.2800426469743252,3.4699218559265135,0.000625,0.0001398234734621444,nan,nan,nan,nan,nan,nan,nan,nan,nan,nan,8384,-0.0014480591560597667,0.03431060016155243,1.1225347995758057,0.008707589050754905,0.08777501732110977,0.08777501732110977,0.11147190630435944,0.0024594514958168807,0.02595000009678188,0.8238750696182251,1.0,0.006235576923076923,0.00041139423076923075,1,0.0,0.0,0.03125,0.45625,0.0,0.456875,22.7625
262,841600,-25.646937534213066,-0.2564693558216095,-25.646937534213066,-0.2564693558216095,0.0,25.646937534213066,0.2564693558216095,45.37186010181904,0.4537186414003372,2.0131954342126845,0.001875,0.0006222629898846629,nan,nan,nan,nan,nan,nan,nan,nan,nan,nan,8416,-0.0018756836175918556,0.03203343078494072,1.1642941951751709,0.006897778483107686,0.10222168788313865,0.10222168788313865,0.08138452097773552,0.0027380013518284304,0.02494375024616602,0.7601191997528076,1.0,0.006221153846153846,0.00041028846153846156,1,0.0,0.0,0.03125,0.65,0.0,0.6521875,12.9653125
263,844800,-31.84269319474697,-0.3184269010275602,-31.84269319474697,-0.3184269010275602,0.0,31.84269319474697,0.3184269010275602,39.17610444128513,0.3917610961943865,2.8699621570110323,0.0,0.0,nan,nan,nan,nan,nan,nan,nan,nan,nan,nan,8448,-0.0015898438903910518,0.0177976168692112,1.153286385536194,0.000150826433673501,0.08208406157791615,0.08208406157791615,0.08478239178657532,0.002462287281379595,0.022550000166665994,0.8001754879951477,1.0,0.006206730769230769,0.0004091826923076923,1,0.0,0.0,0.0,0.536875,0.0,0.539375,17.339375
264,848000,-23.25990680232644,-0.2325990127772093,-23.25990680232644,-0.2325990127772093,0.0,23.25990680232644,0.2325990127772093,47.758890833705664,0.4775889844447374,2.5980448108911514,0.0096875,0.0026924345051724447,nan,nan,nan,nan,nan,nan,nan,nan,nan,nan,8480,-0.0008041554507915771,0.17638831734657287,1.1638288855552674,0.08018321543931961,0.05857095792889595,0.05857095792889595,0.1674233578145504,0.001247087423327541,0.0075937500660074875,0.33416813611984253,1.0,0.006192307692307692,0.0004080769230769231,1,0.0,0.0,0.09375,0.5453125,0.0,0.545625,17.2784375
265,851200,-34.11229166388512,-0.3411229532212019,-34.11229166388512,-0.3411229532212019,0.0,34.11229166388512,0.3411229532212019,36.90650597214699,0.3690650440007448,2.8206710708141327,0.0003125,8.179191409257079e-05,nan,nan,nan,nan,nan,nan,nan,nan,nan,nan,8512,-0.0016491361810593297,0.024914567731320857,1.1410401463508606,0.003758933488279581,0.07507026456296444,0.07507026456296444,0.09258267879486085,0.002496195675486654,0.022568749566562473,0.8349159955978394,1.0,0.006177884615384615,0.00040697115384615386,1,0.0,0.0,0.03125,0.5575,0.0,0.5603125,16.8396875
266,854400,-21.370821982622147,-0.21370821923017502,-21.370821982622147,-0.21370821923017502,0.0,21.370821982622147,0.21370821923017502,49.64797565340996,0.4964797779917717,2.2476988756656646,0.005625,0.0017319955498790115,nan,nan,nan,nan,nan,nan,nan,nan,nan,nan,8544,-0.00168795045479202,0.05574813969433308,1.1252840042114258,0.01925047505646944,0.17182592749595643,0.17182592749595643,0.12784981057047845,0.0020434205187501455,0.015593750192056176,0.6341756582260132,1.0,0.006163461538461538,0.0004058653846153846,1,0.0,0.0,0.09375,0.6459375,0.0,0.6475,12.415
267,857600,-17.552324056625366,-0.17552325166761876,-17.552324056625366,-0.17552325166761876,0.0,17.552324056625366,0.17552325166761876,53.46647357940674,0.534664745554328,2.4020651644468307,0.0084375,0.0024801112242574938,nan,nan,nan,nan,nan,nan,nan,nan,nan,nan,8576,-0.0014479941370431515,0.10617550686001778,1.142828607559204,0.04461246281862259,0.11605758666992187,0.11605758666992187,0.13198041990399362,0.0033037545421409796,0.03729375023394823,0.4621208906173706,1.0,0.006149038461538461,0.0004047596153846154,1,0.0,0.0,0.0625,0.6259375,0.0,0.6265625,12.0071875
268,860800,-39.82028357684612,-0.39820283100008963,-39.82028357684612,-0.39820283100008963,0.0,39.82028357684612,0.39820283100008963,31.19851405918598,0.31198516622185707,3.1257393157482145,0.0009375,0.00022723200092199274,nan,nan,nan,nan,nan,nan,nan,nan,nan,nan,8608,-0.0014071075518149456,0.03392173182219267,1.1175838828086853,0.008697811141610145,0.0744391106069088,0.0744391106069088,0.12268030419945716,0.0014598801040864163,0.010756249871337786,0.8122897148132324,1.0,0.006134615384615384,0.0004036538461538462,1,0.0,0.0,0.03125,0.4921875,0.0,0.4921875,22.1434375
269,864000,-28.776671901345253,-0.2877667217701674,-28.776671901345253,-0.2877667217701674,0.0,28.776671901345253,0.2877667217701674,42.24212573468685,0.4224212754517793,2.892359555363655,0.003125,0.0008028549150074697,nan,nan,nan,nan,nan,nan,nan,nan,nan,nan,8640,-0.001280850215023388,0.046368499472737315,1.1339560389518737,0.014963370282202959,0.07729663290083408,0.07729663290083408,0.11110309660434722,0.0024964671778451154,0.023062500356172678,0.7305550575256348,1.0,0.006120192307692307,0.0004025480769230769,1,0.0,0.0,0.03125,0.5346875,0.0,0.5365625,17.360625
270,867200,-29.881072968244553,-0.2988107454776764,-29.881072968244553,-0.2988107454776764,0.0,29.881072968244553,0.2988107454776764,41.13772466778755,0.4113772517442703,2.4464769560098647,0.0,0.0,nan,nan,nan,nan,nan,nan,nan,nan,nan,nan,8672,-0.0014867037680115658,0.014532312471419572,1.1340285539627075,-0.0011446643620729446,0.08649974539875985,0.08649974539875985,0.06545367017388344,0.002268577257929625,0.019587499974295496,0.8854867219924927,1.0,0.006105769230769231,0.0004014423076923077,1,0.0,0.0,0.0,0.5734375,0.0,0.5746875,16.08375
271,870400,-33.66464442014694,-0.3366464518010616,-33.66464442014694,-0.3366464518010616,0.0,33.66464442014694,0.3366464518010616,37.35415321588516,0.3735415454208851,3.1169763350486757,0.005625,0.001366293984279969,nan,nan,nan,nan,nan,nan,nan,nan,nan,nan,8704,-0.0018358055453048916,0.10448807552456855,1.1323628187179566,0.04351061880588532,0.14492857679724694,0.14492857679724694,0.12855674400925637,0.0019657704768195334,0.015593749820254743,0.5784883499145508,1.0,0.006091346153846154,0.0004003365384615385,1,0.0,0.0,0.03125,0.455625,0.0,0.4575,22.34
272,873600,-35.264190301299095,-0.3526419067382813,-35.264190301299095,-0.3526419067382813,0.0,35.264190301299095,0.3526419067382813,35.75460733473301,0.3575460904836654,2.984655727148056,0.0021875,0.0005489809282885433,nan,nan,nan,nan,nan,nan,nan,nan,nan,nan,8736,-0.0010763381000607809,0.04955668821930885,1.1385571241378785,0.016783082205802203,0.07784418314695359,0.07784418314695359,0.11920835971832275,0.0018338154695828452,0.011768750008195638,0.77152419090271,1.0,0.006076923076923077,0.00039923076923076924,1,0.0,0.0,0.03125,0.5515625,0.0,0.554375,18.0140625
273,876800,-38.029461190104485,-0.3802946250885725,-38.029461190104485,-0.3802946250885725,0.0,38.029461190104485,0.3802946250885725,32.98933644592762,0.3298933721333742,3.312591755390167,0.0,0.0,nan,nan,nan,nan,nan,nan,nan,nan,nan,nan,8768,-0.0018244668047293188,0.018107656575739383,1.1159261345863343,0.00046405908651649954,0.12182274907827377,0.12182274907827377,0.11369594261050224,0.0032406595426454645,0.036531250039115545,0.8625872135162354,1.0,0.0060625,0.000398125,1,0.0,0.0,0.0,0.4540625,0.0,0.4584375,21.9971875
274,880000,-38.35371646285057,-0.3835371682047844,-38.35371646285057,-0.3835371682047844,0.0,38.35371646285057,0.3835371682047844,32.665081173181534,0.3266508290171623,2.8806208062171934,0.0,0.0,nan,nan,nan,nan,nan,nan,nan,nan,nan,nan,8800,-0.0011019148015999568,0.025560837611556052,1.1417343974113465,0.00477320677600801,0.07886922769248486,0.07886922769248486,0.0860707238316536,0.002075531627635299,0.014643749917740933,0.8803827166557312,1.0,0.0060480769230769225,0.0003970192307692308,1,0.0,0.0,0.0,0.524375,0.0,0.5259375,19.67375
275,883200,-40.965365901589394,-0.40965366989374163,-40.965365901589394,-0.40965366989374163,0.0,40.965365901589394,0.40965366989374163,30.05343173444271,0.30053432732820506,2.9584564960002897,0.0,0.0,nan,nan,nan,nan,nan,nan,nan,nan,nan,nan,8832,-0.0011856219682552904,0.03039724435657263,1.1530439257621765,0.007055932469666004,0.09570904225111007,0.09570904225111007,0.12086188420653343,0.0019379079712978828,0.011574999836011558,0.8324058055877686,1.0,0.006033653846153846,0.00039591346153846154,1,0.0,0.0,0.0,0.4703125,0.0,0.470625,21.9153125
276,886400,-30.28888000547886,-0.3028888013213873,-30.28888000547886,-0.3028888013213873,0.0,30.28888000547886,0.3028888013213873,40.729917630553246,0.4072991959005594,3.0272189021110534,0.0059375,0.0014743425039268623,nan,nan,nan,nan,nan,nan,nan,nan,nan,nan,8864,-0.0012353948108037027,0.11022024676203727,1.132438337802887,0.04705832004547119,0.07146033681929112,0.07146033681929112,0.19299832582473755,0.001373013206468254,0.005312500090803951,0.4550384283065796,1.0,0.006019230769230769,0.00039480769230769235,1,0.0,0.0,0.03125,0.5290625,0.0,0.53125,19.355
277,889600,-28.9481921158731,-0.2894819162040949,-28.9481921158731,-0.2894819162040949,0.0,28.9481921158731,0.2894819162040949,42.070605520159006,0.4207060810178518,2.2361459237337113,0.000625,0.00019313096959450602,nan,nan,nan,nan,nan,nan,nan,nan,nan,nan,8896,-0.0013452161520835838,0.015229479130357503,1.14155056476593,-0.000585268042050302,0.09613131619989872,0.09613131619989872,0.07973162159323692,0.0017324793028837388,0.013937500024621841,0.8420164585113525,1.0,0.006004807692307692,0.0003937019230769231,1,0.0,0.0,0.03125,0.5834375,0.0,0.5853125,15.129375
278,892800,-33.84850491583347,-0.3384850305318832,-33.84850491583347,-0.3384850305318832,0.0,33.84850491583347,0.3384850305318832,37.17029272019863,0.3717029666900635,2.980356539487839,0.0,0.0,nan,nan,nan,nan,nan,nan,nan,nan,nan,nan,8928,-0.0018127310828538635,0.013747982867062091,1.1130700588226319,-0.0016064573777839542,0.10460031926631927,0.10460031926631927,0.06619519963860512,0.0021223187461163343,0.02010000013397075,0.8921962380409241,1.0,0.005990384615384615,0.00039259615384615385,1,0.0,0.0,0.0,0.54,0.0,0.545625,16.78
279,896000,-29.42758621275425,-0.29427583239972593,-29.42758621275425,-0.29427583239972593,0.0,29.42758621275425,0.29427583239972593,41.591211423277855,0.41591216482222076,2.711227344274521,0.0025,0.0006736315962580045,nan,nan,nan,nan,nan,nan,nan,nan,nan,nan,8960,-0.0007277017265965747,0.04308431483805179,1.1085413217544555,0.01418985528871417,0.04715680666267872,0.04715680666267872,0.11668708994984626,0.0017956087584043122,0.011131250043399632,0.6943506002426147,1.0,0.005975961538461538,0.0003914903846153846,1,0.0,0.0,0.03125,0.5825,0.0,0.5903125,14.894375
280,899200,-34.71708509325981,-0.3471708406507969,-34.71708509325981,-0.3471708406507969,0.0,34.71708509325981,0.3471708406507969,36.30171254277229,0.3630171565711498,2.816156084537506,0.0,0.0,-28.53669624775648,-0.2853669624775648,-28.53669624775648,-0.2853669624775648,100.0,2.2225621339678763,0.0,0.0,28.53669624775648,25.654991634190083,8992,-0.0020163259625435082,0.020492098294198513,1.1282525062561035,0.0015036026481539011,0.08506269715726375,0.08506269715726375,0.09241859763860702,0.002602943063540736,0.02568125009420328,0.8579469323158264,1.0,0.005961538461538461,0.00039038461538461536,1,0.0,0.0,0.0,0.5565625,0.0,0.558125,17.45125
281,902400,-33.96182841062546,-0.33961828261613847,-33.96182841062546,-0.33961828261613847,0.0,33.96182841062546,0.33961828261613847,37.05696922540665,0.37056971460580823,2.89883735537529,0.00375,0.0009618251951007679,nan,nan,nan,nan,nan,nan,nan,nan,nan,nan,9024,-0.000814152145413427,0.049420998245477674,1.1150513529777526,0.017265007738023995,0.08786854967474937,0.08786854967474937,0.1255134917795658,0.00230438921862694,0.019656250439584255,0.7690024375915527,1.0,0.005947115384615384,0.00038927884615384616,1,0.0,0.0,0.0625,0.5409375,0.0,0.54125,17.84625
282,905600,-28.252402797341347,-0.2825240397453308,-28.252402797341347,-0.2825240397453308,0.0,28.252402797341347,0.2825240397453308,42.76639483869076,0.4276639574766159,2.986636838912964,0.00625,0.0015677374821289687,nan,nan,nan,nan,nan,nan,nan,nan,nan,nan,9056,-0.0008542393240321023,0.05812904685735702,1.1075993657112122,0.021639238111674786,0.07098043821752072,0.07098043821752072,0.10978937894105911,0.0019342607178277668,0.013293749961303548,0.7443910837173462,1.0,0.005932692307692307,0.0003881730769230769,1,0.0,0.0,0.09375,0.5384375,0.0,0.541875,17.7578125
283,908800,-28.154012113809586,-0.28154011063277723,-28.154012113809586,-0.28154011063277723,0.0,28.154012113809586,0.28154011063277723,42.86478552222252,0.42864788658916947,2.474938702583313,0.0,0.0,nan,nan,nan,nan,nan,nan,nan,nan,nan,nan,9088,-0.0015362180472933585,0.017913846857845785,1.1070890784263612,0.0008686543442308903,0.08590197563171387,0.08590197563171387,0.08856817707419395,0.002104385841086677,0.016212500026449563,0.8648581504821777,1.0,0.00591826923076923,0.0003870673076923077,1,0.0,0.0,0.0,0.6259375,0.0,0.6290625,13.1934375
284,912000,-27.615930795669556,-0.2761593061685562,-27.615930795669556,-0.2761593061685562,0.0,27.615930795669556,0.2761593061685562,43.40286684036255,0.4340286910533905,2.210214195251465,0.0003125,9.734552929902579e-05,nan,nan,nan,nan,nan,nan,nan,nan,nan,nan,9120,-0.0011919229503691842,0.010664255451411008,1.1299748420715332,-0.0025309928227216006,0.0785538200289011,0.0785538200289011,0.06270660646259785,0.0017303116932470253,0.014556249938323162,0.9198815822601318,1.0,0.005903846153846154,0.0003859615384615385,1,0.0,0.0,0.03125,0.6075,0.0,0.6128125,13.789375
285,915200,-18.572393596172333,-0.1857239671051502,-18.572393596172333,-0.1857239671051502,0.0,18.572393596172333,0.1857239671051502,52.44640403985977,0.5244640301167964,2.165360118150711,0.00625,0.0019744988774457106,nan,nan,nan,nan,nan,nan,nan,nan,nan,nan,9152,-0.0012878065015422158,0.062007959559559823,1.1268186926841737,0.023079860582947732,0.10739056840538978,0.10739056840538978,0.13661076724529267,0.0022122023525316453,0.013681249876390212,0.4860427975654602,1.0,0.005889423076923077,0.0003848557692307692,1,0.0,0.0,0.09375,0.6153125,0.0,0.620625,13.9296875
286,918400,-27.926235556602478,-0.2792623112350702,-27.926235556602478,-0.2792623112350702,0.0,27.926235556602478,0.2792623112350702,43.09256207942963,0.43092568598687647,2.6194212341308596,0.0046875,0.001295096562897195,nan,nan,nan,nan,nan,nan,nan,nan,nan,nan,9184,-0.0006876269789121592,0.06170791126787663,1.1029814243316651,0.02368631325662136,0.038906566612422464,0.038906566612422464,0.09797735214233398,0.0015856177815312515,0.010324999853037298,0.6398295164108276,1.0,0.005875,0.00038375000000000003,1,0.0,0.0,0.03125,0.5709375,0.0,0.5721875,16.1996875
287,921600,-24.298533886671066,-0.2429854015260935,-24.298533886671066,-0.2429854015260935,0.0,24.298533886671066,0.2429854015260935,46.72026374936104,0.4672025956958532,2.7701738613843916,0.0096875,0.0025695101489146685,nan,nan,nan,nan,nan,nan,nan,nan,nan,nan,9216,-0.0013012542999989774,0.10048532038927079,1.058828389644623,0.04273606054484844,0.06816919930279255,0.06816919930279255,0.15614693984389305,0.001447085668407451,0.009081250053714029,0.5616387128829956,1.0,0.005860576923076923,0.0003826442307692308,1,0.0,0.0,0.125,0.571875,0.0,0.5728125,15.943125
288,924800,-29.955938160419464,-0.2995593659579754,-29.955938160419464,-0.2995593659579754,0.0,29.955938160419464,0.2995593659579754,41.06285947561264,0.4106286312639713,2.806409331560135,0.003125,0.0008209836956024788,nan,nan,nan,nan,nan,nan,nan,nan,nan,nan,9248,-0.0014622789472923613,0.03946506641805172,1.070262897014618,0.012013332545757293,0.09160653129220009,0.09160653129220009,0.102582086622715,0.002520325066872818,0.02478125023189932,0.7570284008979797,1.0,0.0058461538461538455,0.00038153846153846153,1,0.0,0.0,0.0625,0.59125,0.0,0.5915625,16.364375
289,928000,-33.778435453772545,-0.3377843440324068,-33.778435453772545,-0.3377843440324068,0.0,33.778435453772545,0.3377843440324068,37.24036218225956,0.3724036531895399,2.8151412522792816,0.000625,0.00016382093313756232,nan,nan,nan,nan,nan,nan,nan,nan,nan,nan,9280,-0.0009675676203041661,0.02299632001668215,1.0523710370063781,0.004393447982147336,0.07951797135174274,0.07951797135174274,0.11878501772880554,0.001911346922863316,0.012706249986513285,0.8247652053833008,1.0,0.005831730769230769,0.0003804326923076923,1,0.0,0.0,0.03125,0.56875,0.0,0.57,17.703125
290,931200,-29.419545635581017,-0.29419548615813257,-29.419545635581017,-0.29419548615813257,0.0,29.419545635581017,0.29419548615813257,41.59925200045109,0.41599251106381413,2.2445414209365846,0.0,0.0,nan,nan,nan,nan,nan,nan,nan,nan,nan,nan,9312,-0.0014823353110346993,0.01745685040950775,1.0676149368286132,0.0010354453697800636,0.12480819001793861,0.12480819001793861,0.09553807117044925,0.0016701600055985476,0.014774999703513458,0.8355494141578674,1.0,0.005817307692307692,0.0003793269230769231,1,0.0,0.0,0.0,0.6153125,0.0,0.6153125,13.3259375
291,934400,-15.894003301858902,-0.15894003964960576,-15.894003301858902,-0.15894003964960576,0.0,15.894003301858902,0.15894003964960576,55.1247943341732,0.5512479575723409,2.239651027917862,0.01125,0.003472596246648956,nan,nan,nan,nan,nan,nan,nan,nan,nan,nan,9344,-0.0015261312304762243,0.22441284209489823,1.0670284271240233,0.10448844581842423,0.09832255654036999,0.09832255654036999,0.19202958643436432,0.0024022030949728706,0.02518125019269064,0.41757988929748535,1.0,0.005802884615384615,0.00037822115384615384,1,0.0,0.0,0.03125,0.616875,0.0,0.6203125,12.91
292,937600,-25.00369480252266,-0.2500369763374329,-25.00369480252266,-0.2500369763374329,0.0,25.00369480252266,0.2500369763374329,46.015102833509445,0.4601510208845138,2.216269367337227,0.0040625,0.0012631093779820358,nan,nan,nan,nan,nan,nan,nan,nan,nan,nan,9376,-0.0020535860742558754,0.045914221182465555,1.0438825011253356,0.014861050713807344,0.11644983887672425,0.11644983887672425,0.10510289743542671,0.0025943839722478335,0.029675000427960185,0.8005545139312744,1.0,0.005788461538461538,0.0003771153846153846,1,0.0,0.0,0.09375,0.6596875,0.0,0.660625,12.188125
293,940800,-31.227461099624634,-0.31227463722229004,-31.227461099624634,-0.31227463722229004,0.0,31.227461099624634,0.31227463722229004,39.79133653640747,0.39791335999965666,2.4982212102413177,0.0009375,0.0002679933439473167,nan,nan,nan,nan,nan,nan,nan,nan,nan,nan,9408,-0.0013279937130166175,0.02272954285144806,1.0420731902122498,0.0040198071394115685,0.10238218680024147,0.10238218680024147,0.09305165484547614,0.0028875641874057433,0.031975000456441194,0.8524178862571716,1.0,0.0057740384615384615,0.0003760096153846154,1,0.0,0.0,0.03125,0.5675,0.0,0.56875,16.05
294,944000,-20.876387611031532,-0.2087638682872057,-20.876387611031532,-0.2087638682872057,0.0,20.876387611031532,0.2087638682872057,50.14241002500057,0.501424128934741,2.847108662724495,0.0109375,0.0028430442077126412,nan,nan,nan,nan,nan,nan,nan,nan,nan,nan,9440,-0.002413488400448127,0.12040850371122361,1.0488671779632568,0.051749690994620325,0.14706718772649766,0.14706718772649766,0.17419376224279404,0.003132623487910802,0.034987500356510284,0.5407439470291138,1.0,0.005759615384615385,0.00037490384615384615,1,0.0,0.0,0.125,0.554375,0.0,0.5559375,16.111875
295,947200,-28.50770352780819,-0.2850770520418882,-28.50770352780819,-0.2850770520418882,0.0,28.50770352780819,0.2850770520418882,42.511094108223915,0.4251109451800585,2.326785643696785,0.0,0.0,nan,nan,nan,nan,nan,nan,nan,nan,nan,nan,9472,-0.0011041292627341991,0.013653687480837107,1.0237433791160584,-0.00015888826455920935,0.11894412934780121,0.11894412934780121,0.07588476166129113,0.0025611001212402654,0.024068750097649173,0.8776562809944153,1.0,0.005745192307692308,0.00037379807692307696,1,0.0,0.0,0.0,0.5971875,0.0,0.600625,13.6675
296,950400,-41.739139407873154,-0.41739140421152116,-41.739139407873154,-0.41739140421152116,0.0,41.739139407873154,0.41739140421152116,29.27965822815895,0.29279659301042554,3.551563926935196,0.0015625,0.0003432885981790686,nan,nan,nan,nan,nan,nan,nan,nan,nan,nan,9504,-0.0018982761038001672,0.030029764957726003,0.9542561352252961,0.0076479846611619,0.14407190382480622,0.14407190382480622,0.08337762653827667,0.0021385637308431547,0.017450000206008554,0.8705683946609497,1.0,0.00573076923076923,0.0003726923076923077,1,0.0,0.0,0.03125,0.459375,0.0,0.4621875,22.6921875
297,953600,-29.878784954547882,-0.2987878607213497,-29.878784954547882,-0.2987878607213497,0.0,29.878784954547882,0.2987878607213497,41.14001268148422,0.411400136500597,2.6566227632761,0.0046875,0.0012819205872361577,nan,nan,nan,nan,nan,nan,nan,nan,nan,nan,9536,-0.0009422011501970751,0.06499021984636784,1.0213850498199464,0.025714317709207533,0.0535989947617054,0.0535989947617054,0.10389377474784851,0.0016473780859108528,0.012656250037252903,0.7425609827041626,1.0,0.0057163461538461535,0.00037158653846153846,1,0.0,0.0,0.0625,0.54375,0.0,0.5440625,17.72625
298,956800,-23.60128678381443,-0.23601285196840763,-23.60128678381443,-0.23601285196840763,0.0,23.60128678381443,0.23601285196840763,47.417510852217674,0.4741751452535391,2.416319687962532,0.0046875,0.0013720905618161252,nan,nan,nan,nan,nan,nan,nan,nan,nan,nan,9568,-0.0015541137926280868,0.05199061371386051,1.009042704105377,0.018687708675861357,0.2650172635912895,0.2650172635912895,0.1023258201777935,0.0017570371397617264,0.01530624981969595,0.7183078527450562,1.0,0.005701923076923077,0.0003704807692307692,1,0.0,0.0,0.0625,0.6215625,0.0,0.6215625,13.44625
299,960000,-28.548380121588707,-0.2854838038980961,-28.548380121588707,-0.2854838038980961,0.0,28.548380121588707,0.2854838038980961,42.4704175144434,0.4247041933238506,2.5329803043603896,0.0015625,0.0004422611691527318,nan,nan,nan,nan,nan,nan,nan,nan,nan,nan,9600,-0.0015325938350404522,0.016292984038591383,1.0159980297088622,0.0008354095043614507,0.11742382422089577,0.11742382422089577,0.07941263876855373,0.0024025472528613084,0.028150000085588545,0.8653539419174194,1.0,0.0056875,0.000369375,1,0.0,0.0,0.0625,0.59625,0.0,0.59625,14.5240625
300,963200,-30.578970849514008,-0.30578967481851577,-30.578970849514008,-0.30578967481851577,0.0,30.578970849514008,0.30578967481851577,40.4398267865181,0.40439832240343093,2.7387741130590437,0.0,0.0,-25.001641731709242,-0.2500164173170924,-25.001641731709242,-0.2500164173170924,100.0,1.638480158522725,0.0,0.0,25.001641731709242,29.190046150237322,9632,-0.0014871660442150158,0.013819433562457562,0.9876828968524933,-0.00018065033946186305,0.10172103643417359,0.10172103643417359,0.07730007097125054,0.0021248009739813544,0.018881249852711335,0.9093455076217651,1.0,0.005673076923076923,0.00036826923076923077,1,0.0,0.0,0.0,0.59125,0.0,0.5971875,14.6215625
301,966400,-30.45776577293873,-0.30457765735685827,-30.45776577293873,-0.30457765735685827,0.0,30.45776577293873,0.30457765735685827,40.561031863093376,0.40561033986508843,3.2694368028640746,0.006875,0.0016102826479099143,nan,nan,nan,nan,nan,nan,nan,nan,nan,nan,9664,-0.001331565051153305,0.06594531871378422,0.9632514774799347,0.026190387457609175,0.09004725068807602,0.09004725068807602,0.09831264317035675,0.002039383364174095,0.018293750111479313,0.7533280253410339,1.0,0.005658653846153845,0.0003671634615384615,1,0.0,0.0,0.09375,0.5103125,0.0,0.5103125,19.5803125
302,969600,-31.92171549797058,-0.3192171321064234,-31.92171549797058,-0.3192171321064234,0.0,31.92171549797058,0.3192171321064234,39.09708213806152,0.3909708651155233,2.385957177877426,0.0,0.0,nan,nan,nan,nan,nan,nan,nan,nan,nan,nan,9696,-0.0014660874282941272,0.01718476926907897,1.0331490993499757,0.001294965436682105,0.13861089646816255,0.13861089646816255,0.09465541690587997,0.0024856695716174303,0.0250687500461936,0.890619695186615,1.0,0.005644230769230769,0.00036605769230769233,1,0.0,0.0,0.0,0.6090625,0.0,0.61125,15.0321875
303,972800,-31.911337420344353,-0.31911335468292235,-31.911337420344353,-0.31911335468292235,0.0,31.911337420344353,0.31911335468292235,39.10746021568775,0.39107464253902435,2.9991625005006792,0.0015625,0.00039070680418822225,nan,nan,nan,nan,nan,nan,nan,nan,nan,nan,9728,-0.0014530436791246437,0.021102906204760075,0.9979234039783478,0.0034802925307303666,0.09310166910290718,0.09310166910290718,0.09402086436748505,0.0016178099125701867,0.013418750010896475,0.873306393623352,1.0,0.005629807692307692,0.0003649519230769231,1,0.0,0.0,0.03125,0.548125,0.0,0.548125,16.47125
304,976000,-22.232421055436134,-0.2223241913318634,-22.232421055436134,-0.2223241913318634,0.0,22.232421055436134,0.2223241913318634,48.78637658059597,0.48786380589008327,2.0784659713506697,0.0034375,0.001116627577498219,nan,nan,nan,nan,nan,nan,nan,nan,nan,nan,9760,-0.0009052294193417742,0.04443040937185287,1.0307945966720582,0.015521666966378689,0.07709321565926075,0.07709321565926075,0.09238390177488327,0.0016459250244244134,0.013662499864585698,0.6664867401123047,1.0,0.005615384615384615,0.0003638461538461539,1,0.0,0.0,0.03125,0.6409375,0.0,0.64125,12.0078125
305,979200,-32.238642781972885,-0.32238641180098054,-32.238642781972885,-0.32238641180098054,0.0,32.238642781972885,0.32238641180098054,38.78015485405922,0.38780158542096616,2.6929802012443544,0.0,0.0,nan,nan,nan,nan,nan,nan,nan,nan,nan,nan,9792,-0.0011104984638499627,0.014156730100512504,1.007167601585388,0.00032675983384251596,0.0703531838953495,0.0703531838953495,0.06793122328817844,0.0011969179307945185,0.008250000129191904,0.8850294947624207,1.0,0.005600961538461538,0.00036274038461538464,1,0.0,0.0,0.0,0.5490625,0.0,0.5496875,15.3671875
306,982400,-38.35295921564102,-0.3835295674204826,-38.35295921564102,-0.3835295674204826,0.0,38.35295921564102,0.3835295674204826,32.66583842039108,0.3266584298014641,3.237824547290802,0.001875,0.00044244398961695294,nan,nan,nan,nan,nan,nan,nan,nan,nan,nan,9824,-0.0006939044846513198,0.03955234624445438,0.99021674990654,0.013550384808331728,0.07328624725341797,0.07328624725341797,0.1336267627775669,0.0014631287653192697,0.0073687499680090696,0.8095606565475464,1.0,0.005586538461538461,0.0003616346153846154,1,0.0,0.0,0.03125,0.5634375,0.0,0.56625,18.731875
307,985600,-31.392117708921432,-0.3139211691915989,-31.392117708921432,-0.3139211691915989,0.0,31.392117708921432,0.3139211691915989,39.62667992711067,0.3962668280303478,2.590770697593689,0.0,0.0,nan,nan,nan,nan,nan,nan,nan,nan,nan,nan,9856,-0.0012754765392979594,0.01642023855820298,1.0269392132759094,0.0012124189641326665,0.07989938780665398,0.07989938780665398,0.08857175558805466,0.001919222962899004,0.015093750098458258,0.8896791338920593,1.0,0.0055721153846153846,0.0003605288461538462,1,0.0,0.0,0.0,0.5996875,0.0,0.603125,14.9825
308,988800,-30.771943047642708,-0.30771943405270574,-30.771943047642708,-0.30771943405270574,0.0,30.771943047642708,0.30771943405270574,40.2468545883894,0.40246856316924096,2.3656827437877657,0.0,0.0,nan,nan,nan,nan,nan,nan,nan,nan,nan,nan,9888,-0.0012006971240975163,0.020509511046111584,1.0587440848350524,0.003169884718954563,0.10091180428862571,0.10091180428862571,0.09093298092484474,0.0023458972718818335,0.022024999707355164,0.8021552562713623,1.0,0.005557692307692307,0.0003594230769230769,1,0.0,0.0,0.0,0.605,0.0,0.6090625,14.8321875
309,992000,-27.701773434877396,-0.27701774567365645,-27.701773434877396,-0.27701774567365645,0.0,27.701773434877396,0.27701774567365645,43.31702420115471,0.43317025154829025,3.0680902338027956,0.0096875,0.002381338525754444,nan,nan,nan,nan,nan,nan,nan,nan,nan,nan,9920,-0.0014146072368253827,0.13496819734573365,1.015110433101654,0.0604424599558115,0.15658967718482017,0.15658967718482017,0.14590849801898004,0.001953223413149447,0.02059375010430813,0.6192291975021362,1.0,0.00554326923076923,0.0003583173076923077,1,0.0,0.0,0.09375,0.499375,0.0,0.503125,19.89125
310,995200,-11.309369139373302,-0.11309372305870057,-11.309369139373302,-0.11309372305870057,0.0,11.309369139373302,0.11309372305870057,59.7094284966588,0.5970942741632461,2.102488203048706,0.0134375,0.004331200997572027,nan,nan,nan,nan,nan,nan,nan,nan,nan,nan,9952,-0.001017114420700782,0.29682567417621614,1.0528168201446533,0.1415748566389084,0.09921965040266514,0.09921965040266514,0.2208809658885002,0.003534348407994986,0.03986249985173344,0.112326979637146,1.0,0.005528846153846153,0.00035721153846153845,1,0.0,0.0,0.0625,0.645625,0.0,0.6503125,10.940625
311,998400,-33.94770408421755,-0.33947706177830694,-33.94770408421755,-0.33947706177830694,0.0,33.94770408421755,0.33947706177830694,37.071093551814556,0.37071093544363976,2.5570513904094696,0.0015625,0.0004392683232558338,nan,nan,nan,nan,nan,nan,nan,nan,nan,nan,9984,-0.0015929164750035807,0.020556714944541456,1.0394197225570678,0.002953640976920724,0.09080569297075272,0.09080569297075272,0.09158197641372681,0.0025968302783459254,0.027875000063795598,0.8813248872756958,1.0,0.0055144230769230765,0.00035610576923076926,1,0.0,0.0,0.0625,0.5471875,0.0,0.5496875,16.78875
312,1001600,-21.98688969016075,-0.2198688930273056,-21.98688969016075,-0.2198688930273056,0.0,21.98688969016075,0.2198688930273056,49.03190794587135,0.4903191041946411,2.118028437495232,0.003125,0.001002235888044167,nan,nan,nan,nan,nan,nan,nan,nan,nan,nan,10016,-0.001074625002988605,0.04223093539476395,1.0172409772872926,0.01444601733237505,0.18816882744431496,0.18816882744431496,0.13009663671255112,0.002204392041314536,0.020993750402703883,0.678897500038147,1.0,0.0055,0.000355,1,0.0,0.0,0.03125,0.6709375,0.0,0.67125,10.8390625
313,1004800,-30.665160477161407,-0.30665161661803725,-30.665160477161407,-0.30665161661803725,0.0,30.665160477161407,0.30665161661803725,40.3536371588707,0.40353638060390945,2.552328173518181,0.0025,0.0007037638072509589,nan,nan,nan,nan,nan,nan,nan,nan,nan,nan,10048,-0.0019573555765557194,0.030881569348275663,1.0201313734054565,0.007887419871985912,0.12719253599643707,0.12719253599643707,0.09758364632725716,0.003598763504489575,0.04551249963697046,0.837581217288971,1.0,0.005485576923076923,0.00035389423076923076,1,0.0,0.0,0.09375,0.58,0.0,0.5828125,15.7984375
314,1008000,-28.071609631180763,-0.28071611158549786,-28.071609631180763,-0.28071611158549786,0.0,28.071609631180763,0.28071611158549786,42.94718800485134,0.42947188563644884,2.4408192938566207,0.0009375,0.00027246417784097257,nan,nan,nan,nan,nan,nan,nan,nan,nan,nan,10080,-0.0013029113889249766,0.017803730070590974,1.0108327865600586,0.0020685321651399136,0.09535253494977951,0.09535253494977951,0.07723058685660363,0.0024965725329840704,0.0199687497864943,0.8552953600883484,1.0,0.005471153846153846,0.00035278846153846157,1,0.0,0.0,0.03125,0.6471875,0.0,0.650625,13.205625
315,1011200,-29.041843086481094,-0.2904184500128031,-29.041843086481094,-0.2904184500128031,0.0,29.041843086481094,0.2904184500128031,41.97695454955101,0.4197695472091436,2.552970091700554,0.0021875,0.0006156820754303057,nan,nan,nan,nan,nan,nan,nan,nan,nan,nan,10112,-0.0013470824903226487,0.03757765032351017,1.0090343236923218,0.011935714166611433,0.08943698294460774,0.08943698294460774,0.10205273181200028,0.0024501838968738706,0.024956250051036476,0.7807310819625854,1.0,0.005456730769230769,0.0003516826923076923,1,0.0,0.0,0.03125,0.596875,0.0,0.600625,14.3590625
316,1014400,-27.340001702308655,-0.27340002104640004,-27.340001702308655,-0.27340002104640004,0.0,27.340001702308655,0.27340002104640004,43.67879593372345,0.43678797617554665,2.342887445688248,0.0,0.0,nan,nan,nan,nan,nan,nan,nan,nan,nan,nan,10144,-0.0010297334716073193,0.012093605939298868,0.9883103191852569,-0.00036161940079182386,0.07711735069751739,0.07711735069751739,0.05562607645988464,0.0024705606294466976,0.020168750057928266,0.8754889369010925,1.0,0.0054423076923076925,0.0003505769230769231,1,0.0,0.0,0.0,0.6315625,0.0,0.6340625,12.105
317,1017600,-33.16420981287956,-0.331642073020339,-33.16420981287956,-0.331642073020339,0.0,33.16420981287956,0.331642073020339,37.85458782315254,0.3785459242016077,2.919775807261467,0.00125,0.0003188957893164065,nan,nan,nan,nan,nan,nan,nan,nan,nan,nan,10176,-0.0016889277794398527,0.016942837741225958,0.9784205794334412,0.0014717372599989177,0.11409111246466637,0.11409111246466637,0.07149422094225884,0.0033172074967317876,0.04037500010745134,0.8524313569068909,1.0,0.005427884615384616,0.0003494711538461539,1,0.0,0.0,0.03125,0.525,0.0,0.5296875,17.1184375
318,1020800,-21.354896008968353,-0.21354895375669003,-21.354896008968353,-0.21354895375669003,0.0,21.354896008968353,0.21354895375669003,49.66390162706375,0.49663904346525667,1.9317771118879319,0.0028125,0.0009593157640107495,nan,nan,nan,nan,nan,nan,nan,nan,nan,nan,10208,-0.001023699661384303,0.03001162838190794,1.0099831819534302,0.008514609606936573,0.07156990468502045,0.07156990468502045,0.09607793465256691,0.0012090191157789107,0.0048812499240739275,0.7706420421600342,1.0,0.005413461538461539,0.00034836538461538463,1,0.0,0.0,0.0625,0.689375,0.0,0.6940625,9.9315625
319,1024000,-27.99895089864731,-0.2799895214289427,-27.99895089864731,-0.2799895214289427,0.0,27.99895089864731,0.2799895214289427,43.019846737384796,0.430198475793004,2.4080688840150835,0.0,0.0,nan,nan,nan,nan,nan,nan,nan,nan,nan,nan,10240,-0.0012962482307338874,0.01306478464975953,1.020921277999878,-0.000275849224999547,0.09106695279479027,0.09106695279479027,0.06715263500809669,0.0014943655081900934,0.014243750076275319,0.8837730288505554,1.0,0.005399038461538461,0.00034725961538461543,1,0.0,0.0,0.0,0.62625,0.0,0.6321875,12.6259375
320,1027200,-23.997818663716316,-0.23997821494936944,-23.997818663716316,-0.23997821494936944,0.0,23.997818663716316,0.23997821494936944,47.02097897231579,0.47020978227257726,2.3003225523233413,0.0040625,0.0012309402901059187,-25.99182765185833,-0.2599182765185833,-25.99182765185833,-0.2599182765185833,100.0,1.7294009652733804,0.0,0.0,25.99182765185833,28.199860230088234,10272,-0.0013168761159526366,0.03998880311846733,1.010353696346283,0.013237159326672554,0.09132385402917861,0.09132385402917861,0.08087211698293686,0.0019949999317780344,0.01571250010674703,0.7285708785057068,1.0,0.005384615384615384,0.0003461538461538462,1,0.0,0.0,0.09375,0.6196875,0.0,0.6225,13.2959375
321,1030400,-27.301503747701645,-0.27301505379378793,-27.301503747701645,-0.27301505379378793,0.0,27.301503747701645,0.27301505379378793,43.71729388833046,0.43717294342815877,2.493652925491333,0.0003125,8.944792361022849e-05,nan,nan,nan,nan,nan,nan,nan,nan,nan,nan,10304,-0.0013822336422628701,0.01205853819847107,0.9938336431980133,-0.0006900423206388951,0.08087031506001949,0.08087031506001949,0.0835489932447672,0.0020352026491329495,0.016275000077439473,0.888559877872467,1.0,0.005370192307692308,0.000345048076923077,1,0.0,0.0,0.03125,0.6209375,0.0,0.6215625,12.5153125
322,1033600,-39.12499222159386,-0.39124991953372956,-39.12499222159386,-0.39124991953372956,0.0,39.12499222159386,0.39124991953372956,31.893805414438248,0.31893807768821714,2.8197757136821746,0.0,0.0,nan,nan,nan,nan,nan,nan,nan,nan,nan,nan,10336,-0.0011953249756713191,0.031227325089275837,0.9947918355464935,0.009090462047606707,0.08554888181388379,0.08554888181388379,0.11148709952831268,0.00200745676120487,0.01243749995410326,0.8394606709480286,1.0,0.00535576923076923,0.0003439423076923077,1,0.0,0.0,0.0,0.5284375,0.0,0.52875,19.3121875
323,1036800,-22.80965581536293,-0.22809656240046025,-22.80965581536293,-0.22809656240046025,0.0,22.80965581536293,0.22809656240046025,48.209141820669174,0.4820914348214864,2.1126423132419587,0.005,0.0016063522553583331,nan,nan,nan,nan,nan,nan,nan,nan,nan,nan,10368,-0.0019999176344368654,0.05486392788589001,1.0113942861557006,0.02002983894199133,0.14729052037000656,0.14729052037000656,0.12927537262439728,0.0034853583289097684,0.04557499960064888,0.6237013339996338,1.0,0.005341346153846153,0.00034283653846153844,1,0.0,0.0,0.0625,0.6078125,0.0,0.6125,12.9896875
324,1040000,-7.024780660867691,-0.07024782553315162,-7.024780660867691,-0.07024782553315162,0.0,7.024780660867691,0.07024782553315162,63.99401697516441,0.6399401716887951,1.983637455701828,0.01625,0.005446372168624483,nan,nan,nan,nan,nan,nan,nan,nan,nan,nan,10400,-0.0013901613166730441,0.2803241521120071,1.032552754878998,0.13327158093452454,0.11089777946472168,0.11089777946472168,0.2489108756184578,0.0019040943414459389,0.011456250032642857,0.23511499166488647,1.0,0.005326923076923076,0.0003417307692307692,1,0.0,0.0,0.09375,0.67625,0.0,0.676875,9.8903125
325,1043200,-28.140732035040855,-0.2814073469489813,-28.140732035040855,-0.2814073469489813,0.0,28.140732035040855,0.2814073469489813,42.87806560099125,0.4287806502729654,2.5053439021110533,0.00375,0.001069795176941585,nan,nan,nan,nan,nan,nan,nan,nan,nan,nan,10432,-0.0007194947191514256,0.04808737114071846,1.0354089617729187,0.017823581118136644,0.07036967910826206,0.07036967910826206,0.11914746239781379,0.00267929687834323,0.025574999672244303,0.7090039253234863,1.0,0.0053124999999999995,0.000340625,1,0.0,0.0,0.0625,0.5653125,0.0,0.565625,16.4065625
326,1046400,-26.470393642783165,-0.2647039511054754,-26.470393642783165,-0.2647039511054754,0.0,26.470393642783165,0.2647039511054754,44.54840399324894,0.4454840461164713,2.4213295859098434,0.0084375,0.002466146504782349,nan,nan,nan,nan,nan,nan,nan,nan,nan,nan,10464,-0.0011082451533875215,0.10008293986320496,1.0166744709014892,0.04354680590331554,0.0822709035128355,0.0822709035128355,0.1429444931447506,0.0026221836364149465,0.03288750073406845,0.6138222217559814,1.0,0.005298076923076923,0.00033951923076923075,1,0.0,0.0,0.125,0.5334375,0.0,0.535625,17.9621875
327,1049600,-31.223259583115578,-0.31223263286054137,-31.223259583115578,-0.31223263286054137,0.0,31.223259583115578,0.31223263286054137,39.79553805291653,0.39795536436140533,2.379228554368019,0.0,0.0,nan,nan,nan,nan,nan,nan,nan,nan,nan,nan,10496,-0.0015116702278261118,0.023792238719761372,1.0078939855098725,0.005059086391702295,0.07594788111746312,0.07594788111746312,0.10579750537872315,0.0015029690333924614,0.009956249827519059,0.8444648385047913,1.0,0.005283653846153846,0.00033841346153846156,1,0.0,0.0,0.0,0.6090625,0.0,0.6090625,13.785
328,1052800,-37.74027746915817,-0.3774027913808823,-37.74027746915817,-0.3774027913808823,0.0,37.74027746915817,0.3774027913808823,33.27852016687393,0.3327852058410644,2.5640026092529298,0.0,0.0,nan,nan,nan,nan,nan,nan,nan,nan,nan,nan,10528,-0.0014424323288373842,0.02320961616933346,1.0162744998931885,0.0048073908314108845,0.11904336139559746,0.11904336139559746,0.13134755119681357,0.0018612791223879522,0.019624999817460777,0.8613786697387695,1.0,0.005269230769230769,0.0003373076923076923,1,0.0,0.0,0.0,0.510625,0.0,0.5125,20.05625
329,1056000,-27.832319386303425,-0.2783231934905052,-27.832319386303425,-0.2783231934905052,0.0,27.832319386303425,0.2783231934905052,43.18647824972868,0.4318648037314415,2.347775544524193,0.0,0.0,nan,nan,nan,nan,nan,nan,nan,nan,nan,nan,10560,-0.0012560970095698565,0.017676045745611192,1.0145018458366395,0.002250913670286536,0.0915297068655491,0.0915297068655491,0.10401850864291191,0.0017259910819141535,0.01574374986230396,0.8538069128990173,1.0,0.0052548076923076914,0.00033620192307692306,1,0.0,0.0,0.0,0.645625,0.0,0.645625,12.8834375
330,1059200,-25.490541271865368,-0.2549054165184498,-25.490541271865368,-0.2549054165184498,0.0,25.490541271865368,0.2549054165184498,45.52825636416674,0.4552825807034969,2.251321788430214,0.003125,0.0009611475588544548,nan,nan,nan,nan,nan,nan,nan,nan,nan,nan,10592,-0.001232241788657884,0.04347323477268219,1.0484568357467652,0.01501005869358778,0.09522140249609948,0.09522140249609948,0.09587679207324981,0.0025696274336972436,0.023431250621069922,0.7493400573730469,1.0,0.005240384615384615,0.00033509615384615387,1,0.0,0.0,0.03125,0.63,0.0,0.630625,14.40875
331,1062400,-29.281581543385983,-0.29281580753624437,-29.281581543385983,-0.29281580753624437,0.0,29.281581543385983,0.29281580753624437,41.73721609264612,0.41737218968570233,2.282994114756584,0.0,0.0,nan,nan,nan,nan,nan,nan,nan,nan,nan,nan,10624,-0.001105778317141848,0.01803322397172451,1.0242667555809022,0.002558054868131876,0.06194507107138634,0.06194507107138634,0.10869012922048568,0.001321530870338636,0.005512500082841143,0.8649687767028809,1.0,0.005225961538461538,0.0003339903846153846,1,0.0,0.0,0.0,0.60125,0.0,0.6034375,14.175
332,1065600,-23.585213750600815,-0.2358521222323179,-23.585213750600815,-0.2358521222323179,0.0,23.585213750600815,0.2358521222323179,47.43358388543129,0.4743358749896288,2.3108241146802904,0.0034375,0.0010382611340656923,nan,nan,nan,nan,nan,nan,nan,nan,nan,nan,10656,-0.0015606382266385665,0.04706686958670616,1.0272377967834472,0.016619307082146408,0.17196397855877876,0.17196397855877876,0.09636788815259933,0.0020620842202355386,0.015849999990314244,0.7141741514205933,1.0,0.005211538461538461,0.0003328846153846154,1,0.0,0.0,0.03125,0.6475,0.0,0.6525,11.72875
333,1068800,-24.06362946331501,-0.24063631862401963,-24.06362946331501,-0.24063631862401963,0.0,24.06362946331501,0.24063631862401963,46.955168172717094,0.46955167859792707,2.330196192264557,0.0090625,0.002721311141082482,nan,nan,nan,nan,nan,nan,nan,nan,nan,nan,10688,-0.001553416311996969,0.16306888312101364,0.9974587678909301,0.0747971162199974,0.1128596968948841,0.1128596968948841,0.15702417641878127,0.0028224207955667383,0.02806249989080243,0.5599846839904785,1.0,0.005197115384615384,0.0003317788461538462,1,0.0,0.0,0.0625,0.5828125,0.0,0.58875,15.5753125
334,1072000,-24.354195162653923,-0.24354194723069666,-24.354195162653923,-0.24354194723069666,0.0,24.354195162653923,0.24354194723069666,46.66460247337818,0.46664604999125003,2.1372658252716064,0.00375,0.0011953083381690637,nan,nan,nan,nan,nan,nan,nan,nan,nan,nan,10720,-0.0007537496378478004,0.056727814674377444,0.9837053537368774,0.02251191549003124,0.06995711326599122,0.06995711326599122,0.1404058203101158,0.0011091169362793692,0.004125000041676685,0.6492278575897217,1.0,0.005182692307692307,0.00033067307692307693,1,0.0,0.0,0.03125,0.621875,0.0,0.6246875,12.9321875
335,1075200,-39.23665641248226,-0.3923665599524975,-39.23665641248226,-0.3923665599524975,0.0,39.23665641248226,0.3923665599524975,31.782141223549843,0.3178214372694492,3.3072883707284926,0.0,0.0,nan,nan,nan,nan,nan,nan,nan,nan,nan,nan,10752,-0.0010972396236262228,0.018455624021589755,0.9540920615196228,0.0031995675060898067,0.07274771891534329,0.07274771891534329,0.08255540132522583,0.001868728787669572,0.015531249996274709,0.8891646862030029,1.0,0.005168269230769231,0.00032956730769230773,1,0.0,0.0,0.0,0.475,0.0,0.4771875,20.3259375
336,1078400,-30.950987733900547,-0.30950987644493577,-30.950987733900547,-0.30950987644493577,0.0,30.950987733900547,0.30950987644493577,40.06780990213156,0.4006781207770109,2.5124183559417723,0.004375,0.0012455805535234847,nan,nan,nan,nan,nan,nan,nan,nan,nan,nan,10784,-0.0012447854905214717,0.06580962538719178,0.9851241886615754,0.026582848839461805,0.07592526488006116,0.07592526488006116,0.13590386584401132,0.0023749928961501318,0.02502500036425772,0.6934094429016113,1.0,0.005153846153846154,0.0003284615384615385,1,0.0,0.0,0.03125,0.546875,0.0,0.55125,17.6071875
337,1081600,-26.73189852386713,-0.2673189869523048,-26.73189852386713,-0.2673189869523048,0.0,26.73189852386713,0.2673189869523048,44.286899112164974,0.44286901026964187,2.6052363222837447,0.0025,0.0006934358184920232,nan,nan,nan,nan,nan,nan,nan,nan,nan,nan,10816,-0.0014708515260135834,0.03116245325654745,0.9888767659664154,0.009028118709102273,0.1238868847489357,0.1238868847489357,0.1294891394674778,0.0032028802212176084,0.037925000383256705,0.8026278018951416,1.0,0.005139423076923077,0.00032735576923076924,1,0.0,0.0,0.03125,0.5653125,0.0,0.5715625,14.8525
338,1084800,-25.112230509519577,-0.2511222890764475,-25.112230509519577,-0.2511222890764475,0.0,25.112230509519577,0.2511222890764475,45.90656712651253,0.4590657081454992,2.496465364694595,0.005625,0.0016087675447319424,nan,nan,nan,nan,nan,nan,nan,nan,nan,nan,10848,-0.0011084766754589498,0.059438728541135785,0.9750864684581757,0.023613569512963294,0.1094084583222866,0.1094084583222866,0.10560038387775421,0.0020795940246920628,0.022881250112550332,0.7116762399673462,1.0,0.005125,0.00032625000000000004,1,0.0,0.0,0.0625,0.58625,0.0,0.5878125,15.055625
339,1088000,-22.393487498164177,-0.22393487937748432,-22.393487498164177,-0.22393487937748432,0.0,22.393487498164177,0.22393487937748432,48.62531013786793,0.48625311784446235,2.3882059693336486,0.0090625,0.002674719329941533,nan,nan,nan,nan,nan,nan,nan,nan,nan,nan,10880,-0.0017901145073468071,0.10688023716211319,0.9954629302024841,0.046562614291906355,0.15960205271840094,0.15960205271840094,0.1876547433435917,0.0023569953846184918,0.027368749323068188,0.5483306050300598,1.0,0.005110576923076923,0.0003251442307692308,1,0.0,0.0,0.09375,0.5621875,0.0,0.5646875,16.3446875
340,1091200,-28.235756501555443,-0.2823575768619776,-28.235756501555443,-0.2823575768619776,0.0,28.235756501555443,0.2823575768619776,42.78304113447666,0.4278304203599691,2.6586881923675536,0.005,0.0013666100353756786,-25.49344027787447,-0.2549344027787447,-25.49344027787447,-0.2549344027787447,100.0,1.683360389918089,0.0,0.0,25.49344027787447,28.698247604072094,10912,-0.0004939465419905531,0.0714356280863285,0.9605586349964141,0.030328712612390517,0.06325386688113213,0.06325386688113213,0.10000596269965172,0.001319127191165948,0.010018749907612801,0.7012232542037964,1.0,0.005096153846153847,0.0003240384615384616,1,0.0,0.0,0.0625,0.5334375,0.0,0.538125,17.7634375
341,1094400,-29.486937433481216,-0.2948693670332432,-29.486937433481216,-0.2948693670332432,0.0,29.486937433481216,0.2948693670332432,41.53186020255089,0.4153186301887035,2.6024483597278594,0.003125,0.0008674655922718272,nan,nan,nan,nan,nan,nan,nan,nan,nan,nan,10944,-0.0015221447910007235,0.03644175380468369,1.0220889329910279,0.011504751117900013,0.10276699028909206,0.10276699028909206,0.11805267333984375,0.0025139908208097407,0.024837500276044013,0.7601224780082703,1.0,0.005081730769230769,0.00032293269230769235,1,0.0,0.0,0.0625,0.59,0.0,0.5928125,16.0321875
342,1097600,-28.48193445801735,-0.2848193343728781,-28.48193445801735,-0.2848193343728781,0.0,28.48193445801735,0.2848193343728781,42.536863178014755,0.4253686628490686,2.323368428945541,0.0,0.0,nan,nan,nan,nan,nan,nan,nan,nan,nan,nan,10976,-0.001410838941868775,0.012235200684517621,1.0113949418067931,-0.00041828774847090243,0.11345110535621643,0.11345110535621643,0.07637619376182556,0.0022218190672015346,0.016718749975552782,0.8879765272140503,1.0,0.005067307692307691,0.00032182692307692305,1,0.0,0.0,0.0,0.5921875,0.0,0.5940625,14.3934375
343,1100800,-20.85975083708763,-0.2085975205898285,-20.85975083708763,-0.2085975205898285,0.0,20.85975083708763,0.2085975205898285,50.15904679894447,0.5015904766321182,2.1597771286964416,0.005,0.0015823900852345045,nan,nan,nan,nan,nan,nan,nan,nan,nan,nan,11008,-0.0013520571567816608,0.06915671974420548,0.9765103280544281,0.028292107954621316,0.16718353554606438,0.16718353554606438,0.133773622661829,0.0016310624065249194,0.011924999859184026,0.6247014999389648,1.0,0.0050528846153846145,0.0003207211538461538,1,0.0,0.0,0.03125,0.65,0.0,0.650625,12.5346875
344,1104000,-31.587905570864677,-0.3158790532499552,-31.587905570864677,-0.3158790532499552,0.0,31.587905570864677,0.3158790532499552,39.43089206516743,0.3943089439719915,2.5754329973459242,0.0,0.0,nan,nan,nan,nan,nan,nan,nan,nan,nan,nan,11040,-0.0010774121896014676,0.011373521387577057,0.9603435933589936,-0.0002293058205395937,0.08552826046943665,0.08552826046943665,0.08387962207198144,0.0011861115181112806,0.00808124984614551,0.8977721929550171,1.0,0.005038461538461538,0.0003196153846153846,1,0.0,0.0,0.0,0.565625,0.0,0.57,16.0053125
345,1107200,-34.47549061477184,-0.3447549346089363,-34.47549061477184,-0.3447549346089363,0.0,34.47549061477184,0.3447549346089363,36.54330702126026,0.3654330626130104,2.537536507844925,0.001875,0.0005300298656542357,nan,nan,nan,nan,nan,nan,nan,nan,nan,nan,11072,-0.0022718534348066923,0.0314895536750555,0.9281808614730835,0.008809706987813115,0.1786447249352932,0.1786447249352932,0.1187086433172226,0.0030901569858565684,0.029931249655783178,0.8470684289932251,1.0,0.005024038461538461,0.00031850961538461536,1,0.0,0.0,0.03125,0.5690625,0.0,0.57,16.85375
346,1110400,-14.786521226167679,-0.14786514990031718,-14.786521226167679,-0.14786514990031718,0.0,14.786521226167679,0.14786514990031718,56.232276409864426,0.5623228473216295,2.6084375351667406,0.016875,0.004676539315296816,nan,nan,nan,nan,nan,nan,nan,nan,nan,nan,11104,-0.0008010743295220557,0.4742554038763046,0.9564270496368408,0.23153529614210128,0.08404431343078614,0.08404431343078614,0.36298367381095886,0.0017117366172919035,0.013906250230502338,0.18029099702835083,1.0,0.005009615384615384,0.00031740384615384616,1,0.0,0.0,0.03125,0.5809375,0.0,0.584375,15.6453125
347,1113600,-24.780804008245468,-0.2478080428391695,-24.780804008245468,-0.2478080428391695,0.0,24.780804008245468,0.2478080428391695,46.237993627786636,0.46237995438277724,2.3307854545116427,0.0015625,0.00046910856953681895,nan,nan,nan,nan,nan,nan,nan,nan,nan,nan,11136,-0.0014951419333694594,0.02085276208817959,0.9726723194122314,0.004072553804144263,0.157159224152565,0.157159224152565,0.10623865276575088,0.002464938553751034,0.02629374973475933,0.7708926200866699,1.0,0.004995192307692307,0.0003162980769230769,1,0.0,0.0,0.03125,0.625625,0.0,0.626875,12.23
348,1116800,-24.323446571826935,-0.24323446460068227,-24.323446571826935,-0.24323446460068227,0.0,24.323446571826935,0.24323446460068227,46.69535106420517,0.46695353262126443,2.737343458533287,0.0046875,0.001254233134312895,nan,nan,nan,nan,nan,nan,nan,nan,nan,nan,11168,-0.0012471701352158471,0.03550190441310406,0.9327349424362182,0.011858044937252999,0.15639974251389505,0.15639974251389505,0.07203282602131367,0.0019611670242761317,0.017987500317394732,0.7328928112983704,1.0,0.0049807692307692305,0.00031519230769230767,1,0.0,0.0,0.09375,0.599375,0.0,0.599375,13.7396875
349,1120000,-30.05852261185646,-0.3005852223932743,-30.05852261185646,-0.3005852223932743,0.0,30.05852261185646,0.3005852223932743,40.960275024175644,0.4096027748286724,2.4421245473623276,0.00125,0.0003631478125792587,nan,nan,nan,nan,nan,nan,nan,nan,nan,nan,11200,-0.0012572962977574153,0.01852048244327307,0.9274670004844665,0.003396822698414326,0.08834562003612519,0.08834562003612519,0.09714746549725532,0.00265349652254601,0.030637500655575422,0.8430275321006775,1.0,0.004966346153846154,0.0003140865384615385,1,0.0,0.0,0.03125,0.5659375,0.0,0.566875,15.999375
350,1123200,-31.33878894150257,-0.31338791333138943,-31.33878894150257,-0.31338791333138943,0.0,31.33878894150257,0.31338791333138943,39.68000869452953,0.39680008389055726,2.1742452239990233,0.0,0.0,nan,nan,nan,nan,nan,nan,nan,nan,nan,nan,11232,-0.0007397938042384312,0.01494542881846428,0.9622654020786285,0.0019678561482578518,0.05513145886361599,0.05513145886361599,0.08304052986204624,0.0008882047019165126,0.0034874999430030583,0.889195442199707,1.0,0.004951923076923077,0.0003129807692307692,1,0.0,0.0,0.0,0.593125,0.0,0.5940625,15.59875
351,1126400,-22.006500348448753,-0.2200649940222502,-22.006500348448753,-0.2200649940222502,0.0,22.006500348448753,0.2200649940222502,49.01229728758335,0.4901230031996965,2.285947834253311,0.0040625,0.0012363251654976897,nan,nan,nan,nan,nan,nan,nan,nan,nan,nan,11264,-0.0009108775213185982,0.05569708980619907,0.9597472667694091,0.022198915109038354,0.08794063851237297,0.08794063851237297,0.10900280475616456,0.0018554690414043016,0.01620624990318902,0.5627381205558777,1.0,0.004937499999999999,0.00031187500000000003,1,0.0,0.0,0.03125,0.6596875,0.0,0.663125,11.3915625
352,1129600,-26.329043731093407,-0.263290438875556,-26.329043731093407,-0.263290438875556,0.0,26.329043731093407,0.263290438875556,44.6897539049387,0.4468975583463907,2.2428679490089416,0.0,0.0,nan,nan,nan,nan,nan,nan,nan,nan,nan,nan,11296,-0.0011425961347180547,0.00883378037251532,0.9728615820407868,-0.0015151782426983118,0.1078192874789238,0.1078192874789238,0.06160517111420631,0.002418341232989912,0.02508749987464398,0.9095829129219055,1.0,0.004923076923076922,0.0003107692307692308,1,0.0,0.0,0.0,0.5925,0.0,0.596875,13.37375
353,1132800,-28.770747050642967,-0.2877074699103832,-28.770747050642967,-0.2877074699103832,0.0,28.770747050642967,0.2877074699103832,42.24805058538914,0.4224805273115635,2.311152784228325,0.0,0.0,nan,nan,nan,nan,nan,nan,nan,nan,nan,nan,11328,-0.0012538223507696955,0.015186699759215116,0.9667117178440094,0.0015942742815241218,0.11368277817964553,0.11368277817964553,0.07872858420014381,0.0021101747704983763,0.01838749976523104,0.8091530203819275,1.0,0.004908653846153846,0.00030966346153846154,1,0.0,0.0,0.0,0.595625,0.0,0.610625,13.9496875
354,1136000,-39.07995656132698,-0.3907995932549238,-39.07995656132698,-0.3907995932549238,0.0,39.07995656132698,0.3907995932549238,31.938841074705124,0.3193884039670229,3.055536448955536,0.0,0.0,nan,nan,nan,nan,nan,nan,nan,nan,nan,nan,11360,-0.0007037758079416534,0.026913693360984325,0.9352904498577118,0.008175543323159219,0.08648917898535728,0.08648917898535728,0.1294958233833313,0.0012548533508402679,0.007675000044400804,0.8264127969741821,1.0,0.004894230769230769,0.00030855769230769234,1,0.0,0.0,0.0,0.5290625,0.0,0.5290625,18.6725
355,1139200,-29.177883133292198,-0.291778809055686,-29.177883133292198,-0.291778809055686,0.0,29.177883133292198,0.291778809055686,41.840914502739906,0.4184091881662607,2.5840414547920227,0.0021875,0.0006103445028726483,nan,nan,nan,nan,nan,nan,nan,nan,nan,nan,11392,-0.0010002930416842081,0.03407157398760319,0.9640941202640534,0.011330900248140097,0.08326783515512944,0.08326783515512944,0.0951508827507496,0.0015946659375935999,0.014918750076321884,0.779556155204773,1.0,0.004879807692307692,0.0003074519230769231,1,0.0,0.0,0.03125,0.596875,0.0,0.601875,14.321875
356,1142400,-25.74446952342987,-0.2574446978420019,-25.74446952342987,-0.2574446978420019,0.0,25.74446952342987,0.2574446978420019,45.274328112602234,0.4527432993799448,1.9744123387336732,0.0,0.0,nan,nan,nan,nan,nan,nan,nan,nan,nan,nan,11424,-0.0010658964476256915,0.010404936596751213,0.9466077864170075,-0.00046903903130441905,0.08620629943907261,0.08620629943907261,0.07679572254419327,0.001431392339511707,0.01006874970626086,0.8742801547050476,1.0,0.004865384615384615,0.0003063461538461539,1,0.0,0.0,0.0,0.63625,0.0,0.6425,11.2315625
357,1145600,-17.336069732904434,-0.17336070142686366,-17.336069732904434,-0.17336070142686366,0.0,17.336069732904434,0.17336070142686366,53.68272790312767,0.536827295795083,1.9405430436134339,0.005,0.0017003661996580874,nan,nan,nan,nan,nan,nan,nan,nan,nan,nan,11456,-0.000838020885456281,0.07567403838038445,0.9583258628845215,0.03235019613057375,0.06467609517276288,0.06467609517276288,0.11892879605293274,0.0013691397485695274,0.008575000072596595,0.4992924928665161,1.0,0.004850961538461538,0.00030524038461538465,1,0.0,0.0,0.0625,0.674375,0.0,0.676875,9.00625
358,1148800,-34.915728121995926,-0.34915726505219935,-34.915728121995926,-0.34915726505219935,0.0,34.915728121995926,0.34915726505219935,36.10306951403618,0.36103073216974735,2.9158910262584685,0.0,0.0,nan,nan,nan,nan,nan,nan,nan,nan,nan,nan,11488,-0.0009932364390697224,0.01871607881039381,0.9356904685497284,0.0038393002469092607,0.06046516075730324,0.06046516075730324,0.10079571902751923,0.0006609836851589072,0.0024812500400003047,0.8883342742919922,1.0,0.0048365384615384616,0.0003041346153846154,1,0.0,0.0,0.0,0.5484375,0.0,0.553125,18.44125
359,1152000,-33.791015058755875,-0.33791014954447746,-33.791015058755875,-0.33791014954447746,0.0,33.791015058755875,0.33791014954447746,37.22778257727623,0.37227784767746924,2.656215769648552,0.0,0.0,nan,nan,nan,nan,nan,nan,nan,nan,nan,nan,11520,-0.0007694919601314964,0.014104659482836724,0.9274074554443359,0.0018107720650732517,0.07399568744003773,0.07399568744003773,0.07192777581512928,0.0013950849715933845,0.010406249936204403,0.8868323564529419,1.0,0.004822115384615385,0.0003030288461538462,1,0.0,0.0,0.0,0.52375,0.0,0.5290625,18.3865625
360,1155200,-25.810220137238503,-0.2581022131443024,-25.810220137238503,-0.2581022131443024,0.0,25.810220137238503,0.2581022131443024,45.2085774987936,0.4520857840776443,2.2569108211994173,0.0009375,0.0002878494535059908,-24.60391469951719,-0.2460391469951719,-24.60391469951719,-0.2460391469951719,100.0,1.596821533665061,0.0,0.0,24.60391469951719,29.587773182429373,11552,-0.001096066769969184,0.017372500523924826,0.9695119023323059,0.002929068449884653,0.12148394472897053,0.12148394472897053,0.11980556771159172,0.0022339764109369576,0.022606250339595135,0.8089191317558289,1.0,0.004807692307692308,0.00030192307692307696,1,0.0,0.0,0.0625,0.65875,0.0,0.659375,11.664375
361,1158400,-27.024857357144356,-0.27024858199059965,-27.024857357144356,-0.27024858199059965,0.0,27.024857357144356,0.27024858199059965,43.99394027888775,0.43993941523134705,2.4217941474914553,0.0,0.0,nan,nan,nan,nan,nan,nan,nan,nan,nan,nan,11584,-0.0016506220268435179,0.010380509495735168,0.9466372191905975,-0.0009978542337194085,0.08855560421943665,0.08855560421943665,0.08157571777701378,0.0016831824745191127,0.01609375002444722,0.8943449258804321,1.0,0.00479326923076923,0.00030081730769230766,1,0.0,0.0,0.0,0.639375,0.0,0.6396875,12.10125
362,1161600,-20.167931213974953,-0.2016793267428875,-20.167931213974953,-0.2016793267428875,0.0,20.167931213974953,0.2016793267428875,50.85086642205715,0.5085086704790592,1.6828953140974046,0.001875,0.0006988718457062864,nan,nan,nan,nan,nan,nan,nan,nan,nan,nan,11616,-0.0012211353676393698,0.021900100447237492,0.9826181590557098,0.005033133877441287,0.11618152558803559,0.11618152558803559,0.07577060610055923,0.0023295434570196785,0.028324999986216425,0.7609423995018005,1.0,0.004778846153846153,0.00029971153846153846,1,0.0,0.0,0.03125,0.7234375,0.0,0.725625,8.2990625
363,1164800,-29.00544561445713,-0.29005445785820483,-29.00544561445713,-0.29005445785820483,0.0,29.00544561445713,0.29005445785820483,42.013352021574974,0.42013353936374187,2.679808646440506,0.0003125,8.492289410273617e-05,nan,nan,nan,nan,nan,nan,nan,nan,nan,nan,11648,-0.0009569316193228427,0.014922989066690207,0.9342640817165375,0.0020533333998173477,0.09697787389159203,0.09697787389159203,0.06637614853680134,0.0018634488093109609,0.019099999766331165,0.8561254739761353,1.0,0.004764423076923076,0.0002986057692307692,1,0.0,0.0,0.03125,0.6078125,0.0,0.6103125,13.0428125
364,1168000,-22.35989309847355,-0.22359892673790455,-22.35989309847355,-0.22359892673790455,0.0,22.35989309847355,0.22359892673790455,48.658904537558556,0.48658907048404215,2.4717574453353883,0.0053125,0.0015302048267046453,nan,nan,nan,nan,nan,nan,nan,nan,nan,nan,11680,-0.0010687623338773821,0.05901867523789406,0.9515984117984772,0.02392048351466656,0.16814057677984237,0.16814057677984237,0.09235887229442596,0.0016800106008326688,0.01128124994575046,0.6342815160751343,1.0,0.004749999999999999,0.00029749999999999997,1,0.0,0.0,0.0625,0.65375,0.0,0.6553125,11.8565625
365,1171200,-36.69626875221729,-0.36696268238127233,-36.69626875221729,-0.36696268238127233,0.0,36.69626875221729,0.36696268238127233,34.32252888381481,0.34322531484067437,3.273793680667877,0.0,0.0,nan,nan,nan,nan,nan,nan,nan,nan,nan,nan,11712,-0.0011423493141366591,0.018921788409352304,0.9242295384407043,0.003941784845665097,0.10013523362576962,0.10013523362576962,0.08479130417108535,0.0015362044519883842,0.011656250058877049,0.8819197416305542,1.0,0.004735576923076922,0.0002963942307692308,1,0.0,0.0,0.0,0.540625,0.0,0.5425,17.4696875
366,1174400,-25.663113608956337,-0.256631146222353,-25.663113608956337,-0.256631146222353,0.0,25.663113608956337,0.256631146222353,45.35568402707577,0.4535568509995937,2.278628797531128,0.0034375,0.0010484565994749102,nan,nan,nan,nan,nan,nan,nan,nan,nan,nan,11744,-0.0009081037553172689,0.028906506672501563,0.9527557671070099,0.009047042857855559,0.10863495394587516,0.10863495394587516,0.10229146182537079,0.001783632277513357,0.01844375022337772,0.8124386072158813,1.0,0.004721153846153845,0.0002952884615384615,1,0.0,0.0,0.0625,0.6,0.0,0.6015625,14.38375
367,1177600,-33.45858035236597,-0.33458579406142236,-33.45858035236597,-0.33458579406142236,0.0,33.45858035236597,0.33458579406142236,37.560217283666134,0.37560220316052434,2.751212704181671,0.0,0.0,nan,nan,nan,nan,nan,nan,nan,nan,nan,nan,11776,-0.0008124630870181227,0.022714130394160748,0.9234194576740264,0.006198315462097525,0.10219717994332314,0.10219717994332314,0.10277290791273117,0.0015415690337271409,0.013112500167335384,0.8746419548988342,1.0,0.004706730769230769,0.00029418269230769233,1,0.0,0.0,0.0,0.6115625,0.0,0.6128125,15.210625
368,1180800,-33.31813180446625,-0.33318133041262626,-33.31813180446625,-0.33318133041262626,0.0,33.31813180446625,0.33318133041262626,37.70066583156586,0.37700666680932043,2.4560813760757445,0.0,0.0,nan,nan,nan,nan,nan,nan,nan,nan,nan,nan,11808,-0.000966950956934376,0.019461535662412644,0.9247690618038178,0.004424515785649419,0.13984101489186287,0.13984101489186287,0.09291080981492997,0.0017861274929622064,0.017087500053457917,0.8538485169410706,1.0,0.004692307692307692,0.0002930769230769231,1,0.0,0.0,0.0,0.596875,0.0,0.5971875,15.2003125
369,1184000,-23.164226111024618,-0.23164223618805407,-23.164226111024618,-0.23164223618805407,0.0,23.164226111024618,0.23164223618805407,47.854571525007486,0.4785457610338926,2.507255113720894,0.0059375,0.00169291933648386,nan,nan,nan,nan,nan,nan,nan,nan,nan,nan,11840,-0.0007499222256476034,0.05924772471189499,0.9623659014701843,0.024372103810310363,0.10762941837310791,0.10762941837310791,0.11036392375826835,0.0015815036240405048,0.01111875003844034,0.6739985942840576,1.0,0.004677884615384615,0.00029197115384615383,1,0.0,0.0,0.09375,0.620625,0.0,0.6221875,13.6421875
370,1187200,-25.263905808329582,-0.25263905100524425,-25.263905808329582,-0.25263905100524425,0.0,25.263905808329582,0.25263905100524425,45.75489182770252,0.45754894621670245,2.2038020342588425,0.0015625,0.00048770179408462233,nan,nan,nan,nan,nan,nan,nan,nan,nan,nan,11872,-0.0013806324524630487,0.021884519793093204,0.9180097699165344,0.005280524305999279,0.11114884316921234,0.11114884316921234,0.08168116807937623,0.001387841462294456,0.012774999713292346,0.8028494119644165,1.0,0.004663461538461538,0.00029086538461538464,1,0.0,0.0,0.03125,0.6475,0.0,0.6525,11.6478125
371,1190400,-28.930424720048904,-0.28930428199470043,-28.930424720048904,-0.28930428199470043,0.0,28.930424720048904,0.28930428199470043,42.0883729159832,0.42088371522724627,2.3665487539768217,0.0028125,0.0008354252991814427,nan,nan,nan,nan,nan,nan,nan,nan,nan,nan,11904,-0.001160711328184716,0.041340331360697744,0.9533117413520813,0.015077471639961005,0.09028951078653336,0.09028951078653336,0.11748111918568611,0.0012082432687771003,0.008043749979697168,0.7111467719078064,1.0,0.004649038461538461,0.0002897596153846154,1,0.0,0.0,0.09375,0.6215625,0.0,0.625625,14.9278125
372,1193600,-11.36332654953003,-0.11363317094743251,-11.36332654953003,-0.11363317094743251,0.0,11.36332654953003,0.11363317094743251,59.655471086502075,0.5965548262745142,2.222202523946762,0.0209375,0.00649788455083028,nan,nan,nan,nan,nan,nan,nan,nan,nan,nan,11936,-0.0018502174159977791,0.5917103946208954,0.9595883131027222,0.2895576566457748,0.274210748821497,0.274210748821497,0.27478344589471815,0.00313895032886876,0.038274998962879184,0.30479347705841064,1.0,0.004634615384615385,0.0002886538461538462,1,0.0,0.0,0.0625,0.6271875,0.0,0.628125,14.5003125
373,1196800,-27.166435785591602,-0.27166436791419984,-27.166435785591602,-0.27166436791419984,0.0,27.166435785591602,0.27166436791419984,43.8523618504405,0.43852362930774685,2.2869391125440597,0.0,0.0,nan,nan,nan,nan,nan,nan,nan,nan,nan,nan,11968,-0.0010699274618178657,0.012364039197564125,0.9486561000347138,0.0007291187066584826,0.08425137400627136,0.08425137400627136,0.0902991235256195,0.0014436795761891316,0.011812499965890311,0.8623102903366089,1.0,0.004620192307692308,0.00028754807692307695,1,0.0,0.0,0.0,0.6221875,0.0,0.629375,12.3484375
374,1200000,-25.52414181828499,-0.25524141155183316,-25.52414181828499,-0.25524141155183316,0.0,25.52414181828499,0.25524141155183316,45.494655817747116,0.45494658567011353,2.227617633342743,0.0021875,0.0006777444692959105,nan,nan,nan,nan,nan,nan,nan,nan,nan,nan,12000,-0.0007129947826066019,0.029685136489570142,0.9667360365390778,0.009677010821178555,0.060566588491201404,0.060566588491201404,0.10247191190719604,0.0008590294994087211,0.004606250009965151,0.7823913097381592,1.0,0.00460576923076923,0.0002864423076923077,1,0.0,0.0,0.03125,0.6434375,0.0,0.644375,12.3146875
375,1203200,-14.926259346306324,-0.14926260732114316,-14.926259346306324,-0.14926260732114316,0.0,14.926259346306324,0.14926260732114316,56.09253828972578,0.5609253899008035,1.880078136920929,0.0090625,0.0031466160184420045,nan,nan,nan,nan,nan,nan,nan,nan,nan,nan,12032,-0.0010499044257565426,0.09982194155454635,0.9420552432537079,0.04453576430678367,0.1666991002857685,0.1666991002857685,0.1304662637412548,0.002203087757518505,0.018618750059977172,0.5900633335113525,1.0,0.004591346153846153,0.0002853365384615385,1,0.0,0.0,0.09375,0.6528125,0.0,0.653125,11.2146875
376,1206400,-19.933328181505203,-0.19933329820632933,-19.933328181505203,-0.19933329820632933,0.0,19.933328181505203,0.19933329820632933,51.0854694545269,0.5108546990156173,2.4587040865421295,0.01125,0.0032526633439888433,nan,nan,nan,nan,nan,nan,nan,nan,nan,nan,12064,-0.0011636099410010647,0.14565624743700029,0.9235550045967102,0.06743747517466545,0.12119674198329448,0.12119674198329448,0.14793420508503913,0.001773468823741932,0.013524999702349305,0.5347718000411987,1.0,0.0045769230769230765,0.00028423076923076926,1,0.0,0.0,0.09375,0.5809375,0.0,0.58125,14.6584375
377,1209600,-20.60046496987343,-0.20600465454161168,-20.60046496987343,-0.20600465454161168,0.0,20.60046496987343,0.20600465454161168,50.418332666158676,0.504183342680335,1.9961260026693344,0.005625,0.0018774243790109385,nan,nan,nan,nan,nan,nan,nan,nan,nan,nan,12096,-0.001126366648008137,0.06638451926410198,0.9680198311805726,0.02764930296689272,0.16084921211004258,0.16084921211004258,0.12429329007863998,0.0019667183762090016,0.02169374998047715,0.711455225944519,1.0,0.0045625,0.00028312500000000006,1,0.0,0.0,0.0625,0.6446875,0.0,0.6453125,12.183125
378,1212800,-21.129176765680313,-0.21129176635295152,-21.129176765680313,-0.21129176635295152,0.0,21.129176765680313,0.21129176635295152,49.88962087035179,0.49889623086899515,2.088624567985535,0.0059375,0.0019223767309060036,nan,nan,nan,nan,nan,nan,nan,nan,nan,nan,12128,-0.0008416717407904617,0.09974622875452041,0.969847685098648,0.04462050013244152,0.09206528812646866,0.09206528812646866,0.10176711603999138,0.0014023127652785731,0.009181249921675771,0.6485244035720825,1.0,0.004548076923076923,0.0002820192307692308,1,0.0,0.0,0.03125,0.6584375,0.0,0.6584375,11.8728125
379,1216000,-18.161165848374367,-0.1816116463392973,-18.161165848374367,-0.1816116463392973,0.0,18.161165848374367,0.1816116463392973,52.85763178765774,0.5285763508826494,1.848245896100998,0.0053125,0.001865183061361504,nan,nan,nan,nan,nan,nan,nan,nan,nan,nan,12160,-0.0006514941249042394,0.058929534256458284,1.014117217063904,0.024215616472065448,0.06406584456562996,0.06406584456562996,0.1697939306497574,0.0013139680042536564,0.010075000252982136,0.6389580368995667,1.0,0.004533653846153846,0.00028091346153846157,1,0.0,0.0,0.0625,0.6659375,0.0,0.6659375,10.1978125
380,1219200,-25.52729171514511,-0.2552729080617428,-25.52729171514511,-0.2552729080617428,0.0,25.52729171514511,0.2552729080617428,45.49150592088699,0.4549150891602039,2.4351541143655777,0.005,0.0014555387716348284,-24.285711569711566,-0.24285711569711566,-24.285711569711566,-0.24285711569711566,100.0,1.5620757462084294,0.0,0.0,24.285711569711566,29.905976312234998,12192,-0.001198962096998013,0.08751198798418044,0.9607365548610687,0.03821524269878864,0.08679983988404275,0.08679983988404275,0.1733442574739456,0.001754953667843866,0.017225000262260436,0.6550015807151794,1.0,0.004519230769230769,0.0002798076923076924,1,0.0,0.0,0.0625,0.59,0.0,0.5903125,14.183125
381,1222400,-26.03928704559803,-0.2603928571566939,-26.03928704559803,-0.2603928571566939,0.0,26.03928704559803,0.2603928571566939,44.979510590434074,0.4497951400652528,2.1195525830984114,0.000625,0.000200349243473638,nan,nan,nan,nan,nan,nan,nan,nan,nan,nan,12224,-0.0008369699829927413,0.014715493377298116,0.979220199584961,0.002109577972441912,0.10941740497946739,0.10941740497946739,0.0865302674472332,0.0014471185386377896,0.011012500146171078,0.8997915983200073,1.0,0.004504807692307692,0.00027870192307692307,1,0.0,0.0,0.03125,0.6265625,0.0,0.62875,12.4496875
382,1225600,-24.443305261433125,-0.24443308249115944,-24.443305261433125,-0.24443308249115944,0.0,24.443305261433125,0.24443308249115944,46.57549237459898,0.46575491473078723,2.334331135749817,0.0025,0.0007497755616398326,nan,nan,nan,nan,nan,nan,nan,nan,nan,nan,12256,-0.0009473667420796028,0.03793809339404106,1.0008069097995758,0.013527671992778777,0.11026658378541469,0.11026658378541469,0.10674849599599838,0.0026929252460853666,0.027225000305770665,0.6287254095077515,1.0,0.004490384615384615,0.0002775961538461538,1,0.0,0.0,0.03125,0.6390625,0.0,0.639375,12.2375
383,1228800,-28.614382795989513,-0.28614380456507205,-28.614382795989513,-0.28614380456507205,0.0,28.614382795989513,0.28614380456507205,42.40441484004259,0.42404419265687465,2.2366069826483725,0.0009375,0.000289655186751431,nan,nan,nan,nan,nan,nan,nan,nan,nan,nan,12288,-0.0011274613862042315,0.017932199593633413,0.9746006727218628,0.0034763633739203215,0.13447004780173302,0.13447004780173302,0.10447184070944786,0.001780441009761769,0.016087500093271957,0.8372645378112793,1.0,0.004475961538461538,0.0002764903846153846,1,0.0,0.0,0.03125,0.5915625,0.0,0.5915625,15.315625
384,1232000,-32.582861706614494,-0.3258286428079009,-32.582861706614494,-0.3258286428079009,0.0,32.582861706614494,0.3258286428079009,38.43593592941761,0.3843593544140458,2.4402520403265955,0.0,0.0,nan,nan,nan,nan,nan,nan,nan,nan,nan,nan,12320,-0.0008349305307492561,0.01342981131747365,0.9328879535198211,0.0017178596463054419,0.09000883996486664,0.09000883996486664,0.08867262601852417,0.001834570607027059,0.016631250060163437,0.8787060379981995,1.0,0.00446153846153846,0.0002753846153846154,1,0.0,0.0,0.0,0.543125,0.0,0.543125,16.34
385,1235200,-24.83662098646164,-0.2483662586659193,-24.83662098646164,-0.2483662586659193,0.0,24.83662098646164,0.2483662586659193,46.182176649570465,0.4618217385560274,2.6422001525759695,0.00625,0.0017159957548131032,nan,nan,nan,nan,nan,nan,nan,nan,nan,nan,12352,-0.0009771598106948609,0.09263089522719384,1.0096555829048157,0.04084823280572891,0.10902476236224175,0.10902476236224175,0.10941265597939491,0.002030697875309198,0.020981249352917074,0.6649733781814575,1.0,0.0044471153846153836,0.00027427884615384613,1,0.0,0.0,0.0625,0.57625,0.0,0.578125,15.6125
386,1238400,-23.357765451073647,-0.23357766453176737,-23.357765451073647,-0.23357766453176737,0.0,23.357765451073647,0.23357766453176737,47.66103218495846,0.47661033269017933,2.041144762635231,0.00375,0.0012330882916440082,nan,nan,nan,nan,nan,nan,nan,nan,nan,nan,12384,-0.0014028382196556778,0.029544048570096494,1.0106182098388672,0.008889426616951824,0.1419723704457283,0.1419723704457283,0.069604030251503,0.0033737679128556693,0.040412500081583855,0.8043370246887207,1.0,0.004432692307692307,0.00027317307692307694,1,0.0,0.0,0.09375,0.6203125,0.0,0.6203125,13.488125
387,1241600,-40.86201819777489,-0.4086201645433903,-40.86201819777489,-0.4086201645433903,0.0,40.86201819777489,0.4086201645433903,30.156779438257217,0.3015678326785564,3.403806643486023,0.0,0.0,nan,nan,nan,nan,nan,nan,nan,nan,nan,nan,12416,-0.0006343632459515191,0.023092227056622505,0.9706008791923523,0.006623374205082655,0.10335475355386733,0.10335475355386733,0.12725064009428025,0.001081885957685162,0.007599999965168536,0.8785004019737244,1.0,0.00441826923076923,0.0002720673076923077,1,0.0,0.0,0.0,0.49375,0.0,0.494375,21.273125
388,1244800,-27.231677129864693,-0.27231674537062645,-27.231677129864693,-0.27231674537062645,0.0,27.231677129864693,0.27231674537062645,43.78712050616741,0.43787125185132025,2.3326901215314866,0.0015625,0.0004688404691168758,nan,nan,nan,nan,nan,nan,nan,nan,nan,nan,12448,-0.0006233307931106325,0.019322889298200606,0.9945297360420227,0.004658357799053192,0.07628701254725456,0.07628701254725456,0.09380838423967361,0.0016957205392850532,0.014593749760388164,0.8432594537734985,1.0,0.004403846153846153,0.00027096153846153844,1,0.0,0.0,0.0625,0.601875,0.0,0.6034375,13.33125
389,1248000,-29.452587574720383,-0.29452585846185686,-29.452587574720383,-0.29452585846185686,0.0,29.452587574720383,0.29452585846185686,41.56621006131172,0.41566213876008984,2.2741217124462128,0.0,0.0,nan,nan,nan,nan,nan,nan,nan,nan,nan,nan,12480,-0.0005640867340902745,0.01756600048393011,0.9406063675880432,0.004090194264426828,0.08664707504212857,0.08664707504212857,0.08859278559684754,0.001587049635420406,0.014631249947706237,0.8301125764846802,1.0,0.004389423076923076,0.00026985576923076925,1,0.0,0.0,0.0,0.5925,0.0,0.5925,13.7696875
390,1251200,-28.50125625729561,-0.2850125824660063,-28.50125625729561,-0.2850125824660063,0.0,28.50125625729561,0.2850125824660063,42.517541378736496,0.4251754147559404,2.0868112680315973,0.0,0.0,nan,nan,nan,nan,nan,nan,nan,nan,nan,nan,12512,-0.0006067111793789104,0.019210191443562508,0.9722632825374603,0.004744732659310103,0.06754690408706665,0.06754690408706665,0.10379428341984749,0.0016552603396144568,0.015750000020489097,0.8356554508209229,1.0,0.0043749999999999995,0.00026875,1,0.0,0.0,0.0,0.63625,0.0,0.636875,12.9990625
391,1254400,-21.63257846981287,-0.21632577776908873,-21.63257846981287,-0.21632577776908873,0.0,21.63257846981287,0.21632577776908873,49.386219166219234,0.49386221945285796,2.806006336212158,0.010625,0.002791640123903286,nan,nan,nan,nan,nan,nan,nan,nan,nan,nan,12544,-0.0011374273063265773,0.25978449881076815,0.9772249519824981,0.124493557959795,0.1291226252913475,0.1291226252913475,0.17520133703947066,0.001996787278223998,0.02030624980980065,0.34913790225982666,1.0,0.004360576923076923,0.0002676442307692308,1,0.0,0.0,0.03125,0.54875,0.0,0.54875,16.8309375
392,1257600,-30.6247471421957,-0.3062474647164345,-30.6247471421957,-0.3062474647164345,0.0,30.6247471421957,0.3062474647164345,40.3940504938364,0.4039405325055122,2.3794115602970125,0.0021875,0.0006473020408936943,nan,nan,nan,nan,nan,nan,nan,nan,nan,nan,12576,-0.0007901313412585376,0.03327166885137558,0.9316759586334229,0.011796496249735356,0.07972552925348282,0.07972552925348282,0.0898967668414116,0.0009969003171158206,0.004387500045413617,0.8351604342460632,1.0,0.004346153846153846,0.00026653846153846156,1,0.0,0.0,0.03125,0.58875,0.0,0.58875,16.0034375
393,1260800,-26.642850518226624,-0.2664285074174404,-26.642850518226624,-0.2664285074174404,0.0,26.642850518226624,0.2664285074174404,44.37594711780548,0.4437594898045063,2.238061194121838,0.0065625,0.0020266757193820573,nan,nan,nan,nan,nan,nan,nan,nan,nan,nan,12608,-0.0011120905104558903,0.06463446654379368,0.9171027541160583,0.02723250091075897,0.09957718029618264,0.09957718029618264,0.14889473840594292,0.0017905435015586686,0.014287500164937229,0.7083150148391724,1.0,0.004331730769230769,0.0002654326923076923,1,0.0,0.0,0.125,0.5803125,0.0,0.5803125,15.3665625
394,1264000,-29.548186272382736,-0.2954818719625473,-29.548186272382736,-0.2954818719625473,0.0,29.548186272382736,0.2954818719625473,41.47061136364937,0.41470612525939937,2.701034300327301,0.003125,0.0008443585620710515,nan,nan,nan,nan,nan,nan,nan,nan,nan,nan,12640,-0.0016230877409106892,0.03234057556837797,0.9421011745929718,0.010479859076440334,0.1237701378762722,0.1237701378762722,0.11658678129315377,0.0015782715807313025,0.013399999891407787,0.8198977708816528,1.0,0.004317307692307692,0.0002643269230769231,1,0.0,0.0,0.0625,0.55875,0.0,0.559375,16.608125
395,1267200,-28.148856677114964,-0.28148855701088904,-28.148856677114964,-0.28148855701088904,0.0,28.148856677114964,0.28148855701088904,42.86994095891714,0.42869944021105766,1.9682996347546577,0.000625,0.0002105582578935495,nan,nan,nan,nan,nan,nan,nan,nan,nan,nan,12672,-0.0005915822366777234,0.015940758306533097,0.9480981886386871,0.0032992400228977203,0.07483566924929619,0.07483566924929619,0.12096610069274902,0.0015928940803882348,0.011149999927147292,0.8548012375831604,1.0,0.0043028846153846155,0.00026322115384615387,1,0.0,0.0,0.03125,0.6246875,0.0,0.62625,13.7946875
396,1270400,-28.604906268417835,-0.2860490448772907,-28.604906268417835,-0.2860490448772907,0.0,28.604906268417835,0.2860490448772907,42.41389136761427,0.424138952344656,3.246140913963318,0.00875,0.002060694681899479,nan,nan,nan,nan,nan,nan,nan,nan,nan,nan,12704,-0.00143563828854818,0.1788383275270462,0.9429317355155945,0.0839397981762886,0.3034804940223694,0.3034804940223694,0.1969156190752983,0.0018801660538906233,0.019300000020302834,0.5178036093711853,1.0,0.004288461538461539,0.0002621153846153847,1,0.0,0.0,0.0625,0.5065625,0.0,0.506875,19.689375
397,1273600,-26.293501272797585,-0.2629350340366364,-26.293501272797585,-0.2629350340366364,0.0,26.293501272797585,0.2629350340366364,44.72529636323452,0.4472529631853103,2.3527248388528825,0.0025,0.0007456621465110636,nan,nan,nan,nan,nan,nan,nan,nan,nan,nan,12736,-0.0009016941538895429,0.033201185241341594,0.9517113983631134,0.011631247401237488,0.16947553753852845,0.16947553753852845,0.08487740531563759,0.001915818420823144,0.017968750093132257,0.7464261054992676,1.0,0.004274038461538461,0.0002610096153846154,1,0.0,0.0,0.03125,0.60375,0.0,0.6053125,13.580625
398,1276800,-32.31637139618397,-0.3231637190282345,-32.31637139618397,-0.3231637190282345,0.0,32.31637139618397,0.3231637190282345,38.70242623984814,0.3870242781937122,2.6403088647127153,0.0,0.0,nan,nan,nan,nan,nan,nan,nan,nan,nan,nan,12768,-0.0008376203949913119,0.01435696529224515,0.9163282036781311,0.0024376566521823405,0.08729536309838296,0.08729536309838296,0.07977688796818257,0.001606092988006453,0.016343750106170774,0.8936632871627808,1.0,0.004259615384615384,0.0002599038461538462,1,0.0,0.0,0.0,0.5571875,0.0,0.5571875,16.7340625
399,1280000,-25.35631437599659,-0.25356314562261106,-25.35631437599659,-0.25356314562261106,0.0,25.35631437599659,0.25356314562261106,45.662483260035515,0.45662485159933563,1.9637654173374175,0.0,0.0,nan,nan,nan,nan,nan,nan,nan,nan,nan,nan,12800,-0.0011123724725912165,0.01954682283103466,0.9400202095508575,0.004670472210273146,0.11346683949232102,0.11346683949232102,0.1144958034157753,0.001983921919238598,0.018425000237766654,0.83231520652771,1.0,0.0042451923076923075,0.000258798076923077,1,0.0,0.0,0.0,0.6771875,0.0,0.67875,10.618125
400,1283200,-25.368030816316605,-0.25368031691759824,-25.368030816316605,-0.25368031691759824,0.0,25.368030816316605,0.25368031691759824,45.6507668197155,0.45650768030434846,2.1363242247700693,0.000625,0.00019927786644756735,-24.924497947096825,-0.24924497947096824,-24.924497947096825,-0.24924497947096824,100.0,2.0349064098577947,0.0,0.0,24.924497947096825,29.26718993484974,12832,-0.0010616917797713564,0.01120738247409463,0.908650803565979,0.000697707524523139,0.13257237523794174,0.13257237523794174,0.06580928042531013,0.002280717207761415,0.022787499980768188,0.8750962615013123,1.0,0.00423076923076923,0.0002576923076923077,1,0.0,0.0,0.03125,0.625625,0.0,0.625625,11.9475
401,1286400,-28.61230331659317,-0.2861230425536633,-28.61230331659317,-0.2861230425536633,0.0,28.61230331659317,0.2861230425536633,42.406494319438934,0.4240649546682834,2.6147809356451033,0.001875,0.0005187036319437107,nan,nan,nan,nan,nan,nan,nan,nan,nan,nan,12864,-0.0011014483311155398,0.025389812141656875,0.9496752142906189,0.0075892985332757235,0.10297163501381874,0.10297163501381874,0.09856734424829483,0.001192922731572687,0.004806250031106174,0.8199251890182495,1.0,0.004216346153846153,0.00025658653846153843,1,0.0,0.0,0.0625,0.5840625,0.0,0.5846875,14.9275
402,1289600,-24.27303045988083,-0.2427302925288677,-24.27303045988083,-0.2427302925288677,0.0,24.27303045988083,0.2427302925288677,46.745767176151276,0.467457704693079,2.3201159936189653,0.0025,0.0007529857404996777,nan,nan,nan,nan,nan,nan,nan,nan,nan,nan,12896,-0.0006790942551975654,0.029913479648530483,0.896941077709198,0.01050876835361123,0.10093253776431084,0.10093253776431084,0.07900420352816581,0.0015633472856302806,0.015312500088475645,0.7734277248382568,1.0,0.004201923076923076,0.00025548076923076924,1,0.0,0.0,0.03125,0.6128125,0.0,0.61375,12.3409375
403,1292800,-36.11038899421692,-0.36110389105975627,-36.11038899421692,-0.36110389105975627,0.0,36.11038899421692,0.36110389105975627,34.908408641815186,0.34908410616219043,3.0670459944009782,0.0,0.0,nan,nan,nan,nan,nan,nan,nan,nan,nan,nan,12928,-0.0013267450367916212,0.02274030428379774,0.9213200867176056,0.006185379205271601,0.13501429706811904,0.13501429706811904,0.09654477760195732,0.0015429322764271556,0.014487500010727673,0.8500388860702515,1.0,0.004187499999999999,0.000254375,1,0.0,0.0,0.0,0.5309375,0.0,0.53125,18.514375
404,1296000,-40.232824832201004,-0.4023282794654369,-40.232824832201004,-0.4023282794654369,0.0,40.232824832201004,0.4023282794654369,30.7859728038311,0.3078597177565098,3.208056334257126,0.00375,0.0008911477656493899,nan,nan,nan,nan,nan,nan,nan,nan,nan,nan,12960,-0.001208527689555261,0.06914204582571984,0.9043157219886779,0.029588716849684716,0.17010473757982253,0.17010473757982253,0.14608203172683715,0.0017419361796806112,0.015468749939464033,0.7272821664810181,1.0,0.004173076923076923,0.00025326923076923074,1,0.0,0.0,0.0625,0.4690625,0.0,0.47125,22.5090625
405,1299200,-24.71196562051773,-0.2471196437254548,-24.71196562051773,-0.2471196437254548,0.0,24.71196562051773,0.2471196437254548,46.306832015514374,0.4630683534964919,1.9568079286813735,0.0,0.0,nan,nan,nan,nan,nan,nan,nan,nan,nan,nan,12992,-0.001010589699895359,0.010264706239104271,0.9538832783699036,0.00015489310026168824,0.07878380492329598,0.07878380492329598,0.08371432200074196,0.0010611806466864146,0.006499999889638275,0.8793826103210449,1.0,0.004158653846153846,0.00025216346153846155,1,0.0,0.0,0.0,0.643125,0.0,0.64375,11.099375
406,1302400,-30.215875163674355,-0.3021587659418583,-30.215875163674355,-0.3021587659418583,0.0,30.215875163674355,0.3021587659418583,40.80292247235775,0.4080292312800884,2.449872296452522,0.0,0.0,nan,nan,nan,nan,nan,nan,nan,nan,nan,nan,13024,-0.0011351600960362695,0.010008081607520581,0.9120660185813904,8.906861767172813e-05,0.10962843596935272,0.10962843596935272,0.07238878160715104,0.0015607265573658415,0.012531250226311385,0.9108268022537231,1.0,0.004144230769230769,0.0002510576923076923,1,0.0,0.0,0.0,0.5875,0.0,0.5875,15.0959375
407,1305600,-27.114996060729027,-0.2711499709635973,-27.114996060729027,-0.2711499709635973,0.0,27.114996060729027,0.2711499709635973,43.90380157530308,0.4390380262583494,2.2051028937101362,0.001875,0.0005850046198765099,nan,nan,nan,nan,nan,nan,nan,nan,nan,nan,13056,-0.0015435010468121569,0.029234716668725014,0.919740104675293,0.009275507740676403,0.11347623094916344,0.11347623094916344,0.08837105706334114,0.001688418867709103,0.01163125007878989,0.8222222924232483,1.0,0.004129807692307691,0.0002499519230769231,1,0.0,0.0,0.03125,0.6428125,0.0,0.643125,13.0440625
408,1308800,-18.315079286694527,-0.1831507885456085,-18.315079286694527,-0.1831507885456085,0.0,18.315079286694527,0.1831507885456085,52.70371834933758,0.5270372086763382,2.301018149256706,0.0071875,0.0021773585224359997,nan,nan,nan,nan,nan,nan,nan,nan,nan,nan,13088,-0.00133355130834385,0.07020242065191269,0.9219198822975159,0.029973603226244448,0.14546909481287001,0.14546909481287001,0.14154558703303338,0.0014817880415673227,0.010918750031851231,0.6586098670959473,1.0,0.0041153846153846145,0.00024884615384615386,1,0.0,0.0,0.09375,0.64,0.0,0.6403125,11.5359375
409,1312000,-21.66318690776825,-0.21663187362253666,-21.66318690776825,-0.21663187362253666,0.0,21.66318690776825,0.21663187362253666,49.355610728263855,0.49355612359941003,1.9088111168146134,0.0015625,0.0005371610383939489,nan,nan,nan,nan,nan,nan,nan,nan,nan,nan,13120,-0.0011595972867216807,0.02020511794835329,0.9091482102870941,0.005214579845778644,0.19095861166715622,0.19095861166715622,0.0817073330283165,0.0017428180370212844,0.013281249924330042,0.7856784462928772,1.0,0.004100961538461538,0.0002477403846153846,1,0.0,0.0,0.03125,0.72125,0.0,0.7228125,9.071875
410,1315200,-25.66220459342003,-0.25662204034626485,-25.66220459342003,-0.25662204034626485,0.0,25.66220459342003,0.25662204034626485,45.356593042612076,0.45356595687568185,2.5709870982170107,0.0040625,0.0011376406266010877,nan,nan,nan,nan,nan,nan,nan,nan,nan,nan,13152,-0.001323056046385318,0.039237764477729795,0.8981294631958008,0.014625585544854403,0.1920573443174362,0.1920573443174362,0.12660541459918023,0.002544811130067099,0.027618749855901115,0.7521098852157593,1.0,0.004086538461538461,0.0002466346153846154,1,0.0,0.0,0.0625,0.6009375,0.0,0.60125,14.6796875
411,1318400,-24.641185328364372,-0.2464118615537882,-24.641185328364372,-0.2464118615537882,0.0,24.641185328364372,0.2464118615537882,46.37761230766773,0.4637761356681585,2.5292562401294707,0.0040625,0.001151092389894299,nan,nan,nan,nan,nan,nan,nan,nan,nan,nan,13184,-0.0005092152802128158,0.06726763620972634,0.904321265220642,0.0294421024620533,0.13348628655076028,0.13348628655076028,0.15028351545333862,0.0018090869059984472,0.019756250431237278,0.7342028021812439,1.0,0.004072115384615384,0.00024552884615384617,1,0.0,0.0,0.03125,0.62875,0.0,0.6290625,12.7753125
412,1321600,-39.197579190135,-0.3919757801294327,-39.197579190135,-0.3919757801294327,0.0,39.197579190135,0.3919757801294327,31.821218445897102,0.318212217092514,3.2778081130981445,0.0,0.0,nan,nan,nan,nan,nan,nan,nan,nan,nan,nan,13216,-0.0006136293992923924,0.01839013695716858,0.894505649805069,0.004951810371130705,0.0876898042857647,0.0876898042857647,0.12506468668580056,0.0014491518421004775,0.012500000046566128,0.9052671790122986,1.0,0.004057692307692307,0.00024442307692307697,1,0.0,0.0,0.0,0.501875,0.0,0.501875,20.8084375
413,1324800,-25.561690643429756,-0.2556169081479311,-25.561690643429756,-0.2556169081479311,0.0,25.561690643429756,0.2556169081479311,45.45710699260235,0.4545710890740156,2.305599422454834,0.001875,0.0005672193633817768,nan,nan,nan,nan,nan,nan,nan,nan,nan,nan,13248,-0.0022290640969527932,0.02400249019265175,0.9139990746974945,0.006076636584475636,0.21574287116527557,0.21574287116527557,0.11157965064048767,0.003087055486323629,0.039331250032410024,0.823829710483551,1.0,0.0040432692307692305,0.00024331730769230772,1,0.0,0.0,0.03125,0.6340625,0.0,0.6346875,12.1471875
414,1328000,-33.065750896930695,-0.3306574736535549,-33.065750896930695,-0.3306574736535549,0.0,33.065750896930695,0.3306574736535549,37.95304673910141,0.3795305235683918,2.85188575387001,0.0,0.0,nan,nan,nan,nan,nan,nan,nan,nan,nan,nan,13280,-0.0012918917221133696,0.009629109781235457,0.9109981536865235,-0.00014760817866772414,0.12897514328360557,0.12897514328360557,0.06752039976418019,0.0024106729310029765,0.02921874993480742,0.9275458455085754,1.0,0.004028846153846154,0.00024221153846153848,1,0.0,0.0,0.0,0.525,0.0,0.525625,17.244375
415,1331200,-23.533410772681236,-0.23533412821590902,-23.533410772681236,-0.23533412821590902,0.0,23.533410772681236,0.23533412821590902,47.48538686335087,0.47485386900603765,1.8785032612085342,0.0,0.0,nan,nan,nan,nan,nan,nan,nan,nan,nan,nan,13312,-0.0008656961413857189,0.012126291915774346,0.9018321096897125,0.0015771141741424799,0.09560301601886749,0.09560301601886749,0.08954958468675614,0.0015145864745161202,0.012543750187614933,0.8768096566200256,1.0,0.004014423076923077,0.00024110576923076928,1,0.0,0.0,0.0,0.6690625,0.0,0.6690625,10.4046875
416,1334400,-28.29259940981865,-0.2829259989410639,-28.29259940981865,-0.2829259989410639,0.0,28.29259940981865,0.2829259989410639,42.726198226213455,0.4272619982808828,2.23349482357502,0.0,0.0,nan,nan,nan,nan,nan,nan,nan,nan,nan,nan,13344,-0.001614248087653003,0.01399018606171012,0.9376358151435852,0.0016303014475852252,0.19435055628418924,0.19435055628418924,0.09782591462135315,0.0033104358895822464,0.04158125066314824,0.8671207427978516,1.0,0.004,0.00024000000000000003,1,0.0,0.0,0.0,0.63375,0.0,0.63375,13.483125
417,1337600,-26.385297909379005,-0.2638529409095645,-26.385297909379005,-0.2638529409095645,0.0,26.385297909379005,0.2638529409095645,44.6334997266531,0.4463350563123822,2.268879153132439,0.0,0.0,nan,nan,nan,nan,nan,nan,nan,nan,nan,nan,13376,-0.0006039223161609653,0.009078683052212,0.9086757898330688,0.0003138220636174083,0.13087057173252106,0.13087057173252106,0.07030092775821686,0.001580681503403549,0.010356250102631748,0.8849086761474609,1.0,0.003985576923076923,0.00023889423076923084,1,0.0,0.0,0.0,0.59375,0.0,0.595,12.515625
418,1340800,-28.082017809152603,-0.2808201991766691,-28.082017809152603,-0.2808201991766691,0.0,28.082017809152603,0.2808201991766691,42.9367798268795,0.4293677980452776,2.4390710204839707,0.0,0.0,nan,nan,nan,nan,nan,nan,nan,nan,nan,nan,13408,-0.0009305635054013717,0.017888625711202623,0.90714031457901,0.004411355638876557,0.12456060647964477,0.12456060647964477,0.08169451355934143,0.001532483674238931,0.013712500268593431,0.8710724115371704,1.0,0.0039711538461538465,0.0002377884615384616,1,0.0,0.0,0.0,0.640625,0.0,0.640625,12.438125
419,1344000,-24.11047126352787,-0.24110472872853278,-24.11047126352787,-0.24110472872853278,0.0,24.11047126352787,0.24110472872853278,46.908326372504234,0.4690832684934139,2.392226494550705,0.005,0.0014739581829314858,nan,nan,nan,nan,nan,nan,nan,nan,nan,nan,13440,-0.0008563822293828682,0.05652639009058476,0.901233559846878,0.023840874060988428,0.12200852036476136,0.12200852036476136,0.09818655252456665,0.0016864757184545242,0.014306250296067446,0.6975408792495728,1.0,0.003956730769230769,0.00023668269230769234,1,0.0,0.0,0.0625,0.5959375,0.0,0.5959375,14.374375
420,1347200,-11.052957087755203,-0.11052954569458961,-11.052957087755203,-0.11052954569458961,0.0,11.052957087755203,0.11052954569458961,59.9658405482769,0.5996584515273571,1.9864418768882752,0.011875,0.003976303738538908,-26.26302910503,-0.2626302910503,-26.26302910503,-0.2626302910503,100.0,2.1697927519958466,0.0,0.0,26.26302910503,27.928658776916564,13472,-0.001078904492568089,0.23933681100606918,0.9168021321296692,0.11497518569231033,0.18804750740528106,0.18804750740528106,0.19437262937426567,0.0014987025413598662,0.009181249875109643,0.3423200845718384,1.0,0.003942307692307691,0.00023557692307692304,1,0.0,0.0,0.0625,0.6921875,0.0,0.6921875,9.6503125
421,1350400,-28.99471005797386,-0.2899471151083708,-28.99471005797386,-0.2899471151083708,0.0,28.99471005797386,0.2899471151083708,42.02408757805824,0.4202408821135759,2.5180544486641883,0.0,0.0,nan,nan,nan,nan,nan,nan,nan,nan,nan,nan,13504,-0.0008234825612133178,0.014800258725881577,0.8811048150062561,0.0031157687306404116,0.08763051703572274,0.08763051703572274,0.10786451771855354,0.0011458300134132757,0.009843749785795807,0.8910939693450928,1.0,0.003927884615384614,0.00023447115384615385,1,0.0,0.0,0.0,0.5878125,0.0,0.58875,14.9278125
422,1353600,-23.35560540854931,-0.2335560764372349,-23.35560540854931,-0.2335560764372349,0.0,23.35560540854931,0.2335560764372349,47.663192227482796,0.47663192078471184,2.0631917017698287,0.003125,0.0010201777440812666,nan,nan,nan,nan,nan,nan,nan,nan,nan,nan,13536,-0.0013219979558140027,0.030381669662892817,0.9252724349498749,0.010247818659991026,0.16156154349446297,0.16156154349446297,0.1476672850549221,0.0018707371804362858,0.021299999998882414,0.7685832977294922,1.0,0.0039134615384615375,0.0002333653846153846,1,0.0,0.0,0.0625,0.6603125,0.0,0.660625,11.8621875
423,1356800,-26.680471673607826,-0.26680470056831834,-26.680471673607826,-0.26680470056831834,0.0,26.680471673607826,0.26680470056831834,44.33832596242428,0.44338329665362836,2.5300665664672852,0.0021875,0.0006196766998048825,nan,nan,nan,nan,nan,nan,nan,nan,nan,nan,13568,-0.0013930215384927668,0.033662915043532846,0.892420083284378,0.011958855669945478,0.09713686406612396,0.09713686406612396,0.1121217742562294,0.0019304127272358573,0.018856249886448496,0.7790011167526245,1.0,0.0038990384615384607,0.00023225961538461535,1,0.0,0.0,0.03125,0.6159375,0.0,0.6159375,13.2484375
424,1360000,-24.473189637064934,-0.24473190762102603,-24.473189637064934,-0.24473190762102603,0.0,24.473189637064934,0.24473190762102603,46.54560799896717,0.46545608960092066,2.1330540323257448,0.0,0.0,nan,nan,nan,nan,nan,nan,nan,nan,nan,nan,13600,-0.0007431512414739494,0.010433777514845134,0.912473613023758,0.0009291284251958132,0.12898863330483437,0.12898863330483437,0.08357388228178024,0.002445398282727847,0.02631874990038341,0.8808537125587463,1.0,0.003884615384615384,0.00023115384615384616,1,0.0,0.0,0.0,0.6590625,0.0,0.659375,10.941875
425,1363200,-34.031849071383476,-0.3403184775263071,-34.031849071383476,-0.3403184775263071,0.0,34.031849071383476,0.3403184775263071,36.98694856464863,0.3698695196956396,3.026701243519783,0.001875,0.00046564169691443066,nan,nan,nan,nan,nan,nan,nan,nan,nan,nan,13632,-0.0007962516376981421,0.03291083481162786,0.8807770669460296,0.012250389158725738,0.14815185442566872,0.14815185442566872,0.093327946215868,0.0010409779322823574,0.008181250095367432,0.8284827470779419,1.0,0.003870192307692307,0.0002300480769230769,1,0.0,0.0,0.03125,0.5603125,0.0,0.5603125,16.641875
426,1366400,-26.438134253025055,-0.2643813426047564,-26.438134253025055,-0.2643813426047564,0.0,26.438134253025055,0.2643813426047564,44.58066338300705,0.4458066546171903,1.905992849469185,0.0,0.0,nan,nan,nan,nan,nan,nan,nan,nan,nan,nan,13664,-0.0009232496486220043,0.01920996904373169,0.900724458694458,0.005208749230951071,0.0717809334397316,0.0717809334397316,0.1055146373808384,0.0013557840133240704,0.012600000386009924,0.865574300289154,1.0,0.0038557692307692303,0.0002289423076923077,1,0.0,0.0,0.0,0.7009375,0.0,0.70125,10.4353125
427,1369600,-26.936597108840942,-0.2693659614026547,-26.936597108840942,-0.2693659614026547,0.0,26.936597108840942,0.2693659614026547,44.08220052719116,0.440822035819292,2.6183240497112275,0.003125,0.0008636595166896124,nan,nan,nan,nan,nan,nan,nan,nan,nan,nan,13696,-0.0006657099790987608,0.04319626390933991,0.8630953311920166,0.01761697456240654,0.16232005655765533,0.16232005655765533,0.07361078783869743,0.0010464029328456567,0.003762499999720603,0.759017825126648,1.0,0.0038413461538461535,0.00022783653846153846,1,0.0,0.0,0.03125,0.59375,0.0,0.5940625,14.9175
428,1372800,-23.76242296397686,-0.2376242295652628,-23.76242296397686,-0.2376242295652628,0.0,23.76242296397686,0.2376242295652628,47.256374672055244,0.4725637676566839,2.0693593341112138,0.0025,0.0008145022227330443,nan,nan,nan,nan,nan,nan,nan,nan,nan,nan,13728,-0.001167835671780626,0.034948098659515384,0.8764190375804901,0.012952225469052791,0.12655539363622664,0.12655539363622664,0.12132101431488991,0.001664783836170342,0.015118749998509883,0.7434956431388855,1.0,0.0038269230769230767,0.00022673076923076922,1,0.0,0.0,0.03125,0.6409375,0.0,0.641875,11.3553125
429,1376000,-16.496217027306557,-0.1649621567875147,-16.496217027306557,-0.1649621567875147,0.0,16.496217027306557,0.1649621567875147,54.52258060872555,0.545225840434432,2.091836470365524,0.0103125,0.003335396324754793,nan,nan,nan,nan,nan,nan,nan,nan,nan,nan,13760,-0.0010073644738411325,0.15419124513864518,0.8539511740207673,0.07283256873488426,0.21165828853845597,0.21165828853845597,0.23701850175857545,0.0015379523254548232,0.016456249915063382,0.4387083649635315,1.0,0.0038125,0.00022562500000000002,1,0.0,0.0,0.0625,0.650625,0.0,0.650625,11.5521875
430,1379200,-28.434147462248802,-0.28434146344661715,-28.434147462248802,-0.28434146344661715,0.0,28.434147462248802,0.28434146344661715,42.5846501737833,0.42584653377532955,2.056218502521515,0.00125,0.00040900217015527355,nan,nan,nan,nan,nan,nan,nan,nan,nan,nan,13792,-0.0010848668771970438,0.02481191847473383,0.883322685956955,0.0079661650583148,0.06739448495209217,0.06739448495209217,0.07241439968347549,0.00080987619158134,0.003931249963352456,0.8678914904594421,1.0,0.0037980769230769222,0.00022451923076923077,1,0.0,0.0,0.03125,0.645,0.0,0.645,12.2096875
431,1382400,-29.04924041032791,-0.2904924151673913,-29.04924041032791,-0.2904924151673913,0.0,29.04924041032791,0.2904924151673913,41.96955722570419,0.41969558205455537,2.391859836280346,0.0,0.0,nan,nan,nan,nan,nan,nan,nan,nan,nan,nan,13824,-0.0008888185536255477,0.012672994658350945,0.9115991294384003,0.001998503040522337,0.09828249290585518,0.09828249290585518,0.09928939864039421,0.0016275783502375824,0.015912499825208214,0.8821232914924622,1.0,0.0037836538461538454,0.00022341346153846158,1,0.0,0.0,0.0,0.6071875,0.0,0.6075,13.4159375
432,1385600,-23.324914030730724,-0.23324913792312146,-23.324914030730724,-0.23324913792312146,0.0,23.324914030730724,0.23324913792312146,47.69388360530138,0.47693885929882524,2.0479032409191134,0.0,0.0,nan,nan,nan,nan,nan,nan,nan,nan,nan,nan,13856,-0.0009927595793036924,0.01185669070109725,0.8781711339950562,0.0016255561262369157,0.11190510764718056,0.11190510764718056,0.07411951869726181,0.0016482901926817201,0.012825000038719735,0.880135715007782,1.0,0.0037692307692307686,0.00022230769230769233,1,0.0,0.0,0.0,0.669375,0.0,0.6696875,10.073125
433,1388800,-28.080373764038086,-0.2808037374913692,-28.080373764038086,-0.2808037374913692,0.0,28.080373764038086,0.2808037374913692,42.93842387199402,0.4293842597305775,2.5138329046964647,0.0021875,0.0006225395627311318,nan,nan,nan,nan,nan,nan,nan,nan,nan,nan,13888,-0.00041048924985513934,0.03139724880456925,0.8628694474697113,0.01204822612926364,0.09542565271258355,0.09542565271258355,0.0984343372285366,0.0016656182881003428,0.016193750115780857,0.7160886526107788,1.0,0.003754807692307692,0.00022120192307692308,1,0.0,0.0,0.03125,0.603125,0.0,0.6034375,13.391875
434,1392000,-24.948350623250008,-0.24948349438607692,-24.948350623250008,-0.24948349438607692,0.0,24.948350623250008,0.24948349438607692,46.0704470127821,0.4607045028358698,2.148677458167076,0.0003125,9.924801893869246e-05,nan,nan,nan,nan,nan,nan,nan,nan,nan,nan,13920,-0.0007463694538629717,0.01103306533768773,0.8996547162532806,0.0014051084872335196,0.10230523273348809,0.10230523273348809,0.06568736732006072,0.001462855298452928,0.011081249895505607,0.897322952747345,1.0,0.003740384615384615,0.0002200961538461539,1,0.0,0.0,0.03125,0.6753125,0.0,0.6753125,11.3078125
435,1395200,-25.777754187583923,-0.25777754589915275,-25.777754187583923,-0.25777754589915275,0.0,25.777754187583923,0.25777754589915275,45.24104344844818,0.45241045132279395,2.1009365501999855,0.0015625,0.0005038800293734586,nan,nan,nan,nan,nan,nan,nan,nan,nan,nan,13952,-0.0008586863721604665,0.018836489878594875,0.8775916218757629,0.005289685958996415,0.13754126504063607,0.13754126504063607,0.08989144936203956,0.002028362124840667,0.022631250275298952,0.8434091806411743,1.0,0.0037259615384615382,0.00021899038461538464,1,0.0,0.0,0.0625,0.653125,0.0,0.6534375,13.1265625
436,1398400,-24.740366488695145,-0.24740368500351906,-24.740366488695145,-0.24740368500351906,0.0,24.740366488695145,0.24740368500351906,46.27843114733696,0.46278431221842764,2.2510712862014772,0.0028125,0.0008650994556585377,nan,nan,nan,nan,nan,nan,nan,nan,nan,nan,13984,-0.0010960085166674572,0.03441446721553802,0.887619012594223,0.012816793285310268,0.1937302865087986,0.1937302865087986,0.10479490607976913,0.0017670955570817705,0.0188249999191612,0.7511863112449646,1.0,0.0037115384615384614,0.00021788461538461545,1,0.0,0.0,0.0625,0.630625,0.0,0.630625,12.95125
437,1401600,-26.58755873143673,-0.2658755612373352,-26.58755873143673,-0.2658755612373352,0.0,26.58755873143673,0.2658755612373352,44.431238904595375,0.4443124359846115,2.3100215327739715,0.0,0.0,nan,nan,nan,nan,nan,nan,nan,nan,nan,nan,14016,-0.001454140184284114,0.016108916141092777,0.9063414096832275,0.0032494690734893084,0.15865563713014125,0.15865563713014125,0.07211010605096817,0.002603965156597598,0.026931249781046062,0.8633229732513428,1.0,0.0036971153846153846,0.0002167788461538462,1,0.0,0.0,0.0,0.655625,0.0,0.655625,12.3340625
438,1404800,-19.264179311692715,-0.19264176823198795,-19.264179311692715,-0.19264176823198795,0.0,19.264179311692715,0.19264176823198795,51.75461832433939,0.5175462289899587,1.9169801139831544,0.0065625,0.0022497582237675476,nan,nan,nan,nan,nan,nan,nan,nan,nan,nan,14048,-0.0016695482813287477,0.0731151595711708,0.905510026216507,0.03155331686139107,0.18829887807369233,0.18829887807369233,0.1485055349767208,0.002179574350887176,0.02264375043741893,0.544819712638855,1.0,0.003682692307692308,0.00021567307692307695,1,0.0,0.0,0.125,0.64,0.0,0.6403125,11.2753125
439,1408000,-39.23740993440151,-0.39237413235008717,-39.23740993440151,-0.39237413235008717,0.0,39.23740993440151,0.39237413235008717,31.781387701630592,0.31781386487185953,3.159045114517212,0.0,0.0,nan,nan,nan,nan,nan,nan,nan,nan,nan,nan,14080,-0.0012580854130676221,0.0214288167655468,0.8652789354324341,0.006282247137278318,0.10857641249895096,0.10857641249895096,0.11902080252766609,0.0016288978938998322,0.013762499879521783,0.8832434415817261,1.0,0.00366826923076923,0.00021456730769230765,1,0.0,0.0,0.0,0.52375,0.0,0.5253125,19.2415625
440,1411200,-24.89042767882347,-0.24890426881611347,-24.89042767882347,-0.24890426881611347,0.0,24.89042767882347,0.24890426881611347,46.12836995720863,0.4612837284058332,1.9702314373850822,0.00125,0.00042084262669459487,-26.73901524953544,-0.2673901524953544,-26.73901524953544,-0.2673901524953544,100.0,2.3820692689344285,0.0,0.0,26.73901524953544,27.452672632411122,14112,-0.0009151593316346407,0.01828782372176647,0.8991058230400085,0.004943558061495423,0.14418941661715506,0.14418941661715506,0.09097564592957497,0.0014012170278898354,0.012612499703391223,0.8385196924209595,1.0,0.0036538461538461525,0.00021346153846153845,1,0.0,0.0,0.03125,0.63125,0.0,0.6315625,11.81875
441,1414400,-23.31129415333271,-0.23311293259263038,-23.31129415333271,-0.23311293259263038,0.0,23.31129415333271,0.23311293259263038,47.707503482699394,0.4770750646293163,2.1528203481435777,0.0053125,0.0016849992747376395,nan,nan,nan,nan,nan,nan,nan,nan,nan,nan,14144,-0.0012572496733395332,0.06196637824177742,0.926140958070755,0.02635532133281231,0.19032490998506546,0.19032490998506546,0.20675729364156722,0.002871405183398253,0.03567500039935112,0.6629018783569336,1.0,0.0036394230769230757,0.0002123557692307692,1,0.0,0.0,0.09375,0.665625,0.0,0.6659375,13.27
442,1417600,-31.768581591546535,-0.3176857886463404,-31.768581591546535,-0.3176857886463404,0.0,31.768581591546535,0.3176857886463404,39.25021604448557,0.3925022085756063,2.7466468155384063,0.0,0.0,nan,nan,nan,nan,nan,nan,nan,nan,nan,nan,14176,-0.0006629292094352479,0.018746835365891456,0.8930372774600983,0.005473228567279875,0.10734752342104911,0.10734752342104911,0.1136854648590088,0.0010022468861304213,0.007737499893119093,0.892086923122406,1.0,0.003624999999999999,0.00021124999999999996,1,0.0,0.0,0.0,0.5928125,0.0,0.5946875,14.9603125
443,1420800,-30.35733386874199,-0.3035733299702406,-30.35733386874199,-0.3035733299702406,0.0,30.35733386874199,0.3035733299702406,40.661463767290115,0.4066146672517061,2.639296679496765,0.0046875,0.0012880235970891437,nan,nan,nan,nan,nan,nan,nan,nan,nan,nan,14208,-0.0013707596054068016,0.05830855555832386,0.9211850225925445,0.024457508139312266,0.2049854129552841,0.2049854129552841,0.15699950978159904,0.002052630333130549,0.01666875043301843,0.7578698992729187,1.0,0.003610576923076922,0.00021014423076923076,1,0.0,0.0,0.0625,0.595,0.0,0.5953125,15.7965625
444,1424000,-25.067475751042366,-0.25067475635558367,-25.067475751042366,-0.25067475635558367,0.0,25.067475751042366,0.25067475635558367,45.95132188498974,0.459513240866363,2.4045811468362808,0.0034375,0.0010096689876798236,nan,nan,nan,nan,nan,nan,nan,nan,nan,nan,14240,-0.0008589997969451257,0.029860914498567582,0.9087911307811737,0.010803304705768823,0.11310925334692001,0.11310925334692001,0.10971317887306213,0.0021493603329896947,0.020387500303331762,0.7953656315803528,1.0,0.0035961538461538453,0.00020903846153846157,1,0.0,0.0,0.09375,0.614375,0.0,0.614375,13.2809375
445,1427200,-12.855010420084,-0.12855005457997323,-12.855010420084,-0.12855005457997323,0.0,12.855010420084,0.12855005457997323,58.163787215948105,0.5816379426419734,2.0725662368535995,0.0146875,0.004780206142940776,nan,nan,nan,nan,nan,nan,nan,nan,nan,nan,14272,-0.000903419779776593,0.33630883395671846,0.9466123640537262,0.163860484957695,0.15973204746842384,0.15973204746842384,0.23907022774219513,0.00185121229006,0.017168749822303653,0.23382121324539185,1.0,0.0035817307692307685,0.00020793269230769227,1,0.0,0.0,0.0625,0.6665625,0.0,0.6665625,11.3596875
446,1430400,-19.37046866863966,-0.19370469689369202,-19.37046866863966,-0.19370469689369202,0.0,19.37046866863966,0.19370469689369202,51.648328967392445,0.5164833003282547,2.4485199105739595,0.0090625,0.002627939010069879,nan,nan,nan,nan,nan,nan,nan,nan,nan,nan,14304,-0.0008672918416570586,0.10655411928892136,0.935694020986557,0.04907185956835747,0.12465856969356537,0.12465856969356537,0.17798226475715637,0.0020430848337153673,0.017681250086752698,0.5622759461402893,1.0,0.0035673076923076917,0.00020682692307692307,1,0.0,0.0,0.09375,0.623125,0.0,0.623125,13.865625
447,1433600,-33.46163962781429,-0.3346164284646511,-33.46163962781429,-0.3346164284646511,0.0,33.46163962781429,0.3346164284646511,37.55715800821781,0.3755715687572956,2.548700810074806,0.0003125,8.806039638867515e-05,nan,nan,nan,nan,nan,nan,nan,nan,nan,nan,14336,-0.0008156318797613693,0.015609459485858679,0.9142482876777649,0.003740879218094051,0.09342483654618264,0.09342483654618264,0.10899758711457253,0.0013260863695929923,0.008706250015529804,0.9083435535430908,1.0,0.003552884615384615,0.00020572115384615388,1,0.0,0.0,0.03125,0.54625,0.0,0.546875,16.008125
448,1436800,-39.029243499040604,-0.3902924245595932,-39.029243499040604,-0.3902924245595932,0.0,39.029243499040604,0.3902924245595932,31.9895541369915,0.3198955726623535,2.9989816832542417,0.0015625,0.00039072447031777556,nan,nan,nan,nan,nan,nan,nan,nan,nan,nan,14368,-0.0012577670182567502,0.0353479964658618,0.8642252683639526,0.01335820322856307,0.13515966907143592,0.13515966907143592,0.15187684819102287,0.002019285633653195,0.020893749757669867,0.8343796730041504,1.0,0.003538461538461538,0.00020461538461538458,1,0.0,0.0,0.03125,0.498125,0.0,0.498125,20.1575
449,1440000,-24.693821594119072,-0.24693821590393783,-24.693821594119072,-0.24693821590393783,0.0,24.693821594119072,0.24693821590393783,46.32497604191303,0.46324978131800887,2.0007982650399208,0.0,0.0,nan,nan,nan,nan,nan,nan,nan,nan,nan,nan,14400,-0.0007627429982705713,0.012901424337178469,0.9355920255184174,0.002390906889922917,0.09066398069262505,0.09066398069262505,0.1107145793735981,0.001375837141679485,0.01008124997606501,0.8682318329811096,1.0,0.0035240384615384613,0.00020350961538461538,1,0.0,0.0,0.0,0.6578125,0.0,0.6578125,10.6375
450,1443200,-25.724909335374832,-0.2572490935772657,-25.724909335374832,-0.2572490935772657,0.0,25.724909335374832,0.2572490935772657,45.29388830065727,0.452938903644681,2.231217534840107,0.0,0.0,nan,nan,nan,nan,nan,nan,nan,nan,nan,nan,14432,-0.0007093314999732314,0.013513270672410727,0.8596432209014893,0.003030286729335785,0.10183788388967514,0.10183788388967514,0.08113445565104485,0.0008306563138855038,0.004581249944749288,0.887877881526947,1.0,0.0035096153846153845,0.0002024038461538462,1,0.0,0.0,0.0,0.6390625,0.0,0.6390625,11.540625
451,1446400,-19.246268197894096,-0.19246270932257176,-19.246268197894096,-0.19246270932257176,0.0,19.246268197894096,0.19246270932257176,51.77252943813801,0.517725287899375,2.5102047395706175,0.01,0.0028488366753283,nan,nan,nan,nan,nan,nan,nan,nan,nan,nan,14464,-0.0011651800579507653,0.18444550186395645,0.9168017089366913,0.08785317316651345,0.10936100333929062,0.10936100333929062,0.2264207646250725,0.0021804600037310037,0.024587500129564434,0.3857370615005493,1.0,0.0034951923076923077,0.000201298076923077,1,0.0,0.0,0.0625,0.6196875,0.0,0.6196875,13.680625
452,1449600,-23.950132429599762,-0.2395013255998492,-23.950132429599762,-0.2395013255998492,0.0,23.950132429599762,0.2395013255998492,47.06866520643234,0.4706866716220975,1.9047243678569794,0.0,0.0,nan,nan,nan,nan,nan,nan,nan,nan,nan,nan,14496,-0.0008465155199402829,0.011195065453648567,0.9194798529148102,0.0015505199786275624,0.1343703307211399,0.1343703307211399,0.08387337848544121,0.001280643347493058,0.01147500011138618,0.8801500797271729,1.0,0.00348076923076923,0.0002001923076923077,1,0.0,0.0,0.0,0.67625,0.0,0.6784375,9.9875
453,1452800,-33.21862259507179,-0.3321862015873194,-33.21862259507179,-0.3321862015873194,0.0,33.21862259507179,0.3321862015873194,37.80017504096031,0.3780017956346273,2.968970384001732,0.0025,0.0006298862823660992,nan,nan,nan,nan,nan,nan,nan,nan,nan,nan,14528,-0.0006103979702281493,0.03787945061922073,0.8999219000339508,0.015209886245429516,0.11804464161396026,0.11804464161396026,0.11004825755953788,0.001947964728608781,0.020512500090990215,0.8170305490493774,1.0,0.003466346153846153,0.0001990865384615385,1,0.0,0.0,0.0625,0.57375,0.0,0.57375,16.20375
454,1456000,-22.552117362618446,-0.22552114754915237,-22.552117362618446,-0.22552114754915237,0.0,22.552117362618446,0.22552114754915237,48.46668027341366,0.48466684967279433,2.2691530752182008,0.0034375,0.0010514955772667706,nan,nan,nan,nan,nan,nan,nan,nan,nan,nan,14560,-0.0009518123645335663,0.03727234788239002,0.8776288807392121,0.014654853660613299,0.24146036356687545,0.24146036356687545,0.10108543336391448,0.0009526575609950513,0.005531250062631443,0.7770860195159912,1.0,0.0034519230769230764,0.0001979807692307693,1,0.0,0.0,0.0625,0.66875,0.0,0.66875,11.0553125
455,1459200,-27.336381137371063,-0.2733638249337673,-27.336381137371063,-0.2733638249337673,0.0,27.336381137371063,0.2733638249337673,43.68241649866104,0.4368241722881794,2.2157574766874313,0.0,0.0,nan,nan,nan,nan,nan,nan,nan,nan,nan,nan,14592,-0.0008662554655282318,0.012680656649172306,0.944895452260971,0.0022259947611019014,0.12572913244366646,0.12572913244366646,0.08596914261579514,0.0019930145797867624,0.01843124990045908,0.9163338541984558,1.0,0.0034374999999999996,0.000196875,1,0.0,0.0,0.0,0.6565625,0.0,0.656875,11.825625
456,1462400,-32.48410648107529,-0.32484107300639153,-32.48410648107529,-0.32484107300639153,0.0,32.48410648107529,0.32484107300639153,38.53469115495682,0.38534692421555516,2.7971960800886153,0.0,0.0,nan,nan,nan,nan,nan,nan,nan,nan,nan,nan,14624,-0.0009180397869553048,0.019844461418688297,0.9157727897167206,0.005869430396705866,0.13860167637467385,0.13860167637467385,0.0830461248755455,0.002615139659613036,0.027899999555666,0.8803819417953491,1.0,0.0034230769230769228,0.0001957692307692308,1,0.0,0.0,0.0,0.5909375,0.0,0.5909375,15.1540625
457,1465600,-24.79248036444187,-0.24792480424046517,-24.79248036444187,-0.24792480424046517,0.0,24.79248036444187,0.24792480424046517,46.22631727159023,0.46226319298148155,2.1629403924942014,0.0,0.0,nan,nan,nan,nan,nan,nan,nan,nan,nan,nan,14656,-0.0008137311547296022,0.010354692582041025,0.8824496269226074,0.0013556498335674406,0.08930782154202462,0.08930782154202462,0.0740335613489151,0.0009903549747856968,0.007099999999627471,0.8901240825653076,1.0,0.003408653846153846,0.0001946634615384616,1,0.0,0.0,0.0,0.6465625,0.0,0.6478125,10.31
458,1468800,-30.541016712784767,-0.30541018016636373,-30.541016712784767,-0.30541018016636373,0.0,30.541016712784767,0.30541018016636373,40.47778092324734,0.40477781705558297,2.059509003162384,0.0,0.0,nan,nan,nan,nan,nan,nan,nan,nan,nan,nan,14688,-0.0008762390409945197,0.015523852780461311,0.8693116724491119,0.003935042978264391,0.13035492226481438,0.13035492226481438,0.0910549983382225,0.001634031289725076,0.014887499873293564,0.8564979434013367,1.0,0.003394230769230769,0.0001935576923076923,1,0.0,0.0,0.0,0.601875,0.0,0.601875,14.580625
459,1472000,-24.35341191291809,-0.24353413753211497,-24.35341191291809,-0.24353413753211497,0.0,24.35341191291809,0.24353413753211497,46.665385723114014,0.46665385968983175,2.113211306929588,0.0,0.0,nan,nan,nan,nan,nan,nan,nan,nan,nan,nan,14720,-0.0007915637972008227,0.008936945954337716,0.8859964787960053,0.0006824113894253969,0.12522010058164595,0.12522010058164595,0.08332297168672084,0.0014124524517706782,0.013612500112503766,0.8686050176620483,1.0,0.0033798076923076915,0.000192451923076923,1,0.0,0.0,0.0,0.6671875,0.0,0.6671875,10.228125
460,1475200,-27.469795912504196,-0.27469792708754537,-27.469795912504196,-0.27469792708754537,0.0,27.469795912504196,0.27469792708754537,43.54900172352791,0.43549007013440133,2.336364672780037,0.0,0.0,-26.708909280598164,-0.26708909280598164,-26.708909280598164,-0.26708909280598164,100.0,2.4163287775218487,0.0,0.0,26.708909280598164,27.4827786013484,14752,-0.0008669673148193446,0.018178641423583032,0.8791078567504883,0.0052638173336163165,0.12565015703439714,0.12565015703439714,0.07801977097988129,0.0023888460462355957,0.025212499755434693,0.8377199172973633,1.0,0.0033653846153846147,0.00019134615384615381,1,0.0,0.0,0.0,0.66125,0.0,0.66125,12.2540625
461,1478400,-22.958033218979836,-0.2295803427323699,-22.958033218979836,-0.2295803427323699,0.0,22.958033218979836,0.2295803427323699,48.06076441705227,0.48060765448957676,2.1208083114027976,0.001875,0.0006008058851769691,nan,nan,nan,nan,nan,nan,nan,nan,nan,nan,14784,-0.0007908823563135048,0.024789062887430192,0.8940473258495331,0.00860773092135787,0.11730633229017258,0.11730633229017258,0.10221837684512139,0.001326160807732561,0.011143749893381027,0.7246463298797607,1.0,0.003350961538461538,0.00019024038461538462,1,0.0,0.0,0.03125,0.6453125,0.0,0.6453125,10.799375
462,1481600,-22.28334391117096,-0.22283341541886328,-22.28334391117096,-0.22283341541886328,0.0,22.28334391117096,0.22283341541886328,48.735453724861145,0.48735458180308344,1.8422459328174592,0.00125,0.00043979304731061794,nan,nan,nan,nan,nan,nan,nan,nan,nan,nan,14816,-0.001203154039778742,0.016318612452596425,0.9239407062530518,0.0038733883993700147,0.14634912684559823,0.14634912684559823,0.0771359808743,0.0018013054006611301,0.01817499994067475,0.8232537508010864,1.0,0.0033365384615384602,0.00018913461538461543,1,0.0,0.0,0.03125,0.671875,0.0,0.671875,9.77375
463,1484800,-32.356342911720276,-0.32356343694031237,-32.356342911720276,-0.32356343694031237,0.0,32.356342911720276,0.32356343694031237,38.66245472431183,0.38662456028163433,2.2740539819002152,0.001875,0.0005726845098967415,nan,nan,nan,nan,nan,nan,nan,nan,nan,nan,14848,-0.0007574923485692331,0.035796507447957995,0.8801692366600037,0.014216737356036901,0.119842728972435,0.119842728972435,0.12179149016737938,0.0011323383099831775,0.008050000108778477,0.8320387005805969,1.0,0.0033221153846153834,0.00018802884615384612,1,0.0,0.0,0.03125,0.5834375,0.0,0.5834375,16.246875
464,1488000,-28.81719733029604,-0.288171950802207,-28.81719733029604,-0.288171950802207,0.0,28.81719733029604,0.288171950802207,42.201600305736065,0.4220160464197397,2.502025921344757,0.0,0.0,nan,nan,nan,nan,nan,nan,nan,nan,nan,nan,14880,-0.0013157962344121144,0.01503377053886652,0.8785990834236145,0.0032949535874649883,0.18996323868632317,0.18996323868632317,0.084419085085392,0.0027771819484794136,0.03325625013094395,0.8894211053848267,1.0,0.0033076923076923066,0.00018692307692307693,1,0.0,0.0,0.0,0.6190625,0.0,0.62,12.8453125
465,1491200,-26.3782217502594,-0.26378222987055777,-26.3782217502594,-0.26378222987055777,0.0,26.3782217502594,0.26378222987055777,44.640575885772705,0.4464057673513889,1.9589726120233535,0.0,0.0,nan,nan,nan,nan,nan,nan,nan,nan,nan,nan,14912,-0.000608356786848141,0.01082896739244461,0.908895343542099,0.0018128898460417985,0.14694425016641616,0.14694425016641616,0.09316781088709832,0.0020039554001438386,0.0224374998579151,0.8804723620414734,1.0,0.00329326923076923,0.00018581730769230774,1,0.0,0.0,0.0,0.6525,0.0,0.6525,11.545
466,1494400,-26.212603360414505,-0.26212603352963926,-26.212603360414505,-0.26212603352963926,0.0,26.212603360414505,0.26212603352963926,44.8061942756176,0.44806196369230744,2.4563238656520845,0.004375,0.0012657957327082236,nan,nan,nan,nan,nan,nan,nan,nan,nan,nan,14944,-0.0012239563212046,0.050447790324687956,0.8934545636177063,0.021070438809692858,0.15481469333171843,0.15481469333171843,0.12067456543445587,0.0008918321203988013,0.003756249904836295,0.6975879669189453,1.0,0.003278846153846153,0.00018471153846153843,1,0.0,0.0,0.0625,0.6071875,0.0,0.608125,14.4925
467,1497600,-25.07763584703207,-0.25077635690569877,-25.07763584703207,-0.25077635690569877,0.0,25.07763584703207,0.25077635690569877,45.941161789000034,0.4594116403162479,2.1047261214256285,0.0,0.0,nan,nan,nan,nan,nan,nan,nan,nan,nan,nan,14976,-0.0006107040144605003,0.010871958173811435,0.9098036825656891,0.001855291030369699,0.08190689384937286,0.08190689384937286,0.07301919385790825,0.0006728999151188132,0.002168750004057074,0.8549677729606628,1.0,0.0032644230769230762,0.00018360576923076924,1,0.0,0.0,0.0,0.663125,0.0,0.66375,11.1128125
468,1500800,-23.540390819311142,-0.23540390774607658,-23.540390819311142,-0.23540390774607658,0.0,23.540390819311142,0.23540390774607658,47.47840681672096,0.47478408947587014,2.2561272794008254,0.0025,0.0007677832546091492,nan,nan,nan,nan,nan,nan,nan,nan,nan,nan,15008,-0.000386378583516489,0.026915749348700047,0.825348538160324,0.010389113239943982,0.06740178465843201,0.06740178465843201,0.09817710891366005,0.0003613306353170861,0.00031875000495347195,0.7211610674858093,1.0,0.0032499999999999994,0.00018250000000000004,1,0.0,0.0,0.0625,0.6446875,0.0,0.645,11.4759375
469,1504000,-30.968672141432762,-0.30968674153089526,-30.968672141432762,-0.30968674153089526,0.0,30.968672141432762,0.30968674153089526,40.05012549459934,0.40050125569105144,2.349404649138451,0.0,0.0,nan,nan,nan,nan,nan,nan,nan,nan,nan,nan,15040,-0.0012134471420548465,0.020771718025207518,0.8830473005771637,0.006315244594588876,0.14868649914860727,0.14868649914860727,0.08914572671055794,0.0017733939581401795,0.01754374987212941,0.8695699572563171,1.0,0.0032355769230769226,0.00018139423076923074,1,0.0,0.0,0.0,0.6203125,0.0,0.620625,13.8425
470,1507200,-27.76909266412258,-0.27769094791263343,-27.76909266412258,-0.27769094791263343,0.0,27.76909266412258,0.27769094791263343,43.24970497190952,0.43249704930931326,2.15023963868618,0.0,0.0,nan,nan,nan,nan,nan,nan,nan,nan,nan,nan,15072,-0.00030892231212638067,0.009620915446430445,0.8562584161758423,0.00174339534714818,0.046493905037641524,0.046493905037641524,0.07039512433111668,0.0005390809630649914,0.00428749998609419,0.9136514067649841,1.0,0.003221153846153846,0.00018028846153846155,1,0.0,0.0,0.0,0.623125,0.0,0.6234375,12.6434375
471,1510400,-26.14664436876774,-0.2614664609730244,-26.14664436876774,-0.2614664609730244,0.0,26.14664436876774,0.2614664609730244,44.872153267264366,0.4487215362489223,2.0531068873405456,0.0,0.0,nan,nan,nan,nan,nan,nan,nan,nan,nan,nan,15104,-0.000756751611217621,0.014473003707826138,0.9106408059597015,0.0035595702240243552,0.11566951796412468,0.11566951796412468,0.08526433929800988,0.0015316258803092207,0.014475000300444662,0.8566469550132751,1.0,0.003206730769230769,0.00017918269230769235,1,0.0,0.0,0.0,0.644375,0.0,0.6446875,11.2325
472,1513600,-19.54859146475792,-0.19548590049147607,-19.54859146475792,-0.19548590049147607,0.0,19.54859146475792,0.19548590049147607,51.470206171274185,0.5147020967304706,1.7661678841710091,0.003125,0.0011297217417215908,nan,nan,nan,nan,nan,nan,nan,nan,nan,nan,15136,-0.0009229623742750936,0.028609100356698038,0.9338687658309937,0.010400391370058059,0.11161391623318195,0.11161391623318195,0.08217952996492386,0.0008759739796030076,0.007012500066775828,0.6567608118057251,1.0,0.003192307692307692,0.00017807692307692316,1,0.0,0.0,0.0625,0.686875,0.0,0.6871875,9.670625
473,1516800,-23.613310515880585,-0.23613309420645237,-23.613310515880585,-0.23613309420645237,0.0,23.613310515880585,0.23613309420645237,47.40548712015152,0.47405490301549436,2.108420054316521,0.0021875,0.0007037337173791293,nan,nan,nan,nan,nan,nan,nan,nan,nan,nan,15168,-0.0010129790588631281,0.03210364766418934,0.8735945701599122,0.01226266184821725,0.2328735187649727,0.2328735187649727,0.09938071221113205,0.001301867468648851,0.012293749907985329,0.7626438736915588,1.0,0.0031778846153846154,0.00017697115384615386,1,0.0,0.0,0.03125,0.661875,0.0,0.661875,11.291875
474,1520000,-23.97404834628105,-0.23974046006798744,-23.97404834628105,-0.23974046006798744,0.0,23.97404834628105,0.23974046006798744,47.04474928975105,0.47044753715395926,2.146800004243851,0.0025,0.0007944578608835767,nan,nan,nan,nan,nan,nan,nan,nan,nan,nan,15200,-0.0008107727225113104,0.03708711676299572,0.8707983076572419,0.014978048857301474,0.15412703081965445,0.15412703081965445,0.10344771891832352,0.0012203432235789126,0.009681250083667691,0.7575154900550842,1.0,0.0031634615384615386,0.00017586538461538466,1,0.0,0.0,0.03125,0.685,0.0,0.685,10.5721875
475,1523200,-26.71915692090988,-0.2671915463358164,-26.71915692090988,-0.2671915463358164,0.0,26.71915692090988,0.2671915463358164,44.29964071512222,0.4429964508861303,2.1412035530805587,0.0015625,0.0004974208049865683,nan,nan,nan,nan,nan,nan,nan,nan,nan,nan,15232,-0.0007756053972610921,0.02288917135447264,0.8606955528259277,0.007958616595715284,0.12278655841946602,0.12278655841946602,0.08556466922163963,0.0006196407261110979,0.003587499924469739,0.7776544094085693,1.0,0.003149038461538461,0.00017475961538461547,1,0.0,0.0,0.03125,0.62375,0.0,0.62375,12.3228125
476,1526400,-24.847548946738243,-0.24847548291087151,-24.847548946738243,-0.24847548291087151,0.0,24.847548946738243,0.24847548291087151,46.17124868929386,0.4617125143110752,2.096569607555866,0.0009375,0.0003027543762337615,nan,nan,nan,nan,nan,nan,nan,nan,nan,nan,15264,-0.0006724007069220522,0.013871253933757544,0.8936890065670013,0.0034618548350408675,0.07316886261105537,0.07316886261105537,0.06324016861617565,0.0005861145273253967,0.0029437500750645997,0.8354449272155762,1.0,0.003134615384615384,0.00017365384615384617,1,0.0,0.0,0.03125,0.6359375,0.0,0.6359375,11.4746875
477,1529600,-29.377649173140526,-0.29377647437155247,-29.377649173140526,-0.29377647437155247,0.0,29.377649173140526,0.29377647437155247,41.64114846289158,0.41641152285039423,2.326064009666443,0.0021875,0.0006576842759617773,nan,nan,nan,nan,nan,nan,nan,nan,nan,nan,15296,-0.0012857655537547251,0.02901250682771206,0.879816597700119,0.01047529112547636,0.11695738658308982,0.11695738658308982,0.08209491819143296,0.0009228339393327678,0.005531249938940164,0.8044121861457825,1.0,0.0031201923076923073,0.00017254807692307697,1,0.0,0.0,0.03125,0.591875,0.0,0.593125,14.444375
478,1532800,-26.577527314424515,-0.265775258988142,-26.577527314424515,-0.265775258988142,0.0,26.577527314424515,0.265775258988142,44.44127032160759,0.44441273823380467,2.1396833792328835,0.0009375,0.0002985969879004356,nan,nan,nan,nan,nan,nan,nan,nan,nan,nan,15328,-0.0009786748962011178,0.014124256558716297,0.8848547995090484,0.003335298621095717,0.1553368851542473,0.1553368851542473,0.05311540216207504,0.002309413198238645,0.026768750534392892,0.8631846904754639,1.0,0.0031057692307692297,0.00017144230769230767,1,0.0,0.0,0.03125,0.621875,0.0,0.621875,12.071875
479,1536000,-27.334121957421303,-0.2733411963284016,-27.334121957421303,-0.2733411963284016,0.0,27.334121957421303,0.2733411963284016,43.6846756786108,0.4368468008935451,2.54868716776371,0.0021875,0.0006164251444509563,nan,nan,nan,nan,nan,nan,nan,nan,nan,nan,15360,-0.0007287252153095336,0.03349448777735233,0.8729842841625214,0.013319822028279305,0.09036689326167106,0.09036689326167106,0.09190663620829582,0.0012877952271108804,0.012375000072643161,0.7390227317810059,1.0,0.003091346153846153,0.00017033653846153848,1,0.0,0.0,0.03125,0.625,0.0,0.625,13.4828125
480,1539200,-33.55811828374863,-0.3355811097472906,-33.55811828374863,-0.3355811097472906,0.0,33.55811828374863,0.3355811097472906,37.46067935228348,0.3746068874746561,2.703746749162674,0.0003125,8.437401938203484e-05,-25.09448453038931,-0.2509448453038931,-25.09448453038931,-0.2509448453038931,100.0,2.127756800800562,0.0,0.0,25.09448453038931,29.097203351557255,15392,-0.0008680019593382937,0.021804633736610412,0.8568653762340546,0.007397805992513895,0.1285629838705063,0.1285629838705063,0.11609557569026947,0.0008606079711195251,0.005856250086799264,0.8579850196838379,1.0,0.003076923076923076,0.00016923076923076917,1,0.0,0.0,0.03125,0.6015625,0.0,0.601875,14.8796875
481,1542400,-20.893421545624733,-0.2089342388138175,-20.893421545624733,-0.2089342388138175,0.0,20.893421545624733,0.2089342388138175,50.12537609040737,0.5012537584081291,1.880968415737152,0.0025,0.000867763765247779,nan,nan,nan,nan,nan,nan,nan,nan,nan,nan,15424,-0.001161112324858582,0.02049868069589138,0.8789725363254547,0.00639637466520071,0.22887564375996589,0.22887564375996589,0.08337671533226967,0.0016772915634672668,0.013274999928398756,0.8161256909370422,1.0,0.0030624999999999993,0.00016812499999999998,1,0.0,0.0,0.0625,0.6709375,0.0,0.6709375,10.279375
482,1545600,-28.654523566365242,-0.28654525354504584,-28.654523566365242,-0.28654525354504584,0.0,28.654523566365242,0.28654525354504584,42.36427406966686,0.42364274367690086,2.4065843379497527,0.001875,0.0005504046910309186,nan,nan,nan,nan,nan,nan,nan,nan,nan,nan,15456,-0.0008607262729128706,0.027262382581830023,0.8243249297142029,0.010257859248667955,0.13400301486253738,0.13400301486253738,0.11551864370703697,0.0009234812132514536,0.006187500122905476,0.8095172643661499,1.0,0.0030480769230769224,0.00016701923076923079,1,0.0,0.0,0.03125,0.59375,0.0,0.59375,13.8321875
483,1548800,-22.319498851895332,-0.2231949870288372,-22.319498851895332,-0.2231949870288372,0.0,22.319498851895332,0.2231949870288372,48.69929878413677,0.4869930101931095,1.922483777999878,0.0,0.0,nan,nan,nan,nan,nan,nan,nan,nan,nan,nan,15488,-0.0008054248522151753,0.01244348706677556,0.893797367811203,0.0027048469753935935,0.1471423625946045,0.1471423625946045,0.09181748330593109,0.0016633629886227419,0.01566250007308554,0.8733322620391846,1.0,0.0030336538461538456,0.0001659134615384616,1,0.0,0.0,0.0,0.6996875,0.0,0.7,9.52125
484,1552000,-31.685825124382973,-0.31685825146734714,-31.685825124382973,-0.31685825146734714,0.0,31.685825124382973,0.31685825146734714,39.33297251164913,0.39332974575459956,2.4138134771585467,0.0028125,0.0008238587195282139,nan,nan,nan,nan,nan,nan,nan,nan,nan,nan,15520,-0.00048216294725698103,0.029503687284886837,0.842489504814148,0.011726010404527188,0.07494475021958351,0.07494475021958351,0.12354289293289185,0.0008940271745838332,0.005106249949312769,0.8307879567146301,1.0,0.003019230769230769,0.0001648076923076923,1,0.0,0.0,0.09375,0.565,0.0,0.565,16.7984375
485,1555200,-20.04509176313877,-0.2004508525133133,-20.04509176313877,-0.2004508525133133,0.0,20.04509176313877,0.2004508525133133,50.97370587289333,0.5097371447086334,2.3771429407596587,0.0125,0.0037013535462577236,nan,nan,nan,nan,nan,nan,nan,nan,nan,nan,15552,-0.0009024439901229919,0.2768935292959213,0.852785837650299,0.1349818602204323,0.19284955151379107,0.19284955151379107,0.25508832186460495,0.002073224815833692,0.022400000161724165,0.36307311058044434,1.0,0.003004807692307691,0.0001637019230769231,1,0.0,0.0,0.0625,0.581875,0.0,0.581875,15.6534375
486,1558400,-27.335236445069313,-0.2733523789793253,-27.335236445069313,-0.2733523789793253,0.0,27.335236445069313,0.2733523789793253,43.68356119096279,0.4368356182426214,2.2439861395955085,0.0,0.0,nan,nan,nan,nan,nan,nan,nan,nan,nan,nan,15584,-0.00037970606923882767,0.014217500854283572,0.8430165767669677,0.0042081005871295925,0.08377461582422256,0.08377461582422256,0.08890607804059983,0.000753288597482074,0.0028687500627711414,0.8674605488777161,1.0,0.0029903846153846144,0.0001625961538461539,1,0.0,0.0,0.0,0.62625,0.0,0.62625,12.2990625
487,1561600,-27.331767231225967,-0.27331767603755,-27.331767231225967,-0.27331767603755,0.0,27.331767231225967,0.27331767603755,43.68703040480614,0.4368703211843967,2.155622873902321,0.0,0.0,nan,nan,nan,nan,nan,nan,nan,nan,nan,nan,15616,-0.000464291238829162,0.012972611747682095,0.879095333814621,0.0034058608347550035,0.10072878450155258,0.10072878450155258,0.08856096193194389,0.0006616590420915916,0.0022062500211177394,0.9062854647636414,1.0,0.0029759615384615376,0.0001614903846153846,1,0.0,0.0,0.0,0.649375,0.0,0.65,12.2596875
488,1564800,-25.95231394469738,-0.2595231380313635,-25.95231394469738,-0.2595231380313635,0.0,25.95231394469738,0.2595231380313635,45.066483691334724,0.4506648591905832,2.251835045814514,0.0028125,0.000864896269452539,nan,nan,nan,nan,nan,nan,nan,nan,nan,nan,15648,-0.000935101788776227,0.036458003148436544,0.8579825758934021,0.01475295126438141,0.10819179639220237,0.10819179639220237,0.10964274555444717,0.0015175585402200952,0.012343749997671693,0.7702046632766724,1.0,0.0029615384615384608,0.0001603846153846154,1,0.0,0.0,0.0625,0.635,0.0,0.635,11.344375
489,1568000,-29.909945711493492,-0.29909943602979183,-29.909945711493492,-0.29909943602979183,0.0,29.909945711493492,0.29909943602979183,41.10885192453861,0.41108856119215487,2.5646191561222076,0.0046875,0.0013150072405208428,nan,nan,nan,nan,nan,nan,nan,nan,nan,nan,15680,-0.0008384419287089439,0.05890961103141308,0.8319274306297302,0.026164577342569828,0.14988378286361695,0.14988378286361695,0.10870195180177689,0.0012014139094416176,0.010824999934993685,0.7364927530288696,1.0,0.002947115384615384,0.0001592788461538462,1,0.0,0.0,0.0625,0.5715625,0.0,0.5715625,16.5209375
490,1571200,-34.06059314310551,-0.34060594767332075,-34.06059314310551,-0.34060594767332075,0.0,34.06059314310551,0.34060594767332075,36.9582044929266,0.36958204954862595,2.843743377327919,0.0015625,0.00040650476543681584,nan,nan,nan,nan,nan,nan,nan,nan,nan,nan,15712,-0.0006074548913369782,0.024106191657483577,0.8150861859321594,0.009055243525654077,0.1383109264075756,0.1383109264075756,0.1017989195883274,0.0015830447213400621,0.01743124994027312,0.8751550912857056,1.0,0.002932692307692307,0.0001581730769230769,1,0.0,0.0,0.0625,0.5471875,0.0,0.5471875,17.8525
491,1574400,-32.41294500231743,-0.32412943325936794,-32.41294500231743,-0.32412943325936794,0.0,32.41294500231743,0.32412943325936794,38.605852633714676,0.38605856396257876,2.349804876148701,0.0,0.0,nan,nan,nan,nan,nan,nan,nan,nan,nan,nan,15744,-0.00030678804067285625,0.015745723992586134,0.8519270360469818,0.005079921474680305,0.07371969483792781,0.07371969483792781,0.07721884250640869,0.00034255372957240265,0.0005562500067753717,0.8961467146873474,1.0,0.0029182692307692304,0.00015706730769230771,1,0.0,0.0,0.0,0.5890625,0.0,0.5890625,15.4053125
492,1577600,-30.929404467344284,-0.3092940676212311,-30.929404467344284,-0.3092940676212311,0.0,30.929404467344284,0.3092940676212311,40.08939316868782,0.4008939296007156,2.9051367557048797,0.001875,0.0004801368344555097,nan,nan,nan,nan,nan,nan,nan,nan,nan,nan,15776,-0.0005374509642657177,0.035430632531642914,0.8603983104228974,0.014679401461035014,0.09652135372161866,0.09652135372161866,0.128452767431736,0.0010775719023538408,0.006031250068917871,0.8116753101348877,1.0,0.0029038461538461536,0.00015596153846153852,1,0.0,0.0,0.03125,0.595,0.0,0.595,15.29375
493,1580800,-31.310598090291023,-0.31310599982738496,-31.310598090291023,-0.31310599982738496,0.0,31.310598090291023,0.31310599982738496,39.70819954574108,0.39708199739456174,2.4604814612865447,0.0,0.0,nan,nan,nan,nan,nan,nan,nan,nan,nan,nan,15808,-0.0007897202506661927,0.019934884458780288,0.8490827143192291,0.006724362820386886,0.11259282901883125,0.11259282901883125,0.09799138680100442,0.0015803948896089322,0.017550000116898445,0.8934048414230347,1.0,0.0028894230769230768,0.00015485576923076922,1,0.0,0.0,0.0,0.62375,0.0,0.62375,13.9421875
494,1584000,-30.340434536337852,-0.3034043449163437,-30.340434536337852,-0.3034043449163437,0.0,30.340434536337852,0.3034043449163437,40.67836309969425,0.406783652305603,2.563374361395836,0.0,0.0,nan,nan,nan,nan,nan,nan,nan,nan,nan,nan,15840,-0.0006372028603218282,0.015087849181145429,0.8764554262161255,0.004386912356130779,0.16922349929809571,0.16922349929809571,0.0918817400932312,0.001022996315444186,0.007306250091642141,0.8946428894996643,1.0,0.002875,0.00015375000000000002,1,0.0,0.0,0.0,0.6096875,0.0,0.6096875,14.025625
495,1587200,-29.34808176755905,-0.2934808094054461,-29.34808176755905,-0.2934808094054461,0.0,29.34808176755905,0.2934808094054461,41.67071586847305,0.4167071878165006,2.3589574307203294,0.0,0.0,nan,nan,nan,nan,nan,nan,nan,nan,nan,nan,15872,-0.000716650939750263,0.016985370963811874,0.8174581706523896,0.005437632487155497,0.1069233812391758,0.1069233812391758,0.09681376367807389,0.0008580785772235559,0.006206250037212158,0.8985833525657654,1.0,0.002860576923076923,0.00015264423076923083,1,0.0,0.0,0.0,0.6428125,0.0,0.6428125,12.7125
496,1590400,-20.669737204909325,-0.2066973789781332,-20.669737204909325,-0.2066973789781332,0.0,20.669737204909325,0.2066973789781332,50.34906043112278,0.5034906182438135,2.177523627281189,0.008125,0.0025570226859184873,nan,nan,nan,nan,nan,nan,nan,nan,nan,nan,15904,-0.0007786417178169191,0.19206112027168273,0.8398164629936218,0.09286167174577713,0.10286368988454342,0.10286368988454342,0.22408169955015184,0.0014435282031653879,0.012999999889871106,0.4016258716583252,1.0,0.0028461538461538463,0.00015153846153846164,1,0.0,0.0,0.03125,0.6178125,0.0,0.61875,12.6046875
497,1593600,-29.738225400447845,-0.2973822543025017,-29.738225400447845,-0.2973822543025017,0.0,29.738225400447845,0.2973822543025017,41.28057223558426,0.412805742919445,2.3506431543827055,0.00125,0.0003730627053988056,nan,nan,nan,nan,nan,nan,nan,nan,nan,nan,15936,-0.0006575878716073902,0.021437381394207478,0.871607095003128,0.007592946151271462,0.1327834390103817,0.1327834390103817,0.09947771951556206,0.001284945509271837,0.014774999947985635,0.8519266843795776,1.0,0.0028317307692307687,0.00015043269230769233,1,0.0,0.0,0.03125,0.59,0.0,0.59,15.1590625
498,1596800,-25.09943000972271,-0.25099429704248905,-25.09943000972271,-0.25099429704248905,0.0,25.09943000972271,0.25099429704248905,45.919367626309395,0.45919370017945765,2.8939229476451875,0.0071875,0.001845824916578427,nan,nan,nan,nan,nan,nan,nan,nan,nan,nan,15968,-0.0011503767054528158,0.15434883981943132,0.8358232200145721,0.07366927042603492,0.18403872698545456,0.18403872698545456,0.23109286800026893,0.0017006583450009788,0.018450000323355198,0.5482923984527588,1.0,0.002817307692307691,0.00014932692307692303,1,0.0,0.0,0.03125,0.575625,0.0,0.5771875,15.33875
499,1600000,-23.64503088593483,-0.2364503100886941,-23.64503088593483,-0.2364503100886941,0.0,23.64503088593483,0.2364503100886941,47.373766750097275,0.4737376871332526,2.142252818644047,0.0025,0.0007956075288298433,nan,nan,nan,nan,nan,nan,nan,nan,nan,nan,16000,-0.0006487687063505109,0.02763797454535961,0.8239183187484741,0.010860870592296124,0.2194412186741829,0.2194412186741829,0.08891210481524467,0.0016215711264547412,0.015806249843444677,0.8240317702293396,1.0,0.002802884615384614,0.00014822115384615384,1,0.0,0.0,0.0625,0.6665625,0.0,0.666875,11.208125
500,1603200,-27.102950885891914,-0.27102948892861606,-27.102950885891914,-0.27102948892861606,0.0,27.102950885891914,0.27102948892861606,43.91584675014019,0.43915850829333064,2.3013874065876005,0.00125,0.0003786286933504821,-24.661051225848496,-0.24661051225848496,-24.661051225848496,-0.24661051225848496,100.0,2.0907910960819573,0.0,0.0,24.661051225848496,29.530636656098068,16032,-0.0008203210530569827,0.01718827672302723,0.8520449757575989,0.005397922592237592,0.15887536257505416,0.15887536257505416,0.06688352711498738,0.0014715752055079537,0.012556249951012432,0.8969521522521973,1.0,0.0027884615384615374,0.00014711538461538464,1,0.0,0.0,0.03125,0.6209375,0.0,0.6209375,12.9221875
501,1606400,-27.658317014575005,-0.2765831533074379,-27.658317014575005,-0.2765831533074379,0.0,27.658317014575005,0.2765831533074379,43.3604806214571,0.4336048439145088,2.2773855429887773,0.00125,0.0003814015725656969,nan,nan,nan,nan,nan,nan,nan,nan,nan,nan,16064,-0.0008172066925908438,0.022906442731618883,0.8921364188194275,0.008161194017156958,0.2243255853652954,0.2243255853652954,0.08864622041583062,0.0012665068294181177,0.008956250036135316,0.8638333082199097,1.0,0.0027740384615384606,0.00014600961538461534,1,0.0,0.0,0.03125,0.6403125,0.0,0.6409375,13.2234375
502,1609600,-24.514461927115917,-0.24514461364597082,-24.514461927115917,-0.24514461364597082,0.0,24.514461927115917,0.24514461364597082,46.50433570891619,0.46504338357597585,2.1974522995948793,0.0,0.0,nan,nan,nan,nan,nan,nan,nan,nan,nan,nan,16096,-0.00047607833889196094,0.014288723561912775,0.8681244552135468,0.0042725937673822045,0.09714994952082634,0.09714994952082634,0.0856586255133152,0.0012727150759045487,0.010418749984819443,0.8816085457801819,1.0,0.002759615384615384,0.00014490384615384615,1,0.0,0.0,0.0,0.6640625,0.0,0.6640625,11.07625
503,1612800,-33.695143431425095,-0.3369513926655054,-33.695143431425095,-0.3369513926655054,0.0,33.695143431425095,0.3369513926655054,37.32365420460701,0.3732366045564413,3.12670955657959,0.0,0.0,nan,nan,nan,nan,nan,nan,nan,nan,nan,nan,16128,-0.00039455223030238074,0.017036266159266233,0.846490103006363,0.005799802718684077,0.059499986842274664,0.059499986842274664,0.11995964422821999,0.00041388320269374437,0.00038124999846331773,0.8712825775146484,1.0,0.002745192307692307,0.00014379807692307695,1,0.0,0.0,0.0,0.5365625,0.0,0.5365625,16.3921875
504,1616000,-18.469382397830486,-0.18469382375478743,-18.469382397830486,-0.18469382375478743,0.0,18.469382397830486,0.18469382375478743,52.54941523820162,0.5254941734671592,1.657451856136322,0.00125,0.00047037540759717816,nan,nan,nan,nan,nan,nan,nan,nan,nan,nan,16160,-0.0012675221586716744,0.013960389886051416,0.9147712290287018,0.0032146434998139737,0.23400884121656418,0.23400884121656418,0.09029897525906563,0.0015463565005147315,0.015112499961105641,0.8085635900497437,1.0,0.00273076923076923,0.00014269230769230765,1,0.0,0.0,0.03125,0.715625,0.0,0.715625,7.4584375
505,1619200,-21.404842764139175,-0.21404843859374523,-21.404842764139175,-0.21404843859374523,0.0,21.404842764139175,0.21404843859374523,49.61395487189293,0.49613955862820147,2.142326355278492,0.005,0.0015911778200889224,nan,nan,nan,nan,nan,nan,nan,nan,nan,nan,16192,-0.0007846900755684949,0.04727599620819092,0.8698212444782257,0.020490572229027747,0.21656642109155655,0.21656642109155655,0.10373632684350013,0.0009516681297125475,0.006843750024563633,0.7399954795837402,1.0,0.0027163461538461534,0.00014158653846153846,1,0.0,0.0,0.09375,0.6384375,0.0,0.6384375,11.851875
506,1622400,-23.933136746287346,-0.23933139186352492,-23.933136746287346,-0.23933139186352492,0.0,23.933136746287346,0.23933139186352492,47.08566088974476,0.4708566053584218,1.7341308829188347,0.000625,0.00022859183658859017,nan,nan,nan,nan,nan,nan,nan,nan,nan,nan,16224,-0.0007658279669879419,0.013939433731138706,0.9160685300827026,0.003728742222301662,0.15077280402183532,0.15077280402183532,0.08128601610660553,0.0013320172452976765,0.01123749982798472,0.8777089715003967,1.0,0.0027019230769230766,0.00014048076923076926,1,0.0,0.0,0.03125,0.6734375,0.0,0.6734375,10.8021875
507,1625600,-26.33186922967434,-0.2633186848461628,-26.33186922967434,-0.2633186848461628,0.0,26.33186922967434,0.2633186848461628,44.686928406357765,0.4468693123757839,2.1892234301567077,0.0009375,0.0002939587082971902,nan,nan,nan,nan,nan,nan,nan,nan,nan,nan,16256,-0.0007506545961776468,0.019238193146884443,0.8786350011825561,0.006507110502570868,0.1156842865049839,0.1156842865049839,0.10635591223835945,0.0015107675259087888,0.015787499734869925,0.8354650735855103,1.0,0.002687499999999999,0.00013937500000000007,1,0.0,0.0,0.03125,0.650625,0.0,0.650625,11.4421875
508,1628800,-29.243890538811684,-0.2924389034509659,-29.243890538811684,-0.2924389034509659,0.0,29.243890538811684,0.2924389034509659,41.77490709722042,0.4177490937709808,2.3501240050792696,0.0,0.0,nan,nan,nan,nan,nan,nan,nan,nan,nan,nan,16288,-0.0004984111341764574,0.012765705306082963,0.867131096124649,0.0035665333736687897,0.08021883890032769,0.08021883890032769,0.07844605818390846,0.0007920890875564243,0.0032062499318271875,0.914855420589447,1.0,0.002673076923076922,0.00013826923076923076,1,0.0,0.0,0.0,0.6234375,0.0,0.6234375,13.47875
509,1632000,-37.28511242568493,-0.37285113230347633,-37.28511242568493,-0.37285113230347633,0.0,37.28511242568493,0.37285113230347633,33.733685210347176,0.33733686491847037,3.0912425929307936,0.0,0.0,nan,nan,nan,nan,nan,nan,nan,nan,nan,nan,16320,-0.0002800275562945487,0.022414169646799563,0.78870490193367,0.008830163860693574,0.0806691162288189,0.0806691162288189,0.12286015078425408,0.0006671785573443255,0.002593749923835276,0.8509730100631714,1.0,0.0026586538461538453,0.00013716346153846157,1,0.0,0.0,0.0,0.5175,0.0,0.51875,18.119375
510,1635200,-27.255176290869713,-0.2725517576187849,-27.255176290869713,-0.2725517576187849,0.0,27.255176290869713,0.2725517576187849,43.76362134516239,0.4376362396031618,2.264964773654938,0.0,0.0,nan,nan,nan,nan,nan,nan,nan,nan,nan,nan,16352,-0.0008529810819076555,0.02304726094007492,0.8646576404571533,0.008384294994175433,0.15840858295559884,0.15840858295559884,0.10420023500919343,0.0018184284341286091,0.023168750572949648,0.8482834100723267,1.0,0.0026442307692307685,0.00013605769230769238,1,0.0,0.0,0.0,0.660625,0.0,0.660625,11.3478125
511,1638400,-24.475240364670753,-0.24475239381194114,-24.475240364670753,-0.24475239381194114,0.0,24.475240364670753,0.24475239381194114,46.54355727136135,0.46543560341000556,2.195658583343029,0.0028125,0.0008801002756238745,nan,nan,nan,nan,nan,nan,nan,nan,nan,nan,16384,-0.000833333752758314,0.02749584410339594,0.8374209105968475,0.010712332464754582,0.1090576633810997,0.1090576633810997,0.12268661707639694,0.0010937575589222484,0.007287500071106479,0.8006796836853027,1.0,0.0026298076923076917,0.00013495192307692307,1,0.0,0.0,0.0625,0.6375,0.0,0.638125,11.6109375
512,1641600,-30.085973665118217,-0.3008597249537706,-30.085973665118217,-0.3008597249537706,0.0,30.085973665118217,0.3008597249537706,40.93282397091389,0.4093282722681761,2.560808198451996,0.0,0.0,nan,nan,nan,nan,nan,nan,nan,nan,nan,nan,16416,-0.0006773508889309276,0.016120355669409038,0.8251735925674438,0.005224680621176958,0.09999984055757523,0.09999984055757523,0.0760113388299942,0.0013361537920017232,0.009774999972432852,0.8999656438827515,1.0,0.002615384615384615,0.00013384615384615388,1,0.0,0.0,0.0,0.6096875,0.0,0.6103125,13.9821875
513,1644800,-15.605850249528885,-0.1560585030913353,-15.605850249528885,-0.1560585030913353,0.0,15.605850249528885,0.1560585030913353,55.41294738650322,0.5541294941306114,1.953577078282833,0.01125,0.003808940718940231,nan,nan,nan,nan,nan,nan,nan,nan,nan,nan,16448,-0.0003520209299109456,0.22389536052942277,0.8250039756298065,0.1094498559832573,0.13185507506132127,0.13185507506132127,0.2713156223297119,0.001040087783260706,0.006518750102259219,0.4397902488708496,1.0,0.002600961538461538,0.00013274038461538469,1,0.0,0.0,0.09375,0.67875,0.0,0.6790625,10.8140625
514,1648000,-22.4215896576643,-0.2242159155756235,-22.4215896576643,-0.2242159155756235,0.0,22.4215896576643,0.2242159155756235,48.597207978367805,0.4859720816463232,1.6834892070293426,0.003125,0.0011645286263176052,nan,nan,nan,nan,nan,nan,nan,nan,nan,nan,16480,-0.001247995427611759,0.05089594535529614,0.8811161935329437,0.021920936368405818,0.18069395273923874,0.18069395273923874,0.14741449132561685,0.0012845573062833684,0.010950000012962846,0.7392445206642151,1.0,0.0025865384615384613,0.00013163461538461538,1,0.0,0.0,0.03125,0.6928125,0.0,0.6928125,10.2059375
515,1651200,-39.15490287542343,-0.39154904410243035,-39.15490287542343,-0.39154904410243035,0.0,39.15490287542343,0.39154904410243035,31.863894760608673,0.31863895311951634,3.0732918363809585,0.0,0.0,nan,nan,nan,nan,nan,nan,nan,nan,nan,nan,16512,-0.0003917702919668864,0.01912681832909584,0.7789327502250671,0.007168133882805705,0.06668131835758687,0.06668131835758687,0.12029004395008087,0.0004533208040837076,0.0006624999885389115,0.9214982986450195,1.0,0.0025721153846153845,0.0001305288461538462,1,0.0,0.0,0.0,0.5134375,0.0,0.5134375,19.4596875
516,1654400,-23.206161558628082,-0.23206166546791793,-23.206161558628082,-0.23206166546791793,0.0,23.206161558628082,0.23206166546791793,47.81263607740402,0.47812633175402874,2.2737828999757768,0.004375,0.0013363745042569474,nan,nan,nan,nan,nan,nan,nan,nan,nan,nan,16544,-0.0011801322924206215,0.0382279172539711,0.8431026637554169,0.015777429472655057,0.09828884527087212,0.09828884527087212,0.09663952216506004,0.0012332900838400635,0.010681249969638883,0.7875102162361145,1.0,0.0025576923076923077,0.000129423076923077,1,0.0,0.0,0.09375,0.641875,0.0,0.641875,12.5465625
517,1657600,-24.784429162740707,-0.24784430369734764,-24.784429162740707,-0.24784430369734764,0.0,24.784429162740707,0.24784430369734764,46.2343684732914,0.46234369352459903,2.5583281892538072,0.0046875,0.0013173321151647296,nan,nan,nan,nan,nan,nan,nan,nan,nan,nan,16576,-0.001228423976758486,0.05496755912899971,0.8307651460170746,0.024142495915293695,0.2922860458493233,0.2922860458493233,0.11971145272254943,0.0011791665881926477,0.007706250133924186,0.7095706462860107,1.0,0.00254326923076923,0.0001283173076923077,1,0.0,0.0,0.0625,0.6171875,0.0,0.6171875,13.6571875
518,1660800,-30.75686179101467,-0.3075686004757881,-30.75686179101467,-0.3075686004757881,0.0,30.75686179101467,0.3075686004757881,40.26193584501743,0.4026193967461586,2.7974595367908477,0.0,0.0,nan,nan,nan,nan,nan,nan,nan,nan,nan,nan,16608,-0.0007252201279974724,0.02388480640947819,0.8363123178482056,0.009102277923375368,0.13334092423319815,0.13334092423319815,0.10885093957185746,0.0010732658734950598,0.009781250264495611,0.8678267002105713,1.0,0.0025288461538461524,0.0001272115384615385,1,0.0,0.0,0.0,0.626875,0.0,0.626875,12.9515625
519,1664000,-27.067010074853897,-0.2706701308488846,-27.067010074853897,-0.2706701308488846,0.0,27.067010074853897,0.2706701308488846,43.95178756117821,0.4395178663730621,2.2199263274669647,0.0028125,0.0008734671896088142,nan,nan,nan,nan,nan,nan,nan,nan,nan,nan,16640,-0.00014056458373890024,0.04605485498905182,0.8299933254718781,0.0207999087870121,0.0711356095969677,0.0711356095969677,0.1482655167579651,0.00036804158881101735,0.0012250000145286322,0.7798305153846741,1.0,0.0025144230769230756,0.0001261057692307692,1,0.0,0.0,0.03125,0.63875,0.0,0.63875,12.5825
520,1667200,-28.107360672205687,-0.2810735921561718,-28.107360672205687,-0.2810735921561718,0.0,28.107360672205687,0.2810735921561718,42.91143696382642,0.4291144050657749,2.1695378690958025,0.000625,0.00019718963010159537,-25.428057987242937,-0.25428057987242936,-25.428057987242937,-0.25428057987242936,100.0,2.086485189795494,0.0,0.0,25.428057987242937,28.763629894703627,16672,-0.00046216625808011004,0.015951344184577464,0.8481727719306946,0.005393073800951243,0.15568468049168588,0.15568468049168588,0.09302149042487144,0.0009504987998326115,0.008006250002654269,0.8961520195007324,1.0,0.0024999999999999988,0.000125,1,0.0,0.0,0.03125,0.65,0.0,0.650625,12.2915625
521,1670400,-29.211799256503582,-0.29211798407137396,-29.211799256503582,-0.29211798407137396,0.0,29.211799256503582,0.29211798407137396,41.80699837952852,0.41807001315057274,2.3494809663295744,0.0,0.0,nan,nan,nan,nan,nan,nan,nan,nan,nan,nan,16704,-0.0009823233925446485,0.013618669286370278,0.8070690274238587,0.0038209790363907814,0.13460733443498613,0.13460733443498613,0.09500605389475822,0.0010464695064028623,0.008137500041630118,0.9171470403671265,1.0,0.002485576923076922,0.0001238942307692308,1,0.0,0.0,0.0,0.6378125,0.0,0.6378125,13.5771875
522,1673600,-21.46027858555317,-0.21460279524326326,-21.46027858555317,-0.21460279524326326,0.0,21.46027858555317,0.21460279524326326,49.558519050478935,0.49558520197868344,2.022191867828369,0.00375,0.0012408212860074322,nan,nan,nan,nan,nan,nan,nan,nan,nan,nan,16736,-0.000678732174334451,0.046584538742899896,0.8468611538410187,0.020520812645554543,0.16633734256029128,0.16633734256029128,0.1694182872772217,0.0007191240512865104,0.005943750112055568,0.6807346343994141,1.0,0.002471153846153845,0.0001227884615384615,1,0.0,0.0,0.0625,0.6725,0.0,0.6728125,10.955
523,1676800,-28.712779819965363,-0.2871277832984924,-28.712779819965363,-0.2871277832984924,0.0,28.712779819965363,0.2871277832984924,42.30601781606674,0.4230602139234543,2.110272833108902,0.0,0.0,nan,nan,nan,nan,nan,nan,nan,nan,nan,nan,16768,-0.0006822186195349466,0.014142961893230676,0.8024918258190155,0.0044177558971568946,0.09963118061423301,0.09963118061423301,0.0987599641084671,0.0010644503141544626,0.006175000031362288,0.8776242733001709,1.0,0.0024567307692307683,0.00012168269230769231,1,0.0,0.0,0.0,0.6321875,0.0,0.6321875,12.85125
524,1680000,-30.364879488945007,-0.30364878810942175,-30.364879488945007,-0.30364878810942175,0.0,30.364879488945007,0.30364878810942175,40.6539181470871,0.40653920911252495,2.535067234635353,0.001875,0.00053040009582545,nan,nan,nan,nan,nan,nan,nan,nan,nan,nan,16800,-0.0004476543160999213,0.030486332066357136,0.8111043870449066,0.012814545072615147,0.0932427316904068,0.0932427316904068,0.10960986390709877,0.0007021633744471624,0.002687500085448846,0.8178980946540833,1.0,0.0024423076923076915,0.00012057692307692312,1,0.0,0.0,0.03125,0.5896875,0.0,0.5896875,14.4034375
525,1683200,8.34640185534954,0.08346395067870617,8.34640185534954,0.08346395067870617,0.0,0.0,0.0,79.36519949138165,0.7936519479006529,1.6559055024385452,0.0303125,0.011413244926134715,nan,nan,nan,nan,nan,nan,nan,nan,nan,nan,16832,-0.000396528630652071,0.8781724035739898,0.8409146189689636,0.4366480320692062,0.10011095330119132,0.10011095330119132,0.47872250750660894,0.0003939234828093106,0.001000000030035153,0.1908392310142517,1.0,0.0024278846153846147,0.00011947115384615382,1,0.0,0.0,0.09375,0.7275,0.0,0.7275,8.381875
526,1686400,-23.65992496907711,-0.2365992584452033,-23.65992496907711,-0.2365992584452033,0.0,23.65992496907711,0.2365992584452033,47.358872666954994,0.4735887387767434,2.2939009046554566,0.00375,0.0011384677646798398,nan,nan,nan,nan,nan,nan,nan,nan,nan,nan,16864,-0.0007883182173041847,0.0608287837356329,0.7969854176044464,0.027702579461038112,0.08377037569880486,0.08377037569880486,0.175419420003891,0.0006625777108663876,0.0023874999707913956,0.6509352922439575,1.0,0.002413461538461538,0.00011836538461538462,1,0.0,0.0,0.03125,0.6284375,0.0,0.6290625,12.284375
527,1689600,-18.025533482432365,-0.18025533758103848,-18.025533482432365,-0.18025533758103848,0.0,18.025533482432365,0.18025533758103848,52.99326415359974,0.5299326596409082,2.368642390370369,0.0096875,0.0028757875955289208,nan,nan,nan,nan,nan,nan,nan,nan,nan,nan,16896,-0.0002649007673753978,0.20288276225328444,0.8163890063762664,0.09921793043613433,0.07808619551360607,0.07808619551360607,0.22827332094311714,0.000577376550247989,0.0018375000450760125,0.46010273694992065,1.0,0.002399038461538461,0.00011725961538461543,1,0.0,0.0,0.0625,0.60625,0.0,0.60625,12.6615625
528,1692800,-35.58217753469944,-0.35582179203629494,-35.58217753469944,-0.35582179203629494,0.0,35.58217753469944,0.35582179203629494,35.436620101332664,0.35436620518565176,2.9563621145486834,0.0009375,0.0002369601095290399,nan,nan,nan,nan,nan,nan,nan,nan,nan,nan,16928,-0.0004023628481380825,0.02679566331207752,0.7861652553081513,0.011120766960084438,0.07415541559457779,0.07415541559457779,0.15767104774713517,0.0001638957252026012,0.0,0.8710024952888489,1.0,0.0023846153846153843,0.00011615384615384623,1,0.0,0.0,0.03125,0.538125,0.0,0.538125,17.7646875
529,1696000,-23.675032287836075,-0.23675029158592223,-23.675032287836075,-0.23675029158592223,0.0,23.675032287836075,0.23675029158592223,47.34376534819603,0.4734377056360245,2.1900188016891478,0.0015625,0.0004898090253175436,nan,nan,nan,nan,nan,nan,nan,nan,nan,nan,16960,-0.000352821992167085,0.02763535492122173,0.8763924956321716,0.011387636885046959,0.10825594663619995,0.10825594663619995,0.11347610354423524,0.0005960672931022524,0.004081250039598671,0.8269692659378052,1.0,0.0023701923076923075,0.00011504807692307693,1,0.0,0.0,0.03125,0.7096875,0.0,0.7096875,10.985
530,1699200,-29.874135062098503,-0.2987413790822029,-29.874135062098503,-0.2987413790822029,0.0,29.874135062098503,0.2987413790822029,41.1446625739336,0.4114466181397438,2.438412954211235,0.0021875,0.0006361946715332244,nan,nan,nan,nan,nan,nan,nan,nan,nan,nan,16992,-0.0007916859427990808,0.03658717721700668,0.8128076791763306,0.015587115380913018,0.14853777587413788,0.14853777587413788,0.10723701193928718,0.0008254175368191289,0.007512500008306233,0.8270158767700195,1.0,0.00235576923076923,0.00011394230769230774,1,0.0,0.0,0.03125,0.5978125,0.0,0.5978125,14.8646875
531,1702400,-29.904536858201027,-0.29904534965753554,-29.904536858201027,-0.29904534965753554,0.0,29.904536858201027,0.29904534965753554,41.11426077783108,0.41114264756441116,2.3493333745002745,0.0,0.0,nan,nan,nan,nan,nan,nan,nan,nan,nan,nan,17024,-0.0006697132701869001,0.013378284871578217,0.8024664461612702,0.0041405773954465985,0.1032581940293312,0.1032581940293312,0.09210831746459007,0.0007397719466125962,0.0025062500819331033,0.9214542508125305,1.0,0.002341346153846153,0.00011283653846153854,1,0.0,0.0,0.0,0.6028125,0.0,0.603125,14.34625
532,1705600,-33.92456139624119,-0.3392456317692995,-33.92456139624119,-0.3392456317692995,0.0,33.92456139624119,0.3392456317692995,37.094236239790916,0.3709423654526472,2.343305326104164,0.0,0.0,nan,nan,nan,nan,nan,nan,nan,nan,nan,nan,17056,-0.0007943321138853321,0.03227564580738544,0.8133031666278839,0.013450996670871972,0.17719937786459922,0.17719937786459922,0.14119519144296647,0.0014921046124099265,0.014343750115222065,0.8524374961853027,1.0,0.0023269230769230763,0.00011173076923076924,1,0.0,0.0,0.0,0.61125,0.0,0.61125,15.1925
533,1708800,-23.537951722741127,-0.2353795425593853,-23.537951722741127,-0.2353795425593853,0.0,23.537951722741127,0.2353795425593853,47.48084591329098,0.4748084546625614,2.370606654882431,0.0053125,0.0015761257672427234,nan,nan,nan,nan,nan,nan,nan,nan,nan,nan,17088,-0.000996725931088438,0.05232698693871498,0.8166121125221253,0.023278351686894894,0.21434321105480195,0.21434321105480195,0.1544561892747879,0.001763070074232842,0.021075000171549618,0.7155117988586426,1.0,0.0023124999999999995,0.00011062500000000005,1,0.0,0.0,0.09375,0.5984375,0.0,0.59875,13.671875
534,1712000,-28.582380652427673,-0.28582381196320056,-28.582380652427673,-0.28582381196320056,0.0,28.582380652427673,0.28582381196320056,42.43641698360443,0.42436418525874614,2.5211202621459963,0.0025,0.0007100013103432996,nan,nan,nan,nan,nan,nan,nan,nan,nan,nan,17120,-0.000229753156496737,0.04089191108942032,0.8548110961914063,0.018251780793070792,0.09962957054376602,0.09962957054376602,0.09190323576331139,0.0006659404796692635,0.002824999994481914,0.8114866614341736,1.0,0.0022980769230769226,0.00010951923076923085,1,0.0,0.0,0.03125,0.6078125,0.0,0.6078125,14.7265625
535,1715200,-26.924585968255997,-0.26924585856497285,-26.924585968255997,-0.26924585856497285,0.0,26.924585968255997,0.26924585856497285,44.09421166777611,0.44094213865697385,2.438460907936096,0.0021875,0.000636185798986741,nan,nan,nan,nan,nan,nan,nan,nan,nan,nan,17152,-0.00036099207412045866,0.034929584711790085,0.869910728931427,0.015117225237190723,0.08717482164502144,0.08717482164502144,0.12527936324477196,0.000574812908783323,0.0019312500109663234,0.8225451111793518,1.0,0.002283653846153846,0.00010841346153846155,1,0.0,0.0,0.03125,0.6309375,0.0,0.6309375,13.3665625
536,1718400,-24.54648596048355,-0.24546486385166644,-24.54648596048355,-0.24546486385166644,0.0,24.54648596048355,0.24546486385166644,46.47231167554855,0.46472313337028026,2.181990796327591,0.0025,0.0007856716628110011,nan,nan,nan,nan,nan,nan,nan,nan,nan,nan,17184,-0.00047028924881304946,0.03575575686991215,0.881581836938858,0.015407076198607683,0.10707446187734604,0.10707446187734604,0.10604114383459091,0.0007390621876792419,0.004737500124610961,0.762490451335907,1.0,0.002269230769230769,0.00010730769230769236,1,0.0,0.0,0.03125,0.65,0.0,0.65,12.0
537,1721600,-25.6238961070776,-0.25623896799981594,-25.6238961070776,-0.25623896799981594,0.0,25.6238961070776,0.25623896799981594,45.394901528954506,0.45394902922213076,2.247158026397228,0.0009375,0.0002887140054098847,nan,nan,nan,nan,nan,nan,nan,nan,nan,nan,17216,-0.0007460610218404274,0.01964800711721182,0.829633104801178,0.007207279233261943,0.14251161217689515,0.14251161217689515,0.108507139980793,0.0009601054351175738,0.006568749981670408,0.8366802334785461,1.0,0.0022548076923076914,0.00010620192307692305,1,0.0,0.0,0.03125,0.659375,0.0,0.659375,11.3303125
538,1724800,-28.562562108039856,-0.28562560766935347,-28.562562108039856,-0.28562560766935347,0.0,28.562562108039856,0.28562560766935347,42.45623552799225,0.42456238955259323,2.376625490784645,0.0,0.0,nan,nan,nan,nan,nan,nan,nan,nan,nan,nan,17248,-0.0003758975973493506,0.00974224116653204,0.8573883831501007,0.002574343152809888,0.10382372438907624,0.10382372438907624,0.09015319347381592,0.0006418155400778234,0.004406249965541065,0.9206119179725647,1.0,0.0022403846153846146,0.00010509615384615386,1,0.0,0.0,0.0,0.61875,0.0,0.61875,13.0359375
539,1728000,-23.346307426691055,-0.23346308700740337,-23.346307426691055,-0.23346308700740337,0.0,23.346307426691055,0.23346308700740337,47.67249020934105,0.47672491021454333,2.141848485469818,0.0025,0.0007957099177639563,nan,nan,nan,nan,nan,nan,nan,nan,nan,nan,17280,-0.00033940413515818333,0.040282128378748894,0.8566572666168213,0.017894773557782174,0.07717063948512078,0.07717063948512078,0.12185679897665977,0.0004236701484868731,0.0007687500328756869,0.7172006368637085,1.0,0.0022259615384615378,0.00010399038461538456,1,0.0,0.0,0.03125,0.651875,0.0,0.6521875,11.370625
540,1731200,-31.23957085609436,-0.31239570923149584,-31.23957085609436,-0.31239570923149584,0.0,31.23957085609436,0.31239570923149584,39.779226779937744,0.39779228799045085,2.4223367196321486,0.0,0.0,-25.086581893265247,-0.2508658189326525,-25.086581893265247,-0.2508658189326525,100.0,2.1494953878223897,0.0,0.0,25.086581893265247,29.105105988681316,17312,-0.00045699857127621255,0.02026436887681484,0.8173467338085174,0.007867592060938478,0.10117489323019982,0.10117489323019982,0.10556992888450623,0.0002968483797330405,8.124999949359335e-05,0.9070693254470825,1.0,0.00221153846153846,0.00010288461538461536,1,0.0,0.0,0.0,0.5921875,0.0,0.5925,14.3728125
541,1734400,-28.568333461880684,-0.2856833365559578,-28.568333461880684,-0.2856833365559578,0.0,28.568333461880684,0.2856833365559578,42.45046417415142,0.4245046606659889,2.322980614900589,0.0021875,0.0006582945414099089,nan,nan,nan,nan,nan,nan,nan,nan,nan,nan,17344,-0.0006501160758780155,0.025880601070821286,0.8707265555858612,0.010377097688615323,0.12942462004721164,0.12942462004721164,0.09685191959142685,0.0012800462012845964,0.008606249954755184,0.8883441686630249,1.0,0.0021971153846153833,0.00010177884615384617,1,0.0,0.0,0.0625,0.6046875,0.0,0.6046875,13.8275
542,1737600,-29.832080453634262,-0.2983208104968071,-29.832080453634262,-0.2983208104968071,0.0,29.832080453634262,0.2983208104968071,41.18671718239784,0.4118671867251396,2.7150432294607163,0.0025,0.0006729396794564098,nan,nan,nan,nan,nan,nan,nan,nan,nan,nan,17376,-0.0005662084128882361,0.03871054425835609,0.8078021287918091,0.01702588051557541,0.07864514738321304,0.07864514738321304,0.13445353358983994,0.0010745783418343107,0.007756249837984797,0.8102389574050903,1.0,0.0021826923076923074,0.00010067307692307697,1,0.0,0.0,0.03125,0.5853125,0.0,0.585625,15.644375
543,1740800,-27.289882019162178,-0.27289879709482195,-27.289882019162178,-0.27289879709482195,0.0,27.289882019162178,0.27289879709482195,43.72891561686993,0.43728920012712474,2.1268091052770615,0.0,0.0,nan,nan,nan,nan,nan,nan,nan,nan,nan,nan,17408,-0.0004473926601349376,0.012819027993828058,0.8236887753009796,0.004176142509095371,0.1368802510201931,0.1368802510201931,0.08075881600379944,0.0007583092535268428,0.007312499882391421,0.8975640535354614,1.0,0.0021682692307692306,9.956730769230767e-05,1,0.0,0.0,0.0,0.64125,0.0,0.64125,12.4140625
544,1744000,-22.826920747756958,-0.22826921597123145,-22.826920747756958,-0.22826921597123145,0.0,22.826920747756958,0.22826921597123145,48.19187688827515,0.48191878125071524,2.2137071707844735,0.0053125,0.001653075316972083,nan,nan,nan,nan,nan,nan,nan,nan,nan,nan,17440,-0.001254598059051215,0.07047356367111206,0.8707087814807892,0.03210681173950434,0.2643552578985691,0.2643552578985691,0.13266241550445557,0.0021889374391349204,0.025762500206474213,0.6574627161026001,1.0,0.0021538461538461538,9.846153846153848e-05,1,0.0,0.0,0.0625,0.6165625,0.0,0.6165625,13.2834375
545,1747200,-26.78999824821949,-0.26790001153945925,-26.78999824821949,-0.26790001153945925,0.0,26.78999824821949,0.26790001153945925,44.228799387812614,0.44228798568248745,2.0867814934253692,0.0,0.0,nan,nan,nan,nan,nan,nan,nan,nan,nan,nan,17472,-0.0006601266915327919,0.012838250305503607,0.8390280783176423,0.003963962430134416,0.19502556920051575,0.19502556920051575,0.09957109689712525,0.001860992910954232,0.020275000197580086,0.8937013745307922,1.0,0.002139423076923077,9.735576923076928e-05,1,0.0,0.0,0.0,0.646875,0.0,0.646875,11.7003125
546,1750400,-34.573278054594994,-0.34573274344205857,-34.573278054594994,-0.34573274344205857,0.0,34.573278054594994,0.34573274344205857,36.44551958143711,0.36445525377988813,2.5798989927768705,0.003125,0.0008729296570392863,nan,nan,nan,nan,nan,nan,nan,nan,nan,nan,17504,-0.0008465168531834877,0.045147207006812094,0.8392965614795684,0.01994358152151108,0.15377035960555077,0.15377035960555077,0.130975628644228,0.0005277185166077269,0.0010687500122003256,0.8225024342536926,1.0,0.002125,9.624999999999998e-05,1,0.0,0.0,0.0625,0.536875,0.0,0.5371875,18.264375
547,1753600,-14.624705851078033,-0.14624705962836743,-14.624705851078033,-0.14624705962836743,0.0,14.624705851078033,0.14624705962836743,56.39409178495407,0.5639409375935793,2.1768353155255316,0.010625,0.0033445233840339464,nan,nan,nan,nan,nan,nan,nan,nan,nan,nan,17536,-0.0005450379821064999,0.1306487202644348,0.8894978284835815,0.0629019696265459,0.1222986988723278,0.1222986988723278,0.22430011332035066,0.0010331892826824715,0.005037500031176023,0.5147864818572998,1.0,0.0021105769230769216,9.514423076923079e-05,1,0.0,0.0,0.125,0.6421875,0.0,0.643125,10.9515625
548,1756800,-23.080828115344048,-0.23080827675759794,-23.080828115344048,-0.23080827675759794,0.0,23.080828115344048,0.23080827675759794,47.93796952068806,0.47937972046434874,2.24054758310318,0.0025,0.0007714745535709665,nan,nan,nan,nan,nan,nan,nan,nan,nan,nan,17568,-0.00041467945770419236,0.019137040339410306,0.8824572324752807,0.0073040747083723545,0.1300809122622013,0.1300809122622013,0.10870970785617828,0.0004540079311508365,0.0021312499753548763,0.8634817004203796,1.0,0.002096153846153845,9.40384615384616e-05,1,0.0,0.0,0.09375,0.6646875,0.0,0.6646875,11.5990625
549,1760000,-31.0916246175766,-0.3109162513911724,-31.0916246175766,-0.3109162513911724,0.0,31.0916246175766,0.3109162513911724,39.927173018455505,0.3992717458307743,2.688264937400818,0.0025,0.0006778254931333083,nan,nan,nan,nan,nan,nan,nan,nan,nan,nan,17600,-0.0005737580759159755,0.037177742645144465,0.8530145108699798,0.01623936668038368,0.1814837284386158,0.1814837284386158,0.119992745667696,0.0007519084032565046,0.00405624998966232,0.8203958868980408,1.0,0.002081730769230768,9.293269230769229e-05,1,0.0,0.0,0.03125,0.5584375,0.0,0.5584375,15.9396875
550,1763200,-28.98538149893284,-0.28985380448400977,-28.98538149893284,-0.28985380448400977,0.0,28.98538149893284,0.28985380448400977,42.033416137099266,0.42033419273793693,2.2046482437849044,0.0,0.0,nan,nan,nan,nan,nan,nan,nan,nan,nan,nan,17632,-0.00042676520165407794,0.023056729324162008,0.8946677684783936,0.009252046141773463,0.09170106425881386,0.09170106425881386,0.11946138143539428,0.0005220836750622669,0.0017187500023283064,0.8507599830627441,1.0,0.002067307692307691,9.18269230769231e-05,1,0.0,0.0,0.0,0.6396875,0.0,0.6396875,12.75375
551,1766400,-28.470050342381,-0.28470051035284993,-28.470050342381,-0.28470051035284993,0.0,28.470050342381,0.28470051035284993,42.548747293651104,0.42548748686909676,2.4962242645025254,0.0,0.0,nan,nan,nan,nan,nan,nan,nan,nan,nan,nan,17664,-0.00027161346291979525,0.020114738680422305,0.8555676817893982,0.008029374293982983,0.057643157243728635,0.057643157243728635,0.13085464835166932,0.00024076153531752184,0.00023749999672872946,0.8819789290428162,1.0,0.0020528846153846144,9.07211538461539e-05,1,0.0,0.0,0.0,0.6571875,0.0,0.6571875,12.576875
552,1769600,-24.03952892124653,-0.2403952907770872,-24.03952892124653,-0.2403952907770872,0.0,24.03952892124653,0.2403952907770872,46.979268714785576,0.4697927064448595,1.683703675866127,0.0040625,0.001513766231545249,nan,nan,nan,nan,nan,nan,nan,nan,nan,nan,17696,-0.0003764967321578272,0.054949752241373065,0.8414729416370392,0.02538306899368763,0.10375296100974082,0.10375296100974082,0.17113574743270873,0.00040833879639007515,0.0014687499715364538,0.7480857372283936,1.0,0.0020384615384615376,8.961538461538471e-05,1,0.0,0.0,0.0625,0.66375,0.0,0.6640625,12.059375
553,1772800,-14.445010513067245,-0.14445011861622334,-14.445010513067245,-0.14445011861622334,0.0,14.445010513067245,0.14445011861622334,56.57378712296486,0.5657378786057233,1.9231416422128678,0.006875,0.0023519216108855772,nan,nan,nan,nan,nan,nan,nan,nan,nan,nan,17728,-0.0005368408634793375,0.12510463893413543,0.8902906596660614,0.0602134957909584,0.20110699981451036,0.20110699981451036,0.1650245115160942,0.0005706549400229447,0.0014749999972991645,0.5063183903694153,1.0,0.002024038461538461,8.85096153846154e-05,1,0.0,0.0,0.0625,0.7075,0.0,0.7075,7.996875
554,1776000,-21.819375030696392,-0.218193741440773,-21.819375030696392,-0.218193741440773,0.0,21.819375030696392,0.218193741440773,49.19942260533571,0.49199425578117373,1.844232747256756,0.00125,0.0004394858336419961,nan,nan,nan,nan,nan,nan,nan,nan,nan,nan,17760,-0.000630495837581102,0.019519628211855888,0.885669207572937,0.0073494638316333296,0.11893833503127098,0.11893833503127098,0.12420092448592186,0.0008796868241943447,0.005550000033690594,0.8608286380767822,1.0,0.002009615384615384,8.740384615384621e-05,1,0.0,0.0,0.03125,0.7140625,0.0,0.7140625,10.015625
555,1779200,-24.03837652504444,-0.24038377929478882,-24.03837652504444,-0.24038377929478882,0.0,24.03837652504444,0.24038377929478882,46.98042111098766,0.4698042179271579,2.0747500333189963,0.0,0.0,nan,nan,nan,nan,nan,nan,nan,nan,nan,nan,17792,-0.0002939888431560789,0.010508098825812339,0.839014333486557,0.0032860655337572098,0.09247404336929321,0.09247404336929321,0.1064630851149559,0.0002262630232534385,0.0001875000016298145,0.8978381752967834,1.0,0.001995192307692307,8.629807692307702e-05,1,0.0,0.0,0.0,0.6634375,0.0,0.6634375,10.2153125
556,1782400,-24.4073678329587,-0.24407365813851356,-24.4073678329587,-0.24407365813851356,0.0,24.4073678329587,0.24407365813851356,46.611429803073406,0.46611433908343314,2.005961473584175,0.0003125,0.00010396008157329737,nan,nan,nan,nan,nan,nan,nan,nan,nan,nan,17824,-0.00037984235124604026,0.01339964997023344,0.887116265296936,0.004562810156494379,0.08721708953380584,0.08721708953380584,0.1078390970826149,0.00032636714368250745,0.00015625000814907254,0.9045010805130005,1.0,0.0019807692307692304,8.519230769230772e-05,1,0.0,0.0,0.03125,0.686875,0.0,0.6884375,10.440625
557,1785600,-26.38597760349512,-0.26385978542268274,-26.38597760349512,-0.26385978542268274,0.0,26.38597760349512,0.26385978542268274,44.63282003253698,0.44632821179926396,1.9927884894609451,0.0,0.0,nan,nan,nan,nan,nan,nan,nan,nan,nan,nan,17856,-0.0005252803281939223,0.012530300300568342,0.8687842130661011,0.004031539359129965,0.11009475365281104,0.11009475365281104,0.08820204734802246,0.00047259429775568654,0.000681250003981404,0.9198836088180542,1.0,0.001966346153846152,8.408653846153841e-05,1,0.0,0.0,0.0,0.66375,0.0,0.66375,12.0328125
558,1788800,-15.362280875444412,-0.1536228062584996,-15.362280875444412,-0.1536228062584996,0.0,15.362280875444412,0.1536228062584996,55.65651676058769,0.556565190963447,1.8467592322826385,0.005625,0.001975931064422917,nan,nan,nan,nan,nan,nan,nan,nan,nan,nan,17888,-0.0007472624866059263,0.1094127669930458,0.8816144049167634,0.05223827734589577,0.22009337022900582,0.22009337022900582,0.14554202556610107,0.0014945654573266596,0.01353749972768128,0.4038355350494385,1.0,0.001951923076923075,8.298076923076922e-05,1,0.0,0.0,0.03125,0.6978125,0.0,0.6978125,8.4365625
559,1792000,-21.591028966009617,-0.21591030105948447,-21.591028966009617,-0.21591030105948447,0.0,21.591028966009617,0.21591030105948447,49.42776867002249,0.4942776961624622,1.7684013277292252,0.0,0.0,nan,nan,nan,nan,nan,nan,nan,nan,nan,nan,17920,-0.0004222234230022437,0.014659576676785946,0.8887153387069702,0.005185678927227854,0.11367843300104141,0.11367843300104141,0.1191708967089653,0.0003979051578454156,0.0011562500236323102,0.8808152079582214,1.0,0.0019374999999999983,8.187500000000003e-05,1,0.0,0.0,0.0,0.7234375,0.0,0.7234375,8.74625
560,1795200,-16.4466992020607,-0.1644669559597969,-16.4466992020607,-0.1644669559597969,0.0,16.4466992020607,0.1644669559597969,54.572098433971405,0.5457210412621498,1.5806448119878769,0.0040625,0.001574218963077932,-26.02889584004879,-0.2602889584004879,-26.02889584004879,-0.2602889584004879,100.0,2.3290443120896818,0.0,0.0,26.02889584004879,28.162792041897774,17952,-0.0004954973460233214,0.03762855418026447,0.872601592540741,0.016640699468553066,0.1263720192015171,0.1263720192015171,0.11297456771135331,0.0010584219697221489,0.010537499986821786,0.6431716680526733,1.0,0.0019230769230769214,8.076923076923072e-05,1,0.0,0.0,0.0625,0.716875,0.0,0.716875,7.7496875
561,1798400,-19.3721836656332,-0.19372184589505195,-19.3721836656332,-0.19372184589505195,0.0,19.3721836656332,0.19372184589505195,51.6466139703989,0.5164661513268948,1.8949887412786484,0.0040625,0.0014032869772770478,nan,nan,nan,nan,nan,nan,nan,nan,nan,nan,17984,-0.00023646034983757503,0.04282420724630356,0.8649931311607361,0.01952467057853937,0.07925969734787941,0.07925969734787941,0.13800884261727334,0.0005588556112372578,0.0025000000343425198,0.6703567504882812,1.0,0.0019086538461538446,7.966346153846153e-05,1,0.0,0.0,0.0625,0.661875,0.0,0.6625,10.2490625
562,1801600,-21.04708980023861,-0.21047093730419875,-21.04708980023861,-0.21047093730419875,0.0,21.04708980023861,0.21047093730419875,49.971707835793495,0.49971705991774795,1.6142737597227097,0.0,0.0,nan,nan,nan,nan,nan,nan,nan,nan,nan,nan,18016,-0.0007515056915289974,0.01191095458343625,0.8601956605911255,0.003574562561698258,0.0989000141620636,0.0989000141620636,0.09697939902544021,0.0005690058840654361,0.0021812500315718355,0.8569821715354919,1.0,0.0018942307692307678,7.855769230769233e-05,1,0.0,0.0,0.0,0.7090625,0.0,0.7090625,8.514375
563,1804800,-23.141193822026253,-0.23141192622482776,-23.141193822026253,-0.23141192622482776,0.0,23.141193822026253,0.23141192622482776,47.87760381400585,0.47877607099711894,1.9284145659208298,0.0,0.0,nan,nan,nan,nan,nan,nan,nan,nan,nan,nan,18048,-0.0005526902129000533,0.012383705750107766,0.8319588124752044,0.004075240041129291,0.06347930505871772,0.06347930505871772,0.10197116062045097,0.0006817404017083943,0.002012499957345426,0.8867117762565613,1.0,0.001879807692307691,7.745192307692314e-05,1,0.0,0.0,0.0,0.68875,0.0,0.6890625,9.9890625
564,1808000,-23.455786645412445,-0.23455787397921085,-23.455786645412445,-0.23455787397921085,0.0,23.455786645412445,0.23455787397921085,47.56301099061966,0.47563012324273585,2.1566300666332245,0.0,0.0,nan,nan,nan,nan,nan,nan,nan,nan,nan,nan,18080,-0.00025176154457113854,0.009236834198236465,0.85464728474617,0.0027724095853045583,0.10049534663558006,0.10049534663558006,0.08982244059443474,0.0004076393683164089,0.0012750000081723557,0.9196782112121582,1.0,0.0018653846153846142,7.634615384615384e-05,1,0.0,0.0,0.0,0.6871875,0.0,0.6871875,9.9359375
565,1811200,-24.644179863855243,-0.24644179955124856,-24.644179863855243,-0.24644179955124856,0.0,24.644179863855243,0.24644179955124856,46.37461777217686,0.46374619767069813,2.4022552078962325,0.003125,0.0009185084037044736,nan,nan,nan,nan,nan,nan,nan,nan,nan,nan,18112,-0.0005876027764869285,0.036557663977146146,0.8519754886627198,0.016114255134016275,0.2270841494202614,0.2270841494202614,0.0922528475522995,0.0005310783682971989,0.0027062500128522517,0.7475544810295105,1.0,0.0018509615384615374,7.524038461538464e-05,1,0.0,0.0,0.0625,0.63875,0.0,0.6390625,12.233125
566,1814400,-29.6715719550848,-0.2967157023400068,-29.6715719550848,-0.2967157023400068,0.0,29.6715719550848,0.2967157023400068,41.347225680947304,0.4134722948819399,1.9102245217561722,0.0,0.0,nan,nan,nan,nan,nan,nan,nan,nan,nan,nan,18144,-0.0003195537834697504,0.021248578652739526,0.8420974016189575,0.008758191391825676,0.11995823085308074,0.11995823085308074,0.1596248671412468,0.00026562116527475,0.00016250000044237822,0.8896846175193787,1.0,0.0018365384615384606,7.413461538461545e-05,1,0.0,0.0,0.0,0.6375,0.0,0.6378125,12.1675
567,1817600,-25.366830557584763,-0.2536683151870966,-25.366830557584763,-0.2536683151870966,0.0,25.366830557584763,0.2536683151870966,45.65196707844734,0.4565196820348501,1.936332168877125,0.0,0.0,nan,nan,nan,nan,nan,nan,nan,nan,nan,nan,18176,-0.0004180171491956486,0.009007505048066378,0.8230089366436004,0.0025861181784421206,0.09687375128269196,0.09687375128269196,0.07972336858510971,0.0007745432840267036,0.005624999952851794,0.9255496263504028,1.0,0.0018221153846153838,7.302884615384615e-05,1,0.0,0.0,0.0,0.65875,0.0,0.65875,11.1053125
568,1820800,-25.18922321498394,-0.2518922546505928,-25.18922321498394,-0.2518922546505928,0.0,25.18922321498394,0.2518922546505928,45.829574421048164,0.4582957425713539,2.127092169821262,0.00125,0.00039973238143199577,nan,nan,nan,nan,nan,nan,nan,nan,nan,nan,18208,-0.0006789287077262785,0.01627215202897787,0.8432169556617737,0.005932870507240296,0.10572889000177384,0.10572889000177384,0.07091975882649422,0.0005656844894502589,0.0011624999810010196,0.8778027296066284,1.0,0.001807692307692307,7.192307692307695e-05,1,0.0,0.0,0.03125,0.645,0.0,0.645,11.8696875
569,1824000,-25.353512689471245,-0.2535351414233446,-25.353512689471245,-0.2535351414233446,0.0,25.353512689471245,0.2535351414233446,45.66528494656086,0.4566528557986021,2.5039880049228667,0.004375,0.0012485773335563423,nan,nan,nan,nan,nan,nan,nan,nan,nan,nan,18240,-0.00048543157684615145,0.07488734647631645,0.8247982740402222,0.03547915630042553,0.350307309627533,0.350307309627533,0.17722258269786834,0.000673162336900572,0.0024999999965075403,0.61798095703125,1.0,0.0017932692307692302,7.081730769230776e-05,1,0.0,0.0,0.03125,0.59125,0.0,0.5921875,14.413125
570,1827200,-32.96562668681145,-0.3296562834084034,-32.96562668681145,-0.3296562834084034,0.0,32.96562668681145,0.3296562834084034,38.05317094922066,0.3805317138135433,2.7150419759750366,0.0009375,0.00025235246494191956,nan,nan,nan,nan,nan,nan,nan,nan,nan,nan,18272,-0.00047969738532263053,0.019541088677942752,0.8154497504234314,0.007840287405997515,0.10302346125245095,0.10302346125245095,0.1274108938872814,0.0004412449773580882,0.0013312500377651304,0.894399106502533,1.0,0.0017788461538461534,6.971153846153846e-05,1,0.0,0.0,0.03125,0.58,0.0,0.58,15.9359375
571,1830400,-32.47079090774059,-0.32470794893801214,-32.47079090774059,-0.32470794893801214,0.0,32.47079090774059,0.32470794893801214,38.54800672829151,0.38548004828393456,2.7590101027488707,0.0,0.0,nan,nan,nan,nan,nan,nan,nan,nan,nan,nan,18304,-0.0003153665133249106,0.016344767808914185,0.822830206155777,0.0064051968045532705,0.09591135308146477,0.09591135308146477,0.10001374334096909,0.0004294313950622376,0.0009187499977997504,0.8913027048110962,1.0,0.0017644230769230766,6.860576923076926e-05,1,0.0,0.0,0.0,0.581875,0.0,0.581875,15.821875
572,1833600,-22.321088135242462,-0.22321086876094343,-22.321088135242462,-0.22321086876094343,0.0,22.321088135242462,0.22321086876094343,48.69770950078964,0.4869771284610033,2.319790181517601,0.0046875,0.001411986825582202,nan,nan,nan,nan,nan,nan,nan,nan,nan,nan,18336,-0.00015772476538185033,0.0867319330573082,0.8306384921073914,0.04175462462007999,0.09862294197082519,0.09862294197082519,0.22376042902469634,0.00031169930616943277,0.00039375000342261045,0.5746803283691406,1.0,0.0017499999999999998,6.750000000000007e-05,1,0.0,0.0,0.03125,0.626875,0.0,0.626875,11.905
573,1836800,-19.49477916955948,-0.19494779258966446,-19.49477916955948,-0.19494779258966446,0.0,19.49477916955948,0.19494779258966446,51.524018466472626,0.5152402046322823,1.8636189541220665,0.0034375,0.001200404123269213,nan,nan,nan,nan,nan,nan,nan,nan,nan,nan,18368,-0.00038915222045905474,0.03066181968897581,0.8839539647102356,0.013407587725669145,0.10300177484750747,0.10300177484750747,0.11233034506440162,0.000927642532772676,0.004681249974964885,0.7553991675376892,1.0,0.001735576923076923,6.639423076923087e-05,1,0.0,0.0,0.03125,0.675,0.0,0.675,9.73375
574,1840000,-27.55962972342968,-0.2755962960422039,-27.55962972342968,-0.2755962960422039,0.0,27.55962972342968,0.2755962960422039,43.459167912602425,0.4345917011797428,2.575047989487648,0.0025,0.0006992913122708274,nan,nan,nan,nan,nan,nan,nan,nan,nan,nan,18400,-0.00042068937254011727,0.04613845981657505,0.8279949247837066,0.021223433688282965,0.12852604389190675,0.12852604389190675,0.14090509712696075,0.00034894577311491283,0.0006875000195577741,0.7479300498962402,1.0,0.0017211538461538462,6.528846153846157e-05,1,0.0,0.0,0.03125,0.638125,0.0,0.6390625,12.7340625
575,1843200,-15.819037780165672,-0.15819033972918986,-15.819037780165672,-0.15819033972918986,0.0,15.819037780165672,0.15819033972918986,55.19975985586643,0.5519976574927569,2.296998466849327,0.0115625,0.0035069776696163703,nan,nan,nan,nan,nan,nan,nan,nan,nan,nan,18432,-0.0009934403448711216,0.3260441213846207,0.8660958766937256,0.16055043041706085,0.44235759973526,0.44235759973526,0.3186063252389431,0.0012466411254564577,0.013768750018789433,0.3746578097343445,1.0,0.0017067307692307694,6.418269230769238e-05,1,0.0,0.0,0.03125,0.6175,0.0,0.6178125,12.2659375
576,1846400,-29.01791161298752,-0.29017913587391375,-29.01791161298752,-0.29017913587391375,0.0,29.01791161298752,0.29017913587391375,42.000886023044586,0.42000886134803295,2.0848234874010085,0.0003125,0.00010130239259273927,nan,nan,nan,nan,nan,nan,nan,nan,nan,nan,18464,-0.00015964541304978042,0.018808312341570856,0.8166726589202881,0.007862449344247579,0.10758882537484168,0.10758882537484168,0.16168370395898818,0.0006840277816109681,0.00441874994430691,0.8812124133110046,1.0,0.0016923076923076909,6.307692307692308e-05,1,0.0,0.0,0.03125,0.6290625,0.0,0.6290625,13.311875
577,1849600,-24.535809338092804,-0.2453580816835165,-24.535809338092804,-0.2453580816835165,0.0,24.535809338092804,0.2453580816835165,46.4829882979393,0.4648299155384302,2.470014769434929,0.0034375,0.000990629789325011,nan,nan,nan,nan,nan,nan,nan,nan,nan,nan,18496,-0.0004447433743072882,0.04833251163363457,0.8639153122901917,0.022271962091326713,0.09665339812636375,0.09665339812636375,0.12320562973618507,0.0003979398677105112,0.0003687500109663233,0.7495105266571045,1.0,0.001677884615384614,6.197115384615388e-05,1,0.0,0.0,0.0625,0.6146875,0.0,0.615,12.34125
578,1852800,-21.618692696094513,-0.21618698313832282,-21.618692696094513,-0.21618698313832282,0.0,21.618692696094513,0.21618698313832282,49.40010493993759,0.49400101408362385,2.0661623167991636,0.004375,0.0014268650997469575,nan,nan,nan,nan,nan,nan,nan,nan,nan,nan,18528,-0.0004667761647102919,0.09045991897583008,0.8359955132007599,0.04337253719568253,0.1891520857810974,0.1891520857810974,0.19899087250232697,0.0004535981867802953,0.0013562500476837157,0.6223709583282471,1.0,0.0016634615384615373,6.086538461538458e-05,1,0.0,0.0,0.0625,0.684375,0.0,0.684375,9.261875
579,1856000,-29.168430015444756,-0.29168430887162683,-29.168430015444756,-0.29168430887162683,0.0,29.168430015444756,0.29168430887162683,41.85036762058735,0.41850368835031987,2.0618645787239074,0.000625,0.00020412398521572797,nan,nan,nan,nan,nan,nan,nan,nan,nan,nan,18560,-0.00043130132440127866,0.025675388984382153,0.8427199840545654,0.011016715411096811,0.16176442578434944,0.16176442578434944,0.15472469925880433,0.001676616240732231,0.01726875021122396,0.8601962924003601,1.0,0.0016490384615384605,5.9759615384615385e-05,1,0.0,0.0,0.0625,0.6265625,0.0,0.6265625,12.6859375
580,1859200,-26.78971390426159,-0.2678971368819475,-26.78971390426159,-0.2678971368819475,0.0,26.78971390426159,0.2678971368819475,44.229083731770515,0.4422908603399992,2.202661317586899,0.00375,0.0011709012062585196,-25.361567821353674,-0.25361567821353675,-25.361567821353674,-0.25361567821353675,100.0,2.1466041287779807,0.0,0.0,25.361567821353674,28.83012006059289,18592,-0.0004624727025904551,0.03988809660077095,0.8529606759548187,0.018087312951683997,0.16161473095417023,0.16161473095417023,0.12996524274349214,0.0004598365595513749,0.0020249999826774,0.7660291790962219,1.0,0.0016346153846153837,5.865384615384619e-05,1,0.0,0.0,0.09375,0.5959375,0.0,0.59625,13.8265625
581,1862400,-27.84834624826908,-0.2784834508597851,-27.84834624826908,-0.2784834508597851,0.0,27.84834624826908,0.2784834508597851,43.17045138776302,0.4317045463621616,2.38094483435154,0.0034375,0.001016727621543493,nan,nan,nan,nan,nan,nan,nan,nan,nan,nan,18624,-0.0005453866688185371,0.032985815033316615,0.8030155777931214,0.014646481443196534,0.21382738202810286,0.21382738202810286,0.11868035867810249,0.0005791878104019517,0.0020500000326137526,0.7993322610855103,1.0,0.0016201923076923069,5.754807692307689e-05,1,0.0,0.0,0.09375,0.5821875,0.0,0.5825,14.61375
582,1865600,-27.904846653342247,-0.2790484569966793,-27.904846653342247,-0.2790484569966793,0.0,27.904846653342247,0.2790484569966793,43.11395098268986,0.4311395402252674,2.454144572019577,0.0,0.0,nan,nan,nan,nan,nan,nan,nan,nan,nan,nan,18656,-6.30216586228971e-05,0.017219799384474755,0.8797704100608825,0.007134169992059469,0.10204297602176667,0.10204297602176667,0.10005333796143531,0.0003046080317319564,1.8750000890577212e-05,0.9027003049850464,1.0,0.00160576923076923,5.6442307692307694e-05,1,0.0,0.0,0.0,0.67875,0.0,0.67875,11.9046875
583,1868800,-12.890791147947311,-0.12890789810568093,-12.890791147947311,-0.12890789810568093,0.0,12.890791147947311,0.12890789810568093,58.12800648808479,0.5812800991162658,2.0140724954009057,0.01,0.0033177702312266006,nan,nan,nan,nan,nan,nan,nan,nan,nan,nan,18688,-0.0002197442325719834,0.11174938902258873,0.870826780796051,0.0542691633105278,0.06150728836655617,0.06150728836655617,0.17014144361019135,9.852097246327058e-05,0.0,0.4793201684951782,1.0,0.0015913461538461533,5.53365384615385e-05,1,0.0,0.0,0.125,0.6903125,0.0,0.690625,9.8475
584,1872000,-17.62777604162693,-0.17627775203436613,-17.62777604162693,-0.17627775203436613,0.0,17.62777604162693,0.17627775203436613,53.391021594405174,0.5339102451875806,1.8790072950720786,0.0046875,0.0016281653777062222,nan,nan,nan,nan,nan,nan,nan,nan,nan,nan,18720,-0.00034438348443872614,0.06234566308557987,0.8684563338756561,0.029458959586918354,0.1284094884991646,0.1284094884991646,0.11893409118056297,0.00016965695095050626,2.5000001187436283e-05,0.5875067114830017,1.0,0.0015769230769230765,5.42307692307692e-05,1,0.0,0.0,0.0625,0.69875,0.0,0.6990625,9.0796875
585,1875200,-29.4305280148983,-0.2943052706122398,-29.4305280148983,-0.2943052706122398,0.0,29.4305280148983,0.2943052706122398,41.588269621133804,0.4158827266097069,2.61020647585392,0.0059375,0.0016446427758943086,nan,nan,nan,nan,nan,nan,nan,nan,nan,nan,18752,-0.00022852600172882376,0.09586985781788826,0.8212151825428009,0.04642325416207314,0.14993906915187835,0.14993906915187835,0.33670501708984374,0.0004517128209073658,0.0021562499925494192,0.5965498685836792,1.0,0.0015624999999999997,5.3125000000000004e-05,1,0.0,0.0,0.0625,0.541875,0.0,0.541875,17.12375
586,1878400,-24.88816387951374,-0.24888161279261112,-24.88816387951374,-0.24888161279261112,0.0,24.88816387951374,0.24888161279261112,46.130633756518364,0.4613063844293356,2.1232531064748765,0.0021875,0.0007003915230133132,nan,nan,nan,nan,nan,nan,nan,nan,nan,nan,18784,-0.0004114637182006664,0.032884273678064346,0.8701951742172241,0.014683543890714645,0.1288112632930279,0.1288112632930279,0.1883212760090828,0.0005652755249714495,0.001662500060047023,0.7830786108970642,1.0,0.0015480769230769229,5.201923076923081e-05,1,0.0,0.0,0.0625,0.643125,0.0,0.643125,11.924375
587,1881600,-23.224236600100994,-0.232242366746068,-23.224236600100994,-0.232242366746068,0.0,23.224236600100994,0.232242366746068,47.79456103593111,0.4779456304758787,2.1659353244304658,0.0075,0.0023689681662556416,nan,nan,nan,nan,nan,nan,nan,nan,nan,nan,18816,-0.00043467019973322254,0.0797414556145668,0.8678516030311585,0.03810507319867611,0.14101585000753403,0.14101585000753403,0.15952430963516234,0.00053427591529116,0.000687500013737008,0.7073984146118164,1.0,0.001533653846153846,5.0913461538461616e-05,1,0.0,0.0,0.09375,0.613125,0.0,0.613125,15.1375
588,1884800,-28.495076775550842,-0.28495076909661293,-28.495076775550842,-0.28495076909661293,0.0,28.495076775550842,0.28495076909661293,42.52372086048126,0.42523722812533377,2.36993938267231,0.00125,0.00037092655328677435,nan,nan,nan,nan,nan,nan,nan,nan,nan,nan,18848,-0.0008748981052951521,0.03095333743840456,0.868998008966446,0.013281562365591526,0.2090585432946682,0.2090585432946682,0.17500855773687363,0.0008949978036099893,0.006631250094505959,0.7960920333862305,1.0,0.0015192307692307692,4.980769230769231e-05,1,0.0,0.0,0.03125,0.61125,0.0,0.61125,13.0696875
589,1888000,-18.647622630000114,-0.18647622898221017,-18.647622630000114,-0.18647622898221017,0.0,18.647622630000114,0.18647622898221017,52.37117500603199,0.5237117682397365,1.8326738664507867,0.001875,0.0006619187694732012,nan,nan,nan,nan,nan,nan,nan,nan,nan,nan,18880,-0.0008292762569733547,0.021687968634068966,0.8699624240398407,0.008705581817775965,0.2843547523021698,0.2843547523021698,0.10260356664657592,0.0013092260514924183,0.013224999798694625,0.8277921080589294,1.0,0.0015048076923076924,4.870192307692312e-05,1,0.0,0.0,0.03125,0.7025,0.0,0.7025,8.28125
590,1891200,-17.53265216946602,-0.17532650612294673,-17.53265216946602,-0.17532650612294673,0.0,17.53265216946602,0.17532650612294673,53.486145466566086,0.5348614910989999,1.9482248365879058,0.0046875,0.0015899397976122554,nan,nan,nan,nan,nan,nan,nan,nan,nan,nan,18912,-0.0003366100568324315,0.06252090558409691,0.8611816585063934,0.029640351049602033,0.17414644584059716,0.17414644584059716,0.10307002887129783,0.00033031499952205053,0.0003499999875202775,0.6113260984420776,1.0,0.0014903846153846156,4.7596153846153925e-05,1,0.0,0.0,0.0625,0.678125,0.0,0.678125,9.401875
591,1894400,-28.824339769780636,-0.28824343904852867,-28.824339769780636,-0.28824343904852867,0.0,28.824339769780636,0.28824343904852867,42.19445786625147,0.421944558173418,2.5230752927064897,0.0,0.0,nan,nan,nan,nan,nan,nan,nan,nan,nan,nan,18944,-0.00027832458400229855,0.012578413635492326,0.8183427155017853,0.004803039785474539,0.07537562176585197,0.07537562176585197,0.07525586187839509,0.0005509179147366462,0.0014062499976716936,0.9248838424682617,1.0,0.0014759615384615388,4.649038461538462e-05,1,0.0,0.0,0.0,0.62,0.0,0.62,13.2934375
592,1897600,-23.89687767624855,-0.23896877638995648,-23.89687767624855,-0.23896877638995648,0.0,23.89687767624855,0.23896877638995648,47.121919959783554,0.4712192208319902,1.9617286455631255,0.0,0.0,nan,nan,nan,nan,nan,nan,nan,nan,nan,nan,18976,-0.000444129102592683,0.011359474249184131,0.8536834299564362,0.0039879168616607785,0.1334370642900467,0.1334370642900467,0.07291574701666832,0.000645880646701037,0.002481249938136898,0.8968594074249268,1.0,0.0014615384615384603,4.538461538461543e-05,1,0.0,0.0,0.0,0.69125,0.0,0.69125,10.1125
593,1900800,-24.807748690247536,-0.24807749841362237,-24.807748690247536,-0.24807749841362237,0.0,24.807748690247536,0.24807749841362237,46.21104894578457,0.46211049880832433,2.14389924287796,0.003125,0.000993988597783223,nan,nan,nan,nan,nan,nan,nan,nan,nan,nan,19008,-5.3367019534011906e-05,0.03863206431269646,0.8635673999786377,0.01801298335194588,0.06684311479330063,0.06684311479330063,0.10792231038212777,0.000225531062463298,0.0,0.7607633471488953,1.0,0.0014471153846153835,4.4278846153846235e-05,1,0.0,0.0,0.0625,0.6275,0.0,0.6275,12.30625
594,1904000,-24.900839552283287,-0.24900837816298008,-24.900839552283287,-0.24900837816298008,0.0,24.900839552283287,0.24900837816298008,46.11795808374882,0.46117961905896665,2.170965247154236,0.0034375,0.001084054769469632,nan,nan,nan,nan,nan,nan,nan,nan,nan,nan,19040,-0.0008548707962152457,0.05108955651521683,0.8865211784839631,0.023419795371592046,0.4226872317492962,0.4226872317492962,0.1544383004307747,0.00047867414623689483,0.0013999999850057066,0.7500951290130615,1.0,0.0014326923076923067,4.317307692307693e-05,1,0.0,0.0,0.03125,0.6409375,0.0,0.6409375,12.62125
595,1907200,-24.502270624041557,-0.2450227114185691,-24.502270624041557,-0.2450227114185691,0.0,24.502270624041557,0.2450227114185691,46.51652701199055,0.46516528580337757,2.002931998372078,0.001875,0.0006243897634100465,nan,nan,nan,nan,nan,nan,nan,nan,nan,nan,19072,-0.00038347763911588116,0.03432954475283623,0.8560782492160797,0.015567145310342312,0.1432981438934803,0.1432981438934803,0.11702396422624588,0.00048591562245121466,0.001812500005326001,0.7852678298950195,1.0,0.00141826923076923,4.206730769230763e-05,1,0.0,0.0,0.03125,0.6646875,0.0,0.6646875,11.853125
596,1910400,-29.552708104252815,-0.2955270653963089,-29.552708104252815,-0.2955270653963089,0.0,29.552708104252815,0.2955270653963089,41.46608953177929,0.4146609318256378,2.248159983754158,0.0,0.0,nan,nan,nan,nan,nan,nan,nan,nan,nan,nan,19104,-0.00029713120369407876,0.021655669435858727,0.8758545875549316,0.009301138389855624,0.12209482714533806,0.12209482714533806,0.12049895152449608,0.00028637098303361467,1.875000016298145e-05,0.8860686421394348,1.0,0.001403846153846153,4.0961538461538436e-05,1,0.0,0.0,0.0,0.6309375,0.0,0.6321875,12.9021875
597,1913600,-24.75991527736187,-0.24759915217757225,-24.75991527736187,-0.24759915217757225,0.0,24.75991527736187,0.24759915217757225,46.258882358670235,0.4625888450443745,2.117959471940994,0.0040625,0.0013029354732026102,nan,nan,nan,nan,nan,nan,nan,nan,nan,nan,19136,-0.0006958583860192435,0.05902836993336678,0.8575819373130799,0.027626782655715942,0.24653636068105697,0.24653636068105697,0.11078799813985825,0.0009766500234065858,0.007368750090245157,0.7175469398498535,1.0,0.0013894230769230763,3.985576923076924e-05,1,0.0,0.0,0.0625,0.6265625,0.0,0.6265625,13.44375
598,1916800,-20.73198662698269,-0.2073198576271534,-20.73198662698269,-0.2073198576271534,0.0,20.73198662698269,0.2073198576271534,50.286811009049416,0.5028681395947933,2.0969816315174103,0.0084375,0.002724426878781947,nan,nan,nan,nan,nan,nan,nan,nan,nan,nan,19168,-0.0005412688286800416,0.2093020036816597,0.8808729767799377,0.1028985321521759,0.45176000893116,0.45176000893116,0.27164642363786695,0.0006911891785451041,0.0028124999662395567,0.49493342638015747,1.0,0.0013749999999999995,3.875000000000005e-05,1,0.0,0.0,0.03125,0.6259375,0.0,0.6259375,13.6346875
599,1920000,-25.79744604229927,-0.2579744840413332,-25.79744604229927,-0.2579744840413332,0.0,25.79744604229927,0.2579744840413332,45.221351593732834,0.4522135131806135,2.358026247024536,0.003125,0.0009306061865266791,nan,nan,nan,nan,nan,nan,nan,nan,nan,nan,19200,-0.00039958129003063724,0.044913201779127124,0.9076391696929932,0.020822106674313546,0.10767357945442199,0.10767357945442199,0.12022962942719459,0.0004252821801885515,0.0015062499733176082,0.7663434147834778,1.0,0.0013605769230769227,3.7644230769230745e-05,1,0.0,0.0,0.0625,0.635625,0.0,0.635625,12.633125
600,1923200,-25.576768666505814,-0.25576768271625044,-25.576768666505814,-0.25576768271625044,0.0,25.576768666505814,0.25576768271625044,45.44202896952629,0.45442031450569625,2.120513583123684,0.001875,0.0006008626304786326,-25.07069018855691,-0.2507069018855691,-25.07069018855691,-0.2507069018855691,100.0,2.073492411375046,0.0,0.0,25.07069018855691,29.120997693389654,19232,-0.0005528294746938833,0.028812308609485627,0.8773732006549835,0.012672245688736438,0.12914776876568795,0.12914776876568795,0.10488168001174927,0.000525253622257169,0.001618749971385114,0.8078911900520325,1.0,0.0013461538461538459,3.653846153846155e-05,1,0.0,0.0,0.03125,0.641875,0.0,0.641875,11.90875
601,1926400,-23.83204558491707,-0.23832045055925846,-23.83204558491707,-0.23832045055925846,0.0,23.83204558491707,0.23832045055925846,47.186752051115036,0.47186754666268826,2.5215834844112397,0.0084375,0.002395939223746852,nan,nan,nan,nan,nan,nan,nan,nan,nan,nan,19264,-0.0015132069398765325,0.15743852406740189,0.8545540988445282,0.0760680191218853,0.6213626891374588,0.6213626891374588,0.20794109106063843,0.0013571118895954162,0.014906250033527612,0.617244303226471,1.0,0.001331730769230769,3.543269230769236e-05,1,0.0,0.0,0.0625,0.5871875,0.0,0.5890625,15.5353125
602,1929600,-19.877571150660515,-0.19877571683377027,-19.877571150660515,-0.19877571683377027,0.0,19.877571150660515,0.19877571683377027,51.14122648537159,0.5114122803881764,1.6000688156485559,0.0,0.0,nan,nan,nan,nan,nan,nan,nan,nan,nan,nan,19296,-0.000503099988942246,0.007331357523798943,0.9079741537570953,0.001966497430112213,0.19662187658250332,0.19662187658250332,0.06338899284601211,0.0008092532349139089,0.00721250003844034,0.914927065372467,1.0,0.0013173076923076905,3.4326923076923054e-05,1,0.0,0.0,0.0,0.708125,0.0,0.708125,7.85125
603,1932800,-17.004691258072853,-0.17004692129790783,-17.004691258072853,-0.17004692129790783,0.0,17.004691258072853,0.17004692129790783,54.01410637795925,0.5401410759240388,2.2421991708874702,0.00875,0.002698785465917231,nan,nan,nan,nan,nan,nan,nan,nan,nan,nan,19328,-0.00016406860355128172,0.12154033854603767,0.9062398910522461,0.05942537523806095,0.1927971437573433,0.1927971437573433,0.20411248952150346,5.619367689479634e-05,0.0,0.4662975072860718,1.0,0.0013028846153846137,3.322115384615386e-05,1,0.0,0.0,0.0625,0.6246875,0.0,0.625,11.4446875
604,1936000,-34.27106583118439,-0.34271064706146714,-34.27106583118439,-0.34271064706146714,0.0,34.27106583118439,0.34271064706146714,36.74773180484772,0.36747735016047955,2.9096553164720533,0.0,0.0,nan,nan,nan,nan,nan,nan,nan,nan,nan,nan,19360,-0.00020762026355880536,0.025240092538297176,0.8584679067134857,0.011306323390454055,0.08787593692541122,0.08787593692541122,0.11374755501747132,0.00022643873335536892,0.00016875000146683307,0.8884081244468689,1.0,0.001288461538461537,3.2115384615384666e-05,1,0.0,0.0,0.0,0.569375,0.0,0.569375,16.731875
605,1939200,-25.442053988575935,-0.2544205631688237,-25.442053988575935,-0.2544205631688237,0.0,25.442053988575935,0.2544205631688237,45.57674364745617,0.455767434053123,2.2675433960556983,0.001875,0.0005738255847690779,nan,nan,nan,nan,nan,nan,nan,nan,nan,nan,19392,-0.0003005874852009538,0.02548951618373394,0.8815121293067932,0.011321090348064899,0.12902165055274964,0.12902165055274964,0.08464283496141434,0.00022654953286580691,0.0,0.8427704572677612,1.0,0.0012740384615384601,3.1009615384615364e-05,1,0.0,0.0,0.03125,0.6321875,0.0,0.6321875,12.1703125
606,1942400,-25.518228605389595,-0.25518229585140945,-25.518228605389595,-0.25518229585140945,0.0,25.518228605389595,0.25518229585140945,45.50056903064251,0.45500570137053725,1.9944457873702048,0.0015625,0.0005217993949298463,nan,nan,nan,nan,nan,nan,nan,nan,nan,nan,19424,-0.00049918191856122,0.027127808332443236,0.9051616787910461,0.011924566701054573,0.2451950341463089,0.2451950341463089,0.1711801692843437,0.00044576352266019383,0.0015437500085681676,0.8124710917472839,1.0,0.0012596153846153833,2.990384615384617e-05,1,0.0,0.0,0.03125,0.6371875,0.0,0.6371875,12.364375
607,1945600,-17.784016221761703,-0.17784018155187367,-17.784016221761703,-0.17784018155187367,0.0,17.784016221761703,0.17784018155187367,53.2347814142704,0.532347815670073,1.7554379215836524,0.0046875,0.0017011814939767976,nan,nan,nan,nan,nan,nan,nan,nan,nan,nan,19456,-0.0001784155605986548,0.04953943304717541,0.8889720201492309,0.023484360054135324,0.10121425986289978,0.10121425986289978,0.18799056708812714,0.00019918598682414779,6.250000296859071e-06,0.6491944789886475,1.0,0.0012451923076923065,2.8798076923076976e-05,1,0.0,0.0,0.09375,0.6871875,0.0,0.6878125,9.1475
608,1948800,-24.855040833353996,-0.24855041138827802,-24.855040833353996,-0.24855041138827802,0.0,24.855040833353996,0.24855041138827802,46.16375680267811,0.46163758583366865,2.4398339062929155,0.0028125,0.0008176266868161117,nan,nan,nan,nan,nan,nan,nan,nan,nan,nan,19488,-0.00020831381827557394,0.04108360633254051,0.8694162786006927,0.019263438321650027,0.22101422995328904,0.22101422995328904,0.14218406826257707,7.656002003690074e-05,0.0,0.8033615350723267,1.0,0.0012307692307692297,2.769230769230778e-05,1,0.0,0.0,0.0625,0.6584375,0.0,0.6584375,12.326875
609,1952000,-29.379867434501648,-0.29379864655435084,-29.379867434501648,-0.29379864655435084,0.0,29.379867434501648,0.29379864655435084,41.63893020153046,0.41638935066759586,2.275829315185547,0.0,0.0,nan,nan,nan,nan,nan,nan,nan,nan,nan,nan,19520,-0.0002373655094634053,0.0159379537217319,0.8777801394462585,0.006663926877081394,0.11111186370253563,0.11111186370253563,0.11646536067128181,0.00028013467236023083,0.0005999999986670446,0.9127631783485413,1.0,0.001216346153846153,2.658653846153848e-05,1,0.0,0.0,0.0,0.6021875,0.0,0.6021875,13.6046875
610,1955200,-34.516543596982956,-0.34516546688973904,-34.516543596982956,-0.34516546688973904,0.0,34.516543596982956,0.34516546688973904,36.50225403904915,0.36502253033220766,2.7788404035568237,0.0,0.0,nan,nan,nan,nan,nan,nan,nan,nan,nan,nan,19552,-8.49205261754804e-05,0.027893863432109357,0.8831544816493988,0.012800527364015579,0.09962184727191925,0.09962184727191925,0.14673732966184616,5.8137140970960155e-05,0.0,0.903436541557312,1.0,0.0012019230769230761,2.5480769230769285e-05,1,0.0,0.0,0.0,0.595625,0.0,0.5965625,15.841875
611,1958400,-19.57090750336647,-0.1957090800628066,-19.57090750336647,-0.1957090800628066,0.0,19.57090750336647,0.1957090800628066,51.447890132665634,0.5144789171591401,1.7969227796792984,0.0034375,0.0012290292835307208,nan,nan,nan,nan,nan,nan,nan,nan,nan,nan,19584,-0.00012946312450505814,0.039632806181907655,0.8615467011928558,0.018663853220641614,0.09836734905838966,0.09836734905838966,0.12599050328135492,7.426590746319668e-05,0.0,0.7449811697006226,1.0,0.0011874999999999993,2.437500000000009e-05,1,0.0,0.0,0.0625,0.694375,0.0,0.694375,9.7015625
612,1961600,-11.999032489955425,-0.11999023977667093,-11.999032489955425,-0.11999023977667093,0.0,11.999032489955425,0.11999023977667093,59.01976514607668,0.5901977574452758,2.025220564007759,0.0159375,0.005268210916458362,nan,nan,nan,nan,nan,nan,nan,nan,nan,nan,19616,-0.000171164585905359,0.38640666007995605,0.8925871312618255,0.19198509007692338,0.12427150607109069,0.12427150607109069,0.501705327630043,8.41380545382115e-05,0.0,0.31475913524627686,1.0,0.0011730769230769225,2.326923076923079e-05,1,0.0,0.0,0.09375,0.6315625,0.0,0.6315625,13.07875
613,1964800,-16.332289896905422,-0.16332290787249804,-16.332289896905422,-0.16332290787249804,0.0,16.332289896905422,0.16332290787249804,54.68650773912668,0.5468650893494487,1.6851043382287025,0.003125,0.001163828144593251,nan,nan,nan,nan,nan,nan,nan,nan,nan,nan,19648,-0.00025445721106952534,0.04185129962861538,0.8829984128475189,0.01964810285717249,0.25046823620796205,0.25046823620796205,0.12077823355793953,0.00011211368601216206,0.0,0.7376158237457275,1.0,0.0011586538461538457,2.2163461538461595e-05,1,0.0,0.0,0.0625,0.709375,0.0,0.709375,7.6903125
614,1968000,-13.59803606569767,-0.13598036359995602,-13.59803606569767,-0.13598036359995602,0.0,13.59803606569767,0.13598036359995602,57.420761570334435,0.5742076336219907,1.7483114311099053,0.006875,0.002501536005773382,nan,nan,nan,nan,nan,nan,nan,nan,nan,nan,19680,-0.00012362136559678215,0.17166115641593932,0.8939556002616882,0.08468406647443771,0.08399370983242989,0.08399370983242989,0.21661439538002014,0.000223808022477275,4.3750001350417736e-05,0.28093719482421875,1.0,0.001144230769230769,2.10576923076924e-05,1,0.0,0.0,0.03125,0.6934375,0.0,0.6940625,8.91375
615,1971200,-24.36727660894394,-0.2436727623268962,-24.36727660894394,-0.2436727623268962,0.0,24.36727660894394,0.2436727623268962,46.651521027088165,0.46651523489505053,2.3274325641989706,0.0034375,0.001033078787827373,nan,nan,nan,nan,nan,nan,nan,nan,nan,nan,19712,-0.00013867783463173967,0.03806298077106476,0.8887836873531342,0.017888657748699188,0.13682256937026976,0.13682256937026976,0.10125348195433617,6.2768397631982e-05,0.0,0.7705765962600708,1.0,0.0011298076923076904,1.9951923076923098e-05,1,0.0,0.0,0.0625,0.613125,0.0,0.613125,12.335625
616,1974400,-27.752481698989868,-0.2775248008966446,-27.752481698989868,-0.2775248008966446,0.0,27.752481698989868,0.2775248008966446,43.266315937042236,0.4326631963253021,2.6281976675987244,0.0078125,0.002153272978969363,nan,nan,nan,nan,nan,nan,nan,nan,nan,nan,19744,-0.0003243690532283017,0.18179020881652833,0.856206476688385,0.08961573615670204,0.19723218977451323,0.19723218977451323,0.2953921914100647,0.00014634841946029796,0.0,0.561417281627655,1.0,0.0011153846153846136,1.8846153846153796e-05,1,0.0,0.0,0.03125,0.54125,0.0,0.5415625,17.1659375
617,1977600,-22.042699202895164,-0.22042696874588727,-22.042699202895164,-0.22042696874588727,0.0,22.042699202895164,0.22042696874588727,48.97609843313694,0.4897610284760594,2.1583650547266005,0.0040625,0.0012862667644832034,nan,nan,nan,nan,nan,nan,nan,nan,nan,nan,19776,-3.174002111772101e-05,0.06696758270263672,0.8818977773189545,0.03248111642897129,0.055591578036546706,0.055591578036546706,0.10447040423750878,9.63945979976435e-05,0.0,0.6882692575454712,1.0,0.0011009615384615368,1.77403846153846e-05,1,0.0,0.0,0.03125,0.6334375,0.0,0.6334375,12.2215625
618,1980800,-23.67536388337612,-0.23675364188849926,-23.67536388337612,-0.23675364188849926,0.0,23.67536388337612,0.23675364188849926,47.34343375265598,0.47343435533344747,2.0945912367105484,0.00625,0.0020196528465076216,nan,nan,nan,nan,nan,nan,nan,nan,nan,nan,19808,-0.00028486287930282737,0.08580149784684181,0.8674097120761871,0.04167341142892837,0.26580838263034823,0.26580838263034823,0.226310096681118,0.00015995473320641395,1.2500000593718141e-05,0.6540542840957642,1.0,0.00108653846153846,1.6634615384615407e-05,1,0.0,0.0,0.09375,0.6028125,0.0,0.6028125,13.829375
619,1984000,-23.867048759013414,-0.2386705148220062,-23.867048759013414,-0.2386705148220062,0.0,23.867048759013414,0.2386705148220062,47.15174887701869,0.4715174823999405,2.174920838475227,0.00125,0.00039371060369502607,nan,nan,nan,nan,nan,nan,nan,nan,nan,nan,19840,-1.2624025604424105e-05,0.02053845301270485,0.8857611000537873,0.009306964464485645,0.08981142789125443,0.08981142789125443,0.11968899890780449,0.00010700550519982172,0.0,0.8657700419425964,1.0,0.0010721153846153832,1.5528846153846213e-05,1,0.0,0.0,0.0625,0.6634375,0.0,0.6634375,10.701875
620,1987200,-10.158581376075745,-0.10158584624528885,-10.158581376075745,-0.10158584624528885,0.0,10.158581376075745,0.10158584624528885,60.86021625995636,0.6086021509766578,1.6073950380086899,0.008125,0.003116136941874828,-24.89868102967739,-0.2489868102967739,-24.89868102967739,-0.2489868102967739,100.0,2.0075312608480456,0.0,0.0,24.89868102967739,29.293006852269173,19872,-0.00012066416957825509,0.106071075797081,0.8925131142139435,0.051970868930220605,0.15066282749176024,0.15066282749176024,0.19314661920070647,4.113925016603237e-05,0.0,0.5057256817817688,1.0,0.0010576923076923064,1.4423076923076911e-05,1,0.0,0.0,0.125,0.7315625,0.0,0.7315625,7.4940625
621,1990400,-22.122527316212654,-0.22122529208660124,-22.122527316212654,-0.22122529208660124,0.0,22.122527316212654,0.22122529208660124,48.89627031981945,0.48896270513534545,2.2428456246852875,0.004375,0.0013491237346287756,nan,nan,nan,nan,nan,nan,nan,nan,nan,nan,19904,-0.00024010126418434196,0.05426952131092548,0.891356599330902,0.025964734703302385,0.19163465350866318,0.19163465350866318,0.1616068720817566,9.937229733927603e-05,0.0,0.7407068014144897,1.0,0.0010432692307692296,1.3317307692307717e-05,1,0.0,0.0,0.0625,0.660625,0.0,0.660625,12.2359375
622,1993600,-33.06520280241966,-0.330652000233531,-33.06520280241966,-0.330652000233531,0.0,33.06520280241966,0.330652000233531,37.95359483361244,0.3795359969884157,2.4203858974576,0.0,0.0,nan,nan,nan,nan,nan,nan,nan,nan,nan,nan,19936,-0.0001736843115171638,0.01755431778728962,0.8887025952339173,0.007689136592671275,0.10288996696472168,0.10288996696472168,0.11549545079469681,5.979817099459868e-05,0.0,0.9233275055885315,1.0,0.0010288461538461528,1.2211538461538523e-05,1,0.0,0.0,0.0,0.571875,0.0,0.571875,15.574375
623,1996800,-16.55720031261444,-0.16557199575006962,-16.55720031261444,-0.16557199575006962,0.0,16.55720031261444,0.16557199575006962,54.461597323417664,0.544616001471877,1.565995583832264,0.0021875,0.0008524956214979185,nan,nan,nan,nan,nan,nan,nan,nan,nan,nan,19968,-1.667909656264399e-05,0.030041004158556463,0.9186200797557831,0.014071953482925892,0.14333444982767105,0.14333444982767105,0.11250236481428147,1.1550673551326651e-05,0.0,0.7236907482147217,1.0,0.001014423076923076,1.110576923076922e-05,1,0.0,0.0,0.03125,0.7284375,0.0,0.7284375,7.76
624,2000000,-26.844422727823257,-0.2684441993013024,-26.844422727823257,-0.2684441993013024,0.0,26.844422727823257,0.2684441993013024,44.17437490820885,0.4417437979206443,2.1752493780851365,0.0009375,0.00029525240016435117,-24.80409374833107,-0.2480409374833107,-24.80409374833107,-0.2480409374833107,100.0,1.990395915955305,0.0,0.0,24.80409374833107,29.387594133615494,20000,-4.667303562602143e-05,0.022921052388846876,0.8845660865306855,0.010529287066310644,0.08790648058056831,0.08790648058056831,0.16238925904035567,1.0623060296866116e-05,0.0,0.8123255968093872,1.0,0.0009999999999999992,1.0000000000000026e-05,1,0.0,0.0,0.03125,0.615,0.0,0.615,13.28
