[setup] Required Python imports are available.
[setup] Required Python imports are available.
=== Job info ===
Job       : 637541  array=54
Node      : evc33
Submit    : /lustre/fs1/home/ak565492/gnn_experiments
Repo      : /lustre/fs1/home/ak565492/gnn_experiments
Git rev   : f40cd7c
Python    : /home/ak565492/expenv/bin/python
Python 3.11.4
PyYAML  : 6.0.3
NumPy   : 2.3.5
Torch   : 2.5.1+cu121 cuda_available=True cuda=12.1
CUDA_VIS  : 0
Threads   : OMP=4 MKL=4 OPENBLAS=1
Task      : 54/60
Comm      : graph
Alpha     : 0.75
Seed      : 0
Run label : graph_alpha0p75_seed0
Run dir   : runs/pursuit/alpha/graph/alpha0p75/seed0
Config    : /tmp/637486_54_graph_alpha0p75_seed0.yaml
Start     : Sun Jun  7 21:40:08 EDT 2026
================
Sun Jun  7 21:40:08 2026       
+-----------------------------------------------------------------------------------------+
| NVIDIA-SMI 580.105.08             Driver Version: 580.105.08     CUDA Version: 13.0     |
+-----------------------------------------+------------------------+----------------------+
| GPU  Name                 Persistence-M | Bus-Id          Disp.A | Volatile Uncorr. ECC |
| Fan  Temp   Perf          Pwr:Usage/Cap |           Memory-Usage | GPU-Util  Compute M. |
|                                         |                        |               MIG M. |
|=========================================+========================+======================|
|   0  NVIDIA H100 PCIe               Off |   00000000:17:00.0 Off |                    0 |
| N/A   41C    P0             50W /  310W |       0MiB /  81559MiB |      0%      Default |
|                                         |                        |             Disabled |
+-----------------------------------------+------------------------+----------------------+

+-----------------------------------------------------------------------------------------+
| Processes:                                                                              |
|  GPU   GI   CI              PID   Type   Process name                        GPU Memory |
|        ID   ID                                                               Usage      |
|=========================================================================================|
|  No running processes found                                                             |
+-----------------------------------------------------------------------------------------+
[env] kind=pursuit name=pursuit n_agents=5 obs_dim=5 action_dim=5 state_dim=13 num_envs=32
[train] Starting: total_iters=625 T=100 B=32 device=cuda:0 seed=0 render=off
iter=   0 step=   3200 ep_ret=-265.999 opt_ret=-265.999 step_rew=-2.6600 opt_step=-2.6600 gap0=265.999 dret=+0.000 eval_ret=-138.973 pursuer_target_distance=2.650 capture=0.000 score=0.000 pol=-0.0022 val=0.5776 ent=1.6066 tot=+0.2705 agnorm=0.047 cgnorm=0.256 kl=0.0029 clipf=0.016 ev=-0.313 r0=1.0000 entcoef=1.00e-02 lr=7.0e-04 seed=0
iter=   1 step=   6400 ep_ret=-244.775 opt_ret=-244.775 step_rew=-2.4477 opt_step=-2.4477 gap0=244.775 dret=+21.224 eval_ret=n/a pursuer_target_distance=2.438 capture=0.000 score=0.000 pol=-0.0018 val=0.4626 ent=1.5990 tot=+0.2136 agnorm=0.053 cgnorm=0.275 kl=0.0021 clipf=0.019 ev=+0.142 r0=1.0000 entcoef=9.99e-03 lr=7.0e-04 seed=0
iter=   2 step=   9600 ep_ret=-296.425 opt_ret=-296.425 step_rew=-2.9643 opt_step=-2.9643 gap0=296.425 dret=-30.426 eval_ret=n/a pursuer_target_distance=2.954 capture=0.000 score=0.000 pol=-0.0013 val=0.5003 ent=1.5922 tot=+0.2330 agnorm=0.052 cgnorm=0.302 kl=0.0020 clipf=0.014 ev=-0.049 r0=1.0000 entcoef=9.97e-03 lr=7.0e-04 seed=0
iter=   3 step=  12800 ep_ret=-238.232 opt_ret=-238.232 step_rew=-2.3823 opt_step=-2.3823 gap0=238.232 dret=+27.767 eval_ret=n/a pursuer_target_distance=2.410 capture=0.004 score=0.001 pol=-0.0020 val=0.3931 ent=1.5892 tot=+0.1788 agnorm=0.071 cgnorm=0.280 kl=0.0023 clipf=0.021 ev=+0.250 r0=1.0000 entcoef=9.96e-03 lr=7.0e-04 seed=0
iter=   4 step=  16000 ep_ret=-270.013 opt_ret=-270.013 step_rew=-2.7001 opt_step=-2.7001 gap0=270.013 dret=-4.014 eval_ret=n/a pursuer_target_distance=2.690 capture=0.000 score=0.000 pol=-0.0016 val=0.3760 ent=1.5914 tot=+0.1706 agnorm=0.049 cgnorm=0.292 kl=0.0032 clipf=0.023 ev=+0.293 r0=1.0000 entcoef=9.94e-03 lr=7.0e-04 seed=0
iter=   5 step=  19200 ep_ret=-297.997 opt_ret=-297.997 step_rew=-2.9800 opt_step=-2.9800 gap0=297.997 dret=-31.998 eval_ret=n/a pursuer_target_distance=2.970 capture=0.000 score=0.000 pol=-0.0009 val=0.4800 ent=1.5882 tot=+0.2233 agnorm=0.032 cgnorm=0.300 kl=0.0012 clipf=0.001 ev=+0.254 r0=1.0000 entcoef=9.93e-03 lr=6.9e-04 seed=0
iter=   6 step=  22400 ep_ret=-262.093 opt_ret=-262.093 step_rew=-2.6209 opt_step=-2.6209 gap0=262.093 dret=+3.906 eval_ret=n/a pursuer_target_distance=2.611 capture=0.000 score=0.000 pol=-0.0013 val=0.3449 ent=1.5873 tot=+0.1554 agnorm=0.052 cgnorm=0.298 kl=0.0010 clipf=0.001 ev=+0.308 r0=1.0000 entcoef=9.91e-03 lr=6.9e-04 seed=0
iter=   7 step=  25600 ep_ret=-259.311 opt_ret=-259.311 step_rew=-2.5931 opt_step=-2.5931 gap0=259.311 dret=+6.688 eval_ret=n/a pursuer_target_distance=2.599 capture=0.002 score=0.000 pol=-0.0010 val=0.3504 ent=1.5866 tot=+0.1585 agnorm=0.043 cgnorm=0.273 kl=0.0016 clipf=0.005 ev=+0.381 r0=1.0000 entcoef=9.90e-03 lr=6.9e-04 seed=0
iter=   8 step=  28800 ep_ret=-246.599 opt_ret=-246.599 step_rew=-2.4660 opt_step=-2.4660 gap0=246.599 dret=+19.401 eval_ret=n/a pursuer_target_distance=2.456 capture=0.000 score=0.000 pol=-0.0015 val=0.2540 ent=1.5716 tot=+0.1100 agnorm=0.035 cgnorm=0.270 kl=0.0018 clipf=0.007 ev=+0.160 r0=1.0000 entcoef=9.88e-03 lr=6.9e-04 seed=0
iter=   9 step=  32000 ep_ret=-264.989 opt_ret=-264.989 step_rew=-2.6499 opt_step=-2.6499 gap0=264.989 dret=+1.010 eval_ret=n/a pursuer_target_distance=2.646 capture=0.001 score=0.000 pol=-0.0019 val=0.2599 ent=1.5715 tot=+0.1125 agnorm=0.050 cgnorm=0.272 kl=0.0017 clipf=0.010 ev=+0.317 r0=1.0000 entcoef=9.87e-03 lr=6.9e-04 seed=0
iter=  10 step=  35200 ep_ret=-267.259 opt_ret=-267.259 step_rew=-2.6726 opt_step=-2.6726 gap0=267.259 dret=-1.259 eval_ret=n/a pursuer_target_distance=2.700 capture=0.004 score=0.001 pol=-0.0023 val=0.2745 ent=1.5651 tot=+0.1195 agnorm=0.066 cgnorm=0.298 kl=0.0032 clipf=0.022 ev=+0.294 r0=1.0000 entcoef=9.86e-03 lr=6.9e-04 seed=0
iter=  11 step=  38400 ep_ret=-265.890 opt_ret=-265.890 step_rew=-2.6589 opt_step=-2.6589 gap0=265.890 dret=+0.109 eval_ret=n/a pursuer_target_distance=2.649 capture=0.000 score=0.000 pol=-0.0015 val=0.2383 ent=1.5606 tot=+0.1022 agnorm=0.041 cgnorm=0.277 kl=0.0021 clipf=0.009 ev=+0.401 r0=1.0000 entcoef=9.84e-03 lr=6.9e-04 seed=0
iter=  12 step=  41600 ep_ret=-281.217 opt_ret=-281.217 step_rew=-2.8122 opt_step=-2.8122 gap0=281.217 dret=-15.217 eval_ret=n/a pursuer_target_distance=2.802 capture=0.000 score=0.000 pol=-0.0019 val=0.3356 ent=1.5511 tot=+0.1507 agnorm=0.050 cgnorm=0.277 kl=0.0023 clipf=0.019 ev=+0.084 r0=1.0000 entcoef=9.83e-03 lr=6.9e-04 seed=0
iter=  13 step=  44800 ep_ret=-209.480 opt_ret=-209.480 step_rew=-2.0948 opt_step=-2.0948 gap0=209.480 dret=+56.519 eval_ret=n/a pursuer_target_distance=2.125 capture=0.004 score=0.001 pol=-0.0017 val=0.1137 ent=1.5442 tot=+0.0400 agnorm=0.071 cgnorm=0.170 kl=0.0031 clipf=0.020 ev=+0.522 r0=1.0000 entcoef=9.81e-03 lr=6.9e-04 seed=0
iter=  14 step=  48000 ep_ret=-287.514 opt_ret=-287.514 step_rew=-2.8751 opt_step=-2.8751 gap0=287.514 dret=-21.514 eval_ret=n/a pursuer_target_distance=2.871 capture=0.001 score=0.000 pol=-0.0028 val=0.2320 ent=1.5425 tot=+0.0981 agnorm=0.073 cgnorm=0.311 kl=0.0041 clipf=0.040 ev=+0.339 r0=1.0000 entcoef=9.80e-03 lr=6.8e-04 seed=0
iter=  15 step=  51200 ep_ret=-275.766 opt_ret=-275.766 step_rew=-2.7577 opt_step=-2.7577 gap0=275.766 dret=-9.767 eval_ret=n/a pursuer_target_distance=2.798 capture=0.005 score=0.001 pol=-0.0018 val=0.2829 ent=1.5281 tot=+0.1247 agnorm=0.048 cgnorm=0.291 kl=0.0025 clipf=0.023 ev=+0.374 r0=1.0000 entcoef=9.78e-03 lr=6.8e-04 seed=0
iter=  16 step=  54400 ep_ret=-260.623 opt_ret=-260.623 step_rew=-2.6062 opt_step=-2.6062 gap0=260.623 dret=+5.376 eval_ret=n/a pursuer_target_distance=2.631 capture=0.003 score=0.001 pol=-0.0013 val=0.1627 ent=1.5234 tot=+0.0652 agnorm=0.043 cgnorm=0.227 kl=0.0017 clipf=0.010 ev=+0.589 r0=1.0000 entcoef=9.77e-03 lr=6.8e-04 seed=0
iter=  17 step=  57600 ep_ret=-289.603 opt_ret=-289.603 step_rew=-2.8960 opt_step=-2.8960 gap0=289.603 dret=-23.603 eval_ret=n/a pursuer_target_distance=2.908 capture=0.002 score=0.001 pol=-0.0013 val=0.2193 ent=1.5317 tot=+0.0934 agnorm=0.043 cgnorm=0.298 kl=0.0019 clipf=0.014 ev=+0.551 r0=1.0000 entcoef=9.75e-03 lr=6.8e-04 seed=0
iter=  18 step=  60800 ep_ret=-261.165 opt_ret=-261.165 step_rew=-2.6117 opt_step=-2.6117 gap0=261.165 dret=+4.834 eval_ret=n/a pursuer_target_distance=2.627 capture=0.003 score=0.001 pol=-0.0024 val=0.1164 ent=1.5249 tot=+0.0409 agnorm=0.059 cgnorm=0.227 kl=0.0029 clipf=0.023 ev=+0.554 r0=1.0000 entcoef=9.74e-03 lr=6.8e-04 seed=0
iter=  19 step=  64000 ep_ret=-222.586 opt_ret=-222.586 step_rew=-2.2259 opt_step=-2.2259 gap0=222.586 dret=+43.413 eval_ret=n/a pursuer_target_distance=2.247 capture=0.003 score=0.001 pol=-0.0010 val=0.0938 ent=1.5274 tot=+0.0310 agnorm=0.037 cgnorm=0.205 kl=0.0024 clipf=0.019 ev=+0.360 r0=1.0000 entcoef=9.73e-03 lr=6.8e-04 seed=0
iter=  20 step=  67200 ep_ret=-277.847 opt_ret=-277.847 step_rew=-2.7785 opt_step=-2.7785 gap0=277.847 dret=-11.847 eval_ret=-224.071 pursuer_target_distance=2.768 capture=0.000 score=0.000 pol=-0.0020 val=0.1534 ent=1.5467 tot=+0.0597 agnorm=0.049 cgnorm=0.233 kl=0.0018 clipf=0.011 ev=+0.259 r0=1.0000 entcoef=9.71e-03 lr=6.8e-04 seed=0
iter=  21 step=  70400 ep_ret=-252.874 opt_ret=-252.874 step_rew=-2.5287 opt_step=-2.5287 gap0=252.874 dret=+13.125 eval_ret=n/a pursuer_target_distance=2.519 capture=0.000 score=0.000 pol=-0.0019 val=0.0688 ent=1.5481 tot=+0.0174 agnorm=0.063 cgnorm=0.198 kl=0.0021 clipf=0.020 ev=+0.630 r0=1.0000 entcoef=9.70e-03 lr=6.8e-04 seed=0
iter=  22 step=  73600 ep_ret=-296.723 opt_ret=-296.723 step_rew=-2.9672 opt_step=-2.9672 gap0=296.723 dret=-30.724 eval_ret=n/a pursuer_target_distance=2.957 capture=0.000 score=0.000 pol=-0.0020 val=0.1085 ent=1.5591 tot=+0.0371 agnorm=0.054 cgnorm=0.231 kl=0.0023 clipf=0.015 ev=+0.153 r0=1.0000 entcoef=9.68e-03 lr=6.8e-04 seed=0
iter=  23 step=  76800 ep_ret=-284.328 opt_ret=-284.328 step_rew=-2.8433 opt_step=-2.8433 gap0=284.328 dret=-18.329 eval_ret=n/a pursuer_target_distance=2.833 capture=0.000 score=0.000 pol=-0.0016 val=0.0865 ent=1.5508 tot=+0.0267 agnorm=0.047 cgnorm=0.215 kl=0.0028 clipf=0.021 ev=+0.484 r0=1.0000 entcoef=9.67e-03 lr=6.7e-04 seed=0
iter=  24 step=  80000 ep_ret=-274.217 opt_ret=-274.217 step_rew=-2.7422 opt_step=-2.7422 gap0=274.217 dret=-8.217 eval_ret=n/a pursuer_target_distance=2.763 capture=0.003 score=0.001 pol=-0.0017 val=0.0717 ent=1.5488 tot=+0.0192 agnorm=0.051 cgnorm=0.178 kl=0.0020 clipf=0.014 ev=+0.619 r0=1.0000 entcoef=9.65e-03 lr=6.7e-04 seed=0
iter=  25 step=  83200 ep_ret=-204.494 opt_ret=-204.494 step_rew=-2.0449 opt_step=-2.0449 gap0=204.494 dret=+61.505 eval_ret=n/a pursuer_target_distance=2.082 capture=0.005 score=0.002 pol=-0.0022 val=0.0437 ent=1.5457 tot=+0.0047 agnorm=0.062 cgnorm=0.169 kl=0.0027 clipf=0.023 ev=+0.660 r0=1.0000 entcoef=9.64e-03 lr=6.7e-04 seed=0
iter=  26 step=  86400 ep_ret=-245.250 opt_ret=-245.250 step_rew=-2.4525 opt_step=-2.4525 gap0=245.250 dret=+20.750 eval_ret=n/a pursuer_target_distance=2.446 capture=0.000 score=0.000 pol=-0.0020 val=0.0492 ent=1.5534 tot=+0.0076 agnorm=0.046 cgnorm=0.149 kl=0.0020 clipf=0.014 ev=+0.771 r0=1.0000 entcoef=9.62e-03 lr=6.7e-04 seed=0
iter=  27 step=  89600 ep_ret=-265.465 opt_ret=-265.465 step_rew=-2.6547 opt_step=-2.6547 gap0=265.465 dret=+0.534 eval_ret=n/a pursuer_target_distance=2.645 capture=0.000 score=0.000 pol=-0.0024 val=0.0372 ent=1.5633 tot=+0.0012 agnorm=0.062 cgnorm=0.115 kl=0.0027 clipf=0.023 ev=+0.758 r0=1.0000 entcoef=9.61e-03 lr=6.7e-04 seed=0
iter=  28 step=  92800 ep_ret=-213.367 opt_ret=-213.367 step_rew=-2.1337 opt_step=-2.1337 gap0=213.367 dret=+52.632 eval_ret=n/a pursuer_target_distance=2.146 capture=0.002 score=0.001 pol=-0.0019 val=0.0361 ent=1.5552 tot=+0.0012 agnorm=0.054 cgnorm=0.144 kl=0.0025 clipf=0.019 ev=+0.634 r0=1.0000 entcoef=9.60e-03 lr=6.7e-04 seed=0
iter=  29 step=  96000 ep_ret=-249.701 opt_ret=-249.701 step_rew=-2.4970 opt_step=-2.4970 gap0=249.701 dret=+16.298 eval_ret=n/a pursuer_target_distance=2.493 capture=0.001 score=0.000 pol=-0.0022 val=0.0568 ent=1.5545 tot=+0.0113 agnorm=0.047 cgnorm=0.156 kl=0.0025 clipf=0.018 ev=+0.574 r0=1.0000 entcoef=9.58e-03 lr=6.7e-04 seed=0
iter=  30 step=  99200 ep_ret=-236.045 opt_ret=-236.045 step_rew=-2.3605 opt_step=-2.3605 gap0=236.045 dret=+29.954 eval_ret=n/a pursuer_target_distance=2.379 capture=0.003 score=0.001 pol=-0.0029 val=0.0551 ent=1.5580 tot=+0.0097 agnorm=0.067 cgnorm=0.156 kl=0.0027 clipf=0.026 ev=+0.587 r0=1.0000 entcoef=9.57e-03 lr=6.7e-04 seed=0
iter=  31 step= 102400 ep_ret=-236.759 opt_ret=-236.759 step_rew=-2.3676 opt_step=-2.3676 gap0=236.759 dret=+29.240 eval_ret=n/a pursuer_target_distance=2.358 capture=0.000 score=0.000 pol=-0.0022 val=0.0340 ent=1.5430 tot=+0.0001 agnorm=0.061 cgnorm=0.134 kl=0.0032 clipf=0.036 ev=+0.603 r0=1.0000 entcoef=9.55e-03 lr=6.7e-04 seed=0
iter=  32 step= 105600 ep_ret=-241.523 opt_ret=-241.523 step_rew=-2.4152 opt_step=-2.4152 gap0=241.523 dret=+24.476 eval_ret=n/a pursuer_target_distance=2.405 capture=0.000 score=0.000 pol=-0.0026 val=0.0418 ent=1.5461 tot=+0.0036 agnorm=0.068 cgnorm=0.125 kl=0.0038 clipf=0.040 ev=+0.685 r0=1.0000 entcoef=9.54e-03 lr=6.6e-04 seed=0
iter=  33 step= 108800 ep_ret=-231.815 opt_ret=-231.815 step_rew=-2.3181 opt_step=-2.3181 gap0=231.815 dret=+34.185 eval_ret=n/a pursuer_target_distance=2.308 capture=0.000 score=0.000 pol=-0.0021 val=0.0344 ent=1.5307 tot=+0.0005 agnorm=0.043 cgnorm=0.146 kl=0.0035 clipf=0.028 ev=+0.605 r0=1.0000 entcoef=9.52e-03 lr=6.6e-04 seed=0
iter=  34 step= 112000 ep_ret=-215.272 opt_ret=-215.272 step_rew=-2.1527 opt_step=-2.1527 gap0=215.272 dret=+50.728 eval_ret=n/a pursuer_target_distance=2.143 capture=0.000 score=0.000 pol=-0.0029 val=0.0274 ent=1.5033 tot=-0.0035 agnorm=0.062 cgnorm=0.106 kl=0.0029 clipf=0.028 ev=+0.731 r0=1.0000 entcoef=9.51e-03 lr=6.6e-04 seed=0
iter=  35 step= 115200 ep_ret=-231.103 opt_ret=-231.103 step_rew=-2.3110 opt_step=-2.3110 gap0=231.103 dret=+34.897 eval_ret=n/a pursuer_target_distance=2.323 capture=0.002 score=0.001 pol=-0.0022 val=0.0263 ent=1.4907 tot=-0.0032 agnorm=0.055 cgnorm=0.109 kl=0.0028 clipf=0.022 ev=+0.715 r0=1.0000 entcoef=9.50e-03 lr=6.6e-04 seed=0
iter=  36 step= 118400 ep_ret=-254.834 opt_ret=-254.834 step_rew=-2.5483 opt_step=-2.5483 gap0=254.834 dret=+11.165 eval_ret=n/a pursuer_target_distance=2.573 capture=0.003 score=0.001 pol=-0.0023 val=0.0466 ent=1.5074 tot=+0.0067 agnorm=0.053 cgnorm=0.115 kl=0.0026 clipf=0.019 ev=+0.539 r0=1.0000 entcoef=9.48e-03 lr=6.6e-04 seed=0
iter=  37 step= 121600 ep_ret=-213.326 opt_ret=-213.326 step_rew=-2.1333 opt_step=-2.1333 gap0=213.326 dret=+52.673 eval_ret=n/a pursuer_target_distance=2.130 capture=0.001 score=0.000 pol=-0.0019 val=0.0224 ent=1.4929 tot=-0.0048 agnorm=0.052 cgnorm=0.112 kl=0.0027 clipf=0.024 ev=+0.794 r0=1.0000 entcoef=9.47e-03 lr=6.6e-04 seed=0
iter=  38 step= 124800 ep_ret=-213.216 opt_ret=-213.216 step_rew=-2.1322 opt_step=-2.1322 gap0=213.216 dret=+52.783 eval_ret=n/a pursuer_target_distance=2.122 capture=0.000 score=0.000 pol=-0.0023 val=0.0326 ent=1.4910 tot=-0.0001 agnorm=0.068 cgnorm=0.119 kl=0.0030 clipf=0.024 ev=+0.542 r0=1.0000 entcoef=9.45e-03 lr=6.6e-04 seed=0
iter=  39 step= 128000 ep_ret=-218.379 opt_ret=-218.379 step_rew=-2.1838 opt_step=-2.1838 gap0=218.379 dret=+47.620 eval_ret=n/a pursuer_target_distance=2.202 capture=0.003 score=0.001 pol=-0.0019 val=0.0394 ent=1.5098 tot=+0.0036 agnorm=0.052 cgnorm=0.127 kl=0.0027 clipf=0.025 ev=+0.472 r0=1.0000 entcoef=9.44e-03 lr=6.6e-04 seed=0
iter=  40 step= 131200 ep_ret=-224.233 opt_ret=-224.233 step_rew=-2.2423 opt_step=-2.2423 gap0=224.233 dret=+41.766 eval_ret=-223.076 pursuer_target_distance=2.232 capture=0.000 score=0.000 pol=-0.0018 val=0.0267 ent=1.4875 tot=-0.0025 agnorm=0.048 cgnorm=0.107 kl=0.0028 clipf=0.027 ev=+0.660 r0=1.0000 entcoef=9.42e-03 lr=6.6e-04 seed=0
iter=  41 step= 134400 ep_ret=-198.432 opt_ret=-198.432 step_rew=-1.9843 opt_step=-1.9843 gap0=198.432 dret=+67.567 eval_ret=n/a pursuer_target_distance=1.974 capture=0.000 score=0.000 pol=-0.0011 val=0.0189 ent=1.4792 tot=-0.0056 agnorm=0.038 cgnorm=0.102 kl=0.0014 clipf=0.011 ev=+0.751 r0=1.0000 entcoef=9.41e-03 lr=6.5e-04 seed=0
iter=  42 step= 137600 ep_ret=-263.404 opt_ret=-263.404 step_rew=-2.6340 opt_step=-2.6340 gap0=263.404 dret=+2.595 eval_ret=n/a pursuer_target_distance=2.624 capture=0.000 score=0.000 pol=-0.0024 val=0.0542 ent=1.4734 tot=+0.0109 agnorm=0.059 cgnorm=0.154 kl=0.0026 clipf=0.025 ev=+0.448 r0=1.0000 entcoef=9.39e-03 lr=6.5e-04 seed=0
iter=  43 step= 140800 ep_ret=-227.326 opt_ret=-227.326 step_rew=-2.2733 opt_step=-2.2733 gap0=227.326 dret=+38.673 eval_ret=n/a pursuer_target_distance=2.263 capture=0.000 score=0.000 pol=-0.0021 val=0.0261 ent=1.4701 tot=-0.0029 agnorm=0.059 cgnorm=0.101 kl=0.0036 clipf=0.032 ev=+0.689 r0=1.0000 entcoef=9.38e-03 lr=6.5e-04 seed=0
iter=  44 step= 144000 ep_ret=-205.633 opt_ret=-205.633 step_rew=-2.0563 opt_step=-2.0563 gap0=205.633 dret=+60.366 eval_ret=n/a pursuer_target_distance=2.046 capture=0.000 score=0.000 pol=-0.0028 val=0.0306 ent=1.4806 tot=-0.0013 agnorm=0.063 cgnorm=0.103 kl=0.0030 clipf=0.025 ev=+0.705 r0=1.0000 entcoef=9.37e-03 lr=6.5e-04 seed=0
iter=  45 step= 147200 ep_ret=-217.100 opt_ret=-217.100 step_rew=-2.1710 opt_step=-2.1710 gap0=217.100 dret=+48.899 eval_ret=n/a pursuer_target_distance=2.161 capture=0.000 score=0.000 pol=-0.0019 val=0.0369 ent=1.5075 tot=+0.0025 agnorm=0.048 cgnorm=0.114 kl=0.0019 clipf=0.017 ev=+0.558 r0=1.0000 entcoef=9.35e-03 lr=6.5e-04 seed=0
iter=  46 step= 150400 ep_ret=-229.316 opt_ret=-229.316 step_rew=-2.2932 opt_step=-2.2932 gap0=229.316 dret=+36.683 eval_ret=n/a pursuer_target_distance=2.324 capture=0.004 score=0.001 pol=-0.0019 val=0.0352 ent=1.4636 tot=+0.0020 agnorm=0.044 cgnorm=0.124 kl=0.0029 clipf=0.023 ev=+0.584 r0=1.0000 entcoef=9.34e-03 lr=6.5e-04 seed=0
iter=  47 step= 153600 ep_ret=-223.726 opt_ret=-223.726 step_rew=-2.2373 opt_step=-2.2373 gap0=223.726 dret=+42.273 eval_ret=n/a pursuer_target_distance=2.227 capture=0.000 score=0.000 pol=-0.0025 val=0.0282 ent=1.4971 tot=-0.0023 agnorm=0.048 cgnorm=0.083 kl=0.0024 clipf=0.014 ev=+0.699 r0=1.0000 entcoef=9.32e-03 lr=6.5e-04 seed=0
iter=  48 step= 156800 ep_ret=-196.673 opt_ret=-196.673 step_rew=-1.9667 opt_step=-1.9667 gap0=196.673 dret=+69.326 eval_ret=n/a pursuer_target_distance=1.985 capture=0.003 score=0.001 pol=-0.0026 val=0.0385 ent=1.4868 tot=+0.0028 agnorm=0.058 cgnorm=0.120 kl=0.0021 clipf=0.015 ev=+0.490 r0=1.0000 entcoef=9.31e-03 lr=6.5e-04 seed=0
iter=  49 step= 160000 ep_ret=-267.539 opt_ret=-267.539 step_rew=-2.6754 opt_step=-2.6754 gap0=267.539 dret=-1.540 eval_ret=n/a pursuer_target_distance=2.694 capture=0.003 score=0.001 pol=-0.0022 val=0.0363 ent=1.4750 tot=+0.0022 agnorm=0.073 cgnorm=0.097 kl=0.0030 clipf=0.034 ev=+0.668 r0=1.0000 entcoef=9.29e-03 lr=6.5e-04 seed=0
iter=  50 step= 163200 ep_ret=-214.866 opt_ret=-214.866 step_rew=-2.1487 opt_step=-2.1487 gap0=214.866 dret=+51.133 eval_ret=n/a pursuer_target_distance=2.173 capture=0.003 score=0.001 pol=-0.0018 val=0.0367 ent=1.4720 tot=+0.0029 agnorm=0.047 cgnorm=0.093 kl=0.0026 clipf=0.022 ev=+0.627 r0=1.0000 entcoef=9.28e-03 lr=6.4e-04 seed=0
iter=  51 step= 166400 ep_ret=-236.886 opt_ret=-236.886 step_rew=-2.3689 opt_step=-2.3689 gap0=236.886 dret=+29.113 eval_ret=n/a pursuer_target_distance=2.384 capture=0.003 score=0.001 pol=-0.0023 val=0.0408 ent=1.4646 tot=+0.0046 agnorm=0.050 cgnorm=0.119 kl=0.0026 clipf=0.021 ev=+0.543 r0=1.0000 entcoef=9.26e-03 lr=6.4e-04 seed=0
iter=  52 step= 169600 ep_ret=-233.842 opt_ret=-233.842 step_rew=-2.3384 opt_step=-2.3384 gap0=233.842 dret=+32.158 eval_ret=n/a pursuer_target_distance=2.328 capture=0.000 score=0.000 pol=-0.0035 val=0.0184 ent=1.4731 tot=-0.0079 agnorm=0.064 cgnorm=0.080 kl=0.0049 clipf=0.054 ev=+0.763 r0=1.0000 entcoef=9.25e-03 lr=6.4e-04 seed=0
iter=  53 step= 172800 ep_ret=-254.019 opt_ret=-254.019 step_rew=-2.5402 opt_step=-2.5402 gap0=254.019 dret=+11.980 eval_ret=n/a pursuer_target_distance=2.533 capture=0.000 score=0.000 pol=-0.0020 val=0.0379 ent=1.4233 tot=+0.0038 agnorm=0.051 cgnorm=0.099 kl=0.0024 clipf=0.019 ev=+0.570 r0=1.0000 entcoef=9.24e-03 lr=6.4e-04 seed=0
iter=  54 step= 176000 ep_ret=-244.468 opt_ret=-244.468 step_rew=-2.4447 opt_step=-2.4447 gap0=244.468 dret=+21.531 eval_ret=n/a pursuer_target_distance=2.435 capture=0.000 score=0.000 pol=-0.0023 val=0.0341 ent=1.4328 tot=+0.0015 agnorm=0.062 cgnorm=0.110 kl=0.0035 clipf=0.031 ev=+0.497 r0=1.0000 entcoef=9.22e-03 lr=6.4e-04 seed=0
iter=  55 step= 179200 ep_ret=-205.080 opt_ret=-205.080 step_rew=-2.0508 opt_step=-2.0508 gap0=205.080 dret=+60.919 eval_ret=n/a pursuer_target_distance=2.041 capture=0.000 score=0.000 pol=-0.0022 val=0.0350 ent=1.4465 tot=+0.0020 agnorm=0.074 cgnorm=0.121 kl=0.0028 clipf=0.020 ev=+0.597 r0=1.0000 entcoef=9.21e-03 lr=6.4e-04 seed=0
iter=  56 step= 182400 ep_ret=-205.169 opt_ret=-205.169 step_rew=-2.0517 opt_step=-2.0517 gap0=205.169 dret=+60.830 eval_ret=n/a pursuer_target_distance=2.085 capture=0.004 score=0.001 pol=-0.0028 val=0.0317 ent=1.4302 tot=-0.0001 agnorm=0.062 cgnorm=0.115 kl=0.0030 clipf=0.030 ev=+0.514 r0=1.0000 entcoef=9.19e-03 lr=6.4e-04 seed=0
iter=  57 step= 185600 ep_ret=-217.717 opt_ret=-217.717 step_rew=-2.1772 opt_step=-2.1772 gap0=217.717 dret=+48.282 eval_ret=n/a pursuer_target_distance=2.167 capture=0.000 score=0.000 pol=-0.0013 val=0.0237 ent=1.4371 tot=-0.0027 agnorm=0.037 cgnorm=0.067 kl=0.0019 clipf=0.015 ev=+0.709 r0=1.0000 entcoef=9.18e-03 lr=6.4e-04 seed=0
iter=  58 step= 188800 ep_ret=-195.070 opt_ret=-195.070 step_rew=-1.9507 opt_step=-1.9507 gap0=195.070 dret=+70.929 eval_ret=n/a pursuer_target_distance=1.941 capture=0.000 score=0.000 pol=-0.0029 val=0.0177 ent=1.4428 tot=-0.0073 agnorm=0.068 cgnorm=0.082 kl=0.0036 clipf=0.039 ev=+0.718 r0=1.0000 entcoef=9.16e-03 lr=6.4e-04 seed=0
iter=  59 step= 192000 ep_ret=-239.743 opt_ret=-239.743 step_rew=-2.3974 opt_step=-2.3974 gap0=239.743 dret=+26.257 eval_ret=n/a pursuer_target_distance=2.444 capture=0.006 score=0.002 pol=-0.0024 val=0.0368 ent=1.4241 tot=+0.0029 agnorm=0.068 cgnorm=0.080 kl=0.0027 clipf=0.023 ev=+0.616 r0=1.0000 entcoef=9.15e-03 lr=6.3e-04 seed=0
iter=  60 step= 195200 ep_ret=-252.575 opt_ret=-252.575 step_rew=-2.5257 opt_step=-2.5257 gap0=252.575 dret=+13.424 eval_ret=-292.011 pursuer_target_distance=2.522 capture=0.001 score=0.000 pol=-0.0021 val=0.0345 ent=1.4374 tot=+0.0020 agnorm=0.063 cgnorm=0.098 kl=0.0034 clipf=0.036 ev=+0.617 r0=1.0000 entcoef=9.13e-03 lr=6.3e-04 seed=0
iter=  61 step= 198400 ep_ret=-203.377 opt_ret=-203.377 step_rew=-2.0338 opt_step=-2.0338 gap0=203.377 dret=+62.622 eval_ret=n/a pursuer_target_distance=2.039 capture=0.002 score=0.001 pol=-0.0023 val=0.0316 ent=1.4834 tot=-0.0000 agnorm=0.054 cgnorm=0.088 kl=0.0028 clipf=0.021 ev=+0.543 r0=1.0000 entcoef=9.12e-03 lr=6.3e-04 seed=0
iter=  62 step= 201600 ep_ret=-236.076 opt_ret=-236.076 step_rew=-2.3608 opt_step=-2.3608 gap0=236.076 dret=+29.924 eval_ret=n/a pursuer_target_distance=2.373 capture=0.002 score=0.001 pol=-0.0017 val=0.0388 ent=1.4764 tot=+0.0042 agnorm=0.044 cgnorm=0.072 kl=0.0024 clipf=0.021 ev=+0.502 r0=1.0000 entcoef=9.11e-03 lr=6.3e-04 seed=0
iter=  63 step= 204800 ep_ret=-218.267 opt_ret=-218.267 step_rew=-2.1827 opt_step=-2.1827 gap0=218.267 dret=+47.732 eval_ret=n/a pursuer_target_distance=2.241 capture=0.007 score=0.002 pol=-0.0025 val=0.0448 ent=1.4689 tot=+0.0066 agnorm=0.052 cgnorm=0.087 kl=0.0025 clipf=0.020 ev=+0.503 r0=1.0000 entcoef=9.09e-03 lr=6.3e-04 seed=0
iter=  64 step= 208000 ep_ret=-256.040 opt_ret=-256.040 step_rew=-2.5604 opt_step=-2.5604 gap0=256.040 dret=+9.959 eval_ret=n/a pursuer_target_distance=2.550 capture=0.000 score=0.000 pol=-0.0023 val=0.0436 ent=1.4947 tot=+0.0060 agnorm=0.049 cgnorm=0.117 kl=0.0019 clipf=0.010 ev=+0.334 r0=1.0000 entcoef=9.08e-03 lr=6.3e-04 seed=0
iter=  65 step= 211200 ep_ret=-227.124 opt_ret=-227.124 step_rew=-2.2712 opt_step=-2.2712 gap0=227.124 dret=+38.875 eval_ret=n/a pursuer_target_distance=2.271 capture=0.001 score=0.000 pol=-0.0019 val=0.0353 ent=1.5062 tot=+0.0021 agnorm=0.049 cgnorm=0.107 kl=0.0026 clipf=0.020 ev=+0.587 r0=1.0000 entcoef=9.06e-03 lr=6.3e-04 seed=0
iter=  66 step= 214400 ep_ret=-221.438 opt_ret=-221.438 step_rew=-2.2144 opt_step=-2.2144 gap0=221.438 dret=+44.561 eval_ret=n/a pursuer_target_distance=2.204 capture=0.000 score=0.000 pol=-0.0024 val=0.0294 ent=1.4964 tot=-0.0013 agnorm=0.056 cgnorm=0.083 kl=0.0028 clipf=0.022 ev=+0.612 r0=1.0000 entcoef=9.05e-03 lr=6.3e-04 seed=0
iter=  67 step= 217600 ep_ret=-261.731 opt_ret=-261.731 step_rew=-2.6173 opt_step=-2.6173 gap0=261.731 dret=+4.269 eval_ret=n/a pursuer_target_distance=2.607 capture=0.000 score=0.000 pol=-0.0023 val=0.0395 ent=1.4922 tot=+0.0039 agnorm=0.067 cgnorm=0.098 kl=0.0028 clipf=0.028 ev=+0.551 r0=1.0000 entcoef=9.03e-03 lr=6.3e-04 seed=0
iter=  68 step= 220800 ep_ret=-241.376 opt_ret=-241.376 step_rew=-2.4138 opt_step=-2.4138 gap0=241.376 dret=+24.624 eval_ret=n/a pursuer_target_distance=2.438 capture=0.003 score=0.001 pol=-0.0026 val=0.0523 ent=1.4808 tot=+0.0101 agnorm=0.071 cgnorm=0.118 kl=0.0029 clipf=0.030 ev=+0.359 r0=1.0000 entcoef=9.02e-03 lr=6.2e-04 seed=0
iter=  69 step= 224000 ep_ret=-254.234 opt_ret=-254.234 step_rew=-2.5423 opt_step=-2.5423 gap0=254.234 dret=+11.766 eval_ret=n/a pursuer_target_distance=2.532 capture=0.000 score=0.000 pol=-0.0015 val=0.0339 ent=1.4569 tot=+0.0024 agnorm=0.046 cgnorm=0.098 kl=0.0027 clipf=0.022 ev=+0.444 r0=1.0000 entcoef=9.00e-03 lr=6.2e-04 seed=0
iter=  70 step= 227200 ep_ret=-216.098 opt_ret=-216.098 step_rew=-2.1610 opt_step=-2.1610 gap0=216.098 dret=+49.902 eval_ret=n/a pursuer_target_distance=2.192 capture=0.004 score=0.001 pol=-0.0027 val=0.0620 ent=1.4327 tot=+0.0154 agnorm=0.063 cgnorm=0.109 kl=0.0026 clipf=0.019 ev=+0.385 r0=1.0000 entcoef=8.99e-03 lr=6.2e-04 seed=0
iter=  71 step= 230400 ep_ret=-238.945 opt_ret=-238.945 step_rew=-2.3894 opt_step=-2.3894 gap0=238.945 dret=+27.054 eval_ret=n/a pursuer_target_distance=2.436 capture=0.006 score=0.002 pol=-0.0025 val=0.0399 ent=1.4171 tot=+0.0047 agnorm=0.064 cgnorm=0.065 kl=0.0031 clipf=0.030 ev=+0.526 r0=1.0000 entcoef=8.98e-03 lr=6.2e-04 seed=0
iter=  72 step= 233600 ep_ret=-230.192 opt_ret=-230.192 step_rew=-2.3019 opt_step=-2.3019 gap0=230.192 dret=+35.807 eval_ret=n/a pursuer_target_distance=2.292 capture=0.000 score=0.000 pol=-0.0019 val=0.0401 ent=1.4251 tot=+0.0054 agnorm=0.060 cgnorm=0.104 kl=0.0026 clipf=0.023 ev=+0.354 r0=1.0000 entcoef=8.96e-03 lr=6.2e-04 seed=0
iter=  73 step= 236800 ep_ret=-206.044 opt_ret=-206.044 step_rew=-2.0604 opt_step=-2.0604 gap0=206.044 dret=+59.955 eval_ret=n/a pursuer_target_distance=2.066 capture=0.002 score=0.001 pol=-0.0022 val=0.0370 ent=1.3963 tot=+0.0038 agnorm=0.067 cgnorm=0.096 kl=0.0026 clipf=0.028 ev=+0.545 r0=1.0000 entcoef=8.95e-03 lr=6.2e-04 seed=0
iter=  74 step= 240000 ep_ret=-222.856 opt_ret=-222.856 step_rew=-2.2286 opt_step=-2.2286 gap0=222.856 dret=+43.143 eval_ret=n/a pursuer_target_distance=2.219 capture=0.000 score=0.000 pol=-0.0018 val=0.0385 ent=1.4228 tot=+0.0048 agnorm=0.052 cgnorm=0.099 kl=0.0025 clipf=0.017 ev=+0.579 r0=1.0000 entcoef=8.93e-03 lr=6.2e-04 seed=0
iter=  75 step= 243200 ep_ret=-224.046 opt_ret=-224.046 step_rew=-2.2405 opt_step=-2.2405 gap0=224.046 dret=+41.953 eval_ret=n/a pursuer_target_distance=2.240 capture=0.001 score=0.000 pol=-0.0020 val=0.0309 ent=1.4199 tot=+0.0008 agnorm=0.050 cgnorm=0.087 kl=0.0019 clipf=0.016 ev=+0.594 r0=1.0000 entcoef=8.92e-03 lr=6.2e-04 seed=0
iter=  76 step= 246400 ep_ret=-196.260 opt_ret=-196.260 step_rew=-1.9626 opt_step=-1.9626 gap0=196.260 dret=+69.739 eval_ret=n/a pursuer_target_distance=1.974 capture=0.002 score=0.001 pol=-0.0023 val=0.0460 ent=1.4249 tot=+0.0080 agnorm=0.065 cgnorm=0.093 kl=0.0028 clipf=0.029 ev=+0.461 r0=1.0000 entcoef=8.90e-03 lr=6.2e-04 seed=0
iter=  77 step= 249600 ep_ret=-215.248 opt_ret=-215.248 step_rew=-2.1525 opt_step=-2.1525 gap0=215.248 dret=+50.751 eval_ret=n/a pursuer_target_distance=2.174 capture=0.003 score=0.001 pol=-0.0017 val=0.0490 ent=1.4176 tot=+0.0102 agnorm=0.048 cgnorm=0.077 kl=0.0026 clipf=0.025 ev=+0.506 r0=1.0000 entcoef=8.89e-03 lr=6.1e-04 seed=0
iter=  78 step= 252800 ep_ret=-250.132 opt_ret=-250.132 step_rew=-2.5013 opt_step=-2.5013 gap0=250.132 dret=+15.867 eval_ret=n/a pursuer_target_distance=2.529 capture=0.004 score=0.001 pol=-0.0014 val=0.0342 ent=1.4151 tot=+0.0032 agnorm=0.038 cgnorm=0.073 kl=0.0017 clipf=0.012 ev=+0.564 r0=1.0000 entcoef=8.88e-03 lr=6.1e-04 seed=0
iter=  79 step= 256000 ep_ret=-238.608 opt_ret=-238.608 step_rew=-2.3861 opt_step=-2.3861 gap0=238.608 dret=+27.391 eval_ret=n/a pursuer_target_distance=2.376 capture=0.000 score=0.000 pol=-0.0028 val=0.0522 ent=1.4181 tot=+0.0107 agnorm=0.089 cgnorm=0.084 kl=0.0029 clipf=0.031 ev=+0.557 r0=1.0000 entcoef=8.86e-03 lr=6.1e-04 seed=0
iter=  80 step= 259200 ep_ret=-208.764 opt_ret=-208.764 step_rew=-2.0876 opt_step=-2.0876 gap0=208.764 dret=+57.235 eval_ret=-203.352 pursuer_target_distance=2.118 capture=0.004 score=0.001 pol=-0.0019 val=0.0316 ent=1.4033 tot=+0.0015 agnorm=0.066 cgnorm=0.085 kl=0.0027 clipf=0.018 ev=+0.670 r0=1.0000 entcoef=8.85e-03 lr=6.1e-04 seed=0
iter=  81 step= 262400 ep_ret=-212.274 opt_ret=-212.274 step_rew=-2.1227 opt_step=-2.1227 gap0=212.274 dret=+53.725 eval_ret=n/a pursuer_target_distance=2.138 capture=0.003 score=0.001 pol=-0.0016 val=0.0438 ent=1.3985 tot=+0.0079 agnorm=0.053 cgnorm=0.089 kl=0.0017 clipf=0.013 ev=+0.692 r0=1.0000 entcoef=8.83e-03 lr=6.1e-04 seed=0
iter=  82 step= 265600 ep_ret=-223.863 opt_ret=-223.863 step_rew=-2.2386 opt_step=-2.2386 gap0=223.863 dret=+42.136 eval_ret=n/a pursuer_target_distance=2.235 capture=0.001 score=0.000 pol=-0.0018 val=0.0447 ent=1.3973 tot=+0.0082 agnorm=0.059 cgnorm=0.081 kl=0.0019 clipf=0.013 ev=+0.607 r0=1.0000 entcoef=8.82e-03 lr=6.1e-04 seed=0
iter=  83 step= 268800 ep_ret=-207.319 opt_ret=-207.319 step_rew=-2.0732 opt_step=-2.0732 gap0=207.319 dret=+58.680 eval_ret=n/a pursuer_target_distance=2.088 capture=0.003 score=0.001 pol=-0.0020 val=0.0401 ent=1.4071 tot=+0.0057 agnorm=0.055 cgnorm=0.081 kl=0.0031 clipf=0.027 ev=+0.638 r0=1.0000 entcoef=8.80e-03 lr=6.1e-04 seed=0
iter=  84 step= 272000 ep_ret=-210.088 opt_ret=-210.088 step_rew=-2.1009 opt_step=-2.1009 gap0=210.088 dret=+55.911 eval_ret=n/a pursuer_target_distance=2.160 capture=0.007 score=0.002 pol=-0.0017 val=0.0484 ent=1.4001 tot=+0.0102 agnorm=0.072 cgnorm=0.106 kl=0.0026 clipf=0.022 ev=+0.620 r0=1.0000 entcoef=8.79e-03 lr=6.1e-04 seed=0
iter=  85 step= 275200 ep_ret=-227.970 opt_ret=-227.970 step_rew=-2.2797 opt_step=-2.2797 gap0=227.970 dret=+38.029 eval_ret=n/a pursuer_target_distance=2.270 capture=0.000 score=0.000 pol=-0.0026 val=0.0371 ent=1.4413 tot=+0.0033 agnorm=0.065 cgnorm=0.079 kl=0.0023 clipf=0.020 ev=+0.675 r0=1.0000 entcoef=8.77e-03 lr=6.1e-04 seed=0
iter=  86 step= 278400 ep_ret=-226.490 opt_ret=-226.490 step_rew=-2.2649 opt_step=-2.2649 gap0=226.490 dret=+39.510 eval_ret=n/a pursuer_target_distance=2.283 capture=0.003 score=0.001 pol=-0.0013 val=0.0553 ent=1.4380 tot=+0.0137 agnorm=0.057 cgnorm=0.089 kl=0.0018 clipf=0.011 ev=+0.638 r0=1.0000 entcoef=8.76e-03 lr=6.0e-04 seed=0
iter=  87 step= 281600 ep_ret=-201.338 opt_ret=-201.338 step_rew=-2.0134 opt_step=-2.0134 gap0=201.338 dret=+64.661 eval_ret=n/a pursuer_target_distance=2.016 capture=0.001 score=0.000 pol=-0.0016 val=0.0329 ent=1.4352 tot=+0.0023 agnorm=0.053 cgnorm=0.090 kl=0.0016 clipf=0.009 ev=+0.771 r0=1.0000 entcoef=8.75e-03 lr=6.0e-04 seed=0
iter=  88 step= 284800 ep_ret=-256.480 opt_ret=-256.480 step_rew=-2.5648 opt_step=-2.5648 gap0=256.480 dret=+9.520 eval_ret=n/a pursuer_target_distance=2.564 capture=0.001 score=0.000 pol=-0.0024 val=0.0547 ent=1.4506 tot=+0.0123 agnorm=0.070 cgnorm=0.114 kl=0.0039 clipf=0.044 ev=+0.545 r0=1.0000 entcoef=8.73e-03 lr=6.0e-04 seed=0
iter=  89 step= 288000 ep_ret=-239.515 opt_ret=-239.515 step_rew=-2.3951 opt_step=-2.3951 gap0=239.515 dret=+26.484 eval_ret=n/a pursuer_target_distance=2.385 capture=0.000 score=0.000 pol=-0.0025 val=0.0366 ent=1.4617 tot=+0.0030 agnorm=0.068 cgnorm=0.071 kl=0.0027 clipf=0.024 ev=+0.721 r0=1.0000 entcoef=8.72e-03 lr=6.0e-04 seed=0
iter=  90 step= 291200 ep_ret=-200.254 opt_ret=-200.254 step_rew=-2.0025 opt_step=-2.0025 gap0=200.254 dret=+65.745 eval_ret=n/a pursuer_target_distance=1.993 capture=0.000 score=0.000 pol=-0.0019 val=0.0269 ent=1.4467 tot=-0.0010 agnorm=0.063 cgnorm=0.068 kl=0.0023 clipf=0.013 ev=+0.780 r0=1.0000 entcoef=8.70e-03 lr=6.0e-04 seed=0
iter=  91 step= 294400 ep_ret=-246.304 opt_ret=-246.304 step_rew=-2.4630 opt_step=-2.4630 gap0=246.304 dret=+19.695 eval_ret=n/a pursuer_target_distance=2.459 capture=0.001 score=0.000 pol=-0.0017 val=0.0347 ent=1.4505 tot=+0.0031 agnorm=0.055 cgnorm=0.076 kl=0.0024 clipf=0.017 ev=+0.700 r0=1.0000 entcoef=8.69e-03 lr=6.0e-04 seed=0
iter=  92 step= 297600 ep_ret=-217.637 opt_ret=-217.637 step_rew=-2.1764 opt_step=-2.1764 gap0=217.637 dret=+48.362 eval_ret=n/a pursuer_target_distance=2.254 capture=0.009 score=0.003 pol=-0.0017 val=0.0592 ent=1.4643 tot=+0.0152 agnorm=0.045 cgnorm=0.112 kl=0.0024 clipf=0.015 ev=+0.347 r0=1.0000 entcoef=8.67e-03 lr=6.0e-04 seed=0
iter=  93 step= 300800 ep_ret=-230.102 opt_ret=-230.102 step_rew=-2.3010 opt_step=-2.3010 gap0=230.102 dret=+35.897 eval_ret=n/a pursuer_target_distance=2.307 capture=0.002 score=0.000 pol=-0.0013 val=0.0548 ent=1.4929 tot=+0.0132 agnorm=0.044 cgnorm=0.097 kl=0.0013 clipf=0.005 ev=+0.469 r0=1.0000 entcoef=8.66e-03 lr=6.0e-04 seed=0
iter=  94 step= 304000 ep_ret=-235.169 opt_ret=-235.169 step_rew=-2.3517 opt_step=-2.3517 gap0=235.169 dret=+30.830 eval_ret=n/a pursuer_target_distance=2.367 capture=0.003 score=0.001 pol=-0.0022 val=0.0576 ent=1.4669 tot=+0.0139 agnorm=0.064 cgnorm=0.099 kl=0.0020 clipf=0.010 ev=+0.521 r0=1.0000 entcoef=8.64e-03 lr=6.0e-04 seed=0
iter=  95 step= 307200 ep_ret=-235.138 opt_ret=-235.138 step_rew=-2.3514 opt_step=-2.3514 gap0=235.138 dret=+30.861 eval_ret=n/a pursuer_target_distance=2.360 capture=0.002 score=0.001 pol=-0.0019 val=0.0349 ent=1.4512 tot=+0.0030 agnorm=0.054 cgnorm=0.085 kl=0.0023 clipf=0.017 ev=+0.641 r0=1.0000 entcoef=8.63e-03 lr=5.9e-04 seed=0
iter=  96 step= 310400 ep_ret=-220.939 opt_ret=-220.939 step_rew=-2.2094 opt_step=-2.2094 gap0=220.939 dret=+45.060 eval_ret=n/a pursuer_target_distance=2.203 capture=0.000 score=0.000 pol=-0.0013 val=0.0246 ent=1.4420 tot=-0.0015 agnorm=0.048 cgnorm=0.063 kl=0.0019 clipf=0.015 ev=+0.737 r0=1.0000 entcoef=8.62e-03 lr=5.9e-04 seed=0
iter=  97 step= 313600 ep_ret=-229.123 opt_ret=-229.123 step_rew=-2.2912 opt_step=-2.2912 gap0=229.123 dret=+36.876 eval_ret=n/a pursuer_target_distance=2.306 capture=0.003 score=0.001 pol=-0.0017 val=0.0521 ent=1.4400 tot=+0.0119 agnorm=0.051 cgnorm=0.096 kl=0.0013 clipf=0.005 ev=+0.620 r0=1.0000 entcoef=8.60e-03 lr=5.9e-04 seed=0
iter=  98 step= 316800 ep_ret=-202.913 opt_ret=-202.913 step_rew=-2.0291 opt_step=-2.0291 gap0=202.913 dret=+63.087 eval_ret=n/a pursuer_target_distance=2.038 capture=0.002 score=0.001 pol=-0.0023 val=0.0348 ent=1.4430 tot=+0.0027 agnorm=0.071 cgnorm=0.088 kl=0.0029 clipf=0.032 ev=+0.665 r0=1.0000 entcoef=8.59e-03 lr=5.9e-04 seed=0
iter=  99 step= 320000 ep_ret=-181.784 opt_ret=-181.784 step_rew=-1.8178 opt_step=-1.8178 gap0=181.784 dret=+84.215 eval_ret=n/a pursuer_target_distance=1.911 capture=0.010 score=0.004 pol=-0.0010 val=0.0695 ent=1.4370 tot=+0.0214 agnorm=0.040 cgnorm=0.090 kl=0.0019 clipf=0.010 ev=+0.509 r0=1.0000 entcoef=8.57e-03 lr=5.9e-04 seed=0
iter= 100 step= 323200 ep_ret=-210.885 opt_ret=-210.885 step_rew=-2.1088 opt_step=-2.1088 gap0=210.885 dret=+55.114 eval_ret=-203.352 pursuer_target_distance=2.105 capture=0.001 score=0.000 pol=-0.0016 val=0.0462 ent=1.4227 tot=+0.0093 agnorm=0.044 cgnorm=0.078 kl=0.0010 clipf=0.007 ev=+0.517 r0=1.0000 entcoef=8.56e-03 lr=5.9e-04 seed=0
iter= 101 step= 326400 ep_ret=-264.831 opt_ret=-264.831 step_rew=-2.6483 opt_step=-2.6483 gap0=264.831 dret=+1.168 eval_ret=n/a pursuer_target_distance=2.638 capture=0.000 score=0.000 pol=-0.0019 val=0.0605 ent=1.4511 tot=+0.0160 agnorm=0.059 cgnorm=0.088 kl=0.0024 clipf=0.021 ev=+0.462 r0=1.0000 entcoef=8.54e-03 lr=5.9e-04 seed=0
iter= 102 step= 329600 ep_ret=-194.668 opt_ret=-194.668 step_rew=-1.9467 opt_step=-1.9467 gap0=194.668 dret=+71.331 eval_ret=n/a pursuer_target_distance=1.974 capture=0.004 score=0.001 pol=-0.0022 val=0.0373 ent=1.4588 tot=+0.0040 agnorm=0.055 cgnorm=0.088 kl=0.0024 clipf=0.021 ev=+0.458 r0=1.0000 entcoef=8.53e-03 lr=5.9e-04 seed=0
iter= 103 step= 332800 ep_ret=-227.693 opt_ret=-227.693 step_rew=-2.2769 opt_step=-2.2769 gap0=227.693 dret=+38.307 eval_ret=n/a pursuer_target_distance=2.267 capture=0.000 score=0.000 pol=-0.0017 val=0.0470 ent=1.4728 tot=+0.0093 agnorm=0.046 cgnorm=0.063 kl=0.0016 clipf=0.012 ev=+0.509 r0=1.0000 entcoef=8.51e-03 lr=5.9e-04 seed=0
iter= 104 step= 336000 ep_ret=-216.065 opt_ret=-216.065 step_rew=-2.1606 opt_step=-2.1606 gap0=216.065 dret=+49.934 eval_ret=n/a pursuer_target_distance=2.151 capture=0.000 score=0.000 pol=-0.0019 val=0.0549 ent=1.4545 tot=+0.0132 agnorm=0.044 cgnorm=0.086 kl=0.0024 clipf=0.020 ev=+0.500 r0=1.0000 entcoef=8.50e-03 lr=5.9e-04 seed=0
iter= 105 step= 339200 ep_ret=-220.670 opt_ret=-220.670 step_rew=-2.2067 opt_step=-2.2067 gap0=220.670 dret=+45.329 eval_ret=n/a pursuer_target_distance=2.197 capture=0.000 score=0.000 pol=-0.0019 val=0.0528 ent=1.4628 tot=+0.0121 agnorm=0.050 cgnorm=0.078 kl=0.0024 clipf=0.024 ev=+0.501 r0=1.0000 entcoef=8.49e-03 lr=5.8e-04 seed=0
iter= 106 step= 342400 ep_ret=-277.703 opt_ret=-277.703 step_rew=-2.7770 opt_step=-2.7770 gap0=277.703 dret=-11.704 eval_ret=n/a pursuer_target_distance=2.767 capture=0.000 score=0.000 pol=-0.0022 val=0.0509 ent=1.4659 tot=+0.0108 agnorm=0.047 cgnorm=0.097 kl=0.0022 clipf=0.018 ev=+0.379 r0=1.0000 entcoef=8.47e-03 lr=5.8e-04 seed=0
iter= 107 step= 345600 ep_ret=-238.684 opt_ret=-238.684 step_rew=-2.3868 opt_step=-2.3868 gap0=238.684 dret=+27.315 eval_ret=n/a pursuer_target_distance=2.386 capture=0.001 score=0.000 pol=-0.0030 val=0.0473 ent=1.4794 tot=+0.0082 agnorm=0.064 cgnorm=0.103 kl=0.0023 clipf=0.023 ev=+0.170 r0=1.0000 entcoef=8.46e-03 lr=5.8e-04 seed=0
iter= 108 step= 348800 ep_ret=-206.422 opt_ret=-206.422 step_rew=-2.0642 opt_step=-2.0642 gap0=206.422 dret=+59.577 eval_ret=n/a pursuer_target_distance=2.057 capture=0.000 score=0.000 pol=-0.0019 val=0.0603 ent=1.4849 tot=+0.0158 agnorm=0.046 cgnorm=0.104 kl=0.0026 clipf=0.024 ev=+0.287 r0=1.0000 entcoef=8.44e-03 lr=5.8e-04 seed=0
iter= 109 step= 352000 ep_ret=-261.243 opt_ret=-261.243 step_rew=-2.6124 opt_step=-2.6124 gap0=261.243 dret=+4.757 eval_ret=n/a pursuer_target_distance=2.609 capture=0.001 score=0.000 pol=-0.0019 val=0.0458 ent=1.4694 tot=+0.0086 agnorm=0.059 cgnorm=0.110 kl=0.0026 clipf=0.026 ev=+0.507 r0=1.0000 entcoef=8.43e-03 lr=5.8e-04 seed=0
iter= 110 step= 355200 ep_ret=-230.880 opt_ret=-230.880 step_rew=-2.3088 opt_step=-2.3088 gap0=230.880 dret=+35.120 eval_ret=n/a pursuer_target_distance=2.299 capture=0.000 score=0.000 pol=-0.0013 val=0.0650 ent=1.4520 tot=+0.0190 agnorm=0.037 cgnorm=0.105 kl=0.0017 clipf=0.007 ev=+0.474 r0=1.0000 entcoef=8.41e-03 lr=5.8e-04 seed=0
iter= 111 step= 358400 ep_ret=-242.444 opt_ret=-242.444 step_rew=-2.4244 opt_step=-2.4244 gap0=242.444 dret=+23.555 eval_ret=n/a pursuer_target_distance=2.471 capture=0.006 score=0.002 pol=-0.0022 val=0.0784 ent=1.4548 tot=+0.0248 agnorm=0.053 cgnorm=0.123 kl=0.0022 clipf=0.021 ev=+0.459 r0=1.0000 entcoef=8.40e-03 lr=5.8e-04 seed=0
iter= 112 step= 361600 ep_ret=-238.417 opt_ret=-238.417 step_rew=-2.3842 opt_step=-2.3842 gap0=238.417 dret=+27.582 eval_ret=n/a pursuer_target_distance=2.377 capture=0.000 score=0.000 pol=-0.0021 val=0.0898 ent=1.4648 tot=+0.0305 agnorm=0.047 cgnorm=0.105 kl=0.0025 clipf=0.021 ev=+0.530 r0=1.0000 entcoef=8.38e-03 lr=5.8e-04 seed=0
iter= 113 step= 364800 ep_ret=-232.618 opt_ret=-232.618 step_rew=-2.3262 opt_step=-2.3262 gap0=232.618 dret=+33.381 eval_ret=n/a pursuer_target_distance=2.322 capture=0.001 score=0.000 pol=-0.0033 val=0.0732 ent=1.4626 tot=+0.0210 agnorm=0.071 cgnorm=0.120 kl=0.0023 clipf=0.021 ev=+0.291 r0=1.0000 entcoef=8.37e-03 lr=5.8e-04 seed=0
iter= 114 step= 368000 ep_ret=-239.908 opt_ret=-239.908 step_rew=-2.3991 opt_step=-2.3991 gap0=239.908 dret=+26.091 eval_ret=n/a pursuer_target_distance=2.402 capture=0.001 score=0.000 pol=-0.0027 val=0.0730 ent=1.4510 tot=+0.0217 agnorm=0.057 cgnorm=0.116 kl=0.0028 clipf=0.029 ev=+0.234 r0=1.0000 entcoef=8.36e-03 lr=5.7e-04 seed=0
iter= 115 step= 371200 ep_ret=-228.115 opt_ret=-228.115 step_rew=-2.2811 opt_step=-2.2811 gap0=228.115 dret=+37.884 eval_ret=n/a pursuer_target_distance=2.271 capture=0.000 score=0.000 pol=-0.0023 val=0.0561 ent=1.4501 tot=+0.0137 agnorm=0.055 cgnorm=0.093 kl=0.0021 clipf=0.019 ev=+0.554 r0=1.0000 entcoef=8.34e-03 lr=5.7e-04 seed=0
iter= 116 step= 374400 ep_ret=-292.855 opt_ret=-292.855 step_rew=-2.9286 opt_step=-2.9286 gap0=292.855 dret=-26.856 eval_ret=n/a pursuer_target_distance=2.919 capture=0.000 score=0.000 pol=-0.0027 val=0.0744 ent=1.4810 tot=+0.0221 agnorm=0.084 cgnorm=0.102 kl=0.0025 clipf=0.018 ev=+0.559 r0=1.0000 entcoef=8.33e-03 lr=5.7e-04 seed=0
iter= 117 step= 377600 ep_ret=-213.649 opt_ret=-213.649 step_rew=-2.1365 opt_step=-2.1365 gap0=213.649 dret=+52.351 eval_ret=n/a pursuer_target_distance=2.126 capture=0.000 score=0.000 pol=-0.0020 val=0.0421 ent=1.4543 tot=+0.0069 agnorm=0.053 cgnorm=0.090 kl=0.0017 clipf=0.010 ev=+0.471 r0=1.0000 entcoef=8.31e-03 lr=5.7e-04 seed=0
iter= 118 step= 380800 ep_ret=-257.951 opt_ret=-257.951 step_rew=-2.5795 opt_step=-2.5795 gap0=257.951 dret=+8.048 eval_ret=n/a pursuer_target_distance=2.570 capture=0.000 score=0.000 pol=-0.0024 val=0.0429 ent=1.4679 tot=+0.0069 agnorm=0.054 cgnorm=0.078 kl=0.0022 clipf=0.019 ev=+0.610 r0=1.0000 entcoef=8.30e-03 lr=5.7e-04 seed=0
iter= 119 step= 384000 ep_ret=-234.606 opt_ret=-234.606 step_rew=-2.3461 opt_step=-2.3461 gap0=234.606 dret=+31.393 eval_ret=n/a pursuer_target_distance=2.336 capture=0.000 score=0.000 pol=-0.0023 val=0.0623 ent=1.4575 tot=+0.0168 agnorm=0.053 cgnorm=0.085 kl=0.0027 clipf=0.025 ev=+0.418 r0=1.0000 entcoef=8.28e-03 lr=5.7e-04 seed=0
iter= 120 step= 387200 ep_ret=-190.000 opt_ret=-190.000 step_rew=-1.9000 opt_step=-1.9000 gap0=190.000 dret=+75.999 eval_ret=-137.074 pursuer_target_distance=1.934 capture=0.004 score=0.001 pol=-0.0024 val=0.0563 ent=1.4565 tot=+0.0136 agnorm=0.048 cgnorm=0.097 kl=0.0019 clipf=0.013 ev=+0.474 r0=1.0000 entcoef=8.27e-03 lr=5.7e-04 seed=0
iter= 121 step= 390400 ep_ret=-244.542 opt_ret=-244.542 step_rew=-2.4454 opt_step=-2.4454 gap0=244.542 dret=+21.457 eval_ret=n/a pursuer_target_distance=2.457 capture=0.002 score=0.001 pol=-0.0023 val=0.0486 ent=1.4571 tot=+0.0100 agnorm=0.072 cgnorm=0.092 kl=0.0025 clipf=0.024 ev=+0.445 r0=1.0000 entcoef=8.25e-03 lr=5.7e-04 seed=0
iter= 122 step= 393600 ep_ret=-234.757 opt_ret=-234.757 step_rew=-2.3476 opt_step=-2.3476 gap0=234.757 dret=+31.242 eval_ret=n/a pursuer_target_distance=2.350 capture=0.001 score=0.000 pol=-0.0015 val=0.0613 ent=1.4440 tot=+0.0173 agnorm=0.045 cgnorm=0.077 kl=0.0017 clipf=0.007 ev=+0.441 r0=1.0000 entcoef=8.24e-03 lr=5.7e-04 seed=0
iter= 123 step= 396800 ep_ret=-253.746 opt_ret=-253.746 step_rew=-2.5375 opt_step=-2.5375 gap0=253.746 dret=+12.254 eval_ret=n/a pursuer_target_distance=2.527 capture=0.000 score=0.000 pol=-0.0029 val=0.0511 ent=1.4317 tot=+0.0109 agnorm=0.056 cgnorm=0.081 kl=0.0030 clipf=0.029 ev=+0.394 r0=1.0000 entcoef=8.23e-03 lr=5.6e-04 seed=0
iter= 124 step= 400000 ep_ret=-212.874 opt_ret=-212.874 step_rew=-2.1287 opt_step=-2.1287 gap0=212.874 dret=+53.125 eval_ret=n/a pursuer_target_distance=2.162 capture=0.004 score=0.001 pol=-0.0038 val=0.0752 ent=1.4302 tot=+0.0221 agnorm=0.085 cgnorm=0.090 kl=0.0042 clipf=0.047 ev=+0.378 r0=1.0000 entcoef=8.21e-03 lr=5.6e-04 seed=0
iter= 125 step= 403200 ep_ret=-241.153 opt_ret=-241.153 step_rew=-2.4115 opt_step=-2.4115 gap0=241.153 dret=+24.846 eval_ret=n/a pursuer_target_distance=2.414 capture=0.001 score=0.000 pol=-0.0024 val=0.0506 ent=1.4302 tot=+0.0111 agnorm=0.056 cgnorm=0.075 kl=0.0024 clipf=0.023 ev=+0.471 r0=1.0000 entcoef=8.20e-03 lr=5.6e-04 seed=0
iter= 126 step= 406400 ep_ret=-238.644 opt_ret=-238.644 step_rew=-2.3864 opt_step=-2.3864 gap0=238.644 dret=+27.355 eval_ret=n/a pursuer_target_distance=2.376 capture=0.000 score=0.000 pol=-0.0026 val=0.0267 ent=1.4352 tot=-0.0010 agnorm=0.065 cgnorm=0.060 kl=0.0036 clipf=0.037 ev=+0.570 r0=1.0000 entcoef=8.18e-03 lr=5.6e-04 seed=0
iter= 127 step= 409600 ep_ret=-216.266 opt_ret=-216.266 step_rew=-2.1627 opt_step=-2.1627 gap0=216.266 dret=+49.733 eval_ret=n/a pursuer_target_distance=2.181 capture=0.003 score=0.001 pol=-0.0025 val=0.0542 ent=1.4316 tot=+0.0129 agnorm=0.055 cgnorm=0.082 kl=0.0028 clipf=0.024 ev=+0.394 r0=1.0000 entcoef=8.17e-03 lr=5.6e-04 seed=0
iter= 128 step= 412800 ep_ret=-211.457 opt_ret=-211.457 step_rew=-2.1146 opt_step=-2.1146 gap0=211.457 dret=+54.542 eval_ret=n/a pursuer_target_distance=2.126 capture=0.002 score=0.001 pol=-0.0022 val=0.0414 ent=1.4487 tot=+0.0067 agnorm=0.045 cgnorm=0.077 kl=0.0017 clipf=0.013 ev=+0.446 r0=1.0000 entcoef=8.15e-03 lr=5.6e-04 seed=0
iter= 129 step= 416000 ep_ret=-260.096 opt_ret=-260.096 step_rew=-2.6010 opt_step=-2.6010 gap0=260.096 dret=+5.903 eval_ret=n/a pursuer_target_distance=2.591 capture=0.000 score=0.000 pol=-0.0024 val=0.0537 ent=1.4548 tot=+0.0127 agnorm=0.052 cgnorm=0.112 kl=0.0026 clipf=0.023 ev=+0.316 r0=1.0000 entcoef=8.14e-03 lr=5.6e-04 seed=0
iter= 130 step= 419200 ep_ret=-278.295 opt_ret=-278.295 step_rew=-2.7829 opt_step=-2.7829 gap0=278.295 dret=-12.295 eval_ret=n/a pursuer_target_distance=2.773 capture=0.000 score=0.000 pol=-0.0022 val=0.0794 ent=1.4530 tot=+0.0257 agnorm=0.057 cgnorm=0.108 kl=0.0024 clipf=0.023 ev=+0.386 r0=1.0000 entcoef=8.13e-03 lr=5.6e-04 seed=0
iter= 131 step= 422400 ep_ret=-215.140 opt_ret=-215.140 step_rew=-2.1514 opt_step=-2.1514 gap0=215.140 dret=+50.859 eval_ret=n/a pursuer_target_distance=2.166 capture=0.003 score=0.001 pol=-0.0024 val=0.0597 ent=1.4723 tot=+0.0155 agnorm=0.058 cgnorm=0.096 kl=0.0023 clipf=0.020 ev=+0.364 r0=1.0000 entcoef=8.11e-03 lr=5.6e-04 seed=0
iter= 132 step= 425600 ep_ret=-229.875 opt_ret=-229.875 step_rew=-2.2988 opt_step=-2.2988 gap0=229.875 dret=+36.124 eval_ret=n/a pursuer_target_distance=2.289 capture=0.000 score=0.000 pol=-0.0020 val=0.0672 ent=1.4565 tot=+0.0198 agnorm=0.043 cgnorm=0.107 kl=0.0020 clipf=0.017 ev=+0.328 r0=1.0000 entcoef=8.10e-03 lr=5.5e-04 seed=0
iter= 133 step= 428800 ep_ret=-249.459 opt_ret=-249.459 step_rew=-2.4946 opt_step=-2.4946 gap0=249.459 dret=+16.540 eval_ret=n/a pursuer_target_distance=2.494 capture=0.001 score=0.000 pol=-0.0029 val=0.0552 ent=1.4264 tot=+0.0132 agnorm=0.069 cgnorm=0.087 kl=0.0025 clipf=0.024 ev=+0.590 r0=1.0000 entcoef=8.08e-03 lr=5.5e-04 seed=0
iter= 134 step= 432000 ep_ret=-229.596 opt_ret=-229.596 step_rew=-2.2960 opt_step=-2.2960 gap0=229.596 dret=+36.404 eval_ret=n/a pursuer_target_distance=2.317 capture=0.003 score=0.001 pol=-0.0017 val=0.0745 ent=1.4254 tot=+0.0240 agnorm=0.059 cgnorm=0.092 kl=0.0023 clipf=0.015 ev=+0.431 r0=1.0000 entcoef=8.07e-03 lr=5.5e-04 seed=0
iter= 135 step= 435200 ep_ret=-262.675 opt_ret=-262.675 step_rew=-2.6268 opt_step=-2.6268 gap0=262.675 dret=+3.324 eval_ret=n/a pursuer_target_distance=2.617 capture=0.000 score=0.000 pol=-0.0029 val=0.0649 ent=1.4392 tot=+0.0180 agnorm=0.075 cgnorm=0.101 kl=0.0019 clipf=0.019 ev=+0.460 r0=1.0000 entcoef=8.05e-03 lr=5.5e-04 seed=0
iter= 136 step= 438400 ep_ret=-228.719 opt_ret=-228.719 step_rew=-2.2872 opt_step=-2.2872 gap0=228.719 dret=+37.280 eval_ret=n/a pursuer_target_distance=2.296 capture=0.002 score=0.001 pol=-0.0029 val=0.0724 ent=1.4412 tot=+0.0216 agnorm=0.074 cgnorm=0.095 kl=0.0034 clipf=0.034 ev=+0.266 r0=1.0000 entcoef=8.04e-03 lr=5.5e-04 seed=0
iter= 137 step= 441600 ep_ret=-217.525 opt_ret=-217.525 step_rew=-2.1753 opt_step=-2.1753 gap0=217.525 dret=+48.474 eval_ret=n/a pursuer_target_distance=2.175 capture=0.001 score=0.000 pol=-0.0021 val=0.0419 ent=1.4500 tot=+0.0072 agnorm=0.057 cgnorm=0.082 kl=0.0020 clipf=0.016 ev=+0.481 r0=1.0000 entcoef=8.02e-03 lr=5.5e-04 seed=0
iter= 138 step= 444800 ep_ret=-186.958 opt_ret=-186.958 step_rew=-1.8696 opt_step=-1.8696 gap0=186.958 dret=+79.041 eval_ret=n/a pursuer_target_distance=1.897 capture=0.004 score=0.001 pol=-0.0024 val=0.0500 ent=1.4514 tot=+0.0110 agnorm=0.065 cgnorm=0.093 kl=0.0031 clipf=0.025 ev=+0.502 r0=1.0000 entcoef=8.01e-03 lr=5.5e-04 seed=0
iter= 139 step= 448000 ep_ret=-228.929 opt_ret=-228.929 step_rew=-2.2893 opt_step=-2.2893 gap0=228.929 dret=+37.070 eval_ret=n/a pursuer_target_distance=2.292 capture=0.001 score=0.000 pol=-0.0016 val=0.0555 ent=1.4271 tot=+0.0147 agnorm=0.046 cgnorm=0.094 kl=0.0024 clipf=0.020 ev=+0.476 r0=1.0000 entcoef=8.00e-03 lr=5.5e-04 seed=0
iter= 140 step= 451200 ep_ret=-216.416 opt_ret=-216.416 step_rew=-2.1642 opt_step=-2.1642 gap0=216.416 dret=+49.583 eval_ret=-233.927 pursuer_target_distance=2.220 capture=0.007 score=0.002 pol=-0.0022 val=0.0734 ent=1.4495 tot=+0.0229 agnorm=0.052 cgnorm=0.109 kl=0.0019 clipf=0.012 ev=+0.450 r0=1.0000 entcoef=7.98e-03 lr=5.5e-04 seed=0
iter= 141 step= 454400 ep_ret=-218.830 opt_ret=-218.830 step_rew=-2.1883 opt_step=-2.1883 gap0=218.830 dret=+47.170 eval_ret=n/a pursuer_target_distance=2.178 capture=0.000 score=0.000 pol=-0.0023 val=0.0479 ent=1.4343 tot=+0.0102 agnorm=0.054 cgnorm=0.084 kl=0.0020 clipf=0.014 ev=+0.603 r0=1.0000 entcoef=7.97e-03 lr=5.4e-04 seed=0
iter= 142 step= 457600 ep_ret=-189.260 opt_ret=-189.260 step_rew=-1.8926 opt_step=-1.8926 gap0=189.260 dret=+76.739 eval_ret=n/a pursuer_target_distance=1.917 capture=0.003 score=0.001 pol=-0.0029 val=0.0415 ent=1.4639 tot=+0.0062 agnorm=0.058 cgnorm=0.078 kl=0.0026 clipf=0.023 ev=+0.537 r0=1.0000 entcoef=7.95e-03 lr=5.4e-04 seed=0
iter= 143 step= 460800 ep_ret=-210.993 opt_ret=-210.993 step_rew=-2.1099 opt_step=-2.1099 gap0=210.993 dret=+55.006 eval_ret=n/a pursuer_target_distance=2.100 capture=0.000 score=0.000 pol=-0.0019 val=0.0533 ent=1.4385 tot=+0.0133 agnorm=0.062 cgnorm=0.097 kl=0.0026 clipf=0.025 ev=+0.410 r0=1.0000 entcoef=7.94e-03 lr=5.4e-04 seed=0
iter= 144 step= 464000 ep_ret=-201.620 opt_ret=-201.620 step_rew=-2.0162 opt_step=-2.0162 gap0=201.620 dret=+64.379 eval_ret=n/a pursuer_target_distance=2.037 capture=0.003 score=0.001 pol=-0.0024 val=0.0483 ent=1.4614 tot=+0.0102 agnorm=0.060 cgnorm=0.103 kl=0.0030 clipf=0.029 ev=+0.614 r0=1.0000 entcoef=7.92e-03 lr=5.4e-04 seed=0
iter= 145 step= 467200 ep_ret=-211.648 opt_ret=-211.648 step_rew=-2.1165 opt_step=-2.1165 gap0=211.648 dret=+54.351 eval_ret=n/a pursuer_target_distance=2.131 capture=0.003 score=0.001 pol=-0.0023 val=0.0683 ent=1.4456 tot=+0.0204 agnorm=0.055 cgnorm=0.097 kl=0.0019 clipf=0.018 ev=+0.411 r0=1.0000 entcoef=7.91e-03 lr=5.4e-04 seed=0
iter= 146 step= 470400 ep_ret=-241.920 opt_ret=-241.920 step_rew=-2.4192 opt_step=-2.4192 gap0=241.920 dret=+24.079 eval_ret=n/a pursuer_target_distance=2.440 capture=0.003 score=0.001 pol=-0.0025 val=0.0570 ent=1.4493 tot=+0.0146 agnorm=0.067 cgnorm=0.089 kl=0.0018 clipf=0.016 ev=+0.520 r0=1.0000 entcoef=7.89e-03 lr=5.4e-04 seed=0
iter= 147 step= 473600 ep_ret=-210.904 opt_ret=-210.904 step_rew=-2.1090 opt_step=-2.1090 gap0=210.904 dret=+55.096 eval_ret=n/a pursuer_target_distance=2.115 capture=0.002 score=0.001 pol=-0.0028 val=0.0451 ent=1.4583 tot=+0.0083 agnorm=0.065 cgnorm=0.106 kl=0.0023 clipf=0.018 ev=+0.506 r0=1.0000 entcoef=7.88e-03 lr=5.4e-04 seed=0
iter= 148 step= 476800 ep_ret=-180.817 opt_ret=-180.817 step_rew=-1.8082 opt_step=-1.8082 gap0=180.817 dret=+85.183 eval_ret=n/a pursuer_target_distance=1.833 capture=0.003 score=0.001 pol=-0.0026 val=0.0581 ent=1.4729 tot=+0.0148 agnorm=0.069 cgnorm=0.123 kl=0.0036 clipf=0.035 ev=+0.452 r0=1.0000 entcoef=7.87e-03 lr=5.4e-04 seed=0
iter= 149 step= 480000 ep_ret=-214.715 opt_ret=-214.715 step_rew=-2.1472 opt_step=-2.1472 gap0=214.715 dret=+51.284 eval_ret=n/a pursuer_target_distance=2.181 capture=0.004 score=0.001 pol=-0.0026 val=0.0878 ent=1.4897 tot=+0.0296 agnorm=0.066 cgnorm=0.140 kl=0.0031 clipf=0.026 ev=+0.282 r0=1.0000 entcoef=7.85e-03 lr=5.4e-04 seed=0
iter= 150 step= 483200 ep_ret=-209.614 opt_ret=-209.614 step_rew=-2.0961 opt_step=-2.0961 gap0=209.614 dret=+56.385 eval_ret=n/a pursuer_target_distance=2.127 capture=0.004 score=0.001 pol=-0.0022 val=0.0730 ent=1.4757 tot=+0.0227 agnorm=0.057 cgnorm=0.114 kl=0.0022 clipf=0.015 ev=+0.389 r0=1.0000 entcoef=7.84e-03 lr=5.3e-04 seed=0
iter= 151 step= 486400 ep_ret=-224.501 opt_ret=-224.501 step_rew=-2.2450 opt_step=-2.2450 gap0=224.501 dret=+41.498 eval_ret=n/a pursuer_target_distance=2.235 capture=0.000 score=0.000 pol=-0.0021 val=0.0645 ent=1.4473 tot=+0.0188 agnorm=0.066 cgnorm=0.121 kl=0.0029 clipf=0.029 ev=+0.454 r0=1.0000 entcoef=7.82e-03 lr=5.3e-04 seed=0
iter= 152 step= 489600 ep_ret=-225.295 opt_ret=-225.295 step_rew=-2.2529 opt_step=-2.2529 gap0=225.295 dret=+40.705 eval_ret=n/a pursuer_target_distance=2.259 capture=0.002 score=0.000 pol=-0.0026 val=0.0723 ent=1.4497 tot=+0.0222 agnorm=0.059 cgnorm=0.115 kl=0.0034 clipf=0.032 ev=+0.419 r0=1.0000 entcoef=7.81e-03 lr=5.3e-04 seed=0
iter= 153 step= 492800 ep_ret=-214.207 opt_ret=-214.207 step_rew=-2.1421 opt_step=-2.1421 gap0=214.207 dret=+51.792 eval_ret=n/a pursuer_target_distance=2.132 capture=0.000 score=0.000 pol=-0.0026 val=0.0367 ent=1.4456 tot=+0.0046 agnorm=0.051 cgnorm=0.084 kl=0.0017 clipf=0.010 ev=+0.606 r0=1.0000 entcoef=7.79e-03 lr=5.3e-04 seed=0
iter= 154 step= 496000 ep_ret=-220.065 opt_ret=-220.065 step_rew=-2.2006 opt_step=-2.2006 gap0=220.065 dret=+45.934 eval_ret=n/a pursuer_target_distance=2.194 capture=0.000 score=0.000 pol=-0.0016 val=0.0730 ent=1.4497 tot=+0.0236 agnorm=0.062 cgnorm=0.120 kl=0.0026 clipf=0.024 ev=+0.576 r0=1.0000 entcoef=7.78e-03 lr=5.3e-04 seed=0
iter= 155 step= 499200 ep_ret=-217.477 opt_ret=-217.477 step_rew=-2.1748 opt_step=-2.1748 gap0=217.477 dret=+48.522 eval_ret=n/a pursuer_target_distance=2.190 capture=0.003 score=0.001 pol=-0.0023 val=0.0573 ent=1.4513 tot=+0.0151 agnorm=0.068 cgnorm=0.107 kl=0.0025 clipf=0.019 ev=+0.527 r0=1.0000 entcoef=7.76e-03 lr=5.3e-04 seed=0
iter= 156 step= 502400 ep_ret=-208.990 opt_ret=-208.990 step_rew=-2.0899 opt_step=-2.0899 gap0=208.990 dret=+57.009 eval_ret=n/a pursuer_target_distance=2.130 capture=0.005 score=0.002 pol=-0.0018 val=0.1080 ent=1.4054 tot=+0.0413 agnorm=0.055 cgnorm=0.129 kl=0.0030 clipf=0.029 ev=+0.592 r0=1.0000 entcoef=7.75e-03 lr=5.3e-04 seed=0
iter= 157 step= 505600 ep_ret=-229.092 opt_ret=-229.092 step_rew=-2.2909 opt_step=-2.2909 gap0=229.092 dret=+36.907 eval_ret=n/a pursuer_target_distance=2.281 capture=0.000 score=0.000 pol=-0.0018 val=0.0614 ent=1.4377 tot=+0.0178 agnorm=0.081 cgnorm=0.098 kl=0.0019 clipf=0.015 ev=+0.609 r0=1.0000 entcoef=7.74e-03 lr=5.3e-04 seed=0
iter= 158 step= 508800 ep_ret=-171.029 opt_ret=-171.029 step_rew=-1.7103 opt_step=-1.7103 gap0=171.029 dret=+94.970 eval_ret=n/a pursuer_target_distance=1.922 capture=0.022 score=0.008 pol=-0.0020 val=0.1419 ent=1.4381 tot=+0.0579 agnorm=0.046 cgnorm=0.169 kl=0.0016 clipf=0.013 ev=+0.309 r0=1.0000 entcoef=7.72e-03 lr=5.3e-04 seed=0
iter= 159 step= 512000 ep_ret=-243.390 opt_ret=-243.390 step_rew=-2.4339 opt_step=-2.4339 gap0=243.390 dret=+22.609 eval_ret=n/a pursuer_target_distance=2.458 capture=0.003 score=0.001 pol=-0.0020 val=0.0829 ent=1.4354 tot=+0.0283 agnorm=0.043 cgnorm=0.138 kl=0.0019 clipf=0.015 ev=+0.610 r0=1.0000 entcoef=7.71e-03 lr=5.2e-04 seed=0
iter= 160 step= 515200 ep_ret=-248.805 opt_ret=-248.805 step_rew=-2.4880 opt_step=-2.4880 gap0=248.805 dret=+17.194 eval_ret=-182.794 pursuer_target_distance=2.478 capture=0.000 score=0.000 pol=-0.0023 val=0.0541 ent=1.4251 tot=+0.0137 agnorm=0.049 cgnorm=0.093 kl=0.0020 clipf=0.014 ev=+0.738 r0=1.0000 entcoef=7.69e-03 lr=5.2e-04 seed=0
iter= 161 step= 518400 ep_ret=-204.201 opt_ret=-204.201 step_rew=-2.0420 opt_step=-2.0420 gap0=204.201 dret=+61.799 eval_ret=n/a pursuer_target_distance=2.032 capture=0.000 score=0.000 pol=-0.0020 val=0.0426 ent=1.4507 tot=+0.0082 agnorm=0.048 cgnorm=0.091 kl=0.0013 clipf=0.004 ev=+0.753 r0=1.0000 entcoef=7.68e-03 lr=5.2e-04 seed=0
iter= 162 step= 521600 ep_ret=-180.656 opt_ret=-180.656 step_rew=-1.8066 opt_step=-1.8066 gap0=180.656 dret=+85.343 eval_ret=n/a pursuer_target_distance=1.797 capture=0.000 score=0.000 pol=-0.0021 val=0.0366 ent=1.4237 tot=+0.0052 agnorm=0.049 cgnorm=0.099 kl=0.0015 clipf=0.012 ev=+0.756 r0=1.0000 entcoef=7.66e-03 lr=5.2e-04 seed=0
iter= 163 step= 524800 ep_ret=-191.071 opt_ret=-191.071 step_rew=-1.9107 opt_step=-1.9107 gap0=191.071 dret=+74.928 eval_ret=n/a pursuer_target_distance=1.960 capture=0.006 score=0.002 pol=-0.0021 val=0.0694 ent=1.4034 tot=+0.0219 agnorm=0.049 cgnorm=0.122 kl=0.0022 clipf=0.019 ev=+0.564 r0=1.0000 entcoef=7.65e-03 lr=5.2e-04 seed=0
iter= 164 step= 528000 ep_ret=-186.670 opt_ret=-186.670 step_rew=-1.8667 opt_step=-1.8667 gap0=186.670 dret=+79.329 eval_ret=n/a pursuer_target_distance=1.857 capture=0.000 score=0.000 pol=-0.0025 val=0.0350 ent=1.4287 tot=+0.0041 agnorm=0.062 cgnorm=0.098 kl=0.0032 clipf=0.034 ev=+0.839 r0=1.0000 entcoef=7.63e-03 lr=5.2e-04 seed=0
iter= 165 step= 531200 ep_ret=-221.495 opt_ret=-221.495 step_rew=-2.2149 opt_step=-2.2149 gap0=221.495 dret=+44.505 eval_ret=n/a pursuer_target_distance=2.246 capture=0.004 score=0.001 pol=-0.0019 val=0.0714 ent=1.4072 tot=+0.0231 agnorm=0.042 cgnorm=0.127 kl=0.0016 clipf=0.011 ev=+0.635 r0=1.0000 entcoef=7.62e-03 lr=5.2e-04 seed=0
iter= 166 step= 534400 ep_ret=-242.717 opt_ret=-242.717 step_rew=-2.4272 opt_step=-2.4272 gap0=242.717 dret=+23.282 eval_ret=n/a pursuer_target_distance=2.423 capture=0.001 score=0.000 pol=-0.0019 val=0.0750 ent=1.4275 tot=+0.0248 agnorm=0.052 cgnorm=0.108 kl=0.0017 clipf=0.010 ev=+0.587 r0=1.0000 entcoef=7.61e-03 lr=5.2e-04 seed=0
iter= 167 step= 537600 ep_ret=-184.633 opt_ret=-184.633 step_rew=-1.8463 opt_step=-1.8463 gap0=184.633 dret=+81.366 eval_ret=n/a pursuer_target_distance=1.858 capture=0.002 score=0.001 pol=-0.0024 val=0.0518 ent=1.3635 tot=+0.0131 agnorm=0.051 cgnorm=0.107 kl=0.0026 clipf=0.019 ev=+0.638 r0=1.0000 entcoef=7.59e-03 lr=5.2e-04 seed=0
iter= 168 step= 540800 ep_ret=-217.178 opt_ret=-217.178 step_rew=-2.1718 opt_step=-2.1718 gap0=217.178 dret=+48.821 eval_ret=n/a pursuer_target_distance=2.206 capture=0.004 score=0.001 pol=-0.0021 val=0.0797 ent=1.3272 tot=+0.0277 agnorm=0.058 cgnorm=0.124 kl=0.0021 clipf=0.015 ev=+0.465 r0=1.0000 entcoef=7.58e-03 lr=5.1e-04 seed=0
iter= 169 step= 544000 ep_ret=-212.847 opt_ret=-212.847 step_rew=-2.1285 opt_step=-2.1285 gap0=212.847 dret=+53.153 eval_ret=n/a pursuer_target_distance=2.156 capture=0.004 score=0.001 pol=-0.0020 val=0.0567 ent=1.3438 tot=+0.0162 agnorm=0.057 cgnorm=0.131 kl=0.0022 clipf=0.020 ev=+0.564 r0=1.0000 entcoef=7.56e-03 lr=5.1e-04 seed=0
iter= 170 step= 547200 ep_ret=-193.514 opt_ret=-193.514 step_rew=-1.9351 opt_step=-1.9351 gap0=193.514 dret=+72.485 eval_ret=n/a pursuer_target_distance=1.925 capture=0.000 score=0.000 pol=-0.0019 val=0.0441 ent=1.4198 tot=+0.0094 agnorm=0.057 cgnorm=0.104 kl=0.0024 clipf=0.020 ev=+0.660 r0=1.0000 entcoef=7.55e-03 lr=5.1e-04 seed=0
iter= 171 step= 550400 ep_ret=-238.598 opt_ret=-238.598 step_rew=-2.3860 opt_step=-2.3860 gap0=238.598 dret=+27.401 eval_ret=n/a pursuer_target_distance=2.410 capture=0.003 score=0.001 pol=-0.0021 val=0.0837 ent=1.4114 tot=+0.0291 agnorm=0.067 cgnorm=0.133 kl=0.0025 clipf=0.022 ev=+0.527 r0=1.0000 entcoef=7.53e-03 lr=5.1e-04 seed=0
iter= 172 step= 553600 ep_ret=-203.042 opt_ret=-203.042 step_rew=-2.0304 opt_step=-2.0304 gap0=203.042 dret=+62.957 eval_ret=n/a pursuer_target_distance=2.045 capture=0.003 score=0.001 pol=-0.0022 val=0.0428 ent=1.3695 tot=+0.0089 agnorm=0.061 cgnorm=0.112 kl=0.0025 clipf=0.020 ev=+0.675 r0=1.0000 entcoef=7.52e-03 lr=5.1e-04 seed=0
iter= 173 step= 556800 ep_ret=-190.621 opt_ret=-190.621 step_rew=-1.9062 opt_step=-1.9062 gap0=190.621 dret=+75.379 eval_ret=n/a pursuer_target_distance=1.927 capture=0.003 score=0.001 pol=-0.0014 val=0.0460 ent=1.2980 tot=+0.0118 agnorm=0.043 cgnorm=0.100 kl=0.0019 clipf=0.018 ev=+0.718 r0=1.0000 entcoef=7.50e-03 lr=5.1e-04 seed=0
iter= 174 step= 560000 ep_ret=-182.578 opt_ret=-182.578 step_rew=-1.8258 opt_step=-1.8258 gap0=182.578 dret=+83.421 eval_ret=n/a pursuer_target_distance=1.891 capture=0.007 score=0.003 pol=-0.0027 val=0.0559 ent=1.4005 tot=+0.0147 agnorm=0.064 cgnorm=0.118 kl=0.0022 clipf=0.018 ev=+0.690 r0=1.0000 entcoef=7.49e-03 lr=5.1e-04 seed=0
iter= 175 step= 563200 ep_ret=-233.481 opt_ret=-233.481 step_rew=-2.3348 opt_step=-2.3348 gap0=233.481 dret=+32.518 eval_ret=n/a pursuer_target_distance=2.347 capture=0.002 score=0.001 pol=-0.0023 val=0.0605 ent=1.3668 tot=+0.0177 agnorm=0.065 cgnorm=0.139 kl=0.0026 clipf=0.027 ev=+0.801 r0=1.0000 entcoef=7.48e-03 lr=5.1e-04 seed=0
iter= 176 step= 566400 ep_ret=-224.739 opt_ret=-224.739 step_rew=-2.2474 opt_step=-2.2474 gap0=224.739 dret=+41.261 eval_ret=n/a pursuer_target_distance=2.244 capture=0.001 score=0.000 pol=-0.0028 val=0.0724 ent=1.3860 tot=+0.0231 agnorm=0.068 cgnorm=0.165 kl=0.0030 clipf=0.034 ev=+0.438 r0=1.0000 entcoef=7.46e-03 lr=5.1e-04 seed=0
iter= 177 step= 569600 ep_ret=-228.179 opt_ret=-228.179 step_rew=-2.2818 opt_step=-2.2818 gap0=228.179 dret=+37.820 eval_ret=n/a pursuer_target_distance=2.272 capture=0.000 score=0.000 pol=-0.0023 val=0.0484 ent=1.3999 tot=+0.0115 agnorm=0.056 cgnorm=0.104 kl=0.0028 clipf=0.028 ev=+0.645 r0=1.0000 entcoef=7.45e-03 lr=5.0e-04 seed=0
iter= 178 step= 572800 ep_ret=-204.467 opt_ret=-204.467 step_rew=-2.0447 opt_step=-2.0447 gap0=204.467 dret=+61.533 eval_ret=n/a pursuer_target_distance=2.047 capture=0.001 score=0.000 pol=-0.0021 val=0.0556 ent=1.3936 tot=+0.0154 agnorm=0.055 cgnorm=0.122 kl=0.0015 clipf=0.011 ev=+0.739 r0=1.0000 entcoef=7.43e-03 lr=5.0e-04 seed=0
iter= 179 step= 576000 ep_ret=-231.394 opt_ret=-231.394 step_rew=-2.3139 opt_step=-2.3139 gap0=231.394 dret=+34.606 eval_ret=n/a pursuer_target_distance=2.304 capture=0.000 score=0.000 pol=-0.0024 val=0.0657 ent=1.3931 tot=+0.0201 agnorm=0.078 cgnorm=0.111 kl=0.0027 clipf=0.022 ev=+0.681 r0=1.0000 entcoef=7.42e-03 lr=5.0e-04 seed=0
iter= 180 step= 579200 ep_ret=-198.536 opt_ret=-198.536 step_rew=-1.9854 opt_step=-1.9854 gap0=198.536 dret=+67.463 eval_ret=-184.137 pursuer_target_distance=2.016 capture=0.004 score=0.001 pol=-0.0020 val=0.0652 ent=1.4206 tot=+0.0200 agnorm=0.064 cgnorm=0.144 kl=0.0019 clipf=0.013 ev=+0.544 r0=1.0000 entcoef=7.40e-03 lr=5.0e-04 seed=0
iter= 181 step= 582400 ep_ret=-178.510 opt_ret=-178.510 step_rew=-1.7851 opt_step=-1.7851 gap0=178.510 dret=+87.489 eval_ret=n/a pursuer_target_distance=1.781 capture=0.001 score=0.000 pol=-0.0028 val=0.0366 ent=1.4602 tot=+0.0048 agnorm=0.068 cgnorm=0.109 kl=0.0037 clipf=0.040 ev=+0.722 r0=1.0000 entcoef=7.39e-03 lr=5.0e-04 seed=0
iter= 182 step= 585600 ep_ret=-176.234 opt_ret=-176.234 step_rew=-1.7623 opt_step=-1.7623 gap0=176.234 dret=+89.765 eval_ret=n/a pursuer_target_distance=1.768 capture=0.002 score=0.001 pol=-0.0025 val=0.0576 ent=1.4576 tot=+0.0156 agnorm=0.063 cgnorm=0.116 kl=0.0022 clipf=0.019 ev=+0.548 r0=1.0000 entcoef=7.37e-03 lr=5.0e-04 seed=0
iter= 183 step= 588800 ep_ret=-199.561 opt_ret=-199.561 step_rew=-1.9956 opt_step=-1.9956 gap0=199.561 dret=+66.438 eval_ret=n/a pursuer_target_distance=1.992 capture=0.001 score=0.000 pol=-0.0018 val=0.1159 ent=1.4355 tot=+0.0456 agnorm=0.054 cgnorm=0.150 kl=0.0024 clipf=0.023 ev=+0.516 r0=1.0000 entcoef=7.36e-03 lr=5.0e-04 seed=0
iter= 184 step= 592000 ep_ret=-203.079 opt_ret=-203.079 step_rew=-2.0308 opt_step=-2.0308 gap0=203.079 dret=+62.920 eval_ret=n/a pursuer_target_distance=2.040 capture=0.002 score=0.001 pol=-0.0031 val=0.0683 ent=1.3945 tot=+0.0208 agnorm=0.071 cgnorm=0.155 kl=0.0030 clipf=0.029 ev=+0.579 r0=1.0000 entcoef=7.35e-03 lr=5.0e-04 seed=0
iter= 185 step= 595200 ep_ret=-213.244 opt_ret=-213.244 step_rew=-2.1324 opt_step=-2.1324 gap0=213.244 dret=+52.755 eval_ret=n/a pursuer_target_distance=2.135 capture=0.001 score=0.000 pol=-0.0024 val=0.0494 ent=1.4029 tot=+0.0120 agnorm=0.060 cgnorm=0.117 kl=0.0034 clipf=0.031 ev=+0.696 r0=1.0000 entcoef=7.33e-03 lr=5.0e-04 seed=0
iter= 186 step= 598400 ep_ret=-185.272 opt_ret=-185.272 step_rew=-1.8527 opt_step=-1.8527 gap0=185.272 dret=+80.727 eval_ret=n/a pursuer_target_distance=1.865 capture=0.002 score=0.001 pol=-0.0019 val=0.0364 ent=1.3762 tot=+0.0062 agnorm=0.058 cgnorm=0.094 kl=0.0019 clipf=0.013 ev=+0.622 r0=1.0000 entcoef=7.32e-03 lr=4.9e-04 seed=0
iter= 187 step= 601600 ep_ret=-195.104 opt_ret=-195.104 step_rew=-1.9510 opt_step=-1.9510 gap0=195.104 dret=+70.895 eval_ret=n/a pursuer_target_distance=1.947 capture=0.001 score=0.000 pol=-0.0019 val=0.0457 ent=1.3322 tot=+0.0112 agnorm=0.068 cgnorm=0.104 kl=0.0030 clipf=0.022 ev=+0.728 r0=1.0000 entcoef=7.30e-03 lr=4.9e-04 seed=0
iter= 188 step= 604800 ep_ret=-181.630 opt_ret=-181.630 step_rew=-1.8163 opt_step=-1.8163 gap0=181.630 dret=+84.369 eval_ret=n/a pursuer_target_distance=1.972 capture=0.017 score=0.006 pol=-0.0020 val=0.0897 ent=1.3415 tot=+0.0331 agnorm=0.046 cgnorm=0.142 kl=0.0017 clipf=0.011 ev=+0.607 r0=1.0000 entcoef=7.29e-03 lr=4.9e-04 seed=0
iter= 189 step= 608000 ep_ret=-221.422 opt_ret=-221.422 step_rew=-2.2142 opt_step=-2.2142 gap0=221.422 dret=+44.577 eval_ret=n/a pursuer_target_distance=2.204 capture=0.000 score=0.000 pol=-0.0020 val=0.0734 ent=1.3378 tot=+0.0250 agnorm=0.063 cgnorm=0.135 kl=0.0020 clipf=0.017 ev=+0.741 r0=1.0000 entcoef=7.27e-03 lr=4.9e-04 seed=0
iter= 190 step= 611200 ep_ret=-167.909 opt_ret=-167.909 step_rew=-1.6791 opt_step=-1.6791 gap0=167.909 dret=+98.090 eval_ret=n/a pursuer_target_distance=1.713 capture=0.004 score=0.002 pol=-0.0021 val=0.0575 ent=1.3545 tot=+0.0169 agnorm=0.061 cgnorm=0.141 kl=0.0017 clipf=0.012 ev=+0.626 r0=1.0000 entcoef=7.26e-03 lr=4.9e-04 seed=0
iter= 191 step= 614400 ep_ret=-211.653 opt_ret=-211.653 step_rew=-2.1165 opt_step=-2.1165 gap0=211.653 dret=+54.346 eval_ret=n/a pursuer_target_distance=2.107 capture=0.000 score=0.000 pol=-0.0031 val=0.0465 ent=1.3219 tot=+0.0106 agnorm=0.063 cgnorm=0.121 kl=0.0029 clipf=0.023 ev=+0.736 r0=1.0000 entcoef=7.25e-03 lr=4.9e-04 seed=0
iter= 192 step= 617600 ep_ret=-198.209 opt_ret=-198.209 step_rew=-1.9821 opt_step=-1.9821 gap0=198.209 dret=+67.790 eval_ret=n/a pursuer_target_distance=1.972 capture=0.000 score=0.000 pol=-0.0016 val=0.0341 ent=1.3145 tot=+0.0059 agnorm=0.051 cgnorm=0.091 kl=0.0028 clipf=0.025 ev=+0.819 r0=1.0000 entcoef=7.23e-03 lr=4.9e-04 seed=0
iter= 193 step= 620800 ep_ret=-217.343 opt_ret=-217.343 step_rew=-2.1734 opt_step=-2.1734 gap0=217.343 dret=+48.656 eval_ret=n/a pursuer_target_distance=2.173 capture=0.001 score=0.000 pol=-0.0020 val=0.0427 ent=1.3009 tot=+0.0100 agnorm=0.079 cgnorm=0.119 kl=0.0022 clipf=0.018 ev=+0.788 r0=1.0000 entcoef=7.22e-03 lr=4.9e-04 seed=0
iter= 194 step= 624000 ep_ret=-221.842 opt_ret=-221.842 step_rew=-2.2184 opt_step=-2.2184 gap0=221.842 dret=+44.157 eval_ret=n/a pursuer_target_distance=2.218 capture=0.001 score=0.000 pol=-0.0021 val=0.0488 ent=1.3502 tot=+0.0126 agnorm=0.058 cgnorm=0.126 kl=0.0029 clipf=0.029 ev=+0.814 r0=1.0000 entcoef=7.20e-03 lr=4.9e-04 seed=0
iter= 195 step= 627200 ep_ret=-193.572 opt_ret=-193.572 step_rew=-1.9357 opt_step=-1.9357 gap0=193.572 dret=+72.428 eval_ret=n/a pursuer_target_distance=1.926 capture=0.000 score=0.000 pol=-0.0024 val=0.0349 ent=1.3356 tot=+0.0055 agnorm=0.052 cgnorm=0.095 kl=0.0019 clipf=0.017 ev=+0.811 r0=1.0000 entcoef=7.19e-03 lr=4.8e-04 seed=0
iter= 196 step= 630400 ep_ret=-192.369 opt_ret=-192.369 step_rew=-1.9237 opt_step=-1.9237 gap0=192.369 dret=+73.630 eval_ret=n/a pursuer_target_distance=1.961 capture=0.005 score=0.002 pol=-0.0021 val=0.0672 ent=1.3689 tot=+0.0217 agnorm=0.054 cgnorm=0.132 kl=0.0022 clipf=0.018 ev=+0.754 r0=1.0000 entcoef=7.17e-03 lr=4.8e-04 seed=0
iter= 197 step= 633600 ep_ret=-172.238 opt_ret=-172.238 step_rew=-1.7224 opt_step=-1.7224 gap0=172.238 dret=+93.761 eval_ret=n/a pursuer_target_distance=1.753 capture=0.004 score=0.001 pol=-0.0025 val=0.0449 ent=1.3776 tot=+0.0101 agnorm=0.076 cgnorm=0.113 kl=0.0026 clipf=0.021 ev=+0.808 r0=1.0000 entcoef=7.16e-03 lr=4.8e-04 seed=0
iter= 198 step= 636800 ep_ret=-203.420 opt_ret=-203.420 step_rew=-2.0342 opt_step=-2.0342 gap0=203.420 dret=+62.580 eval_ret=n/a pursuer_target_distance=2.046 capture=0.002 score=0.001 pol=-0.0019 val=0.0612 ent=1.3896 tot=+0.0188 agnorm=0.059 cgnorm=0.121 kl=0.0024 clipf=0.018 ev=+0.738 r0=1.0000 entcoef=7.14e-03 lr=4.8e-04 seed=0
iter= 199 step= 640000 ep_ret=-182.949 opt_ret=-182.949 step_rew=-1.8295 opt_step=-1.8295 gap0=182.949 dret=+83.050 eval_ret=n/a pursuer_target_distance=1.866 capture=0.005 score=0.002 pol=-0.0016 val=0.0631 ent=1.3515 tot=+0.0203 agnorm=0.053 cgnorm=0.144 kl=0.0019 clipf=0.012 ev=+0.728 r0=1.0000 entcoef=7.13e-03 lr=4.8e-04 seed=0
iter= 200 step= 643200 ep_ret=-215.616 opt_ret=-215.616 step_rew=-2.1562 opt_step=-2.1562 gap0=215.616 dret=+50.383 eval_ret=-140.184 pursuer_target_distance=2.146 capture=0.000 score=0.000 pol=-0.0026 val=0.0466 ent=1.4004 tot=+0.0107 agnorm=0.078 cgnorm=0.112 kl=0.0022 clipf=0.022 ev=+0.821 r0=1.0000 entcoef=7.12e-03 lr=4.8e-04 seed=0
iter= 201 step= 646400 ep_ret=-174.232 opt_ret=-174.232 step_rew=-1.7423 opt_step=-1.7423 gap0=174.232 dret=+91.767 eval_ret=n/a pursuer_target_distance=1.767 capture=0.003 score=0.001 pol=-0.0016 val=0.0472 ent=1.3839 tot=+0.0121 agnorm=0.049 cgnorm=0.114 kl=0.0017 clipf=0.013 ev=+0.825 r0=1.0000 entcoef=7.10e-03 lr=4.8e-04 seed=0
iter= 202 step= 649600 ep_ret=-198.710 opt_ret=-198.710 step_rew=-1.9871 opt_step=-1.9871 gap0=198.710 dret=+67.289 eval_ret=n/a pursuer_target_distance=2.008 capture=0.003 score=0.001 pol=-0.0016 val=0.0371 ent=1.4082 tot=+0.0070 agnorm=0.045 cgnorm=0.114 kl=0.0012 clipf=0.007 ev=+0.841 r0=1.0000 entcoef=7.09e-03 lr=4.8e-04 seed=0
iter= 203 step= 652800 ep_ret=-186.242 opt_ret=-186.242 step_rew=-1.8624 opt_step=-1.8624 gap0=186.242 dret=+79.757 eval_ret=n/a pursuer_target_distance=1.887 capture=0.003 score=0.001 pol=-0.0022 val=0.0365 ent=1.4018 tot=+0.0062 agnorm=0.063 cgnorm=0.087 kl=0.0022 clipf=0.025 ev=+0.872 r0=1.0000 entcoef=7.07e-03 lr=4.8e-04 seed=0
iter= 204 step= 656000 ep_ret=-202.408 opt_ret=-202.408 step_rew=-2.0241 opt_step=-2.0241 gap0=202.408 dret=+63.591 eval_ret=n/a pursuer_target_distance=2.027 capture=0.001 score=0.000 pol=-0.0025 val=0.0743 ent=1.3513 tot=+0.0251 agnorm=0.073 cgnorm=0.152 kl=0.0029 clipf=0.023 ev=+0.694 r0=1.0000 entcoef=7.06e-03 lr=4.7e-04 seed=0
iter= 205 step= 659200 ep_ret=-204.561 opt_ret=-204.561 step_rew=-2.0456 opt_step=-2.0456 gap0=204.561 dret=+61.438 eval_ret=n/a pursuer_target_distance=2.051 capture=0.002 score=0.001 pol=-0.0020 val=0.0513 ent=1.3619 tot=+0.0141 agnorm=0.058 cgnorm=0.117 kl=0.0026 clipf=0.021 ev=+0.839 r0=1.0000 entcoef=7.04e-03 lr=4.7e-04 seed=0
iter= 206 step= 662400 ep_ret=-159.402 opt_ret=-159.402 step_rew=-1.5940 opt_step=-1.5940 gap0=159.402 dret=+106.597 eval_ret=n/a pursuer_target_distance=1.703 capture=0.012 score=0.004 pol=-0.0018 val=0.0728 ent=1.3235 tot=+0.0253 agnorm=0.050 cgnorm=0.135 kl=0.0016 clipf=0.014 ev=+0.740 r0=1.0000 entcoef=7.03e-03 lr=4.7e-04 seed=0
iter= 207 step= 665600 ep_ret=-221.123 opt_ret=-221.123 step_rew=-2.2112 opt_step=-2.2112 gap0=221.123 dret=+44.876 eval_ret=n/a pursuer_target_distance=2.204 capture=0.000 score=0.000 pol=-0.0022 val=0.0494 ent=1.3693 tot=+0.0129 agnorm=0.063 cgnorm=0.145 kl=0.0024 clipf=0.025 ev=+0.773 r0=1.0000 entcoef=7.01e-03 lr=4.7e-04 seed=0
iter= 208 step= 668800 ep_ret=-218.040 opt_ret=-218.040 step_rew=-2.1804 opt_step=-2.1804 gap0=218.040 dret=+47.959 eval_ret=n/a pursuer_target_distance=2.217 capture=0.005 score=0.001 pol=-0.0018 val=0.0616 ent=1.3769 tot=+0.0193 agnorm=0.060 cgnorm=0.168 kl=0.0024 clipf=0.020 ev=+0.824 r0=1.0000 entcoef=7.00e-03 lr=4.7e-04 seed=0
iter= 209 step= 672000 ep_ret=-204.115 opt_ret=-204.115 step_rew=-2.0411 opt_step=-2.0411 gap0=204.115 dret=+61.885 eval_ret=n/a pursuer_target_distance=2.034 capture=0.000 score=0.000 pol=-0.0014 val=0.0479 ent=1.3971 tot=+0.0128 agnorm=0.054 cgnorm=0.110 kl=0.0018 clipf=0.014 ev=+0.819 r0=1.0000 entcoef=6.99e-03 lr=4.7e-04 seed=0
iter= 210 step= 675200 ep_ret=-198.701 opt_ret=-198.701 step_rew=-1.9870 opt_step=-1.9870 gap0=198.701 dret=+67.299 eval_ret=n/a pursuer_target_distance=2.061 capture=0.008 score=0.003 pol=-0.0027 val=0.0608 ent=1.4012 tot=+0.0180 agnorm=0.068 cgnorm=0.132 kl=0.0022 clipf=0.015 ev=+0.760 r0=1.0000 entcoef=6.97e-03 lr=4.7e-04 seed=0
iter= 211 step= 678400 ep_ret=-144.295 opt_ret=-144.295 step_rew=-1.4429 opt_step=-1.4429 gap0=144.295 dret=+121.704 eval_ret=n/a pursuer_target_distance=1.545 capture=0.011 score=0.004 pol=-0.0016 val=0.0645 ent=1.3822 tot=+0.0211 agnorm=0.066 cgnorm=0.163 kl=0.0028 clipf=0.021 ev=+0.723 r0=1.0000 entcoef=6.96e-03 lr=4.7e-04 seed=0
iter= 212 step= 681600 ep_ret=-202.322 opt_ret=-202.322 step_rew=-2.0232 opt_step=-2.0232 gap0=202.322 dret=+63.677 eval_ret=n/a pursuer_target_distance=2.026 capture=0.001 score=0.000 pol=-0.0021 val=0.0427 ent=1.3709 tot=+0.0098 agnorm=0.066 cgnorm=0.128 kl=0.0017 clipf=0.012 ev=+0.844 r0=1.0000 entcoef=6.94e-03 lr=4.7e-04 seed=0
iter= 213 step= 684800 ep_ret=-181.535 opt_ret=-181.535 step_rew=-1.8153 opt_step=-1.8153 gap0=181.535 dret=+84.465 eval_ret=n/a pursuer_target_distance=1.896 capture=0.009 score=0.003 pol=-0.0032 val=0.0648 ent=1.3844 tot=+0.0196 agnorm=0.099 cgnorm=0.121 kl=0.0043 clipf=0.048 ev=+0.805 r0=1.0000 entcoef=6.93e-03 lr=4.6e-04 seed=0
iter= 214 step= 688000 ep_ret=-219.629 opt_ret=-219.629 step_rew=-2.1963 opt_step=-2.1963 gap0=219.629 dret=+46.370 eval_ret=n/a pursuer_target_distance=2.186 capture=0.000 score=0.000 pol=-0.0019 val=0.0425 ent=1.3601 tot=+0.0100 agnorm=0.071 cgnorm=0.101 kl=0.0034 clipf=0.025 ev=+0.844 r0=1.0000 entcoef=6.91e-03 lr=4.6e-04 seed=0
iter= 215 step= 691200 ep_ret=-130.709 opt_ret=-130.709 step_rew=-1.3071 opt_step=-1.3071 gap0=130.709 dret=+135.290 eval_ret=n/a pursuer_target_distance=1.444 capture=0.015 score=0.006 pol=-0.0017 val=0.0595 ent=1.3595 tot=+0.0186 agnorm=0.048 cgnorm=0.135 kl=0.0017 clipf=0.013 ev=+0.735 r0=1.0000 entcoef=6.90e-03 lr=4.6e-04 seed=0
iter= 216 step= 694400 ep_ret=-168.307 opt_ret=-168.307 step_rew=-1.6831 opt_step=-1.6831 gap0=168.307 dret=+97.693 eval_ret=n/a pursuer_target_distance=1.676 capture=0.000 score=0.000 pol=-0.0023 val=0.0212 ent=1.3439 tot=-0.0009 agnorm=0.056 cgnorm=0.073 kl=0.0021 clipf=0.018 ev=+0.895 r0=1.0000 entcoef=6.88e-03 lr=4.6e-04 seed=0
iter= 217 step= 697600 ep_ret=-135.511 opt_ret=-135.511 step_rew=-1.3551 opt_step=-1.3551 gap0=135.511 dret=+130.488 eval_ret=n/a pursuer_target_distance=1.386 capture=0.004 score=0.002 pol=-0.0027 val=0.0275 ent=1.3319 tot=+0.0020 agnorm=0.059 cgnorm=0.096 kl=0.0021 clipf=0.017 ev=+0.802 r0=1.0000 entcoef=6.87e-03 lr=4.6e-04 seed=0
iter= 218 step= 700800 ep_ret=-170.241 opt_ret=-170.241 step_rew=-1.7024 opt_step=-1.7024 gap0=170.241 dret=+95.758 eval_ret=n/a pursuer_target_distance=1.805 capture=0.011 score=0.004 pol=-0.0024 val=0.0481 ent=1.3040 tot=+0.0127 agnorm=0.055 cgnorm=0.110 kl=0.0026 clipf=0.023 ev=+0.856 r0=1.0000 entcoef=6.86e-03 lr=4.6e-04 seed=0
iter= 219 step= 704000 ep_ret=-175.767 opt_ret=-175.767 step_rew=-1.7577 opt_step=-1.7577 gap0=175.767 dret=+90.233 eval_ret=n/a pursuer_target_distance=1.801 capture=0.005 score=0.002 pol=-0.0018 val=0.0492 ent=1.2445 tot=+0.0143 agnorm=0.055 cgnorm=0.103 kl=0.0020 clipf=0.014 ev=+0.819 r0=1.0000 entcoef=6.84e-03 lr=4.6e-04 seed=0
iter= 220 step= 707200 ep_ret=-142.651 opt_ret=-142.651 step_rew=-1.4265 opt_step=-1.4265 gap0=142.651 dret=+123.348 eval_ret=-139.035 pursuer_target_distance=1.454 capture=0.004 score=0.002 pol=-0.0020 val=0.0251 ent=1.2522 tot=+0.0020 agnorm=0.052 cgnorm=0.101 kl=0.0022 clipf=0.018 ev=+0.846 r0=1.0000 entcoef=6.83e-03 lr=4.6e-04 seed=0
iter= 221 step= 710400 ep_ret=-169.186 opt_ret=-169.186 step_rew=-1.6919 opt_step=-1.6919 gap0=169.186 dret=+96.813 eval_ret=n/a pursuer_target_distance=1.697 capture=0.002 score=0.001 pol=-0.0025 val=0.0257 ent=1.2376 tot=+0.0019 agnorm=0.062 cgnorm=0.097 kl=0.0025 clipf=0.020 ev=+0.873 r0=1.0000 entcoef=6.81e-03 lr=4.6e-04 seed=0
iter= 222 step= 713600 ep_ret=-185.127 opt_ret=-185.127 step_rew=-1.8513 opt_step=-1.8513 gap0=185.127 dret=+80.872 eval_ret=n/a pursuer_target_distance=1.913 capture=0.007 score=0.002 pol=-0.0021 val=0.0511 ent=1.2400 tot=+0.0150 agnorm=0.083 cgnorm=0.130 kl=0.0022 clipf=0.023 ev=+0.757 r0=1.0000 entcoef=6.80e-03 lr=4.5e-04 seed=0
iter= 223 step= 716800 ep_ret=-216.511 opt_ret=-216.511 step_rew=-2.1651 opt_step=-2.1651 gap0=216.511 dret=+49.488 eval_ret=n/a pursuer_target_distance=2.211 capture=0.006 score=0.002 pol=-0.0023 val=0.0605 ent=1.2619 tot=+0.0194 agnorm=0.070 cgnorm=0.109 kl=0.0027 clipf=0.029 ev=+0.822 r0=1.0000 entcoef=6.78e-03 lr=4.5e-04 seed=0
iter= 224 step= 720000 ep_ret=-169.171 opt_ret=-169.171 step_rew=-1.6917 opt_step=-1.6917 gap0=169.171 dret=+96.828 eval_ret=n/a pursuer_target_distance=1.760 capture=0.008 score=0.003 pol=-0.0017 val=0.0508 ent=1.2583 tot=+0.0152 agnorm=0.064 cgnorm=0.125 kl=0.0017 clipf=0.013 ev=+0.693 r0=1.0000 entcoef=6.77e-03 lr=4.5e-04 seed=0
iter= 225 step= 723200 ep_ret=-129.049 opt_ret=-129.049 step_rew=-1.2905 opt_step=-1.2905 gap0=129.049 dret=+136.950 eval_ret=n/a pursuer_target_distance=1.390 capture=0.011 score=0.005 pol=-0.0030 val=0.0304 ent=1.2620 tot=+0.0037 agnorm=0.083 cgnorm=0.090 kl=0.0039 clipf=0.040 ev=+0.862 r0=1.0000 entcoef=6.75e-03 lr=4.5e-04 seed=0
iter= 226 step= 726400 ep_ret=-185.059 opt_ret=-185.059 step_rew=-1.8506 opt_step=-1.8506 gap0=185.059 dret=+80.940 eval_ret=n/a pursuer_target_distance=1.894 capture=0.005 score=0.002 pol=-0.0027 val=0.0448 ent=1.2417 tot=+0.0113 agnorm=0.089 cgnorm=0.139 kl=0.0042 clipf=0.048 ev=+0.775 r0=1.0000 entcoef=6.74e-03 lr=4.5e-04 seed=0
iter= 227 step= 729600 ep_ret=-122.413 opt_ret=-122.413 step_rew=-1.2241 opt_step=-1.2241 gap0=122.413 dret=+143.586 eval_ret=n/a pursuer_target_distance=1.386 capture=0.017 score=0.007 pol=-0.0037 val=0.0495 ent=1.2538 tot=+0.0126 agnorm=0.108 cgnorm=0.134 kl=0.0036 clipf=0.040 ev=+0.768 r0=1.0000 entcoef=6.73e-03 lr=4.5e-04 seed=0
iter= 228 step= 732800 ep_ret=-129.354 opt_ret=-129.354 step_rew=-1.2935 opt_step=-1.2935 gap0=129.354 dret=+136.645 eval_ret=n/a pursuer_target_distance=1.337 capture=0.005 score=0.002 pol=-0.0029 val=0.0252 ent=1.2507 tot=+0.0013 agnorm=0.078 cgnorm=0.097 kl=0.0030 clipf=0.032 ev=+0.720 r0=1.0000 entcoef=6.71e-03 lr=4.5e-04 seed=0
iter= 229 step= 736000 ep_ret=-197.813 opt_ret=-197.813 step_rew=-1.9781 opt_step=-1.9781 gap0=197.813 dret=+68.187 eval_ret=n/a pursuer_target_distance=1.974 capture=0.001 score=0.000 pol=-0.0017 val=0.0340 ent=1.2001 tot=+0.0073 agnorm=0.070 cgnorm=0.110 kl=0.0023 clipf=0.021 ev=+0.860 r0=1.0000 entcoef=6.70e-03 lr=4.5e-04 seed=0
iter= 230 step= 739200 ep_ret=-150.831 opt_ret=-150.831 step_rew=-1.5083 opt_step=-1.5083 gap0=150.831 dret=+115.169 eval_ret=n/a pursuer_target_distance=1.580 capture=0.008 score=0.003 pol=-0.0018 val=0.0340 ent=1.1935 tot=+0.0073 agnorm=0.065 cgnorm=0.098 kl=0.0025 clipf=0.019 ev=+0.788 r0=1.0000 entcoef=6.68e-03 lr=4.5e-04 seed=0
iter= 231 step= 742400 ep_ret=-189.811 opt_ret=-189.811 step_rew=-1.8981 opt_step=-1.8981 gap0=189.811 dret=+76.188 eval_ret=n/a pursuer_target_distance=1.904 capture=0.002 score=0.001 pol=-0.0029 val=0.0264 ent=1.2107 tot=+0.0022 agnorm=0.099 cgnorm=0.084 kl=0.0029 clipf=0.029 ev=+0.847 r0=1.0000 entcoef=6.67e-03 lr=4.4e-04 seed=0
iter= 232 step= 745600 ep_ret=-158.145 opt_ret=-158.145 step_rew=-1.5815 opt_step=-1.5815 gap0=158.145 dret=+107.854 eval_ret=n/a pursuer_target_distance=1.590 capture=0.002 score=0.001 pol=-0.0031 val=0.0212 ent=1.1959 tot=-0.0004 agnorm=0.092 cgnorm=0.075 kl=0.0033 clipf=0.037 ev=+0.840 r0=1.0000 entcoef=6.65e-03 lr=4.4e-04 seed=0
iter= 233 step= 748800 ep_ret=-161.483 opt_ret=-161.483 step_rew=-1.6148 opt_step=-1.6148 gap0=161.483 dret=+104.516 eval_ret=n/a pursuer_target_distance=1.642 capture=0.004 score=0.001 pol=-0.0021 val=0.0215 ent=1.1902 tot=+0.0007 agnorm=0.060 cgnorm=0.083 kl=0.0024 clipf=0.023 ev=+0.826 r0=1.0000 entcoef=6.64e-03 lr=4.4e-04 seed=0
iter= 234 step= 752000 ep_ret=-194.058 opt_ret=-194.058 step_rew=-1.9406 opt_step=-1.9406 gap0=194.058 dret=+71.941 eval_ret=n/a pursuer_target_distance=1.937 capture=0.001 score=0.000 pol=-0.0023 val=0.0257 ent=1.1651 tot=+0.0029 agnorm=0.071 cgnorm=0.106 kl=0.0025 clipf=0.027 ev=+0.839 r0=1.0000 entcoef=6.62e-03 lr=4.4e-04 seed=0
iter= 235 step= 755200 ep_ret=-127.199 opt_ret=-127.199 step_rew=-1.2720 opt_step=-1.2720 gap0=127.199 dret=+138.800 eval_ret=n/a pursuer_target_distance=1.515 capture=0.025 score=0.010 pol=-0.0021 val=0.0569 ent=1.1878 tot=+0.0185 agnorm=0.071 cgnorm=0.125 kl=0.0027 clipf=0.030 ev=+0.751 r0=1.0000 entcoef=6.61e-03 lr=4.4e-04 seed=0
iter= 236 step= 758400 ep_ret=-180.515 opt_ret=-180.515 step_rew=-1.8051 opt_step=-1.8051 gap0=180.515 dret=+85.485 eval_ret=n/a pursuer_target_distance=1.814 capture=0.002 score=0.001 pol=-0.0024 val=0.0463 ent=1.1763 tot=+0.0130 agnorm=0.068 cgnorm=0.119 kl=0.0031 clipf=0.032 ev=+0.808 r0=1.0000 entcoef=6.60e-03 lr=4.4e-04 seed=0
iter= 237 step= 761600 ep_ret=-156.412 opt_ret=-156.412 step_rew=-1.5641 opt_step=-1.5641 gap0=156.412 dret=+109.588 eval_ret=n/a pursuer_target_distance=1.585 capture=0.003 score=0.001 pol=-0.0018 val=0.0228 ent=1.1744 tot=+0.0019 agnorm=0.052 cgnorm=0.066 kl=0.0022 clipf=0.018 ev=+0.869 r0=1.0000 entcoef=6.58e-03 lr=4.4e-04 seed=0
iter= 238 step= 764800 ep_ret=-155.953 opt_ret=-155.953 step_rew=-1.5595 opt_step=-1.5595 gap0=155.953 dret=+110.046 eval_ret=n/a pursuer_target_distance=1.571 capture=0.002 score=0.001 pol=-0.0022 val=0.0196 ent=1.1662 tot=-0.0000 agnorm=0.067 cgnorm=0.061 kl=0.0027 clipf=0.025 ev=+0.906 r0=1.0000 entcoef=6.57e-03 lr=4.4e-04 seed=0
iter= 239 step= 768000 ep_ret=-178.277 opt_ret=-178.277 step_rew=-1.7828 opt_step=-1.7828 gap0=178.277 dret=+87.722 eval_ret=n/a pursuer_target_distance=1.826 capture=0.005 score=0.002 pol=-0.0020 val=0.0359 ent=1.2218 tot=+0.0079 agnorm=0.056 cgnorm=0.098 kl=0.0015 clipf=0.014 ev=+0.830 r0=1.0000 entcoef=6.55e-03 lr=4.4e-04 seed=0
iter= 240 step= 771200 ep_ret=-148.450 opt_ret=-148.450 step_rew=-1.4845 opt_step=-1.4845 gap0=148.450 dret=+117.549 eval_ret=-137.243 pursuer_target_distance=1.596 capture=0.012 score=0.005 pol=-0.0025 val=0.0373 ent=1.2025 tot=+0.0083 agnorm=0.075 cgnorm=0.095 kl=0.0027 clipf=0.025 ev=+0.821 r0=1.0000 entcoef=6.54e-03 lr=4.3e-04 seed=0
iter= 241 step= 774400 ep_ret=-149.604 opt_ret=-149.604 step_rew=-1.4960 opt_step=-1.4960 gap0=149.604 dret=+116.395 eval_ret=n/a pursuer_target_distance=1.633 capture=0.015 score=0.006 pol=-0.0026 val=0.0451 ent=1.1928 tot=+0.0122 agnorm=0.072 cgnorm=0.102 kl=0.0021 clipf=0.019 ev=+0.769 r0=1.0000 entcoef=6.52e-03 lr=4.3e-04 seed=0
iter= 242 step= 777600 ep_ret=-129.218 opt_ret=-129.218 step_rew=-1.2922 opt_step=-1.2922 gap0=129.218 dret=+136.781 eval_ret=n/a pursuer_target_distance=1.417 capture=0.013 score=0.006 pol=-0.0023 val=0.0320 ent=1.1655 tot=+0.0061 agnorm=0.066 cgnorm=0.083 kl=0.0025 clipf=0.023 ev=+0.819 r0=1.0000 entcoef=6.51e-03 lr=4.3e-04 seed=0
iter= 243 step= 780800 ep_ret=-148.588 opt_ret=-148.588 step_rew=-1.4859 opt_step=-1.4859 gap0=148.588 dret=+117.411 eval_ret=n/a pursuer_target_distance=1.660 capture=0.018 score=0.007 pol=-0.0002 val=0.0495 ent=1.1921 tot=+0.0168 agnorm=0.215 cgnorm=0.095 kl=0.0032 clipf=0.024 ev=+0.807 r0=1.0000 entcoef=6.50e-03 lr=4.3e-04 seed=0
iter= 244 step= 784000 ep_ret=-143.402 opt_ret=-143.402 step_rew=-1.4340 opt_step=-1.4340 gap0=143.402 dret=+122.597 eval_ret=n/a pursuer_target_distance=1.508 capture=0.008 score=0.003 pol=-0.0025 val=0.0236 ent=1.2035 tot=+0.0015 agnorm=0.069 cgnorm=0.101 kl=0.0027 clipf=0.025 ev=+0.846 r0=1.0000 entcoef=6.48e-03 lr=4.3e-04 seed=0
iter= 245 step= 787200 ep_ret=-171.827 opt_ret=-171.827 step_rew=-1.7183 opt_step=-1.7183 gap0=171.827 dret=+94.172 eval_ret=n/a pursuer_target_distance=1.796 capture=0.009 score=0.003 pol=-0.0022 val=0.0472 ent=1.2245 tot=+0.0135 agnorm=0.075 cgnorm=0.109 kl=0.0028 clipf=0.022 ev=+0.828 r0=1.0000 entcoef=6.47e-03 lr=4.3e-04 seed=0
iter= 246 step= 790400 ep_ret=-166.186 opt_ret=-166.186 step_rew=-1.6619 opt_step=-1.6619 gap0=166.186 dret=+99.814 eval_ret=n/a pursuer_target_distance=1.689 capture=0.004 score=0.001 pol=-0.0022 val=0.0217 ent=1.2217 tot=+0.0008 agnorm=0.073 cgnorm=0.074 kl=0.0025 clipf=0.022 ev=+0.855 r0=1.0000 entcoef=6.45e-03 lr=4.3e-04 seed=0
iter= 247 step= 793600 ep_ret=-152.870 opt_ret=-152.870 step_rew=-1.5287 opt_step=-1.5287 gap0=152.870 dret=+113.129 eval_ret=n/a pursuer_target_distance=1.628 capture=0.011 score=0.004 pol=-0.0013 val=0.0340 ent=1.2250 tot=+0.0078 agnorm=0.052 cgnorm=0.096 kl=0.0016 clipf=0.013 ev=+0.805 r0=1.0000 entcoef=6.44e-03 lr=4.3e-04 seed=0
iter= 248 step= 796800 ep_ret=-150.535 opt_ret=-150.535 step_rew=-1.5054 opt_step=-1.5054 gap0=150.535 dret=+115.464 eval_ret=n/a pursuer_target_distance=1.536 capture=0.004 score=0.002 pol=-0.0020 val=0.0160 ent=1.2045 tot=-0.0017 agnorm=0.073 cgnorm=0.055 kl=0.0018 clipf=0.016 ev=+0.893 r0=1.0000 entcoef=6.42e-03 lr=4.3e-04 seed=0
iter= 249 step= 800000 ep_ret=-148.614 opt_ret=-148.614 step_rew=-1.4861 opt_step=-1.4861 gap0=148.614 dret=+117.386 eval_ret=n/a pursuer_target_distance=1.557 capture=0.008 score=0.003 pol=-0.0020 val=0.0293 ent=1.2622 tot=+0.0045 agnorm=0.085 cgnorm=0.095 kl=0.0024 clipf=0.022 ev=+0.841 r0=1.0000 entcoef=6.41e-03 lr=4.2e-04 seed=0
iter= 250 step= 803200 ep_ret=-140.224 opt_ret=-140.224 step_rew=-1.4022 opt_step=-1.4022 gap0=140.224 dret=+125.775 eval_ret=n/a pursuer_target_distance=1.461 capture=0.007 score=0.003 pol=-0.0018 val=0.0382 ent=1.2621 tot=+0.0093 agnorm=0.066 cgnorm=0.094 kl=0.0030 clipf=0.027 ev=+0.769 r0=1.0000 entcoef=6.39e-03 lr=4.2e-04 seed=0
iter= 251 step= 806400 ep_ret=-131.087 opt_ret=-131.087 step_rew=-1.3109 opt_step=-1.3109 gap0=131.087 dret=+134.912 eval_ret=n/a pursuer_target_distance=1.460 capture=0.016 score=0.006 pol=-0.0014 val=0.0461 ent=1.2807 tot=+0.0134 agnorm=0.056 cgnorm=0.115 kl=0.0021 clipf=0.016 ev=+0.752 r0=1.0000 entcoef=6.38e-03 lr=4.2e-04 seed=0
iter= 252 step= 809600 ep_ret=-190.303 opt_ret=-190.303 step_rew=-1.9030 opt_step=-1.9030 gap0=190.303 dret=+75.696 eval_ret=n/a pursuer_target_distance=1.902 capture=0.001 score=0.000 pol=-0.0018 val=0.0218 ent=1.2691 tot=+0.0010 agnorm=0.055 cgnorm=0.114 kl=0.0021 clipf=0.016 ev=+0.873 r0=1.0000 entcoef=6.37e-03 lr=4.2e-04 seed=0
iter= 253 step= 812800 ep_ret=-182.408 opt_ret=-182.408 step_rew=-1.8241 opt_step=-1.8241 gap0=182.408 dret=+83.591 eval_ret=n/a pursuer_target_distance=1.864 capture=0.005 score=0.002 pol=-0.0020 val=0.0262 ent=1.2677 tot=+0.0031 agnorm=0.056 cgnorm=0.095 kl=0.0023 clipf=0.018 ev=+0.828 r0=1.0000 entcoef=6.35e-03 lr=4.2e-04 seed=0
iter= 254 step= 816000 ep_ret=-161.004 opt_ret=-161.004 step_rew=-1.6100 opt_step=-1.6100 gap0=161.004 dret=+104.995 eval_ret=n/a pursuer_target_distance=1.675 capture=0.007 score=0.003 pol=-0.0023 val=0.0371 ent=1.2463 tot=+0.0084 agnorm=0.060 cgnorm=0.082 kl=0.0017 clipf=0.014 ev=+0.770 r0=1.0000 entcoef=6.34e-03 lr=4.2e-04 seed=0
iter= 255 step= 819200 ep_ret=-170.299 opt_ret=-170.299 step_rew=-1.7030 opt_step=-1.7030 gap0=170.299 dret=+95.700 eval_ret=n/a pursuer_target_distance=1.712 capture=0.002 score=0.001 pol=-0.0014 val=0.0256 ent=1.2840 tot=+0.0033 agnorm=0.058 cgnorm=0.075 kl=0.0032 clipf=0.026 ev=+0.830 r0=1.0000 entcoef=6.32e-03 lr=4.2e-04 seed=0
iter= 256 step= 822400 ep_ret=-143.418 opt_ret=-143.418 step_rew=-1.4342 opt_step=-1.4342 gap0=143.418 dret=+122.581 eval_ret=n/a pursuer_target_distance=1.499 capture=0.007 score=0.003 pol=-0.0021 val=0.0292 ent=1.2929 tot=+0.0043 agnorm=0.067 cgnorm=0.078 kl=0.0015 clipf=0.012 ev=+0.759 r0=1.0000 entcoef=6.31e-03 lr=4.2e-04 seed=0
iter= 257 step= 825600 ep_ret=-147.637 opt_ret=-147.637 step_rew=-1.4764 opt_step=-1.4764 gap0=147.637 dret=+118.362 eval_ret=n/a pursuer_target_distance=1.557 capture=0.009 score=0.004 pol=-0.0026 val=0.0293 ent=1.2912 tot=+0.0040 agnorm=0.087 cgnorm=0.094 kl=0.0029 clipf=0.027 ev=+0.750 r0=1.0000 entcoef=6.29e-03 lr=4.2e-04 seed=0
iter= 258 step= 828800 ep_ret=-130.656 opt_ret=-130.656 step_rew=-1.3066 opt_step=-1.3066 gap0=130.656 dret=+135.343 eval_ret=n/a pursuer_target_distance=1.497 capture=0.020 score=0.008 pol=-0.0021 val=0.0363 ent=1.2440 tot=+0.0083 agnorm=0.062 cgnorm=0.087 kl=0.0020 clipf=0.017 ev=+0.781 r0=1.0000 entcoef=6.28e-03 lr=4.1e-04 seed=0
iter= 259 step= 832000 ep_ret=-161.288 opt_ret=-161.288 step_rew=-1.6129 opt_step=-1.6129 gap0=161.288 dret=+104.711 eval_ret=n/a pursuer_target_distance=1.644 capture=0.004 score=0.002 pol=-0.0023 val=0.0282 ent=1.2720 tot=+0.0038 agnorm=0.071 cgnorm=0.080 kl=0.0027 clipf=0.024 ev=+0.832 r0=1.0000 entcoef=6.26e-03 lr=4.1e-04 seed=0
iter= 260 step= 835200 ep_ret=-198.687 opt_ret=-198.687 step_rew=-1.9869 opt_step=-1.9869 gap0=198.687 dret=+67.312 eval_ret=-97.978 pursuer_target_distance=2.033 capture=0.006 score=0.002 pol=-0.0022 val=0.0393 ent=1.2549 tot=+0.0096 agnorm=0.075 cgnorm=0.105 kl=0.0034 clipf=0.031 ev=+0.818 r0=1.0000 entcoef=6.25e-03 lr=4.1e-04 seed=0
iter= 261 step= 838400 ep_ret=-195.208 opt_ret=-195.208 step_rew=-1.9521 opt_step=-1.9521 gap0=195.208 dret=+70.791 eval_ret=n/a pursuer_target_distance=1.983 capture=0.004 score=0.001 pol=-0.0020 val=0.0355 ent=1.2545 tot=+0.0079 agnorm=0.069 cgnorm=0.084 kl=0.0027 clipf=0.022 ev=+0.842 r0=1.0000 entcoef=6.24e-03 lr=4.1e-04 seed=0
iter= 262 step= 841600 ep_ret=-155.210 opt_ret=-155.210 step_rew=-1.5521 opt_step=-1.5521 gap0=155.210 dret=+110.789 eval_ret=n/a pursuer_target_distance=1.558 capture=0.002 score=0.001 pol=-0.0023 val=0.0219 ent=1.2760 tot=+0.0007 agnorm=0.071 cgnorm=0.076 kl=0.0030 clipf=0.031 ev=+0.896 r0=1.0000 entcoef=6.22e-03 lr=4.1e-04 seed=0
iter= 263 step= 844800 ep_ret=-151.204 opt_ret=-151.204 step_rew=-1.5120 opt_step=-1.5120 gap0=151.204 dret=+114.795 eval_ret=n/a pursuer_target_distance=1.715 capture=0.021 score=0.008 pol=-0.0024 val=0.0478 ent=1.2493 tot=+0.0138 agnorm=0.091 cgnorm=0.114 kl=0.0025 clipf=0.024 ev=+0.710 r0=1.0000 entcoef=6.21e-03 lr=4.1e-04 seed=0
iter= 264 step= 848000 ep_ret=-152.510 opt_ret=-152.510 step_rew=-1.5251 opt_step=-1.5251 gap0=152.510 dret=+113.489 eval_ret=n/a pursuer_target_distance=1.612 capture=0.010 score=0.004 pol=-0.0021 val=0.0298 ent=1.3277 tot=+0.0046 agnorm=0.080 cgnorm=0.106 kl=0.0023 clipf=0.021 ev=+0.810 r0=1.0000 entcoef=6.19e-03 lr=4.1e-04 seed=0
iter= 265 step= 851200 ep_ret=-113.211 opt_ret=-113.211 step_rew=-1.1321 opt_step=-1.1321 gap0=113.211 dret=+152.788 eval_ret=n/a pursuer_target_distance=1.244 capture=0.012 score=0.005 pol=-0.0027 val=0.0277 ent=1.2561 tot=+0.0034 agnorm=0.097 cgnorm=0.109 kl=0.0042 clipf=0.039 ev=+0.703 r0=1.0000 entcoef=6.18e-03 lr=4.1e-04 seed=0
iter= 266 step= 854400 ep_ret=-190.489 opt_ret=-190.489 step_rew=-1.9049 opt_step=-1.9049 gap0=190.489 dret=+75.511 eval_ret=n/a pursuer_target_distance=1.920 capture=0.003 score=0.001 pol=-0.0022 val=0.0371 ent=1.2017 tot=+0.0090 agnorm=0.086 cgnorm=0.106 kl=0.0031 clipf=0.034 ev=+0.841 r0=1.0000 entcoef=6.16e-03 lr=4.1e-04 seed=0
iter= 267 step= 857600 ep_ret=-158.009 opt_ret=-158.009 step_rew=-1.5801 opt_step=-1.5801 gap0=158.009 dret=+107.991 eval_ret=n/a pursuer_target_distance=1.629 capture=0.006 score=0.002 pol=-0.0019 val=0.0214 ent=1.2317 tot=+0.0012 agnorm=0.079 cgnorm=0.073 kl=0.0024 clipf=0.021 ev=+0.877 r0=1.0000 entcoef=6.15e-03 lr=4.0e-04 seed=0
iter= 268 step= 860800 ep_ret=-188.304 opt_ret=-188.304 step_rew=-1.8830 opt_step=-1.8830 gap0=188.304 dret=+77.695 eval_ret=n/a pursuer_target_distance=1.951 capture=0.008 score=0.003 pol=-0.0017 val=0.0319 ent=1.2304 tot=+0.0067 agnorm=0.081 cgnorm=0.080 kl=0.0018 clipf=0.014 ev=+0.874 r0=1.0000 entcoef=6.13e-03 lr=4.0e-04 seed=0
iter= 269 step= 864000 ep_ret=-163.483 opt_ret=-163.483 step_rew=-1.6348 opt_step=-1.6348 gap0=163.483 dret=+102.516 eval_ret=n/a pursuer_target_distance=1.687 capture=0.006 score=0.002 pol=-0.0017 val=0.0251 ent=1.1962 tot=+0.0036 agnorm=0.062 cgnorm=0.071 kl=0.0026 clipf=0.024 ev=+0.881 r0=1.0000 entcoef=6.12e-03 lr=4.0e-04 seed=0
iter= 270 step= 867200 ep_ret=-192.213 opt_ret=-192.213 step_rew=-1.9221 opt_step=-1.9221 gap0=192.213 dret=+73.786 eval_ret=n/a pursuer_target_distance=1.972 capture=0.006 score=0.002 pol=-0.0025 val=0.0356 ent=1.1895 tot=+0.0080 agnorm=0.084 cgnorm=0.106 kl=0.0031 clipf=0.032 ev=+0.850 r0=1.0000 entcoef=6.11e-03 lr=4.0e-04 seed=0
iter= 271 step= 870400 ep_ret=-186.645 opt_ret=-186.645 step_rew=-1.8664 opt_step=-1.8664 gap0=186.645 dret=+79.354 eval_ret=n/a pursuer_target_distance=1.866 capture=0.001 score=0.000 pol=-0.0020 val=0.0165 ent=1.1921 tot=-0.0010 agnorm=0.085 cgnorm=0.064 kl=0.0028 clipf=0.030 ev=+0.929 r0=1.0000 entcoef=6.09e-03 lr=4.0e-04 seed=0
iter= 272 step= 873600 ep_ret=-206.152 opt_ret=-206.152 step_rew=-2.0615 opt_step=-2.0615 gap0=206.152 dret=+59.847 eval_ret=n/a pursuer_target_distance=2.142 capture=0.009 score=0.003 pol=-0.0013 val=0.0467 ent=1.1656 tot=+0.0149 agnorm=0.165 cgnorm=0.087 kl=0.0035 clipf=0.033 ev=+0.888 r0=1.0000 entcoef=6.08e-03 lr=4.0e-04 seed=0
iter= 273 step= 876800 ep_ret=-146.167 opt_ret=-146.167 step_rew=-1.4617 opt_step=-1.4617 gap0=146.167 dret=+119.833 eval_ret=n/a pursuer_target_distance=1.570 capture=0.012 score=0.005 pol=-0.0022 val=0.0304 ent=1.1683 tot=+0.0059 agnorm=0.070 cgnorm=0.076 kl=0.0033 clipf=0.033 ev=+0.821 r0=1.0000 entcoef=6.06e-03 lr=4.0e-04 seed=0
iter= 274 step= 880000 ep_ret=-145.133 opt_ret=-145.133 step_rew=-1.4513 opt_step=-1.4513 gap0=145.133 dret=+120.866 eval_ret=n/a pursuer_target_distance=1.513 capture=0.007 score=0.003 pol=-0.0020 val=0.0304 ent=1.1766 tot=+0.0061 agnorm=0.075 cgnorm=0.076 kl=0.0029 clipf=0.029 ev=+0.821 r0=1.0000 entcoef=6.05e-03 lr=4.0e-04 seed=0
iter= 275 step= 883200 ep_ret=-158.061 opt_ret=-158.061 step_rew=-1.5806 opt_step=-1.5806 gap0=158.061 dret=+107.938 eval_ret=n/a pursuer_target_distance=1.646 capture=0.007 score=0.003 pol=-0.0020 val=0.0191 ent=1.1962 tot=+0.0003 agnorm=0.067 cgnorm=0.050 kl=0.0015 clipf=0.012 ev=+0.897 r0=1.0000 entcoef=6.03e-03 lr=4.0e-04 seed=0
iter= 276 step= 886400 ep_ret=-137.974 opt_ret=-137.974 step_rew=-1.3797 opt_step=-1.3797 gap0=137.974 dret=+128.026 eval_ret=n/a pursuer_target_distance=1.435 capture=0.007 score=0.003 pol=-0.0017 val=0.0261 ent=1.2020 tot=+0.0041 agnorm=0.088 cgnorm=0.082 kl=0.0027 clipf=0.025 ev=+0.837 r0=1.0000 entcoef=6.02e-03 lr=3.9e-04 seed=0
iter= 277 step= 889600 ep_ret=-125.648 opt_ret=-125.648 step_rew=-1.2565 opt_step=-1.2565 gap0=125.648 dret=+140.351 eval_ret=n/a pursuer_target_distance=1.471 capture=0.022 score=0.009 pol=-0.0026 val=0.0465 ent=1.1674 tot=+0.0136 agnorm=0.082 cgnorm=0.107 kl=0.0028 clipf=0.024 ev=+0.751 r0=1.0000 entcoef=6.00e-03 lr=3.9e-04 seed=0
iter= 278 step= 892800 ep_ret=-139.701 opt_ret=-139.701 step_rew=-1.3970 opt_step=-1.3970 gap0=139.701 dret=+126.298 eval_ret=n/a pursuer_target_distance=1.500 capture=0.011 score=0.005 pol=-0.0023 val=0.0336 ent=1.2055 tot=+0.0073 agnorm=0.084 cgnorm=0.090 kl=0.0026 clipf=0.021 ev=+0.800 r0=1.0000 entcoef=5.99e-03 lr=3.9e-04 seed=0
iter= 279 step= 896000 ep_ret=-180.510 opt_ret=-180.510 step_rew=-1.8051 opt_step=-1.8051 gap0=180.510 dret=+85.489 eval_ret=n/a pursuer_target_distance=1.798 capture=0.000 score=0.000 pol=-0.0021 val=0.0218 ent=1.2066 tot=+0.0016 agnorm=0.071 cgnorm=0.081 kl=0.0027 clipf=0.023 ev=+0.906 r0=1.0000 entcoef=5.98e-03 lr=3.9e-04 seed=0
iter= 280 step= 899200 ep_ret=-178.805 opt_ret=-178.805 step_rew=-1.7880 opt_step=-1.7880 gap0=178.805 dret=+87.194 eval_ret=-130.000 pursuer_target_distance=1.794 capture=0.002 score=0.001 pol=-0.0027 val=0.0157 ent=1.1861 tot=-0.0019 agnorm=0.087 cgnorm=0.064 kl=0.0029 clipf=0.027 ev=+0.904 r0=1.0000 entcoef=5.96e-03 lr=3.9e-04 seed=0
iter= 281 step= 902400 ep_ret=-156.711 opt_ret=-156.711 step_rew=-1.5671 opt_step=-1.5671 gap0=156.711 dret=+109.288 eval_ret=n/a pursuer_target_distance=1.570 capture=0.001 score=0.000 pol=-0.0020 val=0.0191 ent=1.1186 tot=+0.0009 agnorm=0.064 cgnorm=0.055 kl=0.0027 clipf=0.025 ev=+0.897 r0=1.0000 entcoef=5.95e-03 lr=3.9e-04 seed=0
iter= 282 step= 905600 ep_ret=-173.753 opt_ret=-173.753 step_rew=-1.7375 opt_step=-1.7375 gap0=173.753 dret=+92.246 eval_ret=n/a pursuer_target_distance=1.818 capture=0.009 score=0.003 pol=-0.0024 val=0.0378 ent=1.1219 tot=+0.0098 agnorm=0.075 cgnorm=0.089 kl=0.0028 clipf=0.026 ev=+0.858 r0=1.0000 entcoef=5.93e-03 lr=3.9e-04 seed=0
iter= 283 step= 908800 ep_ret=-120.779 opt_ret=-120.779 step_rew=-1.2078 opt_step=-1.2078 gap0=120.779 dret=+145.220 eval_ret=n/a pursuer_target_distance=1.292 capture=0.009 score=0.004 pol=-0.0024 val=0.0140 ent=1.1126 tot=-0.0020 agnorm=0.080 cgnorm=0.058 kl=0.0020 clipf=0.019 ev=+0.865 r0=1.0000 entcoef=5.92e-03 lr=3.9e-04 seed=0
iter= 284 step= 912000 ep_ret=-164.763 opt_ret=-164.763 step_rew=-1.6476 opt_step=-1.6476 gap0=164.763 dret=+101.236 eval_ret=n/a pursuer_target_distance=1.660 capture=0.002 score=0.001 pol=-0.0017 val=0.0300 ent=1.1285 tot=+0.0067 agnorm=0.067 cgnorm=0.066 kl=0.0021 clipf=0.019 ev=+0.807 r0=1.0000 entcoef=5.90e-03 lr=3.9e-04 seed=0
iter= 285 step= 915200 ep_ret=-156.019 opt_ret=-156.019 step_rew=-1.5602 opt_step=-1.5602 gap0=156.019 dret=+109.981 eval_ret=n/a pursuer_target_distance=1.635 capture=0.008 score=0.003 pol=-0.0027 val=0.0292 ent=1.1411 tot=+0.0052 agnorm=0.084 cgnorm=0.064 kl=0.0032 clipf=0.037 ev=+0.837 r0=1.0000 entcoef=5.89e-03 lr=3.8e-04 seed=0
iter= 286 step= 918400 ep_ret=-139.638 opt_ret=-139.638 step_rew=-1.3964 opt_step=-1.3964 gap0=139.638 dret=+126.361 eval_ret=n/a pursuer_target_distance=1.418 capture=0.003 score=0.001 pol=-0.0021 val=0.0151 ent=1.1354 tot=-0.0012 agnorm=0.078 cgnorm=0.053 kl=0.0028 clipf=0.027 ev=+0.856 r0=1.0000 entcoef=5.88e-03 lr=3.8e-04 seed=0
iter= 287 step= 921600 ep_ret=-116.183 opt_ret=-116.183 step_rew=-1.1618 opt_step=-1.1618 gap0=116.183 dret=+149.816 eval_ret=n/a pursuer_target_distance=1.358 capture=0.021 score=0.009 pol=-0.0020 val=0.0220 ent=1.1119 tot=+0.0025 agnorm=0.073 cgnorm=0.070 kl=0.0020 clipf=0.020 ev=+0.881 r0=1.0000 entcoef=5.86e-03 lr=3.8e-04 seed=0
iter= 288 step= 924800 ep_ret=-152.997 opt_ret=-152.997 step_rew=-1.5300 opt_step=-1.5300 gap0=152.997 dret=+113.002 eval_ret=n/a pursuer_target_distance=1.692 capture=0.017 score=0.006 pol=-0.0023 val=0.0463 ent=1.1210 tot=+0.0143 agnorm=0.092 cgnorm=0.098 kl=0.0026 clipf=0.026 ev=+0.793 r0=1.0000 entcoef=5.85e-03 lr=3.8e-04 seed=0
iter= 289 step= 928000 ep_ret=-119.246 opt_ret=-119.246 step_rew=-1.1925 opt_step=-1.1925 gap0=119.246 dret=+146.753 eval_ret=n/a pursuer_target_distance=1.426 capture=0.024 score=0.010 pol=-0.0021 val=0.0485 ent=1.1307 tot=+0.0156 agnorm=0.093 cgnorm=0.096 kl=0.0023 clipf=0.019 ev=+0.755 r0=1.0000 entcoef=5.83e-03 lr=3.8e-04 seed=0
iter= 290 step= 931200 ep_ret=-128.354 opt_ret=-128.354 step_rew=-1.2835 opt_step=-1.2835 gap0=128.354 dret=+137.645 eval_ret=n/a pursuer_target_distance=1.380 capture=0.011 score=0.004 pol=-0.0022 val=0.0196 ent=1.1218 tot=+0.0010 agnorm=0.093 cgnorm=0.061 kl=0.0028 clipf=0.029 ev=+0.886 r0=1.0000 entcoef=5.82e-03 lr=3.8e-04 seed=0
iter= 291 step= 934400 ep_ret=-135.482 opt_ret=-135.482 step_rew=-1.3548 opt_step=-1.3548 gap0=135.482 dret=+130.518 eval_ret=n/a pursuer_target_distance=1.398 capture=0.005 score=0.002 pol=-0.0022 val=0.0166 ent=1.1159 tot=-0.0004 agnorm=0.084 cgnorm=0.066 kl=0.0024 clipf=0.021 ev=+0.867 r0=1.0000 entcoef=5.80e-03 lr=3.8e-04 seed=0
iter= 292 step= 937600 ep_ret=-174.986 opt_ret=-174.986 step_rew=-1.7499 opt_step=-1.7499 gap0=174.986 dret=+91.013 eval_ret=n/a pursuer_target_distance=1.765 capture=0.003 score=0.001 pol=-0.0018 val=0.0250 ent=1.1178 tot=+0.0042 agnorm=0.081 cgnorm=0.085 kl=0.0026 clipf=0.027 ev=+0.888 r0=1.0000 entcoef=5.79e-03 lr=3.8e-04 seed=0
iter= 293 step= 940800 ep_ret=-137.449 opt_ret=-137.449 step_rew=-1.3745 opt_step=-1.3745 gap0=137.449 dret=+128.550 eval_ret=n/a pursuer_target_distance=1.449 capture=0.008 score=0.003 pol=-0.0015 val=0.0235 ent=1.1599 tot=+0.0036 agnorm=0.063 cgnorm=0.079 kl=0.0027 clipf=0.023 ev=+0.844 r0=1.0000 entcoef=5.77e-03 lr=3.8e-04 seed=0
iter= 294 step= 944000 ep_ret=-116.512 opt_ret=-116.512 step_rew=-1.1651 opt_step=-1.1651 gap0=116.512 dret=+149.488 eval_ret=n/a pursuer_target_distance=1.452 capture=0.030 score=0.012 pol=-0.0026 val=0.0425 ent=1.1478 tot=+0.0120 agnorm=0.083 cgnorm=0.102 kl=0.0025 clipf=0.025 ev=+0.825 r0=1.0000 entcoef=5.76e-03 lr=3.7e-04 seed=0
iter= 295 step= 947200 ep_ret=-155.473 opt_ret=-155.473 step_rew=-1.5547 opt_step=-1.5547 gap0=155.473 dret=+110.526 eval_ret=n/a pursuer_target_distance=1.567 capture=0.002 score=0.001 pol=-0.0028 val=0.0167 ent=1.1638 tot=-0.0011 agnorm=0.065 cgnorm=0.070 kl=0.0025 clipf=0.024 ev=+0.892 r0=1.0000 entcoef=5.75e-03 lr=3.7e-04 seed=0
iter= 296 step= 950400 ep_ret=-164.046 opt_ret=-164.046 step_rew=-1.6405 opt_step=-1.6405 gap0=164.046 dret=+101.954 eval_ret=n/a pursuer_target_distance=1.680 capture=0.005 score=0.002 pol=-0.0022 val=0.0202 ent=1.1584 tot=+0.0013 agnorm=0.080 cgnorm=0.073 kl=0.0027 clipf=0.026 ev=+0.836 r0=1.0000 entcoef=5.73e-03 lr=3.7e-04 seed=0
iter= 297 step= 953600 ep_ret=-160.713 opt_ret=-160.713 step_rew=-1.6071 opt_step=-1.6071 gap0=160.713 dret=+105.286 eval_ret=n/a pursuer_target_distance=1.728 capture=0.013 score=0.005 pol=-0.0026 val=0.0322 ent=1.1534 tot=+0.0069 agnorm=0.078 cgnorm=0.081 kl=0.0029 clipf=0.024 ev=+0.850 r0=1.0000 entcoef=5.72e-03 lr=3.7e-04 seed=0
iter= 298 step= 956800 ep_ret=-164.372 opt_ret=-164.372 step_rew=-1.6437 opt_step=-1.6437 gap0=164.372 dret=+101.627 eval_ret=n/a pursuer_target_distance=1.693 capture=0.006 score=0.002 pol=-0.0024 val=0.0278 ent=1.1245 tot=+0.0051 agnorm=0.114 cgnorm=0.086 kl=0.0031 clipf=0.031 ev=+0.887 r0=1.0000 entcoef=5.70e-03 lr=3.7e-04 seed=0
iter= 299 step= 960000 ep_ret=-152.710 opt_ret=-152.710 step_rew=-1.5271 opt_step=-1.5271 gap0=152.710 dret=+113.290 eval_ret=n/a pursuer_target_distance=1.558 capture=0.004 score=0.002 pol=-0.0017 val=0.0210 ent=1.1094 tot=+0.0025 agnorm=0.079 cgnorm=0.070 kl=0.0029 clipf=0.029 ev=+0.888 r0=1.0000 entcoef=5.69e-03 lr=3.7e-04 seed=0
iter= 300 step= 963200 ep_ret=-119.097 opt_ret=-119.097 step_rew=-1.1910 opt_step=-1.1910 gap0=119.097 dret=+146.902 eval_ret=-125.586 pursuer_target_distance=1.325 capture=0.014 score=0.006 pol=-0.0025 val=0.0181 ent=1.1344 tot=+0.0001 agnorm=0.097 cgnorm=0.063 kl=0.0031 clipf=0.029 ev=+0.859 r0=1.0000 entcoef=5.67e-03 lr=3.7e-04 seed=0
iter= 301 step= 966400 ep_ret=-162.078 opt_ret=-162.078 step_rew=-1.6208 opt_step=-1.6208 gap0=162.078 dret=+103.921 eval_ret=n/a pursuer_target_distance=1.623 capture=0.001 score=0.000 pol=-0.0020 val=0.0182 ent=1.1362 tot=+0.0007 agnorm=0.075 cgnorm=0.060 kl=0.0028 clipf=0.026 ev=+0.890 r0=1.0000 entcoef=5.66e-03 lr=3.7e-04 seed=0
iter= 302 step= 969600 ep_ret=-188.010 opt_ret=-188.010 step_rew=-1.8801 opt_step=-1.8801 gap0=188.010 dret=+77.990 eval_ret=n/a pursuer_target_distance=1.876 capture=0.001 score=0.000 pol=-0.0026 val=0.0191 ent=1.1175 tot=+0.0006 agnorm=0.096 cgnorm=0.078 kl=0.0024 clipf=0.025 ev=+0.882 r0=1.0000 entcoef=5.64e-03 lr=3.7e-04 seed=0
iter= 303 step= 972800 ep_ret=-146.878 opt_ret=-146.878 step_rew=-1.4688 opt_step=-1.4688 gap0=146.878 dret=+119.121 eval_ret=n/a pursuer_target_distance=1.559 capture=0.010 score=0.004 pol=-0.0019 val=0.0281 ent=1.1448 tot=+0.0057 agnorm=0.236 cgnorm=0.068 kl=0.0035 clipf=0.034 ev=+0.751 r0=1.0000 entcoef=5.63e-03 lr=3.6e-04 seed=0
iter= 304 step= 976000 ep_ret=-169.570 opt_ret=-169.570 step_rew=-1.6957 opt_step=-1.6957 gap0=169.570 dret=+96.430 eval_ret=n/a pursuer_target_distance=1.726 capture=0.004 score=0.001 pol=-0.0017 val=0.0150 ent=1.1458 tot=-0.0006 agnorm=0.084 cgnorm=0.058 kl=0.0020 clipf=0.017 ev=+0.892 r0=1.0000 entcoef=5.62e-03 lr=3.6e-04 seed=0
iter= 305 step= 979200 ep_ret=-129.927 opt_ret=-129.927 step_rew=-1.2993 opt_step=-1.2993 gap0=129.927 dret=+136.073 eval_ret=n/a pursuer_target_distance=1.439 capture=0.015 score=0.006 pol=-0.0022 val=0.0292 ent=1.1563 tot=+0.0059 agnorm=0.090 cgnorm=0.071 kl=0.0021 clipf=0.021 ev=+0.732 r0=1.0000 entcoef=5.60e-03 lr=3.6e-04 seed=0
iter= 306 step= 982400 ep_ret=-178.846 opt_ret=-178.846 step_rew=-1.7885 opt_step=-1.7885 gap0=178.846 dret=+87.154 eval_ret=n/a pursuer_target_distance=1.785 capture=0.001 score=0.000 pol=-0.0025 val=0.0148 ent=1.1922 tot=-0.0017 agnorm=0.097 cgnorm=0.067 kl=0.0030 clipf=0.028 ev=+0.898 r0=1.0000 entcoef=5.59e-03 lr=3.6e-04 seed=0
iter= 307 step= 985600 ep_ret=-127.482 opt_ret=-127.482 step_rew=-1.2748 opt_step=-1.2748 gap0=127.482 dret=+138.518 eval_ret=n/a pursuer_target_distance=1.365 capture=0.010 score=0.004 pol=-0.0020 val=0.0262 ent=1.1549 tot=+0.0047 agnorm=0.072 cgnorm=0.077 kl=0.0020 clipf=0.017 ev=+0.606 r0=1.0000 entcoef=5.57e-03 lr=3.6e-04 seed=0
iter= 308 step= 988800 ep_ret=-129.714 opt_ret=-129.714 step_rew=-1.2971 opt_step=-1.2971 gap0=129.714 dret=+136.285 eval_ret=n/a pursuer_target_distance=1.456 capture=0.017 score=0.007 pol=-0.0020 val=0.0308 ent=1.1403 tot=+0.0071 agnorm=0.086 cgnorm=0.094 kl=0.0024 clipf=0.025 ev=+0.755 r0=1.0000 entcoef=5.56e-03 lr=3.6e-04 seed=0
iter= 309 step= 992000 ep_ret=-150.408 opt_ret=-150.408 step_rew=-1.5041 opt_step=-1.5041 gap0=150.408 dret=+115.591 eval_ret=n/a pursuer_target_distance=1.678 capture=0.018 score=0.007 pol=-0.0018 val=0.0359 ent=1.1620 tot=+0.0097 agnorm=0.089 cgnorm=0.091 kl=0.0021 clipf=0.020 ev=+0.774 r0=1.0000 entcoef=5.54e-03 lr=3.6e-04 seed=0
iter= 310 step= 995200 ep_ret=-179.692 opt_ret=-179.692 step_rew=-1.7969 opt_step=-1.7969 gap0=179.692 dret=+86.308 eval_ret=n/a pursuer_target_distance=1.793 capture=0.001 score=0.000 pol=-0.0015 val=0.0198 ent=1.1026 tot=+0.0023 agnorm=0.053 cgnorm=0.073 kl=0.0018 clipf=0.015 ev=+0.863 r0=1.0000 entcoef=5.53e-03 lr=3.6e-04 seed=0
iter= 311 step= 998400 ep_ret=-132.936 opt_ret=-132.936 step_rew=-1.3294 opt_step=-1.3294 gap0=132.936 dret=+133.063 eval_ret=n/a pursuer_target_distance=1.394 capture=0.007 score=0.003 pol=-0.0024 val=0.0175 ent=1.1448 tot=+0.0001 agnorm=0.115 cgnorm=0.055 kl=0.0028 clipf=0.023 ev=+0.840 r0=1.0000 entcoef=5.51e-03 lr=3.6e-04 seed=0
iter= 312 step=1001600 ep_ret=-98.484 opt_ret=-98.484 step_rew=-0.9848 opt_step=-0.9848 gap0=98.484 dret=+167.516 eval_ret=n/a pursuer_target_distance=1.159 capture=0.018 score=0.009 pol=-0.0017 val=0.0194 ent=1.1382 tot=+0.0018 agnorm=0.203 cgnorm=0.059 kl=0.0038 clipf=0.033 ev=+0.815 r0=1.0000 entcoef=5.50e-03 lr=3.6e-04 seed=0
iter= 313 step=1004800 ep_ret=-134.853 opt_ret=-134.853 step_rew=-1.3485 opt_step=-1.3485 gap0=134.853 dret=+131.146 eval_ret=n/a pursuer_target_distance=1.476 capture=0.014 score=0.006 pol=-0.0018 val=0.0298 ent=1.1258 tot=+0.0070 agnorm=0.095 cgnorm=0.076 kl=0.0044 clipf=0.039 ev=+0.788 r0=1.0000 entcoef=5.49e-03 lr=3.5e-04 seed=0
iter= 314 step=1008000 ep_ret=-130.347 opt_ret=-130.347 step_rew=-1.3035 opt_step=-1.3035 gap0=130.347 dret=+135.652 eval_ret=n/a pursuer_target_distance=1.415 capture=0.012 score=0.005 pol=-0.0017 val=0.0210 ent=1.1506 tot=+0.0025 agnorm=0.174 cgnorm=0.057 kl=0.0020 clipf=0.018 ev=+0.824 r0=1.0000 entcoef=5.47e-03 lr=3.5e-04 seed=0
iter= 315 step=1011200 ep_ret=-116.555 opt_ret=-116.555 step_rew=-1.1656 opt_step=-1.1656 gap0=116.555 dret=+149.444 eval_ret=n/a pursuer_target_distance=1.321 capture=0.017 score=0.007 pol=-0.0019 val=0.0291 ent=1.1707 tot=+0.0062 agnorm=0.099 cgnorm=0.085 kl=0.0022 clipf=0.023 ev=+0.629 r0=1.0000 entcoef=5.46e-03 lr=3.5e-04 seed=0
iter= 316 step=1014400 ep_ret=-181.143 opt_ret=-181.143 step_rew=-1.8114 opt_step=-1.8114 gap0=181.143 dret=+84.856 eval_ret=n/a pursuer_target_distance=1.833 capture=0.003 score=0.001 pol=-0.0014 val=0.0303 ent=1.1271 tot=+0.0076 agnorm=0.065 cgnorm=0.106 kl=0.0017 clipf=0.014 ev=+0.848 r0=1.0000 entcoef=5.44e-03 lr=3.5e-04 seed=0
iter= 317 step=1017600 ep_ret=-156.087 opt_ret=-156.087 step_rew=-1.5609 opt_step=-1.5609 gap0=156.087 dret=+109.912 eval_ret=n/a pursuer_target_distance=1.654 capture=0.010 score=0.004 pol=-0.0022 val=0.0274 ent=1.1128 tot=+0.0055 agnorm=0.082 cgnorm=0.080 kl=0.0022 clipf=0.018 ev=+0.825 r0=1.0000 entcoef=5.43e-03 lr=3.5e-04 seed=0
iter= 318 step=1020800 ep_ret=-166.734 opt_ret=-166.734 step_rew=-1.6673 opt_step=-1.6673 gap0=166.734 dret=+99.265 eval_ret=n/a pursuer_target_distance=1.717 capture=0.006 score=0.002 pol=-0.0025 val=0.0182 ent=1.1262 tot=+0.0005 agnorm=0.083 cgnorm=0.066 kl=0.0025 clipf=0.024 ev=+0.870 r0=1.0000 entcoef=5.41e-03 lr=3.5e-04 seed=0
iter= 319 step=1024000 ep_ret=-101.818 opt_ret=-101.818 step_rew=-1.0182 opt_step=-1.0182 gap0=101.818 dret=+164.181 eval_ret=n/a pursuer_target_distance=1.289 capture=0.028 score=0.012 pol=-0.0023 val=0.0390 ent=1.1010 tot=+0.0112 agnorm=0.115 cgnorm=0.102 kl=0.0025 clipf=0.025 ev=+0.716 r0=1.0000 entcoef=5.40e-03 lr=3.5e-04 seed=0
iter= 320 step=1027200 ep_ret=-122.885 opt_ret=-122.885 step_rew=-1.2288 opt_step=-1.2288 gap0=122.885 dret=+143.114 eval_ret=-128.632 pursuer_target_distance=1.266 capture=0.005 score=0.002 pol=-0.0028 val=0.0120 ent=1.1296 tot=-0.0028 agnorm=0.123 cgnorm=0.057 kl=0.0030 clipf=0.029 ev=+0.822 r0=1.0000 entcoef=5.38e-03 lr=3.5e-04 seed=0
iter= 321 step=1030400 ep_ret=-171.180 opt_ret=-171.180 step_rew=-1.7118 opt_step=-1.7118 gap0=171.180 dret=+94.819 eval_ret=n/a pursuer_target_distance=1.736 capture=0.003 score=0.001 pol=-0.0018 val=0.0166 ent=1.0857 tot=+0.0007 agnorm=0.070 cgnorm=0.065 kl=0.0029 clipf=0.025 ev=+0.902 r0=1.0000 entcoef=5.37e-03 lr=3.5e-04 seed=0
iter= 322 step=1033600 ep_ret=-144.278 opt_ret=-144.278 step_rew=-1.4428 opt_step=-1.4428 gap0=144.278 dret=+121.722 eval_ret=n/a pursuer_target_distance=1.623 capture=0.019 score=0.007 pol=-0.0033 val=0.0318 ent=1.0957 tot=+0.0067 agnorm=0.125 cgnorm=0.091 kl=0.0054 clipf=0.061 ev=+0.737 r0=1.0000 entcoef=5.36e-03 lr=3.4e-04 seed=0
iter= 323 step=1036800 ep_ret=-138.513 opt_ret=-138.513 step_rew=-1.3851 opt_step=-1.3851 gap0=138.513 dret=+127.487 eval_ret=n/a pursuer_target_distance=1.472 capture=0.010 score=0.004 pol=-0.0020 val=0.0230 ent=1.1115 tot=+0.0035 agnorm=0.095 cgnorm=0.067 kl=0.0026 clipf=0.021 ev=+0.864 r0=1.0000 entcoef=5.34e-03 lr=3.4e-04 seed=0
iter= 324 step=1040000 ep_ret=-118.279 opt_ret=-118.279 step_rew=-1.1828 opt_step=-1.1828 gap0=118.279 dret=+147.720 eval_ret=n/a pursuer_target_distance=1.251 capture=0.008 score=0.003 pol=-0.0021 val=0.0142 ent=1.1467 tot=-0.0011 agnorm=0.190 cgnorm=0.056 kl=0.0025 clipf=0.022 ev=+0.831 r0=1.0000 entcoef=5.33e-03 lr=3.4e-04 seed=0
iter= 325 step=1043200 ep_ret=-142.962 opt_ret=-142.962 step_rew=-1.4296 opt_step=-1.4296 gap0=142.962 dret=+123.037 eval_ret=n/a pursuer_target_distance=1.491 capture=0.007 score=0.003 pol=-0.0021 val=0.0169 ent=1.0812 tot=+0.0006 agnorm=0.075 cgnorm=0.047 kl=0.0021 clipf=0.020 ev=+0.864 r0=1.0000 entcoef=5.31e-03 lr=3.4e-04 seed=0
iter= 326 step=1046400 ep_ret=-120.061 opt_ret=-120.061 step_rew=-1.2006 opt_step=-1.2006 gap0=120.061 dret=+145.939 eval_ret=n/a pursuer_target_distance=1.366 capture=0.018 score=0.007 pol=-0.0021 val=0.0263 ent=1.1306 tot=+0.0050 agnorm=0.101 cgnorm=0.065 kl=0.0022 clipf=0.021 ev=+0.775 r0=1.0000 entcoef=5.30e-03 lr=3.4e-04 seed=0
iter= 327 step=1049600 ep_ret=-128.926 opt_ret=-128.926 step_rew=-1.2893 opt_step=-1.2893 gap0=128.926 dret=+137.074 eval_ret=n/a pursuer_target_distance=1.454 capture=0.018 score=0.007 pol=-0.0025 val=0.0351 ent=1.0797 tot=+0.0093 agnorm=0.138 cgnorm=0.076 kl=0.0035 clipf=0.033 ev=+0.736 r0=1.0000 entcoef=5.28e-03 lr=3.4e-04 seed=0
iter= 328 step=1052800 ep_ret=-135.129 opt_ret=-135.129 step_rew=-1.3513 opt_step=-1.3513 gap0=135.129 dret=+130.870 eval_ret=n/a pursuer_target_distance=1.519 capture=0.018 score=0.007 pol=-0.0025 val=0.0284 ent=1.0544 tot=+0.0062 agnorm=0.133 cgnorm=0.074 kl=0.0025 clipf=0.026 ev=+0.793 r0=1.0000 entcoef=5.27e-03 lr=3.4e-04 seed=0
iter= 329 step=1056000 ep_ret=-143.207 opt_ret=-143.207 step_rew=-1.4321 opt_step=-1.4321 gap0=143.207 dret=+122.792 eval_ret=n/a pursuer_target_distance=1.500 capture=0.008 score=0.003 pol=-0.0018 val=0.0183 ent=1.0677 tot=+0.0017 agnorm=0.082 cgnorm=0.054 kl=0.0022 clipf=0.019 ev=+0.828 r0=1.0000 entcoef=5.25e-03 lr=3.4e-04 seed=0
iter= 330 step=1059200 ep_ret=-132.998 opt_ret=-132.998 step_rew=-1.3300 opt_step=-1.3300 gap0=132.998 dret=+133.001 eval_ret=n/a pursuer_target_distance=1.451 capture=0.013 score=0.005 pol=-0.0025 val=0.0200 ent=1.0657 tot=+0.0020 agnorm=0.108 cgnorm=0.067 kl=0.0023 clipf=0.021 ev=+0.848 r0=1.0000 entcoef=5.24e-03 lr=3.4e-04 seed=0
iter= 331 step=1062400 ep_ret=-110.153 opt_ret=-110.153 step_rew=-1.1015 opt_step=-1.1015 gap0=110.153 dret=+155.846 eval_ret=n/a pursuer_target_distance=1.273 capture=0.018 score=0.008 pol=-0.0019 val=0.0269 ent=1.0540 tot=+0.0061 agnorm=0.141 cgnorm=0.086 kl=0.0019 clipf=0.017 ev=+0.785 r0=1.0000 entcoef=5.23e-03 lr=3.3e-04 seed=0
iter= 332 step=1065600 ep_ret=-115.682 opt_ret=-115.682 step_rew=-1.1568 opt_step=-1.1568 gap0=115.682 dret=+150.318 eval_ret=n/a pursuer_target_distance=1.400 capture=0.025 score=0.011 pol=-0.0028 val=0.0247 ent=1.0626 tot=+0.0040 agnorm=0.165 cgnorm=0.063 kl=0.0032 clipf=0.030 ev=+0.798 r0=1.0000 entcoef=5.21e-03 lr=3.3e-04 seed=0
iter= 333 step=1068800 ep_ret=-128.032 opt_ret=-128.032 step_rew=-1.2803 opt_step=-1.2803 gap0=128.032 dret=+137.968 eval_ret=n/a pursuer_target_distance=1.498 capture=0.023 score=0.009 pol=-0.0020 val=0.0318 ent=1.0581 tot=+0.0084 agnorm=0.192 cgnorm=0.059 kl=0.0031 clipf=0.027 ev=+0.790 r0=1.0000 entcoef=5.20e-03 lr=3.3e-04 seed=0
iter= 334 step=1072000 ep_ret=-103.008 opt_ret=-103.008 step_rew=-1.0301 opt_step=-1.0301 gap0=103.008 dret=+162.991 eval_ret=n/a pursuer_target_distance=1.295 capture=0.028 score=0.012 pol=-0.0020 val=0.0335 ent=1.0278 tot=+0.0095 agnorm=0.178 cgnorm=0.083 kl=0.0026 clipf=0.022 ev=+0.821 r0=1.0000 entcoef=5.18e-03 lr=3.3e-04 seed=0
iter= 335 step=1075200 ep_ret=-108.278 opt_ret=-108.278 step_rew=-1.0828 opt_step=-1.0828 gap0=108.278 dret=+157.721 eval_ret=n/a pursuer_target_distance=1.326 capture=0.025 score=0.011 pol=-0.0025 val=0.0288 ent=1.0136 tot=+0.0067 agnorm=0.142 cgnorm=0.066 kl=0.0022 clipf=0.023 ev=+0.801 r0=1.0000 entcoef=5.17e-03 lr=3.3e-04 seed=0
iter= 336 step=1078400 ep_ret=-140.615 opt_ret=-140.615 step_rew=-1.4061 opt_step=-1.4061 gap0=140.615 dret=+125.384 eval_ret=n/a pursuer_target_distance=1.477 capture=0.008 score=0.003 pol=-0.0028 val=0.0149 ent=1.0398 tot=-0.0008 agnorm=0.148 cgnorm=0.062 kl=0.0027 clipf=0.028 ev=+0.863 r0=1.0000 entcoef=5.15e-03 lr=3.3e-04 seed=0
iter= 337 step=1081600 ep_ret=-111.044 opt_ret=-111.044 step_rew=-1.1104 opt_step=-1.1104 gap0=111.044 dret=+154.955 eval_ret=n/a pursuer_target_distance=1.429 capture=0.033 score=0.014 pol=-0.0026 val=0.0434 ent=1.0164 tot=+0.0139 agnorm=0.217 cgnorm=0.073 kl=0.0041 clipf=0.039 ev=+0.670 r0=1.0000 entcoef=5.14e-03 lr=3.3e-04 seed=0
iter= 338 step=1084800 ep_ret=-93.835 opt_ret=-93.835 step_rew=-0.9383 opt_step=-0.9383 gap0=93.835 dret=+172.165 eval_ret=n/a pursuer_target_distance=1.100 capture=0.017 score=0.008 pol=-0.0025 val=0.0207 ent=0.9902 tot=+0.0028 agnorm=0.133 cgnorm=0.070 kl=0.0030 clipf=0.028 ev=+0.787 r0=1.0000 entcoef=5.13e-03 lr=3.3e-04 seed=0
iter= 339 step=1088000 ep_ret=-130.480 opt_ret=-130.480 step_rew=-1.3048 opt_step=-1.3048 gap0=130.480 dret=+135.519 eval_ret=n/a pursuer_target_distance=1.445 capture=0.015 score=0.006 pol=-0.0015 val=0.0217 ent=0.9387 tot=+0.0046 agnorm=0.065 cgnorm=0.072 kl=0.0018 clipf=0.016 ev=+0.839 r0=1.0000 entcoef=5.11e-03 lr=3.3e-04 seed=0
iter= 340 step=1091200 ep_ret=-148.077 opt_ret=-148.077 step_rew=-1.4808 opt_step=-1.4808 gap0=148.077 dret=+117.922 eval_ret=-118.063 pursuer_target_distance=1.618 capture=0.015 score=0.006 pol=-0.0023 val=0.0235 ent=0.9423 tot=+0.0046 agnorm=0.132 cgnorm=0.076 kl=0.0021 clipf=0.022 ev=+0.862 r0=1.0000 entcoef=5.10e-03 lr=3.2e-04 seed=0
iter= 341 step=1094400 ep_ret=-143.837 opt_ret=-143.837 step_rew=-1.4384 opt_step=-1.4384 gap0=143.837 dret=+122.162 eval_ret=n/a pursuer_target_distance=1.556 capture=0.013 score=0.005 pol=-0.0014 val=0.0250 ent=0.9993 tot=+0.0061 agnorm=0.398 cgnorm=0.063 kl=0.0028 clipf=0.027 ev=+0.836 r0=1.0000 entcoef=5.08e-03 lr=3.2e-04 seed=0
iter= 342 step=1097600 ep_ret=-137.844 opt_ret=-137.844 step_rew=-1.3784 opt_step=-1.3784 gap0=137.844 dret=+128.155 eval_ret=n/a pursuer_target_distance=1.443 capture=0.007 score=0.003 pol=-0.0018 val=0.0140 ent=0.9968 tot=+0.0002 agnorm=0.119 cgnorm=0.061 kl=0.0028 clipf=0.028 ev=+0.880 r0=1.0000 entcoef=5.07e-03 lr=3.2e-04 seed=0
iter= 343 step=1100800 ep_ret=-122.538 opt_ret=-122.538 step_rew=-1.2254 opt_step=-1.2254 gap0=122.538 dret=+143.461 eval_ret=n/a pursuer_target_distance=1.319 capture=0.010 score=0.004 pol=-0.0029 val=0.0153 ent=0.9552 tot=-0.0000 agnorm=0.208 cgnorm=0.051 kl=0.0025 clipf=0.025 ev=+0.858 r0=1.0000 entcoef=5.05e-03 lr=3.2e-04 seed=0
iter= 344 step=1104000 ep_ret=-102.227 opt_ret=-102.227 step_rew=-1.0223 opt_step=-1.0223 gap0=102.227 dret=+163.772 eval_ret=n/a pursuer_target_distance=1.128 capture=0.012 score=0.005 pol=-0.0026 val=0.0129 ent=0.9860 tot=-0.0012 agnorm=0.169 cgnorm=0.039 kl=0.0035 clipf=0.037 ev=+0.845 r0=1.0000 entcoef=5.04e-03 lr=3.2e-04 seed=0
iter= 345 step=1107200 ep_ret=-127.266 opt_ret=-127.266 step_rew=-1.2727 opt_step=-1.2727 gap0=127.266 dret=+138.733 eval_ret=n/a pursuer_target_distance=1.400 capture=0.014 score=0.006 pol=-0.0018 val=0.0225 ent=1.0103 tot=+0.0044 agnorm=0.109 cgnorm=0.065 kl=0.0018 clipf=0.016 ev=+0.798 r0=1.0000 entcoef=5.02e-03 lr=3.2e-04 seed=0
iter= 346 step=1110400 ep_ret=-153.712 opt_ret=-153.712 step_rew=-1.5371 opt_step=-1.5371 gap0=153.712 dret=+112.287 eval_ret=n/a pursuer_target_distance=1.655 capture=0.013 score=0.005 pol=-0.0023 val=0.0230 ent=0.9950 tot=+0.0042 agnorm=0.120 cgnorm=0.060 kl=0.0023 clipf=0.024 ev=+0.868 r0=1.0000 entcoef=5.01e-03 lr=3.2e-04 seed=0
iter= 347 step=1113600 ep_ret=-122.753 opt_ret=-122.753 step_rew=-1.2275 opt_step=-1.2275 gap0=122.753 dret=+143.247 eval_ret=n/a pursuer_target_distance=1.274 capture=0.006 score=0.002 pol=-0.0019 val=0.0118 ent=0.9910 tot=-0.0010 agnorm=0.095 cgnorm=0.043 kl=0.0028 clipf=0.030 ev=+0.872 r0=1.0000 entcoef=5.00e-03 lr=3.2e-04 seed=0
iter= 348 step=1116800 ep_ret=-125.008 opt_ret=-125.008 step_rew=-1.2501 opt_step=-1.2501 gap0=125.008 dret=+140.992 eval_ret=n/a pursuer_target_distance=1.393 capture=0.015 score=0.006 pol=-0.0031 val=0.0216 ent=0.9634 tot=+0.0030 agnorm=0.155 cgnorm=0.059 kl=0.0023 clipf=0.023 ev=+0.836 r0=1.0000 entcoef=4.98e-03 lr=3.2e-04 seed=0
iter= 349 step=1120000 ep_ret=-137.953 opt_ret=-137.953 step_rew=-1.3795 opt_step=-1.3795 gap0=137.953 dret=+128.046 eval_ret=n/a pursuer_target_distance=1.454 capture=0.008 score=0.003 pol=-0.0020 val=0.0151 ent=0.9700 tot=+0.0007 agnorm=0.103 cgnorm=0.074 kl=0.0020 clipf=0.019 ev=+0.885 r0=1.0000 entcoef=4.97e-03 lr=3.1e-04 seed=0
iter= 350 step=1123200 ep_ret=-132.079 opt_ret=-132.079 step_rew=-1.3208 opt_step=-1.3208 gap0=132.079 dret=+133.921 eval_ret=n/a pursuer_target_distance=1.358 capture=0.005 score=0.002 pol=-0.0021 val=0.0133 ent=0.9453 tot=-0.0002 agnorm=0.096 cgnorm=0.048 kl=0.0033 clipf=0.035 ev=+0.877 r0=1.0000 entcoef=4.95e-03 lr=3.1e-04 seed=0
iter= 351 step=1126400 ep_ret=-138.785 opt_ret=-138.785 step_rew=-1.3879 opt_step=-1.3879 gap0=138.785 dret=+127.214 eval_ret=n/a pursuer_target_distance=1.503 capture=0.013 score=0.005 pol=-0.0020 val=0.0220 ent=0.9766 tot=+0.0041 agnorm=0.097 cgnorm=0.068 kl=0.0024 clipf=0.025 ev=+0.788 r0=1.0000 entcoef=4.94e-03 lr=3.1e-04 seed=0
iter= 352 step=1129600 ep_ret=-123.124 opt_ret=-123.124 step_rew=-1.2312 opt_step=-1.2312 gap0=123.124 dret=+142.875 eval_ret=n/a pursuer_target_distance=1.349 capture=0.013 score=0.005 pol=-0.0021 val=0.0195 ent=0.9746 tot=+0.0028 agnorm=0.217 cgnorm=0.049 kl=0.0024 clipf=0.022 ev=+0.814 r0=1.0000 entcoef=4.92e-03 lr=3.1e-04 seed=0
iter= 353 step=1132800 ep_ret=-128.441 opt_ret=-128.441 step_rew=-1.2844 opt_step=-1.2844 gap0=128.441 dret=+137.558 eval_ret=n/a pursuer_target_distance=1.374 capture=0.010 score=0.004 pol=-0.0020 val=0.0128 ent=0.9951 tot=-0.0005 agnorm=0.227 cgnorm=0.049 kl=0.0023 clipf=0.024 ev=+0.842 r0=1.0000 entcoef=4.91e-03 lr=3.1e-04 seed=0
iter= 354 step=1136000 ep_ret=-141.834 opt_ret=-141.834 step_rew=-1.4183 opt_step=-1.4183 gap0=141.834 dret=+124.166 eval_ret=n/a pursuer_target_distance=1.518 capture=0.011 score=0.004 pol=-0.0019 val=0.0228 ent=0.9910 tot=+0.0047 agnorm=0.090 cgnorm=0.058 kl=0.0023 clipf=0.024 ev=+0.827 r0=1.0000 entcoef=4.89e-03 lr=3.1e-04 seed=0
iter= 355 step=1139200 ep_ret=-143.894 opt_ret=-143.894 step_rew=-1.4389 opt_step=-1.4389 gap0=143.894 dret=+122.105 eval_ret=n/a pursuer_target_distance=1.663 capture=0.023 score=0.009 pol=-0.0017 val=0.0367 ent=0.9221 tot=+0.0121 agnorm=0.099 cgnorm=0.067 kl=0.0016 clipf=0.014 ev=+0.797 r0=1.0000 entcoef=4.88e-03 lr=3.1e-04 seed=0
iter= 356 step=1142400 ep_ret=-165.038 opt_ret=-165.038 step_rew=-1.6504 opt_step=-1.6504 gap0=165.038 dret=+100.961 eval_ret=n/a pursuer_target_distance=1.775 capture=0.013 score=0.005 pol=-0.0019 val=0.0290 ent=0.9308 tot=+0.0081 agnorm=0.109 cgnorm=0.072 kl=0.0026 clipf=0.026 ev=+0.807 r0=1.0000 entcoef=4.87e-03 lr=3.1e-04 seed=0
iter= 357 step=1145600 ep_ret=-178.079 opt_ret=-178.079 step_rew=-1.7808 opt_step=-1.7808 gap0=178.079 dret=+87.921 eval_ret=n/a pursuer_target_distance=1.811 capture=0.004 score=0.001 pol=-0.0020 val=0.0192 ent=0.9284 tot=+0.0031 agnorm=0.133 cgnorm=0.068 kl=0.0019 clipf=0.019 ev=+0.896 r0=1.0000 entcoef=4.85e-03 lr=3.1e-04 seed=0
iter= 358 step=1148800 ep_ret=-133.964 opt_ret=-133.964 step_rew=-1.3396 opt_step=-1.3396 gap0=133.964 dret=+132.035 eval_ret=n/a pursuer_target_distance=1.389 capture=0.006 score=0.002 pol=-0.0024 val=0.0154 ent=0.9639 tot=+0.0006 agnorm=0.124 cgnorm=0.043 kl=0.0031 clipf=0.031 ev=+0.884 r0=1.0000 entcoef=4.84e-03 lr=3.0e-04 seed=0
iter= 359 step=1152000 ep_ret=-125.272 opt_ret=-125.272 step_rew=-1.2527 opt_step=-1.2527 gap0=125.272 dret=+140.728 eval_ret=n/a pursuer_target_distance=1.374 capture=0.013 score=0.006 pol=-0.0004 val=0.0154 ent=0.9739 tot=+0.0026 agnorm=0.446 cgnorm=0.039 kl=0.0034 clipf=0.033 ev=+0.881 r0=1.0000 entcoef=4.82e-03 lr=3.0e-04 seed=0
iter= 360 step=1155200 ep_ret=-119.450 opt_ret=-119.450 step_rew=-1.1945 opt_step=-1.1945 gap0=119.450 dret=+146.549 eval_ret=-112.161 pursuer_target_distance=1.400 capture=0.022 score=0.009 pol=-0.0016 val=0.0252 ent=0.9493 tot=+0.0065 agnorm=0.184 cgnorm=0.063 kl=0.0021 clipf=0.019 ev=+0.773 r0=1.0000 entcoef=4.81e-03 lr=3.0e-04 seed=0
iter= 361 step=1158400 ep_ret=-139.965 opt_ret=-139.965 step_rew=-1.3996 opt_step=-1.3996 gap0=139.965 dret=+126.034 eval_ret=n/a pursuer_target_distance=1.458 capture=0.007 score=0.003 pol=-0.0019 val=0.0128 ent=0.9340 tot=+0.0000 agnorm=0.148 cgnorm=0.042 kl=0.0022 clipf=0.022 ev=+0.852 r0=1.0000 entcoef=4.79e-03 lr=3.0e-04 seed=0
iter= 362 step=1161600 ep_ret=-164.261 opt_ret=-164.261 step_rew=-1.6426 opt_step=-1.6426 gap0=164.261 dret=+101.738 eval_ret=n/a pursuer_target_distance=1.739 capture=0.011 score=0.004 pol=-0.0021 val=0.0212 ent=0.9349 tot=+0.0041 agnorm=0.130 cgnorm=0.063 kl=0.0017 clipf=0.016 ev=+0.871 r0=1.0000 entcoef=4.78e-03 lr=3.0e-04 seed=0
iter= 363 step=1164800 ep_ret=-137.265 opt_ret=-137.265 step_rew=-1.3726 opt_step=-1.3726 gap0=137.265 dret=+128.734 eval_ret=n/a pursuer_target_distance=1.425 capture=0.006 score=0.003 pol=-0.0020 val=0.0135 ent=0.9418 tot=+0.0003 agnorm=0.084 cgnorm=0.049 kl=0.0018 clipf=0.018 ev=+0.888 r0=1.0000 entcoef=4.76e-03 lr=3.0e-04 seed=0
iter= 364 step=1168000 ep_ret=-128.103 opt_ret=-128.103 step_rew=-1.2810 opt_step=-1.2810 gap0=128.103 dret=+137.896 eval_ret=n/a pursuer_target_distance=1.355 capture=0.008 score=0.004 pol=-0.0026 val=0.0142 ent=0.9471 tot=+0.0000 agnorm=0.124 cgnorm=0.054 kl=0.0030 clipf=0.032 ev=+0.835 r0=1.0000 entcoef=4.75e-03 lr=3.0e-04 seed=0
iter= 365 step=1171200 ep_ret=-139.406 opt_ret=-139.406 step_rew=-1.3941 opt_step=-1.3941 gap0=139.406 dret=+126.593 eval_ret=n/a pursuer_target_distance=1.500 capture=0.012 score=0.005 pol=-0.0021 val=0.0211 ent=0.9293 tot=+0.0041 agnorm=0.272 cgnorm=0.057 kl=0.0027 clipf=0.028 ev=+0.825 r0=1.0000 entcoef=4.74e-03 lr=3.0e-04 seed=0
iter= 366 step=1174400 ep_ret=-147.354 opt_ret=-147.354 step_rew=-1.4735 opt_step=-1.4735 gap0=147.354 dret=+118.645 eval_ret=n/a pursuer_target_distance=1.651 capture=0.019 score=0.007 pol=-0.0020 val=0.0291 ent=0.9253 tot=+0.0082 agnorm=0.236 cgnorm=0.065 kl=0.0032 clipf=0.030 ev=+0.829 r0=1.0000 entcoef=4.72e-03 lr=3.0e-04 seed=0
iter= 367 step=1177600 ep_ret=-129.439 opt_ret=-129.439 step_rew=-1.2944 opt_step=-1.2944 gap0=129.439 dret=+136.561 eval_ret=n/a pursuer_target_distance=1.397 capture=0.011 score=0.005 pol=-0.0020 val=0.0153 ent=0.9458 tot=+0.0012 agnorm=0.115 cgnorm=0.056 kl=0.0019 clipf=0.019 ev=+0.814 r0=1.0000 entcoef=4.71e-03 lr=2.9e-04 seed=0
iter= 368 step=1180800 ep_ret=-167.764 opt_ret=-167.764 step_rew=-1.6776 opt_step=-1.6776 gap0=167.764 dret=+98.235 eval_ret=n/a pursuer_target_distance=1.715 capture=0.005 score=0.002 pol=-0.0013 val=0.0183 ent=0.9438 tot=+0.0034 agnorm=0.125 cgnorm=0.063 kl=0.0016 clipf=0.012 ev=+0.862 r0=1.0000 entcoef=4.69e-03 lr=2.9e-04 seed=0
iter= 369 step=1184000 ep_ret=-132.551 opt_ret=-132.551 step_rew=-1.3255 opt_step=-1.3255 gap0=132.551 dret=+133.448 eval_ret=n/a pursuer_target_distance=1.406 capture=0.009 score=0.004 pol=-0.0022 val=0.0187 ent=0.9638 tot=+0.0026 agnorm=0.121 cgnorm=0.055 kl=0.0031 clipf=0.031 ev=+0.842 r0=1.0000 entcoef=4.68e-03 lr=2.9e-04 seed=0
iter= 370 step=1187200 ep_ret=-94.294 opt_ret=-94.294 step_rew=-0.9429 opt_step=-0.9429 gap0=94.294 dret=+171.705 eval_ret=n/a pursuer_target_distance=1.130 capture=0.020 score=0.009 pol=-0.0030 val=0.0163 ent=0.9532 tot=+0.0007 agnorm=0.145 cgnorm=0.055 kl=0.0033 clipf=0.038 ev=+0.787 r0=1.0000 entcoef=4.66e-03 lr=2.9e-04 seed=0
iter= 371 step=1190400 ep_ret=-159.451 opt_ret=-159.451 step_rew=-1.5945 opt_step=-1.5945 gap0=159.451 dret=+106.548 eval_ret=n/a pursuer_target_distance=1.631 capture=0.005 score=0.002 pol=-0.0022 val=0.0135 ent=0.9188 tot=+0.0002 agnorm=0.125 cgnorm=0.046 kl=0.0027 clipf=0.026 ev=+0.876 r0=1.0000 entcoef=4.65e-03 lr=2.9e-04 seed=0
iter= 372 step=1193600 ep_ret=-116.547 opt_ret=-116.547 step_rew=-1.1655 opt_step=-1.1655 gap0=116.547 dret=+149.453 eval_ret=n/a pursuer_target_distance=1.337 capture=0.018 score=0.008 pol=-0.0016 val=0.0280 ent=0.8844 tot=+0.0083 agnorm=0.159 cgnorm=0.098 kl=0.0026 clipf=0.023 ev=+0.705 r0=1.0000 entcoef=4.63e-03 lr=2.9e-04 seed=0
iter= 373 step=1196800 ep_ret=-158.491 opt_ret=-158.491 step_rew=-1.5849 opt_step=-1.5849 gap0=158.491 dret=+107.508 eval_ret=n/a pursuer_target_distance=1.637 capture=0.006 score=0.002 pol=-0.0017 val=0.0131 ent=0.8600 tot=+0.0008 agnorm=0.102 cgnorm=0.045 kl=0.0022 clipf=0.023 ev=+0.882 r0=1.0000 entcoef=4.62e-03 lr=2.9e-04 seed=0
iter= 374 step=1200000 ep_ret=-134.773 opt_ret=-134.773 step_rew=-1.3477 opt_step=-1.3477 gap0=134.773 dret=+131.226 eval_ret=n/a pursuer_target_distance=1.441 capture=0.010 score=0.004 pol=-0.0018 val=0.0162 ent=0.8579 tot=+0.0023 agnorm=0.160 cgnorm=0.041 kl=0.0021 clipf=0.021 ev=+0.862 r0=1.0000 entcoef=4.61e-03 lr=2.9e-04 seed=0
iter= 375 step=1203200 ep_ret=-108.975 opt_ret=-108.975 step_rew=-1.0897 opt_step=-1.0897 gap0=108.975 dret=+157.025 eval_ret=n/a pursuer_target_distance=1.342 capture=0.026 score=0.011 pol=-0.0032 val=0.0324 ent=0.8932 tot=+0.0089 agnorm=0.176 cgnorm=0.064 kl=0.0028 clipf=0.031 ev=+0.717 r0=1.0000 entcoef=4.59e-03 lr=2.9e-04 seed=0
iter= 376 step=1206400 ep_ret=-138.201 opt_ret=-138.201 step_rew=-1.3820 opt_step=-1.3820 gap0=138.201 dret=+127.798 eval_ret=n/a pursuer_target_distance=1.497 capture=0.013 score=0.005 pol=-0.0019 val=0.0221 ent=0.8790 tot=+0.0052 agnorm=0.144 cgnorm=0.069 kl=0.0023 clipf=0.025 ev=+0.758 r0=1.0000 entcoef=4.58e-03 lr=2.8e-04 seed=0
iter= 377 step=1209600 ep_ret=-129.223 opt_ret=-129.223 step_rew=-1.2922 opt_step=-1.2922 gap0=129.223 dret=+136.776 eval_ret=n/a pursuer_target_distance=1.345 capture=0.006 score=0.003 pol=-0.0028 val=0.0138 ent=0.8796 tot=+0.0001 agnorm=0.147 cgnorm=0.045 kl=0.0033 clipf=0.039 ev=+0.822 r0=1.0000 entcoef=4.56e-03 lr=2.8e-04 seed=0
iter= 378 step=1212800 ep_ret=-148.632 opt_ret=-148.632 step_rew=-1.4863 opt_step=-1.4863 gap0=148.632 dret=+117.367 eval_ret=n/a pursuer_target_distance=1.642 capture=0.017 score=0.006 pol=-0.0017 val=0.0293 ent=0.8773 tot=+0.0089 agnorm=0.317 cgnorm=0.051 kl=0.0022 clipf=0.019 ev=+0.755 r0=1.0000 entcoef=4.55e-03 lr=2.8e-04 seed=0
iter= 379 step=1216000 ep_ret=-132.779 opt_ret=-132.779 step_rew=-1.3278 opt_step=-1.3278 gap0=132.779 dret=+133.220 eval_ret=n/a pursuer_target_distance=1.393 capture=0.007 score=0.003 pol=-0.0019 val=0.0145 ent=0.8901 tot=+0.0013 agnorm=0.174 cgnorm=0.043 kl=0.0026 clipf=0.028 ev=+0.762 r0=1.0000 entcoef=4.53e-03 lr=2.8e-04 seed=0
iter= 380 step=1219200 ep_ret=-82.067 opt_ret=-82.067 step_rew=-0.8207 opt_step=-0.8207 gap0=82.067 dret=+183.932 eval_ret=-114.514 pursuer_target_distance=1.054 capture=0.024 score=0.012 pol=-0.0031 val=0.0202 ent=0.8682 tot=+0.0030 agnorm=0.183 cgnorm=0.062 kl=0.0037 clipf=0.043 ev=+0.731 r0=1.0000 entcoef=4.52e-03 lr=2.8e-04 seed=0
iter= 381 step=1222400 ep_ret=-122.928 opt_ret=-122.928 step_rew=-1.2293 opt_step=-1.2293 gap0=122.928 dret=+143.071 eval_ret=n/a pursuer_target_distance=1.304 capture=0.008 score=0.004 pol=-0.0020 val=0.0124 ent=0.8614 tot=+0.0003 agnorm=0.203 cgnorm=0.040 kl=0.0023 clipf=0.022 ev=+0.858 r0=1.0000 entcoef=4.50e-03 lr=2.8e-04 seed=0
iter= 382 step=1225600 ep_ret=-132.684 opt_ret=-132.684 step_rew=-1.3268 opt_step=-1.3268 gap0=132.684 dret=+133.315 eval_ret=n/a pursuer_target_distance=1.486 capture=0.017 score=0.007 pol=-0.0024 val=0.0297 ent=0.8714 tot=+0.0086 agnorm=0.230 cgnorm=0.059 kl=0.0029 clipf=0.031 ev=+0.724 r0=1.0000 entcoef=4.49e-03 lr=2.8e-04 seed=0
iter= 383 step=1228800 ep_ret=-148.309 opt_ret=-148.309 step_rew=-1.4831 opt_step=-1.4831 gap0=148.309 dret=+117.690 eval_ret=n/a pursuer_target_distance=1.582 capture=0.011 score=0.004 pol=-0.0015 val=0.0300 ent=0.8596 tot=+0.0096 agnorm=0.139 cgnorm=0.073 kl=0.0021 clipf=0.021 ev=+0.772 r0=1.0000 entcoef=4.48e-03 lr=2.8e-04 seed=0
iter= 384 step=1232000 ep_ret=-137.379 opt_ret=-137.379 step_rew=-1.3738 opt_step=-1.3738 gap0=137.379 dret=+128.620 eval_ret=n/a pursuer_target_distance=1.523 capture=0.016 score=0.006 pol=-0.0026 val=0.0212 ent=0.8612 tot=+0.0041 agnorm=0.320 cgnorm=0.055 kl=0.0029 clipf=0.031 ev=+0.818 r0=1.0000 entcoef=4.46e-03 lr=2.8e-04 seed=0
iter= 385 step=1235200 ep_ret=-104.353 opt_ret=-104.353 step_rew=-1.0435 opt_step=-1.0435 gap0=104.353 dret=+161.646 eval_ret=n/a pursuer_target_distance=1.227 capture=0.019 score=0.009 pol=-0.0019 val=0.0192 ent=0.8778 tot=+0.0038 agnorm=0.171 cgnorm=0.055 kl=0.0034 clipf=0.032 ev=+0.801 r0=1.0000 entcoef=4.45e-03 lr=2.7e-04 seed=0
iter= 386 step=1238400 ep_ret=-116.046 opt_ret=-116.046 step_rew=-1.1605 opt_step=-1.1605 gap0=116.046 dret=+149.953 eval_ret=n/a pursuer_target_distance=1.335 capture=0.018 score=0.008 pol=-0.0015 val=0.0258 ent=0.8849 tot=+0.0075 agnorm=0.147 cgnorm=0.073 kl=0.0021 clipf=0.022 ev=+0.764 r0=1.0000 entcoef=4.43e-03 lr=2.7e-04 seed=0
iter= 387 step=1241600 ep_ret=-141.207 opt_ret=-141.207 step_rew=-1.4121 opt_step=-1.4121 gap0=141.207 dret=+124.792 eval_ret=n/a pursuer_target_distance=1.555 capture=0.015 score=0.006 pol=-0.0024 val=0.0251 ent=0.8848 tot=+0.0062 agnorm=0.171 cgnorm=0.065 kl=0.0026 clipf=0.027 ev=+0.812 r0=1.0000 entcoef=4.42e-03 lr=2.7e-04 seed=0
iter= 388 step=1244800 ep_ret=-104.871 opt_ret=-104.871 step_rew=-1.0487 opt_step=-1.0487 gap0=104.871 dret=+161.128 eval_ret=n/a pursuer_target_distance=1.179 capture=0.014 score=0.006 pol=-0.0022 val=0.0205 ent=0.8449 tot=+0.0043 agnorm=0.273 cgnorm=0.061 kl=0.0026 clipf=0.026 ev=+0.811 r0=1.0000 entcoef=4.40e-03 lr=2.7e-04 seed=0
iter= 389 step=1248000 ep_ret=-139.325 opt_ret=-139.325 step_rew=-1.3933 opt_step=-1.3933 gap0=139.325 dret=+126.674 eval_ret=n/a pursuer_target_distance=1.433 capture=0.005 score=0.002 pol=-0.0016 val=0.0132 ent=0.8115 tot=+0.0014 agnorm=0.108 cgnorm=0.060 kl=0.0018 clipf=0.016 ev=+0.862 r0=1.0000 entcoef=4.39e-03 lr=2.7e-04 seed=0
iter= 390 step=1251200 ep_ret=-104.334 opt_ret=-104.334 step_rew=-1.0433 opt_step=-1.0433 gap0=104.334 dret=+161.666 eval_ret=n/a pursuer_target_distance=1.290 capture=0.026 score=0.011 pol=-0.0021 val=0.0268 ent=0.8360 tot=+0.0077 agnorm=0.206 cgnorm=0.066 kl=0.0023 clipf=0.023 ev=+0.754 r0=1.0000 entcoef=4.37e-03 lr=2.7e-04 seed=0
iter= 391 step=1254400 ep_ret=-109.773 opt_ret=-109.773 step_rew=-1.0977 opt_step=-1.0977 gap0=109.773 dret=+156.226 eval_ret=n/a pursuer_target_distance=1.238 capture=0.015 score=0.007 pol=-0.0017 val=0.0148 ent=0.8170 tot=+0.0022 agnorm=0.179 cgnorm=0.054 kl=0.0020 clipf=0.020 ev=+0.848 r0=1.0000 entcoef=4.36e-03 lr=2.7e-04 seed=0
iter= 392 step=1257600 ep_ret=-82.399 opt_ret=-82.399 step_rew=-0.8240 opt_step=-0.8240 gap0=82.399 dret=+183.600 eval_ret=n/a pursuer_target_distance=1.051 capture=0.024 score=0.012 pol=-0.0015 val=0.0311 ent=0.8408 tot=+0.0104 agnorm=0.173 cgnorm=0.074 kl=0.0027 clipf=0.027 ev=+0.470 r0=1.0000 entcoef=4.35e-03 lr=2.7e-04 seed=0
iter= 393 step=1260800 ep_ret=-136.165 opt_ret=-136.165 step_rew=-1.3616 opt_step=-1.3616 gap0=136.165 dret=+129.835 eval_ret=n/a pursuer_target_distance=1.486 capture=0.013 score=0.005 pol=-0.0021 val=0.0212 ent=0.8131 tot=+0.0050 agnorm=0.167 cgnorm=0.051 kl=0.0030 clipf=0.029 ev=+0.796 r0=1.0000 entcoef=4.33e-03 lr=2.7e-04 seed=0
iter= 394 step=1264000 ep_ret=-130.685 opt_ret=-130.685 step_rew=-1.3068 opt_step=-1.3068 gap0=130.685 dret=+135.314 eval_ret=n/a pursuer_target_distance=1.378 capture=0.008 score=0.003 pol=-0.0020 val=0.0139 ent=0.7773 tot=+0.0016 agnorm=0.423 cgnorm=0.036 kl=0.0027 clipf=0.031 ev=+0.822 r0=1.0000 entcoef=4.32e-03 lr=2.6e-04 seed=0
iter= 395 step=1267200 ep_ret=-186.909 opt_ret=-186.909 step_rew=-1.8691 opt_step=-1.8691 gap0=186.909 dret=+79.090 eval_ret=n/a pursuer_target_distance=1.922 capture=0.006 score=0.002 pol=-0.0019 val=0.0212 ent=0.8170 tot=+0.0052 agnorm=0.264 cgnorm=0.085 kl=0.0034 clipf=0.042 ev=+0.839 r0=1.0000 entcoef=4.30e-03 lr=2.6e-04 seed=0
iter= 396 step=1270400 ep_ret=-107.424 opt_ret=-107.424 step_rew=-1.0742 opt_step=-1.0742 gap0=107.424 dret=+158.576 eval_ret=n/a pursuer_target_distance=1.142 capture=0.008 score=0.004 pol=-0.0017 val=0.0082 ent=0.8296 tot=-0.0012 agnorm=0.199 cgnorm=0.049 kl=0.0022 clipf=0.020 ev=+0.894 r0=1.0000 entcoef=4.29e-03 lr=2.6e-04 seed=0
iter= 397 step=1273600 ep_ret=-116.962 opt_ret=-116.962 step_rew=-1.1696 opt_step=-1.1696 gap0=116.962 dret=+149.037 eval_ret=n/a pursuer_target_distance=1.235 capture=0.007 score=0.003 pol=-0.0020 val=0.0121 ent=0.8044 tot=+0.0006 agnorm=0.225 cgnorm=0.034 kl=0.0022 clipf=0.023 ev=+0.882 r0=1.0000 entcoef=4.27e-03 lr=2.6e-04 seed=0
iter= 398 step=1276800 ep_ret=-150.956 opt_ret=-150.956 step_rew=-1.5096 opt_step=-1.5096 gap0=150.956 dret=+115.043 eval_ret=n/a pursuer_target_distance=1.625 capture=0.013 score=0.005 pol=-0.0016 val=0.0255 ent=0.7637 tot=+0.0079 agnorm=0.138 cgnorm=0.081 kl=0.0024 clipf=0.025 ev=+0.786 r0=1.0000 entcoef=4.26e-03 lr=2.6e-04 seed=0
iter= 399 step=1280000 ep_ret=-104.736 opt_ret=-104.736 step_rew=-1.0474 opt_step=-1.0474 gap0=104.736 dret=+161.263 eval_ret=n/a pursuer_target_distance=1.262 capture=0.022 score=0.010 pol=-0.0020 val=0.0222 ent=0.7546 tot=+0.0059 agnorm=0.139 cgnorm=0.067 kl=0.0021 clipf=0.021 ev=+0.809 r0=1.0000 entcoef=4.25e-03 lr=2.6e-04 seed=0
iter= 400 step=1283200 ep_ret=-107.844 opt_ret=-107.844 step_rew=-1.0784 opt_step=-1.0784 gap0=107.844 dret=+158.156 eval_ret=-116.758 pursuer_target_distance=1.318 capture=0.025 score=0.011 pol=-0.0020 val=0.0239 ent=0.8023 tot=+0.0065 agnorm=0.138 cgnorm=0.056 kl=0.0024 clipf=0.024 ev=+0.762 r0=1.0000 entcoef=4.23e-03 lr=2.6e-04 seed=0
iter= 401 step=1286400 ep_ret=-147.516 opt_ret=-147.516 step_rew=-1.4752 opt_step=-1.4752 gap0=147.516 dret=+118.483 eval_ret=n/a pursuer_target_distance=1.562 capture=0.010 score=0.004 pol=-0.0019 val=0.0137 ent=0.7596 tot=+0.0017 agnorm=0.123 cgnorm=0.054 kl=0.0019 clipf=0.019 ev=+0.901 r0=1.0000 entcoef=4.22e-03 lr=2.6e-04 seed=0
iter= 402 step=1289600 ep_ret=-123.779 opt_ret=-123.779 step_rew=-1.2378 opt_step=-1.2378 gap0=123.779 dret=+142.220 eval_ret=n/a pursuer_target_distance=1.328 capture=0.010 score=0.004 pol=-0.0024 val=0.0171 ent=0.8835 tot=+0.0025 agnorm=0.149 cgnorm=0.078 kl=0.0024 clipf=0.024 ev=+0.809 r0=1.0000 entcoef=4.20e-03 lr=2.6e-04 seed=0
iter= 403 step=1292800 ep_ret=-94.939 opt_ret=-94.939 step_rew=-0.9494 opt_step=-0.9494 gap0=94.939 dret=+171.061 eval_ret=n/a pursuer_target_distance=1.071 capture=0.013 score=0.006 pol=-0.0018 val=0.0152 ent=0.8201 tot=+0.0023 agnorm=0.148 cgnorm=0.068 kl=0.0026 clipf=0.026 ev=+0.829 r0=1.0000 entcoef=4.19e-03 lr=2.5e-04 seed=0
iter= 404 step=1296000 ep_ret=-122.809 opt_ret=-122.809 step_rew=-1.2281 opt_step=-1.2281 gap0=122.809 dret=+143.190 eval_ret=n/a pursuer_target_distance=1.409 capture=0.019 score=0.008 pol=-0.0017 val=0.0254 ent=0.8064 tot=+0.0076 agnorm=0.175 cgnorm=0.069 kl=0.0026 clipf=0.030 ev=+0.683 r0=1.0000 entcoef=4.17e-03 lr=2.5e-04 seed=0
iter= 405 step=1299200 ep_ret=-115.631 opt_ret=-115.631 step_rew=-1.1563 opt_step=-1.1563 gap0=115.631 dret=+150.368 eval_ret=n/a pursuer_target_distance=1.296 capture=0.015 score=0.007 pol=-0.0019 val=0.0224 ent=0.8387 tot=+0.0058 agnorm=0.121 cgnorm=0.056 kl=0.0020 clipf=0.020 ev=+0.671 r0=1.0000 entcoef=4.16e-03 lr=2.5e-04 seed=0
iter= 406 step=1302400 ep_ret=-113.772 opt_ret=-113.772 step_rew=-1.1377 opt_step=-1.1377 gap0=113.772 dret=+152.227 eval_ret=n/a pursuer_target_distance=1.265 capture=0.014 score=0.006 pol=-0.0016 val=0.0237 ent=0.8134 tot=+0.0069 agnorm=0.160 cgnorm=0.055 kl=0.0014 clipf=0.012 ev=+0.659 r0=1.0000 entcoef=4.14e-03 lr=2.5e-04 seed=0
iter= 407 step=1305600 ep_ret=-97.800 opt_ret=-97.800 step_rew=-0.9780 opt_step=-0.9780 gap0=97.800 dret=+168.199 eval_ret=n/a pursuer_target_distance=1.277 capture=0.031 score=0.014 pol=-0.0018 val=0.0360 ent=0.7917 tot=+0.0129 agnorm=0.162 cgnorm=0.077 kl=0.0016 clipf=0.018 ev=+0.701 r0=1.0000 entcoef=4.13e-03 lr=2.5e-04 seed=0
iter= 408 step=1308800 ep_ret=-132.112 opt_ret=-132.112 step_rew=-1.3211 opt_step=-1.3211 gap0=132.112 dret=+133.887 eval_ret=n/a pursuer_target_distance=1.480 capture=0.017 score=0.007 pol=-0.0020 val=0.0252 ent=0.8101 tot=+0.0073 agnorm=0.136 cgnorm=0.075 kl=0.0025 clipf=0.028 ev=+0.786 r0=1.0000 entcoef=4.12e-03 lr=2.5e-04 seed=0
iter= 409 step=1312000 ep_ret=-146.636 opt_ret=-146.636 step_rew=-1.4664 opt_step=-1.4664 gap0=146.636 dret=+119.363 eval_ret=n/a pursuer_target_distance=1.538 capture=0.008 score=0.003 pol=-0.0017 val=0.0195 ent=0.8145 tot=+0.0047 agnorm=0.159 cgnorm=0.073 kl=0.0021 clipf=0.021 ev=+0.785 r0=1.0000 entcoef=4.10e-03 lr=2.5e-04 seed=0
iter= 410 step=1315200 ep_ret=-154.518 opt_ret=-154.518 step_rew=-1.5452 opt_step=-1.5452 gap0=154.518 dret=+111.481 eval_ret=n/a pursuer_target_distance=1.613 capture=0.008 score=0.003 pol=-0.0021 val=0.0180 ent=0.8505 tot=+0.0034 agnorm=0.188 cgnorm=0.061 kl=0.0025 clipf=0.027 ev=+0.799 r0=1.0000 entcoef=4.09e-03 lr=2.5e-04 seed=0
iter= 411 step=1318400 ep_ret=-144.601 opt_ret=-144.601 step_rew=-1.4460 opt_step=-1.4460 gap0=144.601 dret=+121.399 eval_ret=n/a pursuer_target_distance=1.589 capture=0.015 score=0.006 pol=-0.0018 val=0.0260 ent=0.8361 tot=+0.0078 agnorm=0.146 cgnorm=0.058 kl=0.0019 clipf=0.017 ev=+0.766 r0=1.0000 entcoef=4.07e-03 lr=2.5e-04 seed=0
iter= 412 step=1321600 ep_ret=-128.928 opt_ret=-128.928 step_rew=-1.2893 opt_step=-1.2893 gap0=128.928 dret=+137.072 eval_ret=n/a pursuer_target_distance=1.492 capture=0.021 score=0.009 pol=-0.0026 val=0.0213 ent=0.7881 tot=+0.0048 agnorm=0.197 cgnorm=0.064 kl=0.0026 clipf=0.030 ev=+0.805 r0=1.0000 entcoef=4.06e-03 lr=2.4e-04 seed=0
iter= 413 step=1324800 ep_ret=-124.508 opt_ret=-124.508 step_rew=-1.2451 opt_step=-1.2451 gap0=124.508 dret=+141.491 eval_ret=n/a pursuer_target_distance=1.526 capture=0.029 score=0.012 pol=-0.0021 val=0.0398 ent=0.8268 tot=+0.0144 agnorm=0.209 cgnorm=0.066 kl=0.0026 clipf=0.025 ev=+0.627 r0=1.0000 entcoef=4.04e-03 lr=2.4e-04 seed=0
iter= 414 step=1328000 ep_ret=-127.173 opt_ret=-127.173 step_rew=-1.2717 opt_step=-1.2717 gap0=127.173 dret=+138.826 eval_ret=n/a pursuer_target_distance=1.443 capture=0.018 score=0.007 pol=-0.0019 val=0.0186 ent=0.7980 tot=+0.0042 agnorm=0.200 cgnorm=0.050 kl=0.0023 clipf=0.025 ev=+0.825 r0=1.0000 entcoef=4.03e-03 lr=2.4e-04 seed=0
iter= 415 step=1331200 ep_ret=-137.514 opt_ret=-137.514 step_rew=-1.3751 opt_step=-1.3751 gap0=137.514 dret=+128.486 eval_ret=n/a pursuer_target_distance=1.568 capture=0.020 score=0.008 pol=-0.0017 val=0.0217 ent=0.8066 tot=+0.0059 agnorm=0.259 cgnorm=0.047 kl=0.0019 clipf=0.017 ev=+0.820 r0=1.0000 entcoef=4.01e-03 lr=2.4e-04 seed=0
iter= 416 step=1334400 ep_ret=-120.652 opt_ret=-120.652 step_rew=-1.2065 opt_step=-1.2065 gap0=120.652 dret=+145.348 eval_ret=n/a pursuer_target_distance=1.284 capture=0.009 score=0.004 pol=-0.0020 val=0.0127 ent=0.8099 tot=+0.0011 agnorm=0.197 cgnorm=0.037 kl=0.0029 clipf=0.030 ev=+0.825 r0=1.0000 entcoef=4.00e-03 lr=2.4e-04 seed=0
iter= 417 step=1337600 ep_ret=-63.102 opt_ret=-63.102 step_rew=-0.6310 opt_step=-0.6310 gap0=63.102 dret=+202.897 eval_ret=n/a pursuer_target_distance=0.921 capture=0.030 score=0.016 pol=-0.0029 val=0.0199 ent=0.8639 tot=+0.0036 agnorm=0.165 cgnorm=0.050 kl=0.0027 clipf=0.031 ev=+0.715 r0=1.0000 entcoef=3.99e-03 lr=2.4e-04 seed=0
iter= 418 step=1340800 ep_ret=-144.873 opt_ret=-144.873 step_rew=-1.4487 opt_step=-1.4487 gap0=144.873 dret=+121.126 eval_ret=n/a pursuer_target_distance=1.507 capture=0.007 score=0.003 pol=-0.0019 val=0.0193 ent=0.8330 tot=+0.0044 agnorm=0.163 cgnorm=0.064 kl=0.0025 clipf=0.021 ev=+0.780 r0=1.0000 entcoef=3.97e-03 lr=2.4e-04 seed=0
iter= 419 step=1344000 ep_ret=-106.597 opt_ret=-106.597 step_rew=-1.0660 opt_step=-1.0660 gap0=106.597 dret=+159.403 eval_ret=n/a pursuer_target_distance=1.203 capture=0.015 score=0.007 pol=-0.0014 val=0.0164 ent=0.8358 tot=+0.0034 agnorm=0.135 cgnorm=0.050 kl=0.0023 clipf=0.022 ev=+0.822 r0=1.0000 entcoef=3.96e-03 lr=2.4e-04 seed=0
iter= 420 step=1347200 ep_ret=-97.231 opt_ret=-97.231 step_rew=-0.9723 opt_step=-0.9723 gap0=97.231 dret=+168.768 eval_ret=-106.648 pursuer_target_distance=1.190 capture=0.023 score=0.010 pol=-0.0028 val=0.0199 ent=0.8344 tot=+0.0038 agnorm=0.272 cgnorm=0.054 kl=0.0029 clipf=0.031 ev=+0.777 r0=1.0000 entcoef=3.94e-03 lr=2.4e-04 seed=0
iter= 421 step=1350400 ep_ret=-160.159 opt_ret=-160.159 step_rew=-1.6016 opt_step=-1.6016 gap0=160.159 dret=+105.840 eval_ret=n/a pursuer_target_distance=1.638 capture=0.005 score=0.002 pol=-0.0015 val=0.0182 ent=0.7985 tot=+0.0045 agnorm=0.118 cgnorm=0.070 kl=0.0016 clipf=0.014 ev=+0.857 r0=1.0000 entcoef=3.93e-03 lr=2.3e-04 seed=0
iter= 422 step=1353600 ep_ret=-121.561 opt_ret=-121.561 step_rew=-1.2156 opt_step=-1.2156 gap0=121.561 dret=+144.438 eval_ret=n/a pursuer_target_distance=1.356 capture=0.015 score=0.006 pol=-0.0019 val=0.0181 ent=0.8319 tot=+0.0039 agnorm=0.148 cgnorm=0.049 kl=0.0028 clipf=0.030 ev=+0.824 r0=1.0000 entcoef=3.91e-03 lr=2.3e-04 seed=0
iter= 423 step=1356800 ep_ret=-93.752 opt_ret=-93.752 step_rew=-0.9375 opt_step=-0.9375 gap0=93.752 dret=+172.247 eval_ret=n/a pursuer_target_distance=1.156 capture=0.023 score=0.011 pol=-0.0022 val=0.0251 ent=0.7924 tot=+0.0073 agnorm=0.149 cgnorm=0.070 kl=0.0020 clipf=0.020 ev=+0.735 r0=1.0000 entcoef=3.90e-03 lr=2.3e-04 seed=0
iter= 424 step=1360000 ep_ret=-119.218 opt_ret=-119.218 step_rew=-1.1922 opt_step=-1.1922 gap0=119.218 dret=+146.781 eval_ret=n/a pursuer_target_distance=1.482 capture=0.030 score=0.012 pol=-0.0014 val=0.0417 ent=0.8465 tot=+0.0162 agnorm=0.123 cgnorm=0.082 kl=0.0020 clipf=0.021 ev=+0.723 r0=1.0000 entcoef=3.88e-03 lr=2.3e-04 seed=0
iter= 425 step=1363200 ep_ret=-97.885 opt_ret=-97.885 step_rew=-0.9789 opt_step=-0.9789 gap0=97.885 dret=+168.114 eval_ret=n/a pursuer_target_distance=1.138 capture=0.017 score=0.008 pol=-0.0024 val=0.0160 ent=0.8242 tot=+0.0024 agnorm=0.226 cgnorm=0.043 kl=0.0024 clipf=0.025 ev=+0.797 r0=1.0000 entcoef=3.87e-03 lr=2.3e-04 seed=0
iter= 426 step=1366400 ep_ret=-127.999 opt_ret=-127.999 step_rew=-1.2800 opt_step=-1.2800 gap0=127.999 dret=+138.000 eval_ret=n/a pursuer_target_distance=1.420 capture=0.015 score=0.006 pol=-0.0017 val=0.0208 ent=0.8340 tot=+0.0055 agnorm=0.102 cgnorm=0.050 kl=0.0018 clipf=0.016 ev=+0.858 r0=1.0000 entcoef=3.86e-03 lr=2.3e-04 seed=0
iter= 427 step=1369600 ep_ret=-130.584 opt_ret=-130.584 step_rew=-1.3058 opt_step=-1.3058 gap0=130.584 dret=+135.415 eval_ret=n/a pursuer_target_distance=1.427 capture=0.013 score=0.005 pol=-0.0022 val=0.0167 ent=0.8328 tot=+0.0030 agnorm=0.132 cgnorm=0.060 kl=0.0023 clipf=0.028 ev=+0.841 r0=1.0000 entcoef=3.84e-03 lr=2.3e-04 seed=0
iter= 428 step=1372800 ep_ret=-119.815 opt_ret=-119.815 step_rew=-1.1981 opt_step=-1.1981 gap0=119.815 dret=+146.184 eval_ret=n/a pursuer_target_distance=1.354 capture=0.017 score=0.007 pol=-0.0015 val=0.0183 ent=0.8047 tot=+0.0046 agnorm=0.126 cgnorm=0.052 kl=0.0020 clipf=0.020 ev=+0.820 r0=1.0000 entcoef=3.83e-03 lr=2.3e-04 seed=0
iter= 429 step=1376000 ep_ret=-106.637 opt_ret=-106.637 step_rew=-1.0664 opt_step=-1.0664 gap0=106.637 dret=+159.363 eval_ret=n/a pursuer_target_distance=1.222 capture=0.017 score=0.007 pol=-0.0017 val=0.0231 ent=0.8175 tot=+0.0067 agnorm=0.146 cgnorm=0.059 kl=0.0024 clipf=0.024 ev=+0.709 r0=1.0000 entcoef=3.81e-03 lr=2.3e-04 seed=0
iter= 430 step=1379200 ep_ret=-98.735 opt_ret=-98.735 step_rew=-0.9874 opt_step=-0.9874 gap0=98.735 dret=+167.264 eval_ret=n/a pursuer_target_distance=1.249 capture=0.027 score=0.012 pol=-0.0016 val=0.0292 ent=0.8010 tot=+0.0099 agnorm=0.223 cgnorm=0.066 kl=0.0015 clipf=0.016 ev=+0.716 r0=1.0000 entcoef=3.80e-03 lr=2.2e-04 seed=0
iter= 431 step=1382400 ep_ret=-155.971 opt_ret=-155.971 step_rew=-1.5597 opt_step=-1.5597 gap0=155.971 dret=+110.028 eval_ret=n/a pursuer_target_distance=1.650 capture=0.010 score=0.004 pol=-0.0021 val=0.0195 ent=0.7959 tot=+0.0046 agnorm=0.131 cgnorm=0.079 kl=0.0021 clipf=0.021 ev=+0.815 r0=1.0000 entcoef=3.78e-03 lr=2.2e-04 seed=0
iter= 432 step=1385600 ep_ret=-120.274 opt_ret=-120.274 step_rew=-1.2027 opt_step=-1.2027 gap0=120.274 dret=+145.725 eval_ret=n/a pursuer_target_distance=1.299 capture=0.011 score=0.005 pol=-0.0023 val=0.0128 ent=0.8092 tot=+0.0011 agnorm=0.172 cgnorm=0.039 kl=0.0021 clipf=0.021 ev=+0.859 r0=1.0000 entcoef=3.77e-03 lr=2.2e-04 seed=0
iter= 433 step=1388800 ep_ret=-136.088 opt_ret=-136.088 step_rew=-1.3609 opt_step=-1.3609 gap0=136.088 dret=+129.912 eval_ret=n/a pursuer_target_distance=1.485 capture=0.013 score=0.005 pol=-0.0017 val=0.0161 ent=0.7901 tot=+0.0034 agnorm=0.134 cgnorm=0.056 kl=0.0017 clipf=0.018 ev=+0.827 r0=1.0000 entcoef=3.75e-03 lr=2.2e-04 seed=0
iter= 434 step=1392000 ep_ret=-91.082 opt_ret=-91.082 step_rew=-0.9108 opt_step=-0.9108 gap0=91.082 dret=+174.917 eval_ret=n/a pursuer_target_distance=1.154 capture=0.025 score=0.012 pol=-0.0014 val=0.0255 ent=0.7832 tot=+0.0084 agnorm=0.418 cgnorm=0.078 kl=0.0026 clipf=0.027 ev=+0.793 r0=1.0000 entcoef=3.74e-03 lr=2.2e-04 seed=0
iter= 435 step=1395200 ep_ret=-110.885 opt_ret=-110.885 step_rew=-1.1088 opt_step=-1.1088 gap0=110.885 dret=+155.114 eval_ret=n/a pursuer_target_distance=1.193 capture=0.009 score=0.004 pol=-0.0018 val=0.0129 ent=0.7566 tot=+0.0018 agnorm=0.158 cgnorm=0.034 kl=0.0017 clipf=0.019 ev=+0.828 r0=1.0000 entcoef=3.73e-03 lr=2.2e-04 seed=0
iter= 436 step=1398400 ep_ret=-93.911 opt_ret=-93.911 step_rew=-0.9391 opt_step=-0.9391 gap0=93.911 dret=+172.088 eval_ret=n/a pursuer_target_distance=1.238 capture=0.031 score=0.014 pol=-0.0025 val=0.0295 ent=0.8259 tot=+0.0092 agnorm=0.421 cgnorm=0.060 kl=0.0026 clipf=0.028 ev=+0.802 r0=1.0000 entcoef=3.71e-03 lr=2.2e-04 seed=0
iter= 437 step=1401600 ep_ret=-122.167 opt_ret=-122.167 step_rew=-1.2217 opt_step=-1.2217 gap0=122.167 dret=+143.832 eval_ret=n/a pursuer_target_distance=1.396 capture=0.018 score=0.008 pol=-0.0018 val=0.0220 ent=0.7702 tot=+0.0064 agnorm=0.163 cgnorm=0.050 kl=0.0021 clipf=0.021 ev=+0.863 r0=1.0000 entcoef=3.70e-03 lr=2.2e-04 seed=0
iter= 438 step=1404800 ep_ret=-123.489 opt_ret=-123.489 step_rew=-1.2349 opt_step=-1.2349 gap0=123.489 dret=+142.510 eval_ret=n/a pursuer_target_distance=1.534 capture=0.031 score=0.012 pol=-0.0019 val=0.0372 ent=0.7679 tot=+0.0139 agnorm=0.173 cgnorm=0.077 kl=0.0019 clipf=0.017 ev=+0.805 r0=1.0000 entcoef=3.68e-03 lr=2.2e-04 seed=0
iter= 439 step=1408000 ep_ret=-85.872 opt_ret=-85.872 step_rew=-0.8587 opt_step=-0.8587 gap0=85.872 dret=+180.128 eval_ret=n/a pursuer_target_distance=1.155 capture=0.031 score=0.014 pol=-0.0022 val=0.0288 ent=0.7485 tot=+0.0094 agnorm=0.174 cgnorm=0.065 kl=0.0021 clipf=0.022 ev=+0.795 r0=1.0000 entcoef=3.67e-03 lr=2.1e-04 seed=0
iter= 440 step=1411200 ep_ret=-94.386 opt_ret=-94.386 step_rew=-0.9439 opt_step=-0.9439 gap0=94.386 dret=+171.613 eval_ret=-107.635 pursuer_target_distance=1.237 capture=0.030 score=0.014 pol=-0.0018 val=0.0275 ent=0.7382 tot=+0.0092 agnorm=0.144 cgnorm=0.060 kl=0.0018 clipf=0.016 ev=+0.829 r0=1.0000 entcoef=3.65e-03 lr=2.1e-04 seed=0
iter= 441 step=1414400 ep_ret=-124.240 opt_ret=-124.240 step_rew=-1.2424 opt_step=-1.2424 gap0=124.240 dret=+141.759 eval_ret=n/a pursuer_target_distance=1.411 capture=0.018 score=0.007 pol=-0.0019 val=0.0233 ent=0.7446 tot=+0.0070 agnorm=0.170 cgnorm=0.069 kl=0.0024 clipf=0.024 ev=+0.806 r0=1.0000 entcoef=3.64e-03 lr=2.1e-04 seed=0
iter= 442 step=1417600 ep_ret=-155.959 opt_ret=-155.959 step_rew=-1.5596 opt_step=-1.5596 gap0=155.959 dret=+110.040 eval_ret=n/a pursuer_target_distance=1.637 capture=0.009 score=0.003 pol=-0.0010 val=0.0250 ent=0.7618 tot=+0.0087 agnorm=0.221 cgnorm=0.076 kl=0.0015 clipf=0.015 ev=+0.882 r0=1.0000 entcoef=3.62e-03 lr=2.1e-04 seed=0
iter= 443 step=1420800 ep_ret=-122.851 opt_ret=-122.851 step_rew=-1.2285 opt_step=-1.2285 gap0=122.851 dret=+143.149 eval_ret=n/a pursuer_target_distance=1.390 capture=0.017 score=0.007 pol=-0.0018 val=0.0176 ent=0.7630 tot=+0.0042 agnorm=0.259 cgnorm=0.066 kl=0.0019 clipf=0.020 ev=+0.852 r0=1.0000 entcoef=3.61e-03 lr=2.1e-04 seed=0
iter= 444 step=1424000 ep_ret=-96.237 opt_ret=-96.237 step_rew=-0.9624 opt_step=-0.9624 gap0=96.237 dret=+169.762 eval_ret=n/a pursuer_target_distance=1.140 capture=0.019 score=0.009 pol=-0.0018 val=0.0182 ent=0.7653 tot=+0.0045 agnorm=0.178 cgnorm=0.046 kl=0.0020 clipf=0.022 ev=+0.830 r0=1.0000 entcoef=3.60e-03 lr=2.1e-04 seed=0
iter= 445 step=1427200 ep_ret=-60.949 opt_ret=-60.949 step_rew=-0.6095 opt_step=-0.6095 gap0=60.949 dret=+205.050 eval_ret=n/a pursuer_target_distance=1.034 capture=0.043 score=0.021 pol=-0.0016 val=0.0323 ent=0.7803 tot=+0.0117 agnorm=0.563 cgnorm=0.083 kl=0.0023 clipf=0.026 ev=+0.701 r0=1.0000 entcoef=3.58e-03 lr=2.1e-04 seed=0
iter= 446 step=1430400 ep_ret=-114.043 opt_ret=-114.043 step_rew=-1.1404 opt_step=-1.1404 gap0=114.043 dret=+151.956 eval_ret=n/a pursuer_target_distance=1.287 capture=0.016 score=0.007 pol=-0.0015 val=0.0194 ent=0.7099 tot=+0.0057 agnorm=0.182 cgnorm=0.055 kl=0.0014 clipf=0.014 ev=+0.824 r0=1.0000 entcoef=3.57e-03 lr=2.1e-04 seed=0
iter= 447 step=1433600 ep_ret=-126.563 opt_ret=-126.563 step_rew=-1.2656 opt_step=-1.2656 gap0=126.563 dret=+139.437 eval_ret=n/a pursuer_target_distance=1.428 capture=0.017 score=0.007 pol=-0.0018 val=0.0260 ent=0.7156 tot=+0.0086 agnorm=0.131 cgnorm=0.075 kl=0.0024 clipf=0.024 ev=+0.787 r0=1.0000 entcoef=3.55e-03 lr=2.1e-04 seed=0
iter= 448 step=1436800 ep_ret=-94.442 opt_ret=-94.442 step_rew=-0.9444 opt_step=-0.9444 gap0=94.442 dret=+171.557 eval_ret=n/a pursuer_target_distance=1.269 capture=0.033 score=0.015 pol=-0.0016 val=0.0288 ent=0.7447 tot=+0.0102 agnorm=0.141 cgnorm=0.072 kl=0.0019 clipf=0.019 ev=+0.756 r0=1.0000 entcoef=3.54e-03 lr=2.0e-04 seed=0
iter= 449 step=1440000 ep_ret=-97.216 opt_ret=-97.216 step_rew=-0.9722 opt_step=-0.9722 gap0=97.216 dret=+168.784 eval_ret=n/a pursuer_target_distance=1.190 capture=0.023 score=0.010 pol=-0.0017 val=0.0277 ent=0.7439 tot=+0.0096 agnorm=0.151 cgnorm=0.070 kl=0.0020 clipf=0.022 ev=+0.653 r0=1.0000 entcoef=3.52e-03 lr=2.0e-04 seed=0
iter= 450 step=1443200 ep_ret=-90.553 opt_ret=-90.553 step_rew=-0.9055 opt_step=-0.9055 gap0=90.553 dret=+175.446 eval_ret=n/a pursuer_target_distance=1.155 capture=0.026 score=0.012 pol=-0.0028 val=0.0275 ent=0.7599 tot=+0.0083 agnorm=0.288 cgnorm=0.057 kl=0.0023 clipf=0.023 ev=+0.730 r0=1.0000 entcoef=3.51e-03 lr=2.0e-04 seed=0
iter= 451 step=1446400 ep_ret=-115.584 opt_ret=-115.584 step_rew=-1.1558 opt_step=-1.1558 gap0=115.584 dret=+150.415 eval_ret=n/a pursuer_target_distance=1.380 capture=0.023 score=0.010 pol=-0.0019 val=0.0251 ent=0.7350 tot=+0.0081 agnorm=0.180 cgnorm=0.061 kl=0.0024 clipf=0.023 ev=+0.765 r0=1.0000 entcoef=3.50e-03 lr=2.0e-04 seed=0
iter= 452 step=1449600 ep_ret=-88.018 opt_ret=-88.018 step_rew=-0.8802 opt_step=-0.8802 gap0=88.018 dret=+177.981 eval_ret=n/a pursuer_target_distance=1.330 capture=0.046 score=0.020 pol=-0.0027 val=0.0427 ent=0.7670 tot=+0.0160 agnorm=0.267 cgnorm=0.078 kl=0.0030 clipf=0.032 ev=+0.754 r0=1.0000 entcoef=3.48e-03 lr=2.0e-04 seed=0
iter= 453 step=1452800 ep_ret=-112.151 opt_ret=-112.151 step_rew=-1.1215 opt_step=-1.1215 gap0=112.151 dret=+153.849 eval_ret=n/a pursuer_target_distance=1.396 capture=0.028 score=0.012 pol=-0.0014 val=0.0321 ent=0.7187 tot=+0.0122 agnorm=0.146 cgnorm=0.071 kl=0.0021 clipf=0.024 ev=+0.777 r0=1.0000 entcoef=3.47e-03 lr=2.0e-04 seed=0
iter= 454 step=1456000 ep_ret=-76.614 opt_ret=-76.614 step_rew=-0.7661 opt_step=-0.7661 gap0=76.614 dret=+189.385 eval_ret=n/a pursuer_target_distance=1.084 capture=0.033 score=0.016 pol=-0.0027 val=0.0243 ent=0.7430 tot=+0.0068 agnorm=0.292 cgnorm=0.062 kl=0.0024 clipf=0.025 ev=+0.768 r0=1.0000 entcoef=3.45e-03 lr=2.0e-04 seed=0
iter= 455 step=1459200 ep_ret=-139.079 opt_ret=-139.079 step_rew=-1.3908 opt_step=-1.3908 gap0=139.079 dret=+126.920 eval_ret=n/a pursuer_target_distance=1.471 capture=0.009 score=0.004 pol=-0.0014 val=0.0168 ent=0.7213 tot=+0.0045 agnorm=0.164 cgnorm=0.072 kl=0.0022 clipf=0.025 ev=+0.880 r0=1.0000 entcoef=3.44e-03 lr=2.0e-04 seed=0
iter= 456 step=1462400 ep_ret=-88.333 opt_ret=-88.333 step_rew=-0.8833 opt_step=-0.8833 gap0=88.333 dret=+177.666 eval_ret=n/a pursuer_target_distance=1.251 capture=0.038 score=0.017 pol=-0.0018 val=0.0254 ent=0.7302 tot=+0.0084 agnorm=0.213 cgnorm=0.054 kl=0.0018 clipf=0.017 ev=+0.786 r0=1.0000 entcoef=3.42e-03 lr=2.0e-04 seed=0
iter= 457 step=1465600 ep_ret=-70.769 opt_ret=-70.769 step_rew=-0.7077 opt_step=-0.7077 gap0=70.769 dret=+195.231 eval_ret=n/a pursuer_target_distance=1.007 capture=0.031 score=0.015 pol=-0.0025 val=0.0198 ent=0.7208 tot=+0.0050 agnorm=0.320 cgnorm=0.046 kl=0.0019 clipf=0.019 ev=+0.820 r0=1.0000 entcoef=3.41e-03 lr=1.9e-04 seed=0
iter= 458 step=1468800 ep_ret=-102.366 opt_ret=-102.366 step_rew=-1.0237 opt_step=-1.0237 gap0=102.366 dret=+163.633 eval_ret=n/a pursuer_target_distance=1.226 capture=0.021 score=0.010 pol=-0.0020 val=0.0197 ent=0.7566 tot=+0.0053 agnorm=0.168 cgnorm=0.058 kl=0.0021 clipf=0.021 ev=+0.816 r0=1.0000 entcoef=3.39e-03 lr=1.9e-04 seed=0
iter= 459 step=1472000 ep_ret=-68.521 opt_ret=-68.521 step_rew=-0.6852 opt_step=-0.6852 gap0=68.521 dret=+197.478 eval_ret=n/a pursuer_target_distance=1.056 capture=0.038 score=0.019 pol=-0.0022 val=0.0291 ent=0.7362 tot=+0.0098 agnorm=0.173 cgnorm=0.085 kl=0.0021 clipf=0.019 ev=+0.682 r0=1.0000 entcoef=3.38e-03 lr=1.9e-04 seed=0
iter= 460 step=1475200 ep_ret=-101.039 opt_ret=-101.039 step_rew=-1.0104 opt_step=-1.0104 gap0=101.039 dret=+164.960 eval_ret=-104.080 pursuer_target_distance=1.266 capture=0.027 score=0.012 pol=-0.0022 val=0.0254 ent=0.6919 tot=+0.0082 agnorm=0.269 cgnorm=0.054 kl=0.0027 clipf=0.026 ev=+0.767 r0=1.0000 entcoef=3.37e-03 lr=1.9e-04 seed=0
iter= 461 step=1478400 ep_ret=-90.912 opt_ret=-90.912 step_rew=-0.9091 opt_step=-0.9091 gap0=90.912 dret=+175.087 eval_ret=n/a pursuer_target_distance=1.115 capture=0.022 score=0.010 pol=-0.0024 val=0.0157 ent=0.6908 tot=+0.0031 agnorm=0.190 cgnorm=0.051 kl=0.0026 clipf=0.026 ev=+0.876 r0=1.0000 entcoef=3.35e-03 lr=1.9e-04 seed=0
iter= 462 step=1481600 ep_ret=-99.890 opt_ret=-99.890 step_rew=-0.9989 opt_step=-0.9989 gap0=99.890 dret=+166.110 eval_ret=n/a pursuer_target_distance=1.239 capture=0.025 score=0.011 pol=-0.0016 val=0.0269 ent=0.6868 tot=+0.0095 agnorm=0.346 cgnorm=0.061 kl=0.0023 clipf=0.022 ev=+0.773 r0=1.0000 entcoef=3.34e-03 lr=1.9e-04 seed=0
iter= 463 step=1484800 ep_ret=-108.382 opt_ret=-108.382 step_rew=-1.0838 opt_step=-1.0838 gap0=108.382 dret=+157.617 eval_ret=n/a pursuer_target_distance=1.183 capture=0.011 score=0.005 pol=-0.0021 val=0.0160 ent=0.7237 tot=+0.0035 agnorm=0.177 cgnorm=0.064 kl=0.0022 clipf=0.023 ev=+0.746 r0=1.0000 entcoef=3.32e-03 lr=1.9e-04 seed=0
iter= 464 step=1488000 ep_ret=-94.869 opt_ret=-94.869 step_rew=-0.9487 opt_step=-0.9487 gap0=94.869 dret=+171.131 eval_ret=n/a pursuer_target_distance=1.214 capture=0.028 score=0.012 pol=-0.0019 val=0.0217 ent=0.6994 tot=+0.0067 agnorm=0.246 cgnorm=0.060 kl=0.0019 clipf=0.019 ev=+0.806 r0=1.0000 entcoef=3.31e-03 lr=1.9e-04 seed=0
iter= 465 step=1491200 ep_ret=-124.909 opt_ret=-124.909 step_rew=-1.2491 opt_step=-1.2491 gap0=124.909 dret=+141.090 eval_ret=n/a pursuer_target_distance=1.442 capture=0.020 score=0.008 pol=-0.0014 val=0.0262 ent=0.6506 tot=+0.0095 agnorm=0.209 cgnorm=0.064 kl=0.0023 clipf=0.024 ev=+0.808 r0=1.0000 entcoef=3.29e-03 lr=1.9e-04 seed=0
iter= 466 step=1494400 ep_ret=-113.608 opt_ret=-113.608 step_rew=-1.1361 opt_step=-1.1361 gap0=113.608 dret=+152.391 eval_ret=n/a pursuer_target_distance=1.439 capture=0.031 score=0.013 pol=-0.0020 val=0.0275 ent=0.6557 tot=+0.0096 agnorm=0.232 cgnorm=0.058 kl=0.0016 clipf=0.017 ev=+0.804 r0=1.0000 entcoef=3.28e-03 lr=1.8e-04 seed=0
iter= 467 step=1497600 ep_ret=-100.783 opt_ret=-100.783 step_rew=-1.0078 opt_step=-1.0078 gap0=100.783 dret=+165.216 eval_ret=n/a pursuer_target_distance=1.385 capture=0.039 score=0.016 pol=-0.0017 val=0.0299 ent=0.6871 tot=+0.0110 agnorm=0.188 cgnorm=0.052 kl=0.0019 clipf=0.019 ev=+0.788 r0=1.0000 entcoef=3.26e-03 lr=1.8e-04 seed=0
iter= 468 step=1500800 ep_ret=-115.125 opt_ret=-115.125 step_rew=-1.1512 opt_step=-1.1512 gap0=115.125 dret=+150.875 eval_ret=n/a pursuer_target_distance=1.416 capture=0.028 score=0.011 pol=-0.0016 val=0.0266 ent=0.6440 tot=+0.0096 agnorm=0.288 cgnorm=0.066 kl=0.0013 clipf=0.012 ev=+0.808 r0=1.0000 entcoef=3.25e-03 lr=1.8e-04 seed=0
iter= 469 step=1504000 ep_ret=-140.996 opt_ret=-140.996 step_rew=-1.4100 opt_step=-1.4100 gap0=140.996 dret=+125.003 eval_ret=n/a pursuer_target_distance=1.519 capture=0.012 score=0.005 pol=-0.0010 val=0.0208 ent=0.6809 tot=+0.0072 agnorm=0.157 cgnorm=0.079 kl=0.0020 clipf=0.020 ev=+0.864 r0=1.0000 entcoef=3.24e-03 lr=1.8e-04 seed=0
iter= 470 step=1507200 ep_ret=-90.864 opt_ret=-90.864 step_rew=-0.9086 opt_step=-0.9086 gap0=90.864 dret=+175.135 eval_ret=n/a pursuer_target_distance=1.208 capture=0.031 score=0.014 pol=-0.0022 val=0.0254 ent=0.6689 tot=+0.0083 agnorm=0.227 cgnorm=0.060 kl=0.0018 clipf=0.018 ev=+0.806 r0=1.0000 entcoef=3.22e-03 lr=1.8e-04 seed=0
iter= 471 step=1510400 ep_ret=-128.376 opt_ret=-128.376 step_rew=-1.2838 opt_step=-1.2838 gap0=128.376 dret=+137.623 eval_ret=n/a pursuer_target_distance=1.574 capture=0.030 score=0.012 pol=-0.0016 val=0.0344 ent=0.6666 tot=+0.0134 agnorm=0.200 cgnorm=0.069 kl=0.0023 clipf=0.021 ev=+0.831 r0=1.0000 entcoef=3.21e-03 lr=1.8e-04 seed=0
iter= 472 step=1513600 ep_ret=-91.016 opt_ret=-91.016 step_rew=-0.9102 opt_step=-0.9102 gap0=91.016 dret=+174.983 eval_ret=n/a pursuer_target_distance=1.035 capture=0.013 score=0.007 pol=-0.0020 val=0.0140 ent=0.6776 tot=+0.0028 agnorm=0.518 cgnorm=0.040 kl=0.0023 clipf=0.024 ev=+0.836 r0=1.0000 entcoef=3.19e-03 lr=1.8e-04 seed=0
iter= 473 step=1516800 ep_ret=-81.907 opt_ret=-81.907 step_rew=-0.8191 opt_step=-0.8191 gap0=81.907 dret=+184.092 eval_ret=n/a pursuer_target_distance=1.087 capture=0.028 score=0.013 pol=-0.0016 val=0.0185 ent=0.6839 tot=+0.0054 agnorm=0.492 cgnorm=0.046 kl=0.0021 clipf=0.020 ev=+0.789 r0=1.0000 entcoef=3.18e-03 lr=1.8e-04 seed=0
iter= 474 step=1520000 ep_ret=-142.707 opt_ret=-142.707 step_rew=-1.4271 opt_step=-1.4271 gap0=142.707 dret=+123.292 eval_ret=n/a pursuer_target_distance=1.598 capture=0.018 score=0.007 pol=-0.0018 val=0.0189 ent=0.6004 tot=+0.0057 agnorm=0.181 cgnorm=0.045 kl=0.0026 clipf=0.027 ev=+0.889 r0=1.0000 entcoef=3.16e-03 lr=1.8e-04 seed=0
iter= 475 step=1523200 ep_ret=-116.224 opt_ret=-116.224 step_rew=-1.1622 opt_step=-1.1622 gap0=116.224 dret=+149.776 eval_ret=n/a pursuer_target_distance=1.399 capture=0.025 score=0.010 pol=-0.0011 val=0.0252 ent=0.6617 tot=+0.0094 agnorm=0.141 cgnorm=0.066 kl=0.0011 clipf=0.010 ev=+0.792 r0=1.0000 entcoef=3.15e-03 lr=1.7e-04 seed=0
iter= 476 step=1526400 ep_ret=-98.680 opt_ret=-98.680 step_rew=-0.9868 opt_step=-0.9868 gap0=98.680 dret=+167.319 eval_ret=n/a pursuer_target_distance=1.252 capture=0.028 score=0.012 pol=-0.0016 val=0.0269 ent=0.6693 tot=+0.0098 agnorm=0.188 cgnorm=0.049 kl=0.0017 clipf=0.019 ev=+0.811 r0=1.0000 entcoef=3.13e-03 lr=1.7e-04 seed=0
iter= 477 step=1529600 ep_ret=-114.624 opt_ret=-114.624 step_rew=-1.1462 opt_step=-1.1462 gap0=114.624 dret=+151.375 eval_ret=n/a pursuer_target_distance=1.314 capture=0.018 score=0.008 pol=-0.0023 val=0.0220 ent=0.6405 tot=+0.0067 agnorm=0.342 cgnorm=0.058 kl=0.0022 clipf=0.022 ev=+0.796 r0=1.0000 entcoef=3.12e-03 lr=1.7e-04 seed=0
iter= 478 step=1532800 ep_ret=-146.600 opt_ret=-146.600 step_rew=-1.4660 opt_step=-1.4660 gap0=146.600 dret=+119.399 eval_ret=n/a pursuer_target_distance=1.694 capture=0.024 score=0.009 pol=-0.0015 val=0.0330 ent=0.6617 tot=+0.0129 agnorm=0.259 cgnorm=0.077 kl=0.0017 clipf=0.016 ev=+0.820 r0=1.0000 entcoef=3.11e-03 lr=1.7e-04 seed=0
iter= 479 step=1536000 ep_ret=-81.049 opt_ret=-81.049 step_rew=-0.8105 opt_step=-0.8105 gap0=81.049 dret=+184.951 eval_ret=n/a pursuer_target_distance=1.219 capture=0.042 score=0.019 pol=-0.0022 val=0.0363 ent=0.6610 tot=+0.0139 agnorm=0.274 cgnorm=0.070 kl=0.0020 clipf=0.020 ev=+0.785 r0=1.0000 entcoef=3.09e-03 lr=1.7e-04 seed=0
iter= 480 step=1539200 ep_ret=-76.393 opt_ret=-76.393 step_rew=-0.7639 opt_step=-0.7639 gap0=76.393 dret=+189.606 eval_ret=-100.343 pursuer_target_distance=1.154 capture=0.040 score=0.019 pol=-0.0020 val=0.0370 ent=0.6608 tot=+0.0145 agnorm=0.259 cgnorm=0.073 kl=0.0021 clipf=0.021 ev=+0.707 r0=1.0000 entcoef=3.08e-03 lr=1.7e-04 seed=0
iter= 481 step=1542400 ep_ret=-117.572 opt_ret=-117.572 step_rew=-1.1757 opt_step=-1.1757 gap0=117.572 dret=+148.428 eval_ret=n/a pursuer_target_distance=1.366 capture=0.020 score=0.008 pol=-0.0017 val=0.0234 ent=0.6700 tot=+0.0079 agnorm=0.325 cgnorm=0.067 kl=0.0018 clipf=0.017 ev=+0.818 r0=1.0000 entcoef=3.06e-03 lr=1.7e-04 seed=0
iter= 482 step=1545600 ep_ret=-128.356 opt_ret=-128.356 step_rew=-1.2836 opt_step=-1.2836 gap0=128.356 dret=+137.643 eval_ret=n/a pursuer_target_distance=1.617 capture=0.034 score=0.013 pol=-0.0015 val=0.0507 ent=0.6330 tot=+0.0220 agnorm=0.222 cgnorm=0.096 kl=0.0017 clipf=0.016 ev=+0.753 r0=1.0000 entcoef=3.05e-03 lr=1.7e-04 seed=0
iter= 483 step=1548800 ep_ret=-66.035 opt_ret=-66.035 step_rew=-0.6603 opt_step=-0.6603 gap0=66.035 dret=+199.964 eval_ret=n/a pursuer_target_distance=1.094 capture=0.044 score=0.021 pol=-0.0016 val=0.0354 ent=0.6580 tot=+0.0141 agnorm=0.288 cgnorm=0.074 kl=0.0017 clipf=0.018 ev=+0.657 r0=1.0000 entcoef=3.03e-03 lr=1.7e-04 seed=0
iter= 484 step=1552000 ep_ret=-110.167 opt_ret=-110.167 step_rew=-1.1017 opt_step=-1.1017 gap0=110.167 dret=+155.832 eval_ret=n/a pursuer_target_distance=1.426 capture=0.033 score=0.014 pol=-0.0016 val=0.0344 ent=0.6337 tot=+0.0137 agnorm=0.374 cgnorm=0.072 kl=0.0015 clipf=0.014 ev=+0.784 r0=1.0000 entcoef=3.02e-03 lr=1.6e-04 seed=0
iter= 485 step=1555200 ep_ret=-117.512 opt_ret=-117.512 step_rew=-1.1751 opt_step=-1.1751 gap0=117.512 dret=+148.487 eval_ret=n/a pursuer_target_distance=1.253 capture=0.009 score=0.004 pol=-0.0015 val=0.0120 ent=0.6436 tot=+0.0026 agnorm=0.260 cgnorm=0.057 kl=0.0025 clipf=0.028 ev=+0.896 r0=1.0000 entcoef=3.00e-03 lr=1.6e-04 seed=0
iter= 486 step=1558400 ep_ret=-104.536 opt_ret=-104.536 step_rew=-1.0454 opt_step=-1.0454 gap0=104.536 dret=+161.463 eval_ret=n/a pursuer_target_distance=1.242 capture=0.021 score=0.009 pol=-0.0014 val=0.0180 ent=0.6282 tot=+0.0058 agnorm=0.169 cgnorm=0.044 kl=0.0017 clipf=0.017 ev=+0.880 r0=1.0000 entcoef=2.99e-03 lr=1.6e-04 seed=0
iter= 487 step=1561600 ep_ret=-67.516 opt_ret=-67.516 step_rew=-0.6752 opt_step=-0.6752 gap0=67.516 dret=+198.483 eval_ret=n/a pursuer_target_distance=0.950 capture=0.028 score=0.015 pol=-0.0018 val=0.0212 ent=0.7352 tot=+0.0066 agnorm=0.293 cgnorm=0.047 kl=0.0021 clipf=0.020 ev=+0.726 r0=1.0000 entcoef=2.98e-03 lr=1.6e-04 seed=0
iter= 488 step=1564800 ep_ret=-116.945 opt_ret=-116.945 step_rew=-1.1694 opt_step=-1.1694 gap0=116.945 dret=+149.054 eval_ret=n/a pursuer_target_distance=1.247 capture=0.009 score=0.004 pol=-0.0019 val=0.0111 ent=0.6604 tot=+0.0017 agnorm=0.169 cgnorm=0.040 kl=0.0026 clipf=0.027 ev=+0.904 r0=1.0000 entcoef=2.96e-03 lr=1.6e-04 seed=0
iter= 489 step=1568000 ep_ret=-125.447 opt_ret=-125.447 step_rew=-1.2545 opt_step=-1.2545 gap0=125.447 dret=+140.553 eval_ret=n/a pursuer_target_distance=1.523 capture=0.028 score=0.011 pol=-0.0014 val=0.0250 ent=0.6192 tot=+0.0093 agnorm=0.242 cgnorm=0.062 kl=0.0019 clipf=0.020 ev=+0.869 r0=1.0000 entcoef=2.95e-03 lr=1.6e-04 seed=0
iter= 490 step=1571200 ep_ret=-102.872 opt_ret=-102.872 step_rew=-1.0287 opt_step=-1.0287 gap0=102.872 dret=+163.127 eval_ret=n/a pursuer_target_distance=1.216 capture=0.020 score=0.009 pol=-0.0012 val=0.0189 ent=0.6769 tot=+0.0062 agnorm=0.144 cgnorm=0.042 kl=0.0014 clipf=0.014 ev=+0.857 r0=1.0000 entcoef=2.93e-03 lr=1.6e-04 seed=0
iter= 491 step=1574400 ep_ret=-89.154 opt_ret=-89.154 step_rew=-0.8915 opt_step=-0.8915 gap0=89.154 dret=+176.845 eval_ret=n/a pursuer_target_distance=1.235 capture=0.035 score=0.016 pol=-0.0019 val=0.0399 ent=0.6862 tot=+0.0160 agnorm=0.303 cgnorm=0.081 kl=0.0022 clipf=0.023 ev=+0.780 r0=1.0000 entcoef=2.92e-03 lr=1.6e-04 seed=0
iter= 492 step=1577600 ep_ret=-104.043 opt_ret=-104.043 step_rew=-1.0404 opt_step=-1.0404 gap0=104.043 dret=+161.956 eval_ret=n/a pursuer_target_distance=1.277 capture=0.025 score=0.011 pol=-0.0012 val=0.0234 ent=0.6681 tot=+0.0086 agnorm=0.234 cgnorm=0.056 kl=0.0014 clipf=0.013 ev=+0.810 r0=1.0000 entcoef=2.90e-03 lr=1.6e-04 seed=0
iter= 493 step=1580800 ep_ret=-104.942 opt_ret=-104.942 step_rew=-1.0494 opt_step=-1.0494 gap0=104.942 dret=+161.057 eval_ret=n/a pursuer_target_distance=1.221 capture=0.018 score=0.008 pol=-0.0015 val=0.0199 ent=0.6692 tot=+0.0066 agnorm=0.229 cgnorm=0.057 kl=0.0012 clipf=0.010 ev=+0.807 r0=1.0000 entcoef=2.89e-03 lr=1.5e-04 seed=0
iter= 494 step=1584000 ep_ret=-62.330 opt_ret=-62.330 step_rew=-0.6233 opt_step=-0.6233 gap0=62.330 dret=+203.669 eval_ret=n/a pursuer_target_distance=0.885 capture=0.027 score=0.014 pol=-0.0017 val=0.0188 ent=0.7006 tot=+0.0057 agnorm=0.277 cgnorm=0.067 kl=0.0018 clipf=0.019 ev=+0.824 r0=1.0000 entcoef=2.87e-03 lr=1.5e-04 seed=0
iter= 495 step=1587200 ep_ret=-70.574 opt_ret=-70.574 step_rew=-0.7057 opt_step=-0.7057 gap0=70.574 dret=+195.425 eval_ret=n/a pursuer_target_distance=1.089 capture=0.039 score=0.019 pol=-0.0020 val=0.0313 ent=0.6725 tot=+0.0117 agnorm=0.276 cgnorm=0.050 kl=0.0024 clipf=0.023 ev=+0.772 r0=1.0000 entcoef=2.86e-03 lr=1.5e-04 seed=0
iter= 496 step=1590400 ep_ret=-106.681 opt_ret=-106.681 step_rew=-1.0668 opt_step=-1.0668 gap0=106.681 dret=+159.319 eval_ret=n/a pursuer_target_distance=1.338 capture=0.028 score=0.012 pol=-0.0014 val=0.0278 ent=0.6014 tot=+0.0108 agnorm=0.203 cgnorm=0.057 kl=0.0010 clipf=0.008 ev=+0.796 r0=1.0000 entcoef=2.85e-03 lr=1.5e-04 seed=0
iter= 497 step=1593600 ep_ret=-97.137 opt_ret=-97.137 step_rew=-0.9714 opt_step=-0.9714 gap0=97.137 dret=+168.862 eval_ret=n/a pursuer_target_distance=1.214 capture=0.025 score=0.011 pol=-0.0013 val=0.0257 ent=0.6793 tot=+0.0096 agnorm=0.195 cgnorm=0.062 kl=0.0018 clipf=0.017 ev=+0.717 r0=1.0000 entcoef=2.83e-03 lr=1.5e-04 seed=0
iter= 498 step=1596800 ep_ret=-103.300 opt_ret=-103.300 step_rew=-1.0330 opt_step=-1.0330 gap0=103.300 dret=+162.699 eval_ret=n/a pursuer_target_distance=1.248 capture=0.022 score=0.010 pol=-0.0015 val=0.0173 ent=0.6378 tot=+0.0053 agnorm=0.228 cgnorm=0.039 kl=0.0018 clipf=0.016 ev=+0.849 r0=1.0000 entcoef=2.82e-03 lr=1.5e-04 seed=0
iter= 499 step=1600000 ep_ret=-96.722 opt_ret=-96.722 step_rew=-0.9672 opt_step=-0.9672 gap0=96.722 dret=+169.278 eval_ret=n/a pursuer_target_distance=1.170 capture=0.021 score=0.010 pol=-0.0015 val=0.0200 ent=0.6356 tot=+0.0068 agnorm=0.254 cgnorm=0.050 kl=0.0017 clipf=0.018 ev=+0.849 r0=1.0000 entcoef=2.80e-03 lr=1.5e-04 seed=0
iter= 500 step=1603200 ep_ret=-90.004 opt_ret=-90.004 step_rew=-0.9000 opt_step=-0.9000 gap0=90.004 dret=+175.995 eval_ret=-96.778 pursuer_target_distance=1.203 capture=0.031 score=0.014 pol=-0.0018 val=0.0237 ent=0.6528 tot=+0.0082 agnorm=0.443 cgnorm=0.060 kl=0.0026 clipf=0.027 ev=+0.809 r0=1.0000 entcoef=2.79e-03 lr=1.5e-04 seed=0
iter= 501 step=1606400 ep_ret=-114.460 opt_ret=-114.460 step_rew=-1.1446 opt_step=-1.1446 gap0=114.460 dret=+151.539 eval_ret=n/a pursuer_target_distance=1.516 capture=0.038 score=0.015 pol=-0.0015 val=0.0373 ent=0.6243 tot=+0.0154 agnorm=0.288 cgnorm=0.099 kl=0.0017 clipf=0.016 ev=+0.802 r0=1.0000 entcoef=2.77e-03 lr=1.5e-04 seed=0
iter= 502 step=1609600 ep_ret=-38.072 opt_ret=-38.072 step_rew=-0.3807 opt_step=-0.3807 gap0=38.072 dret=+227.928 eval_ret=n/a pursuer_target_distance=0.964 capture=0.059 score=0.030 pol=-0.0020 val=0.0418 ent=0.6592 tot=+0.0171 agnorm=0.273 cgnorm=0.089 kl=0.0019 clipf=0.021 ev=+0.671 r0=1.0000 entcoef=2.76e-03 lr=1.4e-04 seed=0
iter= 503 step=1612800 ep_ret=-95.288 opt_ret=-95.288 step_rew=-0.9529 opt_step=-0.9529 gap0=95.288 dret=+170.711 eval_ret=n/a pursuer_target_distance=1.187 capture=0.024 score=0.011 pol=-0.0015 val=0.0206 ent=0.6455 tot=+0.0070 agnorm=0.248 cgnorm=0.069 kl=0.0015 clipf=0.015 ev=+0.810 r0=1.0000 entcoef=2.75e-03 lr=1.4e-04 seed=0
iter= 504 step=1616000 ep_ret=-85.269 opt_ret=-85.269 step_rew=-0.8527 opt_step=-0.8527 gap0=85.269 dret=+180.730 eval_ret=n/a pursuer_target_distance=1.161 capture=0.032 score=0.015 pol=-0.0015 val=0.0244 ent=0.6315 tot=+0.0090 agnorm=0.191 cgnorm=0.060 kl=0.0014 clipf=0.013 ev=+0.795 r0=1.0000 entcoef=2.73e-03 lr=1.4e-04 seed=0
iter= 505 step=1619200 ep_ret=-94.763 opt_ret=-94.763 step_rew=-0.9476 opt_step=-0.9476 gap0=94.763 dret=+171.237 eval_ret=n/a pursuer_target_distance=1.244 capture=0.031 score=0.014 pol=-0.0013 val=0.0249 ent=0.6565 tot=+0.0094 agnorm=0.202 cgnorm=0.065 kl=0.0011 clipf=0.010 ev=+0.819 r0=1.0000 entcoef=2.72e-03 lr=1.4e-04 seed=0
iter= 506 step=1622400 ep_ret=-104.904 opt_ret=-104.904 step_rew=-1.0490 opt_step=-1.0490 gap0=104.904 dret=+161.095 eval_ret=n/a pursuer_target_distance=1.308 capture=0.027 score=0.012 pol=-0.0013 val=0.0226 ent=0.6696 tot=+0.0082 agnorm=0.159 cgnorm=0.054 kl=0.0015 clipf=0.014 ev=+0.840 r0=1.0000 entcoef=2.70e-03 lr=1.4e-04 seed=0
iter= 507 step=1625600 ep_ret=-125.174 opt_ret=-125.174 step_rew=-1.2517 opt_step=-1.2517 gap0=125.174 dret=+140.825 eval_ret=n/a pursuer_target_distance=1.548 capture=0.031 score=0.012 pol=-0.0019 val=0.0284 ent=0.6557 tot=+0.0105 agnorm=0.264 cgnorm=0.057 kl=0.0012 clipf=0.011 ev=+0.864 r0=1.0000 entcoef=2.69e-03 lr=1.4e-04 seed=0
iter= 508 step=1628800 ep_ret=-142.746 opt_ret=-142.746 step_rew=-1.4275 opt_step=-1.4275 gap0=142.746 dret=+123.254 eval_ret=n/a pursuer_target_distance=1.621 capture=0.020 score=0.008 pol=-0.0020 val=0.0235 ent=0.6497 tot=+0.0080 agnorm=0.303 cgnorm=0.067 kl=0.0015 clipf=0.015 ev=+0.844 r0=1.0000 entcoef=2.67e-03 lr=1.4e-04 seed=0
iter= 509 step=1632000 ep_ret=-127.585 opt_ret=-127.585 step_rew=-1.2758 opt_step=-1.2758 gap0=127.585 dret=+138.414 eval_ret=n/a pursuer_target_distance=1.447 capture=0.018 score=0.007 pol=-0.0015 val=0.0174 ent=0.6260 tot=+0.0056 agnorm=0.181 cgnorm=0.044 kl=0.0016 clipf=0.017 ev=+0.892 r0=1.0000 entcoef=2.66e-03 lr=1.4e-04 seed=0
iter= 510 step=1635200 ep_ret=-104.496 opt_ret=-104.496 step_rew=-1.0450 opt_step=-1.0450 gap0=104.496 dret=+161.503 eval_ret=n/a pursuer_target_distance=1.226 capture=0.019 score=0.009 pol=-0.0016 val=0.0177 ent=0.6431 tot=+0.0056 agnorm=0.251 cgnorm=0.062 kl=0.0019 clipf=0.021 ev=+0.803 r0=1.0000 entcoef=2.64e-03 lr=1.4e-04 seed=0
iter= 511 step=1638400 ep_ret=-93.887 opt_ret=-93.887 step_rew=-0.9389 opt_step=-0.9389 gap0=93.887 dret=+172.112 eval_ret=n/a pursuer_target_distance=1.135 capture=0.021 score=0.010 pol=-0.0013 val=0.0181 ent=0.6463 tot=+0.0061 agnorm=0.329 cgnorm=0.046 kl=0.0016 clipf=0.016 ev=+0.857 r0=1.0000 entcoef=2.63e-03 lr=1.3e-04 seed=0
iter= 512 step=1641600 ep_ret=-108.260 opt_ret=-108.260 step_rew=-1.0826 opt_step=-1.0826 gap0=108.260 dret=+157.739 eval_ret=n/a pursuer_target_distance=1.307 capture=0.023 score=0.010 pol=-0.0014 val=0.0184 ent=0.6628 tot=+0.0061 agnorm=0.263 cgnorm=0.046 kl=0.0014 clipf=0.013 ev=+0.852 r0=1.0000 entcoef=2.62e-03 lr=1.3e-04 seed=0
iter= 513 step=1644800 ep_ret=-97.754 opt_ret=-97.754 step_rew=-0.9775 opt_step=-0.9775 gap0=97.754 dret=+168.245 eval_ret=n/a pursuer_target_distance=1.052 capture=0.008 score=0.004 pol=-0.0013 val=0.0088 ent=0.6626 tot=+0.0014 agnorm=0.213 cgnorm=0.037 kl=0.0021 clipf=0.023 ev=+0.887 r0=1.0000 entcoef=2.60e-03 lr=1.3e-04 seed=0
iter= 514 step=1648000 ep_ret=-116.609 opt_ret=-116.609 step_rew=-1.1661 opt_step=-1.1661 gap0=116.609 dret=+149.390 eval_ret=n/a pursuer_target_distance=1.334 capture=0.018 score=0.008 pol=-0.0015 val=0.0169 ent=0.6780 tot=+0.0052 agnorm=0.246 cgnorm=0.049 kl=0.0017 clipf=0.017 ev=+0.866 r0=1.0000 entcoef=2.59e-03 lr=1.3e-04 seed=0
iter= 515 step=1651200 ep_ret=-54.356 opt_ret=-54.356 step_rew=-0.5436 opt_step=-0.5436 gap0=54.356 dret=+211.644 eval_ret=n/a pursuer_target_distance=0.980 capture=0.045 score=0.023 pol=-0.0016 val=0.0337 ent=0.6441 tot=+0.0136 agnorm=0.521 cgnorm=0.099 kl=0.0013 clipf=0.015 ev=+0.789 r0=1.0000 entcoef=2.57e-03 lr=1.3e-04 seed=0
iter= 516 step=1654400 ep_ret=-99.498 opt_ret=-99.498 step_rew=-0.9950 opt_step=-0.9950 gap0=99.498 dret=+166.502 eval_ret=n/a pursuer_target_distance=1.157 capture=0.017 score=0.008 pol=-0.0009 val=0.0169 ent=0.6450 tot=+0.0059 agnorm=0.186 cgnorm=0.062 kl=0.0017 clipf=0.016 ev=+0.835 r0=1.0000 entcoef=2.56e-03 lr=1.3e-04 seed=0
iter= 517 step=1657600 ep_ret=-123.698 opt_ret=-123.698 step_rew=-1.2370 opt_step=-1.2370 gap0=123.698 dret=+142.301 eval_ret=n/a pursuer_target_distance=1.527 capture=0.030 score=0.012 pol=-0.0014 val=0.0314 ent=0.6815 tot=+0.0125 agnorm=0.233 cgnorm=0.065 kl=0.0022 clipf=0.025 ev=+0.824 r0=1.0000 entcoef=2.54e-03 lr=1.3e-04 seed=0
iter= 518 step=1660800 ep_ret=-96.050 opt_ret=-96.050 step_rew=-0.9605 opt_step=-0.9605 gap0=96.050 dret=+169.949 eval_ret=n/a pursuer_target_distance=1.216 capture=0.027 score=0.012 pol=-0.0011 val=0.0225 ent=0.6045 tot=+0.0086 agnorm=0.210 cgnorm=0.062 kl=0.0015 clipf=0.016 ev=+0.839 r0=1.0000 entcoef=2.53e-03 lr=1.3e-04 seed=0
iter= 519 step=1664000 ep_ret=-98.171 opt_ret=-98.171 step_rew=-0.9817 opt_step=-0.9817 gap0=98.171 dret=+167.828 eval_ret=n/a pursuer_target_distance=1.359 capture=0.039 score=0.016 pol=-0.0013 val=0.0247 ent=0.6423 tot=+0.0094 agnorm=0.169 cgnorm=0.054 kl=0.0012 clipf=0.010 ev=+0.848 r0=1.0000 entcoef=2.51e-03 lr=1.3e-04 seed=0
iter= 520 step=1667200 ep_ret=-84.438 opt_ret=-84.438 step_rew=-0.8444 opt_step=-0.8444 gap0=84.438 dret=+181.561 eval_ret=-92.497 pursuer_target_distance=1.231 capture=0.040 score=0.018 pol=-0.0018 val=0.0304 ent=0.6464 tot=+0.0118 agnorm=0.326 cgnorm=0.063 kl=0.0011 clipf=0.009 ev=+0.793 r0=1.0000 entcoef=2.50e-03 lr=1.3e-04 seed=0
iter= 521 step=1670400 ep_ret=-77.489 opt_ret=-77.489 step_rew=-0.7749 opt_step=-0.7749 gap0=77.489 dret=+188.510 eval_ret=n/a pursuer_target_distance=1.034 capture=0.027 score=0.013 pol=-0.0016 val=0.0199 ent=0.6371 tot=+0.0067 agnorm=0.304 cgnorm=0.050 kl=0.0020 clipf=0.019 ev=+0.795 r0=1.0000 entcoef=2.49e-03 lr=1.2e-04 seed=0
iter= 522 step=1673600 ep_ret=-94.670 opt_ret=-94.670 step_rew=-0.9467 opt_step=-0.9467 gap0=94.670 dret=+171.329 eval_ret=n/a pursuer_target_distance=1.137 capture=0.020 score=0.009 pol=-0.0012 val=0.0242 ent=0.6559 tot=+0.0093 agnorm=0.180 cgnorm=0.050 kl=0.0015 clipf=0.013 ev=+0.784 r0=1.0000 entcoef=2.47e-03 lr=1.2e-04 seed=0
iter= 523 step=1676800 ep_ret=-105.871 opt_ret=-105.871 step_rew=-1.0587 opt_step=-1.0587 gap0=105.871 dret=+160.129 eval_ret=n/a pursuer_target_distance=1.271 capture=0.022 score=0.010 pol=-0.0010 val=0.0203 ent=0.6180 tot=+0.0077 agnorm=0.135 cgnorm=0.042 kl=0.0009 clipf=0.008 ev=+0.853 r0=1.0000 entcoef=2.46e-03 lr=1.2e-04 seed=0
iter= 524 step=1680000 ep_ret=-118.739 opt_ret=-118.739 step_rew=-1.1874 opt_step=-1.1874 gap0=118.739 dret=+147.260 eval_ret=n/a pursuer_target_distance=1.446 capture=0.027 score=0.011 pol=-0.0008 val=0.0325 ent=0.6061 tot=+0.0140 agnorm=0.171 cgnorm=0.066 kl=0.0008 clipf=0.006 ev=+0.834 r0=1.0000 entcoef=2.44e-03 lr=1.2e-04 seed=0
iter= 525 step=1683200 ep_ret=-101.577 opt_ret=-101.577 step_rew=-1.0158 opt_step=-1.0158 gap0=101.577 dret=+164.422 eval_ret=n/a pursuer_target_distance=1.325 capture=0.032 score=0.014 pol=-0.0013 val=0.0234 ent=0.6338 tot=+0.0088 agnorm=0.274 cgnorm=0.052 kl=0.0016 clipf=0.015 ev=+0.868 r0=1.0000 entcoef=2.43e-03 lr=1.2e-04 seed=0
iter= 526 step=1686400 ep_ret=-74.857 opt_ret=-74.857 step_rew=-0.7486 opt_step=-0.7486 gap0=74.857 dret=+191.142 eval_ret=n/a pursuer_target_distance=1.048 capture=0.031 score=0.015 pol=-0.0017 val=0.0229 ent=0.6459 tot=+0.0082 agnorm=0.324 cgnorm=0.057 kl=0.0014 clipf=0.012 ev=+0.831 r0=1.0000 entcoef=2.41e-03 lr=1.2e-04 seed=0
iter= 527 step=1689600 ep_ret=-138.016 opt_ret=-138.016 step_rew=-1.3802 opt_step=-1.3802 gap0=138.016 dret=+127.984 eval_ret=n/a pursuer_target_distance=1.545 capture=0.018 score=0.007 pol=-0.0010 val=0.0258 ent=0.6157 tot=+0.0104 agnorm=0.275 cgnorm=0.068 kl=0.0010 clipf=0.008 ev=+0.887 r0=1.0000 entcoef=2.40e-03 lr=1.2e-04 seed=0
iter= 528 step=1692800 ep_ret=-111.883 opt_ret=-111.883 step_rew=-1.1188 opt_step=-1.1188 gap0=111.883 dret=+154.116 eval_ret=n/a pursuer_target_distance=1.437 capture=0.033 score=0.013 pol=-0.0014 val=0.0288 ent=0.6074 tot=+0.0116 agnorm=0.253 cgnorm=0.055 kl=0.0012 clipf=0.011 ev=+0.843 r0=1.0000 entcoef=2.38e-03 lr=1.2e-04 seed=0
iter= 529 step=1696000 ep_ret=-85.995 opt_ret=-85.995 step_rew=-0.8600 opt_step=-0.8600 gap0=85.995 dret=+180.004 eval_ret=n/a pursuer_target_distance=1.087 capture=0.024 score=0.011 pol=-0.0015 val=0.0194 ent=0.6145 tot=+0.0068 agnorm=0.316 cgnorm=0.044 kl=0.0016 clipf=0.016 ev=+0.828 r0=1.0000 entcoef=2.37e-03 lr=1.2e-04 seed=0
iter= 530 step=1699200 ep_ret=-91.971 opt_ret=-91.971 step_rew=-0.9197 opt_step=-0.9197 gap0=91.971 dret=+174.028 eval_ret=n/a pursuer_target_distance=1.157 capture=0.025 score=0.011 pol=-0.0012 val=0.0216 ent=0.6211 tot=+0.0082 agnorm=0.238 cgnorm=0.058 kl=0.0013 clipf=0.011 ev=+0.825 r0=1.0000 entcoef=2.36e-03 lr=1.1e-04 seed=0
iter= 531 step=1702400 ep_ret=-120.998 opt_ret=-120.998 step_rew=-1.2100 opt_step=-1.2100 gap0=120.998 dret=+145.001 eval_ret=n/a pursuer_target_distance=1.369 capture=0.017 score=0.007 pol=-0.0011 val=0.0179 ent=0.6384 tot=+0.0063 agnorm=0.210 cgnorm=0.051 kl=0.0012 clipf=0.012 ev=+0.868 r0=1.0000 entcoef=2.34e-03 lr=1.1e-04 seed=0
iter= 532 step=1705600 ep_ret=-107.407 opt_ret=-107.407 step_rew=-1.0741 opt_step=-1.0741 gap0=107.407 dret=+158.593 eval_ret=n/a pursuer_target_distance=1.239 capture=0.018 score=0.008 pol=-0.0018 val=0.0124 ent=0.6188 tot=+0.0030 agnorm=0.188 cgnorm=0.049 kl=0.0012 clipf=0.011 ev=+0.912 r0=1.0000 entcoef=2.33e-03 lr=1.1e-04 seed=0
iter= 533 step=1708800 ep_ret=-129.635 opt_ret=-129.635 step_rew=-1.2964 opt_step=-1.2964 gap0=129.635 dret=+136.364 eval_ret=n/a pursuer_target_distance=1.483 capture=0.020 score=0.008 pol=-0.0010 val=0.0205 ent=0.6124 tot=+0.0078 agnorm=0.396 cgnorm=0.056 kl=0.0010 clipf=0.009 ev=+0.875 r0=1.0000 entcoef=2.31e-03 lr=1.1e-04 seed=0
iter= 534 step=1712000 ep_ret=-150.837 opt_ret=-150.837 step_rew=-1.5084 opt_step=-1.5084 gap0=150.837 dret=+115.162 eval_ret=n/a pursuer_target_distance=1.648 capture=0.015 score=0.006 pol=-0.0010 val=0.0240 ent=0.5924 tot=+0.0096 agnorm=0.216 cgnorm=0.067 kl=0.0015 clipf=0.016 ev=+0.887 r0=1.0000 entcoef=2.30e-03 lr=1.1e-04 seed=0
iter= 535 step=1715200 ep_ret=-100.234 opt_ret=-100.234 step_rew=-1.0023 opt_step=-1.0023 gap0=100.234 dret=+165.765 eval_ret=n/a pursuer_target_distance=1.267 capture=0.028 score=0.012 pol=-0.0012 val=0.0245 ent=0.6407 tot=+0.0095 agnorm=0.168 cgnorm=0.062 kl=0.0016 clipf=0.016 ev=+0.793 r0=1.0000 entcoef=2.28e-03 lr=1.1e-04 seed=0
iter= 536 step=1718400 ep_ret=-114.374 opt_ret=-114.374 step_rew=-1.1437 opt_step=-1.1437 gap0=114.374 dret=+151.625 eval_ret=n/a pursuer_target_distance=1.377 capture=0.024 score=0.010 pol=-0.0017 val=0.0197 ent=0.6106 tot=+0.0068 agnorm=0.296 cgnorm=0.048 kl=0.0015 clipf=0.015 ev=+0.878 r0=1.0000 entcoef=2.27e-03 lr=1.1e-04 seed=0
iter= 537 step=1721600 ep_ret=-116.325 opt_ret=-116.325 step_rew=-1.1632 opt_step=-1.1632 gap0=116.325 dret=+149.675 eval_ret=n/a pursuer_target_distance=1.356 capture=0.020 score=0.009 pol=-0.0017 val=0.0224 ent=0.6797 tot=+0.0080 agnorm=0.340 cgnorm=0.060 kl=0.0018 clipf=0.016 ev=+0.831 r0=1.0000 entcoef=2.25e-03 lr=1.1e-04 seed=0
iter= 538 step=1724800 ep_ret=-110.617 opt_ret=-110.617 step_rew=-1.1062 opt_step=-1.1062 gap0=110.617 dret=+155.382 eval_ret=n/a pursuer_target_distance=1.246 capture=0.015 score=0.007 pol=-0.0010 val=0.0158 ent=0.6419 tot=+0.0055 agnorm=0.176 cgnorm=0.056 kl=0.0016 clipf=0.015 ev=+0.887 r0=1.0000 entcoef=2.24e-03 lr=1.1e-04 seed=0
iter= 539 step=1728000 ep_ret=-91.581 opt_ret=-91.581 step_rew=-0.9158 opt_step=-0.9158 gap0=91.581 dret=+174.418 eval_ret=n/a pursuer_target_distance=1.143 capture=0.024 score=0.011 pol=-0.0017 val=0.0153 ent=0.6155 tot=+0.0045 agnorm=0.297 cgnorm=0.039 kl=0.0017 clipf=0.018 ev=+0.884 r0=1.0000 entcoef=2.23e-03 lr=1.0e-04 seed=0
iter= 540 step=1731200 ep_ret=-44.013 opt_ret=-44.013 step_rew=-0.4401 opt_step=-0.4401 gap0=44.013 dret=+221.986 eval_ret=-89.736 pursuer_target_distance=0.840 capture=0.041 score=0.022 pol=-0.0019 val=0.0221 ent=0.6414 tot=+0.0077 agnorm=0.444 cgnorm=0.062 kl=0.0021 clipf=0.021 ev=+0.841 r0=1.0000 entcoef=2.21e-03 lr=1.0e-04 seed=0
iter= 541 step=1734400 ep_ret=-65.994 opt_ret=-65.994 step_rew=-0.6599 opt_step=-0.6599 gap0=65.994 dret=+200.005 eval_ret=n/a pursuer_target_distance=1.066 capture=0.042 score=0.020 pol=-0.0014 val=0.0347 ent=0.6364 tot=+0.0146 agnorm=0.395 cgnorm=0.080 kl=0.0014 clipf=0.014 ev=+0.750 r0=1.0000 entcoef=2.20e-03 lr=1.0e-04 seed=0
iter= 542 step=1737600 ep_ret=-142.600 opt_ret=-142.600 step_rew=-1.4260 opt_step=-1.4260 gap0=142.600 dret=+123.399 eval_ret=n/a pursuer_target_distance=1.588 capture=0.017 score=0.007 pol=-0.0010 val=0.0196 ent=0.6017 tot=+0.0075 agnorm=0.186 cgnorm=0.070 kl=0.0013 clipf=0.013 ev=+0.883 r0=1.0000 entcoef=2.18e-03 lr=1.0e-04 seed=0
iter= 543 step=1740800 ep_ret=-64.536 opt_ret=-64.536 step_rew=-0.6454 opt_step=-0.6454 gap0=64.536 dret=+201.463 eval_ret=n/a pursuer_target_distance=1.017 capture=0.038 score=0.019 pol=-0.0018 val=0.0242 ent=0.6408 tot=+0.0089 agnorm=0.416 cgnorm=0.054 kl=0.0014 clipf=0.012 ev=+0.820 r0=1.0000 entcoef=2.17e-03 lr=1.0e-04 seed=0
iter= 544 step=1744000 ep_ret=-72.879 opt_ret=-72.879 step_rew=-0.7288 opt_step=-0.7288 gap0=72.879 dret=+193.120 eval_ret=n/a pursuer_target_distance=1.119 capture=0.040 score=0.019 pol=-0.0011 val=0.0292 ent=0.6485 tot=+0.0121 agnorm=0.201 cgnorm=0.060 kl=0.0011 clipf=0.010 ev=+0.775 r0=1.0000 entcoef=2.15e-03 lr=9.8e-05 seed=0
iter= 545 step=1747200 ep_ret=-136.448 opt_ret=-136.448 step_rew=-1.3645 opt_step=-1.3645 gap0=136.448 dret=+129.551 eval_ret=n/a pursuer_target_distance=1.586 capture=0.023 score=0.009 pol=-0.0014 val=0.0312 ent=0.6140 tot=+0.0129 agnorm=0.349 cgnorm=0.100 kl=0.0013 clipf=0.013 ev=+0.834 r0=1.0000 entcoef=2.14e-03 lr=9.7e-05 seed=0
iter= 546 step=1750400 ep_ret=-99.421 opt_ret=-99.421 step_rew=-0.9942 opt_step=-0.9942 gap0=99.421 dret=+166.578 eval_ret=n/a pursuer_target_distance=1.269 capture=0.028 score=0.013 pol=-0.0012 val=0.0215 ent=0.6475 tot=+0.0082 agnorm=0.250 cgnorm=0.051 kl=0.0012 clipf=0.009 ev=+0.853 r0=1.0000 entcoef=2.13e-03 lr=9.6e-05 seed=0
iter= 547 step=1753600 ep_ret=-65.327 opt_ret=-65.327 step_rew=-0.6533 opt_step=-0.6533 gap0=65.327 dret=+200.672 eval_ret=n/a pursuer_target_distance=1.028 capture=0.038 score=0.019 pol=-0.0014 val=0.0238 ent=0.6688 tot=+0.0091 agnorm=0.261 cgnorm=0.074 kl=0.0009 clipf=0.008 ev=+0.794 r0=1.0000 entcoef=2.11e-03 lr=9.5e-05 seed=0
iter= 548 step=1756800 ep_ret=-73.916 opt_ret=-73.916 step_rew=-0.7392 opt_step=-0.7392 gap0=73.916 dret=+192.083 eval_ret=n/a pursuer_target_distance=1.101 capture=0.037 score=0.018 pol=-0.0014 val=0.0285 ent=0.6274 tot=+0.0115 agnorm=0.460 cgnorm=0.059 kl=0.0011 clipf=0.011 ev=+0.773 r0=1.0000 entcoef=2.10e-03 lr=9.4e-05 seed=0
iter= 549 step=1760000 ep_ret=-44.393 opt_ret=-44.393 step_rew=-0.4439 opt_step=-0.4439 gap0=44.393 dret=+221.606 eval_ret=n/a pursuer_target_distance=0.940 capture=0.051 score=0.026 pol=-0.0013 val=0.0312 ent=0.6566 tot=+0.0129 agnorm=0.555 cgnorm=0.071 kl=0.0012 clipf=0.011 ev=+0.796 r0=1.0000 entcoef=2.08e-03 lr=9.3e-05 seed=0
iter= 550 step=1763200 ep_ret=-111.388 opt_ret=-111.388 step_rew=-1.1139 opt_step=-1.1139 gap0=111.388 dret=+154.611 eval_ret=n/a pursuer_target_distance=1.520 capture=0.042 score=0.016 pol=-0.0012 val=0.0445 ent=0.6194 tot=+0.0198 agnorm=0.340 cgnorm=0.106 kl=0.0008 clipf=0.006 ev=+0.815 r0=1.0000 entcoef=2.07e-03 lr=9.2e-05 seed=0
iter= 551 step=1766400 ep_ret=-113.888 opt_ret=-113.888 step_rew=-1.1389 opt_step=-1.1389 gap0=113.888 dret=+152.112 eval_ret=n/a pursuer_target_distance=1.351 capture=0.022 score=0.009 pol=-0.0011 val=0.0171 ent=0.6174 tot=+0.0062 agnorm=0.243 cgnorm=0.051 kl=0.0010 clipf=0.008 ev=+0.872 r0=1.0000 entcoef=2.05e-03 lr=9.1e-05 seed=0
iter= 552 step=1769600 ep_ret=-79.037 opt_ret=-79.037 step_rew=-0.7904 opt_step=-0.7904 gap0=79.037 dret=+186.962 eval_ret=n/a pursuer_target_distance=1.243 capture=0.046 score=0.021 pol=-0.0010 val=0.0376 ent=0.5841 tot=+0.0166 agnorm=0.285 cgnorm=0.079 kl=0.0014 clipf=0.009 ev=+0.825 r0=1.0000 entcoef=2.04e-03 lr=9.0e-05 seed=0
iter= 553 step=1772800 ep_ret=-67.401 opt_ret=-67.401 step_rew=-0.6740 opt_step=-0.6740 gap0=67.401 dret=+198.598 eval_ret=n/a pursuer_target_distance=1.117 capture=0.045 score=0.021 pol=-0.0013 val=0.0273 ent=0.6299 tot=+0.0111 agnorm=0.232 cgnorm=0.071 kl=0.0013 clipf=0.013 ev=+0.840 r0=1.0000 entcoef=2.02e-03 lr=8.9e-05 seed=0
iter= 554 step=1776000 ep_ret=-60.743 opt_ret=-60.743 step_rew=-0.6074 opt_step=-0.6074 gap0=60.743 dret=+205.256 eval_ret=n/a pursuer_target_distance=1.144 capture=0.055 score=0.026 pol=-0.0015 val=0.0427 ent=0.6002 tot=+0.0187 agnorm=0.249 cgnorm=0.088 kl=0.0009 clipf=0.008 ev=+0.798 r0=1.0000 entcoef=2.01e-03 lr=8.7e-05 seed=0
iter= 555 step=1779200 ep_ret=-63.242 opt_ret=-63.242 step_rew=-0.6324 opt_step=-0.6324 gap0=63.242 dret=+202.757 eval_ret=n/a pursuer_target_distance=1.072 capture=0.045 score=0.022 pol=-0.0015 val=0.0317 ent=0.6052 tot=+0.0132 agnorm=0.402 cgnorm=0.077 kl=0.0015 clipf=0.015 ev=+0.813 r0=1.0000 entcoef=2.00e-03 lr=8.6e-05 seed=0
iter= 556 step=1782400 ep_ret=-103.995 opt_ret=-103.995 step_rew=-1.0400 opt_step=-1.0400 gap0=103.995 dret=+162.004 eval_ret=n/a pursuer_target_distance=1.186 capture=0.016 score=0.007 pol=-0.0013 val=0.0113 ent=0.6029 tot=+0.0032 agnorm=0.366 cgnorm=0.052 kl=0.0010 clipf=0.010 ev=+0.907 r0=1.0000 entcoef=1.98e-03 lr=8.5e-05 seed=0
iter= 557 step=1785600 ep_ret=-118.965 opt_ret=-118.965 step_rew=-1.1896 opt_step=-1.1896 gap0=118.965 dret=+147.034 eval_ret=n/a pursuer_target_distance=1.389 capture=0.021 score=0.009 pol=-0.0007 val=0.0225 ent=0.6210 tot=+0.0093 agnorm=0.188 cgnorm=0.064 kl=0.0009 clipf=0.009 ev=+0.893 r0=1.0000 entcoef=1.97e-03 lr=8.4e-05 seed=0
iter= 558 step=1788800 ep_ret=-75.313 opt_ret=-75.313 step_rew=-0.7531 opt_step=-0.7531 gap0=75.313 dret=+190.686 eval_ret=n/a pursuer_target_distance=1.371 capture=0.063 score=0.026 pol=-0.0012 val=0.0440 ent=0.6187 tot=+0.0196 agnorm=0.335 cgnorm=0.102 kl=0.0008 clipf=0.007 ev=+0.800 r0=1.0000 entcoef=1.95e-03 lr=8.3e-05 seed=0
iter= 559 step=1792000 ep_ret=-92.683 opt_ret=-92.683 step_rew=-0.9268 opt_step=-0.9268 gap0=92.683 dret=+173.316 eval_ret=n/a pursuer_target_distance=1.142 capture=0.022 score=0.011 pol=-0.0009 val=0.0171 ent=0.5727 tot=+0.0065 agnorm=0.180 cgnorm=0.053 kl=0.0009 clipf=0.008 ev=+0.852 r0=1.0000 entcoef=1.94e-03 lr=8.2e-05 seed=0
iter= 560 step=1795200 ep_ret=-92.618 opt_ret=-92.618 step_rew=-0.9262 opt_step=-0.9262 gap0=92.618 dret=+173.382 eval_ret=-88.954 pursuer_target_distance=1.235 capture=0.032 score=0.014 pol=-0.0010 val=0.0304 ent=0.6135 tot=+0.0130 agnorm=0.371 cgnorm=0.066 kl=0.0006 clipf=0.005 ev=+0.818 r0=1.0000 entcoef=1.92e-03 lr=8.1e-05 seed=0
iter= 561 step=1798400 ep_ret=-74.226 opt_ret=-74.226 step_rew=-0.7423 opt_step=-0.7423 gap0=74.226 dret=+191.774 eval_ret=n/a pursuer_target_distance=0.976 capture=0.024 score=0.012 pol=-0.0010 val=0.0147 ent=0.6222 tot=+0.0052 agnorm=0.190 cgnorm=0.043 kl=0.0008 clipf=0.007 ev=+0.823 r0=1.0000 entcoef=1.91e-03 lr=8.0e-05 seed=0
iter= 562 step=1801600 ep_ret=-82.754 opt_ret=-82.754 step_rew=-0.8275 opt_step=-0.8275 gap0=82.754 dret=+183.246 eval_ret=n/a pursuer_target_distance=1.118 capture=0.030 score=0.014 pol=-0.0013 val=0.0184 ent=0.6086 tot=+0.0067 agnorm=0.319 cgnorm=0.064 kl=0.0010 clipf=0.009 ev=+0.837 r0=1.0000 entcoef=1.89e-03 lr=7.9e-05 seed=0
iter= 563 step=1804800 ep_ret=-68.324 opt_ret=-68.324 step_rew=-0.6832 opt_step=-0.6832 gap0=68.324 dret=+197.675 eval_ret=n/a pursuer_target_distance=1.033 capture=0.036 score=0.018 pol=-0.0012 val=0.0213 ent=0.6174 tot=+0.0083 agnorm=0.259 cgnorm=0.061 kl=0.0015 clipf=0.016 ev=+0.851 r0=1.0000 entcoef=1.88e-03 lr=7.7e-05 seed=0
iter= 564 step=1808000 ep_ret=-71.889 opt_ret=-71.889 step_rew=-0.7189 opt_step=-0.7189 gap0=71.889 dret=+194.110 eval_ret=n/a pursuer_target_distance=1.081 capture=0.037 score=0.018 pol=-0.0011 val=0.0310 ent=0.6028 tot=+0.0133 agnorm=0.441 cgnorm=0.079 kl=0.0009 clipf=0.009 ev=+0.777 r0=1.0000 entcoef=1.87e-03 lr=7.6e-05 seed=0
iter= 565 step=1811200 ep_ret=-60.801 opt_ret=-60.801 step_rew=-0.6080 opt_step=-0.6080 gap0=60.801 dret=+205.198 eval_ret=n/a pursuer_target_distance=1.186 capture=0.059 score=0.027 pol=-0.0014 val=0.0374 ent=0.6355 tot=+0.0161 agnorm=0.357 cgnorm=0.089 kl=0.0008 clipf=0.006 ev=+0.802 r0=1.0000 entcoef=1.85e-03 lr=7.5e-05 seed=0
iter= 566 step=1814400 ep_ret=-70.771 opt_ret=-70.771 step_rew=-0.7077 opt_step=-0.7077 gap0=70.771 dret=+195.228 eval_ret=n/a pursuer_target_distance=1.241 capture=0.054 score=0.024 pol=-0.0011 val=0.0420 ent=0.6132 tot=+0.0188 agnorm=0.207 cgnorm=0.104 kl=0.0011 clipf=0.011 ev=+0.761 r0=1.0000 entcoef=1.84e-03 lr=7.4e-05 seed=0
iter= 567 step=1817600 ep_ret=-86.221 opt_ret=-86.221 step_rew=-0.8622 opt_step=-0.8622 gap0=86.221 dret=+179.778 eval_ret=n/a pursuer_target_distance=1.252 capture=0.040 score=0.018 pol=-0.0011 val=0.0330 ent=0.6231 tot=+0.0143 agnorm=0.276 cgnorm=0.066 kl=0.0009 clipf=0.006 ev=+0.803 r0=1.0000 entcoef=1.82e-03 lr=7.3e-05 seed=0
iter= 568 step=1820800 ep_ret=-41.444 opt_ret=-41.444 step_rew=-0.4144 opt_step=-0.4144 gap0=41.444 dret=+224.555 eval_ret=n/a pursuer_target_distance=0.951 capture=0.055 score=0.028 pol=-0.0011 val=0.0348 ent=0.6324 tot=+0.0151 agnorm=0.332 cgnorm=0.060 kl=0.0009 clipf=0.007 ev=+0.785 r0=1.0000 entcoef=1.81e-03 lr=7.2e-05 seed=0
iter= 569 step=1824000 ep_ret=-61.384 opt_ret=-61.384 step_rew=-0.6138 opt_step=-0.6138 gap0=61.384 dret=+204.615 eval_ret=n/a pursuer_target_distance=1.191 capture=0.059 score=0.027 pol=-0.0012 val=0.0401 ent=0.5682 tot=+0.0178 agnorm=0.226 cgnorm=0.085 kl=0.0012 clipf=0.012 ev=+0.755 r0=1.0000 entcoef=1.79e-03 lr=7.1e-05 seed=0
iter= 570 step=1827200 ep_ret=-106.891 opt_ret=-106.891 step_rew=-1.0689 opt_step=-1.0689 gap0=106.891 dret=+159.108 eval_ret=n/a pursuer_target_distance=1.271 capture=0.021 score=0.009 pol=-0.0013 val=0.0167 ent=0.6245 tot=+0.0059 agnorm=0.278 cgnorm=0.063 kl=0.0009 clipf=0.007 ev=+0.910 r0=1.0000 entcoef=1.78e-03 lr=7.0e-05 seed=0
iter= 571 step=1830400 ep_ret=-102.205 opt_ret=-102.205 step_rew=-1.0220 opt_step=-1.0220 gap0=102.205 dret=+163.795 eval_ret=n/a pursuer_target_distance=1.265 capture=0.025 score=0.011 pol=-0.0009 val=0.0150 ent=0.6063 tot=+0.0056 agnorm=0.261 cgnorm=0.045 kl=0.0007 clipf=0.007 ev=+0.889 r0=1.0000 entcoef=1.76e-03 lr=6.9e-05 seed=0
iter= 572 step=1833600 ep_ret=-79.928 opt_ret=-79.928 step_rew=-0.7993 opt_step=-0.7993 gap0=79.928 dret=+186.071 eval_ret=n/a pursuer_target_distance=1.208 capture=0.042 score=0.019 pol=-0.0012 val=0.0330 ent=0.6190 tot=+0.0142 agnorm=0.280 cgnorm=0.101 kl=0.0008 clipf=0.007 ev=+0.765 r0=1.0000 entcoef=1.75e-03 lr=6.8e-05 seed=0
iter= 573 step=1836800 ep_ret=-83.579 opt_ret=-83.579 step_rew=-0.8358 opt_step=-0.8358 gap0=83.579 dret=+182.420 eval_ret=n/a pursuer_target_distance=1.282 capture=0.046 score=0.020 pol=-0.0011 val=0.0377 ent=0.6222 tot=+0.0167 agnorm=0.222 cgnorm=0.063 kl=0.0007 clipf=0.005 ev=+0.760 r0=1.0000 entcoef=1.74e-03 lr=6.6e-05 seed=0
iter= 574 step=1840000 ep_ret=-69.238 opt_ret=-69.238 step_rew=-0.6924 opt_step=-0.6924 gap0=69.238 dret=+196.762 eval_ret=n/a pursuer_target_distance=1.161 capture=0.048 score=0.022 pol=-0.0011 val=0.0295 ent=0.6399 tot=+0.0126 agnorm=0.458 cgnorm=0.060 kl=0.0010 clipf=0.007 ev=+0.837 r0=1.0000 entcoef=1.72e-03 lr=6.5e-05 seed=0
iter= 575 step=1843200 ep_ret=-64.636 opt_ret=-64.636 step_rew=-0.6464 opt_step=-0.6464 gap0=64.636 dret=+201.363 eval_ret=n/a pursuer_target_distance=1.121 capture=0.048 score=0.023 pol=-0.0012 val=0.0323 ent=0.6230 tot=+0.0139 agnorm=0.362 cgnorm=0.064 kl=0.0007 clipf=0.006 ev=+0.794 r0=1.0000 entcoef=1.71e-03 lr=6.4e-05 seed=0
iter= 576 step=1846400 ep_ret=-28.680 opt_ret=-28.680 step_rew=-0.2868 opt_step=-0.2868 gap0=28.680 dret=+237.319 eval_ret=n/a pursuer_target_distance=0.961 capture=0.068 score=0.035 pol=-0.0014 val=0.0465 ent=0.6041 tot=+0.0209 agnorm=0.269 cgnorm=0.085 kl=0.0007 clipf=0.006 ev=+0.705 r0=1.0000 entcoef=1.69e-03 lr=6.3e-05 seed=0
iter= 577 step=1849600 ep_ret=-78.817 opt_ret=-78.817 step_rew=-0.7882 opt_step=-0.7882 gap0=78.817 dret=+187.182 eval_ret=n/a pursuer_target_distance=1.184 capture=0.041 score=0.019 pol=-0.0013 val=0.0253 ent=0.5891 tot=+0.0103 agnorm=0.352 cgnorm=0.063 kl=0.0007 clipf=0.006 ev=+0.819 r0=1.0000 entcoef=1.68e-03 lr=6.2e-05 seed=0
iter= 578 step=1852800 ep_ret=-94.166 opt_ret=-94.166 step_rew=-0.9417 opt_step=-0.9417 gap0=94.166 dret=+171.833 eval_ret=n/a pursuer_target_distance=1.269 capture=0.034 score=0.015 pol=-0.0009 val=0.0266 ent=0.5668 tot=+0.0114 agnorm=0.359 cgnorm=0.065 kl=0.0013 clipf=0.013 ev=+0.851 r0=1.0000 entcoef=1.66e-03 lr=6.1e-05 seed=0
iter= 579 step=1856000 ep_ret=-101.512 opt_ret=-101.512 step_rew=-1.0151 opt_step=-1.0151 gap0=101.512 dret=+164.487 eval_ret=n/a pursuer_target_distance=1.261 capture=0.026 score=0.011 pol=-0.0013 val=0.0193 ent=0.5841 tot=+0.0074 agnorm=0.268 cgnorm=0.057 kl=0.0011 clipf=0.011 ev=+0.878 r0=1.0000 entcoef=1.65e-03 lr=6.0e-05 seed=0
iter= 580 step=1859200 ep_ret=-47.985 opt_ret=-47.985 step_rew=-0.4799 opt_step=-0.4799 gap0=47.985 dret=+218.014 eval_ret=-88.676 pursuer_target_distance=1.142 capture=0.067 score=0.031 pol=-0.0009 val=0.0461 ent=0.5756 tot=+0.0211 agnorm=0.346 cgnorm=0.084 kl=0.0009 clipf=0.008 ev=+0.763 r0=1.0000 entcoef=1.63e-03 lr=5.9e-05 seed=0
iter= 581 step=1862400 ep_ret=-120.393 opt_ret=-120.393 step_rew=-1.2039 opt_step=-1.2039 gap0=120.393 dret=+145.606 eval_ret=n/a pursuer_target_distance=1.381 capture=0.019 score=0.008 pol=-0.0007 val=0.0208 ent=0.5807 tot=+0.0088 agnorm=0.265 cgnorm=0.076 kl=0.0008 clipf=0.006 ev=+0.860 r0=1.0000 entcoef=1.62e-03 lr=5.8e-05 seed=0
iter= 582 step=1865600 ep_ret=-87.453 opt_ret=-87.453 step_rew=-0.8745 opt_step=-0.8745 gap0=87.453 dret=+178.547 eval_ret=n/a pursuer_target_distance=1.165 capture=0.030 score=0.014 pol=-0.0007 val=0.0185 ent=0.5700 tot=+0.0076 agnorm=0.285 cgnorm=0.047 kl=0.0005 clipf=0.004 ev=+0.835 r0=1.0000 entcoef=1.61e-03 lr=5.6e-05 seed=0
iter= 583 step=1868800 ep_ret=-63.323 opt_ret=-63.323 step_rew=-0.6332 opt_step=-0.6332 gap0=63.323 dret=+202.676 eval_ret=n/a pursuer_target_distance=1.036 capture=0.041 score=0.020 pol=-0.0008 val=0.0235 ent=0.5864 tot=+0.0100 agnorm=0.213 cgnorm=0.049 kl=0.0008 clipf=0.006 ev=+0.841 r0=1.0000 entcoef=1.59e-03 lr=5.5e-05 seed=0
iter= 584 step=1872000 ep_ret=-38.980 opt_ret=-38.980 step_rew=-0.3898 opt_step=-0.3898 gap0=38.980 dret=+227.019 eval_ret=n/a pursuer_target_distance=1.005 capture=0.062 score=0.031 pol=-0.0014 val=0.0450 ent=0.5841 tot=+0.0202 agnorm=0.481 cgnorm=0.125 kl=0.0009 clipf=0.007 ev=+0.733 r0=1.0000 entcoef=1.58e-03 lr=5.4e-05 seed=0
iter= 585 step=1875200 ep_ret=-69.792 opt_ret=-69.792 step_rew=-0.6979 opt_step=-0.6979 gap0=69.792 dret=+196.207 eval_ret=n/a pursuer_target_distance=1.057 capture=0.037 score=0.018 pol=-0.0015 val=0.0228 ent=0.5898 tot=+0.0090 agnorm=0.338 cgnorm=0.053 kl=0.0014 clipf=0.014 ev=+0.812 r0=1.0000 entcoef=1.56e-03 lr=5.3e-05 seed=0
iter= 586 step=1878400 ep_ret=-96.348 opt_ret=-96.348 step_rew=-0.9635 opt_step=-0.9635 gap0=96.348 dret=+169.652 eval_ret=n/a pursuer_target_distance=1.244 capture=0.029 score=0.013 pol=-0.0008 val=0.0216 ent=0.5900 tot=+0.0091 agnorm=0.178 cgnorm=0.053 kl=0.0009 clipf=0.007 ev=+0.837 r0=1.0000 entcoef=1.55e-03 lr=5.2e-05 seed=0
iter= 587 step=1881600 ep_ret=-83.801 opt_ret=-83.801 step_rew=-0.8380 opt_step=-0.8380 gap0=83.801 dret=+182.198 eval_ret=n/a pursuer_target_distance=1.069 capture=0.024 score=0.012 pol=-0.0009 val=0.0162 ent=0.5736 tot=+0.0064 agnorm=0.218 cgnorm=0.062 kl=0.0011 clipf=0.010 ev=+0.853 r0=1.0000 entcoef=1.53e-03 lr=5.1e-05 seed=0
iter= 588 step=1884800 ep_ret=-87.538 opt_ret=-87.538 step_rew=-0.8754 opt_step=-0.8754 gap0=87.538 dret=+178.461 eval_ret=n/a pursuer_target_distance=1.194 capture=0.033 score=0.015 pol=-0.0012 val=0.0264 ent=0.6022 tot=+0.0111 agnorm=0.316 cgnorm=0.074 kl=0.0013 clipf=0.012 ev=+0.864 r0=1.0000 entcoef=1.52e-03 lr=5.0e-05 seed=0
iter= 589 step=1888000 ep_ret=-89.714 opt_ret=-89.714 step_rew=-0.8971 opt_step=-0.8971 gap0=89.714 dret=+176.285 eval_ret=n/a pursuer_target_distance=1.240 capture=0.035 score=0.016 pol=-0.0007 val=0.0201 ent=0.5944 tot=+0.0084 agnorm=0.255 cgnorm=0.062 kl=0.0010 clipf=0.009 ev=+0.890 r0=1.0000 entcoef=1.50e-03 lr=4.9e-05 seed=0
iter= 590 step=1891200 ep_ret=-81.554 opt_ret=-81.554 step_rew=-0.8155 opt_step=-0.8155 gap0=81.554 dret=+184.445 eval_ret=n/a pursuer_target_distance=1.174 capture=0.037 score=0.017 pol=-0.0008 val=0.0240 ent=0.6091 tot=+0.0102 agnorm=0.199 cgnorm=0.065 kl=0.0006 clipf=0.004 ev=+0.878 r0=1.0000 entcoef=1.49e-03 lr=4.8e-05 seed=0
iter= 591 step=1894400 ep_ret=-47.209 opt_ret=-47.209 step_rew=-0.4721 opt_step=-0.4721 gap0=47.209 dret=+218.790 eval_ret=n/a pursuer_target_distance=0.965 capture=0.050 score=0.026 pol=-0.0013 val=0.0334 ent=0.5978 tot=+0.0145 agnorm=0.506 cgnorm=0.089 kl=0.0006 clipf=0.005 ev=+0.788 r0=1.0000 entcoef=1.48e-03 lr=4.6e-05 seed=0
iter= 592 step=1897600 ep_ret=-54.948 opt_ret=-54.948 step_rew=-0.5495 opt_step=-0.5495 gap0=54.948 dret=+211.051 eval_ret=n/a pursuer_target_distance=1.124 capture=0.058 score=0.028 pol=-0.0008 val=0.0451 ent=0.6181 tot=+0.0209 agnorm=0.234 cgnorm=0.099 kl=0.0009 clipf=0.008 ev=+0.700 r0=1.0000 entcoef=1.46e-03 lr=4.5e-05 seed=0
iter= 593 step=1900800 ep_ret=-74.682 opt_ret=-74.682 step_rew=-0.7468 opt_step=-0.7468 gap0=74.682 dret=+191.317 eval_ret=n/a pursuer_target_distance=1.087 capture=0.035 score=0.017 pol=-0.0011 val=0.0237 ent=0.5930 tot=+0.0099 agnorm=0.239 cgnorm=0.064 kl=0.0008 clipf=0.006 ev=+0.840 r0=1.0000 entcoef=1.45e-03 lr=4.4e-05 seed=0
iter= 594 step=1904000 ep_ret=-103.458 opt_ret=-103.458 step_rew=-1.0346 opt_step=-1.0346 gap0=103.458 dret=+162.541 eval_ret=n/a pursuer_target_distance=1.381 capture=0.036 score=0.015 pol=-0.0008 val=0.0311 ent=0.6116 tot=+0.0139 agnorm=0.253 cgnorm=0.085 kl=0.0004 clipf=0.004 ev=+0.823 r0=1.0000 entcoef=1.43e-03 lr=4.3e-05 seed=0
iter= 595 step=1907200 ep_ret=-108.284 opt_ret=-108.284 step_rew=-1.0828 opt_step=-1.0828 gap0=108.284 dret=+157.715 eval_ret=n/a pursuer_target_distance=1.348 capture=0.028 score=0.012 pol=-0.0009 val=0.0194 ent=0.5704 tot=+0.0080 agnorm=0.339 cgnorm=0.058 kl=0.0007 clipf=0.006 ev=+0.873 r0=1.0000 entcoef=1.42e-03 lr=4.2e-05 seed=0
iter= 596 step=1910400 ep_ret=-108.760 opt_ret=-108.760 step_rew=-1.0876 opt_step=-1.0876 gap0=108.760 dret=+157.239 eval_ret=n/a pursuer_target_distance=1.274 capture=0.020 score=0.009 pol=-0.0008 val=0.0189 ent=0.5858 tot=+0.0079 agnorm=0.355 cgnorm=0.087 kl=0.0005 clipf=0.005 ev=+0.866 r0=1.0000 entcoef=1.40e-03 lr=4.1e-05 seed=0
iter= 597 step=1913600 ep_ret=-57.049 opt_ret=-57.049 step_rew=-0.5705 opt_step=-0.5705 gap0=57.049 dret=+208.950 eval_ret=n/a pursuer_target_distance=1.229 capture=0.067 score=0.030 pol=-0.0008 val=0.0444 ent=0.5661 tot=+0.0206 agnorm=0.319 cgnorm=0.089 kl=0.0004 clipf=0.003 ev=+0.759 r0=1.0000 entcoef=1.39e-03 lr=4.0e-05 seed=0
iter= 598 step=1916800 ep_ret=-110.018 opt_ret=-110.018 step_rew=-1.1002 opt_step=-1.1002 gap0=110.018 dret=+155.982 eval_ret=n/a pursuer_target_distance=1.521 capture=0.043 score=0.017 pol=-0.0010 val=0.0358 ent=0.5971 tot=+0.0161 agnorm=0.346 cgnorm=0.093 kl=0.0004 clipf=0.003 ev=+0.827 r0=1.0000 entcoef=1.37e-03 lr=3.9e-05 seed=0
iter= 599 step=1920000 ep_ret=-103.574 opt_ret=-103.574 step_rew=-1.0357 opt_step=-1.0357 gap0=103.574 dret=+162.426 eval_ret=n/a pursuer_target_distance=1.376 capture=0.035 score=0.015 pol=-0.0009 val=0.0201 ent=0.5969 tot=+0.0084 agnorm=0.297 cgnorm=0.051 kl=0.0006 clipf=0.006 ev=+0.879 r0=1.0000 entcoef=1.36e-03 lr=3.8e-05 seed=0
iter= 600 step=1923200 ep_ret=-94.006 opt_ret=-94.006 step_rew=-0.9401 opt_step=-0.9401 gap0=94.006 dret=+171.993 eval_ret=-87.587 pursuer_target_distance=1.386 capture=0.046 score=0.019 pol=-0.0007 val=0.0357 ent=0.5948 tot=+0.0163 agnorm=0.357 cgnorm=0.057 kl=0.0004 clipf=0.003 ev=+0.834 r0=1.0000 entcoef=1.35e-03 lr=3.7e-05 seed=0
iter= 601 step=1926400 ep_ret=-76.627 opt_ret=-76.627 step_rew=-0.7663 opt_step=-0.7663 gap0=76.627 dret=+189.372 eval_ret=n/a pursuer_target_distance=1.147 capture=0.039 score=0.018 pol=-0.0007 val=0.0261 ent=0.5846 tot=+0.0116 agnorm=0.338 cgnorm=0.049 kl=0.0004 clipf=0.003 ev=+0.814 r0=1.0000 entcoef=1.33e-03 lr=3.5e-05 seed=0
iter= 602 step=1929600 ep_ret=-77.503 opt_ret=-77.503 step_rew=-0.7750 opt_step=-0.7750 gap0=77.503 dret=+188.496 eval_ret=n/a pursuer_target_distance=1.199 capture=0.043 score=0.020 pol=-0.0009 val=0.0387 ent=0.6021 tot=+0.0177 agnorm=0.337 cgnorm=0.129 kl=0.0007 clipf=0.005 ev=+0.780 r0=1.0000 entcoef=1.32e-03 lr=3.4e-05 seed=0
iter= 603 step=1932800 ep_ret=-31.612 opt_ret=-31.612 step_rew=-0.3161 opt_step=-0.3161 gap0=31.612 dret=+234.387 eval_ret=n/a pursuer_target_distance=0.881 capture=0.058 score=0.031 pol=-0.0008 val=0.0350 ent=0.5842 tot=+0.0159 agnorm=0.395 cgnorm=0.082 kl=0.0004 clipf=0.003 ev=+0.708 r0=1.0000 entcoef=1.30e-03 lr=3.3e-05 seed=0
iter= 604 step=1936000 ep_ret=-90.718 opt_ret=-90.718 step_rew=-0.9072 opt_step=-0.9072 gap0=90.718 dret=+175.281 eval_ret=n/a pursuer_target_distance=1.228 capture=0.033 score=0.015 pol=-0.0006 val=0.0262 ent=0.5764 tot=+0.0117 agnorm=0.210 cgnorm=0.074 kl=0.0004 clipf=0.003 ev=+0.825 r0=1.0000 entcoef=1.29e-03 lr=3.2e-05 seed=0
iter= 605 step=1939200 ep_ret=-59.297 opt_ret=-59.297 step_rew=-0.5930 opt_step=-0.5930 gap0=59.297 dret=+206.702 eval_ret=n/a pursuer_target_distance=1.142 capture=0.056 score=0.026 pol=-0.0011 val=0.0417 ent=0.6227 tot=+0.0189 agnorm=0.311 cgnorm=0.054 kl=0.0006 clipf=0.005 ev=+0.797 r0=1.0000 entcoef=1.27e-03 lr=3.1e-05 seed=0
iter= 606 step=1942400 ep_ret=-105.290 opt_ret=-105.290 step_rew=-1.0529 opt_step=-1.0529 gap0=105.290 dret=+160.709 eval_ret=n/a pursuer_target_distance=1.346 capture=0.030 score=0.013 pol=-0.0006 val=0.0218 ent=0.5673 tot=+0.0096 agnorm=0.251 cgnorm=0.057 kl=0.0007 clipf=0.008 ev=+0.882 r0=1.0000 entcoef=1.26e-03 lr=3.0e-05 seed=0
iter= 607 step=1945600 ep_ret=-72.424 opt_ret=-72.424 step_rew=-0.7242 opt_step=-0.7242 gap0=72.424 dret=+193.575 eval_ret=n/a pursuer_target_distance=1.130 capture=0.042 score=0.020 pol=-0.0006 val=0.0271 ent=0.6028 tot=+0.0122 agnorm=0.333 cgnorm=0.057 kl=0.0003 clipf=0.003 ev=+0.851 r0=1.0000 entcoef=1.25e-03 lr=2.9e-05 seed=0
iter= 608 step=1948800 ep_ret=-88.846 opt_ret=-88.846 step_rew=-0.8885 opt_step=-0.8885 gap0=88.846 dret=+177.153 eval_ret=n/a pursuer_target_distance=1.332 capture=0.045 score=0.019 pol=-0.0006 val=0.0293 ent=0.5599 tot=+0.0133 agnorm=0.236 cgnorm=0.077 kl=0.0004 clipf=0.003 ev=+0.888 r0=1.0000 entcoef=1.23e-03 lr=2.8e-05 seed=0
iter= 609 step=1952000 ep_ret=-13.002 opt_ret=-13.002 step_rew=-0.1300 opt_step=-0.1300 gap0=13.002 dret=+252.997 eval_ret=n/a pursuer_target_distance=0.948 capture=0.083 score=0.043 pol=-0.0007 val=0.0496 ent=0.5786 tot=+0.0234 agnorm=0.290 cgnorm=0.119 kl=0.0005 clipf=0.003 ev=+0.790 r0=1.0000 entcoef=1.22e-03 lr=2.7e-05 seed=0
iter= 610 step=1955200 ep_ret=-33.201 opt_ret=-33.201 step_rew=-0.3320 opt_step=-0.3320 gap0=33.201 dret=+232.798 eval_ret=n/a pursuer_target_distance=1.000 capture=0.068 score=0.034 pol=-0.0011 val=0.0454 ent=0.5788 tot=+0.0209 agnorm=0.368 cgnorm=0.080 kl=0.0006 clipf=0.005 ev=+0.758 r0=1.0000 entcoef=1.20e-03 lr=2.5e-05 seed=0
iter= 611 step=1958400 ep_ret=-105.507 opt_ret=-105.507 step_rew=-1.0551 opt_step=-1.0551 gap0=105.507 dret=+160.493 eval_ret=n/a pursuer_target_distance=1.379 capture=0.033 score=0.014 pol=-0.0006 val=0.0198 ent=0.5576 tot=+0.0086 agnorm=0.212 cgnorm=0.054 kl=0.0003 clipf=0.003 ev=+0.902 r0=1.0000 entcoef=1.19e-03 lr=2.4e-05 seed=0
iter= 612 step=1961600 ep_ret=-106.896 opt_ret=-106.896 step_rew=-1.0690 opt_step=-1.0690 gap0=106.896 dret=+159.103 eval_ret=n/a pursuer_target_distance=1.390 capture=0.033 score=0.014 pol=-0.0010 val=0.0270 ent=0.5691 tot=+0.0119 agnorm=0.316 cgnorm=0.065 kl=0.0006 clipf=0.006 ev=+0.827 r0=1.0000 entcoef=1.17e-03 lr=2.3e-05 seed=0
iter= 613 step=1964800 ep_ret=-83.370 opt_ret=-83.370 step_rew=-0.8337 opt_step=-0.8337 gap0=83.370 dret=+182.629 eval_ret=n/a pursuer_target_distance=1.089 capture=0.027 score=0.013 pol=-0.0005 val=0.0211 ent=0.6051 tot=+0.0094 agnorm=0.308 cgnorm=0.056 kl=0.0002 clipf=0.001 ev=+0.784 r0=1.0000 entcoef=1.16e-03 lr=2.2e-05 seed=0
iter= 614 step=1968000 ep_ret=-60.703 opt_ret=-60.703 step_rew=-0.6070 opt_step=-0.6070 gap0=60.703 dret=+205.296 eval_ret=n/a pursuer_target_distance=1.069 capture=0.047 score=0.023 pol=-0.0007 val=0.0222 ent=0.5772 tot=+0.0098 agnorm=0.298 cgnorm=0.060 kl=0.0003 clipf=0.002 ev=+0.867 r0=1.0000 entcoef=1.14e-03 lr=2.1e-05 seed=0
iter= 615 step=1971200 ep_ret=-60.794 opt_ret=-60.794 step_rew=-0.6079 opt_step=-0.6079 gap0=60.794 dret=+205.205 eval_ret=n/a pursuer_target_distance=1.157 capture=0.056 score=0.026 pol=-0.0003 val=0.0323 ent=0.5725 tot=+0.0153 agnorm=0.186 cgnorm=0.067 kl=0.0002 clipf=0.001 ev=+0.862 r0=1.0000 entcoef=1.13e-03 lr=2.0e-05 seed=0
iter= 616 step=1974400 ep_ret=-111.677 opt_ret=-111.677 step_rew=-1.1168 opt_step=-1.1168 gap0=111.677 dret=+154.322 eval_ret=n/a pursuer_target_distance=1.447 capture=0.034 score=0.014 pol=-0.0003 val=0.0220 ent=0.6063 tot=+0.0100 agnorm=0.306 cgnorm=0.067 kl=0.0001 clipf=0.001 ev=+0.877 r0=1.0000 entcoef=1.12e-03 lr=1.9e-05 seed=0
iter= 617 step=1977600 ep_ret=-68.219 opt_ret=-68.219 step_rew=-0.6822 opt_step=-0.6822 gap0=68.219 dret=+197.780 eval_ret=n/a pursuer_target_distance=0.947 capture=0.028 score=0.014 pol=-0.0008 val=0.0177 ent=0.6062 tot=+0.0073 agnorm=0.307 cgnorm=0.043 kl=0.0005 clipf=0.004 ev=+0.853 r0=1.0000 entcoef=1.10e-03 lr=1.8e-05 seed=0
iter= 618 step=1980800 ep_ret=-110.605 opt_ret=-110.605 step_rew=-1.1061 opt_step=-1.1061 gap0=110.605 dret=+155.394 eval_ret=n/a pursuer_target_distance=1.430 capture=0.033 score=0.014 pol=-0.0004 val=0.0216 ent=0.5679 tot=+0.0098 agnorm=0.233 cgnorm=0.078 kl=0.0003 clipf=0.002 ev=+0.894 r0=1.0000 entcoef=1.09e-03 lr=1.7e-05 seed=0
iter= 619 step=1984000 ep_ret=-93.556 opt_ret=-93.556 step_rew=-0.9356 opt_step=-0.9356 gap0=93.556 dret=+172.443 eval_ret=n/a pursuer_target_distance=1.194 capture=0.027 score=0.012 pol=-0.0006 val=0.0234 ent=0.6196 tot=+0.0104 agnorm=0.335 cgnorm=0.079 kl=0.0003 clipf=0.003 ev=+0.833 r0=1.0000 entcoef=1.07e-03 lr=1.6e-05 seed=0
iter= 620 step=1987200 ep_ret=-27.800 opt_ret=-27.800 step_rew=-0.2780 opt_step=-0.2780 gap0=27.800 dret=+238.199 eval_ret=-86.868 pursuer_target_distance=0.968 capture=0.070 score=0.036 pol=-0.0006 val=0.0422 ent=0.6006 tot=+0.0199 agnorm=0.328 cgnorm=0.112 kl=0.0002 clipf=0.002 ev=+0.759 r0=1.0000 entcoef=1.06e-03 lr=1.4e-05 seed=0
iter= 621 step=1990400 ep_ret=-76.194 opt_ret=-76.194 step_rew=-0.7619 opt_step=-0.7619 gap0=76.194 dret=+189.805 eval_ret=n/a pursuer_target_distance=1.171 capture=0.042 score=0.019 pol=-0.0004 val=0.0319 ent=0.6109 tot=+0.0149 agnorm=0.257 cgnorm=0.080 kl=0.0003 clipf=0.002 ev=+0.824 r0=1.0000 entcoef=1.04e-03 lr=1.3e-05 seed=0
iter= 622 step=1993600 ep_ret=-47.088 opt_ret=-47.088 step_rew=-0.4709 opt_step=-0.4709 gap0=47.088 dret=+218.912 eval_ret=n/a pursuer_target_distance=1.042 capture=0.058 score=0.028 pol=-0.0003 val=0.0412 ent=0.5853 tot=+0.0197 agnorm=0.226 cgnorm=0.099 kl=0.0001 clipf=0.001 ev=+0.760 r0=1.0000 entcoef=1.03e-03 lr=1.2e-05 seed=0
iter= 623 step=1996800 ep_ret=-77.708 opt_ret=-77.708 step_rew=-0.7771 opt_step=-0.7771 gap0=77.708 dret=+188.292 eval_ret=n/a pursuer_target_distance=1.230 capture=0.046 score=0.021 pol=-0.0002 val=0.0234 ent=0.5778 tot=+0.0109 agnorm=0.255 cgnorm=0.057 kl=0.0001 clipf=0.000 ev=+0.854 r0=1.0000 entcoef=1.01e-03 lr=1.1e-05 seed=0
iter= 624 step=2000000 ep_ret=-76.108 opt_ret=-76.108 step_rew=-0.7611 opt_step=-0.7611 gap0=76.108 dret=+189.891 eval_ret=-87.178 pursuer_target_distance=1.114 capture=0.036 score=0.017 pol=-0.0005 val=0.0197 ent=0.6063 tot=+0.0088 agnorm=0.614 cgnorm=0.062 kl=0.0002 clipf=0.001 ev=+0.853 r0=1.0000 entcoef=1.00e-03 lr=1.0e-05 seed=0
[train] Checkpoint saving disabled.
[train] Run artifacts in runs/pursuit/alpha/graph/alpha0p75/seed0
[render] Skipped post-train render (mode=off).
=== done Sun Jun  7 21:44:31 EDT 2026 ===
