iter,global_step,episode_return,mean_step_reward,optimized_episode_return,optimized_mean_step_reward,reward_shift,episode_return_gap_to_zero,mean_step_reward_gap_to_zero,episode_return_delta_from_start,mean_step_reward_delta_from_start,pursuer_target_distance,capture,task_score,eval_mean_return,eval_mean_step_reward,eval_optimized_mean_return,eval_optimized_mean_step_reward,eval_mean_episode_length,eval_pursuer_target_distance,eval_capture,eval_task_score,eval_return_gap_to_zero,eval_return_delta_from_start,episodes_completed,policy_loss,value_loss,entropy,total_loss,grad_norm,actor_grad_norm,critic_grad_norm,approx_kl,clipfrac,explained_variance,mean_ratio_epoch0,entropy_coef,lr,seed,alpha,env_alpha,capture_rate
0,3200,-832.0556182861328,-8.320555944442749,-832.0556182861328,-8.320555944442749,0.0,832.0556182861328,8.320555944442749,0.0,0.0,4.458979091644287,0.0,0.0,-533.478506565094,-5.33478506565094,-533.478506565094,-5.33478506565094,100.0,3.1280949187278746,0.0,0.0,533.478506565094,0.0,32,-0.0010957461661433854,0.6377051949501038,1.608047866821289,0.3016763746738434,0.021445997059345245,0.021445997059345245,0.20778494700789452,0.0013999977105413782,0.0002656250027939677,-0.41656720638275146,1.0,0.01,0.0007,2,0.75,0.75,0.0
1,6400,-845.3417720794678,-8.45341796875,-845.3417720794678,-8.45341796875,0.0,845.3417720794678,8.45341796875,-13.286153793334961,-0.1328620243072507,4.599907627105713,0.0,0.0,nan,nan,nan,nan,nan,nan,nan,nan,nan,nan,64,-0.0011977917154197826,0.3837534964084625,1.5989567518234253,0.17471244931221008,0.026899229735136032,0.026899229735136032,0.2505198195576668,0.0020400706798684035,0.006218750029802322,0.1753259301185608,1.0,0.009985576923076923,0.0006988942307692308,2,0.75,0.75,0.0
2,9600,-897.5820608139038,-8.975820779800415,-897.5820608139038,-8.975820779800415,0.0,897.5820608139038,8.975820779800415,-65.526442527771,-0.6552648353576664,4.725831599235534,0.0,0.0,nan,nan,nan,nan,nan,nan,nan,nan,nan,nan,96,-0.001095407737476961,0.5136925160884858,1.5813808560371398,0.23998265564441681,0.03402131702750921,0.03402131702750921,0.309978848695755,0.0016786447453344896,0.0048062498681247234,0.34376680850982666,1.0,0.009971153846153847,0.0006977884615384615,2,0.75,0.75,0.0
3,12800,-814.2728157043457,-8.142727508544922,-814.2728157043457,-8.142727508544922,0.0,814.2728157043457,8.142727508544922,17.78280258178711,0.17782843589782615,3.795733942985535,0.0,0.0,nan,nan,nan,nan,nan,nan,nan,nan,nan,nan,128,-0.001235597241786479,0.36802978515625,1.564180326461792,0.16720517426729203,0.029665416292846202,0.029665416292846202,0.27520434707403185,0.002987743537233141,0.01629375038901344,0.5313574075698853,1.0,0.00995673076923077,0.0006966826923076923,2,0.75,0.75,0.0
4,16000,-803.4065399169922,-8.034065465927124,-803.4065399169922,-8.034065465927124,0.0,803.4065399169922,8.034065465927124,28.649078369140625,0.28649047851562415,4.603114547729493,0.0,0.0,nan,nan,nan,nan,nan,nan,nan,nan,nan,nan,160,-0.0009848406523758513,0.3138469487428665,1.5501752853393556,0.14052631482481956,0.0352386062964797,0.0352386062964797,0.2548751786351204,0.0017984306479779922,0.012543750368058682,0.6005330085754395,1.0,0.009942307692307693,0.0006955769230769231,2,0.75,0.75,0.0
5,19200,-774.6739645004272,-7.7467395687103275,-774.6739645004272,-7.7467395687103275,0.0,774.6739645004272,7.7467395687103275,57.381653785705566,0.5738163757324211,3.8321571445465086,0.0,0.0,nan,nan,nan,nan,nan,nan,nan,nan,nan,nan,192,-0.0009224108573398837,0.26290503740310667,1.5502110123634338,0.11513979062438011,0.024145083874464034,0.024145083874464034,0.24196425974369049,0.0012438418259994942,0.0024187500530388206,0.7129306793212891,1.0,0.009927884615384616,0.0006944711538461538,2,0.75,0.75,0.0
6,22400,-782.3328237533569,-7.823328404426575,-782.3328237533569,-7.823328404426575,0.0,782.3328237533569,7.823328404426575,49.72279453277588,0.49722754001617364,3.8315505886077883,0.0,0.0,nan,nan,nan,nan,nan,nan,nan,nan,nan,nan,224,-0.0009490771447773661,0.271636551618576,1.5668749570846559,0.11933604627847672,0.03918079975992441,0.03918079975992441,0.2693735435605049,0.0023716918727591735,0.01594062503427267,0.5809423327445984,1.0,0.00991346153846154,0.0006933653846153846,2,0.75,0.75,0.0
7,25600,-791.8130140304565,-7.918130116462708,-791.8130140304565,-7.918130116462708,0.0,791.8130140304565,7.918130116462708,40.24260425567627,0.402425827980041,3.526614000797272,0.0,0.0,nan,nan,nan,nan,nan,nan,nan,nan,nan,nan,256,-0.0006241943051179533,0.24264694154262542,1.5781343817710876,0.10507726296782494,0.025328471325337887,0.025328471325337887,0.25071870535612106,0.0009918599815141077,0.0007562499959021807,0.6541911959648132,1.0,0.009899038461538463,0.0006922596153846154,2,0.75,0.75,0.0
8,28800,-787.0270538330078,-7.870270571708679,-787.0270538330078,-7.870270571708679,0.0,787.0270538330078,7.870270571708679,45.028564453125,0.45028537273406943,3.6409703350067137,0.0,0.0,nan,nan,nan,nan,nan,nan,nan,nan,nan,nan,288,-0.0009694881241188114,0.25547762811183927,1.574677014350891,0.11120425015687943,0.04419983793050051,0.04419983793050051,0.25493094623088836,0.0021181145901213753,0.01537500023841858,0.5607814788818359,1.0,0.009884615384615384,0.0006911538461538461,2,0.75,0.75,0.0
9,32000,-750.0446338653564,-7.5004465293884275,-750.0446338653564,-7.5004465293884275,0.0,750.0446338653564,7.5004465293884275,82.01098442077637,0.8201094150543211,3.260522389411926,0.0,0.0,nan,nan,nan,nan,nan,nan,nan,nan,nan,nan,320,-0.0007827126576742671,0.20072770863771439,1.5812711000442505,0.08397369086742401,0.033854876458644864,0.033854876458644864,0.25273789316415785,0.001988876457108254,0.014434375142445787,0.6744414567947388,1.0,0.009870192307692307,0.0006900480769230769,2,0.75,0.75,0.0
10,35200,-810.6095304489136,-8.106095533370972,-810.6095304489136,-8.106095533370972,0.0,810.6095304489136,8.106095533370972,21.44608783721924,0.2144604110717765,4.12757529258728,0.0,0.0,nan,nan,nan,nan,nan,nan,nan,nan,nan,nan,352,-0.0007973230015892341,0.28432142585515974,1.5875018239021301,0.1257173366844654,0.02597582433372736,0.02597582433372736,0.2776019424200058,0.001263111175285672,0.005078125046566129,0.6341047286987305,1.0,0.00985576923076923,0.0006889423076923077,2,0.75,0.75,0.0
11,38400,-807.8350944519043,-8.078350811004638,-807.8350944519043,-8.078350811004638,0.0,807.8350944519043,8.078350811004638,24.220523834228516,0.24220513343811056,3.896915702819824,0.0,0.0,nan,nan,nan,nan,nan,nan,nan,nan,nan,nan,384,-0.0010600557668013267,0.27311376929283143,1.5885142803192138,0.11986370980739594,0.02688221950083971,0.02688221950083971,0.2836041510105133,0.001469818949408718,0.004543750057928264,0.40315526723861694,1.0,0.009841346153846154,0.0006878365384615384,2,0.75,0.75,0.0
12,41600,-970.7937507629395,-9.707937488555908,-970.7937507629395,-9.707937488555908,0.0,970.7937507629395,9.707937488555908,-138.73813247680664,-1.3873815441131594,5.417508816719055,0.0,0.0,nan,nan,nan,nan,nan,nan,nan,nan,nan,nan,416,-0.0007885305328819925,0.41577090322971344,1.5716946721076965,0.19165200293064116,0.020864669233560562,0.020864669233560562,0.330353157222271,0.0016406758575616728,0.004862500028684736,0.4994637370109558,1.0,0.009826923076923077,0.0006867307692307692,2,0.75,0.75,0.0
13,44800,-838.1382627487183,-8.381382570266723,-838.1382627487183,-8.381382570266723,0.0,838.1382627487183,8.381382570266723,-6.082644462585449,-0.06082662582397447,3.7477804970741273,0.0,0.0,nan,nan,nan,nan,nan,nan,nan,nan,nan,nan,448,-0.00048011204494686767,0.23436603248119353,1.5628390789031983,0.10136754512786865,0.02546958364546299,0.02546958364546299,0.26251235604286194,0.00037860090542425276,8.750000270083547e-05,0.5563427805900574,1.0,0.0098125,0.000685625,2,0.75,0.75,0.0
14,48000,-897.4485692977905,-8.974485607147217,-897.4485692977905,-8.974485607147217,0.0,897.4485692977905,8.974485607147217,-65.39295101165771,-0.6539296627044688,4.896173558235168,0.0,0.0,nan,nan,nan,nan,nan,nan,nan,nan,nan,nan,480,-0.0009278057299667352,0.2857708439230919,1.5675591588020326,0.12659855261445047,0.02871053051203489,0.02871053051203489,0.27314924001693724,0.0019914729360612105,0.002306249947287142,0.6161307096481323,1.0,0.009798076923076923,0.0006845192307692307,2,0.75,0.75,0.0
15,51200,-836.921612739563,-8.369216442108154,-836.921612739563,-8.369216442108154,0.0,836.921612739563,8.369216442108154,-4.865994453430176,-0.0486604976654057,4.101850504875183,0.0,0.0,nan,nan,nan,nan,nan,nan,nan,nan,nan,nan,512,-0.0011526931178991618,0.2251714751124382,1.5661172986030578,0.09611069485545158,0.0349122429266572,0.0349122429266572,0.27743597477674486,0.002414624465746317,0.011009375378489495,0.6511045694351196,1.0,0.009783653846153846,0.0006834134615384615,2,0.75,0.75,0.0
16,54400,-825.5893516540527,-8.255893669128419,-825.5893516540527,-8.255893669128419,0.0,825.5893516540527,8.255893669128419,6.466266632080078,0.06466227531432978,3.976615934371948,0.0,0.0,nan,nan,nan,nan,nan,nan,nan,nan,nan,nan,544,-0.0010200462441304126,0.16004375219345093,1.5616689801216126,0.06374552361667156,0.0331818139180541,0.0331818139180541,0.24254217520356178,0.001936136095537709,0.008181249885819853,0.8104338645935059,1.0,0.00976923076923077,0.0006823076923076923,2,0.75,0.75,0.0
17,57600,-771.5744485855103,-7.7157446384429935,-771.5744485855103,-7.7157446384429935,0.0,771.5744485855103,7.7157446384429935,60.48116970062256,0.6048113059997551,3.8386386394500733,0.0,0.0,nan,nan,nan,nan,nan,nan,nan,nan,nan,nan,576,-0.0009064721901026473,0.1228786863386631,1.5669371485710144,0.045247699692845346,0.029908744618296623,0.029908744618296623,0.22427275031805038,0.0011737220946092812,0.0014156249817460775,0.8096255660057068,1.0,0.009754807692307693,0.000681201923076923,2,0.75,0.75,0.0
18,60800,-785.2542371749878,-7.852542333602905,-785.2542371749878,-7.852542333602905,0.0,785.2542371749878,7.852542333602905,46.80138111114502,0.4680136108398436,3.267944631576538,0.0,0.0,nan,nan,nan,nan,nan,nan,nan,nan,nan,nan,608,-0.0007716021241854776,0.11127134710550309,1.5709827303886414,0.039562095887959,0.022169741056859493,0.022169741056859493,0.2265571616590023,0.0018277342234800666,0.004503124923212453,0.7900915145874023,1.0,0.009740384615384616,0.0006800961538461538,2,0.75,0.75,0.0
19,64000,-761.8047389984131,-7.618047442436218,-761.8047389984131,-7.618047442436218,0.0,761.8047389984131,7.618047442436218,70.25087928771973,0.7025085020065305,4.39425479888916,0.0,0.0,nan,nan,nan,nan,nan,nan,nan,nan,nan,nan,640,-0.00111603661393751,0.13450634777545928,1.561677920818329,0.050948319211602214,0.03145960308611393,0.03145960308611393,0.2456659808754921,0.002150094049284682,0.004828124854248017,0.6961479187011719,1.0,0.00972596153846154,0.0006789903846153847,2,0.75,0.75,0.0
20,67200,-879.7760887145996,-8.797760782241822,-879.7760887145996,-8.797760782241822,0.0,879.7760887145996,8.797760782241822,-47.7204704284668,-0.4772048377990732,3.893167929649353,0.0,0.0,-483.4317935705185,-4.834317935705185,-483.4317935705185,-4.834317935705185,100.0,2.4821725487709045,0.0,0.0,483.4317935705185,50.0467129945755,672,-0.001057869498420061,0.14281646236777307,1.5482815742492675,0.05531416535377502,0.03476598542183638,0.03476598542183638,0.2603659652173519,0.0024155887775128226,0.008475000038743019,0.7990858554840088,1.0,0.009711538461538462,0.0006778846153846154,2,0.75,0.75,0.0
21,70400,-815.6070079803467,-8.156069622039794,-815.6070079803467,-8.156069622039794,0.0,815.6070079803467,8.156069622039794,16.448610305786133,0.16448632240295424,4.014978415966034,0.0,0.0,nan,nan,nan,nan,nan,nan,nan,nan,nan,nan,704,-0.0008525938956182699,0.10585591420531273,1.5516380310058593,0.03702895101159811,0.028343376517295838,0.028343376517295838,0.21567138209939002,0.0018647052012971317,0.010456249775597826,0.8172069191932678,1.0,0.009697115384615386,0.0006767788461538462,2,0.75,0.75,0.0
22,73600,-891.945502281189,-8.919455013275147,-891.945502281189,-8.919455013275147,0.0,891.945502281189,8.919455013275147,-59.88988399505615,-0.5988990688323987,5.002588424682617,0.0,0.0,nan,nan,nan,nan,nan,nan,nan,nan,nan,nan,736,-0.0006759240494645269,0.1452375665307045,1.5614140152931213,0.0568241685628891,0.025067783147096633,0.025067783147096633,0.26812739819288256,0.000964295971426091,0.0003250000005209586,0.833040714263916,1.0,0.009682692307692307,0.000675673076923077,2,0.75,0.75,0.0
23,76800,-792.2863206863403,-7.922863206863403,-792.2863206863403,-7.922863206863403,0.0,792.2863206863403,7.922863206863403,39.76929759979248,0.3976927375793453,4.131200542449951,0.0,0.0,nan,nan,nan,nan,nan,nan,nan,nan,nan,nan,768,-0.0006540205721568881,0.09699445813894272,1.5643086910247803,0.03271905016154051,0.018205351382493972,0.018205351382493972,0.23551478683948518,0.0012803939614973632,0.00047499998472630975,0.7314205169677734,1.0,0.00966826923076923,0.0006745673076923077,2,0.75,0.75,0.0
24,80000,-773.6657981872559,-7.736658496856689,-773.6657981872559,-7.736658496856689,0.0,773.6657981872559,7.736658496856689,58.38982009887695,0.5838974475860592,4.091433289051056,0.0,0.0,nan,nan,nan,nan,nan,nan,nan,nan,nan,nan,800,-0.0013736682216286765,0.07667315267026424,1.5624657154083252,0.02187910508364439,0.04071613978594542,0.04071613978594542,0.20732647702097892,0.0018713983066850272,0.009681250061839819,0.7888875603675842,1.0,0.009653846153846153,0.0006734615384615385,2,0.75,0.75,0.0
25,83200,-834.8256568908691,-8.348256883621216,-834.8256568908691,-8.348256883621216,0.0,834.8256568908691,8.348256883621216,-2.770038604736328,-0.02770093917846772,3.6113172960281372,0.0,0.0,nan,nan,nan,nan,nan,nan,nan,nan,nan,nan,832,-0.0009561191128916846,0.08714944645762443,1.5487671971321106,0.02768938187509775,0.03432815913110972,0.03432815913110972,0.21732084900140763,0.0019447880331431952,0.00687812517862767,0.7360939979553223,1.0,0.009639423076923077,0.0006723557692307693,2,0.75,0.75,0.0
26,86400,-774.8530530929565,-7.748531346321106,-774.8530530929565,-7.748531346321106,0.0,774.8530530929565,7.748531346321106,57.20256519317627,0.5720245981216427,3.611352598667145,0.0,0.0,nan,nan,nan,nan,nan,nan,nan,nan,nan,nan,864,-0.0006735629862113512,0.07033332139253616,1.548201608657837,0.019591657631099223,0.01972192544490099,0.01972192544490099,0.19839781895279884,0.0015291058552980793,0.003406250022817403,0.7951186895370483,1.0,0.009625,0.00067125,2,0.75,0.75,0.0
27,89600,-776.4571857452393,-7.764571781158447,-776.4571857452393,-7.764571781158447,0.0,776.4571857452393,7.764571781158447,55.598432540893555,0.5559841632843012,4.061334345340729,0.0,0.0,nan,nan,nan,nan,nan,nan,nan,nan,nan,nan,896,-0.0006929516655972634,0.07882925905287266,1.5411054134368896,0.023910766281187535,0.025816922821104527,0.025816922821104527,0.2151832975447178,0.0007126998916652424,0.0003593750123400241,0.8304285407066345,1.0,0.009610576923076923,0.0006701442307692308,2,0.75,0.75,0.0
28,92800,-844.294545173645,-8.44294553756714,-844.294545173645,-8.44294553756714,0.0,844.294545173645,8.44294553756714,-12.238926887512207,-0.12238959312439057,4.8027544021606445,0.0,0.0,nan,nan,nan,nan,nan,nan,nan,nan,nan,nan,928,-0.0011056417160084208,0.10966297015547752,1.551084530353546,0.03884139694273472,0.031790897250175476,0.031790897250175476,0.2450426734983921,0.0021766601043060178,0.009081249870359898,0.7659823894500732,1.0,0.009596153846153846,0.0006690384615384616,2,0.75,0.75,0.0
29,96000,-800.1825609207153,-8.001825451850891,-800.1825609207153,-8.001825451850891,0.0,800.1825609207153,8.001825451850891,31.87305736541748,0.3187304925918575,4.033089227676392,0.0,0.0,nan,nan,nan,nan,nan,nan,nan,nan,nan,nan,960,-0.0007878073920380757,0.06934654489159583,1.5402172565460206,0.01912751831114292,0.031591234169900416,0.031591234169900416,0.20244493186473847,0.0011382393357058137,0.004909375062561594,0.7763999700546265,1.0,0.00958173076923077,0.0006679326923076923,2,0.75,0.75,0.0
30,99200,-781.9559049606323,-7.819559054374695,-781.9559049606323,-7.819559054374695,0.0,781.9559049606323,7.819559054374695,50.09971332550049,0.5009968900680537,4.175980038642884,0.0,0.0,nan,nan,nan,nan,nan,nan,nan,nan,nan,nan,992,-0.0007070066493849225,0.06270221434533596,1.5481557250022888,0.015832418762147426,0.02445131801068783,0.02445131801068783,0.183050736784935,0.0014343987633770338,0.001924999977927655,0.8306857943534851,1.0,0.009567307692307693,0.0006668269230769231,2,0.75,0.75,0.0
31,102400,-872.9359731674194,-8.729359321594238,-872.9359731674194,-8.729359321594238,0.0,872.9359731674194,8.729359321594238,-40.88035488128662,-0.4088033771514894,4.202670955657959,0.0,0.0,nan,nan,nan,nan,nan,nan,nan,nan,nan,nan,1024,-0.0007337915644839655,0.07670653462409974,1.5393915891647338,0.022913844604045153,0.03267899174243212,0.03267899174243212,0.21974397972226142,0.0011534975386899428,0.0004843749920837581,0.8724390864372253,1.0,0.009552884615384616,0.0006657211538461539,2,0.75,0.75,0.0
32,105600,-821.9347314834595,-8.219347076416016,-821.9347314834595,-8.219347076416016,0.0,821.9347314834595,8.219347076416016,10.12088680267334,0.1012088680267329,3.877655007839203,0.0,0.0,nan,nan,nan,nan,nan,nan,nan,nan,nan,nan,1056,-0.00031098854892590565,0.06479392014443874,1.5386076807975768,0.017410021834075452,0.018464136123657226,0.018464136123657226,0.1910074010491371,0.0011590771202469128,0.00050624999566935,0.8359638452529907,1.0,0.009538461538461539,0.0006646153846153846,2,0.75,0.75,0.0
33,108800,-802.6001091003418,-8.026000733375549,-802.6001091003418,-8.026000733375549,0.0,802.6001091003418,8.026000733375549,29.455509185791016,0.29455521106720006,3.562854769229889,0.0,0.0,nan,nan,nan,nan,nan,nan,nan,nan,nan,nan,1088,-0.000996311392611826,0.04502582028508186,1.5562963604927063,0.006694373302161693,0.03643732909113169,0.03643732909113169,0.16183866634964944,0.0021133636855671387,0.017040624981746078,0.8420151472091675,1.0,0.009524038461538462,0.0006635096153846154,2,0.75,0.75,0.0
34,112000,-779.5224533081055,-7.795224890708924,-779.5224533081055,-7.795224890708924,0.0,779.5224533081055,7.795224890708924,52.533164978027344,0.5253310537338249,4.0638476705551145,0.0,0.0,nan,nan,nan,nan,nan,nan,nan,nan,nan,nan,1120,-0.0004582350665799595,0.03782323393970728,1.5607582449913024,0.0036111708730459215,0.023671969026327132,0.023671969026327132,0.16525951847434045,0.0008370187366386128,0.00014375000027939678,0.8420125842094421,1.0,0.009509615384615385,0.0006624038461538462,2,0.75,0.75,0.0
35,115200,-801.8212356567383,-8.018212056159973,-801.8212356567383,-8.018212056159973,0.0,801.8212356567383,8.018212056159973,30.23438262939453,0.3023438882827758,3.7981030559539795,0.0,0.0,nan,nan,nan,nan,nan,nan,nan,nan,nan,nan,1152,-0.0004725640376911144,0.04558882899582386,1.566371238231659,0.0074488547630608085,0.023277465254068375,0.023277465254068375,0.17280854806303977,0.000873227294142008,0.0008249999831605237,0.8408681154251099,1.0,0.009495192307692309,0.0006612980769230769,2,0.75,0.75,0.0
36,118400,-868.6381168365479,-8.686381044387817,-868.6381168365479,-8.686381044387817,0.0,868.6381168365479,8.686381044387817,-36.58249855041504,-0.3658250999450683,4.384213390350342,0.0,0.0,nan,nan,nan,nan,nan,nan,nan,nan,nan,nan,1184,-0.0010554179439640876,0.05906857773661613,1.575561535358429,0.013541336543858052,0.0373440220952034,0.0373440220952034,0.20898563116788865,0.001373292976859803,0.005178124969825148,0.8298316597938538,1.0,0.00948076923076923,0.0006601923076923077,2,0.75,0.75,0.0
37,121600,-870.9103784561157,-8.709103803634644,-870.9103784561157,-8.709103803634644,0.0,870.9103784561157,8.709103803634644,-38.85476016998291,-0.3885478591918954,4.362822771072388,0.0,0.0,nan,nan,nan,nan,nan,nan,nan,nan,nan,nan,1216,-0.00087379419390885,0.04533368721604347,1.5665770411491393,0.00696328841149807,0.03258254174143076,0.03258254174143076,0.17771965861320496,0.002881183544378001,0.01380000002682209,0.8289144039154053,1.0,0.009466346153846153,0.0006590865384615385,2,0.75,0.75,0.0
38,124800,-816.1682624816895,-8.161682376861572,-816.1682624816895,-8.161682376861572,0.0,816.1682624816895,8.161682376861572,15.88735580444336,0.15887356758117654,4.197839369773865,0.0,0.0,nan,nan,nan,nan,nan,nan,nan,nan,nan,nan,1248,-0.001021396419161391,0.03802642486989498,1.5657600045204163,0.003192373365163803,0.02976961135864258,0.02976961135864258,0.16360071748495103,0.0018482253552070116,0.005656249896856025,0.8213088512420654,1.0,0.009451923076923077,0.0006579807692307692,2,0.75,0.75,0.0
39,128000,-854.1383419036865,-8.54138319015503,-854.1383419036865,-8.54138319015503,0.0,854.1383419036865,8.54138319015503,-22.08272361755371,-0.22082724571228063,3.963382339477539,0.0,0.0,nan,nan,nan,nan,nan,nan,nan,nan,nan,nan,1280,-0.001288494432705911,0.030453363619744777,1.564045000076294,-0.0008224868681281805,0.03525278177112341,0.03525278177112341,0.14714937582612037,0.002103984254791181,0.008418750087730586,0.8783667683601379,1.0,0.0094375,0.000656875,2,0.75,0.75,0.0
40,131200,-807.8902645111084,-8.078902788162232,-807.8902645111084,-8.078902788162232,0.0,807.8902645111084,8.078902788162232,24.165353775024414,0.24165315628051687,4.593719515800476,0.0,0.0,-543.0094518661499,-5.430094518661499,-543.0094518661499,-5.430094518661499,100.0,2.990480239391327,0.0,0.0,543.0094518661499,-9.530945301055908,1312,-0.0009376523171056306,0.032605620101094246,1.5503183126449585,0.000756388995796442,0.044247458875179294,0.044247458875179294,0.16180496662855148,0.001685390893908835,0.009100000094622373,0.8594745397567749,1.0,0.009423076923076923,0.0006557692307692308,2,0.75,0.75,0.0
41,134400,-976.810996055603,-9.76811014175415,-976.810996055603,-9.76811014175415,0.0,976.810996055603,9.76811014175415,-144.75537776947021,-1.4475541973114012,5.280338587760926,0.0,0.0,nan,nan,nan,nan,nan,nan,nan,nan,nan,nan,1344,-0.0006400429843324673,0.056960050761699674,1.548576784133911,0.013269959669560193,0.031474775075912474,0.031474775075912474,0.2009703442454338,0.0010411396011482433,0.0008687500143423676,0.8233476877212524,1.0,0.009408653846153846,0.0006546634615384615,2,0.75,0.75,0.0
42,137600,-817.0311508178711,-8.170311508178711,-817.0311508178711,-8.170311508178711,0.0,817.0311508178711,8.170311508178711,15.024467468261719,0.15024443626403716,4.324443998336792,0.0,0.0,nan,nan,nan,nan,nan,nan,nan,nan,nan,nan,1376,-0.0008934080601932237,0.03341044038534165,1.543951964378357,0.0013075719587504863,0.025904834643006323,0.025904834643006323,0.16573311090469361,0.0014800802655377933,0.0021093749790452422,0.8164161443710327,1.0,0.00939423076923077,0.0006535576923076923,2,0.75,0.75,0.0
43,140800,-729.3682279586792,-7.2936823415756225,-729.3682279586792,-7.2936823415756225,0.0,729.3682279586792,7.2936823415756225,102.68739032745361,1.0268736028671261,3.6487091183662415,0.0,0.0,nan,nan,nan,nan,nan,nan,nan,nan,nan,nan,1408,-0.0005824372517782451,0.015284325461834669,1.5390933632850647,-0.007376674655824899,0.02915843278169632,0.02915843278169632,0.1239494375884533,0.0013183240364020112,0.002165625034831464,0.8672498464584351,1.0,0.009379807692307692,0.000652451923076923,2,0.75,0.75,0.0
44,144000,-789.1702928543091,-7.891703248023987,-789.1702928543091,-7.891703248023987,0.0,789.1702928543091,7.891703248023987,42.88532543182373,0.4288526964187618,4.3929318857193,0.0,0.0,nan,nan,nan,nan,nan,nan,nan,nan,nan,nan,1440,-0.0010473752342280208,0.03081362284719944,1.5306845903396606,2.3986492305994033e-05,0.041447481885552404,0.041447481885552404,0.1674112357199192,0.002138554319390662,0.007559374766424298,0.7305272817611694,1.0,0.009365384615384616,0.0006513461538461538,2,0.75,0.75,0.0
45,147200,-892.5904712677002,-8.925904703140258,-892.5904712677002,-8.925904703140258,0.0,892.5904712677002,8.925904703140258,-60.53485298156738,-0.6053487586975095,4.936634249687195,0.0,0.0,nan,nan,nan,nan,nan,nan,nan,nan,nan,nan,1472,-0.0010529830916435445,0.034773017093539235,1.5076943516731263,0.002235134411603212,0.03203618973493576,0.03203618973493576,0.15116294771432875,0.0021081914448592893,0.012062499928288162,0.7963551878929138,1.0,0.009350961538461539,0.0006502403846153846,2,0.75,0.75,0.0
46,150400,-804.0624294281006,-8.040623955726623,-804.0624294281006,-8.040623955726623,0.0,804.0624294281006,8.040623955726623,27.993188858032227,0.27993198871612535,3.889353377819061,0.0,0.0,nan,nan,nan,nan,nan,nan,nan,nan,nan,nan,1504,-0.0008009303081606411,0.027230126596987248,1.5040693044662476,-0.00122866821475327,0.02423422150313854,0.02423422150313854,0.14511379785835743,0.0015041729704541654,0.009434374771080912,0.8541394472122192,1.0,0.009336538461538462,0.0006491346153846153,2,0.75,0.75,0.0
47,153600,-848.0730152130127,-8.48073016166687,-848.0730152130127,-8.48073016166687,0.0,848.0730152130127,8.48073016166687,-16.017396926879883,-0.16017421722412095,4.152864255905151,0.0,0.0,nan,nan,nan,nan,nan,nan,nan,nan,nan,nan,1536,-0.0006780437973823439,0.02756040431559086,1.515547752380371,-0.0010259521659463644,0.02426071260124445,0.02426071260124445,0.15704490765929222,0.0007801155688873034,0.0018593749962747097,0.838599443435669,1.0,0.009322115384615385,0.0006480288461538461,2,0.75,0.75,0.0
48,156800,-850.4665050506592,-8.504665412902831,-850.4665050506592,-8.504665412902831,0.0,850.4665050506592,8.504665412902831,-18.410886764526367,-0.18410946846008258,4.306446952819824,0.0,0.0,nan,nan,nan,nan,nan,nan,nan,nan,nan,nan,1568,-0.001011736503627958,0.014288303069770336,1.5256187677383424,-0.008067575749009848,0.03873870763927698,0.03873870763927698,0.1100544061511755,0.00177901541646922,0.014146874961443245,0.8811424374580383,1.0,0.009307692307692308,0.0006469230769230769,2,0.75,0.75,0.0
49,160000,-748.3865013122559,-7.4838650608062744,-748.3865013122559,-7.4838650608062744,0.0,748.3865013122559,7.4838650608062744,83.66911697387695,0.8366908836364741,3.654721179008484,0.0,0.0,nan,nan,nan,nan,nan,nan,nan,nan,nan,nan,1600,-0.0004930878267593641,0.017340212501585482,1.5275190353393555,-0.006018627341836691,0.02972424142062664,0.02972424142062664,0.12626904249191284,0.0009554382762877534,0.0015062500548083334,0.782037079334259,1.0,0.009293269230769232,0.0006458173076923076,2,0.75,0.75,0.0
50,163200,-843.7046318054199,-8.437046022415162,-843.7046318054199,-8.437046022415162,0.0,843.7046318054199,8.437046022415162,-11.64901351928711,-0.11649007797241318,4.082371299266815,0.0,0.0,nan,nan,nan,nan,nan,nan,nan,nan,nan,nan,1632,-0.0011593189820414463,0.018246581126004458,1.5358554482460023,-0.006286994554102421,0.037116139009594915,0.037116139009594915,0.11679846607148647,0.003186948822258815,0.018859375012107195,0.8612187504768372,1.0,0.009278846153846153,0.0006447115384615384,2,0.75,0.75,0.0
51,166400,-869.1155023574829,-8.691154699325562,-869.1155023574829,-8.691154699325562,0.0,869.1155023574829,8.691154699325562,-37.0598840713501,-0.37059875488281335,4.360450215339661,0.0,0.0,nan,nan,nan,nan,nan,nan,nan,nan,nan,nan,1664,-0.001193454935390026,0.02272192956879735,1.5306823968887329,-0.004013380268588662,0.04658941775560379,0.04658941775560379,0.14255877286195756,0.002160493970587249,0.013946874928660691,0.7731711864471436,1.0,0.009264423076923076,0.0006436057692307693,2,0.75,0.75,0.0
52,169600,-776.1311855316162,-7.76131206035614,-776.1311855316162,-7.76131206035614,0.0,776.1311855316162,7.76131206035614,55.9244327545166,0.5592438840866087,4.241508650779724,0.0,0.0,nan,nan,nan,nan,nan,nan,nan,nan,nan,nan,1696,-0.0007786907167348645,0.012070788536220789,1.5426770210266114,-0.009013059036806225,0.045821563154459,0.045821563154459,0.11007504425942898,0.0022223343825322536,0.015674999728798867,0.8399932384490967,1.0,0.00925,0.0006425,2,0.75,0.75,0.0
53,172800,-795.8589544296265,-7.958589215278625,-795.8589544296265,-7.958589215278625,0.0,795.8589544296265,7.958589215278625,36.19666385650635,0.36196672916412354,4.370591297149658,0.0,0.0,nan,nan,nan,nan,nan,nan,nan,nan,nan,nan,1728,-0.0004929892063970431,0.02568459901958704,1.5449802994728088,-0.0019194738939404487,0.029034896194934844,0.029034896194934844,0.14066742472350596,0.0010701486593466716,0.002096875011920929,0.7800990343093872,1.0,0.009235576923076923,0.0006413942307692308,2,0.75,0.75,0.0
54,176000,-764.2142362594604,-7.64214210987091,-764.2142362594604,-7.64214210987091,0.0,764.2142362594604,7.64214210987091,67.84138202667236,0.6784138345718382,3.5497033739089967,0.0,0.0,nan,nan,nan,nan,nan,nan,nan,nan,nan,nan,1760,-0.000998820074379836,0.015263199247419834,1.5476136922836303,-0.007638005074113607,0.03909398764371872,0.03909398764371872,0.11333745457231999,0.0022803681582450443,0.012190625083167105,0.7985446453094482,1.0,0.009221153846153846,0.0006402884615384616,2,0.75,0.75,0.0
55,179200,-678.8882751464844,-6.78888288974762,-678.8882751464844,-6.78888288974762,0.0,678.8882751464844,6.78888288974762,153.16734313964844,1.531673054695129,3.0696974849700926,0.0,0.0,nan,nan,nan,nan,nan,nan,nan,nan,nan,nan,1792,-0.0006949083848565962,0.011885049287229776,1.5509740710258484,-0.009031784813851118,0.025039942190051078,0.025039942190051078,0.09924695566296578,0.0011189996856051645,0.003559374972246587,0.8533790111541748,1.0,0.00920673076923077,0.0006391826923076923,2,0.75,0.75,0.0
56,182400,-802.3777589797974,-8.023777360916137,-802.3777589797974,-8.023777360916137,0.0,802.3777589797974,8.023777360916137,29.67785930633545,0.2967785835266117,4.164421701431275,0.0,0.0,nan,nan,nan,nan,nan,nan,nan,nan,nan,nan,1824,-0.0005177269011474195,0.017828807327896358,1.5471961498260498,-0.0058256260119378565,0.02930223885923624,0.02930223885923624,0.11907343715429305,0.0013942827208671131,0.008871875330805778,0.8093698620796204,1.0,0.009192307692307692,0.0006380769230769231,2,0.75,0.75,0.0
57,185600,-837.5897960662842,-8.37589768409729,-837.5897960662842,-8.37589768409729,0.0,837.5897960662842,8.37589768409729,-5.534177780151367,-0.05534173965454059,4.576373195648193,0.0,0.0,nan,nan,nan,nan,nan,nan,nan,nan,nan,nan,1856,-0.0005589727851621262,0.018375325854867695,1.5515047669410706,-0.005610842071473598,0.025680959224700928,0.025680959224700928,0.11935597509145737,0.0009780002654229507,0.002146874985191971,0.7995088696479797,1.0,0.009177884615384616,0.0006369711538461539,2,0.75,0.75,0.0
58,188800,-824.5940618515015,-8.245940589904786,-824.5940618515015,-8.245940589904786,0.0,824.5940618515015,8.245940589904786,7.461556434631348,0.07461535453796309,3.7751176524162293,0.0,0.0,nan,nan,nan,nan,nan,nan,nan,nan,nan,nan,1888,-0.0008219413889921867,0.014089164137840272,1.5646814823150634,-0.008115258114412428,0.02542314175516367,0.02542314175516367,0.11481459178030491,0.0016184708605583374,0.0014937499538064003,0.834626317024231,1.0,0.009163461538461539,0.0006358653846153846,2,0.75,0.75,0.0
59,192000,-788.3372564315796,-7.883372631072998,-788.3372564315796,-7.883372631072998,0.0,788.3372564315796,7.883372631072998,43.71836185455322,0.4371833133697507,3.995240561962128,0.0,0.0,nan,nan,nan,nan,nan,nan,nan,nan,nan,nan,1920,-0.0006837232468241972,0.012245914060622453,1.5662947416305542,-0.008890856523066759,0.031136987544596196,0.031136987544596196,0.10177497193217278,0.001468180193478942,0.003434374905191362,0.8561811447143555,1.0,0.009149038461538462,0.0006347596153846154,2,0.75,0.75,0.0
60,195200,-794.1988668441772,-7.9419886589050295,-794.1988668441772,-7.9419886589050295,0.0,794.1988668441772,7.9419886589050295,37.856751441955566,0.3785672855377191,3.357290585041046,0.0,0.0,-550.2457749843597,-5.502457749843598,-550.2457749843597,-5.502457749843598,100.0,3.1280949187278746,0.0,0.0,550.2457749843597,-16.767268419265747,1952,-0.0007162986321695098,0.019218811206519602,1.5643576383590698,-0.0053966989740729335,0.032333755120635035,0.032333755120635035,0.11419457644224167,0.001523354264282262,0.003062500013038516,0.7326788306236267,1.0,0.009134615384615385,0.0006336538461538462,2,0.75,0.75,0.0
61,198400,-833.7046575546265,-8.337046461105347,-833.7046575546265,-8.337046461105347,0.0,833.7046575546265,8.337046461105347,-1.6490392684936523,-0.016490516662598154,4.243961687088013,0.0,0.0,nan,nan,nan,nan,nan,nan,nan,nan,nan,nan,1984,-0.0012004648874514245,0.01700580706819892,1.5397247195243835,-0.0067401471547782425,0.04916768576949835,0.04916768576949835,0.10518732070922851,0.0022104675466840264,0.018437500088475646,0.8507665395736694,1.0,0.009120192307692308,0.0006325480769230769,2,0.75,0.75,0.0
62,201600,-783.6099233627319,-7.8360995149612425,-783.6099233627319,-7.8360995149612425,0.0,783.6099233627319,7.8360995149612425,48.44569492340088,0.48445642948150613,4.157701745033264,0.0,0.0,nan,nan,nan,nan,nan,nan,nan,nan,nan,nan,2016,-0.0008585402982832946,0.014282483141869307,1.5339398622512816,-0.007685000728815794,0.034979366697371006,0.034979366697371006,0.0997380718588829,0.0017629363122983871,0.010093749733641744,0.8081232905387878,1.0,0.009105769230769232,0.0006314423076923077,2,0.75,0.75,0.0
63,204800,-794.9776859283447,-7.949776625633239,-794.9776859283447,-7.949776625633239,0.0,794.9776859283447,7.949776625633239,37.077932357788086,0.3707793188095092,4.099865198135376,0.0,0.0,nan,nan,nan,nan,nan,nan,nan,nan,nan,nan,2048,-0.0005150392527029979,0.01059102131985128,1.53298819065094,-0.00915645551867783,0.030018461868166924,0.030018461868166924,0.08814852982759476,0.00098258541329476,0.0034062499878928067,0.9116565585136414,1.0,0.009091346153846155,0.0006303365384615385,2,0.75,0.75,0.0
64,208000,-806.1271705627441,-8.061271615028382,-806.1271705627441,-8.061271615028382,0.0,806.1271705627441,8.061271615028382,25.928447723388672,0.25928432941436697,4.161619229316711,0.0,0.0,nan,nan,nan,nan,nan,nan,nan,nan,nan,nan,2080,-0.0015160264865728302,0.00844539818353951,1.5414114594459534,-0.01128460057079792,0.049486177414655684,0.049486177414655684,0.08601736612617969,0.002343832925544695,0.013959374849218876,0.8775106072425842,1.0,0.009076923076923076,0.0006292307692307692,2,0.75,0.75,0.0
65,211200,-811.4020538330078,-8.1140203666687,-811.4020538330078,-8.1140203666687,0.0,811.4020538330078,8.1140203666687,20.653564453125,0.20653557777404785,4.220758976936341,0.0,0.0,nan,nan,nan,nan,nan,nan,nan,nan,nan,nan,2112,-0.0009393022796371997,0.016723242402076722,1.5257781505584718,-0.006405045138671994,0.03344693202525377,0.03344693202525377,0.11955419331789016,0.0022036780770582284,0.004503124974144157,0.721187949180603,1.0,0.0090625,0.000628125,2,0.75,0.75,0.0
66,214400,-839.7157888412476,-8.397157964706421,-839.7157888412476,-8.397157964706421,0.0,839.7157888412476,8.397157964706421,-7.660170555114746,-0.0766020202636728,4.185266098976135,0.0,0.0,nan,nan,nan,nan,nan,nan,nan,nan,nan,nan,2144,-0.0008151919773314198,0.012639001896604895,1.5154258251190185,-0.008207380957901477,0.02819596566259861,0.02819596566259861,0.0945363413542509,0.0018638208028284309,0.004546874901279807,0.8187704682350159,1.0,0.009048076923076923,0.0006270192307692308,2,0.75,0.75,0.0
67,217600,-851.158483505249,-8.511585130691529,-851.158483505249,-8.511585130691529,0.0,851.158483505249,8.511585130691529,-19.10286521911621,-0.1910291862487803,5.478817138671875,0.0,0.0,nan,nan,nan,nan,nan,nan,nan,nan,nan,nan,2176,-0.0012227376767317776,0.021937224827706815,1.5024608850479126,-0.0038268368691205977,0.045408074371516706,0.045408074371516706,0.11741124540567398,0.00224771785069664,0.015540624922141432,0.6950826644897461,1.0,0.009033653846153846,0.0006259134615384615,2,0.75,0.75,0.0
68,220800,-825.4728097915649,-8.254728031158447,-825.4728097915649,-8.254728031158447,0.0,825.4728097915649,8.254728031158447,6.582808494567871,0.06582791328430204,3.6373243594169615,0.0,0.0,nan,nan,nan,nan,nan,nan,nan,nan,nan,nan,2208,-0.0008625328559865864,0.01794813610613346,1.5248909950256349,-0.005641808174550534,0.03040201496332884,0.03040201496332884,0.11263131871819496,0.0017609957154496561,0.0034625000436790286,0.8120636343955994,1.0,0.009019230769230769,0.0006248076923076923,2,0.75,0.75,0.0
69,224000,-751.5991792678833,-7.51599148273468,-751.5991792678833,-7.51599148273468,0.0,751.5991792678833,7.51599148273468,80.45643901824951,0.8045644617080683,3.3882036590576172,0.0,0.0,nan,nan,nan,nan,nan,nan,nan,nan,nan,nan,2240,-0.0008014029653219623,0.009348741872236133,1.514103651046753,-0.00976124475710094,0.03675630260258913,0.03675630260258913,0.07887250483036042,0.0022667464611010176,0.011781250336207449,0.8237568140029907,1.0,0.009004807692307692,0.0006237019230769231,2,0.75,0.75,0.0
70,227200,-948.3327770233154,-9.483327159881592,-948.3327770233154,-9.483327159881592,0.0,948.3327770233154,9.483327159881592,-116.27715873718262,-1.162771215438843,4.809360284805297,0.0,0.0,nan,nan,nan,nan,nan,nan,nan,nan,nan,nan,2272,-0.0011028258898178934,0.019939835742115976,1.520312523841858,-0.004801102401688695,0.043457163497805595,0.043457163497805595,0.12233875878155231,0.002764454556018483,0.01734062525210902,0.7822165489196777,1.0,0.008990384615384615,0.0006225961538461538,2,0.75,0.75,0.0
71,230400,-800.9386110305786,-8.009386157989502,-800.9386110305786,-8.009386157989502,0.0,800.9386110305786,8.009386157989502,31.1170072555542,0.311169786453247,3.892906730175018,0.0,0.0,nan,nan,nan,nan,nan,nan,nan,nan,nan,nan,2304,-0.0006884552812611133,0.008405551430769265,1.511145532131195,-0.01004966306500137,0.031010410375893117,0.031010410375893117,0.08196110352873802,0.0017376866926503722,0.011971875140443445,0.9046559929847717,1.0,0.008975961538461539,0.0006214903846153846,2,0.75,0.75,0.0
72,233600,-788.0826740264893,-7.880826644897461,-788.0826740264893,-7.880826644897461,0.0,788.0826740264893,7.880826644897461,43.972944259643555,0.43972929954528794,3.9520356035232544,0.0,0.0,nan,nan,nan,nan,nan,nan,nan,nan,nan,nan,2336,-0.0009400106049390899,0.013736049458384515,1.498107635974884,-0.007497335597872734,0.03640802353620529,0.03640802353620529,0.10387156307697296,0.0016718800987298257,0.008384375018067658,0.8458044528961182,1.0,0.008961538461538462,0.0006203846153846154,2,0.75,0.75,0.0
73,236800,-813.8349075317383,-8.138349142074585,-813.8349075317383,-8.138349142074585,0.0,813.8349075317383,8.138349142074585,18.22071075439453,0.18220680236816378,4.0293679261207584,0.0,0.0,nan,nan,nan,nan,nan,nan,nan,nan,nan,nan,2368,-0.00041958860160083987,0.01484598806127906,1.4895721316337585,-0.0063239683397114275,0.031052751839160918,0.031052751839160918,0.10280589871108532,0.0023054955439881343,0.011737499968148768,0.8261984586715698,1.0,0.008947115384615385,0.0006192788461538461,2,0.75,0.75,0.0
74,240000,-869.3230209350586,-8.693230438232423,-869.3230209350586,-8.693230438232423,0.0,869.3230209350586,8.693230438232423,-37.26740264892578,-0.372674493789674,4.16613657951355,0.0,0.0,nan,nan,nan,nan,nan,nan,nan,nan,nan,nan,2400,-0.0010226322400150422,0.013975613936781883,1.488054347038269,-0.007327156700193882,0.03745240345597267,0.03745240345597267,0.09362693428993225,0.0018383275557432635,0.00968124985229224,0.8173593282699585,1.0,0.008932692307692308,0.0006181730769230769,2,0.75,0.75,0.0
75,243200,-861.6976270675659,-8.616976099014282,-861.6976270675659,-8.616976099014282,0.0,861.6976270675659,8.616976099014282,-29.642008781433105,-0.2964201545715337,4.633264255523682,0.0,0.0,nan,nan,nan,nan,nan,nan,nan,nan,nan,nan,2432,-0.0006476520652242357,0.013680437300354242,1.5092163801193237,-0.007267031725496054,0.03436565920710564,0.03436565920710564,0.09320605620741844,0.002052877919778195,0.012212499789893628,0.8470268845558167,1.0,0.008918269230769231,0.0006170673076923077,2,0.75,0.75,0.0
76,246400,-814.720085144043,-8.14720100402832,-814.720085144043,-8.14720100402832,0.0,814.720085144043,8.14720100402832,17.335533142089844,0.17335494041442878,3.929513077735901,0.0,0.0,nan,nan,nan,nan,nan,nan,nan,nan,nan,nan,2464,-0.0007467577963077953,0.011269143503159284,1.5258222699165345,-0.008697872795164586,0.02503513414412737,0.02503513414412737,0.08251966498792171,0.001447686986649092,0.003934375068638474,0.8371985554695129,1.0,0.008903846153846155,0.0006159615384615384,2,0.75,0.75,0.0
77,249600,-829.9760131835938,-8.299759893417358,-829.9760131835938,-8.299759893417358,0.0,829.9760131835938,8.299759893417358,2.0796051025390625,0.020796051025390838,4.516872630119324,0.0,0.0,nan,nan,nan,nan,nan,nan,nan,nan,nan,nan,2496,-0.00046581024610024,0.015965101588517428,1.5338059067726135,-0.006117908516898751,0.022535619884729387,0.022535619884729387,0.09664765298366547,0.0006434283219283814,0.001025000016670674,0.8195185661315918,1.0,0.008889423076923076,0.0006148557692307692,2,0.75,0.75,0.0
78,252800,-804.4447059631348,-8.0444473361969,-804.4447059631348,-8.0444473361969,0.0,804.4447059631348,8.0444473361969,27.610912322998047,0.27610860824584904,3.9190658283233644,0.0,0.0,nan,nan,nan,nan,nan,nan,nan,nan,nan,nan,2528,-0.0011167379115359032,0.012685889936983585,1.5438239455223084,-0.00847523082047701,0.0351279167458415,0.0351279167458415,0.08794380277395249,0.0020003075875143672,0.00805312478914857,0.8578141927719116,1.0,0.008875000000000001,0.00061375,2,0.75,0.75,0.0
79,256000,-789.3934288024902,-7.89393415927887,-789.3934288024902,-7.89393415927887,0.0,789.3934288024902,7.89393415927887,42.66218948364258,0.4266217851638787,3.952718262672424,0.0,0.0,nan,nan,nan,nan,nan,nan,nan,nan,nan,nan,2560,-0.001535024577914701,0.010633941646665335,1.5332438468933105,-0.00980347888544202,0.05753752794116736,0.05753752794116736,0.08252094425261021,0.0033051602658821346,0.025734374672174452,0.9060484170913696,1.0,0.008860576923076922,0.0006126442307692307,2,0.75,0.75,0.0
80,259200,-826.0182933807373,-8.260182876586914,-826.0182933807373,-8.260182876586914,0.0,826.0182933807373,8.260182876586914,6.037324905395508,0.06037306785583496,3.9398133993148803,0.0,0.0,-572.4713802337646,-5.7247138023376465,-572.4713802337646,-5.7247138023376465,100.0,3.1280949187278746,0.0,0.0,572.4713802337646,-38.992873668670654,2592,-0.001094653161265846,0.01133400402031839,1.5282493114471436,-0.008946779277175665,0.04021386615931988,0.04021386615931988,0.0860797729343176,0.0025564131756260775,0.018806249782210217,0.8919421434402466,1.0,0.008846153846153846,0.0006115384615384615,2,0.75,0.75,0.0
81,262400,-847.0142421722412,-8.470142288208008,-847.0142421722412,-8.470142288208008,0.0,847.0142421722412,8.470142288208008,-14.958623886108398,-0.14958634376525914,4.759526228904724,0.0,0.0,nan,nan,nan,nan,nan,nan,nan,nan,nan,nan,2624,-0.0008846223159460376,0.012991372914984822,1.5173933625221252,-0.007790145743638277,0.027784058637917042,0.027784058637917042,0.09161341302096844,0.0016898421723459997,0.009668750083073973,0.8713991045951843,1.0,0.008831730769230769,0.0006104326923076922,2,0.75,0.75,0.0
82,265600,-823.4127979278564,-8.234127769470215,-823.4127979278564,-8.234127769470215,0.0,823.4127979278564,8.234127769470215,8.642820358276367,0.08642817497253397,3.985377948284149,0.0,0.0,nan,nan,nan,nan,nan,nan,nan,nan,nan,nan,2656,-0.0007074024778209065,0.019837141688913106,1.5237271547317506,-0.004224002873525023,0.028294875100255013,0.028294875100255013,0.09991128630936146,0.0010186086101390906,0.0015156250330619514,0.7858230471611023,1.0,0.008817307692307692,0.000609326923076923,2,0.75,0.75,0.0
83,268800,-749.0772819519043,-7.490773277282715,-749.0772819519043,-7.490773277282715,0.0,749.0772819519043,7.490773277282715,82.97833633422852,0.8297826671600337,3.592634263038635,0.0,0.0,nan,nan,nan,nan,nan,nan,nan,nan,nan,nan,2688,-0.0012825692183687566,0.010661665257066489,1.4996827840805054,-0.00915327062830329,0.04189086034893989,0.04189086034893989,0.08086688332259655,0.002598406592733839,0.014371875114738942,0.8972856998443604,1.0,0.008802884615384615,0.0006082211538461539,2,0.75,0.75,0.0
84,272000,-815.2941579818726,-8.152941703796387,-815.2941579818726,-8.152941703796387,0.0,815.2941579818726,8.152941703796387,16.761460304260254,0.16761424064636188,3.721544008255005,0.0,0.0,nan,nan,nan,nan,nan,nan,nan,nan,nan,nan,2720,-0.0009099282664188468,0.01295421291142702,1.499268901348114,-0.007609089277684689,0.032312415167689325,0.032312415167689325,0.08707731924951076,0.0013079732882039722,0.005137499957345426,0.8646005988121033,1.0,0.008788461538461538,0.0006071153846153847,2,0.75,0.75,0.0
85,275200,-769.3024282455444,-7.693024415969848,-769.3024282455444,-7.693024415969848,0.0,769.3024282455444,7.693024415969848,62.75319004058838,0.6275315284729004,3.647786810398102,0.0,0.0,nan,nan,nan,nan,nan,nan,nan,nan,nan,nan,2752,-0.00026688544528297165,0.008051060466095805,1.5049334526062013,-0.009445699071511627,0.019444761238992213,0.019444761238992213,0.07009254507720471,0.000500136630581144,6.874999962747097e-05,0.9184418320655823,1.0,0.008774038461538462,0.0006060096153846154,2,0.75,0.75,0.0
86,278400,-831.6423258781433,-8.31642339706421,-831.6423258781433,-8.31642339706421,0.0,831.6423258781433,8.31642339706421,0.41329240798950195,0.004132547378539186,4.306998023986816,0.0,0.0,nan,nan,nan,nan,nan,nan,nan,nan,nan,nan,2784,-0.0004996323371084133,0.015647930651903154,1.5069939255714417,-0.005876353662461043,0.02931997161358595,0.02931997161358595,0.09548980332911014,0.0004698054809529681,2.8124998789280652e-05,0.8026310205459595,1.0,0.008759615384615385,0.0006049038461538462,2,0.75,0.75,0.0
87,281600,-845.7511358261108,-8.45751127243042,-845.7511358261108,-8.45751127243042,0.0,845.7511358261108,8.45751127243042,-13.695517539978027,-0.13695532798767118,3.9800873589515686,0.0,0.0,nan,nan,nan,nan,nan,nan,nan,nan,nan,nan,2816,-0.0006207887776880306,0.01161264511756599,1.5343928694725038,-0.008233027439564467,0.04217223338782787,0.04217223338782787,0.07290289290249348,0.0018319187420280636,0.009993750284775161,0.8147901296615601,1.0,0.008745192307692308,0.0006037980769230769,2,0.75,0.75,0.0
88,284800,-864.3529615402222,-8.643529844284057,-864.3529615402222,-8.643529844284057,0.0,864.3529615402222,8.643529844284057,-32.297343254089355,-0.3229738998413083,4.406006035804748,0.0,0.0,nan,nan,nan,nan,nan,nan,nan,nan,nan,nan,2848,-0.0008201179849711693,0.016369213350117207,1.5361487865447998,-0.006047271564602852,0.028201515041291713,0.028201515041291713,0.08836814127862454,0.0012739826510374756,0.0007906250248197466,0.7905821800231934,1.0,0.008730769230769231,0.0006026923076923077,2,0.75,0.75,0.0
89,288000,-793.7379484176636,-7.937380127906799,-793.7379484176636,-7.937380127906799,0.0,793.7379484176636,7.937380127906799,38.31766986846924,0.38317581653594956,4.215708642005921,0.0,0.0,nan,nan,nan,nan,nan,nan,nan,nan,nan,nan,2880,-0.0007686511197127377,0.011036202823743225,1.5159618854522705,-0.008464197721332311,0.02862362004816532,0.02862362004816532,0.07595259770750999,0.0018783066574548431,0.005781249911524356,0.7901067733764648,1.0,0.008716346153846154,0.0006015865384615385,2,0.75,0.75,0.0
90,291200,-761.9045209884644,-7.619045162200928,-761.9045209884644,-7.619045162200928,0.0,761.9045209884644,7.619045162200928,70.15109729766846,0.7015107822418205,3.7490931129455567,0.0,0.0,nan,nan,nan,nan,nan,nan,nan,nan,nan,nan,2912,-0.0010908781739940921,0.01332613374106586,1.513832652568817,-0.007601066818460822,0.04713415391743183,0.04713415391743183,0.08614469282329082,0.0023711011381244056,0.011881249770522118,0.7671284079551697,1.0,0.008701923076923078,0.0006004807692307693,2,0.75,0.75,0.0
91,294400,-820.5040197372437,-8.205039782524109,-820.5040197372437,-8.205039782524109,0.0,820.5040197372437,8.205039782524109,11.55159854888916,0.11551616191863978,4.1891860675811765,0.0,0.0,nan,nan,nan,nan,nan,nan,nan,nan,nan,nan,2944,-0.0007170205150789144,0.016510093212127687,1.516576635837555,-0.005637233518064022,0.024223031103610994,0.024223031103610994,0.09206892177462578,0.0011255570698273775,0.0010406250366941094,0.7274186611175537,1.0,0.0086875,0.000599375,2,0.75,0.75,0.0
92,297600,-817.511191368103,-8.175112128257751,-817.511191368103,-8.175112128257751,0.0,817.511191368103,8.175112128257751,14.544426918029785,0.14544381618499713,4.0342927432060245,0.0,0.0,nan,nan,nan,nan,nan,nan,nan,nan,nan,nan,2976,-0.0008170930332969783,0.014061506558209657,1.5188448429107666,-0.006959397252649069,0.03372330404818058,0.03372330404818058,0.086344288662076,0.0018606296358490882,0.010040624905377627,0.6872977614402771,1.0,0.008673076923076922,0.0005982692307692308,2,0.75,0.75,0.0
93,300800,-903.7152433395386,-9.037152738571168,-903.7152433395386,-9.037152738571168,0.0,903.7152433395386,9.037152738571168,-71.65962505340576,-0.716596794128419,4.417123689651489,0.0,0.0,nan,nan,nan,nan,nan,nan,nan,nan,nan,nan,3008,-0.00041537566301421693,0.013732318021357059,1.5181690812110902,-0.006694517424330115,0.01821108106523752,0.01821108106523752,0.08500012345612049,0.0007086528412407367,4.375000062282197e-05,0.7491000890731812,1.0,0.008658653846153847,0.0005971634615384616,2,0.75,0.75,0.0
94,304000,-875.6385345458984,-8.756384983062745,-875.6385345458984,-8.756384983062745,0.0,875.6385345458984,8.756384983062745,-43.582916259765625,-0.4358290386199961,4.704376916885376,0.0,0.0,nan,nan,nan,nan,nan,nan,nan,nan,nan,nan,3040,-0.0007607019048068153,0.010859840176999569,1.533546233177185,-0.008587109204381705,0.03562492914497852,0.03562492914497852,0.07320592552423477,0.0017119162359455428,0.008809375111013651,0.7828611731529236,1.0,0.008644230769230769,0.0005960576923076923,2,0.75,0.75,0.0
95,307200,-824.6937026977539,-8.24693723678589,-824.6937026977539,-8.24693723678589,0.0,824.6937026977539,8.24693723678589,7.361915588378906,0.07361870765685907,3.395367510318756,0.0,0.0,nan,nan,nan,nan,nan,nan,nan,nan,nan,nan,3072,-0.0007411023128602423,0.015231064055114985,1.5381259083747865,-0.00639930060133338,0.03352907691150904,0.03352907691150904,0.08860633820295334,0.0021905510016955263,0.009171874914318322,0.7618440389633179,1.0,0.008629807692307692,0.0005949519230769231,2,0.75,0.75,0.0
96,310400,-789.6252384185791,-7.896252140998841,-789.6252384185791,-7.896252140998841,0.0,789.6252384185791,7.896252140998841,42.43037986755371,0.42430380344390795,4.350254454612732,0.0,0.0,nan,nan,nan,nan,nan,nan,nan,nan,nan,nan,3104,-0.0011192301786154602,0.01018084497191012,1.533510112762451,-0.009240587567910552,0.059136639535427096,0.059136639535427096,0.07265594862401485,0.0023699196997774034,0.017112500045914202,0.806646466255188,1.0,0.008615384615384615,0.0005938461538461538,2,0.75,0.75,0.0
97,313600,-779.9897203445435,-7.7998974609375,-779.9897203445435,-7.7998974609375,0.0,779.9897203445435,7.7998974609375,52.065897941589355,0.5206584835052483,3.6781601548194884,0.0,0.0,nan,nan,nan,nan,nan,nan,nan,nan,nan,nan,3136,-0.0005251488767331836,0.009464519983157515,1.544682252407074,-0.009078641654923558,0.028745072335004805,0.028745072335004805,0.06720335967838764,0.0013512920493673184,0.00041562500409781934,0.795752227306366,1.0,0.008600961538461538,0.0005927403846153846,2,0.75,0.75,0.0
98,316800,-751.6585731506348,-7.516586103439331,-751.6585731506348,-7.516586103439331,0.0,751.6585731506348,7.516586103439331,80.39704513549805,0.8039698410034175,3.8028992772102357,0.0,0.0,nan,nan,nan,nan,nan,nan,nan,nan,nan,nan,3168,-0.0009914865533879435,0.01032450944185257,1.5537103295326233,-0.00917022479698062,0.052261973917484286,0.052261973917484286,0.0720089215785265,0.0026975920914997717,0.017809374670832767,0.8369592428207397,1.0,0.008586538461538461,0.0005916346153846154,2,0.75,0.75,0.0
99,320000,-813.2199401855469,-8.132199268341065,-813.2199401855469,-8.132199268341065,0.0,813.2199401855469,8.132199268341065,18.835678100585938,0.18835667610168372,3.8566425466537475,0.0,0.0,nan,nan,nan,nan,nan,nan,nan,nan,nan,nan,3200,-0.0006299718059235681,0.01090054288506508,1.5455487012863158,-0.008428322430700064,0.029074651934206486,0.029074651934206486,0.07032590098679066,0.0012770194727642174,0.00208437497203704,0.786914587020874,1.0,0.008572115384615385,0.0005905288461538462,2,0.75,0.75,0.0
100,323200,-798.4630031585693,-7.984630122184753,-798.4630031585693,-7.984630122184753,0.0,798.4630031585693,7.984630122184753,33.59261512756348,0.3359258222579955,3.562891459465027,0.0,0.0,-629.8302850723267,-6.298302850723267,-629.8302850723267,-6.298302850723267,100.0,4.5660776054859165,0.0,0.0,629.8302850723267,-96.35177850723267,3232,-0.00040050989056030775,0.009254337893798948,1.5414777755737306,-0.008964833244681359,0.026649666763842107,0.026649666763842107,0.06996681727468967,0.0008193667246820078,0.0029125000117346646,0.8525995016098022,1.0,0.008557692307692308,0.0005894230769230769,2,0.75,0.75,0.0
101,326400,-848.4250793457031,-8.484250326156616,-848.4250793457031,-8.484250326156616,0.0,848.4250793457031,8.484250326156616,-16.369461059570312,-0.1636943817138672,4.493326869010925,0.0,0.0,nan,nan,nan,nan,nan,nan,nan,nan,nan,nan,3264,-0.0010414999331231022,0.01063565881922841,1.5404161214828491,-0.008883859729394317,0.038068556040525434,0.038068556040525434,0.07218754850327969,0.001597208952080685,0.008524999930523336,0.8022820949554443,1.0,0.008543269230769231,0.0005883173076923077,2,0.75,0.75,0.0
102,329600,-813.8140201568604,-8.138140354156494,-813.8140201568604,-8.138140354156494,0.0,813.8140201568604,8.138140354156494,18.24159812927246,0.18241559028625431,3.978297290802002,0.0,0.0,nan,nan,nan,nan,nan,nan,nan,nan,nan,nan,3296,-0.0010298581082956114,0.009781703585758805,1.5496137261390686,-0.009355423599481582,0.030836591310799123,0.030836591310799123,0.06978113315999508,0.001763294819102753,0.002028124981734436,0.8329502940177917,1.0,0.008528846153846154,0.0005872115384615384,2,0.75,0.75,0.0
103,332800,-843.7009658813477,-8.437009449005126,-843.7009658813477,-8.437009449005126,0.0,843.7009658813477,8.437009449005126,-11.645347595214844,-0.11645350456237757,4.353077073097229,0.0,0.0,nan,nan,nan,nan,nan,nan,nan,nan,nan,nan,3328,-0.0005641106155191755,0.01777181290090084,1.556958055496216,-0.004934803396463394,0.0248237369582057,0.0248237369582057,0.07942131236195564,0.001315777959826471,0.002465624938486144,0.635495126247406,1.0,0.008514423076923077,0.0005861057692307692,2,0.75,0.75,0.0
104,336000,-822.8433485031128,-8.22843337059021,-822.8433485031128,-8.22843337059021,0.0,822.8433485031128,8.22843337059021,9.21226978302002,0.09212257385253864,4.329947471618652,0.0,0.0,nan,nan,nan,nan,nan,nan,nan,nan,nan,nan,3360,-0.0004586273205291924,0.0187708186917007,1.5658828377723695,-0.004383222851902247,0.02091800831258297,0.02091800831258297,0.08980500511825085,0.0008953384494821335,0.0006906249996973202,0.6582703590393066,1.0,0.0085,0.000585,2,0.75,0.75,0.0
105,339200,-815.1875858306885,-8.151876096725465,-815.1875858306885,-8.151876096725465,0.0,815.1875858306885,8.151876096725465,16.868032455444336,0.16867984771728395,3.6332187175750734,0.0,0.0,nan,nan,nan,nan,nan,nan,nan,nan,nan,nan,3392,-0.0007473627357710733,0.011729168007150292,1.572857916355133,-0.008229386107996107,0.038245892897248265,0.038245892897248265,0.06514120362699032,0.0008988248288010198,0.001550000044517219,0.7705276608467102,1.0,0.008485576923076922,0.0005838942307692307,2,0.75,0.75,0.0
106,342400,-826.324595451355,-8.263245944976807,-826.324595451355,-8.263245944976807,0.0,826.324595451355,8.263245944976807,5.731022834777832,0.057309999465941175,4.447480773925781,0.0,0.0,nan,nan,nan,nan,nan,nan,nan,nan,nan,nan,3424,-0.0005502868569998043,0.013239323021844029,1.552671492099762,-0.007083544228225947,0.030459888838231565,0.030459888838231565,0.07267127074301243,0.0010419660255143316,0.0,0.8121698498725891,1.0,0.008471153846153847,0.0005827884615384615,2,0.75,0.75,0.0
107,345600,-805.5049333572388,-8.055049333572388,-805.5049333572388,-8.055049333572388,0.0,805.5049333572388,8.055049333572388,26.550684928894043,0.26550661087036076,3.8119901156425477,0.0,0.0,nan,nan,nan,nan,nan,nan,nan,nan,nan,nan,3456,-0.0014414804263040537,0.008063539117574691,1.5427259445190429,-0.01045612944290042,0.05971228405833244,0.05971228405833244,0.051474325731396674,0.003981701917655835,0.031512501090765,0.8474462032318115,1.0,0.008456730769230768,0.0005816826923076923,2,0.75,0.75,0.0
108,348800,-879.0060663223267,-8.790060806274415,-879.0060663223267,-8.790060806274415,0.0,879.0060663223267,8.790060806274415,-46.95044803619385,-0.4695048618316662,4.45738356590271,0.0,0.0,nan,nan,nan,nan,nan,nan,nan,nan,nan,nan,3488,-0.000653856753006421,0.01607870077714324,1.5393027424812318,-0.0056097741238772866,0.029583814181387426,0.029583814181387426,0.07759886831045151,0.0013174991352576677,0.0026375000015832484,0.7708271741867065,1.0,0.008442307692307692,0.000580576923076923,2,0.75,0.75,0.0
109,352000,-781.6973743438721,-7.816973929405212,-781.6973743438721,-7.816973929405212,0.0,781.6973743438721,7.816973929405212,50.35824394226074,0.5035820150375363,3.6614294242858887,0.0,0.0,nan,nan,nan,nan,nan,nan,nan,nan,nan,nan,3520,-0.0007463432538454163,0.012266146251931787,1.5554624319076538,-0.007722527626901865,0.03766392040997744,0.03766392040997744,0.07700591310858726,0.0017193533858522638,0.008209375233855098,0.7490460276603699,1.0,0.008427884615384615,0.0005794711538461538,2,0.75,0.75,0.0
110,355200,-784.7797756195068,-7.84779764175415,-784.7797756195068,-7.84779764175415,0.0,784.7797756195068,7.84779764175415,47.27584266662598,0.4727583026885984,3.965001986026764,0.0,0.0,nan,nan,nan,nan,nan,nan,nan,nan,nan,nan,3552,-0.0007094392907281866,0.010715727880597114,1.55937420129776,-0.008471310697495937,0.02470775991678238,0.02470775991678238,0.06132498122751713,0.001412840691410181,0.001699999999254942,0.8343921303749084,1.0,0.008413461538461538,0.0005783653846153846,2,0.75,0.75,0.0
111,358400,-841.6049041748047,-8.416048984527588,-841.6049041748047,-8.416048984527588,0.0,841.6049041748047,8.416048984527588,-9.549285888671875,-0.09549304008483972,4.449432487487793,0.0,0.0,nan,nan,nan,nan,nan,nan,nan,nan,nan,nan,3584,-0.00048050201429576943,0.007239876035600901,1.5617042779922485,-0.009977378696203233,0.032128488272428514,0.032128488272428514,0.05179247558116913,0.0007675886157817806,0.00017187500488944352,0.8376457095146179,1.0,0.008399038461538461,0.0005772596153846153,2,0.75,0.75,0.0
112,361600,-814.3094348907471,-8.143094310760498,-814.3094348907471,-8.143094310760498,0.0,814.3094348907471,8.143094310760498,17.746183395385742,0.17746163368225076,3.425694885253906,0.0,0.0,nan,nan,nan,nan,nan,nan,nan,nan,nan,nan,3616,-0.0006667486593650906,0.010362805798649788,1.5427546381950379,-0.008420749800279737,0.027554679848253726,0.027554679848253726,0.06581763625144958,0.0014469624456984209,0.00128125004703179,0.7755367159843445,1.0,0.008384615384615384,0.0005761538461538461,2,0.75,0.75,0.0
113,364800,-827.9402685165405,-8.279402408599854,-827.9402685165405,-8.279402408599854,0.0,827.9402685165405,8.279402408599854,4.115349769592285,0.04115353584289494,4.710766463279724,0.0,0.0,nan,nan,nan,nan,nan,nan,nan,nan,nan,nan,3648,-0.0009351454864896414,0.012507998337969183,1.5419254064559937,-0.0075873589143157,0.030536852218210696,0.030536852218210696,0.06534386985003948,0.0014708644266653316,0.002724999951897189,0.7833669185638428,1.0,0.008370192307692308,0.0005750480769230769,2,0.75,0.75,0.0
114,368000,-776.2675447463989,-7.762675561904907,-776.2675447463989,-7.762675561904907,0.0,776.2675447463989,7.762675561904907,55.78807353973389,0.5578803825378413,4.166795387268066,0.0,0.0,nan,nan,nan,nan,nan,nan,nan,nan,nan,nan,3680,-0.0007508144923953353,0.011247356422245502,1.5211962580680847,-0.007837901450693607,0.03319704420864582,0.03319704420864582,0.06832583136856556,0.0013001259652816461,0.001303124998230487,0.7617619037628174,1.0,0.00835576923076923,0.0005739423076923076,2,0.75,0.75,0.0
115,371200,-756.6117248535156,-7.566116995811463,-756.6117248535156,-7.566116995811463,0.0,756.6117248535156,7.566116995811463,75.44389343261719,0.7544389486312859,3.1895381474494933,0.0,0.0,nan,nan,nan,nan,nan,nan,nan,nan,nan,nan,3712,-0.0006881304529191112,0.008974444400519133,1.5027733087539672,-0.008736060094088316,0.030593256279826165,0.030593256279826165,0.056333181262016294,0.001600716855319384,0.002618750021792948,0.8396454453468323,1.0,0.008341346153846154,0.0005728365384615384,2,0.75,0.75,0.0
116,374400,-834.4953012466431,-8.344952936172485,-834.4953012466431,-8.344952936172485,0.0,834.4953012466431,8.344952936172485,-2.439682960510254,-0.024396991729735973,4.370493211746216,0.0,0.0,nan,nan,nan,nan,nan,nan,nan,nan,nan,nan,3744,-0.0006095002376132364,0.009494498278945685,1.5191192746162414,-0.008511841064319015,0.028989628329873084,0.028989628329873084,0.05056637451052666,0.0008840153503121464,0.0005312500143190846,0.815790057182312,1.0,0.008326923076923077,0.0005717307692307693,2,0.75,0.75,0.0
117,377600,-742.4105844497681,-7.424105858802795,-742.4105844497681,-7.424105858802795,0.0,742.4105844497681,7.424105858802795,89.64503383636475,0.8964500856399535,3.7443552947044374,0.0,0.0,nan,nan,nan,nan,nan,nan,nan,nan,nan,nan,3776,-0.0005703576084430395,0.009867030801251531,1.5217713475227357,-0.00828656661324203,0.023960184305906296,0.023960184305906296,0.05771228894591331,0.0014898610243114247,0.002271874900907278,0.7615429162979126,1.0,0.0083125,0.000570625,2,0.75,0.75,0.0
118,380800,-838.9471368789673,-8.389471187591553,-838.9471368789673,-8.389471187591553,0.0,838.9471368789673,8.389471187591553,-6.891518592834473,-0.0689152431488047,4.186200594902038,0.0,0.0,nan,nan,nan,nan,nan,nan,nan,nan,nan,nan,3808,-0.0008283397310180796,0.011217254353687168,1.5226266503334045,-0.007854585302993655,0.03042340837419033,0.03042340837419033,0.06282341182231903,0.0012205724029633598,0.0066562500491272655,0.7486984729766846,1.0,0.008298076923076924,0.0005695192307692308,2,0.75,0.75,0.0
119,384000,-778.1062803268433,-7.781062965393066,-778.1062803268433,-7.781062965393066,0.0,778.1062803268433,7.781062965393066,53.94933795928955,0.5394929790496823,3.587512114048004,0.0,0.0,nan,nan,nan,nan,nan,nan,nan,nan,nan,nan,3840,-0.0003056620584204417,0.01493625482544303,1.535266923904419,-0.005555154988542199,0.021760813519358636,0.021760813519358636,0.06888590306043625,0.0003603998387922373,3.124999930150807e-05,0.6712766289710999,1.0,0.008283653846153847,0.0005684134615384616,2,0.75,0.75,0.0
120,387200,-835.5641593933105,-8.355641603469849,-835.5641593933105,-8.355641603469849,0.0,835.5641593933105,8.355641603469849,-3.5085411071777344,-0.035085659027100036,3.8019811844825746,0.0,0.0,-521.070216178894,-5.210702161788941,-521.070216178894,-5.210702161788941,100.0,3.3151851439476014,0.0,0.0,521.070216178894,12.408290386199951,3872,-0.001007538201729785,0.011814920185133814,1.5364299178123475,-0.007805171795189381,0.03814200647175312,0.03814200647175312,0.06839759685099125,0.002247770180111379,0.014868749771267176,0.7021310329437256,1.0,0.008269230769230768,0.0005673076923076923,2,0.75,0.75,0.0
121,390400,-834.4101638793945,-8.344101734161377,-834.4101638793945,-8.344101734161377,0.0,834.4101638793945,8.344101734161377,-2.3545455932617188,-0.02354578971862864,4.094570546150208,0.0,0.0,nan,nan,nan,nan,nan,nan,nan,nan,nan,nan,3904,-0.0005386348877436831,0.014610385894775391,1.5232380747795105,-0.005807478865608573,0.03081884905695915,0.03081884905695915,0.07045709565281869,0.001346656900933063,0.00606250002165325,0.6884876489639282,1.0,0.008254807692307693,0.0005662019230769231,2,0.75,0.75,0.0
122,393600,-848.7918424606323,-8.487918539047241,-848.7918424606323,-8.487918539047241,0.0,848.7918424606323,8.487918539047241,-16.73622417449951,-0.16736259460449254,3.9749207615852358,0.0,0.0,nan,nan,nan,nan,nan,nan,nan,nan,nan,nan,3936,-0.000621167083388352,0.012701404513791203,1.537418293952942,-0.006939383270218968,0.029792293906211853,0.029792293906211853,0.06685208864510059,0.0006232318452026959,0.0002593749959487468,0.6145484447479248,1.0,0.008240384615384615,0.0005650961538461539,2,0.75,0.75,0.0
123,396800,-907.852424621582,-9.078523788452149,-907.852424621582,-9.078523788452149,0.0,907.852424621582,9.078523788452149,-75.79680633544922,-0.7579678440094,4.79669068813324,0.0,0.0,nan,nan,nan,nan,nan,nan,nan,nan,nan,nan,3968,-0.0006303529814417174,0.009390139533206821,1.5497379660606385,-0.008683368191123008,0.034822748601436616,0.034822748601436616,0.06128800921142101,0.0009920583426725215,0.00197187495577964,0.836682915687561,1.0,0.008225961538461538,0.0005639903846153846,2,0.75,0.75,0.0
124,400000,-792.4144344329834,-7.9241441631317135,-792.4144344329834,-7.9241441631317135,0.0,792.4144344329834,7.9241441631317135,39.641183853149414,0.39641178131103505,4.14363127708435,0.0,0.0,nan,nan,nan,nan,nan,nan,nan,nan,nan,nan,4000,-0.0010999179437349404,0.012143510207533837,1.5552383303642272,-0.007799061853438616,0.032612604834139344,0.032612604834139344,0.0638500440865755,0.0019247813594125338,0.008465625206008553,0.7218507528305054,1.0,0.008211538461538461,0.0005628846153846154,2,0.75,0.75,0.0
125,403200,-875.1461429595947,-8.751461782455443,-875.1461429595947,-8.751461782455443,0.0,875.1461429595947,8.751461782455443,-43.090524673461914,-0.4309058380126949,4.249266791343689,0.0,0.0,nan,nan,nan,nan,nan,nan,nan,nan,nan,nan,4032,-0.0010211075506871836,0.013325612340122462,1.5524049282073975,-0.007083544181659818,0.029785437136888505,0.029785437136888505,0.06325600557029247,0.0017027360994693991,0.005574999912641943,0.7431529760360718,1.0,0.008197115384615384,0.0005617788461538462,2,0.75,0.75,0.0
126,406400,-781.0858287811279,-7.81085834980011,-781.0858287811279,-7.81085834980011,0.0,781.0858287811279,7.81085834980011,50.96978950500488,0.5096975946426383,3.930839238166809,0.0,0.0,nan,nan,nan,nan,nan,nan,nan,nan,nan,nan,4064,-0.0009648208094760413,0.01450846428051591,1.5343405246734618,-0.006265625217929482,0.038904554955661294,0.038904554955661294,0.0725167091935873,0.0014376729803194438,0.008187500084750355,0.7205653190612793,1.0,0.008182692307692307,0.0005606730769230769,2,0.75,0.75,0.0
127,409600,-790.3678941726685,-7.903678970336914,-790.3678941726685,-7.903678970336914,0.0,790.3678941726685,7.903678970336914,41.687724113464355,0.41687697410583446,4.097071590423584,0.0,0.0,nan,nan,nan,nan,nan,nan,nan,nan,nan,nan,4096,-0.0006679785351282775,0.01167172510176897,1.5249029040336608,-0.007287932839244604,0.027883725985884667,0.027883725985884667,0.05508596710860729,0.0009406781304284201,0.000928124989150092,0.7335942983627319,1.0,0.00816826923076923,0.0005595673076923077,2,0.75,0.75,0.0
128,412800,-852.959638595581,-8.529596433639526,-852.959638595581,-8.529596433639526,0.0,852.959638595581,8.529596433639526,-20.904020309448242,-0.2090404891967772,4.403895635604858,0.0,0.0,nan,nan,nan,nan,nan,nan,nan,nan,nan,nan,4128,-0.0005193463920543095,0.01296214209869504,1.529024863243103,-0.006505709327757359,0.02187853045761585,0.02187853045761585,0.05573709607124329,0.000964802941599037,0.0,0.7606115937232971,1.0,0.008153846153846154,0.0005584615384615385,2,0.75,0.75,0.0
129,416000,-783.2183971405029,-7.832183837890625,-783.2183971405029,-7.832183837890625,0.0,783.2183971405029,7.832183837890625,48.83722114562988,0.4883721065521236,3.597571306228638,0.0,0.0,nan,nan,nan,nan,nan,nan,nan,nan,nan,nan,4160,-0.0003880366906367172,0.011577085312455892,1.516727614402771,-0.006944781821221113,0.022841928340494633,0.022841928340494633,0.06107817962765694,0.00034047350127429756,3.124999930150807e-05,0.73682701587677,1.0,0.008139423076923077,0.0005573557692307692,2,0.75,0.75,0.0
130,419200,-802.2203483581543,-8.022203249931335,-802.2203483581543,-8.022203249931335,0.0,802.2203483581543,8.022203249931335,29.835269927978516,0.2983526945114132,4.170330760478973,0.0,0.0,nan,nan,nan,nan,nan,nan,nan,nan,nan,nan,4192,-0.0007531097147846389,0.015475596953183412,1.5039451360702514,-0.005234864912927151,0.02398355957120657,0.02398355957120657,0.06452998518943787,0.0012305134256172924,0.005278125044424087,0.6864849328994751,1.0,0.008125,0.00055625,2,0.75,0.75,0.0
131,422400,-771.2608690261841,-7.71260853767395,-771.2608690261841,-7.71260853767395,0.0,771.2608690261841,7.71260853767395,60.79474925994873,0.6079474067687984,4.0144367909431455,0.0,0.0,nan,nan,nan,nan,nan,nan,nan,nan,nan,nan,4224,-0.0007859826218831855,0.01130426786839962,1.4977859377861023,-0.007281757052987814,0.02242844831198454,0.02242844831198454,0.06080177947878838,0.0010414246236912163,0.0013343750149942934,0.7807977199554443,1.0,0.008110576923076923,0.0005551442307692308,2,0.75,0.75,0.0
132,425600,-785.9126996994019,-7.859126868247986,-785.9126996994019,-7.859126868247986,0.0,785.9126996994019,7.859126868247986,46.14291858673096,0.46142907619476237,3.8065448880195616,0.0,0.0,nan,nan,nan,nan,nan,nan,nan,nan,nan,nan,4256,-0.000911341353965689,0.010268931183964014,1.5067686676979064,-0.00797590659931302,0.034623388387262824,0.034623388387262824,0.051619328930974005,0.0014011422361370587,0.007178124890197068,0.7852550745010376,1.0,0.008096153846153847,0.0005540384615384615,2,0.75,0.75,0.0
133,428800,-769.843638420105,-7.698436641693116,-769.843638420105,-7.698436641693116,0.0,769.843638420105,7.698436641693116,62.21197986602783,0.622119302749633,3.9732662868499755,0.0,0.0,nan,nan,nan,nan,nan,nan,nan,nan,nan,nan,4288,-0.0007126845407357862,0.007961612055078148,1.52207612991333,-0.009032887406647205,0.03765603806823492,0.03765603806823492,0.051908866688609126,0.001502823451301738,0.008753125148359686,0.7843906879425049,1.0,0.00808173076923077,0.0005529326923076923,2,0.75,0.75,0.0
134,432000,-860.9902448654175,-8.609902467727661,-860.9902448654175,-8.609902467727661,0.0,860.9902448654175,8.609902467727661,-28.934626579284668,-0.2893465232849124,3.8558780431747435,0.0,0.0,nan,nan,nan,nan,nan,nan,nan,nan,nan,nan,4320,-0.0006780896938696878,0.014909443166106939,1.5303442835807801,-0.0055691266898065805,0.031554720178246495,0.031554720178246495,0.06602357737720013,0.0012964679644944257,0.006165624922141432,0.6371227502822876,1.0,0.008067307692307693,0.0005518269230769231,2,0.75,0.75,0.0
135,435200,-798.5465669631958,-7.985466041564941,-798.5465669631958,-7.985466041564941,0.0,798.5465669631958,7.985466041564941,33.50905132293701,0.33508990287780716,3.9097734093666077,0.0,0.0,nan,nan,nan,nan,nan,nan,nan,nan,nan,nan,4352,-0.0005504033859265789,0.010337541764602064,1.5355005621910096,-0.0077468414790928366,0.023244904540479183,0.023244904540479183,0.05508131235837936,0.0006871257832250542,3.75000003259629e-05,0.7116547226905823,1.0,0.008052884615384615,0.0005507211538461538,2,0.75,0.75,0.0
136,438400,-854.4414482116699,-8.544414138793945,-854.4414482116699,-8.544414138793945,0.0,854.4414482116699,8.544414138793945,-22.38582992553711,-0.22385819435119636,4.0530285859107975,0.0,0.0,nan,nan,nan,nan,nan,nan,nan,nan,nan,nan,4384,-0.0007824076522316758,0.011034378362819553,1.5304853916168213,-0.007567965844646096,0.03305278941988945,0.03305278941988945,0.06635056547820568,0.0010346394268714717,0.004309374955482781,0.7498455047607422,1.0,0.00803846153846154,0.0005496153846153846,2,0.75,0.75,0.0
137,441600,-746.2297525405884,-7.462297253608703,-746.2297525405884,-7.462297253608703,0.0,746.2297525405884,7.462297253608703,85.82586574554443,0.8582586908340453,4.059921674728393,0.0,0.0,nan,nan,nan,nan,nan,nan,nan,nan,nan,nan,4416,-0.0009187438973864204,0.009677963983267545,1.545624589920044,-0.008481913479045033,0.04102921951562166,0.04102921951562166,0.05966896936297417,0.0021644554573873797,0.015543749649077654,0.768769383430481,1.0,0.008024038461538461,0.0005485096153846154,2,0.75,0.75,0.0
138,444800,-741.1410207748413,-7.411410193443299,-741.1410207748413,-7.411410193443299,0.0,741.1410207748413,7.411410193443299,90.9145975112915,0.9091457509994498,3.980219986438751,0.0,0.0,nan,nan,nan,nan,nan,nan,nan,nan,nan,nan,4448,-0.0006275888806479557,0.010685195261612535,1.5503059864044189,-0.00770234614610672,0.02943923007696867,0.02943923007696867,0.05408138744533062,0.0004374256872330129,0.000481250009033829,0.7613491415977478,1.0,0.008009615384615384,0.0005474038461538461,2,0.75,0.75,0.0
139,448000,-819.2101278305054,-8.192101469039917,-819.2101278305054,-8.192101469039917,0.0,819.2101278305054,8.192101469039917,12.845490455627441,0.1284544754028314,3.5062332105636598,0.0,0.0,nan,nan,nan,nan,nan,nan,nan,nan,nan,nan,4480,-0.0007926025410939453,0.013013271614909172,1.5508833169937133,-0.006685576494783163,0.03082860615104437,0.03082860615104437,0.057866694033145906,0.0017182051284185932,0.0042781251046108085,0.736518383026123,1.0,0.007995192307692307,0.0005462980769230769,2,0.75,0.75,0.0
140,451200,-777.0407457351685,-7.770407299995423,-777.0407457351685,-7.770407299995423,0.0,777.0407457351685,7.770407299995423,55.014872550964355,0.5501486444473258,4.200021276473999,0.0,0.0,-538.3095052242279,-5.383095052242279,-538.3095052242279,-5.383095052242279,100.0,3.3142365193367005,0.0,0.0,538.3095052242279,-4.830998659133911,4512,-0.0009248136550478847,0.014882828388363124,1.5485955953598023,-0.005842383904382587,0.04414118640124798,0.04414118640124798,0.06238421015441418,0.0016266918446495797,0.008115624933270737,0.6114517450332642,1.0,0.00798076923076923,0.0005451923076923077,2,0.75,0.75,0.0
141,454400,-871.6764631271362,-8.716764688491821,-871.6764631271362,-8.716764688491821,0.0,871.6764631271362,8.716764688491821,-39.62084484100342,-0.3962087440490727,4.511132850646972,0.0,0.0,nan,nan,nan,nan,nan,nan,nan,nan,nan,nan,4544,-0.0006799459234345662,0.021751532424241306,1.5506484985351563,-0.0021571821998804808,0.03115536905825138,0.03115536905825138,0.07444550767540932,0.0019322878688404752,0.008281249972060322,0.3169054388999939,1.0,0.007966346153846154,0.0005440865384615384,2,0.75,0.75,0.0
142,457600,-782.1555280685425,-7.821555233001709,-782.1555280685425,-7.821555233001709,0.0,782.1555280685425,7.821555233001709,49.90009021759033,0.49900071144103997,3.8717681670188906,0.0,0.0,nan,nan,nan,nan,nan,nan,nan,nan,nan,nan,4576,-0.000868720235004794,0.017187921795994043,1.5338624596595765,-0.004471914935857057,0.03348541427403688,0.03348541427403688,0.06650474667549133,0.0013626668327566841,0.0019218749133870006,0.6676663160324097,1.0,0.007951923076923077,0.0005429807692307692,2,0.75,0.75,0.0
143,460800,-807.9653596878052,-8.07965367794037,-807.9653596878052,-8.07965367794037,0.0,807.9653596878052,8.07965367794037,24.090258598327637,0.24090226650237945,4.271476173400879,0.0,0.0,nan,nan,nan,nan,nan,nan,nan,nan,nan,nan,4608,-0.0009118980742932603,0.017566370125859977,1.5019156455993652,-0.004050168581306935,0.03834306560456753,0.03834306560456753,0.06700316444039345,0.002226821437944386,0.009171875100582838,0.514039933681488,1.0,0.0079375,0.000541875,2,0.75,0.75,0.0
144,464000,-830.377631187439,-8.303776111602783,-830.377631187439,-8.303776111602783,0.0,830.377631187439,8.303776111602783,1.6779870986938477,0.016779832839965536,4.723793835639953,0.0,0.0,nan,nan,nan,nan,nan,nan,nan,nan,nan,nan,4640,-0.0008639072172518247,0.01957792080938816,1.508707594871521,-0.0030285530723631383,0.031505162455141546,0.031505162455141546,0.07426372580230237,0.0016411510390759942,0.007631249935366213,0.5960202217102051,1.0,0.007923076923076923,0.0005407692307692307,2,0.75,0.75,0.0
145,467200,-883.9791059494019,-8.839790964126587,-883.9791059494019,-8.839790964126587,0.0,883.9791059494019,8.839790964126587,-51.92348766326904,-0.5192350196838387,4.930766577720642,0.0,0.0,nan,nan,nan,nan,nan,nan,nan,nan,nan,nan,4672,-0.0008501572287698877,0.01670041223987937,1.5367708325386047,-0.004653739184141159,0.037668928131461145,0.037668928131461145,0.06132067814469337,0.00144504752242997,0.00499062490707729,0.7331011891365051,1.0,0.007908653846153847,0.0005396634615384615,2,0.75,0.75,0.0
146,470400,-839.7332592010498,-8.39733256340027,-839.7332592010498,-8.39733256340027,0.0,839.7332592010498,8.39733256340027,-7.677640914916992,-0.07677661895752053,4.239067831039429,0.0,0.0,nan,nan,nan,nan,nan,nan,nan,nan,nan,nan,4704,-0.0007690876855369399,0.011468373611569405,1.5378463387489318,-0.0071750149130821225,0.03559827227145433,0.03559827227145433,0.050870243832468985,0.0015210001598467285,0.005815625004470348,0.7723326086997986,1.0,0.00789423076923077,0.0005385576923076923,2,0.75,0.75,0.0
147,473600,-724.7131404876709,-7.247131519317627,-724.7131404876709,-7.247131519317627,0.0,724.7131404876709,7.247131519317627,107.34247779846191,1.073424425125122,3.9105738949775697,0.0,0.0,nan,nan,nan,nan,nan,nan,nan,nan,nan,nan,4736,-0.0008287143974449407,0.01639652932062745,1.5167194962501527,-0.0045819075778126715,0.02925757598131895,0.02925757598131895,0.07185914963483811,0.0011563102627412207,0.0016281249976600521,0.6003709435462952,1.0,0.007879807692307693,0.000537451923076923,2,0.75,0.75,0.0
148,476800,-732.7328023910522,-7.327327961921692,-732.7328023910522,-7.327327961921692,0.0,732.7328023910522,7.327327961921692,99.32281589508057,0.9932279825210566,3.0840577697753906,0.0,0.0,nan,nan,nan,nan,nan,nan,nan,nan,nan,nan,4768,-0.0009071277792274124,0.01495032962411642,1.5039091467857362,-0.005260786367580294,0.031261310912668705,0.031261310912668705,0.060092151165008545,0.0012079043790442657,0.0016281249743769876,0.7487101554870605,1.0,0.007865384615384614,0.0005363461538461539,2,0.75,0.75,0.0
149,480000,-879.2142858505249,-8.792143325805664,-879.2142858505249,-8.792143325805664,0.0,879.2142858505249,8.792143325805664,-47.15866756439209,-0.4715873813629159,4.647598223686218,0.0,0.0,nan,nan,nan,nan,nan,nan,nan,nan,nan,nan,4800,-0.0007660942010566885,0.022216952126473188,1.5019578218460083,-0.0014494316186755896,0.04062213823199272,0.04062213823199272,0.07588420696556568,0.0013000438601018472,0.0035906249890103937,0.563625693321228,1.0,0.00785096153846154,0.0005352403846153847,2,0.75,0.75,0.0
150,483200,-827.7635097503662,-8.277635068893433,-827.7635097503662,-8.277635068893433,0.0,827.7635097503662,8.277635068893433,4.292108535766602,0.04292087554931534,4.321211743354797,0.0,0.0,nan,nan,nan,nan,nan,nan,nan,nan,nan,nan,4832,-0.0006879580943612406,0.017326652724295854,1.5071950197219848,-0.003835823433473706,0.027373814210295676,0.027373814210295676,0.06187018007040024,0.0014697065860679816,0.003143749898299575,0.6240946054458618,1.0,0.00783653846153846,0.0005341346153846154,2,0.75,0.75,0.0
151,486400,-760.6736354827881,-7.606736526489258,-760.6736354827881,-7.606736526489258,0.0,760.6736354827881,7.606736526489258,71.38198280334473,0.7138194179534905,4.076556642055511,0.0,0.0,nan,nan,nan,nan,nan,nan,nan,nan,nan,nan,4864,-0.0006996057037728321,0.013037466071546077,1.493686354160309,-0.005864659091457725,0.027276166155934332,0.027276166155934332,0.054678581282496454,0.0012572731604457593,0.0008125000167638063,0.7856383323669434,1.0,0.007822115384615384,0.0005330288461538462,2,0.75,0.75,0.0
152,489600,-790.2809562683105,-7.902809772491455,-790.2809562683105,-7.902809772491455,0.0,790.2809562683105,7.902809772491455,41.774662017822266,0.4177461719512934,3.8644246578216555,0.0,0.0,nan,nan,nan,nan,nan,nan,nan,nan,nan,nan,4896,-0.0011767433841363584,0.008951828023418784,1.499553632736206,-0.00840888312086463,0.050825032591819766,0.050825032591819766,0.04646434113383293,0.0019332286767173655,0.015078125483705662,0.8272327184677124,1.0,0.007807692307692307,0.000531923076923077,2,0.75,0.75,0.0
153,492800,-866.2576313018799,-8.662576503753662,-866.2576313018799,-8.662576503753662,0.0,866.2576313018799,8.662576503753662,-34.20201301574707,-0.3420205593109138,4.831357011795044,0.0,0.0,nan,nan,nan,nan,nan,nan,nan,nan,nan,nan,4928,-0.0009212959740777293,0.014156494010239839,1.5010601997375488,-0.005541215091943741,0.036444812268018725,0.036444812268018725,0.055761215090751645,0.0016728590686404907,0.014596875302231638,0.7309702038764954,1.0,0.00779326923076923,0.0005308173076923077,2,0.75,0.75,0.0
154,496000,-759.2794313430786,-7.592794389724731,-759.2794313430786,-7.592794389724731,0.0,759.2794313430786,7.592794389724731,72.7761869430542,0.7277615547180174,3.706382329463959,0.0,0.0,nan,nan,nan,nan,nan,nan,nan,nan,nan,nan,4960,-0.0007637379184306959,0.020199901051819326,1.5200158953666687,-0.0024877572432160378,0.027627499029040336,0.027627499029040336,0.07582885213196278,0.0009792188788203045,0.002143750002142042,0.6088466048240662,1.0,0.0077788461538461535,0.0005297115384615385,2,0.75,0.75,0.0
155,499200,-804.7799615859985,-8.047799386978149,-804.7799615859985,-8.047799386978149,0.0,804.7799615859985,8.047799386978149,27.275656700134277,0.27275655746460004,4.0994446039199826,0.0,0.0,nan,nan,nan,nan,nan,nan,nan,nan,nan,nan,4992,-0.00047882533658700767,0.0128340695053339,1.5212281346321106,-0.005873249750584364,0.022916243597865104,0.022916243597865104,0.06081156022846699,0.0008155655079469068,0.001353125015157275,0.7538101077079773,1.0,0.007764423076923077,0.0005286057692307693,2,0.75,0.75,0.0
156,502400,-737.9294900894165,-7.379295272827148,-737.9294900894165,-7.379295272827148,0.0,737.9294900894165,7.379295272827148,94.12612819671631,0.9412606716156002,3.625661973953247,0.0,0.0,nan,nan,nan,nan,nan,nan,nan,nan,nan,nan,5024,-0.0005685851104091811,0.009746454376727342,1.5252382397651671,-0.007515954179689288,0.02448554467409849,0.02448554467409849,0.04605325609445572,0.0006599575914157396,0.0004843750037252903,0.7802668809890747,1.0,0.00775,0.0005275,2,0.75,0.75,0.0
157,505600,-769.4166097640991,-7.6941661500930785,-769.4166097640991,-7.6941661500930785,0.0,769.4166097640991,7.6941661500930785,62.63900852203369,0.6263897943496701,3.8794285798072816,0.0,0.0,nan,nan,nan,nan,nan,nan,nan,nan,nan,nan,5056,-0.0007344555890188787,0.009210236137732863,1.51569904088974,-0.007854144228622318,0.026225173473358156,0.026225173473358156,0.04939231276512146,0.0011632334324537432,0.00013437500456348062,0.75926274061203,1.0,0.007735576923076923,0.0005263942307692308,2,0.75,0.75,0.0
158,508800,-863.9773988723755,-8.639774026870727,-863.9773988723755,-8.639774026870727,0.0,863.9773988723755,8.639774026870727,-31.921780586242676,-0.31921808242797844,3.7967389464378356,0.0,0.0,nan,nan,nan,nan,nan,nan,nan,nan,nan,nan,5088,-0.0007836859126051365,0.01871317336335778,1.5185644030570984,-0.0031521688681095837,0.050157176703214644,0.050157176703214644,0.06977301836013794,0.002038710533088927,0.015143750188872217,0.5317023992538452,1.0,0.007721153846153846,0.0005252884615384616,2,0.75,0.75,0.0
159,512000,-892.5098915100098,-8.92509892463684,-892.5098915100098,-8.92509892463684,0.0,892.5098915100098,8.92509892463684,-60.45427322387695,-0.6045429801940916,4.6622257423400875,0.0,0.0,nan,nan,nan,nan,nan,nan,nan,nan,nan,nan,5120,-0.001029769685468551,0.018778822850435972,1.5102867245674134,-0.003279731096699834,0.043988768756389615,0.043988768756389615,0.06835410743951797,0.001968469181156841,0.010843749798368663,0.5768709182739258,1.0,0.0077067307692307695,0.0005241826923076923,2,0.75,0.75,0.0
160,515200,-810.7369685173035,-8.107369933128357,-810.7369685173035,-8.107369933128357,0.0,810.7369685173035,8.107369933128357,21.318649768829346,0.21318601131439152,3.7528695607185365,0.0,0.0,-524.2715631723404,-5.242715631723404,-524.2715631723404,-5.242715631723404,100.0,3.397522360086441,0.0,0.0,524.2715631723404,9.206943392753601,5152,-0.0010397849990113172,0.01918522045016289,1.488139283657074,-0.0028943998739123346,0.03585955165326595,0.03585955165326595,0.07293258234858513,0.0015171708928398823,0.004156249854713678,0.5175739526748657,1.0,0.007692307692307693,0.0005230769230769231,2,0.75,0.75,0.0
161,518400,-800.7544479370117,-8.007544207572938,-800.7544479370117,-8.007544207572938,0.0,800.7544479370117,8.007544207572938,31.301170349121094,0.3130117368698109,3.9998004055023193,0.0,0.0,nan,nan,nan,nan,nan,nan,nan,nan,nan,nan,5184,-0.0008140627552289503,0.01963124182075262,1.4790903687477113,-0.0023547270800918342,0.049157384783029556,0.049157384783029556,0.07178639322519302,0.002336560800177519,0.009584375098347664,0.4794098138809204,1.0,0.007677884615384615,0.0005219711538461539,2,0.75,0.75,0.0
162,521600,-748.153678894043,-7.481536712646484,-748.153678894043,-7.481536712646484,0.0,748.153678894043,7.481536712646484,83.90193939208984,0.8390192317962644,3.5140145683288573,0.0,0.0,nan,nan,nan,nan,nan,nan,nan,nan,nan,nan,5216,-0.0010946623885711658,0.017791615333408117,1.4931231141090393,-0.0036413460969924928,0.05427625253796577,0.05427625253796577,0.06631534434854984,0.0014901215454308544,0.010384375043213368,0.4505023956298828,1.0,0.007663461538461538,0.0005208653846153846,2,0.75,0.75,0.0
163,524800,-815.0851783752441,-8.150851955413819,-815.0851783752441,-8.150851955413819,0.0,815.0851783752441,8.150851955413819,16.970439910888672,0.16970398902893002,4.765318074226379,0.0,0.0,nan,nan,nan,nan,nan,nan,nan,nan,nan,nan,5248,-0.0013127675156807573,0.016285074409097433,1.4714479088783263,-0.004425391834229231,0.05837129577994347,0.05837129577994347,0.062243445217609404,0.002758328287018918,0.02887812489643693,0.5897953510284424,1.0,0.0076490384615384615,0.0005197596153846154,2,0.75,0.75,0.0
164,528000,-896.2192621231079,-8.962193069458008,-896.2192621231079,-8.962193069458008,0.0,896.2192621231079,8.962193069458008,-64.1636438369751,-0.6416371250152597,4.537212157249451,0.0,0.0,nan,nan,nan,nan,nan,nan,nan,nan,nan,nan,5280,-0.0008507661930051924,0.01642109965905547,1.45561842918396,-0.0037533034570515155,0.04254878107458353,0.04254878107458353,0.06179058738052845,0.002359526661167192,0.014671874768100678,0.6879193782806396,1.0,0.007634615384615385,0.0005186538461538462,2,0.75,0.75,0.0
165,531200,-782.7370004653931,-7.827370162010193,-782.7370004653931,-7.827370162010193,0.0,782.7370004653931,7.827370162010193,49.318617820739746,0.4931857824325556,3.7061360931396483,0.0,0.0,nan,nan,nan,nan,nan,nan,nan,nan,nan,nan,5312,-0.0006071143429311587,0.012019317783415317,1.4524088025093078,-0.005665089562535286,0.03254628498107195,0.03254628498107195,0.05019766241312027,0.0017246276263911471,0.0036500000627711416,0.6765652894973755,1.0,0.007620192307692307,0.0005175480769230769,2,0.75,0.75,0.0
166,534400,-773.7425546646118,-7.737425475120545,-773.7425546646118,-7.737425475120545,0.0,773.7425546646118,7.737425475120545,58.313063621520996,0.5831304693222039,4.002692980766296,0.0,0.0,nan,nan,nan,nan,nan,nan,nan,nan,nan,nan,5344,-0.0005372470221395087,0.014202721882611513,1.4548471808433532,-0.0045011179521679875,0.023787991143763065,0.023787991143763065,0.05346574485301971,0.0011301984839527212,0.0005093749787192792,0.7659852504730225,1.0,0.00760576923076923,0.0005164423076923077,2,0.75,0.75,0.0
167,537600,-767.0380525588989,-7.670380249023437,-767.0380525588989,-7.670380249023437,0.0,767.0380525588989,7.670380249023437,65.01756572723389,0.6501756954193114,3.398171217441559,0.0,0.0,nan,nan,nan,nan,nan,nan,nan,nan,nan,nan,5376,-0.0006437416982210565,0.020034286193549633,1.4532806158065796,-0.0016589550301432609,0.02507985830307007,0.02507985830307007,0.06225635707378387,0.0006296277100780761,0.0005968749988824129,0.640905499458313,1.0,0.007591346153846153,0.0005153365384615385,2,0.75,0.75,0.0
168,540800,-761.8619527816772,-7.618619518280029,-761.8619527816772,-7.618619518280029,0.0,761.8619527816772,7.618619518280029,70.19366550445557,0.7019364261627192,4.038977880477905,0.0,0.0,nan,nan,nan,nan,nan,nan,nan,nan,nan,nan,5408,-0.0007808489722621381,0.009357665386050939,1.4745784401893616,-0.0072747835423797366,0.03250143360346556,0.03250143360346556,0.04477822110056877,0.0012728247984348938,0.0031656250474043192,0.7674620151519775,1.0,0.007576923076923077,0.0005142307692307692,2,0.75,0.75,0.0
169,544000,-804.7687463760376,-8.047687621116639,-804.7687463760376,-8.047687621116639,0.0,804.7687463760376,8.047687621116639,27.286871910095215,0.2728683233261098,3.9309914088249207,0.0,0.0,nan,nan,nan,nan,nan,nan,nan,nan,nan,nan,5440,-0.00041685997868190494,0.008556473022326826,1.4731652736663818,-0.0072794358246028425,0.024791716784238815,0.024791716784238815,0.037546038068830966,0.0006773592107499653,0.001778124982956797,0.8192747235298157,1.0,0.0075625,0.000513125,2,0.75,0.75,0.0
170,547200,-796.3560447692871,-7.963560814857483,-796.3560447692871,-7.963560814857483,0.0,796.3560447692871,7.963560814857483,35.6995735168457,0.3569951295852656,4.2297255897521975,0.0,0.0,nan,nan,nan,nan,nan,nan,nan,nan,nan,nan,5472,-0.000654151714657214,0.013118035532534123,1.4928330421447753,-0.005363152641803026,0.027129053696990015,0.027129053696990015,0.042828844860196114,0.0010365686990560417,0.0042874999577179555,0.6439412236213684,1.0,0.007548076923076923,0.0005120192307692308,2,0.75,0.75,0.0
171,550400,-844.3878049850464,-8.443878011703491,-844.3878049850464,-8.443878011703491,0.0,844.3878049850464,8.443878011703491,-12.332186698913574,-0.12332206726074268,4.973421721458435,0.0,0.0,nan,nan,nan,nan,nan,nan,nan,nan,nan,nan,5504,-0.0007441370674729164,0.028223462775349616,1.5115632891654969,0.0019799999892711638,0.03946652635931969,0.03946652635931969,0.06519956961274147,0.001607451474411134,0.004918749956414103,0.493125319480896,1.0,0.007533653846153846,0.0005109134615384615,2,0.75,0.75,0.0
172,553600,-785.5941400527954,-7.855941491127014,-785.5941400527954,-7.855941491127014,0.0,785.5941400527954,7.855941491127014,46.4614782333374,0.46461445331573437,4.167848863601685,0.0,0.0,nan,nan,nan,nan,nan,nan,nan,nan,nan,nan,5536,-0.0008322933282994188,0.018895648792386054,1.5094395399093627,-0.0027342929504811765,0.03487626258283853,0.03487626258283853,0.062234685942530635,0.0010977300957172016,0.0038000000757165255,0.6910555958747864,1.0,0.007519230769230769,0.0005098076923076923,2,0.75,0.75,0.0
173,556800,-861.0649328231812,-8.610649242401124,-861.0649328231812,-8.610649242401124,0.0,861.0649328231812,8.610649242401124,-29.00931453704834,-0.290093297958375,4.335000638961792,0.0,0.0,nan,nan,nan,nan,nan,nan,nan,nan,nan,nan,5568,-0.000902428398202737,0.019155863765627147,1.5150224089622497,-0.0026944486889988184,0.03805230762809515,0.03805230762809515,0.059555905684828755,0.0007632628950893407,0.0011718749534338712,0.6195735931396484,1.0,0.007504807692307693,0.0005087019230769231,2,0.75,0.75,0.0
174,560000,-819.7666263580322,-8.197666320800781,-819.7666263580322,-8.197666320800781,0.0,819.7666263580322,8.197666320800781,12.288991928100586,0.1228896236419672,4.123742492198944,0.0,0.0,nan,nan,nan,nan,nan,nan,nan,nan,nan,nan,5600,-0.00042777704896135305,0.018757605459541082,1.5269550323486327,-0.0024864543229341507,0.0242931904271245,0.0242931904271245,0.06848913468420506,0.0014070206205366708,0.002006250014528632,0.5314421653747559,1.0,0.007490384615384616,0.0005075961538461538,2,0.75,0.75,0.0
175,563200,-834.7633285522461,-8.34763300895691,-834.7633285522461,-8.34763300895691,0.0,834.7633285522461,8.34763300895691,-2.7077102661132812,-0.027077064514161364,4.287485074996948,0.0,0.0,nan,nan,nan,nan,nan,nan,nan,nan,nan,nan,5632,-0.0006118564684729711,0.021891306154429913,1.539293897151947,-0.001173905236646533,0.027747469395399092,0.027747469395399092,0.0693967416882515,0.0009436352520429639,0.0020656250417232513,0.554662823677063,1.0,0.007475961538461539,0.0005064903846153846,2,0.75,0.75,0.0
176,566400,-826.1749591827393,-8.261749324798584,-826.1749591827393,-8.261749324798584,0.0,826.1749591827393,8.261749324798584,5.880659103393555,0.058806619644164115,4.204329781532287,0.0,0.0,nan,nan,nan,nan,nan,nan,nan,nan,nan,nan,5664,-0.0008564715412386903,0.01044102879241109,1.5369367003440857,-0.007103869272395968,0.03001415953040123,0.03001415953040123,0.04422377794981003,0.0015007369351230017,0.005312500102445483,0.7967387437820435,1.0,0.007461538461538461,0.0005053846153846154,2,0.75,0.75,0.0
177,569600,-801.4421625137329,-8.014421806335449,-801.4421625137329,-8.014421806335449,0.0,801.4421625137329,8.014421806335449,30.613455772399902,0.30613413810729995,3.908210859298706,0.0,0.0,nan,nan,nan,nan,nan,nan,nan,nan,nan,nan,5696,-0.0013007891988497278,0.020316939707845448,1.5454936504364014,-0.0026517893187701703,0.062162747234106065,0.062162747234106065,0.06233041994273662,0.0022182294938835633,0.014231250039301813,0.659139096736908,1.0,0.0074471153846153845,0.0005042788461538461,2,0.75,0.75,0.0
178,572800,-864.8470869064331,-8.648470792770386,-864.8470869064331,-8.648470792770386,0.0,864.8470869064331,8.648470792770386,-32.79146862030029,-0.3279148483276373,4.044268522262573,0.0,0.0,nan,nan,nan,nan,nan,nan,nan,nan,nan,nan,5728,-0.0004378784149885018,0.018439211789518593,1.5360916137695313,-0.0026355689857155084,0.027008817344903947,0.027008817344903947,0.06304698586463928,0.0015047562876139813,0.0025749999796971677,0.6786912679672241,1.0,0.007432692307692308,0.000503173076923077,2,0.75,0.75,0.0
179,576000,-768.8875226974487,-7.688875408172607,-768.8875226974487,-7.688875408172607,0.0,768.8875226974487,7.688875408172607,63.16809558868408,0.6316805362701414,4.044859004020691,0.0,0.0,nan,nan,nan,nan,nan,nan,nan,nan,nan,nan,5760,-0.0008378680221445833,0.014436573162674904,1.5220712184906007,-0.004910715576261282,0.03239345494657755,0.03239345494657755,0.0578239668160677,0.0014079030032013852,0.0027249999344348907,0.7383115291595459,1.0,0.007418269230769231,0.0005020673076923078,2,0.75,0.75,0.0
180,579200,-893.0067024230957,-8.930066785812379,-893.0067024230957,-8.930066785812379,0.0,893.0067024230957,8.930066785812379,-60.95108413696289,-0.6095108413696302,5.132323575019837,0.0,0.0,-584.3365614414215,-5.843365614414215,-584.3365614414215,-5.843365614414215,100.0,3.3591492235660554,0.0,0.0,584.3365614414215,-50.858054876327515,5792,-0.0004314645990684873,0.017228325735777615,1.5243046283721924,-0.003103018971160054,0.02702942304313183,0.02702942304313183,0.07178077064454555,0.0008333841822611044,0.0011125000193715096,0.6176774501800537,1.0,0.007403846153846154,0.0005009615384615384,2,0.75,0.75,0.0
181,582400,-753.0254144668579,-7.530254011154175,-753.0254144668579,-7.530254011154175,0.0,753.0254144668579,7.530254011154175,79.0302038192749,0.7903019332885739,3.536451888084412,0.0,0.0,nan,nan,nan,nan,nan,nan,nan,nan,nan,nan,5824,-0.001347665079310545,0.01268753819167614,1.525596511363983,-0.006277174036949873,0.050921198539435865,0.050921198539435865,0.05536729134619236,0.0025848589728418147,0.01823125025257468,0.7283689975738525,1.0,0.007389423076923076,0.0004998557692307693,2,0.75,0.75,0.0
182,585600,-913.800950050354,-9.138009309768677,-913.800950050354,-9.138009309768677,0.0,913.800950050354,9.138009309768677,-81.74533176422119,-0.8174533653259282,4.68713312625885,0.0,0.0,nan,nan,nan,nan,nan,nan,nan,nan,nan,nan,5856,-0.0009476532870206,0.02097807778045535,1.5160059094429017,-0.0016391579527407884,0.032132724300026894,0.032132724300026894,0.0700349599123001,0.0021919899743813383,0.009006250160746276,0.5442601442337036,1.0,0.007375,0.00049875,2,0.75,0.75,0.0
183,588800,-792.2526292800903,-7.92252634048462,-792.2526292800903,-7.92252634048462,0.0,792.2526292800903,7.92252634048462,39.80298900604248,0.39802960395812903,3.9351864409446717,0.0,0.0,nan,nan,nan,nan,nan,nan,nan,nan,nan,nan,5888,-0.0004657422370426545,0.01203341786749661,1.503358256816864,-0.005514617683365941,0.031886535510420796,0.031886535510420796,0.05772601775825024,0.0005572287040201948,0.00045312501024454834,0.7340716123580933,1.0,0.007360576923076923,0.0004976442307692308,2,0.75,0.75,0.0
184,592000,-823.2268381118774,-8.232268333435059,-823.2268381118774,-8.232268333435059,0.0,823.2268381118774,8.232268333435059,8.828780174255371,0.08828761100769,3.8953181147575378,0.0,0.0,nan,nan,nan,nan,nan,nan,nan,nan,nan,nan,5920,-0.0005443555591240657,0.020065804198384284,1.518758475780487,-0.0016684865579009057,0.031988144479691984,0.031988144479691984,0.06962542608380318,0.0009245929679315739,0.0005156249972060323,0.6453368663787842,1.0,0.007346153846153846,0.0004965384615384616,2,0.75,0.75,0.0
185,595200,-802.191840171814,-8.021918325424194,-802.191840171814,-8.021918325424194,0.0,802.191840171814,8.021918325424194,29.863778114318848,0.2986376190185549,3.63155237197876,0.0,0.0,nan,nan,nan,nan,nan,nan,nan,nan,nan,nan,5952,-0.0005927728037350199,0.010854189004749059,1.5249039292335511,-0.00634586326777935,0.02861576061695814,0.02861576061695814,0.05344704985618591,0.0011314778366801692,0.0018343750154599548,0.6979223489761353,1.0,0.007331730769230769,0.0004954326923076924,2,0.75,0.75,0.0
186,598400,-823.434045791626,-8.234340324401856,-823.434045791626,-8.234340324401856,0.0,823.434045791626,8.234340324401856,8.621572494506836,0.08621562004089256,3.672681887149811,0.0,0.0,nan,nan,nan,nan,nan,nan,nan,nan,nan,nan,5984,-0.0007212415247777271,0.016812664549797775,1.5173752307891846,-0.0034180107060819863,0.030970820039510728,0.030970820039510728,0.05431374907493591,0.0010145312486208344,0.0004968749824911356,0.7364606857299805,1.0,0.007317307692307692,0.0004943269230769231,2,0.75,0.75,0.0
187,601600,-804.7473793029785,-8.047473592758179,-804.7473793029785,-8.047473592758179,0.0,804.7473793029785,8.047473592758179,27.308238983154297,0.27308235168456996,3.302708292007446,0.0,0.0,nan,nan,nan,nan,nan,nan,nan,nan,nan,nan,6016,-0.0009665191035251652,0.022196499072015284,1.5189879059791564,-0.0009612628724426031,0.044498417899012564,0.044498417899012564,0.06827964037656784,0.001607087149023486,0.010921874828636647,0.35502421855926514,1.0,0.007302884615384616,0.0004932211538461539,2,0.75,0.75,0.0
188,604800,-799.421462059021,-7.9942145252227785,-799.421462059021,-7.9942145252227785,0.0,799.421462059021,7.9942145252227785,32.634156227111816,0.32634141921997006,4.418806948661804,0.0,0.0,nan,nan,nan,nan,nan,nan,nan,nan,nan,nan,6048,-0.001369728289265204,0.012842690385878087,1.5125414967536925,-0.0059724836610257626,0.0453755222260952,0.0453755222260952,0.06021217815577984,0.0021069197668118385,0.012421874806750565,0.7427734136581421,1.0,0.007288461538461539,0.0004921153846153847,2,0.75,0.75,0.0
189,608000,-821.2694330215454,-8.212694549560547,-821.2694330215454,-8.212694549560547,0.0,821.2694330215454,8.212694549560547,10.786185264587402,0.10786139488220137,4.556919827461242,0.0,0.0,nan,nan,nan,nan,nan,nan,nan,nan,nan,nan,6080,-0.0007018206777225533,0.01873357780277729,1.5140170097351073,-0.0023480500560253857,0.02860253807157278,0.02860253807157278,0.06430393271148205,0.0011282943065459236,0.0012156249897088856,0.633603036403656,1.0,0.007274038461538462,0.0004910096153846154,2,0.75,0.75,0.0
190,611200,-830.304856300354,-8.303048515319825,-830.304856300354,-8.303048515319825,0.0,830.304856300354,8.303048515319825,1.7507619857788086,0.017507429122924023,4.687775964736939,0.0,0.0,nan,nan,nan,nan,nan,nan,nan,nan,nan,nan,6112,-0.0005716671394882633,0.013371062092483043,1.5077824354171754,-0.0048320563044399025,0.02454812005162239,0.02454812005162239,0.059574295207858084,0.001047350302906748,0.0024343749857507644,0.6191434860229492,1.0,0.007259615384615385,0.0004899038461538462,2,0.75,0.75,0.0
191,614400,-815.0611982345581,-8.150612335205079,-815.0611982345581,-8.150612335205079,0.0,815.0611982345581,8.150612335205079,16.994420051574707,0.16994360923767005,3.9856818079948426,0.0,0.0,nan,nan,nan,nan,nan,nan,nan,nan,nan,nan,6144,-0.0007445714030705847,0.022090208251029253,1.5052491426467896,-0.0006052867043763399,0.033854064717888835,0.033854064717888835,0.07060005404055118,0.0007967323954296112,0.0026781250606290998,0.575798511505127,1.0,0.0072451923076923075,0.0004887980769230769,2,0.75,0.75,0.0
192,617600,-795.4534759521484,-7.954534707069397,-795.4534759521484,-7.954534707069397,0.0,795.4534759521484,7.954534707069397,36.602142333984375,0.366021237373352,3.8375004076957704,0.0,0.0,nan,nan,nan,nan,nan,nan,nan,nan,nan,nan,6176,-0.0005219542432983726,0.013594254944473505,1.5058941125869751,-0.004613599879667163,0.02377503886818886,0.02377503886818886,0.05340309105813503,0.0014112701086566415,0.001309375005075708,0.7748686075210571,1.0,0.00723076923076923,0.0004876923076923077,2,0.75,0.75,0.0
193,620800,-856.6315269470215,-8.566315307617188,-856.6315269470215,-8.566315307617188,0.0,856.6315269470215,8.566315307617188,-24.575908660888672,-0.24575936317443947,4.309404039382935,0.0,0.0,nan,nan,nan,nan,nan,nan,nan,nan,nan,nan,6208,-0.0007876406629598875,0.02339384760707617,1.5052022457122802,4.722303710877895e-05,0.03082247581332922,0.03082247581332922,0.07256589159369468,0.0010648389485147017,0.003881249949336052,0.27820515632629395,1.0,0.007216346153846153,0.0004865865384615385,2,0.75,0.75,0.0
194,624000,-861.117317199707,-8.611172962188721,-861.117317199707,-8.611172962188721,0.0,861.117317199707,8.611172962188721,-29.06169891357422,-0.2906170177459728,4.455719585418701,0.0,0.0,nan,nan,nan,nan,nan,nan,nan,nan,nan,nan,6240,-0.0005783673687211888,0.014068233501166105,1.4994071125984192,-0.004342865291982889,0.02666073702275753,0.02666073702275753,0.05957916639745235,0.0009455796560366274,0.00012187500251457096,0.596184492111206,1.0,0.007201923076923076,0.0004854807692307692,2,0.75,0.75,0.0
195,627200,-840.3431806564331,-8.403431787490845,-840.3431806564331,-8.403431787490845,0.0,840.3431806564331,8.403431787490845,-8.287562370300293,-0.0828758430480967,3.892101774215698,0.0,0.0,nan,nan,nan,nan,nan,nan,nan,nan,nan,nan,6272,-0.0008992240898835213,0.017959083337336777,1.490636956691742,-0.0026336357463151217,0.03871931545436382,0.03871931545436382,0.06201172769069672,0.001150847056124548,0.002915625087916851,0.5844507217407227,1.0,0.0071874999999999994,0.000484375,2,0.75,0.75,0.0
196,630400,-799.9822511672974,-7.999822683334351,-799.9822511672974,-7.999822683334351,0.0,799.9822511672974,7.999822683334351,32.07336711883545,0.3207332611083977,3.5487137460708618,0.0,0.0,nan,nan,nan,nan,nan,nan,nan,nan,nan,nan,6304,-0.0008421825669866045,0.01425489829853177,1.4882767796516418,-0.004390256851911545,0.04044445417821407,0.04044445417821407,0.05717930793762207,0.0010150331610936571,0.0038687500229571013,0.7378408908843994,1.0,0.007173076923076923,0.0004832692307692308,2,0.75,0.75,0.0
197,633600,-886.3410720825195,-8.86341058731079,-886.3410720825195,-8.86341058731079,0.0,886.3410720825195,8.86341058731079,-54.28545379638672,-0.5428546428680416,4.93895845413208,0.0,0.0,nan,nan,nan,nan,nan,nan,nan,nan,nan,nan,6336,-0.0005419725547980647,0.019935364089906215,1.4688162088394165,-0.0010890373960137367,0.02433419544249773,0.02433419544249773,0.06400442682206631,0.0010805954807444856,0.0002562500012572855,0.5021668672561646,1.0,0.007158653846153846,0.00048216346153846155,2,0.75,0.75,0.0
198,636800,-855.3851633071899,-8.553851585388184,-855.3851633071899,-8.553851585388184,0.0,855.3851633071899,8.553851585388184,-23.32954502105713,-0.23329564094543542,4.754092574119568,0.0,0.0,nan,nan,nan,nan,nan,nan,nan,nan,nan,nan,6368,-0.0008420135993208788,0.03197027761489153,1.4443455815315247,0.0048243868164718155,0.04082570821046829,0.04082570821046829,0.08840129896998405,0.0009942596207118517,0.0010718749952502548,0.43586987257003784,1.0,0.007144230769230769,0.0004810576923076923,2,0.75,0.75,0.0
199,640000,-804.4533395767212,-8.044533224105836,-804.4533395767212,-8.044533224105836,0.0,804.4533395767212,8.044533224105836,27.60227870941162,0.276022720336913,4.049581377506256,0.0,0.0,nan,nan,nan,nan,nan,nan,nan,nan,nan,nan,6400,-0.000817643602355389,0.014892967324703932,1.4677294492721558,-0.003835788369178772,0.034297334402799605,0.034297334402799605,0.05370740033686161,0.0019164112891310744,0.008553124824538827,0.6151160001754761,1.0,0.007129807692307692,0.0004799519230769231,2,0.75,0.75,0.0
200,643200,-866.3305473327637,-8.663305406570435,-866.3305473327637,-8.663305406570435,0.0,866.3305473327637,8.663305406570435,-34.27492904663086,-0.34274946212768675,4.6529303073883055,0.0,0.0,-550.0136060714722,-5.500136060714722,-550.0136060714722,-5.500136060714722,100.0,3.329561208486557,0.0,0.0,550.0136060714722,-16.535099506378174,6432,-0.0002938093445088441,0.014031631126999854,1.4678417921066285,-0.003722252557054162,0.020213152281939983,0.020213152281939983,0.05297096781432629,0.0005605466649292697,0.00012812500353902577,0.7235320806503296,1.0,0.007115384615384615,0.0004788461538461538,2,0.75,0.75,0.0
201,646400,-793.8846387863159,-7.938846406936645,-793.8846387863159,-7.938846406936645,0.0,793.8846387863159,7.938846406936645,38.170979499816895,0.3817095375061035,3.4578251671791076,0.0,0.0,nan,nan,nan,nan,nan,nan,nan,nan,nan,nan,6464,-0.0008929070608049372,0.016543651930987835,1.4840505838394165,-0.0031592673156410457,0.02901226785033941,0.02901226785033941,0.052565228939056394,0.0008714089728535073,0.001581249973969534,0.6438367366790771,1.0,0.007100961538461539,0.0004777403846153846,2,0.75,0.75,0.0
202,649600,-774.3812465667725,-7.743812403678894,-774.3812465667725,-7.743812403678894,0.0,774.3812465667725,7.743812403678894,57.67437171936035,0.5767435407638546,4.077966260910034,0.0,0.0,nan,nan,nan,nan,nan,nan,nan,nan,nan,nan,6496,-0.0008650333719852022,0.01682803174480796,1.483830726146698,-0.0029662406537681817,0.03019734937697649,0.03019734937697649,0.06797588653862477,0.0016288827901014594,0.006906250101746991,0.537908673286438,1.0,0.007086538461538462,0.00047663461538461537,2,0.75,0.75,0.0
203,652800,-780.2673015594482,-7.802673130035401,-780.2673015594482,-7.802673130035401,0.0,780.2673015594482,7.802673130035401,51.78831672668457,0.517882814407348,4.058730592727661,0.0,0.0,nan,nan,nan,nan,nan,nan,nan,nan,nan,nan,6528,-0.0005396001850895172,0.013700208719819784,1.4698736906051635,-0.004084611823782325,0.03356245346367359,0.03356245346367359,0.05525861866772175,0.0005143677986787302,0.0,0.6541919112205505,1.0,0.007072115384615385,0.0004755288461538461,2,0.75,0.75,0.0
204,656000,-827.9620132446289,-8.279620323181152,-827.9620132446289,-8.279620323181152,0.0,827.9620132446289,8.279620323181152,4.093605041503906,0.04093562126159611,4.242419791221619,0.0,0.0,nan,nan,nan,nan,nan,nan,nan,nan,nan,nan,6560,-0.0008959108641953151,0.019497162010520697,1.4924700498580932,-0.0016807243693619967,0.05094534233212471,0.05094534233212471,0.059073527529835704,0.002072103712999512,0.01366874968225602,0.5447807908058167,1.0,0.007057692307692307,0.0004744230769230769,2,0.75,0.75,0.0
205,659200,-814.9739055633545,-8.149739227294923,-814.9739055633545,-8.149739227294923,0.0,814.9739055633545,8.149739227294923,17.08171272277832,0.17081671714782587,4.113095712661743,0.0,0.0,nan,nan,nan,nan,nan,nan,nan,nan,nan,nan,6592,-0.0004962497944579703,0.01806600270792842,1.4987611532211305,-0.002019426831975579,0.03551593199372292,0.03551593199372292,0.06554779410362244,0.0010143367548159493,0.000681250006891787,0.6473171710968018,1.0,0.0070432692307692306,0.00047331730769230773,2,0.75,0.75,0.0
206,662400,-792.2233324050903,-7.922233462333679,-792.2233324050903,-7.922233462333679,0.0,792.2233324050903,7.922233462333679,39.83228588104248,0.3983224821090694,3.876373097896576,0.0,0.0,nan,nan,nan,nan,nan,nan,nan,nan,nan,nan,6624,-0.0007027346741057983,0.0182556951418519,1.5179684281349182,-0.002244453690946102,0.04027010276913643,0.04027010276913643,0.06575478799641132,0.001475456088156275,0.005509375024121255,0.4949644207954407,1.0,0.007028846153846154,0.0004722115384615385,2,0.75,0.75,0.0
207,665600,-799.2088375091553,-7.9920880365371705,-799.2088375091553,-7.9920880365371705,0.0,799.2088375091553,7.9920880365371705,32.84678077697754,0.3284679079055781,4.043838560581207,0.0,0.0,nan,nan,nan,nan,nan,nan,nan,nan,nan,nan,6656,-0.001035015284991836,0.01665817080065608,1.5146318912506103,-0.0033301989547908305,0.05410933680832386,0.05410933680832386,0.065238743647933,0.0018839723314165023,0.014874999679159373,0.19565898180007935,1.0,0.007014423076923077,0.00047110576923076923,2,0.75,0.75,0.0
208,668800,-806.3308038711548,-8.063307828903199,-806.3308038711548,-8.063307828903199,0.0,806.3308038711548,8.063307828903199,25.724814414978027,0.25724811553955007,3.498437910079956,0.0,0.0,nan,nan,nan,nan,nan,nan,nan,nan,nan,nan,6688,-0.0005852634767230302,0.01913052937015891,1.5118160009384156,-0.0016027110163122416,0.029193301871418952,0.029193301871418952,0.06102105900645256,0.0007047445567884233,0.0,0.3496130108833313,1.0,0.007,0.00047000000000000004,2,0.75,0.75,0.0
209,672000,-766.1055517196655,-7.661055736541748,-766.1055517196655,-7.661055736541748,0.0,766.1055517196655,7.661055736541748,65.95006656646729,0.6595002079010008,4.156908144950867,0.0,0.0,nan,nan,nan,nan,nan,nan,nan,nan,nan,nan,6720,-0.0007503525658918875,0.0163722881115973,1.5020108938217163,-0.00305662089958787,0.03089377172291279,0.03089377172291279,0.05621027834713459,0.0010983816249797427,0.002331250044517219,0.6514593362808228,1.0,0.006985576923076923,0.0004688942307692308,2,0.75,0.75,0.0
210,675200,-809.7621755599976,-8.097621850967407,-809.7621755599976,-8.097621850967407,0.0,809.7621755599976,8.097621850967407,22.293442726135254,0.22293409347534165,3.9919843316078185,0.0,0.0,nan,nan,nan,nan,nan,nan,nan,nan,nan,nan,6752,-0.0011023740245378554,0.016546097490936516,1.5034402132034301,-0.003310038335621357,0.04057168401777744,0.04057168401777744,0.052060628309845924,0.0015439535367483873,0.0068374997936189175,0.5704902410507202,1.0,0.006971153846153846,0.00046778846153846154,2,0.75,0.75,0.0
211,678400,-811.7340965270996,-8.117340998649597,-811.7340965270996,-8.117340998649597,0.0,811.7340965270996,8.117340998649597,20.321521759033203,0.20321494579315136,4.091765358448028,0.0,0.0,nan,nan,nan,nan,nan,nan,nan,nan,nan,nan,6784,-0.0008044468160485873,0.017231643944978715,1.4987892627716064,-0.002615298330783844,0.02356683574616909,0.02356683574616909,0.061780208721756935,0.0013632423291717178,0.0007406249816995115,0.45206207036972046,1.0,0.006956730769230769,0.0004666826923076923,2,0.75,0.75,0.0
212,681600,-761.0870447158813,-7.610870599746704,-761.0870447158813,-7.610870599746704,0.0,761.0870447158813,7.610870599746704,70.96857357025146,0.7096853446960445,3.3919329690933226,0.0,0.0,nan,nan,nan,nan,nan,nan,nan,nan,nan,nan,6816,-0.0007329729690100706,0.01705169314518571,1.484559679031372,-0.0025133963674306868,0.029858718626201153,0.029858718626201153,0.06462943255901336,0.0012228992462048611,0.0014781250327359885,0.3077855706214905,1.0,0.006942307692307692,0.00046557692307692305,2,0.75,0.75,0.0
213,684800,-764.8861494064331,-7.648861856460571,-764.8861494064331,-7.648861856460571,0.0,764.8861494064331,7.648861856460571,67.1694688796997,0.6716940879821776,3.9661613440513612,0.0,0.0,nan,nan,nan,nan,nan,nan,nan,nan,nan,nan,6848,-0.0008052707492257838,0.015313462261110545,1.4591318488121032,-0.0032572366297245027,0.02512965854257345,0.02512965854257345,0.0502017579972744,0.0011288858499035785,0.0003874999936670065,0.514986515045166,1.0,0.006927884615384615,0.00046447115384615385,2,0.75,0.75,0.0
214,688000,-813.1230964660645,-8.131230850219726,-813.1230964660645,-8.131230850219726,0.0,813.1230964660645,8.131230850219726,18.93252182006836,0.18932509422302246,3.642416033744812,0.0,0.0,nan,nan,nan,nan,nan,nan,nan,nan,nan,nan,6880,-0.0007398895922145598,0.016117471363395454,1.4495641827583312,-0.0027026601135730745,0.033772826008498666,0.033772826008498666,0.05331213735044003,0.001290072065604214,0.004109375010011717,0.4873253107070923,1.0,0.0069134615384615385,0.0004633653846153846,2,0.75,0.75,0.0
215,691200,-782.5251331329346,-7.825251350402832,-782.5251331329346,-7.825251350402832,0.0,782.5251331329346,7.825251350402832,49.53048515319824,0.4953045940399168,3.8848047161102297,0.0,0.0,nan,nan,nan,nan,nan,nan,nan,nan,nan,nan,6912,-0.0009689574235584253,0.022159886360168458,1.469005000591278,-2.3736106231808663e-05,0.05993708148598671,0.05993708148598671,0.06462611518800258,0.0024548498171505484,0.014274999918416142,0.43828439712524414,1.0,0.006899038461538462,0.00046225961538461536,2,0.75,0.75,0.0
216,694400,-770.7240629196167,-7.707240719795227,-770.7240629196167,-7.707240719795227,0.0,770.7240629196167,7.707240719795227,61.33155536651611,0.613315224647522,4.0197392630577085,0.0,0.0,nan,nan,nan,nan,nan,nan,nan,nan,nan,nan,6944,-0.0009192250894905385,0.01639533890411258,1.4644368171691895,-0.0028036399744451046,0.04177028201520443,0.04177028201520443,0.058386442437767985,0.001910315785063009,0.009718749986495823,0.49626046419143677,1.0,0.006884615384615385,0.00046115384615384616,2,0.75,0.75,0.0
217,697600,-826.7590579986572,-8.2675901222229,-826.7590579986572,-8.2675901222229,0.0,826.7590579986572,8.2675901222229,5.296560287475586,0.052965822219848135,3.7827037739753724,0.0,0.0,nan,nan,nan,nan,nan,nan,nan,nan,nan,nan,6976,-0.0006553282084031054,0.02078851768746972,1.4680529236793518,-0.0003468755166977644,0.04177138619124889,0.04177138619124889,0.06233349591493607,0.0015561468477251943,0.006068750022677705,0.4122960567474365,1.0,0.006870192307692308,0.00046004807692307697,2,0.75,0.75,0.0
218,700800,-781.7925539016724,-7.817925682067871,-781.7925539016724,-7.817925682067871,0.0,781.7925539016724,7.817925682067871,50.26306438446045,0.5026302623748773,3.906505365371704,0.0,0.0,nan,nan,nan,nan,nan,nan,nan,nan,nan,nan,7008,-0.0005070096746770502,0.013190025556832552,1.475815999507904,-0.004029850708320737,0.027398467622697355,0.027398467622697355,0.04751651287078858,0.0006744884056395577,7.812500116415322e-05,0.4487057328224182,1.0,0.006855769230769231,0.0004589423076923077,2,0.75,0.75,0.0
219,704000,-767.1593980789185,-7.671594152450561,-767.1593980789185,-7.671594152450561,0.0,767.1593980789185,7.671594152450561,64.89622020721436,0.6489617919921873,3.7047170925140382,0.0,0.0,nan,nan,nan,nan,nan,nan,nan,nan,nan,nan,7040,-0.0008583744976960794,0.00789475692436099,1.4685511708259582,-0.006957862945273519,0.039839180558919905,0.039839180558919905,0.03721343353390694,0.001507299890727872,0.0050093750702217225,0.7184288501739502,1.0,0.0068413461538461545,0.00045783653846153847,2,0.75,0.75,0.0
220,707200,-824.9795150756836,-8.249795246124268,-824.9795150756836,-8.249795246124268,0.0,824.9795150756836,8.249795246124268,7.076103210449219,0.07076069831848031,4.6097321033477785,0.0,0.0,-554.9991495609283,-5.549991495609284,-554.9991495609283,-5.549991495609284,100.0,3.8406910955905915,0.0,0.0,554.9991495609283,-21.52064299583435,7072,-0.00047393430107040555,0.023233453370630743,1.4617380142211913,0.001163619151338935,0.023801480792462824,0.023801480792462824,0.06462890841066837,0.0009125901782688906,0.0005374999949708581,0.4955328106880188,1.0,0.006826923076923076,0.0004567307692307692,2,0.75,0.75,0.0
221,710400,-883.6930732727051,-8.836930675506592,-883.6930732727051,-8.836930675506592,0.0,883.6930732727051,8.836930675506592,-51.637454986572266,-0.5163747310638431,4.344452681541443,0.0,0.0,nan,nan,nan,nan,nan,nan,nan,nan,nan,nan,7104,-0.001062020347616599,0.026322375796735287,1.440711462497711,0.002284321002662182,0.036356302350759505,0.036356302350759505,0.0644722644239664,0.001669810874228319,0.003475000069011003,0.351795494556427,1.0,0.006812499999999999,0.000455625,2,0.75,0.75,0.0
222,713600,-840.58229637146,-8.405822868347167,-840.58229637146,-8.405822868347167,0.0,840.58229637146,8.405822868347167,-8.526678085327148,-0.08526692390441859,4.981523060798645,0.0,0.0,nan,nan,nan,nan,nan,nan,nan,nan,nan,nan,7136,-0.0005416808298614129,0.031226212345063686,1.423384702205658,0.005395147018134594,0.024216823652386664,0.024216823652386664,0.0704189509153366,0.0005785788442161715,0.0,0.36250603199005127,1.0,0.006798076923076922,0.0004545192307692308,2,0.75,0.75,0.0
223,716800,-835.6397886276245,-8.356397647857666,-835.6397886276245,-8.356397647857666,0.0,835.6397886276245,8.356397647857666,-3.584170341491699,-0.03584170341491699,4.3479015827178955,0.0,0.0,nan,nan,nan,nan,nan,nan,nan,nan,nan,nan,7168,-0.0003810291287486223,0.027526713721454144,1.4335935235023498,0.00365732554346323,0.023927626200020313,0.023927626200020313,0.06664752140641213,0.0006185208698305936,0.00036874999350402506,0.5057597756385803,1.0,0.0067836538461538455,0.00045341346153846153,2,0.75,0.75,0.0
224,720000,-824.6886749267578,-8.24688687324524,-824.6886749267578,-8.24688687324524,0.0,824.6886749267578,8.24688687324524,7.366943359375,0.07366907119750898,3.761121368408203,0.0,0.0,nan,nan,nan,nan,nan,nan,nan,nan,nan,nan,7200,-0.0003925420696592852,0.03569961450994015,1.4362259030342102,0.007735120970755816,0.029736491106450557,0.029736491106450557,0.06469481401145458,0.0005850151446801224,0.000371874995471444,0.28548675775527954,1.0,0.006769230769230769,0.0004523076923076923,2,0.75,0.75,0.0
225,723200,-811.6417951583862,-8.11641821861267,-811.6417951583862,-8.11641821861267,0.0,811.6417951583862,8.11641821861267,20.413823127746582,0.20413772583007805,3.985148317813873,0.0,0.0,nan,nan,nan,nan,nan,nan,nan,nan,nan,nan,7232,-0.0008609799283847864,0.01924938363954425,1.4322091460227966,-0.0009105854202061892,0.029033923521637917,0.029033923521637917,0.056962928548455236,0.001272871930633191,0.0020156249636784198,0.580523669719696,1.0,0.006754807692307692,0.0004512019230769231,2,0.75,0.75,0.0
226,726400,-808.8610410690308,-8.088610577583314,-808.8610410690308,-8.088610577583314,0.0,808.8610410690308,8.088610577583314,23.19457721710205,0.2319453668594349,3.7593371057510376,0.0,0.0,nan,nan,nan,nan,nan,nan,nan,nan,nan,nan,7264,-0.0010774296795134752,0.0176417944021523,1.4404657244682313,-0.0019658255856484174,0.04250061064958573,0.04250061064958573,0.05548904724419117,0.0016923879884424397,0.006087499868590385,0.31825995445251465,1.0,0.006740384615384615,0.00045009615384615384,2,0.75,0.75,0.0
227,729600,-790.4057006835938,-7.904056692123413,-790.4057006835938,-7.904056692123413,0.0,790.4057006835938,7.904056692123413,41.64991760253906,0.41649925231933516,3.5253282451629637,0.0,0.0,nan,nan,nan,nan,nan,nan,nan,nan,nan,nan,7296,-0.0008552653008257139,0.014104987122118473,1.4281937956809998,-0.0034087480511516333,0.03450501896440983,0.03450501896440983,0.04913444444537163,0.0014885625481846076,0.005224999878555537,0.580641508102417,1.0,0.006725961538461538,0.00044899038461538465,2,0.75,0.75,0.0
228,732800,-803.9393072128296,-8.039392938613892,-803.9393072128296,-8.039392938613892,0.0,803.9393072128296,8.039392938613892,28.116311073303223,0.2811630058288568,3.8166587066650393,0.0,0.0,nan,nan,nan,nan,nan,nan,nan,nan,nan,nan,7328,-0.0013678980333846624,0.009787558391690255,1.411076843738556,-0.005944615229964256,0.036793530359864234,0.036793530359864234,0.04454683810472489,0.0017983978621495204,0.0048906250391155485,0.6447054147720337,1.0,0.0067115384615384615,0.0004478846153846154,2,0.75,0.75,0.0
229,736000,-809.6869783401489,-8.096869649887084,-809.6869783401489,-8.096869649887084,0.0,809.6869783401489,8.096869649887084,22.368639945983887,0.22368629455566413,4.406044330596924,0.0,0.0,nan,nan,nan,nan,nan,nan,nan,nan,nan,nan,7360,-0.00031888084442035505,0.02129277363419533,1.3996715426445008,0.0009537438862025737,0.02587485034018755,0.02587485034018755,0.0579413965344429,0.000987835200067772,1.5624999650754035e-05,0.5417511463165283,1.0,0.006697115384615385,0.00044677884615384615,2,0.75,0.75,0.0
230,739200,-874.6225633621216,-8.746225109100342,-874.6225633621216,-8.746225109100342,0.0,874.6225633621216,8.746225109100342,-42.56694507598877,-0.4256691646575934,4.582881631851197,0.0,0.0,nan,nan,nan,nan,nan,nan,nan,nan,nan,nan,7392,-0.0009031317918444693,0.023049143515527247,1.4057692766189576,0.0012271167244762183,0.035231489688158035,0.035231489688158035,0.07833926491439343,0.0016844224555833845,0.009753124722919893,0.5571883320808411,1.0,0.006682692307692308,0.0004456730769230769,2,0.75,0.75,0.0
231,742400,-899.2909564971924,-8.992909450531005,-899.2909564971924,-8.992909450531005,0.0,899.2909564971924,8.992909450531005,-67.23533821105957,-0.6723535060882568,4.7884043073654174,0.0,0.0,nan,nan,nan,nan,nan,nan,nan,nan,nan,nan,7424,-0.0009172633321853141,0.021666475385427476,1.4191396713256836,0.0004527689889073372,0.03127015940845013,0.03127015940845013,0.06402577050030231,0.00112827784178162,0.00614062484819442,0.5222387313842773,1.0,0.00666826923076923,0.0004445673076923077,2,0.75,0.75,0.0
232,745600,-786.8188695907593,-7.868188648223877,-786.8188695907593,-7.868188648223877,0.0,786.8188695907593,7.868188648223877,45.236748695373535,0.4523672962188714,3.8364904880523683,0.0,0.0,nan,nan,nan,nan,nan,nan,nan,nan,nan,nan,7456,-0.0009781665969523345,0.019871114287525415,1.4281308889389037,-0.0005451728589832783,0.047635717876255514,0.047635717876255514,0.05908319018781185,0.0027227719692754374,0.02455625054135453,0.470880925655365,1.0,0.006653846153846153,0.00044346153846153846,2,0.75,0.75,0.0
233,748800,-836.4582529067993,-8.364582843780518,-836.4582529067993,-8.364582843780518,0.0,836.4582529067993,8.364582843780518,-4.402634620666504,-0.044026899337769265,4.2064105939865115,0.0,0.0,nan,nan,nan,nan,nan,nan,nan,nan,nan,nan,7488,-0.0006394323575077632,0.015026099048554897,1.4345945715904236,-0.0026512627955526114,0.029745588824152947,0.029745588824152947,0.049354924634099004,0.0011166745942326867,0.0030031249858438968,0.7074800133705139,1.0,0.006639423076923077,0.0004423557692307692,2,0.75,0.75,0.0
234,752000,-829.3624801635742,-8.293624877929688,-829.3624801635742,-8.293624877929688,0.0,829.3624801635742,8.293624877929688,2.6931381225585938,0.026931066513061097,4.300139350891113,0.0,0.0,nan,nan,nan,nan,nan,nan,nan,nan,nan,nan,7520,-0.0007612180185621042,0.018714557867497206,1.428783929347992,-0.0008696326520293951,0.032702050358057025,0.032702050358057025,0.06130795329809189,0.0007689112420857091,0.0012500000128056854,0.6527565717697144,1.0,0.006625,0.00044125,2,0.75,0.75,0.0
235,755200,-816.8487167358398,-8.168486967086793,-816.8487167358398,-8.168486967086793,0.0,816.8487167358398,8.168486967086793,15.206901550292969,0.15206897735595604,4.26015832901001,0.0,0.0,nan,nan,nan,nan,nan,nan,nan,nan,nan,nan,7552,-0.0003922771464094588,0.011603314615786075,1.4408068180084228,-0.00411518425680697,0.0260081447660923,0.0260081447660923,0.05055295042693615,0.0009960671923189483,0.0019124999816995114,0.6921623945236206,1.0,0.006610576923076923,0.00044014423076923077,2,0.75,0.75,0.0
236,758400,-893.2459669113159,-8.932459678649902,-893.2459669113159,-8.932459678649902,0.0,893.2459669113159,8.932459678649902,-61.190348625183105,-0.6119037342071536,4.42167332649231,0.0,0.0,nan,nan,nan,nan,nan,nan,nan,nan,nan,nan,7584,-0.0008088880561409439,0.030567851290106772,1.4544606685638428,0.004881190974265337,0.03495659548789263,0.03495659548789263,0.07422931529581547,0.0015423476022996437,0.007224999938625842,0.23360759019851685,1.0,0.006596153846153846,0.0004390384615384616,2,0.75,0.75,0.0
237,761600,-847.9665660858154,-8.47966558456421,-847.9665660858154,-8.47966558456421,0.0,847.9665660858154,8.47966558456421,-15.910947799682617,-0.15910964012146067,4.324526743888855,0.0,0.0,nan,nan,nan,nan,nan,nan,nan,nan,nan,nan,7616,-0.0008878499823506081,0.01727107325568795,1.4575655937194825,-0.0018456174992024898,0.04134283997118473,0.04134283997118473,0.05953920483589172,0.0014757494856902375,0.006425000078161247,0.6144401431083679,1.0,0.006581730769230769,0.00043793269230769233,2,0.75,0.75,0.0
238,764800,-831.3318901062012,-8.313318977355957,-831.3318901062012,-8.313318977355957,0.0,831.3318901062012,8.313318977355957,0.7237281799316406,0.007236967086791779,4.845124974250793,0.0,0.0,nan,nan,nan,nan,nan,nan,nan,nan,nan,nan,7648,-0.0011047239135637988,0.01839963849633932,1.4598422169685363,-0.001492137834429741,0.044471122324466705,0.044471122324466705,0.05803821906447411,0.0010781603850781897,0.004343750074622221,0.5211600065231323,1.0,0.006567307692307692,0.0004368269230769231,2,0.75,0.75,0.0
239,768000,-846.3049478530884,-8.4630491065979,-846.3049478530884,-8.4630491065979,0.0,846.3049478530884,8.4630491065979,-14.249329566955566,-0.1424931621551515,4.1579730558395385,0.0,0.0,nan,nan,nan,nan,nan,nan,nan,nan,nan,nan,7680,-0.0003807245505308643,0.017935799434781075,1.4822805285453797,-0.00112603846937418,0.032750902324914934,0.032750902324914934,0.06185654029250145,0.000910963746719836,0.0029218750074505805,0.5094714164733887,1.0,0.006552884615384615,0.00043572115384615383,2,0.75,0.75,0.0
240,771200,-843.7757053375244,-8.437756786346435,-843.7757053375244,-8.437756786346435,0.0,843.7757053375244,8.437756786346435,-11.720087051391602,-0.11720084190368674,4.31577757358551,0.0,0.0,-736.9357922077179,-7.369357922077179,-736.9357922077179,-7.369357922077179,100.0,5.210246765613556,0.0,0.0,736.9357922077179,-203.4572856426239,7712,-0.0003993322350186901,0.015246419236063957,1.4818051338195801,-0.002464848291128874,0.024894061870872973,0.024894061870872973,0.05514918677508831,0.0005900581640169983,6.250000296859071e-06,0.6516844034194946,1.0,0.006538461538461538,0.0004346153846153846,2,0.75,0.75,0.0
241,774400,-873.8914012908936,-8.738913850784302,-873.8914012908936,-8.738913850784302,0.0,873.8914012908936,8.738913850784302,-41.83578300476074,-0.41835790634155323,4.380754528045654,0.0,0.0,nan,nan,nan,nan,nan,nan,nan,nan,nan,nan,7744,-0.0009463085328635934,0.014108487498015165,1.5017091393470765,-0.003689273027703166,0.03169172927737236,0.03169172927737236,0.0534282248467207,0.0011103929397002468,0.0011218749918043614,0.6921075582504272,1.0,0.006524038461538461,0.0004335096153846154,2,0.75,0.75,0.0
242,777600,-794.6239948272705,-7.946239948272705,-794.6239948272705,-7.946239948272705,0.0,794.6239948272705,7.946239948272705,37.431623458862305,0.3743159961700435,3.874901468753815,0.0,0.0,nan,nan,nan,nan,nan,nan,nan,nan,nan,nan,7776,-0.0006829487001348778,0.01409302670508623,1.4976988673210143,-0.0033858793321996927,0.02719508148729801,0.02719508148729801,0.04967551380395889,0.0011919751446846816,0.001428125024176552,0.6978245973587036,1.0,0.0065096153846153845,0.00043240384615384614,2,0.75,0.75,0.0
243,780800,-817.251350402832,-8.172513799667358,-817.251350402832,-8.172513799667358,0.0,817.251350402832,8.172513799667358,14.804267883300781,0.14804214477539013,4.224202485084533,0.0,0.0,nan,nan,nan,nan,nan,nan,nan,nan,nan,nan,7808,-0.001022481347713633,0.015539362654089927,1.4959012150764466,-0.002968966029584408,0.032486701011657716,0.032486701011657716,0.05345757231116295,0.0016461705992703757,0.003781250078100129,0.5957019329071045,1.0,0.006495192307692308,0.00043129807692307695,2,0.75,0.75,0.0
244,784000,-880.7195339202881,-8.807195119857788,-880.7195339202881,-8.807195119857788,0.0,880.7195339202881,8.807195119857788,-48.66391563415527,-0.4866391754150392,4.934971942901611,0.0,0.0,nan,nan,nan,nan,nan,nan,nan,nan,nan,nan,7840,-0.0005311618773179317,0.0292092502117157,1.5020115852355957,0.00433927308768034,0.030337009578943253,0.030337009578943253,0.08406309708952904,0.0007457332758356504,0.000662500027101487,0.40336716175079346,1.0,0.006480769230769231,0.0004301923076923077,2,0.75,0.75,0.0
245,787200,-908.9031572341919,-9.089031524658203,-908.9031572341919,-9.089031524658203,0.0,908.9031572341919,9.089031524658203,-76.84753894805908,-0.7684755802154548,4.919188666343689,0.0,0.0,nan,nan,nan,nan,nan,nan,nan,nan,nan,nan,7872,-0.0005793247434979776,0.025037931092083455,1.4760224223136902,0.0023951686918735502,0.03348699882626534,0.03348699882626534,0.07572604008018971,0.0006126886408317784,4.3750001350417736e-05,0.5423070192337036,1.0,0.006466346153846154,0.00042908653846153845,2,0.75,0.75,0.0
246,790400,-847.6543455123901,-8.476543140411376,-847.6543455123901,-8.476543140411376,0.0,847.6543455123901,8.476543140411376,-15.598727226257324,-0.15598719596862765,3.9883333802223206,0.0,0.0,nan,nan,nan,nan,nan,nan,nan,nan,nan,nan,7904,-0.0006303625463682571,0.02720387987792492,1.4753687262535096,0.0034526120871305466,0.027184045501053335,0.027184045501053335,0.07836446426808834,0.0010274001644582445,0.0009625000297091901,0.49987053871154785,1.0,0.006451923076923077,0.00042798076923076926,2,0.75,0.75,0.0
247,793600,-752.0684947967529,-7.52068519115448,-752.0684947967529,-7.52068519115448,0.0,752.0684947967529,7.52068519115448,79.98712348937988,0.7998707532882685,3.564768960475922,0.0,0.0,nan,nan,nan,nan,nan,nan,nan,nan,nan,nan,7936,-0.0010923397044884098,0.019404510874301194,1.4616098284721375,-0.0007991976104676724,0.04532906971871853,0.04532906971871853,0.06713860966265202,0.0015204772942532315,0.0022468750015832485,0.49357038736343384,1.0,0.0064375000000000005,0.000426875,2,0.75,0.75,0.0
248,796800,-791.6139278411865,-7.916139779090881,-791.6139278411865,-7.916139779090881,0.0,791.6139278411865,7.916139779090881,40.44169044494629,0.40441616535186764,3.597218191623688,0.0,0.0,nan,nan,nan,nan,nan,nan,nan,nan,nan,nan,7968,-0.0010553939702804271,0.012496856320649386,1.4920227646827697,-0.004390342906117439,0.03971772827208042,0.03971772827208042,0.049467841163277626,0.003166037560732368,0.008499999810010195,0.6868215203285217,1.0,0.006423076923076924,0.0004257692307692308,2,0.75,0.75,0.0
249,800000,-882.1024570465088,-8.821024446487426,-882.1024570465088,-8.821024446487426,0.0,882.1024570465088,8.821024446487426,-50.04683876037598,-0.5004685020446775,4.7485149335861205,0.0,0.0,nan,nan,nan,nan,nan,nan,nan,nan,nan,nan,8000,-0.0004628037716320144,0.025348561257123946,1.4805954813957214,0.002722853235900402,0.034509813971817495,0.034509813971817495,0.0687442559748888,0.0012282299809165164,0.0035968749318271874,0.5855997800827026,1.0,0.006408653846153845,0.0004246634615384615,2,0.75,0.75,0.0
250,803200,-802.2173519134521,-8.022173528671265,-802.2173519134521,-8.022173528671265,0.0,802.2173519134521,8.022173528671265,29.838266372680664,0.29838241577148317,4.1834378337860105,0.0,0.0,nan,nan,nan,nan,nan,nan,nan,nan,nan,nan,8032,-0.00023536100791679004,0.019805370829999447,1.4730228543281556,0.0002484765369445086,0.024688695184886457,0.024688695184886457,0.055724674835801125,0.00040883468464090995,0.0,0.5164721608161926,1.0,0.006394230769230768,0.0004235576923076923,2,0.75,0.75,0.0
251,806400,-799.7147426605225,-7.9971472263336185,-799.7147426605225,-7.9971472263336185,0.0,799.7147426605225,7.9971472263336185,32.34087562561035,0.3234087181091301,4.078286771774292,0.0,0.0,nan,nan,nan,nan,nan,nan,nan,nan,nan,nan,8064,-0.0005276436898886238,0.019132116716355084,1.500305950641632,-0.0005332489497959613,0.022475823201239108,0.022475823201239108,0.06489088386297226,0.000466086342749592,0.0,0.4480360150337219,1.0,0.006379807692307692,0.00042245192307692307,2,0.75,0.75,0.0
252,809600,-923.4241981506348,-9.234242095947266,-923.4241981506348,-9.234242095947266,0.0,923.4241981506348,9.234242095947266,-91.36857986450195,-0.9136861515045176,4.987285852432251,0.0,0.0,nan,nan,nan,nan,nan,nan,nan,nan,nan,nan,8096,-0.00032668217489266737,0.04515165984630585,1.487737500667572,0.01277912687510252,0.02052902467548847,0.02052902467548847,0.08572721108794212,0.0004220072089090112,4.68749989522621e-05,0.4390135407447815,1.0,0.006365384615384615,0.0004213461538461538,2,0.75,0.75,0.0
253,812800,-803.9982285499573,-8.039982042312623,-803.9982285499573,-8.039982042312623,0.0,803.9982285499573,8.039982042312623,28.057389736175537,0.2805739021301257,3.8302874684333803,0.0,0.0,nan,nan,nan,nan,nan,nan,nan,nan,nan,nan,8128,-0.001023627632693369,0.01601736806333065,1.51476092338562,-0.0026351317763328554,0.04609468150883913,0.04609468150883913,0.06235263906419277,0.001945944150066444,0.01382500003091991,0.6315718293190002,1.0,0.006350961538461538,0.00042024038461538463,2,0.75,0.75,0.0
254,816000,-828.1515159606934,-8.281515121459961,-828.1515159606934,-8.281515121459961,0.0,828.1515159606934,8.281515121459961,3.904102325439453,0.03904082298278766,3.8757358837127684,0.0,0.0,nan,nan,nan,nan,nan,nan,nan,nan,nan,nan,8160,-0.0003628114421415418,0.01988995764404535,1.5230108857154847,-6.844992749392987e-05,0.023410664498806,0.023410664498806,0.0631716050207615,0.000729227535885618,0.0,0.5896632671356201,1.0,0.006336538461538461,0.0004191346153846154,2,0.75,0.75,0.0
255,819200,-869.301157951355,-8.693011617660522,-869.301157951355,-8.693011617660522,0.0,869.301157951355,8.693011617660522,-37.24553966522217,-0.3724556732177735,4.381589598655701,0.0,0.0,nan,nan,nan,nan,nan,nan,nan,nan,nan,nan,8192,-0.00047318175146315866,0.02098867129534483,1.541549563407898,0.0002752999775111675,0.02944216188043356,0.02944216188043356,0.062364569306373595,0.00042499016090062207,0.0,0.5688453912734985,1.0,0.006322115384615384,0.0004180288461538462,2,0.75,0.75,0.0
256,822400,-840.0200071334839,-8.400199661254883,-840.0200071334839,-8.400199661254883,0.0,840.0200071334839,8.400199661254883,-7.964388847351074,-0.079643716812134,4.426206150054932,0.0,0.0,nan,nan,nan,nan,nan,nan,nan,nan,nan,nan,8224,-0.0005028029445893534,0.022238192893564702,1.5302619218826294,0.0009638721588999033,0.0321832612156868,0.0321832612156868,0.06245513148605823,0.0006360200903151585,0.0,0.5617600083351135,1.0,0.0063076923076923076,0.00041692307692307694,2,0.75,0.75,0.0
257,825600,-818.6651706695557,-8.186651582717895,-818.6651706695557,-8.186651582717895,0.0,818.6651706695557,8.186651582717895,13.390447616577148,0.13390436172485387,3.6869135975837706,0.0,0.0,nan,nan,nan,nan,nan,nan,nan,nan,nan,nan,8256,-0.0005917269395634861,0.021870242431759834,1.5284478783607482,0.0007244598120450974,0.029516716301441193,0.029516716301441193,0.0646396480500698,0.0013504386781284252,0.0017625000094994903,0.5751422643661499,1.0,0.006293269230769231,0.0004158173076923077,2,0.75,0.75,0.0
258,828800,-805.5390558242798,-8.05539026737213,-805.5390558242798,-8.05539026737213,0.0,805.5390558242798,8.05539026737213,26.516562461853027,0.2651656770706179,3.879037880897522,0.0,0.0,nan,nan,nan,nan,nan,nan,nan,nan,nan,nan,8288,-0.0004594177285427214,0.026909021101891993,1.515259325504303,0.003481013234704733,0.029836883395910264,0.029836883395910264,0.06675940193235874,0.000652672260185424,0.00038124999846331773,0.5358023643493652,1.0,0.006278846153846154,0.0004147115384615385,2,0.75,0.75,0.0
259,832000,-832.2711744308472,-8.322711591720582,-832.2711744308472,-8.322711591720582,0.0,832.2711744308472,8.322711591720582,-0.21555614471435547,-0.002155647277833239,4.30197904586792,0.0,0.0,nan,nan,nan,nan,nan,nan,nan,nan,nan,nan,8320,-0.0008908744622371234,0.02559592351317406,1.5193250894546508,0.0023893920704722406,0.030340893752872945,0.030340893752872945,0.07287899665534496,0.0013483135393477451,0.001168749964199378,0.6020557880401611,1.0,0.006264423076923076,0.00041360576923076925,2,0.75,0.75,0.0
260,835200,-784.09006690979,-7.8409003210067745,-784.09006690979,-7.8409003210067745,0.0,784.09006690979,7.8409003210067745,47.96555137634277,0.4796556234359741,3.9031144785881042,0.0,0.0,-597.159619808197,-5.97159619808197,-597.159619808197,-5.97159619808197,100.0,4.236167690753937,0.0,0.0,597.159619808197,-63.68111324310303,8352,-0.000608298846779487,0.019305352587252855,1.5081162571907043,-0.00038134939968585967,0.03572884239256382,0.03572884239256382,0.06217395067214966,0.0011320626232197862,0.0005281249934341759,0.5405948162078857,1.0,0.0062499999999999995,0.0004125,2,0.75,0.75,0.0
261,838400,-792.4709320068359,-7.924708881378174,-792.4709320068359,-7.924708881378174,0.0,792.4709320068359,7.924708881378174,39.584686279296875,0.39584706306457473,3.7410837745666505,0.0,0.0,nan,nan,nan,nan,nan,nan,nan,nan,nan,nan,8384,-0.0006569309928992518,0.01683427197858691,1.5125934839248658,-0.0016716876067221164,0.04121410474181175,0.04121410474181175,0.05207749493420124,0.0008142826933187738,1.2500000593718141e-05,0.6857422590255737,1.0,0.006235576923076923,0.00041139423076923075,2,0.75,0.75,0.0
262,841600,-780.9553451538086,-7.809553084373474,-780.9553451538086,-7.809553084373474,0.0,780.9553451538086,7.809553084373474,51.10027313232422,0.5110028600692749,3.976665232181549,0.0,0.0,nan,nan,nan,nan,nan,nan,nan,nan,nan,nan,8416,-0.0005281087066978163,0.028553101420402526,1.519681692123413,0.004294268507510424,0.024778180569410325,0.024778180569410325,0.07795853167772293,0.0012863110656332437,0.0025062499451451005,-0.006046175956726074,1.0,0.006221153846153846,0.00041028846153846156,2,0.75,0.75,0.0
263,844800,-839.6141700744629,-8.39614146232605,-839.6141700744629,-8.39614146232605,0.0,839.6141700744629,8.39614146232605,-7.558551788330078,-0.07558551788330092,4.311086730957031,0.0,0.0,nan,nan,nan,nan,nan,nan,nan,nan,nan,nan,8448,-0.0010837806503055437,0.023787004686892033,1.522990846633911,0.0013569273054599763,0.04343890957534313,0.04343890957534313,0.06873682029545307,0.001341141807097919,0.002937499989639036,0.2654561400413513,1.0,0.006206730769230769,0.0004091826923076923,2,0.75,0.75,0.0
264,848000,-763.436619758606,-7.6343663311004635,-763.436619758606,-7.6343663311004635,0.0,763.436619758606,7.6343663311004635,68.61899852752686,0.6861896133422851,3.751982045173645,0.0,0.0,nan,nan,nan,nan,nan,nan,nan,nan,nan,nan,8480,-0.00048000704154542716,0.020147301256656647,1.5431219935417175,3.8156891241669656e-05,0.037643087282776835,0.037643087282776835,0.056527265533804896,0.0012532718948938385,0.0017062499653548002,0.5153536200523376,1.0,0.006192307692307692,0.0004080769230769231,2,0.75,0.75,0.0
265,851200,-797.449197769165,-7.974492330551147,-797.449197769165,-7.974492330551147,0.0,797.449197769165,7.974492330551147,34.60642051696777,0.34606361389160156,3.4241832423210146,0.0,0.0,nan,nan,nan,nan,nan,nan,nan,nan,nan,nan,8512,-0.0003546874086954643,0.023100059293210507,1.5324950695037842,0.0017277647741138936,0.027074450440704823,0.027074450440704823,0.0739393550902605,0.0008244973771076421,0.0016625000040221493,0.41908490657806396,1.0,0.006177884615384615,0.00040697115384615386,2,0.75,0.75,0.0
266,854400,-862.9134817123413,-8.62913475036621,-862.9134817123413,-8.62913475036621,0.0,862.9134817123413,8.62913475036621,-30.857863426208496,-0.308578805923462,4.025258755683899,0.0,0.0,nan,nan,nan,nan,nan,nan,nan,nan,nan,nan,8544,-0.0005489554134901376,0.025373211689293386,1.5197587132453918,0.002770675998181105,0.037401174381375316,0.037401174381375316,0.06033685281872749,0.0006101599496111889,0.0,0.5584338307380676,1.0,0.006163461538461538,0.0004058653846153846,2,0.75,0.75,0.0
267,857600,-815.547417640686,-8.15547423362732,-815.547417640686,-8.15547423362732,0.0,815.547417640686,8.15547423362732,16.508200645446777,0.16508171081542855,4.74564570426941,0.0,0.0,nan,nan,nan,nan,nan,nan,nan,nan,nan,nan,8576,-0.000417965098468992,0.022545858286321163,1.536012303829193,0.001409965008497238,0.027625904604792594,0.027625904604792594,0.06463156491518021,0.000843751471257467,0.00013437500456348062,0.5233637094497681,1.0,0.006149038461538461,0.0004047596153846154,2,0.75,0.75,0.0
268,860800,-784.301308631897,-7.843013029098511,-784.301308631897,-7.843013029098511,0.0,784.301308631897,7.843013029098511,47.75430965423584,0.47754291534423743,3.8257758975028993,0.0,0.0,nan,nan,nan,nan,nan,nan,nan,nan,nan,nan,8608,-0.00047438797833456727,0.022684592939913272,1.5357338428497314,0.0014467721804976464,0.023381414636969567,0.023381414636969567,0.06405485868453979,0.0005539448959104413,0.0,0.6332880258560181,1.0,0.006134615384615384,0.0004036538461538462,2,0.75,0.75,0.0
269,864000,-830.5219020843506,-8.305218601226807,-830.5219020843506,-8.305218601226807,0.0,830.5219020843506,8.305218601226807,1.5337162017822266,0.015337343215941601,4.44705870628357,0.0,0.0,nan,nan,nan,nan,nan,nan,nan,nan,nan,nan,8640,-0.0006715779792663135,0.01415293887257576,1.5173439264297486,-0.002881545340642333,0.03328309413045645,0.03328309413045645,0.06402581669390202,0.00078458944481167,0.0007593750131491106,0.691641092300415,1.0,0.006120192307692307,0.0004025480769230769,2,0.75,0.75,0.0
270,867200,-825.2403316497803,-8.252403392791749,-825.2403316497803,-8.252403392791749,0.0,825.2403316497803,8.252403392791749,6.815286636352539,0.06815255165099998,4.069209938049316,0.0,0.0,nan,nan,nan,nan,nan,nan,nan,nan,nan,nan,8672,-0.0005769500982831133,0.017743735015392302,1.531091320514679,-0.0010535732842981815,0.030148207582533358,0.030148207582533358,0.05912806168198585,0.00133901101544389,0.003337499964982271,0.7021960616111755,1.0,0.006105769230769231,0.0004014423076923077,2,0.75,0.75,0.0
271,870400,-824.6638708114624,-8.246638908386231,-824.6638708114624,-8.246638908386231,0.0,824.6638708114624,8.246638908386231,7.39174747467041,0.07391703605651756,3.587504041194916,0.0,0.0,nan,nan,nan,nan,nan,nan,nan,nan,nan,nan,8704,-0.0011646548478747797,0.024938777461647986,1.5221657276153564,0.0020326956175267695,0.05072984024882317,0.05072984024882317,0.06216123215854168,0.0015104298585363336,0.008128125077928417,0.6171835660934448,1.0,0.006091346153846154,0.0004003365384615385,2,0.75,0.75,0.0
272,873600,-789.3234634399414,-7.8932348203659055,-789.3234634399414,-7.8932348203659055,0.0,789.3234634399414,7.8932348203659055,42.732154846191406,0.4273211240768431,4.2335984325408935,0.0,0.0,nan,nan,nan,nan,nan,nan,nan,nan,nan,nan,8736,-0.00069048023316427,0.023219892010092735,1.5170936703681945,0.0017002040520310401,0.024125414527952672,0.024125414527952672,0.07404007017612457,0.0010918781074003357,0.0002406249986961484,0.21544122695922852,1.0,0.006076923076923077,0.00039923076923076924,2,0.75,0.75,0.0
273,876800,-931.0996036529541,-9.31099639892578,-931.0996036529541,-9.31099639892578,0.0,931.0996036529541,9.31099639892578,-99.04398536682129,-0.9904404544830321,5.4177099800109865,0.0,0.0,nan,nan,nan,nan,nan,nan,nan,nan,nan,nan,8768,-0.0005757860635610789,0.03690038938075304,1.493451178073883,0.00882036043331027,0.03344990499317646,0.03344990499317646,0.0824402391910553,0.0009355406888069132,0.0038249999983236195,0.5376564860343933,1.0,0.0060625,0.000398125,2,0.75,0.75,0.0
274,880000,-844.2652730941772,-8.442652454376221,-844.2652730941772,-8.442652454376221,0.0,844.2652730941772,8.442652454376221,-12.209654808044434,-0.12209650993347232,4.133972747325897,0.0,0.0,nan,nan,nan,nan,nan,nan,nan,nan,nan,nan,8800,-0.0005044995292366572,0.023989344574511053,1.5097003340721131,0.0023593890480697157,0.03228100575506687,0.03228100575506687,0.06962920725345612,0.0011705736575102234,0.002921874914318323,0.4336093068122864,1.0,0.0060480769230769225,0.0003970192307692308,2,0.75,0.75,0.0
275,883200,-820.9573984146118,-8.209574480056762,-820.9573984146118,-8.209574480056762,0.0,820.9573984146118,8.209574480056762,11.098219871520996,0.11098146438598633,3.5323864078521727,0.0,0.0,nan,nan,nan,nan,nan,nan,nan,nan,nan,nan,8832,-0.0004896587607712277,0.01618228442966938,1.5257466435432434,-0.0016043436713516711,0.02872675471007824,0.02872675471007824,0.05673443041741848,0.0004645549359345026,0.0,0.6888819932937622,1.0,0.006033653846153846,0.00039591346153846154,2,0.75,0.75,0.0
276,886400,-851.8253698348999,-8.518253612518311,-851.8253698348999,-8.518253612518311,0.0,851.8253698348999,8.518253612518311,-19.76975154876709,-0.19769766807556266,4.463925042152405,0.0,0.0,nan,nan,nan,nan,nan,nan,nan,nan,nan,nan,8864,-0.0009269222809234811,0.03326666504144669,1.5240795969963075,0.006532623432576656,0.038157624565064906,0.038157624565064906,0.08419284597039223,0.0012547026046383777,0.009206249983981252,0.5397862195968628,1.0,0.006019230769230769,0.00039480769230769235,2,0.75,0.75,0.0
277,889600,-913.8707113265991,-9.138706922531128,-913.8707113265991,-9.138706922531128,0.0,913.8707113265991,9.138706922531128,-81.81509304046631,-0.8181509780883793,5.395503735542297,0.0,0.0,nan,nan,nan,nan,nan,nan,nan,nan,nan,nan,8896,-0.0010666753868630251,0.034942655637860295,1.5242964148521423,0.007251545879989862,0.051985329017043114,0.051985329017043114,0.07400036193430423,0.0013723764051981097,0.00893125005532056,0.5167414546012878,1.0,0.006004807692307692,0.0003937019230769231,2,0.75,0.75,0.0
278,892800,-804.8153276443481,-8.048152866363525,-804.8153276443481,-8.048152866363525,0.0,804.8153276443481,8.048152866363525,27.240290641784668,0.2724030780792237,3.5052953577041626,0.0,0.0,nan,nan,nan,nan,nan,nan,nan,nan,nan,nan,8928,-0.0006316611811882477,0.015514533314853907,1.5168834567070006,-0.001961109880357981,0.0363932054489851,0.0363932054489851,0.05251039527356625,0.0010731360260258676,0.0018593750079162418,0.630735456943512,1.0,0.005990384615384615,0.00039259615384615385,2,0.75,0.75,0.0
279,896000,-787.4650077819824,-7.874650321006775,-787.4650077819824,-7.874650321006775,0.0,787.4650077819824,7.874650321006775,44.59061050415039,0.44590562343597373,3.8957527542114256,0.0,0.0,nan,nan,nan,nan,nan,nan,nan,nan,nan,nan,8960,-0.00034005605615314847,0.017400581762194632,1.5193745374679566,-0.0007194892037659884,0.032206278294324875,0.032206278294324875,0.0588015653192997,0.0005748419618619236,0.00010625000286381691,0.41639310121536255,1.0,0.005975961538461538,0.0003914903846153846,2,0.75,0.75,0.0
280,899200,-864.2019662857056,-8.642019853591918,-864.2019662857056,-8.642019853591918,0.0,864.2019662857056,8.642019853591918,-32.146347999572754,-0.3214639091491698,3.8824040937423705,0.0,0.0,-663.3594033718109,-6.633594033718109,-663.3594033718109,-6.633594033718109,100.0,4.186351858377456,0.0,0.0,663.3594033718109,-129.88089680671692,8992,-0.0006226657599268992,0.030351830832660198,1.5295876264572144,0.005434554349631071,0.025756533443927764,0.025756533443927764,0.06866963729262351,0.000980435588281331,0.002006249933037907,0.4372120499610901,1.0,0.005961538461538461,0.00039038461538461536,2,0.75,0.75,0.0
281,902400,-806.9855146408081,-8.069855437278747,-806.9855146408081,-8.069855437278747,0.0,806.9855146408081,8.069855437278747,25.070103645324707,0.2507005071640016,3.3654647350311278,0.0,0.0,nan,nan,nan,nan,nan,nan,nan,nan,nan,nan,9024,-0.0008444244600628537,0.01565717589110136,1.520819091796875,-0.0020603231620043515,0.04264683127403259,0.04264683127403259,0.050885668769478795,0.0009016542537217332,0.0008468749816529453,0.6654500365257263,1.0,0.005947115384615384,0.00038927884615384616,2,0.75,0.75,0.0
282,905600,-791.8465995788574,-7.918465962409973,-791.8465995788574,-7.918465962409973,0.0,791.8465995788574,7.918465962409973,40.20901870727539,0.40208998203277524,3.69090571641922,0.0,0.0,nan,nan,nan,nan,nan,nan,nan,nan,nan,nan,9056,-0.00040244803489990487,0.011787611804902554,1.5071353316307068,-0.003450012393295765,0.027757705189287663,0.027757705189287663,0.04496743492782116,0.001052925501063132,7.812500116415322e-05,0.6424767971038818,1.0,0.005932692307692307,0.0003881730769230769,2,0.75,0.75,0.0
283,908800,-782.6617374420166,-7.826617493629455,-782.6617374420166,-7.826617493629455,0.0,782.6617374420166,7.826617493629455,49.39388084411621,0.49393845081329335,3.445945043563843,0.0,0.0,nan,nan,nan,nan,nan,nan,nan,nan,nan,nan,9088,-0.000422554781410156,0.021846460178494453,1.4812339425086976,0.0017343344632536172,0.027559035830199717,0.027559035830199717,0.060925880819559096,0.0004325775771583989,0.0,0.6017829179763794,1.0,0.00591826923076923,0.0003870673076923077,2,0.75,0.75,0.0
284,912000,-806.7606010437012,-8.067605895996094,-806.7606010437012,-8.067605895996094,0.0,806.7606010437012,8.067605895996094,25.29501724243164,0.2529500484466549,4.556506958007812,0.0,0.0,nan,nan,nan,nan,nan,nan,nan,nan,nan,nan,9120,-0.0006458204935712253,0.015872745122760535,1.4920371413230895,-0.0015182055532932282,0.03948997408151626,0.03948997408151626,0.04902849830687046,0.0017819959819470239,0.00754062503692694,0.5930392742156982,1.0,0.005903846153846154,0.0003859615384615385,2,0.75,0.75,0.0
285,915200,-817.6315565109253,-8.176315584182738,-817.6315565109253,-8.176315584182738,0.0,817.6315565109253,8.176315584182738,14.42406177520752,0.1442403602600102,4.290417323112488,0.0,0.0,nan,nan,nan,nan,nan,nan,nan,nan,nan,nan,9152,-0.0005277077910140982,0.020026121474802493,1.5066372275352478,0.00061212875880301,0.025975568406283855,0.025975568406283855,0.0563764963299036,0.0005789066730365292,0.0019656250020489096,0.6825063228607178,1.0,0.005889423076923077,0.0003848557692307692,2,0.75,0.75,0.0
286,918400,-855.2524585723877,-8.55252459526062,-855.2524585723877,-8.55252459526062,0.0,855.2524585723877,8.55252459526062,-23.196840286254883,-0.23196865081787088,4.1775023460388185,0.0,0.0,nan,nan,nan,nan,nan,nan,nan,nan,nan,nan,9184,-0.0005207401320454607,0.00927350651472807,1.5022736549377442,-0.004709844430908561,0.028835230320692063,0.028835230320692063,0.045953156799077986,0.0005799137246875162,0.0,0.7696717977523804,1.0,0.005875,0.00038375000000000003,2,0.75,0.75,0.0
287,921600,-748.4661321640015,-7.484661250114441,-748.4661321640015,-7.484661250114441,0.0,748.4661321640015,7.484661250114441,83.58948612213135,0.8358946943283074,4.010303454399109,0.0,0.0,nan,nan,nan,nan,nan,nan,nan,nan,nan,nan,9216,-0.0007807997583235248,0.0227067107334733,1.5095797657966614,0.0017255475278943778,0.040429729782044885,0.040429729782044885,0.0692543163895607,0.0019573724079243494,0.010706250078510494,0.4954129457473755,1.0,0.005860576923076923,0.0003826442307692308,2,0.75,0.75,0.0
288,924800,-831.7108917236328,-8.317108869552612,-831.7108917236328,-8.317108869552612,0.0,831.7108917236328,8.317108869552612,0.3447265625,0.0034470748901362924,4.396008405685425,0.0,0.0,nan,nan,nan,nan,nan,nan,nan,nan,nan,nan,9248,-0.00047586721459893513,0.03991592992097139,1.5176475167274475,0.010609696712344885,0.03346735686063766,0.03346735686063766,0.08698054403066635,0.00042985569398364235,0.0,0.36297279596328735,1.0,0.0058461538461538455,0.00038153846153846153,2,0.75,0.75,0.0
289,928000,-800.7353467941284,-8.007353439331055,-800.7353467941284,-8.007353439331055,0.0,800.7353467941284,8.007353439331055,31.320271492004395,0.31320250511169334,3.7856080770492553,0.0,0.0,nan,nan,nan,nan,nan,nan,nan,nan,nan,nan,9280,-0.00041721465081137057,0.023980151675641537,1.5028143525123596,0.002808852680027485,0.029239971190690994,0.029239971190690994,0.061895699426531794,0.0004571330053302354,0.00023437499767169355,0.4023169279098511,1.0,0.005831730769230769,0.0003804326923076923,2,0.75,0.75,0.0
290,931200,-743.6009578704834,-7.436009116172791,-743.6009578704834,-7.436009116172791,0.0,743.6009578704834,7.436009116172791,88.45466041564941,0.8845468282699578,3.93254248380661,0.0,0.0,nan,nan,nan,nan,nan,nan,nan,nan,nan,nan,9312,-0.0003975769772821991,0.024684776738286018,1.5179570078849793,0.0031143886037170885,0.028803835809230804,0.028803835809230804,0.06658980771899223,0.0008226872310849682,2.5000001187436283e-05,0.6130266189575195,1.0,0.005817307692307692,0.0003793269230769231,2,0.75,0.75,0.0
291,934400,-836.4741811752319,-8.36474172592163,-836.4741811752319,-8.36474172592163,0.0,836.4741811752319,8.36474172592163,-4.418562889099121,-0.04418578147888219,3.607439434528351,0.0,0.0,nan,nan,nan,nan,nan,nan,nan,nan,nan,nan,9344,-0.0007152775730297379,0.020127018447965384,1.5199342012405395,0.0005282288417220116,0.030649012140929698,0.030649012140929698,0.06589555367827415,0.001287818117271656,0.0006374999968102202,0.5446799993515015,1.0,0.005802884615384615,0.00037822115384615384,2,0.75,0.75,0.0
292,937600,-865.355390548706,-8.653553810119629,-865.355390548706,-8.653553810119629,0.0,865.355390548706,8.653553810119629,-33.29977226257324,-0.33299786567688017,4.758271565437317,0.0,0.0,nan,nan,nan,nan,nan,nan,nan,nan,nan,nan,9376,-0.0007299195273779091,0.022057112120091916,1.5327053189277648,0.001426630327478051,0.03350638672709465,0.03350638672709465,0.06475966572761535,0.001365167993572609,0.0038968750042840837,0.6000984907150269,1.0,0.005788461538461538,0.0003771153846153846,2,0.75,0.75,0.0
293,940800,-866.14879322052,-8.661487913131714,-866.14879322052,-8.661487913131714,0.0,866.14879322052,8.661487913131714,-34.09317493438721,-0.3409319686889649,4.193693704605103,0.0,0.0,nan,nan,nan,nan,nan,nan,nan,nan,nan,nan,9408,-0.000861886536749168,0.03089739792048931,1.5251067757606507,0.005780787114053965,0.033457592502236365,0.033457592502236365,0.07910607531666755,0.0009312674108520776,0.0015281249870895408,0.4245113730430603,1.0,0.0057740384615384615,0.0003760096153846154,2,0.75,0.75,0.0
294,944000,-814.8692541122437,-8.148692474365234,-814.8692541122437,-8.148692474365234,0.0,814.8692541122437,8.148692474365234,17.18636417388916,0.1718634700775148,4.071142678260803,0.0,0.0,nan,nan,nan,nan,nan,nan,nan,nan,nan,nan,9440,-0.00029415657547353645,0.02316188272088766,1.5149277329444886,0.002561383601278067,0.029068785719573498,0.029068785719573498,0.05741450078785419,0.0007053420322342737,0.00028750000637955964,0.6110696792602539,1.0,0.005759615384615385,0.00037490384615384615,2,0.75,0.75,0.0
295,947200,-801.8795528411865,-8.018795552253723,-801.8795528411865,-8.018795552253723,0.0,801.8795528411865,8.018795552253723,30.17606544494629,0.30176039218902595,3.9155166220664976,0.0,0.0,nan,nan,nan,nan,nan,nan,nan,nan,nan,nan,9472,-0.001017833749367858,0.029739652201533316,1.5209197759628297,0.005114015471190214,0.04891583919525146,0.04891583919525146,0.07587814182043076,0.0013893584075056074,0.0030218750922358594,0.3534674644470215,1.0,0.005745192307692308,0.00037379807692307696,2,0.75,0.75,0.0
296,950400,-834.8594551086426,-8.348594636917115,-834.8594551086426,-8.348594636917115,0.0,834.8594551086426,8.348594636917115,-2.8038368225097656,-0.0280386924743663,3.793093719482422,0.0,0.0,nan,nan,nan,nan,nan,nan,nan,nan,nan,nan,9504,-0.0006461459941667247,0.026888731867074966,1.5196730613708496,0.0040893244557082655,0.03596294522285461,0.03596294522285461,0.06442401893436908,0.0012873028299516117,0.0014281249837949871,0.49571675062179565,1.0,0.00573076923076923,0.0003726923076923077,2,0.75,0.75,0.0
297,953600,-824.3365983963013,-8.243366117477416,-824.3365983963013,-8.243366117477416,0.0,824.3365983963013,8.243366117477416,7.719019889831543,0.07718982696533239,4.13437741279602,0.0,0.0,nan,nan,nan,nan,nan,nan,nan,nan,nan,nan,9536,-0.0005972903471294533,0.021710809506475925,1.5157405376434325,0.0015936168376356364,0.03133259639143944,0.03133259639143944,0.05917289927601814,0.0007694798758172936,0.0007937500136904419,0.5160647034645081,1.0,0.0057163461538461535,0.00037158653846153846,2,0.75,0.75,0.0
298,956800,-784.4384784698486,-7.84438494682312,-784.4384784698486,-7.84438494682312,0.0,784.4384784698486,7.84438494682312,47.61713981628418,0.47617099761962844,4.061737880706787,0.0,0.0,nan,nan,nan,nan,nan,nan,nan,nan,nan,nan,9568,-0.0009907296284451194,0.02935017142444849,1.5033920407295227,0.005112129915505648,0.04033678863197565,0.04033678863197565,0.08302081152796745,0.0014470303893183818,0.005678125048871152,0.41983503103256226,1.0,0.005701923076923077,0.0003704807692307692,2,0.75,0.75,0.0
299,960000,-766.632646560669,-7.666326432228089,-766.632646560669,-7.666326432228089,0.0,766.632646560669,7.666326432228089,65.42297172546387,0.65422951221466,3.614643843173981,0.0,0.0,nan,nan,nan,nan,nan,nan,nan,nan,nan,nan,9600,-0.00040084135522313604,0.019435088708996774,1.5028542041778565,0.0007692197803407907,0.033873061276972295,0.033873061276972295,0.056063152849674225,0.0005925165522065203,0.00020937499357387424,0.48408740758895874,1.0,0.0056875,0.000369375,2,0.75,0.75,0.0
300,963200,-791.8512649536133,-7.918512439727783,-791.8512649536133,-7.918512439727783,0.0,791.8512649536133,7.918512439727783,40.20435333251953,0.40204350471496575,3.7664071202278135,0.0,0.0,-622.6575632095337,-6.2265756320953365,-622.6575632095337,-6.2265756320953365,100.0,4.719574375152588,0.0,0.0,622.6575632095337,-89.1790566444397,9632,-0.00043753575599758676,0.020336845889687538,1.5095205426216125,0.0011672609020024539,0.03203723095357418,0.03203723095357418,0.05812121480703354,0.0005803577994818358,0.00017499999667052178,0.5748597383499146,1.0,0.005673076923076923,0.00036826923076923077,2,0.75,0.75,0.0
301,966400,-812.7826156616211,-8.127826323509217,-812.7826156616211,-8.127826323509217,0.0,812.7826156616211,8.127826323509217,19.27300262451172,0.19272962093353208,4.164719457626343,0.0,0.0,nan,nan,nan,nan,nan,nan,nan,nan,nan,nan,9664,-0.0006382743525027657,0.02451640125364065,1.5261243104934692,0.00298411687836051,0.02901409938931465,0.02901409938931465,0.06868885904550552,0.0007308466681940822,0.00029375000158324836,0.22456669807434082,1.0,0.005658653846153845,0.0003671634615384615,2,0.75,0.75,0.0
302,969600,-838.3258543014526,-8.38325894355774,-838.3258543014526,-8.38325894355774,0.0,838.3258543014526,8.38325894355774,-6.270236015319824,-0.06270299911499144,5.0046576452255245,0.0,0.0,nan,nan,nan,nan,nan,nan,nan,nan,nan,nan,9696,-0.0007498851624434088,0.031876027956604956,1.5335537552833558,0.006532397866249084,0.03884625434875488,0.03884625434875488,0.06918916217982769,0.0008032438070592009,0.0,0.20564186573028564,1.0,0.005644230769230769,0.00036605769230769233,2,0.75,0.75,0.0
303,972800,-790.0920104980469,-7.900920000076294,-790.0920104980469,-7.900920000076294,0.0,790.0920104980469,7.900920000076294,41.96360778808594,0.4196359443664548,3.5317161965370176,0.0,0.0,nan,nan,nan,nan,nan,nan,nan,nan,nan,nan,9728,-0.0003650307896979399,0.02763124294579029,1.4986203551292419,0.0050136463716626166,0.03221893459558487,0.03221893459558487,0.0686536829918623,0.0006550530219108581,0.00034687499864958225,0.34319359064102173,1.0,0.005629807692307692,0.0003649519230769231,2,0.75,0.75,0.0
304,976000,-748.0911598205566,-7.480911273956298,-748.0911598205566,-7.480911273956298,0.0,748.0911598205566,7.480911273956298,83.96445846557617,0.8396446704864502,3.6737633776664733,0.0,0.0,nan,nan,nan,nan,nan,nan,nan,nan,nan,nan,9760,-0.00047701924610881185,0.040452396310865876,1.5184266448020936,0.011222628690302373,0.028804437816143037,0.028804437816143037,0.0867888018488884,0.0008223877910502177,0.00034062499180436133,0.21274197101593018,1.0,0.005615384615384615,0.0003638461538461539,2,0.75,0.75,0.0
305,979200,-795.6513080596924,-7.956513295173645,-795.6513080596924,-7.956513295173645,0.0,795.6513080596924,7.956513295173645,36.40431022644043,0.3640426492691038,3.948057298660278,0.0,0.0,nan,nan,nan,nan,nan,nan,nan,nan,nan,nan,9792,-0.0005047406960132506,0.014771076384931803,1.5144216775894166,-0.0016014197375625373,0.02073270007967949,0.02073270007967949,0.040707462653517726,0.0009048370578973043,0.0005249999812804163,0.6085705757141113,1.0,0.005600961538461538,0.00036274038461538464,2,0.75,0.75,0.0
306,982400,-849.2848539352417,-8.492848329544067,-849.2848539352417,-8.492848329544067,0.0,849.2848539352417,8.492848329544067,-17.229235649108887,-0.1722923851013185,4.080964486598969,0.0,0.0,nan,nan,nan,nan,nan,nan,nan,nan,nan,nan,9824,-0.0005534435445675445,0.02423983085900545,1.502743923664093,0.0031713351607322695,0.027447108738124372,0.027447108738124372,0.06006542779505253,0.0007753906949808258,0.0010437499906402082,0.5337302088737488,1.0,0.005586538461538461,0.0003616346153846154,2,0.75,0.75,0.0
307,985600,-764.7268981933594,-7.6472687292099,-764.7268981933594,-7.6472687292099,0.0,764.7268981933594,7.6472687292099,67.32872009277344,0.6732872152328486,3.4275939512252807,0.0,0.0,nan,nan,nan,nan,nan,nan,nan,nan,nan,nan,9856,-0.000470133201334022,0.014715964905917645,1.5162806034088134,-0.0015610415954142808,0.038085856661200526,0.038085856661200526,0.043236997351050376,0.00026355311201833637,0.0,0.664252758026123,1.0,0.0055721153846153846,0.0003605288461538462,2,0.75,0.75,0.0
308,988800,-845.5242414474487,-8.455242643356323,-845.5242414474487,-8.455242643356323,0.0,845.5242414474487,8.455242643356323,-13.468623161315918,-0.13468669891357443,4.203535482883454,0.0,0.0,nan,nan,nan,nan,nan,nan,nan,nan,nan,nan,9888,-0.0008199790968152598,0.01955498717725277,1.5169526934623718,0.00052675842307508,0.036411109194159505,0.036411109194159505,0.04761450439691543,0.0010940598556778444,0.004615624959114939,0.5089746713638306,1.0,0.005557692307692307,0.0003594230769230769,2,0.75,0.75,0.0
309,992000,-782.9214372634888,-7.829214420318603,-782.9214372634888,-7.829214420318603,0.0,782.9214372634888,7.829214420318603,49.13418102264404,0.4913415241241452,3.9575673794746398,0.0,0.0,nan,nan,nan,nan,nan,nan,nan,nan,nan,nan,9920,-0.0007415916992234983,0.023739305883646013,1.5141916751861573,0.0027344892732799053,0.03211026042699814,0.03211026042699814,0.056241539865732194,0.0007425316178348232,0.0004843749920837581,0.47757619619369507,1.0,0.00554326923076923,0.0003583173076923077,2,0.75,0.75,0.0
310,995200,-818.5054731369019,-8.185054826736451,-818.5054731369019,-8.185054826736451,0.0,818.5054731369019,8.185054826736451,13.550145149230957,0.1355011177062977,4.496544280052185,0.0,0.0,nan,nan,nan,nan,nan,nan,nan,nan,nan,nan,9952,-0.0008464832729601745,0.02794565390795469,1.5014232397079468,0.0048252053558826445,0.03717162013053894,0.03717162013053894,0.0701499555259943,0.0011392716405687025,0.003231250066892244,0.40407508611679077,1.0,0.005528846153846153,0.00035721153846153845,2,0.75,0.75,0.0
311,998400,-799.1101970672607,-7.991101684570313,-799.1101970672607,-7.991101684570313,0.0,799.1101970672607,7.991101684570313,32.94542121887207,0.3294542598724357,4.031575977802277,0.0,0.0,nan,nan,nan,nan,nan,nan,nan,nan,nan,nan,9984,-0.00053160387888056,0.028284364193677903,1.4967716455459594,0.005356746260076761,0.03739235159009695,0.03739235159009695,0.05974779538810253,0.0014614440722659535,0.010084374714642763,0.4927154779434204,1.0,0.0055144230769230765,0.00035610576923076926,2,0.75,0.75,0.0
312,1001600,-726.5244379043579,-7.265244202613831,-726.5244379043579,-7.265244202613831,0.0,726.5244379043579,7.265244202613831,105.5311803817749,1.055311741828918,3.8463109517097473,0.0,0.0,nan,nan,nan,nan,nan,nan,nan,nan,nan,nan,10016,-0.000767707764956782,0.026727593690156936,1.473671281337738,0.00449089715257287,0.04019107930362224,0.04019107930362224,0.06176812946796417,0.0008616736004121233,0.004281250035273842,0.41666489839553833,1.0,0.0055,0.000355,2,0.75,0.75,0.0
313,1004800,-803.0692663192749,-8.03069275379181,-803.0692663192749,-8.03069275379181,0.0,803.0692663192749,8.03069275379181,28.98635196685791,0.289863190650939,3.585995421409607,0.0,0.0,nan,nan,nan,nan,nan,nan,nan,nan,nan,nan,10048,-0.00038638548454237307,0.022609013505280016,1.453172242641449,0.0029466332867741584,0.029084412939846517,0.029084412939846517,0.05751606412231922,0.0008405768123346096,0.0,0.4135821461677551,1.0,0.005485576923076923,0.00035389423076923076,2,0.75,0.75,0.0
314,1008000,-794.595235824585,-7.9459521484375,-794.595235824585,-7.9459521484375,0.0,794.595235824585,7.9459521484375,37.46038246154785,0.37460379600524885,3.6911048793792727,0.0,0.0,nan,nan,nan,nan,nan,nan,nan,nan,nan,nan,10080,-0.0006612678248085757,0.020645236223936082,1.456425952911377,0.001693019922822714,0.03136687092483044,0.03136687092483044,0.05189203172922134,0.000828128325157035,0.004340625018812716,0.3766503930091858,1.0,0.005471153846153846,0.00035278846153846157,2,0.75,0.75,0.0
315,1011200,-860.6160011291504,-8.606160106658935,-860.6160011291504,-8.606160106658935,0.0,860.6160011291504,8.606160106658935,-28.560382843017578,-0.28560416221618645,4.262190713882446,0.0,0.0,nan,nan,nan,nan,nan,nan,nan,nan,nan,nan,10112,-0.00046381372834218836,0.026096912287175655,1.4470367908477784,0.00468855258077383,0.028829999454319476,0.028829999454319476,0.057217000797390935,0.00042846303640618104,0.0007156249805120752,0.44891220331192017,1.0,0.005456730769230769,0.0003516826923076923,2,0.75,0.75,0.0
316,1014400,-730.4917478561401,-7.304917945861816,-730.4917478561401,-7.304917945861816,0.0,730.4917478561401,7.304917945861816,101.56387042999268,1.0156379985809325,3.7164069533348085,0.0,0.0,nan,nan,nan,nan,nan,nan,nan,nan,nan,nan,10144,-0.0006200192039119478,0.029875278100371362,1.4612698435783387,0.006364939827471971,0.03404759578406811,0.03404759578406811,0.06886136457324028,0.0006325400103385576,0.0003968750039348379,0.428663969039917,1.0,0.0054423076923076925,0.0003505769230769231,2,0.75,0.75,0.0
317,1017600,-790.1991472244263,-7.901991667747498,-790.1991472244263,-7.901991667747498,0.0,790.1991472244263,7.901991667747498,41.85647106170654,0.41856427669525065,3.8829721713066103,0.0,0.0,nan,nan,nan,nan,nan,nan,nan,nan,nan,nan,10176,-0.000758192226709653,0.015581706166267395,1.4421069741249084,-0.000794928940013051,0.04052494186908007,0.04052494186908007,0.04465107768774033,0.0009893013168046502,0.004437500028871,0.4351958632469177,1.0,0.005427884615384616,0.0003494711538461539,2,0.75,0.75,0.0
318,1020800,-852.2914123535156,-8.522913780212402,-852.2914123535156,-8.522913780212402,0.0,852.2914123535156,8.522913780212402,-20.235794067382812,-0.2023578357696536,4.469430871009827,0.0,0.0,nan,nan,nan,nan,nan,nan,nan,nan,nan,nan,10208,-0.0008375015082769278,0.040223461017012595,1.4035165786743165,0.011676345905289053,0.04259542338550091,0.04259542338550091,0.0810884241014719,0.0008182544544987462,0.0017250000149942935,0.35095059871673584,1.0,0.005413461538461539,0.00034836538461538463,2,0.75,0.75,0.0
319,1024000,-803.1893081665039,-8.031893010139465,-803.1893081665039,-8.031893010139465,0.0,803.1893081665039,8.031893010139465,28.866310119628906,0.28866293430328405,4.106303043365479,0.0,0.0,nan,nan,nan,nan,nan,nan,nan,nan,nan,nan,10240,-0.00044190836004567304,0.02909306064248085,1.424333119392395,0.0064145925920456644,0.023010959662497044,0.023010959662497044,0.07735300362110138,0.0008876529263951189,0.0013531250064261259,0.49635744094848633,1.0,0.005399038461538461,0.00034725961538461543,2,0.75,0.75,0.0
320,1027200,-722.8660860061646,-7.228661136627197,-722.8660860061646,-7.228661136627197,0.0,722.8660860061646,7.228661136627197,109.18953227996826,1.0918948078155513,3.230728771686554,0.0,0.0,-527.1943051815033,-5.2719430518150325,-527.1943051815033,-5.2719430518150325,100.0,3.3152135264873506,0.0,0.0,527.1943051815033,6.284201383590698,10272,-0.00047812597667231673,0.024234414100646973,1.4096400737762451,0.004048711806535721,0.022888451255857943,0.022888451255857943,0.05780554041266441,0.0006877550480574931,0.0016562500095460564,0.5700420141220093,1.0,0.005384615384615384,0.0003461538461538462,2,0.75,0.75,0.0
321,1030400,-745.3441123962402,-7.453440737724304,-745.3441123962402,-7.453440737724304,0.0,745.3441123962402,7.453440737724304,86.71150588989258,0.8671152067184442,3.7426138424873354,0.0,0.0,nan,nan,nan,nan,nan,nan,nan,nan,nan,nan,10304,-0.0008770840521203027,0.018335246201604604,1.4058954477310182,0.0007406102027744055,0.036740192025899884,0.036740192025899884,0.050445035472512244,0.001363258762103992,0.00835937483861926,0.5876538157463074,1.0,0.005370192307692308,0.000345048076923077,2,0.75,0.75,0.0
322,1033600,-824.3041305541992,-8.243041582107544,-824.3041305541992,-8.243041582107544,0.0,824.3041305541992,8.243041582107544,7.751487731933594,0.07751436233520437,4.10656690120697,0.0,0.0,nan,nan,nan,nan,nan,nan,nan,nan,nan,nan,10336,-0.0007259859310520866,0.029163954965770244,1.360812485218048,0.006567793758586049,0.02859146036207676,0.02859146036207676,0.0766242939978838,0.0013839291284975506,0.004196874919580295,0.45303165912628174,1.0,0.00535576923076923,0.0003439423076923077,2,0.75,0.75,0.0
323,1036800,-775.4122905731201,-7.754122738838196,-775.4122905731201,-7.754122738838196,0.0,775.4122905731201,7.754122738838196,56.643327713012695,0.5664332056045529,3.4748437547683717,0.0,0.0,nan,nan,nan,nan,nan,nan,nan,nan,nan,nan,10368,-0.0004556461084546548,0.022467030584812163,1.3371392846107484,0.003635745216161013,0.028772556595504283,0.028772556595504283,0.057149624824523924,0.00046149612117097027,0.0013343750324565917,0.6700152158737183,1.0,0.005341346153846153,0.00034283653846153844,2,0.75,0.75,0.0
324,1040000,-843.8469572067261,-8.438469338417054,-843.8469572067261,-8.438469338417054,0.0,843.8469572067261,8.438469338417054,-11.791338920593262,-0.11791339397430534,4.422523422241211,0.0,0.0,nan,nan,nan,nan,nan,nan,nan,nan,nan,nan,10400,-0.0007788111810921094,0.027340273559093475,1.3454788088798524,0.005724063748493791,0.03293221481144428,0.03293221481144428,0.07594674453139305,0.0008024287273665859,0.0025031249853782354,0.24837112426757812,1.0,0.005326923076923076,0.0003417307692307692,2,0.75,0.75,0.0
325,1043200,-729.8255777359009,-7.2982560157775875,-729.8255777359009,-7.2982560157775875,0.0,729.8255777359009,7.2982560157775875,102.23004055023193,1.022299928665161,3.670170521736145,0.0,0.0,nan,nan,nan,nan,nan,nan,nan,nan,nan,nan,10432,-0.0005972270539785996,0.016016098205000162,1.3733785152435303,0.00011474876664578915,0.03760463334619999,0.03760463334619999,0.05562629401683807,0.0006117598979481068,0.003924999997252598,0.6848112344741821,1.0,0.0053124999999999995,0.000340625,2,0.75,0.75,0.0
326,1046400,-783.795407295227,-7.837954025268555,-783.795407295227,-7.837954025268555,0.0,783.795407295227,7.837954025268555,48.26021099090576,0.4826019191741935,3.7483340668678284,0.0,0.0,nan,nan,nan,nan,nan,nan,nan,nan,nan,nan,10464,-0.00077334635196602,0.03055648412555456,1.3414358496665955,0.0073978654108941555,0.03099325057119131,0.03099325057119131,0.05784617625176906,0.0010573288484020664,0.003940624981987639,0.5260059833526611,1.0,0.005298076923076923,0.00033951923076923075,2,0.75,0.75,0.0
327,1049600,-854.3181800842285,-8.543181581497192,-854.3181800842285,-8.543181581497192,0.0,854.3181800842285,8.543181581497192,-22.262561798095703,-0.22262563705444371,4.313223829269409,0.0,0.0,nan,nan,nan,nan,nan,nan,nan,nan,nan,nan,10496,-0.000797226010577301,0.05901992917060852,1.3763864040374756,0.02144038937985897,0.0373531449586153,0.0373531449586153,0.0914998359978199,0.0007062063246858321,0.00012812500644940883,0.21925348043441772,1.0,0.005283653846153846,0.00033841346153846156,2,0.75,0.75,0.0
328,1052800,-725.0306301116943,-7.250306444168091,-725.0306301116943,-7.250306444168091,0.0,725.0306301116943,7.250306444168091,107.02498817443848,1.0702495002746577,3.4391419959068297,0.0,0.0,nan,nan,nan,nan,nan,nan,nan,nan,nan,nan,10528,-0.0005560380029870249,0.02867972832173109,1.3611099123954773,0.006611823895946145,0.030518252216279507,0.030518252216279507,0.06534331925213337,0.0008454882372471315,0.0008656250196509063,0.3747727870941162,1.0,0.005269230769230769,0.0003373076923076923,2,0.75,0.75,0.0
329,1056000,-816.6684875488281,-8.166684503555297,-816.6684875488281,-8.166684503555297,0.0,816.6684875488281,8.166684503555297,15.387130737304688,0.15387144088745153,3.6867878794670106,0.0,0.0,nan,nan,nan,nan,nan,nan,nan,nan,nan,nan,10560,-0.0003117268245448557,0.029017349518835545,1.3602461695671082,0.007049115654081106,0.022575245425105094,0.022575245425105094,0.06764283366501331,0.0006200579231527432,0.002134374959859997,0.4300328493118286,1.0,0.0052548076923076914,0.00033620192307692306,2,0.75,0.75,0.0
330,1059200,-765.7883291244507,-7.657883596420288,-765.7883291244507,-7.657883596420288,0.0,765.7883291244507,7.657883596420288,66.26728916168213,0.6626723480224603,3.4257554173469544,0.0,0.0,nan,nan,nan,nan,nan,nan,nan,nan,nan,nan,10592,-0.0006682094662508575,0.022814900241792203,1.3479690551757812,0.0036753643304109572,0.034489880315959454,0.034489880315959454,0.056982945650815964,0.0006910412156695095,0.0015187500161118806,0.5879819393157959,1.0,0.005240384615384615,0.00033509615384615387,2,0.75,0.75,0.0
331,1062400,-699.2574625015259,-6.9925746774673465,-699.2574625015259,-6.9925746774673465,0.0,699.2574625015259,6.9925746774673465,132.79815578460693,1.327981266975402,3.292885510921478,0.0,0.0,nan,nan,nan,nan,nan,nan,nan,nan,nan,nan,10624,-0.0005699374867253581,0.028382516279816628,1.4076562404632569,0.006264963187277317,0.03106494788080454,0.03106494788080454,0.0650166418403387,0.0007999458757703183,0.0017093749949708581,0.4474601745605469,1.0,0.005225961538461538,0.0003339903846153846,2,0.75,0.75,0.0
332,1065600,-801.2544298171997,-8.012544279098512,-801.2544298171997,-8.012544279098512,0.0,801.2544298171997,8.012544279098512,30.801188468933105,0.3080116653442371,4.086240999698639,0.0,0.0,nan,nan,nan,nan,nan,nan,nan,nan,nan,nan,10656,-0.0003856894870936323,0.02914135605096817,1.4041133761405944,0.006867397297173739,0.024700953625142574,0.024700953625142574,0.06630012579262257,0.0004852881142150451,6.874999962747097e-05,0.42801880836486816,1.0,0.005211538461538461,0.0003328846153846154,2,0.75,0.75,0.0
333,1068800,-780.4105463027954,-7.804105868339539,-780.4105463027954,-7.804105868339539,0.0,780.4105463027954,7.804105868339539,51.6450719833374,0.5164500761032098,3.8545481753349304,0.0,0.0,nan,nan,nan,nan,nan,nan,nan,nan,nan,nan,10688,-0.0006397401800349201,0.03573310375213623,1.4163800597190856,0.009865721128880978,0.03212177250534296,0.03212177250534296,0.06886405795812607,0.0005922640111756935,0.0018250000197440387,0.1881386637687683,1.0,0.005197115384615384,0.0003317788461538462,2,0.75,0.75,0.0
334,1072000,-771.451286315918,-7.714513034820556,-771.451286315918,-7.714513034820556,0.0,771.451286315918,7.714513034820556,60.604331970214844,0.6060429096221922,3.51611305475235,0.0,0.0,nan,nan,nan,nan,nan,nan,nan,nan,nan,nan,10720,-0.0006804622997354848,0.024337798170745373,1.427148962020874,0.004091962845996023,0.03152795620262623,0.03152795620262623,0.05989767350256443,0.0005753876415846062,0.00021874999656574802,0.3484377861022949,1.0,0.005182692307692307,0.00033067307692307693,2,0.75,0.75,0.0
335,1075200,-831.4982376098633,-8.314982047080994,-831.4982376098633,-8.314982047080994,0.0,831.4982376098633,8.314982047080994,0.5573806762695312,0.005573897361754732,4.0978016805648805,0.0,0.0,nan,nan,nan,nan,nan,nan,nan,nan,nan,nan,10752,-0.0004254312402394156,0.03620560821145773,1.4120480179786683,0.010379528300836683,0.028512117452919483,0.028512117452919483,0.06913257911801338,0.0004500321683743932,3.124999930150807e-05,0.469462513923645,1.0,0.005168269230769231,0.00032956730769230773,2,0.75,0.75,0.0
336,1078400,-718.9233169555664,-7.1892334794998165,-718.9233169555664,-7.1892334794998165,0.0,718.9233169555664,7.1892334794998165,113.1323013305664,1.131322464942932,2.745325984954834,0.0,0.0,nan,nan,nan,nan,nan,nan,nan,nan,nan,nan,10784,-0.0005811317287385265,0.029447456263005732,1.43504079580307,0.0067466168198734525,0.031989912316203115,0.031989912316203115,0.06585444957017898,0.0008814613382136241,0.0019250000441388693,0.5888930559158325,1.0,0.005153846153846154,0.0003284615384615385,2,0.75,0.75,0.0
337,1081600,-822.8042364120483,-8.228042821884156,-822.8042364120483,-8.228042821884156,0.0,822.8042364120483,8.228042821884156,9.251381874084473,0.0925131225585929,3.9840832018852232,0.0,0.0,nan,nan,nan,nan,nan,nan,nan,nan,nan,nan,10816,-0.0006339064341387757,0.025372949428856373,1.4302144050598145,0.004702091310173273,0.03016731534153223,0.03016731534153223,0.06139124669134617,0.0006176876930120228,0.0025562500333762726,0.6089699268341064,1.0,0.005139423076923077,0.00032735576923076924,2,0.75,0.75,0.0
338,1084800,-798.610405921936,-7.986104326248169,-798.610405921936,-7.986104326248169,0.0,798.610405921936,7.986104326248169,33.44521236419678,0.3344516181945796,3.865514113903046,0.0,0.0,nan,nan,nan,nan,nan,nan,nan,nan,nan,nan,10848,-0.0005256437820149173,0.034775967709720135,1.4396434068679809,0.009484167350456119,0.028971680626273155,0.028971680626273155,0.0680271852761507,0.000541015278577869,0.0,0.005523383617401123,1.0,0.005125,0.00032625000000000004,2,0.75,0.75,0.0
339,1088000,-722.8580570220947,-7.228580632209778,-722.8580570220947,-7.228580632209778,0.0,722.8580570220947,7.228580632209778,109.19756126403809,1.0919753122329707,3.5799951648712156,0.0,0.0,nan,nan,nan,nan,nan,nan,nan,nan,nan,nan,10880,-0.00047051966053253126,0.02473238278180361,1.428966498374939,0.0045928287785500285,0.03429188933223486,0.03429188933223486,0.058441654592752454,0.0006571505604377937,0.004184375019394793,0.551133930683136,1.0,0.005110576923076923,0.0003251442307692308,2,0.75,0.75,0.0
340,1091200,-742.9251661300659,-7.4292519092559814,-742.9251661300659,-7.4292519092559814,0.0,742.9251661300659,7.4292519092559814,89.1304521560669,0.8913040351867672,3.977217426300049,0.0,0.0,-496.5622570514679,-4.965622570514679,-496.5622570514679,-4.965622570514679,100.0,3.1215709757804873,0.0,0.0,496.5622570514679,36.9162495136261,10912,-0.0008426099541946286,0.023996219597756864,1.4263376235961913,0.0038866639602929353,0.03818208072334528,0.03818208072334528,0.06143071241676808,0.0009216971366194159,0.005343749979510903,0.44213610887527466,1.0,0.005096153846153847,0.0003240384615384616,2,0.75,0.75,0.0
341,1094400,-676.5799741744995,-6.765799660682678,-676.5799741744995,-6.765799660682678,0.0,676.5799741744995,6.765799660682678,155.4756441116333,1.5547562837600708,3.236279969215393,0.0,0.0,nan,nan,nan,nan,nan,nan,nan,nan,nan,nan,10944,-0.0003503159537926237,0.027533524483442307,1.4305782318115234,0.006146632879972458,0.02826707474887371,0.02826707474887371,0.060822509601712225,0.0005547875951386932,0.0,0.3963887691497803,1.0,0.005081730769230769,0.00032293269230769235,2,0.75,0.75,0.0
342,1097600,-865.3325881958008,-8.653326148986816,-865.3325881958008,-8.653326148986816,0.0,865.3325881958008,8.653326148986816,-33.27696990966797,-0.332770204544067,4.457072563171387,0.0,0.0,nan,nan,nan,nan,nan,nan,nan,nan,nan,nan,10976,-0.0004787929387050305,0.03475701026618481,1.4377690315246583,0.009614094439893962,0.02526843883097172,0.02526843883097172,0.07124566994607448,0.0005630769575881041,0.001778124988777563,0.3762126564979553,1.0,0.005067307692307691,0.00032182692307692305,2,0.75,0.75,0.0
343,1100800,-750.4471654891968,-7.504471683502198,-750.4471654891968,-7.504471683502198,0.0,750.4471654891968,7.504471683502198,81.60845279693604,0.816084260940551,3.5678606390953065,0.0,0.0,nan,nan,nan,nan,nan,nan,nan,nan,nan,nan,11008,-0.00025022566446217807,0.02158160340040922,1.443470311164856,0.0032468870747834446,0.022978791408240794,0.022978791408240794,0.0484021432697773,0.0002975448096556613,0.0,0.46983081102371216,1.0,0.0050528846153846145,0.0003207211538461538,2,0.75,0.75,0.0
344,1104000,-789.0546655654907,-7.890546789169312,-789.0546655654907,-7.890546789169312,0.0,789.0546655654907,7.890546789169312,43.00095272064209,0.43000915527343686,4.199338464736939,0.0,0.0,nan,nan,nan,nan,nan,nan,nan,nan,nan,nan,11040,-0.00043183569494580353,0.024925919808447362,1.4735525369644165,0.004606686159968376,0.024646371230483057,0.024646371230483057,0.06039828807115555,0.0005403222839966326,0.0004031250107800588,0.4865899682044983,1.0,0.005038461538461538,0.0003196153846153846,2,0.75,0.75,0.0
345,1107200,-832.1694221496582,-8.321694216728211,-832.1694221496582,-8.321694216728211,0.0,832.1694221496582,8.321694216728211,-0.11380386352539062,-0.0011382722854627048,4.396566669940949,0.0,0.0,nan,nan,nan,nan,nan,nan,nan,nan,nan,nan,11072,-0.0003058460992455547,0.034031395055353644,1.4558373928070067,0.009395668841898441,0.023230213113129138,0.023230213113129138,0.06312494799494743,0.0002958759203473086,0.0,0.38043564558029175,1.0,0.005024038461538461,0.00031850961538461536,2,0.75,0.75,0.0
346,1110400,-750.6862993240356,-7.506863079071045,-750.6862993240356,-7.506863079071045,0.0,750.6862993240356,7.506863079071045,81.36931896209717,0.8136928653717037,3.2132012844085693,0.0,0.0,nan,nan,nan,nan,nan,nan,nan,nan,nan,nan,11104,-0.00041303137188659634,0.029059340246021748,1.4516702055931092,0.006844329321756959,0.027413115836679935,0.027413115836679935,0.06614157371222973,0.00037361723943904457,0.0008718749973922968,0.4743897318840027,1.0,0.005009615384615384,0.00031740384615384616,2,0.75,0.75,0.0
347,1113600,-874.4100723266602,-8.744100513458251,-874.4100723266602,-8.744100513458251,0.0,874.4100723266602,8.744100513458251,-42.354454040527344,-0.42354456901550286,3.8978014993667602,0.0,0.0,nan,nan,nan,nan,nan,nan,nan,nan,nan,nan,11136,-0.0004676089537504646,0.030939526855945587,1.4749361515045165,0.007634564489126206,0.031031702272593976,0.031031702272593976,0.07225433811545372,0.0008011933301539156,0.005103125004097819,0.4813213348388672,1.0,0.004995192307692307,0.0003162980769230769,2,0.75,0.75,0.0
348,1116800,-806.8968343734741,-8.068968243598938,-806.8968343734741,-8.068968243598938,0.0,806.8968343734741,8.068968243598938,25.15878391265869,0.2515877008438103,4.0728478169441225,0.0,0.0,nan,nan,nan,nan,nan,nan,nan,nan,nan,nan,11168,-0.0004681036683410689,0.02599703073501587,1.4400471925735474,0.005357869295403361,0.024577893316745758,0.024577893316745758,0.05503026805818081,0.0004451251639701364,0.0,0.5092957615852356,1.0,0.0049807692307692305,0.00031519230769230767,2,0.75,0.75,0.0
349,1120000,-777.3872833251953,-7.773872885704041,-777.3872833251953,-7.773872885704041,0.0,777.3872833251953,7.773872885704041,54.6683349609375,0.5466830587387079,4.169108967781067,0.0,0.0,nan,nan,nan,nan,nan,nan,nan,nan,nan,nan,11200,-0.0002827142728147436,0.02197465542703867,1.4492880940437316,0.0035069472156465053,0.0273294685408473,0.0273294685408473,0.06181069649755955,0.0004189110399246263,0.0,0.5204254388809204,1.0,0.004966346153846154,0.0003140865384615385,2,0.75,0.75,0.0
350,1123200,-738.2901401519775,-7.382901082038879,-738.2901401519775,-7.382901082038879,0.0,738.2901401519775,7.382901082038879,93.76547813415527,0.9376548624038694,3.9092484092712403,0.0,0.0,nan,nan,nan,nan,nan,nan,nan,nan,nan,nan,11232,-0.00047371608433022515,0.048933247849345204,1.4653226613998414,0.016736742481589316,0.02652049493044615,0.02652049493044615,0.07787584140896797,0.00042252739494943027,0.00015937500284053386,0.34477734565734863,1.0,0.004951923076923077,0.0003129807692307692,2,0.75,0.75,0.0
351,1126400,-847.606128692627,-8.476061549186706,-847.606128692627,-8.476061549186706,0.0,847.606128692627,8.476061549186706,-15.55051040649414,-0.1555056047439578,4.296481604576111,0.0,0.0,nan,nan,nan,nan,nan,nan,nan,nan,nan,nan,11264,-0.0004096437633525074,0.02685615383088589,1.4505218386650085,0.005856481427326798,0.026213126070797444,0.026213126070797444,0.06223418526351452,0.00035705407999629056,0.00012499999720603228,0.5442496538162231,1.0,0.004937499999999999,0.00031187500000000003,2,0.75,0.75,0.0
352,1129600,-740.9238328933716,-7.409238533973694,-740.9238328933716,-7.409238533973694,0.0,740.9238328933716,7.409238533973694,91.13178539276123,0.9113174104690547,3.7069815516471865,0.0,0.0,nan,nan,nan,nan,nan,nan,nan,nan,nan,nan,11296,-0.00034374172839544135,0.03497461825609207,1.4621096014976502,0.009945489466190338,0.0303602933883667,0.0303602933883667,0.05931145958602428,0.00021960664980795862,0.0,0.3333823084831238,1.0,0.004923076923076922,0.0003107692307692308,2,0.75,0.75,0.0
353,1132800,-774.7231435775757,-7.747231035232544,-774.7231435775757,-7.747231035232544,0.0,774.7231435775757,7.747231035232544,57.33247470855713,0.5733249092102044,4.02161750793457,0.0,0.0,nan,nan,nan,nan,nan,nan,nan,nan,nan,nan,11328,-0.000429536387091467,0.026586685329675674,1.4649590730667115,0.005672829132527113,0.029924844577908515,0.029924844577908515,0.059288541227579115,0.0004520578304444115,0.0,0.43085455894470215,1.0,0.004908653846153846,0.00030966346153846154,2,0.75,0.75,0.0
354,1136000,-814.5240249633789,-8.145240359306335,-814.5240249633789,-8.145240359306335,0.0,814.5240249633789,8.145240359306335,17.531593322753906,0.17531558513641343,4.217359364032745,0.0,0.0,nan,nan,nan,nan,nan,nan,nan,nan,nan,nan,11360,-0.0006495194165327067,0.04799067974090576,1.4640293955802917,0.016180522087961436,0.028310790471732617,0.028310790471732617,0.06960833221673965,0.0008427456627039456,0.001071875006891787,0.31165552139282227,1.0,0.004894230769230769,0.00030855769230769234,2,0.75,0.75,0.0
355,1139200,-701.5059442520142,-7.01505925655365,-701.5059442520142,-7.01505925655365,0.0,701.5059442520142,7.01505925655365,130.54967403411865,1.3054966878890983,3.2507576537132263,0.0,0.0,nan,nan,nan,nan,nan,nan,nan,nan,nan,nan,11392,-0.0005840137656107913,0.023905551061034203,1.4789634585380553,0.004151704534888267,0.03509551100432873,0.03509551100432873,0.0536715280264616,0.0007171961859064965,1.875000016298145e-05,0.4709371328353882,1.0,0.004879807692307692,0.0003074519230769231,2,0.75,0.75,0.0
356,1142400,-810.5092077255249,-8.105091977119447,-810.5092077255249,-8.105091977119447,0.0,810.5092077255249,8.105091977119447,21.54641056060791,0.21546396732330209,4.153227729797363,0.0,0.0,nan,nan,nan,nan,nan,nan,nan,nan,nan,nan,11424,-0.0005979570939307344,0.029593090526759624,1.4790785670280457,0.007002301933243871,0.03344888687133789,0.03344888687133789,0.06528856307268142,0.00075365244847562,0.00012812500353902577,0.4371042251586914,1.0,0.004865384615384615,0.0003063461538461539,2,0.75,0.75,0.0
357,1145600,-825.0455360412598,-8.250455379486084,-825.0455360412598,-8.250455379486084,0.0,825.0455360412598,8.250455379486084,7.010082244873047,0.07010056495666461,4.009851968288421,0.0,0.0,nan,nan,nan,nan,nan,nan,nan,nan,nan,nan,11456,-0.0005317350563913247,0.03138820268213749,1.4925720810890197,0.007921956246718764,0.027631662599742413,0.027631662599742413,0.06328104063868523,0.0006989248400720968,0.0004062500112922862,0.3856637477874756,1.0,0.004850961538461538,0.00030524038461538465,2,0.75,0.75,0.0
358,1148800,-813.2449836730957,-8.132449722290039,-813.2449836730957,-8.132449722290039,0.0,813.2449836730957,8.132449722290039,18.81063461303711,0.1881062221527099,3.784699847698212,0.0,0.0,nan,nan,nan,nan,nan,nan,nan,nan,nan,nan,11488,-0.00026093458955592783,0.031482532434165475,1.5095670819282532,0.008179252548143268,0.026603886485099794,0.026603886485099794,0.059191197901964185,0.0005685512422139367,4.0625000838190314e-05,0.39867103099823,1.0,0.0048365384615384616,0.0003041346153846154,2,0.75,0.75,0.0
359,1152000,-766.0646924972534,-7.660646858215332,-766.0646924972534,-7.660646858215332,0.0,766.0646924972534,7.660646858215332,65.9909257888794,0.6599090862274162,3.7946798467636107,0.0,0.0,nan,nan,nan,nan,nan,nan,nan,nan,nan,nan,11520,-0.0004842637591908172,0.02501493189483881,1.523213005065918,0.00467809340916574,0.0324449073523283,0.0324449073523283,0.056018424406647685,0.00041687662651447734,0.0,0.48946988582611084,1.0,0.004822115384615385,0.0003030288461538462,2,0.75,0.75,0.0
360,1155200,-733.1517686843872,-7.331517634391784,-733.1517686843872,-7.331517634391784,0.0,733.1517686843872,7.331517634391784,98.9038496017456,0.9890383100509643,3.45684552192688,0.0,0.0,-456.28877341747284,-4.562887734174728,-456.28877341747284,-4.562887734174728,100.0,3.091443636417389,0.0,0.0,456.28877341747284,77.18973314762115,11552,-0.00038228003769180674,0.024079455062747,1.5277525424957275,0.004312483035027981,0.028689948841929436,0.028689948841929436,0.0582245659083128,0.0006563133114474909,0.0015843750268686562,0.48691970109939575,1.0,0.004807692307692308,0.00030192307692307696,2,0.75,0.75,0.0
361,1158400,-795.6033039093018,-7.956032629013062,-795.6033039093018,-7.956032629013062,0.0,795.6033039093018,7.956032629013062,36.452314376831055,0.36452331542968697,3.733935680389404,0.0,0.0,nan,nan,nan,nan,nan,nan,nan,nan,nan,nan,11584,-0.00035359706931776814,0.027352665178477766,1.5143299579620362,0.006064144382253289,0.030330132320523263,0.030330132320523263,0.061616836488246916,0.0003064688360616049,0.0,0.4189109802246094,1.0,0.00479326923076923,0.00030081730769230766,2,0.75,0.75,0.0
362,1161600,-862.7203283309937,-8.627202730178833,-862.7203283309937,-8.627202730178833,0.0,862.7203283309937,8.627202730178833,-30.66471004486084,-0.30664678573608484,4.120084588527679,0.0,0.0,nan,nan,nan,nan,nan,nan,nan,nan,nan,nan,11616,-0.0006120493445865627,0.03197932075709105,1.5178549885749817,0.008124015666544438,0.034932369366288185,0.034932369366288185,0.06177142858505249,0.0005540677311734928,0.0003406250034458935,0.5140584111213684,1.0,0.004778846153846153,0.00029971153846153846,2,0.75,0.75,0.0
363,1164800,-763.2262086868286,-7.632262086868286,-763.2262086868286,-7.632262086868286,0.0,763.2262086868286,7.632262086868286,68.8294095993042,0.6882938575744628,3.6542802023887635,0.0,0.0,nan,nan,nan,nan,nan,nan,nan,nan,nan,nan,11648,-0.0005103677882230429,0.02057422623038292,1.5270651221275329,0.0025011606514453886,0.02885992471128702,0.02885992471128702,0.05141782946884632,0.0008786736430926357,0.0004531249956926331,0.400385320186615,1.0,0.004764423076923076,0.0002986057692307692,2,0.75,0.75,0.0
364,1168000,-805.6667947769165,-8.05666780948639,-805.6667947769165,-8.05666780948639,0.0,805.6667947769165,8.05666780948639,26.38882350921631,0.26388813495635866,4.320115308761597,0.0,0.0,nan,nan,nan,nan,nan,nan,nan,nan,nan,nan,11680,-0.0004670160496054399,0.03642711378633976,1.52394140958786,0.010507819335907697,0.04298736564815044,0.04298736564815044,0.06821009069681168,0.0005599667969369527,2.5000001187436283e-05,0.23891335725784302,1.0,0.004749999999999999,0.00029749999999999997,2,0.75,0.75,0.0
365,1171200,-772.8890209197998,-7.728890571594238,-772.8890209197998,-7.728890571594238,0.0,772.8890209197998,7.728890571594238,59.16659736633301,0.5916653728485102,3.9873323154449465,0.0,0.0,nan,nan,nan,nan,nan,nan,nan,nan,nan,nan,11712,-0.0003712803363407124,0.027482204511761664,1.5381207823753358,0.006085932767018676,0.025771955959498882,0.025771955959498882,0.06088693365454674,0.0007717729466100331,0.0,0.45141780376434326,1.0,0.004735576923076922,0.0002963942307692308,2,0.75,0.75,0.0
366,1174400,-718.8482065200806,-7.188482356071472,-718.8482065200806,-7.188482356071472,0.0,718.8482065200806,7.188482356071472,113.20741176605225,1.1320735883712763,3.5952766060829164,0.0,0.0,nan,nan,nan,nan,nan,nan,nan,nan,nan,nan,11744,-0.0008185790313116392,0.03385439645498991,1.5307887554168702,0.008881529560312629,0.043713795766234395,0.043713795766234395,0.07052194364368916,0.0010403478276208803,0.0008031249977648258,0.03500944375991821,1.0,0.004721153846153845,0.0002952884615384615,2,0.75,0.75,0.0
367,1177600,-755.2478542327881,-7.552478885650634,-755.2478542327881,-7.552478885650634,0.0,755.2478542327881,7.552478885650634,76.80776405334473,0.7680770587921142,3.483695077896118,0.0,0.0,nan,nan,nan,nan,nan,nan,nan,nan,nan,nan,11776,-0.0004935175369551459,0.02435608860105276,1.5311906576156615,0.004477624827995896,0.024506598338484765,0.024506598338484765,0.05795520953834057,0.000649018669356008,0.0,0.4186514616012573,1.0,0.004706730769230769,0.00029418269230769233,2,0.75,0.75,0.0
368,1180800,-913.2832632064819,-9.132832832336426,-913.2832632064819,-9.132832832336426,0.0,913.2832632064819,9.132832832336426,-81.22764492034912,-0.8122768878936775,4.8977436828613286,0.0,0.0,nan,nan,nan,nan,nan,nan,nan,nan,nan,nan,11808,-0.00037571501819040344,0.04570173323154449,1.5068167209625245,0.015404704213142394,0.029604175500571726,0.029604175500571726,0.08259522169828415,0.0004030268120920553,0.0,0.24560463428497314,1.0,0.004692307692307692,0.0002930769230769231,2,0.75,0.75,0.0
369,1184000,-746.5645446777344,-7.465645265579224,-746.5645446777344,-7.465645265579224,0.0,746.5645446777344,7.465645265579224,85.49107360839844,0.8549106788635248,3.5097169518470763,0.0,0.0,nan,nan,nan,nan,nan,nan,nan,nan,nan,nan,11840,-0.0006208064127131152,0.02802781220525503,1.5201354026794434,0.006282081408426165,0.034593037143349645,0.034593037143349645,0.059879637137055394,0.00065811933327556,0.0,0.36075443029403687,1.0,0.004677884615384615,0.00029197115384615383,2,0.75,0.75,0.0
370,1187200,-775.0253171920776,-7.7502531242370605,-775.0253171920776,-7.7502531242370605,0.0,775.0253171920776,7.7502531242370605,57.030301094055176,0.5703028202056881,3.925658497810364,0.0,0.0,nan,nan,nan,nan,nan,nan,nan,nan,nan,nan,11872,-0.0003453194597270226,0.02706602942198515,1.5087487697601318,0.006151703698560595,0.027210313081741332,0.027210313081741332,0.06496419869363308,0.0008465144313965398,0.0004031249787658453,0.4400993585586548,1.0,0.004663461538461538,0.00029086538461538464,2,0.75,0.75,0.0
371,1190400,-773.0211200714111,-7.730210947990417,-773.0211200714111,-7.730210947990417,0.0,773.0211200714111,7.730210947990417,59.03449821472168,0.5903449964523313,4.097646541595459,0.0,0.0,nan,nan,nan,nan,nan,nan,nan,nan,nan,nan,11904,-0.0003709099444538788,0.03305248096585274,1.528682827949524,0.009048425080254673,0.03307853452861309,0.03307853452861309,0.07404696866869927,0.0003955998967291345,0.0,0.15639543533325195,1.0,0.004649038461538461,0.0002897596153846154,2,0.75,0.75,0.0
372,1193600,-877.2734470367432,-8.77273491859436,-877.2734470367432,-8.77273491859436,0.0,877.2734470367432,8.77273491859436,-45.21782875061035,-0.4521789741516109,4.6355472803115845,0.0,0.0,nan,nan,nan,nan,nan,nan,nan,nan,nan,nan,11936,-0.000573179842781979,0.055817381292581555,1.5169122099876404,0.02030520625412464,0.03025149032473564,0.03025149032473564,0.08895623981952668,0.0005477530598006576,0.0,0.28799760341644287,1.0,0.004634615384615385,0.0002886538461538462,2,0.75,0.75,0.0
373,1196800,-751.1419219970703,-7.511418900489807,-751.1419219970703,-7.511418900489807,0.0,751.1419219970703,7.511418900489807,80.9136962890625,0.8091370439529415,3.8357987880706785,0.0,0.0,nan,nan,nan,nan,nan,nan,nan,nan,nan,nan,11968,-0.0003537634538143708,0.04528711587190628,1.5119859337806703,0.015304129105061293,0.03555899225175381,0.03555899225175381,0.07553629279136657,0.0005714228065705309,1.5624999650754035e-05,0.32061004638671875,1.0,0.004620192307692308,0.00028754807692307695,2,0.75,0.75,0.0
374,1200000,-833.8665771484375,-8.338665523529052,-833.8665771484375,-8.338665523529052,0.0,833.8665771484375,8.338665523529052,-1.8109588623046875,-0.018109579086303285,3.598565833568573,0.0,0.0,nan,nan,nan,nan,nan,nan,nan,nan,nan,nan,12000,-0.0004906706254172554,0.034670576266944406,1.5110135674476624,0.009885237785056233,0.026125426404178143,0.026125426404178143,0.06413090787827969,0.0007012437248710799,0.0008062500150117557,0.42429298162460327,1.0,0.00460576923076923,0.0002864423076923077,2,0.75,0.75,0.0
375,1203200,-779.4784173965454,-7.794784145355225,-779.4784173965454,-7.794784145355225,0.0,779.4784173965454,7.794784145355225,52.5772008895874,0.5257717990875239,4.070230233669281,0.0,0.0,nan,nan,nan,nan,nan,nan,nan,nan,nan,nan,12032,-0.0005487473773391649,0.030535976774990557,1.5076388239860534,0.007797149010002613,0.024908292479813098,0.024908292479813098,0.07953797206282616,0.0005190243713520647,0.0004124999977648258,0.2656093239784241,1.0,0.004591346153846153,0.0002853365384615385,2,0.75,0.75,0.0
376,1206400,-804.0456323623657,-8.040456342697144,-804.0456323623657,-8.040456342697144,0.0,804.0456323623657,8.040456342697144,28.00998592376709,0.28009960174560433,4.215028235912323,0.0,0.0,nan,nan,nan,nan,nan,nan,nan,nan,nan,nan,12064,-0.0004364174970483692,0.029320735856890677,1.4803145051002502,0.007448665099218488,0.026642704382538795,0.026642704382538795,0.06696006283164024,0.0003340382923858919,0.0,0.23115891218185425,1.0,0.0045769230769230765,0.00028423076923076926,2,0.75,0.75,0.0
377,1209600,-810.782057762146,-8.10782024860382,-810.782057762146,-8.10782024860382,0.0,810.782057762146,8.10782024860382,21.273560523986816,0.21273569583892815,3.9534949493408202,0.0,0.0,nan,nan,nan,nan,nan,nan,nan,nan,nan,nan,12096,-0.0002831584466033377,0.042273377254605296,1.4820422530174255,0.014091712422668934,0.02828886713832617,0.02828886713832617,0.06808833219110966,0.00026533887712571955,0.0,0.3469412326812744,1.0,0.0045625,0.00028312500000000006,2,0.75,0.75,0.0
378,1212800,-841.2958841323853,-8.412958478927612,-841.2958841323853,-8.412958478927612,0.0,841.2958841323853,8.412958478927612,-9.240265846252441,-0.09240253448486335,4.422255578041077,0.0,0.0,nan,nan,nan,nan,nan,nan,nan,nan,nan,nan,12128,-0.0002975001352933937,0.03789583332836628,1.4608811616897583,0.01200621658936143,0.02490440495312214,0.02490440495312214,0.07168519422411919,0.0002590718926519625,0.0,0.33458656072616577,1.0,0.004548076923076923,0.0002820192307692308,2,0.75,0.75,0.0
379,1216000,-788.9970006942749,-7.889970045089722,-788.9970006942749,-7.889970045089722,0.0,788.9970006942749,7.889970045089722,43.05861759185791,0.4305858993530265,4.600884847640991,0.0,0.0,nan,nan,nan,nan,nan,nan,nan,nan,nan,nan,12160,-0.0005003545474842941,0.0571796927601099,1.4586201071739198,0.021476612985134126,0.030994555912911892,0.030994555912911892,0.08428150564432144,0.0003559243583829548,8.125000167638063e-05,0.2140170931816101,1.0,0.004533653846153846,0.00028091346153846157,2,0.75,0.75,0.0
380,1219200,-844.8112192153931,-8.448112239837647,-844.8112192153931,-8.448112239837647,0.0,844.8112192153931,8.448112239837647,-12.755600929260254,-0.1275562953948981,4.809806127548217,0.0,0.0,-567.9262311458588,-5.679262311458587,-567.9262311458588,-5.679262311458587,100.0,3.4881737244129183,0.0,0.0,567.9262311458588,-34.44772458076477,12192,-0.0006184006810188158,0.035199842043221,1.4621732234954834,0.010373622318729759,0.02976873517036438,0.02976873517036438,0.07193380072712899,0.0009612903617387906,0.0017187499557621776,0.21020323038101196,1.0,0.004519230769230769,0.0002798076923076924,2,0.75,0.75,0.0
381,1222400,-793.0000219345093,-7.930000581741333,-793.0000219345093,-7.930000581741333,0.0,793.0000219345093,7.930000581741333,39.055596351623535,0.39055536270141555,3.9344076919555664,0.0,0.0,nan,nan,nan,nan,nan,nan,nan,nan,nan,nan,12224,-0.0005848757808242233,0.04710433967411518,1.4552336812019349,0.016411746107041835,0.03639673963189125,0.03639673963189125,0.08379358723759651,0.0005470858752239771,0.0,0.263766348361969,1.0,0.004504807692307692,0.00027870192307692307,2,0.75,0.75,0.0
382,1225600,-665.6661615371704,-6.656661849021912,-665.6661615371704,-6.656661849021912,0.0,665.6661615371704,6.656661849021912,166.3894567489624,1.6638940954208365,3.161275465488434,0.0,0.0,nan,nan,nan,nan,nan,nan,nan,nan,nan,nan,12256,-0.00040705231981092994,0.03378127682954073,1.4575080275535583,0.009938814118504525,0.0258285291492939,0.0258285291492939,0.0851883463561535,0.000602218977656592,0.0005031249951571226,0.4182766079902649,1.0,0.004490384615384615,0.0002775961538461538,2,0.75,0.75,0.0
383,1228800,-797.1522665023804,-7.971523003578186,-797.1522665023804,-7.971523003578186,0.0,797.1522665023804,7.971523003578186,34.90335178375244,0.3490329408645625,4.550476865768433,0.0,0.0,nan,nan,nan,nan,nan,nan,nan,nan,nan,nan,12288,-0.0006362830561003286,0.01673131072893739,1.4238134384155274,0.0013564383611083032,0.0389112439006567,0.0389112439006567,0.04064514748752117,0.0009585786807300451,0.002390625048428774,0.5833127498626709,1.0,0.004475961538461538,0.0002764903846153846,2,0.75,0.75,0.0
384,1232000,-782.5494594573975,-7.825494694709778,-782.5494594573975,-7.825494694709778,0.0,782.5494594573975,7.825494694709778,49.50615882873535,0.49506124973297094,4.161201791763306,0.0,0.0,nan,nan,nan,nan,nan,nan,nan,nan,nan,nan,12320,-0.00022339374936883872,0.03067274931818247,1.4511811494827271,0.008638480398803949,0.020757367089390754,0.020757367089390754,0.05801787190139294,0.0004994821540102145,0.0,0.27724629640579224,1.0,0.00446153846153846,0.0002753846153846154,2,0.75,0.75,0.0
385,1235200,-774.7426404953003,-7.747426180839539,-774.7426404953003,-7.747426180839539,0.0,774.7426404953003,7.747426180839539,57.31297779083252,0.5731297636032098,3.7683462476730347,0.0,0.0,nan,nan,nan,nan,nan,nan,nan,nan,nan,nan,12352,-0.00042974298427296277,0.027760410495102406,1.427644968032837,0.007101560197770596,0.02498007155954838,0.02498007155954838,0.05688785314559937,0.0005129714121729691,2.8124998789280652e-05,0.545529842376709,1.0,0.0044471153846153836,0.00027427884615384613,2,0.75,0.75,0.0
386,1238400,-801.4740390777588,-8.014740309715272,-801.4740390777588,-8.014740309715272,0.0,801.4740390777588,8.014740309715272,30.581579208374023,0.30581563472747675,3.918390784263611,0.0,0.0,nan,nan,nan,nan,nan,nan,nan,nan,nan,nan,12384,-0.000340732334839422,0.03368161041289568,1.453838872909546,0.010055652959272266,0.025548557192087172,0.025548557192087172,0.0712171696126461,0.0005693867577072477,0.0004031249787658453,0.2860937714576721,1.0,0.004432692307692307,0.00027317307692307694,2,0.75,0.75,0.0
387,1241600,-884.2325553894043,-8.842325325012206,-884.2325553894043,-8.842325325012206,0.0,884.2325553894043,8.842325325012206,-52.176937103271484,-0.5217693805694577,5.206991047859192,0.0,0.0,nan,nan,nan,nan,nan,nan,nan,nan,nan,nan,12416,-0.0007157073647526158,0.05721273459494114,1.4645073890686036,0.021420071832835674,0.04301283359527588,0.04301283359527588,0.08831876739859582,0.0004675303900520088,4.68749989522621e-05,0.3286280035972595,1.0,0.00441826923076923,0.0002720673076923077,2,0.75,0.75,0.0
388,1244800,-898.9428834915161,-8.989428968429566,-898.9428834915161,-8.989428968429566,0.0,898.9428834915161,8.989428968429566,-66.8872652053833,-0.6688730239868175,4.61204195022583,0.0,0.0,nan,nan,nan,nan,nan,nan,nan,nan,nan,nan,12448,-0.0005371133174630671,0.05669099912047386,1.4455513954162598,0.02144240029156208,0.03608916141092777,0.03608916141092777,0.09525122195482254,0.0010295844687796623,0.0001499999954830855,0.19954371452331543,1.0,0.004403846153846153,0.00027096153846153844,2,0.75,0.75,0.0
389,1248000,-813.6837863922119,-8.136837525367737,-813.6837863922119,-8.136837525367737,0.0,813.6837863922119,8.136837525367737,18.3718318939209,0.18371841907501185,3.8618471741676332,0.0,0.0,nan,nan,nan,nan,nan,nan,nan,nan,nan,nan,12480,-0.0004924531457479953,0.020286868140101433,1.4415676474571228,0.003323330823332071,0.026101687178015708,0.026101687178015708,0.05634251646697521,0.0009219073115681054,0.0019062500214204192,0.5499142408370972,1.0,0.004389423076923076,0.00026985576923076925,2,0.75,0.75,0.0
390,1251200,-799.305365562439,-7.993053755760193,-799.305365562439,-7.993053755760193,0.0,799.305365562439,7.993053755760193,32.75025272369385,0.32750218868255576,3.724615890979767,0.0,0.0,nan,nan,nan,nan,nan,nan,nan,nan,nan,nan,12512,-0.0006589088169858037,0.03709278553724289,1.4459802389144898,0.011561320722103119,0.03732449784874916,0.03732449784874916,0.06864605024456978,0.0005417924086949268,3.4374999813735485e-05,0.23118728399276733,1.0,0.0043749999999999995,0.00026875,2,0.75,0.75,0.0
391,1254400,-860.20769739151,-8.60207706451416,-860.20769739151,-8.60207706451416,0.0,860.20769739151,8.60207706451416,-28.152079105377197,-0.28152112007141206,4.860651865005493,0.0,0.0,nan,nan,nan,nan,nan,nan,nan,nan,nan,nan,12544,-0.00032550907822148645,0.06733399890363216,1.441831600666046,0.027054272405803204,0.01947599370032549,0.01947599370032549,0.08400864750146866,0.0007225873476280507,0.0,0.18972313404083252,1.0,0.004360576923076923,0.0002676442307692308,2,0.75,0.75,0.0
392,1257600,-815.2328386306763,-8.152328004837036,-815.2328386306763,-8.152328004837036,0.0,815.2328386306763,8.152328004837036,16.822779655456543,0.16822793960571225,3.881402909755707,0.0,0.0,nan,nan,nan,nan,nan,nan,nan,nan,nan,nan,12576,-0.0007524792556650617,0.0299833744764328,1.45623277425766,0.007910196110606194,0.037290436960756776,0.037290436960756776,0.06849418804049492,0.000900403506421603,0.002096875009010546,0.5212006568908691,1.0,0.004346153846153846,0.00026653846153846156,2,0.75,0.75,0.0
393,1260800,-835.150411605835,-8.351504077911377,-835.150411605835,-8.351504077911377,0.0,835.150411605835,8.351504077911377,-3.0947933197021484,-0.03094813346862857,4.7090858507156375,0.0,0.0,nan,nan,nan,nan,nan,nan,nan,nan,nan,nan,12608,-0.0007976134141848945,0.048098606243729594,1.4524959206581116,0.016959868744015692,0.05216180607676506,0.05216180607676506,0.08148366510868073,0.0014141135961843886,0.006043749858508818,0.34328508377075195,1.0,0.004331730769230769,0.0002654326923076923,2,0.75,0.75,0.0
394,1264000,-818.9453506469727,-8.189453310966492,-818.9453506469727,-8.189453310966492,0.0,818.9453506469727,8.189453310966492,13.110267639160156,0.1311026334762566,4.033487439155579,0.0,0.0,nan,nan,nan,nan,nan,nan,nan,nan,nan,nan,12640,-0.000502324829986911,0.03426926545798779,1.4861683607101441,0.0102160616312176,0.02878202125430107,0.02878202125430107,0.06271496675908565,0.0009332450281370304,0.00015937499701976777,0.37182748317718506,1.0,0.004317307692307692,0.0002643269230769231,2,0.75,0.75,0.0
395,1267200,-872.1070327758789,-8.721070213317871,-872.1070327758789,-8.721070213317871,0.0,872.1070327758789,8.721070213317871,-40.051414489746094,-0.4005142688751224,4.916100769042969,0.0,0.0,nan,nan,nan,nan,nan,nan,nan,nan,nan,nan,12672,-0.00016440691533929906,0.035169915109872815,1.4837443351745605,0.011036170274019241,0.025286962278187275,0.025286962278187275,0.06848105117678642,0.00039702337799172075,0.0,0.38011711835861206,1.0,0.0043028846153846155,0.00026322115384615387,2,0.75,0.75,0.0
396,1270400,-718.6290235519409,-7.186290574073792,-718.6290235519409,-7.186290574073792,0.0,718.6290235519409,7.186290574073792,113.4265947341919,1.134265370368957,4.011493911743164,0.0,0.0,nan,nan,nan,nan,nan,nan,nan,nan,nan,nan,12704,-0.0005802021884301123,0.022376626543700696,1.4887673139572144,0.004223589645698666,0.03668533936142922,0.03668533936142922,0.05982684753835201,0.0006643882130454501,0.0006218750000698492,0.5160053372383118,1.0,0.004288461538461539,0.0002621153846153847,2,0.75,0.75,0.0
397,1273600,-790.969199180603,-7.9096919584274294,-790.969199180603,-7.9096919584274294,0.0,790.969199180603,7.9096919584274294,41.086419105529785,0.41086398601531915,3.6163997936248777,0.0,0.0,nan,nan,nan,nan,nan,nan,nan,nan,nan,nan,12736,-0.0005931207418005124,0.04215060882270336,1.4673304200172423,0.014210756309330464,0.037342839688062665,0.037342839688062665,0.08170755878090859,0.0007866120340630129,0.0008624999958556145,0.295954167842865,1.0,0.004274038461538461,0.0002610096153846154,2,0.75,0.75,0.0
398,1276800,-706.5054225921631,-7.065054659843445,-706.5054225921631,-7.065054659843445,0.0,706.5054225921631,7.065054659843445,125.55019569396973,1.2555012845993039,3.3042002534866333,0.0,0.0,nan,nan,nan,nan,nan,nan,nan,nan,nan,nan,12768,-0.0004100755910913634,0.019926187954843043,1.4622483134269715,0.0033244033809751274,0.024852618016302584,0.024852618016302584,0.05574443340301514,0.0006567931104662879,0.0,0.7428135275840759,1.0,0.004259615384615384,0.0002599038461538462,2,0.75,0.75,0.0
399,1280000,-800.1782541275024,-8.001782946586609,-800.1782541275024,-8.001782946586609,0.0,800.1782541275024,8.001782946586609,31.87736415863037,0.31877299785614,4.166904661655426,0.0,0.0,nan,nan,nan,nan,nan,nan,nan,nan,nan,nan,12800,-0.00035382101912981854,0.0380623746663332,1.4501577138900756,0.01252116784453392,0.03485138416290283,0.03485138416290283,0.07593408301472664,0.00025725475370639184,0.0,0.35374975204467773,1.0,0.0042451923076923075,0.000258798076923077,2,0.75,0.75,0.0
400,1283200,-845.8857984542847,-8.458858108520507,-845.8857984542847,-8.458858108520507,0.0,845.8857984542847,8.458858108520507,-13.830180168151855,-0.13830216407775886,4.494099855422974,0.0,0.0,-600.0776584148407,-6.000776584148407,-600.0776584148407,-6.000776584148407,100.0,4.017106130123138,0.0,0.0,600.0776584148407,-66.5991518497467,12832,-0.0005051791492995062,0.04205314926803112,1.4489938259124755,0.014391036797314882,0.04154897630214691,0.04154897630214691,0.07926773577928543,0.000611300126366466,0.0,0.4039468765258789,1.0,0.00423076923076923,0.0002576923076923077,2,0.75,0.75,0.0
401,1286400,-847.6802310943604,-8.476802263259888,-847.6802310943604,-8.476802263259888,0.0,847.6802310943604,8.476802263259888,-15.624612808227539,-0.15624631881713924,4.528129963874817,0.0,0.0,nan,nan,nan,nan,nan,nan,nan,nan,nan,nan,12864,-0.0005222436377953166,0.0467280924320221,1.462581992149353,0.01667505092918873,0.023477355763316155,0.023477355763316155,0.07638307511806489,0.0008191099157564793,1.2500000593718141e-05,0.32429081201553345,1.0,0.004216346153846153,0.00025658653846153843,2,0.75,0.75,0.0
402,1289600,-913.1422357559204,-9.131422262191773,-913.1422357559204,-9.131422262191773,0.0,913.1422357559204,9.131422262191773,-81.0866174697876,-0.8108663177490243,4.430887527465821,0.0,0.0,nan,nan,nan,nan,nan,nan,nan,nan,nan,nan,12896,-0.0001573528533247881,0.047976458072662355,1.4610166430473328,0.01769179627299309,0.030896976217627527,0.030896976217627527,0.0833810567855835,0.0002538261296657511,0.0,0.23858356475830078,1.0,0.004201923076923076,0.00025548076923076924,2,0.75,0.75,0.0
403,1292800,-816.0491275787354,-8.16049126625061,-816.0491275787354,-8.16049126625061,0.0,816.0491275787354,8.16049126625061,16.00649070739746,0.1600646781921391,3.861407678127289,0.0,0.0,nan,nan,nan,nan,nan,nan,nan,nan,nan,nan,12928,-0.0006754968180204379,0.030753032863140108,1.4708085775375366,0.00854200841858983,0.041059236600995065,0.041059236600995065,0.06933019831776618,0.0006151957684786323,0.0,0.5420506596565247,1.0,0.004187499999999999,0.000254375,2,0.75,0.75,0.0
404,1296000,-822.1333780288696,-8.221333951950074,-822.1333780288696,-8.221333951950074,0.0,822.1333780288696,8.221333951950074,9.922240257263184,0.09922199249267472,3.7820145225524904,0.0,0.0,nan,nan,nan,nan,nan,nan,nan,nan,nan,nan,12960,-0.0005255696949461707,0.0300871504470706,1.4458584666252137,0.00848432737402618,0.035103628411889076,0.035103628411889076,0.0690515011548996,0.0007288791795880474,0.0,0.5155245065689087,1.0,0.004173076923076923,0.00025326923076923074,2,0.75,0.75,0.0
405,1299200,-874.1909008026123,-8.741909008026123,-874.1909008026123,-8.741909008026123,0.0,874.1909008026123,8.741909008026123,-42.13528251647949,-0.4213530635833749,4.657151741981506,0.0,0.0,nan,nan,nan,nan,nan,nan,nan,nan,nan,nan,12992,-0.00046597328618513956,0.03541044034063816,1.438441276550293,0.01125726792961359,0.03247870970517397,0.03247870970517397,0.06731671281158924,0.0006587988313193568,0.0015375000424683095,0.5820156335830688,1.0,0.004158653846153846,0.00025216346153846155,2,0.75,0.75,0.0
406,1302400,-773.6237668991089,-7.73623740196228,-773.6237668991089,-7.73623740196228,0.0,773.6237668991089,7.73623740196228,58.431851387023926,0.5843185424804682,3.5741189408302305,0.0,0.0,nan,nan,nan,nan,nan,nan,nan,nan,nan,nan,13024,-0.0004804750779483946,0.03867705836892128,1.4494181632995606,0.012851330172270536,0.03547246269881725,0.03547246269881725,0.06909725666046143,0.00040072020165178666,0.0,0.5933421850204468,1.0,0.004144230769230769,0.0002510576923076923,2,0.75,0.75,0.0
407,1305600,-731.1919231414795,-7.311919403076172,-731.1919231414795,-7.311919403076172,0.0,731.1919231414795,7.311919403076172,100.86369514465332,1.0086365413665765,3.605174174308777,0.0,0.0,nan,nan,nan,nan,nan,nan,nan,nan,nan,nan,13056,-0.0005248114177842211,0.028293269872665405,1.4532008647918702,0.007620383705943823,0.03325214646756649,0.03325214646756649,0.06099318526685238,0.0005779214678122175,8.750000270083547e-05,0.5799160003662109,1.0,0.004129807692307691,0.0002499519230769231,2,0.75,0.75,0.0
408,1308800,-724.821005821228,-7.248210425376892,-724.821005821228,-7.248210425376892,0.0,724.821005821228,7.248210425376892,107.23461246490479,1.0723455190658564,3.7656048583984374,0.0,0.0,nan,nan,nan,nan,nan,nan,nan,nan,nan,nan,13088,-0.0004987991228873945,0.0407431710511446,1.4730862855911255,0.013810470048338176,0.03357711434364319,0.03357711434364319,0.07757597491145134,0.0005619956553353909,0.0,0.3094382882118225,1.0,0.0041153846153846145,0.00024884615384615386,2,0.75,0.75,0.0
409,1312000,-751.5141191482544,-7.515141191482544,-751.5141191482544,-7.515141191482544,0.0,751.5141191482544,7.515141191482544,80.54149913787842,0.8054147529602043,3.5141279435157777,0.0,0.0,nan,nan,nan,nan,nan,nan,nan,nan,nan,nan,13120,-0.0005645941965164881,0.033993047289550306,1.4740538120269775,0.010386891150847077,0.03746540695428848,0.03746540695428848,0.06692568585276604,0.000506324396156559,0.0,0.33316272497177124,1.0,0.004100961538461538,0.0002477403846153846,2,0.75,0.75,0.0
410,1315200,-763.0125799179077,-7.630125689506531,-763.0125799179077,-7.630125689506531,0.0,763.0125799179077,7.630125689506531,69.0430383682251,0.690430254936218,4.116814150810241,0.0,0.0,nan,nan,nan,nan,nan,nan,nan,nan,nan,nan,13152,-0.00047653985462092763,0.01613972056657076,1.4824586272239686,0.001535195903852582,0.0259575504809618,0.0259575504809618,0.051306207478046414,0.0005732021438241795,0.001353124959859997,0.6268951296806335,1.0,0.004086538461538461,0.0002466346153846154,2,0.75,0.75,0.0
411,1318400,-830.068775177002,-8.30068759918213,-830.068775177002,-8.30068759918213,0.0,830.068775177002,8.30068759918213,1.9868431091308594,0.01986834526061898,4.05803254365921,0.0,0.0,nan,nan,nan,nan,nan,nan,nan,nan,nan,nan,13184,-0.0008699944568972384,0.03787412196397781,1.4837473273277282,0.012025076430290937,0.044030719250440595,0.044030719250440595,0.07892189398407937,0.0008956422258059718,0.003974999999627471,0.2262258529663086,1.0,0.004072115384615384,0.00024552884615384617,2,0.75,0.75,0.0
412,1321600,-852.4577713012695,-8.524577951431274,-852.4577713012695,-8.524577951431274,0.0,852.4577713012695,8.524577951431274,-20.40215301513672,-0.20402200698852546,4.29025899887085,0.0,0.0,nan,nan,nan,nan,nan,nan,nan,nan,nan,nan,13216,-0.0003281198890501491,0.026909507252275942,1.476417601108551,0.007135785045102238,0.021515314653515815,0.021515314653515815,0.06059718206524849,0.0006653549320624636,0.0004937499936204404,0.5441226959228516,1.0,0.004057692307692307,0.00024442307692307697,2,0.75,0.75,0.0
413,1324800,-788.233362197876,-7.882333540916443,-788.233362197876,-7.882333540916443,0.0,788.233362197876,7.882333540916443,43.822256088256836,0.43822240352630537,3.7199405574798585,0.0,0.0,nan,nan,nan,nan,nan,nan,nan,nan,nan,nan,13248,-0.0003677845702361182,0.02945761978626251,1.4765535235404967,0.00839092186652124,0.023824006132781506,0.023824006132781506,0.06699259392917156,0.0003007433697355667,0.0,0.6795092225074768,1.0,0.0040432692307692305,0.00024331730769230772,2,0.75,0.75,0.0
414,1328000,-803.7992763519287,-8.037993106842041,-803.7992763519287,-8.037993106842041,0.0,803.7992763519287,8.037993106842041,28.2563419342041,0.28256283760070744,4.329920835494995,0.0,0.0,nan,nan,nan,nan,nan,nan,nan,nan,nan,nan,13280,-0.0004629856335945259,0.03784876018762588,1.4598641395568848,0.012579826917499305,0.03711413033306599,0.03711413033306599,0.07704736962914467,0.0003950916116545062,0.0,0.5192826986312866,1.0,0.004028846153846154,0.00024221153846153848,2,0.75,0.75,0.0
415,1331200,-750.4666748046875,-7.504666748046875,-750.4666748046875,-7.504666748046875,0.0,750.4666748046875,7.504666748046875,81.58894348144531,0.8158891963958732,3.5597719025611876,0.0,0.0,nan,nan,nan,nan,nan,nan,nan,nan,nan,nan,13312,-0.00034903583256760127,0.04797925986349583,1.4762472271919251,0.017714313231408596,0.044644656404852864,0.044644656404852864,0.09237942919135093,0.0005885862068688427,0.0,0.26095181703567505,1.0,0.004014423076923077,0.00024110576923076928,2,0.75,0.75,0.0
416,1334400,-827.6986856460571,-8.276986947059632,-827.6986856460571,-8.276986947059632,0.0,827.6986856460571,8.276986947059632,4.356932640075684,0.043568997383117036,4.003560950756073,0.0,0.0,nan,nan,nan,nan,nan,nan,nan,nan,nan,nan,13344,-0.0008312476585793594,0.04273335672914982,1.455402421951294,0.014713820721954107,0.03812100552022457,0.03812100552022457,0.09039181619882583,0.0010158196109849786,0.0009562499821186065,0.33194321393966675,1.0,0.004,0.00024000000000000003,2,0.75,0.75,0.0
417,1337600,-848.3741865158081,-8.483742237091064,-848.3741865158081,-8.483742237091064,0.0,848.3741865158081,8.483742237091064,-16.318568229675293,-0.16318629264831586,3.8755151867866515,0.0,0.0,nan,nan,nan,nan,nan,nan,nan,nan,nan,nan,13376,-0.0003560606734332339,0.03731045015156269,1.4646759510040284,0.012461585644632577,0.02760968077927828,0.02760968077927828,0.07432237565517426,0.0006537265344385389,0.0,0.4341503977775574,1.0,0.003985576923076923,0.00023889423076923084,2,0.75,0.75,0.0
418,1340800,-871.454195022583,-8.714541959762574,-871.454195022583,-8.714541959762574,0.0,871.454195022583,8.714541959762574,-39.398576736450195,-0.39398601531982536,4.623355412483216,0.0,0.0,nan,nan,nan,nan,nan,nan,nan,nan,nan,nan,13408,-0.0001086142309294047,0.055641693994402885,1.4445126891136169,0.02197585068643093,0.02129294667392969,0.02129294667392969,0.08856895864009857,0.00030205294551789675,0.0,0.41511595249176025,1.0,0.0039711538461538465,0.0002377884615384616,2,0.75,0.75,0.0
419,1344000,-744.8090343475342,-7.448090267181397,-744.8090343475342,-7.448090267181397,0.0,744.8090343475342,7.448090267181397,87.24658393859863,0.8724656772613519,3.2722826910018923,0.0,0.0,nan,nan,nan,nan,nan,nan,nan,nan,nan,nan,13440,-0.0005607324674143044,0.02870303802192211,1.4654982924461364,0.007992204139009118,0.03677164427936077,0.03677164427936077,0.0734702117741108,0.00032460787911162034,0.0,0.5153498649597168,1.0,0.003956730769230769,0.00023668269230769234,2,0.75,0.75,0.0
420,1347200,-777.776686668396,-7.777767052650452,-777.776686668396,-7.777767052650452,0.0,777.776686668396,7.777767052650452,54.278931617736816,0.5427888917922967,3.9585347819328307,0.0,0.0,-542.2808059453964,-5.422808059453964,-542.2808059453964,-5.422808059453964,100.0,4.110909744501114,0.0,0.0,542.2808059453964,-8.80229938030243,13472,-0.0004535295809022455,0.0352354995906353,1.4675381660461426,0.011378733720630408,0.03602220676839352,0.03602220676839352,0.06615485660731793,0.0004893253501003549,0.0,0.5081073045730591,1.0,0.003942307692307691,0.00023557692307692304,2,0.75,0.75,0.0
421,1350400,-780.0802774429321,-7.800802621841431,-780.0802774429321,-7.800802621841431,0.0,780.0802774429321,7.800802621841431,51.975340843200684,0.5197533226013178,3.8221761178970337,0.0,0.0,nan,nan,nan,nan,nan,nan,nan,nan,nan,nan,13504,-0.00022733474277263354,0.05023260489106178,1.4649575233459473,0.019134783558547495,0.02446440178900957,0.02446440178900957,0.0926925279200077,0.00037796132037408713,0.0,0.4560377597808838,1.0,0.003927884615384614,0.00023447115384615385,2,0.75,0.75,0.0
422,1353600,-863.2479596138,-8.632479076385499,-863.2479596138,-8.632479076385499,0.0,863.2479596138,8.632479076385499,-31.192341327667236,-0.31192313194275023,4.349375557899475,0.0,0.0,nan,nan,nan,nan,nan,nan,nan,nan,nan,nan,13536,-0.00039884983823501585,0.05804637186229229,1.4607194066047668,0.02290786672383547,0.03943268060684204,0.03943268060684204,0.09750241190195083,0.00029917146057493506,0.0,0.2230837345123291,1.0,0.0039134615384615375,0.0002333653846153846,2,0.75,0.75,0.0
423,1356800,-709.5054225921631,-7.095053939819336,-709.5054225921631,-7.095053939819336,0.0,709.5054225921631,7.095053939819336,122.55019569396973,1.2255020046234124,3.3290208077430723,0.0,0.0,nan,nan,nan,nan,nan,nan,nan,nan,nan,nan,13568,-0.00044962254814455703,0.04059926047921181,1.4827839732170105,0.014068575762212276,0.02541690953075886,0.02541690953075886,0.07890782058238983,0.0005993812008462963,0.0,0.5369154214859009,1.0,0.0038990384615384607,0.00023225961538461535,2,0.75,0.75,0.0
424,1360000,-796.1830635070801,-7.961830439567566,-796.1830635070801,-7.961830439567566,0.0,796.1830635070801,7.961830439567566,35.872554779052734,0.3587255048751823,3.8418495059013367,0.0,0.0,nan,nan,nan,nan,nan,nan,nan,nan,nan,nan,13600,-0.0002760677702099201,0.03017370365560055,1.4838916063308716,0.009046436008065938,0.02283103484660387,0.02283103484660387,0.06803148724138737,0.0002683803407315752,0.0,0.5259137153625488,1.0,0.003884615384615384,0.00023115384615384616,2,0.75,0.75,0.0
425,1363200,-889.014139175415,-8.89014151573181,-889.014139175415,-8.89014151573181,0.0,889.014139175415,8.89014151573181,-56.95852088928223,-0.5695855712890623,4.832379231452942,0.0,0.0,nan,nan,nan,nan,nan,nan,nan,nan,nan,nan,13632,-0.00023183936810386996,0.05825054869055748,1.4758958220481873,0.023181434161961077,0.02137055844068527,0.02137055844068527,0.10230763256549835,0.00020063641395686474,0.0,0.21849989891052246,1.0,0.003870192307692307,0.0002300480769230769,2,0.75,0.75,0.0
426,1366400,-812.8654556274414,-8.12865472316742,-812.8654556274414,-8.12865472316742,0.0,812.8654556274414,8.12865472316742,19.190162658691406,0.19190122127532838,3.970612037181854,0.0,0.0,nan,nan,nan,nan,nan,nan,nan,nan,nan,nan,13664,-0.00022230355572712136,0.03720390312373638,1.4666940450668335,0.012724414374679327,0.0269468666985631,0.0269468666985631,0.07875588685274124,0.000144409630321087,0.0,0.33701062202453613,1.0,0.0038557692307692303,0.0002289423076923077,2,0.75,0.75,0.0
427,1369600,-797.6526699066162,-7.976526184082031,-797.6526699066162,-7.976526184082031,0.0,797.6526699066162,7.976526184082031,34.4029483795166,0.3440297603607174,4.55571280002594,0.0,0.0,nan,nan,nan,nan,nan,nan,nan,nan,nan,nan,13696,-0.0003980652496218706,0.052683917060494426,1.4542418599128724,0.02035764679312706,0.027516780607402324,0.027516780607402324,0.08130531907081603,0.00038081238244637796,0.0,0.30598896741867065,1.0,0.0038413461538461535,0.00022783653846153846,2,0.75,0.75,0.0
428,1372800,-727.0392475128174,-7.270392436981201,-727.0392475128174,-7.270392436981201,0.0,727.0392475128174,7.270392436981201,105.01637077331543,1.0501635074615479,3.9437260317802427,0.0,0.0,nan,nan,nan,nan,nan,nan,nan,nan,nan,nan,13728,-0.0005072659711266192,0.035098714381456377,1.4516355514526367,0.011486793868243694,0.039338819682598114,0.039338819682598114,0.07702856212854385,0.0003806861133861409,0.0,0.39050745964050293,1.0,0.0038269230769230767,0.00022673076923076922,2,0.75,0.75,0.0
429,1376000,-738.023847579956,-7.380238304138183,-738.023847579956,-7.380238304138183,0.0,738.023847579956,7.380238304138183,94.03177070617676,0.9403176403045652,3.517539584636688,0.0,0.0,nan,nan,nan,nan,nan,nan,nan,nan,nan,nan,13760,-0.0003222759692740329,0.03241408057510853,1.4340877771377563,0.010417304653674363,0.02792132757604122,0.02792132757604122,0.07425620630383492,0.00039730813587171636,0.0,0.45836836099624634,1.0,0.0038125,0.00022562500000000002,2,0.75,0.75,0.0
430,1379200,-738.1007452011108,-7.38100715637207,-738.1007452011108,-7.38100715637207,0.0,738.1007452011108,7.38100715637207,93.95487308502197,0.9395487880706783,3.2474777936935424,0.0,0.0,nan,nan,nan,nan,nan,nan,nan,nan,nan,nan,13792,-0.00021332273228029662,0.031204808317124844,1.4340972781181336,0.009942269511520862,0.029522493854165076,0.029522493854165076,0.06878488399088382,0.00016396247656390607,0.0,0.42628371715545654,1.0,0.0037980769230769222,0.00022451923076923077,2,0.75,0.75,0.0
431,1382400,-791.4053983688354,-7.914053950309754,-791.4053983688354,-7.914053950309754,0.0,791.4053983688354,7.914053950309754,40.65021991729736,0.40650199413299504,4.662470555305481,0.0,0.0,nan,nan,nan,nan,nan,nan,nan,nan,nan,nan,13824,-0.0005550842434633551,0.045138242468237874,1.4290216445922852,0.016607113648205996,0.04515342339873314,0.04515342339873314,0.08813883736729622,0.0005654942084229324,0.0005281249876134097,0.34750157594680786,1.0,0.0037836538461538454,0.00022341346153846158,2,0.75,0.75,0.0
432,1385600,-767.629228591919,-7.676292176246643,-767.629228591919,-7.676292176246643,0.0,767.629228591919,7.676292176246643,64.42638969421387,0.6442637681961054,3.7659627175331116,0.0,0.0,nan,nan,nan,nan,nan,nan,nan,nan,nan,nan,13856,-0.00032747113826188113,0.03320979904383421,1.4518659949302672,0.010805010329931974,0.02788655534386635,0.02788655534386635,0.07250680178403854,0.0006929060971751486,6.874999889987521e-05,0.39844822883605957,1.0,0.0037692307692307686,0.00022230769230769233,2,0.75,0.75,0.0
433,1388800,-804.0869989395142,-8.040869669914246,-804.0869989395142,-8.040869669914246,0.0,804.0869989395142,8.040869669914246,27.968619346618652,0.2796862745285029,4.556121306419373,0.0,0.0,nan,nan,nan,nan,nan,nan,nan,nan,nan,nan,13888,-0.0003591481223876869,0.06933477930724621,1.4738792181015015,0.028774109110236167,0.030468364246189594,0.030468364246189594,0.09627069905400276,0.00036805029612956713,0.00027812499611172824,0.20329982042312622,1.0,0.003754807692307692,0.00022120192307692308,2,0.75,0.75,0.0
434,1392000,-794.9486742019653,-7.9494868516922,-794.9486742019653,-7.9494868516922,0.0,794.9486742019653,7.9494868516922,37.10694408416748,0.3710690927505489,4.158673212528229,0.0,0.0,nan,nan,nan,nan,nan,nan,nan,nan,nan,nan,13920,-0.0004291445475421263,0.03478317894041538,1.503958022594452,0.01133706271648407,0.02936314754188061,0.02936314754188061,0.06415226608514786,0.0004253148930736625,0.0001906250006868504,0.5215113162994385,1.0,0.003740384615384615,0.0002200961538461539,2,0.75,0.75,0.0
435,1395200,-765.6030397415161,-7.656030516624451,-765.6030397415161,-7.656030516624451,0.0,765.6030397415161,7.656030516624451,66.4525785446167,0.6645254278182975,3.8506919240951536,0.0,0.0,nan,nan,nan,nan,nan,nan,nan,nan,nan,nan,13952,-0.00029788350929305096,0.022870765812695027,1.5038289546966552,0.00553429052233696,0.026629981584846973,0.026629981584846973,0.0567506980150938,0.0004002759407747178,6.250000296859071e-06,0.432722270488739,1.0,0.0037259615384615382,0.00021899038461538464,2,0.75,0.75,0.0
436,1398400,-740.2526035308838,-7.402526259422302,-740.2526035308838,-7.402526259422302,0.0,740.2526035308838,7.402526259422302,91.80301475524902,0.9180296850204464,2.916342737674713,0.0,0.0,nan,nan,nan,nan,nan,nan,nan,nan,nan,nan,13984,-0.00040555594020408314,0.031698856875300406,1.4968892931938171,0.009888110449537635,0.02694542594254017,0.02694542594254017,0.07142974063754082,0.00034952203641369455,0.0,0.34129881858825684,1.0,0.0037115384615384614,0.00021788461538461545,2,0.75,0.75,0.0
437,1401600,-749.8991374969482,-7.498991227149963,-749.8991374969482,-7.498991227149963,0.0,749.8991374969482,7.498991227149963,82.15648078918457,0.8215647172927856,3.376466610431671,0.0,0.0,nan,nan,nan,nan,nan,nan,nan,nan,nan,nan,14016,-0.000611966721143098,0.03820062726736069,1.4944392085075378,0.012963232584297657,0.039831405878067015,0.039831405878067015,0.06649271659553051,0.0005328515695517062,0.0,0.37748873233795166,1.0,0.0036971153846153846,0.0002167788461538462,2,0.75,0.75,0.0
438,1404800,-846.3041086196899,-8.46304123878479,-846.3041086196899,-8.46304123878479,0.0,846.3041086196899,8.46304123878479,-14.248490333557129,-0.14248529434204116,4.11702452659607,0.0,0.0,nan,nan,nan,nan,nan,nan,nan,nan,nan,nan,14048,-0.0003533699591738326,0.04690799750387668,1.4926087141036988,0.01760380994528532,0.02590758726000786,0.02590758726000786,0.0814231850206852,0.00045347945815665217,6.874999962747097e-05,0.5154700875282288,1.0,0.003682692307692308,0.00021567307692307695,2,0.75,0.75,0.0
439,1408000,-807.1962518692017,-8.071962604522705,-807.1962518692017,-8.071962604522705,0.0,807.1962518692017,8.071962604522705,24.859366416931152,0.24859333992004373,4.729197001457214,0.0,0.0,nan,nan,nan,nan,nan,nan,nan,nan,nan,nan,14080,-0.0002461926726823549,0.02886310126632452,1.4847410678863526,0.00873892824165523,0.033584152907133104,0.033584152907133104,0.057534248754382136,0.00017977088728074342,0.0,0.38471895456314087,1.0,0.00366826923076923,0.00021456730769230765,2,0.75,0.75,0.0
440,1411200,-768.0700883865356,-7.6807007360458375,-768.0700883865356,-7.6807007360458375,0.0,768.0700883865356,7.6807007360458375,63.98552989959717,0.6398552083969111,4.001668477058411,0.0,0.0,-477.0919680595398,-4.770919680595398,-477.0919680595398,-4.770919680595398,100.0,3.092936429977417,0.0,0.0,477.0919680595398,56.3865385055542,14112,-0.0005157543954148025,0.02853339947760105,1.4979952216148376,0.00827750121243298,0.030001022666692734,0.030001022666692734,0.06714970991015434,0.0004911721999640669,0.0005343749988242052,0.3703501224517822,1.0,0.0036538461538461525,0.00021346153846153845,2,0.75,0.75,0.0
441,1414400,-749.6955633163452,-7.49695547580719,-749.6955633163452,-7.49695547580719,0.0,749.6955633163452,7.49695547580719,82.3600549697876,0.8236004686355587,3.8645586228370665,0.0,0.0,nan,nan,nan,nan,nan,nan,nan,nan,nan,nan,14144,-0.00016839661657801485,0.04274202734231949,1.4898077487945556,0.015780576318502427,0.03392865061759949,0.03392865061759949,0.08040433526039123,0.00012903798042391532,0.0,0.41578084230422974,1.0,0.0036394230769230757,0.0002123557692307692,2,0.75,0.75,0.0
442,1417600,-784.9196910858154,-7.849196453094482,-784.9196910858154,-7.849196453094482,0.0,784.9196910858154,7.849196453094482,47.13592720031738,0.4713594913482666,3.7866744780540467,0.0,0.0,nan,nan,nan,nan,nan,nan,nan,nan,nan,nan,14176,-0.0003437827090514656,0.03229305911809206,1.4912787079811096,0.01039686193689704,0.03137475829571486,0.03137475829571486,0.0722149670124054,0.00016131770812609329,0.0,0.45969158411026,1.0,0.003624999999999999,0.00021124999999999996,2,0.75,0.75,0.0
443,1420800,-774.7415227890015,-7.747415218353272,-774.7415227890015,-7.747415218353272,0.0,774.7415227890015,7.747415218353272,57.31409549713135,0.573140726089477,3.4657214450836182,0.0,0.0,nan,nan,nan,nan,nan,nan,nan,nan,nan,nan,14208,-0.00019190676148754803,0.034833431243896484,1.4942609906196593,0.011829664465039968,0.02695451881736517,0.02695451881736517,0.06794858947396279,0.00019898862065091715,0.0,0.5224000215530396,1.0,0.003610576923076922,0.00021014423076923076,2,0.75,0.75,0.0
444,1424000,-723.9295272827148,-7.23929530620575,-723.9295272827148,-7.23929530620575,0.0,723.9295272827148,7.23929530620575,108.12609100341797,1.0812606382369987,3.176658546924591,0.0,0.0,nan,nan,nan,nan,nan,nan,nan,nan,nan,nan,14240,-0.00024036410324261847,0.029490460827946662,1.491782295703888,0.009140187967568636,0.026216138526797293,0.026216138526797293,0.06812610365450382,0.00022141439030823437,0.0,0.5034465789794922,1.0,0.0035961538461538453,0.00020903846153846157,2,0.75,0.75,0.0
445,1427200,-781.076849937439,-7.810768342018127,-781.076849937439,-7.810768342018127,0.0,781.076849937439,7.810768342018127,50.97876834869385,0.5097876024246215,3.517200319766998,0.0,0.0,nan,nan,nan,nan,nan,nan,nan,nan,nan,nan,14272,-0.0005032210749631894,0.035750656947493555,1.4916353940963745,0.01202947087585926,0.03516850098967552,0.03516850098967552,0.07444217950105667,0.0003695898482881346,0.0,0.5047404766082764,1.0,0.0035817307692307685,0.00020793269230769227,2,0.75,0.75,0.0
446,1430400,-765.3395080566406,-7.6533952760696415,-765.3395080566406,-7.6533952760696415,0.0,765.3395080566406,7.6533952760696415,66.71611022949219,0.6671606683731071,3.240653736591339,0.0,0.0,nan,nan,nan,nan,nan,nan,nan,nan,nan,nan,14304,-0.0004182253867038632,0.03856089562177658,1.493086862564087,0.013535922113806009,0.0326281514018774,0.0326281514018774,0.0873074896633625,0.000535719338223161,0.0,0.12197041511535645,1.0,0.0035673076923076917,0.00020682692307692307,2,0.75,0.75,0.0
447,1433600,-755.5499715805054,-7.555499591827393,-755.5499715805054,-7.555499591827393,0.0,755.5499715805054,7.555499591827393,76.50564670562744,0.765056352615356,3.6243228554725646,0.0,0.0,nan,nan,nan,nan,nan,nan,nan,nan,nan,nan,14336,-0.00024777483552460564,0.03694557920098305,1.4995549082756043,0.012897269614040852,0.026570726186037064,0.026570726186037064,0.07920015975832939,0.00037434703881519495,1.5624999650754035e-05,0.6082097291946411,1.0,0.003552884615384615,0.00020572115384615388,2,0.75,0.75,0.0
448,1436800,-776.1615924835205,-7.761616368293762,-776.1615924835205,-7.761616368293762,0.0,776.1615924835205,7.761616368293762,55.894025802612305,0.5589395761489868,4.696016879081726,0.0,0.0,nan,nan,nan,nan,nan,nan,nan,nan,nan,nan,14368,-0.0003315625081115492,0.03252592030912638,1.4932008862495423,0.010647763684391975,0.025774459168314934,0.025774459168314934,0.06281045600771903,0.00029924617192664,0.0,0.5975097417831421,1.0,0.003538461538461538,0.00020461538461538458,2,0.75,0.75,0.0
449,1440000,-808.8594064712524,-8.088593773841858,-808.8594064712524,-8.088593773841858,0.0,808.8594064712524,8.088593773841858,23.19621181488037,0.23196217060089097,3.804508423805237,0.0,0.0,nan,nan,nan,nan,nan,nan,nan,nan,nan,nan,14400,-0.000316697277086142,0.04204830564558506,1.4959824085235596,0.015435556136071681,0.03794242851436138,0.03794242851436138,0.07312617748975754,0.000188962540324427,0.0,0.4975661039352417,1.0,0.0035240384615384613,0.00020350961538461538,2,0.75,0.75,0.0
450,1443200,-800.6663436889648,-8.006663408279419,-800.6663436889648,-8.006663408279419,0.0,800.6663436889648,8.006663408279419,31.38927459716797,0.3138925361633298,3.382530789375305,0.0,0.0,nan,nan,nan,nan,nan,nan,nan,nan,nan,nan,14432,-0.0003791000330253258,0.01963747590780258,1.4919393539428711,0.00420350469648838,0.03434065207839012,0.03434065207839012,0.051728739961981775,0.00026466816734756497,0.0,0.6499168872833252,1.0,0.0035096153846153845,0.0002024038461538462,2,0.75,0.75,0.0
451,1446400,-756.5381650924683,-7.565381636619568,-756.5381650924683,-7.565381636619568,0.0,756.5381650924683,7.565381636619568,75.51745319366455,0.7551743078231805,3.4085840010643005,0.0,0.0,nan,nan,nan,nan,nan,nan,nan,nan,nan,nan,14464,-0.0005032295036420997,0.03329479694366455,1.4950340270996094,0.010918737389147282,0.030417091958224774,0.030417091958224774,0.07513559758663177,0.0004084346350289994,0.0,0.5186330080032349,1.0,0.0034951923076923077,0.000201298076923077,2,0.75,0.75,0.0
452,1449600,-847.7539577484131,-8.477539443969727,-847.7539577484131,-8.477539443969727,0.0,847.7539577484131,8.477539443969727,-15.698339462280273,-0.15698349952697832,4.190601811408997,0.0,0.0,nan,nan,nan,nan,nan,nan,nan,nan,nan,nan,14496,-5.054948296747686e-05,0.02642683293670416,1.488071870803833,0.007983232382684946,0.026135638915002347,0.026135638915002347,0.059999044984579086,0.00016464515656552698,0.0,0.694979190826416,1.0,0.00348076923076923,0.0002001923076923077,2,0.75,0.75,0.0
453,1452800,-788.4813432693481,-7.884813408851624,-788.4813432693481,-7.884813408851624,0.0,788.4813432693481,7.884813408851624,43.57427501678467,0.43574253559112464,3.818487141132355,0.0,0.0,nan,nan,nan,nan,nan,nan,nan,nan,nan,nan,14528,-0.00037657230625627315,0.03222141824662685,1.487775480747223,0.010576992202550173,0.027635067887604236,0.027635067887604236,0.05628062151372433,0.00031837836850249666,0.0,0.5510311126708984,1.0,0.003466346153846153,0.0001990865384615385,2,0.75,0.75,0.0
454,1456000,-804.2778978347778,-8.042779150009155,-804.2778978347778,-8.042779150009155,0.0,804.2778978347778,8.042779150009155,27.77772045135498,0.2777767944335938,3.904861562252045,0.0,0.0,nan,nan,nan,nan,nan,nan,nan,nan,nan,nan,14560,-0.0003515905162668531,0.057651185616850856,1.4989511489868164,0.023299738205969332,0.029708028957247733,0.029708028957247733,0.07882791236042977,0.0005670116197514452,0.0009062500204890967,0.4405974745750427,1.0,0.0034519230769230764,0.0001979807692307693,2,0.75,0.75,0.0
455,1459200,-884.7156448364258,-8.847156505584717,-884.7156448364258,-8.847156505584717,0.0,884.7156448364258,8.847156505584717,-52.66002655029297,-0.5266005611419686,4.79508683681488,0.0,0.0,nan,nan,nan,nan,nan,nan,nan,nan,nan,nan,14592,-0.00034411403908300996,0.04591238498687744,1.48967764377594,0.017491311766207218,0.031192857958376407,0.031192857958376407,0.07660629153251648,0.00021616946442085512,0.0,0.5268858075141907,1.0,0.0034374999999999996,0.000196875,2,0.75,0.75,0.0
456,1462400,-796.0502948760986,-7.960502943992615,-796.0502948760986,-7.960502943992615,0.0,796.0502948760986,7.960502943992615,36.00532341003418,0.3600530004501339,4.125254800319672,0.0,0.0,nan,nan,nan,nan,nan,nan,nan,nan,nan,nan,14624,-0.00041753029131212925,0.03648049049079418,1.4893270254135131,0.012724634259939194,0.03704177178442478,0.03704177178442478,0.07572613880038262,0.0002949421936144534,0.0,0.5480533838272095,1.0,0.0034230769230769228,0.0001957692307692308,2,0.75,0.75,0.0
457,1465600,-786.4146194458008,-7.86414593219757,-786.4146194458008,-7.86414593219757,0.0,786.4146194458008,7.86414593219757,45.64099884033203,0.4564100122451782,4.12464996099472,0.0,0.0,nan,nan,nan,nan,nan,nan,nan,nan,nan,nan,14656,-0.00030847439939969413,0.04404525607824326,1.4962883591651917,0.016613824665546416,0.023214380815625192,0.023214380815625192,0.0770340159535408,0.00040332548378575067,0.0,0.33649224042892456,1.0,0.003408653846153846,0.0001946634615384616,2,0.75,0.75,0.0
458,1468800,-853.8803653717041,-8.538804149627685,-853.8803653717041,-8.538804149627685,0.0,853.8803653717041,8.538804149627685,-21.82474708557129,-0.2182482051849366,4.599628047943115,0.0,0.0,nan,nan,nan,nan,nan,nan,nan,nan,nan,nan,14688,-0.000633033843553843,0.043449492380023005,1.5015894293785095,0.01599497124552727,0.04149641022086144,0.04149641022086144,0.0875710316002369,0.0006270020230665802,0.0002781250048428774,0.36808544397354126,1.0,0.003394230769230769,0.0001935576923076923,2,0.75,0.75,0.0
459,1472000,-781.6055374145508,-7.816055264472961,-781.6055374145508,-7.816055264472961,0.0,781.6055374145508,7.816055264472961,50.45008087158203,0.5045006799697873,4.08273761510849,0.0,0.0,nan,nan,nan,nan,nan,nan,nan,nan,nan,nan,14720,-0.0001477897147684537,0.04403012804687023,1.5024403095245362,0.016789314895868303,0.03568422831594944,0.03568422831594944,0.0816066674888134,0.0003676881387952896,0.0,0.4463135600090027,1.0,0.0033798076923076915,0.000192451923076923,2,0.75,0.75,0.0
460,1475200,-828.721076965332,-8.287210578918456,-828.721076965332,-8.287210578918456,0.0,828.721076965332,8.287210578918456,3.3345413208007812,0.03334536552429235,4.020795183181763,0.0,0.0,-483.736234664917,-4.8373623466491695,-483.736234664917,-4.8373623466491695,100.0,2.427976493239403,0.0,0.0,483.736234664917,49.742271900177,14752,-0.00036996040518280095,0.04504382014274597,1.5036512851715087,0.017091584764420985,0.031948595121502874,0.031948595121502874,0.07882530242204666,0.00025641855782013883,0.0,0.37374818325042725,1.0,0.0033653846153846147,0.00019134615384615381,2,0.75,0.75,0.0
461,1478400,-728.1686582565308,-7.281686558723449,-728.1686582565308,-7.281686558723449,0.0,728.1686582565308,7.281686558723449,103.88696002960205,1.0388693857192992,3.790197877883911,0.0,0.0,nan,nan,nan,nan,nan,nan,nan,nan,nan,nan,14784,-0.0005528324579907373,0.032140895165503024,1.4927908301353454,0.010515330359339714,0.04328734278678894,0.04328734278678894,0.07095574364066123,0.000360616183662212,0.0,0.517436683177948,1.0,0.003350961538461538,0.00019024038461538462,2,0.75,0.75,0.0
462,1481600,-869.301736831665,-8.693017444610597,-869.301736831665,-8.693017444610597,0.0,869.301736831665,8.693017444610597,-37.24611854553223,-0.37246150016784796,4.34726149559021,0.0,0.0,nan,nan,nan,nan,nan,nan,nan,nan,nan,nan,14816,-0.00029128499024952956,0.05906317867338658,1.4880648970603942,0.02427531834691763,0.035318583250045776,0.035318583250045776,0.08365510627627373,0.0004010965092682713,0.0,0.2640784978866577,1.0,0.0033365384615384602,0.00018913461538461543,2,0.75,0.75,0.0
463,1484800,-822.6281490325928,-8.226281666755677,-822.6281490325928,-8.226281666755677,0.0,822.6281490325928,8.226281666755677,9.427469253540039,0.09427427768707197,3.9538472390174864,0.0,0.0,nan,nan,nan,nan,nan,nan,nan,nan,nan,nan,14848,-0.0008085623460996061,0.039026809856295586,1.492205262184143,0.01374756433069706,0.045044534653425214,0.045044534653425214,0.06209943853318691,0.0006333341307261627,8.437500218860805e-05,0.40501171350479126,1.0,0.0033221153846153834,0.00018802884615384612,2,0.75,0.75,0.0
464,1488000,-714.2420644760132,-7.142420740127563,-714.2420644760132,-7.142420740127563,0.0,714.2420644760132,7.142420740127563,117.81355381011963,1.1781352043151854,3.541573667526245,0.0,0.0,nan,nan,nan,nan,nan,nan,nan,nan,nan,nan,14880,-0.00018823847801385796,0.036703231185674666,1.4989845633506775,0.013205197174102068,0.030842265114188194,0.030842265114188194,0.07062001153826714,0.0006253794774245922,6.874999962747097e-05,0.552991509437561,1.0,0.0033076923076923066,0.00018692307692307693,2,0.75,0.75,0.0
465,1491200,-835.3357524871826,-8.35335750579834,-835.3357524871826,-8.35335750579834,0.0,835.3357524871826,8.35335750579834,-3.2801342010498047,-0.032801561355590536,3.8444699263572693,0.0,0.0,nan,nan,nan,nan,nan,nan,nan,nan,nan,nan,14912,-0.0005172628206258523,0.03521510921418667,1.5044432997703552,0.012135754711925984,0.03818851448595524,0.03818851448595524,0.07331238240003586,0.0003964095956697152,2.8124998789280652e-05,0.43805843591690063,1.0,0.00329326923076923,0.00018581730769230774,2,0.75,0.75,0.0
466,1494400,-792.5879364013672,-7.925879273414612,-792.5879364013672,-7.925879273414612,0.0,792.5879364013672,7.925879273414612,39.467681884765625,0.39467667102813664,3.803063306808472,0.0,0.0,nan,nan,nan,nan,nan,nan,nan,nan,nan,nan,14944,-0.0002886690613868481,0.04342515394091606,1.5130436897277832,0.016462870221585036,0.033128916099667546,0.033128916099667546,0.08469893783330917,0.0003491566390955838,0.0,0.26209747791290283,1.0,0.003278846153846153,0.00018471153846153843,2,0.75,0.75,0.0
467,1497600,-767.9571647644043,-7.679571671485901,-767.9571647644043,-7.679571671485901,0.0,767.9571647644043,7.679571671485901,64.09845352172852,0.6409842729568478,3.6713432359695433,0.0,0.0,nan,nan,nan,nan,nan,nan,nan,nan,nan,nan,14976,-0.00024271133330331374,0.04311467371881008,1.5057145714759828,0.01639933595433831,0.02168463058769703,0.02168463058769703,0.07931341007351875,0.00022598257446661258,0.0,0.4611678123474121,1.0,0.0032644230769230762,0.00018360576923076924,2,0.75,0.75,0.0
468,1500800,-845.6686382293701,-8.456686229705811,-845.6686382293701,-8.456686229705811,0.0,845.6686382293701,8.456686229705811,-13.613019943237305,-0.1361302852630626,4.581613750457763,0.0,0.0,nan,nan,nan,nan,nan,nan,nan,nan,nan,nan,15008,-0.0001644323798785763,0.04614471010863781,1.4977474808692932,0.01804024279117584,0.028066475130617618,0.028066475130617618,0.07620360851287841,0.00011878547061387904,0.0,0.2941496968269348,1.0,0.0032499999999999994,0.00018250000000000004,2,0.75,0.75,0.0
469,1504000,-831.6608867645264,-8.316609234809876,-831.6608867645264,-8.316609234809876,0.0,831.6608867645264,8.316609234809876,0.3947315216064453,0.003946709632872469,4.177529780864716,0.0,0.0,nan,nan,nan,nan,nan,nan,nan,nan,nan,nan,15040,-0.00030110258493367683,0.040434157103300096,1.5044619679450988,0.015048173908144235,0.0393404271453619,0.0393404271453619,0.07352716699242592,0.0001385545071123559,0.0,0.2619019150733948,1.0,0.0032355769230769226,0.00018139423076923074,2,0.75,0.75,0.0
470,1507200,-701.9968118667603,-7.019968466758728,-701.9968118667603,-7.019968466758728,0.0,701.9968118667603,7.019968466758728,130.05880641937256,1.3005874776840205,3.1127325916290283,0.0,0.0,nan,nan,nan,nan,nan,nan,nan,nan,nan,nan,15072,-0.00026545360162999465,0.03191834054887295,1.513163113594055,0.010819585528224707,0.022943404130637647,0.022943404130637647,0.06834719777107238,0.00026556487882842223,0.0,0.31801456212997437,1.0,0.003221153846153846,0.00018028846153846155,2,0.75,0.75,0.0
471,1510400,-783.0005073547363,-7.830005230903626,-783.0005073547363,-7.830005230903626,0.0,783.0005073547363,7.830005230903626,49.055110931396484,0.4905507135391227,4.432413220405579,0.0,0.0,nan,nan,nan,nan,nan,nan,nan,nan,nan,nan,15104,-0.00020902867461334296,0.052894212678074835,1.5115138053894044,0.021391060017049313,0.030696435272693633,0.030696435272693633,0.08178978636860848,0.00011879003200260068,0.0,0.03657567501068115,1.0,0.003206730769230769,0.00017918269230769235,2,0.75,0.75,0.0
472,1513600,-821.4035873413086,-8.214035716056824,-821.4035873413086,-8.214035716056824,0.0,821.4035873413086,8.214035716056824,10.652030944824219,0.10652022838592501,3.8604927325248717,0.0,0.0,nan,nan,nan,nan,nan,nan,nan,nan,nan,nan,15136,-0.00040888488121861857,0.02990690674632788,1.509908413887024,0.009724476281553507,0.027240066044032573,0.027240066044032573,0.05186434388160706,0.000261925106406819,4.0625000838190314e-05,0.48490065336227417,1.0,0.003192307692307692,0.00017807692307692316,2,0.75,0.75,0.0
473,1516800,-781.6969013214111,-7.816968970298767,-781.6969013214111,-7.816968970298767,0.0,781.6969013214111,7.816968970298767,50.35871696472168,0.5035869741439818,3.9431429529190063,0.0,0.0,nan,nan,nan,nan,nan,nan,nan,nan,nan,nan,15168,-0.0002974328248092295,0.044539953023195265,1.5084400057792664,0.017178895603865384,0.02687889467924833,0.02687889467924833,0.06911901757121086,0.00025890791012059386,0.000528124999254942,0.25314658880233765,1.0,0.0031778846153846154,0.00017697115384615386,2,0.75,0.75,0.0
474,1520000,-842.7321014404297,-8.42732063293457,-842.7321014404297,-8.42732063293457,0.0,842.7321014404297,8.42732063293457,-10.676483154296875,-0.10676468849182186,3.6732933354377746,0.0,0.0,nan,nan,nan,nan,nan,nan,nan,nan,nan,nan,15200,-0.00019935815089153764,0.044984640553593636,1.507750141620636,0.01752325240522623,0.02512522041797638,0.02512522041797638,0.07240489050745964,0.00010601979888703663,0.0,0.3144482970237732,1.0,0.0031634615384615386,0.00017586538461538466,2,0.75,0.75,0.0
475,1523200,-821.6582679748535,-8.216582674980163,-821.6582679748535,-8.216582674980163,0.0,821.6582679748535,8.216582674980163,10.397350311279297,0.10397326946258545,4.661352829933167,0.0,0.0,nan,nan,nan,nan,nan,nan,nan,nan,nan,nan,15232,-0.0003361520305755761,0.07315056622028351,1.512006676197052,0.031477763690054415,0.03841636702418327,0.03841636702418327,0.09476985782384872,0.0001340723806613524,0.0,-0.07571589946746826,1.0,0.003149038461538461,0.00017475961538461547,2,0.75,0.75,0.0
476,1526400,-804.1051254272461,-8.041050953865051,-804.1051254272461,-8.041050953865051,0.0,804.1051254272461,8.041050953865051,27.95049285888672,0.2795049905776974,4.096796474456787,0.0,0.0,nan,nan,nan,nan,nan,nan,nan,nan,nan,nan,15264,-0.00011346380919272648,0.021337118931114674,1.5057667016983032,0.005835095979273319,0.026722084544599057,0.026722084544599057,0.04938000924885273,0.00013617296945157457,0.0,0.48436444997787476,1.0,0.003134615384615384,0.00017365384615384617,2,0.75,0.75,0.0
477,1529600,-805.1184091567993,-8.051184039115906,-805.1184091567993,-8.051184039115906,0.0,805.1184091567993,8.051184039115906,26.937209129333496,0.2693719053268424,4.36573248386383,0.0,0.0,nan,nan,nan,nan,nan,nan,nan,nan,nan,nan,15296,-0.0003100527322385638,0.04247868172824383,1.5172772884368897,0.01619509132578969,0.032456088438630105,0.032456088438630105,0.07427538111805916,0.00017662017512590455,0.0,0.2289515733718872,1.0,0.0031201923076923073,0.00017254807692307697,2,0.75,0.75,0.0
478,1532800,-740.3190689086914,-7.4031908893585205,-740.3190689086914,-7.4031908893585205,0.0,740.3190689086914,7.4031908893585205,91.7365493774414,0.917365055084228,3.3396486401557923,0.0,0.0,nan,nan,nan,nan,nan,nan,nan,nan,nan,nan,15328,-0.0002709805966442325,0.03288957960903645,1.5196748495101928,0.01145405014976859,0.030588313937187195,0.030588313937187195,0.059238570556044576,0.0002412106132403281,0.0,0.38024139404296875,1.0,0.0031057692307692297,0.00017144230769230767,2,0.75,0.75,0.0
479,1536000,-785.6579637527466,-7.856579446792603,-785.6579637527466,-7.856579446792603,0.0,785.6579637527466,7.856579446792603,46.39765453338623,0.4639764976501457,3.780432794094086,0.0,0.0,nan,nan,nan,nan,nan,nan,nan,nan,nan,nan,15360,-0.00026551611278553545,0.046861220896244046,1.5307101726531982,0.018433139100670813,0.029553606919944287,0.029553606919944287,0.07777137905359269,0.00019420685266662106,0.0,0.3100243806838989,1.0,0.003091346153846153,0.00017033653846153848,2,0.75,0.75,0.0
480,1539200,-909.9009237289429,-9.09900915145874,-909.9009237289429,-9.09900915145874,0.0,909.9009237289429,9.09900915145874,-77.84530544281006,-0.7784532070159909,4.835895557403564,0.0,0.0,-538.5171868801117,-5.385171868801117,-538.5171868801117,-5.385171868801117,100.0,3.928393127322197,0.0,0.0,538.5171868801117,-5.0386803150177,15392,-0.00028276332072962873,0.04444701001048088,1.5328567028045654,0.017224259674549103,0.042728341370821,0.042728341370821,0.08374083414673805,0.00011917108090592652,0.0,0.39997416734695435,1.0,0.003076923076923076,0.00016923076923076917,2,0.75,0.75,0.0
481,1542400,-777.4900398254395,-7.7749004602432255,-777.4900398254395,-7.7749004602432255,0.0,777.4900398254395,7.7749004602432255,54.56557846069336,0.5456554841995231,3.1567934560775757,0.0,0.0,nan,nan,nan,nan,nan,nan,nan,nan,nan,nan,15424,-0.00046727332916925434,0.02209435496479273,1.5342554211616517,0.005881246924400329,0.03458304926753044,0.03458304926753044,0.05385251305997372,0.00035890672170416516,0.0,0.2913481593132019,1.0,0.0030624999999999993,0.00016812499999999998,2,0.75,0.75,0.0
482,1545600,-756.3981466293335,-7.563981404304505,-756.3981466293335,-7.563981404304505,0.0,756.3981466293335,7.563981404304505,75.65747165679932,0.756574540138244,3.7455127167701723,0.0,0.0,nan,nan,nan,nan,nan,nan,nan,nan,nan,nan,15456,-0.00012902140386068518,0.041752928867936134,1.5274733543395995,0.016091587021946907,0.03365836702287197,0.03365836702287197,0.0730827271938324,0.00014551708682186636,0.0,0.4249081611633301,1.0,0.0030480769230769224,0.00016701923076923079,2,0.75,0.75,0.0
483,1548800,-793.8153600692749,-7.938153591156006,-793.8153600692749,-7.938153591156006,0.0,793.8153600692749,7.938153591156006,38.24025821685791,0.3824023532867429,3.4842397212982177,0.0,0.0,nan,nan,nan,nan,nan,nan,nan,nan,nan,nan,15488,-0.0004474188614811192,0.02547502890229225,1.5243389368057252,0.007665778882801533,0.04068151786923409,0.04068151786923409,0.05758417621254921,0.000293450761228764,0.0,0.41280490159988403,1.0,0.0030336538461538456,0.0001659134615384616,2,0.75,0.75,0.0
484,1552000,-763.6007862091064,-7.636007823944092,-763.6007862091064,-7.636007823944092,0.0,763.6007862091064,7.636007823944092,68.45483207702637,0.6845481204986568,2.981802625656128,0.0,0.0,nan,nan,nan,nan,nan,nan,nan,nan,nan,nan,15520,-0.00047149386614622204,0.03286264948546887,1.540651524066925,0.011308248527348042,0.037429825589060786,0.037429825589060786,0.060506581142544744,0.0005899710353339277,3.4374999813735485e-05,0.373648464679718,1.0,0.003019230769230769,0.0001648076923076923,2,0.75,0.75,0.0
485,1555200,-723.3511648178101,-7.233511662483215,-723.3511648178101,-7.233511662483215,0.0,723.3511648178101,7.233511662483215,108.70445346832275,1.0870442819595336,3.1199312448501586,0.0,0.0,nan,nan,nan,nan,nan,nan,nan,nan,nan,nan,15552,-0.0005617020690465325,0.034232104383409026,1.547858679294586,0.011903332266956567,0.038335076346993444,0.038335076346993444,0.06941965818405152,0.0005135904806599404,0.0,0.3165150284767151,1.0,0.003004807692307691,0.0001637019230769231,2,0.75,0.75,0.0
486,1558400,-907.554404258728,-9.075544071197509,-907.554404258728,-9.075544071197509,0.0,907.554404258728,9.075544071197509,-75.49878597259521,-0.7549881267547605,4.742628774642944,0.0,0.0,nan,nan,nan,nan,nan,nan,nan,nan,nan,nan,15584,-0.0004092806575238583,0.05335027873516083,1.5323736071586609,0.021683472022414208,0.03518296219408512,0.03518296219408512,0.0896563284099102,0.00042310401568164977,0.0,0.27400660514831543,1.0,0.0029903846153846144,0.0001625961538461539,2,0.75,0.75,0.0
487,1561600,-819.2558250427246,-8.192557969093322,-819.2558250427246,-8.192557969093322,0.0,819.2558250427246,8.192557969093322,12.799793243408203,0.1279979753494267,3.488992350101471,0.0,0.0,nan,nan,nan,nan,nan,nan,nan,nan,nan,nan,15616,-0.00025797483974310806,0.048499824851751326,1.5340880513191224,0.019426550716161728,0.027413670904934406,0.027413670904934406,0.07018523439764976,0.00024389067066357258,0.0,0.19458413124084473,1.0,0.0029759615384615376,0.0001614903846153846,2,0.75,0.75,0.0
488,1564800,-769.1927995681763,-7.6919280672073365,-769.1927995681763,-7.6919280672073365,0.0,769.1927995681763,7.6919280672073365,62.86281871795654,0.6286278772354121,3.959264962673187,0.0,0.0,nan,nan,nan,nan,nan,nan,nan,nan,nan,nan,15648,-0.0003335679062562491,0.03587659187614918,1.5312326669692993,0.013069923501461744,0.04375873915851116,0.04375873915851116,0.06864240691065789,0.00013204092561019005,0.0,0.4258098602294922,1.0,0.0029615384615384608,0.0001603846153846154,2,0.75,0.75,0.0
489,1568000,-760.4842987060547,-7.604843354225158,-760.4842987060547,-7.604843354225158,0.0,760.4842987060547,7.604843354225158,71.57131958007812,0.7157125902175903,3.7479967522621154,0.0,0.0,nan,nan,nan,nan,nan,nan,nan,nan,nan,nan,15680,-0.0002877385088621232,0.041181298345327376,1.5303503155708313,0.01579279201105237,0.03207679241895676,0.03207679241895676,0.08160189986228943,0.0002637571074962738,0.0,0.32492148876190186,1.0,0.002947115384615384,0.0001592788461538462,2,0.75,0.75,0.0
490,1571200,-768.8143453598022,-7.688143229484558,-768.8143453598022,-7.688143229484558,0.0,768.8143453598022,7.688143229484558,63.241272926330566,0.6324127149581908,4.050677001476288,0.0,0.0,nan,nan,nan,nan,nan,nan,nan,nan,nan,nan,15712,-0.0005421150921378181,0.04146629869937897,1.5327606916427612,0.015695918630808593,0.0416945043951273,0.0416945043951273,0.07421089336276054,0.0003661695283887621,0.0,0.3077404499053955,1.0,0.002932692307692307,0.0001581730769230769,2,0.75,0.75,0.0
491,1574400,-861.4510507583618,-8.614510011672973,-861.4510507583618,-8.614510011672973,0.0,861.4510507583618,8.614510011672973,-29.395432472229004,-0.2939540672302243,4.380203685760498,0.0,0.0,nan,nan,nan,nan,nan,nan,nan,nan,nan,nan,15744,-0.00027407642639447615,0.0423930499702692,1.5234785795211792,0.016476527974009513,0.028991045989096166,0.028991045989096166,0.07467003688216209,0.00032829460924467774,0.0,0.34451764822006226,1.0,0.0029182692307692304,0.00015706730769230771,2,0.75,0.75,0.0
492,1577600,-789.204740524292,-7.892047758102417,-789.204740524292,-7.892047758102417,0.0,789.204740524292,7.892047758102417,42.85087776184082,0.4285081863403315,3.946684868335724,0.0,0.0,nan,nan,nan,nan,nan,nan,nan,nan,nan,nan,15776,-0.0002450085125859869,0.027284074947237967,1.5259818315505982,0.008965812576934695,0.03672992587089539,0.03672992587089539,0.05770063884556294,0.0001809760916337042,0.0,0.5310519337654114,1.0,0.0029038461538461536,0.00015596153846153852,2,0.75,0.75,0.0
493,1580800,-887.7492818832397,-8.877493133544922,-887.7492818832397,-8.877493133544922,0.0,887.7492818832397,8.877493133544922,-55.693663597106934,-0.5569371891021735,4.752651109695434,0.0,0.0,nan,nan,nan,nan,nan,nan,nan,nan,nan,nan,15808,-0.00034416474332985556,0.06865753903985024,1.5271975874900818,0.02957188542932272,0.038750193640589715,0.038750193640589715,0.09555314034223557,0.00020735706798469177,0.0,-0.012461066246032715,1.0,0.0028894230769230768,0.00015485576923076922,2,0.75,0.75,0.0
494,1584000,-822.3154945373535,-8.22315523147583,-822.3154945373535,-8.22315523147583,0.0,822.3154945373535,8.22315523147583,9.740123748779297,0.09740071296691788,4.288411312103271,0.0,0.0,nan,nan,nan,nan,nan,nan,nan,nan,nan,nan,15840,-0.0003472230410713095,0.06557066738605499,1.52935848236084,0.028041205182671548,0.03789369948208332,0.03789369948208332,0.08339988589286804,0.00024719992379750754,0.0,0.19795048236846924,1.0,0.002875,0.00015375000000000002,2,0.75,0.75,0.0
495,1587200,-714.1066131591797,-7.14106632232666,-714.1066131591797,-7.14106632232666,0.0,714.1066131591797,7.14106632232666,117.94900512695312,1.1794896221160887,3.635224244594574,0.0,0.0,nan,nan,nan,nan,nan,nan,nan,nan,nan,nan,15872,-0.00046473498900887476,0.03222330678254366,1.5261481404304504,0.011281253956258296,0.03222867585718632,0.03222867585718632,0.07141691073775291,0.0004118464706159257,0.00011250000607105903,0.26101523637771606,1.0,0.002860576923076923,0.00015264423076923083,2,0.75,0.75,0.0
496,1590400,-794.3876247406006,-7.943876295089722,-794.3876247406006,-7.943876295089722,0.0,794.3876247406006,7.943876295089722,37.66799354553223,0.37667964935302667,3.652579526901245,0.0,0.0,nan,nan,nan,nan,nan,nan,nan,nan,nan,nan,15904,-0.0003274678821354904,0.024748124182224274,1.533611798286438,0.0076816987711936235,0.02822701707482338,0.02822701707482338,0.05968935415148735,0.0003227172370322416,0.0,0.3921716809272766,1.0,0.0028461538461538463,0.00015153846153846164,2,0.75,0.75,0.0
497,1593600,-819.5789422988892,-8.195789141654968,-819.5789422988892,-8.195789141654968,0.0,819.5789422988892,8.195789141654968,12.476675987243652,0.1247668027877804,4.350723977088928,0.0,0.0,nan,nan,nan,nan,nan,nan,nan,nan,nan,nan,15936,-0.00024785251861030586,0.046781682223081586,1.523405659198761,0.018829113990068435,0.032122472301125526,0.032122472301125526,0.08285503834486008,0.0002153951325460462,0.0,0.20049017667770386,1.0,0.0028317307692307687,0.00015043269230769233,2,0.75,0.75,0.0
498,1596800,-788.1160230636597,-7.881160411834717,-788.1160230636597,-7.881160411834717,0.0,788.1160230636597,7.881160411834717,43.939595222473145,0.43939553260803166,3.5501425671577453,0.0,0.0,nan,nan,nan,nan,nan,nan,nan,nan,nan,nan,15968,-0.00024358205707319946,0.037165794894099234,1.5321290969848633,0.014022836275398732,0.028958955220878123,0.028958955220878123,0.07410177737474441,0.0001172285828949811,0.0,0.365942120552063,1.0,0.002817307692307691,0.00014932692307692303,2,0.75,0.75,0.0
499,1600000,-803.3211812973022,-8.033212018013,-803.3211812973022,-8.033212018013,0.0,803.3211812973022,8.033212018013,28.734436988830566,0.2873439264297488,4.051058223247528,0.0,0.0,nan,nan,nan,nan,nan,nan,nan,nan,nan,nan,16000,-0.000464232469769188,0.030992047861218452,1.5354613423347474,0.010728070512413979,0.03676986582577228,0.03676986582577228,0.06914015337824822,0.00018850353212718823,0.0,0.3626973628997803,1.0,0.002802884615384614,0.00014822115384615384,2,0.75,0.75,0.0
500,1603200,-799.9719934463501,-7.9997201251983645,-799.9719934463501,-7.9997201251983645,0.0,799.9719934463501,7.9997201251983645,32.083624839782715,0.3208358192443841,3.55478985786438,0.0,0.0,-530.4732677936554,-5.304732677936554,-530.4732677936554,-5.304732677936554,100.0,3.444632614850998,0.0,0.0,530.4732677936554,3.0052387714385986,16032,-0.00027890430828847457,0.03839707411825657,1.525079894065857,0.01466700630262494,0.03552251346409321,0.03552251346409321,0.08245004639029503,0.00018374170313174363,0.0,0.18096554279327393,1.0,0.0027884615384615374,0.00014711538461538464,2,0.75,0.75,0.0
501,1606400,-798.9283180236816,-7.989282884597778,-798.9283180236816,-7.989282884597778,0.0,798.9283180236816,7.989282884597778,33.12730026245117,0.33127305984497024,3.932710177898407,0.0,0.0,nan,nan,nan,nan,nan,nan,nan,nan,nan,nan,16064,-9.94596469428899e-05,0.044922802969813345,1.534408402442932,0.01810543444007635,0.025034279376268388,0.025034279376268388,0.0810947708785534,0.00011139805183184605,0.0,0.18966174125671387,1.0,0.0027740384615384606,0.00014600961538461534,2,0.75,0.75,0.0
502,1609600,-880.2652072906494,-8.802651834487914,-880.2652072906494,-8.802651834487914,0.0,880.2652072906494,8.802651834487914,-48.2095890045166,-0.48209589004516573,4.499715485572815,0.0,0.0,nan,nan,nan,nan,nan,nan,nan,nan,nan,nan,16096,-0.0002970458998868608,0.06533969528973102,1.5254756450653075,0.02816307544708252,0.030265317671000956,0.030265317671000956,0.0892617791891098,7.709459757802564e-05,0.0,0.32964837551116943,1.0,0.002759615384615384,0.00014490384615384615,2,0.75,0.75,0.0
503,1612800,-805.640869140625,-8.056408596038818,-805.640869140625,-8.056408596038818,0.0,805.640869140625,8.056408596038818,26.414749145507812,0.26414734840393095,3.7494234466552734,0.0,0.0,nan,nan,nan,nan,nan,nan,nan,nan,nan,nan,16128,-0.00039581111325244224,0.028695439733564854,1.530755639076233,0.00974969007074833,0.03720553182065487,0.03720553182065487,0.055694355815649035,0.0002111988427720619,0.0,0.4864206314086914,1.0,0.002745192307692307,0.00014379807692307695,2,0.75,0.75,0.0
504,1616000,-745.587287902832,-7.4558727741241455,-745.587287902832,-7.4558727741241455,0.0,745.587287902832,7.4558727741241455,86.46833038330078,0.8646831703186031,3.0969820189476014,0.0,0.0,nan,nan,nan,nan,nan,nan,nan,nan,nan,nan,16160,-0.0003052272687229518,0.03477178104221821,1.5301823973655702,0.012902088183909654,0.03446137011051178,0.03446137011051178,0.06827576383948326,0.00024301046569302453,0.0,0.266953706741333,1.0,0.00273076923076923,0.00014269230769230765,2,0.75,0.75,0.0
505,1619200,-780.187180519104,-7.801871719360352,-780.187180519104,-7.801871719360352,0.0,780.187180519104,7.801871719360352,51.86843776702881,0.5186842250823966,3.5886265563964845,0.0,0.0,nan,nan,nan,nan,nan,nan,nan,nan,nan,nan,16192,-0.0002187265716653175,0.03441217914223671,1.530091679096222,0.01283110436052084,0.03364324681460858,0.03364324681460858,0.05413518659770489,0.00016881862975490574,0.0,0.37598341703414917,1.0,0.0027163461538461534,0.00014158653846153846,2,0.75,0.75,0.0
506,1622400,-783.9440259933472,-7.839440183639526,-783.9440259933472,-7.839440183639526,0.0,783.9440259933472,7.839440183639526,48.111592292785645,0.48111576080322216,4.088947169780731,0.0,0.0,nan,nan,nan,nan,nan,nan,nan,nan,nan,nan,16224,-0.00024244011250847963,0.038415031507611275,1.526823925971985,0.01483971495181322,0.02788059413433075,0.02788059413433075,0.0807245634496212,0.0001319824498757513,0.0,0.4564419984817505,1.0,0.0027019230769230766,0.00014048076923076926,2,0.75,0.75,0.0
507,1625600,-757.0236225128174,-7.570236449241638,-757.0236225128174,-7.570236449241638,0.0,757.0236225128174,7.570236449241638,75.03199577331543,0.7503194952011105,4.08480384349823,0.0,0.0,nan,nan,nan,nan,nan,nan,nan,nan,nan,nan,16256,-0.00010886907674816371,0.04054547548294067,1.5256111860275268,0.016063788253813983,0.025545281916856767,0.025545281916856767,0.06698187068104744,7.548645394379171e-05,0.0,0.518379271030426,1.0,0.002687499999999999,0.00013937500000000007,2,0.75,0.75,0.0
508,1628800,-841.9457368850708,-8.419457035064697,-841.9457368850708,-8.419457035064697,0.0,841.9457368850708,8.419457035064697,-9.890118598937988,-0.09890109062194874,4.033587892055511,0.0,0.0,nan,nan,nan,nan,nan,nan,nan,nan,nan,nan,16288,-0.00025415704331246405,0.047988840565085414,1.5267546772956848,0.019659130834043026,0.029388594999909402,0.029388594999909402,0.08288242295384407,9.515250017169664e-05,0.0,0.23484355211257935,1.0,0.002673076923076922,0.00013826923076923076,2,0.75,0.75,0.0
509,1632000,-744.7895784378052,-7.44789614200592,-744.7895784378052,-7.44789614200592,0.0,744.7895784378052,7.44789614200592,87.26603984832764,0.8726598024368286,3.3827726006507874,0.0,0.0,nan,nan,nan,nan,nan,nan,nan,nan,nan,nan,16320,-0.00021189217662178627,0.027703018486499788,1.532081937789917,0.009566341619938612,0.0298640264198184,0.0298640264198184,0.0634323313832283,0.00010117837464415863,0.0,0.606810450553894,1.0,0.0026586538461538453,0.00013716346153846157,2,0.75,0.75,0.0
510,1635200,-780.3499026298523,-7.8034991264343265,-780.3499026298523,-7.8034991264343265,0.0,780.3499026298523,7.8034991264343265,51.70571565628052,0.5170568180084221,3.3545873880386354,0.0,0.0,nan,nan,nan,nan,nan,nan,nan,nan,nan,nan,16352,-0.000219296411027603,0.035240620374679565,1.5317526698112487,0.013350705988705159,0.028778578341007232,0.028778578341007232,0.07156747728586196,0.00010086809675223854,0.0,0.3138478994369507,1.0,0.0026442307692307685,0.00013605769230769238,2,0.75,0.75,0.0
511,1638400,-778.6940670013428,-7.786940746307373,-778.6940670013428,-7.786940746307373,0.0,778.6940670013428,7.786940746307373,53.36155128479004,0.5336151981353758,4.450902676582336,0.0,0.0,nan,nan,nan,nan,nan,nan,nan,nan,nan,nan,16384,-0.0002528611109839041,0.035911545529961585,1.525851595401764,0.013690215349197388,0.030296450294554234,0.030296450294554234,0.0781729057431221,0.00010648085485692849,0.0,0.35381197929382324,1.0,0.0026298076923076917,0.00013495192307692307,2,0.75,0.75,0.0
512,1641600,-817.7184982299805,-8.177185192108155,-817.7184982299805,-8.177185192108155,0.0,817.7184982299805,8.177185192108155,14.337120056152344,0.14337075233459373,4.302082934379578,0.0,0.0,nan,nan,nan,nan,nan,nan,nan,nan,nan,nan,16416,-0.0003207298746740861,0.0509043999016285,1.5255749464035033,0.021141504868865013,0.04115470163524151,0.04115470163524151,0.084978399425745,0.0001736365495168892,0.0,0.38532954454421997,1.0,0.002615384615384615,0.00013384615384615388,2,0.75,0.75,0.0
513,1644800,-796.3006725311279,-7.963006420135498,-796.3006725311279,-7.963006420135498,0.0,796.3006725311279,7.963006420135498,35.75494575500488,0.3575495243072506,4.369675159454346,0.0,0.0,nan,nan,nan,nan,nan,nan,nan,nan,nan,nan,16448,-5.575273129105884e-05,0.03330855127424002,1.5256953597068788,0.012630248069763183,0.03218045197427273,0.03218045197427273,0.06778417974710464,0.00011573837409807925,0.0,0.35701805353164673,1.0,0.002600961538461538,0.00013274038461538469,2,0.75,0.75,0.0
514,1648000,-729.5414915084839,-7.295415034294129,-729.5414915084839,-7.295415034294129,0.0,729.5414915084839,7.295415034294129,102.51412677764893,1.02514091014862,3.5057899618148802,0.0,0.0,nan,nan,nan,nan,nan,nan,nan,nan,nan,nan,16480,-0.0003110184911813363,0.03642127104103565,1.5214582800865173,0.013964306563138962,0.030068076215684414,0.030068076215684414,0.07760003805160523,0.00018889212319730156,0.0,0.4110037088394165,1.0,0.0025865384615384613,0.00013163461538461538,2,0.75,0.75,0.0
515,1651200,-828.444317817688,-8.284443035125733,-828.444317817688,-8.284443035125733,0.0,828.444317817688,8.284443035125733,3.611300468444824,0.03611290931701561,4.483111906051636,0.0,0.0,nan,nan,nan,nan,nan,nan,nan,nan,nan,nan,16512,-0.00038563847554327067,0.05122007951140404,1.5125455260276794,0.021333959698677064,0.0367868572473526,0.0367868572473526,0.09802951887249947,0.0002316329650972995,0.0,0.2843219041824341,1.0,0.0025721153846153845,0.0001305288461538462,2,0.75,0.75,0.0
516,1654400,-828.1790781021118,-8.281790833473206,-828.1790781021118,-8.281790833473206,0.0,828.1790781021118,8.281790833473206,3.876540184020996,0.038765110969542604,3.9673430800437925,0.0,0.0,nan,nan,nan,nan,nan,nan,nan,nan,nan,nan,16544,-0.0004260290262406485,0.0355360958725214,1.509314525127411,0.013481656834483147,0.0359485600143671,0.0359485600143671,0.07331404164433479,0.00035173044852926014,0.0,0.20707690715789795,1.0,0.0025576923076923077,0.000129423076923077,2,0.75,0.75,0.0
517,1657600,-795.5283880233765,-7.955284032821655,-795.5283880233765,-7.955284032821655,0.0,795.5283880233765,7.955284032821655,36.52723026275635,0.3652719116210932,4.037742257118225,0.0,0.0,nan,nan,nan,nan,nan,nan,nan,nan,nan,nan,16576,-0.00020527019652509803,0.02687308005988598,1.5016443848609924,0.009412183985114097,0.03598854430019856,0.03598854430019856,0.06221682392060757,0.00013750497792059733,0.0,0.4615281820297241,1.0,0.00254326923076923,0.0001283173076923077,2,0.75,0.75,0.0
518,1660800,-787.3998203277588,-7.873997645378113,-787.3998203277588,-7.873997645378113,0.0,787.3998203277588,7.873997645378113,44.65579795837402,0.44655829906463573,3.5727649259567262,0.0,0.0,nan,nan,nan,nan,nan,nan,nan,nan,nan,nan,16608,-0.00015106018532242693,0.029733547009527683,1.5055004835128785,0.010908534191548825,0.026373186707496644,0.026373186707496644,0.07324404194951058,0.00011991685564751813,0.0,0.3460177183151245,1.0,0.0025288461538461524,0.0001272115384615385,2,0.75,0.75,0.0
519,1664000,-816.4037656784058,-8.164037499427796,-816.4037656784058,-8.164037499427796,0.0,816.4037656784058,8.164037499427796,15.65185260772705,0.15651844501495304,3.8970717787742615,0.0,0.0,nan,nan,nan,nan,nan,nan,nan,nan,nan,nan,16640,-0.0002604233512655263,0.04874766990542412,1.5084339022636413,0.020320570655167104,0.027799146063625813,0.027799146063625813,0.09067124053835869,0.00015958225139983678,0.0,0.38360512256622314,1.0,0.0025144230769230756,0.0001261057692307692,2,0.75,0.75,0.0
520,1667200,-762.0779628753662,-7.620779681205749,-762.0779628753662,-7.620779681205749,0.0,762.0779628753662,7.620779681205749,69.9776554107666,0.6997762632369993,3.7014937663078307,0.0,0.0,-536.3197242021561,-5.363197242021561,-536.3197242021561,-5.363197242021561,100.0,3.2275769764184954,0.0,0.0,536.3197242021561,-2.8412176370620728,16672,-9.569553244652696e-05,0.03731528408825398,1.5109732151031494,0.014784513507038355,0.025052874721586703,0.025052874721586703,0.07079845368862152,9.850665942465009e-05,0.0,0.42991936206817627,1.0,0.0024999999999999988,0.000125,2,0.75,0.75,0.0
521,1670400,-789.6410512924194,-7.896410436630249,-789.6410512924194,-7.896410436630249,0.0,789.6410512924194,7.896410436630249,42.41456699371338,0.4241455078124998,3.6199706292152403,0.0,0.0,nan,nan,nan,nan,nan,nan,nan,nan,nan,nan,16704,-0.00021062422155226912,0.05776396095752716,1.5131925463676452,0.02491019945591688,0.03105735257267952,0.03105735257267952,0.1055263802409172,8.178291004766427e-05,0.0,0.3310580849647522,1.0,0.002485576923076922,0.0001238942307692308,2,0.75,0.75,0.0
522,1673600,-900.6823043823242,-9.006823263168336,-900.6823043823242,-9.006823263168336,0.0,900.6823043823242,9.006823263168336,-68.6266860961914,-0.6862673187255872,4.378009071350098,0.0,0.0,nan,nan,nan,nan,nan,nan,nan,nan,nan,nan,16736,-0.00020359270242188422,0.08407018780708313,1.5071269035339356,0.03810715898871422,0.028122468665242196,0.028122468665242196,0.11573475450277329,0.00010069730092321429,0.0,0.2862292528152466,1.0,0.002471153846153845,0.0001227884615384615,2,0.75,0.75,0.0
523,1676800,-845.6235618591309,-8.456235589981079,-845.6235618591309,-8.456235589981079,0.0,845.6235618591309,8.456235589981079,-13.567943572998047,-0.13567964553833,4.148534498214722,0.0,0.0,nan,nan,nan,nan,nan,nan,nan,nan,nan,nan,16768,-0.0003145422081288096,0.0256073422729969,1.5011281847953797,0.0088012614287436,0.03228802494704723,0.03228802494704723,0.05285648033022881,0.00013868587857431358,0.0,0.4713020324707031,1.0,0.0024567307692307683,0.00012168269230769231,2,0.75,0.75,0.0
524,1680000,-809.2878036499023,-8.092877807617187,-809.2878036499023,-8.092877807617187,0.0,809.2878036499023,8.092877807617187,22.76781463623047,0.2276781368255616,4.0238772082328795,0.0,0.0,nan,nan,nan,nan,nan,nan,nan,nan,nan,nan,16800,-0.00019392704707423824,0.04294041395187378,1.4988052010536195,0.017615736275911332,0.035144542530179027,0.035144542530179027,0.08455248922109604,0.00010958867706065527,0.0,0.3265721797943115,1.0,0.0024423076923076915,0.00012057692307692312,2,0.75,0.75,0.0
525,1683200,-767.7926826477051,-7.677926912307739,-767.7926826477051,-7.677926912307739,0.0,767.7926826477051,7.677926912307739,64.26293563842773,0.6426290321350097,3.8779323267936707,0.0,0.0,nan,nan,nan,nan,nan,nan,nan,nan,nan,nan,16832,-0.0001853494408416978,0.047202711924910545,1.498874270915985,0.019776912964880468,0.027778524532914163,0.027778524532914163,0.08456082865595818,0.00010488369353045285,0.0,0.4642525911331177,1.0,0.0024278846153846147,0.00011947115384615382,2,0.75,0.75,0.0
526,1686400,-837.004903793335,-8.370048685073852,-837.004903793335,-8.370048685073852,0.0,837.004903793335,8.370048685073852,-4.949285507202148,-0.04949274063110387,4.138058941364289,0.0,0.0,nan,nan,nan,nan,nan,nan,nan,nan,nan,nan,16864,-0.00019229183605167232,0.03850729204714298,1.5009549379348754,0.015438857488334179,0.030573859997093677,0.030573859997093677,0.07408305108547211,6.060567900548183e-05,0.0,0.3944104313850403,1.0,0.002413461538461538,0.00011836538461538462,2,0.75,0.75,0.0
527,1689600,-753.2334413528442,-7.532334465980529,-753.2334413528442,-7.532334465980529,0.0,753.2334413528442,7.532334465980529,78.82217693328857,0.7882214784622192,3.7522625136375427,0.0,0.0,nan,nan,nan,nan,nan,nan,nan,nan,nan,nan,16896,-0.00029235386604264946,0.06901162266731262,1.508795428276062,0.030593798495829105,0.033280118554830554,0.033280118554830554,0.09340480417013168,0.00015463104646256938,0.0,0.10091632604598999,1.0,0.002399038461538461,0.00011725961538461543,2,0.75,0.75,0.0
528,1692800,-747.3311824798584,-7.473311815261841,-747.3311824798584,-7.473311815261841,0.0,747.3311824798584,7.473311815261841,84.72443580627441,0.8472441291809076,3.346492705345154,0.0,0.0,nan,nan,nan,nan,nan,nan,nan,nan,nan,nan,16928,-0.000170805967610832,0.02980875372886658,1.4955935835838319,0.011167155392467976,0.02889962084591389,0.02889962084591389,0.06154365986585617,0.00012974482328971185,0.0,0.41022729873657227,1.0,0.0023846153846153843,0.00011615384615384623,2,0.75,0.75,0.0
529,1696000,-776.2412128448486,-7.762412037849426,-776.2412128448486,-7.762412037849426,0.0,776.2412128448486,7.762412037849426,55.81440544128418,0.5581439065933225,3.6780771732330324,0.0,0.0,nan,nan,nan,nan,nan,nan,nan,nan,nan,nan,16960,-0.00024379766292548233,0.03290775381028652,1.4890767693519593,0.01268068104982376,0.03943689689040184,0.03943689689040184,0.06384638287127017,8.675834519707249e-05,0.0,0.2770332098007202,1.0,0.0023701923076923075,0.00011504807692307693,2,0.75,0.75,0.0
530,1699200,-834.6658420562744,-8.346658339500427,-834.6658420562744,-8.346658339500427,0.0,834.6658420562744,8.346658339500427,-2.6102237701416016,-0.026102395057678862,3.945817403793335,0.0,0.0,nan,nan,nan,nan,nan,nan,nan,nan,nan,nan,16992,-0.00018420033349979547,0.034650100767612456,1.4963384032249452,0.013615822046995163,0.031711605936288835,0.031711605936288835,0.08647600412368775,0.00010213504692801532,0.0,0.24666404724121094,1.0,0.00235576923076923,0.00011394230769230774,2,0.75,0.75,0.0
531,1702400,-821.7651586532593,-8.217651653289796,-821.7651586532593,-8.217651653289796,0.0,821.7651586532593,8.217651653289796,10.290459632873535,0.10290429115295296,4.517604532241822,0.0,0.0,nan,nan,nan,nan,nan,nan,nan,nan,nan,nan,17024,-0.000244038913087552,0.05759984068572521,1.499128246307373,0.025045903585851192,0.03842638172209263,0.03842638172209263,0.08059327229857445,0.0001160158949922298,0.0,0.29436665773391724,1.0,0.002341346153846153,0.00011283653846153854,2,0.75,0.75,0.0
532,1705600,-734.7090082168579,-7.347090020179748,-734.7090082168579,-7.347090020179748,0.0,734.7090082168579,7.347090020179748,97.3466100692749,0.9734659242630004,3.6228532075881956,0.0,0.0,nan,nan,nan,nan,nan,nan,nan,nan,nan,nan,17056,-0.00023597975630398337,0.0391719713807106,1.4922947764396668,0.015877550654113292,0.029106688871979713,0.029106688871979713,0.0767267920076847,0.00012051631019934171,0.0,0.4250590205192566,1.0,0.0023269230769230763,0.00011173076923076924,2,0.75,0.75,0.0
533,1708800,-803.762285232544,-8.037622570991516,-803.762285232544,-8.037622570991516,0.0,803.762285232544,8.037622570991516,28.293333053588867,0.2829333734512325,4.140591087341309,0.0,0.0,nan,nan,nan,nan,nan,nan,nan,nan,nan,nan,17088,-0.00022804972061711836,0.04398320354521275,1.4860297083854674,0.018327108398079873,0.03290843479335308,0.03290843479335308,0.08941768258810043,0.00011516567742621384,0.0,0.32024747133255005,1.0,0.0023124999999999995,0.00011062500000000005,2,0.75,0.75,0.0
534,1712000,-693.9205455780029,-6.939205470085144,-693.9205455780029,-6.939205470085144,0.0,693.9205455780029,6.939205470085144,138.13507270812988,1.3813504743576042,3.5899334144592285,0.0,0.0,nan,nan,nan,nan,nan,nan,nan,nan,nan,nan,17120,-0.00022897816069455956,0.033335842005908486,1.4859961867332458,0.013024009764194489,0.03759793937206268,0.03759793937206268,0.08011628985404969,0.000123215507802161,0.0,0.5217905044555664,1.0,0.0022980769230769226,0.00010951923076923085,2,0.75,0.75,0.0
535,1715200,-702.5483140945435,-7.025482892990112,-702.5483140945435,-7.025482892990112,0.0,702.5483140945435,7.025482892990112,129.50730419158936,1.2950730514526363,3.2152637004852296,0.0,0.0,nan,nan,nan,nan,nan,nan,nan,nan,nan,nan,17152,-0.00018176112415453362,0.04399604126811028,1.483647358417511,0.018428122997283934,0.029872621595859527,0.029872621595859527,0.09386275708675385,0.00010325162061313451,0.0,0.37855982780456543,1.0,0.002283653846153846,0.00010841346153846155,2,0.75,0.75,0.0
536,1718400,-823.168664932251,-8.23168637752533,-823.168664932251,-8.23168637752533,0.0,823.168664932251,8.23168637752533,8.886953353881836,0.08886956691741865,4.508926906585693,0.0,0.0,nan,nan,nan,nan,nan,nan,nan,nan,nan,nan,17184,-0.00015571780173635475,0.04913706257939339,1.4812460780143737,0.021051524579524993,0.02327254544943571,0.02327254544943571,0.09626958668231964,8.339789919853103e-05,0.0,0.07435858249664307,1.0,0.002269230769230769,0.00010730769230769236,2,0.75,0.75,0.0
537,1721600,-783.6269416809082,-7.836269302368164,-783.6269416809082,-7.836269302368164,0.0,783.6269416809082,7.836269302368164,48.42867660522461,0.4842866420745846,3.7108411741256715,0.0,0.0,nan,nan,nan,nan,nan,nan,nan,nan,nan,nan,17216,-0.00017875337746663943,0.034210821613669395,1.47986558675766,0.013589845411479473,0.027987968176603317,0.027987968176603317,0.0669110469520092,5.973582481224756e-05,0.0,0.5808520317077637,1.0,0.0022548076923076914,0.00010620192307692305,2,0.75,0.75,0.0
538,1724800,-845.5055618286133,-8.455055646896362,-845.5055618286133,-8.455055646896362,0.0,845.5055618286133,8.455055646896362,-13.449943542480469,-0.13449970245361342,3.8633099484443663,0.0,0.0,nan,nan,nan,nan,nan,nan,nan,nan,nan,nan,17248,-9.273338461177616e-05,0.04502980075776577,1.4726750731468201,0.01912280861288309,0.02401544973254204,0.02401544973254204,0.08869516849517822,3.6924663255263565e-05,0.0,0.3767019510269165,1.0,0.0022403846153846146,0.00010509615384615386,2,0.75,0.75,0.0
539,1728000,-797.90452003479,-7.9790451622009275,-797.90452003479,-7.9790451622009275,0.0,797.90452003479,7.9790451622009275,34.15109825134277,0.3415107822418211,3.4381565833091736,0.0,0.0,nan,nan,nan,nan,nan,nan,nan,nan,nan,nan,17280,-0.00012046096419888741,0.07898444458842277,1.4810408234596253,0.03607502095401287,0.03145741820335388,0.03145741820335388,0.10162874981760979,2.026459012616882e-05,0.0,0.25403928756713867,1.0,0.0022259615384615378,0.00010399038461538456,2,0.75,0.75,0.0
540,1731200,-726.0677185058594,-7.2606775665283205,-726.0677185058594,-7.2606775665283205,0.0,726.0677185058594,7.2606775665283205,105.98789978027344,1.059878377914428,3.571055784225464,0.0,0.0,-511.5327522754669,-5.1153275227546695,-511.5327522754669,-5.1153275227546695,100.0,2.8603177762031553,0.0,0.0,511.5327522754669,21.945754289627075,17312,-0.0002608309488030258,0.05311622507870197,1.4733948230743408,0.023038812167942523,0.03734739944338798,0.03734739944338798,0.10224153771996498,9.559240970779635e-05,0.0,0.26251018047332764,1.0,0.00221153846153846,0.00010288461538461536,2,0.75,0.75,0.0
541,1734400,-752.2169857025146,-7.522169818878174,-752.2169857025146,-7.522169818878174,0.0,752.2169857025146,7.522169818878174,79.83863258361816,0.7983861255645746,3.6024314332008363,0.0,0.0,nan,nan,nan,nan,nan,nan,nan,nan,nan,nan,17344,-0.00016474406752386983,0.035658947005867955,1.4861971259117126,0.014399382565170527,0.030787824280560018,0.030787824280560018,0.07717382311820983,0.00011876769394878961,0.0,0.45144379138946533,1.0,0.0021971153846153833,0.00010177884615384617,2,0.75,0.75,0.0
542,1737600,-736.8202819824219,-7.368202795982361,-736.8202819824219,-7.368202795982361,0.0,736.8202819824219,7.368202795982361,95.23533630371094,0.9523531484603875,3.6522482943534853,0.0,0.0,nan,nan,nan,nan,nan,nan,nan,nan,nan,nan,17376,-0.0001043020243198134,0.03822634518146515,1.4791025042533874,0.01578044509515166,0.034163395687937734,0.034163395687937734,0.0783377431333065,6.597089282043734e-05,0.0,0.414787232875824,1.0,0.0021826923076923074,0.00010067307692307697,2,0.75,0.75,0.0
543,1740800,-721.8993825912476,-7.218993754386902,-721.8993825912476,-7.218993754386902,0.0,721.8993825912476,7.218993754386902,110.15623569488525,1.101562190055847,3.533750846385956,0.0,0.0,nan,nan,nan,nan,nan,nan,nan,nan,nan,nan,17408,-0.00018451662033367456,0.04326050169765949,1.4867710590362548,0.018222014419734478,0.034904899820685384,0.034904899820685384,0.0915389746427536,7.735046044746679e-05,0.0,0.2848238945007324,1.0,0.0021682692307692306,9.956730769230767e-05,2,0.75,0.75,0.0
544,1744000,-791.676417350769,-7.916764311790466,-791.676417350769,-7.916764311790466,0.0,791.676417350769,7.916764311790466,40.37920093536377,0.4037916326522826,3.790715551376343,0.0,0.0,nan,nan,nan,nan,nan,nan,nan,nan,nan,nan,17440,-0.0001428429587176705,0.0801612190902233,1.4845555305480957,0.03674026243388653,0.02925188709050417,0.02925188709050417,0.10576174259185792,8.573370723827856e-05,0.0,0.26971757411956787,1.0,0.0021538461538461538,9.846153846153848e-05,2,0.75,0.75,0.0
545,1747200,-793.910439491272,-7.939104604721069,-793.910439491272,-7.939104604721069,0.0,793.910439491272,7.939104604721069,38.14517879486084,0.38145133972167944,4.0194535779953,0.0,0.0,nan,nan,nan,nan,nan,nan,nan,nan,nan,nan,17472,-0.0001551174154374113,0.0527241338044405,1.4866045594215394,0.023026473447680475,0.03306930996477604,0.03306930996477604,0.09234085381031036,8.182145577467043e-05,0.0,0.3056715130805969,1.0,0.002139423076923077,9.735576923076928e-05,2,0.75,0.75,0.0
546,1750400,-696.1593933105469,-6.961593809127808,-696.1593933105469,-6.961593809127808,0.0,696.1593933105469,6.961593809127808,135.89622497558594,1.3589621353149406,3.4746601486206057,0.0,0.0,nan,nan,nan,nan,nan,nan,nan,nan,nan,nan,17504,-0.0001337938198208377,0.05136934779584408,1.4833622694015502,0.02239873483777046,0.02769404146820307,0.02769404146820307,0.08956878930330277,4.4969222700131166e-05,0.0,0.256041944026947,1.0,0.002125,9.624999999999998e-05,2,0.75,0.75,0.0
547,1753600,-809.4087524414062,-8.094087495803834,-809.4087524414062,-8.094087495803834,0.0,809.4087524414062,8.094087495803834,22.646865844726562,0.22646844863891502,3.7463595056533814,0.0,0.0,nan,nan,nan,nan,nan,nan,nan,nan,nan,nan,17536,-0.0001994925931285252,0.056956708803772925,1.4848634362220765,0.02514494340866804,0.03203861080110073,0.03203861080110073,0.08969663754105568,6.013731922469122e-05,0.0,0.3672056198120117,1.0,0.0021105769230769216,9.514423076923079e-05,2,0.75,0.75,0.0
548,1756800,-795.0848789215088,-7.950849161148072,-795.0848789215088,-7.950849161148072,0.0,795.0848789215088,7.950849161148072,36.97073936462402,0.369706783294677,4.65734001159668,0.0,0.0,nan,nan,nan,nan,nan,nan,nan,nan,nan,nan,17568,-0.0002039883481016691,0.04568218514323234,1.4836805701255797,0.019527081213891507,0.03924352116882801,0.03924352116882801,0.08128201737999916,6.982583481735372e-05,0.0,0.4692690968513489,1.0,0.002096153846153845,9.40384615384616e-05,2,0.75,0.75,0.0
549,1760000,-719.7487411499023,-7.197487421035767,-719.7487411499023,-7.197487421035767,0.0,719.7487411499023,7.197487421035767,112.30687713623047,1.1230685234069817,3.6795545196533204,0.0,0.0,nan,nan,nan,nan,nan,nan,nan,nan,nan,nan,17600,-0.0001730010265783122,0.04592317454516888,1.4754331588745118,0.0197171313688159,0.038873403519392016,0.038873403519392016,0.0912110835313797,6.442811345630113e-05,0.0,0.34976476430892944,1.0,0.002081730769230768,9.293269230769229e-05,2,0.75,0.75,0.0
550,1763200,-782.4571943283081,-7.8245718288421635,-782.4571943283081,-7.8245718288421635,0.0,782.4571943283081,7.8245718288421635,49.59842395782471,0.4959841156005851,3.366545910835266,0.0,0.0,nan,nan,nan,nan,nan,nan,nan,nan,nan,nan,17632,-0.0001719828866429407,0.051133527606725696,1.474530863761902,0.022346472181379796,0.033402206376194954,0.033402206376194954,0.07829152047634125,6.905200905371693e-05,0.0,0.026013076305389404,1.0,0.002067307692307691,9.18269230769231e-05,2,0.75,0.75,0.0
551,1766400,-764.6178665161133,-7.646178889274597,-764.6178665161133,-7.646178889274597,0.0,764.6178665161133,7.646178889274597,67.43775177001953,0.6743770551681516,3.9645022106170655,0.0,0.0,nan,nan,nan,nan,nan,nan,nan,nan,nan,nan,17664,-0.0001478870380295483,0.053584792837500575,1.4779404044151305,0.02361046839505434,0.03674235641956329,0.03674235641956329,0.09728776663541794,5.924918023160887e-05,0.0,0.2347813844680786,1.0,0.0020528846153846144,9.07211538461539e-05,2,0.75,0.75,0.0
552,1769600,-668.2990779876709,-6.682990832328796,-668.2990779876709,-6.682990832328796,0.0,668.2990779876709,6.682990832328796,163.7565402984619,1.6375651121139523,3.4704239106178285,0.0,0.0,nan,nan,nan,nan,nan,nan,nan,nan,nan,nan,17696,-0.0001598241783955068,0.050125398114323615,1.4723528265953063,0.021901540085673334,0.02721742819994688,0.02721742819994688,0.09443608373403549,5.398886523913436e-05,0.0,0.5140029191970825,1.0,0.0020384615384615376,8.961538461538471e-05,2,0.75,0.75,0.0
553,1772800,-754.5218305587769,-7.54521797657013,-754.5218305587769,-7.54521797657013,0.0,754.5218305587769,7.54521797657013,77.53378772735596,0.7753379678726189,3.378401279449463,0.0,0.0,nan,nan,nan,nan,nan,nan,nan,nan,nan,nan,17728,-0.00010515642070458852,0.019825431518256664,1.4771308541297912,0.006817789701744914,0.027150907181203367,0.027150907181203367,0.05908935442566872,3.949113515849399e-05,0.0,0.3792620301246643,1.0,0.002024038461538461,8.85096153846154e-05,2,0.75,0.75,0.0
554,1776000,-719.6824436187744,-7.196824283599853,-719.6824436187744,-7.196824283599853,0.0,719.6824436187744,7.196824283599853,112.3731746673584,1.1237316608428953,3.636157042980194,0.0,0.0,nan,nan,nan,nan,nan,nan,nan,nan,nan,nan,17760,-0.0001664206255831413,0.04221095070242882,1.4790880918502807,0.01796665657311678,0.03393014632165432,0.03393014632165432,0.0826941266655922,3.775405965677805e-05,0.0,0.489749014377594,1.0,0.002009615384615384,8.740384615384621e-05,2,0.75,0.75,0.0
555,1779200,-779.5767154693604,-7.795767102241516,-779.5767154693604,-7.795767102241516,0.0,779.5767154693604,7.795767102241516,52.47890281677246,0.5247888422012323,3.323786344528198,0.0,0.0,nan,nan,nan,nan,nan,nan,nan,nan,nan,nan,17792,-0.00014946582391708318,0.04572093449532986,1.4829542756080627,0.019752222299575805,0.03067937884479761,0.03067937884479761,0.08949046358466148,6.437510890084972e-05,0.0,0.1447063684463501,1.0,0.001995192307692307,8.629807692307702e-05,2,0.75,0.75,0.0
556,1782400,-770.1640586853027,-7.701640410423279,-770.1640586853027,-7.701640410423279,0.0,770.1640586853027,7.701640410423279,61.89155960083008,0.6189155340194699,3.6216260623931884,0.0,0.0,nan,nan,nan,nan,nan,nan,nan,nan,nan,nan,17824,-9.791667391469971e-05,0.03203745074570179,1.4775949954986571,0.012994034215807915,0.02660493403673172,0.02660493403673172,0.07744901180267334,4.3420170573745884e-05,0.0,0.594865083694458,1.0,0.0019807692307692304,8.519230769230772e-05,2,0.75,0.75,0.0
557,1785600,-743.7332611083984,-7.437332601547241,-743.7332611083984,-7.437332601547241,0.0,743.7332611083984,7.437332601547241,88.32235717773438,0.8832233428955076,3.7528357100486756,0.0,0.0,nan,nan,nan,nan,nan,nan,nan,nan,nan,nan,17856,-0.00012651026095918949,0.040084698051214215,1.48919016122818,0.016987575218081474,0.0325237687677145,0.0325237687677145,0.08298541009426116,2.668450569063166e-05,0.0,0.3257656693458557,1.0,0.001966346153846152,8.408653846153841e-05,2,0.75,0.75,0.0
558,1788800,-769.8024101257324,-7.698024301528931,-769.8024101257324,-7.698024301528931,0.0,769.8024101257324,7.698024301528931,62.25320816040039,0.6225316429138177,4.101449284553528,0.0,0.0,nan,nan,nan,nan,nan,nan,nan,nan,nan,nan,17888,-0.00012763157071238318,0.04198095500469208,1.4844412326812744,0.01796533036977053,0.023509611375629902,0.023509611375629902,0.08850748911499977,3.921211224527651e-05,0.0,0.3371369242668152,1.0,0.001951923076923075,8.298076923076922e-05,2,0.75,0.75,0.0
559,1792000,-815.8385410308838,-8.158385424613952,-815.8385410308838,-8.158385424613952,0.0,815.8385410308838,8.158385424613952,16.217077255249023,0.1621705198287966,4.164895451068878,0.0,0.0,nan,nan,nan,nan,nan,nan,nan,nan,nan,nan,17920,-0.00011098943012295414,0.045359373837709424,1.4813905596733092,0.019698502868413924,0.027411831170320512,0.027411831170320512,0.07871959805488586,3.309482945116432e-05,0.0,0.155808687210083,1.0,0.0019374999999999983,8.187500000000003e-05,2,0.75,0.75,0.0
560,1795200,-775.011456489563,-7.750114612579345,-775.011456489563,-7.750114612579345,0.0,775.011456489563,7.750114612579345,57.044161796569824,0.5704413318634032,4.377296113967896,0.0,0.0,-486.14632081985474,-4.861463208198547,-486.14632081985474,-4.861463208198547,100.0,2.2183762434124947,0.0,0.0,486.14632081985474,47.33218574523926,17952,-0.00013328354488111315,0.05288654565811157,1.4838844060897827,0.023456365428864957,0.025896188616752625,0.025896188616752625,0.1175450786948204,5.089035389648434e-05,0.0,0.09675037860870361,1.0,0.0019230769230769214,8.076923076923072e-05,2,0.75,0.75,0.0
561,1798400,-856.1993761062622,-8.561993641853332,-856.1993761062622,-8.561993641853332,0.0,856.1993761062622,8.561993641853332,-24.143757820129395,-0.24143769741058385,3.6842351937294007,0.0,0.0,nan,nan,nan,nan,nan,nan,nan,nan,nan,nan,17984,-0.0001950959913651573,0.0675388053059578,1.4841909885406495,0.030741499923169612,0.03665945567190647,0.03665945567190647,0.11502130776643753,5.5188336785548886e-05,0.0,0.04681044816970825,1.0,0.0019086538461538446,7.966346153846153e-05,2,0.75,0.75,0.0
562,1801600,-726.7630033493042,-7.267630228996277,-726.7630033493042,-7.267630228996277,0.0,726.7630033493042,7.267630228996277,105.29261493682861,1.052925715446472,3.408842313289642,0.0,0.0,nan,nan,nan,nan,nan,nan,nan,nan,nan,nan,18016,-0.00011445085930041898,0.048687820136547086,1.4923079371452332,0.021402683667838575,0.03679216615855694,0.03679216615855694,0.09415861964225769,5.048705127209234e-05,0.0,0.35176461935043335,1.0,0.0018942307692307678,7.855769230769233e-05,2,0.75,0.75,0.0
563,1804800,-807.4540033340454,-8.07453957080841,-807.4540033340454,-8.07453957080841,0.0,807.4540033340454,8.07453957080841,24.601614952087402,0.2460163736343386,3.9254529070854187,0.0,0.0,nan,nan,nan,nan,nan,nan,nan,nan,nan,nan,18048,-0.0001405225889153705,0.051280046626925466,1.4876626253128051,0.022702981159090994,0.02603722643107176,0.02603722643107176,0.09016216844320298,4.889864371838012e-05,0.0,0.46660059690475464,1.0,0.001879807692307691,7.745192307692314e-05,2,0.75,0.75,0.0
564,1808000,-785.4869813919067,-7.854869742393493,-785.4869813919067,-7.854869742393493,0.0,785.4869813919067,7.854869742393493,46.568636894226074,0.46568620204925537,4.494451298713684,0.0,0.0,nan,nan,nan,nan,nan,nan,nan,nan,nan,nan,18080,-7.827231830096482e-05,0.0563282523304224,1.4929643630981446,0.02530090119689703,0.029189070500433446,0.029189070500433446,0.10557065308094024,2.8402379076208374e-05,0.0,0.32159024477005005,1.0,0.0018653846153846142,7.634615384615384e-05,2,0.75,0.75,0.0
565,1811200,-780.005446434021,-7.800054759979248,-780.005446434021,-7.800054759979248,0.0,780.005446434021,7.800054759979248,52.050171852111816,0.5205011844635008,3.6939412784576415,0.0,0.0,nan,nan,nan,nan,nan,nan,nan,nan,nan,nan,18112,-0.0001466049680049597,0.021893075294792654,1.4937362790107727,0.008035084325820207,0.028455548733472825,0.028455548733472825,0.0559215247631073,3.386833789208289e-05,0.0,0.5041458606719971,1.0,0.0018509615384615374,7.524038461538464e-05,2,0.75,0.75,0.0
566,1814400,-800.0477514266968,-8.000477509498596,-800.0477514266968,-8.000477509498596,0.0,800.0477514266968,8.000477509498596,32.007866859436035,0.32007843494415233,3.5941530442237855,0.0,0.0,nan,nan,nan,nan,nan,nan,nan,nan,nan,nan,18144,-0.00016043618866897757,0.06434919014573097,1.494470489025116,0.029269506968557835,0.03950660526752472,0.03950660526752472,0.09691244214773179,4.4786061278809156e-05,0.0,0.0775492787361145,1.0,0.0018365384615384606,7.413461538461545e-05,2,0.75,0.75,0.0
567,1817600,-812.8657817840576,-8.128657789230347,-812.8657817840576,-8.128657789230347,0.0,812.8657817840576,8.128657789230347,19.189836502075195,0.19189815521240128,3.9708688187599184,0.0,0.0,nan,nan,nan,nan,nan,nan,nan,nan,nan,nan,18176,-7.691936554210521e-05,0.0606621015816927,1.499096894264221,0.02752260398119688,0.026448387280106546,0.026448387280106546,0.08717231154441833,4.5244064359236706e-05,0.0,0.21046394109725952,1.0,0.0018221153846153838,7.302884615384615e-05,2,0.75,0.75,0.0
568,1820800,-810.8388171195984,-8.10838873386383,-810.8388171195984,-8.10838873386383,0.0,810.8388171195984,8.10838873386383,21.216801166534424,0.21216721057891874,3.889704558849335,0.0,0.0,nan,nan,nan,nan,nan,nan,nan,nan,nan,nan,18208,-9.74717627642896e-05,0.07258274927735328,1.498119020462036,0.03348576501011848,0.03151193633675575,0.03151193633675575,0.08981873020529747,2.205541784479222e-05,0.0,0.2627525329589844,1.0,0.001807692307692307,7.192307692307695e-05,2,0.75,0.75,0.0
569,1824000,-789.8805456161499,-7.898805460929871,-789.8805456161499,-7.898805460929871,0.0,789.8805456161499,7.898805460929871,42.17507266998291,0.421750483512878,4.182013638019562,0.0,0.0,nan,nan,nan,nan,nan,nan,nan,nan,nan,nan,18240,-0.0001379573235019027,0.037377844005823134,1.4995701313018799,0.015861831605434418,0.03459776639938354,0.03459776639938354,0.06569958403706551,2.8663157537103168e-05,0.0,0.3690453767776489,1.0,0.0017932692307692302,7.081730769230776e-05,2,0.75,0.75,0.0
570,1827200,-776.4697599411011,-7.764698166847229,-776.4697599411011,-7.764698166847229,0.0,776.4697599411011,7.764698166847229,55.58585834503174,0.55585777759552,3.3588455152511596,0.0,0.0,nan,nan,nan,nan,nan,nan,nan,nan,nan,nan,18272,-7.570624216022282e-05,0.046679068729281424,1.4903454661369324,0.020612733252346516,0.02760146539658308,0.02760146539658308,0.07604088261723518,2.8677383910024515e-05,0.0,0.36137473583221436,1.0,0.0017788461538461534,6.971153846153846e-05,2,0.75,0.75,0.0
571,1830400,-712.7323598861694,-7.127323660850525,-712.7323598861694,-7.127323660850525,0.0,712.7323598861694,7.127323660850525,119.32325839996338,1.1932322835922236,3.4762965512275694,0.0,0.0,nan,nan,nan,nan,nan,nan,nan,nan,nan,nan,18304,-9.640898768559225e-05,0.05542006008327007,1.4967052459716796,0.024972799979150296,0.028718050755560397,0.028718050755560397,0.08973429799079895,2.6041462394509973e-05,0.0,0.35999828577041626,1.0,0.0017644230769230766,6.860576923076926e-05,2,0.75,0.75,0.0
572,1833600,-782.1139659881592,-7.82113977432251,-782.1139659881592,-7.82113977432251,0.0,782.1139659881592,7.82113977432251,49.94165229797363,0.49941617012023887,3.7494353103637694,0.0,0.0,nan,nan,nan,nan,nan,nan,nan,nan,nan,nan,18336,-6.150499487564965e-05,0.044578687846660615,1.4976821303367616,0.01960689537227154,0.021704919822514056,0.021704919822514056,0.10407121554017067,1.564615429361571e-05,0.0,0.3220732808113098,1.0,0.0017499999999999998,6.750000000000007e-05,2,0.75,0.75,0.0
573,1836800,-773.9999723434448,-7.739999556541443,-773.9999723434448,-7.739999556541443,0.0,773.9999723434448,7.739999556541443,58.05564594268799,0.5805563879013054,3.780374541282654,0.0,0.0,nan,nan,nan,nan,nan,nan,nan,nan,nan,nan,18368,-0.0001352678183860867,0.049111520126461986,1.4956754326820374,0.021824632398784162,0.040308937430381775,0.040308937430381775,0.0920100249350071,2.0268336329075026e-05,0.0,0.3379970192909241,1.0,0.001735576923076923,6.639423076923087e-05,2,0.75,0.75,0.0
574,1840000,-799.9963989257812,-7.9999637079238894,-799.9963989257812,-7.9999637079238894,0.0,799.9963989257812,7.9999637079238894,32.05921936035156,0.32059223651885915,3.811638059616089,0.0,0.0,nan,nan,nan,nan,nan,nan,nan,nan,nan,nan,18400,-7.537375649828704e-05,0.03640943728387356,1.5001614570617676,0.015547336172312498,0.021970888040959834,0.021970888040959834,0.0826763667166233,3.4960602784657574e-05,0.0,0.44301408529281616,1.0,0.0017211538461538462,6.528846153846157e-05,2,0.75,0.75,0.0
575,1843200,-777.6652755737305,-7.77665274143219,-777.6652755737305,-7.77665274143219,0.0,777.6652755737305,7.77665274143219,54.390342712402344,0.5439032030105588,3.3255286812782288,0.0,0.0,nan,nan,nan,nan,nan,nan,nan,nan,nan,nan,18432,-8.50453367646331e-05,0.06315125711262226,1.4930495142936706,0.028942349553108215,0.031088263355195524,0.031088263355195524,0.10941907539963722,1.6207544644713118e-05,0.0,0.11173498630523682,1.0,0.0017067307692307694,6.418269230769238e-05,2,0.75,0.75,0.0
576,1846400,-830.3242998123169,-8.303242931365967,-830.3242998123169,-8.303242931365967,0.0,830.3242998123169,8.303242931365967,1.731318473815918,0.017313013076782013,4.762911162376404,0.0,0.0,nan,nan,nan,nan,nan,nan,nan,nan,nan,nan,18464,-7.542760357051037e-05,0.04427960626780987,1.4924588561058045,0.019538675807416438,0.03188696764409542,0.03188696764409542,0.0808052435517311,1.902116910700869e-05,0.0,0.3806130290031433,1.0,0.0016923076923076909,6.307692307692308e-05,2,0.75,0.75,0.0
577,1849600,-746.3848886489868,-7.463848876953125,-746.3848886489868,-7.463848876953125,0.0,746.3848886489868,7.463848876953125,85.670729637146,0.8567070674896238,3.424519064426422,0.0,0.0,nan,nan,nan,nan,nan,nan,nan,nan,nan,nan,18496,-8.411316852506845e-05,0.07174089923501015,1.4978882431983949,0.03327305167913437,0.02577333673834801,0.02577333673834801,0.10250509083271027,2.5960255437246108e-05,0.0,0.18127554655075073,1.0,0.001677884615384614,6.197115384615388e-05,2,0.75,0.75,0.0
578,1852800,-814.0994186401367,-8.14099401473999,-814.0994186401367,-8.14099401473999,0.0,814.0994186401367,8.14099401473999,17.956199645996094,0.17956192970275886,3.77021594285965,0.0,0.0,nan,nan,nan,nan,nan,nan,nan,nan,nan,nan,18528,-9.22623861272065e-05,0.04723930992186069,1.4953222513198852,0.02103998139500618,0.027131337672472,0.027131337672472,0.07937473729252816,2.7650774735141855e-05,0.0,0.2978177070617676,1.0,0.0016634615384615373,6.086538461538458e-05,2,0.75,0.75,0.0
579,1856000,-783.9576473236084,-7.839576530456543,-783.9576473236084,-7.839576530456543,0.0,783.9576473236084,7.839576530456543,48.097970962524414,0.4809794139862058,4.034357385635376,0.0,0.0,nan,nan,nan,nan,nan,nan,nan,nan,nan,nan,18560,-8.101181950372904e-05,0.0516641341149807,1.4960132598876954,0.02328407149761915,0.030358339473605157,0.030358339473605157,0.0708344578742981,2.0698685677454076e-05,0.0,0.31544768810272217,1.0,0.0016490384615384605,5.9759615384615385e-05,2,0.75,0.75,0.0
580,1859200,-827.7815923690796,-8.277815985679627,-827.7815923690796,-8.277815985679627,0.0,827.7815923690796,8.277815985679627,4.274025917053223,0.04273995876312142,4.097551410198212,0.0,0.0,-482.6592952013016,-4.826592952013016,-482.6592952013016,-4.826592952013016,100.0,2.3310078519582746,0.0,0.0,482.6592952013016,50.81921136379242,18592,-0.0001631345752422908,0.0714893288910389,1.4993791341781617,0.03313062191009521,0.0442598719149828,0.0442598719149828,0.09755515679717064,3.366139977816878e-05,0.0,0.14900606870651245,1.0,0.0016346153846153837,5.865384615384619e-05,2,0.75,0.75,0.0
581,1862400,-826.0701217651367,-8.2607009267807,-826.0701217651367,-8.2607009267807,0.0,826.0701217651367,8.2607009267807,5.985496520996094,0.05985501766204848,4.444672567844391,0.0,0.0,nan,nan,nan,nan,nan,nan,nan,nan,nan,nan,18624,-0.0001385709659196266,0.06341933012008667,1.4952383399009705,0.029148520901799202,0.034218523651361465,0.034218523651361465,0.10162218809127807,5.824961115269738e-05,0.0,0.3685147166252136,1.0,0.0016201923076923069,5.754807692307689e-05,2,0.75,0.75,0.0
582,1865600,-745.25914478302,-7.452591781616211,-745.25914478302,-7.452591781616211,0.0,745.25914478302,7.452591781616211,86.7964735031128,0.8679641628265378,3.6714238929748535,0.0,0.0,nan,nan,nan,nan,nan,nan,nan,nan,nan,nan,18656,-0.00017822890572425366,0.04942324869334698,1.4974971532821655,0.02212876044213772,0.03065214157104492,0.03065214157104492,0.0798021025955677,5.363764485155074e-05,0.0,0.39261960983276367,1.0,0.00160576923076923,5.6442307692307694e-05,2,0.75,0.75,0.0
583,1868800,-808.2874946594238,-8.08287486076355,-808.2874946594238,-8.08287486076355,0.0,808.2874946594238,8.08287486076355,23.768123626708984,0.23768108367919893,3.994698646068573,0.0,0.0,nan,nan,nan,nan,nan,nan,nan,nan,nan,nan,18688,-0.00012235985868169763,0.04571066424250603,1.4973882913589478,0.02035010904073715,0.030561548471450806,0.030561548471450806,0.08202075511217118,4.8882822944344015e-05,0.0,0.3564392924308777,1.0,0.0015913461538461533,5.53365384615385e-05,2,0.75,0.75,0.0
584,1872000,-738.2770538330078,-7.3827703332901,-738.2770538330078,-7.3827703332901,0.0,738.2770538330078,7.3827703332901,93.778564453125,0.9377856111526484,3.378358314037323,0.0,0.0,nan,nan,nan,nan,nan,nan,nan,nan,nan,nan,18720,-7.04485655855791e-05,0.04485161937773228,1.5124598622322083,0.019970328360795975,0.02967346515506506,0.02967346515506506,0.07172683700919151,2.25258108918965e-05,0.0,0.22168904542922974,1.0,0.0015769230769230765,5.42307692307692e-05,2,0.75,0.75,0.0
585,1875200,-823.1186084747314,-8.231185851097107,-823.1186084747314,-8.231185851097107,0.0,823.1186084747314,8.231185851097107,8.937009811401367,0.08937009334564117,3.8910685706138612,0.0,0.0,nan,nan,nan,nan,nan,nan,nan,nan,nan,nan,18752,-6.822878124639331e-05,0.04509192891418934,1.5036112427711488,0.020128343254327774,0.0382804237306118,0.0382804237306118,0.09138409644365311,1.1893442536549953e-05,0.0,0.5091416835784912,1.0,0.0015624999999999997,5.3125000000000004e-05,2,0.75,0.75,0.0
586,1878400,-704.152289390564,-7.041522970199585,-704.152289390564,-7.041522970199585,0.0,704.152289390564,7.041522970199585,127.90332889556885,1.2790329742431634,3.627947096824646,0.0,0.0,nan,nan,nan,nan,nan,nan,nan,nan,nan,nan,18784,-0.00011196680139615722,0.06122093424201012,1.506157350540161,0.02816685289144516,0.033862289041280746,0.033862289041280746,0.10645375549793243,2.5099761274534965e-05,0.0,0.3894835114479065,1.0,0.0015480769230769229,5.201923076923081e-05,2,0.75,0.75,0.0
587,1881600,-800.2881841659546,-8.002881693840028,-800.2881841659546,-8.002881693840028,0.0,800.2881841659546,8.002881693840028,31.767434120178223,0.31767425060272103,3.9901698088645934,0.0,0.0,nan,nan,nan,nan,nan,nan,nan,nan,nan,nan,18816,-9.70673098796837e-05,0.05567692779004574,1.49861079454422,0.02544304635375738,0.03378817699849605,0.03378817699849605,0.10043092295527459,2.1736249187425156e-05,0.0,0.2958133816719055,1.0,0.001533653846153846,5.0913461538461616e-05,2,0.75,0.75,0.0
588,1884800,-765.5555934906006,-7.6555562019348145,-765.5555934906006,-7.6555562019348145,0.0,765.5555934906006,7.6555562019348145,66.50002479553223,0.6649997425079341,3.604942045211792,0.0,0.0,nan,nan,nan,nan,nan,nan,nan,nan,nan,nan,18848,-7.400762014357909e-05,0.05717298537492752,1.5055753111839294,0.026225168630480765,0.03211555853486061,0.03211555853486061,0.088973967730999,1.9364437407202377e-05,0.0,0.45531922578811646,1.0,0.0015192307692307692,4.980769230769231e-05,2,0.75,0.75,0.0
589,1888000,-730.7835607528687,-7.3078355741500856,-730.7835607528687,-7.3078355741500856,0.0,730.7835607528687,7.3078355741500856,101.27205753326416,1.012720370292663,3.947546510696411,0.0,0.0,nan,nan,nan,nan,nan,nan,nan,nan,nan,nan,18880,-5.610840248486682e-05,0.053037791326642034,1.5058329820632934,0.024196797981858253,0.0236229095607996,0.0236229095607996,0.09427648037672043,1.2822446019121649e-05,0.0,0.43644797801971436,1.0,0.0015048076923076924,4.870192307692312e-05,2,0.75,0.75,0.0
590,1891200,-788.5039014816284,-7.8850390815734865,-788.5039014816284,-7.8850390815734865,0.0,788.5039014816284,7.8850390815734865,43.551716804504395,0.43551686286926206,3.8988377451896667,0.0,0.0,nan,nan,nan,nan,nan,nan,nan,nan,nan,nan,18912,-7.908751970462369e-05,0.043566951900720595,1.5043336153030396,0.01946235280483961,0.034121951833367345,0.034121951833367345,0.09412782415747642,1.0739869427592935e-05,0.0,0.2919585108757019,1.0,0.0014903846153846156,4.7596153846153925e-05,2,0.75,0.75,0.0
591,1894400,-793.6181793212891,-7.936181807518006,-793.6181793212891,-7.936181807518006,0.0,793.6181793212891,7.936181807518006,38.43743896484375,0.38437413692474287,3.6573194336891173,0.0,0.0,nan,nan,nan,nan,nan,nan,nan,nan,nan,nan,18944,-5.324776123432074e-05,0.047943851724267,1.5046246767044067,0.021697910130023958,0.03178651556372643,0.03178651556372643,0.08788092508912086,7.144793358527379e-06,0.0,0.4733498692512512,1.0,0.0014759615384615388,4.649038461538462e-05,2,0.75,0.75,0.0
592,1897600,-794.498619556427,-7.944986243247985,-794.498619556427,-7.944986243247985,0.0,794.498619556427,7.944986243247985,37.55699872970581,0.3755697011947632,3.721103918552399,0.0,0.0,nan,nan,nan,nan,nan,nan,nan,nan,nan,nan,18976,-7.831965739986124e-05,0.06196984499692917,1.5064818024635316,0.028704821318387985,0.0366413027048111,0.0366413027048111,0.0960175409913063,1.41782211308306e-05,0.0,0.31093448400497437,1.0,0.0014615384615384603,4.538461538461543e-05,2,0.75,0.75,0.0
593,1900800,-713.6054039001465,-7.1360542631149295,-713.6054039001465,-7.1360542631149295,0.0,713.6054039001465,7.1360542631149295,118.45021438598633,1.184501681327819,3.407851815223694,0.0,0.0,nan,nan,nan,nan,nan,nan,nan,nan,nan,nan,19008,-5.282010987066599e-05,0.03815076425671578,1.5117187261581422,0.016834930703043937,0.03744732923805714,0.03744732923805714,0.08421359434723855,1.3760923128110149e-05,0.0,0.5094134211540222,1.0,0.0014471153846153835,4.4278846153846235e-05,2,0.75,0.75,0.0
594,1904000,-704.0036754608154,-7.040036091804504,-704.0036754608154,-7.040036091804504,0.0,704.0036754608154,7.040036091804504,128.05194282531738,1.2805198526382444,3.205125391483307,0.0,0.0,nan,nan,nan,nan,nan,nan,nan,nan,nan,nan,19040,-0.00012117322873819169,0.04661385156214237,1.5082515835762025,0.02102489210665226,0.02838824186474085,0.02838824186474085,0.11595980748534203,2.6618086037148778e-05,0.0,0.42542946338653564,1.0,0.0014326923076923067,4.317307692307693e-05,2,0.75,0.75,0.0
595,1907200,-824.5985450744629,-8.245985579490661,-824.5985450744629,-8.245985579490661,0.0,824.5985450744629,8.245985579490661,7.457073211669922,0.07457036495208769,4.0886874294281,0.0,0.0,nan,nan,nan,nan,nan,nan,nan,nan,nan,nan,19072,-9.36449051274213e-05,0.0538998544216156,1.501713490486145,0.024726448208093645,0.039974354580044745,0.039974354580044745,0.08997184038162231,2.199132403647632e-05,0.0,0.35031765699386597,1.0,0.00141826923076923,4.206730769230763e-05,2,0.75,0.75,0.0
596,1910400,-778.488655090332,-7.784886612892151,-778.488655090332,-7.784886612892151,0.0,778.488655090332,7.784886612892151,53.56696319580078,0.535669331550598,3.77894926071167,0.0,0.0,nan,nan,nan,nan,nan,nan,nan,nan,nan,nan,19104,-0.00011928863617867158,0.0474586084485054,1.5023725152015686,0.0215009156614542,0.04171953052282333,0.04171953052282333,0.087019632011652,2.286177244812165e-05,0.0,0.4123748540878296,1.0,0.001403846153846153,4.0961538461538436e-05,2,0.75,0.75,0.0
597,1913600,-776.2690944671631,-7.762690992355346,-776.2690944671631,-7.762690992355346,0.0,776.2690944671631,7.762690992355346,55.78652381896973,0.5578649520874022,3.954550926685333,0.0,0.0,nan,nan,nan,nan,nan,nan,nan,nan,nan,nan,19136,-0.00010870037033821056,0.04667526930570602,1.5095022797584534,0.02113159727305174,0.0413433775305748,0.0413433775305748,0.09731763005256652,2.3002942771913032e-05,0.0,0.40669578313827515,1.0,0.0013894230769230763,3.985576923076924e-05,2,0.75,0.75,0.0
598,1916800,-773.4758596420288,-7.734758887290955,-773.4758596420288,-7.734758887290955,0.0,773.4758596420288,7.734758887290955,58.579758644104004,0.5857970571517939,3.8782981204986573,0.0,0.0,nan,nan,nan,nan,nan,nan,nan,nan,nan,nan,19168,-0.00010347547496711851,0.07273775041103363,1.502172827720642,0.03419991135597229,0.044348399713635446,0.044348399713635446,0.10818119123578071,1.862568655680465e-05,0.0,0.31620991230010986,1.0,0.0013749999999999995,3.875000000000005e-05,2,0.75,0.75,0.0
599,1920000,-839.0716247558594,-8.390715713500976,-839.0716247558594,-8.390715713500976,0.0,839.0716247558594,8.390715713500976,-7.0160064697265625,-0.07015976905822718,4.588081402778625,0.0,0.0,nan,nan,nan,nan,nan,nan,nan,nan,nan,nan,19200,-4.993200270879683e-05,0.06292598508298397,1.4994489550590515,0.029372944682836532,0.03619057014584541,0.03619057014584541,0.10103299766778946,1.3582912431083427e-05,0.0,0.2846297025680542,1.0,0.0013605769230769227,3.7644230769230745e-05,2,0.75,0.75,0.0
600,1923200,-712.5139255523682,-7.125139408111572,-712.5139255523682,-7.125139408111572,0.0,712.5139255523682,7.125139408111572,119.54169273376465,1.1954165363311766,3.867175407409668,0.0,0.0,-470.98579454421997,-4.7098579454422,-470.98579454421997,-4.7098579454422,100.0,2.1251879438757895,0.0,0.0,470.98579454421997,62.49271202087402,19232,-8.115563494861532e-05,0.03635015375912189,1.5087670803070068,0.01606288878247142,0.036493022367358206,0.036493022367358206,0.08583192750811577,1.3403528874516513e-05,0.0,0.3192145824432373,1.0,0.0013461538461538459,3.653846153846155e-05,2,0.75,0.75,0.0
601,1926400,-856.4200305938721,-8.564200239181519,-856.4200305938721,-8.564200239181519,0.0,856.4200305938721,8.564200239181519,-24.364412307739258,-0.24364429473877003,3.822193727493286,0.0,0.0,nan,nan,nan,nan,nan,nan,nan,nan,nan,nan,19264,-3.972845079935894e-05,0.059934774041175844,1.497144627571106,0.02793386559933424,0.041447414457798,0.041447414457798,0.09805070385336875,5.571559615464067e-06,0.0,0.19451868534088135,1.0,0.001331730769230769,3.543269230769236e-05,2,0.75,0.75,0.0
602,1929600,-699.5384740829468,-6.995384850502014,-699.5384740829468,-6.995384850502014,0.0,699.5384740829468,6.995384850502014,132.51714420318604,1.3251710939407344,3.372660162448883,0.0,0.0,nan,nan,nan,nan,nan,nan,nan,nan,nan,nan,19296,-9.610639944312993e-05,0.050866225734353065,1.5046889662742615,0.023354868218302727,0.03647120557725429,0.03647120557725429,0.07845028564333915,1.6175561558679975e-05,0.0,0.1759324073791504,1.0,0.0013173076923076905,3.4326923076923054e-05,2,0.75,0.75,0.0
603,1932800,-706.3026247024536,-7.063026390075684,-706.3026247024536,-7.063026390075684,0.0,706.3026247024536,7.063026390075684,125.7529935836792,1.257529554367065,3.1683680486679076,0.0,0.0,nan,nan,nan,nan,nan,nan,nan,nan,nan,nan,19328,-2.963318857027719e-05,0.061563334241509435,1.5061955213546754,0.0287896353751421,0.036314799636602405,0.036314799636602405,0.1188241146504879,7.057422750038789e-06,0.0,0.33917075395584106,1.0,0.0013028846153846137,3.322115384615386e-05,2,0.75,0.75,0.0
604,1936000,-826.0887098312378,-8.260886812210083,-826.0887098312378,-8.260886812210083,0.0,826.0887098312378,8.260886812210083,5.9669084548950195,0.059669132232665234,4.168951320648193,0.0,0.0,nan,nan,nan,nan,nan,nan,nan,nan,nan,nan,19360,-6.280679625998431e-05,0.07233990430831909,1.4995924949645996,0.03417497798800469,0.040172670409083365,0.040172670409083365,0.09905930012464523,8.037232419870826e-06,0.0,0.01388019323348999,1.0,0.001288461538461537,3.2115384615384666e-05,2,0.75,0.75,0.0
605,1939200,-788.9595632553101,-7.889595551490784,-788.9595632553101,-7.889595551490784,0.0,788.9595632553101,7.889595551490784,43.096055030822754,0.430960392951965,3.928746020793915,0.0,0.0,nan,nan,nan,nan,nan,nan,nan,nan,nan,nan,19392,-3.1150710557703576e-05,0.03903305977582931,1.5065791010856628,0.017565939016640185,0.0329491876065731,0.0329491876065731,0.09390807598829269,4.950478868423535e-06,0.0,0.3455474376678467,1.0,0.0012740384615384601,3.1009615384615364e-05,2,0.75,0.75,0.0
606,1942400,-797.3775863647461,-7.973775854110718,-797.3775863647461,-7.973775854110718,0.0,797.3775863647461,7.973775854110718,34.67803192138672,0.3467800903320306,4.2317302656173705,0.0,0.0,nan,nan,nan,nan,nan,nan,nan,nan,nan,nan,19424,-3.5271621037646915e-05,0.05623278021812439,1.507194995880127,0.02618263252079487,0.023627320490777492,0.023627320490777492,0.09884571805596351,4.095612874999216e-06,0.0,0.426267147064209,1.0,0.0012596153846153833,2.990384615384617e-05,2,0.75,0.75,0.0
607,1945600,-749.3819723129272,-7.49381989479065,-749.3819723129272,-7.49381989479065,0.0,749.3819723129272,7.49381989479065,82.67364597320557,0.8267360496520988,3.9638790559768675,0.0,0.0,nan,nan,nan,nan,nan,nan,nan,nan,nan,nan,19456,-8.960242251561112e-05,0.06438670977950096,1.5094482898712158,0.030224198848009108,0.048020392656326294,0.048020392656326294,0.10137768089771271,7.867943072165705e-06,0.0,0.21542423963546753,1.0,0.0012451923076923065,2.8798076923076976e-05,2,0.75,0.75,0.0
608,1948800,-753.0810775756836,-7.530810813903809,-753.0810775756836,-7.530810813903809,0.0,753.0810775756836,7.530810813903809,78.97454071044922,0.7897451305389396,3.297499911785126,0.0,0.0,nan,nan,nan,nan,nan,nan,nan,nan,nan,nan,19488,-4.265532531704253e-05,0.038600359484553336,1.5045190572738647,0.017405808344483374,0.03651630543172359,0.03651630543172359,0.0847556695342064,1.0864264761040733e-05,0.0,0.5261095762252808,1.0,0.0012307692307692297,2.769230769230778e-05,2,0.75,0.75,0.0
609,1952000,-774.9637622833252,-7.7496374893188475,-774.9637622833252,-7.7496374893188475,0.0,774.9637622833252,7.7496374893188475,57.09185600280762,0.570918455123901,3.432874791622162,0.0,0.0,nan,nan,nan,nan,nan,nan,nan,nan,nan,nan,19520,-2.7064347436223102e-05,0.05686732046306133,1.5090741038322448,0.026571039110422134,0.02651798352599144,0.02651798352599144,0.10750856921076775,7.071442463078619e-06,0.0,0.4406381845474243,1.0,0.001216346153846153,2.658653846153848e-05,2,0.75,0.75,0.0
610,1955200,-761.0232419967651,-7.610232563018799,-761.0232419967651,-7.610232563018799,0.0,761.0232419967651,7.610232563018799,71.03237628936768,0.71032338142395,3.7885357475280763,0.0,0.0,nan,nan,nan,nan,nan,nan,nan,nan,nan,nan,19552,-4.308702881461457e-05,0.051981864497065544,1.5052780270576478,0.024138616397976875,0.029124371707439423,0.029124371707439423,0.09460007771849632,3.7514803303217218e-06,0.0,0.15231174230575562,1.0,0.0012019230769230761,2.5480769230769285e-05,2,0.75,0.75,0.0
611,1958400,-729.318154335022,-7.293181633949279,-729.318154335022,-7.293181633949279,0.0,729.318154335022,7.293181633949279,102.73746395111084,1.0273743104934692,3.4972915863990783,0.0,0.0,nan,nan,nan,nan,nan,nan,nan,nan,nan,nan,19584,-4.306287689179733e-05,0.03202197551727295,1.5096349000930787,0.01417523417621851,0.029294985346496105,0.029294985346496105,0.07399397790431976,3.3697573677368195e-06,0.0,0.5101087689399719,1.0,0.0011874999999999993,2.437500000000009e-05,2,0.75,0.75,0.0
612,1961600,-823.5352792739868,-8.235352892875671,-823.5352792739868,-8.235352892875671,0.0,823.5352792739868,8.235352892875671,8.520339012145996,0.08520305156707764,3.9764170813560487,0.0,0.0,nan,nan,nan,nan,nan,nan,nan,nan,nan,nan,19616,-4.828221845531999e-05,0.06719768792390823,1.5083101511001586,0.0317811980843544,0.03656778447329998,0.03656778447329998,0.0880122609436512,4.4507548629854565e-06,0.0,0.26251643896102905,1.0,0.0011730769230769225,2.326923076923079e-05,2,0.75,0.75,0.0
613,1964800,-765.4581880569458,-7.654581608772278,-765.4581880569458,-7.654581608772278,0.0,765.4581880569458,7.654581608772278,66.59743022918701,0.6659743356704704,3.658128509521484,0.0,0.0,nan,nan,nan,nan,nan,nan,nan,nan,nan,nan,19648,-4.6678043114134485e-05,0.049108607694506645,1.5085443019866944,0.022759745083749294,0.04380089230835438,0.04380089230835438,0.09434589371085167,5.046230507587318e-06,0.0,0.19278478622436523,1.0,0.0011586538461538457,2.2163461538461595e-05,2,0.75,0.75,0.0
614,1968000,-797.8165826797485,-7.978165817260742,-797.8165826797485,-7.978165817260742,0.0,797.8165826797485,7.978165817260742,34.23903560638428,0.34239012718200623,4.259867439270019,0.0,0.0,nan,nan,nan,nan,nan,nan,nan,nan,nan,nan,19680,-2.406480288303925e-05,0.0638425663113594,1.50224769115448,0.030178300477564333,0.02965176086872816,0.02965176086872816,0.10298932418227195,3.725927086155167e-06,0.0,0.19262677431106567,1.0,0.001144230769230769,2.10576923076924e-05,2,0.75,0.75,0.0
615,1971200,-744.1441583633423,-7.441441445350647,-744.1441583633423,-7.441441445350647,0.0,744.1441583633423,7.441441445350647,87.91145992279053,0.8791144990921014,3.8324255299568177,0.0,0.0,nan,nan,nan,nan,nan,nan,nan,nan,nan,nan,19712,-1.7563199900383353e-05,0.05331787057220936,1.5019571423530578,0.024944449402391912,0.02457947712391615,0.02457947712391615,0.09322932362556458,1.5874748328887023e-06,0.0,0.42567938566207886,1.0,0.0011298076923076904,1.9951923076923098e-05,2,0.75,0.75,0.0
616,1974400,-786.4079914093018,-7.864079909324646,-786.4079914093018,-7.864079909324646,0.0,786.4079914093018,7.864079909324646,45.647626876831055,0.45647603511810253,3.8943139362335204,0.0,0.0,nan,nan,nan,nan,nan,nan,nan,nan,nan,nan,19744,-2.515947813198638e-05,0.0737434558570385,1.5054608225822448,0.03516740053892135,0.02930741719901562,0.02930741719901562,0.08945197090506554,1.2541967301149038e-06,0.0,0.3417860269546509,1.0,0.0011153846153846136,1.8846153846153796e-05,2,0.75,0.75,0.0
617,1977600,-876.713945388794,-8.767139577865601,-876.713945388794,-8.767139577865601,0.0,876.713945388794,8.767139577865601,-44.65832710266113,-0.44658363342285234,4.958355960845947,0.0,0.0,nan,nan,nan,nan,nan,nan,nan,nan,nan,nan,19776,-3.746314069008605e-05,0.0675767034292221,1.4994123935699464,0.03210009336471557,0.04184825979173183,0.04184825979173183,0.09310068786144257,1.8267312036455154e-06,0.0,0.18288856744766235,1.0,0.0011009615384615368,1.77403846153846e-05,2,0.75,0.75,0.0
618,1980800,-752.510048866272,-7.525100288391113,-752.510048866272,-7.525100288391113,0.0,752.510048866272,7.525100288391113,79.54556941986084,0.7954556560516357,3.5174032425880433,0.0,0.0,nan,nan,nan,nan,nan,nan,nan,nan,nan,nan,19808,-4.455349519236762e-05,0.04803772196173668,1.5051366567611695,0.022338918596506118,0.03737445436418056,0.03737445436418056,0.08767284899950027,3.342690381227803e-06,0.0,0.03178435564041138,1.0,0.00108653846153846,1.6634615384615407e-05,2,0.75,0.75,0.0
619,1984000,-770.715669631958,-7.707157196998597,-770.715669631958,-7.707157196998597,0.0,770.715669631958,7.707157196998597,61.339948654174805,0.613398747444152,3.9690455865859984,0.0,0.0,nan,nan,nan,nan,nan,nan,nan,nan,nan,nan,19840,-2.1432256748443734e-05,0.056230843812227246,1.5087869048118592,0.026476395688951014,0.03567822389304638,0.03567822389304638,0.09212417080998421,2.453208902177084e-06,0.0,0.3284268379211426,1.0,0.0010721153846153832,1.5528846153846213e-05,2,0.75,0.75,0.0
620,1987200,-782.2126874923706,-7.822126688957215,-782.2126874923706,-7.822126688957215,0.0,782.2126874923706,7.822126688957215,49.84293079376221,0.49842925548553385,3.8958011722564696,0.0,0.0,-466.4338321685791,-4.664338321685791,-466.4338321685791,-4.664338321685791,100.0,2.1080337111651897,0.0,0.0,466.4338321685791,67.04467439651489,19872,-2.784378532543208e-05,0.03569458350539208,1.50260089635849,0.01623015832155943,0.02650207355618477,0.02650207355618477,0.0827864408493042,1.8684133188159312e-06,0.0,0.4441118836402893,1.0,0.0010576923076923064,1.4423076923076911e-05,2,0.75,0.75,0.0
621,1990400,-705.7366676330566,-7.05736647605896,-705.7366676330566,-7.05736647605896,0.0,705.7366676330566,7.05736647605896,126.31895065307617,1.2631894683837883,3.629876058101654,0.0,0.0,nan,nan,nan,nan,nan,nan,nan,nan,nan,nan,19904,-2.2684145174789448e-05,0.05101817697286606,1.5123845934867859,0.023908580467104912,0.028145841881632806,0.028145841881632806,0.0978865645825863,1.2037073258042485e-06,0.0,0.3633117079734802,1.0,0.0010432692307692296,1.3317307692307717e-05,2,0.75,0.75,0.0
622,1993600,-861.67493724823,-8.616749591827393,-861.67493724823,-8.616749591827393,0.0,861.67493724823,8.616749591827393,-29.619318962097168,-0.29619364738464427,4.253608555793762,0.0,0.0,nan,nan,nan,nan,nan,nan,nan,nan,nan,nan,19936,-2.649214290979529e-05,0.07596123516559601,1.5032182455062866,0.03640754520893097,0.034700777381658554,0.034700777381658554,0.10092816650867462,1.3822311359777907e-06,0.0,0.2660588026046753,1.0,0.0010288461538461528,1.2211538461538523e-05,2,0.75,0.75,0.0
623,1996800,-723.837965965271,-7.238379783630371,-723.837965965271,-7.238379783630371,0.0,723.837965965271,7.238379783630371,108.21765232086182,1.0821761608123772,3.369117889404297,0.0,0.0,nan,nan,nan,nan,nan,nan,nan,nan,nan,nan,19968,-1.3100624205053534e-05,0.028703242540359497,1.5116231441497803,0.012805095128715038,0.021664791367948057,0.021664791367948057,0.08278348967432976,8.615260981102436e-07,0.0,0.503490686416626,1.0,0.001014423076923076,1.110576923076922e-05,2,0.75,0.75,0.0
624,2000000,-745.8649854660034,-7.458649859428406,-745.8649854660034,-7.458649859428406,0.0,745.8649854660034,7.458649859428406,86.1906328201294,0.8619060850143425,3.4922029328346254,0.0,0.0,-466.4941877126694,-4.664941877126694,-466.4941877126694,-4.664941877126694,100.0,2.1066038724780083,0.0,0.0,466.4941877126694,66.98431885242462,20000,-2.254116549176288e-05,0.03379340581595898,1.5075390815734864,0.01536662271246314,0.04412150084972381,0.04412150084972381,0.08215525969862938,5.910359636260854e-07,0.0,0.2844431400299072,1.0,0.0009999999999999992,1.0000000000000026e-05,2,0.75,0.75,0.0
