[setup] Required Python imports are available.
[setup] Required Python imports are available.
=== Job info ===
Job       : 640039  array=28
Node      : evc23
Submit    : /lustre/fs1/home/ak565492/gnn_experiments
Repo      : /lustre/fs1/home/ak565492/gnn_experiments
Git rev   : c394dd7
Python    : /home/ak565492/expenv/bin/python
Python 3.11.4
PyYAML  : 6.0.3
NumPy   : 2.3.5
Torch   : 2.5.1+cu121 cuda_available=True cuda=12.1
CUDA_VIS  : 0
Threads   : OMP=4 MKL=4 OPENBLAS=1
Task      : 28/175
Comm      : broadcast
ZeroMsg   : false
Alpha     : 0.0
Seed      : 3
Run label : broadcast_alpha0p0_seed3
Run dir   : runs/pursuit_20260608_220631/alpha/broadcast/alpha0p0/seed3
Config    : /tmp/639739_28_broadcast_alpha0p0_seed3.yaml
Start     : Mon Jun  8 22:21:53 EDT 2026
================
Mon Jun  8 22:21:53 2026       
+-----------------------------------------------------------------------------------------+
| NVIDIA-SMI 580.105.08             Driver Version: 580.105.08     CUDA Version: 13.0     |
+-----------------------------------------+------------------------+----------------------+
| GPU  Name                 Persistence-M | Bus-Id          Disp.A | Volatile Uncorr. ECC |
| Fan  Temp   Perf          Pwr:Usage/Cap |           Memory-Usage | GPU-Util  Compute M. |
|                                         |                        |               MIG M. |
|=========================================+========================+======================|
|   0  NVIDIA H100 PCIe               Off |   00000000:CA:00.0 Off |                    0 |
| N/A   36C    P0             46W /  310W |       0MiB /  81559MiB |      0%      Default |
|                                         |                        |             Disabled |
+-----------------------------------------+------------------------+----------------------+

+-----------------------------------------------------------------------------------------+
| Processes:                                                                              |
|  GPU   GI   CI              PID   Type   Process name                        GPU Memory |
|        ID   ID                                                               Usage      |
|=========================================================================================|
|  No running processes found                                                             |
+-----------------------------------------------------------------------------------------+
[env] kind=pursuit name=pursuit n_agents=10 obs_dim=5 action_dim=5 state_dim=23 num_envs=32
[train] Starting: total_iters=625 T=100 B=32 device=cuda:0 seed=3 render=off
iter=   0 step=   3200 ep_ret=-674.292 opt_ret=-674.292 step_rew=-6.7429 opt_step=-6.7429 gap0=674.292 dret=+0.000 eval_ret=-875.888 pursuer_target_distance=3.637 capture=0.000 score=0.000 pol=-0.0009 val=0.6711 ent=1.6075 tot=+0.3185 agnorm=0.019 cgnorm=0.192 kl=0.0019 clipf=0.000 ev=-0.478 r0=1.0000 entcoef=1.00e-02 lr=7.0e-04 seed=3
iter=   1 step=   6400 ep_ret=-722.376 opt_ret=-722.376 step_rew=-7.2238 opt_step=-7.2238 gap0=722.376 dret=-48.084 eval_ret=n/a pursuer_target_distance=4.130 capture=0.000 score=0.000 pol=-0.0007 val=0.4918 ent=1.5972 tot=+0.2292 agnorm=0.028 cgnorm=0.259 kl=0.0016 clipf=0.008 ev=+0.056 r0=1.0000 entcoef=9.99e-03 lr=7.0e-04 seed=3
iter=   2 step=   9600 ep_ret=-760.728 opt_ret=-760.728 step_rew=-7.6073 opt_step=-7.6073 gap0=760.728 dret=-86.437 eval_ret=n/a pursuer_target_distance=4.491 capture=0.000 score=0.000 pol=-0.0009 val=0.5010 ent=1.5915 tot=+0.2337 agnorm=0.028 cgnorm=0.283 kl=0.0015 clipf=0.004 ev=+0.316 r0=1.0000 entcoef=9.97e-03 lr=7.0e-04 seed=3
iter=   3 step=  12800 ep_ret=-751.550 opt_ret=-751.550 step_rew=-7.5155 opt_step=-7.5155 gap0=751.550 dret=-77.259 eval_ret=n/a pursuer_target_distance=4.215 capture=0.000 score=0.000 pol=-0.0004 val=0.4575 ent=1.5846 tot=+0.2126 agnorm=0.022 cgnorm=0.285 kl=0.0008 clipf=0.000 ev=+0.339 r0=1.0000 entcoef=9.96e-03 lr=7.0e-04 seed=3
iter=   4 step=  16000 ep_ret=-764.680 opt_ret=-764.680 step_rew=-7.6468 opt_step=-7.6468 gap0=764.680 dret=-90.388 eval_ret=n/a pursuer_target_distance=4.625 capture=0.000 score=0.000 pol=-0.0006 val=0.4301 ent=1.5837 tot=+0.1987 agnorm=0.026 cgnorm=0.275 kl=0.0016 clipf=0.007 ev=+0.466 r0=1.0000 entcoef=9.94e-03 lr=7.0e-04 seed=3
iter=   5 step=  19200 ep_ret=-693.849 opt_ret=-693.849 step_rew=-6.9385 opt_step=-6.9385 gap0=693.849 dret=-19.558 eval_ret=n/a pursuer_target_distance=4.088 capture=0.000 score=0.000 pol=-0.0007 val=0.3506 ent=1.5839 tot=+0.1589 agnorm=0.019 cgnorm=0.241 kl=0.0009 clipf=0.002 ev=+0.476 r0=1.0000 entcoef=9.93e-03 lr=6.9e-04 seed=3
iter=   6 step=  22400 ep_ret=-718.968 opt_ret=-718.968 step_rew=-7.1897 opt_step=-7.1897 gap0=718.968 dret=-44.676 eval_ret=n/a pursuer_target_distance=4.162 capture=0.000 score=0.000 pol=-0.0010 val=0.3479 ent=1.5898 tot=+0.1572 agnorm=0.031 cgnorm=0.266 kl=0.0022 clipf=0.008 ev=+0.471 r0=1.0000 entcoef=9.91e-03 lr=6.9e-04 seed=3
iter=   7 step=  25600 ep_ret=-690.157 opt_ret=-690.157 step_rew=-6.9016 opt_step=-6.9016 gap0=690.157 dret=-15.865 eval_ret=n/a pursuer_target_distance=3.776 capture=0.000 score=0.000 pol=-0.0006 val=0.2688 ent=1.5788 tot=+0.1182 agnorm=0.025 cgnorm=0.243 kl=0.0023 clipf=0.004 ev=+0.598 r0=1.0000 entcoef=9.90e-03 lr=6.9e-04 seed=3
iter=   8 step=  28800 ep_ret=-751.906 opt_ret=-751.906 step_rew=-7.5191 opt_step=-7.5191 gap0=751.906 dret=-77.614 eval_ret=n/a pursuer_target_distance=4.544 capture=0.000 score=0.000 pol=-0.0011 val=0.3655 ent=1.5784 tot=+0.1660 agnorm=0.039 cgnorm=0.288 kl=0.0023 clipf=0.011 ev=+0.528 r0=1.0000 entcoef=9.88e-03 lr=6.9e-04 seed=3
iter=   9 step=  32000 ep_ret=-706.306 opt_ret=-706.306 step_rew=-7.0631 opt_step=-7.0631 gap0=706.306 dret=-32.014 eval_ret=n/a pursuer_target_distance=3.792 capture=0.000 score=0.000 pol=-0.0006 val=0.3067 ent=1.5791 tot=+0.1372 agnorm=0.027 cgnorm=0.271 kl=0.0012 clipf=0.003 ev=+0.493 r0=1.0000 entcoef=9.87e-03 lr=6.9e-04 seed=3
iter=  10 step=  35200 ep_ret=-698.047 opt_ret=-698.047 step_rew=-6.9805 opt_step=-6.9805 gap0=698.047 dret=-23.755 eval_ret=n/a pursuer_target_distance=3.796 capture=0.000 score=0.000 pol=-0.0012 val=0.2263 ent=1.5705 tot=+0.0965 agnorm=0.039 cgnorm=0.245 kl=0.0024 clipf=0.017 ev=+0.589 r0=1.0000 entcoef=9.86e-03 lr=6.9e-04 seed=3
iter=  11 step=  38400 ep_ret=-715.388 opt_ret=-715.388 step_rew=-7.1539 opt_step=-7.1539 gap0=715.388 dret=-41.096 eval_ret=n/a pursuer_target_distance=4.523 capture=0.000 score=0.000 pol=-0.0010 val=0.2924 ent=1.5636 tot=+0.1298 agnorm=0.038 cgnorm=0.271 kl=0.0024 clipf=0.017 ev=+0.543 r0=1.0000 entcoef=9.84e-03 lr=6.9e-04 seed=3
iter=  12 step=  41600 ep_ret=-773.246 opt_ret=-773.246 step_rew=-7.7325 opt_step=-7.7325 gap0=773.246 dret=-98.954 eval_ret=n/a pursuer_target_distance=4.133 capture=0.000 score=0.000 pol=-0.0005 val=0.3005 ent=1.5687 tot=+0.1343 agnorm=0.028 cgnorm=0.282 kl=0.0013 clipf=0.001 ev=+0.628 r0=1.0000 entcoef=9.83e-03 lr=6.9e-04 seed=3
iter=  13 step=  44800 ep_ret=-769.481 opt_ret=-769.481 step_rew=-7.6948 opt_step=-7.6948 gap0=769.481 dret=-95.189 eval_ret=n/a pursuer_target_distance=4.559 capture=0.000 score=0.000 pol=-0.0005 val=0.2956 ent=1.5689 tot=+0.1319 agnorm=0.021 cgnorm=0.279 kl=0.0010 clipf=0.000 ev=+0.453 r0=1.0000 entcoef=9.81e-03 lr=6.9e-04 seed=3
iter=  14 step=  48000 ep_ret=-757.317 opt_ret=-757.317 step_rew=-7.5732 opt_step=-7.5732 gap0=757.317 dret=-83.025 eval_ret=n/a pursuer_target_distance=4.491 capture=0.000 score=0.000 pol=-0.0008 val=0.2610 ent=1.5586 tot=+0.1144 agnorm=0.025 cgnorm=0.276 kl=0.0012 clipf=0.002 ev=+0.523 r0=1.0000 entcoef=9.80e-03 lr=6.8e-04 seed=3
iter=  15 step=  51200 ep_ret=-720.154 opt_ret=-720.154 step_rew=-7.2015 opt_step=-7.2015 gap0=720.154 dret=-45.862 eval_ret=n/a pursuer_target_distance=4.200 capture=0.000 score=0.000 pol=-0.0007 val=0.2115 ent=1.5590 tot=+0.0898 agnorm=0.028 cgnorm=0.258 kl=0.0018 clipf=0.004 ev=+0.464 r0=1.0000 entcoef=9.78e-03 lr=6.8e-04 seed=3
iter=  16 step=  54400 ep_ret=-750.166 opt_ret=-750.166 step_rew=-7.5017 opt_step=-7.5017 gap0=750.166 dret=-75.875 eval_ret=n/a pursuer_target_distance=4.510 capture=0.000 score=0.000 pol=-0.0009 val=0.2315 ent=1.5558 tot=+0.0996 agnorm=0.034 cgnorm=0.266 kl=0.0027 clipf=0.017 ev=+0.565 r0=1.0000 entcoef=9.77e-03 lr=6.8e-04 seed=3
iter=  17 step=  57600 ep_ret=-699.029 opt_ret=-699.029 step_rew=-6.9903 opt_step=-6.9903 gap0=699.029 dret=-24.738 eval_ret=n/a pursuer_target_distance=3.855 capture=0.000 score=0.000 pol=-0.0009 val=0.1524 ent=1.5564 tot=+0.0601 agnorm=0.025 cgnorm=0.234 kl=0.0011 clipf=0.000 ev=+0.727 r0=1.0000 entcoef=9.75e-03 lr=6.8e-04 seed=3
iter=  18 step=  60800 ep_ret=-804.644 opt_ret=-804.644 step_rew=-8.0464 opt_step=-8.0464 gap0=804.644 dret=-130.352 eval_ret=n/a pursuer_target_distance=4.227 capture=0.000 score=0.000 pol=-0.0011 val=0.2278 ent=1.5421 tot=+0.0978 agnorm=0.037 cgnorm=0.292 kl=0.0029 clipf=0.019 ev=+0.763 r0=1.0000 entcoef=9.74e-03 lr=6.8e-04 seed=3
iter=  19 step=  64000 ep_ret=-723.479 opt_ret=-723.479 step_rew=-7.2348 opt_step=-7.2348 gap0=723.479 dret=-49.187 eval_ret=n/a pursuer_target_distance=3.823 capture=0.000 score=0.000 pol=-0.0012 val=0.1863 ent=1.5388 tot=+0.0769 agnorm=0.042 cgnorm=0.278 kl=0.0026 clipf=0.017 ev=+0.587 r0=1.0000 entcoef=9.73e-03 lr=6.8e-04 seed=3
iter=  20 step=  67200 ep_ret=-770.741 opt_ret=-770.741 step_rew=-7.7074 opt_step=-7.7074 gap0=770.741 dret=-96.449 eval_ret=-699.610 pursuer_target_distance=4.410 capture=0.000 score=0.000 pol=-0.0007 val=0.1704 ent=1.5341 tot=+0.0697 agnorm=0.033 cgnorm=0.252 kl=0.0013 clipf=0.006 ev=+0.790 r0=1.0000 entcoef=9.71e-03 lr=6.8e-04 seed=3
iter=  21 step=  70400 ep_ret=-792.929 opt_ret=-792.929 step_rew=-7.9293 opt_step=-7.9293 gap0=792.929 dret=-118.637 eval_ret=n/a pursuer_target_distance=4.262 capture=0.000 score=0.000 pol=-0.0002 val=0.2091 ent=1.5467 tot=+0.0893 agnorm=0.018 cgnorm=0.294 kl=0.0009 clipf=0.000 ev=+0.621 r0=1.0000 entcoef=9.70e-03 lr=6.8e-04 seed=3
iter=  22 step=  73600 ep_ret=-782.419 opt_ret=-782.419 step_rew=-7.8242 opt_step=-7.8242 gap0=782.419 dret=-108.127 eval_ret=n/a pursuer_target_distance=4.597 capture=0.000 score=0.000 pol=-0.0006 val=0.1917 ent=1.5446 tot=+0.0803 agnorm=0.023 cgnorm=0.270 kl=0.0011 clipf=0.002 ev=+0.400 r0=1.0000 entcoef=9.68e-03 lr=6.8e-04 seed=3
iter=  23 step=  76800 ep_ret=-802.476 opt_ret=-802.476 step_rew=-8.0248 opt_step=-8.0248 gap0=802.476 dret=-128.185 eval_ret=n/a pursuer_target_distance=5.111 capture=0.000 score=0.000 pol=-0.0009 val=0.1908 ent=1.5495 tot=+0.0796 agnorm=0.032 cgnorm=0.295 kl=0.0017 clipf=0.006 ev=+0.483 r0=1.0000 entcoef=9.67e-03 lr=6.7e-04 seed=3
iter=  24 step=  80000 ep_ret=-748.442 opt_ret=-748.442 step_rew=-7.4844 opt_step=-7.4844 gap0=748.442 dret=-74.150 eval_ret=n/a pursuer_target_distance=3.683 capture=0.000 score=0.000 pol=-0.0006 val=0.0966 ent=1.5296 tot=+0.0330 agnorm=0.027 cgnorm=0.234 kl=0.0014 clipf=0.007 ev=+0.757 r0=1.0000 entcoef=9.65e-03 lr=6.7e-04 seed=3
iter=  25 step=  83200 ep_ret=-722.887 opt_ret=-722.887 step_rew=-7.2289 opt_step=-7.2289 gap0=722.887 dret=-48.595 eval_ret=n/a pursuer_target_distance=4.215 capture=0.000 score=0.000 pol=-0.0010 val=0.0965 ent=1.5416 tot=+0.0324 agnorm=0.038 cgnorm=0.214 kl=0.0026 clipf=0.019 ev=+0.782 r0=1.0000 entcoef=9.64e-03 lr=6.7e-04 seed=3
iter=  26 step=  86400 ep_ret=-776.234 opt_ret=-776.234 step_rew=-7.7623 opt_step=-7.7623 gap0=776.234 dret=-101.942 eval_ret=n/a pursuer_target_distance=3.697 capture=0.000 score=0.000 pol=-0.0005 val=0.1188 ent=1.5317 tot=+0.0441 agnorm=0.023 cgnorm=0.245 kl=0.0016 clipf=0.004 ev=+0.773 r0=1.0000 entcoef=9.62e-03 lr=6.7e-04 seed=3
iter=  27 step=  89600 ep_ret=-761.790 opt_ret=-761.790 step_rew=-7.6179 opt_step=-7.6179 gap0=761.790 dret=-87.498 eval_ret=n/a pursuer_target_distance=3.758 capture=0.000 score=0.000 pol=-0.0005 val=0.1263 ent=1.5255 tot=+0.0480 agnorm=0.025 cgnorm=0.264 kl=0.0009 clipf=0.000 ev=+0.594 r0=1.0000 entcoef=9.61e-03 lr=6.7e-04 seed=3
iter=  28 step=  92800 ep_ret=-743.771 opt_ret=-743.771 step_rew=-7.4377 opt_step=-7.4377 gap0=743.771 dret=-69.479 eval_ret=n/a pursuer_target_distance=4.033 capture=0.000 score=0.000 pol=-0.0014 val=0.0906 ent=1.5252 tot=+0.0292 agnorm=0.055 cgnorm=0.218 kl=0.0027 clipf=0.026 ev=+0.699 r0=1.0000 entcoef=9.60e-03 lr=6.7e-04 seed=3
iter=  29 step=  96000 ep_ret=-747.629 opt_ret=-747.629 step_rew=-7.4763 opt_step=-7.4763 gap0=747.629 dret=-73.338 eval_ret=n/a pursuer_target_distance=3.963 capture=0.000 score=0.000 pol=-0.0008 val=0.0618 ent=1.5125 tot=+0.0156 agnorm=0.034 cgnorm=0.209 kl=0.0025 clipf=0.010 ev=+0.891 r0=1.0000 entcoef=9.58e-03 lr=6.7e-04 seed=3
iter=  30 step=  99200 ep_ret=-744.176 opt_ret=-744.176 step_rew=-7.4418 opt_step=-7.4418 gap0=744.176 dret=-69.885 eval_ret=n/a pursuer_target_distance=3.615 capture=0.000 score=0.000 pol=-0.0004 val=0.0853 ent=1.5173 tot=+0.0277 agnorm=0.026 cgnorm=0.223 kl=0.0012 clipf=0.003 ev=+0.712 r0=1.0000 entcoef=9.57e-03 lr=6.7e-04 seed=3
iter=  31 step= 102400 ep_ret=-703.551 opt_ret=-703.551 step_rew=-7.0355 opt_step=-7.0355 gap0=703.551 dret=-29.259 eval_ret=n/a pursuer_target_distance=3.766 capture=0.000 score=0.000 pol=-0.0009 val=0.0495 ent=1.5182 tot=+0.0093 agnorm=0.038 cgnorm=0.187 kl=0.0024 clipf=0.015 ev=+0.786 r0=1.0000 entcoef=9.55e-03 lr=6.7e-04 seed=3
iter=  32 step= 105600 ep_ret=-774.432 opt_ret=-774.432 step_rew=-7.7443 opt_step=-7.7443 gap0=774.432 dret=-100.140 eval_ret=n/a pursuer_target_distance=4.292 capture=0.000 score=0.000 pol=-0.0009 val=0.0981 ent=1.5138 tot=+0.0337 agnorm=0.035 cgnorm=0.235 kl=0.0018 clipf=0.008 ev=+0.670 r0=1.0000 entcoef=9.54e-03 lr=6.6e-04 seed=3
iter=  33 step= 108800 ep_ret=-699.791 opt_ret=-699.791 step_rew=-6.9979 opt_step=-6.9979 gap0=699.791 dret=-25.499 eval_ret=n/a pursuer_target_distance=3.808 capture=0.000 score=0.000 pol=-0.0009 val=0.0369 ent=1.5172 tot=+0.0031 agnorm=0.025 cgnorm=0.167 kl=0.0013 clipf=0.001 ev=+0.900 r0=1.0000 entcoef=9.52e-03 lr=6.6e-04 seed=3
iter=  34 step= 112000 ep_ret=-679.722 opt_ret=-679.722 step_rew=-6.7972 opt_step=-6.7972 gap0=679.722 dret=-5.430 eval_ret=n/a pursuer_target_distance=3.941 capture=0.000 score=0.000 pol=-0.0007 val=0.0381 ent=1.4973 tot=+0.0041 agnorm=0.040 cgnorm=0.158 kl=0.0020 clipf=0.010 ev=+0.764 r0=1.0000 entcoef=9.51e-03 lr=6.6e-04 seed=3
iter=  35 step= 115200 ep_ret=-730.244 opt_ret=-730.244 step_rew=-7.3024 opt_step=-7.3024 gap0=730.244 dret=-55.953 eval_ret=n/a pursuer_target_distance=3.490 capture=0.000 score=0.000 pol=-0.0003 val=0.0503 ent=1.5076 tot=+0.0105 agnorm=0.028 cgnorm=0.196 kl=0.0015 clipf=0.006 ev=+0.819 r0=1.0000 entcoef=9.50e-03 lr=6.6e-04 seed=3
iter=  36 step= 118400 ep_ret=-682.715 opt_ret=-682.715 step_rew=-6.8272 opt_step=-6.8272 gap0=682.715 dret=-8.424 eval_ret=n/a pursuer_target_distance=3.853 capture=0.000 score=0.000 pol=-0.0005 val=0.0297 ent=1.5144 tot=+0.0000 agnorm=0.023 cgnorm=0.150 kl=0.0008 clipf=0.000 ev=+0.837 r0=1.0000 entcoef=9.48e-03 lr=6.6e-04 seed=3
iter=  37 step= 121600 ep_ret=-796.910 opt_ret=-796.910 step_rew=-7.9691 opt_step=-7.9691 gap0=796.910 dret=-122.618 eval_ret=n/a pursuer_target_distance=4.943 capture=0.000 score=0.000 pol=-0.0008 val=0.0611 ent=1.5159 tot=+0.0155 agnorm=0.033 cgnorm=0.186 kl=0.0022 clipf=0.010 ev=+0.739 r0=1.0000 entcoef=9.47e-03 lr=6.6e-04 seed=3
iter=  38 step= 124800 ep_ret=-821.144 opt_ret=-821.144 step_rew=-8.2114 opt_step=-8.2114 gap0=821.144 dret=-146.852 eval_ret=n/a pursuer_target_distance=4.745 capture=0.000 score=0.000 pol=-0.0011 val=0.0750 ent=1.5078 tot=+0.0221 agnorm=0.038 cgnorm=0.230 kl=0.0023 clipf=0.013 ev=+0.678 r0=1.0000 entcoef=9.45e-03 lr=6.6e-04 seed=3
iter=  39 step= 128000 ep_ret=-758.060 opt_ret=-758.060 step_rew=-7.5806 opt_step=-7.5806 gap0=758.060 dret=-83.769 eval_ret=n/a pursuer_target_distance=4.388 capture=0.000 score=0.000 pol=-0.0008 val=0.0490 ent=1.4960 tot=+0.0095 agnorm=0.034 cgnorm=0.186 kl=0.0026 clipf=0.013 ev=+0.799 r0=1.0000 entcoef=9.44e-03 lr=6.6e-04 seed=3
iter=  40 step= 131200 ep_ret=-697.335 opt_ret=-697.335 step_rew=-6.9733 opt_step=-6.9733 gap0=697.335 dret=-23.043 eval_ret=-763.898 pursuer_target_distance=4.284 capture=0.000 score=0.000 pol=-0.0006 val=0.0467 ent=1.5056 tot=+0.0085 agnorm=0.031 cgnorm=0.179 kl=0.0015 clipf=0.006 ev=+0.708 r0=1.0000 entcoef=9.42e-03 lr=6.6e-04 seed=3
iter=  41 step= 134400 ep_ret=-695.059 opt_ret=-695.059 step_rew=-6.9506 opt_step=-6.9506 gap0=695.059 dret=-20.767 eval_ret=n/a pursuer_target_distance=4.009 capture=0.000 score=0.000 pol=-0.0003 val=0.0450 ent=1.5310 tot=+0.0078 agnorm=0.020 cgnorm=0.174 kl=0.0014 clipf=0.004 ev=+0.685 r0=1.0000 entcoef=9.41e-03 lr=6.5e-04 seed=3
iter=  42 step= 137600 ep_ret=-721.568 opt_ret=-721.568 step_rew=-7.2157 opt_step=-7.2157 gap0=721.568 dret=-47.276 eval_ret=n/a pursuer_target_distance=4.188 capture=0.000 score=0.000 pol=-0.0005 val=0.0230 ent=1.5284 tot=-0.0034 agnorm=0.025 cgnorm=0.145 kl=0.0009 clipf=0.000 ev=+0.867 r0=1.0000 entcoef=9.39e-03 lr=6.5e-04 seed=3
iter=  43 step= 140800 ep_ret=-818.917 opt_ret=-818.917 step_rew=-8.1892 opt_step=-8.1892 gap0=818.917 dret=-144.625 eval_ret=n/a pursuer_target_distance=4.719 capture=0.000 score=0.000 pol=-0.0009 val=0.0570 ent=1.5281 tot=+0.0132 agnorm=0.028 cgnorm=0.214 kl=0.0025 clipf=0.009 ev=+0.763 r0=1.0000 entcoef=9.38e-03 lr=6.5e-04 seed=3
iter=  44 step= 144000 ep_ret=-717.560 opt_ret=-717.560 step_rew=-7.1756 opt_step=-7.1756 gap0=717.560 dret=-43.268 eval_ret=n/a pursuer_target_distance=4.083 capture=0.000 score=0.000 pol=-0.0011 val=0.0238 ent=1.5097 tot=-0.0033 agnorm=0.045 cgnorm=0.142 kl=0.0018 clipf=0.014 ev=+0.870 r0=1.0000 entcoef=9.37e-03 lr=6.5e-04 seed=3
iter=  45 step= 147200 ep_ret=-671.149 opt_ret=-671.149 step_rew=-6.7115 opt_step=-6.7115 gap0=671.149 dret=+3.142 eval_ret=n/a pursuer_target_distance=3.343 capture=0.000 score=0.000 pol=-0.0005 val=0.0231 ent=1.5120 tot=-0.0031 agnorm=0.023 cgnorm=0.134 kl=0.0007 clipf=0.001 ev=+0.823 r0=1.0000 entcoef=9.35e-03 lr=6.5e-04 seed=3
iter=  46 step= 150400 ep_ret=-748.991 opt_ret=-748.991 step_rew=-7.4899 opt_step=-7.4899 gap0=748.991 dret=-74.700 eval_ret=n/a pursuer_target_distance=4.469 capture=0.000 score=0.000 pol=-0.0006 val=0.0483 ent=1.5307 tot=+0.0093 agnorm=0.022 cgnorm=0.201 kl=0.0010 clipf=0.000 ev=+0.762 r0=1.0000 entcoef=9.34e-03 lr=6.5e-04 seed=3
iter=  47 step= 153600 ep_ret=-692.890 opt_ret=-692.890 step_rew=-6.9289 opt_step=-6.9289 gap0=692.890 dret=-18.598 eval_ret=n/a pursuer_target_distance=3.982 capture=0.000 score=0.000 pol=-0.0011 val=0.0190 ent=1.5135 tot=-0.0057 agnorm=0.045 cgnorm=0.128 kl=0.0024 clipf=0.021 ev=+0.853 r0=1.0000 entcoef=9.32e-03 lr=6.5e-04 seed=3
iter=  48 step= 156800 ep_ret=-665.503 opt_ret=-665.503 step_rew=-6.6550 opt_step=-6.6550 gap0=665.503 dret=+8.789 eval_ret=n/a pursuer_target_distance=3.950 capture=0.000 score=0.000 pol=-0.0010 val=0.0183 ent=1.5278 tot=-0.0060 agnorm=0.037 cgnorm=0.133 kl=0.0025 clipf=0.013 ev=+0.811 r0=1.0000 entcoef=9.31e-03 lr=6.5e-04 seed=3
iter=  49 step= 160000 ep_ret=-680.630 opt_ret=-680.630 step_rew=-6.8063 opt_step=-6.8063 gap0=680.630 dret=-6.339 eval_ret=n/a pursuer_target_distance=3.391 capture=0.000 score=0.000 pol=-0.0009 val=0.0192 ent=1.5423 tot=-0.0056 agnorm=0.050 cgnorm=0.123 kl=0.0021 clipf=0.018 ev=+0.862 r0=1.0000 entcoef=9.29e-03 lr=6.5e-04 seed=3
iter=  50 step= 163200 ep_ret=-807.447 opt_ret=-807.447 step_rew=-8.0745 opt_step=-8.0745 gap0=807.447 dret=-133.155 eval_ret=n/a pursuer_target_distance=4.459 capture=0.000 score=0.000 pol=-0.0002 val=0.0472 ent=1.5464 tot=+0.0090 agnorm=0.025 cgnorm=0.184 kl=0.0014 clipf=0.002 ev=+0.682 r0=1.0000 entcoef=9.28e-03 lr=6.4e-04 seed=3
iter=  51 step= 166400 ep_ret=-709.477 opt_ret=-709.477 step_rew=-7.0948 opt_step=-7.0948 gap0=709.477 dret=-35.186 eval_ret=n/a pursuer_target_distance=3.822 capture=0.000 score=0.000 pol=-0.0011 val=0.0145 ent=1.5444 tot=-0.0082 agnorm=0.048 cgnorm=0.109 kl=0.0020 clipf=0.017 ev=+0.861 r0=1.0000 entcoef=9.26e-03 lr=6.4e-04 seed=3
iter=  52 step= 169600 ep_ret=-755.459 opt_ret=-755.459 step_rew=-7.5546 opt_step=-7.5546 gap0=755.459 dret=-81.167 eval_ret=n/a pursuer_target_distance=4.218 capture=0.000 score=0.000 pol=-0.0009 val=0.0338 ent=1.5449 tot=+0.0017 agnorm=0.032 cgnorm=0.162 kl=0.0025 clipf=0.012 ev=+0.751 r0=1.0000 entcoef=9.25e-03 lr=6.4e-04 seed=3
iter=  53 step= 172800 ep_ret=-722.058 opt_ret=-722.058 step_rew=-7.2206 opt_step=-7.2206 gap0=722.058 dret=-47.767 eval_ret=n/a pursuer_target_distance=4.301 capture=0.000 score=0.000 pol=-0.0004 val=0.0301 ent=1.5557 tot=+0.0003 agnorm=0.022 cgnorm=0.152 kl=0.0007 clipf=0.000 ev=+0.656 r0=1.0000 entcoef=9.24e-03 lr=6.4e-04 seed=3
iter=  54 step= 176000 ep_ret=-812.481 opt_ret=-812.481 step_rew=-8.1248 opt_step=-8.1248 gap0=812.481 dret=-138.189 eval_ret=n/a pursuer_target_distance=5.120 capture=0.000 score=0.000 pol=-0.0006 val=0.0416 ent=1.5510 tot=+0.0059 agnorm=0.019 cgnorm=0.171 kl=0.0010 clipf=0.002 ev=+0.650 r0=1.0000 entcoef=9.22e-03 lr=6.4e-04 seed=3
iter=  55 step= 179200 ep_ret=-715.543 opt_ret=-715.543 step_rew=-7.1554 opt_step=-7.1554 gap0=715.543 dret=-41.252 eval_ret=n/a pursuer_target_distance=3.770 capture=0.000 score=0.000 pol=-0.0010 val=0.0375 ent=1.5425 tot=+0.0035 agnorm=0.029 cgnorm=0.151 kl=0.0009 clipf=0.001 ev=+0.726 r0=1.0000 entcoef=9.21e-03 lr=6.4e-04 seed=3
iter=  56 step= 182400 ep_ret=-698.443 opt_ret=-698.443 step_rew=-6.9844 opt_step=-6.9844 gap0=698.443 dret=-24.152 eval_ret=n/a pursuer_target_distance=3.662 capture=0.000 score=0.000 pol=-0.0007 val=0.0198 ent=1.5490 tot=-0.0050 agnorm=0.048 cgnorm=0.118 kl=0.0027 clipf=0.019 ev=+0.815 r0=1.0000 entcoef=9.19e-03 lr=6.4e-04 seed=3
iter=  57 step= 185600 ep_ret=-738.042 opt_ret=-738.042 step_rew=-7.3804 opt_step=-7.3804 gap0=738.042 dret=-63.750 eval_ret=n/a pursuer_target_distance=4.200 capture=0.000 score=0.000 pol=-0.0008 val=0.0230 ent=1.5424 tot=-0.0034 agnorm=0.036 cgnorm=0.120 kl=0.0017 clipf=0.011 ev=+0.793 r0=1.0000 entcoef=9.18e-03 lr=6.4e-04 seed=3
iter=  58 step= 188800 ep_ret=-671.902 opt_ret=-671.902 step_rew=-6.7190 opt_step=-6.7190 gap0=671.902 dret=+2.390 eval_ret=n/a pursuer_target_distance=3.823 capture=0.000 score=0.000 pol=-0.0011 val=0.0157 ent=1.5368 tot=-0.0073 agnorm=0.049 cgnorm=0.100 kl=0.0022 clipf=0.015 ev=+0.876 r0=1.0000 entcoef=9.16e-03 lr=6.4e-04 seed=3
iter=  59 step= 192000 ep_ret=-744.663 opt_ret=-744.663 step_rew=-7.4466 opt_step=-7.4466 gap0=744.663 dret=-70.371 eval_ret=n/a pursuer_target_distance=4.502 capture=0.000 score=0.000 pol=-0.0005 val=0.0215 ent=1.5488 tot=-0.0039 agnorm=0.032 cgnorm=0.118 kl=0.0020 clipf=0.010 ev=+0.819 r0=1.0000 entcoef=9.15e-03 lr=6.3e-04 seed=3
iter=  60 step= 195200 ep_ret=-760.433 opt_ret=-760.433 step_rew=-7.6043 opt_step=-7.6043 gap0=760.433 dret=-86.141 eval_ret=-866.793 pursuer_target_distance=4.575 capture=0.000 score=0.000 pol=-0.0013 val=0.0243 ent=1.5396 tot=-0.0032 agnorm=0.041 cgnorm=0.129 kl=0.0023 clipf=0.009 ev=+0.703 r0=1.0000 entcoef=9.13e-03 lr=6.3e-04 seed=3
iter=  61 step= 198400 ep_ret=-745.876 opt_ret=-745.876 step_rew=-7.4588 opt_step=-7.4588 gap0=745.876 dret=-71.584 eval_ret=n/a pursuer_target_distance=3.713 capture=0.000 score=0.000 pol=-0.0011 val=0.0166 ent=1.5158 tot=-0.0066 agnorm=0.051 cgnorm=0.102 kl=0.0023 clipf=0.018 ev=+0.853 r0=1.0000 entcoef=9.12e-03 lr=6.3e-04 seed=3
iter=  62 step= 201600 ep_ret=-727.502 opt_ret=-727.502 step_rew=-7.2750 opt_step=-7.2750 gap0=727.502 dret=-53.210 eval_ret=n/a pursuer_target_distance=4.358 capture=0.000 score=0.000 pol=-0.0006 val=0.0197 ent=1.5122 tot=-0.0045 agnorm=0.036 cgnorm=0.110 kl=0.0011 clipf=0.004 ev=+0.792 r0=1.0000 entcoef=9.11e-03 lr=6.3e-04 seed=3
iter=  63 step= 204800 ep_ret=-770.179 opt_ret=-770.179 step_rew=-7.7018 opt_step=-7.7018 gap0=770.179 dret=-95.888 eval_ret=n/a pursuer_target_distance=4.393 capture=0.000 score=0.000 pol=-0.0004 val=0.0189 ent=1.5421 tot=-0.0050 agnorm=0.026 cgnorm=0.108 kl=0.0014 clipf=0.004 ev=+0.824 r0=1.0000 entcoef=9.09e-03 lr=6.3e-04 seed=3
iter=  64 step= 208000 ep_ret=-689.185 opt_ret=-689.185 step_rew=-6.8919 opt_step=-6.8919 gap0=689.185 dret=-14.893 eval_ret=n/a pursuer_target_distance=3.757 capture=0.000 score=0.000 pol=-0.0010 val=0.0171 ent=1.5533 tot=-0.0065 agnorm=0.045 cgnorm=0.106 kl=0.0018 clipf=0.011 ev=+0.737 r0=1.0000 entcoef=9.08e-03 lr=6.3e-04 seed=3
iter=  65 step= 211200 ep_ret=-758.729 opt_ret=-758.729 step_rew=-7.5873 opt_step=-7.5873 gap0=758.729 dret=-84.437 eval_ret=n/a pursuer_target_distance=4.298 capture=0.000 score=0.000 pol=-0.0004 val=0.0219 ent=1.5598 tot=-0.0036 agnorm=0.020 cgnorm=0.123 kl=0.0008 clipf=0.002 ev=+0.821 r0=1.0000 entcoef=9.06e-03 lr=6.3e-04 seed=3
iter=  66 step= 214400 ep_ret=-710.802 opt_ret=-710.802 step_rew=-7.1080 opt_step=-7.1080 gap0=710.802 dret=-36.511 eval_ret=n/a pursuer_target_distance=4.172 capture=0.000 score=0.000 pol=-0.0013 val=0.0183 ent=1.5560 tot=-0.0063 agnorm=0.062 cgnorm=0.114 kl=0.0028 clipf=0.024 ev=+0.852 r0=1.0000 entcoef=9.05e-03 lr=6.3e-04 seed=3
iter=  67 step= 217600 ep_ret=-755.127 opt_ret=-755.127 step_rew=-7.5513 opt_step=-7.5513 gap0=755.127 dret=-80.835 eval_ret=n/a pursuer_target_distance=4.893 capture=0.000 score=0.000 pol=-0.0004 val=0.0241 ent=1.5549 tot=-0.0024 agnorm=0.028 cgnorm=0.125 kl=0.0017 clipf=0.003 ev=+0.671 r0=1.0000 entcoef=9.03e-03 lr=6.3e-04 seed=3
iter=  68 step= 220800 ep_ret=-728.018 opt_ret=-728.018 step_rew=-7.2802 opt_step=-7.2802 gap0=728.018 dret=-53.727 eval_ret=n/a pursuer_target_distance=3.990 capture=0.000 score=0.000 pol=-0.0007 val=0.0119 ent=1.5617 tot=-0.0088 agnorm=0.027 cgnorm=0.077 kl=0.0012 clipf=0.004 ev=+0.885 r0=1.0000 entcoef=9.02e-03 lr=6.2e-04 seed=3
iter=  69 step= 224000 ep_ret=-711.283 opt_ret=-711.283 step_rew=-7.1128 opt_step=-7.1128 gap0=711.283 dret=-36.991 eval_ret=n/a pursuer_target_distance=4.348 capture=0.000 score=0.000 pol=-0.0006 val=0.0193 ent=1.5650 tot=-0.0051 agnorm=0.027 cgnorm=0.114 kl=0.0014 clipf=0.008 ev=+0.766 r0=1.0000 entcoef=9.00e-03 lr=6.2e-04 seed=3
iter=  70 step= 227200 ep_ret=-702.289 opt_ret=-702.289 step_rew=-7.0229 opt_step=-7.0229 gap0=702.289 dret=-27.997 eval_ret=n/a pursuer_target_distance=3.863 capture=0.000 score=0.000 pol=-0.0009 val=0.0207 ent=1.5553 tot=-0.0045 agnorm=0.032 cgnorm=0.109 kl=0.0017 clipf=0.007 ev=+0.787 r0=1.0000 entcoef=8.99e-03 lr=6.2e-04 seed=3
iter=  71 step= 230400 ep_ret=-711.667 opt_ret=-711.667 step_rew=-7.1167 opt_step=-7.1167 gap0=711.667 dret=-37.375 eval_ret=n/a pursuer_target_distance=4.331 capture=0.000 score=0.000 pol=-0.0006 val=0.0214 ent=1.5409 tot=-0.0038 agnorm=0.027 cgnorm=0.109 kl=0.0016 clipf=0.006 ev=+0.784 r0=1.0000 entcoef=8.98e-03 lr=6.2e-04 seed=3
iter=  72 step= 233600 ep_ret=-713.929 opt_ret=-713.929 step_rew=-7.1393 opt_step=-7.1393 gap0=713.929 dret=-39.637 eval_ret=n/a pursuer_target_distance=4.476 capture=0.000 score=0.000 pol=-0.0009 val=0.0209 ent=1.5236 tot=-0.0041 agnorm=0.047 cgnorm=0.106 kl=0.0024 clipf=0.017 ev=+0.729 r0=1.0000 entcoef=8.96e-03 lr=6.2e-04 seed=3
iter=  73 step= 236800 ep_ret=-724.756 opt_ret=-724.756 step_rew=-7.2476 opt_step=-7.2476 gap0=724.756 dret=-50.464 eval_ret=n/a pursuer_target_distance=4.464 capture=0.000 score=0.000 pol=-0.0004 val=0.0278 ent=1.5341 tot=-0.0003 agnorm=0.030 cgnorm=0.128 kl=0.0017 clipf=0.010 ev=+0.684 r0=1.0000 entcoef=8.95e-03 lr=6.2e-04 seed=3
iter=  74 step= 240000 ep_ret=-718.060 opt_ret=-718.060 step_rew=-7.1806 opt_step=-7.1806 gap0=718.060 dret=-43.768 eval_ret=n/a pursuer_target_distance=4.323 capture=0.000 score=0.000 pol=-0.0011 val=0.0169 ent=1.5244 tot=-0.0062 agnorm=0.042 cgnorm=0.096 kl=0.0022 clipf=0.012 ev=+0.771 r0=1.0000 entcoef=8.93e-03 lr=6.2e-04 seed=3
iter=  75 step= 243200 ep_ret=-802.185 opt_ret=-802.185 step_rew=-8.0218 opt_step=-8.0218 gap0=802.185 dret=-127.893 eval_ret=n/a pursuer_target_distance=4.911 capture=0.000 score=0.000 pol=-0.0005 val=0.0226 ent=1.5144 tot=-0.0027 agnorm=0.023 cgnorm=0.109 kl=0.0008 clipf=0.003 ev=+0.704 r0=1.0000 entcoef=8.92e-03 lr=6.2e-04 seed=3
iter=  76 step= 246400 ep_ret=-648.535 opt_ret=-648.535 step_rew=-6.4854 opt_step=-6.4854 gap0=648.535 dret=+25.756 eval_ret=n/a pursuer_target_distance=3.670 capture=0.000 score=0.000 pol=-0.0005 val=0.0216 ent=1.5076 tot=-0.0031 agnorm=0.024 cgnorm=0.105 kl=0.0007 clipf=0.001 ev=+0.730 r0=1.0000 entcoef=8.90e-03 lr=6.2e-04 seed=3
iter=  77 step= 249600 ep_ret=-699.816 opt_ret=-699.816 step_rew=-6.9982 opt_step=-6.9982 gap0=699.816 dret=-25.525 eval_ret=n/a pursuer_target_distance=4.140 capture=0.000 score=0.000 pol=-0.0003 val=0.0176 ent=1.5117 tot=-0.0049 agnorm=0.028 cgnorm=0.097 kl=0.0002 clipf=0.000 ev=+0.775 r0=1.0000 entcoef=8.89e-03 lr=6.1e-04 seed=3
iter=  78 step= 252800 ep_ret=-683.747 opt_ret=-683.747 step_rew=-6.8375 opt_step=-6.8375 gap0=683.747 dret=-9.455 eval_ret=n/a pursuer_target_distance=3.767 capture=0.000 score=0.000 pol=-0.0007 val=0.0128 ent=1.5028 tot=-0.0076 agnorm=0.031 cgnorm=0.078 kl=0.0013 clipf=0.006 ev=+0.845 r0=1.0000 entcoef=8.88e-03 lr=6.1e-04 seed=3
iter=  79 step= 256000 ep_ret=-654.224 opt_ret=-654.224 step_rew=-6.5422 opt_step=-6.5422 gap0=654.224 dret=+20.067 eval_ret=n/a pursuer_target_distance=3.600 capture=0.000 score=0.000 pol=-0.0008 val=0.0171 ent=1.4935 tot=-0.0054 agnorm=0.022 cgnorm=0.091 kl=0.0008 clipf=0.001 ev=+0.795 r0=1.0000 entcoef=8.86e-03 lr=6.1e-04 seed=3
iter=  80 step= 259200 ep_ret=-702.502 opt_ret=-702.502 step_rew=-7.0250 opt_step=-7.0250 gap0=702.502 dret=-28.210 eval_ret=-680.397 pursuer_target_distance=4.214 capture=0.000 score=0.000 pol=-0.0011 val=0.0205 ent=1.4930 tot=-0.0041 agnorm=0.038 cgnorm=0.107 kl=0.0022 clipf=0.013 ev=+0.666 r0=1.0000 entcoef=8.85e-03 lr=6.1e-04 seed=3
iter=  81 step= 262400 ep_ret=-727.974 opt_ret=-727.974 step_rew=-7.2797 opt_step=-7.2797 gap0=727.974 dret=-53.682 eval_ret=n/a pursuer_target_distance=3.641 capture=0.000 score=0.000 pol=-0.0011 val=0.0239 ent=1.4804 tot=-0.0022 agnorm=0.034 cgnorm=0.111 kl=0.0019 clipf=0.013 ev=+0.699 r0=1.0000 entcoef=8.83e-03 lr=6.1e-04 seed=3
iter=  82 step= 265600 ep_ret=-801.755 opt_ret=-801.755 step_rew=-8.0175 opt_step=-8.0175 gap0=801.755 dret=-127.463 eval_ret=n/a pursuer_target_distance=4.598 capture=0.000 score=0.000 pol=-0.0006 val=0.0140 ent=1.4955 tot=-0.0068 agnorm=0.030 cgnorm=0.080 kl=0.0014 clipf=0.005 ev=+0.776 r0=1.0000 entcoef=8.82e-03 lr=6.1e-04 seed=3
iter=  83 step= 268800 ep_ret=-652.224 opt_ret=-652.224 step_rew=-6.5222 opt_step=-6.5222 gap0=652.224 dret=+22.068 eval_ret=n/a pursuer_target_distance=3.836 capture=0.000 score=0.000 pol=-0.0006 val=0.0126 ent=1.4800 tot=-0.0074 agnorm=0.023 cgnorm=0.077 kl=0.0011 clipf=0.004 ev=+0.837 r0=1.0000 entcoef=8.80e-03 lr=6.1e-04 seed=3
iter=  84 step= 272000 ep_ret=-732.424 opt_ret=-732.424 step_rew=-7.3242 opt_step=-7.3242 gap0=732.424 dret=-58.132 eval_ret=n/a pursuer_target_distance=4.059 capture=0.000 score=0.000 pol=-0.0007 val=0.0134 ent=1.5039 tot=-0.0072 agnorm=0.037 cgnorm=0.076 kl=0.0014 clipf=0.007 ev=+0.847 r0=1.0000 entcoef=8.79e-03 lr=6.1e-04 seed=3
iter=  85 step= 275200 ep_ret=-677.625 opt_ret=-677.625 step_rew=-6.7763 opt_step=-6.7763 gap0=677.625 dret=-3.334 eval_ret=n/a pursuer_target_distance=4.179 capture=0.000 score=0.000 pol=-0.0009 val=0.0184 ent=1.5037 tot=-0.0049 agnorm=0.039 cgnorm=0.095 kl=0.0021 clipf=0.017 ev=+0.696 r0=1.0000 entcoef=8.77e-03 lr=6.1e-04 seed=3
iter=  86 step= 278400 ep_ret=-721.279 opt_ret=-721.279 step_rew=-7.2128 opt_step=-7.2128 gap0=721.279 dret=-46.987 eval_ret=n/a pursuer_target_distance=4.736 capture=0.000 score=0.000 pol=-0.0006 val=0.0174 ent=1.5115 tot=-0.0051 agnorm=0.029 cgnorm=0.082 kl=0.0015 clipf=0.006 ev=+0.688 r0=1.0000 entcoef=8.76e-03 lr=6.0e-04 seed=3
iter=  87 step= 281600 ep_ret=-700.813 opt_ret=-700.813 step_rew=-7.0081 opt_step=-7.0081 gap0=700.813 dret=-26.521 eval_ret=n/a pursuer_target_distance=3.966 capture=0.000 score=0.000 pol=-0.0005 val=0.0213 ent=1.4974 tot=-0.0030 agnorm=0.028 cgnorm=0.089 kl=0.0007 clipf=0.001 ev=+0.585 r0=1.0000 entcoef=8.75e-03 lr=6.0e-04 seed=3
iter=  88 step= 284800 ep_ret=-702.863 opt_ret=-702.863 step_rew=-7.0286 opt_step=-7.0286 gap0=702.863 dret=-28.571 eval_ret=n/a pursuer_target_distance=3.887 capture=0.000 score=0.000 pol=-0.0008 val=0.0201 ent=1.5221 tot=-0.0041 agnorm=0.042 cgnorm=0.097 kl=0.0025 clipf=0.018 ev=+0.671 r0=1.0000 entcoef=8.73e-03 lr=6.0e-04 seed=3
iter=  89 step= 288000 ep_ret=-704.739 opt_ret=-704.739 step_rew=-7.0474 opt_step=-7.0474 gap0=704.739 dret=-30.448 eval_ret=n/a pursuer_target_distance=3.626 capture=0.000 score=0.000 pol=-0.0009 val=0.0123 ent=1.5243 tot=-0.0080 agnorm=0.043 cgnorm=0.073 kl=0.0015 clipf=0.008 ev=+0.826 r0=1.0000 entcoef=8.72e-03 lr=6.0e-04 seed=3
iter=  90 step= 291200 ep_ret=-704.597 opt_ret=-704.597 step_rew=-7.0460 opt_step=-7.0460 gap0=704.597 dret=-30.305 eval_ret=n/a pursuer_target_distance=4.285 capture=0.000 score=0.000 pol=-0.0005 val=0.0185 ent=1.5407 tot=-0.0047 agnorm=0.027 cgnorm=0.086 kl=0.0020 clipf=0.008 ev=+0.719 r0=1.0000 entcoef=8.70e-03 lr=6.0e-04 seed=3
iter=  91 step= 294400 ep_ret=-691.727 opt_ret=-691.727 step_rew=-6.9173 opt_step=-6.9173 gap0=691.727 dret=-17.435 eval_ret=n/a pursuer_target_distance=4.027 capture=0.000 score=0.000 pol=-0.0007 val=0.0129 ent=1.5484 tot=-0.0077 agnorm=0.026 cgnorm=0.068 kl=0.0011 clipf=0.001 ev=+0.751 r0=1.0000 entcoef=8.69e-03 lr=6.0e-04 seed=3
iter=  92 step= 297600 ep_ret=-709.551 opt_ret=-709.551 step_rew=-7.0955 opt_step=-7.0955 gap0=709.551 dret=-35.259 eval_ret=n/a pursuer_target_distance=4.208 capture=0.000 score=0.000 pol=-0.0005 val=0.0233 ent=1.5473 tot=-0.0023 agnorm=0.028 cgnorm=0.090 kl=0.0012 clipf=0.003 ev=+0.699 r0=1.0000 entcoef=8.67e-03 lr=6.0e-04 seed=3
iter=  93 step= 300800 ep_ret=-683.320 opt_ret=-683.320 step_rew=-6.8332 opt_step=-6.8332 gap0=683.320 dret=-9.028 eval_ret=n/a pursuer_target_distance=3.820 capture=0.000 score=0.000 pol=-0.0002 val=0.0224 ent=1.5433 tot=-0.0023 agnorm=0.016 cgnorm=0.087 kl=0.0009 clipf=0.000 ev=+0.563 r0=1.0000 entcoef=8.66e-03 lr=6.0e-04 seed=3
iter=  94 step= 304000 ep_ret=-720.939 opt_ret=-720.939 step_rew=-7.2094 opt_step=-7.2094 gap0=720.939 dret=-46.647 eval_ret=n/a pursuer_target_distance=4.355 capture=0.000 score=0.000 pol=-0.0006 val=0.0097 ent=1.5353 tot=-0.0090 agnorm=0.019 cgnorm=0.053 kl=0.0006 clipf=0.000 ev=+0.719 r0=1.0000 entcoef=8.64e-03 lr=6.0e-04 seed=3
iter=  95 step= 307200 ep_ret=-684.435 opt_ret=-684.435 step_rew=-6.8443 opt_step=-6.8443 gap0=684.435 dret=-10.143 eval_ret=n/a pursuer_target_distance=4.006 capture=0.000 score=0.000 pol=-0.0006 val=0.0195 ent=1.5305 tot=-0.0041 agnorm=0.028 cgnorm=0.085 kl=0.0015 clipf=0.008 ev=+0.709 r0=1.0000 entcoef=8.63e-03 lr=5.9e-04 seed=3
iter=  96 step= 310400 ep_ret=-714.649 opt_ret=-714.649 step_rew=-7.1465 opt_step=-7.1465 gap0=714.649 dret=-40.357 eval_ret=n/a pursuer_target_distance=4.083 capture=0.000 score=0.000 pol=-0.0007 val=0.0178 ent=1.5442 tot=-0.0051 agnorm=0.043 cgnorm=0.076 kl=0.0018 clipf=0.016 ev=+0.619 r0=1.0000 entcoef=8.62e-03 lr=5.9e-04 seed=3
iter=  97 step= 313600 ep_ret=-646.331 opt_ret=-646.331 step_rew=-6.4633 opt_step=-6.4633 gap0=646.331 dret=+27.961 eval_ret=n/a pursuer_target_distance=3.442 capture=0.000 score=0.000 pol=-0.0009 val=0.0175 ent=1.5500 tot=-0.0055 agnorm=0.035 cgnorm=0.075 kl=0.0017 clipf=0.007 ev=+0.769 r0=1.0000 entcoef=8.60e-03 lr=5.9e-04 seed=3
iter=  98 step= 316800 ep_ret=-730.305 opt_ret=-730.305 step_rew=-7.3031 opt_step=-7.3031 gap0=730.305 dret=-56.013 eval_ret=n/a pursuer_target_distance=4.151 capture=0.000 score=0.000 pol=-0.0004 val=0.0146 ent=1.5382 tot=-0.0063 agnorm=0.024 cgnorm=0.072 kl=0.0012 clipf=0.004 ev=+0.689 r0=1.0000 entcoef=8.59e-03 lr=5.9e-04 seed=3
iter=  99 step= 320000 ep_ret=-688.316 opt_ret=-688.316 step_rew=-6.8832 opt_step=-6.8832 gap0=688.316 dret=-14.024 eval_ret=n/a pursuer_target_distance=4.205 capture=0.000 score=0.000 pol=-0.0011 val=0.0221 ent=1.5481 tot=-0.0033 agnorm=0.038 cgnorm=0.074 kl=0.0018 clipf=0.009 ev=+0.645 r0=1.0000 entcoef=8.57e-03 lr=5.9e-04 seed=3
iter= 100 step= 323200 ep_ret=-683.056 opt_ret=-683.056 step_rew=-6.8306 opt_step=-6.8306 gap0=683.056 dret=-8.765 eval_ret=-625.479 pursuer_target_distance=3.711 capture=0.000 score=0.000 pol=-0.0005 val=0.0188 ent=1.5611 tot=-0.0044 agnorm=0.029 cgnorm=0.078 kl=0.0014 clipf=0.004 ev=+0.572 r0=1.0000 entcoef=8.56e-03 lr=5.9e-04 seed=3
iter= 101 step= 326400 ep_ret=-715.765 opt_ret=-715.765 step_rew=-7.1576 opt_step=-7.1576 gap0=715.765 dret=-41.473 eval_ret=n/a pursuer_target_distance=3.834 capture=0.000 score=0.000 pol=-0.0003 val=0.0136 ent=1.5652 tot=-0.0068 agnorm=0.026 cgnorm=0.063 kl=0.0004 clipf=0.000 ev=+0.800 r0=1.0000 entcoef=8.54e-03 lr=5.9e-04 seed=3
iter= 102 step= 329600 ep_ret=-721.075 opt_ret=-721.075 step_rew=-7.2107 opt_step=-7.2107 gap0=721.075 dret=-46.783 eval_ret=n/a pursuer_target_distance=4.285 capture=0.000 score=0.000 pol=-0.0009 val=0.0180 ent=1.5575 tot=-0.0052 agnorm=0.040 cgnorm=0.078 kl=0.0017 clipf=0.006 ev=+0.688 r0=1.0000 entcoef=8.53e-03 lr=5.9e-04 seed=3
iter= 103 step= 332800 ep_ret=-624.884 opt_ret=-624.884 step_rew=-6.2488 opt_step=-6.2488 gap0=624.884 dret=+49.408 eval_ret=n/a pursuer_target_distance=3.845 capture=0.000 score=0.000 pol=-0.0006 val=0.0160 ent=1.5488 tot=-0.0058 agnorm=0.044 cgnorm=0.069 kl=0.0017 clipf=0.011 ev=+0.782 r0=1.0000 entcoef=8.51e-03 lr=5.9e-04 seed=3
iter= 104 step= 336000 ep_ret=-673.519 opt_ret=-673.519 step_rew=-6.7352 opt_step=-6.7352 gap0=673.519 dret=+0.773 eval_ret=n/a pursuer_target_distance=4.001 capture=0.000 score=0.000 pol=-0.0005 val=0.0221 ent=1.5504 tot=-0.0027 agnorm=0.027 cgnorm=0.075 kl=0.0015 clipf=0.001 ev=+0.584 r0=1.0000 entcoef=8.50e-03 lr=5.9e-04 seed=3
iter= 105 step= 339200 ep_ret=-679.542 opt_ret=-679.542 step_rew=-6.7954 opt_step=-6.7954 gap0=679.542 dret=-5.250 eval_ret=n/a pursuer_target_distance=3.732 capture=0.000 score=0.000 pol=-0.0006 val=0.0127 ent=1.5597 tot=-0.0075 agnorm=0.036 cgnorm=0.059 kl=0.0010 clipf=0.003 ev=+0.813 r0=1.0000 entcoef=8.49e-03 lr=5.8e-04 seed=3
iter= 106 step= 342400 ep_ret=-654.587 opt_ret=-654.587 step_rew=-6.5459 opt_step=-6.5459 gap0=654.587 dret=+19.705 eval_ret=n/a pursuer_target_distance=3.976 capture=0.000 score=0.000 pol=-0.0007 val=0.0122 ent=1.5589 tot=-0.0078 agnorm=0.039 cgnorm=0.057 kl=0.0016 clipf=0.011 ev=+0.756 r0=1.0000 entcoef=8.47e-03 lr=5.8e-04 seed=3
iter= 107 step= 345600 ep_ret=-734.220 opt_ret=-734.220 step_rew=-7.3422 opt_step=-7.3422 gap0=734.220 dret=-59.929 eval_ret=n/a pursuer_target_distance=3.837 capture=0.000 score=0.000 pol=-0.0007 val=0.0110 ent=1.5569 tot=-0.0083 agnorm=0.029 cgnorm=0.051 kl=0.0014 clipf=0.002 ev=+0.813 r0=1.0000 entcoef=8.46e-03 lr=5.8e-04 seed=3
iter= 108 step= 348800 ep_ret=-703.029 opt_ret=-703.029 step_rew=-7.0303 opt_step=-7.0303 gap0=703.029 dret=-28.737 eval_ret=n/a pursuer_target_distance=4.097 capture=0.000 score=0.000 pol=-0.0009 val=0.0122 ent=1.5565 tot=-0.0079 agnorm=0.037 cgnorm=0.055 kl=0.0028 clipf=0.010 ev=+0.778 r0=1.0000 entcoef=8.44e-03 lr=5.8e-04 seed=3
iter= 109 step= 352000 ep_ret=-737.885 opt_ret=-737.885 step_rew=-7.3789 opt_step=-7.3789 gap0=737.885 dret=-63.593 eval_ret=n/a pursuer_target_distance=4.024 capture=0.000 score=0.000 pol=-0.0004 val=0.0177 ent=1.5454 tot=-0.0045 agnorm=0.025 cgnorm=0.066 kl=0.0006 clipf=0.000 ev=+0.657 r0=1.0000 entcoef=8.43e-03 lr=5.8e-04 seed=3
iter= 110 step= 355200 ep_ret=-731.889 opt_ret=-731.889 step_rew=-7.3189 opt_step=-7.3189 gap0=731.889 dret=-57.597 eval_ret=n/a pursuer_target_distance=4.311 capture=0.000 score=0.000 pol=-0.0011 val=0.0240 ent=1.5429 tot=-0.0020 agnorm=0.039 cgnorm=0.082 kl=0.0022 clipf=0.015 ev=+0.554 r0=1.0000 entcoef=8.41e-03 lr=5.8e-04 seed=3
iter= 111 step= 358400 ep_ret=-767.867 opt_ret=-767.867 step_rew=-7.6787 opt_step=-7.6787 gap0=767.867 dret=-93.575 eval_ret=n/a pursuer_target_distance=4.155 capture=0.000 score=0.000 pol=-0.0007 val=0.0205 ent=1.5544 tot=-0.0035 agnorm=0.038 cgnorm=0.083 kl=0.0021 clipf=0.012 ev=+0.677 r0=1.0000 entcoef=8.40e-03 lr=5.8e-04 seed=3
iter= 112 step= 361600 ep_ret=-741.089 opt_ret=-741.089 step_rew=-7.4109 opt_step=-7.4109 gap0=741.089 dret=-66.798 eval_ret=n/a pursuer_target_distance=4.194 capture=0.000 score=0.000 pol=-0.0007 val=0.0137 ent=1.5484 tot=-0.0068 agnorm=0.032 cgnorm=0.060 kl=0.0009 clipf=0.005 ev=+0.672 r0=1.0000 entcoef=8.38e-03 lr=5.8e-04 seed=3
iter= 113 step= 364800 ep_ret=-694.981 opt_ret=-694.981 step_rew=-6.9498 opt_step=-6.9498 gap0=694.981 dret=-20.690 eval_ret=n/a pursuer_target_distance=4.014 capture=0.000 score=0.000 pol=-0.0010 val=0.0131 ent=1.5486 tot=-0.0074 agnorm=0.054 cgnorm=0.058 kl=0.0027 clipf=0.024 ev=+0.683 r0=1.0000 entcoef=8.37e-03 lr=5.8e-04 seed=3
iter= 114 step= 368000 ep_ret=-803.361 opt_ret=-803.361 step_rew=-8.0336 opt_step=-8.0336 gap0=803.361 dret=-129.069 eval_ret=n/a pursuer_target_distance=4.705 capture=0.000 score=0.000 pol=-0.0010 val=0.0203 ent=1.5583 tot=-0.0039 agnorm=0.046 cgnorm=0.079 kl=0.0026 clipf=0.019 ev=+0.465 r0=1.0000 entcoef=8.36e-03 lr=5.7e-04 seed=3
iter= 115 step= 371200 ep_ret=-799.231 opt_ret=-799.231 step_rew=-7.9923 opt_step=-7.9923 gap0=799.231 dret=-124.939 eval_ret=n/a pursuer_target_distance=4.345 capture=0.000 score=0.000 pol=-0.0005 val=0.0127 ent=1.5632 tot=-0.0072 agnorm=0.024 cgnorm=0.060 kl=0.0015 clipf=0.004 ev=+0.734 r0=1.0000 entcoef=8.34e-03 lr=5.7e-04 seed=3
iter= 116 step= 374400 ep_ret=-719.231 opt_ret=-719.231 step_rew=-7.1923 opt_step=-7.1923 gap0=719.231 dret=-44.939 eval_ret=n/a pursuer_target_distance=4.211 capture=0.000 score=0.000 pol=-0.0004 val=0.0112 ent=1.5567 tot=-0.0078 agnorm=0.022 cgnorm=0.048 kl=0.0008 clipf=0.000 ev=+0.647 r0=1.0000 entcoef=8.33e-03 lr=5.7e-04 seed=3
iter= 117 step= 377600 ep_ret=-780.572 opt_ret=-780.572 step_rew=-7.8057 opt_step=-7.8057 gap0=780.572 dret=-106.280 eval_ret=n/a pursuer_target_distance=3.942 capture=0.000 score=0.000 pol=-0.0007 val=0.0134 ent=1.5592 tot=-0.0070 agnorm=0.026 cgnorm=0.058 kl=0.0010 clipf=0.000 ev=+0.711 r0=1.0000 entcoef=8.31e-03 lr=5.7e-04 seed=3
iter= 118 step= 380800 ep_ret=-784.307 opt_ret=-784.307 step_rew=-7.8431 opt_step=-7.8431 gap0=784.307 dret=-110.015 eval_ret=n/a pursuer_target_distance=3.874 capture=0.000 score=0.000 pol=-0.0003 val=0.0246 ent=1.5616 tot=-0.0010 agnorm=0.022 cgnorm=0.083 kl=0.0012 clipf=0.000 ev=+0.518 r0=1.0000 entcoef=8.30e-03 lr=5.7e-04 seed=3
iter= 119 step= 384000 ep_ret=-674.025 opt_ret=-674.025 step_rew=-6.7403 opt_step=-6.7403 gap0=674.025 dret=+0.267 eval_ret=n/a pursuer_target_distance=3.580 capture=0.000 score=0.000 pol=-0.0009 val=0.0181 ent=1.5661 tot=-0.0048 agnorm=0.034 cgnorm=0.072 kl=0.0016 clipf=0.003 ev=+0.720 r0=1.0000 entcoef=8.28e-03 lr=5.7e-04 seed=3
iter= 120 step= 387200 ep_ret=-680.311 opt_ret=-680.311 step_rew=-6.8031 opt_step=-6.8031 gap0=680.311 dret=-6.020 eval_ret=-617.543 pursuer_target_distance=4.096 capture=0.000 score=0.000 pol=-0.0003 val=0.0106 ent=1.5652 tot=-0.0080 agnorm=0.025 cgnorm=0.059 kl=0.0009 clipf=0.000 ev=+0.752 r0=1.0000 entcoef=8.27e-03 lr=5.7e-04 seed=3
iter= 121 step= 390400 ep_ret=-701.608 opt_ret=-701.608 step_rew=-7.0161 opt_step=-7.0161 gap0=701.608 dret=-27.316 eval_ret=n/a pursuer_target_distance=3.779 capture=0.000 score=0.000 pol=-0.0010 val=0.0183 ent=1.5623 tot=-0.0048 agnorm=0.031 cgnorm=0.069 kl=0.0020 clipf=0.004 ev=+0.565 r0=1.0000 entcoef=8.25e-03 lr=5.7e-04 seed=3
iter= 122 step= 393600 ep_ret=-746.695 opt_ret=-746.695 step_rew=-7.4670 opt_step=-7.4670 gap0=746.695 dret=-72.404 eval_ret=n/a pursuer_target_distance=4.274 capture=0.000 score=0.000 pol=-0.0009 val=0.0125 ent=1.5250 tot=-0.0073 agnorm=0.037 cgnorm=0.059 kl=0.0017 clipf=0.006 ev=+0.626 r0=1.0000 entcoef=8.24e-03 lr=5.7e-04 seed=3
iter= 123 step= 396800 ep_ret=-766.797 opt_ret=-766.797 step_rew=-7.6680 opt_step=-7.6680 gap0=766.797 dret=-92.505 eval_ret=n/a pursuer_target_distance=4.652 capture=0.000 score=0.000 pol=-0.0005 val=0.0245 ent=1.5168 tot=-0.0007 agnorm=0.023 cgnorm=0.079 kl=0.0008 clipf=0.000 ev=+0.378 r0=1.0000 entcoef=8.23e-03 lr=5.6e-04 seed=3
iter= 124 step= 400000 ep_ret=-721.546 opt_ret=-721.546 step_rew=-7.2155 opt_step=-7.2155 gap0=721.546 dret=-47.254 eval_ret=n/a pursuer_target_distance=3.860 capture=0.000 score=0.000 pol=-0.0004 val=0.0137 ent=1.5273 tot=-0.0061 agnorm=0.023 cgnorm=0.060 kl=0.0009 clipf=0.000 ev=+0.702 r0=1.0000 entcoef=8.21e-03 lr=5.6e-04 seed=3
iter= 125 step= 403200 ep_ret=-708.257 opt_ret=-708.257 step_rew=-7.0826 opt_step=-7.0826 gap0=708.257 dret=-33.965 eval_ret=n/a pursuer_target_distance=3.955 capture=0.000 score=0.000 pol=-0.0008 val=0.0255 ent=1.5454 tot=-0.0007 agnorm=0.046 cgnorm=0.078 kl=0.0021 clipf=0.015 ev=+0.390 r0=1.0000 entcoef=8.20e-03 lr=5.6e-04 seed=3
iter= 126 step= 406400 ep_ret=-788.715 opt_ret=-788.715 step_rew=-7.8871 opt_step=-7.8871 gap0=788.715 dret=-114.423 eval_ret=n/a pursuer_target_distance=4.844 capture=0.000 score=0.000 pol=-0.0009 val=0.0278 ent=1.5368 tot=+0.0005 agnorm=0.037 cgnorm=0.086 kl=0.0013 clipf=0.007 ev=+0.508 r0=1.0000 entcoef=8.18e-03 lr=5.6e-04 seed=3
iter= 127 step= 409600 ep_ret=-676.567 opt_ret=-676.567 step_rew=-6.7657 opt_step=-6.7657 gap0=676.567 dret=-2.275 eval_ret=n/a pursuer_target_distance=3.775 capture=0.000 score=0.000 pol=-0.0007 val=0.0153 ent=1.5188 tot=-0.0055 agnorm=0.030 cgnorm=0.065 kl=0.0017 clipf=0.004 ev=+0.765 r0=1.0000 entcoef=8.17e-03 lr=5.6e-04 seed=3
iter= 128 step= 412800 ep_ret=-767.266 opt_ret=-767.266 step_rew=-7.6727 opt_step=-7.6727 gap0=767.266 dret=-92.974 eval_ret=n/a pursuer_target_distance=4.540 capture=0.000 score=0.000 pol=-0.0005 val=0.0161 ent=1.5294 tot=-0.0049 agnorm=0.023 cgnorm=0.065 kl=0.0013 clipf=0.005 ev=+0.661 r0=1.0000 entcoef=8.15e-03 lr=5.6e-04 seed=3
iter= 129 step= 416000 ep_ret=-656.807 opt_ret=-656.807 step_rew=-6.5681 opt_step=-6.5681 gap0=656.807 dret=+17.485 eval_ret=n/a pursuer_target_distance=3.328 capture=0.000 score=0.000 pol=-0.0009 val=0.0156 ent=1.5383 tot=-0.0056 agnorm=0.040 cgnorm=0.060 kl=0.0016 clipf=0.011 ev=+0.748 r0=1.0000 entcoef=8.14e-03 lr=5.6e-04 seed=3
iter= 130 step= 419200 ep_ret=-720.588 opt_ret=-720.588 step_rew=-7.2059 opt_step=-7.2059 gap0=720.588 dret=-46.296 eval_ret=n/a pursuer_target_distance=4.432 capture=0.000 score=0.000 pol=-0.0009 val=0.0167 ent=1.5471 tot=-0.0051 agnorm=0.031 cgnorm=0.065 kl=0.0014 clipf=0.004 ev=+0.490 r0=1.0000 entcoef=8.13e-03 lr=5.6e-04 seed=3
iter= 131 step= 422400 ep_ret=-714.739 opt_ret=-714.739 step_rew=-7.1474 opt_step=-7.1474 gap0=714.739 dret=-40.447 eval_ret=n/a pursuer_target_distance=4.280 capture=0.000 score=0.000 pol=-0.0011 val=0.0213 ent=1.5480 tot=-0.0030 agnorm=0.035 cgnorm=0.068 kl=0.0027 clipf=0.012 ev=+0.648 r0=1.0000 entcoef=8.11e-03 lr=5.6e-04 seed=3
iter= 132 step= 425600 ep_ret=-712.441 opt_ret=-712.441 step_rew=-7.1244 opt_step=-7.1244 gap0=712.441 dret=-38.150 eval_ret=n/a pursuer_target_distance=4.088 capture=0.000 score=0.000 pol=-0.0008 val=0.0295 ent=1.5422 tot=+0.0015 agnorm=0.038 cgnorm=0.075 kl=0.0017 clipf=0.015 ev=+0.517 r0=1.0000 entcoef=8.10e-03 lr=5.5e-04 seed=3
iter= 133 step= 428800 ep_ret=-661.414 opt_ret=-661.414 step_rew=-6.6141 opt_step=-6.6141 gap0=661.414 dret=+12.878 eval_ret=n/a pursuer_target_distance=3.808 capture=0.000 score=0.000 pol=-0.0013 val=0.0185 ent=1.5453 tot=-0.0045 agnorm=0.043 cgnorm=0.063 kl=0.0023 clipf=0.015 ev=+0.670 r0=1.0000 entcoef=8.08e-03 lr=5.5e-04 seed=3
iter= 134 step= 432000 ep_ret=-682.287 opt_ret=-682.287 step_rew=-6.8229 opt_step=-6.8229 gap0=682.287 dret=-7.996 eval_ret=n/a pursuer_target_distance=3.447 capture=0.000 score=0.000 pol=-0.0011 val=0.0181 ent=1.5466 tot=-0.0045 agnorm=0.035 cgnorm=0.056 kl=0.0009 clipf=0.000 ev=+0.647 r0=1.0000 entcoef=8.07e-03 lr=5.5e-04 seed=3
iter= 135 step= 435200 ep_ret=-702.600 opt_ret=-702.600 step_rew=-7.0260 opt_step=-7.0260 gap0=702.600 dret=-28.309 eval_ret=n/a pursuer_target_distance=3.849 capture=0.000 score=0.000 pol=-0.0013 val=0.0246 ent=1.5360 tot=-0.0013 agnorm=0.052 cgnorm=0.064 kl=0.0028 clipf=0.020 ev=+0.528 r0=1.0000 entcoef=8.05e-03 lr=5.5e-04 seed=3
iter= 136 step= 438400 ep_ret=-685.993 opt_ret=-685.993 step_rew=-6.8599 opt_step=-6.8599 gap0=685.993 dret=-11.701 eval_ret=n/a pursuer_target_distance=4.002 capture=0.000 score=0.000 pol=-0.0012 val=0.0162 ent=1.5310 tot=-0.0054 agnorm=0.053 cgnorm=0.054 kl=0.0028 clipf=0.021 ev=+0.697 r0=1.0000 entcoef=8.04e-03 lr=5.5e-04 seed=3
iter= 137 step= 441600 ep_ret=-644.336 opt_ret=-644.336 step_rew=-6.4434 opt_step=-6.4434 gap0=644.336 dret=+29.956 eval_ret=n/a pursuer_target_distance=3.993 capture=0.000 score=0.000 pol=-0.0009 val=0.0188 ent=1.5336 tot=-0.0038 agnorm=0.037 cgnorm=0.063 kl=0.0018 clipf=0.005 ev=+0.596 r0=1.0000 entcoef=8.02e-03 lr=5.5e-04 seed=3
iter= 138 step= 444800 ep_ret=-719.073 opt_ret=-719.073 step_rew=-7.1907 opt_step=-7.1907 gap0=719.073 dret=-44.781 eval_ret=n/a pursuer_target_distance=3.915 capture=0.000 score=0.000 pol=-0.0008 val=0.0290 ent=1.5209 tot=+0.0015 agnorm=0.040 cgnorm=0.064 kl=0.0017 clipf=0.009 ev=+0.451 r0=1.0000 entcoef=8.01e-03 lr=5.5e-04 seed=3
iter= 139 step= 448000 ep_ret=-689.542 opt_ret=-689.542 step_rew=-6.8954 opt_step=-6.8954 gap0=689.542 dret=-15.251 eval_ret=n/a pursuer_target_distance=3.848 capture=0.000 score=0.000 pol=-0.0006 val=0.0143 ent=1.5147 tot=-0.0055 agnorm=0.024 cgnorm=0.049 kl=0.0014 clipf=0.005 ev=+0.694 r0=1.0000 entcoef=8.00e-03 lr=5.5e-04 seed=3
iter= 140 step= 451200 ep_ret=-652.212 opt_ret=-652.212 step_rew=-6.5221 opt_step=-6.5221 gap0=652.212 dret=+22.080 eval_ret=-655.291 pursuer_target_distance=3.757 capture=0.000 score=0.000 pol=-0.0008 val=0.0200 ent=1.5020 tot=-0.0028 agnorm=0.027 cgnorm=0.063 kl=0.0011 clipf=0.002 ev=+0.617 r0=1.0000 entcoef=7.98e-03 lr=5.5e-04 seed=3
iter= 141 step= 454400 ep_ret=-670.199 opt_ret=-670.199 step_rew=-6.7020 opt_step=-6.7020 gap0=670.199 dret=+4.093 eval_ret=n/a pursuer_target_distance=3.436 capture=0.000 score=0.000 pol=-0.0009 val=0.0318 ent=1.5036 tot=+0.0030 agnorm=0.036 cgnorm=0.073 kl=0.0014 clipf=0.003 ev=+0.429 r0=1.0000 entcoef=7.97e-03 lr=5.4e-04 seed=3
iter= 142 step= 457600 ep_ret=-658.419 opt_ret=-658.419 step_rew=-6.5842 opt_step=-6.5842 gap0=658.419 dret=+15.873 eval_ret=n/a pursuer_target_distance=3.708 capture=0.000 score=0.000 pol=-0.0004 val=0.0226 ent=1.5089 tot=-0.0011 agnorm=0.032 cgnorm=0.062 kl=0.0013 clipf=0.007 ev=+0.610 r0=1.0000 entcoef=7.95e-03 lr=5.4e-04 seed=3
iter= 143 step= 460800 ep_ret=-634.849 opt_ret=-634.849 step_rew=-6.3485 opt_step=-6.3485 gap0=634.849 dret=+39.442 eval_ret=n/a pursuer_target_distance=3.232 capture=0.000 score=0.000 pol=-0.0005 val=0.0166 ent=1.4994 tot=-0.0042 agnorm=0.022 cgnorm=0.053 kl=0.0013 clipf=0.002 ev=+0.621 r0=1.0000 entcoef=7.94e-03 lr=5.4e-04 seed=3
iter= 144 step= 464000 ep_ret=-644.017 opt_ret=-644.017 step_rew=-6.4402 opt_step=-6.4402 gap0=644.017 dret=+30.275 eval_ret=n/a pursuer_target_distance=3.111 capture=0.000 score=0.000 pol=-0.0010 val=0.0213 ent=1.4925 tot=-0.0022 agnorm=0.032 cgnorm=0.059 kl=0.0016 clipf=0.003 ev=+0.483 r0=1.0000 entcoef=7.92e-03 lr=5.4e-04 seed=3
iter= 145 step= 467200 ep_ret=-671.946 opt_ret=-671.946 step_rew=-6.7195 opt_step=-6.7195 gap0=671.946 dret=+2.346 eval_ret=n/a pursuer_target_distance=3.295 capture=0.000 score=0.000 pol=-0.0008 val=0.0114 ent=1.4788 tot=-0.0068 agnorm=0.039 cgnorm=0.043 kl=0.0019 clipf=0.011 ev=+0.746 r0=1.0000 entcoef=7.91e-03 lr=5.4e-04 seed=3
iter= 146 step= 470400 ep_ret=-742.264 opt_ret=-742.264 step_rew=-7.4226 opt_step=-7.4226 gap0=742.264 dret=-67.972 eval_ret=n/a pursuer_target_distance=4.113 capture=0.000 score=0.000 pol=-0.0004 val=0.0162 ent=1.4867 tot=-0.0040 agnorm=0.024 cgnorm=0.050 kl=0.0006 clipf=0.000 ev=+0.514 r0=1.0000 entcoef=7.89e-03 lr=5.4e-04 seed=3
iter= 147 step= 473600 ep_ret=-655.230 opt_ret=-655.230 step_rew=-6.5523 opt_step=-6.5523 gap0=655.230 dret=+19.061 eval_ret=n/a pursuer_target_distance=3.735 capture=0.000 score=0.000 pol=-0.0004 val=0.0226 ent=1.4975 tot=-0.0009 agnorm=0.030 cgnorm=0.058 kl=0.0006 clipf=0.000 ev=+0.407 r0=1.0000 entcoef=7.88e-03 lr=5.4e-04 seed=3
iter= 148 step= 476800 ep_ret=-645.044 opt_ret=-645.044 step_rew=-6.4504 opt_step=-6.4504 gap0=645.044 dret=+29.247 eval_ret=n/a pursuer_target_distance=3.332 capture=0.000 score=0.000 pol=-0.0006 val=0.0208 ent=1.5132 tot=-0.0021 agnorm=0.033 cgnorm=0.059 kl=0.0012 clipf=0.002 ev=+0.436 r0=1.0000 entcoef=7.87e-03 lr=5.4e-04 seed=3
iter= 149 step= 480000 ep_ret=-584.896 opt_ret=-584.896 step_rew=-5.8490 opt_step=-5.8490 gap0=584.896 dret=+89.396 eval_ret=n/a pursuer_target_distance=3.075 capture=0.000 score=0.000 pol=-0.0004 val=0.0231 ent=1.5309 tot=-0.0009 agnorm=0.024 cgnorm=0.066 kl=0.0011 clipf=0.002 ev=+0.522 r0=1.0000 entcoef=7.85e-03 lr=5.4e-04 seed=3
iter= 150 step= 483200 ep_ret=-603.294 opt_ret=-603.294 step_rew=-6.0329 opt_step=-6.0329 gap0=603.294 dret=+70.997 eval_ret=n/a pursuer_target_distance=3.218 capture=0.000 score=0.000 pol=-0.0011 val=0.0172 ent=1.5396 tot=-0.0046 agnorm=0.046 cgnorm=0.053 kl=0.0019 clipf=0.012 ev=+0.626 r0=1.0000 entcoef=7.84e-03 lr=5.3e-04 seed=3
iter= 151 step= 486400 ep_ret=-643.538 opt_ret=-643.538 step_rew=-6.4354 opt_step=-6.4354 gap0=643.538 dret=+30.754 eval_ret=n/a pursuer_target_distance=3.594 capture=0.000 score=0.000 pol=-0.0007 val=0.0193 ent=1.5437 tot=-0.0031 agnorm=0.030 cgnorm=0.051 kl=0.0015 clipf=0.003 ev=+0.548 r0=1.0000 entcoef=7.82e-03 lr=5.3e-04 seed=3
iter= 152 step= 489600 ep_ret=-649.312 opt_ret=-649.312 step_rew=-6.4931 opt_step=-6.4931 gap0=649.312 dret=+24.980 eval_ret=n/a pursuer_target_distance=3.236 capture=0.000 score=0.000 pol=-0.0010 val=0.0198 ent=1.5370 tot=-0.0031 agnorm=0.041 cgnorm=0.051 kl=0.0027 clipf=0.019 ev=+0.615 r0=1.0000 entcoef=7.81e-03 lr=5.3e-04 seed=3
iter= 153 step= 492800 ep_ret=-659.658 opt_ret=-659.658 step_rew=-6.5966 opt_step=-6.5966 gap0=659.658 dret=+14.634 eval_ret=n/a pursuer_target_distance=3.571 capture=0.000 score=0.000 pol=-0.0009 val=0.0160 ent=1.5403 tot=-0.0049 agnorm=0.038 cgnorm=0.046 kl=0.0020 clipf=0.012 ev=+0.545 r0=1.0000 entcoef=7.79e-03 lr=5.3e-04 seed=3
iter= 154 step= 496000 ep_ret=-614.198 opt_ret=-614.198 step_rew=-6.1420 opt_step=-6.1420 gap0=614.198 dret=+60.094 eval_ret=n/a pursuer_target_distance=3.262 capture=0.000 score=0.000 pol=-0.0005 val=0.0160 ent=1.5485 tot=-0.0045 agnorm=0.023 cgnorm=0.050 kl=0.0017 clipf=0.003 ev=+0.571 r0=1.0000 entcoef=7.78e-03 lr=5.3e-04 seed=3
iter= 155 step= 499200 ep_ret=-667.576 opt_ret=-667.576 step_rew=-6.6758 opt_step=-6.6758 gap0=667.576 dret=+6.716 eval_ret=n/a pursuer_target_distance=3.549 capture=0.000 score=0.000 pol=-0.0007 val=0.0176 ent=1.5518 tot=-0.0039 agnorm=0.026 cgnorm=0.049 kl=0.0007 clipf=0.000 ev=+0.561 r0=1.0000 entcoef=7.76e-03 lr=5.3e-04 seed=3
iter= 156 step= 502400 ep_ret=-622.838 opt_ret=-622.838 step_rew=-6.2284 opt_step=-6.2284 gap0=622.838 dret=+51.453 eval_ret=n/a pursuer_target_distance=3.651 capture=0.000 score=0.000 pol=-0.0008 val=0.0175 ent=1.5422 tot=-0.0040 agnorm=0.024 cgnorm=0.050 kl=0.0013 clipf=0.003 ev=+0.428 r0=1.0000 entcoef=7.75e-03 lr=5.3e-04 seed=3
iter= 157 step= 505600 ep_ret=-649.321 opt_ret=-649.321 step_rew=-6.4932 opt_step=-6.4932 gap0=649.321 dret=+24.971 eval_ret=n/a pursuer_target_distance=3.563 capture=0.000 score=0.000 pol=-0.0006 val=0.0160 ent=1.5424 tot=-0.0046 agnorm=0.027 cgnorm=0.044 kl=0.0011 clipf=0.001 ev=+0.547 r0=1.0000 entcoef=7.74e-03 lr=5.3e-04 seed=3
iter= 158 step= 508800 ep_ret=-609.776 opt_ret=-609.776 step_rew=-6.0978 opt_step=-6.0978 gap0=609.776 dret=+64.515 eval_ret=n/a pursuer_target_distance=2.968 capture=0.000 score=0.000 pol=-0.0007 val=0.0162 ent=1.5375 tot=-0.0045 agnorm=0.043 cgnorm=0.048 kl=0.0015 clipf=0.009 ev=+0.625 r0=1.0000 entcoef=7.72e-03 lr=5.3e-04 seed=3
iter= 159 step= 512000 ep_ret=-676.512 opt_ret=-676.512 step_rew=-6.7651 opt_step=-6.7651 gap0=676.512 dret=-2.221 eval_ret=n/a pursuer_target_distance=3.554 capture=0.000 score=0.000 pol=-0.0005 val=0.0200 ent=1.5400 tot=-0.0024 agnorm=0.022 cgnorm=0.050 kl=0.0010 clipf=0.002 ev=+0.624 r0=1.0000 entcoef=7.71e-03 lr=5.2e-04 seed=3
iter= 160 step= 515200 ep_ret=-680.042 opt_ret=-680.042 step_rew=-6.8004 opt_step=-6.8004 gap0=680.042 dret=-5.750 eval_ret=-512.111 pursuer_target_distance=3.602 capture=0.000 score=0.000 pol=-0.0007 val=0.0246 ent=1.5400 tot=-0.0002 agnorm=0.024 cgnorm=0.053 kl=0.0009 clipf=0.000 ev=+0.540 r0=1.0000 entcoef=7.69e-03 lr=5.2e-04 seed=3
iter= 161 step= 518400 ep_ret=-651.717 opt_ret=-651.717 step_rew=-6.5172 opt_step=-6.5172 gap0=651.717 dret=+22.575 eval_ret=n/a pursuer_target_distance=3.789 capture=0.000 score=0.000 pol=-0.0007 val=0.0223 ent=1.5373 tot=-0.0013 agnorm=0.029 cgnorm=0.051 kl=0.0012 clipf=0.003 ev=+0.480 r0=1.0000 entcoef=7.68e-03 lr=5.2e-04 seed=3
iter= 162 step= 521600 ep_ret=-713.579 opt_ret=-713.579 step_rew=-7.1358 opt_step=-7.1358 gap0=713.579 dret=-39.287 eval_ret=n/a pursuer_target_distance=3.831 capture=0.000 score=0.000 pol=-0.0006 val=0.0262 ent=1.5440 tot=+0.0007 agnorm=0.027 cgnorm=0.053 kl=0.0009 clipf=0.004 ev=+0.607 r0=1.0000 entcoef=7.66e-03 lr=5.2e-04 seed=3
iter= 163 step= 524800 ep_ret=-655.708 opt_ret=-655.708 step_rew=-6.5571 opt_step=-6.5571 gap0=655.708 dret=+18.583 eval_ret=n/a pursuer_target_distance=3.590 capture=0.000 score=0.000 pol=-0.0006 val=0.0372 ent=1.5486 tot=+0.0061 agnorm=0.026 cgnorm=0.073 kl=0.0005 clipf=0.000 ev=+0.480 r0=1.0000 entcoef=7.65e-03 lr=5.2e-04 seed=3
iter= 164 step= 528000 ep_ret=-697.890 opt_ret=-697.890 step_rew=-6.9789 opt_step=-6.9789 gap0=697.890 dret=-23.598 eval_ret=n/a pursuer_target_distance=4.373 capture=0.000 score=0.000 pol=-0.0006 val=0.0208 ent=1.5382 tot=-0.0020 agnorm=0.026 cgnorm=0.061 kl=0.0012 clipf=0.004 ev=+0.337 r0=1.0000 entcoef=7.63e-03 lr=5.2e-04 seed=3
iter= 165 step= 531200 ep_ret=-743.997 opt_ret=-743.997 step_rew=-7.4400 opt_step=-7.4400 gap0=743.997 dret=-69.705 eval_ret=n/a pursuer_target_distance=4.432 capture=0.000 score=0.000 pol=-0.0007 val=0.0209 ent=1.5203 tot=-0.0018 agnorm=0.029 cgnorm=0.053 kl=0.0008 clipf=0.001 ev=+0.577 r0=1.0000 entcoef=7.62e-03 lr=5.2e-04 seed=3
iter= 166 step= 534400 ep_ret=-662.672 opt_ret=-662.672 step_rew=-6.6267 opt_step=-6.6267 gap0=662.672 dret=+11.619 eval_ret=n/a pursuer_target_distance=3.109 capture=0.000 score=0.000 pol=-0.0005 val=0.0185 ent=1.5120 tot=-0.0028 agnorm=0.035 cgnorm=0.044 kl=0.0009 clipf=0.004 ev=+0.637 r0=1.0000 entcoef=7.61e-03 lr=5.2e-04 seed=3
iter= 167 step= 537600 ep_ret=-683.808 opt_ret=-683.808 step_rew=-6.8381 opt_step=-6.8381 gap0=683.808 dret=-9.517 eval_ret=n/a pursuer_target_distance=3.552 capture=0.000 score=0.000 pol=-0.0006 val=0.0217 ent=1.5132 tot=-0.0013 agnorm=0.029 cgnorm=0.047 kl=0.0010 clipf=0.001 ev=+0.449 r0=1.0000 entcoef=7.59e-03 lr=5.2e-04 seed=3
iter= 168 step= 540800 ep_ret=-676.635 opt_ret=-676.635 step_rew=-6.7664 opt_step=-6.7664 gap0=676.635 dret=-2.343 eval_ret=n/a pursuer_target_distance=3.465 capture=0.000 score=0.000 pol=-0.0006 val=0.0174 ent=1.5194 tot=-0.0034 agnorm=0.025 cgnorm=0.046 kl=0.0011 clipf=0.001 ev=+0.612 r0=1.0000 entcoef=7.58e-03 lr=5.1e-04 seed=3
iter= 169 step= 544000 ep_ret=-716.695 opt_ret=-716.695 step_rew=-7.1669 opt_step=-7.1669 gap0=716.695 dret=-42.403 eval_ret=n/a pursuer_target_distance=4.331 capture=0.000 score=0.000 pol=-0.0006 val=0.0228 ent=1.5137 tot=-0.0007 agnorm=0.032 cgnorm=0.050 kl=0.0014 clipf=0.007 ev=+0.468 r0=1.0000 entcoef=7.56e-03 lr=5.1e-04 seed=3
iter= 170 step= 547200 ep_ret=-775.789 opt_ret=-775.789 step_rew=-7.7579 opt_step=-7.7579 gap0=775.789 dret=-101.497 eval_ret=n/a pursuer_target_distance=4.868 capture=0.000 score=0.000 pol=-0.0010 val=0.0304 ent=1.5200 tot=+0.0027 agnorm=0.047 cgnorm=0.060 kl=0.0021 clipf=0.016 ev=+0.429 r0=1.0000 entcoef=7.55e-03 lr=5.1e-04 seed=3
iter= 171 step= 550400 ep_ret=-702.574 opt_ret=-702.574 step_rew=-7.0257 opt_step=-7.0257 gap0=702.574 dret=-28.282 eval_ret=n/a pursuer_target_distance=3.963 capture=0.000 score=0.000 pol=-0.0006 val=0.0182 ent=1.5216 tot=-0.0030 agnorm=0.038 cgnorm=0.048 kl=0.0019 clipf=0.009 ev=+0.612 r0=1.0000 entcoef=7.53e-03 lr=5.1e-04 seed=3
iter= 172 step= 553600 ep_ret=-666.686 opt_ret=-666.686 step_rew=-6.6669 opt_step=-6.6669 gap0=666.686 dret=+7.606 eval_ret=n/a pursuer_target_distance=3.497 capture=0.000 score=0.000 pol=-0.0008 val=0.0346 ent=1.5334 tot=+0.0049 agnorm=0.034 cgnorm=0.065 kl=0.0014 clipf=0.005 ev=+0.088 r0=1.0000 entcoef=7.52e-03 lr=5.1e-04 seed=3
iter= 173 step= 556800 ep_ret=-711.890 opt_ret=-711.890 step_rew=-7.1189 opt_step=-7.1189 gap0=711.890 dret=-37.598 eval_ret=n/a pursuer_target_distance=4.108 capture=0.000 score=0.000 pol=-0.0006 val=0.0179 ent=1.5378 tot=-0.0032 agnorm=0.036 cgnorm=0.040 kl=0.0012 clipf=0.004 ev=+0.556 r0=1.0000 entcoef=7.50e-03 lr=5.1e-04 seed=3
iter= 174 step= 560000 ep_ret=-777.673 opt_ret=-777.673 step_rew=-7.7767 opt_step=-7.7767 gap0=777.673 dret=-103.381 eval_ret=n/a pursuer_target_distance=4.376 capture=0.000 score=0.000 pol=-0.0009 val=0.0305 ent=1.5413 tot=+0.0028 agnorm=0.036 cgnorm=0.058 kl=0.0021 clipf=0.010 ev=+0.398 r0=1.0000 entcoef=7.49e-03 lr=5.1e-04 seed=3
iter= 175 step= 563200 ep_ret=-667.566 opt_ret=-667.566 step_rew=-6.6757 opt_step=-6.6757 gap0=667.566 dret=+6.726 eval_ret=n/a pursuer_target_distance=3.649 capture=0.000 score=0.000 pol=-0.0007 val=0.0175 ent=1.5473 tot=-0.0035 agnorm=0.028 cgnorm=0.047 kl=0.0012 clipf=0.002 ev=+0.550 r0=1.0000 entcoef=7.48e-03 lr=5.1e-04 seed=3
iter= 176 step= 566400 ep_ret=-578.124 opt_ret=-578.124 step_rew=-5.7812 opt_step=-5.7812 gap0=578.124 dret=+96.168 eval_ret=n/a pursuer_target_distance=3.113 capture=0.000 score=0.000 pol=-0.0010 val=0.0274 ent=1.5496 tot=+0.0011 agnorm=0.043 cgnorm=0.062 kl=0.0015 clipf=0.006 ev=+0.389 r0=1.0000 entcoef=7.46e-03 lr=5.1e-04 seed=3
iter= 177 step= 569600 ep_ret=-668.782 opt_ret=-668.782 step_rew=-6.6878 opt_step=-6.6878 gap0=668.782 dret=+5.510 eval_ret=n/a pursuer_target_distance=3.663 capture=0.000 score=0.000 pol=-0.0004 val=0.0150 ent=1.5492 tot=-0.0045 agnorm=0.029 cgnorm=0.043 kl=0.0014 clipf=0.001 ev=+0.539 r0=1.0000 entcoef=7.45e-03 lr=5.0e-04 seed=3
iter= 178 step= 572800 ep_ret=-761.640 opt_ret=-761.640 step_rew=-7.6164 opt_step=-7.6164 gap0=761.640 dret=-87.348 eval_ret=n/a pursuer_target_distance=4.292 capture=0.000 score=0.000 pol=-0.0006 val=0.0452 ent=1.5447 tot=+0.0105 agnorm=0.040 cgnorm=0.076 kl=0.0009 clipf=0.003 ev=+0.311 r0=1.0000 entcoef=7.43e-03 lr=5.0e-04 seed=3
iter= 179 step= 576000 ep_ret=-656.994 opt_ret=-656.994 step_rew=-6.5699 opt_step=-6.5699 gap0=656.994 dret=+17.297 eval_ret=n/a pursuer_target_distance=3.509 capture=0.000 score=0.000 pol=-0.0012 val=0.0229 ent=1.5468 tot=-0.0012 agnorm=0.048 cgnorm=0.057 kl=0.0026 clipf=0.019 ev=+0.388 r0=1.0000 entcoef=7.42e-03 lr=5.0e-04 seed=3
iter= 180 step= 579200 ep_ret=-642.894 opt_ret=-642.894 step_rew=-6.4289 opt_step=-6.4289 gap0=642.894 dret=+31.398 eval_ret=-670.196 pursuer_target_distance=3.527 capture=0.000 score=0.000 pol=-0.0009 val=0.0201 ent=1.5471 tot=-0.0023 agnorm=0.039 cgnorm=0.043 kl=0.0020 clipf=0.016 ev=+0.464 r0=1.0000 entcoef=7.40e-03 lr=5.0e-04 seed=3
iter= 181 step= 582400 ep_ret=-667.389 opt_ret=-667.389 step_rew=-6.6739 opt_step=-6.6739 gap0=667.389 dret=+6.902 eval_ret=n/a pursuer_target_distance=3.840 capture=0.000 score=0.000 pol=-0.0006 val=0.0187 ent=1.5561 tot=-0.0028 agnorm=0.031 cgnorm=0.040 kl=0.0014 clipf=0.009 ev=+0.486 r0=1.0000 entcoef=7.39e-03 lr=5.0e-04 seed=3
iter= 182 step= 585600 ep_ret=-631.297 opt_ret=-631.297 step_rew=-6.3130 opt_step=-6.3130 gap0=631.297 dret=+42.995 eval_ret=n/a pursuer_target_distance=3.454 capture=0.000 score=0.000 pol=-0.0009 val=0.0231 ent=1.5494 tot=-0.0008 agnorm=0.051 cgnorm=0.052 kl=0.0013 clipf=0.010 ev=+0.486 r0=1.0000 entcoef=7.37e-03 lr=5.0e-04 seed=3
iter= 183 step= 588800 ep_ret=-753.674 opt_ret=-753.674 step_rew=-7.5367 opt_step=-7.5367 gap0=753.674 dret=-79.382 eval_ret=n/a pursuer_target_distance=3.983 capture=0.000 score=0.000 pol=-0.0006 val=0.0225 ent=1.5425 tot=-0.0007 agnorm=0.030 cgnorm=0.046 kl=0.0005 clipf=0.000 ev=+0.469 r0=1.0000 entcoef=7.36e-03 lr=5.0e-04 seed=3
iter= 184 step= 592000 ep_ret=-698.668 opt_ret=-698.668 step_rew=-6.9867 opt_step=-6.9867 gap0=698.668 dret=-24.377 eval_ret=n/a pursuer_target_distance=3.959 capture=0.000 score=0.000 pol=-0.0009 val=0.0204 ent=1.5408 tot=-0.0020 agnorm=0.037 cgnorm=0.041 kl=0.0016 clipf=0.005 ev=+0.506 r0=1.0000 entcoef=7.35e-03 lr=5.0e-04 seed=3
iter= 185 step= 595200 ep_ret=-662.565 opt_ret=-662.565 step_rew=-6.6256 opt_step=-6.6256 gap0=662.565 dret=+11.727 eval_ret=n/a pursuer_target_distance=3.446 capture=0.000 score=0.000 pol=-0.0006 val=0.0139 ent=1.5477 tot=-0.0050 agnorm=0.025 cgnorm=0.039 kl=0.0015 clipf=0.004 ev=+0.677 r0=1.0000 entcoef=7.33e-03 lr=5.0e-04 seed=3
iter= 186 step= 598400 ep_ret=-698.237 opt_ret=-698.237 step_rew=-6.9824 opt_step=-6.9824 gap0=698.237 dret=-23.945 eval_ret=n/a pursuer_target_distance=3.563 capture=0.000 score=0.000 pol=-0.0005 val=0.0159 ent=1.5513 tot=-0.0039 agnorm=0.027 cgnorm=0.041 kl=0.0008 clipf=0.000 ev=+0.541 r0=1.0000 entcoef=7.32e-03 lr=4.9e-04 seed=3
iter= 187 step= 601600 ep_ret=-699.106 opt_ret=-699.106 step_rew=-6.9911 opt_step=-6.9911 gap0=699.106 dret=-24.815 eval_ret=n/a pursuer_target_distance=4.033 capture=0.000 score=0.000 pol=-0.0003 val=0.0348 ent=1.5609 tot=+0.0057 agnorm=0.023 cgnorm=0.052 kl=0.0007 clipf=0.000 ev=+0.190 r0=1.0000 entcoef=7.30e-03 lr=4.9e-04 seed=3
iter= 188 step= 604800 ep_ret=-684.361 opt_ret=-684.361 step_rew=-6.8436 opt_step=-6.8436 gap0=684.361 dret=-10.070 eval_ret=n/a pursuer_target_distance=3.867 capture=0.000 score=0.000 pol=-0.0005 val=0.0328 ent=1.5639 tot=+0.0045 agnorm=0.030 cgnorm=0.055 kl=0.0007 clipf=0.000 ev=+0.272 r0=1.0000 entcoef=7.29e-03 lr=4.9e-04 seed=3
iter= 189 step= 608000 ep_ret=-688.516 opt_ret=-688.516 step_rew=-6.8852 opt_step=-6.8852 gap0=688.516 dret=-14.224 eval_ret=n/a pursuer_target_distance=4.192 capture=0.000 score=0.000 pol=-0.0006 val=0.0184 ent=1.5532 tot=-0.0028 agnorm=0.030 cgnorm=0.043 kl=0.0011 clipf=0.000 ev=+0.591 r0=1.0000 entcoef=7.27e-03 lr=4.9e-04 seed=3
iter= 190 step= 611200 ep_ret=-732.505 opt_ret=-732.505 step_rew=-7.3250 opt_step=-7.3250 gap0=732.505 dret=-58.213 eval_ret=n/a pursuer_target_distance=4.186 capture=0.000 score=0.000 pol=-0.0006 val=0.0448 ent=1.5379 tot=+0.0107 agnorm=0.032 cgnorm=0.062 kl=0.0008 clipf=0.000 ev=+0.242 r0=1.0000 entcoef=7.26e-03 lr=4.9e-04 seed=3
iter= 191 step= 614400 ep_ret=-666.050 opt_ret=-666.050 step_rew=-6.6605 opt_step=-6.6605 gap0=666.050 dret=+8.241 eval_ret=n/a pursuer_target_distance=3.843 capture=0.000 score=0.000 pol=-0.0009 val=0.0278 ent=1.5319 tot=+0.0019 agnorm=0.037 cgnorm=0.054 kl=0.0014 clipf=0.009 ev=+0.241 r0=1.0000 entcoef=7.25e-03 lr=4.9e-04 seed=3
iter= 192 step= 617600 ep_ret=-680.861 opt_ret=-680.861 step_rew=-6.8086 opt_step=-6.8086 gap0=680.861 dret=-6.569 eval_ret=n/a pursuer_target_distance=3.813 capture=0.000 score=0.000 pol=-0.0007 val=0.0288 ent=1.5365 tot=+0.0026 agnorm=0.039 cgnorm=0.055 kl=0.0014 clipf=0.013 ev=+0.419 r0=1.0000 entcoef=7.23e-03 lr=4.9e-04 seed=3
iter= 193 step= 620800 ep_ret=-670.198 opt_ret=-670.198 step_rew=-6.7020 opt_step=-6.7020 gap0=670.198 dret=+4.094 eval_ret=n/a pursuer_target_distance=3.739 capture=0.000 score=0.000 pol=-0.0004 val=0.0196 ent=1.5400 tot=-0.0018 agnorm=0.032 cgnorm=0.040 kl=0.0013 clipf=0.011 ev=+0.492 r0=1.0000 entcoef=7.22e-03 lr=4.9e-04 seed=3
iter= 194 step= 624000 ep_ret=-739.089 opt_ret=-739.089 step_rew=-7.3909 opt_step=-7.3909 gap0=739.089 dret=-64.797 eval_ret=n/a pursuer_target_distance=4.341 capture=0.000 score=0.000 pol=-0.0003 val=0.0349 ent=1.5508 tot=+0.0060 agnorm=0.026 cgnorm=0.064 kl=0.0006 clipf=0.000 ev=+0.437 r0=1.0000 entcoef=7.20e-03 lr=4.9e-04 seed=3
iter= 195 step= 627200 ep_ret=-654.825 opt_ret=-654.825 step_rew=-6.5483 opt_step=-6.5483 gap0=654.825 dret=+19.467 eval_ret=n/a pursuer_target_distance=3.479 capture=0.000 score=0.000 pol=-0.0007 val=0.0216 ent=1.5558 tot=-0.0011 agnorm=0.026 cgnorm=0.048 kl=0.0009 clipf=0.000 ev=+0.535 r0=1.0000 entcoef=7.19e-03 lr=4.8e-04 seed=3
iter= 196 step= 630400 ep_ret=-666.422 opt_ret=-666.422 step_rew=-6.6642 opt_step=-6.6642 gap0=666.422 dret=+7.870 eval_ret=n/a pursuer_target_distance=3.473 capture=0.000 score=0.000 pol=-0.0005 val=0.0263 ent=1.5577 tot=+0.0015 agnorm=0.032 cgnorm=0.058 kl=0.0010 clipf=0.004 ev=+0.336 r0=1.0000 entcoef=7.17e-03 lr=4.8e-04 seed=3
iter= 197 step= 633600 ep_ret=-723.172 opt_ret=-723.172 step_rew=-7.2317 opt_step=-7.2317 gap0=723.172 dret=-48.880 eval_ret=n/a pursuer_target_distance=4.150 capture=0.000 score=0.000 pol=-0.0008 val=0.0283 ent=1.5553 tot=+0.0022 agnorm=0.034 cgnorm=0.057 kl=0.0012 clipf=0.004 ev=+0.467 r0=1.0000 entcoef=7.16e-03 lr=4.8e-04 seed=3
iter= 198 step= 636800 ep_ret=-574.851 opt_ret=-574.851 step_rew=-5.7485 opt_step=-5.7485 gap0=574.851 dret=+99.441 eval_ret=n/a pursuer_target_distance=3.135 capture=0.000 score=0.000 pol=-0.0011 val=0.0253 ent=1.5435 tot=+0.0005 agnorm=0.037 cgnorm=0.057 kl=0.0017 clipf=0.004 ev=+0.298 r0=1.0000 entcoef=7.14e-03 lr=4.8e-04 seed=3
iter= 199 step= 640000 ep_ret=-672.816 opt_ret=-672.816 step_rew=-6.7282 opt_step=-6.7282 gap0=672.816 dret=+1.476 eval_ret=n/a pursuer_target_distance=3.717 capture=0.000 score=0.000 pol=-0.0006 val=0.0191 ent=1.5296 tot=-0.0020 agnorm=0.039 cgnorm=0.049 kl=0.0016 clipf=0.008 ev=+0.517 r0=1.0000 entcoef=7.13e-03 lr=4.8e-04 seed=3
iter= 200 step= 643200 ep_ret=-653.999 opt_ret=-653.999 step_rew=-6.5400 opt_step=-6.5400 gap0=653.999 dret=+20.293 eval_ret=-500.857 pursuer_target_distance=3.866 capture=0.000 score=0.000 pol=-0.0009 val=0.0227 ent=1.5325 tot=-0.0004 agnorm=0.033 cgnorm=0.045 kl=0.0016 clipf=0.004 ev=+0.487 r0=1.0000 entcoef=7.12e-03 lr=4.8e-04 seed=3
iter= 201 step= 646400 ep_ret=-711.853 opt_ret=-711.853 step_rew=-7.1185 opt_step=-7.1185 gap0=711.853 dret=-37.561 eval_ret=n/a pursuer_target_distance=3.902 capture=0.000 score=0.000 pol=-0.0004 val=0.0282 ent=1.5051 tot=+0.0030 agnorm=0.030 cgnorm=0.054 kl=0.0007 clipf=0.000 ev=+0.460 r0=1.0000 entcoef=7.10e-03 lr=4.8e-04 seed=3
iter= 202 step= 649600 ep_ret=-713.715 opt_ret=-713.715 step_rew=-7.1371 opt_step=-7.1371 gap0=713.715 dret=-39.423 eval_ret=n/a pursuer_target_distance=4.398 capture=0.000 score=0.000 pol=-0.0009 val=0.0213 ent=1.4990 tot=-0.0009 agnorm=0.036 cgnorm=0.048 kl=0.0013 clipf=0.002 ev=+0.358 r0=1.0000 entcoef=7.09e-03 lr=4.8e-04 seed=3
iter= 203 step= 652800 ep_ret=-614.839 opt_ret=-614.839 step_rew=-6.1484 opt_step=-6.1484 gap0=614.839 dret=+59.453 eval_ret=n/a pursuer_target_distance=3.492 capture=0.000 score=0.000 pol=-0.0006 val=0.0277 ent=1.4791 tot=+0.0028 agnorm=0.031 cgnorm=0.055 kl=0.0011 clipf=0.002 ev=+0.489 r0=1.0000 entcoef=7.07e-03 lr=4.8e-04 seed=3
iter= 204 step= 656000 ep_ret=-641.535 opt_ret=-641.535 step_rew=-6.4153 opt_step=-6.4153 gap0=641.535 dret=+32.757 eval_ret=n/a pursuer_target_distance=3.611 capture=0.000 score=0.000 pol=-0.0005 val=0.0197 ent=1.4705 tot=-0.0010 agnorm=0.027 cgnorm=0.045 kl=0.0011 clipf=0.002 ev=+0.494 r0=1.0000 entcoef=7.06e-03 lr=4.7e-04 seed=3
iter= 205 step= 659200 ep_ret=-593.032 opt_ret=-593.032 step_rew=-5.9303 opt_step=-5.9303 gap0=593.032 dret=+81.260 eval_ret=n/a pursuer_target_distance=3.164 capture=0.000 score=0.000 pol=-0.0007 val=0.0230 ent=1.4710 tot=+0.0004 agnorm=0.025 cgnorm=0.054 kl=0.0010 clipf=0.000 ev=+0.356 r0=1.0000 entcoef=7.04e-03 lr=4.7e-04 seed=3
iter= 206 step= 662400 ep_ret=-629.205 opt_ret=-629.205 step_rew=-6.2920 opt_step=-6.2920 gap0=629.205 dret=+45.087 eval_ret=n/a pursuer_target_distance=3.746 capture=0.000 score=0.000 pol=-0.0007 val=0.0290 ent=1.4715 tot=+0.0034 agnorm=0.027 cgnorm=0.061 kl=0.0020 clipf=0.007 ev=+0.468 r0=1.0000 entcoef=7.03e-03 lr=4.7e-04 seed=3
iter= 207 step= 665600 ep_ret=-664.219 opt_ret=-664.219 step_rew=-6.6422 opt_step=-6.6422 gap0=664.219 dret=+10.072 eval_ret=n/a pursuer_target_distance=4.034 capture=0.000 score=0.000 pol=-0.0007 val=0.0248 ent=1.4819 tot=+0.0013 agnorm=0.028 cgnorm=0.048 kl=0.0007 clipf=0.000 ev=+0.448 r0=1.0000 entcoef=7.01e-03 lr=4.7e-04 seed=3
iter= 208 step= 668800 ep_ret=-655.093 opt_ret=-655.093 step_rew=-6.5509 opt_step=-6.5509 gap0=655.093 dret=+19.199 eval_ret=n/a pursuer_target_distance=3.626 capture=0.000 score=0.000 pol=-0.0007 val=0.0230 ent=1.5048 tot=+0.0002 agnorm=0.035 cgnorm=0.052 kl=0.0018 clipf=0.013 ev=+0.538 r0=1.0000 entcoef=7.00e-03 lr=4.7e-04 seed=3
iter= 209 step= 672000 ep_ret=-687.104 opt_ret=-687.104 step_rew=-6.8710 opt_step=-6.8710 gap0=687.104 dret=-12.812 eval_ret=n/a pursuer_target_distance=3.525 capture=0.000 score=0.000 pol=-0.0008 val=0.0235 ent=1.4888 tot=+0.0005 agnorm=0.029 cgnorm=0.047 kl=0.0017 clipf=0.005 ev=+0.540 r0=1.0000 entcoef=6.99e-03 lr=4.7e-04 seed=3
iter= 210 step= 675200 ep_ret=-664.132 opt_ret=-664.132 step_rew=-6.6413 opt_step=-6.6413 gap0=664.132 dret=+10.159 eval_ret=n/a pursuer_target_distance=4.051 capture=0.000 score=0.000 pol=-0.0008 val=0.0430 ent=1.4833 tot=+0.0104 agnorm=0.028 cgnorm=0.074 kl=0.0014 clipf=0.002 ev=+0.467 r0=1.0000 entcoef=6.97e-03 lr=4.7e-04 seed=3
iter= 211 step= 678400 ep_ret=-592.940 opt_ret=-592.940 step_rew=-5.9294 opt_step=-5.9294 gap0=592.940 dret=+81.352 eval_ret=n/a pursuer_target_distance=3.410 capture=0.000 score=0.000 pol=-0.0008 val=0.0278 ent=1.4751 tot=+0.0028 agnorm=0.045 cgnorm=0.066 kl=0.0020 clipf=0.009 ev=+0.384 r0=1.0000 entcoef=6.96e-03 lr=4.7e-04 seed=3
iter= 212 step= 681600 ep_ret=-666.108 opt_ret=-666.108 step_rew=-6.6611 opt_step=-6.6611 gap0=666.108 dret=+8.184 eval_ret=n/a pursuer_target_distance=3.929 capture=0.000 score=0.000 pol=-0.0006 val=0.0263 ent=1.4754 tot=+0.0023 agnorm=0.030 cgnorm=0.049 kl=0.0016 clipf=0.008 ev=+0.445 r0=1.0000 entcoef=6.94e-03 lr=4.7e-04 seed=3
iter= 213 step= 684800 ep_ret=-661.005 opt_ret=-661.005 step_rew=-6.6100 opt_step=-6.6100 gap0=661.005 dret=+13.287 eval_ret=n/a pursuer_target_distance=3.680 capture=0.000 score=0.000 pol=-0.0007 val=0.0364 ent=1.4677 tot=+0.0073 agnorm=0.031 cgnorm=0.073 kl=0.0016 clipf=0.005 ev=+0.402 r0=1.0000 entcoef=6.93e-03 lr=4.6e-04 seed=3
iter= 214 step= 688000 ep_ret=-593.176 opt_ret=-593.176 step_rew=-5.9318 opt_step=-5.9318 gap0=593.176 dret=+81.116 eval_ret=n/a pursuer_target_distance=2.943 capture=0.000 score=0.000 pol=-0.0011 val=0.0271 ent=1.4622 tot=+0.0024 agnorm=0.042 cgnorm=0.058 kl=0.0015 clipf=0.009 ev=+0.470 r0=1.0000 entcoef=6.91e-03 lr=4.6e-04 seed=3
iter= 215 step= 691200 ep_ret=-665.806 opt_ret=-665.806 step_rew=-6.6581 opt_step=-6.6581 gap0=665.806 dret=+8.486 eval_ret=n/a pursuer_target_distance=3.865 capture=0.000 score=0.000 pol=-0.0008 val=0.0272 ent=1.4647 tot=+0.0027 agnorm=0.035 cgnorm=0.052 kl=0.0022 clipf=0.016 ev=+0.432 r0=1.0000 entcoef=6.90e-03 lr=4.6e-04 seed=3
iter= 216 step= 694400 ep_ret=-606.691 opt_ret=-606.691 step_rew=-6.0669 opt_step=-6.0669 gap0=606.691 dret=+67.601 eval_ret=n/a pursuer_target_distance=3.471 capture=0.000 score=0.000 pol=-0.0004 val=0.0292 ent=1.4927 tot=+0.0040 agnorm=0.029 cgnorm=0.054 kl=0.0012 clipf=0.000 ev=+0.310 r0=1.0000 entcoef=6.88e-03 lr=4.6e-04 seed=3
iter= 217 step= 697600 ep_ret=-673.630 opt_ret=-673.630 step_rew=-6.7363 opt_step=-6.7363 gap0=673.630 dret=+0.662 eval_ret=n/a pursuer_target_distance=3.793 capture=0.000 score=0.000 pol=-0.0007 val=0.0196 ent=1.4825 tot=-0.0011 agnorm=0.028 cgnorm=0.046 kl=0.0012 clipf=0.002 ev=+0.661 r0=1.0000 entcoef=6.87e-03 lr=4.6e-04 seed=3
iter= 218 step= 700800 ep_ret=-719.980 opt_ret=-719.980 step_rew=-7.1998 opt_step=-7.1998 gap0=719.980 dret=-45.688 eval_ret=n/a pursuer_target_distance=3.849 capture=0.000 score=0.000 pol=-0.0008 val=0.0336 ent=1.4849 tot=+0.0058 agnorm=0.033 cgnorm=0.065 kl=0.0008 clipf=0.000 ev=+0.525 r0=1.0000 entcoef=6.86e-03 lr=4.6e-04 seed=3
iter= 219 step= 704000 ep_ret=-608.199 opt_ret=-608.199 step_rew=-6.0820 opt_step=-6.0820 gap0=608.199 dret=+66.093 eval_ret=n/a pursuer_target_distance=3.446 capture=0.000 score=0.000 pol=-0.0008 val=0.0300 ent=1.4883 tot=+0.0040 agnorm=0.044 cgnorm=0.058 kl=0.0023 clipf=0.015 ev=+0.614 r0=1.0000 entcoef=6.84e-03 lr=4.6e-04 seed=3
iter= 220 step= 707200 ep_ret=-613.609 opt_ret=-613.609 step_rew=-6.1361 opt_step=-6.1361 gap0=613.609 dret=+60.683 eval_ret=-536.555 pursuer_target_distance=3.318 capture=0.000 score=0.000 pol=-0.0008 val=0.0246 ent=1.4704 tot=+0.0015 agnorm=0.029 cgnorm=0.057 kl=0.0011 clipf=0.000 ev=+0.629 r0=1.0000 entcoef=6.83e-03 lr=4.6e-04 seed=3
iter= 221 step= 710400 ep_ret=-667.133 opt_ret=-667.133 step_rew=-6.6713 opt_step=-6.6713 gap0=667.133 dret=+7.159 eval_ret=n/a pursuer_target_distance=4.063 capture=0.000 score=0.000 pol=-0.0008 val=0.0279 ent=1.4674 tot=+0.0031 agnorm=0.033 cgnorm=0.059 kl=0.0015 clipf=0.004 ev=+0.566 r0=1.0000 entcoef=6.81e-03 lr=4.6e-04 seed=3
iter= 222 step= 713600 ep_ret=-598.361 opt_ret=-598.361 step_rew=-5.9836 opt_step=-5.9836 gap0=598.361 dret=+75.930 eval_ret=n/a pursuer_target_distance=3.399 capture=0.000 score=0.000 pol=-0.0005 val=0.0307 ent=1.4546 tot=+0.0050 agnorm=0.026 cgnorm=0.059 kl=0.0009 clipf=0.003 ev=+0.534 r0=1.0000 entcoef=6.80e-03 lr=4.5e-04 seed=3
iter= 223 step= 716800 ep_ret=-612.703 opt_ret=-612.703 step_rew=-6.1270 opt_step=-6.1270 gap0=612.703 dret=+61.589 eval_ret=n/a pursuer_target_distance=3.459 capture=0.000 score=0.000 pol=-0.0006 val=0.0302 ent=1.4631 tot=+0.0046 agnorm=0.028 cgnorm=0.061 kl=0.0008 clipf=0.000 ev=+0.507 r0=1.0000 entcoef=6.78e-03 lr=4.5e-04 seed=3
iter= 224 step= 720000 ep_ret=-642.810 opt_ret=-642.810 step_rew=-6.4281 opt_step=-6.4281 gap0=642.810 dret=+31.481 eval_ret=n/a pursuer_target_distance=3.829 capture=0.000 score=0.000 pol=-0.0005 val=0.0320 ent=1.4500 tot=+0.0057 agnorm=0.020 cgnorm=0.065 kl=0.0007 clipf=0.000 ev=+0.519 r0=1.0000 entcoef=6.77e-03 lr=4.5e-04 seed=3
iter= 225 step= 723200 ep_ret=-608.105 opt_ret=-608.105 step_rew=-6.0811 opt_step=-6.0811 gap0=608.105 dret=+66.187 eval_ret=n/a pursuer_target_distance=3.181 capture=0.000 score=0.000 pol=-0.0004 val=0.0286 ent=1.4514 tot=+0.0041 agnorm=0.030 cgnorm=0.054 kl=0.0005 clipf=0.001 ev=+0.496 r0=1.0000 entcoef=6.75e-03 lr=4.5e-04 seed=3
iter= 226 step= 726400 ep_ret=-666.159 opt_ret=-666.159 step_rew=-6.6616 opt_step=-6.6616 gap0=666.159 dret=+8.133 eval_ret=n/a pursuer_target_distance=3.549 capture=0.000 score=0.000 pol=-0.0006 val=0.0288 ent=1.4642 tot=+0.0040 agnorm=0.029 cgnorm=0.057 kl=0.0012 clipf=0.005 ev=+0.655 r0=1.0000 entcoef=6.74e-03 lr=4.5e-04 seed=3
iter= 227 step= 729600 ep_ret=-589.331 opt_ret=-589.331 step_rew=-5.8933 opt_step=-5.8933 gap0=589.331 dret=+84.961 eval_ret=n/a pursuer_target_distance=3.303 capture=0.000 score=0.000 pol=-0.0007 val=0.0294 ent=1.4563 tot=+0.0041 agnorm=0.033 cgnorm=0.068 kl=0.0010 clipf=0.003 ev=+0.530 r0=1.0000 entcoef=6.73e-03 lr=4.5e-04 seed=3
iter= 228 step= 732800 ep_ret=-682.198 opt_ret=-682.198 step_rew=-6.8220 opt_step=-6.8220 gap0=682.198 dret=-7.906 eval_ret=n/a pursuer_target_distance=4.106 capture=0.000 score=0.000 pol=-0.0006 val=0.0327 ent=1.4480 tot=+0.0061 agnorm=0.031 cgnorm=0.077 kl=0.0009 clipf=0.000 ev=+0.577 r0=1.0000 entcoef=6.71e-03 lr=4.5e-04 seed=3
iter= 229 step= 736000 ep_ret=-648.399 opt_ret=-648.399 step_rew=-6.4840 opt_step=-6.4840 gap0=648.399 dret=+25.893 eval_ret=n/a pursuer_target_distance=3.500 capture=0.000 score=0.000 pol=-0.0006 val=0.0216 ent=1.4526 tot=+0.0005 agnorm=0.026 cgnorm=0.052 kl=0.0010 clipf=0.000 ev=+0.692 r0=1.0000 entcoef=6.70e-03 lr=4.5e-04 seed=3
iter= 230 step= 739200 ep_ret=-646.732 opt_ret=-646.732 step_rew=-6.4673 opt_step=-6.4673 gap0=646.732 dret=+27.560 eval_ret=n/a pursuer_target_distance=3.508 capture=0.000 score=0.000 pol=-0.0007 val=0.0287 ent=1.4336 tot=+0.0040 agnorm=0.036 cgnorm=0.063 kl=0.0013 clipf=0.007 ev=+0.655 r0=1.0000 entcoef=6.68e-03 lr=4.5e-04 seed=3
iter= 231 step= 742400 ep_ret=-666.418 opt_ret=-666.418 step_rew=-6.6642 opt_step=-6.6642 gap0=666.418 dret=+7.874 eval_ret=n/a pursuer_target_distance=3.827 capture=0.000 score=0.000 pol=-0.0010 val=0.0494 ent=1.4139 tot=+0.0142 agnorm=0.032 cgnorm=0.086 kl=0.0013 clipf=0.003 ev=+0.261 r0=1.0000 entcoef=6.67e-03 lr=4.4e-04 seed=3
iter= 232 step= 745600 ep_ret=-636.296 opt_ret=-636.296 step_rew=-6.3630 opt_step=-6.3630 gap0=636.296 dret=+37.995 eval_ret=n/a pursuer_target_distance=4.081 capture=0.000 score=0.000 pol=-0.0007 val=0.0233 ent=1.3913 tot=+0.0017 agnorm=0.045 cgnorm=0.057 kl=0.0017 clipf=0.007 ev=+0.740 r0=1.0000 entcoef=6.65e-03 lr=4.4e-04 seed=3
iter= 233 step= 748800 ep_ret=-633.339 opt_ret=-633.339 step_rew=-6.3334 opt_step=-6.3334 gap0=633.339 dret=+40.953 eval_ret=n/a pursuer_target_distance=3.856 capture=0.000 score=0.000 pol=-0.0003 val=0.0268 ent=1.4125 tot=+0.0037 agnorm=0.031 cgnorm=0.064 kl=0.0008 clipf=0.000 ev=+0.617 r0=1.0000 entcoef=6.64e-03 lr=4.4e-04 seed=3
iter= 234 step= 752000 ep_ret=-642.433 opt_ret=-642.433 step_rew=-6.4243 opt_step=-6.4243 gap0=642.433 dret=+31.858 eval_ret=n/a pursuer_target_distance=3.700 capture=0.000 score=0.000 pol=-0.0006 val=0.0239 ent=1.4066 tot=+0.0020 agnorm=0.031 cgnorm=0.059 kl=0.0012 clipf=0.007 ev=+0.642 r0=1.0000 entcoef=6.62e-03 lr=4.4e-04 seed=3
iter= 235 step= 755200 ep_ret=-646.579 opt_ret=-646.579 step_rew=-6.4658 opt_step=-6.4658 gap0=646.579 dret=+27.712 eval_ret=n/a pursuer_target_distance=3.124 capture=0.000 score=0.000 pol=-0.0009 val=0.0304 ent=1.4238 tot=+0.0049 agnorm=0.045 cgnorm=0.064 kl=0.0023 clipf=0.013 ev=+0.533 r0=1.0000 entcoef=6.61e-03 lr=4.4e-04 seed=3
iter= 236 step= 758400 ep_ret=-640.108 opt_ret=-640.108 step_rew=-6.4011 opt_step=-6.4011 gap0=640.108 dret=+34.184 eval_ret=n/a pursuer_target_distance=3.528 capture=0.000 score=0.000 pol=-0.0007 val=0.0310 ent=1.4274 tot=+0.0053 agnorm=0.046 cgnorm=0.065 kl=0.0016 clipf=0.011 ev=+0.589 r0=1.0000 entcoef=6.60e-03 lr=4.4e-04 seed=3
iter= 237 step= 761600 ep_ret=-689.623 opt_ret=-689.623 step_rew=-6.8962 opt_step=-6.8962 gap0=689.623 dret=-15.331 eval_ret=n/a pursuer_target_distance=4.293 capture=0.000 score=0.000 pol=-0.0008 val=0.0333 ent=1.4288 tot=+0.0065 agnorm=0.038 cgnorm=0.062 kl=0.0013 clipf=0.004 ev=+0.621 r0=1.0000 entcoef=6.58e-03 lr=4.4e-04 seed=3
iter= 238 step= 764800 ep_ret=-656.470 opt_ret=-656.470 step_rew=-6.5647 opt_step=-6.5647 gap0=656.470 dret=+17.821 eval_ret=n/a pursuer_target_distance=3.761 capture=0.000 score=0.000 pol=-0.0008 val=0.0219 ent=1.4155 tot=+0.0008 agnorm=0.035 cgnorm=0.053 kl=0.0023 clipf=0.014 ev=+0.743 r0=1.0000 entcoef=6.57e-03 lr=4.4e-04 seed=3
iter= 239 step= 768000 ep_ret=-623.131 opt_ret=-623.131 step_rew=-6.2313 opt_step=-6.2313 gap0=623.131 dret=+51.160 eval_ret=n/a pursuer_target_distance=3.528 capture=0.000 score=0.000 pol=-0.0005 val=0.0272 ent=1.4019 tot=+0.0039 agnorm=0.033 cgnorm=0.065 kl=0.0012 clipf=0.006 ev=+0.740 r0=1.0000 entcoef=6.55e-03 lr=4.4e-04 seed=3
iter= 240 step= 771200 ep_ret=-633.210 opt_ret=-633.210 step_rew=-6.3321 opt_step=-6.3321 gap0=633.210 dret=+41.082 eval_ret=-686.400 pursuer_target_distance=3.551 capture=0.000 score=0.000 pol=-0.0010 val=0.0364 ent=1.4452 tot=+0.0078 agnorm=0.042 cgnorm=0.063 kl=0.0020 clipf=0.016 ev=+0.614 r0=1.0000 entcoef=6.54e-03 lr=4.3e-04 seed=3
iter= 241 step= 774400 ep_ret=-618.097 opt_ret=-618.097 step_rew=-6.1810 opt_step=-6.1810 gap0=618.097 dret=+56.194 eval_ret=n/a pursuer_target_distance=3.473 capture=0.000 score=0.000 pol=-0.0007 val=0.0241 ent=1.4302 tot=+0.0021 agnorm=0.027 cgnorm=0.056 kl=0.0010 clipf=0.003 ev=+0.753 r0=1.0000 entcoef=6.52e-03 lr=4.3e-04 seed=3
iter= 242 step= 777600 ep_ret=-646.275 opt_ret=-646.275 step_rew=-6.4628 opt_step=-6.4628 gap0=646.275 dret=+28.016 eval_ret=n/a pursuer_target_distance=3.263 capture=0.000 score=0.000 pol=-0.0008 val=0.0312 ent=1.4506 tot=+0.0053 agnorm=0.031 cgnorm=0.071 kl=0.0015 clipf=0.006 ev=+0.700 r0=1.0000 entcoef=6.51e-03 lr=4.3e-04 seed=3
iter= 243 step= 780800 ep_ret=-696.520 opt_ret=-696.520 step_rew=-6.9652 opt_step=-6.9652 gap0=696.520 dret=-22.228 eval_ret=n/a pursuer_target_distance=3.842 capture=0.000 score=0.000 pol=-0.0007 val=0.0360 ent=1.4163 tot=+0.0081 agnorm=0.033 cgnorm=0.077 kl=0.0014 clipf=0.012 ev=+0.696 r0=1.0000 entcoef=6.50e-03 lr=4.3e-04 seed=3
iter= 244 step= 784000 ep_ret=-620.273 opt_ret=-620.273 step_rew=-6.2027 opt_step=-6.2027 gap0=620.273 dret=+54.018 eval_ret=n/a pursuer_target_distance=3.517 capture=0.000 score=0.000 pol=-0.0006 val=0.0286 ent=1.4300 tot=+0.0044 agnorm=0.029 cgnorm=0.070 kl=0.0011 clipf=0.005 ev=+0.651 r0=1.0000 entcoef=6.48e-03 lr=4.3e-04 seed=3
iter= 245 step= 787200 ep_ret=-626.784 opt_ret=-626.784 step_rew=-6.2678 opt_step=-6.2678 gap0=626.784 dret=+47.507 eval_ret=n/a pursuer_target_distance=3.516 capture=0.000 score=0.000 pol=-0.0007 val=0.0261 ent=1.4439 tot=+0.0030 agnorm=0.030 cgnorm=0.068 kl=0.0011 clipf=0.003 ev=+0.735 r0=1.0000 entcoef=6.47e-03 lr=4.3e-04 seed=3
iter= 246 step= 790400 ep_ret=-677.775 opt_ret=-677.775 step_rew=-6.7778 opt_step=-6.7778 gap0=677.775 dret=-3.484 eval_ret=n/a pursuer_target_distance=3.298 capture=0.000 score=0.000 pol=-0.0006 val=0.0276 ent=1.4585 tot=+0.0038 agnorm=0.032 cgnorm=0.072 kl=0.0009 clipf=0.002 ev=+0.664 r0=1.0000 entcoef=6.45e-03 lr=4.3e-04 seed=3
iter= 247 step= 793600 ep_ret=-712.167 opt_ret=-712.167 step_rew=-7.1217 opt_step=-7.1217 gap0=712.167 dret=-37.876 eval_ret=n/a pursuer_target_distance=4.289 capture=0.000 score=0.000 pol=-0.0004 val=0.0356 ent=1.4402 tot=+0.0082 agnorm=0.027 cgnorm=0.080 kl=0.0008 clipf=0.000 ev=+0.680 r0=1.0000 entcoef=6.44e-03 lr=4.3e-04 seed=3
iter= 248 step= 796800 ep_ret=-691.491 opt_ret=-691.491 step_rew=-6.9149 opt_step=-6.9149 gap0=691.491 dret=-17.199 eval_ret=n/a pursuer_target_distance=3.675 capture=0.000 score=0.000 pol=-0.0007 val=0.0302 ent=1.4446 tot=+0.0051 agnorm=0.038 cgnorm=0.057 kl=0.0014 clipf=0.008 ev=+0.794 r0=1.0000 entcoef=6.42e-03 lr=4.3e-04 seed=3
iter= 249 step= 800000 ep_ret=-741.915 opt_ret=-741.915 step_rew=-7.4191 opt_step=-7.4191 gap0=741.915 dret=-67.623 eval_ret=n/a pursuer_target_distance=4.461 capture=0.000 score=0.000 pol=-0.0010 val=0.0450 ent=1.4497 tot=+0.0122 agnorm=0.047 cgnorm=0.080 kl=0.0019 clipf=0.013 ev=+0.643 r0=1.0000 entcoef=6.41e-03 lr=4.2e-04 seed=3
iter= 250 step= 803200 ep_ret=-644.297 opt_ret=-644.297 step_rew=-6.4430 opt_step=-6.4430 gap0=644.297 dret=+29.995 eval_ret=n/a pursuer_target_distance=3.623 capture=0.000 score=0.000 pol=-0.0006 val=0.0323 ent=1.4521 tot=+0.0063 agnorm=0.024 cgnorm=0.075 kl=0.0016 clipf=0.005 ev=+0.671 r0=1.0000 entcoef=6.39e-03 lr=4.2e-04 seed=3
iter= 251 step= 806400 ep_ret=-605.014 opt_ret=-605.014 step_rew=-6.0501 opt_step=-6.0501 gap0=605.014 dret=+69.277 eval_ret=n/a pursuer_target_distance=2.842 capture=0.000 score=0.000 pol=-0.0009 val=0.0230 ent=1.4681 tot=+0.0012 agnorm=0.034 cgnorm=0.076 kl=0.0015 clipf=0.006 ev=+0.802 r0=1.0000 entcoef=6.38e-03 lr=4.2e-04 seed=3
iter= 252 step= 809600 ep_ret=-610.081 opt_ret=-610.081 step_rew=-6.1008 opt_step=-6.1008 gap0=610.081 dret=+64.211 eval_ret=n/a pursuer_target_distance=3.150 capture=0.000 score=0.000 pol=-0.0009 val=0.0210 ent=1.4660 tot=+0.0003 agnorm=0.029 cgnorm=0.062 kl=0.0014 clipf=0.001 ev=+0.753 r0=1.0000 entcoef=6.37e-03 lr=4.2e-04 seed=3
iter= 253 step= 812800 ep_ret=-662.875 opt_ret=-662.875 step_rew=-6.6287 opt_step=-6.6287 gap0=662.875 dret=+11.417 eval_ret=n/a pursuer_target_distance=3.528 capture=0.000 score=0.000 pol=-0.0007 val=0.0316 ent=1.4781 tot=+0.0057 agnorm=0.027 cgnorm=0.081 kl=0.0021 clipf=0.006 ev=+0.749 r0=1.0000 entcoef=6.35e-03 lr=4.2e-04 seed=3
iter= 254 step= 816000 ep_ret=-746.046 opt_ret=-746.046 step_rew=-7.4605 opt_step=-7.4605 gap0=746.046 dret=-71.754 eval_ret=n/a pursuer_target_distance=3.832 capture=0.000 score=0.000 pol=-0.0012 val=0.0273 ent=1.4721 tot=+0.0031 agnorm=0.038 cgnorm=0.076 kl=0.0016 clipf=0.008 ev=+0.704 r0=1.0000 entcoef=6.34e-03 lr=4.2e-04 seed=3
iter= 255 step= 819200 ep_ret=-774.551 opt_ret=-774.551 step_rew=-7.7455 opt_step=-7.7455 gap0=774.551 dret=-100.259 eval_ret=n/a pursuer_target_distance=4.701 capture=0.000 score=0.000 pol=-0.0008 val=0.0528 ent=1.4814 tot=+0.0163 agnorm=0.047 cgnorm=0.103 kl=0.0019 clipf=0.010 ev=+0.525 r0=1.0000 entcoef=6.32e-03 lr=4.2e-04 seed=3
iter= 256 step= 822400 ep_ret=-744.501 opt_ret=-744.501 step_rew=-7.4450 opt_step=-7.4450 gap0=744.501 dret=-70.209 eval_ret=n/a pursuer_target_distance=4.643 capture=0.000 score=0.000 pol=-0.0008 val=0.0411 ent=1.4766 tot=+0.0104 agnorm=0.040 cgnorm=0.096 kl=0.0023 clipf=0.013 ev=+0.694 r0=1.0000 entcoef=6.31e-03 lr=4.2e-04 seed=3
iter= 257 step= 825600 ep_ret=-709.179 opt_ret=-709.179 step_rew=-7.0918 opt_step=-7.0918 gap0=709.179 dret=-34.887 eval_ret=n/a pursuer_target_distance=3.916 capture=0.000 score=0.000 pol=-0.0006 val=0.0265 ent=1.4952 tot=+0.0032 agnorm=0.032 cgnorm=0.068 kl=0.0015 clipf=0.004 ev=+0.673 r0=1.0000 entcoef=6.29e-03 lr=4.2e-04 seed=3
iter= 258 step= 828800 ep_ret=-674.193 opt_ret=-674.193 step_rew=-6.7419 opt_step=-6.7419 gap0=674.193 dret=+0.099 eval_ret=n/a pursuer_target_distance=3.165 capture=0.000 score=0.000 pol=-0.0008 val=0.0373 ent=1.4845 tot=+0.0085 agnorm=0.039 cgnorm=0.076 kl=0.0013 clipf=0.005 ev=+0.704 r0=1.0000 entcoef=6.28e-03 lr=4.1e-04 seed=3
iter= 259 step= 832000 ep_ret=-710.385 opt_ret=-710.385 step_rew=-7.1038 opt_step=-7.1038 gap0=710.385 dret=-36.093 eval_ret=n/a pursuer_target_distance=3.588 capture=0.000 score=0.000 pol=-0.0010 val=0.0278 ent=1.4701 tot=+0.0037 agnorm=0.031 cgnorm=0.069 kl=0.0011 clipf=0.002 ev=+0.764 r0=1.0000 entcoef=6.26e-03 lr=4.1e-04 seed=3
iter= 260 step= 835200 ep_ret=-591.463 opt_ret=-591.463 step_rew=-5.9146 opt_step=-5.9146 gap0=591.463 dret=+82.829 eval_ret=-540.001 pursuer_target_distance=3.346 capture=0.000 score=0.000 pol=-0.0008 val=0.0186 ent=1.4691 tot=-0.0006 agnorm=0.034 cgnorm=0.059 kl=0.0010 clipf=0.003 ev=+0.761 r0=1.0000 entcoef=6.25e-03 lr=4.1e-04 seed=3
iter= 261 step= 838400 ep_ret=-711.815 opt_ret=-711.815 step_rew=-7.1182 opt_step=-7.1182 gap0=711.815 dret=-37.523 eval_ret=n/a pursuer_target_distance=3.792 capture=0.000 score=0.000 pol=-0.0010 val=0.0241 ent=1.4919 tot=+0.0017 agnorm=0.044 cgnorm=0.063 kl=0.0019 clipf=0.017 ev=+0.776 r0=1.0000 entcoef=6.24e-03 lr=4.1e-04 seed=3
iter= 262 step= 841600 ep_ret=-689.856 opt_ret=-689.856 step_rew=-6.8986 opt_step=-6.8986 gap0=689.856 dret=-15.564 eval_ret=n/a pursuer_target_distance=3.725 capture=0.000 score=0.000 pol=-0.0007 val=0.0372 ent=1.4882 tot=+0.0087 agnorm=0.035 cgnorm=0.076 kl=0.0012 clipf=0.001 ev=+0.624 r0=1.0000 entcoef=6.22e-03 lr=4.1e-04 seed=3
iter= 263 step= 844800 ep_ret=-706.183 opt_ret=-706.183 step_rew=-7.0618 opt_step=-7.0618 gap0=706.183 dret=-31.891 eval_ret=n/a pursuer_target_distance=4.032 capture=0.000 score=0.000 pol=-0.0012 val=0.0341 ent=1.4952 tot=+0.0066 agnorm=0.052 cgnorm=0.078 kl=0.0029 clipf=0.025 ev=+0.693 r0=1.0000 entcoef=6.21e-03 lr=4.1e-04 seed=3
iter= 264 step= 848000 ep_ret=-749.560 opt_ret=-749.560 step_rew=-7.4956 opt_step=-7.4956 gap0=749.560 dret=-75.268 eval_ret=n/a pursuer_target_distance=4.128 capture=0.000 score=0.000 pol=-0.0007 val=0.0312 ent=1.4981 tot=+0.0056 agnorm=0.038 cgnorm=0.070 kl=0.0016 clipf=0.004 ev=+0.674 r0=1.0000 entcoef=6.19e-03 lr=4.1e-04 seed=3
iter= 265 step= 851200 ep_ret=-727.536 opt_ret=-727.536 step_rew=-7.2754 opt_step=-7.2754 gap0=727.536 dret=-53.244 eval_ret=n/a pursuer_target_distance=4.075 capture=0.000 score=0.000 pol=-0.0007 val=0.0430 ent=1.4853 tot=+0.0117 agnorm=0.036 cgnorm=0.092 kl=0.0014 clipf=0.006 ev=+0.495 r0=1.0000 entcoef=6.18e-03 lr=4.1e-04 seed=3
iter= 266 step= 854400 ep_ret=-616.087 opt_ret=-616.087 step_rew=-6.1609 opt_step=-6.1609 gap0=616.087 dret=+58.204 eval_ret=n/a pursuer_target_distance=3.400 capture=0.000 score=0.000 pol=-0.0007 val=0.0272 ent=1.4835 tot=+0.0037 agnorm=0.040 cgnorm=0.066 kl=0.0010 clipf=0.008 ev=+0.533 r0=1.0000 entcoef=6.16e-03 lr=4.1e-04 seed=3
iter= 267 step= 857600 ep_ret=-670.800 opt_ret=-670.800 step_rew=-6.7080 opt_step=-6.7080 gap0=670.800 dret=+3.492 eval_ret=n/a pursuer_target_distance=3.556 capture=0.000 score=0.000 pol=-0.0008 val=0.0375 ent=1.4797 tot=+0.0089 agnorm=0.035 cgnorm=0.086 kl=0.0018 clipf=0.010 ev=+0.650 r0=1.0000 entcoef=6.15e-03 lr=4.0e-04 seed=3
iter= 268 step= 860800 ep_ret=-680.131 opt_ret=-680.131 step_rew=-6.8013 opt_step=-6.8013 gap0=680.131 dret=-5.839 eval_ret=n/a pursuer_target_distance=3.884 capture=0.000 score=0.000 pol=-0.0006 val=0.0361 ent=1.4785 tot=+0.0084 agnorm=0.036 cgnorm=0.084 kl=0.0009 clipf=0.001 ev=+0.642 r0=1.0000 entcoef=6.13e-03 lr=4.0e-04 seed=3
iter= 269 step= 864000 ep_ret=-691.817 opt_ret=-691.817 step_rew=-6.9182 opt_step=-6.9182 gap0=691.817 dret=-17.525 eval_ret=n/a pursuer_target_distance=3.930 capture=0.000 score=0.000 pol=-0.0007 val=0.0283 ent=1.4733 tot=+0.0044 agnorm=0.035 cgnorm=0.072 kl=0.0012 clipf=0.002 ev=+0.655 r0=1.0000 entcoef=6.12e-03 lr=4.0e-04 seed=3
iter= 270 step= 867200 ep_ret=-638.873 opt_ret=-638.873 step_rew=-6.3887 opt_step=-6.3887 gap0=638.873 dret=+35.419 eval_ret=n/a pursuer_target_distance=3.400 capture=0.000 score=0.000 pol=-0.0007 val=0.0319 ent=1.4823 tot=+0.0062 agnorm=0.026 cgnorm=0.076 kl=0.0011 clipf=0.001 ev=+0.667 r0=1.0000 entcoef=6.11e-03 lr=4.0e-04 seed=3
iter= 271 step= 870400 ep_ret=-675.726 opt_ret=-675.726 step_rew=-6.7573 opt_step=-6.7573 gap0=675.726 dret=-1.434 eval_ret=n/a pursuer_target_distance=3.996 capture=0.000 score=0.000 pol=-0.0005 val=0.0478 ent=1.4866 tot=+0.0143 agnorm=0.025 cgnorm=0.087 kl=0.0011 clipf=0.002 ev=+0.628 r0=1.0000 entcoef=6.09e-03 lr=4.0e-04 seed=3
iter= 272 step= 873600 ep_ret=-614.005 opt_ret=-614.005 step_rew=-6.1401 opt_step=-6.1401 gap0=614.005 dret=+60.287 eval_ret=n/a pursuer_target_distance=3.484 capture=0.000 score=0.000 pol=-0.0005 val=0.0351 ent=1.4925 tot=+0.0079 agnorm=0.025 cgnorm=0.073 kl=0.0008 clipf=0.001 ev=+0.722 r0=1.0000 entcoef=6.08e-03 lr=4.0e-04 seed=3
iter= 273 step= 876800 ep_ret=-593.007 opt_ret=-593.007 step_rew=-5.9301 opt_step=-5.9301 gap0=593.007 dret=+81.285 eval_ret=n/a pursuer_target_distance=3.069 capture=0.000 score=0.000 pol=-0.0011 val=0.0191 ent=1.4731 tot=-0.0005 agnorm=0.038 cgnorm=0.057 kl=0.0024 clipf=0.016 ev=+0.764 r0=1.0000 entcoef=6.06e-03 lr=4.0e-04 seed=3
iter= 274 step= 880000 ep_ret=-649.784 opt_ret=-649.784 step_rew=-6.4978 opt_step=-6.4978 gap0=649.784 dret=+24.508 eval_ret=n/a pursuer_target_distance=3.625 capture=0.000 score=0.000 pol=-0.0009 val=0.0472 ent=1.4730 tot=+0.0138 agnorm=0.033 cgnorm=0.093 kl=0.0015 clipf=0.006 ev=+0.297 r0=1.0000 entcoef=6.05e-03 lr=4.0e-04 seed=3
iter= 275 step= 883200 ep_ret=-662.950 opt_ret=-662.950 step_rew=-6.6295 opt_step=-6.6295 gap0=662.950 dret=+11.342 eval_ret=n/a pursuer_target_distance=3.429 capture=0.000 score=0.000 pol=-0.0006 val=0.0395 ent=1.4482 tot=+0.0105 agnorm=0.025 cgnorm=0.078 kl=0.0011 clipf=0.002 ev=+0.673 r0=1.0000 entcoef=6.03e-03 lr=4.0e-04 seed=3
iter= 276 step= 886400 ep_ret=-601.803 opt_ret=-601.803 step_rew=-6.0180 opt_step=-6.0180 gap0=601.803 dret=+72.489 eval_ret=n/a pursuer_target_distance=3.189 capture=0.000 score=0.000 pol=-0.0010 val=0.0309 ent=1.4412 tot=+0.0058 agnorm=0.032 cgnorm=0.080 kl=0.0015 clipf=0.010 ev=+0.478 r0=1.0000 entcoef=6.02e-03 lr=3.9e-04 seed=3
iter= 277 step= 889600 ep_ret=-588.874 opt_ret=-588.874 step_rew=-5.8887 opt_step=-5.8887 gap0=588.874 dret=+85.418 eval_ret=n/a pursuer_target_distance=2.903 capture=0.000 score=0.000 pol=-0.0010 val=0.0299 ent=1.4401 tot=+0.0053 agnorm=0.046 cgnorm=0.078 kl=0.0026 clipf=0.020 ev=+0.543 r0=1.0000 entcoef=6.00e-03 lr=3.9e-04 seed=3
iter= 278 step= 892800 ep_ret=-575.956 opt_ret=-575.956 step_rew=-5.7596 opt_step=-5.7596 gap0=575.956 dret=+98.336 eval_ret=n/a pursuer_target_distance=2.520 capture=0.000 score=0.000 pol=-0.0011 val=0.0293 ent=1.4361 tot=+0.0050 agnorm=0.044 cgnorm=0.077 kl=0.0022 clipf=0.016 ev=+0.628 r0=1.0000 entcoef=5.99e-03 lr=3.9e-04 seed=3
iter= 279 step= 896000 ep_ret=-583.664 opt_ret=-583.664 step_rew=-5.8366 opt_step=-5.8366 gap0=583.664 dret=+90.628 eval_ret=n/a pursuer_target_distance=2.872 capture=0.000 score=0.000 pol=-0.0011 val=0.0269 ent=1.4374 tot=+0.0038 agnorm=0.060 cgnorm=0.077 kl=0.0020 clipf=0.016 ev=+0.613 r0=1.0000 entcoef=5.98e-03 lr=3.9e-04 seed=3
iter= 280 step= 899200 ep_ret=-577.780 opt_ret=-577.780 step_rew=-5.7778 opt_step=-5.7778 gap0=577.780 dret=+96.512 eval_ret=-479.224 pursuer_target_distance=2.930 capture=0.000 score=0.000 pol=-0.0007 val=0.0316 ent=1.4198 tot=+0.0067 agnorm=0.045 cgnorm=0.075 kl=0.0016 clipf=0.011 ev=+0.617 r0=1.0000 entcoef=5.96e-03 lr=3.9e-04 seed=3
iter= 281 step= 902400 ep_ret=-593.477 opt_ret=-593.477 step_rew=-5.9348 opt_step=-5.9348 gap0=593.477 dret=+80.815 eval_ret=n/a pursuer_target_distance=2.707 capture=0.000 score=0.000 pol=-0.0011 val=0.0225 ent=1.4453 tot=+0.0015 agnorm=0.038 cgnorm=0.067 kl=0.0017 clipf=0.004 ev=+0.791 r0=1.0000 entcoef=5.95e-03 lr=3.9e-04 seed=3
iter= 282 step= 905600 ep_ret=-575.256 opt_ret=-575.256 step_rew=-5.7526 opt_step=-5.7526 gap0=575.256 dret=+99.035 eval_ret=n/a pursuer_target_distance=2.899 capture=0.000 score=0.000 pol=-0.0009 val=0.0241 ent=1.4388 tot=+0.0026 agnorm=0.040 cgnorm=0.069 kl=0.0022 clipf=0.013 ev=+0.791 r0=1.0000 entcoef=5.93e-03 lr=3.9e-04 seed=3
iter= 283 step= 908800 ep_ret=-511.011 opt_ret=-511.011 step_rew=-5.1101 opt_step=-5.1101 gap0=511.011 dret=+163.280 eval_ret=n/a pursuer_target_distance=2.507 capture=0.000 score=0.000 pol=-0.0004 val=0.0317 ent=1.4209 tot=+0.0070 agnorm=0.030 cgnorm=0.088 kl=0.0011 clipf=0.003 ev=+0.812 r0=1.0000 entcoef=5.92e-03 lr=3.9e-04 seed=3
iter= 284 step= 912000 ep_ret=-542.254 opt_ret=-542.254 step_rew=-5.4225 opt_step=-5.4225 gap0=542.254 dret=+132.037 eval_ret=n/a pursuer_target_distance=2.497 capture=0.000 score=0.000 pol=-0.0005 val=0.0368 ent=1.4173 tot=+0.0096 agnorm=0.023 cgnorm=0.078 kl=0.0007 clipf=0.001 ev=+0.705 r0=1.0000 entcoef=5.90e-03 lr=3.9e-04 seed=3
iter= 285 step= 915200 ep_ret=-621.803 opt_ret=-621.803 step_rew=-6.2180 opt_step=-6.2180 gap0=621.803 dret=+52.489 eval_ret=n/a pursuer_target_distance=3.451 capture=0.000 score=0.000 pol=-0.0011 val=0.0341 ent=1.4193 tot=+0.0076 agnorm=0.045 cgnorm=0.085 kl=0.0019 clipf=0.015 ev=+0.761 r0=1.0000 entcoef=5.89e-03 lr=3.8e-04 seed=3
iter= 286 step= 918400 ep_ret=-590.202 opt_ret=-590.202 step_rew=-5.9020 opt_step=-5.9020 gap0=590.202 dret=+84.090 eval_ret=n/a pursuer_target_distance=3.513 capture=0.000 score=0.000 pol=-0.0010 val=0.0248 ent=1.4064 tot=+0.0032 agnorm=0.046 cgnorm=0.074 kl=0.0014 clipf=0.009 ev=+0.839 r0=1.0000 entcoef=5.88e-03 lr=3.8e-04 seed=3
iter= 287 step= 921600 ep_ret=-523.066 opt_ret=-523.066 step_rew=-5.2307 opt_step=-5.2307 gap0=523.066 dret=+151.226 eval_ret=n/a pursuer_target_distance=2.795 capture=0.000 score=0.000 pol=-0.0014 val=0.0247 ent=1.4092 tot=+0.0027 agnorm=0.050 cgnorm=0.077 kl=0.0023 clipf=0.017 ev=+0.830 r0=1.0000 entcoef=5.86e-03 lr=3.8e-04 seed=3
iter= 288 step= 924800 ep_ret=-601.881 opt_ret=-601.881 step_rew=-6.0188 opt_step=-6.0188 gap0=601.881 dret=+72.411 eval_ret=n/a pursuer_target_distance=3.296 capture=0.000 score=0.000 pol=-0.0011 val=0.0385 ent=1.4064 tot=+0.0099 agnorm=0.049 cgnorm=0.093 kl=0.0023 clipf=0.014 ev=+0.786 r0=1.0000 entcoef=5.85e-03 lr=3.8e-04 seed=3
iter= 289 step= 928000 ep_ret=-638.370 opt_ret=-638.370 step_rew=-6.3837 opt_step=-6.3837 gap0=638.370 dret=+35.921 eval_ret=n/a pursuer_target_distance=3.611 capture=0.000 score=0.000 pol=-0.0011 val=0.0389 ent=1.3711 tot=+0.0104 agnorm=0.041 cgnorm=0.097 kl=0.0020 clipf=0.014 ev=+0.822 r0=1.0000 entcoef=5.83e-03 lr=3.8e-04 seed=3
iter= 290 step= 931200 ep_ret=-523.313 opt_ret=-523.313 step_rew=-5.2331 opt_step=-5.2331 gap0=523.313 dret=+150.979 eval_ret=n/a pursuer_target_distance=2.646 capture=0.000 score=0.000 pol=-0.0010 val=0.0263 ent=1.3807 tot=+0.0041 agnorm=0.039 cgnorm=0.087 kl=0.0022 clipf=0.015 ev=+0.904 r0=1.0000 entcoef=5.82e-03 lr=3.8e-04 seed=3
iter= 291 step= 934400 ep_ret=-576.632 opt_ret=-576.632 step_rew=-5.7663 opt_step=-5.7663 gap0=576.632 dret=+97.660 eval_ret=n/a pursuer_target_distance=3.077 capture=0.000 score=0.000 pol=-0.0005 val=0.0287 ent=1.3668 tot=+0.0059 agnorm=0.027 cgnorm=0.086 kl=0.0015 clipf=0.008 ev=+0.839 r0=1.0000 entcoef=5.80e-03 lr=3.8e-04 seed=3
iter= 292 step= 937600 ep_ret=-628.054 opt_ret=-628.054 step_rew=-6.2805 opt_step=-6.2805 gap0=628.054 dret=+46.238 eval_ret=n/a pursuer_target_distance=3.674 capture=0.000 score=0.000 pol=-0.0006 val=0.0423 ent=1.3663 tot=+0.0127 agnorm=0.033 cgnorm=0.105 kl=0.0006 clipf=0.002 ev=+0.769 r0=1.0000 entcoef=5.79e-03 lr=3.8e-04 seed=3
iter= 293 step= 940800 ep_ret=-578.761 opt_ret=-578.761 step_rew=-5.7876 opt_step=-5.7876 gap0=578.761 dret=+95.531 eval_ret=n/a pursuer_target_distance=3.214 capture=0.000 score=0.000 pol=-0.0007 val=0.0553 ent=1.3848 tot=+0.0190 agnorm=0.026 cgnorm=0.128 kl=0.0014 clipf=0.010 ev=+0.698 r0=1.0000 entcoef=5.77e-03 lr=3.8e-04 seed=3
iter= 294 step= 944000 ep_ret=-693.447 opt_ret=-693.447 step_rew=-6.9345 opt_step=-6.9345 gap0=693.447 dret=-19.155 eval_ret=n/a pursuer_target_distance=3.881 capture=0.000 score=0.000 pol=-0.0008 val=0.0319 ent=1.3776 tot=+0.0072 agnorm=0.038 cgnorm=0.079 kl=0.0011 clipf=0.005 ev=+0.825 r0=1.0000 entcoef=5.76e-03 lr=3.7e-04 seed=3
iter= 295 step= 947200 ep_ret=-620.100 opt_ret=-620.100 step_rew=-6.2010 opt_step=-6.2010 gap0=620.100 dret=+54.192 eval_ret=n/a pursuer_target_distance=3.405 capture=0.000 score=0.000 pol=-0.0008 val=0.0321 ent=1.3915 tot=+0.0073 agnorm=0.049 cgnorm=0.101 kl=0.0013 clipf=0.009 ev=+0.864 r0=1.0000 entcoef=5.75e-03 lr=3.7e-04 seed=3
iter= 296 step= 950400 ep_ret=-573.383 opt_ret=-573.383 step_rew=-5.7338 opt_step=-5.7338 gap0=573.383 dret=+100.909 eval_ret=n/a pursuer_target_distance=3.152 capture=0.000 score=0.000 pol=-0.0006 val=0.0186 ent=1.3736 tot=+0.0008 agnorm=0.032 cgnorm=0.068 kl=0.0017 clipf=0.009 ev=+0.870 r0=1.0000 entcoef=5.73e-03 lr=3.7e-04 seed=3
iter= 297 step= 953600 ep_ret=-664.621 opt_ret=-664.621 step_rew=-6.6462 opt_step=-6.6462 gap0=664.621 dret=+9.671 eval_ret=n/a pursuer_target_distance=3.805 capture=0.000 score=0.000 pol=-0.0007 val=0.0319 ent=1.3863 tot=+0.0073 agnorm=0.036 cgnorm=0.102 kl=0.0010 clipf=0.001 ev=+0.861 r0=1.0000 entcoef=5.72e-03 lr=3.7e-04 seed=3
iter= 298 step= 956800 ep_ret=-561.163 opt_ret=-561.163 step_rew=-5.6116 opt_step=-5.6116 gap0=561.163 dret=+113.129 eval_ret=n/a pursuer_target_distance=2.928 capture=0.000 score=0.000 pol=-0.0008 val=0.0361 ent=1.3568 tot=+0.0095 agnorm=0.035 cgnorm=0.112 kl=0.0017 clipf=0.005 ev=+0.831 r0=1.0000 entcoef=5.70e-03 lr=3.7e-04 seed=3
iter= 299 step= 960000 ep_ret=-501.372 opt_ret=-501.372 step_rew=-5.0137 opt_step=-5.0137 gap0=501.372 dret=+172.920 eval_ret=n/a pursuer_target_distance=2.434 capture=0.000 score=0.000 pol=-0.0007 val=0.0247 ent=1.3781 tot=+0.0039 agnorm=0.041 cgnorm=0.089 kl=0.0017 clipf=0.007 ev=+0.886 r0=1.0000 entcoef=5.69e-03 lr=3.7e-04 seed=3
iter= 300 step= 963200 ep_ret=-524.660 opt_ret=-524.660 step_rew=-5.2466 opt_step=-5.2466 gap0=524.660 dret=+149.631 eval_ret=-522.772 pursuer_target_distance=2.745 capture=0.000 score=0.000 pol=-0.0013 val=0.0307 ent=1.3564 tot=+0.0064 agnorm=0.056 cgnorm=0.106 kl=0.0017 clipf=0.012 ev=+0.878 r0=1.0000 entcoef=5.67e-03 lr=3.7e-04 seed=3
iter= 301 step= 966400 ep_ret=-508.237 opt_ret=-508.237 step_rew=-5.0824 opt_step=-5.0824 gap0=508.237 dret=+166.054 eval_ret=n/a pursuer_target_distance=2.855 capture=0.000 score=0.000 pol=-0.0009 val=0.0346 ent=1.3402 tot=+0.0088 agnorm=0.041 cgnorm=0.112 kl=0.0017 clipf=0.007 ev=+0.881 r0=1.0000 entcoef=5.66e-03 lr=3.7e-04 seed=3
iter= 302 step= 969600 ep_ret=-577.367 opt_ret=-577.367 step_rew=-5.7737 opt_step=-5.7737 gap0=577.367 dret=+96.925 eval_ret=n/a pursuer_target_distance=3.139 capture=0.000 score=0.000 pol=-0.0011 val=0.0341 ent=1.3208 tot=+0.0085 agnorm=0.035 cgnorm=0.116 kl=0.0012 clipf=0.001 ev=+0.814 r0=1.0000 entcoef=5.64e-03 lr=3.7e-04 seed=3
iter= 303 step= 972800 ep_ret=-560.641 opt_ret=-560.641 step_rew=-5.6064 opt_step=-5.6064 gap0=560.641 dret=+113.651 eval_ret=n/a pursuer_target_distance=3.063 capture=0.000 score=0.000 pol=-0.0011 val=0.0293 ent=1.3063 tot=+0.0062 agnorm=0.045 cgnorm=0.087 kl=0.0020 clipf=0.014 ev=+0.880 r0=1.0000 entcoef=5.63e-03 lr=3.6e-04 seed=3
iter= 304 step= 976000 ep_ret=-522.142 opt_ret=-522.142 step_rew=-5.2214 opt_step=-5.2214 gap0=522.142 dret=+152.150 eval_ret=n/a pursuer_target_distance=2.638 capture=0.000 score=0.000 pol=-0.0008 val=0.0277 ent=1.2944 tot=+0.0058 agnorm=0.043 cgnorm=0.094 kl=0.0014 clipf=0.007 ev=+0.908 r0=1.0000 entcoef=5.62e-03 lr=3.6e-04 seed=3
iter= 305 step= 979200 ep_ret=-568.227 opt_ret=-568.227 step_rew=-5.6823 opt_step=-5.6823 gap0=568.227 dret=+106.065 eval_ret=n/a pursuer_target_distance=2.973 capture=0.000 score=0.000 pol=-0.0007 val=0.0401 ent=1.3330 tot=+0.0119 agnorm=0.033 cgnorm=0.126 kl=0.0014 clipf=0.005 ev=+0.877 r0=1.0000 entcoef=5.60e-03 lr=3.6e-04 seed=3
iter= 306 step= 982400 ep_ret=-637.364 opt_ret=-637.364 step_rew=-6.3736 opt_step=-6.3736 gap0=637.364 dret=+36.928 eval_ret=n/a pursuer_target_distance=3.675 capture=0.000 score=0.000 pol=-0.0008 val=0.0349 ent=1.3278 tot=+0.0092 agnorm=0.036 cgnorm=0.103 kl=0.0014 clipf=0.012 ev=+0.851 r0=1.0000 entcoef=5.59e-03 lr=3.6e-04 seed=3
iter= 307 step= 985600 ep_ret=-535.158 opt_ret=-535.158 step_rew=-5.3516 opt_step=-5.3516 gap0=535.158 dret=+139.133 eval_ret=n/a pursuer_target_distance=2.878 capture=0.000 score=0.000 pol=-0.0009 val=0.0292 ent=1.3161 tot=+0.0063 agnorm=0.039 cgnorm=0.119 kl=0.0019 clipf=0.010 ev=+0.873 r0=1.0000 entcoef=5.57e-03 lr=3.6e-04 seed=3
iter= 308 step= 988800 ep_ret=-591.310 opt_ret=-591.310 step_rew=-5.9131 opt_step=-5.9131 gap0=591.310 dret=+82.982 eval_ret=n/a pursuer_target_distance=3.296 capture=0.000 score=0.000 pol=-0.0006 val=0.0395 ent=1.3305 tot=+0.0118 agnorm=0.037 cgnorm=0.139 kl=0.0011 clipf=0.002 ev=+0.835 r0=1.0000 entcoef=5.56e-03 lr=3.6e-04 seed=3
iter= 309 step= 992000 ep_ret=-592.637 opt_ret=-592.637 step_rew=-5.9264 opt_step=-5.9264 gap0=592.637 dret=+81.654 eval_ret=n/a pursuer_target_distance=3.011 capture=0.000 score=0.000 pol=-0.0009 val=0.0376 ent=1.3207 tot=+0.0106 agnorm=0.042 cgnorm=0.130 kl=0.0016 clipf=0.012 ev=+0.862 r0=1.0000 entcoef=5.54e-03 lr=3.6e-04 seed=3
iter= 310 step= 995200 ep_ret=-622.012 opt_ret=-622.012 step_rew=-6.2201 opt_step=-6.2201 gap0=622.012 dret=+52.279 eval_ret=n/a pursuer_target_distance=3.259 capture=0.000 score=0.000 pol=-0.0003 val=0.0397 ent=1.3235 tot=+0.0122 agnorm=0.030 cgnorm=0.129 kl=0.0008 clipf=0.004 ev=+0.867 r0=1.0000 entcoef=5.53e-03 lr=3.6e-04 seed=3
iter= 311 step= 998400 ep_ret=-573.553 opt_ret=-573.553 step_rew=-5.7355 opt_step=-5.7355 gap0=573.553 dret=+100.739 eval_ret=n/a pursuer_target_distance=3.017 capture=0.000 score=0.000 pol=-0.0008 val=0.0283 ent=1.3207 tot=+0.0061 agnorm=0.038 cgnorm=0.124 kl=0.0013 clipf=0.003 ev=+0.907 r0=1.0000 entcoef=5.51e-03 lr=3.6e-04 seed=3
iter= 312 step=1001600 ep_ret=-620.836 opt_ret=-620.836 step_rew=-6.2084 opt_step=-6.2084 gap0=620.836 dret=+53.455 eval_ret=n/a pursuer_target_distance=3.044 capture=0.000 score=0.000 pol=-0.0007 val=0.0351 ent=1.3136 tot=+0.0096 agnorm=0.041 cgnorm=0.121 kl=0.0022 clipf=0.014 ev=+0.887 r0=1.0000 entcoef=5.50e-03 lr=3.6e-04 seed=3
iter= 313 step=1004800 ep_ret=-634.960 opt_ret=-634.960 step_rew=-6.3496 opt_step=-6.3496 gap0=634.960 dret=+39.331 eval_ret=n/a pursuer_target_distance=3.319 capture=0.000 score=0.000 pol=-0.0008 val=0.0267 ent=1.3038 tot=+0.0054 agnorm=0.045 cgnorm=0.110 kl=0.0020 clipf=0.014 ev=+0.909 r0=1.0000 entcoef=5.49e-03 lr=3.5e-04 seed=3
iter= 314 step=1008000 ep_ret=-626.217 opt_ret=-626.217 step_rew=-6.2622 opt_step=-6.2622 gap0=626.217 dret=+48.075 eval_ret=n/a pursuer_target_distance=3.621 capture=0.000 score=0.000 pol=-0.0009 val=0.0322 ent=1.2906 tot=+0.0082 agnorm=0.057 cgnorm=0.105 kl=0.0020 clipf=0.014 ev=+0.872 r0=1.0000 entcoef=5.47e-03 lr=3.5e-04 seed=3
iter= 315 step=1011200 ep_ret=-546.352 opt_ret=-546.352 step_rew=-5.4635 opt_step=-5.4635 gap0=546.352 dret=+127.940 eval_ret=n/a pursuer_target_distance=2.765 capture=0.000 score=0.000 pol=-0.0013 val=0.0253 ent=1.2601 tot=+0.0045 agnorm=0.063 cgnorm=0.099 kl=0.0030 clipf=0.028 ev=+0.892 r0=1.0000 entcoef=5.46e-03 lr=3.5e-04 seed=3
iter= 316 step=1014400 ep_ret=-571.521 opt_ret=-571.521 step_rew=-5.7152 opt_step=-5.7152 gap0=571.521 dret=+102.771 eval_ret=n/a pursuer_target_distance=2.806 capture=0.000 score=0.000 pol=-0.0008 val=0.0310 ent=1.2734 tot=+0.0077 agnorm=0.053 cgnorm=0.119 kl=0.0022 clipf=0.013 ev=+0.907 r0=1.0000 entcoef=5.44e-03 lr=3.5e-04 seed=3
iter= 317 step=1017600 ep_ret=-630.831 opt_ret=-630.831 step_rew=-6.3083 opt_step=-6.3083 gap0=630.831 dret=+43.461 eval_ret=n/a pursuer_target_distance=3.515 capture=0.000 score=0.000 pol=-0.0008 val=0.0377 ent=1.2516 tot=+0.0113 agnorm=0.050 cgnorm=0.139 kl=0.0022 clipf=0.016 ev=+0.884 r0=1.0000 entcoef=5.43e-03 lr=3.5e-04 seed=3
iter= 318 step=1020800 ep_ret=-599.338 opt_ret=-599.338 step_rew=-5.9934 opt_step=-5.9934 gap0=599.338 dret=+74.954 eval_ret=n/a pursuer_target_distance=3.239 capture=0.000 score=0.000 pol=-0.0008 val=0.0308 ent=1.2394 tot=+0.0080 agnorm=0.048 cgnorm=0.125 kl=0.0015 clipf=0.008 ev=+0.892 r0=1.0000 entcoef=5.41e-03 lr=3.5e-04 seed=3
iter= 319 step=1024000 ep_ret=-599.594 opt_ret=-599.594 step_rew=-5.9959 opt_step=-5.9959 gap0=599.594 dret=+74.698 eval_ret=n/a pursuer_target_distance=2.980 capture=0.000 score=0.000 pol=-0.0010 val=0.0283 ent=1.2399 tot=+0.0065 agnorm=0.064 cgnorm=0.122 kl=0.0018 clipf=0.018 ev=+0.904 r0=1.0000 entcoef=5.40e-03 lr=3.5e-04 seed=3
iter= 320 step=1027200 ep_ret=-532.192 opt_ret=-532.192 step_rew=-5.3219 opt_step=-5.3219 gap0=532.192 dret=+142.100 eval_ret=-527.088 pursuer_target_distance=2.751 capture=0.000 score=0.000 pol=-0.0007 val=0.0234 ent=1.2318 tot=+0.0044 agnorm=0.039 cgnorm=0.095 kl=0.0014 clipf=0.006 ev=+0.932 r0=1.0000 entcoef=5.38e-03 lr=3.5e-04 seed=3
iter= 321 step=1030400 ep_ret=-542.198 opt_ret=-542.198 step_rew=-5.4220 opt_step=-5.4220 gap0=542.198 dret=+132.094 eval_ret=n/a pursuer_target_distance=2.602 capture=0.000 score=0.000 pol=-0.0007 val=0.0189 ent=1.2476 tot=+0.0021 agnorm=0.054 cgnorm=0.108 kl=0.0018 clipf=0.011 ev=+0.936 r0=1.0000 entcoef=5.37e-03 lr=3.5e-04 seed=3
iter= 322 step=1033600 ep_ret=-570.473 opt_ret=-570.473 step_rew=-5.7047 opt_step=-5.7047 gap0=570.473 dret=+103.819 eval_ret=n/a pursuer_target_distance=3.171 capture=0.000 score=0.000 pol=-0.0008 val=0.0302 ent=1.1984 tot=+0.0079 agnorm=0.064 cgnorm=0.116 kl=0.0015 clipf=0.011 ev=+0.929 r0=1.0000 entcoef=5.36e-03 lr=3.4e-04 seed=3
iter= 323 step=1036800 ep_ret=-536.796 opt_ret=-536.796 step_rew=-5.3680 opt_step=-5.3680 gap0=536.796 dret=+137.496 eval_ret=n/a pursuer_target_distance=2.729 capture=0.000 score=0.000 pol=-0.0005 val=0.0250 ent=1.1952 tot=+0.0056 agnorm=0.028 cgnorm=0.129 kl=0.0013 clipf=0.003 ev=+0.921 r0=1.0000 entcoef=5.34e-03 lr=3.4e-04 seed=3
iter= 324 step=1040000 ep_ret=-533.268 opt_ret=-533.268 step_rew=-5.3327 opt_step=-5.3327 gap0=533.268 dret=+141.024 eval_ret=n/a pursuer_target_distance=2.755 capture=0.000 score=0.000 pol=-0.0009 val=0.0233 ent=1.2023 tot=+0.0043 agnorm=0.050 cgnorm=0.108 kl=0.0019 clipf=0.013 ev=+0.907 r0=1.0000 entcoef=5.33e-03 lr=3.4e-04 seed=3
iter= 325 step=1043200 ep_ret=-596.765 opt_ret=-596.765 step_rew=-5.9677 opt_step=-5.9677 gap0=596.765 dret=+77.526 eval_ret=n/a pursuer_target_distance=3.237 capture=0.000 score=0.000 pol=-0.0008 val=0.0235 ent=1.1909 tot=+0.0046 agnorm=0.072 cgnorm=0.117 kl=0.0017 clipf=0.013 ev=+0.884 r0=1.0000 entcoef=5.31e-03 lr=3.4e-04 seed=3
iter= 326 step=1046400 ep_ret=-568.708 opt_ret=-568.708 step_rew=-5.6871 opt_step=-5.6871 gap0=568.708 dret=+105.584 eval_ret=n/a pursuer_target_distance=3.067 capture=0.000 score=0.000 pol=-0.0016 val=0.0203 ent=1.1739 tot=+0.0023 agnorm=0.080 cgnorm=0.101 kl=0.0031 clipf=0.028 ev=+0.929 r0=1.0000 entcoef=5.30e-03 lr=3.4e-04 seed=3
iter= 327 step=1049600 ep_ret=-577.268 opt_ret=-577.268 step_rew=-5.7727 opt_step=-5.7727 gap0=577.268 dret=+97.023 eval_ret=n/a pursuer_target_distance=2.899 capture=0.000 score=0.000 pol=-0.0006 val=0.0225 ent=1.1747 tot=+0.0044 agnorm=0.041 cgnorm=0.108 kl=0.0019 clipf=0.010 ev=+0.921 r0=1.0000 entcoef=5.28e-03 lr=3.4e-04 seed=3
iter= 328 step=1052800 ep_ret=-592.366 opt_ret=-592.366 step_rew=-5.9237 opt_step=-5.9237 gap0=592.366 dret=+81.926 eval_ret=n/a pursuer_target_distance=2.899 capture=0.000 score=0.000 pol=-0.0007 val=0.0249 ent=1.1946 tot=+0.0054 agnorm=0.056 cgnorm=0.096 kl=0.0017 clipf=0.009 ev=+0.927 r0=1.0000 entcoef=5.27e-03 lr=3.4e-04 seed=3
iter= 329 step=1056000 ep_ret=-515.124 opt_ret=-515.124 step_rew=-5.1512 opt_step=-5.1512 gap0=515.124 dret=+159.168 eval_ret=n/a pursuer_target_distance=2.636 capture=0.000 score=0.000 pol=-0.0006 val=0.0224 ent=1.1812 tot=+0.0044 agnorm=0.033 cgnorm=0.105 kl=0.0008 clipf=0.002 ev=+0.876 r0=1.0000 entcoef=5.25e-03 lr=3.4e-04 seed=3
iter= 330 step=1059200 ep_ret=-609.388 opt_ret=-609.388 step_rew=-6.0939 opt_step=-6.0939 gap0=609.388 dret=+64.904 eval_ret=n/a pursuer_target_distance=2.964 capture=0.000 score=0.000 pol=-0.0012 val=0.0407 ent=1.1649 tot=+0.0130 agnorm=0.066 cgnorm=0.126 kl=0.0023 clipf=0.015 ev=+0.868 r0=1.0000 entcoef=5.24e-03 lr=3.4e-04 seed=3
iter= 331 step=1062400 ep_ret=-544.725 opt_ret=-544.725 step_rew=-5.4473 opt_step=-5.4473 gap0=544.725 dret=+129.567 eval_ret=n/a pursuer_target_distance=2.849 capture=0.000 score=0.000 pol=-0.0008 val=0.0427 ent=1.1960 tot=+0.0144 agnorm=0.047 cgnorm=0.135 kl=0.0014 clipf=0.008 ev=+0.786 r0=1.0000 entcoef=5.23e-03 lr=3.3e-04 seed=3
iter= 332 step=1065600 ep_ret=-652.095 opt_ret=-652.095 step_rew=-6.5210 opt_step=-6.5210 gap0=652.095 dret=+22.197 eval_ret=n/a pursuer_target_distance=3.576 capture=0.000 score=0.000 pol=-0.0007 val=0.0393 ent=1.2192 tot=+0.0125 agnorm=0.049 cgnorm=0.165 kl=0.0018 clipf=0.012 ev=+0.882 r0=1.0000 entcoef=5.21e-03 lr=3.3e-04 seed=3
iter= 333 step=1068800 ep_ret=-588.893 opt_ret=-588.893 step_rew=-5.8889 opt_step=-5.8889 gap0=588.893 dret=+85.398 eval_ret=n/a pursuer_target_distance=3.243 capture=0.000 score=0.000 pol=-0.0011 val=0.0328 ent=1.2083 tot=+0.0090 agnorm=0.075 cgnorm=0.128 kl=0.0021 clipf=0.014 ev=+0.869 r0=1.0000 entcoef=5.20e-03 lr=3.3e-04 seed=3
iter= 334 step=1072000 ep_ret=-598.067 opt_ret=-598.067 step_rew=-5.9807 opt_step=-5.9807 gap0=598.067 dret=+76.225 eval_ret=n/a pursuer_target_distance=3.052 capture=0.000 score=0.000 pol=-0.0009 val=0.0203 ent=1.1917 tot=+0.0031 agnorm=0.056 cgnorm=0.102 kl=0.0025 clipf=0.016 ev=+0.905 r0=1.0000 entcoef=5.18e-03 lr=3.3e-04 seed=3
iter= 335 step=1075200 ep_ret=-577.297 opt_ret=-577.297 step_rew=-5.7730 opt_step=-5.7730 gap0=577.297 dret=+96.995 eval_ret=n/a pursuer_target_distance=3.000 capture=0.000 score=0.000 pol=-0.0008 val=0.0199 ent=1.1663 tot=+0.0031 agnorm=0.057 cgnorm=0.103 kl=0.0014 clipf=0.010 ev=+0.918 r0=1.0000 entcoef=5.17e-03 lr=3.3e-04 seed=3
iter= 336 step=1078400 ep_ret=-643.881 opt_ret=-643.881 step_rew=-6.4388 opt_step=-6.4388 gap0=643.881 dret=+30.411 eval_ret=n/a pursuer_target_distance=3.390 capture=0.000 score=0.000 pol=-0.0006 val=0.0299 ent=1.1667 tot=+0.0083 agnorm=0.048 cgnorm=0.095 kl=0.0017 clipf=0.010 ev=+0.915 r0=1.0000 entcoef=5.15e-03 lr=3.3e-04 seed=3
iter= 337 step=1081600 ep_ret=-520.083 opt_ret=-520.083 step_rew=-5.2008 opt_step=-5.2008 gap0=520.083 dret=+154.209 eval_ret=n/a pursuer_target_distance=2.725 capture=0.000 score=0.000 pol=-0.0005 val=0.0172 ent=1.1508 tot=+0.0022 agnorm=0.037 cgnorm=0.108 kl=0.0012 clipf=0.005 ev=+0.935 r0=1.0000 entcoef=5.14e-03 lr=3.3e-04 seed=3
iter= 338 step=1084800 ep_ret=-592.162 opt_ret=-592.162 step_rew=-5.9216 opt_step=-5.9216 gap0=592.162 dret=+82.130 eval_ret=n/a pursuer_target_distance=3.056 capture=0.000 score=0.000 pol=-0.0005 val=0.0241 ent=1.1797 tot=+0.0056 agnorm=0.046 cgnorm=0.108 kl=0.0009 clipf=0.004 ev=+0.942 r0=1.0000 entcoef=5.13e-03 lr=3.3e-04 seed=3
iter= 339 step=1088000 ep_ret=-538.386 opt_ret=-538.386 step_rew=-5.3839 opt_step=-5.3839 gap0=538.386 dret=+135.906 eval_ret=n/a pursuer_target_distance=2.535 capture=0.000 score=0.000 pol=-0.0007 val=0.0164 ent=1.1635 tot=+0.0016 agnorm=0.033 cgnorm=0.121 kl=0.0009 clipf=0.004 ev=+0.935 r0=1.0000 entcoef=5.11e-03 lr=3.3e-04 seed=3
iter= 340 step=1091200 ep_ret=-558.667 opt_ret=-558.667 step_rew=-5.5867 opt_step=-5.5867 gap0=558.667 dret=+115.624 eval_ret=-695.107 pursuer_target_distance=3.128 capture=0.000 score=0.000 pol=-0.0005 val=0.0151 ent=1.1707 tot=+0.0011 agnorm=0.041 cgnorm=0.094 kl=0.0008 clipf=0.003 ev=+0.940 r0=1.0000 entcoef=5.10e-03 lr=3.2e-04 seed=3
iter= 341 step=1094400 ep_ret=-565.618 opt_ret=-565.618 step_rew=-5.6562 opt_step=-5.6562 gap0=565.618 dret=+108.674 eval_ret=n/a pursuer_target_distance=2.566 capture=0.000 score=0.000 pol=-0.0010 val=0.0204 ent=1.2002 tot=+0.0031 agnorm=0.050 cgnorm=0.100 kl=0.0021 clipf=0.011 ev=+0.913 r0=1.0000 entcoef=5.08e-03 lr=3.2e-04 seed=3
iter= 342 step=1097600 ep_ret=-619.744 opt_ret=-619.744 step_rew=-6.1974 opt_step=-6.1974 gap0=619.744 dret=+54.548 eval_ret=n/a pursuer_target_distance=3.251 capture=0.000 score=0.000 pol=-0.0007 val=0.0243 ent=1.1938 tot=+0.0054 agnorm=0.061 cgnorm=0.112 kl=0.0017 clipf=0.013 ev=+0.912 r0=1.0000 entcoef=5.07e-03 lr=3.2e-04 seed=3
iter= 343 step=1100800 ep_ret=-526.027 opt_ret=-526.027 step_rew=-5.2603 opt_step=-5.2603 gap0=526.027 dret=+148.265 eval_ret=n/a pursuer_target_distance=2.806 capture=0.000 score=0.000 pol=-0.0007 val=0.0186 ent=1.1973 tot=+0.0026 agnorm=0.052 cgnorm=0.098 kl=0.0017 clipf=0.006 ev=+0.900 r0=1.0000 entcoef=5.05e-03 lr=3.2e-04 seed=3
iter= 344 step=1104000 ep_ret=-575.208 opt_ret=-575.208 step_rew=-5.7521 opt_step=-5.7521 gap0=575.208 dret=+99.084 eval_ret=n/a pursuer_target_distance=3.143 capture=0.000 score=0.000 pol=-0.0004 val=0.0262 ent=1.2223 tot=+0.0065 agnorm=0.045 cgnorm=0.113 kl=0.0012 clipf=0.008 ev=+0.921 r0=1.0000 entcoef=5.04e-03 lr=3.2e-04 seed=3
iter= 345 step=1107200 ep_ret=-603.848 opt_ret=-603.848 step_rew=-6.0385 opt_step=-6.0385 gap0=603.848 dret=+70.444 eval_ret=n/a pursuer_target_distance=3.285 capture=0.000 score=0.000 pol=-0.0011 val=0.0237 ent=1.2286 tot=+0.0046 agnorm=0.067 cgnorm=0.123 kl=0.0023 clipf=0.022 ev=+0.922 r0=1.0000 entcoef=5.02e-03 lr=3.2e-04 seed=3
iter= 346 step=1110400 ep_ret=-579.356 opt_ret=-579.356 step_rew=-5.7936 opt_step=-5.7936 gap0=579.356 dret=+94.936 eval_ret=n/a pursuer_target_distance=3.160 capture=0.000 score=0.000 pol=-0.0009 val=0.0269 ent=1.2203 tot=+0.0064 agnorm=0.066 cgnorm=0.111 kl=0.0017 clipf=0.017 ev=+0.924 r0=1.0000 entcoef=5.01e-03 lr=3.2e-04 seed=3
iter= 347 step=1113600 ep_ret=-576.926 opt_ret=-576.926 step_rew=-5.7693 opt_step=-5.7693 gap0=576.926 dret=+97.365 eval_ret=n/a pursuer_target_distance=2.967 capture=0.000 score=0.000 pol=-0.0007 val=0.0164 ent=1.2207 tot=+0.0015 agnorm=0.047 cgnorm=0.117 kl=0.0011 clipf=0.003 ev=+0.950 r0=1.0000 entcoef=5.00e-03 lr=3.2e-04 seed=3
iter= 348 step=1116800 ep_ret=-544.155 opt_ret=-544.155 step_rew=-5.4415 opt_step=-5.4415 gap0=544.155 dret=+130.137 eval_ret=n/a pursuer_target_distance=2.630 capture=0.000 score=0.000 pol=-0.0008 val=0.0173 ent=1.2148 tot=+0.0018 agnorm=0.047 cgnorm=0.097 kl=0.0014 clipf=0.008 ev=+0.941 r0=1.0000 entcoef=4.98e-03 lr=3.2e-04 seed=3
iter= 349 step=1120000 ep_ret=-556.590 opt_ret=-556.590 step_rew=-5.5659 opt_step=-5.5659 gap0=556.590 dret=+117.702 eval_ret=n/a pursuer_target_distance=2.920 capture=0.000 score=0.000 pol=-0.0008 val=0.0246 ent=1.2562 tot=+0.0052 agnorm=0.060 cgnorm=0.111 kl=0.0016 clipf=0.015 ev=+0.915 r0=1.0000 entcoef=4.97e-03 lr=3.1e-04 seed=3
iter= 350 step=1123200 ep_ret=-566.647 opt_ret=-566.647 step_rew=-5.6665 opt_step=-5.6665 gap0=566.647 dret=+107.645 eval_ret=n/a pursuer_target_distance=2.609 capture=0.000 score=0.000 pol=-0.0012 val=0.0177 ent=1.2453 tot=+0.0015 agnorm=0.082 cgnorm=0.119 kl=0.0022 clipf=0.016 ev=+0.939 r0=1.0000 entcoef=4.95e-03 lr=3.1e-04 seed=3
iter= 351 step=1126400 ep_ret=-568.623 opt_ret=-568.623 step_rew=-5.6862 opt_step=-5.6862 gap0=568.623 dret=+105.669 eval_ret=n/a pursuer_target_distance=2.982 capture=0.000 score=0.000 pol=-0.0008 val=0.0214 ent=1.2344 tot=+0.0037 agnorm=0.053 cgnorm=0.125 kl=0.0017 clipf=0.010 ev=+0.925 r0=1.0000 entcoef=4.94e-03 lr=3.1e-04 seed=3
iter= 352 step=1129600 ep_ret=-498.459 opt_ret=-498.459 step_rew=-4.9846 opt_step=-4.9846 gap0=498.459 dret=+175.833 eval_ret=n/a pursuer_target_distance=2.474 capture=0.000 score=0.000 pol=-0.0005 val=0.0220 ent=1.2224 tot=+0.0045 agnorm=0.035 cgnorm=0.102 kl=0.0009 clipf=0.003 ev=+0.934 r0=1.0000 entcoef=4.92e-03 lr=3.1e-04 seed=3
iter= 353 step=1132800 ep_ret=-570.568 opt_ret=-570.568 step_rew=-5.7057 opt_step=-5.7057 gap0=570.568 dret=+103.723 eval_ret=n/a pursuer_target_distance=3.104 capture=0.000 score=0.000 pol=-0.0009 val=0.0271 ent=1.2333 tot=+0.0066 agnorm=0.070 cgnorm=0.149 kl=0.0016 clipf=0.012 ev=+0.922 r0=1.0000 entcoef=4.91e-03 lr=3.1e-04 seed=3
iter= 354 step=1136000 ep_ret=-602.407 opt_ret=-602.407 step_rew=-6.0241 opt_step=-6.0241 gap0=602.407 dret=+71.884 eval_ret=n/a pursuer_target_distance=3.047 capture=0.000 score=0.000 pol=-0.0004 val=0.0314 ent=1.2514 tot=+0.0091 agnorm=0.031 cgnorm=0.162 kl=0.0004 clipf=0.000 ev=+0.876 r0=1.0000 entcoef=4.89e-03 lr=3.1e-04 seed=3
iter= 355 step=1139200 ep_ret=-530.652 opt_ret=-530.652 step_rew=-5.3065 opt_step=-5.3065 gap0=530.652 dret=+143.640 eval_ret=n/a pursuer_target_distance=2.602 capture=0.000 score=0.000 pol=-0.0006 val=0.0185 ent=1.2393 tot=+0.0026 agnorm=0.047 cgnorm=0.091 kl=0.0017 clipf=0.012 ev=+0.939 r0=1.0000 entcoef=4.88e-03 lr=3.1e-04 seed=3
iter= 356 step=1142400 ep_ret=-555.341 opt_ret=-555.341 step_rew=-5.5534 opt_step=-5.5534 gap0=555.341 dret=+118.951 eval_ret=n/a pursuer_target_distance=2.906 capture=0.000 score=0.000 pol=-0.0009 val=0.0210 ent=1.2098 tot=+0.0037 agnorm=0.046 cgnorm=0.112 kl=0.0013 clipf=0.006 ev=+0.919 r0=1.0000 entcoef=4.87e-03 lr=3.1e-04 seed=3
iter= 357 step=1145600 ep_ret=-508.435 opt_ret=-508.435 step_rew=-5.0844 opt_step=-5.0844 gap0=508.435 dret=+165.856 eval_ret=n/a pursuer_target_distance=2.670 capture=0.000 score=0.000 pol=-0.0011 val=0.0224 ent=1.2359 tot=+0.0041 agnorm=0.080 cgnorm=0.132 kl=0.0022 clipf=0.021 ev=+0.886 r0=1.0000 entcoef=4.85e-03 lr=3.1e-04 seed=3
iter= 358 step=1148800 ep_ret=-498.358 opt_ret=-498.358 step_rew=-4.9836 opt_step=-4.9836 gap0=498.358 dret=+175.934 eval_ret=n/a pursuer_target_distance=2.627 capture=0.000 score=0.000 pol=-0.0012 val=0.0238 ent=1.2038 tot=+0.0049 agnorm=0.062 cgnorm=0.130 kl=0.0022 clipf=0.014 ev=+0.892 r0=1.0000 entcoef=4.84e-03 lr=3.0e-04 seed=3
iter= 359 step=1152000 ep_ret=-556.558 opt_ret=-556.558 step_rew=-5.5656 opt_step=-5.5656 gap0=556.558 dret=+117.734 eval_ret=n/a pursuer_target_distance=2.916 capture=0.000 score=0.000 pol=-0.0007 val=0.0335 ent=1.1587 tot=+0.0105 agnorm=0.040 cgnorm=0.145 kl=0.0014 clipf=0.008 ev=+0.888 r0=1.0000 entcoef=4.82e-03 lr=3.0e-04 seed=3
iter= 360 step=1155200 ep_ret=-588.847 opt_ret=-588.847 step_rew=-5.8885 opt_step=-5.8885 gap0=588.847 dret=+85.445 eval_ret=-539.281 pursuer_target_distance=3.039 capture=0.000 score=0.000 pol=-0.0008 val=0.0279 ent=1.1521 tot=+0.0076 agnorm=0.056 cgnorm=0.110 kl=0.0013 clipf=0.009 ev=+0.917 r0=1.0000 entcoef=4.81e-03 lr=3.0e-04 seed=3
iter= 361 step=1158400 ep_ret=-573.577 opt_ret=-573.577 step_rew=-5.7358 opt_step=-5.7358 gap0=573.577 dret=+100.715 eval_ret=n/a pursuer_target_distance=2.965 capture=0.000 score=0.000 pol=-0.0005 val=0.0244 ent=1.1574 tot=+0.0062 agnorm=0.052 cgnorm=0.115 kl=0.0013 clipf=0.009 ev=+0.905 r0=1.0000 entcoef=4.79e-03 lr=3.0e-04 seed=3
iter= 362 step=1161600 ep_ret=-634.181 opt_ret=-634.181 step_rew=-6.3418 opt_step=-6.3418 gap0=634.181 dret=+40.111 eval_ret=n/a pursuer_target_distance=3.345 capture=0.001 score=0.000 pol=-0.0006 val=0.0375 ent=1.1767 tot=+0.0125 agnorm=0.043 cgnorm=0.124 kl=0.0012 clipf=0.008 ev=+0.883 r0=1.0000 entcoef=4.78e-03 lr=3.0e-04 seed=3
iter= 363 step=1164800 ep_ret=-562.371 opt_ret=-562.371 step_rew=-5.6237 opt_step=-5.6237 gap0=562.371 dret=+111.921 eval_ret=n/a pursuer_target_distance=2.612 capture=0.000 score=0.000 pol=-0.0004 val=0.0223 ent=1.1922 tot=+0.0050 agnorm=0.030 cgnorm=0.094 kl=0.0006 clipf=0.000 ev=+0.929 r0=1.0000 entcoef=4.76e-03 lr=3.0e-04 seed=3
iter= 364 step=1168000 ep_ret=-525.757 opt_ret=-525.757 step_rew=-5.2576 opt_step=-5.2576 gap0=525.757 dret=+148.535 eval_ret=n/a pursuer_target_distance=2.498 capture=0.000 score=0.000 pol=-0.0007 val=0.0191 ent=1.1848 tot=+0.0032 agnorm=0.045 cgnorm=0.097 kl=0.0012 clipf=0.006 ev=+0.922 r0=1.0000 entcoef=4.75e-03 lr=3.0e-04 seed=3
iter= 365 step=1171200 ep_ret=-588.131 opt_ret=-588.131 step_rew=-5.8813 opt_step=-5.8813 gap0=588.131 dret=+86.160 eval_ret=n/a pursuer_target_distance=3.087 capture=0.000 score=0.000 pol=-0.0007 val=0.0226 ent=1.1685 tot=+0.0051 agnorm=0.060 cgnorm=0.105 kl=0.0015 clipf=0.013 ev=+0.937 r0=1.0000 entcoef=4.74e-03 lr=3.0e-04 seed=3
iter= 366 step=1174400 ep_ret=-495.420 opt_ret=-495.420 step_rew=-4.9542 opt_step=-4.9542 gap0=495.420 dret=+178.872 eval_ret=n/a pursuer_target_distance=2.376 capture=0.000 score=0.000 pol=-0.0008 val=0.0195 ent=1.1764 tot=+0.0034 agnorm=0.065 cgnorm=0.103 kl=0.0016 clipf=0.013 ev=+0.921 r0=1.0000 entcoef=4.72e-03 lr=3.0e-04 seed=3
iter= 367 step=1177600 ep_ret=-518.363 opt_ret=-518.363 step_rew=-5.1836 opt_step=-5.1836 gap0=518.363 dret=+155.928 eval_ret=n/a pursuer_target_distance=2.631 capture=0.000 score=0.000 pol=-0.0010 val=0.0188 ent=1.1768 tot=+0.0029 agnorm=0.075 cgnorm=0.083 kl=0.0025 clipf=0.022 ev=+0.920 r0=1.0000 entcoef=4.71e-03 lr=2.9e-04 seed=3
iter= 368 step=1180800 ep_ret=-476.233 opt_ret=-476.233 step_rew=-4.7623 opt_step=-4.7623 gap0=476.233 dret=+198.059 eval_ret=n/a pursuer_target_distance=2.470 capture=0.000 score=0.000 pol=-0.0008 val=0.0218 ent=1.1824 tot=+0.0046 agnorm=0.053 cgnorm=0.088 kl=0.0015 clipf=0.011 ev=+0.897 r0=1.0000 entcoef=4.69e-03 lr=2.9e-04 seed=3
iter= 369 step=1184000 ep_ret=-571.121 opt_ret=-571.121 step_rew=-5.7112 opt_step=-5.7112 gap0=571.121 dret=+103.171 eval_ret=n/a pursuer_target_distance=3.117 capture=0.000 score=0.000 pol=-0.0006 val=0.0259 ent=1.1498 tot=+0.0070 agnorm=0.045 cgnorm=0.102 kl=0.0016 clipf=0.012 ev=+0.891 r0=1.0000 entcoef=4.68e-03 lr=2.9e-04 seed=3
iter= 370 step=1187200 ep_ret=-528.738 opt_ret=-528.738 step_rew=-5.2874 opt_step=-5.2874 gap0=528.738 dret=+145.554 eval_ret=n/a pursuer_target_distance=2.540 capture=0.000 score=0.000 pol=-0.0005 val=0.0207 ent=1.1312 tot=+0.0046 agnorm=0.032 cgnorm=0.093 kl=0.0007 clipf=0.003 ev=+0.931 r0=1.0000 entcoef=4.66e-03 lr=2.9e-04 seed=3
iter= 371 step=1190400 ep_ret=-480.973 opt_ret=-480.973 step_rew=-4.8097 opt_step=-4.8097 gap0=480.973 dret=+193.318 eval_ret=n/a pursuer_target_distance=2.322 capture=0.000 score=0.000 pol=-0.0009 val=0.0215 ent=1.1631 tot=+0.0045 agnorm=0.073 cgnorm=0.086 kl=0.0018 clipf=0.014 ev=+0.896 r0=1.0000 entcoef=4.65e-03 lr=2.9e-04 seed=3
iter= 372 step=1193600 ep_ret=-531.677 opt_ret=-531.677 step_rew=-5.3168 opt_step=-5.3168 gap0=531.677 dret=+142.615 eval_ret=n/a pursuer_target_distance=2.927 capture=0.000 score=0.000 pol=-0.0008 val=0.0332 ent=1.1585 tot=+0.0104 agnorm=0.046 cgnorm=0.138 kl=0.0010 clipf=0.005 ev=+0.860 r0=1.0000 entcoef=4.63e-03 lr=2.9e-04 seed=3
iter= 373 step=1196800 ep_ret=-541.213 opt_ret=-541.213 step_rew=-5.4121 opt_step=-5.4121 gap0=541.213 dret=+133.079 eval_ret=n/a pursuer_target_distance=2.490 capture=0.000 score=0.000 pol=-0.0008 val=0.0269 ent=1.1660 tot=+0.0072 agnorm=0.062 cgnorm=0.114 kl=0.0027 clipf=0.017 ev=+0.849 r0=1.0000 entcoef=4.62e-03 lr=2.9e-04 seed=3
iter= 374 step=1200000 ep_ret=-583.904 opt_ret=-583.904 step_rew=-5.8390 opt_step=-5.8390 gap0=583.904 dret=+90.388 eval_ret=n/a pursuer_target_distance=2.851 capture=0.000 score=0.000 pol=-0.0005 val=0.0206 ent=1.1725 tot=+0.0044 agnorm=0.045 cgnorm=0.093 kl=0.0011 clipf=0.005 ev=+0.925 r0=1.0000 entcoef=4.61e-03 lr=2.9e-04 seed=3
iter= 375 step=1203200 ep_ret=-500.615 opt_ret=-500.615 step_rew=-5.0061 opt_step=-5.0061 gap0=500.615 dret=+173.677 eval_ret=n/a pursuer_target_distance=2.190 capture=0.000 score=0.000 pol=-0.0010 val=0.0172 ent=1.1869 tot=+0.0022 agnorm=0.079 cgnorm=0.087 kl=0.0022 clipf=0.019 ev=+0.926 r0=1.0000 entcoef=4.59e-03 lr=2.9e-04 seed=3
iter= 376 step=1206400 ep_ret=-580.641 opt_ret=-580.641 step_rew=-5.8064 opt_step=-5.8064 gap0=580.641 dret=+93.650 eval_ret=n/a pursuer_target_distance=2.856 capture=0.000 score=0.000 pol=-0.0005 val=0.0249 ent=1.1695 tot=+0.0066 agnorm=0.049 cgnorm=0.099 kl=0.0011 clipf=0.006 ev=+0.907 r0=1.0000 entcoef=4.58e-03 lr=2.8e-04 seed=3
iter= 377 step=1209600 ep_ret=-547.602 opt_ret=-547.602 step_rew=-5.4760 opt_step=-5.4760 gap0=547.602 dret=+126.690 eval_ret=n/a pursuer_target_distance=2.917 capture=0.000 score=0.000 pol=-0.0005 val=0.0228 ent=1.1588 tot=+0.0056 agnorm=0.046 cgnorm=0.124 kl=0.0015 clipf=0.006 ev=+0.911 r0=1.0000 entcoef=4.56e-03 lr=2.8e-04 seed=3
iter= 378 step=1212800 ep_ret=-520.338 opt_ret=-520.338 step_rew=-5.2034 opt_step=-5.2034 gap0=520.338 dret=+153.953 eval_ret=n/a pursuer_target_distance=2.679 capture=0.000 score=0.000 pol=-0.0005 val=0.0288 ent=1.1717 tot=+0.0085 agnorm=0.042 cgnorm=0.117 kl=0.0012 clipf=0.005 ev=+0.895 r0=1.0000 entcoef=4.55e-03 lr=2.8e-04 seed=3
iter= 379 step=1216000 ep_ret=-444.999 opt_ret=-444.999 step_rew=-4.4500 opt_step=-4.4500 gap0=444.999 dret=+229.292 eval_ret=n/a pursuer_target_distance=2.131 capture=0.000 score=0.000 pol=-0.0006 val=0.0177 ent=1.1937 tot=+0.0029 agnorm=0.054 cgnorm=0.093 kl=0.0010 clipf=0.006 ev=+0.923 r0=1.0000 entcoef=4.53e-03 lr=2.8e-04 seed=3
iter= 380 step=1219200 ep_ret=-512.382 opt_ret=-512.382 step_rew=-5.1238 opt_step=-5.1238 gap0=512.382 dret=+161.910 eval_ret=-466.432 pursuer_target_distance=2.540 capture=0.000 score=0.000 pol=-0.0011 val=0.0163 ent=1.1931 tot=+0.0017 agnorm=0.083 cgnorm=0.094 kl=0.0019 clipf=0.010 ev=+0.925 r0=1.0000 entcoef=4.52e-03 lr=2.8e-04 seed=3
iter= 381 step=1222400 ep_ret=-522.437 opt_ret=-522.437 step_rew=-5.2244 opt_step=-5.2244 gap0=522.437 dret=+151.855 eval_ret=n/a pursuer_target_distance=2.665 capture=0.000 score=0.000 pol=-0.0009 val=0.0248 ent=1.1638 tot=+0.0062 agnorm=0.068 cgnorm=0.112 kl=0.0016 clipf=0.012 ev=+0.893 r0=1.0000 entcoef=4.50e-03 lr=2.8e-04 seed=3
iter= 382 step=1225600 ep_ret=-518.004 opt_ret=-518.004 step_rew=-5.1800 opt_step=-5.1800 gap0=518.004 dret=+156.288 eval_ret=n/a pursuer_target_distance=2.596 capture=0.000 score=0.000 pol=-0.0007 val=0.0242 ent=1.1840 tot=+0.0061 agnorm=0.050 cgnorm=0.135 kl=0.0011 clipf=0.006 ev=+0.902 r0=1.0000 entcoef=4.49e-03 lr=2.8e-04 seed=3
iter= 383 step=1228800 ep_ret=-474.048 opt_ret=-474.048 step_rew=-4.7405 opt_step=-4.7405 gap0=474.048 dret=+200.244 eval_ret=n/a pursuer_target_distance=2.492 capture=0.000 score=0.000 pol=-0.0006 val=0.0206 ent=1.1919 tot=+0.0044 agnorm=0.043 cgnorm=0.110 kl=0.0010 clipf=0.003 ev=+0.918 r0=1.0000 entcoef=4.48e-03 lr=2.8e-04 seed=3
iter= 384 step=1232000 ep_ret=-514.255 opt_ret=-514.255 step_rew=-5.1426 opt_step=-5.1426 gap0=514.255 dret=+160.036 eval_ret=n/a pursuer_target_distance=2.505 capture=0.003 score=0.001 pol=-0.0007 val=0.0221 ent=1.1982 tot=+0.0050 agnorm=0.061 cgnorm=0.106 kl=0.0015 clipf=0.009 ev=+0.897 r0=1.0000 entcoef=4.46e-03 lr=2.8e-04 seed=3
iter= 385 step=1235200 ep_ret=-488.016 opt_ret=-488.016 step_rew=-4.8802 opt_step=-4.8802 gap0=488.016 dret=+186.276 eval_ret=n/a pursuer_target_distance=2.252 capture=0.000 score=0.000 pol=-0.0006 val=0.0205 ent=1.2199 tot=+0.0042 agnorm=0.056 cgnorm=0.088 kl=0.0014 clipf=0.008 ev=+0.889 r0=1.0000 entcoef=4.45e-03 lr=2.7e-04 seed=3
iter= 386 step=1238400 ep_ret=-519.243 opt_ret=-519.243 step_rew=-5.1924 opt_step=-5.1924 gap0=519.243 dret=+155.049 eval_ret=n/a pursuer_target_distance=2.568 capture=0.000 score=0.000 pol=-0.0008 val=0.0206 ent=1.2456 tot=+0.0040 agnorm=0.061 cgnorm=0.090 kl=0.0017 clipf=0.009 ev=+0.911 r0=1.0000 entcoef=4.43e-03 lr=2.7e-04 seed=3
iter= 387 step=1241600 ep_ret=-538.443 opt_ret=-538.443 step_rew=-5.3844 opt_step=-5.3844 gap0=538.443 dret=+135.849 eval_ret=n/a pursuer_target_distance=2.548 capture=0.000 score=0.000 pol=-0.0009 val=0.0291 ent=1.2555 tot=+0.0081 agnorm=0.064 cgnorm=0.122 kl=0.0019 clipf=0.016 ev=+0.894 r0=1.0000 entcoef=4.42e-03 lr=2.7e-04 seed=3
iter= 388 step=1244800 ep_ret=-503.656 opt_ret=-503.656 step_rew=-5.0366 opt_step=-5.0366 gap0=503.656 dret=+170.635 eval_ret=n/a pursuer_target_distance=2.507 capture=0.000 score=0.000 pol=-0.0006 val=0.0241 ent=1.2470 tot=+0.0060 agnorm=0.061 cgnorm=0.117 kl=0.0010 clipf=0.006 ev=+0.848 r0=1.0000 entcoef=4.40e-03 lr=2.7e-04 seed=3
iter= 389 step=1248000 ep_ret=-446.641 opt_ret=-446.641 step_rew=-4.4664 opt_step=-4.4664 gap0=446.641 dret=+227.651 eval_ret=n/a pursuer_target_distance=2.369 capture=0.000 score=0.000 pol=-0.0009 val=0.0176 ent=1.2569 tot=+0.0024 agnorm=0.059 cgnorm=0.097 kl=0.0022 clipf=0.013 ev=+0.877 r0=1.0000 entcoef=4.39e-03 lr=2.7e-04 seed=3
iter= 390 step=1251200 ep_ret=-468.627 opt_ret=-468.627 step_rew=-4.6863 opt_step=-4.6863 gap0=468.627 dret=+205.665 eval_ret=n/a pursuer_target_distance=2.065 capture=0.000 score=0.000 pol=-0.0007 val=0.0121 ent=1.2530 tot=-0.0001 agnorm=0.047 cgnorm=0.103 kl=0.0015 clipf=0.009 ev=+0.927 r0=1.0000 entcoef=4.37e-03 lr=2.7e-04 seed=3
iter= 391 step=1254400 ep_ret=-475.706 opt_ret=-475.706 step_rew=-4.7571 opt_step=-4.7571 gap0=475.706 dret=+198.586 eval_ret=n/a pursuer_target_distance=2.373 capture=0.000 score=0.000 pol=-0.0004 val=0.0131 ent=1.2329 tot=+0.0008 agnorm=0.036 cgnorm=0.070 kl=0.0006 clipf=0.000 ev=+0.940 r0=1.0000 entcoef=4.36e-03 lr=2.7e-04 seed=3
iter= 392 step=1257600 ep_ret=-597.938 opt_ret=-597.938 step_rew=-5.9794 opt_step=-5.9794 gap0=597.938 dret=+76.354 eval_ret=n/a pursuer_target_distance=3.106 capture=0.000 score=0.000 pol=-0.0011 val=0.0260 ent=1.2184 tot=+0.0066 agnorm=0.078 cgnorm=0.093 kl=0.0019 clipf=0.014 ev=+0.897 r0=1.0000 entcoef=4.35e-03 lr=2.7e-04 seed=3
iter= 393 step=1260800 ep_ret=-522.813 opt_ret=-522.813 step_rew=-5.2281 opt_step=-5.2281 gap0=522.813 dret=+151.479 eval_ret=n/a pursuer_target_distance=2.540 capture=0.000 score=0.000 pol=-0.0007 val=0.0204 ent=1.2297 tot=+0.0042 agnorm=0.056 cgnorm=0.115 kl=0.0021 clipf=0.015 ev=+0.912 r0=1.0000 entcoef=4.33e-03 lr=2.7e-04 seed=3
iter= 394 step=1264000 ep_ret=-484.433 opt_ret=-484.433 step_rew=-4.8443 opt_step=-4.8443 gap0=484.433 dret=+189.859 eval_ret=n/a pursuer_target_distance=2.463 capture=0.000 score=0.000 pol=-0.0006 val=0.0153 ent=1.2250 tot=+0.0018 agnorm=0.035 cgnorm=0.093 kl=0.0010 clipf=0.003 ev=+0.884 r0=1.0000 entcoef=4.32e-03 lr=2.6e-04 seed=3
iter= 395 step=1267200 ep_ret=-485.465 opt_ret=-485.465 step_rew=-4.8547 opt_step=-4.8547 gap0=485.465 dret=+188.827 eval_ret=n/a pursuer_target_distance=2.534 capture=0.000 score=0.000 pol=-0.0004 val=0.0196 ent=1.2187 tot=+0.0042 agnorm=0.043 cgnorm=0.089 kl=0.0011 clipf=0.005 ev=+0.902 r0=1.0000 entcoef=4.30e-03 lr=2.6e-04 seed=3
iter= 396 step=1270400 ep_ret=-496.049 opt_ret=-496.049 step_rew=-4.9605 opt_step=-4.9605 gap0=496.049 dret=+178.243 eval_ret=n/a pursuer_target_distance=2.406 capture=0.000 score=0.000 pol=-0.0004 val=0.0178 ent=1.2096 tot=+0.0033 agnorm=0.030 cgnorm=0.111 kl=0.0005 clipf=0.000 ev=+0.893 r0=1.0000 entcoef=4.29e-03 lr=2.6e-04 seed=3
iter= 397 step=1273600 ep_ret=-523.408 opt_ret=-523.408 step_rew=-5.2341 opt_step=-5.2341 gap0=523.408 dret=+150.884 eval_ret=n/a pursuer_target_distance=2.217 capture=0.000 score=0.000 pol=-0.0008 val=0.0190 ent=1.2452 tot=+0.0034 agnorm=0.049 cgnorm=0.087 kl=0.0014 clipf=0.005 ev=+0.892 r0=1.0000 entcoef=4.27e-03 lr=2.6e-04 seed=3
iter= 398 step=1276800 ep_ret=-466.653 opt_ret=-466.653 step_rew=-4.6665 opt_step=-4.6665 gap0=466.653 dret=+207.639 eval_ret=n/a pursuer_target_distance=2.142 capture=0.001 score=0.000 pol=-0.0004 val=0.0139 ent=1.2673 tot=+0.0012 agnorm=0.035 cgnorm=0.098 kl=0.0011 clipf=0.003 ev=+0.914 r0=1.0000 entcoef=4.26e-03 lr=2.6e-04 seed=3
iter= 399 step=1280000 ep_ret=-444.319 opt_ret=-444.319 step_rew=-4.4432 opt_step=-4.4432 gap0=444.319 dret=+229.973 eval_ret=n/a pursuer_target_distance=2.199 capture=0.000 score=0.000 pol=-0.0008 val=0.0136 ent=1.2542 tot=+0.0007 agnorm=0.076 cgnorm=0.086 kl=0.0016 clipf=0.011 ev=+0.897 r0=1.0000 entcoef=4.25e-03 lr=2.6e-04 seed=3
iter= 400 step=1283200 ep_ret=-533.260 opt_ret=-533.260 step_rew=-5.3326 opt_step=-5.3326 gap0=533.260 dret=+141.032 eval_ret=-382.327 pursuer_target_distance=2.316 capture=0.000 score=0.000 pol=-0.0005 val=0.0153 ent=1.2468 tot=+0.0018 agnorm=0.053 cgnorm=0.093 kl=0.0011 clipf=0.006 ev=+0.929 r0=1.0000 entcoef=4.23e-03 lr=2.6e-04 seed=3
iter= 401 step=1286400 ep_ret=-484.152 opt_ret=-484.152 step_rew=-4.8415 opt_step=-4.8415 gap0=484.152 dret=+190.140 eval_ret=n/a pursuer_target_distance=2.597 capture=0.000 score=0.000 pol=-0.0007 val=0.0184 ent=1.2569 tot=+0.0032 agnorm=0.050 cgnorm=0.093 kl=0.0010 clipf=0.006 ev=+0.893 r0=1.0000 entcoef=4.22e-03 lr=2.6e-04 seed=3
iter= 402 step=1289600 ep_ret=-515.131 opt_ret=-515.131 step_rew=-5.1513 opt_step=-5.1513 gap0=515.131 dret=+159.161 eval_ret=n/a pursuer_target_distance=2.403 capture=0.000 score=0.000 pol=-0.0006 val=0.0129 ent=1.2620 tot=+0.0006 agnorm=0.060 cgnorm=0.083 kl=0.0013 clipf=0.009 ev=+0.938 r0=1.0000 entcoef=4.20e-03 lr=2.6e-04 seed=3
iter= 403 step=1292800 ep_ret=-521.008 opt_ret=-521.008 step_rew=-5.2101 opt_step=-5.2101 gap0=521.008 dret=+153.284 eval_ret=n/a pursuer_target_distance=2.648 capture=0.000 score=0.000 pol=-0.0004 val=0.0217 ent=1.2491 tot=+0.0052 agnorm=0.045 cgnorm=0.084 kl=0.0012 clipf=0.009 ev=+0.917 r0=1.0000 entcoef=4.19e-03 lr=2.5e-04 seed=3
iter= 404 step=1296000 ep_ret=-482.297 opt_ret=-482.297 step_rew=-4.8230 opt_step=-4.8230 gap0=482.297 dret=+191.995 eval_ret=n/a pursuer_target_distance=2.376 capture=0.000 score=0.000 pol=-0.0006 val=0.0116 ent=1.2556 tot=-0.0000 agnorm=0.063 cgnorm=0.072 kl=0.0014 clipf=0.007 ev=+0.926 r0=1.0000 entcoef=4.17e-03 lr=2.5e-04 seed=3
iter= 405 step=1299200 ep_ret=-415.449 opt_ret=-415.449 step_rew=-4.1545 opt_step=-4.1545 gap0=415.449 dret=+258.842 eval_ret=n/a pursuer_target_distance=1.653 capture=0.000 score=0.000 pol=-0.0006 val=0.0107 ent=1.2696 tot=-0.0005 agnorm=0.072 cgnorm=0.078 kl=0.0017 clipf=0.012 ev=+0.908 r0=1.0000 entcoef=4.16e-03 lr=2.5e-04 seed=3
iter= 406 step=1302400 ep_ret=-501.078 opt_ret=-501.078 step_rew=-5.0108 opt_step=-5.0108 gap0=501.078 dret=+173.214 eval_ret=n/a pursuer_target_distance=2.212 capture=0.000 score=0.000 pol=-0.0006 val=0.0120 ent=1.2804 tot=+0.0001 agnorm=0.062 cgnorm=0.067 kl=0.0016 clipf=0.010 ev=+0.936 r0=1.0000 entcoef=4.14e-03 lr=2.5e-04 seed=3
iter= 407 step=1305600 ep_ret=-579.231 opt_ret=-579.231 step_rew=-5.7923 opt_step=-5.7923 gap0=579.231 dret=+95.060 eval_ret=n/a pursuer_target_distance=3.133 capture=0.000 score=0.000 pol=-0.0007 val=0.0193 ent=1.2566 tot=+0.0038 agnorm=0.067 cgnorm=0.079 kl=0.0015 clipf=0.010 ev=+0.902 r0=1.0000 entcoef=4.13e-03 lr=2.5e-04 seed=3
iter= 408 step=1308800 ep_ret=-507.315 opt_ret=-507.315 step_rew=-5.0732 opt_step=-5.0732 gap0=507.315 dret=+166.976 eval_ret=n/a pursuer_target_distance=2.451 capture=0.000 score=0.000 pol=-0.0005 val=0.0189 ent=1.2836 tot=+0.0037 agnorm=0.053 cgnorm=0.113 kl=0.0010 clipf=0.007 ev=+0.863 r0=1.0000 entcoef=4.12e-03 lr=2.5e-04 seed=3
iter= 409 step=1312000 ep_ret=-541.189 opt_ret=-541.189 step_rew=-5.4119 opt_step=-5.4119 gap0=541.189 dret=+133.103 eval_ret=n/a pursuer_target_distance=2.518 capture=0.000 score=0.000 pol=-0.0014 val=0.0182 ent=1.2828 tot=+0.0024 agnorm=0.101 cgnorm=0.089 kl=0.0022 clipf=0.023 ev=+0.887 r0=1.0000 entcoef=4.10e-03 lr=2.5e-04 seed=3
iter= 410 step=1315200 ep_ret=-486.195 opt_ret=-486.195 step_rew=-4.8620 opt_step=-4.8620 gap0=486.195 dret=+188.097 eval_ret=n/a pursuer_target_distance=2.357 capture=0.000 score=0.000 pol=-0.0004 val=0.0165 ent=1.2696 tot=+0.0026 agnorm=0.057 cgnorm=0.067 kl=0.0013 clipf=0.006 ev=+0.865 r0=1.0000 entcoef=4.09e-03 lr=2.5e-04 seed=3
iter= 411 step=1318400 ep_ret=-446.549 opt_ret=-446.549 step_rew=-4.4655 opt_step=-4.4655 gap0=446.549 dret=+227.742 eval_ret=n/a pursuer_target_distance=2.242 capture=0.000 score=0.000 pol=-0.0005 val=0.0121 ent=1.2758 tot=+0.0003 agnorm=0.042 cgnorm=0.079 kl=0.0007 clipf=0.002 ev=+0.901 r0=1.0000 entcoef=4.07e-03 lr=2.5e-04 seed=3
iter= 412 step=1321600 ep_ret=-441.391 opt_ret=-441.391 step_rew=-4.4139 opt_step=-4.4139 gap0=441.391 dret=+232.901 eval_ret=n/a pursuer_target_distance=2.188 capture=0.000 score=0.000 pol=-0.0006 val=0.0139 ent=1.2809 tot=+0.0011 agnorm=0.054 cgnorm=0.072 kl=0.0014 clipf=0.009 ev=+0.859 r0=1.0000 entcoef=4.06e-03 lr=2.4e-04 seed=3
iter= 413 step=1324800 ep_ret=-509.133 opt_ret=-509.133 step_rew=-5.0913 opt_step=-5.0913 gap0=509.133 dret=+165.159 eval_ret=n/a pursuer_target_distance=2.751 capture=0.000 score=0.000 pol=-0.0009 val=0.0166 ent=1.2794 tot=+0.0022 agnorm=0.054 cgnorm=0.101 kl=0.0014 clipf=0.005 ev=+0.886 r0=1.0000 entcoef=4.04e-03 lr=2.4e-04 seed=3
iter= 414 step=1328000 ep_ret=-487.967 opt_ret=-487.967 step_rew=-4.8797 opt_step=-4.8797 gap0=487.967 dret=+186.325 eval_ret=n/a pursuer_target_distance=2.442 capture=0.000 score=0.000 pol=-0.0009 val=0.0152 ent=1.2756 tot=+0.0016 agnorm=0.059 cgnorm=0.101 kl=0.0020 clipf=0.015 ev=+0.904 r0=1.0000 entcoef=4.03e-03 lr=2.4e-04 seed=3
iter= 415 step=1331200 ep_ret=-525.818 opt_ret=-525.818 step_rew=-5.2582 opt_step=-5.2582 gap0=525.818 dret=+148.474 eval_ret=n/a pursuer_target_distance=2.513 capture=0.000 score=0.000 pol=-0.0011 val=0.0164 ent=1.2648 tot=+0.0020 agnorm=0.099 cgnorm=0.079 kl=0.0021 clipf=0.022 ev=+0.897 r0=1.0000 entcoef=4.01e-03 lr=2.4e-04 seed=3
iter= 416 step=1334400 ep_ret=-496.655 opt_ret=-496.655 step_rew=-4.9665 opt_step=-4.9665 gap0=496.655 dret=+177.637 eval_ret=n/a pursuer_target_distance=2.100 capture=0.000 score=0.000 pol=-0.0006 val=0.0098 ent=1.2899 tot=-0.0008 agnorm=0.070 cgnorm=0.067 kl=0.0015 clipf=0.011 ev=+0.930 r0=1.0000 entcoef=4.00e-03 lr=2.4e-04 seed=3
iter= 417 step=1337600 ep_ret=-486.623 opt_ret=-486.623 step_rew=-4.8662 opt_step=-4.8662 gap0=486.623 dret=+187.668 eval_ret=n/a pursuer_target_distance=2.327 capture=0.000 score=0.000 pol=-0.0006 val=0.0149 ent=1.2707 tot=+0.0018 agnorm=0.044 cgnorm=0.077 kl=0.0012 clipf=0.006 ev=+0.869 r0=1.0000 entcoef=3.99e-03 lr=2.4e-04 seed=3
iter= 418 step=1340800 ep_ret=-454.767 opt_ret=-454.767 step_rew=-4.5477 opt_step=-4.5477 gap0=454.767 dret=+219.525 eval_ret=n/a pursuer_target_distance=2.366 capture=0.005 score=0.001 pol=-0.0008 val=0.0182 ent=1.2719 tot=+0.0032 agnorm=0.068 cgnorm=0.115 kl=0.0013 clipf=0.009 ev=+0.867 r0=1.0000 entcoef=3.97e-03 lr=2.4e-04 seed=3
iter= 419 step=1344000 ep_ret=-439.912 opt_ret=-439.912 step_rew=-4.3991 opt_step=-4.3991 gap0=439.912 dret=+234.380 eval_ret=n/a pursuer_target_distance=2.093 capture=0.002 score=0.001 pol=-0.0006 val=0.0105 ent=1.2548 tot=-0.0004 agnorm=0.063 cgnorm=0.070 kl=0.0017 clipf=0.010 ev=+0.940 r0=1.0000 entcoef=3.96e-03 lr=2.4e-04 seed=3
iter= 420 step=1347200 ep_ret=-452.399 opt_ret=-452.399 step_rew=-4.5240 opt_step=-4.5240 gap0=452.399 dret=+221.892 eval_ret=-420.800 pursuer_target_distance=1.941 capture=0.000 score=0.000 pol=-0.0006 val=0.0134 ent=1.2334 tot=+0.0012 agnorm=0.051 cgnorm=0.072 kl=0.0016 clipf=0.008 ev=+0.897 r0=1.0000 entcoef=3.94e-03 lr=2.4e-04 seed=3
iter= 421 step=1350400 ep_ret=-421.500 opt_ret=-421.500 step_rew=-4.2150 opt_step=-4.2150 gap0=421.500 dret=+252.792 eval_ret=n/a pursuer_target_distance=1.784 capture=0.000 score=0.000 pol=-0.0006 val=0.0123 ent=1.2516 tot=+0.0007 agnorm=0.044 cgnorm=0.067 kl=0.0011 clipf=0.002 ev=+0.901 r0=1.0000 entcoef=3.93e-03 lr=2.3e-04 seed=3
iter= 422 step=1353600 ep_ret=-488.399 opt_ret=-488.399 step_rew=-4.8840 opt_step=-4.8840 gap0=488.399 dret=+185.893 eval_ret=n/a pursuer_target_distance=2.479 capture=0.000 score=0.000 pol=-0.0006 val=0.0152 ent=1.2386 tot=+0.0022 agnorm=0.055 cgnorm=0.067 kl=0.0014 clipf=0.009 ev=+0.890 r0=1.0000 entcoef=3.91e-03 lr=2.3e-04 seed=3
iter= 423 step=1356800 ep_ret=-519.789 opt_ret=-519.789 step_rew=-5.1979 opt_step=-5.1979 gap0=519.789 dret=+154.503 eval_ret=n/a pursuer_target_distance=2.474 capture=0.000 score=0.000 pol=-0.0008 val=0.0137 ent=1.2757 tot=+0.0011 agnorm=0.061 cgnorm=0.077 kl=0.0014 clipf=0.008 ev=+0.919 r0=1.0000 entcoef=3.90e-03 lr=2.3e-04 seed=3
iter= 424 step=1360000 ep_ret=-545.494 opt_ret=-545.494 step_rew=-5.4549 opt_step=-5.4549 gap0=545.494 dret=+128.798 eval_ret=n/a pursuer_target_distance=2.330 capture=0.000 score=0.000 pol=-0.0007 val=0.0224 ent=1.2568 tot=+0.0056 agnorm=0.065 cgnorm=0.092 kl=0.0018 clipf=0.014 ev=+0.881 r0=1.0000 entcoef=3.88e-03 lr=2.3e-04 seed=3
iter= 425 step=1363200 ep_ret=-518.462 opt_ret=-518.462 step_rew=-5.1846 opt_step=-5.1846 gap0=518.462 dret=+155.830 eval_ret=n/a pursuer_target_distance=2.821 capture=0.000 score=0.000 pol=-0.0005 val=0.0271 ent=1.2690 tot=+0.0082 agnorm=0.047 cgnorm=0.110 kl=0.0018 clipf=0.010 ev=+0.858 r0=1.0000 entcoef=3.87e-03 lr=2.3e-04 seed=3
iter= 426 step=1366400 ep_ret=-440.620 opt_ret=-440.620 step_rew=-4.4062 opt_step=-4.4062 gap0=440.620 dret=+233.672 eval_ret=n/a pursuer_target_distance=2.006 capture=0.000 score=0.000 pol=-0.0004 val=0.0111 ent=1.2535 tot=+0.0003 agnorm=0.046 cgnorm=0.077 kl=0.0006 clipf=0.002 ev=+0.892 r0=1.0000 entcoef=3.86e-03 lr=2.3e-04 seed=3
iter= 427 step=1369600 ep_ret=-500.455 opt_ret=-500.455 step_rew=-5.0046 opt_step=-5.0046 gap0=500.455 dret=+173.836 eval_ret=n/a pursuer_target_distance=2.595 capture=0.002 score=0.000 pol=-0.0011 val=0.0141 ent=1.2562 tot=+0.0012 agnorm=0.078 cgnorm=0.082 kl=0.0017 clipf=0.012 ev=+0.911 r0=1.0000 entcoef=3.84e-03 lr=2.3e-04 seed=3
iter= 428 step=1372800 ep_ret=-426.608 opt_ret=-426.608 step_rew=-4.2661 opt_step=-4.2661 gap0=426.608 dret=+247.683 eval_ret=n/a pursuer_target_distance=2.281 capture=0.000 score=0.000 pol=-0.0004 val=0.0119 ent=1.2613 tot=+0.0007 agnorm=0.050 cgnorm=0.079 kl=0.0013 clipf=0.006 ev=+0.910 r0=1.0000 entcoef=3.83e-03 lr=2.3e-04 seed=3
iter= 429 step=1376000 ep_ret=-439.840 opt_ret=-439.840 step_rew=-4.3984 opt_step=-4.3984 gap0=439.840 dret=+234.452 eval_ret=n/a pursuer_target_distance=2.013 capture=0.000 score=0.000 pol=-0.0006 val=0.0129 ent=1.2620 tot=+0.0010 agnorm=0.068 cgnorm=0.074 kl=0.0014 clipf=0.005 ev=+0.906 r0=1.0000 entcoef=3.81e-03 lr=2.3e-04 seed=3
iter= 430 step=1379200 ep_ret=-487.367 opt_ret=-487.367 step_rew=-4.8737 opt_step=-4.8737 gap0=487.367 dret=+186.925 eval_ret=n/a pursuer_target_distance=2.313 capture=0.000 score=0.000 pol=-0.0003 val=0.0164 ent=1.2535 tot=+0.0031 agnorm=0.060 cgnorm=0.069 kl=0.0012 clipf=0.007 ev=+0.904 r0=1.0000 entcoef=3.80e-03 lr=2.2e-04 seed=3
iter= 431 step=1382400 ep_ret=-474.519 opt_ret=-474.519 step_rew=-4.7452 opt_step=-4.7452 gap0=474.519 dret=+199.772 eval_ret=n/a pursuer_target_distance=2.362 capture=0.000 score=0.000 pol=-0.0005 val=0.0121 ent=1.2445 tot=+0.0008 agnorm=0.044 cgnorm=0.069 kl=0.0011 clipf=0.004 ev=+0.925 r0=1.0000 entcoef=3.78e-03 lr=2.2e-04 seed=3
iter= 432 step=1385600 ep_ret=-560.925 opt_ret=-560.925 step_rew=-5.6093 opt_step=-5.6093 gap0=560.925 dret=+113.367 eval_ret=n/a pursuer_target_distance=2.828 capture=0.000 score=0.000 pol=-0.0006 val=0.0165 ent=1.2181 tot=+0.0031 agnorm=0.073 cgnorm=0.106 kl=0.0013 clipf=0.009 ev=+0.901 r0=1.0000 entcoef=3.77e-03 lr=2.2e-04 seed=3
iter= 433 step=1388800 ep_ret=-511.417 opt_ret=-511.417 step_rew=-5.1142 opt_step=-5.1142 gap0=511.417 dret=+162.875 eval_ret=n/a pursuer_target_distance=2.544 capture=0.000 score=0.000 pol=-0.0008 val=0.0168 ent=1.2275 tot=+0.0030 agnorm=0.072 cgnorm=0.128 kl=0.0016 clipf=0.013 ev=+0.904 r0=1.0000 entcoef=3.75e-03 lr=2.2e-04 seed=3
iter= 434 step=1392000 ep_ret=-488.804 opt_ret=-488.804 step_rew=-4.8880 opt_step=-4.8880 gap0=488.804 dret=+185.487 eval_ret=n/a pursuer_target_distance=2.320 capture=0.000 score=0.000 pol=-0.0007 val=0.0143 ent=1.2440 tot=+0.0018 agnorm=0.078 cgnorm=0.111 kl=0.0023 clipf=0.020 ev=+0.898 r0=1.0000 entcoef=3.74e-03 lr=2.2e-04 seed=3
iter= 435 step=1395200 ep_ret=-469.172 opt_ret=-469.172 step_rew=-4.6917 opt_step=-4.6917 gap0=469.172 dret=+205.119 eval_ret=n/a pursuer_target_distance=2.459 capture=0.000 score=0.000 pol=-0.0007 val=0.0125 ent=1.2167 tot=+0.0010 agnorm=0.072 cgnorm=0.071 kl=0.0017 clipf=0.013 ev=+0.926 r0=1.0000 entcoef=3.73e-03 lr=2.2e-04 seed=3
iter= 436 step=1398400 ep_ret=-504.264 opt_ret=-504.264 step_rew=-5.0426 opt_step=-5.0426 gap0=504.264 dret=+170.028 eval_ret=n/a pursuer_target_distance=2.327 capture=0.000 score=0.000 pol=-0.0005 val=0.0136 ent=1.2286 tot=+0.0017 agnorm=0.044 cgnorm=0.083 kl=0.0008 clipf=0.001 ev=+0.921 r0=1.0000 entcoef=3.71e-03 lr=2.2e-04 seed=3
iter= 437 step=1401600 ep_ret=-461.910 opt_ret=-461.910 step_rew=-4.6191 opt_step=-4.6191 gap0=461.910 dret=+212.382 eval_ret=n/a pursuer_target_distance=1.984 capture=0.000 score=0.000 pol=-0.0008 val=0.0110 ent=1.2173 tot=+0.0002 agnorm=0.078 cgnorm=0.054 kl=0.0020 clipf=0.014 ev=+0.913 r0=1.0000 entcoef=3.70e-03 lr=2.2e-04 seed=3
iter= 438 step=1404800 ep_ret=-514.008 opt_ret=-514.008 step_rew=-5.1401 opt_step=-5.1401 gap0=514.008 dret=+160.284 eval_ret=n/a pursuer_target_distance=2.696 capture=0.000 score=0.000 pol=-0.0006 val=0.0186 ent=1.2286 tot=+0.0042 agnorm=0.081 cgnorm=0.099 kl=0.0012 clipf=0.008 ev=+0.878 r0=1.0000 entcoef=3.68e-03 lr=2.2e-04 seed=3
iter= 439 step=1408000 ep_ret=-444.956 opt_ret=-444.956 step_rew=-4.4496 opt_step=-4.4496 gap0=444.956 dret=+229.336 eval_ret=n/a pursuer_target_distance=1.956 capture=0.000 score=0.000 pol=-0.0007 val=0.0102 ent=1.2341 tot=-0.0001 agnorm=0.067 cgnorm=0.066 kl=0.0017 clipf=0.010 ev=+0.940 r0=1.0000 entcoef=3.67e-03 lr=2.1e-04 seed=3
iter= 440 step=1411200 ep_ret=-524.517 opt_ret=-524.517 step_rew=-5.2452 opt_step=-5.2452 gap0=524.517 dret=+149.775 eval_ret=-422.904 pursuer_target_distance=2.451 capture=0.000 score=0.000 pol=-0.0007 val=0.0107 ent=1.2468 tot=+0.0001 agnorm=0.090 cgnorm=0.060 kl=0.0014 clipf=0.008 ev=+0.933 r0=1.0000 entcoef=3.65e-03 lr=2.1e-04 seed=3
iter= 441 step=1414400 ep_ret=-487.762 opt_ret=-487.762 step_rew=-4.8776 opt_step=-4.8776 gap0=487.762 dret=+186.530 eval_ret=n/a pursuer_target_distance=2.287 capture=0.000 score=0.000 pol=-0.0004 val=0.0129 ent=1.2334 tot=+0.0015 agnorm=0.057 cgnorm=0.065 kl=0.0012 clipf=0.007 ev=+0.912 r0=1.0000 entcoef=3.64e-03 lr=2.1e-04 seed=3
iter= 442 step=1417600 ep_ret=-446.956 opt_ret=-446.956 step_rew=-4.4696 opt_step=-4.4696 gap0=446.956 dret=+227.336 eval_ret=n/a pursuer_target_distance=2.120 capture=0.000 score=0.000 pol=-0.0006 val=0.0087 ent=1.2482 tot=-0.0008 agnorm=0.067 cgnorm=0.060 kl=0.0011 clipf=0.006 ev=+0.916 r0=1.0000 entcoef=3.62e-03 lr=2.1e-04 seed=3
iter= 443 step=1420800 ep_ret=-437.889 opt_ret=-437.889 step_rew=-4.3789 opt_step=-4.3789 gap0=437.889 dret=+236.403 eval_ret=n/a pursuer_target_distance=1.753 capture=0.001 score=0.000 pol=-0.0005 val=0.0113 ent=1.2625 tot=+0.0006 agnorm=0.072 cgnorm=0.073 kl=0.0013 clipf=0.007 ev=+0.907 r0=1.0000 entcoef=3.61e-03 lr=2.1e-04 seed=3
iter= 444 step=1424000 ep_ret=-381.568 opt_ret=-381.568 step_rew=-3.8157 opt_step=-3.8157 gap0=381.568 dret=+292.724 eval_ret=n/a pursuer_target_distance=1.815 capture=0.002 score=0.001 pol=-0.0009 val=0.0103 ent=1.2417 tot=-0.0002 agnorm=0.099 cgnorm=0.061 kl=0.0018 clipf=0.015 ev=+0.897 r0=1.0000 entcoef=3.60e-03 lr=2.1e-04 seed=3
iter= 445 step=1427200 ep_ret=-486.968 opt_ret=-486.968 step_rew=-4.8697 opt_step=-4.8697 gap0=486.968 dret=+187.323 eval_ret=n/a pursuer_target_distance=2.412 capture=0.000 score=0.000 pol=-0.0006 val=0.0105 ent=1.2222 tot=+0.0002 agnorm=0.074 cgnorm=0.078 kl=0.0015 clipf=0.009 ev=+0.920 r0=1.0000 entcoef=3.58e-03 lr=2.1e-04 seed=3
iter= 446 step=1430400 ep_ret=-485.156 opt_ret=-485.156 step_rew=-4.8516 opt_step=-4.8516 gap0=485.156 dret=+189.136 eval_ret=n/a pursuer_target_distance=2.334 capture=0.000 score=0.000 pol=-0.0003 val=0.0140 ent=1.2198 tot=+0.0023 agnorm=0.048 cgnorm=0.104 kl=0.0005 clipf=0.000 ev=+0.892 r0=1.0000 entcoef=3.57e-03 lr=2.1e-04 seed=3
iter= 447 step=1433600 ep_ret=-401.656 opt_ret=-401.656 step_rew=-4.0166 opt_step=-4.0166 gap0=401.656 dret=+272.636 eval_ret=n/a pursuer_target_distance=1.821 capture=0.000 score=0.000 pol=-0.0008 val=0.0123 ent=1.2304 tot=+0.0010 agnorm=0.114 cgnorm=0.076 kl=0.0021 clipf=0.019 ev=+0.900 r0=1.0000 entcoef=3.55e-03 lr=2.1e-04 seed=3
iter= 448 step=1436800 ep_ret=-432.774 opt_ret=-432.774 step_rew=-4.3277 opt_step=-4.3277 gap0=432.774 dret=+241.518 eval_ret=n/a pursuer_target_distance=2.134 capture=0.000 score=0.000 pol=-0.0007 val=0.0097 ent=1.2166 tot=-0.0002 agnorm=0.068 cgnorm=0.048 kl=0.0014 clipf=0.010 ev=+0.923 r0=1.0000 entcoef=3.54e-03 lr=2.0e-04 seed=3
iter= 449 step=1440000 ep_ret=-459.510 opt_ret=-459.510 step_rew=-4.5951 opt_step=-4.5951 gap0=459.510 dret=+214.782 eval_ret=n/a pursuer_target_distance=2.030 capture=0.001 score=0.000 pol=-0.0006 val=0.0110 ent=1.2088 tot=+0.0006 agnorm=0.064 cgnorm=0.092 kl=0.0017 clipf=0.012 ev=+0.918 r0=1.0000 entcoef=3.52e-03 lr=2.0e-04 seed=3
iter= 450 step=1443200 ep_ret=-408.421 opt_ret=-408.421 step_rew=-4.0842 opt_step=-4.0842 gap0=408.421 dret=+265.871 eval_ret=n/a pursuer_target_distance=1.848 capture=0.000 score=0.000 pol=-0.0004 val=0.0111 ent=1.2090 tot=+0.0009 agnorm=0.048 cgnorm=0.075 kl=0.0012 clipf=0.005 ev=+0.904 r0=1.0000 entcoef=3.51e-03 lr=2.0e-04 seed=3
iter= 451 step=1446400 ep_ret=-491.793 opt_ret=-491.793 step_rew=-4.9179 opt_step=-4.9179 gap0=491.793 dret=+182.498 eval_ret=n/a pursuer_target_distance=2.450 capture=0.000 score=0.000 pol=-0.0004 val=0.0128 ent=1.1605 tot=+0.0019 agnorm=0.077 cgnorm=0.063 kl=0.0015 clipf=0.009 ev=+0.920 r0=1.0000 entcoef=3.50e-03 lr=2.0e-04 seed=3
iter= 452 step=1449600 ep_ret=-448.480 opt_ret=-448.480 step_rew=-4.4848 opt_step=-4.4848 gap0=448.480 dret=+225.812 eval_ret=n/a pursuer_target_distance=1.978 capture=0.002 score=0.001 pol=-0.0008 val=0.0142 ent=1.2015 tot=+0.0021 agnorm=0.107 cgnorm=0.076 kl=0.0017 clipf=0.011 ev=+0.886 r0=1.0000 entcoef=3.48e-03 lr=2.0e-04 seed=3
iter= 453 step=1452800 ep_ret=-485.812 opt_ret=-485.812 step_rew=-4.8581 opt_step=-4.8581 gap0=485.812 dret=+188.480 eval_ret=n/a pursuer_target_distance=2.251 capture=0.000 score=0.000 pol=-0.0008 val=0.0166 ent=1.2209 tot=+0.0032 agnorm=0.084 cgnorm=0.096 kl=0.0018 clipf=0.013 ev=+0.876 r0=1.0000 entcoef=3.47e-03 lr=2.0e-04 seed=3
iter= 454 step=1456000 ep_ret=-471.096 opt_ret=-471.096 step_rew=-4.7110 opt_step=-4.7110 gap0=471.096 dret=+203.196 eval_ret=n/a pursuer_target_distance=2.175 capture=0.000 score=0.000 pol=-0.0006 val=0.0111 ent=1.2008 tot=+0.0008 agnorm=0.063 cgnorm=0.077 kl=0.0014 clipf=0.004 ev=+0.882 r0=1.0000 entcoef=3.45e-03 lr=2.0e-04 seed=3
iter= 455 step=1459200 ep_ret=-417.810 opt_ret=-417.810 step_rew=-4.1781 opt_step=-4.1781 gap0=417.810 dret=+256.481 eval_ret=n/a pursuer_target_distance=1.926 capture=0.000 score=0.000 pol=-0.0004 val=0.0086 ent=1.1954 tot=-0.0002 agnorm=0.055 cgnorm=0.048 kl=0.0009 clipf=0.003 ev=+0.916 r0=1.0000 entcoef=3.44e-03 lr=2.0e-04 seed=3
iter= 456 step=1462400 ep_ret=-507.839 opt_ret=-507.839 step_rew=-5.0784 opt_step=-5.0784 gap0=507.839 dret=+166.453 eval_ret=n/a pursuer_target_distance=2.387 capture=0.000 score=0.000 pol=-0.0006 val=0.0103 ent=1.1839 tot=+0.0004 agnorm=0.096 cgnorm=0.054 kl=0.0015 clipf=0.009 ev=+0.925 r0=1.0000 entcoef=3.42e-03 lr=2.0e-04 seed=3
iter= 457 step=1465600 ep_ret=-414.147 opt_ret=-414.147 step_rew=-4.1415 opt_step=-4.1415 gap0=414.147 dret=+260.144 eval_ret=n/a pursuer_target_distance=1.730 capture=0.001 score=0.000 pol=-0.0005 val=0.0091 ent=1.2048 tot=-0.0001 agnorm=0.041 cgnorm=0.045 kl=0.0007 clipf=0.004 ev=+0.926 r0=1.0000 entcoef=3.41e-03 lr=1.9e-04 seed=3
iter= 458 step=1468800 ep_ret=-438.016 opt_ret=-438.016 step_rew=-4.3802 opt_step=-4.3802 gap0=438.016 dret=+236.275 eval_ret=n/a pursuer_target_distance=1.885 capture=0.000 score=0.000 pol=-0.0007 val=0.0113 ent=1.2031 tot=+0.0009 agnorm=0.049 cgnorm=0.084 kl=0.0010 clipf=0.003 ev=+0.872 r0=1.0000 entcoef=3.39e-03 lr=1.9e-04 seed=3
iter= 459 step=1472000 ep_ret=-501.835 opt_ret=-501.835 step_rew=-5.0183 opt_step=-5.0183 gap0=501.835 dret=+172.457 eval_ret=n/a pursuer_target_distance=2.467 capture=0.000 score=0.000 pol=-0.0005 val=0.0140 ent=1.1995 tot=+0.0024 agnorm=0.046 cgnorm=0.096 kl=0.0008 clipf=0.004 ev=+0.891 r0=1.0000 entcoef=3.38e-03 lr=1.9e-04 seed=3
iter= 460 step=1475200 ep_ret=-435.727 opt_ret=-435.727 step_rew=-4.3573 opt_step=-4.3573 gap0=435.727 dret=+238.565 eval_ret=-400.944 pursuer_target_distance=2.144 capture=0.002 score=0.000 pol=-0.0007 val=0.0113 ent=1.2265 tot=+0.0008 agnorm=0.060 cgnorm=0.083 kl=0.0014 clipf=0.007 ev=+0.909 r0=1.0000 entcoef=3.37e-03 lr=1.9e-04 seed=3
iter= 461 step=1478400 ep_ret=-426.427 opt_ret=-426.427 step_rew=-4.2643 opt_step=-4.2643 gap0=426.427 dret=+247.865 eval_ret=n/a pursuer_target_distance=2.085 capture=0.001 score=0.000 pol=-0.0004 val=0.0145 ent=1.2278 tot=+0.0027 agnorm=0.068 cgnorm=0.058 kl=0.0012 clipf=0.005 ev=+0.895 r0=1.0000 entcoef=3.35e-03 lr=1.9e-04 seed=3
iter= 462 step=1481600 ep_ret=-469.936 opt_ret=-469.936 step_rew=-4.6994 opt_step=-4.6994 gap0=469.936 dret=+204.356 eval_ret=n/a pursuer_target_distance=2.380 capture=0.000 score=0.000 pol=-0.0005 val=0.0117 ent=1.2055 tot=+0.0013 agnorm=0.087 cgnorm=0.061 kl=0.0018 clipf=0.013 ev=+0.878 r0=1.0000 entcoef=3.34e-03 lr=1.9e-04 seed=3
iter= 463 step=1484800 ep_ret=-467.451 opt_ret=-467.451 step_rew=-4.6745 opt_step=-4.6745 gap0=467.451 dret=+206.840 eval_ret=n/a pursuer_target_distance=2.276 capture=0.000 score=0.000 pol=-0.0007 val=0.0135 ent=1.2020 tot=+0.0021 agnorm=0.104 cgnorm=0.049 kl=0.0014 clipf=0.009 ev=+0.890 r0=1.0000 entcoef=3.32e-03 lr=1.9e-04 seed=3
iter= 464 step=1488000 ep_ret=-433.655 opt_ret=-433.655 step_rew=-4.3366 opt_step=-4.3366 gap0=433.655 dret=+240.637 eval_ret=n/a pursuer_target_distance=1.863 capture=0.001 score=0.000 pol=-0.0006 val=0.0113 ent=1.2106 tot=+0.0011 agnorm=0.078 cgnorm=0.068 kl=0.0015 clipf=0.010 ev=+0.903 r0=1.0000 entcoef=3.31e-03 lr=1.9e-04 seed=3
iter= 465 step=1491200 ep_ret=-485.400 opt_ret=-485.400 step_rew=-4.8540 opt_step=-4.8540 gap0=485.400 dret=+188.892 eval_ret=n/a pursuer_target_distance=2.458 capture=0.000 score=0.000 pol=-0.0007 val=0.0149 ent=1.2084 tot=+0.0028 agnorm=0.104 cgnorm=0.063 kl=0.0015 clipf=0.013 ev=+0.880 r0=1.0000 entcoef=3.29e-03 lr=1.9e-04 seed=3
iter= 466 step=1494400 ep_ret=-421.261 opt_ret=-421.261 step_rew=-4.2126 opt_step=-4.2126 gap0=421.261 dret=+253.031 eval_ret=n/a pursuer_target_distance=2.132 capture=0.000 score=0.000 pol=-0.0007 val=0.0118 ent=1.2368 tot=+0.0012 agnorm=0.067 cgnorm=0.057 kl=0.0012 clipf=0.005 ev=+0.917 r0=1.0000 entcoef=3.28e-03 lr=1.8e-04 seed=3
iter= 467 step=1497600 ep_ret=-454.386 opt_ret=-454.386 step_rew=-4.5439 opt_step=-4.5439 gap0=454.386 dret=+219.905 eval_ret=n/a pursuer_target_distance=2.171 capture=0.003 score=0.001 pol=-0.0005 val=0.0149 ent=1.2105 tot=+0.0030 agnorm=0.082 cgnorm=0.065 kl=0.0015 clipf=0.008 ev=+0.896 r0=1.0000 entcoef=3.26e-03 lr=1.8e-04 seed=3
iter= 468 step=1500800 ep_ret=-381.622 opt_ret=-381.622 step_rew=-3.8162 opt_step=-3.8162 gap0=381.622 dret=+292.670 eval_ret=n/a pursuer_target_distance=1.729 capture=0.000 score=0.000 pol=-0.0004 val=0.0118 ent=1.2166 tot=+0.0015 agnorm=0.072 cgnorm=0.069 kl=0.0010 clipf=0.004 ev=+0.876 r0=1.0000 entcoef=3.25e-03 lr=1.8e-04 seed=3
iter= 469 step=1504000 ep_ret=-446.766 opt_ret=-446.766 step_rew=-4.4677 opt_step=-4.4677 gap0=446.766 dret=+227.526 eval_ret=n/a pursuer_target_distance=2.205 capture=0.000 score=0.000 pol=-0.0004 val=0.0103 ent=1.2024 tot=+0.0009 agnorm=0.047 cgnorm=0.061 kl=0.0007 clipf=0.002 ev=+0.918 r0=1.0000 entcoef=3.24e-03 lr=1.8e-04 seed=3
iter= 470 step=1507200 ep_ret=-421.486 opt_ret=-421.486 step_rew=-4.2149 opt_step=-4.2149 gap0=421.486 dret=+252.806 eval_ret=n/a pursuer_target_distance=1.635 capture=0.000 score=0.000 pol=-0.0007 val=0.0098 ent=1.2135 tot=+0.0003 agnorm=0.070 cgnorm=0.064 kl=0.0014 clipf=0.009 ev=+0.888 r0=1.0000 entcoef=3.22e-03 lr=1.8e-04 seed=3
iter= 471 step=1510400 ep_ret=-459.832 opt_ret=-459.832 step_rew=-4.5983 opt_step=-4.5983 gap0=459.832 dret=+214.460 eval_ret=n/a pursuer_target_distance=2.204 capture=0.000 score=0.000 pol=-0.0009 val=0.0101 ent=1.2039 tot=+0.0003 agnorm=0.061 cgnorm=0.071 kl=0.0012 clipf=0.004 ev=+0.892 r0=1.0000 entcoef=3.21e-03 lr=1.8e-04 seed=3
iter= 472 step=1513600 ep_ret=-450.871 opt_ret=-450.871 step_rew=-4.5087 opt_step=-4.5087 gap0=450.871 dret=+223.421 eval_ret=n/a pursuer_target_distance=1.940 capture=0.000 score=0.000 pol=-0.0008 val=0.0076 ent=1.2033 tot=-0.0008 agnorm=0.090 cgnorm=0.052 kl=0.0018 clipf=0.014 ev=+0.925 r0=1.0000 entcoef=3.19e-03 lr=1.8e-04 seed=3
iter= 473 step=1516800 ep_ret=-437.480 opt_ret=-437.480 step_rew=-4.3748 opt_step=-4.3748 gap0=437.480 dret=+236.812 eval_ret=n/a pursuer_target_distance=2.218 capture=0.000 score=0.000 pol=-0.0003 val=0.0090 ent=1.2131 tot=+0.0003 agnorm=0.075 cgnorm=0.055 kl=0.0010 clipf=0.004 ev=+0.921 r0=1.0000 entcoef=3.18e-03 lr=1.8e-04 seed=3
iter= 474 step=1520000 ep_ret=-383.605 opt_ret=-383.605 step_rew=-3.8360 opt_step=-3.8360 gap0=383.605 dret=+290.687 eval_ret=n/a pursuer_target_distance=1.663 capture=0.000 score=0.000 pol=-0.0006 val=0.0066 ent=1.2359 tot=-0.0012 agnorm=0.117 cgnorm=0.054 kl=0.0016 clipf=0.011 ev=+0.922 r0=1.0000 entcoef=3.16e-03 lr=1.8e-04 seed=3
iter= 475 step=1523200 ep_ret=-417.077 opt_ret=-417.077 step_rew=-4.1708 opt_step=-4.1708 gap0=417.077 dret=+257.215 eval_ret=n/a pursuer_target_distance=1.858 capture=0.000 score=0.000 pol=-0.0004 val=0.0072 ent=1.1978 tot=-0.0006 agnorm=0.068 cgnorm=0.054 kl=0.0014 clipf=0.008 ev=+0.929 r0=1.0000 entcoef=3.15e-03 lr=1.7e-04 seed=3
iter= 476 step=1526400 ep_ret=-481.832 opt_ret=-481.832 step_rew=-4.8183 opt_step=-4.8183 gap0=481.832 dret=+192.460 eval_ret=n/a pursuer_target_distance=2.202 capture=0.000 score=0.000 pol=-0.0005 val=0.0088 ent=1.1959 tot=+0.0002 agnorm=0.086 cgnorm=0.065 kl=0.0013 clipf=0.007 ev=+0.930 r0=1.0000 entcoef=3.13e-03 lr=1.7e-04 seed=3
iter= 477 step=1529600 ep_ret=-390.223 opt_ret=-390.223 step_rew=-3.9022 opt_step=-3.9022 gap0=390.223 dret=+284.069 eval_ret=n/a pursuer_target_distance=1.836 capture=0.000 score=0.000 pol=-0.0005 val=0.0086 ent=1.2210 tot=+0.0000 agnorm=0.088 cgnorm=0.051 kl=0.0011 clipf=0.005 ev=+0.897 r0=1.0000 entcoef=3.12e-03 lr=1.7e-04 seed=3
iter= 478 step=1532800 ep_ret=-437.018 opt_ret=-437.018 step_rew=-4.3702 opt_step=-4.3702 gap0=437.018 dret=+237.274 eval_ret=n/a pursuer_target_distance=2.108 capture=0.000 score=0.000 pol=-0.0005 val=0.0081 ent=1.1896 tot=-0.0002 agnorm=0.051 cgnorm=0.054 kl=0.0005 clipf=0.000 ev=+0.911 r0=1.0000 entcoef=3.11e-03 lr=1.7e-04 seed=3
iter= 479 step=1536000 ep_ret=-447.966 opt_ret=-447.966 step_rew=-4.4797 opt_step=-4.4797 gap0=447.966 dret=+226.325 eval_ret=n/a pursuer_target_distance=1.959 capture=0.000 score=0.000 pol=-0.0007 val=0.0104 ent=1.2135 tot=+0.0008 agnorm=0.078 cgnorm=0.061 kl=0.0019 clipf=0.016 ev=+0.875 r0=1.0000 entcoef=3.09e-03 lr=1.7e-04 seed=3
iter= 480 step=1539200 ep_ret=-421.870 opt_ret=-421.870 step_rew=-4.2187 opt_step=-4.2187 gap0=421.870 dret=+252.422 eval_ret=-370.229 pursuer_target_distance=1.873 capture=0.000 score=0.000 pol=-0.0006 val=0.0093 ent=1.2280 tot=+0.0003 agnorm=0.096 cgnorm=0.058 kl=0.0016 clipf=0.013 ev=+0.895 r0=1.0000 entcoef=3.08e-03 lr=1.7e-04 seed=3
iter= 481 step=1542400 ep_ret=-445.323 opt_ret=-445.323 step_rew=-4.4532 opt_step=-4.4532 gap0=445.323 dret=+228.969 eval_ret=n/a pursuer_target_distance=2.032 capture=0.000 score=0.000 pol=-0.0006 val=0.0111 ent=1.1983 tot=+0.0013 agnorm=0.073 cgnorm=0.053 kl=0.0011 clipf=0.005 ev=+0.879 r0=1.0000 entcoef=3.06e-03 lr=1.7e-04 seed=3
iter= 482 step=1545600 ep_ret=-392.280 opt_ret=-392.280 step_rew=-3.9228 opt_step=-3.9228 gap0=392.280 dret=+282.012 eval_ret=n/a pursuer_target_distance=1.916 capture=0.000 score=0.000 pol=-0.0008 val=0.0104 ent=1.2359 tot=+0.0006 agnorm=0.122 cgnorm=0.066 kl=0.0022 clipf=0.018 ev=+0.904 r0=1.0000 entcoef=3.05e-03 lr=1.7e-04 seed=3
iter= 483 step=1548800 ep_ret=-434.617 opt_ret=-434.617 step_rew=-4.3462 opt_step=-4.3462 gap0=434.617 dret=+239.675 eval_ret=n/a pursuer_target_distance=1.988 capture=0.000 score=0.000 pol=-0.0006 val=0.0137 ent=1.2096 tot=+0.0025 agnorm=0.051 cgnorm=0.065 kl=0.0012 clipf=0.008 ev=+0.861 r0=1.0000 entcoef=3.03e-03 lr=1.7e-04 seed=3
iter= 484 step=1552000 ep_ret=-450.592 opt_ret=-450.592 step_rew=-4.5059 opt_step=-4.5059 gap0=450.592 dret=+223.700 eval_ret=n/a pursuer_target_distance=1.870 capture=0.000 score=0.000 pol=-0.0005 val=0.0130 ent=1.2063 tot=+0.0023 agnorm=0.097 cgnorm=0.068 kl=0.0011 clipf=0.005 ev=+0.881 r0=1.0000 entcoef=3.02e-03 lr=1.6e-04 seed=3
iter= 485 step=1555200 ep_ret=-430.924 opt_ret=-430.924 step_rew=-4.3092 opt_step=-4.3092 gap0=430.924 dret=+243.368 eval_ret=n/a pursuer_target_distance=1.841 capture=0.000 score=0.000 pol=-0.0006 val=0.0106 ent=1.2105 tot=+0.0011 agnorm=0.064 cgnorm=0.067 kl=0.0008 clipf=0.003 ev=+0.886 r0=1.0000 entcoef=3.00e-03 lr=1.6e-04 seed=3
iter= 486 step=1558400 ep_ret=-424.964 opt_ret=-424.964 step_rew=-4.2496 opt_step=-4.2496 gap0=424.964 dret=+249.328 eval_ret=n/a pursuer_target_distance=2.050 capture=0.001 score=0.000 pol=-0.0005 val=0.0075 ent=1.1915 tot=-0.0003 agnorm=0.082 cgnorm=0.058 kl=0.0010 clipf=0.005 ev=+0.922 r0=1.0000 entcoef=2.99e-03 lr=1.6e-04 seed=3
iter= 487 step=1561600 ep_ret=-420.955 opt_ret=-420.955 step_rew=-4.2095 opt_step=-4.2095 gap0=420.955 dret=+253.337 eval_ret=n/a pursuer_target_distance=1.982 capture=0.000 score=0.000 pol=-0.0006 val=0.0077 ent=1.2087 tot=-0.0004 agnorm=0.146 cgnorm=0.043 kl=0.0017 clipf=0.014 ev=+0.928 r0=1.0000 entcoef=2.98e-03 lr=1.6e-04 seed=3
iter= 488 step=1564800 ep_ret=-436.057 opt_ret=-436.057 step_rew=-4.3606 opt_step=-4.3606 gap0=436.057 dret=+238.235 eval_ret=n/a pursuer_target_distance=2.117 capture=0.000 score=0.000 pol=-0.0009 val=0.0091 ent=1.1961 tot=+0.0001 agnorm=0.088 cgnorm=0.050 kl=0.0017 clipf=0.010 ev=+0.917 r0=1.0000 entcoef=2.96e-03 lr=1.6e-04 seed=3
iter= 489 step=1568000 ep_ret=-462.586 opt_ret=-462.586 step_rew=-4.6259 opt_step=-4.6259 gap0=462.586 dret=+211.706 eval_ret=n/a pursuer_target_distance=2.124 capture=0.000 score=0.000 pol=-0.0004 val=0.0104 ent=1.1947 tot=+0.0013 agnorm=0.087 cgnorm=0.050 kl=0.0012 clipf=0.006 ev=+0.918 r0=1.0000 entcoef=2.95e-03 lr=1.6e-04 seed=3
iter= 490 step=1571200 ep_ret=-491.224 opt_ret=-491.224 step_rew=-4.9122 opt_step=-4.9122 gap0=491.224 dret=+183.068 eval_ret=n/a pursuer_target_distance=2.679 capture=0.000 score=0.000 pol=-0.0008 val=0.0101 ent=1.1875 tot=+0.0008 agnorm=0.098 cgnorm=0.064 kl=0.0014 clipf=0.009 ev=+0.915 r0=1.0000 entcoef=2.93e-03 lr=1.6e-04 seed=3
iter= 491 step=1574400 ep_ret=-506.537 opt_ret=-506.537 step_rew=-5.0654 opt_step=-5.0654 gap0=506.537 dret=+167.755 eval_ret=n/a pursuer_target_distance=2.254 capture=0.000 score=0.000 pol=-0.0003 val=0.0118 ent=1.1746 tot=+0.0022 agnorm=0.072 cgnorm=0.070 kl=0.0010 clipf=0.006 ev=+0.921 r0=1.0000 entcoef=2.92e-03 lr=1.6e-04 seed=3
iter= 492 step=1577600 ep_ret=-462.797 opt_ret=-462.797 step_rew=-4.6280 opt_step=-4.6280 gap0=462.797 dret=+211.494 eval_ret=n/a pursuer_target_distance=2.049 capture=0.000 score=0.000 pol=-0.0005 val=0.0075 ent=1.1959 tot=-0.0003 agnorm=0.116 cgnorm=0.069 kl=0.0009 clipf=0.008 ev=+0.917 r0=1.0000 entcoef=2.90e-03 lr=1.6e-04 seed=3
iter= 493 step=1580800 ep_ret=-464.002 opt_ret=-464.002 step_rew=-4.6400 opt_step=-4.6400 gap0=464.002 dret=+210.290 eval_ret=n/a pursuer_target_distance=2.174 capture=0.000 score=0.000 pol=-0.0007 val=0.0100 ent=1.1658 tot=+0.0010 agnorm=0.085 cgnorm=0.076 kl=0.0015 clipf=0.008 ev=+0.884 r0=1.0000 entcoef=2.89e-03 lr=1.5e-04 seed=3
iter= 494 step=1584000 ep_ret=-419.989 opt_ret=-419.989 step_rew=-4.1999 opt_step=-4.1999 gap0=419.989 dret=+254.303 eval_ret=n/a pursuer_target_distance=1.968 capture=0.000 score=0.000 pol=-0.0005 val=0.0105 ent=1.1984 tot=+0.0014 agnorm=0.097 cgnorm=0.075 kl=0.0014 clipf=0.009 ev=+0.858 r0=1.0000 entcoef=2.87e-03 lr=1.5e-04 seed=3
iter= 495 step=1587200 ep_ret=-412.985 opt_ret=-412.985 step_rew=-4.1299 opt_step=-4.1299 gap0=412.985 dret=+261.307 eval_ret=n/a pursuer_target_distance=1.718 capture=0.000 score=0.000 pol=-0.0006 val=0.0082 ent=1.1740 tot=+0.0001 agnorm=0.106 cgnorm=0.055 kl=0.0014 clipf=0.007 ev=+0.857 r0=1.0000 entcoef=2.86e-03 lr=1.5e-04 seed=3
iter= 496 step=1590400 ep_ret=-464.643 opt_ret=-464.643 step_rew=-4.6464 opt_step=-4.6464 gap0=464.643 dret=+209.649 eval_ret=n/a pursuer_target_distance=2.120 capture=0.001 score=0.000 pol=-0.0005 val=0.0089 ent=1.1592 tot=+0.0006 agnorm=0.079 cgnorm=0.059 kl=0.0013 clipf=0.006 ev=+0.920 r0=1.0000 entcoef=2.85e-03 lr=1.5e-04 seed=3
iter= 497 step=1593600 ep_ret=-407.327 opt_ret=-407.327 step_rew=-4.0733 opt_step=-4.0733 gap0=407.327 dret=+266.965 eval_ret=n/a pursuer_target_distance=1.901 capture=0.000 score=0.000 pol=-0.0005 val=0.0092 ent=1.1884 tot=+0.0007 agnorm=0.075 cgnorm=0.042 kl=0.0016 clipf=0.009 ev=+0.904 r0=1.0000 entcoef=2.83e-03 lr=1.5e-04 seed=3
iter= 498 step=1596800 ep_ret=-432.306 opt_ret=-432.306 step_rew=-4.3231 opt_step=-4.3231 gap0=432.306 dret=+241.986 eval_ret=n/a pursuer_target_distance=1.840 capture=0.000 score=0.000 pol=-0.0005 val=0.0085 ent=1.1641 tot=+0.0005 agnorm=0.084 cgnorm=0.064 kl=0.0012 clipf=0.007 ev=+0.893 r0=1.0000 entcoef=2.82e-03 lr=1.5e-04 seed=3
iter= 499 step=1600000 ep_ret=-399.501 opt_ret=-399.501 step_rew=-3.9950 opt_step=-3.9950 gap0=399.501 dret=+274.790 eval_ret=n/a pursuer_target_distance=1.702 capture=0.001 score=0.000 pol=-0.0005 val=0.0086 ent=1.1848 tot=+0.0005 agnorm=0.073 cgnorm=0.053 kl=0.0008 clipf=0.002 ev=+0.903 r0=1.0000 entcoef=2.80e-03 lr=1.5e-04 seed=3
iter= 500 step=1603200 ep_ret=-419.753 opt_ret=-419.753 step_rew=-4.1975 opt_step=-4.1975 gap0=419.753 dret=+254.539 eval_ret=-385.420 pursuer_target_distance=1.973 capture=0.000 score=0.000 pol=-0.0007 val=0.0078 ent=1.1758 tot=-0.0001 agnorm=0.096 cgnorm=0.060 kl=0.0019 clipf=0.017 ev=+0.895 r0=1.0000 entcoef=2.79e-03 lr=1.5e-04 seed=3
iter= 501 step=1606400 ep_ret=-420.008 opt_ret=-420.008 step_rew=-4.2001 opt_step=-4.2001 gap0=420.008 dret=+254.284 eval_ret=n/a pursuer_target_distance=2.001 capture=0.000 score=0.000 pol=-0.0006 val=0.0083 ent=1.1731 tot=+0.0003 agnorm=0.070 cgnorm=0.075 kl=0.0011 clipf=0.005 ev=+0.869 r0=1.0000 entcoef=2.77e-03 lr=1.5e-04 seed=3
iter= 502 step=1609600 ep_ret=-439.129 opt_ret=-439.129 step_rew=-4.3913 opt_step=-4.3913 gap0=439.129 dret=+235.163 eval_ret=n/a pursuer_target_distance=2.107 capture=0.000 score=0.000 pol=-0.0004 val=0.0080 ent=1.1797 tot=+0.0004 agnorm=0.089 cgnorm=0.058 kl=0.0013 clipf=0.006 ev=+0.911 r0=1.0000 entcoef=2.76e-03 lr=1.4e-04 seed=3
iter= 503 step=1612800 ep_ret=-426.360 opt_ret=-426.360 step_rew=-4.2636 opt_step=-4.2636 gap0=426.360 dret=+247.932 eval_ret=n/a pursuer_target_distance=1.852 capture=0.000 score=0.000 pol=-0.0006 val=0.0079 ent=1.1828 tot=+0.0001 agnorm=0.089 cgnorm=0.063 kl=0.0014 clipf=0.009 ev=+0.899 r0=1.0000 entcoef=2.75e-03 lr=1.4e-04 seed=3
iter= 504 step=1616000 ep_ret=-452.250 opt_ret=-452.250 step_rew=-4.5225 opt_step=-4.5225 gap0=452.250 dret=+222.042 eval_ret=n/a pursuer_target_distance=1.957 capture=0.000 score=0.000 pol=-0.0005 val=0.0091 ent=1.1734 tot=+0.0009 agnorm=0.119 cgnorm=0.073 kl=0.0016 clipf=0.012 ev=+0.857 r0=1.0000 entcoef=2.73e-03 lr=1.4e-04 seed=3
iter= 505 step=1619200 ep_ret=-427.545 opt_ret=-427.545 step_rew=-4.2754 opt_step=-4.2754 gap0=427.545 dret=+246.747 eval_ret=n/a pursuer_target_distance=2.035 capture=0.000 score=0.000 pol=-0.0006 val=0.0068 ent=1.1795 tot=-0.0004 agnorm=0.104 cgnorm=0.061 kl=0.0013 clipf=0.009 ev=+0.897 r0=1.0000 entcoef=2.72e-03 lr=1.4e-04 seed=3
iter= 506 step=1622400 ep_ret=-433.324 opt_ret=-433.324 step_rew=-4.3332 opt_step=-4.3332 gap0=433.324 dret=+240.968 eval_ret=n/a pursuer_target_distance=1.823 capture=0.000 score=0.000 pol=-0.0003 val=0.0082 ent=1.1840 tot=+0.0006 agnorm=0.055 cgnorm=0.049 kl=0.0012 clipf=0.005 ev=+0.892 r0=1.0000 entcoef=2.70e-03 lr=1.4e-04 seed=3
iter= 507 step=1625600 ep_ret=-420.095 opt_ret=-420.095 step_rew=-4.2010 opt_step=-4.2010 gap0=420.095 dret=+254.196 eval_ret=n/a pursuer_target_distance=2.065 capture=0.000 score=0.000 pol=-0.0004 val=0.0142 ent=1.1813 tot=+0.0035 agnorm=0.059 cgnorm=0.080 kl=0.0009 clipf=0.005 ev=+0.825 r0=1.0000 entcoef=2.69e-03 lr=1.4e-04 seed=3
iter= 508 step=1628800 ep_ret=-443.585 opt_ret=-443.585 step_rew=-4.4358 opt_step=-4.4358 gap0=443.585 dret=+230.707 eval_ret=n/a pursuer_target_distance=1.932 capture=0.000 score=0.000 pol=-0.0005 val=0.0076 ent=1.1870 tot=+0.0001 agnorm=0.054 cgnorm=0.044 kl=0.0008 clipf=0.004 ev=+0.911 r0=1.0000 entcoef=2.67e-03 lr=1.4e-04 seed=3
iter= 509 step=1632000 ep_ret=-445.598 opt_ret=-445.598 step_rew=-4.4560 opt_step=-4.4560 gap0=445.598 dret=+228.694 eval_ret=n/a pursuer_target_distance=1.975 capture=0.000 score=0.000 pol=-0.0007 val=0.0073 ent=1.1970 tot=-0.0003 agnorm=0.087 cgnorm=0.053 kl=0.0012 clipf=0.006 ev=+0.898 r0=1.0000 entcoef=2.66e-03 lr=1.4e-04 seed=3
iter= 510 step=1635200 ep_ret=-490.989 opt_ret=-490.989 step_rew=-4.9099 opt_step=-4.9099 gap0=490.989 dret=+183.303 eval_ret=n/a pursuer_target_distance=2.400 capture=0.000 score=0.000 pol=-0.0005 val=0.0136 ent=1.1540 tot=+0.0032 agnorm=0.111 cgnorm=0.087 kl=0.0016 clipf=0.010 ev=+0.851 r0=1.0000 entcoef=2.64e-03 lr=1.4e-04 seed=3
iter= 511 step=1638400 ep_ret=-430.734 opt_ret=-430.734 step_rew=-4.3073 opt_step=-4.3073 gap0=430.734 dret=+243.557 eval_ret=n/a pursuer_target_distance=2.199 capture=0.000 score=0.000 pol=-0.0005 val=0.0090 ent=1.1795 tot=+0.0009 agnorm=0.090 cgnorm=0.066 kl=0.0016 clipf=0.010 ev=+0.873 r0=1.0000 entcoef=2.63e-03 lr=1.3e-04 seed=3
iter= 512 step=1641600 ep_ret=-430.560 opt_ret=-430.560 step_rew=-4.3056 opt_step=-4.3056 gap0=430.560 dret=+243.732 eval_ret=n/a pursuer_target_distance=1.929 capture=0.000 score=0.000 pol=-0.0005 val=0.0107 ent=1.1728 tot=+0.0018 agnorm=0.102 cgnorm=0.072 kl=0.0017 clipf=0.015 ev=+0.860 r0=1.0000 entcoef=2.62e-03 lr=1.3e-04 seed=3
iter= 513 step=1644800 ep_ret=-451.998 opt_ret=-451.998 step_rew=-4.5200 opt_step=-4.5200 gap0=451.998 dret=+222.294 eval_ret=n/a pursuer_target_distance=2.026 capture=0.000 score=0.000 pol=-0.0007 val=0.0090 ent=1.1876 tot=+0.0007 agnorm=0.095 cgnorm=0.058 kl=0.0014 clipf=0.006 ev=+0.903 r0=1.0000 entcoef=2.60e-03 lr=1.3e-04 seed=3
iter= 514 step=1648000 ep_ret=-486.036 opt_ret=-486.036 step_rew=-4.8604 opt_step=-4.8604 gap0=486.036 dret=+188.256 eval_ret=n/a pursuer_target_distance=2.534 capture=0.000 score=0.000 pol=-0.0004 val=0.0154 ent=1.1778 tot=+0.0043 agnorm=0.048 cgnorm=0.094 kl=0.0008 clipf=0.001 ev=+0.836 r0=1.0000 entcoef=2.59e-03 lr=1.3e-04 seed=3
iter= 515 step=1651200 ep_ret=-447.143 opt_ret=-447.143 step_rew=-4.4714 opt_step=-4.4714 gap0=447.143 dret=+227.148 eval_ret=n/a pursuer_target_distance=2.200 capture=0.000 score=0.000 pol=-0.0004 val=0.0112 ent=1.1433 tot=+0.0022 agnorm=0.058 cgnorm=0.056 kl=0.0006 clipf=0.002 ev=+0.835 r0=1.0000 entcoef=2.57e-03 lr=1.3e-04 seed=3
iter= 516 step=1654400 ep_ret=-442.187 opt_ret=-442.187 step_rew=-4.4219 opt_step=-4.4219 gap0=442.187 dret=+232.105 eval_ret=n/a pursuer_target_distance=2.076 capture=0.000 score=0.000 pol=-0.0004 val=0.0087 ent=1.1776 tot=+0.0009 agnorm=0.084 cgnorm=0.062 kl=0.0009 clipf=0.006 ev=+0.871 r0=1.0000 entcoef=2.56e-03 lr=1.3e-04 seed=3
iter= 517 step=1657600 ep_ret=-435.621 opt_ret=-435.621 step_rew=-4.3562 opt_step=-4.3562 gap0=435.621 dret=+238.671 eval_ret=n/a pursuer_target_distance=2.010 capture=0.000 score=0.000 pol=-0.0005 val=0.0082 ent=1.1663 tot=+0.0007 agnorm=0.046 cgnorm=0.043 kl=0.0006 clipf=0.000 ev=+0.900 r0=1.0000 entcoef=2.54e-03 lr=1.3e-04 seed=3
iter= 518 step=1660800 ep_ret=-413.779 opt_ret=-413.779 step_rew=-4.1378 opt_step=-4.1378 gap0=413.779 dret=+260.512 eval_ret=n/a pursuer_target_distance=1.776 capture=0.000 score=0.000 pol=-0.0004 val=0.0097 ent=1.2426 tot=+0.0014 agnorm=0.068 cgnorm=0.084 kl=0.0014 clipf=0.008 ev=+0.842 r0=1.0000 entcoef=2.53e-03 lr=1.3e-04 seed=3
iter= 519 step=1664000 ep_ret=-406.652 opt_ret=-406.652 step_rew=-4.0665 opt_step=-4.0665 gap0=406.652 dret=+267.640 eval_ret=n/a pursuer_target_distance=1.844 capture=0.000 score=0.000 pol=-0.0007 val=0.0068 ent=1.1833 tot=-0.0002 agnorm=0.110 cgnorm=0.064 kl=0.0015 clipf=0.012 ev=+0.884 r0=1.0000 entcoef=2.51e-03 lr=1.3e-04 seed=3
iter= 520 step=1667200 ep_ret=-416.361 opt_ret=-416.361 step_rew=-4.1636 opt_step=-4.1636 gap0=416.361 dret=+257.931 eval_ret=-374.633 pursuer_target_distance=1.976 capture=0.000 score=0.000 pol=-0.0005 val=0.0090 ent=1.1462 tot=+0.0012 agnorm=0.094 cgnorm=0.047 kl=0.0016 clipf=0.012 ev=+0.897 r0=1.0000 entcoef=2.50e-03 lr=1.3e-04 seed=3
iter= 521 step=1670400 ep_ret=-441.156 opt_ret=-441.156 step_rew=-4.4116 opt_step=-4.4116 gap0=441.156 dret=+233.136 eval_ret=n/a pursuer_target_distance=2.081 capture=0.000 score=0.000 pol=-0.0004 val=0.0090 ent=1.1824 tot=+0.0011 agnorm=0.061 cgnorm=0.061 kl=0.0011 clipf=0.004 ev=+0.874 r0=1.0000 entcoef=2.49e-03 lr=1.2e-04 seed=3
iter= 522 step=1673600 ep_ret=-443.921 opt_ret=-443.921 step_rew=-4.4392 opt_step=-4.4392 gap0=443.921 dret=+230.370 eval_ret=n/a pursuer_target_distance=1.987 capture=0.000 score=0.000 pol=-0.0004 val=0.0092 ent=1.1574 tot=+0.0013 agnorm=0.047 cgnorm=0.044 kl=0.0007 clipf=0.002 ev=+0.857 r0=1.0000 entcoef=2.47e-03 lr=1.2e-04 seed=3
iter= 523 step=1676800 ep_ret=-428.289 opt_ret=-428.289 step_rew=-4.2829 opt_step=-4.2829 gap0=428.289 dret=+246.003 eval_ret=n/a pursuer_target_distance=1.877 capture=0.000 score=0.000 pol=-0.0003 val=0.0077 ent=1.1892 tot=+0.0006 agnorm=0.039 cgnorm=0.039 kl=0.0005 clipf=0.001 ev=+0.892 r0=1.0000 entcoef=2.46e-03 lr=1.2e-04 seed=3
iter= 524 step=1680000 ep_ret=-402.179 opt_ret=-402.179 step_rew=-4.0218 opt_step=-4.0218 gap0=402.179 dret=+272.113 eval_ret=n/a pursuer_target_distance=1.858 capture=0.000 score=0.000 pol=-0.0005 val=0.0079 ent=1.1315 tot=+0.0007 agnorm=0.070 cgnorm=0.034 kl=0.0012 clipf=0.008 ev=+0.859 r0=1.0000 entcoef=2.44e-03 lr=1.2e-04 seed=3
iter= 525 step=1683200 ep_ret=-401.276 opt_ret=-401.276 step_rew=-4.0128 opt_step=-4.0128 gap0=401.276 dret=+273.016 eval_ret=n/a pursuer_target_distance=1.688 capture=0.000 score=0.000 pol=-0.0003 val=0.0086 ent=1.1610 tot=+0.0012 agnorm=0.047 cgnorm=0.059 kl=0.0004 clipf=0.001 ev=+0.860 r0=1.0000 entcoef=2.43e-03 lr=1.2e-04 seed=3
iter= 526 step=1686400 ep_ret=-495.678 opt_ret=-495.678 step_rew=-4.9568 opt_step=-4.9568 gap0=495.678 dret=+178.614 eval_ret=n/a pursuer_target_distance=2.594 capture=0.000 score=0.000 pol=-0.0003 val=0.0113 ent=1.1512 tot=+0.0026 agnorm=0.052 cgnorm=0.044 kl=0.0003 clipf=0.000 ev=+0.869 r0=1.0000 entcoef=2.41e-03 lr=1.2e-04 seed=3
iter= 527 step=1689600 ep_ret=-401.012 opt_ret=-401.012 step_rew=-4.0101 opt_step=-4.0101 gap0=401.012 dret=+273.280 eval_ret=n/a pursuer_target_distance=1.779 capture=0.000 score=0.000 pol=-0.0003 val=0.0067 ent=1.1599 tot=+0.0003 agnorm=0.068 cgnorm=0.042 kl=0.0002 clipf=0.000 ev=+0.890 r0=1.0000 entcoef=2.40e-03 lr=1.2e-04 seed=3
iter= 528 step=1692800 ep_ret=-420.028 opt_ret=-420.028 step_rew=-4.2003 opt_step=-4.2003 gap0=420.028 dret=+254.263 eval_ret=n/a pursuer_target_distance=1.956 capture=0.000 score=0.000 pol=-0.0007 val=0.0099 ent=1.1806 tot=+0.0015 agnorm=0.105 cgnorm=0.070 kl=0.0013 clipf=0.008 ev=+0.830 r0=1.0000 entcoef=2.38e-03 lr=1.2e-04 seed=3
iter= 529 step=1696000 ep_ret=-432.251 opt_ret=-432.251 step_rew=-4.3225 opt_step=-4.3225 gap0=432.251 dret=+242.041 eval_ret=n/a pursuer_target_distance=2.077 capture=0.000 score=0.000 pol=-0.0007 val=0.0079 ent=1.1848 tot=+0.0004 agnorm=0.143 cgnorm=0.067 kl=0.0021 clipf=0.020 ev=+0.912 r0=1.0000 entcoef=2.37e-03 lr=1.2e-04 seed=3
iter= 530 step=1699200 ep_ret=-387.928 opt_ret=-387.928 step_rew=-3.8793 opt_step=-3.8793 gap0=387.928 dret=+286.364 eval_ret=n/a pursuer_target_distance=1.466 capture=0.000 score=0.000 pol=-0.0003 val=0.0075 ent=1.1901 tot=+0.0007 agnorm=0.077 cgnorm=0.048 kl=0.0011 clipf=0.007 ev=+0.879 r0=1.0000 entcoef=2.36e-03 lr=1.1e-04 seed=3
iter= 531 step=1702400 ep_ret=-417.705 opt_ret=-417.705 step_rew=-4.1771 opt_step=-4.1771 gap0=417.705 dret=+256.587 eval_ret=n/a pursuer_target_distance=1.685 capture=0.000 score=0.000 pol=-0.0004 val=0.0074 ent=1.1704 tot=+0.0005 agnorm=0.055 cgnorm=0.053 kl=0.0007 clipf=0.001 ev=+0.890 r0=1.0000 entcoef=2.34e-03 lr=1.1e-04 seed=3
iter= 532 step=1705600 ep_ret=-461.249 opt_ret=-461.249 step_rew=-4.6125 opt_step=-4.6125 gap0=461.249 dret=+213.043 eval_ret=n/a pursuer_target_distance=2.184 capture=0.000 score=0.000 pol=-0.0002 val=0.0101 ent=1.1474 tot=+0.0022 agnorm=0.061 cgnorm=0.065 kl=0.0003 clipf=0.001 ev=+0.878 r0=1.0000 entcoef=2.33e-03 lr=1.1e-04 seed=3
iter= 533 step=1708800 ep_ret=-413.513 opt_ret=-413.513 step_rew=-4.1351 opt_step=-4.1351 gap0=413.513 dret=+260.779 eval_ret=n/a pursuer_target_distance=2.092 capture=0.000 score=0.000 pol=-0.0004 val=0.0071 ent=1.1339 tot=+0.0005 agnorm=0.079 cgnorm=0.041 kl=0.0011 clipf=0.005 ev=+0.893 r0=1.0000 entcoef=2.31e-03 lr=1.1e-04 seed=3
iter= 534 step=1712000 ep_ret=-414.771 opt_ret=-414.771 step_rew=-4.1477 opt_step=-4.1477 gap0=414.771 dret=+259.521 eval_ret=n/a pursuer_target_distance=1.786 capture=0.000 score=0.000 pol=-0.0005 val=0.0075 ent=1.1646 tot=+0.0006 agnorm=0.066 cgnorm=0.049 kl=0.0008 clipf=0.004 ev=+0.899 r0=1.0000 entcoef=2.30e-03 lr=1.1e-04 seed=3
iter= 535 step=1715200 ep_ret=-374.003 opt_ret=-374.003 step_rew=-3.7400 opt_step=-3.7400 gap0=374.003 dret=+300.289 eval_ret=n/a pursuer_target_distance=1.874 capture=0.000 score=0.000 pol=-0.0004 val=0.0069 ent=1.1349 tot=+0.0005 agnorm=0.060 cgnorm=0.043 kl=0.0006 clipf=0.002 ev=+0.844 r0=1.0000 entcoef=2.28e-03 lr=1.1e-04 seed=3
iter= 536 step=1718400 ep_ret=-410.511 opt_ret=-410.511 step_rew=-4.1051 opt_step=-4.1051 gap0=410.511 dret=+263.781 eval_ret=n/a pursuer_target_distance=1.771 capture=0.000 score=0.000 pol=-0.0004 val=0.0055 ent=1.1352 tot=-0.0002 agnorm=0.061 cgnorm=0.046 kl=0.0005 clipf=0.002 ev=+0.907 r0=1.0000 entcoef=2.27e-03 lr=1.1e-04 seed=3
iter= 537 step=1721600 ep_ret=-459.986 opt_ret=-459.986 step_rew=-4.5999 opt_step=-4.5999 gap0=459.986 dret=+214.306 eval_ret=n/a pursuer_target_distance=2.180 capture=0.000 score=0.000 pol=-0.0005 val=0.0078 ent=1.1216 tot=+0.0009 agnorm=0.081 cgnorm=0.043 kl=0.0016 clipf=0.011 ev=+0.903 r0=1.0000 entcoef=2.25e-03 lr=1.1e-04 seed=3
iter= 538 step=1724800 ep_ret=-413.723 opt_ret=-413.723 step_rew=-4.1372 opt_step=-4.1372 gap0=413.723 dret=+260.569 eval_ret=n/a pursuer_target_distance=2.068 capture=0.000 score=0.000 pol=-0.0003 val=0.0077 ent=1.1349 tot=+0.0010 agnorm=0.051 cgnorm=0.051 kl=0.0008 clipf=0.003 ev=+0.873 r0=1.0000 entcoef=2.24e-03 lr=1.1e-04 seed=3
iter= 539 step=1728000 ep_ret=-441.737 opt_ret=-441.737 step_rew=-4.4174 opt_step=-4.4174 gap0=441.737 dret=+232.555 eval_ret=n/a pursuer_target_distance=2.127 capture=0.000 score=0.000 pol=-0.0002 val=0.0069 ent=1.1078 tot=+0.0008 agnorm=0.028 cgnorm=0.063 kl=0.0002 clipf=0.000 ev=+0.896 r0=1.0000 entcoef=2.23e-03 lr=1.0e-04 seed=3
iter= 540 step=1731200 ep_ret=-449.501 opt_ret=-449.501 step_rew=-4.4950 opt_step=-4.4950 gap0=449.501 dret=+224.790 eval_ret=-381.165 pursuer_target_distance=2.112 capture=0.000 score=0.000 pol=-0.0004 val=0.0107 ent=1.1316 tot=+0.0024 agnorm=0.084 cgnorm=0.069 kl=0.0009 clipf=0.006 ev=+0.879 r0=1.0000 entcoef=2.21e-03 lr=1.0e-04 seed=3
iter= 541 step=1734400 ep_ret=-432.304 opt_ret=-432.304 step_rew=-4.3230 opt_step=-4.3230 gap0=432.304 dret=+241.988 eval_ret=n/a pursuer_target_distance=2.262 capture=0.000 score=0.000 pol=-0.0007 val=0.0085 ent=1.1424 tot=+0.0011 agnorm=0.086 cgnorm=0.070 kl=0.0009 clipf=0.004 ev=+0.870 r0=1.0000 entcoef=2.20e-03 lr=1.0e-04 seed=3
iter= 542 step=1737600 ep_ret=-417.327 opt_ret=-417.327 step_rew=-4.1733 opt_step=-4.1733 gap0=417.327 dret=+256.965 eval_ret=n/a pursuer_target_distance=1.957 capture=0.000 score=0.000 pol=-0.0004 val=0.0087 ent=1.1204 tot=+0.0016 agnorm=0.036 cgnorm=0.047 kl=0.0006 clipf=0.000 ev=+0.873 r0=1.0000 entcoef=2.18e-03 lr=1.0e-04 seed=3
iter= 543 step=1740800 ep_ret=-486.421 opt_ret=-486.421 step_rew=-4.8642 opt_step=-4.8642 gap0=486.421 dret=+187.871 eval_ret=n/a pursuer_target_distance=2.460 capture=0.000 score=0.000 pol=-0.0007 val=0.0118 ent=1.1411 tot=+0.0027 agnorm=0.066 cgnorm=0.064 kl=0.0010 clipf=0.005 ev=+0.882 r0=1.0000 entcoef=2.17e-03 lr=1.0e-04 seed=3
iter= 544 step=1744000 ep_ret=-437.561 opt_ret=-437.561 step_rew=-4.3756 opt_step=-4.3756 gap0=437.561 dret=+236.731 eval_ret=n/a pursuer_target_distance=2.161 capture=0.000 score=0.000 pol=-0.0005 val=0.0090 ent=1.1261 tot=+0.0016 agnorm=0.063 cgnorm=0.052 kl=0.0009 clipf=0.002 ev=+0.870 r0=1.0000 entcoef=2.15e-03 lr=9.8e-05 seed=3
iter= 545 step=1747200 ep_ret=-388.458 opt_ret=-388.458 step_rew=-3.8846 opt_step=-3.8846 gap0=388.458 dret=+285.834 eval_ret=n/a pursuer_target_distance=1.995 capture=0.000 score=0.000 pol=-0.0002 val=0.0079 ent=1.1490 tot=+0.0013 agnorm=0.060 cgnorm=0.042 kl=0.0008 clipf=0.003 ev=+0.894 r0=1.0000 entcoef=2.14e-03 lr=9.7e-05 seed=3
iter= 546 step=1750400 ep_ret=-458.303 opt_ret=-458.303 step_rew=-4.5830 opt_step=-4.5830 gap0=458.303 dret=+215.988 eval_ret=n/a pursuer_target_distance=2.285 capture=0.000 score=0.000 pol=-0.0008 val=0.0097 ent=1.1404 tot=+0.0016 agnorm=0.179 cgnorm=0.058 kl=0.0016 clipf=0.016 ev=+0.872 r0=1.0000 entcoef=2.13e-03 lr=9.6e-05 seed=3
iter= 547 step=1753600 ep_ret=-417.926 opt_ret=-417.926 step_rew=-4.1793 opt_step=-4.1793 gap0=417.926 dret=+256.366 eval_ret=n/a pursuer_target_distance=1.806 capture=0.000 score=0.000 pol=-0.0005 val=0.0079 ent=1.1413 tot=+0.0010 agnorm=0.077 cgnorm=0.045 kl=0.0010 clipf=0.006 ev=+0.886 r0=1.0000 entcoef=2.11e-03 lr=9.5e-05 seed=3
iter= 548 step=1756800 ep_ret=-466.725 opt_ret=-466.725 step_rew=-4.6673 opt_step=-4.6673 gap0=466.725 dret=+207.566 eval_ret=n/a pursuer_target_distance=2.021 capture=0.000 score=0.000 pol=-0.0006 val=0.0077 ent=1.1088 tot=+0.0009 agnorm=0.095 cgnorm=0.039 kl=0.0015 clipf=0.008 ev=+0.898 r0=1.0000 entcoef=2.10e-03 lr=9.4e-05 seed=3
iter= 549 step=1760000 ep_ret=-408.480 opt_ret=-408.480 step_rew=-4.0848 opt_step=-4.0848 gap0=408.480 dret=+265.812 eval_ret=n/a pursuer_target_distance=2.237 capture=0.000 score=0.000 pol=-0.0005 val=0.0084 ent=1.1398 tot=+0.0014 agnorm=0.083 cgnorm=0.058 kl=0.0012 clipf=0.006 ev=+0.868 r0=1.0000 entcoef=2.08e-03 lr=9.3e-05 seed=3
iter= 550 step=1763200 ep_ret=-402.172 opt_ret=-402.172 step_rew=-4.0217 opt_step=-4.0217 gap0=402.172 dret=+272.120 eval_ret=n/a pursuer_target_distance=1.792 capture=0.000 score=0.000 pol=-0.0004 val=0.0065 ent=1.1380 tot=+0.0005 agnorm=0.053 cgnorm=0.050 kl=0.0004 clipf=0.000 ev=+0.874 r0=1.0000 entcoef=2.07e-03 lr=9.2e-05 seed=3
iter= 551 step=1766400 ep_ret=-390.445 opt_ret=-390.445 step_rew=-3.9045 opt_step=-3.9045 gap0=390.445 dret=+283.847 eval_ret=n/a pursuer_target_distance=1.796 capture=0.000 score=0.000 pol=-0.0003 val=0.0071 ent=1.1457 tot=+0.0009 agnorm=0.049 cgnorm=0.065 kl=0.0006 clipf=0.002 ev=+0.892 r0=1.0000 entcoef=2.05e-03 lr=9.1e-05 seed=3
iter= 552 step=1769600 ep_ret=-409.703 opt_ret=-409.703 step_rew=-4.0970 opt_step=-4.0970 gap0=409.703 dret=+264.589 eval_ret=n/a pursuer_target_distance=1.655 capture=0.000 score=0.000 pol=-0.0006 val=0.0060 ent=1.1446 tot=+0.0000 agnorm=0.124 cgnorm=0.028 kl=0.0015 clipf=0.012 ev=+0.894 r0=1.0000 entcoef=2.04e-03 lr=9.0e-05 seed=3
iter= 553 step=1772800 ep_ret=-448.225 opt_ret=-448.225 step_rew=-4.4822 opt_step=-4.4822 gap0=448.225 dret=+226.067 eval_ret=n/a pursuer_target_distance=2.283 capture=0.000 score=0.000 pol=-0.0007 val=0.0095 ent=1.1246 tot=+0.0018 agnorm=0.114 cgnorm=0.063 kl=0.0013 clipf=0.012 ev=+0.877 r0=1.0000 entcoef=2.02e-03 lr=8.9e-05 seed=3
iter= 554 step=1776000 ep_ret=-436.459 opt_ret=-436.459 step_rew=-4.3646 opt_step=-4.3646 gap0=436.459 dret=+237.833 eval_ret=n/a pursuer_target_distance=2.065 capture=0.000 score=0.000 pol=-0.0004 val=0.0072 ent=1.1106 tot=+0.0010 agnorm=0.086 cgnorm=0.041 kl=0.0013 clipf=0.009 ev=+0.906 r0=1.0000 entcoef=2.01e-03 lr=8.7e-05 seed=3
iter= 555 step=1779200 ep_ret=-420.745 opt_ret=-420.745 step_rew=-4.2074 opt_step=-4.2074 gap0=420.745 dret=+253.547 eval_ret=n/a pursuer_target_distance=1.907 capture=0.000 score=0.000 pol=-0.0006 val=0.0069 ent=1.1684 tot=+0.0005 agnorm=0.115 cgnorm=0.070 kl=0.0012 clipf=0.006 ev=+0.916 r0=1.0000 entcoef=2.00e-03 lr=8.6e-05 seed=3
iter= 556 step=1782400 ep_ret=-443.514 opt_ret=-443.514 step_rew=-4.4351 opt_step=-4.4351 gap0=443.514 dret=+230.778 eval_ret=n/a pursuer_target_distance=1.953 capture=0.000 score=0.000 pol=-0.0003 val=0.0073 ent=1.1480 tot=+0.0011 agnorm=0.120 cgnorm=0.055 kl=0.0013 clipf=0.008 ev=+0.881 r0=1.0000 entcoef=1.98e-03 lr=8.5e-05 seed=3
iter= 557 step=1785600 ep_ret=-399.793 opt_ret=-399.793 step_rew=-3.9979 opt_step=-3.9979 gap0=399.793 dret=+274.499 eval_ret=n/a pursuer_target_distance=1.752 capture=0.002 score=0.001 pol=-0.0005 val=0.0070 ent=1.1582 tot=+0.0007 agnorm=0.110 cgnorm=0.039 kl=0.0015 clipf=0.010 ev=+0.842 r0=1.0000 entcoef=1.97e-03 lr=8.4e-05 seed=3
iter= 558 step=1788800 ep_ret=-374.395 opt_ret=-374.395 step_rew=-3.7439 opt_step=-3.7439 gap0=374.395 dret=+299.897 eval_ret=n/a pursuer_target_distance=1.482 capture=0.000 score=0.000 pol=-0.0004 val=0.0083 ent=1.1403 tot=+0.0015 agnorm=0.080 cgnorm=0.050 kl=0.0012 clipf=0.008 ev=+0.892 r0=1.0000 entcoef=1.95e-03 lr=8.3e-05 seed=3
iter= 559 step=1792000 ep_ret=-409.030 opt_ret=-409.030 step_rew=-4.0903 opt_step=-4.0903 gap0=409.030 dret=+265.262 eval_ret=n/a pursuer_target_distance=1.818 capture=0.000 score=0.000 pol=-0.0003 val=0.0092 ent=1.1479 tot=+0.0020 agnorm=0.059 cgnorm=0.067 kl=0.0006 clipf=0.002 ev=+0.863 r0=1.0000 entcoef=1.94e-03 lr=8.2e-05 seed=3
iter= 560 step=1795200 ep_ret=-451.402 opt_ret=-451.402 step_rew=-4.5140 opt_step=-4.5140 gap0=451.402 dret=+222.890 eval_ret=-373.664 pursuer_target_distance=2.042 capture=0.003 score=0.001 pol=-0.0005 val=0.0088 ent=1.1196 tot=+0.0018 agnorm=0.084 cgnorm=0.045 kl=0.0009 clipf=0.006 ev=+0.906 r0=1.0000 entcoef=1.92e-03 lr=8.1e-05 seed=3
iter= 561 step=1798400 ep_ret=-422.421 opt_ret=-422.421 step_rew=-4.2242 opt_step=-4.2242 gap0=422.421 dret=+251.871 eval_ret=n/a pursuer_target_distance=1.934 capture=0.000 score=0.000 pol=-0.0003 val=0.0085 ent=1.1351 tot=+0.0018 agnorm=0.045 cgnorm=0.055 kl=0.0003 clipf=0.000 ev=+0.888 r0=1.0000 entcoef=1.91e-03 lr=8.0e-05 seed=3
iter= 562 step=1801600 ep_ret=-422.017 opt_ret=-422.017 step_rew=-4.2202 opt_step=-4.2202 gap0=422.017 dret=+252.275 eval_ret=n/a pursuer_target_distance=2.066 capture=0.000 score=0.000 pol=-0.0003 val=0.0118 ent=1.1355 tot=+0.0034 agnorm=0.062 cgnorm=0.058 kl=0.0006 clipf=0.001 ev=+0.867 r0=1.0000 entcoef=1.89e-03 lr=7.9e-05 seed=3
iter= 563 step=1804800 ep_ret=-438.456 opt_ret=-438.456 step_rew=-4.3846 opt_step=-4.3846 gap0=438.456 dret=+235.836 eval_ret=n/a pursuer_target_distance=2.090 capture=0.001 score=0.000 pol=-0.0005 val=0.0079 ent=1.1386 tot=+0.0013 agnorm=0.107 cgnorm=0.051 kl=0.0013 clipf=0.008 ev=+0.875 r0=1.0000 entcoef=1.88e-03 lr=7.7e-05 seed=3
iter= 564 step=1808000 ep_ret=-454.641 opt_ret=-454.641 step_rew=-4.5464 opt_step=-4.5464 gap0=454.641 dret=+219.651 eval_ret=n/a pursuer_target_distance=2.158 capture=0.001 score=0.000 pol=-0.0002 val=0.0085 ent=1.1277 tot=+0.0019 agnorm=0.057 cgnorm=0.057 kl=0.0004 clipf=0.000 ev=+0.884 r0=1.0000 entcoef=1.87e-03 lr=7.6e-05 seed=3
iter= 565 step=1811200 ep_ret=-380.338 opt_ret=-380.338 step_rew=-3.8034 opt_step=-3.8034 gap0=380.338 dret=+293.954 eval_ret=n/a pursuer_target_distance=1.532 capture=0.000 score=0.000 pol=-0.0003 val=0.0053 ent=1.1554 tot=+0.0003 agnorm=0.061 cgnorm=0.050 kl=0.0006 clipf=0.001 ev=+0.908 r0=1.0000 entcoef=1.85e-03 lr=7.5e-05 seed=3
iter= 566 step=1814400 ep_ret=-459.757 opt_ret=-459.757 step_rew=-4.5976 opt_step=-4.5976 gap0=459.757 dret=+214.535 eval_ret=n/a pursuer_target_distance=2.360 capture=0.000 score=0.000 pol=-0.0002 val=0.0082 ent=1.1263 tot=+0.0019 agnorm=0.079 cgnorm=0.051 kl=0.0001 clipf=0.000 ev=+0.902 r0=1.0000 entcoef=1.84e-03 lr=7.4e-05 seed=3
iter= 567 step=1817600 ep_ret=-426.308 opt_ret=-426.308 step_rew=-4.2631 opt_step=-4.2631 gap0=426.308 dret=+247.984 eval_ret=n/a pursuer_target_distance=1.922 capture=0.000 score=0.000 pol=-0.0002 val=0.0069 ent=1.1711 tot=+0.0011 agnorm=0.041 cgnorm=0.046 kl=0.0007 clipf=0.003 ev=+0.898 r0=1.0000 entcoef=1.82e-03 lr=7.3e-05 seed=3
iter= 568 step=1820800 ep_ret=-416.333 opt_ret=-416.333 step_rew=-4.1633 opt_step=-4.1633 gap0=416.333 dret=+257.959 eval_ret=n/a pursuer_target_distance=1.810 capture=0.000 score=0.000 pol=-0.0003 val=0.0058 ent=1.1420 tot=+0.0005 agnorm=0.053 cgnorm=0.038 kl=0.0003 clipf=0.000 ev=+0.911 r0=1.0000 entcoef=1.81e-03 lr=7.2e-05 seed=3
iter= 569 step=1824000 ep_ret=-469.922 opt_ret=-469.922 step_rew=-4.6992 opt_step=-4.6992 gap0=469.922 dret=+204.369 eval_ret=n/a pursuer_target_distance=2.274 capture=0.001 score=0.000 pol=-0.0001 val=0.0074 ent=1.1148 tot=+0.0016 agnorm=0.040 cgnorm=0.037 kl=0.0003 clipf=0.000 ev=+0.911 r0=1.0000 entcoef=1.79e-03 lr=7.1e-05 seed=3
iter= 570 step=1827200 ep_ret=-405.263 opt_ret=-405.263 step_rew=-4.0526 opt_step=-4.0526 gap0=405.263 dret=+269.029 eval_ret=n/a pursuer_target_distance=1.702 capture=0.000 score=0.000 pol=-0.0004 val=0.0066 ent=1.1152 tot=+0.0009 agnorm=0.059 cgnorm=0.044 kl=0.0005 clipf=0.001 ev=+0.909 r0=1.0000 entcoef=1.78e-03 lr=7.0e-05 seed=3
iter= 571 step=1830400 ep_ret=-446.097 opt_ret=-446.097 step_rew=-4.4610 opt_step=-4.4610 gap0=446.097 dret=+228.195 eval_ret=n/a pursuer_target_distance=2.019 capture=0.000 score=0.000 pol=-0.0002 val=0.0078 ent=1.1108 tot=+0.0018 agnorm=0.063 cgnorm=0.052 kl=0.0003 clipf=0.000 ev=+0.888 r0=1.0000 entcoef=1.76e-03 lr=6.9e-05 seed=3
iter= 572 step=1833600 ep_ret=-480.388 opt_ret=-480.388 step_rew=-4.8039 opt_step=-4.8039 gap0=480.388 dret=+193.903 eval_ret=n/a pursuer_target_distance=2.184 capture=0.000 score=0.000 pol=-0.0004 val=0.0074 ent=1.1436 tot=+0.0013 agnorm=0.071 cgnorm=0.039 kl=0.0007 clipf=0.003 ev=+0.920 r0=1.0000 entcoef=1.75e-03 lr=6.8e-05 seed=3
iter= 573 step=1836800 ep_ret=-476.071 opt_ret=-476.071 step_rew=-4.7607 opt_step=-4.7607 gap0=476.071 dret=+198.221 eval_ret=n/a pursuer_target_distance=2.382 capture=0.000 score=0.000 pol=-0.0006 val=0.0108 ent=1.1262 tot=+0.0029 agnorm=0.103 cgnorm=0.062 kl=0.0012 clipf=0.007 ev=+0.897 r0=1.0000 entcoef=1.74e-03 lr=6.6e-05 seed=3
iter= 574 step=1840000 ep_ret=-419.927 opt_ret=-419.927 step_rew=-4.1993 opt_step=-4.1993 gap0=419.927 dret=+254.364 eval_ret=n/a pursuer_target_distance=2.101 capture=0.002 score=0.001 pol=-0.0002 val=0.0102 ent=1.1452 tot=+0.0029 agnorm=0.068 cgnorm=0.055 kl=0.0002 clipf=0.000 ev=+0.891 r0=1.0000 entcoef=1.72e-03 lr=6.5e-05 seed=3
iter= 575 step=1843200 ep_ret=-386.677 opt_ret=-386.677 step_rew=-3.8668 opt_step=-3.8668 gap0=386.677 dret=+287.614 eval_ret=n/a pursuer_target_distance=1.664 capture=0.000 score=0.000 pol=-0.0002 val=0.0069 ent=1.1270 tot=+0.0013 agnorm=0.052 cgnorm=0.054 kl=0.0003 clipf=0.000 ev=+0.869 r0=1.0000 entcoef=1.71e-03 lr=6.4e-05 seed=3
iter= 576 step=1846400 ep_ret=-420.597 opt_ret=-420.597 step_rew=-4.2060 opt_step=-4.2060 gap0=420.597 dret=+253.695 eval_ret=n/a pursuer_target_distance=1.954 capture=0.000 score=0.000 pol=-0.0001 val=0.0075 ent=1.1269 tot=+0.0017 agnorm=0.048 cgnorm=0.045 kl=0.0001 clipf=0.000 ev=+0.879 r0=1.0000 entcoef=1.69e-03 lr=6.3e-05 seed=3
iter= 577 step=1849600 ep_ret=-430.926 opt_ret=-430.926 step_rew=-4.3093 opt_step=-4.3093 gap0=430.926 dret=+243.365 eval_ret=n/a pursuer_target_distance=2.168 capture=0.000 score=0.000 pol=-0.0002 val=0.0082 ent=1.1225 tot=+0.0020 agnorm=0.070 cgnorm=0.041 kl=0.0002 clipf=0.000 ev=+0.889 r0=1.0000 entcoef=1.68e-03 lr=6.2e-05 seed=3
iter= 578 step=1852800 ep_ret=-444.346 opt_ret=-444.346 step_rew=-4.4435 opt_step=-4.4435 gap0=444.346 dret=+229.945 eval_ret=n/a pursuer_target_distance=1.903 capture=0.000 score=0.000 pol=-0.0002 val=0.0065 ent=1.1335 tot=+0.0012 agnorm=0.045 cgnorm=0.047 kl=0.0004 clipf=0.000 ev=+0.907 r0=1.0000 entcoef=1.66e-03 lr=6.1e-05 seed=3
iter= 579 step=1856000 ep_ret=-455.223 opt_ret=-455.223 step_rew=-4.5522 opt_step=-4.5522 gap0=455.223 dret=+219.069 eval_ret=n/a pursuer_target_distance=2.099 capture=0.000 score=0.000 pol=-0.0004 val=0.0101 ent=1.1216 tot=+0.0027 agnorm=0.080 cgnorm=0.061 kl=0.0004 clipf=0.001 ev=+0.878 r0=1.0000 entcoef=1.65e-03 lr=6.0e-05 seed=3
iter= 580 step=1859200 ep_ret=-403.774 opt_ret=-403.774 step_rew=-4.0377 opt_step=-4.0377 gap0=403.774 dret=+270.517 eval_ret=-379.513 pursuer_target_distance=1.866 capture=0.001 score=0.000 pol=-0.0002 val=0.0057 ent=1.1218 tot=+0.0009 agnorm=0.074 cgnorm=0.043 kl=0.0002 clipf=0.000 ev=+0.914 r0=1.0000 entcoef=1.63e-03 lr=5.9e-05 seed=3
iter= 581 step=1862400 ep_ret=-411.692 opt_ret=-411.692 step_rew=-4.1169 opt_step=-4.1169 gap0=411.692 dret=+262.600 eval_ret=n/a pursuer_target_distance=1.893 capture=0.000 score=0.000 pol=-0.0003 val=0.0070 ent=1.0967 tot=+0.0014 agnorm=0.065 cgnorm=0.031 kl=0.0009 clipf=0.004 ev=+0.891 r0=1.0000 entcoef=1.62e-03 lr=5.8e-05 seed=3
iter= 582 step=1865600 ep_ret=-403.591 opt_ret=-403.591 step_rew=-4.0359 opt_step=-4.0359 gap0=403.591 dret=+270.700 eval_ret=n/a pursuer_target_distance=1.606 capture=0.000 score=0.000 pol=-0.0003 val=0.0060 ent=1.1249 tot=+0.0009 agnorm=0.053 cgnorm=0.047 kl=0.0002 clipf=0.000 ev=+0.902 r0=1.0000 entcoef=1.61e-03 lr=5.6e-05 seed=3
iter= 583 step=1868800 ep_ret=-406.670 opt_ret=-406.670 step_rew=-4.0667 opt_step=-4.0667 gap0=406.670 dret=+267.622 eval_ret=n/a pursuer_target_distance=1.836 capture=0.000 score=0.000 pol=-0.0005 val=0.0062 ent=1.0887 tot=+0.0009 agnorm=0.096 cgnorm=0.035 kl=0.0009 clipf=0.006 ev=+0.893 r0=1.0000 entcoef=1.59e-03 lr=5.5e-05 seed=3
iter= 584 step=1872000 ep_ret=-445.725 opt_ret=-445.725 step_rew=-4.4572 opt_step=-4.4572 gap0=445.725 dret=+228.567 eval_ret=n/a pursuer_target_distance=2.247 capture=0.000 score=0.000 pol=-0.0002 val=0.0115 ent=1.1111 tot=+0.0038 agnorm=0.070 cgnorm=0.054 kl=0.0003 clipf=0.000 ev=+0.880 r0=1.0000 entcoef=1.58e-03 lr=5.4e-05 seed=3
iter= 585 step=1875200 ep_ret=-453.215 opt_ret=-453.215 step_rew=-4.5321 opt_step=-4.5321 gap0=453.215 dret=+221.077 eval_ret=n/a pursuer_target_distance=2.185 capture=0.001 score=0.000 pol=-0.0002 val=0.0111 ent=1.1178 tot=+0.0036 agnorm=0.082 cgnorm=0.091 kl=0.0004 clipf=0.000 ev=+0.882 r0=1.0000 entcoef=1.56e-03 lr=5.3e-05 seed=3
iter= 586 step=1878400 ep_ret=-471.618 opt_ret=-471.618 step_rew=-4.7162 opt_step=-4.7162 gap0=471.618 dret=+202.674 eval_ret=n/a pursuer_target_distance=2.359 capture=0.000 score=0.000 pol=-0.0000 val=0.0089 ent=1.0861 tot=+0.0028 agnorm=0.062 cgnorm=0.045 kl=0.0001 clipf=0.000 ev=+0.915 r0=1.0000 entcoef=1.55e-03 lr=5.2e-05 seed=3
iter= 587 step=1881600 ep_ret=-494.134 opt_ret=-494.134 step_rew=-4.9413 opt_step=-4.9413 gap0=494.134 dret=+180.158 eval_ret=n/a pursuer_target_distance=2.541 capture=0.000 score=0.000 pol=-0.0003 val=0.0088 ent=1.0889 tot=+0.0025 agnorm=0.049 cgnorm=0.040 kl=0.0002 clipf=0.000 ev=+0.912 r0=1.0000 entcoef=1.53e-03 lr=5.1e-05 seed=3
iter= 588 step=1884800 ep_ret=-433.992 opt_ret=-433.992 step_rew=-4.3399 opt_step=-4.3399 gap0=433.992 dret=+240.300 eval_ret=n/a pursuer_target_distance=2.024 capture=0.000 score=0.000 pol=-0.0003 val=0.0078 ent=1.1069 tot=+0.0019 agnorm=0.073 cgnorm=0.040 kl=0.0003 clipf=0.000 ev=+0.903 r0=1.0000 entcoef=1.52e-03 lr=5.0e-05 seed=3
iter= 589 step=1888000 ep_ret=-398.174 opt_ret=-398.174 step_rew=-3.9817 opt_step=-3.9817 gap0=398.174 dret=+276.118 eval_ret=n/a pursuer_target_distance=1.731 capture=0.001 score=0.000 pol=-0.0002 val=0.0092 ent=1.1499 tot=+0.0027 agnorm=0.056 cgnorm=0.049 kl=0.0004 clipf=0.000 ev=+0.866 r0=1.0000 entcoef=1.50e-03 lr=4.9e-05 seed=3
iter= 590 step=1891200 ep_ret=-407.421 opt_ret=-407.421 step_rew=-4.0742 opt_step=-4.0742 gap0=407.421 dret=+266.870 eval_ret=n/a pursuer_target_distance=1.803 capture=0.000 score=0.000 pol=-0.0002 val=0.0071 ent=1.1189 tot=+0.0016 agnorm=0.059 cgnorm=0.050 kl=0.0002 clipf=0.000 ev=+0.899 r0=1.0000 entcoef=1.49e-03 lr=4.8e-05 seed=3
iter= 591 step=1894400 ep_ret=-420.765 opt_ret=-420.765 step_rew=-4.2077 opt_step=-4.2077 gap0=420.765 dret=+253.527 eval_ret=n/a pursuer_target_distance=1.964 capture=0.001 score=0.000 pol=-0.0001 val=0.0061 ent=1.1100 tot=+0.0013 agnorm=0.040 cgnorm=0.033 kl=0.0002 clipf=0.000 ev=+0.929 r0=1.0000 entcoef=1.48e-03 lr=4.6e-05 seed=3
iter= 592 step=1897600 ep_ret=-431.905 opt_ret=-431.905 step_rew=-4.3191 opt_step=-4.3191 gap0=431.905 dret=+242.386 eval_ret=n/a pursuer_target_distance=2.096 capture=0.004 score=0.001 pol=-0.0001 val=0.0123 ent=1.1273 tot=+0.0044 agnorm=0.045 cgnorm=0.068 kl=0.0001 clipf=0.000 ev=+0.865 r0=1.0000 entcoef=1.46e-03 lr=4.5e-05 seed=3
iter= 593 step=1900800 ep_ret=-452.790 opt_ret=-452.790 step_rew=-4.5279 opt_step=-4.5279 gap0=452.790 dret=+221.501 eval_ret=n/a pursuer_target_distance=1.980 capture=0.000 score=0.000 pol=-0.0002 val=0.0081 ent=1.1270 tot=+0.0023 agnorm=0.048 cgnorm=0.056 kl=0.0001 clipf=0.000 ev=+0.902 r0=1.0000 entcoef=1.45e-03 lr=4.4e-05 seed=3
iter= 594 step=1904000 ep_ret=-469.931 opt_ret=-469.931 step_rew=-4.6993 opt_step=-4.6993 gap0=469.931 dret=+204.361 eval_ret=n/a pursuer_target_distance=2.151 capture=0.002 score=0.000 pol=-0.0001 val=0.0092 ent=1.1418 tot=+0.0029 agnorm=0.060 cgnorm=0.075 kl=0.0001 clipf=0.000 ev=+0.912 r0=1.0000 entcoef=1.43e-03 lr=4.3e-05 seed=3
iter= 595 step=1907200 ep_ret=-432.543 opt_ret=-432.543 step_rew=-4.3254 opt_step=-4.3254 gap0=432.543 dret=+241.748 eval_ret=n/a pursuer_target_distance=2.105 capture=0.000 score=0.000 pol=-0.0005 val=0.0064 ent=1.1233 tot=+0.0011 agnorm=0.096 cgnorm=0.048 kl=0.0010 clipf=0.008 ev=+0.918 r0=1.0000 entcoef=1.42e-03 lr=4.2e-05 seed=3
iter= 596 step=1910400 ep_ret=-497.104 opt_ret=-497.104 step_rew=-4.9710 opt_step=-4.9710 gap0=497.104 dret=+177.187 eval_ret=n/a pursuer_target_distance=2.497 capture=0.000 score=0.000 pol=-0.0001 val=0.0118 ent=1.1145 tot=+0.0042 agnorm=0.053 cgnorm=0.063 kl=0.0000 clipf=0.000 ev=+0.902 r0=1.0000 entcoef=1.40e-03 lr=4.1e-05 seed=3
iter= 597 step=1913600 ep_ret=-474.300 opt_ret=-474.300 step_rew=-4.7430 opt_step=-4.7430 gap0=474.300 dret=+199.992 eval_ret=n/a pursuer_target_distance=2.004 capture=0.000 score=0.000 pol=-0.0001 val=0.0087 ent=1.1295 tot=+0.0027 agnorm=0.062 cgnorm=0.063 kl=0.0000 clipf=0.000 ev=+0.917 r0=1.0000 entcoef=1.39e-03 lr=4.0e-05 seed=3
iter= 598 step=1916800 ep_ret=-444.988 opt_ret=-444.988 step_rew=-4.4499 opt_step=-4.4499 gap0=444.988 dret=+229.304 eval_ret=n/a pursuer_target_distance=2.254 capture=0.000 score=0.000 pol=-0.0002 val=0.0102 ent=1.1045 tot=+0.0034 agnorm=0.062 cgnorm=0.046 kl=0.0003 clipf=0.000 ev=+0.858 r0=1.0000 entcoef=1.37e-03 lr=3.9e-05 seed=3
iter= 599 step=1920000 ep_ret=-422.118 opt_ret=-422.118 step_rew=-4.2212 opt_step=-4.2212 gap0=422.118 dret=+252.174 eval_ret=n/a pursuer_target_distance=1.937 capture=0.000 score=0.000 pol=-0.0001 val=0.0061 ent=1.1153 tot=+0.0014 agnorm=0.071 cgnorm=0.036 kl=0.0001 clipf=0.000 ev=+0.905 r0=1.0000 entcoef=1.36e-03 lr=3.8e-05 seed=3
iter= 600 step=1923200 ep_ret=-494.770 opt_ret=-494.770 step_rew=-4.9477 opt_step=-4.9477 gap0=494.770 dret=+179.522 eval_ret=-385.426 pursuer_target_distance=2.438 capture=0.000 score=0.000 pol=-0.0002 val=0.0100 ent=1.1061 tot=+0.0034 agnorm=0.055 cgnorm=0.059 kl=0.0001 clipf=0.000 ev=+0.884 r0=1.0000 entcoef=1.35e-03 lr=3.7e-05 seed=3
iter= 601 step=1926400 ep_ret=-458.887 opt_ret=-458.887 step_rew=-4.5889 opt_step=-4.5889 gap0=458.887 dret=+215.405 eval_ret=n/a pursuer_target_distance=2.089 capture=0.000 score=0.000 pol=-0.0002 val=0.0078 ent=1.1068 tot=+0.0022 agnorm=0.058 cgnorm=0.043 kl=0.0001 clipf=0.000 ev=+0.894 r0=1.0000 entcoef=1.33e-03 lr=3.5e-05 seed=3
iter= 602 step=1929600 ep_ret=-389.248 opt_ret=-389.248 step_rew=-3.8925 opt_step=-3.8925 gap0=389.248 dret=+285.043 eval_ret=n/a pursuer_target_distance=1.547 capture=0.000 score=0.000 pol=-0.0001 val=0.0090 ent=1.1247 tot=+0.0029 agnorm=0.068 cgnorm=0.051 kl=0.0001 clipf=0.000 ev=+0.869 r0=1.0000 entcoef=1.32e-03 lr=3.4e-05 seed=3
iter= 603 step=1932800 ep_ret=-450.770 opt_ret=-450.770 step_rew=-4.5077 opt_step=-4.5077 gap0=450.770 dret=+223.522 eval_ret=n/a pursuer_target_distance=1.907 capture=0.003 score=0.001 pol=-0.0001 val=0.0095 ent=1.1135 tot=+0.0032 agnorm=0.044 cgnorm=0.049 kl=0.0001 clipf=0.000 ev=+0.897 r0=1.0000 entcoef=1.30e-03 lr=3.3e-05 seed=3
iter= 604 step=1936000 ep_ret=-466.908 opt_ret=-466.908 step_rew=-4.6691 opt_step=-4.6691 gap0=466.908 dret=+207.384 eval_ret=n/a pursuer_target_distance=2.296 capture=0.000 score=0.000 pol=-0.0001 val=0.0081 ent=1.0654 tot=+0.0026 agnorm=0.048 cgnorm=0.044 kl=0.0001 clipf=0.000 ev=+0.901 r0=1.0000 entcoef=1.29e-03 lr=3.2e-05 seed=3
iter= 605 step=1939200 ep_ret=-399.172 opt_ret=-399.172 step_rew=-3.9917 opt_step=-3.9917 gap0=399.172 dret=+275.120 eval_ret=n/a pursuer_target_distance=1.740 capture=0.000 score=0.000 pol=-0.0003 val=0.0078 ent=1.1297 tot=+0.0022 agnorm=0.107 cgnorm=0.045 kl=0.0003 clipf=0.000 ev=+0.870 r0=1.0000 entcoef=1.27e-03 lr=3.1e-05 seed=3
iter= 606 step=1942400 ep_ret=-403.474 opt_ret=-403.474 step_rew=-4.0347 opt_step=-4.0347 gap0=403.474 dret=+270.818 eval_ret=n/a pursuer_target_distance=1.972 capture=0.000 score=0.000 pol=-0.0002 val=0.0085 ent=1.1310 tot=+0.0027 agnorm=0.059 cgnorm=0.038 kl=0.0004 clipf=0.001 ev=+0.879 r0=1.0000 entcoef=1.26e-03 lr=3.0e-05 seed=3
iter= 607 step=1945600 ep_ret=-388.937 opt_ret=-388.937 step_rew=-3.8894 opt_step=-3.8894 gap0=388.937 dret=+285.354 eval_ret=n/a pursuer_target_distance=1.767 capture=0.000 score=0.000 pol=-0.0001 val=0.0082 ent=1.1440 tot=+0.0026 agnorm=0.051 cgnorm=0.040 kl=0.0001 clipf=0.000 ev=+0.839 r0=1.0000 entcoef=1.25e-03 lr=2.9e-05 seed=3
iter= 608 step=1948800 ep_ret=-433.942 opt_ret=-433.942 step_rew=-4.3394 opt_step=-4.3394 gap0=433.942 dret=+240.349 eval_ret=n/a pursuer_target_distance=2.017 capture=0.000 score=0.000 pol=-0.0000 val=0.0057 ent=1.0975 tot=+0.0014 agnorm=0.030 cgnorm=0.030 kl=0.0001 clipf=0.000 ev=+0.908 r0=1.0000 entcoef=1.23e-03 lr=2.8e-05 seed=3
iter= 609 step=1952000 ep_ret=-418.523 opt_ret=-418.523 step_rew=-4.1852 opt_step=-4.1852 gap0=418.523 dret=+255.769 eval_ret=n/a pursuer_target_distance=2.109 capture=0.000 score=0.000 pol=-0.0001 val=0.0058 ent=1.1441 tot=+0.0014 agnorm=0.051 cgnorm=0.033 kl=0.0000 clipf=0.000 ev=+0.907 r0=1.0000 entcoef=1.22e-03 lr=2.7e-05 seed=3
iter= 610 step=1955200 ep_ret=-415.184 opt_ret=-415.184 step_rew=-4.1518 opt_step=-4.1518 gap0=415.184 dret=+259.108 eval_ret=n/a pursuer_target_distance=1.986 capture=0.000 score=0.000 pol=-0.0001 val=0.0088 ent=1.1168 tot=+0.0029 agnorm=0.073 cgnorm=0.057 kl=0.0001 clipf=0.000 ev=+0.889 r0=1.0000 entcoef=1.20e-03 lr=2.5e-05 seed=3
iter= 611 step=1958400 ep_ret=-392.565 opt_ret=-392.565 step_rew=-3.9257 opt_step=-3.9257 gap0=392.565 dret=+281.726 eval_ret=n/a pursuer_target_distance=1.712 capture=0.000 score=0.000 pol=-0.0002 val=0.0067 ent=1.1426 tot=+0.0018 agnorm=0.087 cgnorm=0.041 kl=0.0003 clipf=0.000 ev=+0.901 r0=1.0000 entcoef=1.19e-03 lr=2.4e-05 seed=3
iter= 612 step=1961600 ep_ret=-406.387 opt_ret=-406.387 step_rew=-4.0639 opt_step=-4.0639 gap0=406.387 dret=+267.904 eval_ret=n/a pursuer_target_distance=1.941 capture=0.000 score=0.000 pol=+0.0000 val=0.0087 ent=1.1525 tot=+0.0030 agnorm=0.089 cgnorm=0.044 kl=0.0001 clipf=0.000 ev=+0.873 r0=1.0000 entcoef=1.17e-03 lr=2.3e-05 seed=3
iter= 613 step=1964800 ep_ret=-417.607 opt_ret=-417.607 step_rew=-4.1761 opt_step=-4.1761 gap0=417.607 dret=+256.685 eval_ret=n/a pursuer_target_distance=2.028 capture=0.001 score=0.000 pol=-0.0001 val=0.0076 ent=1.1044 tot=+0.0024 agnorm=0.044 cgnorm=0.047 kl=0.0000 clipf=0.000 ev=+0.887 r0=1.0000 entcoef=1.16e-03 lr=2.2e-05 seed=3
iter= 614 step=1968000 ep_ret=-463.399 opt_ret=-463.399 step_rew=-4.6340 opt_step=-4.6340 gap0=463.399 dret=+210.892 eval_ret=n/a pursuer_target_distance=2.112 capture=0.000 score=0.000 pol=-0.0001 val=0.0116 ent=1.1275 tot=+0.0044 agnorm=0.070 cgnorm=0.066 kl=0.0001 clipf=0.000 ev=+0.886 r0=1.0000 entcoef=1.14e-03 lr=2.1e-05 seed=3
iter= 615 step=1971200 ep_ret=-395.328 opt_ret=-395.328 step_rew=-3.9533 opt_step=-3.9533 gap0=395.328 dret=+278.964 eval_ret=n/a pursuer_target_distance=1.814 capture=0.000 score=0.000 pol=-0.0001 val=0.0091 ent=1.1207 tot=+0.0032 agnorm=0.073 cgnorm=0.045 kl=0.0001 clipf=0.000 ev=+0.854 r0=1.0000 entcoef=1.13e-03 lr=2.0e-05 seed=3
iter= 616 step=1974400 ep_ret=-431.491 opt_ret=-431.491 step_rew=-4.3149 opt_step=-4.3149 gap0=431.491 dret=+242.801 eval_ret=n/a pursuer_target_distance=1.786 capture=0.000 score=0.000 pol=-0.0001 val=0.0108 ent=1.1522 tot=+0.0040 agnorm=0.066 cgnorm=0.055 kl=0.0001 clipf=0.000 ev=+0.885 r0=1.0000 entcoef=1.12e-03 lr=1.9e-05 seed=3
iter= 617 step=1977600 ep_ret=-393.699 opt_ret=-393.699 step_rew=-3.9370 opt_step=-3.9370 gap0=393.699 dret=+280.593 eval_ret=n/a pursuer_target_distance=1.699 capture=0.000 score=0.000 pol=-0.0000 val=0.0047 ent=1.1404 tot=+0.0011 agnorm=0.045 cgnorm=0.038 kl=0.0001 clipf=0.000 ev=+0.913 r0=1.0000 entcoef=1.10e-03 lr=1.8e-05 seed=3
iter= 618 step=1980800 ep_ret=-394.628 opt_ret=-394.628 step_rew=-3.9463 opt_step=-3.9463 gap0=394.628 dret=+279.664 eval_ret=n/a pursuer_target_distance=1.870 capture=0.000 score=0.000 pol=-0.0001 val=0.0075 ent=1.1028 tot=+0.0025 agnorm=0.064 cgnorm=0.037 kl=0.0000 clipf=0.000 ev=+0.885 r0=1.0000 entcoef=1.09e-03 lr=1.7e-05 seed=3
iter= 619 step=1984000 ep_ret=-406.209 opt_ret=-406.209 step_rew=-4.0621 opt_step=-4.0621 gap0=406.209 dret=+268.083 eval_ret=n/a pursuer_target_distance=1.633 capture=0.000 score=0.000 pol=-0.0001 val=0.0067 ent=1.1460 tot=+0.0021 agnorm=0.084 cgnorm=0.045 kl=0.0000 clipf=0.000 ev=+0.901 r0=1.0000 entcoef=1.07e-03 lr=1.6e-05 seed=3
iter= 620 step=1987200 ep_ret=-369.886 opt_ret=-369.886 step_rew=-3.6989 opt_step=-3.6989 gap0=369.886 dret=+304.406 eval_ret=-362.163 pursuer_target_distance=1.628 capture=0.001 score=0.000 pol=-0.0000 val=0.0107 ent=1.1214 tot=+0.0041 agnorm=0.040 cgnorm=0.070 kl=0.0000 clipf=0.000 ev=+0.855 r0=1.0000 entcoef=1.06e-03 lr=1.4e-05 seed=3
iter= 621 step=1990400 ep_ret=-377.288 opt_ret=-377.288 step_rew=-3.7729 opt_step=-3.7729 gap0=377.288 dret=+297.003 eval_ret=n/a pursuer_target_distance=1.909 capture=0.000 score=0.000 pol=-0.0001 val=0.0068 ent=1.1158 tot=+0.0022 agnorm=0.066 cgnorm=0.031 kl=0.0000 clipf=0.000 ev=+0.890 r0=1.0000 entcoef=1.04e-03 lr=1.3e-05 seed=3
iter= 622 step=1993600 ep_ret=-407.756 opt_ret=-407.756 step_rew=-4.0776 opt_step=-4.0776 gap0=407.756 dret=+266.536 eval_ret=n/a pursuer_target_distance=1.751 capture=0.003 score=0.001 pol=-0.0000 val=0.0069 ent=1.1468 tot=+0.0022 agnorm=0.063 cgnorm=0.048 kl=0.0000 clipf=0.000 ev=+0.899 r0=1.0000 entcoef=1.03e-03 lr=1.2e-05 seed=3
iter= 623 step=1996800 ep_ret=-385.620 opt_ret=-385.620 step_rew=-3.8562 opt_step=-3.8562 gap0=385.620 dret=+288.672 eval_ret=n/a pursuer_target_distance=1.931 capture=0.003 score=0.001 pol=-0.0001 val=0.0071 ent=1.0972 tot=+0.0023 agnorm=0.071 cgnorm=0.043 kl=0.0000 clipf=0.000 ev=+0.883 r0=1.0000 entcoef=1.01e-03 lr=1.1e-05 seed=3
iter= 624 step=2000000 ep_ret=-429.256 opt_ret=-429.256 step_rew=-4.2926 opt_step=-4.2926 gap0=429.256 dret=+245.035 eval_ret=-369.732 pursuer_target_distance=2.117 capture=0.000 score=0.000 pol=-0.0000 val=0.0088 ent=1.1364 tot=+0.0033 agnorm=0.055 cgnorm=0.057 kl=0.0000 clipf=0.000 ev=+0.891 r0=1.0000 entcoef=1.00e-03 lr=1.0e-05 seed=3
[train] Final checkpoint saved to runs/pursuit_20260608_220631/alpha/broadcast/alpha0p0/seed3/ckpt/final.pt
[train] Run artifacts in runs/pursuit_20260608_220631/alpha/broadcast/alpha0p0/seed3
[render] Skipped post-train render (mode=off).
=== done Mon Jun  8 22:26:01 EDT 2026 ===
