[setup] Required Python imports are available.
[setup] Required Python imports are available.
=== Job info ===
Job       : 640197  array=158
Node      : evc16
Submit    : /lustre/fs1/home/ak565492/gnn_experiments
Repo      : /lustre/fs1/home/ak565492/gnn_experiments
Git rev   : c394dd7
Python    : /home/ak565492/expenv/bin/python
Python 3.11.4
PyYAML  : 6.0.3
NumPy   : 2.3.5
Torch   : 2.5.1+cu121 cuda_available=True cuda=12.1
CUDA_VIS  : 0
Threads   : OMP=4 MKL=4 OPENBLAS=1
Task      : 158/175
Comm      : graph
ZeroMsg   : true
Alpha     : 0.25
Seed      : 3
Run label : graph_zm_alpha0p25_seed3
Run dir   : runs/pursuit_20260608_220631/alpha/graph_zm/alpha0p25/seed3
Config    : /tmp/639739_158_graph_zm_alpha0p25_seed3.yaml
Start     : Mon Jun  8 22:55:27 EDT 2026
================
Mon Jun  8 22:55:27 2026       
+-----------------------------------------------------------------------------------------+
| NVIDIA-SMI 580.105.08             Driver Version: 580.105.08     CUDA Version: 13.0     |
+-----------------------------------------+------------------------+----------------------+
| GPU  Name                 Persistence-M | Bus-Id          Disp.A | Volatile Uncorr. ECC |
| Fan  Temp   Perf          Pwr:Usage/Cap |           Memory-Usage | GPU-Util  Compute M. |
|                                         |                        |               MIG M. |
|=========================================+========================+======================|
|   0  Tesla V100-PCIE-32GB           Off |   00000000:D8:00.0 Off |                    0 |
| N/A   38C    P0             26W /  250W |       0MiB /  32768MiB |      0%      Default |
|                                         |                        |                  N/A |
+-----------------------------------------+------------------------+----------------------+

+-----------------------------------------------------------------------------------------+
| Processes:                                                                              |
|  GPU   GI   CI              PID   Type   Process name                        GPU Memory |
|        ID   ID                                                               Usage      |
|=========================================================================================|
|  No running processes found                                                             |
+-----------------------------------------------------------------------------------------+
[env] kind=pursuit name=pursuit n_agents=10 obs_dim=5 action_dim=5 state_dim=23 num_envs=32
[train] Starting: total_iters=625 T=100 B=32 device=cuda:0 seed=3 render=off
iter=   0 step=   3200 ep_ret=-676.112 opt_ret=-676.112 step_rew=-6.7611 opt_step=-6.7611 gap0=676.112 dret=+0.000 eval_ret=-742.974 pursuer_target_distance=3.641 capture=0.000 score=0.000 pol=-0.0012 val=0.6441 ent=1.6070 tot=+0.3048 agnorm=0.030 cgnorm=0.188 kl=0.0023 clipf=0.010 ev=-0.419 r0=1.0000 entcoef=1.00e-02 lr=7.0e-04 seed=3
iter=   1 step=   6400 ep_ret=-706.918 opt_ret=-706.918 step_rew=-7.0692 opt_step=-7.0692 gap0=706.918 dret=-30.805 eval_ret=n/a pursuer_target_distance=3.933 capture=0.000 score=0.000 pol=-0.0010 val=0.5386 ent=1.6010 tot=+0.2523 agnorm=0.033 cgnorm=0.292 kl=0.0017 clipf=0.006 ev=-0.039 r0=1.0000 entcoef=9.99e-03 lr=7.0e-04 seed=3
iter=   2 step=   9600 ep_ret=-733.020 opt_ret=-733.020 step_rew=-7.3302 opt_step=-7.3302 gap0=733.020 dret=-56.908 eval_ret=n/a pursuer_target_distance=4.138 capture=0.000 score=0.000 pol=-0.0010 val=0.4620 ent=1.5942 tot=+0.2142 agnorm=0.032 cgnorm=0.263 kl=0.0019 clipf=0.007 ev=+0.237 r0=1.0000 entcoef=9.97e-03 lr=7.0e-04 seed=3
iter=   3 step=  12800 ep_ret=-707.087 opt_ret=-707.087 step_rew=-7.0709 opt_step=-7.0709 gap0=707.087 dret=-30.975 eval_ret=n/a pursuer_target_distance=3.791 capture=0.000 score=0.000 pol=-0.0009 val=0.3931 ent=1.5865 tot=+0.1799 agnorm=0.030 cgnorm=0.258 kl=0.0020 clipf=0.004 ev=+0.458 r0=1.0000 entcoef=9.96e-03 lr=7.0e-04 seed=3
iter=   4 step=  16000 ep_ret=-704.703 opt_ret=-704.703 step_rew=-7.0470 opt_step=-7.0470 gap0=704.703 dret=-28.591 eval_ret=n/a pursuer_target_distance=4.017 capture=0.000 score=0.000 pol=-0.0012 val=0.3973 ent=1.5819 tot=+0.1817 agnorm=0.041 cgnorm=0.250 kl=0.0029 clipf=0.022 ev=+0.491 r0=1.0000 entcoef=9.94e-03 lr=7.0e-04 seed=3
iter=   5 step=  19200 ep_ret=-642.059 opt_ret=-642.059 step_rew=-6.4206 opt_step=-6.4206 gap0=642.059 dret=+34.053 eval_ret=n/a pursuer_target_distance=3.733 capture=0.000 score=0.000 pol=-0.0008 val=0.3237 ent=1.5788 tot=+0.1454 agnorm=0.029 cgnorm=0.233 kl=0.0014 clipf=0.005 ev=+0.444 r0=1.0000 entcoef=9.93e-03 lr=6.9e-04 seed=3
iter=   6 step=  22400 ep_ret=-654.425 opt_ret=-654.425 step_rew=-6.5442 opt_step=-6.5442 gap0=654.425 dret=+21.688 eval_ret=n/a pursuer_target_distance=3.729 capture=0.000 score=0.000 pol=-0.0010 val=0.3308 ent=1.5827 tot=+0.1487 agnorm=0.045 cgnorm=0.259 kl=0.0022 clipf=0.015 ev=+0.351 r0=1.0000 entcoef=9.91e-03 lr=6.9e-04 seed=3
iter=   7 step=  25600 ep_ret=-624.414 opt_ret=-624.414 step_rew=-6.2441 opt_step=-6.2441 gap0=624.414 dret=+51.699 eval_ret=n/a pursuer_target_distance=3.241 capture=0.000 score=0.000 pol=-0.0007 val=0.2576 ent=1.5845 tot=+0.1124 agnorm=0.034 cgnorm=0.237 kl=0.0017 clipf=0.011 ev=+0.513 r0=1.0000 entcoef=9.90e-03 lr=6.9e-04 seed=3
iter=   8 step=  28800 ep_ret=-683.025 opt_ret=-683.025 step_rew=-6.8303 opt_step=-6.8303 gap0=683.025 dret=-6.913 eval_ret=n/a pursuer_target_distance=3.708 capture=0.000 score=0.000 pol=-0.0011 val=0.3364 ent=1.5826 tot=+0.1514 agnorm=0.045 cgnorm=0.249 kl=0.0021 clipf=0.014 ev=+0.488 r0=1.0000 entcoef=9.88e-03 lr=6.9e-04 seed=3
iter=   9 step=  32000 ep_ret=-677.024 opt_ret=-677.024 step_rew=-6.7702 opt_step=-6.7702 gap0=677.024 dret=-0.912 eval_ret=n/a pursuer_target_distance=3.470 capture=0.000 score=0.000 pol=-0.0007 val=0.3457 ent=1.5828 tot=+0.1565 agnorm=0.037 cgnorm=0.275 kl=0.0015 clipf=0.010 ev=+0.394 r0=1.0000 entcoef=9.87e-03 lr=6.9e-04 seed=3
iter=  10 step=  35200 ep_ret=-650.413 opt_ret=-650.413 step_rew=-6.5041 opt_step=-6.5041 gap0=650.413 dret=+25.699 eval_ret=n/a pursuer_target_distance=3.444 capture=0.000 score=0.000 pol=-0.0007 val=0.2296 ent=1.5796 tot=+0.0985 agnorm=0.034 cgnorm=0.233 kl=0.0015 clipf=0.012 ev=+0.663 r0=1.0000 entcoef=9.86e-03 lr=6.9e-04 seed=3
iter=  11 step=  38400 ep_ret=-679.979 opt_ret=-679.979 step_rew=-6.7998 opt_step=-6.7998 gap0=679.979 dret=-3.867 eval_ret=n/a pursuer_target_distance=4.274 capture=0.000 score=0.000 pol=-0.0014 val=0.3197 ent=1.5744 tot=+0.1429 agnorm=0.064 cgnorm=0.253 kl=0.0033 clipf=0.025 ev=+0.520 r0=1.0000 entcoef=9.84e-03 lr=6.9e-04 seed=3
iter=  12 step=  41600 ep_ret=-732.348 opt_ret=-732.348 step_rew=-7.3235 opt_step=-7.3235 gap0=732.348 dret=-56.236 eval_ret=n/a pursuer_target_distance=3.778 capture=0.000 score=0.000 pol=-0.0009 val=0.3097 ent=1.5615 tot=+0.1386 agnorm=0.047 cgnorm=0.276 kl=0.0030 clipf=0.020 ev=+0.454 r0=1.0000 entcoef=9.83e-03 lr=6.9e-04 seed=3
iter=  13 step=  44800 ep_ret=-725.268 opt_ret=-725.268 step_rew=-7.2527 opt_step=-7.2527 gap0=725.268 dret=-49.156 eval_ret=n/a pursuer_target_distance=3.821 capture=0.000 score=0.000 pol=-0.0008 val=0.3135 ent=1.5569 tot=+0.1407 agnorm=0.030 cgnorm=0.269 kl=0.0018 clipf=0.007 ev=+0.463 r0=1.0000 entcoef=9.81e-03 lr=6.9e-04 seed=3
iter=  14 step=  48000 ep_ret=-698.828 opt_ret=-698.828 step_rew=-6.9883 opt_step=-6.9883 gap0=698.828 dret=-22.715 eval_ret=n/a pursuer_target_distance=3.904 capture=0.000 score=0.000 pol=-0.0007 val=0.2711 ent=1.5517 tot=+0.1196 agnorm=0.034 cgnorm=0.274 kl=0.0012 clipf=0.004 ev=+0.415 r0=1.0000 entcoef=9.80e-03 lr=6.8e-04 seed=3
iter=  15 step=  51200 ep_ret=-682.543 opt_ret=-682.543 step_rew=-6.8254 opt_step=-6.8254 gap0=682.543 dret=-6.431 eval_ret=n/a pursuer_target_distance=3.839 capture=0.000 score=0.000 pol=-0.0006 val=0.2364 ent=1.5597 tot=+0.1023 agnorm=0.033 cgnorm=0.276 kl=0.0017 clipf=0.006 ev=+0.556 r0=1.0000 entcoef=9.78e-03 lr=6.8e-04 seed=3
iter=  16 step=  54400 ep_ret=-701.888 opt_ret=-701.888 step_rew=-7.0189 opt_step=-7.0189 gap0=701.888 dret=-25.776 eval_ret=n/a pursuer_target_distance=4.012 capture=0.000 score=0.000 pol=-0.0011 val=0.2433 ent=1.5541 tot=+0.1053 agnorm=0.045 cgnorm=0.275 kl=0.0020 clipf=0.015 ev=+0.556 r0=1.0000 entcoef=9.77e-03 lr=6.8e-04 seed=3
iter=  17 step=  57600 ep_ret=-641.678 opt_ret=-641.678 step_rew=-6.4168 opt_step=-6.4168 gap0=641.678 dret=+34.435 eval_ret=n/a pursuer_target_distance=3.465 capture=0.000 score=0.000 pol=-0.0007 val=0.1909 ent=1.5572 tot=+0.0796 agnorm=0.034 cgnorm=0.228 kl=0.0020 clipf=0.013 ev=+0.620 r0=1.0000 entcoef=9.75e-03 lr=6.8e-04 seed=3
iter=  18 step=  60800 ep_ret=-741.951 opt_ret=-741.951 step_rew=-7.4195 opt_step=-7.4195 gap0=741.951 dret=-65.839 eval_ret=n/a pursuer_target_distance=3.715 capture=0.000 score=0.000 pol=-0.0007 val=0.2231 ent=1.5555 tot=+0.0957 agnorm=0.035 cgnorm=0.268 kl=0.0019 clipf=0.009 ev=+0.703 r0=1.0000 entcoef=9.74e-03 lr=6.8e-04 seed=3
iter=  19 step=  64000 ep_ret=-659.959 opt_ret=-659.959 step_rew=-6.5996 opt_step=-6.5996 gap0=659.959 dret=+16.153 eval_ret=n/a pursuer_target_distance=3.013 capture=0.000 score=0.000 pol=-0.0009 val=0.1635 ent=1.5555 tot=+0.0657 agnorm=0.031 cgnorm=0.244 kl=0.0015 clipf=0.005 ev=+0.605 r0=1.0000 entcoef=9.73e-03 lr=6.8e-04 seed=3
iter=  20 step=  67200 ep_ret=-704.340 opt_ret=-704.340 step_rew=-7.0434 opt_step=-7.0434 gap0=704.340 dret=-28.228 eval_ret=-640.984 pursuer_target_distance=3.773 capture=0.000 score=0.000 pol=-0.0007 val=0.1921 ent=1.5481 tot=+0.0803 agnorm=0.026 cgnorm=0.258 kl=0.0016 clipf=0.008 ev=+0.655 r0=1.0000 entcoef=9.71e-03 lr=6.8e-04 seed=3
iter=  21 step=  70400 ep_ret=-738.238 opt_ret=-738.238 step_rew=-7.3824 opt_step=-7.3824 gap0=738.238 dret=-62.126 eval_ret=n/a pursuer_target_distance=3.751 capture=0.000 score=0.000 pol=-0.0009 val=0.2249 ent=1.5466 tot=+0.0965 agnorm=0.040 cgnorm=0.264 kl=0.0021 clipf=0.012 ev=+0.633 r0=1.0000 entcoef=9.70e-03 lr=6.8e-04 seed=3
iter=  22 step=  73600 ep_ret=-718.738 opt_ret=-718.738 step_rew=-7.1874 opt_step=-7.1874 gap0=718.738 dret=-42.626 eval_ret=n/a pursuer_target_distance=4.067 capture=0.000 score=0.000 pol=-0.0004 val=0.2313 ent=1.5544 tot=+0.1002 agnorm=0.021 cgnorm=0.286 kl=0.0006 clipf=0.001 ev=+0.197 r0=1.0000 entcoef=9.68e-03 lr=6.8e-04 seed=3
iter=  23 step=  76800 ep_ret=-747.832 opt_ret=-747.832 step_rew=-7.4783 opt_step=-7.4783 gap0=747.832 dret=-71.720 eval_ret=n/a pursuer_target_distance=4.490 capture=0.000 score=0.000 pol=-0.0012 val=0.2234 ent=1.5518 tot=+0.0955 agnorm=0.047 cgnorm=0.278 kl=0.0025 clipf=0.013 ev=+0.400 r0=1.0000 entcoef=9.67e-03 lr=6.7e-04 seed=3
iter=  24 step=  80000 ep_ret=-668.854 opt_ret=-668.854 step_rew=-6.6885 opt_step=-6.6885 gap0=668.854 dret=+7.258 eval_ret=n/a pursuer_target_distance=2.871 capture=0.000 score=0.000 pol=-0.0008 val=0.1191 ent=1.5452 tot=+0.0438 agnorm=0.046 cgnorm=0.226 kl=0.0023 clipf=0.014 ev=+0.658 r0=1.0000 entcoef=9.65e-03 lr=6.7e-04 seed=3
iter=  25 step=  83200 ep_ret=-622.094 opt_ret=-622.094 step_rew=-6.2209 opt_step=-6.2209 gap0=622.094 dret=+54.018 eval_ret=n/a pursuer_target_distance=3.239 capture=0.000 score=0.000 pol=-0.0012 val=0.0922 ent=1.5516 tot=+0.0300 agnorm=0.043 cgnorm=0.196 kl=0.0027 clipf=0.014 ev=+0.655 r0=1.0000 entcoef=9.64e-03 lr=6.7e-04 seed=3
iter=  26 step=  86400 ep_ret=-642.616 opt_ret=-642.616 step_rew=-6.4262 opt_step=-6.4262 gap0=642.616 dret=+33.496 eval_ret=n/a pursuer_target_distance=2.761 capture=0.000 score=0.000 pol=-0.0008 val=0.1205 ent=1.5403 tot=+0.0446 agnorm=0.038 cgnorm=0.231 kl=0.0012 clipf=0.008 ev=+0.640 r0=1.0000 entcoef=9.62e-03 lr=6.7e-04 seed=3
iter=  27 step=  89600 ep_ret=-672.140 opt_ret=-672.140 step_rew=-6.7214 opt_step=-6.7214 gap0=672.140 dret=+3.972 eval_ret=n/a pursuer_target_distance=3.163 capture=0.000 score=0.000 pol=-0.0007 val=0.1487 ent=1.5453 tot=+0.0588 agnorm=0.040 cgnorm=0.241 kl=0.0025 clipf=0.016 ev=+0.458 r0=1.0000 entcoef=9.61e-03 lr=6.7e-04 seed=3
iter=  28 step=  92800 ep_ret=-634.157 opt_ret=-634.157 step_rew=-6.3416 opt_step=-6.3416 gap0=634.157 dret=+41.955 eval_ret=n/a pursuer_target_distance=3.244 capture=0.000 score=0.000 pol=-0.0012 val=0.1031 ent=1.5401 tot=+0.0356 agnorm=0.051 cgnorm=0.208 kl=0.0023 clipf=0.019 ev=+0.613 r0=1.0000 entcoef=9.60e-03 lr=6.7e-04 seed=3
iter=  29 step=  96000 ep_ret=-636.692 opt_ret=-636.692 step_rew=-6.3669 opt_step=-6.3669 gap0=636.692 dret=+39.420 eval_ret=n/a pursuer_target_distance=2.982 capture=0.000 score=0.000 pol=-0.0006 val=0.0631 ent=1.5353 tot=+0.0162 agnorm=0.030 cgnorm=0.186 kl=0.0017 clipf=0.008 ev=+0.812 r0=1.0000 entcoef=9.58e-03 lr=6.7e-04 seed=3
iter=  30 step=  99200 ep_ret=-668.301 opt_ret=-668.301 step_rew=-6.6830 opt_step=-6.6830 gap0=668.301 dret=+7.811 eval_ret=n/a pursuer_target_distance=3.042 capture=0.000 score=0.000 pol=-0.0007 val=0.1223 ent=1.5421 tot=+0.0457 agnorm=0.030 cgnorm=0.236 kl=0.0013 clipf=0.004 ev=+0.687 r0=1.0000 entcoef=9.57e-03 lr=6.7e-04 seed=3
iter=  31 step= 102400 ep_ret=-603.953 opt_ret=-603.953 step_rew=-6.0395 opt_step=-6.0395 gap0=603.953 dret=+72.159 eval_ret=n/a pursuer_target_distance=2.826 capture=0.000 score=0.000 pol=-0.0013 val=0.0552 ent=1.5532 tot=+0.0114 agnorm=0.057 cgnorm=0.169 kl=0.0035 clipf=0.026 ev=+0.711 r0=1.0000 entcoef=9.55e-03 lr=6.7e-04 seed=3
iter=  32 step= 105600 ep_ret=-682.557 opt_ret=-682.557 step_rew=-6.8256 opt_step=-6.8256 gap0=682.557 dret=-6.445 eval_ret=n/a pursuer_target_distance=3.506 capture=0.000 score=0.000 pol=-0.0012 val=0.1409 ent=1.5506 tot=+0.0545 agnorm=0.040 cgnorm=0.237 kl=0.0025 clipf=0.021 ev=+0.479 r0=1.0000 entcoef=9.54e-03 lr=6.6e-04 seed=3
iter=  33 step= 108800 ep_ret=-614.429 opt_ret=-614.429 step_rew=-6.1443 opt_step=-6.1443 gap0=614.429 dret=+61.683 eval_ret=n/a pursuer_target_distance=3.074 capture=0.000 score=0.000 pol=-0.0006 val=0.0458 ent=1.5425 tot=+0.0076 agnorm=0.041 cgnorm=0.156 kl=0.0020 clipf=0.009 ev=+0.782 r0=1.0000 entcoef=9.52e-03 lr=6.6e-04 seed=3
iter=  34 step= 112000 ep_ret=-612.603 opt_ret=-612.603 step_rew=-6.1260 opt_step=-6.1260 gap0=612.603 dret=+63.509 eval_ret=n/a pursuer_target_distance=3.379 capture=0.000 score=0.000 pol=-0.0009 val=0.0409 ent=1.5267 tot=+0.0050 agnorm=0.051 cgnorm=0.143 kl=0.0025 clipf=0.017 ev=+0.812 r0=1.0000 entcoef=9.51e-03 lr=6.6e-04 seed=3
iter=  35 step= 115200 ep_ret=-639.485 opt_ret=-639.485 step_rew=-6.3949 opt_step=-6.3949 gap0=639.485 dret=+36.627 eval_ret=n/a pursuer_target_distance=2.821 capture=0.000 score=0.000 pol=-0.0006 val=0.0746 ent=1.5338 tot=+0.0222 agnorm=0.042 cgnorm=0.205 kl=0.0026 clipf=0.015 ev=+0.566 r0=1.0000 entcoef=9.50e-03 lr=6.6e-04 seed=3
iter=  36 step= 118400 ep_ret=-621.240 opt_ret=-621.240 step_rew=-6.2124 opt_step=-6.2124 gap0=621.240 dret=+54.872 eval_ret=n/a pursuer_target_distance=3.228 capture=0.000 score=0.000 pol=-0.0005 val=0.0643 ent=1.5398 tot=+0.0171 agnorm=0.029 cgnorm=0.170 kl=0.0010 clipf=0.001 ev=+0.652 r0=1.0000 entcoef=9.48e-03 lr=6.6e-04 seed=3
iter=  37 step= 121600 ep_ret=-747.514 opt_ret=-747.514 step_rew=-7.4751 opt_step=-7.4751 gap0=747.514 dret=-71.402 eval_ret=n/a pursuer_target_distance=4.151 capture=0.000 score=0.000 pol=-0.0007 val=0.1057 ent=1.5464 tot=+0.0375 agnorm=0.030 cgnorm=0.209 kl=0.0016 clipf=0.005 ev=+0.603 r0=1.0000 entcoef=9.47e-03 lr=6.6e-04 seed=3
iter=  38 step= 124800 ep_ret=-786.139 opt_ret=-786.139 step_rew=-7.8614 opt_step=-7.8614 gap0=786.139 dret=-110.027 eval_ret=n/a pursuer_target_distance=4.146 capture=0.000 score=0.000 pol=-0.0006 val=0.1357 ent=1.5484 tot=+0.0526 agnorm=0.040 cgnorm=0.236 kl=0.0012 clipf=0.004 ev=+0.488 r0=1.0000 entcoef=9.45e-03 lr=6.6e-04 seed=3
iter=  39 step= 128000 ep_ret=-721.289 opt_ret=-721.289 step_rew=-7.2129 opt_step=-7.2129 gap0=721.289 dret=-45.177 eval_ret=n/a pursuer_target_distance=3.677 capture=0.000 score=0.000 pol=-0.0006 val=0.0625 ent=1.5382 tot=+0.0161 agnorm=0.029 cgnorm=0.189 kl=0.0012 clipf=0.005 ev=+0.824 r0=1.0000 entcoef=9.44e-03 lr=6.6e-04 seed=3
iter=  40 step= 131200 ep_ret=-686.591 opt_ret=-686.591 step_rew=-6.8659 opt_step=-6.8659 gap0=686.591 dret=-10.478 eval_ret=-658.405 pursuer_target_distance=3.591 capture=0.000 score=0.000 pol=-0.0009 val=0.0897 ent=1.5436 tot=+0.0294 agnorm=0.040 cgnorm=0.207 kl=0.0023 clipf=0.015 ev=+0.602 r0=1.0000 entcoef=9.42e-03 lr=6.6e-04 seed=3
iter=  41 step= 134400 ep_ret=-657.387 opt_ret=-657.387 step_rew=-6.5739 opt_step=-6.5739 gap0=657.387 dret=+18.725 eval_ret=n/a pursuer_target_distance=3.533 capture=0.000 score=0.000 pol=-0.0008 val=0.0563 ent=1.5394 tot=+0.0129 agnorm=0.032 cgnorm=0.182 kl=0.0017 clipf=0.005 ev=+0.736 r0=1.0000 entcoef=9.41e-03 lr=6.5e-04 seed=3
iter=  42 step= 137600 ep_ret=-636.052 opt_ret=-636.052 step_rew=-6.3605 opt_step=-6.3605 gap0=636.052 dret=+40.060 eval_ret=n/a pursuer_target_distance=3.368 capture=0.000 score=0.000 pol=-0.0011 val=0.0384 ent=1.5325 tot=+0.0037 agnorm=0.044 cgnorm=0.153 kl=0.0024 clipf=0.012 ev=+0.799 r0=1.0000 entcoef=9.39e-03 lr=6.5e-04 seed=3
iter=  43 step= 140800 ep_ret=-738.979 opt_ret=-738.979 step_rew=-7.3898 opt_step=-7.3898 gap0=738.979 dret=-62.867 eval_ret=n/a pursuer_target_distance=3.627 capture=0.000 score=0.000 pol=-0.0006 val=0.0897 ent=1.5461 tot=+0.0297 agnorm=0.037 cgnorm=0.226 kl=0.0023 clipf=0.008 ev=+0.617 r0=1.0000 entcoef=9.38e-03 lr=6.5e-04 seed=3
iter=  44 step= 144000 ep_ret=-599.921 opt_ret=-599.921 step_rew=-5.9992 opt_step=-5.9992 gap0=599.921 dret=+76.191 eval_ret=n/a pursuer_target_distance=2.875 capture=0.000 score=0.000 pol=-0.0011 val=0.0338 ent=1.5396 tot=+0.0014 agnorm=0.041 cgnorm=0.154 kl=0.0026 clipf=0.026 ev=+0.665 r0=1.0000 entcoef=9.37e-03 lr=6.5e-04 seed=3
iter=  45 step= 147200 ep_ret=-562.422 opt_ret=-562.422 step_rew=-5.6242 opt_step=-5.6242 gap0=562.422 dret=+113.690 eval_ret=n/a pursuer_target_distance=2.541 capture=0.000 score=0.000 pol=-0.0009 val=0.0396 ent=1.5452 tot=+0.0044 agnorm=0.037 cgnorm=0.161 kl=0.0019 clipf=0.007 ev=+0.701 r0=1.0000 entcoef=9.35e-03 lr=6.5e-04 seed=3
iter=  46 step= 150400 ep_ret=-662.838 opt_ret=-662.838 step_rew=-6.6284 opt_step=-6.6284 gap0=662.838 dret=+13.274 eval_ret=n/a pursuer_target_distance=3.851 capture=0.000 score=0.000 pol=-0.0006 val=0.0769 ent=1.5619 tot=+0.0232 agnorm=0.032 cgnorm=0.214 kl=0.0019 clipf=0.008 ev=+0.472 r0=1.0000 entcoef=9.34e-03 lr=6.5e-04 seed=3
iter=  47 step= 153600 ep_ret=-611.026 opt_ret=-611.026 step_rew=-6.1103 opt_step=-6.1103 gap0=611.026 dret=+65.086 eval_ret=n/a pursuer_target_distance=3.299 capture=0.000 score=0.000 pol=-0.0018 val=0.0287 ent=1.5585 tot=-0.0019 agnorm=0.090 cgnorm=0.131 kl=0.0041 clipf=0.039 ev=+0.676 r0=1.0000 entcoef=9.32e-03 lr=6.5e-04 seed=3
iter=  48 step= 156800 ep_ret=-588.739 opt_ret=-588.739 step_rew=-5.8874 opt_step=-5.8874 gap0=588.739 dret=+87.373 eval_ret=n/a pursuer_target_distance=3.024 capture=0.000 score=0.000 pol=-0.0006 val=0.0266 ent=1.5613 tot=-0.0018 agnorm=0.045 cgnorm=0.128 kl=0.0023 clipf=0.008 ev=+0.800 r0=1.0000 entcoef=9.31e-03 lr=6.5e-04 seed=3
iter=  49 step= 160000 ep_ret=-594.239 opt_ret=-594.239 step_rew=-5.9424 opt_step=-5.9424 gap0=594.239 dret=+81.873 eval_ret=n/a pursuer_target_distance=2.688 capture=0.000 score=0.000 pol=-0.0006 val=0.0303 ent=1.5509 tot=+0.0001 agnorm=0.049 cgnorm=0.129 kl=0.0016 clipf=0.013 ev=+0.746 r0=1.0000 entcoef=9.29e-03 lr=6.5e-04 seed=3
iter=  50 step= 163200 ep_ret=-729.763 opt_ret=-729.763 step_rew=-7.2976 opt_step=-7.2976 gap0=729.763 dret=-53.651 eval_ret=n/a pursuer_target_distance=3.868 capture=0.000 score=0.000 pol=-0.0007 val=0.0537 ent=1.5556 tot=+0.0117 agnorm=0.060 cgnorm=0.171 kl=0.0028 clipf=0.024 ev=+0.670 r0=1.0000 entcoef=9.28e-03 lr=6.4e-04 seed=3
iter=  51 step= 166400 ep_ret=-629.547 opt_ret=-629.547 step_rew=-6.2955 opt_step=-6.2955 gap0=629.547 dret=+46.565 eval_ret=n/a pursuer_target_distance=3.202 capture=0.000 score=0.000 pol=-0.0013 val=0.0269 ent=1.5547 tot=-0.0023 agnorm=0.051 cgnorm=0.139 kl=0.0030 clipf=0.021 ev=+0.782 r0=1.0000 entcoef=9.26e-03 lr=6.4e-04 seed=3
iter=  52 step= 169600 ep_ret=-683.576 opt_ret=-683.576 step_rew=-6.8358 opt_step=-6.8358 gap0=683.576 dret=-7.464 eval_ret=n/a pursuer_target_distance=3.577 capture=0.000 score=0.000 pol=-0.0007 val=0.0467 ent=1.5514 tot=+0.0083 agnorm=0.045 cgnorm=0.166 kl=0.0018 clipf=0.014 ev=+0.618 r0=1.0000 entcoef=9.25e-03 lr=6.4e-04 seed=3
iter=  53 step= 172800 ep_ret=-644.388 opt_ret=-644.388 step_rew=-6.4439 opt_step=-6.4439 gap0=644.388 dret=+31.724 eval_ret=n/a pursuer_target_distance=3.630 capture=0.000 score=0.000 pol=-0.0004 val=0.0360 ent=1.5562 tot=+0.0032 agnorm=0.023 cgnorm=0.140 kl=0.0008 clipf=0.001 ev=+0.703 r0=1.0000 entcoef=9.24e-03 lr=6.4e-04 seed=3
iter=  54 step= 176000 ep_ret=-750.077 opt_ret=-750.077 step_rew=-7.5008 opt_step=-7.5008 gap0=750.077 dret=-73.965 eval_ret=n/a pursuer_target_distance=4.219 capture=0.000 score=0.000 pol=-0.0008 val=0.0673 ent=1.5460 tot=+0.0186 agnorm=0.032 cgnorm=0.173 kl=0.0014 clipf=0.008 ev=+0.639 r0=1.0000 entcoef=9.22e-03 lr=6.4e-04 seed=3
iter=  55 step= 179200 ep_ret=-648.355 opt_ret=-648.355 step_rew=-6.4835 opt_step=-6.4835 gap0=648.355 dret=+27.757 eval_ret=n/a pursuer_target_distance=3.229 capture=0.000 score=0.000 pol=-0.0011 val=0.0456 ent=1.5313 tot=+0.0075 agnorm=0.033 cgnorm=0.153 kl=0.0019 clipf=0.008 ev=+0.552 r0=1.0000 entcoef=9.21e-03 lr=6.4e-04 seed=3
iter=  56 step= 182400 ep_ret=-603.593 opt_ret=-603.593 step_rew=-6.0359 opt_step=-6.0359 gap0=603.593 dret=+72.519 eval_ret=n/a pursuer_target_distance=2.902 capture=0.000 score=0.000 pol=-0.0013 val=0.0348 ent=1.5221 tot=+0.0021 agnorm=0.054 cgnorm=0.140 kl=0.0037 clipf=0.026 ev=+0.741 r0=1.0000 entcoef=9.19e-03 lr=6.4e-04 seed=3
iter=  57 step= 185600 ep_ret=-653.309 opt_ret=-653.309 step_rew=-6.5331 opt_step=-6.5331 gap0=653.309 dret=+22.804 eval_ret=n/a pursuer_target_distance=3.378 capture=0.000 score=0.000 pol=-0.0008 val=0.0354 ent=1.5245 tot=+0.0030 agnorm=0.034 cgnorm=0.142 kl=0.0024 clipf=0.011 ev=+0.661 r0=1.0000 entcoef=9.18e-03 lr=6.4e-04 seed=3
iter=  58 step= 188800 ep_ret=-564.430 opt_ret=-564.430 step_rew=-5.6443 opt_step=-5.6443 gap0=564.430 dret=+111.682 eval_ret=n/a pursuer_target_distance=2.864 capture=0.000 score=0.000 pol=-0.0009 val=0.0184 ent=1.5297 tot=-0.0057 agnorm=0.040 cgnorm=0.101 kl=0.0029 clipf=0.014 ev=+0.823 r0=1.0000 entcoef=9.16e-03 lr=6.4e-04 seed=3
iter=  59 step= 192000 ep_ret=-614.977 opt_ret=-614.977 step_rew=-6.1498 opt_step=-6.1498 gap0=614.977 dret=+61.136 eval_ret=n/a pursuer_target_distance=3.221 capture=0.000 score=0.000 pol=-0.0010 val=0.0305 ent=1.5218 tot=+0.0004 agnorm=0.032 cgnorm=0.127 kl=0.0018 clipf=0.007 ev=+0.647 r0=1.0000 entcoef=9.15e-03 lr=6.3e-04 seed=3
iter=  60 step= 195200 ep_ret=-631.460 opt_ret=-631.460 step_rew=-6.3146 opt_step=-6.3146 gap0=631.460 dret=+44.652 eval_ret=-643.346 pursuer_target_distance=3.236 capture=0.000 score=0.000 pol=-0.0008 val=0.0238 ent=1.5178 tot=-0.0028 agnorm=0.037 cgnorm=0.096 kl=0.0016 clipf=0.005 ev=+0.829 r0=1.0000 entcoef=9.13e-03 lr=6.3e-04 seed=3
iter=  61 step= 198400 ep_ret=-668.081 opt_ret=-668.081 step_rew=-6.6808 opt_step=-6.6808 gap0=668.081 dret=+8.031 eval_ret=n/a pursuer_target_distance=3.142 capture=0.000 score=0.000 pol=-0.0008 val=0.0266 ent=1.5017 tot=-0.0013 agnorm=0.043 cgnorm=0.117 kl=0.0019 clipf=0.007 ev=+0.727 r0=1.0000 entcoef=9.12e-03 lr=6.3e-04 seed=3
iter=  62 step= 201600 ep_ret=-603.121 opt_ret=-603.121 step_rew=-6.0312 opt_step=-6.0312 gap0=603.121 dret=+72.991 eval_ret=n/a pursuer_target_distance=2.787 capture=0.000 score=0.000 pol=-0.0007 val=0.0280 ent=1.4990 tot=-0.0003 agnorm=0.036 cgnorm=0.107 kl=0.0026 clipf=0.012 ev=+0.744 r0=1.0000 entcoef=9.11e-03 lr=6.3e-04 seed=3
iter=  63 step= 204800 ep_ret=-678.408 opt_ret=-678.408 step_rew=-6.7841 opt_step=-6.7841 gap0=678.408 dret=-2.296 eval_ret=n/a pursuer_target_distance=3.249 capture=0.000 score=0.000 pol=-0.0006 val=0.0309 ent=1.4987 tot=+0.0012 agnorm=0.035 cgnorm=0.132 kl=0.0012 clipf=0.007 ev=+0.693 r0=1.0000 entcoef=9.09e-03 lr=6.3e-04 seed=3
iter=  64 step= 208000 ep_ret=-608.962 opt_ret=-608.962 step_rew=-6.0896 opt_step=-6.0896 gap0=608.962 dret=+67.151 eval_ret=n/a pursuer_target_distance=2.845 capture=0.000 score=0.000 pol=-0.0009 val=0.0250 ent=1.5110 tot=-0.0022 agnorm=0.049 cgnorm=0.121 kl=0.0025 clipf=0.011 ev=+0.717 r0=1.0000 entcoef=9.08e-03 lr=6.3e-04 seed=3
iter=  65 step= 211200 ep_ret=-683.079 opt_ret=-683.079 step_rew=-6.8308 opt_step=-6.8308 gap0=683.079 dret=-6.967 eval_ret=n/a pursuer_target_distance=3.269 capture=0.000 score=0.000 pol=-0.0007 val=0.0330 ent=1.5001 tot=+0.0022 agnorm=0.029 cgnorm=0.128 kl=0.0021 clipf=0.005 ev=+0.722 r0=1.0000 entcoef=9.06e-03 lr=6.3e-04 seed=3
iter=  66 step= 214400 ep_ret=-631.403 opt_ret=-631.403 step_rew=-6.3140 opt_step=-6.3140 gap0=631.403 dret=+44.709 eval_ret=n/a pursuer_target_distance=3.741 capture=0.000 score=0.000 pol=-0.0010 val=0.0254 ent=1.4841 tot=-0.0017 agnorm=0.042 cgnorm=0.115 kl=0.0019 clipf=0.011 ev=+0.814 r0=1.0000 entcoef=9.05e-03 lr=6.3e-04 seed=3
iter=  67 step= 217600 ep_ret=-670.082 opt_ret=-670.082 step_rew=-6.7008 opt_step=-6.7008 gap0=670.082 dret=+6.030 eval_ret=n/a pursuer_target_distance=4.118 capture=0.000 score=0.000 pol=-0.0002 val=0.0435 ent=1.5016 tot=+0.0080 agnorm=0.022 cgnorm=0.156 kl=0.0007 clipf=0.001 ev=+0.644 r0=1.0000 entcoef=9.03e-03 lr=6.3e-04 seed=3
iter=  68 step= 220800 ep_ret=-634.197 opt_ret=-634.197 step_rew=-6.3420 opt_step=-6.3420 gap0=634.197 dret=+41.915 eval_ret=n/a pursuer_target_distance=3.097 capture=0.000 score=0.000 pol=-0.0009 val=0.0239 ent=1.5010 tot=-0.0025 agnorm=0.042 cgnorm=0.105 kl=0.0014 clipf=0.010 ev=+0.844 r0=1.0000 entcoef=9.02e-03 lr=6.2e-04 seed=3
iter=  69 step= 224000 ep_ret=-615.778 opt_ret=-615.778 step_rew=-6.1578 opt_step=-6.1578 gap0=615.778 dret=+60.334 eval_ret=n/a pursuer_target_distance=3.250 capture=0.000 score=0.000 pol=-0.0008 val=0.0344 ent=1.4977 tot=+0.0029 agnorm=0.037 cgnorm=0.135 kl=0.0016 clipf=0.007 ev=+0.579 r0=1.0000 entcoef=9.00e-03 lr=6.2e-04 seed=3
iter=  70 step= 227200 ep_ret=-571.272 opt_ret=-571.272 step_rew=-5.7127 opt_step=-5.7127 gap0=571.272 dret=+104.840 eval_ret=n/a pursuer_target_distance=2.896 capture=0.000 score=0.000 pol=-0.0014 val=0.0494 ent=1.4916 tot=+0.0099 agnorm=0.070 cgnorm=0.145 kl=0.0049 clipf=0.039 ev=+0.356 r0=1.0000 entcoef=8.99e-03 lr=6.2e-04 seed=3
iter=  71 step= 230400 ep_ret=-585.879 opt_ret=-585.879 step_rew=-5.8588 opt_step=-5.8588 gap0=585.879 dret=+90.233 eval_ret=n/a pursuer_target_distance=2.811 capture=0.000 score=0.000 pol=-0.0007 val=0.0400 ent=1.4935 tot=+0.0059 agnorm=0.043 cgnorm=0.134 kl=0.0032 clipf=0.018 ev=+0.487 r0=1.0000 entcoef=8.98e-03 lr=6.2e-04 seed=3
iter=  72 step= 233600 ep_ret=-573.815 opt_ret=-573.815 step_rew=-5.7382 opt_step=-5.7382 gap0=573.815 dret=+102.297 eval_ret=n/a pursuer_target_distance=3.080 capture=0.000 score=0.000 pol=-0.0009 val=0.0275 ent=1.4843 tot=-0.0004 agnorm=0.045 cgnorm=0.105 kl=0.0019 clipf=0.014 ev=+0.705 r0=1.0000 entcoef=8.96e-03 lr=6.2e-04 seed=3
iter=  73 step= 236800 ep_ret=-604.249 opt_ret=-604.249 step_rew=-6.0425 opt_step=-6.0425 gap0=604.249 dret=+71.863 eval_ret=n/a pursuer_target_distance=3.187 capture=0.000 score=0.000 pol=-0.0006 val=0.0486 ent=1.4827 tot=+0.0104 agnorm=0.041 cgnorm=0.130 kl=0.0016 clipf=0.010 ev=+0.525 r0=1.0000 entcoef=8.95e-03 lr=6.2e-04 seed=3
iter=  74 step= 240000 ep_ret=-580.317 opt_ret=-580.317 step_rew=-5.8032 opt_step=-5.8032 gap0=580.317 dret=+95.795 eval_ret=n/a pursuer_target_distance=3.062 capture=0.000 score=0.000 pol=-0.0006 val=0.0314 ent=1.4791 tot=+0.0019 agnorm=0.031 cgnorm=0.106 kl=0.0010 clipf=0.003 ev=+0.665 r0=1.0000 entcoef=8.93e-03 lr=6.2e-04 seed=3
iter=  75 step= 243200 ep_ret=-662.247 opt_ret=-662.247 step_rew=-6.6225 opt_step=-6.6225 gap0=662.247 dret=+13.865 eval_ret=n/a pursuer_target_distance=3.371 capture=0.000 score=0.000 pol=-0.0006 val=0.0470 ent=1.4755 tot=+0.0097 agnorm=0.035 cgnorm=0.123 kl=0.0020 clipf=0.011 ev=+0.589 r0=1.0000 entcoef=8.92e-03 lr=6.2e-04 seed=3
iter=  76 step= 246400 ep_ret=-522.101 opt_ret=-522.101 step_rew=-5.2210 opt_step=-5.2210 gap0=522.101 dret=+154.012 eval_ret=n/a pursuer_target_distance=2.599 capture=0.000 score=0.000 pol=-0.0008 val=0.0329 ent=1.4750 tot=+0.0025 agnorm=0.039 cgnorm=0.107 kl=0.0013 clipf=0.002 ev=+0.675 r0=1.0000 entcoef=8.90e-03 lr=6.2e-04 seed=3
iter=  77 step= 249600 ep_ret=-606.350 opt_ret=-606.350 step_rew=-6.0635 opt_step=-6.0635 gap0=606.350 dret=+69.762 eval_ret=n/a pursuer_target_distance=3.319 capture=0.000 score=0.000 pol=-0.0010 val=0.0347 ent=1.4690 tot=+0.0032 agnorm=0.044 cgnorm=0.111 kl=0.0025 clipf=0.015 ev=+0.525 r0=1.0000 entcoef=8.89e-03 lr=6.1e-04 seed=3
iter=  78 step= 252800 ep_ret=-561.432 opt_ret=-561.432 step_rew=-5.6143 opt_step=-5.6143 gap0=561.432 dret=+114.680 eval_ret=n/a pursuer_target_distance=2.859 capture=0.000 score=0.000 pol=-0.0012 val=0.0244 ent=1.4612 tot=-0.0019 agnorm=0.044 cgnorm=0.104 kl=0.0024 clipf=0.015 ev=+0.631 r0=1.0000 entcoef=8.88e-03 lr=6.1e-04 seed=3
iter=  79 step= 256000 ep_ret=-527.695 opt_ret=-527.695 step_rew=-5.2770 opt_step=-5.2770 gap0=527.695 dret=+148.417 eval_ret=n/a pursuer_target_distance=2.384 capture=0.000 score=0.000 pol=-0.0010 val=0.0317 ent=1.4552 tot=+0.0019 agnorm=0.050 cgnorm=0.104 kl=0.0028 clipf=0.020 ev=+0.579 r0=1.0000 entcoef=8.86e-03 lr=6.1e-04 seed=3
iter=  80 step= 259200 ep_ret=-575.500 opt_ret=-575.500 step_rew=-5.7550 opt_step=-5.7550 gap0=575.500 dret=+100.612 eval_ret=-628.357 pursuer_target_distance=3.082 capture=0.000 score=0.000 pol=-0.0008 val=0.0286 ent=1.4611 tot=+0.0005 agnorm=0.039 cgnorm=0.096 kl=0.0019 clipf=0.011 ev=+0.702 r0=1.0000 entcoef=8.85e-03 lr=6.1e-04 seed=3
iter=  81 step= 262400 ep_ret=-581.584 opt_ret=-581.584 step_rew=-5.8158 opt_step=-5.8158 gap0=581.584 dret=+94.528 eval_ret=n/a pursuer_target_distance=2.606 capture=0.000 score=0.000 pol=-0.0008 val=0.0395 ent=1.4682 tot=+0.0060 agnorm=0.048 cgnorm=0.110 kl=0.0028 clipf=0.017 ev=+0.528 r0=1.0000 entcoef=8.83e-03 lr=6.1e-04 seed=3
iter=  82 step= 265600 ep_ret=-667.759 opt_ret=-667.759 step_rew=-6.6776 opt_step=-6.6776 gap0=667.759 dret=+8.353 eval_ret=n/a pursuer_target_distance=3.130 capture=0.000 score=0.000 pol=-0.0010 val=0.0315 ent=1.4521 tot=+0.0020 agnorm=0.039 cgnorm=0.105 kl=0.0028 clipf=0.010 ev=+0.597 r0=1.0000 entcoef=8.82e-03 lr=6.1e-04 seed=3
iter=  83 step= 268800 ep_ret=-509.020 opt_ret=-509.020 step_rew=-5.0902 opt_step=-5.0902 gap0=509.020 dret=+167.092 eval_ret=n/a pursuer_target_distance=2.407 capture=0.000 score=0.000 pol=-0.0012 val=0.0286 ent=1.4542 tot=+0.0003 agnorm=0.067 cgnorm=0.093 kl=0.0035 clipf=0.023 ev=+0.678 r0=1.0000 entcoef=8.80e-03 lr=6.1e-04 seed=3
iter=  84 step= 272000 ep_ret=-595.785 opt_ret=-595.785 step_rew=-5.9579 opt_step=-5.9579 gap0=595.785 dret=+80.327 eval_ret=n/a pursuer_target_distance=2.792 capture=0.000 score=0.000 pol=-0.0009 val=0.0338 ent=1.4408 tot=+0.0033 agnorm=0.060 cgnorm=0.097 kl=0.0032 clipf=0.024 ev=+0.444 r0=1.0000 entcoef=8.79e-03 lr=6.1e-04 seed=3
iter=  85 step= 275200 ep_ret=-548.923 opt_ret=-548.923 step_rew=-5.4892 opt_step=-5.4892 gap0=548.923 dret=+127.189 eval_ret=n/a pursuer_target_distance=2.793 capture=0.000 score=0.000 pol=-0.0008 val=0.0360 ent=1.4549 tot=+0.0044 agnorm=0.050 cgnorm=0.106 kl=0.0018 clipf=0.015 ev=+0.593 r0=1.0000 entcoef=8.77e-03 lr=6.1e-04 seed=3
iter=  86 step= 278400 ep_ret=-600.890 opt_ret=-600.890 step_rew=-6.0089 opt_step=-6.0089 gap0=600.890 dret=+75.222 eval_ret=n/a pursuer_target_distance=3.306 capture=0.000 score=0.000 pol=-0.0004 val=0.0332 ent=1.4642 tot=+0.0034 agnorm=0.030 cgnorm=0.088 kl=0.0010 clipf=0.005 ev=+0.641 r0=1.0000 entcoef=8.76e-03 lr=6.0e-04 seed=3
iter=  87 step= 281600 ep_ret=-605.807 opt_ret=-605.807 step_rew=-6.0581 opt_step=-6.0581 gap0=605.807 dret=+70.305 eval_ret=n/a pursuer_target_distance=2.968 capture=0.000 score=0.000 pol=-0.0007 val=0.0339 ent=1.4732 tot=+0.0033 agnorm=0.040 cgnorm=0.098 kl=0.0014 clipf=0.005 ev=+0.612 r0=1.0000 entcoef=8.75e-03 lr=6.0e-04 seed=3
iter=  88 step= 284800 ep_ret=-617.820 opt_ret=-617.820 step_rew=-6.1782 opt_step=-6.1782 gap0=617.820 dret=+58.292 eval_ret=n/a pursuer_target_distance=3.152 capture=0.000 score=0.000 pol=-0.0010 val=0.0405 ent=1.4539 tot=+0.0065 agnorm=0.042 cgnorm=0.107 kl=0.0033 clipf=0.016 ev=+0.396 r0=1.0000 entcoef=8.73e-03 lr=6.0e-04 seed=3
iter=  89 step= 288000 ep_ret=-612.777 opt_ret=-612.777 step_rew=-6.1278 opt_step=-6.1278 gap0=612.777 dret=+63.335 eval_ret=n/a pursuer_target_distance=2.924 capture=0.000 score=0.000 pol=-0.0008 val=0.0214 ent=1.4703 tot=-0.0029 agnorm=0.045 cgnorm=0.078 kl=0.0022 clipf=0.017 ev=+0.715 r0=1.0000 entcoef=8.72e-03 lr=6.0e-04 seed=3
iter=  90 step= 291200 ep_ret=-604.132 opt_ret=-604.132 step_rew=-6.0413 opt_step=-6.0413 gap0=604.132 dret=+71.980 eval_ret=n/a pursuer_target_distance=3.103 capture=0.000 score=0.000 pol=-0.0007 val=0.0326 ent=1.4787 tot=+0.0027 agnorm=0.049 cgnorm=0.104 kl=0.0019 clipf=0.014 ev=+0.406 r0=1.0000 entcoef=8.70e-03 lr=6.0e-04 seed=3
iter=  91 step= 294400 ep_ret=-586.006 opt_ret=-586.006 step_rew=-5.8601 opt_step=-5.8601 gap0=586.006 dret=+90.106 eval_ret=n/a pursuer_target_distance=3.286 capture=0.000 score=0.000 pol=-0.0007 val=0.0297 ent=1.4955 tot=+0.0012 agnorm=0.043 cgnorm=0.096 kl=0.0032 clipf=0.017 ev=+0.531 r0=1.0000 entcoef=8.69e-03 lr=6.0e-04 seed=3
iter=  92 step= 297600 ep_ret=-635.895 opt_ret=-635.895 step_rew=-6.3590 opt_step=-6.3590 gap0=635.895 dret=+40.217 eval_ret=n/a pursuer_target_distance=3.236 capture=0.000 score=0.000 pol=-0.0006 val=0.0447 ent=1.5019 tot=+0.0087 agnorm=0.035 cgnorm=0.106 kl=0.0014 clipf=0.004 ev=+0.308 r0=1.0000 entcoef=8.67e-03 lr=6.0e-04 seed=3
iter=  93 step= 300800 ep_ret=-634.798 opt_ret=-634.798 step_rew=-6.3480 opt_step=-6.3480 gap0=634.798 dret=+41.315 eval_ret=n/a pursuer_target_distance=3.282 capture=0.000 score=0.000 pol=-0.0005 val=0.0288 ent=1.5189 tot=+0.0007 agnorm=0.044 cgnorm=0.083 kl=0.0020 clipf=0.011 ev=+0.637 r0=1.0000 entcoef=8.66e-03 lr=6.0e-04 seed=3
iter=  94 step= 304000 ep_ret=-648.293 opt_ret=-648.293 step_rew=-6.4829 opt_step=-6.4829 gap0=648.293 dret=+27.819 eval_ret=n/a pursuer_target_distance=3.630 capture=0.000 score=0.000 pol=-0.0007 val=0.0186 ent=1.5081 tot=-0.0044 agnorm=0.051 cgnorm=0.066 kl=0.0024 clipf=0.012 ev=+0.670 r0=1.0000 entcoef=8.64e-03 lr=6.0e-04 seed=3
iter=  95 step= 307200 ep_ret=-618.307 opt_ret=-618.307 step_rew=-6.1831 opt_step=-6.1831 gap0=618.307 dret=+57.806 eval_ret=n/a pursuer_target_distance=3.555 capture=0.000 score=0.000 pol=-0.0003 val=0.0372 ent=1.5399 tot=+0.0050 agnorm=0.030 cgnorm=0.108 kl=0.0017 clipf=0.010 ev=+0.477 r0=1.0000 entcoef=8.63e-03 lr=5.9e-04 seed=3
iter=  96 step= 310400 ep_ret=-638.088 opt_ret=-638.088 step_rew=-6.3809 opt_step=-6.3809 gap0=638.088 dret=+38.024 eval_ret=n/a pursuer_target_distance=3.349 capture=0.000 score=0.000 pol=-0.0011 val=0.0283 ent=1.5227 tot=-0.0001 agnorm=0.044 cgnorm=0.090 kl=0.0025 clipf=0.013 ev=+0.517 r0=1.0000 entcoef=8.62e-03 lr=5.9e-04 seed=3
iter=  97 step= 313600 ep_ret=-566.391 opt_ret=-566.391 step_rew=-5.6639 opt_step=-5.6639 gap0=566.391 dret=+109.721 eval_ret=n/a pursuer_target_distance=2.590 capture=0.000 score=0.000 pol=-0.0009 val=0.0362 ent=1.5293 tot=+0.0041 agnorm=0.038 cgnorm=0.098 kl=0.0022 clipf=0.014 ev=+0.453 r0=1.0000 entcoef=8.60e-03 lr=5.9e-04 seed=3
iter=  98 step= 316800 ep_ret=-680.920 opt_ret=-680.920 step_rew=-6.8092 opt_step=-6.8092 gap0=680.920 dret=-4.808 eval_ret=n/a pursuer_target_distance=3.605 capture=0.000 score=0.000 pol=-0.0008 val=0.0298 ent=1.5202 tot=+0.0011 agnorm=0.026 cgnorm=0.099 kl=0.0021 clipf=0.009 ev=+0.559 r0=1.0000 entcoef=8.59e-03 lr=5.9e-04 seed=3
iter=  99 step= 320000 ep_ret=-602.268 opt_ret=-602.268 step_rew=-6.0227 opt_step=-6.0227 gap0=602.268 dret=+73.844 eval_ret=n/a pursuer_target_distance=3.312 capture=0.000 score=0.000 pol=-0.0012 val=0.0403 ent=1.4955 tot=+0.0062 agnorm=0.049 cgnorm=0.100 kl=0.0029 clipf=0.021 ev=+0.484 r0=1.0000 entcoef=8.57e-03 lr=5.9e-04 seed=3
iter= 100 step= 323200 ep_ret=-576.552 opt_ret=-576.552 step_rew=-5.7655 opt_step=-5.7655 gap0=576.552 dret=+99.560 eval_ret=-848.549 pursuer_target_distance=2.882 capture=0.000 score=0.000 pol=-0.0007 val=0.0276 ent=1.4915 tot=+0.0003 agnorm=0.036 cgnorm=0.084 kl=0.0028 clipf=0.013 ev=+0.638 r0=1.0000 entcoef=8.56e-03 lr=5.9e-04 seed=3
iter= 101 step= 326400 ep_ret=-625.555 opt_ret=-625.555 step_rew=-6.2556 opt_step=-6.2556 gap0=625.555 dret=+50.557 eval_ret=n/a pursuer_target_distance=3.043 capture=0.000 score=0.000 pol=-0.0009 val=0.0282 ent=1.5028 tot=+0.0004 agnorm=0.032 cgnorm=0.078 kl=0.0016 clipf=0.005 ev=+0.741 r0=1.0000 entcoef=8.54e-03 lr=5.9e-04 seed=3
iter= 102 step= 329600 ep_ret=-619.764 opt_ret=-619.764 step_rew=-6.1976 opt_step=-6.1976 gap0=619.764 dret=+56.349 eval_ret=n/a pursuer_target_distance=3.359 capture=0.000 score=0.000 pol=-0.0016 val=0.0302 ent=1.4861 tot=+0.0009 agnorm=0.064 cgnorm=0.090 kl=0.0040 clipf=0.027 ev=+0.650 r0=1.0000 entcoef=8.53e-03 lr=5.9e-04 seed=3
iter= 103 step= 332800 ep_ret=-523.298 opt_ret=-523.298 step_rew=-5.2330 opt_step=-5.2330 gap0=523.298 dret=+152.814 eval_ret=n/a pursuer_target_distance=2.829 capture=0.000 score=0.000 pol=-0.0006 val=0.0296 ent=1.4905 tot=+0.0015 agnorm=0.033 cgnorm=0.087 kl=0.0017 clipf=0.011 ev=+0.728 r0=1.0000 entcoef=8.51e-03 lr=5.9e-04 seed=3
iter= 104 step= 336000 ep_ret=-559.813 opt_ret=-559.813 step_rew=-5.5981 opt_step=-5.5981 gap0=559.813 dret=+116.299 eval_ret=n/a pursuer_target_distance=2.746 capture=0.000 score=0.000 pol=-0.0009 val=0.0392 ent=1.4941 tot=+0.0060 agnorm=0.038 cgnorm=0.090 kl=0.0016 clipf=0.013 ev=+0.605 r0=1.0000 entcoef=8.50e-03 lr=5.9e-04 seed=3
iter= 105 step= 339200 ep_ret=-557.925 opt_ret=-557.925 step_rew=-5.5792 opt_step=-5.5792 gap0=557.925 dret=+118.188 eval_ret=n/a pursuer_target_distance=2.703 capture=0.000 score=0.000 pol=-0.0005 val=0.0258 ent=1.5127 tot=-0.0004 agnorm=0.033 cgnorm=0.076 kl=0.0015 clipf=0.004 ev=+0.729 r0=1.0000 entcoef=8.49e-03 lr=5.8e-04 seed=3
iter= 106 step= 342400 ep_ret=-511.205 opt_ret=-511.205 step_rew=-5.1120 opt_step=-5.1120 gap0=511.205 dret=+164.907 eval_ret=n/a pursuer_target_distance=2.722 capture=0.000 score=0.000 pol=-0.0006 val=0.0262 ent=1.4945 tot=-0.0002 agnorm=0.034 cgnorm=0.079 kl=0.0024 clipf=0.013 ev=+0.760 r0=1.0000 entcoef=8.47e-03 lr=5.8e-04 seed=3
iter= 107 step= 345600 ep_ret=-588.884 opt_ret=-588.884 step_rew=-5.8888 opt_step=-5.8888 gap0=588.884 dret=+87.229 eval_ret=n/a pursuer_target_distance=2.436 capture=0.000 score=0.000 pol=-0.0015 val=0.0247 ent=1.4981 tot=-0.0019 agnorm=0.065 cgnorm=0.076 kl=0.0038 clipf=0.025 ev=+0.730 r0=1.0000 entcoef=8.46e-03 lr=5.8e-04 seed=3
iter= 108 step= 348800 ep_ret=-581.145 opt_ret=-581.145 step_rew=-5.8114 opt_step=-5.8114 gap0=581.145 dret=+94.967 eval_ret=n/a pursuer_target_distance=3.058 capture=0.000 score=0.000 pol=-0.0011 val=0.0245 ent=1.4766 tot=-0.0013 agnorm=0.049 cgnorm=0.065 kl=0.0032 clipf=0.020 ev=+0.730 r0=1.0000 entcoef=8.44e-03 lr=5.8e-04 seed=3
iter= 109 step= 352000 ep_ret=-570.842 opt_ret=-570.842 step_rew=-5.7084 opt_step=-5.7084 gap0=570.842 dret=+105.270 eval_ret=n/a pursuer_target_distance=2.439 capture=0.000 score=0.000 pol=-0.0006 val=0.0356 ent=1.4751 tot=+0.0047 agnorm=0.036 cgnorm=0.079 kl=0.0024 clipf=0.014 ev=+0.495 r0=1.0000 entcoef=8.43e-03 lr=5.8e-04 seed=3
iter= 110 step= 355200 ep_ret=-551.219 opt_ret=-551.219 step_rew=-5.5122 opt_step=-5.5122 gap0=551.219 dret=+124.893 eval_ret=n/a pursuer_target_distance=2.790 capture=0.000 score=0.000 pol=-0.0009 val=0.0655 ent=1.4620 tot=+0.0195 agnorm=0.034 cgnorm=0.115 kl=0.0020 clipf=0.010 ev=+0.319 r0=1.0000 entcoef=8.41e-03 lr=5.8e-04 seed=3
iter= 111 step= 358400 ep_ret=-578.073 opt_ret=-578.073 step_rew=-5.7807 opt_step=-5.7807 gap0=578.073 dret=+98.039 eval_ret=n/a pursuer_target_distance=2.554 capture=0.000 score=0.000 pol=-0.0008 val=0.0437 ent=1.4597 tot=+0.0088 agnorm=0.039 cgnorm=0.102 kl=0.0020 clipf=0.011 ev=+0.603 r0=1.0000 entcoef=8.40e-03 lr=5.8e-04 seed=3
iter= 112 step= 361600 ep_ret=-533.243 opt_ret=-533.243 step_rew=-5.3324 opt_step=-5.3324 gap0=533.243 dret=+142.869 eval_ret=n/a pursuer_target_distance=2.396 capture=0.000 score=0.000 pol=-0.0007 val=0.0389 ent=1.4691 tot=+0.0064 agnorm=0.042 cgnorm=0.095 kl=0.0022 clipf=0.011 ev=+0.626 r0=1.0000 entcoef=8.38e-03 lr=5.8e-04 seed=3
iter= 113 step= 364800 ep_ret=-481.089 opt_ret=-481.089 step_rew=-4.8109 opt_step=-4.8109 gap0=481.089 dret=+195.023 eval_ret=n/a pursuer_target_distance=2.164 capture=0.000 score=0.000 pol=-0.0011 val=0.0290 ent=1.4620 tot=+0.0011 agnorm=0.043 cgnorm=0.076 kl=0.0026 clipf=0.013 ev=+0.776 r0=1.0000 entcoef=8.37e-03 lr=5.8e-04 seed=3
iter= 114 step= 368000 ep_ret=-613.653 opt_ret=-613.653 step_rew=-6.1365 opt_step=-6.1365 gap0=613.653 dret=+62.459 eval_ret=n/a pursuer_target_distance=3.224 capture=0.000 score=0.000 pol=-0.0008 val=0.0434 ent=1.4684 tot=+0.0086 agnorm=0.041 cgnorm=0.081 kl=0.0023 clipf=0.016 ev=+0.576 r0=1.0000 entcoef=8.36e-03 lr=5.7e-04 seed=3
iter= 115 step= 371200 ep_ret=-621.575 opt_ret=-621.575 step_rew=-6.2157 opt_step=-6.2157 gap0=621.575 dret=+54.537 eval_ret=n/a pursuer_target_distance=2.695 capture=0.000 score=0.000 pol=-0.0009 val=0.0286 ent=1.4710 tot=+0.0012 agnorm=0.042 cgnorm=0.079 kl=0.0023 clipf=0.010 ev=+0.716 r0=1.0000 entcoef=8.34e-03 lr=5.7e-04 seed=3
iter= 116 step= 374400 ep_ret=-517.748 opt_ret=-517.748 step_rew=-5.1775 opt_step=-5.1775 gap0=517.748 dret=+158.364 eval_ret=n/a pursuer_target_distance=2.397 capture=0.000 score=0.000 pol=-0.0010 val=0.0265 ent=1.4459 tot=+0.0002 agnorm=0.056 cgnorm=0.072 kl=0.0025 clipf=0.018 ev=+0.646 r0=1.0000 entcoef=8.33e-03 lr=5.7e-04 seed=3
iter= 117 step= 377600 ep_ret=-581.493 opt_ret=-581.493 step_rew=-5.8149 opt_step=-5.8149 gap0=581.493 dret=+94.620 eval_ret=n/a pursuer_target_distance=2.341 capture=0.000 score=0.000 pol=-0.0009 val=0.0362 ent=1.4556 tot=+0.0051 agnorm=0.049 cgnorm=0.078 kl=0.0025 clipf=0.012 ev=+0.599 r0=1.0000 entcoef=8.31e-03 lr=5.7e-04 seed=3
iter= 118 step= 380800 ep_ret=-590.820 opt_ret=-590.820 step_rew=-5.9082 opt_step=-5.9082 gap0=590.820 dret=+85.292 eval_ret=n/a pursuer_target_distance=2.457 capture=0.000 score=0.000 pol=-0.0005 val=0.0555 ent=1.4551 tot=+0.0151 agnorm=0.038 cgnorm=0.103 kl=0.0015 clipf=0.009 ev=+0.379 r0=1.0000 entcoef=8.30e-03 lr=5.7e-04 seed=3
iter= 119 step= 384000 ep_ret=-447.158 opt_ret=-447.158 step_rew=-4.4716 opt_step=-4.4716 gap0=447.158 dret=+228.955 eval_ret=n/a pursuer_target_distance=2.006 capture=0.000 score=0.000 pol=-0.0011 val=0.0519 ent=1.4492 tot=+0.0128 agnorm=0.047 cgnorm=0.099 kl=0.0025 clipf=0.009 ev=+0.600 r0=1.0000 entcoef=8.28e-03 lr=5.7e-04 seed=3
iter= 120 step= 387200 ep_ret=-429.930 opt_ret=-429.930 step_rew=-4.2993 opt_step=-4.2993 gap0=429.930 dret=+246.182 eval_ret=-438.643 pursuer_target_distance=1.946 capture=0.000 score=0.000 pol=-0.0011 val=0.0402 ent=1.4162 tot=+0.0073 agnorm=0.087 cgnorm=0.096 kl=0.0025 clipf=0.020 ev=+0.582 r0=1.0000 entcoef=8.27e-03 lr=5.7e-04 seed=3
iter= 121 step= 390400 ep_ret=-503.099 opt_ret=-503.099 step_rew=-5.0310 opt_step=-5.0310 gap0=503.099 dret=+173.013 eval_ret=n/a pursuer_target_distance=2.257 capture=0.000 score=0.000 pol=-0.0009 val=0.0428 ent=1.4447 tot=+0.0085 agnorm=0.075 cgnorm=0.084 kl=0.0022 clipf=0.017 ev=+0.592 r0=1.0000 entcoef=8.25e-03 lr=5.7e-04 seed=3
iter= 122 step= 393600 ep_ret=-559.758 opt_ret=-559.758 step_rew=-5.5976 opt_step=-5.5976 gap0=559.758 dret=+116.354 eval_ret=n/a pursuer_target_distance=2.675 capture=0.000 score=0.000 pol=-0.0008 val=0.0385 ent=1.4566 tot=+0.0065 agnorm=0.048 cgnorm=0.085 kl=0.0018 clipf=0.012 ev=+0.532 r0=1.0000 entcoef=8.24e-03 lr=5.7e-04 seed=3
iter= 123 step= 396800 ep_ret=-539.487 opt_ret=-539.487 step_rew=-5.3949 opt_step=-5.3949 gap0=539.487 dret=+136.625 eval_ret=n/a pursuer_target_distance=2.818 capture=0.000 score=0.000 pol=-0.0008 val=0.0634 ent=1.4603 tot=+0.0189 agnorm=0.033 cgnorm=0.102 kl=0.0022 clipf=0.009 ev=+0.314 r0=1.0000 entcoef=8.23e-03 lr=5.6e-04 seed=3
iter= 124 step= 400000 ep_ret=-504.425 opt_ret=-504.425 step_rew=-5.0442 opt_step=-5.0442 gap0=504.425 dret=+171.687 eval_ret=n/a pursuer_target_distance=2.147 capture=0.000 score=0.000 pol=-0.0008 val=0.0320 ent=1.4762 tot=+0.0031 agnorm=0.034 cgnorm=0.070 kl=0.0016 clipf=0.008 ev=+0.699 r0=1.0000 entcoef=8.21e-03 lr=5.6e-04 seed=3
iter= 125 step= 403200 ep_ret=-500.142 opt_ret=-500.142 step_rew=-5.0014 opt_step=-5.0014 gap0=500.142 dret=+175.970 eval_ret=n/a pursuer_target_distance=2.470 capture=0.000 score=0.000 pol=-0.0007 val=0.0543 ent=1.4836 tot=+0.0143 agnorm=0.033 cgnorm=0.103 kl=0.0019 clipf=0.012 ev=+0.392 r0=1.0000 entcoef=8.20e-03 lr=5.6e-04 seed=3
iter= 126 step= 406400 ep_ret=-575.634 opt_ret=-575.634 step_rew=-5.7563 opt_step=-5.7563 gap0=575.634 dret=+100.479 eval_ret=n/a pursuer_target_distance=3.171 capture=0.000 score=0.000 pol=-0.0007 val=0.0653 ent=1.4793 tot=+0.0199 agnorm=0.029 cgnorm=0.104 kl=0.0019 clipf=0.008 ev=+0.415 r0=1.0000 entcoef=8.18e-03 lr=5.6e-04 seed=3
iter= 127 step= 409600 ep_ret=-476.131 opt_ret=-476.131 step_rew=-4.7613 opt_step=-4.7613 gap0=476.131 dret=+199.981 eval_ret=n/a pursuer_target_distance=2.438 capture=0.001 score=0.000 pol=-0.0014 val=0.0416 ent=1.4584 tot=+0.0075 agnorm=0.073 cgnorm=0.087 kl=0.0030 clipf=0.032 ev=+0.632 r0=1.0000 entcoef=8.17e-03 lr=5.6e-04 seed=3
iter= 128 step= 412800 ep_ret=-592.553 opt_ret=-592.553 step_rew=-5.9255 opt_step=-5.9255 gap0=592.553 dret=+83.559 eval_ret=n/a pursuer_target_distance=2.965 capture=0.000 score=0.000 pol=-0.0011 val=0.0455 ent=1.4631 tot=+0.0097 agnorm=0.049 cgnorm=0.082 kl=0.0023 clipf=0.012 ev=+0.603 r0=1.0000 entcoef=8.15e-03 lr=5.6e-04 seed=3
iter= 129 step= 416000 ep_ret=-449.098 opt_ret=-449.098 step_rew=-4.4910 opt_step=-4.4910 gap0=449.098 dret=+227.014 eval_ret=n/a pursuer_target_distance=1.824 capture=0.002 score=0.001 pol=-0.0009 val=0.0405 ent=1.4502 tot=+0.0075 agnorm=0.047 cgnorm=0.083 kl=0.0024 clipf=0.014 ev=+0.724 r0=1.0000 entcoef=8.14e-03 lr=5.6e-04 seed=3
iter= 130 step= 419200 ep_ret=-517.174 opt_ret=-517.174 step_rew=-5.1717 opt_step=-5.1717 gap0=517.174 dret=+158.938 eval_ret=n/a pursuer_target_distance=2.450 capture=0.000 score=0.000 pol=-0.0009 val=0.0424 ent=1.4308 tot=+0.0086 agnorm=0.039 cgnorm=0.085 kl=0.0020 clipf=0.012 ev=+0.553 r0=1.0000 entcoef=8.13e-03 lr=5.6e-04 seed=3
iter= 131 step= 422400 ep_ret=-536.083 opt_ret=-536.083 step_rew=-5.3608 opt_step=-5.3608 gap0=536.083 dret=+140.029 eval_ret=n/a pursuer_target_distance=2.669 capture=0.000 score=0.000 pol=-0.0010 val=0.0441 ent=1.4242 tot=+0.0095 agnorm=0.036 cgnorm=0.084 kl=0.0015 clipf=0.005 ev=+0.698 r0=1.0000 entcoef=8.11e-03 lr=5.6e-04 seed=3
iter= 132 step= 425600 ep_ret=-563.519 opt_ret=-563.519 step_rew=-5.6352 opt_step=-5.6352 gap0=563.519 dret=+112.593 eval_ret=n/a pursuer_target_distance=3.030 capture=0.000 score=0.000 pol=-0.0009 val=0.0725 ent=1.4087 tot=+0.0239 agnorm=0.051 cgnorm=0.110 kl=0.0023 clipf=0.016 ev=+0.478 r0=1.0000 entcoef=8.10e-03 lr=5.5e-04 seed=3
iter= 133 step= 428800 ep_ret=-465.973 opt_ret=-465.973 step_rew=-4.6597 opt_step=-4.6597 gap0=465.973 dret=+210.139 eval_ret=n/a pursuer_target_distance=2.104 capture=0.002 score=0.001 pol=-0.0013 val=0.0541 ent=1.4091 tot=+0.0144 agnorm=0.058 cgnorm=0.100 kl=0.0029 clipf=0.025 ev=+0.555 r0=1.0000 entcoef=8.08e-03 lr=5.5e-04 seed=3
iter= 134 step= 432000 ep_ret=-463.240 opt_ret=-463.240 step_rew=-4.6324 opt_step=-4.6324 gap0=463.240 dret=+212.872 eval_ret=n/a pursuer_target_distance=2.160 capture=0.005 score=0.002 pol=-0.0010 val=0.0567 ent=1.4213 tot=+0.0159 agnorm=0.052 cgnorm=0.087 kl=0.0024 clipf=0.015 ev=+0.625 r0=1.0000 entcoef=8.07e-03 lr=5.5e-04 seed=3
iter= 135 step= 435200 ep_ret=-529.513 opt_ret=-529.513 step_rew=-5.2951 opt_step=-5.2951 gap0=529.513 dret=+146.599 eval_ret=n/a pursuer_target_distance=2.556 capture=0.003 score=0.001 pol=-0.0009 val=0.0650 ent=1.4207 tot=+0.0201 agnorm=0.037 cgnorm=0.102 kl=0.0023 clipf=0.014 ev=+0.567 r0=1.0000 entcoef=8.05e-03 lr=5.5e-04 seed=3
iter= 136 step= 438400 ep_ret=-489.058 opt_ret=-489.058 step_rew=-4.8906 opt_step=-4.8906 gap0=489.058 dret=+187.054 eval_ret=n/a pursuer_target_distance=2.491 capture=0.002 score=0.000 pol=-0.0005 val=0.0445 ent=1.4063 tot=+0.0104 agnorm=0.048 cgnorm=0.086 kl=0.0015 clipf=0.010 ev=+0.674 r0=1.0000 entcoef=8.04e-03 lr=5.5e-04 seed=3
iter= 137 step= 441600 ep_ret=-442.390 opt_ret=-442.390 step_rew=-4.4239 opt_step=-4.4239 gap0=442.390 dret=+233.722 eval_ret=n/a pursuer_target_distance=2.163 capture=0.004 score=0.001 pol=-0.0008 val=0.0528 ent=1.4072 tot=+0.0143 agnorm=0.034 cgnorm=0.103 kl=0.0018 clipf=0.005 ev=+0.659 r0=1.0000 entcoef=8.02e-03 lr=5.5e-04 seed=3
iter= 138 step= 444800 ep_ret=-522.536 opt_ret=-522.536 step_rew=-5.2254 opt_step=-5.2254 gap0=522.536 dret=+153.576 eval_ret=n/a pursuer_target_distance=2.276 capture=0.014 score=0.004 pol=-0.0011 val=0.0855 ent=1.3958 tot=+0.0305 agnorm=0.035 cgnorm=0.102 kl=0.0016 clipf=0.007 ev=+0.497 r0=1.0000 entcoef=8.01e-03 lr=5.5e-04 seed=3
iter= 139 step= 448000 ep_ret=-473.278 opt_ret=-473.278 step_rew=-4.7328 opt_step=-4.7328 gap0=473.278 dret=+202.834 eval_ret=n/a pursuer_target_distance=1.846 capture=0.000 score=0.000 pol=-0.0009 val=0.0448 ent=1.3862 tot=+0.0104 agnorm=0.037 cgnorm=0.092 kl=0.0028 clipf=0.011 ev=+0.555 r0=1.0000 entcoef=8.00e-03 lr=5.5e-04 seed=3
iter= 140 step= 451200 ep_ret=-458.942 opt_ret=-458.942 step_rew=-4.5894 opt_step=-4.5894 gap0=458.942 dret=+217.170 eval_ret=-363.002 pursuer_target_distance=2.110 capture=0.013 score=0.004 pol=-0.0008 val=0.0577 ent=1.3950 tot=+0.0169 agnorm=0.035 cgnorm=0.097 kl=0.0022 clipf=0.011 ev=+0.750 r0=1.0000 entcoef=7.98e-03 lr=5.5e-04 seed=3
iter= 141 step= 454400 ep_ret=-515.152 opt_ret=-515.152 step_rew=-5.1515 opt_step=-5.1515 gap0=515.152 dret=+160.960 eval_ret=n/a pursuer_target_distance=2.161 capture=0.000 score=0.000 pol=-0.0011 val=0.0732 ent=1.3842 tot=+0.0245 agnorm=0.069 cgnorm=0.127 kl=0.0022 clipf=0.015 ev=+0.610 r0=1.0000 entcoef=7.97e-03 lr=5.4e-04 seed=3
iter= 142 step= 457600 ep_ret=-451.845 opt_ret=-451.845 step_rew=-4.5184 opt_step=-4.5184 gap0=451.845 dret=+224.267 eval_ret=n/a pursuer_target_distance=2.081 capture=0.000 score=0.000 pol=-0.0007 val=0.0721 ent=1.3842 tot=+0.0244 agnorm=0.043 cgnorm=0.123 kl=0.0018 clipf=0.010 ev=+0.553 r0=1.0000 entcoef=7.95e-03 lr=5.4e-04 seed=3
iter= 143 step= 460800 ep_ret=-437.440 opt_ret=-437.440 step_rew=-4.3744 opt_step=-4.3744 gap0=437.440 dret=+238.672 eval_ret=n/a pursuer_target_distance=1.781 capture=0.000 score=0.000 pol=-0.0012 val=0.0392 ent=1.3921 tot=+0.0074 agnorm=0.052 cgnorm=0.090 kl=0.0030 clipf=0.023 ev=+0.799 r0=1.0000 entcoef=7.94e-03 lr=5.4e-04 seed=3
iter= 144 step= 464000 ep_ret=-444.740 opt_ret=-444.740 step_rew=-4.4474 opt_step=-4.4474 gap0=444.740 dret=+231.373 eval_ret=n/a pursuer_target_distance=1.500 capture=0.012 score=0.005 pol=-0.0010 val=0.0567 ent=1.4021 tot=+0.0163 agnorm=0.047 cgnorm=0.100 kl=0.0025 clipf=0.015 ev=+0.669 r0=1.0000 entcoef=7.92e-03 lr=5.4e-04 seed=3
iter= 145 step= 467200 ep_ret=-454.736 opt_ret=-454.736 step_rew=-4.5474 opt_step=-4.5474 gap0=454.736 dret=+221.376 eval_ret=n/a pursuer_target_distance=1.696 capture=0.000 score=0.000 pol=-0.0012 val=0.0315 ent=1.3891 tot=+0.0035 agnorm=0.045 cgnorm=0.086 kl=0.0025 clipf=0.017 ev=+0.831 r0=1.0000 entcoef=7.91e-03 lr=5.4e-04 seed=3
iter= 146 step= 470400 ep_ret=-551.483 opt_ret=-551.483 step_rew=-5.5148 opt_step=-5.5148 gap0=551.483 dret=+124.629 eval_ret=n/a pursuer_target_distance=2.092 capture=0.004 score=0.001 pol=-0.0011 val=0.0463 ent=1.3887 tot=+0.0110 agnorm=0.058 cgnorm=0.105 kl=0.0023 clipf=0.020 ev=+0.706 r0=1.0000 entcoef=7.89e-03 lr=5.4e-04 seed=3
iter= 147 step= 473600 ep_ret=-446.570 opt_ret=-446.570 step_rew=-4.4657 opt_step=-4.4657 gap0=446.570 dret=+229.542 eval_ret=n/a pursuer_target_distance=2.048 capture=0.017 score=0.006 pol=-0.0011 val=0.0759 ent=1.3708 tot=+0.0260 agnorm=0.055 cgnorm=0.134 kl=0.0021 clipf=0.015 ev=+0.591 r0=1.0000 entcoef=7.88e-03 lr=5.4e-04 seed=3
iter= 148 step= 476800 ep_ret=-383.497 opt_ret=-383.497 step_rew=-3.8350 opt_step=-3.8350 gap0=383.497 dret=+292.615 eval_ret=n/a pursuer_target_distance=1.540 capture=0.022 score=0.008 pol=-0.0012 val=0.0781 ent=1.3411 tot=+0.0273 agnorm=0.058 cgnorm=0.124 kl=0.0035 clipf=0.027 ev=+0.577 r0=1.0000 entcoef=7.87e-03 lr=5.4e-04 seed=3
iter= 149 step= 480000 ep_ret=-376.405 opt_ret=-376.405 step_rew=-3.7641 opt_step=-3.7641 gap0=376.405 dret=+299.707 eval_ret=n/a pursuer_target_distance=1.657 capture=0.007 score=0.003 pol=-0.0011 val=0.0479 ent=1.3422 tot=+0.0123 agnorm=0.063 cgnorm=0.117 kl=0.0025 clipf=0.016 ev=+0.750 r0=1.0000 entcoef=7.85e-03 lr=5.4e-04 seed=3
iter= 150 step= 483200 ep_ret=-409.724 opt_ret=-409.724 step_rew=-4.0972 opt_step=-4.0972 gap0=409.724 dret=+266.388 eval_ret=n/a pursuer_target_distance=1.845 capture=0.006 score=0.002 pol=-0.0006 val=0.0451 ent=1.3451 tot=+0.0114 agnorm=0.028 cgnorm=0.101 kl=0.0014 clipf=0.007 ev=+0.844 r0=1.0000 entcoef=7.84e-03 lr=5.3e-04 seed=3
iter= 151 step= 486400 ep_ret=-495.061 opt_ret=-495.061 step_rew=-4.9506 opt_step=-4.9506 gap0=495.061 dret=+181.052 eval_ret=n/a pursuer_target_distance=2.318 capture=0.002 score=0.001 pol=-0.0009 val=0.0540 ent=1.3662 tot=+0.0154 agnorm=0.035 cgnorm=0.122 kl=0.0014 clipf=0.009 ev=+0.764 r0=1.0000 entcoef=7.82e-03 lr=5.3e-04 seed=3
iter= 152 step= 489600 ep_ret=-451.453 opt_ret=-451.453 step_rew=-4.5145 opt_step=-4.5145 gap0=451.453 dret=+224.659 eval_ret=n/a pursuer_target_distance=1.784 capture=0.004 score=0.002 pol=-0.0008 val=0.0507 ent=1.3556 tot=+0.0140 agnorm=0.059 cgnorm=0.124 kl=0.0016 clipf=0.012 ev=+0.765 r0=1.0000 entcoef=7.81e-03 lr=5.3e-04 seed=3
iter= 153 step= 492800 ep_ret=-446.890 opt_ret=-446.890 step_rew=-4.4689 opt_step=-4.4689 gap0=446.890 dret=+229.222 eval_ret=n/a pursuer_target_distance=1.995 capture=0.004 score=0.001 pol=-0.0008 val=0.0512 ent=1.3400 tot=+0.0143 agnorm=0.044 cgnorm=0.117 kl=0.0021 clipf=0.015 ev=+0.794 r0=1.0000 entcoef=7.79e-03 lr=5.3e-04 seed=3
iter= 154 step= 496000 ep_ret=-400.079 opt_ret=-400.079 step_rew=-4.0008 opt_step=-4.0008 gap0=400.079 dret=+276.033 eval_ret=n/a pursuer_target_distance=1.887 capture=0.007 score=0.002 pol=-0.0011 val=0.0619 ent=1.3501 tot=+0.0193 agnorm=0.052 cgnorm=0.122 kl=0.0022 clipf=0.017 ev=+0.708 r0=1.0000 entcoef=7.78e-03 lr=5.3e-04 seed=3
iter= 155 step= 499200 ep_ret=-443.303 opt_ret=-443.303 step_rew=-4.4330 opt_step=-4.4330 gap0=443.303 dret=+232.809 eval_ret=n/a pursuer_target_distance=1.897 capture=0.007 score=0.002 pol=-0.0010 val=0.0522 ent=1.3463 tot=+0.0146 agnorm=0.057 cgnorm=0.131 kl=0.0023 clipf=0.014 ev=+0.726 r0=1.0000 entcoef=7.76e-03 lr=5.3e-04 seed=3
iter= 156 step= 502400 ep_ret=-386.265 opt_ret=-386.265 step_rew=-3.8627 opt_step=-3.8627 gap0=386.265 dret=+289.847 eval_ret=n/a pursuer_target_distance=1.795 capture=0.014 score=0.005 pol=-0.0010 val=0.0667 ent=1.3480 tot=+0.0220 agnorm=0.055 cgnorm=0.133 kl=0.0020 clipf=0.016 ev=+0.708 r0=1.0000 entcoef=7.75e-03 lr=5.3e-04 seed=3
iter= 157 step= 505600 ep_ret=-414.196 opt_ret=-414.196 step_rew=-4.1420 opt_step=-4.1420 gap0=414.196 dret=+261.916 eval_ret=n/a pursuer_target_distance=1.847 capture=0.012 score=0.004 pol=-0.0008 val=0.0466 ent=1.3330 tot=+0.0122 agnorm=0.040 cgnorm=0.113 kl=0.0018 clipf=0.011 ev=+0.851 r0=1.0000 entcoef=7.74e-03 lr=5.3e-04 seed=3
iter= 158 step= 508800 ep_ret=-404.768 opt_ret=-404.768 step_rew=-4.0477 opt_step=-4.0477 gap0=404.768 dret=+271.344 eval_ret=n/a pursuer_target_distance=1.518 capture=0.003 score=0.001 pol=-0.0009 val=0.0458 ent=1.3564 tot=+0.0116 agnorm=0.053 cgnorm=0.120 kl=0.0018 clipf=0.012 ev=+0.804 r0=1.0000 entcoef=7.72e-03 lr=5.3e-04 seed=3
iter= 159 step= 512000 ep_ret=-417.145 opt_ret=-417.145 step_rew=-4.1715 opt_step=-4.1715 gap0=417.145 dret=+258.967 eval_ret=n/a pursuer_target_distance=2.018 capture=0.026 score=0.009 pol=-0.0009 val=0.0726 ent=1.3529 tot=+0.0250 agnorm=0.045 cgnorm=0.146 kl=0.0018 clipf=0.007 ev=+0.791 r0=1.0000 entcoef=7.71e-03 lr=5.2e-04 seed=3
iter= 160 step= 515200 ep_ret=-426.020 opt_ret=-426.020 step_rew=-4.2602 opt_step=-4.2602 gap0=426.020 dret=+250.093 eval_ret=-361.590 pursuer_target_distance=1.751 capture=0.016 score=0.006 pol=-0.0010 val=0.0609 ent=1.3495 tot=+0.0190 agnorm=0.051 cgnorm=0.143 kl=0.0021 clipf=0.012 ev=+0.805 r0=1.0000 entcoef=7.69e-03 lr=5.2e-04 seed=3
iter= 161 step= 518400 ep_ret=-417.497 opt_ret=-417.497 step_rew=-4.1750 opt_step=-4.1750 gap0=417.497 dret=+258.615 eval_ret=n/a pursuer_target_distance=2.013 capture=0.017 score=0.005 pol=-0.0008 val=0.0699 ent=1.3494 tot=+0.0238 agnorm=0.046 cgnorm=0.163 kl=0.0017 clipf=0.009 ev=+0.758 r0=1.0000 entcoef=7.68e-03 lr=5.2e-04 seed=3
iter= 162 step= 521600 ep_ret=-444.040 opt_ret=-444.040 step_rew=-4.4404 opt_step=-4.4404 gap0=444.040 dret=+232.072 eval_ret=n/a pursuer_target_distance=2.049 capture=0.010 score=0.003 pol=-0.0008 val=0.0660 ent=1.3394 tot=+0.0219 agnorm=0.056 cgnorm=0.148 kl=0.0024 clipf=0.011 ev=+0.842 r0=1.0000 entcoef=7.66e-03 lr=5.2e-04 seed=3
iter= 163 step= 524800 ep_ret=-416.206 opt_ret=-416.206 step_rew=-4.1621 opt_step=-4.1621 gap0=416.206 dret=+259.906 eval_ret=n/a pursuer_target_distance=1.947 capture=0.031 score=0.010 pol=-0.0009 val=0.0929 ent=1.3655 tot=+0.0351 agnorm=0.044 cgnorm=0.176 kl=0.0016 clipf=0.010 ev=+0.785 r0=1.0000 entcoef=7.65e-03 lr=5.2e-04 seed=3
iter= 164 step= 528000 ep_ret=-407.211 opt_ret=-407.211 step_rew=-4.0721 opt_step=-4.0721 gap0=407.211 dret=+268.901 eval_ret=n/a pursuer_target_distance=2.111 capture=0.023 score=0.007 pol=-0.0010 val=0.0648 ent=1.3321 tot=+0.0213 agnorm=0.066 cgnorm=0.146 kl=0.0023 clipf=0.014 ev=+0.802 r0=1.0000 entcoef=7.63e-03 lr=5.2e-04 seed=3
iter= 165 step= 531200 ep_ret=-508.789 opt_ret=-508.789 step_rew=-5.0879 opt_step=-5.0879 gap0=508.789 dret=+167.323 eval_ret=n/a pursuer_target_distance=2.441 capture=0.000 score=0.000 pol=-0.0010 val=0.0469 ent=1.3588 tot=+0.0121 agnorm=0.052 cgnorm=0.129 kl=0.0018 clipf=0.010 ev=+0.842 r0=1.0000 entcoef=7.62e-03 lr=5.2e-04 seed=3
iter= 166 step= 534400 ep_ret=-435.586 opt_ret=-435.586 step_rew=-4.3559 opt_step=-4.3559 gap0=435.586 dret=+240.526 eval_ret=n/a pursuer_target_distance=1.673 capture=0.002 score=0.001 pol=-0.0010 val=0.0437 ent=1.3548 tot=+0.0105 agnorm=0.062 cgnorm=0.134 kl=0.0022 clipf=0.012 ev=+0.834 r0=1.0000 entcoef=7.61e-03 lr=5.2e-04 seed=3
iter= 167 step= 537600 ep_ret=-459.307 opt_ret=-459.307 step_rew=-4.5931 opt_step=-4.5931 gap0=459.307 dret=+216.805 eval_ret=n/a pursuer_target_distance=1.832 capture=0.021 score=0.007 pol=-0.0007 val=0.0666 ent=1.3574 tot=+0.0223 agnorm=0.051 cgnorm=0.156 kl=0.0016 clipf=0.012 ev=+0.730 r0=1.0000 entcoef=7.59e-03 lr=5.2e-04 seed=3
iter= 168 step= 540800 ep_ret=-448.474 opt_ret=-448.474 step_rew=-4.4847 opt_step=-4.4847 gap0=448.474 dret=+227.638 eval_ret=n/a pursuer_target_distance=1.843 capture=0.009 score=0.003 pol=-0.0008 val=0.0480 ent=1.3444 tot=+0.0130 agnorm=0.043 cgnorm=0.130 kl=0.0018 clipf=0.007 ev=+0.780 r0=1.0000 entcoef=7.58e-03 lr=5.1e-04 seed=3
iter= 169 step= 544000 ep_ret=-515.684 opt_ret=-515.684 step_rew=-5.1568 opt_step=-5.1568 gap0=515.684 dret=+160.428 eval_ret=n/a pursuer_target_distance=2.364 capture=0.016 score=0.005 pol=-0.0010 val=0.0727 ent=1.3469 tot=+0.0252 agnorm=0.090 cgnorm=0.165 kl=0.0022 clipf=0.017 ev=+0.766 r0=1.0000 entcoef=7.56e-03 lr=5.1e-04 seed=3
iter= 170 step= 547200 ep_ret=-539.272 opt_ret=-539.272 step_rew=-5.3927 opt_step=-5.3927 gap0=539.272 dret=+136.840 eval_ret=n/a pursuer_target_distance=2.806 capture=0.000 score=0.000 pol=-0.0012 val=0.0854 ent=1.3333 tot=+0.0314 agnorm=0.081 cgnorm=0.171 kl=0.0027 clipf=0.022 ev=+0.758 r0=1.0000 entcoef=7.55e-03 lr=5.1e-04 seed=3
iter= 171 step= 550400 ep_ret=-505.827 opt_ret=-505.827 step_rew=-5.0583 opt_step=-5.0583 gap0=505.827 dret=+170.285 eval_ret=n/a pursuer_target_distance=2.219 capture=0.002 score=0.001 pol=-0.0008 val=0.0445 ent=1.3545 tot=+0.0112 agnorm=0.070 cgnorm=0.136 kl=0.0017 clipf=0.010 ev=+0.904 r0=1.0000 entcoef=7.53e-03 lr=5.1e-04 seed=3
iter= 172 step= 553600 ep_ret=-479.130 opt_ret=-479.130 step_rew=-4.7913 opt_step=-4.7913 gap0=479.130 dret=+196.982 eval_ret=n/a pursuer_target_distance=2.161 capture=0.008 score=0.003 pol=-0.0009 val=0.0717 ent=1.3546 tot=+0.0247 agnorm=0.073 cgnorm=0.175 kl=0.0028 clipf=0.018 ev=+0.811 r0=1.0000 entcoef=7.52e-03 lr=5.1e-04 seed=3
iter= 173 step= 556800 ep_ret=-468.831 opt_ret=-468.831 step_rew=-4.6883 opt_step=-4.6883 gap0=468.831 dret=+207.281 eval_ret=n/a pursuer_target_distance=2.073 capture=0.000 score=0.000 pol=-0.0009 val=0.0425 ent=1.3385 tot=+0.0103 agnorm=0.082 cgnorm=0.136 kl=0.0023 clipf=0.018 ev=+0.838 r0=1.0000 entcoef=7.50e-03 lr=5.1e-04 seed=3
iter= 174 step= 560000 ep_ret=-562.710 opt_ret=-562.710 step_rew=-5.6271 opt_step=-5.6271 gap0=562.710 dret=+113.402 eval_ret=n/a pursuer_target_distance=2.609 capture=0.003 score=0.001 pol=-0.0006 val=0.0603 ent=1.3720 tot=+0.0192 agnorm=0.047 cgnorm=0.159 kl=0.0013 clipf=0.004 ev=+0.832 r0=1.0000 entcoef=7.49e-03 lr=5.1e-04 seed=3
iter= 175 step= 563200 ep_ret=-434.647 opt_ret=-434.647 step_rew=-4.3465 opt_step=-4.3465 gap0=434.647 dret=+241.465 eval_ret=n/a pursuer_target_distance=1.804 capture=0.002 score=0.001 pol=-0.0009 val=0.0373 ent=1.3626 tot=+0.0076 agnorm=0.052 cgnorm=0.127 kl=0.0021 clipf=0.016 ev=+0.846 r0=1.0000 entcoef=7.48e-03 lr=5.1e-04 seed=3
iter= 176 step= 566400 ep_ret=-330.082 opt_ret=-330.082 step_rew=-3.3008 opt_step=-3.3008 gap0=330.082 dret=+346.031 eval_ret=n/a pursuer_target_distance=1.717 capture=0.032 score=0.012 pol=-0.0011 val=0.0699 ent=1.3624 tot=+0.0236 agnorm=0.064 cgnorm=0.170 kl=0.0023 clipf=0.020 ev=+0.754 r0=1.0000 entcoef=7.46e-03 lr=5.1e-04 seed=3
iter= 177 step= 569600 ep_ret=-401.478 opt_ret=-401.478 step_rew=-4.0148 opt_step=-4.0148 gap0=401.478 dret=+274.635 eval_ret=n/a pursuer_target_distance=1.819 capture=0.026 score=0.009 pol=-0.0012 val=0.0630 ent=1.3566 tot=+0.0202 agnorm=0.080 cgnorm=0.149 kl=0.0024 clipf=0.014 ev=+0.788 r0=1.0000 entcoef=7.45e-03 lr=5.0e-04 seed=3
iter= 178 step= 572800 ep_ret=-506.074 opt_ret=-506.074 step_rew=-5.0607 opt_step=-5.0607 gap0=506.074 dret=+170.038 eval_ret=n/a pursuer_target_distance=2.336 capture=0.021 score=0.006 pol=-0.0012 val=0.0769 ent=1.3462 tot=+0.0273 agnorm=0.077 cgnorm=0.191 kl=0.0021 clipf=0.015 ev=+0.750 r0=1.0000 entcoef=7.43e-03 lr=5.0e-04 seed=3
iter= 179 step= 576000 ep_ret=-391.604 opt_ret=-391.604 step_rew=-3.9160 opt_step=-3.9160 gap0=391.604 dret=+284.508 eval_ret=n/a pursuer_target_distance=1.737 capture=0.004 score=0.001 pol=-0.0012 val=0.0423 ent=1.3373 tot=+0.0101 agnorm=0.063 cgnorm=0.152 kl=0.0027 clipf=0.014 ev=+0.801 r0=1.0000 entcoef=7.42e-03 lr=5.0e-04 seed=3
iter= 180 step= 579200 ep_ret=-414.749 opt_ret=-414.749 step_rew=-4.1475 opt_step=-4.1475 gap0=414.749 dret=+261.363 eval_ret=-359.963 pursuer_target_distance=1.736 capture=0.010 score=0.004 pol=-0.0008 val=0.0508 ent=1.3465 tot=+0.0146 agnorm=0.053 cgnorm=0.158 kl=0.0016 clipf=0.011 ev=+0.846 r0=1.0000 entcoef=7.40e-03 lr=5.0e-04 seed=3
iter= 181 step= 582400 ep_ret=-416.349 opt_ret=-416.349 step_rew=-4.1635 opt_step=-4.1635 gap0=416.349 dret=+259.763 eval_ret=n/a pursuer_target_distance=2.003 capture=0.003 score=0.001 pol=-0.0012 val=0.0398 ent=1.3490 tot=+0.0088 agnorm=0.091 cgnorm=0.129 kl=0.0023 clipf=0.017 ev=+0.823 r0=1.0000 entcoef=7.39e-03 lr=5.0e-04 seed=3
iter= 182 step= 585600 ep_ret=-387.738 opt_ret=-387.738 step_rew=-3.8774 opt_step=-3.8774 gap0=387.738 dret=+288.374 eval_ret=n/a pursuer_target_distance=1.861 capture=0.013 score=0.005 pol=-0.0013 val=0.0665 ent=1.3579 tot=+0.0219 agnorm=0.062 cgnorm=0.171 kl=0.0017 clipf=0.010 ev=+0.806 r0=1.0000 entcoef=7.37e-03 lr=5.0e-04 seed=3
iter= 183 step= 588800 ep_ret=-507.712 opt_ret=-507.712 step_rew=-5.0771 opt_step=-5.0771 gap0=507.712 dret=+168.400 eval_ret=n/a pursuer_target_distance=2.100 capture=0.002 score=0.001 pol=-0.0005 val=0.0425 ent=1.3583 tot=+0.0108 agnorm=0.034 cgnorm=0.144 kl=0.0015 clipf=0.004 ev=+0.840 r0=1.0000 entcoef=7.36e-03 lr=5.0e-04 seed=3
iter= 184 step= 592000 ep_ret=-445.668 opt_ret=-445.668 step_rew=-4.4567 opt_step=-4.4567 gap0=445.668 dret=+230.444 eval_ret=n/a pursuer_target_distance=2.255 capture=0.014 score=0.004 pol=-0.0011 val=0.0555 ent=1.3713 tot=+0.0166 agnorm=0.060 cgnorm=0.150 kl=0.0023 clipf=0.020 ev=+0.793 r0=1.0000 entcoef=7.35e-03 lr=5.0e-04 seed=3
iter= 185 step= 595200 ep_ret=-424.535 opt_ret=-424.535 step_rew=-4.2454 opt_step=-4.2454 gap0=424.535 dret=+251.577 eval_ret=n/a pursuer_target_distance=1.845 capture=0.000 score=0.000 pol=-0.0003 val=0.0346 ent=1.3795 tot=+0.0069 agnorm=0.031 cgnorm=0.149 kl=0.0012 clipf=0.004 ev=+0.835 r0=1.0000 entcoef=7.33e-03 lr=5.0e-04 seed=3
iter= 186 step= 598400 ep_ret=-443.942 opt_ret=-443.942 step_rew=-4.4394 opt_step=-4.4394 gap0=443.942 dret=+232.170 eval_ret=n/a pursuer_target_distance=1.748 capture=0.002 score=0.001 pol=-0.0007 val=0.0316 ent=1.3675 tot=+0.0051 agnorm=0.045 cgnorm=0.127 kl=0.0018 clipf=0.008 ev=+0.849 r0=1.0000 entcoef=7.32e-03 lr=4.9e-04 seed=3
iter= 187 step= 601600 ep_ret=-465.071 opt_ret=-465.071 step_rew=-4.6507 opt_step=-4.6507 gap0=465.071 dret=+211.041 eval_ret=n/a pursuer_target_distance=2.325 capture=0.006 score=0.002 pol=-0.0007 val=0.0453 ent=1.3705 tot=+0.0119 agnorm=0.035 cgnorm=0.153 kl=0.0011 clipf=0.007 ev=+0.831 r0=1.0000 entcoef=7.30e-03 lr=4.9e-04 seed=3
iter= 188 step= 604800 ep_ret=-436.029 opt_ret=-436.029 step_rew=-4.3603 opt_step=-4.3603 gap0=436.029 dret=+240.083 eval_ret=n/a pursuer_target_distance=2.127 capture=0.010 score=0.003 pol=-0.0011 val=0.0570 ent=1.3896 tot=+0.0173 agnorm=0.053 cgnorm=0.171 kl=0.0024 clipf=0.018 ev=+0.733 r0=1.0000 entcoef=7.29e-03 lr=4.9e-04 seed=3
iter= 189 step= 608000 ep_ret=-436.273 opt_ret=-436.273 step_rew=-4.3627 opt_step=-4.3627 gap0=436.273 dret=+239.839 eval_ret=n/a pursuer_target_distance=1.979 capture=0.009 score=0.003 pol=-0.0009 val=0.0476 ent=1.3776 tot=+0.0129 agnorm=0.052 cgnorm=0.142 kl=0.0024 clipf=0.014 ev=+0.740 r0=1.0000 entcoef=7.27e-03 lr=4.9e-04 seed=3
iter= 190 step= 611200 ep_ret=-489.669 opt_ret=-489.669 step_rew=-4.8967 opt_step=-4.8967 gap0=489.669 dret=+186.443 eval_ret=n/a pursuer_target_distance=2.503 capture=0.005 score=0.001 pol=-0.0012 val=0.0698 ent=1.3764 tot=+0.0238 agnorm=0.066 cgnorm=0.178 kl=0.0022 clipf=0.012 ev=+0.703 r0=1.0000 entcoef=7.26e-03 lr=4.9e-04 seed=3
iter= 191 step= 614400 ep_ret=-423.682 opt_ret=-423.682 step_rew=-4.2368 opt_step=-4.2368 gap0=423.682 dret=+252.431 eval_ret=n/a pursuer_target_distance=1.782 capture=0.010 score=0.003 pol=-0.0011 val=0.0466 ent=1.3794 tot=+0.0122 agnorm=0.080 cgnorm=0.173 kl=0.0023 clipf=0.017 ev=+0.738 r0=1.0000 entcoef=7.25e-03 lr=4.9e-04 seed=3
iter= 192 step= 617600 ep_ret=-440.379 opt_ret=-440.379 step_rew=-4.4038 opt_step=-4.4038 gap0=440.379 dret=+235.733 eval_ret=n/a pursuer_target_distance=1.910 capture=0.000 score=0.000 pol=-0.0011 val=0.0517 ent=1.4035 tot=+0.0146 agnorm=0.083 cgnorm=0.174 kl=0.0028 clipf=0.020 ev=+0.602 r0=1.0000 entcoef=7.23e-03 lr=4.9e-04 seed=3
iter= 193 step= 620800 ep_ret=-422.206 opt_ret=-422.206 step_rew=-4.2221 opt_step=-4.2221 gap0=422.206 dret=+253.906 eval_ret=n/a pursuer_target_distance=1.806 capture=0.014 score=0.005 pol=-0.0011 val=0.0461 ent=1.3992 tot=+0.0119 agnorm=0.058 cgnorm=0.165 kl=0.0018 clipf=0.015 ev=+0.661 r0=1.0000 entcoef=7.22e-03 lr=4.9e-04 seed=3
iter= 194 step= 624000 ep_ret=-514.979 opt_ret=-514.979 step_rew=-5.1498 opt_step=-5.1498 gap0=514.979 dret=+161.133 eval_ret=n/a pursuer_target_distance=2.508 capture=0.001 score=0.000 pol=-0.0008 val=0.0662 ent=1.3956 tot=+0.0222 agnorm=0.055 cgnorm=0.183 kl=0.0020 clipf=0.011 ev=+0.676 r0=1.0000 entcoef=7.20e-03 lr=4.9e-04 seed=3
iter= 195 step= 627200 ep_ret=-431.101 opt_ret=-431.101 step_rew=-4.3110 opt_step=-4.3110 gap0=431.101 dret=+245.011 eval_ret=n/a pursuer_target_distance=1.890 capture=0.002 score=0.001 pol=-0.0010 val=0.0382 ent=1.3875 tot=+0.0081 agnorm=0.061 cgnorm=0.160 kl=0.0021 clipf=0.018 ev=+0.688 r0=1.0000 entcoef=7.19e-03 lr=4.8e-04 seed=3
iter= 196 step= 630400 ep_ret=-415.510 opt_ret=-415.510 step_rew=-4.1551 opt_step=-4.1551 gap0=415.510 dret=+260.602 eval_ret=n/a pursuer_target_distance=1.766 capture=0.007 score=0.002 pol=-0.0011 val=0.0495 ent=1.3829 tot=+0.0138 agnorm=0.068 cgnorm=0.165 kl=0.0022 clipf=0.016 ev=+0.666 r0=1.0000 entcoef=7.17e-03 lr=4.8e-04 seed=3
iter= 197 step= 633600 ep_ret=-454.657 opt_ret=-454.657 step_rew=-4.5466 opt_step=-4.5466 gap0=454.657 dret=+221.455 eval_ret=n/a pursuer_target_distance=2.260 capture=0.001 score=0.000 pol=-0.0011 val=0.0444 ent=1.3657 tot=+0.0113 agnorm=0.067 cgnorm=0.139 kl=0.0034 clipf=0.020 ev=+0.800 r0=1.0000 entcoef=7.16e-03 lr=4.8e-04 seed=3
iter= 198 step= 636800 ep_ret=-347.202 opt_ret=-347.202 step_rew=-3.4720 opt_step=-3.4720 gap0=347.202 dret=+328.910 eval_ret=n/a pursuer_target_distance=1.581 capture=0.007 score=0.003 pol=-0.0010 val=0.0279 ent=1.3605 tot=+0.0032 agnorm=0.049 cgnorm=0.124 kl=0.0020 clipf=0.013 ev=+0.828 r0=1.0000 entcoef=7.14e-03 lr=4.8e-04 seed=3
iter= 199 step= 640000 ep_ret=-375.892 opt_ret=-375.892 step_rew=-3.7589 opt_step=-3.7589 gap0=375.892 dret=+300.220 eval_ret=n/a pursuer_target_distance=1.800 capture=0.031 score=0.011 pol=-0.0007 val=0.0519 ent=1.3422 tot=+0.0156 agnorm=0.050 cgnorm=0.158 kl=0.0023 clipf=0.016 ev=+0.718 r0=1.0000 entcoef=7.13e-03 lr=4.8e-04 seed=3
iter= 200 step= 643200 ep_ret=-427.176 opt_ret=-427.176 step_rew=-4.2718 opt_step=-4.2718 gap0=427.176 dret=+248.936 eval_ret=-378.419 pursuer_target_distance=2.170 capture=0.001 score=0.000 pol=-0.0006 val=0.0385 ent=1.3490 tot=+0.0090 agnorm=0.040 cgnorm=0.160 kl=0.0013 clipf=0.006 ev=+0.797 r0=1.0000 entcoef=7.12e-03 lr=4.8e-04 seed=3
iter= 201 step= 646400 ep_ret=-457.065 opt_ret=-457.065 step_rew=-4.5706 opt_step=-4.5706 gap0=457.065 dret=+219.048 eval_ret=n/a pursuer_target_distance=1.918 capture=0.015 score=0.005 pol=-0.0012 val=0.0493 ent=1.3384 tot=+0.0139 agnorm=0.064 cgnorm=0.166 kl=0.0020 clipf=0.012 ev=+0.821 r0=1.0000 entcoef=7.10e-03 lr=4.8e-04 seed=3
iter= 202 step= 649600 ep_ret=-448.424 opt_ret=-448.424 step_rew=-4.4842 opt_step=-4.4842 gap0=448.424 dret=+227.688 eval_ret=n/a pursuer_target_distance=1.993 capture=0.003 score=0.001 pol=-0.0012 val=0.0493 ent=1.3284 tot=+0.0141 agnorm=0.079 cgnorm=0.170 kl=0.0024 clipf=0.012 ev=+0.677 r0=1.0000 entcoef=7.09e-03 lr=4.8e-04 seed=3
iter= 203 step= 652800 ep_ret=-356.175 opt_ret=-356.175 step_rew=-3.5617 opt_step=-3.5617 gap0=356.175 dret=+319.937 eval_ret=n/a pursuer_target_distance=1.819 capture=0.018 score=0.006 pol=-0.0011 val=0.0488 ent=1.3264 tot=+0.0139 agnorm=0.061 cgnorm=0.168 kl=0.0022 clipf=0.010 ev=+0.787 r0=1.0000 entcoef=7.07e-03 lr=4.8e-04 seed=3
iter= 204 step= 656000 ep_ret=-418.836 opt_ret=-418.836 step_rew=-4.1884 opt_step=-4.1884 gap0=418.836 dret=+257.276 eval_ret=n/a pursuer_target_distance=1.966 capture=0.014 score=0.005 pol=-0.0006 val=0.0420 ent=1.3229 tot=+0.0110 agnorm=0.050 cgnorm=0.156 kl=0.0020 clipf=0.010 ev=+0.818 r0=1.0000 entcoef=7.06e-03 lr=4.7e-04 seed=3
iter= 205 step= 659200 ep_ret=-297.284 opt_ret=-297.284 step_rew=-2.9728 opt_step=-2.9728 gap0=297.284 dret=+378.829 eval_ret=n/a pursuer_target_distance=1.184 capture=0.024 score=0.011 pol=-0.0011 val=0.0368 ent=1.3084 tot=+0.0080 agnorm=0.063 cgnorm=0.169 kl=0.0022 clipf=0.019 ev=+0.827 r0=1.0000 entcoef=7.04e-03 lr=4.7e-04 seed=3
iter= 206 step= 662400 ep_ret=-329.602 opt_ret=-329.602 step_rew=-3.2960 opt_step=-3.2960 gap0=329.602 dret=+346.510 eval_ret=n/a pursuer_target_distance=1.744 capture=0.032 score=0.012 pol=-0.0008 val=0.0491 ent=1.2919 tot=+0.0147 agnorm=0.069 cgnorm=0.169 kl=0.0023 clipf=0.016 ev=+0.825 r0=1.0000 entcoef=7.03e-03 lr=4.7e-04 seed=3
iter= 207 step= 665600 ep_ret=-348.896 opt_ret=-348.896 step_rew=-3.4890 opt_step=-3.4890 gap0=348.896 dret=+327.216 eval_ret=n/a pursuer_target_distance=1.544 capture=0.030 score=0.012 pol=-0.0010 val=0.0532 ent=1.2987 tot=+0.0165 agnorm=0.052 cgnorm=0.177 kl=0.0018 clipf=0.008 ev=+0.833 r0=1.0000 entcoef=7.01e-03 lr=4.7e-04 seed=3
iter= 208 step= 668800 ep_ret=-354.019 opt_ret=-354.019 step_rew=-3.5402 opt_step=-3.5402 gap0=354.019 dret=+322.093 eval_ret=n/a pursuer_target_distance=1.706 capture=0.049 score=0.018 pol=-0.0013 val=0.0679 ent=1.3053 tot=+0.0235 agnorm=0.123 cgnorm=0.221 kl=0.0029 clipf=0.019 ev=+0.747 r0=1.0000 entcoef=7.00e-03 lr=4.7e-04 seed=3
iter= 209 step= 672000 ep_ret=-394.794 opt_ret=-394.794 step_rew=-3.9479 opt_step=-3.9479 gap0=394.794 dret=+281.318 eval_ret=n/a pursuer_target_distance=1.296 capture=0.012 score=0.005 pol=-0.0011 val=0.0325 ent=1.2991 tot=+0.0061 agnorm=0.055 cgnorm=0.147 kl=0.0017 clipf=0.008 ev=+0.892 r0=1.0000 entcoef=6.99e-03 lr=4.7e-04 seed=3
iter= 210 step= 675200 ep_ret=-343.888 opt_ret=-343.888 step_rew=-3.4389 opt_step=-3.4389 gap0=343.888 dret=+332.224 eval_ret=n/a pursuer_target_distance=1.944 capture=0.081 score=0.028 pol=-0.0012 val=0.0825 ent=1.2775 tot=+0.0312 agnorm=0.091 cgnorm=0.185 kl=0.0027 clipf=0.018 ev=+0.826 r0=1.0000 entcoef=6.97e-03 lr=4.7e-04 seed=3
iter= 211 step= 678400 ep_ret=-299.416 opt_ret=-299.416 step_rew=-2.9942 opt_step=-2.9942 gap0=299.416 dret=+376.696 eval_ret=n/a pursuer_target_distance=1.559 capture=0.061 score=0.024 pol=-0.0012 val=0.0525 ent=1.2759 tot=+0.0162 agnorm=0.095 cgnorm=0.152 kl=0.0025 clipf=0.020 ev=+0.860 r0=1.0000 entcoef=6.96e-03 lr=4.7e-04 seed=3
iter= 212 step= 681600 ep_ret=-360.010 opt_ret=-360.010 step_rew=-3.6001 opt_step=-3.6001 gap0=360.010 dret=+316.102 eval_ret=n/a pursuer_target_distance=1.806 capture=0.036 score=0.013 pol=-0.0007 val=0.0493 ent=1.2845 tot=+0.0150 agnorm=0.078 cgnorm=0.186 kl=0.0018 clipf=0.013 ev=+0.822 r0=1.0000 entcoef=6.94e-03 lr=4.7e-04 seed=3
iter= 213 step= 684800 ep_ret=-393.583 opt_ret=-393.583 step_rew=-3.9358 opt_step=-3.9358 gap0=393.583 dret=+282.529 eval_ret=n/a pursuer_target_distance=1.724 capture=0.034 score=0.013 pol=-0.0011 val=0.0513 ent=1.2823 tot=+0.0157 agnorm=0.078 cgnorm=0.184 kl=0.0022 clipf=0.015 ev=+0.852 r0=1.0000 entcoef=6.93e-03 lr=4.6e-04 seed=3
iter= 214 step= 688000 ep_ret=-300.279 opt_ret=-300.279 step_rew=-3.0028 opt_step=-3.0028 gap0=300.279 dret=+375.833 eval_ret=n/a pursuer_target_distance=1.257 capture=0.041 score=0.018 pol=-0.0013 val=0.0484 ent=1.2849 tot=+0.0140 agnorm=0.132 cgnorm=0.180 kl=0.0026 clipf=0.028 ev=+0.877 r0=1.0000 entcoef=6.91e-03 lr=4.6e-04 seed=3
iter= 215 step= 691200 ep_ret=-409.727 opt_ret=-409.727 step_rew=-4.0973 opt_step=-4.0973 gap0=409.727 dret=+266.385 eval_ret=n/a pursuer_target_distance=1.970 capture=0.032 score=0.011 pol=-0.0011 val=0.0611 ent=1.2678 tot=+0.0207 agnorm=0.079 cgnorm=0.197 kl=0.0021 clipf=0.014 ev=+0.858 r0=1.0000 entcoef=6.90e-03 lr=4.6e-04 seed=3
iter= 216 step= 694400 ep_ret=-371.108 opt_ret=-371.108 step_rew=-3.7111 opt_step=-3.7111 gap0=371.108 dret=+305.004 eval_ret=n/a pursuer_target_distance=1.663 capture=0.015 score=0.006 pol=-0.0011 val=0.0297 ent=1.2798 tot=+0.0049 agnorm=0.081 cgnorm=0.139 kl=0.0022 clipf=0.020 ev=+0.923 r0=1.0000 entcoef=6.88e-03 lr=4.6e-04 seed=3
iter= 217 step= 697600 ep_ret=-420.862 opt_ret=-420.862 step_rew=-4.2086 opt_step=-4.2086 gap0=420.862 dret=+255.250 eval_ret=n/a pursuer_target_distance=1.881 capture=0.009 score=0.003 pol=-0.0009 val=0.0396 ent=1.2745 tot=+0.0101 agnorm=0.073 cgnorm=0.163 kl=0.0027 clipf=0.012 ev=+0.880 r0=1.0000 entcoef=6.87e-03 lr=4.6e-04 seed=3
iter= 218 step= 700800 ep_ret=-420.438 opt_ret=-420.438 step_rew=-4.2044 opt_step=-4.2044 gap0=420.438 dret=+255.674 eval_ret=n/a pursuer_target_distance=1.749 capture=0.038 score=0.014 pol=-0.0012 val=0.0380 ent=1.2839 tot=+0.0090 agnorm=0.067 cgnorm=0.147 kl=0.0022 clipf=0.014 ev=+0.921 r0=1.0000 entcoef=6.86e-03 lr=4.6e-04 seed=3
iter= 219 step= 704000 ep_ret=-367.110 opt_ret=-367.110 step_rew=-3.6711 opt_step=-3.6711 gap0=367.110 dret=+309.002 eval_ret=n/a pursuer_target_distance=1.709 capture=0.009 score=0.003 pol=-0.0013 val=0.0374 ent=1.2687 tot=+0.0087 agnorm=0.093 cgnorm=0.162 kl=0.0025 clipf=0.021 ev=+0.900 r0=1.0000 entcoef=6.84e-03 lr=4.6e-04 seed=3
iter= 220 step= 707200 ep_ret=-314.848 opt_ret=-314.848 step_rew=-3.1485 opt_step=-3.1485 gap0=314.848 dret=+361.264 eval_ret=-308.132 pursuer_target_distance=1.505 capture=0.032 score=0.013 pol=-0.0010 val=0.0409 ent=1.2571 tot=+0.0109 agnorm=0.145 cgnorm=0.149 kl=0.0031 clipf=0.026 ev=+0.851 r0=1.0000 entcoef=6.83e-03 lr=4.6e-04 seed=3
iter= 221 step= 710400 ep_ret=-383.492 opt_ret=-383.492 step_rew=-3.8349 opt_step=-3.8349 gap0=383.492 dret=+292.620 eval_ret=n/a pursuer_target_distance=1.721 capture=0.012 score=0.004 pol=-0.0008 val=0.0373 ent=1.2835 tot=+0.0091 agnorm=0.079 cgnorm=0.156 kl=0.0021 clipf=0.015 ev=+0.866 r0=1.0000 entcoef=6.81e-03 lr=4.6e-04 seed=3
iter= 222 step= 713600 ep_ret=-267.149 opt_ret=-267.149 step_rew=-2.6715 opt_step=-2.6715 gap0=267.149 dret=+408.964 eval_ret=n/a pursuer_target_distance=1.362 capture=0.058 score=0.025 pol=-0.0012 val=0.0366 ent=1.2589 tot=+0.0086 agnorm=0.110 cgnorm=0.151 kl=0.0025 clipf=0.021 ev=+0.909 r0=1.0000 entcoef=6.80e-03 lr=4.5e-04 seed=3
iter= 223 step= 716800 ep_ret=-322.426 opt_ret=-322.426 step_rew=-3.2243 opt_step=-3.2243 gap0=322.426 dret=+353.686 eval_ret=n/a pursuer_target_distance=1.700 capture=0.026 score=0.010 pol=-0.0009 val=0.0455 ent=1.2297 tot=+0.0135 agnorm=0.053 cgnorm=0.154 kl=0.0018 clipf=0.010 ev=+0.826 r0=1.0000 entcoef=6.78e-03 lr=4.5e-04 seed=3
iter= 224 step= 720000 ep_ret=-339.396 opt_ret=-339.396 step_rew=-3.3940 opt_step=-3.3940 gap0=339.396 dret=+336.716 eval_ret=n/a pursuer_target_distance=1.758 capture=0.030 score=0.011 pol=-0.0010 val=0.0405 ent=1.2371 tot=+0.0108 agnorm=0.098 cgnorm=0.149 kl=0.0022 clipf=0.016 ev=+0.849 r0=1.0000 entcoef=6.77e-03 lr=4.5e-04 seed=3
iter= 225 step= 723200 ep_ret=-334.133 opt_ret=-334.133 step_rew=-3.3413 opt_step=-3.3413 gap0=334.133 dret=+341.979 eval_ret=n/a pursuer_target_distance=1.266 capture=0.009 score=0.004 pol=-0.0011 val=0.0264 ent=1.2515 tot=+0.0037 agnorm=0.101 cgnorm=0.144 kl=0.0021 clipf=0.015 ev=+0.903 r0=1.0000 entcoef=6.75e-03 lr=4.5e-04 seed=3
iter= 226 step= 726400 ep_ret=-377.622 opt_ret=-377.622 step_rew=-3.7762 opt_step=-3.7762 gap0=377.622 dret=+298.490 eval_ret=n/a pursuer_target_distance=1.573 capture=0.033 score=0.013 pol=-0.0009 val=0.0447 ent=1.2322 tot=+0.0131 agnorm=0.055 cgnorm=0.161 kl=0.0019 clipf=0.012 ev=+0.862 r0=1.0000 entcoef=6.74e-03 lr=4.5e-04 seed=3
iter= 227 step= 729600 ep_ret=-263.288 opt_ret=-263.288 step_rew=-2.6329 opt_step=-2.6329 gap0=263.288 dret=+412.824 eval_ret=n/a pursuer_target_distance=1.462 capture=0.090 score=0.036 pol=-0.0010 val=0.0429 ent=1.2109 tot=+0.0123 agnorm=0.114 cgnorm=0.156 kl=0.0022 clipf=0.016 ev=+0.855 r0=1.0000 entcoef=6.73e-03 lr=4.5e-04 seed=3
iter= 228 step= 732800 ep_ret=-366.534 opt_ret=-366.534 step_rew=-3.6653 opt_step=-3.6653 gap0=366.534 dret=+309.578 eval_ret=n/a pursuer_target_distance=1.719 capture=0.031 score=0.011 pol=-0.0009 val=0.0482 ent=1.2216 tot=+0.0150 agnorm=0.092 cgnorm=0.179 kl=0.0023 clipf=0.017 ev=+0.822 r0=1.0000 entcoef=6.71e-03 lr=4.5e-04 seed=3
iter= 229 step= 736000 ep_ret=-342.342 opt_ret=-342.342 step_rew=-3.4234 opt_step=-3.4234 gap0=342.342 dret=+333.770 eval_ret=n/a pursuer_target_distance=1.459 capture=0.027 score=0.011 pol=-0.0008 val=0.0306 ent=1.2260 tot=+0.0062 agnorm=0.072 cgnorm=0.136 kl=0.0020 clipf=0.015 ev=+0.855 r0=1.0000 entcoef=6.70e-03 lr=4.5e-04 seed=3
iter= 230 step= 739200 ep_ret=-315.786 opt_ret=-315.786 step_rew=-3.1579 opt_step=-3.1579 gap0=315.786 dret=+360.326 eval_ret=n/a pursuer_target_distance=1.426 capture=0.055 score=0.023 pol=-0.0009 val=0.0433 ent=1.2183 tot=+0.0126 agnorm=0.133 cgnorm=0.147 kl=0.0025 clipf=0.018 ev=+0.869 r0=1.0000 entcoef=6.68e-03 lr=4.5e-04 seed=3
iter= 231 step= 742400 ep_ret=-359.011 opt_ret=-359.011 step_rew=-3.5901 opt_step=-3.5901 gap0=359.011 dret=+317.101 eval_ret=n/a pursuer_target_distance=1.659 capture=0.039 score=0.015 pol=-0.0013 val=0.0351 ent=1.2115 tot=+0.0082 agnorm=0.110 cgnorm=0.162 kl=0.0027 clipf=0.023 ev=+0.904 r0=1.0000 entcoef=6.67e-03 lr=4.4e-04 seed=3
iter= 232 step= 745600 ep_ret=-293.682 opt_ret=-293.682 step_rew=-2.9368 opt_step=-2.9368 gap0=293.682 dret=+382.430 eval_ret=n/a pursuer_target_distance=1.551 capture=0.028 score=0.011 pol=-0.0007 val=0.0265 ent=1.2362 tot=+0.0043 agnorm=0.056 cgnorm=0.129 kl=0.0015 clipf=0.010 ev=+0.904 r0=1.0000 entcoef=6.65e-03 lr=4.4e-04 seed=3
iter= 233 step= 748800 ep_ret=-335.282 opt_ret=-335.282 step_rew=-3.3528 opt_step=-3.3528 gap0=335.282 dret=+340.830 eval_ret=n/a pursuer_target_distance=1.537 capture=0.016 score=0.006 pol=-0.0009 val=0.0215 ent=1.2356 tot=+0.0016 agnorm=0.050 cgnorm=0.122 kl=0.0015 clipf=0.007 ev=+0.930 r0=1.0000 entcoef=6.64e-03 lr=4.4e-04 seed=3
iter= 234 step= 752000 ep_ret=-326.875 opt_ret=-326.875 step_rew=-3.2687 opt_step=-3.2687 gap0=326.875 dret=+349.237 eval_ret=n/a pursuer_target_distance=1.629 capture=0.051 score=0.019 pol=-0.0012 val=0.0421 ent=1.2192 tot=+0.0118 agnorm=0.069 cgnorm=0.162 kl=0.0017 clipf=0.011 ev=+0.887 r0=1.0000 entcoef=6.62e-03 lr=4.4e-04 seed=3
iter= 235 step= 755200 ep_ret=-342.769 opt_ret=-342.769 step_rew=-3.4277 opt_step=-3.4277 gap0=342.769 dret=+333.343 eval_ret=n/a pursuer_target_distance=1.472 capture=0.052 score=0.021 pol=-0.0014 val=0.0401 ent=1.2173 tot=+0.0106 agnorm=0.081 cgnorm=0.140 kl=0.0029 clipf=0.020 ev=+0.895 r0=1.0000 entcoef=6.61e-03 lr=4.4e-04 seed=3
iter= 236 step= 758400 ep_ret=-297.762 opt_ret=-297.762 step_rew=-2.9776 opt_step=-2.9776 gap0=297.762 dret=+378.350 eval_ret=n/a pursuer_target_distance=1.536 capture=0.064 score=0.025 pol=-0.0011 val=0.0325 ent=1.2148 tot=+0.0071 agnorm=0.055 cgnorm=0.139 kl=0.0024 clipf=0.014 ev=+0.925 r0=1.0000 entcoef=6.60e-03 lr=4.4e-04 seed=3
iter= 237 step= 761600 ep_ret=-384.859 opt_ret=-384.859 step_rew=-3.8486 opt_step=-3.8486 gap0=384.859 dret=+291.253 eval_ret=n/a pursuer_target_distance=1.685 capture=0.021 score=0.008 pol=-0.0009 val=0.0282 ent=1.2198 tot=+0.0051 agnorm=0.071 cgnorm=0.133 kl=0.0023 clipf=0.016 ev=+0.924 r0=1.0000 entcoef=6.58e-03 lr=4.4e-04 seed=3
iter= 238 step= 764800 ep_ret=-374.876 opt_ret=-374.876 step_rew=-3.7488 opt_step=-3.7488 gap0=374.876 dret=+301.236 eval_ret=n/a pursuer_target_distance=1.621 capture=0.028 score=0.011 pol=-0.0011 val=0.0218 ent=1.2281 tot=+0.0017 agnorm=0.086 cgnorm=0.113 kl=0.0020 clipf=0.014 ev=+0.937 r0=1.0000 entcoef=6.57e-03 lr=4.4e-04 seed=3
iter= 239 step= 768000 ep_ret=-289.691 opt_ret=-289.691 step_rew=-2.8969 opt_step=-2.8969 gap0=289.691 dret=+386.421 eval_ret=n/a pursuer_target_distance=1.453 capture=0.083 score=0.034 pol=-0.0017 val=0.0339 ent=1.2165 tot=+0.0073 agnorm=0.136 cgnorm=0.136 kl=0.0033 clipf=0.027 ev=+0.923 r0=1.0000 entcoef=6.55e-03 lr=4.4e-04 seed=3
iter= 240 step= 771200 ep_ret=-327.092 opt_ret=-327.092 step_rew=-3.2709 opt_step=-3.2709 gap0=327.092 dret=+349.020 eval_ret=-367.074 pursuer_target_distance=1.664 capture=0.052 score=0.020 pol=-0.0014 val=0.0284 ent=1.2255 tot=+0.0047 agnorm=0.094 cgnorm=0.128 kl=0.0027 clipf=0.026 ev=+0.937 r0=1.0000 entcoef=6.54e-03 lr=4.3e-04 seed=3
iter= 241 step= 774400 ep_ret=-322.682 opt_ret=-322.682 step_rew=-3.2268 opt_step=-3.2268 gap0=322.682 dret=+353.430 eval_ret=n/a pursuer_target_distance=1.525 capture=0.036 score=0.014 pol=-0.0009 val=0.0286 ent=1.2346 tot=+0.0053 agnorm=0.053 cgnorm=0.150 kl=0.0016 clipf=0.012 ev=+0.916 r0=1.0000 entcoef=6.52e-03 lr=4.3e-04 seed=3
iter= 242 step= 777600 ep_ret=-304.611 opt_ret=-304.611 step_rew=-3.0461 opt_step=-3.0461 gap0=304.611 dret=+371.501 eval_ret=n/a pursuer_target_distance=1.404 capture=0.051 score=0.021 pol=-0.0013 val=0.0239 ent=1.2460 tot=+0.0025 agnorm=0.082 cgnorm=0.111 kl=0.0031 clipf=0.031 ev=+0.945 r0=1.0000 entcoef=6.51e-03 lr=4.3e-04 seed=3
iter= 243 step= 780800 ep_ret=-326.449 opt_ret=-326.449 step_rew=-3.2645 opt_step=-3.2645 gap0=326.449 dret=+349.664 eval_ret=n/a pursuer_target_distance=2.057 capture=0.072 score=0.024 pol=-0.0008 val=0.0411 ent=1.2084 tot=+0.0119 agnorm=0.126 cgnorm=0.151 kl=0.0021 clipf=0.013 ev=+0.914 r0=1.0000 entcoef=6.50e-03 lr=4.3e-04 seed=3
iter= 244 step= 784000 ep_ret=-340.870 opt_ret=-340.870 step_rew=-3.4087 opt_step=-3.4087 gap0=340.870 dret=+335.242 eval_ret=n/a pursuer_target_distance=1.389 capture=0.014 score=0.006 pol=-0.0010 val=0.0225 ent=1.2270 tot=+0.0023 agnorm=0.077 cgnorm=0.112 kl=0.0020 clipf=0.012 ev=+0.929 r0=1.0000 entcoef=6.48e-03 lr=4.3e-04 seed=3
iter= 245 step= 787200 ep_ret=-255.399 opt_ret=-255.399 step_rew=-2.5540 opt_step=-2.5540 gap0=255.399 dret=+420.713 eval_ret=n/a pursuer_target_distance=1.311 capture=0.086 score=0.037 pol=-0.0012 val=0.0263 ent=1.2094 tot=+0.0042 agnorm=0.099 cgnorm=0.112 kl=0.0023 clipf=0.016 ev=+0.949 r0=1.0000 entcoef=6.47e-03 lr=4.3e-04 seed=3
iter= 246 step= 790400 ep_ret=-342.883 opt_ret=-342.883 step_rew=-3.4288 opt_step=-3.4288 gap0=342.883 dret=+333.229 eval_ret=n/a pursuer_target_distance=1.504 capture=0.058 score=0.023 pol=-0.0014 val=0.0349 ent=1.1746 tot=+0.0085 agnorm=0.112 cgnorm=0.126 kl=0.0023 clipf=0.018 ev=+0.918 r0=1.0000 entcoef=6.45e-03 lr=4.3e-04 seed=3
iter= 247 step= 793600 ep_ret=-360.840 opt_ret=-360.840 step_rew=-3.6084 opt_step=-3.6084 gap0=360.840 dret=+315.272 eval_ret=n/a pursuer_target_distance=1.726 capture=0.061 score=0.022 pol=-0.0012 val=0.0420 ent=1.1854 tot=+0.0122 agnorm=0.141 cgnorm=0.155 kl=0.0023 clipf=0.020 ev=+0.898 r0=1.0000 entcoef=6.44e-03 lr=4.3e-04 seed=3
iter= 248 step= 796800 ep_ret=-353.054 opt_ret=-353.054 step_rew=-3.5305 opt_step=-3.5305 gap0=353.054 dret=+323.059 eval_ret=n/a pursuer_target_distance=1.408 capture=0.043 score=0.018 pol=-0.0011 val=0.0235 ent=1.1605 tot=+0.0032 agnorm=0.173 cgnorm=0.100 kl=0.0027 clipf=0.024 ev=+0.932 r0=1.0000 entcoef=6.42e-03 lr=4.3e-04 seed=3
iter= 249 step= 800000 ep_ret=-404.822 opt_ret=-404.822 step_rew=-4.0482 opt_step=-4.0482 gap0=404.822 dret=+271.290 eval_ret=n/a pursuer_target_distance=2.018 capture=0.049 score=0.016 pol=-0.0011 val=0.0475 ent=1.1737 tot=+0.0152 agnorm=0.122 cgnorm=0.151 kl=0.0020 clipf=0.016 ev=+0.889 r0=1.0000 entcoef=6.41e-03 lr=4.2e-04 seed=3
iter= 250 step= 803200 ep_ret=-289.921 opt_ret=-289.921 step_rew=-2.8992 opt_step=-2.8992 gap0=289.921 dret=+386.191 eval_ret=n/a pursuer_target_distance=1.378 capture=0.043 score=0.018 pol=-0.0007 val=0.0193 ent=1.1781 tot=+0.0014 agnorm=0.073 cgnorm=0.097 kl=0.0018 clipf=0.010 ev=+0.941 r0=1.0000 entcoef=6.39e-03 lr=4.2e-04 seed=3
iter= 251 step= 806400 ep_ret=-273.804 opt_ret=-273.804 step_rew=-2.7380 opt_step=-2.7380 gap0=273.804 dret=+402.308 eval_ret=n/a pursuer_target_distance=1.251 capture=0.066 score=0.029 pol=-0.0000 val=0.0246 ent=1.2027 tot=+0.0046 agnorm=0.419 cgnorm=0.125 kl=0.0035 clipf=0.044 ev=+0.920 r0=1.0000 entcoef=6.38e-03 lr=4.2e-04 seed=3
iter= 252 step= 809600 ep_ret=-240.952 opt_ret=-240.952 step_rew=-2.4095 opt_step=-2.4095 gap0=240.952 dret=+435.160 eval_ret=n/a pursuer_target_distance=1.095 capture=0.081 score=0.038 pol=-0.0004 val=0.0306 ent=1.1742 tot=+0.0075 agnorm=0.178 cgnorm=0.132 kl=0.0024 clipf=0.024 ev=+0.915 r0=1.0000 entcoef=6.37e-03 lr=4.2e-04 seed=3
iter= 253 step= 812800 ep_ret=-242.402 opt_ret=-242.402 step_rew=-2.4240 opt_step=-2.4240 gap0=242.402 dret=+433.711 eval_ret=n/a pursuer_target_distance=1.295 capture=0.118 score=0.051 pol=-0.0007 val=0.0357 ent=1.1636 tot=+0.0097 agnorm=0.205 cgnorm=0.144 kl=0.0019 clipf=0.015 ev=+0.911 r0=1.0000 entcoef=6.35e-03 lr=4.2e-04 seed=3
iter= 254 step= 816000 ep_ret=-370.820 opt_ret=-370.820 step_rew=-3.7082 opt_step=-3.7082 gap0=370.820 dret=+305.292 eval_ret=n/a pursuer_target_distance=1.411 capture=0.054 score=0.023 pol=-0.0007 val=0.0288 ent=1.1727 tot=+0.0063 agnorm=0.098 cgnorm=0.129 kl=0.0018 clipf=0.012 ev=+0.912 r0=1.0000 entcoef=6.34e-03 lr=4.2e-04 seed=3
iter= 255 step= 819200 ep_ret=-350.935 opt_ret=-350.935 step_rew=-3.5093 opt_step=-3.5093 gap0=350.935 dret=+325.177 eval_ret=n/a pursuer_target_distance=1.985 capture=0.064 score=0.022 pol=-0.0008 val=0.0341 ent=1.1777 tot=+0.0089 agnorm=0.125 cgnorm=0.155 kl=0.0020 clipf=0.015 ev=+0.930 r0=1.0000 entcoef=6.32e-03 lr=4.2e-04 seed=3
iter= 256 step= 822400 ep_ret=-385.218 opt_ret=-385.218 step_rew=-3.8522 opt_step=-3.8522 gap0=385.218 dret=+290.894 eval_ret=n/a pursuer_target_distance=1.896 capture=0.035 score=0.012 pol=-0.0009 val=0.0283 ent=1.1902 tot=+0.0058 agnorm=0.072 cgnorm=0.131 kl=0.0018 clipf=0.013 ev=+0.927 r0=1.0000 entcoef=6.31e-03 lr=4.2e-04 seed=3
iter= 257 step= 825600 ep_ret=-365.797 opt_ret=-365.797 step_rew=-3.6580 opt_step=-3.6580 gap0=365.797 dret=+310.315 eval_ret=n/a pursuer_target_distance=1.638 capture=0.036 score=0.014 pol=-0.0011 val=0.0260 ent=1.1855 tot=+0.0044 agnorm=0.098 cgnorm=0.112 kl=0.0020 clipf=0.015 ev=+0.927 r0=1.0000 entcoef=6.29e-03 lr=4.2e-04 seed=3
iter= 258 step= 828800 ep_ret=-298.021 opt_ret=-298.021 step_rew=-2.9802 opt_step=-2.9802 gap0=298.021 dret=+378.091 eval_ret=n/a pursuer_target_distance=1.390 capture=0.071 score=0.030 pol=-0.0012 val=0.0225 ent=1.1767 tot=+0.0027 agnorm=0.109 cgnorm=0.116 kl=0.0023 clipf=0.016 ev=+0.955 r0=1.0000 entcoef=6.28e-03 lr=4.1e-04 seed=3
iter= 259 step= 832000 ep_ret=-342.899 opt_ret=-342.899 step_rew=-3.4290 opt_step=-3.4290 gap0=342.899 dret=+333.213 eval_ret=n/a pursuer_target_distance=1.795 capture=0.068 score=0.024 pol=-0.0006 val=0.0303 ent=1.1655 tot=+0.0072 agnorm=0.118 cgnorm=0.134 kl=0.0024 clipf=0.016 ev=+0.936 r0=1.0000 entcoef=6.26e-03 lr=4.1e-04 seed=3
iter= 260 step= 835200 ep_ret=-229.577 opt_ret=-229.577 step_rew=-2.2958 opt_step=-2.2958 gap0=229.577 dret=+446.535 eval_ret=-345.562 pursuer_target_distance=1.232 capture=0.055 score=0.025 pol=-0.0009 val=0.0194 ent=1.1662 tot=+0.0015 agnorm=0.122 cgnorm=0.101 kl=0.0020 clipf=0.017 ev=+0.953 r0=1.0000 entcoef=6.25e-03 lr=4.1e-04 seed=3
iter= 261 step= 838400 ep_ret=-262.199 opt_ret=-262.199 step_rew=-2.6220 opt_step=-2.6220 gap0=262.199 dret=+413.914 eval_ret=n/a pursuer_target_distance=1.323 capture=0.083 score=0.036 pol=-0.0012 val=0.0243 ent=1.1476 tot=+0.0038 agnorm=0.159 cgnorm=0.119 kl=0.0023 clipf=0.020 ev=+0.949 r0=1.0000 entcoef=6.24e-03 lr=4.1e-04 seed=3
iter= 262 step= 841600 ep_ret=-271.699 opt_ret=-271.699 step_rew=-2.7170 opt_step=-2.7170 gap0=271.699 dret=+404.413 eval_ret=n/a pursuer_target_distance=1.511 capture=0.087 score=0.035 pol=-0.0005 val=0.0256 ent=1.1375 tot=+0.0052 agnorm=0.154 cgnorm=0.109 kl=0.0018 clipf=0.013 ev=+0.943 r0=1.0000 entcoef=6.22e-03 lr=4.1e-04 seed=3
iter= 263 step= 844800 ep_ret=-289.121 opt_ret=-289.121 step_rew=-2.8912 opt_step=-2.8912 gap0=289.121 dret=+386.991 eval_ret=n/a pursuer_target_distance=1.603 capture=0.090 score=0.034 pol=-0.0009 val=0.0314 ent=1.1528 tot=+0.0077 agnorm=0.105 cgnorm=0.136 kl=0.0016 clipf=0.008 ev=+0.940 r0=1.0000 entcoef=6.21e-03 lr=4.1e-04 seed=3
iter= 264 step= 848000 ep_ret=-341.611 opt_ret=-341.611 step_rew=-3.4161 opt_step=-3.4161 gap0=341.611 dret=+334.501 eval_ret=n/a pursuer_target_distance=1.787 capture=0.083 score=0.030 pol=-0.0008 val=0.0280 ent=1.1477 tot=+0.0061 agnorm=0.337 cgnorm=0.132 kl=0.0028 clipf=0.028 ev=+0.952 r0=1.0000 entcoef=6.19e-03 lr=4.1e-04 seed=3
iter= 265 step= 851200 ep_ret=-425.643 opt_ret=-425.643 step_rew=-4.2564 opt_step=-4.2564 gap0=425.643 dret=+250.469 eval_ret=n/a pursuer_target_distance=1.665 capture=0.021 score=0.008 pol=-0.0007 val=0.0268 ent=1.1711 tot=+0.0055 agnorm=0.102 cgnorm=0.153 kl=0.0019 clipf=0.013 ev=+0.946 r0=1.0000 entcoef=6.18e-03 lr=4.1e-04 seed=3
iter= 266 step= 854400 ep_ret=-300.149 opt_ret=-300.149 step_rew=-3.0015 opt_step=-3.0015 gap0=300.149 dret=+375.963 eval_ret=n/a pursuer_target_distance=1.560 capture=0.053 score=0.021 pol=-0.0015 val=0.0205 ent=1.1836 tot=+0.0014 agnorm=0.077 cgnorm=0.096 kl=0.0021 clipf=0.015 ev=+0.959 r0=1.0000 entcoef=6.16e-03 lr=4.1e-04 seed=3
iter= 267 step= 857600 ep_ret=-391.829 opt_ret=-391.829 step_rew=-3.9183 opt_step=-3.9183 gap0=391.829 dret=+284.283 eval_ret=n/a pursuer_target_distance=1.583 capture=0.023 score=0.009 pol=-0.0010 val=0.0210 ent=1.1973 tot=+0.0022 agnorm=0.137 cgnorm=0.128 kl=0.0027 clipf=0.021 ev=+0.949 r0=1.0000 entcoef=6.15e-03 lr=4.0e-04 seed=3
iter= 268 step= 860800 ep_ret=-337.692 opt_ret=-337.692 step_rew=-3.3769 opt_step=-3.3769 gap0=337.692 dret=+338.420 eval_ret=n/a pursuer_target_distance=1.752 capture=0.067 score=0.024 pol=-0.0008 val=0.0204 ent=1.1957 tot=+0.0020 agnorm=0.134 cgnorm=0.107 kl=0.0017 clipf=0.012 ev=+0.955 r0=1.0000 entcoef=6.13e-03 lr=4.0e-04 seed=3
iter= 269 step= 864000 ep_ret=-377.213 opt_ret=-377.213 step_rew=-3.7721 opt_step=-3.7721 gap0=377.213 dret=+298.899 eval_ret=n/a pursuer_target_distance=1.901 capture=0.038 score=0.013 pol=-0.0012 val=0.0214 ent=1.1917 tot=+0.0022 agnorm=0.078 cgnorm=0.101 kl=0.0020 clipf=0.014 ev=+0.952 r0=1.0000 entcoef=6.12e-03 lr=4.0e-04 seed=3
iter= 270 step= 867200 ep_ret=-313.591 opt_ret=-313.591 step_rew=-3.1359 opt_step=-3.1359 gap0=313.591 dret=+362.521 eval_ret=n/a pursuer_target_distance=1.284 capture=0.051 score=0.022 pol=-0.0013 val=0.0219 ent=1.1878 tot=+0.0024 agnorm=0.209 cgnorm=0.126 kl=0.0028 clipf=0.027 ev=+0.941 r0=1.0000 entcoef=6.11e-03 lr=4.0e-04 seed=3
iter= 271 step= 870400 ep_ret=-332.351 opt_ret=-332.351 step_rew=-3.3235 opt_step=-3.3235 gap0=332.351 dret=+343.761 eval_ret=n/a pursuer_target_distance=1.782 capture=0.048 score=0.017 pol=-0.0007 val=0.0273 ent=1.1926 tot=+0.0057 agnorm=0.110 cgnorm=0.125 kl=0.0023 clipf=0.018 ev=+0.921 r0=1.0000 entcoef=6.09e-03 lr=4.0e-04 seed=3
iter= 272 step= 873600 ep_ret=-268.313 opt_ret=-268.313 step_rew=-2.6831 opt_step=-2.6831 gap0=268.313 dret=+407.799 eval_ret=n/a pursuer_target_distance=1.418 capture=0.071 score=0.029 pol=-0.0007 val=0.0213 ent=1.1903 tot=+0.0028 agnorm=0.085 cgnorm=0.109 kl=0.0013 clipf=0.006 ev=+0.950 r0=1.0000 entcoef=6.08e-03 lr=4.0e-04 seed=3
iter= 273 step= 876800 ep_ret=-288.432 opt_ret=-288.432 step_rew=-2.8843 opt_step=-2.8843 gap0=288.432 dret=+387.680 eval_ret=n/a pursuer_target_distance=1.297 capture=0.057 score=0.025 pol=-0.0009 val=0.0181 ent=1.2114 tot=+0.0008 agnorm=0.104 cgnorm=0.098 kl=0.0021 clipf=0.014 ev=+0.947 r0=1.0000 entcoef=6.06e-03 lr=4.0e-04 seed=3
iter= 274 step= 880000 ep_ret=-346.535 opt_ret=-346.535 step_rew=-3.4654 opt_step=-3.4654 gap0=346.535 dret=+329.577 eval_ret=n/a pursuer_target_distance=1.969 capture=0.034 score=0.011 pol=-0.0012 val=0.0242 ent=1.1748 tot=+0.0038 agnorm=0.131 cgnorm=0.105 kl=0.0026 clipf=0.021 ev=+0.939 r0=1.0000 entcoef=6.05e-03 lr=4.0e-04 seed=3
iter= 275 step= 883200 ep_ret=-355.777 opt_ret=-355.777 step_rew=-3.5578 opt_step=-3.5578 gap0=355.777 dret=+320.335 eval_ret=n/a pursuer_target_distance=1.842 capture=0.079 score=0.028 pol=-0.0011 val=0.0274 ent=1.1830 tot=+0.0055 agnorm=0.131 cgnorm=0.130 kl=0.0025 clipf=0.023 ev=+0.945 r0=1.0000 entcoef=6.03e-03 lr=4.0e-04 seed=3
iter= 276 step= 886400 ep_ret=-227.530 opt_ret=-227.530 step_rew=-2.2753 opt_step=-2.2753 gap0=227.530 dret=+448.582 eval_ret=n/a pursuer_target_distance=1.240 capture=0.081 score=0.036 pol=-0.0009 val=0.0199 ent=1.1894 tot=+0.0019 agnorm=0.108 cgnorm=0.100 kl=0.0020 clipf=0.015 ev=+0.961 r0=1.0000 entcoef=6.02e-03 lr=3.9e-04 seed=3
iter= 277 step= 889600 ep_ret=-338.056 opt_ret=-338.056 step_rew=-3.3806 opt_step=-3.3806 gap0=338.056 dret=+338.057 eval_ret=n/a pursuer_target_distance=1.409 capture=0.045 score=0.019 pol=-0.0011 val=0.0157 ent=1.2499 tot=-0.0008 agnorm=0.116 cgnorm=0.093 kl=0.0027 clipf=0.023 ev=+0.957 r0=1.0000 entcoef=6.00e-03 lr=3.9e-04 seed=3
iter= 278 step= 892800 ep_ret=-313.275 opt_ret=-313.275 step_rew=-3.1327 opt_step=-3.1327 gap0=313.275 dret=+362.838 eval_ret=n/a pursuer_target_distance=1.303 capture=0.058 score=0.025 pol=-0.0010 val=0.0259 ent=1.2316 tot=+0.0046 agnorm=0.099 cgnorm=0.133 kl=0.0023 clipf=0.015 ev=+0.927 r0=1.0000 entcoef=5.99e-03 lr=3.9e-04 seed=3
iter= 279 step= 896000 ep_ret=-314.268 opt_ret=-314.268 step_rew=-3.1427 opt_step=-3.1427 gap0=314.268 dret=+361.844 eval_ret=n/a pursuer_target_distance=1.539 capture=0.059 score=0.023 pol=-0.0010 val=0.0203 ent=1.2182 tot=+0.0019 agnorm=0.105 cgnorm=0.122 kl=0.0023 clipf=0.017 ev=+0.940 r0=1.0000 entcoef=5.98e-03 lr=3.9e-04 seed=3
iter= 280 step= 899200 ep_ret=-308.628 opt_ret=-308.628 step_rew=-3.0863 opt_step=-3.0863 gap0=308.628 dret=+367.484 eval_ret=-395.505 pursuer_target_distance=1.391 capture=0.055 score=0.023 pol=-0.0007 val=0.0178 ent=1.2046 tot=+0.0010 agnorm=0.105 cgnorm=0.114 kl=0.0017 clipf=0.012 ev=+0.951 r0=1.0000 entcoef=5.96e-03 lr=3.9e-04 seed=3
iter= 281 step= 902400 ep_ret=-331.463 opt_ret=-331.463 step_rew=-3.3146 opt_step=-3.3146 gap0=331.463 dret=+344.649 eval_ret=n/a pursuer_target_distance=1.270 capture=0.042 score=0.018 pol=-0.0009 val=0.0183 ent=1.2277 tot=+0.0010 agnorm=0.138 cgnorm=0.105 kl=0.0024 clipf=0.017 ev=+0.933 r0=1.0000 entcoef=5.95e-03 lr=3.9e-04 seed=3
iter= 282 step= 905600 ep_ret=-271.148 opt_ret=-271.148 step_rew=-2.7115 opt_step=-2.7115 gap0=271.148 dret=+404.964 eval_ret=n/a pursuer_target_distance=1.295 capture=0.067 score=0.029 pol=-0.0008 val=0.0153 ent=1.2326 tot=-0.0005 agnorm=0.084 cgnorm=0.091 kl=0.0015 clipf=0.006 ev=+0.961 r0=1.0000 entcoef=5.93e-03 lr=3.9e-04 seed=3
iter= 283 step= 908800 ep_ret=-235.222 opt_ret=-235.222 step_rew=-2.3522 opt_step=-2.3522 gap0=235.222 dret=+440.890 eval_ret=n/a pursuer_target_distance=1.141 capture=0.067 score=0.031 pol=-0.0009 val=0.0186 ent=1.2090 tot=+0.0012 agnorm=0.090 cgnorm=0.100 kl=0.0020 clipf=0.011 ev=+0.941 r0=1.0000 entcoef=5.92e-03 lr=3.9e-04 seed=3
iter= 284 step= 912000 ep_ret=-293.237 opt_ret=-293.237 step_rew=-2.9324 opt_step=-2.9324 gap0=293.237 dret=+382.875 eval_ret=n/a pursuer_target_distance=1.481 capture=0.051 score=0.021 pol=-0.0005 val=0.0150 ent=1.2378 tot=-0.0003 agnorm=0.051 cgnorm=0.104 kl=0.0010 clipf=0.001 ev=+0.953 r0=1.0000 entcoef=5.90e-03 lr=3.9e-04 seed=3
iter= 285 step= 915200 ep_ret=-349.631 opt_ret=-349.631 step_rew=-3.4963 opt_step=-3.4963 gap0=349.631 dret=+326.481 eval_ret=n/a pursuer_target_distance=1.828 capture=0.027 score=0.010 pol=-0.0007 val=0.0229 ent=1.2313 tot=+0.0035 agnorm=0.081 cgnorm=0.111 kl=0.0019 clipf=0.011 ev=+0.919 r0=1.0000 entcoef=5.89e-03 lr=3.8e-04 seed=3
iter= 286 step= 918400 ep_ret=-307.991 opt_ret=-307.991 step_rew=-3.0799 opt_step=-3.0799 gap0=307.991 dret=+368.121 eval_ret=n/a pursuer_target_distance=1.565 capture=0.061 score=0.024 pol=-0.0005 val=0.0173 ent=1.2184 tot=+0.0010 agnorm=0.054 cgnorm=0.108 kl=0.0013 clipf=0.006 ev=+0.948 r0=1.0000 entcoef=5.88e-03 lr=3.8e-04 seed=3
iter= 287 step= 921600 ep_ret=-169.853 opt_ret=-169.853 step_rew=-1.6985 opt_step=-1.6985 gap0=169.853 dret=+506.259 eval_ret=n/a pursuer_target_distance=1.205 capture=0.113 score=0.051 pol=-0.0011 val=0.0218 ent=1.2206 tot=+0.0027 agnorm=0.107 cgnorm=0.128 kl=0.0021 clipf=0.011 ev=+0.932 r0=1.0000 entcoef=5.86e-03 lr=3.8e-04 seed=3
iter= 288 step= 924800 ep_ret=-287.635 opt_ret=-287.635 step_rew=-2.8764 opt_step=-2.8764 gap0=287.635 dret=+388.477 eval_ret=n/a pursuer_target_distance=1.817 capture=0.094 score=0.033 pol=-0.0010 val=0.0273 ent=1.2305 tot=+0.0055 agnorm=0.110 cgnorm=0.134 kl=0.0022 clipf=0.016 ev=+0.932 r0=1.0000 entcoef=5.85e-03 lr=3.8e-04 seed=3
iter= 289 step= 928000 ep_ret=-376.880 opt_ret=-376.880 step_rew=-3.7688 opt_step=-3.7688 gap0=376.880 dret=+299.232 eval_ret=n/a pursuer_target_distance=1.675 capture=0.062 score=0.023 pol=-0.0012 val=0.0208 ent=1.2157 tot=+0.0021 agnorm=0.078 cgnorm=0.134 kl=0.0017 clipf=0.009 ev=+0.943 r0=1.0000 entcoef=5.83e-03 lr=3.8e-04 seed=3
iter= 290 step= 931200 ep_ret=-231.206 opt_ret=-231.206 step_rew=-2.3121 opt_step=-2.3121 gap0=231.206 dret=+444.906 eval_ret=n/a pursuer_target_distance=1.099 capture=0.062 score=0.029 pol=-0.0009 val=0.0125 ent=1.1910 tot=-0.0016 agnorm=0.096 cgnorm=0.085 kl=0.0019 clipf=0.011 ev=+0.953 r0=1.0000 entcoef=5.82e-03 lr=3.8e-04 seed=3
iter= 291 step= 934400 ep_ret=-296.660 opt_ret=-296.660 step_rew=-2.9666 opt_step=-2.9666 gap0=296.660 dret=+379.452 eval_ret=n/a pursuer_target_distance=1.261 capture=0.045 score=0.020 pol=-0.0011 val=0.0165 ent=1.1946 tot=+0.0002 agnorm=0.156 cgnorm=0.096 kl=0.0029 clipf=0.023 ev=+0.946 r0=1.0000 entcoef=5.80e-03 lr=3.8e-04 seed=3
iter= 292 step= 937600 ep_ret=-335.928 opt_ret=-335.928 step_rew=-3.3593 opt_step=-3.3593 gap0=335.928 dret=+340.184 eval_ret=n/a pursuer_target_distance=1.833 capture=0.075 score=0.027 pol=-0.0008 val=0.0230 ent=1.1918 tot=+0.0038 agnorm=0.072 cgnorm=0.106 kl=0.0012 clipf=0.007 ev=+0.945 r0=1.0000 entcoef=5.79e-03 lr=3.8e-04 seed=3
iter= 293 step= 940800 ep_ret=-242.409 opt_ret=-242.409 step_rew=-2.4241 opt_step=-2.4241 gap0=242.409 dret=+433.703 eval_ret=n/a pursuer_target_distance=1.421 capture=0.116 score=0.048 pol=-0.0010 val=0.0189 ent=1.1946 tot=+0.0015 agnorm=0.123 cgnorm=0.120 kl=0.0016 clipf=0.009 ev=+0.954 r0=1.0000 entcoef=5.77e-03 lr=3.8e-04 seed=3
iter= 294 step= 944000 ep_ret=-423.655 opt_ret=-423.655 step_rew=-4.2365 opt_step=-4.2365 gap0=423.655 dret=+252.457 eval_ret=n/a pursuer_target_distance=1.863 capture=0.037 score=0.013 pol=-0.0012 val=0.0155 ent=1.1764 tot=-0.0002 agnorm=0.131 cgnorm=0.081 kl=0.0027 clipf=0.020 ev=+0.958 r0=1.0000 entcoef=5.76e-03 lr=3.7e-04 seed=3
iter= 295 step= 947200 ep_ret=-285.566 opt_ret=-285.566 step_rew=-2.8557 opt_step=-2.8557 gap0=285.566 dret=+390.546 eval_ret=n/a pursuer_target_distance=1.210 capture=0.069 score=0.031 pol=-0.0010 val=0.0235 ent=1.1697 tot=+0.0040 agnorm=0.155 cgnorm=0.125 kl=0.0025 clipf=0.022 ev=+0.928 r0=1.0000 entcoef=5.75e-03 lr=3.7e-04 seed=3
iter= 296 step= 950400 ep_ret=-250.732 opt_ret=-250.732 step_rew=-2.5073 opt_step=-2.5073 gap0=250.732 dret=+425.381 eval_ret=n/a pursuer_target_distance=1.200 capture=0.094 score=0.043 pol=-0.0007 val=0.0212 ent=1.1784 tot=+0.0031 agnorm=0.114 cgnorm=0.109 kl=0.0019 clipf=0.013 ev=+0.935 r0=1.0000 entcoef=5.73e-03 lr=3.7e-04 seed=3
iter= 297 step= 953600 ep_ret=-283.989 opt_ret=-283.989 step_rew=-2.8399 opt_step=-2.8399 gap0=283.989 dret=+392.123 eval_ret=n/a pursuer_target_distance=1.360 capture=0.109 score=0.046 pol=-0.0009 val=0.0200 ent=1.1347 tot=+0.0026 agnorm=0.120 cgnorm=0.112 kl=0.0016 clipf=0.008 ev=+0.958 r0=1.0000 entcoef=5.72e-03 lr=3.7e-04 seed=3
iter= 298 step= 956800 ep_ret=-230.656 opt_ret=-230.656 step_rew=-2.3066 opt_step=-2.3066 gap0=230.656 dret=+445.456 eval_ret=n/a pursuer_target_distance=1.443 capture=0.092 score=0.038 pol=-0.0007 val=0.0177 ent=1.1587 tot=+0.0015 agnorm=0.109 cgnorm=0.087 kl=0.0014 clipf=0.009 ev=+0.947 r0=1.0000 entcoef=5.70e-03 lr=3.7e-04 seed=3
iter= 299 step= 960000 ep_ret=-165.988 opt_ret=-165.988 step_rew=-1.6599 opt_step=-1.6599 gap0=165.988 dret=+510.124 eval_ret=n/a pursuer_target_distance=1.002 capture=0.109 score=0.054 pol=-0.0009 val=0.0170 ent=1.1665 tot=+0.0010 agnorm=0.192 cgnorm=0.093 kl=0.0020 clipf=0.017 ev=+0.928 r0=1.0000 entcoef=5.69e-03 lr=3.7e-04 seed=3
iter= 300 step= 963200 ep_ret=-222.348 opt_ret=-222.348 step_rew=-2.2235 opt_step=-2.2235 gap0=222.348 dret=+453.764 eval_ret=-319.374 pursuer_target_distance=1.216 capture=0.105 score=0.047 pol=-0.0012 val=0.0183 ent=1.1659 tot=+0.0013 agnorm=0.182 cgnorm=0.114 kl=0.0030 clipf=0.025 ev=+0.939 r0=1.0000 entcoef=5.67e-03 lr=3.7e-04 seed=3
iter= 301 step= 966400 ep_ret=-155.006 opt_ret=-155.006 step_rew=-1.5501 opt_step=-1.5501 gap0=155.006 dret=+521.106 eval_ret=n/a pursuer_target_distance=1.364 capture=0.134 score=0.057 pol=-0.0008 val=0.0181 ent=1.1518 tot=+0.0017 agnorm=0.134 cgnorm=0.122 kl=0.0021 clipf=0.014 ev=+0.956 r0=1.0000 entcoef=5.66e-03 lr=3.7e-04 seed=3
iter= 302 step= 969600 ep_ret=-228.258 opt_ret=-228.258 step_rew=-2.2826 opt_step=-2.2826 gap0=228.258 dret=+447.854 eval_ret=n/a pursuer_target_distance=1.326 capture=0.107 score=0.046 pol=-0.0011 val=0.0189 ent=1.1604 tot=+0.0018 agnorm=0.224 cgnorm=0.105 kl=0.0025 clipf=0.022 ev=+0.958 r0=1.0000 entcoef=5.64e-03 lr=3.7e-04 seed=3
iter= 303 step= 972800 ep_ret=-148.408 opt_ret=-148.408 step_rew=-1.4841 opt_step=-1.4841 gap0=148.408 dret=+527.704 eval_ret=n/a pursuer_target_distance=1.221 capture=0.152 score=0.068 pol=-0.0007 val=0.0206 ent=1.1289 tot=+0.0033 agnorm=0.160 cgnorm=0.106 kl=0.0016 clipf=0.007 ev=+0.944 r0=1.0000 entcoef=5.63e-03 lr=3.6e-04 seed=3
iter= 304 step= 976000 ep_ret=-174.881 opt_ret=-174.881 step_rew=-1.7488 opt_step=-1.7488 gap0=174.881 dret=+501.232 eval_ret=n/a pursuer_target_distance=1.057 capture=0.117 score=0.057 pol=-0.0008 val=0.0182 ent=1.1214 tot=+0.0020 agnorm=0.144 cgnorm=0.096 kl=0.0018 clipf=0.015 ev=+0.948 r0=1.0000 entcoef=5.62e-03 lr=3.6e-04 seed=3
iter= 305 step= 979200 ep_ret=-239.781 opt_ret=-239.781 step_rew=-2.3978 opt_step=-2.3978 gap0=239.781 dret=+436.331 eval_ret=n/a pursuer_target_distance=1.198 capture=0.080 score=0.036 pol=-0.0008 val=0.0170 ent=1.1638 tot=+0.0011 agnorm=0.144 cgnorm=0.088 kl=0.0021 clipf=0.016 ev=+0.956 r0=1.0000 entcoef=5.60e-03 lr=3.6e-04 seed=3
iter= 306 step= 982400 ep_ret=-299.612 opt_ret=-299.612 step_rew=-2.9961 opt_step=-2.9961 gap0=299.612 dret=+376.500 eval_ret=n/a pursuer_target_distance=1.421 capture=0.081 score=0.033 pol=-0.0008 val=0.0188 ent=1.1411 tot=+0.0023 agnorm=0.176 cgnorm=0.099 kl=0.0020 clipf=0.015 ev=+0.961 r0=1.0000 entcoef=5.59e-03 lr=3.6e-04 seed=3
iter= 307 step= 985600 ep_ret=-289.153 opt_ret=-289.153 step_rew=-2.8915 opt_step=-2.8915 gap0=289.153 dret=+386.959 eval_ret=n/a pursuer_target_distance=1.567 capture=0.043 score=0.017 pol=-0.0005 val=0.0176 ent=1.1811 tot=+0.0017 agnorm=0.170 cgnorm=0.104 kl=0.0018 clipf=0.014 ev=+0.934 r0=1.0000 entcoef=5.57e-03 lr=3.6e-04 seed=3
iter= 308 step= 988800 ep_ret=-198.220 opt_ret=-198.220 step_rew=-1.9822 opt_step=-1.9822 gap0=198.220 dret=+477.893 eval_ret=n/a pursuer_target_distance=1.464 capture=0.140 score=0.057 pol=-0.0010 val=0.0206 ent=1.1396 tot=+0.0030 agnorm=0.166 cgnorm=0.104 kl=0.0022 clipf=0.017 ev=+0.963 r0=1.0000 entcoef=5.56e-03 lr=3.6e-04 seed=3
iter= 309 step= 992000 ep_ret=-282.985 opt_ret=-282.985 step_rew=-2.8299 opt_step=-2.8299 gap0=282.985 dret=+393.127 eval_ret=n/a pursuer_target_distance=1.367 capture=0.082 score=0.035 pol=-0.0005 val=0.0136 ent=1.1510 tot=-0.0001 agnorm=0.067 cgnorm=0.073 kl=0.0007 clipf=0.001 ev=+0.966 r0=1.0000 entcoef=5.54e-03 lr=3.6e-04 seed=3
iter= 310 step= 995200 ep_ret=-237.464 opt_ret=-237.464 step_rew=-2.3746 opt_step=-2.3746 gap0=237.464 dret=+438.649 eval_ret=n/a pursuer_target_distance=1.138 capture=0.087 score=0.040 pol=-0.0008 val=0.0155 ent=1.1256 tot=+0.0007 agnorm=0.095 cgnorm=0.085 kl=0.0021 clipf=0.018 ev=+0.969 r0=1.0000 entcoef=5.53e-03 lr=3.6e-04 seed=3
iter= 311 step= 998400 ep_ret=-218.147 opt_ret=-218.147 step_rew=-2.1815 opt_step=-2.1815 gap0=218.147 dret=+457.965 eval_ret=n/a pursuer_target_distance=1.052 capture=0.086 score=0.042 pol=-0.0008 val=0.0189 ent=1.1139 tot=+0.0025 agnorm=0.118 cgnorm=0.100 kl=0.0019 clipf=0.013 ev=+0.945 r0=1.0000 entcoef=5.51e-03 lr=3.6e-04 seed=3
iter= 312 step=1001600 ep_ret=-346.017 opt_ret=-346.017 step_rew=-3.4602 opt_step=-3.4602 gap0=346.017 dret=+330.095 eval_ret=n/a pursuer_target_distance=1.658 capture=0.058 score=0.022 pol=-0.0010 val=0.0214 ent=1.1462 tot=+0.0034 agnorm=0.098 cgnorm=0.103 kl=0.0017 clipf=0.012 ev=+0.944 r0=1.0000 entcoef=5.50e-03 lr=3.6e-04 seed=3
iter= 313 step=1004800 ep_ret=-368.493 opt_ret=-368.493 step_rew=-3.6849 opt_step=-3.6849 gap0=368.493 dret=+307.619 eval_ret=n/a pursuer_target_distance=1.650 capture=0.030 score=0.011 pol=-0.0009 val=0.0195 ent=1.1446 tot=+0.0025 agnorm=0.119 cgnorm=0.096 kl=0.0017 clipf=0.015 ev=+0.942 r0=1.0000 entcoef=5.49e-03 lr=3.5e-04 seed=3
iter= 314 step=1008000 ep_ret=-276.036 opt_ret=-276.036 step_rew=-2.7604 opt_step=-2.7604 gap0=276.036 dret=+400.076 eval_ret=n/a pursuer_target_distance=1.607 capture=0.106 score=0.041 pol=-0.0010 val=0.0160 ent=1.1429 tot=+0.0007 agnorm=0.135 cgnorm=0.088 kl=0.0027 clipf=0.020 ev=+0.964 r0=1.0000 entcoef=5.47e-03 lr=3.5e-04 seed=3
iter= 315 step=1011200 ep_ret=-221.516 opt_ret=-221.516 step_rew=-2.2152 opt_step=-2.2152 gap0=221.516 dret=+454.596 eval_ret=n/a pursuer_target_distance=1.156 capture=0.107 score=0.050 pol=-0.0009 val=0.0142 ent=1.1246 tot=+0.0001 agnorm=0.118 cgnorm=0.094 kl=0.0023 clipf=0.014 ev=+0.970 r0=1.0000 entcoef=5.46e-03 lr=3.5e-04 seed=3
iter= 316 step=1014400 ep_ret=-256.305 opt_ret=-256.305 step_rew=-2.5630 opt_step=-2.5630 gap0=256.305 dret=+419.807 eval_ret=n/a pursuer_target_distance=1.503 capture=0.095 score=0.038 pol=-0.0007 val=0.0194 ent=1.1344 tot=+0.0028 agnorm=0.080 cgnorm=0.101 kl=0.0018 clipf=0.011 ev=+0.952 r0=1.0000 entcoef=5.44e-03 lr=3.5e-04 seed=3
iter= 317 step=1017600 ep_ret=-342.122 opt_ret=-342.122 step_rew=-3.4212 opt_step=-3.4212 gap0=342.122 dret=+333.990 eval_ret=n/a pursuer_target_distance=1.443 capture=0.048 score=0.020 pol=-0.0007 val=0.0130 ent=1.1663 tot=-0.0006 agnorm=0.096 cgnorm=0.067 kl=0.0012 clipf=0.009 ev=+0.967 r0=1.0000 entcoef=5.43e-03 lr=3.5e-04 seed=3
iter= 318 step=1020800 ep_ret=-261.210 opt_ret=-261.210 step_rew=-2.6121 opt_step=-2.6121 gap0=261.210 dret=+414.902 eval_ret=n/a pursuer_target_distance=1.500 capture=0.091 score=0.036 pol=-0.0009 val=0.0141 ent=1.1518 tot=-0.0001 agnorm=0.130 cgnorm=0.079 kl=0.0023 clipf=0.018 ev=+0.967 r0=1.0000 entcoef=5.41e-03 lr=3.5e-04 seed=3
iter= 319 step=1024000 ep_ret=-280.521 opt_ret=-280.521 step_rew=-2.8052 opt_step=-2.8052 gap0=280.521 dret=+395.591 eval_ret=n/a pursuer_target_distance=1.149 capture=0.068 score=0.032 pol=-0.0009 val=0.0133 ent=1.1682 tot=-0.0005 agnorm=0.115 cgnorm=0.066 kl=0.0019 clipf=0.012 ev=+0.967 r0=1.0000 entcoef=5.40e-03 lr=3.5e-04 seed=3
iter= 320 step=1027200 ep_ret=-166.218 opt_ret=-166.218 step_rew=-1.6622 opt_step=-1.6622 gap0=166.218 dret=+509.894 eval_ret=-218.196 pursuer_target_distance=1.164 capture=0.121 score=0.056 pol=-0.0009 val=0.0166 ent=1.1962 tot=+0.0010 agnorm=0.130 cgnorm=0.118 kl=0.0016 clipf=0.010 ev=+0.960 r0=1.0000 entcoef=5.38e-03 lr=3.5e-04 seed=3
iter= 321 step=1030400 ep_ret=-159.323 opt_ret=-159.323 step_rew=-1.5932 opt_step=-1.5932 gap0=159.323 dret=+516.789 eval_ret=n/a pursuer_target_distance=0.962 capture=0.125 score=0.064 pol=-0.0010 val=0.0149 ent=1.1769 tot=+0.0002 agnorm=0.107 cgnorm=0.092 kl=0.0019 clipf=0.012 ev=+0.952 r0=1.0000 entcoef=5.37e-03 lr=3.5e-04 seed=3
iter= 322 step=1033600 ep_ret=-208.990 opt_ret=-208.990 step_rew=-2.0899 opt_step=-2.0899 gap0=208.990 dret=+467.122 eval_ret=n/a pursuer_target_distance=1.399 capture=0.115 score=0.048 pol=-0.0008 val=0.0200 ent=1.1853 tot=+0.0029 agnorm=0.121 cgnorm=0.108 kl=0.0021 clipf=0.013 ev=+0.948 r0=1.0000 entcoef=5.36e-03 lr=3.4e-04 seed=3
iter= 323 step=1036800 ep_ret=-164.610 opt_ret=-164.610 step_rew=-1.6461 opt_step=-1.6461 gap0=164.610 dret=+511.503 eval_ret=n/a pursuer_target_distance=1.286 capture=0.125 score=0.055 pol=-0.0012 val=0.0181 ent=1.1770 tot=+0.0016 agnorm=0.172 cgnorm=0.096 kl=0.0024 clipf=0.021 ev=+0.947 r0=1.0000 entcoef=5.34e-03 lr=3.4e-04 seed=3
iter= 324 step=1040000 ep_ret=-97.728 opt_ret=-97.728 step_rew=-0.9773 opt_step=-0.9773 gap0=97.728 dret=+578.385 eval_ret=n/a pursuer_target_distance=0.973 capture=0.173 score=0.088 pol=-0.0005 val=0.0154 ent=1.1740 tot=+0.0009 agnorm=0.145 cgnorm=0.096 kl=0.0017 clipf=0.013 ev=+0.960 r0=1.0000 entcoef=5.33e-03 lr=3.4e-04 seed=3
iter= 325 step=1043200 ep_ret=-267.787 opt_ret=-267.787 step_rew=-2.6779 opt_step=-2.6779 gap0=267.787 dret=+408.326 eval_ret=n/a pursuer_target_distance=1.402 capture=0.072 score=0.030 pol=-0.0009 val=0.0151 ent=1.1604 tot=+0.0005 agnorm=0.125 cgnorm=0.113 kl=0.0020 clipf=0.014 ev=+0.957 r0=1.0000 entcoef=5.31e-03 lr=3.4e-04 seed=3
iter= 326 step=1046400 ep_ret=-243.880 opt_ret=-243.880 step_rew=-2.4388 opt_step=-2.4388 gap0=243.880 dret=+432.232 eval_ret=n/a pursuer_target_distance=1.235 capture=0.068 score=0.030 pol=-0.0010 val=0.0128 ent=1.1774 tot=-0.0009 agnorm=0.178 cgnorm=0.100 kl=0.0019 clipf=0.016 ev=+0.959 r0=1.0000 entcoef=5.30e-03 lr=3.4e-04 seed=3
iter= 327 step=1049600 ep_ret=-204.013 opt_ret=-204.013 step_rew=-2.0401 opt_step=-2.0401 gap0=204.013 dret=+472.099 eval_ret=n/a pursuer_target_distance=1.004 capture=0.108 score=0.054 pol=-0.0008 val=0.0153 ent=1.1682 tot=+0.0007 agnorm=0.126 cgnorm=0.096 kl=0.0022 clipf=0.013 ev=+0.957 r0=1.0000 entcoef=5.28e-03 lr=3.4e-04 seed=3
iter= 328 step=1052800 ep_ret=-296.869 opt_ret=-296.869 step_rew=-2.9687 opt_step=-2.9687 gap0=296.869 dret=+379.243 eval_ret=n/a pursuer_target_distance=1.385 capture=0.091 score=0.038 pol=-0.0006 val=0.0167 ent=1.1774 tot=+0.0015 agnorm=0.098 cgnorm=0.104 kl=0.0019 clipf=0.012 ev=+0.965 r0=1.0000 entcoef=5.27e-03 lr=3.4e-04 seed=3
iter= 329 step=1056000 ep_ret=-179.973 opt_ret=-179.973 step_rew=-1.7997 opt_step=-1.7997 gap0=179.973 dret=+496.140 eval_ret=n/a pursuer_target_distance=1.310 capture=0.133 score=0.058 pol=-0.0008 val=0.0154 ent=1.1572 tot=+0.0009 agnorm=0.109 cgnorm=0.085 kl=0.0017 clipf=0.008 ev=+0.955 r0=1.0000 entcoef=5.25e-03 lr=3.4e-04 seed=3
iter= 330 step=1059200 ep_ret=-302.455 opt_ret=-302.455 step_rew=-3.0245 opt_step=-3.0245 gap0=302.455 dret=+373.657 eval_ret=n/a pursuer_target_distance=1.324 capture=0.078 score=0.034 pol=-0.0006 val=0.0128 ent=1.1640 tot=-0.0003 agnorm=0.090 cgnorm=0.081 kl=0.0012 clipf=0.006 ev=+0.973 r0=1.0000 entcoef=5.24e-03 lr=3.4e-04 seed=3
iter= 331 step=1062400 ep_ret=-145.169 opt_ret=-145.169 step_rew=-1.4517 opt_step=-1.4517 gap0=145.169 dret=+530.943 eval_ret=n/a pursuer_target_distance=1.221 capture=0.145 score=0.065 pol=-0.0010 val=0.0153 ent=1.1721 tot=+0.0006 agnorm=0.117 cgnorm=0.088 kl=0.0024 clipf=0.023 ev=+0.962 r0=1.0000 entcoef=5.23e-03 lr=3.3e-04 seed=3
iter= 332 step=1065600 ep_ret=-369.985 opt_ret=-369.985 step_rew=-3.6998 opt_step=-3.6998 gap0=369.985 dret=+306.127 eval_ret=n/a pursuer_target_distance=1.651 capture=0.073 score=0.027 pol=-0.0008 val=0.0171 ent=1.1711 tot=+0.0016 agnorm=0.116 cgnorm=0.100 kl=0.0022 clipf=0.019 ev=+0.961 r0=1.0000 entcoef=5.21e-03 lr=3.3e-04 seed=3
iter= 333 step=1068800 ep_ret=-244.154 opt_ret=-244.154 step_rew=-2.4415 opt_step=-2.4415 gap0=244.154 dret=+431.958 eval_ret=n/a pursuer_target_distance=1.560 capture=0.126 score=0.049 pol=-0.0005 val=0.0159 ent=1.1544 tot=+0.0014 agnorm=0.096 cgnorm=0.081 kl=0.0012 clipf=0.007 ev=+0.961 r0=1.0000 entcoef=5.20e-03 lr=3.3e-04 seed=3
iter= 334 step=1072000 ep_ret=-192.540 opt_ret=-192.540 step_rew=-1.9254 opt_step=-1.9254 gap0=192.540 dret=+483.572 eval_ret=n/a pursuer_target_distance=1.057 capture=0.118 score=0.057 pol=-0.0010 val=0.0130 ent=1.1509 tot=-0.0005 agnorm=0.202 cgnorm=0.078 kl=0.0024 clipf=0.022 ev=+0.963 r0=1.0000 entcoef=5.18e-03 lr=3.3e-04 seed=3
iter= 335 step=1075200 ep_ret=-139.198 opt_ret=-139.198 step_rew=-1.3920 opt_step=-1.3920 gap0=139.198 dret=+536.914 eval_ret=n/a pursuer_target_distance=1.003 capture=0.149 score=0.074 pol=-0.0011 val=0.0161 ent=1.1632 tot=+0.0010 agnorm=0.243 cgnorm=0.086 kl=0.0024 clipf=0.021 ev=+0.958 r0=1.0000 entcoef=5.17e-03 lr=3.3e-04 seed=3
iter= 336 step=1078400 ep_ret=-248.288 opt_ret=-248.288 step_rew=-2.4829 opt_step=-2.4829 gap0=248.288 dret=+427.825 eval_ret=n/a pursuer_target_distance=1.453 capture=0.122 score=0.050 pol=-0.0010 val=0.0171 ent=1.1675 tot=+0.0015 agnorm=0.159 cgnorm=0.108 kl=0.0021 clipf=0.012 ev=+0.962 r0=1.0000 entcoef=5.15e-03 lr=3.3e-04 seed=3
iter= 337 step=1081600 ep_ret=-110.140 opt_ret=-110.140 step_rew=-1.1014 opt_step=-1.1014 gap0=110.140 dret=+565.972 eval_ret=n/a pursuer_target_distance=0.972 capture=0.151 score=0.077 pol=-0.0009 val=0.0123 ent=1.1478 tot=-0.0007 agnorm=0.216 cgnorm=0.088 kl=0.0024 clipf=0.021 ev=+0.966 r0=1.0000 entcoef=5.14e-03 lr=3.3e-04 seed=3
iter= 338 step=1084800 ep_ret=-58.270 opt_ret=-58.270 step_rew=-0.5827 opt_step=-0.5827 gap0=58.270 dret=+617.843 eval_ret=n/a pursuer_target_distance=1.175 capture=0.206 score=0.095 pol=-0.0007 val=0.0188 ent=1.1337 tot=+0.0029 agnorm=0.147 cgnorm=0.124 kl=0.0019 clipf=0.015 ev=+0.941 r0=1.0000 entcoef=5.13e-03 lr=3.3e-04 seed=3
iter= 339 step=1088000 ep_ret=-172.999 opt_ret=-172.999 step_rew=-1.7300 opt_step=-1.7300 gap0=172.999 dret=+503.113 eval_ret=n/a pursuer_target_distance=0.935 capture=0.110 score=0.057 pol=-0.0009 val=0.0140 ent=1.1732 tot=+0.0001 agnorm=0.194 cgnorm=0.109 kl=0.0023 clipf=0.017 ev=+0.949 r0=1.0000 entcoef=5.11e-03 lr=3.3e-04 seed=3
iter= 340 step=1091200 ep_ret=-148.078 opt_ret=-148.078 step_rew=-1.4808 opt_step=-1.4808 gap0=148.078 dret=+528.034 eval_ret=+134.607 pursuer_target_distance=1.128 capture=0.147 score=0.069 pol=-0.0006 val=0.0144 ent=1.1699 tot=+0.0006 agnorm=0.153 cgnorm=0.095 kl=0.0015 clipf=0.008 ev=+0.969 r0=1.0000 entcoef=5.10e-03 lr=3.2e-04 seed=3
iter= 341 step=1094400 ep_ret=-162.917 opt_ret=-162.917 step_rew=-1.6292 opt_step=-1.6292 gap0=162.917 dret=+513.196 eval_ret=n/a pursuer_target_distance=1.008 capture=0.134 score=0.067 pol=-0.0008 val=0.0157 ent=1.1811 tot=+0.0011 agnorm=0.133 cgnorm=0.118 kl=0.0020 clipf=0.012 ev=+0.949 r0=1.0000 entcoef=5.08e-03 lr=3.2e-04 seed=3
iter= 342 step=1097600 ep_ret=-178.495 opt_ret=-178.495 step_rew=-1.7850 opt_step=-1.7850 gap0=178.495 dret=+497.617 eval_ret=n/a pursuer_target_distance=1.190 capture=0.165 score=0.075 pol=-0.0007 val=0.0172 ent=1.1596 tot=+0.0020 agnorm=0.090 cgnorm=0.105 kl=0.0020 clipf=0.010 ev=+0.955 r0=1.0000 entcoef=5.07e-03 lr=3.2e-04 seed=3
iter= 343 step=1100800 ep_ret=-117.440 opt_ret=-117.440 step_rew=-1.1744 opt_step=-1.1744 gap0=117.440 dret=+558.672 eval_ret=n/a pursuer_target_distance=0.979 capture=0.159 score=0.081 pol=-0.0010 val=0.0164 ent=1.1522 tot=+0.0014 agnorm=0.092 cgnorm=0.125 kl=0.0017 clipf=0.010 ev=+0.929 r0=1.0000 entcoef=5.05e-03 lr=3.2e-04 seed=3
iter= 344 step=1104000 ep_ret=-309.071 opt_ret=-309.071 step_rew=-3.0907 opt_step=-3.0907 gap0=309.071 dret=+367.041 eval_ret=n/a pursuer_target_distance=1.365 capture=0.083 score=0.035 pol=-0.0009 val=0.0152 ent=1.1524 tot=+0.0009 agnorm=0.145 cgnorm=0.109 kl=0.0023 clipf=0.010 ev=+0.955 r0=1.0000 entcoef=5.04e-03 lr=3.2e-04 seed=3
iter= 345 step=1107200 ep_ret=-227.369 opt_ret=-227.369 step_rew=-2.2737 opt_step=-2.2737 gap0=227.369 dret=+448.743 eval_ret=n/a pursuer_target_distance=1.317 capture=0.136 score=0.059 pol=-0.0010 val=0.0146 ent=1.1521 tot=+0.0005 agnorm=0.120 cgnorm=0.107 kl=0.0021 clipf=0.014 ev=+0.950 r0=1.0000 entcoef=5.02e-03 lr=3.2e-04 seed=3
iter= 346 step=1110400 ep_ret=-208.357 opt_ret=-208.357 step_rew=-2.0836 opt_step=-2.0836 gap0=208.357 dret=+467.755 eval_ret=n/a pursuer_target_distance=1.440 capture=0.134 score=0.055 pol=-0.0011 val=0.0160 ent=1.1583 tot=+0.0011 agnorm=0.118 cgnorm=0.105 kl=0.0026 clipf=0.019 ev=+0.953 r0=1.0000 entcoef=5.01e-03 lr=3.2e-04 seed=3
iter= 347 step=1113600 ep_ret=-196.823 opt_ret=-196.823 step_rew=-1.9682 opt_step=-1.9682 gap0=196.823 dret=+479.289 eval_ret=n/a pursuer_target_distance=1.187 capture=0.101 score=0.046 pol=-0.0009 val=0.0091 ent=1.1399 tot=-0.0020 agnorm=0.132 cgnorm=0.066 kl=0.0019 clipf=0.014 ev=+0.967 r0=1.0000 entcoef=5.00e-03 lr=3.2e-04 seed=3
iter= 348 step=1116800 ep_ret=-184.239 opt_ret=-184.239 step_rew=-1.8424 opt_step=-1.8424 gap0=184.239 dret=+491.873 eval_ret=n/a pursuer_target_distance=0.853 capture=0.133 score=0.072 pol=-0.0010 val=0.0147 ent=1.1465 tot=+0.0007 agnorm=0.173 cgnorm=0.123 kl=0.0021 clipf=0.013 ev=+0.952 r0=1.0000 entcoef=4.98e-03 lr=3.2e-04 seed=3
iter= 349 step=1120000 ep_ret=-99.884 opt_ret=-99.884 step_rew=-0.9988 opt_step=-0.9988 gap0=99.884 dret=+576.228 eval_ret=n/a pursuer_target_distance=0.893 capture=0.178 score=0.094 pol=-0.0011 val=0.0128 ent=1.1316 tot=-0.0003 agnorm=0.182 cgnorm=0.104 kl=0.0025 clipf=0.019 ev=+0.948 r0=1.0000 entcoef=4.97e-03 lr=3.1e-04 seed=3
iter= 350 step=1123200 ep_ret=-186.240 opt_ret=-186.240 step_rew=-1.8624 opt_step=-1.8624 gap0=186.240 dret=+489.872 eval_ret=n/a pursuer_target_distance=0.872 capture=0.129 score=0.069 pol=-0.0007 val=0.0133 ent=1.1210 tot=+0.0004 agnorm=0.136 cgnorm=0.098 kl=0.0018 clipf=0.011 ev=+0.958 r0=1.0000 entcoef=4.95e-03 lr=3.1e-04 seed=3
iter= 351 step=1126400 ep_ret=-179.184 opt_ret=-179.184 step_rew=-1.7918 opt_step=-1.7918 gap0=179.184 dret=+496.928 eval_ret=n/a pursuer_target_distance=1.241 capture=0.175 score=0.078 pol=-0.0009 val=0.0161 ent=1.1041 tot=+0.0017 agnorm=0.137 cgnorm=0.085 kl=0.0017 clipf=0.013 ev=+0.965 r0=1.0000 entcoef=4.94e-03 lr=3.1e-04 seed=3
iter= 352 step=1129600 ep_ret=-65.604 opt_ret=-65.604 step_rew=-0.6560 opt_step=-0.6560 gap0=65.604 dret=+610.508 eval_ret=n/a pursuer_target_distance=0.941 capture=0.201 score=0.104 pol=-0.0010 val=0.0144 ent=1.0986 tot=+0.0008 agnorm=0.181 cgnorm=0.089 kl=0.0020 clipf=0.016 ev=+0.959 r0=1.0000 entcoef=4.92e-03 lr=3.1e-04 seed=3
iter= 353 step=1132800 ep_ret=-257.518 opt_ret=-257.518 step_rew=-2.5752 opt_step=-2.5752 gap0=257.518 dret=+418.594 eval_ret=n/a pursuer_target_distance=1.179 capture=0.127 score=0.058 pol=-0.0011 val=0.0168 ent=1.1234 tot=+0.0018 agnorm=0.193 cgnorm=0.091 kl=0.0027 clipf=0.021 ev=+0.958 r0=1.0000 entcoef=4.91e-03 lr=3.1e-04 seed=3
iter= 354 step=1136000 ep_ret=-231.999 opt_ret=-231.999 step_rew=-2.3200 opt_step=-2.3200 gap0=231.999 dret=+444.113 eval_ret=n/a pursuer_target_distance=1.145 capture=0.125 score=0.058 pol=-0.0009 val=0.0147 ent=1.1092 tot=+0.0010 agnorm=0.148 cgnorm=0.099 kl=0.0027 clipf=0.018 ev=+0.959 r0=1.0000 entcoef=4.89e-03 lr=3.1e-04 seed=3
iter= 355 step=1139200 ep_ret=-158.315 opt_ret=-158.315 step_rew=-1.5832 opt_step=-1.5832 gap0=158.315 dret=+517.797 eval_ret=n/a pursuer_target_distance=1.035 capture=0.141 score=0.069 pol=-0.0009 val=0.0112 ent=1.1338 tot=-0.0009 agnorm=0.110 cgnorm=0.088 kl=0.0017 clipf=0.009 ev=+0.952 r0=1.0000 entcoef=4.88e-03 lr=3.1e-04 seed=3
iter= 356 step=1142400 ep_ret=-148.988 opt_ret=-148.988 step_rew=-1.4899 opt_step=-1.4899 gap0=148.988 dret=+527.124 eval_ret=n/a pursuer_target_distance=1.071 capture=0.168 score=0.081 pol=-0.0007 val=0.0127 ent=1.1354 tot=+0.0002 agnorm=0.139 cgnorm=0.105 kl=0.0011 clipf=0.007 ev=+0.956 r0=1.0000 entcoef=4.87e-03 lr=3.1e-04 seed=3
iter= 357 step=1145600 ep_ret=-100.934 opt_ret=-100.934 step_rew=-1.0093 opt_step=-1.0093 gap0=100.934 dret=+575.178 eval_ret=n/a pursuer_target_distance=0.825 capture=0.147 score=0.080 pol=-0.0009 val=0.0096 ent=1.1719 tot=-0.0018 agnorm=0.132 cgnorm=0.075 kl=0.0016 clipf=0.011 ev=+0.964 r0=1.0000 entcoef=4.85e-03 lr=3.1e-04 seed=3
iter= 358 step=1148800 ep_ret=-30.422 opt_ret=-30.422 step_rew=-0.3042 opt_step=-0.3042 gap0=30.422 dret=+645.690 eval_ret=n/a pursuer_target_distance=0.931 capture=0.224 score=0.116 pol=-0.0007 val=0.0131 ent=1.1140 tot=+0.0005 agnorm=0.100 cgnorm=0.108 kl=0.0015 clipf=0.011 ev=+0.960 r0=1.0000 entcoef=4.84e-03 lr=3.0e-04 seed=3
iter= 359 step=1152000 ep_ret=-175.596 opt_ret=-175.596 step_rew=-1.7560 opt_step=-1.7560 gap0=175.596 dret=+500.517 eval_ret=n/a pursuer_target_distance=1.162 capture=0.158 score=0.073 pol=-0.0007 val=0.0143 ent=1.1487 tot=+0.0009 agnorm=0.132 cgnorm=0.114 kl=0.0015 clipf=0.010 ev=+0.951 r0=1.0000 entcoef=4.82e-03 lr=3.0e-04 seed=3
iter= 360 step=1155200 ep_ret=-204.928 opt_ret=-204.928 step_rew=-2.0493 opt_step=-2.0493 gap0=204.928 dret=+471.184 eval_ret=-400.535 pursuer_target_distance=1.412 capture=0.146 score=0.060 pol=-0.0008 val=0.0128 ent=1.1285 tot=+0.0002 agnorm=0.181 cgnorm=0.106 kl=0.0019 clipf=0.012 ev=+0.962 r0=1.0000 entcoef=4.81e-03 lr=3.0e-04 seed=3
iter= 361 step=1158400 ep_ret=-247.620 opt_ret=-247.620 step_rew=-2.4762 opt_step=-2.4762 gap0=247.620 dret=+428.492 eval_ret=n/a pursuer_target_distance=1.279 capture=0.111 score=0.049 pol=-0.0005 val=0.0111 ent=1.1319 tot=-0.0004 agnorm=0.127 cgnorm=0.088 kl=0.0016 clipf=0.007 ev=+0.966 r0=1.0000 entcoef=4.79e-03 lr=3.0e-04 seed=3
iter= 362 step=1161600 ep_ret=-282.348 opt_ret=-282.348 step_rew=-2.8235 opt_step=-2.8235 gap0=282.348 dret=+393.764 eval_ret=n/a pursuer_target_distance=1.602 capture=0.110 score=0.042 pol=-0.0008 val=0.0156 ent=1.1155 tot=+0.0017 agnorm=0.137 cgnorm=0.102 kl=0.0018 clipf=0.014 ev=+0.954 r0=1.0000 entcoef=4.78e-03 lr=3.0e-04 seed=3
iter= 363 step=1164800 ep_ret=-245.251 opt_ret=-245.251 step_rew=-2.4525 opt_step=-2.4525 gap0=245.251 dret=+430.861 eval_ret=n/a pursuer_target_distance=1.232 capture=0.120 score=0.054 pol=-0.0008 val=0.0153 ent=1.1190 tot=+0.0015 agnorm=0.128 cgnorm=0.101 kl=0.0021 clipf=0.013 ev=+0.955 r0=1.0000 entcoef=4.76e-03 lr=3.0e-04 seed=3
iter= 364 step=1168000 ep_ret=-174.487 opt_ret=-174.487 step_rew=-1.7449 opt_step=-1.7449 gap0=174.487 dret=+501.625 eval_ret=n/a pursuer_target_distance=1.129 capture=0.131 score=0.061 pol=-0.0008 val=0.0118 ent=1.1119 tot=-0.0002 agnorm=0.152 cgnorm=0.074 kl=0.0017 clipf=0.014 ev=+0.968 r0=1.0000 entcoef=4.75e-03 lr=3.0e-04 seed=3
iter= 365 step=1171200 ep_ret=-302.299 opt_ret=-302.299 step_rew=-3.0230 opt_step=-3.0230 gap0=302.299 dret=+373.813 eval_ret=n/a pursuer_target_distance=1.183 capture=0.070 score=0.032 pol=-0.0006 val=0.0113 ent=1.1315 tot=-0.0003 agnorm=0.132 cgnorm=0.104 kl=0.0014 clipf=0.009 ev=+0.965 r0=1.0000 entcoef=4.74e-03 lr=3.0e-04 seed=3
iter= 366 step=1174400 ep_ret=-167.121 opt_ret=-167.121 step_rew=-1.6712 opt_step=-1.6712 gap0=167.121 dret=+508.992 eval_ret=n/a pursuer_target_distance=1.114 capture=0.114 score=0.054 pol=-0.0008 val=0.0094 ent=1.1203 tot=-0.0013 agnorm=0.163 cgnorm=0.083 kl=0.0017 clipf=0.013 ev=+0.969 r0=1.0000 entcoef=4.72e-03 lr=3.0e-04 seed=3
iter= 367 step=1177600 ep_ret=-191.691 opt_ret=-191.691 step_rew=-1.9169 opt_step=-1.9169 gap0=191.691 dret=+484.421 eval_ret=n/a pursuer_target_distance=1.010 capture=0.121 score=0.060 pol=-0.0014 val=0.0098 ent=1.1343 tot=-0.0018 agnorm=0.222 cgnorm=0.104 kl=0.0024 clipf=0.020 ev=+0.970 r0=1.0000 entcoef=4.71e-03 lr=2.9e-04 seed=3
iter= 368 step=1180800 ep_ret=-109.455 opt_ret=-109.455 step_rew=-1.0946 opt_step=-1.0946 gap0=109.455 dret=+566.657 eval_ret=n/a pursuer_target_distance=1.163 capture=0.203 score=0.094 pol=-0.0008 val=0.0150 ent=1.1253 tot=+0.0014 agnorm=0.223 cgnorm=0.096 kl=0.0022 clipf=0.017 ev=+0.953 r0=1.0000 entcoef=4.69e-03 lr=2.9e-04 seed=3
iter= 369 step=1184000 ep_ret=-219.812 opt_ret=-219.812 step_rew=-2.1981 opt_step=-2.1981 gap0=219.812 dret=+456.300 eval_ret=n/a pursuer_target_distance=1.270 capture=0.136 score=0.060 pol=-0.0007 val=0.0122 ent=1.1265 tot=+0.0001 agnorm=0.200 cgnorm=0.087 kl=0.0015 clipf=0.011 ev=+0.956 r0=1.0000 entcoef=4.68e-03 lr=2.9e-04 seed=3
iter= 370 step=1187200 ep_ret=-254.930 opt_ret=-254.930 step_rew=-2.5493 opt_step=-2.5493 gap0=254.930 dret=+421.182 eval_ret=n/a pursuer_target_distance=1.189 capture=0.103 score=0.047 pol=-0.0007 val=0.0089 ent=1.1239 tot=-0.0015 agnorm=0.217 cgnorm=0.055 kl=0.0020 clipf=0.017 ev=+0.976 r0=1.0000 entcoef=4.66e-03 lr=2.9e-04 seed=3
iter= 371 step=1190400 ep_ret=-121.193 opt_ret=-121.193 step_rew=-1.2119 opt_step=-1.2119 gap0=121.193 dret=+554.919 eval_ret=n/a pursuer_target_distance=0.841 capture=0.158 score=0.086 pol=-0.0010 val=0.0106 ent=1.1415 tot=-0.0010 agnorm=0.199 cgnorm=0.085 kl=0.0019 clipf=0.013 ev=+0.960 r0=1.0000 entcoef=4.65e-03 lr=2.9e-04 seed=3
iter= 372 step=1193600 ep_ret=-205.321 opt_ret=-205.321 step_rew=-2.0532 opt_step=-2.0532 gap0=205.321 dret=+470.792 eval_ret=n/a pursuer_target_distance=1.312 capture=0.152 score=0.066 pol=-0.0010 val=0.0149 ent=1.1124 tot=+0.0013 agnorm=0.158 cgnorm=0.103 kl=0.0023 clipf=0.018 ev=+0.943 r0=1.0000 entcoef=4.63e-03 lr=2.9e-04 seed=3
iter= 373 step=1196800 ep_ret=-289.018 opt_ret=-289.018 step_rew=-2.8902 opt_step=-2.8902 gap0=289.018 dret=+387.094 eval_ret=n/a pursuer_target_distance=1.190 capture=0.079 score=0.036 pol=-0.0008 val=0.0099 ent=1.1256 tot=-0.0010 agnorm=0.110 cgnorm=0.096 kl=0.0016 clipf=0.007 ev=+0.960 r0=1.0000 entcoef=4.62e-03 lr=2.9e-04 seed=3
iter= 374 step=1200000 ep_ret=-296.193 opt_ret=-296.193 step_rew=-2.9619 opt_step=-2.9619 gap0=296.193 dret=+379.919 eval_ret=n/a pursuer_target_distance=1.034 capture=0.100 score=0.049 pol=-0.0008 val=0.0152 ent=1.1267 tot=+0.0016 agnorm=0.171 cgnorm=0.105 kl=0.0019 clipf=0.011 ev=+0.950 r0=1.0000 entcoef=4.61e-03 lr=2.9e-04 seed=3
iter= 375 step=1203200 ep_ret=-205.065 opt_ret=-205.065 step_rew=-2.0506 opt_step=-2.0506 gap0=205.065 dret=+471.047 eval_ret=n/a pursuer_target_distance=1.191 capture=0.144 score=0.066 pol=-0.0010 val=0.0131 ent=1.1179 tot=+0.0005 agnorm=0.216 cgnorm=0.086 kl=0.0021 clipf=0.016 ev=+0.956 r0=1.0000 entcoef=4.59e-03 lr=2.9e-04 seed=3
iter= 376 step=1206400 ep_ret=-277.543 opt_ret=-277.543 step_rew=-2.7754 opt_step=-2.7754 gap0=277.543 dret=+398.569 eval_ret=n/a pursuer_target_distance=1.754 capture=0.167 score=0.061 pol=-0.0009 val=0.0188 ent=1.1357 tot=+0.0033 agnorm=0.275 cgnorm=0.093 kl=0.0018 clipf=0.017 ev=+0.954 r0=1.0000 entcoef=4.58e-03 lr=2.8e-04 seed=3
iter= 377 step=1209600 ep_ret=-212.207 opt_ret=-212.207 step_rew=-2.1221 opt_step=-2.1221 gap0=212.207 dret=+463.905 eval_ret=n/a pursuer_target_distance=1.582 capture=0.141 score=0.055 pol=-0.0005 val=0.0115 ent=1.1076 tot=+0.0002 agnorm=0.121 cgnorm=0.082 kl=0.0013 clipf=0.007 ev=+0.972 r0=1.0000 entcoef=4.56e-03 lr=2.8e-04 seed=3
iter= 378 step=1212800 ep_ret=-238.258 opt_ret=-238.258 step_rew=-2.3826 opt_step=-2.3826 gap0=238.258 dret=+437.854 eval_ret=n/a pursuer_target_distance=1.217 capture=0.105 score=0.047 pol=-0.0007 val=0.0133 ent=1.1165 tot=+0.0009 agnorm=0.132 cgnorm=0.090 kl=0.0015 clipf=0.008 ev=+0.964 r0=1.0000 entcoef=4.55e-03 lr=2.8e-04 seed=3
iter= 379 step=1216000 ep_ret=-76.533 opt_ret=-76.533 step_rew=-0.7653 opt_step=-0.7653 gap0=76.533 dret=+599.579 eval_ret=n/a pursuer_target_distance=0.988 capture=0.196 score=0.099 pol=-0.0009 val=0.0121 ent=1.1086 tot=+0.0001 agnorm=0.161 cgnorm=0.083 kl=0.0018 clipf=0.011 ev=+0.962 r0=1.0000 entcoef=4.53e-03 lr=2.8e-04 seed=3
iter= 380 step=1219200 ep_ret=-208.625 opt_ret=-208.625 step_rew=-2.0863 opt_step=-2.0863 gap0=208.625 dret=+467.487 eval_ret=-257.912 pursuer_target_distance=1.249 capture=0.115 score=0.051 pol=-0.0006 val=0.0117 ent=1.1361 tot=+0.0001 agnorm=0.288 cgnorm=0.075 kl=0.0022 clipf=0.019 ev=+0.953 r0=1.0000 entcoef=4.52e-03 lr=2.8e-04 seed=3
iter= 381 step=1222400 ep_ret=-213.583 opt_ret=-213.583 step_rew=-2.1358 opt_step=-2.1358 gap0=213.583 dret=+462.530 eval_ret=n/a pursuer_target_distance=1.087 capture=0.147 score=0.071 pol=-0.0012 val=0.0098 ent=1.1059 tot=-0.0013 agnorm=0.224 cgnorm=0.079 kl=0.0025 clipf=0.017 ev=+0.976 r0=1.0000 entcoef=4.50e-03 lr=2.8e-04 seed=3
iter= 382 step=1225600 ep_ret=-184.641 opt_ret=-184.641 step_rew=-1.8464 opt_step=-1.8464 gap0=184.641 dret=+491.471 eval_ret=n/a pursuer_target_distance=1.122 capture=0.158 score=0.075 pol=-0.0007 val=0.0135 ent=1.0970 tot=+0.0011 agnorm=0.255 cgnorm=0.082 kl=0.0021 clipf=0.016 ev=+0.955 r0=1.0000 entcoef=4.49e-03 lr=2.8e-04 seed=3
iter= 383 step=1228800 ep_ret=-149.055 opt_ret=-149.055 step_rew=-1.4905 opt_step=-1.4905 gap0=149.055 dret=+527.057 eval_ret=n/a pursuer_target_distance=1.270 capture=0.169 score=0.074 pol=-0.0010 val=0.0131 ent=1.1145 tot=+0.0006 agnorm=0.238 cgnorm=0.093 kl=0.0021 clipf=0.012 ev=+0.949 r0=1.0000 entcoef=4.48e-03 lr=2.8e-04 seed=3
iter= 384 step=1232000 ep_ret=-192.496 opt_ret=-192.496 step_rew=-1.9250 opt_step=-1.9250 gap0=192.496 dret=+483.616 eval_ret=n/a pursuer_target_distance=1.040 capture=0.157 score=0.077 pol=-0.0009 val=0.0084 ent=1.1168 tot=-0.0016 agnorm=0.206 cgnorm=0.063 kl=0.0018 clipf=0.015 ev=+0.978 r0=1.0000 entcoef=4.46e-03 lr=2.8e-04 seed=3
iter= 385 step=1235200 ep_ret=-133.432 opt_ret=-133.432 step_rew=-1.3343 opt_step=-1.3343 gap0=133.432 dret=+542.681 eval_ret=n/a pursuer_target_distance=1.014 capture=0.186 score=0.092 pol=-0.0008 val=0.0113 ent=1.1408 tot=-0.0002 agnorm=0.127 cgnorm=0.079 kl=0.0014 clipf=0.010 ev=+0.964 r0=1.0000 entcoef=4.45e-03 lr=2.7e-04 seed=3
iter= 386 step=1238400 ep_ret=-152.722 opt_ret=-152.722 step_rew=-1.5272 opt_step=-1.5272 gap0=152.722 dret=+523.390 eval_ret=n/a pursuer_target_distance=1.357 capture=0.194 score=0.082 pol=-0.0007 val=0.0122 ent=1.1392 tot=+0.0003 agnorm=0.100 cgnorm=0.079 kl=0.0015 clipf=0.007 ev=+0.967 r0=1.0000 entcoef=4.43e-03 lr=2.7e-04 seed=3
iter= 387 step=1241600 ep_ret=-183.653 opt_ret=-183.653 step_rew=-1.8365 opt_step=-1.8365 gap0=183.653 dret=+492.459 eval_ret=n/a pursuer_target_distance=1.272 capture=0.159 score=0.070 pol=-0.0008 val=0.0132 ent=1.1411 tot=+0.0008 agnorm=0.183 cgnorm=0.086 kl=0.0013 clipf=0.008 ev=+0.959 r0=1.0000 entcoef=4.42e-03 lr=2.7e-04 seed=3
iter= 388 step=1244800 ep_ret=-122.861 opt_ret=-122.861 step_rew=-1.2286 opt_step=-1.2286 gap0=122.861 dret=+553.251 eval_ret=n/a pursuer_target_distance=1.194 capture=0.176 score=0.080 pol=-0.0007 val=0.0136 ent=1.1071 tot=+0.0012 agnorm=0.166 cgnorm=0.096 kl=0.0016 clipf=0.011 ev=+0.953 r0=1.0000 entcoef=4.40e-03 lr=2.7e-04 seed=3
iter= 389 step=1248000 ep_ret=-67.216 opt_ret=-67.216 step_rew=-0.6722 opt_step=-0.6722 gap0=67.216 dret=+608.896 eval_ret=n/a pursuer_target_distance=1.058 capture=0.194 score=0.094 pol=-0.0010 val=0.0133 ent=1.1346 tot=+0.0007 agnorm=0.155 cgnorm=0.098 kl=0.0019 clipf=0.013 ev=+0.949 r0=1.0000 entcoef=4.39e-03 lr=2.7e-04 seed=3
iter= 390 step=1251200 ep_ret=-154.547 opt_ret=-154.547 step_rew=-1.5455 opt_step=-1.5455 gap0=154.547 dret=+521.565 eval_ret=n/a pursuer_target_distance=0.841 capture=0.144 score=0.078 pol=-0.0010 val=0.0100 ent=1.1604 tot=-0.0010 agnorm=0.122 cgnorm=0.082 kl=0.0020 clipf=0.010 ev=+0.971 r0=1.0000 entcoef=4.37e-03 lr=2.7e-04 seed=3
iter= 391 step=1254400 ep_ret=-124.654 opt_ret=-124.654 step_rew=-1.2465 opt_step=-1.2465 gap0=124.654 dret=+551.458 eval_ret=n/a pursuer_target_distance=1.032 capture=0.168 score=0.083 pol=-0.0009 val=0.0100 ent=1.1647 tot=-0.0010 agnorm=0.190 cgnorm=0.083 kl=0.0016 clipf=0.009 ev=+0.968 r0=1.0000 entcoef=4.36e-03 lr=2.7e-04 seed=3
iter= 392 step=1257600 ep_ret=-371.250 opt_ret=-371.250 step_rew=-3.7125 opt_step=-3.7125 gap0=371.250 dret=+304.862 eval_ret=n/a pursuer_target_distance=2.064 capture=0.101 score=0.033 pol=-0.0007 val=0.0163 ent=1.1892 tot=+0.0023 agnorm=0.182 cgnorm=0.113 kl=0.0017 clipf=0.009 ev=+0.955 r0=1.0000 entcoef=4.35e-03 lr=2.7e-04 seed=3
iter= 393 step=1260800 ep_ret=-170.195 opt_ret=-170.195 step_rew=-1.7019 opt_step=-1.7019 gap0=170.195 dret=+505.917 eval_ret=n/a pursuer_target_distance=1.331 capture=0.182 score=0.078 pol=-0.0010 val=0.0122 ent=1.1627 tot=+0.0001 agnorm=0.251 cgnorm=0.109 kl=0.0021 clipf=0.019 ev=+0.967 r0=1.0000 entcoef=4.33e-03 lr=2.7e-04 seed=3
iter= 394 step=1264000 ep_ret=-167.164 opt_ret=-167.164 step_rew=-1.6716 opt_step=-1.6716 gap0=167.164 dret=+508.948 eval_ret=n/a pursuer_target_distance=1.164 capture=0.138 score=0.064 pol=-0.0007 val=0.0091 ent=1.1747 tot=-0.0012 agnorm=0.182 cgnorm=0.073 kl=0.0017 clipf=0.011 ev=+0.967 r0=1.0000 entcoef=4.32e-03 lr=2.6e-04 seed=3
iter= 395 step=1267200 ep_ret=-189.302 opt_ret=-189.302 step_rew=-1.8930 opt_step=-1.8930 gap0=189.302 dret=+486.810 eval_ret=n/a pursuer_target_distance=1.234 capture=0.138 score=0.062 pol=-0.0007 val=0.0125 ent=1.1801 tot=+0.0005 agnorm=0.138 cgnorm=0.106 kl=0.0013 clipf=0.009 ev=+0.954 r0=1.0000 entcoef=4.30e-03 lr=2.6e-04 seed=3
iter= 396 step=1270400 ep_ret=-162.072 opt_ret=-162.072 step_rew=-1.6207 opt_step=-1.6207 gap0=162.072 dret=+514.040 eval_ret=n/a pursuer_target_distance=1.278 capture=0.167 score=0.073 pol=-0.0006 val=0.0102 ent=1.1557 tot=-0.0005 agnorm=0.139 cgnorm=0.104 kl=0.0013 clipf=0.007 ev=+0.970 r0=1.0000 entcoef=4.29e-03 lr=2.6e-04 seed=3
iter= 397 step=1273600 ep_ret=-240.822 opt_ret=-240.822 step_rew=-2.4082 opt_step=-2.4082 gap0=240.822 dret=+435.290 eval_ret=n/a pursuer_target_distance=1.167 capture=0.114 score=0.052 pol=-0.0008 val=0.0109 ent=1.1742 tot=-0.0004 agnorm=0.172 cgnorm=0.078 kl=0.0015 clipf=0.008 ev=+0.962 r0=1.0000 entcoef=4.27e-03 lr=2.6e-04 seed=3
iter= 398 step=1276800 ep_ret=-124.940 opt_ret=-124.940 step_rew=-1.2494 opt_step=-1.2494 gap0=124.940 dret=+551.172 eval_ret=n/a pursuer_target_distance=0.972 capture=0.177 score=0.090 pol=-0.0004 val=0.0116 ent=1.1647 tot=+0.0004 agnorm=0.145 cgnorm=0.086 kl=0.0015 clipf=0.008 ev=+0.964 r0=1.0000 entcoef=4.26e-03 lr=2.6e-04 seed=3
iter= 399 step=1280000 ep_ret=-160.709 opt_ret=-160.709 step_rew=-1.6071 opt_step=-1.6071 gap0=160.709 dret=+515.403 eval_ret=n/a pursuer_target_distance=0.996 capture=0.144 score=0.072 pol=-0.0012 val=0.0100 ent=1.1683 tot=-0.0011 agnorm=0.380 cgnorm=0.083 kl=0.0025 clipf=0.024 ev=+0.965 r0=1.0000 entcoef=4.25e-03 lr=2.6e-04 seed=3
iter= 400 step=1283200 ep_ret=-267.921 opt_ret=-267.921 step_rew=-2.6792 opt_step=-2.6792 gap0=267.921 dret=+408.191 eval_ret=-62.309 pursuer_target_distance=0.861 capture=0.104 score=0.056 pol=-0.0008 val=0.0101 ent=1.1497 tot=-0.0006 agnorm=0.379 cgnorm=0.078 kl=0.0024 clipf=0.022 ev=+0.972 r0=1.0000 entcoef=4.23e-03 lr=2.6e-04 seed=3
iter= 401 step=1286400 ep_ret=-133.761 opt_ret=-133.761 step_rew=-1.3376 opt_step=-1.3376 gap0=133.761 dret=+542.351 eval_ret=n/a pursuer_target_distance=1.232 capture=0.178 score=0.080 pol=-0.0009 val=0.0104 ent=1.1432 tot=-0.0005 agnorm=0.285 cgnorm=0.077 kl=0.0024 clipf=0.023 ev=+0.965 r0=1.0000 entcoef=4.22e-03 lr=2.6e-04 seed=3
iter= 402 step=1289600 ep_ret=-192.868 opt_ret=-192.868 step_rew=-1.9287 opt_step=-1.9287 gap0=192.868 dret=+483.244 eval_ret=n/a pursuer_target_distance=1.015 capture=0.161 score=0.080 pol=-0.0011 val=0.0114 ent=1.1617 tot=-0.0003 agnorm=0.142 cgnorm=0.088 kl=0.0020 clipf=0.014 ev=+0.965 r0=1.0000 entcoef=4.20e-03 lr=2.6e-04 seed=3
iter= 403 step=1292800 ep_ret=-219.547 opt_ret=-219.547 step_rew=-2.1955 opt_step=-2.1955 gap0=219.547 dret=+456.565 eval_ret=n/a pursuer_target_distance=1.088 capture=0.139 score=0.067 pol=-0.0008 val=0.0088 ent=1.1203 tot=-0.0011 agnorm=0.100 cgnorm=0.073 kl=0.0013 clipf=0.007 ev=+0.976 r0=1.0000 entcoef=4.19e-03 lr=2.5e-04 seed=3
iter= 404 step=1296000 ep_ret=-147.316 opt_ret=-147.316 step_rew=-1.4732 opt_step=-1.4732 gap0=147.316 dret=+528.796 eval_ret=n/a pursuer_target_distance=1.046 capture=0.179 score=0.087 pol=-0.0010 val=0.0093 ent=1.0924 tot=-0.0009 agnorm=0.204 cgnorm=0.069 kl=0.0022 clipf=0.018 ev=+0.971 r0=1.0000 entcoef=4.17e-03 lr=2.5e-04 seed=3
iter= 405 step=1299200 ep_ret=-110.481 opt_ret=-110.481 step_rew=-1.1048 opt_step=-1.1048 gap0=110.481 dret=+565.631 eval_ret=n/a pursuer_target_distance=0.769 capture=0.160 score=0.091 pol=-0.0012 val=0.0090 ent=1.1137 tot=-0.0013 agnorm=0.244 cgnorm=0.071 kl=0.0022 clipf=0.016 ev=+0.964 r0=1.0000 entcoef=4.16e-03 lr=2.5e-04 seed=3
iter= 406 step=1302400 ep_ret=-222.913 opt_ret=-222.913 step_rew=-2.2291 opt_step=-2.2291 gap0=222.913 dret=+453.199 eval_ret=n/a pursuer_target_distance=1.018 capture=0.120 score=0.059 pol=-0.0010 val=0.0095 ent=1.1280 tot=-0.0009 agnorm=0.183 cgnorm=0.075 kl=0.0020 clipf=0.014 ev=+0.967 r0=1.0000 entcoef=4.14e-03 lr=2.5e-04 seed=3
iter= 407 step=1305600 ep_ret=-377.967 opt_ret=-377.967 step_rew=-3.7797 opt_step=-3.7797 gap0=377.967 dret=+298.145 eval_ret=n/a pursuer_target_distance=1.520 capture=0.077 score=0.031 pol=-0.0007 val=0.0101 ent=1.1242 tot=-0.0004 agnorm=0.073 cgnorm=0.066 kl=0.0011 clipf=0.006 ev=+0.964 r0=1.0000 entcoef=4.13e-03 lr=2.5e-04 seed=3
iter= 408 step=1308800 ep_ret=-181.847 opt_ret=-181.847 step_rew=-1.8185 opt_step=-1.8185 gap0=181.847 dret=+494.266 eval_ret=n/a pursuer_target_distance=1.173 capture=0.150 score=0.069 pol=-0.0008 val=0.0120 ent=1.0923 tot=+0.0007 agnorm=0.345 cgnorm=0.078 kl=0.0019 clipf=0.017 ev=+0.958 r0=1.0000 entcoef=4.12e-03 lr=2.5e-04 seed=3
iter= 409 step=1312000 ep_ret=-239.399 opt_ret=-239.399 step_rew=-2.3940 opt_step=-2.3940 gap0=239.399 dret=+436.714 eval_ret=n/a pursuer_target_distance=1.528 capture=0.135 score=0.053 pol=-0.0007 val=0.0107 ent=1.1158 tot=+0.0001 agnorm=0.202 cgnorm=0.074 kl=0.0017 clipf=0.012 ev=+0.966 r0=1.0000 entcoef=4.10e-03 lr=2.5e-04 seed=3
iter= 410 step=1315200 ep_ret=-210.492 opt_ret=-210.492 step_rew=-2.1049 opt_step=-2.1049 gap0=210.492 dret=+465.620 eval_ret=n/a pursuer_target_distance=1.099 capture=0.139 score=0.066 pol=-0.0009 val=0.0092 ent=1.0916 tot=-0.0007 agnorm=0.194 cgnorm=0.073 kl=0.0017 clipf=0.012 ev=+0.974 r0=1.0000 entcoef=4.09e-03 lr=2.5e-04 seed=3
iter= 411 step=1318400 ep_ret=-86.049 opt_ret=-86.049 step_rew=-0.8605 opt_step=-0.8605 gap0=86.049 dret=+590.063 eval_ret=n/a pursuer_target_distance=1.058 capture=0.188 score=0.091 pol=-0.0008 val=0.0115 ent=1.0889 tot=+0.0006 agnorm=0.181 cgnorm=0.070 kl=0.0020 clipf=0.015 ev=+0.959 r0=1.0000 entcoef=4.07e-03 lr=2.5e-04 seed=3
iter= 412 step=1321600 ep_ret=-157.638 opt_ret=-157.638 step_rew=-1.5764 opt_step=-1.5764 gap0=157.638 dret=+518.474 eval_ret=n/a pursuer_target_distance=1.437 capture=0.184 score=0.075 pol=-0.0007 val=0.0134 ent=1.0923 tot=+0.0015 agnorm=0.136 cgnorm=0.072 kl=0.0015 clipf=0.010 ev=+0.956 r0=1.0000 entcoef=4.06e-03 lr=2.4e-04 seed=3
iter= 413 step=1324800 ep_ret=-235.304 opt_ret=-235.304 step_rew=-2.3530 opt_step=-2.3530 gap0=235.304 dret=+440.809 eval_ret=n/a pursuer_target_distance=1.210 capture=0.130 score=0.059 pol=-0.0008 val=0.0091 ent=1.1051 tot=-0.0008 agnorm=0.137 cgnorm=0.060 kl=0.0019 clipf=0.012 ev=+0.963 r0=1.0000 entcoef=4.04e-03 lr=2.4e-04 seed=3
iter= 414 step=1328000 ep_ret=-170.375 opt_ret=-170.375 step_rew=-1.7038 opt_step=-1.7038 gap0=170.375 dret=+505.737 eval_ret=n/a pursuer_target_distance=1.457 capture=0.193 score=0.079 pol=-0.0011 val=0.0122 ent=1.1066 tot=+0.0005 agnorm=0.214 cgnorm=0.064 kl=0.0019 clipf=0.016 ev=+0.967 r0=1.0000 entcoef=4.03e-03 lr=2.4e-04 seed=3
iter= 415 step=1331200 ep_ret=-289.529 opt_ret=-289.529 step_rew=-2.8953 opt_step=-2.8953 gap0=289.529 dret=+386.583 eval_ret=n/a pursuer_target_distance=1.453 capture=0.134 score=0.055 pol=-0.0006 val=0.0126 ent=1.1276 tot=+0.0012 agnorm=0.151 cgnorm=0.082 kl=0.0016 clipf=0.010 ev=+0.959 r0=1.0000 entcoef=4.01e-03 lr=2.4e-04 seed=3
iter= 416 step=1334400 ep_ret=-193.604 opt_ret=-193.604 step_rew=-1.9360 opt_step=-1.9360 gap0=193.604 dret=+482.508 eval_ret=n/a pursuer_target_distance=1.041 capture=0.134 score=0.066 pol=-0.0011 val=0.0087 ent=1.1127 tot=-0.0011 agnorm=0.233 cgnorm=0.078 kl=0.0018 clipf=0.011 ev=+0.972 r0=1.0000 entcoef=4.00e-03 lr=2.4e-04 seed=3
iter= 417 step=1337600 ep_ret=-196.330 opt_ret=-196.330 step_rew=-1.9633 opt_step=-1.9633 gap0=196.330 dret=+479.782 eval_ret=n/a pursuer_target_distance=0.925 capture=0.135 score=0.070 pol=-0.0007 val=0.0080 ent=1.1107 tot=-0.0011 agnorm=0.188 cgnorm=0.063 kl=0.0015 clipf=0.006 ev=+0.970 r0=1.0000 entcoef=3.99e-03 lr=2.4e-04 seed=3
iter= 418 step=1340800 ep_ret=-176.438 opt_ret=-176.438 step_rew=-1.7644 opt_step=-1.7644 gap0=176.438 dret=+499.674 eval_ret=n/a pursuer_target_distance=1.312 capture=0.157 score=0.068 pol=-0.0006 val=0.0111 ent=1.1130 tot=+0.0006 agnorm=0.156 cgnorm=0.091 kl=0.0015 clipf=0.009 ev=+0.962 r0=1.0000 entcoef=3.97e-03 lr=2.4e-04 seed=3
iter= 419 step=1344000 ep_ret=-92.267 opt_ret=-92.267 step_rew=-0.9227 opt_step=-0.9227 gap0=92.267 dret=+583.845 eval_ret=n/a pursuer_target_distance=0.938 capture=0.208 score=0.107 pol=-0.0010 val=0.0086 ent=1.1289 tot=-0.0012 agnorm=0.194 cgnorm=0.062 kl=0.0024 clipf=0.021 ev=+0.973 r0=1.0000 entcoef=3.96e-03 lr=2.4e-04 seed=3
iter= 420 step=1347200 ep_ret=-148.008 opt_ret=-148.008 step_rew=-1.4801 opt_step=-1.4801 gap0=148.008 dret=+528.104 eval_ret=+177.702 pursuer_target_distance=0.828 capture=0.206 score=0.113 pol=-0.0008 val=0.0111 ent=1.1076 tot=+0.0004 agnorm=0.174 cgnorm=0.074 kl=0.0015 clipf=0.008 ev=+0.965 r0=1.0000 entcoef=3.94e-03 lr=2.4e-04 seed=3
iter= 421 step=1350400 ep_ret=-51.957 opt_ret=-51.957 step_rew=-0.5196 opt_step=-0.5196 gap0=51.957 dret=+624.155 eval_ret=n/a pursuer_target_distance=0.658 capture=0.220 score=0.133 pol=-0.0010 val=0.0113 ent=1.1392 tot=+0.0002 agnorm=0.193 cgnorm=0.080 kl=0.0019 clipf=0.016 ev=+0.958 r0=1.0000 entcoef=3.93e-03 lr=2.3e-04 seed=3
iter= 422 step=1353600 ep_ret=-123.821 opt_ret=-123.821 step_rew=-1.2382 opt_step=-1.2382 gap0=123.821 dret=+552.292 eval_ret=n/a pursuer_target_distance=1.074 capture=0.194 score=0.094 pol=-0.0009 val=0.0100 ent=1.1113 tot=-0.0003 agnorm=0.144 cgnorm=0.083 kl=0.0017 clipf=0.011 ev=+0.964 r0=1.0000 entcoef=3.91e-03 lr=2.3e-04 seed=3
iter= 423 step=1356800 ep_ret=-186.569 opt_ret=-186.569 step_rew=-1.8657 opt_step=-1.8657 gap0=186.569 dret=+489.543 eval_ret=n/a pursuer_target_distance=1.235 capture=0.144 score=0.064 pol=-0.0009 val=0.0103 ent=1.0887 tot=+0.0001 agnorm=0.259 cgnorm=0.069 kl=0.0019 clipf=0.018 ev=+0.964 r0=1.0000 entcoef=3.90e-03 lr=2.3e-04 seed=3
iter= 424 step=1360000 ep_ret=-277.829 opt_ret=-277.829 step_rew=-2.7783 opt_step=-2.7783 gap0=277.829 dret=+398.283 eval_ret=n/a pursuer_target_distance=1.186 capture=0.129 score=0.059 pol=-0.0004 val=0.0138 ent=1.1092 tot=+0.0021 agnorm=0.119 cgnorm=0.088 kl=0.0014 clipf=0.008 ev=+0.954 r0=1.0000 entcoef=3.88e-03 lr=2.3e-04 seed=3
iter= 425 step=1363200 ep_ret=-200.134 opt_ret=-200.134 step_rew=-2.0013 opt_step=-2.0013 gap0=200.134 dret=+475.978 eval_ret=n/a pursuer_target_distance=1.822 capture=0.192 score=0.068 pol=-0.0006 val=0.0171 ent=1.1198 tot=+0.0036 agnorm=0.179 cgnorm=0.083 kl=0.0016 clipf=0.011 ev=+0.957 r0=1.0000 entcoef=3.87e-03 lr=2.3e-04 seed=3
iter= 426 step=1366400 ep_ret=-86.666 opt_ret=-86.666 step_rew=-0.8667 opt_step=-0.8667 gap0=86.666 dret=+589.446 eval_ret=n/a pursuer_target_distance=0.818 capture=0.179 score=0.098 pol=-0.0007 val=0.0098 ent=1.0801 tot=+0.0000 agnorm=0.125 cgnorm=0.079 kl=0.0009 clipf=0.003 ev=+0.951 r0=1.0000 entcoef=3.86e-03 lr=2.3e-04 seed=3
iter= 427 step=1369600 ep_ret=-188.701 opt_ret=-188.701 step_rew=-1.8870 opt_step=-1.8870 gap0=188.701 dret=+487.411 eval_ret=n/a pursuer_target_distance=1.167 capture=0.154 score=0.071 pol=-0.0006 val=0.0099 ent=1.0959 tot=+0.0001 agnorm=0.156 cgnorm=0.069 kl=0.0014 clipf=0.009 ev=+0.967 r0=1.0000 entcoef=3.84e-03 lr=2.3e-04 seed=3
iter= 428 step=1372800 ep_ret=-92.319 opt_ret=-92.319 step_rew=-0.9232 opt_step=-0.9232 gap0=92.319 dret=+583.793 eval_ret=n/a pursuer_target_distance=1.084 capture=0.193 score=0.093 pol=-0.0010 val=0.0107 ent=1.1029 tot=+0.0001 agnorm=0.206 cgnorm=0.075 kl=0.0021 clipf=0.015 ev=+0.955 r0=1.0000 entcoef=3.83e-03 lr=2.3e-04 seed=3
iter= 429 step=1376000 ep_ret=-48.247 opt_ret=-48.247 step_rew=-0.4825 opt_step=-0.4825 gap0=48.247 dret=+627.865 eval_ret=n/a pursuer_target_distance=0.967 capture=0.224 score=0.114 pol=-0.0011 val=0.0084 ent=1.1207 tot=-0.0011 agnorm=0.230 cgnorm=0.068 kl=0.0022 clipf=0.015 ev=+0.973 r0=1.0000 entcoef=3.81e-03 lr=2.3e-04 seed=3
iter= 430 step=1379200 ep_ret=-135.475 opt_ret=-135.475 step_rew=-1.3547 opt_step=-1.3547 gap0=135.475 dret=+540.637 eval_ret=n/a pursuer_target_distance=1.036 capture=0.195 score=0.096 pol=-0.0009 val=0.0085 ent=1.1274 tot=-0.0009 agnorm=0.165 cgnorm=0.073 kl=0.0020 clipf=0.018 ev=+0.974 r0=1.0000 entcoef=3.80e-03 lr=2.2e-04 seed=3
iter= 431 step=1382400 ep_ret=-175.710 opt_ret=-175.710 step_rew=-1.7571 opt_step=-1.7571 gap0=175.710 dret=+500.402 eval_ret=n/a pursuer_target_distance=1.073 capture=0.139 score=0.067 pol=-0.0009 val=0.0148 ent=1.1062 tot=+0.0023 agnorm=0.201 cgnorm=0.093 kl=0.0022 clipf=0.019 ev=+0.950 r0=1.0000 entcoef=3.78e-03 lr=2.2e-04 seed=3
iter= 432 step=1385600 ep_ret=-319.590 opt_ret=-319.590 step_rew=-3.1959 opt_step=-3.1959 gap0=319.590 dret=+356.522 eval_ret=n/a pursuer_target_distance=1.336 capture=0.100 score=0.043 pol=-0.0010 val=0.0135 ent=1.0904 tot=+0.0017 agnorm=0.279 cgnorm=0.082 kl=0.0017 clipf=0.013 ev=+0.946 r0=1.0000 entcoef=3.77e-03 lr=2.2e-04 seed=3
iter= 433 step=1388800 ep_ret=-168.485 opt_ret=-168.485 step_rew=-1.6848 opt_step=-1.6848 gap0=168.485 dret=+507.627 eval_ret=n/a pursuer_target_distance=1.334 capture=0.174 score=0.075 pol=-0.0006 val=0.0099 ent=1.1142 tot=+0.0001 agnorm=0.175 cgnorm=0.074 kl=0.0017 clipf=0.014 ev=+0.970 r0=1.0000 entcoef=3.75e-03 lr=2.2e-04 seed=3
iter= 434 step=1392000 ep_ret=-155.917 opt_ret=-155.917 step_rew=-1.5592 opt_step=-1.5592 gap0=155.917 dret=+520.195 eval_ret=n/a pursuer_target_distance=1.193 capture=0.169 score=0.077 pol=-0.0011 val=0.0104 ent=1.1095 tot=-0.0000 agnorm=0.193 cgnorm=0.085 kl=0.0020 clipf=0.014 ev=+0.956 r0=1.0000 entcoef=3.74e-03 lr=2.2e-04 seed=3
iter= 435 step=1395200 ep_ret=-80.229 opt_ret=-80.229 step_rew=-0.8023 opt_step=-0.8023 gap0=80.229 dret=+595.883 eval_ret=n/a pursuer_target_distance=1.023 capture=0.211 score=0.104 pol=-0.0006 val=0.0088 ent=1.0808 tot=-0.0002 agnorm=0.149 cgnorm=0.063 kl=0.0014 clipf=0.006 ev=+0.968 r0=1.0000 entcoef=3.73e-03 lr=2.2e-04 seed=3
iter= 436 step=1398400 ep_ret=-153.942 opt_ret=-153.942 step_rew=-1.5394 opt_step=-1.5394 gap0=153.942 dret=+522.171 eval_ret=n/a pursuer_target_distance=1.122 capture=0.184 score=0.087 pol=-0.0008 val=0.0126 ent=1.0963 tot=+0.0014 agnorm=0.187 cgnorm=0.104 kl=0.0015 clipf=0.009 ev=+0.956 r0=1.0000 entcoef=3.71e-03 lr=2.2e-04 seed=3
iter= 437 step=1401600 ep_ret=-62.555 opt_ret=-62.555 step_rew=-0.6256 opt_step=-0.6256 gap0=62.555 dret=+613.557 eval_ret=n/a pursuer_target_distance=0.774 capture=0.213 score=0.120 pol=-0.0008 val=0.0106 ent=1.0898 tot=+0.0005 agnorm=0.205 cgnorm=0.075 kl=0.0019 clipf=0.011 ev=+0.952 r0=1.0000 entcoef=3.70e-03 lr=2.2e-04 seed=3
iter= 438 step=1404800 ep_ret=-123.755 opt_ret=-123.755 step_rew=-1.2375 opt_step=-1.2375 gap0=123.755 dret=+552.357 eval_ret=n/a pursuer_target_distance=1.186 capture=0.204 score=0.094 pol=-0.0005 val=0.0134 ent=1.0445 tot=+0.0023 agnorm=0.122 cgnorm=0.072 kl=0.0012 clipf=0.007 ev=+0.951 r0=1.0000 entcoef=3.68e-03 lr=2.2e-04 seed=3
iter= 439 step=1408000 ep_ret=-44.383 opt_ret=-44.383 step_rew=-0.4438 opt_step=-0.4438 gap0=44.383 dret=+631.729 eval_ret=n/a pursuer_target_distance=0.809 capture=0.223 score=0.123 pol=-0.0010 val=0.0080 ent=1.0913 tot=-0.0010 agnorm=0.258 cgnorm=0.077 kl=0.0018 clipf=0.014 ev=+0.968 r0=1.0000 entcoef=3.67e-03 lr=2.1e-04 seed=3
iter= 440 step=1411200 ep_ret=-224.005 opt_ret=-224.005 step_rew=-2.2401 opt_step=-2.2401 gap0=224.005 dret=+452.107 eval_ret=+219.804 pursuer_target_distance=1.321 capture=0.147 score=0.063 pol=-0.0010 val=0.0115 ent=1.1161 tot=+0.0007 agnorm=0.200 cgnorm=0.075 kl=0.0017 clipf=0.012 ev=+0.961 r0=1.0000 entcoef=3.65e-03 lr=2.1e-04 seed=3
iter= 441 step=1414400 ep_ret=-149.427 opt_ret=-149.427 step_rew=-1.4943 opt_step=-1.4943 gap0=149.427 dret=+526.685 eval_ret=n/a pursuer_target_distance=1.081 capture=0.183 score=0.088 pol=-0.0006 val=0.0102 ent=1.1016 tot=+0.0005 agnorm=0.112 cgnorm=0.088 kl=0.0009 clipf=0.004 ev=+0.951 r0=1.0000 entcoef=3.64e-03 lr=2.1e-04 seed=3
iter= 442 step=1417600 ep_ret=-88.774 opt_ret=-88.774 step_rew=-0.8877 opt_step=-0.8877 gap0=88.774 dret=+587.338 eval_ret=n/a pursuer_target_distance=0.789 capture=0.183 score=0.102 pol=-0.0007 val=0.0109 ent=1.0915 tot=+0.0008 agnorm=0.135 cgnorm=0.082 kl=0.0014 clipf=0.009 ev=+0.941 r0=1.0000 entcoef=3.62e-03 lr=2.1e-04 seed=3
iter= 443 step=1420800 ep_ret=-42.484 opt_ret=-42.484 step_rew=-0.4248 opt_step=-0.4248 gap0=42.484 dret=+633.628 eval_ret=n/a pursuer_target_distance=0.791 capture=0.228 score=0.128 pol=-0.0010 val=0.0091 ent=1.0742 tot=-0.0004 agnorm=0.229 cgnorm=0.062 kl=0.0021 clipf=0.013 ev=+0.960 r0=1.0000 entcoef=3.61e-03 lr=2.1e-04 seed=3
iter= 444 step=1424000 ep_ret=+44.850 opt_ret=+44.850 step_rew=0.4485 opt_step=0.4485 gap0=0.000 dret=+720.962 eval_ret=n/a pursuer_target_distance=0.940 capture=0.275 score=0.142 pol=-0.0012 val=0.0116 ent=1.0792 tot=+0.0007 agnorm=0.261 cgnorm=0.104 kl=0.0017 clipf=0.012 ev=+0.942 r0=1.0000 entcoef=3.60e-03 lr=2.1e-04 seed=3
iter= 445 step=1427200 ep_ret=-57.637 opt_ret=-57.637 step_rew=-0.5764 opt_step=-0.5764 gap0=57.637 dret=+618.475 eval_ret=n/a pursuer_target_distance=0.958 capture=0.232 score=0.118 pol=-0.0008 val=0.0108 ent=1.0423 tot=+0.0009 agnorm=0.201 cgnorm=0.081 kl=0.0018 clipf=0.014 ev=+0.944 r0=1.0000 entcoef=3.58e-03 lr=2.1e-04 seed=3
iter= 446 step=1430400 ep_ret=-114.495 opt_ret=-114.495 step_rew=-1.1449 opt_step=-1.1449 gap0=114.495 dret=+561.617 eval_ret=n/a pursuer_target_distance=0.946 capture=0.204 score=0.105 pol=-0.0008 val=0.0117 ent=1.0477 tot=+0.0014 agnorm=0.189 cgnorm=0.079 kl=0.0017 clipf=0.014 ev=+0.951 r0=1.0000 entcoef=3.57e-03 lr=2.1e-04 seed=3
iter= 447 step=1433600 ep_ret=+30.938 opt_ret=+30.938 step_rew=0.3094 opt_step=0.3094 gap0=0.000 dret=+707.051 eval_ret=n/a pursuer_target_distance=0.876 capture=0.281 score=0.150 pol=-0.0006 val=0.0117 ent=1.0306 tot=+0.0016 agnorm=0.114 cgnorm=0.088 kl=0.0015 clipf=0.009 ev=+0.953 r0=1.0000 entcoef=3.55e-03 lr=2.1e-04 seed=3
iter= 448 step=1436800 ep_ret=-67.650 opt_ret=-67.650 step_rew=-0.6765 opt_step=-0.6765 gap0=67.650 dret=+608.462 eval_ret=n/a pursuer_target_distance=1.014 capture=0.224 score=0.111 pol=-0.0007 val=0.0114 ent=1.0425 tot=+0.0013 agnorm=0.156 cgnorm=0.073 kl=0.0017 clipf=0.010 ev=+0.955 r0=1.0000 entcoef=3.54e-03 lr=2.0e-04 seed=3
iter= 449 step=1440000 ep_ret=-106.656 opt_ret=-106.656 step_rew=-1.0666 opt_step=-1.0666 gap0=106.656 dret=+569.457 eval_ret=n/a pursuer_target_distance=0.853 capture=0.187 score=0.101 pol=-0.0011 val=0.0073 ent=1.0528 tot=-0.0011 agnorm=0.181 cgnorm=0.056 kl=0.0016 clipf=0.011 ev=+0.966 r0=1.0000 entcoef=3.52e-03 lr=2.0e-04 seed=3
iter= 450 step=1443200 ep_ret=+50.053 opt_ret=+50.053 step_rew=0.5005 opt_step=0.5005 gap0=0.000 dret=+726.165 eval_ret=n/a pursuer_target_distance=0.726 capture=0.273 score=0.158 pol=-0.0010 val=0.0085 ent=1.0243 tot=-0.0003 agnorm=0.161 cgnorm=0.068 kl=0.0019 clipf=0.012 ev=+0.962 r0=1.0000 entcoef=3.51e-03 lr=2.0e-04 seed=3
iter= 451 step=1446400 ep_ret=-154.023 opt_ret=-154.023 step_rew=-1.5402 opt_step=-1.5402 gap0=154.023 dret=+522.089 eval_ret=n/a pursuer_target_distance=1.076 capture=0.174 score=0.084 pol=-0.0009 val=0.0108 ent=1.0222 tot=+0.0009 agnorm=0.211 cgnorm=0.067 kl=0.0018 clipf=0.012 ev=+0.965 r0=1.0000 entcoef=3.50e-03 lr=2.0e-04 seed=3
iter= 452 step=1449600 ep_ret=-36.268 opt_ret=-36.268 step_rew=-0.3627 opt_step=-0.3627 gap0=36.268 dret=+639.844 eval_ret=n/a pursuer_target_distance=0.998 capture=0.236 score=0.118 pol=-0.0008 val=0.0109 ent=1.0325 tot=+0.0011 agnorm=0.274 cgnorm=0.082 kl=0.0019 clipf=0.013 ev=+0.950 r0=1.0000 entcoef=3.48e-03 lr=2.0e-04 seed=3
iter= 453 step=1452800 ep_ret=-105.258 opt_ret=-105.258 step_rew=-1.0526 opt_step=-1.0526 gap0=105.258 dret=+570.854 eval_ret=n/a pursuer_target_distance=1.220 capture=0.196 score=0.088 pol=-0.0003 val=0.0100 ent=1.0768 tot=+0.0009 agnorm=0.162 cgnorm=0.064 kl=0.0014 clipf=0.008 ev=+0.962 r0=1.0000 entcoef=3.47e-03 lr=2.0e-04 seed=3
iter= 454 step=1456000 ep_ret=-201.482 opt_ret=-201.482 step_rew=-2.0148 opt_step=-2.0148 gap0=201.482 dret=+474.630 eval_ret=n/a pursuer_target_distance=1.215 capture=0.142 score=0.064 pol=-0.0006 val=0.0109 ent=1.0627 tot=+0.0012 agnorm=0.149 cgnorm=0.102 kl=0.0012 clipf=0.007 ev=+0.951 r0=1.0000 entcoef=3.45e-03 lr=2.0e-04 seed=3
iter= 455 step=1459200 ep_ret=-10.020 opt_ret=-10.020 step_rew=-0.1002 opt_step=-0.1002 gap0=10.020 dret=+666.092 eval_ret=n/a pursuer_target_distance=1.005 capture=0.246 score=0.123 pol=-0.0012 val=0.0094 ent=1.0609 tot=-0.0001 agnorm=0.239 cgnorm=0.068 kl=0.0021 clipf=0.018 ev=+0.957 r0=1.0000 entcoef=3.44e-03 lr=2.0e-04 seed=3
iter= 456 step=1462400 ep_ret=-178.998 opt_ret=-178.998 step_rew=-1.7900 opt_step=-1.7900 gap0=178.998 dret=+497.114 eval_ret=n/a pursuer_target_distance=1.298 capture=0.176 score=0.076 pol=-0.0008 val=0.0086 ent=1.0315 tot=-0.0000 agnorm=0.231 cgnorm=0.056 kl=0.0019 clipf=0.015 ev=+0.971 r0=1.0000 entcoef=3.42e-03 lr=2.0e-04 seed=3
iter= 457 step=1465600 ep_ret=-13.345 opt_ret=-13.345 step_rew=-0.1335 opt_step=-0.1335 gap0=13.345 dret=+662.767 eval_ret=n/a pursuer_target_distance=0.861 capture=0.245 score=0.132 pol=-0.0011 val=0.0084 ent=0.9889 tot=-0.0003 agnorm=0.324 cgnorm=0.073 kl=0.0020 clipf=0.021 ev=+0.967 r0=1.0000 entcoef=3.41e-03 lr=1.9e-04 seed=3
iter= 458 step=1468800 ep_ret=-79.762 opt_ret=-79.762 step_rew=-0.7976 opt_step=-0.7976 gap0=79.762 dret=+596.350 eval_ret=n/a pursuer_target_distance=0.891 capture=0.220 score=0.116 pol=-0.0005 val=0.0104 ent=1.0333 tot=+0.0012 agnorm=0.310 cgnorm=0.083 kl=0.0014 clipf=0.008 ev=+0.950 r0=1.0000 entcoef=3.39e-03 lr=1.9e-04 seed=3
iter= 459 step=1472000 ep_ret=-188.175 opt_ret=-188.175 step_rew=-1.8817 opt_step=-1.8817 gap0=188.175 dret=+487.938 eval_ret=n/a pursuer_target_distance=1.442 capture=0.165 score=0.068 pol=-0.0006 val=0.0118 ent=1.0296 tot=+0.0018 agnorm=0.175 cgnorm=0.096 kl=0.0013 clipf=0.010 ev=+0.955 r0=1.0000 entcoef=3.38e-03 lr=1.9e-04 seed=3
iter= 460 step=1475200 ep_ret=-48.519 opt_ret=-48.519 step_rew=-0.4852 opt_step=-0.4852 gap0=48.519 dret=+627.593 eval_ret=+223.168 pursuer_target_distance=1.108 capture=0.243 score=0.115 pol=-0.0007 val=0.0113 ent=1.0291 tot=+0.0014 agnorm=0.199 cgnorm=0.065 kl=0.0015 clipf=0.012 ev=+0.956 r0=1.0000 entcoef=3.37e-03 lr=1.9e-04 seed=3
iter= 461 step=1478400 ep_ret=+34.308 opt_ret=+34.308 step_rew=0.3431 opt_step=0.3431 gap0=0.000 dret=+710.420 eval_ret=n/a pursuer_target_distance=1.174 capture=0.311 score=0.143 pol=-0.0005 val=0.0113 ent=1.0292 tot=+0.0017 agnorm=0.156 cgnorm=0.086 kl=0.0013 clipf=0.007 ev=+0.960 r0=1.0000 entcoef=3.35e-03 lr=1.9e-04 seed=3
iter= 462 step=1481600 ep_ret=-156.037 opt_ret=-156.037 step_rew=-1.5604 opt_step=-1.5604 gap0=156.037 dret=+520.075 eval_ret=n/a pursuer_target_distance=1.373 capture=0.175 score=0.074 pol=-0.0008 val=0.0099 ent=1.0478 tot=+0.0007 agnorm=0.241 cgnorm=0.066 kl=0.0015 clipf=0.009 ev=+0.953 r0=1.0000 entcoef=3.34e-03 lr=1.9e-04 seed=3
iter= 463 step=1484800 ep_ret=-114.632 opt_ret=-114.632 step_rew=-1.1463 opt_step=-1.1463 gap0=114.632 dret=+561.480 eval_ret=n/a pursuer_target_distance=1.067 capture=0.193 score=0.094 pol=-0.0007 val=0.0083 ent=1.0653 tot=-0.0000 agnorm=0.144 cgnorm=0.072 kl=0.0013 clipf=0.006 ev=+0.964 r0=1.0000 entcoef=3.32e-03 lr=1.9e-04 seed=3
iter= 464 step=1488000 ep_ret=-56.007 opt_ret=-56.007 step_rew=-0.5601 opt_step=-0.5601 gap0=56.007 dret=+620.105 eval_ret=n/a pursuer_target_distance=0.714 capture=0.209 score=0.122 pol=-0.0008 val=0.0077 ent=1.0477 tot=-0.0004 agnorm=0.218 cgnorm=0.075 kl=0.0016 clipf=0.013 ev=+0.970 r0=1.0000 entcoef=3.31e-03 lr=1.9e-04 seed=3
iter= 465 step=1491200 ep_ret=-70.826 opt_ret=-70.826 step_rew=-0.7083 opt_step=-0.7083 gap0=70.826 dret=+605.286 eval_ret=n/a pursuer_target_distance=1.302 capture=0.242 score=0.105 pol=-0.0007 val=0.0094 ent=1.0351 tot=+0.0006 agnorm=0.228 cgnorm=0.074 kl=0.0016 clipf=0.012 ev=+0.963 r0=1.0000 entcoef=3.29e-03 lr=1.9e-04 seed=3
iter= 466 step=1494400 ep_ret=+12.663 opt_ret=+12.663 step_rew=0.1266 opt_step=0.1266 gap0=0.000 dret=+688.775 eval_ret=n/a pursuer_target_distance=0.894 capture=0.261 score=0.138 pol=-0.0008 val=0.0085 ent=1.0464 tot=-0.0000 agnorm=0.249 cgnorm=0.060 kl=0.0020 clipf=0.016 ev=+0.968 r0=1.0000 entcoef=3.28e-03 lr=1.8e-04 seed=3
iter= 467 step=1497600 ep_ret=-99.018 opt_ret=-99.018 step_rew=-0.9902 opt_step=-0.9902 gap0=99.018 dret=+577.094 eval_ret=n/a pursuer_target_distance=1.258 capture=0.230 score=0.102 pol=-0.0006 val=0.0103 ent=1.0696 tot=+0.0010 agnorm=0.151 cgnorm=0.071 kl=0.0017 clipf=0.012 ev=+0.956 r0=1.0000 entcoef=3.26e-03 lr=1.8e-04 seed=3
iter= 468 step=1500800 ep_ret=+20.379 opt_ret=+20.379 step_rew=0.2038 opt_step=0.2038 gap0=0.000 dret=+696.491 eval_ret=n/a pursuer_target_distance=0.811 capture=0.253 score=0.140 pol=-0.0005 val=0.0089 ent=1.0624 tot=+0.0005 agnorm=0.182 cgnorm=0.061 kl=0.0012 clipf=0.006 ev=+0.944 r0=1.0000 entcoef=3.25e-03 lr=1.8e-04 seed=3
iter= 469 step=1504000 ep_ret=-127.194 opt_ret=-127.194 step_rew=-1.2719 opt_step=-1.2719 gap0=127.194 dret=+548.918 eval_ret=n/a pursuer_target_distance=1.101 capture=0.207 score=0.099 pol=-0.0012 val=0.0092 ent=1.0661 tot=-0.0000 agnorm=0.367 cgnorm=0.060 kl=0.0023 clipf=0.021 ev=+0.961 r0=1.0000 entcoef=3.24e-03 lr=1.8e-04 seed=3
iter= 470 step=1507200 ep_ret=-28.954 opt_ret=-28.954 step_rew=-0.2895 opt_step=-0.2895 gap0=28.954 dret=+647.158 eval_ret=n/a pursuer_target_distance=0.613 capture=0.220 score=0.136 pol=-0.0009 val=0.0086 ent=1.0772 tot=-0.0001 agnorm=0.273 cgnorm=0.077 kl=0.0019 clipf=0.015 ev=+0.953 r0=1.0000 entcoef=3.22e-03 lr=1.8e-04 seed=3
iter= 471 step=1510400 ep_ret=-122.915 opt_ret=-122.915 step_rew=-1.2291 opt_step=-1.2291 gap0=122.915 dret=+553.197 eval_ret=n/a pursuer_target_distance=0.898 capture=0.188 score=0.099 pol=-0.0007 val=0.0091 ent=1.0675 tot=+0.0004 agnorm=0.090 cgnorm=0.083 kl=0.0014 clipf=0.008 ev=+0.953 r0=1.0000 entcoef=3.21e-03 lr=1.8e-04 seed=3
iter= 472 step=1513600 ep_ret=-95.569 opt_ret=-95.569 step_rew=-0.9557 opt_step=-0.9557 gap0=95.569 dret=+580.543 eval_ret=n/a pursuer_target_distance=0.849 capture=0.189 score=0.102 pol=-0.0009 val=0.0091 ent=1.0693 tot=+0.0002 agnorm=0.273 cgnorm=0.105 kl=0.0016 clipf=0.013 ev=+0.950 r0=1.0000 entcoef=3.19e-03 lr=1.8e-04 seed=3
iter= 473 step=1516800 ep_ret=-122.950 opt_ret=-122.950 step_rew=-1.2295 opt_step=-1.2295 gap0=122.950 dret=+553.163 eval_ret=n/a pursuer_target_distance=1.181 capture=0.194 score=0.089 pol=-0.0009 val=0.0110 ent=1.0562 tot=+0.0013 agnorm=0.410 cgnorm=0.106 kl=0.0021 clipf=0.017 ev=+0.954 r0=1.0000 entcoef=3.18e-03 lr=1.8e-04 seed=3
iter= 474 step=1520000 ep_ret=+53.591 opt_ret=+53.591 step_rew=0.5359 opt_step=0.5359 gap0=0.000 dret=+729.704 eval_ret=n/a pursuer_target_distance=0.801 capture=0.280 score=0.155 pol=-0.0004 val=0.0083 ent=1.0686 tot=+0.0003 agnorm=0.202 cgnorm=0.065 kl=0.0012 clipf=0.007 ev=+0.967 r0=1.0000 entcoef=3.16e-03 lr=1.8e-04 seed=3
iter= 475 step=1523200 ep_ret=-84.591 opt_ret=-84.591 step_rew=-0.8459 opt_step=-0.8459 gap0=84.591 dret=+591.521 eval_ret=n/a pursuer_target_distance=0.802 capture=0.188 score=0.104 pol=-0.0008 val=0.0073 ent=1.0811 tot=-0.0006 agnorm=0.246 cgnorm=0.056 kl=0.0015 clipf=0.014 ev=+0.960 r0=1.0000 entcoef=3.15e-03 lr=1.7e-04 seed=3
iter= 476 step=1526400 ep_ret=-130.143 opt_ret=-130.143 step_rew=-1.3014 opt_step=-1.3014 gap0=130.143 dret=+545.969 eval_ret=n/a pursuer_target_distance=1.044 capture=0.203 score=0.099 pol=-0.0012 val=0.0100 ent=1.0557 tot=+0.0005 agnorm=0.439 cgnorm=0.086 kl=0.0027 clipf=0.028 ev=+0.967 r0=1.0000 entcoef=3.13e-03 lr=1.7e-04 seed=3
iter= 477 step=1529600 ep_ret=+63.256 opt_ret=+63.256 step_rew=0.6326 opt_step=0.6326 gap0=0.000 dret=+739.369 eval_ret=n/a pursuer_target_distance=0.797 capture=0.292 score=0.162 pol=-0.0006 val=0.0087 ent=1.0564 tot=+0.0004 agnorm=0.221 cgnorm=0.075 kl=0.0018 clipf=0.013 ev=+0.958 r0=1.0000 entcoef=3.12e-03 lr=1.7e-04 seed=3
iter= 478 step=1532800 ep_ret=-145.562 opt_ret=-145.562 step_rew=-1.4556 opt_step=-1.4556 gap0=145.562 dret=+530.550 eval_ret=n/a pursuer_target_distance=0.913 capture=0.161 score=0.084 pol=-0.0009 val=0.0089 ent=1.0478 tot=+0.0003 agnorm=0.220 cgnorm=0.080 kl=0.0015 clipf=0.015 ev=+0.960 r0=1.0000 entcoef=3.11e-03 lr=1.7e-04 seed=3
iter= 479 step=1536000 ep_ret=-121.238 opt_ret=-121.238 step_rew=-1.2124 opt_step=-1.2124 gap0=121.238 dret=+554.874 eval_ret=n/a pursuer_target_distance=1.094 capture=0.175 score=0.084 pol=-0.0006 val=0.0090 ent=1.0589 tot=+0.0007 agnorm=0.220 cgnorm=0.066 kl=0.0015 clipf=0.009 ev=+0.960 r0=1.0000 entcoef=3.09e-03 lr=1.7e-04 seed=3
iter= 480 step=1539200 ep_ret=-22.089 opt_ret=-22.089 step_rew=-0.2209 opt_step=-0.2209 gap0=22.089 dret=+654.023 eval_ret=+224.756 pursuer_target_distance=0.826 capture=0.253 score=0.138 pol=-0.0007 val=0.0097 ent=1.0421 tot=+0.0010 agnorm=0.184 cgnorm=0.086 kl=0.0014 clipf=0.009 ev=+0.963 r0=1.0000 entcoef=3.08e-03 lr=1.7e-04 seed=3
iter= 481 step=1542400 ep_ret=-87.293 opt_ret=-87.293 step_rew=-0.8729 opt_step=-0.8729 gap0=87.293 dret=+588.819 eval_ret=n/a pursuer_target_distance=1.137 capture=0.231 score=0.108 pol=-0.0005 val=0.0109 ent=1.0471 tot=+0.0018 agnorm=0.173 cgnorm=0.081 kl=0.0010 clipf=0.006 ev=+0.959 r0=1.0000 entcoef=3.06e-03 lr=1.7e-04 seed=3
iter= 482 step=1545600 ep_ret=-9.806 opt_ret=-9.806 step_rew=-0.0981 opt_step=-0.0981 gap0=9.806 dret=+666.306 eval_ret=n/a pursuer_target_distance=0.782 capture=0.265 score=0.149 pol=-0.0006 val=0.0095 ent=1.0533 tot=+0.0009 agnorm=0.227 cgnorm=0.093 kl=0.0013 clipf=0.008 ev=+0.958 r0=1.0000 entcoef=3.05e-03 lr=1.7e-04 seed=3
iter= 483 step=1548800 ep_ret=-166.361 opt_ret=-166.361 step_rew=-1.6636 opt_step=-1.6636 gap0=166.361 dret=+509.751 eval_ret=n/a pursuer_target_distance=1.249 capture=0.177 score=0.079 pol=-0.0006 val=0.0096 ent=1.0759 tot=+0.0009 agnorm=0.163 cgnorm=0.089 kl=0.0014 clipf=0.009 ev=+0.963 r0=1.0000 entcoef=3.03e-03 lr=1.7e-04 seed=3
iter= 484 step=1552000 ep_ret=-131.242 opt_ret=-131.242 step_rew=-1.3124 opt_step=-1.3124 gap0=131.242 dret=+544.870 eval_ret=n/a pursuer_target_distance=0.886 capture=0.212 score=0.113 pol=-0.0005 val=0.0091 ent=1.0810 tot=+0.0008 agnorm=0.199 cgnorm=0.068 kl=0.0010 clipf=0.006 ev=+0.965 r0=1.0000 entcoef=3.02e-03 lr=1.6e-04 seed=3
iter= 485 step=1555200 ep_ret=-85.531 opt_ret=-85.531 step_rew=-0.8553 opt_step=-0.8553 gap0=85.531 dret=+590.581 eval_ret=n/a pursuer_target_distance=0.987 capture=0.210 score=0.106 pol=-0.0006 val=0.0085 ent=1.0581 tot=+0.0005 agnorm=0.096 cgnorm=0.074 kl=0.0009 clipf=0.006 ev=+0.963 r0=1.0000 entcoef=3.00e-03 lr=1.6e-04 seed=3
iter= 486 step=1558400 ep_ret=+7.695 opt_ret=+7.695 step_rew=0.0770 opt_step=0.0770 gap0=0.000 dret=+683.807 eval_ret=n/a pursuer_target_distance=0.942 capture=0.281 score=0.144 pol=-0.0008 val=0.0098 ent=1.0804 tot=+0.0009 agnorm=0.262 cgnorm=0.079 kl=0.0019 clipf=0.016 ev=+0.955 r0=1.0000 entcoef=2.99e-03 lr=1.6e-04 seed=3
iter= 487 step=1561600 ep_ret=-42.968 opt_ret=-42.968 step_rew=-0.4297 opt_step=-0.4297 gap0=42.968 dret=+633.144 eval_ret=n/a pursuer_target_distance=0.885 capture=0.247 score=0.131 pol=-0.0007 val=0.0107 ent=1.0675 tot=+0.0014 agnorm=0.156 cgnorm=0.074 kl=0.0016 clipf=0.011 ev=+0.952 r0=1.0000 entcoef=2.98e-03 lr=1.6e-04 seed=3
iter= 488 step=1564800 ep_ret=-90.341 opt_ret=-90.341 step_rew=-0.9034 opt_step=-0.9034 gap0=90.341 dret=+585.771 eval_ret=n/a pursuer_target_distance=0.982 capture=0.211 score=0.106 pol=-0.0008 val=0.0087 ent=1.0600 tot=+0.0004 agnorm=0.236 cgnorm=0.070 kl=0.0016 clipf=0.009 ev=+0.964 r0=1.0000 entcoef=2.96e-03 lr=1.6e-04 seed=3
iter= 489 step=1568000 ep_ret=-217.747 opt_ret=-217.747 step_rew=-2.1775 opt_step=-2.1775 gap0=217.747 dret=+458.365 eval_ret=n/a pursuer_target_distance=1.253 capture=0.169 score=0.075 pol=-0.0008 val=0.0105 ent=1.0680 tot=+0.0014 agnorm=0.372 cgnorm=0.087 kl=0.0015 clipf=0.011 ev=+0.967 r0=1.0000 entcoef=2.95e-03 lr=1.6e-04 seed=3
iter= 490 step=1571200 ep_ret=-218.662 opt_ret=-218.662 step_rew=-2.1866 opt_step=-2.1866 gap0=218.662 dret=+457.450 eval_ret=n/a pursuer_target_distance=1.412 capture=0.183 score=0.076 pol=-0.0005 val=0.0113 ent=1.0587 tot=+0.0020 agnorm=0.263 cgnorm=0.072 kl=0.0011 clipf=0.006 ev=+0.959 r0=1.0000 entcoef=2.93e-03 lr=1.6e-04 seed=3
iter= 491 step=1574400 ep_ret=-238.313 opt_ret=-238.313 step_rew=-2.3831 opt_step=-2.3831 gap0=238.313 dret=+437.800 eval_ret=n/a pursuer_target_distance=1.440 capture=0.162 score=0.066 pol=-0.0005 val=0.0103 ent=1.0341 tot=+0.0016 agnorm=0.181 cgnorm=0.069 kl=0.0017 clipf=0.008 ev=+0.963 r0=1.0000 entcoef=2.92e-03 lr=1.6e-04 seed=3
iter= 492 step=1577600 ep_ret=-113.826 opt_ret=-113.826 step_rew=-1.1383 opt_step=-1.1383 gap0=113.826 dret=+562.286 eval_ret=n/a pursuer_target_distance=1.192 capture=0.204 score=0.093 pol=-0.0009 val=0.0100 ent=1.0510 tot=+0.0010 agnorm=0.232 cgnorm=0.081 kl=0.0015 clipf=0.012 ev=+0.958 r0=1.0000 entcoef=2.90e-03 lr=1.6e-04 seed=3
iter= 493 step=1580800 ep_ret=-125.272 opt_ret=-125.272 step_rew=-1.2527 opt_step=-1.2527 gap0=125.272 dret=+550.840 eval_ret=n/a pursuer_target_distance=1.043 capture=0.203 score=0.100 pol=-0.0011 val=0.0106 ent=1.0297 tot=+0.0013 agnorm=0.236 cgnorm=0.085 kl=0.0021 clipf=0.020 ev=+0.948 r0=1.0000 entcoef=2.89e-03 lr=1.5e-04 seed=3
iter= 494 step=1584000 ep_ret=-92.312 opt_ret=-92.312 step_rew=-0.9231 opt_step=-0.9231 gap0=92.312 dret=+583.800 eval_ret=n/a pursuer_target_distance=0.984 capture=0.195 score=0.098 pol=-0.0007 val=0.0083 ent=1.0329 tot=+0.0005 agnorm=0.156 cgnorm=0.073 kl=0.0014 clipf=0.008 ev=+0.958 r0=1.0000 entcoef=2.87e-03 lr=1.5e-04 seed=3
iter= 495 step=1587200 ep_ret=-31.746 opt_ret=-31.746 step_rew=-0.3175 opt_step=-0.3175 gap0=31.746 dret=+644.366 eval_ret=n/a pursuer_target_distance=0.864 capture=0.250 score=0.134 pol=-0.0007 val=0.0079 ent=1.0205 tot=+0.0003 agnorm=0.190 cgnorm=0.080 kl=0.0014 clipf=0.011 ev=+0.966 r0=1.0000 entcoef=2.86e-03 lr=1.5e-04 seed=3
iter= 496 step=1590400 ep_ret=-140.093 opt_ret=-140.093 step_rew=-1.4009 opt_step=-1.4009 gap0=140.093 dret=+536.019 eval_ret=n/a pursuer_target_distance=1.066 capture=0.194 score=0.094 pol=-0.0012 val=0.0104 ent=1.0240 tot=+0.0011 agnorm=0.209 cgnorm=0.062 kl=0.0021 clipf=0.020 ev=+0.953 r0=1.0000 entcoef=2.85e-03 lr=1.5e-04 seed=3
iter= 497 step=1593600 ep_ret=-35.278 opt_ret=-35.278 step_rew=-0.3528 opt_step=-0.3528 gap0=35.278 dret=+640.834 eval_ret=n/a pursuer_target_distance=1.319 capture=0.272 score=0.117 pol=-0.0004 val=0.0097 ent=1.0402 tot=+0.0015 agnorm=0.271 cgnorm=0.059 kl=0.0010 clipf=0.007 ev=+0.966 r0=1.0000 entcoef=2.83e-03 lr=1.5e-04 seed=3
iter= 498 step=1596800 ep_ret=-91.343 opt_ret=-91.343 step_rew=-0.9134 opt_step=-0.9134 gap0=91.343 dret=+584.769 eval_ret=n/a pursuer_target_distance=0.956 capture=0.189 score=0.096 pol=-0.0010 val=0.0097 ent=1.0059 tot=+0.0010 agnorm=0.389 cgnorm=0.074 kl=0.0019 clipf=0.019 ev=+0.956 r0=1.0000 entcoef=2.82e-03 lr=1.5e-04 seed=3
iter= 499 step=1600000 ep_ret=+26.122 opt_ret=+26.122 step_rew=0.2612 opt_step=0.2612 gap0=0.000 dret=+702.234 eval_ret=n/a pursuer_target_distance=0.854 capture=0.297 score=0.161 pol=-0.0005 val=0.0098 ent=1.0472 tot=+0.0014 agnorm=0.260 cgnorm=0.070 kl=0.0012 clipf=0.008 ev=+0.953 r0=1.0000 entcoef=2.80e-03 lr=1.5e-04 seed=3
iter= 500 step=1603200 ep_ret=-11.564 opt_ret=-11.564 step_rew=-0.1156 opt_step=-0.1156 gap0=11.564 dret=+664.548 eval_ret=+229.015 pursuer_target_distance=0.978 capture=0.258 score=0.130 pol=-0.0004 val=0.0101 ent=1.0130 tot=+0.0018 agnorm=0.189 cgnorm=0.077 kl=0.0007 clipf=0.004 ev=+0.956 r0=1.0000 entcoef=2.79e-03 lr=1.5e-04 seed=3
iter= 501 step=1606400 ep_ret=-6.733 opt_ret=-6.733 step_rew=-0.0673 opt_step=-0.0673 gap0=6.733 dret=+669.379 eval_ret=n/a pursuer_target_distance=0.906 capture=0.262 score=0.137 pol=-0.0008 val=0.0083 ent=1.0139 tot=+0.0006 agnorm=0.268 cgnorm=0.065 kl=0.0014 clipf=0.009 ev=+0.951 r0=1.0000 entcoef=2.77e-03 lr=1.5e-04 seed=3
iter= 502 step=1609600 ep_ret=-110.980 opt_ret=-110.980 step_rew=-1.1098 opt_step=-1.1098 gap0=110.980 dret=+565.133 eval_ret=n/a pursuer_target_distance=1.306 capture=0.221 score=0.096 pol=-0.0005 val=0.0116 ent=1.0391 tot=+0.0024 agnorm=0.254 cgnorm=0.100 kl=0.0013 clipf=0.007 ev=+0.953 r0=1.0000 entcoef=2.76e-03 lr=1.4e-04 seed=3
iter= 503 step=1612800 ep_ret=-67.229 opt_ret=-67.229 step_rew=-0.6723 opt_step=-0.6723 gap0=67.229 dret=+608.883 eval_ret=n/a pursuer_target_distance=1.021 capture=0.238 score=0.118 pol=-0.0006 val=0.0084 ent=1.0110 tot=+0.0009 agnorm=0.275 cgnorm=0.067 kl=0.0016 clipf=0.011 ev=+0.963 r0=1.0000 entcoef=2.75e-03 lr=1.4e-04 seed=3
iter= 504 step=1616000 ep_ret=-90.173 opt_ret=-90.173 step_rew=-0.9017 opt_step=-0.9017 gap0=90.173 dret=+585.939 eval_ret=n/a pursuer_target_distance=1.173 capture=0.235 score=0.108 pol=-0.0006 val=0.0108 ent=1.0138 tot=+0.0021 agnorm=0.233 cgnorm=0.089 kl=0.0009 clipf=0.005 ev=+0.954 r0=1.0000 entcoef=2.73e-03 lr=1.4e-04 seed=3
iter= 505 step=1619200 ep_ret=-42.990 opt_ret=-42.990 step_rew=-0.4299 opt_step=-0.4299 gap0=42.990 dret=+633.122 eval_ret=n/a pursuer_target_distance=0.939 capture=0.223 score=0.115 pol=-0.0013 val=0.0083 ent=1.0477 tot=+0.0000 agnorm=0.376 cgnorm=0.108 kl=0.0022 clipf=0.019 ev=+0.952 r0=1.0000 entcoef=2.72e-03 lr=1.4e-04 seed=3
iter= 506 step=1622400 ep_ret=-80.393 opt_ret=-80.393 step_rew=-0.8039 opt_step=-0.8039 gap0=80.393 dret=+595.719 eval_ret=n/a pursuer_target_distance=0.998 capture=0.223 score=0.112 pol=-0.0007 val=0.0090 ent=1.0466 tot=+0.0010 agnorm=0.294 cgnorm=0.077 kl=0.0016 clipf=0.010 ev=+0.960 r0=1.0000 entcoef=2.70e-03 lr=1.4e-04 seed=3
iter= 507 step=1625600 ep_ret=+29.416 opt_ret=+29.416 step_rew=0.2942 opt_step=0.2942 gap0=0.000 dret=+705.528 eval_ret=n/a pursuer_target_distance=1.212 capture=0.298 score=0.135 pol=-0.0008 val=0.0107 ent=1.0162 tot=+0.0019 agnorm=0.267 cgnorm=0.073 kl=0.0018 clipf=0.014 ev=+0.955 r0=1.0000 entcoef=2.69e-03 lr=1.4e-04 seed=3
iter= 508 step=1628800 ep_ret=-81.492 opt_ret=-81.492 step_rew=-0.8149 opt_step=-0.8149 gap0=81.492 dret=+594.620 eval_ret=n/a pursuer_target_distance=0.817 capture=0.212 score=0.116 pol=-0.0006 val=0.0079 ent=1.0323 tot=+0.0006 agnorm=0.201 cgnorm=0.060 kl=0.0013 clipf=0.007 ev=+0.953 r0=1.0000 entcoef=2.67e-03 lr=1.4e-04 seed=3
iter= 509 step=1632000 ep_ret=-105.812 opt_ret=-105.812 step_rew=-1.0581 opt_step=-1.0581 gap0=105.812 dret=+570.300 eval_ret=n/a pursuer_target_distance=0.910 capture=0.223 score=0.117 pol=-0.0005 val=0.0086 ent=1.0272 tot=+0.0010 agnorm=0.147 cgnorm=0.059 kl=0.0012 clipf=0.007 ev=+0.960 r0=1.0000 entcoef=2.66e-03 lr=1.4e-04 seed=3
iter= 510 step=1635200 ep_ret=-160.207 opt_ret=-160.207 step_rew=-1.6021 opt_step=-1.6021 gap0=160.207 dret=+515.905 eval_ret=n/a pursuer_target_distance=1.397 capture=0.197 score=0.082 pol=-0.0005 val=0.0119 ent=1.0277 tot=+0.0027 agnorm=0.318 cgnorm=0.089 kl=0.0019 clipf=0.015 ev=+0.953 r0=1.0000 entcoef=2.64e-03 lr=1.4e-04 seed=3
iter= 511 step=1638400 ep_ret=-1.451 opt_ret=-1.451 step_rew=-0.0145 opt_step=-0.0145 gap0=1.451 dret=+674.661 eval_ret=n/a pursuer_target_distance=0.843 capture=0.258 score=0.140 pol=-0.0006 val=0.0094 ent=1.0110 tot=+0.0015 agnorm=0.225 cgnorm=0.084 kl=0.0012 clipf=0.009 ev=+0.946 r0=1.0000 entcoef=2.63e-03 lr=1.3e-04 seed=3
iter= 512 step=1641600 ep_ret=-56.986 opt_ret=-56.986 step_rew=-0.5699 opt_step=-0.5699 gap0=56.986 dret=+619.126 eval_ret=n/a pursuer_target_distance=0.988 capture=0.228 score=0.115 pol=-0.0006 val=0.0084 ent=1.0359 tot=+0.0009 agnorm=0.244 cgnorm=0.072 kl=0.0013 clipf=0.008 ev=+0.963 r0=1.0000 entcoef=2.62e-03 lr=1.3e-04 seed=3
iter= 513 step=1644800 ep_ret=-59.642 opt_ret=-59.642 step_rew=-0.5964 opt_step=-0.5964 gap0=59.642 dret=+616.470 eval_ret=n/a pursuer_target_distance=1.117 capture=0.254 score=0.120 pol=-0.0004 val=0.0119 ent=1.0169 tot=+0.0029 agnorm=0.229 cgnorm=0.074 kl=0.0009 clipf=0.004 ev=+0.952 r0=1.0000 entcoef=2.60e-03 lr=1.3e-04 seed=3
iter= 514 step=1648000 ep_ret=-89.120 opt_ret=-89.120 step_rew=-0.8912 opt_step=-0.8912 gap0=89.120 dret=+586.992 eval_ret=n/a pursuer_target_distance=1.099 capture=0.234 score=0.112 pol=-0.0008 val=0.0102 ent=1.0155 tot=+0.0017 agnorm=0.368 cgnorm=0.076 kl=0.0016 clipf=0.012 ev=+0.962 r0=1.0000 entcoef=2.59e-03 lr=1.3e-04 seed=3
iter= 515 step=1651200 ep_ret=-53.943 opt_ret=-53.943 step_rew=-0.5394 opt_step=-0.5394 gap0=53.943 dret=+622.169 eval_ret=n/a pursuer_target_distance=1.107 capture=0.247 score=0.117 pol=-0.0006 val=0.0102 ent=1.0143 tot=+0.0019 agnorm=0.256 cgnorm=0.080 kl=0.0011 clipf=0.010 ev=+0.950 r0=1.0000 entcoef=2.57e-03 lr=1.3e-04 seed=3
iter= 516 step=1654400 ep_ret=-32.790 opt_ret=-32.790 step_rew=-0.3279 opt_step=-0.3279 gap0=32.790 dret=+643.322 eval_ret=n/a pursuer_target_distance=1.071 capture=0.256 score=0.124 pol=-0.0008 val=0.0079 ent=0.9987 tot=+0.0006 agnorm=0.240 cgnorm=0.069 kl=0.0016 clipf=0.010 ev=+0.965 r0=1.0000 entcoef=2.56e-03 lr=1.3e-04 seed=3
iter= 517 step=1657600 ep_ret=-40.285 opt_ret=-40.285 step_rew=-0.4029 opt_step=-0.4029 gap0=40.285 dret=+635.827 eval_ret=n/a pursuer_target_distance=0.929 capture=0.256 score=0.132 pol=-0.0006 val=0.0103 ent=1.0203 tot=+0.0019 agnorm=0.298 cgnorm=0.071 kl=0.0014 clipf=0.010 ev=+0.962 r0=1.0000 entcoef=2.54e-03 lr=1.3e-04 seed=3
iter= 518 step=1660800 ep_ret=+36.860 opt_ret=+36.860 step_rew=0.3686 opt_step=0.3686 gap0=0.000 dret=+712.972 eval_ret=n/a pursuer_target_distance=0.834 capture=0.283 score=0.154 pol=-0.0006 val=0.0092 ent=1.0101 tot=+0.0015 agnorm=0.284 cgnorm=0.080 kl=0.0011 clipf=0.008 ev=+0.943 r0=1.0000 entcoef=2.53e-03 lr=1.3e-04 seed=3
iter= 519 step=1664000 ep_ret=+22.603 opt_ret=+22.603 step_rew=0.2260 opt_step=0.2260 gap0=0.000 dret=+698.715 eval_ret=n/a pursuer_target_distance=0.836 capture=0.268 score=0.146 pol=-0.0008 val=0.0070 ent=1.0061 tot=+0.0002 agnorm=0.303 cgnorm=0.061 kl=0.0020 clipf=0.016 ev=+0.968 r0=1.0000 entcoef=2.51e-03 lr=1.3e-04 seed=3
iter= 520 step=1667200 ep_ret=+29.597 opt_ret=+29.597 step_rew=0.2960 opt_step=0.2960 gap0=0.000 dret=+705.709 eval_ret=+223.028 pursuer_target_distance=0.729 capture=0.291 score=0.168 pol=-0.0004 val=0.0081 ent=1.0084 tot=+0.0011 agnorm=0.221 cgnorm=0.085 kl=0.0009 clipf=0.005 ev=+0.951 r0=1.0000 entcoef=2.50e-03 lr=1.3e-04 seed=3
iter= 521 step=1670400 ep_ret=-65.992 opt_ret=-65.992 step_rew=-0.6599 opt_step=-0.6599 gap0=65.992 dret=+610.120 eval_ret=n/a pursuer_target_distance=0.932 capture=0.229 score=0.119 pol=-0.0005 val=0.0106 ent=1.0217 tot=+0.0023 agnorm=0.188 cgnorm=0.089 kl=0.0011 clipf=0.003 ev=+0.945 r0=1.0000 entcoef=2.49e-03 lr=1.2e-04 seed=3
iter= 522 step=1673600 ep_ret=-99.099 opt_ret=-99.099 step_rew=-0.9910 opt_step=-0.9910 gap0=99.099 dret=+577.014 eval_ret=n/a pursuer_target_distance=0.853 capture=0.208 score=0.112 pol=-0.0006 val=0.0082 ent=1.0190 tot=+0.0009 agnorm=0.319 cgnorm=0.077 kl=0.0017 clipf=0.014 ev=+0.965 r0=1.0000 entcoef=2.47e-03 lr=1.2e-04 seed=3
iter= 523 step=1676800 ep_ret=-19.149 opt_ret=-19.149 step_rew=-0.1915 opt_step=-0.1915 gap0=19.149 dret=+656.963 eval_ret=n/a pursuer_target_distance=0.714 capture=0.261 score=0.152 pol=-0.0007 val=0.0082 ent=0.9894 tot=+0.0009 agnorm=0.279 cgnorm=0.072 kl=0.0015 clipf=0.010 ev=+0.962 r0=1.0000 entcoef=2.46e-03 lr=1.2e-04 seed=3
iter= 524 step=1680000 ep_ret=+41.476 opt_ret=+41.476 step_rew=0.4148 opt_step=0.4148 gap0=0.000 dret=+717.589 eval_ret=n/a pursuer_target_distance=0.860 capture=0.298 score=0.160 pol=-0.0007 val=0.0096 ent=1.0054 tot=+0.0016 agnorm=0.273 cgnorm=0.067 kl=0.0012 clipf=0.009 ev=+0.949 r0=1.0000 entcoef=2.44e-03 lr=1.2e-04 seed=3
iter= 525 step=1683200 ep_ret=-31.127 opt_ret=-31.127 step_rew=-0.3113 opt_step=-0.3113 gap0=31.127 dret=+644.986 eval_ret=n/a pursuer_target_distance=0.779 capture=0.249 score=0.140 pol=-0.0005 val=0.0076 ent=1.0194 tot=+0.0009 agnorm=0.176 cgnorm=0.068 kl=0.0012 clipf=0.009 ev=+0.965 r0=1.0000 entcoef=2.43e-03 lr=1.2e-04 seed=3
iter= 526 step=1686400 ep_ret=-204.414 opt_ret=-204.414 step_rew=-2.0441 opt_step=-2.0441 gap0=204.414 dret=+471.698 eval_ret=n/a pursuer_target_distance=1.507 capture=0.192 score=0.076 pol=-0.0008 val=0.0078 ent=1.0071 tot=+0.0007 agnorm=0.237 cgnorm=0.060 kl=0.0016 clipf=0.010 ev=+0.973 r0=1.0000 entcoef=2.41e-03 lr=1.2e-04 seed=3
iter= 527 step=1689600 ep_ret=+59.072 opt_ret=+59.072 step_rew=0.5907 opt_step=0.5907 gap0=0.000 dret=+735.184 eval_ret=n/a pursuer_target_distance=0.843 capture=0.331 score=0.179 pol=-0.0008 val=0.0083 ent=1.0113 tot=+0.0009 agnorm=0.177 cgnorm=0.076 kl=0.0012 clipf=0.009 ev=+0.964 r0=1.0000 entcoef=2.40e-03 lr=1.2e-04 seed=3
iter= 528 step=1692800 ep_ret=-43.182 opt_ret=-43.182 step_rew=-0.4318 opt_step=-0.4318 gap0=43.182 dret=+632.930 eval_ret=n/a pursuer_target_distance=0.998 capture=0.263 score=0.131 pol=-0.0005 val=0.0069 ent=1.0042 tot=+0.0006 agnorm=0.361 cgnorm=0.065 kl=0.0012 clipf=0.008 ev=+0.971 r0=1.0000 entcoef=2.38e-03 lr=1.2e-04 seed=3
iter= 529 step=1696000 ep_ret=-56.473 opt_ret=-56.473 step_rew=-0.5647 opt_step=-0.5647 gap0=56.473 dret=+619.639 eval_ret=n/a pursuer_target_distance=0.952 capture=0.270 score=0.138 pol=-0.0008 val=0.0093 ent=0.9969 tot=+0.0015 agnorm=0.435 cgnorm=0.074 kl=0.0015 clipf=0.012 ev=+0.970 r0=1.0000 entcoef=2.37e-03 lr=1.2e-04 seed=3
iter= 530 step=1699200 ep_ret=+45.136 opt_ret=+45.136 step_rew=0.4514 opt_step=0.4514 gap0=0.000 dret=+721.248 eval_ret=n/a pursuer_target_distance=0.732 capture=0.293 score=0.169 pol=-0.0004 val=0.0079 ent=1.0183 tot=+0.0011 agnorm=0.262 cgnorm=0.063 kl=0.0012 clipf=0.008 ev=+0.964 r0=1.0000 entcoef=2.36e-03 lr=1.1e-04 seed=3
iter= 531 step=1702400 ep_ret=-35.672 opt_ret=-35.672 step_rew=-0.3567 opt_step=-0.3567 gap0=35.672 dret=+640.440 eval_ret=n/a pursuer_target_distance=0.994 capture=0.268 score=0.134 pol=-0.0004 val=0.0096 ent=0.9879 tot=+0.0021 agnorm=0.334 cgnorm=0.071 kl=0.0010 clipf=0.008 ev=+0.960 r0=1.0000 entcoef=2.34e-03 lr=1.1e-04 seed=3
iter= 532 step=1705600 ep_ret=-68.963 opt_ret=-68.963 step_rew=-0.6896 opt_step=-0.6896 gap0=68.963 dret=+607.149 eval_ret=n/a pursuer_target_distance=1.103 capture=0.264 score=0.125 pol=-0.0008 val=0.0098 ent=0.9846 tot=+0.0017 agnorm=0.395 cgnorm=0.097 kl=0.0015 clipf=0.013 ev=+0.953 r0=1.0000 entcoef=2.33e-03 lr=1.1e-04 seed=3
iter= 533 step=1708800 ep_ret=+53.293 opt_ret=+53.293 step_rew=0.5329 opt_step=0.5329 gap0=0.000 dret=+729.405 eval_ret=n/a pursuer_target_distance=0.673 capture=0.298 score=0.178 pol=-0.0006 val=0.0087 ent=0.9815 tot=+0.0015 agnorm=0.273 cgnorm=0.071 kl=0.0013 clipf=0.010 ev=+0.953 r0=1.0000 entcoef=2.31e-03 lr=1.1e-04 seed=3
iter= 534 step=1712000 ep_ret=+31.413 opt_ret=+31.413 step_rew=0.3141 opt_step=0.3141 gap0=0.000 dret=+707.525 eval_ret=n/a pursuer_target_distance=0.789 capture=0.299 score=0.167 pol=-0.0005 val=0.0071 ent=0.9789 tot=+0.0008 agnorm=0.185 cgnorm=0.084 kl=0.0015 clipf=0.009 ev=+0.971 r0=1.0000 entcoef=2.30e-03 lr=1.1e-04 seed=3
iter= 535 step=1715200 ep_ret=+54.127 opt_ret=+54.127 step_rew=0.5413 opt_step=0.5413 gap0=0.000 dret=+730.240 eval_ret=n/a pursuer_target_distance=0.851 capture=0.287 score=0.155 pol=-0.0007 val=0.0078 ent=1.0121 tot=+0.0009 agnorm=0.295 cgnorm=0.079 kl=0.0012 clipf=0.009 ev=+0.961 r0=1.0000 entcoef=2.28e-03 lr=1.1e-04 seed=3
iter= 536 step=1718400 ep_ret=-78.973 opt_ret=-78.973 step_rew=-0.7897 opt_step=-0.7897 gap0=78.973 dret=+597.139 eval_ret=n/a pursuer_target_distance=0.986 capture=0.212 score=0.107 pol=-0.0003 val=0.0073 ent=1.0048 tot=+0.0010 agnorm=0.188 cgnorm=0.054 kl=0.0011 clipf=0.005 ev=+0.968 r0=1.0000 entcoef=2.27e-03 lr=1.1e-04 seed=3
iter= 537 step=1721600 ep_ret=-164.014 opt_ret=-164.014 step_rew=-1.6401 opt_step=-1.6401 gap0=164.014 dret=+512.098 eval_ret=n/a pursuer_target_distance=1.123 capture=0.188 score=0.088 pol=-0.0007 val=0.0098 ent=0.9878 tot=+0.0019 agnorm=0.188 cgnorm=0.079 kl=0.0014 clipf=0.013 ev=+0.967 r0=1.0000 entcoef=2.25e-03 lr=1.1e-04 seed=3
iter= 538 step=1724800 ep_ret=-76.383 opt_ret=-76.383 step_rew=-0.7638 opt_step=-0.7638 gap0=76.383 dret=+599.729 eval_ret=n/a pursuer_target_distance=1.104 capture=0.229 score=0.109 pol=-0.0006 val=0.0108 ent=1.0046 tot=+0.0026 agnorm=0.205 cgnorm=0.078 kl=0.0013 clipf=0.009 ev=+0.956 r0=1.0000 entcoef=2.24e-03 lr=1.1e-04 seed=3
iter= 539 step=1728000 ep_ret=-133.563 opt_ret=-133.563 step_rew=-1.3356 opt_step=-1.3356 gap0=133.563 dret=+542.549 eval_ret=n/a pursuer_target_distance=1.163 capture=0.190 score=0.088 pol=-0.0006 val=0.0089 ent=0.9905 tot=+0.0016 agnorm=0.338 cgnorm=0.077 kl=0.0015 clipf=0.010 ev=+0.957 r0=1.0000 entcoef=2.23e-03 lr=1.0e-04 seed=3
iter= 540 step=1731200 ep_ret=-57.354 opt_ret=-57.354 step_rew=-0.5735 opt_step=-0.5735 gap0=57.354 dret=+618.758 eval_ret=+240.177 pursuer_target_distance=1.248 capture=0.247 score=0.110 pol=-0.0004 val=0.0098 ent=1.0031 tot=+0.0023 agnorm=0.147 cgnorm=0.073 kl=0.0011 clipf=0.006 ev=+0.953 r0=1.0000 entcoef=2.21e-03 lr=1.0e-04 seed=3
iter= 541 step=1734400 ep_ret=-63.622 opt_ret=-63.622 step_rew=-0.6362 opt_step=-0.6362 gap0=63.622 dret=+612.490 eval_ret=n/a pursuer_target_distance=1.037 capture=0.254 score=0.125 pol=-0.0006 val=0.0085 ent=0.9808 tot=+0.0015 agnorm=0.255 cgnorm=0.059 kl=0.0014 clipf=0.012 ev=+0.965 r0=1.0000 entcoef=2.20e-03 lr=1.0e-04 seed=3
iter= 542 step=1737600 ep_ret=-22.591 opt_ret=-22.591 step_rew=-0.2259 opt_step=-0.2259 gap0=22.591 dret=+653.521 eval_ret=n/a pursuer_target_distance=1.126 capture=0.265 score=0.125 pol=-0.0006 val=0.0078 ent=0.9813 tot=+0.0012 agnorm=0.186 cgnorm=0.065 kl=0.0013 clipf=0.007 ev=+0.962 r0=1.0000 entcoef=2.18e-03 lr=1.0e-04 seed=3
iter= 543 step=1740800 ep_ret=-221.271 opt_ret=-221.271 step_rew=-2.2127 opt_step=-2.2127 gap0=221.271 dret=+454.841 eval_ret=n/a pursuer_target_distance=1.427 capture=0.195 score=0.080 pol=-0.0005 val=0.0121 ent=1.0100 tot=+0.0033 agnorm=0.176 cgnorm=0.085 kl=0.0012 clipf=0.008 ev=+0.957 r0=1.0000 entcoef=2.17e-03 lr=1.0e-04 seed=3
iter= 544 step=1744000 ep_ret=-120.691 opt_ret=-120.691 step_rew=-1.2069 opt_step=-1.2069 gap0=120.691 dret=+555.421 eval_ret=n/a pursuer_target_distance=1.149 capture=0.210 score=0.098 pol=-0.0007 val=0.0071 ent=0.9911 tot=+0.0007 agnorm=0.293 cgnorm=0.058 kl=0.0018 clipf=0.015 ev=+0.968 r0=1.0000 entcoef=2.15e-03 lr=9.8e-05 seed=3
iter= 545 step=1747200 ep_ret=+74.132 opt_ret=+74.132 step_rew=0.7413 opt_step=0.7413 gap0=0.000 dret=+750.245 eval_ret=n/a pursuer_target_distance=1.137 capture=0.333 score=0.156 pol=-0.0006 val=0.0106 ent=0.9785 tot=+0.0026 agnorm=0.293 cgnorm=0.053 kl=0.0017 clipf=0.015 ev=+0.959 r0=1.0000 entcoef=2.14e-03 lr=9.7e-05 seed=3
iter= 546 step=1750400 ep_ret=-31.707 opt_ret=-31.707 step_rew=-0.3171 opt_step=-0.3171 gap0=31.707 dret=+644.405 eval_ret=n/a pursuer_target_distance=1.018 capture=0.256 score=0.127 pol=-0.0006 val=0.0070 ent=0.9617 tot=+0.0009 agnorm=0.226 cgnorm=0.057 kl=0.0014 clipf=0.011 ev=+0.969 r0=1.0000 entcoef=2.13e-03 lr=9.6e-05 seed=3
iter= 547 step=1753600 ep_ret=-40.277 opt_ret=-40.277 step_rew=-0.4028 opt_step=-0.4028 gap0=40.277 dret=+635.835 eval_ret=n/a pursuer_target_distance=0.947 capture=0.266 score=0.136 pol=-0.0009 val=0.0094 ent=0.9726 tot=+0.0018 agnorm=0.365 cgnorm=0.090 kl=0.0015 clipf=0.014 ev=+0.956 r0=1.0000 entcoef=2.11e-03 lr=9.5e-05 seed=3
iter= 548 step=1756800 ep_ret=-139.773 opt_ret=-139.773 step_rew=-1.3977 opt_step=-1.3977 gap0=139.773 dret=+536.339 eval_ret=n/a pursuer_target_distance=0.966 capture=0.188 score=0.095 pol=-0.0006 val=0.0084 ent=0.9887 tot=+0.0015 agnorm=0.217 cgnorm=0.069 kl=0.0013 clipf=0.010 ev=+0.962 r0=1.0000 entcoef=2.10e-03 lr=9.4e-05 seed=3
iter= 549 step=1760000 ep_ret=+77.694 opt_ret=+77.694 step_rew=0.7769 opt_step=0.7769 gap0=0.000 dret=+753.806 eval_ret=n/a pursuer_target_distance=0.902 capture=0.319 score=0.168 pol=-0.0002 val=0.0122 ent=0.9660 tot=+0.0038 agnorm=0.181 cgnorm=0.066 kl=0.0009 clipf=0.005 ev=+0.933 r0=1.0000 entcoef=2.08e-03 lr=9.3e-05 seed=3
iter= 550 step=1763200 ep_ret=+57.967 opt_ret=+57.967 step_rew=0.5797 opt_step=0.5797 gap0=0.000 dret=+734.079 eval_ret=n/a pursuer_target_distance=1.024 capture=0.316 score=0.156 pol=-0.0007 val=0.0098 ent=0.9775 tot=+0.0022 agnorm=0.221 cgnorm=0.071 kl=0.0013 clipf=0.009 ev=+0.957 r0=1.0000 entcoef=2.07e-03 lr=9.2e-05 seed=3
iter= 551 step=1766400 ep_ret=+64.411 opt_ret=+64.411 step_rew=0.6441 opt_step=0.6441 gap0=0.000 dret=+740.524 eval_ret=n/a pursuer_target_distance=0.980 capture=0.326 score=0.165 pol=-0.0007 val=0.0070 ent=0.9822 tot=+0.0008 agnorm=0.300 cgnorm=0.052 kl=0.0013 clipf=0.010 ev=+0.969 r0=1.0000 entcoef=2.05e-03 lr=9.1e-05 seed=3
iter= 552 step=1769600 ep_ret=-74.932 opt_ret=-74.932 step_rew=-0.7493 opt_step=-0.7493 gap0=74.932 dret=+601.180 eval_ret=n/a pursuer_target_distance=0.843 capture=0.207 score=0.113 pol=-0.0005 val=0.0096 ent=1.0082 tot=+0.0022 agnorm=0.344 cgnorm=0.064 kl=0.0014 clipf=0.009 ev=+0.948 r0=1.0000 entcoef=2.04e-03 lr=9.0e-05 seed=3
iter= 553 step=1772800 ep_ret=-78.277 opt_ret=-78.277 step_rew=-0.7828 opt_step=-0.7828 gap0=78.277 dret=+597.835 eval_ret=n/a pursuer_target_distance=1.355 capture=0.263 score=0.112 pol=-0.0003 val=0.0093 ent=0.9800 tot=+0.0023 agnorm=0.152 cgnorm=0.064 kl=0.0009 clipf=0.005 ev=+0.967 r0=1.0000 entcoef=2.02e-03 lr=8.9e-05 seed=3
iter= 554 step=1776000 ep_ret=-55.164 opt_ret=-55.164 step_rew=-0.5516 opt_step=-0.5516 gap0=55.164 dret=+620.948 eval_ret=n/a pursuer_target_distance=1.079 capture=0.249 score=0.120 pol=-0.0004 val=0.0084 ent=0.9991 tot=+0.0018 agnorm=0.190 cgnorm=0.061 kl=0.0011 clipf=0.008 ev=+0.961 r0=1.0000 entcoef=2.01e-03 lr=8.7e-05 seed=3
iter= 555 step=1779200 ep_ret=-30.429 opt_ret=-30.429 step_rew=-0.3043 opt_step=-0.3043 gap0=30.429 dret=+645.683 eval_ret=n/a pursuer_target_distance=0.829 capture=0.277 score=0.151 pol=-0.0004 val=0.0088 ent=1.0012 tot=+0.0020 agnorm=0.199 cgnorm=0.074 kl=0.0009 clipf=0.004 ev=+0.966 r0=1.0000 entcoef=2.00e-03 lr=8.6e-05 seed=3
iter= 556 step=1782400 ep_ret=-148.315 opt_ret=-148.315 step_rew=-1.4831 opt_step=-1.4831 gap0=148.315 dret=+527.797 eval_ret=n/a pursuer_target_distance=1.076 capture=0.181 score=0.087 pol=-0.0003 val=0.0084 ent=0.9779 tot=+0.0020 agnorm=0.141 cgnorm=0.071 kl=0.0009 clipf=0.005 ev=+0.968 r0=1.0000 entcoef=1.98e-03 lr=8.5e-05 seed=3
iter= 557 step=1785600 ep_ret=-37.606 opt_ret=-37.606 step_rew=-0.3761 opt_step=-0.3761 gap0=37.606 dret=+638.506 eval_ret=n/a pursuer_target_distance=0.926 capture=0.250 score=0.130 pol=-0.0005 val=0.0088 ent=0.9889 tot=+0.0020 agnorm=0.305 cgnorm=0.078 kl=0.0013 clipf=0.011 ev=+0.960 r0=1.0000 entcoef=1.97e-03 lr=8.4e-05 seed=3
iter= 558 step=1788800 ep_ret=+65.215 opt_ret=+65.215 step_rew=0.6521 opt_step=0.6521 gap0=0.000 dret=+741.327 eval_ret=n/a pursuer_target_distance=0.645 capture=0.312 score=0.190 pol=-0.0004 val=0.0086 ent=0.9576 tot=+0.0020 agnorm=0.164 cgnorm=0.072 kl=0.0009 clipf=0.006 ev=+0.959 r0=1.0000 entcoef=1.95e-03 lr=8.3e-05 seed=3
iter= 559 step=1792000 ep_ret=-31.449 opt_ret=-31.449 step_rew=-0.3145 opt_step=-0.3145 gap0=31.449 dret=+644.663 eval_ret=n/a pursuer_target_distance=0.893 capture=0.250 score=0.132 pol=-0.0005 val=0.0082 ent=0.9832 tot=+0.0017 agnorm=0.260 cgnorm=0.051 kl=0.0008 clipf=0.006 ev=+0.967 r0=1.0000 entcoef=1.94e-03 lr=8.2e-05 seed=3
iter= 560 step=1795200 ep_ret=-90.716 opt_ret=-90.716 step_rew=-0.9072 opt_step=-0.9072 gap0=90.716 dret=+585.396 eval_ret=+224.037 pursuer_target_distance=0.682 capture=0.228 score=0.136 pol=-0.0005 val=0.0083 ent=0.9643 tot=+0.0018 agnorm=0.240 cgnorm=0.063 kl=0.0010 clipf=0.007 ev=+0.963 r0=1.0000 entcoef=1.92e-03 lr=8.1e-05 seed=3
iter= 561 step=1798400 ep_ret=-38.008 opt_ret=-38.008 step_rew=-0.3801 opt_step=-0.3801 gap0=38.008 dret=+638.105 eval_ret=n/a pursuer_target_distance=0.996 capture=0.268 score=0.134 pol=-0.0007 val=0.0102 ent=0.9632 tot=+0.0026 agnorm=0.269 cgnorm=0.081 kl=0.0014 clipf=0.012 ev=+0.946 r0=1.0000 entcoef=1.91e-03 lr=8.0e-05 seed=3
iter= 562 step=1801600 ep_ret=+10.355 opt_ret=+10.355 step_rew=0.1036 opt_step=0.1036 gap0=0.000 dret=+686.467 eval_ret=n/a pursuer_target_distance=1.156 capture=0.297 score=0.138 pol=-0.0005 val=0.0081 ent=0.9429 tot=+0.0017 agnorm=0.463 cgnorm=0.056 kl=0.0012 clipf=0.010 ev=+0.967 r0=1.0000 entcoef=1.89e-03 lr=7.9e-05 seed=3
iter= 563 step=1804800 ep_ret=-30.921 opt_ret=-30.921 step_rew=-0.3092 opt_step=-0.3092 gap0=30.921 dret=+645.191 eval_ret=n/a pursuer_target_distance=0.959 capture=0.251 score=0.128 pol=-0.0004 val=0.0083 ent=0.9587 tot=+0.0019 agnorm=0.151 cgnorm=0.068 kl=0.0009 clipf=0.005 ev=+0.963 r0=1.0000 entcoef=1.88e-03 lr=7.7e-05 seed=3
iter= 564 step=1808000 ep_ret=-59.650 opt_ret=-59.650 step_rew=-0.5965 opt_step=-0.5965 gap0=59.650 dret=+616.462 eval_ret=n/a pursuer_target_distance=1.063 capture=0.242 score=0.118 pol=-0.0004 val=0.0090 ent=0.9521 tot=+0.0023 agnorm=0.180 cgnorm=0.064 kl=0.0011 clipf=0.006 ev=+0.958 r0=1.0000 entcoef=1.87e-03 lr=7.6e-05 seed=3
iter= 565 step=1811200 ep_ret=+76.386 opt_ret=+76.386 step_rew=0.7639 opt_step=0.7639 gap0=0.000 dret=+752.499 eval_ret=n/a pursuer_target_distance=0.613 capture=0.318 score=0.197 pol=-0.0004 val=0.0066 ent=0.9627 tot=+0.0011 agnorm=0.153 cgnorm=0.054 kl=0.0008 clipf=0.005 ev=+0.969 r0=1.0000 entcoef=1.85e-03 lr=7.5e-05 seed=3
iter= 566 step=1814400 ep_ret=-112.022 opt_ret=-112.022 step_rew=-1.1202 opt_step=-1.1202 gap0=112.022 dret=+564.091 eval_ret=n/a pursuer_target_distance=1.084 capture=0.215 score=0.103 pol=-0.0007 val=0.0123 ent=0.9394 tot=+0.0037 agnorm=0.272 cgnorm=0.075 kl=0.0015 clipf=0.016 ev=+0.948 r0=1.0000 entcoef=1.84e-03 lr=7.4e-05 seed=3
iter= 567 step=1817600 ep_ret=+9.025 opt_ret=+9.025 step_rew=0.0902 opt_step=0.0902 gap0=0.000 dret=+685.137 eval_ret=n/a pursuer_target_distance=0.727 capture=0.274 score=0.159 pol=-0.0003 val=0.0068 ent=0.9475 tot=+0.0014 agnorm=0.185 cgnorm=0.057 kl=0.0007 clipf=0.004 ev=+0.964 r0=1.0000 entcoef=1.82e-03 lr=7.3e-05 seed=3
iter= 568 step=1820800 ep_ret=-32.412 opt_ret=-32.412 step_rew=-0.3241 opt_step=-0.3241 gap0=32.412 dret=+643.700 eval_ret=n/a pursuer_target_distance=1.053 capture=0.258 score=0.126 pol=-0.0005 val=0.0069 ent=0.9489 tot=+0.0013 agnorm=0.230 cgnorm=0.070 kl=0.0012 clipf=0.007 ev=+0.972 r0=1.0000 entcoef=1.81e-03 lr=7.2e-05 seed=3
iter= 569 step=1824000 ep_ret=-172.628 opt_ret=-172.628 step_rew=-1.7263 opt_step=-1.7263 gap0=172.628 dret=+503.484 eval_ret=n/a pursuer_target_distance=1.050 capture=0.155 score=0.076 pol=-0.0006 val=0.0093 ent=0.9641 tot=+0.0023 agnorm=0.215 cgnorm=0.079 kl=0.0010 clipf=0.008 ev=+0.954 r0=1.0000 entcoef=1.79e-03 lr=7.1e-05 seed=3
iter= 570 step=1827200 ep_ret=-42.795 opt_ret=-42.795 step_rew=-0.4279 opt_step=-0.4279 gap0=42.795 dret=+633.317 eval_ret=n/a pursuer_target_distance=0.769 capture=0.221 score=0.125 pol=-0.0004 val=0.0068 ent=0.9499 tot=+0.0013 agnorm=0.204 cgnorm=0.051 kl=0.0009 clipf=0.006 ev=+0.969 r0=1.0000 entcoef=1.78e-03 lr=7.0e-05 seed=3
iter= 571 step=1830400 ep_ret=-67.840 opt_ret=-67.840 step_rew=-0.6784 opt_step=-0.6784 gap0=67.840 dret=+608.272 eval_ret=n/a pursuer_target_distance=0.888 capture=0.234 score=0.124 pol=-0.0004 val=0.0076 ent=0.9237 tot=+0.0018 agnorm=0.227 cgnorm=0.062 kl=0.0009 clipf=0.005 ev=+0.961 r0=1.0000 entcoef=1.76e-03 lr=6.9e-05 seed=3
iter= 572 step=1833600 ep_ret=-209.961 opt_ret=-209.961 step_rew=-2.0996 opt_step=-2.0996 gap0=209.961 dret=+466.151 eval_ret=n/a pursuer_target_distance=1.225 capture=0.160 score=0.072 pol=-0.0007 val=0.0088 ent=0.9557 tot=+0.0020 agnorm=0.354 cgnorm=0.076 kl=0.0013 clipf=0.013 ev=+0.958 r0=1.0000 entcoef=1.75e-03 lr=6.8e-05 seed=3
iter= 573 step=1836800 ep_ret=-132.983 opt_ret=-132.983 step_rew=-1.3298 opt_step=-1.3298 gap0=132.983 dret=+543.129 eval_ret=n/a pursuer_target_distance=1.155 capture=0.251 score=0.116 pol=-0.0008 val=0.0097 ent=0.9525 tot=+0.0024 agnorm=0.317 cgnorm=0.044 kl=0.0014 clipf=0.013 ev=+0.971 r0=1.0000 entcoef=1.74e-03 lr=6.6e-05 seed=3
iter= 574 step=1840000 ep_ret=-33.913 opt_ret=-33.913 step_rew=-0.3391 opt_step=-0.3391 gap0=33.913 dret=+642.199 eval_ret=n/a pursuer_target_distance=0.965 capture=0.271 score=0.138 pol=-0.0004 val=0.0071 ent=0.9444 tot=+0.0015 agnorm=0.349 cgnorm=0.046 kl=0.0010 clipf=0.007 ev=+0.973 r0=1.0000 entcoef=1.72e-03 lr=6.5e-05 seed=3
iter= 575 step=1843200 ep_ret=+96.190 opt_ret=+96.190 step_rew=0.9619 opt_step=0.9619 gap0=0.000 dret=+772.302 eval_ret=n/a pursuer_target_distance=0.698 capture=0.331 score=0.195 pol=-0.0006 val=0.0087 ent=0.9280 tot=+0.0022 agnorm=0.383 cgnorm=0.086 kl=0.0015 clipf=0.014 ev=+0.954 r0=1.0000 entcoef=1.71e-03 lr=6.4e-05 seed=3
iter= 576 step=1846400 ep_ret=-70.797 opt_ret=-70.797 step_rew=-0.7080 opt_step=-0.7080 gap0=70.797 dret=+605.315 eval_ret=n/a pursuer_target_distance=0.988 capture=0.212 score=0.107 pol=-0.0003 val=0.0085 ent=0.9354 tot=+0.0023 agnorm=0.206 cgnorm=0.062 kl=0.0010 clipf=0.005 ev=+0.953 r0=1.0000 entcoef=1.69e-03 lr=6.3e-05 seed=3
iter= 577 step=1849600 ep_ret=-90.839 opt_ret=-90.839 step_rew=-0.9084 opt_step=-0.9084 gap0=90.839 dret=+585.273 eval_ret=n/a pursuer_target_distance=1.220 capture=0.215 score=0.097 pol=-0.0005 val=0.0089 ent=0.9478 tot=+0.0023 agnorm=0.287 cgnorm=0.071 kl=0.0012 clipf=0.008 ev=+0.959 r0=1.0000 entcoef=1.68e-03 lr=6.2e-05 seed=3
iter= 578 step=1852800 ep_ret=-19.863 opt_ret=-19.863 step_rew=-0.1986 opt_step=-0.1986 gap0=19.863 dret=+656.249 eval_ret=n/a pursuer_target_distance=0.712 capture=0.246 score=0.144 pol=-0.0005 val=0.0067 ent=0.9504 tot=+0.0013 agnorm=0.348 cgnorm=0.063 kl=0.0015 clipf=0.013 ev=+0.963 r0=1.0000 entcoef=1.66e-03 lr=6.1e-05 seed=3
iter= 579 step=1856000 ep_ret=-81.373 opt_ret=-81.373 step_rew=-0.8137 opt_step=-0.8137 gap0=81.373 dret=+594.739 eval_ret=n/a pursuer_target_distance=1.121 capture=0.233 score=0.110 pol=-0.0004 val=0.0080 ent=0.9439 tot=+0.0021 agnorm=0.253 cgnorm=0.062 kl=0.0006 clipf=0.004 ev=+0.968 r0=1.0000 entcoef=1.65e-03 lr=6.0e-05 seed=3
iter= 580 step=1859200 ep_ret=+7.362 opt_ret=+7.362 step_rew=0.0736 opt_step=0.0736 gap0=0.000 dret=+683.474 eval_ret=+239.379 pursuer_target_distance=0.624 capture=0.266 score=0.164 pol=-0.0006 val=0.0067 ent=0.9410 tot=+0.0012 agnorm=0.293 cgnorm=0.059 kl=0.0015 clipf=0.013 ev=+0.969 r0=1.0000 entcoef=1.63e-03 lr=5.9e-05 seed=3
iter= 581 step=1862400 ep_ret=-30.592 opt_ret=-30.592 step_rew=-0.3059 opt_step=-0.3059 gap0=30.592 dret=+645.520 eval_ret=n/a pursuer_target_distance=0.913 capture=0.260 score=0.136 pol=-0.0004 val=0.0076 ent=0.9420 tot=+0.0018 agnorm=0.284 cgnorm=0.055 kl=0.0009 clipf=0.009 ev=+0.960 r0=1.0000 entcoef=1.62e-03 lr=5.8e-05 seed=3
iter= 582 step=1865600 ep_ret=-17.228 opt_ret=-17.228 step_rew=-0.1723 opt_step=-0.1723 gap0=17.228 dret=+658.884 eval_ret=n/a pursuer_target_distance=0.717 capture=0.246 score=0.143 pol=-0.0004 val=0.0069 ent=0.9336 tot=+0.0016 agnorm=0.247 cgnorm=0.069 kl=0.0008 clipf=0.006 ev=+0.968 r0=1.0000 entcoef=1.61e-03 lr=5.6e-05 seed=3
iter= 583 step=1868800 ep_ret=-3.674 opt_ret=-3.674 step_rew=-0.0367 opt_step=-0.0367 gap0=3.674 dret=+672.438 eval_ret=n/a pursuer_target_distance=1.136 capture=0.281 score=0.131 pol=-0.0005 val=0.0090 ent=0.9492 tot=+0.0025 agnorm=0.252 cgnorm=0.065 kl=0.0011 clipf=0.007 ev=+0.953 r0=1.0000 entcoef=1.59e-03 lr=5.5e-05 seed=3
iter= 584 step=1872000 ep_ret=-35.019 opt_ret=-35.019 step_rew=-0.3502 opt_step=-0.3502 gap0=35.019 dret=+641.093 eval_ret=n/a pursuer_target_distance=1.161 capture=0.287 score=0.133 pol=-0.0005 val=0.0087 ent=0.9544 tot=+0.0024 agnorm=0.249 cgnorm=0.071 kl=0.0010 clipf=0.007 ev=+0.957 r0=1.0000 entcoef=1.58e-03 lr=5.4e-05 seed=3
iter= 585 step=1875200 ep_ret=-97.082 opt_ret=-97.082 step_rew=-0.9708 opt_step=-0.9708 gap0=97.082 dret=+579.030 eval_ret=n/a pursuer_target_distance=1.038 capture=0.229 score=0.112 pol=-0.0002 val=0.0080 ent=0.9376 tot=+0.0024 agnorm=0.173 cgnorm=0.076 kl=0.0005 clipf=0.001 ev=+0.965 r0=1.0000 entcoef=1.56e-03 lr=5.3e-05 seed=3
iter= 586 step=1878400 ep_ret=-95.771 opt_ret=-95.771 step_rew=-0.9577 opt_step=-0.9577 gap0=95.771 dret=+580.341 eval_ret=n/a pursuer_target_distance=1.437 capture=0.279 score=0.114 pol=-0.0004 val=0.0082 ent=0.9484 tot=+0.0022 agnorm=0.190 cgnorm=0.070 kl=0.0008 clipf=0.005 ev=+0.971 r0=1.0000 entcoef=1.55e-03 lr=5.2e-05 seed=3
iter= 587 step=1881600 ep_ret=-229.546 opt_ret=-229.546 step_rew=-2.2955 opt_step=-2.2955 gap0=229.546 dret=+446.567 eval_ret=n/a pursuer_target_distance=1.400 capture=0.164 score=0.068 pol=-0.0004 val=0.0084 ent=0.9623 tot=+0.0024 agnorm=0.167 cgnorm=0.061 kl=0.0008 clipf=0.005 ev=+0.966 r0=1.0000 entcoef=1.53e-03 lr=5.1e-05 seed=3
iter= 588 step=1884800 ep_ret=-58.748 opt_ret=-58.748 step_rew=-0.5875 opt_step=-0.5875 gap0=58.748 dret=+617.364 eval_ret=n/a pursuer_target_distance=1.039 capture=0.248 score=0.122 pol=-0.0004 val=0.0090 ent=0.9752 tot=+0.0026 agnorm=0.273 cgnorm=0.085 kl=0.0007 clipf=0.004 ev=+0.953 r0=1.0000 entcoef=1.52e-03 lr=5.0e-05 seed=3
iter= 589 step=1888000 ep_ret=+66.779 opt_ret=+66.779 step_rew=0.6678 opt_step=0.6678 gap0=0.000 dret=+742.891 eval_ret=n/a pursuer_target_distance=0.963 capture=0.334 score=0.170 pol=-0.0004 val=0.0074 ent=0.9302 tot=+0.0019 agnorm=0.302 cgnorm=0.068 kl=0.0008 clipf=0.006 ev=+0.969 r0=1.0000 entcoef=1.50e-03 lr=4.9e-05 seed=3
iter= 590 step=1891200 ep_ret=-27.490 opt_ret=-27.490 step_rew=-0.2749 opt_step=-0.2749 gap0=27.490 dret=+648.622 eval_ret=n/a pursuer_target_distance=1.038 capture=0.275 score=0.135 pol=-0.0005 val=0.0091 ent=0.9845 tot=+0.0026 agnorm=0.270 cgnorm=0.067 kl=0.0010 clipf=0.009 ev=+0.955 r0=1.0000 entcoef=1.49e-03 lr=4.8e-05 seed=3
iter= 591 step=1894400 ep_ret=+5.609 opt_ret=+5.609 step_rew=0.0561 opt_step=0.0561 gap0=0.000 dret=+681.721 eval_ret=n/a pursuer_target_distance=0.836 capture=0.298 score=0.162 pol=-0.0004 val=0.0069 ent=0.9671 tot=+0.0016 agnorm=0.182 cgnorm=0.064 kl=0.0008 clipf=0.004 ev=+0.970 r0=1.0000 entcoef=1.48e-03 lr=4.6e-05 seed=3
iter= 592 step=1897600 ep_ret=-84.525 opt_ret=-84.525 step_rew=-0.8453 opt_step=-0.8453 gap0=84.525 dret=+591.587 eval_ret=n/a pursuer_target_distance=1.119 capture=0.247 score=0.117 pol=-0.0005 val=0.0097 ent=0.9537 tot=+0.0030 agnorm=0.299 cgnorm=0.080 kl=0.0014 clipf=0.012 ev=+0.954 r0=1.0000 entcoef=1.46e-03 lr=4.5e-05 seed=3
iter= 593 step=1900800 ep_ret=-66.034 opt_ret=-66.034 step_rew=-0.6603 opt_step=-0.6603 gap0=66.034 dret=+610.078 eval_ret=n/a pursuer_target_distance=1.019 capture=0.234 score=0.116 pol=-0.0003 val=0.0092 ent=0.9102 tot=+0.0030 agnorm=0.236 cgnorm=0.058 kl=0.0008 clipf=0.004 ev=+0.954 r0=1.0000 entcoef=1.45e-03 lr=4.4e-05 seed=3
iter= 594 step=1904000 ep_ret=-70.186 opt_ret=-70.186 step_rew=-0.7019 opt_step=-0.7019 gap0=70.186 dret=+605.926 eval_ret=n/a pursuer_target_distance=1.241 capture=0.273 score=0.122 pol=-0.0006 val=0.0107 ent=0.9254 tot=+0.0035 agnorm=0.337 cgnorm=0.096 kl=0.0013 clipf=0.014 ev=+0.961 r0=1.0000 entcoef=1.43e-03 lr=4.3e-05 seed=3
iter= 595 step=1907200 ep_ret=-66.078 opt_ret=-66.078 step_rew=-0.6608 opt_step=-0.6608 gap0=66.078 dret=+610.034 eval_ret=n/a pursuer_target_distance=1.066 capture=0.243 score=0.118 pol=-0.0003 val=0.0094 ent=0.9326 tot=+0.0030 agnorm=0.231 cgnorm=0.069 kl=0.0008 clipf=0.006 ev=+0.961 r0=1.0000 entcoef=1.42e-03 lr=4.2e-05 seed=3
iter= 596 step=1910400 ep_ret=-185.673 opt_ret=-185.673 step_rew=-1.8567 opt_step=-1.8567 gap0=185.673 dret=+490.439 eval_ret=n/a pursuer_target_distance=1.550 capture=0.221 score=0.087 pol=-0.0001 val=0.0106 ent=0.9211 tot=+0.0039 agnorm=0.157 cgnorm=0.092 kl=0.0003 clipf=0.001 ev=+0.966 r0=1.0000 entcoef=1.40e-03 lr=4.1e-05 seed=3
iter= 597 step=1913600 ep_ret=-99.397 opt_ret=-99.397 step_rew=-0.9940 opt_step=-0.9940 gap0=99.397 dret=+576.715 eval_ret=n/a pursuer_target_distance=1.214 capture=0.258 score=0.117 pol=-0.0004 val=0.0086 ent=0.9676 tot=+0.0026 agnorm=0.381 cgnorm=0.045 kl=0.0009 clipf=0.008 ev=+0.970 r0=1.0000 entcoef=1.39e-03 lr=4.0e-05 seed=3
iter= 598 step=1916800 ep_ret=-117.424 opt_ret=-117.424 step_rew=-1.1742 opt_step=-1.1742 gap0=117.424 dret=+558.688 eval_ret=n/a pursuer_target_distance=1.285 capture=0.247 score=0.108 pol=-0.0003 val=0.0104 ent=0.9377 tot=+0.0036 agnorm=0.142 cgnorm=0.091 kl=0.0007 clipf=0.001 ev=+0.956 r0=1.0000 entcoef=1.37e-03 lr=3.9e-05 seed=3
iter= 599 step=1920000 ep_ret=-66.967 opt_ret=-66.967 step_rew=-0.6697 opt_step=-0.6697 gap0=66.967 dret=+609.145 eval_ret=n/a pursuer_target_distance=0.963 capture=0.229 score=0.117 pol=-0.0002 val=0.0083 ent=0.9224 tot=+0.0026 agnorm=0.268 cgnorm=0.057 kl=0.0006 clipf=0.004 ev=+0.964 r0=1.0000 entcoef=1.36e-03 lr=3.8e-05 seed=3
iter= 600 step=1923200 ep_ret=-135.586 opt_ret=-135.586 step_rew=-1.3559 opt_step=-1.3559 gap0=135.586 dret=+540.526 eval_ret=+223.465 pursuer_target_distance=1.515 capture=0.244 score=0.097 pol=-0.0004 val=0.0097 ent=0.9177 tot=+0.0032 agnorm=0.277 cgnorm=0.084 kl=0.0008 clipf=0.006 ev=+0.956 r0=1.0000 entcoef=1.35e-03 lr=3.7e-05 seed=3
iter= 601 step=1926400 ep_ret=-72.822 opt_ret=-72.822 step_rew=-0.7282 opt_step=-0.7282 gap0=72.822 dret=+603.290 eval_ret=n/a pursuer_target_distance=1.155 capture=0.252 score=0.117 pol=-0.0002 val=0.0093 ent=0.9288 tot=+0.0032 agnorm=0.174 cgnorm=0.084 kl=0.0006 clipf=0.003 ev=+0.956 r0=1.0000 entcoef=1.33e-03 lr=3.5e-05 seed=3
iter= 602 step=1929600 ep_ret=+37.910 opt_ret=+37.910 step_rew=0.3791 opt_step=0.3791 gap0=0.000 dret=+714.022 eval_ret=n/a pursuer_target_distance=0.688 capture=0.292 score=0.173 pol=-0.0003 val=0.0101 ent=0.9302 tot=+0.0035 agnorm=0.304 cgnorm=0.080 kl=0.0008 clipf=0.005 ev=+0.952 r0=1.0000 entcoef=1.32e-03 lr=3.4e-05 seed=3
iter= 603 step=1932800 ep_ret=-154.680 opt_ret=-154.680 step_rew=-1.5468 opt_step=-1.5468 gap0=154.680 dret=+521.432 eval_ret=n/a pursuer_target_distance=1.068 capture=0.212 score=0.103 pol=-0.0004 val=0.0098 ent=0.9250 tot=+0.0033 agnorm=0.348 cgnorm=0.065 kl=0.0010 clipf=0.008 ev=+0.963 r0=1.0000 entcoef=1.30e-03 lr=3.3e-05 seed=3
iter= 604 step=1936000 ep_ret=-220.277 opt_ret=-220.277 step_rew=-2.2028 opt_step=-2.2028 gap0=220.277 dret=+455.835 eval_ret=n/a pursuer_target_distance=1.431 capture=0.163 score=0.067 pol=-0.0003 val=0.0089 ent=0.9264 tot=+0.0029 agnorm=0.258 cgnorm=0.050 kl=0.0008 clipf=0.005 ev=+0.963 r0=1.0000 entcoef=1.29e-03 lr=3.2e-05 seed=3
iter= 605 step=1939200 ep_ret=+24.156 opt_ret=+24.156 step_rew=0.2416 opt_step=0.2416 gap0=0.000 dret=+700.268 eval_ret=n/a pursuer_target_distance=0.844 capture=0.281 score=0.152 pol=-0.0002 val=0.0057 ent=0.9385 tot=+0.0015 agnorm=0.212 cgnorm=0.055 kl=0.0007 clipf=0.003 ev=+0.973 r0=1.0000 entcoef=1.27e-03 lr=3.1e-05 seed=3
iter= 606 step=1942400 ep_ret=+36.547 opt_ret=+36.547 step_rew=0.3655 opt_step=0.3655 gap0=0.000 dret=+712.659 eval_ret=n/a pursuer_target_distance=0.785 capture=0.276 score=0.154 pol=-0.0003 val=0.0089 ent=0.9263 tot=+0.0030 agnorm=0.272 cgnorm=0.083 kl=0.0005 clipf=0.002 ev=+0.937 r0=1.0000 entcoef=1.26e-03 lr=3.0e-05 seed=3
iter= 607 step=1945600 ep_ret=-32.284 opt_ret=-32.284 step_rew=-0.3228 opt_step=-0.3228 gap0=32.284 dret=+643.828 eval_ret=n/a pursuer_target_distance=0.851 capture=0.243 score=0.131 pol=-0.0005 val=0.0063 ent=0.9480 tot=+0.0014 agnorm=0.325 cgnorm=0.074 kl=0.0007 clipf=0.003 ev=+0.969 r0=1.0000 entcoef=1.25e-03 lr=2.9e-05 seed=3
iter= 608 step=1948800 ep_ret=-82.506 opt_ret=-82.506 step_rew=-0.8251 opt_step=-0.8251 gap0=82.506 dret=+593.606 eval_ret=n/a pursuer_target_distance=1.011 capture=0.245 score=0.122 pol=-0.0002 val=0.0087 ent=0.9532 tot=+0.0029 agnorm=0.270 cgnorm=0.082 kl=0.0009 clipf=0.006 ev=+0.960 r0=1.0000 entcoef=1.23e-03 lr=2.8e-05 seed=3
iter= 609 step=1952000 ep_ret=+21.487 opt_ret=+21.487 step_rew=0.2149 opt_step=0.2149 gap0=0.000 dret=+697.599 eval_ret=n/a pursuer_target_distance=0.832 capture=0.283 score=0.155 pol=-0.0002 val=0.0068 ent=0.9493 tot=+0.0021 agnorm=0.205 cgnorm=0.056 kl=0.0002 clipf=0.000 ev=+0.967 r0=1.0000 entcoef=1.22e-03 lr=2.7e-05 seed=3
iter= 610 step=1955200 ep_ret=-26.805 opt_ret=-26.805 step_rew=-0.2680 opt_step=-0.2680 gap0=26.805 dret=+649.307 eval_ret=n/a pursuer_target_distance=0.827 capture=0.260 score=0.142 pol=-0.0003 val=0.0074 ent=0.9910 tot=+0.0022 agnorm=0.236 cgnorm=0.060 kl=0.0007 clipf=0.003 ev=+0.964 r0=1.0000 entcoef=1.20e-03 lr=2.5e-05 seed=3
iter= 611 step=1958400 ep_ret=+28.815 opt_ret=+28.815 step_rew=0.2881 opt_step=0.2881 gap0=0.000 dret=+704.927 eval_ret=n/a pursuer_target_distance=0.932 capture=0.315 score=0.163 pol=-0.0003 val=0.0108 ent=0.9822 tot=+0.0040 agnorm=0.191 cgnorm=0.095 kl=0.0004 clipf=0.002 ev=+0.953 r0=1.0000 entcoef=1.19e-03 lr=2.4e-05 seed=3
iter= 612 step=1961600 ep_ret=+39.306 opt_ret=+39.306 step_rew=0.3931 opt_step=0.3931 gap0=0.000 dret=+715.418 eval_ret=n/a pursuer_target_distance=1.009 capture=0.316 score=0.157 pol=-0.0002 val=0.0069 ent=0.9617 tot=+0.0021 agnorm=0.176 cgnorm=0.047 kl=0.0003 clipf=0.000 ev=+0.966 r0=1.0000 entcoef=1.17e-03 lr=2.3e-05 seed=3
iter= 613 step=1964800 ep_ret=-155.182 opt_ret=-155.182 step_rew=-1.5518 opt_step=-1.5518 gap0=155.182 dret=+520.931 eval_ret=n/a pursuer_target_distance=1.052 capture=0.185 score=0.090 pol=-0.0003 val=0.0070 ent=0.9755 tot=+0.0021 agnorm=0.410 cgnorm=0.056 kl=0.0007 clipf=0.006 ev=+0.963 r0=1.0000 entcoef=1.16e-03 lr=2.2e-05 seed=3
iter= 614 step=1968000 ep_ret=-148.091 opt_ret=-148.091 step_rew=-1.4809 opt_step=-1.4809 gap0=148.091 dret=+528.021 eval_ret=n/a pursuer_target_distance=1.220 capture=0.222 score=0.100 pol=-0.0002 val=0.0093 ent=0.9606 tot=+0.0033 agnorm=0.153 cgnorm=0.063 kl=0.0003 clipf=0.000 ev=+0.969 r0=1.0000 entcoef=1.14e-03 lr=2.1e-05 seed=3
iter= 615 step=1971200 ep_ret=-39.823 opt_ret=-39.823 step_rew=-0.3982 opt_step=-0.3982 gap0=39.823 dret=+636.290 eval_ret=n/a pursuer_target_distance=1.111 capture=0.257 score=0.122 pol=-0.0002 val=0.0076 ent=0.9623 tot=+0.0025 agnorm=0.224 cgnorm=0.068 kl=0.0003 clipf=0.001 ev=+0.960 r0=1.0000 entcoef=1.13e-03 lr=2.0e-05 seed=3
iter= 616 step=1974400 ep_ret=-15.771 opt_ret=-15.771 step_rew=-0.1577 opt_step=-0.1577 gap0=15.771 dret=+660.341 eval_ret=n/a pursuer_target_distance=0.955 capture=0.298 score=0.152 pol=-0.0003 val=0.0099 ent=0.9388 tot=+0.0036 agnorm=0.201 cgnorm=0.076 kl=0.0002 clipf=0.000 ev=+0.963 r0=1.0000 entcoef=1.12e-03 lr=1.9e-05 seed=3
iter= 617 step=1977600 ep_ret=+85.225 opt_ret=+85.225 step_rew=0.8523 opt_step=0.8523 gap0=0.000 dret=+761.337 eval_ret=n/a pursuer_target_distance=0.646 capture=0.322 score=0.195 pol=-0.0003 val=0.0080 ent=0.9477 tot=+0.0027 agnorm=0.232 cgnorm=0.069 kl=0.0005 clipf=0.003 ev=+0.949 r0=1.0000 entcoef=1.10e-03 lr=1.8e-05 seed=3
iter= 618 step=1980800 ep_ret=+43.855 opt_ret=+43.855 step_rew=0.4385 opt_step=0.4385 gap0=0.000 dret=+719.967 eval_ret=n/a pursuer_target_distance=1.145 capture=0.322 score=0.150 pol=-0.0001 val=0.0083 ent=0.9354 tot=+0.0030 agnorm=0.241 cgnorm=0.054 kl=0.0001 clipf=0.000 ev=+0.954 r0=1.0000 entcoef=1.09e-03 lr=1.7e-05 seed=3
iter= 619 step=1984000 ep_ret=+34.473 opt_ret=+34.473 step_rew=0.3447 opt_step=0.3447 gap0=0.000 dret=+710.585 eval_ret=n/a pursuer_target_distance=0.641 capture=0.287 score=0.175 pol=-0.0003 val=0.0063 ent=0.9586 tot=+0.0018 agnorm=0.576 cgnorm=0.062 kl=0.0008 clipf=0.007 ev=+0.969 r0=1.0000 entcoef=1.07e-03 lr=1.6e-05 seed=3
iter= 620 step=1987200 ep_ret=+57.855 opt_ret=+57.855 step_rew=0.5785 opt_step=0.5785 gap0=0.000 dret=+733.967 eval_ret=+225.617 pursuer_target_distance=0.884 capture=0.329 score=0.174 pol=-0.0001 val=0.0111 ent=0.9324 tot=+0.0045 agnorm=0.314 cgnorm=0.069 kl=0.0004 clipf=0.004 ev=+0.951 r0=1.0000 entcoef=1.06e-03 lr=1.4e-05 seed=3
iter= 621 step=1990400 ep_ret=+83.036 opt_ret=+83.036 step_rew=0.8304 opt_step=0.8304 gap0=0.000 dret=+759.148 eval_ret=n/a pursuer_target_distance=0.820 capture=0.311 score=0.171 pol=-0.0002 val=0.0070 ent=0.9344 tot=+0.0024 agnorm=0.307 cgnorm=0.060 kl=0.0001 clipf=0.000 ev=+0.960 r0=1.0000 entcoef=1.04e-03 lr=1.3e-05 seed=3
iter= 622 step=1993600 ep_ret=-26.658 opt_ret=-26.658 step_rew=-0.2666 opt_step=-0.2666 gap0=26.658 dret=+649.454 eval_ret=n/a pursuer_target_distance=0.962 capture=0.258 score=0.131 pol=-0.0002 val=0.0091 ent=0.9431 tot=+0.0034 agnorm=0.253 cgnorm=0.076 kl=0.0002 clipf=0.000 ev=+0.954 r0=1.0000 entcoef=1.03e-03 lr=1.2e-05 seed=3
iter= 623 step=1996800 ep_ret=+33.444 opt_ret=+33.444 step_rew=0.3344 opt_step=0.3344 gap0=0.000 dret=+709.556 eval_ret=n/a pursuer_target_distance=1.088 capture=0.300 score=0.144 pol=-0.0001 val=0.0074 ent=0.9498 tot=+0.0026 agnorm=0.198 cgnorm=0.059 kl=0.0002 clipf=0.000 ev=+0.961 r0=1.0000 entcoef=1.01e-03 lr=1.1e-05 seed=3
iter= 624 step=2000000 ep_ret=-25.867 opt_ret=-25.867 step_rew=-0.2587 opt_step=-0.2587 gap0=25.867 dret=+650.246 eval_ret=+225.303 pursuer_target_distance=0.912 capture=0.247 score=0.129 pol=-0.0002 val=0.0088 ent=0.9400 tot=+0.0033 agnorm=0.158 cgnorm=0.093 kl=0.0002 clipf=0.000 ev=+0.953 r0=1.0000 entcoef=1.00e-03 lr=1.0e-05 seed=3
[train] Final checkpoint saved to runs/pursuit_20260608_220631/alpha/graph_zm/alpha0p25/seed3/ckpt/final.pt
[train] Run artifacts in runs/pursuit_20260608_220631/alpha/graph_zm/alpha0p25/seed3
[render] Skipped post-train render (mode=off).
=== done Mon Jun  8 23:02:09 EDT 2026 ===
