[setup] Required Python imports are available.
[setup] Required Python imports are available.
=== Job info ===
Job       : 640195  array=156
Node      : evc42
Submit    : /lustre/fs1/home/ak565492/gnn_experiments
Repo      : /lustre/fs1/home/ak565492/gnn_experiments
Git rev   : c394dd7
Python    : /home/ak565492/expenv/bin/python
Python 3.11.4
PyYAML  : 6.0.3
NumPy   : 2.3.5
Torch   : 2.5.1+cu121 cuda_available=True cuda=12.1
CUDA_VIS  : 0
Threads   : OMP=4 MKL=4 OPENBLAS=1
Task      : 156/175
Comm      : graph
ZeroMsg   : true
Alpha     : 0.25
Seed      : 1
Run label : graph_zm_alpha0p25_seed1
Run dir   : runs/pursuit_20260608_220631/alpha/graph_zm/alpha0p25/seed1
Config    : /tmp/639739_156_graph_zm_alpha0p25_seed1.yaml
Start     : Mon Jun  8 22:54:27 EDT 2026
================
Mon Jun  8 22:54:27 2026       
+-----------------------------------------------------------------------------------------+
| NVIDIA-SMI 580.105.08             Driver Version: 580.105.08     CUDA Version: 13.0     |
+-----------------------------------------+------------------------+----------------------+
| GPU  Name                 Persistence-M | Bus-Id          Disp.A | Volatile Uncorr. ECC |
| Fan  Temp   Perf          Pwr:Usage/Cap |           Memory-Usage | GPU-Util  Compute M. |
|                                         |                        |               MIG M. |
|=========================================+========================+======================|
|   0  NVIDIA H100 PCIe               Off |   00000000:CA:00.0 Off |                    0 |
| N/A   42C    P0             50W /  310W |       0MiB /  81559MiB |      0%      Default |
|                                         |                        |             Disabled |
+-----------------------------------------+------------------------+----------------------+

+-----------------------------------------------------------------------------------------+
| Processes:                                                                              |
|  GPU   GI   CI              PID   Type   Process name                        GPU Memory |
|        ID   ID                                                               Usage      |
|=========================================================================================|
|  No running processes found                                                             |
+-----------------------------------------------------------------------------------------+
[env] kind=pursuit name=pursuit n_agents=10 obs_dim=5 action_dim=5 state_dim=23 num_envs=32
[train] Starting: total_iters=625 T=100 B=32 device=cuda:0 seed=1 render=off
iter=   0 step=   3200 ep_ret=-719.357 opt_ret=-719.357 step_rew=-7.1936 opt_step=-7.1936 gap0=719.357 dret=+0.000 eval_ret=-482.932 pursuer_target_distance=4.068 capture=0.000 score=0.000 pol=-0.0014 val=0.7289 ent=1.6065 tot=+0.3470 agnorm=0.042 cgnorm=0.231 kl=0.0028 clipf=0.015 ev=-0.608 r0=1.0000 entcoef=1.00e-02 lr=7.0e-04 seed=1
iter=   1 step=   6400 ep_ret=-679.548 opt_ret=-679.548 step_rew=-6.7955 opt_step=-6.7955 gap0=679.548 dret=+39.809 eval_ret=n/a pursuer_target_distance=3.872 capture=0.000 score=0.000 pol=-0.0008 val=0.4324 ent=1.6021 tot=+0.1994 agnorm=0.029 cgnorm=0.232 kl=0.0012 clipf=0.002 ev=+0.213 r0=1.0000 entcoef=9.99e-03 lr=7.0e-04 seed=1
iter=   2 step=   9600 ep_ret=-721.353 opt_ret=-721.353 step_rew=-7.2135 opt_step=-7.2135 gap0=721.353 dret=-1.996 eval_ret=n/a pursuer_target_distance=4.064 capture=0.000 score=0.000 pol=-0.0011 val=0.4050 ent=1.5978 tot=+0.1855 agnorm=0.038 cgnorm=0.243 kl=0.0019 clipf=0.009 ev=+0.368 r0=1.0000 entcoef=9.97e-03 lr=7.0e-04 seed=1
iter=   3 step=  12800 ep_ret=-775.578 opt_ret=-775.578 step_rew=-7.7558 opt_step=-7.7558 gap0=775.578 dret=-56.221 eval_ret=n/a pursuer_target_distance=4.818 capture=0.000 score=0.000 pol=-0.0010 val=0.4678 ent=1.5948 tot=+0.2170 agnorm=0.048 cgnorm=0.272 kl=0.0023 clipf=0.016 ev=+0.438 r0=1.0000 entcoef=9.96e-03 lr=7.0e-04 seed=1
iter=   4 step=  16000 ep_ret=-657.844 opt_ret=-657.844 step_rew=-6.5784 opt_step=-6.5784 gap0=657.844 dret=+61.513 eval_ret=n/a pursuer_target_distance=4.134 capture=0.000 score=0.000 pol=-0.0011 val=0.3023 ent=1.5907 tot=+0.1342 agnorm=0.048 cgnorm=0.232 kl=0.0024 clipf=0.014 ev=+0.495 r0=1.0000 entcoef=9.94e-03 lr=7.0e-04 seed=1
iter=   5 step=  19200 ep_ret=-761.191 opt_ret=-761.191 step_rew=-7.6119 opt_step=-7.6119 gap0=761.191 dret=-41.834 eval_ret=n/a pursuer_target_distance=4.960 capture=0.000 score=0.000 pol=-0.0007 val=0.3855 ent=1.5902 tot=+0.1763 agnorm=0.034 cgnorm=0.275 kl=0.0016 clipf=0.006 ev=+0.449 r0=1.0000 entcoef=9.93e-03 lr=6.9e-04 seed=1
iter=   6 step=  22400 ep_ret=-651.191 opt_ret=-651.191 step_rew=-6.5119 opt_step=-6.5119 gap0=651.191 dret=+68.166 eval_ret=n/a pursuer_target_distance=3.815 capture=0.000 score=0.000 pol=-0.0008 val=0.2520 ent=1.5828 tot=+0.1096 agnorm=0.026 cgnorm=0.224 kl=0.0016 clipf=0.006 ev=+0.443 r0=1.0000 entcoef=9.91e-03 lr=6.9e-04 seed=1
iter=   7 step=  25600 ep_ret=-649.018 opt_ret=-649.018 step_rew=-6.4902 opt_step=-6.4902 gap0=649.018 dret=+70.339 eval_ret=n/a pursuer_target_distance=3.520 capture=0.000 score=0.000 pol=-0.0009 val=0.2534 ent=1.5780 tot=+0.1102 agnorm=0.035 cgnorm=0.233 kl=0.0017 clipf=0.003 ev=+0.559 r0=1.0000 entcoef=9.90e-03 lr=6.9e-04 seed=1
iter=   8 step=  28800 ep_ret=-740.028 opt_ret=-740.028 step_rew=-7.4003 opt_step=-7.4003 gap0=740.028 dret=-20.670 eval_ret=n/a pursuer_target_distance=4.043 capture=0.000 score=0.000 pol=-0.0006 val=0.3142 ent=1.5831 tot=+0.1408 agnorm=0.032 cgnorm=0.275 kl=0.0011 clipf=0.004 ev=+0.522 r0=1.0000 entcoef=9.88e-03 lr=6.9e-04 seed=1
iter=   9 step=  32000 ep_ret=-659.459 opt_ret=-659.459 step_rew=-6.5946 opt_step=-6.5946 gap0=659.459 dret=+59.898 eval_ret=n/a pursuer_target_distance=3.708 capture=0.000 score=0.000 pol=-0.0010 val=0.2360 ent=1.5914 tot=+0.1012 agnorm=0.045 cgnorm=0.240 kl=0.0022 clipf=0.015 ev=+0.421 r0=1.0000 entcoef=9.87e-03 lr=6.9e-04 seed=1
iter=  10 step=  35200 ep_ret=-583.297 opt_ret=-583.297 step_rew=-5.8330 opt_step=-5.8330 gap0=583.297 dret=+136.061 eval_ret=n/a pursuer_target_distance=3.151 capture=0.000 score=0.000 pol=-0.0010 val=0.1565 ent=1.5797 tot=+0.0617 agnorm=0.040 cgnorm=0.187 kl=0.0024 clipf=0.016 ev=+0.628 r0=1.0000 entcoef=9.86e-03 lr=6.9e-04 seed=1
iter=  11 step=  38400 ep_ret=-701.507 opt_ret=-701.507 step_rew=-7.0151 opt_step=-7.0151 gap0=701.507 dret=+17.850 eval_ret=n/a pursuer_target_distance=3.812 capture=0.000 score=0.000 pol=-0.0009 val=0.2426 ent=1.5776 tot=+0.1049 agnorm=0.035 cgnorm=0.236 kl=0.0023 clipf=0.009 ev=+0.501 r0=1.0000 entcoef=9.84e-03 lr=6.9e-04 seed=1
iter=  12 step=  41600 ep_ret=-729.091 opt_ret=-729.091 step_rew=-7.2909 opt_step=-7.2909 gap0=729.091 dret=-9.734 eval_ret=n/a pursuer_target_distance=3.680 capture=0.000 score=0.000 pol=-0.0011 val=0.2697 ent=1.5759 tot=+0.1183 agnorm=0.035 cgnorm=0.263 kl=0.0018 clipf=0.009 ev=+0.581 r0=1.0000 entcoef=9.83e-03 lr=6.9e-04 seed=1
iter=  13 step=  44800 ep_ret=-644.963 opt_ret=-644.963 step_rew=-6.4496 opt_step=-6.4496 gap0=644.963 dret=+74.394 eval_ret=n/a pursuer_target_distance=3.553 capture=0.000 score=0.000 pol=-0.0017 val=0.1964 ent=1.5687 tot=+0.0811 agnorm=0.046 cgnorm=0.244 kl=0.0032 clipf=0.023 ev=+0.573 r0=1.0000 entcoef=9.81e-03 lr=6.9e-04 seed=1
iter=  14 step=  48000 ep_ret=-616.746 opt_ret=-616.746 step_rew=-6.1675 opt_step=-6.1675 gap0=616.746 dret=+102.611 eval_ret=n/a pursuer_target_distance=3.207 capture=0.000 score=0.000 pol=-0.0009 val=0.1398 ent=1.5591 tot=+0.0537 agnorm=0.026 cgnorm=0.215 kl=0.0015 clipf=0.004 ev=+0.712 r0=1.0000 entcoef=9.80e-03 lr=6.8e-04 seed=1
iter=  15 step=  51200 ep_ret=-774.459 opt_ret=-774.459 step_rew=-7.7446 opt_step=-7.7446 gap0=774.459 dret=-55.102 eval_ret=n/a pursuer_target_distance=4.421 capture=0.000 score=0.000 pol=-0.0006 val=0.3115 ent=1.5682 tot=+0.1398 agnorm=0.029 cgnorm=0.299 kl=0.0014 clipf=0.002 ev=+0.413 r0=1.0000 entcoef=9.78e-03 lr=6.8e-04 seed=1
iter=  16 step=  54400 ep_ret=-755.794 opt_ret=-755.794 step_rew=-7.5579 opt_step=-7.5579 gap0=755.794 dret=-36.436 eval_ret=n/a pursuer_target_distance=4.333 capture=0.000 score=0.000 pol=-0.0006 val=0.2690 ent=1.5688 tot=+0.1186 agnorm=0.031 cgnorm=0.282 kl=0.0017 clipf=0.009 ev=+0.668 r0=1.0000 entcoef=9.77e-03 lr=6.8e-04 seed=1
iter=  17 step=  57600 ep_ret=-709.312 opt_ret=-709.312 step_rew=-7.0931 opt_step=-7.0931 gap0=709.312 dret=+10.045 eval_ret=n/a pursuer_target_distance=3.738 capture=0.000 score=0.000 pol=-0.0007 val=0.1585 ent=1.5719 tot=+0.0633 agnorm=0.034 cgnorm=0.244 kl=0.0018 clipf=0.009 ev=+0.767 r0=1.0000 entcoef=9.75e-03 lr=6.8e-04 seed=1
iter=  18 step=  60800 ep_ret=-682.928 opt_ret=-682.928 step_rew=-6.8293 opt_step=-6.8293 gap0=682.928 dret=+36.429 eval_ret=n/a pursuer_target_distance=4.234 capture=0.000 score=0.000 pol=-0.0009 val=0.1843 ent=1.5687 tot=+0.0759 agnorm=0.041 cgnorm=0.233 kl=0.0022 clipf=0.013 ev=+0.670 r0=1.0000 entcoef=9.74e-03 lr=6.8e-04 seed=1
iter=  19 step=  64000 ep_ret=-748.368 opt_ret=-748.368 step_rew=-7.4837 opt_step=-7.4837 gap0=748.368 dret=-29.011 eval_ret=n/a pursuer_target_distance=4.428 capture=0.000 score=0.000 pol=-0.0008 val=0.2007 ent=1.5691 tot=+0.0844 agnorm=0.037 cgnorm=0.254 kl=0.0019 clipf=0.009 ev=+0.666 r0=1.0000 entcoef=9.73e-03 lr=6.8e-04 seed=1
iter=  20 step=  67200 ep_ret=-581.690 opt_ret=-581.690 step_rew=-5.8169 opt_step=-5.8169 gap0=581.690 dret=+137.667 eval_ret=-481.996 pursuer_target_distance=2.774 capture=0.000 score=0.000 pol=-0.0007 val=0.0530 ent=1.5722 tot=+0.0105 agnorm=0.030 cgnorm=0.153 kl=0.0017 clipf=0.007 ev=+0.840 r0=1.0000 entcoef=9.71e-03 lr=6.8e-04 seed=1
iter=  21 step=  70400 ep_ret=-681.275 opt_ret=-681.275 step_rew=-6.8127 opt_step=-6.8127 gap0=681.275 dret=+38.083 eval_ret=n/a pursuer_target_distance=3.455 capture=0.000 score=0.000 pol=-0.0009 val=0.1679 ent=1.5758 tot=+0.0678 agnorm=0.041 cgnorm=0.235 kl=0.0018 clipf=0.010 ev=+0.613 r0=1.0000 entcoef=9.70e-03 lr=6.8e-04 seed=1
iter=  22 step=  73600 ep_ret=-732.215 opt_ret=-732.215 step_rew=-7.3221 opt_step=-7.3221 gap0=732.215 dret=-12.857 eval_ret=n/a pursuer_target_distance=3.815 capture=0.000 score=0.000 pol=-0.0010 val=0.1632 ent=1.5719 tot=+0.0654 agnorm=0.035 cgnorm=0.254 kl=0.0019 clipf=0.005 ev=+0.738 r0=1.0000 entcoef=9.68e-03 lr=6.8e-04 seed=1
iter=  23 step=  76800 ep_ret=-678.619 opt_ret=-678.619 step_rew=-6.7862 opt_step=-6.7862 gap0=678.619 dret=+40.738 eval_ret=n/a pursuer_target_distance=3.591 capture=0.000 score=0.000 pol=-0.0012 val=0.0980 ent=1.5652 tot=+0.0327 agnorm=0.051 cgnorm=0.196 kl=0.0037 clipf=0.027 ev=+0.787 r0=1.0000 entcoef=9.67e-03 lr=6.7e-04 seed=1
iter=  24 step=  80000 ep_ret=-682.468 opt_ret=-682.468 step_rew=-6.8247 opt_step=-6.8247 gap0=682.468 dret=+36.889 eval_ret=n/a pursuer_target_distance=4.111 capture=0.000 score=0.000 pol=-0.0009 val=0.1219 ent=1.5570 tot=+0.0451 agnorm=0.039 cgnorm=0.214 kl=0.0025 clipf=0.015 ev=+0.788 r0=1.0000 entcoef=9.65e-03 lr=6.7e-04 seed=1
iter=  25 step=  83200 ep_ret=-638.054 opt_ret=-638.054 step_rew=-6.3805 opt_step=-6.3805 gap0=638.054 dret=+81.303 eval_ret=n/a pursuer_target_distance=3.088 capture=0.000 score=0.000 pol=-0.0014 val=0.0605 ent=1.5510 tot=+0.0139 agnorm=0.050 cgnorm=0.149 kl=0.0030 clipf=0.022 ev=+0.880 r0=1.0000 entcoef=9.64e-03 lr=6.7e-04 seed=1
iter=  26 step=  86400 ep_ret=-632.654 opt_ret=-632.654 step_rew=-6.3265 opt_step=-6.3265 gap0=632.654 dret=+86.704 eval_ret=n/a pursuer_target_distance=3.556 capture=0.000 score=0.000 pol=-0.0011 val=0.0763 ent=1.5497 tot=+0.0221 agnorm=0.041 cgnorm=0.177 kl=0.0026 clipf=0.018 ev=+0.853 r0=1.0000 entcoef=9.62e-03 lr=6.7e-04 seed=1
iter=  27 step=  89600 ep_ret=-666.946 opt_ret=-666.946 step_rew=-6.6695 opt_step=-6.6695 gap0=666.946 dret=+52.411 eval_ret=n/a pursuer_target_distance=3.653 capture=0.000 score=0.000 pol=-0.0015 val=0.0787 ent=1.5487 tot=+0.0230 agnorm=0.051 cgnorm=0.194 kl=0.0033 clipf=0.020 ev=+0.838 r0=1.0000 entcoef=9.61e-03 lr=6.7e-04 seed=1
iter=  28 step=  92800 ep_ret=-610.345 opt_ret=-610.345 step_rew=-6.1034 opt_step=-6.1034 gap0=610.345 dret=+109.013 eval_ret=n/a pursuer_target_distance=2.956 capture=0.000 score=0.000 pol=-0.0015 val=0.0638 ent=1.5397 tot=+0.0157 agnorm=0.071 cgnorm=0.171 kl=0.0033 clipf=0.029 ev=+0.791 r0=1.0000 entcoef=9.60e-03 lr=6.7e-04 seed=1
iter=  29 step=  96000 ep_ret=-593.027 opt_ret=-593.027 step_rew=-5.9303 opt_step=-5.9303 gap0=593.027 dret=+126.331 eval_ret=n/a pursuer_target_distance=2.557 capture=0.000 score=0.000 pol=-0.0007 val=0.0493 ent=1.5391 tot=+0.0092 agnorm=0.034 cgnorm=0.155 kl=0.0021 clipf=0.008 ev=+0.812 r0=1.0000 entcoef=9.58e-03 lr=6.7e-04 seed=1
iter=  30 step=  99200 ep_ret=-675.118 opt_ret=-675.118 step_rew=-6.7512 opt_step=-6.7512 gap0=675.118 dret=+44.239 eval_ret=n/a pursuer_target_distance=3.343 capture=0.000 score=0.000 pol=-0.0008 val=0.0710 ent=1.5320 tot=+0.0201 agnorm=0.039 cgnorm=0.194 kl=0.0020 clipf=0.013 ev=+0.788 r0=1.0000 entcoef=9.57e-03 lr=6.7e-04 seed=1
iter=  31 step= 102400 ep_ret=-631.983 opt_ret=-631.983 step_rew=-6.3198 opt_step=-6.3198 gap0=631.983 dret=+87.374 eval_ret=n/a pursuer_target_distance=3.405 capture=0.000 score=0.000 pol=-0.0004 val=0.0712 ent=1.5414 tot=+0.0204 agnorm=0.028 cgnorm=0.194 kl=0.0010 clipf=0.002 ev=+0.788 r0=1.0000 entcoef=9.55e-03 lr=6.7e-04 seed=1
iter=  32 step= 105600 ep_ret=-592.131 opt_ret=-592.131 step_rew=-5.9213 opt_step=-5.9213 gap0=592.131 dret=+127.226 eval_ret=n/a pursuer_target_distance=3.102 capture=0.000 score=0.000 pol=-0.0006 val=0.0511 ent=1.5322 tot=+0.0103 agnorm=0.041 cgnorm=0.159 kl=0.0017 clipf=0.012 ev=+0.823 r0=1.0000 entcoef=9.54e-03 lr=6.6e-04 seed=1
iter=  33 step= 108800 ep_ret=-681.571 opt_ret=-681.571 step_rew=-6.8157 opt_step=-6.8157 gap0=681.571 dret=+37.786 eval_ret=n/a pursuer_target_distance=3.642 capture=0.000 score=0.000 pol=-0.0007 val=0.0678 ent=1.5334 tot=+0.0186 agnorm=0.037 cgnorm=0.183 kl=0.0017 clipf=0.004 ev=+0.569 r0=1.0000 entcoef=9.52e-03 lr=6.6e-04 seed=1
iter=  34 step= 112000 ep_ret=-742.955 opt_ret=-742.955 step_rew=-7.4295 opt_step=-7.4295 gap0=742.955 dret=-23.598 eval_ret=n/a pursuer_target_distance=3.985 capture=0.000 score=0.000 pol=-0.0007 val=0.0941 ent=1.5496 tot=+0.0316 agnorm=0.050 cgnorm=0.220 kl=0.0020 clipf=0.013 ev=+0.783 r0=1.0000 entcoef=9.51e-03 lr=6.6e-04 seed=1
iter=  35 step= 115200 ep_ret=-613.065 opt_ret=-613.065 step_rew=-6.1306 opt_step=-6.1306 gap0=613.065 dret=+106.293 eval_ret=n/a pursuer_target_distance=3.269 capture=0.000 score=0.000 pol=-0.0012 val=0.0516 ent=1.5539 tot=+0.0098 agnorm=0.046 cgnorm=0.150 kl=0.0021 clipf=0.009 ev=+0.783 r0=1.0000 entcoef=9.50e-03 lr=6.6e-04 seed=1
iter=  36 step= 118400 ep_ret=-628.141 opt_ret=-628.141 step_rew=-6.2814 opt_step=-6.2814 gap0=628.141 dret=+91.216 eval_ret=n/a pursuer_target_distance=2.935 capture=0.000 score=0.000 pol=-0.0006 val=0.0579 ent=1.5615 tot=+0.0135 agnorm=0.052 cgnorm=0.165 kl=0.0021 clipf=0.016 ev=+0.613 r0=1.0000 entcoef=9.48e-03 lr=6.6e-04 seed=1
iter=  37 step= 121600 ep_ret=-727.787 opt_ret=-727.787 step_rew=-7.2779 opt_step=-7.2779 gap0=727.787 dret=-8.430 eval_ret=n/a pursuer_target_distance=4.118 capture=0.000 score=0.000 pol=-0.0008 val=0.0832 ent=1.5595 tot=+0.0261 agnorm=0.032 cgnorm=0.201 kl=0.0018 clipf=0.012 ev=+0.732 r0=1.0000 entcoef=9.47e-03 lr=6.6e-04 seed=1
iter=  38 step= 124800 ep_ret=-638.779 opt_ret=-638.779 step_rew=-6.3878 opt_step=-6.3878 gap0=638.779 dret=+80.579 eval_ret=n/a pursuer_target_distance=3.392 capture=0.000 score=0.000 pol=-0.0013 val=0.0630 ent=1.5514 tot=+0.0156 agnorm=0.043 cgnorm=0.186 kl=0.0026 clipf=0.018 ev=+0.663 r0=1.0000 entcoef=9.45e-03 lr=6.6e-04 seed=1
iter=  39 step= 128000 ep_ret=-584.729 opt_ret=-584.729 step_rew=-5.8473 opt_step=-5.8473 gap0=584.729 dret=+134.629 eval_ret=n/a pursuer_target_distance=2.743 capture=0.000 score=0.000 pol=-0.0006 val=0.0449 ent=1.5496 tot=+0.0072 agnorm=0.028 cgnorm=0.141 kl=0.0014 clipf=0.004 ev=+0.802 r0=1.0000 entcoef=9.44e-03 lr=6.6e-04 seed=1
iter=  40 step= 131200 ep_ret=-565.108 opt_ret=-565.108 step_rew=-5.6511 opt_step=-5.6511 gap0=565.108 dret=+154.249 eval_ret=-325.102 pursuer_target_distance=2.647 capture=0.000 score=0.000 pol=-0.0007 val=0.0325 ent=1.5506 tot=+0.0009 agnorm=0.033 cgnorm=0.121 kl=0.0013 clipf=0.006 ev=+0.710 r0=1.0000 entcoef=9.42e-03 lr=6.6e-04 seed=1
iter=  41 step= 134400 ep_ret=-602.501 opt_ret=-602.501 step_rew=-6.0250 opt_step=-6.0250 gap0=602.501 dret=+116.857 eval_ret=n/a pursuer_target_distance=3.110 capture=0.000 score=0.000 pol=-0.0010 val=0.0447 ent=1.5494 tot=+0.0068 agnorm=0.045 cgnorm=0.137 kl=0.0013 clipf=0.003 ev=+0.777 r0=1.0000 entcoef=9.41e-03 lr=6.5e-04 seed=1
iter=  42 step= 137600 ep_ret=-576.923 opt_ret=-576.923 step_rew=-5.7692 opt_step=-5.7692 gap0=576.923 dret=+142.434 eval_ret=n/a pursuer_target_distance=3.163 capture=0.000 score=0.000 pol=-0.0009 val=0.0391 ent=1.5489 tot=+0.0041 agnorm=0.040 cgnorm=0.143 kl=0.0023 clipf=0.015 ev=+0.748 r0=1.0000 entcoef=9.39e-03 lr=6.5e-04 seed=1
iter=  43 step= 140800 ep_ret=-589.872 opt_ret=-589.872 step_rew=-5.8987 opt_step=-5.8987 gap0=589.872 dret=+129.485 eval_ret=n/a pursuer_target_distance=3.082 capture=0.000 score=0.000 pol=-0.0013 val=0.0557 ent=1.5405 tot=+0.0120 agnorm=0.047 cgnorm=0.158 kl=0.0029 clipf=0.018 ev=+0.634 r0=1.0000 entcoef=9.38e-03 lr=6.5e-04 seed=1
iter=  44 step= 144000 ep_ret=-663.296 opt_ret=-663.296 step_rew=-6.6330 opt_step=-6.6330 gap0=663.296 dret=+56.061 eval_ret=n/a pursuer_target_distance=3.538 capture=0.000 score=0.000 pol=-0.0003 val=0.0579 ent=1.5410 tot=+0.0142 agnorm=0.029 cgnorm=0.152 kl=0.0018 clipf=0.003 ev=+0.578 r0=1.0000 entcoef=9.37e-03 lr=6.5e-04 seed=1
iter=  45 step= 147200 ep_ret=-590.713 opt_ret=-590.713 step_rew=-5.9071 opt_step=-5.9071 gap0=590.713 dret=+128.644 eval_ret=n/a pursuer_target_distance=3.044 capture=0.000 score=0.000 pol=-0.0012 val=0.0403 ent=1.5378 tot=+0.0045 agnorm=0.048 cgnorm=0.126 kl=0.0023 clipf=0.012 ev=+0.725 r0=1.0000 entcoef=9.35e-03 lr=6.5e-04 seed=1
iter=  46 step= 150400 ep_ret=-640.111 opt_ret=-640.111 step_rew=-6.4011 opt_step=-6.4011 gap0=640.111 dret=+79.246 eval_ret=n/a pursuer_target_distance=3.658 capture=0.000 score=0.000 pol=-0.0014 val=0.0421 ent=1.5308 tot=+0.0053 agnorm=0.054 cgnorm=0.144 kl=0.0033 clipf=0.031 ev=+0.794 r0=1.0000 entcoef=9.34e-03 lr=6.5e-04 seed=1
iter=  47 step= 153600 ep_ret=-629.472 opt_ret=-629.472 step_rew=-6.2947 opt_step=-6.2947 gap0=629.472 dret=+89.885 eval_ret=n/a pursuer_target_distance=3.208 capture=0.000 score=0.000 pol=-0.0010 val=0.0577 ent=1.5387 tot=+0.0135 agnorm=0.040 cgnorm=0.163 kl=0.0024 clipf=0.015 ev=+0.674 r0=1.0000 entcoef=9.32e-03 lr=6.5e-04 seed=1
iter=  48 step= 156800 ep_ret=-695.042 opt_ret=-695.042 step_rew=-6.9504 opt_step=-6.9504 gap0=695.042 dret=+24.315 eval_ret=n/a pursuer_target_distance=3.555 capture=0.000 score=0.000 pol=-0.0011 val=0.0560 ent=1.5426 tot=+0.0125 agnorm=0.038 cgnorm=0.166 kl=0.0024 clipf=0.017 ev=+0.720 r0=1.0000 entcoef=9.31e-03 lr=6.5e-04 seed=1
iter=  49 step= 160000 ep_ret=-659.817 opt_ret=-659.817 step_rew=-6.5982 opt_step=-6.5982 gap0=659.817 dret=+59.540 eval_ret=n/a pursuer_target_distance=3.124 capture=0.000 score=0.000 pol=-0.0008 val=0.0529 ent=1.5339 tot=+0.0114 agnorm=0.056 cgnorm=0.178 kl=0.0025 clipf=0.021 ev=+0.630 r0=1.0000 entcoef=9.29e-03 lr=6.5e-04 seed=1
iter=  50 step= 163200 ep_ret=-817.954 opt_ret=-817.954 step_rew=-8.1795 opt_step=-8.1795 gap0=817.954 dret=-98.596 eval_ret=n/a pursuer_target_distance=4.536 capture=0.000 score=0.000 pol=-0.0009 val=0.0979 ent=1.5414 tot=+0.0337 agnorm=0.057 cgnorm=0.204 kl=0.0029 clipf=0.024 ev=+0.538 r0=1.0000 entcoef=9.28e-03 lr=6.4e-04 seed=1
iter=  51 step= 166400 ep_ret=-645.291 opt_ret=-645.291 step_rew=-6.4529 opt_step=-6.4529 gap0=645.291 dret=+74.066 eval_ret=n/a pursuer_target_distance=3.216 capture=0.000 score=0.000 pol=-0.0014 val=0.0391 ent=1.5230 tot=+0.0040 agnorm=0.057 cgnorm=0.146 kl=0.0038 clipf=0.028 ev=+0.739 r0=1.0000 entcoef=9.26e-03 lr=6.4e-04 seed=1
iter=  52 step= 169600 ep_ret=-652.714 opt_ret=-652.714 step_rew=-6.5271 opt_step=-6.5271 gap0=652.714 dret=+66.644 eval_ret=n/a pursuer_target_distance=3.409 capture=0.000 score=0.000 pol=-0.0004 val=0.0372 ent=1.5244 tot=+0.0041 agnorm=0.029 cgnorm=0.157 kl=0.0012 clipf=0.003 ev=+0.780 r0=1.0000 entcoef=9.25e-03 lr=6.4e-04 seed=1
iter=  53 step= 172800 ep_ret=-699.504 opt_ret=-699.504 step_rew=-6.9950 opt_step=-6.9950 gap0=699.504 dret=+19.853 eval_ret=n/a pursuer_target_distance=3.219 capture=0.000 score=0.000 pol=-0.0005 val=0.0341 ent=1.5391 tot=+0.0023 agnorm=0.033 cgnorm=0.132 kl=0.0014 clipf=0.004 ev=+0.838 r0=1.0000 entcoef=9.24e-03 lr=6.4e-04 seed=1
iter=  54 step= 176000 ep_ret=-612.082 opt_ret=-612.082 step_rew=-6.1208 opt_step=-6.1208 gap0=612.082 dret=+107.275 eval_ret=n/a pursuer_target_distance=3.353 capture=0.000 score=0.000 pol=-0.0009 val=0.0347 ent=1.5437 tot=+0.0022 agnorm=0.035 cgnorm=0.135 kl=0.0019 clipf=0.011 ev=+0.688 r0=1.0000 entcoef=9.22e-03 lr=6.4e-04 seed=1
iter=  55 step= 179200 ep_ret=-653.339 opt_ret=-653.339 step_rew=-6.5334 opt_step=-6.5334 gap0=653.339 dret=+66.019 eval_ret=n/a pursuer_target_distance=3.196 capture=0.000 score=0.000 pol=-0.0006 val=0.0402 ent=1.5401 tot=+0.0053 agnorm=0.031 cgnorm=0.154 kl=0.0012 clipf=0.005 ev=+0.629 r0=1.0000 entcoef=9.21e-03 lr=6.4e-04 seed=1
iter=  56 step= 182400 ep_ret=-666.015 opt_ret=-666.015 step_rew=-6.6601 opt_step=-6.6601 gap0=666.015 dret=+53.342 eval_ret=n/a pursuer_target_distance=3.602 capture=0.000 score=0.000 pol=-0.0010 val=0.0344 ent=1.5340 tot=+0.0021 agnorm=0.034 cgnorm=0.140 kl=0.0028 clipf=0.013 ev=+0.760 r0=1.0000 entcoef=9.19e-03 lr=6.4e-04 seed=1
iter=  57 step= 185600 ep_ret=-621.200 opt_ret=-621.200 step_rew=-6.2120 opt_step=-6.2120 gap0=621.200 dret=+98.157 eval_ret=n/a pursuer_target_distance=2.826 capture=0.000 score=0.000 pol=-0.0010 val=0.0228 ent=1.5143 tot=-0.0035 agnorm=0.036 cgnorm=0.121 kl=0.0021 clipf=0.010 ev=+0.816 r0=1.0000 entcoef=9.18e-03 lr=6.4e-04 seed=1
iter=  58 step= 188800 ep_ret=-741.040 opt_ret=-741.040 step_rew=-7.4104 opt_step=-7.4104 gap0=741.040 dret=-21.683 eval_ret=n/a pursuer_target_distance=4.061 capture=0.000 score=0.000 pol=-0.0011 val=0.0507 ent=1.5021 tot=+0.0105 agnorm=0.039 cgnorm=0.175 kl=0.0019 clipf=0.007 ev=+0.753 r0=1.0000 entcoef=9.16e-03 lr=6.4e-04 seed=1
iter=  59 step= 192000 ep_ret=-679.234 opt_ret=-679.234 step_rew=-6.7923 opt_step=-6.7923 gap0=679.234 dret=+40.123 eval_ret=n/a pursuer_target_distance=3.403 capture=0.000 score=0.000 pol=-0.0008 val=0.0432 ent=1.4900 tot=+0.0071 agnorm=0.039 cgnorm=0.146 kl=0.0014 clipf=0.012 ev=+0.617 r0=1.0000 entcoef=9.15e-03 lr=6.3e-04 seed=1
iter=  60 step= 195200 ep_ret=-656.941 opt_ret=-656.941 step_rew=-6.5694 opt_step=-6.5694 gap0=656.941 dret=+62.417 eval_ret=-481.489 pursuer_target_distance=2.811 capture=0.000 score=0.000 pol=-0.0012 val=0.0283 ent=1.5034 tot=-0.0008 agnorm=0.060 cgnorm=0.126 kl=0.0029 clipf=0.020 ev=+0.795 r0=1.0000 entcoef=9.13e-03 lr=6.3e-04 seed=1
iter=  61 step= 198400 ep_ret=-636.464 opt_ret=-636.464 step_rew=-6.3646 opt_step=-6.3646 gap0=636.464 dret=+82.894 eval_ret=n/a pursuer_target_distance=3.656 capture=0.000 score=0.000 pol=-0.0009 val=0.0380 ent=1.5152 tot=+0.0043 agnorm=0.053 cgnorm=0.150 kl=0.0026 clipf=0.018 ev=+0.657 r0=1.0000 entcoef=9.12e-03 lr=6.3e-04 seed=1
iter=  62 step= 201600 ep_ret=-667.816 opt_ret=-667.816 step_rew=-6.6782 opt_step=-6.6782 gap0=667.816 dret=+51.541 eval_ret=n/a pursuer_target_distance=3.068 capture=0.000 score=0.000 pol=-0.0007 val=0.0250 ent=1.5128 tot=-0.0020 agnorm=0.034 cgnorm=0.124 kl=0.0023 clipf=0.005 ev=+0.682 r0=1.0000 entcoef=9.11e-03 lr=6.3e-04 seed=1
iter=  63 step= 204800 ep_ret=-752.512 opt_ret=-752.512 step_rew=-7.5251 opt_step=-7.5251 gap0=752.512 dret=-33.155 eval_ret=n/a pursuer_target_distance=3.685 capture=0.000 score=0.000 pol=-0.0014 val=0.0431 ent=1.5086 tot=+0.0065 agnorm=0.072 cgnorm=0.140 kl=0.0045 clipf=0.034 ev=+0.710 r0=1.0000 entcoef=9.09e-03 lr=6.3e-04 seed=1
iter=  64 step= 208000 ep_ret=-621.429 opt_ret=-621.429 step_rew=-6.2143 opt_step=-6.2143 gap0=621.429 dret=+97.928 eval_ret=n/a pursuer_target_distance=3.030 capture=0.000 score=0.000 pol=-0.0008 val=0.0372 ent=1.4972 tot=+0.0042 agnorm=0.034 cgnorm=0.132 kl=0.0025 clipf=0.010 ev=+0.723 r0=1.0000 entcoef=9.08e-03 lr=6.3e-04 seed=1
iter=  65 step= 211200 ep_ret=-580.004 opt_ret=-580.004 step_rew=-5.8000 opt_step=-5.8000 gap0=580.004 dret=+139.354 eval_ret=n/a pursuer_target_distance=2.784 capture=0.000 score=0.000 pol=-0.0005 val=0.0272 ent=1.5017 tot=-0.0005 agnorm=0.037 cgnorm=0.124 kl=0.0020 clipf=0.009 ev=+0.699 r0=1.0000 entcoef=9.06e-03 lr=6.3e-04 seed=1
iter=  66 step= 214400 ep_ret=-631.166 opt_ret=-631.166 step_rew=-6.3117 opt_step=-6.3117 gap0=631.166 dret=+88.191 eval_ret=n/a pursuer_target_distance=3.098 capture=0.000 score=0.000 pol=-0.0010 val=0.0180 ent=1.5033 tot=-0.0056 agnorm=0.064 cgnorm=0.094 kl=0.0027 clipf=0.017 ev=+0.847 r0=1.0000 entcoef=9.05e-03 lr=6.3e-04 seed=1
iter=  67 step= 217600 ep_ret=-678.294 opt_ret=-678.294 step_rew=-6.7829 opt_step=-6.7829 gap0=678.294 dret=+41.063 eval_ret=n/a pursuer_target_distance=3.318 capture=0.000 score=0.000 pol=-0.0010 val=0.0502 ent=1.5139 tot=+0.0104 agnorm=0.051 cgnorm=0.159 kl=0.0030 clipf=0.020 ev=+0.679 r0=1.0000 entcoef=9.03e-03 lr=6.3e-04 seed=1
iter=  68 step= 220800 ep_ret=-585.304 opt_ret=-585.304 step_rew=-5.8530 opt_step=-5.8530 gap0=585.304 dret=+134.053 eval_ret=n/a pursuer_target_distance=2.998 capture=0.000 score=0.000 pol=-0.0007 val=0.0468 ent=1.4997 tot=+0.0092 agnorm=0.036 cgnorm=0.145 kl=0.0017 clipf=0.008 ev=+0.597 r0=1.0000 entcoef=9.02e-03 lr=6.2e-04 seed=1
iter=  69 step= 224000 ep_ret=-662.277 opt_ret=-662.277 step_rew=-6.6228 opt_step=-6.6228 gap0=662.277 dret=+57.080 eval_ret=n/a pursuer_target_distance=3.392 capture=0.000 score=0.000 pol=-0.0011 val=0.0352 ent=1.4937 tot=+0.0031 agnorm=0.038 cgnorm=0.119 kl=0.0020 clipf=0.012 ev=+0.648 r0=1.0000 entcoef=9.00e-03 lr=6.2e-04 seed=1
iter=  70 step= 227200 ep_ret=-612.321 opt_ret=-612.321 step_rew=-6.1232 opt_step=-6.1232 gap0=612.321 dret=+107.036 eval_ret=n/a pursuer_target_distance=2.880 capture=0.000 score=0.000 pol=-0.0008 val=0.0317 ent=1.5206 tot=+0.0014 agnorm=0.043 cgnorm=0.122 kl=0.0025 clipf=0.019 ev=+0.682 r0=1.0000 entcoef=8.99e-03 lr=6.2e-04 seed=1
iter=  71 step= 230400 ep_ret=-666.360 opt_ret=-666.360 step_rew=-6.6636 opt_step=-6.6636 gap0=666.360 dret=+52.997 eval_ret=n/a pursuer_target_distance=3.868 capture=0.000 score=0.000 pol=-0.0007 val=0.0422 ent=1.5303 tot=+0.0067 agnorm=0.042 cgnorm=0.139 kl=0.0018 clipf=0.010 ev=+0.736 r0=1.0000 entcoef=8.98e-03 lr=6.2e-04 seed=1
iter=  72 step= 233600 ep_ret=-589.863 opt_ret=-589.863 step_rew=-5.8986 opt_step=-5.8986 gap0=589.863 dret=+129.495 eval_ret=n/a pursuer_target_distance=3.051 capture=0.000 score=0.000 pol=-0.0006 val=0.0217 ent=1.5366 tot=-0.0035 agnorm=0.038 cgnorm=0.104 kl=0.0015 clipf=0.011 ev=+0.792 r0=1.0000 entcoef=8.96e-03 lr=6.2e-04 seed=1
iter=  73 step= 236800 ep_ret=-596.535 opt_ret=-596.535 step_rew=-5.9653 opt_step=-5.9653 gap0=596.535 dret=+122.823 eval_ret=n/a pursuer_target_distance=2.953 capture=0.000 score=0.000 pol=-0.0005 val=0.0405 ent=1.5426 tot=+0.0060 agnorm=0.035 cgnorm=0.134 kl=0.0017 clipf=0.009 ev=+0.654 r0=1.0000 entcoef=8.95e-03 lr=6.2e-04 seed=1
iter=  74 step= 240000 ep_ret=-634.839 opt_ret=-634.839 step_rew=-6.3484 opt_step=-6.3484 gap0=634.839 dret=+84.518 eval_ret=n/a pursuer_target_distance=2.834 capture=0.000 score=0.000 pol=-0.0014 val=0.0309 ent=1.5535 tot=+0.0002 agnorm=0.056 cgnorm=0.123 kl=0.0032 clipf=0.022 ev=+0.641 r0=1.0000 entcoef=8.93e-03 lr=6.2e-04 seed=1
iter=  75 step= 243200 ep_ret=-679.352 opt_ret=-679.352 step_rew=-6.7935 opt_step=-6.7935 gap0=679.352 dret=+40.005 eval_ret=n/a pursuer_target_distance=3.626 capture=0.000 score=0.000 pol=-0.0005 val=0.0342 ent=1.5534 tot=+0.0027 agnorm=0.035 cgnorm=0.117 kl=0.0012 clipf=0.007 ev=+0.661 r0=1.0000 entcoef=8.92e-03 lr=6.2e-04 seed=1
iter=  76 step= 246400 ep_ret=-640.577 opt_ret=-640.577 step_rew=-6.4058 opt_step=-6.4058 gap0=640.577 dret=+78.780 eval_ret=n/a pursuer_target_distance=3.180 capture=0.000 score=0.000 pol=-0.0008 val=0.0330 ent=1.5461 tot=+0.0019 agnorm=0.030 cgnorm=0.126 kl=0.0013 clipf=0.010 ev=+0.644 r0=1.0000 entcoef=8.90e-03 lr=6.2e-04 seed=1
iter=  77 step= 249600 ep_ret=-626.141 opt_ret=-626.141 step_rew=-6.2614 opt_step=-6.2614 gap0=626.141 dret=+93.216 eval_ret=n/a pursuer_target_distance=3.269 capture=0.000 score=0.000 pol=-0.0006 val=0.0255 ent=1.5469 tot=-0.0016 agnorm=0.027 cgnorm=0.100 kl=0.0013 clipf=0.002 ev=+0.782 r0=1.0000 entcoef=8.89e-03 lr=6.1e-04 seed=1
iter=  78 step= 252800 ep_ret=-686.760 opt_ret=-686.760 step_rew=-6.8676 opt_step=-6.8676 gap0=686.760 dret=+32.597 eval_ret=n/a pursuer_target_distance=3.579 capture=0.000 score=0.000 pol=-0.0012 val=0.0370 ent=1.5357 tot=+0.0036 agnorm=0.056 cgnorm=0.108 kl=0.0031 clipf=0.014 ev=+0.653 r0=1.0000 entcoef=8.88e-03 lr=6.1e-04 seed=1
iter=  79 step= 256000 ep_ret=-579.520 opt_ret=-579.520 step_rew=-5.7952 opt_step=-5.7952 gap0=579.520 dret=+139.838 eval_ret=n/a pursuer_target_distance=2.641 capture=0.000 score=0.000 pol=-0.0007 val=0.0335 ent=1.5292 tot=+0.0026 agnorm=0.050 cgnorm=0.117 kl=0.0023 clipf=0.012 ev=+0.570 r0=1.0000 entcoef=8.86e-03 lr=6.1e-04 seed=1
iter=  80 step= 259200 ep_ret=-574.503 opt_ret=-574.503 step_rew=-5.7450 opt_step=-5.7450 gap0=574.503 dret=+144.854 eval_ret=-371.456 pursuer_target_distance=2.709 capture=0.000 score=0.000 pol=-0.0006 val=0.0322 ent=1.5338 tot=+0.0020 agnorm=0.034 cgnorm=0.111 kl=0.0013 clipf=0.005 ev=+0.733 r0=1.0000 entcoef=8.85e-03 lr=6.1e-04 seed=1
iter=  81 step= 262400 ep_ret=-619.124 opt_ret=-619.124 step_rew=-6.1912 opt_step=-6.1912 gap0=619.124 dret=+100.233 eval_ret=n/a pursuer_target_distance=2.925 capture=0.000 score=0.000 pol=-0.0006 val=0.0317 ent=1.5400 tot=+0.0016 agnorm=0.028 cgnorm=0.112 kl=0.0013 clipf=0.003 ev=+0.703 r0=1.0000 entcoef=8.83e-03 lr=6.1e-04 seed=1
iter=  82 step= 265600 ep_ret=-614.695 opt_ret=-614.695 step_rew=-6.1469 opt_step=-6.1469 gap0=614.695 dret=+104.662 eval_ret=n/a pursuer_target_distance=3.401 capture=0.000 score=0.000 pol=-0.0007 val=0.0318 ent=1.5414 tot=+0.0016 agnorm=0.048 cgnorm=0.110 kl=0.0016 clipf=0.009 ev=+0.647 r0=1.0000 entcoef=8.82e-03 lr=6.1e-04 seed=1
iter=  83 step= 268800 ep_ret=-673.330 opt_ret=-673.330 step_rew=-6.7333 opt_step=-6.7333 gap0=673.330 dret=+46.027 eval_ret=n/a pursuer_target_distance=3.245 capture=0.000 score=0.000 pol=-0.0009 val=0.0298 ent=1.5444 tot=+0.0005 agnorm=0.046 cgnorm=0.110 kl=0.0022 clipf=0.015 ev=+0.744 r0=1.0000 entcoef=8.80e-03 lr=6.1e-04 seed=1
iter=  84 step= 272000 ep_ret=-570.507 opt_ret=-570.507 step_rew=-5.7051 opt_step=-5.7051 gap0=570.507 dret=+148.851 eval_ret=n/a pursuer_target_distance=2.894 capture=0.000 score=0.000 pol=-0.0004 val=0.0364 ent=1.5570 tot=+0.0041 agnorm=0.029 cgnorm=0.114 kl=0.0010 clipf=0.002 ev=+0.578 r0=1.0000 entcoef=8.79e-03 lr=6.1e-04 seed=1
iter=  85 step= 275200 ep_ret=-690.474 opt_ret=-690.474 step_rew=-6.9047 opt_step=-6.9047 gap0=690.474 dret=+28.884 eval_ret=n/a pursuer_target_distance=3.490 capture=0.000 score=0.000 pol=-0.0007 val=0.0388 ent=1.5635 tot=+0.0049 agnorm=0.036 cgnorm=0.125 kl=0.0020 clipf=0.009 ev=+0.672 r0=1.0000 entcoef=8.77e-03 lr=6.1e-04 seed=1
iter=  86 step= 278400 ep_ret=-558.170 opt_ret=-558.170 step_rew=-5.5817 opt_step=-5.5817 gap0=558.170 dret=+161.187 eval_ret=n/a pursuer_target_distance=2.849 capture=0.000 score=0.000 pol=-0.0007 val=0.0248 ent=1.5607 tot=-0.0020 agnorm=0.034 cgnorm=0.103 kl=0.0010 clipf=0.001 ev=+0.814 r0=1.0000 entcoef=8.76e-03 lr=6.0e-04 seed=1
iter=  87 step= 281600 ep_ret=-610.758 opt_ret=-610.758 step_rew=-6.1076 opt_step=-6.1076 gap0=610.758 dret=+108.599 eval_ret=n/a pursuer_target_distance=3.124 capture=0.000 score=0.000 pol=-0.0012 val=0.0350 ent=1.5468 tot=+0.0028 agnorm=0.036 cgnorm=0.120 kl=0.0022 clipf=0.014 ev=+0.554 r0=1.0000 entcoef=8.75e-03 lr=6.0e-04 seed=1
iter=  88 step= 284800 ep_ret=-597.766 opt_ret=-597.766 step_rew=-5.9777 opt_step=-5.9777 gap0=597.766 dret=+121.591 eval_ret=n/a pursuer_target_distance=2.830 capture=0.000 score=0.000 pol=-0.0009 val=0.0216 ent=1.5526 tot=-0.0036 agnorm=0.038 cgnorm=0.088 kl=0.0019 clipf=0.010 ev=+0.710 r0=1.0000 entcoef=8.73e-03 lr=6.0e-04 seed=1
iter=  89 step= 288000 ep_ret=-687.034 opt_ret=-687.034 step_rew=-6.8703 opt_step=-6.8703 gap0=687.034 dret=+32.323 eval_ret=n/a pursuer_target_distance=3.695 capture=0.000 score=0.000 pol=-0.0012 val=0.0492 ent=1.5676 tot=+0.0097 agnorm=0.067 cgnorm=0.129 kl=0.0033 clipf=0.034 ev=+0.582 r0=1.0000 entcoef=8.72e-03 lr=6.0e-04 seed=1
iter=  90 step= 291200 ep_ret=-644.709 opt_ret=-644.709 step_rew=-6.4471 opt_step=-6.4471 gap0=644.709 dret=+74.649 eval_ret=n/a pursuer_target_distance=3.603 capture=0.000 score=0.000 pol=-0.0005 val=0.0214 ent=1.5686 tot=-0.0035 agnorm=0.035 cgnorm=0.087 kl=0.0017 clipf=0.003 ev=+0.772 r0=1.0000 entcoef=8.70e-03 lr=6.0e-04 seed=1
iter=  91 step= 294400 ep_ret=-690.002 opt_ret=-690.002 step_rew=-6.9000 opt_step=-6.9000 gap0=690.002 dret=+29.355 eval_ret=n/a pursuer_target_distance=4.030 capture=0.000 score=0.000 pol=-0.0009 val=0.0263 ent=1.5670 tot=-0.0013 agnorm=0.051 cgnorm=0.090 kl=0.0021 clipf=0.012 ev=+0.756 r0=1.0000 entcoef=8.69e-03 lr=6.0e-04 seed=1
iter=  92 step= 297600 ep_ret=-606.724 opt_ret=-606.724 step_rew=-6.0672 opt_step=-6.0672 gap0=606.724 dret=+112.633 eval_ret=n/a pursuer_target_distance=2.954 capture=0.000 score=0.000 pol=-0.0004 val=0.0349 ent=1.5659 tot=+0.0035 agnorm=0.031 cgnorm=0.115 kl=0.0011 clipf=0.003 ev=+0.632 r0=1.0000 entcoef=8.67e-03 lr=6.0e-04 seed=1
iter=  93 step= 300800 ep_ret=-708.515 opt_ret=-708.515 step_rew=-7.0852 opt_step=-7.0852 gap0=708.515 dret=+10.842 eval_ret=n/a pursuer_target_distance=3.503 capture=0.000 score=0.000 pol=-0.0008 val=0.0285 ent=1.5596 tot=+0.0000 agnorm=0.038 cgnorm=0.088 kl=0.0008 clipf=0.001 ev=+0.588 r0=1.0000 entcoef=8.66e-03 lr=6.0e-04 seed=1
iter=  94 step= 304000 ep_ret=-647.479 opt_ret=-647.479 step_rew=-6.4748 opt_step=-6.4748 gap0=647.479 dret=+71.878 eval_ret=n/a pursuer_target_distance=3.294 capture=0.000 score=0.000 pol=-0.0006 val=0.0304 ent=1.5532 tot=+0.0012 agnorm=0.033 cgnorm=0.095 kl=0.0017 clipf=0.003 ev=+0.702 r0=1.0000 entcoef=8.64e-03 lr=6.0e-04 seed=1
iter=  95 step= 307200 ep_ret=-532.026 opt_ret=-532.026 step_rew=-5.3203 opt_step=-5.3203 gap0=532.026 dret=+187.331 eval_ret=n/a pursuer_target_distance=2.798 capture=0.000 score=0.000 pol=-0.0006 val=0.0367 ent=1.5479 tot=+0.0044 agnorm=0.027 cgnorm=0.119 kl=0.0014 clipf=0.006 ev=+0.609 r0=1.0000 entcoef=8.63e-03 lr=5.9e-04 seed=1
iter=  96 step= 310400 ep_ret=-592.989 opt_ret=-592.989 step_rew=-5.9299 opt_step=-5.9299 gap0=592.989 dret=+126.369 eval_ret=n/a pursuer_target_distance=2.784 capture=0.000 score=0.000 pol=-0.0008 val=0.0294 ent=1.5406 tot=+0.0006 agnorm=0.036 cgnorm=0.096 kl=0.0015 clipf=0.014 ev=+0.631 r0=1.0000 entcoef=8.62e-03 lr=5.9e-04 seed=1
iter=  97 step= 313600 ep_ret=-600.327 opt_ret=-600.327 step_rew=-6.0033 opt_step=-6.0033 gap0=600.327 dret=+119.031 eval_ret=n/a pursuer_target_distance=2.968 capture=0.000 score=0.000 pol=-0.0006 val=0.0342 ent=1.5246 tot=+0.0034 agnorm=0.026 cgnorm=0.105 kl=0.0019 clipf=0.002 ev=+0.566 r0=1.0000 entcoef=8.60e-03 lr=5.9e-04 seed=1
iter=  98 step= 316800 ep_ret=-550.336 opt_ret=-550.336 step_rew=-5.5034 opt_step=-5.5034 gap0=550.336 dret=+169.021 eval_ret=n/a pursuer_target_distance=2.951 capture=0.000 score=0.000 pol=-0.0008 val=0.0436 ent=1.4992 tot=+0.0081 agnorm=0.042 cgnorm=0.112 kl=0.0024 clipf=0.016 ev=+0.515 r0=1.0000 entcoef=8.59e-03 lr=5.9e-04 seed=1
iter=  99 step= 320000 ep_ret=-585.825 opt_ret=-585.825 step_rew=-5.8582 opt_step=-5.8582 gap0=585.825 dret=+133.533 eval_ret=n/a pursuer_target_distance=3.371 capture=0.000 score=0.000 pol=-0.0009 val=0.0452 ent=1.5149 tot=+0.0087 agnorm=0.034 cgnorm=0.105 kl=0.0019 clipf=0.012 ev=+0.465 r0=1.0000 entcoef=8.57e-03 lr=5.9e-04 seed=1
iter= 100 step= 323200 ep_ret=-604.049 opt_ret=-604.049 step_rew=-6.0405 opt_step=-6.0405 gap0=604.049 dret=+115.309 eval_ret=-344.294 pursuer_target_distance=2.847 capture=0.000 score=0.000 pol=-0.0008 val=0.0321 ent=1.5056 tot=+0.0024 agnorm=0.035 cgnorm=0.090 kl=0.0015 clipf=0.005 ev=+0.632 r0=1.0000 entcoef=8.56e-03 lr=5.9e-04 seed=1
iter= 101 step= 326400 ep_ret=-544.654 opt_ret=-544.654 step_rew=-5.4465 opt_step=-5.4465 gap0=544.654 dret=+174.704 eval_ret=n/a pursuer_target_distance=2.555 capture=0.001 score=0.000 pol=-0.0011 val=0.0363 ent=1.4787 tot=+0.0044 agnorm=0.041 cgnorm=0.091 kl=0.0023 clipf=0.014 ev=+0.634 r0=1.0000 entcoef=8.54e-03 lr=5.9e-04 seed=1
iter= 102 step= 329600 ep_ret=-507.497 opt_ret=-507.497 step_rew=-5.0750 opt_step=-5.0750 gap0=507.497 dret=+211.860 eval_ret=n/a pursuer_target_distance=2.600 capture=0.000 score=0.000 pol=-0.0005 val=0.0340 ent=1.4754 tot=+0.0039 agnorm=0.030 cgnorm=0.082 kl=0.0016 clipf=0.005 ev=+0.600 r0=1.0000 entcoef=8.53e-03 lr=5.9e-04 seed=1
iter= 103 step= 332800 ep_ret=-553.911 opt_ret=-553.911 step_rew=-5.5391 opt_step=-5.5391 gap0=553.911 dret=+165.447 eval_ret=n/a pursuer_target_distance=2.885 capture=0.000 score=0.000 pol=-0.0009 val=0.0346 ent=1.4798 tot=+0.0038 agnorm=0.042 cgnorm=0.083 kl=0.0016 clipf=0.010 ev=+0.643 r0=1.0000 entcoef=8.51e-03 lr=5.9e-04 seed=1
iter= 104 step= 336000 ep_ret=-544.572 opt_ret=-544.572 step_rew=-5.4457 opt_step=-5.4457 gap0=544.572 dret=+174.785 eval_ret=n/a pursuer_target_distance=2.444 capture=0.000 score=0.000 pol=-0.0007 val=0.0370 ent=1.4863 tot=+0.0051 agnorm=0.041 cgnorm=0.084 kl=0.0020 clipf=0.012 ev=+0.545 r0=1.0000 entcoef=8.50e-03 lr=5.9e-04 seed=1
iter= 105 step= 339200 ep_ret=-433.989 opt_ret=-433.989 step_rew=-4.3399 opt_step=-4.3399 gap0=433.989 dret=+285.369 eval_ret=n/a pursuer_target_distance=1.984 capture=0.000 score=0.000 pol=-0.0015 val=0.0377 ent=1.4616 tot=+0.0050 agnorm=0.061 cgnorm=0.089 kl=0.0028 clipf=0.023 ev=+0.693 r0=1.0000 entcoef=8.49e-03 lr=5.8e-04 seed=1
iter= 106 step= 342400 ep_ret=-506.874 opt_ret=-506.874 step_rew=-5.0687 opt_step=-5.0687 gap0=506.874 dret=+212.483 eval_ret=n/a pursuer_target_distance=2.416 capture=0.000 score=0.000 pol=-0.0008 val=0.0444 ent=1.4701 tot=+0.0089 agnorm=0.042 cgnorm=0.104 kl=0.0026 clipf=0.017 ev=+0.437 r0=1.0000 entcoef=8.47e-03 lr=5.8e-04 seed=1
iter= 107 step= 345600 ep_ret=-552.287 opt_ret=-552.287 step_rew=-5.5229 opt_step=-5.5229 gap0=552.287 dret=+167.070 eval_ret=n/a pursuer_target_distance=3.059 capture=0.000 score=0.000 pol=-0.0009 val=0.0448 ent=1.4682 tot=+0.0091 agnorm=0.036 cgnorm=0.096 kl=0.0019 clipf=0.008 ev=+0.510 r0=1.0000 entcoef=8.46e-03 lr=5.8e-04 seed=1
iter= 108 step= 348800 ep_ret=-604.451 opt_ret=-604.451 step_rew=-6.0445 opt_step=-6.0445 gap0=604.451 dret=+114.906 eval_ret=n/a pursuer_target_distance=2.756 capture=0.000 score=0.000 pol=-0.0010 val=0.0378 ent=1.4619 tot=+0.0056 agnorm=0.043 cgnorm=0.092 kl=0.0030 clipf=0.014 ev=+0.685 r0=1.0000 entcoef=8.44e-03 lr=5.8e-04 seed=1
iter= 109 step= 352000 ep_ret=-538.597 opt_ret=-538.597 step_rew=-5.3860 opt_step=-5.3860 gap0=538.597 dret=+180.760 eval_ret=n/a pursuer_target_distance=2.568 capture=0.000 score=0.000 pol=-0.0006 val=0.0457 ent=1.4548 tot=+0.0099 agnorm=0.035 cgnorm=0.095 kl=0.0015 clipf=0.007 ev=+0.510 r0=1.0000 entcoef=8.43e-03 lr=5.8e-04 seed=1
iter= 110 step= 355200 ep_ret=-490.499 opt_ret=-490.499 step_rew=-4.9050 opt_step=-4.9050 gap0=490.499 dret=+228.859 eval_ret=n/a pursuer_target_distance=2.504 capture=0.000 score=0.000 pol=-0.0011 val=0.0334 ent=1.4597 tot=+0.0033 agnorm=0.050 cgnorm=0.085 kl=0.0030 clipf=0.024 ev=+0.728 r0=1.0000 entcoef=8.41e-03 lr=5.8e-04 seed=1
iter= 111 step= 358400 ep_ret=-572.530 opt_ret=-572.530 step_rew=-5.7253 opt_step=-5.7253 gap0=572.530 dret=+146.828 eval_ret=n/a pursuer_target_distance=2.578 capture=0.000 score=0.000 pol=-0.0010 val=0.0400 ent=1.4555 tot=+0.0067 agnorm=0.057 cgnorm=0.090 kl=0.0026 clipf=0.018 ev=+0.499 r0=1.0000 entcoef=8.40e-03 lr=5.8e-04 seed=1
iter= 112 step= 361600 ep_ret=-537.966 opt_ret=-537.966 step_rew=-5.3797 opt_step=-5.3797 gap0=537.966 dret=+181.391 eval_ret=n/a pursuer_target_distance=2.618 capture=0.000 score=0.000 pol=-0.0013 val=0.0411 ent=1.4616 tot=+0.0070 agnorm=0.050 cgnorm=0.086 kl=0.0028 clipf=0.018 ev=+0.602 r0=1.0000 entcoef=8.38e-03 lr=5.8e-04 seed=1
iter= 113 step= 364800 ep_ret=-490.036 opt_ret=-490.036 step_rew=-4.9004 opt_step=-4.9004 gap0=490.036 dret=+229.321 eval_ret=n/a pursuer_target_distance=2.352 capture=0.000 score=0.000 pol=-0.0008 val=0.0312 ent=1.4649 tot=+0.0025 agnorm=0.048 cgnorm=0.082 kl=0.0019 clipf=0.011 ev=+0.681 r0=1.0000 entcoef=8.37e-03 lr=5.8e-04 seed=1
iter= 114 step= 368000 ep_ret=-528.762 opt_ret=-528.762 step_rew=-5.2876 opt_step=-5.2876 gap0=528.762 dret=+190.596 eval_ret=n/a pursuer_target_distance=2.508 capture=0.000 score=0.000 pol=-0.0006 val=0.0425 ent=1.4652 tot=+0.0084 agnorm=0.029 cgnorm=0.088 kl=0.0014 clipf=0.007 ev=+0.500 r0=1.0000 entcoef=8.36e-03 lr=5.7e-04 seed=1
iter= 115 step= 371200 ep_ret=-516.871 opt_ret=-516.871 step_rew=-5.1687 opt_step=-5.1687 gap0=516.871 dret=+202.486 eval_ret=n/a pursuer_target_distance=2.674 capture=0.000 score=0.000 pol=-0.0011 val=0.0439 ent=1.4594 tot=+0.0087 agnorm=0.050 cgnorm=0.085 kl=0.0020 clipf=0.016 ev=+0.599 r0=1.0000 entcoef=8.34e-03 lr=5.7e-04 seed=1
iter= 116 step= 374400 ep_ret=-473.155 opt_ret=-473.155 step_rew=-4.7315 opt_step=-4.7315 gap0=473.155 dret=+246.203 eval_ret=n/a pursuer_target_distance=2.263 capture=0.000 score=0.000 pol=-0.0008 val=0.0510 ent=1.4543 tot=+0.0126 agnorm=0.044 cgnorm=0.098 kl=0.0026 clipf=0.016 ev=+0.558 r0=1.0000 entcoef=8.33e-03 lr=5.7e-04 seed=1
iter= 117 step= 377600 ep_ret=-546.776 opt_ret=-546.776 step_rew=-5.4678 opt_step=-5.4678 gap0=546.776 dret=+172.582 eval_ret=n/a pursuer_target_distance=2.768 capture=0.000 score=0.000 pol=-0.0012 val=0.0465 ent=1.4476 tot=+0.0100 agnorm=0.052 cgnorm=0.076 kl=0.0022 clipf=0.015 ev=+0.526 r0=1.0000 entcoef=8.31e-03 lr=5.7e-04 seed=1
iter= 118 step= 380800 ep_ret=-487.806 opt_ret=-487.806 step_rew=-4.8781 opt_step=-4.8781 gap0=487.806 dret=+231.551 eval_ret=n/a pursuer_target_distance=2.033 capture=0.001 score=0.000 pol=-0.0013 val=0.0535 ent=1.4414 tot=+0.0135 agnorm=0.042 cgnorm=0.086 kl=0.0023 clipf=0.017 ev=+0.515 r0=1.0000 entcoef=8.30e-03 lr=5.7e-04 seed=1
iter= 119 step= 384000 ep_ret=-533.539 opt_ret=-533.539 step_rew=-5.3354 opt_step=-5.3354 gap0=533.539 dret=+185.818 eval_ret=n/a pursuer_target_distance=2.946 capture=0.001 score=0.000 pol=-0.0011 val=0.0506 ent=1.4238 tot=+0.0124 agnorm=0.043 cgnorm=0.086 kl=0.0023 clipf=0.015 ev=+0.536 r0=1.0000 entcoef=8.28e-03 lr=5.7e-04 seed=1
iter= 120 step= 387200 ep_ret=-517.200 opt_ret=-517.200 step_rew=-5.1720 opt_step=-5.1720 gap0=517.200 dret=+202.157 eval_ret=-345.936 pursuer_target_distance=2.667 capture=0.003 score=0.001 pol=-0.0007 val=0.0525 ent=1.4184 tot=+0.0138 agnorm=0.039 cgnorm=0.079 kl=0.0019 clipf=0.009 ev=+0.471 r0=1.0000 entcoef=8.27e-03 lr=5.7e-04 seed=1
iter= 121 step= 390400 ep_ret=-513.824 opt_ret=-513.824 step_rew=-5.1382 opt_step=-5.1382 gap0=513.824 dret=+205.533 eval_ret=n/a pursuer_target_distance=2.460 capture=0.000 score=0.000 pol=-0.0007 val=0.0579 ent=1.4146 tot=+0.0165 agnorm=0.036 cgnorm=0.102 kl=0.0017 clipf=0.005 ev=+0.427 r0=1.0000 entcoef=8.25e-03 lr=5.7e-04 seed=1
iter= 122 step= 393600 ep_ret=-501.712 opt_ret=-501.712 step_rew=-5.0171 opt_step=-5.0171 gap0=501.712 dret=+217.646 eval_ret=n/a pursuer_target_distance=2.064 capture=0.000 score=0.000 pol=-0.0014 val=0.0545 ent=1.4056 tot=+0.0143 agnorm=0.060 cgnorm=0.084 kl=0.0026 clipf=0.020 ev=+0.463 r0=1.0000 entcoef=8.24e-03 lr=5.7e-04 seed=1
iter= 123 step= 396800 ep_ret=-497.402 opt_ret=-497.402 step_rew=-4.9740 opt_step=-4.9740 gap0=497.402 dret=+221.955 eval_ret=n/a pursuer_target_distance=2.657 capture=0.000 score=0.000 pol=-0.0008 val=0.0433 ent=1.4102 tot=+0.0093 agnorm=0.031 cgnorm=0.082 kl=0.0017 clipf=0.009 ev=+0.547 r0=1.0000 entcoef=8.23e-03 lr=5.6e-04 seed=1
iter= 124 step= 400000 ep_ret=-528.161 opt_ret=-528.161 step_rew=-5.2816 opt_step=-5.2816 gap0=528.161 dret=+191.196 eval_ret=n/a pursuer_target_distance=2.847 capture=0.000 score=0.000 pol=-0.0012 val=0.0508 ent=1.4083 tot=+0.0127 agnorm=0.048 cgnorm=0.074 kl=0.0021 clipf=0.014 ev=+0.595 r0=1.0000 entcoef=8.21e-03 lr=5.6e-04 seed=1
iter= 125 step= 403200 ep_ret=-443.605 opt_ret=-443.605 step_rew=-4.4361 opt_step=-4.4361 gap0=443.605 dret=+275.752 eval_ret=n/a pursuer_target_distance=2.187 capture=0.000 score=0.000 pol=-0.0011 val=0.0447 ent=1.4121 tot=+0.0096 agnorm=0.064 cgnorm=0.073 kl=0.0020 clipf=0.016 ev=+0.615 r0=1.0000 entcoef=8.20e-03 lr=5.6e-04 seed=1
iter= 126 step= 406400 ep_ret=-475.132 opt_ret=-475.132 step_rew=-4.7513 opt_step=-4.7513 gap0=475.132 dret=+244.225 eval_ret=n/a pursuer_target_distance=2.067 capture=0.000 score=0.000 pol=-0.0010 val=0.0276 ent=1.4101 tot=+0.0012 agnorm=0.035 cgnorm=0.056 kl=0.0019 clipf=0.008 ev=+0.784 r0=1.0000 entcoef=8.18e-03 lr=5.6e-04 seed=1
iter= 127 step= 409600 ep_ret=-497.142 opt_ret=-497.142 step_rew=-4.9714 opt_step=-4.9714 gap0=497.142 dret=+222.215 eval_ret=n/a pursuer_target_distance=2.360 capture=0.000 score=0.000 pol=-0.0008 val=0.0380 ent=1.4074 tot=+0.0067 agnorm=0.043 cgnorm=0.067 kl=0.0017 clipf=0.007 ev=+0.535 r0=1.0000 entcoef=8.17e-03 lr=5.6e-04 seed=1
iter= 128 step= 412800 ep_ret=-533.306 opt_ret=-533.306 step_rew=-5.3331 opt_step=-5.3331 gap0=533.306 dret=+186.052 eval_ret=n/a pursuer_target_distance=2.453 capture=0.000 score=0.000 pol=-0.0011 val=0.0506 ent=1.3992 tot=+0.0128 agnorm=0.059 cgnorm=0.078 kl=0.0021 clipf=0.013 ev=+0.365 r0=1.0000 entcoef=8.15e-03 lr=5.6e-04 seed=1
iter= 129 step= 416000 ep_ret=-490.434 opt_ret=-490.434 step_rew=-4.9043 opt_step=-4.9043 gap0=490.434 dret=+228.923 eval_ret=n/a pursuer_target_distance=2.316 capture=0.000 score=0.000 pol=-0.0012 val=0.0472 ent=1.3960 tot=+0.0110 agnorm=0.051 cgnorm=0.073 kl=0.0022 clipf=0.011 ev=+0.611 r0=1.0000 entcoef=8.14e-03 lr=5.6e-04 seed=1
iter= 130 step= 419200 ep_ret=-551.748 opt_ret=-551.748 step_rew=-5.5175 opt_step=-5.5175 gap0=551.748 dret=+167.609 eval_ret=n/a pursuer_target_distance=2.637 capture=0.000 score=0.000 pol=-0.0009 val=0.0483 ent=1.4179 tot=+0.0118 agnorm=0.053 cgnorm=0.081 kl=0.0024 clipf=0.013 ev=+0.427 r0=1.0000 entcoef=8.13e-03 lr=5.6e-04 seed=1
iter= 131 step= 422400 ep_ret=-482.282 opt_ret=-482.282 step_rew=-4.8228 opt_step=-4.8228 gap0=482.282 dret=+237.075 eval_ret=n/a pursuer_target_distance=2.287 capture=0.000 score=0.000 pol=-0.0010 val=0.0318 ent=1.4352 tot=+0.0032 agnorm=0.055 cgnorm=0.068 kl=0.0018 clipf=0.013 ev=+0.689 r0=1.0000 entcoef=8.11e-03 lr=5.6e-04 seed=1
iter= 132 step= 425600 ep_ret=-463.921 opt_ret=-463.921 step_rew=-4.6392 opt_step=-4.6392 gap0=463.921 dret=+255.436 eval_ret=n/a pursuer_target_distance=1.960 capture=0.000 score=0.000 pol=-0.0011 val=0.0346 ent=1.4482 tot=+0.0045 agnorm=0.043 cgnorm=0.071 kl=0.0018 clipf=0.017 ev=+0.658 r0=1.0000 entcoef=8.10e-03 lr=5.5e-04 seed=1
iter= 133 step= 428800 ep_ret=-452.260 opt_ret=-452.260 step_rew=-4.5226 opt_step=-4.5226 gap0=452.260 dret=+267.097 eval_ret=n/a pursuer_target_distance=2.100 capture=0.000 score=0.000 pol=-0.0009 val=0.0514 ent=1.4441 tot=+0.0132 agnorm=0.046 cgnorm=0.098 kl=0.0023 clipf=0.016 ev=+0.451 r0=1.0000 entcoef=8.08e-03 lr=5.5e-04 seed=1
iter= 134 step= 432000 ep_ret=-457.178 opt_ret=-457.178 step_rew=-4.5718 opt_step=-4.5718 gap0=457.178 dret=+262.179 eval_ret=n/a pursuer_target_distance=2.048 capture=0.000 score=0.000 pol=-0.0012 val=0.0328 ent=1.4429 tot=+0.0035 agnorm=0.051 cgnorm=0.063 kl=0.0021 clipf=0.012 ev=+0.720 r0=1.0000 entcoef=8.07e-03 lr=5.5e-04 seed=1
iter= 135 step= 435200 ep_ret=-583.699 opt_ret=-583.699 step_rew=-5.8370 opt_step=-5.8370 gap0=583.699 dret=+135.658 eval_ret=n/a pursuer_target_distance=3.073 capture=0.000 score=0.000 pol=-0.0009 val=0.0563 ent=1.4333 tot=+0.0157 agnorm=0.044 cgnorm=0.084 kl=0.0020 clipf=0.012 ev=+0.595 r0=1.0000 entcoef=8.05e-03 lr=5.5e-04 seed=1
iter= 136 step= 438400 ep_ret=-519.488 opt_ret=-519.488 step_rew=-5.1949 opt_step=-5.1949 gap0=519.488 dret=+199.870 eval_ret=n/a pursuer_target_distance=2.340 capture=0.000 score=0.000 pol=-0.0008 val=0.0397 ent=1.4262 tot=+0.0076 agnorm=0.040 cgnorm=0.069 kl=0.0018 clipf=0.007 ev=+0.558 r0=1.0000 entcoef=8.04e-03 lr=5.5e-04 seed=1
iter= 137 step= 441600 ep_ret=-589.694 opt_ret=-589.694 step_rew=-5.8969 opt_step=-5.8969 gap0=589.694 dret=+129.663 eval_ret=n/a pursuer_target_distance=2.913 capture=0.000 score=0.000 pol=-0.0010 val=0.0543 ent=1.4145 tot=+0.0148 agnorm=0.047 cgnorm=0.076 kl=0.0023 clipf=0.011 ev=+0.457 r0=1.0000 entcoef=8.02e-03 lr=5.5e-04 seed=1
iter= 138 step= 444800 ep_ret=-481.168 opt_ret=-481.168 step_rew=-4.8117 opt_step=-4.8117 gap0=481.168 dret=+238.189 eval_ret=n/a pursuer_target_distance=2.410 capture=0.000 score=0.000 pol=-0.0013 val=0.0462 ent=1.3883 tot=+0.0107 agnorm=0.051 cgnorm=0.077 kl=0.0021 clipf=0.015 ev=+0.557 r0=1.0000 entcoef=8.01e-03 lr=5.5e-04 seed=1
iter= 139 step= 448000 ep_ret=-534.649 opt_ret=-534.649 step_rew=-5.3465 opt_step=-5.3465 gap0=534.649 dret=+184.708 eval_ret=n/a pursuer_target_distance=2.670 capture=0.000 score=0.000 pol=-0.0008 val=0.0728 ent=1.3942 tot=+0.0244 agnorm=0.036 cgnorm=0.089 kl=0.0023 clipf=0.012 ev=+0.443 r0=1.0000 entcoef=8.00e-03 lr=5.5e-04 seed=1
iter= 140 step= 451200 ep_ret=-528.715 opt_ret=-528.715 step_rew=-5.2871 opt_step=-5.2871 gap0=528.715 dret=+190.643 eval_ret=-405.923 pursuer_target_distance=2.618 capture=0.000 score=0.000 pol=-0.0009 val=0.0522 ent=1.3712 tot=+0.0143 agnorm=0.034 cgnorm=0.090 kl=0.0018 clipf=0.007 ev=+0.227 r0=1.0000 entcoef=7.98e-03 lr=5.5e-04 seed=1
iter= 141 step= 454400 ep_ret=-565.936 opt_ret=-565.936 step_rew=-5.6594 opt_step=-5.6594 gap0=565.936 dret=+153.421 eval_ret=n/a pursuer_target_distance=2.931 capture=0.000 score=0.000 pol=-0.0008 val=0.0546 ent=1.3642 tot=+0.0156 agnorm=0.049 cgnorm=0.082 kl=0.0015 clipf=0.009 ev=+0.356 r0=1.0000 entcoef=7.97e-03 lr=5.4e-04 seed=1
iter= 142 step= 457600 ep_ret=-584.099 opt_ret=-584.099 step_rew=-5.8410 opt_step=-5.8410 gap0=584.099 dret=+135.258 eval_ret=n/a pursuer_target_distance=3.059 capture=0.000 score=0.000 pol=-0.0014 val=0.0500 ent=1.3725 tot=+0.0127 agnorm=0.056 cgnorm=0.080 kl=0.0022 clipf=0.017 ev=+0.482 r0=1.0000 entcoef=7.95e-03 lr=5.4e-04 seed=1
iter= 143 step= 460800 ep_ret=-441.694 opt_ret=-441.694 step_rew=-4.4169 opt_step=-4.4169 gap0=441.694 dret=+277.663 eval_ret=n/a pursuer_target_distance=1.992 capture=0.000 score=0.000 pol=-0.0008 val=0.0404 ent=1.3872 tot=+0.0084 agnorm=0.046 cgnorm=0.072 kl=0.0023 clipf=0.014 ev=+0.619 r0=1.0000 entcoef=7.94e-03 lr=5.4e-04 seed=1
iter= 144 step= 464000 ep_ret=-546.612 opt_ret=-546.612 step_rew=-5.4661 opt_step=-5.4661 gap0=546.612 dret=+172.745 eval_ret=n/a pursuer_target_distance=2.818 capture=0.000 score=0.000 pol=-0.0009 val=0.0596 ent=1.3908 tot=+0.0179 agnorm=0.048 cgnorm=0.079 kl=0.0023 clipf=0.014 ev=+0.333 r0=1.0000 entcoef=7.92e-03 lr=5.4e-04 seed=1
iter= 145 step= 467200 ep_ret=-591.095 opt_ret=-591.095 step_rew=-5.9110 opt_step=-5.9110 gap0=591.095 dret=+128.262 eval_ret=n/a pursuer_target_distance=2.977 capture=0.000 score=0.000 pol=-0.0011 val=0.0408 ent=1.4156 tot=+0.0081 agnorm=0.048 cgnorm=0.068 kl=0.0023 clipf=0.013 ev=+0.629 r0=1.0000 entcoef=7.91e-03 lr=5.4e-04 seed=1
iter= 146 step= 470400 ep_ret=-516.662 opt_ret=-516.662 step_rew=-5.1666 opt_step=-5.1666 gap0=516.662 dret=+202.695 eval_ret=n/a pursuer_target_distance=2.420 capture=0.001 score=0.000 pol=-0.0008 val=0.0390 ent=1.4280 tot=+0.0074 agnorm=0.043 cgnorm=0.076 kl=0.0021 clipf=0.012 ev=+0.589 r0=1.0000 entcoef=7.89e-03 lr=5.4e-04 seed=1
iter= 147 step= 473600 ep_ret=-540.809 opt_ret=-540.809 step_rew=-5.4081 opt_step=-5.4081 gap0=540.809 dret=+178.548 eval_ret=n/a pursuer_target_distance=2.592 capture=0.000 score=0.000 pol=-0.0011 val=0.0608 ent=1.4241 tot=+0.0181 agnorm=0.054 cgnorm=0.088 kl=0.0021 clipf=0.013 ev=+0.554 r0=1.0000 entcoef=7.88e-03 lr=5.4e-04 seed=1
iter= 148 step= 476800 ep_ret=-551.232 opt_ret=-551.232 step_rew=-5.5123 opt_step=-5.5123 gap0=551.232 dret=+168.125 eval_ret=n/a pursuer_target_distance=2.345 capture=0.000 score=0.000 pol=-0.0010 val=0.0686 ent=1.4169 tot=+0.0222 agnorm=0.047 cgnorm=0.091 kl=0.0024 clipf=0.019 ev=+0.471 r0=1.0000 entcoef=7.87e-03 lr=5.4e-04 seed=1
iter= 149 step= 480000 ep_ret=-530.560 opt_ret=-530.560 step_rew=-5.3056 opt_step=-5.3056 gap0=530.560 dret=+188.797 eval_ret=n/a pursuer_target_distance=2.393 capture=0.000 score=0.000 pol=-0.0007 val=0.0514 ent=1.3909 tot=+0.0140 agnorm=0.039 cgnorm=0.075 kl=0.0017 clipf=0.006 ev=+0.556 r0=1.0000 entcoef=7.85e-03 lr=5.4e-04 seed=1
iter= 150 step= 483200 ep_ret=-547.218 opt_ret=-547.218 step_rew=-5.4722 opt_step=-5.4722 gap0=547.218 dret=+172.139 eval_ret=n/a pursuer_target_distance=2.463 capture=0.000 score=0.000 pol=-0.0008 val=0.0572 ent=1.3910 tot=+0.0169 agnorm=0.044 cgnorm=0.085 kl=0.0023 clipf=0.010 ev=+0.424 r0=1.0000 entcoef=7.84e-03 lr=5.3e-04 seed=1
iter= 151 step= 486400 ep_ret=-530.383 opt_ret=-530.383 step_rew=-5.3038 opt_step=-5.3038 gap0=530.383 dret=+188.974 eval_ret=n/a pursuer_target_distance=2.633 capture=0.000 score=0.000 pol=-0.0007 val=0.0429 ent=1.3866 tot=+0.0099 agnorm=0.055 cgnorm=0.072 kl=0.0015 clipf=0.011 ev=+0.537 r0=1.0000 entcoef=7.82e-03 lr=5.3e-04 seed=1
iter= 152 step= 489600 ep_ret=-505.621 opt_ret=-505.621 step_rew=-5.0562 opt_step=-5.0562 gap0=505.621 dret=+213.736 eval_ret=n/a pursuer_target_distance=1.839 capture=0.000 score=0.000 pol=-0.0013 val=0.0344 ent=1.4000 tot=+0.0049 agnorm=0.062 cgnorm=0.069 kl=0.0032 clipf=0.025 ev=+0.680 r0=1.0000 entcoef=7.81e-03 lr=5.3e-04 seed=1
iter= 153 step= 492800 ep_ret=-505.322 opt_ret=-505.322 step_rew=-5.0532 opt_step=-5.0532 gap0=505.322 dret=+214.035 eval_ret=n/a pursuer_target_distance=2.266 capture=0.000 score=0.000 pol=-0.0008 val=0.0382 ent=1.3940 tot=+0.0074 agnorm=0.037 cgnorm=0.085 kl=0.0021 clipf=0.007 ev=+0.553 r0=1.0000 entcoef=7.79e-03 lr=5.3e-04 seed=1
iter= 154 step= 496000 ep_ret=-506.636 opt_ret=-506.636 step_rew=-5.0664 opt_step=-5.0664 gap0=506.636 dret=+212.721 eval_ret=n/a pursuer_target_distance=2.226 capture=0.000 score=0.000 pol=-0.0007 val=0.0462 ent=1.3832 tot=+0.0116 agnorm=0.047 cgnorm=0.070 kl=0.0019 clipf=0.009 ev=+0.641 r0=1.0000 entcoef=7.78e-03 lr=5.3e-04 seed=1
iter= 155 step= 499200 ep_ret=-495.995 opt_ret=-495.995 step_rew=-4.9599 opt_step=-4.9599 gap0=495.995 dret=+223.362 eval_ret=n/a pursuer_target_distance=2.186 capture=0.000 score=0.000 pol=-0.0010 val=0.0413 ent=1.3777 tot=+0.0089 agnorm=0.044 cgnorm=0.073 kl=0.0021 clipf=0.013 ev=+0.550 r0=1.0000 entcoef=7.76e-03 lr=5.3e-04 seed=1
iter= 156 step= 502400 ep_ret=-447.145 opt_ret=-447.145 step_rew=-4.4715 opt_step=-4.4715 gap0=447.145 dret=+272.212 eval_ret=n/a pursuer_target_distance=2.033 capture=0.000 score=0.000 pol=-0.0011 val=0.0500 ent=1.3755 tot=+0.0132 agnorm=0.047 cgnorm=0.081 kl=0.0022 clipf=0.016 ev=+0.666 r0=1.0000 entcoef=7.75e-03 lr=5.3e-04 seed=1
iter= 157 step= 505600 ep_ret=-488.607 opt_ret=-488.607 step_rew=-4.8861 opt_step=-4.8861 gap0=488.607 dret=+230.750 eval_ret=n/a pursuer_target_distance=2.286 capture=0.001 score=0.000 pol=-0.0007 val=0.0461 ent=1.3712 tot=+0.0117 agnorm=0.040 cgnorm=0.068 kl=0.0022 clipf=0.013 ev=+0.627 r0=1.0000 entcoef=7.74e-03 lr=5.3e-04 seed=1
iter= 158 step= 508800 ep_ret=-439.732 opt_ret=-439.732 step_rew=-4.3973 opt_step=-4.3973 gap0=439.732 dret=+279.625 eval_ret=n/a pursuer_target_distance=1.838 capture=0.000 score=0.000 pol=-0.0012 val=0.0502 ent=1.3676 tot=+0.0134 agnorm=0.063 cgnorm=0.080 kl=0.0023 clipf=0.020 ev=+0.516 r0=1.0000 entcoef=7.72e-03 lr=5.3e-04 seed=1
iter= 159 step= 512000 ep_ret=-491.207 opt_ret=-491.207 step_rew=-4.9121 opt_step=-4.9121 gap0=491.207 dret=+228.150 eval_ret=n/a pursuer_target_distance=2.408 capture=0.000 score=0.000 pol=-0.0008 val=0.0473 ent=1.3981 tot=+0.0121 agnorm=0.044 cgnorm=0.084 kl=0.0020 clipf=0.010 ev=+0.278 r0=1.0000 entcoef=7.71e-03 lr=5.2e-04 seed=1
iter= 160 step= 515200 ep_ret=-413.415 opt_ret=-413.415 step_rew=-4.1342 opt_step=-4.1342 gap0=413.415 dret=+305.942 eval_ret=-325.517 pursuer_target_distance=1.867 capture=0.000 score=0.000 pol=-0.0007 val=0.0469 ent=1.3883 tot=+0.0121 agnorm=0.044 cgnorm=0.079 kl=0.0014 clipf=0.009 ev=+0.487 r0=1.0000 entcoef=7.69e-03 lr=5.2e-04 seed=1
iter= 161 step= 518400 ep_ret=-439.642 opt_ret=-439.642 step_rew=-4.3964 opt_step=-4.3964 gap0=439.642 dret=+279.715 eval_ret=n/a pursuer_target_distance=2.169 capture=0.000 score=0.000 pol=-0.0012 val=0.0511 ent=1.3976 tot=+0.0137 agnorm=0.064 cgnorm=0.093 kl=0.0021 clipf=0.018 ev=+0.456 r0=1.0000 entcoef=7.68e-03 lr=5.2e-04 seed=1
iter= 162 step= 521600 ep_ret=-536.664 opt_ret=-536.664 step_rew=-5.3666 opt_step=-5.3666 gap0=536.664 dret=+182.693 eval_ret=n/a pursuer_target_distance=2.740 capture=0.000 score=0.000 pol=-0.0012 val=0.0873 ent=1.4042 tot=+0.0317 agnorm=0.052 cgnorm=0.109 kl=0.0023 clipf=0.016 ev=+0.273 r0=1.0000 entcoef=7.66e-03 lr=5.2e-04 seed=1
iter= 163 step= 524800 ep_ret=-427.569 opt_ret=-427.569 step_rew=-4.2757 opt_step=-4.2757 gap0=427.569 dret=+291.788 eval_ret=n/a pursuer_target_distance=1.925 capture=0.000 score=0.000 pol=-0.0006 val=0.0347 ent=1.4089 tot=+0.0060 agnorm=0.052 cgnorm=0.072 kl=0.0012 clipf=0.007 ev=+0.586 r0=1.0000 entcoef=7.65e-03 lr=5.2e-04 seed=1
iter= 164 step= 528000 ep_ret=-496.149 opt_ret=-496.149 step_rew=-4.9615 opt_step=-4.9615 gap0=496.149 dret=+223.208 eval_ret=n/a pursuer_target_distance=2.503 capture=0.000 score=0.000 pol=-0.0013 val=0.0467 ent=1.3798 tot=+0.0115 agnorm=0.047 cgnorm=0.071 kl=0.0019 clipf=0.015 ev=+0.503 r0=1.0000 entcoef=7.63e-03 lr=5.2e-04 seed=1
iter= 165 step= 531200 ep_ret=-494.294 opt_ret=-494.294 step_rew=-4.9429 opt_step=-4.9429 gap0=494.294 dret=+225.063 eval_ret=n/a pursuer_target_distance=2.419 capture=0.002 score=0.001 pol=-0.0009 val=0.0582 ent=1.3581 tot=+0.0179 agnorm=0.047 cgnorm=0.080 kl=0.0020 clipf=0.013 ev=+0.452 r0=1.0000 entcoef=7.62e-03 lr=5.2e-04 seed=1
iter= 166 step= 534400 ep_ret=-454.415 opt_ret=-454.415 step_rew=-4.5441 opt_step=-4.5441 gap0=454.415 dret=+264.943 eval_ret=n/a pursuer_target_distance=1.954 capture=0.000 score=0.000 pol=-0.0012 val=0.0494 ent=1.3737 tot=+0.0130 agnorm=0.064 cgnorm=0.094 kl=0.0026 clipf=0.018 ev=+0.489 r0=1.0000 entcoef=7.61e-03 lr=5.2e-04 seed=1
iter= 167 step= 537600 ep_ret=-475.659 opt_ret=-475.659 step_rew=-4.7566 opt_step=-4.7566 gap0=475.659 dret=+243.698 eval_ret=n/a pursuer_target_distance=2.472 capture=0.001 score=0.000 pol=-0.0008 val=0.0459 ent=1.3651 tot=+0.0118 agnorm=0.036 cgnorm=0.089 kl=0.0009 clipf=0.002 ev=+0.461 r0=1.0000 entcoef=7.59e-03 lr=5.2e-04 seed=1
iter= 168 step= 540800 ep_ret=-442.885 opt_ret=-442.885 step_rew=-4.4289 opt_step=-4.4289 gap0=442.885 dret=+276.472 eval_ret=n/a pursuer_target_distance=1.795 capture=0.003 score=0.001 pol=-0.0009 val=0.0558 ent=1.3643 tot=+0.0166 agnorm=0.054 cgnorm=0.096 kl=0.0017 clipf=0.010 ev=+0.421 r0=1.0000 entcoef=7.58e-03 lr=5.1e-04 seed=1
iter= 169 step= 544000 ep_ret=-496.517 opt_ret=-496.517 step_rew=-4.9652 opt_step=-4.9652 gap0=496.517 dret=+222.840 eval_ret=n/a pursuer_target_distance=2.351 capture=0.000 score=0.000 pol=-0.0009 val=0.0527 ent=1.3858 tot=+0.0150 agnorm=0.075 cgnorm=0.089 kl=0.0024 clipf=0.018 ev=+0.433 r0=1.0000 entcoef=7.56e-03 lr=5.1e-04 seed=1
iter= 170 step= 547200 ep_ret=-504.377 opt_ret=-504.377 step_rew=-5.0438 opt_step=-5.0438 gap0=504.377 dret=+214.980 eval_ret=n/a pursuer_target_distance=1.940 capture=0.000 score=0.000 pol=-0.0010 val=0.0481 ent=1.3817 tot=+0.0126 agnorm=0.047 cgnorm=0.094 kl=0.0018 clipf=0.011 ev=+0.524 r0=1.0000 entcoef=7.55e-03 lr=5.1e-04 seed=1
iter= 171 step= 550400 ep_ret=-500.155 opt_ret=-500.155 step_rew=-5.0016 opt_step=-5.0016 gap0=500.155 dret=+219.202 eval_ret=n/a pursuer_target_distance=2.518 capture=0.000 score=0.000 pol=-0.0010 val=0.0495 ent=1.3669 tot=+0.0135 agnorm=0.040 cgnorm=0.103 kl=0.0018 clipf=0.009 ev=+0.516 r0=1.0000 entcoef=7.53e-03 lr=5.1e-04 seed=1
iter= 172 step= 553600 ep_ret=-492.837 opt_ret=-492.837 step_rew=-4.9284 opt_step=-4.9284 gap0=492.837 dret=+226.520 eval_ret=n/a pursuer_target_distance=2.183 capture=0.002 score=0.000 pol=-0.0008 val=0.0650 ent=1.3500 tot=+0.0215 agnorm=0.049 cgnorm=0.095 kl=0.0020 clipf=0.009 ev=+0.428 r0=1.0000 entcoef=7.52e-03 lr=5.1e-04 seed=1
iter= 173 step= 556800 ep_ret=-383.455 opt_ret=-383.455 step_rew=-3.8346 opt_step=-3.8346 gap0=383.455 dret=+335.902 eval_ret=n/a pursuer_target_distance=1.635 capture=0.003 score=0.001 pol=-0.0008 val=0.0431 ent=1.3375 tot=+0.0107 agnorm=0.049 cgnorm=0.097 kl=0.0016 clipf=0.011 ev=+0.681 r0=1.0000 entcoef=7.50e-03 lr=5.1e-04 seed=1
iter= 174 step= 560000 ep_ret=-465.857 opt_ret=-465.857 step_rew=-4.6586 opt_step=-4.6586 gap0=465.857 dret=+253.500 eval_ret=n/a pursuer_target_distance=1.805 capture=0.000 score=0.000 pol=-0.0011 val=0.0454 ent=1.3540 tot=+0.0115 agnorm=0.052 cgnorm=0.116 kl=0.0022 clipf=0.012 ev=+0.572 r0=1.0000 entcoef=7.49e-03 lr=5.1e-04 seed=1
iter= 175 step= 563200 ep_ret=-418.511 opt_ret=-418.511 step_rew=-4.1851 opt_step=-4.1851 gap0=418.511 dret=+300.846 eval_ret=n/a pursuer_target_distance=1.839 capture=0.005 score=0.002 pol=-0.0008 val=0.0613 ent=1.3479 tot=+0.0198 agnorm=0.040 cgnorm=0.110 kl=0.0022 clipf=0.009 ev=+0.596 r0=1.0000 entcoef=7.48e-03 lr=5.1e-04 seed=1
iter= 176 step= 566400 ep_ret=-442.795 opt_ret=-442.795 step_rew=-4.4279 opt_step=-4.4279 gap0=442.795 dret=+276.562 eval_ret=n/a pursuer_target_distance=1.898 capture=0.017 score=0.006 pol=-0.0011 val=0.0699 ent=1.3385 tot=+0.0239 agnorm=0.049 cgnorm=0.106 kl=0.0023 clipf=0.014 ev=+0.368 r0=1.0000 entcoef=7.46e-03 lr=5.1e-04 seed=1
iter= 177 step= 569600 ep_ret=-506.964 opt_ret=-506.964 step_rew=-5.0696 opt_step=-5.0696 gap0=506.964 dret=+212.393 eval_ret=n/a pursuer_target_distance=2.204 capture=0.002 score=0.001 pol=-0.0007 val=0.0694 ent=1.3561 tot=+0.0239 agnorm=0.044 cgnorm=0.108 kl=0.0017 clipf=0.011 ev=+0.469 r0=1.0000 entcoef=7.45e-03 lr=5.0e-04 seed=1
iter= 178 step= 572800 ep_ret=-440.302 opt_ret=-440.302 step_rew=-4.4030 opt_step=-4.4030 gap0=440.302 dret=+279.056 eval_ret=n/a pursuer_target_distance=1.885 capture=0.004 score=0.001 pol=-0.0011 val=0.0524 ent=1.3546 tot=+0.0150 agnorm=0.056 cgnorm=0.107 kl=0.0015 clipf=0.008 ev=+0.544 r0=1.0000 entcoef=7.43e-03 lr=5.0e-04 seed=1
iter= 179 step= 576000 ep_ret=-380.837 opt_ret=-380.837 step_rew=-3.8084 opt_step=-3.8084 gap0=380.837 dret=+338.520 eval_ret=n/a pursuer_target_distance=1.809 capture=0.017 score=0.006 pol=-0.0012 val=0.0732 ent=1.3336 tot=+0.0255 agnorm=0.066 cgnorm=0.131 kl=0.0021 clipf=0.016 ev=+0.533 r0=1.0000 entcoef=7.42e-03 lr=5.0e-04 seed=1
iter= 180 step= 579200 ep_ret=-446.430 opt_ret=-446.430 step_rew=-4.4643 opt_step=-4.4643 gap0=446.430 dret=+272.928 eval_ret=-192.152 pursuer_target_distance=1.737 capture=0.001 score=0.000 pol=-0.0013 val=0.0398 ent=1.3222 tot=+0.0088 agnorm=0.071 cgnorm=0.100 kl=0.0024 clipf=0.019 ev=+0.655 r0=1.0000 entcoef=7.40e-03 lr=5.0e-04 seed=1
iter= 181 step= 582400 ep_ret=-469.560 opt_ret=-469.560 step_rew=-4.6956 opt_step=-4.6956 gap0=469.560 dret=+249.798 eval_ret=n/a pursuer_target_distance=1.991 capture=0.014 score=0.005 pol=-0.0012 val=0.0867 ent=1.3034 tot=+0.0325 agnorm=0.057 cgnorm=0.133 kl=0.0021 clipf=0.007 ev=+0.544 r0=1.0000 entcoef=7.39e-03 lr=5.0e-04 seed=1
iter= 182 step= 585600 ep_ret=-480.534 opt_ret=-480.534 step_rew=-4.8053 opt_step=-4.8053 gap0=480.534 dret=+238.823 eval_ret=n/a pursuer_target_distance=2.216 capture=0.023 score=0.007 pol=-0.0010 val=0.0913 ent=1.2992 tot=+0.0351 agnorm=0.067 cgnorm=0.143 kl=0.0021 clipf=0.015 ev=+0.545 r0=1.0000 entcoef=7.37e-03 lr=5.0e-04 seed=1
iter= 183 step= 588800 ep_ret=-358.352 opt_ret=-358.352 step_rew=-3.5835 opt_step=-3.5835 gap0=358.352 dret=+361.005 eval_ret=n/a pursuer_target_distance=1.736 capture=0.012 score=0.004 pol=-0.0007 val=0.0638 ent=1.2850 tot=+0.0217 agnorm=0.051 cgnorm=0.142 kl=0.0017 clipf=0.010 ev=+0.630 r0=1.0000 entcoef=7.36e-03 lr=5.0e-04 seed=1
iter= 184 step= 592000 ep_ret=-443.922 opt_ret=-443.922 step_rew=-4.4392 opt_step=-4.4392 gap0=443.922 dret=+275.435 eval_ret=n/a pursuer_target_distance=2.072 capture=0.009 score=0.003 pol=-0.0014 val=0.0616 ent=1.2836 tot=+0.0200 agnorm=0.053 cgnorm=0.122 kl=0.0019 clipf=0.011 ev=+0.681 r0=1.0000 entcoef=7.35e-03 lr=5.0e-04 seed=1
iter= 185 step= 595200 ep_ret=-442.380 opt_ret=-442.380 step_rew=-4.4238 opt_step=-4.4238 gap0=442.380 dret=+276.977 eval_ret=n/a pursuer_target_distance=1.907 capture=0.011 score=0.004 pol=-0.0009 val=0.0681 ent=1.2747 tot=+0.0238 agnorm=0.053 cgnorm=0.129 kl=0.0020 clipf=0.012 ev=+0.522 r0=1.0000 entcoef=7.33e-03 lr=5.0e-04 seed=1
iter= 186 step= 598400 ep_ret=-423.906 opt_ret=-423.906 step_rew=-4.2391 opt_step=-4.2391 gap0=423.906 dret=+295.451 eval_ret=n/a pursuer_target_distance=2.063 capture=0.001 score=0.000 pol=-0.0007 val=0.0630 ent=1.2930 tot=+0.0213 agnorm=0.044 cgnorm=0.140 kl=0.0016 clipf=0.010 ev=+0.655 r0=1.0000 entcoef=7.32e-03 lr=4.9e-04 seed=1
iter= 187 step= 601600 ep_ret=-523.707 opt_ret=-523.707 step_rew=-5.2371 opt_step=-5.2371 gap0=523.707 dret=+195.651 eval_ret=n/a pursuer_target_distance=2.353 capture=0.001 score=0.000 pol=-0.0008 val=0.0544 ent=1.2841 tot=+0.0171 agnorm=0.042 cgnorm=0.121 kl=0.0015 clipf=0.006 ev=+0.608 r0=1.0000 entcoef=7.30e-03 lr=4.9e-04 seed=1
iter= 188 step= 604800 ep_ret=-470.804 opt_ret=-470.804 step_rew=-4.7080 opt_step=-4.7080 gap0=470.804 dret=+248.553 eval_ret=n/a pursuer_target_distance=2.391 capture=0.007 score=0.002 pol=-0.0008 val=0.0696 ent=1.2643 tot=+0.0248 agnorm=0.053 cgnorm=0.132 kl=0.0023 clipf=0.012 ev=+0.608 r0=1.0000 entcoef=7.29e-03 lr=4.9e-04 seed=1
iter= 189 step= 608000 ep_ret=-481.172 opt_ret=-481.172 step_rew=-4.8117 opt_step=-4.8117 gap0=481.172 dret=+238.185 eval_ret=n/a pursuer_target_distance=2.208 capture=0.001 score=0.000 pol=-0.0009 val=0.0640 ent=1.2791 tot=+0.0218 agnorm=0.063 cgnorm=0.141 kl=0.0021 clipf=0.012 ev=+0.702 r0=1.0000 entcoef=7.27e-03 lr=4.9e-04 seed=1
iter= 190 step= 611200 ep_ret=-395.169 opt_ret=-395.169 step_rew=-3.9517 opt_step=-3.9517 gap0=395.169 dret=+324.189 eval_ret=n/a pursuer_target_distance=1.720 capture=0.001 score=0.000 pol=-0.0010 val=0.0334 ent=1.2739 tot=+0.0064 agnorm=0.056 cgnorm=0.110 kl=0.0016 clipf=0.011 ev=+0.796 r0=1.0000 entcoef=7.26e-03 lr=4.9e-04 seed=1
iter= 191 step= 614400 ep_ret=-458.934 opt_ret=-458.934 step_rew=-4.5893 opt_step=-4.5893 gap0=458.934 dret=+260.423 eval_ret=n/a pursuer_target_distance=2.058 capture=0.011 score=0.004 pol=-0.0009 val=0.0828 ent=1.2497 tot=+0.0314 agnorm=0.051 cgnorm=0.174 kl=0.0020 clipf=0.013 ev=+0.645 r0=1.0000 entcoef=7.25e-03 lr=4.9e-04 seed=1
iter= 192 step= 617600 ep_ret=-514.471 opt_ret=-514.471 step_rew=-5.1447 opt_step=-5.1447 gap0=514.471 dret=+204.886 eval_ret=n/a pursuer_target_distance=2.424 capture=0.007 score=0.002 pol=-0.0010 val=0.0641 ent=1.2485 tot=+0.0220 agnorm=0.067 cgnorm=0.137 kl=0.0020 clipf=0.014 ev=+0.676 r0=1.0000 entcoef=7.23e-03 lr=4.9e-04 seed=1
iter= 193 step= 620800 ep_ret=-432.146 opt_ret=-432.146 step_rew=-4.3215 opt_step=-4.3215 gap0=432.146 dret=+287.211 eval_ret=n/a pursuer_target_distance=1.831 capture=0.009 score=0.003 pol=-0.0013 val=0.0423 ent=1.2624 tot=+0.0107 agnorm=0.110 cgnorm=0.126 kl=0.0024 clipf=0.020 ev=+0.734 r0=1.0000 entcoef=7.22e-03 lr=4.9e-04 seed=1
iter= 194 step= 624000 ep_ret=-478.808 opt_ret=-478.808 step_rew=-4.7881 opt_step=-4.7881 gap0=478.808 dret=+240.549 eval_ret=n/a pursuer_target_distance=2.130 capture=0.002 score=0.000 pol=-0.0008 val=0.0418 ent=1.2610 tot=+0.0110 agnorm=0.072 cgnorm=0.132 kl=0.0022 clipf=0.012 ev=+0.818 r0=1.0000 entcoef=7.20e-03 lr=4.9e-04 seed=1
iter= 195 step= 627200 ep_ret=-457.920 opt_ret=-457.920 step_rew=-4.5792 opt_step=-4.5792 gap0=457.920 dret=+261.438 eval_ret=n/a pursuer_target_distance=2.380 capture=0.016 score=0.005 pol=-0.0007 val=0.0811 ent=1.2574 tot=+0.0308 agnorm=0.050 cgnorm=0.175 kl=0.0014 clipf=0.013 ev=+0.709 r0=1.0000 entcoef=7.19e-03 lr=4.8e-04 seed=1
iter= 196 step= 630400 ep_ret=-440.252 opt_ret=-440.252 step_rew=-4.4025 opt_step=-4.4025 gap0=440.252 dret=+279.105 eval_ret=n/a pursuer_target_distance=2.100 capture=0.009 score=0.003 pol=-0.0012 val=0.0648 ent=1.2519 tot=+0.0223 agnorm=0.097 cgnorm=0.148 kl=0.0023 clipf=0.016 ev=+0.798 r0=1.0000 entcoef=7.17e-03 lr=4.8e-04 seed=1
iter= 197 step= 633600 ep_ret=-474.493 opt_ret=-474.493 step_rew=-4.7449 opt_step=-4.7449 gap0=474.493 dret=+244.864 eval_ret=n/a pursuer_target_distance=1.869 capture=0.000 score=0.000 pol=-0.0009 val=0.0757 ent=1.2579 tot=+0.0280 agnorm=0.089 cgnorm=0.158 kl=0.0022 clipf=0.021 ev=+0.729 r0=1.0000 entcoef=7.16e-03 lr=4.8e-04 seed=1
iter= 198 step= 636800 ep_ret=-401.968 opt_ret=-401.968 step_rew=-4.0197 opt_step=-4.0197 gap0=401.968 dret=+317.389 eval_ret=n/a pursuer_target_distance=1.598 capture=0.003 score=0.001 pol=-0.0008 val=0.0451 ent=1.2509 tot=+0.0129 agnorm=0.061 cgnorm=0.129 kl=0.0018 clipf=0.010 ev=+0.793 r0=1.0000 entcoef=7.14e-03 lr=4.8e-04 seed=1
iter= 199 step= 640000 ep_ret=-454.607 opt_ret=-454.607 step_rew=-4.5461 opt_step=-4.5461 gap0=454.607 dret=+264.751 eval_ret=n/a pursuer_target_distance=1.640 capture=0.007 score=0.003 pol=-0.0009 val=0.0388 ent=1.2834 tot=+0.0093 agnorm=0.057 cgnorm=0.150 kl=0.0022 clipf=0.017 ev=+0.770 r0=1.0000 entcoef=7.13e-03 lr=4.8e-04 seed=1
iter= 200 step= 643200 ep_ret=-461.719 opt_ret=-461.719 step_rew=-4.6172 opt_step=-4.6172 gap0=461.719 dret=+257.638 eval_ret=-240.650 pursuer_target_distance=2.111 capture=0.004 score=0.001 pol=-0.0009 val=0.0449 ent=1.2651 tot=+0.0125 agnorm=0.075 cgnorm=0.172 kl=0.0018 clipf=0.013 ev=+0.789 r0=1.0000 entcoef=7.12e-03 lr=4.8e-04 seed=1
iter= 201 step= 646400 ep_ret=-462.251 opt_ret=-462.251 step_rew=-4.6225 opt_step=-4.6225 gap0=462.251 dret=+257.106 eval_ret=n/a pursuer_target_distance=1.761 capture=0.000 score=0.000 pol=-0.0010 val=0.0687 ent=1.2836 tot=+0.0242 agnorm=0.068 cgnorm=0.177 kl=0.0018 clipf=0.011 ev=+0.625 r0=1.0000 entcoef=7.10e-03 lr=4.8e-04 seed=1
iter= 202 step= 649600 ep_ret=-395.607 opt_ret=-395.607 step_rew=-3.9561 opt_step=-3.9561 gap0=395.607 dret=+323.751 eval_ret=n/a pursuer_target_distance=1.713 capture=0.012 score=0.004 pol=-0.0009 val=0.0497 ent=1.2816 tot=+0.0149 agnorm=0.077 cgnorm=0.152 kl=0.0020 clipf=0.013 ev=+0.773 r0=1.0000 entcoef=7.09e-03 lr=4.8e-04 seed=1
iter= 203 step= 652800 ep_ret=-428.280 opt_ret=-428.280 step_rew=-4.2828 opt_step=-4.2828 gap0=428.280 dret=+291.077 eval_ret=n/a pursuer_target_distance=1.718 capture=0.004 score=0.002 pol=-0.0015 val=0.0546 ent=1.2922 tot=+0.0167 agnorm=0.079 cgnorm=0.155 kl=0.0031 clipf=0.023 ev=+0.718 r0=1.0000 entcoef=7.07e-03 lr=4.8e-04 seed=1
iter= 204 step= 656000 ep_ret=-382.500 opt_ret=-382.500 step_rew=-3.8250 opt_step=-3.8250 gap0=382.500 dret=+336.858 eval_ret=n/a pursuer_target_distance=1.659 capture=0.006 score=0.002 pol=-0.0010 val=0.0406 ent=1.2826 tot=+0.0103 agnorm=0.071 cgnorm=0.141 kl=0.0024 clipf=0.017 ev=+0.818 r0=1.0000 entcoef=7.06e-03 lr=4.7e-04 seed=1
iter= 205 step= 659200 ep_ret=-397.324 opt_ret=-397.324 step_rew=-3.9732 opt_step=-3.9732 gap0=397.324 dret=+322.033 eval_ret=n/a pursuer_target_distance=1.888 capture=0.013 score=0.005 pol=-0.0010 val=0.0716 ent=1.3003 tot=+0.0256 agnorm=0.051 cgnorm=0.188 kl=0.0017 clipf=0.010 ev=+0.755 r0=1.0000 entcoef=7.04e-03 lr=4.7e-04 seed=1
iter= 206 step= 662400 ep_ret=-443.985 opt_ret=-443.985 step_rew=-4.4399 opt_step=-4.4399 gap0=443.985 dret=+275.372 eval_ret=n/a pursuer_target_distance=1.931 capture=0.003 score=0.001 pol=-0.0010 val=0.0508 ent=1.3105 tot=+0.0152 agnorm=0.065 cgnorm=0.180 kl=0.0023 clipf=0.015 ev=+0.757 r0=1.0000 entcoef=7.03e-03 lr=4.7e-04 seed=1
iter= 207 step= 665600 ep_ret=-332.227 opt_ret=-332.227 step_rew=-3.3223 opt_step=-3.3223 gap0=332.227 dret=+387.130 eval_ret=n/a pursuer_target_distance=1.480 capture=0.017 score=0.007 pol=-0.0011 val=0.0566 ent=1.2970 tot=+0.0181 agnorm=0.144 cgnorm=0.164 kl=0.0028 clipf=0.022 ev=+0.784 r0=1.0000 entcoef=7.01e-03 lr=4.7e-04 seed=1
iter= 208 step= 668800 ep_ret=-408.067 opt_ret=-408.067 step_rew=-4.0807 opt_step=-4.0807 gap0=408.067 dret=+311.290 eval_ret=n/a pursuer_target_distance=1.850 capture=0.001 score=0.000 pol=-0.0010 val=0.0511 ent=1.3014 tot=+0.0154 agnorm=0.096 cgnorm=0.168 kl=0.0027 clipf=0.020 ev=+0.794 r0=1.0000 entcoef=7.00e-03 lr=4.7e-04 seed=1
iter= 209 step= 672000 ep_ret=-373.907 opt_ret=-373.907 step_rew=-3.7391 opt_step=-3.7391 gap0=373.907 dret=+345.450 eval_ret=n/a pursuer_target_distance=1.934 capture=0.006 score=0.002 pol=-0.0009 val=0.0678 ent=1.3077 tot=+0.0238 agnorm=0.085 cgnorm=0.211 kl=0.0021 clipf=0.020 ev=+0.716 r0=1.0000 entcoef=6.99e-03 lr=4.7e-04 seed=1
iter= 210 step= 675200 ep_ret=-483.088 opt_ret=-483.088 step_rew=-4.8309 opt_step=-4.8309 gap0=483.088 dret=+236.269 eval_ret=n/a pursuer_target_distance=2.020 capture=0.018 score=0.006 pol=-0.0010 val=0.0815 ent=1.3005 tot=+0.0307 agnorm=0.078 cgnorm=0.217 kl=0.0026 clipf=0.018 ev=+0.702 r0=1.0000 entcoef=6.97e-03 lr=4.7e-04 seed=1
iter= 211 step= 678400 ep_ret=-316.280 opt_ret=-316.280 step_rew=-3.1628 opt_step=-3.1628 gap0=316.280 dret=+403.078 eval_ret=n/a pursuer_target_distance=1.479 capture=0.011 score=0.004 pol=-0.0007 val=0.0540 ent=1.3104 tot=+0.0172 agnorm=0.051 cgnorm=0.194 kl=0.0015 clipf=0.012 ev=+0.829 r0=1.0000 entcoef=6.96e-03 lr=4.7e-04 seed=1
iter= 212 step= 681600 ep_ret=-387.772 opt_ret=-387.772 step_rew=-3.8777 opt_step=-3.8777 gap0=387.772 dret=+331.586 eval_ret=n/a pursuer_target_distance=1.667 capture=0.012 score=0.004 pol=-0.0014 val=0.0446 ent=1.3242 tot=+0.0117 agnorm=0.098 cgnorm=0.154 kl=0.0031 clipf=0.027 ev=+0.809 r0=1.0000 entcoef=6.94e-03 lr=4.7e-04 seed=1
iter= 213 step= 684800 ep_ret=-491.510 opt_ret=-491.510 step_rew=-4.9151 opt_step=-4.9151 gap0=491.510 dret=+227.847 eval_ret=n/a pursuer_target_distance=2.277 capture=0.000 score=0.000 pol=-0.0008 val=0.0550 ent=1.3170 tot=+0.0176 agnorm=0.063 cgnorm=0.188 kl=0.0022 clipf=0.013 ev=+0.795 r0=1.0000 entcoef=6.93e-03 lr=4.6e-04 seed=1
iter= 214 step= 688000 ep_ret=-429.218 opt_ret=-429.218 step_rew=-4.2922 opt_step=-4.2922 gap0=429.218 dret=+290.139 eval_ret=n/a pursuer_target_distance=1.984 capture=0.014 score=0.005 pol=-0.0008 val=0.0668 ent=1.3226 tot=+0.0234 agnorm=0.067 cgnorm=0.203 kl=0.0019 clipf=0.012 ev=+0.784 r0=1.0000 entcoef=6.91e-03 lr=4.6e-04 seed=1
iter= 215 step= 691200 ep_ret=-401.008 opt_ret=-401.008 step_rew=-4.0101 opt_step=-4.0101 gap0=401.008 dret=+318.349 eval_ret=n/a pursuer_target_distance=1.794 capture=0.014 score=0.005 pol=-0.0013 val=0.0656 ent=1.3011 tot=+0.0226 agnorm=0.081 cgnorm=0.220 kl=0.0024 clipf=0.022 ev=+0.819 r0=1.0000 entcoef=6.90e-03 lr=4.6e-04 seed=1
iter= 216 step= 694400 ep_ret=-370.531 opt_ret=-370.531 step_rew=-3.7053 opt_step=-3.7053 gap0=370.531 dret=+348.827 eval_ret=n/a pursuer_target_distance=1.668 capture=0.011 score=0.004 pol=-0.0011 val=0.0418 ent=1.3178 tot=+0.0108 agnorm=0.073 cgnorm=0.164 kl=0.0023 clipf=0.014 ev=+0.820 r0=1.0000 entcoef=6.88e-03 lr=4.6e-04 seed=1
iter= 217 step= 697600 ep_ret=-450.618 opt_ret=-450.618 step_rew=-4.5062 opt_step=-4.5062 gap0=450.618 dret=+268.739 eval_ret=n/a pursuer_target_distance=2.215 capture=0.022 score=0.007 pol=-0.0011 val=0.0537 ent=1.3160 tot=+0.0167 agnorm=0.070 cgnorm=0.186 kl=0.0023 clipf=0.023 ev=+0.808 r0=1.0000 entcoef=6.87e-03 lr=4.6e-04 seed=1
iter= 218 step= 700800 ep_ret=-338.770 opt_ret=-338.770 step_rew=-3.3877 opt_step=-3.3877 gap0=338.770 dret=+380.587 eval_ret=n/a pursuer_target_distance=1.769 capture=0.007 score=0.003 pol=-0.0010 val=0.0345 ent=1.3182 tot=+0.0072 agnorm=0.086 cgnorm=0.158 kl=0.0018 clipf=0.013 ev=+0.843 r0=1.0000 entcoef=6.86e-03 lr=4.6e-04 seed=1
iter= 219 step= 704000 ep_ret=-428.987 opt_ret=-428.987 step_rew=-4.2899 opt_step=-4.2899 gap0=428.987 dret=+290.370 eval_ret=n/a pursuer_target_distance=2.047 capture=0.010 score=0.003 pol=-0.0014 val=0.0601 ent=1.3010 tot=+0.0198 agnorm=0.078 cgnorm=0.197 kl=0.0025 clipf=0.021 ev=+0.786 r0=1.0000 entcoef=6.84e-03 lr=4.6e-04 seed=1
iter= 220 step= 707200 ep_ret=-437.589 opt_ret=-437.589 step_rew=-4.3759 opt_step=-4.3759 gap0=437.589 dret=+281.768 eval_ret=-106.731 pursuer_target_distance=2.051 capture=0.018 score=0.006 pol=-0.0011 val=0.0679 ent=1.2941 tot=+0.0241 agnorm=0.064 cgnorm=0.179 kl=0.0025 clipf=0.013 ev=+0.803 r0=1.0000 entcoef=6.83e-03 lr=4.6e-04 seed=1
iter= 221 step= 710400 ep_ret=-387.050 opt_ret=-387.050 step_rew=-3.8705 opt_step=-3.8705 gap0=387.050 dret=+332.307 eval_ret=n/a pursuer_target_distance=1.657 capture=0.012 score=0.004 pol=-0.0006 val=0.0479 ent=1.2768 tot=+0.0146 agnorm=0.058 cgnorm=0.165 kl=0.0015 clipf=0.008 ev=+0.807 r0=1.0000 entcoef=6.81e-03 lr=4.6e-04 seed=1
iter= 222 step= 713600 ep_ret=-279.644 opt_ret=-279.644 step_rew=-2.7964 opt_step=-2.7964 gap0=279.644 dret=+439.713 eval_ret=n/a pursuer_target_distance=1.297 capture=0.033 score=0.014 pol=-0.0011 val=0.0459 ent=1.2691 tot=+0.0132 agnorm=0.078 cgnorm=0.186 kl=0.0020 clipf=0.012 ev=+0.837 r0=1.0000 entcoef=6.80e-03 lr=4.5e-04 seed=1
iter= 223 step= 716800 ep_ret=-381.878 opt_ret=-381.878 step_rew=-3.8188 opt_step=-3.8188 gap0=381.878 dret=+337.479 eval_ret=n/a pursuer_target_distance=1.620 capture=0.023 score=0.009 pol=-0.0007 val=0.0438 ent=1.2710 tot=+0.0126 agnorm=0.058 cgnorm=0.153 kl=0.0016 clipf=0.008 ev=+0.850 r0=1.0000 entcoef=6.78e-03 lr=4.5e-04 seed=1
iter= 224 step= 720000 ep_ret=-391.517 opt_ret=-391.517 step_rew=-3.9152 opt_step=-3.9152 gap0=391.517 dret=+327.841 eval_ret=n/a pursuer_target_distance=1.637 capture=0.021 score=0.008 pol=-0.0007 val=0.0491 ent=1.2856 tot=+0.0151 agnorm=0.068 cgnorm=0.190 kl=0.0022 clipf=0.016 ev=+0.853 r0=1.0000 entcoef=6.77e-03 lr=4.5e-04 seed=1
iter= 225 step= 723200 ep_ret=-483.242 opt_ret=-483.242 step_rew=-4.8324 opt_step=-4.8324 gap0=483.242 dret=+236.115 eval_ret=n/a pursuer_target_distance=1.935 capture=0.002 score=0.001 pol=-0.0007 val=0.0565 ent=1.2866 tot=+0.0189 agnorm=0.081 cgnorm=0.194 kl=0.0016 clipf=0.011 ev=+0.811 r0=1.0000 entcoef=6.75e-03 lr=4.5e-04 seed=1
iter= 226 step= 726400 ep_ret=-385.447 opt_ret=-385.447 step_rew=-3.8545 opt_step=-3.8545 gap0=385.447 dret=+333.910 eval_ret=n/a pursuer_target_distance=1.532 capture=0.018 score=0.007 pol=-0.0011 val=0.0366 ent=1.2621 tot=+0.0087 agnorm=0.063 cgnorm=0.136 kl=0.0021 clipf=0.014 ev=+0.883 r0=1.0000 entcoef=6.74e-03 lr=4.5e-04 seed=1
iter= 227 step= 729600 ep_ret=-380.440 opt_ret=-380.440 step_rew=-3.8044 opt_step=-3.8044 gap0=380.440 dret=+338.918 eval_ret=n/a pursuer_target_distance=1.728 capture=0.041 score=0.015 pol=-0.0013 val=0.0597 ent=1.2586 tot=+0.0202 agnorm=0.088 cgnorm=0.190 kl=0.0024 clipf=0.018 ev=+0.839 r0=1.0000 entcoef=6.73e-03 lr=4.5e-04 seed=1
iter= 228 step= 732800 ep_ret=-386.170 opt_ret=-386.170 step_rew=-3.8617 opt_step=-3.8617 gap0=386.170 dret=+333.187 eval_ret=n/a pursuer_target_distance=1.656 capture=0.026 score=0.010 pol=-0.0009 val=0.0732 ent=1.2598 tot=+0.0272 agnorm=0.044 cgnorm=0.214 kl=0.0020 clipf=0.012 ev=+0.802 r0=1.0000 entcoef=6.71e-03 lr=4.5e-04 seed=1
iter= 229 step= 736000 ep_ret=-339.715 opt_ret=-339.715 step_rew=-3.3971 opt_step=-3.3971 gap0=339.715 dret=+379.643 eval_ret=n/a pursuer_target_distance=1.667 capture=0.038 score=0.014 pol=-0.0010 val=0.0769 ent=1.2531 tot=+0.0290 agnorm=0.095 cgnorm=0.221 kl=0.0019 clipf=0.015 ev=+0.799 r0=1.0000 entcoef=6.70e-03 lr=4.5e-04 seed=1
iter= 230 step= 739200 ep_ret=-345.980 opt_ret=-345.980 step_rew=-3.4598 opt_step=-3.4598 gap0=345.980 dret=+373.377 eval_ret=n/a pursuer_target_distance=1.770 capture=0.022 score=0.008 pol=-0.0010 val=0.0353 ent=1.2519 tot=+0.0083 agnorm=0.089 cgnorm=0.152 kl=0.0028 clipf=0.026 ev=+0.907 r0=1.0000 entcoef=6.68e-03 lr=4.5e-04 seed=1
iter= 231 step= 742400 ep_ret=-394.194 opt_ret=-394.194 step_rew=-3.9419 opt_step=-3.9419 gap0=394.194 dret=+325.163 eval_ret=n/a pursuer_target_distance=1.714 capture=0.028 score=0.010 pol=-0.0013 val=0.0445 ent=1.2830 tot=+0.0124 agnorm=0.087 cgnorm=0.188 kl=0.0029 clipf=0.023 ev=+0.869 r0=1.0000 entcoef=6.67e-03 lr=4.4e-04 seed=1
iter= 232 step= 745600 ep_ret=-389.300 opt_ret=-389.300 step_rew=-3.8930 opt_step=-3.8930 gap0=389.300 dret=+330.057 eval_ret=n/a pursuer_target_distance=1.784 capture=0.018 score=0.007 pol=-0.0007 val=0.0464 ent=1.2891 tot=+0.0139 agnorm=0.074 cgnorm=0.195 kl=0.0026 clipf=0.021 ev=+0.840 r0=1.0000 entcoef=6.65e-03 lr=4.4e-04 seed=1
iter= 233 step= 748800 ep_ret=-369.074 opt_ret=-369.074 step_rew=-3.6907 opt_step=-3.6907 gap0=369.074 dret=+350.283 eval_ret=n/a pursuer_target_distance=2.147 capture=0.037 score=0.012 pol=-0.0010 val=0.0610 ent=1.2801 tot=+0.0210 agnorm=0.071 cgnorm=0.183 kl=0.0021 clipf=0.017 ev=+0.842 r0=1.0000 entcoef=6.64e-03 lr=4.4e-04 seed=1
iter= 234 step= 752000 ep_ret=-379.885 opt_ret=-379.885 step_rew=-3.7988 opt_step=-3.7988 gap0=379.885 dret=+339.473 eval_ret=n/a pursuer_target_distance=1.969 capture=0.027 score=0.009 pol=-0.0008 val=0.0467 ent=1.2718 tot=+0.0141 agnorm=0.069 cgnorm=0.197 kl=0.0026 clipf=0.018 ev=+0.892 r0=1.0000 entcoef=6.62e-03 lr=4.4e-04 seed=1
iter= 235 step= 755200 ep_ret=-334.544 opt_ret=-334.544 step_rew=-3.3454 opt_step=-3.3454 gap0=334.544 dret=+384.813 eval_ret=n/a pursuer_target_distance=1.712 capture=0.013 score=0.005 pol=-0.0009 val=0.0416 ent=1.2788 tot=+0.0114 agnorm=0.061 cgnorm=0.223 kl=0.0022 clipf=0.014 ev=+0.875 r0=1.0000 entcoef=6.61e-03 lr=4.4e-04 seed=1
iter= 236 step= 758400 ep_ret=-340.877 opt_ret=-340.877 step_rew=-3.4088 opt_step=-3.4088 gap0=340.877 dret=+378.480 eval_ret=n/a pursuer_target_distance=1.510 capture=0.022 score=0.009 pol=-0.0009 val=0.0375 ent=1.2654 tot=+0.0096 agnorm=0.077 cgnorm=0.143 kl=0.0021 clipf=0.021 ev=+0.894 r0=1.0000 entcoef=6.60e-03 lr=4.4e-04 seed=1
iter= 237 step= 761600 ep_ret=-372.819 opt_ret=-372.819 step_rew=-3.7282 opt_step=-3.7282 gap0=372.819 dret=+346.538 eval_ret=n/a pursuer_target_distance=1.699 capture=0.007 score=0.002 pol=-0.0009 val=0.0323 ent=1.2568 tot=+0.0070 agnorm=0.067 cgnorm=0.176 kl=0.0014 clipf=0.008 ev=+0.880 r0=1.0000 entcoef=6.58e-03 lr=4.4e-04 seed=1
iter= 238 step= 764800 ep_ret=-357.132 opt_ret=-357.132 step_rew=-3.5713 opt_step=-3.5713 gap0=357.132 dret=+362.225 eval_ret=n/a pursuer_target_distance=1.518 capture=0.010 score=0.004 pol=-0.0006 val=0.0262 ent=1.2584 tot=+0.0042 agnorm=0.062 cgnorm=0.138 kl=0.0019 clipf=0.014 ev=+0.914 r0=1.0000 entcoef=6.57e-03 lr=4.4e-04 seed=1
iter= 239 step= 768000 ep_ret=-360.488 opt_ret=-360.488 step_rew=-3.6049 opt_step=-3.6049 gap0=360.488 dret=+358.869 eval_ret=n/a pursuer_target_distance=1.457 capture=0.021 score=0.008 pol=-0.0013 val=0.0257 ent=1.2733 tot=+0.0033 agnorm=0.078 cgnorm=0.147 kl=0.0027 clipf=0.022 ev=+0.921 r0=1.0000 entcoef=6.55e-03 lr=4.4e-04 seed=1
iter= 240 step= 771200 ep_ret=-431.801 opt_ret=-431.801 step_rew=-4.3180 opt_step=-4.3180 gap0=431.801 dret=+287.556 eval_ret=+121.401 pursuer_target_distance=2.036 capture=0.019 score=0.006 pol=-0.0007 val=0.0585 ent=1.2878 tot=+0.0202 agnorm=0.080 cgnorm=0.193 kl=0.0018 clipf=0.009 ev=+0.833 r0=1.0000 entcoef=6.54e-03 lr=4.3e-04 seed=1
iter= 241 step= 774400 ep_ret=-365.070 opt_ret=-365.070 step_rew=-3.6507 opt_step=-3.6507 gap0=365.070 dret=+354.287 eval_ret=n/a pursuer_target_distance=1.406 capture=0.037 score=0.015 pol=-0.0009 val=0.0399 ent=1.2570 tot=+0.0108 agnorm=0.064 cgnorm=0.170 kl=0.0019 clipf=0.012 ev=+0.883 r0=1.0000 entcoef=6.52e-03 lr=4.3e-04 seed=1
iter= 242 step= 777600 ep_ret=-406.321 opt_ret=-406.321 step_rew=-4.0632 opt_step=-4.0632 gap0=406.321 dret=+313.036 eval_ret=n/a pursuer_target_distance=1.661 capture=0.015 score=0.006 pol=-0.0009 val=0.0319 ent=1.2803 tot=+0.0067 agnorm=0.077 cgnorm=0.185 kl=0.0018 clipf=0.013 ev=+0.900 r0=1.0000 entcoef=6.51e-03 lr=4.3e-04 seed=1
iter= 243 step= 780800 ep_ret=-444.372 opt_ret=-444.372 step_rew=-4.4437 opt_step=-4.4437 gap0=444.372 dret=+274.985 eval_ret=n/a pursuer_target_distance=1.944 capture=0.013 score=0.004 pol=-0.0008 val=0.0388 ent=1.2524 tot=+0.0105 agnorm=0.058 cgnorm=0.167 kl=0.0021 clipf=0.017 ev=+0.902 r0=1.0000 entcoef=6.50e-03 lr=4.3e-04 seed=1
iter= 244 step= 784000 ep_ret=-312.459 opt_ret=-312.459 step_rew=-3.1246 opt_step=-3.1246 gap0=312.459 dret=+406.899 eval_ret=n/a pursuer_target_distance=1.430 capture=0.038 score=0.016 pol=-0.0008 val=0.0373 ent=1.2639 tot=+0.0096 agnorm=0.059 cgnorm=0.149 kl=0.0013 clipf=0.008 ev=+0.891 r0=1.0000 entcoef=6.48e-03 lr=4.3e-04 seed=1
iter= 245 step= 787200 ep_ret=-295.272 opt_ret=-295.272 step_rew=-2.9527 opt_step=-2.9527 gap0=295.272 dret=+424.085 eval_ret=n/a pursuer_target_distance=1.525 capture=0.031 score=0.012 pol=-0.0012 val=0.0341 ent=1.2227 tot=+0.0079 agnorm=0.098 cgnorm=0.153 kl=0.0023 clipf=0.021 ev=+0.890 r0=1.0000 entcoef=6.47e-03 lr=4.3e-04 seed=1
iter= 246 step= 790400 ep_ret=-309.066 opt_ret=-309.066 step_rew=-3.0907 opt_step=-3.0907 gap0=309.066 dret=+410.291 eval_ret=n/a pursuer_target_distance=1.694 capture=0.045 score=0.017 pol=-0.0014 val=0.0336 ent=1.2331 tot=+0.0075 agnorm=0.081 cgnorm=0.126 kl=0.0023 clipf=0.016 ev=+0.930 r0=1.0000 entcoef=6.45e-03 lr=4.3e-04 seed=1
iter= 247 step= 793600 ep_ret=-364.311 opt_ret=-364.311 step_rew=-3.6431 opt_step=-3.6431 gap0=364.311 dret=+355.046 eval_ret=n/a pursuer_target_distance=1.846 capture=0.016 score=0.006 pol=-0.0009 val=0.0316 ent=1.2343 tot=+0.0070 agnorm=0.084 cgnorm=0.168 kl=0.0021 clipf=0.014 ev=+0.899 r0=1.0000 entcoef=6.44e-03 lr=4.3e-04 seed=1
iter= 248 step= 796800 ep_ret=-374.387 opt_ret=-374.387 step_rew=-3.7439 opt_step=-3.7439 gap0=374.387 dret=+344.970 eval_ret=n/a pursuer_target_distance=1.568 capture=0.022 score=0.008 pol=-0.0010 val=0.0331 ent=1.2364 tot=+0.0076 agnorm=0.086 cgnorm=0.164 kl=0.0022 clipf=0.016 ev=+0.917 r0=1.0000 entcoef=6.42e-03 lr=4.3e-04 seed=1
iter= 249 step= 800000 ep_ret=-410.806 opt_ret=-410.806 step_rew=-4.1081 opt_step=-4.1081 gap0=410.806 dret=+308.551 eval_ret=n/a pursuer_target_distance=1.991 capture=0.021 score=0.007 pol=-0.0007 val=0.0397 ent=1.2550 tot=+0.0111 agnorm=0.045 cgnorm=0.199 kl=0.0019 clipf=0.011 ev=+0.850 r0=1.0000 entcoef=6.41e-03 lr=4.2e-04 seed=1
iter= 250 step= 803200 ep_ret=-349.295 opt_ret=-349.295 step_rew=-3.4929 opt_step=-3.4929 gap0=349.295 dret=+370.062 eval_ret=n/a pursuer_target_distance=1.453 capture=0.024 score=0.010 pol=-0.0009 val=0.0287 ent=1.2334 tot=+0.0055 agnorm=0.053 cgnorm=0.155 kl=0.0015 clipf=0.007 ev=+0.915 r0=1.0000 entcoef=6.39e-03 lr=4.2e-04 seed=1
iter= 251 step= 806400 ep_ret=-397.767 opt_ret=-397.767 step_rew=-3.9777 opt_step=-3.9777 gap0=397.767 dret=+321.590 eval_ret=n/a pursuer_target_distance=1.580 capture=0.012 score=0.005 pol=-0.0010 val=0.0259 ent=1.2667 tot=+0.0039 agnorm=0.098 cgnorm=0.163 kl=0.0020 clipf=0.014 ev=+0.914 r0=1.0000 entcoef=6.38e-03 lr=4.2e-04 seed=1
iter= 252 step= 809600 ep_ret=-439.588 opt_ret=-439.588 step_rew=-4.3959 opt_step=-4.3959 gap0=439.588 dret=+279.769 eval_ret=n/a pursuer_target_distance=2.069 capture=0.015 score=0.005 pol=-0.0007 val=0.0475 ent=1.2613 tot=+0.0150 agnorm=0.112 cgnorm=0.222 kl=0.0017 clipf=0.010 ev=+0.854 r0=1.0000 entcoef=6.37e-03 lr=4.2e-04 seed=1
iter= 253 step= 812800 ep_ret=-357.807 opt_ret=-357.807 step_rew=-3.5781 opt_step=-3.5781 gap0=357.807 dret=+361.550 eval_ret=n/a pursuer_target_distance=1.441 capture=0.014 score=0.006 pol=-0.0008 val=0.0257 ent=1.2655 tot=+0.0040 agnorm=0.118 cgnorm=0.120 kl=0.0023 clipf=0.019 ev=+0.909 r0=1.0000 entcoef=6.35e-03 lr=4.2e-04 seed=1
iter= 254 step= 816000 ep_ret=-344.001 opt_ret=-344.001 step_rew=-3.4400 opt_step=-3.4400 gap0=344.001 dret=+375.356 eval_ret=n/a pursuer_target_distance=1.858 capture=0.035 score=0.012 pol=-0.0011 val=0.0398 ent=1.2503 tot=+0.0108 agnorm=0.087 cgnorm=0.155 kl=0.0023 clipf=0.016 ev=+0.911 r0=1.0000 entcoef=6.34e-03 lr=4.2e-04 seed=1
iter= 255 step= 819200 ep_ret=-385.041 opt_ret=-385.041 step_rew=-3.8504 opt_step=-3.8504 gap0=385.041 dret=+334.316 eval_ret=n/a pursuer_target_distance=1.786 capture=0.039 score=0.014 pol=-0.0010 val=0.0360 ent=1.2601 tot=+0.0091 agnorm=0.077 cgnorm=0.205 kl=0.0020 clipf=0.013 ev=+0.889 r0=1.0000 entcoef=6.32e-03 lr=4.2e-04 seed=1
iter= 256 step= 822400 ep_ret=-420.949 opt_ret=-420.949 step_rew=-4.2095 opt_step=-4.2095 gap0=420.949 dret=+298.408 eval_ret=n/a pursuer_target_distance=2.041 capture=0.043 score=0.014 pol=-0.0011 val=0.0505 ent=1.2809 tot=+0.0161 agnorm=0.111 cgnorm=0.179 kl=0.0024 clipf=0.019 ev=+0.863 r0=1.0000 entcoef=6.31e-03 lr=4.2e-04 seed=1
iter= 257 step= 825600 ep_ret=-359.801 opt_ret=-359.801 step_rew=-3.5980 opt_step=-3.5980 gap0=359.801 dret=+359.556 eval_ret=n/a pursuer_target_distance=1.513 capture=0.028 score=0.011 pol=-0.0006 val=0.0336 ent=1.2967 tot=+0.0080 agnorm=0.075 cgnorm=0.169 kl=0.0021 clipf=0.012 ev=+0.883 r0=1.0000 entcoef=6.29e-03 lr=4.2e-04 seed=1
iter= 258 step= 828800 ep_ret=-437.469 opt_ret=-437.469 step_rew=-4.3747 opt_step=-4.3747 gap0=437.469 dret=+281.888 eval_ret=n/a pursuer_target_distance=1.580 capture=0.007 score=0.003 pol=-0.0008 val=0.0349 ent=1.2942 tot=+0.0085 agnorm=0.051 cgnorm=0.168 kl=0.0016 clipf=0.009 ev=+0.861 r0=1.0000 entcoef=6.28e-03 lr=4.1e-04 seed=1
iter= 259 step= 832000 ep_ret=-379.329 opt_ret=-379.329 step_rew=-3.7933 opt_step=-3.7933 gap0=379.329 dret=+340.028 eval_ret=n/a pursuer_target_distance=1.830 capture=0.023 score=0.008 pol=-0.0011 val=0.0336 ent=1.2994 tot=+0.0076 agnorm=0.066 cgnorm=0.151 kl=0.0023 clipf=0.015 ev=+0.916 r0=1.0000 entcoef=6.26e-03 lr=4.1e-04 seed=1
iter= 260 step= 835200 ep_ret=-295.249 opt_ret=-295.249 step_rew=-2.9525 opt_step=-2.9525 gap0=295.249 dret=+424.108 eval_ret=+142.367 pursuer_target_distance=1.657 capture=0.038 score=0.014 pol=-0.0009 val=0.0301 ent=1.3104 tot=+0.0060 agnorm=0.078 cgnorm=0.142 kl=0.0019 clipf=0.010 ev=+0.902 r0=1.0000 entcoef=6.25e-03 lr=4.1e-04 seed=1
iter= 261 step= 838400 ep_ret=-479.163 opt_ret=-479.163 step_rew=-4.7916 opt_step=-4.7916 gap0=479.163 dret=+240.195 eval_ret=n/a pursuer_target_distance=2.251 capture=0.030 score=0.009 pol=-0.0009 val=0.0549 ent=1.3072 tot=+0.0184 agnorm=0.070 cgnorm=0.163 kl=0.0019 clipf=0.011 ev=+0.895 r0=1.0000 entcoef=6.24e-03 lr=4.1e-04 seed=1
iter= 262 step= 841600 ep_ret=-509.620 opt_ret=-509.620 step_rew=-5.0962 opt_step=-5.0962 gap0=509.620 dret=+209.737 eval_ret=n/a pursuer_target_distance=2.677 capture=0.017 score=0.005 pol=-0.0011 val=0.0453 ent=1.3228 tot=+0.0133 agnorm=0.078 cgnorm=0.160 kl=0.0022 clipf=0.012 ev=+0.899 r0=1.0000 entcoef=6.22e-03 lr=4.1e-04 seed=1
iter= 263 step= 844800 ep_ret=-449.326 opt_ret=-449.326 step_rew=-4.4933 opt_step=-4.4933 gap0=449.326 dret=+270.031 eval_ret=n/a pursuer_target_distance=1.992 capture=0.013 score=0.004 pol=-0.0011 val=0.0375 ent=1.2872 tot=+0.0097 agnorm=0.095 cgnorm=0.183 kl=0.0025 clipf=0.017 ev=+0.893 r0=1.0000 entcoef=6.21e-03 lr=4.1e-04 seed=1
iter= 264 step= 848000 ep_ret=-343.575 opt_ret=-343.575 step_rew=-3.4358 opt_step=-3.4358 gap0=343.575 dret=+375.782 eval_ret=n/a pursuer_target_distance=1.465 capture=0.032 score=0.013 pol=-0.0009 val=0.0303 ent=1.2794 tot=+0.0063 agnorm=0.097 cgnorm=0.133 kl=0.0015 clipf=0.008 ev=+0.905 r0=1.0000 entcoef=6.19e-03 lr=4.1e-04 seed=1
iter= 265 step= 851200 ep_ret=-378.051 opt_ret=-378.051 step_rew=-3.7805 opt_step=-3.7805 gap0=378.051 dret=+341.306 eval_ret=n/a pursuer_target_distance=1.761 capture=0.015 score=0.005 pol=-0.0010 val=0.0267 ent=1.2726 tot=+0.0045 agnorm=0.089 cgnorm=0.122 kl=0.0021 clipf=0.014 ev=+0.914 r0=1.0000 entcoef=6.18e-03 lr=4.1e-04 seed=1
iter= 266 step= 854400 ep_ret=-331.975 opt_ret=-331.975 step_rew=-3.3198 opt_step=-3.3198 gap0=331.975 dret=+387.382 eval_ret=n/a pursuer_target_distance=1.378 capture=0.039 score=0.017 pol=-0.0011 val=0.0243 ent=1.2663 tot=+0.0032 agnorm=0.086 cgnorm=0.126 kl=0.0022 clipf=0.014 ev=+0.927 r0=1.0000 entcoef=6.16e-03 lr=4.1e-04 seed=1
iter= 267 step= 857600 ep_ret=-372.379 opt_ret=-372.379 step_rew=-3.7238 opt_step=-3.7238 gap0=372.379 dret=+346.978 eval_ret=n/a pursuer_target_distance=1.893 capture=0.025 score=0.009 pol=-0.0008 val=0.0218 ent=1.2830 tot=+0.0022 agnorm=0.095 cgnorm=0.110 kl=0.0011 clipf=0.007 ev=+0.934 r0=1.0000 entcoef=6.15e-03 lr=4.0e-04 seed=1
iter= 268 step= 860800 ep_ret=-420.687 opt_ret=-420.687 step_rew=-4.2069 opt_step=-4.2069 gap0=420.687 dret=+298.670 eval_ret=n/a pursuer_target_distance=2.317 capture=0.029 score=0.009 pol=-0.0011 val=0.0420 ent=1.2651 tot=+0.0122 agnorm=0.079 cgnorm=0.159 kl=0.0031 clipf=0.026 ev=+0.911 r0=1.0000 entcoef=6.13e-03 lr=4.0e-04 seed=1
iter= 269 step= 864000 ep_ret=-374.867 opt_ret=-374.867 step_rew=-3.7487 opt_step=-3.7487 gap0=374.867 dret=+344.490 eval_ret=n/a pursuer_target_distance=1.797 capture=0.030 score=0.011 pol=-0.0011 val=0.0409 ent=1.2734 tot=+0.0116 agnorm=0.070 cgnorm=0.201 kl=0.0018 clipf=0.009 ev=+0.894 r0=1.0000 entcoef=6.12e-03 lr=4.0e-04 seed=1
iter= 270 step= 867200 ep_ret=-356.312 opt_ret=-356.312 step_rew=-3.5631 opt_step=-3.5631 gap0=356.312 dret=+363.045 eval_ret=n/a pursuer_target_distance=1.364 capture=0.021 score=0.009 pol=-0.0014 val=0.0231 ent=1.2930 tot=+0.0022 agnorm=0.121 cgnorm=0.140 kl=0.0033 clipf=0.027 ev=+0.917 r0=1.0000 entcoef=6.11e-03 lr=4.0e-04 seed=1
iter= 271 step= 870400 ep_ret=-359.560 opt_ret=-359.560 step_rew=-3.5956 opt_step=-3.5956 gap0=359.560 dret=+359.798 eval_ret=n/a pursuer_target_distance=1.693 capture=0.036 score=0.013 pol=-0.0010 val=0.0236 ent=1.2650 tot=+0.0031 agnorm=0.058 cgnorm=0.111 kl=0.0015 clipf=0.006 ev=+0.940 r0=1.0000 entcoef=6.09e-03 lr=4.0e-04 seed=1
iter= 272 step= 873600 ep_ret=-403.861 opt_ret=-403.861 step_rew=-4.0386 opt_step=-4.0386 gap0=403.861 dret=+315.496 eval_ret=n/a pursuer_target_distance=1.711 capture=0.009 score=0.003 pol=-0.0009 val=0.0236 ent=1.2564 tot=+0.0032 agnorm=0.057 cgnorm=0.129 kl=0.0024 clipf=0.011 ev=+0.917 r0=1.0000 entcoef=6.08e-03 lr=4.0e-04 seed=1
iter= 273 step= 876800 ep_ret=-449.685 opt_ret=-449.685 step_rew=-4.4969 opt_step=-4.4969 gap0=449.685 dret=+269.672 eval_ret=n/a pursuer_target_distance=2.025 capture=0.035 score=0.011 pol=-0.0006 val=0.0425 ent=1.2479 tot=+0.0131 agnorm=0.080 cgnorm=0.174 kl=0.0014 clipf=0.008 ev=+0.905 r0=1.0000 entcoef=6.06e-03 lr=4.0e-04 seed=1
iter= 274 step= 880000 ep_ret=-311.100 opt_ret=-311.100 step_rew=-3.1110 opt_step=-3.1110 gap0=311.100 dret=+408.258 eval_ret=n/a pursuer_target_distance=1.373 capture=0.048 score=0.020 pol=-0.0011 val=0.0292 ent=1.2519 tot=+0.0060 agnorm=0.094 cgnorm=0.119 kl=0.0024 clipf=0.017 ev=+0.931 r0=1.0000 entcoef=6.05e-03 lr=4.0e-04 seed=1
iter= 275 step= 883200 ep_ret=-382.598 opt_ret=-382.598 step_rew=-3.8260 opt_step=-3.8260 gap0=382.598 dret=+336.759 eval_ret=n/a pursuer_target_distance=1.649 capture=0.026 score=0.010 pol=-0.0010 val=0.0303 ent=1.2406 tot=+0.0067 agnorm=0.075 cgnorm=0.166 kl=0.0020 clipf=0.016 ev=+0.921 r0=1.0000 entcoef=6.03e-03 lr=4.0e-04 seed=1
iter= 276 step= 886400 ep_ret=-385.411 opt_ret=-385.411 step_rew=-3.8541 opt_step=-3.8541 gap0=385.411 dret=+333.946 eval_ret=n/a pursuer_target_distance=1.646 capture=0.023 score=0.009 pol=-0.0008 val=0.0238 ent=1.2694 tot=+0.0034 agnorm=0.062 cgnorm=0.123 kl=0.0022 clipf=0.012 ev=+0.930 r0=1.0000 entcoef=6.02e-03 lr=3.9e-04 seed=1
iter= 277 step= 889600 ep_ret=-396.519 opt_ret=-396.519 step_rew=-3.9652 opt_step=-3.9652 gap0=396.519 dret=+322.838 eval_ret=n/a pursuer_target_distance=1.809 capture=0.041 score=0.015 pol=-0.0011 val=0.0311 ent=1.2632 tot=+0.0068 agnorm=0.083 cgnorm=0.114 kl=0.0019 clipf=0.014 ev=+0.924 r0=1.0000 entcoef=6.00e-03 lr=3.9e-04 seed=1
iter= 278 step= 892800 ep_ret=-434.688 opt_ret=-434.688 step_rew=-4.3469 opt_step=-4.3469 gap0=434.688 dret=+284.669 eval_ret=n/a pursuer_target_distance=1.812 capture=0.007 score=0.003 pol=-0.0006 val=0.0327 ent=1.2600 tot=+0.0082 agnorm=0.063 cgnorm=0.120 kl=0.0015 clipf=0.007 ev=+0.887 r0=1.0000 entcoef=5.99e-03 lr=3.9e-04 seed=1
iter= 279 step= 896000 ep_ret=-328.467 opt_ret=-328.467 step_rew=-3.2847 opt_step=-3.2847 gap0=328.467 dret=+390.891 eval_ret=n/a pursuer_target_distance=1.605 capture=0.026 score=0.010 pol=-0.0010 val=0.0206 ent=1.2487 tot=+0.0019 agnorm=0.067 cgnorm=0.122 kl=0.0017 clipf=0.007 ev=+0.924 r0=1.0000 entcoef=5.98e-03 lr=3.9e-04 seed=1
iter= 280 step= 899200 ep_ret=-420.317 opt_ret=-420.317 step_rew=-4.2032 opt_step=-4.2032 gap0=420.317 dret=+299.040 eval_ret=+3.106 pursuer_target_distance=1.982 capture=0.027 score=0.009 pol=-0.0008 val=0.0291 ent=1.2705 tot=+0.0061 agnorm=0.075 cgnorm=0.138 kl=0.0019 clipf=0.007 ev=+0.931 r0=1.0000 entcoef=5.96e-03 lr=3.9e-04 seed=1
iter= 281 step= 902400 ep_ret=-319.727 opt_ret=-319.727 step_rew=-3.1973 opt_step=-3.1973 gap0=319.727 dret=+399.630 eval_ret=n/a pursuer_target_distance=1.423 capture=0.058 score=0.024 pol=-0.0007 val=0.0324 ent=1.2613 tot=+0.0080 agnorm=0.115 cgnorm=0.131 kl=0.0017 clipf=0.014 ev=+0.913 r0=1.0000 entcoef=5.95e-03 lr=3.9e-04 seed=1
iter= 282 step= 905600 ep_ret=-342.036 opt_ret=-342.036 step_rew=-3.4204 opt_step=-3.4204 gap0=342.036 dret=+377.321 eval_ret=n/a pursuer_target_distance=1.701 capture=0.037 score=0.014 pol=-0.0009 val=0.0268 ent=1.2880 tot=+0.0049 agnorm=0.076 cgnorm=0.105 kl=0.0015 clipf=0.007 ev=+0.924 r0=1.0000 entcoef=5.93e-03 lr=3.9e-04 seed=1
iter= 283 step= 908800 ep_ret=-255.314 opt_ret=-255.314 step_rew=-2.5531 opt_step=-2.5531 gap0=255.314 dret=+464.043 eval_ret=n/a pursuer_target_distance=1.729 capture=0.088 score=0.032 pol=-0.0009 val=0.0369 ent=1.2710 tot=+0.0100 agnorm=0.092 cgnorm=0.124 kl=0.0023 clipf=0.016 ev=+0.914 r0=1.0000 entcoef=5.92e-03 lr=3.9e-04 seed=1
iter= 284 step= 912000 ep_ret=-384.977 opt_ret=-384.977 step_rew=-3.8498 opt_step=-3.8498 gap0=384.977 dret=+334.380 eval_ret=n/a pursuer_target_distance=1.790 capture=0.030 score=0.011 pol=-0.0011 val=0.0272 ent=1.2747 tot=+0.0049 agnorm=0.125 cgnorm=0.119 kl=0.0021 clipf=0.020 ev=+0.942 r0=1.0000 entcoef=5.90e-03 lr=3.9e-04 seed=1
iter= 285 step= 915200 ep_ret=-295.364 opt_ret=-295.364 step_rew=-2.9536 opt_step=-2.9536 gap0=295.364 dret=+423.993 eval_ret=n/a pursuer_target_distance=1.457 capture=0.044 score=0.018 pol=-0.0007 val=0.0274 ent=1.2980 tot=+0.0053 agnorm=0.072 cgnorm=0.112 kl=0.0015 clipf=0.011 ev=+0.935 r0=1.0000 entcoef=5.89e-03 lr=3.8e-04 seed=1
iter= 286 step= 918400 ep_ret=-440.155 opt_ret=-440.155 step_rew=-4.4015 opt_step=-4.4015 gap0=440.155 dret=+279.202 eval_ret=n/a pursuer_target_distance=2.452 capture=0.022 score=0.006 pol=-0.0010 val=0.0358 ent=1.2884 tot=+0.0094 agnorm=0.081 cgnorm=0.129 kl=0.0020 clipf=0.012 ev=+0.924 r0=1.0000 entcoef=5.88e-03 lr=3.8e-04 seed=1
iter= 287 step= 921600 ep_ret=-388.802 opt_ret=-388.802 step_rew=-3.8880 opt_step=-3.8880 gap0=388.802 dret=+330.555 eval_ret=n/a pursuer_target_distance=1.689 capture=0.031 score=0.012 pol=-0.0009 val=0.0263 ent=1.2848 tot=+0.0047 agnorm=0.107 cgnorm=0.125 kl=0.0022 clipf=0.017 ev=+0.933 r0=1.0000 entcoef=5.86e-03 lr=3.8e-04 seed=1
iter= 288 step= 924800 ep_ret=-345.917 opt_ret=-345.917 step_rew=-3.4592 opt_step=-3.4592 gap0=345.917 dret=+373.441 eval_ret=n/a pursuer_target_distance=1.567 capture=0.057 score=0.022 pol=-0.0009 val=0.0225 ent=1.2797 tot=+0.0029 agnorm=0.083 cgnorm=0.135 kl=0.0019 clipf=0.011 ev=+0.946 r0=1.0000 entcoef=5.85e-03 lr=3.8e-04 seed=1
iter= 289 step= 928000 ep_ret=-361.311 opt_ret=-361.311 step_rew=-3.6131 opt_step=-3.6131 gap0=361.311 dret=+358.046 eval_ret=n/a pursuer_target_distance=1.360 capture=0.031 score=0.013 pol=-0.0010 val=0.0232 ent=1.2831 tot=+0.0031 agnorm=0.089 cgnorm=0.126 kl=0.0020 clipf=0.014 ev=+0.943 r0=1.0000 entcoef=5.83e-03 lr=3.8e-04 seed=1
iter= 290 step= 931200 ep_ret=-232.118 opt_ret=-232.118 step_rew=-2.3212 opt_step=-2.3212 gap0=232.118 dret=+487.239 eval_ret=n/a pursuer_target_distance=1.596 capture=0.094 score=0.036 pol=-0.0008 val=0.0365 ent=1.2652 tot=+0.0101 agnorm=0.092 cgnorm=0.121 kl=0.0016 clipf=0.010 ev=+0.923 r0=1.0000 entcoef=5.82e-03 lr=3.8e-04 seed=1
iter= 291 step= 934400 ep_ret=-422.892 opt_ret=-422.892 step_rew=-4.2289 opt_step=-4.2289 gap0=422.892 dret=+296.465 eval_ret=n/a pursuer_target_distance=2.042 capture=0.046 score=0.015 pol=-0.0006 val=0.0355 ent=1.2787 tot=+0.0097 agnorm=0.086 cgnorm=0.183 kl=0.0018 clipf=0.011 ev=+0.919 r0=1.0000 entcoef=5.80e-03 lr=3.8e-04 seed=1
iter= 292 step= 937600 ep_ret=-364.267 opt_ret=-364.267 step_rew=-3.6427 opt_step=-3.6427 gap0=364.267 dret=+355.090 eval_ret=n/a pursuer_target_distance=2.019 capture=0.042 score=0.014 pol=-0.0008 val=0.0316 ent=1.2812 tot=+0.0076 agnorm=0.053 cgnorm=0.132 kl=0.0009 clipf=0.004 ev=+0.927 r0=1.0000 entcoef=5.79e-03 lr=3.8e-04 seed=1
iter= 293 step= 940800 ep_ret=-370.215 opt_ret=-370.215 step_rew=-3.7021 opt_step=-3.7021 gap0=370.215 dret=+349.143 eval_ret=n/a pursuer_target_distance=1.835 capture=0.029 score=0.010 pol=-0.0010 val=0.0278 ent=1.2826 tot=+0.0055 agnorm=0.071 cgnorm=0.129 kl=0.0015 clipf=0.009 ev=+0.931 r0=1.0000 entcoef=5.77e-03 lr=3.8e-04 seed=1
iter= 294 step= 944000 ep_ret=-354.257 opt_ret=-354.257 step_rew=-3.5426 opt_step=-3.5426 gap0=354.257 dret=+365.100 eval_ret=n/a pursuer_target_distance=1.513 capture=0.018 score=0.007 pol=-0.0010 val=0.0226 ent=1.2913 tot=+0.0029 agnorm=0.075 cgnorm=0.095 kl=0.0019 clipf=0.012 ev=+0.935 r0=1.0000 entcoef=5.76e-03 lr=3.7e-04 seed=1
iter= 295 step= 947200 ep_ret=-251.547 opt_ret=-251.547 step_rew=-2.5155 opt_step=-2.5155 gap0=251.547 dret=+467.810 eval_ret=n/a pursuer_target_distance=1.417 capture=0.061 score=0.025 pol=-0.0010 val=0.0265 ent=1.2963 tot=+0.0048 agnorm=0.057 cgnorm=0.153 kl=0.0018 clipf=0.009 ev=+0.912 r0=1.0000 entcoef=5.75e-03 lr=3.7e-04 seed=1
iter= 296 step= 950400 ep_ret=-387.549 opt_ret=-387.549 step_rew=-3.8755 opt_step=-3.8755 gap0=387.549 dret=+331.808 eval_ret=n/a pursuer_target_distance=1.568 capture=0.019 score=0.007 pol=-0.0009 val=0.0213 ent=1.2957 tot=+0.0024 agnorm=0.094 cgnorm=0.122 kl=0.0020 clipf=0.012 ev=+0.930 r0=1.0000 entcoef=5.73e-03 lr=3.7e-04 seed=1
iter= 297 step= 953600 ep_ret=-381.350 opt_ret=-381.350 step_rew=-3.8135 opt_step=-3.8135 gap0=381.350 dret=+338.007 eval_ret=n/a pursuer_target_distance=1.640 capture=0.019 score=0.007 pol=-0.0010 val=0.0210 ent=1.2780 tot=+0.0022 agnorm=0.067 cgnorm=0.114 kl=0.0021 clipf=0.012 ev=+0.929 r0=1.0000 entcoef=5.72e-03 lr=3.7e-04 seed=1
iter= 298 step= 956800 ep_ret=-402.132 opt_ret=-402.132 step_rew=-4.0213 opt_step=-4.0213 gap0=402.132 dret=+317.226 eval_ret=n/a pursuer_target_distance=2.086 capture=0.021 score=0.007 pol=-0.0013 val=0.0280 ent=1.2520 tot=+0.0056 agnorm=0.124 cgnorm=0.110 kl=0.0024 clipf=0.022 ev=+0.915 r0=1.0000 entcoef=5.70e-03 lr=3.7e-04 seed=1
iter= 299 step= 960000 ep_ret=-315.409 opt_ret=-315.409 step_rew=-3.1541 opt_step=-3.1541 gap0=315.409 dret=+403.948 eval_ret=n/a pursuer_target_distance=1.414 capture=0.058 score=0.024 pol=-0.0006 val=0.0197 ent=1.2653 tot=+0.0020 agnorm=0.063 cgnorm=0.100 kl=0.0014 clipf=0.008 ev=+0.945 r0=1.0000 entcoef=5.69e-03 lr=3.7e-04 seed=1
iter= 300 step= 963200 ep_ret=-341.829 opt_ret=-341.829 step_rew=-3.4183 opt_step=-3.4183 gap0=341.829 dret=+377.528 eval_ret=+187.761 pursuer_target_distance=1.538 capture=0.022 score=0.009 pol=-0.0009 val=0.0189 ent=1.2823 tot=+0.0013 agnorm=0.096 cgnorm=0.110 kl=0.0018 clipf=0.015 ev=+0.929 r0=1.0000 entcoef=5.67e-03 lr=3.7e-04 seed=1
iter= 301 step= 966400 ep_ret=-468.283 opt_ret=-468.283 step_rew=-4.6828 opt_step=-4.6828 gap0=468.283 dret=+251.074 eval_ret=n/a pursuer_target_distance=1.877 capture=0.027 score=0.009 pol=-0.0009 val=0.0301 ent=1.2973 tot=+0.0068 agnorm=0.101 cgnorm=0.122 kl=0.0022 clipf=0.016 ev=+0.916 r0=1.0000 entcoef=5.66e-03 lr=3.7e-04 seed=1
iter= 302 step= 969600 ep_ret=-404.813 opt_ret=-404.813 step_rew=-4.0481 opt_step=-4.0481 gap0=404.813 dret=+314.544 eval_ret=n/a pursuer_target_distance=1.438 capture=0.015 score=0.006 pol=-0.0009 val=0.0209 ent=1.3220 tot=+0.0020 agnorm=0.065 cgnorm=0.091 kl=0.0014 clipf=0.010 ev=+0.934 r0=1.0000 entcoef=5.64e-03 lr=3.7e-04 seed=1
iter= 303 step= 972800 ep_ret=-469.246 opt_ret=-469.246 step_rew=-4.6925 opt_step=-4.6925 gap0=469.246 dret=+250.111 eval_ret=n/a pursuer_target_distance=2.060 capture=0.006 score=0.002 pol=-0.0007 val=0.0241 ent=1.3487 tot=+0.0037 agnorm=0.072 cgnorm=0.124 kl=0.0013 clipf=0.007 ev=+0.914 r0=1.0000 entcoef=5.63e-03 lr=3.6e-04 seed=1
iter= 304 step= 976000 ep_ret=-282.377 opt_ret=-282.377 step_rew=-2.8238 opt_step=-2.8238 gap0=282.377 dret=+436.980 eval_ret=n/a pursuer_target_distance=1.215 capture=0.032 score=0.014 pol=-0.0009 val=0.0152 ent=1.3340 tot=-0.0008 agnorm=0.086 cgnorm=0.131 kl=0.0021 clipf=0.013 ev=+0.936 r0=1.0000 entcoef=5.62e-03 lr=3.6e-04 seed=1
iter= 305 step= 979200 ep_ret=-502.503 opt_ret=-502.503 step_rew=-5.0250 opt_step=-5.0250 gap0=502.503 dret=+216.854 eval_ret=n/a pursuer_target_distance=1.939 capture=0.001 score=0.000 pol=-0.0007 val=0.0275 ent=1.3434 tot=+0.0055 agnorm=0.055 cgnorm=0.104 kl=0.0021 clipf=0.010 ev=+0.927 r0=1.0000 entcoef=5.60e-03 lr=3.6e-04 seed=1
iter= 306 step= 982400 ep_ret=-480.332 opt_ret=-480.332 step_rew=-4.8033 opt_step=-4.8033 gap0=480.332 dret=+239.025 eval_ret=n/a pursuer_target_distance=2.365 capture=0.018 score=0.005 pol=-0.0008 val=0.0246 ent=1.3763 tot=+0.0038 agnorm=0.079 cgnorm=0.153 kl=0.0016 clipf=0.009 ev=+0.934 r0=1.0000 entcoef=5.59e-03 lr=3.6e-04 seed=1
iter= 307 step= 985600 ep_ret=-482.695 opt_ret=-482.695 step_rew=-4.8269 opt_step=-4.8269 gap0=482.695 dret=+236.663 eval_ret=n/a pursuer_target_distance=2.363 capture=0.014 score=0.004 pol=-0.0009 val=0.0291 ent=1.3555 tot=+0.0061 agnorm=0.070 cgnorm=0.130 kl=0.0020 clipf=0.011 ev=+0.915 r0=1.0000 entcoef=5.57e-03 lr=3.6e-04 seed=1
iter= 308 step= 988800 ep_ret=-452.468 opt_ret=-452.468 step_rew=-4.5247 opt_step=-4.5247 gap0=452.468 dret=+266.889 eval_ret=n/a pursuer_target_distance=1.739 capture=0.003 score=0.001 pol=-0.0009 val=0.0230 ent=1.3364 tot=+0.0031 agnorm=0.063 cgnorm=0.104 kl=0.0017 clipf=0.009 ev=+0.926 r0=1.0000 entcoef=5.56e-03 lr=3.6e-04 seed=1
iter= 309 step= 992000 ep_ret=-543.073 opt_ret=-543.073 step_rew=-5.4307 opt_step=-5.4307 gap0=543.073 dret=+176.284 eval_ret=n/a pursuer_target_distance=2.869 capture=0.018 score=0.005 pol=-0.0011 val=0.0358 ent=1.3114 tot=+0.0095 agnorm=0.097 cgnorm=0.125 kl=0.0028 clipf=0.022 ev=+0.911 r0=1.0000 entcoef=5.54e-03 lr=3.6e-04 seed=1
iter= 310 step= 995200 ep_ret=-421.016 opt_ret=-421.016 step_rew=-4.2102 opt_step=-4.2102 gap0=421.016 dret=+298.341 eval_ret=n/a pursuer_target_distance=1.821 capture=0.005 score=0.002 pol=-0.0005 val=0.0181 ent=1.3212 tot=+0.0012 agnorm=0.052 cgnorm=0.097 kl=0.0023 clipf=0.013 ev=+0.920 r0=1.0000 entcoef=5.53e-03 lr=3.6e-04 seed=1
iter= 311 step= 998400 ep_ret=-398.450 opt_ret=-398.450 step_rew=-3.9845 opt_step=-3.9845 gap0=398.450 dret=+320.907 eval_ret=n/a pursuer_target_distance=1.850 capture=0.021 score=0.007 pol=-0.0010 val=0.0230 ent=1.3491 tot=+0.0031 agnorm=0.082 cgnorm=0.089 kl=0.0017 clipf=0.012 ev=+0.918 r0=1.0000 entcoef=5.51e-03 lr=3.6e-04 seed=1
iter= 312 step=1001600 ep_ret=-503.874 opt_ret=-503.874 step_rew=-5.0387 opt_step=-5.0387 gap0=503.874 dret=+215.483 eval_ret=n/a pursuer_target_distance=2.450 capture=0.004 score=0.001 pol=-0.0005 val=0.0315 ent=1.3663 tot=+0.0077 agnorm=0.052 cgnorm=0.100 kl=0.0014 clipf=0.009 ev=+0.925 r0=1.0000 entcoef=5.50e-03 lr=3.6e-04 seed=1
iter= 313 step=1004800 ep_ret=-429.569 opt_ret=-429.569 step_rew=-4.2957 opt_step=-4.2957 gap0=429.569 dret=+289.788 eval_ret=n/a pursuer_target_distance=1.734 capture=0.011 score=0.004 pol=-0.0014 val=0.0171 ent=1.3636 tot=-0.0003 agnorm=0.111 cgnorm=0.091 kl=0.0028 clipf=0.023 ev=+0.940 r0=1.0000 entcoef=5.49e-03 lr=3.5e-04 seed=1
iter= 314 step=1008000 ep_ret=-382.424 opt_ret=-382.424 step_rew=-3.8242 opt_step=-3.8242 gap0=382.424 dret=+336.933 eval_ret=n/a pursuer_target_distance=1.647 capture=0.022 score=0.008 pol=-0.0012 val=0.0189 ent=1.3534 tot=+0.0009 agnorm=0.124 cgnorm=0.091 kl=0.0022 clipf=0.015 ev=+0.918 r0=1.0000 entcoef=5.47e-03 lr=3.5e-04 seed=1
iter= 315 step=1011200 ep_ret=-439.286 opt_ret=-439.286 step_rew=-4.3929 opt_step=-4.3929 gap0=439.286 dret=+280.072 eval_ret=n/a pursuer_target_distance=1.679 capture=0.003 score=0.001 pol=-0.0007 val=0.0193 ent=1.3494 tot=+0.0016 agnorm=0.094 cgnorm=0.096 kl=0.0018 clipf=0.012 ev=+0.924 r0=1.0000 entcoef=5.46e-03 lr=3.5e-04 seed=1
iter= 316 step=1014400 ep_ret=-454.609 opt_ret=-454.609 step_rew=-4.5461 opt_step=-4.5461 gap0=454.609 dret=+264.749 eval_ret=n/a pursuer_target_distance=1.701 capture=0.010 score=0.004 pol=-0.0006 val=0.0211 ent=1.3254 tot=+0.0028 agnorm=0.051 cgnorm=0.080 kl=0.0015 clipf=0.006 ev=+0.921 r0=1.0000 entcoef=5.44e-03 lr=3.5e-04 seed=1
iter= 317 step=1017600 ep_ret=-322.446 opt_ret=-322.446 step_rew=-3.2245 opt_step=-3.2245 gap0=322.446 dret=+396.911 eval_ret=n/a pursuer_target_distance=1.314 capture=0.052 score=0.022 pol=-0.0013 val=0.0211 ent=1.3199 tot=+0.0020 agnorm=0.084 cgnorm=0.098 kl=0.0021 clipf=0.010 ev=+0.919 r0=1.0000 entcoef=5.43e-03 lr=3.5e-04 seed=1
iter= 318 step=1020800 ep_ret=-460.155 opt_ret=-460.155 step_rew=-4.6016 opt_step=-4.6016 gap0=460.155 dret=+259.202 eval_ret=n/a pursuer_target_distance=2.245 capture=0.012 score=0.004 pol=-0.0012 val=0.0250 ent=1.2863 tot=+0.0044 agnorm=0.075 cgnorm=0.109 kl=0.0023 clipf=0.017 ev=+0.872 r0=1.0000 entcoef=5.41e-03 lr=3.5e-04 seed=1
iter= 319 step=1024000 ep_ret=-321.188 opt_ret=-321.188 step_rew=-3.2119 opt_step=-3.2119 gap0=321.188 dret=+398.169 eval_ret=n/a pursuer_target_distance=1.605 capture=0.068 score=0.026 pol=-0.0008 val=0.0220 ent=1.2949 tot=+0.0032 agnorm=0.073 cgnorm=0.109 kl=0.0016 clipf=0.010 ev=+0.942 r0=1.0000 entcoef=5.40e-03 lr=3.5e-04 seed=1
iter= 320 step=1027200 ep_ret=-436.074 opt_ret=-436.074 step_rew=-4.3607 opt_step=-4.3607 gap0=436.074 dret=+283.283 eval_ret=-12.458 pursuer_target_distance=1.946 capture=0.024 score=0.008 pol=-0.0008 val=0.0257 ent=1.2851 tot=+0.0051 agnorm=0.065 cgnorm=0.091 kl=0.0017 clipf=0.012 ev=+0.916 r0=1.0000 entcoef=5.38e-03 lr=3.5e-04 seed=1
iter= 321 step=1030400 ep_ret=-429.134 opt_ret=-429.134 step_rew=-4.2913 opt_step=-4.2913 gap0=429.134 dret=+290.223 eval_ret=n/a pursuer_target_distance=1.896 capture=0.011 score=0.004 pol=-0.0009 val=0.0233 ent=1.2972 tot=+0.0038 agnorm=0.093 cgnorm=0.086 kl=0.0016 clipf=0.013 ev=+0.931 r0=1.0000 entcoef=5.37e-03 lr=3.5e-04 seed=1
iter= 322 step=1033600 ep_ret=-396.284 opt_ret=-396.284 step_rew=-3.9628 opt_step=-3.9628 gap0=396.284 dret=+323.073 eval_ret=n/a pursuer_target_distance=1.690 capture=0.030 score=0.011 pol=-0.0010 val=0.0173 ent=1.2783 tot=+0.0007 agnorm=0.085 cgnorm=0.091 kl=0.0022 clipf=0.016 ev=+0.931 r0=1.0000 entcoef=5.36e-03 lr=3.4e-04 seed=1
iter= 323 step=1036800 ep_ret=-342.594 opt_ret=-342.594 step_rew=-3.4259 opt_step=-3.4259 gap0=342.594 dret=+376.763 eval_ret=n/a pursuer_target_distance=1.274 capture=0.025 score=0.011 pol=-0.0011 val=0.0158 ent=1.2701 tot=-0.0000 agnorm=0.125 cgnorm=0.089 kl=0.0026 clipf=0.019 ev=+0.935 r0=1.0000 entcoef=5.34e-03 lr=3.4e-04 seed=1
iter= 324 step=1040000 ep_ret=-333.128 opt_ret=-333.128 step_rew=-3.3313 opt_step=-3.3313 gap0=333.128 dret=+386.229 eval_ret=n/a pursuer_target_distance=1.436 capture=0.044 score=0.018 pol=-0.0009 val=0.0173 ent=1.2482 tot=+0.0011 agnorm=0.069 cgnorm=0.068 kl=0.0019 clipf=0.012 ev=+0.934 r0=1.0000 entcoef=5.33e-03 lr=3.4e-04 seed=1
iter= 325 step=1043200 ep_ret=-301.005 opt_ret=-301.005 step_rew=-3.0101 opt_step=-3.0101 gap0=301.005 dret=+418.352 eval_ret=n/a pursuer_target_distance=1.203 capture=0.062 score=0.028 pol=-0.0008 val=0.0202 ent=1.2548 tot=+0.0026 agnorm=0.076 cgnorm=0.114 kl=0.0017 clipf=0.012 ev=+0.934 r0=1.0000 entcoef=5.31e-03 lr=3.4e-04 seed=1
iter= 326 step=1046400 ep_ret=-317.800 opt_ret=-317.800 step_rew=-3.1780 opt_step=-3.1780 gap0=317.800 dret=+401.557 eval_ret=n/a pursuer_target_distance=1.553 capture=0.054 score=0.021 pol=-0.0009 val=0.0245 ent=1.2637 tot=+0.0047 agnorm=0.097 cgnorm=0.123 kl=0.0018 clipf=0.012 ev=+0.913 r0=1.0000 entcoef=5.30e-03 lr=3.4e-04 seed=1
iter= 327 step=1049600 ep_ret=-322.816 opt_ret=-322.816 step_rew=-3.2282 opt_step=-3.2282 gap0=322.816 dret=+396.541 eval_ret=n/a pursuer_target_distance=1.326 capture=0.056 score=0.024 pol=-0.0012 val=0.0215 ent=1.2506 tot=+0.0029 agnorm=0.161 cgnorm=0.108 kl=0.0023 clipf=0.018 ev=+0.925 r0=1.0000 entcoef=5.28e-03 lr=3.4e-04 seed=1
iter= 328 step=1052800 ep_ret=-291.743 opt_ret=-291.743 step_rew=-2.9174 opt_step=-2.9174 gap0=291.743 dret=+427.614 eval_ret=n/a pursuer_target_distance=1.256 capture=0.051 score=0.023 pol=-0.0013 val=0.0166 ent=1.2767 tot=+0.0003 agnorm=0.126 cgnorm=0.102 kl=0.0023 clipf=0.018 ev=+0.945 r0=1.0000 entcoef=5.27e-03 lr=3.4e-04 seed=1
iter= 329 step=1056000 ep_ret=-234.752 opt_ret=-234.752 step_rew=-2.3475 opt_step=-2.3475 gap0=234.752 dret=+484.605 eval_ret=n/a pursuer_target_distance=1.379 capture=0.097 score=0.041 pol=-0.0011 val=0.0240 ent=1.2586 tot=+0.0043 agnorm=0.116 cgnorm=0.101 kl=0.0024 clipf=0.015 ev=+0.922 r0=1.0000 entcoef=5.25e-03 lr=3.4e-04 seed=1
iter= 330 step=1059200 ep_ret=-285.934 opt_ret=-285.934 step_rew=-2.8593 opt_step=-2.8593 gap0=285.934 dret=+433.424 eval_ret=n/a pursuer_target_distance=1.165 capture=0.077 score=0.036 pol=-0.0013 val=0.0204 ent=1.2565 tot=+0.0024 agnorm=0.082 cgnorm=0.120 kl=0.0021 clipf=0.013 ev=+0.934 r0=1.0000 entcoef=5.24e-03 lr=3.4e-04 seed=1
iter= 331 step=1062400 ep_ret=-242.816 opt_ret=-242.816 step_rew=-2.4282 opt_step=-2.4282 gap0=242.816 dret=+476.541 eval_ret=n/a pursuer_target_distance=1.345 capture=0.106 score=0.045 pol=-0.0007 val=0.0262 ent=1.2366 tot=+0.0059 agnorm=0.080 cgnorm=0.116 kl=0.0018 clipf=0.008 ev=+0.924 r0=1.0000 entcoef=5.23e-03 lr=3.3e-04 seed=1
iter= 332 step=1065600 ep_ret=-253.766 opt_ret=-253.766 step_rew=-2.5377 opt_step=-2.5377 gap0=253.766 dret=+465.591 eval_ret=n/a pursuer_target_distance=1.233 capture=0.063 score=0.028 pol=-0.0013 val=0.0186 ent=1.2260 tot=+0.0016 agnorm=0.120 cgnorm=0.090 kl=0.0026 clipf=0.017 ev=+0.948 r0=1.0000 entcoef=5.21e-03 lr=3.3e-04 seed=1
iter= 333 step=1068800 ep_ret=-224.900 opt_ret=-224.900 step_rew=-2.2490 opt_step=-2.2490 gap0=224.900 dret=+494.457 eval_ret=n/a pursuer_target_distance=1.212 capture=0.109 score=0.049 pol=-0.0008 val=0.0197 ent=1.2479 tot=+0.0026 agnorm=0.097 cgnorm=0.115 kl=0.0015 clipf=0.010 ev=+0.944 r0=1.0000 entcoef=5.20e-03 lr=3.3e-04 seed=1
iter= 334 step=1072000 ep_ret=-323.714 opt_ret=-323.714 step_rew=-3.2371 opt_step=-3.2371 gap0=323.714 dret=+395.644 eval_ret=n/a pursuer_target_distance=1.411 capture=0.061 score=0.025 pol=-0.0006 val=0.0230 ent=1.2544 tot=+0.0044 agnorm=0.078 cgnorm=0.123 kl=0.0014 clipf=0.008 ev=+0.935 r0=1.0000 entcoef=5.18e-03 lr=3.3e-04 seed=1
iter= 335 step=1075200 ep_ret=-315.577 opt_ret=-315.577 step_rew=-3.1558 opt_step=-3.1558 gap0=315.577 dret=+403.780 eval_ret=n/a pursuer_target_distance=1.457 capture=0.052 score=0.021 pol=-0.0007 val=0.0226 ent=1.2785 tot=+0.0040 agnorm=0.146 cgnorm=0.090 kl=0.0020 clipf=0.014 ev=+0.934 r0=1.0000 entcoef=5.17e-03 lr=3.3e-04 seed=1
iter= 336 step=1078400 ep_ret=-297.299 opt_ret=-297.299 step_rew=-2.9730 opt_step=-2.9730 gap0=297.299 dret=+422.058 eval_ret=n/a pursuer_target_distance=1.507 capture=0.069 score=0.028 pol=-0.0011 val=0.0225 ent=1.2972 tot=+0.0034 agnorm=0.097 cgnorm=0.139 kl=0.0023 clipf=0.018 ev=+0.934 r0=1.0000 entcoef=5.15e-03 lr=3.3e-04 seed=1
iter= 337 step=1081600 ep_ret=-311.457 opt_ret=-311.457 step_rew=-3.1146 opt_step=-3.1146 gap0=311.457 dret=+407.900 eval_ret=n/a pursuer_target_distance=1.407 capture=0.054 score=0.022 pol=-0.0009 val=0.0227 ent=1.2880 tot=+0.0039 agnorm=0.077 cgnorm=0.150 kl=0.0013 clipf=0.010 ev=+0.933 r0=1.0000 entcoef=5.14e-03 lr=3.3e-04 seed=1
iter= 338 step=1084800 ep_ret=-289.178 opt_ret=-289.178 step_rew=-2.8918 opt_step=-2.8918 gap0=289.178 dret=+430.179 eval_ret=n/a pursuer_target_distance=1.316 capture=0.080 score=0.035 pol=-0.0011 val=0.0225 ent=1.2690 tot=+0.0037 agnorm=0.108 cgnorm=0.129 kl=0.0022 clipf=0.018 ev=+0.935 r0=1.0000 entcoef=5.13e-03 lr=3.3e-04 seed=1
iter= 339 step=1088000 ep_ret=-303.360 opt_ret=-303.360 step_rew=-3.0336 opt_step=-3.0336 gap0=303.360 dret=+415.997 eval_ret=n/a pursuer_target_distance=1.604 capture=0.078 score=0.030 pol=-0.0011 val=0.0262 ent=1.2714 tot=+0.0055 agnorm=0.100 cgnorm=0.123 kl=0.0028 clipf=0.022 ev=+0.930 r0=1.0000 entcoef=5.11e-03 lr=3.3e-04 seed=1
iter= 340 step=1091200 ep_ret=-334.120 opt_ret=-334.120 step_rew=-3.3412 opt_step=-3.3412 gap0=334.120 dret=+385.237 eval_ret=+363.485 pursuer_target_distance=1.606 capture=0.063 score=0.024 pol=-0.0010 val=0.0280 ent=1.2619 tot=+0.0065 agnorm=0.097 cgnorm=0.115 kl=0.0024 clipf=0.017 ev=+0.939 r0=1.0000 entcoef=5.10e-03 lr=3.2e-04 seed=1
iter= 341 step=1094400 ep_ret=-213.015 opt_ret=-213.015 step_rew=-2.1301 opt_step=-2.1301 gap0=213.015 dret=+506.342 eval_ret=n/a pursuer_target_distance=1.227 capture=0.077 score=0.034 pol=-0.0007 val=0.0164 ent=1.2483 tot=+0.0012 agnorm=0.073 cgnorm=0.126 kl=0.0013 clipf=0.007 ev=+0.942 r0=1.0000 entcoef=5.08e-03 lr=3.2e-04 seed=1
iter= 342 step=1097600 ep_ret=-261.406 opt_ret=-261.406 step_rew=-2.6141 opt_step=-2.6141 gap0=261.406 dret=+457.951 eval_ret=n/a pursuer_target_distance=1.240 capture=0.083 score=0.037 pol=-0.0013 val=0.0217 ent=1.2411 tot=+0.0033 agnorm=0.128 cgnorm=0.084 kl=0.0024 clipf=0.017 ev=+0.947 r0=1.0000 entcoef=5.07e-03 lr=3.2e-04 seed=1
iter= 343 step=1100800 ep_ret=-412.611 opt_ret=-412.611 step_rew=-4.1261 opt_step=-4.1261 gap0=412.611 dret=+306.746 eval_ret=n/a pursuer_target_distance=1.921 capture=0.058 score=0.020 pol=-0.0016 val=0.0247 ent=1.2255 tot=+0.0046 agnorm=0.136 cgnorm=0.114 kl=0.0033 clipf=0.036 ev=+0.947 r0=1.0000 entcoef=5.05e-03 lr=3.2e-04 seed=1
iter= 344 step=1104000 ep_ret=-328.710 opt_ret=-328.710 step_rew=-3.2871 opt_step=-3.2871 gap0=328.710 dret=+390.648 eval_ret=n/a pursuer_target_distance=1.398 capture=0.045 score=0.019 pol=-0.0009 val=0.0212 ent=1.2373 tot=+0.0034 agnorm=0.075 cgnorm=0.117 kl=0.0022 clipf=0.013 ev=+0.929 r0=1.0000 entcoef=5.04e-03 lr=3.2e-04 seed=1
iter= 345 step=1107200 ep_ret=-319.275 opt_ret=-319.275 step_rew=-3.1928 opt_step=-3.1928 gap0=319.275 dret=+400.082 eval_ret=n/a pursuer_target_distance=1.743 capture=0.104 score=0.038 pol=-0.0007 val=0.0292 ent=1.2254 tot=+0.0078 agnorm=0.102 cgnorm=0.136 kl=0.0017 clipf=0.011 ev=+0.941 r0=1.0000 entcoef=5.02e-03 lr=3.2e-04 seed=1
iter= 346 step=1110400 ep_ret=-287.382 opt_ret=-287.382 step_rew=-2.8738 opt_step=-2.8738 gap0=287.382 dret=+431.976 eval_ret=n/a pursuer_target_distance=1.444 capture=0.071 score=0.029 pol=-0.0010 val=0.0201 ent=1.2124 tot=+0.0030 agnorm=0.100 cgnorm=0.122 kl=0.0027 clipf=0.018 ev=+0.950 r0=1.0000 entcoef=5.01e-03 lr=3.2e-04 seed=1
iter= 347 step=1113600 ep_ret=-285.667 opt_ret=-285.667 step_rew=-2.8567 opt_step=-2.8567 gap0=285.667 dret=+433.690 eval_ret=n/a pursuer_target_distance=1.399 capture=0.097 score=0.041 pol=-0.0009 val=0.0197 ent=1.2276 tot=+0.0028 agnorm=0.176 cgnorm=0.130 kl=0.0017 clipf=0.012 ev=+0.946 r0=1.0000 entcoef=5.00e-03 lr=3.2e-04 seed=1
iter= 348 step=1116800 ep_ret=-365.983 opt_ret=-365.983 step_rew=-3.6598 opt_step=-3.6598 gap0=365.983 dret=+353.374 eval_ret=n/a pursuer_target_distance=1.655 capture=0.044 score=0.017 pol=-0.0008 val=0.0252 ent=1.2219 tot=+0.0058 agnorm=0.132 cgnorm=0.142 kl=0.0018 clipf=0.013 ev=+0.939 r0=1.0000 entcoef=4.98e-03 lr=3.2e-04 seed=1
iter= 349 step=1120000 ep_ret=-320.570 opt_ret=-320.570 step_rew=-3.2057 opt_step=-3.2057 gap0=320.570 dret=+398.787 eval_ret=n/a pursuer_target_distance=1.629 capture=0.061 score=0.023 pol=-0.0008 val=0.0194 ent=1.2075 tot=+0.0029 agnorm=0.100 cgnorm=0.107 kl=0.0015 clipf=0.008 ev=+0.940 r0=1.0000 entcoef=4.97e-03 lr=3.1e-04 seed=1
iter= 350 step=1123200 ep_ret=-188.002 opt_ret=-188.002 step_rew=-1.8800 opt_step=-1.8800 gap0=188.002 dret=+531.355 eval_ret=n/a pursuer_target_distance=1.204 capture=0.149 score=0.068 pol=-0.0013 val=0.0214 ent=1.2219 tot=+0.0034 agnorm=0.137 cgnorm=0.125 kl=0.0022 clipf=0.017 ev=+0.947 r0=1.0000 entcoef=4.95e-03 lr=3.1e-04 seed=1
iter= 351 step=1126400 ep_ret=-268.862 opt_ret=-268.862 step_rew=-2.6886 opt_step=-2.6886 gap0=268.862 dret=+450.495 eval_ret=n/a pursuer_target_distance=1.325 capture=0.077 score=0.033 pol=-0.0009 val=0.0173 ent=1.2077 tot=+0.0018 agnorm=0.132 cgnorm=0.102 kl=0.0019 clipf=0.014 ev=+0.951 r0=1.0000 entcoef=4.94e-03 lr=3.1e-04 seed=1
iter= 352 step=1129600 ep_ret=-324.689 opt_ret=-324.689 step_rew=-3.2469 opt_step=-3.2469 gap0=324.689 dret=+394.668 eval_ret=n/a pursuer_target_distance=1.944 capture=0.077 score=0.026 pol=-0.0008 val=0.0283 ent=1.2240 tot=+0.0074 agnorm=0.137 cgnorm=0.116 kl=0.0013 clipf=0.007 ev=+0.937 r0=1.0000 entcoef=4.92e-03 lr=3.1e-04 seed=1
iter= 353 step=1132800 ep_ret=-297.839 opt_ret=-297.839 step_rew=-2.9784 opt_step=-2.9784 gap0=297.839 dret=+421.518 eval_ret=n/a pursuer_target_distance=1.381 capture=0.078 score=0.033 pol=-0.0013 val=0.0189 ent=1.2335 tot=+0.0022 agnorm=0.138 cgnorm=0.096 kl=0.0017 clipf=0.012 ev=+0.952 r0=1.0000 entcoef=4.91e-03 lr=3.1e-04 seed=1
iter= 354 step=1136000 ep_ret=-402.240 opt_ret=-402.240 step_rew=-4.0224 opt_step=-4.0224 gap0=402.240 dret=+317.117 eval_ret=n/a pursuer_target_distance=2.026 capture=0.068 score=0.023 pol=-0.0011 val=0.0272 ent=1.2201 tot=+0.0065 agnorm=0.144 cgnorm=0.132 kl=0.0026 clipf=0.020 ev=+0.939 r0=1.0000 entcoef=4.89e-03 lr=3.1e-04 seed=1
iter= 355 step=1139200 ep_ret=-299.604 opt_ret=-299.604 step_rew=-2.9960 opt_step=-2.9960 gap0=299.604 dret=+419.753 eval_ret=n/a pursuer_target_distance=1.258 capture=0.068 score=0.030 pol=-0.0013 val=0.0207 ent=1.2371 tot=+0.0030 agnorm=0.138 cgnorm=0.141 kl=0.0024 clipf=0.024 ev=+0.933 r0=1.0000 entcoef=4.88e-03 lr=3.1e-04 seed=1
iter= 356 step=1142400 ep_ret=-361.397 opt_ret=-361.397 step_rew=-3.6140 opt_step=-3.6140 gap0=361.397 dret=+357.960 eval_ret=n/a pursuer_target_distance=1.765 capture=0.070 score=0.025 pol=-0.0007 val=0.0223 ent=1.2132 tot=+0.0046 agnorm=0.119 cgnorm=0.121 kl=0.0023 clipf=0.015 ev=+0.942 r0=1.0000 entcoef=4.87e-03 lr=3.1e-04 seed=1
iter= 357 step=1145600 ep_ret=-332.048 opt_ret=-332.048 step_rew=-3.3205 opt_step=-3.3205 gap0=332.048 dret=+387.310 eval_ret=n/a pursuer_target_distance=1.239 capture=0.053 score=0.024 pol=-0.0007 val=0.0164 ent=1.2189 tot=+0.0015 agnorm=0.100 cgnorm=0.100 kl=0.0013 clipf=0.007 ev=+0.953 r0=1.0000 entcoef=4.85e-03 lr=3.1e-04 seed=1
iter= 358 step=1148800 ep_ret=-331.616 opt_ret=-331.616 step_rew=-3.3162 opt_step=-3.3162 gap0=331.616 dret=+387.741 eval_ret=n/a pursuer_target_distance=1.290 capture=0.068 score=0.029 pol=-0.0010 val=0.0228 ent=1.2045 tot=+0.0045 agnorm=0.154 cgnorm=0.128 kl=0.0020 clipf=0.014 ev=+0.937 r0=1.0000 entcoef=4.84e-03 lr=3.0e-04 seed=1
iter= 359 step=1152000 ep_ret=-252.604 opt_ret=-252.604 step_rew=-2.5260 opt_step=-2.5260 gap0=252.604 dret=+466.753 eval_ret=n/a pursuer_target_distance=1.159 capture=0.073 score=0.034 pol=-0.0013 val=0.0174 ent=1.1987 tot=+0.0016 agnorm=0.158 cgnorm=0.101 kl=0.0025 clipf=0.025 ev=+0.948 r0=1.0000 entcoef=4.82e-03 lr=3.0e-04 seed=1
iter= 360 step=1155200 ep_ret=-260.857 opt_ret=-260.857 step_rew=-2.6086 opt_step=-2.6086 gap0=260.857 dret=+458.500 eval_ret=+221.420 pursuer_target_distance=1.268 capture=0.087 score=0.038 pol=-0.0009 val=0.0208 ent=1.2279 tot=+0.0036 agnorm=0.174 cgnorm=0.111 kl=0.0023 clipf=0.017 ev=+0.950 r0=1.0000 entcoef=4.81e-03 lr=3.0e-04 seed=1
iter= 361 step=1158400 ep_ret=-176.840 opt_ret=-176.840 step_rew=-1.7684 opt_step=-1.7684 gap0=176.840 dret=+542.517 eval_ret=n/a pursuer_target_distance=1.209 capture=0.130 score=0.059 pol=-0.0008 val=0.0186 ent=1.1960 tot=+0.0027 agnorm=0.084 cgnorm=0.107 kl=0.0019 clipf=0.011 ev=+0.944 r0=1.0000 entcoef=4.79e-03 lr=3.0e-04 seed=1
iter= 362 step=1161600 ep_ret=-62.813 opt_ret=-62.813 step_rew=-0.6281 opt_step=-0.6281 gap0=62.813 dret=+656.545 eval_ret=n/a pursuer_target_distance=0.896 capture=0.170 score=0.090 pol=-0.0008 val=0.0170 ent=1.1939 tot=+0.0020 agnorm=0.194 cgnorm=0.090 kl=0.0022 clipf=0.018 ev=+0.942 r0=1.0000 entcoef=4.78e-03 lr=3.0e-04 seed=1
iter= 363 step=1164800 ep_ret=-223.306 opt_ret=-223.306 step_rew=-2.2331 opt_step=-2.2331 gap0=223.306 dret=+496.051 eval_ret=n/a pursuer_target_distance=1.135 capture=0.091 score=0.043 pol=-0.0009 val=0.0167 ent=1.1871 tot=+0.0019 agnorm=0.153 cgnorm=0.115 kl=0.0018 clipf=0.013 ev=+0.961 r0=1.0000 entcoef=4.76e-03 lr=3.0e-04 seed=1
iter= 364 step=1168000 ep_ret=-273.932 opt_ret=-273.932 step_rew=-2.7393 opt_step=-2.7393 gap0=273.932 dret=+445.425 eval_ret=n/a pursuer_target_distance=1.705 capture=0.118 score=0.044 pol=-0.0008 val=0.0294 ent=1.1817 tot=+0.0083 agnorm=0.101 cgnorm=0.124 kl=0.0018 clipf=0.012 ev=+0.941 r0=1.0000 entcoef=4.75e-03 lr=3.0e-04 seed=1
iter= 365 step=1171200 ep_ret=-247.196 opt_ret=-247.196 step_rew=-2.4720 opt_step=-2.4720 gap0=247.196 dret=+472.161 eval_ret=n/a pursuer_target_distance=1.095 capture=0.073 score=0.035 pol=-0.0012 val=0.0143 ent=1.1806 tot=+0.0003 agnorm=0.110 cgnorm=0.109 kl=0.0023 clipf=0.018 ev=+0.956 r0=1.0000 entcoef=4.74e-03 lr=3.0e-04 seed=1
iter= 366 step=1174400 ep_ret=-173.530 opt_ret=-173.530 step_rew=-1.7353 opt_step=-1.7353 gap0=173.530 dret=+545.827 eval_ret=n/a pursuer_target_distance=1.352 capture=0.128 score=0.054 pol=-0.0008 val=0.0203 ent=1.1821 tot=+0.0037 agnorm=0.113 cgnorm=0.103 kl=0.0023 clipf=0.017 ev=+0.939 r0=1.0000 entcoef=4.72e-03 lr=3.0e-04 seed=1
iter= 367 step=1177600 ep_ret=-303.351 opt_ret=-303.351 step_rew=-3.0335 opt_step=-3.0335 gap0=303.351 dret=+416.006 eval_ret=n/a pursuer_target_distance=1.749 capture=0.099 score=0.036 pol=-0.0013 val=0.0187 ent=1.1762 tot=+0.0026 agnorm=0.130 cgnorm=0.137 kl=0.0026 clipf=0.020 ev=+0.964 r0=1.0000 entcoef=4.71e-03 lr=2.9e-04 seed=1
iter= 368 step=1180800 ep_ret=-266.118 opt_ret=-266.118 step_rew=-2.6612 opt_step=-2.6612 gap0=266.118 dret=+453.239 eval_ret=n/a pursuer_target_distance=1.187 capture=0.114 score=0.052 pol=-0.0006 val=0.0239 ent=1.1789 tot=+0.0058 agnorm=0.109 cgnorm=0.132 kl=0.0015 clipf=0.008 ev=+0.941 r0=1.0000 entcoef=4.69e-03 lr=2.9e-04 seed=1
iter= 369 step=1184000 ep_ret=-190.730 opt_ret=-190.730 step_rew=-1.9073 opt_step=-1.9073 gap0=190.730 dret=+528.627 eval_ret=n/a pursuer_target_distance=1.085 capture=0.126 score=0.060 pol=-0.0009 val=0.0180 ent=1.1944 tot=+0.0025 agnorm=0.134 cgnorm=0.117 kl=0.0018 clipf=0.012 ev=+0.955 r0=1.0000 entcoef=4.68e-03 lr=2.9e-04 seed=1
iter= 370 step=1187200 ep_ret=-271.182 opt_ret=-271.182 step_rew=-2.7118 opt_step=-2.7118 gap0=271.182 dret=+448.175 eval_ret=n/a pursuer_target_distance=1.372 capture=0.113 score=0.048 pol=-0.0009 val=0.0212 ent=1.1676 tot=+0.0043 agnorm=0.104 cgnorm=0.139 kl=0.0018 clipf=0.013 ev=+0.942 r0=1.0000 entcoef=4.66e-03 lr=2.9e-04 seed=1
iter= 371 step=1190400 ep_ret=-106.429 opt_ret=-106.429 step_rew=-1.0643 opt_step=-1.0643 gap0=106.429 dret=+612.928 eval_ret=n/a pursuer_target_distance=1.425 capture=0.185 score=0.076 pol=-0.0009 val=0.0277 ent=1.1702 tot=+0.0075 agnorm=0.091 cgnorm=0.150 kl=0.0021 clipf=0.013 ev=+0.936 r0=1.0000 entcoef=4.65e-03 lr=2.9e-04 seed=1
iter= 372 step=1193600 ep_ret=-208.821 opt_ret=-208.821 step_rew=-2.0882 opt_step=-2.0882 gap0=208.821 dret=+510.536 eval_ret=n/a pursuer_target_distance=1.417 capture=0.120 score=0.050 pol=-0.0007 val=0.0256 ent=1.1873 tot=+0.0066 agnorm=0.080 cgnorm=0.169 kl=0.0017 clipf=0.011 ev=+0.934 r0=1.0000 entcoef=4.63e-03 lr=2.9e-04 seed=1
iter= 373 step=1196800 ep_ret=-246.051 opt_ret=-246.051 step_rew=-2.4605 opt_step=-2.4605 gap0=246.051 dret=+473.307 eval_ret=n/a pursuer_target_distance=1.505 capture=0.097 score=0.039 pol=-0.0010 val=0.0237 ent=1.1736 tot=+0.0054 agnorm=0.106 cgnorm=0.124 kl=0.0026 clipf=0.020 ev=+0.947 r0=1.0000 entcoef=4.62e-03 lr=2.9e-04 seed=1
iter= 374 step=1200000 ep_ret=-314.441 opt_ret=-314.441 step_rew=-3.1444 opt_step=-3.1444 gap0=314.441 dret=+404.916 eval_ret=n/a pursuer_target_distance=1.385 capture=0.091 score=0.038 pol=-0.0008 val=0.0180 ent=1.1847 tot=+0.0027 agnorm=0.115 cgnorm=0.113 kl=0.0022 clipf=0.019 ev=+0.958 r0=1.0000 entcoef=4.61e-03 lr=2.9e-04 seed=1
iter= 375 step=1203200 ep_ret=-312.286 opt_ret=-312.286 step_rew=-3.1229 opt_step=-3.1229 gap0=312.286 dret=+407.071 eval_ret=n/a pursuer_target_distance=1.326 capture=0.079 score=0.034 pol=-0.0005 val=0.0208 ent=1.1757 tot=+0.0045 agnorm=0.097 cgnorm=0.122 kl=0.0011 clipf=0.005 ev=+0.952 r0=1.0000 entcoef=4.59e-03 lr=2.9e-04 seed=1
iter= 376 step=1206400 ep_ret=-331.501 opt_ret=-331.501 step_rew=-3.3150 opt_step=-3.3150 gap0=331.501 dret=+387.856 eval_ret=n/a pursuer_target_distance=1.493 capture=0.062 score=0.025 pol=-0.0009 val=0.0172 ent=1.1723 tot=+0.0023 agnorm=0.081 cgnorm=0.108 kl=0.0017 clipf=0.011 ev=+0.956 r0=1.0000 entcoef=4.58e-03 lr=2.8e-04 seed=1
iter= 377 step=1209600 ep_ret=-237.876 opt_ret=-237.876 step_rew=-2.3788 opt_step=-2.3788 gap0=237.876 dret=+481.481 eval_ret=n/a pursuer_target_distance=1.168 capture=0.100 score=0.046 pol=-0.0010 val=0.0140 ent=1.1720 tot=+0.0007 agnorm=0.100 cgnorm=0.079 kl=0.0022 clipf=0.014 ev=+0.965 r0=1.0000 entcoef=4.56e-03 lr=2.8e-04 seed=1
iter= 378 step=1212800 ep_ret=-218.454 opt_ret=-218.454 step_rew=-2.1845 opt_step=-2.1845 gap0=218.454 dret=+500.904 eval_ret=n/a pursuer_target_distance=1.041 capture=0.092 score=0.045 pol=-0.0013 val=0.0177 ent=1.1605 tot=+0.0023 agnorm=0.149 cgnorm=0.143 kl=0.0024 clipf=0.017 ev=+0.945 r0=1.0000 entcoef=4.55e-03 lr=2.8e-04 seed=1
iter= 379 step=1216000 ep_ret=-250.635 opt_ret=-250.635 step_rew=-2.5063 opt_step=-2.5063 gap0=250.635 dret=+468.722 eval_ret=n/a pursuer_target_distance=1.266 capture=0.105 score=0.046 pol=-0.0006 val=0.0141 ent=1.1701 tot=+0.0011 agnorm=0.119 cgnorm=0.136 kl=0.0017 clipf=0.010 ev=+0.964 r0=1.0000 entcoef=4.53e-03 lr=2.8e-04 seed=1
iter= 380 step=1219200 ep_ret=-188.941 opt_ret=-188.941 step_rew=-1.8894 opt_step=-1.8894 gap0=188.941 dret=+530.416 eval_ret=+357.354 pursuer_target_distance=1.071 capture=0.118 score=0.057 pol=-0.0010 val=0.0163 ent=1.1399 tot=+0.0020 agnorm=0.113 cgnorm=0.120 kl=0.0022 clipf=0.015 ev=+0.955 r0=1.0000 entcoef=4.52e-03 lr=2.8e-04 seed=1
iter= 381 step=1222400 ep_ret=-140.211 opt_ret=-140.211 step_rew=-1.4021 opt_step=-1.4021 gap0=140.211 dret=+579.147 eval_ret=n/a pursuer_target_distance=1.084 capture=0.142 score=0.068 pol=-0.0008 val=0.0163 ent=1.1457 tot=+0.0022 agnorm=0.157 cgnorm=0.124 kl=0.0018 clipf=0.011 ev=+0.963 r0=1.0000 entcoef=4.50e-03 lr=2.8e-04 seed=1
iter= 382 step=1225600 ep_ret=-221.853 opt_ret=-221.853 step_rew=-2.2185 opt_step=-2.2185 gap0=221.853 dret=+497.504 eval_ret=n/a pursuer_target_distance=1.229 capture=0.113 score=0.051 pol=-0.0007 val=0.0160 ent=1.1323 tot=+0.0022 agnorm=0.129 cgnorm=0.096 kl=0.0019 clipf=0.014 ev=+0.968 r0=1.0000 entcoef=4.49e-03 lr=2.8e-04 seed=1
iter= 383 step=1228800 ep_ret=-238.000 opt_ret=-238.000 step_rew=-2.3800 opt_step=-2.3800 gap0=238.000 dret=+481.357 eval_ret=n/a pursuer_target_distance=1.245 capture=0.105 score=0.047 pol=-0.0006 val=0.0145 ent=1.1370 tot=+0.0016 agnorm=0.087 cgnorm=0.076 kl=0.0016 clipf=0.008 ev=+0.967 r0=1.0000 entcoef=4.48e-03 lr=2.8e-04 seed=1
iter= 384 step=1232000 ep_ret=-248.809 opt_ret=-248.809 step_rew=-2.4881 opt_step=-2.4881 gap0=248.809 dret=+470.548 eval_ret=n/a pursuer_target_distance=1.143 capture=0.082 score=0.038 pol=-0.0008 val=0.0160 ent=1.1264 tot=+0.0022 agnorm=0.060 cgnorm=0.103 kl=0.0011 clipf=0.007 ev=+0.960 r0=1.0000 entcoef=4.46e-03 lr=2.8e-04 seed=1
iter= 385 step=1235200 ep_ret=-261.031 opt_ret=-261.031 step_rew=-2.6103 opt_step=-2.6103 gap0=261.031 dret=+458.326 eval_ret=n/a pursuer_target_distance=1.199 capture=0.046 score=0.021 pol=-0.0007 val=0.0137 ent=1.1366 tot=+0.0011 agnorm=0.084 cgnorm=0.141 kl=0.0015 clipf=0.009 ev=+0.956 r0=1.0000 entcoef=4.45e-03 lr=2.7e-04 seed=1
iter= 386 step=1238400 ep_ret=-217.895 opt_ret=-217.895 step_rew=-2.1789 opt_step=-2.1789 gap0=217.895 dret=+501.462 eval_ret=n/a pursuer_target_distance=1.314 capture=0.129 score=0.056 pol=-0.0012 val=0.0192 ent=1.1249 tot=+0.0034 agnorm=0.193 cgnorm=0.126 kl=0.0029 clipf=0.028 ev=+0.960 r0=1.0000 entcoef=4.43e-03 lr=2.7e-04 seed=1
iter= 387 step=1241600 ep_ret=-286.942 opt_ret=-286.942 step_rew=-2.8694 opt_step=-2.8694 gap0=286.942 dret=+432.415 eval_ret=n/a pursuer_target_distance=1.348 capture=0.056 score=0.024 pol=-0.0007 val=0.0138 ent=1.1318 tot=+0.0013 agnorm=0.110 cgnorm=0.108 kl=0.0021 clipf=0.009 ev=+0.962 r0=1.0000 entcoef=4.42e-03 lr=2.7e-04 seed=1
iter= 388 step=1244800 ep_ret=-280.507 opt_ret=-280.507 step_rew=-2.8051 opt_step=-2.8051 gap0=280.507 dret=+438.850 eval_ret=n/a pursuer_target_distance=1.222 capture=0.098 score=0.044 pol=-0.0011 val=0.0186 ent=1.1092 tot=+0.0033 agnorm=0.087 cgnorm=0.123 kl=0.0020 clipf=0.014 ev=+0.956 r0=1.0000 entcoef=4.40e-03 lr=2.7e-04 seed=1
iter= 389 step=1248000 ep_ret=-218.727 opt_ret=-218.727 step_rew=-2.1873 opt_step=-2.1873 gap0=218.727 dret=+500.630 eval_ret=n/a pursuer_target_distance=1.210 capture=0.114 score=0.051 pol=-0.0007 val=0.0180 ent=1.1158 tot=+0.0034 agnorm=0.091 cgnorm=0.110 kl=0.0021 clipf=0.010 ev=+0.957 r0=1.0000 entcoef=4.39e-03 lr=2.7e-04 seed=1
iter= 390 step=1251200 ep_ret=-275.367 opt_ret=-275.367 step_rew=-2.7537 opt_step=-2.7537 gap0=275.367 dret=+443.990 eval_ret=n/a pursuer_target_distance=1.809 capture=0.125 score=0.044 pol=-0.0009 val=0.0159 ent=1.1138 tot=+0.0022 agnorm=0.093 cgnorm=0.066 kl=0.0022 clipf=0.018 ev=+0.972 r0=1.0000 entcoef=4.37e-03 lr=2.7e-04 seed=1
iter= 391 step=1254400 ep_ret=-209.993 opt_ret=-209.993 step_rew=-2.0999 opt_step=-2.0999 gap0=209.993 dret=+509.364 eval_ret=n/a pursuer_target_distance=1.373 capture=0.121 score=0.051 pol=-0.0011 val=0.0192 ent=1.0958 tot=+0.0037 agnorm=0.144 cgnorm=0.112 kl=0.0018 clipf=0.015 ev=+0.951 r0=1.0000 entcoef=4.36e-03 lr=2.7e-04 seed=1
iter= 392 step=1257600 ep_ret=-257.441 opt_ret=-257.441 step_rew=-2.5744 opt_step=-2.5744 gap0=257.441 dret=+461.917 eval_ret=n/a pursuer_target_distance=1.547 capture=0.117 score=0.046 pol=-0.0004 val=0.0201 ent=1.1088 tot=+0.0049 agnorm=0.061 cgnorm=0.101 kl=0.0014 clipf=0.006 ev=+0.953 r0=1.0000 entcoef=4.35e-03 lr=2.7e-04 seed=1
iter= 393 step=1260800 ep_ret=-275.707 opt_ret=-275.707 step_rew=-2.7571 opt_step=-2.7571 gap0=275.707 dret=+443.650 eval_ret=n/a pursuer_target_distance=1.085 capture=0.060 score=0.029 pol=-0.0008 val=0.0134 ent=1.1299 tot=+0.0011 agnorm=0.113 cgnorm=0.112 kl=0.0014 clipf=0.010 ev=+0.965 r0=1.0000 entcoef=4.33e-03 lr=2.7e-04 seed=1
iter= 394 step=1264000 ep_ret=-201.806 opt_ret=-201.806 step_rew=-2.0181 opt_step=-2.0181 gap0=201.806 dret=+517.551 eval_ret=n/a pursuer_target_distance=1.126 capture=0.128 score=0.060 pol=-0.0010 val=0.0212 ent=1.1304 tot=+0.0047 agnorm=0.179 cgnorm=0.136 kl=0.0024 clipf=0.013 ev=+0.932 r0=1.0000 entcoef=4.32e-03 lr=2.6e-04 seed=1
iter= 395 step=1267200 ep_ret=-105.571 opt_ret=-105.571 step_rew=-1.0557 opt_step=-1.0557 gap0=105.571 dret=+613.786 eval_ret=n/a pursuer_target_distance=1.322 capture=0.198 score=0.085 pol=-0.0005 val=0.0174 ent=1.1233 tot=+0.0034 agnorm=0.084 cgnorm=0.116 kl=0.0016 clipf=0.009 ev=+0.959 r0=1.0000 entcoef=4.30e-03 lr=2.6e-04 seed=1
iter= 396 step=1270400 ep_ret=-201.209 opt_ret=-201.209 step_rew=-2.0121 opt_step=-2.0121 gap0=201.209 dret=+518.148 eval_ret=n/a pursuer_target_distance=1.313 capture=0.115 score=0.050 pol=-0.0008 val=0.0193 ent=1.1064 tot=+0.0041 agnorm=0.086 cgnorm=0.129 kl=0.0016 clipf=0.009 ev=+0.951 r0=1.0000 entcoef=4.29e-03 lr=2.6e-04 seed=1
iter= 397 step=1273600 ep_ret=-241.896 opt_ret=-241.896 step_rew=-2.4190 opt_step=-2.4190 gap0=241.896 dret=+477.461 eval_ret=n/a pursuer_target_distance=1.036 capture=0.091 score=0.045 pol=-0.0007 val=0.0196 ent=1.1088 tot=+0.0044 agnorm=0.090 cgnorm=0.151 kl=0.0014 clipf=0.010 ev=+0.940 r0=1.0000 entcoef=4.27e-03 lr=2.6e-04 seed=1
iter= 398 step=1276800 ep_ret=-172.252 opt_ret=-172.252 step_rew=-1.7225 opt_step=-1.7225 gap0=172.252 dret=+547.105 eval_ret=n/a pursuer_target_distance=1.026 capture=0.134 score=0.066 pol=-0.0005 val=0.0174 ent=1.1113 tot=+0.0034 agnorm=0.078 cgnorm=0.137 kl=0.0014 clipf=0.008 ev=+0.958 r0=1.0000 entcoef=4.26e-03 lr=2.6e-04 seed=1
iter= 399 step=1280000 ep_ret=-159.396 opt_ret=-159.396 step_rew=-1.5940 opt_step=-1.5940 gap0=159.396 dret=+559.961 eval_ret=n/a pursuer_target_distance=1.114 capture=0.155 score=0.073 pol=-0.0010 val=0.0210 ent=1.1002 tot=+0.0048 agnorm=0.160 cgnorm=0.097 kl=0.0022 clipf=0.017 ev=+0.941 r0=1.0000 entcoef=4.25e-03 lr=2.6e-04 seed=1
iter= 400 step=1283200 ep_ret=-127.072 opt_ret=-127.072 step_rew=-1.2707 opt_step=-1.2707 gap0=127.072 dret=+592.285 eval_ret=+331.026 pursuer_target_distance=1.105 capture=0.186 score=0.088 pol=-0.0008 val=0.0171 ent=1.0930 tot=+0.0031 agnorm=0.091 cgnorm=0.144 kl=0.0016 clipf=0.008 ev=+0.958 r0=1.0000 entcoef=4.23e-03 lr=2.6e-04 seed=1
iter= 401 step=1286400 ep_ret=-194.833 opt_ret=-194.833 step_rew=-1.9483 opt_step=-1.9483 gap0=194.833 dret=+524.524 eval_ret=n/a pursuer_target_distance=1.396 capture=0.130 score=0.054 pol=-0.0006 val=0.0171 ent=1.0984 tot=+0.0033 agnorm=0.067 cgnorm=0.084 kl=0.0010 clipf=0.003 ev=+0.959 r0=1.0000 entcoef=4.22e-03 lr=2.6e-04 seed=1
iter= 402 step=1289600 ep_ret=-197.274 opt_ret=-197.274 step_rew=-1.9727 opt_step=-1.9727 gap0=197.274 dret=+522.083 eval_ret=n/a pursuer_target_distance=1.321 capture=0.140 score=0.060 pol=-0.0010 val=0.0173 ent=1.1178 tot=+0.0030 agnorm=0.091 cgnorm=0.125 kl=0.0022 clipf=0.014 ev=+0.961 r0=1.0000 entcoef=4.20e-03 lr=2.6e-04 seed=1
iter= 403 step=1292800 ep_ret=-272.573 opt_ret=-272.573 step_rew=-2.7257 opt_step=-2.7257 gap0=272.573 dret=+446.784 eval_ret=n/a pursuer_target_distance=1.197 capture=0.092 score=0.042 pol=-0.0007 val=0.0166 ent=1.1028 tot=+0.0030 agnorm=0.100 cgnorm=0.140 kl=0.0019 clipf=0.012 ev=+0.955 r0=1.0000 entcoef=4.19e-03 lr=2.5e-04 seed=1
iter= 404 step=1296000 ep_ret=-210.932 opt_ret=-210.932 step_rew=-2.1093 opt_step=-2.1093 gap0=210.932 dret=+508.425 eval_ret=n/a pursuer_target_distance=1.076 capture=0.107 score=0.052 pol=-0.0008 val=0.0166 ent=1.0874 tot=+0.0029 agnorm=0.136 cgnorm=0.104 kl=0.0022 clipf=0.015 ev=+0.958 r0=1.0000 entcoef=4.17e-03 lr=2.5e-04 seed=1
iter= 405 step=1299200 ep_ret=-145.112 opt_ret=-145.112 step_rew=-1.4511 opt_step=-1.4511 gap0=145.112 dret=+574.246 eval_ret=n/a pursuer_target_distance=1.196 capture=0.158 score=0.072 pol=-0.0007 val=0.0156 ent=1.0612 tot=+0.0027 agnorm=0.113 cgnorm=0.087 kl=0.0016 clipf=0.008 ev=+0.969 r0=1.0000 entcoef=4.16e-03 lr=2.5e-04 seed=1
iter= 406 step=1302400 ep_ret=-262.482 opt_ret=-262.482 step_rew=-2.6248 opt_step=-2.6248 gap0=262.482 dret=+456.875 eval_ret=n/a pursuer_target_distance=0.990 capture=0.068 score=0.034 pol=-0.0007 val=0.0165 ent=1.0847 tot=+0.0031 agnorm=0.107 cgnorm=0.141 kl=0.0016 clipf=0.010 ev=+0.962 r0=1.0000 entcoef=4.14e-03 lr=2.5e-04 seed=1
iter= 407 step=1305600 ep_ret=-163.053 opt_ret=-163.053 step_rew=-1.6305 opt_step=-1.6305 gap0=163.053 dret=+556.304 eval_ret=n/a pursuer_target_distance=1.361 capture=0.156 score=0.066 pol=-0.0010 val=0.0161 ent=1.0764 tot=+0.0026 agnorm=0.108 cgnorm=0.126 kl=0.0014 clipf=0.010 ev=+0.964 r0=1.0000 entcoef=4.13e-03 lr=2.5e-04 seed=1
iter= 408 step=1308800 ep_ret=-278.899 opt_ret=-278.899 step_rew=-2.7890 opt_step=-2.7890 gap0=278.899 dret=+440.458 eval_ret=n/a pursuer_target_distance=1.341 capture=0.111 score=0.047 pol=-0.0008 val=0.0184 ent=1.0732 tot=+0.0039 agnorm=0.123 cgnorm=0.126 kl=0.0018 clipf=0.011 ev=+0.966 r0=1.0000 entcoef=4.12e-03 lr=2.5e-04 seed=1
iter= 409 step=1312000 ep_ret=-171.087 opt_ret=-171.087 step_rew=-1.7109 opt_step=-1.7109 gap0=171.087 dret=+548.271 eval_ret=n/a pursuer_target_distance=1.225 capture=0.178 score=0.080 pol=-0.0007 val=0.0185 ent=1.0726 tot=+0.0041 agnorm=0.096 cgnorm=0.160 kl=0.0016 clipf=0.008 ev=+0.970 r0=1.0000 entcoef=4.10e-03 lr=2.5e-04 seed=1
iter= 410 step=1315200 ep_ret=-214.812 opt_ret=-214.812 step_rew=-2.1481 opt_step=-2.1481 gap0=214.812 dret=+504.545 eval_ret=n/a pursuer_target_distance=1.187 capture=0.138 score=0.063 pol=-0.0007 val=0.0170 ent=1.0945 tot=+0.0033 agnorm=0.120 cgnorm=0.111 kl=0.0018 clipf=0.011 ev=+0.965 r0=1.0000 entcoef=4.09e-03 lr=2.5e-04 seed=1
iter= 411 step=1318400 ep_ret=-204.395 opt_ret=-204.395 step_rew=-2.0439 opt_step=-2.0439 gap0=204.395 dret=+514.962 eval_ret=n/a pursuer_target_distance=1.302 capture=0.112 score=0.049 pol=-0.0009 val=0.0149 ent=1.0691 tot=+0.0022 agnorm=0.130 cgnorm=0.111 kl=0.0019 clipf=0.011 ev=+0.977 r0=1.0000 entcoef=4.07e-03 lr=2.5e-04 seed=1
iter= 412 step=1321600 ep_ret=-174.521 opt_ret=-174.521 step_rew=-1.7452 opt_step=-1.7452 gap0=174.521 dret=+544.836 eval_ret=n/a pursuer_target_distance=1.214 capture=0.163 score=0.074 pol=-0.0012 val=0.0238 ent=1.0751 tot=+0.0064 agnorm=0.175 cgnorm=0.131 kl=0.0024 clipf=0.019 ev=+0.951 r0=1.0000 entcoef=4.06e-03 lr=2.4e-04 seed=1
iter= 413 step=1324800 ep_ret=-147.209 opt_ret=-147.209 step_rew=-1.4721 opt_step=-1.4721 gap0=147.209 dret=+572.148 eval_ret=n/a pursuer_target_distance=1.051 capture=0.133 score=0.065 pol=-0.0006 val=0.0119 ent=1.0743 tot=+0.0010 agnorm=0.182 cgnorm=0.075 kl=0.0014 clipf=0.010 ev=+0.970 r0=1.0000 entcoef=4.04e-03 lr=2.4e-04 seed=1
iter= 414 step=1328000 ep_ret=-201.441 opt_ret=-201.441 step_rew=-2.0144 opt_step=-2.0144 gap0=201.441 dret=+517.916 eval_ret=n/a pursuer_target_distance=1.402 capture=0.154 score=0.064 pol=-0.0008 val=0.0174 ent=1.0730 tot=+0.0036 agnorm=0.145 cgnorm=0.105 kl=0.0018 clipf=0.015 ev=+0.966 r0=1.0000 entcoef=4.03e-03 lr=2.4e-04 seed=1
iter= 415 step=1331200 ep_ret=-268.918 opt_ret=-268.918 step_rew=-2.6892 opt_step=-2.6892 gap0=268.918 dret=+450.439 eval_ret=n/a pursuer_target_distance=1.384 capture=0.097 score=0.041 pol=-0.0008 val=0.0209 ent=1.0884 tot=+0.0053 agnorm=0.104 cgnorm=0.089 kl=0.0018 clipf=0.009 ev=+0.964 r0=1.0000 entcoef=4.01e-03 lr=2.4e-04 seed=1
iter= 416 step=1334400 ep_ret=-210.782 opt_ret=-210.782 step_rew=-2.1078 opt_step=-2.1078 gap0=210.782 dret=+508.575 eval_ret=n/a pursuer_target_distance=1.258 capture=0.121 score=0.053 pol=-0.0008 val=0.0152 ent=1.0618 tot=+0.0025 agnorm=0.103 cgnorm=0.115 kl=0.0019 clipf=0.011 ev=+0.967 r0=1.0000 entcoef=4.00e-03 lr=2.4e-04 seed=1
iter= 417 step=1337600 ep_ret=-167.331 opt_ret=-167.331 step_rew=-1.6733 opt_step=-1.6733 gap0=167.331 dret=+552.026 eval_ret=n/a pursuer_target_distance=1.191 capture=0.152 score=0.069 pol=-0.0010 val=0.0119 ent=1.0505 tot=+0.0008 agnorm=0.153 cgnorm=0.106 kl=0.0021 clipf=0.020 ev=+0.980 r0=1.0000 entcoef=3.99e-03 lr=2.4e-04 seed=1
iter= 418 step=1340800 ep_ret=-284.309 opt_ret=-284.309 step_rew=-2.8431 opt_step=-2.8431 gap0=284.309 dret=+435.048 eval_ret=n/a pursuer_target_distance=1.860 capture=0.117 score=0.041 pol=-0.0010 val=0.0181 ent=1.0587 tot=+0.0038 agnorm=0.149 cgnorm=0.120 kl=0.0020 clipf=0.016 ev=+0.968 r0=1.0000 entcoef=3.97e-03 lr=2.4e-04 seed=1
iter= 419 step=1344000 ep_ret=-152.146 opt_ret=-152.146 step_rew=-1.5215 opt_step=-1.5215 gap0=152.146 dret=+567.211 eval_ret=n/a pursuer_target_distance=1.309 capture=0.156 score=0.067 pol=-0.0007 val=0.0186 ent=1.0610 tot=+0.0044 agnorm=0.105 cgnorm=0.128 kl=0.0013 clipf=0.009 ev=+0.965 r0=1.0000 entcoef=3.96e-03 lr=2.4e-04 seed=1
iter= 420 step=1347200 ep_ret=-223.179 opt_ret=-223.179 step_rew=-2.2318 opt_step=-2.2318 gap0=223.179 dret=+496.178 eval_ret=+89.174 pursuer_target_distance=1.589 capture=0.135 score=0.052 pol=-0.0008 val=0.0151 ent=1.0659 tot=+0.0025 agnorm=0.129 cgnorm=0.100 kl=0.0023 clipf=0.019 ev=+0.970 r0=1.0000 entcoef=3.94e-03 lr=2.4e-04 seed=1
iter= 421 step=1350400 ep_ret=-81.453 opt_ret=-81.453 step_rew=-0.8145 opt_step=-0.8145 gap0=81.453 dret=+637.904 eval_ret=n/a pursuer_target_distance=0.983 capture=0.190 score=0.096 pol=-0.0011 val=0.0149 ent=1.0645 tot=+0.0022 agnorm=0.225 cgnorm=0.096 kl=0.0017 clipf=0.011 ev=+0.968 r0=1.0000 entcoef=3.93e-03 lr=2.3e-04 seed=1
iter= 422 step=1353600 ep_ret=-173.662 opt_ret=-173.662 step_rew=-1.7366 opt_step=-1.7366 gap0=173.662 dret=+545.695 eval_ret=n/a pursuer_target_distance=1.197 capture=0.155 score=0.071 pol=-0.0009 val=0.0164 ent=1.0628 tot=+0.0032 agnorm=0.145 cgnorm=0.111 kl=0.0023 clipf=0.020 ev=+0.970 r0=1.0000 entcoef=3.91e-03 lr=2.3e-04 seed=1
iter= 423 step=1356800 ep_ret=-269.640 opt_ret=-269.640 step_rew=-2.6964 opt_step=-2.6964 gap0=269.640 dret=+449.718 eval_ret=n/a pursuer_target_distance=1.334 capture=0.103 score=0.044 pol=-0.0005 val=0.0145 ent=1.0417 tot=+0.0027 agnorm=0.093 cgnorm=0.085 kl=0.0014 clipf=0.009 ev=+0.972 r0=1.0000 entcoef=3.90e-03 lr=2.3e-04 seed=1
iter= 424 step=1360000 ep_ret=-341.952 opt_ret=-341.952 step_rew=-3.4195 opt_step=-3.4195 gap0=341.952 dret=+377.405 eval_ret=n/a pursuer_target_distance=1.536 capture=0.051 score=0.020 pol=-0.0007 val=0.0160 ent=1.0180 tot=+0.0033 agnorm=0.159 cgnorm=0.085 kl=0.0019 clipf=0.014 ev=+0.954 r0=1.0000 entcoef=3.88e-03 lr=2.3e-04 seed=1
iter= 425 step=1363200 ep_ret=-211.155 opt_ret=-211.155 step_rew=-2.1116 opt_step=-2.1116 gap0=211.155 dret=+508.202 eval_ret=n/a pursuer_target_distance=1.211 capture=0.112 score=0.051 pol=-0.0006 val=0.0134 ent=1.0364 tot=+0.0020 agnorm=0.119 cgnorm=0.088 kl=0.0014 clipf=0.007 ev=+0.973 r0=1.0000 entcoef=3.87e-03 lr=2.3e-04 seed=1
iter= 426 step=1366400 ep_ret=-123.457 opt_ret=-123.457 step_rew=-1.2346 opt_step=-1.2346 gap0=123.457 dret=+595.900 eval_ret=n/a pursuer_target_distance=0.923 capture=0.160 score=0.083 pol=-0.0007 val=0.0138 ent=1.0380 tot=+0.0022 agnorm=0.151 cgnorm=0.119 kl=0.0016 clipf=0.012 ev=+0.969 r0=1.0000 entcoef=3.86e-03 lr=2.3e-04 seed=1
iter= 427 step=1369600 ep_ret=-215.732 opt_ret=-215.732 step_rew=-2.1573 opt_step=-2.1573 gap0=215.732 dret=+503.625 eval_ret=n/a pursuer_target_distance=1.529 capture=0.156 score=0.062 pol=-0.0007 val=0.0164 ent=1.0345 tot=+0.0035 agnorm=0.147 cgnorm=0.089 kl=0.0011 clipf=0.009 ev=+0.970 r0=1.0000 entcoef=3.84e-03 lr=2.3e-04 seed=1
iter= 428 step=1372800 ep_ret=+8.504 opt_ret=+8.504 step_rew=0.0850 opt_step=0.0850 gap0=0.000 dret=+727.861 eval_ret=n/a pursuer_target_distance=0.706 capture=0.242 score=0.142 pol=-0.0010 val=0.0170 ent=1.0472 tot=+0.0035 agnorm=0.136 cgnorm=0.123 kl=0.0015 clipf=0.008 ev=+0.960 r0=1.0000 entcoef=3.83e-03 lr=2.3e-04 seed=1
iter= 429 step=1376000 ep_ret=-76.044 opt_ret=-76.044 step_rew=-0.7604 opt_step=-0.7604 gap0=76.044 dret=+643.314 eval_ret=n/a pursuer_target_distance=0.868 capture=0.172 score=0.092 pol=-0.0010 val=0.0152 ent=1.0614 tot=+0.0025 agnorm=0.201 cgnorm=0.132 kl=0.0019 clipf=0.013 ev=+0.962 r0=1.0000 entcoef=3.81e-03 lr=2.3e-04 seed=1
iter= 430 step=1379200 ep_ret=-214.189 opt_ret=-214.189 step_rew=-2.1419 opt_step=-2.1419 gap0=214.189 dret=+505.169 eval_ret=n/a pursuer_target_distance=1.390 capture=0.132 score=0.055 pol=-0.0006 val=0.0179 ent=1.0568 tot=+0.0044 agnorm=0.214 cgnorm=0.111 kl=0.0015 clipf=0.013 ev=+0.960 r0=1.0000 entcoef=3.80e-03 lr=2.2e-04 seed=1
iter= 431 step=1382400 ep_ret=-48.460 opt_ret=-48.460 step_rew=-0.4846 opt_step=-0.4846 gap0=48.460 dret=+670.897 eval_ret=n/a pursuer_target_distance=0.902 capture=0.206 score=0.108 pol=-0.0006 val=0.0177 ent=1.0433 tot=+0.0043 agnorm=0.128 cgnorm=0.104 kl=0.0013 clipf=0.009 ev=+0.961 r0=1.0000 entcoef=3.78e-03 lr=2.2e-04 seed=1
iter= 432 step=1385600 ep_ret=-97.298 opt_ret=-97.298 step_rew=-0.9730 opt_step=-0.9730 gap0=97.298 dret=+622.060 eval_ret=n/a pursuer_target_distance=1.128 capture=0.169 score=0.079 pol=-0.0007 val=0.0124 ent=1.0534 tot=+0.0015 agnorm=0.107 cgnorm=0.127 kl=0.0015 clipf=0.007 ev=+0.971 r0=1.0000 entcoef=3.77e-03 lr=2.2e-04 seed=1
iter= 433 step=1388800 ep_ret=-239.525 opt_ret=-239.525 step_rew=-2.3952 opt_step=-2.3952 gap0=239.525 dret=+479.832 eval_ret=n/a pursuer_target_distance=1.193 capture=0.108 score=0.049 pol=-0.0007 val=0.0123 ent=1.0578 tot=+0.0015 agnorm=0.110 cgnorm=0.100 kl=0.0018 clipf=0.011 ev=+0.973 r0=1.0000 entcoef=3.75e-03 lr=2.2e-04 seed=1
iter= 434 step=1392000 ep_ret=-159.353 opt_ret=-159.353 step_rew=-1.5935 opt_step=-1.5935 gap0=159.353 dret=+560.004 eval_ret=n/a pursuer_target_distance=1.227 capture=0.173 score=0.078 pol=-0.0008 val=0.0120 ent=1.0677 tot=+0.0012 agnorm=0.158 cgnorm=0.081 kl=0.0019 clipf=0.015 ev=+0.978 r0=1.0000 entcoef=3.74e-03 lr=2.2e-04 seed=1
iter= 435 step=1395200 ep_ret=-137.577 opt_ret=-137.577 step_rew=-1.3758 opt_step=-1.3758 gap0=137.577 dret=+581.780 eval_ret=n/a pursuer_target_distance=1.170 capture=0.163 score=0.075 pol=-0.0004 val=0.0106 ent=1.0541 tot=+0.0010 agnorm=0.107 cgnorm=0.096 kl=0.0012 clipf=0.006 ev=+0.976 r0=1.0000 entcoef=3.73e-03 lr=2.2e-04 seed=1
iter= 436 step=1398400 ep_ret=-52.699 opt_ret=-52.699 step_rew=-0.5270 opt_step=-0.5270 gap0=52.699 dret=+666.658 eval_ret=n/a pursuer_target_distance=1.269 capture=0.231 score=0.102 pol=-0.0007 val=0.0137 ent=1.0546 tot=+0.0022 agnorm=0.068 cgnorm=0.088 kl=0.0010 clipf=0.003 ev=+0.967 r0=1.0000 entcoef=3.71e-03 lr=2.2e-04 seed=1
iter= 437 step=1401600 ep_ret=-164.256 opt_ret=-164.256 step_rew=-1.6426 opt_step=-1.6426 gap0=164.256 dret=+555.101 eval_ret=n/a pursuer_target_distance=1.190 capture=0.157 score=0.072 pol=-0.0006 val=0.0175 ent=1.0443 tot=+0.0042 agnorm=0.087 cgnorm=0.152 kl=0.0015 clipf=0.010 ev=+0.961 r0=1.0000 entcoef=3.70e-03 lr=2.2e-04 seed=1
iter= 438 step=1404800 ep_ret=-122.309 opt_ret=-122.309 step_rew=-1.2231 opt_step=-1.2231 gap0=122.309 dret=+597.048 eval_ret=n/a pursuer_target_distance=1.098 capture=0.201 score=0.096 pol=-0.0006 val=0.0154 ent=1.0718 tot=+0.0031 agnorm=0.097 cgnorm=0.131 kl=0.0014 clipf=0.007 ev=+0.968 r0=1.0000 entcoef=3.68e-03 lr=2.2e-04 seed=1
iter= 439 step=1408000 ep_ret=-186.515 opt_ret=-186.515 step_rew=-1.8652 opt_step=-1.8652 gap0=186.515 dret=+532.842 eval_ret=n/a pursuer_target_distance=1.456 capture=0.183 score=0.075 pol=-0.0006 val=0.0143 ent=1.0711 tot=+0.0026 agnorm=0.125 cgnorm=0.140 kl=0.0016 clipf=0.010 ev=+0.976 r0=1.0000 entcoef=3.67e-03 lr=2.1e-04 seed=1
iter= 440 step=1411200 ep_ret=-224.405 opt_ret=-224.405 step_rew=-2.2440 opt_step=-2.2440 gap0=224.405 dret=+494.953 eval_ret=+304.439 pursuer_target_distance=1.373 capture=0.137 score=0.058 pol=-0.0006 val=0.0104 ent=1.0628 tot=+0.0007 agnorm=0.124 cgnorm=0.073 kl=0.0016 clipf=0.007 ev=+0.982 r0=1.0000 entcoef=3.65e-03 lr=2.1e-04 seed=1
iter= 441 step=1414400 ep_ret=-253.813 opt_ret=-253.813 step_rew=-2.5381 opt_step=-2.5381 gap0=253.813 dret=+465.544 eval_ret=n/a pursuer_target_distance=1.211 capture=0.126 score=0.057 pol=-0.0013 val=0.0150 ent=1.0576 tot=+0.0024 agnorm=0.194 cgnorm=0.090 kl=0.0026 clipf=0.018 ev=+0.971 r0=1.0000 entcoef=3.64e-03 lr=2.1e-04 seed=1
iter= 442 step=1417600 ep_ret=-193.138 opt_ret=-193.138 step_rew=-1.9314 opt_step=-1.9314 gap0=193.138 dret=+526.220 eval_ret=n/a pursuer_target_distance=1.389 capture=0.138 score=0.058 pol=-0.0008 val=0.0135 ent=1.0552 tot=+0.0021 agnorm=0.196 cgnorm=0.097 kl=0.0021 clipf=0.016 ev=+0.970 r0=1.0000 entcoef=3.62e-03 lr=2.1e-04 seed=1
iter= 443 step=1420800 ep_ret=-188.598 opt_ret=-188.598 step_rew=-1.8860 opt_step=-1.8860 gap0=188.598 dret=+530.759 eval_ret=n/a pursuer_target_distance=0.895 capture=0.140 score=0.074 pol=-0.0008 val=0.0151 ent=1.0477 tot=+0.0030 agnorm=0.139 cgnorm=0.124 kl=0.0016 clipf=0.011 ev=+0.968 r0=1.0000 entcoef=3.61e-03 lr=2.1e-04 seed=1
iter= 444 step=1424000 ep_ret=-92.730 opt_ret=-92.730 step_rew=-0.9273 opt_step=-0.9273 gap0=92.730 dret=+626.627 eval_ret=n/a pursuer_target_distance=0.777 capture=0.161 score=0.091 pol=-0.0006 val=0.0125 ent=1.0334 tot=+0.0019 agnorm=0.112 cgnorm=0.139 kl=0.0011 clipf=0.006 ev=+0.974 r0=1.0000 entcoef=3.60e-03 lr=2.1e-04 seed=1
iter= 445 step=1427200 ep_ret=-32.225 opt_ret=-32.225 step_rew=-0.3222 opt_step=-0.3222 gap0=32.225 dret=+687.133 eval_ret=n/a pursuer_target_distance=0.857 capture=0.212 score=0.114 pol=-0.0008 val=0.0148 ent=1.0553 tot=+0.0028 agnorm=0.114 cgnorm=0.139 kl=0.0013 clipf=0.009 ev=+0.963 r0=1.0000 entcoef=3.58e-03 lr=2.1e-04 seed=1
iter= 446 step=1430400 ep_ret=-236.074 opt_ret=-236.074 step_rew=-2.3607 opt_step=-2.3607 gap0=236.074 dret=+483.283 eval_ret=n/a pursuer_target_distance=1.104 capture=0.132 score=0.063 pol=-0.0011 val=0.0153 ent=1.0598 tot=+0.0027 agnorm=0.203 cgnorm=0.104 kl=0.0020 clipf=0.015 ev=+0.967 r0=1.0000 entcoef=3.57e-03 lr=2.1e-04 seed=1
iter= 447 step=1433600 ep_ret=-54.803 opt_ret=-54.803 step_rew=-0.5480 opt_step=-0.5480 gap0=54.803 dret=+664.554 eval_ret=n/a pursuer_target_distance=0.963 capture=0.198 score=0.101 pol=-0.0005 val=0.0115 ent=1.0355 tot=+0.0015 agnorm=0.163 cgnorm=0.096 kl=0.0016 clipf=0.010 ev=+0.974 r0=1.0000 entcoef=3.55e-03 lr=2.1e-04 seed=1
iter= 448 step=1436800 ep_ret=-210.555 opt_ret=-210.555 step_rew=-2.1055 opt_step=-2.1055 gap0=210.555 dret=+508.803 eval_ret=n/a pursuer_target_distance=0.994 capture=0.142 score=0.071 pol=-0.0007 val=0.0171 ent=1.0361 tot=+0.0042 agnorm=0.198 cgnorm=0.143 kl=0.0017 clipf=0.013 ev=+0.962 r0=1.0000 entcoef=3.54e-03 lr=2.0e-04 seed=1
iter= 449 step=1440000 ep_ret=-92.510 opt_ret=-92.510 step_rew=-0.9251 opt_step=-0.9251 gap0=92.510 dret=+626.847 eval_ret=n/a pursuer_target_distance=1.223 capture=0.205 score=0.092 pol=-0.0008 val=0.0147 ent=1.0502 tot=+0.0028 agnorm=0.210 cgnorm=0.123 kl=0.0022 clipf=0.016 ev=+0.971 r0=1.0000 entcoef=3.52e-03 lr=2.0e-04 seed=1
iter= 450 step=1443200 ep_ret=-89.846 opt_ret=-89.846 step_rew=-0.8985 opt_step=-0.8985 gap0=89.846 dret=+629.512 eval_ret=n/a pursuer_target_distance=1.088 capture=0.215 score=0.103 pol=-0.0009 val=0.0149 ent=1.0104 tot=+0.0030 agnorm=0.162 cgnorm=0.095 kl=0.0017 clipf=0.010 ev=+0.965 r0=1.0000 entcoef=3.51e-03 lr=2.0e-04 seed=1
iter= 451 step=1446400 ep_ret=-99.987 opt_ret=-99.987 step_rew=-0.9999 opt_step=-0.9999 gap0=99.987 dret=+619.371 eval_ret=n/a pursuer_target_distance=1.207 capture=0.205 score=0.093 pol=-0.0009 val=0.0121 ent=1.0075 tot=+0.0017 agnorm=0.171 cgnorm=0.087 kl=0.0017 clipf=0.014 ev=+0.973 r0=1.0000 entcoef=3.50e-03 lr=2.0e-04 seed=1
iter= 452 step=1449600 ep_ret=+17.677 opt_ret=+17.677 step_rew=0.1768 opt_step=0.1768 gap0=0.000 dret=+737.034 eval_ret=n/a pursuer_target_distance=0.798 capture=0.267 score=0.148 pol=-0.0006 val=0.0148 ent=1.0043 tot=+0.0033 agnorm=0.142 cgnorm=0.090 kl=0.0015 clipf=0.010 ev=+0.962 r0=1.0000 entcoef=3.48e-03 lr=2.0e-04 seed=1
iter= 453 step=1452800 ep_ret=-215.801 opt_ret=-215.801 step_rew=-2.1580 opt_step=-2.1580 gap0=215.801 dret=+503.556 eval_ret=n/a pursuer_target_distance=1.669 capture=0.198 score=0.074 pol=-0.0009 val=0.0190 ent=1.0237 tot=+0.0050 agnorm=0.235 cgnorm=0.132 kl=0.0020 clipf=0.016 ev=+0.972 r0=1.0000 entcoef=3.47e-03 lr=2.0e-04 seed=1
iter= 454 step=1456000 ep_ret=-216.155 opt_ret=-216.155 step_rew=-2.1615 opt_step=-2.1615 gap0=216.155 dret=+503.202 eval_ret=n/a pursuer_target_distance=1.101 capture=0.165 score=0.079 pol=-0.0007 val=0.0179 ent=1.0036 tot=+0.0048 agnorm=0.165 cgnorm=0.125 kl=0.0017 clipf=0.013 ev=+0.967 r0=1.0000 entcoef=3.45e-03 lr=2.0e-04 seed=1
iter= 455 step=1459200 ep_ret=-112.979 opt_ret=-112.979 step_rew=-1.1298 opt_step=-1.1298 gap0=112.979 dret=+606.379 eval_ret=n/a pursuer_target_distance=1.567 capture=0.231 score=0.090 pol=-0.0008 val=0.0176 ent=0.9929 tot=+0.0046 agnorm=0.168 cgnorm=0.137 kl=0.0019 clipf=0.015 ev=+0.968 r0=1.0000 entcoef=3.44e-03 lr=2.0e-04 seed=1
iter= 456 step=1462400 ep_ret=-245.547 opt_ret=-245.547 step_rew=-2.4555 opt_step=-2.4555 gap0=245.547 dret=+473.810 eval_ret=n/a pursuer_target_distance=1.345 capture=0.107 score=0.046 pol=-0.0009 val=0.0117 ent=1.0178 tot=+0.0014 agnorm=0.306 cgnorm=0.080 kl=0.0021 clipf=0.017 ev=+0.975 r0=1.0000 entcoef=3.42e-03 lr=2.0e-04 seed=1
iter= 457 step=1465600 ep_ret=-170.136 opt_ret=-170.136 step_rew=-1.7014 opt_step=-1.7014 gap0=170.136 dret=+549.221 eval_ret=n/a pursuer_target_distance=0.933 capture=0.158 score=0.082 pol=-0.0006 val=0.0134 ent=0.9959 tot=+0.0027 agnorm=0.123 cgnorm=0.109 kl=0.0014 clipf=0.009 ev=+0.970 r0=1.0000 entcoef=3.41e-03 lr=1.9e-04 seed=1
iter= 458 step=1468800 ep_ret=-177.707 opt_ret=-177.707 step_rew=-1.7771 opt_step=-1.7771 gap0=177.707 dret=+541.650 eval_ret=n/a pursuer_target_distance=1.333 capture=0.178 score=0.076 pol=-0.0009 val=0.0150 ent=0.9962 tot=+0.0032 agnorm=0.154 cgnorm=0.087 kl=0.0018 clipf=0.013 ev=+0.972 r0=1.0000 entcoef=3.39e-03 lr=1.9e-04 seed=1
iter= 459 step=1472000 ep_ret=-73.533 opt_ret=-73.533 step_rew=-0.7353 opt_step=-0.7353 gap0=73.533 dret=+645.824 eval_ret=n/a pursuer_target_distance=0.929 capture=0.189 score=0.098 pol=-0.0005 val=0.0113 ent=0.9953 tot=+0.0018 agnorm=0.106 cgnorm=0.105 kl=0.0009 clipf=0.006 ev=+0.969 r0=1.0000 entcoef=3.38e-03 lr=1.9e-04 seed=1
iter= 460 step=1475200 ep_ret=-135.683 opt_ret=-135.683 step_rew=-1.3568 opt_step=-1.3568 gap0=135.683 dret=+583.674 eval_ret=+367.658 pursuer_target_distance=1.197 capture=0.198 score=0.090 pol=-0.0008 val=0.0146 ent=1.0152 tot=+0.0031 agnorm=0.195 cgnorm=0.169 kl=0.0014 clipf=0.011 ev=+0.970 r0=1.0000 entcoef=3.37e-03 lr=1.9e-04 seed=1
iter= 461 step=1478400 ep_ret=-1.298 opt_ret=-1.298 step_rew=-0.0130 opt_step=-0.0130 gap0=1.298 dret=+718.059 eval_ret=n/a pursuer_target_distance=0.913 capture=0.235 score=0.123 pol=-0.0006 val=0.0125 ent=0.9881 tot=+0.0024 agnorm=0.117 cgnorm=0.092 kl=0.0016 clipf=0.011 ev=+0.958 r0=1.0000 entcoef=3.35e-03 lr=1.9e-04 seed=1
iter= 462 step=1481600 ep_ret=-70.728 opt_ret=-70.728 step_rew=-0.7073 opt_step=-0.7073 gap0=70.728 dret=+648.629 eval_ret=n/a pursuer_target_distance=0.934 capture=0.201 score=0.104 pol=-0.0007 val=0.0159 ent=0.9983 tot=+0.0039 agnorm=0.187 cgnorm=0.110 kl=0.0015 clipf=0.013 ev=+0.961 r0=1.0000 entcoef=3.34e-03 lr=1.9e-04 seed=1
iter= 463 step=1484800 ep_ret=-250.578 opt_ret=-250.578 step_rew=-2.5058 opt_step=-2.5058 gap0=250.578 dret=+468.779 eval_ret=n/a pursuer_target_distance=1.414 capture=0.134 score=0.056 pol=-0.0010 val=0.0165 ent=1.0097 tot=+0.0039 agnorm=0.159 cgnorm=0.096 kl=0.0020 clipf=0.015 ev=+0.964 r0=1.0000 entcoef=3.32e-03 lr=1.9e-04 seed=1
iter= 464 step=1488000 ep_ret=-156.798 opt_ret=-156.798 step_rew=-1.5680 opt_step=-1.5680 gap0=156.798 dret=+562.559 eval_ret=n/a pursuer_target_distance=1.104 capture=0.160 score=0.076 pol=-0.0006 val=0.0127 ent=1.0169 tot=+0.0024 agnorm=0.204 cgnorm=0.140 kl=0.0018 clipf=0.013 ev=+0.970 r0=1.0000 entcoef=3.31e-03 lr=1.9e-04 seed=1
iter= 465 step=1491200 ep_ret=-184.174 opt_ret=-184.174 step_rew=-1.8417 opt_step=-1.8417 gap0=184.174 dret=+535.183 eval_ret=n/a pursuer_target_distance=0.856 capture=0.139 score=0.075 pol=-0.0008 val=0.0088 ent=1.0028 tot=+0.0003 agnorm=0.311 cgnorm=0.079 kl=0.0017 clipf=0.017 ev=+0.983 r0=1.0000 entcoef=3.29e-03 lr=1.9e-04 seed=1
iter= 466 step=1494400 ep_ret=-42.916 opt_ret=-42.916 step_rew=-0.4292 opt_step=-0.4292 gap0=42.916 dret=+676.442 eval_ret=n/a pursuer_target_distance=1.380 capture=0.281 score=0.118 pol=-0.0007 val=0.0114 ent=0.9958 tot=+0.0017 agnorm=0.201 cgnorm=0.078 kl=0.0019 clipf=0.017 ev=+0.979 r0=1.0000 entcoef=3.28e-03 lr=1.8e-04 seed=1
iter= 467 step=1497600 ep_ret=-79.675 opt_ret=-79.675 step_rew=-0.7968 opt_step=-0.7968 gap0=79.675 dret=+639.682 eval_ret=n/a pursuer_target_distance=0.871 capture=0.171 score=0.091 pol=-0.0008 val=0.0139 ent=0.9949 tot=+0.0029 agnorm=0.206 cgnorm=0.120 kl=0.0017 clipf=0.015 ev=+0.954 r0=1.0000 entcoef=3.26e-03 lr=1.8e-04 seed=1
iter= 468 step=1500800 ep_ret=-172.365 opt_ret=-172.365 step_rew=-1.7237 opt_step=-1.7237 gap0=172.365 dret=+546.992 eval_ret=n/a pursuer_target_distance=0.994 capture=0.143 score=0.072 pol=-0.0006 val=0.0127 ent=1.0120 tot=+0.0024 agnorm=0.129 cgnorm=0.088 kl=0.0016 clipf=0.008 ev=+0.973 r0=1.0000 entcoef=3.25e-03 lr=1.8e-04 seed=1
iter= 469 step=1504000 ep_ret=-7.455 opt_ret=-7.455 step_rew=-0.0745 opt_step=-0.0745 gap0=7.455 dret=+711.902 eval_ret=n/a pursuer_target_distance=1.005 capture=0.238 score=0.119 pol=-0.0009 val=0.0102 ent=1.0117 tot=+0.0009 agnorm=0.287 cgnorm=0.080 kl=0.0018 clipf=0.015 ev=+0.972 r0=1.0000 entcoef=3.24e-03 lr=1.8e-04 seed=1
iter= 470 step=1507200 ep_ret=-207.518 opt_ret=-207.518 step_rew=-2.0752 opt_step=-2.0752 gap0=207.518 dret=+511.839 eval_ret=n/a pursuer_target_distance=1.250 capture=0.153 score=0.068 pol=-0.0007 val=0.0124 ent=1.0317 tot=+0.0022 agnorm=0.251 cgnorm=0.104 kl=0.0020 clipf=0.017 ev=+0.970 r0=1.0000 entcoef=3.22e-03 lr=1.8e-04 seed=1
iter= 471 step=1510400 ep_ret=+8.813 opt_ret=+8.813 step_rew=0.0881 opt_step=0.0881 gap0=0.000 dret=+728.170 eval_ret=n/a pursuer_target_distance=0.822 capture=0.239 score=0.131 pol=-0.0010 val=0.0132 ent=1.0097 tot=+0.0024 agnorm=0.222 cgnorm=0.158 kl=0.0023 clipf=0.019 ev=+0.971 r0=1.0000 entcoef=3.21e-03 lr=1.8e-04 seed=1
iter= 472 step=1513600 ep_ret=-128.078 opt_ret=-128.078 step_rew=-1.2808 opt_step=-1.2808 gap0=128.078 dret=+591.279 eval_ret=n/a pursuer_target_distance=0.963 capture=0.160 score=0.082 pol=-0.0005 val=0.0115 ent=0.9965 tot=+0.0021 agnorm=0.153 cgnorm=0.092 kl=0.0014 clipf=0.005 ev=+0.970 r0=1.0000 entcoef=3.19e-03 lr=1.8e-04 seed=1
iter= 473 step=1516800 ep_ret=-114.251 opt_ret=-114.251 step_rew=-1.1425 opt_step=-1.1425 gap0=114.251 dret=+605.106 eval_ret=n/a pursuer_target_distance=0.999 capture=0.186 score=0.093 pol=-0.0011 val=0.0136 ent=0.9885 tot=+0.0025 agnorm=0.205 cgnorm=0.106 kl=0.0022 clipf=0.018 ev=+0.971 r0=1.0000 entcoef=3.18e-03 lr=1.8e-04 seed=1
iter= 474 step=1520000 ep_ret=-212.978 opt_ret=-212.978 step_rew=-2.1298 opt_step=-2.1298 gap0=212.978 dret=+506.379 eval_ret=n/a pursuer_target_distance=1.575 capture=0.183 score=0.071 pol=-0.0008 val=0.0166 ent=1.0001 tot=+0.0043 agnorm=0.187 cgnorm=0.108 kl=0.0017 clipf=0.015 ev=+0.975 r0=1.0000 entcoef=3.16e-03 lr=1.8e-04 seed=1
iter= 475 step=1523200 ep_ret=-82.556 opt_ret=-82.556 step_rew=-0.8256 opt_step=-0.8256 gap0=82.556 dret=+636.801 eval_ret=n/a pursuer_target_distance=0.893 capture=0.217 score=0.115 pol=-0.0008 val=0.0118 ent=0.9758 tot=+0.0021 agnorm=0.225 cgnorm=0.101 kl=0.0015 clipf=0.009 ev=+0.974 r0=1.0000 entcoef=3.15e-03 lr=1.7e-04 seed=1
iter= 476 step=1526400 ep_ret=-127.137 opt_ret=-127.137 step_rew=-1.2714 opt_step=-1.2714 gap0=127.137 dret=+592.220 eval_ret=n/a pursuer_target_distance=1.408 capture=0.203 score=0.084 pol=-0.0008 val=0.0162 ent=0.9747 tot=+0.0042 agnorm=0.330 cgnorm=0.118 kl=0.0017 clipf=0.012 ev=+0.966 r0=1.0000 entcoef=3.13e-03 lr=1.7e-04 seed=1
iter= 477 step=1529600 ep_ret=-100.682 opt_ret=-100.682 step_rew=-1.0068 opt_step=-1.0068 gap0=100.682 dret=+618.676 eval_ret=n/a pursuer_target_distance=0.854 capture=0.178 score=0.096 pol=-0.0013 val=0.0128 ent=0.9906 tot=+0.0020 agnorm=0.378 cgnorm=0.104 kl=0.0021 clipf=0.019 ev=+0.955 r0=1.0000 entcoef=3.12e-03 lr=1.7e-04 seed=1
iter= 478 step=1532800 ep_ret=-81.827 opt_ret=-81.827 step_rew=-0.8183 opt_step=-0.8183 gap0=81.827 dret=+637.530 eval_ret=n/a pursuer_target_distance=1.083 capture=0.196 score=0.094 pol=-0.0005 val=0.0097 ent=0.9817 tot=+0.0013 agnorm=0.211 cgnorm=0.082 kl=0.0019 clipf=0.017 ev=+0.975 r0=1.0000 entcoef=3.11e-03 lr=1.7e-04 seed=1
iter= 479 step=1536000 ep_ret=-86.181 opt_ret=-86.181 step_rew=-0.8618 opt_step=-0.8618 gap0=86.181 dret=+633.176 eval_ret=n/a pursuer_target_distance=0.980 capture=0.203 score=0.103 pol=-0.0007 val=0.0130 ent=0.9618 tot=+0.0028 agnorm=0.234 cgnorm=0.077 kl=0.0014 clipf=0.010 ev=+0.973 r0=1.0000 entcoef=3.09e-03 lr=1.7e-04 seed=1
iter= 480 step=1539200 ep_ret=-73.390 opt_ret=-73.390 step_rew=-0.7339 opt_step=-0.7339 gap0=73.390 dret=+645.967 eval_ret=+330.115 pursuer_target_distance=0.836 capture=0.190 score=0.104 pol=-0.0006 val=0.0127 ent=0.9956 tot=+0.0027 agnorm=0.227 cgnorm=0.134 kl=0.0013 clipf=0.010 ev=+0.971 r0=1.0000 entcoef=3.08e-03 lr=1.7e-04 seed=1
iter= 481 step=1542400 ep_ret=-140.484 opt_ret=-140.484 step_rew=-1.4048 opt_step=-1.4048 gap0=140.484 dret=+578.873 eval_ret=n/a pursuer_target_distance=1.132 capture=0.206 score=0.097 pol=-0.0007 val=0.0128 ent=0.9687 tot=+0.0028 agnorm=0.179 cgnorm=0.091 kl=0.0014 clipf=0.009 ev=+0.976 r0=1.0000 entcoef=3.06e-03 lr=1.7e-04 seed=1
iter= 482 step=1545600 ep_ret=-126.505 opt_ret=-126.505 step_rew=-1.2650 opt_step=-1.2650 gap0=126.505 dret=+592.852 eval_ret=n/a pursuer_target_distance=1.359 capture=0.197 score=0.083 pol=-0.0006 val=0.0157 ent=0.9660 tot=+0.0043 agnorm=0.152 cgnorm=0.122 kl=0.0015 clipf=0.009 ev=+0.971 r0=1.0000 entcoef=3.05e-03 lr=1.7e-04 seed=1
iter= 483 step=1548800 ep_ret=-235.100 opt_ret=-235.100 step_rew=-2.3510 opt_step=-2.3510 gap0=235.100 dret=+484.257 eval_ret=n/a pursuer_target_distance=1.051 capture=0.108 score=0.053 pol=-0.0009 val=0.0122 ent=0.9782 tot=+0.0022 agnorm=0.232 cgnorm=0.118 kl=0.0021 clipf=0.016 ev=+0.966 r0=1.0000 entcoef=3.03e-03 lr=1.7e-04 seed=1
iter= 484 step=1552000 ep_ret=-177.876 opt_ret=-177.876 step_rew=-1.7788 opt_step=-1.7788 gap0=177.876 dret=+541.481 eval_ret=n/a pursuer_target_distance=1.227 capture=0.189 score=0.085 pol=-0.0010 val=0.0110 ent=0.9784 tot=+0.0015 agnorm=0.200 cgnorm=0.063 kl=0.0022 clipf=0.020 ev=+0.979 r0=1.0000 entcoef=3.02e-03 lr=1.6e-04 seed=1
iter= 485 step=1555200 ep_ret=-195.250 opt_ret=-195.250 step_rew=-1.9525 opt_step=-1.9525 gap0=195.250 dret=+524.107 eval_ret=n/a pursuer_target_distance=0.969 capture=0.114 score=0.058 pol=-0.0009 val=0.0092 ent=0.9697 tot=+0.0008 agnorm=0.204 cgnorm=0.086 kl=0.0020 clipf=0.017 ev=+0.978 r0=1.0000 entcoef=3.00e-03 lr=1.6e-04 seed=1
iter= 486 step=1558400 ep_ret=-121.260 opt_ret=-121.260 step_rew=-1.2126 opt_step=-1.2126 gap0=121.260 dret=+598.097 eval_ret=n/a pursuer_target_distance=0.827 capture=0.175 score=0.096 pol=-0.0003 val=0.0117 ent=0.9506 tot=+0.0027 agnorm=0.175 cgnorm=0.111 kl=0.0011 clipf=0.006 ev=+0.974 r0=1.0000 entcoef=2.99e-03 lr=1.6e-04 seed=1
iter= 487 step=1561600 ep_ret=-225.210 opt_ret=-225.210 step_rew=-2.2521 opt_step=-2.2521 gap0=225.210 dret=+494.148 eval_ret=n/a pursuer_target_distance=1.427 capture=0.163 score=0.067 pol=-0.0007 val=0.0137 ent=0.9742 tot=+0.0033 agnorm=0.192 cgnorm=0.077 kl=0.0016 clipf=0.011 ev=+0.971 r0=1.0000 entcoef=2.98e-03 lr=1.6e-04 seed=1
iter= 488 step=1564800 ep_ret=-124.885 opt_ret=-124.885 step_rew=-1.2488 opt_step=-1.2488 gap0=124.885 dret=+594.473 eval_ret=n/a pursuer_target_distance=1.102 capture=0.186 score=0.088 pol=-0.0010 val=0.0153 ent=0.9596 tot=+0.0038 agnorm=0.314 cgnorm=0.122 kl=0.0023 clipf=0.021 ev=+0.961 r0=1.0000 entcoef=2.96e-03 lr=1.6e-04 seed=1
iter= 489 step=1568000 ep_ret=-108.000 opt_ret=-108.000 step_rew=-1.0800 opt_step=-1.0800 gap0=108.000 dret=+611.358 eval_ret=n/a pursuer_target_distance=1.104 capture=0.188 score=0.089 pol=-0.0008 val=0.0112 ent=0.9344 tot=+0.0021 agnorm=0.279 cgnorm=0.084 kl=0.0021 clipf=0.018 ev=+0.976 r0=1.0000 entcoef=2.95e-03 lr=1.6e-04 seed=1
iter= 490 step=1571200 ep_ret=-99.584 opt_ret=-99.584 step_rew=-0.9958 opt_step=-0.9958 gap0=99.584 dret=+619.773 eval_ret=n/a pursuer_target_distance=1.052 capture=0.204 score=0.099 pol=-0.0009 val=0.0124 ent=0.9207 tot=+0.0026 agnorm=0.354 cgnorm=0.081 kl=0.0019 clipf=0.015 ev=+0.972 r0=1.0000 entcoef=2.93e-03 lr=1.6e-04 seed=1
iter= 491 step=1574400 ep_ret=-42.483 opt_ret=-42.483 step_rew=-0.4248 opt_step=-0.4248 gap0=42.483 dret=+676.874 eval_ret=n/a pursuer_target_distance=0.894 capture=0.224 score=0.118 pol=-0.0005 val=0.0104 ent=0.9334 tot=+0.0020 agnorm=0.168 cgnorm=0.070 kl=0.0014 clipf=0.009 ev=+0.978 r0=1.0000 entcoef=2.92e-03 lr=1.6e-04 seed=1
iter= 492 step=1577600 ep_ret=-167.482 opt_ret=-167.482 step_rew=-1.6748 opt_step=-1.6748 gap0=167.482 dret=+551.875 eval_ret=n/a pursuer_target_distance=1.378 capture=0.175 score=0.073 pol=-0.0005 val=0.0117 ent=0.9438 tot=+0.0026 agnorm=0.177 cgnorm=0.084 kl=0.0010 clipf=0.005 ev=+0.976 r0=1.0000 entcoef=2.90e-03 lr=1.6e-04 seed=1
iter= 493 step=1580800 ep_ret=-141.168 opt_ret=-141.168 step_rew=-1.4117 opt_step=-1.4117 gap0=141.168 dret=+578.190 eval_ret=n/a pursuer_target_distance=1.274 capture=0.181 score=0.080 pol=-0.0007 val=0.0106 ent=0.9217 tot=+0.0019 agnorm=0.285 cgnorm=0.090 kl=0.0019 clipf=0.015 ev=+0.979 r0=1.0000 entcoef=2.89e-03 lr=1.5e-04 seed=1
iter= 494 step=1584000 ep_ret=-117.489 opt_ret=-117.489 step_rew=-1.1749 opt_step=-1.1749 gap0=117.489 dret=+601.868 eval_ret=n/a pursuer_target_distance=1.048 capture=0.197 score=0.096 pol=-0.0007 val=0.0143 ent=0.9252 tot=+0.0038 agnorm=0.247 cgnorm=0.096 kl=0.0015 clipf=0.011 ev=+0.969 r0=1.0000 entcoef=2.87e-03 lr=1.5e-04 seed=1
iter= 495 step=1587200 ep_ret=-94.940 opt_ret=-94.940 step_rew=-0.9494 opt_step=-0.9494 gap0=94.940 dret=+624.417 eval_ret=n/a pursuer_target_distance=1.062 capture=0.213 score=0.103 pol=-0.0009 val=0.0108 ent=0.9551 tot=+0.0018 agnorm=0.214 cgnorm=0.082 kl=0.0018 clipf=0.015 ev=+0.976 r0=1.0000 entcoef=2.86e-03 lr=1.5e-04 seed=1
iter= 496 step=1590400 ep_ret=-193.343 opt_ret=-193.343 step_rew=-1.9334 opt_step=-1.9334 gap0=193.343 dret=+526.015 eval_ret=n/a pursuer_target_distance=1.480 capture=0.168 score=0.068 pol=-0.0007 val=0.0113 ent=0.9404 tot=+0.0023 agnorm=0.213 cgnorm=0.083 kl=0.0017 clipf=0.014 ev=+0.972 r0=1.0000 entcoef=2.85e-03 lr=1.5e-04 seed=1
iter= 497 step=1593600 ep_ret=-192.460 opt_ret=-192.460 step_rew=-1.9246 opt_step=-1.9246 gap0=192.460 dret=+526.897 eval_ret=n/a pursuer_target_distance=1.421 capture=0.147 score=0.061 pol=-0.0008 val=0.0112 ent=0.9404 tot=+0.0022 agnorm=0.229 cgnorm=0.097 kl=0.0016 clipf=0.011 ev=+0.972 r0=1.0000 entcoef=2.83e-03 lr=1.5e-04 seed=1
iter= 498 step=1596800 ep_ret=-172.641 opt_ret=-172.641 step_rew=-1.7264 opt_step=-1.7264 gap0=172.641 dret=+546.716 eval_ret=n/a pursuer_target_distance=1.022 capture=0.161 score=0.080 pol=-0.0004 val=0.0105 ent=0.9429 tot=+0.0022 agnorm=0.171 cgnorm=0.086 kl=0.0013 clipf=0.009 ev=+0.973 r0=1.0000 entcoef=2.82e-03 lr=1.5e-04 seed=1
iter= 499 step=1600000 ep_ret=-121.702 opt_ret=-121.702 step_rew=-1.2170 opt_step=-1.2170 gap0=121.702 dret=+597.656 eval_ret=n/a pursuer_target_distance=1.086 capture=0.204 score=0.098 pol=-0.0011 val=0.0153 ent=0.9588 tot=+0.0039 agnorm=0.256 cgnorm=0.123 kl=0.0021 clipf=0.017 ev=+0.959 r0=1.0000 entcoef=2.80e-03 lr=1.5e-04 seed=1
iter= 500 step=1603200 ep_ret=-101.404 opt_ret=-101.404 step_rew=-1.0140 opt_step=-1.0140 gap0=101.404 dret=+617.953 eval_ret=+367.474 pursuer_target_distance=0.897 capture=0.146 score=0.077 pol=-0.0007 val=0.0087 ent=0.9400 tot=+0.0010 agnorm=0.152 cgnorm=0.084 kl=0.0015 clipf=0.010 ev=+0.975 r0=1.0000 entcoef=2.79e-03 lr=1.5e-04 seed=1
iter= 501 step=1606400 ep_ret=-70.092 opt_ret=-70.092 step_rew=-0.7009 opt_step=-0.7009 gap0=70.092 dret=+649.265 eval_ret=n/a pursuer_target_distance=0.874 capture=0.229 score=0.122 pol=-0.0006 val=0.0093 ent=0.9393 tot=+0.0015 agnorm=0.196 cgnorm=0.077 kl=0.0013 clipf=0.008 ev=+0.978 r0=1.0000 entcoef=2.77e-03 lr=1.5e-04 seed=1
iter= 502 step=1609600 ep_ret=-62.844 opt_ret=-62.844 step_rew=-0.6284 opt_step=-0.6284 gap0=62.844 dret=+656.513 eval_ret=n/a pursuer_target_distance=1.051 capture=0.217 score=0.106 pol=-0.0007 val=0.0108 ent=0.9356 tot=+0.0022 agnorm=0.234 cgnorm=0.086 kl=0.0016 clipf=0.011 ev=+0.973 r0=1.0000 entcoef=2.76e-03 lr=1.4e-04 seed=1
iter= 503 step=1612800 ep_ret=-239.698 opt_ret=-239.698 step_rew=-2.3970 opt_step=-2.3970 gap0=239.698 dret=+479.659 eval_ret=n/a pursuer_target_distance=1.184 capture=0.160 score=0.073 pol=-0.0005 val=0.0129 ent=0.9500 tot=+0.0034 agnorm=0.142 cgnorm=0.086 kl=0.0010 clipf=0.006 ev=+0.974 r0=1.0000 entcoef=2.75e-03 lr=1.4e-04 seed=1
iter= 504 step=1616000 ep_ret=-116.267 opt_ret=-116.267 step_rew=-1.1627 opt_step=-1.1627 gap0=116.267 dret=+603.090 eval_ret=n/a pursuer_target_distance=1.076 capture=0.224 score=0.108 pol=-0.0005 val=0.0100 ent=0.9716 tot=+0.0018 agnorm=0.160 cgnorm=0.103 kl=0.0014 clipf=0.010 ev=+0.982 r0=1.0000 entcoef=2.73e-03 lr=1.4e-04 seed=1
iter= 505 step=1619200 ep_ret=-97.543 opt_ret=-97.543 step_rew=-0.9754 opt_step=-0.9754 gap0=97.543 dret=+621.815 eval_ret=n/a pursuer_target_distance=1.253 capture=0.213 score=0.095 pol=-0.0008 val=0.0127 ent=0.9461 tot=+0.0030 agnorm=0.308 cgnorm=0.106 kl=0.0018 clipf=0.014 ev=+0.962 r0=1.0000 entcoef=2.72e-03 lr=1.4e-04 seed=1
iter= 506 step=1622400 ep_ret=-20.134 opt_ret=-20.134 step_rew=-0.2013 opt_step=-0.2013 gap0=20.134 dret=+699.223 eval_ret=n/a pursuer_target_distance=0.880 capture=0.254 score=0.135 pol=-0.0004 val=0.0102 ent=0.9494 tot=+0.0021 agnorm=0.169 cgnorm=0.078 kl=0.0012 clipf=0.007 ev=+0.970 r0=1.0000 entcoef=2.70e-03 lr=1.4e-04 seed=1
iter= 507 step=1625600 ep_ret=-190.302 opt_ret=-190.302 step_rew=-1.9030 opt_step=-1.9030 gap0=190.302 dret=+529.056 eval_ret=n/a pursuer_target_distance=1.423 capture=0.166 score=0.068 pol=-0.0007 val=0.0153 ent=0.9680 tot=+0.0043 agnorm=0.201 cgnorm=0.099 kl=0.0016 clipf=0.013 ev=+0.968 r0=1.0000 entcoef=2.69e-03 lr=1.4e-04 seed=1
iter= 508 step=1628800 ep_ret=-56.247 opt_ret=-56.247 step_rew=-0.5625 opt_step=-0.5625 gap0=56.247 dret=+663.110 eval_ret=n/a pursuer_target_distance=0.937 capture=0.217 score=0.112 pol=-0.0009 val=0.0109 ent=0.9252 tot=+0.0021 agnorm=0.287 cgnorm=0.084 kl=0.0017 clipf=0.014 ev=+0.975 r0=1.0000 entcoef=2.67e-03 lr=1.4e-04 seed=1
iter= 509 step=1632000 ep_ret=-205.527 opt_ret=-205.527 step_rew=-2.0553 opt_step=-2.0553 gap0=205.527 dret=+513.830 eval_ret=n/a pursuer_target_distance=1.170 capture=0.158 score=0.073 pol=-0.0007 val=0.0100 ent=0.9392 tot=+0.0018 agnorm=0.241 cgnorm=0.088 kl=0.0015 clipf=0.012 ev=+0.970 r0=1.0000 entcoef=2.66e-03 lr=1.4e-04 seed=1
iter= 510 step=1635200 ep_ret=-165.547 opt_ret=-165.547 step_rew=-1.6555 opt_step=-1.6555 gap0=165.547 dret=+553.810 eval_ret=n/a pursuer_target_distance=1.229 capture=0.186 score=0.083 pol=-0.0006 val=0.0160 ent=0.9302 tot=+0.0049 agnorm=0.207 cgnorm=0.113 kl=0.0015 clipf=0.013 ev=+0.956 r0=1.0000 entcoef=2.64e-03 lr=1.4e-04 seed=1
iter= 511 step=1638400 ep_ret=-63.874 opt_ret=-63.874 step_rew=-0.6387 opt_step=-0.6387 gap0=63.874 dret=+655.484 eval_ret=n/a pursuer_target_distance=0.993 capture=0.232 score=0.116 pol=-0.0004 val=0.0122 ent=0.9720 tot=+0.0031 agnorm=0.178 cgnorm=0.102 kl=0.0010 clipf=0.004 ev=+0.969 r0=1.0000 entcoef=2.63e-03 lr=1.3e-04 seed=1
iter= 512 step=1641600 ep_ret=-160.320 opt_ret=-160.320 step_rew=-1.6032 opt_step=-1.6032 gap0=160.320 dret=+559.037 eval_ret=n/a pursuer_target_distance=0.978 capture=0.172 score=0.087 pol=-0.0007 val=0.0122 ent=0.9592 tot=+0.0029 agnorm=0.343 cgnorm=0.125 kl=0.0010 clipf=0.008 ev=+0.966 r0=1.0000 entcoef=2.62e-03 lr=1.3e-04 seed=1
iter= 513 step=1644800 ep_ret=-78.316 opt_ret=-78.316 step_rew=-0.7832 opt_step=-0.7832 gap0=78.316 dret=+641.042 eval_ret=n/a pursuer_target_distance=0.873 capture=0.199 score=0.106 pol=-0.0007 val=0.0132 ent=0.9510 tot=+0.0034 agnorm=0.199 cgnorm=0.107 kl=0.0017 clipf=0.014 ev=+0.960 r0=1.0000 entcoef=2.60e-03 lr=1.3e-04 seed=1
iter= 514 step=1648000 ep_ret=-64.389 opt_ret=-64.389 step_rew=-0.6439 opt_step=-0.6439 gap0=64.389 dret=+654.968 eval_ret=n/a pursuer_target_distance=1.016 capture=0.242 score=0.120 pol=-0.0006 val=0.0092 ent=0.9311 tot=+0.0016 agnorm=0.168 cgnorm=0.065 kl=0.0013 clipf=0.007 ev=+0.978 r0=1.0000 entcoef=2.59e-03 lr=1.3e-04 seed=1
iter= 515 step=1651200 ep_ret=-85.000 opt_ret=-85.000 step_rew=-0.8500 opt_step=-0.8500 gap0=85.000 dret=+634.357 eval_ret=n/a pursuer_target_distance=1.094 capture=0.209 score=0.100 pol=-0.0009 val=0.0128 ent=0.9651 tot=+0.0030 agnorm=0.272 cgnorm=0.083 kl=0.0019 clipf=0.015 ev=+0.968 r0=1.0000 entcoef=2.57e-03 lr=1.3e-04 seed=1
iter= 516 step=1654400 ep_ret=-74.953 opt_ret=-74.953 step_rew=-0.7495 opt_step=-0.7495 gap0=74.953 dret=+644.404 eval_ret=n/a pursuer_target_distance=1.116 capture=0.211 score=0.100 pol=-0.0003 val=0.0123 ent=0.9416 tot=+0.0034 agnorm=0.154 cgnorm=0.074 kl=0.0010 clipf=0.004 ev=+0.969 r0=1.0000 entcoef=2.56e-03 lr=1.3e-04 seed=1
iter= 517 step=1657600 ep_ret=-35.765 opt_ret=-35.765 step_rew=-0.3577 opt_step=-0.3577 gap0=35.765 dret=+683.592 eval_ret=n/a pursuer_target_distance=1.122 capture=0.259 score=0.122 pol=-0.0005 val=0.0077 ent=0.9356 tot=+0.0009 agnorm=0.157 cgnorm=0.065 kl=0.0012 clipf=0.010 ev=+0.984 r0=1.0000 entcoef=2.54e-03 lr=1.3e-04 seed=1
iter= 518 step=1660800 ep_ret=-112.497 opt_ret=-112.497 step_rew=-1.1250 opt_step=-1.1250 gap0=112.497 dret=+606.860 eval_ret=n/a pursuer_target_distance=1.325 capture=0.214 score=0.092 pol=-0.0010 val=0.0087 ent=0.9460 tot=+0.0010 agnorm=0.260 cgnorm=0.064 kl=0.0018 clipf=0.014 ev=+0.980 r0=1.0000 entcoef=2.53e-03 lr=1.3e-04 seed=1
iter= 519 step=1664000 ep_ret=-75.923 opt_ret=-75.923 step_rew=-0.7592 opt_step=-0.7592 gap0=75.923 dret=+643.434 eval_ret=n/a pursuer_target_distance=0.976 capture=0.190 score=0.096 pol=-0.0005 val=0.0100 ent=0.9500 tot=+0.0022 agnorm=0.141 cgnorm=0.087 kl=0.0012 clipf=0.007 ev=+0.969 r0=1.0000 entcoef=2.51e-03 lr=1.3e-04 seed=1
iter= 520 step=1667200 ep_ret=-137.336 opt_ret=-137.336 step_rew=-1.3734 opt_step=-1.3734 gap0=137.336 dret=+582.021 eval_ret=+371.873 pursuer_target_distance=0.991 capture=0.202 score=0.102 pol=-0.0006 val=0.0114 ent=0.9582 tot=+0.0027 agnorm=0.281 cgnorm=0.081 kl=0.0013 clipf=0.010 ev=+0.973 r0=1.0000 entcoef=2.50e-03 lr=1.3e-04 seed=1
iter= 521 step=1670400 ep_ret=-230.714 opt_ret=-230.714 step_rew=-2.3071 opt_step=-2.3071 gap0=230.714 dret=+488.643 eval_ret=n/a pursuer_target_distance=1.039 capture=0.098 score=0.048 pol=-0.0008 val=0.0083 ent=0.9943 tot=+0.0008 agnorm=0.232 cgnorm=0.075 kl=0.0017 clipf=0.011 ev=+0.980 r0=1.0000 entcoef=2.49e-03 lr=1.2e-04 seed=1
iter= 522 step=1673600 ep_ret=-40.906 opt_ret=-40.906 step_rew=-0.4091 opt_step=-0.4091 gap0=40.906 dret=+678.451 eval_ret=n/a pursuer_target_distance=1.155 capture=0.253 score=0.117 pol=-0.0007 val=0.0124 ent=0.9635 tot=+0.0031 agnorm=0.185 cgnorm=0.081 kl=0.0016 clipf=0.010 ev=+0.964 r0=1.0000 entcoef=2.47e-03 lr=1.2e-04 seed=1
iter= 523 step=1676800 ep_ret=-27.199 opt_ret=-27.199 step_rew=-0.2720 opt_step=-0.2720 gap0=27.199 dret=+692.158 eval_ret=n/a pursuer_target_distance=0.885 capture=0.243 score=0.129 pol=-0.0008 val=0.0124 ent=0.9563 tot=+0.0031 agnorm=0.233 cgnorm=0.083 kl=0.0018 clipf=0.014 ev=+0.957 r0=1.0000 entcoef=2.46e-03 lr=1.2e-04 seed=1
iter= 524 step=1680000 ep_ret=-100.488 opt_ret=-100.488 step_rew=-1.0049 opt_step=-1.0049 gap0=100.488 dret=+618.869 eval_ret=n/a pursuer_target_distance=0.934 capture=0.212 score=0.109 pol=-0.0007 val=0.0113 ent=0.9651 tot=+0.0026 agnorm=0.204 cgnorm=0.074 kl=0.0012 clipf=0.007 ev=+0.971 r0=1.0000 entcoef=2.44e-03 lr=1.2e-04 seed=1
iter= 525 step=1683200 ep_ret=-45.796 opt_ret=-45.796 step_rew=-0.4580 opt_step=-0.4580 gap0=45.796 dret=+673.561 eval_ret=n/a pursuer_target_distance=0.968 capture=0.236 score=0.120 pol=-0.0005 val=0.0111 ent=0.9528 tot=+0.0028 agnorm=0.262 cgnorm=0.115 kl=0.0015 clipf=0.012 ev=+0.967 r0=1.0000 entcoef=2.43e-03 lr=1.2e-04 seed=1
iter= 526 step=1686400 ep_ret=-128.607 opt_ret=-128.607 step_rew=-1.2861 opt_step=-1.2861 gap0=128.607 dret=+590.751 eval_ret=n/a pursuer_target_distance=1.030 capture=0.177 score=0.087 pol=-0.0004 val=0.0082 ent=0.9435 tot=+0.0014 agnorm=0.184 cgnorm=0.107 kl=0.0014 clipf=0.010 ev=+0.972 r0=1.0000 entcoef=2.41e-03 lr=1.2e-04 seed=1
iter= 527 step=1689600 ep_ret=-32.971 opt_ret=-32.971 step_rew=-0.3297 opt_step=-0.3297 gap0=32.971 dret=+686.386 eval_ret=n/a pursuer_target_distance=0.815 capture=0.237 score=0.131 pol=-0.0008 val=0.0104 ent=0.9204 tot=+0.0022 agnorm=0.329 cgnorm=0.090 kl=0.0017 clipf=0.015 ev=+0.969 r0=1.0000 entcoef=2.40e-03 lr=1.2e-04 seed=1
iter= 528 step=1692800 ep_ret=-40.571 opt_ret=-40.571 step_rew=-0.4057 opt_step=-0.4057 gap0=40.571 dret=+678.786 eval_ret=n/a pursuer_target_distance=0.843 capture=0.208 score=0.113 pol=-0.0003 val=0.0097 ent=0.9175 tot=+0.0024 agnorm=0.085 cgnorm=0.073 kl=0.0005 clipf=0.001 ev=+0.971 r0=1.0000 entcoef=2.38e-03 lr=1.2e-04 seed=1
iter= 529 step=1696000 ep_ret=-155.455 opt_ret=-155.455 step_rew=-1.5546 opt_step=-1.5546 gap0=155.455 dret=+563.902 eval_ret=n/a pursuer_target_distance=1.599 capture=0.201 score=0.077 pol=-0.0005 val=0.0144 ent=0.9563 tot=+0.0045 agnorm=0.176 cgnorm=0.083 kl=0.0014 clipf=0.009 ev=+0.969 r0=1.0000 entcoef=2.37e-03 lr=1.2e-04 seed=1
iter= 530 step=1699200 ep_ret=-139.519 opt_ret=-139.519 step_rew=-1.3952 opt_step=-1.3952 gap0=139.519 dret=+579.838 eval_ret=n/a pursuer_target_distance=0.998 capture=0.179 score=0.089 pol=-0.0007 val=0.0111 ent=0.9424 tot=+0.0026 agnorm=0.187 cgnorm=0.099 kl=0.0018 clipf=0.010 ev=+0.969 r0=1.0000 entcoef=2.36e-03 lr=1.1e-04 seed=1
iter= 531 step=1702400 ep_ret=-37.679 opt_ret=-37.679 step_rew=-0.3768 opt_step=-0.3768 gap0=37.679 dret=+681.678 eval_ret=n/a pursuer_target_distance=0.950 capture=0.237 score=0.122 pol=-0.0006 val=0.0089 ent=0.9239 tot=+0.0017 agnorm=0.232 cgnorm=0.072 kl=0.0012 clipf=0.009 ev=+0.978 r0=1.0000 entcoef=2.34e-03 lr=1.1e-04 seed=1
iter= 532 step=1705600 ep_ret=-111.253 opt_ret=-111.253 step_rew=-1.1125 opt_step=-1.1125 gap0=111.253 dret=+608.104 eval_ret=n/a pursuer_target_distance=1.317 capture=0.250 score=0.108 pol=-0.0004 val=0.0117 ent=0.9403 tot=+0.0032 agnorm=0.187 cgnorm=0.066 kl=0.0011 clipf=0.007 ev=+0.977 r0=1.0000 entcoef=2.33e-03 lr=1.1e-04 seed=1
iter= 533 step=1708800 ep_ret=-27.835 opt_ret=-27.835 step_rew=-0.2784 opt_step=-0.2784 gap0=27.835 dret=+691.522 eval_ret=n/a pursuer_target_distance=1.010 capture=0.226 score=0.113 pol=-0.0004 val=0.0079 ent=0.9258 tot=+0.0014 agnorm=0.165 cgnorm=0.080 kl=0.0011 clipf=0.005 ev=+0.972 r0=1.0000 entcoef=2.31e-03 lr=1.1e-04 seed=1
iter= 534 step=1712000 ep_ret=-129.761 opt_ret=-129.761 step_rew=-1.2976 opt_step=-1.2976 gap0=129.761 dret=+589.596 eval_ret=n/a pursuer_target_distance=1.180 capture=0.197 score=0.090 pol=-0.0006 val=0.0108 ent=0.9374 tot=+0.0026 agnorm=0.289 cgnorm=0.079 kl=0.0015 clipf=0.012 ev=+0.968 r0=1.0000 entcoef=2.30e-03 lr=1.1e-04 seed=1
iter= 535 step=1715200 ep_ret=-107.395 opt_ret=-107.395 step_rew=-1.0740 opt_step=-1.0740 gap0=107.395 dret=+611.962 eval_ret=n/a pursuer_target_distance=1.304 capture=0.223 score=0.097 pol=-0.0005 val=0.0117 ent=0.9223 tot=+0.0032 agnorm=0.145 cgnorm=0.071 kl=0.0012 clipf=0.006 ev=+0.970 r0=1.0000 entcoef=2.28e-03 lr=1.1e-04 seed=1
iter= 536 step=1718400 ep_ret=-139.621 opt_ret=-139.621 step_rew=-1.3962 opt_step=-1.3962 gap0=139.621 dret=+579.736 eval_ret=n/a pursuer_target_distance=1.027 capture=0.200 score=0.099 pol=-0.0006 val=0.0108 ent=0.9354 tot=+0.0026 agnorm=0.261 cgnorm=0.082 kl=0.0013 clipf=0.008 ev=+0.964 r0=1.0000 entcoef=2.27e-03 lr=1.1e-04 seed=1
iter= 537 step=1721600 ep_ret=+78.586 opt_ret=+78.586 step_rew=0.7859 opt_step=0.7859 gap0=0.000 dret=+797.943 eval_ret=n/a pursuer_target_distance=0.859 capture=0.287 score=0.154 pol=-0.0006 val=0.0115 ent=0.8929 tot=+0.0032 agnorm=0.284 cgnorm=0.101 kl=0.0014 clipf=0.007 ev=+0.961 r0=1.0000 entcoef=2.25e-03 lr=1.1e-04 seed=1
iter= 538 step=1724800 ep_ret=-49.645 opt_ret=-49.645 step_rew=-0.4964 opt_step=-0.4964 gap0=49.645 dret=+669.712 eval_ret=n/a pursuer_target_distance=1.120 capture=0.238 score=0.112 pol=-0.0008 val=0.0072 ent=0.9114 tot=+0.0008 agnorm=0.218 cgnorm=0.069 kl=0.0014 clipf=0.012 ev=+0.979 r0=1.0000 entcoef=2.24e-03 lr=1.1e-04 seed=1
iter= 539 step=1728000 ep_ret=-51.575 opt_ret=-51.575 step_rew=-0.5157 opt_step=-0.5157 gap0=51.575 dret=+667.782 eval_ret=n/a pursuer_target_distance=0.972 capture=0.217 score=0.110 pol=-0.0006 val=0.0106 ent=0.9062 tot=+0.0027 agnorm=0.277 cgnorm=0.083 kl=0.0016 clipf=0.009 ev=+0.959 r0=1.0000 entcoef=2.23e-03 lr=1.0e-04 seed=1
iter= 540 step=1731200 ep_ret=-77.285 opt_ret=-77.285 step_rew=-0.7728 opt_step=-0.7728 gap0=77.285 dret=+642.072 eval_ret=+364.989 pursuer_target_distance=0.950 capture=0.210 score=0.108 pol=-0.0004 val=0.0098 ent=0.9190 tot=+0.0025 agnorm=0.174 cgnorm=0.090 kl=0.0013 clipf=0.008 ev=+0.974 r0=1.0000 entcoef=2.21e-03 lr=1.0e-04 seed=1
iter= 541 step=1734400 ep_ret=-76.198 opt_ret=-76.198 step_rew=-0.7620 opt_step=-0.7620 gap0=76.198 dret=+643.159 eval_ret=n/a pursuer_target_distance=0.917 capture=0.210 score=0.110 pol=-0.0004 val=0.0090 ent=0.9175 tot=+0.0021 agnorm=0.289 cgnorm=0.079 kl=0.0010 clipf=0.006 ev=+0.969 r0=1.0000 entcoef=2.20e-03 lr=1.0e-04 seed=1
iter= 542 step=1737600 ep_ret=-63.765 opt_ret=-63.765 step_rew=-0.6376 opt_step=-0.6376 gap0=63.765 dret=+655.592 eval_ret=n/a pursuer_target_distance=0.974 capture=0.235 score=0.119 pol=-0.0005 val=0.0098 ent=0.9351 tot=+0.0024 agnorm=0.178 cgnorm=0.078 kl=0.0015 clipf=0.012 ev=+0.976 r0=1.0000 entcoef=2.18e-03 lr=1.0e-04 seed=1
iter= 543 step=1740800 ep_ret=-77.472 opt_ret=-77.472 step_rew=-0.7747 opt_step=-0.7747 gap0=77.472 dret=+641.885 eval_ret=n/a pursuer_target_distance=1.019 capture=0.204 score=0.101 pol=-0.0004 val=0.0124 ent=0.9203 tot=+0.0038 agnorm=0.107 cgnorm=0.078 kl=0.0010 clipf=0.006 ev=+0.958 r0=1.0000 entcoef=2.17e-03 lr=1.0e-04 seed=1
iter= 544 step=1744000 ep_ret=-89.397 opt_ret=-89.397 step_rew=-0.8940 opt_step=-0.8940 gap0=89.397 dret=+629.960 eval_ret=n/a pursuer_target_distance=1.313 capture=0.215 score=0.093 pol=-0.0004 val=0.0102 ent=0.9174 tot=+0.0028 agnorm=0.167 cgnorm=0.081 kl=0.0009 clipf=0.003 ev=+0.967 r0=1.0000 entcoef=2.15e-03 lr=9.8e-05 seed=1
iter= 545 step=1747200 ep_ret=-9.504 opt_ret=-9.504 step_rew=-0.0950 opt_step=-0.0950 gap0=9.504 dret=+709.853 eval_ret=n/a pursuer_target_distance=0.778 capture=0.268 score=0.151 pol=-0.0007 val=0.0089 ent=0.9156 tot=+0.0018 agnorm=0.252 cgnorm=0.075 kl=0.0013 clipf=0.010 ev=+0.975 r0=1.0000 entcoef=2.14e-03 lr=9.7e-05 seed=1
iter= 546 step=1750400 ep_ret=-101.436 opt_ret=-101.436 step_rew=-1.0144 opt_step=-1.0144 gap0=101.436 dret=+617.921 eval_ret=n/a pursuer_target_distance=0.944 capture=0.191 score=0.098 pol=-0.0007 val=0.0077 ent=0.9163 tot=+0.0012 agnorm=0.272 cgnorm=0.080 kl=0.0017 clipf=0.014 ev=+0.971 r0=1.0000 entcoef=2.13e-03 lr=9.6e-05 seed=1
iter= 547 step=1753600 ep_ret=-79.937 opt_ret=-79.937 step_rew=-0.7994 opt_step=-0.7994 gap0=79.937 dret=+639.420 eval_ret=n/a pursuer_target_distance=1.208 capture=0.219 score=0.099 pol=-0.0005 val=0.0086 ent=0.9258 tot=+0.0019 agnorm=0.164 cgnorm=0.079 kl=0.0013 clipf=0.008 ev=+0.969 r0=1.0000 entcoef=2.11e-03 lr=9.5e-05 seed=1
iter= 548 step=1756800 ep_ret=+3.849 opt_ret=+3.849 step_rew=0.0385 opt_step=0.0385 gap0=0.000 dret=+723.206 eval_ret=n/a pursuer_target_distance=0.913 capture=0.248 score=0.130 pol=-0.0005 val=0.0109 ent=0.9411 tot=+0.0030 agnorm=0.381 cgnorm=0.090 kl=0.0014 clipf=0.012 ev=+0.964 r0=1.0000 entcoef=2.10e-03 lr=9.4e-05 seed=1
iter= 549 step=1760000 ep_ret=-86.813 opt_ret=-86.813 step_rew=-0.8681 opt_step=-0.8681 gap0=86.813 dret=+632.544 eval_ret=n/a pursuer_target_distance=1.026 capture=0.220 score=0.108 pol=-0.0004 val=0.0086 ent=0.9346 tot=+0.0020 agnorm=0.312 cgnorm=0.068 kl=0.0012 clipf=0.008 ev=+0.974 r0=1.0000 entcoef=2.08e-03 lr=9.3e-05 seed=1
iter= 550 step=1763200 ep_ret=-118.679 opt_ret=-118.679 step_rew=-1.1868 opt_step=-1.1868 gap0=118.679 dret=+600.679 eval_ret=n/a pursuer_target_distance=1.153 capture=0.206 score=0.095 pol=-0.0005 val=0.0111 ent=0.9298 tot=+0.0031 agnorm=0.297 cgnorm=0.070 kl=0.0019 clipf=0.015 ev=+0.965 r0=1.0000 entcoef=2.07e-03 lr=9.2e-05 seed=1
iter= 551 step=1766400 ep_ret=-158.693 opt_ret=-158.693 step_rew=-1.5869 opt_step=-1.5869 gap0=158.693 dret=+560.664 eval_ret=n/a pursuer_target_distance=1.132 capture=0.185 score=0.087 pol=-0.0004 val=0.0087 ent=0.9191 tot=+0.0020 agnorm=0.289 cgnorm=0.077 kl=0.0011 clipf=0.009 ev=+0.973 r0=1.0000 entcoef=2.05e-03 lr=9.1e-05 seed=1
iter= 552 step=1769600 ep_ret=-145.891 opt_ret=-145.891 step_rew=-1.4589 opt_step=-1.4589 gap0=145.891 dret=+573.466 eval_ret=n/a pursuer_target_distance=1.235 capture=0.195 score=0.087 pol=-0.0006 val=0.0106 ent=0.9317 tot=+0.0028 agnorm=0.273 cgnorm=0.071 kl=0.0013 clipf=0.008 ev=+0.967 r0=1.0000 entcoef=2.04e-03 lr=9.0e-05 seed=1
iter= 553 step=1772800 ep_ret=-193.308 opt_ret=-193.308 step_rew=-1.9331 opt_step=-1.9331 gap0=193.308 dret=+526.049 eval_ret=n/a pursuer_target_distance=1.073 capture=0.151 score=0.073 pol=-0.0004 val=0.0103 ent=0.9551 tot=+0.0028 agnorm=0.132 cgnorm=0.080 kl=0.0006 clipf=0.003 ev=+0.966 r0=1.0000 entcoef=2.02e-03 lr=8.9e-05 seed=1
iter= 554 step=1776000 ep_ret=-53.355 opt_ret=-53.355 step_rew=-0.5336 opt_step=-0.5336 gap0=53.355 dret=+666.002 eval_ret=n/a pursuer_target_distance=1.314 capture=0.248 score=0.107 pol=-0.0005 val=0.0103 ent=0.9155 tot=+0.0028 agnorm=0.362 cgnorm=0.062 kl=0.0012 clipf=0.009 ev=+0.969 r0=1.0000 entcoef=2.01e-03 lr=8.7e-05 seed=1
iter= 555 step=1779200 ep_ret=-139.891 opt_ret=-139.891 step_rew=-1.3989 opt_step=-1.3989 gap0=139.891 dret=+579.467 eval_ret=n/a pursuer_target_distance=1.246 capture=0.215 score=0.096 pol=-0.0006 val=0.0094 ent=0.9096 tot=+0.0023 agnorm=0.325 cgnorm=0.061 kl=0.0015 clipf=0.014 ev=+0.976 r0=1.0000 entcoef=2.00e-03 lr=8.6e-05 seed=1
iter= 556 step=1782400 ep_ret=-152.475 opt_ret=-152.475 step_rew=-1.5248 opt_step=-1.5248 gap0=152.475 dret=+566.882 eval_ret=n/a pursuer_target_distance=1.214 capture=0.181 score=0.082 pol=-0.0005 val=0.0092 ent=0.9251 tot=+0.0023 agnorm=0.154 cgnorm=0.056 kl=0.0009 clipf=0.003 ev=+0.974 r0=1.0000 entcoef=1.98e-03 lr=8.5e-05 seed=1
iter= 557 step=1785600 ep_ret=+17.819 opt_ret=+17.819 step_rew=0.1782 opt_step=0.1782 gap0=0.000 dret=+737.176 eval_ret=n/a pursuer_target_distance=1.049 capture=0.284 score=0.139 pol=-0.0005 val=0.0114 ent=0.9109 tot=+0.0034 agnorm=0.232 cgnorm=0.113 kl=0.0013 clipf=0.007 ev=+0.962 r0=1.0000 entcoef=1.97e-03 lr=8.4e-05 seed=1
iter= 558 step=1788800 ep_ret=-101.529 opt_ret=-101.529 step_rew=-1.0153 opt_step=-1.0153 gap0=101.529 dret=+617.828 eval_ret=n/a pursuer_target_distance=1.292 capture=0.225 score=0.098 pol=-0.0006 val=0.0121 ent=0.9213 tot=+0.0037 agnorm=0.194 cgnorm=0.081 kl=0.0009 clipf=0.006 ev=+0.961 r0=1.0000 entcoef=1.95e-03 lr=8.3e-05 seed=1
iter= 559 step=1792000 ep_ret=-112.276 opt_ret=-112.276 step_rew=-1.1228 opt_step=-1.1228 gap0=112.276 dret=+607.081 eval_ret=n/a pursuer_target_distance=0.731 capture=0.193 score=0.111 pol=-0.0003 val=0.0102 ent=0.9333 tot=+0.0030 agnorm=0.234 cgnorm=0.082 kl=0.0011 clipf=0.005 ev=+0.955 r0=1.0000 entcoef=1.94e-03 lr=8.2e-05 seed=1
iter= 560 step=1795200 ep_ret=-99.099 opt_ret=-99.099 step_rew=-0.9910 opt_step=-0.9910 gap0=99.099 dret=+620.259 eval_ret=+370.055 pursuer_target_distance=0.878 capture=0.210 score=0.112 pol=-0.0004 val=0.0093 ent=0.9187 tot=+0.0025 agnorm=0.322 cgnorm=0.069 kl=0.0012 clipf=0.008 ev=+0.969 r0=1.0000 entcoef=1.92e-03 lr=8.1e-05 seed=1
iter= 561 step=1798400 ep_ret=-50.622 opt_ret=-50.622 step_rew=-0.5062 opt_step=-0.5062 gap0=50.622 dret=+668.736 eval_ret=n/a pursuer_target_distance=0.921 capture=0.230 score=0.120 pol=-0.0006 val=0.0117 ent=0.9305 tot=+0.0034 agnorm=0.265 cgnorm=0.106 kl=0.0015 clipf=0.009 ev=+0.955 r0=1.0000 entcoef=1.91e-03 lr=8.0e-05 seed=1
iter= 562 step=1801600 ep_ret=-11.991 opt_ret=-11.991 step_rew=-0.1199 opt_step=-0.1199 gap0=11.991 dret=+707.366 eval_ret=n/a pursuer_target_distance=0.786 capture=0.249 score=0.140 pol=-0.0004 val=0.0097 ent=0.8988 tot=+0.0028 agnorm=0.242 cgnorm=0.065 kl=0.0012 clipf=0.008 ev=+0.973 r0=1.0000 entcoef=1.89e-03 lr=7.9e-05 seed=1
iter= 563 step=1804800 ep_ret=+96.285 opt_ret=+96.285 step_rew=0.9629 opt_step=0.9629 gap0=0.000 dret=+815.643 eval_ret=n/a pursuer_target_distance=0.928 capture=0.334 score=0.173 pol=-0.0006 val=0.0100 ent=0.9094 tot=+0.0027 agnorm=0.222 cgnorm=0.090 kl=0.0012 clipf=0.009 ev=+0.967 r0=1.0000 entcoef=1.88e-03 lr=7.7e-05 seed=1
iter= 564 step=1808000 ep_ret=-233.725 opt_ret=-233.725 step_rew=-2.3373 opt_step=-2.3373 gap0=233.725 dret=+485.632 eval_ret=n/a pursuer_target_distance=1.011 capture=0.147 score=0.073 pol=-0.0006 val=0.0094 ent=0.9068 tot=+0.0024 agnorm=0.307 cgnorm=0.066 kl=0.0013 clipf=0.009 ev=+0.977 r0=1.0000 entcoef=1.87e-03 lr=7.6e-05 seed=1
iter= 565 step=1811200 ep_ret=-77.889 opt_ret=-77.889 step_rew=-0.7789 opt_step=-0.7789 gap0=77.889 dret=+641.468 eval_ret=n/a pursuer_target_distance=1.276 capture=0.220 score=0.097 pol=-0.0005 val=0.0120 ent=0.9063 tot=+0.0038 agnorm=0.185 cgnorm=0.075 kl=0.0012 clipf=0.008 ev=+0.962 r0=1.0000 entcoef=1.85e-03 lr=7.5e-05 seed=1
iter= 566 step=1814400 ep_ret=-139.340 opt_ret=-139.340 step_rew=-1.3934 opt_step=-1.3934 gap0=139.340 dret=+580.017 eval_ret=n/a pursuer_target_distance=1.145 capture=0.180 score=0.084 pol=-0.0007 val=0.0091 ent=0.9151 tot=+0.0021 agnorm=0.340 cgnorm=0.081 kl=0.0018 clipf=0.013 ev=+0.969 r0=1.0000 entcoef=1.84e-03 lr=7.4e-05 seed=1
iter= 567 step=1817600 ep_ret=-119.968 opt_ret=-119.968 step_rew=-1.1997 opt_step=-1.1997 gap0=119.968 dret=+599.389 eval_ret=n/a pursuer_target_distance=1.079 capture=0.181 score=0.087 pol=-0.0005 val=0.0084 ent=0.9094 tot=+0.0020 agnorm=0.275 cgnorm=0.074 kl=0.0012 clipf=0.009 ev=+0.968 r0=1.0000 entcoef=1.82e-03 lr=7.3e-05 seed=1
iter= 568 step=1820800 ep_ret=-124.094 opt_ret=-124.094 step_rew=-1.2409 opt_step=-1.2409 gap0=124.094 dret=+595.263 eval_ret=n/a pursuer_target_distance=1.093 capture=0.205 score=0.098 pol=-0.0006 val=0.0086 ent=0.9245 tot=+0.0020 agnorm=0.305 cgnorm=0.087 kl=0.0015 clipf=0.013 ev=+0.972 r0=1.0000 entcoef=1.81e-03 lr=7.2e-05 seed=1
iter= 569 step=1824000 ep_ret=-19.873 opt_ret=-19.873 step_rew=-0.1987 opt_step=-0.1987 gap0=19.873 dret=+699.484 eval_ret=n/a pursuer_target_distance=0.806 capture=0.230 score=0.127 pol=-0.0004 val=0.0075 ent=0.9111 tot=+0.0018 agnorm=0.237 cgnorm=0.069 kl=0.0012 clipf=0.008 ev=+0.968 r0=1.0000 entcoef=1.79e-03 lr=7.1e-05 seed=1
iter= 570 step=1827200 ep_ret=+43.159 opt_ret=+43.159 step_rew=0.4316 opt_step=0.4316 gap0=0.000 dret=+762.516 eval_ret=n/a pursuer_target_distance=1.059 capture=0.291 score=0.141 pol=-0.0005 val=0.0083 ent=0.9248 tot=+0.0020 agnorm=0.247 cgnorm=0.080 kl=0.0013 clipf=0.007 ev=+0.974 r0=1.0000 entcoef=1.78e-03 lr=7.0e-05 seed=1
iter= 571 step=1830400 ep_ret=-94.268 opt_ret=-94.268 step_rew=-0.9427 opt_step=-0.9427 gap0=94.268 dret=+625.089 eval_ret=n/a pursuer_target_distance=1.018 capture=0.198 score=0.098 pol=-0.0003 val=0.0084 ent=0.9230 tot=+0.0022 agnorm=0.201 cgnorm=0.067 kl=0.0008 clipf=0.005 ev=+0.967 r0=1.0000 entcoef=1.76e-03 lr=6.9e-05 seed=1
iter= 572 step=1833600 ep_ret=-42.197 opt_ret=-42.197 step_rew=-0.4220 opt_step=-0.4220 gap0=42.197 dret=+677.160 eval_ret=n/a pursuer_target_distance=0.802 capture=0.211 score=0.117 pol=-0.0004 val=0.0104 ent=0.9226 tot=+0.0032 agnorm=0.198 cgnorm=0.079 kl=0.0009 clipf=0.006 ev=+0.959 r0=1.0000 entcoef=1.75e-03 lr=6.8e-05 seed=1
iter= 573 step=1836800 ep_ret=-57.696 opt_ret=-57.696 step_rew=-0.5770 opt_step=-0.5770 gap0=57.696 dret=+661.661 eval_ret=n/a pursuer_target_distance=0.959 capture=0.242 score=0.123 pol=-0.0003 val=0.0091 ent=0.9384 tot=+0.0027 agnorm=0.185 cgnorm=0.071 kl=0.0010 clipf=0.006 ev=+0.968 r0=1.0000 entcoef=1.74e-03 lr=6.6e-05 seed=1
iter= 574 step=1840000 ep_ret=-113.619 opt_ret=-113.619 step_rew=-1.1362 opt_step=-1.1362 gap0=113.619 dret=+605.738 eval_ret=n/a pursuer_target_distance=1.113 capture=0.228 score=0.108 pol=-0.0004 val=0.0101 ent=0.9498 tot=+0.0030 agnorm=0.157 cgnorm=0.063 kl=0.0012 clipf=0.008 ev=+0.973 r0=1.0000 entcoef=1.72e-03 lr=6.5e-05 seed=1
iter= 575 step=1843200 ep_ret=-91.642 opt_ret=-91.642 step_rew=-0.9164 opt_step=-0.9164 gap0=91.642 dret=+627.715 eval_ret=n/a pursuer_target_distance=0.971 capture=0.215 score=0.109 pol=-0.0004 val=0.0088 ent=0.9355 tot=+0.0023 agnorm=0.164 cgnorm=0.076 kl=0.0012 clipf=0.006 ev=+0.970 r0=1.0000 entcoef=1.71e-03 lr=6.4e-05 seed=1
iter= 576 step=1846400 ep_ret=+1.220 opt_ret=+1.220 step_rew=0.0122 opt_step=0.0122 gap0=0.000 dret=+720.577 eval_ret=n/a pursuer_target_distance=1.053 capture=0.285 score=0.139 pol=-0.0004 val=0.0090 ent=0.9274 tot=+0.0025 agnorm=0.232 cgnorm=0.061 kl=0.0010 clipf=0.006 ev=+0.972 r0=1.0000 entcoef=1.69e-03 lr=6.3e-05 seed=1
iter= 577 step=1849600 ep_ret=-108.560 opt_ret=-108.560 step_rew=-1.0856 opt_step=-1.0856 gap0=108.560 dret=+610.797 eval_ret=n/a pursuer_target_distance=1.014 capture=0.183 score=0.091 pol=-0.0005 val=0.0079 ent=0.9588 tot=+0.0019 agnorm=0.315 cgnorm=0.086 kl=0.0012 clipf=0.007 ev=+0.968 r0=1.0000 entcoef=1.68e-03 lr=6.2e-05 seed=1
iter= 578 step=1852800 ep_ret=-141.879 opt_ret=-141.879 step_rew=-1.4188 opt_step=-1.4188 gap0=141.879 dret=+577.478 eval_ret=n/a pursuer_target_distance=1.144 capture=0.200 score=0.093 pol=-0.0002 val=0.0091 ent=0.9300 tot=+0.0027 agnorm=0.185 cgnorm=0.083 kl=0.0008 clipf=0.004 ev=+0.974 r0=1.0000 entcoef=1.66e-03 lr=6.1e-05 seed=1
iter= 579 step=1856000 ep_ret=-57.906 opt_ret=-57.906 step_rew=-0.5791 opt_step=-0.5791 gap0=57.906 dret=+661.451 eval_ret=n/a pursuer_target_distance=1.000 capture=0.227 score=0.113 pol=-0.0003 val=0.0072 ent=0.9367 tot=+0.0017 agnorm=0.227 cgnorm=0.080 kl=0.0012 clipf=0.007 ev=+0.974 r0=1.0000 entcoef=1.65e-03 lr=6.0e-05 seed=1
iter= 580 step=1859200 ep_ret=-99.141 opt_ret=-99.141 step_rew=-0.9914 opt_step=-0.9914 gap0=99.141 dret=+620.216 eval_ret=+363.946 pursuer_target_distance=0.786 capture=0.213 score=0.119 pol=-0.0007 val=0.0087 ent=0.9324 tot=+0.0021 agnorm=0.335 cgnorm=0.069 kl=0.0013 clipf=0.011 ev=+0.967 r0=1.0000 entcoef=1.63e-03 lr=5.9e-05 seed=1
iter= 581 step=1862400 ep_ret=-109.508 opt_ret=-109.508 step_rew=-1.0951 opt_step=-1.0951 gap0=109.508 dret=+609.849 eval_ret=n/a pursuer_target_distance=1.099 capture=0.202 score=0.096 pol=-0.0003 val=0.0087 ent=0.9372 tot=+0.0026 agnorm=0.187 cgnorm=0.067 kl=0.0010 clipf=0.004 ev=+0.971 r0=1.0000 entcoef=1.62e-03 lr=5.8e-05 seed=1
iter= 582 step=1865600 ep_ret=-58.632 opt_ret=-58.632 step_rew=-0.5863 opt_step=-0.5863 gap0=58.632 dret=+660.725 eval_ret=n/a pursuer_target_distance=0.812 capture=0.241 score=0.133 pol=-0.0005 val=0.0107 ent=0.9199 tot=+0.0034 agnorm=0.280 cgnorm=0.090 kl=0.0014 clipf=0.012 ev=+0.967 r0=1.0000 entcoef=1.61e-03 lr=5.6e-05 seed=1
iter= 583 step=1868800 ep_ret=-100.116 opt_ret=-100.116 step_rew=-1.0012 opt_step=-1.0012 gap0=100.116 dret=+619.241 eval_ret=n/a pursuer_target_distance=0.845 capture=0.203 score=0.110 pol=-0.0003 val=0.0091 ent=0.9136 tot=+0.0028 agnorm=0.145 cgnorm=0.076 kl=0.0002 clipf=0.000 ev=+0.966 r0=1.0000 entcoef=1.59e-03 lr=5.5e-05 seed=1
iter= 584 step=1872000 ep_ret=+5.724 opt_ret=+5.724 step_rew=0.0572 opt_step=0.0572 gap0=0.000 dret=+725.081 eval_ret=n/a pursuer_target_distance=0.767 capture=0.238 score=0.135 pol=-0.0004 val=0.0071 ent=0.8943 tot=+0.0018 agnorm=0.221 cgnorm=0.064 kl=0.0010 clipf=0.007 ev=+0.968 r0=1.0000 entcoef=1.58e-03 lr=5.4e-05 seed=1
iter= 585 step=1875200 ep_ret=-34.866 opt_ret=-34.866 step_rew=-0.3487 opt_step=-0.3487 gap0=34.866 dret=+684.492 eval_ret=n/a pursuer_target_distance=0.698 capture=0.226 score=0.133 pol=-0.0003 val=0.0105 ent=0.9300 tot=+0.0035 agnorm=0.222 cgnorm=0.095 kl=0.0011 clipf=0.007 ev=+0.958 r0=1.0000 entcoef=1.56e-03 lr=5.3e-05 seed=1
iter= 586 step=1878400 ep_ret=-81.095 opt_ret=-81.095 step_rew=-0.8110 opt_step=-0.8110 gap0=81.095 dret=+638.262 eval_ret=n/a pursuer_target_distance=0.853 capture=0.214 score=0.116 pol=-0.0004 val=0.0061 ent=0.9244 tot=+0.0012 agnorm=0.198 cgnorm=0.044 kl=0.0012 clipf=0.007 ev=+0.979 r0=1.0000 entcoef=1.55e-03 lr=5.2e-05 seed=1
iter= 587 step=1881600 ep_ret=-222.786 opt_ret=-222.786 step_rew=-2.2279 opt_step=-2.2279 gap0=222.786 dret=+496.572 eval_ret=n/a pursuer_target_distance=1.320 capture=0.152 score=0.066 pol=-0.0002 val=0.0138 ent=0.9177 tot=+0.0053 agnorm=0.188 cgnorm=0.125 kl=0.0006 clipf=0.002 ev=+0.945 r0=1.0000 entcoef=1.53e-03 lr=5.1e-05 seed=1
iter= 588 step=1884800 ep_ret=-18.436 opt_ret=-18.436 step_rew=-0.1844 opt_step=-0.1844 gap0=18.436 dret=+700.922 eval_ret=n/a pursuer_target_distance=0.911 capture=0.242 score=0.127 pol=-0.0003 val=0.0089 ent=0.9163 tot=+0.0028 agnorm=0.099 cgnorm=0.065 kl=0.0004 clipf=0.000 ev=+0.957 r0=1.0000 entcoef=1.52e-03 lr=5.0e-05 seed=1
iter= 589 step=1888000 ep_ret=-146.130 opt_ret=-146.130 step_rew=-1.4613 opt_step=-1.4613 gap0=146.130 dret=+573.227 eval_ret=n/a pursuer_target_distance=1.365 capture=0.193 score=0.082 pol=-0.0003 val=0.0115 ent=0.9296 tot=+0.0041 agnorm=0.170 cgnorm=0.071 kl=0.0007 clipf=0.003 ev=+0.960 r0=1.0000 entcoef=1.50e-03 lr=4.9e-05 seed=1
iter= 590 step=1891200 ep_ret=-58.955 opt_ret=-58.955 step_rew=-0.5895 opt_step=-0.5895 gap0=58.955 dret=+660.402 eval_ret=n/a pursuer_target_distance=0.731 capture=0.210 score=0.121 pol=-0.0006 val=0.0085 ent=0.9314 tot=+0.0023 agnorm=0.209 cgnorm=0.067 kl=0.0009 clipf=0.004 ev=+0.965 r0=1.0000 entcoef=1.49e-03 lr=4.8e-05 seed=1
iter= 591 step=1894400 ep_ret=-138.974 opt_ret=-138.974 step_rew=-1.3897 opt_step=-1.3897 gap0=138.974 dret=+580.383 eval_ret=n/a pursuer_target_distance=1.502 capture=0.198 score=0.079 pol=-0.0005 val=0.0111 ent=0.9261 tot=+0.0036 agnorm=0.407 cgnorm=0.105 kl=0.0015 clipf=0.015 ev=+0.958 r0=1.0000 entcoef=1.48e-03 lr=4.6e-05 seed=1
iter= 592 step=1897600 ep_ret=-27.239 opt_ret=-27.239 step_rew=-0.2724 opt_step=-0.2724 gap0=27.239 dret=+692.118 eval_ret=n/a pursuer_target_distance=1.020 capture=0.251 score=0.124 pol=-0.0003 val=0.0097 ent=0.9229 tot=+0.0032 agnorm=0.276 cgnorm=0.075 kl=0.0009 clipf=0.004 ev=+0.970 r0=1.0000 entcoef=1.46e-03 lr=4.5e-05 seed=1
iter= 593 step=1900800 ep_ret=-31.535 opt_ret=-31.535 step_rew=-0.3154 opt_step=-0.3154 gap0=31.535 dret=+687.822 eval_ret=n/a pursuer_target_distance=1.253 capture=0.236 score=0.105 pol=-0.0004 val=0.0105 ent=0.9294 tot=+0.0035 agnorm=0.305 cgnorm=0.084 kl=0.0012 clipf=0.007 ev=+0.957 r0=1.0000 entcoef=1.45e-03 lr=4.4e-05 seed=1
iter= 594 step=1904000 ep_ret=-69.373 opt_ret=-69.373 step_rew=-0.6937 opt_step=-0.6937 gap0=69.373 dret=+649.984 eval_ret=n/a pursuer_target_distance=1.141 capture=0.228 score=0.107 pol=-0.0002 val=0.0122 ent=0.9207 tot=+0.0045 agnorm=0.207 cgnorm=0.108 kl=0.0006 clipf=0.003 ev=+0.959 r0=1.0000 entcoef=1.43e-03 lr=4.3e-05 seed=1
iter= 595 step=1907200 ep_ret=-102.101 opt_ret=-102.101 step_rew=-1.0210 opt_step=-1.0210 gap0=102.101 dret=+617.256 eval_ret=n/a pursuer_target_distance=1.161 capture=0.193 score=0.089 pol=-0.0003 val=0.0087 ent=0.9132 tot=+0.0028 agnorm=0.232 cgnorm=0.065 kl=0.0009 clipf=0.006 ev=+0.963 r0=1.0000 entcoef=1.42e-03 lr=4.2e-05 seed=1
iter= 596 step=1910400 ep_ret=-42.981 opt_ret=-42.981 step_rew=-0.4298 opt_step=-0.4298 gap0=42.981 dret=+676.376 eval_ret=n/a pursuer_target_distance=0.976 capture=0.243 score=0.123 pol=-0.0004 val=0.0086 ent=0.9051 tot=+0.0026 agnorm=0.389 cgnorm=0.068 kl=0.0007 clipf=0.008 ev=+0.971 r0=1.0000 entcoef=1.40e-03 lr=4.1e-05 seed=1
iter= 597 step=1913600 ep_ret=-181.686 opt_ret=-181.686 step_rew=-1.8169 opt_step=-1.8169 gap0=181.686 dret=+537.671 eval_ret=n/a pursuer_target_distance=1.622 capture=0.185 score=0.070 pol=-0.0004 val=0.0119 ent=0.9249 tot=+0.0043 agnorm=0.246 cgnorm=0.075 kl=0.0007 clipf=0.005 ev=+0.969 r0=1.0000 entcoef=1.39e-03 lr=4.0e-05 seed=1
iter= 598 step=1916800 ep_ret=-189.808 opt_ret=-189.808 step_rew=-1.8981 opt_step=-1.8981 gap0=189.808 dret=+529.549 eval_ret=n/a pursuer_target_distance=1.174 capture=0.182 score=0.084 pol=-0.0003 val=0.0114 ent=0.9428 tot=+0.0041 agnorm=0.272 cgnorm=0.100 kl=0.0008 clipf=0.006 ev=+0.965 r0=1.0000 entcoef=1.37e-03 lr=3.9e-05 seed=1
iter= 599 step=1920000 ep_ret=-20.485 opt_ret=-20.485 step_rew=-0.2049 opt_step=-0.2049 gap0=20.485 dret=+698.872 eval_ret=n/a pursuer_target_distance=1.062 capture=0.273 score=0.132 pol=-0.0003 val=0.0081 ent=0.9423 tot=+0.0025 agnorm=0.126 cgnorm=0.070 kl=0.0002 clipf=0.000 ev=+0.974 r0=1.0000 entcoef=1.36e-03 lr=3.8e-05 seed=1
iter= 600 step=1923200 ep_ret=-106.449 opt_ret=-106.449 step_rew=-1.0645 opt_step=-1.0645 gap0=106.449 dret=+612.908 eval_ret=+364.182 pursuer_target_distance=1.027 capture=0.221 score=0.109 pol=-0.0002 val=0.0086 ent=0.9382 tot=+0.0028 agnorm=0.219 cgnorm=0.068 kl=0.0007 clipf=0.004 ev=+0.970 r0=1.0000 entcoef=1.35e-03 lr=3.7e-05 seed=1
iter= 601 step=1926400 ep_ret=-50.377 opt_ret=-50.377 step_rew=-0.5038 opt_step=-0.5038 gap0=50.377 dret=+668.980 eval_ret=n/a pursuer_target_distance=1.209 capture=0.244 score=0.110 pol=-0.0002 val=0.0122 ent=0.9148 tot=+0.0046 agnorm=0.221 cgnorm=0.078 kl=0.0007 clipf=0.003 ev=+0.956 r0=1.0000 entcoef=1.33e-03 lr=3.5e-05 seed=1
iter= 602 step=1929600 ep_ret=-11.416 opt_ret=-11.416 step_rew=-0.1142 opt_step=-0.1142 gap0=11.416 dret=+707.941 eval_ret=n/a pursuer_target_distance=1.027 capture=0.269 score=0.133 pol=-0.0001 val=0.0098 ent=0.9326 tot=+0.0035 agnorm=0.142 cgnorm=0.063 kl=0.0003 clipf=0.000 ev=+0.966 r0=1.0000 entcoef=1.32e-03 lr=3.4e-05 seed=1
iter= 603 step=1932800 ep_ret=-66.877 opt_ret=-66.877 step_rew=-0.6688 opt_step=-0.6688 gap0=66.877 dret=+652.480 eval_ret=n/a pursuer_target_distance=1.043 capture=0.259 score=0.127 pol=-0.0001 val=0.0103 ent=0.9521 tot=+0.0038 agnorm=0.077 cgnorm=0.102 kl=0.0002 clipf=0.000 ev=+0.966 r0=1.0000 entcoef=1.30e-03 lr=3.3e-05 seed=1
iter= 604 step=1936000 ep_ret=-234.577 opt_ret=-234.577 step_rew=-2.3458 opt_step=-2.3458 gap0=234.577 dret=+484.780 eval_ret=n/a pursuer_target_distance=1.508 capture=0.163 score=0.065 pol=-0.0001 val=0.0100 ent=0.9541 tot=+0.0036 agnorm=0.129 cgnorm=0.074 kl=0.0003 clipf=0.000 ev=+0.968 r0=1.0000 entcoef=1.29e-03 lr=3.2e-05 seed=1
iter= 605 step=1939200 ep_ret=-117.666 opt_ret=-117.666 step_rew=-1.1767 opt_step=-1.1767 gap0=117.666 dret=+601.691 eval_ret=n/a pursuer_target_distance=1.483 capture=0.224 score=0.090 pol=-0.0002 val=0.0087 ent=0.9339 tot=+0.0029 agnorm=0.276 cgnorm=0.065 kl=0.0007 clipf=0.004 ev=+0.969 r0=1.0000 entcoef=1.27e-03 lr=3.1e-05 seed=1
iter= 606 step=1942400 ep_ret=-71.814 opt_ret=-71.814 step_rew=-0.7181 opt_step=-0.7181 gap0=71.814 dret=+647.544 eval_ret=n/a pursuer_target_distance=0.897 capture=0.238 score=0.125 pol=-0.0003 val=0.0117 ent=0.9283 tot=+0.0044 agnorm=0.363 cgnorm=0.077 kl=0.0010 clipf=0.008 ev=+0.954 r0=1.0000 entcoef=1.26e-03 lr=3.0e-05 seed=1
iter= 607 step=1945600 ep_ret=-55.968 opt_ret=-55.968 step_rew=-0.5597 opt_step=-0.5597 gap0=55.968 dret=+663.389 eval_ret=n/a pursuer_target_distance=0.867 capture=0.237 score=0.127 pol=-0.0000 val=0.0079 ent=0.9192 tot=+0.0028 agnorm=0.123 cgnorm=0.064 kl=0.0005 clipf=0.001 ev=+0.969 r0=1.0000 entcoef=1.25e-03 lr=2.9e-05 seed=1
iter= 608 step=1948800 ep_ret=-147.963 opt_ret=-147.963 step_rew=-1.4796 opt_step=-1.4796 gap0=147.963 dret=+571.394 eval_ret=n/a pursuer_target_distance=1.062 capture=0.182 score=0.088 pol=-0.0004 val=0.0086 ent=0.9498 tot=+0.0027 agnorm=0.281 cgnorm=0.071 kl=0.0006 clipf=0.003 ev=+0.958 r0=1.0000 entcoef=1.23e-03 lr=2.8e-05 seed=1
iter= 609 step=1952000 ep_ret=-151.080 opt_ret=-151.080 step_rew=-1.5108 opt_step=-1.5108 gap0=151.080 dret=+568.277 eval_ret=n/a pursuer_target_distance=1.029 capture=0.147 score=0.072 pol=-0.0004 val=0.0100 ent=0.9243 tot=+0.0035 agnorm=0.404 cgnorm=0.077 kl=0.0009 clipf=0.009 ev=+0.947 r0=1.0000 entcoef=1.22e-03 lr=2.7e-05 seed=1
iter= 610 step=1955200 ep_ret=-99.533 opt_ret=-99.533 step_rew=-0.9953 opt_step=-0.9953 gap0=99.533 dret=+619.825 eval_ret=n/a pursuer_target_distance=0.983 capture=0.173 score=0.087 pol=-0.0001 val=0.0068 ent=0.9344 tot=+0.0022 agnorm=0.163 cgnorm=0.064 kl=0.0006 clipf=0.001 ev=+0.967 r0=1.0000 entcoef=1.20e-03 lr=2.5e-05 seed=1
iter= 611 step=1958400 ep_ret=-154.735 opt_ret=-154.735 step_rew=-1.5474 opt_step=-1.5474 gap0=154.735 dret=+564.622 eval_ret=n/a pursuer_target_distance=1.294 capture=0.178 score=0.078 pol=-0.0003 val=0.0111 ent=0.9273 tot=+0.0042 agnorm=0.340 cgnorm=0.068 kl=0.0005 clipf=0.002 ev=+0.957 r0=1.0000 entcoef=1.19e-03 lr=2.4e-05 seed=1
iter= 612 step=1961600 ep_ret=-116.735 opt_ret=-116.735 step_rew=-1.1673 opt_step=-1.1673 gap0=116.735 dret=+602.623 eval_ret=n/a pursuer_target_distance=1.020 capture=0.180 score=0.089 pol=-0.0002 val=0.0090 ent=0.9219 tot=+0.0032 agnorm=0.242 cgnorm=0.067 kl=0.0005 clipf=0.002 ev=+0.956 r0=1.0000 entcoef=1.17e-03 lr=2.3e-05 seed=1
iter= 613 step=1964800 ep_ret=-74.480 opt_ret=-74.480 step_rew=-0.7448 opt_step=-0.7448 gap0=74.480 dret=+644.877 eval_ret=n/a pursuer_target_distance=0.836 capture=0.224 score=0.122 pol=-0.0002 val=0.0086 ent=0.9531 tot=+0.0030 agnorm=0.159 cgnorm=0.076 kl=0.0001 clipf=0.000 ev=+0.963 r0=1.0000 entcoef=1.16e-03 lr=2.2e-05 seed=1
iter= 614 step=1968000 ep_ret=+6.912 opt_ret=+6.912 step_rew=0.0691 opt_step=0.0691 gap0=0.000 dret=+726.269 eval_ret=n/a pursuer_target_distance=0.889 capture=0.258 score=0.136 pol=-0.0002 val=0.0087 ent=0.9200 tot=+0.0030 agnorm=0.295 cgnorm=0.067 kl=0.0004 clipf=0.001 ev=+0.966 r0=1.0000 entcoef=1.14e-03 lr=2.1e-05 seed=1
iter= 615 step=1971200 ep_ret=-88.972 opt_ret=-88.972 step_rew=-0.8897 opt_step=-0.8897 gap0=88.972 dret=+630.385 eval_ret=n/a pursuer_target_distance=1.282 capture=0.228 score=0.100 pol=-0.0000 val=0.0094 ent=0.9220 tot=+0.0036 agnorm=0.205 cgnorm=0.086 kl=0.0001 clipf=0.000 ev=+0.963 r0=1.0000 entcoef=1.13e-03 lr=2.0e-05 seed=1
iter= 616 step=1974400 ep_ret=-105.244 opt_ret=-105.244 step_rew=-1.0524 opt_step=-1.0524 gap0=105.244 dret=+614.113 eval_ret=n/a pursuer_target_distance=1.015 capture=0.209 score=0.104 pol=-0.0003 val=0.0106 ent=0.9379 tot=+0.0040 agnorm=0.345 cgnorm=0.077 kl=0.0005 clipf=0.003 ev=+0.961 r0=1.0000 entcoef=1.12e-03 lr=1.9e-05 seed=1
iter= 617 step=1977600 ep_ret=-69.577 opt_ret=-69.577 step_rew=-0.6958 opt_step=-0.6958 gap0=69.577 dret=+649.780 eval_ret=n/a pursuer_target_distance=1.256 capture=0.231 score=0.102 pol=-0.0001 val=0.0094 ent=0.9019 tot=+0.0036 agnorm=0.172 cgnorm=0.063 kl=0.0003 clipf=0.000 ev=+0.961 r0=1.0000 entcoef=1.10e-03 lr=1.8e-05 seed=1
iter= 618 step=1980800 ep_ret=-178.103 opt_ret=-178.103 step_rew=-1.7810 opt_step=-1.7810 gap0=178.103 dret=+541.254 eval_ret=n/a pursuer_target_distance=1.024 capture=0.180 score=0.089 pol=-0.0003 val=0.0097 ent=0.9194 tot=+0.0035 agnorm=0.272 cgnorm=0.092 kl=0.0007 clipf=0.003 ev=+0.963 r0=1.0000 entcoef=1.09e-03 lr=1.7e-05 seed=1
iter= 619 step=1984000 ep_ret=-239.482 opt_ret=-239.482 step_rew=-2.3948 opt_step=-2.3948 gap0=239.482 dret=+479.875 eval_ret=n/a pursuer_target_distance=1.139 capture=0.138 score=0.064 pol=-0.0002 val=0.0119 ent=0.9337 tot=+0.0048 agnorm=0.189 cgnorm=0.083 kl=0.0003 clipf=0.000 ev=+0.952 r0=1.0000 entcoef=1.07e-03 lr=1.6e-05 seed=1
iter= 620 step=1987200 ep_ret=-115.352 opt_ret=-115.352 step_rew=-1.1535 opt_step=-1.1535 gap0=115.352 dret=+604.005 eval_ret=+302.444 pursuer_target_distance=1.580 capture=0.227 score=0.088 pol=-0.0001 val=0.0099 ent=0.9280 tot=+0.0039 agnorm=0.140 cgnorm=0.086 kl=0.0001 clipf=0.000 ev=+0.967 r0=1.0000 entcoef=1.06e-03 lr=1.4e-05 seed=1
iter= 621 step=1990400 ep_ret=-176.283 opt_ret=-176.283 step_rew=-1.7628 opt_step=-1.7628 gap0=176.283 dret=+543.074 eval_ret=n/a pursuer_target_distance=0.847 capture=0.148 score=0.080 pol=-0.0000 val=0.0087 ent=0.9322 tot=+0.0033 agnorm=0.117 cgnorm=0.073 kl=0.0000 clipf=0.000 ev=+0.957 r0=1.0000 entcoef=1.04e-03 lr=1.3e-05 seed=1
iter= 622 step=1993600 ep_ret=-29.737 opt_ret=-29.737 step_rew=-0.2974 opt_step=-0.2974 gap0=29.737 dret=+689.620 eval_ret=n/a pursuer_target_distance=1.400 capture=0.255 score=0.106 pol=-0.0000 val=0.0086 ent=0.9098 tot=+0.0033 agnorm=0.101 cgnorm=0.054 kl=0.0000 clipf=0.000 ev=+0.963 r0=1.0000 entcoef=1.03e-03 lr=1.2e-05 seed=1
iter= 623 step=1996800 ep_ret=-87.376 opt_ret=-87.376 step_rew=-0.8738 opt_step=-0.8738 gap0=87.376 dret=+631.981 eval_ret=n/a pursuer_target_distance=1.092 capture=0.225 score=0.107 pol=-0.0001 val=0.0090 ent=0.9155 tot=+0.0035 agnorm=0.191 cgnorm=0.061 kl=0.0000 clipf=0.000 ev=+0.964 r0=1.0000 entcoef=1.01e-03 lr=1.1e-05 seed=1
iter= 624 step=2000000 ep_ret=+11.432 opt_ret=+11.432 step_rew=0.1143 opt_step=0.1143 gap0=0.000 dret=+730.789 eval_ret=+302.400 pursuer_target_distance=0.593 capture=0.263 score=0.165 pol=-0.0002 val=0.0085 ent=0.9332 tot=+0.0031 agnorm=0.296 cgnorm=0.083 kl=0.0002 clipf=0.000 ev=+0.955 r0=1.0000 entcoef=1.00e-03 lr=1.0e-05 seed=1
[train] Final checkpoint saved to runs/pursuit_20260608_220631/alpha/graph_zm/alpha0p25/seed1/ckpt/final.pt
[train] Run artifacts in runs/pursuit_20260608_220631/alpha/graph_zm/alpha0p25/seed1
[render] Skipped post-train render (mode=off).
=== done Mon Jun  8 22:59:52 EDT 2026 ===
