iter,global_step,episode_return,mean_step_reward,optimized_episode_return,optimized_mean_step_reward,reward_shift,episode_return_gap_to_zero,mean_step_reward_gap_to_zero,episode_return_delta_from_start,mean_step_reward_delta_from_start,pursuer_target_distance,capture,task_score,eval_mean_return,eval_mean_step_reward,eval_optimized_mean_return,eval_optimized_mean_step_reward,eval_mean_episode_length,eval_pursuer_target_distance,eval_capture,eval_task_score,eval_return_gap_to_zero,eval_return_delta_from_start,episodes_completed,policy_loss,value_loss,entropy,total_loss,grad_norm,actor_grad_norm,critic_grad_norm,approx_kl,clipfrac,explained_variance,mean_ratio_epoch0,entropy_coef,lr,seed,alpha,env_alpha,capture_rate
0,3200,-809.3097801208496,-8.093098001480103,-809.3097801208496,-8.093098001480103,0.0,809.3097801208496,8.093098001480103,0.0,0.0,3.973052864074707,0.0,0.0,-801.7465603351593,-8.017465603351592,-801.7465603351593,-8.017465603351592,100.0,2.9212052251771095,0.0,0.0,801.7465603351593,0.0,32,-0.0013221128212755674,0.6651037931442261,1.6077284812927246,0.31515249609947205,0.02672733925282955,0.02672733925282955,0.19996928721666335,0.0016725913956179533,0.004200000011769589,-0.4662356376647949,1.0,0.01,0.0007,0,0.75,0.75,0.0
1,6400,-809.7753067016602,-8.09775297164917,-809.7753067016602,-8.09775297164917,0.0,809.7753067016602,8.09775297164917,-0.4655265808105469,-0.004654970169067241,3.735517818927765,0.0,0.0,nan,nan,nan,nan,nan,nan,nan,nan,nan,nan,64,-0.001253433945414173,0.42261644899845124,1.6023455739021302,0.1940544456243515,0.03150065392255783,0.03150065392255783,0.2666736826300621,0.001220259839101554,0.002059374959208071,0.2679973840713501,1.0,0.009985576923076923,0.0006988942307692308,0,0.75,0.75,0.0
2,9600,-918.9587554931641,-9.189587421417237,-918.9587554931641,-9.189587421417237,0.0,918.9587554931641,9.189587421417237,-109.64897537231445,-1.096489419937134,4.6653888273239135,0.0,0.0,nan,nan,nan,nan,nan,nan,nan,nan,nan,nan,96,-0.000980260247621345,0.49141363203525545,1.5958172082901,0.2288144201040268,0.029584048502147197,0.029584048502147197,0.30685540437698366,0.0015788941058420293,0.0032281249528750776,0.33643805980682373,1.0,0.009971153846153847,0.0006977884615384615,0,0.75,0.75,0.0
3,12800,-874.9695081710815,-8.74969497680664,-874.9695081710815,-8.74969497680664,0.0,874.9695081710815,8.74969497680664,-65.65972805023193,-0.6565969753265382,4.545286021232605,0.0,0.0,nan,nan,nan,nan,nan,nan,nan,nan,nan,nan,128,-0.0009229143771989357,0.45925746858119965,1.5905843377113342,0.21286879777908324,0.023815882205963135,0.023815882205963135,0.2986593693494797,0.0015769443049069528,0.0021281249704770745,0.3513071537017822,1.0,0.00995673076923077,0.0006966826923076923,0,0.75,0.75,0.0
4,16000,-791.6319160461426,-7.916319313049317,-791.6319160461426,-7.916319313049317,0.0,791.6319160461426,7.916319313049317,17.67786407470703,0.1767786884307858,4.118427906036377,0.0,0.0,nan,nan,nan,nan,nan,nan,nan,nan,nan,nan,160,-0.0012060338464564778,0.2955138266086578,1.5776835799217224,0.13086506351828575,0.04195756558328867,0.04195756558328867,0.2546032592654228,0.0022605199257672275,0.0113625000230968,0.5530562400817871,1.0,0.009942307692307693,0.0006955769230769231,0,0.75,0.75,0.0
5,19200,-855.8838930130005,-8.558839159011841,-855.8838930130005,-8.558839159011841,0.0,855.8838930130005,8.558839159011841,-46.57411289215088,-0.4657411575317383,4.665865268707275,0.0,0.0,nan,nan,nan,nan,nan,nan,nan,nan,nan,nan,192,-0.0009191743686329801,0.40551014244556427,1.572278881072998,0.1862264931201935,0.02996497359126806,0.02996497359126806,0.30565386861562727,0.0017222259069971755,0.008496874966658652,0.4302215576171875,1.0,0.009927884615384616,0.0006944711538461538,0,0.75,0.75,0.0
6,22400,-804.0244779586792,-8.040245065689087,-804.0244779586792,-8.040245065689087,0.0,804.0244779586792,8.040245065689087,5.28530216217041,0.05285293579101591,3.8792052340507506,0.0,0.0,nan,nan,nan,nan,nan,nan,nan,nan,nan,nan,224,-0.0012971125384442673,0.306125345826149,1.5685207486152648,0.13621608838438987,0.03282790314406157,0.03282790314406157,0.24823396801948547,0.002061480084012579,0.010590624809265137,0.6240661144256592,1.0,0.00991346153846154,0.0006933653846153846,0,0.75,0.75,0.0
7,25600,-807.4250583648682,-8.074251079559327,-807.4250583648682,-8.074251079559327,0.0,807.4250583648682,8.074251079559327,1.8847217559814453,0.018846921920776083,4.471522173881531,0.0,0.0,nan,nan,nan,nan,nan,nan,nan,nan,nan,nan,256,-0.0016033122408899204,0.2776208266615868,1.5571314811706543,0.12179299592971801,0.043568866699934004,0.043568866699934004,0.27989723831415175,0.0037610081024472804,0.03415625020279549,0.6220225691795349,1.0,0.009899038461538463,0.0006922596153846154,0,0.75,0.75,0.0
8,28800,-780.5075941085815,-7.805075893402099,-780.5075941085815,-7.805075893402099,0.0,780.5075941085815,7.805075893402099,28.802186012268066,0.2880221080780032,4.044178478717804,0.0,0.0,nan,nan,nan,nan,nan,nan,nan,nan,nan,nan,288,-0.0007554042299830144,0.2485879600048065,1.55950870513916,0.10812343060970306,0.025883244723081587,0.025883244723081587,0.25154371559619904,0.0014655834005685142,0.007971874880604446,0.6652669906616211,1.0,0.009884615384615384,0.0006911538461538461,0,0.75,0.75,0.0
9,32000,-797.5880575180054,-7.97588047504425,-797.5880575180054,-7.97588047504425,0.0,797.5880575180054,7.97588047504425,11.721722602844238,0.11721752643585237,3.871642298698425,0.0,0.0,nan,nan,nan,nan,nan,nan,nan,nan,nan,nan,320,-0.001450386045331875,0.286636146903038,1.5617720127105712,0.12645269557833672,0.037983011826872824,0.037983011826872824,0.26068018525838854,0.0015654443632234425,0.00776250003837049,0.496717631816864,1.0,0.009870192307692307,0.0006900480769230769,0,0.75,0.75,0.0
10,35200,-699.9060716629028,-6.999060945510864,-699.9060716629028,-6.999060945510864,0.0,699.9060716629028,6.999060945510864,109.40370845794678,1.0940370559692383,3.6011377143859864,0.0,0.0,nan,nan,nan,nan,nan,nan,nan,nan,nan,nan,352,-0.0018778424259039638,0.15186585411429404,1.5750373721122741,0.058531880006194116,0.045806025713682176,0.045806025713682176,0.22057861387729644,0.0030902789556426303,0.029359374660998583,0.7257647514343262,1.0,0.00985576923076923,0.0006889423076923077,0,0.75,0.75,0.0
11,38400,-826.310736656189,-8.263107328414916,-826.310736656189,-8.263107328414916,0.0,826.310736656189,8.263107328414916,-17.000956535339355,-0.17000932693481374,4.709622974395752,0.0,0.0,nan,nan,nan,nan,nan,nan,nan,nan,nan,nan,384,-0.0007776650598403378,0.3252961903810501,1.5746272683143616,0.14637398198246956,0.03256804477423429,0.03256804477423429,0.280434750020504,0.0012923963207872567,0.0055375001160427925,0.45632660388946533,1.0,0.009841346153846154,0.0006878365384615384,0,0.75,0.75,0.0
12,41600,-853.9234085083008,-8.539234247207641,-853.9234085083008,-8.539234247207641,0.0,853.9234085083008,8.539234247207641,-44.61362838745117,-0.44613624572753885,4.343119678497314,0.0,0.0,nan,nan,nan,nan,nan,nan,nan,nan,nan,nan,416,-0.0017885154609103894,0.30172971487045286,1.5751366853713988,0.13359759971499444,0.04776336513459682,0.04776336513459682,0.2700814828276634,0.0037462546235478935,0.027021875139325857,0.5729119777679443,1.0,0.009826923076923077,0.0006867307692307692,0,0.75,0.75,0.0
13,44800,-838.6693496704102,-8.386693468093872,-838.6693496704102,-8.386693468093872,0.0,838.6693496704102,8.386693468093872,-29.359569549560547,-0.2935954666137697,3.9366513872146607,0.0,0.0,nan,nan,nan,nan,nan,nan,nan,nan,nan,nan,448,-0.0014716287889285696,0.2613665506243706,1.5715503454208375,0.1137908086180687,0.04793875180184841,0.04793875180184841,0.27394682466983794,0.003424036220531454,0.021850000077392906,0.5975968837738037,1.0,0.0098125,0.000685625,0,0.75,0.75,0.0
14,48000,-881.4011011123657,-8.814010677337647,-881.4011011123657,-8.814010677337647,0.0,881.4011011123657,8.814010677337647,-72.09132099151611,-0.7209126758575444,4.735838503837585,0.0,0.0,nan,nan,nan,nan,nan,nan,nan,nan,nan,nan,480,-0.0015774262228980263,0.30849974155426024,1.5758237719535828,0.13723239973187445,0.05020955950021744,0.05020955950021744,0.2950118318200111,0.0033165111075509077,0.021715624909847974,0.5445182919502258,1.0,0.009798076923076923,0.0006845192307692307,0,0.75,0.75,0.0
15,51200,-854.5729675292969,-8.545729780197144,-854.5729675292969,-8.545729780197144,0.0,854.5729675292969,8.545729780197144,-45.263187408447266,-0.4526317787170413,4.5899503755569455,0.0,0.0,nan,nan,nan,nan,nan,nan,nan,nan,nan,nan,512,-0.0011057130899160938,0.26170983016490934,1.5767916798591615,0.11432241648435593,0.04496830143034458,0.04496830143034458,0.2722418561577797,0.0025127960994727945,0.019846874510403723,0.5644680261611938,1.0,0.009783653846153846,0.0006834134615384615,0,0.75,0.75,0.0
16,54400,-896.2855472564697,-8.962855424880981,-896.2855472564697,-8.962855424880981,0.0,896.2855472564697,8.962855424880981,-86.97576713562012,-0.8697574234008787,5.018163967132568,0.0,0.0,nan,nan,nan,nan,nan,nan,nan,nan,nan,nan,544,-0.0006859763914487616,0.28395206332206724,1.5663179755210876,0.1259883351624012,0.027776668965816497,0.027776668965816497,0.3162692829966545,0.0017370573223165885,0.0058500000450294465,0.5172589421272278,1.0,0.00976923076923077,0.0006823076923076923,0,0.75,0.75,0.0
17,57600,-856.4908208847046,-8.564908275604248,-856.4908208847046,-8.564908275604248,0.0,856.4908208847046,8.564908275604248,-47.18104076385498,-0.4718102741241452,4.615666670799255,0.0,0.0,nan,nan,nan,nan,nan,nan,nan,nan,nan,nan,576,-0.0012276149650801925,0.20106341689825058,1.562817096710205,0.08405911177396774,0.04293647482991218,0.04293647482991218,0.29638156592845916,0.0018701553111901085,0.010287499835249037,0.6104622483253479,1.0,0.009754807692307693,0.000681201923076923,0,0.75,0.75,0.0
18,60800,-838.8485298156738,-8.388484897613525,-838.8485298156738,-8.388484897613525,0.0,838.8485298156738,8.388484897613525,-29.53874969482422,-0.2953868961334223,4.347168188095093,0.0,0.0,nan,nan,nan,nan,nan,nan,nan,nan,nan,nan,608,-0.0009315031331496471,0.17661042958498002,1.5679043292999268,0.07210172265768051,0.028450561687350273,0.028450561687350273,0.2641484037041664,0.002111730168690444,0.008037499990314246,0.6540289521217346,1.0,0.009740384615384616,0.0006800961538461538,0,0.75,0.75,0.0
19,64000,-840.9112567901611,-8.409112596511841,-840.9112567901611,-8.409112596511841,0.0,840.9112567901611,8.409112596511841,-31.601476669311523,-0.31601459503173857,4.107933006286621,0.0,0.0,nan,nan,nan,nan,nan,nan,nan,nan,nan,nan,640,-0.002296807440998805,0.1819646269083023,1.5628210186958313,0.0734855692833662,0.07959107980132103,0.07959107980132103,0.2643614336848259,0.0039031338237696485,0.036328125186264514,0.6526774168014526,1.0,0.00972596153846154,0.0006789903846153847,0,0.75,0.75,0.0
20,67200,-862.2697191238403,-8.622697067260741,-862.2697191238403,-8.622697067260741,0.0,862.2697191238403,8.622697067260741,-52.95993900299072,-0.5295990657806389,4.214125499725342,0.0,0.0,-915.4634585380554,-9.154634585380554,-915.4634585380554,-9.154634585380554,100.0,5.101410432010889,0.0,0.0,915.4634585380554,-113.71689820289612,672,-0.0011740402216791068,0.20206940919160843,1.5576475620269776,0.08473351076245308,0.04956880547106266,0.04956880547106266,0.28405401557683946,0.002681783599837722,0.022787500132108108,0.6320410966873169,1.0,0.009711538461538462,0.0006778846153846154,0,0.75,0.75,0.0
21,70400,-850.0480060577393,-8.50048023223877,-850.0480060577393,-8.50048023223877,0.0,850.0480060577393,8.50048023223877,-40.73822593688965,-0.4073822307586674,3.9539461946487426,0.0,0.0,nan,nan,nan,nan,nan,nan,nan,nan,nan,nan,704,-0.001190707771061028,0.17370921820402146,1.5559086322784423,0.07057607695460319,0.036566331051290035,0.036566331051290035,0.29114665538072587,0.0018340070324489282,0.007112499943468719,0.6798902750015259,1.0,0.009697115384615386,0.0006767788461538462,0,0.75,0.75,0.0
22,73600,-876.6110200881958,-8.76611032485962,-876.6110200881958,-8.76611032485962,0.0,876.6110200881958,8.76611032485962,-67.30123996734619,-0.6730123233795169,4.231869049072266,0.0,0.0,nan,nan,nan,nan,nan,nan,nan,nan,nan,nan,736,-0.0015669306258147219,0.1927969202399254,1.5468618035316468,0.07985374256968499,0.06319801732897759,0.06319801732897759,0.29560907259583474,0.002475776682695693,0.02497500004246831,0.7033482789993286,1.0,0.009682692307692307,0.000675673076923077,0,0.75,0.75,0.0
23,76800,-879.3497200012207,-8.79349678993225,-879.3497200012207,-8.79349678993225,0.0,879.3497200012207,8.79349678993225,-70.0399398803711,-0.7003987884521479,5.106734347343445,0.0,0.0,nan,nan,nan,nan,nan,nan,nan,nan,nan,nan,768,-0.001393935450248307,0.18184850960969925,1.523231315612793,0.07480330914258956,0.04768005795776844,0.04768005795776844,0.26500890776515007,0.002944663653034403,0.027131250477395952,0.6839994192123413,1.0,0.00966826923076923,0.0006745673076923077,0,0.75,0.75,0.0
24,80000,-821.4598369598389,-8.214598503112793,-821.4598369598389,-8.214598503112793,0.0,821.4598369598389,8.214598503112793,-12.150056838989258,-0.12150050163269022,4.371183910369873,0.0,0.0,nan,nan,nan,nan,nan,nan,nan,nan,nan,nan,800,-0.001249750185501597,0.12878408059477806,1.5213525295257568,0.04845538772642612,0.03836621306836605,0.03836621306836605,0.2522589400410652,0.0019331227478693856,0.010756249993573875,0.7393447160720825,1.0,0.009653846153846153,0.0006734615384615385,0,0.75,0.75,0.0
25,83200,-808.8633794784546,-8.088633685111999,-808.8633794784546,-8.088633685111999,0.0,808.8633794784546,8.088633685111999,0.44640064239501953,0.004464316368103738,4.183952431678772,0.0,0.0,nan,nan,nan,nan,nan,nan,nan,nan,nan,nan,832,-0.0005073962182521541,0.10761076882481575,1.5313085794448853,0.03853705655783415,0.019793759658932687,0.019793759658932687,0.2451705329120159,0.0010006114214781334,0.0024062499986030163,0.7080744504928589,1.0,0.009639423076923077,0.0006723557692307693,0,0.75,0.75,0.0
26,86400,-829.2762432098389,-8.292762670516968,-829.2762432098389,-8.292762670516968,0.0,829.2762432098389,8.292762670516968,-19.966463088989258,-0.1996646690368653,4.588549737930298,0.0,0.0,nan,nan,nan,nan,nan,nan,nan,nan,nan,nan,864,-0.0008283690346228667,0.12679659128189086,1.5336779356002808,0.04780827648937702,0.02756406906992197,0.02756406906992197,0.24371553137898444,0.0012277642468695098,0.0029468750464729963,0.6160426139831543,1.0,0.009625,0.00067125,0,0.75,0.75,0.0
27,89600,-801.0160913467407,-8.010160913467407,-801.0160913467407,-8.010160913467407,0.0,801.0160913467407,8.010160913467407,8.293688774108887,0.08293708801269517,4.44245602607727,0.0,0.0,nan,nan,nan,nan,nan,nan,nan,nan,nan,nan,896,-0.001493217355245946,0.09834348931908607,1.5256671667099,0.033015986531972887,0.03801947478204966,0.03801947478204966,0.24337101951241494,0.002172109945241284,0.009506249986588954,0.7268894910812378,1.0,0.009610576923076923,0.0006701442307692308,0,0.75,0.75,0.0
28,92800,-816.4610848426819,-8.164610562324524,-816.4610848426819,-8.164610562324524,0.0,816.4610848426819,8.164610562324524,-7.151304721832275,-0.07151256084442181,4.335197710990906,0.0,0.0,nan,nan,nan,nan,nan,nan,nan,nan,nan,nan,928,-0.0011830434065428607,0.08893243446946145,1.5304048657417297,0.028597173932939767,0.03293540943413973,0.03293540943413973,0.2255714550614357,0.0018123759618908376,0.009968749957624822,0.7844427227973938,1.0,0.009596153846153846,0.0006690384615384616,0,0.75,0.75,0.0
29,96000,-838.8256950378418,-8.388256750106812,-838.8256950378418,-8.388256750106812,0.0,838.8256950378418,8.388256750106812,-29.515914916992188,-0.29515874862670977,4.395445046424865,0.0,0.0,nan,nan,nan,nan,nan,nan,nan,nan,nan,nan,960,-0.0009755903357639539,0.12632079273462296,1.5417054891586304,0.047412599250674245,0.02580119650810957,0.02580119650810957,0.22709038257598876,0.0014956525621534062,0.00790000005508773,0.5283645391464233,1.0,0.00958173076923077,0.0006679326923076923,0,0.75,0.75,0.0
30,99200,-836.3087730407715,-8.363087816238403,-836.3087730407715,-8.363087816238403,0.0,836.3087730407715,8.363087816238403,-26.998992919921875,-0.26998981475830064,4.032109696865081,0.0,0.0,nan,nan,nan,nan,nan,nan,nan,nan,nan,nan,992,-0.0013663106044987216,0.08465533480048179,1.5343693256378175,0.02628157362341881,0.038520260341465475,0.038520260341465475,0.228316480666399,0.002658656096173835,0.017459374922327697,0.6777437925338745,1.0,0.009567307692307693,0.0006668269230769231,0,0.75,0.75,0.0
31,102400,-869.7486352920532,-8.6974862575531,-869.7486352920532,-8.6974862575531,0.0,869.7486352920532,8.6974862575531,-60.43885517120361,-0.6043882560729976,4.33751148223877,0.0,0.0,nan,nan,nan,nan,nan,nan,nan,nan,nan,nan,1024,-0.0010650969480110462,0.09506402760744095,1.5393176436424256,0.03176199290901423,0.036074059642851354,0.036074059642851354,0.22935764491558075,0.0021331312629632943,0.017756250279489905,0.765026330947876,1.0,0.009552884615384616,0.0006657211538461539,0,0.75,0.75,0.0
32,105600,-822.9070901870728,-8.229070644378663,-822.9070901870728,-8.229070644378663,0.0,822.9070901870728,8.229070644378663,-13.597310066223145,-0.13597264289855993,3.9833688235282896,0.0,0.0,nan,nan,nan,nan,nan,nan,nan,nan,nan,nan,1056,-0.0014833279916260267,0.060603360459208486,1.5398398876190185,0.014130648598074913,0.051144006103277205,0.051144006103277205,0.1998685710132122,0.002288835173386027,0.013828124961582944,0.7745330929756165,1.0,0.009538461538461539,0.0006646153846153846,0,0.75,0.75,0.0
33,108800,-832.5529117584229,-8.325529336929321,-832.5529117584229,-8.325529336929321,0.0,832.5529117584229,8.325529336929321,-23.243131637573242,-0.23243133544921868,4.425935196876526,0.0,0.0,nan,nan,nan,nan,nan,nan,nan,nan,nan,nan,1088,-0.0012478732874850352,0.07956464551389217,1.5363433122634889,0.023902257159352302,0.04236662276089191,0.04236662276089191,0.2294921509921551,0.0030388621598837207,0.028856249712407588,0.7674520015716553,1.0,0.009524038461538462,0.0006635096153846154,0,0.75,0.75,0.0
34,112000,-845.3079786300659,-8.453079509735108,-845.3079786300659,-8.453079509735108,0.0,845.3079786300659,8.453079509735108,-35.99819850921631,-0.3599815082550055,4.045202567577362,0.0,0.0,nan,nan,nan,nan,nan,nan,nan,nan,nan,nan,1120,-0.0013656329390709487,0.06334927789866925,1.533691143989563,0.0157241927459836,0.03807614929974079,0.03807614929974079,0.19763430953025818,0.0023163325196952837,0.01881874986574985,0.7561463117599487,1.0,0.009509615384615385,0.0006624038461538462,0,0.75,0.75,0.0
35,115200,-791.1645259857178,-7.911645550727844,-791.1645259857178,-7.911645550727844,0.0,791.1645259857178,7.911645550727844,18.145254135131836,0.1814524507522588,3.081750569343567,0.0,0.0,nan,nan,nan,nan,nan,nan,nan,nan,nan,nan,1152,-0.0011092198534583986,0.04083839878439903,1.5312993407249451,0.004769997764378786,0.038779624924063685,0.038779624924063685,0.18226963914930822,0.0015135899404419288,0.009046874861815013,0.815945565700531,1.0,0.009495192307692309,0.0006612980769230769,0,0.75,0.75,0.0
36,118400,-861.7105770111084,-8.617106504440308,-861.7105770111084,-8.617106504440308,0.0,861.7105770111084,8.617106504440308,-52.40079689025879,-0.5240085029602053,4.329215006828308,0.0,0.0,nan,nan,nan,nan,nan,nan,nan,nan,nan,nan,1184,-0.001979470823076568,0.07417185753583908,1.5252950072288514,0.020645488519221544,0.06519043147563934,0.06519043147563934,0.21497187316417693,0.0039019129108061796,0.036546875062049365,0.6428157091140747,1.0,0.00948076923076923,0.0006601923076923077,0,0.75,0.75,0.0
37,121600,-802.4850416183472,-8.024850282669068,-802.4850416183472,-8.024850282669068,0.0,802.4850416183472,8.024850282669068,6.824738502502441,0.06824771881103509,4.217008957862854,0.0,0.0,nan,nan,nan,nan,nan,nan,nan,nan,nan,nan,1216,-0.0012330452128431091,0.038701404444873334,1.5331054210662842,0.0036047500558197497,0.03420664556324482,0.03420664556324482,0.18017976582050324,0.0024270551410160656,0.018721874931361526,0.8391609191894531,1.0,0.009466346153846153,0.0006590865384615385,0,0.75,0.75,0.0
38,124800,-838.7663202285767,-8.387663164138793,-838.7663202285767,-8.387663164138793,0.0,838.7663202285767,8.387663164138793,-29.45654010772705,-0.2945651626586905,4.682431268692016,0.0,0.0,nan,nan,nan,nan,nan,nan,nan,nan,nan,nan,1248,-0.001933336286037246,0.06566631831228734,1.5326777219772338,0.016413071285933258,0.049193518608808516,0.049193518608808516,0.2062730871140957,0.002264108376403471,0.017737499767099506,0.7579134702682495,1.0,0.009451923076923077,0.0006579807692307692,0,0.75,0.75,0.0
39,128000,-885.8155860900879,-8.858155727386475,-885.8155860900879,-8.858155727386475,0.0,885.8155860900879,8.858155727386475,-76.50580596923828,-0.765057725906372,4.699055533409119,0.0,0.0,nan,nan,nan,nan,nan,nan,nan,nan,nan,nan,1280,-0.0011727502975730885,0.040269295871257785,1.5445762038230897,0.004384960513561964,0.03422765359282494,0.03422765359282494,0.17097826674580574,0.002197538527980798,0.014303124989965,0.7475265264511108,1.0,0.0094375,0.000656875,0,0.75,0.75,0.0
40,131200,-858.7452230453491,-8.587452230453492,-858.7452230453491,-8.587452230453492,0.0,858.7452230453491,8.587452230453492,-49.43544292449951,-0.4943542289733891,4.276730599403382,0.0,0.0,-810.0697078704834,-8.100697078704833,-810.0697078704834,-8.100697078704833,100.0,4.544230917692184,0.0,0.0,810.0697078704834,-8.323147535324097,1312,-0.0010816292020432883,0.043681538105010985,1.5460940241813659,0.006190176773816347,0.032410108111798765,0.032410108111798765,0.19728525429964067,0.002012386592833231,0.018046875088475644,0.7793378829956055,1.0,0.009423076923076923,0.0006557692307692308,0,0.75,0.75,0.0
41,134400,-768.876072883606,-7.688760533332824,-768.876072883606,-7.688760533332824,0.0,768.876072883606,7.688760533332824,40.43370723724365,0.4043374681472782,3.739763550758362,0.0,0.0,nan,nan,nan,nan,nan,nan,nan,nan,nan,nan,1344,-0.0011743238308117299,0.024570160266011953,1.5542113065719605,-0.003512279503047466,0.038052944093942644,0.038052944093942644,0.15755583308637142,0.00239257429348128,0.014853125292574987,0.8585874438285828,1.0,0.009408653846153846,0.0006546634615384615,0,0.75,0.75,0.0
42,137600,-856.0827598571777,-8.56082769393921,-856.0827598571777,-8.56082769393921,0.0,856.0827598571777,8.56082769393921,-46.772979736328125,-0.4677296924591072,3.800698928833008,0.0,0.0,nan,nan,nan,nan,nan,nan,nan,nan,nan,nan,1376,-0.0013581193426274395,0.03948548026382923,1.5477530121803285,0.0038446726277470587,0.03464882634580135,0.03464882634580135,0.18977283388376237,0.001882731615842783,0.01571562484605238,0.8145699501037598,1.0,0.00939423076923077,0.0006535576923076923,0,0.75,0.75,0.0
43,140800,-813.5791616439819,-8.135791625976562,-813.5791616439819,-8.135791625976562,0.0,813.5791616439819,8.135791625976562,-4.269381523132324,-0.04269362449645975,4.413493733406067,0.0,0.0,nan,nan,nan,nan,nan,nan,nan,nan,nan,nan,1408,-0.0012204272800474315,0.022849020920693873,1.5614416599273682,-0.004441939480602741,0.04107157401740551,0.04107157401740551,0.14920526072382928,0.002169095498903181,0.013593750222935342,0.8974009156227112,1.0,0.009379807692307692,0.000652451923076923,0,0.75,0.75,0.0
44,144000,-897.9100437164307,-8.979100303649902,-897.9100437164307,-8.979100303649902,0.0,897.9100437164307,8.979100303649902,-88.60026359558105,-0.8860023021697998,4.904312119483948,0.0,0.0,nan,nan,nan,nan,nan,nan,nan,nan,nan,nan,1440,-0.0012327991996947674,0.03787476345896721,1.5497816681861878,0.0031902811489999293,0.04606832303106785,0.04606832303106785,0.18567255958914758,0.0024857526921556435,0.016284374694805592,0.8604786396026611,1.0,0.009365384615384616,0.0006513461538461538,0,0.75,0.75,0.0
45,147200,-794.3978414535522,-7.943978548049927,-794.3978414535522,-7.943978548049927,0.0,794.3978414535522,7.943978548049927,14.911938667297363,0.14911945343017585,4.154390864372253,0.0,0.0,nan,nan,nan,nan,nan,nan,nan,nan,nan,nan,1472,-0.001472126977675714,0.027371311001479624,1.547756826877594,-0.0022594853304326533,0.04467336051166058,0.04467336051166058,0.1730617307126522,0.002363370650710461,0.015356249979231507,0.8635272979736328,1.0,0.009350961538461539,0.0006502403846153846,0,0.75,0.75,0.0
46,150400,-861.9317312240601,-8.619317121505738,-861.9317312240601,-8.619317121505738,0.0,861.9317312240601,8.619317121505738,-52.62195110321045,-0.526219120025635,4.101671619415283,0.0,0.0,nan,nan,nan,nan,nan,nan,nan,nan,nan,nan,1504,-0.0008647153516939454,0.03668267037719488,1.5427258491516114,0.003072900325059891,0.0235672852024436,0.0235672852024436,0.18520982190966606,0.001184640525389705,0.003478124969115015,0.7214939594268799,1.0,0.009336538461538462,0.0006491346153846153,0,0.75,0.75,0.0
47,153600,-838.5782785415649,-8.385782508850097,-838.5782785415649,-8.385782508850097,0.0,838.5782785415649,8.385782508850097,-29.268498420715332,-0.2926845073699944,4.69481481552124,0.0,0.0,nan,nan,nan,nan,nan,nan,nan,nan,nan,nan,1536,-0.0010077901043871406,0.02261802591383457,1.535683536529541,-0.004014596156775951,0.035134269297122954,0.035134269297122954,0.1482234366238117,0.0016370584664406947,0.012049999946611933,0.8903674483299255,1.0,0.009322115384615385,0.0006480288461538461,0,0.75,0.75,0.0
48,156800,-882.9999513626099,-8.829999380111694,-882.9999513626099,-8.829999380111694,0.0,882.9999513626099,8.829999380111694,-73.69017124176025,-0.7369013786315914,4.107668743133545,0.0,0.0,nan,nan,nan,nan,nan,nan,nan,nan,nan,nan,1568,-0.000881732629041565,0.016116454266011715,1.5370268821716309,-0.007129679620265961,0.02924449909478426,0.02924449909478426,0.11455143578350543,0.0018139608582720523,0.009643749753013253,0.9094890356063843,1.0,0.009307692307692308,0.0006469230769230769,0,0.75,0.75,0.0
49,160000,-833.9185428619385,-8.339185237884521,-833.9185428619385,-8.339185237884521,0.0,833.9185428619385,8.339185237884521,-24.608762741088867,-0.24608723640441887,4.081115636825562,0.0,0.0,nan,nan,nan,nan,nan,nan,nan,nan,nan,nan,1600,-0.0019850321011151808,0.028372537717223166,1.5422829866409302,-0.002131614461541176,0.0411818515509367,0.0411818515509367,0.18186355680227279,0.0023966121752897994,0.018971874844282866,0.8010035157203674,1.0,0.009293269230769232,0.0006458173076923076,0,0.75,0.75,0.0
50,163200,-859.405556678772,-8.594055528640746,-859.405556678772,-8.594055528640746,0.0,859.405556678772,8.594055528640746,-50.09577655792236,-0.5009575271606437,4.396762328147888,0.0,0.0,nan,nan,nan,nan,nan,nan,nan,nan,nan,nan,1632,-0.0011626764082699026,0.019855358358472585,1.526021420955658,-0.005394715256989003,0.0313081281259656,0.0313081281259656,0.1497689329087734,0.0018344666146737766,0.003821874922141433,0.8110132217407227,1.0,0.009278846153846153,0.0006447115384615384,0,0.75,0.75,0.0
51,166400,-861.5183935165405,-8.61518404006958,-861.5183935165405,-8.61518404006958,0.0,861.5183935165405,8.61518404006958,-52.20861339569092,-0.5220860385894781,4.7313072919845585,0.0,0.0,nan,nan,nan,nan,nan,nan,nan,nan,nan,nan,1664,-0.0011184516937122635,0.02038452969864011,1.5232535481452942,-0.005038252472877503,0.03264757376164198,0.03264757376164198,0.13675751090049743,0.0017675730778143565,0.007574999809367,0.8909440636634827,1.0,0.009264423076923076,0.0006436057692307693,0,0.75,0.75,0.0
52,169600,-895.0049705505371,-8.950049200057983,-895.0049705505371,-8.950049200057983,0.0,895.0049705505371,8.950049200057983,-85.6951904296875,-0.8569511985778799,4.5704466819763185,0.0,0.0,nan,nan,nan,nan,nan,nan,nan,nan,nan,nan,1696,-0.0013058910787339783,0.017968602199107408,1.5264597296714784,-0.006441342364996672,0.03717358522117138,0.03717358522117138,0.13414106369018555,0.002250382659258979,0.01162187498412095,0.8774269819259644,1.0,0.00925,0.0006425,0,0.75,0.75,0.0
53,172800,-865.0909643173218,-8.650909452438354,-865.0909643173218,-8.650909452438354,0.0,865.0909643173218,8.650909452438354,-55.78118419647217,-0.5578114509582512,4.004095766544342,0.0,0.0,nan,nan,nan,nan,nan,nan,nan,nan,nan,nan,1728,-0.0014699118435530067,0.017665331624448298,1.538925564289093,-0.006850111205130816,0.04609060175716877,0.04609060175716877,0.1370336927473545,0.0014892703286029116,0.007015625073108822,0.8434708118438721,1.0,0.009235576923076923,0.0006413942307692308,0,0.75,0.75,0.0
54,176000,-825.4642009735107,-8.254641780853271,-825.4642009735107,-8.254641780853271,0.0,825.4642009735107,8.254641780853271,-16.154420852661133,-0.16154377937316866,4.183234815597534,0.0,0.0,nan,nan,nan,nan,nan,nan,nan,nan,nan,nan,1760,-0.0013000730812316786,0.021083589270710947,1.5472958445549012,-0.00502613210119307,0.03622811883687973,0.03622811883687973,0.13193340599536896,0.002483538106026262,0.016331249778158963,0.7972617149353027,1.0,0.009221153846153846,0.0006402884615384616,0,0.75,0.75,0.0
55,179200,-821.4556245803833,-8.214556169509887,-821.4556245803833,-8.214556169509887,0.0,821.4556245803833,8.214556169509887,-12.145844459533691,-0.12145816802978437,4.2338656187057495,0.0,0.0,nan,nan,nan,nan,nan,nan,nan,nan,nan,nan,1792,-0.0017108471826650096,0.011585291288793088,1.5405403256416321,-0.010101541876792908,0.04995419643819332,0.04995419643819332,0.10743549540638923,0.0030348342559597613,0.022762500523822383,0.9110695123672485,1.0,0.00920673076923077,0.0006391826923076923,0,0.75,0.75,0.0
56,182400,-775.5039510726929,-7.755039463043213,-775.5039510726929,-7.755039463043213,0.0,775.5039510726929,7.755039463043213,33.80582904815674,0.33805853843688993,3.7189960265159607,0.0,0.0,nan,nan,nan,nan,nan,nan,nan,nan,nan,nan,1824,-0.0011979727724741097,0.014483413379639386,1.5329279780387879,-0.00804741121828556,0.03157071005553007,0.03157071005553007,0.12475920096039772,0.0017271616816294812,0.011024999991059303,0.8460367918014526,1.0,0.009192307692307692,0.0006380769230769231,0,0.75,0.75,0.0
57,185600,-851.1678562164307,-8.511678438186646,-851.1678562164307,-8.511678438186646,0.0,851.1678562164307,8.511678438186646,-41.858076095581055,-0.4185804367065433,4.13192343711853,0.0,0.0,nan,nan,nan,nan,nan,nan,nan,nan,nan,nan,1856,-0.0015323341139126256,0.012844955874606967,1.5404472470283508,-0.009247903898358344,0.038237838074564934,0.038237838074564934,0.12672714181244374,0.0027468853557372497,0.0243906247720588,0.8500744700431824,1.0,0.009177884615384616,0.0006369711538461539,0,0.75,0.75,0.0
58,188800,-842.6459999084473,-8.426459760665894,-842.6459999084473,-8.426459760665894,0.0,842.6459999084473,8.426459760665894,-33.336219787597656,-0.3333617591857916,4.308788070678711,0.0,0.0,nan,nan,nan,nan,nan,nan,nan,nan,nan,nan,1888,-0.001350260946387416,0.01037304224446416,1.5302936553955078,-0.010186527064070106,0.03628993537276983,0.03628993537276983,0.11281634420156479,0.0017160983687069648,0.012106250080978497,0.9054181575775146,1.0,0.009163461538461539,0.0006358653846153846,0,0.75,0.75,0.0
59,192000,-761.0923223495483,-7.610923399925232,-761.0923223495483,-7.610923399925232,0.0,761.0923223495483,7.610923399925232,48.21745777130127,0.48217460155487046,3.7390064549446107,0.0,0.0,nan,nan,nan,nan,nan,nan,nan,nan,nan,nan,1920,-0.0016532186297233409,0.01563744405284524,1.52231467962265,-0.00776221202686429,0.03938463442027569,0.03938463442027569,0.12388193719089031,0.002555710239540343,0.02085312482668087,0.8564075231552124,1.0,0.009149038461538462,0.0006347596153846154,0,0.75,0.75,0.0
60,195200,-899.1723213195801,-8.991723279953003,-899.1723213195801,-8.991723279953003,0.0,899.1723213195801,8.991723279953003,-89.86254119873047,-0.8986252784729007,4.655531363487244,0.0,0.0,-956.5654356479645,-9.565654356479644,-956.5654356479645,-9.565654356479644,100.0,4.200330007076263,0.0,0.0,956.5654356479645,-154.81887531280518,1952,-0.0011969484090396775,0.015413422230631113,1.5259856104850769,-0.007429529447108507,0.032829890958964825,0.032829890958964825,0.1196891289204359,0.0014597572488135116,0.00661562493769452,0.8466392755508423,1.0,0.009134615384615385,0.0006336538461538462,0,0.75,0.75,0.0
61,198400,-806.0393400192261,-8.06039363861084,-806.0393400192261,-8.06039363861084,0.0,806.0393400192261,8.06039363861084,3.270440101623535,0.03270436286926248,4.058037972450256,0.0,0.0,nan,nan,nan,nan,nan,nan,nan,nan,nan,nan,1984,-0.0016542447614542155,0.009846457792446018,1.5361827492713929,-0.010741297947242856,0.04448116160929203,0.04448116160929203,0.09874749258160591,0.0022624948040181627,0.01581875025294721,0.9219611287117004,1.0,0.009120192307692308,0.0006325480769230769,0,0.75,0.75,0.0
62,201600,-810.3779306411743,-8.10377963066101,-810.3779306411743,-8.10377963066101,0.0,810.3779306411743,8.10377963066101,-1.068150520324707,-0.010681629180908203,3.861027784347534,0.0,0.0,nan,nan,nan,nan,nan,nan,nan,nan,nan,nan,2016,-0.0013045426767319234,0.01940666316077113,1.5298514723777772,-0.0055316855199635025,0.03737743105739355,0.03737743105739355,0.13737592697143555,0.0026073104279937575,0.022156249851104804,0.7285546064376831,1.0,0.009105769230769232,0.0006314423076923077,0,0.75,0.75,0.0
63,204800,-795.1688375473022,-7.95168848991394,-795.1688375473022,-7.95168848991394,0.0,795.1688375473022,7.95168848991394,14.140942573547363,0.14140951156616222,4.240767869949341,0.0,0.0,nan,nan,nan,nan,nan,nan,nan,nan,nan,nan,2048,-0.0012971888009807974,0.011531321285292506,1.5338386178016663,-0.009476186381652952,0.03148195743560791,0.03148195743560791,0.10764064937829972,0.002044851460960454,0.008887499896809458,0.8473158478736877,1.0,0.009091346153846155,0.0006303365384615385,0,0.75,0.75,0.0
64,208000,-826.9467144012451,-8.269467163085938,-826.9467144012451,-8.269467163085938,0.0,826.9467144012451,8.269467163085938,-17.636934280395508,-0.1763691616058356,4.387145147323609,0.0,0.0,nan,nan,nan,nan,nan,nan,nan,nan,nan,nan,2080,-0.0008910846219805535,0.015556211117655039,1.5277231216430665,-0.006980004440993071,0.031310515478253365,0.031310515478253365,0.11331751458346843,0.0014960139131297047,0.0062937501585111025,0.8293974995613098,1.0,0.009076923076923076,0.0006292307692307692,0,0.75,0.75,0.0
65,211200,-819.8773756027222,-8.198773851394654,-819.8773756027222,-8.198773851394654,0.0,819.8773756027222,8.198773851394654,-10.567595481872559,-0.10567584991455092,4.057571434974671,0.0,0.0,nan,nan,nan,nan,nan,nan,nan,nan,nan,nan,2112,-0.0016346499808598258,0.012784580187872051,1.5267858028411865,-0.009078855719417333,0.0428137194365263,0.0428137194365263,0.10393957011401653,0.0018396205399774472,0.01590000029973453,0.9056462049484253,1.0,0.0090625,0.000628125,0,0.75,0.75,0.0
66,214400,-835.1518592834473,-8.351518535614014,-835.1518592834473,-8.351518535614014,0.0,835.1518592834473,8.351518535614014,-25.842079162597656,-0.2584205341339114,4.056664216518402,0.0,0.0,nan,nan,nan,nan,nan,nan,nan,nan,nan,nan,2144,-0.0011821250143344564,0.01255799257196486,1.5456859469413757,-0.008888614550232887,0.04001524411141873,0.04001524411141873,0.10293131619691849,0.00175705217261633,0.012468749933759682,0.8445037603378296,1.0,0.009048076923076923,0.0006270192307692308,0,0.75,0.75,0.0
67,217600,-855.352536201477,-8.553525037765503,-855.352536201477,-8.553525037765503,0.0,855.352536201477,8.553525037765503,-46.04275608062744,-0.4604270362854006,4.578982682228088,0.0,0.0,nan,nan,nan,nan,nan,nan,nan,nan,nan,nan,2176,-0.0014390133938228188,0.008861047308892011,1.5473594784736633,-0.010986799839884043,0.03893955275416374,0.03893955275416374,0.08488204814493656,0.002299185816082786,0.016378125129267573,0.9015759229660034,1.0,0.009033653846153846,0.0006259134615384615,0,0.75,0.75,0.0
68,220800,-935.1015710830688,-9.351015510559082,-935.1015710830688,-9.351015510559082,0.0,935.1015710830688,9.351015510559082,-125.79179096221924,-1.257917509078979,4.794509139060974,0.0,0.0,nan,nan,nan,nan,nan,nan,nan,nan,nan,nan,2208,-0.0013897475904085966,0.01754071218892932,1.5521421909332276,-0.0066185194533318285,0.03971681259572506,0.03971681259572506,0.13456545434892178,0.002132489681390021,0.014196875166817335,0.7648255825042725,1.0,0.009019230769230769,0.0006248076923076923,0,0.75,0.75,0.0
69,224000,-809.7349605560303,-8.097349452972413,-809.7349605560303,-8.097349452972413,0.0,809.7349605560303,8.097349452972413,-0.42518043518066406,-0.00425145149231021,4.33498975276947,0.0,0.0,nan,nan,nan,nan,nan,nan,nan,nan,nan,nan,2240,-0.0016171333104604945,0.01334451949223876,1.5524571776390075,-0.00892445258796215,0.04859748929738998,0.04859748929738998,0.1116418145596981,0.0028131989260152513,0.02294687496032566,0.8917529582977295,1.0,0.009004807692307692,0.0006237019230769231,0,0.75,0.75,0.0
70,227200,-860.026328086853,-8.600263118743896,-860.026328086853,-8.600263118743896,0.0,860.026328086853,8.600263118743896,-50.71654796600342,-0.5071651172637939,4.524303827285767,0.0,0.0,nan,nan,nan,nan,nan,nan,nan,nan,nan,nan,2272,-0.00198511509245729,0.014605303853750229,1.5580418348312377,-0.008689858531579376,0.05289070792496205,0.05289070792496205,0.10249072164297104,0.0029239937481185586,0.021478125010617077,0.8244875073432922,1.0,0.008990384615384615,0.0006225961538461538,0,0.75,0.75,0.0
71,230400,-876.9234952926636,-8.769234933853149,-876.9234952926636,-8.769234933853149,0.0,876.9234952926636,8.769234933853149,-67.61371517181396,-0.676136932373046,4.765190758705139,0.0,0.0,nan,nan,nan,nan,nan,nan,nan,nan,nan,nan,2304,-0.0015427009230362999,0.014221747359260916,1.5660592079162599,-0.008488713949918746,0.04308098666369915,0.04308098666369915,0.10187684334814548,0.002554159271676888,0.01907499969784112,0.8404368162155151,1.0,0.008975961538461539,0.0006214903846153846,0,0.75,0.75,0.0
72,233600,-785.2992115020752,-7.8529923009872435,-785.2992115020752,-7.8529923009872435,0.0,785.2992115020752,7.8529923009872435,24.010568618774414,0.24010570049285906,4.083781433105469,0.0,0.0,nan,nan,nan,nan,nan,nan,nan,nan,nan,nan,2336,-0.001210363048443064,0.011816180264577269,1.559240984916687,-0.009275471465662122,0.03048967644572258,0.03048967644572258,0.1101367600262165,0.0019526471623982646,0.01073437521699816,0.8910550475120544,1.0,0.008961538461538462,0.0006203846153846154,0,0.75,0.75,0.0
73,236800,-799.0241384506226,-7.990240955352784,-799.0241384506226,-7.990240955352784,0.0,799.0241384506226,7.990240955352784,10.28564167022705,0.10285704612731905,3.998123140335083,0.0,0.0,nan,nan,nan,nan,nan,nan,nan,nan,nan,nan,2368,-0.001662825306796023,0.009692878741770983,1.5559770584106445,-0.01073789233341813,0.04266642145812512,0.04266642145812512,0.08775733932852745,0.0016664532224246495,0.008809374994598329,0.893513023853302,1.0,0.008947115384615385,0.0006192788461538461,0,0.75,0.75,0.0
74,240000,-817.4760141372681,-8.174760046005249,-817.4760141372681,-8.174760046005249,0.0,817.4760141372681,8.174760046005249,-8.166234016418457,-0.08166204452514592,4.287367105484009,0.0,0.0,nan,nan,nan,nan,nan,nan,nan,nan,nan,nan,2400,-0.00144342364778276,0.010312161780893803,1.5499154210090638,-0.010132259828969837,0.037274236977100375,0.037274236977100375,0.09039250686764717,0.0027730169662396947,0.01666875012451783,0.8074252605438232,1.0,0.008932692307692308,0.0006181730769230769,0,0.75,0.75,0.0
75,243200,-835.4827394485474,-8.35482696533203,-835.4827394485474,-8.35482696533203,0.0,835.4827394485474,8.35482696533203,-26.172959327697754,-0.2617289638519278,4.47838222026825,0.0,0.0,nan,nan,nan,nan,nan,nan,nan,nan,nan,nan,2432,-0.001358079521171751,0.009501550858840347,1.5472715377807618,-0.01040628864429891,0.033920769765973094,0.033920769765973094,0.08776138126850128,0.0015192320235661936,0.008000000237370842,0.8721438646316528,1.0,0.008918269230769231,0.0006170673076923077,0,0.75,0.75,0.0
76,246400,-803.7900247573853,-8.037900433540344,-803.7900247573853,-8.037900433540344,0.0,803.7900247573853,8.037900433540344,5.5197553634643555,0.05519756793975894,3.9617187571525574,0.0,0.0,nan,nan,nan,nan,nan,nan,nan,nan,nan,nan,2464,-0.0010753897564486081,0.013239771593362093,1.5378339290618896,-0.008148140599951148,0.044989452511072156,0.044989452511072156,0.10212415605783462,0.0022956944740150833,0.013728125049965456,0.8273685574531555,1.0,0.008903846153846155,0.0006159615384615384,0,0.75,0.75,0.0
77,249600,-839.988356590271,-8.399883632659913,-839.988356590271,-8.399883632659913,0.0,839.988356590271,8.399883632659913,-30.678576469421387,-0.3067856311798103,4.324205641746521,0.0,0.0,nan,nan,nan,nan,nan,nan,nan,nan,nan,nan,2496,-0.0014925778214586849,0.01204225025139749,1.5498286485671997,-0.009248534683138132,0.04674879461526871,0.04674879461526871,0.0981458354741335,0.0031045925738005307,0.02662812462076545,0.8297160863876343,1.0,0.008889423076923076,0.0006148557692307692,0,0.75,0.75,0.0
78,252800,-911.4709663391113,-9.114709310531616,-911.4709663391113,-9.114709310531616,0.0,911.4709663391113,9.114709310531616,-102.16118621826172,-1.0216113090515133,4.9070313358306885,0.0,0.0,nan,nan,nan,nan,nan,nan,nan,nan,nan,nan,2528,-0.001756793323229111,0.015357595402747393,1.5579419612884522,-0.007904731016606093,0.04415388964116573,0.04415388964116573,0.09571430459618568,0.003059655279503799,0.018387500091921537,0.7454259991645813,1.0,0.008875000000000001,0.00061375,0,0.75,0.75,0.0
79,256000,-859.914740562439,-8.59914761543274,-859.914740562439,-8.59914761543274,0.0,859.914740562439,8.59914761543274,-50.604960441589355,-0.5060496139526371,4.437510080337525,0.0,0.0,nan,nan,nan,nan,nan,nan,nan,nan,nan,nan,2560,-0.0009955456721247203,0.015345946606248616,1.548362708091736,-0.007041959557682276,0.03174030315130949,0.03174030315130949,0.09717440754175186,0.0011998564128595673,0.004981249955017119,0.7593369483947754,1.0,0.008860576923076922,0.0006126442307692307,0,0.75,0.75,0.0
80,259200,-949.2938652038574,-9.492938251495362,-949.2938652038574,-9.492938251495362,0.0,949.2938652038574,9.492938251495362,-139.9840850830078,-1.3998402500152594,4.557896771430969,0.0,0.0,-924.7627437114716,-9.247627437114716,-924.7627437114716,-9.247627437114716,100.0,5.101410432010889,0.0,0.0,924.7627437114716,-123.01618337631226,2592,-0.0013598552650888496,0.011789749283343554,1.552979588508606,-0.009202876361086965,0.03637794479727745,0.03637794479727745,0.08739207349717618,0.002071280633027241,0.011037500252132303,0.8512762784957886,1.0,0.008846153846153846,0.0006115384615384615,0,0.75,0.75,0.0
81,262400,-804.2137928009033,-8.042137894630432,-804.2137928009033,-8.042137894630432,0.0,804.2137928009033,8.042137894630432,5.095987319946289,0.05096010684967034,3.91761412858963,0.0,0.0,nan,nan,nan,nan,nan,nan,nan,nan,nan,nan,2624,-0.0015122913374798319,0.009236795734614134,1.5505196690559386,-0.010587666183710098,0.03493333216756582,0.03493333216756582,0.08249833211302757,0.0018096753041397045,0.008265625103376806,0.8164405822753906,1.0,0.008831730769230769,0.0006104326923076922,0,0.75,0.75,0.0
82,265600,-817.6744785308838,-8.176744565963745,-817.6744785308838,-8.176744565963745,0.0,817.6744785308838,8.176744565963745,-8.36469841003418,-0.08364656448364194,3.7032475066184998,0.0,0.0,nan,nan,nan,nan,nan,nan,nan,nan,nan,nan,2656,-0.0015042202840733765,0.011469209333881736,1.5385855317115784,-0.009335797606036067,0.042795846983790395,0.042795846983790395,0.09252015203237533,0.0018558193140058334,0.0092531249509193,0.7998993396759033,1.0,0.008817307692307692,0.000609326923076923,0,0.75,0.75,0.0
83,268800,-774.0408535003662,-7.740408272743225,-774.0408535003662,-7.740408272743225,0.0,774.0408535003662,7.740408272743225,35.2689266204834,0.35268972873687776,4.131113801002503,0.0,0.0,nan,nan,nan,nan,nan,nan,nan,nan,nan,nan,2688,-0.001463257314125066,0.007179202977567911,1.5394570469856261,-0.011425318010151387,0.033086798153817654,0.033086798153817654,0.0698408029973507,0.0020642930292530956,0.012465624907054006,0.9224738478660583,1.0,0.008802884615384615,0.0006082211538461539,0,0.75,0.75,0.0
84,272000,-875.887713432312,-8.758877410888672,-875.887713432312,-8.758877410888672,0.0,875.887713432312,8.758877410888672,-66.5779333114624,-0.6657794094085698,4.2431965255737305,0.0,0.0,nan,nan,nan,nan,nan,nan,nan,nan,nan,nan,2720,-0.001748153326334423,0.012701300298795104,1.5240503907203675,-0.008791561797261238,0.046000796183943746,0.046000796183943746,0.08919081687927247,0.002723537247584966,0.021681249514222144,0.8514056205749512,1.0,0.008788461538461538,0.0006071153846153847,0,0.75,0.75,0.0
85,275200,-824.1306667327881,-8.241306705474853,-824.1306667327881,-8.241306705474853,0.0,824.1306667327881,8.241306705474853,-14.820886611938477,-0.14820870399475083,4.182483777999878,0.0,0.0,nan,nan,nan,nan,nan,nan,nan,nan,nan,nan,2752,-0.0012663133937108385,0.008889268897473813,1.5267187356948853,-0.01021716776303947,0.03782807365059852,0.03782807365059852,0.0812134649604559,0.0023047466078431156,0.0123812500591157,0.842280387878418,1.0,0.008774038461538462,0.0006060096153846154,0,0.75,0.75,0.0
86,278400,-941.2241926193237,-9.412241926193238,-941.2241926193237,-9.412241926193238,0.0,941.2241926193237,9.412241926193238,-131.91441249847412,-1.319143924713135,5.392541255950928,0.0,0.0,nan,nan,nan,nan,nan,nan,nan,nan,nan,nan,2784,-0.0008832102206171478,0.013325474224984646,1.5271051287651063,-0.007597326254472137,0.039355923607945445,0.039355923607945445,0.0942931305617094,0.0012860224705953406,0.007287499959056731,0.8394581079483032,1.0,0.008759615384615385,0.0006049038461538462,0,0.75,0.75,0.0
87,281600,-772.545446395874,-7.72545434474945,-772.545446395874,-7.72545434474945,0.0,772.545446395874,7.72545434474945,36.764333724975586,0.36764365673065225,4.015314836502075,0.0,0.0,nan,nan,nan,nan,nan,nan,nan,nan,nan,nan,2816,-0.0014906202518730539,0.009800893254578114,1.5109606742858888,-0.009803815744817257,0.04237583726644516,0.04237583726644516,0.0740752000361681,0.002965902760480075,0.021293749757751355,0.8520230650901794,1.0,0.008745192307692308,0.0006037980769230769,0,0.75,0.75,0.0
88,284800,-948.1056442260742,-9.481056413650514,-948.1056442260742,-9.481056413650514,0.0,948.1056442260742,9.481056413650514,-138.7958641052246,-1.387958412170411,5.242571377754212,0.0,0.0,nan,nan,nan,nan,nan,nan,nan,nan,nan,nan,2848,-0.0012494537110207204,0.011476179305464029,1.494559121131897,-0.008560014842078089,0.036501113511621955,0.036501113511621955,0.09341827034950256,0.0020822425678496347,0.006190625042654574,0.8264780640602112,1.0,0.008730769230769231,0.0006026923076923077,0,0.75,0.75,0.0
89,288000,-853.9433975219727,-8.539434051513672,-853.9433975219727,-8.539434051513672,0.0,853.9433975219727,8.539434051513672,-44.63361740112305,-0.4463360500335689,4.628857841491699,0.0,0.0,nan,nan,nan,nan,nan,nan,nan,nan,nan,nan,2880,-0.0011443747330937004,0.01422280604019761,1.510564887523651,-0.007199577428400517,0.03822170943021774,0.03822170943021774,0.09201898947358131,0.0015841333646684178,0.007040625062654726,0.8199361562728882,1.0,0.008716346153846154,0.0006015865384615385,0,0.75,0.75,0.0
90,291200,-757.078254699707,-7.57078275680542,-757.078254699707,-7.57078275680542,0.0,757.078254699707,7.57078275680542,52.23152542114258,0.522315244674683,3.5473317909240722,0.0,0.0,nan,nan,nan,nan,nan,nan,nan,nan,nan,nan,2912,-0.0009619429467537799,0.008103028312325478,1.4931077122688294,-0.009903337620198727,0.02390917018055916,0.02390917018055916,0.07234044075012207,0.0015568912218448775,0.007449999917298555,0.8889167308807373,1.0,0.008701923076923078,0.0006004807692307693,0,0.75,0.75,0.0
91,294400,-821.8153123855591,-8.218153324127197,-821.8153123855591,-8.218153324127197,0.0,821.8153123855591,8.218153324127197,-12.505532264709473,-0.1250553226470945,4.270287709236145,0.0,0.0,nan,nan,nan,nan,nan,nan,nan,nan,nan,nan,2944,-0.001233584217657313,0.01036107148975134,1.5002784848213195,-0.009086717665195466,0.0356697078794241,0.0356697078794241,0.07820167392492294,0.0011731452676038282,0.0033281250507570803,0.8032740354537964,1.0,0.0086875,0.000599375,0,0.75,0.75,0.0
92,297600,-885.8397378921509,-8.858397808074951,-885.8397378921509,-8.858397808074951,0.0,885.8397378921509,8.858397808074951,-76.52995777130127,-0.7652998065948484,3.7700226974487303,0.0,0.0,nan,nan,nan,nan,nan,nan,nan,nan,nan,nan,2976,-0.0018275305155897926,0.017266278713941575,1.5146841406822205,-0.0063313625287264585,0.05778110548853874,0.05778110548853874,0.10415070950984955,0.0036846724018694604,0.032278124416916396,0.7140231132507324,1.0,0.008673076923076922,0.0005982692307692308,0,0.75,0.75,0.0
93,300800,-860.7529058456421,-8.607528944015503,-860.7529058456421,-8.607528944015503,0.0,860.7529058456421,8.607528944015503,-51.44312572479248,-0.5144309425353999,4.3791761302948,0.0,0.0,nan,nan,nan,nan,nan,nan,nan,nan,nan,nan,3008,-0.0013081512433127606,0.012553726509213447,1.5248954057693482,-0.008234829921275378,0.0353941909968853,0.0353941909968853,0.08994112685322761,0.0015286174471845916,0.010306250012945384,0.7979215383529663,1.0,0.008658653846153847,0.0005971634615384616,0,0.75,0.75,0.0
94,304000,-829.1312398910522,-8.291312580108643,-829.1312398910522,-8.291312580108643,0.0,829.1312398910522,8.291312580108643,-19.821459770202637,-0.19821457862854075,3.702491674423218,0.0,0.0,nan,nan,nan,nan,nan,nan,nan,nan,nan,nan,3040,-0.0006863043511985189,0.011365738930180669,1.5254868984222412,-0.008190095471218229,0.023722037486732007,0.023722037486732007,0.08135248832404614,0.0009554159740225637,0.005756250046397326,0.8366209268569946,1.0,0.008644230769230769,0.0005960576923076923,0,0.75,0.75,0.0
95,307200,-805.5906076431274,-8.055906224250794,-805.5906076431274,-8.055906224250794,0.0,805.5906076431274,8.055906224250794,3.719172477722168,0.03719177722930844,4.101985709667206,0.0,0.0,nan,nan,nan,nan,nan,nan,nan,nan,nan,nan,3072,-0.0012879314886754755,0.011011344892904163,1.5321454882621766,-0.009004379389807582,0.035873237438499926,0.035873237438499926,0.07078498490154743,0.0017565752998059347,0.00843437488656491,0.7781169414520264,1.0,0.008629807692307692,0.0005949519230769231,0,0.75,0.75,0.0
96,310400,-795.6972799301147,-7.956972827911377,-795.6972799301147,-7.956972827911377,0.0,795.6972799301147,7.956972827911377,13.612500190734863,0.13612517356872544,4.148100051879883,0.0,0.0,nan,nan,nan,nan,nan,nan,nan,nan,nan,nan,3104,-0.0008412271062377741,0.011315292865037917,1.5498006105422975,-0.008535709278658033,0.03859105128794908,0.03859105128794908,0.07648113109171391,0.0016669520377041937,0.008749999990686774,0.838384747505188,1.0,0.008615384615384615,0.0005938461538461538,0,0.75,0.75,0.0
97,313600,-892.5974493026733,-8.92597451210022,-892.5974493026733,-8.92597451210022,0.0,892.5974493026733,8.92597451210022,-83.28766918182373,-0.8328765106201175,5.251973261833191,0.0,0.0,nan,nan,nan,nan,nan,nan,nan,nan,nan,nan,3136,-0.0015411244262009904,0.013634155318140984,1.5606971025466918,-0.008147542225196957,0.03753664828836918,0.03753664828836918,0.0876367662101984,0.0016004945113314863,0.010934375016950071,0.7377459406852722,1.0,0.008600961538461538,0.0005927403846153846,0,0.75,0.75,0.0
98,316800,-824.5830183029175,-8.245830631256103,-824.5830183029175,-8.245830631256103,0.0,824.5830183029175,8.245830631256103,-15.273238182067871,-0.15273262977600055,4.334043164253234,0.0,0.0,nan,nan,nan,nan,nan,nan,nan,nan,nan,nan,3168,-0.0010417452950379769,0.008902759803459049,1.5523102402687072,-0.009919336112216116,0.030515246279537677,0.030515246279537677,0.06649291627109051,0.0014042273896854181,0.005162499989091884,0.7710000276565552,1.0,0.008586538461538461,0.0005916346153846154,0,0.75,0.75,0.0
99,320000,-786.5208568572998,-7.865208492279053,-786.5208568572998,-7.865208492279053,0.0,786.5208568572998,7.865208492279053,22.788923263549805,0.22788950920104956,4.087240023612976,0.0,0.0,nan,nan,nan,nan,nan,nan,nan,nan,nan,nan,3200,-0.0011605926047602467,0.01854512756690383,1.5541078329086304,-0.0052100206725299355,0.03530956096947193,0.03530956096947193,0.08992906436324119,0.001366588525343701,0.006249999953433871,0.7473254203796387,1.0,0.008572115384615385,0.0005905288461538462,0,0.75,0.75,0.0
100,323200,-847.915337562561,-8.47915322303772,-847.915337562561,-8.47915322303772,0.0,847.915337562561,8.47915322303772,-38.605557441711426,-0.3860552215576174,4.256236853599549,0.0,0.0,-872.2896194458008,-8.722896194458007,-872.2896194458008,-8.722896194458007,100.0,3.682142236381769,0.0,0.0,872.2896194458008,-70.54305911064148,3232,-0.001083049448662532,0.011362227657809854,1.5482887983322144,-0.008651714585721493,0.04566582441329956,0.04566582441329956,0.07557028606534004,0.001856462162687128,0.010459375235950575,0.7400692701339722,1.0,0.008557692307692308,0.0005894230769230769,0,0.75,0.75,0.0
101,326400,-819.3586463928223,-8.193586339950562,-819.3586463928223,-8.193586339950562,0.0,819.3586463928223,8.193586339950562,-10.048866271972656,-0.10048833847045913,3.5716273546218873,0.0,0.0,nan,nan,nan,nan,nan,nan,nan,nan,nan,nan,3264,-0.0011184782728902109,0.009357599215582013,1.5440926551818848,-0.00963127720169723,0.0386981463059783,0.0386981463059783,0.06263494044542313,0.0019414041242277135,0.011240624985657633,0.7987097501754761,1.0,0.008543269230769231,0.0005883173076923077,0,0.75,0.75,0.0
102,329600,-811.8198013305664,-8.118197946548461,-811.8198013305664,-8.118197946548461,0.0,811.8198013305664,8.118197946548461,-2.510021209716797,-0.025099945068358664,4.603295617103576,0.0,0.0,nan,nan,nan,nan,nan,nan,nan,nan,nan,nan,3296,-0.0006929463074149655,0.011578042013570666,1.5489304304122924,-0.008114514872431755,0.031074235774576665,0.031074235774576665,0.07627614587545395,0.001273972206036569,0.0047562499003106495,0.7147251963615417,1.0,0.008528846153846154,0.0005872115384615384,0,0.75,0.75,0.0
103,332800,-853.5421667098999,-8.535421371459961,-853.5421667098999,-8.535421371459961,0.0,853.5421667098999,8.535421371459961,-44.23238658905029,-0.4423233699798583,3.7967359256744384,0.0,0.0,nan,nan,nan,nan,nan,nan,nan,nan,nan,nan,3328,-0.001070692735287615,0.018628225568681954,1.5554625988006592,-0.005000446364283562,0.05108262151479721,0.05108262151479721,0.09070650190114975,0.0018707418941637014,0.0095343750086613,0.5727073550224304,1.0,0.008514423076923077,0.0005861057692307692,0,0.75,0.75,0.0
104,336000,-805.3892087936401,-8.053892421722413,-805.3892087936401,-8.053892421722413,0.0,805.3892087936401,8.053892421722413,3.9205713272094727,0.03920557975768979,3.4410742354393005,0.0,0.0,nan,nan,nan,nan,nan,nan,nan,nan,nan,nan,3360,-0.0012678618615812986,0.011445668991655111,1.5623241186141967,-0.008824783097952604,0.039623988419771196,0.039623988419771196,0.07915440499782563,0.0017807273834484195,0.009884374978719279,0.7163727283477783,1.0,0.0085,0.000585,0,0.75,0.75,0.0
105,339200,-825.553032875061,-8.255530319213868,-825.553032875061,-8.255530319213868,0.0,825.553032875061,8.255530319213868,-16.243252754211426,-0.16243231773376543,4.379754204750061,0.0,0.0,nan,nan,nan,nan,nan,nan,nan,nan,nan,nan,3392,-0.0009882654621556687,0.014330405369400978,1.559294879436493,-0.007054579397663474,0.03640729784965515,0.03640729784965515,0.08194368928670884,0.002208433482156235,0.00919374986551702,0.7175928950309753,1.0,0.008485576923076922,0.0005838942307692307,0,0.75,0.75,0.0
106,342400,-820.4816236495972,-8.204816389083863,-820.4816236495972,-8.204816389083863,0.0,820.4816236495972,8.204816389083863,-11.171843528747559,-0.1117183876037604,4.124484992027282,0.0,0.0,nan,nan,nan,nan,nan,nan,nan,nan,nan,nan,3424,-0.0011234456405625703,0.007126241596415639,1.5630408644676208,-0.010801084246486426,0.040984227508306506,0.040984227508306506,0.05730264261364937,0.0023729619922966544,0.014659374783514067,0.8989961743354797,1.0,0.008471153846153847,0.0005827884615384615,0,0.75,0.75,0.0
107,345600,-813.2770528793335,-8.132770795822143,-813.2770528793335,-8.132770795822143,0.0,813.2770528793335,8.132770795822143,-3.9672727584838867,-0.03967279434204052,4.14311674118042,0.0,0.0,nan,nan,nan,nan,nan,nan,nan,nan,nan,nan,3456,-0.001363080761488522,0.013669933937489987,1.556850254535675,-0.0076939780730754135,0.03702959045767784,0.03702959045767784,0.0779617816209793,0.0017223226514039701,0.008525000070221722,0.8004131317138672,1.0,0.008456730769230768,0.0005816826923076923,0,0.75,0.75,0.0
108,348800,-747.7951765060425,-7.477951564788818,-747.7951765060425,-7.477951564788818,0.0,747.7951765060425,7.477951564788818,61.51460361480713,0.6151464366912842,3.51523001909256,0.0,0.0,nan,nan,nan,nan,nan,nan,nan,nan,nan,nan,3488,-0.0010539945588504906,0.011224685376510024,1.552403199672699,-0.008547517657279968,0.03366550114005804,0.03366550114005804,0.06082843653857708,0.001692612849729523,0.0057531249825842675,0.8144145011901855,1.0,0.008442307692307692,0.000580576923076923,0,0.75,0.75,0.0
109,352000,-814.590313911438,-8.145903024673462,-814.590313911438,-8.145903024673462,0.0,814.590313911438,8.145903024673462,-5.280533790588379,-0.052805023193359446,3.4837710809707643,0.0,0.0,nan,nan,nan,nan,nan,nan,nan,nan,nan,nan,3520,-0.0015277196511276792,0.012413329072296619,1.5516390681266785,-0.008398089790716767,0.0431701373308897,0.0431701373308897,0.07278306595981121,0.002550804431667211,0.016312500066123902,0.7017152309417725,1.0,0.008427884615384615,0.0005794711538461538,0,0.75,0.75,0.0
110,355200,-805.3927230834961,-8.053927211761474,-805.3927230834961,-8.053927211761474,0.0,805.3927230834961,8.053927211761474,3.9170570373535156,0.03917078971862864,3.6103683042526247,0.0,0.0,nan,nan,nan,nan,nan,nan,nan,nan,nan,nan,3552,-0.001305438893329125,0.007752318121492863,1.5391010284423827,-0.010378447873517872,0.04008826538920403,0.04008826538920403,0.05694561712443828,0.0024306959887332802,0.01599687512498349,0.8452661037445068,1.0,0.008413461538461538,0.0005783653846153846,0,0.75,0.75,0.0
111,358400,-857.8720846176147,-8.578720922470092,-857.8720846176147,-8.578720922470092,0.0,857.8720846176147,8.578720922470092,-48.56230449676514,-0.4856229209899894,4.8803526353836055,0.0,0.0,nan,nan,nan,nan,nan,nan,nan,nan,nan,nan,3584,-0.0017142442703596216,0.012296617729589343,1.5374050617218018,-0.008478659810498357,0.04666517041623593,0.04666517041623593,0.07229718156158924,0.002368585584918712,0.016978124901652337,0.7025460004806519,1.0,0.008399038461538461,0.0005772596153846153,0,0.75,0.75,0.0
112,361600,-761.5915403366089,-7.615915579795837,-761.5915403366089,-7.615915579795837,0.0,761.5915403366089,7.615915579795837,47.71823978424072,0.4771824216842653,3.3170038986206056,0.0,0.0,nan,nan,nan,nan,nan,nan,nan,nan,nan,nan,3616,-0.0012352159746864544,0.012062000669538974,1.5361881732940674,-0.008084562188014389,0.04547304697334766,0.04547304697334766,0.07008640617132186,0.0021316109145124947,0.013534374767914414,0.793366551399231,1.0,0.008384615384615384,0.0005761538461538461,0,0.75,0.75,0.0
113,364800,-791.3702754974365,-7.91370276927948,-791.3702754974365,-7.91370276927948,0.0,791.3702754974365,7.91370276927948,17.939504623413086,0.1793952322006227,4.726676378250122,0.0,0.0,nan,nan,nan,nan,nan,nan,nan,nan,nan,nan,3648,-0.0012581113786611197,0.008272812282666565,1.5450562596321107,-0.010054123867303134,0.03675183318555355,0.03675183318555355,0.05610247440636158,0.0018423311928934098,0.0059156251372769475,0.8756021857261658,1.0,0.008370192307692308,0.0005750480769230769,0,0.75,0.75,0.0
114,368000,-764.7882299423218,-7.6478821611404415,-764.7882299423218,-7.6478821611404415,0.0,764.7882299423218,7.6478821611404415,44.52155017852783,0.4452158403396611,3.7704671025276184,0.0,0.0,nan,nan,nan,nan,nan,nan,nan,nan,nan,nan,3680,-0.0016983224172959944,0.012236536387354136,1.5480672001838685,-0.008515346515923738,0.042377413064241407,0.042377413064241407,0.06649456173181534,0.0027687264082494204,0.0197250000317581,0.7931226491928101,1.0,0.00835576923076923,0.0005739423076923076,0,0.75,0.75,0.0
115,371200,-946.6695127487183,-9.466694879531861,-946.6695127487183,-9.466694879531861,0.0,946.6695127487183,9.466694879531861,-137.35973262786865,-1.3735968780517585,5.213950786590576,0.0,0.0,nan,nan,nan,nan,nan,nan,nan,nan,nan,nan,3712,-0.0015280654856352882,0.017236888688057662,1.5533752918243409,-0.005866861855611205,0.04359802231192589,0.04359802231192589,0.07523606717586517,0.0027844303836907004,0.023699999856762587,0.6954858303070068,1.0,0.008341346153846154,0.0005728365384615384,0,0.75,0.75,0.0
116,374400,-826.8013095855713,-8.26801266670227,-826.8013095855713,-8.26801266670227,0.0,826.8013095855713,8.26801266670227,-17.49152946472168,-0.17491466522216825,4.263945627212524,0.0,0.0,nan,nan,nan,nan,nan,nan,nan,nan,nan,nan,3744,-0.0019869727508164737,0.013616594951599836,1.5562960743904113,-0.008137833653017878,0.05025616250932217,0.05025616250932217,0.07464795261621475,0.002279048571654791,0.01571562497410923,0.7373230457305908,1.0,0.008326923076923077,0.0005717307692307693,0,0.75,0.75,0.0
117,377600,-872.6396894454956,-8.726397247314454,-872.6396894454956,-8.726397247314454,0.0,872.6396894454956,8.726397247314454,-63.329909324645996,-0.6332992458343512,3.949299063682556,0.0,0.0,nan,nan,nan,nan,nan,nan,nan,nan,nan,nan,3776,-0.0013325531735957964,0.009723816160112619,1.557041049003601,-0.009413549024611712,0.032771147415041925,0.032771147415041925,0.06043729744851589,0.0010394459619426275,0.004459374920406845,0.6940925121307373,1.0,0.0083125,0.000570625,0,0.75,0.75,0.0
118,380800,-831.8515424728394,-8.318515653610229,-831.8515424728394,-8.318515653610229,0.0,831.8515424728394,8.318515653610229,-22.541762351989746,-0.2254176521301261,3.5303209900856016,0.0,0.0,nan,nan,nan,nan,nan,nan,nan,nan,nan,nan,3808,-0.0010726349464373897,0.01149958986788988,1.554389977455139,-0.008221287420019508,0.03526965882629156,0.03526965882629156,0.05885366685688496,0.0011480170254805524,0.004731249954420491,0.8117666244506836,1.0,0.008298076923076924,0.0005695192307692308,0,0.75,0.75,0.0
119,384000,-817.899263381958,-8.178992319107056,-817.899263381958,-8.178992319107056,0.0,817.899263381958,8.178992319107056,-8.589483261108398,-0.08589431762695376,3.9803861808776855,0.0,0.0,nan,nan,nan,nan,nan,nan,nan,nan,nan,nan,3840,-0.000751586977248353,0.008553271414712071,1.5554394602775574,-0.009359673922881484,0.0250643877312541,0.0250643877312541,0.05079671591520309,0.0011984608652716804,0.0024906250266212735,0.7717353701591492,1.0,0.008283653846153847,0.0005684134615384616,0,0.75,0.75,0.0
120,387200,-772.4797611236572,-7.724797658920288,-772.4797611236572,-7.724797658920288,0.0,772.4797611236572,7.724797658920288,36.83001899719238,0.3683003425598148,3.7423964524269104,0.0,0.0,-869.8132843971252,-8.698132843971253,-869.8132843971252,-8.698132843971253,100.0,4.681320934444666,0.0,0.0,869.8132843971252,-68.06672406196594,3872,-0.001669092124619098,0.009748110454529524,1.551625657081604,-0.009625787613913417,0.04192830603569746,0.04192830603569746,0.06048588156700134,0.0026659942821431392,0.01474374967510812,0.8226834535598755,1.0,0.008269230769230768,0.0005673076923076923,0,0.75,0.75,0.0
121,390400,-829.8718795776367,-8.298718900680543,-829.8718795776367,-8.298718900680543,0.0,829.8718795776367,8.298718900680543,-20.56209945678711,-0.20562089920044002,4.241777801513672,0.0,0.0,nan,nan,nan,nan,nan,nan,nan,nan,nan,nan,3904,-0.0011494520393782182,0.010380048397928476,1.541417932510376,-0.008683535968884826,0.03130550589412451,0.03130550589412451,0.05438742153346539,0.0015708802802698936,0.009659374947659671,0.8047025203704834,1.0,0.008254807692307693,0.0005662019230769231,0,0.75,0.75,0.0
122,393600,-781.9419441223145,-7.819419355392456,-781.9419441223145,-7.819419355392456,0.0,781.9419441223145,7.819419355392456,27.367835998535156,0.2736786460876468,4.013081636428833,0.0,0.0,nan,nan,nan,nan,nan,nan,nan,nan,nan,nan,3936,-0.0014342967436357767,0.011308894399553538,1.5309063076972962,-0.008395106950774788,0.034411768056452276,0.034411768056452276,0.06044536978006363,0.0015175786287734915,0.006634374905843288,0.8063690662384033,1.0,0.008240384615384615,0.0005650961538461539,0,0.75,0.75,0.0
123,396800,-847.3567810058594,-8.473567724227905,-847.3567810058594,-8.473567724227905,0.0,847.3567810058594,8.473567724227905,-38.047000885009766,-0.38046972274780266,4.671850690841675,0.0,0.0,nan,nan,nan,nan,nan,nan,nan,nan,nan,nan,3968,-0.001421558898850339,0.012811996694654226,1.507223093509674,-0.007413919642567634,0.03899611085653305,0.03899611085653305,0.07098100632429123,0.00251750799652736,0.014093749939638656,0.7338552474975586,1.0,0.008225961538461538,0.0005639903846153846,0,0.75,0.75,0.0
124,400000,-922.2246522903442,-9.222246112823486,-922.2246522903442,-9.222246112823486,0.0,922.2246522903442,9.222246112823486,-112.91487216949463,-1.1291481113433832,4.286791696548462,0.0,0.0,nan,nan,nan,nan,nan,nan,nan,nan,nan,nan,4000,-0.0015179163575987308,0.01852576555684209,1.501888394355774,-0.004587847273796797,0.044884161464869975,0.044884161464869975,0.07946992106735706,0.0018082693539335699,0.013106249860720709,0.7071595191955566,1.0,0.008211538461538461,0.0005628846153846154,0,0.75,0.75,0.0
125,403200,-884.0159864425659,-8.840159940719605,-884.0159864425659,-8.840159940719605,0.0,884.0159864425659,8.840159940719605,-74.70620632171631,-0.7470619392395026,4.683024797439575,0.0,0.0,nan,nan,nan,nan,nan,nan,nan,nan,nan,nan,4032,-0.0015333801219588495,0.010938545642420649,1.4933589339256286,-0.00830534314736724,0.036903421953320505,0.036903421953320505,0.06017954535782337,0.0018925370735824107,0.014178125069884117,0.7740296125411987,1.0,0.008197115384615384,0.0005617788461538462,0,0.75,0.75,0.0
126,406400,-770.3405389785767,-7.703405137062073,-770.3405389785767,-7.703405137062073,0.0,770.3405389785767,7.703405137062073,38.96924114227295,0.38969286441802975,3.533970534801483,0.0,0.0,nan,nan,nan,nan,nan,nan,nan,nan,nan,nan,4064,-0.001437006293196319,0.015750290360301733,1.480367660522461,-0.005675254110246897,0.033565246127545835,0.033565246127545835,0.07107441015541553,0.002076401271916475,0.010484374908264727,0.6545283794403076,1.0,0.008182692307692307,0.0005606730769230769,0,0.75,0.75,0.0
127,409600,-900.2057600021362,-9.002058057785034,-900.2057600021362,-9.002058057785034,0.0,900.2057600021362,9.002058057785034,-90.89597988128662,-0.9089600563049309,4.589250168800354,0.0,0.0,nan,nan,nan,nan,nan,nan,nan,nan,nan,nan,4096,-0.0014563333108323028,0.015546886809170246,1.4869138598442078,-0.005828402331098914,0.04491449818015099,0.04491449818015099,0.07368212416768075,0.0025024666087129833,0.020018750242888926,0.5859891772270203,1.0,0.00816826923076923,0.0005595673076923077,0,0.75,0.75,0.0
128,412800,-779.3112440109253,-7.793112182617188,-779.3112440109253,-7.793112182617188,0.0,779.3112440109253,7.793112182617188,29.998536109924316,0.29998581886291475,4.616261773109436,0.0,0.0,nan,nan,nan,nan,nan,nan,nan,nan,nan,nan,4128,-0.0017980663205264592,0.013533756975084544,1.5075435400009156,-0.007323466427624226,0.050351190567016604,0.050351190567016604,0.061762797832489016,0.0027188402193142384,0.023784374905517325,0.7919961810112,1.0,0.008153846153846154,0.0005584615384615385,0,0.75,0.75,0.0
129,416000,-876.2692937850952,-8.762692937850952,-876.2692937850952,-8.762692937850952,0.0,876.2692937850952,8.762692937850952,-66.9595136642456,-0.6695949363708493,3.884719982147217,0.0,0.0,nan,nan,nan,nan,nan,nan,nan,nan,nan,nan,4160,-0.0015755456742365004,0.011206005234271288,1.5101916790008545,-0.00826463191770017,0.041815496794879434,0.041815496794879434,0.05947257615625858,0.0022628196245941127,0.017815624782815575,0.7965137958526611,1.0,0.008139423076923077,0.0005573557692307692,0,0.75,0.75,0.0
130,419200,-960.7821950912476,-9.607821197509766,-960.7821950912476,-9.607821197509766,0.0,960.7821950912476,9.607821197509766,-151.47241497039795,-1.5147231960296637,5.015435714721679,0.0,0.0,nan,nan,nan,nan,nan,nan,nan,nan,nan,nan,4192,-0.0013539509100256807,0.016972606908529995,1.5208759784698487,-0.005224764253944159,0.046806216984987256,0.046806216984987256,0.07326875068247318,0.002789913062589171,0.020418749478994868,0.7320807576179504,1.0,0.008125,0.00055625,0,0.75,0.75,0.0
131,422400,-774.4867420196533,-7.7448675203323365,-774.4867420196533,-7.7448675203323365,0.0,774.4867420196533,7.7448675203323365,34.82303810119629,0.3482304811477661,3.3573126149177552,0.0,0.0,nan,nan,nan,nan,nan,nan,nan,nan,nan,nan,4224,-0.0013309207135694834,0.009176211291924119,1.5271085858345033,-0.009128547366708517,0.047581177204847336,0.047581177204847336,0.051604237779974936,0.0019524998228015236,0.013059375173179432,0.8289503455162048,1.0,0.008110576923076923,0.0005551442307692308,0,0.75,0.75,0.0
132,425600,-810.0269994735718,-8.100270204544067,-810.0269994735718,-8.100270204544067,0.0,810.0269994735718,8.100270204544067,-0.717219352722168,-0.0071722030639644885,4.319406971931458,0.0,0.0,nan,nan,nan,nan,nan,nan,nan,nan,nan,nan,4256,-0.001296996764407954,0.011328610591590405,1.5303447604179383,-0.008022598084062338,0.043123367428779605,0.043123367428779605,0.06450625211000442,0.002163296069193893,0.00908437492325902,0.7800092697143555,1.0,0.008096153846153847,0.0005540384615384615,0,0.75,0.75,0.0
133,428800,-850.302098274231,-8.5030211353302,-850.302098274231,-8.5030211353302,0.0,850.302098274231,8.5030211353302,-40.99231815338135,-0.40992313385009815,4.471854701042175,0.0,0.0,nan,nan,nan,nan,nan,nan,nan,nan,nan,nan,4288,-0.001255500091426054,0.015080094244331122,1.534699034690857,-0.0061184769496321675,0.03670182563364506,0.03670182563364506,0.06593892276287079,0.0016074908915477877,0.005612500006100163,0.6256173253059387,1.0,0.00808173076923077,0.0005529326923076923,0,0.75,0.75,0.0
134,432000,-826.5912942886353,-8.265913171768188,-826.5912942886353,-8.265913171768188,0.0,826.5912942886353,8.265913171768188,-17.281514167785645,-0.1728151702880858,4.585027303695679,0.0,0.0,nan,nan,nan,nan,nan,nan,nan,nan,nan,nan,4320,-0.00176280571436509,0.016681514959782363,1.5382080674171448,-0.005831246357411146,0.04735646843910217,0.04735646843910217,0.07339143902063369,0.002785798120022105,0.018968749813211616,0.7336134314537048,1.0,0.008067307692307693,0.0005518269230769231,0,0.75,0.75,0.0
135,435200,-841.9423246383667,-8.41942337989807,-841.9423246383667,-8.41942337989807,0.0,841.9423246383667,8.41942337989807,-32.63254451751709,-0.3263253784179678,4.3221810436248775,0.0,0.0,nan,nan,nan,nan,nan,nan,nan,nan,nan,nan,4352,-0.001534370994137113,0.00866574440151453,1.535968828201294,-0.009570478508248926,0.039976341649889946,0.039976341649889946,0.05427688919007778,0.0019529334531405817,0.00802187502849847,0.8027448654174805,1.0,0.008052884615384615,0.0005507211538461538,0,0.75,0.75,0.0
136,438400,-888.9457025527954,-8.88945728302002,-888.9457025527954,-8.88945728302002,0.0,888.9457025527954,8.88945728302002,-79.6359224319458,-0.7963592815399174,4.738292474746704,0.0,0.0,nan,nan,nan,nan,nan,nan,nan,nan,nan,nan,4384,-0.0015087030695518423,0.014551024977117777,1.5313956260681152,-0.006543254945427179,0.0367579486221075,0.0367579486221075,0.0677232101559639,0.0019118706179149549,0.007303124869940803,0.7590504884719849,1.0,0.00803846153846154,0.0005496153846153846,0,0.75,0.75,0.0
137,441600,-841.8795747756958,-8.418795537948608,-841.8795747756958,-8.418795537948608,0.0,841.8795747756958,8.418795537948608,-32.56979465484619,-0.3256975364685051,5.091208457946777,0.0,0.0,nan,nan,nan,nan,nan,nan,nan,nan,nan,nan,4416,-0.0012937618481868363,0.01412454741075635,1.5217225551605225,-0.006441848864778876,0.034090713039040564,0.034090713039040564,0.06594268418848515,0.001532388348278686,0.006278125153039582,0.769192099571228,1.0,0.008024038461538461,0.0005485096153846154,0,0.75,0.75,0.0
138,444800,-824.9958381652832,-8.249958333969117,-824.9958381652832,-8.249958333969117,0.0,824.9958381652832,8.249958333969117,-15.686058044433594,-0.1568603324890141,4.497440114021301,0.0,0.0,nan,nan,nan,nan,nan,nan,nan,nan,nan,nan,4448,-0.0012685846027917335,0.013427406456321478,1.5218158483505249,-0.006744040828198195,0.039129142090678214,0.039129142090678214,0.06171808987855911,0.0016105542781595407,0.007959375061909668,0.7850979566574097,1.0,0.008009615384615384,0.0005474038461538461,0,0.75,0.75,0.0
139,448000,-736.2352170944214,-7.362352466583252,-736.2352170944214,-7.362352466583252,0.0,736.2352170944214,7.362352466583252,73.07456302642822,0.730745534896851,3.571250114440918,0.0,0.0,nan,nan,nan,nan,nan,nan,nan,nan,nan,nan,4480,-0.0013722182360943248,0.011469399556517601,1.5102696537971496,-0.007712414162233472,0.03726996574550867,0.03726996574550867,0.056177983060479164,0.0020212536703191884,0.01145312490989454,0.8623396158218384,1.0,0.007995192307692307,0.0005462980769230769,0,0.75,0.75,0.0
140,451200,-815.1432867050171,-8.151432962417603,-815.1432867050171,-8.151432962417603,0.0,815.1432867050171,8.151432962417603,-5.8335065841674805,-0.05833496093750057,4.31456759929657,0.0,0.0,-847.3958593606949,-8.473958593606948,-847.3958593606949,-8.473958593606948,100.0,2.999763971865177,0.0,0.0,847.3958593606949,-45.64929902553558,4512,-0.0017055421674623261,0.010272285528481006,1.4882368087768554,-0.008446674374863506,0.05296947620809078,0.05296947620809078,0.0574121467769146,0.0024522843799795503,0.017193749657599254,0.8552455306053162,1.0,0.00798076923076923,0.0005451923076923077,0,0.75,0.75,0.0
141,454400,-844.6851072311401,-8.446850910186768,-844.6851072311401,-8.446850910186768,0.0,844.6851072311401,8.446850910186768,-35.37532711029053,-0.35375290870666554,4.522770800590515,0.0,0.0,nan,nan,nan,nan,nan,nan,nan,nan,nan,nan,4544,-0.0010286945834551808,0.014939468447118997,1.4764020919799805,-0.0053204903844743965,0.040673327445983884,0.040673327445983884,0.06536057665944099,0.0015771187434448046,0.007271875090373215,0.6885099411010742,1.0,0.007966346153846154,0.0005440865384615384,0,0.75,0.75,0.0
142,457600,-835.6065740585327,-8.356065969467164,-835.6065740585327,-8.356065969467164,0.0,835.6065740585327,8.356065969467164,-26.296793937683105,-0.2629679679870609,4.638620371818543,0.0,0.0,nan,nan,nan,nan,nan,nan,nan,nan,nan,nan,4576,-0.0024560407238313877,0.011549859028309583,1.4818687915802002,-0.008464817330241204,0.060418331250548366,0.060418331250548366,0.05309260673820972,0.003977862368629802,0.035943749640136954,0.7901009321212769,1.0,0.007951923076923077,0.0005429807692307692,0,0.75,0.75,0.0
143,460800,-858.7377004623413,-8.587376651763917,-858.7377004623413,-8.587376651763917,0.0,858.7377004623413,8.587376651763917,-49.4279203414917,-0.4942786502838139,4.095571374893188,0.0,0.0,nan,nan,nan,nan,nan,nan,nan,nan,nan,nan,4608,-0.0012624871392618252,0.017632879968732595,1.4682105422019958,-0.004099968541413546,0.04484597705304623,0.04484597705304623,0.06059067100286484,0.0022520111480853105,0.016193749714875593,0.6111541986465454,1.0,0.0079375,0.000541875,0,0.75,0.75,0.0
144,464000,-808.4998636245728,-8.084998741149903,-808.4998636245728,-8.084998741149903,0.0,808.4998636245728,8.084998741149903,0.8099164962768555,0.008099260330199698,3.6908496379852296,0.0,0.0,nan,nan,nan,nan,nan,nan,nan,nan,nan,nan,4640,-0.0017828484928002375,0.011247073346748949,1.4723169565200807,-0.007824592338874937,0.05577801372855902,0.05577801372855902,0.054910673201084136,0.0037375705651366054,0.032296874839812514,0.7303478717803955,1.0,0.007923076923076923,0.0005407692307692307,0,0.75,0.75,0.0
145,467200,-832.341628074646,-8.323415946960449,-832.341628074646,-8.323415946960449,0.0,832.341628074646,8.323415946960449,-23.031847953796387,-0.2303179454803459,4.3653565645217896,0.0,0.0,nan,nan,nan,nan,nan,nan,nan,nan,nan,nan,4672,-0.0011858171808358797,0.011118967831134797,1.4622273921966553,-0.007190582947805524,0.04070531763136387,0.04070531763136387,0.049883941560983656,0.0017297982740283597,0.012478125089546665,0.7333576679229736,1.0,0.007908653846153847,0.0005396634615384615,0,0.75,0.75,0.0
146,470400,-819.0083918571472,-8.190083780288695,-819.0083918571472,-8.190083780288695,0.0,819.0083918571472,8.190083780288695,-9.698611736297607,-0.09698577880859283,3.883143808841705,0.0,0.0,nan,nan,nan,nan,nan,nan,nan,nan,nan,nan,4704,-0.0015373226180323218,0.015043701604008674,1.460722029209137,-0.005546749010682106,0.05210479125380516,0.05210479125380516,0.05885116085410118,0.0019637421653906995,0.013612499791997834,0.7097131609916687,1.0,0.00789423076923077,0.0005385576923076923,0,0.75,0.75,0.0
147,473600,-748.7948455810547,-7.487948741912842,-748.7948455810547,-7.487948741912842,0.0,748.7948455810547,7.487948741912842,60.51493453979492,0.605149259567261,3.4571730399131777,0.0,0.0,nan,nan,nan,nan,nan,nan,nan,nan,nan,nan,4736,-0.001333359082244101,0.010212017921730876,1.4812608361244202,-0.00789940063841641,0.04589221253991127,0.04589221253991127,0.04692643955349922,0.001673996096361391,0.011506249819285585,0.7801609635353088,1.0,0.007879807692307693,0.000537451923076923,0,0.75,0.75,0.0
148,476800,-768.5853338241577,-7.6858534288406375,-768.5853338241577,-7.6858534288406375,0.0,768.5853338241577,7.6858534288406375,40.724446296691895,0.4072445726394651,3.4229129266738894,0.0,0.0,nan,nan,nan,nan,nan,nan,nan,nan,nan,nan,4768,-0.0016028813481913317,0.010689557483419775,1.4971126914024353,-0.008033469133079053,0.054983359575271604,0.054983359575271604,0.05746424123644829,0.002964638391132137,0.023759374911605846,0.731918454170227,1.0,0.007865384615384614,0.0005363461538461539,0,0.75,0.75,0.0
149,480000,-755.5325222015381,-7.555325121879577,-755.5325222015381,-7.555325121879577,0.0,755.5325222015381,7.555325121879577,53.77725791931152,0.5377728796005252,3.6834732270240784,0.0,0.0,nan,nan,nan,nan,nan,nan,nan,nan,nan,nan,4800,-0.0016198754284647344,0.012732207402586937,1.5002740740776062,-0.007032366283237934,0.034071332402527334,0.034071332402527334,0.05195106044411659,0.0015518384756441443,0.009337500223773531,0.7480708360671997,1.0,0.00785096153846154,0.0005352403846153847,0,0.75,0.75,0.0
150,483200,-891.2241954803467,-8.912242097854614,-891.2241954803467,-8.912242097854614,0.0,891.2241954803467,8.912242097854614,-81.91441535949707,-0.8191440963745116,4.987322492599487,0.0,0.0,nan,nan,nan,nan,nan,nan,nan,nan,nan,nan,4832,-0.0017192248739651417,0.012633458245545626,1.4958534359931945,-0.007124808663502335,0.04279366880655289,0.04279366880655289,0.05429276190698147,0.002629862953473052,0.019356249959309936,0.7711561322212219,1.0,0.00783653846153846,0.0005341346153846154,0,0.75,0.75,0.0
151,486400,-852.0769872665405,-8.520769519805908,-852.0769872665405,-8.520769519805908,0.0,852.0769872665405,8.520769519805908,-42.76720714569092,-0.4276715183258055,4.285921907424926,0.0,0.0,nan,nan,nan,nan,nan,nan,nan,nan,nan,nan,4864,-0.001558873750665235,0.014705627877265214,1.4969156861305237,-0.005915106600150466,0.04059232473373413,0.04059232473373413,0.06125962883234024,0.0016103242898689821,0.011478124954737722,0.6888473629951477,1.0,0.007822115384615384,0.0005330288461538462,0,0.75,0.75,0.0
152,489600,-838.4778032302856,-8.384778413772583,-838.4778032302856,-8.384778413772583,0.0,838.4778032302856,8.384778413772583,-29.168023109436035,-0.29168041229248054,3.7837144255638124,0.0,0.0,nan,nan,nan,nan,nan,nan,nan,nan,nan,nan,4896,-0.0013810748483287227,0.010066177044063807,1.4948432803153993,-0.00801926301792264,0.0362029803916812,0.0362029803916812,0.04578097388148308,0.0016508342530878162,0.010909374951370409,0.676697313785553,1.0,0.007807692307692307,0.000531923076923077,0,0.75,0.75,0.0
153,492800,-845.41357421875,-8.454135713577271,-845.41357421875,-8.454135713577271,0.0,845.41357421875,8.454135713577271,-36.10379409790039,-0.3610377120971684,3.8162724328041078,0.0,0.0,nan,nan,nan,nan,nan,nan,nan,nan,nan,nan,4928,-0.002008856891863975,0.012991412542760372,1.5187504768371582,-0.007349181873723865,0.05514929927885533,0.05514929927885533,0.05093822330236435,0.002048191928771246,0.018940625408140475,0.7111791372299194,1.0,0.00779326923076923,0.0005308173076923077,0,0.75,0.75,0.0
154,496000,-871.7830858230591,-8.717830858230592,-871.7830858230591,-8.717830858230592,0.0,871.7830858230591,8.717830858230592,-62.47330570220947,-0.6247328567504891,4.445188846588135,0.0,0.0,nan,nan,nan,nan,nan,nan,nan,nan,nan,nan,4960,-0.0019617746704141403,0.020185559708625078,1.523635482788086,-0.003721120860427618,0.06570392511785031,0.06570392511785031,0.0691929891705513,0.0029197581025081276,0.018687500056694263,0.42452722787857056,1.0,0.0077788461538461535,0.0005297115384615385,0,0.75,0.75,0.0
155,499200,-836.2235441207886,-8.362235422134399,-836.2235441207886,-8.362235422134399,0.0,836.2235441207886,8.362235422134399,-26.913763999938965,-0.269137420654296,4.229176559448242,0.0,0.0,nan,nan,nan,nan,nan,nan,nan,nan,nan,nan,4992,-0.0020651549541391033,0.00808193008415401,1.5245079278945923,-0.009861115040257573,0.06348405741155147,0.06348405741155147,0.043927378952503204,0.0034412341366995758,0.027999999668099917,0.7871469259262085,1.0,0.007764423076923077,0.0005286057692307693,0,0.75,0.75,0.0
156,502400,-851.8572521209717,-8.518572797775269,-851.8572521209717,-8.518572797775269,0.0,851.8572521209717,8.518572797775269,-42.54747200012207,-0.42547479629516616,3.9102127170562744,0.0,0.0,nan,nan,nan,nan,nan,nan,nan,nan,nan,nan,5024,-0.0013610516475746515,0.020350517053157092,1.5241424441337585,-0.0029978970531374218,0.0402152543887496,0.0402152543887496,0.07190007194876671,0.0017772596933362812,0.012856250052573159,0.5099254846572876,1.0,0.00775,0.0005275,0,0.75,0.75,0.0
157,505600,-870.9059963226318,-8.709059991836547,-870.9059963226318,-8.709059991836547,0.0,870.9059963226318,8.709059991836547,-61.59621620178223,-0.6159619903564444,3.8025740575790405,0.0,0.0,nan,nan,nan,nan,nan,nan,nan,nan,nan,nan,5056,-0.0013489327983348676,0.01291326554492116,1.5268158435821533,-0.006703101377934217,0.04079777970910072,0.04079777970910072,0.05397695824503899,0.0018599900024135981,0.011890624841907994,0.7119873762130737,1.0,0.007735576923076923,0.0005263942307692308,0,0.75,0.75,0.0
158,508800,-881.6268043518066,-8.816267890930176,-881.6268043518066,-8.816267890930176,0.0,881.6268043518066,8.816267890930176,-72.31702423095703,-0.7231698894500731,4.315420451164246,0.0,0.0,nan,nan,nan,nan,nan,nan,nan,nan,nan,nan,5088,-0.0010888491461169992,0.018408018071204423,1.524291980266571,-0.0036541334353387355,0.033812197670340535,0.033812197670340535,0.056343259289860725,0.0013911159094285102,0.00468750003783498,0.6085677146911621,1.0,0.007721153846153846,0.0005252884615384616,0,0.75,0.75,0.0
159,512000,-900.0151433944702,-9.000151615142823,-900.0151433944702,-9.000151615142823,0.0,900.0151433944702,9.000151615142823,-90.7053632736206,-0.9070536136627201,4.544565410614013,0.0,0.0,nan,nan,nan,nan,nan,nan,nan,nan,nan,nan,5120,-0.0014285880868323275,0.016514264699071645,1.5157923936843871,-0.004853259213268757,0.044532109051942825,0.044532109051942825,0.05524323880672455,0.001907016960468202,0.011028125081793405,0.5749973058700562,1.0,0.0077067307692307695,0.0005241826923076923,0,0.75,0.75,0.0
160,515200,-790.9211492538452,-7.909211220741272,-790.9211492538452,-7.909211220741272,0.0,790.9211492538452,7.909211220741272,18.388630867004395,0.18388678073883025,3.5314494466781614,0.0,0.0,-741.291231751442,-7.41291231751442,-741.291231751442,-7.41291231751442,100.0,2.9224225832894444,0.0,0.0,741.291231751442,60.455328583717346,5152,-0.0011356593115023016,0.013109228294342756,1.5293813824653626,-0.0063455174677073956,0.03365788757801056,0.03365788757801056,0.06245565786957741,0.0018781766986657017,0.008624999920721165,0.7156181335449219,1.0,0.007692307692307693,0.0005230769230769231,0,0.75,0.75,0.0
161,518400,-934.7880210876465,-9.347879962921143,-934.7880210876465,-9.347879962921143,0.0,934.7880210876465,9.347879962921143,-125.47824096679688,-1.25478196144104,5.185660753250122,0.0,0.0,nan,nan,nan,nan,nan,nan,nan,nan,nan,nan,5184,-0.0018438835263484999,0.018120554741472006,1.5392871737480163,-0.004602075647562742,0.043014712259173395,0.043014712259173395,0.05689567811787129,0.0025129537556502447,0.019871875338139944,0.4867706894874573,1.0,0.007677884615384615,0.0005219711538461539,0,0.75,0.75,0.0
162,521600,-799.0031728744507,-7.990031633377075,-799.0031728744507,-7.990031633377075,0.0,799.0031728744507,7.990031633377075,10.306607246398926,0.10306636810302727,4.019682931900024,0.0,0.0,nan,nan,nan,nan,nan,nan,nan,nan,nan,nan,5216,-0.0010954860417172086,0.01787899248301983,1.5240609407424928,-0.0038355719298124313,0.03116555158048868,0.03116555158048868,0.06216050311923027,0.0019428342442559712,0.011043749959208071,0.5744627714157104,1.0,0.007663461538461538,0.0005208653846153846,0,0.75,0.75,0.0
163,524800,-849.3170166015625,-8.4931702709198,-849.3170166015625,-8.4931702709198,0.0,849.3170166015625,8.4931702709198,-40.00723648071289,-0.400072269439697,3.9902184581756592,0.0,0.0,nan,nan,nan,nan,nan,nan,nan,nan,nan,nan,5248,-0.0013278402602707295,0.011599973496049642,1.5410451650619508,-0.007315367227420211,0.029737624898552896,0.029737624898552896,0.048696085810661316,0.0009242055479270585,0.004862499897717499,0.6275126934051514,1.0,0.0076490384615384615,0.0005197596153846154,0,0.75,0.75,0.0
164,528000,-829.4915599822998,-8.294915733337403,-829.4915599822998,-8.294915733337403,0.0,829.4915599822998,8.294915733337403,-20.181779861450195,-0.20181773185730023,4.608645749092102,0.0,0.0,nan,nan,nan,nan,nan,nan,nan,nan,nan,nan,5280,-0.0014198448197101144,0.017857458256185055,1.5502827763557434,-0.00432692845351994,0.04592222310602665,0.04592222310602665,0.05827649086713791,0.0017466914694530776,0.013031250108906534,0.6649338006973267,1.0,0.007634615384615385,0.0005186538461538462,0,0.75,0.75,0.0
165,531200,-846.0090532302856,-8.460090589523315,-846.0090532302856,-8.460090589523315,0.0,846.0090532302856,8.460090589523315,-36.699273109436035,-0.3669925880432121,4.1228870677947995,0.0,0.0,nan,nan,nan,nan,nan,nan,nan,nan,nan,nan,5312,-0.0011565218300165548,0.008816123893484473,1.5494685292243957,-0.00855570798739791,0.03085397705435753,0.03085397705435753,0.04860536269843578,0.0012041961112124952,0.0029406250221654774,0.6855273842811584,1.0,0.007620192307692307,0.0005175480769230769,0,0.75,0.75,0.0
166,534400,-865.5702791213989,-8.655702867507934,-865.5702791213989,-8.655702867507934,0.0,865.5702791213989,8.655702867507934,-56.260499000549316,-0.5626048660278311,3.740099289417267,0.0,0.0,nan,nan,nan,nan,nan,nan,nan,nan,nan,nan,5344,-0.0014243963789893677,0.013844814524054528,1.5594414114952087,-0.006362740648910403,0.047529174759984014,0.047529174759984014,0.051620299369096755,0.0025908520823584606,0.011525000107940286,0.6778469085693359,1.0,0.00760576923076923,0.0005164423076923077,0,0.75,0.75,0.0
167,537600,-837.2386636734009,-8.37238655090332,-837.2386636734009,-8.37238655090332,0.0,837.2386636734009,8.37238655090332,-27.92888355255127,-0.27928854942321735,3.9748417854309084,0.0,0.0,nan,nan,nan,nan,nan,nan,nan,nan,nan,nan,5376,-0.0012426604392006269,0.013323830161243676,1.5609040260314941,-0.006430108472704888,0.0355991143733263,0.0355991143733263,0.04777449443936348,0.0017923276529479264,0.006481249973876402,0.6950247287750244,1.0,0.007591346153846153,0.0005153365384615385,0,0.75,0.75,0.0
168,540800,-843.6123056411743,-8.436123151779174,-843.6123056411743,-8.436123151779174,0.0,843.6123056411743,8.436123151779174,-34.30252552032471,-0.34302515029907177,4.180273041725159,0.0,0.0,nan,nan,nan,nan,nan,nan,nan,nan,nan,nan,5408,-0.0015479463276569573,0.013335274998098612,1.5699953436851501,-0.0067760423757135865,0.03582102730870247,0.03582102730870247,0.056176542118191716,0.0013148774145526998,0.008499999879859388,0.6958129405975342,1.0,0.007576923076923077,0.0005142307692307692,0,0.75,0.75,0.0
169,544000,-819.3012371063232,-8.193012456893921,-819.3012371063232,-8.193012456893921,0.0,819.3012371063232,8.193012456893921,-9.991456985473633,-0.09991445541381871,4.27354184627533,0.0,0.0,nan,nan,nan,nan,nan,nan,nan,nan,nan,nan,5440,-0.0011981508369149907,0.00754837691783905,1.5613898396492005,-0.009231972973793745,0.03360010739415884,0.03360010739415884,0.03958169370889664,0.001401707043624595,0.004675000048882794,0.8000608086585999,1.0,0.0075625,0.000513125,0,0.75,0.75,0.0
170,547200,-802.1583881378174,-8.021583886146546,-802.1583881378174,-8.021583886146546,0.0,802.1583881378174,8.021583886146546,7.151391983032227,0.07151411533355656,4.060662488937378,0.0,0.0,nan,nan,nan,nan,nan,nan,nan,nan,nan,nan,5472,-0.0013470608433359121,0.010091139702126384,1.554739511013031,-0.008036784827709198,0.03062993548810482,0.03062993548810482,0.047818607091903685,0.0013010434748147025,0.004381249938160181,0.7157459259033203,1.0,0.007548076923076923,0.0005120192307692308,0,0.75,0.75,0.0
171,550400,-879.5789890289307,-8.795790004730225,-879.5789890289307,-8.795790004730225,0.0,879.5789890289307,8.795790004730225,-70.26920890808105,-0.7026920032501227,4.696839151382446,0.0,0.0,nan,nan,nan,nan,nan,nan,nan,nan,nan,nan,5504,-0.001054527985252207,0.020903253369033335,1.5353103041648866,-0.0021693974267691374,0.03192401546984911,0.03192401546984911,0.06620992124080657,0.0010593256800355774,0.004571875024703331,0.39209550619125366,1.0,0.007533653846153846,0.0005109134615384615,0,0.75,0.75,0.0
172,553600,-783.1960315704346,-7.831960182189942,-783.1960315704346,-7.831960182189942,0.0,783.1960315704346,7.831960182189942,26.11374855041504,0.2611378192901608,4.0649800109863286,0.0,0.0,nan,nan,nan,nan,nan,nan,nan,nan,nan,nan,5536,-0.001246119015815239,0.01623595366254449,1.5511011600494384,-0.0047912296373397115,0.03532390147447586,0.03532390147447586,0.05763992741703987,0.001090382609982872,0.005212500059860759,0.641448974609375,1.0,0.007519230769230769,0.0005098076923076923,0,0.75,0.75,0.0
173,556800,-860.6193885803223,-8.606194190979004,-860.6193885803223,-8.606194190979004,0.0,860.6193885803223,8.606194190979004,-51.309608459472656,-0.513096189498901,4.404112300872803,0.0,0.0,nan,nan,nan,nan,nan,nan,nan,nan,nan,nan,5568,-0.0014839693379006258,0.023822075687348843,1.55743807554245,-0.0012612049002200365,0.03696950562298298,0.03696950562298298,0.07304966114461423,0.0016691540513428427,0.006821874959859997,0.39664697647094727,1.0,0.007504807692307693,0.0005087019230769231,0,0.75,0.75,0.0
174,560000,-869.206395149231,-8.692064018249512,-869.206395149231,-8.692064018249512,0.0,869.206395149231,8.692064018249512,-59.89661502838135,-0.5989660167694097,4.120273885726928,0.0,0.0,nan,nan,nan,nan,nan,nan,nan,nan,nan,nan,5600,-0.0013481935989752003,0.016313827969133853,1.5443219065666198,-0.004758844338357449,0.04748275689780712,0.04748275689780712,0.05125388391315937,0.0014732430074226523,0.009487500145769445,0.6804278492927551,1.0,0.007490384615384616,0.0005075961538461538,0,0.75,0.75,0.0
175,563200,-828.6954774856567,-8.286954774856568,-828.6954774856567,-8.286954774856568,0.0,828.6954774856567,8.286954774856568,-19.38569736480713,-0.19385677337646534,3.795351357460022,0.0,0.0,nan,nan,nan,nan,nan,nan,nan,nan,nan,nan,5632,-0.0013312231623218373,0.017416026443243027,1.538067388534546,-0.004121742444112897,0.03715466223657131,0.03715466223657131,0.056397520378232,0.0017186641554881234,0.007834375015227124,0.5524424314498901,1.0,0.007475961538461539,0.0005064903846153846,0,0.75,0.75,0.0
176,566400,-776.074390411377,-7.760743737220764,-776.074390411377,-7.760743737220764,0.0,776.074390411377,7.760743737220764,33.235389709472656,0.33235426425933845,4.084172720909119,0.0,0.0,nan,nan,nan,nan,nan,nan,nan,nan,nan,nan,5664,-0.0017752532256534615,0.010360249690711499,1.5411548614501953,-0.008094514813274145,0.046255073696374896,0.046255073696374896,0.047470834106206894,0.0021510841790595395,0.015171874983934686,0.7164496183395386,1.0,0.007461538461538461,0.0005053846153846154,0,0.75,0.75,0.0
177,569600,-797.9403848648071,-7.979403595924378,-797.9403848648071,-7.979403595924378,0.0,797.9403848648071,7.979403595924378,11.36939525604248,0.11369440555572474,3.740289843082428,0.0,0.0,nan,nan,nan,nan,nan,nan,nan,nan,nan,nan,5696,-0.0014359806128428688,0.01338179288432002,1.527824079990387,-0.006122966622933745,0.037550782412290575,0.037550782412290575,0.04823927469551563,0.00209941868670376,0.009915624883433338,0.659770131111145,1.0,0.0074471153846153845,0.0005042788461538461,0,0.75,0.75,0.0
178,572800,-822.6361865997314,-8.226361446380615,-822.6361865997314,-8.226361446380615,0.0,822.6361865997314,8.226361446380615,-13.326406478881836,-0.13326344490051234,3.677444360256195,0.0,0.0,nan,nan,nan,nan,nan,nan,nan,nan,nan,nan,5728,-0.0015072693578899177,0.009214244410395622,1.5334576725959779,-0.00829786597751081,0.03630778715014458,0.03630778715014458,0.038021900318562986,0.0017096079827761367,0.009971875150222331,0.8205773830413818,1.0,0.007432692307692308,0.000503173076923077,0,0.75,0.75,0.0
179,576000,-800.9921340942383,-8.009921398162842,-800.9921340942383,-8.009921398162842,0.0,800.9921340942383,8.009921398162842,8.317646026611328,0.08317660331726096,4.220467777252197,0.0,0.0,nan,nan,nan,nan,nan,nan,nan,nan,nan,nan,5760,-0.0015054466011584556,0.01504767257720232,1.5407325506210328,-0.005411179410293699,0.03854161836206913,0.03854161836206913,0.0543167345225811,0.0018630470789513204,0.012334374955389648,0.600937008857727,1.0,0.007418269230769231,0.0005020673076923078,0,0.75,0.75,0.0
180,579200,-883.5499982833862,-8.835499811172486,-883.5499982833862,-8.835499811172486,0.0,883.5499982833862,8.835499811172486,-74.24021816253662,-0.7424018096923835,4.361101236343384,0.0,0.0,-775.1400301456451,-7.751400301456451,-775.1400301456451,-7.751400301456451,100.0,3.712516973018646,0.0,0.0,775.1400301456451,26.60653018951416,5792,-0.0021036893321899675,0.016848755814135075,1.5286629676818848,-0.004997297143563628,0.05091467872262001,0.05091467872262001,0.0550648957490921,0.002577324640879882,0.02065937507431954,0.6479306221008301,1.0,0.007403846153846154,0.0005009615384615384,0,0.75,0.75,0.0
181,582400,-832.1605529785156,-8.32160584449768,-832.1605529785156,-8.32160584449768,0.0,832.1605529785156,8.32160584449768,-22.850772857666016,-0.22850784301757798,3.9602124285697937,0.0,0.0,nan,nan,nan,nan,nan,nan,nan,nan,nan,nan,5824,-0.001739836537721562,0.009072596020996571,1.5171156764030456,-0.008414147701114417,0.05170101597905159,0.05170101597905159,0.04188600890338421,0.0020942080489485962,0.015287499909754842,0.7945048809051514,1.0,0.007389423076923076,0.0004998557692307693,0,0.75,0.75,0.0
182,585600,-814.0848407745361,-8.140848388671875,-814.0848407745361,-8.140848388671875,0.0,814.0848407745361,8.140848388671875,-4.775060653686523,-0.0477503871917726,4.427173104286194,0.0,0.0,nan,nan,nan,nan,nan,nan,nan,nan,nan,nan,5856,-0.0013706121291848562,0.026411880552768708,1.5181708693504334,0.000638817809522152,0.03847355917096138,0.03847355917096138,0.07829376012086868,0.001911845552968776,0.01106250003213063,0.4268980622291565,1.0,0.007375,0.00049875,0,0.75,0.75,0.0
183,588800,-889.5969896316528,-8.89596981048584,-889.5969896316528,-8.89596981048584,0.0,889.5969896316528,8.89596981048584,-80.28720951080322,-0.8028718090057367,3.521247773170471,0.0,0.0,nan,nan,nan,nan,nan,nan,nan,nan,nan,nan,5888,-0.0015569060865789908,0.01914352597668767,1.5083612322807312,-0.0030875522177666427,0.03690936341881752,0.03690936341881752,0.05947633273899555,0.0020731969125345326,0.010365624749101698,0.6354317665100098,1.0,0.007360576923076923,0.0004976442307692308,0,0.75,0.75,0.0
184,592000,-797.8629465103149,-7.978629574775696,-797.8629465103149,-7.978629574775696,0.0,797.8629465103149,7.978629574775696,11.446833610534668,0.11446842670440649,3.424532380104065,0.0,0.0,nan,nan,nan,nan,nan,nan,nan,nan,nan,nan,5920,-0.00202449835977756,0.013280481286346912,1.5231975793838501,-0.0065739013254642485,0.050621813535690306,0.050621813535690306,0.04985501579940319,0.00299449639278559,0.022106250099022874,0.59844571352005,1.0,0.007346153846153846,0.0004965384615384616,0,0.75,0.75,0.0
185,595200,-821.0011510848999,-8.210011911392211,-821.0011510848999,-8.210011911392211,0.0,821.0011510848999,8.210011911392211,-11.691370964050293,-0.1169139099121086,3.9876115560531615,0.0,0.0,nan,nan,nan,nan,nan,nan,nan,nan,nan,nan,5952,-0.0011173004610114834,0.017652221117168666,1.5035911560058595,-0.0033151154406368733,0.04643410369753838,0.04643410369753838,0.05885770171880722,0.0015070433968513634,0.008103125065099448,0.5017194747924805,1.0,0.007331730769230769,0.0004954326923076924,0,0.75,0.75,0.0
186,598400,-869.5722408294678,-8.69572232246399,-869.5722408294678,-8.69572232246399,0.0,869.5722408294678,8.69572232246399,-60.262460708618164,-0.6026243209838871,4.456204028129577,0.0,0.0,nan,nan,nan,nan,nan,nan,nan,nan,nan,nan,5984,-0.0014872598510700997,0.01611629519611597,1.501748764514923,-0.004417870473116636,0.0437474500387907,0.0437474500387907,0.05374443493783474,0.001982363191201428,0.014759374857749207,0.7162837982177734,1.0,0.007317307692307692,0.0004943269230769231,0,0.75,0.75,0.0
187,601600,-784.7803020477295,-7.847803120613098,-784.7803020477295,-7.847803120613098,0.0,784.7803020477295,7.847803120613098,24.529478073120117,0.24529488086700457,3.8295901942253114,0.0,0.0,nan,nan,nan,nan,nan,nan,nan,nan,nan,nan,6016,-0.0012671434158575857,0.016563109960407017,1.5152353167533874,-0.0040511767845600845,0.050416150316596034,0.050416150316596034,0.05798890553414822,0.001528145483463233,0.011553125164937228,0.6226191520690918,1.0,0.007302884615384616,0.0004932211538461539,0,0.75,0.75,0.0
188,604800,-873.2160139083862,-8.732159576416016,-873.2160139083862,-8.732159576416016,0.0,873.2160139083862,8.732159576416016,-63.90623378753662,-0.6390615749359139,4.992866024971009,0.0,0.0,nan,nan,nan,nan,nan,nan,nan,nan,nan,nan,6048,-0.0017384890184272805,0.013541628327220678,1.5132919073104858,-0.005997244687750936,0.04336891621351242,0.04336891621351242,0.046723482012748715,0.0020305298683534357,0.013346874853596091,0.6208696365356445,1.0,0.007288461538461539,0.0004921153846153847,0,0.75,0.75,0.0
189,608000,-900.4550580978394,-9.004550380706787,-900.4550580978394,-9.004550380706787,0.0,900.4550580978394,9.004550380706787,-91.14527797698975,-0.9114523792266844,4.919332308769226,0.0,0.0,nan,nan,nan,nan,nan,nan,nan,nan,nan,nan,6080,-0.001454077737260384,0.024587216041982173,1.510055708885193,-0.00014467346481978894,0.03732177391648293,0.03732177391648293,0.06277546063065528,0.0018030100865880957,0.013287499736179598,0.3538553714752197,1.0,0.007274038461538462,0.0004910096153846154,0,0.75,0.75,0.0
190,611200,-747.9829387664795,-7.479829921722412,-747.9829387664795,-7.479829921722412,0.0,747.9829387664795,7.479829921722412,61.32684135437012,0.6132680797576908,4.05902884721756,0.0,0.0,nan,nan,nan,nan,nan,nan,nan,nan,nan,nan,6112,-0.001414902535779383,0.01396235143765807,1.5185497283935547,-0.005457813665270805,0.04864510446786881,0.04864510446786881,0.052467388659715654,0.0017521888061319847,0.010237499901268165,0.742287814617157,1.0,0.007259615384615385,0.0004899038461538462,0,0.75,0.75,0.0
191,614400,-779.034387588501,-7.790343585014344,-779.034387588501,-7.790343585014344,0.0,779.034387588501,7.790343585014344,30.275392532348633,0.30275441646575896,3.7801485872268676,0.0,0.0,nan,nan,nan,nan,nan,nan,nan,nan,nan,nan,6144,-0.0014005154415965171,0.014828492235392333,1.5193498015403748,-0.00499425083398819,0.039514902606606485,0.039514902606606485,0.053101756423711774,0.0019447436439814832,0.01182500006398186,0.6273764967918396,1.0,0.0072451923076923075,0.0004887980769230769,0,0.75,0.75,0.0
192,617600,-885.0910921096802,-8.850910558700562,-885.0910921096802,-8.850910558700562,0.0,885.0910921096802,8.850910558700562,-75.78131198883057,-0.7578125572204595,5.00522889137268,0.0,0.0,nan,nan,nan,nan,nan,nan,nan,nan,nan,nan,6176,-0.0015110089709051034,0.018237834237515925,1.5328935146331788,-0.003476091334596276,0.043520538881421086,0.043520538881421086,0.057669016718864444,0.0023985341817033797,0.017946875223424287,0.6212244629859924,1.0,0.00723076923076923,0.0004876923076923077,0,0.75,0.75,0.0
193,620800,-771.7636632919312,-7.717636375427246,-771.7636632919312,-7.717636375427246,0.0,771.7636632919312,7.717636375427246,37.54611682891846,0.37546162605285627,4.041612157821655,0.0,0.0,nan,nan,nan,nan,nan,nan,nan,nan,nan,nan,6208,-0.0009218284287374701,0.014532511401921511,1.5449501872062683,-0.004804467875510454,0.029527942836284637,0.029527942836284637,0.05286588557064533,0.0016911671002171613,0.008928124903104618,0.6791369318962097,1.0,0.007216346153846153,0.0004865865384615385,0,0.75,0.75,0.0
194,624000,-827.3092994689941,-8.273093185424806,-827.3092994689941,-8.273093185424806,0.0,827.3092994689941,8.273093185424806,-17.99951934814453,-0.17999518394470293,3.95661673784256,0.0,0.0,nan,nan,nan,nan,nan,nan,nan,nan,nan,nan,6240,-0.0017166859225486776,0.020866540353745223,1.5382705926895142,-0.002361922198906541,0.05652774944901466,0.05652774944901466,0.059052005782723425,0.002045639623248415,0.015478124935179948,0.5699785947799683,1.0,0.007201923076923076,0.0004854807692307692,0,0.75,0.75,0.0
195,627200,-844.1103076934814,-8.441103010177612,-844.1103076934814,-8.441103010177612,0.0,844.1103076934814,8.441103010177612,-34.800527572631836,-0.34800500869750906,4.632221436500549,0.0,0.0,nan,nan,nan,nan,nan,nan,nan,nan,nan,nan,6272,-0.0022744342298945063,0.016226021852344275,1.5273666977882385,-0.0051393717993050815,0.060201764851808545,0.060201764851808545,0.048405866324901584,0.003228783980012806,0.02484687513206154,0.5739716291427612,1.0,0.0071874999999999994,0.000484375,0,0.75,0.75,0.0
196,630400,-762.6634712219238,-7.626634759902954,-762.6634712219238,-7.626634759902954,0.0,762.6634712219238,7.626634759902954,46.64630889892578,0.4664632415771486,3.200991110801697,0.0,0.0,nan,nan,nan,nan,nan,nan,nan,nan,nan,nan,6304,-0.0014962326826527318,0.011272931750863791,1.522011661529541,-0.006777273258194327,0.052576380968093875,0.052576380968093875,0.043624254316091536,0.0018254082009671294,0.014840624941280111,0.6861743927001953,1.0,0.007173076923076923,0.0004832692307692308,0,0.75,0.75,0.0
197,633600,-813.8396368026733,-8.138396830558777,-813.8396368026733,-8.138396830558777,0.0,813.8396368026733,8.138396830558777,-4.5298566818237305,-0.045298829078674885,3.735423231124878,0.0,0.0,nan,nan,nan,nan,nan,nan,nan,nan,nan,nan,6336,-0.001742504123464439,0.022128972224891186,1.5209709882736206,-0.0015661229845136404,0.06494281254708767,0.06494281254708767,0.057088589295744896,0.002575427917327949,0.019500000336847734,0.49706965684890747,1.0,0.007158653846153846,0.00048216346153846155,0,0.75,0.75,0.0
198,636800,-773.761962890625,-7.737619776725769,-773.761962890625,-7.737619776725769,0.0,773.761962890625,7.737619776725769,35.54781723022461,0.355478224754334,3.8523592138290406,0.0,0.0,nan,nan,nan,nan,nan,nan,nan,nan,nan,nan,6368,-0.0010718719197553629,0.011170796770602464,1.5137944102287293,-0.006301370356231928,0.037270584143698215,0.037270584143698215,0.044249679893255234,0.0013198993634442049,0.0073906250123400245,0.764055609703064,1.0,0.007144230769230769,0.0004810576923076923,0,0.75,0.75,0.0
199,640000,-808.1641912460327,-8.081641869544983,-808.1641912460327,-8.081641869544983,0.0,808.1641912460327,8.081641869544983,1.1455888748168945,0.011456131935119629,3.9994002747535706,0.0,0.0,nan,nan,nan,nan,nan,nan,nan,nan,nan,nan,6400,-0.0010639919651788787,0.012570157181471586,1.5172940135002135,-0.005596927413716912,0.04104495961219072,0.04104495961219072,0.04658305048942566,0.0019123319798391367,0.009065624990034849,0.6911280155181885,1.0,0.007129807692307692,0.0004799519230769231,0,0.75,0.75,0.0
200,643200,-719.3166761398315,-7.193166732788086,-719.3166761398315,-7.193166732788086,0.0,719.3166761398315,7.193166732788086,89.99310398101807,0.8999312686920167,3.2227001953125,0.0,0.0,-839.3150207996368,-8.393150207996369,-839.3150207996368,-8.393150207996369,100.0,3.1116080559790134,0.0,0.0,839.3150207996368,-37.56846046447754,6432,-0.0014923367453739899,0.022331846132874488,1.5021453499794006,-0.0010147555731236935,0.04337142966687679,0.04337142966687679,0.05972332209348678,0.0013320383724941284,0.006575000123120844,0.48784106969833374,1.0,0.007115384615384615,0.0004788461538461538,0,0.75,0.75,0.0
201,646400,-894.5214767456055,-8.945215244293212,-894.5214767456055,-8.945215244293212,0.0,894.5214767456055,8.945215244293212,-85.21169662475586,-0.8521172428131099,4.774941296577453,0.0,0.0,nan,nan,nan,nan,nan,nan,nan,nan,nan,nan,6464,-0.0013730229277978622,0.018568903766572477,1.5073881983757018,-0.00279247690923512,0.03530506528913975,0.03530506528913975,0.05331820212304592,0.0013285103137614016,0.005293749958946136,0.6458324193954468,1.0,0.007100961538461539,0.0004777403846153846,0,0.75,0.75,0.0
202,649600,-812.8473787307739,-8.128473787307739,-812.8473787307739,-8.128473787307739,0.0,812.8473787307739,8.128473787307739,-3.5375986099243164,-0.03537578582763601,3.5570115184783937,0.0,0.0,nan,nan,nan,nan,nan,nan,nan,nan,nan,nan,6496,-0.0010212449275335711,0.01060174610465765,1.5075064182281495,-0.006403373787179589,0.0312677800655365,0.0312677800655365,0.04006992913782596,0.0007788830143917699,0.0018624999673193087,0.7162569165229797,1.0,0.007086538461538462,0.00047663461538461537,0,0.75,0.75,0.0
203,652800,-762.5882658958435,-7.625883021354675,-762.5882658958435,-7.625883021354675,0.0,762.5882658958435,7.625883021354675,46.7215142250061,0.4672149801254273,3.095264458656311,0.0,0.0,nan,nan,nan,nan,nan,nan,nan,nan,nan,nan,6528,-0.0015138952673645178,0.01741136023774743,1.5020865440368651,-0.0034311446361243725,0.03913952186703682,0.03913952186703682,0.05358346179127693,0.0017474758540639186,0.008087500021792949,0.554306149482727,1.0,0.007072115384615385,0.0004755288461538461,0,0.75,0.75,0.0
204,656000,-778.3904991149902,-7.783904800415039,-778.3904991149902,-7.783904800415039,0.0,778.3904991149902,7.783904800415039,30.919281005859375,0.30919320106506376,4.26042140007019,0.0,0.0,nan,nan,nan,nan,nan,nan,nan,nan,nan,nan,6560,-0.001694036386243536,0.028322215750813486,1.493584156036377,0.001925813965499401,0.04310260787606239,0.04310260787606239,0.06295487023890019,0.0020040047784287106,0.012884375121211633,0.5154017210006714,1.0,0.007057692307692307,0.0004744230769230769,0,0.75,0.75,0.0
205,659200,-822.0403604507446,-8.22040373802185,-822.0403604507446,-8.22040373802185,0.0,822.0403604507446,8.22040373802185,-12.73058032989502,-0.12730573654174826,3.868531787395477,0.0,0.0,nan,nan,nan,nan,nan,nan,nan,nan,nan,nan,6592,-0.0014631727633415358,0.016421186830848457,1.4898626327514648,-0.003746083425357938,0.05337773337960243,0.05337773337960243,0.04715588130056858,0.0029461007710788944,0.02428125048027141,0.6294541358947754,1.0,0.0070432692307692306,0.00047331730769230773,0,0.75,0.75,0.0
206,662400,-877.3895893096924,-8.77389624595642,-877.3895893096924,-8.77389624595642,0.0,877.3895893096924,8.77389624595642,-68.07980918884277,-0.6807982444763176,4.748870406150818,0.0,0.0,nan,nan,nan,nan,nan,nan,nan,nan,nan,nan,6624,-0.0012725144016672908,0.022188287787139417,1.5033003687858582,-0.0007448374293744564,0.03310585934668779,0.03310585934668779,0.057063866034150125,0.001722046019859598,0.006746875068347436,0.37442684173583984,1.0,0.007028846153846154,0.0004722115384615385,0,0.75,0.75,0.0
207,665600,-795.1520872116089,-7.951521153450012,-795.1520872116089,-7.951521153450012,0.0,795.1520872116089,7.951521153450012,14.157692909240723,0.1415768480300903,3.78086660861969,0.0,0.0,nan,nan,nan,nan,nan,nan,nan,nan,nan,nan,6656,-0.0016324554859661333,0.015136565640568733,1.4943878889083861,-0.004546441743150354,0.04981985650956631,0.04981985650956631,0.048558659851551056,0.002967471263401448,0.026040625330642796,0.6325341463088989,1.0,0.007014423076923077,0.00047110576923076923,0,0.75,0.75,0.0
208,668800,-769.2910642623901,-7.69291063785553,-769.2910642623901,-7.69291063785553,0.0,769.2910642623901,7.69291063785553,40.01871585845947,0.40018736362457297,3.5934781432151794,0.0,0.0,nan,nan,nan,nan,nan,nan,nan,nan,nan,nan,6688,-0.0013532972352347627,0.014863781537860632,1.4989292621612549,-0.004413911700248718,0.041610244661569595,0.041610244661569595,0.04382692463696003,0.0014936813109680067,0.008762500021839514,0.5205676555633545,1.0,0.007,0.00047000000000000004,0,0.75,0.75,0.0
209,672000,-763.6186990737915,-7.636187000274658,-763.6186990737915,-7.636187000274658,0.0,763.6186990737915,7.636187000274658,45.691081047058105,0.4569110012054445,3.4518550348281862,0.0,0.0,nan,nan,nan,nan,nan,nan,nan,nan,nan,nan,6720,-0.0014434356280020432,0.010730559844523669,1.51030695438385,-0.006628520926460624,0.044555607438087466,0.044555607438087466,0.03799537941813469,0.0017952393427558392,0.01320937505661277,0.7113347053527832,1.0,0.006985576923076923,0.0004688942307692308,0,0.75,0.75,0.0
210,675200,-780.1397352218628,-7.801397366523743,-780.1397352218628,-7.801397366523743,0.0,780.1397352218628,7.801397366523743,29.170044898986816,0.29170063495636,4.135423834323883,0.0,0.0,nan,nan,nan,nan,nan,nan,nan,nan,nan,nan,6752,-0.0018966562000802157,0.015524917468428611,1.505399477481842,-0.004628568980842828,0.04756985604763031,0.04756985604763031,0.044073499739170074,0.002062318718527478,0.013465625204480603,0.5626254677772522,1.0,0.006971153846153846,0.00046778846153846154,0,0.75,0.75,0.0
211,678400,-762.0654201507568,-7.620654006004333,-762.0654201507568,-7.620654006004333,0.0,762.0654201507568,7.620654006004333,47.24435997009277,0.47244399547576954,3.858480546474457,0.0,0.0,nan,nan,nan,nan,nan,nan,nan,nan,nan,nan,6784,-0.0013132027811721513,0.01944380085915327,1.5056490302085876,-0.002065697591751814,0.03756673224270344,0.03756673224270344,0.05520617738366127,0.0016153113014307004,0.009378124940849376,0.6211495399475098,1.0,0.006956730769230769,0.0004666826923076923,0,0.75,0.75,0.0
212,681600,-815.7691535949707,-8.157691736221313,-815.7691535949707,-8.157691736221313,0.0,815.7691535949707,8.157691736221313,-6.459373474121094,-0.06459373474121044,4.203687219619751,0.0,0.0,nan,nan,nan,nan,nan,nan,nan,nan,nan,nan,6816,-0.001893504282110392,0.011780048534274102,1.50793114900589,-0.006472001643851399,0.045631812512874605,0.045631812512874605,0.04364311024546623,0.0022814651121744398,0.014668750180499046,0.5940319895744324,1.0,0.006942307692307692,0.00046557692307692305,0,0.75,0.75,0.0
213,684800,-792.942497253418,-7.9294249534606935,-792.942497253418,-7.9294249534606935,0.0,792.942497253418,7.9294249534606935,16.36728286743164,0.16367304801940907,4.230806589126587,0.0,0.0,nan,nan,nan,nan,nan,nan,nan,nan,nan,nan,6848,-0.0012477719385263874,0.015007279254496098,1.512654972076416,-0.00422363136895001,0.04229401610791683,0.04229401610791683,0.047900354117155076,0.0013011733295580385,0.006562499894062057,0.5782527923583984,1.0,0.006927884615384615,0.00046447115384615385,0,0.75,0.75,0.0
214,688000,-919.9898023605347,-9.199897699356079,-919.9898023605347,-9.199897699356079,0.0,919.9898023605347,9.199897699356079,-110.68002223968506,-1.1067996978759762,4.679162240028381,0.0,0.0,nan,nan,nan,nan,nan,nan,nan,nan,nan,nan,6880,-0.0019249230131158867,0.024902640283107756,1.514883279800415,5.330960266292095e-05,0.05453358441591263,0.05453358441591263,0.05804012194275856,0.0023846355725264386,0.018343750273925253,0.4104396104812622,1.0,0.0069134615384615385,0.0004633653846153846,0,0.75,0.75,0.0
215,691200,-781.4121112823486,-7.814121417999267,-781.4121112823486,-7.814121417999267,0.0,781.4121112823486,7.814121417999267,27.897668838500977,0.2789765834808353,3.962959668636322,0.0,0.0,nan,nan,nan,nan,nan,nan,nan,nan,nan,nan,6912,-0.0012983252912759369,0.014367144089192152,1.5286923170089721,-0.004661260126158595,0.03737568072974682,0.03737568072974682,0.0460069976747036,0.001594366903737994,0.008218749755178579,0.48482614755630493,1.0,0.006899038461538462,0.00046225961538461536,0,0.75,0.75,0.0
216,694400,-779.6145029067993,-7.796145043373108,-779.6145029067993,-7.796145043373108,0.0,779.6145029067993,7.796145043373108,29.695277214050293,0.29695295810699474,3.946526598930359,0.0,0.0,nan,nan,nan,nan,nan,nan,nan,nan,nan,nan,6944,-0.0016646627855603669,0.015614912193268538,1.5295271396636962,-0.004387412779033184,0.04095014631748199,0.04095014631748199,0.05028141476213932,0.001548225718944278,0.008949999744072557,0.5853592753410339,1.0,0.006884615384615385,0.00046115384615384616,0,0.75,0.75,0.0
217,697600,-873.8035144805908,-8.738035106658936,-873.8035144805908,-8.738035106658936,0.0,873.8035144805908,8.738035106658936,-64.49373435974121,-0.6449371051788333,4.009503130912781,0.0,0.0,nan,nan,nan,nan,nan,nan,nan,nan,nan,nan,6976,-0.0013688614292594048,0.015582747291773558,1.5404902338981628,-0.004160952102392912,0.041105343401432036,0.041105343401432036,0.04943745248019695,0.0015525010810970238,0.00793749995646067,0.6477208137512207,1.0,0.006870192307692308,0.00046004807692307697,0,0.75,0.75,0.0
218,700800,-916.3123540878296,-9.163123807907105,-916.3123540878296,-9.163123807907105,0.0,916.3123540878296,9.163123807907105,-107.00257396697998,-1.0700258064270027,4.066206748485565,0.0,0.0,nan,nan,nan,nan,nan,nan,nan,nan,nan,nan,7008,-0.001071309414046162,0.027282331511378287,1.5373958706855775,0.002029825234785676,0.03584591820836067,0.03584591820836067,0.06663860157132148,0.001085054357100464,0.004650000036053825,0.28566038608551025,1.0,0.006855769230769231,0.0004589423076923077,0,0.75,0.75,0.0
219,704000,-829.2861862182617,-8.292861881256103,-829.2861862182617,-8.292861881256103,0.0,829.2861862182617,8.292861881256103,-19.97640609741211,-0.1997638797760004,3.687001566886902,0.0,0.0,nan,nan,nan,nan,nan,nan,nan,nan,nan,nan,7040,-0.0012085582855157373,0.019225346390157938,1.5361578822135926,-0.002105272840708494,0.03645581938326359,0.03645581938326359,0.051652805507183076,0.0019994486792720054,0.011924999905750156,0.5363096594810486,1.0,0.0068413461538461545,0.00045783653846153847,0,0.75,0.75,0.0
220,707200,-758.1343793869019,-7.581344079971314,-758.1343793869019,-7.581344079971314,0.0,758.1343793869019,7.581344079971314,51.175400733947754,0.511753921508789,3.402961709499359,0.0,0.0,-852.335040807724,-8.52335040807724,-852.335040807724,-8.52335040807724,100.0,3.720444388538599,0.0,0.0,852.335040807724,-50.5884804725647,7072,-0.001363625019322967,0.01553315632045269,1.5373536586761474,-0.004092442337423563,0.048886838182806966,0.048886838182806966,0.04790583960711956,0.0016808187781870714,0.008734375101630576,0.5684565305709839,1.0,0.006826923076923076,0.0004567307692307692,0,0.75,0.75,0.0
221,710400,-739.0403919219971,-7.390403847694397,-739.0403919219971,-7.390403847694397,0.0,739.0403919219971,7.390403847694397,70.26938819885254,0.7026941537857052,3.883559305667877,0.0,0.0,nan,nan,nan,nan,nan,nan,nan,nan,nan,nan,7104,-0.002077231081319031,0.019307800754904746,1.5252333641052247,-0.002813982777297497,0.049897794425487516,0.049897794425487516,0.05452340170741081,0.0024068860937414616,0.020074999686767115,0.41275304555892944,1.0,0.006812499999999999,0.000455625,0,0.75,0.75,0.0
222,713600,-815.5440483093262,-8.155440592765808,-815.5440483093262,-8.155440592765808,0.0,815.5440483093262,8.155440592765808,-6.2342681884765625,-0.06234259128570585,3.642317328453064,0.0,0.0,nan,nan,nan,nan,nan,nan,nan,nan,nan,nan,7136,-0.001450564395362708,0.019435506593436003,1.5165857672691345,-0.002042677765712142,0.04110478013753891,0.04110478013753891,0.055399993807077406,0.0011718863908764278,0.0069937500404193996,0.497941792011261,1.0,0.006798076923076922,0.0004545192307692308,0,0.75,0.75,0.0
223,716800,-782.0200862884521,-7.820201082229614,-782.0200862884521,-7.820201082229614,0.0,782.0200862884521,7.820201082229614,27.28969383239746,0.2728969192504884,4.010273377895356,0.0,0.0,nan,nan,nan,nan,nan,nan,nan,nan,nan,nan,7168,-0.0010983400865807625,0.013285223301500082,1.5161311268806457,-0.0047406374476850035,0.03610341381281614,0.03610341381281614,0.048508158698678014,0.0012702261221430448,0.009106250017066487,0.6948780417442322,1.0,0.0067836538461538455,0.00045341346153846153,0,0.75,0.75,0.0
224,720000,-858.7499895095825,-8.587499685287476,-858.7499895095825,-8.587499685287476,0.0,858.7499895095825,8.587499685287476,-49.44020938873291,-0.49440168380737326,4.701859736442566,0.0,0.0,nan,nan,nan,nan,nan,nan,nan,nan,nan,nan,7200,-0.0013483683399914347,0.01948613990098238,1.5227113604545592,-0.00191288273781538,0.037459783256053925,0.037459783256053925,0.050229621678590776,0.0012079518401160827,0.006937500185449608,0.4943850040435791,1.0,0.006769230769230769,0.0004523076923076923,0,0.75,0.75,0.0
225,723200,-756.803858757019,-7.568038415908814,-756.803858757019,-7.568038415908814,0.0,756.803858757019,7.568038415908814,52.505921363830566,0.525059585571289,3.6474715518951415,0.0,0.0,nan,nan,nan,nan,nan,nan,nan,nan,nan,nan,7232,-0.0017618271788815143,0.015846606530249118,1.511040163040161,-0.004045309638604522,0.04883036948740482,0.04883036948740482,0.047019151225686076,0.0021029322764672407,0.019018749456154182,0.5749334096908569,1.0,0.006754807692307692,0.0004512019230769231,0,0.75,0.75,0.0
226,726400,-787.5717067718506,-7.875717167854309,-787.5717067718506,-7.875717167854309,0.0,787.5717067718506,7.875717167854309,21.738073348999023,0.21738083362579363,4.093621368408203,0.0,0.0,nan,nan,nan,nan,nan,nan,nan,nan,nan,nan,7264,-0.0017225648187333853,0.018268655706197023,1.5223822236061095,-0.0028496789280325176,0.04375986233353615,0.04375986233353615,0.049493858590722084,0.001800021004602163,0.009549999958835542,0.6382013559341431,1.0,0.006740384615384615,0.00045009615384615384,0,0.75,0.75,0.0
227,729600,-785.8502855300903,-7.858502821922302,-785.8502855300903,-7.858502821922302,0.0,785.8502855300903,7.858502821922302,23.459494590759277,0.2345951795578003,3.72527485370636,0.0,0.0,nan,nan,nan,nan,nan,nan,nan,nan,nan,nan,7296,-0.0016629046611953413,0.013466027472168208,1.5211852073669434,-0.005161323817446828,0.04242657646536827,0.04242657646536827,0.050589046254754064,0.0017090271081553153,0.009850000034202822,0.6101748943328857,1.0,0.006725961538461538,0.00044899038461538465,0,0.75,0.75,0.0
228,732800,-755.0676469802856,-7.550676169395447,-755.0676469802856,-7.550676169395447,0.0,755.0676469802856,7.550676169395447,54.242133140563965,0.5424218320846554,3.5490366554260255,0.0,0.0,nan,nan,nan,nan,nan,nan,nan,nan,nan,nan,7328,-0.001963306494918626,0.01767010213807225,1.5179934620857238,-0.003316326905041933,0.05561800412833691,0.05561800412833691,0.05393631383776665,0.002077049511718709,0.015824999834876508,0.5081855058670044,1.0,0.0067115384615384615,0.0004478846153846154,0,0.75,0.75,0.0
229,736000,-789.50341796875,-7.895034136772156,-789.50341796875,-7.895034136772156,0.0,789.50341796875,7.895034136772156,19.80636215209961,0.19806386470794646,3.7878681778907777,0.0,0.0,nan,nan,nan,nan,nan,nan,nan,nan,nan,nan,7360,-0.0017143949175137507,0.020853915065526963,1.5113927841186523,-0.001409409288316965,0.042158542200922966,0.042158542200922966,0.05546312145888806,0.002148126180692161,0.012706249888287858,0.5937915444374084,1.0,0.006697115384615385,0.00044677884615384615,0,0.75,0.75,0.0
230,739200,-785.5323753356934,-7.855323905944824,-785.5323753356934,-7.855323905944824,0.0,785.5323753356934,7.855323905944824,23.77740478515625,0.23777409553527828,3.451189112663269,0.0,0.0,nan,nan,nan,nan,nan,nan,nan,nan,nan,nan,7392,-0.001995802923710999,0.01558056166395545,1.5018023610115052,-0.00424160473048687,0.04662823677062988,0.04662823677062988,0.04872193895280361,0.001666239010229481,0.011999999987892807,0.674541711807251,1.0,0.006682692307692308,0.0004456730769230769,0,0.75,0.75,0.0
231,742400,-838.989236831665,-8.389892892837524,-838.989236831665,-8.389892892837524,0.0,838.989236831665,8.389892892837524,-29.67945671081543,-0.2967948913574219,4.705634617805481,0.0,0.0,nan,nan,nan,nan,nan,nan,nan,nan,nan,nan,7424,-0.0011985517503111608,0.019428266584873198,1.5133153319358825,-0.001575612323358655,0.032791764661669734,0.032791764661669734,0.05076365657150746,0.0017270478776492653,0.013765624939696863,0.6778563261032104,1.0,0.00666826923076923,0.0004445673076923077,0,0.75,0.75,0.0
232,745600,-808.0362453460693,-8.080362939834595,-808.0362453460693,-8.080362939834595,0.0,808.0362453460693,8.080362939834595,1.2735347747802734,0.012735061645507528,3.818614354133606,0.0,0.0,nan,nan,nan,nan,nan,nan,nan,nan,nan,nan,7456,-0.0015829703603754796,0.0159785901196301,1.4973121166229248,-0.00355655993334949,0.03529735170304775,0.03529735170304775,0.052285363897681236,0.001460442728422277,0.006884375034132972,0.5631657838821411,1.0,0.006653846153846153,0.00044346153846153846,0,0.75,0.75,0.0
233,748800,-863.1822528839111,-8.631822566986084,-863.1822528839111,-8.631822566986084,0.0,863.1822528839111,8.631822566986084,-53.87247276306152,-0.5387245655059818,4.882892060279846,0.0,0.0,nan,nan,nan,nan,nan,nan,nan,nan,nan,nan,7488,-0.0015311253924621404,0.01835960317403078,1.5082304358482361,-0.002365103317424655,0.04975564554333687,0.04975564554333687,0.046773262694478034,0.0017324101805580847,0.01083750007674098,0.6646789312362671,1.0,0.006639423076923077,0.0004423557692307692,0,0.75,0.75,0.0
234,752000,-875.0604515075684,-8.750604610443116,-875.0604515075684,-8.750604610443116,0.0,875.0604515075684,8.750604610443116,-65.75067138671875,-0.657506608963013,4.614982194900513,0.0,0.0,nan,nan,nan,nan,nan,nan,nan,nan,nan,nan,7520,-0.0016834955124883423,0.023328680358827115,1.5131297707557678,-4.363986663520336e-05,0.04606212228536606,0.04606212228536606,0.058918948471546176,0.001965396543529192,0.01231250007331255,0.5631410479545593,1.0,0.006625,0.00044125,0,0.75,0.75,0.0
235,755200,-767.1707248687744,-7.671707382202149,-767.1707248687744,-7.671707382202149,0.0,767.1707248687744,7.671707382202149,42.139055252075195,0.42139061927795396,3.9431654262542724,0.0,0.0,nan,nan,nan,nan,nan,nan,nan,nan,nan,nan,7552,-0.001852301310712967,0.016531972959637643,1.4909958720207215,-0.0034426579251885412,0.03683349937200546,0.03683349937200546,0.05593483708798885,0.001649956360780728,0.011734375034575351,0.5356414318084717,1.0,0.006610576923076923,0.00044014423076923077,0,0.75,0.75,0.0
236,758400,-818.2350406646729,-8.182350673675536,-818.2350406646729,-8.182350673675536,0.0,818.2350406646729,8.182350673675536,-8.925260543823242,-0.08925267219543365,4.22845627784729,0.0,0.0,nan,nan,nan,nan,nan,nan,nan,nan,nan,nan,7584,-0.001748452152556279,0.011140435840934515,1.4849974393844605,-0.005973506066948175,0.04761096797883511,0.04761096797883511,0.04079984314739704,0.0017130885047676055,0.011818749735539313,0.6602576971054077,1.0,0.006596153846153846,0.0004390384615384616,0,0.75,0.75,0.0
237,761600,-843.4256477355957,-8.434256591796874,-843.4256477355957,-8.434256591796874,0.0,843.4256477355957,8.434256591796874,-34.115867614746094,-0.34115859031677154,4.381333813667298,0.0,0.0,nan,nan,nan,nan,nan,nan,nan,nan,nan,nan,7616,-0.0013667506879894153,0.03265897706151009,1.4621023893356324,0.0053395736962556836,0.03483386728912592,0.03483386728912592,0.06767211593687535,0.0013535910395160791,0.007159374898765236,0.31582576036453247,1.0,0.006581730769230769,0.00043793269230769233,0,0.75,0.75,0.0
238,764800,-820.1977300643921,-8.2019771194458,-820.1977300643921,-8.2019771194458,0.0,820.1977300643921,8.2019771194458,-10.88794994354248,-0.1088791179656976,4.129503202438355,0.0,0.0,nan,nan,nan,nan,nan,nan,nan,nan,nan,nan,7648,-0.0017584139685379086,0.02010470014065504,1.4446946740150453,-0.00119381844997406,0.04134087786078453,0.04134087786078453,0.05644398704171181,0.0018045340268157412,0.0124124999740161,0.4829801917076111,1.0,0.006567307692307692,0.0004368269230769231,0,0.75,0.75,0.0
239,768000,-788.7428016662598,-7.887428154945374,-788.7428016662598,-7.887428154945374,0.0,788.7428016662598,7.887428154945374,20.566978454589844,0.20566984653472886,3.71587922334671,0.0,0.0,nan,nan,nan,nan,nan,nan,nan,nan,nan,nan,7680,-0.001879613505967459,0.018433219660073517,1.4790974020957948,-0.0023553584702312945,0.04387746751308441,0.04387746751308441,0.047802428156137465,0.002201749893721531,0.0172000001068227,0.6264474391937256,1.0,0.006552884615384615,0.00043572115384615383,0,0.75,0.75,0.0
240,771200,-864.3069849014282,-8.643069925308227,-864.3069849014282,-8.643069925308227,0.0,864.3069849014282,8.643069925308227,-54.99720478057861,-0.5499719238281244,4.08812903881073,0.0,0.0,-858.6017100811005,-8.586017100811004,-858.6017100811005,-8.586017100811004,100.0,3.341926571726799,0.0,0.0,858.6017100811005,-56.85514974594116,7712,-0.0017960809713811975,0.02342137824743986,1.4772404551506042,0.00025572841987013816,0.05274464376270771,0.05274464376270771,0.059130610525608064,0.002027517974785362,0.013781250267493305,0.6280518770217896,1.0,0.006538461538461538,0.0004346153846153846,0,0.75,0.75,0.0
241,774400,-744.1971616744995,-7.441971645355225,-744.1971616744995,-7.441971645355225,0.0,744.1971616744995,7.441971645355225,65.1126184463501,0.6511263561248777,3.146851420402527,0.0,0.0,nan,nan,nan,nan,nan,nan,nan,nan,nan,nan,7744,-0.001909575483622028,0.01605765791609883,1.4866161346435547,-0.0035794873256236315,0.048193692788481714,0.048193692788481714,0.04627219326794148,0.0020204256412410665,0.020262499642558395,0.5391823053359985,1.0,0.006524038461538461,0.0004335096153846154,0,0.75,0.75,0.0
242,777600,-835.7929525375366,-8.357929754257203,-835.7929525375366,-8.357929754257203,0.0,835.7929525375366,8.357929754257203,-26.48317241668701,-0.26483175277710025,4.186734294891357,0.0,0.0,nan,nan,nan,nan,nan,nan,nan,nan,nan,nan,7776,-0.0014752538206870725,0.01856319922953844,1.4909461379051208,-0.001899140328168869,0.03905374445021152,0.03905374445021152,0.04468527697026729,0.0016877939655398032,0.011262499843724072,0.6748892068862915,1.0,0.0065096153846153845,0.00043240384615384614,0,0.75,0.75,0.0
243,780800,-836.4563217163086,-8.36456298828125,-836.4563217163086,-8.36456298828125,0.0,836.4563217163086,8.36456298828125,-27.146541595458984,-0.2714649868011474,4.092653300762176,0.0,0.0,nan,nan,nan,nan,nan,nan,nan,nan,nan,nan,7808,-0.001479739381477696,0.013476757425814867,1.4913774967193603,-0.0044281440787017345,0.04067041203379631,0.04067041203379631,0.04271954521536827,0.0017369570137828628,0.009965624879987445,0.6468332409858704,1.0,0.006495192307692308,0.00043129807692307695,0,0.75,0.75,0.0
244,784000,-823.1865577697754,-8.231865468025207,-823.1865577697754,-8.231865468025207,0.0,823.1865577697754,8.231865468025207,-13.876777648925781,-0.1387674665451044,4.730211124420166,0.0,0.0,nan,nan,nan,nan,nan,nan,nan,nan,nan,nan,7840,-0.0015636855178745358,0.02392023764550686,1.4904290199279786,0.0007373068947345018,0.04034306854009628,0.04034306854009628,0.06220979206264019,0.0017276522736221814,0.010537499887868762,0.45874881744384766,1.0,0.006480769230769231,0.0004301923076923077,0,0.75,0.75,0.0
245,787200,-789.9714946746826,-7.899714689254761,-789.9714946746826,-7.899714689254761,0.0,789.9714946746826,7.899714689254761,19.338285446166992,0.19338331222534144,3.6180908989906313,0.0,0.0,nan,nan,nan,nan,nan,nan,nan,nan,nan,nan,7872,-0.0011246750578167487,0.01632933532819152,1.479539966583252,-0.0025272253900766374,0.04950428679585457,0.04950428679585457,0.049552026018500325,0.0011466166964977207,0.006137499934993684,0.5909312963485718,1.0,0.006466346153846154,0.00042908653846153845,0,0.75,0.75,0.0
246,790400,-793.3029823303223,-7.933030152320862,-793.3029823303223,-7.933030152320862,0.0,793.3029823303223,7.933030152320862,16.006797790527344,0.16006784915924044,3.6602290296554565,0.0,0.0,nan,nan,nan,nan,nan,nan,nan,nan,nan,nan,7904,-0.001845894295547623,0.014683554973453283,1.469474971294403,-0.003985056094825268,0.04591517522931099,0.04591517522931099,0.049529115483164785,0.001643865077859423,0.011562499951105564,0.3738313317298889,1.0,0.006451923076923077,0.00042798076923076926,0,0.75,0.75,0.0
247,793600,-773.0033092498779,-7.730032801628113,-773.0033092498779,-7.730032801628113,0.0,773.0033092498779,7.730032801628113,36.30647087097168,0.3630651998519898,3.5499260926246645,0.0,0.0,nan,nan,nan,nan,nan,nan,nan,nan,nan,nan,7936,-0.0020627342026912745,0.01801129961386323,1.4701699137687683,-0.0025213032495230436,0.05367435943335295,0.05367435943335295,0.04761856757104397,0.002680649568356998,0.026287499052705242,0.5457419753074646,1.0,0.0064375000000000005,0.000426875,0,0.75,0.75,0.0
248,796800,-776.9783840179443,-7.769783535003662,-776.9783840179443,-7.769783535003662,0.0,776.9783840179443,7.769783535003662,32.33139610290527,0.32331446647644047,3.55247909784317,0.0,0.0,nan,nan,nan,nan,nan,nan,nan,nan,nan,nan,7968,-0.002108137270575394,0.017015965189784765,1.4836414456367493,-0.0031296979170292614,0.0506504837423563,0.0506504837423563,0.04591950736939907,0.001646111447190637,0.012156249674444553,0.5114603042602539,1.0,0.006423076923076924,0.0004257692307692308,0,0.75,0.75,0.0
249,800000,-884.4443712234497,-8.844443798065186,-884.4443712234497,-8.844443798065186,0.0,884.4443712234497,8.844443798065186,-75.1345911026001,-0.7513457965850829,4.182124156951904,0.0,0.0,nan,nan,nan,nan,nan,nan,nan,nan,nan,nan,8000,-0.0013890179355396048,0.020626098662614823,1.4817710757255553,-0.0005721262656152249,0.0439190112054348,0.0439190112054348,0.05644471496343613,0.0021874369776937095,0.016137499921023847,0.38782620429992676,1.0,0.006408653846153845,0.0004246634615384615,0,0.75,0.75,0.0
250,803200,-867.2834796905518,-8.672834634780884,-867.2834796905518,-8.672834634780884,0.0,867.2834796905518,8.672834634780884,-57.97369956970215,-0.5797366333007812,4.032146503925324,0.0,0.0,nan,nan,nan,nan,nan,nan,nan,nan,nan,nan,8032,-0.0015753385610413062,0.017633659392595293,1.4907223582267761,-0.0022905317135155203,0.04288770668208599,0.04288770668208599,0.05136846378445625,0.0013913222363057152,0.01023125007050112,0.4884074926376343,1.0,0.006394230769230768,0.0004235576923076923,0,0.75,0.75,0.0
251,806400,-788.6842250823975,-7.8868424654006954,-788.6842250823975,-7.8868424654006954,0.0,788.6842250823975,7.8868424654006954,20.62555503845215,0.20625553607940716,4.495162143707275,0.0,0.0,nan,nan,nan,nan,nan,nan,nan,nan,nan,nan,8064,-0.0010291270214598746,0.02609575744718313,1.5047361493110656,0.002418824005872011,0.03510621711611748,0.03510621711611748,0.0566782284528017,0.001244158041664628,0.004809375048353104,0.4803798198699951,1.0,0.006379807692307692,0.00042245192307692307,0,0.75,0.75,0.0
252,809600,-769.4796838760376,-7.6947966480255126,-769.4796838760376,-7.6947966480255126,0.0,769.4796838760376,7.6947966480255126,39.83009624481201,0.39830135345459006,4.001380515098572,0.0,0.0,nan,nan,nan,nan,nan,nan,nan,nan,nan,nan,8096,-0.0015916126644238914,0.011956790462136269,1.4806630611419678,-0.005038207024335861,0.042821246385574344,0.042821246385574344,0.03758618161082268,0.0016597881221982898,0.010581250162795186,0.5858359336853027,1.0,0.006365384615384615,0.0004213461538461538,0,0.75,0.75,0.0
253,812800,-783.4017162322998,-7.83401743888855,-783.4017162322998,-7.83401743888855,0.0,783.4017162322998,7.83401743888855,25.908063888549805,0.2590805625915529,3.8702567839622497,0.0,0.0,nan,nan,nan,nan,nan,nan,nan,nan,nan,nan,8128,-0.001473695752269144,0.015229816175997257,1.4658854722976684,-0.0031685699243098496,0.03806525059044361,0.03806525059044361,0.04018297232687473,0.0014145066510549936,0.007225000066682696,0.41591745615005493,1.0,0.006350961538461538,0.00042024038461538463,0,0.75,0.75,0.0
254,816000,-706.2071933746338,-7.062071628570557,-706.2071933746338,-7.062071628570557,0.0,706.2071933746338,7.062071628570557,103.10258674621582,1.0310263729095457,3.830710299015045,0.0,0.0,nan,nan,nan,nan,nan,nan,nan,nan,nan,nan,8160,-0.0017715243219630806,0.01564564974978566,1.4799474835395814,-0.0033264437690377234,0.0528469018638134,0.0528469018638134,0.05061854757368565,0.0017149693805564262,0.014193749928381294,0.4629051089286804,1.0,0.006336538461538461,0.0004191346153846154,0,0.75,0.75,0.0
255,819200,-815.8383779525757,-8.158383979797364,-815.8383779525757,-8.158383979797364,0.0,815.8383779525757,8.158383979797364,-6.528597831726074,-0.06528597831726124,3.8157711935043337,0.0,0.0,nan,nan,nan,nan,nan,nan,nan,nan,nan,nan,8192,-0.001666447837930174,0.017740019783377647,1.4942526459693908,-0.0022432752419263126,0.04403958432376385,0.04403958432376385,0.042829088121652606,0.0015155606732163245,0.0061062499415129425,0.5915330052375793,1.0,0.006322115384615384,0.0004180288461538462,0,0.75,0.75,0.0
256,822400,-775.8637237548828,-7.758637380599976,-775.8637237548828,-7.758637380599976,0.0,775.8637237548828,7.758637380599976,33.4460563659668,0.33446062088012685,4.028396139144897,0.0,0.0,nan,nan,nan,nan,nan,nan,nan,nan,nan,nan,8224,-0.0015118886248383311,0.012875597923994064,1.5043774485588073,-0.0045632396824657915,0.04640625827014446,0.04640625827014446,0.040971618890762326,0.001345109105024047,0.0075656252083717845,0.5353833436965942,1.0,0.0063076923076923076,0.00041692307692307694,0,0.75,0.75,0.0
257,825600,-787.390212059021,-7.873902292251587,-787.390212059021,-7.873902292251587,0.0,787.390212059021,7.873902292251587,21.919568061828613,0.21919570922851594,3.6644834375381468,0.0,0.0,nan,nan,nan,nan,nan,nan,nan,nan,nan,nan,8256,-0.0012203414483693998,0.018134591449052096,1.4964790344238281,-0.0015707912389189005,0.04420850612223148,0.04420850612223148,0.04943605214357376,0.0019042889587595785,0.010875000093801646,0.519773006439209,1.0,0.006293269230769231,0.0004158173076923077,0,0.75,0.75,0.0
258,828800,-849.8745555877686,-8.49874550819397,-849.8745555877686,-8.49874550819397,0.0,849.8745555877686,8.49874550819397,-40.564775466918945,-0.4056475067138674,4.6839782238006595,0.0,0.0,nan,nan,nan,nan,nan,nan,nan,nan,nan,nan,8288,-0.0016194081988418429,0.022321024909615517,1.5079744338989258,7.276488468050956e-05,0.04499363787472248,0.04499363787472248,0.058871691673994066,0.0016241350640499945,0.011365625100734179,0.5761868953704834,1.0,0.006278846153846154,0.0004147115384615385,0,0.75,0.75,0.0
259,832000,-829.6073322296143,-8.296073560714722,-829.6073322296143,-8.296073560714722,0.0,829.6073322296143,8.296073560714722,-20.29755210876465,-0.20297555923461985,4.0597154331207275,0.0,0.0,nan,nan,nan,nan,nan,nan,nan,nan,nan,nan,8320,-0.0012101912424085093,0.024362942576408385,1.5112555265426635,0.0015041360631585122,0.042287633195519446,0.042287633195519446,0.06135718859732151,0.001524503011025025,0.006328125043364707,0.3036413788795471,1.0,0.006264423076923076,0.00041360576923076925,0,0.75,0.75,0.0
260,835200,-875.0962648391724,-8.750962657928467,-875.0962648391724,-8.750962657928467,0.0,875.0962648391724,8.750962657928467,-65.78648471832275,-0.6578646564483641,3.939633159637451,0.0,0.0,-697.4228932857513,-6.974228932857513,-697.4228932857513,-6.974228932857513,100.0,2.9643639947474,0.0,0.0,697.4228932857513,104.32366704940796,8352,-0.0018218335302895739,0.025145035050809384,1.5022539138793944,0.0013615969568490983,0.045696791633963584,0.045696791633963584,0.060922473296523096,0.00227473422383031,0.01959999981772853,0.5055103898048401,1.0,0.0062499999999999995,0.0004125,0,0.75,0.75,0.0
261,838400,-833.6546840667725,-8.336546869277955,-833.6546840667725,-8.336546869277955,0.0,833.6546840667725,8.336546869277955,-24.34490394592285,-0.24344886779785213,4.0588361120224,0.0,0.0,nan,nan,nan,nan,nan,nan,nan,nan,nan,nan,8384,-0.001791023971396477,0.01677694097161293,1.4979137063026429,-0.0027429092209786178,0.04655941352248192,0.04655941352248192,0.05722547471523285,0.0017378858468886141,0.011268749722148641,0.6666281223297119,1.0,0.006235576923076923,0.00041139423076923075,0,0.75,0.75,0.0
262,841600,-830.6494092941284,-8.306494245529175,-830.6494092941284,-8.306494245529175,0.0,830.6494092941284,8.306494245529175,-21.33962917327881,-0.21339624404907198,4.701832108497619,0.0,0.0,nan,nan,nan,nan,nan,nan,nan,nan,nan,nan,8416,-0.0017472871309611726,0.024005146138370036,1.4956483125686646,0.0009506277274340391,0.05087657868862152,0.05087657868862152,0.06443798579275609,0.001880389671715815,0.01127187522361055,0.4267510771751404,1.0,0.006221153846153846,0.00041028846153846156,0,0.75,0.75,0.0
263,844800,-798.2032327651978,-7.982032361030579,-798.2032327651978,-7.982032361030579,0.0,798.2032327651978,7.982032361030579,11.106547355651855,0.1110656404495236,4.272559313774109,0.0,0.0,nan,nan,nan,nan,nan,nan,nan,nan,nan,nan,8448,-0.0018718018431682192,0.012456316594034433,1.4796691298484803,-0.004827551450580359,0.059704556688666345,0.059704556688666345,0.057713976874947545,0.002677194483841447,0.023871875041368184,0.5074499249458313,1.0,0.006206730769230769,0.0004091826923076923,0,0.75,0.75,0.0
264,848000,-828.1002006530762,-8.281001873016358,-828.1002006530762,-8.281001873016358,0.0,828.1002006530762,8.281001873016358,-18.790420532226562,-0.1879038715362551,4.305876069068908,0.0,0.0,nan,nan,nan,nan,nan,nan,nan,nan,nan,nan,8480,-0.0013362167987390427,0.028499023243784904,1.4799084782600402,0.003749245870858431,0.0415164515376091,0.0415164515376091,0.07334905713796616,0.0013185482006533818,0.007106250003562309,-0.026215791702270508,1.0,0.006192307692307692,0.0004080769230769231,0,0.75,0.75,0.0
265,851200,-813.4053859710693,-8.134053750038147,-813.4053859710693,-8.134053750038147,0.0,813.4053859710693,8.134053750038147,-4.095605850219727,-0.04095574855804429,4.302643752098083,0.0,0.0,nan,nan,nan,nan,nan,nan,nan,nan,nan,nan,8512,-0.0014526892581256056,0.01645548054948449,1.476408636569977,-0.0023460309021174908,0.057247350737452504,0.057247350737452504,0.048549146950244905,0.0016100775057580606,0.010296874964842573,0.5418578386306763,1.0,0.006177884615384615,0.00040697115384615386,0,0.75,0.75,0.0
266,854400,-820.7802133560181,-8.207802267074586,-820.7802133560181,-8.207802267074586,0.0,820.7802133560181,8.207802267074586,-11.470433235168457,-0.11470426559448299,3.5348297715187074,0.0,0.0,nan,nan,nan,nan,nan,nan,nan,nan,nan,nan,8544,-0.001199497583578335,0.03163819815963507,1.468696653842926,0.005567346140742302,0.04564420618116856,0.04564420618116856,0.07253246232867241,0.0014456879878720567,0.007724999979473068,0.2134891152381897,1.0,0.006163461538461538,0.0004058653846153846,0,0.75,0.75,0.0
267,857600,-858.4855480194092,-8.584855604171754,-858.4855480194092,-8.584855604171754,0.0,858.4855480194092,8.584855604171754,-49.17576789855957,-0.49175760269165103,4.719353613853454,0.0,0.0,nan,nan,nan,nan,nan,nan,nan,nan,nan,nan,8576,-0.0015606037682154295,0.03313794061541557,1.4880908370018004,0.00585803845897317,0.04460487365722656,0.04460487365722656,0.07052413262426853,0.0016293704073190272,0.01059999981589499,0.3398047089576721,1.0,0.006149038461538461,0.0004047596153846154,0,0.75,0.75,0.0
268,860800,-814.5912942886353,-8.1459130525589,-814.5912942886353,-8.1459130525589,0.0,814.5912942886353,8.1459130525589,-5.2815141677856445,-0.052815051078797026,4.400009422302246,0.0,0.0,nan,nan,nan,nan,nan,nan,nan,nan,nan,nan,8608,-0.001897275897627715,0.01694231918081641,1.4746888041496278,-0.0024727647658437492,0.06849444657564163,0.06849444657564163,0.0560206837952137,0.002666308271001732,0.01872499983292073,0.43258172273635864,1.0,0.006134615384615384,0.0004036538461538462,0,0.75,0.75,0.0
269,864000,-773.3500471115112,-7.733500647544861,-773.3500471115112,-7.733500647544861,0.0,773.3500471115112,7.733500647544861,35.95973300933838,0.35959735393524195,4.004492855072021,0.0,0.0,nan,nan,nan,nan,nan,nan,nan,nan,nan,nan,8640,-0.0015970911690965206,0.02470385804772377,1.4724650502204895,0.0017430684994906187,0.04407139867544174,0.04407139867544174,0.059426582604646686,0.0017433392393300779,0.010665625106776133,0.30482810735702515,1.0,0.006120192307692307,0.0004025480769230769,0,0.75,0.75,0.0
270,867200,-830.0053777694702,-8.30005347251892,-830.0053777694702,-8.30005347251892,0.0,830.0053777694702,8.30005347251892,-20.695597648620605,-0.2069554710388175,4.123399972915649,0.0,0.0,nan,nan,nan,nan,nan,nan,nan,nan,nan,nan,8672,-0.0018546591283636893,0.01699716439470649,1.478027892112732,-0.0023805744480341674,0.04576822891831398,0.04576822891831398,0.05027293749153614,0.001799779322028873,0.015771875070640817,0.4717217683792114,1.0,0.006105769230769231,0.0004014423076923077,0,0.75,0.75,0.0
271,870400,-876.9297485351562,-8.769297676086426,-876.9297485351562,-8.769297676086426,0.0,876.9297485351562,8.769297676086426,-67.61996841430664,-0.6761996746063232,4.411935458183288,0.0,0.0,nan,nan,nan,nan,nan,nan,nan,nan,nan,nan,8704,-0.001403974635340255,0.023966170102357864,1.4818074107170105,0.001552908681333065,0.04633764401078224,0.04633764401078224,0.06561612151563168,0.0014262323886227786,0.008318750094622374,0.38638079166412354,1.0,0.006091346153846154,0.0004003365384615385,0,0.75,0.75,0.0
272,873600,-909.9592180252075,-9.099591989517211,-909.9592180252075,-9.099591989517211,0.0,909.9592180252075,9.099591989517211,-100.64943790435791,-1.0064939880371089,4.935502510070801,0.0,0.0,nan,nan,nan,nan,nan,nan,nan,nan,nan,nan,8736,-0.001383988636697353,0.03223729059100151,1.4529372334480286,0.005905268993228674,0.04593351632356644,0.04593351632356644,0.06452801823616028,0.001455180523045404,0.008793749945107265,0.5634304881095886,1.0,0.006076923076923077,0.00039923076923076924,0,0.75,0.75,0.0
273,876800,-794.0851497650146,-7.940851616859436,-794.0851497650146,-7.940851616859436,0.0,794.0851497650146,7.940851616859436,15.224630355834961,0.15224638462066675,3.9634408450126646,0.0,0.0,nan,nan,nan,nan,nan,nan,nan,nan,nan,nan,8768,-0.0017736138454406357,0.020278075151145457,1.4727795362472533,-0.0005633024498820305,0.05449882559478283,0.05449882559478283,0.054006807133555414,0.0021418293843468326,0.014556249906308948,0.5876375436782837,1.0,0.0060625,0.000398125,0,0.75,0.75,0.0
274,880000,-853.248384475708,-8.532483854293822,-853.248384475708,-8.532483854293822,0.0,853.248384475708,8.532483854293822,-43.9386043548584,-0.4393858528137198,4.192189636230469,0.0,0.0,nan,nan,nan,nan,nan,nan,nan,nan,nan,nan,8800,-0.0012606531603843508,0.02001155065372586,1.484880232810974,-0.00023554759100079535,0.04362142756581307,0.04362142756581307,0.055020112171769144,0.0018354722131348543,0.008856250130338594,0.5898993015289307,1.0,0.0060480769230769225,0.0003970192307692308,0,0.75,0.75,0.0
275,883200,-814.5423202514648,-8.145423016548158,-814.5423202514648,-8.145423016548158,0.0,814.5423202514648,8.145423016548158,-5.232540130615234,-0.05232501506805498,4.453193683624267,0.0,0.0,nan,nan,nan,nan,nan,nan,nan,nan,nan,nan,8832,-0.00172539286215323,0.018279277347028257,1.4854422569274903,-0.0015483984723687172,0.05131000839173794,0.05131000839173794,0.052332378923892975,0.0017792522347023858,0.0154656249913387,0.6468519568443298,1.0,0.006033653846153846,0.00039591346153846154,0,0.75,0.75,0.0
276,886400,-867.8885364532471,-8.678885717391967,-867.8885364532471,-8.678885717391967,0.0,867.8885364532471,8.678885717391967,-58.57875633239746,-0.5857877159118647,4.755004768371582,0.0,0.0,nan,nan,nan,nan,nan,nan,nan,nan,nan,nan,8864,-0.0011819252425804728,0.0352717449888587,1.4658717513084412,0.007630526553839445,0.05433666482567787,0.05433666482567787,0.07304584607481956,0.0014072103578668719,0.008596875006332994,0.2639126777648926,1.0,0.006019230769230769,0.00039480769230769235,0,0.75,0.75,0.0
277,889600,-785.3241186141968,-7.8532414150238035,-785.3241186141968,-7.8532414150238035,0.0,785.3241186141968,7.8532414150238035,23.985661506652832,0.23985658645629915,4.301890850067139,0.0,0.0,nan,nan,nan,nan,nan,nan,nan,nan,nan,nan,8896,-0.001917207843041968,0.021833820082247258,1.4882983207702636,6.27569854259491e-05,0.05697212964296341,0.05697212964296341,0.05822594165802002,0.0028611178247971926,0.019731250088079834,0.5994617342948914,1.0,0.006004807692307692,0.0003937019230769231,0,0.75,0.75,0.0
278,892800,-790.6807279586792,-7.906807384490967,-790.6807279586792,-7.906807384490967,0.0,790.6807279586792,7.906807384490967,18.62905216217041,0.18629061698913585,3.9144386672973632,0.0,0.0,nan,nan,nan,nan,nan,nan,nan,nan,nan,nan,8928,-0.0010319306638789882,0.025068910047411918,1.4898444652557372,0.0025777830742299557,0.041002930328249934,0.041002930328249934,0.06902354881167412,0.0012444124084155111,0.006103125004665344,0.4994436502456665,1.0,0.005990384615384615,0.00039259615384615385,0,0.75,0.75,0.0
279,896000,-745.2911558151245,-7.452911472320556,-745.2911558151245,-7.452911472320556,0.0,745.2911558151245,7.452911472320556,64.0186243057251,0.6401865291595463,3.967597789764404,0.0,0.0,nan,nan,nan,nan,nan,nan,nan,nan,nan,nan,8960,-0.0014425810825544616,0.02648058272898197,1.4890042901039124,0.0028994779102504255,0.05272665284574032,0.05272665284574032,0.0694595817476511,0.0017912445888226716,0.013290624879300595,0.41967302560806274,1.0,0.005975961538461538,0.0003914903846153846,0,0.75,0.75,0.0
280,899200,-896.6965169906616,-8.96696517944336,-896.6965169906616,-8.96696517944336,0.0,896.6965169906616,8.96696517944336,-87.38673686981201,-0.8738671779632572,4.400619549751282,0.0,0.0,-684.4536739587784,-6.844536739587784,-684.4536739587784,-6.844536739587784,100.0,3.3045577283576133,0.0,0.0,684.4536739587784,117.29288637638092,8992,-0.0017892829436810588,0.03624773044139147,1.4989442706108094,0.007398568745702505,0.05992706120014191,0.05992706120014191,0.06359453909099103,0.0024860185749287006,0.018493750283960254,0.4808405637741089,1.0,0.005961538461538461,0.00039038461538461536,0,0.75,0.75,0.0
281,902400,-865.2375936508179,-8.65237629890442,-865.2375936508179,-8.65237629890442,0.0,865.2375936508179,8.65237629890442,-55.92781352996826,-0.5592782974243171,4.439156913757325,0.0,0.0,nan,nan,nan,nan,nan,nan,nan,nan,nan,nan,9024,-0.0010825081099115508,0.018929714895784856,1.4843047261238098,-0.00044498206116259096,0.049526119232177736,0.049526119232177736,0.06666213013231755,0.0011937472954755394,0.0072718748124316335,0.4684661030769348,1.0,0.005947115384615384,0.00038927884615384616,0,0.75,0.75,0.0
282,905600,-798.4569721221924,-7.984569234848022,-798.4569721221924,-7.984569234848022,0.0,798.4569721221924,7.984569234848022,10.852807998657227,0.10852876663208022,4.43561164855957,0.0,0.0,nan,nan,nan,nan,nan,nan,nan,nan,nan,nan,9056,-0.001307902440580075,0.020953733846545218,1.478722083568573,0.0003961613867431879,0.04064388908445835,0.04064388908445835,0.05457425601780415,0.0013262893655352395,0.008056250149093103,0.6020308136940002,1.0,0.005932692307692307,0.0003881730769230769,0,0.75,0.75,0.0
283,908800,-855.4909706115723,-8.554909572601318,-855.4909706115723,-8.554909572601318,0.0,855.4909706115723,8.554909572601318,-46.181190490722656,-0.4618115711212152,4.191658306121826,0.0,0.0,nan,nan,nan,nan,nan,nan,nan,nan,nan,nan,9088,-0.0008422796792991016,0.02888126615434885,1.4950592875480653,0.0047501901164650915,0.03764213882386684,0.03764213882386684,0.07236674651503563,0.0012712874166040738,0.007315625017508864,0.34183037281036377,1.0,0.00591826923076923,0.0003870673076923077,0,0.75,0.75,0.0
284,912000,-784.7806520462036,-7.847806673049927,-784.7806520462036,-7.847806673049927,0.0,784.7806520462036,7.847806673049927,24.529128074645996,0.24529132843017543,4.322030286788941,0.0,0.0,nan,nan,nan,nan,nan,nan,nan,nan,nan,nan,9120,-0.0017681728221592863,0.02231895811855793,1.5011283040046692,0.0005288755521178246,0.05507390275597572,0.05507390275597572,0.0629881363362074,0.001728540240402681,0.014459374669240788,0.43357646465301514,1.0,0.005903846153846154,0.0003859615384615385,0,0.75,0.75,0.0
285,915200,-766.9392719268799,-7.669392733573914,-766.9392719268799,-7.669392733573914,0.0,766.9392719268799,7.669392733573914,42.37050819396973,0.4237052679061888,3.238308970928192,0.0,0.0,nan,nan,nan,nan,nan,nan,nan,nan,nan,nan,9152,-0.0014475510135177672,0.021882455982267856,1.494847846031189,0.0006898853927850724,0.03995773494243622,0.03995773494243622,0.057964036241173744,0.0010878094901287058,0.006484375015133992,0.5380872488021851,1.0,0.005889423076923077,0.0003848557692307692,0,0.75,0.75,0.0
286,918400,-764.1766729354858,-7.641766629219055,-764.1766729354858,-7.641766629219055,0.0,764.1766729354858,7.641766629219055,45.13310718536377,0.45133137226104747,4.0293358302116395,0.0,0.0,nan,nan,nan,nan,nan,nan,nan,nan,nan,nan,9184,-0.0014465976010891168,0.020747848972678184,1.4943115830421447,0.00014824648387730123,0.05395516492426396,0.05395516492426396,0.05496717058122158,0.0013283171050733212,0.007368749927263707,0.44310736656188965,1.0,0.005875,0.00038375000000000003,0,0.75,0.75,0.0
287,921600,-855.431601524353,-8.554316034317017,-855.431601524353,-8.554316034317017,0.0,855.431601524353,8.554316034317017,-46.12182140350342,-0.4612180328369142,4.277251586914063,0.0,0.0,nan,nan,nan,nan,nan,nan,nan,nan,nan,nan,9216,-0.001982323625637239,0.020821697264909744,1.5057490587234497,-0.0003960329107940197,0.05222967267036438,0.05222967267036438,0.06682830080389976,0.001917806126949792,0.010699999995995312,0.4912901520729065,1.0,0.005860576923076923,0.0003826442307692308,0,0.75,0.75,0.0
288,924800,-819.945086479187,-8.199450492858887,-819.945086479187,-8.199450492858887,0.0,819.945086479187,8.199450492858887,-10.635306358337402,-0.10635249137878411,4.602286415100098,0.0,0.0,nan,nan,nan,nan,nan,nan,nan,nan,nan,nan,9248,-0.0011333883492625318,0.01908191302791238,1.5003772735595704,-0.00036386847496032714,0.04401721321046352,0.04401721321046352,0.05583580769598484,0.0013471473823314295,0.010565625023446046,0.47531288862228394,1.0,0.0058461538461538455,0.00038153846153846153,0,0.75,0.75,0.0
289,928000,-876.4655504226685,-8.76465552330017,-876.4655504226685,-8.76465552330017,0.0,876.4655504226685,8.76465552330017,-67.15577030181885,-0.671557521820068,4.818721675872803,0.0,0.0,nan,nan,nan,nan,nan,nan,nan,nan,nan,nan,9280,-0.0016934046752052011,0.0214284960180521,1.4957776308059691,0.0002978712785989046,0.05251738540828228,0.05251738540828228,0.06238331124186516,0.001374899505573336,0.008653125219279901,0.4910142421722412,1.0,0.005831730769230769,0.0003804326923076923,0,0.75,0.75,0.0
290,931200,-766.4041056632996,-7.664041018486023,-766.4041056632996,-7.664041018486023,0.0,766.4041056632996,7.664041018486023,42.90567445755005,0.42905698299408,4.1122014665603634,0.0,0.0,nan,nan,nan,nan,nan,nan,nan,nan,nan,nan,9312,-0.0012432007957133174,0.019195519387722015,1.4967414379119872,-0.00035244659520685675,0.03630984053015709,0.03630984053015709,0.0568056121468544,0.0016416436272277026,0.010262499959208072,0.4888762831687927,1.0,0.005817307692307692,0.0003793269230769231,0,0.75,0.75,0.0
291,934400,-858.6176862716675,-8.586176805496216,-858.6176862716675,-8.586176805496216,0.0,858.6176862716675,8.586176805496216,-49.30790615081787,-0.4930788040161129,4.393038969039917,0.0,0.0,nan,nan,nan,nan,nan,nan,nan,nan,nan,nan,9344,-0.0014764683584683525,0.027240773662924767,1.4871034741401672,0.0035144283436238767,0.07979756407439709,0.07979756407439709,0.062540590390563,0.0014220559241963538,0.009281249949708581,0.5192904472351074,1.0,0.005802884615384615,0.00037822115384615384,0,0.75,0.75,0.0
292,937600,-757.1976404190063,-7.571976618766785,-757.1976404190063,-7.571976618766785,0.0,757.1976404190063,7.571976618766785,52.11213970184326,0.5211213827133179,3.7426388263702393,0.0,0.0,nan,nan,nan,nan,nan,nan,nan,nan,nan,nan,9376,-0.001472619657125307,0.02310040108859539,1.4998165607452392,0.0013959501404315234,0.045209013670682904,0.045209013670682904,0.06249958425760269,0.0014079490385496426,0.008984375,0.32753294706344604,1.0,0.005788461538461538,0.0003771153846153846,0,0.75,0.75,0.0
293,940800,-863.3650941848755,-8.633651189804077,-863.3650941848755,-8.633651189804077,0.0,863.3650941848755,8.633651189804077,-54.05531406402588,-0.5405531883239743,4.035434026718139,0.0,0.0,nan,nan,nan,nan,nan,nan,nan,nan,nan,nan,9408,-0.0014917909943265694,0.031110219657421112,1.4946374535560607,0.005433224700391292,0.05235264301300049,0.05235264301300049,0.07351551689207554,0.001267477726106876,0.0065999999758787455,0.3576900362968445,1.0,0.0057740384615384615,0.0003760096153846154,0,0.75,0.75,0.0
294,944000,-809.6177492141724,-8.096177358627319,-809.6177492141724,-8.096177358627319,0.0,809.6177492141724,8.096177358627319,-0.3079690933227539,-0.0030793571472162995,4.3149559116363525,0.0,0.0,nan,nan,nan,nan,nan,nan,nan,nan,nan,nan,9440,-0.001563352930429396,0.030137496069073677,1.5015159606933595,0.004857240617275238,0.056125550717115405,0.056125550717115405,0.08007957451045514,0.0016397192976015118,0.010628124776121694,0.3632761240005493,1.0,0.005759615384615385,0.00037490384615384615,0,0.75,0.75,0.0
295,947200,-808.5626773834229,-8.085626845359803,-808.5626773834229,-8.085626845359803,0.0,808.5626773834229,8.085626845359803,0.7471027374267578,0.007471156120299582,3.7331563806533814,0.0,0.0,nan,nan,nan,nan,nan,nan,nan,nan,nan,nan,9472,-0.0017011509635485923,0.013082713726907969,1.5042040348052979,-0.0038017359096556903,0.05018606074154377,0.05018606074154377,0.042979533597826955,0.0019954683251866287,0.016315624985145404,0.5547985434532166,1.0,0.005745192307692308,0.00037379807692307696,0,0.75,0.75,0.0
296,950400,-878.5224714279175,-8.785224676132202,-878.5224714279175,-8.785224676132202,0.0,878.5224714279175,8.785224676132202,-69.21269130706787,-0.6921266746520995,4.474285597801209,0.0,0.0,nan,nan,nan,nan,nan,nan,nan,nan,nan,nan,9504,-0.0013230979534564647,0.04145559631288052,1.4706020474433898,0.010977019555866718,0.049866703897714616,0.049866703897714616,0.07152842991054058,0.0017580629188175053,0.01284062517224811,0.3056366443634033,1.0,0.00573076923076923,0.0003726923076923077,0,0.75,0.75,0.0
297,953600,-807.0013065338135,-8.070013046264648,-807.0013065338135,-8.070013046264648,0.0,807.0013065338135,8.070013046264648,2.308473587036133,0.023084955215454173,3.7689278864860536,0.0,0.0,nan,nan,nan,nan,nan,nan,nan,nan,nan,nan,9536,-0.001739988286967864,0.020361732132732867,1.4668585538864136,5.5806431919336316e-05,0.058053094521164895,0.058053094521164895,0.052603966742753985,0.0019824058108516836,0.017237499845214187,0.5213955640792847,1.0,0.0057163461538461535,0.00037158653846153846,0,0.75,0.75,0.0
298,956800,-740.1232976913452,-7.4012326669693,-740.1232976913452,-7.4012326669693,0.0,740.1232976913452,7.4012326669693,69.1864824295044,0.691865334510803,3.5424547958374024,0.0,0.0,nan,nan,nan,nan,nan,nan,nan,nan,nan,nan,9568,-0.001227078171458551,0.02390279248356819,1.4570221424102783,0.0024164896458387375,0.04393866248428822,0.04393866248428822,0.06518581211566925,0.0010431436609019493,0.005924999940543785,0.6141897439956665,1.0,0.005701923076923077,0.0003704807692307692,0,0.75,0.75,0.0
299,960000,-833.0147399902344,-8.330147008895874,-833.0147399902344,-8.330147008895874,0.0,833.0147399902344,8.330147008895874,-23.704959869384766,-0.23704900741577184,4.010184478759766,0.0,0.0,nan,nan,nan,nan,nan,nan,nan,nan,nan,nan,9600,-0.0011265467029064169,0.024607513286173343,1.4614200234413146,0.0028653835877776148,0.04220104739069939,0.04220104739069939,0.061632943153381345,0.0012182637947278922,0.007600000128149986,0.5676032900810242,1.0,0.0056875,0.000369375,0,0.75,0.75,0.0
300,963200,-830.5679225921631,-8.3056791973114,-830.5679225921631,-8.3056791973114,0.0,830.5679225921631,8.3056791973114,-21.258142471313477,-0.21258119583129798,4.163657312393188,0.0,0.0,-822.4244344234467,-8.224244344234467,-822.4244344234467,-8.224244344234467,100.0,3.739588503688574,0.0,0.0,822.4244344234467,-20.677874088287354,9632,-0.0011965292970300468,0.026469665020704268,1.4627856016159058,0.0037398080341517924,0.05744974762201309,0.05744974762201309,0.06081102900207043,0.0013191882120752794,0.006637500063516199,0.49807751178741455,1.0,0.005673076923076923,0.00036826923076923077,0,0.75,0.75,0.0
301,966400,-768.6666650772095,-7.686666541099548,-768.6666650772095,-7.686666541099548,0.0,768.6666650772095,7.686666541099548,40.64311504364014,0.40643146038055455,3.862596936225891,0.0,0.0,nan,nan,nan,nan,nan,nan,nan,nan,nan,nan,9664,-0.001453405931266083,0.024694897048175336,1.4564147353172303,0.002652695495635271,0.04970524236559868,0.04970524236559868,0.060233714431524275,0.0017395690345454276,0.008668749904609285,0.4390377402305603,1.0,0.005658653846153845,0.0003671634615384615,0,0.75,0.75,0.0
302,969600,-835.2011947631836,-8.352012109756469,-835.2011947631836,-8.352012109756469,0.0,835.2011947631836,8.352012109756469,-25.891414642333984,-0.2589141082763664,4.200555338859558,0.0,0.0,nan,nan,nan,nan,nan,nan,nan,nan,nan,nan,9696,-0.0013841377295204182,0.03195680603384972,1.4672332644462585,0.006312862411141396,0.06408067382872104,0.06408067382872104,0.08098562061786652,0.0015741469360378714,0.010115624824538826,0.49508726596832275,1.0,0.005644230769230769,0.00036605769230769233,0,0.75,0.75,0.0
303,972800,-822.0768489837646,-8.220768098831178,-822.0768489837646,-8.220768098831178,0.0,822.0768489837646,8.220768098831178,-12.767068862915039,-0.12767009735107493,3.882485451698303,0.0,0.0,nan,nan,nan,nan,nan,nan,nan,nan,nan,nan,9728,-0.001425502655131272,0.033116855286061765,1.4512033462524414,0.006962929293513298,0.04196126684546471,0.04196126684546471,0.07343520894646645,0.001505433732383267,0.007531249924068106,0.1360270380973816,1.0,0.005629807692307692,0.0003649519230769231,0,0.75,0.75,0.0
304,976000,-776.0230474472046,-7.760230803489685,-776.0230474472046,-7.760230803489685,0.0,776.0230474472046,7.760230803489685,33.28673267364502,0.3328671979904172,4.078674168586731,0.0,0.0,nan,nan,nan,nan,nan,nan,nan,nan,nan,nan,9760,-0.0015948718954110319,0.017957037035375833,1.4608154773712159,-0.000819394551217556,0.08598115220665932,0.08598115220665932,0.05443440154194832,0.0017126311686315346,0.01281249995190592,0.31131279468536377,1.0,0.005615384615384615,0.0003638461538461539,0,0.75,0.75,0.0
305,979200,-882.9333581924438,-8.829333581924438,-882.9333581924438,-8.829333581924438,0.0,882.9333581924438,8.829333581924438,-73.62357807159424,-0.736235580444335,4.603802895545959,0.0,0.0,nan,nan,nan,nan,nan,nan,nan,nan,nan,nan,9792,-0.0013481051613809746,0.029090881906449796,1.4449355959892274,0.005104307271540165,0.048837742581963536,0.048837742581963536,0.06533153764903546,0.0014691463831712798,0.011496874707518145,0.4400399327278137,1.0,0.005600961538461538,0.00036274038461538464,0,0.75,0.75,0.0
306,982400,-786.2377920150757,-7.8623779773712155,-786.2377920150757,-7.8623779773712155,0.0,786.2377920150757,7.8623779773712155,23.071988105773926,0.23072002410888715,3.589253168106079,0.0,0.0,nan,nan,nan,nan,nan,nan,nan,nan,nan,nan,9824,-0.0015113258922938577,0.021771201491355897,1.4388350248336792,0.0013361676130443812,0.06293504349887372,0.06293504349887372,0.0631986241787672,0.0022606590217053857,0.0191937500028871,0.14362549781799316,1.0,0.005586538461538461,0.0003616346153846154,0,0.75,0.75,0.0
307,985600,-748.7522773742676,-7.4875226402282715,-748.7522773742676,-7.4875226402282715,0.0,748.7522773742676,7.4875226402282715,60.55750274658203,0.6055753612518311,4.036866555213928,0.0,0.0,nan,nan,nan,nan,nan,nan,nan,nan,nan,nan,9856,-0.001533699619281137,0.029640163853764535,1.4550010561943054,0.005178948258981108,0.05735566802322865,0.05735566802322865,0.0770558912307024,0.002531517767058023,0.022531250305473805,0.22149711847305298,1.0,0.0055721153846153846,0.0003605288461538462,0,0.75,0.75,0.0
308,988800,-855.4919271469116,-8.554919118881225,-855.4919271469116,-8.554919118881225,0.0,855.4919271469116,8.554919118881225,-46.18214702606201,-0.4618211174011222,4.02255690574646,0.0,0.0,nan,nan,nan,nan,nan,nan,nan,nan,nan,nan,9888,-0.0007901761349814685,0.03533677458763122,1.447104549407959,0.008835649583488703,0.03161770813167095,0.03161770813167095,0.07058558836579323,0.000890933257325381,0.0029937499959487466,0.30243510007858276,1.0,0.005557692307692307,0.0003594230769230769,0,0.75,0.75,0.0
309,992000,-756.7574844360352,-7.5675750207901,-756.7574844360352,-7.5675750207901,0.0,756.7574844360352,7.5675750207901,52.55229568481445,0.5255229806900026,3.9680559730529783,0.0,0.0,nan,nan,nan,nan,nan,nan,nan,nan,nan,nan,9920,-0.0011595233071711951,0.019829189218580724,1.4476239085197449,0.0007305024657398463,0.04345031790435314,0.04345031790435314,0.05899890027940273,0.0011453331146202917,0.005265625030733645,0.44636034965515137,1.0,0.00554326923076923,0.0003583173076923077,0,0.75,0.75,0.0
310,995200,-819.5852394104004,-8.195852851867675,-819.5852394104004,-8.195852851867675,0.0,819.5852394104004,8.195852851867675,-10.275459289550781,-0.10275485038757282,4.479685888290406,0.0,0.0,nan,nan,nan,nan,nan,nan,nan,nan,nan,nan,9952,-0.0012918344281497517,0.04013531617820263,1.435880756378174,0.010837059933692217,0.04254538007080555,0.04254538007080555,0.08226979300379753,0.0012783534744828819,0.010049999952389043,0.2485874891281128,1.0,0.005528846153846153,0.00035721153846153845,0,0.75,0.75,0.0
311,998400,-753.1321086883545,-7.53132155418396,-753.1321086883545,-7.53132155418396,0.0,753.1321086883545,7.53132155418396,56.17767143249512,0.5617764472961424,3.8527168464660644,0.0,0.0,nan,nan,nan,nan,nan,nan,nan,nan,nan,nan,9984,-0.0015635540645686063,0.032480653189122674,1.4414174199104308,0.00672818748280406,0.05359848365187645,0.05359848365187645,0.07164225727319717,0.0016724025706950992,0.009099999870522879,0.32094722986221313,1.0,0.0055144230769230765,0.00035610576923076926,0,0.75,0.75,0.0
312,1001600,-821.3371753692627,-8.21337161064148,-821.3371753692627,-8.21337161064148,0.0,821.3371753692627,8.21337161064148,-12.027395248413086,-0.12027360916137653,4.1590231728553775,0.0,0.0,nan,nan,nan,nan,nan,nan,nan,nan,nan,nan,10016,-0.0015952302001882358,0.021917303465306757,1.4331881761550904,0.0014808865264058114,0.04334524869918823,0.04334524869918823,0.055222423002123835,0.0012746163989518775,0.008215625163575168,0.4448939561843872,1.0,0.0055,0.000355,0,0.75,0.75,0.0
313,1004800,-857.1666688919067,-8.571666889190674,-857.1666688919067,-8.571666889190674,0.0,857.1666688919067,8.571666889190674,-47.85688877105713,-0.47856888771057093,4.653115577697754,0.0,0.0,nan,nan,nan,nan,nan,nan,nan,nan,nan,nan,10048,-0.0014529635127866313,0.04941050112247467,1.4613935351371765,0.01523569980636239,0.045177897065877916,0.045177897065877916,0.09730853587388992,0.0014170393715191199,0.009965624928008765,0.3680626153945923,1.0,0.005485576923076923,0.00035389423076923076,0,0.75,0.75,0.0
314,1008000,-747.6851539611816,-7.47685142993927,-747.6851539611816,-7.47685142993927,0.0,747.6851539611816,7.47685142993927,61.62462615966797,0.6162465715408327,3.567829818725586,0.0,0.0,nan,nan,nan,nan,nan,nan,nan,nan,nan,nan,10080,-0.0015691023013671313,0.023686270602047442,1.4691073298454285,0.0022363209165632723,0.05498304851353168,0.05498304851353168,0.057528550177812575,0.0017691276072599343,0.01259375003282912,0.5337094068527222,1.0,0.005471153846153846,0.00035278846153846157,0,0.75,0.75,0.0
315,1011200,-860.3788909912109,-8.60378890991211,-860.3788909912109,-8.60378890991211,0.0,860.3788909912109,8.60378890991211,-51.06911087036133,-0.5106909084320073,4.564377794265747,0.0,0.0,nan,nan,nan,nan,nan,nan,nan,nan,nan,nan,10112,-0.0011070022551866287,0.03028439059853554,1.4898137092590331,0.005905680730938912,0.03943953551352024,0.03943953551352024,0.07497841231524945,0.0014156029032182586,0.009075000061420724,0.4361070990562439,1.0,0.005456730769230769,0.0003516826923076923,0,0.75,0.75,0.0
316,1014400,-808.0834865570068,-8.080834941864014,-808.0834865570068,-8.080834941864014,0.0,808.0834865570068,8.080834941864014,1.2262935638427734,0.012263059616088867,3.808696677684784,0.0,0.0,nan,nan,nan,nan,nan,nan,nan,nan,nan,nan,10144,-0.0012597866688971227,0.023102844320237636,1.4966352581977844,0.0021464857272803783,0.040170515328645705,0.040170515328645705,0.05841759480535984,0.0011743793525980577,0.005099999927915632,0.5200672149658203,1.0,0.0054423076923076925,0.0003505769230769231,0,0.75,0.75,0.0
317,1017600,-784.3680095672607,-7.843679976463318,-784.3680095672607,-7.843679976463318,0.0,784.3680095672607,7.843679976463318,24.941770553588867,0.24941802501678456,3.8421676659584048,0.0,0.0,nan,nan,nan,nan,nan,nan,nan,nan,nan,nan,10176,-0.0011699894368066399,0.014016598463058472,1.5046924948692322,-0.0023289871867746116,0.04243764877319336,0.04243764877319336,0.047258642688393596,0.0019025280842483194,0.006634374904388096,0.6217492818832397,1.0,0.005427884615384616,0.0003494711538461539,0,0.75,0.75,0.0
318,1020800,-755.1902494430542,-7.551902403831482,-755.1902494430542,-7.551902403831482,0.0,755.1902494430542,7.551902403831482,54.11953067779541,0.5411955976486205,4.067344024181366,0.0,0.0,nan,nan,nan,nan,nan,nan,nan,nan,nan,nan,10208,-0.0012333020409045047,0.023288477398455142,1.4823349714279175,0.0023863734677433968,0.055015815794467925,0.055015815794467925,0.05933049470186234,0.0011221311266141156,0.0070437499787658455,0.45381152629852295,1.0,0.005413461538461539,0.00034836538461538463,0,0.75,0.75,0.0
319,1024000,-795.2818069458008,-7.952817978858948,-795.2818069458008,-7.952817978858948,0.0,795.2818069458008,7.952817978858948,14.027973175048828,0.14028002262115447,3.6667803716659546,0.0,0.0,nan,nan,nan,nan,nan,nan,nan,nan,nan,nan,10240,-0.0012560344138416112,0.013447589427232742,1.486397385597229,-0.002557356422767043,0.040335312485694885,0.040335312485694885,0.045702080428600314,0.0020318961491298435,0.010150000045541674,0.6839848756790161,1.0,0.005399038461538461,0.00034725961538461543,0,0.75,0.75,0.0
320,1027200,-770.166410446167,-7.701664061546325,-770.166410446167,-7.701664061546325,0.0,770.166410446167,7.701664061546325,39.14336967468262,0.3914339399337772,3.9033881211280823,0.0,0.0,-869.94755589962,-8.6994755589962,-869.94755589962,-8.6994755589962,100.0,5.126155822873115,0.0,0.0,869.94755589962,-68.20099556446075,10272,-0.0016532819353509253,0.018745536264032126,1.4908227562904357,-0.0003080205526202917,0.05964826531708241,0.05964826531708241,0.052971004694700244,0.002129654506281598,0.017031249712454156,0.36707693338394165,1.0,0.005384615384615384,0.0003461538461538462,0,0.75,0.75,0.0
321,1030400,-883.7969427108765,-8.837969760894776,-883.7969427108765,-8.837969760894776,0.0,883.7969427108765,8.837969760894776,-74.48716259002686,-0.7448717594146732,4.851430530548096,0.0,0.0,nan,nan,nan,nan,nan,nan,nan,nan,nan,nan,10304,-0.0007397666681354664,0.031425955891609195,1.5009944677352904,0.006912582367658615,0.03951470591127872,0.03951470591127872,0.060700494796037674,0.0012691021845980086,0.005437499948311597,0.5685033798217773,1.0,0.005370192307692308,0.000345048076923077,0,0.75,0.75,0.0
322,1033600,-799.8946027755737,-7.998945922851562,-799.8946027755737,-7.998945922851562,0.0,799.8946027755737,7.998945922851562,9.415177345275879,0.09415207862854036,4.815713400840759,0.0,0.0,nan,nan,nan,nan,nan,nan,nan,nan,nan,nan,10336,-0.0012919753127265676,0.039564022049307826,1.4820850014686584,0.010552330408245325,0.050982164964079854,0.050982164964079854,0.07879723981022835,0.0018773891220933681,0.012040624942164868,0.3820834755897522,1.0,0.00535576923076923,0.0003439423076923077,0,0.75,0.75,0.0
323,1036800,-802.8188352584839,-8.028188333511352,-802.8188352584839,-8.028188333511352,0.0,802.8188352584839,8.028188333511352,6.490944862365723,0.06490966796875064,4.14849880695343,0.0,0.0,nan,nan,nan,nan,nan,nan,nan,nan,nan,nan,10368,-0.0013537693550460972,0.020300468616187572,1.4399572134017944,0.0011051546782255173,0.04533300250768661,0.04533300250768661,0.05574126914143562,0.001690128223710246,0.007515624957159161,0.5513941049575806,1.0,0.005341346153846153,0.00034283653846153844,0,0.75,0.75,0.0
324,1040000,-781.6923360824585,-7.816923298835754,-781.6923360824585,-7.816923298835754,0.0,781.6923360824585,7.816923298835754,27.617444038391113,0.2761747026443482,3.908362410068512,0.0,0.0,nan,nan,nan,nan,nan,nan,nan,nan,nan,nan,10400,-0.0015211192994611267,0.028508827649056913,1.4337664723396302,0.005095730908215046,0.0587027546018362,0.0587027546018362,0.07311940006911755,0.0018560376782281083,0.010671875141269993,0.41928428411483765,1.0,0.005326923076923076,0.0003417307692307692,0,0.75,0.75,0.0
325,1043200,-758.4930753707886,-7.584931073188781,-758.4930753707886,-7.584931073188781,0.0,758.4930753707886,7.584931073188781,50.816704750061035,0.5081669282913213,4.145963733196258,0.0,0.0,nan,nan,nan,nan,nan,nan,nan,nan,nan,nan,10432,-0.0011806803362501839,0.021441697143018246,1.4385258555412292,0.0018979995045810937,0.05065884776413441,0.05065884776413441,0.0610097236931324,0.0013219748681893076,0.006800000022849417,0.5951852798461914,1.0,0.0053124999999999995,0.000340625,0,0.75,0.75,0.0
326,1046400,-811.0870704650879,-8.110870237350463,-811.0870704650879,-8.110870237350463,0.0,811.0870704650879,8.110870237350463,-1.7772903442382812,-0.017772235870360475,3.2020026350021364,0.0,0.0,nan,nan,nan,nan,nan,nan,nan,nan,nan,nan,10464,-0.0012215298253460793,0.027098671533167362,1.4386356949806214,0.004705803049728274,0.06021904088556766,0.06021904088556766,0.0788828443735838,0.0011652537690695752,0.007362499923328869,0.45403051376342773,1.0,0.005298076923076923,0.00033951923076923075,0,0.75,0.75,0.0
327,1049600,-748.6463394165039,-7.486463446617126,-748.6463394165039,-7.486463446617126,0.0,748.6463394165039,7.486463446617126,60.6634407043457,0.6066345548629766,3.7083466243743897,0.0,0.0,nan,nan,nan,nan,nan,nan,nan,nan,nan,nan,10496,-0.0011845868693898254,0.020630661211907864,1.444489061832428,0.001498563727363944,0.04365771487355232,0.04365771487355232,0.056166254356503485,0.0011117970116192293,0.0052999999184976335,0.6854119300842285,1.0,0.005283653846153846,0.00033841346153846156,0,0.75,0.75,0.0
328,1052800,-867.8807487487793,-8.678807573318482,-867.8807487487793,-8.678807573318482,0.0,867.8807487487793,8.678807573318482,-58.57096862792969,-0.5857095718383789,4.6981851816177365,0.0,0.0,nan,nan,nan,nan,nan,nan,nan,nan,nan,nan,10528,-0.001384998688858463,0.028244559839367866,1.44963481426239,0.00509882066398859,0.06702942699193955,0.06702942699193955,0.0668645091354847,0.0016475816100881586,0.011346875005983748,0.4960682988166809,1.0,0.005269230769230769,0.0003373076923076923,0,0.75,0.75,0.0
329,1056000,-823.2082948684692,-8.232082843780518,-823.2082948684692,-8.232082843780518,0.0,823.2082948684692,8.232082843780518,-13.898514747619629,-0.13898484230041497,4.441750402450562,0.0,0.0,nan,nan,nan,nan,nan,nan,nan,nan,nan,nan,10560,-0.0010119593741488631,0.021093194372951984,1.4504364609718323,0.0019128728657960893,0.05627408213913441,0.05627408213913441,0.059193887561559674,0.0010279632344486437,0.006200000035460107,0.32907766103744507,1.0,0.0052548076923076914,0.00033620192307692306,0,0.75,0.75,0.0
330,1059200,-831.1824560165405,-8.311824369430543,-831.1824560165405,-8.311824369430543,0.0,831.1824560165405,8.311824369430543,-21.872675895690918,-0.2187263679504401,4.448375372886658,0.0,0.0,nan,nan,nan,nan,nan,nan,nan,nan,nan,nan,10592,-0.0011757803376065469,0.02669275663793087,1.4566158294677733,0.004537370940670371,0.05197844915091991,0.05197844915091991,0.06985394470393658,0.001128848109512462,0.005618750001303852,0.1621081829071045,1.0,0.005240384615384615,0.00033509615384615387,0,0.75,0.75,0.0
331,1062400,-823.3290462493896,-8.2332905960083,-823.3290462493896,-8.2332905960083,0.0,823.3290462493896,8.2332905960083,-14.019266128540039,-0.1401925945281981,4.076433653831482,0.0,0.0,nan,nan,nan,nan,nan,nan,nan,nan,nan,nan,10624,-0.001058563536289192,0.013108577951788903,1.4642557740211486,-0.0021564188413321973,0.0500544473528862,0.0500544473528862,0.05068344101309776,0.0009421745297017127,0.005556249955407111,0.6622717380523682,1.0,0.005225961538461538,0.0003339903846153846,0,0.75,0.75,0.0
332,1065600,-905.1995010375977,-9.051994848251343,-905.1995010375977,-9.051994848251343,0.0,905.1995010375977,9.051994848251343,-95.88972091674805,-0.9588968467712409,4.442654662132263,0.0,0.0,nan,nan,nan,nan,nan,nan,nan,nan,nan,nan,10656,-0.0011625502977811175,0.03709113448858261,1.4533372521400452,0.009808893734589218,0.04068959392607212,0.04068959392607212,0.0751454509794712,0.001049945062005866,0.007450000016251579,0.22361648082733154,1.0,0.005211538461538461,0.0003328846153846154,0,0.75,0.75,0.0
333,1068800,-777.5077390670776,-7.775077509880066,-777.5077390670776,-7.775077509880066,0.0,777.5077390670776,7.775077509880066,31.802041053771973,0.31802049160003687,4.108192028999329,0.0,0.0,nan,nan,nan,nan,nan,nan,nan,nan,nan,nan,10688,-0.0011757456721155802,0.02666230220347643,1.4536450982093811,0.0046006444375962015,0.048203765600919726,0.048203765600919726,0.06422660537064076,0.0015214305054560662,0.008984375091677066,0.280525803565979,1.0,0.005197115384615384,0.0003317788461538462,0,0.75,0.75,0.0
334,1072000,-795.6849355697632,-7.9568492603302,-795.6849355697632,-7.9568492603302,0.0,795.6849355697632,7.9568492603302,13.624844551086426,0.13624874114990249,3.8353750205039976,0.0,0.0,nan,nan,nan,nan,nan,nan,nan,nan,nan,nan,10720,-0.001183033532754063,0.02428592834621668,1.4784926652908326,0.0032973580993711947,0.0498906709253788,0.0498906709253788,0.06015854850411415,0.0011515979898846069,0.007000000046900823,0.4214622378349304,1.0,0.005182692307692307,0.00033067307692307693,0,0.75,0.75,0.0
335,1075200,-791.6738777160645,-7.916738743782044,-791.6738777160645,-7.916738743782044,0.0,791.6738777160645,7.916738743782044,17.635902404785156,0.17635925769805905,4.095846421718598,0.0,0.0,nan,nan,nan,nan,nan,nan,nan,nan,nan,nan,10752,-0.001063070760213325,0.030966924503445625,1.4679075837135316,0.006833849661052227,0.06744881309568881,0.06744881309568881,0.058613764867186544,0.0012082855311762492,0.009068750019650906,0.2058807611465454,1.0,0.005168269230769231,0.00032956730769230773,0,0.75,0.75,0.0
336,1078400,-792.6576557159424,-7.926576800346375,-792.6576557159424,-7.926576800346375,0.0,792.6576557159424,7.926576800346375,16.652124404907227,0.16652120113372781,4.4768311977386475,0.0,0.0,nan,nan,nan,nan,nan,nan,nan,nan,nan,nan,10784,-0.0013685968742473075,0.022471491433680057,1.4583333015441895,0.0023511235136538743,0.04960634745657444,0.04960634745657444,0.06118484176695347,0.0013940697870581556,0.011184374883305282,0.20791202783584595,1.0,0.005153846153846154,0.0003284615384615385,0,0.75,0.75,0.0
337,1081600,-823.8684778213501,-8.238684730529785,-823.8684778213501,-8.238684730529785,0.0,823.8684778213501,8.238684730529785,-14.558697700500488,-0.14558672904968262,4.159622383117676,0.0,0.0,nan,nan,nan,nan,nan,nan,nan,nan,nan,nan,10816,-0.0009081450311758,0.026364467665553094,1.4741776585578918,0.004697666177526117,0.04121620804071426,0.04121620804071426,0.05979161038994789,0.0009557447723650391,0.003628124971874058,0.4439941644668579,1.0,0.005139423076923077,0.00032735576923076924,0,0.75,0.75,0.0
338,1084800,-733.2355551719666,-7.332355704307556,-733.2355551719666,-7.332355704307556,0.0,733.2355551719666,7.332355704307556,76.07422494888306,0.7607422971725466,3.5142008566856386,0.0,0.0,nan,nan,nan,nan,nan,nan,nan,nan,nan,nan,10848,-0.0009546338864718784,0.02404302917420864,1.467352044582367,0.003546701278537512,0.03770291619002819,0.03770291619002819,0.06345820091664792,0.0008187039553391475,0.002334375030477531,0.5424185991287231,1.0,0.005125,0.00032625000000000004,0,0.75,0.75,0.0
339,1088000,-796.7819309234619,-7.967819023132324,-796.7819309234619,-7.967819023132324,0.0,796.7819309234619,7.967819023132324,12.527849197387695,0.12527897834777857,3.564089391231537,0.0,0.0,nan,nan,nan,nan,nan,nan,nan,nan,nan,nan,10880,-0.001114993351954041,0.02069964874535799,1.4827243208885192,0.0016572545282542706,0.03918573595583439,0.03918573595583439,0.06251545622944832,0.0013976936090344455,0.0042937500162224754,0.42875444889068604,1.0,0.005110576923076923,0.0003251442307692308,0,0.75,0.75,0.0
340,1091200,-885.683708190918,-8.856836757659913,-885.683708190918,-8.856836757659913,0.0,885.683708190918,8.856836757659913,-76.37392807006836,-0.7637387561798104,4.349022512435913,0.0,0.0,-879.2656214237213,-8.792656214237214,-879.2656214237213,-8.792656214237214,100.0,5.101410432010889,0.0,0.0,879.2656214237213,-77.51906108856201,10912,-0.0012174208438606726,0.04043899588286877,1.4843374133110045,0.01143766539171338,0.04275928847491741,0.04275928847491741,0.0830831103026867,0.0013732102946973402,0.005737499985480099,0.43863481283187866,1.0,0.005096153846153847,0.0003240384615384616,0,0.75,0.75,0.0
341,1094400,-850.6499700546265,-8.50649956703186,-850.6499700546265,-8.50649956703186,0.0,850.6499700546265,8.50649956703186,-41.340189933776855,-0.4134015655517569,4.382072653770447,0.0,0.0,nan,nan,nan,nan,nan,nan,nan,nan,nan,nan,10944,-0.0009041500389546763,0.028939956612885,1.4898067951202392,0.005995031166821718,0.04138800203800201,0.04138800203800201,0.06149564199149608,0.0007489041123347537,0.003525000029185321,0.5281615257263184,1.0,0.005081730769230769,0.00032293269230769235,0,0.75,0.75,0.0
342,1097600,-761.6783819198608,-7.616784009933472,-761.6783819198608,-7.616784009933472,0.0,761.6783819198608,7.616784009933472,47.63139820098877,0.4763139915466308,3.0296070694923403,0.0,0.0,nan,nan,nan,nan,nan,nan,nan,nan,nan,nan,10976,-0.0014302483782870467,0.03332212902605534,1.4698066711425781,0.007782853720709681,0.045594165474176405,0.045594165474176405,0.06622615046799182,0.001596037887795477,0.006740624838857912,0.37266677618026733,1.0,0.005067307692307691,0.00032182692307692305,0,0.75,0.75,0.0
343,1100800,-834.4369087219238,-8.344369029998779,-834.4369087219238,-8.344369029998779,0.0,834.4369087219238,8.344369029998779,-25.12712860107422,-0.25127102851867633,4.080377097129822,0.0,0.0,nan,nan,nan,nan,nan,nan,nan,nan,nan,nan,11008,-0.0008535395566606985,0.028717322461307048,1.4767406702041626,0.006043321453034878,0.046051612868905065,0.046051612868905065,0.06337001286447048,0.0008195839465783437,0.0025531249993946403,0.24623650312423706,1.0,0.0050528846153846145,0.0003207211538461538,0,0.75,0.75,0.0
344,1104000,-798.6810083389282,-7.9868098163604735,-798.6810083389282,-7.9868098163604735,0.0,798.6810083389282,7.9868098163604735,10.628771781921387,0.10628818511962912,4.084140186309814,0.0,0.0,nan,nan,nan,nan,nan,nan,nan,nan,nan,nan,11040,-0.0007757031933710107,0.023071243800222872,1.483998215198517,0.003282850841060281,0.03930001072585583,0.03930001072585583,0.05989800617098808,0.0006095113752978086,0.0018531250025262125,0.4784959554672241,1.0,0.005038461538461538,0.0003196153846153846,0,0.75,0.75,0.0
345,1107200,-763.1758136749268,-7.631758046150208,-763.1758136749268,-7.631758046150208,0.0,763.1758136749268,7.631758046150208,46.13396644592285,0.4613399553298949,3.855220704078674,0.0,0.0,nan,nan,nan,nan,nan,nan,nan,nan,nan,nan,11072,-0.0016900025155278443,0.0367489330470562,1.4858128547668457,0.00921968319453299,0.05217107124626637,0.05217107124626637,0.06433694325387478,0.0018318540329364218,0.01039375013206154,0.4938196539878845,1.0,0.005024038461538461,0.00031850961538461536,0,0.75,0.75,0.0
346,1110400,-885.4811267852783,-8.854810609817505,-885.4811267852783,-8.854810609817505,0.0,885.4811267852783,8.854810609817505,-76.17134666442871,-0.7617126083374028,4.799682469367981,0.0,0.0,nan,nan,nan,nan,nan,nan,nan,nan,nan,nan,11104,-0.001015316941041977,0.04522763937711716,1.4928017854690552,0.014120139926671983,0.04272456467151642,0.04272456467151642,0.0748711422085762,0.0014980040075913191,0.007693750066391658,0.29943299293518066,1.0,0.005009615384615384,0.00031740384615384616,0,0.75,0.75,0.0
347,1113600,-839.5686988830566,-8.395686531066895,-839.5686988830566,-8.395686531066895,0.0,839.5686988830566,8.395686531066895,-30.25891876220703,-0.3025885295867923,4.154980673789978,0.0,0.0,nan,nan,nan,nan,nan,nan,nan,nan,nan,nan,11136,-0.0011040109742432858,0.03214337769895792,1.4762396216392517,0.007593576796352863,0.03594474010169506,0.03594474010169506,0.07173977047204971,0.0014051580088579427,0.004718750112806447,0.4256048798561096,1.0,0.004995192307692307,0.0003162980769230769,0,0.75,0.75,0.0
348,1116800,-860.6073446273804,-8.606073684692383,-860.6073446273804,-8.606073684692383,0.0,860.6073446273804,8.606073684692383,-51.29756450653076,-0.5129756832122805,3.750510964393616,0.0,0.0,nan,nan,nan,nan,nan,nan,nan,nan,nan,nan,11168,-0.0008906619241810354,0.024440811946988106,1.478232991695404,0.003967006970196962,0.04561025686562061,0.04561025686562061,0.0635440394282341,0.0009725877986071895,0.006734374939696863,0.4019619822502136,1.0,0.0049807692307692305,0.00031519230769230767,0,0.75,0.75,0.0
349,1120000,-799.9366064071655,-7.9993658447265625,-799.9366064071655,-7.9993658447265625,0.0,799.9366064071655,7.9993658447265625,9.373173713684082,0.09373215675354007,3.793378348350525,0.0,0.0,nan,nan,nan,nan,nan,nan,nan,nan,nan,nan,11200,-0.0011555698359035915,0.03372101709246635,1.4701394200325013,0.008403717540204525,0.04740445017814636,0.04740445017814636,0.07826737388968467,0.0015516492851038216,0.011531250021289453,0.3980974555015564,1.0,0.004966346153846154,0.0003140865384615385,0,0.75,0.75,0.0
350,1123200,-864.9269151687622,-8.649268894195556,-864.9269151687622,-8.649268894195556,0.0,864.9269151687622,8.649268894195556,-55.6171350479126,-0.5561708927154534,4.211262903213501,0.0,0.0,nan,nan,nan,nan,nan,nan,nan,nan,nan,nan,11232,-0.0012046106777619525,0.020685096085071564,1.4912296056747436,0.0017534830141812563,0.04731177613139152,0.04731177613139152,0.04903258793056011,0.001388253947153755,0.003871875029290095,0.6073702573776245,1.0,0.004951923076923077,0.0003129807692307692,0,0.75,0.75,0.0
351,1126400,-783.8930387496948,-7.838930206298828,-783.8930387496948,-7.838930206298828,0.0,783.8930387496948,7.838930206298828,25.416741371154785,0.2541677951812744,3.870511293411255,0.0,0.0,nan,nan,nan,nan,nan,nan,nan,nan,nan,nan,11264,-0.0011173098801809723,0.027926641143858434,1.4630923867225647,0.005621991818770766,0.045749558880925176,0.045749558880925176,0.06315979100763798,0.0016585245910406253,0.009243750013411045,0.6580880284309387,1.0,0.004937499999999999,0.00031187500000000003,0,0.75,0.75,0.0
352,1129600,-751.3813457489014,-7.51381317615509,-751.3813457489014,-7.51381317615509,0.0,751.3813457489014,7.51381317615509,57.92843437194824,0.5792848253250122,3.7807386350631713,0.0,0.0,nan,nan,nan,nan,nan,nan,nan,nan,nan,nan,11296,-0.0010554571833461424,0.02492123618721962,1.472548007965088,0.004155693994835019,0.0417514156550169,0.0417514156550169,0.07171573005616665,0.0011283656807807361,0.0066031249763909726,0.33134496212005615,1.0,0.004923076923076922,0.0003107692307692308,0,0.75,0.75,0.0
353,1132800,-747.0845098495483,-7.470845069885254,-747.0845098495483,-7.470845069885254,0.0,747.0845098495483,7.470845069885254,62.22527027130127,0.6222529315948488,4.031794195175171,0.0,0.0,nan,nan,nan,nan,nan,nan,nan,nan,nan,nan,11328,-0.0009508167498278652,0.02873413488268852,1.465220046043396,0.006223992677405477,0.04010903351008892,0.04010903351008892,0.0730809286236763,0.001284632048920714,0.009540624963119627,0.5836655497550964,1.0,0.004908653846153846,0.00030966346153846154,0,0.75,0.75,0.0
354,1136000,-896.0200347900391,-8.960199851989746,-896.0200347900391,-8.960199851989746,0.0,896.0200347900391,8.960199851989746,-86.71025466918945,-0.8671018505096431,5.171292037963867,0.0,0.0,nan,nan,nan,nan,nan,nan,nan,nan,nan,nan,11360,-0.00170634020615843,0.03660155199468136,1.4830996155738831,0.009335803845897318,0.06945684552192688,0.06945684552192688,0.07797800302505493,0.0019006239868775692,0.014259374699031468,0.38762205839157104,1.0,0.004894230769230769,0.00030855769230769234,0,0.75,0.75,0.0
355,1139200,-869.552167892456,-8.695521831512451,-869.552167892456,-8.695521831512451,0.0,869.552167892456,8.695521831512451,-60.242387771606445,-0.6024238300323486,4.1594184350967405,0.0,0.0,nan,nan,nan,nan,nan,nan,nan,nan,nan,nan,11392,-0.0014093100583878915,0.03000129237771034,1.4755122780799865,0.006391120329499245,0.07699763774871826,0.07699763774871826,0.06711876355111598,0.0019701980782000517,0.01112499989103526,0.48937535285949707,1.0,0.004879807692307692,0.0003074519230769231,0,0.75,0.75,0.0
356,1142400,-784.2662324905396,-7.8426621675491335,-784.2662324905396,-7.8426621675491335,0.0,784.2662324905396,7.8426621675491335,25.04354763031006,0.25043583393096913,3.5610034227371217,0.0,0.0,nan,nan,nan,nan,nan,nan,nan,nan,nan,nan,11424,-0.0014644011928350408,0.03071552123874426,1.4682350635528565,0.006749831279739738,0.055955974757671355,0.055955974757671355,0.0711472511291504,0.0023965249238258332,0.01554375016130507,0.35480666160583496,1.0,0.004865384615384615,0.0003063461538461539,0,0.75,0.75,0.0
357,1145600,-733.9119930267334,-7.339120326042175,-733.9119930267334,-7.339120326042175,0.0,733.9119930267334,7.339120326042175,75.39778709411621,0.7539776754379277,3.7082571291923525,0.0,0.0,nan,nan,nan,nan,nan,nan,nan,nan,nan,nan,11456,-0.001317482417589133,0.020845346339046954,1.445907425880432,0.002091149101033807,0.09908762834966182,0.09908762834966182,0.06178530789911747,0.0018179824575805716,0.018196874856948854,0.6554697155952454,1.0,0.004850961538461538,0.00030524038461538465,0,0.75,0.75,0.0
358,1148800,-777.0877666473389,-7.770877499580383,-777.0877666473389,-7.770877499580383,0.0,777.0877666473389,7.770877499580383,32.22201347351074,0.32222050189971974,3.8232418060302735,0.0,0.0,nan,nan,nan,nan,nan,nan,nan,nan,nan,nan,11488,-0.0012179841816948311,0.02469398397952318,1.4741147994995116,0.003999394970014692,0.0475888229906559,0.0475888229906559,0.06217676177620888,0.0012631338704537532,0.006896874893573113,0.5022557973861694,1.0,0.0048365384615384616,0.0003041346153846154,0,0.75,0.75,0.0
359,1152000,-786.6517286300659,-7.866517477035522,-786.6517286300659,-7.866517477035522,0.0,786.6517286300659,7.866517477035522,22.65805149078369,0.22658052444458043,3.965432295799255,0.0,0.0,nan,nan,nan,nan,nan,nan,nan,nan,nan,nan,11520,-0.0008884009053376829,0.0283154159784317,1.4479482650756836,0.006287133647128939,0.04262813851237297,0.04262813851237297,0.06593428663909436,0.0008311209934638625,0.003996875026132329,0.5428615808486938,1.0,0.004822115384615385,0.0003030288461538462,0,0.75,0.75,0.0
360,1155200,-818.43723487854,-8.184372472763062,-818.43723487854,-8.184372472763062,0.0,818.43723487854,8.184372472763062,-9.12745475769043,-0.09127447128295962,4.683883819580078,0.0,0.0,-704.5393477678299,-7.045393477678299,-704.5393477678299,-7.045393477678299,100.0,3.2695044911280275,0.0,0.0,704.5393477678299,97.2072125673294,11552,-0.0013453258576453686,0.03394350670278072,1.471942937374115,0.008549778955057263,0.04444277584552765,0.04444277584552765,0.07917937412858009,0.0013360007094908647,0.0076499998918734494,0.5305971503257751,1.0,0.004807692307692308,0.00030192307692307696,0,0.75,0.75,0.0
361,1158400,-849.4362277984619,-8.494362268447876,-849.4362277984619,-8.494362268447876,0.0,849.4362277984619,8.494362268447876,-40.126447677612305,-0.4012642669677735,4.565593237876892,0.0,0.0,nan,nan,nan,nan,nan,nan,nan,nan,nan,nan,11584,-0.0014022639772272693,0.03760674372315407,1.449723494052887,0.010452193161472677,0.05097230635583401,0.05097230635583401,0.09160189256072045,0.001765179679206751,0.008131249959114939,0.44018447399139404,1.0,0.00479326923076923,0.00030081730769230766,0,0.75,0.75,0.0
362,1161600,-834.3716554641724,-8.34371633529663,-834.3716554641724,-8.34371633529663,0.0,834.3716554641724,8.34371633529663,-25.061875343322754,-0.25061833381652754,4.662966327667236,0.0,0.0,nan,nan,nan,nan,nan,nan,nan,nan,nan,nan,11616,-0.0010594881105353338,0.03143037799745798,1.4424533367156982,0.007762438338249922,0.047196345403790474,0.047196345403790474,0.0761975258588791,0.0008756672363249826,0.004784375021699816,0.3669613003730774,1.0,0.004778846153846153,0.00029971153846153846,0,0.75,0.75,0.0
363,1164800,-780.7664585113525,-7.807664365768432,-780.7664585113525,-7.807664365768432,0.0,780.7664585113525,7.807664365768432,28.54332160949707,0.28543363571167024,3.233096947669983,0.0,0.0,nan,nan,nan,nan,nan,nan,nan,nan,nan,nan,11648,-0.0011208766876952935,0.015006894897669553,1.4483447074890137,-0.0005179564934223891,0.05415708795189857,0.05415708795189857,0.05106207057833671,0.0009964597615204063,0.005509374965913594,0.7438362836837769,1.0,0.004764423076923076,0.0002986057692307692,0,0.75,0.75,0.0
364,1168000,-754.1456155776978,-7.541456031799316,-754.1456155776978,-7.541456031799316,0.0,754.1456155776978,7.541456031799316,55.164164543151855,0.5516419696807864,3.921513006687164,0.0,0.0,nan,nan,nan,nan,nan,nan,nan,nan,nan,nan,11680,-0.0012116215683170618,0.015563937183469535,1.46192547082901,-0.0003737988416105509,0.05417122133076191,0.05417122133076191,0.05704454220831394,0.001486742297131281,0.010531249880659743,0.6991304755210876,1.0,0.004749999999999999,0.00029749999999999997,0,0.75,0.75,0.0
365,1171200,-750.7161912918091,-7.5071620178222656,-750.7161912918091,-7.5071620178222656,0.0,750.7161912918091,7.5071620178222656,58.59358882904053,0.5859359836578371,3.8221052265167237,0.0,0.0,nan,nan,nan,nan,nan,nan,nan,nan,nan,nan,11712,-0.0011803879008511985,0.027770457789301872,1.4714938640594482,0.0057364686392247675,0.0870608739554882,0.0870608739554882,0.06531001701951027,0.001129561335259056,0.007059375056996942,0.46390730142593384,1.0,0.004735576923076922,0.0002963942307692308,0,0.75,0.75,0.0
366,1174400,-746.4404468536377,-7.464404597282409,-746.4404468536377,-7.464404597282409,0.0,746.4404468536377,7.464404597282409,62.869333267211914,0.6286934041976933,3.64923303604126,0.0,0.0,nan,nan,nan,nan,nan,nan,nan,nan,nan,nan,11744,-0.0013090114477323667,0.01996096894145012,1.4662632822990418,0.0017490181606262922,0.05522655993700028,0.05522655993700028,0.05836748294532299,0.0012321470203479116,0.008090625079057645,0.6199164390563965,1.0,0.004721153846153845,0.0002952884615384615,0,0.75,0.75,0.0
367,1177600,-837.168251991272,-8.371682682037353,-837.168251991272,-8.371682682037353,0.0,837.168251991272,8.371682682037353,-27.858471870422363,-0.27858468055725005,4.4248277282714845,0.0,0.0,nan,nan,nan,nan,nan,nan,nan,nan,nan,nan,11776,-0.001093210860015814,0.029751520976424216,1.474871563911438,0.006840726733207703,0.05500183589756489,0.05500183589756489,0.08276688829064369,0.0010038641496082103,0.007765625032334356,0.6072314381599426,1.0,0.004706730769230769,0.00029418269230769233,0,0.75,0.75,0.0
368,1180800,-831.5782175064087,-8.315782222747803,-831.5782175064087,-8.315782222747803,0.0,831.5782175064087,8.315782222747803,-22.268437385559082,-0.22268422126770027,4.067532734870911,0.0,0.0,nan,nan,nan,nan,nan,nan,nan,nan,nan,nan,11808,-0.001073376784299107,0.024607311002910137,1.4813086271286011,0.004279522877186537,0.05120551362633705,0.05120551362633705,0.06588335745036603,0.0009743755006657463,0.003821875019639265,0.4631032943725586,1.0,0.004692307692307692,0.0002930769230769231,0,0.75,0.75,0.0
369,1184000,-770.2385711669922,-7.702386012077332,-770.2385711669922,-7.702386012077332,0.0,770.2385711669922,7.702386012077332,39.07120895385742,0.39071198940277085,3.9069803881645204,0.0,0.0,nan,nan,nan,nan,nan,nan,nan,nan,nan,nan,11840,-0.001310685963719127,0.022623472101986408,1.4841731667518616,0.0030582590959966184,0.06918771117925644,0.06918771117925644,0.06659414619207382,0.001604230298837723,0.012628125015180559,0.47531765699386597,1.0,0.004677884615384615,0.00029197115384615383,0,0.75,0.75,0.0
370,1187200,-741.9424858093262,-7.419424905776977,-741.9424858093262,-7.419424905776977,0.0,741.9424858093262,7.419424905776977,67.36729431152344,0.6736730957031254,3.7022657442092894,0.0,0.0,nan,nan,nan,nan,nan,nan,nan,nan,nan,nan,11872,-0.0011638873966352214,0.023826055601239203,1.4743626713752747,0.0038735069800168278,0.05666241645812988,0.05666241645812988,0.06984409168362618,0.00120306834033029,0.007121875084703788,0.5354835987091064,1.0,0.004663461538461538,0.00029086538461538464,0,0.75,0.75,0.0
371,1190400,-788.2030067443848,-7.882030115127564,-788.2030067443848,-7.882030115127564,0.0,788.2030067443848,7.882030115127564,21.106773376464844,0.2110678863525388,4.4030344724655155,0.0,0.0,nan,nan,nan,nan,nan,nan,nan,nan,nan,nan,11904,-0.0008553263224428509,0.02223391681909561,1.4840064644813538,0.0033624290488660337,0.04211236946284771,0.04211236946284771,0.07017862796783447,0.0010268146361356526,0.006218750000334694,0.6654477119445801,1.0,0.004649038461538461,0.0002897596153846154,0,0.75,0.75,0.0
372,1193600,-856.3117685317993,-8.563117790222169,-856.3117685317993,-8.563117790222169,0.0,856.3117685317993,8.563117790222169,-47.00198841094971,-0.47001978874206607,4.00060608625412,0.0,0.0,nan,nan,nan,nan,nan,nan,nan,nan,nan,nan,11936,-0.0009703794392989628,0.03690883554518223,1.4969868779182434,0.010546079650521279,0.044602344185113905,0.044602344185113905,0.09489317014813423,0.001053754706301024,0.006715624895878136,0.5063931941986084,1.0,0.004634615384615385,0.0002886538461538462,0,0.75,0.75,0.0
373,1196800,-784.1155557632446,-7.841155424118042,-784.1155557632446,-7.841155424118042,0.0,784.1155557632446,7.841155424118042,25.19422435760498,0.25194257736206094,3.6167262482643125,0.0,0.0,nan,nan,nan,nan,nan,nan,nan,nan,nan,nan,11968,-0.0006900321831490253,0.028093563951551916,1.5105103254318237,0.006377901975065469,0.03973896317183971,0.03973896317183971,0.08187529370188713,0.0008441978101489094,0.003031250010826625,0.6135613322257996,1.0,0.004620192307692308,0.00028754807692307695,0,0.75,0.75,0.0
374,1200000,-770.7779273986816,-7.707779350280762,-770.7779273986816,-7.707779350280762,0.0,770.7779273986816,7.707779350280762,38.53185272216797,0.3853186511993405,3.852900047302246,0.0,0.0,nan,nan,nan,nan,nan,nan,nan,nan,nan,nan,12000,-0.0011715227731270762,0.03385058157145977,1.5099045872688293,0.008799495920538903,0.058339303359389305,0.058339303359389305,0.0849159188568592,0.0010663443732500956,0.006321875005960464,0.4101141691207886,1.0,0.00460576923076923,0.0002864423076923077,0,0.75,0.75,0.0
375,1203200,-753.9299945831299,-7.539299983978271,-753.9299945831299,-7.539299983978271,0.0,753.9299945831299,7.539299983978271,55.37978553771973,0.5537980175018316,3.801817319393158,0.0,0.0,nan,nan,nan,nan,nan,nan,nan,nan,nan,nan,12032,-0.0007932768833677883,0.040033670514822005,1.5060920238494873,0.012308568228036165,0.043216842040419576,0.043216842040419576,0.09338570535182952,0.0006724961300296959,0.0048812499619089065,0.46969151496887207,1.0,0.004591346153846153,0.0002853365384615385,0,0.75,0.75,0.0
376,1206400,-777.153507232666,-7.771535453796386,-777.153507232666,-7.771535453796386,0.0,777.153507232666,7.771535453796386,32.156272888183594,0.3215625476837163,3.708338565826416,0.0,0.0,nan,nan,nan,nan,nan,nan,nan,nan,nan,nan,12064,-0.0015185336604015554,0.022893919982016085,1.5083949565887451,0.003024618932977319,0.0562564667314291,0.0562564667314291,0.0655441578477621,0.0010758955981164165,0.008681249991059303,0.5693635940551758,1.0,0.0045769230769230765,0.00028423076923076926,0,0.75,0.75,0.0
377,1209600,-788.6511030197144,-7.886510844230652,-788.6511030197144,-7.886510844230652,0.0,788.6511030197144,7.886510844230652,20.658677101135254,0.20658715724945065,3.9215129232406616,0.0,0.0,nan,nan,nan,nan,nan,nan,nan,nan,nan,nan,12096,-0.001140033232280979,0.024908031150698662,1.5084861278533936,0.004431514395400881,0.10101011469960212,0.10101011469960212,0.06526661776006222,0.0013926507803280821,0.009550000145100056,0.5188136696815491,1.0,0.0045625,0.00028312500000000006,0,0.75,0.75,0.0
378,1212800,-713.8490791320801,-7.1384907245635985,-713.8490791320801,-7.1384907245635985,0.0,713.8490791320801,7.1384907245635985,95.46070098876953,0.9546072769165042,3.5770913267135622,0.0,0.0,nan,nan,nan,nan,nan,nan,nan,nan,nan,nan,12128,-0.0012839522020891892,0.03032620307058096,1.5031923055648804,0.007042514905333519,0.04441390186548233,0.04441390186548233,0.08041739761829376,0.0013203571776118374,0.005959374879239476,0.4994659423828125,1.0,0.004548076923076923,0.0002820192307692308,0,0.75,0.75,0.0
379,1216000,-804.2162170410156,-8.042162246704102,-804.2162170410156,-8.042162246704102,0.0,804.2162170410156,8.042162246704102,5.093563079833984,0.05093575477600076,3.7643477630615236,0.0,0.0,nan,nan,nan,nan,nan,nan,nan,nan,nan,nan,12160,-0.0012130713182501474,0.024930866062641145,1.5044394850730896,0.004431753559038043,0.05812341868877411,0.05812341868877411,0.07562967985868455,0.0015196327687609138,0.009396874962840229,0.6142129898071289,1.0,0.004533653846153846,0.00028091346153846157,0,0.75,0.75,0.0
380,1219200,-798.2510480880737,-7.982510614395141,-798.2510480880737,-7.982510614395141,0.0,798.2510480880737,7.982510614395141,11.058732032775879,0.11058738708496119,4.07169587135315,0.0,0.0,-687.3404904603958,-6.873404904603958,-687.3404904603958,-6.873404904603958,100.0,2.904728216677904,0.0,0.0,687.3404904603958,114.40606987476349,12192,-0.0011311881048721162,0.02611561492085457,1.5131170749664307,0.005088494252413511,0.05135329216718674,0.05135329216718674,0.08095062151551247,0.0011904138675179333,0.007131250021848246,0.5873490571975708,1.0,0.004519230769230769,0.0002798076923076924,0,0.75,0.75,0.0
381,1222400,-710.6991100311279,-7.106991100311279,-710.6991100311279,-7.106991100311279,0.0,710.6991100311279,7.106991100311279,98.61067008972168,0.9861069011688235,3.5176166176795958,0.0,0.0,nan,nan,nan,nan,nan,nan,nan,nan,nan,nan,12224,-0.0007668995924642985,0.019843082502484323,1.512356126308441,0.002341768005862832,0.03545737527310848,0.03545737527310848,0.07141129299998283,0.000649209162476251,0.002562500032945536,0.6073716878890991,1.0,0.004504807692307692,0.00027870192307692307,0,0.75,0.75,0.0
382,1225600,-833.6381597518921,-8.336381177902222,-833.6381597518921,-8.336381177902222,0.0,833.6381597518921,8.336381177902222,-24.32837963104248,-0.2432831764221195,4.706777091026306,0.0,0.0,nan,nan,nan,nan,nan,nan,nan,nan,nan,nan,12256,-0.0010535276023321493,0.03845145106315613,1.514218270778656,0.011372775305062532,0.04574843570590019,0.04574843570590019,0.08997915610671044,0.0013660588065267936,0.009593750150452251,0.2581731081008911,1.0,0.004490384615384615,0.0002775961538461538,0,0.75,0.75,0.0
383,1228800,-798.7090930938721,-7.987091050148011,-798.7090930938721,-7.987091050148011,0.0,798.7090930938721,7.987091050148011,10.600687026977539,0.10600695133209204,3.8990501666069033,0.0,0.0,nan,nan,nan,nan,nan,nan,nan,nan,nan,nan,12288,-0.0014322521757566876,0.026574050821363927,1.5008453011512757,0.005137047357857227,0.05003530904650688,0.05003530904650688,0.08126071766018868,0.000984601865276649,0.004978124934132211,0.4843047857284546,1.0,0.004475961538461538,0.0002764903846153846,0,0.75,0.75,0.0
384,1232000,-793.2511024475098,-7.932511024475097,-793.2511024475098,-7.932511024475097,0.0,793.2511024475098,7.932511024475097,16.058677673339844,0.16058697700500524,3.5266299271583557,0.0,0.0,nan,nan,nan,nan,nan,nan,nan,nan,nan,nan,12320,-0.0012132793053751811,0.030756698362529276,1.4965927124023437,0.007487963745370507,0.048836056515574454,0.048836056515574454,0.07213609404861927,0.0019789353325919564,0.01397187506663613,0.6409195065498352,1.0,0.00446153846153846,0.0002753846153846154,0,0.75,0.75,0.0
385,1235200,-741.1640253067017,-7.4116402435302735,-741.1640253067017,-7.4116402435302735,0.0,741.1640253067017,7.4116402435302735,68.14575481414795,0.6814577579498291,3.455133113861084,0.0,0.0,nan,nan,nan,nan,nan,nan,nan,nan,nan,nan,12352,-0.0007565642403497108,0.02322346530854702,1.5066181302070618,0.004155063396319747,0.038853421807289124,0.038853421807289124,0.06428993344306946,0.00071989889184047,0.0021000000124331564,0.5294197201728821,1.0,0.0044471153846153836,0.00027427884615384613,0,0.75,0.75,0.0
386,1238400,-843.4333896636963,-8.434334030151367,-843.4333896636963,-8.434334030151367,0.0,843.4333896636963,8.434334030151367,-34.12360954284668,-0.3412360286712648,4.09858464717865,0.0,0.0,nan,nan,nan,nan,nan,nan,nan,nan,nan,nan,12384,-0.0007703135584772979,0.04566787965595722,1.508058452606201,0.015378867462277412,0.041706771776080134,0.041706771776080134,0.10278522521257401,0.0005259788207711774,0.0027062500070314855,0.48346418142318726,1.0,0.004432692307692307,0.00027317307692307694,0,0.75,0.75,0.0
387,1241600,-867.7881813049316,-8.677881698608399,-867.7881813049316,-8.677881698608399,0.0,867.7881813049316,8.677881698608399,-58.47840118408203,-0.5847836971282963,4.540381135940552,0.0,0.0,nan,nan,nan,nan,nan,nan,nan,nan,nan,nan,12416,-0.0007556363559444446,0.04851383566856384,1.4987675189971923,0.016879322938621044,0.04056209325790405,0.04056209325790405,0.11987511590123176,0.0006208256892948426,0.003840625029988587,0.26284313201904297,1.0,0.00441826923076923,0.0002720673076923077,0,0.75,0.75,0.0
388,1244800,-809.0817747116089,-8.09081748008728,-809.0817747116089,-8.09081748008728,0.0,809.0817747116089,8.09081748008728,0.22800540924072266,0.002280521392822976,4.672022686004639,0.0,0.0,nan,nan,nan,nan,nan,nan,nan,nan,nan,nan,12448,-0.0005700642058916849,0.0397229116410017,1.500744843482971,0.012682341877371073,0.030060440488159656,0.030060440488159656,0.09291037693619728,0.0005557501262970051,0.0032968750048894433,0.5902708768844604,1.0,0.004403846153846153,0.00027096153846153844,0,0.75,0.75,0.0
389,1248000,-851.7347135543823,-8.517347049713134,-851.7347135543823,-8.517347049713134,0.0,851.7347135543823,8.517347049713134,-42.424933433532715,-0.42424904823303144,4.45182774066925,0.0,0.0,nan,nan,nan,nan,nan,nan,nan,nan,nan,nan,12480,-0.0012931407647556626,0.048643217980861665,1.4994706511497498,0.016446657199412584,0.043668152019381526,0.043668152019381526,0.09327902793884277,0.0009765531833194863,0.005793750009615906,0.3661665916442871,1.0,0.004389423076923076,0.00026985576923076925,0,0.75,0.75,0.0
390,1251200,-745.1557292938232,-7.451557154655457,-745.1557292938232,-7.451557154655457,0.0,745.1557292938232,7.451557154655457,64.15405082702637,0.641540846824646,3.950949230194092,0.0,0.0,nan,nan,nan,nan,nan,nan,nan,nan,nan,nan,12512,-0.0009142903797794589,0.027465382218360902,1.4964126586914062,0.006271595321595669,0.11305233985185623,0.11305233985185623,0.07862279862165451,0.0008220773539522298,0.004921875000582077,0.48974114656448364,1.0,0.0043749999999999995,0.00026875,0,0.75,0.75,0.0
391,1254400,-918.8316679000854,-9.188317127227783,-918.8316679000854,-9.188317127227783,0.0,918.8316679000854,9.188317127227783,-109.52188777923584,-1.0952191257476809,5.2667454862594605,0.0,0.0,nan,nan,nan,nan,nan,nan,nan,nan,nan,nan,12544,-0.0007301507885101976,0.035395173355937004,1.5005040407180785,0.01042437250725925,0.031826698780059816,0.031826698780059816,0.09565497562289238,0.0005450613683947447,0.0008937500169849955,0.5167646408081055,1.0,0.004360576923076923,0.0002676442307692308,0,0.75,0.75,0.0
392,1257600,-740.5731129646301,-7.40573184967041,-740.5731129646301,-7.40573184967041,0.0,740.5731129646301,7.40573184967041,68.73666715621948,0.6873661518096927,3.6684371995925904,0.0,0.0,nan,nan,nan,nan,nan,nan,nan,nan,nan,nan,12576,-0.0009579973652842355,0.03778125811368227,1.5024809122085572,0.011402618698775768,0.04334612749516964,0.04334612749516964,0.09662199020385742,0.001060446690827976,0.005687499971827492,0.36286860704421997,1.0,0.004346153846153846,0.00026653846153846156,0,0.75,0.75,0.0
393,1260800,-727.9322156906128,-7.2793222999572755,-727.9322156906128,-7.2793222999572755,0.0,727.9322156906128,7.2793222999572755,81.37756443023682,0.8137757015228271,3.065829699039459,0.0,0.0,nan,nan,nan,nan,nan,nan,nan,nan,nan,nan,12608,-0.0013193025087355537,0.031031810119748114,1.4871606826782227,0.007754622539505362,0.0561795424669981,0.0561795424669981,0.08498322814702988,0.001163961549539191,0.008828124997671693,0.5745235681533813,1.0,0.004331730769230769,0.0002654326923076923,0,0.75,0.75,0.0
394,1264000,-809.6221408843994,-8.096221084594726,-809.6221408843994,-8.096221084594726,0.0,809.6221408843994,8.096221084594726,-0.3123607635498047,-0.003123083114623171,3.656202595233917,0.0,0.0,nan,nan,nan,nan,nan,nan,nan,nan,nan,nan,12640,-0.0009706865278596766,0.03053044807165861,1.5123955249786376,0.007765060430392623,0.04336300939321518,0.04336300939321518,0.07964007928967476,0.000750438972683614,0.004159375029848889,0.4326249957084656,1.0,0.004317307692307692,0.0002643269230769231,0,0.75,0.75,0.0
395,1267200,-831.9300203323364,-8.319299821853638,-831.9300203323364,-8.319299821853638,0.0,831.9300203323364,8.319299821853638,-22.620240211486816,-0.22620182037353587,4.1136823391914366,0.0,0.0,nan,nan,nan,nan,nan,nan,nan,nan,nan,nan,12672,-0.0011480232539703649,0.041430579498410225,1.5049665570259094,0.013091569021344184,0.05232435017824173,0.05232435017824173,0.10728651657700539,0.0009630139287782602,0.007350000081351027,0.3547753095626831,1.0,0.0043028846153846155,0.00026322115384615387,0,0.75,0.75,0.0
396,1270400,-728.9986696243286,-7.289986400604248,-728.9986696243286,-7.289986400604248,0.0,728.9986696243286,7.289986400604248,80.311110496521,0.8031116008758543,3.6309941458702086,0.0,0.0,nan,nan,nan,nan,nan,nan,nan,nan,nan,nan,12704,-0.0009665639044017738,0.020207595080137253,1.5072653412818908,0.0026733841747045516,0.04855712316930294,0.04855712316930294,0.06509425714612008,0.0011597548400479837,0.007574999984353781,0.5592789649963379,1.0,0.004288461538461539,0.0002621153846153847,0,0.75,0.75,0.0
397,1273600,-884.2115631103516,-8.842115392684937,-884.2115631103516,-8.842115392684937,0.0,884.2115631103516,8.842115392684937,-74.90178298950195,-0.7490173912048341,4.190894513130188,0.0,0.0,nan,nan,nan,nan,nan,nan,nan,nan,nan,nan,12736,-0.001153312249365257,0.06085596680641174,1.5082874178886414,0.022828192822635172,0.049008014425635335,0.049008014425635335,0.10210445150732994,0.0010410648734264082,0.0023937500074680427,0.35365569591522217,1.0,0.004274038461538461,0.0002610096153846154,0,0.75,0.75,0.0
398,1276800,-811.0043306350708,-8.110043377876282,-811.0043306350708,-8.110043377876282,0.0,811.0043306350708,8.110043377876282,-1.6945505142211914,-0.016945376396179768,4.089334862232208,0.0,0.0,nan,nan,nan,nan,nan,nan,nan,nan,nan,nan,12768,-0.001293611982720888,0.016142204962670804,1.5105984568595887,0.00034292233176529406,0.062280085310339926,0.062280085310339926,0.06254584379494191,0.0013190137680811182,0.005740624872851185,0.5594009757041931,1.0,0.004259615384615384,0.0002599038461538462,0,0.75,0.75,0.0
399,1280000,-741.4325714111328,-7.414325904846192,-741.4325714111328,-7.414325904846192,0.0,741.4325714111328,7.414325904846192,67.8772087097168,0.678772096633911,3.6887154746055604,0.0,0.0,nan,nan,nan,nan,nan,nan,nan,nan,nan,nan,12800,-0.0014277366290916583,0.025480787083506585,1.4980010867118836,0.004953354224562645,0.05487370081245899,0.05487370081245899,0.07869450449943542,0.0013634731371004176,0.009587499912595377,0.5752593278884888,1.0,0.0042451923076923075,0.000258798076923077,0,0.75,0.75,0.0
400,1283200,-835.6661243438721,-8.356660976409913,-835.6661243438721,-8.356660976409913,0.0,835.6661243438721,8.356660976409913,-26.35634422302246,-0.26356297492981007,4.023373510837555,0.0,0.0,-734.8441407680511,-7.348441407680512,-734.8441407680511,-7.348441407680512,100.0,3.476860446035862,0.0,0.0,734.8441407680511,66.90241956710815,12832,-0.0009604517346073038,0.0369772644713521,1.5034969687461852,0.011167232086881996,0.046790486946702,0.046790486946702,0.09591222628951072,0.0012599158828399634,0.006831250082177576,0.489357054233551,1.0,0.00423076923076923,0.0002576923076923077,0,0.75,0.75,0.0
401,1286400,-863.1941337585449,-8.631940898895264,-863.1941337585449,-8.631940898895264,0.0,863.1941337585449,8.631940898895264,-53.88435363769531,-0.5388428974151616,4.1920731210708615,0.0,0.0,nan,nan,nan,nan,nan,nan,nan,nan,nan,nan,12864,-0.0011836000688083103,0.04643405564129353,1.5047529935836792,0.01568886861205101,0.052323800325393674,0.052323800325393674,0.09047603085637093,0.0008595239343791386,0.00369375005539041,0.2610552906990051,1.0,0.004216346153846153,0.00025658653846153843,0,0.75,0.75,0.0
402,1289600,-774.9929141998291,-7.749929213523865,-774.9929141998291,-7.749929213523865,0.0,774.9929141998291,7.749929213523865,34.31686592102051,0.3431687879562375,3.986435112953186,0.0,0.0,nan,nan,nan,nan,nan,nan,nan,nan,nan,nan,12896,-0.0008858756222704045,0.025986654311418535,1.514408802986145,0.005744022270664573,0.04641395062208176,0.04641395062208176,0.07094574607908725,0.0009761083034409894,0.0035343749885214494,0.5668028593063354,1.0,0.004201923076923076,0.00025548076923076924,0,0.75,0.75,0.0
403,1292800,-802.1524457931519,-8.021524739265441,-802.1524457931519,-8.021524739265441,0.0,802.1524457931519,8.021524739265441,7.157334327697754,0.07157326221466143,3.5339399671554563,0.0,0.0,nan,nan,nan,nan,nan,nan,nan,nan,nan,nan,12928,-0.001008346745540578,0.0338833985850215,1.5052371740341186,0.009630171954631806,0.04642413221299648,0.04642413221299648,0.09011646211147309,0.0008025451448718253,0.0027781249715189914,0.5955716371536255,1.0,0.004187499999999999,0.000254375,0,0.75,0.75,0.0
404,1296000,-807.6605453491211,-8.076604986190796,-807.6605453491211,-8.076604986190796,0.0,807.6605453491211,8.076604986190796,1.6492347717285156,0.016493015289306356,3.721393232345581,0.0,0.0,nan,nan,nan,nan,nan,nan,nan,nan,nan,nan,12960,-0.0012797115220979371,0.0260663079097867,1.5047663927078248,0.005473936861380935,0.04813227243721485,0.04813227243721485,0.0732665367424488,0.0009582035650981408,0.0025218750117346643,0.6160465478897095,1.0,0.004173076923076923,0.00025326923076923074,0,0.75,0.75,0.0
405,1299200,-815.7791900634766,-8.157791748046876,-815.7791900634766,-8.157791748046876,0.0,815.7791900634766,8.157791748046876,-6.469409942626953,-0.06469374656677296,4.300171861648559,0.0,0.0,nan,nan,nan,nan,nan,nan,nan,nan,nan,nan,12992,-0.0013591307351598302,0.02054108176380396,1.5150388121604919,0.0026108883321285248,0.06741965413093567,0.06741965413093567,0.07082584500312805,0.0014383760521036772,0.008740625041536988,0.5174288749694824,1.0,0.004158653846153846,0.00025216346153846155,0,0.75,0.75,0.0
406,1302400,-900.1195297241211,-9.001195335388184,-900.1195297241211,-9.001195335388184,0.0,900.1195297241211,9.001195335388184,-90.80974960327148,-0.9080973339080813,4.866587471961975,0.0,0.0,nan,nan,nan,nan,nan,nan,nan,nan,nan,nan,13024,-0.0010639345143979907,0.029660582914948462,1.4945554852485656,0.007572573935613036,0.044027331098914144,0.044027331098914144,0.08575180470943451,0.0013240986430918113,0.006593749846433639,0.604106605052948,1.0,0.004144230769230769,0.0002510576923076923,0,0.75,0.75,0.0
407,1305600,-787.6671886444092,-7.876671686172485,-787.6671886444092,-7.876671686172485,0.0,787.6671886444092,7.876671686172485,21.64259147644043,0.21642631530761758,3.951135365962982,0.0,0.0,nan,nan,nan,nan,nan,nan,nan,nan,nan,nan,13056,-0.0006424048808323368,0.0317121347412467,1.4990209221839905,0.009022994711995126,0.038006943091750144,0.038006943091750144,0.0767733097076416,0.0007864690480362385,0.002015625004423782,0.44668489694595337,1.0,0.004129807692307691,0.0002499519230769231,0,0.75,0.75,0.0
408,1308800,-807.3721599578857,-8.073721380233765,-807.3721599578857,-8.073721380233765,0.0,807.3721599578857,8.073721380233765,1.9376201629638672,0.019376621246337322,4.379052677154541,0.0,0.0,nan,nan,nan,nan,nan,nan,nan,nan,nan,nan,13088,-0.0013739289129152787,0.03376192841678858,1.4965272307395936,0.009348250227048993,0.05887663587927818,0.05887663587927818,0.08148573189973832,0.0012845013283389914,0.009293749975040556,0.5478966236114502,1.0,0.0041153846153846145,0.00024884615384615386,0,0.75,0.75,0.0
409,1312000,-807.9363374710083,-8.079363374710082,-807.9363374710083,-8.079363374710082,0.0,807.9363374710083,8.079363374710082,1.3734426498413086,0.013734626770020242,3.819215989112854,0.0,0.0,nan,nan,nan,nan,nan,nan,nan,nan,nan,nan,13120,-0.000757318527216544,0.027722961269319057,1.5145634293556214,0.006892995396628976,0.05478025861084461,0.05478025861084461,0.07612613067030907,0.0005754197860387315,0.0029968750313855708,0.5047762393951416,1.0,0.004100961538461538,0.0002477403846153846,0,0.75,0.75,0.0
410,1315200,-892.3629856109619,-8.923630247116089,-892.3629856109619,-8.923630247116089,0.0,892.3629856109619,8.923630247116089,-83.0532054901123,-0.830532245635986,4.407118983268738,0.0,0.0,nan,nan,nan,nan,nan,nan,nan,nan,nan,nan,13152,-0.0011685221579741168,0.029989355057477952,1.4936322927474976,0.007722369302064181,0.05145790502429008,0.05145790502429008,0.08966738879680633,0.0008517258545925995,0.004681250056455611,0.4304189682006836,1.0,0.004086538461538461,0.0002466346153846154,0,0.75,0.75,0.0
411,1318400,-795.2082395553589,-7.952082557678223,-795.2082395553589,-7.952082557678223,0.0,795.2082395553589,7.952082557678223,14.101540565490723,0.14101544380188002,3.997289550304413,0.0,0.0,nan,nan,nan,nan,nan,nan,nan,nan,nan,nan,13184,-0.000998706421657669,0.027067448385059832,1.5062961459159852,0.006401206087321043,0.044745901599526405,0.044745901599526405,0.062430049479007724,0.001298725863309353,0.008106250007040216,0.4098435640335083,1.0,0.004072115384615384,0.00024552884615384617,0,0.75,0.75,0.0
412,1321600,-799.7056789398193,-7.997056899070739,-799.7056789398193,-7.997056899070739,0.0,799.7056789398193,7.997056899070739,9.604101181030273,0.09604110240936325,3.8505201148986816,0.0,0.0,nan,nan,nan,nan,nan,nan,nan,nan,nan,nan,13216,-0.0014688534164219113,0.027305709570646285,1.5030712723731994,0.0060850006062537435,0.05622058436274528,0.05622058436274528,0.07629161030054092,0.0012190777441010814,0.0061312499106861654,0.5883113145828247,1.0,0.004057692307692307,0.00024442307692307697,0,0.75,0.75,0.0
413,1324800,-868.018141746521,-8.680181312561036,-868.018141746521,-8.680181312561036,0.0,868.018141746521,8.680181312561036,-58.70836162567139,-0.5870833110809333,4.063156645298005,0.0,0.0,nan,nan,nan,nan,nan,nan,nan,nan,nan,nan,13248,-0.0012185732893879476,0.04514093287289143,1.4968922972679137,0.015299554355442524,0.04404992572963238,0.04404992572963238,0.08799382746219635,0.0011576766602973327,0.004387499961012509,0.49096816778182983,1.0,0.0040432692307692305,0.00024331730769230772,0,0.75,0.75,0.0
414,1328000,-786.6312570571899,-7.866312608718872,-786.6312570571899,-7.866312608718872,0.0,786.6312570571899,7.866312608718872,22.678523063659668,0.22678539276123022,3.746819157600403,0.0,0.0,nan,nan,nan,nan,nan,nan,nan,nan,nan,nan,13280,-0.0010982170599861617,0.03921883292496205,1.4781903624534607,0.01255579786375165,0.04455982707440853,0.04455982707440853,0.08874132856726646,0.0011347195959405005,0.0025968749716412274,0.3994802236557007,1.0,0.004028846153846154,0.00024221153846153848,0,0.75,0.75,0.0
415,1331200,-731.8707494735718,-7.318707504272461,-731.8707494735718,-7.318707504272461,0.0,731.8707494735718,7.318707504272461,77.43903064727783,0.7743904972076416,3.185827374458313,0.0,0.0,nan,nan,nan,nan,nan,nan,nan,nan,nan,nan,13312,-0.0010838552610890062,0.022548710368573664,1.4513125896453858,0.0043643170967698095,0.051806642487645146,0.051806642487645146,0.06638787388801574,0.0009262567949938324,0.004359374992418452,0.5324229598045349,1.0,0.004014423076923077,0.00024110576923076928,0,0.75,0.75,0.0
416,1334400,-752.230842590332,-7.522308559417724,-752.230842590332,-7.522308559417724,0.0,752.230842590332,7.522308559417724,57.07893753051758,0.5707894420623782,3.5430620288848877,0.0,0.0,nan,nan,nan,nan,nan,nan,nan,nan,nan,nan,13344,-0.0010846719119232517,0.04392326772212982,1.441235113143921,0.01511202147230506,0.07103088684380054,0.07103088684380054,0.08250434547662736,0.001142592160616234,0.007284375017843558,0.12204211950302124,1.0,0.004,0.00024000000000000003,0,0.75,0.75,0.0
417,1337600,-749.9397487640381,-7.49939727306366,-749.9397487640381,-7.49939727306366,0.0,749.9397487640381,7.49939727306366,59.37003135681152,0.5937007284164428,3.8912387228012086,0.0,0.0,nan,nan,nan,nan,nan,nan,nan,nan,nan,nan,13376,-0.001259164891904252,0.021359105594456196,1.4652275681495666,0.0035806109197437765,0.08894390687346458,0.08894390687346458,0.07454839423298835,0.0011495855083948,0.008212500083027407,0.42478322982788086,1.0,0.003985576923076923,0.00023889423076923084,0,0.75,0.75,0.0
418,1340800,-822.5143947601318,-8.22514413356781,-822.5143947601318,-8.22514413356781,0.0,822.5143947601318,8.22514413356781,-13.204614639282227,-0.13204613208770688,4.751769070625305,0.0,0.0,nan,nan,nan,nan,nan,nan,nan,nan,nan,nan,13408,-0.0014976286456396316,0.036554566398262975,1.4346627950668336,0.011082387994974852,0.06774274110794068,0.06774274110794068,0.08364116176962852,0.0010044294358548193,0.008665625134017318,0.4627084732055664,1.0,0.0039711538461538465,0.0002377884615384616,0,0.75,0.75,0.0
419,1344000,-829.2840175628662,-8.292840223312378,-829.2840175628662,-8.292840223312378,0.0,829.2840175628662,8.292840223312378,-19.9742374420166,-0.19974222183227575,4.346146159172058,0.0,0.0,nan,nan,nan,nan,nan,nan,nan,nan,nan,nan,13440,-0.000815078255883428,0.04457763247191906,1.4631404519081115,0.01568448469042778,0.05212568007409572,0.05212568007409572,0.10797999128699302,0.0009396924037012745,0.004915624908971949,0.3929330110549927,1.0,0.003956730769230769,0.00023668269230769234,0,0.75,0.75,0.0
420,1347200,-831.5196571350098,-8.31519676208496,-831.5196571350098,-8.31519676208496,0.0,831.5196571350098,8.31519676208496,-22.209877014160156,-0.22209876060485811,3.760946590900421,0.0,0.0,-736.0342931747437,-7.360342931747437,-736.0342931747437,-7.360342931747437,100.0,4.025310267210006,0.0,0.0,736.0342931747437,65.71226716041565,13472,-0.0017208388197934355,0.02028684560209513,1.4515348553657532,0.0027001872193068268,0.06583467572927475,0.06583467572927475,0.061996108293533324,0.0017795825304368572,0.011765624960753484,0.5664884448051453,1.0,0.003942307692307691,0.00023557692307692304,0,0.75,0.75,0.0
421,1350400,-751.8970718383789,-7.518970646858215,-751.8970718383789,-7.518970646858215,0.0,751.8970718383789,7.518970646858215,57.4127082824707,0.5741273546218872,3.7494562125205992,0.0,0.0,nan,nan,nan,nan,nan,nan,nan,nan,nan,nan,13504,-0.001517376037675433,0.029230918176472186,1.424114429950714,0.007504325918853283,0.06899549923837185,0.06899549923837185,0.08822721987962723,0.0014703837136066959,0.012165625000488945,0.5884774923324585,1.0,0.003927884615384614,0.00023447115384615385,0,0.75,0.75,0.0
422,1353600,-918.0220022201538,-9.180219860076905,-918.0220022201538,-9.180219860076905,0.0,918.0220022201538,9.180219860076905,-108.7122220993042,-1.0871218585968023,4.759757108688355,0.0,0.0,nan,nan,nan,nan,nan,nan,nan,nan,nan,nan,13536,-0.001247244085394783,0.04243631139397621,1.423427903652191,0.014400381315499543,0.06558710187673569,0.06558710187673569,0.09575158953666688,0.0009532396710736048,0.007156249973922968,0.41681045293807983,1.0,0.0039134615384615375,0.0002333653846153846,0,0.75,0.75,0.0
423,1356800,-798.1197156906128,-7.981197214126587,-798.1197156906128,-7.981197214126587,0.0,798.1197156906128,7.981197214126587,11.190064430236816,0.11190078735351605,3.524940233230591,0.0,0.0,nan,nan,nan,nan,nan,nan,nan,nan,nan,nan,13568,-0.0013293788776733706,0.037395722791552545,1.442107629776001,0.011745649436488748,0.078781159222126,0.078781159222126,0.09209945499897003,0.0013416053960126934,0.009096874971874058,0.5215837359428406,1.0,0.0038990384615384607,0.00023225961538461535,0,0.75,0.75,0.0
424,1360000,-782.4153461456299,-7.824153337478638,-782.4153461456299,-7.824153337478638,0.0,782.4153461456299,7.824153337478638,26.894433975219727,0.2689446640014648,4.254277930259705,0.0,0.0,nan,nan,nan,nan,nan,nan,nan,nan,nan,nan,13600,-0.0010745668328541846,0.030047363229095937,1.4212526559829712,0.008428094722330571,0.044705763831734656,0.044705763831734656,0.0849452294409275,0.0009045761067703554,0.0035437500046100467,0.452436625957489,1.0,0.003884615384615384,0.00023115384615384616,0,0.75,0.75,0.0
425,1363200,-796.589656829834,-7.9658965444564815,-796.589656829834,-7.9658965444564815,0.0,796.589656829834,7.9658965444564815,12.720123291015625,0.12720145702362107,3.813273196220398,0.0,0.0,nan,nan,nan,nan,nan,nan,nan,nan,nan,nan,13632,-0.0010043063301942378,0.04152921997010708,1.4414414167404175,0.014181648287922144,0.046492244303226474,0.046492244303226474,0.10039797574281692,0.0010588803601442043,0.0049781250447267665,0.5717297196388245,1.0,0.003870192307692307,0.0002300480769230769,0,0.75,0.75,0.0
426,1366400,-840.780291557312,-8.40780318260193,-840.780291557312,-8.40780318260193,0.0,840.780291557312,8.40780318260193,-31.470511436462402,-0.3147051811218269,4.343919191360474,0.0,0.0,nan,nan,nan,nan,nan,nan,nan,nan,nan,nan,13664,-0.0009307042259955711,0.05219363458454609,1.4211413741111756,0.019686519540846346,0.06313827596604824,0.06313827596604824,0.0977012537419796,0.0011832154166793029,0.009725000034086407,0.38984090089797974,1.0,0.0038557692307692303,0.0002289423076923077,0,0.75,0.75,0.0
427,1369600,-848.2931470870972,-8.482931432724,-848.2931470870972,-8.482931432724,0.0,848.2931470870972,8.482931432724,-38.98336696624756,-0.3898334312438969,4.594531164169312,0.0,0.0,nan,nan,nan,nan,nan,nan,nan,nan,nan,nan,13696,-0.000891451497178064,0.04183580540120602,1.4454603672027588,0.01447393735870719,0.04347510449588299,0.04347510449588299,0.08032880499958991,0.0010834889333656407,0.005296874901614501,0.4068155884742737,1.0,0.0038413461538461535,0.00022783653846153846,0,0.75,0.75,0.0
428,1372800,-843.4218902587891,-8.434218826293945,-843.4218902587891,-8.434218826293945,0.0,843.4218902587891,8.434218826293945,-34.11211013793945,-0.3411208248138422,4.174287919998169,0.0,0.0,nan,nan,nan,nan,nan,nan,nan,nan,nan,nan,13728,-0.0008312696049339152,0.039844485372304915,1.424048936367035,0.013641247525811195,0.06336601488292218,0.06336601488292218,0.09194693267345429,0.0011510051575922531,0.008293749953736551,0.46362197399139404,1.0,0.0038269230769230767,0.00022673076923076922,0,0.75,0.75,0.0
429,1376000,-879.1040706634521,-8.791041088104247,-879.1040706634521,-8.791041088104247,0.0,879.1040706634521,8.791041088104247,-69.79429054260254,-0.6979430866241447,4.627430906295777,0.0,0.0,nan,nan,nan,nan,nan,nan,nan,nan,nan,nan,13760,-0.0009254316895501713,0.06765975430607796,1.4379116296768188,0.027422407269477846,0.051740771532058714,0.051740771532058714,0.1157942034304142,0.0007067021044368389,0.003837499999644933,0.5138827562332153,1.0,0.0038125,0.00022562500000000002,0,0.75,0.75,0.0
430,1379200,-957.0017919540405,-9.570017862319947,-957.0017919540405,-9.570017862319947,0.0,957.0017919540405,9.570017862319947,-147.69201183319092,-1.4769198608398444,5.176746988296509,0.0,0.0,nan,nan,nan,nan,nan,nan,nan,nan,nan,nan,13792,-0.000950289102777635,0.05217800661921501,1.4327597737312316,0.019696982018649577,0.060088712349534036,0.060088712349534036,0.10368165746331215,0.0007359508552350838,0.002125000028172508,0.6087876558303833,1.0,0.0037980769230769222,0.00022451923076923077,0,0.75,0.75,0.0
431,1382400,-798.0899047851562,-7.980899147987365,-798.0899047851562,-7.980899147987365,0.0,798.0899047851562,7.980899147987365,11.21987533569336,0.11219885349273717,3.405316724777222,0.0,0.0,nan,nan,nan,nan,nan,nan,nan,nan,nan,nan,13824,-0.0009649302856123753,0.023280693031847478,1.4167384386062623,0.005314968246966601,0.04591825380921364,0.04591825380921364,0.0647671177983284,0.0009918869704075683,0.003921874935622327,0.7312161922454834,1.0,0.0037836538461538454,0.00022341346153846158,0,0.75,0.75,0.0
432,1385600,-798.0163526535034,-7.9801634359359745,-798.0163526535034,-7.9801634359359745,0.0,798.0163526535034,7.9801634359359745,11.293427467346191,0.11293456554412806,3.1431846809387207,0.0,0.0,nan,nan,nan,nan,nan,nan,nan,nan,nan,nan,13856,-0.0010503075048676647,0.033835696429014205,1.4190922617912292,0.010518654668703675,0.07390966154634952,0.07390966154634952,0.0946553073823452,0.0011024867038969175,0.006175000015355181,0.4875953197479248,1.0,0.0037692307692307686,0.00022230769230769233,0,0.75,0.75,0.0
433,1388800,-749.772047996521,-7.497720227241516,-749.772047996521,-7.497720227241516,0.0,749.772047996521,7.497720227241516,59.53773212432861,0.5953777742385862,3.3823644876480103,0.0,0.0,nan,nan,nan,nan,nan,nan,nan,nan,nan,nan,13888,-0.0008614567162003262,0.031504536606371404,1.4143487453460692,0.009580204263329506,0.04542926773428917,0.04542926773428917,0.08023546487092972,0.0009195043869138324,0.0031875000364379956,0.40904444456100464,1.0,0.003754807692307692,0.00022120192307692308,0,0.75,0.75,0.0
434,1392000,-759.4383172988892,-7.594383301734925,-759.4383172988892,-7.594383301734925,0.0,759.4383172988892,7.594383301734925,49.87146282196045,0.4987146997451779,3.431638140678406,0.0,0.0,nan,nan,nan,nan,nan,nan,nan,nan,nan,nan,13920,-0.0015193707118974942,0.028872180543839932,1.4015621662139892,0.00767433769069612,0.06438881568610669,0.06438881568610669,0.06822208873927593,0.0018615142642399753,0.013290625112131239,0.6151593923568726,1.0,0.003740384615384615,0.0002200961538461539,0,0.75,0.75,0.0
435,1395200,-837.8446073532104,-8.37844617843628,-837.8446073532104,-8.37844617843628,0.0,837.8446073532104,8.37844617843628,-28.53482723236084,-0.28534817695617676,4.455052046775818,0.0,0.0,nan,nan,nan,nan,nan,nan,nan,nan,nan,nan,13952,-0.00119538664959844,0.04298705570399761,1.4108871817588806,0.015041229780763388,0.0494665652513504,0.0494665652513504,0.09762190356850624,0.0011977166705056026,0.008868750020337757,0.4024547338485718,1.0,0.0037259615384615382,0.00021899038461538464,0,0.75,0.75,0.0
436,1398400,-761.6867017745972,-7.616867399215698,-761.6867017745972,-7.616867399215698,0.0,761.6867017745972,7.616867399215698,47.62307834625244,0.4762306022644047,3.4854710626602174,0.0,0.0,nan,nan,nan,nan,nan,nan,nan,nan,nan,nan,13984,-0.001401248800638122,0.0274142861366272,1.414419686794281,0.007056221272796393,0.049972087144851685,0.049972087144851685,0.07433443069458008,0.0010033683611277865,0.0058375000429805365,0.5430617332458496,1.0,0.0037115384615384614,0.00021788461538461545,0,0.75,0.75,0.0
437,1401600,-837.3304224014282,-8.373304014205933,-837.3304224014282,-8.373304014205933,0.0,837.3304224014282,8.373304014205933,-28.020642280578613,-0.2802060127258308,3.884620475769043,0.0,0.0,nan,nan,nan,nan,nan,nan,nan,nan,nan,nan,14016,-0.001003444023232447,0.04818273335695267,1.4091806888580323,0.017878019157797097,0.05062142349779606,0.05062142349779606,0.10392656177282333,0.0012919060063743882,0.008771875046659262,0.44738852977752686,1.0,0.0036971153846153846,0.0002167788461538462,0,0.75,0.75,0.0
438,1404800,-847.4632759094238,-8.47463306427002,-847.4632759094238,-8.47463306427002,0.0,847.4632759094238,8.47463306427002,-38.15349578857422,-0.3815350627899168,4.421857514381409,0.0,0.0,nan,nan,nan,nan,nan,nan,nan,nan,nan,nan,14048,-0.0011337193371989906,0.05675363168120384,1.4073406338691712,0.022060294076800345,0.14713975749909877,0.14713975749909877,0.103277275711298,0.0010913240490513683,0.008734375087078661,0.4749601483345032,1.0,0.003682692307692308,0.00021567307692307695,0,0.75,0.75,0.0
439,1408000,-877.9332389831543,-8.779332084655762,-877.9332389831543,-8.779332084655762,0.0,877.9332389831543,8.779332084655762,-68.62345886230469,-0.686234083175659,4.417103548049926,0.0,0.0,nan,nan,nan,nan,nan,nan,nan,nan,nan,nan,14080,-0.0013194129143142773,0.04330676384270191,1.421034812927246,0.015121230948716402,0.05336048826575279,0.05336048826575279,0.08600853830575943,0.0013918698077781517,0.008225000047241337,0.5482966899871826,1.0,0.00366826923076923,0.00021456730769230765,0,0.75,0.75,0.0
440,1411200,-774.0230445861816,-7.74023021697998,-774.0230445861816,-7.74023021697998,0.0,774.0230445861816,7.74023021697998,35.28673553466797,0.35286778450012246,3.90414160490036,0.0,0.0,-754.6749367713928,-7.546749367713928,-754.6749367713928,-7.546749367713928,100.0,4.084114030599594,0.0,0.0,754.6749367713928,47.07162356376648,14112,-0.0011954874728224262,0.03751874789595604,1.4153324127197267,0.012392479460686445,0.06070999912917614,0.06070999912917614,0.08513045236468315,0.001045278742824681,0.007500000018626452,0.51469886302948,1.0,0.0036538461538461525,0.00021346153846153845,0,0.75,0.75,0.0
441,1414400,-809.5412588119507,-8.095412435531616,-809.5412588119507,-8.095412435531616,0.0,809.5412588119507,8.095412435531616,-0.23147869110107422,-0.0023144340515131034,3.826197471618652,0.0,0.0,nan,nan,nan,nan,nan,nan,nan,nan,nan,nan,14144,-0.0012667223548749717,0.024087323062121867,1.422151756286621,0.005601127399131656,0.05259023755788803,0.05259023755788803,0.08154905512928963,0.001620577307041901,0.012050000135786831,0.5406709909439087,1.0,0.0036394230769230757,0.0002123557692307692,0,0.75,0.75,0.0
442,1417600,-912.9511413574219,-9.12951102256775,-912.9511413574219,-9.12951102256775,0.0,912.9511413574219,9.12951102256775,-103.64136123657227,-1.0364130210876468,4.860534996986389,0.0,0.0,nan,nan,nan,nan,nan,nan,nan,nan,nan,nan,14176,-0.0010423752898117478,0.045572533085942266,1.4127897500991822,0.01662252899259329,0.050206685438752174,0.050206685438752174,0.10085208341479301,0.0008433768503916174,0.005543750055949204,0.29695701599121094,1.0,0.003624999999999999,0.00021124999999999996,0,0.75,0.75,0.0
443,1420800,-806.01708984375,-8.060170402526856,-806.01708984375,-8.060170402526856,0.0,806.01708984375,8.060170402526856,3.2926902770996094,0.03292759895324693,3.727318453788757,0.0,0.0,nan,nan,nan,nan,nan,nan,nan,nan,nan,nan,14208,-0.0009559319951222278,0.039514584094285966,1.4266209721565246,0.013650435209274291,0.05029253251850605,0.05029253251850605,0.09326848462224006,0.000782041490858616,0.005028125047101639,0.4294589161872864,1.0,0.003610576923076922,0.00021014423076923076,0,0.75,0.75,0.0
444,1424000,-745.4999151229858,-7.454999160766602,-745.4999151229858,-7.454999160766602,0.0,745.4999151229858,7.454999160766602,63.80986499786377,0.6380988407135009,3.3970069599151613,0.0,0.0,nan,nan,nan,nan,nan,nan,nan,nan,nan,nan,14240,-0.00133907509266864,0.028689573518931866,1.41678386926651,0.007910738931968808,0.05846488401293755,0.05846488401293755,0.0742930956184864,0.0015263038811124338,0.008824999990611104,0.5549970269203186,1.0,0.0035961538461538453,0.00020903846153846157,0,0.75,0.75,0.0
445,1427200,-890.3340320587158,-8.903340578079224,-890.3340320587158,-8.903340578079224,0.0,890.3340320587158,8.903340578079224,-81.02425193786621,-0.810242576599121,4.399242777824401,0.0,0.0,nan,nan,nan,nan,nan,nan,nan,nan,nan,nan,14272,-0.0008698150587354902,0.03394329696893692,1.4332425594329834,0.010968344518914819,0.051707608997821806,0.051707608997821806,0.09651252627372742,0.0007907537561576958,0.0054031249659601596,0.4933798909187317,1.0,0.0035817307692307685,0.00020793269230769227,0,0.75,0.75,0.0
446,1430400,-871.8916893005371,-8.718917570114137,-871.8916893005371,-8.718917570114137,0.0,871.8916893005371,8.718917570114137,-62.5819091796875,-0.625819568634034,4.478229942321778,0.0,0.0,nan,nan,nan,nan,nan,nan,nan,nan,nan,nan,14304,-0.0008234969110141321,0.04404624328017235,1.420896625518799,0.016130849346518518,0.045464785769581795,0.045464785769581795,0.09324079006910324,0.0006182789875332914,0.00455312500562286,0.5337899923324585,1.0,0.0035673076923076917,0.00020682692307692307,0,0.75,0.75,0.0
447,1433600,-851.960551738739,-8.519605665206909,-851.960551738739,-8.519605665206909,0.0,851.960551738739,8.519605665206909,-42.650771617889404,-0.42650766372680593,4.447624888420105,0.0,0.0,nan,nan,nan,nan,nan,nan,nan,nan,nan,nan,14336,-0.0010032993513625853,0.05852836780250072,1.410817277431488,0.023248413763940334,0.05126948803663254,0.05126948803663254,0.10659091919660568,0.001109377785544176,0.00695625003427267,0.47305846214294434,1.0,0.003552884615384615,0.00020572115384615388,0,0.75,0.75,0.0
448,1436800,-844.254301071167,-8.442542657852172,-844.254301071167,-8.442542657852172,0.0,844.254301071167,8.442542657852172,-34.94452095031738,-0.3494446563720697,4.451053433418274,0.0,0.0,nan,nan,nan,nan,nan,nan,nan,nan,nan,nan,14368,-0.0009350184530020122,0.036543678119778635,1.4425054907798767,0.012232570350170136,0.04438224770128727,0.04438224770128727,0.07621425166726112,0.0008462797100966524,0.0047031250196596375,0.575385332107544,1.0,0.003538461538461538,0.00020461538461538458,0,0.75,0.75,0.0
449,1440000,-801.7348041534424,-8.017347855567932,-801.7348041534424,-8.017347855567932,0.0,801.7348041534424,8.017347855567932,7.574975967407227,0.07575014591217055,3.8708461594581602,0.0,0.0,nan,nan,nan,nan,nan,nan,nan,nan,nan,nan,14400,-0.0009128410000236898,0.026893656142055987,1.4416366338729858,0.00745360404253006,0.04853355921804905,0.04853355921804905,0.07494542822241783,0.000656421058376824,0.002490625011705561,0.48738086223602295,1.0,0.0035240384615384613,0.00020350961538461538,0,0.75,0.75,0.0
450,1443200,-834.0009517669678,-8.340009775161743,-834.0009517669678,-8.340009775161743,0.0,834.0009517669678,8.340009775161743,-24.691171646118164,-0.2469117736816404,3.9189461421966554,0.0,0.0,nan,nan,nan,nan,nan,nan,nan,nan,nan,nan,14432,-0.0016387952244258485,0.037403407692909243,1.454854381084442,0.01195692946203053,0.07052174173295497,0.07052174173295497,0.08756418824195862,0.001288316932734724,0.010240625136066227,0.4431360960006714,1.0,0.0035096153846153845,0.0002024038461538462,0,0.75,0.75,0.0
451,1446400,-773.268702507019,-7.732687067985535,-773.268702507019,-7.732687067985535,0.0,773.268702507019,7.732687067985535,36.041077613830566,0.36041093349456776,3.794320595264435,0.0,0.0,nan,nan,nan,nan,nan,nan,nan,nan,nan,nan,14464,-0.000833549165376457,0.035377150401473045,1.4423481345176696,0.011813741736114025,0.17087938860058785,0.17087938860058785,0.0740474171936512,0.0009865017302241948,0.007137499994132668,0.6147018074989319,1.0,0.0034951923076923077,0.000201298076923077,0,0.75,0.75,0.0
452,1449600,-720.8423919677734,-7.208423457145691,-720.8423919677734,-7.208423457145691,0.0,720.8423919677734,7.208423457145691,88.46738815307617,0.8846745443344117,3.9002613043785095,0.0,0.0,nan,nan,nan,nan,nan,nan,nan,nan,nan,nan,14496,-0.0012202786555048028,0.02923760488629341,1.4408893227577209,0.008383120503276586,0.06941778399050236,0.06941778399050236,0.09966486319899559,0.0011381736778301402,0.006446874979883432,0.4170435070991516,1.0,0.00348076923076923,0.0002001923076923077,0,0.75,0.75,0.0
453,1452800,-804.6677684783936,-8.046677856445312,-804.6677684783936,-8.046677856445312,0.0,804.6677684783936,8.046677856445312,4.642011642456055,0.04642014503479075,3.5948952507972716,0.0,0.0,nan,nan,nan,nan,nan,nan,nan,nan,nan,nan,14528,-0.000803985930932688,0.02569084204733372,1.4551227807998657,0.006997475959360599,0.04352263920009136,0.04352263920009136,0.08039159476757049,0.0006324872614667471,0.002599999980884604,0.635129451751709,1.0,0.003466346153846153,0.0001990865384615385,0,0.75,0.75,0.0
454,1456000,-818.0190210342407,-8.180190334320068,-818.0190210342407,-8.180190334320068,0.0,818.0190210342407,8.180190334320068,-8.709240913391113,-0.08709233283996554,4.454735107421875,0.0,0.0,nan,nan,nan,nan,nan,nan,nan,nan,nan,nan,14560,-0.001332833063451133,0.04112288095057011,1.4386781573295593,0.014262400940060616,0.06303649619221688,0.06303649619221688,0.09091903865337372,0.0010089304647434305,0.005287499958649277,0.5359851121902466,1.0,0.0034519230769230764,0.0001979807692307693,0,0.75,0.75,0.0
455,1459200,-838.7593326568604,-8.387593231201173,-838.7593326568604,-8.387593231201173,0.0,838.7593326568604,8.387593231201173,-29.449552536010742,-0.2944952297210701,4.021560356616974,0.0,0.0,nan,nan,nan,nan,nan,nan,nan,nan,nan,nan,14592,-0.0008311715101880779,0.03696795329451561,1.411852812767029,0.012799561116844415,0.05340470373630524,0.05340470373630524,0.08704814836382865,0.0010474111622919137,0.005668749989126809,0.4728381037712097,1.0,0.0034374999999999996,0.000196875,0,0.75,0.75,0.0
456,1462400,-802.2774000167847,-8.022774066925049,-802.2774000167847,-8.022774066925049,0.0,802.2774000167847,8.022774066925049,7.032380104064941,0.07032393455505392,3.898979060649872,0.0,0.0,nan,nan,nan,nan,nan,nan,nan,nan,nan,nan,14624,-0.0007200284258986223,0.025754247047007083,1.4246395230293274,0.007280444586649537,0.04554424732923508,0.04554424732923508,0.07711004093289375,0.0005163359823228744,0.0017281250358792022,0.6565096378326416,1.0,0.0034230769230769228,0.0001957692307692308,0,0.75,0.75,0.0
457,1465600,-792.7634601593018,-7.927634630203247,-792.7634601593018,-7.927634630203247,0.0,792.7634601593018,7.927634630203247,16.54631996154785,0.1654633712768554,4.022023584842682,0.0,0.0,nan,nan,nan,nan,nan,nan,nan,nan,nan,nan,14656,-0.0014686847924138212,0.03133664559572935,1.4479811429977416,0.009263971820473671,0.07936103790998458,0.07936103790998458,0.08039070591330529,0.001322488762528736,0.008443749940488488,0.6024786233901978,1.0,0.003408653846153846,0.0001946634615384616,0,0.75,0.75,0.0
458,1468800,-898.9575710296631,-8.989576272964477,-898.9575710296631,-8.989576272964477,0.0,898.9575710296631,8.989576272964477,-89.64779090881348,-0.8964782714843746,4.9785219669342045,0.0,0.0,nan,nan,nan,nan,nan,nan,nan,nan,nan,nan,14688,-0.0006479078257660475,0.05416106656193733,1.4367299556732178,0.02155603189021349,0.048579311743378636,0.048579311743378636,0.0904473453760147,0.0008922907996766303,0.004162500042002648,0.5466983318328857,1.0,0.003394230769230769,0.0001935576923076923,0,0.75,0.75,0.0
459,1472000,-854.1936597824097,-8.541936378479004,-854.1936597824097,-8.541936378479004,0.0,854.1936597824097,8.541936378479004,-44.88387966156006,-0.4488383769989017,4.43267963886261,0.0,0.0,nan,nan,nan,nan,nan,nan,nan,nan,nan,nan,14720,-0.0007805635042867464,0.03241898156702518,1.4579296827316284,0.01050140536390245,0.041753968596458434,0.041753968596458434,0.08767199516296387,0.00043659629536903856,0.001271874993108213,0.5778456330299377,1.0,0.0033798076923076915,0.000192451923076923,0,0.75,0.75,0.0
460,1475200,-884.00221824646,-8.840021686553955,-884.00221824646,-8.840021686553955,0.0,884.00221824646,8.840021686553955,-74.69243812561035,-0.7469236850738525,4.043756282329559,0.0,0.0,-760.1125595569611,-7.60112559556961,-760.1125595569611,-7.60112559556961,100.0,3.526637638807297,0.0,0.0,760.1125595569611,41.63400077819824,14752,-0.0008028454417828512,0.03931031264364719,1.4421387910842896,0.01399895865470171,0.04215881489217281,0.04215881489217281,0.09448887705802918,0.0006655835473812713,0.004318750061065657,0.3317183256149292,1.0,0.0033653846153846147,0.00019134615384615381,0,0.75,0.75,0.0
461,1478400,-740.6701231002808,-7.406700892448425,-740.6701231002808,-7.406700892448425,0.0,740.6701231002808,7.406700892448425,68.63965702056885,0.6863971090316774,3.689387321472168,0.0,0.0,nan,nan,nan,nan,nan,nan,nan,nan,nan,nan,14784,-0.0010482773563532887,0.03467355128377676,1.4592349886894227,0.011398657876998185,0.055151141807436944,0.055151141807436944,0.08239986300468445,0.0008028863696403502,0.004931249992660014,0.6023588180541992,1.0,0.003350961538461538,0.00019024038461538462,0,0.75,0.75,0.0
462,1481600,-840.6576957702637,-8.406577262878418,-840.6576957702637,-8.406577262878418,0.0,840.6576957702637,8.406577262878418,-31.347915649414062,-0.3134792613983155,4.275842957496643,0.0,0.0,nan,nan,nan,nan,nan,nan,nan,nan,nan,nan,14816,-0.0012770452246768428,0.033491325750947,1.4682120323181151,0.010569871356710791,0.20669114738702773,0.20669114738702773,0.07984137311577796,0.001384806968784957,0.00533750003669411,0.6339426040649414,1.0,0.0033365384615384602,0.00018913461538461543,0,0.75,0.75,0.0
463,1484800,-798.2631673812866,-7.982631883621216,-798.2631673812866,-7.982631883621216,0.0,798.2631673812866,7.982631883621216,11.046612739562988,0.11046611785888683,3.6815298700332644,0.0,0.0,nan,nan,nan,nan,nan,nan,nan,nan,nan,nan,14848,-0.001325765856465999,0.028739801235497,1.4640170454978942,0.008180501172319055,0.06582118421792985,0.06582118421792985,0.09247156456112862,0.001125966591282663,0.005956250012604869,0.4588111639022827,1.0,0.0033221153846153834,0.00018802884615384612,0,0.75,0.75,0.0
464,1488000,-782.7236881256104,-7.827237062454223,-782.7236881256104,-7.827237062454223,0.0,782.7236881256104,7.827237062454223,26.586091995239258,0.26586093902587926,4.1280304002761845,0.0,0.0,nan,nan,nan,nan,nan,nan,nan,nan,nan,nan,14880,-0.0011858199151117076,0.03141187112778425,1.474069094657898,0.009644348500296473,0.05941203460097313,0.05941203460097313,0.08398954346776008,0.0013250660955255874,0.0069937500782543795,0.5693424940109253,1.0,0.0033076923076923066,0.00018692307692307693,0,0.75,0.75,0.0
465,1491200,-828.5319156646729,-8.285319213867188,-828.5319156646729,-8.285319213867188,0.0,828.5319156646729,8.285319213867188,-19.222135543823242,-0.19222121238708567,4.5980430555343625,0.0,0.0,nan,nan,nan,nan,nan,nan,nan,nan,nan,nan,14912,-0.0010630310633510831,0.04723766148090362,1.4803865432739258,0.01768048796802759,0.0447475478053093,0.0447475478053093,0.11062920689582825,0.0008895882558154336,0.0024687500084837667,0.49953383207321167,1.0,0.00329326923076923,0.00018581730769230774,0,0.75,0.75,0.0
466,1494400,-849.1114072799683,-8.491114091873168,-849.1114072799683,-8.491114091873168,0.0,849.1114072799683,8.491114091873168,-39.80162715911865,-0.3980160903930656,3.9681957960128784,0.0,0.0,nan,nan,nan,nan,nan,nan,nan,nan,nan,nan,14944,-0.0010010621335940328,0.04907696284353733,1.469147264957428,0.01872031120583415,0.043896327167749404,0.043896327167749404,0.10016912817955018,0.0008894757018447972,0.00426562492211815,0.39126044511795044,1.0,0.003278846153846153,0.00018471153846153843,0,0.75,0.75,0.0
467,1497600,-867.3971242904663,-8.673971099853516,-867.3971242904663,-8.673971099853516,0.0,867.3971242904663,8.673971099853516,-58.0873441696167,-0.5808730983734129,4.444998698234558,0.0,0.0,nan,nan,nan,nan,nan,nan,nan,nan,nan,nan,14976,-0.0006260059214357128,0.034150933101773265,1.472039556503296,0.011644100677222014,0.17395179569721222,0.17395179569721222,0.1025416187942028,0.0005519674727139058,0.002021874999627471,0.6998555064201355,1.0,0.0032644230769230762,0.00018360576923076924,0,0.75,0.75,0.0
468,1500800,-830.5297479629517,-8.305297365188599,-830.5297479629517,-8.305297365188599,0.0,830.5297479629517,8.305297365188599,-21.21996784210205,-0.21219936370849624,4.602285957336425,0.0,0.0,nan,nan,nan,nan,nan,nan,nan,nan,nan,nan,15008,-0.0010936381017789154,0.03589135892689228,1.4604059100151061,0.012105721980333328,0.04894948601722717,0.04894948601722717,0.1082868330180645,0.000801234645589285,0.0029812499808031133,0.5331392288208008,1.0,0.0032499999999999994,0.00018250000000000004,0,0.75,0.75,0.0
469,1504000,-764.5183629989624,-7.6451834774017335,-764.5183629989624,-7.6451834774017335,0.0,764.5183629989624,7.6451834774017335,44.79141712188721,0.44791452407836907,3.4314054894447326,0.0,0.0,nan,nan,nan,nan,nan,nan,nan,nan,nan,nan,15040,-0.0009100414923626232,0.030284174531698228,1.4623465299606324,0.00950051131658256,0.06341089606285095,0.06341089606285095,0.08564829677343369,0.0007301146082706176,0.003521875070146052,0.5944302082061768,1.0,0.0032355769230769226,0.00018139423076923074,0,0.75,0.75,0.0
470,1507200,-814.8634405136108,-8.148634576797486,-814.8634405136108,-8.148634576797486,0.0,814.8634405136108,8.148634576797486,-5.5536603927612305,-0.0555365753173831,3.714349148273468,0.0,0.0,nan,nan,nan,nan,nan,nan,nan,nan,nan,nan,15072,-0.0009580402858555103,0.029951185919344425,1.4440893173217773,0.009365919046103954,0.051751962304115294,0.051751962304115294,0.08502261638641358,0.0005939661776229774,0.0020812500264582924,0.4115399122238159,1.0,0.003221153846153846,0.00018028846153846155,0,0.75,0.75,0.0
471,1510400,-690.5653772354126,-6.905653972625732,-690.5653772354126,-6.905653972625732,0.0,690.5653772354126,6.905653972625732,118.74440288543701,1.1874440288543706,3.1912248373031615,0.0,0.0,nan,nan,nan,nan,nan,nan,nan,nan,nan,nan,15104,-0.0011929261554847414,0.027239843644201754,1.4427233338356018,0.00780057036317885,0.06113758534193039,0.06113758534193039,0.09083545133471489,0.0010504221605536954,0.005287500025588088,0.7092386484146118,1.0,0.003206730769230769,0.00017918269230769235,0,0.75,0.75,0.0
472,1513600,-851.6083450317383,-8.516083660125732,-851.6083450317383,-8.516083660125732,0.0,851.6083450317383,8.516083660125732,-42.29856491088867,-0.4229856586456293,3.902273736000061,0.0,0.0,nan,nan,nan,nan,nan,nan,nan,nan,nan,nan,15136,-0.0010342530962196173,0.036082242429256436,1.4319993019104005,0.012435485329478978,0.06116445511579514,0.06116445511579514,0.09548485726118087,0.0010401158295303178,0.005125000048428774,0.39352989196777344,1.0,0.003192307692307692,0.00017807692307692316,0,0.75,0.75,0.0
473,1516800,-785.9324941635132,-7.8593250131607055,-785.9324941635132,-7.8593250131607055,0.0,785.9324941635132,7.8593250131607055,23.377285957336426,0.23377298831939708,4.29835506439209,0.0,0.0,nan,nan,nan,nan,nan,nan,nan,nan,nan,nan,15168,-0.0005785143006272975,0.04056458063423633,1.4376407265663147,0.015135119948536158,0.16273581609129906,0.16273581609129906,0.103012053668499,0.0005595054623012263,0.0026625000435160475,0.4023768901824951,1.0,0.0031778846153846154,0.00017697115384615386,0,0.75,0.75,0.0
474,1520000,-829.9047079086304,-8.299046964645386,-829.9047079086304,-8.299046964645386,0.0,829.9047079086304,8.299046964645386,-20.59492778778076,-0.20594896316528377,3.8132648348808287,0.0,0.0,nan,nan,nan,nan,nan,nan,nan,nan,nan,nan,15200,-0.0008134946808655563,0.032859499007463454,1.4522096514701843,0.01102224513888359,0.05653007887303829,0.05653007887303829,0.08527899086475373,0.0007956298870363801,0.004728124965913594,0.62229323387146,1.0,0.0031634615384615386,0.00017586538461538466,0,0.75,0.75,0.0
475,1523200,-787.7230052947998,-7.877230310440064,-787.7230052947998,-7.877230310440064,0.0,787.7230052947998,7.877230310440064,21.586774826049805,0.21586769104003878,4.037864553928375,0.0,0.0,nan,nan,nan,nan,nan,nan,nan,nan,nan,nan,15232,-0.0006917416226002616,0.03360370732843876,1.442765462398529,0.011566788144409656,0.0734499890357256,0.0734499890357256,0.07867933958768844,0.0006612183118738337,0.003671875031432137,0.3757045269012451,1.0,0.003149038461538461,0.00017475961538461547,0,0.75,0.75,0.0
476,1526400,-852.0622758865356,-8.52062268257141,-852.0622758865356,-8.52062268257141,0.0,852.0622758865356,8.52062268257141,-42.752495765686035,-0.4275246810913078,4.954851861000061,0.0,0.0,nan,nan,nan,nan,nan,nan,nan,nan,nan,nan,15264,-0.0009562041939993104,0.051558546349406244,1.437789261341095,0.02031615246087313,0.055838724598288536,0.055838724598288536,0.11879661232233048,0.0006646931546152792,0.003521875030128285,0.41571277379989624,1.0,0.003134615384615384,0.00017365384615384617,0,0.75,0.75,0.0
477,1529600,-799.6380472183228,-7.996380658149719,-799.6380472183228,-7.996380658149719,0.0,799.6380472183228,7.996380658149719,9.671732902526855,0.09671734333038362,3.736130337715149,0.0,0.0,nan,nan,nan,nan,nan,nan,nan,nan,nan,nan,15296,-0.00101744251691267,0.04797244630753994,1.415301263332367,0.018552768602967264,0.05620140843093395,0.05620140843093395,0.11612906903028489,0.000831007263153078,0.005393750034272671,0.3220070004463196,1.0,0.0031201923076923073,0.00017254807692307697,0,0.75,0.75,0.0
478,1532800,-870.0332641601562,-8.700332565307617,-870.0332641601562,-8.700332565307617,0.0,870.0332641601562,8.700332565307617,-60.72348403930664,-0.6072345638275145,4.934111661911011,0.0,0.0,nan,nan,nan,nan,nan,nan,nan,nan,nan,nan,15328,-0.000523832180845929,0.046371886134147645,1.4247228264808656,0.0182372510433197,0.04749579131603241,0.04749579131603241,0.10326449945569038,0.0006112450853856356,0.002274999997462146,0.5768488645553589,1.0,0.0031057692307692297,0.00017144230769230767,0,0.75,0.75,0.0
479,1536000,-803.180492401123,-8.031804962158203,-803.180492401123,-8.031804962158203,0.0,803.180492401123,8.031804962158203,6.1292877197265625,0.061293039321899556,4.296595029830932,0.0,0.0,nan,nan,nan,nan,nan,nan,nan,nan,nan,nan,15360,-0.0011880078699090467,0.029223411902785303,1.451614761352539,0.008936254400759935,0.09177700281143189,0.09177700281143189,0.0763181671500206,0.0007523606185737619,0.005121875053737313,0.6176049113273621,1.0,0.003091346153846153,0.00017033653846153848,0,0.75,0.75,0.0
480,1539200,-773.8861865997314,-7.738861904144287,-773.8861865997314,-7.738861904144287,0.0,773.8861865997314,7.738861904144287,35.423593521118164,0.3542360973358152,4.095018265247345,0.0,0.0,-731.7449553012848,-7.317449553012848,-731.7449553012848,-7.317449553012848,100.0,3.353480404764414,0.0,0.0,731.7449553012848,70.00160503387451,15392,-0.0008393715330777928,0.030902479775249958,1.42471684217453,0.010228124540299177,0.05737246461212635,0.05737246461212635,0.07674909308552742,0.0008521507519642443,0.004090625053504482,0.4832666516304016,1.0,0.003076923076923076,0.00016923076923076917,0,0.75,0.75,0.0
481,1542400,-833.0152578353882,-8.330152959823609,-833.0152578353882,-8.330152959823609,0.0,833.0152578353882,8.330152959823609,-23.705477714538574,-0.23705495834350643,3.7322916078567503,0.0,0.0,nan,nan,nan,nan,nan,nan,nan,nan,nan,nan,15424,-0.0006532729090948485,0.0295618562027812,1.4455840229988097,0.009700554609298705,0.05994721390306949,0.05994721390306949,0.08745192140340804,0.0006421935373536782,0.0026812500320374964,0.5504071712493896,1.0,0.0030624999999999993,0.00016812499999999998,0,0.75,0.75,0.0
482,1545600,-900.6185846328735,-9.00618592262268,-900.6185846328735,-9.00618592262268,0.0,900.6185846328735,9.00618592262268,-91.30880451202393,-0.9130879211425782,5.027037653923035,0.0,0.0,nan,nan,nan,nan,nan,nan,nan,nan,nan,nan,15456,-0.000709120672819008,0.06940795853734016,1.417882537841797,0.02967304363846779,0.05900122486054897,0.05900122486054897,0.11629962772130967,0.0006815810000294564,0.004000000000814907,0.5289503931999207,1.0,0.0030480769230769224,0.00016701923076923079,0,0.75,0.75,0.0
483,1548800,-857.157096862793,-8.571570777893067,-857.157096862793,-8.571570777893067,0.0,857.157096862793,8.571570777893067,-47.84731674194336,-0.47847277641296415,4.2511064195632935,0.0,0.0,nan,nan,nan,nan,nan,nan,nan,nan,nan,nan,15488,-0.0010470851577119688,0.03216033037751913,1.439562702178955,0.010665945708751678,0.07304159440100193,0.07304159440100193,0.08116614148020744,0.0008601245157507655,0.005943750101141632,0.5647120475769043,1.0,0.0030336538461538456,0.0001659134615384616,0,0.75,0.75,0.0
484,1552000,-810.440450668335,-8.104404325485229,-810.440450668335,-8.104404325485229,0.0,810.440450668335,8.104404325485229,-1.1306705474853516,-0.0113063240051261,4.468816676139832,0.0,0.0,nan,nan,nan,nan,nan,nan,nan,nan,nan,nan,15520,-0.0008667441687896016,0.0405181247740984,1.4254815697669982,0.01508846115320921,0.059053660929203035,0.059053660929203035,0.1094033882021904,0.0007819387825317497,0.004434374993434176,0.5395565032958984,1.0,0.003019230769230769,0.0001648076923076923,0,0.75,0.75,0.0
485,1555200,-802.3349418640137,-8.023349471092224,-802.3349418640137,-8.023349471092224,0.0,802.3349418640137,8.023349471092224,6.9748382568359375,0.0697485303878782,3.985927426815033,0.0,0.0,nan,nan,nan,nan,nan,nan,nan,nan,nan,nan,15552,-0.0006539872890629295,0.030964470095932485,1.4060056567192079,0.010603471519425511,0.06274076253175735,0.06274076253175735,0.09030034691095352,0.000794199677332395,0.003218749939696863,0.5194305777549744,1.0,0.003004807692307691,0.0001637019230769231,0,0.75,0.75,0.0
486,1558400,-805.9319734573364,-8.059319519996643,-805.9319734573364,-8.059319519996643,0.0,805.9319734573364,8.059319519996643,3.3778066635131836,0.03377848148345919,4.315877904891968,0.0,0.0,nan,nan,nan,nan,nan,nan,nan,nan,nan,nan,15584,-0.0008774894035013858,0.02714788932353258,1.3853873491287232,0.00855361418798566,0.06416394673287869,0.06416394673287869,0.0835318461060524,0.0008678947353496131,0.002403125043201726,0.5683255791664124,1.0,0.0029903846153846144,0.0001625961538461539,0,0.75,0.75,0.0
487,1561600,-798.9698677062988,-7.989698705673217,-798.9698677062988,-7.989698705673217,0.0,798.9698677062988,7.989698705673217,10.339912414550781,0.10339929580688523,3.7284886717796324,0.0,0.0,nan,nan,nan,nan,nan,nan,nan,nan,nan,nan,15616,-0.00037681966180609373,0.029151580482721328,1.392747163772583,0.010054208431392908,0.04382213912904263,0.04382213912904263,0.0834821917116642,0.00040747083294471553,0.001999999990221113,0.6722269058227539,1.0,0.0029759615384615376,0.0001614903846153846,0,0.75,0.75,0.0
488,1564800,-805.9505319595337,-8.059505314826966,-805.9505319595337,-8.059505314826966,0.0,805.9505319595337,8.059505314826966,3.359248161315918,0.03359268665313664,3.899680645465851,0.0,0.0,nan,nan,nan,nan,nan,nan,nan,nan,nan,nan,15648,-0.0010105636054882794,0.03622808754444122,1.383760690689087,0.013005419541150332,0.06075529754161835,0.06075529754161835,0.08824852928519249,0.0007296200990864421,0.004546875065716449,0.5336548686027527,1.0,0.0029615384615384608,0.0001603846153846154,0,0.75,0.75,0.0
489,1568000,-934.4647397994995,-9.34464737892151,-934.4647397994995,-9.34464737892151,0.0,934.4647397994995,9.34464737892151,-125.1549596786499,-1.2515493774414068,5.241169862747192,0.0,0.0,nan,nan,nan,nan,nan,nan,nan,nan,nan,nan,15680,-0.0007177796156902172,0.06990502960979939,1.407905113697052,0.030085477232933044,0.04487447999417782,0.04487447999417782,0.14053330421447754,0.0006232031782953129,0.002000000001862645,0.47785472869873047,1.0,0.002947115384615384,0.0001592788461538462,0,0.75,0.75,0.0
490,1571200,-910.0582447052002,-9.100582761764526,-910.0582447052002,-9.100582761764526,0.0,910.0582447052002,9.100582761764526,-100.74846458435059,-1.0074847602844237,4.37243950843811,0.0,0.0,nan,nan,nan,nan,nan,nan,nan,nan,nan,nan,15712,-0.0005711347776814257,0.04996114745736122,1.3756914496421815,0.020374958962202074,0.04378876239061356,0.04378876239061356,0.1119518980383873,0.00036629630140170796,0.0009250000031897799,0.4738881587982178,1.0,0.002932692307692307,0.0001581730769230769,0,0.75,0.75,0.0
491,1574400,-752.227484703064,-7.522275214195251,-752.227484703064,-7.522275214195251,0.0,752.227484703064,7.522275214195251,57.082295417785645,0.5708227872848513,3.804175522327423,0.0,0.0,nan,nan,nan,nan,nan,nan,nan,nan,nan,nan,15744,-0.0007466398331219537,0.02424104791134596,1.4544719099998473,0.007129343366250396,0.05340174250304699,0.05340174250304699,0.07924705296754837,0.0005906412088764494,0.0035093750368105246,0.5861201286315918,1.0,0.0029182692307692304,0.00015706730769230771,0,0.75,0.75,0.0
492,1577600,-834.7990732192993,-8.347990598678589,-834.7990732192993,-8.347990598678589,0.0,834.7990732192993,8.347990598678589,-25.489293098449707,-0.2548925971984861,3.856399345397949,0.0,0.0,nan,nan,nan,nan,nan,nan,nan,nan,nan,nan,15776,-0.0006052679050946586,0.06440580859780312,1.4295276165008546,0.02744650896638632,0.04361952356994152,0.04361952356994152,0.14030451700091362,0.0004309946812124345,0.0024249999751191353,0.248033344745636,1.0,0.0029038461538461536,0.00015596153846153852,0,0.75,0.75,0.0
493,1580800,-804.3098754882812,-8.04309875011444,-804.3098754882812,-8.04309875011444,0.0,804.3098754882812,8.04309875011444,4.999904632568359,0.04999925136566219,3.765911157131195,0.0,0.0,nan,nan,nan,nan,nan,nan,nan,nan,nan,nan,15808,-0.0008500119658769289,0.026400470361113548,1.4347169876098633,0.008204718772321939,0.06787050440907479,0.06787050440907479,0.08715496882796288,0.0005226068180516507,0.004284374974668026,0.528572678565979,1.0,0.0028894230769230768,0.00015485576923076922,0,0.75,0.75,0.0
494,1584000,-747.2801351547241,-7.47280110836029,-747.2801351547241,-7.47280110836029,0.0,747.2801351547241,7.47280110836029,62.02964496612549,0.6202968931198125,3.218838493824005,0.0,0.0,nan,nan,nan,nan,nan,nan,nan,nan,nan,nan,15840,-0.0006945900424849327,0.03182028867304325,1.4441817283630372,0.011063531599938869,0.05458553843200207,0.05458553843200207,0.08795937448740006,0.00041383695607104254,0.0027437500073574485,0.5855066776275635,1.0,0.002875,0.00015375000000000002,0,0.75,0.75,0.0
495,1587200,-813.5805034637451,-8.135805292129517,-813.5805034637451,-8.135805292129517,0.0,813.5805034637451,8.135805292129517,-4.270723342895508,-0.04270729064941392,3.95880779504776,0.0,0.0,nan,nan,nan,nan,nan,nan,nan,nan,nan,nan,15872,-0.0010721575837814967,0.028331928327679633,1.445361351966858,0.008959239395335317,0.06126562394201755,0.06126562394201755,0.07332130670547485,0.0007041241613506847,0.0072093749939085685,0.6977624893188477,1.0,0.002860576923076923,0.00015264423076923083,0,0.75,0.75,0.0
496,1590400,-812.1273412704468,-8.121273579597473,-812.1273412704468,-8.121273579597473,0.0,812.1273412704468,8.121273579597473,-2.817561149597168,-0.028175578117370037,4.2397308969497685,0.0,0.0,nan,nan,nan,nan,nan,nan,nan,nan,nan,nan,15904,-0.0009960471990285492,0.041140932217240335,1.4043761134147643,0.015577348228543998,0.06097693555057049,0.06097693555057049,0.09277264773845673,0.0009058049661719327,0.004462500044610351,0.5358728170394897,1.0,0.0028461538461538463,0.00015153846153846164,0,0.75,0.75,0.0
497,1593600,-733.5269641876221,-7.335269775390625,-733.5269641876221,-7.335269775390625,0.0,733.5269641876221,7.335269775390625,75.78281593322754,0.7578282260894778,3.5139411664009095,0.0,0.0,nan,nan,nan,nan,nan,nan,nan,nan,nan,nan,15936,-0.0011697041742038117,0.027375744469463826,1.4325766921043397,0.008461496466770769,0.07754449769854546,0.07754449769854546,0.0826741024851799,0.0011928937641668591,0.008284374928916805,0.7231807112693787,1.0,0.0028317307692307687,0.00015043269230769233,0,0.75,0.75,0.0
498,1596800,-816.3461017608643,-8.163460574150086,-816.3461017608643,-8.163460574150086,0.0,816.3461017608643,8.163460574150086,-7.036321640014648,-0.07036257266998369,4.188262662887573,0.0,0.0,nan,nan,nan,nan,nan,nan,nan,nan,nan,nan,15968,-0.0008534205458010646,0.04053877256810665,1.388367199897766,0.0155045079998672,0.06914944648742676,0.06914944648742676,0.09182823523879051,0.0009216907081312407,0.006043750015669503,0.5063576698303223,1.0,0.002817307692307691,0.00014932692307692303,0,0.75,0.75,0.0
499,1600000,-735.2317123413086,-7.35231686592102,-735.2317123413086,-7.35231686592102,0.0,735.2317123413086,7.35231686592102,74.07806777954102,0.7407811355590823,3.8210634636878966,0.0,0.0,nan,nan,nan,nan,nan,nan,nan,nan,nan,nan,16000,-0.0008204422085778873,0.03395344298332929,1.387353789806366,0.012267686426639557,0.058416341245174405,0.058416341245174405,0.09849008247256279,0.0007527494501149966,0.002071875031106174,0.524935245513916,1.0,0.002802884615384614,0.00014822115384615384,0,0.75,0.75,0.0
500,1603200,-850.2821111679077,-8.50282114982605,-850.2821111679077,-8.50282114982605,0.0,850.2821111679077,8.50282114982605,-40.972331047058105,-0.4097231483459467,4.184157280921936,0.0,0.0,-708.9401723146439,-7.089401723146438,-708.9401723146439,-7.089401723146438,100.0,3.3557087340950966,0.0,0.0,708.9401723146439,92.80638802051544,16032,-0.0012422169315512654,0.0348563052713871,1.3857064843177795,0.01232194686308503,0.060159992426633835,0.060159992426633835,0.094491658359766,0.0006386961093107905,0.0027593750623054803,0.6099182367324829,1.0,0.0027884615384615374,0.00014711538461538464,0,0.75,0.75,0.0
501,1606400,-859.3110904693604,-8.593111171722413,-859.3110904693604,-8.593111171722413,0.0,859.3110904693604,8.593111171722413,-50.00131034851074,-0.5000131702423101,4.118354382514954,0.0,0.0,nan,nan,nan,nan,nan,nan,nan,nan,nan,nan,16064,-0.0006706625217397288,0.0447161715477705,1.3397488832473754,0.01797090843319893,0.050624755397439006,0.050624755397439006,0.10798588916659355,0.0004730880476953159,0.0026750000193715095,0.3170452117919922,1.0,0.0027740384615384606,0.00014600961538461534,0,0.75,0.75,0.0
502,1609600,-783.7769365310669,-7.8377695608139035,-783.7769365310669,-7.8377695608139035,0.0,783.7769365310669,7.8377695608139035,25.532843589782715,0.2553284406661991,3.899518225193024,0.0,0.0,nan,nan,nan,nan,nan,nan,nan,nan,nan,nan,16096,-0.00046392623281863165,0.037245698645710944,1.3677505612373353,0.014384457748383284,0.1269303433597088,0.1269303433597088,0.09969358295202255,0.000486724286025932,0.003424999990966171,0.6561657190322876,1.0,0.002759615384615384,0.00014490384615384615,0,0.75,0.75,0.0
503,1612800,-816.4936685562134,-8.164936838150025,-816.4936685562134,-8.164936838150025,0.0,816.4936685562134,8.164936838150025,-7.1838884353637695,-0.0718388366699223,4.09267795085907,0.0,0.0,nan,nan,nan,nan,nan,nan,nan,nan,nan,nan,16128,-0.000583738620797547,0.043990608304739,1.3933544397354125,0.017586539778858424,0.041330913081765175,0.041330913081765175,0.10279341340065003,0.0003142411716936935,0.0020468750124564396,0.5118680596351624,1.0,0.002745192307692307,0.00014379807692307695,0,0.75,0.75,0.0
504,1616000,-744.6084461212158,-7.446084761619568,-744.6084461212158,-7.446084761619568,0.0,744.6084461212158,7.446084761619568,64.70133399963379,0.6470132398605344,3.5066898345947264,0.0,0.0,nan,nan,nan,nan,nan,nan,nan,nan,nan,nan,16160,-0.001153104959940543,0.028232400864362718,1.3688574075698852,0.00922506144270301,0.1678274877369404,0.1678274877369404,0.09285153225064277,0.0008967421279562355,0.006940625002607703,0.5811426639556885,1.0,0.00273076923076923,0.00014269230769230765,0,0.75,0.75,0.0
505,1619200,-837.4593524932861,-8.37459337234497,-837.4593524932861,-8.37459337234497,0.0,837.4593524932861,8.37459337234497,-28.149572372436523,-0.2814953708648673,4.02842663526535,0.0,0.0,nan,nan,nan,nan,nan,nan,nan,nan,nan,nan,16192,-0.0008664478500140405,0.05356567613780498,1.3705528020858764,0.022193494066596032,0.06481674872338772,0.06481674872338772,0.1059505209326744,0.0005343826713247818,0.0021124999911990017,0.3243251442909241,1.0,0.0027163461538461534,0.00014158653846153846,0,0.75,0.75,0.0
506,1622400,-814.4681377410889,-8.14468120098114,-814.4681377410889,-8.14468120098114,0.0,814.4681377410889,8.14468120098114,-5.158357620239258,-0.05158319950103696,4.40338348865509,0.0,0.0,nan,nan,nan,nan,nan,nan,nan,nan,nan,nan,16224,-0.0006898785657831307,0.06477881260216237,1.3891702532768249,0.027946096658706666,0.06275716647505761,0.06275716647505761,0.1334227941930294,0.0008469633670797254,0.004318750032689422,0.5349815487861633,1.0,0.0027019230769230766,0.00014048076923076926,0,0.75,0.75,0.0
507,1625600,-856.1620264053345,-8.561620254516601,-856.1620264053345,-8.561620254516601,0.0,856.1620264053345,8.561620254516601,-46.85224628448486,-0.4685222530364985,3.6837645888328554,0.0,0.0,nan,nan,nan,nan,nan,nan,nan,nan,nan,nan,16256,-0.0007203999360442026,0.06363376341760159,1.4408793449401855,0.02722411844879389,0.0634644441306591,0.0634644441306591,0.1286703623831272,0.0007054891610136528,0.003593749968786142,0.32767677307128906,1.0,0.002687499999999999,0.00013937500000000007,0,0.75,0.75,0.0
508,1628800,-819.9862260818481,-8.199861736297608,-819.9862260818481,-8.199861736297608,0.0,819.9862260818481,8.199861736297608,-10.676445960998535,-0.10676373481750545,4.237137441635132,0.0,0.0,nan,nan,nan,nan,nan,nan,nan,nan,nan,nan,16288,-0.0006084170296439151,0.04785439781844616,1.3845059394836425,0.019617891125380992,0.06377031840384007,0.06377031840384007,0.09675329849123955,0.0005295782795694439,0.004409374988972559,0.4184109568595886,1.0,0.002673076923076922,0.00013826923076923076,0,0.75,0.75,0.0
509,1632000,-784.986330986023,-7.849863433837891,-784.986330986023,-7.849863433837891,0.0,784.986330986023,7.849863433837891,24.32344913482666,0.24323456764221163,3.796199872493744,0.0,0.0,nan,nan,nan,nan,nan,nan,nan,nan,nan,nan,16320,-0.0010329366077435954,0.033193504251539704,1.3965316772460938,0.01185092143714428,0.07850038632750511,0.07850038632750511,0.1064465343952179,0.000730433982794073,0.006015624885912984,0.5173676013946533,1.0,0.0026586538461538453,0.00013716346153846157,0,0.75,0.75,0.0
510,1635200,-786.947135925293,-7.869471740722656,-786.947135925293,-7.869471740722656,0.0,786.947135925293,7.869471740722656,22.36264419555664,0.22362626075744618,4.114458589553833,0.0,0.0,nan,nan,nan,nan,nan,nan,nan,nan,nan,nan,16352,-0.0008936150740016302,0.018090686947107314,1.4306339740753173,0.004368801950477064,0.06564640216529369,0.06564640216529369,0.07916789054870606,0.0010123362710190984,0.004443750166683458,0.641396164894104,1.0,0.0026442307692307685,0.00013605769230769238,0,0.75,0.75,0.0
511,1638400,-768.9972095489502,-7.689971833229065,-768.9972095489502,-7.689971833229065,0.0,768.9972095489502,7.689971833229065,40.312570571899414,0.4031261682510374,3.4851777148246765,0.0,0.0,nan,nan,nan,nan,nan,nan,nan,nan,nan,nan,16384,-0.0007015629926987454,0.03156948834657669,1.4220945477485656,0.011343346163630485,0.04874428771436214,0.04874428771436214,0.08446245640516281,0.0009236761230598699,0.004346874955081148,0.5554909110069275,1.0,0.0026298076923076917,0.00013495192307692307,0,0.75,0.75,0.0
512,1641600,-790.334584236145,-7.9033457374572755,-790.334584236145,-7.9033457374572755,0.0,790.334584236145,7.9033457374572755,18.97519588470459,0.18975226402282708,3.7062854051589964,0.0,0.0,nan,nan,nan,nan,nan,nan,nan,nan,nan,nan,16416,-0.0007047463952156274,0.04945022240281105,1.4160157561302185,0.020316938869655132,0.04615465141832829,0.04615465141832829,0.11944797933101654,0.0003589602825767147,0.0007156250154366717,0.5638556480407715,1.0,0.002615384615384615,0.00013384615384615388,0,0.75,0.75,0.0
513,1644800,-841.5754337310791,-8.415754508972167,-841.5754337310791,-8.415754508972167,0.0,841.5754337310791,8.415754508972167,-32.26565361022949,-0.32265650749206465,4.100522511005401,0.0,0.0,nan,nan,nan,nan,nan,nan,nan,nan,nan,nan,16448,-0.000774075912107941,0.04033222906291485,1.3908090233802795,0.015774597972631456,0.08181119710206985,0.08181119710206985,0.10474401786923408,0.0004714794347853536,0.0023750000167638064,0.636461615562439,1.0,0.002600961538461538,0.00013274038461538469,0,0.75,0.75,0.0
514,1648000,-878.1880888938904,-8.781881170272827,-878.1880888938904,-8.781881170272827,0.0,878.1880888938904,8.781881170272827,-68.87830877304077,-0.6887831687927246,4.189697060585022,0.0,0.0,nan,nan,nan,nan,nan,nan,nan,nan,nan,nan,16480,-0.0008883061269006731,0.05578011013567448,1.3941340923309327,0.02339576780796051,0.06003475449979305,0.06003475449979305,0.12382303103804589,0.0009275486550937182,0.005412500074817217,0.603731632232666,1.0,0.0025865384615384613,0.00013163461538461538,0,0.75,0.75,0.0
515,1651200,-776.02317237854,-7.760231747627258,-776.02317237854,-7.760231747627258,0.0,776.02317237854,7.760231747627258,33.28660774230957,0.33286625385284463,3.243457260131836,0.0,0.0,nan,nan,nan,nan,nan,nan,nan,nan,nan,nan,16512,-0.0011577613993547509,0.028822119161486626,1.4160170912742616,0.009611139120534063,0.07452922128140926,0.07452922128140926,0.10590406283736228,0.001587776611998799,0.012803125084610656,0.43855732679367065,1.0,0.0025721153846153845,0.0001305288461538462,0,0.75,0.75,0.0
516,1654400,-847.4136638641357,-8.47413649559021,-847.4136638641357,-8.47413649559021,0.0,847.4136638641357,8.47413649559021,-38.10388374328613,-0.3810384941101077,4.229129400253296,0.0,0.0,nan,nan,nan,nan,nan,nan,nan,nan,nan,nan,16544,-0.0006434612742683754,0.04339806661009789,1.37450932264328,0.017540000658482314,0.05484585575759411,0.05484585575759411,0.11797034367918968,0.00046508192226893657,0.003228124958695844,0.5734353065490723,1.0,0.0025576923076923077,0.000129423076923077,0,0.75,0.75,0.0
517,1657600,-833.333251953125,-8.333332920074463,-833.333251953125,-8.333332920074463,0.0,833.333251953125,8.333332920074463,-24.02347183227539,-0.24023491859436064,4.265598959922791,0.0,0.0,nan,nan,nan,nan,nan,nan,nan,nan,nan,nan,16576,-0.0008383253159758297,0.05787843093276024,1.4128854870796204,0.024507541581988333,0.051459675282239915,0.051459675282239915,0.12470409348607063,0.0004904292747628963,0.002687500000320142,0.5054484605789185,1.0,0.00254326923076923,0.0001283173076923077,0,0.75,0.75,0.0
518,1660800,-838.8736438751221,-8.38873604774475,-838.8736438751221,-8.38873604774475,0.0,838.8736438751221,8.38873604774475,-29.56386375427246,-0.2956380462646475,4.446940302848816,0.0,0.0,nan,nan,nan,nan,nan,nan,nan,nan,nan,nan,16608,-0.0005416371332161773,0.03634339682757855,1.3709753274917602,0.014163075760006905,0.051852071285247804,0.051852071285247804,0.09052404686808586,0.0004958951043626011,0.002181250022840686,0.6751512289047241,1.0,0.0025288461538461524,0.0001272115384615385,0,0.75,0.75,0.0
519,1664000,-820.7604885101318,-8.207604837417602,-820.7604885101318,-8.207604837417602,0.0,820.7604885101318,8.207604837417602,-11.450708389282227,-0.11450683593749922,3.930685441493988,0.0,0.0,nan,nan,nan,nan,nan,nan,nan,nan,nan,nan,16640,-0.000691388365207235,0.04282953105866909,1.3769699573516845,0.017261092178523542,0.24378785490989685,0.24378785490989685,0.13430242761969566,0.0007951470921447719,0.0075750000425614415,0.5303890705108643,1.0,0.0025144230769230756,0.0001261057692307692,0,0.75,0.75,0.0
520,1667200,-779.3071441650391,-7.793071632385254,-779.3071441650391,-7.793071632385254,0.0,779.3071441650391,7.793071632385254,30.002635955810547,0.3000263690948488,3.3390107011795043,0.0,0.0,-739.6889882087708,-7.396889882087708,-739.6889882087708,-7.396889882087708,100.0,3.398184335529804,0.0,0.0,739.6889882087708,62.05757212638855,16672,-0.000899484200635925,0.03032037541270256,1.3626986980438232,0.010853956826031208,0.06777439713478088,0.06777439713478088,0.10449608415365219,0.0007304296596017063,0.006356249847158324,0.6508244276046753,1.0,0.0024999999999999988,0.000125,0,0.75,0.75,0.0
521,1670400,-825.103946685791,-8.251039810180664,-825.103946685791,-8.251039810180664,0.0,825.103946685791,8.251039810180664,-15.794166564941406,-0.15794180870056174,3.919081015586853,0.0,0.0,nan,nan,nan,nan,nan,nan,nan,nan,nan,nan,16704,-0.0007280296007171394,0.0256580812856555,1.3495747089385985,0.008746539289131761,0.05896815955638886,0.05896815955638886,0.0857079029083252,0.0005763787452488427,0.003309374995296821,0.5973039865493774,1.0,0.002485576923076922,0.0001238942307692308,0,0.75,0.75,0.0
522,1673600,-866.9061450958252,-8.669061708450318,-866.9061450958252,-8.669061708450318,0.0,866.9061450958252,8.669061708450318,-57.596364974975586,-0.5759637069702155,4.398648819923401,0.0,0.0,nan,nan,nan,nan,nan,nan,nan,nan,nan,nan,16736,-0.0007514354653888944,0.054857558012008666,1.3942312836647033,0.02323198355734348,0.10032255873084069,0.10032255873084069,0.12089205533266068,0.0005610969401494343,0.0039000000339001416,0.5211611986160278,1.0,0.002471153846153845,0.0001227884615384615,0,0.75,0.75,0.0
523,1676800,-811.9087963104248,-8.119088163375855,-811.9087963104248,-8.119088163375855,0.0,811.9087963104248,8.119088163375855,-2.5990161895751953,-0.025990161895752095,4.082177760601044,0.0,0.0,nan,nan,nan,nan,nan,nan,nan,nan,nan,nan,16768,-0.000842948823753975,0.040755494683980945,1.3414905786514282,0.016239117458462717,0.060025756061077115,0.060025756061077115,0.10205140113830566,0.0008151859225139342,0.004799999974420643,0.4885282516479492,1.0,0.0024567307692307683,0.00012168269230769231,0,0.75,0.75,0.0
524,1680000,-893.14381980896,-8.931437444686889,-893.14381980896,-8.931437444686889,0.0,893.14381980896,8.931437444686889,-83.83403968811035,-0.8383394432067863,4.310072066783905,0.0,0.0,nan,nan,nan,nan,nan,nan,nan,nan,nan,nan,16800,-0.0009364651202224295,0.05776052288711071,1.311603319644928,0.02474045716226101,0.10000262632966042,0.10000262632966042,0.1301405869424343,0.0007123185852877008,0.0046031250210944565,0.573297381401062,1.0,0.0024423076923076915,0.00012057692307692312,0,0.75,0.75,0.0
525,1683200,-760.4632062911987,-7.60463210105896,-760.4632062911987,-7.60463210105896,0.0,760.4632062911987,7.60463210105896,48.84657382965088,0.4884659004211427,3.549353973865509,0.0,0.0,nan,nan,nan,nan,nan,nan,nan,nan,nan,nan,16832,-0.0009017222068708364,0.02397245019674301,1.3902449250221252,0.007709148619323969,0.06716139577329158,0.06716139577329158,0.10018661990761757,0.0007004539361366421,0.003309374985838076,0.5384846925735474,1.0,0.0024278846153846147,0.00011947115384615382,0,0.75,0.75,0.0
526,1686400,-832.2678375244141,-8.32267822265625,-832.2678375244141,-8.32267822265625,0.0,832.2678375244141,8.32267822265625,-22.958057403564453,-0.22958022117614796,4.097476511001587,0.0,0.0,nan,nan,nan,nan,nan,nan,nan,nan,nan,nan,16864,-0.0007883984303974967,0.03988783247768879,1.3587007164955138,0.01587634589523077,0.06089948788285256,0.06089948788285256,0.11254977658391,0.0005081638455555148,0.0015531249686318916,0.4606698751449585,1.0,0.002413461538461538,0.00011836538461538462,0,0.75,0.75,0.0
527,1689600,-750.9509525299072,-7.509509606361389,-750.9509525299072,-7.509509606361389,0.0,750.9509525299072,7.509509606361389,58.35882759094238,0.5835883951187135,4.080931968688965,0.0,0.0,nan,nan,nan,nan,nan,nan,nan,nan,nan,nan,16896,-0.0009278638091171132,0.0303329024463892,1.319730019569397,0.011072504241019488,0.07630703076720238,0.07630703076720238,0.09350110739469528,0.0007058157822070683,0.005087500149966217,0.5894497632980347,1.0,0.002399038461538461,0.00011725961538461543,0,0.75,0.75,0.0
528,1692800,-869.4763774871826,-8.694763774871825,-869.4763774871826,-8.694763774871825,0.0,869.4763774871826,8.694763774871825,-60.16659736633301,-0.6016657733917228,4.572501449584961,0.0,0.0,nan,nan,nan,nan,nan,nan,nan,nan,nan,nan,16928,-0.0005379503466887315,0.05154511965811252,1.3534119606018067,0.022007242403924467,0.05086708515882492,0.05086708515882492,0.10028212517499924,0.000623260726938447,0.004121875006239862,0.5103405714035034,1.0,0.0023846153846153843,0.00011615384615384623,0,0.75,0.75,0.0
529,1696000,-739.5997323989868,-7.395997343063354,-739.5997323989868,-7.395997343063354,0.0,739.5997323989868,7.395997343063354,69.7100477218628,0.6971006584167485,3.5944624304771424,0.0,0.0,nan,nan,nan,nan,nan,nan,nan,nan,nan,nan,16960,-0.0004027771872439523,0.04251100532710552,1.3871999263763428,0.01756479563191533,0.05859684273600578,0.05859684273600578,0.09828705117106437,0.0004482918964690068,0.0021968749933876097,0.5446996092796326,1.0,0.0023701923076923075,0.00011504807692307693,0,0.75,0.75,0.0
530,1699200,-766.4692268371582,-7.664691910743714,-766.4692268371582,-7.664691910743714,0.0,766.4692268371582,7.664691910743714,42.840553283691406,0.4284060907363889,3.9935433363914488,0.0,0.0,nan,nan,nan,nan,nan,nan,nan,nan,nan,nan,16992,-0.0006678830070420361,0.036663615703582765,1.3711955070495605,0.014433704502880573,0.0712586596608162,0.0712586596608162,0.1029562808573246,0.0005438322323283919,0.0034437500085914507,0.658740758895874,1.0,0.00235576923076923,0.00011394230769230774,0,0.75,0.75,0.0
531,1702400,-913.915117263794,-9.139151220321656,-913.915117263794,-9.139151220321656,0.0,913.915117263794,9.139151220321656,-104.60533714294434,-1.0460532188415534,5.123279938697815,0.0,0.0,nan,nan,nan,nan,nan,nan,nan,nan,nan,nan,17024,-0.0007411695156303467,0.06649908199906349,1.4142155289649962,0.029197202995419502,0.05401047617197037,0.05401047617197037,0.1302887000143528,0.0005982925114982232,0.00440937508828938,0.5890085697174072,1.0,0.002341346153846153,0.00011283653846153854,0,0.75,0.75,0.0
532,1705600,-800.9236640930176,-8.009236731529235,-800.9236640930176,-8.009236731529235,0.0,800.9236640930176,8.009236731529235,8.386116027832031,0.08386126995086762,4.121865041255951,0.0,0.0,nan,nan,nan,nan,nan,nan,nan,nan,nan,nan,17056,-0.0006957563036587066,0.021578822657465933,1.3964240908622743,0.006844283500686288,0.06629834808409214,0.06629834808409214,0.07034526094794273,0.0006586501005625247,0.004675000013958197,0.7476685047149658,1.0,0.0023269230769230763,0.00011173076923076924,0,0.75,0.75,0.0
533,1708800,-785.5078763961792,-7.855078749656677,-785.5078763961792,-7.855078749656677,0.0,785.5078763961792,7.855078749656677,23.80190372467041,0.23801925182342565,3.7820713758468627,0.0,0.0,nan,nan,nan,nan,nan,nan,nan,nan,nan,nan,17088,-0.0006827017158037074,0.04122045859694481,1.4275718212127686,0.01662626788020134,0.059655436873435976,0.059655436873435976,0.09605322927236556,0.0006193690043837975,0.004537500021979213,0.670232892036438,1.0,0.0023124999999999995,0.00011062500000000005,0,0.75,0.75,0.0
534,1712000,-859.4102201461792,-8.594102153778076,-859.4102201461792,-8.594102153778076,0.0,859.4102201461792,8.594102153778076,-50.10044002532959,-0.5010041522979733,3.778344280719757,0.0,0.0,nan,nan,nan,nan,nan,nan,nan,nan,nan,nan,17120,-0.0005201894313620892,0.04780476987361908,1.327027726173401,0.02033258359879255,0.06275280155241489,0.06275280155241489,0.10818960517644882,0.0003528741040138104,0.002050000024610199,0.48734772205352783,1.0,0.0022980769230769226,0.00010951923076923085,0,0.75,0.75,0.0
535,1715200,-764.2336320877075,-7.64233672618866,-764.2336320877075,-7.64233672618866,0.0,764.2336320877075,7.64233672618866,45.07614803314209,0.45076127529144294,3.7163765048980713,0.0,0.0,nan,nan,nan,nan,nan,nan,nan,nan,nan,nan,17152,-0.0005792159169621059,0.04031412154436111,1.368427538871765,0.016452829632908107,0.052104336023330686,0.052104336023330686,0.10850269570946694,0.00034730189300152727,0.002118749997680425,0.5159023404121399,1.0,0.002283653846153846,0.00010841346153846155,0,0.75,0.75,0.0
536,1718400,-846.0053987503052,-8.46005386352539,-846.0053987503052,-8.46005386352539,0.0,846.0053987503052,8.46005386352539,-36.695618629455566,-0.3669558620452875,4.209193696975708,0.0,0.0,nan,nan,nan,nan,nan,nan,nan,nan,nan,nan,17184,-0.0007950080899172373,0.056036423146724704,1.4133155584335326,0.0240160645917058,0.09374270513653755,0.09374270513653755,0.12291627228260041,0.0005305559239827922,0.004253124975366518,0.56580650806427,1.0,0.002269230769230769,0.00010730769230769236,0,0.75,0.75,0.0
537,1721600,-785.3576078414917,-7.853576321601867,-785.3576078414917,-7.853576321601867,0.0,785.3576078414917,7.853576321601867,23.95217227935791,0.23952167987823536,3.97008994102478,0.0,0.0,nan,nan,nan,nan,nan,nan,nan,nan,nan,nan,17216,-0.0006672201935376876,0.047003912180662154,1.381450355052948,0.019719831459224225,0.07116403020918369,0.07116403020918369,0.11317962408065796,0.0005475720607177892,0.003721875001792796,0.5880172252655029,1.0,0.0022548076923076914,0.00010620192307692305,0,0.75,0.75,0.0
538,1724800,-801.2483215332031,-8.012483234405517,-801.2483215332031,-8.012483234405517,0.0,801.2483215332031,8.012483234405517,8.061458587646484,0.08061476707458581,3.5227516007423403,0.0,0.0,nan,nan,nan,nan,nan,nan,nan,nan,nan,nan,17248,-0.0005906879706424562,0.03551638200879097,1.4095960855484009,0.014009465556591749,0.06382550112903118,0.06382550112903118,0.09947113990783692,0.0004743253860437985,0.0024062499713181753,0.669050395488739,1.0,0.0022403846153846146,0.00010509615384615386,0,0.75,0.75,0.0
539,1728000,-860.5514850616455,-8.605514307022094,-860.5514850616455,-8.605514307022094,0.0,860.5514850616455,8.605514307022094,-51.2417049407959,-0.5124163055419917,4.540257744789123,0.0,0.0,nan,nan,nan,nan,nan,nan,nan,nan,nan,nan,17280,-0.0006149766644520938,0.05250158980488777,1.4014958620071412,0.022516142390668393,0.06523636095225811,0.06523636095225811,0.12431764826178551,0.0004495388024256591,0.0027750000124797227,0.5952272415161133,1.0,0.0022259615384615378,0.00010399038461538456,0,0.75,0.75,0.0
540,1731200,-771.2611227035522,-7.7126111316680905,-771.2611227035522,-7.7126111316680905,0.0,771.2611227035522,7.7126111316680905,38.04865741729736,0.3804868698120121,3.496076993942261,0.0,0.0,-742.7504200935364,-7.427504200935363,-742.7504200935364,-7.427504200935363,100.0,3.363049911260605,0.0,0.0,742.7504200935364,58.996140241622925,17312,-0.000923827367997726,0.031753767281770706,1.4351319670677185,0.011779206711798907,0.07105582281947136,0.07105582281947136,0.10385119169950485,0.0007369436276385538,0.004687500101863406,0.5294756889343262,1.0,0.00221153846153846,0.00010288461538461536,0,0.75,0.75,0.0
541,1734400,-857.2239074707031,-8.572239036560058,-857.2239074707031,-8.572239036560058,0.0,857.2239074707031,8.572239036560058,-47.914127349853516,-0.4791410350799552,4.474583411216736,0.0,0.0,nan,nan,nan,nan,nan,nan,nan,nan,nan,nan,17344,-0.0006037666285119592,0.04248307645320892,1.3881963849067689,0.01758774444460869,0.06414326690137387,0.06414326690137387,0.10878457725048066,0.0004323492205039991,0.003324999992037192,0.5850106477737427,1.0,0.0021971153846153833,0.00010177884615384617,0,0.75,0.75,0.0
542,1737600,-857.6161642074585,-8.576160840988159,-857.6161642074585,-8.576160840988159,0.0,857.6161642074585,8.576160840988159,-48.30638408660889,-0.4830628395080563,4.1296690917015075,0.0,0.0,nan,nan,nan,nan,nan,nan,nan,nan,nan,nan,17376,-0.000871188817732027,0.02952416632324457,1.4113767266273498,0.010810293350368738,0.06229088343679905,0.06229088343679905,0.09463548809289932,0.0006988576711620637,0.003078124934108928,0.6202775239944458,1.0,0.0021826923076923074,0.00010067307692307697,0,0.75,0.75,0.0
543,1740800,-726.9938621520996,-7.269938435554504,-726.9938621520996,-7.269938435554504,0.0,726.9938621520996,7.269938435554504,82.31591796875,0.8231595659255984,3.437653684616089,0.0,0.0,nan,nan,nan,nan,nan,nan,nan,nan,nan,nan,17408,-0.0006741691649949644,0.052693561837077144,1.450878119468689,0.02252671755850315,0.06310151144862175,0.06310151144862175,0.10509371161460876,0.0007467086357828875,0.004693750067963265,0.5417565107345581,1.0,0.0021682692307692306,9.956730769230767e-05,0,0.75,0.75,0.0
544,1744000,-923.9252653121948,-9.239252557754517,-923.9252653121948,-9.239252557754517,0.0,923.9252653121948,9.239252557754517,-114.61548519134521,-1.1461545562744142,5.208104000091553,0.0,0.0,nan,nan,nan,nan,nan,nan,nan,nan,nan,nan,17440,-0.0004586208029213168,0.04901209734380245,1.4127568244934081,0.02100456729531288,0.05522363483905792,0.05522363483905792,0.10503188818693161,0.000461948197702205,0.0017343749928841134,0.666151762008667,1.0,0.0021538461538461538,9.846153846153848e-05,0,0.75,0.75,0.0
545,1747200,-867.4873847961426,-8.674873867034911,-867.4873847961426,-8.674873867034911,0.0,867.4873847961426,8.674873867034911,-58.17760467529297,-0.5817758655548086,4.39052227973938,0.0,0.0,nan,nan,nan,nan,nan,nan,nan,nan,nan,nan,17472,-0.0006281817081966068,0.06284528635442257,1.4188188672065736,0.02775900773704052,0.056412622705101965,0.056412622705101965,0.12746540009975432,0.00031496191118389385,0.0014718750160682248,0.4243404269218445,1.0,0.002139423076923077,9.735576923076928e-05,0,0.75,0.75,0.0
546,1750400,-763.6278877258301,-7.63627890586853,-763.6278877258301,-7.63627890586853,0.0,763.6278877258301,7.63627890586853,45.68189239501953,0.4568190956115723,3.90390625,0.0,0.0,nan,nan,nan,nan,nan,nan,nan,nan,nan,nan,17504,-0.0004255600407864435,0.027787968516349792,1.4138055682182311,0.010464087314903735,0.061535635963082314,0.061535635963082314,0.09025209248065949,0.0002307713783499526,0.0013562500011175872,0.6723188757896423,1.0,0.002125,9.624999999999998e-05,0,0.75,0.75,0.0
547,1753600,-751.8342618942261,-7.51834285736084,-751.8342618942261,-7.51834285736084,0.0,751.8342618942261,7.51834285736084,57.475518226623535,0.5747551441192629,3.675798149108887,0.0,0.0,nan,nan,nan,nan,nan,nan,nan,nan,nan,nan,17536,-0.0008134776804712612,0.022378407418727875,1.4130357027053833,0.007393405400216579,0.07127025201916695,0.07127025201916695,0.09251560047268867,0.0006515301325671959,0.005306249994464452,0.7178786993026733,1.0,0.0021105769230769216,9.514423076923079e-05,0,0.75,0.75,0.0
548,1756800,-856.362811088562,-8.563627986907958,-856.362811088562,-8.563627986907958,0.0,856.362811088562,8.563627986907958,-47.0530309677124,-0.47052998542785573,4.302763447761536,0.0,0.0,nan,nan,nan,nan,nan,nan,nan,nan,nan,nan,17568,-0.0004976654135331771,0.056507312878966334,1.4248156666755676,0.024769357964396478,0.05452123805880547,0.05452123805880547,0.1268101841211319,0.0004469232671033053,0.0040062499982013835,0.48763972520828247,1.0,0.002096153846153845,9.40384615384616e-05,0,0.75,0.75,0.0
549,1760000,-769.8962507247925,-7.6989626216888425,-769.8962507247925,-7.6989626216888425,0.0,769.8962507247925,7.6989626216888425,39.41352939605713,0.3941353797912601,4.186748776435852,0.0,0.0,nan,nan,nan,nan,nan,nan,nan,nan,nan,nan,17600,-0.00042624364130308125,0.038917988911271094,1.4245847582817077,0.016067148372530937,0.04760040305554867,0.04760040305554867,0.11472790464758872,0.00035271131173741807,0.002293750001990702,0.4865584969520569,1.0,0.002081730769230768,9.293269230769229e-05,0,0.75,0.75,0.0
550,1763200,-807.4909038543701,-8.07490894794464,-807.4909038543701,-8.07490894794464,0.0,807.4909038543701,8.07490894794464,1.8188762664794922,0.018189053535461852,4.002521963119507,0.0,0.0,nan,nan,nan,nan,nan,nan,nan,nan,nan,nan,17632,-0.0008171178265649337,0.055433683842420575,1.4524625301361085,0.023897037096321582,0.08430436179041863,0.08430436179041863,0.1209256611764431,0.0005048262214623126,0.0032437500631203875,0.43454277515411377,1.0,0.002067307692307691,9.18269230769231e-05,0,0.75,0.75,0.0
551,1766400,-794.8950881958008,-7.948951020240783,-794.8950881958008,-7.948951020240783,0.0,794.8950881958008,7.948951020240783,14.414691925048828,0.14414698123931924,3.71039696931839,0.0,0.0,nan,nan,nan,nan,nan,nan,nan,nan,nan,nan,17664,-0.0006425548438914075,0.050895825028419495,1.4357627272605895,0.021857902780175208,0.08165973648428917,0.08165973648428917,0.12955479919910431,0.0005279393764827426,0.0038687500025844203,0.4439975619316101,1.0,0.0020528846153846144,9.07211538461539e-05,0,0.75,0.75,0.0
552,1769600,-847.3727178573608,-8.473727025985717,-847.3727178573608,-8.473727025985717,0.0,847.3727178573608,8.473727025985717,-38.06293773651123,-0.3806290245056143,4.534377660751343,0.0,0.0,nan,nan,nan,nan,nan,nan,nan,nan,nan,nan,17696,-0.0006901792704767651,0.04918512552976608,1.4325724124908448,0.020982139557600022,0.07785351388156414,0.07785351388156414,0.13285811841487885,0.00047333072280138363,0.0035343749827006833,0.5687789916992188,1.0,0.0020384615384615376,8.961538461538471e-05,0,0.75,0.75,0.0
553,1772800,-817.4707536697388,-8.174707880020142,-817.4707536697388,-8.174707880020142,0.0,817.4707536697388,8.174707880020142,-8.16097354888916,-0.0816098785400392,4.18484133720398,0.0,0.0,nan,nan,nan,nan,nan,nan,nan,nan,nan,nan,17728,-0.0003519615821554467,0.02662677187472582,1.4489651918411255,0.01002866318449378,0.05566421337425709,0.05566421337425709,0.07788311839103698,0.00016316872252264379,0.0008499999952618964,0.603545069694519,1.0,0.002024038461538461,8.85096153846154e-05,0,0.75,0.75,0.0
554,1776000,-897.6306571960449,-8.97630602836609,-897.6306571960449,-8.97630602836609,0.0,897.6306571960449,8.97630602836609,-88.32087707519531,-0.8832080268859865,4.336823070049286,0.0,0.0,nan,nan,nan,nan,nan,nan,nan,nan,nan,nan,17760,-0.0004251444560882334,0.05187688767910004,1.4084190368652343,0.022682918794453145,0.052720453962683676,0.052720453962683676,0.10377699956297874,0.00020984533944356213,0.00152187502826564,0.5265545845031738,1.0,0.002009615384615384,8.740384615384621e-05,0,0.75,0.75,0.0
555,1779200,-784.8001394271851,-7.8480011034011845,-784.8001394271851,-7.8480011034011845,0.0,784.8001394271851,7.8480011034011845,24.50964069366455,0.2450968980789181,3.726634848117828,0.0,0.0,nan,nan,nan,nan,nan,nan,nan,nan,nan,nan,17792,-0.0004718615233403334,0.03162481393665075,1.4192559599876404,0.012508856691420078,0.05746285691857338,0.05746285691857338,0.09905755147337914,0.00019571991479337838,0.0011062499994295648,0.5961236953735352,1.0,0.001995192307692307,8.629807692307702e-05,0,0.75,0.75,0.0
556,1782400,-818.6164951324463,-8.186164875030517,-818.6164951324463,-8.186164875030517,0.0,818.6164951324463,8.186164875030517,-9.30671501159668,-0.09306687355041454,3.9616093540191653,0.0,0.0,nan,nan,nan,nan,nan,nan,nan,nan,nan,nan,17824,-0.00048738189197612415,0.04467127807438374,1.3863455533981324,0.019102226383984088,0.059492389857769015,0.059492389857769015,0.09415634572505951,0.00033537209238127696,0.0016625000047497452,0.636616587638855,1.0,0.0019807692307692304,8.519230769230772e-05,0,0.75,0.75,0.0
557,1785600,-849.5538711547852,-8.49553861618042,-849.5538711547852,-8.49553861618042,0.0,849.5538711547852,8.49553861618042,-40.24409103393555,-0.40244061470031767,3.888586633205414,0.0,0.0,nan,nan,nan,nan,nan,nan,nan,nan,nan,nan,17856,-0.0009267952386988298,0.051660769432783124,1.421149444580078,0.022109117545187473,0.08289184793829918,0.08289184793829918,0.13482800126075745,0.0005029120589856847,0.0046593751201726265,0.5667121410369873,1.0,0.001966346153846152,8.408653846153841e-05,0,0.75,0.75,0.0
558,1788800,-827.4925680160522,-8.274925899505615,-827.4925680160522,-8.274925899505615,0.0,827.4925680160522,8.274925899505615,-18.182787895202637,-0.1818278980255119,3.716634681224823,0.0,0.0,nan,nan,nan,nan,nan,nan,nan,nan,nan,nan,17888,-0.0004709342871967337,0.03842245601117611,1.446432638168335,0.015916967950761318,0.05778709799051285,0.05778709799051285,0.11559830009937286,0.00030142656733281645,0.0017656249896390364,0.6281467080116272,1.0,0.001951923076923075,8.298076923076922e-05,0,0.75,0.75,0.0
559,1792000,-834.1440448760986,-8.341440172195435,-834.1440448760986,-8.341440172195435,0.0,834.1440448760986,8.341440172195435,-24.834264755249023,-0.2483421707153326,4.114048132896423,0.0,0.0,nan,nan,nan,nan,nan,nan,nan,nan,nan,nan,17920,-0.0006077648203412167,0.034116422012448314,1.4209434390068054,0.01369736809283495,0.063419758528471,0.063419758528471,0.09474968239665031,0.00038624921026231,0.0022906250203959646,0.5179851055145264,1.0,0.0019374999999999983,8.187500000000003e-05,0,0.75,0.75,0.0
560,1795200,-791.0349140167236,-7.910349583625793,-791.0349140167236,-7.910349583625793,0.0,791.0349140167236,7.910349583625793,18.274866104125977,0.1827484178543095,3.4884395384788514,0.0,0.0,-750.3970711231232,-7.503970711231232,-750.3970711231232,-7.503970711231232,100.0,3.4475477507710455,0.0,0.0,750.3970711231232,51.34948921203613,17952,-0.00041604708906235467,0.039098739996552466,1.440371608734131,0.016363377496600152,0.05243594497442246,0.05243594497442246,0.13507459312677383,0.00026183221098381585,0.0010062499990453944,0.46495914459228516,1.0,0.0019230769230769214,8.076923076923072e-05,0,0.75,0.75,0.0
561,1798400,-821.2175045013428,-8.212174711227417,-821.2175045013428,-8.212174711227417,0.0,821.2175045013428,8.212174711227417,-11.907724380493164,-0.11907670974731488,3.7845240139961245,0.0,0.0,nan,nan,nan,nan,nan,nan,nan,nan,nan,nan,17984,-0.0004354614215641095,0.03787187896668911,1.4122063159942626,0.015805065352469682,0.053823142871260644,0.053823142871260644,0.12438403218984603,0.00016351746076236342,0.0006062500091502443,0.6248644590377808,1.0,0.0019086538461538446,7.966346153846153e-05,0,0.75,0.75,0.0
562,1801600,-745.3849725723267,-7.453849949836731,-745.3849725723267,-7.453849949836731,0.0,745.3849725723267,7.453849949836731,63.92480754852295,0.6392480516433716,3.4520413303375244,0.0,0.0,nan,nan,nan,nan,nan,nan,nan,nan,nan,nan,18016,-0.0006814845683344118,0.04114024117588997,1.425562608242035,0.01718829181045294,0.06491226628422737,0.06491226628422737,0.12792875468730927,0.0003075935499545697,0.002115625026272028,0.5177416801452637,1.0,0.0018942307692307678,7.855769230769233e-05,0,0.75,0.75,0.0
563,1804800,-826.8353748321533,-8.2683531665802,-826.8353748321533,-8.2683531665802,0.0,826.8353748321533,8.2683531665802,-17.52559471130371,-0.1752551651000971,4.136394553184509,0.0,0.0,nan,nan,nan,nan,nan,nan,nan,nan,nan,nan,18048,-0.0006588519389741032,0.07612895369529724,1.419886088371277,0.03473651260137558,0.10669021382927894,0.10669021382927894,0.13769327402114867,0.0004666339478752602,0.003359374986030161,0.3910946846008301,1.0,0.001879807692307691,7.745192307692314e-05,0,0.75,0.75,0.0
564,1808000,-767.066837310791,-7.6706683588027955,-767.066837310791,-7.6706683588027955,0.0,767.066837310791,7.6706683588027955,42.242942810058594,0.4224296426773071,3.279455325603485,0.0,0.0,nan,nan,nan,nan,nan,nan,nan,nan,nan,nan,18080,-0.0008143146520712463,0.04977018348872662,1.4335257172584535,0.021396700106561185,0.13186704590916634,0.13186704590916634,0.11103790551424027,0.00047523138928569163,0.0038625000132014977,0.45673859119415283,1.0,0.0018653846153846142,7.634615384615384e-05,0,0.75,0.75,0.0
565,1811200,-791.4542360305786,-7.914542212486267,-791.4542360305786,-7.914542212486267,0.0,791.4542360305786,7.914542212486267,17.855544090270996,0.17855578899383584,3.1379944849014283,0.0,0.0,nan,nan,nan,nan,nan,nan,nan,nan,nan,nan,18112,-0.0006992628095264131,0.03384176567196846,1.449661672115326,0.013538351841270923,0.0686323594301939,0.0686323594301939,0.09887951985001564,0.0004487993168406479,0.0019593749977502737,0.4935455918312073,1.0,0.0018509615384615374,7.524038461538464e-05,0,0.75,0.75,0.0
566,1814400,-878.5043106079102,-8.78504322052002,-878.5043106079102,-8.78504322052002,0.0,878.5043106079102,8.78504322052002,-69.19453048706055,-0.6919452190399173,5.038173117637634,0.0,0.0,nan,nan,nan,nan,nan,nan,nan,nan,nan,nan,18144,-0.0006202442521228591,0.05703576281666756,1.4439231157302856,0.025245816633105277,0.17591945976018905,0.17591945976018905,0.15124251693487167,0.0003692419344628529,0.001524999988032505,0.3546043634414673,1.0,0.0018365384615384606,7.413461538461545e-05,0,0.75,0.75,0.0
567,1817600,-807.028244972229,-8.070282106399537,-807.028244972229,-8.070282106399537,0.0,807.028244972229,8.070282106399537,2.2815351486206055,0.022815895080565696,4.26640305519104,0.0,0.0,nan,nan,nan,nan,nan,nan,nan,nan,nan,nan,18176,-0.0005449891403986662,0.03128010965883732,1.4600274562835693,0.012434727139770984,0.07243279181420803,0.07243279181420803,0.10474360138177871,0.00024553314752080973,0.0013281250194268068,0.6534539461135864,1.0,0.0018221153846153838,7.302884615384615e-05,0,0.75,0.75,0.0
568,1820800,-753.4306745529175,-7.534306287765503,-753.4306745529175,-7.534306287765503,0.0,753.4306745529175,7.534306287765503,55.87910556793213,0.5587917137145997,3.454670102596283,0.0,0.0,nan,nan,nan,nan,nan,nan,nan,nan,nan,nan,18208,-0.0005245215110480927,0.0265423234552145,1.4546350598335267,0.010117107443511486,0.06129954867064953,0.06129954867064953,0.07940177321434021,0.00027059121353257485,0.0014968750037951395,0.6173815727233887,1.0,0.001807692307692307,7.192307692307695e-05,0,0.75,0.75,0.0
569,1824000,-834.6348524093628,-8.346348781585693,-834.6348524093628,-8.346348781585693,0.0,834.6348524093628,8.346348781585693,-25.325072288513184,-0.2532507801055903,3.8775503039360046,0.0,0.0,nan,nan,nan,nan,nan,nan,nan,nan,nan,nan,18240,-0.00035999317354580286,0.04952352233231068,1.4442235350608825,0.02181188650429249,0.06554828248918057,0.06554828248918057,0.11042696386575698,0.00020358290699069512,0.0014656249943072908,0.6032402515411377,1.0,0.0017932692307692302,7.081730769230776e-05,0,0.75,0.75,0.0
570,1827200,-810.2991905212402,-8.102992162704467,-810.2991905212402,-8.102992162704467,0.0,810.2991905212402,8.102992162704467,-0.989410400390625,-0.009894161224364595,3.818516483306885,0.0,0.0,nan,nan,nan,nan,nan,nan,nan,nan,nan,nan,18272,-0.000591793355028436,0.0264909191057086,1.4465146899223327,0.010080539155751467,0.06170657761394978,0.06170657761394978,0.09402036368846893,0.0002698939265908024,0.0006406250089639798,0.617203414440155,1.0,0.0017788461538461534,6.971153846153846e-05,0,0.75,0.75,0.0
571,1830400,-783.6061305999756,-7.836061220169068,-783.6061305999756,-7.836061220169068,0.0,783.6061305999756,7.836061220169068,25.703649520874023,0.2570367813110348,3.571721520423889,0.0,0.0,nan,nan,nan,nan,nan,nan,nan,nan,nan,nan,18304,-0.0003584378109211639,0.02784049976617098,1.4485854983329773,0.011005894374102354,0.05382253155112267,0.05382253155112267,0.09397467374801635,0.00040523891948737674,0.0025343750283354895,0.688894510269165,1.0,0.0017644230769230766,6.860576923076926e-05,0,0.75,0.75,0.0
572,1833600,-793.7295141220093,-7.937294883728027,-793.7295141220093,-7.937294883728027,0.0,793.7295141220093,7.937294883728027,15.580265998840332,0.15580311775207534,3.9683612751960755,0.0,0.0,nan,nan,nan,nan,nan,nan,nan,nan,nan,nan,18336,-0.0003158766473905672,0.028641972690820694,1.456282114982605,0.011456615943461656,0.05424937307834625,0.05424937307834625,0.09217677414417266,0.00027538757149496635,0.0018687500050873496,0.7169933319091797,1.0,0.0017499999999999998,6.750000000000007e-05,0,0.75,0.75,0.0
573,1836800,-735.508228302002,-7.355082306861878,-735.508228302002,-7.355082306861878,0.0,735.508228302002,7.355082306861878,73.80155181884766,0.738015694618225,3.6526375794410706,0.0,0.0,nan,nan,nan,nan,nan,nan,nan,nan,nan,nan,18368,-0.0004709456981887072,0.02699827551841736,1.4563052892684936,0.010500662308186293,0.08544216454029083,0.08544216454029083,0.09663882106542587,0.00022590063495406466,0.0015750000020489097,0.5726261734962463,1.0,0.001735576923076923,6.639423076923087e-05,0,0.75,0.75,0.0
574,1840000,-775.0101737976074,-7.750101480484009,-775.0101737976074,-7.750101480484009,0.0,775.0101737976074,7.750101480484009,34.29960632324219,0.3429965209960937,3.79704918384552,0.0,0.0,nan,nan,nan,nan,nan,nan,nan,nan,nan,nan,18400,-0.00035553886806596326,0.03595647476613521,1.4292768001556397,0.015162692964076996,0.04959922879934311,0.04959922879934311,0.1046906866133213,0.0001942558291855519,0.0008062500186497345,0.6490359902381897,1.0,0.0017211538461538462,6.528846153846157e-05,0,0.75,0.75,0.0
575,1843200,-890.0567197799683,-8.900566816329956,-890.0567197799683,-8.900566816329956,0.0,890.0567197799683,8.900566816329956,-80.74693965911865,-0.8074688148498534,5.03198169708252,0.0,0.0,nan,nan,nan,nan,nan,nan,nan,nan,nan,nan,18432,-0.0003064458375556356,0.056395838782191274,1.4419510960578918,0.025430450774729253,0.06817738115787506,0.06817738115787506,0.15204637497663498,0.00016637569961212297,0.0011749999859603122,0.5337908267974854,1.0,0.0017067307692307694,6.418269230769238e-05,0,0.75,0.75,0.0
576,1846400,-788.2836380004883,-7.882836780548096,-788.2836380004883,-7.882836780548096,0.0,788.2836380004883,7.882836780548096,21.026142120361328,0.21026122093200694,4.037909445762634,0.0,0.0,nan,nan,nan,nan,nan,nan,nan,nan,nan,nan,18464,-0.00039492056128507256,0.0539994228631258,1.456780195236206,0.024139470607042312,0.06238815747201443,0.06238815747201443,0.13380513936281205,0.0001512437761487612,0.0007343750010477379,0.49688154458999634,1.0,0.0016923076923076909,6.307692307692308e-05,0,0.75,0.75,0.0
577,1849600,-869.9227695465088,-8.699227828979492,-869.9227695465088,-8.699227828979492,0.0,869.9227695465088,8.699227828979492,-60.61298942565918,-0.6061298274993892,4.453917651176453,0.0,0.0,nan,nan,nan,nan,nan,nan,nan,nan,nan,nan,18496,-0.0004998530395329048,0.036813589930534366,1.4510012865066528,0.015472329407930373,0.1009950540959835,0.1009950540959835,0.10147279500961304,0.00022649199400347095,0.0013656250022904715,0.6326102018356323,1.0,0.001677884615384614,6.197115384615388e-05,0,0.75,0.75,0.0
578,1852800,-831.08216381073,-8.310821723937988,-831.08216381073,-8.310821723937988,0.0,831.08216381073,8.310821723937988,-21.77238368988037,-0.21772372245788496,3.7926614713668823,0.0,0.0,nan,nan,nan,nan,nan,nan,nan,nan,nan,nan,18528,-0.0003490643485653422,0.04405210018157959,1.4349592447280883,0.019289986230432987,0.05865061618387699,0.05865061618387699,0.11410778611898423,0.00015024360668823192,0.0005843749968335032,0.5584150552749634,1.0,0.0016634615384615373,6.086538461538458e-05,0,0.75,0.75,0.0
579,1856000,-827.0272016525269,-8.270272178649902,-827.0272016525269,-8.270272178649902,0.0,827.0272016525269,8.270272178649902,-17.717421531677246,-0.17717417716979966,3.466181676387787,0.0,0.0,nan,nan,nan,nan,nan,nan,nan,nan,nan,nan,18560,-0.000424205213008122,0.046489182859659195,1.4394526839256288,0.02044667340815067,0.056059398129582404,0.056059398129582404,0.13068612813949584,0.00024727589061847283,0.0011499999716761522,0.5342228412628174,1.0,0.0016490384615384605,5.9759615384615385e-05,0,0.75,0.75,0.0
580,1859200,-810.0227222442627,-8.10022710800171,-810.0227222442627,-8.10022710800171,0.0,810.0227222442627,8.10022710800171,-0.7129421234130859,-0.007129106521606587,4.088901557922363,0.0,0.0,-738.2572555541992,-7.3825725555419925,-738.2572555541992,-7.3825725555419925,100.0,3.3763251163065435,0.0,0.0,738.2572555541992,63.48930478096008,18592,-0.00033556006083417244,0.042807570099830626,1.4350922226905822,0.018722401186823844,0.06621293425559997,0.06621293425559997,0.1110941380262375,0.00017163004704588721,0.0008687500056112185,0.5789358019828796,1.0,0.0016346153846153837,5.865384615384619e-05,0,0.75,0.75,0.0
581,1862400,-781.3036594390869,-7.813037152290344,-781.3036594390869,-7.813037152290344,0.0,781.3036594390869,7.813037152290344,28.006120681762695,0.28006084918975827,3.60127249956131,0.0,0.0,nan,nan,nan,nan,nan,nan,nan,nan,nan,nan,18624,-0.0003365679039394109,0.025664281100034714,1.4352523684501648,0.010170187707990408,0.058886030316352846,0.058886030316352846,0.0914906069636345,0.0001532397524471955,0.0003375000051164534,0.4906834363937378,1.0,0.0016201923076923069,5.754807692307689e-05,0,0.75,0.75,0.0
582,1865600,-908.6437635421753,-9.086437635421753,-908.6437635421753,-9.086437635421753,0.0,908.6437635421753,9.086437635421753,-99.33398342132568,-0.99333963394165,4.817768945693969,0.0,0.0,nan,nan,nan,nan,nan,nan,nan,nan,nan,nan,18656,-0.00042233192388660965,0.06227123066782951,1.4288771867752075,0.02841883581131697,0.05771949626505375,0.05771949626505375,0.11881005316972733,0.0002066900135134689,0.0010062500074127455,0.4347826838493347,1.0,0.00160576923076923,5.6442307692307694e-05,0,0.75,0.75,0.0
583,1868800,-880.1684818267822,-8.801685523986816,-880.1684818267822,-8.801685523986816,0.0,880.1684818267822,8.801685523986816,-70.85870170593262,-0.7085875225067131,4.965764470100403,0.0,0.0,nan,nan,nan,nan,nan,nan,nan,nan,nan,nan,18688,-0.0002534361328283552,0.05103054009377957,1.4646049618721009,0.022931140288710593,0.04969870038330555,0.04969870038330555,0.12269963920116425,0.00012205234966329607,0.0003093750012340024,0.6572819948196411,1.0,0.0015913461538461533,5.53365384615385e-05,0,0.75,0.75,0.0
584,1872000,-809.4968538284302,-8.094968452453614,-809.4968538284302,-8.094968452453614,0.0,809.4968538284302,8.094968452453614,-0.1870737075805664,-0.0018704509735112396,3.5776108622550966,0.0,0.0,nan,nan,nan,nan,nan,nan,nan,nan,nan,nan,18720,-0.000376702338582291,0.046310299262404445,1.4597634673118591,0.020476512797176837,0.07018926627933979,0.07018926627933979,0.11447108462452889,0.0001233421467794255,0.00029062500543659554,0.5173541307449341,1.0,0.0015769230769230765,5.42307692307692e-05,0,0.75,0.75,0.0
585,1875200,-792.5407962799072,-7.925408453941345,-792.5407962799072,-7.925408453941345,0.0,792.5407962799072,7.925408453941345,16.768983840942383,0.16768954753875764,4.291275949478149,0.0,0.0,nan,nan,nan,nan,nan,nan,nan,nan,nan,nan,18752,-0.00028199813693499665,0.03725995197892189,1.4280294895172119,0.016116681415587662,0.04725991822779178,0.04725991822779178,0.09987790435552597,0.00014347920073617886,0.0005312499939464033,0.5627264976501465,1.0,0.0015624999999999997,5.3125000000000004e-05,0,0.75,0.75,0.0
586,1878400,-862.8899183273315,-8.628899126052856,-862.8899183273315,-8.628899126052856,0.0,862.8899183273315,8.628899126052856,-53.580138206481934,-0.5358011245727532,4.4234018230438235,0.0,0.0,nan,nan,nan,nan,nan,nan,nan,nan,nan,nan,18784,-0.0003887737489014498,0.05924713499844074,1.4313092827796936,0.02701901663094759,0.05875026099383831,0.05875026099383831,0.1465855523943901,0.00017662725881803764,0.00043437500135041774,0.497464656829834,1.0,0.0015480769230769229,5.201923076923081e-05,0,0.75,0.75,0.0
587,1881600,-893.0093421936035,-8.93009334564209,-893.0093421936035,-8.93009334564209,0.0,893.0093421936035,8.93009334564209,-83.6995620727539,-0.8369953441619877,4.634462504386902,0.0,0.0,nan,nan,nan,nan,nan,nan,nan,nan,nan,nan,18816,-0.0004312609149463409,0.054852204769849776,1.4466621160507203,0.024776162579655647,0.05448450520634651,0.05448450520634651,0.14482016116380692,0.000273367931007218,0.0011875000018335413,0.483343243598938,1.0,0.001533653846153846,5.0913461538461616e-05,0,0.75,0.75,0.0
588,1884800,-770.2000398635864,-7.702000284194947,-770.2000398635864,-7.702000284194947,0.0,770.2000398635864,7.702000284194947,39.109740257263184,0.39109771728515597,3.812323133945465,0.0,0.0,nan,nan,nan,nan,nan,nan,nan,nan,nan,nan,18848,-0.00030887459436055307,0.052792202308773996,1.457463276386261,0.023873003385961055,0.04649122096598148,0.04649122096598148,0.13962677568197251,8.827726064982858e-05,0.0001937499997438863,0.5469694137573242,1.0,0.0015192307692307692,4.980769230769231e-05,0,0.75,0.75,0.0
589,1888000,-808.0685062408447,-8.080684981346131,-808.0685062408447,-8.080684981346131,0.0,808.0685062408447,8.080684981346131,1.2412738800048828,0.012413020133971386,3.8226521611213684,0.0,0.0,nan,nan,nan,nan,nan,nan,nan,nan,nan,nan,18880,-0.00034877598328169056,0.041793649271130565,1.4538172602653503,0.018360333517193794,0.05509006194770336,0.05509006194770336,0.13602929413318635,0.00020719768040526363,0.0013656250197527698,0.5546877384185791,1.0,0.0015048076923076924,4.870192307692312e-05,0,0.75,0.75,0.0
590,1891200,-828.9774789810181,-8.28977505683899,-828.9774789810181,-8.28977505683899,0.0,828.9774789810181,8.28977505683899,-19.667698860168457,-0.19667705535888658,4.1723231601715085,0.0,0.0,nan,nan,nan,nan,nan,nan,nan,nan,nan,nan,18912,-0.0002275617813058517,0.032629366219043734,1.4585808157920837,0.013913274835795164,0.053938545659184454,0.053938545659184454,0.09399820640683174,7.144273643268213e-05,0.00029687500318686944,0.7422158122062683,1.0,0.0014903846153846156,4.7596153846153925e-05,0,0.75,0.75,0.0
591,1894400,-892.9043874740601,-8.92904372215271,-892.9043874740601,-8.92904372215271,0.0,892.9043874740601,8.92904372215271,-83.59460735321045,-0.8359457206726066,5.31986023902893,0.0,0.0,nan,nan,nan,nan,nan,nan,nan,nan,nan,nan,18944,-0.00022270249028810696,0.08044557943940163,1.4433917164802552,0.0378696970641613,0.04726624675095081,0.04726624675095081,0.14002773612737657,8.126272246279184e-05,0.0005156249964784366,0.4934907555580139,1.0,0.0014759615384615388,4.649038461538462e-05,0,0.75,0.75,0.0
592,1897600,-738.2098255157471,-7.382098455429077,-738.2098255157471,-7.382098455429077,0.0,738.2098255157471,7.382098455429077,71.09995460510254,0.7109995460510259,3.3215167760849,0.0,0.0,nan,nan,nan,nan,nan,nan,nan,nan,nan,nan,18976,-0.00035677913433027617,0.04032237939536572,1.4547296047210694,0.01767826732248068,0.06189908683300018,0.06189908683300018,0.12520208582282066,9.83853427469476e-05,0.000637499981894507,0.6005678772926331,1.0,0.0014615384615384603,4.538461538461543e-05,0,0.75,0.75,0.0
593,1900800,-776.655463218689,-7.766554841995239,-776.655463218689,-7.766554841995239,0.0,776.655463218689,7.766554841995239,32.654316902160645,0.32654315948486357,3.3241268682479856,0.0,0.0,nan,nan,nan,nan,nan,nan,nan,nan,nan,nan,19008,-0.0003158568847648091,0.03774726167321205,1.4605733633041382,0.01644415557384491,0.05655217356979847,0.05655217356979847,0.10508543699979782,0.0001301398419199432,0.0005000000091968104,0.5216411352157593,1.0,0.0014471153846153835,4.4278846153846235e-05,0,0.75,0.75,0.0
594,1904000,-855.792631149292,-8.55792615890503,-855.792631149292,-8.55792615890503,0.0,855.792631149292,8.55792615890503,-46.48285102844238,-0.4648281574249271,3.809147915840149,0.0,0.0,nan,nan,nan,nan,nan,nan,nan,nan,nan,nan,19040,-0.000302140985225563,0.04723510704934597,1.4582876205444335,0.021226135082542896,0.05777039267122745,0.05777039267122745,0.12795331999659537,0.00033068846065048546,0.0029750000045169144,0.599137544631958,1.0,0.0014326923076923067,4.317307692307693e-05,0,0.75,0.75,0.0
595,1907200,-853.2435331344604,-8.532435207366943,-853.2435331344604,-8.532435207366943,0.0,853.2435331344604,8.532435207366943,-43.93375301361084,-0.4393372058868401,4.683943548202515,0.0,0.0,nan,nan,nan,nan,nan,nan,nan,nan,nan,nan,19072,-0.00017465334214801232,0.07212689742445946,1.4492597937583924,0.033833354339003564,0.03883504010736942,0.03883504010736942,0.15769101530313492,5.852814934086982e-05,0.00010625000395521056,0.4860738515853882,1.0,0.00141826923076923,4.206730769230763e-05,0,0.75,0.75,0.0
596,1910400,-881.8788261413574,-8.818788156509399,-881.8788261413574,-8.818788156509399,0.0,881.8788261413574,8.818788156509399,-72.56904602050781,-0.7256901550292962,4.1563150238990785,0.0,0.0,nan,nan,nan,nan,nan,nan,nan,nan,nan,nan,19104,-0.0003123039673126549,0.08055856004357338,1.4543902277946472,0.03792523555457592,0.055817673355340956,0.055817673355340956,0.1336265727877617,8.214783204365804e-05,0.00027187500454601833,0.4955461025238037,1.0,0.001403846153846153,4.0961538461538436e-05,0,0.75,0.75,0.0
597,1913600,-780.614387512207,-7.806144199371338,-780.614387512207,-7.806144199371338,0.0,780.614387512207,7.806144199371338,28.695392608642578,0.28695380210876476,4.078280782699585,0.0,0.0,nan,nan,nan,nan,nan,nan,nan,nan,nan,nan,19136,-0.0001761495372491595,0.036951995268464086,1.4488958597183228,0.01628671884536743,0.04905049316585064,0.04905049316585064,0.10764719173312187,8.719436596342962e-05,0.0003593750057916623,0.6551636457443237,1.0,0.0013894230769230763,3.985576923076924e-05,0,0.75,0.75,0.0
598,1916800,-816.5371494293213,-8.165371522903442,-816.5371494293213,-8.165371522903442,0.0,816.5371494293213,8.165371522903442,-7.22736930847168,-0.0722735214233392,3.90934113740921,0.0,0.0,nan,nan,nan,nan,nan,nan,nan,nan,nan,nan,19168,-0.00021975710393017377,0.031155718490481377,1.465273916721344,0.013343350309878588,0.05832044556736946,0.05832044556736946,0.10730232447385787,7.84841717322876e-05,0.0004656250021071173,0.5825891494750977,1.0,0.0013749999999999995,3.875000000000005e-05,0,0.75,0.75,0.0
599,1920000,-778.8217735290527,-7.788217778205872,-778.8217735290527,-7.788217778205872,0.0,778.8217735290527,7.788217778205872,30.488006591796875,0.3048802232742309,3.5404277777671815,0.0,0.0,nan,nan,nan,nan,nan,nan,nan,nan,nan,nan,19200,-0.00030933010799927274,0.053953380510210994,1.45206880569458,0.024691708944737913,0.07855756618082524,0.07855756618082524,0.11569059938192368,8.679544426188645e-05,0.00026875000476138665,0.465076208114624,1.0,0.0013605769230769227,3.7644230769230745e-05,0,0.75,0.75,0.0
600,1923200,-820.8665771484375,-8.208665714263915,-820.8665771484375,-8.208665714263915,0.0,820.8665771484375,8.208665714263915,-11.55679702758789,-0.11556771278381284,3.857281892299652,0.0,0.0,-725.6400175094604,-7.256400175094605,-725.6400175094604,-7.256400175094605,100.0,3.467583932429552,0.0,0.0,725.6400175094604,76.10654282569885,19232,-0.00034602571220019305,0.06555812954902648,1.4544559359550475,0.03047511726617813,0.08355853706598282,0.08355853706598282,0.1331050932407379,0.00013384829717598586,0.0007812499941792339,0.5682305097579956,1.0,0.0013461538461538459,3.653846153846155e-05,0,0.75,0.75,0.0
601,1926400,-793.3275518417358,-7.933275694847107,-793.3275518417358,-7.933275694847107,0.0,793.3275518417358,7.933275694847107,15.98222827911377,0.15982230663299557,4.017306685447693,0.0,0.0,nan,nan,nan,nan,nan,nan,nan,nan,nan,nan,19264,-0.0003412523969979375,0.038152101635932925,1.449793291091919,0.01680406406521797,0.06352299265563488,0.06352299265563488,0.10478971526026726,0.00010589004344021837,0.0008812499858322553,0.6629701852798462,1.0,0.001331730769230769,3.543269230769236e-05,0,0.75,0.75,0.0
602,1929600,-820.1319208145142,-8.20131923675537,-820.1319208145142,-8.20131923675537,0.0,820.1319208145142,8.20131923675537,-10.82214069366455,-0.10822123527526806,4.271635918617249,0.0,0.0,nan,nan,nan,nan,nan,nan,nan,nan,nan,nan,19296,-0.00041572226009447546,0.04706790186464786,1.4589526891708373,0.02119633909314871,0.0654403518885374,0.0654403518885374,0.1357276812195778,0.00014979039524710362,0.0005374999964260496,0.5631290078163147,1.0,0.0013173076923076905,3.4326923076923054e-05,0,0.75,0.75,0.0
603,1932800,-815.5058479309082,-8.15505865573883,-815.5058479309082,-8.15505865573883,0.0,815.5058479309082,8.15505865573883,-6.196067810058594,-0.0619606542587281,4.388754076957703,0.0,0.0,nan,nan,nan,nan,nan,nan,nan,nan,nan,nan,19328,-0.00021512539686074916,0.039198482781648634,1.4375685453414917,0.01751113012433052,0.05518128722906113,0.05518128722906113,0.10049575418233872,5.24822724425365e-05,4.0625000474392435e-05,0.6048647165298462,1.0,0.0013028846153846137,3.322115384615386e-05,0,0.75,0.75,0.0
604,1936000,-830.3542776107788,-8.303542566299438,-830.3542776107788,-8.303542566299438,0.0,830.3542776107788,8.303542566299438,-21.0444974899292,-0.21044456481933516,4.313266758918762,0.0,0.0,nan,nan,nan,nan,nan,nan,nan,nan,nan,nan,19360,-0.00015196132761197134,0.04530548043549061,1.4308310389518737,0.020657208003103732,0.04114563576877117,0.04114563576877117,0.11140583977103233,6.315934265639083e-05,0.00020625000615837052,0.5599109530448914,1.0,0.001288461538461537,3.2115384615384666e-05,0,0.75,0.75,0.0
605,1939200,-784.4606819152832,-7.844606761932373,-784.4606819152832,-7.844606761932373,0.0,784.4606819152832,7.844606761932373,24.849098205566406,0.24849123954772967,3.55008558511734,0.0,0.0,nan,nan,nan,nan,nan,nan,nan,nan,nan,nan,19392,-0.0002830986300424776,0.05421510674059391,1.4531665802001954,0.024973064661026,0.05395384207367897,0.05395384207367897,0.1426298901438713,5.476624740162935e-05,5.3125001431908456e-05,0.5633231401443481,1.0,0.0012740384615384601,3.1009615384615364e-05,0,0.75,0.75,0.0
606,1942400,-877.6258201599121,-8.776258535385132,-877.6258201599121,-8.776258535385132,0.0,877.6258201599121,8.776258535385132,-68.3160400390625,-0.6831605339050295,4.810903911590576,0.0,0.0,nan,nan,nan,nan,nan,nan,nan,nan,nan,nan,19424,-0.00026460879723888553,0.07016226872801781,1.4334194898605346,0.03301096819341183,0.17506671249866484,0.17506671249866484,0.1497735157608986,0.00016466204333891995,0.001462499988701893,0.4635912775993347,1.0,0.0012596153846153833,2.990384615384617e-05,0,0.75,0.75,0.0
607,1945600,-811.9654912948608,-8.119654440879822,-811.9654912948608,-8.119654440879822,0.0,811.9654912948608,8.119654440879822,-2.6557111740112305,-0.026556439399719522,4.657945766448974,0.0,0.0,nan,nan,nan,nan,nan,nan,nan,nan,nan,nan,19456,-0.00029682507826653823,0.059116924181580544,1.4187566637992859,0.027495012246072294,0.06858854182064533,0.06858854182064533,0.13640893697738649,0.00019842792449097443,0.0014687500311993062,0.492545485496521,1.0,0.0012451923076923065,2.8798076923076976e-05,0,0.75,0.75,0.0
608,1948800,-837.4281511306763,-8.374281549453736,-837.4281511306763,-8.374281549453736,0.0,837.4281511306763,8.374281549453736,-28.11837100982666,-0.2811835479736331,4.301571607589722,0.0,0.0,nan,nan,nan,nan,nan,nan,nan,nan,nan,nan,19488,-0.00022099353978850546,0.052576009556651114,1.4536095976829528,0.024277953244745732,0.0642580084502697,0.0642580084502697,0.12228276804089547,6.393428509821148e-05,8.125000276777427e-05,0.5841965675354004,1.0,0.0012307692307692297,2.769230769230778e-05,0,0.75,0.75,0.0
609,1952000,-780.2160892486572,-7.802161197662354,-780.2160892486572,-7.802161197662354,0.0,780.2160892486572,7.802161197662354,29.093690872192383,0.29093680381774867,3.8747286915779116,0.0,0.0,nan,nan,nan,nan,nan,nan,nan,nan,nan,nan,19520,-0.00011448286492613536,0.03890498094260693,1.4375686049461365,0.017589427158236505,0.049954071268439294,0.049954071268439294,0.09771641343832016,3.598728956422297e-05,3.75000003259629e-05,0.6223408579826355,1.0,0.001216346153846153,2.658653846153848e-05,0,0.75,0.75,0.0
610,1955200,-789.1593065261841,-7.891593236923217,-789.1593065261841,-7.891593236923217,0.0,789.1593065261841,7.891593236923217,20.150473594665527,0.20150476455688526,3.8802224445343017,0.0,0.0,nan,nan,nan,nan,nan,nan,nan,nan,nan,nan,19552,-0.00022508749978005226,0.049934332817792894,1.4536839962005614,0.022994862869381905,0.05648428611457348,0.05648428611457348,0.15533324033021928,4.359809537247683e-05,0.00017187500125146472,0.5173333883285522,1.0,0.0012019230769230761,2.5480769230769285e-05,0,0.75,0.75,0.0
611,1958400,-793.3404884338379,-7.9334049415588375,-793.3404884338379,-7.9334049415588375,0.0,793.3404884338379,7.9334049415588375,15.969291687011719,0.15969305992126515,4.051792304515839,0.0,0.0,nan,nan,nan,nan,nan,nan,nan,nan,nan,nan,19584,-9.528102905678181e-05,0.03946663998067379,1.4460134983062745,0.017920898087322713,0.03991095423698425,0.03991095423698425,0.0939563475549221,2.6855358933148296e-05,8.749999942665454e-05,0.6434440612792969,1.0,0.0011874999999999993,2.437500000000009e-05,0,0.75,0.75,0.0
612,1961600,-828.8625812530518,-8.288625745773315,-828.8625812530518,-8.288625745773315,0.0,828.8625812530518,8.288625745773315,-19.55280113220215,-0.19552774429321218,4.159983065128326,0.0,0.0,nan,nan,nan,nan,nan,nan,nan,nan,nan,nan,19616,-0.00010366458828210412,0.04743332751095295,1.4499134302139283,0.021912138909101486,0.04302293919026852,0.04302293919026852,0.09635385945439338,2.6844117217842907e-05,1.874999979918357e-05,0.6216200590133667,1.0,0.0011730769230769225,2.326923076923079e-05,0,0.75,0.75,0.0
613,1964800,-781.8406000137329,-7.818405790328979,-781.8406000137329,-7.818405790328979,0.0,781.8406000137329,7.818405790328979,27.4691801071167,0.2746922111511232,3.2643381190299987,0.0,0.0,nan,nan,nan,nan,nan,nan,nan,nan,nan,nan,19648,-0.00019220385422813457,0.040838541463017464,1.4344704627990723,0.0185650123283267,0.06582819856703281,0.06582819856703281,0.12191009223461151,7.264676338862375e-05,0.0007593750047817594,0.695555567741394,1.0,0.0011586538461538457,2.2163461538461595e-05,0,0.75,0.75,0.0
614,1968000,-846.568362236023,-8.465683603286744,-846.568362236023,-8.465683603286744,0.0,846.568362236023,8.465683603286744,-37.25858211517334,-0.3725856018066409,4.3344100856781,0.0,0.0,nan,nan,nan,nan,nan,nan,nan,nan,nan,nan,19680,-0.00019457449855546648,0.05201433524489403,1.4407722115516663,0.024164017662405966,0.07732621990144253,0.07732621990144253,0.11942593082785606,5.799748865049636e-05,0.0008843750052619726,0.422878623008728,1.0,0.001144230769230769,2.10576923076924e-05,0,0.75,0.75,0.0
615,1971200,-824.9055299758911,-8.24905532836914,-824.9055299758911,-8.24905532836914,0.0,824.9055299758911,8.24905532836914,-15.595749855041504,-0.15595732688903752,4.254691715240479,0.0,0.0,nan,nan,nan,nan,nan,nan,nan,nan,nan,nan,19712,-0.0001577731591591025,0.05362607464194298,1.4378326892852784,0.02503078952431679,0.063675906509161,0.063675906509161,0.1224258378148079,6.80348649469831e-05,0.0005937500012805685,0.39863353967666626,1.0,0.0011298076923076904,1.9951923076923098e-05,0,0.75,0.75,0.0
616,1974400,-915.2453002929688,-9.152452669143678,-915.2453002929688,-9.152452669143678,0.0,915.2453002929688,9.152452669143678,-105.93552017211914,-1.059354667663575,4.3328213167190555,0.0,0.0,nan,nan,nan,nan,nan,nan,nan,nan,nan,nan,19744,-0.00011496236316688169,0.057571695372462275,1.4348951935768128,0.027070425637066364,0.059356069564819335,0.059356069564819335,0.14083946645259857,2.5443174215080625e-05,9.375000445288606e-06,0.5744011402130127,1.0,0.0011153846153846136,1.8846153846153796e-05,0,0.75,0.75,0.0
617,1977600,-828.94091796875,-8.289409370422364,-828.94091796875,-8.289409370422364,0.0,828.94091796875,8.289409370422364,-19.63113784790039,-0.1963113689422613,3.952520315647125,0.0,0.0,nan,nan,nan,nan,nan,nan,nan,nan,nan,nan,19776,-0.00013857674524668794,0.06278645470738412,1.4419086217880248,0.029667164385318755,0.06166777014732361,0.06166777014732361,0.1255292110145092,1.3137521849975772e-05,0.0,0.5268681645393372,1.0,0.0011009615384615368,1.77403846153846e-05,0,0.75,0.75,0.0
618,1980800,-814.2357654571533,-8.14235755443573,-814.2357654571533,-8.14235755443573,0.0,814.2357654571533,8.14235755443573,-4.925985336303711,-0.04925955295562723,4.397927441596985,0.0,0.0,nan,nan,nan,nan,nan,nan,nan,nan,nan,nan,19808,-8.909304175759303e-05,0.045083627477288245,1.4598181009292603,0.020866572484374048,0.04128119237720966,0.04128119237720966,0.12806752920150757,1.5744333225481273e-05,0.0,0.6160029172897339,1.0,0.00108653846153846,1.6634615384615407e-05,0,0.75,0.75,0.0
619,1984000,-730.1338176727295,-7.3013381671905515,-730.1338176727295,-7.3013381671905515,0.0,730.1338176727295,7.3013381671905515,79.17596244812012,0.7917598342895511,3.0625716924667357,0.0,0.0,nan,nan,nan,nan,nan,nan,nan,nan,nan,nan,19840,-0.00013705222543354268,0.03872373439371586,1.4408308863639832,0.017680077999830245,0.059880738332867625,0.059880738332867625,0.11790006086230279,1.3065165406789042e-05,0.0,0.6509536504745483,1.0,0.0010721153846153832,1.5528846153846213e-05,0,0.75,0.75,0.0
620,1987200,-834.6157865524292,-8.346158084869385,-834.6157865524292,-8.346158084869385,0.0,834.6157865524292,8.346158084869385,-25.30600643157959,-0.25306008338928265,4.1232401204109195,0.0,0.0,-726.6671878099442,-7.266671878099442,-726.6671878099442,-7.266671878099442,100.0,3.454083260297775,0.0,0.0,726.6671878099442,75.07937252521515,19872,-0.00012945265711313824,0.04315396323800087,1.410569930076599,0.019955579936504365,0.0594449806958437,0.0594449806958437,0.12654465138912202,2.638337424198894e-05,0.0,0.5462630987167358,1.0,0.0010576923076923064,1.4423076923076911e-05,0,0.75,0.75,0.0
621,1990400,-840.6000461578369,-8.406000509262086,-840.6000461578369,-8.406000509262086,0.0,840.6000461578369,8.406000509262086,-31.290266036987305,-0.3129025077819829,4.421515841484069,0.0,0.0,nan,nan,nan,nan,nan,nan,nan,nan,nan,nan,19904,-3.100757592817693e-05,0.054458018764853476,1.4469850540161133,0.025688407197594642,0.04595696143805981,0.04595696143805981,0.1154862493276596,4.449864886085425e-06,0.0,0.6536839008331299,1.0,0.0010432692307692296,1.3317307692307717e-05,0,0.75,0.75,0.0
622,1993600,-759.608736038208,-7.5960871744155884,-759.608736038208,-7.5960871744155884,0.0,759.608736038208,7.5960871744155884,49.7010440826416,0.49701082706451416,3.5932922959327698,0.0,0.0,nan,nan,nan,nan,nan,nan,nan,nan,nan,nan,19936,-7.194222181130527e-05,0.02889644168317318,1.431943690776825,0.012903029005974532,0.04759432151913643,0.04759432151913643,0.09187869504094123,4.684150021746104e-06,0.0,0.5908833742141724,1.0,0.0010288461538461528,1.2211538461538523e-05,0,0.75,0.75,0.0
623,1996800,-843.8252248764038,-8.438252687454224,-843.8252248764038,-8.438252687454224,0.0,843.8252248764038,8.438252687454224,-34.5154447555542,-0.345154685974121,4.3916963911056515,0.0,0.0,nan,nan,nan,nan,nan,nan,nan,nan,nan,nan,19968,-0.00013731203176066132,0.03940406404435635,1.454309916496277,0.01808943450450897,0.07232224345207214,0.07232224345207214,0.1368616685271263,2.835327768257482e-05,0.0002625000022817403,0.6481602191925049,1.0,0.001014423076923076,1.110576923076922e-05,0,0.75,0.75,0.0
624,2000000,-842.9088506698608,-8.429088468551635,-842.9088506698608,-8.429088468551635,0.0,842.9088506698608,8.429088468551635,-33.59907054901123,-0.33599046707153235,4.227989554405212,0.0,0.0,-727.5421818494797,-7.275421818494797,-727.5421818494797,-7.275421818494797,100.0,3.45659144282341,0.0,0.0,727.5421818494797,74.20437848567963,20000,-5.2491879575977675e-05,0.06067614927887917,1.434239912033081,0.02885134294629097,0.05146514736115933,0.05146514736115933,0.127294360101223,7.2864364966601195e-06,0.0,0.46116310358047485,1.0,0.0009999999999999992,1.0000000000000026e-05,0,0.75,0.75,0.0
