[setup] Required Python imports are available.
[setup] Required Python imports are available.
=== Job info ===
Job      : 637453  array=14
Node     : evc10
Submit   : /lustre/fs1/home/ak565492/gnn_experiments
Repo     : /lustre/fs1/home/ak565492/gnn_experiments
Git rev  : 7e33b80
Python   : /home/ak565492/expenv/bin/python
Python 3.11.4
PyYAML   : 6.0.3
NumPy    : 2.3.5
Torch    : 2.5.1+cu121 cuda_available=True torch_cuda=12.1
CUDA_VIS : 0
Threads  : OMP=4 MKL=4 OPENBLAS=1
Task     : 14/15
Config   : configs/pursuit_base.yaml
Generated: /tmp/637453_14_alpha1p0_seed2.yaml
Alpha    : 1.0
Seed     : 2
Run label: alpha1p0_seed2
Run dir  : runs/pursuit_sweep/pursuit_base/alpha1p0/seed2
Start    : Sun Jun  7 19:25:10 EDT 2026
================
Sun Jun  7 19:25:10 2026       
+-----------------------------------------------------------------------------------------+
| NVIDIA-SMI 580.105.08             Driver Version: 580.105.08     CUDA Version: 13.0     |
+-----------------------------------------+------------------------+----------------------+
| GPU  Name                 Persistence-M | Bus-Id          Disp.A | Volatile Uncorr. ECC |
| Fan  Temp   Perf          Pwr:Usage/Cap |           Memory-Usage | GPU-Util  Compute M. |
|                                         |                        |               MIG M. |
|=========================================+========================+======================|
|   0  Tesla V100-PCIE-16GB           Off |   00000000:D8:00.0 Off |                    0 |
| N/A   32C    P0             26W /  250W |       5MiB /  16384MiB |      0%      Default |
|                                         |                        |                  N/A |
+-----------------------------------------+------------------------+----------------------+

+-----------------------------------------------------------------------------------------+
| Processes:                                                                              |
|  GPU   GI   CI              PID   Type   Process name                        GPU Memory |
|        ID   ID                                                               Usage      |
|=========================================================================================|
|    0   N/A  N/A          364255      G   /usr/libexec/Xorg                         4MiB |
+-----------------------------------------------------------------------------------------+
[env] kind=pursuit name=pursuit n_agents=5 obs_dim=5 action_dim=5 state_dim=13 num_envs=32
[train] Starting: total_iters=625 T=100 B=32 device=cuda:0 seed=2 render=off
iter=   0 step=   3200 ep_ret=-283.361 opt_ret=-283.361 step_rew=-2.8336 opt_step=-2.8336 gap0=283.361 dret=+0.000 eval_ret=-176.724 pursuer_target_distance=2.824 capture=0.000 score=0.000 pol=-0.0014 val=0.7317 ent=1.6074 tot=+0.3484 agnorm=0.029 cgnorm=0.286 kl=0.0020 clipf=0.005 ev=-0.625 r0=1.0000 entcoef=1.00e-02 lr=7.0e-04 seed=2
iter=   1 step=   6400 ep_ret=-226.643 opt_ret=-226.643 step_rew=-2.2664 opt_step=-2.2664 gap0=226.643 dret=+56.717 eval_ret=n/a pursuer_target_distance=2.297 capture=0.004 score=0.001 pol=-0.0014 val=0.3635 ent=1.5990 tot=+0.1644 agnorm=0.040 cgnorm=0.239 kl=0.0016 clipf=0.003 ev=+0.234 r0=1.0000 entcoef=9.99e-03 lr=7.0e-04 seed=2
iter=   2 step=   9600 ep_ret=-232.583 opt_ret=-232.583 step_rew=-2.3258 opt_step=-2.3258 gap0=232.583 dret=+50.778 eval_ret=n/a pursuer_target_distance=2.335 capture=0.002 score=0.001 pol=-0.0010 val=0.4637 ent=1.5869 tot=+0.2150 agnorm=0.034 cgnorm=0.284 kl=0.0017 clipf=0.004 ev=+0.223 r0=1.0000 entcoef=9.97e-03 lr=7.0e-04 seed=2
iter=   3 step=  12800 ep_ret=-225.020 opt_ret=-225.020 step_rew=-2.2502 opt_step=-2.2502 gap0=225.020 dret=+58.341 eval_ret=n/a pursuer_target_distance=2.400 capture=0.016 score=0.005 pol=-0.0012 val=0.5522 ent=1.5629 tot=+0.2593 agnorm=0.038 cgnorm=0.294 kl=0.0018 clipf=0.007 ev=+0.134 r0=1.0000 entcoef=9.96e-03 lr=7.0e-04 seed=2
iter=   4 step=  16000 ep_ret=-240.811 opt_ret=-240.811 step_rew=-2.4081 opt_step=-2.4081 gap0=240.811 dret=+42.550 eval_ret=n/a pursuer_target_distance=2.398 capture=0.000 score=0.000 pol=-0.0007 val=0.3333 ent=1.5607 tot=+0.1504 agnorm=0.032 cgnorm=0.250 kl=0.0014 clipf=0.003 ev=+0.327 r0=1.0000 entcoef=9.94e-03 lr=7.0e-04 seed=2
iter=   5 step=  19200 ep_ret=-291.579 opt_ret=-291.579 step_rew=-2.9158 opt_step=-2.9158 gap0=291.579 dret=-8.219 eval_ret=n/a pursuer_target_distance=2.906 capture=0.000 score=0.000 pol=-0.0016 val=0.4824 ent=1.5735 tot=+0.2239 agnorm=0.043 cgnorm=0.314 kl=0.0024 clipf=0.012 ev=+0.268 r0=1.0000 entcoef=9.93e-03 lr=6.9e-04 seed=2
iter=   6 step=  22400 ep_ret=-274.965 opt_ret=-274.965 step_rew=-2.7497 opt_step=-2.7497 gap0=274.965 dret=+8.395 eval_ret=n/a pursuer_target_distance=2.752 capture=0.001 score=0.000 pol=-0.0009 val=0.3338 ent=1.5625 tot=+0.1504 agnorm=0.043 cgnorm=0.272 kl=0.0023 clipf=0.015 ev=+0.530 r0=1.0000 entcoef=9.91e-03 lr=6.9e-04 seed=2
iter=   7 step=  25600 ep_ret=-286.067 opt_ret=-286.067 step_rew=-2.8607 opt_step=-2.8607 gap0=286.067 dret=-2.706 eval_ret=n/a pursuer_target_distance=2.851 capture=0.000 score=0.000 pol=-0.0008 val=0.3095 ent=1.5508 tot=+0.1386 agnorm=0.029 cgnorm=0.284 kl=0.0012 clipf=0.001 ev=+0.449 r0=1.0000 entcoef=9.90e-03 lr=6.9e-04 seed=2
iter=   8 step=  28800 ep_ret=-230.124 opt_ret=-230.124 step_rew=-2.3012 opt_step=-2.3012 gap0=230.124 dret=+53.237 eval_ret=n/a pursuer_target_distance=2.291 capture=0.000 score=0.000 pol=-0.0007 val=0.2571 ent=1.5427 tot=+0.1126 agnorm=0.032 cgnorm=0.261 kl=0.0015 clipf=0.008 ev=+0.008 r0=1.0000 entcoef=9.88e-03 lr=6.9e-04 seed=2
iter=   9 step=  32000 ep_ret=-237.119 opt_ret=-237.119 step_rew=-2.3712 opt_step=-2.3712 gap0=237.119 dret=+46.242 eval_ret=n/a pursuer_target_distance=2.361 capture=0.000 score=0.000 pol=-0.0010 val=0.2373 ent=1.5268 tot=+0.1026 agnorm=0.037 cgnorm=0.212 kl=0.0013 clipf=0.005 ev=+0.336 r0=1.0000 entcoef=9.87e-03 lr=6.9e-04 seed=2
iter=  10 step=  35200 ep_ret=-272.440 opt_ret=-272.440 step_rew=-2.7244 opt_step=-2.7244 gap0=272.440 dret=+10.921 eval_ret=n/a pursuer_target_distance=2.714 capture=0.000 score=0.000 pol=-0.0007 val=0.3145 ent=1.5490 tot=+0.1412 agnorm=0.030 cgnorm=0.305 kl=0.0019 clipf=0.007 ev=+0.219 r0=1.0000 entcoef=9.86e-03 lr=6.9e-04 seed=2
iter=  11 step=  38400 ep_ret=-265.690 opt_ret=-265.690 step_rew=-2.6569 opt_step=-2.6569 gap0=265.690 dret=+17.671 eval_ret=n/a pursuer_target_distance=2.647 capture=0.000 score=0.000 pol=-0.0012 val=0.3826 ent=1.5360 tot=+0.1750 agnorm=0.040 cgnorm=0.297 kl=0.0018 clipf=0.011 ev=+0.121 r0=1.0000 entcoef=9.84e-03 lr=6.9e-04 seed=2
iter=  12 step=  41600 ep_ret=-338.799 opt_ret=-338.799 step_rew=-3.3880 opt_step=-3.3880 gap0=338.799 dret=-55.438 eval_ret=n/a pursuer_target_distance=3.394 capture=0.002 score=0.000 pol=-0.0013 val=0.5394 ent=1.5156 tot=+0.2535 agnorm=0.034 cgnorm=0.361 kl=0.0022 clipf=0.010 ev=-0.099 r0=1.0000 entcoef=9.83e-03 lr=6.9e-04 seed=2
iter=  13 step=  44800 ep_ret=-251.766 opt_ret=-251.766 step_rew=-2.5177 opt_step=-2.5177 gap0=251.766 dret=+31.594 eval_ret=n/a pursuer_target_distance=2.508 capture=0.000 score=0.000 pol=-0.0011 val=0.1935 ent=1.5030 tot=+0.0809 agnorm=0.036 cgnorm=0.221 kl=0.0025 clipf=0.018 ev=+0.326 r0=1.0000 entcoef=9.81e-03 lr=6.9e-04 seed=2
iter=  14 step=  48000 ep_ret=-284.651 opt_ret=-284.651 step_rew=-2.8465 opt_step=-2.8465 gap0=284.651 dret=-1.290 eval_ret=n/a pursuer_target_distance=2.880 capture=0.004 score=0.001 pol=-0.0007 val=0.2818 ent=1.5018 tot=+0.1255 agnorm=0.045 cgnorm=0.266 kl=0.0019 clipf=0.017 ev=+0.386 r0=1.0000 entcoef=9.80e-03 lr=6.8e-04 seed=2
iter=  15 step=  51200 ep_ret=-235.935 opt_ret=-235.935 step_rew=-2.3594 opt_step=-2.3594 gap0=235.935 dret=+47.426 eval_ret=n/a pursuer_target_distance=2.349 capture=0.000 score=0.000 pol=-0.0009 val=0.1091 ent=1.5186 tot=+0.0388 agnorm=0.041 cgnorm=0.179 kl=0.0018 clipf=0.012 ev=+0.561 r0=1.0000 entcoef=9.78e-03 lr=6.8e-04 seed=2
iter=  16 step=  54400 ep_ret=-269.185 opt_ret=-269.185 step_rew=-2.6918 opt_step=-2.6918 gap0=269.185 dret=+14.176 eval_ret=n/a pursuer_target_distance=2.682 capture=0.000 score=0.000 pol=-0.0011 val=0.2053 ent=1.5171 tot=+0.0867 agnorm=0.047 cgnorm=0.237 kl=0.0021 clipf=0.015 ev=+0.387 r0=1.0000 entcoef=9.77e-03 lr=6.8e-04 seed=2
iter=  17 step=  57600 ep_ret=-241.753 opt_ret=-241.753 step_rew=-2.4175 opt_step=-2.4175 gap0=241.753 dret=+41.608 eval_ret=n/a pursuer_target_distance=2.408 capture=0.000 score=0.000 pol=-0.0013 val=0.1071 ent=1.5244 tot=+0.0374 agnorm=0.048 cgnorm=0.204 kl=0.0012 clipf=0.004 ev=+0.589 r0=1.0000 entcoef=9.75e-03 lr=6.8e-04 seed=2
iter=  18 step=  60800 ep_ret=-238.920 opt_ret=-238.920 step_rew=-2.3892 opt_step=-2.3892 gap0=238.920 dret=+44.440 eval_ret=n/a pursuer_target_distance=2.379 capture=0.000 score=0.000 pol=-0.0008 val=0.0899 ent=1.5136 tot=+0.0294 agnorm=0.032 cgnorm=0.193 kl=0.0013 clipf=0.001 ev=+0.636 r0=1.0000 entcoef=9.74e-03 lr=6.8e-04 seed=2
iter=  19 step=  64000 ep_ret=-235.215 opt_ret=-235.215 step_rew=-2.3522 opt_step=-2.3522 gap0=235.215 dret=+48.146 eval_ret=n/a pursuer_target_distance=2.342 capture=0.000 score=0.000 pol=-0.0010 val=0.0854 ent=1.4916 tot=+0.0272 agnorm=0.046 cgnorm=0.182 kl=0.0021 clipf=0.009 ev=+0.557 r0=1.0000 entcoef=9.73e-03 lr=6.8e-04 seed=2
iter=  20 step=  67200 ep_ret=-252.694 opt_ret=-252.694 step_rew=-2.5269 opt_step=-2.5269 gap0=252.694 dret=+30.667 eval_ret=-196.297 pursuer_target_distance=2.520 capture=0.000 score=0.000 pol=-0.0007 val=0.1322 ent=1.4870 tot=+0.0510 agnorm=0.040 cgnorm=0.211 kl=0.0017 clipf=0.009 ev=+0.147 r0=1.0000 entcoef=9.71e-03 lr=6.8e-04 seed=2
iter=  21 step=  70400 ep_ret=-244.640 opt_ret=-244.640 step_rew=-2.4464 opt_step=-2.4464 gap0=244.640 dret=+38.721 eval_ret=n/a pursuer_target_distance=2.440 capture=0.000 score=0.000 pol=-0.0009 val=0.0863 ent=1.5078 tot=+0.0277 agnorm=0.034 cgnorm=0.183 kl=0.0008 clipf=0.001 ev=+0.428 r0=1.0000 entcoef=9.70e-03 lr=6.8e-04 seed=2
iter=  22 step=  73600 ep_ret=-248.422 opt_ret=-248.422 step_rew=-2.4842 opt_step=-2.4842 gap0=248.422 dret=+34.938 eval_ret=n/a pursuer_target_distance=2.474 capture=0.000 score=0.000 pol=-0.0004 val=0.0795 ent=1.4723 tot=+0.0251 agnorm=0.034 cgnorm=0.151 kl=0.0011 clipf=0.001 ev=+0.440 r0=1.0000 entcoef=9.68e-03 lr=6.8e-04 seed=2
iter=  23 step=  76800 ep_ret=-229.227 opt_ret=-229.227 step_rew=-2.2923 opt_step=-2.2923 gap0=229.227 dret=+54.134 eval_ret=n/a pursuer_target_distance=2.298 capture=0.002 score=0.000 pol=-0.0011 val=0.0633 ent=1.4833 tot=+0.0162 agnorm=0.047 cgnorm=0.153 kl=0.0026 clipf=0.019 ev=+0.631 r0=1.0000 entcoef=9.67e-03 lr=6.7e-04 seed=2
iter=  24 step=  80000 ep_ret=-220.414 opt_ret=-220.414 step_rew=-2.2041 opt_step=-2.2041 gap0=220.414 dret=+62.946 eval_ret=n/a pursuer_target_distance=2.213 capture=0.002 score=0.001 pol=-0.0013 val=0.0504 ent=1.4701 tot=+0.0097 agnorm=0.043 cgnorm=0.168 kl=0.0033 clipf=0.032 ev=+0.596 r0=1.0000 entcoef=9.65e-03 lr=6.7e-04 seed=2
iter=  25 step=  83200 ep_ret=-209.154 opt_ret=-209.154 step_rew=-2.0915 opt_step=-2.0915 gap0=209.154 dret=+74.207 eval_ret=n/a pursuer_target_distance=2.082 capture=0.000 score=0.000 pol=-0.0012 val=0.0508 ent=1.4915 tot=+0.0098 agnorm=0.053 cgnorm=0.150 kl=0.0030 clipf=0.023 ev=+0.633 r0=1.0000 entcoef=9.64e-03 lr=6.7e-04 seed=2
iter=  26 step=  86400 ep_ret=-249.045 opt_ret=-249.045 step_rew=-2.4905 opt_step=-2.4905 gap0=249.045 dret=+34.315 eval_ret=n/a pursuer_target_distance=2.480 capture=0.000 score=0.000 pol=-0.0003 val=0.0776 ent=1.4840 tot=+0.0242 agnorm=0.031 cgnorm=0.176 kl=0.0008 clipf=0.000 ev=+0.447 r0=1.0000 entcoef=9.62e-03 lr=6.7e-04 seed=2
iter=  27 step=  89600 ep_ret=-169.667 opt_ret=-169.667 step_rew=-1.6967 opt_step=-1.6967 gap0=169.667 dret=+113.694 eval_ret=n/a pursuer_target_distance=1.752 capture=0.007 score=0.002 pol=-0.0006 val=0.0450 ent=1.4797 tot=+0.0076 agnorm=0.032 cgnorm=0.144 kl=0.0012 clipf=0.005 ev=+0.600 r0=1.0000 entcoef=9.61e-03 lr=6.7e-04 seed=2
iter=  28 step=  92800 ep_ret=-270.481 opt_ret=-270.481 step_rew=-2.7048 opt_step=-2.7048 gap0=270.481 dret=+12.880 eval_ret=n/a pursuer_target_distance=2.698 capture=0.000 score=0.000 pol=-0.0019 val=0.0872 ent=1.4595 tot=+0.0277 agnorm=0.073 cgnorm=0.217 kl=0.0029 clipf=0.030 ev=+0.352 r0=1.0000 entcoef=9.60e-03 lr=6.7e-04 seed=2
iter=  29 step=  96000 ep_ret=-236.446 opt_ret=-236.446 step_rew=-2.3645 opt_step=-2.3645 gap0=236.446 dret=+46.915 eval_ret=n/a pursuer_target_distance=2.354 capture=0.000 score=0.000 pol=-0.0009 val=0.0577 ent=1.4472 tot=+0.0141 agnorm=0.055 cgnorm=0.162 kl=0.0025 clipf=0.020 ev=+0.535 r0=1.0000 entcoef=9.58e-03 lr=6.7e-04 seed=2
iter=  30 step=  99200 ep_ret=-241.923 opt_ret=-241.923 step_rew=-2.4192 opt_step=-2.4192 gap0=241.923 dret=+41.438 eval_ret=n/a pursuer_target_distance=2.456 capture=0.005 score=0.001 pol=-0.0012 val=0.0560 ent=1.4649 tot=+0.0128 agnorm=0.053 cgnorm=0.143 kl=0.0031 clipf=0.022 ev=+0.655 r0=1.0000 entcoef=9.57e-03 lr=6.7e-04 seed=2
iter=  31 step= 102400 ep_ret=-241.321 opt_ret=-241.321 step_rew=-2.4132 opt_step=-2.4132 gap0=241.321 dret=+42.040 eval_ret=n/a pursuer_target_distance=2.422 capture=0.002 score=0.001 pol=-0.0013 val=0.0696 ent=1.4645 tot=+0.0195 agnorm=0.067 cgnorm=0.185 kl=0.0026 clipf=0.023 ev=+0.425 r0=1.0000 entcoef=9.55e-03 lr=6.7e-04 seed=2
iter=  32 step= 105600 ep_ret=-266.118 opt_ret=-266.118 step_rew=-2.6612 opt_step=-2.6612 gap0=266.118 dret=+17.243 eval_ret=n/a pursuer_target_distance=2.651 capture=0.000 score=0.000 pol=-0.0007 val=0.0613 ent=1.4741 tot=+0.0159 agnorm=0.035 cgnorm=0.166 kl=0.0013 clipf=0.004 ev=+0.551 r0=1.0000 entcoef=9.54e-03 lr=6.6e-04 seed=2
iter=  33 step= 108800 ep_ret=-193.457 opt_ret=-193.457 step_rew=-1.9346 opt_step=-1.9346 gap0=193.457 dret=+89.904 eval_ret=n/a pursuer_target_distance=1.965 capture=0.004 score=0.001 pol=-0.0010 val=0.0455 ent=1.4864 tot=+0.0076 agnorm=0.034 cgnorm=0.154 kl=0.0012 clipf=0.001 ev=+0.677 r0=1.0000 entcoef=9.52e-03 lr=6.6e-04 seed=2
iter=  34 step= 112000 ep_ret=-232.495 opt_ret=-232.495 step_rew=-2.3249 opt_step=-2.3249 gap0=232.495 dret=+50.866 eval_ret=n/a pursuer_target_distance=2.331 capture=0.002 score=0.000 pol=-0.0012 val=0.0353 ent=1.4949 tot=+0.0022 agnorm=0.036 cgnorm=0.128 kl=0.0022 clipf=0.014 ev=+0.722 r0=1.0000 entcoef=9.51e-03 lr=6.6e-04 seed=2
iter=  35 step= 115200 ep_ret=-231.975 opt_ret=-231.975 step_rew=-2.3198 opt_step=-2.3198 gap0=231.975 dret=+51.385 eval_ret=n/a pursuer_target_distance=2.322 capture=0.001 score=0.000 pol=-0.0008 val=0.0383 ent=1.5198 tot=+0.0040 agnorm=0.036 cgnorm=0.131 kl=0.0015 clipf=0.004 ev=+0.696 r0=1.0000 entcoef=9.50e-03 lr=6.6e-04 seed=2
iter=  36 step= 118400 ep_ret=-225.488 opt_ret=-225.488 step_rew=-2.2549 opt_step=-2.2549 gap0=225.488 dret=+57.873 eval_ret=n/a pursuer_target_distance=2.323 capture=0.008 score=0.002 pol=-0.0013 val=0.0766 ent=1.5154 tot=+0.0226 agnorm=0.046 cgnorm=0.185 kl=0.0015 clipf=0.008 ev=+0.540 r0=1.0000 entcoef=9.48e-03 lr=6.6e-04 seed=2
iter=  37 step= 121600 ep_ret=-225.597 opt_ret=-225.597 step_rew=-2.2560 opt_step=-2.2560 gap0=225.597 dret=+57.764 eval_ret=n/a pursuer_target_distance=2.246 capture=0.000 score=0.000 pol=-0.0010 val=0.0328 ent=1.5116 tot=+0.0011 agnorm=0.042 cgnorm=0.117 kl=0.0013 clipf=0.005 ev=+0.721 r0=1.0000 entcoef=9.47e-03 lr=6.6e-04 seed=2
iter=  38 step= 124800 ep_ret=-208.816 opt_ret=-208.816 step_rew=-2.0882 opt_step=-2.0882 gap0=208.816 dret=+74.544 eval_ret=n/a pursuer_target_distance=2.094 capture=0.002 score=0.001 pol=-0.0018 val=0.0393 ent=1.5126 tot=+0.0035 agnorm=0.061 cgnorm=0.132 kl=0.0043 clipf=0.041 ev=+0.558 r0=1.0000 entcoef=9.45e-03 lr=6.6e-04 seed=2
iter=  39 step= 128000 ep_ret=-248.371 opt_ret=-248.371 step_rew=-2.4837 opt_step=-2.4837 gap0=248.371 dret=+34.990 eval_ret=n/a pursuer_target_distance=2.549 capture=0.007 score=0.002 pol=-0.0012 val=0.0656 ent=1.4864 tot=+0.0175 agnorm=0.035 cgnorm=0.164 kl=0.0026 clipf=0.014 ev=+0.431 r0=1.0000 entcoef=9.44e-03 lr=6.6e-04 seed=2
iter=  40 step= 131200 ep_ret=-236.414 opt_ret=-236.414 step_rew=-2.3641 opt_step=-2.3641 gap0=236.414 dret=+46.946 eval_ret=-266.415 pursuer_target_distance=2.382 capture=0.003 score=0.001 pol=-0.0015 val=0.0424 ent=1.4668 tot=+0.0058 agnorm=0.054 cgnorm=0.132 kl=0.0020 clipf=0.018 ev=+0.552 r0=1.0000 entcoef=9.42e-03 lr=6.6e-04 seed=2
iter=  41 step= 134400 ep_ret=-226.537 opt_ret=-226.537 step_rew=-2.2654 opt_step=-2.2654 gap0=226.537 dret=+56.824 eval_ret=n/a pursuer_target_distance=2.262 capture=0.001 score=0.000 pol=-0.0010 val=0.0304 ent=1.4927 tot=+0.0002 agnorm=0.044 cgnorm=0.113 kl=0.0013 clipf=0.004 ev=+0.707 r0=1.0000 entcoef=9.41e-03 lr=6.5e-04 seed=2
iter=  42 step= 137600 ep_ret=-269.588 opt_ret=-269.588 step_rew=-2.6959 opt_step=-2.6959 gap0=269.588 dret=+13.773 eval_ret=n/a pursuer_target_distance=2.686 capture=0.000 score=0.000 pol=-0.0010 val=0.0315 ent=1.5012 tot=+0.0006 agnorm=0.032 cgnorm=0.130 kl=0.0014 clipf=0.001 ev=+0.608 r0=1.0000 entcoef=9.39e-03 lr=6.5e-04 seed=2
iter=  43 step= 140800 ep_ret=-272.286 opt_ret=-272.286 step_rew=-2.7229 opt_step=-2.7229 gap0=272.286 dret=+11.074 eval_ret=n/a pursuer_target_distance=2.713 capture=0.000 score=0.000 pol=-0.0011 val=0.0331 ent=1.5183 tot=+0.0012 agnorm=0.060 cgnorm=0.130 kl=0.0024 clipf=0.014 ev=+0.662 r0=1.0000 entcoef=9.38e-03 lr=6.5e-04 seed=2
iter=  44 step= 144000 ep_ret=-258.989 opt_ret=-258.989 step_rew=-2.5899 opt_step=-2.5899 gap0=258.989 dret=+24.371 eval_ret=n/a pursuer_target_distance=2.580 capture=0.000 score=0.000 pol=-0.0011 val=0.0432 ent=1.5202 tot=+0.0062 agnorm=0.042 cgnorm=0.154 kl=0.0027 clipf=0.013 ev=+0.675 r0=1.0000 entcoef=9.37e-03 lr=6.5e-04 seed=2
iter=  45 step= 147200 ep_ret=-233.255 opt_ret=-233.255 step_rew=-2.3325 opt_step=-2.3325 gap0=233.255 dret=+50.106 eval_ret=n/a pursuer_target_distance=2.335 capture=0.001 score=0.000 pol=-0.0011 val=0.0343 ent=1.5240 tot=+0.0018 agnorm=0.036 cgnorm=0.121 kl=0.0014 clipf=0.004 ev=+0.752 r0=1.0000 entcoef=9.35e-03 lr=6.5e-04 seed=2
iter=  46 step= 150400 ep_ret=-227.773 opt_ret=-227.773 step_rew=-2.2777 opt_step=-2.2777 gap0=227.773 dret=+55.587 eval_ret=n/a pursuer_target_distance=2.268 capture=0.000 score=0.000 pol=-0.0008 val=0.0271 ent=1.5200 tot=-0.0014 agnorm=0.040 cgnorm=0.108 kl=0.0017 clipf=0.005 ev=+0.685 r0=1.0000 entcoef=9.34e-03 lr=6.5e-04 seed=2
iter=  47 step= 153600 ep_ret=-230.463 opt_ret=-230.463 step_rew=-2.3046 opt_step=-2.3046 gap0=230.463 dret=+52.897 eval_ret=n/a pursuer_target_distance=2.373 capture=0.008 score=0.002 pol=-0.0012 val=0.0463 ent=1.5288 tot=+0.0077 agnorm=0.048 cgnorm=0.129 kl=0.0016 clipf=0.010 ev=+0.708 r0=1.0000 entcoef=9.32e-03 lr=6.5e-04 seed=2
iter=  48 step= 156800 ep_ret=-207.759 opt_ret=-207.759 step_rew=-2.0776 opt_step=-2.0776 gap0=207.759 dret=+75.602 eval_ret=n/a pursuer_target_distance=2.099 capture=0.003 score=0.001 pol=-0.0013 val=0.0387 ent=1.5090 tot=+0.0040 agnorm=0.059 cgnorm=0.129 kl=0.0018 clipf=0.011 ev=+0.798 r0=1.0000 entcoef=9.31e-03 lr=6.5e-04 seed=2
iter=  49 step= 160000 ep_ret=-244.552 opt_ret=-244.552 step_rew=-2.4455 opt_step=-2.4455 gap0=244.552 dret=+38.809 eval_ret=n/a pursuer_target_distance=2.454 capture=0.002 score=0.001 pol=-0.0015 val=0.0327 ent=1.5089 tot=+0.0008 agnorm=0.045 cgnorm=0.095 kl=0.0019 clipf=0.011 ev=+0.751 r0=1.0000 entcoef=9.29e-03 lr=6.5e-04 seed=2
iter=  50 step= 163200 ep_ret=-213.599 opt_ret=-213.599 step_rew=-2.1360 opt_step=-2.1360 gap0=213.599 dret=+69.762 eval_ret=n/a pursuer_target_distance=2.126 capture=0.000 score=0.000 pol=-0.0008 val=0.0415 ent=1.4929 tot=+0.0061 agnorm=0.034 cgnorm=0.133 kl=0.0011 clipf=0.004 ev=+0.703 r0=1.0000 entcoef=9.28e-03 lr=6.4e-04 seed=2
iter=  51 step= 166400 ep_ret=-236.656 opt_ret=-236.656 step_rew=-2.3666 opt_step=-2.3666 gap0=236.656 dret=+46.705 eval_ret=n/a pursuer_target_distance=2.357 capture=0.000 score=0.000 pol=-0.0019 val=0.0253 ent=1.4967 tot=-0.0031 agnorm=0.057 cgnorm=0.086 kl=0.0027 clipf=0.017 ev=+0.795 r0=1.0000 entcoef=9.26e-03 lr=6.4e-04 seed=2
iter=  52 step= 169600 ep_ret=-235.963 opt_ret=-235.963 step_rew=-2.3596 opt_step=-2.3596 gap0=235.963 dret=+47.398 eval_ret=n/a pursuer_target_distance=2.350 capture=0.000 score=0.000 pol=-0.0007 val=0.0258 ent=1.4826 tot=-0.0015 agnorm=0.030 cgnorm=0.102 kl=0.0019 clipf=0.002 ev=+0.690 r0=1.0000 entcoef=9.25e-03 lr=6.4e-04 seed=2
iter=  53 step= 172800 ep_ret=-211.405 opt_ret=-211.405 step_rew=-2.1141 opt_step=-2.1141 gap0=211.405 dret=+71.955 eval_ret=n/a pursuer_target_distance=2.145 capture=0.004 score=0.001 pol=-0.0011 val=0.0580 ent=1.4706 tot=+0.0143 agnorm=0.048 cgnorm=0.118 kl=0.0014 clipf=0.007 ev=+0.483 r0=1.0000 entcoef=9.24e-03 lr=6.4e-04 seed=2
iter=  54 step= 176000 ep_ret=-273.789 opt_ret=-273.789 step_rew=-2.7379 opt_step=-2.7379 gap0=273.789 dret=+9.572 eval_ret=n/a pursuer_target_distance=2.728 capture=0.000 score=0.000 pol=-0.0011 val=0.0427 ent=1.4701 tot=+0.0067 agnorm=0.044 cgnorm=0.115 kl=0.0019 clipf=0.013 ev=+0.639 r0=1.0000 entcoef=9.22e-03 lr=6.4e-04 seed=2
iter=  55 step= 179200 ep_ret=-253.804 opt_ret=-253.804 step_rew=-2.5380 opt_step=-2.5380 gap0=253.804 dret=+29.556 eval_ret=n/a pursuer_target_distance=2.528 capture=0.000 score=0.000 pol=-0.0006 val=0.0562 ent=1.4487 tot=+0.0141 agnorm=0.033 cgnorm=0.159 kl=0.0016 clipf=0.005 ev=+0.326 r0=1.0000 entcoef=9.21e-03 lr=6.4e-04 seed=2
iter=  56 step= 182400 ep_ret=-201.341 opt_ret=-201.341 step_rew=-2.0134 opt_step=-2.0134 gap0=201.341 dret=+82.019 eval_ret=n/a pursuer_target_distance=2.041 capture=0.004 score=0.001 pol=-0.0012 val=0.0438 ent=1.4639 tot=+0.0073 agnorm=0.047 cgnorm=0.131 kl=0.0029 clipf=0.030 ev=+0.686 r0=1.0000 entcoef=9.19e-03 lr=6.4e-04 seed=2
iter=  57 step= 185600 ep_ret=-218.108 opt_ret=-218.108 step_rew=-2.1811 opt_step=-2.1811 gap0=218.108 dret=+65.253 eval_ret=n/a pursuer_target_distance=2.259 capture=0.009 score=0.003 pol=-0.0017 val=0.0510 ent=1.4656 tot=+0.0103 agnorm=0.062 cgnorm=0.112 kl=0.0030 clipf=0.038 ev=+0.525 r0=1.0000 entcoef=9.18e-03 lr=6.4e-04 seed=2
iter=  58 step= 188800 ep_ret=-258.327 opt_ret=-258.327 step_rew=-2.5833 opt_step=-2.5833 gap0=258.327 dret=+25.033 eval_ret=n/a pursuer_target_distance=2.573 capture=0.000 score=0.000 pol=-0.0013 val=0.0285 ent=1.4371 tot=-0.0002 agnorm=0.044 cgnorm=0.102 kl=0.0019 clipf=0.008 ev=+0.789 r0=1.0000 entcoef=9.16e-03 lr=6.4e-04 seed=2
iter=  59 step= 192000 ep_ret=-247.450 opt_ret=-247.450 step_rew=-2.4745 opt_step=-2.4745 gap0=247.450 dret=+35.910 eval_ret=n/a pursuer_target_distance=2.474 capture=0.001 score=0.000 pol=-0.0008 val=0.0546 ent=1.4260 tot=+0.0135 agnorm=0.042 cgnorm=0.131 kl=0.0028 clipf=0.016 ev=+0.632 r0=1.0000 entcoef=9.15e-03 lr=6.3e-04 seed=2
iter=  60 step= 195200 ep_ret=-274.017 opt_ret=-274.017 step_rew=-2.7402 opt_step=-2.7402 gap0=274.017 dret=+9.344 eval_ret=-286.656 pursuer_target_distance=2.771 capture=0.004 score=0.001 pol=-0.0005 val=0.0344 ent=1.3999 tot=+0.0039 agnorm=0.030 cgnorm=0.112 kl=0.0007 clipf=0.001 ev=+0.779 r0=1.0000 entcoef=9.13e-03 lr=6.3e-04 seed=2
iter=  61 step= 198400 ep_ret=-255.267 opt_ret=-255.267 step_rew=-2.5527 opt_step=-2.5527 gap0=255.267 dret=+28.094 eval_ret=n/a pursuer_target_distance=2.543 capture=0.000 score=0.000 pol=-0.0008 val=0.0599 ent=1.3607 tot=+0.0167 agnorm=0.036 cgnorm=0.136 kl=0.0014 clipf=0.005 ev=+0.605 r0=1.0000 entcoef=9.12e-03 lr=6.3e-04 seed=2
iter=  62 step= 201600 ep_ret=-252.341 opt_ret=-252.341 step_rew=-2.5234 opt_step=-2.5234 gap0=252.341 dret=+31.020 eval_ret=n/a pursuer_target_distance=2.535 capture=0.002 score=0.001 pol=-0.0013 val=0.0282 ent=1.3411 tot=+0.0006 agnorm=0.047 cgnorm=0.103 kl=0.0015 clipf=0.010 ev=+0.744 r0=1.0000 entcoef=9.11e-03 lr=6.3e-04 seed=2
iter=  63 step= 204800 ep_ret=-239.282 opt_ret=-239.282 step_rew=-2.3928 opt_step=-2.3928 gap0=239.282 dret=+44.079 eval_ret=n/a pursuer_target_distance=2.383 capture=0.000 score=0.000 pol=-0.0007 val=0.0310 ent=1.3974 tot=+0.0021 agnorm=0.037 cgnorm=0.094 kl=0.0016 clipf=0.008 ev=+0.809 r0=1.0000 entcoef=9.09e-03 lr=6.3e-04 seed=2
iter=  64 step= 208000 ep_ret=-243.026 opt_ret=-243.026 step_rew=-2.4303 opt_step=-2.4303 gap0=243.026 dret=+40.334 eval_ret=n/a pursuer_target_distance=2.464 capture=0.004 score=0.001 pol=-0.0009 val=0.0339 ent=1.4166 tot=+0.0032 agnorm=0.036 cgnorm=0.111 kl=0.0011 clipf=0.006 ev=+0.664 r0=1.0000 entcoef=9.08e-03 lr=6.3e-04 seed=2
iter=  65 step= 211200 ep_ret=-242.490 opt_ret=-242.490 step_rew=-2.4249 opt_step=-2.4249 gap0=242.490 dret=+40.871 eval_ret=n/a pursuer_target_distance=2.456 capture=0.004 score=0.001 pol=-0.0009 val=0.0571 ent=1.4085 tot=+0.0148 agnorm=0.049 cgnorm=0.127 kl=0.0019 clipf=0.016 ev=+0.634 r0=1.0000 entcoef=9.06e-03 lr=6.3e-04 seed=2
iter=  66 step= 214400 ep_ret=-219.211 opt_ret=-219.211 step_rew=-2.1921 opt_step=-2.1921 gap0=219.211 dret=+64.150 eval_ret=n/a pursuer_target_distance=2.248 capture=0.007 score=0.002 pol=-0.0010 val=0.0419 ent=1.4214 tot=+0.0071 agnorm=0.044 cgnorm=0.113 kl=0.0019 clipf=0.017 ev=+0.800 r0=1.0000 entcoef=9.05e-03 lr=6.3e-04 seed=2
iter=  67 step= 217600 ep_ret=-255.078 opt_ret=-255.078 step_rew=-2.5508 opt_step=-2.5508 gap0=255.078 dret=+28.282 eval_ret=n/a pursuer_target_distance=2.541 capture=0.000 score=0.000 pol=-0.0011 val=0.0282 ent=1.4297 tot=+0.0001 agnorm=0.051 cgnorm=0.089 kl=0.0017 clipf=0.012 ev=+0.819 r0=1.0000 entcoef=9.03e-03 lr=6.3e-04 seed=2
iter=  68 step= 220800 ep_ret=-256.042 opt_ret=-256.042 step_rew=-2.5604 opt_step=-2.5604 gap0=256.042 dret=+27.319 eval_ret=n/a pursuer_target_distance=2.557 capture=0.001 score=0.000 pol=-0.0008 val=0.0365 ent=1.4110 tot=+0.0047 agnorm=0.033 cgnorm=0.111 kl=0.0009 clipf=0.001 ev=+0.772 r0=1.0000 entcoef=9.02e-03 lr=6.2e-04 seed=2
iter=  69 step= 224000 ep_ret=-272.701 opt_ret=-272.701 step_rew=-2.7270 opt_step=-2.7270 gap0=272.701 dret=+10.660 eval_ret=n/a pursuer_target_distance=2.717 capture=0.000 score=0.000 pol=-0.0009 val=0.0420 ent=1.4191 tot=+0.0073 agnorm=0.038 cgnorm=0.117 kl=0.0015 clipf=0.005 ev=+0.722 r0=1.0000 entcoef=9.00e-03 lr=6.2e-04 seed=2
iter=  70 step= 227200 ep_ret=-193.652 opt_ret=-193.652 step_rew=-1.9365 opt_step=-1.9365 gap0=193.652 dret=+89.708 eval_ret=n/a pursuer_target_distance=1.952 capture=0.003 score=0.001 pol=-0.0009 val=0.0353 ent=1.3945 tot=+0.0042 agnorm=0.042 cgnorm=0.094 kl=0.0010 clipf=0.002 ev=+0.796 r0=1.0000 entcoef=8.99e-03 lr=6.2e-04 seed=2
iter=  71 step= 230400 ep_ret=-232.024 opt_ret=-232.024 step_rew=-2.3202 opt_step=-2.3202 gap0=232.024 dret=+51.336 eval_ret=n/a pursuer_target_distance=2.338 capture=0.003 score=0.001 pol=-0.0008 val=0.0388 ent=1.4094 tot=+0.0059 agnorm=0.051 cgnorm=0.109 kl=0.0014 clipf=0.006 ev=+0.725 r0=1.0000 entcoef=8.98e-03 lr=6.2e-04 seed=2
iter=  72 step= 233600 ep_ret=-254.555 opt_ret=-254.555 step_rew=-2.5456 opt_step=-2.5456 gap0=254.555 dret=+28.805 eval_ret=n/a pursuer_target_distance=2.536 capture=0.000 score=0.000 pol=-0.0009 val=0.0439 ent=1.4029 tot=+0.0085 agnorm=0.048 cgnorm=0.093 kl=0.0015 clipf=0.007 ev=+0.685 r0=1.0000 entcoef=8.96e-03 lr=6.2e-04 seed=2
iter=  73 step= 236800 ep_ret=-248.989 opt_ret=-248.989 step_rew=-2.4899 opt_step=-2.4899 gap0=248.989 dret=+34.372 eval_ret=n/a pursuer_target_distance=2.486 capture=0.001 score=0.000 pol=-0.0012 val=0.0293 ent=1.4088 tot=+0.0008 agnorm=0.043 cgnorm=0.091 kl=0.0025 clipf=0.017 ev=+0.782 r0=1.0000 entcoef=8.95e-03 lr=6.2e-04 seed=2
iter=  74 step= 240000 ep_ret=-274.040 opt_ret=-274.040 step_rew=-2.7404 opt_step=-2.7404 gap0=274.040 dret=+9.321 eval_ret=n/a pursuer_target_distance=2.730 capture=0.000 score=0.000 pol=-0.0008 val=0.0533 ent=1.3683 tot=+0.0136 agnorm=0.036 cgnorm=0.146 kl=0.0012 clipf=0.006 ev=+0.637 r0=1.0000 entcoef=8.93e-03 lr=6.2e-04 seed=2
iter=  75 step= 243200 ep_ret=-261.413 opt_ret=-261.413 step_rew=-2.6141 opt_step=-2.6141 gap0=261.413 dret=+21.948 eval_ret=n/a pursuer_target_distance=2.607 capture=0.000 score=0.000 pol=-0.0006 val=0.0614 ent=1.3508 tot=+0.0180 agnorm=0.032 cgnorm=0.117 kl=0.0005 clipf=0.000 ev=+0.627 r0=1.0000 entcoef=8.92e-03 lr=6.2e-04 seed=2
iter=  76 step= 246400 ep_ret=-230.943 opt_ret=-230.943 step_rew=-2.3094 opt_step=-2.3094 gap0=230.943 dret=+52.418 eval_ret=n/a pursuer_target_distance=2.306 capture=0.001 score=0.000 pol=-0.0016 val=0.0471 ent=1.3394 tot=+0.0100 agnorm=0.056 cgnorm=0.131 kl=0.0026 clipf=0.020 ev=+0.689 r0=1.0000 entcoef=8.90e-03 lr=6.2e-04 seed=2
iter=  77 step= 249600 ep_ret=-232.790 opt_ret=-232.790 step_rew=-2.3279 opt_step=-2.3279 gap0=232.790 dret=+50.571 eval_ret=n/a pursuer_target_distance=2.355 capture=0.004 score=0.001 pol=-0.0006 val=0.0441 ent=1.3066 tot=+0.0098 agnorm=0.032 cgnorm=0.090 kl=0.0020 clipf=0.009 ev=+0.742 r0=1.0000 entcoef=8.89e-03 lr=6.1e-04 seed=2
iter=  78 step= 252800 ep_ret=-242.219 opt_ret=-242.219 step_rew=-2.4222 opt_step=-2.4222 gap0=242.219 dret=+41.142 eval_ret=n/a pursuer_target_distance=2.412 capture=0.000 score=0.000 pol=-0.0009 val=0.0302 ent=1.2983 tot=+0.0027 agnorm=0.038 cgnorm=0.087 kl=0.0011 clipf=0.001 ev=+0.700 r0=1.0000 entcoef=8.88e-03 lr=6.1e-04 seed=2
iter=  79 step= 256000 ep_ret=-237.526 opt_ret=-237.526 step_rew=-2.3753 opt_step=-2.3753 gap0=237.526 dret=+45.835 eval_ret=n/a pursuer_target_distance=2.387 capture=0.002 score=0.001 pol=-0.0013 val=0.0326 ent=1.2755 tot=+0.0037 agnorm=0.056 cgnorm=0.106 kl=0.0031 clipf=0.032 ev=+0.684 r0=1.0000 entcoef=8.86e-03 lr=6.1e-04 seed=2
iter=  80 step= 259200 ep_ret=-264.341 opt_ret=-264.341 step_rew=-2.6434 opt_step=-2.6434 gap0=264.341 dret=+19.020 eval_ret=-241.253 pursuer_target_distance=2.649 capture=0.002 score=0.000 pol=-0.0012 val=0.0388 ent=1.3059 tot=+0.0067 agnorm=0.059 cgnorm=0.126 kl=0.0026 clipf=0.025 ev=+0.565 r0=1.0000 entcoef=8.85e-03 lr=6.1e-04 seed=2
iter=  81 step= 262400 ep_ret=-244.212 opt_ret=-244.212 step_rew=-2.4421 opt_step=-2.4421 gap0=244.212 dret=+39.149 eval_ret=n/a pursuer_target_distance=2.457 capture=0.003 score=0.001 pol=-0.0008 val=0.0331 ent=1.3002 tot=+0.0043 agnorm=0.035 cgnorm=0.086 kl=0.0016 clipf=0.009 ev=+0.757 r0=1.0000 entcoef=8.83e-03 lr=6.1e-04 seed=2
iter=  82 step= 265600 ep_ret=-216.235 opt_ret=-216.235 step_rew=-2.1623 opt_step=-2.1623 gap0=216.235 dret=+67.126 eval_ret=n/a pursuer_target_distance=2.174 capture=0.002 score=0.001 pol=-0.0011 val=0.0365 ent=1.3122 tot=+0.0056 agnorm=0.051 cgnorm=0.101 kl=0.0016 clipf=0.011 ev=+0.560 r0=1.0000 entcoef=8.82e-03 lr=6.1e-04 seed=2
iter=  83 step= 268800 ep_ret=-225.748 opt_ret=-225.748 step_rew=-2.2575 opt_step=-2.2575 gap0=225.748 dret=+57.613 eval_ret=n/a pursuer_target_distance=2.247 capture=0.000 score=0.000 pol=-0.0009 val=0.0253 ent=1.2975 tot=+0.0004 agnorm=0.043 cgnorm=0.098 kl=0.0023 clipf=0.012 ev=+0.708 r0=1.0000 entcoef=8.80e-03 lr=6.1e-04 seed=2
iter=  84 step= 272000 ep_ret=-272.523 opt_ret=-272.523 step_rew=-2.7252 opt_step=-2.7252 gap0=272.523 dret=+10.838 eval_ret=n/a pursuer_target_distance=2.715 capture=0.000 score=0.000 pol=-0.0008 val=0.0372 ent=1.3677 tot=+0.0058 agnorm=0.052 cgnorm=0.084 kl=0.0019 clipf=0.019 ev=+0.631 r0=1.0000 entcoef=8.79e-03 lr=6.1e-04 seed=2
iter=  85 step= 275200 ep_ret=-260.019 opt_ret=-260.019 step_rew=-2.6002 opt_step=-2.6002 gap0=260.019 dret=+23.342 eval_ret=n/a pursuer_target_distance=2.703 capture=0.011 score=0.003 pol=-0.0007 val=0.0622 ent=1.3796 tot=+0.0183 agnorm=0.027 cgnorm=0.108 kl=0.0008 clipf=0.000 ev=+0.363 r0=1.0000 entcoef=8.77e-03 lr=6.1e-04 seed=2
iter=  86 step= 278400 ep_ret=-297.327 opt_ret=-297.327 step_rew=-2.9733 opt_step=-2.9733 gap0=297.327 dret=-13.967 eval_ret=n/a pursuer_target_distance=2.963 capture=0.000 score=0.000 pol=-0.0015 val=0.0768 ent=1.3849 tot=+0.0248 agnorm=0.052 cgnorm=0.130 kl=0.0014 clipf=0.009 ev=+0.442 r0=1.0000 entcoef=8.76e-03 lr=6.0e-04 seed=2
iter=  87 step= 281600 ep_ret=-228.423 opt_ret=-228.423 step_rew=-2.2842 opt_step=-2.2842 gap0=228.423 dret=+54.938 eval_ret=n/a pursuer_target_distance=2.274 capture=0.000 score=0.000 pol=-0.0005 val=0.0389 ent=1.3701 tot=+0.0069 agnorm=0.029 cgnorm=0.089 kl=0.0010 clipf=0.000 ev=+0.630 r0=1.0000 entcoef=8.75e-03 lr=6.0e-04 seed=2
iter=  88 step= 284800 ep_ret=-248.905 opt_ret=-248.905 step_rew=-2.4891 opt_step=-2.4891 gap0=248.905 dret=+34.455 eval_ret=n/a pursuer_target_distance=2.529 capture=0.005 score=0.001 pol=-0.0010 val=0.0686 ent=1.3648 tot=+0.0214 agnorm=0.047 cgnorm=0.120 kl=0.0019 clipf=0.019 ev=+0.488 r0=1.0000 entcoef=8.73e-03 lr=6.0e-04 seed=2
iter=  89 step= 288000 ep_ret=-225.710 opt_ret=-225.710 step_rew=-2.2571 opt_step=-2.2571 gap0=225.710 dret=+57.651 eval_ret=n/a pursuer_target_distance=2.263 capture=0.002 score=0.000 pol=-0.0006 val=0.0487 ent=1.3940 tot=+0.0116 agnorm=0.033 cgnorm=0.111 kl=0.0006 clipf=0.001 ev=+0.630 r0=1.0000 entcoef=8.72e-03 lr=6.0e-04 seed=2
iter=  90 step= 291200 ep_ret=-220.838 opt_ret=-220.838 step_rew=-2.2084 opt_step=-2.2084 gap0=220.838 dret=+62.522 eval_ret=n/a pursuer_target_distance=2.217 capture=0.002 score=0.001 pol=-0.0006 val=0.0423 ent=1.4145 tot=+0.0082 agnorm=0.046 cgnorm=0.116 kl=0.0015 clipf=0.008 ev=+0.656 r0=1.0000 entcoef=8.70e-03 lr=6.0e-04 seed=2
iter=  91 step= 294400 ep_ret=-250.531 opt_ret=-250.531 step_rew=-2.5053 opt_step=-2.5053 gap0=250.531 dret=+32.829 eval_ret=n/a pursuer_target_distance=2.498 capture=0.000 score=0.000 pol=-0.0010 val=0.0473 ent=1.4242 tot=+0.0103 agnorm=0.045 cgnorm=0.121 kl=0.0015 clipf=0.006 ev=+0.613 r0=1.0000 entcoef=8.69e-03 lr=6.0e-04 seed=2
iter=  92 step= 297600 ep_ret=-208.572 opt_ret=-208.572 step_rew=-2.0857 opt_step=-2.0857 gap0=208.572 dret=+74.789 eval_ret=n/a pursuer_target_distance=2.076 capture=0.000 score=0.000 pol=-0.0015 val=0.0308 ent=1.4010 tot=+0.0017 agnorm=0.062 cgnorm=0.095 kl=0.0027 clipf=0.021 ev=+0.796 r0=1.0000 entcoef=8.67e-03 lr=6.0e-04 seed=2
iter=  93 step= 300800 ep_ret=-221.386 opt_ret=-221.386 step_rew=-2.2139 opt_step=-2.2139 gap0=221.386 dret=+61.974 eval_ret=n/a pursuer_target_distance=2.226 capture=0.002 score=0.001 pol=-0.0014 val=0.0416 ent=1.3810 tot=+0.0075 agnorm=0.067 cgnorm=0.107 kl=0.0047 clipf=0.056 ev=+0.699 r0=1.0000 entcoef=8.66e-03 lr=6.0e-04 seed=2
iter=  94 step= 304000 ep_ret=-235.366 opt_ret=-235.366 step_rew=-2.3537 opt_step=-2.3537 gap0=235.366 dret=+47.994 eval_ret=n/a pursuer_target_distance=2.362 capture=0.002 score=0.001 pol=-0.0007 val=0.0406 ent=1.3761 tot=+0.0077 agnorm=0.036 cgnorm=0.107 kl=0.0013 clipf=0.002 ev=+0.642 r0=1.0000 entcoef=8.64e-03 lr=6.0e-04 seed=2
iter=  95 step= 307200 ep_ret=-224.356 opt_ret=-224.356 step_rew=-2.2436 opt_step=-2.2436 gap0=224.356 dret=+59.005 eval_ret=n/a pursuer_target_distance=2.237 capture=0.000 score=0.000 pol=-0.0008 val=0.0221 ent=1.3533 tot=-0.0014 agnorm=0.032 cgnorm=0.062 kl=0.0015 clipf=0.002 ev=+0.822 r0=1.0000 entcoef=8.63e-03 lr=5.9e-04 seed=2
iter=  96 step= 310400 ep_ret=-198.214 opt_ret=-198.214 step_rew=-1.9821 opt_step=-1.9821 gap0=198.214 dret=+85.146 eval_ret=n/a pursuer_target_distance=1.997 capture=0.003 score=0.001 pol=-0.0008 val=0.0399 ent=1.3758 tot=+0.0073 agnorm=0.038 cgnorm=0.098 kl=0.0007 clipf=0.003 ev=+0.688 r0=1.0000 entcoef=8.62e-03 lr=5.9e-04 seed=2
iter=  97 step= 313600 ep_ret=-223.207 opt_ret=-223.207 step_rew=-2.2321 opt_step=-2.2321 gap0=223.207 dret=+60.154 eval_ret=n/a pursuer_target_distance=2.225 capture=0.000 score=0.000 pol=-0.0006 val=0.0544 ent=1.3695 tot=+0.0148 agnorm=0.026 cgnorm=0.124 kl=0.0011 clipf=0.001 ev=+0.485 r0=1.0000 entcoef=8.60e-03 lr=5.9e-04 seed=2
iter=  98 step= 316800 ep_ret=-204.645 opt_ret=-204.645 step_rew=-2.0465 opt_step=-2.0465 gap0=204.645 dret=+78.716 eval_ret=n/a pursuer_target_distance=2.055 capture=0.002 score=0.001 pol=-0.0010 val=0.0425 ent=1.3782 tot=+0.0084 agnorm=0.041 cgnorm=0.104 kl=0.0011 clipf=0.004 ev=+0.635 r0=1.0000 entcoef=8.59e-03 lr=5.9e-04 seed=2
iter=  99 step= 320000 ep_ret=-246.531 opt_ret=-246.531 step_rew=-2.4653 opt_step=-2.4653 gap0=246.531 dret=+36.830 eval_ret=n/a pursuer_target_distance=2.458 capture=0.000 score=0.000 pol=-0.0014 val=0.0390 ent=1.3861 tot=+0.0061 agnorm=0.060 cgnorm=0.105 kl=0.0024 clipf=0.023 ev=+0.571 r0=1.0000 entcoef=8.57e-03 lr=5.9e-04 seed=2
iter= 100 step= 323200 ep_ret=-227.463 opt_ret=-227.463 step_rew=-2.2746 opt_step=-2.2746 gap0=227.463 dret=+55.897 eval_ret=-175.576 pursuer_target_distance=2.268 capture=0.000 score=0.000 pol=-0.0007 val=0.0312 ent=1.3987 tot=+0.0029 agnorm=0.047 cgnorm=0.080 kl=0.0020 clipf=0.012 ev=+0.792 r0=1.0000 entcoef=8.56e-03 lr=5.9e-04 seed=2
iter= 101 step= 326400 ep_ret=-224.492 opt_ret=-224.492 step_rew=-2.2449 opt_step=-2.2449 gap0=224.492 dret=+58.869 eval_ret=n/a pursuer_target_distance=2.235 capture=0.000 score=0.000 pol=-0.0007 val=0.0469 ent=1.4294 tot=+0.0105 agnorm=0.037 cgnorm=0.103 kl=0.0009 clipf=0.001 ev=+0.532 r0=1.0000 entcoef=8.54e-03 lr=5.9e-04 seed=2
iter= 102 step= 329600 ep_ret=-221.699 opt_ret=-221.699 step_rew=-2.2170 opt_step=-2.2170 gap0=221.699 dret=+61.661 eval_ret=n/a pursuer_target_distance=2.207 capture=0.000 score=0.000 pol=-0.0011 val=0.0459 ent=1.4626 tot=+0.0094 agnorm=0.043 cgnorm=0.096 kl=0.0019 clipf=0.003 ev=+0.573 r0=1.0000 entcoef=8.53e-03 lr=5.9e-04 seed=2
iter= 103 step= 332800 ep_ret=-192.266 opt_ret=-192.266 step_rew=-1.9227 opt_step=-1.9227 gap0=192.266 dret=+91.095 eval_ret=n/a pursuer_target_distance=1.913 capture=0.000 score=0.000 pol=-0.0019 val=0.0436 ent=1.4510 tot=+0.0075 agnorm=0.077 cgnorm=0.094 kl=0.0042 clipf=0.036 ev=+0.514 r0=1.0000 entcoef=8.51e-03 lr=5.9e-04 seed=2
iter= 104 step= 336000 ep_ret=-202.582 opt_ret=-202.582 step_rew=-2.0258 opt_step=-2.0258 gap0=202.582 dret=+80.779 eval_ret=n/a pursuer_target_distance=2.028 capture=0.001 score=0.000 pol=-0.0002 val=0.0478 ent=1.4570 tot=+0.0114 agnorm=0.027 cgnorm=0.095 kl=0.0007 clipf=0.000 ev=+0.410 r0=1.0000 entcoef=8.50e-03 lr=5.9e-04 seed=2
iter= 105 step= 339200 ep_ret=-169.162 opt_ret=-169.162 step_rew=-1.6916 opt_step=-1.6916 gap0=169.162 dret=+114.199 eval_ret=n/a pursuer_target_distance=1.750 capture=0.007 score=0.002 pol=-0.0016 val=0.0634 ent=1.4533 tot=+0.0178 agnorm=0.063 cgnorm=0.101 kl=0.0022 clipf=0.013 ev=+0.488 r0=1.0000 entcoef=8.49e-03 lr=5.8e-04 seed=2
iter= 106 step= 342400 ep_ret=-201.455 opt_ret=-201.455 step_rew=-2.0146 opt_step=-2.0146 gap0=201.455 dret=+81.905 eval_ret=n/a pursuer_target_distance=2.036 capture=0.003 score=0.001 pol=-0.0016 val=0.0370 ent=1.4871 tot=+0.0043 agnorm=0.058 cgnorm=0.062 kl=0.0020 clipf=0.015 ev=+0.609 r0=1.0000 entcoef=8.47e-03 lr=5.8e-04 seed=2
iter= 107 step= 345600 ep_ret=-223.117 opt_ret=-223.117 step_rew=-2.2312 opt_step=-2.2312 gap0=223.117 dret=+60.244 eval_ret=n/a pursuer_target_distance=2.231 capture=0.001 score=0.000 pol=-0.0012 val=0.0314 ent=1.5030 tot=+0.0018 agnorm=0.044 cgnorm=0.065 kl=0.0016 clipf=0.008 ev=+0.631 r0=1.0000 entcoef=8.46e-03 lr=5.8e-04 seed=2
iter= 108 step= 348800 ep_ret=-188.421 opt_ret=-188.421 step_rew=-1.8842 opt_step=-1.8842 gap0=188.421 dret=+94.940 eval_ret=n/a pursuer_target_distance=1.918 capture=0.004 score=0.001 pol=-0.0009 val=0.0488 ent=1.5075 tot=+0.0108 agnorm=0.040 cgnorm=0.076 kl=0.0011 clipf=0.000 ev=+0.544 r0=1.0000 entcoef=8.44e-03 lr=5.8e-04 seed=2
iter= 109 step= 352000 ep_ret=-215.382 opt_ret=-215.382 step_rew=-2.1538 opt_step=-2.1538 gap0=215.382 dret=+67.979 eval_ret=n/a pursuer_target_distance=2.222 capture=0.008 score=0.002 pol=-0.0008 val=0.0580 ent=1.5146 tot=+0.0155 agnorm=0.033 cgnorm=0.097 kl=0.0012 clipf=0.001 ev=+0.469 r0=1.0000 entcoef=8.43e-03 lr=5.8e-04 seed=2
iter= 110 step= 355200 ep_ret=-216.951 opt_ret=-216.951 step_rew=-2.1695 opt_step=-2.1695 gap0=216.951 dret=+66.409 eval_ret=n/a pursuer_target_distance=2.160 capture=0.000 score=0.000 pol=-0.0014 val=0.0468 ent=1.5136 tot=+0.0093 agnorm=0.060 cgnorm=0.071 kl=0.0017 clipf=0.009 ev=+0.366 r0=1.0000 entcoef=8.41e-03 lr=5.8e-04 seed=2
iter= 111 step= 358400 ep_ret=-212.237 opt_ret=-212.237 step_rew=-2.1224 opt_step=-2.1224 gap0=212.237 dret=+71.124 eval_ret=n/a pursuer_target_distance=2.112 capture=0.000 score=0.000 pol=-0.0011 val=0.0367 ent=1.5130 tot=+0.0045 agnorm=0.053 cgnorm=0.100 kl=0.0027 clipf=0.013 ev=+0.505 r0=1.0000 entcoef=8.40e-03 lr=5.8e-04 seed=2
iter= 112 step= 361600 ep_ret=-204.388 opt_ret=-204.388 step_rew=-2.0439 opt_step=-2.0439 gap0=204.388 dret=+78.973 eval_ret=n/a pursuer_target_distance=2.137 capture=0.010 score=0.003 pol=-0.0009 val=0.0947 ent=1.5149 tot=+0.0337 agnorm=0.045 cgnorm=0.122 kl=0.0009 clipf=0.003 ev=+0.370 r0=1.0000 entcoef=8.38e-03 lr=5.8e-04 seed=2
iter= 113 step= 364800 ep_ret=-253.020 opt_ret=-253.020 step_rew=-2.5302 opt_step=-2.5302 gap0=253.020 dret=+30.341 eval_ret=n/a pursuer_target_distance=2.523 capture=0.000 score=0.000 pol=-0.0012 val=0.0485 ent=1.5275 tot=+0.0103 agnorm=0.049 cgnorm=0.092 kl=0.0016 clipf=0.015 ev=+0.450 r0=1.0000 entcoef=8.37e-03 lr=5.8e-04 seed=2
iter= 114 step= 368000 ep_ret=-195.636 opt_ret=-195.636 step_rew=-1.9564 opt_step=-1.9564 gap0=195.636 dret=+87.725 eval_ret=n/a pursuer_target_distance=1.946 capture=0.000 score=0.000 pol=-0.0010 val=0.0307 ent=1.5346 tot=+0.0015 agnorm=0.042 cgnorm=0.081 kl=0.0013 clipf=0.002 ev=+0.519 r0=1.0000 entcoef=8.36e-03 lr=5.7e-04 seed=2
iter= 115 step= 371200 ep_ret=-231.133 opt_ret=-231.133 step_rew=-2.3113 opt_step=-2.3113 gap0=231.133 dret=+52.228 eval_ret=n/a pursuer_target_distance=2.361 capture=0.006 score=0.002 pol=-0.0011 val=0.0574 ent=1.5332 tot=+0.0149 agnorm=0.051 cgnorm=0.107 kl=0.0012 clipf=0.001 ev=+0.421 r0=1.0000 entcoef=8.34e-03 lr=5.7e-04 seed=2
iter= 116 step= 374400 ep_ret=-245.744 opt_ret=-245.744 step_rew=-2.4574 opt_step=-2.4574 gap0=245.744 dret=+37.617 eval_ret=n/a pursuer_target_distance=2.451 capture=0.000 score=0.000 pol=-0.0010 val=0.0793 ent=1.5373 tot=+0.0258 agnorm=0.046 cgnorm=0.130 kl=0.0023 clipf=0.014 ev=-0.016 r0=1.0000 entcoef=8.33e-03 lr=5.7e-04 seed=2
iter= 117 step= 377600 ep_ret=-236.235 opt_ret=-236.235 step_rew=-2.3624 opt_step=-2.3624 gap0=236.235 dret=+47.126 eval_ret=n/a pursuer_target_distance=2.352 capture=0.000 score=0.000 pol=-0.0005 val=0.0515 ent=1.5279 tot=+0.0125 agnorm=0.035 cgnorm=0.089 kl=0.0005 clipf=0.000 ev=+0.314 r0=1.0000 entcoef=8.31e-03 lr=5.7e-04 seed=2
iter= 118 step= 380800 ep_ret=-272.594 opt_ret=-272.594 step_rew=-2.7259 opt_step=-2.7259 gap0=272.594 dret=+10.767 eval_ret=n/a pursuer_target_distance=2.728 capture=0.001 score=0.000 pol=-0.0010 val=0.1020 ent=1.5181 tot=+0.0374 agnorm=0.034 cgnorm=0.100 kl=0.0012 clipf=0.002 ev=+0.137 r0=1.0000 entcoef=8.30e-03 lr=5.7e-04 seed=2
iter= 119 step= 384000 ep_ret=-198.073 opt_ret=-198.073 step_rew=-1.9807 opt_step=-1.9807 gap0=198.073 dret=+85.288 eval_ret=n/a pursuer_target_distance=2.052 capture=0.008 score=0.003 pol=-0.0008 val=0.0604 ent=1.5131 tot=+0.0168 agnorm=0.038 cgnorm=0.113 kl=0.0019 clipf=0.009 ev=+0.303 r0=1.0000 entcoef=8.28e-03 lr=5.7e-04 seed=2
iter= 120 step= 387200 ep_ret=-218.897 opt_ret=-218.897 step_rew=-2.1890 opt_step=-2.1890 gap0=218.897 dret=+64.464 eval_ret=-95.429 pursuer_target_distance=2.179 capture=0.000 score=0.000 pol=-0.0010 val=0.0475 ent=1.5306 tot=+0.0100 agnorm=0.057 cgnorm=0.076 kl=0.0020 clipf=0.022 ev=+0.461 r0=1.0000 entcoef=8.27e-03 lr=5.7e-04 seed=2
iter= 121 step= 390400 ep_ret=-209.637 opt_ret=-209.637 step_rew=-2.0964 opt_step=-2.0964 gap0=209.637 dret=+73.724 eval_ret=n/a pursuer_target_distance=2.108 capture=0.002 score=0.001 pol=-0.0007 val=0.0568 ent=1.5359 tot=+0.0150 agnorm=0.026 cgnorm=0.089 kl=0.0009 clipf=0.001 ev=+0.362 r0=1.0000 entcoef=8.25e-03 lr=5.7e-04 seed=2
iter= 122 step= 393600 ep_ret=-220.818 opt_ret=-220.818 step_rew=-2.2082 opt_step=-2.2082 gap0=220.818 dret=+62.543 eval_ret=n/a pursuer_target_distance=2.220 capture=0.002 score=0.001 pol=-0.0011 val=0.0555 ent=1.5374 tot=+0.0140 agnorm=0.035 cgnorm=0.092 kl=0.0010 clipf=0.001 ev=+0.527 r0=1.0000 entcoef=8.24e-03 lr=5.7e-04 seed=2
iter= 123 step= 396800 ep_ret=-233.198 opt_ret=-233.198 step_rew=-2.3320 opt_step=-2.3320 gap0=233.198 dret=+50.163 eval_ret=n/a pursuer_target_distance=2.328 capture=0.001 score=0.000 pol=-0.0012 val=0.0512 ent=1.5289 tot=+0.0118 agnorm=0.054 cgnorm=0.075 kl=0.0019 clipf=0.011 ev=+0.493 r0=1.0000 entcoef=8.23e-03 lr=5.6e-04 seed=2
iter= 124 step= 400000 ep_ret=-258.173 opt_ret=-258.173 step_rew=-2.5817 opt_step=-2.5817 gap0=258.173 dret=+25.187 eval_ret=n/a pursuer_target_distance=2.575 capture=0.000 score=0.000 pol=-0.0006 val=0.0603 ent=1.5284 tot=+0.0170 agnorm=0.035 cgnorm=0.119 kl=0.0009 clipf=0.000 ev=+0.493 r0=1.0000 entcoef=8.21e-03 lr=5.6e-04 seed=2
iter= 125 step= 403200 ep_ret=-244.895 opt_ret=-244.895 step_rew=-2.4490 opt_step=-2.4490 gap0=244.895 dret=+38.466 eval_ret=n/a pursuer_target_distance=2.548 capture=0.011 score=0.003 pol=-0.0007 val=0.1001 ent=1.5270 tot=+0.0368 agnorm=0.035 cgnorm=0.134 kl=0.0016 clipf=0.010 ev=+0.408 r0=1.0000 entcoef=8.20e-03 lr=5.6e-04 seed=2
iter= 126 step= 406400 ep_ret=-234.121 opt_ret=-234.121 step_rew=-2.3412 opt_step=-2.3412 gap0=234.121 dret=+49.240 eval_ret=n/a pursuer_target_distance=2.372 capture=0.004 score=0.001 pol=-0.0007 val=0.0560 ent=1.5296 tot=+0.0148 agnorm=0.034 cgnorm=0.097 kl=0.0006 clipf=0.000 ev=+0.578 r0=1.0000 entcoef=8.18e-03 lr=5.6e-04 seed=2
iter= 127 step= 409600 ep_ret=-252.594 opt_ret=-252.594 step_rew=-2.5259 opt_step=-2.5259 gap0=252.594 dret=+30.767 eval_ret=n/a pursuer_target_distance=2.585 capture=0.007 score=0.002 pol=-0.0004 val=0.0774 ent=1.5311 tot=+0.0257 agnorm=0.029 cgnorm=0.124 kl=0.0006 clipf=0.000 ev=+0.393 r0=1.0000 entcoef=8.17e-03 lr=5.6e-04 seed=2
iter= 128 step= 412800 ep_ret=-219.928 opt_ret=-219.928 step_rew=-2.1993 opt_step=-2.1993 gap0=219.928 dret=+63.433 eval_ret=n/a pursuer_target_distance=2.208 capture=0.002 score=0.001 pol=-0.0006 val=0.0359 ent=1.5292 tot=+0.0049 agnorm=0.036 cgnorm=0.086 kl=0.0006 clipf=0.000 ev=+0.529 r0=1.0000 entcoef=8.15e-03 lr=5.6e-04 seed=2
iter= 129 step= 416000 ep_ret=-181.889 opt_ret=-181.889 step_rew=-1.8189 opt_step=-1.8189 gap0=181.889 dret=+101.471 eval_ret=n/a pursuer_target_distance=1.950 capture=0.014 score=0.005 pol=-0.0003 val=0.0976 ent=1.5163 tot=+0.0362 agnorm=0.028 cgnorm=0.120 kl=0.0006 clipf=0.000 ev=+0.351 r0=1.0000 entcoef=8.14e-03 lr=5.6e-04 seed=2
iter= 130 step= 419200 ep_ret=-242.822 opt_ret=-242.822 step_rew=-2.4282 opt_step=-2.4282 gap0=242.822 dret=+40.538 eval_ret=n/a pursuer_target_distance=2.418 capture=0.000 score=0.000 pol=-0.0015 val=0.0422 ent=1.5113 tot=+0.0073 agnorm=0.068 cgnorm=0.093 kl=0.0028 clipf=0.034 ev=+0.538 r0=1.0000 entcoef=8.13e-03 lr=5.6e-04 seed=2
iter= 131 step= 422400 ep_ret=-221.973 opt_ret=-221.973 step_rew=-2.2197 opt_step=-2.2197 gap0=221.973 dret=+61.388 eval_ret=n/a pursuer_target_distance=2.225 capture=0.002 score=0.000 pol=-0.0008 val=0.0602 ent=1.5290 tot=+0.0169 agnorm=0.032 cgnorm=0.102 kl=0.0018 clipf=0.008 ev=+0.340 r0=1.0000 entcoef=8.11e-03 lr=5.6e-04 seed=2
iter= 132 step= 425600 ep_ret=-230.422 opt_ret=-230.422 step_rew=-2.3042 opt_step=-2.3042 gap0=230.422 dret=+52.938 eval_ret=n/a pursuer_target_distance=2.304 capture=0.001 score=0.000 pol=-0.0012 val=0.0550 ent=1.5245 tot=+0.0140 agnorm=0.049 cgnorm=0.099 kl=0.0011 clipf=0.001 ev=+0.448 r0=1.0000 entcoef=8.10e-03 lr=5.5e-04 seed=2
iter= 133 step= 428800 ep_ret=-223.247 opt_ret=-223.247 step_rew=-2.2325 opt_step=-2.2325 gap0=223.247 dret=+60.113 eval_ret=n/a pursuer_target_distance=2.222 capture=0.000 score=0.000 pol=-0.0008 val=0.0343 ent=1.5040 tot=+0.0042 agnorm=0.053 cgnorm=0.073 kl=0.0020 clipf=0.014 ev=+0.495 r0=1.0000 entcoef=8.08e-03 lr=5.5e-04 seed=2
iter= 134 step= 432000 ep_ret=-236.923 opt_ret=-236.923 step_rew=-2.3692 opt_step=-2.3692 gap0=236.923 dret=+46.438 eval_ret=n/a pursuer_target_distance=2.359 capture=0.000 score=0.000 pol=-0.0009 val=0.0606 ent=1.4927 tot=+0.0174 agnorm=0.037 cgnorm=0.084 kl=0.0010 clipf=0.003 ev=+0.558 r0=1.0000 entcoef=8.07e-03 lr=5.5e-04 seed=2
iter= 135 step= 435200 ep_ret=-224.606 opt_ret=-224.606 step_rew=-2.2461 opt_step=-2.2461 gap0=224.606 dret=+58.754 eval_ret=n/a pursuer_target_distance=2.239 capture=0.000 score=0.000 pol=-0.0009 val=0.0622 ent=1.4911 tot=+0.0182 agnorm=0.050 cgnorm=0.105 kl=0.0014 clipf=0.005 ev=+0.395 r0=1.0000 entcoef=8.05e-03 lr=5.5e-04 seed=2
iter= 136 step= 438400 ep_ret=-217.814 opt_ret=-217.814 step_rew=-2.1781 opt_step=-2.1781 gap0=217.814 dret=+65.547 eval_ret=n/a pursuer_target_distance=2.212 capture=0.004 score=0.001 pol=-0.0009 val=0.0811 ent=1.4806 tot=+0.0277 agnorm=0.045 cgnorm=0.122 kl=0.0011 clipf=0.002 ev=+0.351 r0=1.0000 entcoef=8.04e-03 lr=5.5e-04 seed=2
iter= 137 step= 441600 ep_ret=-166.006 opt_ret=-166.006 step_rew=-1.6601 opt_step=-1.6601 gap0=166.006 dret=+117.354 eval_ret=n/a pursuer_target_distance=1.719 capture=0.007 score=0.003 pol=-0.0012 val=0.0623 ent=1.5052 tot=+0.0179 agnorm=0.047 cgnorm=0.099 kl=0.0015 clipf=0.006 ev=+0.410 r0=1.0000 entcoef=8.02e-03 lr=5.5e-04 seed=2
iter= 138 step= 444800 ep_ret=-182.044 opt_ret=-182.044 step_rew=-1.8204 opt_step=-1.8204 gap0=182.044 dret=+101.317 eval_ret=n/a pursuer_target_distance=1.835 capture=0.003 score=0.001 pol=-0.0009 val=0.0436 ent=1.5105 tot=+0.0088 agnorm=0.046 cgnorm=0.080 kl=0.0014 clipf=0.008 ev=+0.579 r0=1.0000 entcoef=8.01e-03 lr=5.5e-04 seed=2
iter= 139 step= 448000 ep_ret=-264.978 opt_ret=-264.978 step_rew=-2.6498 opt_step=-2.6498 gap0=264.978 dret=+18.383 eval_ret=n/a pursuer_target_distance=2.640 capture=0.000 score=0.000 pol=-0.0008 val=0.0508 ent=1.4938 tot=+0.0127 agnorm=0.044 cgnorm=0.097 kl=0.0007 clipf=0.001 ev=+0.453 r0=1.0000 entcoef=8.00e-03 lr=5.5e-04 seed=2
iter= 140 step= 451200 ep_ret=-184.768 opt_ret=-184.768 step_rew=-1.8477 opt_step=-1.8477 gap0=184.768 dret=+98.593 eval_ret=-65.321 pursuer_target_distance=1.869 capture=0.003 score=0.001 pol=-0.0007 val=0.0535 ent=1.5039 tot=+0.0141 agnorm=0.032 cgnorm=0.096 kl=0.0011 clipf=0.001 ev=+0.584 r0=1.0000 entcoef=7.98e-03 lr=5.5e-04 seed=2
iter= 141 step= 454400 ep_ret=-205.178 opt_ret=-205.178 step_rew=-2.0518 opt_step=-2.0518 gap0=205.178 dret=+78.183 eval_ret=n/a pursuer_target_distance=2.061 capture=0.002 score=0.001 pol=-0.0009 val=0.0494 ent=1.4947 tot=+0.0119 agnorm=0.039 cgnorm=0.099 kl=0.0013 clipf=0.002 ev=+0.565 r0=1.0000 entcoef=7.97e-03 lr=5.4e-04 seed=2
iter= 142 step= 457600 ep_ret=-194.176 opt_ret=-194.176 step_rew=-1.9418 opt_step=-1.9418 gap0=194.176 dret=+89.185 eval_ret=n/a pursuer_target_distance=1.947 capture=0.002 score=0.001 pol=-0.0012 val=0.0568 ent=1.4993 tot=+0.0152 agnorm=0.057 cgnorm=0.090 kl=0.0023 clipf=0.020 ev=+0.374 r0=1.0000 entcoef=7.95e-03 lr=5.4e-04 seed=2
iter= 143 step= 460800 ep_ret=-172.292 opt_ret=-172.292 step_rew=-1.7229 opt_step=-1.7229 gap0=172.292 dret=+111.069 eval_ret=n/a pursuer_target_distance=1.782 capture=0.007 score=0.002 pol=-0.0010 val=0.0737 ent=1.5077 tot=+0.0239 agnorm=0.033 cgnorm=0.134 kl=0.0013 clipf=0.000 ev=+0.508 r0=1.0000 entcoef=7.94e-03 lr=5.4e-04 seed=2
iter= 144 step= 464000 ep_ret=-203.410 opt_ret=-203.410 step_rew=-2.0341 opt_step=-2.0341 gap0=203.410 dret=+79.951 eval_ret=n/a pursuer_target_distance=2.099 capture=0.007 score=0.002 pol=-0.0007 val=0.0817 ent=1.4895 tot=+0.0284 agnorm=0.040 cgnorm=0.119 kl=0.0007 clipf=0.000 ev=+0.302 r0=1.0000 entcoef=7.92e-03 lr=5.4e-04 seed=2
iter= 145 step= 467200 ep_ret=-200.975 opt_ret=-200.975 step_rew=-2.0098 opt_step=-2.0098 gap0=200.975 dret=+82.385 eval_ret=n/a pursuer_target_distance=2.022 capture=0.002 score=0.001 pol=-0.0010 val=0.0426 ent=1.4812 tot=+0.0086 agnorm=0.034 cgnorm=0.077 kl=0.0014 clipf=0.001 ev=+0.488 r0=1.0000 entcoef=7.91e-03 lr=5.4e-04 seed=2
iter= 146 step= 470400 ep_ret=-241.718 opt_ret=-241.718 step_rew=-2.4172 opt_step=-2.4172 gap0=241.718 dret=+41.643 eval_ret=n/a pursuer_target_distance=2.407 capture=0.000 score=0.000 pol=-0.0010 val=0.0501 ent=1.4638 tot=+0.0125 agnorm=0.037 cgnorm=0.085 kl=0.0016 clipf=0.002 ev=+0.608 r0=1.0000 entcoef=7.89e-03 lr=5.4e-04 seed=2
iter= 147 step= 473600 ep_ret=-187.622 opt_ret=-187.622 step_rew=-1.8762 opt_step=-1.8762 gap0=187.622 dret=+95.738 eval_ret=n/a pursuer_target_distance=1.954 capture=0.009 score=0.003 pol=-0.0004 val=0.0874 ent=1.4598 tot=+0.0318 agnorm=0.026 cgnorm=0.112 kl=0.0007 clipf=0.000 ev=+0.461 r0=1.0000 entcoef=7.88e-03 lr=5.4e-04 seed=2
iter= 148 step= 476800 ep_ret=-165.427 opt_ret=-165.427 step_rew=-1.6543 opt_step=-1.6543 gap0=165.427 dret=+117.934 eval_ret=n/a pursuer_target_distance=1.651 capture=0.001 score=0.000 pol=-0.0006 val=0.0388 ent=1.4584 tot=+0.0073 agnorm=0.042 cgnorm=0.118 kl=0.0005 clipf=0.000 ev=+0.565 r0=1.0000 entcoef=7.87e-03 lr=5.4e-04 seed=2
iter= 149 step= 480000 ep_ret=-226.009 opt_ret=-226.009 step_rew=-2.2601 opt_step=-2.2601 gap0=226.009 dret=+57.352 eval_ret=n/a pursuer_target_distance=2.284 capture=0.003 score=0.001 pol=-0.0008 val=0.0594 ent=1.4493 tot=+0.0175 agnorm=0.044 cgnorm=0.118 kl=0.0012 clipf=0.001 ev=+0.548 r0=1.0000 entcoef=7.85e-03 lr=5.4e-04 seed=2
iter= 150 step= 483200 ep_ret=-210.882 opt_ret=-210.882 step_rew=-2.1088 opt_step=-2.1088 gap0=210.882 dret=+72.479 eval_ret=n/a pursuer_target_distance=2.139 capture=0.004 score=0.001 pol=-0.0008 val=0.0761 ent=1.4612 tot=+0.0258 agnorm=0.037 cgnorm=0.120 kl=0.0012 clipf=0.007 ev=+0.585 r0=1.0000 entcoef=7.84e-03 lr=5.3e-04 seed=2
iter= 151 step= 486400 ep_ret=-191.392 opt_ret=-191.392 step_rew=-1.9139 opt_step=-1.9139 gap0=191.392 dret=+91.968 eval_ret=n/a pursuer_target_distance=1.904 capture=0.000 score=0.000 pol=-0.0008 val=0.0527 ent=1.4604 tot=+0.0142 agnorm=0.039 cgnorm=0.110 kl=0.0012 clipf=0.002 ev=+0.528 r0=1.0000 entcoef=7.82e-03 lr=5.3e-04 seed=2
iter= 152 step= 489600 ep_ret=-198.911 opt_ret=-198.911 step_rew=-1.9891 opt_step=-1.9891 gap0=198.911 dret=+84.449 eval_ret=n/a pursuer_target_distance=1.995 capture=0.002 score=0.001 pol=-0.0009 val=0.0374 ent=1.4423 tot=+0.0066 agnorm=0.039 cgnorm=0.087 kl=0.0014 clipf=0.006 ev=+0.718 r0=1.0000 entcoef=7.81e-03 lr=5.3e-04 seed=2
iter= 153 step= 492800 ep_ret=-173.418 opt_ret=-173.418 step_rew=-1.7342 opt_step=-1.7342 gap0=173.418 dret=+109.943 eval_ret=n/a pursuer_target_distance=1.730 capture=0.001 score=0.000 pol=-0.0010 val=0.0311 ent=1.4189 tot=+0.0035 agnorm=0.039 cgnorm=0.079 kl=0.0015 clipf=0.006 ev=+0.791 r0=1.0000 entcoef=7.79e-03 lr=5.3e-04 seed=2
iter= 154 step= 496000 ep_ret=-229.703 opt_ret=-229.703 step_rew=-2.2970 opt_step=-2.2970 gap0=229.703 dret=+53.658 eval_ret=n/a pursuer_target_distance=2.300 capture=0.001 score=0.000 pol=-0.0012 val=0.0416 ent=1.4292 tot=+0.0085 agnorm=0.055 cgnorm=0.112 kl=0.0013 clipf=0.010 ev=+0.657 r0=1.0000 entcoef=7.78e-03 lr=5.3e-04 seed=2
iter= 155 step= 499200 ep_ret=-163.856 opt_ret=-163.856 step_rew=-1.6386 opt_step=-1.6386 gap0=163.856 dret=+119.505 eval_ret=n/a pursuer_target_distance=1.635 capture=0.001 score=0.000 pol=-0.0005 val=0.0318 ent=1.4394 tot=+0.0042 agnorm=0.036 cgnorm=0.104 kl=0.0010 clipf=0.003 ev=+0.729 r0=1.0000 entcoef=7.76e-03 lr=5.3e-04 seed=2
iter= 156 step= 502400 ep_ret=-199.788 opt_ret=-199.788 step_rew=-1.9979 opt_step=-1.9979 gap0=199.788 dret=+83.573 eval_ret=n/a pursuer_target_distance=2.019 capture=0.003 score=0.001 pol=-0.0005 val=0.0596 ent=1.4452 tot=+0.0180 agnorm=0.030 cgnorm=0.096 kl=0.0009 clipf=0.000 ev=+0.619 r0=1.0000 entcoef=7.75e-03 lr=5.3e-04 seed=2
iter= 157 step= 505600 ep_ret=-196.099 opt_ret=-196.099 step_rew=-1.9610 opt_step=-1.9610 gap0=196.099 dret=+87.262 eval_ret=n/a pursuer_target_distance=1.954 capture=0.000 score=0.000 pol=-0.0004 val=0.0399 ent=1.4631 tot=+0.0082 agnorm=0.035 cgnorm=0.096 kl=0.0012 clipf=0.000 ev=+0.669 r0=1.0000 entcoef=7.74e-03 lr=5.3e-04 seed=2
iter= 158 step= 508800 ep_ret=-222.070 opt_ret=-222.070 step_rew=-2.2207 opt_step=-2.2207 gap0=222.070 dret=+61.291 eval_ret=n/a pursuer_target_distance=2.211 capture=0.000 score=0.000 pol=-0.0015 val=0.0835 ent=1.4711 tot=+0.0289 agnorm=0.086 cgnorm=0.143 kl=0.0027 clipf=0.030 ev=+0.442 r0=1.0000 entcoef=7.72e-03 lr=5.3e-04 seed=2
iter= 159 step= 512000 ep_ret=-173.988 opt_ret=-173.988 step_rew=-1.7399 opt_step=-1.7399 gap0=173.988 dret=+109.373 eval_ret=n/a pursuer_target_distance=1.842 capture=0.011 score=0.004 pol=-0.0008 val=0.0719 ent=1.4798 tot=+0.0237 agnorm=0.034 cgnorm=0.124 kl=0.0015 clipf=0.002 ev=+0.530 r0=1.0000 entcoef=7.71e-03 lr=5.2e-04 seed=2
iter= 160 step= 515200 ep_ret=-222.587 opt_ret=-222.587 step_rew=-2.2259 opt_step=-2.2259 gap0=222.587 dret=+60.773 eval_ret=-69.608 pursuer_target_distance=2.241 capture=0.003 score=0.001 pol=-0.0013 val=0.0545 ent=1.4532 tot=+0.0148 agnorm=0.047 cgnorm=0.114 kl=0.0014 clipf=0.002 ev=+0.686 r0=1.0000 entcoef=7.69e-03 lr=5.2e-04 seed=2
iter= 161 step= 518400 ep_ret=-163.972 opt_ret=-163.972 step_rew=-1.6397 opt_step=-1.6397 gap0=163.972 dret=+119.389 eval_ret=n/a pursuer_target_distance=1.667 capture=0.004 score=0.001 pol=-0.0012 val=0.0377 ent=1.4253 tot=+0.0067 agnorm=0.059 cgnorm=0.105 kl=0.0025 clipf=0.018 ev=+0.649 r0=1.0000 entcoef=7.68e-03 lr=5.2e-04 seed=2
iter= 162 step= 521600 ep_ret=-193.999 opt_ret=-193.999 step_rew=-1.9400 opt_step=-1.9400 gap0=193.999 dret=+89.362 eval_ret=n/a pursuer_target_distance=1.971 capture=0.004 score=0.001 pol=-0.0011 val=0.0407 ent=1.4138 tot=+0.0084 agnorm=0.039 cgnorm=0.102 kl=0.0011 clipf=0.004 ev=+0.742 r0=1.0000 entcoef=7.66e-03 lr=5.2e-04 seed=2
iter= 163 step= 524800 ep_ret=-202.918 opt_ret=-202.918 step_rew=-2.0292 opt_step=-2.0292 gap0=202.918 dret=+80.442 eval_ret=n/a pursuer_target_distance=2.019 capture=0.000 score=0.000 pol=-0.0011 val=0.0378 ent=1.4312 tot=+0.0068 agnorm=0.056 cgnorm=0.081 kl=0.0017 clipf=0.013 ev=+0.681 r0=1.0000 entcoef=7.65e-03 lr=5.2e-04 seed=2
iter= 164 step= 528000 ep_ret=-210.008 opt_ret=-210.008 step_rew=-2.1001 opt_step=-2.1001 gap0=210.008 dret=+73.352 eval_ret=n/a pursuer_target_distance=2.140 capture=0.005 score=0.002 pol=-0.0011 val=0.0553 ent=1.4316 tot=+0.0157 agnorm=0.044 cgnorm=0.108 kl=0.0014 clipf=0.002 ev=+0.595 r0=1.0000 entcoef=7.63e-03 lr=5.2e-04 seed=2
iter= 165 step= 531200 ep_ret=-188.662 opt_ret=-188.662 step_rew=-1.8866 opt_step=-1.8866 gap0=188.662 dret=+94.699 eval_ret=n/a pursuer_target_distance=1.927 capture=0.005 score=0.002 pol=-0.0007 val=0.0717 ent=1.4236 tot=+0.0243 agnorm=0.041 cgnorm=0.152 kl=0.0014 clipf=0.002 ev=+0.539 r0=1.0000 entcoef=7.62e-03 lr=5.2e-04 seed=2
iter= 166 step= 534400 ep_ret=-154.795 opt_ret=-154.795 step_rew=-1.5479 opt_step=-1.5479 gap0=154.795 dret=+128.566 eval_ret=n/a pursuer_target_distance=1.547 capture=0.001 score=0.000 pol=-0.0011 val=0.0274 ent=1.4569 tot=+0.0015 agnorm=0.054 cgnorm=0.090 kl=0.0021 clipf=0.011 ev=+0.784 r0=1.0000 entcoef=7.61e-03 lr=5.2e-04 seed=2
iter= 167 step= 537600 ep_ret=-178.521 opt_ret=-178.521 step_rew=-1.7852 opt_step=-1.7852 gap0=178.521 dret=+104.840 eval_ret=n/a pursuer_target_distance=1.785 capture=0.001 score=0.000 pol=-0.0007 val=0.0417 ent=1.4532 tot=+0.0091 agnorm=0.037 cgnorm=0.098 kl=0.0010 clipf=0.002 ev=+0.652 r0=1.0000 entcoef=7.59e-03 lr=5.2e-04 seed=2
iter= 168 step= 540800 ep_ret=-190.585 opt_ret=-190.585 step_rew=-1.9058 opt_step=-1.9058 gap0=190.585 dret=+92.776 eval_ret=n/a pursuer_target_distance=1.952 capture=0.006 score=0.002 pol=-0.0017 val=0.0624 ent=1.4508 tot=+0.0185 agnorm=0.074 cgnorm=0.140 kl=0.0025 clipf=0.026 ev=+0.552 r0=1.0000 entcoef=7.58e-03 lr=5.1e-04 seed=2
iter= 169 step= 544000 ep_ret=-213.275 opt_ret=-213.275 step_rew=-2.1327 opt_step=-2.1327 gap0=213.275 dret=+70.086 eval_ret=n/a pursuer_target_distance=2.170 capture=0.005 score=0.001 pol=-0.0010 val=0.0694 ent=1.4416 tot=+0.0228 agnorm=0.043 cgnorm=0.120 kl=0.0022 clipf=0.008 ev=+0.643 r0=1.0000 entcoef=7.56e-03 lr=5.1e-04 seed=2
iter= 170 step= 547200 ep_ret=-206.462 opt_ret=-206.462 step_rew=-2.0646 opt_step=-2.0646 gap0=206.462 dret=+76.899 eval_ret=n/a pursuer_target_distance=2.108 capture=0.005 score=0.002 pol=-0.0007 val=0.0615 ent=1.4410 tot=+0.0191 agnorm=0.050 cgnorm=0.129 kl=0.0006 clipf=0.001 ev=+0.610 r0=1.0000 entcoef=7.55e-03 lr=5.1e-04 seed=2
iter= 171 step= 550400 ep_ret=-169.389 opt_ret=-169.389 step_rew=-1.6939 opt_step=-1.6939 gap0=169.389 dret=+113.972 eval_ret=n/a pursuer_target_distance=1.768 capture=0.008 score=0.003 pol=-0.0012 val=0.0643 ent=1.4525 tot=+0.0200 agnorm=0.051 cgnorm=0.137 kl=0.0020 clipf=0.016 ev=+0.668 r0=1.0000 entcoef=7.53e-03 lr=5.1e-04 seed=2
iter= 172 step= 553600 ep_ret=-138.173 opt_ret=-138.173 step_rew=-1.3817 opt_step=-1.3817 gap0=138.173 dret=+145.187 eval_ret=n/a pursuer_target_distance=1.459 capture=0.009 score=0.004 pol=-0.0007 val=0.0318 ent=1.4347 tot=+0.0044 agnorm=0.028 cgnorm=0.118 kl=0.0010 clipf=0.000 ev=+0.817 r0=1.0000 entcoef=7.52e-03 lr=5.1e-04 seed=2
iter= 173 step= 556800 ep_ret=-179.311 opt_ret=-179.311 step_rew=-1.7931 opt_step=-1.7931 gap0=179.311 dret=+104.049 eval_ret=n/a pursuer_target_distance=1.849 capture=0.007 score=0.002 pol=-0.0009 val=0.0562 ent=1.4256 tot=+0.0165 agnorm=0.039 cgnorm=0.124 kl=0.0008 clipf=0.001 ev=+0.685 r0=1.0000 entcoef=7.50e-03 lr=5.1e-04 seed=2
iter= 174 step= 560000 ep_ret=-179.161 opt_ret=-179.161 step_rew=-1.7916 opt_step=-1.7916 gap0=179.161 dret=+104.200 eval_ret=n/a pursuer_target_distance=1.813 capture=0.003 score=0.001 pol=-0.0010 val=0.0411 ent=1.4102 tot=+0.0090 agnorm=0.042 cgnorm=0.084 kl=0.0014 clipf=0.007 ev=+0.820 r0=1.0000 entcoef=7.49e-03 lr=5.1e-04 seed=2
iter= 175 step= 563200 ep_ret=-212.717 opt_ret=-212.717 step_rew=-2.1272 opt_step=-2.1272 gap0=212.717 dret=+70.644 eval_ret=n/a pursuer_target_distance=2.130 capture=0.001 score=0.000 pol=-0.0014 val=0.0468 ent=1.4001 tot=+0.0116 agnorm=0.049 cgnorm=0.140 kl=0.0021 clipf=0.015 ev=+0.794 r0=1.0000 entcoef=7.48e-03 lr=5.1e-04 seed=2
iter= 176 step= 566400 ep_ret=-153.450 opt_ret=-153.450 step_rew=-1.5345 opt_step=-1.5345 gap0=153.450 dret=+129.911 eval_ret=n/a pursuer_target_distance=1.543 capture=0.002 score=0.001 pol=-0.0011 val=0.0346 ent=1.4116 tot=+0.0057 agnorm=0.050 cgnorm=0.116 kl=0.0010 clipf=0.003 ev=+0.693 r0=1.0000 entcoef=7.46e-03 lr=5.1e-04 seed=2
iter= 177 step= 569600 ep_ret=-172.494 opt_ret=-172.494 step_rew=-1.7249 opt_step=-1.7249 gap0=172.494 dret=+110.867 eval_ret=n/a pursuer_target_distance=1.740 capture=0.003 score=0.001 pol=-0.0007 val=0.0290 ent=1.3931 tot=+0.0034 agnorm=0.039 cgnorm=0.090 kl=0.0014 clipf=0.004 ev=+0.853 r0=1.0000 entcoef=7.45e-03 lr=5.0e-04 seed=2
iter= 178 step= 572800 ep_ret=-203.550 opt_ret=-203.550 step_rew=-2.0355 opt_step=-2.0355 gap0=203.550 dret=+79.811 eval_ret=n/a pursuer_target_distance=2.091 capture=0.007 score=0.002 pol=-0.0015 val=0.0514 ent=1.3912 tot=+0.0139 agnorm=0.072 cgnorm=0.125 kl=0.0021 clipf=0.021 ev=+0.782 r0=1.0000 entcoef=7.43e-03 lr=5.0e-04 seed=2
iter= 179 step= 576000 ep_ret=-126.072 opt_ret=-126.072 step_rew=-1.2607 opt_step=-1.2607 gap0=126.072 dret=+157.289 eval_ret=n/a pursuer_target_distance=1.382 capture=0.013 score=0.006 pol=-0.0010 val=0.0404 ent=1.3974 tot=+0.0089 agnorm=0.049 cgnorm=0.118 kl=0.0013 clipf=0.004 ev=+0.789 r0=1.0000 entcoef=7.42e-03 lr=5.0e-04 seed=2
iter= 180 step= 579200 ep_ret=-196.524 opt_ret=-196.524 step_rew=-1.9652 opt_step=-1.9652 gap0=196.524 dret=+86.836 eval_ret=-55.004 pursuer_target_distance=2.055 capture=0.010 score=0.003 pol=-0.0006 val=0.0805 ent=1.3790 tot=+0.0294 agnorm=0.036 cgnorm=0.150 kl=0.0007 clipf=0.002 ev=+0.695 r0=1.0000 entcoef=7.40e-03 lr=5.0e-04 seed=2
iter= 181 step= 582400 ep_ret=-143.935 opt_ret=-143.935 step_rew=-1.4394 opt_step=-1.4394 gap0=143.935 dret=+139.426 eval_ret=n/a pursuer_target_distance=1.529 capture=0.010 score=0.004 pol=-0.0011 val=0.0294 ent=1.3937 tot=+0.0033 agnorm=0.046 cgnorm=0.106 kl=0.0010 clipf=0.001 ev=+0.856 r0=1.0000 entcoef=7.39e-03 lr=5.0e-04 seed=2
iter= 182 step= 585600 ep_ret=-178.787 opt_ret=-178.787 step_rew=-1.7879 opt_step=-1.7879 gap0=178.787 dret=+104.574 eval_ret=n/a pursuer_target_distance=1.956 capture=0.018 score=0.006 pol=-0.0013 val=0.0695 ent=1.3873 tot=+0.0233 agnorm=0.054 cgnorm=0.139 kl=0.0021 clipf=0.016 ev=+0.713 r0=1.0000 entcoef=7.37e-03 lr=5.0e-04 seed=2
iter= 183 step= 588800 ep_ret=-167.670 opt_ret=-167.670 step_rew=-1.6767 opt_step=-1.6767 gap0=167.670 dret=+115.691 eval_ret=n/a pursuer_target_distance=1.667 capture=0.000 score=0.000 pol=-0.0010 val=0.0130 ent=1.3798 tot=-0.0047 agnorm=0.049 cgnorm=0.081 kl=0.0013 clipf=0.009 ev=+0.920 r0=1.0000 entcoef=7.36e-03 lr=5.0e-04 seed=2
iter= 184 step= 592000 ep_ret=-167.783 opt_ret=-167.783 step_rew=-1.6778 opt_step=-1.6778 gap0=167.783 dret=+115.577 eval_ret=n/a pursuer_target_distance=1.727 capture=0.006 score=0.002 pol=-0.0009 val=0.0328 ent=1.3603 tot=+0.0055 agnorm=0.046 cgnorm=0.096 kl=0.0014 clipf=0.008 ev=+0.869 r0=1.0000 entcoef=7.35e-03 lr=5.0e-04 seed=2
iter= 185 step= 595200 ep_ret=-108.807 opt_ret=-108.807 step_rew=-1.0881 opt_step=-1.0881 gap0=108.807 dret=+174.554 eval_ret=n/a pursuer_target_distance=1.278 capture=0.020 score=0.009 pol=-0.0013 val=0.0600 ent=1.3713 tot=+0.0187 agnorm=0.055 cgnorm=0.138 kl=0.0019 clipf=0.016 ev=+0.625 r0=1.0000 entcoef=7.33e-03 lr=5.0e-04 seed=2
iter= 186 step= 598400 ep_ret=-160.903 opt_ret=-160.903 step_rew=-1.6090 opt_step=-1.6090 gap0=160.903 dret=+122.458 eval_ret=n/a pursuer_target_distance=1.680 capture=0.008 score=0.003 pol=-0.0012 val=0.0355 ent=1.3626 tot=+0.0065 agnorm=0.051 cgnorm=0.117 kl=0.0015 clipf=0.009 ev=+0.735 r0=1.0000 entcoef=7.32e-03 lr=4.9e-04 seed=2
iter= 187 step= 601600 ep_ret=-195.172 opt_ret=-195.172 step_rew=-1.9517 opt_step=-1.9517 gap0=195.172 dret=+88.189 eval_ret=n/a pursuer_target_distance=1.992 capture=0.005 score=0.002 pol=-0.0016 val=0.0528 ent=1.3821 tot=+0.0147 agnorm=0.056 cgnorm=0.129 kl=0.0017 clipf=0.015 ev=+0.857 r0=1.0000 entcoef=7.30e-03 lr=4.9e-04 seed=2
iter= 188 step= 604800 ep_ret=-120.388 opt_ret=-120.388 step_rew=-1.2039 opt_step=-1.2039 gap0=120.388 dret=+162.972 eval_ret=n/a pursuer_target_distance=1.281 capture=0.009 score=0.004 pol=-0.0007 val=0.0206 ent=1.4046 tot=-0.0007 agnorm=0.035 cgnorm=0.091 kl=0.0013 clipf=0.005 ev=+0.827 r0=1.0000 entcoef=7.29e-03 lr=4.9e-04 seed=2
iter= 189 step= 608000 ep_ret=-180.035 opt_ret=-180.035 step_rew=-1.8004 opt_step=-1.8004 gap0=180.035 dret=+103.326 eval_ret=n/a pursuer_target_distance=1.893 capture=0.010 score=0.004 pol=-0.0009 val=0.0427 ent=1.4014 tot=+0.0103 agnorm=0.037 cgnorm=0.109 kl=0.0009 clipf=0.001 ev=+0.855 r0=1.0000 entcoef=7.27e-03 lr=4.9e-04 seed=2
iter= 190 step= 611200 ep_ret=-141.038 opt_ret=-141.038 step_rew=-1.4104 opt_step=-1.4104 gap0=141.038 dret=+142.322 eval_ret=n/a pursuer_target_distance=1.457 capture=0.006 score=0.002 pol=-0.0008 val=0.0249 ent=1.4009 tot=+0.0015 agnorm=0.041 cgnorm=0.109 kl=0.0010 clipf=0.003 ev=+0.861 r0=1.0000 entcoef=7.26e-03 lr=4.9e-04 seed=2
iter= 191 step= 614400 ep_ret=-170.871 opt_ret=-170.871 step_rew=-1.7087 opt_step=-1.7087 gap0=170.871 dret=+112.490 eval_ret=n/a pursuer_target_distance=1.739 capture=0.004 score=0.001 pol=-0.0018 val=0.0259 ent=1.3894 tot=+0.0011 agnorm=0.065 cgnorm=0.108 kl=0.0028 clipf=0.024 ev=+0.855 r0=1.0000 entcoef=7.25e-03 lr=4.9e-04 seed=2
iter= 192 step= 617600 ep_ret=-203.260 opt_ret=-203.260 step_rew=-2.0326 opt_step=-2.0326 gap0=203.260 dret=+80.101 eval_ret=n/a pursuer_target_distance=2.101 capture=0.008 score=0.003 pol=-0.0014 val=0.0399 ent=1.3830 tot=+0.0086 agnorm=0.071 cgnorm=0.137 kl=0.0026 clipf=0.030 ev=+0.854 r0=1.0000 entcoef=7.23e-03 lr=4.9e-04 seed=2
iter= 193 step= 620800 ep_ret=-181.212 opt_ret=-181.212 step_rew=-1.8121 opt_step=-1.8121 gap0=181.212 dret=+102.149 eval_ret=n/a pursuer_target_distance=1.836 capture=0.003 score=0.001 pol=-0.0005 val=0.0309 ent=1.3652 tot=+0.0051 agnorm=0.031 cgnorm=0.112 kl=0.0013 clipf=0.006 ev=+0.824 r0=1.0000 entcoef=7.22e-03 lr=4.9e-04 seed=2
iter= 194 step= 624000 ep_ret=-169.625 opt_ret=-169.625 step_rew=-1.6962 opt_step=-1.6962 gap0=169.625 dret=+113.736 eval_ret=n/a pursuer_target_distance=1.733 capture=0.005 score=0.002 pol=-0.0009 val=0.0309 ent=1.3602 tot=+0.0047 agnorm=0.058 cgnorm=0.103 kl=0.0008 clipf=0.002 ev=+0.855 r0=1.0000 entcoef=7.20e-03 lr=4.9e-04 seed=2
iter= 195 step= 627200 ep_ret=-167.129 opt_ret=-167.129 step_rew=-1.6713 opt_step=-1.6713 gap0=167.129 dret=+116.232 eval_ret=n/a pursuer_target_distance=1.727 capture=0.007 score=0.002 pol=-0.0005 val=0.0360 ent=1.4045 tot=+0.0074 agnorm=0.032 cgnorm=0.094 kl=0.0014 clipf=0.003 ev=+0.865 r0=1.0000 entcoef=7.19e-03 lr=4.8e-04 seed=2
iter= 196 step= 630400 ep_ret=-165.821 opt_ret=-165.821 step_rew=-1.6582 opt_step=-1.6582 gap0=165.821 dret=+117.539 eval_ret=n/a pursuer_target_distance=1.779 capture=0.013 score=0.005 pol=-0.0007 val=0.0452 ent=1.4333 tot=+0.0116 agnorm=0.031 cgnorm=0.098 kl=0.0007 clipf=0.000 ev=+0.845 r0=1.0000 entcoef=7.17e-03 lr=4.8e-04 seed=2
iter= 197 step= 633600 ep_ret=-200.733 opt_ret=-200.733 step_rew=-2.0073 opt_step=-2.0073 gap0=200.733 dret=+82.628 eval_ret=n/a pursuer_target_distance=2.138 capture=0.014 score=0.004 pol=-0.0015 val=0.0719 ent=1.4132 tot=+0.0243 agnorm=0.064 cgnorm=0.133 kl=0.0019 clipf=0.017 ev=+0.762 r0=1.0000 entcoef=7.16e-03 lr=4.8e-04 seed=2
iter= 198 step= 636800 ep_ret=-196.443 opt_ret=-196.443 step_rew=-1.9644 opt_step=-1.9644 gap0=196.443 dret=+86.918 eval_ret=n/a pursuer_target_distance=1.973 capture=0.002 score=0.001 pol=-0.0005 val=0.0281 ent=1.3941 tot=+0.0036 agnorm=0.044 cgnorm=0.094 kl=0.0008 clipf=0.000 ev=+0.897 r0=1.0000 entcoef=7.14e-03 lr=4.8e-04 seed=2
iter= 199 step= 640000 ep_ret=-125.699 opt_ret=-125.699 step_rew=-1.2570 opt_step=-1.2570 gap0=125.699 dret=+157.661 eval_ret=n/a pursuer_target_distance=1.388 capture=0.014 score=0.006 pol=-0.0003 val=0.0288 ent=1.3909 tot=+0.0041 agnorm=0.034 cgnorm=0.106 kl=0.0006 clipf=0.000 ev=+0.843 r0=1.0000 entcoef=7.13e-03 lr=4.8e-04 seed=2
iter= 200 step= 643200 ep_ret=-179.783 opt_ret=-179.783 step_rew=-1.7978 opt_step=-1.7978 gap0=179.783 dret=+103.578 eval_ret=+7.001 pursuer_target_distance=1.853 capture=0.007 score=0.002 pol=-0.0003 val=0.0339 ent=1.3855 tot=+0.0068 agnorm=0.031 cgnorm=0.083 kl=0.0005 clipf=0.000 ev=+0.882 r0=1.0000 entcoef=7.12e-03 lr=4.8e-04 seed=2
iter= 201 step= 646400 ep_ret=-173.801 opt_ret=-173.801 step_rew=-1.7380 opt_step=-1.7380 gap0=173.801 dret=+109.560 eval_ret=n/a pursuer_target_distance=1.812 capture=0.008 score=0.003 pol=-0.0006 val=0.0388 ent=1.3793 tot=+0.0090 agnorm=0.039 cgnorm=0.109 kl=0.0007 clipf=0.002 ev=+0.873 r0=1.0000 entcoef=7.10e-03 lr=4.8e-04 seed=2
iter= 202 step= 649600 ep_ret=-130.185 opt_ret=-130.185 step_rew=-1.3018 opt_step=-1.3018 gap0=130.185 dret=+153.176 eval_ret=n/a pursuer_target_distance=1.432 capture=0.014 score=0.006 pol=-0.0005 val=0.0305 ent=1.3778 tot=+0.0050 agnorm=0.037 cgnorm=0.082 kl=0.0009 clipf=0.004 ev=+0.893 r0=1.0000 entcoef=7.09e-03 lr=4.8e-04 seed=2
iter= 203 step= 652800 ep_ret=-172.531 opt_ret=-172.531 step_rew=-1.7253 opt_step=-1.7253 gap0=172.531 dret=+110.830 eval_ret=n/a pursuer_target_distance=1.872 capture=0.016 score=0.005 pol=-0.0010 val=0.0436 ent=1.3455 tot=+0.0113 agnorm=0.053 cgnorm=0.122 kl=0.0016 clipf=0.015 ev=+0.787 r0=1.0000 entcoef=7.07e-03 lr=4.8e-04 seed=2
iter= 204 step= 656000 ep_ret=-196.505 opt_ret=-196.505 step_rew=-1.9650 opt_step=-1.9650 gap0=196.505 dret=+86.856 eval_ret=n/a pursuer_target_distance=2.043 capture=0.009 score=0.003 pol=-0.0008 val=0.0404 ent=1.3279 tot=+0.0101 agnorm=0.033 cgnorm=0.104 kl=0.0015 clipf=0.002 ev=+0.870 r0=1.0000 entcoef=7.06e-03 lr=4.7e-04 seed=2
iter= 205 step= 659200 ep_ret=-169.241 opt_ret=-169.241 step_rew=-1.6924 opt_step=-1.6924 gap0=169.241 dret=+114.120 eval_ret=n/a pursuer_target_distance=1.792 capture=0.011 score=0.004 pol=-0.0010 val=0.0346 ent=1.3200 tot=+0.0070 agnorm=0.058 cgnorm=0.103 kl=0.0012 clipf=0.010 ev=+0.868 r0=1.0000 entcoef=7.04e-03 lr=4.7e-04 seed=2
iter= 206 step= 662400 ep_ret=-133.241 opt_ret=-133.241 step_rew=-1.3324 opt_step=-1.3324 gap0=133.241 dret=+150.120 eval_ret=n/a pursuer_target_distance=1.632 capture=0.031 score=0.012 pol=-0.0012 val=0.0586 ent=1.3039 tot=+0.0189 agnorm=0.049 cgnorm=0.132 kl=0.0009 clipf=0.001 ev=+0.820 r0=1.0000 entcoef=7.03e-03 lr=4.7e-04 seed=2
iter= 207 step= 665600 ep_ret=-94.571 opt_ret=-94.571 step_rew=-0.9457 opt_step=-0.9457 gap0=94.571 dret=+188.790 eval_ret=n/a pursuer_target_distance=1.361 capture=0.043 score=0.018 pol=-0.0009 val=0.0653 ent=1.3035 tot=+0.0227 agnorm=0.046 cgnorm=0.128 kl=0.0012 clipf=0.006 ev=+0.776 r0=1.0000 entcoef=7.01e-03 lr=4.7e-04 seed=2
iter= 208 step= 668800 ep_ret=-115.345 opt_ret=-115.345 step_rew=-1.1534 opt_step=-1.1534 gap0=115.345 dret=+168.016 eval_ret=n/a pursuer_target_distance=1.378 capture=0.023 score=0.010 pol=-0.0006 val=0.0316 ent=1.2626 tot=+0.0064 agnorm=0.040 cgnorm=0.096 kl=0.0015 clipf=0.003 ev=+0.857 r0=1.0000 entcoef=7.00e-03 lr=4.7e-04 seed=2
iter= 209 step= 672000 ep_ret=-150.948 opt_ret=-150.948 step_rew=-1.5095 opt_step=-1.5095 gap0=150.948 dret=+132.412 eval_ret=n/a pursuer_target_distance=1.799 capture=0.030 score=0.011 pol=-0.0010 val=0.0531 ent=1.2678 tot=+0.0167 agnorm=0.054 cgnorm=0.129 kl=0.0013 clipf=0.006 ev=+0.809 r0=1.0000 entcoef=6.99e-03 lr=4.7e-04 seed=2
iter= 210 step= 675200 ep_ret=-157.232 opt_ret=-157.232 step_rew=-1.5723 opt_step=-1.5723 gap0=157.232 dret=+126.128 eval_ret=n/a pursuer_target_distance=1.784 capture=0.022 score=0.008 pol=-0.0008 val=0.0381 ent=1.2599 tot=+0.0094 agnorm=0.043 cgnorm=0.113 kl=0.0011 clipf=0.005 ev=+0.907 r0=1.0000 entcoef=6.97e-03 lr=4.7e-04 seed=2
iter= 211 step= 678400 ep_ret=-144.029 opt_ret=-144.029 step_rew=-1.4403 opt_step=-1.4403 gap0=144.029 dret=+139.331 eval_ret=n/a pursuer_target_distance=1.593 capture=0.016 score=0.006 pol=-0.0011 val=0.0295 ent=1.2444 tot=+0.0050 agnorm=0.044 cgnorm=0.089 kl=0.0014 clipf=0.006 ev=+0.895 r0=1.0000 entcoef=6.96e-03 lr=4.7e-04 seed=2
iter= 212 step= 681600 ep_ret=-150.675 opt_ret=-150.675 step_rew=-1.5068 opt_step=-1.5068 gap0=150.675 dret=+132.686 eval_ret=n/a pursuer_target_distance=1.756 capture=0.026 score=0.009 pol=-0.0009 val=0.0480 ent=1.2362 tot=+0.0145 agnorm=0.043 cgnorm=0.134 kl=0.0014 clipf=0.008 ev=+0.822 r0=1.0000 entcoef=6.94e-03 lr=4.7e-04 seed=2
iter= 213 step= 684800 ep_ret=-144.202 opt_ret=-144.202 step_rew=-1.4420 opt_step=-1.4420 gap0=144.202 dret=+139.158 eval_ret=n/a pursuer_target_distance=1.679 capture=0.025 score=0.009 pol=-0.0011 val=0.0351 ent=1.2355 tot=+0.0079 agnorm=0.049 cgnorm=0.103 kl=0.0013 clipf=0.009 ev=+0.879 r0=1.0000 entcoef=6.93e-03 lr=4.6e-04 seed=2
iter= 214 step= 688000 ep_ret=-56.100 opt_ret=-56.100 step_rew=-0.5610 opt_step=-0.5610 gap0=56.100 dret=+227.261 eval_ret=n/a pursuer_target_distance=1.173 capture=0.062 score=0.029 pol=-0.0011 val=0.0712 ent=1.2328 tot=+0.0260 agnorm=0.054 cgnorm=0.165 kl=0.0015 clipf=0.011 ev=+0.747 r0=1.0000 entcoef=6.91e-03 lr=4.6e-04 seed=2
iter= 215 step= 691200 ep_ret=-131.126 opt_ret=-131.126 step_rew=-1.3113 opt_step=-1.3113 gap0=131.126 dret=+152.234 eval_ret=n/a pursuer_target_distance=1.701 capture=0.040 score=0.015 pol=-0.0007 val=0.0513 ent=1.1963 tot=+0.0168 agnorm=0.040 cgnorm=0.103 kl=0.0011 clipf=0.006 ev=+0.859 r0=1.0000 entcoef=6.90e-03 lr=4.6e-04 seed=2
iter= 216 step= 694400 ep_ret=-78.919 opt_ret=-78.919 step_rew=-0.7892 opt_step=-0.7892 gap0=78.919 dret=+204.442 eval_ret=n/a pursuer_target_distance=1.176 capture=0.040 score=0.018 pol=-0.0016 val=0.0404 ent=1.2216 tot=+0.0102 agnorm=0.056 cgnorm=0.114 kl=0.0018 clipf=0.015 ev=+0.804 r0=1.0000 entcoef=6.88e-03 lr=4.6e-04 seed=2
iter= 217 step= 697600 ep_ret=-152.112 opt_ret=-152.112 step_rew=-1.5211 opt_step=-1.5211 gap0=152.112 dret=+131.249 eval_ret=n/a pursuer_target_distance=1.886 capture=0.037 score=0.013 pol=-0.0015 val=0.0576 ent=1.1953 tot=+0.0191 agnorm=0.068 cgnorm=0.117 kl=0.0027 clipf=0.024 ev=+0.862 r0=1.0000 entcoef=6.87e-03 lr=4.6e-04 seed=2
iter= 218 step= 700800 ep_ret=-151.618 opt_ret=-151.618 step_rew=-1.5162 opt_step=-1.5162 gap0=151.618 dret=+131.743 eval_ret=n/a pursuer_target_distance=1.672 capture=0.017 score=0.006 pol=-0.0009 val=0.0245 ent=1.2129 tot=+0.0030 agnorm=0.047 cgnorm=0.109 kl=0.0015 clipf=0.014 ev=+0.896 r0=1.0000 entcoef=6.86e-03 lr=4.6e-04 seed=2
iter= 219 step= 704000 ep_ret=-105.643 opt_ret=-105.643 step_rew=-1.0564 opt_step=-1.0564 gap0=105.643 dret=+177.718 eval_ret=n/a pursuer_target_distance=1.540 capture=0.049 score=0.019 pol=-0.0012 val=0.0413 ent=1.1745 tot=+0.0114 agnorm=0.053 cgnorm=0.094 kl=0.0012 clipf=0.006 ev=+0.877 r0=1.0000 entcoef=6.84e-03 lr=4.6e-04 seed=2
iter= 220 step= 707200 ep_ret=-128.392 opt_ret=-128.392 step_rew=-1.2839 opt_step=-1.2839 gap0=128.392 dret=+154.969 eval_ret=+25.702 pursuer_target_distance=1.658 capture=0.038 score=0.014 pol=-0.0007 val=0.0575 ent=1.1760 tot=+0.0200 agnorm=0.042 cgnorm=0.144 kl=0.0015 clipf=0.008 ev=+0.851 r0=1.0000 entcoef=6.83e-03 lr=4.6e-04 seed=2
iter= 221 step= 710400 ep_ret=-114.438 opt_ret=-114.438 step_rew=-1.1444 opt_step=-1.1444 gap0=114.438 dret=+168.923 eval_ret=n/a pursuer_target_distance=1.503 capture=0.037 score=0.015 pol=-0.0015 val=0.0350 ent=1.1632 tot=+0.0081 agnorm=0.061 cgnorm=0.107 kl=0.0015 clipf=0.008 ev=+0.882 r0=1.0000 entcoef=6.81e-03 lr=4.6e-04 seed=2
iter= 222 step= 713600 ep_ret=-108.427 opt_ret=-108.427 step_rew=-1.0843 opt_step=-1.0843 gap0=108.427 dret=+174.934 eval_ret=n/a pursuer_target_distance=1.512 capture=0.044 score=0.017 pol=-0.0016 val=0.0431 ent=1.1721 tot=+0.0120 agnorm=0.078 cgnorm=0.095 kl=0.0025 clipf=0.026 ev=+0.882 r0=1.0000 entcoef=6.80e-03 lr=4.5e-04 seed=2
iter= 223 step= 716800 ep_ret=-101.281 opt_ret=-101.281 step_rew=-1.0128 opt_step=-1.0128 gap0=101.281 dret=+182.080 eval_ret=n/a pursuer_target_distance=1.472 capture=0.047 score=0.019 pol=-0.0004 val=0.0412 ent=1.1501 tot=+0.0124 agnorm=0.052 cgnorm=0.111 kl=0.0008 clipf=0.004 ev=+0.885 r0=1.0000 entcoef=6.78e-03 lr=4.5e-04 seed=2
iter= 224 step= 720000 ep_ret=-108.104 opt_ret=-108.104 step_rew=-1.0810 opt_step=-1.0810 gap0=108.104 dret=+175.257 eval_ret=n/a pursuer_target_distance=1.402 capture=0.033 score=0.014 pol=-0.0011 val=0.0334 ent=1.1482 tot=+0.0078 agnorm=0.070 cgnorm=0.103 kl=0.0009 clipf=0.004 ev=+0.872 r0=1.0000 entcoef=6.77e-03 lr=4.5e-04 seed=2
iter= 225 step= 723200 ep_ret=-57.056 opt_ret=-57.056 step_rew=-0.5706 opt_step=-0.5706 gap0=57.056 dret=+226.304 eval_ret=n/a pursuer_target_distance=1.201 capture=0.064 score=0.029 pol=-0.0012 val=0.0508 ent=1.1202 tot=+0.0166 agnorm=0.058 cgnorm=0.123 kl=0.0020 clipf=0.016 ev=+0.846 r0=1.0000 entcoef=6.75e-03 lr=4.5e-04 seed=2
iter= 226 step= 726400 ep_ret=-144.610 opt_ret=-144.610 step_rew=-1.4461 opt_step=-1.4461 gap0=144.610 dret=+138.750 eval_ret=n/a pursuer_target_distance=1.658 capture=0.022 score=0.008 pol=-0.0015 val=0.0194 ent=1.1077 tot=+0.0007 agnorm=0.073 cgnorm=0.085 kl=0.0030 clipf=0.034 ev=+0.944 r0=1.0000 entcoef=6.74e-03 lr=4.5e-04 seed=2
iter= 227 step= 729600 ep_ret=-13.556 opt_ret=-13.556 step_rew=-0.1356 opt_step=-0.1356 gap0=13.556 dret=+269.804 eval_ret=n/a pursuer_target_distance=1.060 capture=0.093 score=0.045 pol=-0.0011 val=0.0530 ent=1.1547 tot=+0.0177 agnorm=0.056 cgnorm=0.112 kl=0.0012 clipf=0.007 ev=+0.828 r0=1.0000 entcoef=6.73e-03 lr=4.5e-04 seed=2
iter= 228 step= 732800 ep_ret=-68.090 opt_ret=-68.090 step_rew=-0.6809 opt_step=-0.6809 gap0=68.090 dret=+215.271 eval_ret=n/a pursuer_target_distance=1.293 capture=0.062 score=0.027 pol=-0.0008 val=0.0446 ent=1.1292 tot=+0.0139 agnorm=0.052 cgnorm=0.098 kl=0.0015 clipf=0.011 ev=+0.849 r0=1.0000 entcoef=6.71e-03 lr=4.5e-04 seed=2
iter= 229 step= 736000 ep_ret=-6.382 opt_ret=-6.382 step_rew=-0.0638 opt_step=-0.0638 gap0=6.382 dret=+276.979 eval_ret=n/a pursuer_target_distance=0.938 capture=0.088 score=0.046 pol=-0.0009 val=0.0504 ent=1.1622 tot=+0.0165 agnorm=0.062 cgnorm=0.128 kl=0.0013 clipf=0.009 ev=+0.801 r0=1.0000 entcoef=6.70e-03 lr=4.5e-04 seed=2
iter= 230 step= 739200 ep_ret=+4.751 opt_ret=+4.751 step_rew=0.0475 opt_step=0.0475 gap0=0.000 dret=+288.111 eval_ret=n/a pursuer_target_distance=1.164 capture=0.122 score=0.056 pol=-0.0010 val=0.0741 ent=1.1582 tot=+0.0283 agnorm=0.066 cgnorm=0.148 kl=0.0011 clipf=0.007 ev=+0.803 r0=1.0000 entcoef=6.68e-03 lr=4.5e-04 seed=2
iter= 231 step= 742400 ep_ret=-86.170 opt_ret=-86.170 step_rew=-0.8617 opt_step=-0.8617 gap0=86.170 dret=+197.190 eval_ret=n/a pursuer_target_distance=1.461 capture=0.061 score=0.025 pol=-0.0016 val=0.0377 ent=1.1039 tot=+0.0099 agnorm=0.066 cgnorm=0.122 kl=0.0022 clipf=0.012 ev=+0.873 r0=1.0000 entcoef=6.67e-03 lr=4.4e-04 seed=2
iter= 232 step= 745600 ep_ret=+36.882 opt_ret=+36.882 step_rew=0.3688 opt_step=0.3688 gap0=0.000 dret=+320.242 eval_ret=n/a pursuer_target_distance=1.096 capture=0.147 score=0.070 pol=-0.0013 val=0.0671 ent=1.1059 tot=+0.0249 agnorm=0.071 cgnorm=0.148 kl=0.0024 clipf=0.021 ev=+0.840 r0=1.0000 entcoef=6.65e-03 lr=4.4e-04 seed=2
iter= 233 step= 748800 ep_ret=-16.272 opt_ret=-16.272 step_rew=-0.1627 opt_step=-0.1627 gap0=16.272 dret=+267.089 eval_ret=n/a pursuer_target_distance=1.068 capture=0.092 score=0.044 pol=-0.0008 val=0.0340 ent=1.0807 tot=+0.0090 agnorm=0.043 cgnorm=0.080 kl=0.0010 clipf=0.006 ev=+0.872 r0=1.0000 entcoef=6.64e-03 lr=4.4e-04 seed=2
iter= 234 step= 752000 ep_ret=-70.436 opt_ret=-70.436 step_rew=-0.7044 opt_step=-0.7044 gap0=70.436 dret=+212.925 eval_ret=n/a pursuer_target_distance=1.560 capture=0.087 score=0.034 pol=-0.0006 val=0.0393 ent=1.0915 tot=+0.0118 agnorm=0.042 cgnorm=0.099 kl=0.0010 clipf=0.004 ev=+0.903 r0=1.0000 entcoef=6.62e-03 lr=4.4e-04 seed=2
iter= 235 step= 755200 ep_ret=+44.826 opt_ret=+44.826 step_rew=0.4483 opt_step=0.4483 gap0=0.000 dret=+328.186 eval_ret=n/a pursuer_target_distance=0.976 capture=0.143 score=0.073 pol=-0.0016 val=0.0469 ent=1.1089 tot=+0.0145 agnorm=0.074 cgnorm=0.100 kl=0.0021 clipf=0.020 ev=+0.875 r0=1.0000 entcoef=6.61e-03 lr=4.4e-04 seed=2
iter= 236 step= 758400 ep_ret=-118.670 opt_ret=-118.670 step_rew=-1.1867 opt_step=-1.1867 gap0=118.670 dret=+164.691 eval_ret=n/a pursuer_target_distance=1.745 capture=0.057 score=0.021 pol=-0.0010 val=0.0301 ent=1.0263 tot=+0.0073 agnorm=0.051 cgnorm=0.125 kl=0.0012 clipf=0.007 ev=+0.916 r0=1.0000 entcoef=6.60e-03 lr=4.4e-04 seed=2
iter= 237 step= 761600 ep_ret=-45.819 opt_ret=-45.819 step_rew=-0.4582 opt_step=-0.4582 gap0=45.819 dret=+237.541 eval_ret=n/a pursuer_target_distance=1.539 capture=0.109 score=0.043 pol=-0.0010 val=0.0565 ent=1.0790 tot=+0.0201 agnorm=0.054 cgnorm=0.153 kl=0.0014 clipf=0.006 ev=+0.853 r0=1.0000 entcoef=6.58e-03 lr=4.4e-04 seed=2
iter= 238 step= 764800 ep_ret=-46.615 opt_ret=-46.615 step_rew=-0.4661 opt_step=-0.4661 gap0=46.615 dret=+236.746 eval_ret=n/a pursuer_target_distance=1.419 capture=0.096 score=0.040 pol=-0.0008 val=0.0490 ent=1.0865 tot=+0.0165 agnorm=0.050 cgnorm=0.114 kl=0.0011 clipf=0.009 ev=+0.857 r0=1.0000 entcoef=6.57e-03 lr=4.4e-04 seed=2
iter= 239 step= 768000 ep_ret=+1.751 opt_ret=+1.751 step_rew=0.0175 opt_step=0.0175 gap0=0.000 dret=+285.111 eval_ret=n/a pursuer_target_distance=1.126 capture=0.115 score=0.054 pol=-0.0007 val=0.0439 ent=1.0902 tot=+0.0141 agnorm=0.050 cgnorm=0.109 kl=0.0008 clipf=0.005 ev=+0.826 r0=1.0000 entcoef=6.55e-03 lr=4.4e-04 seed=2
iter= 240 step= 771200 ep_ret=-16.323 opt_ret=-16.323 step_rew=-0.1632 opt_step=-0.1632 gap0=16.323 dret=+267.038 eval_ret=+494.213 pursuer_target_distance=1.350 capture=0.120 score=0.051 pol=-0.0009 val=0.0423 ent=1.0840 tot=+0.0132 agnorm=0.038 cgnorm=0.104 kl=0.0012 clipf=0.005 ev=+0.889 r0=1.0000 entcoef=6.54e-03 lr=4.3e-04 seed=2
iter= 241 step= 774400 ep_ret=-28.623 opt_ret=-28.623 step_rew=-0.2862 opt_step=-0.2862 gap0=28.623 dret=+254.738 eval_ret=n/a pursuer_target_distance=1.332 capture=0.106 score=0.045 pol=-0.0007 val=0.0390 ent=1.0752 tot=+0.0118 agnorm=0.043 cgnorm=0.135 kl=0.0010 clipf=0.004 ev=+0.870 r0=1.0000 entcoef=6.52e-03 lr=4.3e-04 seed=2
iter= 242 step= 777600 ep_ret=-15.987 opt_ret=-15.987 step_rew=-0.1599 opt_step=-0.1599 gap0=15.987 dret=+267.374 eval_ret=n/a pursuer_target_distance=1.109 capture=0.096 score=0.045 pol=-0.0009 val=0.0290 ent=1.0426 tot=+0.0068 agnorm=0.038 cgnorm=0.092 kl=0.0011 clipf=0.002 ev=+0.890 r0=1.0000 entcoef=6.51e-03 lr=4.3e-04 seed=2
iter= 243 step= 780800 ep_ret=+15.752 opt_ret=+15.752 step_rew=0.1575 opt_step=0.1575 gap0=0.000 dret=+299.112 eval_ret=n/a pursuer_target_distance=1.120 capture=0.129 score=0.061 pol=-0.0006 val=0.0466 ent=1.0365 tot=+0.0159 agnorm=0.050 cgnorm=0.105 kl=0.0011 clipf=0.002 ev=+0.802 r0=1.0000 entcoef=6.50e-03 lr=4.3e-04 seed=2
iter= 244 step= 784000 ep_ret=-8.542 opt_ret=-8.542 step_rew=-0.0854 opt_step=-0.0854 gap0=8.542 dret=+274.818 eval_ret=n/a pursuer_target_distance=1.150 capture=0.107 score=0.050 pol=-0.0007 val=0.0376 ent=1.0309 tot=+0.0114 agnorm=0.041 cgnorm=0.120 kl=0.0009 clipf=0.003 ev=+0.868 r0=1.0000 entcoef=6.48e-03 lr=4.3e-04 seed=2
iter= 245 step= 787200 ep_ret=-25.655 opt_ret=-25.655 step_rew=-0.2565 opt_step=-0.2565 gap0=25.655 dret=+257.706 eval_ret=n/a pursuer_target_distance=1.368 capture=0.112 score=0.047 pol=-0.0012 val=0.0406 ent=0.9571 tot=+0.0129 agnorm=0.071 cgnorm=0.097 kl=0.0017 clipf=0.014 ev=+0.857 r0=1.0000 entcoef=6.47e-03 lr=4.3e-04 seed=2
iter= 246 step= 790400 ep_ret=+21.916 opt_ret=+21.916 step_rew=0.2192 opt_step=0.2192 gap0=0.000 dret=+305.277 eval_ret=n/a pursuer_target_distance=1.233 capture=0.146 score=0.065 pol=-0.0010 val=0.0456 ent=0.9634 tot=+0.0156 agnorm=0.071 cgnorm=0.096 kl=0.0012 clipf=0.010 ev=+0.880 r0=1.0000 entcoef=6.45e-03 lr=4.3e-04 seed=2
iter= 247 step= 793600 ep_ret=+6.218 opt_ret=+6.218 step_rew=0.0622 opt_step=0.0622 gap0=0.000 dret=+289.579 eval_ret=n/a pursuer_target_distance=1.234 capture=0.131 score=0.058 pol=-0.0010 val=0.0457 ent=0.9737 tot=+0.0156 agnorm=0.065 cgnorm=0.105 kl=0.0012 clipf=0.006 ev=+0.850 r0=1.0000 entcoef=6.44e-03 lr=4.3e-04 seed=2
iter= 248 step= 796800 ep_ret=+14.746 opt_ret=+14.746 step_rew=0.1475 opt_step=0.1475 gap0=0.000 dret=+298.107 eval_ret=n/a pursuer_target_distance=1.343 capture=0.150 score=0.064 pol=-0.0007 val=0.0463 ent=0.9591 tot=+0.0163 agnorm=0.051 cgnorm=0.101 kl=0.0013 clipf=0.011 ev=+0.857 r0=1.0000 entcoef=6.42e-03 lr=4.3e-04 seed=2
iter= 249 step= 800000 ep_ret=-18.960 opt_ret=-18.960 step_rew=-0.1896 opt_step=-0.1896 gap0=18.960 dret=+264.401 eval_ret=n/a pursuer_target_distance=1.458 capture=0.128 score=0.052 pol=-0.0005 val=0.0397 ent=0.9163 tot=+0.0135 agnorm=0.042 cgnorm=0.092 kl=0.0007 clipf=0.004 ev=+0.893 r0=1.0000 entcoef=6.41e-03 lr=4.2e-04 seed=2
iter= 250 step= 803200 ep_ret=+112.103 opt_ret=+112.103 step_rew=1.1210 opt_step=1.1210 gap0=0.000 dret=+395.464 eval_ret=n/a pursuer_target_distance=1.022 capture=0.215 score=0.106 pol=-0.0015 val=0.0516 ent=0.9710 tot=+0.0181 agnorm=0.085 cgnorm=0.116 kl=0.0015 clipf=0.013 ev=+0.812 r0=1.0000 entcoef=6.39e-03 lr=4.2e-04 seed=2
iter= 251 step= 806400 ep_ret=+10.149 opt_ret=+10.149 step_rew=0.1015 opt_step=0.1015 gap0=0.000 dret=+293.510 eval_ret=n/a pursuer_target_distance=1.351 capture=0.146 score=0.062 pol=-0.0008 val=0.0431 ent=0.9743 tot=+0.0146 agnorm=0.049 cgnorm=0.116 kl=0.0012 clipf=0.009 ev=+0.874 r0=1.0000 entcoef=6.38e-03 lr=4.2e-04 seed=2
iter= 252 step= 809600 ep_ret=+29.471 opt_ret=+29.471 step_rew=0.2947 opt_step=0.2947 gap0=0.000 dret=+312.831 eval_ret=n/a pursuer_target_distance=1.339 capture=0.164 score=0.070 pol=-0.0010 val=0.0411 ent=0.9636 tot=+0.0134 agnorm=0.070 cgnorm=0.116 kl=0.0013 clipf=0.009 ev=+0.894 r0=1.0000 entcoef=6.37e-03 lr=4.2e-04 seed=2
iter= 253 step= 812800 ep_ret=+44.577 opt_ret=+44.577 step_rew=0.4458 opt_step=0.4458 gap0=0.000 dret=+327.938 eval_ret=n/a pursuer_target_distance=1.094 capture=0.155 score=0.074 pol=-0.0009 val=0.0343 ent=0.9533 tot=+0.0102 agnorm=0.063 cgnorm=0.102 kl=0.0019 clipf=0.018 ev=+0.882 r0=1.0000 entcoef=6.35e-03 lr=4.2e-04 seed=2
iter= 254 step= 816000 ep_ret=-5.084 opt_ret=-5.084 step_rew=-0.0508 opt_step=-0.0508 gap0=5.084 dret=+278.277 eval_ret=n/a pursuer_target_distance=1.344 capture=0.130 score=0.056 pol=-0.0015 val=0.0283 ent=0.9487 tot=+0.0067 agnorm=0.087 cgnorm=0.087 kl=0.0020 clipf=0.019 ev=+0.912 r0=1.0000 entcoef=6.34e-03 lr=4.2e-04 seed=2
iter= 255 step= 819200 ep_ret=+39.994 opt_ret=+39.994 step_rew=0.3999 opt_step=0.3999 gap0=0.000 dret=+323.354 eval_ret=n/a pursuer_target_distance=1.228 capture=0.164 score=0.074 pol=-0.0010 val=0.0464 ent=0.9552 tot=+0.0161 agnorm=0.078 cgnorm=0.112 kl=0.0015 clipf=0.011 ev=+0.852 r0=1.0000 entcoef=6.32e-03 lr=4.2e-04 seed=2
iter= 256 step= 822400 ep_ret=+58.917 opt_ret=+58.917 step_rew=0.5892 opt_step=0.5892 gap0=0.000 dret=+342.277 eval_ret=n/a pursuer_target_distance=1.254 capture=0.185 score=0.082 pol=-0.0009 val=0.0405 ent=0.9401 tot=+0.0134 agnorm=0.060 cgnorm=0.118 kl=0.0012 clipf=0.008 ev=+0.887 r0=1.0000 entcoef=6.31e-03 lr=4.2e-04 seed=2
iter= 257 step= 825600 ep_ret=+15.856 opt_ret=+15.856 step_rew=0.1586 opt_step=0.1586 gap0=0.000 dret=+299.216 eval_ret=n/a pursuer_target_distance=1.269 capture=0.144 score=0.063 pol=-0.0011 val=0.0275 ent=0.9387 tot=+0.0067 agnorm=0.070 cgnorm=0.087 kl=0.0018 clipf=0.018 ev=+0.902 r0=1.0000 entcoef=6.29e-03 lr=4.2e-04 seed=2
iter= 258 step= 828800 ep_ret=+47.073 opt_ret=+47.073 step_rew=0.4707 opt_step=0.4707 gap0=0.000 dret=+330.434 eval_ret=n/a pursuer_target_distance=1.232 capture=0.171 score=0.077 pol=-0.0010 val=0.0304 ent=0.9154 tot=+0.0084 agnorm=0.067 cgnorm=0.087 kl=0.0020 clipf=0.016 ev=+0.890 r0=1.0000 entcoef=6.28e-03 lr=4.1e-04 seed=2
iter= 259 step= 832000 ep_ret=+132.649 opt_ret=+132.649 step_rew=1.3265 opt_step=1.3265 gap0=0.000 dret=+416.009 eval_ret=n/a pursuer_target_distance=0.848 capture=0.218 score=0.118 pol=-0.0007 val=0.0347 ent=0.9317 tot=+0.0108 agnorm=0.069 cgnorm=0.098 kl=0.0010 clipf=0.007 ev=+0.879 r0=1.0000 entcoef=6.26e-03 lr=4.1e-04 seed=2
iter= 260 step= 835200 ep_ret=+103.486 opt_ret=+103.486 step_rew=1.0349 opt_step=1.0349 gap0=0.000 dret=+386.847 eval_ret=+539.409 pursuer_target_distance=1.008 capture=0.205 score=0.102 pol=-0.0011 val=0.0352 ent=0.9168 tot=+0.0108 agnorm=0.082 cgnorm=0.100 kl=0.0018 clipf=0.021 ev=+0.832 r0=1.0000 entcoef=6.25e-03 lr=4.1e-04 seed=2
iter= 261 step= 838400 ep_ret=+117.108 opt_ret=+117.108 step_rew=1.1711 opt_step=1.1711 gap0=0.000 dret=+400.468 eval_ret=n/a pursuer_target_distance=0.991 capture=0.217 score=0.109 pol=-0.0013 val=0.0359 ent=0.9357 tot=+0.0108 agnorm=0.080 cgnorm=0.099 kl=0.0020 clipf=0.017 ev=+0.839 r0=1.0000 entcoef=6.24e-03 lr=4.1e-04 seed=2
iter= 262 step= 841600 ep_ret=+97.384 opt_ret=+97.384 step_rew=0.9738 opt_step=0.9738 gap0=0.000 dret=+380.745 eval_ret=n/a pursuer_target_distance=1.054 capture=0.204 score=0.099 pol=-0.0010 val=0.0312 ent=0.9006 tot=+0.0090 agnorm=0.065 cgnorm=0.096 kl=0.0010 clipf=0.006 ev=+0.855 r0=1.0000 entcoef=6.22e-03 lr=4.1e-04 seed=2
iter= 263 step= 844800 ep_ret=-4.043 opt_ret=-4.043 step_rew=-0.0404 opt_step=-0.0404 gap0=4.043 dret=+279.317 eval_ret=n/a pursuer_target_distance=1.421 capture=0.139 score=0.057 pol=-0.0008 val=0.0387 ent=0.9264 tot=+0.0128 agnorm=0.079 cgnorm=0.114 kl=0.0017 clipf=0.011 ev=+0.836 r0=1.0000 entcoef=6.21e-03 lr=4.1e-04 seed=2
iter= 264 step= 848000 ep_ret=+75.774 opt_ret=+75.774 step_rew=0.7577 opt_step=0.7577 gap0=0.000 dret=+359.134 eval_ret=n/a pursuer_target_distance=1.114 capture=0.188 score=0.089 pol=-0.0007 val=0.0285 ent=0.8760 tot=+0.0081 agnorm=0.047 cgnorm=0.081 kl=0.0011 clipf=0.004 ev=+0.891 r0=1.0000 entcoef=6.19e-03 lr=4.1e-04 seed=2
iter= 265 step= 851200 ep_ret=+74.956 opt_ret=+74.956 step_rew=0.7496 opt_step=0.7496 gap0=0.000 dret=+358.316 eval_ret=n/a pursuer_target_distance=1.184 capture=0.194 score=0.089 pol=-0.0007 val=0.0329 ent=0.8905 tot=+0.0102 agnorm=0.057 cgnorm=0.077 kl=0.0009 clipf=0.003 ev=+0.872 r0=1.0000 entcoef=6.18e-03 lr=4.1e-04 seed=2
iter= 266 step= 854400 ep_ret=+42.672 opt_ret=+42.672 step_rew=0.4267 opt_step=0.4267 gap0=0.000 dret=+326.033 eval_ret=n/a pursuer_target_distance=1.323 capture=0.176 score=0.076 pol=-0.0008 val=0.0306 ent=0.8647 tot=+0.0092 agnorm=0.060 cgnorm=0.094 kl=0.0016 clipf=0.009 ev=+0.876 r0=1.0000 entcoef=6.16e-03 lr=4.1e-04 seed=2
iter= 267 step= 857600 ep_ret=+34.796 opt_ret=+34.796 step_rew=0.3480 opt_step=0.3480 gap0=0.000 dret=+318.157 eval_ret=n/a pursuer_target_distance=1.451 capture=0.181 score=0.074 pol=-0.0007 val=0.0226 ent=0.8609 tot=+0.0053 agnorm=0.055 cgnorm=0.065 kl=0.0013 clipf=0.010 ev=+0.932 r0=1.0000 entcoef=6.15e-03 lr=4.0e-04 seed=2
iter= 268 step= 860800 ep_ret=+65.829 opt_ret=+65.829 step_rew=0.6583 opt_step=0.6583 gap0=0.000 dret=+349.190 eval_ret=n/a pursuer_target_distance=1.263 capture=0.193 score=0.085 pol=-0.0010 val=0.0296 ent=0.8619 tot=+0.0085 agnorm=0.070 cgnorm=0.095 kl=0.0015 clipf=0.010 ev=+0.881 r0=1.0000 entcoef=6.13e-03 lr=4.0e-04 seed=2
iter= 269 step= 864000 ep_ret=+57.286 opt_ret=+57.286 step_rew=0.5729 opt_step=0.5729 gap0=0.000 dret=+340.647 eval_ret=n/a pursuer_target_distance=1.311 capture=0.189 score=0.082 pol=-0.0013 val=0.0218 ent=0.8171 tot=+0.0046 agnorm=0.065 cgnorm=0.068 kl=0.0016 clipf=0.013 ev=+0.920 r0=1.0000 entcoef=6.12e-03 lr=4.0e-04 seed=2
iter= 270 step= 867200 ep_ret=+54.465 opt_ret=+54.465 step_rew=0.5446 opt_step=0.5446 gap0=0.000 dret=+337.825 eval_ret=n/a pursuer_target_distance=1.227 capture=0.178 score=0.080 pol=-0.0006 val=0.0278 ent=0.8504 tot=+0.0081 agnorm=0.064 cgnorm=0.055 kl=0.0012 clipf=0.006 ev=+0.885 r0=1.0000 entcoef=6.11e-03 lr=4.0e-04 seed=2
iter= 271 step= 870400 ep_ret=+87.489 opt_ret=+87.489 step_rew=0.8749 opt_step=0.8749 gap0=0.000 dret=+370.850 eval_ret=n/a pursuer_target_distance=1.234 capture=0.212 score=0.095 pol=-0.0007 val=0.0293 ent=0.8342 tot=+0.0089 agnorm=0.051 cgnorm=0.090 kl=0.0010 clipf=0.004 ev=+0.895 r0=1.0000 entcoef=6.09e-03 lr=4.0e-04 seed=2
iter= 272 step= 873600 ep_ret=+148.283 opt_ret=+148.283 step_rew=1.4828 opt_step=1.4828 gap0=0.000 dret=+431.644 eval_ret=n/a pursuer_target_distance=0.917 capture=0.241 score=0.126 pol=-0.0007 val=0.0257 ent=0.8910 tot=+0.0067 agnorm=0.062 cgnorm=0.064 kl=0.0011 clipf=0.010 ev=+0.907 r0=1.0000 entcoef=6.08e-03 lr=4.0e-04 seed=2
iter= 273 step= 876800 ep_ret=+84.553 opt_ret=+84.553 step_rew=0.8455 opt_step=0.8455 gap0=0.000 dret=+367.913 eval_ret=n/a pursuer_target_distance=1.307 capture=0.216 score=0.094 pol=-0.0010 val=0.0261 ent=0.8788 tot=+0.0067 agnorm=0.066 cgnorm=0.081 kl=0.0017 clipf=0.012 ev=+0.902 r0=1.0000 entcoef=6.06e-03 lr=4.0e-04 seed=2
iter= 274 step= 880000 ep_ret=+80.006 opt_ret=+80.006 step_rew=0.8001 opt_step=0.8001 gap0=0.000 dret=+363.367 eval_ret=n/a pursuer_target_distance=1.299 capture=0.211 score=0.092 pol=-0.0008 val=0.0304 ent=0.8528 tot=+0.0092 agnorm=0.062 cgnorm=0.096 kl=0.0015 clipf=0.016 ev=+0.892 r0=1.0000 entcoef=6.05e-03 lr=4.0e-04 seed=2
iter= 275 step= 883200 ep_ret=+190.070 opt_ret=+190.070 step_rew=1.9007 opt_step=1.9007 gap0=0.000 dret=+473.430 eval_ret=n/a pursuer_target_distance=0.999 capture=0.291 score=0.146 pol=-0.0012 val=0.0232 ent=0.8355 tot=+0.0054 agnorm=0.098 cgnorm=0.110 kl=0.0016 clipf=0.019 ev=+0.923 r0=1.0000 entcoef=6.03e-03 lr=4.0e-04 seed=2
iter= 276 step= 886400 ep_ret=+90.517 opt_ret=+90.517 step_rew=0.9052 opt_step=0.9052 gap0=0.000 dret=+373.878 eval_ret=n/a pursuer_target_distance=1.225 capture=0.214 score=0.096 pol=-0.0007 val=0.0269 ent=0.8590 tot=+0.0076 agnorm=0.066 cgnorm=0.085 kl=0.0011 clipf=0.005 ev=+0.900 r0=1.0000 entcoef=6.02e-03 lr=3.9e-04 seed=2
iter= 277 step= 889600 ep_ret=+131.230 opt_ret=+131.230 step_rew=1.3123 opt_step=1.3123 gap0=0.000 dret=+414.590 eval_ret=n/a pursuer_target_distance=1.168 capture=0.249 score=0.115 pol=-0.0005 val=0.0284 ent=0.9011 tot=+0.0083 agnorm=0.052 cgnorm=0.092 kl=0.0010 clipf=0.004 ev=+0.907 r0=1.0000 entcoef=6.00e-03 lr=3.9e-04 seed=2
iter= 278 step= 892800 ep_ret=+138.282 opt_ret=+138.282 step_rew=1.3828 opt_step=1.3828 gap0=0.000 dret=+421.643 eval_ret=n/a pursuer_target_distance=1.007 capture=0.240 score=0.120 pol=-0.0011 val=0.0234 ent=0.8893 tot=+0.0053 agnorm=0.067 cgnorm=0.088 kl=0.0020 clipf=0.016 ev=+0.913 r0=1.0000 entcoef=5.99e-03 lr=3.9e-04 seed=2
iter= 279 step= 896000 ep_ret=+172.104 opt_ret=+172.104 step_rew=1.7210 opt_step=1.7210 gap0=0.000 dret=+455.465 eval_ret=n/a pursuer_target_distance=0.869 capture=0.260 score=0.139 pol=-0.0009 val=0.0257 ent=0.8808 tot=+0.0067 agnorm=0.095 cgnorm=0.108 kl=0.0013 clipf=0.009 ev=+0.876 r0=1.0000 entcoef=5.98e-03 lr=3.9e-04 seed=2
iter= 280 step= 899200 ep_ret=+117.261 opt_ret=+117.261 step_rew=1.1726 opt_step=1.1726 gap0=0.000 dret=+400.622 eval_ret=+529.247 pursuer_target_distance=1.036 capture=0.222 score=0.109 pol=-0.0008 val=0.0160 ent=0.8868 tot=+0.0019 agnorm=0.086 cgnorm=0.053 kl=0.0011 clipf=0.006 ev=+0.937 r0=1.0000 entcoef=5.96e-03 lr=3.9e-04 seed=2
iter= 281 step= 902400 ep_ret=+112.985 opt_ret=+112.985 step_rew=1.1298 opt_step=1.1298 gap0=0.000 dret=+396.346 eval_ret=n/a pursuer_target_distance=1.335 capture=0.247 score=0.106 pol=-0.0012 val=0.0269 ent=0.8329 tot=+0.0073 agnorm=0.079 cgnorm=0.079 kl=0.0020 clipf=0.019 ev=+0.924 r0=1.0000 entcoef=5.95e-03 lr=3.9e-04 seed=2
iter= 282 step= 905600 ep_ret=+35.616 opt_ret=+35.616 step_rew=0.3562 opt_step=0.3562 gap0=0.000 dret=+318.977 eval_ret=n/a pursuer_target_distance=1.371 capture=0.174 score=0.073 pol=-0.0006 val=0.0194 ent=0.7912 tot=+0.0044 agnorm=0.052 cgnorm=0.078 kl=0.0007 clipf=0.005 ev=+0.939 r0=1.0000 entcoef=5.93e-03 lr=3.9e-04 seed=2
iter= 283 step= 908800 ep_ret=+151.549 opt_ret=+151.549 step_rew=1.5155 opt_step=1.5155 gap0=0.000 dret=+434.910 eval_ret=n/a pursuer_target_distance=1.115 capture=0.264 score=0.125 pol=-0.0004 val=0.0199 ent=0.8312 tot=+0.0046 agnorm=0.046 cgnorm=0.058 kl=0.0006 clipf=0.002 ev=+0.933 r0=1.0000 entcoef=5.92e-03 lr=3.9e-04 seed=2
iter= 284 step= 912000 ep_ret=+125.889 opt_ret=+125.889 step_rew=1.2589 opt_step=1.2589 gap0=0.000 dret=+409.250 eval_ret=n/a pursuer_target_distance=1.197 capture=0.247 score=0.112 pol=-0.0010 val=0.0220 ent=0.8063 tot=+0.0052 agnorm=0.082 cgnorm=0.070 kl=0.0011 clipf=0.008 ev=+0.922 r0=1.0000 entcoef=5.90e-03 lr=3.9e-04 seed=2
iter= 285 step= 915200 ep_ret=+145.779 opt_ret=+145.779 step_rew=1.4578 opt_step=1.4578 gap0=0.000 dret=+429.139 eval_ret=n/a pursuer_target_distance=1.010 capture=0.248 score=0.123 pol=-0.0009 val=0.0215 ent=0.8322 tot=+0.0049 agnorm=0.077 cgnorm=0.074 kl=0.0012 clipf=0.010 ev=+0.907 r0=1.0000 entcoef=5.89e-03 lr=3.8e-04 seed=2
iter= 286 step= 918400 ep_ret=+161.614 opt_ret=+161.614 step_rew=1.6161 opt_step=1.6161 gap0=0.000 dret=+444.975 eval_ret=n/a pursuer_target_distance=0.968 capture=0.259 score=0.132 pol=-0.0010 val=0.0227 ent=0.8298 tot=+0.0054 agnorm=0.079 cgnorm=0.057 kl=0.0010 clipf=0.007 ev=+0.889 r0=1.0000 entcoef=5.88e-03 lr=3.8e-04 seed=2
iter= 287 step= 921600 ep_ret=+159.739 opt_ret=+159.739 step_rew=1.5974 opt_step=1.5974 gap0=0.000 dret=+443.100 eval_ret=n/a pursuer_target_distance=1.008 capture=0.262 score=0.130 pol=-0.0004 val=0.0223 ent=0.8307 tot=+0.0059 agnorm=0.048 cgnorm=0.067 kl=0.0007 clipf=0.002 ev=+0.905 r0=1.0000 entcoef=5.86e-03 lr=3.8e-04 seed=2
iter= 288 step= 924800 ep_ret=+87.912 opt_ret=+87.912 step_rew=0.8791 opt_step=0.8791 gap0=0.000 dret=+371.273 eval_ret=n/a pursuer_target_distance=1.452 capture=0.234 score=0.095 pol=-0.0009 val=0.0221 ent=0.7973 tot=+0.0055 agnorm=0.091 cgnorm=0.077 kl=0.0013 clipf=0.010 ev=+0.919 r0=1.0000 entcoef=5.85e-03 lr=3.8e-04 seed=2
iter= 289 step= 928000 ep_ret=+115.677 opt_ret=+115.677 step_rew=1.1568 opt_step=1.1568 gap0=0.000 dret=+399.038 eval_ret=n/a pursuer_target_distance=1.258 capture=0.242 score=0.107 pol=-0.0009 val=0.0194 ent=0.7925 tot=+0.0042 agnorm=0.106 cgnorm=0.075 kl=0.0012 clipf=0.009 ev=+0.924 r0=1.0000 entcoef=5.83e-03 lr=3.8e-04 seed=2
iter= 290 step= 931200 ep_ret=+265.690 opt_ret=+265.690 step_rew=2.6569 opt_step=2.6569 gap0=0.000 dret=+549.051 eval_ret=n/a pursuer_target_distance=0.711 capture=0.338 score=0.197 pol=-0.0011 val=0.0221 ent=0.8009 tot=+0.0053 agnorm=0.084 cgnorm=0.090 kl=0.0019 clipf=0.017 ev=+0.896 r0=1.0000 entcoef=5.82e-03 lr=3.8e-04 seed=2
iter= 291 step= 934400 ep_ret=+172.972 opt_ret=+172.972 step_rew=1.7297 opt_step=1.7297 gap0=0.000 dret=+456.333 eval_ret=n/a pursuer_target_distance=1.120 capture=0.286 score=0.135 pol=-0.0010 val=0.0257 ent=0.7808 tot=+0.0074 agnorm=0.077 cgnorm=0.086 kl=0.0018 clipf=0.015 ev=+0.893 r0=1.0000 entcoef=5.80e-03 lr=3.8e-04 seed=2
iter= 292 step= 937600 ep_ret=+139.131 opt_ret=+139.131 step_rew=1.3913 opt_step=1.3913 gap0=0.000 dret=+422.491 eval_ret=n/a pursuer_target_distance=1.311 capture=0.271 score=0.117 pol=-0.0007 val=0.0208 ent=0.7581 tot=+0.0053 agnorm=0.057 cgnorm=0.077 kl=0.0009 clipf=0.005 ev=+0.917 r0=1.0000 entcoef=5.79e-03 lr=3.8e-04 seed=2
iter= 293 step= 940800 ep_ret=+193.059 opt_ret=+193.059 step_rew=1.9306 opt_step=1.9306 gap0=0.000 dret=+476.420 eval_ret=n/a pursuer_target_distance=0.984 capture=0.292 score=0.147 pol=-0.0008 val=0.0231 ent=0.7492 tot=+0.0064 agnorm=0.066 cgnorm=0.085 kl=0.0011 clipf=0.005 ev=+0.895 r0=1.0000 entcoef=5.77e-03 lr=3.8e-04 seed=2
iter= 294 step= 944000 ep_ret=+147.302 opt_ret=+147.302 step_rew=1.4730 opt_step=1.4730 gap0=0.000 dret=+430.662 eval_ret=n/a pursuer_target_distance=1.164 capture=0.265 score=0.122 pol=-0.0005 val=0.0214 ent=0.7418 tot=+0.0060 agnorm=0.050 cgnorm=0.061 kl=0.0009 clipf=0.006 ev=+0.917 r0=1.0000 entcoef=5.76e-03 lr=3.7e-04 seed=2
iter= 295 step= 947200 ep_ret=+141.310 opt_ret=+141.310 step_rew=1.4131 opt_step=1.4131 gap0=0.000 dret=+424.671 eval_ret=n/a pursuer_target_distance=1.249 capture=0.267 score=0.119 pol=-0.0011 val=0.0220 ent=0.7348 tot=+0.0057 agnorm=0.109 cgnorm=0.095 kl=0.0017 clipf=0.016 ev=+0.893 r0=1.0000 entcoef=5.75e-03 lr=3.7e-04 seed=2
iter= 296 step= 950400 ep_ret=+182.510 opt_ret=+182.510 step_rew=1.8251 opt_step=1.8251 gap0=0.000 dret=+465.871 eval_ret=n/a pursuer_target_distance=1.021 capture=0.286 score=0.141 pol=-0.0004 val=0.0203 ent=0.7475 tot=+0.0055 agnorm=0.053 cgnorm=0.065 kl=0.0008 clipf=0.003 ev=+0.902 r0=1.0000 entcoef=5.73e-03 lr=3.7e-04 seed=2
iter= 297 step= 953600 ep_ret=+360.391 opt_ret=+360.391 step_rew=3.6039 opt_step=3.6039 gap0=0.000 dret=+643.752 eval_ret=n/a pursuer_target_distance=0.636 capture=0.425 score=0.260 pol=-0.0012 val=0.0197 ent=0.7842 tot=+0.0042 agnorm=0.094 cgnorm=0.077 kl=0.0015 clipf=0.012 ev=+0.904 r0=1.0000 entcoef=5.72e-03 lr=3.7e-04 seed=2
iter= 298 step= 956800 ep_ret=+229.436 opt_ret=+229.436 step_rew=2.2944 opt_step=2.2944 gap0=0.000 dret=+512.796 eval_ret=n/a pursuer_target_distance=1.043 capture=0.335 score=0.164 pol=-0.0005 val=0.0173 ent=0.8205 tot=+0.0034 agnorm=0.068 cgnorm=0.085 kl=0.0014 clipf=0.010 ev=+0.932 r0=1.0000 entcoef=5.70e-03 lr=3.7e-04 seed=2
iter= 299 step= 960000 ep_ret=+174.146 opt_ret=+174.146 step_rew=1.7415 opt_step=1.7415 gap0=0.000 dret=+457.507 eval_ret=n/a pursuer_target_distance=1.017 capture=0.277 score=0.137 pol=-0.0008 val=0.0183 ent=0.7653 tot=+0.0040 agnorm=0.090 cgnorm=0.073 kl=0.0017 clipf=0.019 ev=+0.919 r0=1.0000 entcoef=5.69e-03 lr=3.7e-04 seed=2
iter= 300 step= 963200 ep_ret=+145.376 opt_ret=+145.376 step_rew=1.4538 opt_step=1.4538 gap0=0.000 dret=+428.737 eval_ret=+544.745 pursuer_target_distance=1.339 capture=0.280 score=0.120 pol=-0.0010 val=0.0171 ent=0.8056 tot=+0.0030 agnorm=0.089 cgnorm=0.064 kl=0.0022 clipf=0.026 ev=+0.942 r0=1.0000 entcoef=5.67e-03 lr=3.7e-04 seed=2
iter= 301 step= 966400 ep_ret=+255.143 opt_ret=+255.143 step_rew=2.5514 opt_step=2.5514 gap0=0.000 dret=+538.504 eval_ret=n/a pursuer_target_distance=0.992 capture=0.355 score=0.178 pol=-0.0006 val=0.0208 ent=0.7946 tot=+0.0053 agnorm=0.065 cgnorm=0.082 kl=0.0013 clipf=0.013 ev=+0.904 r0=1.0000 entcoef=5.66e-03 lr=3.7e-04 seed=2
iter= 302 step= 969600 ep_ret=+230.523 opt_ret=+230.523 step_rew=2.3052 opt_step=2.3052 gap0=0.000 dret=+513.884 eval_ret=n/a pursuer_target_distance=0.979 capture=0.329 score=0.166 pol=-0.0005 val=0.0137 ent=0.7880 tot=+0.0019 agnorm=0.052 cgnorm=0.050 kl=0.0006 clipf=0.003 ev=+0.941 r0=1.0000 entcoef=5.64e-03 lr=3.7e-04 seed=2
iter= 303 step= 972800 ep_ret=+166.724 opt_ret=+166.724 step_rew=1.6672 opt_step=1.6672 gap0=0.000 dret=+450.085 eval_ret=n/a pursuer_target_distance=1.232 capture=0.291 score=0.130 pol=-0.0007 val=0.0211 ent=0.7940 tot=+0.0053 agnorm=0.074 cgnorm=0.068 kl=0.0016 clipf=0.013 ev=+0.906 r0=1.0000 entcoef=5.63e-03 lr=3.6e-04 seed=2
iter= 304 step= 976000 ep_ret=+99.253 opt_ret=+99.253 step_rew=0.9925 opt_step=0.9925 gap0=0.000 dret=+382.614 eval_ret=n/a pursuer_target_distance=1.232 capture=0.223 score=0.100 pol=-0.0008 val=0.0180 ent=0.7459 tot=+0.0040 agnorm=0.066 cgnorm=0.067 kl=0.0008 clipf=0.003 ev=+0.910 r0=1.0000 entcoef=5.62e-03 lr=3.6e-04 seed=2
iter= 305 step= 979200 ep_ret=+232.198 opt_ret=+232.198 step_rew=2.3220 opt_step=2.3220 gap0=0.000 dret=+515.559 eval_ret=n/a pursuer_target_distance=0.931 capture=0.326 score=0.169 pol=-0.0008 val=0.0166 ent=0.8164 tot=+0.0029 agnorm=0.126 cgnorm=0.057 kl=0.0008 clipf=0.007 ev=+0.928 r0=1.0000 entcoef=5.60e-03 lr=3.6e-04 seed=2
iter= 306 step= 982400 ep_ret=+228.694 opt_ret=+228.694 step_rew=2.2869 opt_step=2.2869 gap0=0.000 dret=+512.054 eval_ret=n/a pursuer_target_distance=0.931 capture=0.323 score=0.167 pol=-0.0008 val=0.0160 ent=0.7972 tot=+0.0028 agnorm=0.090 cgnorm=0.064 kl=0.0008 clipf=0.006 ev=+0.916 r0=1.0000 entcoef=5.59e-03 lr=3.6e-04 seed=2
iter= 307 step= 985600 ep_ret=+144.166 opt_ret=+144.166 step_rew=1.4417 opt_step=1.4417 gap0=0.000 dret=+427.527 eval_ret=n/a pursuer_target_distance=1.439 capture=0.289 score=0.119 pol=-0.0006 val=0.0162 ent=0.7602 tot=+0.0033 agnorm=0.110 cgnorm=0.062 kl=0.0009 clipf=0.007 ev=+0.936 r0=1.0000 entcoef=5.57e-03 lr=3.6e-04 seed=2
iter= 308 step= 988800 ep_ret=+268.399 opt_ret=+268.399 step_rew=2.6840 opt_step=2.6840 gap0=0.000 dret=+551.760 eval_ret=n/a pursuer_target_distance=0.931 capture=0.362 score=0.188 pol=-0.0004 val=0.0169 ent=0.7844 tot=+0.0036 agnorm=0.054 cgnorm=0.077 kl=0.0007 clipf=0.004 ev=+0.928 r0=1.0000 entcoef=5.56e-03 lr=3.6e-04 seed=2
iter= 309 step= 992000 ep_ret=+172.579 opt_ret=+172.579 step_rew=1.7258 opt_step=1.7258 gap0=0.000 dret=+455.940 eval_ret=n/a pursuer_target_distance=1.152 capture=0.289 score=0.134 pol=-0.0011 val=0.0185 ent=0.7660 tot=+0.0039 agnorm=0.092 cgnorm=0.086 kl=0.0017 clipf=0.015 ev=+0.896 r0=1.0000 entcoef=5.54e-03 lr=3.6e-04 seed=2
iter= 310 step= 995200 ep_ret=+216.245 opt_ret=+216.245 step_rew=2.1625 opt_step=2.1625 gap0=0.000 dret=+499.606 eval_ret=n/a pursuer_target_distance=0.924 capture=0.310 score=0.161 pol=-0.0011 val=0.0150 ent=0.7587 tot=+0.0022 agnorm=0.107 cgnorm=0.062 kl=0.0018 clipf=0.019 ev=+0.907 r0=1.0000 entcoef=5.53e-03 lr=3.6e-04 seed=2
iter= 311 step= 998400 ep_ret=+195.222 opt_ret=+195.222 step_rew=1.9522 opt_step=1.9522 gap0=0.000 dret=+478.582 eval_ret=n/a pursuer_target_distance=1.147 capture=0.311 score=0.145 pol=-0.0006 val=0.0177 ent=0.7470 tot=+0.0041 agnorm=0.088 cgnorm=0.056 kl=0.0012 clipf=0.008 ev=+0.927 r0=1.0000 entcoef=5.51e-03 lr=3.6e-04 seed=2
iter= 312 step=1001600 ep_ret=+289.741 opt_ret=+289.741 step_rew=2.8974 opt_step=2.8974 gap0=0.000 dret=+573.102 eval_ret=n/a pursuer_target_distance=0.805 capture=0.371 score=0.206 pol=-0.0004 val=0.0181 ent=0.7897 tot=+0.0042 agnorm=0.068 cgnorm=0.062 kl=0.0012 clipf=0.005 ev=+0.881 r0=1.0000 entcoef=5.50e-03 lr=3.6e-04 seed=2
iter= 313 step=1004800 ep_ret=+265.591 opt_ret=+265.591 step_rew=2.6559 opt_step=2.6559 gap0=0.000 dret=+548.951 eval_ret=n/a pursuer_target_distance=0.987 capture=0.365 score=0.184 pol=-0.0007 val=0.0175 ent=0.8093 tot=+0.0036 agnorm=0.083 cgnorm=0.065 kl=0.0014 clipf=0.013 ev=+0.926 r0=1.0000 entcoef=5.49e-03 lr=3.5e-04 seed=2
iter= 314 step=1008000 ep_ret=+176.794 opt_ret=+176.794 step_rew=1.7679 opt_step=1.7679 gap0=0.000 dret=+460.155 eval_ret=n/a pursuer_target_distance=1.185 capture=0.296 score=0.136 pol=-0.0008 val=0.0178 ent=0.7706 tot=+0.0039 agnorm=0.094 cgnorm=0.075 kl=0.0014 clipf=0.008 ev=+0.897 r0=1.0000 entcoef=5.47e-03 lr=3.5e-04 seed=2
iter= 315 step=1011200 ep_ret=+171.957 opt_ret=+171.957 step_rew=1.7196 opt_step=1.7196 gap0=0.000 dret=+455.318 eval_ret=n/a pursuer_target_distance=1.205 capture=0.293 score=0.133 pol=-0.0005 val=0.0148 ent=0.8181 tot=+0.0024 agnorm=0.077 cgnorm=0.067 kl=0.0012 clipf=0.009 ev=+0.933 r0=1.0000 entcoef=5.46e-03 lr=3.5e-04 seed=2
iter= 316 step=1014400 ep_ret=+235.090 opt_ret=+235.090 step_rew=2.3509 opt_step=2.3509 gap0=0.000 dret=+518.451 eval_ret=n/a pursuer_target_distance=0.883 capture=0.324 score=0.172 pol=-0.0011 val=0.0132 ent=0.8157 tot=+0.0010 agnorm=0.104 cgnorm=0.044 kl=0.0014 clipf=0.018 ev=+0.915 r0=1.0000 entcoef=5.44e-03 lr=3.5e-04 seed=2
iter= 317 step=1017600 ep_ret=+238.957 opt_ret=+238.957 step_rew=2.3896 opt_step=2.3896 gap0=0.000 dret=+522.318 eval_ret=n/a pursuer_target_distance=0.863 capture=0.326 score=0.175 pol=-0.0005 val=0.0112 ent=0.7845 tot=+0.0008 agnorm=0.075 cgnorm=0.037 kl=0.0012 clipf=0.009 ev=+0.927 r0=1.0000 entcoef=5.43e-03 lr=3.5e-04 seed=2
iter= 318 step=1020800 ep_ret=+140.493 opt_ret=+140.493 step_rew=1.4049 opt_step=1.4049 gap0=0.000 dret=+423.853 eval_ret=n/a pursuer_target_distance=1.288 capture=0.270 score=0.118 pol=-0.0012 val=0.0150 ent=0.7339 tot=+0.0023 agnorm=0.084 cgnorm=0.053 kl=0.0011 clipf=0.009 ev=+0.929 r0=1.0000 entcoef=5.41e-03 lr=3.5e-04 seed=2
iter= 319 step=1024000 ep_ret=+274.447 opt_ret=+274.447 step_rew=2.7445 opt_step=2.7445 gap0=0.000 dret=+557.807 eval_ret=n/a pursuer_target_distance=0.936 capture=0.369 score=0.191 pol=-0.0006 val=0.0141 ent=0.7889 tot=+0.0022 agnorm=0.077 cgnorm=0.054 kl=0.0010 clipf=0.007 ev=+0.911 r0=1.0000 entcoef=5.40e-03 lr=3.5e-04 seed=2
iter= 320 step=1027200 ep_ret=+181.623 opt_ret=+181.623 step_rew=1.8162 opt_step=1.8162 gap0=0.000 dret=+464.984 eval_ret=+544.419 pursuer_target_distance=1.014 capture=0.284 score=0.141 pol=-0.0008 val=0.0128 ent=0.7641 tot=+0.0014 agnorm=0.070 cgnorm=0.044 kl=0.0015 clipf=0.012 ev=+0.930 r0=1.0000 entcoef=5.38e-03 lr=3.5e-04 seed=2
iter= 321 step=1030400 ep_ret=+313.477 opt_ret=+313.477 step_rew=3.1348 opt_step=3.1348 gap0=0.000 dret=+596.837 eval_ret=n/a pursuer_target_distance=0.749 capture=0.389 score=0.223 pol=-0.0009 val=0.0119 ent=0.7513 tot=+0.0010 agnorm=0.120 cgnorm=0.038 kl=0.0022 clipf=0.025 ev=+0.921 r0=1.0000 entcoef=5.37e-03 lr=3.5e-04 seed=2
iter= 322 step=1033600 ep_ret=+213.573 opt_ret=+213.573 step_rew=2.1357 opt_step=2.1357 gap0=0.000 dret=+496.933 eval_ret=n/a pursuer_target_distance=0.973 capture=0.312 score=0.158 pol=-0.0007 val=0.0128 ent=0.7427 tot=+0.0018 agnorm=0.093 cgnorm=0.046 kl=0.0013 clipf=0.010 ev=+0.925 r0=1.0000 entcoef=5.36e-03 lr=3.4e-04 seed=2
iter= 323 step=1036800 ep_ret=+244.677 opt_ret=+244.677 step_rew=2.4468 opt_step=2.4468 gap0=0.000 dret=+528.038 eval_ret=n/a pursuer_target_distance=0.881 capture=0.334 score=0.177 pol=-0.0010 val=0.0117 ent=0.7424 tot=+0.0009 agnorm=0.109 cgnorm=0.041 kl=0.0011 clipf=0.008 ev=+0.932 r0=1.0000 entcoef=5.34e-03 lr=3.4e-04 seed=2
iter= 324 step=1040000 ep_ret=+195.753 opt_ret=+195.753 step_rew=1.9575 opt_step=1.9575 gap0=0.000 dret=+479.114 eval_ret=n/a pursuer_target_distance=1.142 capture=0.311 score=0.145 pol=-0.0007 val=0.0140 ent=0.7392 tot=+0.0023 agnorm=0.084 cgnorm=0.066 kl=0.0009 clipf=0.006 ev=+0.912 r0=1.0000 entcoef=5.33e-03 lr=3.4e-04 seed=2
iter= 325 step=1043200 ep_ret=+222.576 opt_ret=+222.576 step_rew=2.2258 opt_step=2.2258 gap0=0.000 dret=+505.937 eval_ret=n/a pursuer_target_distance=0.933 capture=0.317 score=0.164 pol=-0.0008 val=0.0101 ent=0.7848 tot=+0.0001 agnorm=0.097 cgnorm=0.042 kl=0.0019 clipf=0.020 ev=+0.928 r0=1.0000 entcoef=5.31e-03 lr=3.4e-04 seed=2
iter= 326 step=1046400 ep_ret=+205.655 opt_ret=+205.655 step_rew=2.0566 opt_step=2.0566 gap0=0.000 dret=+489.016 eval_ret=n/a pursuer_target_distance=1.140 capture=0.321 score=0.150 pol=-0.0007 val=0.0120 ent=0.7383 tot=+0.0013 agnorm=0.097 cgnorm=0.047 kl=0.0013 clipf=0.011 ev=+0.934 r0=1.0000 entcoef=5.30e-03 lr=3.4e-04 seed=2
iter= 327 step=1049600 ep_ret=+210.042 opt_ret=+210.042 step_rew=2.1004 opt_step=2.1004 gap0=0.000 dret=+493.402 eval_ret=n/a pursuer_target_distance=1.040 capture=0.315 score=0.154 pol=-0.0007 val=0.0087 ent=0.7527 tot=-0.0003 agnorm=0.099 cgnorm=0.041 kl=0.0011 clipf=0.010 ev=+0.945 r0=1.0000 entcoef=5.28e-03 lr=3.4e-04 seed=2
iter= 328 step=1052800 ep_ret=+190.146 opt_ret=+190.146 step_rew=1.9015 opt_step=1.9015 gap0=0.000 dret=+473.507 eval_ret=n/a pursuer_target_distance=1.182 capture=0.309 score=0.142 pol=-0.0008 val=0.0137 ent=0.7491 tot=+0.0021 agnorm=0.073 cgnorm=0.054 kl=0.0009 clipf=0.005 ev=+0.916 r0=1.0000 entcoef=5.27e-03 lr=3.4e-04 seed=2
iter= 329 step=1056000 ep_ret=+47.024 opt_ret=+47.024 step_rew=0.4702 opt_step=0.4702 gap0=0.000 dret=+330.385 eval_ret=n/a pursuer_target_distance=1.832 capture=0.231 score=0.082 pol=-0.0004 val=0.0147 ent=0.7079 tot=+0.0033 agnorm=0.066 cgnorm=0.061 kl=0.0006 clipf=0.003 ev=+0.942 r0=1.0000 entcoef=5.25e-03 lr=3.4e-04 seed=2
iter= 330 step=1059200 ep_ret=+236.745 opt_ret=+236.745 step_rew=2.3674 opt_step=2.3674 gap0=0.000 dret=+520.106 eval_ret=n/a pursuer_target_distance=0.957 capture=0.333 score=0.170 pol=-0.0008 val=0.0151 ent=0.7053 tot=+0.0031 agnorm=0.087 cgnorm=0.059 kl=0.0011 clipf=0.012 ev=+0.885 r0=1.0000 entcoef=5.24e-03 lr=3.4e-04 seed=2
iter= 331 step=1062400 ep_ret=+159.773 opt_ret=+159.773 step_rew=1.5977 opt_step=1.5977 gap0=0.000 dret=+443.134 eval_ret=n/a pursuer_target_distance=1.224 capture=0.283 score=0.127 pol=-0.0008 val=0.0154 ent=0.7031 tot=+0.0032 agnorm=0.111 cgnorm=0.060 kl=0.0010 clipf=0.007 ev=+0.890 r0=1.0000 entcoef=5.23e-03 lr=3.3e-04 seed=2
iter= 332 step=1065600 ep_ret=+270.759 opt_ret=+270.759 step_rew=2.7076 opt_step=2.7076 gap0=0.000 dret=+554.120 eval_ret=n/a pursuer_target_distance=1.076 capture=0.379 score=0.183 pol=-0.0006 val=0.0120 ent=0.7500 tot=+0.0015 agnorm=0.086 cgnorm=0.047 kl=0.0007 clipf=0.005 ev=+0.946 r0=1.0000 entcoef=5.21e-03 lr=3.3e-04 seed=2
iter= 333 step=1068800 ep_ret=+217.772 opt_ret=+217.772 step_rew=2.1777 opt_step=2.1777 gap0=0.000 dret=+501.133 eval_ret=n/a pursuer_target_distance=1.019 capture=0.321 score=0.159 pol=-0.0009 val=0.0135 ent=0.7037 tot=+0.0022 agnorm=0.086 cgnorm=0.042 kl=0.0022 clipf=0.021 ev=+0.911 r0=1.0000 entcoef=5.20e-03 lr=3.3e-04 seed=2
iter= 334 step=1072000 ep_ret=+270.392 opt_ret=+270.392 step_rew=2.7039 opt_step=2.7039 gap0=0.000 dret=+553.752 eval_ret=n/a pursuer_target_distance=1.061 capture=0.378 score=0.183 pol=-0.0004 val=0.0112 ent=0.7137 tot=+0.0015 agnorm=0.052 cgnorm=0.050 kl=0.0009 clipf=0.006 ev=+0.936 r0=1.0000 entcoef=5.18e-03 lr=3.3e-04 seed=2
iter= 335 step=1075200 ep_ret=+321.960 opt_ret=+321.960 step_rew=3.2196 opt_step=3.2196 gap0=0.000 dret=+605.321 eval_ret=n/a pursuer_target_distance=0.742 capture=0.397 score=0.228 pol=-0.0006 val=0.0140 ent=0.6878 tot=+0.0028 agnorm=0.062 cgnorm=0.064 kl=0.0009 clipf=0.006 ev=+0.912 r0=1.0000 entcoef=5.17e-03 lr=3.3e-04 seed=2
iter= 336 step=1078400 ep_ret=+277.264 opt_ret=+277.264 step_rew=2.7726 opt_step=2.7726 gap0=0.000 dret=+560.625 eval_ret=n/a pursuer_target_distance=0.864 capture=0.365 score=0.196 pol=-0.0009 val=0.0137 ent=0.7441 tot=+0.0021 agnorm=0.083 cgnorm=0.062 kl=0.0017 clipf=0.015 ev=+0.892 r0=1.0000 entcoef=5.15e-03 lr=3.3e-04 seed=2
iter= 337 step=1081600 ep_ret=+266.162 opt_ret=+266.162 step_rew=2.6616 opt_step=2.6616 gap0=0.000 dret=+549.523 eval_ret=n/a pursuer_target_distance=0.903 capture=0.357 score=0.188 pol=-0.0011 val=0.0134 ent=0.7221 tot=+0.0019 agnorm=0.132 cgnorm=0.050 kl=0.0017 clipf=0.017 ev=+0.888 r0=1.0000 entcoef=5.14e-03 lr=3.3e-04 seed=2
iter= 338 step=1084800 ep_ret=+254.748 opt_ret=+254.748 step_rew=2.5475 opt_step=2.5475 gap0=0.000 dret=+538.109 eval_ret=n/a pursuer_target_distance=1.011 capture=0.357 score=0.177 pol=-0.0009 val=0.0135 ent=0.7114 tot=+0.0022 agnorm=0.079 cgnorm=0.037 kl=0.0012 clipf=0.008 ev=+0.900 r0=1.0000 entcoef=5.13e-03 lr=3.3e-04 seed=2
iter= 339 step=1088000 ep_ret=+224.761 opt_ret=+224.761 step_rew=2.2476 opt_step=2.2476 gap0=0.000 dret=+508.121 eval_ret=n/a pursuer_target_distance=1.096 capture=0.335 score=0.160 pol=-0.0006 val=0.0132 ent=0.6983 tot=+0.0025 agnorm=0.083 cgnorm=0.055 kl=0.0012 clipf=0.012 ev=+0.905 r0=1.0000 entcoef=5.11e-03 lr=3.3e-04 seed=2
iter= 340 step=1091200 ep_ret=+157.959 opt_ret=+157.959 step_rew=1.5796 opt_step=1.5796 gap0=0.000 dret=+441.320 eval_ret=+549.880 pursuer_target_distance=1.292 capture=0.288 score=0.126 pol=-0.0008 val=0.0121 ent=0.7430 tot=+0.0015 agnorm=0.101 cgnorm=0.060 kl=0.0018 clipf=0.020 ev=+0.947 r0=1.0000 entcoef=5.10e-03 lr=3.2e-04 seed=2
iter= 341 step=1094400 ep_ret=+240.151 opt_ret=+240.151 step_rew=2.4015 opt_step=2.4015 gap0=0.000 dret=+523.511 eval_ret=n/a pursuer_target_distance=1.148 capture=0.356 score=0.166 pol=-0.0004 val=0.0132 ent=0.7210 tot=+0.0025 agnorm=0.044 cgnorm=0.047 kl=0.0008 clipf=0.004 ev=+0.914 r0=1.0000 entcoef=5.08e-03 lr=3.2e-04 seed=2
iter= 342 step=1097600 ep_ret=+166.395 opt_ret=+166.395 step_rew=1.6639 opt_step=1.6639 gap0=0.000 dret=+449.755 eval_ret=n/a pursuer_target_distance=1.185 capture=0.286 score=0.131 pol=-0.0010 val=0.0139 ent=0.7173 tot=+0.0023 agnorm=0.125 cgnorm=0.062 kl=0.0013 clipf=0.010 ev=+0.906 r0=1.0000 entcoef=5.07e-03 lr=3.2e-04 seed=2
iter= 343 step=1100800 ep_ret=+233.285 opt_ret=+233.285 step_rew=2.3328 opt_step=2.3328 gap0=0.000 dret=+516.645 eval_ret=n/a pursuer_target_distance=0.945 capture=0.329 score=0.169 pol=-0.0005 val=0.0106 ent=0.7080 tot=+0.0012 agnorm=0.077 cgnorm=0.053 kl=0.0013 clipf=0.010 ev=+0.917 r0=1.0000 entcoef=5.05e-03 lr=3.2e-04 seed=2
iter= 344 step=1104000 ep_ret=+268.447 opt_ret=+268.447 step_rew=2.6845 opt_step=2.6845 gap0=0.000 dret=+551.808 eval_ret=n/a pursuer_target_distance=0.859 capture=0.355 score=0.191 pol=-0.0008 val=0.0126 ent=0.7750 tot=+0.0016 agnorm=0.163 cgnorm=0.047 kl=0.0011 clipf=0.007 ev=+0.901 r0=1.0000 entcoef=5.04e-03 lr=3.2e-04 seed=2
iter= 345 step=1107200 ep_ret=+83.723 opt_ret=+83.723 step_rew=0.8372 opt_step=0.8372 gap0=0.000 dret=+367.084 eval_ret=n/a pursuer_target_distance=1.578 capture=0.242 score=0.094 pol=-0.0005 val=0.0122 ent=0.6677 tot=+0.0023 agnorm=0.074 cgnorm=0.054 kl=0.0004 clipf=0.003 ev=+0.933 r0=1.0000 entcoef=5.02e-03 lr=3.2e-04 seed=2
iter= 346 step=1110400 ep_ret=+292.191 opt_ret=+292.191 step_rew=2.9219 opt_step=2.9219 gap0=0.000 dret=+575.552 eval_ret=n/a pursuer_target_distance=0.899 capture=0.383 score=0.202 pol=-0.0005 val=0.0119 ent=0.7474 tot=+0.0017 agnorm=0.086 cgnorm=0.043 kl=0.0005 clipf=0.002 ev=+0.901 r0=1.0000 entcoef=5.01e-03 lr=3.2e-04 seed=2
iter= 347 step=1113600 ep_ret=+290.366 opt_ret=+290.366 step_rew=2.9037 opt_step=2.9037 gap0=0.000 dret=+573.727 eval_ret=n/a pursuer_target_distance=0.855 capture=0.377 score=0.203 pol=-0.0007 val=0.0097 ent=0.7105 tot=+0.0006 agnorm=0.065 cgnorm=0.050 kl=0.0012 clipf=0.007 ev=+0.915 r0=1.0000 entcoef=5.00e-03 lr=3.2e-04 seed=2
iter= 348 step=1116800 ep_ret=+178.345 opt_ret=+178.345 step_rew=1.7834 opt_step=1.7834 gap0=0.000 dret=+461.705 eval_ret=n/a pursuer_target_distance=1.050 capture=0.284 score=0.139 pol=-0.0008 val=0.0112 ent=0.7158 tot=+0.0012 agnorm=0.097 cgnorm=0.051 kl=0.0018 clipf=0.013 ev=+0.913 r0=1.0000 entcoef=4.98e-03 lr=3.2e-04 seed=2
iter= 349 step=1120000 ep_ret=+231.711 opt_ret=+231.711 step_rew=2.3171 opt_step=2.3171 gap0=0.000 dret=+515.072 eval_ret=n/a pursuer_target_distance=1.054 capture=0.338 score=0.165 pol=-0.0007 val=0.0118 ent=0.6987 tot=+0.0017 agnorm=0.083 cgnorm=0.047 kl=0.0009 clipf=0.006 ev=+0.897 r0=1.0000 entcoef=4.97e-03 lr=3.1e-04 seed=2
iter= 350 step=1123200 ep_ret=+280.878 opt_ret=+280.878 step_rew=2.8088 opt_step=2.8088 gap0=0.000 dret=+564.239 eval_ret=n/a pursuer_target_distance=1.050 capture=0.387 score=0.189 pol=-0.0008 val=0.0136 ent=0.7385 tot=+0.0023 agnorm=0.087 cgnorm=0.035 kl=0.0009 clipf=0.006 ev=+0.896 r0=1.0000 entcoef=4.95e-03 lr=3.1e-04 seed=2
iter= 351 step=1126400 ep_ret=+168.238 opt_ret=+168.238 step_rew=1.6824 opt_step=1.6824 gap0=0.000 dret=+451.598 eval_ret=n/a pursuer_target_distance=1.126 capture=0.282 score=0.133 pol=-0.0007 val=0.0091 ent=0.7433 tot=+0.0002 agnorm=0.075 cgnorm=0.039 kl=0.0013 clipf=0.006 ev=+0.928 r0=1.0000 entcoef=4.94e-03 lr=3.1e-04 seed=2
iter= 352 step=1129600 ep_ret=+277.784 opt_ret=+277.784 step_rew=2.7778 opt_step=2.7778 gap0=0.000 dret=+561.145 eval_ret=n/a pursuer_target_distance=0.922 capture=0.371 score=0.193 pol=-0.0011 val=0.0115 ent=0.7182 tot=+0.0011 agnorm=0.132 cgnorm=0.048 kl=0.0024 clipf=0.028 ev=+0.891 r0=1.0000 entcoef=4.92e-03 lr=3.1e-04 seed=2
iter= 353 step=1132800 ep_ret=+297.183 opt_ret=+297.183 step_rew=2.9718 opt_step=2.9718 gap0=0.000 dret=+580.544 eval_ret=n/a pursuer_target_distance=0.759 capture=0.374 score=0.213 pol=-0.0005 val=0.0095 ent=0.7276 tot=+0.0006 agnorm=0.111 cgnorm=0.050 kl=0.0010 clipf=0.007 ev=+0.923 r0=1.0000 entcoef=4.91e-03 lr=3.1e-04 seed=2
iter= 354 step=1136000 ep_ret=+248.992 opt_ret=+248.992 step_rew=2.4899 opt_step=2.4899 gap0=0.000 dret=+532.353 eval_ret=n/a pursuer_target_distance=1.097 capture=0.360 score=0.172 pol=-0.0008 val=0.0102 ent=0.6854 tot=+0.0010 agnorm=0.081 cgnorm=0.036 kl=0.0014 clipf=0.015 ev=+0.932 r0=1.0000 entcoef=4.89e-03 lr=3.1e-04 seed=2
iter= 355 step=1139200 ep_ret=+250.697 opt_ret=+250.697 step_rew=2.5070 opt_step=2.5070 gap0=0.000 dret=+534.058 eval_ret=n/a pursuer_target_distance=0.955 capture=0.347 score=0.178 pol=-0.0008 val=0.0113 ent=0.6803 tot=+0.0016 agnorm=0.072 cgnorm=0.040 kl=0.0013 clipf=0.009 ev=+0.902 r0=1.0000 entcoef=4.88e-03 lr=3.1e-04 seed=2
iter= 356 step=1142400 ep_ret=+219.511 opt_ret=+219.511 step_rew=2.1951 opt_step=2.1951 gap0=0.000 dret=+502.872 eval_ret=n/a pursuer_target_distance=1.161 capture=0.337 score=0.156 pol=-0.0009 val=0.0115 ent=0.7070 tot=+0.0014 agnorm=0.115 cgnorm=0.045 kl=0.0018 clipf=0.020 ev=+0.918 r0=1.0000 entcoef=4.87e-03 lr=3.1e-04 seed=2
iter= 357 step=1145600 ep_ret=+242.470 opt_ret=+242.470 step_rew=2.4247 opt_step=2.4247 gap0=0.000 dret=+525.830 eval_ret=n/a pursuer_target_distance=0.984 capture=0.342 score=0.172 pol=-0.0007 val=0.0106 ent=0.7078 tot=+0.0012 agnorm=0.136 cgnorm=0.037 kl=0.0017 clipf=0.016 ev=+0.925 r0=1.0000 entcoef=4.85e-03 lr=3.1e-04 seed=2
iter= 358 step=1148800 ep_ret=+233.437 opt_ret=+233.437 step_rew=2.3344 opt_step=2.3344 gap0=0.000 dret=+516.798 eval_ret=n/a pursuer_target_distance=1.121 capture=0.347 score=0.163 pol=-0.0010 val=0.0105 ent=0.7166 tot=+0.0008 agnorm=0.113 cgnorm=0.037 kl=0.0019 clipf=0.018 ev=+0.919 r0=1.0000 entcoef=4.84e-03 lr=3.0e-04 seed=2
iter= 359 step=1152000 ep_ret=+361.192 opt_ret=+361.192 step_rew=3.6119 opt_step=3.6119 gap0=0.000 dret=+644.552 eval_ret=n/a pursuer_target_distance=0.666 capture=0.429 score=0.257 pol=-0.0005 val=0.0103 ent=0.6869 tot=+0.0014 agnorm=0.103 cgnorm=0.041 kl=0.0011 clipf=0.008 ev=+0.888 r0=1.0000 entcoef=4.82e-03 lr=3.0e-04 seed=2
iter= 360 step=1155200 ep_ret=+275.195 opt_ret=+275.195 step_rew=2.7520 opt_step=2.7520 gap0=0.000 dret=+558.556 eval_ret=+529.407 pursuer_target_distance=0.826 capture=0.359 score=0.197 pol=-0.0009 val=0.0098 ent=0.6990 tot=+0.0006 agnorm=0.089 cgnorm=0.035 kl=0.0019 clipf=0.019 ev=+0.903 r0=1.0000 entcoef=4.81e-03 lr=3.0e-04 seed=2
iter= 361 step=1158400 ep_ret=+185.399 opt_ret=+185.399 step_rew=1.8540 opt_step=1.8540 gap0=0.000 dret=+468.759 eval_ret=n/a pursuer_target_distance=1.102 capture=0.297 score=0.141 pol=-0.0010 val=0.0101 ent=0.6584 tot=+0.0009 agnorm=0.094 cgnorm=0.039 kl=0.0016 clipf=0.015 ev=+0.920 r0=1.0000 entcoef=4.79e-03 lr=3.0e-04 seed=2
iter= 362 step=1161600 ep_ret=+226.025 opt_ret=+226.025 step_rew=2.2603 opt_step=2.2603 gap0=0.000 dret=+509.386 eval_ret=n/a pursuer_target_distance=1.014 capture=0.328 score=0.163 pol=-0.0009 val=0.0099 ent=0.6793 tot=+0.0009 agnorm=0.110 cgnorm=0.038 kl=0.0016 clipf=0.014 ev=+0.915 r0=1.0000 entcoef=4.78e-03 lr=3.0e-04 seed=2
iter= 363 step=1164800 ep_ret=+220.715 opt_ret=+220.715 step_rew=2.2072 opt_step=2.2072 gap0=0.000 dret=+504.076 eval_ret=n/a pursuer_target_distance=1.052 capture=0.327 score=0.159 pol=-0.0006 val=0.0096 ent=0.6491 tot=+0.0011 agnorm=0.073 cgnorm=0.041 kl=0.0011 clipf=0.008 ev=+0.916 r0=1.0000 entcoef=4.76e-03 lr=3.0e-04 seed=2
iter= 364 step=1168000 ep_ret=+226.234 opt_ret=+226.234 step_rew=2.2623 opt_step=2.2623 gap0=0.000 dret=+509.595 eval_ret=n/a pursuer_target_distance=1.187 capture=0.346 score=0.158 pol=-0.0007 val=0.0107 ent=0.7008 tot=+0.0014 agnorm=0.085 cgnorm=0.049 kl=0.0007 clipf=0.004 ev=+0.930 r0=1.0000 entcoef=4.75e-03 lr=3.0e-04 seed=2
iter= 365 step=1171200 ep_ret=+295.155 opt_ret=+295.155 step_rew=2.9515 opt_step=2.9515 gap0=0.000 dret=+578.516 eval_ret=n/a pursuer_target_distance=0.923 capture=0.388 score=0.202 pol=-0.0005 val=0.0114 ent=0.6799 tot=+0.0020 agnorm=0.076 cgnorm=0.037 kl=0.0010 clipf=0.006 ev=+0.920 r0=1.0000 entcoef=4.74e-03 lr=3.0e-04 seed=2
iter= 366 step=1174400 ep_ret=+359.442 opt_ret=+359.442 step_rew=3.5944 opt_step=3.5944 gap0=0.000 dret=+642.803 eval_ret=n/a pursuer_target_distance=0.683 capture=0.429 score=0.255 pol=-0.0007 val=0.0098 ent=0.6809 tot=+0.0010 agnorm=0.105 cgnorm=0.027 kl=0.0011 clipf=0.008 ev=+0.900 r0=1.0000 entcoef=4.72e-03 lr=3.0e-04 seed=2
iter= 367 step=1177600 ep_ret=+317.934 opt_ret=+317.934 step_rew=3.1793 opt_step=3.1793 gap0=0.000 dret=+601.295 eval_ret=n/a pursuer_target_distance=0.836 capture=0.403 score=0.219 pol=-0.0007 val=0.0097 ent=0.6643 tot=+0.0010 agnorm=0.083 cgnorm=0.038 kl=0.0013 clipf=0.010 ev=+0.911 r0=1.0000 entcoef=4.71e-03 lr=2.9e-04 seed=2
iter= 368 step=1180800 ep_ret=+215.224 opt_ret=+215.224 step_rew=2.1522 opt_step=2.1522 gap0=0.000 dret=+498.585 eval_ret=n/a pursuer_target_distance=1.175 capture=0.334 score=0.153 pol=-0.0007 val=0.0104 ent=0.6607 tot=+0.0014 agnorm=0.109 cgnorm=0.042 kl=0.0011 clipf=0.008 ev=+0.927 r0=1.0000 entcoef=4.69e-03 lr=2.9e-04 seed=2
iter= 369 step=1184000 ep_ret=+367.676 opt_ret=+367.676 step_rew=3.6768 opt_step=3.6768 gap0=0.000 dret=+651.037 eval_ret=n/a pursuer_target_distance=0.738 capture=0.443 score=0.255 pol=-0.0010 val=0.0128 ent=0.6110 tot=+0.0026 agnorm=0.122 cgnorm=0.055 kl=0.0010 clipf=0.010 ev=+0.872 r0=1.0000 entcoef=4.68e-03 lr=2.9e-04 seed=2
iter= 370 step=1187200 ep_ret=+273.263 opt_ret=+273.263 step_rew=2.7326 opt_step=2.7326 gap0=0.000 dret=+556.624 eval_ret=n/a pursuer_target_distance=0.939 capture=0.368 score=0.190 pol=-0.0008 val=0.0114 ent=0.6755 tot=+0.0018 agnorm=0.158 cgnorm=0.045 kl=0.0010 clipf=0.008 ev=+0.919 r0=1.0000 entcoef=4.66e-03 lr=2.9e-04 seed=2
iter= 371 step=1190400 ep_ret=+286.357 opt_ret=+286.357 step_rew=2.8636 opt_step=2.8636 gap0=0.000 dret=+569.718 eval_ret=n/a pursuer_target_distance=0.892 capture=0.377 score=0.199 pol=-0.0009 val=0.0092 ent=0.6273 tot=+0.0008 agnorm=0.098 cgnorm=0.034 kl=0.0015 clipf=0.019 ev=+0.929 r0=1.0000 entcoef=4.65e-03 lr=2.9e-04 seed=2
iter= 372 step=1193600 ep_ret=+183.027 opt_ret=+183.027 step_rew=1.8303 opt_step=1.8303 gap0=0.000 dret=+466.388 eval_ret=n/a pursuer_target_distance=1.147 capture=0.299 score=0.139 pol=-0.0005 val=0.0108 ent=0.6138 tot=+0.0021 agnorm=0.100 cgnorm=0.041 kl=0.0005 clipf=0.003 ev=+0.908 r0=1.0000 entcoef=4.63e-03 lr=2.9e-04 seed=2
iter= 373 step=1196800 ep_ret=+251.038 opt_ret=+251.038 step_rew=2.5104 opt_step=2.5104 gap0=0.000 dret=+534.399 eval_ret=n/a pursuer_target_distance=1.086 capture=0.361 score=0.173 pol=-0.0004 val=0.0103 ent=0.6785 tot=+0.0016 agnorm=0.070 cgnorm=0.048 kl=0.0008 clipf=0.004 ev=+0.927 r0=1.0000 entcoef=4.62e-03 lr=2.9e-04 seed=2
iter= 374 step=1200000 ep_ret=+205.487 opt_ret=+205.487 step_rew=2.0549 opt_step=2.0549 gap0=0.000 dret=+488.847 eval_ret=n/a pursuer_target_distance=1.176 capture=0.324 score=0.149 pol=-0.0006 val=0.0142 ent=0.6170 tot=+0.0037 agnorm=0.085 cgnorm=0.054 kl=0.0008 clipf=0.005 ev=+0.882 r0=1.0000 entcoef=4.61e-03 lr=2.9e-04 seed=2
iter= 375 step=1203200 ep_ret=+258.772 opt_ret=+258.772 step_rew=2.5877 opt_step=2.5877 gap0=0.000 dret=+542.133 eval_ret=n/a pursuer_target_distance=0.999 capture=0.360 score=0.180 pol=-0.0005 val=0.0096 ent=0.6248 tot=+0.0015 agnorm=0.058 cgnorm=0.041 kl=0.0004 clipf=0.002 ev=+0.913 r0=1.0000 entcoef=4.59e-03 lr=2.9e-04 seed=2
iter= 376 step=1206400 ep_ret=+246.121 opt_ret=+246.121 step_rew=2.4612 opt_step=2.4612 gap0=0.000 dret=+529.482 eval_ret=n/a pursuer_target_distance=0.926 capture=0.340 score=0.176 pol=-0.0007 val=0.0075 ent=0.6812 tot=-0.0000 agnorm=0.089 cgnorm=0.033 kl=0.0009 clipf=0.006 ev=+0.937 r0=1.0000 entcoef=4.58e-03 lr=2.8e-04 seed=2
iter= 377 step=1209600 ep_ret=+217.559 opt_ret=+217.559 step_rew=2.1756 opt_step=2.1756 gap0=0.000 dret=+500.920 eval_ret=n/a pursuer_target_distance=1.052 capture=0.324 score=0.158 pol=-0.0004 val=0.0089 ent=0.6432 tot=+0.0011 agnorm=0.076 cgnorm=0.035 kl=0.0006 clipf=0.003 ev=+0.937 r0=1.0000 entcoef=4.56e-03 lr=2.8e-04 seed=2
iter= 378 step=1212800 ep_ret=+176.638 opt_ret=+176.638 step_rew=1.7664 opt_step=1.7664 gap0=0.000 dret=+459.999 eval_ret=n/a pursuer_target_distance=1.267 capture=0.304 score=0.134 pol=-0.0005 val=0.0115 ent=0.6399 tot=+0.0024 agnorm=0.132 cgnorm=0.048 kl=0.0008 clipf=0.007 ev=+0.913 r0=1.0000 entcoef=4.55e-03 lr=2.8e-04 seed=2
iter= 379 step=1216000 ep_ret=+280.956 opt_ret=+280.956 step_rew=2.8096 opt_step=2.8096 gap0=0.000 dret=+564.316 eval_ret=n/a pursuer_target_distance=1.115 capture=0.393 score=0.186 pol=-0.0005 val=0.0105 ent=0.7034 tot=+0.0016 agnorm=0.140 cgnorm=0.041 kl=0.0011 clipf=0.011 ev=+0.920 r0=1.0000 entcoef=4.53e-03 lr=2.8e-04 seed=2
iter= 380 step=1219200 ep_ret=+197.503 opt_ret=+197.503 step_rew=1.9750 opt_step=1.9750 gap0=0.000 dret=+480.863 eval_ret=+549.885 pursuer_target_distance=1.121 capture=0.311 score=0.146 pol=-0.0010 val=0.0106 ent=0.6434 tot=+0.0014 agnorm=0.128 cgnorm=0.050 kl=0.0011 clipf=0.009 ev=+0.911 r0=1.0000 entcoef=4.52e-03 lr=2.8e-04 seed=2
iter= 381 step=1222400 ep_ret=+219.319 opt_ret=+219.319 step_rew=2.1932 opt_step=2.1932 gap0=0.000 dret=+502.680 eval_ret=n/a pursuer_target_distance=1.100 capture=0.330 score=0.157 pol=-0.0006 val=0.0117 ent=0.6439 tot=+0.0024 agnorm=0.089 cgnorm=0.041 kl=0.0008 clipf=0.006 ev=+0.903 r0=1.0000 entcoef=4.50e-03 lr=2.8e-04 seed=2
iter= 382 step=1225600 ep_ret=+411.613 opt_ret=+411.613 step_rew=4.1161 opt_step=4.1161 gap0=0.000 dret=+694.973 eval_ret=n/a pursuer_target_distance=0.621 capture=0.475 score=0.293 pol=-0.0009 val=0.0104 ent=0.6799 tot=+0.0012 agnorm=0.101 cgnorm=0.037 kl=0.0014 clipf=0.011 ev=+0.873 r0=1.0000 entcoef=4.49e-03 lr=2.8e-04 seed=2
iter= 383 step=1228800 ep_ret=+246.065 opt_ret=+246.065 step_rew=2.4607 opt_step=2.4607 gap0=0.000 dret=+529.426 eval_ret=n/a pursuer_target_distance=0.995 capture=0.347 score=0.174 pol=-0.0008 val=0.0096 ent=0.6755 tot=+0.0009 agnorm=0.084 cgnorm=0.036 kl=0.0014 clipf=0.015 ev=+0.918 r0=1.0000 entcoef=4.48e-03 lr=2.8e-04 seed=2
iter= 384 step=1232000 ep_ret=+258.375 opt_ret=+258.375 step_rew=2.5837 opt_step=2.5837 gap0=0.000 dret=+541.736 eval_ret=n/a pursuer_target_distance=0.844 capture=0.344 score=0.186 pol=-0.0008 val=0.0089 ent=0.6578 tot=+0.0008 agnorm=0.090 cgnorm=0.037 kl=0.0019 clipf=0.016 ev=+0.915 r0=1.0000 entcoef=4.46e-03 lr=2.8e-04 seed=2
iter= 385 step=1235200 ep_ret=+293.376 opt_ret=+293.376 step_rew=2.9338 opt_step=2.9338 gap0=0.000 dret=+576.737 eval_ret=n/a pursuer_target_distance=0.862 capture=0.381 score=0.204 pol=-0.0006 val=0.0089 ent=0.6521 tot=+0.0010 agnorm=0.099 cgnorm=0.028 kl=0.0009 clipf=0.005 ev=+0.920 r0=1.0000 entcoef=4.45e-03 lr=2.7e-04 seed=2
iter= 386 step=1238400 ep_ret=+333.185 opt_ret=+333.185 step_rew=3.3319 opt_step=3.3319 gap0=0.000 dret=+616.546 eval_ret=n/a pursuer_target_distance=0.711 capture=0.405 score=0.237 pol=-0.0006 val=0.0095 ent=0.6681 tot=+0.0011 agnorm=0.091 cgnorm=0.029 kl=0.0010 clipf=0.007 ev=+0.886 r0=1.0000 entcoef=4.43e-03 lr=2.7e-04 seed=2
iter= 387 step=1241600 ep_ret=+186.042 opt_ret=+186.042 step_rew=1.8604 opt_step=1.8604 gap0=0.000 dret=+469.403 eval_ret=n/a pursuer_target_distance=1.220 capture=0.309 score=0.139 pol=-0.0007 val=0.0087 ent=0.6440 tot=+0.0008 agnorm=0.134 cgnorm=0.036 kl=0.0015 clipf=0.012 ev=+0.931 r0=1.0000 entcoef=4.42e-03 lr=2.7e-04 seed=2
iter= 388 step=1244800 ep_ret=+341.944 opt_ret=+341.944 step_rew=3.4194 opt_step=3.4194 gap0=0.000 dret=+625.304 eval_ret=n/a pursuer_target_distance=0.721 capture=0.415 score=0.241 pol=-0.0008 val=0.0119 ent=0.6938 tot=+0.0021 agnorm=0.111 cgnorm=0.053 kl=0.0017 clipf=0.013 ev=+0.889 r0=1.0000 entcoef=4.40e-03 lr=2.7e-04 seed=2
iter= 389 step=1248000 ep_ret=+262.145 opt_ret=+262.145 step_rew=2.6215 opt_step=2.6215 gap0=0.000 dret=+545.506 eval_ret=n/a pursuer_target_distance=1.150 capture=0.378 score=0.176 pol=-0.0007 val=0.0104 ent=0.6621 tot=+0.0017 agnorm=0.135 cgnorm=0.042 kl=0.0013 clipf=0.012 ev=+0.910 r0=1.0000 entcoef=4.39e-03 lr=2.7e-04 seed=2
iter= 390 step=1251200 ep_ret=+137.908 opt_ret=+137.908 step_rew=1.3791 opt_step=1.3791 gap0=0.000 dret=+421.269 eval_ret=n/a pursuer_target_distance=1.420 capture=0.281 score=0.116 pol=-0.0007 val=0.0101 ent=0.6764 tot=+0.0014 agnorm=0.074 cgnorm=0.041 kl=0.0012 clipf=0.007 ev=+0.922 r0=1.0000 entcoef=4.37e-03 lr=2.7e-04 seed=2
iter= 391 step=1254400 ep_ret=+263.860 opt_ret=+263.860 step_rew=2.6386 opt_step=2.6386 gap0=0.000 dret=+547.221 eval_ret=n/a pursuer_target_distance=1.061 capture=0.371 score=0.180 pol=-0.0007 val=0.0115 ent=0.6391 tot=+0.0023 agnorm=0.144 cgnorm=0.036 kl=0.0010 clipf=0.008 ev=+0.907 r0=1.0000 entcoef=4.36e-03 lr=2.7e-04 seed=2
iter= 392 step=1257600 ep_ret=+31.119 opt_ret=+31.119 step_rew=0.3112 opt_step=0.3112 gap0=0.000 dret=+314.479 eval_ret=n/a pursuer_target_distance=1.563 capture=0.188 score=0.074 pol=-0.0002 val=0.0079 ent=0.5976 tot=+0.0011 agnorm=0.097 cgnorm=0.047 kl=0.0007 clipf=0.004 ev=+0.944 r0=1.0000 entcoef=4.35e-03 lr=2.7e-04 seed=2
iter= 393 step=1260800 ep_ret=+201.118 opt_ret=+201.118 step_rew=2.0112 opt_step=2.0112 gap0=0.000 dret=+484.479 eval_ret=n/a pursuer_target_distance=1.135 capture=0.316 score=0.148 pol=-0.0006 val=0.0110 ent=0.6297 tot=+0.0022 agnorm=0.103 cgnorm=0.046 kl=0.0012 clipf=0.010 ev=+0.903 r0=1.0000 entcoef=4.33e-03 lr=2.7e-04 seed=2
iter= 394 step=1264000 ep_ret=+105.731 opt_ret=+105.731 step_rew=1.0573 opt_step=1.0573 gap0=0.000 dret=+389.092 eval_ret=n/a pursuer_target_distance=1.398 capture=0.247 score=0.103 pol=-0.0005 val=0.0111 ent=0.5848 tot=+0.0025 agnorm=0.133 cgnorm=0.042 kl=0.0007 clipf=0.007 ev=+0.914 r0=1.0000 entcoef=4.32e-03 lr=2.6e-04 seed=2
iter= 395 step=1267200 ep_ret=+306.296 opt_ret=+306.296 step_rew=3.0630 opt_step=3.0630 gap0=0.000 dret=+589.657 eval_ret=n/a pursuer_target_distance=0.846 capture=0.392 score=0.212 pol=-0.0004 val=0.0091 ent=0.7012 tot=+0.0011 agnorm=0.097 cgnorm=0.036 kl=0.0007 clipf=0.007 ev=+0.912 r0=1.0000 entcoef=4.30e-03 lr=2.6e-04 seed=2
iter= 396 step=1270400 ep_ret=+219.026 opt_ret=+219.026 step_rew=2.1903 opt_step=2.1903 gap0=0.000 dret=+502.386 eval_ret=n/a pursuer_target_distance=1.081 capture=0.328 score=0.158 pol=-0.0002 val=0.0098 ent=0.6653 tot=+0.0019 agnorm=0.056 cgnorm=0.037 kl=0.0003 clipf=0.002 ev=+0.895 r0=1.0000 entcoef=4.29e-03 lr=2.6e-04 seed=2
iter= 397 step=1273600 ep_ret=+182.193 opt_ret=+182.193 step_rew=1.8219 opt_step=1.8219 gap0=0.000 dret=+465.554 eval_ret=n/a pursuer_target_distance=1.156 capture=0.299 score=0.139 pol=-0.0005 val=0.0101 ent=0.6757 tot=+0.0016 agnorm=0.082 cgnorm=0.047 kl=0.0007 clipf=0.005 ev=+0.902 r0=1.0000 entcoef=4.27e-03 lr=2.6e-04 seed=2
iter= 398 step=1276800 ep_ret=+122.740 opt_ret=+122.740 step_rew=1.2274 opt_step=1.2274 gap0=0.000 dret=+406.101 eval_ret=n/a pursuer_target_distance=1.300 capture=0.254 score=0.110 pol=-0.0010 val=0.0099 ent=0.6698 tot=+0.0012 agnorm=0.133 cgnorm=0.052 kl=0.0013 clipf=0.012 ev=+0.907 r0=1.0000 entcoef=4.26e-03 lr=2.6e-04 seed=2
iter= 399 step=1280000 ep_ret=+257.545 opt_ret=+257.545 step_rew=2.5755 opt_step=2.5755 gap0=0.000 dret=+540.906 eval_ret=n/a pursuer_target_distance=1.002 capture=0.359 score=0.179 pol=-0.0008 val=0.0088 ent=0.6575 tot=+0.0008 agnorm=0.074 cgnorm=0.031 kl=0.0013 clipf=0.007 ev=+0.907 r0=1.0000 entcoef=4.25e-03 lr=2.6e-04 seed=2
iter= 400 step=1283200 ep_ret=+289.001 opt_ret=+289.001 step_rew=2.8900 opt_step=2.8900 gap0=0.000 dret=+572.362 eval_ret=+549.694 pursuer_target_distance=0.969 capture=0.387 score=0.197 pol=-0.0006 val=0.0078 ent=0.6403 tot=+0.0006 agnorm=0.056 cgnorm=0.026 kl=0.0008 clipf=0.002 ev=+0.932 r0=1.0000 entcoef=4.23e-03 lr=2.6e-04 seed=2
iter= 401 step=1286400 ep_ret=+101.392 opt_ret=+101.392 step_rew=1.0139 opt_step=1.0139 gap0=0.000 dret=+384.752 eval_ret=n/a pursuer_target_distance=1.492 capture=0.252 score=0.101 pol=-0.0010 val=0.0105 ent=0.6209 tot=+0.0016 agnorm=0.170 cgnorm=0.034 kl=0.0011 clipf=0.007 ev=+0.918 r0=1.0000 entcoef=4.22e-03 lr=2.6e-04 seed=2
iter= 402 step=1289600 ep_ret=+187.517 opt_ret=+187.517 step_rew=1.8752 opt_step=1.8752 gap0=0.000 dret=+470.877 eval_ret=n/a pursuer_target_distance=1.302 capture=0.319 score=0.138 pol=-0.0008 val=0.0110 ent=0.6281 tot=+0.0021 agnorm=0.100 cgnorm=0.038 kl=0.0016 clipf=0.013 ev=+0.918 r0=1.0000 entcoef=4.20e-03 lr=2.6e-04 seed=2
iter= 403 step=1292800 ep_ret=+161.221 opt_ret=+161.221 step_rew=1.6122 opt_step=1.6122 gap0=0.000 dret=+444.581 eval_ret=n/a pursuer_target_distance=1.428 capture=0.305 score=0.126 pol=-0.0010 val=0.0074 ent=0.7020 tot=-0.0002 agnorm=0.117 cgnorm=0.036 kl=0.0016 clipf=0.016 ev=+0.942 r0=1.0000 entcoef=4.19e-03 lr=2.5e-04 seed=2
iter= 404 step=1296000 ep_ret=+340.719 opt_ret=+340.719 step_rew=3.4072 opt_step=3.4072 gap0=0.000 dret=+624.079 eval_ret=n/a pursuer_target_distance=0.945 capture=0.436 score=0.224 pol=-0.0003 val=0.0108 ent=0.6423 tot=+0.0024 agnorm=0.105 cgnorm=0.048 kl=0.0012 clipf=0.011 ev=+0.869 r0=1.0000 entcoef=4.17e-03 lr=2.5e-04 seed=2
iter= 405 step=1299200 ep_ret=+157.164 opt_ret=+157.164 step_rew=1.5716 opt_step=1.5716 gap0=0.000 dret=+440.524 eval_ret=n/a pursuer_target_distance=1.453 capture=0.303 score=0.124 pol=-0.0005 val=0.0113 ent=0.6039 tot=+0.0026 agnorm=0.126 cgnorm=0.044 kl=0.0008 clipf=0.008 ev=+0.908 r0=1.0000 entcoef=4.16e-03 lr=2.5e-04 seed=2
iter= 406 step=1302400 ep_ret=+184.169 opt_ret=+184.169 step_rew=1.8417 opt_step=1.8417 gap0=0.000 dret=+467.530 eval_ret=n/a pursuer_target_distance=1.198 capture=0.305 score=0.139 pol=-0.0003 val=0.0089 ent=0.6242 tot=+0.0016 agnorm=0.047 cgnorm=0.041 kl=0.0004 clipf=0.002 ev=+0.912 r0=1.0000 entcoef=4.14e-03 lr=2.5e-04 seed=2
iter= 407 step=1305600 ep_ret=+259.310 opt_ret=+259.310 step_rew=2.5931 opt_step=2.5931 gap0=0.000 dret=+542.671 eval_ret=n/a pursuer_target_distance=0.981 capture=0.358 score=0.181 pol=-0.0004 val=0.0072 ent=0.6659 tot=+0.0004 agnorm=0.109 cgnorm=0.031 kl=0.0007 clipf=0.006 ev=+0.934 r0=1.0000 entcoef=4.13e-03 lr=2.5e-04 seed=2
iter= 408 step=1308800 ep_ret=+326.039 opt_ret=+326.039 step_rew=3.2604 opt_step=3.2604 gap0=0.000 dret=+609.399 eval_ret=n/a pursuer_target_distance=0.873 capture=0.414 score=0.221 pol=-0.0006 val=0.0087 ent=0.6857 tot=+0.0009 agnorm=0.086 cgnorm=0.035 kl=0.0010 clipf=0.007 ev=+0.916 r0=1.0000 entcoef=4.12e-03 lr=2.5e-04 seed=2
iter= 409 step=1312000 ep_ret=+320.648 opt_ret=+320.648 step_rew=3.2065 opt_step=3.2065 gap0=0.000 dret=+604.009 eval_ret=n/a pursuer_target_distance=0.796 capture=0.401 score=0.223 pol=-0.0006 val=0.0099 ent=0.6576 tot=+0.0017 agnorm=0.091 cgnorm=0.032 kl=0.0008 clipf=0.003 ev=+0.883 r0=1.0000 entcoef=4.10e-03 lr=2.5e-04 seed=2
iter= 410 step=1315200 ep_ret=+232.711 opt_ret=+232.711 step_rew=2.3271 opt_step=2.3271 gap0=0.000 dret=+516.071 eval_ret=n/a pursuer_target_distance=1.113 capture=0.345 score=0.163 pol=-0.0006 val=0.0098 ent=0.6215 tot=+0.0018 agnorm=0.104 cgnorm=0.032 kl=0.0009 clipf=0.007 ev=+0.913 r0=1.0000 entcoef=4.09e-03 lr=2.5e-04 seed=2
iter= 411 step=1318400 ep_ret=+262.036 opt_ret=+262.036 step_rew=2.6204 opt_step=2.6204 gap0=0.000 dret=+545.397 eval_ret=n/a pursuer_target_distance=1.120 capture=0.375 score=0.177 pol=-0.0007 val=0.0103 ent=0.6382 tot=+0.0019 agnorm=0.112 cgnorm=0.032 kl=0.0011 clipf=0.008 ev=+0.913 r0=1.0000 entcoef=4.07e-03 lr=2.5e-04 seed=2
iter= 412 step=1321600 ep_ret=+172.853 opt_ret=+172.853 step_rew=1.7285 opt_step=1.7285 gap0=0.000 dret=+456.213 eval_ret=n/a pursuer_target_distance=1.174 capture=0.291 score=0.134 pol=-0.0010 val=0.0088 ent=0.6081 tot=+0.0009 agnorm=0.132 cgnorm=0.031 kl=0.0017 clipf=0.018 ev=+0.920 r0=1.0000 entcoef=4.06e-03 lr=2.4e-04 seed=2
iter= 413 step=1324800 ep_ret=+242.440 opt_ret=+242.440 step_rew=2.4244 opt_step=2.4244 gap0=0.000 dret=+525.801 eval_ret=n/a pursuer_target_distance=1.031 capture=0.347 score=0.171 pol=-0.0006 val=0.0095 ent=0.5822 tot=+0.0018 agnorm=0.090 cgnorm=0.046 kl=0.0010 clipf=0.008 ev=+0.900 r0=1.0000 entcoef=4.04e-03 lr=2.4e-04 seed=2
iter= 414 step=1328000 ep_ret=+236.637 opt_ret=+236.637 step_rew=2.3664 opt_step=2.3664 gap0=0.000 dret=+519.998 eval_ret=n/a pursuer_target_distance=1.083 capture=0.346 score=0.166 pol=-0.0010 val=0.0104 ent=0.6466 tot=+0.0016 agnorm=0.110 cgnorm=0.040 kl=0.0017 clipf=0.016 ev=+0.902 r0=1.0000 entcoef=4.03e-03 lr=2.4e-04 seed=2
iter= 415 step=1331200 ep_ret=+262.712 opt_ret=+262.712 step_rew=2.6271 opt_step=2.6271 gap0=0.000 dret=+546.073 eval_ret=n/a pursuer_target_distance=1.022 capture=0.366 score=0.181 pol=-0.0010 val=0.0063 ent=0.6576 tot=-0.0005 agnorm=0.154 cgnorm=0.031 kl=0.0018 clipf=0.016 ev=+0.953 r0=1.0000 entcoef=4.01e-03 lr=2.4e-04 seed=2
iter= 416 step=1334400 ep_ret=+257.781 opt_ret=+257.781 step_rew=2.5778 opt_step=2.5778 gap0=0.000 dret=+541.142 eval_ret=n/a pursuer_target_distance=1.090 capture=0.368 score=0.176 pol=-0.0006 val=0.0073 ent=0.7051 tot=+0.0003 agnorm=0.120 cgnorm=0.037 kl=0.0009 clipf=0.010 ev=+0.929 r0=1.0000 entcoef=4.00e-03 lr=2.4e-04 seed=2
iter= 417 step=1337600 ep_ret=+186.642 opt_ret=+186.642 step_rew=1.8664 opt_step=1.8664 gap0=0.000 dret=+470.003 eval_ret=n/a pursuer_target_distance=1.327 capture=0.320 score=0.138 pol=-0.0005 val=0.0094 ent=0.6285 tot=+0.0017 agnorm=0.118 cgnorm=0.039 kl=0.0007 clipf=0.005 ev=+0.937 r0=1.0000 entcoef=3.99e-03 lr=2.4e-04 seed=2
iter= 418 step=1340800 ep_ret=+312.554 opt_ret=+312.554 step_rew=3.1255 opt_step=3.1255 gap0=0.000 dret=+595.915 eval_ret=n/a pursuer_target_distance=0.930 capture=0.407 score=0.211 pol=-0.0004 val=0.0078 ent=0.6710 tot=+0.0008 agnorm=0.067 cgnorm=0.033 kl=0.0004 clipf=0.002 ev=+0.933 r0=1.0000 entcoef=3.97e-03 lr=2.4e-04 seed=2
iter= 419 step=1344000 ep_ret=+224.227 opt_ret=+224.227 step_rew=2.2423 opt_step=2.2423 gap0=0.000 dret=+507.587 eval_ret=n/a pursuer_target_distance=1.220 capture=0.347 score=0.156 pol=-0.0004 val=0.0087 ent=0.6559 tot=+0.0013 agnorm=0.077 cgnorm=0.039 kl=0.0006 clipf=0.004 ev=+0.919 r0=1.0000 entcoef=3.96e-03 lr=2.4e-04 seed=2
iter= 420 step=1347200 ep_ret=+284.736 opt_ret=+284.736 step_rew=2.8474 opt_step=2.8474 gap0=0.000 dret=+568.097 eval_ret=+549.393 pursuer_target_distance=0.921 capture=0.378 score=0.197 pol=-0.0003 val=0.0084 ent=0.6501 tot=+0.0013 agnorm=0.095 cgnorm=0.037 kl=0.0005 clipf=0.004 ev=+0.929 r0=1.0000 entcoef=3.94e-03 lr=2.4e-04 seed=2
iter= 421 step=1350400 ep_ret=+174.278 opt_ret=+174.278 step_rew=1.7428 opt_step=1.7428 gap0=0.000 dret=+457.639 eval_ret=n/a pursuer_target_distance=1.207 capture=0.296 score=0.134 pol=-0.0004 val=0.0086 ent=0.6536 tot=+0.0013 agnorm=0.078 cgnorm=0.038 kl=0.0008 clipf=0.004 ev=+0.933 r0=1.0000 entcoef=3.93e-03 lr=2.3e-04 seed=2
iter= 422 step=1353600 ep_ret=+253.559 opt_ret=+253.559 step_rew=2.5356 opt_step=2.5356 gap0=0.000 dret=+536.919 eval_ret=n/a pursuer_target_distance=1.161 capture=0.371 score=0.172 pol=-0.0004 val=0.0078 ent=0.6539 tot=+0.0010 agnorm=0.099 cgnorm=0.035 kl=0.0007 clipf=0.006 ev=+0.940 r0=1.0000 entcoef=3.91e-03 lr=2.3e-04 seed=2
iter= 423 step=1356800 ep_ret=+277.911 opt_ret=+277.911 step_rew=2.7791 opt_step=2.7791 gap0=0.000 dret=+561.272 eval_ret=n/a pursuer_target_distance=0.917 capture=0.371 score=0.193 pol=-0.0007 val=0.0091 ent=0.6550 tot=+0.0014 agnorm=0.114 cgnorm=0.034 kl=0.0010 clipf=0.011 ev=+0.895 r0=1.0000 entcoef=3.90e-03 lr=2.3e-04 seed=2
iter= 424 step=1360000 ep_ret=+378.761 opt_ret=+378.761 step_rew=3.7876 opt_step=3.7876 gap0=0.000 dret=+662.122 eval_ret=n/a pursuer_target_distance=0.706 capture=0.450 score=0.264 pol=-0.0005 val=0.0097 ent=0.6711 tot=+0.0018 agnorm=0.096 cgnorm=0.037 kl=0.0007 clipf=0.004 ev=+0.895 r0=1.0000 entcoef=3.88e-03 lr=2.3e-04 seed=2
iter= 425 step=1363200 ep_ret=+311.099 opt_ret=+311.099 step_rew=3.1110 opt_step=3.1110 gap0=0.000 dret=+594.459 eval_ret=n/a pursuer_target_distance=0.960 capture=0.408 score=0.208 pol=-0.0005 val=0.0084 ent=0.6190 tot=+0.0013 agnorm=0.132 cgnorm=0.034 kl=0.0007 clipf=0.006 ev=+0.930 r0=1.0000 entcoef=3.87e-03 lr=2.3e-04 seed=2
iter= 426 step=1366400 ep_ret=+250.715 opt_ret=+250.715 step_rew=2.5071 opt_step=2.5071 gap0=0.000 dret=+534.075 eval_ret=n/a pursuer_target_distance=1.077 capture=0.359 score=0.173 pol=-0.0004 val=0.0079 ent=0.6728 tot=+0.0010 agnorm=0.120 cgnorm=0.031 kl=0.0006 clipf=0.005 ev=+0.934 r0=1.0000 entcoef=3.86e-03 lr=2.3e-04 seed=2
iter= 427 step=1369600 ep_ret=+368.402 opt_ret=+368.402 step_rew=3.6840 opt_step=3.6840 gap0=0.000 dret=+651.763 eval_ret=n/a pursuer_target_distance=0.715 capture=0.441 score=0.257 pol=-0.0006 val=0.0060 ent=0.6548 tot=-0.0001 agnorm=0.103 cgnorm=0.027 kl=0.0009 clipf=0.008 ev=+0.930 r0=1.0000 entcoef=3.84e-03 lr=2.3e-04 seed=2
iter= 428 step=1372800 ep_ret=+304.856 opt_ret=+304.856 step_rew=3.0486 opt_step=3.0486 gap0=0.000 dret=+588.217 eval_ret=n/a pursuer_target_distance=0.854 capture=0.391 score=0.211 pol=-0.0004 val=0.0097 ent=0.6533 tot=+0.0020 agnorm=0.069 cgnorm=0.035 kl=0.0008 clipf=0.005 ev=+0.902 r0=1.0000 entcoef=3.83e-03 lr=2.3e-04 seed=2
iter= 429 step=1376000 ep_ret=+288.665 opt_ret=+288.665 step_rew=2.8867 opt_step=2.8867 gap0=0.000 dret=+572.026 eval_ret=n/a pursuer_target_distance=0.885 capture=0.378 score=0.201 pol=-0.0004 val=0.0092 ent=0.6375 tot=+0.0018 agnorm=0.102 cgnorm=0.041 kl=0.0007 clipf=0.003 ev=+0.897 r0=1.0000 entcoef=3.81e-03 lr=2.3e-04 seed=2
iter= 430 step=1379200 ep_ret=+291.974 opt_ret=+291.974 step_rew=2.9197 opt_step=2.9197 gap0=0.000 dret=+575.335 eval_ret=n/a pursuer_target_distance=0.933 capture=0.386 score=0.200 pol=-0.0004 val=0.0084 ent=0.6168 tot=+0.0015 agnorm=0.098 cgnorm=0.031 kl=0.0006 clipf=0.005 ev=+0.929 r0=1.0000 entcoef=3.80e-03 lr=2.2e-04 seed=2
iter= 431 step=1382400 ep_ret=+256.340 opt_ret=+256.340 step_rew=2.5634 opt_step=2.5634 gap0=0.000 dret=+539.701 eval_ret=n/a pursuer_target_distance=0.955 capture=0.353 score=0.180 pol=-0.0009 val=0.0070 ent=0.6309 tot=+0.0003 agnorm=0.110 cgnorm=0.026 kl=0.0014 clipf=0.014 ev=+0.944 r0=1.0000 entcoef=3.78e-03 lr=2.2e-04 seed=2
iter= 432 step=1385600 ep_ret=+273.479 opt_ret=+273.479 step_rew=2.7348 opt_step=2.7348 gap0=0.000 dret=+556.840 eval_ret=n/a pursuer_target_distance=1.043 capture=0.379 score=0.185 pol=-0.0007 val=0.0094 ent=0.6276 tot=+0.0016 agnorm=0.113 cgnorm=0.044 kl=0.0009 clipf=0.009 ev=+0.924 r0=1.0000 entcoef=3.77e-03 lr=2.2e-04 seed=2
iter= 433 step=1388800 ep_ret=+75.680 opt_ret=+75.680 step_rew=0.7568 opt_step=0.7568 gap0=0.000 dret=+359.040 eval_ret=n/a pursuer_target_distance=1.771 capture=0.254 score=0.092 pol=-0.0010 val=0.0111 ent=0.6164 tot=+0.0022 agnorm=0.151 cgnorm=0.060 kl=0.0009 clipf=0.009 ev=+0.928 r0=1.0000 entcoef=3.75e-03 lr=2.2e-04 seed=2
iter= 434 step=1392000 ep_ret=+209.128 opt_ret=+209.128 step_rew=2.0913 opt_step=2.0913 gap0=0.000 dret=+492.489 eval_ret=n/a pursuer_target_distance=1.167 capture=0.327 score=0.151 pol=-0.0001 val=0.0074 ent=0.5956 tot=+0.0014 agnorm=0.043 cgnorm=0.031 kl=0.0003 clipf=0.001 ev=+0.941 r0=1.0000 entcoef=3.74e-03 lr=2.2e-04 seed=2
iter= 435 step=1395200 ep_ret=+211.679 opt_ret=+211.679 step_rew=2.1168 opt_step=2.1168 gap0=0.000 dret=+495.040 eval_ret=n/a pursuer_target_distance=0.979 capture=0.311 score=0.157 pol=-0.0005 val=0.0074 ent=0.5736 tot=+0.0011 agnorm=0.108 cgnorm=0.026 kl=0.0005 clipf=0.003 ev=+0.928 r0=1.0000 entcoef=3.73e-03 lr=2.2e-04 seed=2
iter= 436 step=1398400 ep_ret=+184.632 opt_ret=+184.632 step_rew=1.8463 opt_step=1.8463 gap0=0.000 dret=+467.993 eval_ret=n/a pursuer_target_distance=1.328 capture=0.318 score=0.137 pol=-0.0004 val=0.0066 ent=0.6518 tot=+0.0005 agnorm=0.062 cgnorm=0.036 kl=0.0005 clipf=0.002 ev=+0.949 r0=1.0000 entcoef=3.71e-03 lr=2.2e-04 seed=2
iter= 437 step=1401600 ep_ret=+277.198 opt_ret=+277.198 step_rew=2.7720 opt_step=2.7720 gap0=0.000 dret=+560.559 eval_ret=n/a pursuer_target_distance=0.924 capture=0.371 score=0.193 pol=-0.0004 val=0.0078 ent=0.5939 tot=+0.0013 agnorm=0.099 cgnorm=0.027 kl=0.0007 clipf=0.005 ev=+0.932 r0=1.0000 entcoef=3.70e-03 lr=2.2e-04 seed=2
iter= 438 step=1404800 ep_ret=+223.891 opt_ret=+223.891 step_rew=2.2389 opt_step=2.2389 gap0=0.000 dret=+507.251 eval_ret=n/a pursuer_target_distance=1.148 capture=0.340 score=0.158 pol=-0.0003 val=0.0080 ent=0.6087 tot=+0.0015 agnorm=0.102 cgnorm=0.037 kl=0.0006 clipf=0.004 ev=+0.930 r0=1.0000 entcoef=3.68e-03 lr=2.2e-04 seed=2
iter= 439 step=1408000 ep_ret=+215.464 opt_ret=+215.464 step_rew=2.1546 opt_step=2.1546 gap0=0.000 dret=+498.825 eval_ret=n/a pursuer_target_distance=1.129 capture=0.329 score=0.155 pol=-0.0007 val=0.0107 ent=0.6598 tot=+0.0023 agnorm=0.121 cgnorm=0.039 kl=0.0008 clipf=0.008 ev=+0.900 r0=1.0000 entcoef=3.67e-03 lr=2.1e-04 seed=2
iter= 440 step=1411200 ep_ret=+279.293 opt_ret=+279.293 step_rew=2.7929 opt_step=2.7929 gap0=0.000 dret=+562.654 eval_ret=+549.754 pursuer_target_distance=0.975 capture=0.378 score=0.191 pol=-0.0005 val=0.0078 ent=0.5990 tot=+0.0012 agnorm=0.121 cgnorm=0.032 kl=0.0010 clipf=0.011 ev=+0.925 r0=1.0000 entcoef=3.65e-03 lr=2.1e-04 seed=2
iter= 441 step=1414400 ep_ret=+391.852 opt_ret=+391.852 step_rew=3.9185 opt_step=3.9185 gap0=0.000 dret=+675.213 eval_ret=n/a pursuer_target_distance=0.818 capture=0.475 score=0.261 pol=-0.0003 val=0.0082 ent=0.6223 tot=+0.0016 agnorm=0.090 cgnorm=0.038 kl=0.0007 clipf=0.008 ev=+0.930 r0=1.0000 entcoef=3.64e-03 lr=2.1e-04 seed=2
iter= 442 step=1417600 ep_ret=+235.286 opt_ret=+235.286 step_rew=2.3529 opt_step=2.3529 gap0=0.000 dret=+518.646 eval_ret=n/a pursuer_target_distance=1.143 capture=0.351 score=0.164 pol=-0.0005 val=0.0083 ent=0.6208 tot=+0.0014 agnorm=0.133 cgnorm=0.050 kl=0.0008 clipf=0.009 ev=+0.928 r0=1.0000 entcoef=3.62e-03 lr=2.1e-04 seed=2
iter= 443 step=1420800 ep_ret=+225.610 opt_ret=+225.610 step_rew=2.2561 opt_step=2.2561 gap0=0.000 dret=+508.970 eval_ret=n/a pursuer_target_distance=1.012 capture=0.328 score=0.163 pol=-0.0008 val=0.0061 ent=0.6009 tot=+0.0001 agnorm=0.097 cgnorm=0.025 kl=0.0013 clipf=0.014 ev=+0.946 r0=1.0000 entcoef=3.61e-03 lr=2.1e-04 seed=2
iter= 444 step=1424000 ep_ret=+227.456 opt_ret=+227.456 step_rew=2.2746 opt_step=2.2746 gap0=0.000 dret=+510.816 eval_ret=n/a pursuer_target_distance=1.078 capture=0.336 score=0.162 pol=-0.0006 val=0.0091 ent=0.6158 tot=+0.0017 agnorm=0.088 cgnorm=0.039 kl=0.0009 clipf=0.008 ev=+0.921 r0=1.0000 entcoef=3.60e-03 lr=2.1e-04 seed=2
iter= 445 step=1427200 ep_ret=+288.819 opt_ret=+288.819 step_rew=2.8882 opt_step=2.8882 gap0=0.000 dret=+572.180 eval_ret=n/a pursuer_target_distance=0.936 capture=0.383 score=0.198 pol=-0.0004 val=0.0055 ent=0.6091 tot=+0.0002 agnorm=0.091 cgnorm=0.025 kl=0.0005 clipf=0.004 ev=+0.943 r0=1.0000 entcoef=3.58e-03 lr=2.1e-04 seed=2
iter= 446 step=1430400 ep_ret=+357.754 opt_ret=+357.754 step_rew=3.5775 opt_step=3.5775 gap0=0.000 dret=+641.115 eval_ret=n/a pursuer_target_distance=0.725 capture=0.431 score=0.250 pol=-0.0008 val=0.0084 ent=0.5994 tot=+0.0013 agnorm=0.126 cgnorm=0.035 kl=0.0014 clipf=0.012 ev=+0.901 r0=1.0000 entcoef=3.57e-03 lr=2.1e-04 seed=2
iter= 447 step=1433600 ep_ret=+251.889 opt_ret=+251.889 step_rew=2.5189 opt_step=2.5189 gap0=0.000 dret=+535.250 eval_ret=n/a pursuer_target_distance=1.196 capture=0.372 score=0.170 pol=-0.0006 val=0.0079 ent=0.6298 tot=+0.0010 agnorm=0.087 cgnorm=0.035 kl=0.0009 clipf=0.004 ev=+0.934 r0=1.0000 entcoef=3.55e-03 lr=2.1e-04 seed=2
iter= 448 step=1436800 ep_ret=+322.203 opt_ret=+322.203 step_rew=3.2220 opt_step=3.2220 gap0=0.000 dret=+605.564 eval_ret=n/a pursuer_target_distance=0.809 capture=0.404 score=0.223 pol=-0.0002 val=0.0071 ent=0.6399 tot=+0.0011 agnorm=0.077 cgnorm=0.028 kl=0.0007 clipf=0.004 ev=+0.935 r0=1.0000 entcoef=3.54e-03 lr=2.0e-04 seed=2
iter= 449 step=1440000 ep_ret=+261.788 opt_ret=+261.788 step_rew=2.6179 opt_step=2.6179 gap0=0.000 dret=+545.149 eval_ret=n/a pursuer_target_distance=1.156 capture=0.378 score=0.175 pol=-0.0005 val=0.0108 ent=0.5885 tot=+0.0028 agnorm=0.120 cgnorm=0.043 kl=0.0007 clipf=0.006 ev=+0.903 r0=1.0000 entcoef=3.52e-03 lr=2.0e-04 seed=2
iter= 450 step=1443200 ep_ret=+337.770 opt_ret=+337.770 step_rew=3.3777 opt_step=3.3777 gap0=0.000 dret=+621.131 eval_ret=n/a pursuer_target_distance=0.759 capture=0.415 score=0.236 pol=-0.0004 val=0.0065 ent=0.6040 tot=+0.0007 agnorm=0.148 cgnorm=0.033 kl=0.0011 clipf=0.011 ev=+0.929 r0=1.0000 entcoef=3.51e-03 lr=2.0e-04 seed=2
iter= 451 step=1446400 ep_ret=+242.112 opt_ret=+242.112 step_rew=2.4211 opt_step=2.4211 gap0=0.000 dret=+525.472 eval_ret=n/a pursuer_target_distance=1.144 capture=0.357 score=0.167 pol=-0.0004 val=0.0059 ent=0.6043 tot=+0.0005 agnorm=0.118 cgnorm=0.029 kl=0.0007 clipf=0.007 ev=+0.956 r0=1.0000 entcoef=3.50e-03 lr=2.0e-04 seed=2
iter= 452 step=1449600 ep_ret=+287.150 opt_ret=+287.150 step_rew=2.8715 opt_step=2.8715 gap0=0.000 dret=+570.511 eval_ret=n/a pursuer_target_distance=0.912 capture=0.379 score=0.198 pol=-0.0005 val=0.0072 ent=0.5670 tot=+0.0012 agnorm=0.165 cgnorm=0.031 kl=0.0006 clipf=0.006 ev=+0.931 r0=1.0000 entcoef=3.48e-03 lr=2.0e-04 seed=2
iter= 453 step=1452800 ep_ret=+283.117 opt_ret=+283.117 step_rew=2.8312 opt_step=2.8312 gap0=0.000 dret=+566.478 eval_ret=n/a pursuer_target_distance=1.046 capture=0.389 score=0.190 pol=-0.0006 val=0.0090 ent=0.6168 tot=+0.0017 agnorm=0.110 cgnorm=0.037 kl=0.0008 clipf=0.006 ev=+0.929 r0=1.0000 entcoef=3.47e-03 lr=2.0e-04 seed=2
iter= 454 step=1456000 ep_ret=+244.637 opt_ret=+244.637 step_rew=2.4464 opt_step=2.4464 gap0=0.000 dret=+527.998 eval_ret=n/a pursuer_target_distance=1.103 capture=0.356 score=0.169 pol=-0.0003 val=0.0081 ent=0.5687 tot=+0.0017 agnorm=0.091 cgnorm=0.029 kl=0.0006 clipf=0.003 ev=+0.936 r0=1.0000 entcoef=3.45e-03 lr=2.0e-04 seed=2
iter= 455 step=1459200 ep_ret=+224.746 opt_ret=+224.746 step_rew=2.2475 opt_step=2.2475 gap0=0.000 dret=+508.107 eval_ret=n/a pursuer_target_distance=1.311 capture=0.357 score=0.154 pol=-0.0004 val=0.0072 ent=0.5988 tot=+0.0012 agnorm=0.121 cgnorm=0.036 kl=0.0006 clipf=0.005 ev=+0.950 r0=1.0000 entcoef=3.44e-03 lr=2.0e-04 seed=2
iter= 456 step=1462400 ep_ret=+296.979 opt_ret=+296.979 step_rew=2.9698 opt_step=2.9698 gap0=0.000 dret=+580.340 eval_ret=n/a pursuer_target_distance=0.942 capture=0.392 score=0.202 pol=-0.0004 val=0.0077 ent=0.6234 tot=+0.0013 agnorm=0.093 cgnorm=0.030 kl=0.0005 clipf=0.005 ev=+0.929 r0=1.0000 entcoef=3.42e-03 lr=2.0e-04 seed=2
iter= 457 step=1465600 ep_ret=+340.687 opt_ret=+340.687 step_rew=3.4069 opt_step=3.4069 gap0=0.000 dret=+624.047 eval_ret=n/a pursuer_target_distance=0.764 capture=0.418 score=0.237 pol=-0.0006 val=0.0062 ent=0.6071 tot=+0.0004 agnorm=0.095 cgnorm=0.026 kl=0.0006 clipf=0.004 ev=+0.931 r0=1.0000 entcoef=3.41e-03 lr=1.9e-04 seed=2
iter= 458 step=1468800 ep_ret=+268.062 opt_ret=+268.062 step_rew=2.6806 opt_step=2.6806 gap0=0.000 dret=+551.423 eval_ret=n/a pursuer_target_distance=0.997 capture=0.369 score=0.185 pol=-0.0002 val=0.0095 ent=0.5742 tot=+0.0026 agnorm=0.090 cgnorm=0.037 kl=0.0005 clipf=0.004 ev=+0.911 r0=1.0000 entcoef=3.39e-03 lr=1.9e-04 seed=2
iter= 459 step=1472000 ep_ret=+206.035 opt_ret=+206.035 step_rew=2.0604 opt_step=2.0604 gap0=0.000 dret=+489.396 eval_ret=n/a pursuer_target_distance=1.139 capture=0.321 score=0.150 pol=-0.0003 val=0.0088 ent=0.5610 tot=+0.0022 agnorm=0.096 cgnorm=0.046 kl=0.0005 clipf=0.003 ev=+0.926 r0=1.0000 entcoef=3.38e-03 lr=1.9e-04 seed=2
iter= 460 step=1475200 ep_ret=+276.692 opt_ret=+276.692 step_rew=2.7669 opt_step=2.7669 gap0=0.000 dret=+560.053 eval_ret=+544.749 pursuer_target_distance=0.976 capture=0.375 score=0.190 pol=-0.0005 val=0.0058 ent=0.6595 tot=+0.0002 agnorm=0.117 cgnorm=0.031 kl=0.0008 clipf=0.007 ev=+0.950 r0=1.0000 entcoef=3.37e-03 lr=1.9e-04 seed=2
iter= 461 step=1478400 ep_ret=+112.363 opt_ret=+112.363 step_rew=1.1236 opt_step=1.1236 gap0=0.000 dret=+395.724 eval_ret=n/a pursuer_target_distance=1.426 capture=0.256 score=0.106 pol=-0.0006 val=0.0076 ent=0.5840 tot=+0.0012 agnorm=0.086 cgnorm=0.037 kl=0.0009 clipf=0.008 ev=+0.933 r0=1.0000 entcoef=3.35e-03 lr=1.9e-04 seed=2
iter= 462 step=1481600 ep_ret=+222.604 opt_ret=+222.604 step_rew=2.2260 opt_step=2.2260 gap0=0.000 dret=+505.965 eval_ret=n/a pursuer_target_distance=1.036 capture=0.327 score=0.161 pol=-0.0007 val=0.0079 ent=0.5794 tot=+0.0013 agnorm=0.086 cgnorm=0.043 kl=0.0007 clipf=0.002 ev=+0.930 r0=1.0000 entcoef=3.34e-03 lr=1.9e-04 seed=2
iter= 463 step=1484800 ep_ret=+230.005 opt_ret=+230.005 step_rew=2.3001 opt_step=2.3001 gap0=0.000 dret=+513.366 eval_ret=n/a pursuer_target_distance=1.131 capture=0.344 score=0.161 pol=-0.0004 val=0.0081 ent=0.5963 tot=+0.0017 agnorm=0.123 cgnorm=0.044 kl=0.0007 clipf=0.005 ev=+0.919 r0=1.0000 entcoef=3.32e-03 lr=1.9e-04 seed=2
iter= 464 step=1488000 ep_ret=+328.983 opt_ret=+328.983 step_rew=3.2898 opt_step=3.2898 gap0=0.000 dret=+612.343 eval_ret=n/a pursuer_target_distance=0.953 capture=0.425 score=0.218 pol=-0.0004 val=0.0071 ent=0.6036 tot=+0.0012 agnorm=0.083 cgnorm=0.027 kl=0.0006 clipf=0.004 ev=+0.933 r0=1.0000 entcoef=3.31e-03 lr=1.9e-04 seed=2
iter= 465 step=1491200 ep_ret=+278.318 opt_ret=+278.318 step_rew=2.7832 opt_step=2.7832 gap0=0.000 dret=+561.679 eval_ret=n/a pursuer_target_distance=1.169 capture=0.396 score=0.183 pol=-0.0008 val=0.0073 ent=0.5638 tot=+0.0010 agnorm=0.149 cgnorm=0.037 kl=0.0013 clipf=0.013 ev=+0.944 r0=1.0000 entcoef=3.29e-03 lr=1.9e-04 seed=2
iter= 466 step=1494400 ep_ret=+255.762 opt_ret=+255.762 step_rew=2.5576 opt_step=2.5576 gap0=0.000 dret=+539.123 eval_ret=n/a pursuer_target_distance=0.864 capture=0.343 score=0.184 pol=-0.0004 val=0.0067 ent=0.5528 tot=+0.0012 agnorm=0.109 cgnorm=0.034 kl=0.0005 clipf=0.005 ev=+0.924 r0=1.0000 entcoef=3.28e-03 lr=1.8e-04 seed=2
iter= 467 step=1497600 ep_ret=+229.094 opt_ret=+229.094 step_rew=2.2909 opt_step=2.2909 gap0=0.000 dret=+512.455 eval_ret=n/a pursuer_target_distance=1.271 capture=0.357 score=0.157 pol=-0.0005 val=0.0081 ent=0.6262 tot=+0.0015 agnorm=0.094 cgnorm=0.031 kl=0.0006 clipf=0.003 ev=+0.941 r0=1.0000 entcoef=3.26e-03 lr=1.8e-04 seed=2
iter= 468 step=1500800 ep_ret=+203.093 opt_ret=+203.093 step_rew=2.0309 opt_step=2.0309 gap0=0.000 dret=+486.453 eval_ret=n/a pursuer_target_distance=1.281 capture=0.332 score=0.146 pol=-0.0003 val=0.0069 ent=0.6068 tot=+0.0012 agnorm=0.109 cgnorm=0.028 kl=0.0006 clipf=0.004 ev=+0.952 r0=1.0000 entcoef=3.25e-03 lr=1.8e-04 seed=2
iter= 469 step=1504000 ep_ret=+272.941 opt_ret=+272.941 step_rew=2.7294 opt_step=2.7294 gap0=0.000 dret=+556.302 eval_ret=n/a pursuer_target_distance=0.967 capture=0.371 score=0.188 pol=-0.0006 val=0.0073 ent=0.5957 tot=+0.0011 agnorm=0.141 cgnorm=0.034 kl=0.0006 clipf=0.005 ev=+0.943 r0=1.0000 entcoef=3.24e-03 lr=1.8e-04 seed=2
iter= 470 step=1507200 ep_ret=+359.770 opt_ret=+359.770 step_rew=3.5977 opt_step=3.5977 gap0=0.000 dret=+643.130 eval_ret=n/a pursuer_target_distance=0.795 capture=0.440 score=0.245 pol=-0.0004 val=0.0063 ent=0.6383 tot=+0.0007 agnorm=0.082 cgnorm=0.037 kl=0.0009 clipf=0.006 ev=+0.939 r0=1.0000 entcoef=3.22e-03 lr=1.8e-04 seed=2
iter= 471 step=1510400 ep_ret=+333.580 opt_ret=+333.580 step_rew=3.3358 opt_step=3.3358 gap0=0.000 dret=+616.940 eval_ret=n/a pursuer_target_distance=0.795 capture=0.414 score=0.231 pol=-0.0006 val=0.0075 ent=0.5667 tot=+0.0014 agnorm=0.125 cgnorm=0.040 kl=0.0006 clipf=0.007 ev=+0.919 r0=1.0000 entcoef=3.21e-03 lr=1.8e-04 seed=2
iter= 472 step=1513600 ep_ret=+176.452 opt_ret=+176.452 step_rew=1.7645 opt_step=1.7645 gap0=0.000 dret=+459.812 eval_ret=n/a pursuer_target_distance=1.304 capture=0.308 score=0.134 pol=-0.0003 val=0.0062 ent=0.5694 tot=+0.0009 agnorm=0.113 cgnorm=0.037 kl=0.0005 clipf=0.003 ev=+0.958 r0=1.0000 entcoef=3.19e-03 lr=1.8e-04 seed=2
iter= 473 step=1516800 ep_ret=+253.717 opt_ret=+253.717 step_rew=2.5372 opt_step=2.5372 gap0=0.000 dret=+537.078 eval_ret=n/a pursuer_target_distance=1.172 capture=0.372 score=0.171 pol=-0.0004 val=0.0082 ent=0.5773 tot=+0.0018 agnorm=0.112 cgnorm=0.030 kl=0.0006 clipf=0.006 ev=+0.931 r0=1.0000 entcoef=3.18e-03 lr=1.8e-04 seed=2
iter= 474 step=1520000 ep_ret=+292.856 opt_ret=+292.856 step_rew=2.9286 opt_step=2.9286 gap0=0.000 dret=+576.217 eval_ret=n/a pursuer_target_distance=0.877 capture=0.382 score=0.203 pol=-0.0006 val=0.0070 ent=0.5528 tot=+0.0011 agnorm=0.146 cgnorm=0.034 kl=0.0010 clipf=0.010 ev=+0.925 r0=1.0000 entcoef=3.16e-03 lr=1.8e-04 seed=2
iter= 475 step=1523200 ep_ret=+249.187 opt_ret=+249.187 step_rew=2.4919 opt_step=2.4919 gap0=0.000 dret=+532.547 eval_ret=n/a pursuer_target_distance=1.229 capture=0.373 score=0.167 pol=-0.0007 val=0.0087 ent=0.5913 tot=+0.0018 agnorm=0.153 cgnorm=0.038 kl=0.0012 clipf=0.013 ev=+0.939 r0=1.0000 entcoef=3.15e-03 lr=1.7e-04 seed=2
iter= 476 step=1526400 ep_ret=+320.712 opt_ret=+320.712 step_rew=3.2071 opt_step=3.2071 gap0=0.000 dret=+604.072 eval_ret=n/a pursuer_target_distance=0.905 capture=0.412 score=0.216 pol=-0.0003 val=0.0099 ent=0.6686 tot=+0.0025 agnorm=0.088 cgnorm=0.032 kl=0.0009 clipf=0.005 ev=+0.912 r0=1.0000 entcoef=3.13e-03 lr=1.7e-04 seed=2
iter= 477 step=1529600 ep_ret=+341.953 opt_ret=+341.953 step_rew=3.4195 opt_step=3.4195 gap0=0.000 dret=+625.314 eval_ret=n/a pursuer_target_distance=0.852 capture=0.428 score=0.231 pol=-0.0004 val=0.0075 ent=0.5997 tot=+0.0015 agnorm=0.107 cgnorm=0.037 kl=0.0009 clipf=0.008 ev=+0.928 r0=1.0000 entcoef=3.12e-03 lr=1.7e-04 seed=2
iter= 478 step=1532800 ep_ret=+269.861 opt_ret=+269.861 step_rew=2.6986 opt_step=2.6986 gap0=0.000 dret=+553.222 eval_ret=n/a pursuer_target_distance=1.191 capture=0.390 score=0.178 pol=-0.0008 val=0.0089 ent=0.5730 tot=+0.0019 agnorm=0.118 cgnorm=0.038 kl=0.0010 clipf=0.008 ev=+0.935 r0=1.0000 entcoef=3.11e-03 lr=1.7e-04 seed=2
iter= 479 step=1536000 ep_ret=+209.042 opt_ret=+209.042 step_rew=2.0904 opt_step=2.0904 gap0=0.000 dret=+492.403 eval_ret=n/a pursuer_target_distance=1.225 capture=0.333 score=0.149 pol=-0.0006 val=0.0080 ent=0.5804 tot=+0.0016 agnorm=0.124 cgnorm=0.035 kl=0.0012 clipf=0.011 ev=+0.945 r0=1.0000 entcoef=3.09e-03 lr=1.7e-04 seed=2
iter= 480 step=1539200 ep_ret=+292.584 opt_ret=+292.584 step_rew=2.9258 opt_step=2.9258 gap0=0.000 dret=+575.945 eval_ret=+543.922 pursuer_target_distance=0.839 capture=0.378 score=0.205 pol=-0.0003 val=0.0070 ent=0.5984 tot=+0.0013 agnorm=0.052 cgnorm=0.028 kl=0.0005 clipf=0.001 ev=+0.931 r0=1.0000 entcoef=3.08e-03 lr=1.7e-04 seed=2
iter= 481 step=1542400 ep_ret=+263.451 opt_ret=+263.451 step_rew=2.6345 opt_step=2.6345 gap0=0.000 dret=+546.812 eval_ret=n/a pursuer_target_distance=0.974 capture=0.362 score=0.183 pol=-0.0005 val=0.0075 ent=0.5536 tot=+0.0016 agnorm=0.105 cgnorm=0.036 kl=0.0007 clipf=0.006 ev=+0.931 r0=1.0000 entcoef=3.06e-03 lr=1.7e-04 seed=2
iter= 482 step=1545600 ep_ret=+385.192 opt_ret=+385.192 step_rew=3.8519 opt_step=3.8519 gap0=0.000 dret=+668.552 eval_ret=n/a pursuer_target_distance=0.616 capture=0.448 score=0.277 pol=-0.0005 val=0.0056 ent=0.6069 tot=+0.0004 agnorm=0.133 cgnorm=0.025 kl=0.0008 clipf=0.007 ev=+0.937 r0=1.0000 entcoef=3.05e-03 lr=1.7e-04 seed=2
iter= 483 step=1548800 ep_ret=+387.266 opt_ret=+387.266 step_rew=3.8727 opt_step=3.8727 gap0=0.000 dret=+670.627 eval_ret=n/a pursuer_target_distance=0.695 capture=0.458 score=0.270 pol=-0.0008 val=0.0101 ent=0.6314 tot=+0.0023 agnorm=0.129 cgnorm=0.037 kl=0.0012 clipf=0.011 ev=+0.889 r0=1.0000 entcoef=3.03e-03 lr=1.7e-04 seed=2
iter= 484 step=1552000 ep_ret=+254.558 opt_ret=+254.558 step_rew=2.5456 opt_step=2.5456 gap0=0.000 dret=+537.919 eval_ret=n/a pursuer_target_distance=1.048 capture=0.360 score=0.176 pol=-0.0003 val=0.0083 ent=0.5360 tot=+0.0022 agnorm=0.075 cgnorm=0.040 kl=0.0005 clipf=0.003 ev=+0.913 r0=1.0000 entcoef=3.02e-03 lr=1.6e-04 seed=2
iter= 485 step=1555200 ep_ret=+222.822 opt_ret=+222.822 step_rew=2.2282 opt_step=2.2282 gap0=0.000 dret=+506.183 eval_ret=n/a pursuer_target_distance=1.121 capture=0.336 score=0.158 pol=-0.0007 val=0.0076 ent=0.5850 tot=+0.0013 agnorm=0.141 cgnorm=0.036 kl=0.0009 clipf=0.008 ev=+0.929 r0=1.0000 entcoef=3.00e-03 lr=1.6e-04 seed=2
iter= 486 step=1558400 ep_ret=+101.964 opt_ret=+101.964 step_rew=1.0196 opt_step=1.0196 gap0=0.000 dret=+385.324 eval_ret=n/a pursuer_target_distance=1.636 capture=0.267 score=0.101 pol=-0.0003 val=0.0075 ent=0.5939 tot=+0.0017 agnorm=0.092 cgnorm=0.044 kl=0.0005 clipf=0.003 ev=+0.952 r0=1.0000 entcoef=2.99e-03 lr=1.6e-04 seed=2
iter= 487 step=1561600 ep_ret=+250.448 opt_ret=+250.448 step_rew=2.5045 opt_step=2.5045 gap0=0.000 dret=+533.809 eval_ret=n/a pursuer_target_distance=1.064 capture=0.358 score=0.173 pol=-0.0003 val=0.0086 ent=0.5250 tot=+0.0024 agnorm=0.126 cgnorm=0.050 kl=0.0006 clipf=0.005 ev=+0.922 r0=1.0000 entcoef=2.98e-03 lr=1.6e-04 seed=2
iter= 488 step=1564800 ep_ret=+165.687 opt_ret=+165.687 step_rew=1.6569 opt_step=1.6569 gap0=0.000 dret=+449.047 eval_ret=n/a pursuer_target_distance=1.243 capture=0.291 score=0.130 pol=-0.0005 val=0.0092 ent=0.5840 tot=+0.0024 agnorm=0.116 cgnorm=0.042 kl=0.0006 clipf=0.006 ev=+0.920 r0=1.0000 entcoef=2.96e-03 lr=1.6e-04 seed=2
iter= 489 step=1568000 ep_ret=+229.990 opt_ret=+229.990 step_rew=2.2999 opt_step=2.2999 gap0=0.000 dret=+513.350 eval_ret=n/a pursuer_target_distance=1.199 capture=0.351 score=0.160 pol=-0.0006 val=0.0087 ent=0.5795 tot=+0.0021 agnorm=0.118 cgnorm=0.034 kl=0.0009 clipf=0.010 ev=+0.933 r0=1.0000 entcoef=2.95e-03 lr=1.6e-04 seed=2
iter= 490 step=1571200 ep_ret=+351.000 opt_ret=+351.000 step_rew=3.5100 opt_step=3.5100 gap0=0.000 dret=+634.360 eval_ret=n/a pursuer_target_distance=0.824 capture=0.434 score=0.238 pol=-0.0003 val=0.0077 ent=0.6365 tot=+0.0017 agnorm=0.077 cgnorm=0.033 kl=0.0004 clipf=0.002 ev=+0.919 r0=1.0000 entcoef=2.93e-03 lr=1.6e-04 seed=2
iter= 491 step=1574400 ep_ret=+220.947 opt_ret=+220.947 step_rew=2.2095 opt_step=2.2095 gap0=0.000 dret=+504.308 eval_ret=n/a pursuer_target_distance=1.190 capture=0.341 score=0.156 pol=-0.0005 val=0.0076 ent=0.5728 tot=+0.0016 agnorm=0.151 cgnorm=0.040 kl=0.0006 clipf=0.005 ev=+0.939 r0=1.0000 entcoef=2.92e-03 lr=1.6e-04 seed=2
iter= 492 step=1577600 ep_ret=+230.242 opt_ret=+230.242 step_rew=2.3024 opt_step=2.3024 gap0=0.000 dret=+513.603 eval_ret=n/a pursuer_target_distance=1.356 capture=0.367 score=0.156 pol=-0.0004 val=0.0068 ent=0.5441 tot=+0.0014 agnorm=0.089 cgnorm=0.027 kl=0.0006 clipf=0.004 ev=+0.956 r0=1.0000 entcoef=2.90e-03 lr=1.6e-04 seed=2
iter= 493 step=1580800 ep_ret=+273.338 opt_ret=+273.338 step_rew=2.7334 opt_step=2.7334 gap0=0.000 dret=+556.698 eval_ret=n/a pursuer_target_distance=1.025 capture=0.377 score=0.186 pol=-0.0005 val=0.0063 ent=0.5888 tot=+0.0009 agnorm=0.100 cgnorm=0.027 kl=0.0007 clipf=0.005 ev=+0.942 r0=1.0000 entcoef=2.89e-03 lr=1.5e-04 seed=2
iter= 494 step=1584000 ep_ret=+184.484 opt_ret=+184.484 step_rew=1.8448 opt_step=1.8448 gap0=0.000 dret=+467.845 eval_ret=n/a pursuer_target_distance=1.205 capture=0.306 score=0.139 pol=-0.0002 val=0.0068 ent=0.5828 tot=+0.0015 agnorm=0.104 cgnorm=0.043 kl=0.0005 clipf=0.004 ev=+0.944 r0=1.0000 entcoef=2.87e-03 lr=1.5e-04 seed=2
iter= 495 step=1587200 ep_ret=+258.318 opt_ret=+258.318 step_rew=2.5832 opt_step=2.5832 gap0=0.000 dret=+541.679 eval_ret=n/a pursuer_target_distance=1.072 capture=0.367 score=0.177 pol=-0.0003 val=0.0064 ent=0.5930 tot=+0.0012 agnorm=0.119 cgnorm=0.032 kl=0.0005 clipf=0.004 ev=+0.934 r0=1.0000 entcoef=2.86e-03 lr=1.5e-04 seed=2
iter= 496 step=1590400 ep_ret=+278.584 opt_ret=+278.584 step_rew=2.7858 opt_step=2.7858 gap0=0.000 dret=+561.945 eval_ret=n/a pursuer_target_distance=0.964 capture=0.376 score=0.191 pol=-0.0004 val=0.0080 ent=0.5373 tot=+0.0020 agnorm=0.109 cgnorm=0.035 kl=0.0006 clipf=0.005 ev=+0.906 r0=1.0000 entcoef=2.85e-03 lr=1.5e-04 seed=2
iter= 497 step=1593600 ep_ret=+206.019 opt_ret=+206.019 step_rew=2.0602 opt_step=2.0602 gap0=0.000 dret=+489.380 eval_ret=n/a pursuer_target_distance=1.099 capture=0.317 score=0.151 pol=-0.0003 val=0.0067 ent=0.5489 tot=+0.0015 agnorm=0.093 cgnorm=0.032 kl=0.0005 clipf=0.003 ev=+0.935 r0=1.0000 entcoef=2.83e-03 lr=1.5e-04 seed=2
iter= 498 step=1596800 ep_ret=+143.058 opt_ret=+143.058 step_rew=1.4306 opt_step=1.4306 gap0=0.000 dret=+426.419 eval_ret=n/a pursuer_target_distance=1.441 capture=0.288 score=0.118 pol=-0.0008 val=0.0071 ent=0.5531 tot=+0.0011 agnorm=0.100 cgnorm=0.039 kl=0.0011 clipf=0.010 ev=+0.941 r0=1.0000 entcoef=2.82e-03 lr=1.5e-04 seed=2
iter= 499 step=1600000 ep_ret=+273.287 opt_ret=+273.287 step_rew=2.7329 opt_step=2.7329 gap0=0.000 dret=+556.647 eval_ret=n/a pursuer_target_distance=0.932 capture=0.367 score=0.190 pol=-0.0004 val=0.0079 ent=0.5386 tot=+0.0020 agnorm=0.127 cgnorm=0.044 kl=0.0004 clipf=0.004 ev=+0.899 r0=1.0000 entcoef=2.80e-03 lr=1.5e-04 seed=2
iter= 500 step=1603200 ep_ret=+230.440 opt_ret=+230.440 step_rew=2.3044 opt_step=2.3044 gap0=0.000 dret=+513.801 eval_ret=+548.725 pursuer_target_distance=1.186 capture=0.350 score=0.160 pol=-0.0004 val=0.0086 ent=0.5504 tot=+0.0024 agnorm=0.136 cgnorm=0.034 kl=0.0005 clipf=0.004 ev=+0.915 r0=1.0000 entcoef=2.79e-03 lr=1.5e-04 seed=2
iter= 501 step=1606400 ep_ret=+427.325 opt_ret=+427.325 step_rew=4.2732 opt_step=4.2732 gap0=0.000 dret=+710.685 eval_ret=n/a pursuer_target_distance=0.789 capture=0.507 score=0.284 pol=-0.0007 val=0.0104 ent=0.6255 tot=+0.0028 agnorm=0.100 cgnorm=0.050 kl=0.0010 clipf=0.007 ev=+0.896 r0=1.0000 entcoef=2.77e-03 lr=1.5e-04 seed=2
iter= 502 step=1609600 ep_ret=+282.234 opt_ret=+282.234 step_rew=2.8223 opt_step=2.8223 gap0=0.000 dret=+565.595 eval_ret=n/a pursuer_target_distance=0.905 capture=0.374 score=0.196 pol=-0.0001 val=0.0084 ent=0.5564 tot=+0.0026 agnorm=0.065 cgnorm=0.037 kl=0.0002 clipf=0.000 ev=+0.910 r0=1.0000 entcoef=2.76e-03 lr=1.4e-04 seed=2
iter= 503 step=1612800 ep_ret=+358.168 opt_ret=+358.168 step_rew=3.5817 opt_step=3.5817 gap0=0.000 dret=+641.529 eval_ret=n/a pursuer_target_distance=0.852 capture=0.444 score=0.240 pol=-0.0004 val=0.0090 ent=0.5817 tot=+0.0025 agnorm=0.092 cgnorm=0.039 kl=0.0005 clipf=0.004 ev=+0.909 r0=1.0000 entcoef=2.75e-03 lr=1.4e-04 seed=2
iter= 504 step=1616000 ep_ret=+279.352 opt_ret=+279.352 step_rew=2.7935 opt_step=2.7935 gap0=0.000 dret=+562.713 eval_ret=n/a pursuer_target_distance=1.062 capture=0.387 score=0.187 pol=-0.0004 val=0.0073 ent=0.5990 tot=+0.0016 agnorm=0.128 cgnorm=0.035 kl=0.0007 clipf=0.005 ev=+0.932 r0=1.0000 entcoef=2.73e-03 lr=1.4e-04 seed=2
iter= 505 step=1619200 ep_ret=+346.727 opt_ret=+346.727 step_rew=3.4673 opt_step=3.4673 gap0=0.000 dret=+630.087 eval_ret=n/a pursuer_target_distance=0.770 capture=0.425 score=0.240 pol=-0.0005 val=0.0092 ent=0.5904 tot=+0.0025 agnorm=0.091 cgnorm=0.048 kl=0.0005 clipf=0.003 ev=+0.896 r0=1.0000 entcoef=2.72e-03 lr=1.4e-04 seed=2
iter= 506 step=1622400 ep_ret=+292.122 opt_ret=+292.122 step_rew=2.9212 opt_step=2.9212 gap0=0.000 dret=+575.483 eval_ret=n/a pursuer_target_distance=0.931 capture=0.386 score=0.200 pol=-0.0007 val=0.0080 ent=0.6096 tot=+0.0017 agnorm=0.098 cgnorm=0.038 kl=0.0010 clipf=0.008 ev=+0.912 r0=1.0000 entcoef=2.70e-03 lr=1.4e-04 seed=2
iter= 507 step=1625600 ep_ret=+186.928 opt_ret=+186.928 step_rew=1.8693 opt_step=1.8693 gap0=0.000 dret=+470.289 eval_ret=n/a pursuer_target_distance=1.408 capture=0.329 score=0.137 pol=-0.0003 val=0.0099 ent=0.5863 tot=+0.0030 agnorm=0.154 cgnorm=0.036 kl=0.0005 clipf=0.005 ev=+0.918 r0=1.0000 entcoef=2.69e-03 lr=1.4e-04 seed=2
iter= 508 step=1628800 ep_ret=+274.882 opt_ret=+274.882 step_rew=2.7488 opt_step=2.7488 gap0=0.000 dret=+558.242 eval_ret=n/a pursuer_target_distance=0.944 capture=0.370 score=0.190 pol=-0.0006 val=0.0070 ent=0.5649 tot=+0.0013 agnorm=0.175 cgnorm=0.030 kl=0.0010 clipf=0.010 ev=+0.927 r0=1.0000 entcoef=2.67e-03 lr=1.4e-04 seed=2
iter= 509 step=1632000 ep_ret=+386.212 opt_ret=+386.212 step_rew=3.8621 opt_step=3.8621 gap0=0.000 dret=+669.572 eval_ret=n/a pursuer_target_distance=0.778 capture=0.465 score=0.262 pol=-0.0003 val=0.0066 ent=0.5815 tot=+0.0014 agnorm=0.139 cgnorm=0.040 kl=0.0008 clipf=0.005 ev=+0.918 r0=1.0000 entcoef=2.66e-03 lr=1.4e-04 seed=2
iter= 510 step=1635200 ep_ret=+299.390 opt_ret=+299.390 step_rew=2.9939 opt_step=2.9939 gap0=0.000 dret=+582.751 eval_ret=n/a pursuer_target_distance=1.024 capture=0.403 score=0.199 pol=-0.0006 val=0.0077 ent=0.5892 tot=+0.0017 agnorm=0.144 cgnorm=0.032 kl=0.0008 clipf=0.005 ev=+0.931 r0=1.0000 entcoef=2.64e-03 lr=1.4e-04 seed=2
iter= 511 step=1638400 ep_ret=+300.772 opt_ret=+300.772 step_rew=3.0077 opt_step=3.0077 gap0=0.000 dret=+584.133 eval_ret=n/a pursuer_target_distance=1.076 capture=0.409 score=0.197 pol=-0.0003 val=0.0085 ent=0.5540 tot=+0.0025 agnorm=0.095 cgnorm=0.033 kl=0.0006 clipf=0.005 ev=+0.906 r0=1.0000 entcoef=2.63e-03 lr=1.3e-04 seed=2
iter= 512 step=1641600 ep_ret=+315.565 opt_ret=+315.565 step_rew=3.1556 opt_step=3.1556 gap0=0.000 dret=+598.925 eval_ret=n/a pursuer_target_distance=1.009 capture=0.417 score=0.208 pol=-0.0004 val=0.0084 ent=0.5900 tot=+0.0022 agnorm=0.101 cgnorm=0.028 kl=0.0006 clipf=0.005 ev=+0.917 r0=1.0000 entcoef=2.62e-03 lr=1.3e-04 seed=2
iter= 513 step=1644800 ep_ret=+277.753 opt_ret=+277.753 step_rew=2.7775 opt_step=2.7775 gap0=0.000 dret=+561.114 eval_ret=n/a pursuer_target_distance=1.091 capture=0.388 score=0.186 pol=-0.0003 val=0.0083 ent=0.5339 tot=+0.0024 agnorm=0.082 cgnorm=0.032 kl=0.0004 clipf=0.002 ev=+0.922 r0=1.0000 entcoef=2.60e-03 lr=1.3e-04 seed=2
iter= 514 step=1648000 ep_ret=+304.754 opt_ret=+304.754 step_rew=3.0475 opt_step=3.0475 gap0=0.000 dret=+588.115 eval_ret=n/a pursuer_target_distance=0.996 capture=0.405 score=0.203 pol=-0.0004 val=0.0069 ent=0.5817 tot=+0.0016 agnorm=0.127 cgnorm=0.037 kl=0.0008 clipf=0.005 ev=+0.941 r0=1.0000 entcoef=2.59e-03 lr=1.3e-04 seed=2
iter= 515 step=1651200 ep_ret=+173.459 opt_ret=+173.459 step_rew=1.7346 opt_step=1.7346 gap0=0.000 dret=+456.820 eval_ret=n/a pursuer_target_distance=1.271 capture=0.302 score=0.133 pol=-0.0003 val=0.0055 ent=0.5622 tot=+0.0010 agnorm=0.103 cgnorm=0.028 kl=0.0004 clipf=0.003 ev=+0.961 r0=1.0000 entcoef=2.57e-03 lr=1.3e-04 seed=2
iter= 516 step=1654400 ep_ret=+227.755 opt_ret=+227.755 step_rew=2.2775 opt_step=2.2775 gap0=0.000 dret=+511.116 eval_ret=n/a pursuer_target_distance=1.084 capture=0.337 score=0.162 pol=-0.0005 val=0.0060 ent=0.5714 tot=+0.0010 agnorm=0.129 cgnorm=0.027 kl=0.0007 clipf=0.005 ev=+0.948 r0=1.0000 entcoef=2.56e-03 lr=1.3e-04 seed=2
iter= 517 step=1657600 ep_ret=+256.390 opt_ret=+256.390 step_rew=2.5639 opt_step=2.5639 gap0=0.000 dret=+539.751 eval_ret=n/a pursuer_target_distance=1.173 capture=0.375 score=0.172 pol=-0.0005 val=0.0076 ent=0.5677 tot=+0.0019 agnorm=0.129 cgnorm=0.027 kl=0.0006 clipf=0.005 ev=+0.929 r0=1.0000 entcoef=2.54e-03 lr=1.3e-04 seed=2
iter= 518 step=1660800 ep_ret=+323.945 opt_ret=+323.945 step_rew=3.2395 opt_step=3.2395 gap0=0.000 dret=+607.306 eval_ret=n/a pursuer_target_distance=0.847 capture=0.410 score=0.222 pol=-0.0003 val=0.0074 ent=0.5916 tot=+0.0019 agnorm=0.128 cgnorm=0.035 kl=0.0006 clipf=0.007 ev=+0.935 r0=1.0000 entcoef=2.53e-03 lr=1.3e-04 seed=2
iter= 519 step=1664000 ep_ret=+265.328 opt_ret=+265.328 step_rew=2.6533 opt_step=2.6533 gap0=0.000 dret=+548.689 eval_ret=n/a pursuer_target_distance=1.177 capture=0.384 score=0.176 pol=-0.0004 val=0.0100 ent=0.5864 tot=+0.0032 agnorm=0.110 cgnorm=0.041 kl=0.0004 clipf=0.003 ev=+0.904 r0=1.0000 entcoef=2.51e-03 lr=1.3e-04 seed=2
iter= 520 step=1667200 ep_ret=+350.029 opt_ret=+350.029 step_rew=3.5003 opt_step=3.5003 gap0=0.000 dret=+633.390 eval_ret=+539.298 pursuer_target_distance=0.840 capture=0.435 score=0.236 pol=-0.0003 val=0.0085 ent=0.5663 tot=+0.0026 agnorm=0.102 cgnorm=0.031 kl=0.0005 clipf=0.005 ev=+0.905 r0=1.0000 entcoef=2.50e-03 lr=1.3e-04 seed=2
iter= 521 step=1670400 ep_ret=+303.550 opt_ret=+303.550 step_rew=3.0355 opt_step=3.0355 gap0=0.000 dret=+586.911 eval_ret=n/a pursuer_target_distance=0.936 capture=0.398 score=0.206 pol=-0.0006 val=0.0086 ent=0.5629 tot=+0.0023 agnorm=0.181 cgnorm=0.033 kl=0.0008 clipf=0.006 ev=+0.915 r0=1.0000 entcoef=2.49e-03 lr=1.2e-04 seed=2
iter= 522 step=1673600 ep_ret=+273.484 opt_ret=+273.484 step_rew=2.7348 opt_step=2.7348 gap0=0.000 dret=+556.845 eval_ret=n/a pursuer_target_distance=1.152 capture=0.390 score=0.181 pol=-0.0003 val=0.0070 ent=0.5390 tot=+0.0018 agnorm=0.096 cgnorm=0.036 kl=0.0006 clipf=0.004 ev=+0.953 r0=1.0000 entcoef=2.47e-03 lr=1.2e-04 seed=2
iter= 523 step=1676800 ep_ret=+257.496 opt_ret=+257.496 step_rew=2.5750 opt_step=2.5750 gap0=0.000 dret=+540.857 eval_ret=n/a pursuer_target_distance=1.103 capture=0.369 score=0.175 pol=-0.0006 val=0.0066 ent=0.5304 tot=+0.0014 agnorm=0.157 cgnorm=0.034 kl=0.0009 clipf=0.010 ev=+0.943 r0=1.0000 entcoef=2.46e-03 lr=1.2e-04 seed=2
iter= 524 step=1680000 ep_ret=+208.389 opt_ret=+208.389 step_rew=2.0839 opt_step=2.0839 gap0=0.000 dret=+491.750 eval_ret=n/a pursuer_target_distance=1.250 capture=0.334 score=0.149 pol=-0.0005 val=0.0060 ent=0.6005 tot=+0.0010 agnorm=0.105 cgnorm=0.028 kl=0.0004 clipf=0.003 ev=+0.956 r0=1.0000 entcoef=2.44e-03 lr=1.2e-04 seed=2
iter= 525 step=1683200 ep_ret=+254.867 opt_ret=+254.867 step_rew=2.5487 opt_step=2.5487 gap0=0.000 dret=+538.227 eval_ret=n/a pursuer_target_distance=1.023 capture=0.358 score=0.177 pol=-0.0003 val=0.0086 ent=0.5846 tot=+0.0026 agnorm=0.087 cgnorm=0.040 kl=0.0004 clipf=0.002 ev=+0.921 r0=1.0000 entcoef=2.43e-03 lr=1.2e-04 seed=2
iter= 526 step=1686400 ep_ret=+272.462 opt_ret=+272.462 step_rew=2.7246 opt_step=2.7246 gap0=0.000 dret=+555.823 eval_ret=n/a pursuer_target_distance=1.047 capture=0.378 score=0.185 pol=-0.0004 val=0.0068 ent=0.5820 tot=+0.0016 agnorm=0.128 cgnorm=0.034 kl=0.0005 clipf=0.005 ev=+0.936 r0=1.0000 entcoef=2.41e-03 lr=1.2e-04 seed=2
iter= 527 step=1689600 ep_ret=+332.907 opt_ret=+332.907 step_rew=3.3291 opt_step=3.3291 gap0=0.000 dret=+616.267 eval_ret=n/a pursuer_target_distance=1.033 capture=0.437 score=0.215 pol=-0.0003 val=0.0061 ent=0.5607 tot=+0.0014 agnorm=0.117 cgnorm=0.022 kl=0.0006 clipf=0.007 ev=+0.950 r0=1.0000 entcoef=2.40e-03 lr=1.2e-04 seed=2
iter= 528 step=1692800 ep_ret=+348.045 opt_ret=+348.045 step_rew=3.4805 opt_step=3.4805 gap0=0.000 dret=+631.406 eval_ret=n/a pursuer_target_distance=0.794 capture=0.428 score=0.239 pol=-0.0006 val=0.0077 ent=0.5960 tot=+0.0019 agnorm=0.112 cgnorm=0.031 kl=0.0005 clipf=0.003 ev=+0.925 r0=1.0000 entcoef=2.38e-03 lr=1.2e-04 seed=2
iter= 529 step=1696000 ep_ret=+286.136 opt_ret=+286.136 step_rew=2.8614 opt_step=2.8614 gap0=0.000 dret=+569.497 eval_ret=n/a pursuer_target_distance=1.135 capture=0.401 score=0.188 pol=-0.0006 val=0.0077 ent=0.5643 tot=+0.0019 agnorm=0.116 cgnorm=0.038 kl=0.0009 clipf=0.004 ev=+0.939 r0=1.0000 entcoef=2.37e-03 lr=1.2e-04 seed=2
iter= 530 step=1699200 ep_ret=+242.066 opt_ret=+242.066 step_rew=2.4207 opt_step=2.4207 gap0=0.000 dret=+525.427 eval_ret=n/a pursuer_target_distance=1.210 capture=0.364 score=0.165 pol=-0.0000 val=0.0088 ent=0.5598 tot=+0.0031 agnorm=0.063 cgnorm=0.036 kl=0.0003 clipf=0.001 ev=+0.928 r0=1.0000 entcoef=2.36e-03 lr=1.1e-04 seed=2
iter= 531 step=1702400 ep_ret=+250.022 opt_ret=+250.022 step_rew=2.5002 opt_step=2.5002 gap0=0.000 dret=+533.382 eval_ret=n/a pursuer_target_distance=1.140 capture=0.365 score=0.171 pol=-0.0003 val=0.0070 ent=0.5415 tot=+0.0020 agnorm=0.099 cgnorm=0.025 kl=0.0002 clipf=0.002 ev=+0.934 r0=1.0000 entcoef=2.34e-03 lr=1.1e-04 seed=2
iter= 532 step=1705600 ep_ret=+241.224 opt_ret=+241.224 step_rew=2.4122 opt_step=2.4122 gap0=0.000 dret=+524.584 eval_ret=n/a pursuer_target_distance=1.112 capture=0.353 score=0.167 pol=-0.0002 val=0.0067 ent=0.5817 tot=+0.0018 agnorm=0.083 cgnorm=0.027 kl=0.0002 clipf=0.001 ev=+0.946 r0=1.0000 entcoef=2.33e-03 lr=1.1e-04 seed=2
iter= 533 step=1708800 ep_ret=+356.445 opt_ret=+356.445 step_rew=3.5644 opt_step=3.5644 gap0=0.000 dret=+639.805 eval_ret=n/a pursuer_target_distance=0.801 capture=0.438 score=0.243 pol=-0.0004 val=0.0075 ent=0.6485 tot=+0.0018 agnorm=0.109 cgnorm=0.036 kl=0.0004 clipf=0.001 ev=+0.919 r0=1.0000 entcoef=2.31e-03 lr=1.1e-04 seed=2
iter= 534 step=1712000 ep_ret=+200.502 opt_ret=+200.502 step_rew=2.0050 opt_step=2.0050 gap0=0.000 dret=+483.863 eval_ret=n/a pursuer_target_distance=1.232 capture=0.325 score=0.145 pol=-0.0002 val=0.0091 ent=0.5486 tot=+0.0031 agnorm=0.054 cgnorm=0.051 kl=0.0004 clipf=0.001 ev=+0.909 r0=1.0000 entcoef=2.30e-03 lr=1.1e-04 seed=2
iter= 535 step=1715200 ep_ret=+334.907 opt_ret=+334.907 step_rew=3.3491 opt_step=3.3491 gap0=0.000 dret=+618.268 eval_ret=n/a pursuer_target_distance=0.853 capture=0.421 score=0.227 pol=-0.0004 val=0.0062 ent=0.5910 tot=+0.0013 agnorm=0.099 cgnorm=0.031 kl=0.0004 clipf=0.003 ev=+0.932 r0=1.0000 entcoef=2.28e-03 lr=1.1e-04 seed=2
iter= 536 step=1718400 ep_ret=+267.861 opt_ret=+267.861 step_rew=2.6786 opt_step=2.6786 gap0=0.000 dret=+551.221 eval_ret=n/a pursuer_target_distance=0.974 capture=0.366 score=0.186 pol=-0.0002 val=0.0085 ent=0.5922 tot=+0.0027 agnorm=0.081 cgnorm=0.032 kl=0.0003 clipf=0.001 ev=+0.916 r0=1.0000 entcoef=2.27e-03 lr=1.1e-04 seed=2
iter= 537 step=1721600 ep_ret=+345.075 opt_ret=+345.075 step_rew=3.4507 opt_step=3.4507 gap0=0.000 dret=+628.435 eval_ret=n/a pursuer_target_distance=0.842 capture=0.430 score=0.234 pol=-0.0006 val=0.0064 ent=0.6027 tot=+0.0013 agnorm=0.151 cgnorm=0.023 kl=0.0005 clipf=0.005 ev=+0.943 r0=1.0000 entcoef=2.25e-03 lr=1.1e-04 seed=2
iter= 538 step=1724800 ep_ret=+279.691 opt_ret=+279.691 step_rew=2.7969 opt_step=2.7969 gap0=0.000 dret=+563.052 eval_ret=n/a pursuer_target_distance=1.081 capture=0.389 score=0.187 pol=-0.0005 val=0.0090 ent=0.5736 tot=+0.0028 agnorm=0.146 cgnorm=0.050 kl=0.0005 clipf=0.003 ev=+0.918 r0=1.0000 entcoef=2.24e-03 lr=1.1e-04 seed=2
iter= 539 step=1728000 ep_ret=+232.343 opt_ret=+232.343 step_rew=2.3234 opt_step=2.3234 gap0=0.000 dret=+515.704 eval_ret=n/a pursuer_target_distance=1.145 capture=0.348 score=0.162 pol=-0.0001 val=0.0061 ent=0.5875 tot=+0.0016 agnorm=0.055 cgnorm=0.034 kl=0.0002 clipf=0.000 ev=+0.956 r0=1.0000 entcoef=2.23e-03 lr=1.0e-04 seed=2
iter= 540 step=1731200 ep_ret=+400.331 opt_ret=+400.331 step_rew=4.0033 opt_step=4.0033 gap0=0.000 dret=+683.692 eval_ret=+554.837 pursuer_target_distance=0.721 capture=0.473 score=0.275 pol=-0.0003 val=0.0068 ent=0.6079 tot=+0.0018 agnorm=0.124 cgnorm=0.032 kl=0.0006 clipf=0.006 ev=+0.917 r0=1.0000 entcoef=2.21e-03 lr=1.0e-04 seed=2
iter= 541 step=1734400 ep_ret=+264.682 opt_ret=+264.682 step_rew=2.6468 opt_step=2.6468 gap0=0.000 dret=+548.043 eval_ret=n/a pursuer_target_distance=0.953 capture=0.361 score=0.185 pol=-0.0004 val=0.0062 ent=0.5323 tot=+0.0016 agnorm=0.120 cgnorm=0.024 kl=0.0003 clipf=0.003 ev=+0.941 r0=1.0000 entcoef=2.20e-03 lr=1.0e-04 seed=2
iter= 542 step=1737600 ep_ret=+351.515 opt_ret=+351.515 step_rew=3.5151 opt_step=3.5151 gap0=0.000 dret=+634.875 eval_ret=n/a pursuer_target_distance=0.747 capture=0.427 score=0.245 pol=-0.0005 val=0.0082 ent=0.5889 tot=+0.0023 agnorm=0.166 cgnorm=0.034 kl=0.0006 clipf=0.005 ev=+0.917 r0=1.0000 entcoef=2.18e-03 lr=1.0e-04 seed=2
iter= 543 step=1740800 ep_ret=+262.699 opt_ret=+262.699 step_rew=2.6270 opt_step=2.6270 gap0=0.000 dret=+546.060 eval_ret=n/a pursuer_target_distance=1.235 capture=0.387 score=0.173 pol=-0.0006 val=0.0083 ent=0.5640 tot=+0.0023 agnorm=0.149 cgnorm=0.035 kl=0.0009 clipf=0.008 ev=+0.936 r0=1.0000 entcoef=2.17e-03 lr=1.0e-04 seed=2
iter= 544 step=1744000 ep_ret=+190.847 opt_ret=+190.847 step_rew=1.9085 opt_step=1.9085 gap0=0.000 dret=+474.208 eval_ret=n/a pursuer_target_distance=1.266 capture=0.318 score=0.141 pol=-0.0002 val=0.0056 ent=0.5267 tot=+0.0015 agnorm=0.099 cgnorm=0.034 kl=0.0004 clipf=0.003 ev=+0.951 r0=1.0000 entcoef=2.15e-03 lr=9.8e-05 seed=2
iter= 545 step=1747200 ep_ret=+294.461 opt_ret=+294.461 step_rew=2.9446 opt_step=2.9446 gap0=0.000 dret=+577.821 eval_ret=n/a pursuer_target_distance=1.049 capture=0.400 score=0.195 pol=-0.0003 val=0.0068 ent=0.5721 tot=+0.0019 agnorm=0.138 cgnorm=0.030 kl=0.0005 clipf=0.004 ev=+0.940 r0=1.0000 entcoef=2.14e-03 lr=9.7e-05 seed=2
iter= 546 step=1750400 ep_ret=+295.201 opt_ret=+295.201 step_rew=2.9520 opt_step=2.9520 gap0=0.000 dret=+578.562 eval_ret=n/a pursuer_target_distance=0.975 capture=0.394 score=0.199 pol=-0.0005 val=0.0081 ent=0.6119 tot=+0.0022 agnorm=0.101 cgnorm=0.041 kl=0.0005 clipf=0.002 ev=+0.926 r0=1.0000 entcoef=2.13e-03 lr=9.6e-05 seed=2
iter= 547 step=1753600 ep_ret=+222.786 opt_ret=+222.786 step_rew=2.2279 opt_step=2.2279 gap0=0.000 dret=+506.146 eval_ret=n/a pursuer_target_distance=1.112 capture=0.335 score=0.159 pol=-0.0003 val=0.0087 ent=0.5479 tot=+0.0029 agnorm=0.128 cgnorm=0.038 kl=0.0005 clipf=0.003 ev=+0.912 r0=1.0000 entcoef=2.11e-03 lr=9.5e-05 seed=2
iter= 548 step=1756800 ep_ret=+328.062 opt_ret=+328.062 step_rew=3.2806 opt_step=3.2806 gap0=0.000 dret=+611.423 eval_ret=n/a pursuer_target_distance=0.894 capture=0.418 score=0.221 pol=-0.0009 val=0.0062 ent=0.5750 tot=+0.0010 agnorm=0.127 cgnorm=0.039 kl=0.0009 clipf=0.007 ev=+0.942 r0=1.0000 entcoef=2.10e-03 lr=9.4e-05 seed=2
iter= 549 step=1760000 ep_ret=+336.585 opt_ret=+336.585 step_rew=3.3658 opt_step=3.3658 gap0=0.000 dret=+619.946 eval_ret=n/a pursuer_target_distance=0.855 capture=0.423 score=0.228 pol=-0.0009 val=0.0068 ent=0.5929 tot=+0.0013 agnorm=0.194 cgnorm=0.031 kl=0.0015 clipf=0.015 ev=+0.935 r0=1.0000 entcoef=2.08e-03 lr=9.3e-05 seed=2
iter= 550 step=1763200 ep_ret=+165.899 opt_ret=+165.899 step_rew=1.6590 opt_step=1.6590 gap0=0.000 dret=+449.260 eval_ret=n/a pursuer_target_distance=1.428 capture=0.310 score=0.128 pol=-0.0005 val=0.0067 ent=0.6107 tot=+0.0016 agnorm=0.148 cgnorm=0.036 kl=0.0007 clipf=0.004 ev=+0.952 r0=1.0000 entcoef=2.07e-03 lr=9.2e-05 seed=2
iter= 551 step=1766400 ep_ret=+297.825 opt_ret=+297.825 step_rew=2.9783 opt_step=2.9783 gap0=0.000 dret=+581.186 eval_ret=n/a pursuer_target_distance=1.071 capture=0.406 score=0.196 pol=-0.0001 val=0.0070 ent=0.5517 tot=+0.0023 agnorm=0.089 cgnorm=0.036 kl=0.0002 clipf=0.001 ev=+0.947 r0=1.0000 entcoef=2.05e-03 lr=9.1e-05 seed=2
iter= 552 step=1769600 ep_ret=+360.369 opt_ret=+360.369 step_rew=3.6037 opt_step=3.6037 gap0=0.000 dret=+643.730 eval_ret=n/a pursuer_target_distance=0.864 capture=0.448 score=0.240 pol=-0.0003 val=0.0064 ent=0.6144 tot=+0.0016 agnorm=0.142 cgnorm=0.030 kl=0.0005 clipf=0.006 ev=+0.932 r0=1.0000 entcoef=2.04e-03 lr=9.0e-05 seed=2
iter= 553 step=1772800 ep_ret=+342.289 opt_ret=+342.289 step_rew=3.4229 opt_step=3.4229 gap0=0.000 dret=+625.650 eval_ret=n/a pursuer_target_distance=0.983 capture=0.442 score=0.223 pol=-0.0003 val=0.0069 ent=0.5655 tot=+0.0020 agnorm=0.165 cgnorm=0.037 kl=0.0004 clipf=0.005 ev=+0.938 r0=1.0000 entcoef=2.02e-03 lr=8.9e-05 seed=2
iter= 554 step=1776000 ep_ret=+346.812 opt_ret=+346.812 step_rew=3.4681 opt_step=3.4681 gap0=0.000 dret=+630.173 eval_ret=n/a pursuer_target_distance=0.756 capture=0.423 score=0.241 pol=-0.0004 val=0.0067 ent=0.5915 tot=+0.0018 agnorm=0.077 cgnorm=0.028 kl=0.0004 clipf=0.000 ev=+0.926 r0=1.0000 entcoef=2.01e-03 lr=8.7e-05 seed=2
iter= 555 step=1779200 ep_ret=+327.169 opt_ret=+327.169 step_rew=3.2717 opt_step=3.2717 gap0=0.000 dret=+610.530 eval_ret=n/a pursuer_target_distance=0.871 capture=0.415 score=0.222 pol=-0.0005 val=0.0071 ent=0.5713 tot=+0.0019 agnorm=0.087 cgnorm=0.027 kl=0.0008 clipf=0.004 ev=+0.932 r0=1.0000 entcoef=2.00e-03 lr=8.6e-05 seed=2
iter= 556 step=1782400 ep_ret=+258.702 opt_ret=+258.702 step_rew=2.5870 opt_step=2.5870 gap0=0.000 dret=+542.063 eval_ret=n/a pursuer_target_distance=1.150 capture=0.375 score=0.174 pol=-0.0005 val=0.0055 ent=0.5751 tot=+0.0011 agnorm=0.130 cgnorm=0.025 kl=0.0004 clipf=0.001 ev=+0.955 r0=1.0000 entcoef=1.98e-03 lr=8.5e-05 seed=2
iter= 557 step=1785600 ep_ret=+304.807 opt_ret=+304.807 step_rew=3.0481 opt_step=3.0481 gap0=0.000 dret=+588.168 eval_ret=n/a pursuer_target_distance=0.833 capture=0.389 score=0.212 pol=-0.0002 val=0.0066 ent=0.5463 tot=+0.0021 agnorm=0.123 cgnorm=0.027 kl=0.0003 clipf=0.002 ev=+0.932 r0=1.0000 entcoef=1.97e-03 lr=8.4e-05 seed=2
iter= 558 step=1788800 ep_ret=+318.324 opt_ret=+318.324 step_rew=3.1832 opt_step=3.1832 gap0=0.000 dret=+601.684 eval_ret=n/a pursuer_target_distance=0.876 capture=0.407 score=0.217 pol=-0.0003 val=0.0063 ent=0.5864 tot=+0.0017 agnorm=0.098 cgnorm=0.036 kl=0.0002 clipf=0.001 ev=+0.943 r0=1.0000 entcoef=1.95e-03 lr=8.3e-05 seed=2
iter= 559 step=1792000 ep_ret=+304.538 opt_ret=+304.538 step_rew=3.0454 opt_step=3.0454 gap0=0.000 dret=+587.899 eval_ret=n/a pursuer_target_distance=0.863 capture=0.392 score=0.210 pol=-0.0005 val=0.0053 ent=0.6015 tot=+0.0009 agnorm=0.132 cgnorm=0.027 kl=0.0006 clipf=0.003 ev=+0.948 r0=1.0000 entcoef=1.94e-03 lr=8.2e-05 seed=2
iter= 560 step=1795200 ep_ret=+378.243 opt_ret=+378.243 step_rew=3.7824 opt_step=3.7824 gap0=0.000 dret=+661.604 eval_ret=+554.756 pursuer_target_distance=0.764 capture=0.456 score=0.258 pol=-0.0007 val=0.0088 ent=0.5951 tot=+0.0026 agnorm=0.103 cgnorm=0.036 kl=0.0007 clipf=0.003 ev=+0.897 r0=1.0000 entcoef=1.92e-03 lr=8.1e-05 seed=2
iter= 561 step=1798400 ep_ret=+98.514 opt_ret=+98.514 step_rew=0.9851 opt_step=0.9851 gap0=0.000 dret=+381.874 eval_ret=n/a pursuer_target_distance=1.702 capture=0.270 score=0.100 pol=-0.0003 val=0.0072 ent=0.5604 tot=+0.0023 agnorm=0.072 cgnorm=0.038 kl=0.0004 clipf=0.000 ev=+0.952 r0=1.0000 entcoef=1.91e-03 lr=8.0e-05 seed=2
iter= 562 step=1801600 ep_ret=+366.002 opt_ret=+366.002 step_rew=3.6600 opt_step=3.6600 gap0=0.000 dret=+649.362 eval_ret=n/a pursuer_target_distance=0.749 capture=0.442 score=0.253 pol=-0.0007 val=0.0060 ent=0.5870 tot=+0.0012 agnorm=0.153 cgnorm=0.028 kl=0.0007 clipf=0.006 ev=+0.937 r0=1.0000 entcoef=1.89e-03 lr=7.9e-05 seed=2
iter= 563 step=1804800 ep_ret=+275.101 opt_ret=+275.101 step_rew=2.7510 opt_step=2.7510 gap0=0.000 dret=+558.462 eval_ret=n/a pursuer_target_distance=1.139 capture=0.390 score=0.182 pol=-0.0002 val=0.0076 ent=0.5996 tot=+0.0025 agnorm=0.142 cgnorm=0.041 kl=0.0005 clipf=0.004 ev=+0.936 r0=1.0000 entcoef=1.88e-03 lr=7.7e-05 seed=2
iter= 564 step=1808000 ep_ret=+249.770 opt_ret=+249.770 step_rew=2.4977 opt_step=2.4977 gap0=0.000 dret=+533.131 eval_ret=n/a pursuer_target_distance=0.967 capture=0.347 score=0.177 pol=-0.0001 val=0.0065 ent=0.5779 tot=+0.0020 agnorm=0.092 cgnorm=0.029 kl=0.0002 clipf=0.001 ev=+0.935 r0=1.0000 entcoef=1.87e-03 lr=7.6e-05 seed=2
iter= 565 step=1811200 ep_ret=+353.439 opt_ret=+353.439 step_rew=3.5344 opt_step=3.5344 gap0=0.000 dret=+636.800 eval_ret=n/a pursuer_target_distance=0.721 capture=0.427 score=0.248 pol=-0.0001 val=0.0073 ent=0.5885 tot=+0.0024 agnorm=0.100 cgnorm=0.031 kl=0.0002 clipf=0.001 ev=+0.908 r0=1.0000 entcoef=1.85e-03 lr=7.5e-05 seed=2
iter= 566 step=1814400 ep_ret=+347.361 opt_ret=+347.361 step_rew=3.4736 opt_step=3.4736 gap0=0.000 dret=+630.722 eval_ret=n/a pursuer_target_distance=0.945 capture=0.443 score=0.228 pol=-0.0004 val=0.0072 ent=0.5696 tot=+0.0022 agnorm=0.127 cgnorm=0.026 kl=0.0002 clipf=0.002 ev=+0.929 r0=1.0000 entcoef=1.84e-03 lr=7.4e-05 seed=2
iter= 567 step=1817600 ep_ret=+261.236 opt_ret=+261.236 step_rew=2.6124 opt_step=2.6124 gap0=0.000 dret=+544.596 eval_ret=n/a pursuer_target_distance=1.240 capture=0.386 score=0.172 pol=-0.0002 val=0.0077 ent=0.5518 tot=+0.0026 agnorm=0.120 cgnorm=0.033 kl=0.0002 clipf=0.001 ev=+0.928 r0=1.0000 entcoef=1.82e-03 lr=7.3e-05 seed=2
iter= 568 step=1820800 ep_ret=+286.336 opt_ret=+286.336 step_rew=2.8634 opt_step=2.8634 gap0=0.000 dret=+569.696 eval_ret=n/a pursuer_target_distance=1.086 capture=0.396 score=0.190 pol=-0.0002 val=0.0068 ent=0.5957 tot=+0.0022 agnorm=0.109 cgnorm=0.028 kl=0.0002 clipf=0.001 ev=+0.941 r0=1.0000 entcoef=1.81e-03 lr=7.2e-05 seed=2
iter= 569 step=1824000 ep_ret=+222.686 opt_ret=+222.686 step_rew=2.2269 opt_step=2.2269 gap0=0.000 dret=+506.046 eval_ret=n/a pursuer_target_distance=1.166 capture=0.340 score=0.157 pol=-0.0003 val=0.0070 ent=0.5420 tot=+0.0023 agnorm=0.096 cgnorm=0.033 kl=0.0002 clipf=0.002 ev=+0.937 r0=1.0000 entcoef=1.79e-03 lr=7.1e-05 seed=2
iter= 570 step=1827200 ep_ret=+311.023 opt_ret=+311.023 step_rew=3.1102 opt_step=3.1102 gap0=0.000 dret=+594.384 eval_ret=n/a pursuer_target_distance=0.961 capture=0.408 score=0.208 pol=-0.0003 val=0.0054 ent=0.5844 tot=+0.0014 agnorm=0.123 cgnorm=0.027 kl=0.0002 clipf=0.002 ev=+0.946 r0=1.0000 entcoef=1.78e-03 lr=7.0e-05 seed=2
iter= 571 step=1830400 ep_ret=+236.829 opt_ret=+236.829 step_rew=2.3683 opt_step=2.3683 gap0=0.000 dret=+520.190 eval_ret=n/a pursuer_target_distance=1.050 capture=0.343 score=0.167 pol=-0.0005 val=0.0057 ent=0.5987 tot=+0.0013 agnorm=0.091 cgnorm=0.029 kl=0.0004 clipf=0.002 ev=+0.948 r0=1.0000 entcoef=1.76e-03 lr=6.9e-05 seed=2
iter= 572 step=1833600 ep_ret=+262.850 opt_ret=+262.850 step_rew=2.6285 opt_step=2.6285 gap0=0.000 dret=+546.211 eval_ret=n/a pursuer_target_distance=0.943 capture=0.358 score=0.184 pol=-0.0003 val=0.0074 ent=0.5776 tot=+0.0024 agnorm=0.102 cgnorm=0.028 kl=0.0004 clipf=0.002 ev=+0.925 r0=1.0000 entcoef=1.75e-03 lr=6.8e-05 seed=2
iter= 573 step=1836800 ep_ret=+215.107 opt_ret=+215.107 step_rew=2.1511 opt_step=2.1511 gap0=0.000 dret=+498.467 eval_ret=n/a pursuer_target_distance=1.261 capture=0.342 score=0.151 pol=-0.0002 val=0.0068 ent=0.5631 tot=+0.0022 agnorm=0.055 cgnorm=0.029 kl=0.0002 clipf=0.001 ev=+0.944 r0=1.0000 entcoef=1.74e-03 lr=6.6e-05 seed=2
iter= 574 step=1840000 ep_ret=+152.582 opt_ret=+152.582 step_rew=1.5258 opt_step=1.5258 gap0=0.000 dret=+435.943 eval_ret=n/a pursuer_target_distance=1.349 capture=0.288 score=0.123 pol=-0.0004 val=0.0081 ent=0.5356 tot=+0.0027 agnorm=0.107 cgnorm=0.030 kl=0.0002 clipf=0.001 ev=+0.922 r0=1.0000 entcoef=1.72e-03 lr=6.5e-05 seed=2
iter= 575 step=1843200 ep_ret=+244.576 opt_ret=+244.576 step_rew=2.4458 opt_step=2.4458 gap0=0.000 dret=+527.936 eval_ret=n/a pursuer_target_distance=1.057 capture=0.351 score=0.171 pol=-0.0004 val=0.0062 ent=0.6081 tot=+0.0016 agnorm=0.119 cgnorm=0.031 kl=0.0003 clipf=0.002 ev=+0.937 r0=1.0000 entcoef=1.71e-03 lr=6.4e-05 seed=2
iter= 576 step=1846400 ep_ret=+212.603 opt_ret=+212.603 step_rew=2.1260 opt_step=2.1260 gap0=0.000 dret=+495.964 eval_ret=n/a pursuer_target_distance=1.211 capture=0.335 score=0.151 pol=-0.0004 val=0.0076 ent=0.5590 tot=+0.0025 agnorm=0.084 cgnorm=0.038 kl=0.0003 clipf=0.001 ev=+0.931 r0=1.0000 entcoef=1.69e-03 lr=6.3e-05 seed=2
iter= 577 step=1849600 ep_ret=+274.940 opt_ret=+274.940 step_rew=2.7494 opt_step=2.7494 gap0=0.000 dret=+558.301 eval_ret=n/a pursuer_target_distance=1.075 capture=0.383 score=0.185 pol=-0.0004 val=0.0073 ent=0.5814 tot=+0.0022 agnorm=0.137 cgnorm=0.033 kl=0.0005 clipf=0.004 ev=+0.927 r0=1.0000 entcoef=1.68e-03 lr=6.2e-05 seed=2
iter= 578 step=1852800 ep_ret=+207.721 opt_ret=+207.721 step_rew=2.0772 opt_step=2.0772 gap0=0.000 dret=+491.081 eval_ret=n/a pursuer_target_distance=1.350 capture=0.344 score=0.146 pol=-0.0001 val=0.0091 ent=0.5098 tot=+0.0036 agnorm=0.083 cgnorm=0.028 kl=0.0001 clipf=0.000 ev=+0.922 r0=1.0000 entcoef=1.66e-03 lr=6.1e-05 seed=2
iter= 579 step=1856000 ep_ret=+248.626 opt_ret=+248.626 step_rew=2.4863 opt_step=2.4863 gap0=0.000 dret=+531.986 eval_ret=n/a pursuer_target_distance=0.941 capture=0.344 score=0.177 pol=-0.0004 val=0.0058 ent=0.5426 tot=+0.0016 agnorm=0.093 cgnorm=0.023 kl=0.0003 clipf=0.002 ev=+0.942 r0=1.0000 entcoef=1.65e-03 lr=6.0e-05 seed=2
iter= 580 step=1859200 ep_ret=+165.207 opt_ret=+165.207 step_rew=1.6521 opt_step=1.6521 gap0=0.000 dret=+448.568 eval_ret=+544.663 pursuer_target_distance=1.407 capture=0.307 score=0.128 pol=-0.0006 val=0.0066 ent=0.5273 tot=+0.0018 agnorm=0.093 cgnorm=0.034 kl=0.0004 clipf=0.001 ev=+0.942 r0=1.0000 entcoef=1.63e-03 lr=5.9e-05 seed=2
iter= 581 step=1862400 ep_ret=+237.689 opt_ret=+237.689 step_rew=2.3769 opt_step=2.3769 gap0=0.000 dret=+521.050 eval_ret=n/a pursuer_target_distance=1.060 capture=0.345 score=0.167 pol=-0.0003 val=0.0079 ent=0.5471 tot=+0.0028 agnorm=0.147 cgnorm=0.034 kl=0.0004 clipf=0.002 ev=+0.911 r0=1.0000 entcoef=1.62e-03 lr=5.8e-05 seed=2
iter= 582 step=1865600 ep_ret=+226.315 opt_ret=+226.315 step_rew=2.2632 opt_step=2.2632 gap0=0.000 dret=+509.676 eval_ret=n/a pursuer_target_distance=1.230 capture=0.350 score=0.157 pol=-0.0001 val=0.0069 ent=0.5366 tot=+0.0024 agnorm=0.072 cgnorm=0.036 kl=0.0001 clipf=0.000 ev=+0.934 r0=1.0000 entcoef=1.61e-03 lr=5.6e-05 seed=2
iter= 583 step=1868800 ep_ret=+316.176 opt_ret=+316.176 step_rew=3.1618 opt_step=3.1618 gap0=0.000 dret=+599.537 eval_ret=n/a pursuer_target_distance=0.888 capture=0.406 score=0.215 pol=-0.0002 val=0.0071 ent=0.5901 tot=+0.0024 agnorm=0.095 cgnorm=0.029 kl=0.0002 clipf=0.001 ev=+0.921 r0=1.0000 entcoef=1.59e-03 lr=5.5e-05 seed=2
iter= 584 step=1872000 ep_ret=+246.882 opt_ret=+246.882 step_rew=2.4688 opt_step=2.4688 gap0=0.000 dret=+530.242 eval_ret=n/a pursuer_target_distance=1.093 capture=0.357 score=0.171 pol=-0.0005 val=0.0066 ent=0.5851 tot=+0.0018 agnorm=0.163 cgnorm=0.033 kl=0.0004 clipf=0.003 ev=+0.940 r0=1.0000 entcoef=1.58e-03 lr=5.4e-05 seed=2
iter= 585 step=1875200 ep_ret=+323.508 opt_ret=+323.508 step_rew=3.2351 opt_step=3.2351 gap0=0.000 dret=+606.869 eval_ret=n/a pursuer_target_distance=0.892 capture=0.414 score=0.219 pol=-0.0001 val=0.0079 ent=0.5312 tot=+0.0030 agnorm=0.126 cgnorm=0.033 kl=0.0002 clipf=0.001 ev=+0.924 r0=1.0000 entcoef=1.56e-03 lr=5.3e-05 seed=2
iter= 586 step=1878400 ep_ret=+376.666 opt_ret=+376.666 step_rew=3.7667 opt_step=3.7667 gap0=0.000 dret=+660.027 eval_ret=n/a pursuer_target_distance=0.845 capture=0.462 score=0.250 pol=-0.0003 val=0.0087 ent=0.5848 tot=+0.0032 agnorm=0.110 cgnorm=0.039 kl=0.0002 clipf=0.002 ev=+0.910 r0=1.0000 entcoef=1.55e-03 lr=5.2e-05 seed=2
iter= 587 step=1881600 ep_ret=+350.282 opt_ret=+350.282 step_rew=3.5028 opt_step=3.5028 gap0=0.000 dret=+633.643 eval_ret=n/a pursuer_target_distance=0.915 capture=0.443 score=0.231 pol=-0.0003 val=0.0074 ent=0.6345 tot=+0.0024 agnorm=0.135 cgnorm=0.035 kl=0.0002 clipf=0.001 ev=+0.922 r0=1.0000 entcoef=1.53e-03 lr=5.1e-05 seed=2
iter= 588 step=1884800 ep_ret=+222.923 opt_ret=+222.923 step_rew=2.2292 opt_step=2.2292 gap0=0.000 dret=+506.283 eval_ret=n/a pursuer_target_distance=1.261 capture=0.350 score=0.155 pol=-0.0004 val=0.0072 ent=0.5715 tot=+0.0024 agnorm=0.125 cgnorm=0.041 kl=0.0003 clipf=0.001 ev=+0.935 r0=1.0000 entcoef=1.52e-03 lr=5.0e-05 seed=2
iter= 589 step=1888000 ep_ret=+236.047 opt_ret=+236.047 step_rew=2.3605 opt_step=2.3605 gap0=0.000 dret=+519.408 eval_ret=n/a pursuer_target_distance=1.098 capture=0.347 score=0.165 pol=-0.0004 val=0.0076 ent=0.5577 tot=+0.0025 agnorm=0.109 cgnorm=0.036 kl=0.0002 clipf=0.001 ev=+0.921 r0=1.0000 entcoef=1.50e-03 lr=4.9e-05 seed=2
iter= 590 step=1891200 ep_ret=+356.765 opt_ret=+356.765 step_rew=3.5676 opt_step=3.5676 gap0=0.000 dret=+640.126 eval_ret=n/a pursuer_target_distance=0.807 capture=0.438 score=0.243 pol=-0.0001 val=0.0073 ent=0.6197 tot=+0.0026 agnorm=0.096 cgnorm=0.050 kl=0.0002 clipf=0.001 ev=+0.929 r0=1.0000 entcoef=1.49e-03 lr=4.8e-05 seed=2
iter= 591 step=1894400 ep_ret=+333.987 opt_ret=+333.987 step_rew=3.3399 opt_step=3.3399 gap0=0.000 dret=+617.348 eval_ret=n/a pursuer_target_distance=0.785 capture=0.413 score=0.232 pol=-0.0003 val=0.0081 ent=0.5968 tot=+0.0029 agnorm=0.093 cgnorm=0.034 kl=0.0002 clipf=0.000 ev=+0.899 r0=1.0000 entcoef=1.48e-03 lr=4.6e-05 seed=2
iter= 592 step=1897600 ep_ret=+142.980 opt_ret=+142.980 step_rew=1.4298 opt_step=1.4298 gap0=0.000 dret=+426.340 eval_ret=n/a pursuer_target_distance=1.404 capture=0.284 score=0.118 pol=-0.0001 val=0.0082 ent=0.5661 tot=+0.0032 agnorm=0.119 cgnorm=0.042 kl=0.0001 clipf=0.001 ev=+0.928 r0=1.0000 entcoef=1.46e-03 lr=4.5e-05 seed=2
iter= 593 step=1900800 ep_ret=+278.625 opt_ret=+278.625 step_rew=2.7863 opt_step=2.7863 gap0=0.000 dret=+561.986 eval_ret=n/a pursuer_target_distance=0.991 capture=0.379 score=0.190 pol=-0.0002 val=0.0058 ent=0.5393 tot=+0.0019 agnorm=0.097 cgnorm=0.028 kl=0.0001 clipf=0.000 ev=+0.938 r0=1.0000 entcoef=1.45e-03 lr=4.4e-05 seed=2
iter= 594 step=1904000 ep_ret=+220.277 opt_ret=+220.277 step_rew=2.2028 opt_step=2.2028 gap0=0.000 dret=+503.637 eval_ret=n/a pursuer_target_distance=1.212 capture=0.343 score=0.155 pol=-0.0005 val=0.0090 ent=0.5730 tot=+0.0032 agnorm=0.180 cgnorm=0.034 kl=0.0002 clipf=0.002 ev=+0.908 r0=1.0000 entcoef=1.43e-03 lr=4.3e-05 seed=2
iter= 595 step=1907200 ep_ret=+323.020 opt_ret=+323.020 step_rew=3.2302 opt_step=3.2302 gap0=0.000 dret=+606.381 eval_ret=n/a pursuer_target_distance=1.025 capture=0.427 score=0.211 pol=-0.0004 val=0.0057 ent=0.5668 tot=+0.0016 agnorm=0.117 cgnorm=0.026 kl=0.0003 clipf=0.002 ev=+0.946 r0=1.0000 entcoef=1.42e-03 lr=4.2e-05 seed=2
iter= 596 step=1910400 ep_ret=+194.954 opt_ret=+194.954 step_rew=1.9495 opt_step=1.9495 gap0=0.000 dret=+478.315 eval_ret=n/a pursuer_target_distance=1.219 capture=0.318 score=0.143 pol=-0.0001 val=0.0065 ent=0.5710 tot=+0.0023 agnorm=0.119 cgnorm=0.039 kl=0.0001 clipf=0.000 ev=+0.938 r0=1.0000 entcoef=1.40e-03 lr=4.1e-05 seed=2
iter= 597 step=1913600 ep_ret=+295.428 opt_ret=+295.428 step_rew=2.9543 opt_step=2.9543 gap0=0.000 dret=+578.789 eval_ret=n/a pursuer_target_distance=1.001 capture=0.397 score=0.198 pol=-0.0004 val=0.0071 ent=0.5768 tot=+0.0024 agnorm=0.162 cgnorm=0.031 kl=0.0004 clipf=0.004 ev=+0.930 r0=1.0000 entcoef=1.39e-03 lr=4.0e-05 seed=2
iter= 598 step=1916800 ep_ret=+199.665 opt_ret=+199.665 step_rew=1.9966 opt_step=1.9966 gap0=0.000 dret=+483.026 eval_ret=n/a pursuer_target_distance=1.303 capture=0.331 score=0.144 pol=-0.0001 val=0.0063 ent=0.5610 tot=+0.0023 agnorm=0.064 cgnorm=0.038 kl=0.0000 clipf=0.000 ev=+0.941 r0=1.0000 entcoef=1.37e-03 lr=3.9e-05 seed=2
iter= 599 step=1920000 ep_ret=+152.607 opt_ret=+152.607 step_rew=1.5261 opt_step=1.5261 gap0=0.000 dret=+435.968 eval_ret=n/a pursuer_target_distance=1.414 capture=0.295 score=0.122 pol=-0.0001 val=0.0069 ent=0.5216 tot=+0.0026 agnorm=0.080 cgnorm=0.027 kl=0.0000 clipf=0.000 ev=+0.946 r0=1.0000 entcoef=1.36e-03 lr=3.8e-05 seed=2
iter= 600 step=1923200 ep_ret=+354.632 opt_ret=+354.632 step_rew=3.5463 opt_step=3.5463 gap0=0.000 dret=+637.992 eval_ret=+554.848 pursuer_target_distance=0.753 capture=0.431 score=0.246 pol=-0.0004 val=0.0068 ent=0.5617 tot=+0.0022 agnorm=0.117 cgnorm=0.038 kl=0.0002 clipf=0.000 ev=+0.915 r0=1.0000 entcoef=1.35e-03 lr=3.7e-05 seed=2
iter= 601 step=1926400 ep_ret=+334.427 opt_ret=+334.427 step_rew=3.3443 opt_step=3.3443 gap0=0.000 dret=+617.788 eval_ret=n/a pursuer_target_distance=0.905 capture=0.426 score=0.224 pol=-0.0001 val=0.0071 ent=0.6168 tot=+0.0026 agnorm=0.093 cgnorm=0.032 kl=0.0002 clipf=0.000 ev=+0.926 r0=1.0000 entcoef=1.33e-03 lr=3.5e-05 seed=2
iter= 602 step=1929600 ep_ret=+245.947 opt_ret=+245.947 step_rew=2.4595 opt_step=2.4595 gap0=0.000 dret=+529.308 eval_ret=n/a pursuer_target_distance=1.352 capture=0.382 score=0.162 pol=-0.0001 val=0.0074 ent=0.6087 tot=+0.0027 agnorm=0.110 cgnorm=0.029 kl=0.0001 clipf=0.000 ev=+0.944 r0=1.0000 entcoef=1.32e-03 lr=3.4e-05 seed=2
iter= 603 step=1932800 ep_ret=+252.441 opt_ret=+252.441 step_rew=2.5244 opt_step=2.5244 gap0=0.000 dret=+535.802 eval_ret=n/a pursuer_target_distance=1.059 capture=0.359 score=0.175 pol=-0.0000 val=0.0074 ent=0.5817 tot=+0.0029 agnorm=0.112 cgnorm=0.031 kl=0.0000 clipf=0.000 ev=+0.919 r0=1.0000 entcoef=1.30e-03 lr=3.3e-05 seed=2
iter= 604 step=1936000 ep_ret=+225.806 opt_ret=+225.806 step_rew=2.2581 opt_step=2.2581 gap0=0.000 dret=+509.167 eval_ret=n/a pursuer_target_distance=1.204 capture=0.347 score=0.158 pol=-0.0001 val=0.0069 ent=0.5580 tot=+0.0027 agnorm=0.142 cgnorm=0.026 kl=0.0000 clipf=0.000 ev=+0.942 r0=1.0000 entcoef=1.29e-03 lr=3.2e-05 seed=2
iter= 605 step=1939200 ep_ret=+206.663 opt_ret=+206.663 step_rew=2.0666 opt_step=2.0666 gap0=0.000 dret=+490.023 eval_ret=n/a pursuer_target_distance=1.136 capture=0.321 score=0.150 pol=-0.0002 val=0.0083 ent=0.5986 tot=+0.0032 agnorm=0.112 cgnorm=0.031 kl=0.0001 clipf=0.001 ev=+0.920 r0=1.0000 entcoef=1.27e-03 lr=3.1e-05 seed=2
iter= 606 step=1942400 ep_ret=+259.156 opt_ret=+259.156 step_rew=2.5916 opt_step=2.5916 gap0=0.000 dret=+542.517 eval_ret=n/a pursuer_target_distance=1.064 capture=0.367 score=0.178 pol=-0.0001 val=0.0074 ent=0.5611 tot=+0.0029 agnorm=0.131 cgnorm=0.036 kl=0.0000 clipf=0.000 ev=+0.922 r0=1.0000 entcoef=1.26e-03 lr=3.0e-05 seed=2
iter= 607 step=1945600 ep_ret=+351.555 opt_ret=+351.555 step_rew=3.5156 opt_step=3.5156 gap0=0.000 dret=+634.916 eval_ret=n/a pursuer_target_distance=0.815 capture=0.434 score=0.239 pol=-0.0001 val=0.0073 ent=0.5656 tot=+0.0028 agnorm=0.104 cgnorm=0.041 kl=0.0001 clipf=0.000 ev=+0.914 r0=1.0000 entcoef=1.25e-03 lr=2.9e-05 seed=2
iter= 608 step=1948800 ep_ret=+283.141 opt_ret=+283.141 step_rew=2.8314 opt_step=2.8314 gap0=0.000 dret=+566.502 eval_ret=n/a pursuer_target_distance=0.968 capture=0.381 score=0.194 pol=-0.0001 val=0.0069 ent=0.5543 tot=+0.0027 agnorm=0.100 cgnorm=0.029 kl=0.0001 clipf=0.000 ev=+0.937 r0=1.0000 entcoef=1.23e-03 lr=2.8e-05 seed=2
iter= 609 step=1952000 ep_ret=+265.560 opt_ret=+265.560 step_rew=2.6556 opt_step=2.6556 gap0=0.000 dret=+548.921 eval_ret=n/a pursuer_target_distance=1.156 capture=0.382 score=0.177 pol=-0.0001 val=0.0078 ent=0.5834 tot=+0.0031 agnorm=0.099 cgnorm=0.030 kl=0.0001 clipf=0.000 ev=+0.940 r0=1.0000 entcoef=1.22e-03 lr=2.7e-05 seed=2
iter= 610 step=1955200 ep_ret=+358.835 opt_ret=+358.835 step_rew=3.5883 opt_step=3.5883 gap0=0.000 dret=+642.196 eval_ret=n/a pursuer_target_distance=0.817 capture=0.442 score=0.243 pol=-0.0003 val=0.0059 ent=0.5664 tot=+0.0020 agnorm=0.151 cgnorm=0.030 kl=0.0001 clipf=0.001 ev=+0.947 r0=1.0000 entcoef=1.20e-03 lr=2.5e-05 seed=2
iter= 611 step=1958400 ep_ret=+307.623 opt_ret=+307.623 step_rew=3.0762 opt_step=3.0762 gap0=0.000 dret=+590.984 eval_ret=n/a pursuer_target_distance=0.958 capture=0.404 score=0.207 pol=-0.0001 val=0.0085 ent=0.5467 tot=+0.0035 agnorm=0.086 cgnorm=0.034 kl=0.0001 clipf=0.000 ev=+0.888 r0=1.0000 entcoef=1.19e-03 lr=2.4e-05 seed=2
iter= 612 step=1961600 ep_ret=+357.453 opt_ret=+357.453 step_rew=3.5745 opt_step=3.5745 gap0=0.000 dret=+640.813 eval_ret=n/a pursuer_target_distance=0.837 capture=0.442 score=0.241 pol=-0.0001 val=0.0074 ent=0.5772 tot=+0.0029 agnorm=0.102 cgnorm=0.038 kl=0.0001 clipf=0.000 ev=+0.921 r0=1.0000 entcoef=1.17e-03 lr=2.3e-05 seed=2
iter= 613 step=1964800 ep_ret=+233.559 opt_ret=+233.559 step_rew=2.3356 opt_step=2.3356 gap0=0.000 dret=+516.920 eval_ret=n/a pursuer_target_distance=1.136 capture=0.348 score=0.163 pol=-0.0003 val=0.0076 ent=0.5792 tot=+0.0029 agnorm=0.155 cgnorm=0.045 kl=0.0001 clipf=0.000 ev=+0.931 r0=1.0000 entcoef=1.16e-03 lr=2.2e-05 seed=2
iter= 614 step=1968000 ep_ret=+233.759 opt_ret=+233.759 step_rew=2.3376 opt_step=2.3376 gap0=0.000 dret=+517.120 eval_ret=n/a pursuer_target_distance=1.181 capture=0.353 score=0.162 pol=-0.0001 val=0.0083 ent=0.5798 tot=+0.0034 agnorm=0.048 cgnorm=0.029 kl=0.0000 clipf=0.000 ev=+0.932 r0=1.0000 entcoef=1.14e-03 lr=2.1e-05 seed=2
iter= 615 step=1971200 ep_ret=+337.004 opt_ret=+337.004 step_rew=3.3700 opt_step=3.3700 gap0=0.000 dret=+620.364 eval_ret=n/a pursuer_target_distance=0.889 capture=0.427 score=0.226 pol=-0.0000 val=0.0067 ent=0.5704 tot=+0.0027 agnorm=0.070 cgnorm=0.030 kl=0.0000 clipf=0.000 ev=+0.928 r0=1.0000 entcoef=1.13e-03 lr=2.0e-05 seed=2
iter= 616 step=1974400 ep_ret=+233.513 opt_ret=+233.513 step_rew=2.3351 opt_step=2.3351 gap0=0.000 dret=+516.873 eval_ret=n/a pursuer_target_distance=1.195 capture=0.354 score=0.161 pol=-0.0000 val=0.0067 ent=0.5791 tot=+0.0027 agnorm=0.070 cgnorm=0.030 kl=0.0000 clipf=0.000 ev=+0.940 r0=1.0000 entcoef=1.12e-03 lr=1.9e-05 seed=2
iter= 617 step=1977600 ep_ret=+149.787 opt_ret=+149.787 step_rew=1.4979 opt_step=1.4979 gap0=0.000 dret=+433.147 eval_ret=n/a pursuer_target_distance=1.414 capture=0.292 score=0.121 pol=-0.0001 val=0.0075 ent=0.5653 tot=+0.0030 agnorm=0.113 cgnorm=0.034 kl=0.0000 clipf=0.000 ev=+0.943 r0=1.0000 entcoef=1.10e-03 lr=1.8e-05 seed=2
iter= 618 step=1980800 ep_ret=+329.021 opt_ret=+329.021 step_rew=3.2902 opt_step=3.2902 gap0=0.000 dret=+612.382 eval_ret=n/a pursuer_target_distance=1.028 capture=0.433 score=0.213 pol=-0.0002 val=0.0072 ent=0.6139 tot=+0.0027 agnorm=0.137 cgnorm=0.026 kl=0.0001 clipf=0.000 ev=+0.934 r0=1.0000 entcoef=1.09e-03 lr=1.7e-05 seed=2
iter= 619 step=1984000 ep_ret=+286.804 opt_ret=+286.804 step_rew=2.8680 opt_step=2.8680 gap0=0.000 dret=+570.164 eval_ret=n/a pursuer_target_distance=1.016 capture=0.389 score=0.193 pol=-0.0001 val=0.0067 ent=0.5907 tot=+0.0026 agnorm=0.178 cgnorm=0.024 kl=0.0000 clipf=0.000 ev=+0.928 r0=1.0000 entcoef=1.07e-03 lr=1.6e-05 seed=2
iter= 620 step=1987200 ep_ret=+351.784 opt_ret=+351.784 step_rew=3.5178 opt_step=3.5178 gap0=0.000 dret=+635.145 eval_ret=+549.853 pursuer_target_distance=0.819 capture=0.435 score=0.239 pol=-0.0001 val=0.0057 ent=0.6091 tot=+0.0021 agnorm=0.106 cgnorm=0.033 kl=0.0000 clipf=0.000 ev=+0.935 r0=1.0000 entcoef=1.06e-03 lr=1.4e-05 seed=2
iter= 621 step=1990400 ep_ret=+239.515 opt_ret=+239.515 step_rew=2.3952 opt_step=2.3952 gap0=0.000 dret=+522.876 eval_ret=n/a pursuer_target_distance=1.132 capture=0.354 score=0.166 pol=-0.0000 val=0.0083 ent=0.5749 tot=+0.0035 agnorm=0.118 cgnorm=0.034 kl=0.0000 clipf=0.000 ev=+0.926 r0=1.0000 entcoef=1.04e-03 lr=1.3e-05 seed=2
iter= 622 step=1993600 ep_ret=+278.824 opt_ret=+278.824 step_rew=2.7882 opt_step=2.7882 gap0=0.000 dret=+562.184 eval_ret=n/a pursuer_target_distance=1.174 capture=0.397 score=0.183 pol=-0.0000 val=0.0063 ent=0.5720 tot=+0.0026 agnorm=0.059 cgnorm=0.030 kl=0.0000 clipf=0.000 ev=+0.952 r0=1.0000 entcoef=1.03e-03 lr=1.2e-05 seed=2
iter= 623 step=1996800 ep_ret=+327.807 opt_ret=+327.807 step_rew=3.2781 opt_step=3.2781 gap0=0.000 dret=+611.168 eval_ret=n/a pursuer_target_distance=0.943 capture=0.423 score=0.218 pol=-0.0000 val=0.0079 ent=0.5711 tot=+0.0033 agnorm=0.081 cgnorm=0.035 kl=0.0000 clipf=0.000 ev=+0.913 r0=1.0000 entcoef=1.01e-03 lr=1.1e-05 seed=2
iter= 624 step=2000000 ep_ret=+348.958 opt_ret=+348.958 step_rew=3.4896 opt_step=3.4896 gap0=0.000 dret=+632.318 eval_ret=+549.857 pursuer_target_distance=0.766 capture=0.427 score=0.242 pol=-0.0000 val=0.0056 ent=0.5650 tot=+0.0022 agnorm=0.150 cgnorm=0.028 kl=0.0000 clipf=0.000 ev=+0.939 r0=1.0000 entcoef=1.00e-03 lr=1.0e-05 seed=2
[train] Checkpoint saving disabled.
[train] Run artifacts in runs/pursuit_sweep/pursuit_base/alpha1p0/seed2
[render] Skipped post-train render (mode=off).
=== done Sun Jun  7 19:29:17 EDT 2026 ===
