[setup] Required Python imports are available.
[setup] Required Python imports are available.
=== pcp_v2_full task 49/70: attention_zm seed9 (git be3b019) ===
Run dir: runs/pcp_v2_full_20260623_213327/attention_zm/seed9  Start: Tue Jun 23 21:42:32 EDT 2026
Tue Jun 23 21:42:32 2026       
+-----------------------------------------------------------------------------------------+
| NVIDIA-SMI 580.105.08             Driver Version: 580.105.08     CUDA Version: 13.0     |
+-----------------------------------------+------------------------+----------------------+
| GPU  Name                 Persistence-M | Bus-Id          Disp.A | Volatile Uncorr. ECC |
| Fan  Temp   Perf          Pwr:Usage/Cap |           Memory-Usage | GPU-Util  Compute M. |
|                                         |                        |               MIG M. |
|=========================================+========================+======================|
|   0  Tesla V100-PCIE-16GB           Off |   00000000:D8:00.0 Off |                    0 |
| N/A   35C    P0             39W /  250W |       0MiB /  16384MiB |      0%      Default |
|                                         |                        |                  N/A |
+-----------------------------------------+------------------------+----------------------+

+-----------------------------------------------------------------------------------------+
| Processes:                                                                              |
|  GPU   GI   CI              PID   Type   Process name                        GPU Memory |
|        ID   ID                                                               Usage      |
|=========================================================================================|
|  No running processes found                                                             |
+-----------------------------------------------------------------------------------------+
[env] kind=pcp name=pcp n_agents=5 obs_dim=5 action_dim=5 state_dim=13 num_envs=32
[train] Starting: total_iters=625 T=100 B=32 device=cuda:0 seed=9 render=off
iter=   0 step=   3200 ep_ret=-76.330 opt_ret=-76.330 step_rew=-0.7633 opt_step=-0.7633 gap0=76.330 dret=+0.000 eval_ret=-40.143 pursuer_target_distance=5.659 capture=0.000 score=0.000 pol=-0.0036 val=0.6436 ent=1.6044 tot=+0.3022 agnorm=0.096 cgnorm=0.291 kl=0.0049 clipf=0.049 ev=-0.442 r0=1.0000 entcoef=1.00e-02 lr=7.0e-04 seed=9
iter=   1 step=   6400 ep_ret=-83.062 opt_ret=-83.062 step_rew=-0.8306 opt_step=-0.8306 gap0=83.062 dret=-6.732 eval_ret=n/a pursuer_target_distance=6.195 capture=0.000 score=0.000 pol=-0.0011 val=0.4740 ent=1.6024 tot=+0.2199 agnorm=0.046 cgnorm=0.330 kl=0.0023 clipf=0.010 ev=+0.191 r0=1.0000 entcoef=1.00e-02 lr=7.0e-04 seed=9
iter=   2 step=   9600 ep_ret=-76.197 opt_ret=-76.197 step_rew=-0.7620 opt_step=-0.7620 gap0=76.197 dret=+0.133 eval_ret=n/a pursuer_target_distance=5.435 capture=0.000 score=0.000 pol=-0.0012 val=0.4786 ent=1.5983 tot=+0.2222 agnorm=0.041 cgnorm=0.380 kl=0.0014 clipf=0.005 ev=+0.078 r0=1.0000 entcoef=1.00e-02 lr=7.0e-04 seed=9
iter=   3 step=  12800 ep_ret=-66.296 opt_ret=-66.296 step_rew=-0.6630 opt_step=-0.6630 gap0=66.296 dret=+10.035 eval_ret=n/a pursuer_target_distance=5.163 capture=0.000 score=0.000 pol=-0.0016 val=0.2862 ent=1.5892 tot=+0.1257 agnorm=0.053 cgnorm=0.254 kl=0.0028 clipf=0.019 ev=+0.224 r0=1.0000 entcoef=1.00e-02 lr=7.0e-04 seed=9
iter=   4 step=  16000 ep_ret=-68.562 opt_ret=-68.562 step_rew=-0.6856 opt_step=-0.6856 gap0=68.562 dret=+7.768 eval_ret=n/a pursuer_target_distance=5.403 capture=0.000 score=0.000 pol=-0.0022 val=0.3072 ent=1.5861 tot=+0.1356 agnorm=0.076 cgnorm=0.283 kl=0.0038 clipf=0.030 ev=+0.244 r0=1.0000 entcoef=1.00e-02 lr=7.0e-04 seed=9
iter=   5 step=  19200 ep_ret=-58.640 opt_ret=-58.640 step_rew=-0.5864 opt_step=-0.5864 gap0=58.640 dret=+17.690 eval_ret=n/a pursuer_target_distance=4.746 capture=0.000 score=0.000 pol=-0.0012 val=0.2326 ent=1.5799 tot=+0.0993 agnorm=0.049 cgnorm=0.223 kl=0.0021 clipf=0.016 ev=+0.430 r0=1.0000 entcoef=1.00e-02 lr=6.9e-04 seed=9
iter=   6 step=  22400 ep_ret=-73.103 opt_ret=-73.103 step_rew=-0.7310 opt_step=-0.7310 gap0=73.103 dret=+3.227 eval_ret=n/a pursuer_target_distance=5.925 capture=0.000 score=0.000 pol=-0.0012 val=0.3932 ent=1.5767 tot=+0.1797 agnorm=0.045 cgnorm=0.333 kl=0.0024 clipf=0.012 ev=+0.227 r0=1.0000 entcoef=1.00e-02 lr=6.9e-04 seed=9
iter=   7 step=  25600 ep_ret=-71.399 opt_ret=-71.399 step_rew=-0.7140 opt_step=-0.7140 gap0=71.399 dret=+4.931 eval_ret=n/a pursuer_target_distance=5.994 capture=0.000 score=0.000 pol=-0.0011 val=0.3872 ent=1.5772 tot=+0.1768 agnorm=0.040 cgnorm=0.330 kl=0.0014 clipf=0.006 ev=+0.248 r0=1.0000 entcoef=1.00e-02 lr=6.9e-04 seed=9
iter=   8 step=  28800 ep_ret=-62.410 opt_ret=-62.410 step_rew=-0.6241 opt_step=-0.6241 gap0=62.410 dret=+13.921 eval_ret=n/a pursuer_target_distance=4.864 capture=0.000 score=0.000 pol=-0.0013 val=0.3163 ent=1.5701 tot=+0.1411 agnorm=0.049 cgnorm=0.277 kl=0.0016 clipf=0.006 ev=+0.299 r0=1.0000 entcoef=1.00e-02 lr=6.9e-04 seed=9
iter=   9 step=  32000 ep_ret=-83.670 opt_ret=-83.670 step_rew=-0.8367 opt_step=-0.8367 gap0=83.670 dret=-7.340 eval_ret=n/a pursuer_target_distance=5.751 capture=0.000 score=0.000 pol=-0.0014 val=0.4208 ent=1.5584 tot=+0.1935 agnorm=0.070 cgnorm=0.335 kl=0.0023 clipf=0.019 ev=+0.366 r0=1.0000 entcoef=1.00e-02 lr=6.9e-04 seed=9
iter=  10 step=  35200 ep_ret=-46.459 opt_ret=-46.459 step_rew=-0.4646 opt_step=-0.4646 gap0=46.459 dret=+29.872 eval_ret=n/a pursuer_target_distance=4.926 capture=0.011 score=0.002 pol=-0.0020 val=0.7493 ent=1.5746 tot=+0.3569 agnorm=0.076 cgnorm=0.334 kl=0.0032 clipf=0.033 ev=+0.101 r0=1.0000 entcoef=1.00e-02 lr=6.9e-04 seed=9
iter=  11 step=  38400 ep_ret=-70.922 opt_ret=-70.922 step_rew=-0.7092 opt_step=-0.7092 gap0=70.922 dret=+5.408 eval_ret=n/a pursuer_target_distance=5.812 capture=0.000 score=0.000 pol=-0.0006 val=0.3586 ent=1.5721 tot=+0.1630 agnorm=0.043 cgnorm=0.334 kl=0.0016 clipf=0.006 ev=+0.070 r0=1.0000 entcoef=1.00e-02 lr=6.9e-04 seed=9
iter=  12 step=  41600 ep_ret=-59.659 opt_ret=-59.659 step_rew=-0.5966 opt_step=-0.5966 gap0=59.659 dret=+16.672 eval_ret=n/a pursuer_target_distance=4.886 capture=0.008 score=0.001 pol=-0.0016 val=0.7567 ent=1.5609 tot=+0.3612 agnorm=0.061 cgnorm=0.356 kl=0.0030 clipf=0.022 ev=+0.080 r0=1.0000 entcoef=1.00e-02 lr=6.9e-04 seed=9
iter=  13 step=  44800 ep_ret=-74.200 opt_ret=-74.200 step_rew=-0.7420 opt_step=-0.7420 gap0=74.200 dret=+2.130 eval_ret=n/a pursuer_target_distance=5.780 capture=0.000 score=0.000 pol=-0.0017 val=0.2896 ent=1.5359 tot=+0.1278 agnorm=0.067 cgnorm=0.252 kl=0.0027 clipf=0.022 ev=+0.234 r0=1.0000 entcoef=1.00e-02 lr=6.9e-04 seed=9
iter=  14 step=  48000 ep_ret=-67.287 opt_ret=-67.287 step_rew=-0.6729 opt_step=-0.6729 gap0=67.287 dret=+9.043 eval_ret=n/a pursuer_target_distance=5.828 capture=0.000 score=0.000 pol=-0.0029 val=0.2135 ent=1.5292 tot=+0.0885 agnorm=0.076 cgnorm=0.238 kl=0.0048 clipf=0.052 ev=+0.332 r0=1.0000 entcoef=1.00e-02 lr=6.8e-04 seed=9
iter=  15 step=  51200 ep_ret=-60.194 opt_ret=-60.194 step_rew=-0.6019 opt_step=-0.6019 gap0=60.194 dret=+16.137 eval_ret=n/a pursuer_target_distance=5.017 capture=0.000 score=0.000 pol=-0.0006 val=0.1680 ent=1.5298 tot=+0.0682 agnorm=0.039 cgnorm=0.209 kl=0.0016 clipf=0.008 ev=+0.417 r0=1.0000 entcoef=1.00e-02 lr=6.8e-04 seed=9
iter=  16 step=  54400 ep_ret=-66.097 opt_ret=-66.097 step_rew=-0.6610 opt_step=-0.6610 gap0=66.097 dret=+10.233 eval_ret=n/a pursuer_target_distance=6.012 capture=0.000 score=0.000 pol=-0.0017 val=0.1985 ent=1.5286 tot=+0.0823 agnorm=0.057 cgnorm=0.228 kl=0.0027 clipf=0.020 ev=+0.135 r0=1.0000 entcoef=1.00e-02 lr=6.8e-04 seed=9
iter=  17 step=  57600 ep_ret=-60.644 opt_ret=-60.644 step_rew=-0.6064 opt_step=-0.6064 gap0=60.644 dret=+15.687 eval_ret=n/a pursuer_target_distance=4.474 capture=0.000 score=0.000 pol=-0.0009 val=0.1960 ent=1.5291 tot=+0.0818 agnorm=0.048 cgnorm=0.228 kl=0.0015 clipf=0.007 ev=+0.338 r0=1.0000 entcoef=1.00e-02 lr=6.8e-04 seed=9
iter=  18 step=  60800 ep_ret=-56.602 opt_ret=-56.602 step_rew=-0.5660 opt_step=-0.5660 gap0=56.602 dret=+19.729 eval_ret=n/a pursuer_target_distance=3.750 capture=0.000 score=0.000 pol=-0.0015 val=0.1639 ent=1.5346 tot=+0.0652 agnorm=0.060 cgnorm=0.232 kl=0.0023 clipf=0.017 ev=+0.344 r0=1.0000 entcoef=1.00e-02 lr=6.8e-04 seed=9
iter=  19 step=  64000 ep_ret=-65.712 opt_ret=-65.712 step_rew=-0.6571 opt_step=-0.6571 gap0=65.712 dret=+10.618 eval_ret=n/a pursuer_target_distance=5.241 capture=0.000 score=0.000 pol=-0.0015 val=0.2528 ent=1.5240 tot=+0.1097 agnorm=0.066 cgnorm=0.294 kl=0.0024 clipf=0.019 ev=+0.216 r0=1.0000 entcoef=1.00e-02 lr=6.8e-04 seed=9
iter=  20 step=  67200 ep_ret=-72.727 opt_ret=-72.727 step_rew=-0.7273 opt_step=-0.7273 gap0=72.727 dret=+3.604 eval_ret=-29.386 pursuer_target_distance=5.658 capture=0.000 score=0.000 pol=-0.0015 val=0.2114 ent=1.4955 tot=+0.0892 agnorm=0.065 cgnorm=0.280 kl=0.0027 clipf=0.015 ev=+0.449 r0=1.0000 entcoef=1.00e-02 lr=6.8e-04 seed=9
iter=  21 step=  70400 ep_ret=-53.938 opt_ret=-53.938 step_rew=-0.5394 opt_step=-0.5394 gap0=53.938 dret=+22.392 eval_ret=n/a pursuer_target_distance=4.856 capture=0.004 score=0.001 pol=-0.0006 val=0.3256 ent=1.4842 tot=+0.1473 agnorm=0.048 cgnorm=0.289 kl=0.0014 clipf=0.003 ev=+0.116 r0=1.0000 entcoef=1.00e-02 lr=6.8e-04 seed=9
iter=  22 step=  73600 ep_ret=-56.966 opt_ret=-56.966 step_rew=-0.5697 opt_step=-0.5697 gap0=56.966 dret=+19.365 eval_ret=n/a pursuer_target_distance=4.744 capture=0.000 score=0.000 pol=-0.0013 val=0.1546 ent=1.4739 tot=+0.0613 agnorm=0.050 cgnorm=0.179 kl=0.0026 clipf=0.016 ev=+0.302 r0=1.0000 entcoef=1.00e-02 lr=6.8e-04 seed=9
iter=  23 step=  76800 ep_ret=-54.659 opt_ret=-54.659 step_rew=-0.5466 opt_step=-0.5466 gap0=54.659 dret=+21.672 eval_ret=n/a pursuer_target_distance=4.440 capture=0.001 score=0.000 pol=-0.0023 val=0.1555 ent=1.4661 tot=+0.0608 agnorm=0.094 cgnorm=0.205 kl=0.0043 clipf=0.055 ev=+0.288 r0=1.0000 entcoef=1.00e-02 lr=6.7e-04 seed=9
iter=  24 step=  80000 ep_ret=-51.451 opt_ret=-51.451 step_rew=-0.5145 opt_step=-0.5145 gap0=51.451 dret=+24.879 eval_ret=n/a pursuer_target_distance=4.751 capture=0.001 score=0.000 pol=-0.0002 val=0.0784 ent=1.4916 tot=+0.0241 agnorm=0.032 cgnorm=0.157 kl=0.0025 clipf=0.005 ev=+0.373 r0=1.0000 entcoef=1.00e-02 lr=6.7e-04 seed=9
iter=  25 step=  83200 ep_ret=-64.017 opt_ret=-64.017 step_rew=-0.6402 opt_step=-0.6402 gap0=64.017 dret=+12.313 eval_ret=n/a pursuer_target_distance=4.898 capture=0.000 score=0.000 pol=-0.0021 val=0.1888 ent=1.4948 tot=+0.0774 agnorm=0.071 cgnorm=0.241 kl=0.0028 clipf=0.025 ev=+0.374 r0=1.0000 entcoef=1.00e-02 lr=6.7e-04 seed=9
iter=  26 step=  86400 ep_ret=-71.587 opt_ret=-71.587 step_rew=-0.7159 opt_step=-0.7159 gap0=71.587 dret=+4.744 eval_ret=n/a pursuer_target_distance=5.880 capture=0.000 score=0.000 pol=-0.0017 val=0.1886 ent=1.4860 tot=+0.0777 agnorm=0.058 cgnorm=0.246 kl=0.0027 clipf=0.021 ev=+0.321 r0=1.0000 entcoef=1.00e-02 lr=6.7e-04 seed=9
iter=  27 step=  89600 ep_ret=-47.824 opt_ret=-47.824 step_rew=-0.4782 opt_step=-0.4782 gap0=47.824 dret=+28.507 eval_ret=n/a pursuer_target_distance=4.373 capture=0.003 score=0.001 pol=-0.0008 val=0.2346 ent=1.4812 tot=+0.1016 agnorm=0.039 cgnorm=0.259 kl=0.0022 clipf=0.016 ev=+0.342 r0=1.0000 entcoef=1.00e-02 lr=6.7e-04 seed=9
iter=  28 step=  92800 ep_ret=-69.715 opt_ret=-69.715 step_rew=-0.6971 opt_step=-0.6971 gap0=69.715 dret=+6.615 eval_ret=n/a pursuer_target_distance=6.021 capture=0.000 score=0.000 pol=-0.0015 val=0.1571 ent=1.4773 tot=+0.0623 agnorm=0.058 cgnorm=0.236 kl=0.0024 clipf=0.019 ev=+0.645 r0=1.0000 entcoef=1.00e-02 lr=6.7e-04 seed=9
iter=  29 step=  96000 ep_ret=-61.433 opt_ret=-61.433 step_rew=-0.6143 opt_step=-0.6143 gap0=61.433 dret=+14.898 eval_ret=n/a pursuer_target_distance=5.151 capture=0.006 score=0.001 pol=-0.0005 val=0.4679 ent=1.4901 tot=+0.2186 agnorm=0.036 cgnorm=0.293 kl=0.0017 clipf=0.009 ev=+0.372 r0=1.0000 entcoef=1.00e-02 lr=6.7e-04 seed=9
iter=  30 step=  99200 ep_ret=-61.101 opt_ret=-61.101 step_rew=-0.6110 opt_step=-0.6110 gap0=61.101 dret=+15.229 eval_ret=n/a pursuer_target_distance=5.689 capture=0.000 score=0.000 pol=-0.0011 val=0.1396 ent=1.4810 tot=+0.0539 agnorm=0.060 cgnorm=0.228 kl=0.0021 clipf=0.017 ev=+0.580 r0=1.0000 entcoef=1.00e-02 lr=6.7e-04 seed=9
iter=  31 step= 102400 ep_ret=-75.076 opt_ret=-75.076 step_rew=-0.7508 opt_step=-0.7508 gap0=75.076 dret=+1.255 eval_ret=n/a pursuer_target_distance=5.111 capture=0.000 score=0.000 pol=-0.0015 val=0.2142 ent=1.4847 tot=+0.0907 agnorm=0.062 cgnorm=0.278 kl=0.0026 clipf=0.016 ev=+0.388 r0=1.0000 entcoef=1.00e-02 lr=6.7e-04 seed=9
iter=  32 step= 105600 ep_ret=-71.724 opt_ret=-71.724 step_rew=-0.7172 opt_step=-0.7172 gap0=71.724 dret=+4.606 eval_ret=n/a pursuer_target_distance=5.386 capture=0.000 score=0.000 pol=-0.0013 val=0.1830 ent=1.4998 tot=+0.0752 agnorm=0.057 cgnorm=0.269 kl=0.0024 clipf=0.022 ev=+0.452 r0=1.0000 entcoef=1.00e-02 lr=6.6e-04 seed=9
iter=  33 step= 108800 ep_ret=-60.543 opt_ret=-60.543 step_rew=-0.6054 opt_step=-0.6054 gap0=60.543 dret=+15.787 eval_ret=n/a pursuer_target_distance=5.112 capture=0.000 score=0.000 pol=-0.0018 val=0.0970 ent=1.4889 tot=+0.0318 agnorm=0.077 cgnorm=0.197 kl=0.0032 clipf=0.030 ev=+0.577 r0=1.0000 entcoef=1.00e-02 lr=6.6e-04 seed=9
iter=  34 step= 112000 ep_ret=-59.204 opt_ret=-59.204 step_rew=-0.5920 opt_step=-0.5920 gap0=59.204 dret=+17.127 eval_ret=n/a pursuer_target_distance=5.065 capture=0.000 score=0.000 pol=-0.0007 val=0.1113 ent=1.5051 tot=+0.0399 agnorm=0.059 cgnorm=0.201 kl=0.0017 clipf=0.008 ev=+0.451 r0=1.0000 entcoef=1.00e-02 lr=6.6e-04 seed=9
iter=  35 step= 115200 ep_ret=-59.618 opt_ret=-59.618 step_rew=-0.5962 opt_step=-0.5962 gap0=59.618 dret=+16.712 eval_ret=n/a pursuer_target_distance=5.159 capture=0.009 score=0.001 pol=-0.0007 val=0.6181 ent=1.4937 tot=+0.2935 agnorm=0.050 cgnorm=0.327 kl=0.0021 clipf=0.013 ev=+0.110 r0=1.0000 entcoef=1.00e-02 lr=6.6e-04 seed=9
iter=  36 step= 118400 ep_ret=-62.369 opt_ret=-62.369 step_rew=-0.6237 opt_step=-0.6237 gap0=62.369 dret=+13.961 eval_ret=n/a pursuer_target_distance=5.484 capture=0.000 score=0.000 pol=-0.0016 val=0.1031 ent=1.4982 tot=+0.0349 agnorm=0.058 cgnorm=0.216 kl=0.0025 clipf=0.015 ev=+0.301 r0=1.0000 entcoef=1.00e-02 lr=6.6e-04 seed=9
iter=  37 step= 121600 ep_ret=-72.212 opt_ret=-72.212 step_rew=-0.7221 opt_step=-0.7221 gap0=72.212 dret=+4.118 eval_ret=n/a pursuer_target_distance=5.584 capture=0.000 score=0.000 pol=-0.0009 val=0.1797 ent=1.5025 tot=+0.0739 agnorm=0.068 cgnorm=0.270 kl=0.0021 clipf=0.014 ev=+0.331 r0=1.0000 entcoef=1.00e-02 lr=6.6e-04 seed=9
iter=  38 step= 124800 ep_ret=-54.315 opt_ret=-54.315 step_rew=-0.5432 opt_step=-0.5432 gap0=54.315 dret=+22.015 eval_ret=n/a pursuer_target_distance=4.364 capture=0.000 score=0.000 pol=-0.0014 val=0.0681 ent=1.4922 tot=+0.0178 agnorm=0.068 cgnorm=0.180 kl=0.0029 clipf=0.023 ev=+0.499 r0=1.0000 entcoef=1.00e-02 lr=6.6e-04 seed=9
iter=  39 step= 128000 ep_ret=-61.924 opt_ret=-61.924 step_rew=-0.6192 opt_step=-0.6192 gap0=61.924 dret=+14.406 eval_ret=n/a pursuer_target_distance=4.462 capture=0.000 score=0.000 pol=-0.0013 val=0.0927 ent=1.4809 tot=+0.0303 agnorm=0.049 cgnorm=0.195 kl=0.0021 clipf=0.008 ev=+0.309 r0=1.0000 entcoef=1.00e-02 lr=6.6e-04 seed=9
iter=  40 step= 131200 ep_ret=-59.703 opt_ret=-59.703 step_rew=-0.5970 opt_step=-0.5970 gap0=59.703 dret=+16.627 eval_ret=-19.370 pursuer_target_distance=4.567 capture=0.000 score=0.000 pol=-0.0011 val=0.0983 ent=1.4605 tot=+0.0334 agnorm=0.051 cgnorm=0.182 kl=0.0022 clipf=0.014 ev=+0.390 r0=1.0000 entcoef=1.00e-02 lr=6.6e-04 seed=9
iter=  41 step= 134400 ep_ret=-53.903 opt_ret=-53.903 step_rew=-0.5390 opt_step=-0.5390 gap0=53.903 dret=+22.428 eval_ret=n/a pursuer_target_distance=4.420 capture=0.000 score=0.000 pol=-0.0013 val=0.0805 ent=1.4687 tot=+0.0242 agnorm=0.052 cgnorm=0.184 kl=0.0019 clipf=0.016 ev=+0.532 r0=1.0000 entcoef=1.00e-02 lr=6.5e-04 seed=9
iter=  42 step= 137600 ep_ret=-55.044 opt_ret=-55.044 step_rew=-0.5504 opt_step=-0.5504 gap0=55.044 dret=+21.287 eval_ret=n/a pursuer_target_distance=4.519 capture=0.000 score=0.000 pol=-0.0017 val=0.0893 ent=1.4653 tot=+0.0283 agnorm=0.051 cgnorm=0.211 kl=0.0032 clipf=0.020 ev=+0.209 r0=1.0000 entcoef=1.00e-02 lr=6.5e-04 seed=9
iter=  43 step= 140800 ep_ret=-62.999 opt_ret=-62.999 step_rew=-0.6300 opt_step=-0.6300 gap0=62.999 dret=+13.331 eval_ret=n/a pursuer_target_distance=5.216 capture=0.000 score=0.000 pol=-0.0017 val=0.1095 ent=1.4331 tot=+0.0387 agnorm=0.049 cgnorm=0.216 kl=0.0026 clipf=0.022 ev=+0.293 r0=1.0000 entcoef=1.00e-02 lr=6.5e-04 seed=9
iter=  44 step= 144000 ep_ret=-50.515 opt_ret=-50.515 step_rew=-0.5051 opt_step=-0.5051 gap0=50.515 dret=+25.816 eval_ret=n/a pursuer_target_distance=4.906 capture=0.006 score=0.001 pol=-0.0013 val=0.2304 ent=1.4137 tot=+0.0998 agnorm=0.047 cgnorm=0.222 kl=0.0024 clipf=0.014 ev=+0.214 r0=1.0000 entcoef=1.00e-02 lr=6.5e-04 seed=9
iter=  45 step= 147200 ep_ret=-51.410 opt_ret=-51.410 step_rew=-0.5141 opt_step=-0.5141 gap0=51.410 dret=+24.920 eval_ret=n/a pursuer_target_distance=4.581 capture=0.000 score=0.000 pol=-0.0012 val=0.0573 ent=1.4076 tot=+0.0133 agnorm=0.060 cgnorm=0.141 kl=0.0022 clipf=0.017 ev=+0.650 r0=1.0000 entcoef=1.00e-02 lr=6.5e-04 seed=9
iter=  46 step= 150400 ep_ret=-68.499 opt_ret=-68.499 step_rew=-0.6850 opt_step=-0.6850 gap0=68.499 dret=+7.831 eval_ret=n/a pursuer_target_distance=5.909 capture=0.002 score=0.000 pol=-0.0020 val=0.1730 ent=1.4060 tot=+0.0705 agnorm=0.080 cgnorm=0.245 kl=0.0031 clipf=0.031 ev=+0.278 r0=1.0000 entcoef=1.00e-02 lr=6.5e-04 seed=9
iter=  47 step= 153600 ep_ret=-31.735 opt_ret=-31.735 step_rew=-0.3174 opt_step=-0.3174 gap0=31.735 dret=+44.595 eval_ret=n/a pursuer_target_distance=4.552 capture=0.023 score=0.004 pol=-0.0004 val=1.4338 ent=1.4076 tot=+0.7024 agnorm=0.036 cgnorm=0.398 kl=0.0023 clipf=0.013 ev=+0.168 r0=1.0000 entcoef=1.00e-02 lr=6.5e-04 seed=9
iter=  48 step= 156800 ep_ret=-45.912 opt_ret=-45.912 step_rew=-0.4591 opt_step=-0.4591 gap0=45.912 dret=+30.418 eval_ret=n/a pursuer_target_distance=4.201 capture=0.000 score=0.000 pol=-0.0012 val=0.0333 ent=1.3904 tot=+0.0015 agnorm=0.051 cgnorm=0.118 kl=0.0025 clipf=0.024 ev=+0.746 r0=1.0000 entcoef=1.00e-02 lr=6.5e-04 seed=9
iter=  49 step= 160000 ep_ret=-50.074 opt_ret=-50.074 step_rew=-0.5007 opt_step=-0.5007 gap0=50.074 dret=+26.257 eval_ret=n/a pursuer_target_distance=3.991 capture=0.000 score=0.000 pol=-0.0018 val=0.0639 ent=1.3718 tot=+0.0164 agnorm=0.069 cgnorm=0.142 kl=0.0027 clipf=0.023 ev=+0.521 r0=1.0000 entcoef=1.00e-02 lr=6.5e-04 seed=9
iter=  50 step= 163200 ep_ret=-50.455 opt_ret=-50.455 step_rew=-0.5045 opt_step=-0.5045 gap0=50.455 dret=+25.875 eval_ret=n/a pursuer_target_distance=4.765 capture=0.007 score=0.001 pol=-0.0006 val=0.3805 ent=1.4082 tot=+0.1755 agnorm=0.041 cgnorm=0.267 kl=0.0037 clipf=0.035 ev=+0.073 r0=1.0000 entcoef=1.00e-02 lr=6.4e-04 seed=9
iter=  51 step= 166400 ep_ret=-65.890 opt_ret=-65.890 step_rew=-0.6589 opt_step=-0.6589 gap0=65.890 dret=+10.440 eval_ret=n/a pursuer_target_distance=4.817 capture=0.000 score=0.000 pol=-0.0015 val=0.1543 ent=1.4226 tot=+0.0614 agnorm=0.074 cgnorm=0.217 kl=0.0021 clipf=0.023 ev=+0.227 r0=1.0000 entcoef=1.00e-02 lr=6.4e-04 seed=9
iter=  52 step= 169600 ep_ret=-50.209 opt_ret=-50.209 step_rew=-0.5021 opt_step=-0.5021 gap0=50.209 dret=+26.121 eval_ret=n/a pursuer_target_distance=4.428 capture=0.002 score=0.000 pol=-0.0007 val=0.0931 ent=1.4127 tot=+0.0317 agnorm=0.037 cgnorm=0.165 kl=0.0013 clipf=0.006 ev=+0.315 r0=1.0000 entcoef=1.00e-02 lr=6.4e-04 seed=9
iter=  53 step= 172800 ep_ret=-60.331 opt_ret=-60.331 step_rew=-0.6033 opt_step=-0.6033 gap0=60.331 dret=+15.999 eval_ret=n/a pursuer_target_distance=4.791 capture=0.000 score=0.000 pol=-0.0015 val=0.1070 ent=1.4367 tot=+0.0377 agnorm=0.074 cgnorm=0.172 kl=0.0023 clipf=0.021 ev=+0.346 r0=1.0000 entcoef=1.00e-02 lr=6.4e-04 seed=9
iter=  54 step= 176000 ep_ret=-69.254 opt_ret=-69.254 step_rew=-0.6925 opt_step=-0.6925 gap0=69.254 dret=+7.076 eval_ret=n/a pursuer_target_distance=5.711 capture=0.000 score=0.000 pol=-0.0014 val=0.1470 ent=1.4636 tot=+0.0575 agnorm=0.054 cgnorm=0.239 kl=0.0023 clipf=0.013 ev=+0.144 r0=1.0000 entcoef=1.00e-02 lr=6.4e-04 seed=9
iter=  55 step= 179200 ep_ret=-46.860 opt_ret=-46.860 step_rew=-0.4686 opt_step=-0.4686 gap0=46.860 dret=+29.470 eval_ret=n/a pursuer_target_distance=4.613 capture=0.005 score=0.001 pol=-0.0013 val=0.1894 ent=1.4534 tot=+0.0789 agnorm=0.053 cgnorm=0.171 kl=0.0032 clipf=0.033 ev=+0.320 r0=1.0000 entcoef=1.00e-02 lr=6.4e-04 seed=9
iter=  56 step= 182400 ep_ret=-50.332 opt_ret=-50.332 step_rew=-0.5033 opt_step=-0.5033 gap0=50.332 dret=+25.998 eval_ret=n/a pursuer_target_distance=4.302 capture=0.002 score=0.000 pol=-0.0011 val=0.1023 ent=1.4366 tot=+0.0356 agnorm=0.048 cgnorm=0.167 kl=0.0019 clipf=0.007 ev=+0.575 r0=1.0000 entcoef=1.00e-02 lr=6.4e-04 seed=9
iter=  57 step= 185600 ep_ret=-54.488 opt_ret=-54.488 step_rew=-0.5449 opt_step=-0.5449 gap0=54.488 dret=+21.843 eval_ret=n/a pursuer_target_distance=4.921 capture=0.000 score=0.000 pol=-0.0018 val=0.0617 ent=1.4251 tot=+0.0147 agnorm=0.069 cgnorm=0.150 kl=0.0028 clipf=0.030 ev=+0.319 r0=1.0000 entcoef=1.00e-02 lr=6.4e-04 seed=9
iter=  58 step= 188800 ep_ret=-46.837 opt_ret=-46.837 step_rew=-0.4684 opt_step=-0.4684 gap0=46.837 dret=+29.494 eval_ret=n/a pursuer_target_distance=3.887 capture=0.000 score=0.000 pol=-0.0016 val=0.0572 ent=1.4310 tot=+0.0127 agnorm=0.065 cgnorm=0.143 kl=0.0032 clipf=0.034 ev=+0.531 r0=1.0000 entcoef=1.00e-02 lr=6.4e-04 seed=9
iter=  59 step= 192000 ep_ret=-51.357 opt_ret=-51.357 step_rew=-0.5136 opt_step=-0.5136 gap0=51.357 dret=+24.974 eval_ret=n/a pursuer_target_distance=4.950 capture=0.006 score=0.001 pol=-0.0005 val=0.2884 ent=1.4134 tot=+0.1296 agnorm=0.042 cgnorm=0.215 kl=0.0017 clipf=0.014 ev=+0.179 r0=1.0000 entcoef=1.00e-02 lr=6.3e-04 seed=9
iter=  60 step= 195200 ep_ret=-49.614 opt_ret=-49.614 step_rew=-0.4961 opt_step=-0.4961 gap0=49.614 dret=+26.716 eval_ret=-25.455 pursuer_target_distance=4.250 capture=0.000 score=0.000 pol=-0.0022 val=0.0942 ent=1.4217 tot=+0.0307 agnorm=0.075 cgnorm=0.176 kl=0.0034 clipf=0.034 ev=+0.266 r0=1.0000 entcoef=1.00e-02 lr=6.3e-04 seed=9
iter=  61 step= 198400 ep_ret=-69.062 opt_ret=-69.062 step_rew=-0.6906 opt_step=-0.6906 gap0=69.062 dret=+7.268 eval_ret=n/a pursuer_target_distance=5.318 capture=0.000 score=0.000 pol=-0.0013 val=0.1110 ent=1.4426 tot=+0.0398 agnorm=0.061 cgnorm=0.202 kl=0.0024 clipf=0.018 ev=+0.348 r0=1.0000 entcoef=1.00e-02 lr=6.3e-04 seed=9
iter=  62 step= 201600 ep_ret=-53.930 opt_ret=-53.930 step_rew=-0.5393 opt_step=-0.5393 gap0=53.930 dret=+22.400 eval_ret=n/a pursuer_target_distance=4.510 capture=0.000 score=0.000 pol=-0.0016 val=0.0633 ent=1.4422 tot=+0.0156 agnorm=0.057 cgnorm=0.129 kl=0.0028 clipf=0.019 ev=+0.470 r0=1.0000 entcoef=1.00e-02 lr=6.3e-04 seed=9
iter=  63 step= 204800 ep_ret=-59.017 opt_ret=-59.017 step_rew=-0.5902 opt_step=-0.5902 gap0=59.017 dret=+17.314 eval_ret=n/a pursuer_target_distance=4.955 capture=0.003 score=0.001 pol=-0.0011 val=0.2066 ent=1.4312 tot=+0.0879 agnorm=0.053 cgnorm=0.218 kl=0.0026 clipf=0.020 ev=+0.262 r0=1.0000 entcoef=1.00e-02 lr=6.3e-04 seed=9
iter=  64 step= 208000 ep_ret=-35.129 opt_ret=-35.129 step_rew=-0.3513 opt_step=-0.3513 gap0=35.129 dret=+41.201 eval_ret=n/a pursuer_target_distance=3.839 capture=0.010 score=0.002 pol=-0.0012 val=0.3459 ent=1.4381 tot=+0.1574 agnorm=0.057 cgnorm=0.225 kl=0.0028 clipf=0.022 ev=+0.318 r0=1.0000 entcoef=1.00e-02 lr=6.3e-04 seed=9
iter=  65 step= 211200 ep_ret=-64.135 opt_ret=-64.135 step_rew=-0.6413 opt_step=-0.6413 gap0=64.135 dret=+12.196 eval_ret=n/a pursuer_target_distance=4.935 capture=0.000 score=0.000 pol=-0.0015 val=0.0921 ent=1.4259 tot=+0.0303 agnorm=0.059 cgnorm=0.183 kl=0.0028 clipf=0.019 ev=+0.349 r0=1.0000 entcoef=1.00e-02 lr=6.3e-04 seed=9
iter=  66 step= 214400 ep_ret=-50.066 opt_ret=-50.066 step_rew=-0.5007 opt_step=-0.5007 gap0=50.066 dret=+26.264 eval_ret=n/a pursuer_target_distance=4.351 capture=0.000 score=0.000 pol=-0.0019 val=0.0697 ent=1.4300 tot=+0.0187 agnorm=0.075 cgnorm=0.165 kl=0.0028 clipf=0.026 ev=+0.504 r0=1.0000 entcoef=1.00e-02 lr=6.3e-04 seed=9
iter=  67 step= 217600 ep_ret=-49.472 opt_ret=-49.472 step_rew=-0.4947 opt_step=-0.4947 gap0=49.472 dret=+26.858 eval_ret=n/a pursuer_target_distance=4.275 capture=0.004 score=0.001 pol=-0.0007 val=0.2014 ent=1.4469 tot=+0.0855 agnorm=0.044 cgnorm=0.184 kl=0.0020 clipf=0.012 ev=+0.213 r0=1.0000 entcoef=1.00e-02 lr=6.3e-04 seed=9
iter=  68 step= 220800 ep_ret=-49.296 opt_ret=-49.296 step_rew=-0.4930 opt_step=-0.4930 gap0=49.296 dret=+27.034 eval_ret=n/a pursuer_target_distance=4.733 capture=0.007 score=0.001 pol=-0.0011 val=0.3512 ent=1.4401 tot=+0.1601 agnorm=0.052 cgnorm=0.208 kl=0.0014 clipf=0.006 ev=+0.241 r0=1.0000 entcoef=1.00e-02 lr=6.2e-04 seed=9
iter=  69 step= 224000 ep_ret=-60.633 opt_ret=-60.633 step_rew=-0.6063 opt_step=-0.6063 gap0=60.633 dret=+15.698 eval_ret=n/a pursuer_target_distance=5.770 capture=0.006 score=0.001 pol=-0.0015 val=0.3522 ent=1.4476 tot=+0.1602 agnorm=0.058 cgnorm=0.266 kl=0.0031 clipf=0.030 ev=+0.140 r0=1.0000 entcoef=1.00e-02 lr=6.2e-04 seed=9
iter=  70 step= 227200 ep_ret=-67.220 opt_ret=-67.220 step_rew=-0.6722 opt_step=-0.6722 gap0=67.220 dret=+9.110 eval_ret=n/a pursuer_target_distance=4.282 capture=0.000 score=0.000 pol=-0.0010 val=0.1238 ent=1.4240 tot=+0.0466 agnorm=0.039 cgnorm=0.189 kl=0.0016 clipf=0.004 ev=+0.337 r0=1.0000 entcoef=1.00e-02 lr=6.2e-04 seed=9
iter=  71 step= 230400 ep_ret=-58.597 opt_ret=-58.597 step_rew=-0.5860 opt_step=-0.5860 gap0=58.597 dret=+17.734 eval_ret=n/a pursuer_target_distance=4.420 capture=0.000 score=0.000 pol=-0.0014 val=0.0941 ent=1.4212 tot=+0.0314 agnorm=0.079 cgnorm=0.172 kl=0.0030 clipf=0.028 ev=+0.485 r0=1.0000 entcoef=1.00e-02 lr=6.2e-04 seed=9
iter=  72 step= 233600 ep_ret=-52.344 opt_ret=-52.344 step_rew=-0.5234 opt_step=-0.5234 gap0=52.344 dret=+23.986 eval_ret=n/a pursuer_target_distance=4.535 capture=0.000 score=0.000 pol=-0.0010 val=0.0649 ent=1.4304 tot=+0.0171 agnorm=0.056 cgnorm=0.142 kl=0.0025 clipf=0.015 ev=+0.573 r0=1.0000 entcoef=1.00e-02 lr=6.2e-04 seed=9
iter=  73 step= 236800 ep_ret=-56.404 opt_ret=-56.404 step_rew=-0.5640 opt_step=-0.5640 gap0=56.404 dret=+19.927 eval_ret=n/a pursuer_target_distance=4.711 capture=0.000 score=0.000 pol=-0.0023 val=0.0943 ent=1.4167 tot=+0.0307 agnorm=0.093 cgnorm=0.161 kl=0.0049 clipf=0.043 ev=+0.444 r0=1.0000 entcoef=1.00e-02 lr=6.2e-04 seed=9
iter=  74 step= 240000 ep_ret=-43.379 opt_ret=-43.379 step_rew=-0.4338 opt_step=-0.4338 gap0=43.379 dret=+32.952 eval_ret=n/a pursuer_target_distance=3.724 capture=0.001 score=0.000 pol=-0.0013 val=0.0643 ent=1.4249 tot=+0.0166 agnorm=0.066 cgnorm=0.172 kl=0.0027 clipf=0.016 ev=+0.552 r0=1.0000 entcoef=1.00e-02 lr=6.2e-04 seed=9
iter=  75 step= 243200 ep_ret=-54.961 opt_ret=-54.961 step_rew=-0.5496 opt_step=-0.5496 gap0=54.961 dret=+21.370 eval_ret=n/a pursuer_target_distance=4.786 capture=0.000 score=0.000 pol=-0.0015 val=0.0797 ent=1.4044 tot=+0.0243 agnorm=0.058 cgnorm=0.147 kl=0.0023 clipf=0.014 ev=+0.395 r0=1.0000 entcoef=1.00e-02 lr=6.2e-04 seed=9
iter=  76 step= 246400 ep_ret=-59.298 opt_ret=-59.298 step_rew=-0.5930 opt_step=-0.5930 gap0=59.298 dret=+17.033 eval_ret=n/a pursuer_target_distance=5.282 capture=0.001 score=0.000 pol=-0.0009 val=0.1016 ent=1.3564 tot=+0.0363 agnorm=0.038 cgnorm=0.145 kl=0.0017 clipf=0.006 ev=+0.239 r0=1.0000 entcoef=1.00e-02 lr=6.2e-04 seed=9
iter=  77 step= 249600 ep_ret=-38.070 opt_ret=-38.070 step_rew=-0.3807 opt_step=-0.3807 gap0=38.070 dret=+38.260 eval_ret=n/a pursuer_target_distance=3.723 capture=0.004 score=0.001 pol=-0.0024 val=0.1735 ent=1.3597 tot=+0.0708 agnorm=0.083 cgnorm=0.159 kl=0.0039 clipf=0.047 ev=+0.330 r0=1.0000 entcoef=1.00e-02 lr=6.1e-04 seed=9
iter=  78 step= 252800 ep_ret=-24.348 opt_ret=-24.348 step_rew=-0.2435 opt_step=-0.2435 gap0=24.348 dret=+51.983 eval_ret=n/a pursuer_target_distance=3.556 capture=0.020 score=0.004 pol=-0.0016 val=1.0837 ent=1.3501 tot=+0.5268 agnorm=0.077 cgnorm=0.267 kl=0.0036 clipf=0.047 ev=+0.048 r0=1.0000 entcoef=1.00e-02 lr=6.1e-04 seed=9
iter=  79 step= 256000 ep_ret=-48.864 opt_ret=-48.864 step_rew=-0.4886 opt_step=-0.4886 gap0=48.864 dret=+27.466 eval_ret=n/a pursuer_target_distance=4.494 capture=0.006 score=0.001 pol=-0.0011 val=0.2863 ent=1.3588 tot=+0.1284 agnorm=0.051 cgnorm=0.239 kl=0.0019 clipf=0.012 ev=+0.037 r0=1.0000 entcoef=1.00e-02 lr=6.1e-04 seed=9
iter=  80 step= 259200 ep_ret=-50.807 opt_ret=-50.807 step_rew=-0.5081 opt_step=-0.5081 gap0=50.807 dret=+25.524 eval_ret=+1.368 pursuer_target_distance=4.491 capture=0.000 score=0.000 pol=-0.0011 val=0.0982 ent=1.3687 tot=+0.0343 agnorm=0.054 cgnorm=0.153 kl=0.0017 clipf=0.008 ev=+0.426 r0=1.0000 entcoef=1.00e-02 lr=6.1e-04 seed=9
iter=  81 step= 262400 ep_ret=-57.546 opt_ret=-57.546 step_rew=-0.5755 opt_step=-0.5755 gap0=57.546 dret=+18.784 eval_ret=n/a pursuer_target_distance=4.424 capture=0.000 score=0.000 pol=-0.0012 val=0.1323 ent=1.3657 tot=+0.0513 agnorm=0.054 cgnorm=0.169 kl=0.0017 clipf=0.006 ev=+0.446 r0=1.0000 entcoef=1.00e-02 lr=6.1e-04 seed=9
iter=  82 step= 265600 ep_ret=-46.520 opt_ret=-46.520 step_rew=-0.4652 opt_step=-0.4652 gap0=46.520 dret=+29.811 eval_ret=n/a pursuer_target_distance=3.905 capture=0.001 score=0.000 pol=-0.0011 val=0.1067 ent=1.3675 tot=+0.0386 agnorm=0.048 cgnorm=0.166 kl=0.0015 clipf=0.005 ev=+0.313 r0=1.0000 entcoef=1.00e-02 lr=6.1e-04 seed=9
iter=  83 step= 268800 ep_ret=-40.893 opt_ret=-40.893 step_rew=-0.4089 opt_step=-0.4089 gap0=40.893 dret=+35.437 eval_ret=n/a pursuer_target_distance=3.539 capture=0.005 score=0.001 pol=-0.0012 val=0.2218 ent=1.3659 tot=+0.0960 agnorm=0.068 cgnorm=0.159 kl=0.0027 clipf=0.022 ev=+0.321 r0=1.0000 entcoef=1.00e-02 lr=6.1e-04 seed=9
iter=  84 step= 272000 ep_ret=-47.166 opt_ret=-47.166 step_rew=-0.4717 opt_step=-0.4717 gap0=47.166 dret=+29.164 eval_ret=n/a pursuer_target_distance=3.897 capture=0.000 score=0.000 pol=-0.0017 val=0.0769 ent=1.3602 tot=+0.0232 agnorm=0.054 cgnorm=0.110 kl=0.0020 clipf=0.018 ev=+0.504 r0=1.0000 entcoef=1.00e-02 lr=6.1e-04 seed=9
iter=  85 step= 275200 ep_ret=-39.179 opt_ret=-39.179 step_rew=-0.3918 opt_step=-0.3918 gap0=39.179 dret=+37.152 eval_ret=n/a pursuer_target_distance=3.647 capture=0.003 score=0.001 pol=-0.0014 val=0.1169 ent=1.3608 tot=+0.0434 agnorm=0.050 cgnorm=0.155 kl=0.0026 clipf=0.021 ev=+0.477 r0=1.0000 entcoef=1.00e-02 lr=6.1e-04 seed=9
iter=  86 step= 278400 ep_ret=-47.687 opt_ret=-47.687 step_rew=-0.4769 opt_step=-0.4769 gap0=47.687 dret=+28.643 eval_ret=n/a pursuer_target_distance=4.446 capture=0.002 score=0.000 pol=-0.0016 val=0.1088 ent=1.3293 tot=+0.0395 agnorm=0.060 cgnorm=0.133 kl=0.0020 clipf=0.014 ev=+0.471 r0=1.0000 entcoef=1.00e-02 lr=6.0e-04 seed=9
iter=  87 step= 281600 ep_ret=-51.397 opt_ret=-51.397 step_rew=-0.5140 opt_step=-0.5140 gap0=51.397 dret=+24.933 eval_ret=n/a pursuer_target_distance=4.336 capture=0.000 score=0.000 pol=-0.0012 val=0.1151 ent=1.2975 tot=+0.0434 agnorm=0.068 cgnorm=0.153 kl=0.0020 clipf=0.016 ev=+0.505 r0=1.0000 entcoef=1.00e-02 lr=6.0e-04 seed=9
iter=  88 step= 284800 ep_ret=-58.492 opt_ret=-58.492 step_rew=-0.5849 opt_step=-0.5849 gap0=58.492 dret=+17.839 eval_ret=n/a pursuer_target_distance=4.499 capture=0.000 score=0.000 pol=-0.0012 val=0.1231 ent=1.2950 tot=+0.0474 agnorm=0.058 cgnorm=0.157 kl=0.0015 clipf=0.006 ev=+0.255 r0=1.0000 entcoef=1.00e-02 lr=6.0e-04 seed=9
iter=  89 step= 288000 ep_ret=-49.788 opt_ret=-49.788 step_rew=-0.4979 opt_step=-0.4979 gap0=49.788 dret=+26.543 eval_ret=n/a pursuer_target_distance=3.864 capture=0.000 score=0.000 pol=-0.0009 val=0.0827 ent=1.2929 tot=+0.0275 agnorm=0.061 cgnorm=0.128 kl=0.0021 clipf=0.010 ev=+0.547 r0=1.0000 entcoef=1.00e-02 lr=6.0e-04 seed=9
iter=  90 step= 291200 ep_ret=-33.895 opt_ret=-33.895 step_rew=-0.3390 opt_step=-0.3390 gap0=33.895 dret=+42.435 eval_ret=n/a pursuer_target_distance=4.121 capture=0.012 score=0.002 pol=-0.0006 val=0.7442 ent=1.2784 tot=+0.3587 agnorm=0.041 cgnorm=0.243 kl=0.0012 clipf=0.006 ev=+0.098 r0=1.0000 entcoef=1.00e-02 lr=6.0e-04 seed=9
iter=  91 step= 294400 ep_ret=-42.242 opt_ret=-42.242 step_rew=-0.4224 opt_step=-0.4224 gap0=42.242 dret=+34.088 eval_ret=n/a pursuer_target_distance=3.837 capture=0.003 score=0.001 pol=-0.0012 val=0.1362 ent=1.3187 tot=+0.0537 agnorm=0.057 cgnorm=0.137 kl=0.0014 clipf=0.006 ev=+0.441 r0=1.0000 entcoef=1.00e-02 lr=6.0e-04 seed=9
iter=  92 step= 297600 ep_ret=-60.684 opt_ret=-60.684 step_rew=-0.6068 opt_step=-0.6068 gap0=60.684 dret=+15.646 eval_ret=n/a pursuer_target_distance=4.351 capture=0.000 score=0.000 pol=-0.0018 val=0.1115 ent=1.3374 tot=+0.0405 agnorm=0.071 cgnorm=0.139 kl=0.0025 clipf=0.021 ev=+0.409 r0=1.0000 entcoef=1.00e-02 lr=6.0e-04 seed=9
iter=  93 step= 300800 ep_ret=-33.309 opt_ret=-33.309 step_rew=-0.3331 opt_step=-0.3331 gap0=33.309 dret=+43.021 eval_ret=n/a pursuer_target_distance=4.022 capture=0.012 score=0.002 pol=-0.0024 val=0.4581 ent=1.2912 tot=+0.2138 agnorm=0.084 cgnorm=0.222 kl=0.0049 clipf=0.063 ev=+0.222 r0=1.0000 entcoef=1.00e-02 lr=6.0e-04 seed=9
iter=  94 step= 304000 ep_ret=-40.395 opt_ret=-40.395 step_rew=-0.4039 opt_step=-0.4039 gap0=40.395 dret=+35.935 eval_ret=n/a pursuer_target_distance=3.739 capture=0.004 score=0.001 pol=-0.0005 val=0.1700 ent=1.3160 tot=+0.0713 agnorm=0.041 cgnorm=0.133 kl=0.0021 clipf=0.014 ev=+0.327 r0=1.0000 entcoef=1.00e-02 lr=6.0e-04 seed=9
iter=  95 step= 307200 ep_ret=-44.189 opt_ret=-44.189 step_rew=-0.4419 opt_step=-0.4419 gap0=44.189 dret=+32.142 eval_ret=n/a pursuer_target_distance=4.219 capture=0.001 score=0.000 pol=-0.0016 val=0.0935 ent=1.3387 tot=+0.0318 agnorm=0.063 cgnorm=0.117 kl=0.0025 clipf=0.021 ev=+0.602 r0=1.0000 entcoef=1.00e-02 lr=5.9e-04 seed=9
iter=  96 step= 310400 ep_ret=-44.071 opt_ret=-44.071 step_rew=-0.4407 opt_step=-0.4407 gap0=44.071 dret=+32.260 eval_ret=n/a pursuer_target_distance=4.392 capture=0.007 score=0.001 pol=-0.0010 val=0.4367 ent=1.3425 tot=+0.2039 agnorm=0.056 cgnorm=0.198 kl=0.0024 clipf=0.028 ev=+0.007 r0=1.0000 entcoef=1.00e-02 lr=5.9e-04 seed=9
iter=  97 step= 313600 ep_ret=-55.346 opt_ret=-55.346 step_rew=-0.5535 opt_step=-0.5535 gap0=55.346 dret=+20.984 eval_ret=n/a pursuer_target_distance=4.861 capture=0.004 score=0.001 pol=-0.0013 val=0.2379 ent=1.3553 tot=+0.1041 agnorm=0.065 cgnorm=0.199 kl=0.0022 clipf=0.017 ev=+0.311 r0=1.0000 entcoef=1.00e-02 lr=5.9e-04 seed=9
iter=  98 step= 316800 ep_ret=-30.372 opt_ret=-30.372 step_rew=-0.3037 opt_step=-0.3037 gap0=30.372 dret=+45.958 eval_ret=n/a pursuer_target_distance=3.342 capture=0.013 score=0.003 pol=-0.0015 val=0.8721 ent=1.3515 tot=+0.4211 agnorm=0.078 cgnorm=0.266 kl=0.0032 clipf=0.024 ev=+0.126 r0=1.0000 entcoef=1.00e-02 lr=5.9e-04 seed=9
iter=  99 step= 320000 ep_ret=-51.254 opt_ret=-51.254 step_rew=-0.5125 opt_step=-0.5125 gap0=51.254 dret=+25.076 eval_ret=n/a pursuer_target_distance=3.577 capture=0.002 score=0.000 pol=-0.0011 val=0.1326 ent=1.3322 tot=+0.0519 agnorm=0.060 cgnorm=0.145 kl=0.0022 clipf=0.018 ev=+0.509 r0=1.0000 entcoef=1.00e-02 lr=5.9e-04 seed=9
iter= 100 step= 323200 ep_ret=-37.230 opt_ret=-37.230 step_rew=-0.3723 opt_step=-0.3723 gap0=37.230 dret=+39.101 eval_ret=-19.968 pursuer_target_distance=3.498 capture=0.001 score=0.000 pol=-0.0011 val=0.0679 ent=1.3523 tot=+0.0193 agnorm=0.060 cgnorm=0.112 kl=0.0023 clipf=0.013 ev=+0.611 r0=1.0000 entcoef=1.00e-02 lr=5.9e-04 seed=9
iter= 101 step= 326400 ep_ret=-45.806 opt_ret=-45.806 step_rew=-0.4581 opt_step=-0.4581 gap0=45.806 dret=+30.525 eval_ret=n/a pursuer_target_distance=3.855 capture=0.000 score=0.000 pol=-0.0007 val=0.0738 ent=1.3651 tot=+0.0226 agnorm=0.050 cgnorm=0.097 kl=0.0018 clipf=0.016 ev=+0.607 r0=1.0000 entcoef=1.00e-02 lr=5.9e-04 seed=9
iter= 102 step= 329600 ep_ret=-40.877 opt_ret=-40.877 step_rew=-0.4088 opt_step=-0.4088 gap0=40.877 dret=+35.453 eval_ret=n/a pursuer_target_distance=4.081 capture=0.003 score=0.001 pol=-0.0012 val=0.1925 ent=1.3900 tot=+0.0812 agnorm=0.053 cgnorm=0.192 kl=0.0026 clipf=0.022 ev=+0.094 r0=1.0000 entcoef=1.00e-02 lr=5.9e-04 seed=9
iter= 103 step= 332800 ep_ret=-47.061 opt_ret=-47.061 step_rew=-0.4706 opt_step=-0.4706 gap0=47.061 dret=+29.269 eval_ret=n/a pursuer_target_distance=3.653 capture=0.000 score=0.000 pol=-0.0011 val=0.0853 ent=1.3774 tot=+0.0278 agnorm=0.057 cgnorm=0.121 kl=0.0015 clipf=0.008 ev=+0.556 r0=1.0000 entcoef=1.00e-02 lr=5.9e-04 seed=9
iter= 104 step= 336000 ep_ret=-48.273 opt_ret=-48.273 step_rew=-0.4827 opt_step=-0.4827 gap0=48.273 dret=+28.058 eval_ret=n/a pursuer_target_distance=4.298 capture=0.002 score=0.000 pol=-0.0015 val=0.0872 ent=1.3465 tot=+0.0287 agnorm=0.073 cgnorm=0.099 kl=0.0027 clipf=0.023 ev=+0.483 r0=1.0000 entcoef=1.00e-02 lr=5.9e-04 seed=9
iter= 105 step= 339200 ep_ret=-34.066 opt_ret=-34.066 step_rew=-0.3407 opt_step=-0.3407 gap0=34.066 dret=+42.265 eval_ret=n/a pursuer_target_distance=3.241 capture=0.005 score=0.001 pol=-0.0009 val=0.2083 ent=1.3525 tot=+0.0898 agnorm=0.079 cgnorm=0.163 kl=0.0015 clipf=0.007 ev=+0.353 r0=1.0000 entcoef=1.00e-02 lr=5.8e-04 seed=9
iter= 106 step= 342400 ep_ret=-51.268 opt_ret=-51.268 step_rew=-0.5127 opt_step=-0.5127 gap0=51.268 dret=+25.062 eval_ret=n/a pursuer_target_distance=4.281 capture=0.000 score=0.000 pol=-0.0014 val=0.0853 ent=1.3564 tot=+0.0277 agnorm=0.071 cgnorm=0.117 kl=0.0018 clipf=0.011 ev=+0.532 r0=1.0000 entcoef=1.00e-02 lr=5.8e-04 seed=9
iter= 107 step= 345600 ep_ret=-46.385 opt_ret=-46.385 step_rew=-0.4639 opt_step=-0.4639 gap0=46.385 dret=+29.945 eval_ret=n/a pursuer_target_distance=3.842 capture=0.000 score=0.000 pol=-0.0008 val=0.1139 ent=1.3484 tot=+0.0427 agnorm=0.038 cgnorm=0.163 kl=0.0014 clipf=0.010 ev=+0.351 r0=1.0000 entcoef=1.00e-02 lr=5.8e-04 seed=9
iter= 108 step= 348800 ep_ret=-52.878 opt_ret=-52.878 step_rew=-0.5288 opt_step=-0.5288 gap0=52.878 dret=+23.452 eval_ret=n/a pursuer_target_distance=4.575 capture=0.000 score=0.000 pol=-0.0019 val=0.1209 ent=1.3425 tot=+0.0451 agnorm=0.092 cgnorm=0.152 kl=0.0027 clipf=0.022 ev=+0.492 r0=1.0000 entcoef=1.00e-02 lr=5.8e-04 seed=9
iter= 109 step= 352000 ep_ret=-44.732 opt_ret=-44.732 step_rew=-0.4473 opt_step=-0.4473 gap0=44.732 dret=+31.598 eval_ret=n/a pursuer_target_distance=3.824 capture=0.003 score=0.001 pol=-0.0014 val=0.1425 ent=1.3348 tot=+0.0565 agnorm=0.062 cgnorm=0.144 kl=0.0027 clipf=0.013 ev=+0.457 r0=1.0000 entcoef=1.00e-02 lr=5.8e-04 seed=9
iter= 110 step= 355200 ep_ret=-46.784 opt_ret=-46.784 step_rew=-0.4678 opt_step=-0.4678 gap0=46.784 dret=+29.546 eval_ret=n/a pursuer_target_distance=4.105 capture=0.000 score=0.000 pol=-0.0015 val=0.1056 ent=1.3142 tot=+0.0382 agnorm=0.063 cgnorm=0.139 kl=0.0023 clipf=0.023 ev=+0.420 r0=1.0000 entcoef=1.00e-02 lr=5.8e-04 seed=9
iter= 111 step= 358400 ep_ret=-39.860 opt_ret=-39.860 step_rew=-0.3986 opt_step=-0.3986 gap0=39.860 dret=+36.470 eval_ret=n/a pursuer_target_distance=3.621 capture=0.002 score=0.000 pol=-0.0013 val=0.1207 ent=1.3283 tot=+0.0458 agnorm=0.054 cgnorm=0.146 kl=0.0016 clipf=0.008 ev=+0.300 r0=1.0000 entcoef=1.00e-02 lr=5.8e-04 seed=9
iter= 112 step= 361600 ep_ret=-37.761 opt_ret=-37.761 step_rew=-0.3776 opt_step=-0.3776 gap0=37.761 dret=+38.569 eval_ret=n/a pursuer_target_distance=4.303 capture=0.012 score=0.002 pol=-0.0008 val=0.6038 ent=1.3200 tot=+0.2879 agnorm=0.102 cgnorm=0.240 kl=0.0016 clipf=0.010 ev=-0.023 r0=1.0000 entcoef=1.00e-02 lr=5.8e-04 seed=9
iter= 113 step= 364800 ep_ret=-39.693 opt_ret=-39.693 step_rew=-0.3969 opt_step=-0.3969 gap0=39.693 dret=+36.638 eval_ret=n/a pursuer_target_distance=3.195 capture=0.000 score=0.000 pol=-0.0014 val=0.0797 ent=1.3258 tot=+0.0253 agnorm=0.067 cgnorm=0.122 kl=0.0022 clipf=0.016 ev=+0.362 r0=1.0000 entcoef=1.00e-02 lr=5.8e-04 seed=9
iter= 114 step= 368000 ep_ret=-43.212 opt_ret=-43.212 step_rew=-0.4321 opt_step=-0.4321 gap0=43.212 dret=+33.118 eval_ret=n/a pursuer_target_distance=4.290 capture=0.006 score=0.001 pol=-0.0018 val=0.2831 ent=1.3404 tot=+0.1263 agnorm=0.114 cgnorm=0.171 kl=0.0023 clipf=0.018 ev=+0.231 r0=1.0000 entcoef=1.00e-02 lr=5.7e-04 seed=9
iter= 115 step= 371200 ep_ret=-49.323 opt_ret=-49.323 step_rew=-0.4932 opt_step=-0.4932 gap0=49.323 dret=+27.007 eval_ret=n/a pursuer_target_distance=3.975 capture=0.000 score=0.000 pol=-0.0016 val=0.1024 ent=1.3408 tot=+0.0362 agnorm=0.093 cgnorm=0.140 kl=0.0024 clipf=0.019 ev=+0.226 r0=1.0000 entcoef=1.00e-02 lr=5.7e-04 seed=9
iter= 116 step= 374400 ep_ret=-46.941 opt_ret=-46.941 step_rew=-0.4694 opt_step=-0.4694 gap0=46.941 dret=+29.389 eval_ret=n/a pursuer_target_distance=4.016 capture=0.000 score=0.000 pol=-0.0011 val=0.1176 ent=1.3443 tot=+0.0443 agnorm=0.075 cgnorm=0.141 kl=0.0032 clipf=0.026 ev=+0.441 r0=1.0000 entcoef=1.00e-02 lr=5.7e-04 seed=9
iter= 117 step= 377600 ep_ret=-49.255 opt_ret=-49.255 step_rew=-0.4926 opt_step=-0.4926 gap0=49.255 dret=+27.075 eval_ret=n/a pursuer_target_distance=4.010 capture=0.000 score=0.000 pol=-0.0010 val=0.1419 ent=1.3627 tot=+0.0563 agnorm=0.063 cgnorm=0.171 kl=0.0015 clipf=0.009 ev=+0.451 r0=1.0000 entcoef=1.00e-02 lr=5.7e-04 seed=9
iter= 118 step= 380800 ep_ret=-42.618 opt_ret=-42.618 step_rew=-0.4262 opt_step=-0.4262 gap0=42.618 dret=+33.712 eval_ret=n/a pursuer_target_distance=4.385 capture=0.008 score=0.001 pol=-0.0013 val=0.3597 ent=1.3393 tot=+0.1652 agnorm=0.086 cgnorm=0.197 kl=0.0029 clipf=0.038 ev=+0.087 r0=1.0000 entcoef=1.00e-02 lr=5.7e-04 seed=9
iter= 119 step= 384000 ep_ret=-57.950 opt_ret=-57.950 step_rew=-0.5795 opt_step=-0.5795 gap0=57.950 dret=+18.380 eval_ret=n/a pursuer_target_distance=4.194 capture=0.000 score=0.000 pol=-0.0012 val=0.1651 ent=1.3438 tot=+0.0679 agnorm=0.066 cgnorm=0.187 kl=0.0021 clipf=0.018 ev=+0.327 r0=1.0000 entcoef=1.00e-02 lr=5.7e-04 seed=9
iter= 120 step= 387200 ep_ret=-43.480 opt_ret=-43.480 step_rew=-0.4348 opt_step=-0.4348 gap0=43.480 dret=+32.850 eval_ret=+5.227 pursuer_target_distance=4.044 capture=0.001 score=0.000 pol=-0.0009 val=0.1056 ent=1.3048 tot=+0.0389 agnorm=0.056 cgnorm=0.122 kl=0.0015 clipf=0.006 ev=+0.329 r0=1.0000 entcoef=1.00e-02 lr=5.7e-04 seed=9
iter= 121 step= 390400 ep_ret=-46.682 opt_ret=-46.682 step_rew=-0.4668 opt_step=-0.4668 gap0=46.682 dret=+29.648 eval_ret=n/a pursuer_target_distance=3.880 capture=0.000 score=0.000 pol=-0.0015 val=0.0930 ent=1.3200 tot=+0.0318 agnorm=0.069 cgnorm=0.135 kl=0.0023 clipf=0.019 ev=+0.446 r0=1.0000 entcoef=1.00e-02 lr=5.7e-04 seed=9
iter= 122 step= 393600 ep_ret=-38.275 opt_ret=-38.275 step_rew=-0.3827 opt_step=-0.3827 gap0=38.275 dret=+38.055 eval_ret=n/a pursuer_target_distance=3.704 capture=0.003 score=0.001 pol=-0.0009 val=0.1880 ent=1.3265 tot=+0.0798 agnorm=0.046 cgnorm=0.173 kl=0.0011 clipf=0.004 ev=+0.263 r0=1.0000 entcoef=1.00e-02 lr=5.7e-04 seed=9
iter= 123 step= 396800 ep_ret=-37.358 opt_ret=-37.358 step_rew=-0.3736 opt_step=-0.3736 gap0=37.358 dret=+38.972 eval_ret=n/a pursuer_target_distance=3.484 capture=0.004 score=0.001 pol=-0.0015 val=0.2270 ent=1.3106 tot=+0.0989 agnorm=0.079 cgnorm=0.152 kl=0.0029 clipf=0.033 ev=+0.275 r0=1.0000 entcoef=1.00e-02 lr=5.6e-04 seed=9
iter= 124 step= 400000 ep_ret=-24.638 opt_ret=-24.638 step_rew=-0.2464 opt_step=-0.2464 gap0=24.638 dret=+51.693 eval_ret=n/a pursuer_target_distance=3.492 capture=0.016 score=0.003 pol=-0.0012 val=0.7068 ent=1.2574 tot=+0.3396 agnorm=0.088 cgnorm=0.220 kl=0.0020 clipf=0.025 ev=+0.105 r0=1.0000 entcoef=1.00e-02 lr=5.6e-04 seed=9
iter= 125 step= 403200 ep_ret=-51.755 opt_ret=-51.755 step_rew=-0.5176 opt_step=-0.5176 gap0=51.755 dret=+24.575 eval_ret=n/a pursuer_target_distance=4.466 capture=0.000 score=0.000 pol=-0.0014 val=0.1485 ent=1.2515 tot=+0.0603 agnorm=0.077 cgnorm=0.156 kl=0.0024 clipf=0.015 ev=+0.318 r0=1.0000 entcoef=1.00e-02 lr=5.6e-04 seed=9
iter= 126 step= 406400 ep_ret=-48.614 opt_ret=-48.614 step_rew=-0.4861 opt_step=-0.4861 gap0=48.614 dret=+27.716 eval_ret=n/a pursuer_target_distance=4.464 capture=0.000 score=0.000 pol=-0.0010 val=0.0902 ent=1.2675 tot=+0.0314 agnorm=0.060 cgnorm=0.145 kl=0.0025 clipf=0.021 ev=+0.446 r0=1.0000 entcoef=1.00e-02 lr=5.6e-04 seed=9
iter= 127 step= 409600 ep_ret=-29.666 opt_ret=-29.666 step_rew=-0.2967 opt_step=-0.2967 gap0=29.666 dret=+46.665 eval_ret=n/a pursuer_target_distance=2.794 capture=0.000 score=0.000 pol=-0.0015 val=0.0986 ent=1.2577 tot=+0.0353 agnorm=0.077 cgnorm=0.144 kl=0.0022 clipf=0.019 ev=+0.609 r0=1.0000 entcoef=1.00e-02 lr=5.6e-04 seed=9
iter= 128 step= 412800 ep_ret=-48.824 opt_ret=-48.824 step_rew=-0.4882 opt_step=-0.4882 gap0=48.824 dret=+27.506 eval_ret=n/a pursuer_target_distance=4.084 capture=0.000 score=0.000 pol=-0.0009 val=0.0850 ent=1.2828 tot=+0.0287 agnorm=0.058 cgnorm=0.122 kl=0.0020 clipf=0.018 ev=+0.699 r0=1.0000 entcoef=1.00e-02 lr=5.6e-04 seed=9
iter= 129 step= 416000 ep_ret=-40.748 opt_ret=-40.748 step_rew=-0.4075 opt_step=-0.4075 gap0=40.748 dret=+35.582 eval_ret=n/a pursuer_target_distance=3.286 capture=0.004 score=0.001 pol=-0.0009 val=0.2440 ent=1.2813 tot=+0.1083 agnorm=0.065 cgnorm=0.191 kl=0.0019 clipf=0.017 ev=+0.309 r0=1.0000 entcoef=1.00e-02 lr=5.6e-04 seed=9
iter= 130 step= 419200 ep_ret=-45.877 opt_ret=-45.877 step_rew=-0.4588 opt_step=-0.4588 gap0=45.877 dret=+30.453 eval_ret=n/a pursuer_target_distance=3.998 capture=0.000 score=0.000 pol=-0.0010 val=0.0978 ent=1.3101 tot=+0.0348 agnorm=0.055 cgnorm=0.138 kl=0.0015 clipf=0.010 ev=+0.585 r0=1.0000 entcoef=1.00e-02 lr=5.6e-04 seed=9
iter= 131 step= 422400 ep_ret=-46.002 opt_ret=-46.002 step_rew=-0.4600 opt_step=-0.4600 gap0=46.002 dret=+30.328 eval_ret=n/a pursuer_target_distance=3.562 capture=0.000 score=0.000 pol=-0.0012 val=0.0887 ent=1.3282 tot=+0.0299 agnorm=0.071 cgnorm=0.157 kl=0.0020 clipf=0.014 ev=+0.648 r0=1.0000 entcoef=1.00e-02 lr=5.6e-04 seed=9
iter= 132 step= 425600 ep_ret=-46.211 opt_ret=-46.211 step_rew=-0.4621 opt_step=-0.4621 gap0=46.211 dret=+30.119 eval_ret=n/a pursuer_target_distance=3.903 capture=0.002 score=0.000 pol=-0.0014 val=0.1361 ent=1.3225 tot=+0.0534 agnorm=0.070 cgnorm=0.181 kl=0.0016 clipf=0.011 ev=+0.421 r0=1.0000 entcoef=1.00e-02 lr=5.5e-04 seed=9
iter= 133 step= 428800 ep_ret=-40.641 opt_ret=-40.641 step_rew=-0.4064 opt_step=-0.4064 gap0=40.641 dret=+35.690 eval_ret=n/a pursuer_target_distance=3.787 capture=0.004 score=0.001 pol=-0.0014 val=0.2383 ent=1.3532 tot=+0.1042 agnorm=0.072 cgnorm=0.177 kl=0.0025 clipf=0.020 ev=+0.400 r0=1.0000 entcoef=1.00e-02 lr=5.5e-04 seed=9
iter= 134 step= 432000 ep_ret=-65.875 opt_ret=-65.875 step_rew=-0.6587 opt_step=-0.6587 gap0=65.875 dret=+10.455 eval_ret=n/a pursuer_target_distance=4.775 capture=0.000 score=0.000 pol=-0.0011 val=0.1324 ent=1.3394 tot=+0.0517 agnorm=0.064 cgnorm=0.178 kl=0.0022 clipf=0.014 ev=+0.590 r0=1.0000 entcoef=1.00e-02 lr=5.5e-04 seed=9
iter= 135 step= 435200 ep_ret=-46.098 opt_ret=-46.098 step_rew=-0.4610 opt_step=-0.4610 gap0=46.098 dret=+30.232 eval_ret=n/a pursuer_target_distance=4.214 capture=0.003 score=0.000 pol=-0.0014 val=0.1513 ent=1.3227 tot=+0.0610 agnorm=0.062 cgnorm=0.154 kl=0.0023 clipf=0.019 ev=+0.442 r0=1.0000 entcoef=1.00e-02 lr=5.5e-04 seed=9
iter= 136 step= 438400 ep_ret=-43.546 opt_ret=-43.546 step_rew=-0.4355 opt_step=-0.4355 gap0=43.546 dret=+32.785 eval_ret=n/a pursuer_target_distance=3.369 capture=0.001 score=0.000 pol=-0.0008 val=0.1133 ent=1.3372 tot=+0.0425 agnorm=0.053 cgnorm=0.173 kl=0.0012 clipf=0.009 ev=+0.498 r0=1.0000 entcoef=1.00e-02 lr=5.5e-04 seed=9
iter= 137 step= 441600 ep_ret=-47.816 opt_ret=-47.816 step_rew=-0.4782 opt_step=-0.4782 gap0=47.816 dret=+28.514 eval_ret=n/a pursuer_target_distance=4.252 capture=0.000 score=0.000 pol=-0.0015 val=0.0848 ent=1.3399 tot=+0.0274 agnorm=0.084 cgnorm=0.135 kl=0.0023 clipf=0.012 ev=+0.549 r0=1.0000 entcoef=1.00e-02 lr=5.5e-04 seed=9
iter= 138 step= 444800 ep_ret=-54.404 opt_ret=-54.404 step_rew=-0.5440 opt_step=-0.5440 gap0=54.404 dret=+21.926 eval_ret=n/a pursuer_target_distance=4.510 capture=0.000 score=0.000 pol=-0.0010 val=0.1436 ent=1.3166 tot=+0.0577 agnorm=0.083 cgnorm=0.198 kl=0.0013 clipf=0.009 ev=+0.510 r0=1.0000 entcoef=1.00e-02 lr=5.5e-04 seed=9
iter= 139 step= 448000 ep_ret=-48.656 opt_ret=-48.656 step_rew=-0.4866 opt_step=-0.4866 gap0=48.656 dret=+27.674 eval_ret=n/a pursuer_target_distance=3.781 capture=0.000 score=0.000 pol=-0.0011 val=0.0874 ent=1.3351 tot=+0.0292 agnorm=0.067 cgnorm=0.152 kl=0.0023 clipf=0.016 ev=+0.501 r0=1.0000 entcoef=1.00e-02 lr=5.5e-04 seed=9
iter= 140 step= 451200 ep_ret=-49.446 opt_ret=-49.446 step_rew=-0.4945 opt_step=-0.4945 gap0=49.446 dret=+26.884 eval_ret=-27.935 pursuer_target_distance=3.985 capture=0.001 score=0.000 pol=-0.0015 val=0.1093 ent=1.3475 tot=+0.0397 agnorm=0.077 cgnorm=0.156 kl=0.0015 clipf=0.014 ev=+0.560 r0=1.0000 entcoef=1.00e-02 lr=5.5e-04 seed=9
iter= 141 step= 454400 ep_ret=-53.466 opt_ret=-53.466 step_rew=-0.5347 opt_step=-0.5347 gap0=53.466 dret=+22.865 eval_ret=n/a pursuer_target_distance=4.309 capture=0.000 score=0.000 pol=-0.0010 val=0.1384 ent=1.3232 tot=+0.0550 agnorm=0.065 cgnorm=0.179 kl=0.0025 clipf=0.015 ev=+0.403 r0=1.0000 entcoef=1.00e-02 lr=5.4e-04 seed=9
iter= 142 step= 457600 ep_ret=-42.845 opt_ret=-42.845 step_rew=-0.4284 opt_step=-0.4284 gap0=42.845 dret=+33.485 eval_ret=n/a pursuer_target_distance=4.342 capture=0.008 score=0.001 pol=-0.0008 val=0.5178 ent=1.3180 tot=+0.2449 agnorm=0.060 cgnorm=0.245 kl=0.0015 clipf=0.008 ev=+0.020 r0=1.0000 entcoef=1.00e-02 lr=5.4e-04 seed=9
iter= 143 step= 460800 ep_ret=-51.443 opt_ret=-51.443 step_rew=-0.5144 opt_step=-0.5144 gap0=51.443 dret=+24.887 eval_ret=n/a pursuer_target_distance=5.067 capture=0.011 score=0.002 pol=-0.0011 val=0.5882 ent=1.3319 tot=+0.2797 agnorm=0.058 cgnorm=0.336 kl=0.0017 clipf=0.010 ev=+0.283 r0=1.0000 entcoef=1.00e-02 lr=5.4e-04 seed=9
iter= 144 step= 464000 ep_ret=-47.639 opt_ret=-47.639 step_rew=-0.4764 opt_step=-0.4764 gap0=47.639 dret=+28.691 eval_ret=n/a pursuer_target_distance=4.034 capture=0.003 score=0.000 pol=-0.0012 val=0.1456 ent=1.3403 tot=+0.0582 agnorm=0.068 cgnorm=0.195 kl=0.0027 clipf=0.026 ev=+0.276 r0=1.0000 entcoef=1.00e-02 lr=5.4e-04 seed=9
iter= 145 step= 467200 ep_ret=-41.535 opt_ret=-41.535 step_rew=-0.4154 opt_step=-0.4154 gap0=41.535 dret=+34.795 eval_ret=n/a pursuer_target_distance=3.735 capture=0.000 score=0.000 pol=-0.0013 val=0.0478 ent=1.3211 tot=+0.0094 agnorm=0.078 cgnorm=0.116 kl=0.0025 clipf=0.020 ev=+0.763 r0=1.0000 entcoef=1.00e-02 lr=5.4e-04 seed=9
iter= 146 step= 470400 ep_ret=-52.684 opt_ret=-52.684 step_rew=-0.5268 opt_step=-0.5268 gap0=52.684 dret=+23.646 eval_ret=n/a pursuer_target_distance=4.266 capture=0.000 score=0.000 pol=-0.0008 val=0.1079 ent=1.3186 tot=+0.0400 agnorm=0.058 cgnorm=0.182 kl=0.0011 clipf=0.006 ev=+0.320 r0=1.0000 entcoef=1.00e-02 lr=5.4e-04 seed=9
iter= 147 step= 473600 ep_ret=-40.056 opt_ret=-40.056 step_rew=-0.4006 opt_step=-0.4006 gap0=40.056 dret=+36.274 eval_ret=n/a pursuer_target_distance=3.548 capture=0.004 score=0.001 pol=-0.0013 val=0.2264 ent=1.3047 tot=+0.0988 agnorm=0.051 cgnorm=0.193 kl=0.0021 clipf=0.013 ev=+0.333 r0=1.0000 entcoef=1.00e-02 lr=5.4e-04 seed=9
iter= 148 step= 476800 ep_ret=-33.634 opt_ret=-33.634 step_rew=-0.3363 opt_step=-0.3363 gap0=33.634 dret=+42.696 eval_ret=n/a pursuer_target_distance=3.448 capture=0.011 score=0.003 pol=-0.0014 val=0.6145 ent=1.3024 tot=+0.2928 agnorm=0.079 cgnorm=0.262 kl=0.0033 clipf=0.034 ev=+0.200 r0=1.0000 entcoef=1.00e-02 lr=5.4e-04 seed=9
iter= 149 step= 480000 ep_ret=-54.710 opt_ret=-54.710 step_rew=-0.5471 opt_step=-0.5471 gap0=54.710 dret=+21.620 eval_ret=n/a pursuer_target_distance=3.979 capture=0.000 score=0.000 pol=-0.0014 val=0.1973 ent=1.2943 tot=+0.0844 agnorm=0.086 cgnorm=0.211 kl=0.0020 clipf=0.019 ev=+0.302 r0=1.0000 entcoef=1.00e-02 lr=5.4e-04 seed=9
iter= 150 step= 483200 ep_ret=-40.954 opt_ret=-40.954 step_rew=-0.4095 opt_step=-0.4095 gap0=40.954 dret=+35.376 eval_ret=n/a pursuer_target_distance=3.809 capture=0.003 score=0.001 pol=-0.0011 val=0.1676 ent=1.2972 tot=+0.0697 agnorm=0.066 cgnorm=0.189 kl=0.0018 clipf=0.016 ev=+0.292 r0=1.0000 entcoef=1.00e-02 lr=5.3e-04 seed=9
iter= 151 step= 486400 ep_ret=-52.582 opt_ret=-52.582 step_rew=-0.5258 opt_step=-0.5258 gap0=52.582 dret=+23.749 eval_ret=n/a pursuer_target_distance=4.025 capture=0.000 score=0.000 pol=-0.0007 val=0.1924 ent=1.3150 tot=+0.0823 agnorm=0.074 cgnorm=0.238 kl=0.0020 clipf=0.016 ev=+0.433 r0=1.0000 entcoef=1.00e-02 lr=5.3e-04 seed=9
iter= 152 step= 489600 ep_ret=-33.499 opt_ret=-33.499 step_rew=-0.3350 opt_step=-0.3350 gap0=33.499 dret=+42.832 eval_ret=n/a pursuer_target_distance=3.417 capture=0.012 score=0.003 pol=-0.0012 val=0.5958 ent=1.2765 tot=+0.2840 agnorm=0.060 cgnorm=0.242 kl=0.0020 clipf=0.014 ev=+0.184 r0=1.0000 entcoef=1.00e-02 lr=5.3e-04 seed=9
iter= 153 step= 492800 ep_ret=-42.566 opt_ret=-42.566 step_rew=-0.4257 opt_step=-0.4257 gap0=42.566 dret=+33.764 eval_ret=n/a pursuer_target_distance=3.270 capture=0.000 score=0.000 pol=-0.0012 val=0.0864 ent=1.3024 tot=+0.0290 agnorm=0.082 cgnorm=0.167 kl=0.0019 clipf=0.012 ev=+0.663 r0=1.0000 entcoef=1.00e-02 lr=5.3e-04 seed=9
iter= 154 step= 496000 ep_ret=-33.190 opt_ret=-33.190 step_rew=-0.3319 opt_step=-0.3319 gap0=33.190 dret=+43.140 eval_ret=n/a pursuer_target_distance=3.116 capture=0.007 score=0.002 pol=-0.0011 val=0.4317 ent=1.2373 tot=+0.2024 agnorm=0.071 cgnorm=0.209 kl=0.0030 clipf=0.034 ev=+0.298 r0=1.0000 entcoef=1.00e-02 lr=5.3e-04 seed=9
iter= 155 step= 499200 ep_ret=-45.890 opt_ret=-45.890 step_rew=-0.4589 opt_step=-0.4589 gap0=45.890 dret=+30.441 eval_ret=n/a pursuer_target_distance=3.874 capture=0.000 score=0.000 pol=-0.0010 val=0.1369 ent=1.2677 tot=+0.0548 agnorm=0.092 cgnorm=0.208 kl=0.0020 clipf=0.016 ev=+0.386 r0=1.0000 entcoef=1.00e-02 lr=5.3e-04 seed=9
iter= 156 step= 502400 ep_ret=-31.127 opt_ret=-31.127 step_rew=-0.3113 opt_step=-0.3113 gap0=31.127 dret=+45.204 eval_ret=n/a pursuer_target_distance=3.013 capture=0.004 score=0.001 pol=-0.0022 val=0.2112 ent=1.2517 tot=+0.0909 agnorm=0.124 cgnorm=0.189 kl=0.0037 clipf=0.043 ev=+0.317 r0=1.0000 entcoef=1.00e-02 lr=5.3e-04 seed=9
iter= 157 step= 505600 ep_ret=-29.857 opt_ret=-29.857 step_rew=-0.2986 opt_step=-0.2986 gap0=29.857 dret=+46.473 eval_ret=n/a pursuer_target_distance=3.828 capture=0.015 score=0.003 pol=-0.0016 val=0.7467 ent=1.2594 tot=+0.3592 agnorm=0.090 cgnorm=0.281 kl=0.0033 clipf=0.035 ev=+0.233 r0=1.0000 entcoef=1.00e-02 lr=5.3e-04 seed=9
iter= 158 step= 508800 ep_ret=-31.594 opt_ret=-31.594 step_rew=-0.3159 opt_step=-0.3159 gap0=31.594 dret=+44.737 eval_ret=n/a pursuer_target_distance=3.082 capture=0.006 score=0.002 pol=-0.0006 val=0.3675 ent=1.2610 tot=+0.1705 agnorm=0.044 cgnorm=0.216 kl=0.0013 clipf=0.006 ev=+0.348 r0=1.0000 entcoef=1.00e-02 lr=5.3e-04 seed=9
iter= 159 step= 512000 ep_ret=-28.744 opt_ret=-28.744 step_rew=-0.2874 opt_step=-0.2874 gap0=28.744 dret=+47.586 eval_ret=n/a pursuer_target_distance=2.333 capture=0.002 score=0.000 pol=-0.0013 val=0.0816 ent=1.2497 tot=+0.0270 agnorm=0.093 cgnorm=0.184 kl=0.0023 clipf=0.021 ev=+0.636 r0=1.0000 entcoef=1.00e-02 lr=5.2e-04 seed=9
iter= 160 step= 515200 ep_ret=-25.621 opt_ret=-25.621 step_rew=-0.2562 opt_step=-0.2562 gap0=25.621 dret=+50.709 eval_ret=+10.239 pursuer_target_distance=3.103 capture=0.012 score=0.003 pol=-0.0016 val=0.5458 ent=1.2709 tot=+0.2586 agnorm=0.118 cgnorm=0.263 kl=0.0038 clipf=0.048 ev=+0.177 r0=1.0000 entcoef=1.00e-02 lr=5.2e-04 seed=9
iter= 161 step= 518400 ep_ret=-46.870 opt_ret=-46.870 step_rew=-0.4687 opt_step=-0.4687 gap0=46.870 dret=+29.460 eval_ret=n/a pursuer_target_distance=4.600 capture=0.004 score=0.001 pol=-0.0007 val=0.2963 ent=1.2160 tot=+0.1354 agnorm=0.094 cgnorm=0.285 kl=0.0019 clipf=0.019 ev=+0.425 r0=1.0000 entcoef=1.00e-02 lr=5.2e-04 seed=9
iter= 162 step= 521600 ep_ret=-42.151 opt_ret=-42.151 step_rew=-0.4215 opt_step=-0.4215 gap0=42.151 dret=+34.179 eval_ret=n/a pursuer_target_distance=3.111 capture=0.000 score=0.000 pol=-0.0010 val=0.0934 ent=1.2481 tot=+0.0333 agnorm=0.083 cgnorm=0.217 kl=0.0018 clipf=0.009 ev=+0.594 r0=1.0000 entcoef=1.00e-02 lr=5.2e-04 seed=9
iter= 163 step= 524800 ep_ret=-38.034 opt_ret=-38.034 step_rew=-0.3803 opt_step=-0.3803 gap0=38.034 dret=+38.297 eval_ret=n/a pursuer_target_distance=2.954 capture=0.000 score=0.000 pol=-0.0009 val=0.0652 ent=1.2382 tot=+0.0193 agnorm=0.062 cgnorm=0.170 kl=0.0016 clipf=0.009 ev=+0.693 r0=1.0000 entcoef=1.00e-02 lr=5.2e-04 seed=9
iter= 164 step= 528000 ep_ret=-17.481 opt_ret=-17.481 step_rew=-0.1748 opt_step=-0.1748 gap0=17.481 dret=+58.849 eval_ret=n/a pursuer_target_distance=3.522 capture=0.026 score=0.006 pol=-0.0015 val=1.7487 ent=1.2456 tot=+0.8604 agnorm=0.111 cgnorm=0.422 kl=0.0028 clipf=0.038 ev=+0.110 r0=1.0000 entcoef=1.00e-02 lr=5.2e-04 seed=9
iter= 165 step= 531200 ep_ret=-13.700 opt_ret=-13.700 step_rew=-0.1370 opt_step=-0.1370 gap0=13.700 dret=+62.630 eval_ret=n/a pursuer_target_distance=2.643 capture=0.018 score=0.005 pol=-0.0009 val=0.9966 ent=1.2775 tot=+0.4847 agnorm=0.074 cgnorm=0.347 kl=0.0028 clipf=0.041 ev=+0.184 r0=1.0000 entcoef=1.00e-02 lr=5.2e-04 seed=9
iter= 166 step= 534400 ep_ret=-45.731 opt_ret=-45.731 step_rew=-0.4573 opt_step=-0.4573 gap0=45.731 dret=+30.599 eval_ret=n/a pursuer_target_distance=3.739 capture=0.000 score=0.000 pol=-0.0014 val=0.0918 ent=1.2679 tot=+0.0319 agnorm=0.103 cgnorm=0.184 kl=0.0024 clipf=0.027 ev=+0.744 r0=1.0000 entcoef=1.00e-02 lr=5.2e-04 seed=9
iter= 167 step= 537600 ep_ret=-40.729 opt_ret=-40.729 step_rew=-0.4073 opt_step=-0.4073 gap0=40.729 dret=+35.601 eval_ret=n/a pursuer_target_distance=3.549 capture=0.002 score=0.000 pol=-0.0006 val=0.0874 ent=1.2854 tot=+0.0302 agnorm=0.054 cgnorm=0.177 kl=0.0018 clipf=0.009 ev=+0.738 r0=1.0000 entcoef=1.00e-02 lr=5.2e-04 seed=9
iter= 168 step= 540800 ep_ret=-41.890 opt_ret=-41.890 step_rew=-0.4189 opt_step=-0.4189 gap0=41.890 dret=+34.441 eval_ret=n/a pursuer_target_distance=3.874 capture=0.000 score=0.000 pol=-0.0016 val=0.0680 ent=1.3037 tot=+0.0193 agnorm=0.086 cgnorm=0.199 kl=0.0028 clipf=0.024 ev=+0.819 r0=1.0000 entcoef=1.00e-02 lr=5.1e-04 seed=9
iter= 169 step= 544000 ep_ret=-41.061 opt_ret=-41.061 step_rew=-0.4106 opt_step=-0.4106 gap0=41.061 dret=+35.269 eval_ret=n/a pursuer_target_distance=3.399 capture=0.006 score=0.001 pol=-0.0015 val=0.3078 ent=1.2932 tot=+0.1395 agnorm=0.072 cgnorm=0.290 kl=0.0039 clipf=0.045 ev=+0.450 r0=1.0000 entcoef=1.00e-02 lr=5.1e-04 seed=9
iter= 170 step= 547200 ep_ret=-35.777 opt_ret=-35.777 step_rew=-0.3578 opt_step=-0.3578 gap0=35.777 dret=+40.553 eval_ret=n/a pursuer_target_distance=4.224 capture=0.015 score=0.003 pol=-0.0015 val=0.5843 ent=1.2741 tot=+0.2780 agnorm=0.091 cgnorm=0.410 kl=0.0023 clipf=0.026 ev=+0.216 r0=1.0000 entcoef=1.00e-02 lr=5.1e-04 seed=9
iter= 171 step= 550400 ep_ret=-42.536 opt_ret=-42.536 step_rew=-0.4254 opt_step=-0.4254 gap0=42.536 dret=+33.794 eval_ret=n/a pursuer_target_distance=3.032 capture=0.000 score=0.000 pol=-0.0008 val=0.0774 ent=1.3185 tot=+0.0248 agnorm=0.079 cgnorm=0.222 kl=0.0026 clipf=0.024 ev=+0.766 r0=1.0000 entcoef=1.00e-02 lr=5.1e-04 seed=9
iter= 172 step= 553600 ep_ret=-50.451 opt_ret=-50.451 step_rew=-0.5045 opt_step=-0.5045 gap0=50.451 dret=+25.879 eval_ret=n/a pursuer_target_distance=4.072 capture=0.000 score=0.000 pol=-0.0010 val=0.0714 ent=1.3142 tot=+0.0215 agnorm=0.074 cgnorm=0.251 kl=0.0018 clipf=0.013 ev=+0.796 r0=1.0000 entcoef=1.00e-02 lr=5.1e-04 seed=9
iter= 173 step= 556800 ep_ret=-28.470 opt_ret=-28.470 step_rew=-0.2847 opt_step=-0.2847 gap0=28.470 dret=+47.860 eval_ret=n/a pursuer_target_distance=3.210 capture=0.010 score=0.002 pol=-0.0009 val=0.3897 ent=1.3219 tot=+0.1807 agnorm=0.067 cgnorm=0.351 kl=0.0019 clipf=0.018 ev=+0.230 r0=1.0000 entcoef=1.00e-02 lr=5.1e-04 seed=9
iter= 174 step= 560000 ep_ret=-45.303 opt_ret=-45.303 step_rew=-0.4530 opt_step=-0.4530 gap0=45.303 dret=+31.027 eval_ret=n/a pursuer_target_distance=3.886 capture=0.001 score=0.000 pol=-0.0009 val=0.0929 ent=1.3192 tot=+0.0324 agnorm=0.071 cgnorm=0.233 kl=0.0018 clipf=0.016 ev=+0.678 r0=1.0000 entcoef=1.00e-02 lr=5.1e-04 seed=9
iter= 175 step= 563200 ep_ret=-31.778 opt_ret=-31.778 step_rew=-0.3178 opt_step=-0.3178 gap0=31.778 dret=+44.552 eval_ret=n/a pursuer_target_distance=2.755 capture=0.000 score=0.000 pol=-0.0005 val=0.0398 ent=1.3283 tot=+0.0061 agnorm=0.044 cgnorm=0.210 kl=0.0012 clipf=0.007 ev=+0.836 r0=1.0000 entcoef=1.00e-02 lr=5.1e-04 seed=9
iter= 176 step= 566400 ep_ret=-14.772 opt_ret=-14.772 step_rew=-0.1477 opt_step=-0.1477 gap0=14.772 dret=+61.559 eval_ret=n/a pursuer_target_distance=2.256 capture=0.010 score=0.003 pol=-0.0014 val=0.2606 ent=1.3265 tot=+0.1157 agnorm=0.072 cgnorm=0.259 kl=0.0016 clipf=0.013 ev=+0.333 r0=1.0000 entcoef=1.00e-02 lr=5.1e-04 seed=9
iter= 177 step= 569600 ep_ret=-44.122 opt_ret=-44.122 step_rew=-0.4412 opt_step=-0.4412 gap0=44.122 dret=+32.209 eval_ret=n/a pursuer_target_distance=3.646 capture=0.000 score=0.000 pol=-0.0012 val=0.0671 ent=1.3091 tot=+0.0193 agnorm=0.090 cgnorm=0.205 kl=0.0024 clipf=0.025 ev=+0.792 r0=1.0000 entcoef=1.00e-02 lr=5.0e-04 seed=9
iter= 178 step= 572800 ep_ret=-44.960 opt_ret=-44.960 step_rew=-0.4496 opt_step=-0.4496 gap0=44.960 dret=+31.370 eval_ret=n/a pursuer_target_distance=3.730 capture=0.000 score=0.000 pol=-0.0013 val=0.0702 ent=1.2970 tot=+0.0209 agnorm=0.076 cgnorm=0.245 kl=0.0018 clipf=0.011 ev=+0.777 r0=1.0000 entcoef=1.00e-02 lr=5.0e-04 seed=9
iter= 179 step= 576000 ep_ret=-34.366 opt_ret=-34.366 step_rew=-0.3437 opt_step=-0.3437 gap0=34.366 dret=+41.965 eval_ret=n/a pursuer_target_distance=3.154 capture=0.000 score=0.000 pol=-0.0007 val=0.0390 ent=1.3125 tot=+0.0057 agnorm=0.080 cgnorm=0.177 kl=0.0021 clipf=0.019 ev=+0.864 r0=1.0000 entcoef=1.00e-02 lr=5.0e-04 seed=9
iter= 180 step= 579200 ep_ret=-40.513 opt_ret=-40.513 step_rew=-0.4051 opt_step=-0.4051 gap0=40.513 dret=+35.818 eval_ret=+10.793 pursuer_target_distance=3.331 capture=0.002 score=0.000 pol=-0.0012 val=0.0950 ent=1.2769 tot=+0.0335 agnorm=0.068 cgnorm=0.246 kl=0.0020 clipf=0.009 ev=+0.721 r0=1.0000 entcoef=1.00e-02 lr=5.0e-04 seed=9
iter= 181 step= 582400 ep_ret=-22.642 opt_ret=-22.642 step_rew=-0.2264 opt_step=-0.2264 gap0=22.642 dret=+53.688 eval_ret=n/a pursuer_target_distance=2.473 capture=0.007 score=0.002 pol=-0.0015 val=0.2607 ent=1.2808 tot=+0.1160 agnorm=0.168 cgnorm=0.327 kl=0.0027 clipf=0.031 ev=+0.481 r0=1.0000 entcoef=1.00e-02 lr=5.0e-04 seed=9
iter= 182 step= 585600 ep_ret=-50.229 opt_ret=-50.229 step_rew=-0.5023 opt_step=-0.5023 gap0=50.229 dret=+26.101 eval_ret=n/a pursuer_target_distance=3.889 capture=0.007 score=0.001 pol=-0.0010 val=0.3094 ent=1.2607 tot=+0.1411 agnorm=0.073 cgnorm=0.328 kl=0.0021 clipf=0.010 ev=+0.526 r0=1.0000 entcoef=1.00e-02 lr=5.0e-04 seed=9
iter= 183 step= 588800 ep_ret=-50.890 opt_ret=-50.890 step_rew=-0.5089 opt_step=-0.5089 gap0=50.890 dret=+25.441 eval_ret=n/a pursuer_target_distance=4.266 capture=0.000 score=0.000 pol=-0.0015 val=0.0817 ent=1.2529 tot=+0.0268 agnorm=0.091 cgnorm=0.223 kl=0.0026 clipf=0.019 ev=+0.784 r0=1.0000 entcoef=1.00e-02 lr=5.0e-04 seed=9
iter= 184 step= 592000 ep_ret=-46.331 opt_ret=-46.331 step_rew=-0.4633 opt_step=-0.4633 gap0=46.331 dret=+30.000 eval_ret=n/a pursuer_target_distance=3.995 capture=0.000 score=0.000 pol=-0.0015 val=0.0456 ent=1.2742 tot=+0.0086 agnorm=0.144 cgnorm=0.279 kl=0.0024 clipf=0.019 ev=+0.843 r0=1.0000 entcoef=1.00e-02 lr=5.0e-04 seed=9
iter= 185 step= 595200 ep_ret=-40.929 opt_ret=-40.929 step_rew=-0.4093 opt_step=-0.4093 gap0=40.929 dret=+35.402 eval_ret=n/a pursuer_target_distance=3.454 capture=0.004 score=0.001 pol=-0.0013 val=0.1356 ent=1.2495 tot=+0.0540 agnorm=0.111 cgnorm=0.237 kl=0.0036 clipf=0.023 ev=+0.678 r0=1.0000 entcoef=1.00e-02 lr=5.0e-04 seed=9
iter= 186 step= 598400 ep_ret=-39.693 opt_ret=-39.693 step_rew=-0.3969 opt_step=-0.3969 gap0=39.693 dret=+36.637 eval_ret=n/a pursuer_target_distance=3.072 capture=0.000 score=0.000 pol=-0.0009 val=0.0492 ent=1.2538 tot=+0.0111 agnorm=0.067 cgnorm=0.175 kl=0.0022 clipf=0.019 ev=+0.835 r0=1.0000 entcoef=1.00e-02 lr=4.9e-04 seed=9
iter= 187 step= 601600 ep_ret=-20.944 opt_ret=-20.944 step_rew=-0.2094 opt_step=-0.2094 gap0=20.944 dret=+55.386 eval_ret=n/a pursuer_target_distance=3.006 capture=0.014 score=0.003 pol=-0.0019 val=0.3511 ent=1.2310 tot=+0.1614 agnorm=0.128 cgnorm=0.361 kl=0.0038 clipf=0.038 ev=+0.457 r0=1.0000 entcoef=1.00e-02 lr=4.9e-04 seed=9
iter= 188 step= 604800 ep_ret=-29.719 opt_ret=-29.719 step_rew=-0.2972 opt_step=-0.2972 gap0=29.719 dret=+46.611 eval_ret=n/a pursuer_target_distance=3.108 capture=0.009 score=0.002 pol=-0.0004 val=0.3621 ent=1.2554 tot=+0.1681 agnorm=0.222 cgnorm=0.261 kl=0.0023 clipf=0.016 ev=+0.536 r0=1.0000 entcoef=1.00e-02 lr=4.9e-04 seed=9
iter= 189 step= 608000 ep_ret=-32.794 opt_ret=-32.794 step_rew=-0.3279 opt_step=-0.3279 gap0=32.794 dret=+43.537 eval_ret=n/a pursuer_target_distance=2.838 capture=0.000 score=0.000 pol=-0.0008 val=0.0506 ent=1.2818 tot=+0.0117 agnorm=0.070 cgnorm=0.234 kl=0.0026 clipf=0.020 ev=+0.831 r0=1.0000 entcoef=1.00e-02 lr=4.9e-04 seed=9
iter= 190 step= 611200 ep_ret=-44.601 opt_ret=-44.601 step_rew=-0.4460 opt_step=-0.4460 gap0=44.601 dret=+31.729 eval_ret=n/a pursuer_target_distance=3.402 capture=0.003 score=0.001 pol=-0.0020 val=0.1055 ent=1.2470 tot=+0.0383 agnorm=0.108 cgnorm=0.213 kl=0.0034 clipf=0.024 ev=+0.720 r0=1.0000 entcoef=1.00e-02 lr=4.9e-04 seed=9
iter= 191 step= 614400 ep_ret=-38.839 opt_ret=-38.839 step_rew=-0.3884 opt_step=-0.3884 gap0=38.839 dret=+37.492 eval_ret=n/a pursuer_target_distance=3.343 capture=0.000 score=0.000 pol=-0.0008 val=0.0463 ent=1.2609 tot=+0.0098 agnorm=0.069 cgnorm=0.193 kl=0.0016 clipf=0.010 ev=+0.841 r0=1.0000 entcoef=1.00e-02 lr=4.9e-04 seed=9
iter= 192 step= 617600 ep_ret=-45.004 opt_ret=-45.004 step_rew=-0.4500 opt_step=-0.4500 gap0=45.004 dret=+31.326 eval_ret=n/a pursuer_target_distance=3.822 capture=0.000 score=0.000 pol=-0.0009 val=0.0538 ent=1.2316 tot=+0.0137 agnorm=0.106 cgnorm=0.199 kl=0.0021 clipf=0.017 ev=+0.864 r0=1.0000 entcoef=1.00e-02 lr=4.9e-04 seed=9
iter= 193 step= 620800 ep_ret=-35.778 opt_ret=-35.778 step_rew=-0.3578 opt_step=-0.3578 gap0=35.778 dret=+40.553 eval_ret=n/a pursuer_target_distance=3.904 capture=0.013 score=0.003 pol=-0.0019 val=0.4498 ent=1.2242 tot=+0.2108 agnorm=0.130 cgnorm=0.424 kl=0.0027 clipf=0.019 ev=+0.451 r0=1.0000 entcoef=1.00e-02 lr=4.9e-04 seed=9
iter= 194 step= 624000 ep_ret=-36.197 opt_ret=-36.197 step_rew=-0.3620 opt_step=-0.3620 gap0=36.197 dret=+40.133 eval_ret=n/a pursuer_target_distance=3.132 capture=0.000 score=0.000 pol=-0.0009 val=0.0459 ent=1.2434 tot=+0.0097 agnorm=0.073 cgnorm=0.225 kl=0.0023 clipf=0.011 ev=+0.861 r0=1.0000 entcoef=1.00e-02 lr=4.9e-04 seed=9
iter= 195 step= 627200 ep_ret=-35.381 opt_ret=-35.381 step_rew=-0.3538 opt_step=-0.3538 gap0=35.381 dret=+40.949 eval_ret=n/a pursuer_target_distance=3.372 capture=0.000 score=0.000 pol=-0.0014 val=0.0412 ent=1.2327 tot=+0.0069 agnorm=0.085 cgnorm=0.125 kl=0.0029 clipf=0.028 ev=+0.863 r0=1.0000 entcoef=1.00e-02 lr=4.8e-04 seed=9
iter= 196 step= 630400 ep_ret=-39.531 opt_ret=-39.531 step_rew=-0.3953 opt_step=-0.3953 gap0=39.531 dret=+36.799 eval_ret=n/a pursuer_target_distance=3.862 capture=0.005 score=0.001 pol=-0.0015 val=0.1787 ent=1.2450 tot=+0.0754 agnorm=0.081 cgnorm=0.263 kl=0.0024 clipf=0.027 ev=+0.638 r0=1.0000 entcoef=1.00e-02 lr=4.8e-04 seed=9
iter= 197 step= 633600 ep_ret=-40.444 opt_ret=-40.444 step_rew=-0.4044 opt_step=-0.4044 gap0=40.444 dret=+35.887 eval_ret=n/a pursuer_target_distance=3.551 capture=0.002 score=0.000 pol=-0.0014 val=0.0537 ent=1.2133 tot=+0.0133 agnorm=0.081 cgnorm=0.225 kl=0.0025 clipf=0.017 ev=+0.860 r0=1.0000 entcoef=1.00e-02 lr=4.8e-04 seed=9
iter= 198 step= 636800 ep_ret=-41.730 opt_ret=-41.730 step_rew=-0.4173 opt_step=-0.4173 gap0=41.730 dret=+34.600 eval_ret=n/a pursuer_target_distance=3.590 capture=0.005 score=0.001 pol=-0.0014 val=0.1526 ent=1.1991 tot=+0.0629 agnorm=0.091 cgnorm=0.234 kl=0.0026 clipf=0.034 ev=+0.721 r0=1.0000 entcoef=1.00e-02 lr=4.8e-04 seed=9
iter= 199 step= 640000 ep_ret=-40.209 opt_ret=-40.209 step_rew=-0.4021 opt_step=-0.4021 gap0=40.209 dret=+36.121 eval_ret=n/a pursuer_target_distance=3.449 capture=0.000 score=0.000 pol=-0.0013 val=0.0296 ent=1.1855 tot=+0.0016 agnorm=0.140 cgnorm=0.136 kl=0.0030 clipf=0.031 ev=+0.886 r0=1.0000 entcoef=1.00e-02 lr=4.8e-04 seed=9
iter= 200 step= 643200 ep_ret=-26.517 opt_ret=-26.517 step_rew=-0.2652 opt_step=-0.2652 gap0=26.517 dret=+49.814 eval_ret=-11.531 pursuer_target_distance=2.485 capture=0.000 score=0.000 pol=-0.0008 val=0.0258 ent=1.2063 tot=+0.0000 agnorm=0.077 cgnorm=0.150 kl=0.0017 clipf=0.007 ev=+0.881 r0=1.0000 entcoef=1.00e-02 lr=4.8e-04 seed=9
iter= 201 step= 646400 ep_ret=-34.928 opt_ret=-34.928 step_rew=-0.3493 opt_step=-0.3493 gap0=34.928 dret=+41.402 eval_ret=n/a pursuer_target_distance=2.906 capture=0.003 score=0.001 pol=-0.0008 val=0.0975 ent=1.1819 tot=+0.0362 agnorm=0.079 cgnorm=0.212 kl=0.0024 clipf=0.017 ev=+0.725 r0=1.0000 entcoef=1.00e-02 lr=4.8e-04 seed=9
iter= 202 step= 649600 ep_ret=-35.204 opt_ret=-35.204 step_rew=-0.3520 opt_step=-0.3520 gap0=35.204 dret=+41.127 eval_ret=n/a pursuer_target_distance=2.865 capture=0.002 score=0.000 pol=-0.0011 val=0.0465 ent=1.1738 tot=+0.0104 agnorm=0.077 cgnorm=0.180 kl=0.0022 clipf=0.017 ev=+0.869 r0=1.0000 entcoef=1.00e-02 lr=4.8e-04 seed=9
iter= 203 step= 652800 ep_ret=-29.676 opt_ret=-29.676 step_rew=-0.2968 opt_step=-0.2968 gap0=29.676 dret=+46.654 eval_ret=n/a pursuer_target_distance=2.461 capture=0.000 score=0.000 pol=-0.0015 val=0.0344 ent=1.2070 tot=+0.0036 agnorm=0.127 cgnorm=0.228 kl=0.0033 clipf=0.034 ev=+0.879 r0=1.0000 entcoef=1.00e-02 lr=4.8e-04 seed=9
iter= 204 step= 656000 ep_ret=-44.722 opt_ret=-44.722 step_rew=-0.4472 opt_step=-0.4472 gap0=44.722 dret=+31.609 eval_ret=n/a pursuer_target_distance=3.408 capture=0.000 score=0.000 pol=-0.0013 val=0.0428 ent=1.1998 tot=+0.0081 agnorm=0.082 cgnorm=0.145 kl=0.0028 clipf=0.021 ev=+0.919 r0=1.0000 entcoef=1.00e-02 lr=4.7e-04 seed=9
iter= 205 step= 659200 ep_ret=-28.563 opt_ret=-28.563 step_rew=-0.2856 opt_step=-0.2856 gap0=28.563 dret=+47.767 eval_ret=n/a pursuer_target_distance=2.415 capture=0.009 score=0.003 pol=-0.0011 val=0.1490 ent=1.1926 tot=+0.0615 agnorm=0.071 cgnorm=0.249 kl=0.0033 clipf=0.033 ev=+0.637 r0=1.0000 entcoef=1.00e-02 lr=4.7e-04 seed=9
iter= 206 step= 662400 ep_ret=-31.735 opt_ret=-31.735 step_rew=-0.3173 opt_step=-0.3173 gap0=31.735 dret=+44.595 eval_ret=n/a pursuer_target_distance=3.171 capture=0.004 score=0.001 pol=-0.0009 val=0.1015 ent=1.1943 tot=+0.0379 agnorm=0.078 cgnorm=0.252 kl=0.0021 clipf=0.016 ev=+0.692 r0=1.0000 entcoef=1.00e-02 lr=4.7e-04 seed=9
iter= 207 step= 665600 ep_ret=-12.059 opt_ret=-12.059 step_rew=-0.1206 opt_step=-0.1206 gap0=12.059 dret=+64.271 eval_ret=n/a pursuer_target_distance=2.562 capture=0.016 score=0.004 pol=-0.0008 val=0.5224 ent=1.1740 tot=+0.2486 agnorm=0.093 cgnorm=0.487 kl=0.0018 clipf=0.016 ev=+0.262 r0=1.0000 entcoef=1.00e-02 lr=4.7e-04 seed=9
iter= 208 step= 668800 ep_ret=-30.050 opt_ret=-30.050 step_rew=-0.3005 opt_step=-0.3005 gap0=30.050 dret=+46.280 eval_ret=n/a pursuer_target_distance=3.602 capture=0.013 score=0.003 pol=-0.0013 val=0.2631 ent=1.1381 tot=+0.1189 agnorm=0.082 cgnorm=0.237 kl=0.0021 clipf=0.023 ev=+0.465 r0=1.0000 entcoef=1.00e-02 lr=4.7e-04 seed=9
iter= 209 step= 672000 ep_ret=-27.723 opt_ret=-27.723 step_rew=-0.2772 opt_step=-0.2772 gap0=27.723 dret=+48.607 eval_ret=n/a pursuer_target_distance=2.724 capture=0.004 score=0.001 pol=-0.0009 val=0.0787 ent=1.1898 tot=+0.0265 agnorm=0.104 cgnorm=0.186 kl=0.0020 clipf=0.021 ev=+0.753 r0=1.0000 entcoef=1.00e-02 lr=4.7e-04 seed=9
iter= 210 step= 675200 ep_ret=-30.149 opt_ret=-30.149 step_rew=-0.3015 opt_step=-0.3015 gap0=30.149 dret=+46.181 eval_ret=n/a pursuer_target_distance=3.009 capture=0.003 score=0.001 pol=-0.0012 val=0.0717 ent=1.1834 tot=+0.0229 agnorm=0.081 cgnorm=0.212 kl=0.0026 clipf=0.024 ev=+0.756 r0=1.0000 entcoef=1.00e-02 lr=4.7e-04 seed=9
iter= 211 step= 678400 ep_ret=-35.389 opt_ret=-35.389 step_rew=-0.3539 opt_step=-0.3539 gap0=35.389 dret=+40.941 eval_ret=n/a pursuer_target_distance=3.002 capture=0.002 score=0.000 pol=-0.0014 val=0.0400 ent=1.1919 tot=+0.0067 agnorm=0.129 cgnorm=0.162 kl=0.0030 clipf=0.027 ev=+0.848 r0=1.0000 entcoef=1.00e-02 lr=4.7e-04 seed=9
iter= 212 step= 681600 ep_ret=-32.252 opt_ret=-32.252 step_rew=-0.3225 opt_step=-0.3225 gap0=32.252 dret=+44.078 eval_ret=n/a pursuer_target_distance=3.608 capture=0.008 score=0.002 pol=-0.0011 val=0.1148 ent=1.1918 tot=+0.0444 agnorm=0.096 cgnorm=0.231 kl=0.0028 clipf=0.023 ev=+0.721 r0=1.0000 entcoef=1.00e-02 lr=4.7e-04 seed=9
iter= 213 step= 684800 ep_ret=-21.757 opt_ret=-21.757 step_rew=-0.2176 opt_step=-0.2176 gap0=21.757 dret=+54.574 eval_ret=n/a pursuer_target_distance=3.059 capture=0.017 score=0.004 pol=-0.0014 val=0.3414 ent=1.1624 tot=+0.1577 agnorm=0.108 cgnorm=0.462 kl=0.0025 clipf=0.024 ev=+0.450 r0=1.0000 entcoef=1.00e-02 lr=4.6e-04 seed=9
iter= 214 step= 688000 ep_ret=-27.566 opt_ret=-27.566 step_rew=-0.2757 opt_step=-0.2757 gap0=27.566 dret=+48.765 eval_ret=n/a pursuer_target_distance=2.634 capture=0.002 score=0.001 pol=-0.0013 val=0.0359 ent=1.1515 tot=+0.0051 agnorm=0.079 cgnorm=0.144 kl=0.0028 clipf=0.023 ev=+0.860 r0=1.0000 entcoef=1.00e-02 lr=4.6e-04 seed=9
iter= 215 step= 691200 ep_ret=-19.498 opt_ret=-19.498 step_rew=-0.1950 opt_step=-0.1950 gap0=19.498 dret=+56.833 eval_ret=n/a pursuer_target_distance=2.434 capture=0.007 score=0.002 pol=-0.0009 val=0.1146 ent=1.1832 tot=+0.0445 agnorm=0.126 cgnorm=0.183 kl=0.0023 clipf=0.022 ev=+0.704 r0=1.0000 entcoef=1.00e-02 lr=4.6e-04 seed=9
iter= 216 step= 694400 ep_ret=-25.910 opt_ret=-25.910 step_rew=-0.2591 opt_step=-0.2591 gap0=25.910 dret=+50.420 eval_ret=n/a pursuer_target_distance=2.343 capture=0.004 score=0.001 pol=-0.0010 val=0.0576 ent=1.1842 tot=+0.0159 agnorm=0.078 cgnorm=0.168 kl=0.0022 clipf=0.017 ev=+0.757 r0=1.0000 entcoef=1.00e-02 lr=4.6e-04 seed=9
iter= 217 step= 697600 ep_ret=-28.843 opt_ret=-28.843 step_rew=-0.2884 opt_step=-0.2884 gap0=28.843 dret=+47.488 eval_ret=n/a pursuer_target_distance=2.915 capture=0.003 score=0.001 pol=-0.0013 val=0.0613 ent=1.1437 tot=+0.0179 agnorm=0.095 cgnorm=0.156 kl=0.0014 clipf=0.006 ev=+0.749 r0=1.0000 entcoef=1.00e-02 lr=4.6e-04 seed=9
iter= 218 step= 700800 ep_ret=+1.315 opt_ret=+1.315 step_rew=0.0132 opt_step=0.0132 gap0=0.000 dret=+77.646 eval_ret=n/a pursuer_target_distance=1.886 capture=0.022 score=0.008 pol=-0.0019 val=0.3551 ent=1.1759 tot=+0.1638 agnorm=0.162 cgnorm=0.301 kl=0.0028 clipf=0.027 ev=+0.261 r0=1.0000 entcoef=1.00e-02 lr=4.6e-04 seed=9
iter= 219 step= 704000 ep_ret=-27.651 opt_ret=-27.651 step_rew=-0.2765 opt_step=-0.2765 gap0=27.651 dret=+48.679 eval_ret=n/a pursuer_target_distance=3.024 capture=0.009 score=0.002 pol=-0.0008 val=0.1520 ent=1.1351 tot=+0.0639 agnorm=0.085 cgnorm=0.222 kl=0.0023 clipf=0.017 ev=+0.605 r0=1.0000 entcoef=1.00e-02 lr=4.6e-04 seed=9
iter= 220 step= 707200 ep_ret=-24.899 opt_ret=-24.899 step_rew=-0.2490 opt_step=-0.2490 gap0=24.899 dret=+51.431 eval_ret=+12.399 pursuer_target_distance=2.698 capture=0.010 score=0.003 pol=-0.0010 val=0.2262 ent=1.1390 tot=+0.1007 agnorm=0.130 cgnorm=0.244 kl=0.0026 clipf=0.024 ev=+0.510 r0=1.0000 entcoef=1.00e-02 lr=4.6e-04 seed=9
iter= 221 step= 710400 ep_ret=-37.831 opt_ret=-37.831 step_rew=-0.3783 opt_step=-0.3783 gap0=37.831 dret=+38.499 eval_ret=n/a pursuer_target_distance=3.293 capture=0.000 score=0.000 pol=-0.0007 val=0.0396 ent=1.1450 tot=+0.0077 agnorm=0.110 cgnorm=0.151 kl=0.0024 clipf=0.021 ev=+0.854 r0=1.0000 entcoef=1.00e-02 lr=4.6e-04 seed=9
iter= 222 step= 713600 ep_ret=-21.829 opt_ret=-21.829 step_rew=-0.2183 opt_step=-0.2183 gap0=21.829 dret=+54.501 eval_ret=n/a pursuer_target_distance=2.353 capture=0.005 score=0.001 pol=-0.0010 val=0.0794 ent=1.1840 tot=+0.0269 agnorm=0.155 cgnorm=0.128 kl=0.0024 clipf=0.021 ev=+0.716 r0=1.0000 entcoef=1.00e-02 lr=4.5e-04 seed=9
iter= 223 step= 716800 ep_ret=-9.432 opt_ret=-9.432 step_rew=-0.0943 opt_step=-0.0943 gap0=9.432 dret=+66.898 eval_ret=n/a pursuer_target_distance=2.235 capture=0.020 score=0.006 pol=-0.0012 val=0.4638 ent=1.1721 tot=+0.2190 agnorm=0.156 cgnorm=0.293 kl=0.0026 clipf=0.027 ev=+0.279 r0=1.0000 entcoef=1.00e-02 lr=4.5e-04 seed=9
iter= 224 step= 720000 ep_ret=-49.325 opt_ret=-49.325 step_rew=-0.4933 opt_step=-0.4933 gap0=49.325 dret=+27.005 eval_ret=n/a pursuer_target_distance=3.960 capture=0.000 score=0.000 pol=-0.0007 val=0.0478 ent=1.1491 tot=+0.0117 agnorm=0.079 cgnorm=0.189 kl=0.0015 clipf=0.013 ev=+0.849 r0=1.0000 entcoef=1.00e-02 lr=4.5e-04 seed=9
iter= 225 step= 723200 ep_ret=-22.828 opt_ret=-22.828 step_rew=-0.2283 opt_step=-0.2283 gap0=22.828 dret=+53.502 eval_ret=n/a pursuer_target_distance=2.367 capture=0.004 score=0.001 pol=-0.0015 val=0.0593 ent=1.1731 tot=+0.0165 agnorm=0.132 cgnorm=0.198 kl=0.0027 clipf=0.028 ev=+0.665 r0=1.0000 entcoef=1.00e-02 lr=4.5e-04 seed=9
iter= 226 step= 726400 ep_ret=-43.182 opt_ret=-43.182 step_rew=-0.4318 opt_step=-0.4318 gap0=43.182 dret=+33.148 eval_ret=n/a pursuer_target_distance=3.644 capture=0.000 score=0.000 pol=-0.0011 val=0.0389 ent=1.1571 tot=+0.0068 agnorm=0.069 cgnorm=0.131 kl=0.0017 clipf=0.009 ev=+0.855 r0=1.0000 entcoef=1.00e-02 lr=4.5e-04 seed=9
iter= 227 step= 729600 ep_ret=-23.884 opt_ret=-23.884 step_rew=-0.2388 opt_step=-0.2388 gap0=23.884 dret=+52.446 eval_ret=n/a pursuer_target_distance=2.492 capture=0.009 score=0.003 pol=-0.0010 val=0.1229 ent=1.1907 tot=+0.0486 agnorm=0.099 cgnorm=0.182 kl=0.0019 clipf=0.012 ev=+0.605 r0=1.0000 entcoef=1.00e-02 lr=4.5e-04 seed=9
iter= 228 step= 732800 ep_ret=-19.846 opt_ret=-19.846 step_rew=-0.1985 opt_step=-0.1985 gap0=19.846 dret=+56.485 eval_ret=n/a pursuer_target_distance=2.503 capture=0.008 score=0.002 pol=-0.0015 val=0.1058 ent=1.1945 tot=+0.0395 agnorm=0.131 cgnorm=0.137 kl=0.0027 clipf=0.027 ev=+0.687 r0=1.0000 entcoef=1.00e-02 lr=4.5e-04 seed=9
iter= 229 step= 736000 ep_ret=-28.827 opt_ret=-28.827 step_rew=-0.2883 opt_step=-0.2883 gap0=28.827 dret=+47.504 eval_ret=n/a pursuer_target_distance=2.908 capture=0.007 score=0.002 pol=-0.0005 val=0.0845 ent=1.1780 tot=+0.0299 agnorm=0.059 cgnorm=0.122 kl=0.0019 clipf=0.013 ev=+0.737 r0=1.0000 entcoef=1.00e-02 lr=4.5e-04 seed=9
iter= 230 step= 739200 ep_ret=-11.350 opt_ret=-11.350 step_rew=-0.1135 opt_step=-0.1135 gap0=11.350 dret=+64.980 eval_ret=n/a pursuer_target_distance=2.671 capture=0.020 score=0.005 pol=-0.0011 val=0.4014 ent=1.1841 tot=+0.1878 agnorm=0.095 cgnorm=0.290 kl=0.0014 clipf=0.010 ev=+0.324 r0=1.0000 entcoef=1.00e-02 lr=4.5e-04 seed=9
iter= 231 step= 742400 ep_ret=-39.055 opt_ret=-39.055 step_rew=-0.3905 opt_step=-0.3905 gap0=39.055 dret=+37.276 eval_ret=n/a pursuer_target_distance=3.558 capture=0.000 score=0.000 pol=-0.0012 val=0.0218 ent=1.2052 tot=-0.0023 agnorm=0.092 cgnorm=0.128 kl=0.0024 clipf=0.018 ev=+0.918 r0=1.0000 entcoef=1.00e-02 lr=4.4e-04 seed=9
iter= 232 step= 745600 ep_ret=-45.407 opt_ret=-45.407 step_rew=-0.4541 opt_step=-0.4541 gap0=45.407 dret=+30.923 eval_ret=n/a pursuer_target_distance=3.426 capture=0.000 score=0.000 pol=-0.0009 val=0.0376 ent=1.2056 tot=+0.0059 agnorm=0.070 cgnorm=0.192 kl=0.0021 clipf=0.014 ev=+0.877 r0=1.0000 entcoef=1.00e-02 lr=4.4e-04 seed=9
iter= 233 step= 748800 ep_ret=-38.730 opt_ret=-38.730 step_rew=-0.3873 opt_step=-0.3873 gap0=38.730 dret=+37.600 eval_ret=n/a pursuer_target_distance=3.109 capture=0.000 score=0.000 pol=-0.0011 val=0.0221 ent=1.2150 tot=-0.0022 agnorm=0.086 cgnorm=0.144 kl=0.0021 clipf=0.017 ev=+0.895 r0=1.0000 entcoef=1.00e-02 lr=4.4e-04 seed=9
iter= 234 step= 752000 ep_ret=-27.167 opt_ret=-27.167 step_rew=-0.2717 opt_step=-0.2717 gap0=27.167 dret=+49.163 eval_ret=n/a pursuer_target_distance=2.408 capture=0.002 score=0.000 pol=-0.0009 val=0.0227 ent=1.2120 tot=-0.0017 agnorm=0.073 cgnorm=0.138 kl=0.0012 clipf=0.007 ev=+0.844 r0=1.0000 entcoef=1.00e-02 lr=4.4e-04 seed=9
iter= 235 step= 755200 ep_ret=-31.407 opt_ret=-31.407 step_rew=-0.3141 opt_step=-0.3141 gap0=31.407 dret=+44.923 eval_ret=n/a pursuer_target_distance=2.531 capture=0.002 score=0.000 pol=-0.0009 val=0.0323 ent=1.2350 tot=+0.0030 agnorm=0.101 cgnorm=0.122 kl=0.0020 clipf=0.018 ev=+0.836 r0=1.0000 entcoef=1.00e-02 lr=4.4e-04 seed=9
iter= 236 step= 758400 ep_ret=-20.630 opt_ret=-20.630 step_rew=-0.2063 opt_step=-0.2063 gap0=20.630 dret=+55.700 eval_ret=n/a pursuer_target_distance=3.267 capture=0.017 score=0.004 pol=-0.0016 val=0.2885 ent=1.2460 tot=+0.1302 agnorm=0.112 cgnorm=0.292 kl=0.0027 clipf=0.029 ev=+0.421 r0=1.0000 entcoef=1.00e-02 lr=4.4e-04 seed=9
iter= 237 step= 761600 ep_ret=-26.568 opt_ret=-26.568 step_rew=-0.2657 opt_step=-0.2657 gap0=26.568 dret=+49.762 eval_ret=n/a pursuer_target_distance=2.051 capture=0.000 score=0.000 pol=-0.0008 val=0.0161 ent=1.2633 tot=-0.0054 agnorm=0.079 cgnorm=0.097 kl=0.0018 clipf=0.009 ev=+0.871 r0=1.0000 entcoef=1.00e-02 lr=4.4e-04 seed=9
iter= 238 step= 764800 ep_ret=-20.813 opt_ret=-20.813 step_rew=-0.2081 opt_step=-0.2081 gap0=20.813 dret=+55.517 eval_ret=n/a pursuer_target_distance=3.398 capture=0.019 score=0.004 pol=-0.0015 val=0.2874 ent=1.2704 tot=+0.1295 agnorm=0.114 cgnorm=0.216 kl=0.0022 clipf=0.025 ev=+0.530 r0=1.0000 entcoef=1.00e-02 lr=4.4e-04 seed=9
iter= 239 step= 768000 ep_ret=-25.841 opt_ret=-25.841 step_rew=-0.2584 opt_step=-0.2584 gap0=25.841 dret=+50.489 eval_ret=n/a pursuer_target_distance=2.394 capture=0.003 score=0.001 pol=-0.0008 val=0.0315 ent=1.2649 tot=+0.0023 agnorm=0.067 cgnorm=0.092 kl=0.0021 clipf=0.017 ev=+0.816 r0=1.0000 entcoef=1.00e-02 lr=4.4e-04 seed=9
iter= 240 step= 771200 ep_ret=-41.816 opt_ret=-41.816 step_rew=-0.4182 opt_step=-0.4182 gap0=41.816 dret=+34.514 eval_ret=+203.230 pursuer_target_distance=3.532 capture=0.000 score=0.000 pol=-0.0011 val=0.0248 ent=1.2920 tot=-0.0016 agnorm=0.096 cgnorm=0.127 kl=0.0027 clipf=0.026 ev=+0.904 r0=1.0000 entcoef=1.00e-02 lr=4.3e-04 seed=9
iter= 241 step= 774400 ep_ret=-22.853 opt_ret=-22.853 step_rew=-0.2285 opt_step=-0.2285 gap0=22.853 dret=+53.477 eval_ret=n/a pursuer_target_distance=2.395 capture=0.009 score=0.003 pol=-0.0015 val=0.1500 ent=1.3200 tot=+0.0603 agnorm=0.122 cgnorm=0.180 kl=0.0033 clipf=0.040 ev=+0.522 r0=1.0000 entcoef=1.00e-02 lr=4.3e-04 seed=9
iter= 242 step= 777600 ep_ret=-39.785 opt_ret=-39.785 step_rew=-0.3979 opt_step=-0.3979 gap0=39.785 dret=+36.545 eval_ret=n/a pursuer_target_distance=3.536 capture=0.000 score=0.000 pol=-0.0017 val=0.0202 ent=1.2898 tot=-0.0045 agnorm=0.071 cgnorm=0.116 kl=0.0013 clipf=0.004 ev=+0.915 r0=1.0000 entcoef=1.00e-02 lr=4.3e-04 seed=9
iter= 243 step= 780800 ep_ret=-19.228 opt_ret=-19.228 step_rew=-0.1923 opt_step=-0.1923 gap0=19.228 dret=+57.102 eval_ret=n/a pursuer_target_distance=2.432 capture=0.008 score=0.002 pol=-0.0006 val=0.1356 ent=1.2882 tot=+0.0544 agnorm=0.074 cgnorm=0.229 kl=0.0016 clipf=0.011 ev=+0.460 r0=1.0000 entcoef=1.00e-02 lr=4.3e-04 seed=9
iter= 244 step= 784000 ep_ret=-20.647 opt_ret=-20.647 step_rew=-0.2065 opt_step=-0.2065 gap0=20.647 dret=+55.683 eval_ret=n/a pursuer_target_distance=2.196 capture=0.003 score=0.001 pol=-0.0010 val=0.0360 ent=1.2845 tot=+0.0042 agnorm=0.083 cgnorm=0.108 kl=0.0024 clipf=0.021 ev=+0.788 r0=1.0000 entcoef=1.00e-02 lr=4.3e-04 seed=9
iter= 245 step= 787200 ep_ret=-27.449 opt_ret=-27.449 step_rew=-0.2745 opt_step=-0.2745 gap0=27.449 dret=+48.881 eval_ret=n/a pursuer_target_distance=3.267 capture=0.010 score=0.002 pol=-0.0009 val=0.2197 ent=1.2770 tot=+0.0962 agnorm=0.049 cgnorm=0.238 kl=0.0020 clipf=0.016 ev=+0.416 r0=1.0000 entcoef=1.00e-02 lr=4.3e-04 seed=9
iter= 246 step= 790400 ep_ret=-4.171 opt_ret=-4.171 step_rew=-0.0417 opt_step=-0.0417 gap0=4.171 dret=+72.160 eval_ret=n/a pursuer_target_distance=2.221 capture=0.024 score=0.007 pol=-0.0010 val=0.2557 ent=1.2984 tot=+0.1138 agnorm=0.075 cgnorm=0.236 kl=0.0015 clipf=0.011 ev=+0.438 r0=1.0000 entcoef=1.00e-02 lr=4.3e-04 seed=9
iter= 247 step= 793600 ep_ret=-30.642 opt_ret=-30.642 step_rew=-0.3064 opt_step=-0.3064 gap0=30.642 dret=+45.688 eval_ret=n/a pursuer_target_distance=2.609 capture=0.000 score=0.000 pol=-0.0017 val=0.0142 ent=1.2893 tot=-0.0075 agnorm=0.128 cgnorm=0.121 kl=0.0035 clipf=0.043 ev=+0.916 r0=1.0000 entcoef=1.00e-02 lr=4.3e-04 seed=9
iter= 248 step= 796800 ep_ret=-31.706 opt_ret=-31.706 step_rew=-0.3171 opt_step=-0.3171 gap0=31.706 dret=+44.625 eval_ret=n/a pursuer_target_distance=2.879 capture=0.000 score=0.000 pol=-0.0004 val=0.0129 ent=1.2684 tot=-0.0067 agnorm=0.056 cgnorm=0.084 kl=0.0019 clipf=0.009 ev=+0.927 r0=1.0000 entcoef=1.00e-02 lr=4.3e-04 seed=9
iter= 249 step= 800000 ep_ret=-34.554 opt_ret=-34.554 step_rew=-0.3455 opt_step=-0.3455 gap0=34.554 dret=+41.776 eval_ret=n/a pursuer_target_distance=2.806 capture=0.000 score=0.000 pol=-0.0005 val=0.0157 ent=1.2660 tot=-0.0053 agnorm=0.053 cgnorm=0.107 kl=0.0013 clipf=0.008 ev=+0.886 r0=1.0000 entcoef=1.00e-02 lr=4.2e-04 seed=9
iter= 250 step= 803200 ep_ret=-41.053 opt_ret=-41.053 step_rew=-0.4105 opt_step=-0.4105 gap0=41.053 dret=+35.277 eval_ret=n/a pursuer_target_distance=3.492 capture=0.000 score=0.000 pol=-0.0010 val=0.0182 ent=1.2668 tot=-0.0045 agnorm=0.062 cgnorm=0.109 kl=0.0014 clipf=0.008 ev=+0.906 r0=1.0000 entcoef=1.00e-02 lr=4.2e-04 seed=9
iter= 251 step= 806400 ep_ret=-40.562 opt_ret=-40.562 step_rew=-0.4056 opt_step=-0.4056 gap0=40.562 dret=+35.768 eval_ret=n/a pursuer_target_distance=3.369 capture=0.000 score=0.000 pol=-0.0014 val=0.0230 ent=1.2838 tot=-0.0027 agnorm=0.070 cgnorm=0.120 kl=0.0018 clipf=0.011 ev=+0.865 r0=1.0000 entcoef=1.00e-02 lr=4.2e-04 seed=9
iter= 252 step= 809600 ep_ret=-18.974 opt_ret=-18.974 step_rew=-0.1897 opt_step=-0.1897 gap0=18.974 dret=+57.356 eval_ret=n/a pursuer_target_distance=2.343 capture=0.012 score=0.003 pol=-0.0012 val=0.1137 ent=1.3292 tot=+0.0424 agnorm=0.078 cgnorm=0.220 kl=0.0023 clipf=0.019 ev=+0.501 r0=1.0000 entcoef=1.00e-02 lr=4.2e-04 seed=9
iter= 253 step= 812800 ep_ret=-24.105 opt_ret=-24.105 step_rew=-0.2411 opt_step=-0.2411 gap0=24.105 dret=+52.225 eval_ret=n/a pursuer_target_distance=2.548 capture=0.006 score=0.002 pol=-0.0005 val=0.0895 ent=1.3124 tot=+0.0311 agnorm=0.048 cgnorm=0.187 kl=0.0015 clipf=0.008 ev=+0.609 r0=1.0000 entcoef=1.00e-02 lr=4.2e-04 seed=9
iter= 254 step= 816000 ep_ret=-47.409 opt_ret=-47.409 step_rew=-0.4741 opt_step=-0.4741 gap0=47.409 dret=+28.922 eval_ret=n/a pursuer_target_distance=3.935 capture=0.003 score=0.001 pol=-0.0012 val=0.0568 ent=1.3068 tot=+0.0141 agnorm=0.079 cgnorm=0.154 kl=0.0022 clipf=0.020 ev=+0.814 r0=1.0000 entcoef=1.00e-02 lr=4.2e-04 seed=9
iter= 255 step= 819200 ep_ret=-15.227 opt_ret=-15.227 step_rew=-0.1523 opt_step=-0.1523 gap0=15.227 dret=+61.103 eval_ret=n/a pursuer_target_distance=2.564 capture=0.014 score=0.004 pol=-0.0007 val=0.2227 ent=1.3340 tot=+0.0973 agnorm=0.052 cgnorm=0.212 kl=0.0009 clipf=0.002 ev=+0.457 r0=1.0000 entcoef=1.00e-02 lr=4.2e-04 seed=9
iter= 256 step= 822400 ep_ret=-22.401 opt_ret=-22.401 step_rew=-0.2240 opt_step=-0.2240 gap0=22.401 dret=+53.929 eval_ret=n/a pursuer_target_distance=2.660 capture=0.008 score=0.002 pol=-0.0009 val=0.1149 ent=1.3165 tot=+0.0433 agnorm=0.048 cgnorm=0.222 kl=0.0010 clipf=0.006 ev=+0.479 r0=1.0000 entcoef=1.00e-02 lr=4.2e-04 seed=9
iter= 257 step= 825600 ep_ret=-20.414 opt_ret=-20.414 step_rew=-0.2041 opt_step=-0.2041 gap0=20.414 dret=+55.916 eval_ret=n/a pursuer_target_distance=3.051 capture=0.018 score=0.004 pol=-0.0005 val=0.2798 ent=1.3145 tot=+0.1263 agnorm=0.052 cgnorm=0.257 kl=0.0016 clipf=0.014 ev=+0.397 r0=1.0000 entcoef=1.00e-02 lr=4.2e-04 seed=9
iter= 258 step= 828800 ep_ret=-38.518 opt_ret=-38.518 step_rew=-0.3852 opt_step=-0.3852 gap0=38.518 dret=+37.813 eval_ret=n/a pursuer_target_distance=3.183 capture=0.000 score=0.000 pol=-0.0015 val=0.0252 ent=1.3114 tot=-0.0020 agnorm=0.095 cgnorm=0.116 kl=0.0026 clipf=0.025 ev=+0.883 r0=1.0000 entcoef=1.00e-02 lr=4.1e-04 seed=9
iter= 259 step= 832000 ep_ret=-35.106 opt_ret=-35.106 step_rew=-0.3511 opt_step=-0.3511 gap0=35.106 dret=+41.224 eval_ret=n/a pursuer_target_distance=3.119 capture=0.000 score=0.000 pol=-0.0008 val=0.0137 ent=1.3378 tot=-0.0073 agnorm=0.055 cgnorm=0.082 kl=0.0021 clipf=0.014 ev=+0.920 r0=1.0000 entcoef=1.00e-02 lr=4.1e-04 seed=9
iter= 260 step= 835200 ep_ret=+15.511 opt_ret=+15.511 step_rew=0.1551 opt_step=0.1551 gap0=0.000 dret=+91.841 eval_ret=-12.880 pursuer_target_distance=2.674 capture=0.046 score=0.013 pol=-0.0015 val=0.8078 ent=1.3400 tot=+0.3890 agnorm=0.078 cgnorm=0.377 kl=0.0018 clipf=0.017 ev=+0.310 r0=1.0000 entcoef=1.00e-02 lr=4.1e-04 seed=9
iter= 261 step= 838400 ep_ret=-37.339 opt_ret=-37.339 step_rew=-0.3734 opt_step=-0.3734 gap0=37.339 dret=+38.992 eval_ret=n/a pursuer_target_distance=2.639 capture=0.000 score=0.000 pol=-0.0008 val=0.0279 ent=1.3261 tot=-0.0000 agnorm=0.056 cgnorm=0.127 kl=0.0015 clipf=0.012 ev=+0.893 r0=1.0000 entcoef=1.00e-02 lr=4.1e-04 seed=9
iter= 262 step= 841600 ep_ret=-11.968 opt_ret=-11.968 step_rew=-0.1197 opt_step=-0.1197 gap0=11.968 dret=+64.363 eval_ret=n/a pursuer_target_distance=2.465 capture=0.016 score=0.005 pol=-0.0013 val=0.1752 ent=1.2959 tot=+0.0733 agnorm=0.078 cgnorm=0.223 kl=0.0020 clipf=0.023 ev=+0.457 r0=1.0000 entcoef=1.00e-02 lr=4.1e-04 seed=9
iter= 263 step= 844800 ep_ret=-24.266 opt_ret=-24.266 step_rew=-0.2427 opt_step=-0.2427 gap0=24.266 dret=+52.064 eval_ret=n/a pursuer_target_distance=2.909 capture=0.009 score=0.002 pol=-0.0009 val=0.1377 ent=1.3074 tot=+0.0549 agnorm=0.068 cgnorm=0.234 kl=0.0022 clipf=0.026 ev=+0.580 r0=1.0000 entcoef=1.00e-02 lr=4.1e-04 seed=9
iter= 264 step= 848000 ep_ret=-33.454 opt_ret=-33.454 step_rew=-0.3345 opt_step=-0.3345 gap0=33.454 dret=+42.877 eval_ret=n/a pursuer_target_distance=2.489 capture=0.000 score=0.000 pol=-0.0013 val=0.0205 ent=1.2912 tot=-0.0039 agnorm=0.099 cgnorm=0.138 kl=0.0025 clipf=0.025 ev=+0.851 r0=1.0000 entcoef=1.00e-02 lr=4.1e-04 seed=9
iter= 265 step= 851200 ep_ret=-30.558 opt_ret=-30.558 step_rew=-0.3056 opt_step=-0.3056 gap0=30.558 dret=+45.772 eval_ret=n/a pursuer_target_distance=2.806 capture=0.002 score=0.000 pol=-0.0015 val=0.0250 ent=1.2944 tot=-0.0019 agnorm=0.102 cgnorm=0.112 kl=0.0036 clipf=0.036 ev=+0.884 r0=1.0000 entcoef=1.00e-02 lr=4.1e-04 seed=9
iter= 266 step= 854400 ep_ret=-34.701 opt_ret=-34.701 step_rew=-0.3470 opt_step=-0.3470 gap0=34.701 dret=+41.630 eval_ret=n/a pursuer_target_distance=2.718 capture=0.000 score=0.000 pol=-0.0006 val=0.0145 ent=1.2825 tot=-0.0062 agnorm=0.077 cgnorm=0.090 kl=0.0021 clipf=0.015 ev=+0.896 r0=1.0000 entcoef=1.00e-02 lr=4.1e-04 seed=9
iter= 267 step= 857600 ep_ret=-30.631 opt_ret=-30.631 step_rew=-0.3063 opt_step=-0.3063 gap0=30.631 dret=+45.699 eval_ret=n/a pursuer_target_distance=2.606 capture=0.005 score=0.001 pol=-0.0011 val=0.0712 ent=1.2931 tot=+0.0215 agnorm=0.095 cgnorm=0.122 kl=0.0029 clipf=0.034 ev=+0.715 r0=1.0000 entcoef=1.00e-02 lr=4.0e-04 seed=9
iter= 268 step= 860800 ep_ret=-40.925 opt_ret=-40.925 step_rew=-0.4093 opt_step=-0.4093 gap0=40.925 dret=+35.405 eval_ret=n/a pursuer_target_distance=3.328 capture=0.000 score=0.000 pol=-0.0006 val=0.0209 ent=1.2991 tot=-0.0032 agnorm=0.068 cgnorm=0.092 kl=0.0021 clipf=0.013 ev=+0.903 r0=1.0000 entcoef=1.00e-02 lr=4.0e-04 seed=9
iter= 269 step= 864000 ep_ret=-33.744 opt_ret=-33.744 step_rew=-0.3374 opt_step=-0.3374 gap0=33.744 dret=+42.586 eval_ret=n/a pursuer_target_distance=2.873 capture=0.000 score=0.000 pol=-0.0009 val=0.0122 ent=1.2875 tot=-0.0077 agnorm=0.066 cgnorm=0.080 kl=0.0018 clipf=0.014 ev=+0.913 r0=1.0000 entcoef=1.00e-02 lr=4.0e-04 seed=9
iter= 270 step= 867200 ep_ret=-23.431 opt_ret=-23.431 step_rew=-0.2343 opt_step=-0.2343 gap0=23.431 dret=+52.899 eval_ret=n/a pursuer_target_distance=2.294 capture=0.003 score=0.001 pol=-0.0024 val=0.0221 ent=1.2994 tot=-0.0043 agnorm=0.132 cgnorm=0.121 kl=0.0038 clipf=0.048 ev=+0.803 r0=1.0000 entcoef=1.00e-02 lr=4.0e-04 seed=9
iter= 271 step= 870400 ep_ret=-44.301 opt_ret=-44.301 step_rew=-0.4430 opt_step=-0.4430 gap0=44.301 dret=+32.029 eval_ret=n/a pursuer_target_distance=3.453 capture=0.002 score=0.000 pol=-0.0010 val=0.0402 ent=1.2633 tot=+0.0065 agnorm=0.089 cgnorm=0.094 kl=0.0029 clipf=0.025 ev=+0.832 r0=1.0000 entcoef=1.00e-02 lr=4.0e-04 seed=9
iter= 272 step= 873600 ep_ret=-15.153 opt_ret=-15.153 step_rew=-0.1515 opt_step=-0.1515 gap0=15.153 dret=+61.178 eval_ret=n/a pursuer_target_distance=2.919 capture=0.018 score=0.005 pol=-0.0006 val=0.2993 ent=1.2579 tot=+0.1365 agnorm=0.050 cgnorm=0.189 kl=0.0019 clipf=0.012 ev=+0.289 r0=1.0000 entcoef=1.00e-02 lr=4.0e-04 seed=9
iter= 273 step= 876800 ep_ret=-9.820 opt_ret=-9.820 step_rew=-0.0982 opt_step=-0.0982 gap0=9.820 dret=+66.510 eval_ret=n/a pursuer_target_distance=2.791 capture=0.026 score=0.007 pol=-0.0009 val=0.5298 ent=1.2774 tot=+0.2512 agnorm=0.056 cgnorm=0.279 kl=0.0012 clipf=0.007 ev=+0.271 r0=1.0000 entcoef=1.00e-02 lr=4.0e-04 seed=9
iter= 274 step= 880000 ep_ret=-30.792 opt_ret=-30.792 step_rew=-0.3079 opt_step=-0.3079 gap0=30.792 dret=+45.539 eval_ret=n/a pursuer_target_distance=2.770 capture=0.000 score=0.000 pol=-0.0013 val=0.0133 ent=1.2559 tot=-0.0072 agnorm=0.094 cgnorm=0.081 kl=0.0025 clipf=0.023 ev=+0.914 r0=1.0000 entcoef=1.00e-02 lr=4.0e-04 seed=9
iter= 275 step= 883200 ep_ret=-33.857 opt_ret=-33.857 step_rew=-0.3386 opt_step=-0.3386 gap0=33.857 dret=+42.473 eval_ret=n/a pursuer_target_distance=3.038 capture=0.000 score=0.000 pol=-0.0010 val=0.0206 ent=1.2655 tot=-0.0033 agnorm=0.086 cgnorm=0.110 kl=0.0019 clipf=0.015 ev=+0.862 r0=1.0000 entcoef=1.00e-02 lr=4.0e-04 seed=9
iter= 276 step= 886400 ep_ret=-32.958 opt_ret=-32.958 step_rew=-0.3296 opt_step=-0.3296 gap0=32.958 dret=+43.373 eval_ret=n/a pursuer_target_distance=2.584 capture=0.000 score=0.000 pol=-0.0011 val=0.0172 ent=1.2524 tot=-0.0050 agnorm=0.111 cgnorm=0.081 kl=0.0022 clipf=0.024 ev=+0.882 r0=1.0000 entcoef=1.00e-02 lr=3.9e-04 seed=9
iter= 277 step= 889600 ep_ret=-31.056 opt_ret=-31.056 step_rew=-0.3106 opt_step=-0.3106 gap0=31.056 dret=+45.274 eval_ret=n/a pursuer_target_distance=2.677 capture=0.000 score=0.000 pol=-0.0011 val=0.0141 ent=1.2678 tot=-0.0067 agnorm=0.087 cgnorm=0.079 kl=0.0021 clipf=0.021 ev=+0.906 r0=1.0000 entcoef=1.00e-02 lr=3.9e-04 seed=9
iter= 278 step= 892800 ep_ret=-25.910 opt_ret=-25.910 step_rew=-0.2591 opt_step=-0.2591 gap0=25.910 dret=+50.420 eval_ret=n/a pursuer_target_distance=2.528 capture=0.003 score=0.001 pol=-0.0014 val=0.0255 ent=1.2318 tot=-0.0010 agnorm=0.079 cgnorm=0.097 kl=0.0026 clipf=0.025 ev=+0.809 r0=1.0000 entcoef=1.00e-02 lr=3.9e-04 seed=9
iter= 279 step= 896000 ep_ret=-19.030 opt_ret=-19.030 step_rew=-0.1903 opt_step=-0.1903 gap0=19.030 dret=+57.300 eval_ret=n/a pursuer_target_distance=2.481 capture=0.012 score=0.003 pol=-0.0018 val=0.1289 ent=1.2712 tot=+0.0500 agnorm=0.134 cgnorm=0.158 kl=0.0048 clipf=0.059 ev=+0.430 r0=1.0000 entcoef=1.00e-02 lr=3.9e-04 seed=9
iter= 280 step= 899200 ep_ret=-36.693 opt_ret=-36.693 step_rew=-0.3669 opt_step=-0.3669 gap0=36.693 dret=+39.638 eval_ret=-11.691 pursuer_target_distance=3.951 capture=0.013 score=0.003 pol=-0.0014 val=0.1568 ent=1.2245 tot=+0.0647 agnorm=0.082 cgnorm=0.164 kl=0.0012 clipf=0.007 ev=+0.676 r0=1.0000 entcoef=1.00e-02 lr=3.9e-04 seed=9
iter= 281 step= 902400 ep_ret=-32.814 opt_ret=-32.814 step_rew=-0.3281 opt_step=-0.3281 gap0=32.814 dret=+43.517 eval_ret=n/a pursuer_target_distance=3.627 capture=0.007 score=0.002 pol=-0.0014 val=0.0905 ent=1.2333 tot=+0.0315 agnorm=0.097 cgnorm=0.130 kl=0.0028 clipf=0.032 ev=+0.599 r0=1.0000 entcoef=1.00e-02 lr=3.9e-04 seed=9
iter= 282 step= 905600 ep_ret=-39.551 opt_ret=-39.551 step_rew=-0.3955 opt_step=-0.3955 gap0=39.551 dret=+36.780 eval_ret=n/a pursuer_target_distance=3.039 capture=0.000 score=0.000 pol=-0.0012 val=0.0191 ent=1.2105 tot=-0.0038 agnorm=0.083 cgnorm=0.101 kl=0.0028 clipf=0.014 ev=+0.897 r0=1.0000 entcoef=1.00e-02 lr=3.9e-04 seed=9
iter= 283 step= 908800 ep_ret=-32.952 opt_ret=-32.952 step_rew=-0.3295 opt_step=-0.3295 gap0=32.952 dret=+43.378 eval_ret=n/a pursuer_target_distance=2.832 capture=0.002 score=0.000 pol=-0.0011 val=0.0206 ent=1.2154 tot=-0.0029 agnorm=0.082 cgnorm=0.078 kl=0.0024 clipf=0.019 ev=+0.884 r0=1.0000 entcoef=1.00e-02 lr=3.9e-04 seed=9
iter= 284 step= 912000 ep_ret=-39.653 opt_ret=-39.653 step_rew=-0.3965 opt_step=-0.3965 gap0=39.653 dret=+36.677 eval_ret=n/a pursuer_target_distance=3.304 capture=0.000 score=0.000 pol=-0.0013 val=0.0289 ent=1.2103 tot=+0.0010 agnorm=0.092 cgnorm=0.091 kl=0.0023 clipf=0.020 ev=+0.868 r0=1.0000 entcoef=1.00e-02 lr=3.9e-04 seed=9
iter= 285 step= 915200 ep_ret=-35.186 opt_ret=-35.186 step_rew=-0.3519 opt_step=-0.3519 gap0=35.186 dret=+41.145 eval_ret=n/a pursuer_target_distance=2.775 capture=0.000 score=0.000 pol=-0.0015 val=0.0172 ent=1.2113 tot=-0.0050 agnorm=0.095 cgnorm=0.078 kl=0.0023 clipf=0.024 ev=+0.899 r0=1.0000 entcoef=1.00e-02 lr=3.8e-04 seed=9
iter= 286 step= 918400 ep_ret=-20.357 opt_ret=-20.357 step_rew=-0.2036 opt_step=-0.2036 gap0=20.357 dret=+55.973 eval_ret=n/a pursuer_target_distance=2.126 capture=0.006 score=0.002 pol=-0.0015 val=0.0750 ent=1.2444 tot=+0.0236 agnorm=0.082 cgnorm=0.095 kl=0.0021 clipf=0.011 ev=+0.604 r0=1.0000 entcoef=1.00e-02 lr=3.8e-04 seed=9
iter= 287 step= 921600 ep_ret=-25.556 opt_ret=-25.556 step_rew=-0.2556 opt_step=-0.2556 gap0=25.556 dret=+50.774 eval_ret=n/a pursuer_target_distance=2.753 capture=0.009 score=0.002 pol=-0.0010 val=0.0945 ent=1.1884 tot=+0.0343 agnorm=0.073 cgnorm=0.211 kl=0.0017 clipf=0.010 ev=+0.662 r0=1.0000 entcoef=1.00e-02 lr=3.8e-04 seed=9
iter= 288 step= 924800 ep_ret=-27.716 opt_ret=-27.716 step_rew=-0.2772 opt_step=-0.2772 gap0=27.716 dret=+48.614 eval_ret=n/a pursuer_target_distance=2.721 capture=0.003 score=0.001 pol=-0.0011 val=0.0310 ent=1.2059 tot=+0.0024 agnorm=0.109 cgnorm=0.076 kl=0.0026 clipf=0.020 ev=+0.815 r0=1.0000 entcoef=1.00e-02 lr=3.8e-04 seed=9
iter= 289 step= 928000 ep_ret=-24.928 opt_ret=-24.928 step_rew=-0.2493 opt_step=-0.2493 gap0=24.928 dret=+51.402 eval_ret=n/a pursuer_target_distance=2.707 capture=0.006 score=0.002 pol=-0.0012 val=0.0519 ent=1.2097 tot=+0.0126 agnorm=0.085 cgnorm=0.103 kl=0.0021 clipf=0.018 ev=+0.760 r0=1.0000 entcoef=1.00e-02 lr=3.8e-04 seed=9
iter= 290 step= 931200 ep_ret=+2.211 opt_ret=+2.211 step_rew=0.0221 opt_step=0.0221 gap0=0.000 dret=+78.541 eval_ret=n/a pursuer_target_distance=1.850 capture=0.024 score=0.008 pol=-0.0011 val=0.3872 ent=1.2100 tot=+0.1804 agnorm=0.109 cgnorm=0.231 kl=0.0018 clipf=0.015 ev=+0.210 r0=1.0000 entcoef=1.00e-02 lr=3.8e-04 seed=9
iter= 291 step= 934400 ep_ret=-31.198 opt_ret=-31.198 step_rew=-0.3120 opt_step=-0.3120 gap0=31.198 dret=+45.133 eval_ret=n/a pursuer_target_distance=2.726 capture=0.003 score=0.001 pol=-0.0008 val=0.0231 ent=1.1935 tot=-0.0012 agnorm=0.058 cgnorm=0.087 kl=0.0016 clipf=0.013 ev=+0.870 r0=1.0000 entcoef=1.00e-02 lr=3.8e-04 seed=9
iter= 292 step= 937600 ep_ret=-27.314 opt_ret=-27.314 step_rew=-0.2731 opt_step=-0.2731 gap0=27.314 dret=+49.016 eval_ret=n/a pursuer_target_distance=2.700 capture=0.005 score=0.001 pol=-0.0016 val=0.0602 ent=1.1972 tot=+0.0165 agnorm=0.161 cgnorm=0.116 kl=0.0023 clipf=0.021 ev=+0.679 r0=1.0000 entcoef=1.00e-02 lr=3.8e-04 seed=9
iter= 293 step= 940800 ep_ret=-27.799 opt_ret=-27.799 step_rew=-0.2780 opt_step=-0.2780 gap0=27.799 dret=+48.531 eval_ret=n/a pursuer_target_distance=2.371 capture=0.002 score=0.001 pol=-0.0011 val=0.0195 ent=1.2065 tot=-0.0035 agnorm=0.139 cgnorm=0.067 kl=0.0024 clipf=0.019 ev=+0.870 r0=1.0000 entcoef=1.00e-02 lr=3.8e-04 seed=9
iter= 294 step= 944000 ep_ret=-34.528 opt_ret=-34.528 step_rew=-0.3453 opt_step=-0.3453 gap0=34.528 dret=+41.802 eval_ret=n/a pursuer_target_distance=2.666 capture=0.000 score=0.000 pol=-0.0015 val=0.0174 ent=1.2199 tot=-0.0050 agnorm=0.133 cgnorm=0.092 kl=0.0030 clipf=0.031 ev=+0.880 r0=1.0000 entcoef=1.00e-02 lr=3.7e-04 seed=9
iter= 295 step= 947200 ep_ret=-19.725 opt_ret=-19.725 step_rew=-0.1972 opt_step=-0.1972 gap0=19.725 dret=+56.605 eval_ret=n/a pursuer_target_distance=2.327 capture=0.006 score=0.002 pol=-0.0006 val=0.0599 ent=1.2300 tot=+0.0170 agnorm=0.069 cgnorm=0.122 kl=0.0017 clipf=0.013 ev=+0.634 r0=1.0000 entcoef=1.00e-02 lr=3.7e-04 seed=9
iter= 296 step= 950400 ep_ret=-36.296 opt_ret=-36.296 step_rew=-0.3630 opt_step=-0.3630 gap0=36.296 dret=+40.035 eval_ret=n/a pursuer_target_distance=3.055 capture=0.006 score=0.001 pol=-0.0002 val=0.0608 ent=1.2270 tot=+0.0179 agnorm=0.041 cgnorm=0.106 kl=0.0009 clipf=0.002 ev=+0.760 r0=1.0000 entcoef=1.00e-02 lr=3.7e-04 seed=9
iter= 297 step= 953600 ep_ret=-33.720 opt_ret=-33.720 step_rew=-0.3372 opt_step=-0.3372 gap0=33.720 dret=+42.610 eval_ret=n/a pursuer_target_distance=3.448 capture=0.007 score=0.002 pol=-0.0020 val=0.0669 ent=1.2480 tot=+0.0189 agnorm=0.134 cgnorm=0.140 kl=0.0032 clipf=0.038 ev=+0.727 r0=1.0000 entcoef=1.00e-02 lr=3.7e-04 seed=9
iter= 298 step= 956800 ep_ret=-39.732 opt_ret=-39.732 step_rew=-0.3973 opt_step=-0.3973 gap0=39.732 dret=+36.599 eval_ret=n/a pursuer_target_distance=3.425 capture=0.001 score=0.000 pol=-0.0013 val=0.0168 ent=1.2191 tot=-0.0052 agnorm=0.113 cgnorm=0.082 kl=0.0023 clipf=0.019 ev=+0.908 r0=1.0000 entcoef=1.00e-02 lr=3.7e-04 seed=9
iter= 299 step= 960000 ep_ret=-32.463 opt_ret=-32.463 step_rew=-0.3246 opt_step=-0.3246 gap0=32.463 dret=+43.867 eval_ret=n/a pursuer_target_distance=3.507 capture=0.007 score=0.001 pol=-0.0010 val=0.0880 ent=1.1989 tot=+0.0310 agnorm=0.122 cgnorm=0.112 kl=0.0021 clipf=0.017 ev=+0.674 r0=1.0000 entcoef=1.00e-02 lr=3.7e-04 seed=9
iter= 300 step= 963200 ep_ret=-25.127 opt_ret=-25.127 step_rew=-0.2513 opt_step=-0.2513 gap0=25.127 dret=+51.203 eval_ret=+11.596 pursuer_target_distance=3.238 capture=0.012 score=0.003 pol=-0.0019 val=0.1468 ent=1.2141 tot=+0.0593 agnorm=0.093 cgnorm=0.152 kl=0.0028 clipf=0.029 ev=+0.456 r0=1.0000 entcoef=1.00e-02 lr=3.7e-04 seed=9
iter= 301 step= 966400 ep_ret=-41.021 opt_ret=-41.021 step_rew=-0.4102 opt_step=-0.4102 gap0=41.021 dret=+35.309 eval_ret=n/a pursuer_target_distance=3.922 capture=0.003 score=0.001 pol=-0.0011 val=0.0381 ent=1.2101 tot=+0.0058 agnorm=0.106 cgnorm=0.184 kl=0.0022 clipf=0.021 ev=+0.825 r0=1.0000 entcoef=1.00e-02 lr=3.7e-04 seed=9
iter= 302 step= 969600 ep_ret=-32.616 opt_ret=-32.616 step_rew=-0.3262 opt_step=-0.3262 gap0=32.616 dret=+43.714 eval_ret=n/a pursuer_target_distance=3.253 capture=0.009 score=0.002 pol=-0.0009 val=0.1241 ent=1.2103 tot=+0.0491 agnorm=0.066 cgnorm=0.138 kl=0.0008 clipf=0.001 ev=+0.580 r0=1.0000 entcoef=1.00e-02 lr=3.7e-04 seed=9
iter= 303 step= 972800 ep_ret=-30.114 opt_ret=-30.114 step_rew=-0.3011 opt_step=-0.3011 gap0=30.114 dret=+46.217 eval_ret=n/a pursuer_target_distance=2.794 capture=0.006 score=0.001 pol=-0.0007 val=0.0737 ent=1.2295 tot=+0.0238 agnorm=0.065 cgnorm=0.155 kl=0.0026 clipf=0.026 ev=+0.583 r0=1.0000 entcoef=1.00e-02 lr=3.6e-04 seed=9
iter= 304 step= 976000 ep_ret=-23.957 opt_ret=-23.957 step_rew=-0.2396 opt_step=-0.2396 gap0=23.957 dret=+52.373 eval_ret=n/a pursuer_target_distance=2.597 capture=0.006 score=0.002 pol=-0.0014 val=0.0696 ent=1.2736 tot=+0.0207 agnorm=0.131 cgnorm=0.106 kl=0.0023 clipf=0.027 ev=+0.649 r0=1.0000 entcoef=1.00e-02 lr=3.6e-04 seed=9
iter= 305 step= 979200 ep_ret=-33.890 opt_ret=-33.890 step_rew=-0.3389 opt_step=-0.3389 gap0=33.890 dret=+42.440 eval_ret=n/a pursuer_target_distance=2.898 capture=0.000 score=0.000 pol=-0.0012 val=0.0126 ent=1.2685 tot=-0.0076 agnorm=0.076 cgnorm=0.085 kl=0.0024 clipf=0.016 ev=+0.914 r0=1.0000 entcoef=1.00e-02 lr=3.6e-04 seed=9
iter= 306 step= 982400 ep_ret=-24.057 opt_ret=-24.057 step_rew=-0.2406 opt_step=-0.2406 gap0=24.057 dret=+52.273 eval_ret=n/a pursuer_target_distance=3.093 capture=0.013 score=0.003 pol=-0.0008 val=0.1605 ent=1.2562 tot=+0.0669 agnorm=0.082 cgnorm=0.157 kl=0.0017 clipf=0.014 ev=+0.574 r0=1.0000 entcoef=1.00e-02 lr=3.6e-04 seed=9
iter= 307 step= 985600 ep_ret=-9.314 opt_ret=-9.314 step_rew=-0.0931 opt_step=-0.0931 gap0=9.314 dret=+67.016 eval_ret=n/a pursuer_target_distance=2.369 capture=0.019 score=0.006 pol=-0.0012 val=0.2471 ent=1.2547 tot=+0.1098 agnorm=0.066 cgnorm=0.150 kl=0.0020 clipf=0.022 ev=+0.405 r0=1.0000 entcoef=1.00e-02 lr=3.6e-04 seed=9
iter= 308 step= 988800 ep_ret=-7.935 opt_ret=-7.935 step_rew=-0.0793 opt_step=-0.0793 gap0=7.935 dret=+68.396 eval_ret=n/a pursuer_target_distance=2.643 capture=0.023 score=0.006 pol=-0.0012 val=0.3749 ent=1.2661 tot=+0.1736 agnorm=0.087 cgnorm=0.234 kl=0.0017 clipf=0.013 ev=+0.275 r0=1.0000 entcoef=1.00e-02 lr=3.6e-04 seed=9
iter= 309 step= 992000 ep_ret=-33.287 opt_ret=-33.287 step_rew=-0.3329 opt_step=-0.3329 gap0=33.287 dret=+43.043 eval_ret=n/a pursuer_target_distance=2.758 capture=0.000 score=0.000 pol=-0.0015 val=0.0209 ent=1.2698 tot=-0.0038 agnorm=0.117 cgnorm=0.094 kl=0.0032 clipf=0.035 ev=+0.888 r0=1.0000 entcoef=1.00e-02 lr=3.6e-04 seed=9
iter= 310 step= 995200 ep_ret=-17.842 opt_ret=-17.842 step_rew=-0.1784 opt_step=-0.1784 gap0=17.842 dret=+58.488 eval_ret=n/a pursuer_target_distance=2.596 capture=0.014 score=0.004 pol=-0.0007 val=0.1160 ent=1.2664 tot=+0.0446 agnorm=0.067 cgnorm=0.171 kl=0.0013 clipf=0.005 ev=+0.632 r0=1.0000 entcoef=1.00e-02 lr=3.6e-04 seed=9
iter= 311 step= 998400 ep_ret=-29.229 opt_ret=-29.229 step_rew=-0.2923 opt_step=-0.2923 gap0=29.229 dret=+47.102 eval_ret=n/a pursuer_target_distance=2.819 capture=0.003 score=0.001 pol=-0.0009 val=0.0272 ent=1.2656 tot=+0.0001 agnorm=0.080 cgnorm=0.097 kl=0.0025 clipf=0.019 ev=+0.874 r0=1.0000 entcoef=1.00e-02 lr=3.6e-04 seed=9
iter= 312 step=1001600 ep_ret=-44.004 opt_ret=-44.004 step_rew=-0.4400 opt_step=-0.4400 gap0=44.004 dret=+32.327 eval_ret=n/a pursuer_target_distance=3.997 capture=0.002 score=0.000 pol=-0.0006 val=0.0200 ent=1.2275 tot=-0.0029 agnorm=0.061 cgnorm=0.076 kl=0.0015 clipf=0.006 ev=+0.921 r0=1.0000 entcoef=1.00e-02 lr=3.6e-04 seed=9
iter= 313 step=1004800 ep_ret=-17.048 opt_ret=-17.048 step_rew=-0.1705 opt_step=-0.1705 gap0=17.048 dret=+59.282 eval_ret=n/a pursuer_target_distance=2.329 capture=0.009 score=0.003 pol=-0.0007 val=0.0773 ent=1.2470 tot=+0.0255 agnorm=0.085 cgnorm=0.106 kl=0.0016 clipf=0.017 ev=+0.668 r0=1.0000 entcoef=1.00e-02 lr=3.5e-04 seed=9
iter= 314 step=1008000 ep_ret=-42.144 opt_ret=-42.144 step_rew=-0.4214 opt_step=-0.4214 gap0=42.144 dret=+34.186 eval_ret=n/a pursuer_target_distance=3.508 capture=0.000 score=0.000 pol=-0.0011 val=0.0233 ent=1.2391 tot=-0.0018 agnorm=0.100 cgnorm=0.121 kl=0.0015 clipf=0.010 ev=+0.913 r0=1.0000 entcoef=1.00e-02 lr=3.5e-04 seed=9
iter= 315 step=1011200 ep_ret=-27.230 opt_ret=-27.230 step_rew=-0.2723 opt_step=-0.2723 gap0=27.230 dret=+49.100 eval_ret=n/a pursuer_target_distance=2.883 capture=0.006 score=0.002 pol=-0.0012 val=0.0478 ent=1.2228 tot=+0.0105 agnorm=0.083 cgnorm=0.072 kl=0.0024 clipf=0.023 ev=+0.752 r0=1.0000 entcoef=1.00e-02 lr=3.5e-04 seed=9
iter= 316 step=1014400 ep_ret=+2.304 opt_ret=+2.304 step_rew=0.0230 opt_step=0.0230 gap0=0.000 dret=+78.634 eval_ret=n/a pursuer_target_distance=2.065 capture=0.029 score=0.009 pol=-0.0011 val=0.3159 ent=1.2246 tot=+0.1446 agnorm=0.080 cgnorm=0.217 kl=0.0015 clipf=0.010 ev=+0.378 r0=1.0000 entcoef=1.00e-02 lr=3.5e-04 seed=9
iter= 317 step=1017600 ep_ret=-29.495 opt_ret=-29.495 step_rew=-0.2949 opt_step=-0.2949 gap0=29.495 dret=+46.836 eval_ret=n/a pursuer_target_distance=3.187 capture=0.008 score=0.002 pol=-0.0011 val=0.0982 ent=1.2090 tot=+0.0360 agnorm=0.127 cgnorm=0.127 kl=0.0020 clipf=0.019 ev=+0.674 r0=1.0000 entcoef=1.00e-02 lr=3.5e-04 seed=9
iter= 318 step=1020800 ep_ret=-29.119 opt_ret=-29.119 step_rew=-0.2912 opt_step=-0.2912 gap0=29.119 dret=+47.211 eval_ret=n/a pursuer_target_distance=2.803 capture=0.004 score=0.001 pol=-0.0012 val=0.0477 ent=1.2036 tot=+0.0106 agnorm=0.107 cgnorm=0.120 kl=0.0028 clipf=0.031 ev=+0.780 r0=1.0000 entcoef=1.00e-02 lr=3.5e-04 seed=9
iter= 319 step=1024000 ep_ret=-31.479 opt_ret=-31.479 step_rew=-0.3148 opt_step=-0.3148 gap0=31.479 dret=+44.851 eval_ret=n/a pursuer_target_distance=2.416 capture=0.000 score=0.000 pol=-0.0008 val=0.0170 ent=1.2079 tot=-0.0044 agnorm=0.087 cgnorm=0.112 kl=0.0020 clipf=0.012 ev=+0.911 r0=1.0000 entcoef=1.00e-02 lr=3.5e-04 seed=9
iter= 320 step=1027200 ep_ret=-33.452 opt_ret=-33.452 step_rew=-0.3345 opt_step=-0.3345 gap0=33.452 dret=+42.879 eval_ret=+12.606 pursuer_target_distance=2.816 capture=0.001 score=0.000 pol=-0.0006 val=0.0138 ent=1.2033 tot=-0.0057 agnorm=0.055 cgnorm=0.070 kl=0.0014 clipf=0.006 ev=+0.934 r0=1.0000 entcoef=1.00e-02 lr=3.5e-04 seed=9
iter= 321 step=1030400 ep_ret=-42.702 opt_ret=-42.702 step_rew=-0.4270 opt_step=-0.4270 gap0=42.702 dret=+33.629 eval_ret=n/a pursuer_target_distance=3.643 capture=0.001 score=0.000 pol=-0.0008 val=0.0255 ent=1.1827 tot=+0.0002 agnorm=0.133 cgnorm=0.108 kl=0.0016 clipf=0.016 ev=+0.856 r0=1.0000 entcoef=1.00e-02 lr=3.5e-04 seed=9
iter= 322 step=1033600 ep_ret=-19.162 opt_ret=-19.162 step_rew=-0.1916 opt_step=-0.1916 gap0=19.162 dret=+57.168 eval_ret=n/a pursuer_target_distance=2.349 capture=0.009 score=0.003 pol=-0.0013 val=0.0852 ent=1.2031 tot=+0.0293 agnorm=0.100 cgnorm=0.178 kl=0.0034 clipf=0.038 ev=+0.607 r0=1.0000 entcoef=1.00e-02 lr=3.4e-04 seed=9
iter= 323 step=1036800 ep_ret=-31.333 opt_ret=-31.333 step_rew=-0.3133 opt_step=-0.3133 gap0=31.333 dret=+44.997 eval_ret=n/a pursuer_target_distance=2.373 capture=0.000 score=0.000 pol=-0.0010 val=0.0139 ent=1.2086 tot=-0.0062 agnorm=0.088 cgnorm=0.101 kl=0.0020 clipf=0.014 ev=+0.896 r0=1.0000 entcoef=1.00e-02 lr=3.4e-04 seed=9
iter= 324 step=1040000 ep_ret=-17.883 opt_ret=-17.883 step_rew=-0.1788 opt_step=-0.1788 gap0=17.883 dret=+58.447 eval_ret=n/a pursuer_target_distance=2.779 capture=0.013 score=0.003 pol=-0.0007 val=0.1847 ent=1.2266 tot=+0.0794 agnorm=0.064 cgnorm=0.178 kl=0.0012 clipf=0.005 ev=+0.435 r0=1.0000 entcoef=1.00e-02 lr=3.4e-04 seed=9
iter= 325 step=1043200 ep_ret=-29.193 opt_ret=-29.193 step_rew=-0.2919 opt_step=-0.2919 gap0=29.193 dret=+47.137 eval_ret=n/a pursuer_target_distance=2.433 capture=0.000 score=0.000 pol=-0.0009 val=0.0119 ent=1.2054 tot=-0.0070 agnorm=0.086 cgnorm=0.071 kl=0.0017 clipf=0.012 ev=+0.902 r0=1.0000 entcoef=1.00e-02 lr=3.4e-04 seed=9
iter= 326 step=1046400 ep_ret=-20.877 opt_ret=-20.877 step_rew=-0.2088 opt_step=-0.2088 gap0=20.877 dret=+55.453 eval_ret=n/a pursuer_target_distance=2.946 capture=0.015 score=0.004 pol=-0.0015 val=0.1926 ent=1.2026 tot=+0.0828 agnorm=0.095 cgnorm=0.163 kl=0.0024 clipf=0.021 ev=+0.512 r0=1.0000 entcoef=1.00e-02 lr=3.4e-04 seed=9
iter= 327 step=1049600 ep_ret=-25.266 opt_ret=-25.266 step_rew=-0.2527 opt_step=-0.2527 gap0=25.266 dret=+51.064 eval_ret=n/a pursuer_target_distance=2.514 capture=0.006 score=0.002 pol=-0.0016 val=0.0450 ent=1.1906 tot=+0.0090 agnorm=0.080 cgnorm=0.122 kl=0.0019 clipf=0.016 ev=+0.760 r0=1.0000 entcoef=1.00e-02 lr=3.4e-04 seed=9
iter= 328 step=1052800 ep_ret=-23.860 opt_ret=-23.860 step_rew=-0.2386 opt_step=-0.2386 gap0=23.860 dret=+52.470 eval_ret=n/a pursuer_target_distance=2.398 capture=0.006 score=0.002 pol=-0.0009 val=0.0632 ent=1.2043 tot=+0.0187 agnorm=0.108 cgnorm=0.122 kl=0.0023 clipf=0.019 ev=+0.697 r0=1.0000 entcoef=1.00e-02 lr=3.4e-04 seed=9
iter= 329 step=1056000 ep_ret=-24.806 opt_ret=-24.806 step_rew=-0.2481 opt_step=-0.2481 gap0=24.806 dret=+51.524 eval_ret=n/a pursuer_target_distance=2.700 capture=0.009 score=0.002 pol=-0.0012 val=0.0766 ent=1.1798 tot=+0.0253 agnorm=0.124 cgnorm=0.158 kl=0.0026 clipf=0.027 ev=+0.695 r0=1.0000 entcoef=1.00e-02 lr=3.4e-04 seed=9
iter= 330 step=1059200 ep_ret=-39.793 opt_ret=-39.793 step_rew=-0.3979 opt_step=-0.3979 gap0=39.793 dret=+36.537 eval_ret=n/a pursuer_target_distance=3.609 capture=0.004 score=0.001 pol=-0.0010 val=0.0476 ent=1.1889 tot=+0.0109 agnorm=0.112 cgnorm=0.092 kl=0.0026 clipf=0.026 ev=+0.822 r0=1.0000 entcoef=1.00e-02 lr=3.4e-04 seed=9
iter= 331 step=1062400 ep_ret=-16.741 opt_ret=-16.741 step_rew=-0.1674 opt_step=-0.1674 gap0=16.741 dret=+59.589 eval_ret=n/a pursuer_target_distance=2.927 capture=0.021 score=0.005 pol=-0.0016 val=0.2310 ent=1.1697 tot=+0.1023 agnorm=0.192 cgnorm=0.221 kl=0.0031 clipf=0.038 ev=+0.452 r0=1.0000 entcoef=1.00e-02 lr=3.3e-04 seed=9
iter= 332 step=1065600 ep_ret=-29.184 opt_ret=-29.184 step_rew=-0.2918 opt_step=-0.2918 gap0=29.184 dret=+47.147 eval_ret=n/a pursuer_target_distance=2.808 capture=0.002 score=0.000 pol=-0.0007 val=0.0191 ent=1.1970 tot=-0.0031 agnorm=0.093 cgnorm=0.073 kl=0.0019 clipf=0.012 ev=+0.897 r0=1.0000 entcoef=1.00e-02 lr=3.3e-04 seed=9
iter= 333 step=1068800 ep_ret=-31.495 opt_ret=-31.495 step_rew=-0.3149 opt_step=-0.3149 gap0=31.495 dret=+44.836 eval_ret=n/a pursuer_target_distance=2.739 capture=0.003 score=0.001 pol=-0.0014 val=0.0285 ent=1.2007 tot=+0.0009 agnorm=0.150 cgnorm=0.111 kl=0.0031 clipf=0.034 ev=+0.883 r0=1.0000 entcoef=1.00e-02 lr=3.3e-04 seed=9
iter= 334 step=1072000 ep_ret=-43.770 opt_ret=-43.770 step_rew=-0.4377 opt_step=-0.4377 gap0=43.770 dret=+32.560 eval_ret=n/a pursuer_target_distance=3.701 capture=0.001 score=0.000 pol=-0.0010 val=0.0283 ent=1.1759 tot=+0.0014 agnorm=0.092 cgnorm=0.114 kl=0.0016 clipf=0.012 ev=+0.872 r0=1.0000 entcoef=1.00e-02 lr=3.3e-04 seed=9
iter= 335 step=1075200 ep_ret=-17.154 opt_ret=-17.154 step_rew=-0.1715 opt_step=-0.1715 gap0=17.154 dret=+59.176 eval_ret=n/a pursuer_target_distance=2.955 capture=0.018 score=0.005 pol=-0.0007 val=0.2457 ent=1.1856 tot=+0.1103 agnorm=0.074 cgnorm=0.228 kl=0.0015 clipf=0.009 ev=+0.462 r0=1.0000 entcoef=1.00e-02 lr=3.3e-04 seed=9
iter= 336 step=1078400 ep_ret=-31.178 opt_ret=-31.178 step_rew=-0.3118 opt_step=-0.3118 gap0=31.178 dret=+45.152 eval_ret=n/a pursuer_target_distance=2.496 capture=0.005 score=0.001 pol=-0.0006 val=0.0503 ent=1.1828 tot=+0.0127 agnorm=0.066 cgnorm=0.127 kl=0.0014 clipf=0.013 ev=+0.771 r0=1.0000 entcoef=1.00e-02 lr=3.3e-04 seed=9
iter= 337 step=1081600 ep_ret=-40.907 opt_ret=-40.907 step_rew=-0.4091 opt_step=-0.4091 gap0=40.907 dret=+35.423 eval_ret=n/a pursuer_target_distance=3.273 capture=0.000 score=0.000 pol=-0.0008 val=0.0164 ent=1.1919 tot=-0.0046 agnorm=0.086 cgnorm=0.069 kl=0.0018 clipf=0.015 ev=+0.933 r0=1.0000 entcoef=1.00e-02 lr=3.3e-04 seed=9
iter= 338 step=1084800 ep_ret=-27.532 opt_ret=-27.532 step_rew=-0.2753 opt_step=-0.2753 gap0=27.532 dret=+48.798 eval_ret=n/a pursuer_target_distance=3.024 capture=0.006 score=0.001 pol=-0.0015 val=0.0545 ent=1.2198 tot=+0.0136 agnorm=0.113 cgnorm=0.119 kl=0.0029 clipf=0.030 ev=+0.747 r0=1.0000 entcoef=1.00e-02 lr=3.3e-04 seed=9
iter= 339 step=1088000 ep_ret=-25.960 opt_ret=-25.960 step_rew=-0.2596 opt_step=-0.2596 gap0=25.960 dret=+50.371 eval_ret=n/a pursuer_target_distance=2.685 capture=0.007 score=0.002 pol=-0.0012 val=0.0454 ent=1.1842 tot=+0.0097 agnorm=0.117 cgnorm=0.148 kl=0.0024 clipf=0.014 ev=+0.782 r0=1.0000 entcoef=1.00e-02 lr=3.3e-04 seed=9
iter= 340 step=1091200 ep_ret=-10.027 opt_ret=-10.027 step_rew=-0.1003 opt_step=-0.1003 gap0=10.027 dret=+66.303 eval_ret=+14.464 pursuer_target_distance=2.510 capture=0.022 score=0.006 pol=-0.0014 val=0.2741 ent=1.1677 tot=+0.1240 agnorm=0.108 cgnorm=0.169 kl=0.0016 clipf=0.015 ev=+0.454 r0=1.0000 entcoef=1.00e-02 lr=3.2e-04 seed=9
iter= 341 step=1094400 ep_ret=-25.744 opt_ret=-25.744 step_rew=-0.2574 opt_step=-0.2574 gap0=25.744 dret=+50.586 eval_ret=n/a pursuer_target_distance=2.270 capture=0.000 score=0.000 pol=-0.0006 val=0.0128 ent=1.1593 tot=-0.0058 agnorm=0.125 cgnorm=0.078 kl=0.0013 clipf=0.011 ev=+0.900 r0=1.0000 entcoef=1.00e-02 lr=3.2e-04 seed=9
iter= 342 step=1097600 ep_ret=-19.163 opt_ret=-19.163 step_rew=-0.1916 opt_step=-0.1916 gap0=19.163 dret=+57.167 eval_ret=n/a pursuer_target_distance=2.320 capture=0.007 score=0.002 pol=-0.0013 val=0.0430 ent=1.1649 tot=+0.0086 agnorm=0.149 cgnorm=0.090 kl=0.0024 clipf=0.024 ev=+0.785 r0=1.0000 entcoef=1.00e-02 lr=3.2e-04 seed=9
iter= 343 step=1100800 ep_ret=-34.465 opt_ret=-34.465 step_rew=-0.3447 opt_step=-0.3447 gap0=34.465 dret=+41.865 eval_ret=n/a pursuer_target_distance=2.729 capture=0.000 score=0.000 pol=-0.0011 val=0.0188 ent=1.1311 tot=-0.0030 agnorm=0.126 cgnorm=0.096 kl=0.0021 clipf=0.023 ev=+0.905 r0=1.0000 entcoef=1.00e-02 lr=3.2e-04 seed=9
iter= 344 step=1104000 ep_ret=-43.654 opt_ret=-43.654 step_rew=-0.4365 opt_step=-0.4365 gap0=43.654 dret=+32.676 eval_ret=n/a pursuer_target_distance=3.425 capture=0.000 score=0.000 pol=-0.0012 val=0.0233 ent=1.1510 tot=-0.0010 agnorm=0.177 cgnorm=0.107 kl=0.0019 clipf=0.013 ev=+0.907 r0=1.0000 entcoef=1.00e-02 lr=3.2e-04 seed=9
iter= 345 step=1107200 ep_ret=-26.063 opt_ret=-26.063 step_rew=-0.2606 opt_step=-0.2606 gap0=26.063 dret=+50.267 eval_ret=n/a pursuer_target_distance=2.202 capture=0.003 score=0.001 pol=-0.0013 val=0.0297 ent=1.1371 tot=+0.0022 agnorm=0.256 cgnorm=0.121 kl=0.0025 clipf=0.023 ev=+0.833 r0=1.0000 entcoef=1.00e-02 lr=3.2e-04 seed=9
iter= 346 step=1110400 ep_ret=-26.671 opt_ret=-26.671 step_rew=-0.2667 opt_step=-0.2667 gap0=26.671 dret=+49.659 eval_ret=n/a pursuer_target_distance=2.570 capture=0.008 score=0.002 pol=-0.0014 val=0.1025 ent=1.1174 tot=+0.0386 agnorm=0.150 cgnorm=0.146 kl=0.0036 clipf=0.038 ev=+0.569 r0=1.0000 entcoef=1.00e-02 lr=3.2e-04 seed=9
iter= 347 step=1113600 ep_ret=-31.367 opt_ret=-31.367 step_rew=-0.3137 opt_step=-0.3137 gap0=31.367 dret=+44.964 eval_ret=n/a pursuer_target_distance=2.703 capture=0.002 score=0.000 pol=-0.0008 val=0.0212 ent=1.1323 tot=-0.0015 agnorm=0.095 cgnorm=0.081 kl=0.0013 clipf=0.007 ev=+0.867 r0=1.0000 entcoef=1.00e-02 lr=3.2e-04 seed=9
iter= 348 step=1116800 ep_ret=-39.599 opt_ret=-39.599 step_rew=-0.3960 opt_step=-0.3960 gap0=39.599 dret=+36.732 eval_ret=n/a pursuer_target_distance=3.471 capture=0.003 score=0.001 pol=-0.0016 val=0.0281 ent=1.0989 tot=+0.0015 agnorm=0.120 cgnorm=0.078 kl=0.0024 clipf=0.024 ev=+0.872 r0=1.0000 entcoef=1.00e-02 lr=3.2e-04 seed=9
iter= 349 step=1120000 ep_ret=-29.401 opt_ret=-29.401 step_rew=-0.2940 opt_step=-0.2940 gap0=29.401 dret=+46.929 eval_ret=n/a pursuer_target_distance=2.366 capture=0.000 score=0.000 pol=-0.0007 val=0.0089 ent=1.1283 tot=-0.0075 agnorm=0.222 cgnorm=0.085 kl=0.0017 clipf=0.017 ev=+0.931 r0=1.0000 entcoef=1.00e-02 lr=3.1e-04 seed=9
iter= 350 step=1123200 ep_ret=-20.303 opt_ret=-20.303 step_rew=-0.2030 opt_step=-0.2030 gap0=20.303 dret=+56.027 eval_ret=n/a pursuer_target_distance=2.140 capture=0.005 score=0.002 pol=-0.0013 val=0.0445 ent=1.1173 tot=+0.0098 agnorm=0.151 cgnorm=0.100 kl=0.0013 clipf=0.010 ev=+0.682 r0=1.0000 entcoef=1.00e-02 lr=3.1e-04 seed=9
iter= 351 step=1126400 ep_ret=-26.669 opt_ret=-26.669 step_rew=-0.2667 opt_step=-0.2667 gap0=26.669 dret=+49.662 eval_ret=n/a pursuer_target_distance=2.334 capture=0.000 score=0.000 pol=-0.0006 val=0.0115 ent=1.1148 tot=-0.0061 agnorm=0.139 cgnorm=0.061 kl=0.0017 clipf=0.016 ev=+0.905 r0=1.0000 entcoef=1.00e-02 lr=3.1e-04 seed=9
iter= 352 step=1129600 ep_ret=-44.971 opt_ret=-44.971 step_rew=-0.4497 opt_step=-0.4497 gap0=44.971 dret=+31.359 eval_ret=n/a pursuer_target_distance=3.833 capture=0.000 score=0.000 pol=-0.0010 val=0.0200 ent=1.1053 tot=-0.0020 agnorm=0.109 cgnorm=0.082 kl=0.0018 clipf=0.014 ev=+0.908 r0=1.0000 entcoef=1.00e-02 lr=3.1e-04 seed=9
iter= 353 step=1132800 ep_ret=-16.410 opt_ret=-16.410 step_rew=-0.1641 opt_step=-0.1641 gap0=16.410 dret=+59.920 eval_ret=n/a pursuer_target_distance=2.618 capture=0.012 score=0.003 pol=-0.0009 val=0.1567 ent=1.1061 tot=+0.0664 agnorm=0.128 cgnorm=0.136 kl=0.0021 clipf=0.024 ev=+0.469 r0=1.0000 entcoef=1.00e-02 lr=3.1e-04 seed=9
iter= 354 step=1136000 ep_ret=-26.565 opt_ret=-26.565 step_rew=-0.2656 opt_step=-0.2656 gap0=26.565 dret=+49.765 eval_ret=n/a pursuer_target_distance=2.244 capture=0.000 score=0.000 pol=-0.0008 val=0.0101 ent=1.1154 tot=-0.0069 agnorm=0.212 cgnorm=0.067 kl=0.0017 clipf=0.018 ev=+0.909 r0=1.0000 entcoef=1.00e-02 lr=3.1e-04 seed=9
iter= 355 step=1139200 ep_ret=-34.785 opt_ret=-34.785 step_rew=-0.3479 opt_step=-0.3479 gap0=34.785 dret=+41.545 eval_ret=n/a pursuer_target_distance=2.849 capture=0.000 score=0.000 pol=-0.0012 val=0.0102 ent=1.0772 tot=-0.0069 agnorm=0.137 cgnorm=0.066 kl=0.0017 clipf=0.015 ev=+0.920 r0=1.0000 entcoef=1.00e-02 lr=3.1e-04 seed=9
iter= 356 step=1142400 ep_ret=-13.622 opt_ret=-13.622 step_rew=-0.1362 opt_step=-0.1362 gap0=13.622 dret=+62.709 eval_ret=n/a pursuer_target_distance=2.405 capture=0.014 score=0.004 pol=-0.0013 val=0.1053 ent=1.1103 tot=+0.0403 agnorm=0.125 cgnorm=0.113 kl=0.0025 clipf=0.028 ev=+0.596 r0=1.0000 entcoef=1.00e-02 lr=3.1e-04 seed=9
iter= 357 step=1145600 ep_ret=-27.558 opt_ret=-27.558 step_rew=-0.2756 opt_step=-0.2756 gap0=27.558 dret=+48.772 eval_ret=n/a pursuer_target_distance=2.850 capture=0.006 score=0.001 pol=-0.0015 val=0.0615 ent=1.1106 tot=+0.0181 agnorm=0.237 cgnorm=0.123 kl=0.0029 clipf=0.029 ev=+0.723 r0=1.0000 entcoef=1.00e-02 lr=3.1e-04 seed=9
iter= 358 step=1148800 ep_ret=-24.176 opt_ret=-24.176 step_rew=-0.2418 opt_step=-0.2418 gap0=24.176 dret=+52.155 eval_ret=n/a pursuer_target_distance=2.746 capture=0.007 score=0.002 pol=-0.0011 val=0.0575 ent=1.1171 tot=+0.0165 agnorm=0.113 cgnorm=0.098 kl=0.0017 clipf=0.009 ev=+0.727 r0=1.0000 entcoef=1.00e-02 lr=3.0e-04 seed=9
iter= 359 step=1152000 ep_ret=-25.196 opt_ret=-25.196 step_rew=-0.2520 opt_step=-0.2520 gap0=25.196 dret=+51.134 eval_ret=n/a pursuer_target_distance=2.524 capture=0.005 score=0.001 pol=-0.0007 val=0.0521 ent=1.1318 tot=+0.0140 agnorm=0.120 cgnorm=0.080 kl=0.0017 clipf=0.018 ev=+0.714 r0=1.0000 entcoef=1.00e-02 lr=3.0e-04 seed=9
iter= 360 step=1155200 ep_ret=-27.966 opt_ret=-27.966 step_rew=-0.2797 opt_step=-0.2797 gap0=27.966 dret=+48.364 eval_ret=+13.249 pursuer_target_distance=2.879 capture=0.008 score=0.002 pol=-0.0012 val=0.0705 ent=1.1378 tot=+0.0227 agnorm=0.250 cgnorm=0.192 kl=0.0022 clipf=0.022 ev=+0.699 r0=1.0000 entcoef=1.00e-02 lr=3.0e-04 seed=9
iter= 361 step=1158400 ep_ret=-29.184 opt_ret=-29.184 step_rew=-0.2918 opt_step=-0.2918 gap0=29.184 dret=+47.146 eval_ret=n/a pursuer_target_distance=2.394 capture=0.000 score=0.000 pol=-0.0003 val=0.0122 ent=1.1212 tot=-0.0054 agnorm=0.100 cgnorm=0.080 kl=0.0011 clipf=0.010 ev=+0.893 r0=1.0000 entcoef=1.00e-02 lr=3.0e-04 seed=9
iter= 362 step=1161600 ep_ret=-26.477 opt_ret=-26.477 step_rew=-0.2648 opt_step=-0.2648 gap0=26.477 dret=+49.853 eval_ret=n/a pursuer_target_distance=2.521 capture=0.003 score=0.001 pol=-0.0013 val=0.0271 ent=1.1293 tot=+0.0009 agnorm=0.101 cgnorm=0.093 kl=0.0024 clipf=0.020 ev=+0.799 r0=1.0000 entcoef=1.00e-02 lr=3.0e-04 seed=9
iter= 363 step=1164800 ep_ret=-21.189 opt_ret=-21.189 step_rew=-0.2119 opt_step=-0.2119 gap0=21.189 dret=+55.142 eval_ret=n/a pursuer_target_distance=2.624 capture=0.007 score=0.002 pol=-0.0014 val=0.0640 ent=1.1492 tot=+0.0191 agnorm=0.132 cgnorm=0.067 kl=0.0026 clipf=0.032 ev=+0.648 r0=1.0000 entcoef=1.00e-02 lr=3.0e-04 seed=9
iter= 364 step=1168000 ep_ret=-31.977 opt_ret=-31.977 step_rew=-0.3198 opt_step=-0.3198 gap0=31.977 dret=+44.353 eval_ret=n/a pursuer_target_distance=3.041 capture=0.003 score=0.001 pol=-0.0012 val=0.0360 ent=1.1208 tot=+0.0056 agnorm=0.168 cgnorm=0.076 kl=0.0020 clipf=0.020 ev=+0.808 r0=1.0000 entcoef=1.00e-02 lr=3.0e-04 seed=9
iter= 365 step=1171200 ep_ret=-34.595 opt_ret=-34.595 step_rew=-0.3459 opt_step=-0.3459 gap0=34.595 dret=+41.735 eval_ret=n/a pursuer_target_distance=3.498 capture=0.007 score=0.001 pol=-0.0005 val=0.0766 ent=1.1020 tot=+0.0267 agnorm=0.119 cgnorm=0.095 kl=0.0018 clipf=0.017 ev=+0.719 r0=1.0000 entcoef=1.00e-02 lr=3.0e-04 seed=9
iter= 366 step=1174400 ep_ret=-31.049 opt_ret=-31.049 step_rew=-0.3105 opt_step=-0.3105 gap0=31.049 dret=+45.281 eval_ret=n/a pursuer_target_distance=2.683 capture=0.003 score=0.001 pol=-0.0012 val=0.0253 ent=1.1093 tot=+0.0004 agnorm=0.190 cgnorm=0.110 kl=0.0022 clipf=0.024 ev=+0.830 r0=1.0000 entcoef=1.00e-02 lr=3.0e-04 seed=9
iter= 367 step=1177600 ep_ret=-34.722 opt_ret=-34.722 step_rew=-0.3472 opt_step=-0.3472 gap0=34.722 dret=+41.608 eval_ret=n/a pursuer_target_distance=2.876 capture=0.000 score=0.000 pol=-0.0011 val=0.0111 ent=1.1220 tot=-0.0067 agnorm=0.171 cgnorm=0.058 kl=0.0021 clipf=0.023 ev=+0.918 r0=1.0000 entcoef=1.00e-02 lr=2.9e-04 seed=9
iter= 368 step=1180800 ep_ret=-20.347 opt_ret=-20.347 step_rew=-0.2035 opt_step=-0.2035 gap0=20.347 dret=+55.984 eval_ret=n/a pursuer_target_distance=2.089 capture=0.006 score=0.002 pol=-0.0008 val=0.0544 ent=1.1417 tot=+0.0150 agnorm=0.227 cgnorm=0.111 kl=0.0025 clipf=0.027 ev=+0.698 r0=1.0000 entcoef=1.00e-02 lr=2.9e-04 seed=9
iter= 369 step=1184000 ep_ret=-19.452 opt_ret=-19.452 step_rew=-0.1945 opt_step=-0.1945 gap0=19.452 dret=+56.878 eval_ret=n/a pursuer_target_distance=2.332 capture=0.009 score=0.003 pol=-0.0005 val=0.0713 ent=1.1362 tot=+0.0238 agnorm=0.180 cgnorm=0.174 kl=0.0019 clipf=0.019 ev=+0.686 r0=1.0000 entcoef=1.00e-02 lr=2.9e-04 seed=9
iter= 370 step=1187200 ep_ret=-28.607 opt_ret=-28.607 step_rew=-0.2861 opt_step=-0.2861 gap0=28.607 dret=+47.723 eval_ret=n/a pursuer_target_distance=2.519 capture=0.000 score=0.000 pol=-0.0009 val=0.0124 ent=1.1213 tot=-0.0059 agnorm=0.187 cgnorm=0.067 kl=0.0018 clipf=0.017 ev=+0.910 r0=1.0000 entcoef=1.00e-02 lr=2.9e-04 seed=9
iter= 371 step=1190400 ep_ret=-23.319 opt_ret=-23.319 step_rew=-0.2332 opt_step=-0.2332 gap0=23.319 dret=+53.011 eval_ret=n/a pursuer_target_distance=2.319 capture=0.003 score=0.001 pol=-0.0008 val=0.0217 ent=1.1357 tot=-0.0013 agnorm=0.204 cgnorm=0.074 kl=0.0012 clipf=0.005 ev=+0.860 r0=1.0000 entcoef=1.00e-02 lr=2.9e-04 seed=9
iter= 372 step=1193600 ep_ret=-15.960 opt_ret=-15.960 step_rew=-0.1596 opt_step=-0.1596 gap0=15.960 dret=+60.370 eval_ret=n/a pursuer_target_distance=2.326 capture=0.014 score=0.004 pol=-0.0008 val=0.1055 ent=1.1017 tot=+0.0410 agnorm=0.115 cgnorm=0.162 kl=0.0018 clipf=0.016 ev=+0.558 r0=1.0000 entcoef=1.00e-02 lr=2.9e-04 seed=9
iter= 373 step=1196800 ep_ret=-31.137 opt_ret=-31.137 step_rew=-0.3114 opt_step=-0.3114 gap0=31.137 dret=+45.193 eval_ret=n/a pursuer_target_distance=2.989 capture=0.004 score=0.001 pol=-0.0006 val=0.0413 ent=1.1254 tot=+0.0088 agnorm=0.227 cgnorm=0.085 kl=0.0020 clipf=0.020 ev=+0.778 r0=1.0000 entcoef=1.00e-02 lr=2.9e-04 seed=9
iter= 374 step=1200000 ep_ret=-17.756 opt_ret=-17.756 step_rew=-0.1776 opt_step=-0.1776 gap0=17.756 dret=+58.574 eval_ret=n/a pursuer_target_distance=2.444 capture=0.011 score=0.003 pol=-0.0009 val=0.0884 ent=1.1163 tot=+0.0321 agnorm=0.182 cgnorm=0.139 kl=0.0023 clipf=0.022 ev=+0.641 r0=1.0000 entcoef=1.00e-02 lr=2.9e-04 seed=9
iter= 375 step=1203200 ep_ret=-19.438 opt_ret=-19.438 step_rew=-0.1944 opt_step=-0.1944 gap0=19.438 dret=+56.893 eval_ret=n/a pursuer_target_distance=1.745 capture=0.001 score=0.000 pol=-0.0013 val=0.0109 ent=1.1059 tot=-0.0069 agnorm=0.121 cgnorm=0.056 kl=0.0015 clipf=0.012 ev=+0.903 r0=1.0000 entcoef=1.00e-02 lr=2.9e-04 seed=9
iter= 376 step=1206400 ep_ret=-36.116 opt_ret=-36.116 step_rew=-0.3612 opt_step=-0.3612 gap0=36.116 dret=+40.214 eval_ret=n/a pursuer_target_distance=2.995 capture=0.000 score=0.000 pol=-0.0006 val=0.0187 ent=1.1074 tot=-0.0024 agnorm=0.113 cgnorm=0.093 kl=0.0014 clipf=0.009 ev=+0.878 r0=1.0000 entcoef=1.00e-02 lr=2.8e-04 seed=9
iter= 377 step=1209600 ep_ret=-23.741 opt_ret=-23.741 step_rew=-0.2374 opt_step=-0.2374 gap0=23.741 dret=+52.589 eval_ret=n/a pursuer_target_distance=2.492 capture=0.005 score=0.002 pol=-0.0007 val=0.0388 ent=1.1160 tot=+0.0075 agnorm=0.139 cgnorm=0.089 kl=0.0021 clipf=0.021 ev=+0.771 r0=1.0000 entcoef=1.00e-02 lr=2.8e-04 seed=9
iter= 378 step=1212800 ep_ret=-5.020 opt_ret=-5.020 step_rew=-0.0502 opt_step=-0.0502 gap0=5.020 dret=+71.310 eval_ret=n/a pursuer_target_distance=2.387 capture=0.022 score=0.007 pol=-0.0007 val=0.2126 ent=1.1099 tot=+0.0946 agnorm=0.100 cgnorm=0.202 kl=0.0010 clipf=0.006 ev=+0.444 r0=1.0000 entcoef=1.00e-02 lr=2.8e-04 seed=9
iter= 379 step=1216000 ep_ret=-31.542 opt_ret=-31.542 step_rew=-0.3154 opt_step=-0.3154 gap0=31.542 dret=+44.789 eval_ret=n/a pursuer_target_distance=3.006 capture=0.005 score=0.001 pol=-0.0009 val=0.0444 ent=1.1121 tot=+0.0101 agnorm=0.141 cgnorm=0.151 kl=0.0020 clipf=0.020 ev=+0.733 r0=1.0000 entcoef=1.00e-02 lr=2.8e-04 seed=9
iter= 380 step=1219200 ep_ret=-29.832 opt_ret=-29.832 step_rew=-0.2983 opt_step=-0.2983 gap0=29.832 dret=+46.498 eval_ret=+13.770 pursuer_target_distance=3.134 capture=0.008 score=0.002 pol=-0.0010 val=0.0658 ent=1.1333 tot=+0.0206 agnorm=0.133 cgnorm=0.130 kl=0.0021 clipf=0.021 ev=+0.685 r0=1.0000 entcoef=1.00e-02 lr=2.8e-04 seed=9
iter= 381 step=1222400 ep_ret=-15.883 opt_ret=-15.883 step_rew=-0.1588 opt_step=-0.1588 gap0=15.883 dret=+60.447 eval_ret=n/a pursuer_target_distance=2.153 capture=0.009 score=0.003 pol=-0.0012 val=0.0907 ent=1.1500 tot=+0.0327 agnorm=0.134 cgnorm=0.213 kl=0.0021 clipf=0.018 ev=+0.516 r0=1.0000 entcoef=1.00e-02 lr=2.8e-04 seed=9
iter= 382 step=1225600 ep_ret=-15.389 opt_ret=-15.389 step_rew=-0.1539 opt_step=-0.1539 gap0=15.389 dret=+60.941 eval_ret=n/a pursuer_target_distance=2.756 capture=0.015 score=0.004 pol=-0.0011 val=0.1597 ent=1.1183 tot=+0.0676 agnorm=0.174 cgnorm=0.261 kl=0.0021 clipf=0.015 ev=+0.457 r0=1.0000 entcoef=1.00e-02 lr=2.8e-04 seed=9
iter= 383 step=1228800 ep_ret=-30.709 opt_ret=-30.709 step_rew=-0.3071 opt_step=-0.3071 gap0=30.709 dret=+45.622 eval_ret=n/a pursuer_target_distance=2.879 capture=0.002 score=0.001 pol=-0.0008 val=0.0237 ent=1.1717 tot=-0.0007 agnorm=0.122 cgnorm=0.075 kl=0.0023 clipf=0.017 ev=+0.882 r0=1.0000 entcoef=1.00e-02 lr=2.8e-04 seed=9
iter= 384 step=1232000 ep_ret=-34.494 opt_ret=-34.494 step_rew=-0.3449 opt_step=-0.3449 gap0=34.494 dret=+41.837 eval_ret=n/a pursuer_target_distance=2.699 capture=0.000 score=0.000 pol=-0.0012 val=0.0130 ent=1.1845 tot=-0.0065 agnorm=0.143 cgnorm=0.076 kl=0.0018 clipf=0.014 ev=+0.923 r0=1.0000 entcoef=1.00e-02 lr=2.8e-04 seed=9
iter= 385 step=1235200 ep_ret=-30.898 opt_ret=-30.898 step_rew=-0.3090 opt_step=-0.3090 gap0=30.898 dret=+45.432 eval_ret=n/a pursuer_target_distance=2.591 capture=0.004 score=0.001 pol=-0.0007 val=0.0302 ent=1.1788 tot=+0.0026 agnorm=0.084 cgnorm=0.100 kl=0.0014 clipf=0.008 ev=+0.833 r0=1.0000 entcoef=1.00e-02 lr=2.7e-04 seed=9
iter= 386 step=1238400 ep_ret=-25.387 opt_ret=-25.387 step_rew=-0.2539 opt_step=-0.2539 gap0=25.387 dret=+50.943 eval_ret=n/a pursuer_target_distance=2.265 capture=0.000 score=0.000 pol=-0.0009 val=0.0087 ent=1.2021 tot=-0.0086 agnorm=0.179 cgnorm=0.046 kl=0.0019 clipf=0.014 ev=+0.944 r0=1.0000 entcoef=1.00e-02 lr=2.7e-04 seed=9
iter= 387 step=1241600 ep_ret=-25.579 opt_ret=-25.579 step_rew=-0.2558 opt_step=-0.2558 gap0=25.579 dret=+50.751 eval_ret=n/a pursuer_target_distance=2.302 capture=0.005 score=0.001 pol=-0.0005 val=0.0239 ent=1.1467 tot=-0.0000 agnorm=0.103 cgnorm=0.076 kl=0.0014 clipf=0.013 ev=+0.827 r0=1.0000 entcoef=1.00e-02 lr=2.7e-04 seed=9
iter= 388 step=1244800 ep_ret=-29.364 opt_ret=-29.364 step_rew=-0.2936 opt_step=-0.2936 gap0=29.364 dret=+46.966 eval_ret=n/a pursuer_target_distance=2.591 capture=0.000 score=0.000 pol=-0.0009 val=0.0097 ent=1.1745 tot=-0.0078 agnorm=0.134 cgnorm=0.057 kl=0.0016 clipf=0.011 ev=+0.912 r0=1.0000 entcoef=1.00e-02 lr=2.7e-04 seed=9
iter= 389 step=1248000 ep_ret=-31.048 opt_ret=-31.048 step_rew=-0.3105 opt_step=-0.3105 gap0=31.048 dret=+45.282 eval_ret=n/a pursuer_target_distance=2.671 capture=0.000 score=0.000 pol=-0.0005 val=0.0082 ent=1.1610 tot=-0.0080 agnorm=0.086 cgnorm=0.056 kl=0.0013 clipf=0.009 ev=+0.935 r0=1.0000 entcoef=1.00e-02 lr=2.7e-04 seed=9
iter= 390 step=1251200 ep_ret=-26.787 opt_ret=-26.787 step_rew=-0.2679 opt_step=-0.2679 gap0=26.787 dret=+49.544 eval_ret=n/a pursuer_target_distance=2.425 capture=0.000 score=0.000 pol=-0.0006 val=0.0104 ent=1.1947 tot=-0.0074 agnorm=0.132 cgnorm=0.059 kl=0.0017 clipf=0.013 ev=+0.904 r0=1.0000 entcoef=1.00e-02 lr=2.7e-04 seed=9
iter= 391 step=1254400 ep_ret=-18.541 opt_ret=-18.541 step_rew=-0.1854 opt_step=-0.1854 gap0=18.541 dret=+57.789 eval_ret=n/a pursuer_target_distance=2.245 capture=0.007 score=0.002 pol=-0.0010 val=0.0590 ent=1.1942 tot=+0.0165 agnorm=0.134 cgnorm=0.107 kl=0.0012 clipf=0.008 ev=+0.658 r0=1.0000 entcoef=1.00e-02 lr=2.7e-04 seed=9
iter= 392 step=1257600 ep_ret=-32.372 opt_ret=-32.372 step_rew=-0.3237 opt_step=-0.3237 gap0=32.372 dret=+43.958 eval_ret=n/a pursuer_target_distance=2.796 capture=0.000 score=0.000 pol=-0.0010 val=0.0147 ent=1.2120 tot=-0.0057 agnorm=0.142 cgnorm=0.101 kl=0.0026 clipf=0.022 ev=+0.895 r0=1.0000 entcoef=1.00e-02 lr=2.7e-04 seed=9
iter= 393 step=1260800 ep_ret=-18.192 opt_ret=-18.192 step_rew=-0.1819 opt_step=-0.1819 gap0=18.192 dret=+58.138 eval_ret=n/a pursuer_target_distance=2.312 capture=0.010 score=0.003 pol=-0.0005 val=0.1065 ent=1.1929 tot=+0.0408 agnorm=0.097 cgnorm=0.205 kl=0.0018 clipf=0.012 ev=+0.479 r0=1.0000 entcoef=1.00e-02 lr=2.7e-04 seed=9
iter= 394 step=1264000 ep_ret=-22.812 opt_ret=-22.812 step_rew=-0.2281 opt_step=-0.2281 gap0=22.812 dret=+53.519 eval_ret=n/a pursuer_target_distance=3.010 capture=0.013 score=0.003 pol=-0.0004 val=0.1249 ent=1.1770 tot=+0.0502 agnorm=0.066 cgnorm=0.146 kl=0.0011 clipf=0.004 ev=+0.574 r0=1.0000 entcoef=1.00e-02 lr=2.6e-04 seed=9
iter= 395 step=1267200 ep_ret=-19.660 opt_ret=-19.660 step_rew=-0.1966 opt_step=-0.1966 gap0=19.660 dret=+56.670 eval_ret=n/a pursuer_target_distance=2.386 capture=0.008 score=0.002 pol=-0.0012 val=0.0888 ent=1.2130 tot=+0.0310 agnorm=0.198 cgnorm=0.117 kl=0.0015 clipf=0.007 ev=+0.573 r0=1.0000 entcoef=1.00e-02 lr=2.6e-04 seed=9
iter= 396 step=1270400 ep_ret=-33.989 opt_ret=-33.989 step_rew=-0.3399 opt_step=-0.3399 gap0=33.989 dret=+42.341 eval_ret=n/a pursuer_target_distance=2.707 capture=0.000 score=0.000 pol=-0.0009 val=0.0154 ent=1.2223 tot=-0.0055 agnorm=0.088 cgnorm=0.101 kl=0.0016 clipf=0.007 ev=+0.904 r0=1.0000 entcoef=1.00e-02 lr=2.6e-04 seed=9
iter= 397 step=1273600 ep_ret=-32.563 opt_ret=-32.563 step_rew=-0.3256 opt_step=-0.3256 gap0=32.563 dret=+43.767 eval_ret=n/a pursuer_target_distance=2.728 capture=0.000 score=0.000 pol=-0.0006 val=0.0129 ent=1.2123 tot=-0.0062 agnorm=0.215 cgnorm=0.106 kl=0.0008 clipf=0.007 ev=+0.916 r0=1.0000 entcoef=1.00e-02 lr=2.6e-04 seed=9
iter= 398 step=1276800 ep_ret=-34.423 opt_ret=-34.423 step_rew=-0.3442 opt_step=-0.3442 gap0=34.423 dret=+41.907 eval_ret=n/a pursuer_target_distance=2.647 capture=0.000 score=0.000 pol=-0.0010 val=0.0146 ent=1.1902 tot=-0.0056 agnorm=0.203 cgnorm=0.076 kl=0.0015 clipf=0.010 ev=+0.878 r0=1.0000 entcoef=1.00e-02 lr=2.6e-04 seed=9
iter= 399 step=1280000 ep_ret=-13.849 opt_ret=-13.849 step_rew=-0.1385 opt_step=-0.1385 gap0=13.849 dret=+62.482 eval_ret=n/a pursuer_target_distance=2.115 capture=0.012 score=0.004 pol=-0.0008 val=0.1444 ent=1.2018 tot=+0.0594 agnorm=0.142 cgnorm=0.156 kl=0.0014 clipf=0.009 ev=+0.403 r0=1.0000 entcoef=1.00e-02 lr=2.6e-04 seed=9
iter= 400 step=1283200 ep_ret=-32.679 opt_ret=-32.679 step_rew=-0.3268 opt_step=-0.3268 gap0=32.679 dret=+43.651 eval_ret=+13.759 pursuer_target_distance=2.815 capture=0.000 score=0.000 pol=-0.0007 val=0.0154 ent=1.2227 tot=-0.0052 agnorm=0.089 cgnorm=0.064 kl=0.0014 clipf=0.010 ev=+0.911 r0=1.0000 entcoef=1.00e-02 lr=2.6e-04 seed=9
iter= 401 step=1286400 ep_ret=-45.292 opt_ret=-45.292 step_rew=-0.4529 opt_step=-0.4529 gap0=45.292 dret=+31.039 eval_ret=n/a pursuer_target_distance=3.470 capture=0.000 score=0.000 pol=-0.0010 val=0.0242 ent=1.2070 tot=-0.0010 agnorm=0.146 cgnorm=0.092 kl=0.0018 clipf=0.018 ev=+0.863 r0=1.0000 entcoef=1.00e-02 lr=2.6e-04 seed=9
iter= 402 step=1289600 ep_ret=-25.323 opt_ret=-25.323 step_rew=-0.2532 opt_step=-0.2532 gap0=25.323 dret=+51.007 eval_ret=n/a pursuer_target_distance=2.681 capture=0.007 score=0.002 pol=-0.0010 val=0.0748 ent=1.2045 tot=+0.0243 agnorm=0.082 cgnorm=0.125 kl=0.0018 clipf=0.014 ev=+0.635 r0=1.0000 entcoef=1.00e-02 lr=2.6e-04 seed=9
iter= 403 step=1292800 ep_ret=-26.413 opt_ret=-26.413 step_rew=-0.2641 opt_step=-0.2641 gap0=26.413 dret=+49.917 eval_ret=n/a pursuer_target_distance=2.640 capture=0.004 score=0.001 pol=-0.0012 val=0.0376 ent=1.2348 tot=+0.0053 agnorm=0.105 cgnorm=0.088 kl=0.0019 clipf=0.018 ev=+0.784 r0=1.0000 entcoef=1.00e-02 lr=2.5e-04 seed=9
iter= 404 step=1296000 ep_ret=-21.530 opt_ret=-21.530 step_rew=-0.2153 opt_step=-0.2153 gap0=21.530 dret=+54.801 eval_ret=n/a pursuer_target_distance=3.008 capture=0.013 score=0.003 pol=-0.0004 val=0.1328 ent=1.2172 tot=+0.0538 agnorm=0.086 cgnorm=0.142 kl=0.0014 clipf=0.011 ev=+0.605 r0=1.0000 entcoef=1.00e-02 lr=2.5e-04 seed=9
iter= 405 step=1299200 ep_ret=-19.461 opt_ret=-19.461 step_rew=-0.1946 opt_step=-0.1946 gap0=19.461 dret=+56.869 eval_ret=n/a pursuer_target_distance=2.591 capture=0.011 score=0.003 pol=-0.0012 val=0.1292 ent=1.2313 tot=+0.0511 agnorm=0.126 cgnorm=0.133 kl=0.0016 clipf=0.009 ev=+0.536 r0=1.0000 entcoef=1.00e-02 lr=2.5e-04 seed=9
iter= 406 step=1302400 ep_ret=-32.297 opt_ret=-32.297 step_rew=-0.3230 opt_step=-0.3230 gap0=32.297 dret=+44.034 eval_ret=n/a pursuer_target_distance=2.823 capture=0.003 score=0.001 pol=-0.0006 val=0.0353 ent=1.2433 tot=+0.0046 agnorm=0.066 cgnorm=0.094 kl=0.0018 clipf=0.007 ev=+0.773 r0=1.0000 entcoef=1.00e-02 lr=2.5e-04 seed=9
iter= 407 step=1305600 ep_ret=-35.825 opt_ret=-35.825 step_rew=-0.3583 opt_step=-0.3583 gap0=35.825 dret=+40.505 eval_ret=n/a pursuer_target_distance=3.190 capture=0.000 score=0.000 pol=-0.0007 val=0.0124 ent=1.2371 tot=-0.0068 agnorm=0.101 cgnorm=0.086 kl=0.0012 clipf=0.010 ev=+0.909 r0=1.0000 entcoef=1.00e-02 lr=2.5e-04 seed=9
iter= 408 step=1308800 ep_ret=-30.160 opt_ret=-30.160 step_rew=-0.3016 opt_step=-0.3016 gap0=30.160 dret=+46.170 eval_ret=n/a pursuer_target_distance=3.138 capture=0.005 score=0.001 pol=-0.0009 val=0.0551 ent=1.2345 tot=+0.0143 agnorm=0.076 cgnorm=0.127 kl=0.0017 clipf=0.014 ev=+0.754 r0=1.0000 entcoef=1.00e-02 lr=2.5e-04 seed=9
iter= 409 step=1312000 ep_ret=-32.485 opt_ret=-32.485 step_rew=-0.3249 opt_step=-0.3249 gap0=32.485 dret=+43.845 eval_ret=n/a pursuer_target_distance=2.843 capture=0.000 score=0.000 pol=-0.0013 val=0.0109 ent=1.2255 tot=-0.0081 agnorm=0.113 cgnorm=0.077 kl=0.0015 clipf=0.009 ev=+0.909 r0=1.0000 entcoef=1.00e-02 lr=2.5e-04 seed=9
iter= 410 step=1315200 ep_ret=-36.498 opt_ret=-36.498 step_rew=-0.3650 opt_step=-0.3650 gap0=36.498 dret=+39.833 eval_ret=n/a pursuer_target_distance=2.756 capture=0.000 score=0.000 pol=-0.0006 val=0.0150 ent=1.2350 tot=-0.0054 agnorm=0.113 cgnorm=0.089 kl=0.0017 clipf=0.015 ev=+0.889 r0=1.0000 entcoef=1.00e-02 lr=2.5e-04 seed=9
iter= 411 step=1318400 ep_ret=-18.473 opt_ret=-18.473 step_rew=-0.1847 opt_step=-0.1847 gap0=18.473 dret=+57.858 eval_ret=n/a pursuer_target_distance=2.129 capture=0.006 score=0.002 pol=-0.0001 val=0.0619 ent=1.2367 tot=+0.0184 agnorm=0.036 cgnorm=0.091 kl=0.0005 clipf=0.001 ev=+0.625 r0=1.0000 entcoef=1.00e-02 lr=2.5e-04 seed=9
iter= 412 step=1321600 ep_ret=-15.872 opt_ret=-15.872 step_rew=-0.1587 opt_step=-0.1587 gap0=15.872 dret=+60.459 eval_ret=n/a pursuer_target_distance=2.683 capture=0.015 score=0.004 pol=-0.0007 val=0.1611 ent=1.2446 tot=+0.0674 agnorm=0.060 cgnorm=0.165 kl=0.0007 clipf=0.002 ev=+0.552 r0=1.0000 entcoef=1.00e-02 lr=2.4e-04 seed=9
iter= 413 step=1324800 ep_ret=-25.440 opt_ret=-25.440 step_rew=-0.2544 opt_step=-0.2544 gap0=25.440 dret=+50.890 eval_ret=n/a pursuer_target_distance=2.727 capture=0.009 score=0.003 pol=-0.0008 val=0.0726 ent=1.2337 tot=+0.0232 agnorm=0.156 cgnorm=0.131 kl=0.0007 clipf=0.004 ev=+0.697 r0=1.0000 entcoef=1.00e-02 lr=2.4e-04 seed=9
iter= 414 step=1328000 ep_ret=-28.032 opt_ret=-28.032 step_rew=-0.2803 opt_step=-0.2803 gap0=28.032 dret=+48.299 eval_ret=n/a pursuer_target_distance=3.045 capture=0.010 score=0.002 pol=-0.0011 val=0.0744 ent=1.2536 tot=+0.0236 agnorm=0.144 cgnorm=0.119 kl=0.0018 clipf=0.014 ev=+0.733 r0=1.0000 entcoef=1.00e-02 lr=2.4e-04 seed=9
iter= 415 step=1331200 ep_ret=-34.910 opt_ret=-34.910 step_rew=-0.3491 opt_step=-0.3491 gap0=34.910 dret=+41.420 eval_ret=n/a pursuer_target_distance=3.003 capture=0.000 score=0.000 pol=-0.0005 val=0.0158 ent=1.2407 tot=-0.0050 agnorm=0.111 cgnorm=0.065 kl=0.0011 clipf=0.006 ev=+0.901 r0=1.0000 entcoef=1.00e-02 lr=2.4e-04 seed=9
iter= 416 step=1334400 ep_ret=-25.473 opt_ret=-25.473 step_rew=-0.2547 opt_step=-0.2547 gap0=25.473 dret=+50.857 eval_ret=n/a pursuer_target_distance=2.310 capture=0.004 score=0.001 pol=-0.0008 val=0.0214 ent=1.2377 tot=-0.0025 agnorm=0.090 cgnorm=0.050 kl=0.0023 clipf=0.020 ev=+0.831 r0=1.0000 entcoef=1.00e-02 lr=2.4e-04 seed=9
iter= 417 step=1337600 ep_ret=-8.448 opt_ret=-8.448 step_rew=-0.0845 opt_step=-0.0845 gap0=8.448 dret=+67.882 eval_ret=n/a pursuer_target_distance=2.002 capture=0.018 score=0.006 pol=-0.0008 val=0.1929 ent=1.2553 tot=+0.0831 agnorm=0.121 cgnorm=0.218 kl=0.0024 clipf=0.025 ev=+0.515 r0=1.0000 entcoef=1.00e-02 lr=2.4e-04 seed=9
iter= 418 step=1340800 ep_ret=-27.226 opt_ret=-27.226 step_rew=-0.2723 opt_step=-0.2723 gap0=27.226 dret=+49.105 eval_ret=n/a pursuer_target_distance=2.684 capture=0.009 score=0.002 pol=-0.0007 val=0.0856 ent=1.2490 tot=+0.0296 agnorm=0.121 cgnorm=0.212 kl=0.0013 clipf=0.006 ev=+0.607 r0=1.0000 entcoef=1.00e-02 lr=2.4e-04 seed=9
iter= 419 step=1344000 ep_ret=-30.669 opt_ret=-30.669 step_rew=-0.3067 opt_step=-0.3067 gap0=30.669 dret=+45.661 eval_ret=n/a pursuer_target_distance=2.633 capture=0.000 score=0.000 pol=-0.0007 val=0.0088 ent=1.2471 tot=-0.0087 agnorm=0.102 cgnorm=0.048 kl=0.0010 clipf=0.005 ev=+0.937 r0=1.0000 entcoef=1.00e-02 lr=2.4e-04 seed=9
iter= 420 step=1347200 ep_ret=-39.079 opt_ret=-39.079 step_rew=-0.3908 opt_step=-0.3908 gap0=39.079 dret=+37.251 eval_ret=-10.148 pursuer_target_distance=3.212 capture=0.000 score=0.000 pol=-0.0010 val=0.0192 ent=1.2549 tot=-0.0039 agnorm=0.115 cgnorm=0.089 kl=0.0016 clipf=0.012 ev=+0.892 r0=1.0000 entcoef=1.00e-02 lr=2.4e-04 seed=9
iter= 421 step=1350400 ep_ret=-26.733 opt_ret=-26.733 step_rew=-0.2673 opt_step=-0.2673 gap0=26.733 dret=+49.597 eval_ret=n/a pursuer_target_distance=3.029 capture=0.008 score=0.002 pol=-0.0007 val=0.0605 ent=1.2681 tot=+0.0168 agnorm=0.106 cgnorm=0.145 kl=0.0009 clipf=0.002 ev=+0.690 r0=1.0000 entcoef=1.00e-02 lr=2.3e-04 seed=9
iter= 422 step=1353600 ep_ret=-32.321 opt_ret=-32.321 step_rew=-0.3232 opt_step=-0.3232 gap0=32.321 dret=+44.009 eval_ret=n/a pursuer_target_distance=2.909 capture=0.000 score=0.000 pol=-0.0002 val=0.0103 ent=1.2882 tot=-0.0079 agnorm=0.058 cgnorm=0.047 kl=0.0008 clipf=0.001 ev=+0.937 r0=1.0000 entcoef=1.00e-02 lr=2.3e-04 seed=9
iter= 423 step=1356800 ep_ret=-35.448 opt_ret=-35.448 step_rew=-0.3545 opt_step=-0.3545 gap0=35.448 dret=+40.883 eval_ret=n/a pursuer_target_distance=2.689 capture=0.000 score=0.000 pol=-0.0004 val=0.0101 ent=1.2958 tot=-0.0083 agnorm=0.064 cgnorm=0.082 kl=0.0007 clipf=0.002 ev=+0.941 r0=1.0000 entcoef=1.00e-02 lr=2.3e-04 seed=9
iter= 424 step=1360000 ep_ret=-37.241 opt_ret=-37.241 step_rew=-0.3724 opt_step=-0.3724 gap0=37.241 dret=+39.089 eval_ret=n/a pursuer_target_distance=3.644 capture=0.003 score=0.001 pol=-0.0009 val=0.0358 ent=1.2964 tot=+0.0040 agnorm=0.120 cgnorm=0.115 kl=0.0015 clipf=0.015 ev=+0.834 r0=1.0000 entcoef=1.00e-02 lr=2.3e-04 seed=9
iter= 425 step=1363200 ep_ret=-27.025 opt_ret=-27.025 step_rew=-0.2702 opt_step=-0.2702 gap0=27.025 dret=+49.306 eval_ret=n/a pursuer_target_distance=2.349 capture=0.003 score=0.001 pol=-0.0006 val=0.0251 ent=1.2749 tot=-0.0008 agnorm=0.089 cgnorm=0.068 kl=0.0012 clipf=0.007 ev=+0.835 r0=1.0000 entcoef=1.00e-02 lr=2.3e-04 seed=9
iter= 426 step=1366400 ep_ret=-31.543 opt_ret=-31.543 step_rew=-0.3154 opt_step=-0.3154 gap0=31.543 dret=+44.787 eval_ret=n/a pursuer_target_distance=3.056 capture=0.004 score=0.001 pol=-0.0007 val=0.0288 ent=1.2809 tot=+0.0009 agnorm=0.063 cgnorm=0.080 kl=0.0009 clipf=0.004 ev=+0.789 r0=1.0000 entcoef=1.00e-02 lr=2.3e-04 seed=9
iter= 427 step=1369600 ep_ret=-31.956 opt_ret=-31.956 step_rew=-0.3196 opt_step=-0.3196 gap0=31.956 dret=+44.375 eval_ret=n/a pursuer_target_distance=2.905 capture=0.004 score=0.001 pol=-0.0006 val=0.0272 ent=1.3053 tot=-0.0000 agnorm=0.086 cgnorm=0.081 kl=0.0011 clipf=0.008 ev=+0.852 r0=1.0000 entcoef=1.00e-02 lr=2.3e-04 seed=9
iter= 428 step=1372800 ep_ret=-39.365 opt_ret=-39.365 step_rew=-0.3937 opt_step=-0.3937 gap0=39.365 dret=+36.965 eval_ret=n/a pursuer_target_distance=3.343 capture=0.000 score=0.000 pol=-0.0009 val=0.0154 ent=1.2834 tot=-0.0060 agnorm=0.081 cgnorm=0.075 kl=0.0013 clipf=0.005 ev=+0.898 r0=1.0000 entcoef=1.00e-02 lr=2.3e-04 seed=9
iter= 429 step=1376000 ep_ret=-33.036 opt_ret=-33.036 step_rew=-0.3304 opt_step=-0.3304 gap0=33.036 dret=+43.294 eval_ret=n/a pursuer_target_distance=3.147 capture=0.002 score=0.000 pol=-0.0012 val=0.0173 ent=1.2854 tot=-0.0054 agnorm=0.070 cgnorm=0.057 kl=0.0013 clipf=0.004 ev=+0.899 r0=1.0000 entcoef=1.00e-02 lr=2.3e-04 seed=9
iter= 430 step=1379200 ep_ret=-15.608 opt_ret=-15.608 step_rew=-0.1561 opt_step=-0.1561 gap0=15.608 dret=+60.723 eval_ret=n/a pursuer_target_distance=3.220 capture=0.021 score=0.005 pol=-0.0008 val=0.2192 ent=1.2863 tot=+0.0959 agnorm=0.079 cgnorm=0.201 kl=0.0013 clipf=0.007 ev=+0.476 r0=1.0000 entcoef=1.00e-02 lr=2.2e-04 seed=9
iter= 431 step=1382400 ep_ret=-33.712 opt_ret=-33.712 step_rew=-0.3371 opt_step=-0.3371 gap0=33.712 dret=+42.618 eval_ret=n/a pursuer_target_distance=3.057 capture=0.000 score=0.000 pol=-0.0003 val=0.0106 ent=1.2758 tot=-0.0078 agnorm=0.082 cgnorm=0.055 kl=0.0010 clipf=0.003 ev=+0.917 r0=1.0000 entcoef=1.00e-02 lr=2.2e-04 seed=9
iter= 432 step=1385600 ep_ret=-22.113 opt_ret=-22.113 step_rew=-0.2211 opt_step=-0.2211 gap0=22.113 dret=+54.217 eval_ret=n/a pursuer_target_distance=2.657 capture=0.013 score=0.004 pol=-0.0007 val=0.1102 ent=1.2952 tot=+0.0414 agnorm=0.069 cgnorm=0.151 kl=0.0011 clipf=0.008 ev=+0.662 r0=1.0000 entcoef=1.00e-02 lr=2.2e-04 seed=9
iter= 433 step=1388800 ep_ret=-31.294 opt_ret=-31.294 step_rew=-0.3129 opt_step=-0.3129 gap0=31.294 dret=+45.036 eval_ret=n/a pursuer_target_distance=2.808 capture=0.000 score=0.000 pol=-0.0011 val=0.0101 ent=1.2720 tot=-0.0088 agnorm=0.098 cgnorm=0.061 kl=0.0012 clipf=0.007 ev=+0.928 r0=1.0000 entcoef=1.00e-02 lr=2.2e-04 seed=9
iter= 434 step=1392000 ep_ret=-31.234 opt_ret=-31.234 step_rew=-0.3123 opt_step=-0.3123 gap0=31.234 dret=+45.096 eval_ret=n/a pursuer_target_distance=2.793 capture=0.004 score=0.001 pol=-0.0005 val=0.0454 ent=1.2713 tot=+0.0095 agnorm=0.064 cgnorm=0.102 kl=0.0011 clipf=0.006 ev=+0.743 r0=1.0000 entcoef=1.00e-02 lr=2.2e-04 seed=9
iter= 435 step=1395200 ep_ret=-34.572 opt_ret=-34.572 step_rew=-0.3457 opt_step=-0.3457 gap0=34.572 dret=+41.758 eval_ret=n/a pursuer_target_distance=3.003 capture=0.002 score=0.001 pol=-0.0004 val=0.0204 ent=1.2526 tot=-0.0027 agnorm=0.061 cgnorm=0.083 kl=0.0007 clipf=0.000 ev=+0.879 r0=1.0000 entcoef=1.00e-02 lr=2.2e-04 seed=9
iter= 436 step=1398400 ep_ret=-36.487 opt_ret=-36.487 step_rew=-0.3649 opt_step=-0.3649 gap0=36.487 dret=+39.843 eval_ret=n/a pursuer_target_distance=3.413 capture=0.004 score=0.001 pol=-0.0005 val=0.0450 ent=1.2421 tot=+0.0096 agnorm=0.084 cgnorm=0.132 kl=0.0005 clipf=0.001 ev=+0.773 r0=1.0000 entcoef=1.00e-02 lr=2.2e-04 seed=9
iter= 437 step=1401600 ep_ret=-41.193 opt_ret=-41.193 step_rew=-0.4119 opt_step=-0.4119 gap0=41.193 dret=+35.137 eval_ret=n/a pursuer_target_distance=3.260 capture=0.001 score=0.000 pol=-0.0003 val=0.0200 ent=1.2534 tot=-0.0028 agnorm=0.051 cgnorm=0.094 kl=0.0010 clipf=0.002 ev=+0.891 r0=1.0000 entcoef=1.00e-02 lr=2.2e-04 seed=9
iter= 438 step=1404800 ep_ret=-35.833 opt_ret=-35.833 step_rew=-0.3583 opt_step=-0.3583 gap0=35.833 dret=+40.498 eval_ret=n/a pursuer_target_distance=3.350 capture=0.003 score=0.001 pol=-0.0006 val=0.0248 ent=1.2722 tot=-0.0009 agnorm=0.060 cgnorm=0.081 kl=0.0007 clipf=0.002 ev=+0.856 r0=1.0000 entcoef=1.00e-02 lr=2.2e-04 seed=9
iter= 439 step=1408000 ep_ret=-24.949 opt_ret=-24.949 step_rew=-0.2495 opt_step=-0.2495 gap0=24.949 dret=+51.382 eval_ret=n/a pursuer_target_distance=2.278 capture=0.003 score=0.001 pol=-0.0008 val=0.0343 ent=1.2882 tot=+0.0035 agnorm=0.128 cgnorm=0.133 kl=0.0009 clipf=0.005 ev=+0.705 r0=1.0000 entcoef=1.00e-02 lr=2.1e-04 seed=9
iter= 440 step=1411200 ep_ret=-43.631 opt_ret=-43.631 step_rew=-0.4363 opt_step=-0.4363 gap0=43.631 dret=+32.700 eval_ret=+13.822 pursuer_target_distance=3.547 capture=0.000 score=0.000 pol=-0.0005 val=0.0195 ent=1.2639 tot=-0.0034 agnorm=0.070 cgnorm=0.072 kl=0.0006 clipf=0.003 ev=+0.907 r0=1.0000 entcoef=1.00e-02 lr=2.1e-04 seed=9
iter= 441 step=1414400 ep_ret=-27.443 opt_ret=-27.443 step_rew=-0.2744 opt_step=-0.2744 gap0=27.443 dret=+48.887 eval_ret=n/a pursuer_target_distance=2.392 capture=0.001 score=0.000 pol=-0.0006 val=0.0103 ent=1.2818 tot=-0.0083 agnorm=0.060 cgnorm=0.063 kl=0.0008 clipf=0.005 ev=+0.892 r0=1.0000 entcoef=1.00e-02 lr=2.1e-04 seed=9
iter= 442 step=1417600 ep_ret=-27.087 opt_ret=-27.087 step_rew=-0.2709 opt_step=-0.2709 gap0=27.087 dret=+49.244 eval_ret=n/a pursuer_target_distance=2.088 capture=0.004 score=0.001 pol=-0.0005 val=0.0379 ent=1.2840 tot=+0.0056 agnorm=0.052 cgnorm=0.078 kl=0.0006 clipf=0.001 ev=+0.749 r0=1.0000 entcoef=1.00e-02 lr=2.1e-04 seed=9
iter= 443 step=1420800 ep_ret=-41.824 opt_ret=-41.824 step_rew=-0.4182 opt_step=-0.4182 gap0=41.824 dret=+34.506 eval_ret=n/a pursuer_target_distance=3.605 capture=0.001 score=0.000 pol=-0.0007 val=0.0162 ent=1.2514 tot=-0.0051 agnorm=0.129 cgnorm=0.095 kl=0.0011 clipf=0.008 ev=+0.898 r0=1.0000 entcoef=1.00e-02 lr=2.1e-04 seed=9
iter= 444 step=1424000 ep_ret=-16.048 opt_ret=-16.048 step_rew=-0.1605 opt_step=-0.1605 gap0=16.048 dret=+60.282 eval_ret=n/a pursuer_target_distance=2.489 capture=0.013 score=0.004 pol=-0.0009 val=0.1710 ent=1.2719 tot=+0.0718 agnorm=0.080 cgnorm=0.173 kl=0.0005 clipf=0.001 ev=+0.415 r0=1.0000 entcoef=1.00e-02 lr=2.1e-04 seed=9
iter= 445 step=1427200 ep_ret=-44.812 opt_ret=-44.812 step_rew=-0.4481 opt_step=-0.4481 gap0=44.812 dret=+31.518 eval_ret=n/a pursuer_target_distance=3.410 capture=0.000 score=0.000 pol=-0.0003 val=0.0186 ent=1.2884 tot=-0.0039 agnorm=0.085 cgnorm=0.114 kl=0.0011 clipf=0.008 ev=+0.896 r0=1.0000 entcoef=1.00e-02 lr=2.1e-04 seed=9
iter= 446 step=1430400 ep_ret=-41.848 opt_ret=-41.848 step_rew=-0.4185 opt_step=-0.4185 gap0=41.848 dret=+34.482 eval_ret=n/a pursuer_target_distance=3.609 capture=0.000 score=0.000 pol=-0.0006 val=0.0216 ent=1.2777 tot=-0.0026 agnorm=0.064 cgnorm=0.083 kl=0.0010 clipf=0.001 ev=+0.885 r0=1.0000 entcoef=1.00e-02 lr=2.1e-04 seed=9
iter= 447 step=1433600 ep_ret=-20.329 opt_ret=-20.329 step_rew=-0.2033 opt_step=-0.2033 gap0=20.329 dret=+56.001 eval_ret=n/a pursuer_target_distance=2.996 capture=0.016 score=0.004 pol=-0.0004 val=0.1579 ent=1.2999 tot=+0.0656 agnorm=0.057 cgnorm=0.188 kl=0.0008 clipf=0.001 ev=+0.513 r0=1.0000 entcoef=1.00e-02 lr=2.1e-04 seed=9
iter= 448 step=1436800 ep_ret=-39.012 opt_ret=-39.012 step_rew=-0.3901 opt_step=-0.3901 gap0=39.012 dret=+37.318 eval_ret=n/a pursuer_target_distance=3.223 capture=0.001 score=0.000 pol=-0.0006 val=0.0117 ent=1.3021 tot=-0.0077 agnorm=0.075 cgnorm=0.079 kl=0.0009 clipf=0.004 ev=+0.911 r0=1.0000 entcoef=1.00e-02 lr=2.0e-04 seed=9
iter= 449 step=1440000 ep_ret=-33.095 opt_ret=-33.095 step_rew=-0.3309 opt_step=-0.3309 gap0=33.095 dret=+43.235 eval_ret=n/a pursuer_target_distance=3.638 capture=0.010 score=0.002 pol=-0.0007 val=0.1019 ent=1.2700 tot=+0.0375 agnorm=0.066 cgnorm=0.156 kl=0.0006 clipf=0.002 ev=+0.654 r0=1.0000 entcoef=1.00e-02 lr=2.0e-04 seed=9
iter= 450 step=1443200 ep_ret=-23.305 opt_ret=-23.305 step_rew=-0.2331 opt_step=-0.2331 gap0=23.305 dret=+53.025 eval_ret=n/a pursuer_target_distance=2.954 capture=0.013 score=0.003 pol=-0.0006 val=0.1137 ent=1.2865 tot=+0.0434 agnorm=0.082 cgnorm=0.177 kl=0.0007 clipf=0.000 ev=+0.417 r0=1.0000 entcoef=1.00e-02 lr=2.0e-04 seed=9
iter= 451 step=1446400 ep_ret=-19.241 opt_ret=-19.241 step_rew=-0.1924 opt_step=-0.1924 gap0=19.241 dret=+57.089 eval_ret=n/a pursuer_target_distance=2.493 capture=0.010 score=0.003 pol=-0.0015 val=0.1267 ent=1.2807 tot=+0.0490 agnorm=0.113 cgnorm=0.299 kl=0.0021 clipf=0.015 ev=+0.436 r0=1.0000 entcoef=1.00e-02 lr=2.0e-04 seed=9
iter= 452 step=1449600 ep_ret=-38.924 opt_ret=-38.924 step_rew=-0.3892 opt_step=-0.3892 gap0=38.924 dret=+37.406 eval_ret=n/a pursuer_target_distance=3.157 capture=0.000 score=0.000 pol=-0.0014 val=0.0140 ent=1.2524 tot=-0.0069 agnorm=0.159 cgnorm=0.096 kl=0.0024 clipf=0.023 ev=+0.895 r0=1.0000 entcoef=1.00e-02 lr=2.0e-04 seed=9
iter= 453 step=1452800 ep_ret=-26.669 opt_ret=-26.669 step_rew=-0.2667 opt_step=-0.2667 gap0=26.669 dret=+49.661 eval_ret=n/a pursuer_target_distance=2.414 capture=0.003 score=0.001 pol=-0.0004 val=0.0200 ent=1.2548 tot=-0.0030 agnorm=0.072 cgnorm=0.070 kl=0.0014 clipf=0.011 ev=+0.853 r0=1.0000 entcoef=1.00e-02 lr=2.0e-04 seed=9
iter= 454 step=1456000 ep_ret=-32.119 opt_ret=-32.119 step_rew=-0.3212 opt_step=-0.3212 gap0=32.119 dret=+44.211 eval_ret=n/a pursuer_target_distance=2.997 capture=0.002 score=0.000 pol=-0.0010 val=0.0274 ent=1.2603 tot=+0.0000 agnorm=0.098 cgnorm=0.088 kl=0.0012 clipf=0.005 ev=+0.808 r0=1.0000 entcoef=1.00e-02 lr=2.0e-04 seed=9
iter= 455 step=1459200 ep_ret=-28.552 opt_ret=-28.552 step_rew=-0.2855 opt_step=-0.2855 gap0=28.552 dret=+47.778 eval_ret=n/a pursuer_target_distance=2.745 capture=0.008 score=0.002 pol=-0.0005 val=0.0612 ent=1.2481 tot=+0.0176 agnorm=0.087 cgnorm=0.139 kl=0.0013 clipf=0.005 ev=+0.672 r0=1.0000 entcoef=1.00e-02 lr=2.0e-04 seed=9
iter= 456 step=1462400 ep_ret=-26.671 opt_ret=-26.671 step_rew=-0.2667 opt_step=-0.2667 gap0=26.671 dret=+49.659 eval_ret=n/a pursuer_target_distance=3.213 capture=0.012 score=0.003 pol=-0.0007 val=0.1204 ent=1.2423 tot=+0.0470 agnorm=0.103 cgnorm=0.221 kl=0.0008 clipf=0.008 ev=+0.577 r0=1.0000 entcoef=1.00e-02 lr=2.0e-04 seed=9
iter= 457 step=1465600 ep_ret=-31.324 opt_ret=-31.324 step_rew=-0.3132 opt_step=-0.3132 gap0=31.324 dret=+45.007 eval_ret=n/a pursuer_target_distance=2.744 capture=0.000 score=0.000 pol=-0.0007 val=0.0104 ent=1.2665 tot=-0.0082 agnorm=0.070 cgnorm=0.063 kl=0.0007 clipf=0.001 ev=+0.922 r0=1.0000 entcoef=1.00e-02 lr=1.9e-04 seed=9
iter= 458 step=1468800 ep_ret=-17.100 opt_ret=-17.100 step_rew=-0.1710 opt_step=-0.1710 gap0=17.100 dret=+59.230 eval_ret=n/a pursuer_target_distance=3.000 capture=0.021 score=0.005 pol=-0.0003 val=0.2453 ent=1.2527 tot=+0.1098 agnorm=0.044 cgnorm=0.238 kl=0.0010 clipf=0.001 ev=+0.481 r0=1.0000 entcoef=1.00e-02 lr=1.9e-04 seed=9
iter= 459 step=1472000 ep_ret=-29.254 opt_ret=-29.254 step_rew=-0.2925 opt_step=-0.2925 gap0=29.254 dret=+47.076 eval_ret=n/a pursuer_target_distance=2.532 capture=0.000 score=0.000 pol=-0.0007 val=0.0092 ent=1.2367 tot=-0.0085 agnorm=0.107 cgnorm=0.063 kl=0.0007 clipf=0.004 ev=+0.926 r0=1.0000 entcoef=1.00e-02 lr=1.9e-04 seed=9
iter= 460 step=1475200 ep_ret=-27.680 opt_ret=-27.680 step_rew=-0.2768 opt_step=-0.2768 gap0=27.680 dret=+48.651 eval_ret=+12.497 pursuer_target_distance=2.506 capture=0.003 score=0.001 pol=-0.0010 val=0.0318 ent=1.2499 tot=+0.0024 agnorm=0.076 cgnorm=0.089 kl=0.0008 clipf=0.002 ev=+0.797 r0=1.0000 entcoef=1.00e-02 lr=1.9e-04 seed=9
iter= 461 step=1478400 ep_ret=-21.198 opt_ret=-21.198 step_rew=-0.2120 opt_step=-0.2120 gap0=21.198 dret=+55.133 eval_ret=n/a pursuer_target_distance=2.932 capture=0.013 score=0.003 pol=-0.0007 val=0.1431 ent=1.2279 tot=+0.0586 agnorm=0.062 cgnorm=0.151 kl=0.0013 clipf=0.007 ev=+0.575 r0=1.0000 entcoef=1.00e-02 lr=1.9e-04 seed=9
iter= 462 step=1481600 ep_ret=-31.261 opt_ret=-31.261 step_rew=-0.3126 opt_step=-0.3126 gap0=31.261 dret=+45.070 eval_ret=n/a pursuer_target_distance=2.415 capture=0.001 score=0.000 pol=-0.0005 val=0.0126 ent=1.2242 tot=-0.0064 agnorm=0.080 cgnorm=0.071 kl=0.0003 clipf=0.001 ev=+0.909 r0=1.0000 entcoef=1.00e-02 lr=1.9e-04 seed=9
iter= 463 step=1484800 ep_ret=-23.727 opt_ret=-23.727 step_rew=-0.2373 opt_step=-0.2373 gap0=23.727 dret=+52.603 eval_ret=n/a pursuer_target_distance=2.823 capture=0.010 score=0.003 pol=-0.0007 val=0.1181 ent=1.2263 tot=+0.0460 agnorm=0.068 cgnorm=0.263 kl=0.0012 clipf=0.008 ev=+0.505 r0=1.0000 entcoef=1.00e-02 lr=1.9e-04 seed=9
iter= 464 step=1488000 ep_ret=-43.739 opt_ret=-43.739 step_rew=-0.4374 opt_step=-0.4374 gap0=43.739 dret=+32.592 eval_ret=n/a pursuer_target_distance=3.895 capture=0.000 score=0.000 pol=-0.0007 val=0.0145 ent=1.2283 tot=-0.0057 agnorm=0.062 cgnorm=0.089 kl=0.0009 clipf=0.006 ev=+0.916 r0=1.0000 entcoef=1.00e-02 lr=1.9e-04 seed=9
iter= 465 step=1491200 ep_ret=-27.472 opt_ret=-27.472 step_rew=-0.2747 opt_step=-0.2747 gap0=27.472 dret=+48.858 eval_ret=n/a pursuer_target_distance=2.878 capture=0.008 score=0.002 pol=-0.0005 val=0.0573 ent=1.2494 tot=+0.0157 agnorm=0.080 cgnorm=0.113 kl=0.0005 clipf=0.002 ev=+0.701 r0=1.0000 entcoef=1.00e-02 lr=1.9e-04 seed=9
iter= 466 step=1494400 ep_ret=-37.762 opt_ret=-37.762 step_rew=-0.3776 opt_step=-0.3776 gap0=37.762 dret=+38.568 eval_ret=n/a pursuer_target_distance=3.288 capture=0.000 score=0.000 pol=-0.0005 val=0.0123 ent=1.2191 tot=-0.0066 agnorm=0.074 cgnorm=0.071 kl=0.0012 clipf=0.006 ev=+0.936 r0=1.0000 entcoef=1.00e-02 lr=1.8e-04 seed=9
iter= 467 step=1497600 ep_ret=-36.875 opt_ret=-36.875 step_rew=-0.3687 opt_step=-0.3687 gap0=36.875 dret=+39.455 eval_ret=n/a pursuer_target_distance=3.036 capture=0.001 score=0.000 pol=-0.0009 val=0.0155 ent=1.2369 tot=-0.0055 agnorm=0.099 cgnorm=0.087 kl=0.0011 clipf=0.005 ev=+0.928 r0=1.0000 entcoef=1.00e-02 lr=1.8e-04 seed=9
iter= 468 step=1500800 ep_ret=-38.593 opt_ret=-38.593 step_rew=-0.3859 opt_step=-0.3859 gap0=38.593 dret=+37.737 eval_ret=n/a pursuer_target_distance=3.214 capture=0.000 score=0.000 pol=-0.0007 val=0.0153 ent=1.2204 tot=-0.0053 agnorm=0.074 cgnorm=0.092 kl=0.0014 clipf=0.008 ev=+0.890 r0=1.0000 entcoef=1.00e-02 lr=1.8e-04 seed=9
iter= 469 step=1504000 ep_ret=-19.898 opt_ret=-19.898 step_rew=-0.1990 opt_step=-0.1990 gap0=19.898 dret=+56.432 eval_ret=n/a pursuer_target_distance=3.167 capture=0.015 score=0.004 pol=-0.0008 val=0.1827 ent=1.2218 tot=+0.0784 agnorm=0.065 cgnorm=0.201 kl=0.0008 clipf=0.003 ev=+0.556 r0=1.0000 entcoef=1.00e-02 lr=1.8e-04 seed=9
iter= 470 step=1507200 ep_ret=-45.968 opt_ret=-45.968 step_rew=-0.4597 opt_step=-0.4597 gap0=45.968 dret=+30.363 eval_ret=n/a pursuer_target_distance=3.428 capture=0.000 score=0.000 pol=-0.0009 val=0.0223 ent=1.2297 tot=-0.0020 agnorm=0.089 cgnorm=0.102 kl=0.0010 clipf=0.006 ev=+0.909 r0=1.0000 entcoef=1.00e-02 lr=1.8e-04 seed=9
iter= 471 step=1510400 ep_ret=-30.386 opt_ret=-30.386 step_rew=-0.3039 opt_step=-0.3039 gap0=30.386 dret=+45.944 eval_ret=n/a pursuer_target_distance=2.648 capture=0.001 score=0.000 pol=-0.0008 val=0.0148 ent=1.2644 tot=-0.0060 agnorm=0.073 cgnorm=0.094 kl=0.0013 clipf=0.005 ev=+0.860 r0=1.0000 entcoef=1.00e-02 lr=1.8e-04 seed=9
iter= 472 step=1513600 ep_ret=-30.375 opt_ret=-30.375 step_rew=-0.3038 opt_step=-0.3038 gap0=30.375 dret=+45.955 eval_ret=n/a pursuer_target_distance=2.661 capture=0.000 score=0.000 pol=-0.0008 val=0.0114 ent=1.2386 tot=-0.0075 agnorm=0.095 cgnorm=0.080 kl=0.0010 clipf=0.006 ev=+0.923 r0=1.0000 entcoef=1.00e-02 lr=1.8e-04 seed=9
iter= 473 step=1516800 ep_ret=-32.190 opt_ret=-32.190 step_rew=-0.3219 opt_step=-0.3219 gap0=32.190 dret=+44.140 eval_ret=n/a pursuer_target_distance=3.215 capture=0.007 score=0.002 pol=-0.0003 val=0.0885 ent=1.2680 tot=+0.0313 agnorm=0.061 cgnorm=0.207 kl=0.0004 clipf=0.000 ev=+0.623 r0=1.0000 entcoef=1.00e-02 lr=1.8e-04 seed=9
iter= 474 step=1520000 ep_ret=-36.683 opt_ret=-36.683 step_rew=-0.3668 opt_step=-0.3668 gap0=36.683 dret=+39.647 eval_ret=n/a pursuer_target_distance=2.713 capture=0.000 score=0.000 pol=-0.0006 val=0.0180 ent=1.2815 tot=-0.0044 agnorm=0.068 cgnorm=0.133 kl=0.0008 clipf=0.002 ev=+0.894 r0=1.0000 entcoef=1.00e-02 lr=1.8e-04 seed=9
iter= 475 step=1523200 ep_ret=-27.439 opt_ret=-27.439 step_rew=-0.2744 opt_step=-0.2744 gap0=27.439 dret=+48.891 eval_ret=n/a pursuer_target_distance=2.737 capture=0.009 score=0.002 pol=-0.0006 val=0.1092 ent=1.2572 tot=+0.0414 agnorm=0.112 cgnorm=0.117 kl=0.0007 clipf=0.003 ev=+0.588 r0=1.0000 entcoef=1.00e-02 lr=1.7e-04 seed=9
iter= 476 step=1526400 ep_ret=-35.143 opt_ret=-35.143 step_rew=-0.3514 opt_step=-0.3514 gap0=35.143 dret=+41.188 eval_ret=n/a pursuer_target_distance=2.941 capture=0.000 score=0.000 pol=-0.0006 val=0.0119 ent=1.2611 tot=-0.0073 agnorm=0.068 cgnorm=0.076 kl=0.0006 clipf=0.001 ev=+0.919 r0=1.0000 entcoef=1.00e-02 lr=1.7e-04 seed=9
iter= 477 step=1529600 ep_ret=-36.337 opt_ret=-36.337 step_rew=-0.3634 opt_step=-0.3634 gap0=36.337 dret=+39.993 eval_ret=n/a pursuer_target_distance=3.007 capture=0.000 score=0.000 pol=-0.0005 val=0.0131 ent=1.2430 tot=-0.0064 agnorm=0.068 cgnorm=0.080 kl=0.0004 clipf=0.000 ev=+0.904 r0=1.0000 entcoef=1.00e-02 lr=1.7e-04 seed=9
iter= 478 step=1532800 ep_ret=-32.650 opt_ret=-32.650 step_rew=-0.3265 opt_step=-0.3265 gap0=32.650 dret=+43.680 eval_ret=n/a pursuer_target_distance=2.827 capture=0.000 score=0.000 pol=-0.0004 val=0.0134 ent=1.2646 tot=-0.0063 agnorm=0.086 cgnorm=0.058 kl=0.0004 clipf=0.001 ev=+0.916 r0=1.0000 entcoef=1.00e-02 lr=1.7e-04 seed=9
iter= 479 step=1536000 ep_ret=-24.696 opt_ret=-24.696 step_rew=-0.2470 opt_step=-0.2470 gap0=24.696 dret=+51.634 eval_ret=n/a pursuer_target_distance=3.134 capture=0.010 score=0.002 pol=-0.0007 val=0.1287 ent=1.2284 tot=+0.0513 agnorm=0.072 cgnorm=0.168 kl=0.0014 clipf=0.010 ev=+0.387 r0=1.0000 entcoef=1.00e-02 lr=1.7e-04 seed=9
iter= 480 step=1539200 ep_ret=-30.993 opt_ret=-30.993 step_rew=-0.3099 opt_step=-0.3099 gap0=30.993 dret=+45.337 eval_ret=+13.245 pursuer_target_distance=2.561 capture=0.000 score=0.000 pol=-0.0005 val=0.0136 ent=1.2513 tot=-0.0062 agnorm=0.050 cgnorm=0.085 kl=0.0007 clipf=0.003 ev=+0.895 r0=1.0000 entcoef=1.00e-02 lr=1.7e-04 seed=9
iter= 481 step=1542400 ep_ret=-36.501 opt_ret=-36.501 step_rew=-0.3650 opt_step=-0.3650 gap0=36.501 dret=+39.829 eval_ret=n/a pursuer_target_distance=3.382 capture=0.000 score=0.000 pol=-0.0009 val=0.0132 ent=1.2412 tot=-0.0067 agnorm=0.110 cgnorm=0.087 kl=0.0012 clipf=0.009 ev=+0.887 r0=1.0000 entcoef=1.00e-02 lr=1.7e-04 seed=9
iter= 482 step=1545600 ep_ret=-25.662 opt_ret=-25.662 step_rew=-0.2566 opt_step=-0.2566 gap0=25.662 dret=+50.668 eval_ret=n/a pursuer_target_distance=2.806 capture=0.008 score=0.002 pol=-0.0004 val=0.0450 ent=1.2357 tot=+0.0097 agnorm=0.048 cgnorm=0.122 kl=0.0005 clipf=0.001 ev=+0.778 r0=1.0000 entcoef=1.00e-02 lr=1.7e-04 seed=9
iter= 483 step=1548800 ep_ret=-40.252 opt_ret=-40.252 step_rew=-0.4025 opt_step=-0.4025 gap0=40.252 dret=+36.078 eval_ret=n/a pursuer_target_distance=3.612 capture=0.000 score=0.000 pol=-0.0008 val=0.0118 ent=1.2255 tot=-0.0071 agnorm=0.083 cgnorm=0.078 kl=0.0010 clipf=0.005 ev=+0.944 r0=1.0000 entcoef=1.00e-02 lr=1.7e-04 seed=9
iter= 484 step=1552000 ep_ret=-39.337 opt_ret=-39.337 step_rew=-0.3934 opt_step=-0.3934 gap0=39.337 dret=+36.993 eval_ret=n/a pursuer_target_distance=3.332 capture=0.000 score=0.000 pol=-0.0008 val=0.0155 ent=1.2518 tot=-0.0056 agnorm=0.060 cgnorm=0.098 kl=0.0010 clipf=0.002 ev=+0.907 r0=1.0000 entcoef=1.00e-02 lr=1.6e-04 seed=9
iter= 485 step=1555200 ep_ret=-26.165 opt_ret=-26.165 step_rew=-0.2617 opt_step=-0.2617 gap0=26.165 dret=+50.165 eval_ret=n/a pursuer_target_distance=2.459 capture=0.002 score=0.000 pol=-0.0009 val=0.0128 ent=1.2508 tot=-0.0070 agnorm=0.091 cgnorm=0.055 kl=0.0008 clipf=0.003 ev=+0.902 r0=1.0000 entcoef=1.00e-02 lr=1.6e-04 seed=9
iter= 486 step=1558400 ep_ret=-34.219 opt_ret=-34.219 step_rew=-0.3422 opt_step=-0.3422 gap0=34.219 dret=+42.112 eval_ret=n/a pursuer_target_distance=2.461 capture=0.000 score=0.000 pol=-0.0003 val=0.0180 ent=1.2580 tot=-0.0039 agnorm=0.076 cgnorm=0.079 kl=0.0006 clipf=0.001 ev=+0.902 r0=1.0000 entcoef=1.00e-02 lr=1.6e-04 seed=9
iter= 487 step=1561600 ep_ret=-32.475 opt_ret=-32.475 step_rew=-0.3248 opt_step=-0.3248 gap0=32.475 dret=+43.855 eval_ret=n/a pursuer_target_distance=2.960 capture=0.000 score=0.000 pol=-0.0015 val=0.0090 ent=1.2651 tot=-0.0097 agnorm=0.112 cgnorm=0.056 kl=0.0016 clipf=0.012 ev=+0.909 r0=1.0000 entcoef=1.00e-02 lr=1.6e-04 seed=9
iter= 488 step=1564800 ep_ret=-26.855 opt_ret=-26.855 step_rew=-0.2685 opt_step=-0.2685 gap0=26.855 dret=+49.476 eval_ret=n/a pursuer_target_distance=2.276 capture=0.000 score=0.000 pol=-0.0008 val=0.0080 ent=1.2251 tot=-0.0091 agnorm=0.076 cgnorm=0.065 kl=0.0011 clipf=0.004 ev=+0.903 r0=1.0000 entcoef=1.00e-02 lr=1.6e-04 seed=9
iter= 489 step=1568000 ep_ret=-26.839 opt_ret=-26.839 step_rew=-0.2684 opt_step=-0.2684 gap0=26.839 dret=+49.491 eval_ret=n/a pursuer_target_distance=2.910 capture=0.008 score=0.002 pol=-0.0006 val=0.1150 ent=1.2097 tot=+0.0448 agnorm=0.063 cgnorm=0.181 kl=0.0007 clipf=0.002 ev=+0.406 r0=1.0000 entcoef=1.00e-02 lr=1.6e-04 seed=9
iter= 490 step=1571200 ep_ret=-38.154 opt_ret=-38.154 step_rew=-0.3815 opt_step=-0.3815 gap0=38.154 dret=+38.176 eval_ret=n/a pursuer_target_distance=3.419 capture=0.002 score=0.000 pol=-0.0008 val=0.0172 ent=1.2399 tot=-0.0046 agnorm=0.098 cgnorm=0.089 kl=0.0009 clipf=0.006 ev=+0.907 r0=1.0000 entcoef=1.00e-02 lr=1.6e-04 seed=9
iter= 491 step=1574400 ep_ret=-33.840 opt_ret=-33.840 step_rew=-0.3384 opt_step=-0.3384 gap0=33.840 dret=+42.491 eval_ret=n/a pursuer_target_distance=2.884 capture=0.005 score=0.001 pol=-0.0006 val=0.0602 ent=1.2191 tot=+0.0173 agnorm=0.130 cgnorm=0.112 kl=0.0010 clipf=0.008 ev=+0.757 r0=1.0000 entcoef=1.00e-02 lr=1.6e-04 seed=9
iter= 492 step=1577600 ep_ret=-38.582 opt_ret=-38.582 step_rew=-0.3858 opt_step=-0.3858 gap0=38.582 dret=+37.749 eval_ret=n/a pursuer_target_distance=3.008 capture=0.000 score=0.000 pol=-0.0005 val=0.0230 ent=1.2281 tot=-0.0013 agnorm=0.072 cgnorm=0.088 kl=0.0008 clipf=0.003 ev=+0.859 r0=1.0000 entcoef=1.00e-02 lr=1.6e-04 seed=9
iter= 493 step=1580800 ep_ret=-43.927 opt_ret=-43.927 step_rew=-0.4393 opt_step=-0.4393 gap0=43.927 dret=+32.403 eval_ret=n/a pursuer_target_distance=3.692 capture=0.008 score=0.002 pol=-0.0004 val=0.1192 ent=1.2283 tot=+0.0469 agnorm=0.069 cgnorm=0.147 kl=0.0004 clipf=0.000 ev=+0.615 r0=1.0000 entcoef=1.00e-02 lr=1.5e-04 seed=9
iter= 494 step=1584000 ep_ret=-13.430 opt_ret=-13.430 step_rew=-0.1343 opt_step=-0.1343 gap0=13.430 dret=+62.901 eval_ret=n/a pursuer_target_distance=2.548 capture=0.014 score=0.004 pol=-0.0007 val=0.2147 ent=1.2308 tot=+0.0944 agnorm=0.090 cgnorm=0.151 kl=0.0014 clipf=0.014 ev=+0.390 r0=1.0000 entcoef=1.00e-02 lr=1.5e-04 seed=9
iter= 495 step=1587200 ep_ret=-31.241 opt_ret=-31.241 step_rew=-0.3124 opt_step=-0.3124 gap0=31.241 dret=+45.089 eval_ret=n/a pursuer_target_distance=2.637 capture=0.000 score=0.000 pol=-0.0004 val=0.0152 ent=1.2394 tot=-0.0052 agnorm=0.066 cgnorm=0.067 kl=0.0006 clipf=0.001 ev=+0.868 r0=1.0000 entcoef=1.00e-02 lr=1.5e-04 seed=9
iter= 496 step=1590400 ep_ret=-9.483 opt_ret=-9.483 step_rew=-0.0948 opt_step=-0.0948 gap0=9.483 dret=+66.847 eval_ret=n/a pursuer_target_distance=2.506 capture=0.022 score=0.006 pol=-0.0010 val=0.2565 ent=1.2265 tot=+0.1149 agnorm=0.137 cgnorm=0.207 kl=0.0015 clipf=0.012 ev=+0.359 r0=1.0000 entcoef=1.00e-02 lr=1.5e-04 seed=9
iter= 497 step=1593600 ep_ret=-26.900 opt_ret=-26.900 step_rew=-0.2690 opt_step=-0.2690 gap0=26.900 dret=+49.430 eval_ret=n/a pursuer_target_distance=2.182 capture=0.000 score=0.000 pol=-0.0005 val=0.0089 ent=1.2439 tot=-0.0085 agnorm=0.097 cgnorm=0.075 kl=0.0005 clipf=0.001 ev=+0.902 r0=1.0000 entcoef=1.00e-02 lr=1.5e-04 seed=9
iter= 498 step=1596800 ep_ret=-32.236 opt_ret=-32.236 step_rew=-0.3224 opt_step=-0.3224 gap0=32.236 dret=+44.095 eval_ret=n/a pursuer_target_distance=3.258 capture=0.004 score=0.001 pol=-0.0004 val=0.0513 ent=1.2300 tot=+0.0130 agnorm=0.069 cgnorm=0.125 kl=0.0012 clipf=0.008 ev=+0.731 r0=1.0000 entcoef=1.00e-02 lr=1.5e-04 seed=9
iter= 499 step=1600000 ep_ret=-31.382 opt_ret=-31.382 step_rew=-0.3138 opt_step=-0.3138 gap0=31.382 dret=+44.948 eval_ret=n/a pursuer_target_distance=3.031 capture=0.002 score=0.000 pol=-0.0004 val=0.0153 ent=1.2339 tot=-0.0051 agnorm=0.054 cgnorm=0.103 kl=0.0004 clipf=0.000 ev=+0.901 r0=1.0000 entcoef=1.00e-02 lr=1.5e-04 seed=9
iter= 500 step=1603200 ep_ret=-13.176 opt_ret=-13.176 step_rew=-0.1318 opt_step=-0.1318 gap0=13.176 dret=+63.154 eval_ret=+14.141 pursuer_target_distance=2.467 capture=0.016 score=0.005 pol=-0.0006 val=0.1981 ent=1.2521 tot=+0.0859 agnorm=0.102 cgnorm=0.215 kl=0.0008 clipf=0.005 ev=+0.531 r0=1.0000 entcoef=1.00e-02 lr=1.5e-04 seed=9
iter= 501 step=1606400 ep_ret=-30.120 opt_ret=-30.120 step_rew=-0.3012 opt_step=-0.3012 gap0=30.120 dret=+46.210 eval_ret=n/a pursuer_target_distance=2.706 capture=0.003 score=0.001 pol=-0.0004 val=0.0277 ent=1.2289 tot=+0.0011 agnorm=0.065 cgnorm=0.089 kl=0.0004 clipf=0.000 ev=+0.837 r0=1.0000 entcoef=1.00e-02 lr=1.5e-04 seed=9
iter= 502 step=1609600 ep_ret=-33.418 opt_ret=-33.418 step_rew=-0.3342 opt_step=-0.3342 gap0=33.418 dret=+42.913 eval_ret=n/a pursuer_target_distance=2.719 capture=0.003 score=0.001 pol=-0.0011 val=0.0204 ent=1.2264 tot=-0.0032 agnorm=0.144 cgnorm=0.095 kl=0.0016 clipf=0.020 ev=+0.864 r0=1.0000 entcoef=1.00e-02 lr=1.4e-04 seed=9
iter= 503 step=1612800 ep_ret=-22.945 opt_ret=-22.945 step_rew=-0.2295 opt_step=-0.2295 gap0=22.945 dret=+53.385 eval_ret=n/a pursuer_target_distance=2.262 capture=0.004 score=0.001 pol=-0.0005 val=0.0296 ent=1.2562 tot=+0.0017 agnorm=0.119 cgnorm=0.070 kl=0.0018 clipf=0.022 ev=+0.791 r0=1.0000 entcoef=1.00e-02 lr=1.4e-04 seed=9
iter= 504 step=1616000 ep_ret=-32.163 opt_ret=-32.163 step_rew=-0.3216 opt_step=-0.3216 gap0=32.163 dret=+44.167 eval_ret=n/a pursuer_target_distance=3.043 capture=0.003 score=0.001 pol=-0.0004 val=0.0282 ent=1.2256 tot=+0.0015 agnorm=0.075 cgnorm=0.100 kl=0.0005 clipf=0.001 ev=+0.849 r0=1.0000 entcoef=1.00e-02 lr=1.4e-04 seed=9
iter= 505 step=1619200 ep_ret=-27.950 opt_ret=-27.950 step_rew=-0.2795 opt_step=-0.2795 gap0=27.950 dret=+48.380 eval_ret=n/a pursuer_target_distance=2.214 capture=0.000 score=0.000 pol=-0.0008 val=0.0101 ent=1.2556 tot=-0.0082 agnorm=0.083 cgnorm=0.063 kl=0.0013 clipf=0.009 ev=+0.918 r0=1.0000 entcoef=1.00e-02 lr=1.4e-04 seed=9
iter= 506 step=1622400 ep_ret=-30.771 opt_ret=-30.771 step_rew=-0.3077 opt_step=-0.3077 gap0=30.771 dret=+45.560 eval_ret=n/a pursuer_target_distance=2.436 capture=0.000 score=0.000 pol=-0.0007 val=0.0093 ent=1.2263 tot=-0.0083 agnorm=0.156 cgnorm=0.056 kl=0.0009 clipf=0.005 ev=+0.915 r0=1.0000 entcoef=1.00e-02 lr=1.4e-04 seed=9
iter= 507 step=1625600 ep_ret=-27.451 opt_ret=-27.451 step_rew=-0.2745 opt_step=-0.2745 gap0=27.451 dret=+48.879 eval_ret=n/a pursuer_target_distance=2.313 capture=0.000 score=0.000 pol=-0.0007 val=0.0096 ent=1.2367 tot=-0.0083 agnorm=0.108 cgnorm=0.058 kl=0.0009 clipf=0.002 ev=+0.912 r0=1.0000 entcoef=1.00e-02 lr=1.4e-04 seed=9
iter= 508 step=1628800 ep_ret=-33.569 opt_ret=-33.569 step_rew=-0.3357 opt_step=-0.3357 gap0=33.569 dret=+42.762 eval_ret=n/a pursuer_target_distance=3.004 capture=0.003 score=0.001 pol=-0.0004 val=0.0216 ent=1.2320 tot=-0.0020 agnorm=0.089 cgnorm=0.077 kl=0.0010 clipf=0.006 ev=+0.879 r0=1.0000 entcoef=1.00e-02 lr=1.4e-04 seed=9
iter= 509 step=1632000 ep_ret=-18.935 opt_ret=-18.935 step_rew=-0.1894 opt_step=-0.1894 gap0=18.935 dret=+57.395 eval_ret=n/a pursuer_target_distance=2.201 capture=0.010 score=0.003 pol=-0.0012 val=0.1349 ent=1.2441 tot=+0.0538 agnorm=0.125 cgnorm=0.192 kl=0.0011 clipf=0.009 ev=+0.435 r0=1.0000 entcoef=1.00e-02 lr=1.4e-04 seed=9
iter= 510 step=1635200 ep_ret=-19.092 opt_ret=-19.092 step_rew=-0.1909 opt_step=-0.1909 gap0=19.092 dret=+57.238 eval_ret=n/a pursuer_target_distance=2.262 capture=0.008 score=0.002 pol=-0.0005 val=0.0632 ent=1.2484 tot=+0.0186 agnorm=0.103 cgnorm=0.136 kl=0.0007 clipf=0.004 ev=+0.626 r0=1.0000 entcoef=1.00e-02 lr=1.4e-04 seed=9
iter= 511 step=1638400 ep_ret=-32.969 opt_ret=-32.969 step_rew=-0.3297 opt_step=-0.3297 gap0=32.969 dret=+43.361 eval_ret=n/a pursuer_target_distance=2.897 capture=0.000 score=0.000 pol=-0.0007 val=0.0104 ent=1.2559 tot=-0.0081 agnorm=0.134 cgnorm=0.069 kl=0.0009 clipf=0.003 ev=+0.919 r0=1.0000 entcoef=1.00e-02 lr=1.3e-04 seed=9
iter= 512 step=1641600 ep_ret=-34.535 opt_ret=-34.535 step_rew=-0.3453 opt_step=-0.3453 gap0=34.535 dret=+41.796 eval_ret=n/a pursuer_target_distance=2.796 capture=0.000 score=0.000 pol=-0.0002 val=0.0128 ent=1.2634 tot=-0.0064 agnorm=0.064 cgnorm=0.071 kl=0.0007 clipf=0.002 ev=+0.913 r0=1.0000 entcoef=1.00e-02 lr=1.3e-04 seed=9
iter= 513 step=1644800 ep_ret=-26.755 opt_ret=-26.755 step_rew=-0.2676 opt_step=-0.2676 gap0=26.755 dret=+49.575 eval_ret=n/a pursuer_target_distance=2.619 capture=0.002 score=0.001 pol=-0.0008 val=0.0159 ent=1.2781 tot=-0.0057 agnorm=0.135 cgnorm=0.062 kl=0.0009 clipf=0.008 ev=+0.859 r0=1.0000 entcoef=1.00e-02 lr=1.3e-04 seed=9
iter= 514 step=1648000 ep_ret=-12.431 opt_ret=-12.431 step_rew=-0.1243 opt_step=-0.1243 gap0=12.431 dret=+63.900 eval_ret=n/a pursuer_target_distance=2.088 capture=0.014 score=0.005 pol=-0.0002 val=0.1319 ent=1.2885 tot=+0.0529 agnorm=0.080 cgnorm=0.178 kl=0.0002 clipf=0.000 ev=+0.545 r0=1.0000 entcoef=1.00e-02 lr=1.3e-04 seed=9
iter= 515 step=1651200 ep_ret=-26.401 opt_ret=-26.401 step_rew=-0.2640 opt_step=-0.2640 gap0=26.401 dret=+49.929 eval_ret=n/a pursuer_target_distance=2.438 capture=0.006 score=0.002 pol=-0.0005 val=0.0621 ent=1.2667 tot=+0.0179 agnorm=0.076 cgnorm=0.134 kl=0.0002 clipf=0.000 ev=+0.742 r0=1.0000 entcoef=1.00e-02 lr=1.3e-04 seed=9
iter= 516 step=1654400 ep_ret=-33.676 opt_ret=-33.676 step_rew=-0.3368 opt_step=-0.3368 gap0=33.676 dret=+42.654 eval_ret=n/a pursuer_target_distance=2.879 capture=0.004 score=0.001 pol=-0.0007 val=0.0333 ent=1.2602 tot=+0.0034 agnorm=0.074 cgnorm=0.115 kl=0.0010 clipf=0.002 ev=+0.853 r0=1.0000 entcoef=1.00e-02 lr=1.3e-04 seed=9
iter= 517 step=1657600 ep_ret=-24.901 opt_ret=-24.901 step_rew=-0.2490 opt_step=-0.2490 gap0=24.901 dret=+51.429 eval_ret=n/a pursuer_target_distance=1.907 capture=0.000 score=0.000 pol=-0.0005 val=0.0082 ent=1.2712 tot=-0.0092 agnorm=0.082 cgnorm=0.043 kl=0.0004 clipf=0.001 ev=+0.924 r0=1.0000 entcoef=1.00e-02 lr=1.3e-04 seed=9
iter= 518 step=1660800 ep_ret=-20.073 opt_ret=-20.073 step_rew=-0.2007 opt_step=-0.2007 gap0=20.073 dret=+56.257 eval_ret=n/a pursuer_target_distance=2.571 capture=0.009 score=0.003 pol=-0.0004 val=0.0839 ent=1.2598 tot=+0.0290 agnorm=0.064 cgnorm=0.176 kl=0.0005 clipf=0.000 ev=+0.569 r0=1.0000 entcoef=1.00e-02 lr=1.3e-04 seed=9
iter= 519 step=1664000 ep_ret=-25.371 opt_ret=-25.371 step_rew=-0.2537 opt_step=-0.2537 gap0=25.371 dret=+50.959 eval_ret=n/a pursuer_target_distance=2.308 capture=0.000 score=0.000 pol=-0.0006 val=0.0088 ent=1.2544 tot=-0.0087 agnorm=0.079 cgnorm=0.068 kl=0.0007 clipf=0.001 ev=+0.911 r0=1.0000 entcoef=1.00e-02 lr=1.3e-04 seed=9
iter= 520 step=1667200 ep_ret=-28.740 opt_ret=-28.740 step_rew=-0.2874 opt_step=-0.2874 gap0=28.740 dret=+47.590 eval_ret=-11.079 pursuer_target_distance=2.494 capture=0.000 score=0.000 pol=-0.0011 val=0.0100 ent=1.2572 tot=-0.0086 agnorm=0.164 cgnorm=0.064 kl=0.0011 clipf=0.008 ev=+0.906 r0=1.0000 entcoef=1.00e-02 lr=1.3e-04 seed=9
iter= 521 step=1670400 ep_ret=-33.758 opt_ret=-33.758 step_rew=-0.3376 opt_step=-0.3376 gap0=33.758 dret=+42.572 eval_ret=n/a pursuer_target_distance=3.186 capture=0.001 score=0.000 pol=-0.0008 val=0.0115 ent=1.2587 tot=-0.0076 agnorm=0.046 cgnorm=0.056 kl=0.0008 clipf=0.001 ev=+0.934 r0=1.0000 entcoef=1.00e-02 lr=1.2e-04 seed=9
iter= 522 step=1673600 ep_ret=-35.225 opt_ret=-35.225 step_rew=-0.3523 opt_step=-0.3523 gap0=35.225 dret=+41.105 eval_ret=n/a pursuer_target_distance=2.710 capture=0.001 score=0.000 pol=-0.0007 val=0.0153 ent=1.2618 tot=-0.0057 agnorm=0.071 cgnorm=0.072 kl=0.0008 clipf=0.002 ev=+0.918 r0=1.0000 entcoef=1.00e-02 lr=1.2e-04 seed=9
iter= 523 step=1676800 ep_ret=-24.294 opt_ret=-24.294 step_rew=-0.2429 opt_step=-0.2429 gap0=24.294 dret=+52.036 eval_ret=n/a pursuer_target_distance=3.224 capture=0.017 score=0.004 pol=-0.0001 val=0.2158 ent=1.2331 tot=+0.0955 agnorm=0.064 cgnorm=0.316 kl=0.0002 clipf=0.000 ev=+0.479 r0=1.0000 entcoef=1.00e-02 lr=1.2e-04 seed=9
iter= 524 step=1680000 ep_ret=-31.941 opt_ret=-31.941 step_rew=-0.3194 opt_step=-0.3194 gap0=31.941 dret=+44.389 eval_ret=n/a pursuer_target_distance=2.883 capture=0.003 score=0.001 pol=-0.0004 val=0.0273 ent=1.2472 tot=+0.0008 agnorm=0.101 cgnorm=0.082 kl=0.0004 clipf=0.001 ev=+0.819 r0=1.0000 entcoef=1.00e-02 lr=1.2e-04 seed=9
iter= 525 step=1683200 ep_ret=-19.979 opt_ret=-19.979 step_rew=-0.1998 opt_step=-0.1998 gap0=19.979 dret=+56.351 eval_ret=n/a pursuer_target_distance=2.380 capture=0.007 score=0.002 pol=-0.0011 val=0.0680 ent=1.2578 tot=+0.0203 agnorm=0.107 cgnorm=0.109 kl=0.0013 clipf=0.005 ev=+0.552 r0=1.0000 entcoef=1.00e-02 lr=1.2e-04 seed=9
iter= 526 step=1686400 ep_ret=-20.614 opt_ret=-20.614 step_rew=-0.2061 opt_step=-0.2061 gap0=20.614 dret=+55.716 eval_ret=n/a pursuer_target_distance=2.729 capture=0.010 score=0.003 pol=-0.0004 val=0.0807 ent=1.2483 tot=+0.0275 agnorm=0.047 cgnorm=0.139 kl=0.0006 clipf=0.000 ev=+0.621 r0=1.0000 entcoef=1.00e-02 lr=1.2e-04 seed=9
iter= 527 step=1689600 ep_ret=-33.155 opt_ret=-33.155 step_rew=-0.3316 opt_step=-0.3316 gap0=33.155 dret=+43.175 eval_ret=n/a pursuer_target_distance=2.795 capture=0.000 score=0.000 pol=-0.0004 val=0.0153 ent=1.2641 tot=-0.0054 agnorm=0.124 cgnorm=0.098 kl=0.0007 clipf=0.006 ev=+0.914 r0=1.0000 entcoef=1.00e-02 lr=1.2e-04 seed=9
iter= 528 step=1692800 ep_ret=-30.408 opt_ret=-30.408 step_rew=-0.3041 opt_step=-0.3041 gap0=30.408 dret=+45.923 eval_ret=n/a pursuer_target_distance=2.550 capture=0.000 score=0.000 pol=-0.0006 val=0.0093 ent=1.2578 tot=-0.0085 agnorm=0.092 cgnorm=0.053 kl=0.0006 clipf=0.003 ev=+0.917 r0=1.0000 entcoef=1.00e-02 lr=1.2e-04 seed=9
iter= 529 step=1696000 ep_ret=-22.002 opt_ret=-22.002 step_rew=-0.2200 opt_step=-0.2200 gap0=22.002 dret=+54.329 eval_ret=n/a pursuer_target_distance=2.171 capture=0.004 score=0.001 pol=-0.0009 val=0.0328 ent=1.2484 tot=+0.0030 agnorm=0.175 cgnorm=0.112 kl=0.0010 clipf=0.009 ev=+0.781 r0=1.0000 entcoef=1.00e-02 lr=1.2e-04 seed=9
iter= 530 step=1699200 ep_ret=-36.645 opt_ret=-36.645 step_rew=-0.3665 opt_step=-0.3665 gap0=36.645 dret=+39.685 eval_ret=n/a pursuer_target_distance=2.998 capture=0.000 score=0.000 pol=-0.0001 val=0.0129 ent=1.2260 tot=-0.0060 agnorm=0.085 cgnorm=0.075 kl=0.0004 clipf=0.000 ev=+0.916 r0=1.0000 entcoef=1.00e-02 lr=1.1e-04 seed=9
iter= 531 step=1702400 ep_ret=-30.945 opt_ret=-30.945 step_rew=-0.3094 opt_step=-0.3094 gap0=30.945 dret=+45.386 eval_ret=n/a pursuer_target_distance=2.566 capture=0.000 score=0.000 pol=-0.0006 val=0.0130 ent=1.2250 tot=-0.0063 agnorm=0.077 cgnorm=0.082 kl=0.0005 clipf=0.000 ev=+0.895 r0=1.0000 entcoef=1.00e-02 lr=1.1e-04 seed=9
iter= 532 step=1705600 ep_ret=-33.712 opt_ret=-33.712 step_rew=-0.3371 opt_step=-0.3371 gap0=33.712 dret=+42.618 eval_ret=n/a pursuer_target_distance=2.622 capture=0.000 score=0.000 pol=-0.0007 val=0.0152 ent=1.2363 tot=-0.0055 agnorm=0.073 cgnorm=0.097 kl=0.0010 clipf=0.004 ev=+0.898 r0=1.0000 entcoef=1.00e-02 lr=1.1e-04 seed=9
iter= 533 step=1708800 ep_ret=-26.181 opt_ret=-26.181 step_rew=-0.2618 opt_step=-0.2618 gap0=26.181 dret=+50.149 eval_ret=n/a pursuer_target_distance=2.721 capture=0.006 score=0.002 pol=-0.0004 val=0.0375 ent=1.2322 tot=+0.0060 agnorm=0.086 cgnorm=0.079 kl=0.0006 clipf=0.004 ev=+0.794 r0=1.0000 entcoef=1.00e-02 lr=1.1e-04 seed=9
iter= 534 step=1712000 ep_ret=-26.838 opt_ret=-26.838 step_rew=-0.2684 opt_step=-0.2684 gap0=26.838 dret=+49.493 eval_ret=n/a pursuer_target_distance=2.288 capture=0.000 score=0.000 pol=-0.0004 val=0.0091 ent=1.2304 tot=-0.0082 agnorm=0.096 cgnorm=0.058 kl=0.0004 clipf=0.001 ev=+0.913 r0=1.0000 entcoef=1.00e-02 lr=1.1e-04 seed=9
iter= 535 step=1715200 ep_ret=-24.600 opt_ret=-24.600 step_rew=-0.2460 opt_step=-0.2460 gap0=24.600 dret=+51.730 eval_ret=n/a pursuer_target_distance=3.011 capture=0.015 score=0.004 pol=-0.0008 val=0.2463 ent=1.2149 tot=+0.1102 agnorm=0.167 cgnorm=0.250 kl=0.0013 clipf=0.009 ev=+0.285 r0=1.0000 entcoef=1.00e-02 lr=1.1e-04 seed=9
iter= 536 step=1718400 ep_ret=-36.501 opt_ret=-36.501 step_rew=-0.3650 opt_step=-0.3650 gap0=36.501 dret=+39.829 eval_ret=n/a pursuer_target_distance=2.476 capture=0.000 score=0.000 pol=-0.0003 val=0.0166 ent=1.2048 tot=-0.0040 agnorm=0.080 cgnorm=0.103 kl=0.0007 clipf=0.002 ev=+0.900 r0=1.0000 entcoef=1.00e-02 lr=1.1e-04 seed=9
iter= 537 step=1721600 ep_ret=-23.819 opt_ret=-23.819 step_rew=-0.2382 opt_step=-0.2382 gap0=23.819 dret=+52.511 eval_ret=n/a pursuer_target_distance=2.694 capture=0.008 score=0.002 pol=-0.0005 val=0.0980 ent=1.2227 tot=+0.0363 agnorm=0.075 cgnorm=0.097 kl=0.0003 clipf=0.000 ev=+0.549 r0=1.0000 entcoef=1.00e-02 lr=1.1e-04 seed=9
iter= 538 step=1724800 ep_ret=-30.610 opt_ret=-30.610 step_rew=-0.3061 opt_step=-0.3061 gap0=30.610 dret=+45.720 eval_ret=n/a pursuer_target_distance=2.684 capture=0.000 score=0.000 pol=-0.0006 val=0.0084 ent=1.2077 tot=-0.0085 agnorm=0.111 cgnorm=0.054 kl=0.0006 clipf=0.002 ev=+0.931 r0=1.0000 entcoef=1.00e-02 lr=1.1e-04 seed=9
iter= 539 step=1728000 ep_ret=-26.516 opt_ret=-26.516 step_rew=-0.2652 opt_step=-0.2652 gap0=26.516 dret=+49.814 eval_ret=n/a pursuer_target_distance=2.606 capture=0.003 score=0.001 pol=-0.0002 val=0.0205 ent=1.2207 tot=-0.0022 agnorm=0.056 cgnorm=0.068 kl=0.0003 clipf=0.000 ev=+0.863 r0=1.0000 entcoef=1.00e-02 lr=1.0e-04 seed=9
iter= 540 step=1731200 ep_ret=-36.647 opt_ret=-36.647 step_rew=-0.3665 opt_step=-0.3665 gap0=36.647 dret=+39.683 eval_ret=+12.715 pursuer_target_distance=3.006 capture=0.000 score=0.000 pol=-0.0004 val=0.0125 ent=1.1927 tot=-0.0060 agnorm=0.087 cgnorm=0.062 kl=0.0005 clipf=0.003 ev=+0.894 r0=1.0000 entcoef=1.00e-02 lr=1.0e-04 seed=9
iter= 541 step=1734400 ep_ret=-29.947 opt_ret=-29.947 step_rew=-0.2995 opt_step=-0.2995 gap0=29.947 dret=+46.384 eval_ret=n/a pursuer_target_distance=3.095 capture=0.007 score=0.002 pol=-0.0002 val=0.0924 ent=1.2029 tot=+0.0339 agnorm=0.047 cgnorm=0.154 kl=0.0001 clipf=0.000 ev=+0.600 r0=1.0000 entcoef=1.00e-02 lr=1.0e-04 seed=9
iter= 542 step=1737600 ep_ret=-23.923 opt_ret=-23.923 step_rew=-0.2392 opt_step=-0.2392 gap0=23.923 dret=+52.407 eval_ret=n/a pursuer_target_distance=2.606 capture=0.011 score=0.003 pol=-0.0005 val=0.0976 ent=1.1833 tot=+0.0364 agnorm=0.081 cgnorm=0.148 kl=0.0002 clipf=0.000 ev=+0.540 r0=1.0000 entcoef=1.00e-02 lr=1.0e-04 seed=9
iter= 543 step=1740800 ep_ret=-28.272 opt_ret=-28.272 step_rew=-0.2827 opt_step=-0.2827 gap0=28.272 dret=+48.058 eval_ret=n/a pursuer_target_distance=2.663 capture=0.003 score=0.001 pol=-0.0005 val=0.0209 ent=1.2081 tot=-0.0021 agnorm=0.116 cgnorm=0.069 kl=0.0009 clipf=0.005 ev=+0.858 r0=1.0000 entcoef=1.00e-02 lr=1.0e-04 seed=9
iter= 544 step=1744000 ep_ret=-17.363 opt_ret=-17.363 step_rew=-0.1736 opt_step=-0.1736 gap0=17.363 dret=+58.968 eval_ret=n/a pursuer_target_distance=2.929 capture=0.019 score=0.005 pol=-0.0002 val=0.1888 ent=1.1968 tot=+0.0823 agnorm=0.049 cgnorm=0.240 kl=0.0002 clipf=0.000 ev=+0.551 r0=1.0000 entcoef=1.00e-02 lr=9.8e-05 seed=9
iter= 545 step=1747200 ep_ret=-16.519 opt_ret=-16.519 step_rew=-0.1652 opt_step=-0.1652 gap0=16.519 dret=+59.812 eval_ret=n/a pursuer_target_distance=2.739 capture=0.015 score=0.004 pol=-0.0008 val=0.2837 ent=1.2020 tot=+0.1291 agnorm=0.197 cgnorm=0.346 kl=0.0013 clipf=0.018 ev=+0.221 r0=1.0000 entcoef=1.00e-02 lr=9.7e-05 seed=9
iter= 546 step=1750400 ep_ret=-35.981 opt_ret=-35.981 step_rew=-0.3598 opt_step=-0.3598 gap0=35.981 dret=+40.349 eval_ret=n/a pursuer_target_distance=2.910 capture=0.000 score=0.000 pol=-0.0002 val=0.0139 ent=1.2320 tot=-0.0056 agnorm=0.071 cgnorm=0.089 kl=0.0001 clipf=0.000 ev=+0.924 r0=1.0000 entcoef=1.00e-02 lr=9.6e-05 seed=9
iter= 547 step=1753600 ep_ret=-39.491 opt_ret=-39.491 step_rew=-0.3949 opt_step=-0.3949 gap0=39.491 dret=+36.839 eval_ret=n/a pursuer_target_distance=3.119 capture=0.001 score=0.000 pol=-0.0005 val=0.0208 ent=1.2192 tot=-0.0023 agnorm=0.071 cgnorm=0.088 kl=0.0004 clipf=0.002 ev=+0.882 r0=1.0000 entcoef=1.00e-02 lr=9.5e-05 seed=9
iter= 548 step=1756800 ep_ret=-37.030 opt_ret=-37.030 step_rew=-0.3703 opt_step=-0.3703 gap0=37.030 dret=+39.300 eval_ret=n/a pursuer_target_distance=2.751 capture=0.000 score=0.000 pol=-0.0002 val=0.0135 ent=1.2312 tot=-0.0057 agnorm=0.101 cgnorm=0.082 kl=0.0004 clipf=0.002 ev=+0.936 r0=1.0000 entcoef=1.00e-02 lr=9.4e-05 seed=9
iter= 549 step=1760000 ep_ret=-37.726 opt_ret=-37.726 step_rew=-0.3773 opt_step=-0.3773 gap0=37.726 dret=+38.604 eval_ret=n/a pursuer_target_distance=2.682 capture=0.000 score=0.000 pol=-0.0002 val=0.0148 ent=1.2267 tot=-0.0051 agnorm=0.099 cgnorm=0.096 kl=0.0001 clipf=0.000 ev=+0.916 r0=1.0000 entcoef=1.00e-02 lr=9.3e-05 seed=9
iter= 550 step=1763200 ep_ret=-24.766 opt_ret=-24.766 step_rew=-0.2477 opt_step=-0.2477 gap0=24.766 dret=+51.565 eval_ret=n/a pursuer_target_distance=2.462 capture=0.003 score=0.001 pol=-0.0004 val=0.0276 ent=1.2474 tot=+0.0010 agnorm=0.164 cgnorm=0.070 kl=0.0005 clipf=0.004 ev=+0.813 r0=1.0000 entcoef=1.00e-02 lr=9.2e-05 seed=9
iter= 551 step=1766400 ep_ret=-31.928 opt_ret=-31.928 step_rew=-0.3193 opt_step=-0.3193 gap0=31.928 dret=+44.402 eval_ret=n/a pursuer_target_distance=2.866 capture=0.000 score=0.000 pol=-0.0004 val=0.0122 ent=1.2280 tot=-0.0066 agnorm=0.065 cgnorm=0.063 kl=0.0002 clipf=0.000 ev=+0.930 r0=1.0000 entcoef=1.00e-02 lr=9.1e-05 seed=9
iter= 552 step=1769600 ep_ret=-34.619 opt_ret=-34.619 step_rew=-0.3462 opt_step=-0.3462 gap0=34.619 dret=+41.711 eval_ret=n/a pursuer_target_distance=3.239 capture=0.000 score=0.000 pol=-0.0005 val=0.0119 ent=1.2412 tot=-0.0070 agnorm=0.092 cgnorm=0.061 kl=0.0002 clipf=0.000 ev=+0.928 r0=1.0000 entcoef=1.00e-02 lr=9.0e-05 seed=9
iter= 553 step=1772800 ep_ret=-33.154 opt_ret=-33.154 step_rew=-0.3315 opt_step=-0.3315 gap0=33.154 dret=+43.176 eval_ret=n/a pursuer_target_distance=2.600 capture=0.001 score=0.000 pol=-0.0005 val=0.0177 ent=1.2268 tot=-0.0039 agnorm=0.126 cgnorm=0.092 kl=0.0004 clipf=0.001 ev=+0.881 r0=1.0000 entcoef=1.00e-02 lr=8.9e-05 seed=9
iter= 554 step=1776000 ep_ret=-13.988 opt_ret=-13.988 step_rew=-0.1399 opt_step=-0.1399 gap0=13.988 dret=+62.342 eval_ret=n/a pursuer_target_distance=2.467 capture=0.015 score=0.004 pol=-0.0002 val=0.2271 ent=1.2443 tot=+0.1009 agnorm=0.047 cgnorm=0.211 kl=0.0006 clipf=0.003 ev=+0.395 r0=1.0000 entcoef=1.00e-02 lr=8.7e-05 seed=9
iter= 555 step=1779200 ep_ret=-29.134 opt_ret=-29.134 step_rew=-0.2913 opt_step=-0.2913 gap0=29.134 dret=+47.196 eval_ret=n/a pursuer_target_distance=2.853 capture=0.006 score=0.002 pol=-0.0002 val=0.0643 ent=1.2215 tot=+0.0197 agnorm=0.066 cgnorm=0.100 kl=0.0002 clipf=0.000 ev=+0.648 r0=1.0000 entcoef=1.00e-02 lr=8.6e-05 seed=9
iter= 556 step=1782400 ep_ret=-18.530 opt_ret=-18.530 step_rew=-0.1853 opt_step=-0.1853 gap0=18.530 dret=+57.800 eval_ret=n/a pursuer_target_distance=2.598 capture=0.012 score=0.003 pol=-0.0005 val=0.1233 ent=1.2502 tot=+0.0487 agnorm=0.119 cgnorm=0.178 kl=0.0006 clipf=0.002 ev=+0.605 r0=1.0000 entcoef=1.00e-02 lr=8.5e-05 seed=9
iter= 557 step=1785600 ep_ret=+9.180 opt_ret=+9.180 step_rew=0.0918 opt_step=0.0918 gap0=0.000 dret=+85.510 eval_ret=n/a pursuer_target_distance=1.719 capture=0.028 score=0.010 pol=-0.0005 val=0.3979 ent=1.2691 tot=+0.1858 agnorm=0.098 cgnorm=0.288 kl=0.0006 clipf=0.002 ev=+0.293 r0=1.0000 entcoef=1.00e-02 lr=8.4e-05 seed=9
iter= 558 step=1788800 ep_ret=-30.381 opt_ret=-30.381 step_rew=-0.3038 opt_step=-0.3038 gap0=30.381 dret=+45.950 eval_ret=n/a pursuer_target_distance=2.602 capture=0.001 score=0.000 pol=-0.0003 val=0.0154 ent=1.2608 tot=-0.0052 agnorm=0.092 cgnorm=0.084 kl=0.0003 clipf=0.000 ev=+0.893 r0=1.0000 entcoef=1.00e-02 lr=8.3e-05 seed=9
iter= 559 step=1792000 ep_ret=-32.666 opt_ret=-32.666 step_rew=-0.3267 opt_step=-0.3267 gap0=32.666 dret=+43.665 eval_ret=n/a pursuer_target_distance=2.683 capture=0.000 score=0.000 pol=-0.0004 val=0.0127 ent=1.2416 tot=-0.0065 agnorm=0.074 cgnorm=0.060 kl=0.0003 clipf=0.000 ev=+0.914 r0=1.0000 entcoef=1.00e-02 lr=8.2e-05 seed=9
iter= 560 step=1795200 ep_ret=-32.121 opt_ret=-32.121 step_rew=-0.3212 opt_step=-0.3212 gap0=32.121 dret=+44.209 eval_ret=-10.821 pursuer_target_distance=2.605 capture=0.000 score=0.000 pol=-0.0005 val=0.0106 ent=1.2657 tot=-0.0079 agnorm=0.081 cgnorm=0.080 kl=0.0004 clipf=0.000 ev=+0.930 r0=1.0000 entcoef=1.00e-02 lr=8.1e-05 seed=9
iter= 561 step=1798400 ep_ret=-26.321 opt_ret=-26.321 step_rew=-0.2632 opt_step=-0.2632 gap0=26.321 dret=+50.009 eval_ret=n/a pursuer_target_distance=2.370 capture=0.000 score=0.000 pol=-0.0008 val=0.0105 ent=1.2706 tot=-0.0082 agnorm=0.092 cgnorm=0.063 kl=0.0008 clipf=0.002 ev=+0.907 r0=1.0000 entcoef=1.00e-02 lr=8.0e-05 seed=9
iter= 562 step=1801600 ep_ret=-33.850 opt_ret=-33.850 step_rew=-0.3385 opt_step=-0.3385 gap0=33.850 dret=+42.481 eval_ret=n/a pursuer_target_distance=2.918 capture=0.002 score=0.001 pol=-0.0005 val=0.0262 ent=1.2314 tot=+0.0003 agnorm=0.094 cgnorm=0.114 kl=0.0004 clipf=0.000 ev=+0.804 r0=1.0000 entcoef=1.00e-02 lr=7.9e-05 seed=9
iter= 563 step=1804800 ep_ret=-10.606 opt_ret=-10.606 step_rew=-0.1061 opt_step=-0.1061 gap0=10.606 dret=+65.725 eval_ret=n/a pursuer_target_distance=2.845 capture=0.022 score=0.006 pol=-0.0002 val=0.2580 ent=1.2558 tot=+0.1162 agnorm=0.062 cgnorm=0.326 kl=0.0002 clipf=0.000 ev=+0.214 r0=1.0000 entcoef=1.00e-02 lr=7.7e-05 seed=9
iter= 564 step=1808000 ep_ret=-31.028 opt_ret=-31.028 step_rew=-0.3103 opt_step=-0.3103 gap0=31.028 dret=+45.302 eval_ret=n/a pursuer_target_distance=2.656 capture=0.000 score=0.000 pol=-0.0004 val=0.0147 ent=1.2636 tot=-0.0057 agnorm=0.103 cgnorm=0.087 kl=0.0003 clipf=0.000 ev=+0.918 r0=1.0000 entcoef=1.00e-02 lr=7.6e-05 seed=9
iter= 565 step=1811200 ep_ret=-29.569 opt_ret=-29.569 step_rew=-0.2957 opt_step=-0.2957 gap0=29.569 dret=+46.761 eval_ret=n/a pursuer_target_distance=2.354 capture=0.000 score=0.000 pol=-0.0000 val=0.0102 ent=1.2528 tot=-0.0074 agnorm=0.056 cgnorm=0.075 kl=0.0002 clipf=0.000 ev=+0.912 r0=1.0000 entcoef=1.00e-02 lr=7.5e-05 seed=9
iter= 566 step=1814400 ep_ret=-34.647 opt_ret=-34.647 step_rew=-0.3465 opt_step=-0.3465 gap0=34.647 dret=+41.684 eval_ret=n/a pursuer_target_distance=3.025 capture=0.000 score=0.000 pol=-0.0004 val=0.0172 ent=1.2372 tot=-0.0041 agnorm=0.082 cgnorm=0.077 kl=0.0003 clipf=0.000 ev=+0.885 r0=1.0000 entcoef=1.00e-02 lr=7.4e-05 seed=9
iter= 567 step=1817600 ep_ret=-30.351 opt_ret=-30.351 step_rew=-0.3035 opt_step=-0.3035 gap0=30.351 dret=+45.980 eval_ret=n/a pursuer_target_distance=2.583 capture=0.002 score=0.001 pol=-0.0009 val=0.0212 ent=1.2660 tot=-0.0030 agnorm=0.196 cgnorm=0.075 kl=0.0014 clipf=0.017 ev=+0.875 r0=1.0000 entcoef=1.00e-02 lr=7.3e-05 seed=9
iter= 568 step=1820800 ep_ret=-27.302 opt_ret=-27.302 step_rew=-0.2730 opt_step=-0.2730 gap0=27.302 dret=+49.028 eval_ret=n/a pursuer_target_distance=2.416 capture=0.000 score=0.000 pol=-0.0002 val=0.0098 ent=1.2664 tot=-0.0080 agnorm=0.073 cgnorm=0.054 kl=0.0001 clipf=0.000 ev=+0.933 r0=1.0000 entcoef=1.00e-02 lr=7.2e-05 seed=9
iter= 569 step=1824000 ep_ret=-26.652 opt_ret=-26.652 step_rew=-0.2665 opt_step=-0.2665 gap0=26.652 dret=+49.678 eval_ret=n/a pursuer_target_distance=2.459 capture=0.000 score=0.000 pol=-0.0004 val=0.0125 ent=1.2707 tot=-0.0069 agnorm=0.085 cgnorm=0.069 kl=0.0003 clipf=0.000 ev=+0.888 r0=1.0000 entcoef=1.00e-02 lr=7.1e-05 seed=9
iter= 570 step=1827200 ep_ret=-31.722 opt_ret=-31.722 step_rew=-0.3172 opt_step=-0.3172 gap0=31.722 dret=+44.608 eval_ret=n/a pursuer_target_distance=2.748 capture=0.003 score=0.001 pol=-0.0006 val=0.0298 ent=1.2373 tot=+0.0020 agnorm=0.076 cgnorm=0.112 kl=0.0004 clipf=0.000 ev=+0.832 r0=1.0000 entcoef=1.00e-02 lr=7.0e-05 seed=9
iter= 571 step=1830400 ep_ret=-30.871 opt_ret=-30.871 step_rew=-0.3087 opt_step=-0.3087 gap0=30.871 dret=+45.459 eval_ret=n/a pursuer_target_distance=2.435 capture=0.000 score=0.000 pol=-0.0000 val=0.0099 ent=1.2402 tot=-0.0075 agnorm=0.068 cgnorm=0.074 kl=0.0001 clipf=0.000 ev=+0.921 r0=1.0000 entcoef=1.00e-02 lr=6.9e-05 seed=9
iter= 572 step=1833600 ep_ret=-25.997 opt_ret=-25.997 step_rew=-0.2600 opt_step=-0.2600 gap0=25.997 dret=+50.333 eval_ret=n/a pursuer_target_distance=2.415 capture=0.004 score=0.001 pol=-0.0004 val=0.0366 ent=1.2620 tot=+0.0053 agnorm=0.087 cgnorm=0.058 kl=0.0002 clipf=0.000 ev=+0.768 r0=1.0000 entcoef=1.00e-02 lr=6.8e-05 seed=9
iter= 573 step=1836800 ep_ret=-28.335 opt_ret=-28.335 step_rew=-0.2833 opt_step=-0.2833 gap0=28.335 dret=+47.995 eval_ret=n/a pursuer_target_distance=2.613 capture=0.000 score=0.000 pol=-0.0002 val=0.0119 ent=1.2604 tot=-0.0069 agnorm=0.078 cgnorm=0.083 kl=0.0003 clipf=0.000 ev=+0.896 r0=1.0000 entcoef=1.00e-02 lr=6.6e-05 seed=9
iter= 574 step=1840000 ep_ret=-29.769 opt_ret=-29.769 step_rew=-0.2977 opt_step=-0.2977 gap0=29.769 dret=+46.562 eval_ret=n/a pursuer_target_distance=2.501 capture=0.000 score=0.000 pol=-0.0004 val=0.0131 ent=1.2454 tot=-0.0063 agnorm=0.112 cgnorm=0.069 kl=0.0004 clipf=0.000 ev=+0.906 r0=1.0000 entcoef=1.00e-02 lr=6.5e-05 seed=9
iter= 575 step=1843200 ep_ret=-32.217 opt_ret=-32.217 step_rew=-0.3222 opt_step=-0.3222 gap0=32.217 dret=+44.113 eval_ret=n/a pursuer_target_distance=2.770 capture=0.000 score=0.000 pol=-0.0001 val=0.0098 ent=1.2426 tot=-0.0077 agnorm=0.044 cgnorm=0.063 kl=0.0004 clipf=0.000 ev=+0.930 r0=1.0000 entcoef=1.00e-02 lr=6.4e-05 seed=9
iter= 576 step=1846400 ep_ret=-35.760 opt_ret=-35.760 step_rew=-0.3576 opt_step=-0.3576 gap0=35.760 dret=+40.570 eval_ret=n/a pursuer_target_distance=2.711 capture=0.000 score=0.000 pol=-0.0002 val=0.0145 ent=1.2338 tot=-0.0053 agnorm=0.074 cgnorm=0.072 kl=0.0000 clipf=0.000 ev=+0.921 r0=1.0000 entcoef=1.00e-02 lr=6.3e-05 seed=9
iter= 577 step=1849600 ep_ret=-33.647 opt_ret=-33.647 step_rew=-0.3365 opt_step=-0.3365 gap0=33.647 dret=+42.683 eval_ret=n/a pursuer_target_distance=2.943 capture=0.000 score=0.000 pol=-0.0003 val=0.0124 ent=1.2288 tot=-0.0063 agnorm=0.059 cgnorm=0.066 kl=0.0002 clipf=0.000 ev=+0.909 r0=1.0000 entcoef=1.00e-02 lr=6.2e-05 seed=9
iter= 578 step=1852800 ep_ret=-39.634 opt_ret=-39.634 step_rew=-0.3963 opt_step=-0.3963 gap0=39.634 dret=+36.696 eval_ret=n/a pursuer_target_distance=3.924 capture=0.005 score=0.001 pol=-0.0003 val=0.0743 ent=1.2267 tot=+0.0246 agnorm=0.074 cgnorm=0.125 kl=0.0002 clipf=0.000 ev=+0.762 r0=1.0000 entcoef=1.00e-02 lr=6.1e-05 seed=9
iter= 579 step=1856000 ep_ret=-30.565 opt_ret=-30.565 step_rew=-0.3056 opt_step=-0.3056 gap0=30.565 dret=+45.766 eval_ret=n/a pursuer_target_distance=2.445 capture=0.000 score=0.000 pol=-0.0002 val=0.0114 ent=1.2329 tot=-0.0068 agnorm=0.086 cgnorm=0.079 kl=0.0001 clipf=0.000 ev=+0.899 r0=1.0000 entcoef=1.00e-02 lr=6.0e-05 seed=9
iter= 580 step=1859200 ep_ret=-39.652 opt_ret=-39.652 step_rew=-0.3965 opt_step=-0.3965 gap0=39.652 dret=+36.678 eval_ret=-10.940 pursuer_target_distance=3.055 capture=0.000 score=0.000 pol=-0.0004 val=0.0192 ent=1.2375 tot=-0.0032 agnorm=0.120 cgnorm=0.099 kl=0.0005 clipf=0.001 ev=+0.893 r0=1.0000 entcoef=1.00e-02 lr=5.9e-05 seed=9
iter= 581 step=1862400 ep_ret=-24.222 opt_ret=-24.222 step_rew=-0.2422 opt_step=-0.2422 gap0=24.222 dret=+52.109 eval_ret=n/a pursuer_target_distance=2.588 capture=0.005 score=0.001 pol=-0.0005 val=0.0435 ent=1.2584 tot=+0.0087 agnorm=0.096 cgnorm=0.107 kl=0.0008 clipf=0.004 ev=+0.720 r0=1.0000 entcoef=1.00e-02 lr=5.8e-05 seed=9
iter= 582 step=1865600 ep_ret=-17.372 opt_ret=-17.372 step_rew=-0.1737 opt_step=-0.1737 gap0=17.372 dret=+58.958 eval_ret=n/a pursuer_target_distance=2.830 capture=0.015 score=0.004 pol=-0.0003 val=0.2102 ent=1.2488 tot=+0.0924 agnorm=0.060 cgnorm=0.247 kl=0.0004 clipf=0.001 ev=+0.333 r0=1.0000 entcoef=1.00e-02 lr=5.6e-05 seed=9
iter= 583 step=1868800 ep_ret=-21.053 opt_ret=-21.053 step_rew=-0.2105 opt_step=-0.2105 gap0=21.053 dret=+55.277 eval_ret=n/a pursuer_target_distance=3.089 capture=0.015 score=0.004 pol=-0.0003 val=0.1644 ent=1.2422 tot=+0.0695 agnorm=0.057 cgnorm=0.148 kl=0.0002 clipf=0.000 ev=+0.513 r0=1.0000 entcoef=1.00e-02 lr=5.5e-05 seed=9
iter= 584 step=1872000 ep_ret=-32.128 opt_ret=-32.128 step_rew=-0.3213 opt_step=-0.3213 gap0=32.128 dret=+44.203 eval_ret=n/a pursuer_target_distance=2.630 capture=0.001 score=0.000 pol=-0.0004 val=0.0185 ent=1.2477 tot=-0.0036 agnorm=0.095 cgnorm=0.079 kl=0.0001 clipf=0.000 ev=+0.894 r0=1.0000 entcoef=1.00e-02 lr=5.4e-05 seed=9
iter= 585 step=1875200 ep_ret=-25.828 opt_ret=-25.828 step_rew=-0.2583 opt_step=-0.2583 gap0=25.828 dret=+50.502 eval_ret=n/a pursuer_target_distance=2.810 capture=0.008 score=0.002 pol=-0.0005 val=0.0752 ent=1.2468 tot=+0.0246 agnorm=0.090 cgnorm=0.103 kl=0.0003 clipf=0.000 ev=+0.648 r0=1.0000 entcoef=1.00e-02 lr=5.3e-05 seed=9
iter= 586 step=1878400 ep_ret=-18.255 opt_ret=-18.255 step_rew=-0.1825 opt_step=-0.1825 gap0=18.255 dret=+58.075 eval_ret=n/a pursuer_target_distance=2.594 capture=0.014 score=0.004 pol=-0.0006 val=0.2052 ent=1.2411 tot=+0.0896 agnorm=0.167 cgnorm=0.305 kl=0.0003 clipf=0.001 ev=+0.423 r0=1.0000 entcoef=1.00e-02 lr=5.2e-05 seed=9
iter= 587 step=1881600 ep_ret=-35.393 opt_ret=-35.393 step_rew=-0.3539 opt_step=-0.3539 gap0=35.393 dret=+40.937 eval_ret=n/a pursuer_target_distance=2.841 capture=0.000 score=0.000 pol=-0.0003 val=0.0237 ent=1.2428 tot=-0.0009 agnorm=0.125 cgnorm=0.119 kl=0.0002 clipf=0.000 ev=+0.872 r0=1.0000 entcoef=1.00e-02 lr=5.1e-05 seed=9
iter= 588 step=1884800 ep_ret=-28.249 opt_ret=-28.249 step_rew=-0.2825 opt_step=-0.2825 gap0=28.249 dret=+48.081 eval_ret=n/a pursuer_target_distance=2.602 capture=0.002 score=0.001 pol=-0.0002 val=0.0189 ent=1.2435 tot=-0.0031 agnorm=0.060 cgnorm=0.093 kl=0.0002 clipf=0.000 ev=+0.808 r0=1.0000 entcoef=1.00e-02 lr=5.0e-05 seed=9
iter= 589 step=1888000 ep_ret=-16.828 opt_ret=-16.828 step_rew=-0.1683 opt_step=-0.1683 gap0=16.828 dret=+59.502 eval_ret=n/a pursuer_target_distance=2.143 capture=0.013 score=0.004 pol=-0.0004 val=0.1007 ent=1.2330 tot=+0.0376 agnorm=0.097 cgnorm=0.175 kl=0.0001 clipf=0.000 ev=+0.617 r0=1.0000 entcoef=1.00e-02 lr=4.9e-05 seed=9
iter= 590 step=1891200 ep_ret=-28.856 opt_ret=-28.856 step_rew=-0.2886 opt_step=-0.2886 gap0=28.856 dret=+47.475 eval_ret=n/a pursuer_target_distance=2.550 capture=0.000 score=0.000 pol=-0.0000 val=0.0124 ent=1.2548 tot=-0.0064 agnorm=0.093 cgnorm=0.086 kl=0.0001 clipf=0.000 ev=+0.906 r0=1.0000 entcoef=1.00e-02 lr=4.8e-05 seed=9
iter= 591 step=1894400 ep_ret=-23.148 opt_ret=-23.148 step_rew=-0.2315 opt_step=-0.2315 gap0=23.148 dret=+53.182 eval_ret=n/a pursuer_target_distance=2.119 capture=0.001 score=0.000 pol=-0.0004 val=0.0119 ent=1.2328 tot=-0.0067 agnorm=0.084 cgnorm=0.072 kl=0.0002 clipf=0.000 ev=+0.871 r0=1.0000 entcoef=1.00e-02 lr=4.6e-05 seed=9
iter= 592 step=1897600 ep_ret=-13.892 opt_ret=-13.892 step_rew=-0.1389 opt_step=-0.1389 gap0=13.892 dret=+62.439 eval_ret=n/a pursuer_target_distance=2.399 capture=0.014 score=0.004 pol=-0.0001 val=0.1587 ent=1.2330 tot=+0.0669 agnorm=0.079 cgnorm=0.186 kl=0.0001 clipf=0.000 ev=+0.452 r0=1.0000 entcoef=1.00e-02 lr=4.5e-05 seed=9
iter= 593 step=1900800 ep_ret=-23.461 opt_ret=-23.461 step_rew=-0.2346 opt_step=-0.2346 gap0=23.461 dret=+52.870 eval_ret=n/a pursuer_target_distance=2.460 capture=0.007 score=0.002 pol=-0.0002 val=0.0691 ent=1.2269 tot=+0.0221 agnorm=0.072 cgnorm=0.156 kl=0.0001 clipf=0.000 ev=+0.641 r0=1.0000 entcoef=1.00e-02 lr=4.4e-05 seed=9
iter= 594 step=1904000 ep_ret=-31.037 opt_ret=-31.037 step_rew=-0.3104 opt_step=-0.3104 gap0=31.037 dret=+45.293 eval_ret=n/a pursuer_target_distance=3.298 capture=0.007 score=0.002 pol=-0.0005 val=0.0952 ent=1.2374 tot=+0.0348 agnorm=0.134 cgnorm=0.144 kl=0.0002 clipf=0.000 ev=+0.634 r0=1.0000 entcoef=1.00e-02 lr=4.3e-05 seed=9
iter= 595 step=1907200 ep_ret=-27.424 opt_ret=-27.424 step_rew=-0.2742 opt_step=-0.2742 gap0=27.424 dret=+48.906 eval_ret=n/a pursuer_target_distance=3.065 capture=0.011 score=0.003 pol=-0.0001 val=0.1504 ent=1.2260 tot=+0.0628 agnorm=0.069 cgnorm=0.273 kl=0.0002 clipf=0.000 ev=+0.535 r0=1.0000 entcoef=1.00e-02 lr=4.2e-05 seed=9
iter= 596 step=1910400 ep_ret=-30.865 opt_ret=-30.865 step_rew=-0.3086 opt_step=-0.3086 gap0=30.865 dret=+45.466 eval_ret=n/a pursuer_target_distance=2.547 capture=0.000 score=0.000 pol=-0.0001 val=0.0115 ent=1.2363 tot=-0.0067 agnorm=0.096 cgnorm=0.100 kl=0.0001 clipf=0.000 ev=+0.898 r0=1.0000 entcoef=1.00e-02 lr=4.1e-05 seed=9
iter= 597 step=1913600 ep_ret=-29.410 opt_ret=-29.410 step_rew=-0.2941 opt_step=-0.2941 gap0=29.410 dret=+46.920 eval_ret=n/a pursuer_target_distance=3.407 capture=0.013 score=0.003 pol=-0.0002 val=0.1298 ent=1.2160 tot=+0.0526 agnorm=0.056 cgnorm=0.141 kl=0.0001 clipf=0.000 ev=+0.618 r0=1.0000 entcoef=1.00e-02 lr=4.0e-05 seed=9
iter= 598 step=1916800 ep_ret=-30.047 opt_ret=-30.047 step_rew=-0.3005 opt_step=-0.3005 gap0=30.047 dret=+46.283 eval_ret=n/a pursuer_target_distance=2.758 capture=0.000 score=0.000 pol=-0.0001 val=0.0105 ent=1.2240 tot=-0.0071 agnorm=0.058 cgnorm=0.063 kl=0.0001 clipf=0.000 ev=+0.914 r0=1.0000 entcoef=1.00e-02 lr=3.9e-05 seed=9
iter= 599 step=1920000 ep_ret=-11.612 opt_ret=-11.612 step_rew=-0.1161 opt_step=-0.1161 gap0=11.612 dret=+64.719 eval_ret=n/a pursuer_target_distance=2.593 capture=0.017 score=0.005 pol=-0.0001 val=0.2902 ent=1.2640 tot=+0.1324 agnorm=0.065 cgnorm=0.339 kl=0.0000 clipf=0.000 ev=+0.407 r0=1.0000 entcoef=1.00e-02 lr=3.8e-05 seed=9
iter= 600 step=1923200 ep_ret=-12.522 opt_ret=-12.522 step_rew=-0.1252 opt_step=-0.1252 gap0=12.522 dret=+63.808 eval_ret=-11.980 pursuer_target_distance=2.915 capture=0.020 score=0.005 pol=-0.0001 val=0.2884 ent=1.2490 tot=+0.1316 agnorm=0.047 cgnorm=0.266 kl=0.0000 clipf=0.000 ev=+0.349 r0=1.0000 entcoef=1.00e-02 lr=3.7e-05 seed=9
iter= 601 step=1926400 ep_ret=-35.961 opt_ret=-35.961 step_rew=-0.3596 opt_step=-0.3596 gap0=35.961 dret=+40.369 eval_ret=n/a pursuer_target_distance=2.995 capture=0.000 score=0.000 pol=-0.0002 val=0.0122 ent=1.2359 tot=-0.0064 agnorm=0.092 cgnorm=0.078 kl=0.0001 clipf=0.000 ev=+0.933 r0=1.0000 entcoef=1.00e-02 lr=3.5e-05 seed=9
iter= 602 step=1929600 ep_ret=-26.593 opt_ret=-26.593 step_rew=-0.2659 opt_step=-0.2659 gap0=26.593 dret=+49.737 eval_ret=n/a pursuer_target_distance=2.291 capture=0.000 score=0.000 pol=-0.0003 val=0.0077 ent=1.2520 tot=-0.0090 agnorm=0.127 cgnorm=0.062 kl=0.0002 clipf=0.000 ev=+0.928 r0=1.0000 entcoef=1.00e-02 lr=3.4e-05 seed=9
iter= 603 step=1932800 ep_ret=-19.268 opt_ret=-19.268 step_rew=-0.1927 opt_step=-0.1927 gap0=19.268 dret=+57.062 eval_ret=n/a pursuer_target_distance=2.210 capture=0.009 score=0.003 pol=-0.0000 val=0.1169 ent=1.2531 tot=+0.0459 agnorm=0.068 cgnorm=0.130 kl=0.0002 clipf=0.000 ev=+0.517 r0=1.0000 entcoef=1.00e-02 lr=3.3e-05 seed=9
iter= 604 step=1936000 ep_ret=-10.619 opt_ret=-10.619 step_rew=-0.1062 opt_step=-0.1062 gap0=10.619 dret=+65.711 eval_ret=n/a pursuer_target_distance=2.634 capture=0.020 score=0.006 pol=-0.0002 val=0.2727 ent=1.2420 tot=+0.1237 agnorm=0.090 cgnorm=0.226 kl=0.0001 clipf=0.000 ev=+0.375 r0=1.0000 entcoef=1.00e-02 lr=3.2e-05 seed=9
iter= 605 step=1939200 ep_ret=-24.175 opt_ret=-24.175 step_rew=-0.2418 opt_step=-0.2418 gap0=24.175 dret=+52.155 eval_ret=n/a pursuer_target_distance=2.084 capture=0.003 score=0.001 pol=-0.0008 val=0.0272 ent=1.2547 tot=+0.0002 agnorm=0.185 cgnorm=0.075 kl=0.0004 clipf=0.002 ev=+0.806 r0=1.0000 entcoef=1.00e-02 lr=3.1e-05 seed=9
iter= 606 step=1942400 ep_ret=-6.208 opt_ret=-6.208 step_rew=-0.0621 opt_step=-0.0621 gap0=6.208 dret=+70.122 eval_ret=n/a pursuer_target_distance=2.092 capture=0.025 score=0.008 pol=-0.0001 val=0.2273 ent=1.2602 tot=+0.1009 agnorm=0.058 cgnorm=0.249 kl=0.0003 clipf=0.000 ev=+0.428 r0=1.0000 entcoef=1.00e-02 lr=3.0e-05 seed=9
iter= 607 step=1945600 ep_ret=-25.551 opt_ret=-25.551 step_rew=-0.2555 opt_step=-0.2555 gap0=25.551 dret=+50.779 eval_ret=n/a pursuer_target_distance=2.755 capture=0.005 score=0.001 pol=-0.0002 val=0.0538 ent=1.2364 tot=+0.0144 agnorm=0.085 cgnorm=0.089 kl=0.0000 clipf=0.000 ev=+0.731 r0=1.0000 entcoef=1.00e-02 lr=2.9e-05 seed=9
iter= 608 step=1948800 ep_ret=-2.713 opt_ret=-2.713 step_rew=-0.0271 opt_step=-0.0271 gap0=2.713 dret=+73.618 eval_ret=n/a pursuer_target_distance=2.397 capture=0.036 score=0.011 pol=-0.0001 val=0.5128 ent=1.2352 tot=+0.2439 agnorm=0.083 cgnorm=0.441 kl=0.0001 clipf=0.000 ev=+0.348 r0=1.0000 entcoef=1.00e-02 lr=2.8e-05 seed=9
iter= 609 step=1952000 ep_ret=-24.003 opt_ret=-24.003 step_rew=-0.2400 opt_step=-0.2400 gap0=24.003 dret=+52.327 eval_ret=n/a pursuer_target_distance=2.695 capture=0.008 score=0.002 pol=-0.0004 val=0.0679 ent=1.2348 tot=+0.0212 agnorm=0.138 cgnorm=0.121 kl=0.0001 clipf=0.000 ev=+0.653 r0=1.0000 entcoef=1.00e-02 lr=2.7e-05 seed=9
iter= 610 step=1955200 ep_ret=-44.377 opt_ret=-44.377 step_rew=-0.4438 opt_step=-0.4438 gap0=44.377 dret=+31.953 eval_ret=n/a pursuer_target_distance=3.776 capture=0.000 score=0.000 pol=-0.0003 val=0.0244 ent=1.2244 tot=-0.0003 agnorm=0.092 cgnorm=0.102 kl=0.0002 clipf=0.000 ev=+0.906 r0=1.0000 entcoef=1.00e-02 lr=2.5e-05 seed=9
iter= 611 step=1958400 ep_ret=-28.126 opt_ret=-28.126 step_rew=-0.2813 opt_step=-0.2813 gap0=28.126 dret=+48.204 eval_ret=n/a pursuer_target_distance=2.589 capture=0.005 score=0.001 pol=-0.0001 val=0.0543 ent=1.2525 tot=+0.0145 agnorm=0.066 cgnorm=0.122 kl=0.0001 clipf=0.000 ev=+0.757 r0=1.0000 entcoef=1.00e-02 lr=2.4e-05 seed=9
iter= 612 step=1961600 ep_ret=-28.618 opt_ret=-28.618 step_rew=-0.2862 opt_step=-0.2862 gap0=28.618 dret=+47.713 eval_ret=n/a pursuer_target_distance=2.601 capture=0.000 score=0.000 pol=-0.0001 val=0.0098 ent=1.2552 tot=-0.0077 agnorm=0.112 cgnorm=0.059 kl=0.0000 clipf=0.000 ev=+0.928 r0=1.0000 entcoef=1.00e-02 lr=2.3e-05 seed=9
iter= 613 step=1964800 ep_ret=-18.678 opt_ret=-18.678 step_rew=-0.1868 opt_step=-0.1868 gap0=18.678 dret=+57.653 eval_ret=n/a pursuer_target_distance=2.158 capture=0.008 score=0.003 pol=-0.0001 val=0.0722 ent=1.2431 tot=+0.0236 agnorm=0.072 cgnorm=0.225 kl=0.0000 clipf=0.000 ev=+0.686 r0=1.0000 entcoef=1.00e-02 lr=2.2e-05 seed=9
iter= 614 step=1968000 ep_ret=-30.506 opt_ret=-30.506 step_rew=-0.3051 opt_step=-0.3051 gap0=30.506 dret=+45.825 eval_ret=n/a pursuer_target_distance=2.538 capture=0.000 score=0.000 pol=-0.0003 val=0.0129 ent=1.2437 tot=-0.0063 agnorm=0.125 cgnorm=0.093 kl=0.0001 clipf=0.000 ev=+0.901 r0=1.0000 entcoef=1.00e-02 lr=2.1e-05 seed=9
iter= 615 step=1971200 ep_ret=-36.016 opt_ret=-36.016 step_rew=-0.3602 opt_step=-0.3602 gap0=36.016 dret=+40.314 eval_ret=n/a pursuer_target_distance=2.999 capture=0.000 score=0.000 pol=-0.0000 val=0.0112 ent=1.2346 tot=-0.0067 agnorm=0.066 cgnorm=0.090 kl=0.0000 clipf=0.000 ev=+0.939 r0=1.0000 entcoef=1.00e-02 lr=2.0e-05 seed=9
iter= 616 step=1974400 ep_ret=-32.338 opt_ret=-32.338 step_rew=-0.3234 opt_step=-0.3234 gap0=32.338 dret=+43.992 eval_ret=n/a pursuer_target_distance=2.602 capture=0.000 score=0.000 pol=-0.0001 val=0.0173 ent=1.2411 tot=-0.0038 agnorm=0.075 cgnorm=0.096 kl=0.0000 clipf=0.000 ev=+0.902 r0=1.0000 entcoef=1.00e-02 lr=1.9e-05 seed=9
iter= 617 step=1977600 ep_ret=-20.174 opt_ret=-20.174 step_rew=-0.2017 opt_step=-0.2017 gap0=20.174 dret=+56.156 eval_ret=n/a pursuer_target_distance=2.490 capture=0.009 score=0.003 pol=-0.0002 val=0.1135 ent=1.2456 tot=+0.0441 agnorm=0.136 cgnorm=0.124 kl=0.0000 clipf=0.000 ev=+0.590 r0=1.0000 entcoef=1.00e-02 lr=1.8e-05 seed=9
iter= 618 step=1980800 ep_ret=-21.987 opt_ret=-21.987 step_rew=-0.2199 opt_step=-0.2199 gap0=21.987 dret=+54.343 eval_ret=n/a pursuer_target_distance=2.116 capture=0.001 score=0.000 pol=-0.0001 val=0.0112 ent=1.2537 tot=-0.0071 agnorm=0.090 cgnorm=0.048 kl=0.0001 clipf=0.000 ev=+0.880 r0=1.0000 entcoef=1.00e-02 lr=1.7e-05 seed=9
iter= 619 step=1984000 ep_ret=-28.812 opt_ret=-28.812 step_rew=-0.2881 opt_step=-0.2881 gap0=28.812 dret=+47.518 eval_ret=n/a pursuer_target_distance=2.311 capture=0.000 score=0.000 pol=-0.0001 val=0.0138 ent=1.2641 tot=-0.0058 agnorm=0.110 cgnorm=0.101 kl=0.0000 clipf=0.000 ev=+0.894 r0=1.0000 entcoef=1.00e-02 lr=1.6e-05 seed=9
iter= 620 step=1987200 ep_ret=-24.673 opt_ret=-24.673 step_rew=-0.2467 opt_step=-0.2467 gap0=24.673 dret=+51.657 eval_ret=-12.621 pursuer_target_distance=2.808 capture=0.010 score=0.003 pol=-0.0000 val=0.0974 ent=1.2575 tot=+0.0361 agnorm=0.057 cgnorm=0.167 kl=0.0000 clipf=0.000 ev=+0.545 r0=1.0000 entcoef=1.00e-02 lr=1.4e-05 seed=9
iter= 621 step=1990400 ep_ret=-32.966 opt_ret=-32.966 step_rew=-0.3297 opt_step=-0.3297 gap0=32.966 dret=+43.364 eval_ret=n/a pursuer_target_distance=2.573 capture=0.000 score=0.000 pol=-0.0001 val=0.0203 ent=1.2493 tot=-0.0025 agnorm=0.118 cgnorm=0.103 kl=0.0000 clipf=0.000 ev=+0.861 r0=1.0000 entcoef=1.00e-02 lr=1.3e-05 seed=9
iter= 622 step=1993600 ep_ret=-34.192 opt_ret=-34.192 step_rew=-0.3419 opt_step=-0.3419 gap0=34.192 dret=+42.138 eval_ret=n/a pursuer_target_distance=2.884 capture=0.000 score=0.000 pol=-0.0000 val=0.0125 ent=1.2290 tot=-0.0061 agnorm=0.084 cgnorm=0.098 kl=0.0000 clipf=0.000 ev=+0.924 r0=1.0000 entcoef=1.00e-02 lr=1.2e-05 seed=9
iter= 623 step=1996800 ep_ret=-31.673 opt_ret=-31.673 step_rew=-0.3167 opt_step=-0.3167 gap0=31.673 dret=+44.658 eval_ret=n/a pursuer_target_distance=2.591 capture=0.003 score=0.001 pol=-0.0001 val=0.0319 ent=1.2358 tot=+0.0035 agnorm=0.083 cgnorm=0.090 kl=0.0000 clipf=0.000 ev=+0.816 r0=1.0000 entcoef=1.00e-02 lr=1.1e-05 seed=9
iter= 624 step=2000000 ep_ret=-42.687 opt_ret=-42.687 step_rew=-0.4269 opt_step=-0.4269 gap0=42.687 dret=+33.643 eval_ret=-12.619 pursuer_target_distance=3.762 capture=0.000 score=0.000 pol=-0.0000 val=0.0207 ent=1.2259 tot=-0.0019 agnorm=0.067 cgnorm=0.110 kl=0.0000 clipf=0.000 ev=+0.913 r0=1.0000 entcoef=1.00e-02 lr=1.0e-05 seed=9
[train] Final checkpoint saved to runs/pcp_v2_full_20260623_213327/attention_zm/seed9/ckpt/final.pt
[train] Run artifacts in runs/pcp_v2_full_20260623_213327/attention_zm/seed9
[render] Skipped post-train render (mode=off).
=== done Tue Jun 23 21:47:28 EDT 2026 ===
