[setup] Required Python imports are available.
[setup] Required Python imports are available.
=== Job info ===
Job       : 638903  array=39
Node      : evc16
Submit    : /lustre/fs1/home/ak565492/gnn_experiments
Repo      : /lustre/fs1/home/ak565492/gnn_experiments
Git rev   : 6097a4b
Python    : /home/ak565492/expenv/bin/python
Python 3.11.4
PyYAML  : 6.0.3
NumPy   : 2.3.5
Torch   : 2.5.1+cu121 cuda_available=True cuda=12.1
CUDA_VIS  : 0
Threads   : OMP=4 MKL=4 OPENBLAS=1
Task      : 39/60
Comm      : attention
Alpha     : 0.75
Seed      : 0
Run label : attention_alpha0p75_seed0
Run dir   : runs/pursuit_20260608_154834/alpha/attention/alpha0p75/seed0
Config    : /tmp/638843_39_attention_alpha0p75_seed0.yaml
Start     : Mon Jun  8 16:01:10 EDT 2026
================
Mon Jun  8 16:01:10 2026       
+-----------------------------------------------------------------------------------------+
| NVIDIA-SMI 580.105.08             Driver Version: 580.105.08     CUDA Version: 13.0     |
+-----------------------------------------+------------------------+----------------------+
| GPU  Name                 Persistence-M | Bus-Id          Disp.A | Volatile Uncorr. ECC |
| Fan  Temp   Perf          Pwr:Usage/Cap |           Memory-Usage | GPU-Util  Compute M. |
|                                         |                        |               MIG M. |
|=========================================+========================+======================|
|   0  Tesla V100-PCIE-32GB           Off |   00000000:D8:00.0 Off |                    0 |
| N/A   41C    P0             28W /  250W |       0MiB /  32768MiB |      0%      Default |
|                                         |                        |                  N/A |
+-----------------------------------------+------------------------+----------------------+

+-----------------------------------------------------------------------------------------+
| Processes:                                                                              |
|  GPU   GI   CI              PID   Type   Process name                        GPU Memory |
|        ID   ID                                                               Usage      |
|=========================================================================================|
|  No running processes found                                                             |
+-----------------------------------------------------------------------------------------+
[env] kind=pursuit name=pursuit n_agents=10 obs_dim=5 action_dim=5 state_dim=23 num_envs=32
[train] Starting: total_iters=625 T=100 B=32 device=cuda:0 seed=0 render=off
iter=   0 step=   3200 ep_ret=-813.393 opt_ret=-813.393 step_rew=-8.1339 opt_step=-8.1339 gap0=813.393 dret=+0.000 eval_ret=-804.799 pursuer_target_distance=4.028 capture=0.000 score=0.000 pol=-0.0020 val=0.6683 ent=1.6054 tot=+0.3161 agnorm=0.052 cgnorm=0.199 kl=0.0038 clipf=0.018 ev=-0.479 r0=1.0000 entcoef=1.00e-02 lr=7.0e-04 seed=0
iter=   1 step=   6400 ep_ret=-831.470 opt_ret=-831.470 step_rew=-8.3147 opt_step=-8.3147 gap0=831.470 dret=-18.077 eval_ret=n/a pursuer_target_distance=3.907 capture=0.000 score=0.000 pol=-0.0020 val=0.4551 ent=1.6031 tot=+0.2096 agnorm=0.042 cgnorm=0.255 kl=0.0033 clipf=0.018 ev=+0.110 r0=1.0000 entcoef=9.99e-03 lr=7.0e-04 seed=0
iter=   2 step=   9600 ep_ret=-919.405 opt_ret=-919.405 step_rew=-9.1941 opt_step=-9.1941 gap0=919.405 dret=-106.012 eval_ret=n/a pursuer_target_distance=4.764 capture=0.000 score=0.000 pol=-0.0011 val=0.4567 ent=1.6001 tot=+0.2112 agnorm=0.029 cgnorm=0.293 kl=0.0012 clipf=0.002 ev=+0.367 r0=1.0000 entcoef=9.97e-03 lr=7.0e-04 seed=0
iter=   3 step=  12800 ep_ret=-879.629 opt_ret=-879.629 step_rew=-8.7963 opt_step=-8.7963 gap0=879.629 dret=-66.236 eval_ret=n/a pursuer_target_distance=4.428 capture=0.000 score=0.000 pol=-0.0011 val=0.4629 ent=1.5968 tot=+0.2144 agnorm=0.027 cgnorm=0.302 kl=0.0017 clipf=0.007 ev=+0.370 r0=1.0000 entcoef=9.96e-03 lr=7.0e-04 seed=0
iter=   4 step=  16000 ep_ret=-801.285 opt_ret=-801.285 step_rew=-8.0128 opt_step=-8.0128 gap0=801.285 dret=+12.108 eval_ret=n/a pursuer_target_distance=4.217 capture=0.000 score=0.000 pol=-0.0012 val=0.2969 ent=1.5943 tot=+0.1314 agnorm=0.038 cgnorm=0.247 kl=0.0024 clipf=0.014 ev=+0.574 r0=1.0000 entcoef=9.94e-03 lr=7.0e-04 seed=0
iter=   5 step=  19200 ep_ret=-863.642 opt_ret=-863.642 step_rew=-8.6364 opt_step=-8.6364 gap0=863.642 dret=-50.249 eval_ret=n/a pursuer_target_distance=4.699 capture=0.000 score=0.000 pol=-0.0018 val=0.3945 ent=1.5874 tot=+0.1797 agnorm=0.038 cgnorm=0.305 kl=0.0027 clipf=0.017 ev=+0.442 r0=1.0000 entcoef=9.93e-03 lr=6.9e-04 seed=0
iter=   6 step=  22400 ep_ret=-816.771 opt_ret=-816.771 step_rew=-8.1677 opt_step=-8.1677 gap0=816.771 dret=-3.378 eval_ret=n/a pursuer_target_distance=3.978 capture=0.000 score=0.000 pol=-0.0018 val=0.3368 ent=1.5807 tot=+0.1510 agnorm=0.043 cgnorm=0.257 kl=0.0028 clipf=0.019 ev=+0.538 r0=1.0000 entcoef=9.91e-03 lr=6.9e-04 seed=0
iter=   7 step=  25600 ep_ret=-818.816 opt_ret=-818.816 step_rew=-8.1882 opt_step=-8.1882 gap0=818.816 dret=-5.423 eval_ret=n/a pursuer_target_distance=4.450 capture=0.000 score=0.000 pol=-0.0018 val=0.2816 ent=1.5773 tot=+0.1234 agnorm=0.043 cgnorm=0.250 kl=0.0035 clipf=0.033 ev=+0.609 r0=1.0000 entcoef=9.90e-03 lr=6.9e-04 seed=0
iter=   8 step=  28800 ep_ret=-772.080 opt_ret=-772.080 step_rew=-7.7208 opt_step=-7.7208 gap0=772.080 dret=+41.313 eval_ret=n/a pursuer_target_distance=3.963 capture=0.000 score=0.000 pol=-0.0013 val=0.2380 ent=1.5814 tot=+0.1021 agnorm=0.033 cgnorm=0.230 kl=0.0021 clipf=0.010 ev=+0.577 r0=1.0000 entcoef=9.88e-03 lr=6.9e-04 seed=0
iter=   9 step=  32000 ep_ret=-796.664 opt_ret=-796.664 step_rew=-7.9666 opt_step=-7.9666 gap0=796.664 dret=+16.729 eval_ret=n/a pursuer_target_distance=4.198 capture=0.000 score=0.000 pol=-0.0018 val=0.2818 ent=1.5840 tot=+0.1235 agnorm=0.044 cgnorm=0.260 kl=0.0026 clipf=0.021 ev=+0.518 r0=1.0000 entcoef=9.87e-03 lr=6.9e-04 seed=0
iter=  10 step=  35200 ep_ret=-668.327 opt_ret=-668.327 step_rew=-6.6833 opt_step=-6.6833 gap0=668.327 dret=+145.066 eval_ret=n/a pursuer_target_distance=3.429 capture=0.000 score=0.000 pol=-0.0019 val=0.1276 ent=1.5755 tot=+0.0463 agnorm=0.056 cgnorm=0.177 kl=0.0031 clipf=0.021 ev=+0.716 r0=1.0000 entcoef=9.86e-03 lr=6.9e-04 seed=0
iter=  11 step=  38400 ep_ret=-817.465 opt_ret=-817.465 step_rew=-8.1746 opt_step=-8.1746 gap0=817.465 dret=-4.072 eval_ret=n/a pursuer_target_distance=4.748 capture=0.000 score=0.000 pol=-0.0012 val=0.3196 ent=1.5739 tot=+0.1431 agnorm=0.032 cgnorm=0.250 kl=0.0028 clipf=0.029 ev=+0.492 r0=1.0000 entcoef=9.84e-03 lr=6.9e-04 seed=0
iter=  12 step=  41600 ep_ret=-828.378 opt_ret=-828.378 step_rew=-8.2838 opt_step=-8.2838 gap0=828.378 dret=-14.985 eval_ret=n/a pursuer_target_distance=4.311 capture=0.000 score=0.000 pol=-0.0018 val=0.2592 ent=1.5767 tot=+0.1123 agnorm=0.065 cgnorm=0.261 kl=0.0033 clipf=0.034 ev=+0.555 r0=1.0000 entcoef=9.83e-03 lr=6.9e-04 seed=0
iter=  13 step=  44800 ep_ret=-783.941 opt_ret=-783.941 step_rew=-7.8394 opt_step=-7.8394 gap0=783.941 dret=+29.452 eval_ret=n/a pursuer_target_distance=3.667 capture=0.000 score=0.000 pol=-0.0012 val=0.2106 ent=1.5736 tot=+0.0887 agnorm=0.037 cgnorm=0.259 kl=0.0022 clipf=0.013 ev=+0.534 r0=1.0000 entcoef=9.81e-03 lr=6.9e-04 seed=0
iter=  14 step=  48000 ep_ret=-867.070 opt_ret=-867.070 step_rew=-8.6707 opt_step=-8.6707 gap0=867.070 dret=-53.677 eval_ret=n/a pursuer_target_distance=4.541 capture=0.000 score=0.000 pol=-0.0012 val=0.3284 ent=1.5817 tot=+0.1475 agnorm=0.047 cgnorm=0.311 kl=0.0019 clipf=0.013 ev=+0.648 r0=1.0000 entcoef=9.80e-03 lr=6.8e-04 seed=0
iter=  15 step=  51200 ep_ret=-825.237 opt_ret=-825.237 step_rew=-8.2524 opt_step=-8.2524 gap0=825.237 dret=-11.844 eval_ret=n/a pursuer_target_distance=4.359 capture=0.000 score=0.000 pol=-0.0014 val=0.2582 ent=1.5749 tot=+0.1123 agnorm=0.035 cgnorm=0.278 kl=0.0025 clipf=0.012 ev=+0.580 r0=1.0000 entcoef=9.78e-03 lr=6.8e-04 seed=0
iter=  16 step=  54400 ep_ret=-866.097 opt_ret=-866.097 step_rew=-8.6610 opt_step=-8.6610 gap0=866.097 dret=-52.704 eval_ret=n/a pursuer_target_distance=4.773 capture=0.000 score=0.000 pol=-0.0013 val=0.2825 ent=1.5624 tot=+0.1247 agnorm=0.035 cgnorm=0.309 kl=0.0017 clipf=0.013 ev=+0.530 r0=1.0000 entcoef=9.77e-03 lr=6.8e-04 seed=0
iter=  17 step=  57600 ep_ret=-810.896 opt_ret=-810.896 step_rew=-8.1090 opt_step=-8.1090 gap0=810.896 dret=+2.497 eval_ret=n/a pursuer_target_distance=4.325 capture=0.000 score=0.000 pol=-0.0014 val=0.1937 ent=1.5586 tot=+0.0803 agnorm=0.036 cgnorm=0.269 kl=0.0017 clipf=0.011 ev=+0.600 r0=1.0000 entcoef=9.75e-03 lr=6.8e-04 seed=0
iter=  18 step=  60800 ep_ret=-798.670 opt_ret=-798.670 step_rew=-7.9867 opt_step=-7.9867 gap0=798.670 dret=+14.723 eval_ret=n/a pursuer_target_distance=4.020 capture=0.000 score=0.000 pol=-0.0010 val=0.1618 ent=1.5574 tot=+0.0647 agnorm=0.034 cgnorm=0.227 kl=0.0017 clipf=0.008 ev=+0.693 r0=1.0000 entcoef=9.74e-03 lr=6.8e-04 seed=0
iter=  19 step=  64000 ep_ret=-778.554 opt_ret=-778.554 step_rew=-7.7855 opt_step=-7.7855 gap0=778.554 dret=+34.839 eval_ret=n/a pursuer_target_distance=3.863 capture=0.000 score=0.000 pol=-0.0018 val=0.1585 ent=1.5659 tot=+0.0622 agnorm=0.051 cgnorm=0.238 kl=0.0024 clipf=0.017 ev=+0.615 r0=1.0000 entcoef=9.73e-03 lr=6.8e-04 seed=0
iter=  20 step=  67200 ep_ret=-807.697 opt_ret=-807.697 step_rew=-8.0770 opt_step=-8.0770 gap0=807.697 dret=+5.696 eval_ret=-1323.673 pursuer_target_distance=3.907 capture=0.000 score=0.000 pol=-0.0011 val=0.1732 ent=1.5736 tot=+0.0702 agnorm=0.037 cgnorm=0.250 kl=0.0024 clipf=0.017 ev=+0.651 r0=1.0000 entcoef=9.71e-03 lr=6.8e-04 seed=0
iter=  21 step=  70400 ep_ret=-792.805 opt_ret=-792.805 step_rew=-7.9281 opt_step=-7.9281 gap0=792.805 dret=+20.588 eval_ret=n/a pursuer_target_distance=3.493 capture=0.000 score=0.000 pol=-0.0016 val=0.1377 ent=1.5718 tot=+0.0520 agnorm=0.034 cgnorm=0.218 kl=0.0018 clipf=0.009 ev=+0.751 r0=1.0000 entcoef=9.70e-03 lr=6.8e-04 seed=0
iter=  22 step=  73600 ep_ret=-801.057 opt_ret=-801.057 step_rew=-8.0106 opt_step=-8.0106 gap0=801.057 dret=+12.336 eval_ret=n/a pursuer_target_distance=3.804 capture=0.000 score=0.000 pol=-0.0018 val=0.1583 ent=1.5595 tot=+0.0622 agnorm=0.057 cgnorm=0.226 kl=0.0034 clipf=0.032 ev=+0.566 r0=1.0000 entcoef=9.68e-03 lr=6.8e-04 seed=0
iter=  23 step=  76800 ep_ret=-822.815 opt_ret=-822.815 step_rew=-8.2282 opt_step=-8.2282 gap0=822.815 dret=-9.422 eval_ret=n/a pursuer_target_distance=4.540 capture=0.000 score=0.000 pol=-0.0013 val=0.1514 ent=1.5629 tot=+0.0593 agnorm=0.045 cgnorm=0.249 kl=0.0027 clipf=0.017 ev=+0.754 r0=1.0000 entcoef=9.67e-03 lr=6.7e-04 seed=0
iter=  24 step=  80000 ep_ret=-779.394 opt_ret=-779.394 step_rew=-7.7939 opt_step=-7.7939 gap0=779.394 dret=+33.999 eval_ret=n/a pursuer_target_distance=3.784 capture=0.000 score=0.000 pol=-0.0012 val=0.1179 ent=1.5612 tot=+0.0427 agnorm=0.048 cgnorm=0.232 kl=0.0023 clipf=0.012 ev=+0.696 r0=1.0000 entcoef=9.65e-03 lr=6.7e-04 seed=0
iter=  25 step=  83200 ep_ret=-757.354 opt_ret=-757.354 step_rew=-7.5735 opt_step=-7.5735 gap0=757.354 dret=+56.039 eval_ret=n/a pursuer_target_distance=3.418 capture=0.000 score=0.000 pol=-0.0012 val=0.0911 ent=1.5605 tot=+0.0293 agnorm=0.040 cgnorm=0.208 kl=0.0026 clipf=0.016 ev=+0.772 r0=1.0000 entcoef=9.64e-03 lr=6.7e-04 seed=0
iter=  26 step=  86400 ep_ret=-733.877 opt_ret=-733.877 step_rew=-7.3388 opt_step=-7.3388 gap0=733.877 dret=+79.516 eval_ret=n/a pursuer_target_distance=4.031 capture=0.000 score=0.000 pol=-0.0010 val=0.0948 ent=1.5526 tot=+0.0314 agnorm=0.035 cgnorm=0.204 kl=0.0016 clipf=0.006 ev=+0.723 r0=1.0000 entcoef=9.62e-03 lr=6.7e-04 seed=0
iter=  27 step=  89600 ep_ret=-744.623 opt_ret=-744.623 step_rew=-7.4462 opt_step=-7.4462 gap0=744.623 dret=+68.770 eval_ret=n/a pursuer_target_distance=3.987 capture=0.000 score=0.000 pol=-0.0008 val=0.0892 ent=1.5586 tot=+0.0288 agnorm=0.028 cgnorm=0.196 kl=0.0022 clipf=0.007 ev=+0.666 r0=1.0000 entcoef=9.61e-03 lr=6.7e-04 seed=0
iter=  28 step=  92800 ep_ret=-772.271 opt_ret=-772.271 step_rew=-7.7227 opt_step=-7.7227 gap0=772.271 dret=+41.122 eval_ret=n/a pursuer_target_distance=3.834 capture=0.000 score=0.000 pol=-0.0008 val=0.0770 ent=1.5551 tot=+0.0228 agnorm=0.033 cgnorm=0.196 kl=0.0010 clipf=0.003 ev=+0.682 r0=1.0000 entcoef=9.60e-03 lr=6.7e-04 seed=0
iter=  29 step=  96000 ep_ret=-810.806 opt_ret=-810.806 step_rew=-8.1081 opt_step=-8.1081 gap0=810.806 dret=+2.587 eval_ret=n/a pursuer_target_distance=4.279 capture=0.000 score=0.000 pol=-0.0006 val=0.1218 ent=1.5732 tot=+0.0452 agnorm=0.030 cgnorm=0.217 kl=0.0010 clipf=0.002 ev=+0.646 r0=1.0000 entcoef=9.58e-03 lr=6.7e-04 seed=0
iter=  30 step=  99200 ep_ret=-794.760 opt_ret=-794.760 step_rew=-7.9476 opt_step=-7.9476 gap0=794.760 dret=+18.632 eval_ret=n/a pursuer_target_distance=3.802 capture=0.000 score=0.000 pol=-0.0009 val=0.0924 ent=1.5634 tot=+0.0304 agnorm=0.028 cgnorm=0.217 kl=0.0007 clipf=0.001 ev=+0.584 r0=1.0000 entcoef=9.57e-03 lr=6.7e-04 seed=0
iter=  31 step= 102400 ep_ret=-829.385 opt_ret=-829.385 step_rew=-8.2939 opt_step=-8.2939 gap0=829.385 dret=-15.993 eval_ret=n/a pursuer_target_distance=3.953 capture=0.000 score=0.000 pol=-0.0008 val=0.0912 ent=1.5646 tot=+0.0298 agnorm=0.036 cgnorm=0.225 kl=0.0014 clipf=0.004 ev=+0.739 r0=1.0000 entcoef=9.55e-03 lr=6.7e-04 seed=0
iter=  32 step= 105600 ep_ret=-800.702 opt_ret=-800.702 step_rew=-8.0070 opt_step=-8.0070 gap0=800.702 dret=+12.691 eval_ret=n/a pursuer_target_distance=3.690 capture=0.000 score=0.000 pol=-0.0013 val=0.0625 ent=1.5638 tot=+0.0151 agnorm=0.044 cgnorm=0.189 kl=0.0031 clipf=0.018 ev=+0.797 r0=1.0000 entcoef=9.54e-03 lr=6.6e-04 seed=0
iter=  33 step= 108800 ep_ret=-814.322 opt_ret=-814.322 step_rew=-8.1432 opt_step=-8.1432 gap0=814.322 dret=-0.930 eval_ret=n/a pursuer_target_distance=4.199 capture=0.000 score=0.000 pol=-0.0019 val=0.0873 ent=1.5622 tot=+0.0269 agnorm=0.057 cgnorm=0.236 kl=0.0038 clipf=0.031 ev=+0.694 r0=1.0000 entcoef=9.52e-03 lr=6.6e-04 seed=0
iter=  34 step= 112000 ep_ret=-817.384 opt_ret=-817.384 step_rew=-8.1738 opt_step=-8.1738 gap0=817.384 dret=-3.991 eval_ret=n/a pursuer_target_distance=4.150 capture=0.000 score=0.000 pol=-0.0016 val=0.0738 ent=1.5491 tot=+0.0206 agnorm=0.057 cgnorm=0.206 kl=0.0032 clipf=0.027 ev=+0.699 r0=1.0000 entcoef=9.51e-03 lr=6.6e-04 seed=0
iter=  35 step= 115200 ep_ret=-753.295 opt_ret=-753.295 step_rew=-7.5329 opt_step=-7.5329 gap0=753.295 dret=+60.098 eval_ret=n/a pursuer_target_distance=2.949 capture=0.000 score=0.000 pol=-0.0009 val=0.0375 ent=1.5387 tot=+0.0032 agnorm=0.038 cgnorm=0.161 kl=0.0029 clipf=0.018 ev=+0.831 r0=1.0000 entcoef=9.50e-03 lr=6.6e-04 seed=0
iter=  36 step= 118400 ep_ret=-818.846 opt_ret=-818.846 step_rew=-8.1885 opt_step=-8.1885 gap0=818.846 dret=-5.453 eval_ret=n/a pursuer_target_distance=4.143 capture=0.000 score=0.000 pol=-0.0013 val=0.0819 ent=1.5398 tot=+0.0250 agnorm=0.064 cgnorm=0.192 kl=0.0026 clipf=0.021 ev=+0.639 r0=1.0000 entcoef=9.48e-03 lr=6.6e-04 seed=0
iter=  37 step= 121600 ep_ret=-769.782 opt_ret=-769.782 step_rew=-7.6978 opt_step=-7.6978 gap0=769.782 dret=+43.611 eval_ret=n/a pursuer_target_distance=4.023 capture=0.000 score=0.000 pol=-0.0011 val=0.0406 ent=1.5569 tot=+0.0044 agnorm=0.047 cgnorm=0.171 kl=0.0020 clipf=0.008 ev=+0.743 r0=1.0000 entcoef=9.47e-03 lr=6.6e-04 seed=0
iter=  38 step= 124800 ep_ret=-768.665 opt_ret=-768.665 step_rew=-7.6866 opt_step=-7.6866 gap0=768.665 dret=+44.728 eval_ret=n/a pursuer_target_distance=4.017 capture=0.000 score=0.000 pol=-0.0011 val=0.0588 ent=1.5458 tot=+0.0136 agnorm=0.073 cgnorm=0.196 kl=0.0027 clipf=0.020 ev=+0.662 r0=1.0000 entcoef=9.45e-03 lr=6.6e-04 seed=0
iter=  39 step= 128000 ep_ret=-803.445 opt_ret=-803.445 step_rew=-8.0345 opt_step=-8.0345 gap0=803.445 dret=+9.948 eval_ret=n/a pursuer_target_distance=4.006 capture=0.000 score=0.000 pol=-0.0008 val=0.0460 ent=1.5651 tot=+0.0075 agnorm=0.034 cgnorm=0.167 kl=0.0015 clipf=0.007 ev=+0.785 r0=1.0000 entcoef=9.44e-03 lr=6.6e-04 seed=0
iter=  40 step= 131200 ep_ret=-775.161 opt_ret=-775.161 step_rew=-7.7516 opt_step=-7.7516 gap0=775.161 dret=+38.232 eval_ret=-645.374 pursuer_target_distance=3.674 capture=0.000 score=0.000 pol=-0.0013 val=0.0407 ent=1.5597 tot=+0.0044 agnorm=0.039 cgnorm=0.163 kl=0.0019 clipf=0.011 ev=+0.715 r0=1.0000 entcoef=9.42e-03 lr=6.6e-04 seed=0
iter=  41 step= 134400 ep_ret=-713.763 opt_ret=-713.763 step_rew=-7.1376 opt_step=-7.1376 gap0=713.763 dret=+99.630 eval_ret=n/a pursuer_target_distance=3.565 capture=0.000 score=0.000 pol=-0.0007 val=0.0236 ent=1.5690 tot=-0.0037 agnorm=0.025 cgnorm=0.113 kl=0.0015 clipf=0.002 ev=+0.810 r0=1.0000 entcoef=9.41e-03 lr=6.5e-04 seed=0
iter=  42 step= 137600 ep_ret=-782.665 opt_ret=-782.665 step_rew=-7.8266 opt_step=-7.8266 gap0=782.665 dret=+30.728 eval_ret=n/a pursuer_target_distance=3.514 capture=0.000 score=0.000 pol=-0.0011 val=0.0440 ent=1.5568 tot=+0.0062 agnorm=0.037 cgnorm=0.157 kl=0.0017 clipf=0.015 ev=+0.755 r0=1.0000 entcoef=9.39e-03 lr=6.5e-04 seed=0
iter=  43 step= 140800 ep_ret=-745.211 opt_ret=-745.211 step_rew=-7.4521 opt_step=-7.4521 gap0=745.211 dret=+68.181 eval_ret=n/a pursuer_target_distance=3.910 capture=0.000 score=0.000 pol=-0.0007 val=0.0316 ent=1.5462 tot=+0.0006 agnorm=0.022 cgnorm=0.129 kl=0.0012 clipf=0.003 ev=+0.796 r0=1.0000 entcoef=9.38e-03 lr=6.5e-04 seed=0
iter=  44 step= 144000 ep_ret=-810.937 opt_ret=-810.937 step_rew=-8.1094 opt_step=-8.1094 gap0=810.937 dret=+2.456 eval_ret=n/a pursuer_target_distance=4.207 capture=0.000 score=0.000 pol=-0.0012 val=0.0430 ent=1.5491 tot=+0.0058 agnorm=0.033 cgnorm=0.155 kl=0.0014 clipf=0.010 ev=+0.778 r0=1.0000 entcoef=9.37e-03 lr=6.5e-04 seed=0
iter=  45 step= 147200 ep_ret=-695.175 opt_ret=-695.175 step_rew=-6.9518 opt_step=-6.9518 gap0=695.175 dret=+118.218 eval_ret=n/a pursuer_target_distance=3.385 capture=0.000 score=0.000 pol=-0.0016 val=0.0253 ent=1.5467 tot=-0.0034 agnorm=0.044 cgnorm=0.133 kl=0.0024 clipf=0.019 ev=+0.824 r0=1.0000 entcoef=9.35e-03 lr=6.5e-04 seed=0
iter=  46 step= 150400 ep_ret=-752.904 opt_ret=-752.904 step_rew=-7.5290 opt_step=-7.5290 gap0=752.904 dret=+60.489 eval_ret=n/a pursuer_target_distance=3.787 capture=0.000 score=0.000 pol=-0.0011 val=0.0355 ent=1.5521 tot=+0.0022 agnorm=0.034 cgnorm=0.134 kl=0.0017 clipf=0.006 ev=+0.775 r0=1.0000 entcoef=9.34e-03 lr=6.5e-04 seed=0
iter=  47 step= 153600 ep_ret=-711.896 opt_ret=-711.896 step_rew=-7.1190 opt_step=-7.1190 gap0=711.896 dret=+101.497 eval_ret=n/a pursuer_target_distance=3.681 capture=0.000 score=0.000 pol=-0.0007 val=0.0206 ent=1.5366 tot=-0.0047 agnorm=0.029 cgnorm=0.100 kl=0.0013 clipf=0.005 ev=+0.865 r0=1.0000 entcoef=9.32e-03 lr=6.5e-04 seed=0
iter=  48 step= 156800 ep_ret=-744.276 opt_ret=-744.276 step_rew=-7.4428 opt_step=-7.4428 gap0=744.276 dret=+69.117 eval_ret=n/a pursuer_target_distance=3.371 capture=0.000 score=0.000 pol=-0.0011 val=0.0288 ent=1.5379 tot=-0.0010 agnorm=0.040 cgnorm=0.117 kl=0.0016 clipf=0.007 ev=+0.810 r0=1.0000 entcoef=9.31e-03 lr=6.5e-04 seed=0
iter=  49 step= 160000 ep_ret=-682.838 opt_ret=-682.838 step_rew=-6.8284 opt_step=-6.8284 gap0=682.838 dret=+130.555 eval_ret=n/a pursuer_target_distance=3.296 capture=0.000 score=0.000 pol=-0.0013 val=0.0314 ent=1.5321 tot=+0.0002 agnorm=0.045 cgnorm=0.138 kl=0.0023 clipf=0.013 ev=+0.672 r0=1.0000 entcoef=9.29e-03 lr=6.5e-04 seed=0
iter=  50 step= 163200 ep_ret=-688.617 opt_ret=-688.617 step_rew=-6.8862 opt_step=-6.8862 gap0=688.617 dret=+124.776 eval_ret=n/a pursuer_target_distance=3.273 capture=0.000 score=0.000 pol=-0.0015 val=0.0296 ent=1.5097 tot=-0.0007 agnorm=0.039 cgnorm=0.133 kl=0.0023 clipf=0.013 ev=+0.711 r0=1.0000 entcoef=9.28e-03 lr=6.4e-04 seed=0
iter=  51 step= 166400 ep_ret=-720.949 opt_ret=-720.949 step_rew=-7.2095 opt_step=-7.2095 gap0=720.949 dret=+92.443 eval_ret=n/a pursuer_target_distance=3.868 capture=0.000 score=0.000 pol=-0.0009 val=0.0299 ent=1.5048 tot=+0.0001 agnorm=0.038 cgnorm=0.118 kl=0.0017 clipf=0.010 ev=+0.683 r0=1.0000 entcoef=9.26e-03 lr=6.4e-04 seed=0
iter=  52 step= 169600 ep_ret=-732.290 opt_ret=-732.290 step_rew=-7.3229 opt_step=-7.3229 gap0=732.290 dret=+81.103 eval_ret=n/a pursuer_target_distance=3.577 capture=0.000 score=0.000 pol=-0.0008 val=0.0218 ent=1.5093 tot=-0.0039 agnorm=0.030 cgnorm=0.095 kl=0.0019 clipf=0.006 ev=+0.751 r0=1.0000 entcoef=9.25e-03 lr=6.4e-04 seed=0
iter=  53 step= 172800 ep_ret=-708.833 opt_ret=-708.833 step_rew=-7.0883 opt_step=-7.0883 gap0=708.833 dret=+104.560 eval_ret=n/a pursuer_target_distance=3.215 capture=0.000 score=0.000 pol=-0.0011 val=0.0224 ent=1.5194 tot=-0.0039 agnorm=0.038 cgnorm=0.113 kl=0.0015 clipf=0.007 ev=+0.736 r0=1.0000 entcoef=9.24e-03 lr=6.4e-04 seed=0
iter=  54 step= 176000 ep_ret=-669.467 opt_ret=-669.467 step_rew=-6.6947 opt_step=-6.6947 gap0=669.467 dret=+143.926 eval_ret=n/a pursuer_target_distance=3.288 capture=0.000 score=0.000 pol=-0.0013 val=0.0359 ent=1.4990 tot=+0.0028 agnorm=0.031 cgnorm=0.141 kl=0.0019 clipf=0.011 ev=+0.590 r0=1.0000 entcoef=9.22e-03 lr=6.4e-04 seed=0
iter=  55 step= 179200 ep_ret=-646.281 opt_ret=-646.281 step_rew=-6.4628 opt_step=-6.4628 gap0=646.281 dret=+167.112 eval_ret=n/a pursuer_target_distance=3.350 capture=0.000 score=0.000 pol=-0.0019 val=0.0196 ent=1.4698 tot=-0.0056 agnorm=0.047 cgnorm=0.087 kl=0.0028 clipf=0.023 ev=+0.815 r0=1.0000 entcoef=9.21e-03 lr=6.4e-04 seed=0
iter=  56 step= 182400 ep_ret=-611.702 opt_ret=-611.702 step_rew=-6.1170 opt_step=-6.1170 gap0=611.702 dret=+201.691 eval_ret=n/a pursuer_target_distance=3.016 capture=0.000 score=0.000 pol=-0.0011 val=0.0242 ent=1.4620 tot=-0.0024 agnorm=0.042 cgnorm=0.099 kl=0.0023 clipf=0.012 ev=+0.801 r0=1.0000 entcoef=9.19e-03 lr=6.4e-04 seed=0
iter=  57 step= 185600 ep_ret=-664.102 opt_ret=-664.102 step_rew=-6.6410 opt_step=-6.6410 gap0=664.102 dret=+149.290 eval_ret=n/a pursuer_target_distance=3.481 capture=0.000 score=0.000 pol=-0.0014 val=0.0270 ent=1.4666 tot=-0.0014 agnorm=0.041 cgnorm=0.102 kl=0.0018 clipf=0.011 ev=+0.696 r0=1.0000 entcoef=9.18e-03 lr=6.4e-04 seed=0
iter=  58 step= 188800 ep_ret=-661.741 opt_ret=-661.741 step_rew=-6.6174 opt_step=-6.6174 gap0=661.741 dret=+151.652 eval_ret=n/a pursuer_target_distance=3.170 capture=0.000 score=0.000 pol=-0.0014 val=0.0243 ent=1.4527 tot=-0.0025 agnorm=0.043 cgnorm=0.095 kl=0.0023 clipf=0.014 ev=+0.764 r0=1.0000 entcoef=9.16e-03 lr=6.4e-04 seed=0
iter=  59 step= 192000 ep_ret=-566.823 opt_ret=-566.823 step_rew=-5.6682 opt_step=-5.6682 gap0=566.823 dret=+246.570 eval_ret=n/a pursuer_target_distance=2.879 capture=0.000 score=0.000 pol=-0.0008 val=0.0283 ent=1.4515 tot=+0.0001 agnorm=0.038 cgnorm=0.105 kl=0.0015 clipf=0.009 ev=+0.753 r0=1.0000 entcoef=9.15e-03 lr=6.3e-04 seed=0
iter=  60 step= 195200 ep_ret=-674.813 opt_ret=-674.813 step_rew=-6.7481 opt_step=-6.7481 gap0=674.813 dret=+138.580 eval_ret=-638.704 pursuer_target_distance=3.327 capture=0.000 score=0.000 pol=-0.0011 val=0.0285 ent=1.4717 tot=-0.0003 agnorm=0.041 cgnorm=0.088 kl=0.0024 clipf=0.010 ev=+0.688 r0=1.0000 entcoef=9.13e-03 lr=6.3e-04 seed=0
iter=  61 step= 198400 ep_ret=-617.434 opt_ret=-617.434 step_rew=-6.1743 opt_step=-6.1743 gap0=617.434 dret=+195.959 eval_ret=n/a pursuer_target_distance=3.014 capture=0.000 score=0.000 pol=-0.0011 val=0.0181 ent=1.4850 tot=-0.0056 agnorm=0.037 cgnorm=0.080 kl=0.0018 clipf=0.009 ev=+0.830 r0=1.0000 entcoef=9.12e-03 lr=6.3e-04 seed=0
iter=  62 step= 201600 ep_ret=-629.780 opt_ret=-629.780 step_rew=-6.2978 opt_step=-6.2978 gap0=629.780 dret=+183.613 eval_ret=n/a pursuer_target_distance=2.814 capture=0.000 score=0.000 pol=-0.0011 val=0.0282 ent=1.4902 tot=-0.0006 agnorm=0.036 cgnorm=0.100 kl=0.0022 clipf=0.010 ev=+0.724 r0=1.0000 entcoef=9.11e-03 lr=6.3e-04 seed=0
iter=  63 step= 204800 ep_ret=-611.602 opt_ret=-611.602 step_rew=-6.1160 opt_step=-6.1160 gap0=611.602 dret=+201.791 eval_ret=n/a pursuer_target_distance=3.083 capture=0.000 score=0.000 pol=-0.0015 val=0.0237 ent=1.4891 tot=-0.0032 agnorm=0.041 cgnorm=0.090 kl=0.0020 clipf=0.014 ev=+0.716 r0=1.0000 entcoef=9.09e-03 lr=6.3e-04 seed=0
iter=  64 step= 208000 ep_ret=-667.583 opt_ret=-667.583 step_rew=-6.6758 opt_step=-6.6758 gap0=667.583 dret=+145.809 eval_ret=n/a pursuer_target_distance=3.310 capture=0.000 score=0.000 pol=-0.0016 val=0.0351 ent=1.5178 tot=+0.0022 agnorm=0.044 cgnorm=0.110 kl=0.0024 clipf=0.017 ev=+0.479 r0=1.0000 entcoef=9.08e-03 lr=6.3e-04 seed=0
iter=  65 step= 211200 ep_ret=-655.662 opt_ret=-655.662 step_rew=-6.5566 opt_step=-6.5566 gap0=655.662 dret=+157.731 eval_ret=n/a pursuer_target_distance=2.987 capture=0.000 score=0.000 pol=-0.0007 val=0.0364 ent=1.5218 tot=+0.0037 agnorm=0.028 cgnorm=0.114 kl=0.0019 clipf=0.006 ev=+0.531 r0=1.0000 entcoef=9.06e-03 lr=6.3e-04 seed=0
iter=  66 step= 214400 ep_ret=-696.193 opt_ret=-696.193 step_rew=-6.9619 opt_step=-6.9619 gap0=696.193 dret=+117.200 eval_ret=n/a pursuer_target_distance=3.135 capture=0.000 score=0.000 pol=-0.0010 val=0.0277 ent=1.5250 tot=-0.0010 agnorm=0.034 cgnorm=0.094 kl=0.0014 clipf=0.007 ev=+0.518 r0=1.0000 entcoef=9.05e-03 lr=6.3e-04 seed=0
iter=  67 step= 217600 ep_ret=-709.405 opt_ret=-709.405 step_rew=-7.0940 opt_step=-7.0940 gap0=709.405 dret=+103.988 eval_ret=n/a pursuer_target_distance=3.351 capture=0.000 score=0.000 pol=-0.0017 val=0.0191 ent=1.5156 tot=-0.0059 agnorm=0.060 cgnorm=0.077 kl=0.0033 clipf=0.035 ev=+0.727 r0=1.0000 entcoef=9.03e-03 lr=6.3e-04 seed=0
iter=  68 step= 220800 ep_ret=-779.998 opt_ret=-779.998 step_rew=-7.8000 opt_step=-7.8000 gap0=779.998 dret=+33.395 eval_ret=n/a pursuer_target_distance=3.687 capture=0.000 score=0.000 pol=-0.0007 val=0.0331 ent=1.5189 tot=+0.0021 agnorm=0.038 cgnorm=0.107 kl=0.0025 clipf=0.014 ev=+0.437 r0=1.0000 entcoef=9.02e-03 lr=6.2e-04 seed=0
iter=  69 step= 224000 ep_ret=-686.403 opt_ret=-686.403 step_rew=-6.8640 opt_step=-6.8640 gap0=686.403 dret=+126.990 eval_ret=n/a pursuer_target_distance=3.507 capture=0.000 score=0.000 pol=-0.0008 val=0.0243 ent=1.5209 tot=-0.0023 agnorm=0.031 cgnorm=0.090 kl=0.0015 clipf=0.006 ev=+0.716 r0=1.0000 entcoef=9.00e-03 lr=6.2e-04 seed=0
iter=  70 step= 227200 ep_ret=-714.656 opt_ret=-714.656 step_rew=-7.1466 opt_step=-7.1466 gap0=714.656 dret=+98.737 eval_ret=n/a pursuer_target_distance=3.289 capture=0.000 score=0.000 pol=-0.0007 val=0.0270 ent=1.5120 tot=-0.0008 agnorm=0.025 cgnorm=0.092 kl=0.0010 clipf=0.003 ev=+0.614 r0=1.0000 entcoef=8.99e-03 lr=6.2e-04 seed=0
iter=  71 step= 230400 ep_ret=-759.486 opt_ret=-759.486 step_rew=-7.5949 opt_step=-7.5949 gap0=759.486 dret=+53.907 eval_ret=n/a pursuer_target_distance=4.142 capture=0.000 score=0.000 pol=-0.0010 val=0.0326 ent=1.5240 tot=+0.0016 agnorm=0.034 cgnorm=0.100 kl=0.0013 clipf=0.004 ev=+0.541 r0=1.0000 entcoef=8.98e-03 lr=6.2e-04 seed=0
iter=  72 step= 233600 ep_ret=-655.413 opt_ret=-655.413 step_rew=-6.5541 opt_step=-6.5541 gap0=655.413 dret=+157.980 eval_ret=n/a pursuer_target_distance=3.216 capture=0.000 score=0.000 pol=-0.0009 val=0.0172 ent=1.5220 tot=-0.0060 agnorm=0.046 cgnorm=0.072 kl=0.0017 clipf=0.008 ev=+0.719 r0=1.0000 entcoef=8.96e-03 lr=6.2e-04 seed=0
iter=  73 step= 236800 ep_ret=-654.235 opt_ret=-654.235 step_rew=-6.5424 opt_step=-6.5424 gap0=654.235 dret=+159.158 eval_ret=n/a pursuer_target_distance=2.976 capture=0.000 score=0.000 pol=-0.0013 val=0.0187 ent=1.4869 tot=-0.0053 agnorm=0.048 cgnorm=0.074 kl=0.0027 clipf=0.013 ev=+0.731 r0=1.0000 entcoef=8.95e-03 lr=6.2e-04 seed=0
iter=  74 step= 240000 ep_ret=-661.605 opt_ret=-661.605 step_rew=-6.6161 opt_step=-6.6161 gap0=661.605 dret=+151.788 eval_ret=n/a pursuer_target_distance=3.374 capture=0.000 score=0.000 pol=-0.0011 val=0.0177 ent=1.4984 tot=-0.0056 agnorm=0.044 cgnorm=0.075 kl=0.0023 clipf=0.012 ev=+0.763 r0=1.0000 entcoef=8.93e-03 lr=6.2e-04 seed=0
iter=  75 step= 243200 ep_ret=-703.359 opt_ret=-703.359 step_rew=-7.0336 opt_step=-7.0336 gap0=703.359 dret=+110.034 eval_ret=n/a pursuer_target_distance=3.526 capture=0.000 score=0.000 pol=-0.0010 val=0.0259 ent=1.4956 tot=-0.0014 agnorm=0.035 cgnorm=0.090 kl=0.0018 clipf=0.007 ev=+0.638 r0=1.0000 entcoef=8.92e-03 lr=6.2e-04 seed=0
iter=  76 step= 246400 ep_ret=-670.384 opt_ret=-670.384 step_rew=-6.7038 opt_step=-6.7038 gap0=670.384 dret=+143.009 eval_ret=n/a pursuer_target_distance=3.115 capture=0.000 score=0.000 pol=-0.0010 val=0.0256 ent=1.5117 tot=-0.0016 agnorm=0.036 cgnorm=0.081 kl=0.0020 clipf=0.011 ev=+0.675 r0=1.0000 entcoef=8.90e-03 lr=6.2e-04 seed=0
iter=  77 step= 249600 ep_ret=-686.445 opt_ret=-686.445 step_rew=-6.8644 opt_step=-6.8644 gap0=686.445 dret=+126.948 eval_ret=n/a pursuer_target_distance=3.301 capture=0.000 score=0.000 pol=-0.0008 val=0.0308 ent=1.5089 tot=+0.0011 agnorm=0.036 cgnorm=0.094 kl=0.0019 clipf=0.012 ev=+0.590 r0=1.0000 entcoef=8.89e-03 lr=6.1e-04 seed=0
iter=  78 step= 252800 ep_ret=-766.415 opt_ret=-766.415 step_rew=-7.6641 opt_step=-7.6641 gap0=766.415 dret=+46.978 eval_ret=n/a pursuer_target_distance=3.661 capture=0.000 score=0.000 pol=-0.0011 val=0.0374 ent=1.5225 tot=+0.0041 agnorm=0.036 cgnorm=0.094 kl=0.0013 clipf=0.006 ev=+0.428 r0=1.0000 entcoef=8.88e-03 lr=6.1e-04 seed=0
iter=  79 step= 256000 ep_ret=-731.851 opt_ret=-731.851 step_rew=-7.3185 opt_step=-7.3185 gap0=731.851 dret=+81.542 eval_ret=n/a pursuer_target_distance=3.920 capture=0.000 score=0.000 pol=-0.0008 val=0.0282 ent=1.5234 tot=-0.0002 agnorm=0.034 cgnorm=0.091 kl=0.0018 clipf=0.008 ev=+0.528 r0=1.0000 entcoef=8.86e-03 lr=6.1e-04 seed=0
iter=  80 step= 259200 ep_ret=-826.839 opt_ret=-826.839 step_rew=-8.2684 opt_step=-8.2684 gap0=826.839 dret=-13.447 eval_ret=-597.333 pursuer_target_distance=3.854 capture=0.000 score=0.000 pol=-0.0008 val=0.0271 ent=1.5307 tot=-0.0007 agnorm=0.027 cgnorm=0.094 kl=0.0012 clipf=0.005 ev=+0.718 r0=1.0000 entcoef=8.85e-03 lr=6.1e-04 seed=0
iter=  81 step= 262400 ep_ret=-722.088 opt_ret=-722.088 step_rew=-7.2209 opt_step=-7.2209 gap0=722.088 dret=+91.305 eval_ret=n/a pursuer_target_distance=3.410 capture=0.000 score=0.000 pol=-0.0018 val=0.0198 ent=1.5275 tot=-0.0054 agnorm=0.053 cgnorm=0.079 kl=0.0027 clipf=0.020 ev=+0.705 r0=1.0000 entcoef=8.83e-03 lr=6.1e-04 seed=0
iter=  82 step= 265600 ep_ret=-683.128 opt_ret=-683.128 step_rew=-6.8313 opt_step=-6.8313 gap0=683.128 dret=+130.265 eval_ret=n/a pursuer_target_distance=2.892 capture=0.000 score=0.000 pol=-0.0013 val=0.0272 ent=1.4929 tot=-0.0008 agnorm=0.040 cgnorm=0.089 kl=0.0022 clipf=0.015 ev=+0.559 r0=1.0000 entcoef=8.82e-03 lr=6.1e-04 seed=0
iter=  83 step= 268800 ep_ret=-614.978 opt_ret=-614.978 step_rew=-6.1498 opt_step=-6.1498 gap0=614.978 dret=+198.414 eval_ret=n/a pursuer_target_distance=2.929 capture=0.000 score=0.000 pol=-0.0015 val=0.0193 ent=1.4617 tot=-0.0047 agnorm=0.041 cgnorm=0.073 kl=0.0024 clipf=0.012 ev=+0.773 r0=1.0000 entcoef=8.80e-03 lr=6.1e-04 seed=0
iter=  84 step= 272000 ep_ret=-688.075 opt_ret=-688.075 step_rew=-6.8808 opt_step=-6.8808 gap0=688.075 dret=+125.318 eval_ret=n/a pursuer_target_distance=3.158 capture=0.000 score=0.000 pol=-0.0011 val=0.0231 ent=1.4695 tot=-0.0025 agnorm=0.045 cgnorm=0.079 kl=0.0015 clipf=0.009 ev=+0.777 r0=1.0000 entcoef=8.79e-03 lr=6.1e-04 seed=0
iter=  85 step= 275200 ep_ret=-650.068 opt_ret=-650.068 step_rew=-6.5007 opt_step=-6.5007 gap0=650.068 dret=+163.325 eval_ret=n/a pursuer_target_distance=3.085 capture=0.000 score=0.000 pol=-0.0014 val=0.0235 ent=1.4561 tot=-0.0024 agnorm=0.047 cgnorm=0.077 kl=0.0026 clipf=0.021 ev=+0.777 r0=1.0000 entcoef=8.77e-03 lr=6.1e-04 seed=0
iter=  86 step= 278400 ep_ret=-746.212 opt_ret=-746.212 step_rew=-7.4621 opt_step=-7.4621 gap0=746.212 dret=+67.181 eval_ret=n/a pursuer_target_distance=3.885 capture=0.000 score=0.000 pol=-0.0014 val=0.0287 ent=1.4488 tot=+0.0003 agnorm=0.050 cgnorm=0.075 kl=0.0025 clipf=0.019 ev=+0.772 r0=1.0000 entcoef=8.76e-03 lr=6.0e-04 seed=0
iter=  87 step= 281600 ep_ret=-586.815 opt_ret=-586.815 step_rew=-5.8681 opt_step=-5.8681 gap0=586.815 dret=+226.578 eval_ret=n/a pursuer_target_distance=2.931 capture=0.000 score=0.000 pol=-0.0012 val=0.0254 ent=1.4450 tot=-0.0012 agnorm=0.041 cgnorm=0.088 kl=0.0022 clipf=0.014 ev=+0.774 r0=1.0000 entcoef=8.75e-03 lr=6.0e-04 seed=0
iter=  88 step= 284800 ep_ret=-750.937 opt_ret=-750.937 step_rew=-7.5094 opt_step=-7.5094 gap0=750.937 dret=+62.456 eval_ret=n/a pursuer_target_distance=3.708 capture=0.000 score=0.000 pol=-0.0014 val=0.0305 ent=1.4526 tot=+0.0012 agnorm=0.039 cgnorm=0.080 kl=0.0019 clipf=0.011 ev=+0.756 r0=1.0000 entcoef=8.73e-03 lr=6.0e-04 seed=0
iter=  89 step= 288000 ep_ret=-636.469 opt_ret=-636.469 step_rew=-6.3647 opt_step=-6.3647 gap0=636.469 dret=+176.924 eval_ret=n/a pursuer_target_distance=3.007 capture=0.000 score=0.000 pol=-0.0010 val=0.0209 ent=1.4135 tot=-0.0029 agnorm=0.033 cgnorm=0.056 kl=0.0018 clipf=0.010 ev=+0.854 r0=1.0000 entcoef=8.72e-03 lr=6.0e-04 seed=0
iter=  90 step= 291200 ep_ret=-548.941 opt_ret=-548.941 step_rew=-5.4894 opt_step=-5.4894 gap0=548.941 dret=+264.452 eval_ret=n/a pursuer_target_distance=2.251 capture=0.000 score=0.000 pol=-0.0013 val=0.0263 ent=1.4402 tot=-0.0007 agnorm=0.035 cgnorm=0.085 kl=0.0017 clipf=0.011 ev=+0.866 r0=1.0000 entcoef=8.70e-03 lr=6.0e-04 seed=0
iter=  91 step= 294400 ep_ret=-611.241 opt_ret=-611.241 step_rew=-6.1124 opt_step=-6.1124 gap0=611.241 dret=+202.152 eval_ret=n/a pursuer_target_distance=2.916 capture=0.000 score=0.000 pol=-0.0012 val=0.0267 ent=1.4453 tot=-0.0004 agnorm=0.034 cgnorm=0.066 kl=0.0018 clipf=0.014 ev=+0.803 r0=1.0000 entcoef=8.69e-03 lr=6.0e-04 seed=0
iter=  92 step= 297600 ep_ret=-656.701 opt_ret=-656.701 step_rew=-6.5670 opt_step=-6.5670 gap0=656.701 dret=+156.692 eval_ret=n/a pursuer_target_distance=2.641 capture=0.000 score=0.000 pol=-0.0010 val=0.0375 ent=1.4525 tot=+0.0051 agnorm=0.037 cgnorm=0.095 kl=0.0019 clipf=0.014 ev=+0.716 r0=1.0000 entcoef=8.67e-03 lr=6.0e-04 seed=0
iter=  93 step= 300800 ep_ret=-654.178 opt_ret=-654.178 step_rew=-6.5418 opt_step=-6.5418 gap0=654.178 dret=+159.215 eval_ret=n/a pursuer_target_distance=3.203 capture=0.000 score=0.000 pol=-0.0015 val=0.0280 ent=1.4562 tot=-0.0001 agnorm=0.045 cgnorm=0.072 kl=0.0022 clipf=0.016 ev=+0.797 r0=1.0000 entcoef=8.66e-03 lr=6.0e-04 seed=0
iter=  94 step= 304000 ep_ret=-609.615 opt_ret=-609.615 step_rew=-6.0961 opt_step=-6.0961 gap0=609.615 dret=+203.778 eval_ret=n/a pursuer_target_distance=2.390 capture=0.000 score=0.000 pol=-0.0009 val=0.0274 ent=1.4537 tot=+0.0003 agnorm=0.038 cgnorm=0.077 kl=0.0015 clipf=0.009 ev=+0.852 r0=1.0000 entcoef=8.64e-03 lr=6.0e-04 seed=0
iter=  95 step= 307200 ep_ret=-569.745 opt_ret=-569.745 step_rew=-5.6975 opt_step=-5.6975 gap0=569.745 dret=+243.647 eval_ret=n/a pursuer_target_distance=2.456 capture=0.000 score=0.000 pol=-0.0015 val=0.0283 ent=1.4499 tot=+0.0001 agnorm=0.050 cgnorm=0.075 kl=0.0030 clipf=0.019 ev=+0.846 r0=1.0000 entcoef=8.63e-03 lr=5.9e-04 seed=0
iter=  96 step= 310400 ep_ret=-577.179 opt_ret=-577.179 step_rew=-5.7718 opt_step=-5.7718 gap0=577.179 dret=+236.213 eval_ret=n/a pursuer_target_distance=2.582 capture=0.000 score=0.000 pol=-0.0011 val=0.0290 ent=1.4584 tot=+0.0008 agnorm=0.049 cgnorm=0.067 kl=0.0026 clipf=0.022 ev=+0.789 r0=1.0000 entcoef=8.62e-03 lr=5.9e-04 seed=0
iter=  97 step= 313600 ep_ret=-652.232 opt_ret=-652.232 step_rew=-6.5223 opt_step=-6.5223 gap0=652.232 dret=+161.161 eval_ret=n/a pursuer_target_distance=3.360 capture=0.000 score=0.000 pol=-0.0007 val=0.0378 ent=1.4564 tot=+0.0057 agnorm=0.031 cgnorm=0.084 kl=0.0011 clipf=0.004 ev=+0.738 r0=1.0000 entcoef=8.60e-03 lr=5.9e-04 seed=0
iter=  98 step= 316800 ep_ret=-621.514 opt_ret=-621.514 step_rew=-6.2151 opt_step=-6.2151 gap0=621.514 dret=+191.879 eval_ret=n/a pursuer_target_distance=2.918 capture=0.000 score=0.000 pol=-0.0011 val=0.0269 ent=1.4782 tot=-0.0003 agnorm=0.047 cgnorm=0.080 kl=0.0019 clipf=0.015 ev=+0.691 r0=1.0000 entcoef=8.59e-03 lr=5.9e-04 seed=0
iter=  99 step= 320000 ep_ret=-602.936 opt_ret=-602.936 step_rew=-6.0294 opt_step=-6.0294 gap0=602.936 dret=+210.457 eval_ret=n/a pursuer_target_distance=2.954 capture=0.000 score=0.000 pol=-0.0011 val=0.0470 ent=1.4718 tot=+0.0098 agnorm=0.037 cgnorm=0.092 kl=0.0024 clipf=0.018 ev=+0.720 r0=1.0000 entcoef=8.57e-03 lr=5.9e-04 seed=0
iter= 100 step= 323200 ep_ret=-651.259 opt_ret=-651.259 step_rew=-6.5126 opt_step=-6.5126 gap0=651.259 dret=+162.134 eval_ret=-551.944 pursuer_target_distance=2.950 capture=0.000 score=0.000 pol=-0.0013 val=0.0289 ent=1.4675 tot=+0.0006 agnorm=0.039 cgnorm=0.070 kl=0.0020 clipf=0.012 ev=+0.754 r0=1.0000 entcoef=8.56e-03 lr=5.9e-04 seed=0
iter= 101 step= 326400 ep_ret=-598.737 opt_ret=-598.737 step_rew=-5.9874 opt_step=-5.9874 gap0=598.737 dret=+214.656 eval_ret=n/a pursuer_target_distance=2.288 capture=0.000 score=0.000 pol=-0.0011 val=0.0306 ent=1.4443 tot=+0.0018 agnorm=0.034 cgnorm=0.078 kl=0.0021 clipf=0.008 ev=+0.740 r0=1.0000 entcoef=8.54e-03 lr=5.9e-04 seed=0
iter= 102 step= 329600 ep_ret=-575.140 opt_ret=-575.140 step_rew=-5.7514 opt_step=-5.7514 gap0=575.140 dret=+238.253 eval_ret=n/a pursuer_target_distance=2.915 capture=0.000 score=0.000 pol=-0.0013 val=0.0366 ent=1.4225 tot=+0.0049 agnorm=0.044 cgnorm=0.082 kl=0.0032 clipf=0.031 ev=+0.718 r0=1.0000 entcoef=8.53e-03 lr=5.9e-04 seed=0
iter= 103 step= 332800 ep_ret=-580.306 opt_ret=-580.306 step_rew=-5.8031 opt_step=-5.8031 gap0=580.306 dret=+233.087 eval_ret=n/a pursuer_target_distance=2.287 capture=0.000 score=0.000 pol=-0.0010 val=0.0465 ent=1.4041 tot=+0.0103 agnorm=0.038 cgnorm=0.093 kl=0.0023 clipf=0.012 ev=+0.670 r0=1.0000 entcoef=8.51e-03 lr=5.9e-04 seed=0
iter= 104 step= 336000 ep_ret=-526.375 opt_ret=-526.375 step_rew=-5.2638 opt_step=-5.2638 gap0=526.375 dret=+287.018 eval_ret=n/a pursuer_target_distance=1.950 capture=0.000 score=0.000 pol=-0.0014 val=0.0460 ent=1.3981 tot=+0.0097 agnorm=0.041 cgnorm=0.091 kl=0.0027 clipf=0.011 ev=+0.743 r0=1.0000 entcoef=8.50e-03 lr=5.9e-04 seed=0
iter= 105 step= 339200 ep_ret=-539.898 opt_ret=-539.898 step_rew=-5.3990 opt_step=-5.3990 gap0=539.898 dret=+273.495 eval_ret=n/a pursuer_target_distance=2.455 capture=0.000 score=0.000 pol=-0.0011 val=0.0461 ent=1.4011 tot=+0.0101 agnorm=0.035 cgnorm=0.088 kl=0.0022 clipf=0.015 ev=+0.818 r0=1.0000 entcoef=8.49e-03 lr=5.8e-04 seed=0
iter= 106 step= 342400 ep_ret=-510.778 opt_ret=-510.778 step_rew=-5.1078 opt_step=-5.1078 gap0=510.778 dret=+302.614 eval_ret=n/a pursuer_target_distance=2.416 capture=0.000 score=0.000 pol=-0.0012 val=0.0396 ent=1.3936 tot=+0.0068 agnorm=0.039 cgnorm=0.079 kl=0.0018 clipf=0.010 ev=+0.832 r0=1.0000 entcoef=8.47e-03 lr=5.8e-04 seed=0
iter= 107 step= 345600 ep_ret=-510.244 opt_ret=-510.244 step_rew=-5.1024 opt_step=-5.1024 gap0=510.244 dret=+303.149 eval_ret=n/a pursuer_target_distance=2.162 capture=0.000 score=0.000 pol=-0.0013 val=0.0475 ent=1.4097 tot=+0.0105 agnorm=0.051 cgnorm=0.088 kl=0.0025 clipf=0.017 ev=+0.776 r0=1.0000 entcoef=8.46e-03 lr=5.8e-04 seed=0
iter= 108 step= 348800 ep_ret=-474.666 opt_ret=-474.666 step_rew=-4.7467 opt_step=-4.7467 gap0=474.666 dret=+338.727 eval_ret=n/a pursuer_target_distance=1.894 capture=0.000 score=0.000 pol=-0.0014 val=0.0388 ent=1.4130 tot=+0.0060 agnorm=0.038 cgnorm=0.083 kl=0.0023 clipf=0.017 ev=+0.841 r0=1.0000 entcoef=8.44e-03 lr=5.8e-04 seed=0
iter= 109 step= 352000 ep_ret=-537.770 opt_ret=-537.770 step_rew=-5.3777 opt_step=-5.3777 gap0=537.770 dret=+275.623 eval_ret=n/a pursuer_target_distance=2.132 capture=0.000 score=0.000 pol=-0.0013 val=0.0387 ent=1.4133 tot=+0.0061 agnorm=0.040 cgnorm=0.070 kl=0.0017 clipf=0.008 ev=+0.738 r0=1.0000 entcoef=8.43e-03 lr=5.8e-04 seed=0
iter= 110 step= 355200 ep_ret=-524.620 opt_ret=-524.620 step_rew=-5.2462 opt_step=-5.2462 gap0=524.620 dret=+288.773 eval_ret=n/a pursuer_target_distance=2.017 capture=0.000 score=0.000 pol=-0.0011 val=0.0315 ent=1.4055 tot=+0.0028 agnorm=0.038 cgnorm=0.074 kl=0.0017 clipf=0.012 ev=+0.795 r0=1.0000 entcoef=8.41e-03 lr=5.8e-04 seed=0
iter= 111 step= 358400 ep_ret=-578.095 opt_ret=-578.095 step_rew=-5.7809 opt_step=-5.7809 gap0=578.095 dret=+235.298 eval_ret=n/a pursuer_target_distance=2.831 capture=0.000 score=0.000 pol=-0.0015 val=0.0368 ent=1.4182 tot=+0.0050 agnorm=0.048 cgnorm=0.074 kl=0.0026 clipf=0.021 ev=+0.797 r0=1.0000 entcoef=8.40e-03 lr=5.8e-04 seed=0
iter= 112 step= 361600 ep_ret=-512.950 opt_ret=-512.950 step_rew=-5.1295 opt_step=-5.1295 gap0=512.950 dret=+300.443 eval_ret=n/a pursuer_target_distance=2.045 capture=0.000 score=0.000 pol=-0.0012 val=0.0388 ent=1.4260 tot=+0.0062 agnorm=0.031 cgnorm=0.083 kl=0.0017 clipf=0.011 ev=+0.774 r0=1.0000 entcoef=8.38e-03 lr=5.8e-04 seed=0
iter= 113 step= 364800 ep_ret=-497.930 opt_ret=-497.930 step_rew=-4.9793 opt_step=-4.9793 gap0=497.930 dret=+315.463 eval_ret=n/a pursuer_target_distance=2.428 capture=0.000 score=0.000 pol=-0.0016 val=0.0349 ent=1.4024 tot=+0.0041 agnorm=0.041 cgnorm=0.073 kl=0.0027 clipf=0.019 ev=+0.817 r0=1.0000 entcoef=8.37e-03 lr=5.8e-04 seed=0
iter= 114 step= 368000 ep_ret=-517.895 opt_ret=-517.895 step_rew=-5.1789 opt_step=-5.1789 gap0=517.895 dret=+295.498 eval_ret=n/a pursuer_target_distance=2.175 capture=0.000 score=0.000 pol=-0.0011 val=0.0310 ent=1.4260 tot=+0.0025 agnorm=0.045 cgnorm=0.067 kl=0.0027 clipf=0.019 ev=+0.827 r0=1.0000 entcoef=8.36e-03 lr=5.7e-04 seed=0
iter= 115 step= 371200 ep_ret=-690.350 opt_ret=-690.350 step_rew=-6.9035 opt_step=-6.9035 gap0=690.350 dret=+123.043 eval_ret=n/a pursuer_target_distance=3.304 capture=0.000 score=0.000 pol=-0.0010 val=0.0485 ent=1.4241 tot=+0.0113 agnorm=0.042 cgnorm=0.085 kl=0.0024 clipf=0.014 ev=+0.673 r0=1.0000 entcoef=8.34e-03 lr=5.7e-04 seed=0
iter= 116 step= 374400 ep_ret=-574.131 opt_ret=-574.131 step_rew=-5.7413 opt_step=-5.7413 gap0=574.131 dret=+239.262 eval_ret=n/a pursuer_target_distance=2.579 capture=0.000 score=0.000 pol=-0.0014 val=0.0507 ent=1.4213 tot=+0.0122 agnorm=0.038 cgnorm=0.087 kl=0.0016 clipf=0.010 ev=+0.525 r0=1.0000 entcoef=8.33e-03 lr=5.7e-04 seed=0
iter= 117 step= 377600 ep_ret=-624.461 opt_ret=-624.461 step_rew=-6.2446 opt_step=-6.2446 gap0=624.461 dret=+188.932 eval_ret=n/a pursuer_target_distance=2.488 capture=0.000 score=0.000 pol=-0.0011 val=0.0425 ent=1.4462 tot=+0.0081 agnorm=0.042 cgnorm=0.079 kl=0.0022 clipf=0.015 ev=+0.708 r0=1.0000 entcoef=8.31e-03 lr=5.7e-04 seed=0
iter= 118 step= 380800 ep_ret=-594.133 opt_ret=-594.133 step_rew=-5.9413 opt_step=-5.9413 gap0=594.133 dret=+219.260 eval_ret=n/a pursuer_target_distance=1.999 capture=0.000 score=0.000 pol=-0.0010 val=0.0489 ent=1.4567 tot=+0.0113 agnorm=0.033 cgnorm=0.081 kl=0.0018 clipf=0.009 ev=+0.675 r0=1.0000 entcoef=8.30e-03 lr=5.7e-04 seed=0
iter= 119 step= 384000 ep_ret=-553.983 opt_ret=-553.983 step_rew=-5.5398 opt_step=-5.5398 gap0=553.983 dret=+259.410 eval_ret=n/a pursuer_target_distance=2.161 capture=0.000 score=0.000 pol=-0.0015 val=0.0285 ent=1.4490 tot=+0.0007 agnorm=0.051 cgnorm=0.067 kl=0.0026 clipf=0.020 ev=+0.800 r0=1.0000 entcoef=8.28e-03 lr=5.7e-04 seed=0
iter= 120 step= 387200 ep_ret=-532.637 opt_ret=-532.637 step_rew=-5.3264 opt_step=-5.3264 gap0=532.637 dret=+280.756 eval_ret=-536.711 pursuer_target_distance=2.321 capture=0.000 score=0.000 pol=-0.0014 val=0.0326 ent=1.4683 tot=+0.0028 agnorm=0.052 cgnorm=0.071 kl=0.0019 clipf=0.011 ev=+0.767 r0=1.0000 entcoef=8.27e-03 lr=5.7e-04 seed=0
iter= 121 step= 390400 ep_ret=-581.024 opt_ret=-581.024 step_rew=-5.8102 opt_step=-5.8102 gap0=581.024 dret=+232.369 eval_ret=n/a pursuer_target_distance=2.613 capture=0.000 score=0.000 pol=-0.0012 val=0.0423 ent=1.4504 tot=+0.0080 agnorm=0.038 cgnorm=0.084 kl=0.0023 clipf=0.016 ev=+0.674 r0=1.0000 entcoef=8.25e-03 lr=5.7e-04 seed=0
iter= 122 step= 393600 ep_ret=-540.451 opt_ret=-540.451 step_rew=-5.4045 opt_step=-5.4045 gap0=540.451 dret=+272.942 eval_ret=n/a pursuer_target_distance=2.348 capture=0.000 score=0.000 pol=-0.0016 val=0.0497 ent=1.4421 tot=+0.0113 agnorm=0.048 cgnorm=0.082 kl=0.0022 clipf=0.015 ev=+0.758 r0=1.0000 entcoef=8.24e-03 lr=5.7e-04 seed=0
iter= 123 step= 396800 ep_ret=-575.781 opt_ret=-575.781 step_rew=-5.7578 opt_step=-5.7578 gap0=575.781 dret=+237.612 eval_ret=n/a pursuer_target_distance=2.812 capture=0.000 score=0.000 pol=-0.0012 val=0.0462 ent=1.4279 tot=+0.0102 agnorm=0.034 cgnorm=0.085 kl=0.0021 clipf=0.010 ev=+0.576 r0=1.0000 entcoef=8.23e-03 lr=5.6e-04 seed=0
iter= 124 step= 400000 ep_ret=-642.081 opt_ret=-642.081 step_rew=-6.4208 opt_step=-6.4208 gap0=642.081 dret=+171.312 eval_ret=n/a pursuer_target_distance=2.613 capture=0.000 score=0.000 pol=-0.0013 val=0.0508 ent=1.4189 tot=+0.0124 agnorm=0.055 cgnorm=0.085 kl=0.0023 clipf=0.015 ev=+0.605 r0=1.0000 entcoef=8.21e-03 lr=5.6e-04 seed=0
iter= 125 step= 403200 ep_ret=-572.914 opt_ret=-572.914 step_rew=-5.7291 opt_step=-5.7291 gap0=572.914 dret=+240.479 eval_ret=n/a pursuer_target_distance=2.554 capture=0.000 score=0.000 pol=-0.0012 val=0.0327 ent=1.4120 tot=+0.0036 agnorm=0.040 cgnorm=0.068 kl=0.0018 clipf=0.011 ev=+0.736 r0=1.0000 entcoef=8.20e-03 lr=5.6e-04 seed=0
iter= 126 step= 406400 ep_ret=-491.052 opt_ret=-491.052 step_rew=-4.9105 opt_step=-4.9105 gap0=491.052 dret=+322.341 eval_ret=n/a pursuer_target_distance=1.828 capture=0.000 score=0.000 pol=-0.0013 val=0.0490 ent=1.4018 tot=+0.0117 agnorm=0.040 cgnorm=0.091 kl=0.0021 clipf=0.013 ev=+0.694 r0=1.0000 entcoef=8.18e-03 lr=5.6e-04 seed=0
iter= 127 step= 409600 ep_ret=-603.119 opt_ret=-603.119 step_rew=-6.0312 opt_step=-6.0312 gap0=603.119 dret=+210.273 eval_ret=n/a pursuer_target_distance=2.694 capture=0.000 score=0.000 pol=-0.0015 val=0.0527 ent=1.3867 tot=+0.0136 agnorm=0.042 cgnorm=0.094 kl=0.0023 clipf=0.013 ev=+0.459 r0=1.0000 entcoef=8.17e-03 lr=5.6e-04 seed=0
iter= 128 step= 412800 ep_ret=-475.535 opt_ret=-475.535 step_rew=-4.7553 opt_step=-4.7553 gap0=475.535 dret=+337.858 eval_ret=n/a pursuer_target_distance=2.322 capture=0.000 score=0.000 pol=-0.0009 val=0.0462 ent=1.3865 tot=+0.0109 agnorm=0.031 cgnorm=0.088 kl=0.0013 clipf=0.004 ev=+0.551 r0=1.0000 entcoef=8.15e-03 lr=5.6e-04 seed=0
iter= 129 step= 416000 ep_ret=-559.891 opt_ret=-559.891 step_rew=-5.5989 opt_step=-5.5989 gap0=559.891 dret=+253.501 eval_ret=n/a pursuer_target_distance=2.159 capture=0.000 score=0.000 pol=-0.0008 val=0.0402 ent=1.3864 tot=+0.0081 agnorm=0.037 cgnorm=0.067 kl=0.0015 clipf=0.010 ev=+0.579 r0=1.0000 entcoef=8.14e-03 lr=5.6e-04 seed=0
iter= 130 step= 419200 ep_ret=-648.973 opt_ret=-648.973 step_rew=-6.4897 opt_step=-6.4897 gap0=648.973 dret=+164.420 eval_ret=n/a pursuer_target_distance=2.840 capture=0.000 score=0.000 pol=-0.0014 val=0.0489 ent=1.3834 tot=+0.0118 agnorm=0.039 cgnorm=0.082 kl=0.0017 clipf=0.009 ev=+0.500 r0=1.0000 entcoef=8.13e-03 lr=5.6e-04 seed=0
iter= 131 step= 422400 ep_ret=-474.168 opt_ret=-474.168 step_rew=-4.7417 opt_step=-4.7417 gap0=474.168 dret=+339.225 eval_ret=n/a pursuer_target_distance=1.837 capture=0.000 score=0.000 pol=-0.0015 val=0.0373 ent=1.3379 tot=+0.0063 agnorm=0.043 cgnorm=0.087 kl=0.0019 clipf=0.014 ev=+0.684 r0=1.0000 entcoef=8.11e-03 lr=5.6e-04 seed=0
iter= 132 step= 425600 ep_ret=-486.678 opt_ret=-486.678 step_rew=-4.8668 opt_step=-4.8668 gap0=486.678 dret=+326.715 eval_ret=n/a pursuer_target_distance=2.289 capture=0.000 score=0.000 pol=-0.0009 val=0.0383 ent=1.3256 tot=+0.0075 agnorm=0.043 cgnorm=0.081 kl=0.0021 clipf=0.015 ev=+0.693 r0=1.0000 entcoef=8.10e-03 lr=5.5e-04 seed=0
iter= 133 step= 428800 ep_ret=-524.933 opt_ret=-524.933 step_rew=-5.2493 opt_step=-5.2493 gap0=524.933 dret=+288.460 eval_ret=n/a pursuer_target_distance=2.222 capture=0.000 score=0.000 pol=-0.0013 val=0.0430 ent=1.3524 tot=+0.0092 agnorm=0.051 cgnorm=0.087 kl=0.0026 clipf=0.019 ev=+0.657 r0=1.0000 entcoef=8.08e-03 lr=5.5e-04 seed=0
iter= 134 step= 432000 ep_ret=-545.025 opt_ret=-545.025 step_rew=-5.4502 opt_step=-5.4502 gap0=545.025 dret=+268.368 eval_ret=n/a pursuer_target_distance=2.471 capture=0.000 score=0.000 pol=-0.0010 val=0.0571 ent=1.4091 tot=+0.0162 agnorm=0.039 cgnorm=0.102 kl=0.0016 clipf=0.008 ev=+0.757 r0=1.0000 entcoef=8.07e-03 lr=5.5e-04 seed=0
iter= 135 step= 435200 ep_ret=-533.701 opt_ret=-533.701 step_rew=-5.3370 opt_step=-5.3370 gap0=533.701 dret=+279.692 eval_ret=n/a pursuer_target_distance=2.201 capture=0.000 score=0.000 pol=-0.0013 val=0.0351 ent=1.4000 tot=+0.0050 agnorm=0.044 cgnorm=0.086 kl=0.0028 clipf=0.023 ev=+0.802 r0=1.0000 entcoef=8.05e-03 lr=5.5e-04 seed=0
iter= 136 step= 438400 ep_ret=-585.876 opt_ret=-585.876 step_rew=-5.8588 opt_step=-5.8588 gap0=585.876 dret=+227.517 eval_ret=n/a pursuer_target_distance=2.732 capture=0.000 score=0.000 pol=-0.0012 val=0.0521 ent=1.4263 tot=+0.0134 agnorm=0.047 cgnorm=0.107 kl=0.0018 clipf=0.012 ev=+0.782 r0=1.0000 entcoef=8.04e-03 lr=5.5e-04 seed=0
iter= 137 step= 441600 ep_ret=-539.583 opt_ret=-539.583 step_rew=-5.3958 opt_step=-5.3958 gap0=539.583 dret=+273.810 eval_ret=n/a pursuer_target_distance=2.775 capture=0.005 score=0.001 pol=-0.0008 val=0.0528 ent=1.4281 tot=+0.0142 agnorm=0.032 cgnorm=0.097 kl=0.0012 clipf=0.008 ev=+0.727 r0=1.0000 entcoef=8.02e-03 lr=5.5e-04 seed=0
iter= 138 step= 444800 ep_ret=-543.645 opt_ret=-543.645 step_rew=-5.4364 opt_step=-5.4364 gap0=543.645 dret=+269.748 eval_ret=n/a pursuer_target_distance=2.474 capture=0.000 score=0.000 pol=-0.0012 val=0.0411 ent=1.4453 tot=+0.0078 agnorm=0.049 cgnorm=0.091 kl=0.0021 clipf=0.019 ev=+0.857 r0=1.0000 entcoef=8.01e-03 lr=5.5e-04 seed=0
iter= 139 step= 448000 ep_ret=-486.235 opt_ret=-486.235 step_rew=-4.8624 opt_step=-4.8624 gap0=486.235 dret=+327.157 eval_ret=n/a pursuer_target_distance=1.979 capture=0.000 score=0.000 pol=-0.0010 val=0.0379 ent=1.4542 tot=+0.0064 agnorm=0.041 cgnorm=0.088 kl=0.0020 clipf=0.014 ev=+0.784 r0=1.0000 entcoef=8.00e-03 lr=5.5e-04 seed=0
iter= 140 step= 451200 ep_ret=-542.725 opt_ret=-542.725 step_rew=-5.4273 opt_step=-5.4273 gap0=542.725 dret=+270.667 eval_ret=-355.996 pursuer_target_distance=2.311 capture=0.000 score=0.000 pol=-0.0015 val=0.0238 ent=1.4418 tot=-0.0011 agnorm=0.041 cgnorm=0.070 kl=0.0025 clipf=0.018 ev=+0.897 r0=1.0000 entcoef=7.98e-03 lr=5.5e-04 seed=0
iter= 141 step= 454400 ep_ret=-547.754 opt_ret=-547.754 step_rew=-5.4775 opt_step=-5.4775 gap0=547.754 dret=+265.639 eval_ret=n/a pursuer_target_distance=2.529 capture=0.000 score=0.000 pol=-0.0011 val=0.0412 ent=1.4053 tot=+0.0083 agnorm=0.041 cgnorm=0.103 kl=0.0015 clipf=0.008 ev=+0.820 r0=1.0000 entcoef=7.97e-03 lr=5.4e-04 seed=0
iter= 142 step= 457600 ep_ret=-535.617 opt_ret=-535.617 step_rew=-5.3562 opt_step=-5.3562 gap0=535.617 dret=+277.776 eval_ret=n/a pursuer_target_distance=2.502 capture=0.001 score=0.000 pol=-0.0011 val=0.0465 ent=1.4010 tot=+0.0110 agnorm=0.037 cgnorm=0.118 kl=0.0018 clipf=0.008 ev=+0.769 r0=1.0000 entcoef=7.95e-03 lr=5.4e-04 seed=0
iter= 143 step= 460800 ep_ret=-554.981 opt_ret=-554.981 step_rew=-5.5498 opt_step=-5.5498 gap0=554.981 dret=+258.412 eval_ret=n/a pursuer_target_distance=2.395 capture=0.002 score=0.001 pol=-0.0014 val=0.0566 ent=1.3692 tot=+0.0160 agnorm=0.047 cgnorm=0.116 kl=0.0019 clipf=0.012 ev=+0.815 r0=1.0000 entcoef=7.94e-03 lr=5.4e-04 seed=0
iter= 144 step= 464000 ep_ret=-494.629 opt_ret=-494.629 step_rew=-4.9463 opt_step=-4.9463 gap0=494.629 dret=+318.763 eval_ret=n/a pursuer_target_distance=1.791 capture=0.000 score=0.000 pol=-0.0015 val=0.0355 ent=1.3702 tot=+0.0053 agnorm=0.062 cgnorm=0.097 kl=0.0024 clipf=0.018 ev=+0.836 r0=1.0000 entcoef=7.92e-03 lr=5.4e-04 seed=0
iter= 145 step= 467200 ep_ret=-505.012 opt_ret=-505.012 step_rew=-5.0501 opt_step=-5.0501 gap0=505.012 dret=+308.381 eval_ret=n/a pursuer_target_distance=2.297 capture=0.005 score=0.002 pol=-0.0015 val=0.0397 ent=1.3475 tot=+0.0077 agnorm=0.055 cgnorm=0.107 kl=0.0026 clipf=0.022 ev=+0.800 r0=1.0000 entcoef=7.91e-03 lr=5.4e-04 seed=0
iter= 146 step= 470400 ep_ret=-491.459 opt_ret=-491.459 step_rew=-4.9146 opt_step=-4.9146 gap0=491.459 dret=+321.933 eval_ret=n/a pursuer_target_distance=2.171 capture=0.014 score=0.004 pol=-0.0011 val=0.0567 ent=1.3404 tot=+0.0166 agnorm=0.065 cgnorm=0.114 kl=0.0020 clipf=0.012 ev=+0.775 r0=1.0000 entcoef=7.89e-03 lr=5.4e-04 seed=0
iter= 147 step= 473600 ep_ret=-425.739 opt_ret=-425.739 step_rew=-4.2574 opt_step=-4.2574 gap0=425.739 dret=+387.654 eval_ret=n/a pursuer_target_distance=1.591 capture=0.002 score=0.001 pol=-0.0011 val=0.0406 ent=1.3278 tot=+0.0087 agnorm=0.041 cgnorm=0.112 kl=0.0019 clipf=0.014 ev=+0.888 r0=1.0000 entcoef=7.88e-03 lr=5.4e-04 seed=0
iter= 148 step= 476800 ep_ret=-433.124 opt_ret=-433.124 step_rew=-4.3312 opt_step=-4.3312 gap0=433.124 dret=+380.269 eval_ret=n/a pursuer_target_distance=1.497 capture=0.002 score=0.001 pol=-0.0013 val=0.0351 ent=1.3537 tot=+0.0056 agnorm=0.058 cgnorm=0.104 kl=0.0018 clipf=0.009 ev=+0.847 r0=1.0000 entcoef=7.87e-03 lr=5.4e-04 seed=0
iter= 149 step= 480000 ep_ret=-400.168 opt_ret=-400.168 step_rew=-4.0017 opt_step=-4.0017 gap0=400.168 dret=+413.225 eval_ret=n/a pursuer_target_distance=1.585 capture=0.009 score=0.004 pol=-0.0014 val=0.0551 ent=1.3273 tot=+0.0157 agnorm=0.054 cgnorm=0.125 kl=0.0026 clipf=0.014 ev=+0.873 r0=1.0000 entcoef=7.85e-03 lr=5.4e-04 seed=0
iter= 150 step= 483200 ep_ret=-506.598 opt_ret=-506.598 step_rew=-5.0660 opt_step=-5.0660 gap0=506.598 dret=+306.795 eval_ret=n/a pursuer_target_distance=2.275 capture=0.002 score=0.000 pol=-0.0010 val=0.0410 ent=1.2984 tot=+0.0094 agnorm=0.040 cgnorm=0.107 kl=0.0020 clipf=0.012 ev=+0.858 r0=1.0000 entcoef=7.84e-03 lr=5.3e-04 seed=0
iter= 151 step= 486400 ep_ret=-480.001 opt_ret=-480.001 step_rew=-4.8000 opt_step=-4.8000 gap0=480.001 dret=+333.392 eval_ret=n/a pursuer_target_distance=1.906 capture=0.008 score=0.003 pol=-0.0012 val=0.0549 ent=1.3130 tot=+0.0160 agnorm=0.096 cgnorm=0.144 kl=0.0025 clipf=0.019 ev=+0.759 r0=1.0000 entcoef=7.82e-03 lr=5.3e-04 seed=0
iter= 152 step= 489600 ep_ret=-476.314 opt_ret=-476.314 step_rew=-4.7631 opt_step=-4.7631 gap0=476.314 dret=+337.079 eval_ret=n/a pursuer_target_distance=1.874 capture=0.005 score=0.002 pol=-0.0008 val=0.0408 ent=1.2986 tot=+0.0094 agnorm=0.111 cgnorm=0.112 kl=0.0025 clipf=0.019 ev=+0.865 r0=1.0000 entcoef=7.81e-03 lr=5.3e-04 seed=0
iter= 153 step= 492800 ep_ret=-497.508 opt_ret=-497.508 step_rew=-4.9751 opt_step=-4.9751 gap0=497.508 dret=+315.885 eval_ret=n/a pursuer_target_distance=1.944 capture=0.001 score=0.000 pol=-0.0009 val=0.0375 ent=1.3280 tot=+0.0075 agnorm=0.062 cgnorm=0.115 kl=0.0015 clipf=0.010 ev=+0.832 r0=1.0000 entcoef=7.79e-03 lr=5.3e-04 seed=0
iter= 154 step= 496000 ep_ret=-514.308 opt_ret=-514.308 step_rew=-5.1431 opt_step=-5.1431 gap0=514.308 dret=+299.085 eval_ret=n/a pursuer_target_distance=2.084 capture=0.004 score=0.001 pol=-0.0012 val=0.0606 ent=1.3477 tot=+0.0186 agnorm=0.054 cgnorm=0.135 kl=0.0018 clipf=0.011 ev=+0.744 r0=1.0000 entcoef=7.78e-03 lr=5.3e-04 seed=0
iter= 155 step= 499200 ep_ret=-470.364 opt_ret=-470.364 step_rew=-4.7036 opt_step=-4.7036 gap0=470.364 dret=+343.028 eval_ret=n/a pursuer_target_distance=1.867 capture=0.003 score=0.001 pol=-0.0013 val=0.0312 ent=1.2959 tot=+0.0043 agnorm=0.053 cgnorm=0.121 kl=0.0026 clipf=0.020 ev=+0.867 r0=1.0000 entcoef=7.76e-03 lr=5.3e-04 seed=0
iter= 156 step= 502400 ep_ret=-505.618 opt_ret=-505.618 step_rew=-5.0562 opt_step=-5.0562 gap0=505.618 dret=+307.775 eval_ret=n/a pursuer_target_distance=1.883 capture=0.018 score=0.006 pol=-0.0011 val=0.0621 ent=1.3214 tot=+0.0197 agnorm=0.062 cgnorm=0.150 kl=0.0019 clipf=0.020 ev=+0.719 r0=1.0000 entcoef=7.75e-03 lr=5.3e-04 seed=0
iter= 157 step= 505600 ep_ret=-525.079 opt_ret=-525.079 step_rew=-5.2508 opt_step=-5.2508 gap0=525.079 dret=+288.314 eval_ret=n/a pursuer_target_distance=1.748 capture=0.000 score=0.000 pol=-0.0014 val=0.0392 ent=1.2753 tot=+0.0083 agnorm=0.058 cgnorm=0.116 kl=0.0022 clipf=0.021 ev=+0.892 r0=1.0000 entcoef=7.74e-03 lr=5.3e-04 seed=0
iter= 158 step= 508800 ep_ret=-528.575 opt_ret=-528.575 step_rew=-5.2857 opt_step=-5.2857 gap0=528.575 dret=+284.818 eval_ret=n/a pursuer_target_distance=2.074 capture=0.007 score=0.002 pol=-0.0013 val=0.0513 ent=1.2913 tot=+0.0143 agnorm=0.056 cgnorm=0.140 kl=0.0019 clipf=0.017 ev=+0.798 r0=1.0000 entcoef=7.72e-03 lr=5.3e-04 seed=0
iter= 159 step= 512000 ep_ret=-536.094 opt_ret=-536.094 step_rew=-5.3609 opt_step=-5.3609 gap0=536.094 dret=+277.299 eval_ret=n/a pursuer_target_distance=2.200 capture=0.007 score=0.002 pol=-0.0011 val=0.0454 ent=1.2902 tot=+0.0116 agnorm=0.053 cgnorm=0.121 kl=0.0022 clipf=0.012 ev=+0.874 r0=1.0000 entcoef=7.71e-03 lr=5.2e-04 seed=0
iter= 160 step= 515200 ep_ret=-473.798 opt_ret=-473.798 step_rew=-4.7380 opt_step=-4.7380 gap0=473.798 dret=+339.595 eval_ret=-212.000 pursuer_target_distance=1.593 capture=0.001 score=0.000 pol=-0.0012 val=0.0326 ent=1.3204 tot=+0.0050 agnorm=0.051 cgnorm=0.117 kl=0.0022 clipf=0.017 ev=+0.862 r0=1.0000 entcoef=7.69e-03 lr=5.2e-04 seed=0
iter= 161 step= 518400 ep_ret=-578.210 opt_ret=-578.210 step_rew=-5.7821 opt_step=-5.7821 gap0=578.210 dret=+235.182 eval_ret=n/a pursuer_target_distance=2.416 capture=0.000 score=0.000 pol=-0.0013 val=0.0510 ent=1.3238 tot=+0.0141 agnorm=0.054 cgnorm=0.142 kl=0.0021 clipf=0.013 ev=+0.827 r0=1.0000 entcoef=7.68e-03 lr=5.2e-04 seed=0
iter= 162 step= 521600 ep_ret=-443.550 opt_ret=-443.550 step_rew=-4.4355 opt_step=-4.4355 gap0=443.550 dret=+369.843 eval_ret=n/a pursuer_target_distance=1.636 capture=0.010 score=0.004 pol=-0.0015 val=0.0548 ent=1.3059 tot=+0.0159 agnorm=0.053 cgnorm=0.147 kl=0.0023 clipf=0.020 ev=+0.889 r0=1.0000 entcoef=7.66e-03 lr=5.2e-04 seed=0
iter= 163 step= 524800 ep_ret=-522.904 opt_ret=-522.904 step_rew=-5.2290 opt_step=-5.2290 gap0=522.904 dret=+290.488 eval_ret=n/a pursuer_target_distance=1.786 capture=0.000 score=0.000 pol=-0.0011 val=0.0309 ent=1.3333 tot=+0.0041 agnorm=0.058 cgnorm=0.119 kl=0.0026 clipf=0.022 ev=+0.895 r0=1.0000 entcoef=7.65e-03 lr=5.2e-04 seed=0
iter= 164 step= 528000 ep_ret=-496.872 opt_ret=-496.872 step_rew=-4.9687 opt_step=-4.9687 gap0=496.872 dret=+316.521 eval_ret=n/a pursuer_target_distance=2.170 capture=0.002 score=0.001 pol=-0.0011 val=0.0408 ent=1.2911 tot=+0.0095 agnorm=0.049 cgnorm=0.138 kl=0.0027 clipf=0.020 ev=+0.859 r0=1.0000 entcoef=7.63e-03 lr=5.2e-04 seed=0
iter= 165 step= 531200 ep_ret=-501.778 opt_ret=-501.778 step_rew=-5.0178 opt_step=-5.0178 gap0=501.778 dret=+311.615 eval_ret=n/a pursuer_target_distance=1.740 capture=0.000 score=0.000 pol=-0.0015 val=0.0269 ent=1.2833 tot=+0.0022 agnorm=0.053 cgnorm=0.127 kl=0.0020 clipf=0.017 ev=+0.907 r0=1.0000 entcoef=7.62e-03 lr=5.2e-04 seed=0
iter= 166 step= 534400 ep_ret=-536.515 opt_ret=-536.515 step_rew=-5.3652 opt_step=-5.3652 gap0=536.515 dret=+276.878 eval_ret=n/a pursuer_target_distance=1.904 capture=0.003 score=0.001 pol=-0.0008 val=0.0380 ent=1.3004 tot=+0.0083 agnorm=0.045 cgnorm=0.128 kl=0.0018 clipf=0.008 ev=+0.889 r0=1.0000 entcoef=7.61e-03 lr=5.2e-04 seed=0
iter= 167 step= 537600 ep_ret=-515.198 opt_ret=-515.198 step_rew=-5.1520 opt_step=-5.1520 gap0=515.198 dret=+298.195 eval_ret=n/a pursuer_target_distance=2.003 capture=0.000 score=0.000 pol=-0.0014 val=0.0298 ent=1.2833 tot=+0.0038 agnorm=0.079 cgnorm=0.110 kl=0.0028 clipf=0.024 ev=+0.910 r0=1.0000 entcoef=7.59e-03 lr=5.2e-04 seed=0
iter= 168 step= 540800 ep_ret=-572.419 opt_ret=-572.419 step_rew=-5.7242 opt_step=-5.7242 gap0=572.419 dret=+240.974 eval_ret=n/a pursuer_target_distance=2.400 capture=0.001 score=0.000 pol=-0.0011 val=0.0485 ent=1.3268 tot=+0.0131 agnorm=0.054 cgnorm=0.166 kl=0.0016 clipf=0.010 ev=+0.805 r0=1.0000 entcoef=7.58e-03 lr=5.1e-04 seed=0
iter= 169 step= 544000 ep_ret=-524.989 opt_ret=-524.989 step_rew=-5.2499 opt_step=-5.2499 gap0=524.989 dret=+288.404 eval_ret=n/a pursuer_target_distance=2.101 capture=0.000 score=0.000 pol=-0.0010 val=0.0227 ent=1.3208 tot=+0.0003 agnorm=0.052 cgnorm=0.104 kl=0.0017 clipf=0.011 ev=+0.912 r0=1.0000 entcoef=7.56e-03 lr=5.1e-04 seed=0
iter= 170 step= 547200 ep_ret=-516.990 opt_ret=-516.990 step_rew=-5.1699 opt_step=-5.1699 gap0=516.990 dret=+296.403 eval_ret=n/a pursuer_target_distance=2.073 capture=0.000 score=0.000 pol=-0.0012 val=0.0250 ent=1.2967 tot=+0.0015 agnorm=0.053 cgnorm=0.113 kl=0.0016 clipf=0.011 ev=+0.895 r0=1.0000 entcoef=7.55e-03 lr=5.1e-04 seed=0
iter= 171 step= 550400 ep_ret=-557.426 opt_ret=-557.426 step_rew=-5.5743 opt_step=-5.5743 gap0=557.426 dret=+255.967 eval_ret=n/a pursuer_target_distance=2.458 capture=0.000 score=0.000 pol=-0.0011 val=0.0410 ent=1.2359 tot=+0.0101 agnorm=0.057 cgnorm=0.132 kl=0.0019 clipf=0.015 ev=+0.887 r0=1.0000 entcoef=7.53e-03 lr=5.1e-04 seed=0
iter= 172 step= 553600 ep_ret=-487.119 opt_ret=-487.119 step_rew=-4.8712 opt_step=-4.8712 gap0=487.119 dret=+326.274 eval_ret=n/a pursuer_target_distance=2.164 capture=0.005 score=0.001 pol=-0.0011 val=0.0329 ent=1.3131 tot=+0.0055 agnorm=0.061 cgnorm=0.123 kl=0.0025 clipf=0.022 ev=+0.910 r0=1.0000 entcoef=7.52e-03 lr=5.1e-04 seed=0
iter= 173 step= 556800 ep_ret=-565.211 opt_ret=-565.211 step_rew=-5.6521 opt_step=-5.6521 gap0=565.211 dret=+248.181 eval_ret=n/a pursuer_target_distance=2.156 capture=0.000 score=0.000 pol=-0.0010 val=0.0488 ent=1.3419 tot=+0.0133 agnorm=0.050 cgnorm=0.127 kl=0.0021 clipf=0.013 ev=+0.883 r0=1.0000 entcoef=7.50e-03 lr=5.1e-04 seed=0
iter= 174 step= 560000 ep_ret=-562.021 opt_ret=-562.021 step_rew=-5.6202 opt_step=-5.6202 gap0=562.021 dret=+251.372 eval_ret=n/a pursuer_target_distance=2.178 capture=0.000 score=0.000 pol=-0.0019 val=0.0408 ent=1.3474 tot=+0.0084 agnorm=0.083 cgnorm=0.152 kl=0.0034 clipf=0.034 ev=+0.859 r0=1.0000 entcoef=7.49e-03 lr=5.1e-04 seed=0
iter= 175 step= 563200 ep_ret=-512.226 opt_ret=-512.226 step_rew=-5.1223 opt_step=-5.1223 gap0=512.226 dret=+301.167 eval_ret=n/a pursuer_target_distance=1.897 capture=0.000 score=0.000 pol=-0.0011 val=0.0339 ent=1.3486 tot=+0.0057 agnorm=0.049 cgnorm=0.143 kl=0.0028 clipf=0.017 ev=+0.883 r0=1.0000 entcoef=7.48e-03 lr=5.1e-04 seed=0
iter= 176 step= 566400 ep_ret=-454.930 opt_ret=-454.930 step_rew=-4.5493 opt_step=-4.5493 gap0=454.930 dret=+358.462 eval_ret=n/a pursuer_target_distance=1.946 capture=0.001 score=0.000 pol=-0.0012 val=0.0232 ent=1.3460 tot=+0.0004 agnorm=0.045 cgnorm=0.099 kl=0.0018 clipf=0.008 ev=+0.919 r0=1.0000 entcoef=7.46e-03 lr=5.1e-04 seed=0
iter= 177 step= 569600 ep_ret=-468.817 opt_ret=-468.817 step_rew=-4.6882 opt_step=-4.6882 gap0=468.817 dret=+344.576 eval_ret=n/a pursuer_target_distance=1.796 capture=0.007 score=0.002 pol=-0.0011 val=0.0390 ent=1.3423 tot=+0.0084 agnorm=0.050 cgnorm=0.133 kl=0.0021 clipf=0.014 ev=+0.849 r0=1.0000 entcoef=7.45e-03 lr=5.0e-04 seed=0
iter= 178 step= 572800 ep_ret=-519.926 opt_ret=-519.926 step_rew=-5.1993 opt_step=-5.1993 gap0=519.926 dret=+293.466 eval_ret=n/a pursuer_target_distance=1.769 capture=0.000 score=0.000 pol=-0.0011 val=0.0188 ent=1.3651 tot=-0.0018 agnorm=0.054 cgnorm=0.093 kl=0.0023 clipf=0.014 ev=+0.935 r0=1.0000 entcoef=7.43e-03 lr=5.0e-04 seed=0
iter= 179 step= 576000 ep_ret=-497.496 opt_ret=-497.496 step_rew=-4.9750 opt_step=-4.9750 gap0=497.496 dret=+315.897 eval_ret=n/a pursuer_target_distance=2.047 capture=0.004 score=0.001 pol=-0.0012 val=0.0317 ent=1.3513 tot=+0.0047 agnorm=0.057 cgnorm=0.139 kl=0.0018 clipf=0.015 ev=+0.887 r0=1.0000 entcoef=7.42e-03 lr=5.0e-04 seed=0
iter= 180 step= 579200 ep_ret=-556.520 opt_ret=-556.520 step_rew=-5.5652 opt_step=-5.5652 gap0=556.520 dret=+256.872 eval_ret=-514.969 pursuer_target_distance=2.114 capture=0.000 score=0.000 pol=-0.0011 val=0.0320 ent=1.3627 tot=+0.0048 agnorm=0.068 cgnorm=0.134 kl=0.0021 clipf=0.018 ev=+0.880 r0=1.0000 entcoef=7.40e-03 lr=5.0e-04 seed=0
iter= 181 step= 582400 ep_ret=-550.822 opt_ret=-550.822 step_rew=-5.5082 opt_step=-5.5082 gap0=550.822 dret=+262.571 eval_ret=n/a pursuer_target_distance=2.143 capture=0.000 score=0.000 pol=-0.0013 val=0.0221 ent=1.3648 tot=-0.0003 agnorm=0.067 cgnorm=0.111 kl=0.0023 clipf=0.016 ev=+0.909 r0=1.0000 entcoef=7.39e-03 lr=5.0e-04 seed=0
iter= 182 step= 585600 ep_ret=-522.567 opt_ret=-522.567 step_rew=-5.2257 opt_step=-5.2257 gap0=522.567 dret=+290.826 eval_ret=n/a pursuer_target_distance=2.574 capture=0.000 score=0.000 pol=-0.0014 val=0.0441 ent=1.3778 tot=+0.0105 agnorm=0.057 cgnorm=0.155 kl=0.0033 clipf=0.027 ev=+0.816 r0=1.0000 entcoef=7.37e-03 lr=5.0e-04 seed=0
iter= 183 step= 588800 ep_ret=-619.457 opt_ret=-619.457 step_rew=-6.1946 opt_step=-6.1946 gap0=619.457 dret=+193.936 eval_ret=n/a pursuer_target_distance=2.012 capture=0.001 score=0.000 pol=-0.0013 val=0.0378 ent=1.3664 tot=+0.0075 agnorm=0.055 cgnorm=0.145 kl=0.0018 clipf=0.011 ev=+0.838 r0=1.0000 entcoef=7.36e-03 lr=5.0e-04 seed=0
iter= 184 step= 592000 ep_ret=-505.289 opt_ret=-505.289 step_rew=-5.0529 opt_step=-5.0529 gap0=505.289 dret=+308.104 eval_ret=n/a pursuer_target_distance=1.616 capture=0.000 score=0.000 pol=-0.0007 val=0.0295 ent=1.3579 tot=+0.0041 agnorm=0.041 cgnorm=0.121 kl=0.0012 clipf=0.010 ev=+0.829 r0=1.0000 entcoef=7.35e-03 lr=5.0e-04 seed=0
iter= 185 step= 595200 ep_ret=-543.894 opt_ret=-543.894 step_rew=-5.4389 opt_step=-5.4389 gap0=543.894 dret=+269.499 eval_ret=n/a pursuer_target_distance=2.189 capture=0.000 score=0.000 pol=-0.0008 val=0.0312 ent=1.3629 tot=+0.0048 agnorm=0.038 cgnorm=0.118 kl=0.0009 clipf=0.004 ev=+0.851 r0=1.0000 entcoef=7.33e-03 lr=5.0e-04 seed=0
iter= 186 step= 598400 ep_ret=-571.611 opt_ret=-571.611 step_rew=-5.7161 opt_step=-5.7161 gap0=571.611 dret=+241.782 eval_ret=n/a pursuer_target_distance=2.732 capture=0.007 score=0.002 pol=-0.0015 val=0.0523 ent=1.3609 tot=+0.0147 agnorm=0.051 cgnorm=0.142 kl=0.0023 clipf=0.013 ev=+0.817 r0=1.0000 entcoef=7.32e-03 lr=4.9e-04 seed=0
iter= 187 step= 601600 ep_ret=-512.391 opt_ret=-512.391 step_rew=-5.1239 opt_step=-5.1239 gap0=512.391 dret=+301.002 eval_ret=n/a pursuer_target_distance=2.048 capture=0.000 score=0.000 pol=-0.0012 val=0.0292 ent=1.3681 tot=+0.0034 agnorm=0.052 cgnorm=0.105 kl=0.0019 clipf=0.013 ev=+0.857 r0=1.0000 entcoef=7.30e-03 lr=4.9e-04 seed=0
iter= 188 step= 604800 ep_ret=-577.941 opt_ret=-577.941 step_rew=-5.7794 opt_step=-5.7794 gap0=577.941 dret=+235.452 eval_ret=n/a pursuer_target_distance=2.649 capture=0.002 score=0.001 pol=-0.0009 val=0.0393 ent=1.3751 tot=+0.0088 agnorm=0.043 cgnorm=0.132 kl=0.0014 clipf=0.008 ev=+0.843 r0=1.0000 entcoef=7.29e-03 lr=4.9e-04 seed=0
iter= 189 step= 608000 ep_ret=-610.390 opt_ret=-610.390 step_rew=-6.1039 opt_step=-6.1039 gap0=610.390 dret=+203.003 eval_ret=n/a pursuer_target_distance=2.890 capture=0.000 score=0.000 pol=-0.0008 val=0.0476 ent=1.3815 tot=+0.0129 agnorm=0.047 cgnorm=0.149 kl=0.0011 clipf=0.007 ev=+0.774 r0=1.0000 entcoef=7.27e-03 lr=4.9e-04 seed=0
iter= 190 step= 611200 ep_ret=-442.706 opt_ret=-442.706 step_rew=-4.4271 opt_step=-4.4271 gap0=442.706 dret=+370.687 eval_ret=n/a pursuer_target_distance=1.796 capture=0.004 score=0.001 pol=-0.0011 val=0.0255 ent=1.3751 tot=+0.0017 agnorm=0.050 cgnorm=0.116 kl=0.0018 clipf=0.010 ev=+0.878 r0=1.0000 entcoef=7.26e-03 lr=4.9e-04 seed=0
iter= 191 step= 614400 ep_ret=-517.365 opt_ret=-517.365 step_rew=-5.1737 opt_step=-5.1737 gap0=517.365 dret=+296.027 eval_ret=n/a pursuer_target_distance=2.153 capture=0.000 score=0.000 pol=-0.0012 val=0.0306 ent=1.3829 tot=+0.0041 agnorm=0.065 cgnorm=0.129 kl=0.0023 clipf=0.015 ev=+0.795 r0=1.0000 entcoef=7.25e-03 lr=4.9e-04 seed=0
iter= 192 step= 617600 ep_ret=-618.898 opt_ret=-618.898 step_rew=-6.1890 opt_step=-6.1890 gap0=618.898 dret=+194.495 eval_ret=n/a pursuer_target_distance=3.000 capture=0.000 score=0.000 pol=-0.0008 val=0.0520 ent=1.3895 tot=+0.0152 agnorm=0.033 cgnorm=0.152 kl=0.0016 clipf=0.008 ev=+0.715 r0=1.0000 entcoef=7.23e-03 lr=4.9e-04 seed=0
iter= 193 step= 620800 ep_ret=-486.838 opt_ret=-486.838 step_rew=-4.8684 opt_step=-4.8684 gap0=486.838 dret=+326.555 eval_ret=n/a pursuer_target_distance=2.027 capture=0.002 score=0.001 pol=-0.0012 val=0.0330 ent=1.3798 tot=+0.0053 agnorm=0.055 cgnorm=0.125 kl=0.0023 clipf=0.019 ev=+0.826 r0=1.0000 entcoef=7.22e-03 lr=4.9e-04 seed=0
iter= 194 step= 624000 ep_ret=-536.732 opt_ret=-536.732 step_rew=-5.3673 opt_step=-5.3673 gap0=536.732 dret=+276.661 eval_ret=n/a pursuer_target_distance=2.285 capture=0.010 score=0.003 pol=-0.0013 val=0.0401 ent=1.3769 tot=+0.0088 agnorm=0.052 cgnorm=0.155 kl=0.0023 clipf=0.011 ev=+0.839 r0=1.0000 entcoef=7.20e-03 lr=4.9e-04 seed=0
iter= 195 step= 627200 ep_ret=-529.473 opt_ret=-529.473 step_rew=-5.2947 opt_step=-5.2947 gap0=529.473 dret=+283.920 eval_ret=n/a pursuer_target_distance=2.555 capture=0.005 score=0.001 pol=-0.0009 val=0.0398 ent=1.3287 tot=+0.0094 agnorm=0.046 cgnorm=0.134 kl=0.0014 clipf=0.006 ev=+0.859 r0=1.0000 entcoef=7.19e-03 lr=4.8e-04 seed=0
iter= 196 step= 630400 ep_ret=-436.084 opt_ret=-436.084 step_rew=-4.3608 opt_step=-4.3608 gap0=436.084 dret=+377.309 eval_ret=n/a pursuer_target_distance=1.326 capture=0.003 score=0.001 pol=-0.0011 val=0.0206 ent=1.3326 tot=-0.0003 agnorm=0.073 cgnorm=0.094 kl=0.0019 clipf=0.016 ev=+0.860 r0=1.0000 entcoef=7.17e-03 lr=4.8e-04 seed=0
iter= 197 step= 633600 ep_ret=-506.724 opt_ret=-506.724 step_rew=-5.0672 opt_step=-5.0672 gap0=506.724 dret=+306.669 eval_ret=n/a pursuer_target_distance=2.104 capture=0.003 score=0.001 pol=-0.0016 val=0.0411 ent=1.3714 tot=+0.0091 agnorm=0.074 cgnorm=0.128 kl=0.0025 clipf=0.019 ev=+0.845 r0=1.0000 entcoef=7.16e-03 lr=4.8e-04 seed=0
iter= 198 step= 636800 ep_ret=-456.471 opt_ret=-456.471 step_rew=-4.5647 opt_step=-4.5647 gap0=456.471 dret=+356.922 eval_ret=n/a pursuer_target_distance=1.760 capture=0.004 score=0.002 pol=-0.0007 val=0.0284 ent=1.3580 tot=+0.0038 agnorm=0.043 cgnorm=0.106 kl=0.0014 clipf=0.008 ev=+0.913 r0=1.0000 entcoef=7.14e-03 lr=4.8e-04 seed=0
iter= 199 step= 640000 ep_ret=-485.120 opt_ret=-485.120 step_rew=-4.8512 opt_step=-4.8512 gap0=485.120 dret=+328.273 eval_ret=n/a pursuer_target_distance=1.711 capture=0.004 score=0.001 pol=-0.0013 val=0.0264 ent=1.3527 tot=+0.0023 agnorm=0.077 cgnorm=0.111 kl=0.0023 clipf=0.017 ev=+0.894 r0=1.0000 entcoef=7.13e-03 lr=4.8e-04 seed=0
iter= 200 step= 643200 ep_ret=-437.519 opt_ret=-437.519 step_rew=-4.3752 opt_step=-4.3752 gap0=437.519 dret=+375.874 eval_ret=-409.057 pursuer_target_distance=1.564 capture=0.003 score=0.001 pol=-0.0009 val=0.0361 ent=1.3419 tot=+0.0076 agnorm=0.082 cgnorm=0.148 kl=0.0014 clipf=0.006 ev=+0.894 r0=1.0000 entcoef=7.12e-03 lr=4.8e-04 seed=0
iter= 201 step= 646400 ep_ret=-531.422 opt_ret=-531.422 step_rew=-5.3142 opt_step=-5.3142 gap0=531.422 dret=+281.971 eval_ret=n/a pursuer_target_distance=2.020 capture=0.003 score=0.001 pol=-0.0012 val=0.0243 ent=1.2865 tot=+0.0018 agnorm=0.073 cgnorm=0.105 kl=0.0020 clipf=0.011 ev=+0.893 r0=1.0000 entcoef=7.10e-03 lr=4.8e-04 seed=0
iter= 202 step= 649600 ep_ret=-479.976 opt_ret=-479.976 step_rew=-4.7998 opt_step=-4.7998 gap0=479.976 dret=+333.417 eval_ret=n/a pursuer_target_distance=1.616 capture=0.000 score=0.000 pol=-0.0014 val=0.0205 ent=1.2944 tot=-0.0004 agnorm=0.071 cgnorm=0.095 kl=0.0027 clipf=0.023 ev=+0.938 r0=1.0000 entcoef=7.09e-03 lr=4.8e-04 seed=0
iter= 203 step= 652800 ep_ret=-425.336 opt_ret=-425.336 step_rew=-4.2534 opt_step=-4.2534 gap0=425.336 dret=+388.057 eval_ret=n/a pursuer_target_distance=1.302 capture=0.003 score=0.001 pol=-0.0015 val=0.0274 ent=1.2827 tot=+0.0031 agnorm=0.070 cgnorm=0.113 kl=0.0024 clipf=0.017 ev=+0.836 r0=1.0000 entcoef=7.07e-03 lr=4.8e-04 seed=0
iter= 204 step= 656000 ep_ret=-453.265 opt_ret=-453.265 step_rew=-4.5326 opt_step=-4.5326 gap0=453.265 dret=+360.128 eval_ret=n/a pursuer_target_distance=2.056 capture=0.010 score=0.003 pol=-0.0013 val=0.0420 ent=1.2741 tot=+0.0107 agnorm=0.085 cgnorm=0.140 kl=0.0022 clipf=0.018 ev=+0.837 r0=1.0000 entcoef=7.06e-03 lr=4.7e-04 seed=0
iter= 205 step= 659200 ep_ret=-478.919 opt_ret=-478.919 step_rew=-4.7892 opt_step=-4.7892 gap0=478.919 dret=+334.474 eval_ret=n/a pursuer_target_distance=2.031 capture=0.004 score=0.001 pol=-0.0011 val=0.0339 ent=1.2490 tot=+0.0071 agnorm=0.063 cgnorm=0.115 kl=0.0023 clipf=0.019 ev=+0.889 r0=1.0000 entcoef=7.04e-03 lr=4.7e-04 seed=0
iter= 206 step= 662400 ep_ret=-450.517 opt_ret=-450.517 step_rew=-4.5052 opt_step=-4.5052 gap0=450.517 dret=+362.876 eval_ret=n/a pursuer_target_distance=2.007 capture=0.029 score=0.010 pol=-0.0014 val=0.0415 ent=1.2689 tot=+0.0105 agnorm=0.073 cgnorm=0.141 kl=0.0030 clipf=0.027 ev=+0.862 r0=1.0000 entcoef=7.03e-03 lr=4.7e-04 seed=0
iter= 207 step= 665600 ep_ret=-440.965 opt_ret=-440.965 step_rew=-4.4096 opt_step=-4.4096 gap0=440.965 dret=+372.428 eval_ret=n/a pursuer_target_distance=1.521 capture=0.002 score=0.001 pol=-0.0011 val=0.0220 ent=1.2926 tot=+0.0009 agnorm=0.061 cgnorm=0.113 kl=0.0016 clipf=0.010 ev=+0.923 r0=1.0000 entcoef=7.01e-03 lr=4.7e-04 seed=0
iter= 208 step= 668800 ep_ret=-419.295 opt_ret=-419.295 step_rew=-4.1930 opt_step=-4.1930 gap0=419.295 dret=+394.098 eval_ret=n/a pursuer_target_distance=1.508 capture=0.000 score=0.000 pol=-0.0016 val=0.0207 ent=1.2808 tot=-0.0002 agnorm=0.076 cgnorm=0.097 kl=0.0033 clipf=0.029 ev=+0.897 r0=1.0000 entcoef=7.00e-03 lr=4.7e-04 seed=0
iter= 209 step= 672000 ep_ret=-403.415 opt_ret=-403.415 step_rew=-4.0342 opt_step=-4.0342 gap0=403.415 dret=+409.978 eval_ret=n/a pursuer_target_distance=1.493 capture=0.002 score=0.001 pol=-0.0014 val=0.0216 ent=1.2989 tot=+0.0004 agnorm=0.068 cgnorm=0.116 kl=0.0018 clipf=0.014 ev=+0.874 r0=1.0000 entcoef=6.99e-03 lr=4.7e-04 seed=0
iter= 210 step= 675200 ep_ret=-421.966 opt_ret=-421.966 step_rew=-4.2197 opt_step=-4.2197 gap0=421.966 dret=+391.427 eval_ret=n/a pursuer_target_distance=1.604 capture=0.011 score=0.004 pol=-0.0017 val=0.0262 ent=1.3013 tot=+0.0023 agnorm=0.070 cgnorm=0.101 kl=0.0030 clipf=0.027 ev=+0.912 r0=1.0000 entcoef=6.97e-03 lr=4.7e-04 seed=0
iter= 211 step= 678400 ep_ret=-437.480 opt_ret=-437.480 step_rew=-4.3748 opt_step=-4.3748 gap0=437.480 dret=+375.913 eval_ret=n/a pursuer_target_distance=1.836 capture=0.002 score=0.001 pol=-0.0011 val=0.0266 ent=1.3099 tot=+0.0031 agnorm=0.065 cgnorm=0.127 kl=0.0018 clipf=0.011 ev=+0.893 r0=1.0000 entcoef=6.96e-03 lr=4.7e-04 seed=0
iter= 212 step= 681600 ep_ret=-482.979 opt_ret=-482.979 step_rew=-4.8298 opt_step=-4.8298 gap0=482.979 dret=+330.414 eval_ret=n/a pursuer_target_distance=1.869 capture=0.000 score=0.000 pol=-0.0011 val=0.0181 ent=1.3308 tot=-0.0013 agnorm=0.049 cgnorm=0.101 kl=0.0018 clipf=0.009 ev=+0.920 r0=1.0000 entcoef=6.94e-03 lr=4.7e-04 seed=0
iter= 213 step= 684800 ep_ret=-473.124 opt_ret=-473.124 step_rew=-4.7312 opt_step=-4.7312 gap0=473.124 dret=+340.269 eval_ret=n/a pursuer_target_distance=2.080 capture=0.005 score=0.002 pol=-0.0009 val=0.0255 ent=1.3183 tot=+0.0027 agnorm=0.055 cgnorm=0.108 kl=0.0020 clipf=0.010 ev=+0.909 r0=1.0000 entcoef=6.93e-03 lr=4.6e-04 seed=0
iter= 214 step= 688000 ep_ret=-557.003 opt_ret=-557.003 step_rew=-5.5700 opt_step=-5.5700 gap0=557.003 dret=+256.390 eval_ret=n/a pursuer_target_distance=2.401 capture=0.007 score=0.002 pol=-0.0008 val=0.0330 ent=1.3038 tot=+0.0067 agnorm=0.068 cgnorm=0.118 kl=0.0016 clipf=0.012 ev=+0.912 r0=1.0000 entcoef=6.91e-03 lr=4.6e-04 seed=0
iter= 215 step= 691200 ep_ret=-420.147 opt_ret=-420.147 step_rew=-4.2015 opt_step=-4.2015 gap0=420.147 dret=+393.246 eval_ret=n/a pursuer_target_distance=1.586 capture=0.004 score=0.001 pol=-0.0007 val=0.0209 ent=1.3138 tot=+0.0006 agnorm=0.055 cgnorm=0.095 kl=0.0010 clipf=0.005 ev=+0.921 r0=1.0000 entcoef=6.90e-03 lr=4.6e-04 seed=0
iter= 216 step= 694400 ep_ret=-446.060 opt_ret=-446.060 step_rew=-4.4606 opt_step=-4.4606 gap0=446.060 dret=+367.333 eval_ret=n/a pursuer_target_distance=1.798 capture=0.002 score=0.001 pol=-0.0009 val=0.0215 ent=1.3295 tot=+0.0007 agnorm=0.045 cgnorm=0.111 kl=0.0014 clipf=0.008 ev=+0.909 r0=1.0000 entcoef=6.88e-03 lr=4.6e-04 seed=0
iter= 217 step= 697600 ep_ret=-539.329 opt_ret=-539.329 step_rew=-5.3933 opt_step=-5.3933 gap0=539.329 dret=+274.064 eval_ret=n/a pursuer_target_distance=1.950 capture=0.002 score=0.001 pol=-0.0009 val=0.0224 ent=1.3268 tot=+0.0012 agnorm=0.060 cgnorm=0.114 kl=0.0020 clipf=0.008 ev=+0.934 r0=1.0000 entcoef=6.87e-03 lr=4.6e-04 seed=0
iter= 218 step= 700800 ep_ret=-543.888 opt_ret=-543.888 step_rew=-5.4389 opt_step=-5.4389 gap0=543.888 dret=+269.505 eval_ret=n/a pursuer_target_distance=2.048 capture=0.006 score=0.002 pol=-0.0012 val=0.0347 ent=1.3174 tot=+0.0071 agnorm=0.064 cgnorm=0.123 kl=0.0017 clipf=0.010 ev=+0.894 r0=1.0000 entcoef=6.86e-03 lr=4.6e-04 seed=0
iter= 219 step= 704000 ep_ret=-465.320 opt_ret=-465.320 step_rew=-4.6532 opt_step=-4.6532 gap0=465.320 dret=+348.072 eval_ret=n/a pursuer_target_distance=1.658 capture=0.001 score=0.000 pol=-0.0013 val=0.0233 ent=1.2765 tot=+0.0016 agnorm=0.062 cgnorm=0.107 kl=0.0019 clipf=0.008 ev=+0.916 r0=1.0000 entcoef=6.84e-03 lr=4.6e-04 seed=0
iter= 220 step= 707200 ep_ret=-417.799 opt_ret=-417.799 step_rew=-4.1780 opt_step=-4.1780 gap0=417.799 dret=+395.593 eval_ret=-350.185 pursuer_target_distance=1.556 capture=0.001 score=0.000 pol=-0.0014 val=0.0212 ent=1.2838 tot=+0.0005 agnorm=0.056 cgnorm=0.086 kl=0.0019 clipf=0.011 ev=+0.911 r0=1.0000 entcoef=6.83e-03 lr=4.6e-04 seed=0
iter= 221 step= 710400 ep_ret=-348.856 opt_ret=-348.856 step_rew=-3.4886 opt_step=-3.4886 gap0=348.856 dret=+464.537 eval_ret=n/a pursuer_target_distance=1.432 capture=0.019 score=0.008 pol=-0.0011 val=0.0242 ent=1.2736 tot=+0.0023 agnorm=0.058 cgnorm=0.109 kl=0.0020 clipf=0.014 ev=+0.906 r0=1.0000 entcoef=6.81e-03 lr=4.6e-04 seed=0
iter= 222 step= 713600 ep_ret=-436.918 opt_ret=-436.918 step_rew=-4.3692 opt_step=-4.3692 gap0=436.918 dret=+376.475 eval_ret=n/a pursuer_target_distance=1.526 capture=0.011 score=0.004 pol=-0.0011 val=0.0224 ent=1.2516 tot=+0.0016 agnorm=0.070 cgnorm=0.101 kl=0.0015 clipf=0.011 ev=+0.900 r0=1.0000 entcoef=6.80e-03 lr=4.5e-04 seed=0
iter= 223 step= 716800 ep_ret=-409.081 opt_ret=-409.081 step_rew=-4.0908 opt_step=-4.0908 gap0=409.081 dret=+404.312 eval_ret=n/a pursuer_target_distance=1.636 capture=0.002 score=0.001 pol=-0.0011 val=0.0193 ent=1.2539 tot=+0.0000 agnorm=0.048 cgnorm=0.108 kl=0.0017 clipf=0.009 ev=+0.881 r0=1.0000 entcoef=6.78e-03 lr=4.5e-04 seed=0
iter= 224 step= 720000 ep_ret=-465.153 opt_ret=-465.153 step_rew=-4.6515 opt_step=-4.6515 gap0=465.153 dret=+348.240 eval_ret=n/a pursuer_target_distance=2.036 capture=0.002 score=0.001 pol=-0.0010 val=0.0198 ent=1.2367 tot=+0.0006 agnorm=0.041 cgnorm=0.104 kl=0.0017 clipf=0.011 ev=+0.921 r0=1.0000 entcoef=6.77e-03 lr=4.5e-04 seed=0
iter= 225 step= 723200 ep_ret=-364.821 opt_ret=-364.821 step_rew=-3.6482 opt_step=-3.6482 gap0=364.821 dret=+448.572 eval_ret=n/a pursuer_target_distance=1.382 capture=0.018 score=0.007 pol=-0.0011 val=0.0230 ent=1.2558 tot=+0.0019 agnorm=0.061 cgnorm=0.099 kl=0.0021 clipf=0.014 ev=+0.897 r0=1.0000 entcoef=6.75e-03 lr=4.5e-04 seed=0
iter= 226 step= 726400 ep_ret=-401.620 opt_ret=-401.620 step_rew=-4.0162 opt_step=-4.0162 gap0=401.620 dret=+411.773 eval_ret=n/a pursuer_target_distance=1.690 capture=0.007 score=0.003 pol=-0.0011 val=0.0231 ent=1.2489 tot=+0.0020 agnorm=0.064 cgnorm=0.107 kl=0.0019 clipf=0.014 ev=+0.895 r0=1.0000 entcoef=6.74e-03 lr=4.5e-04 seed=0
iter= 227 step= 729600 ep_ret=-408.780 opt_ret=-408.780 step_rew=-4.0878 opt_step=-4.0878 gap0=408.780 dret=+404.613 eval_ret=n/a pursuer_target_distance=1.598 capture=0.007 score=0.003 pol=-0.0010 val=0.0195 ent=1.2595 tot=+0.0003 agnorm=0.069 cgnorm=0.092 kl=0.0013 clipf=0.008 ev=+0.887 r0=1.0000 entcoef=6.73e-03 lr=4.5e-04 seed=0
iter= 228 step= 732800 ep_ret=-390.859 opt_ret=-390.859 step_rew=-3.9086 opt_step=-3.9086 gap0=390.859 dret=+422.533 eval_ret=n/a pursuer_target_distance=1.326 capture=0.006 score=0.003 pol=-0.0008 val=0.0181 ent=1.2476 tot=-0.0001 agnorm=0.064 cgnorm=0.083 kl=0.0011 clipf=0.007 ev=+0.906 r0=1.0000 entcoef=6.71e-03 lr=4.5e-04 seed=0
iter= 229 step= 736000 ep_ret=-405.028 opt_ret=-405.028 step_rew=-4.0503 opt_step=-4.0503 gap0=405.028 dret=+408.365 eval_ret=n/a pursuer_target_distance=1.566 capture=0.008 score=0.003 pol=-0.0007 val=0.0250 ent=1.2612 tot=+0.0033 agnorm=0.047 cgnorm=0.112 kl=0.0015 clipf=0.011 ev=+0.880 r0=1.0000 entcoef=6.70e-03 lr=4.5e-04 seed=0
iter= 230 step= 739200 ep_ret=-434.269 opt_ret=-434.269 step_rew=-4.3427 opt_step=-4.3427 gap0=434.269 dret=+379.124 eval_ret=n/a pursuer_target_distance=1.531 capture=0.003 score=0.001 pol=-0.0008 val=0.0219 ent=1.2781 tot=+0.0016 agnorm=0.046 cgnorm=0.107 kl=0.0011 clipf=0.004 ev=+0.858 r0=1.0000 entcoef=6.68e-03 lr=4.5e-04 seed=0
iter= 231 step= 742400 ep_ret=-454.829 opt_ret=-454.829 step_rew=-4.5483 opt_step=-4.5483 gap0=454.829 dret=+358.564 eval_ret=n/a pursuer_target_distance=2.035 capture=0.001 score=0.000 pol=-0.0012 val=0.0180 ent=1.2588 tot=-0.0006 agnorm=0.052 cgnorm=0.090 kl=0.0019 clipf=0.011 ev=+0.927 r0=1.0000 entcoef=6.67e-03 lr=4.4e-04 seed=0
iter= 232 step= 745600 ep_ret=-446.725 opt_ret=-446.725 step_rew=-4.4673 opt_step=-4.4673 gap0=446.725 dret=+366.668 eval_ret=n/a pursuer_target_distance=1.680 capture=0.001 score=0.000 pol=-0.0010 val=0.0205 ent=1.2770 tot=+0.0008 agnorm=0.061 cgnorm=0.082 kl=0.0017 clipf=0.011 ev=+0.874 r0=1.0000 entcoef=6.65e-03 lr=4.4e-04 seed=0
iter= 233 step= 748800 ep_ret=-499.322 opt_ret=-499.322 step_rew=-4.9932 opt_step=-4.9932 gap0=499.322 dret=+314.071 eval_ret=n/a pursuer_target_distance=2.329 capture=0.000 score=0.000 pol=-0.0011 val=0.0275 ent=1.2677 tot=+0.0042 agnorm=0.051 cgnorm=0.091 kl=0.0013 clipf=0.008 ev=+0.926 r0=1.0000 entcoef=6.64e-03 lr=4.4e-04 seed=0
iter= 234 step= 752000 ep_ret=-519.707 opt_ret=-519.707 step_rew=-5.1971 opt_step=-5.1971 gap0=519.707 dret=+293.686 eval_ret=n/a pursuer_target_distance=2.460 capture=0.006 score=0.002 pol=-0.0008 val=0.0259 ent=1.2648 tot=+0.0038 agnorm=0.047 cgnorm=0.095 kl=0.0010 clipf=0.004 ev=+0.908 r0=1.0000 entcoef=6.62e-03 lr=4.4e-04 seed=0
iter= 235 step= 755200 ep_ret=-393.278 opt_ret=-393.278 step_rew=-3.9328 opt_step=-3.9328 gap0=393.278 dret=+420.115 eval_ret=n/a pursuer_target_distance=1.503 capture=0.003 score=0.001 pol=-0.0013 val=0.0144 ent=1.2668 tot=-0.0025 agnorm=0.075 cgnorm=0.086 kl=0.0022 clipf=0.013 ev=+0.907 r0=1.0000 entcoef=6.61e-03 lr=4.4e-04 seed=0
iter= 236 step= 758400 ep_ret=-424.520 opt_ret=-424.520 step_rew=-4.2452 opt_step=-4.2452 gap0=424.520 dret=+388.873 eval_ret=n/a pursuer_target_distance=1.935 capture=0.012 score=0.004 pol=-0.0011 val=0.0193 ent=1.2377 tot=+0.0004 agnorm=0.060 cgnorm=0.090 kl=0.0026 clipf=0.022 ev=+0.901 r0=1.0000 entcoef=6.60e-03 lr=4.4e-04 seed=0
iter= 237 step= 761600 ep_ret=-473.048 opt_ret=-473.048 step_rew=-4.7305 opt_step=-4.7305 gap0=473.048 dret=+340.345 eval_ret=n/a pursuer_target_distance=1.627 capture=0.001 score=0.000 pol=-0.0012 val=0.0240 ent=1.2453 tot=+0.0026 agnorm=0.053 cgnorm=0.093 kl=0.0021 clipf=0.022 ev=+0.880 r0=1.0000 entcoef=6.58e-03 lr=4.4e-04 seed=0
iter= 238 step= 764800 ep_ret=-436.121 opt_ret=-436.121 step_rew=-4.3612 opt_step=-4.3612 gap0=436.121 dret=+377.272 eval_ret=n/a pursuer_target_distance=1.690 capture=0.010 score=0.004 pol=-0.0012 val=0.0243 ent=1.2674 tot=+0.0026 agnorm=0.064 cgnorm=0.100 kl=0.0020 clipf=0.015 ev=+0.874 r0=1.0000 entcoef=6.57e-03 lr=4.4e-04 seed=0
iter= 239 step= 768000 ep_ret=-416.869 opt_ret=-416.869 step_rew=-4.1687 opt_step=-4.1687 gap0=416.869 dret=+396.524 eval_ret=n/a pursuer_target_distance=1.531 capture=0.017 score=0.007 pol=-0.0014 val=0.0212 ent=1.2826 tot=+0.0008 agnorm=0.061 cgnorm=0.080 kl=0.0023 clipf=0.019 ev=+0.901 r0=1.0000 entcoef=6.55e-03 lr=4.4e-04 seed=0
iter= 240 step= 771200 ep_ret=-500.102 opt_ret=-500.102 step_rew=-5.0010 opt_step=-5.0010 gap0=500.102 dret=+313.291 eval_ret=-180.025 pursuer_target_distance=1.879 capture=0.005 score=0.002 pol=-0.0011 val=0.0198 ent=1.2717 tot=+0.0005 agnorm=0.060 cgnorm=0.084 kl=0.0021 clipf=0.015 ev=+0.929 r0=1.0000 entcoef=6.54e-03 lr=4.3e-04 seed=0
iter= 241 step= 774400 ep_ret=-355.354 opt_ret=-355.354 step_rew=-3.5535 opt_step=-3.5535 gap0=355.354 dret=+458.039 eval_ret=n/a pursuer_target_distance=1.184 capture=0.012 score=0.005 pol=-0.0010 val=0.0141 ent=1.2537 tot=-0.0021 agnorm=0.061 cgnorm=0.073 kl=0.0012 clipf=0.009 ev=+0.887 r0=1.0000 entcoef=6.52e-03 lr=4.3e-04 seed=0
iter= 242 step= 777600 ep_ret=-483.870 opt_ret=-483.870 step_rew=-4.8387 opt_step=-4.8387 gap0=483.870 dret=+329.523 eval_ret=n/a pursuer_target_distance=1.951 capture=0.000 score=0.000 pol=-0.0012 val=0.0277 ent=1.2504 tot=+0.0045 agnorm=0.074 cgnorm=0.098 kl=0.0016 clipf=0.013 ev=+0.899 r0=1.0000 entcoef=6.51e-03 lr=4.3e-04 seed=0
iter= 243 step= 780800 ep_ret=-410.391 opt_ret=-410.391 step_rew=-4.1039 opt_step=-4.1039 gap0=410.391 dret=+403.001 eval_ret=n/a pursuer_target_distance=1.459 capture=0.010 score=0.004 pol=-0.0013 val=0.0147 ent=1.2487 tot=-0.0021 agnorm=0.075 cgnorm=0.073 kl=0.0027 clipf=0.019 ev=+0.895 r0=1.0000 entcoef=6.50e-03 lr=4.3e-04 seed=0
iter= 244 step= 784000 ep_ret=-428.683 opt_ret=-428.683 step_rew=-4.2868 opt_step=-4.2868 gap0=428.683 dret=+384.710 eval_ret=n/a pursuer_target_distance=2.168 capture=0.012 score=0.004 pol=-0.0012 val=0.0202 ent=1.2478 tot=+0.0008 agnorm=0.075 cgnorm=0.090 kl=0.0020 clipf=0.018 ev=+0.897 r0=1.0000 entcoef=6.48e-03 lr=4.3e-04 seed=0
iter= 245 step= 787200 ep_ret=-424.257 opt_ret=-424.257 step_rew=-4.2426 opt_step=-4.2426 gap0=424.257 dret=+389.136 eval_ret=n/a pursuer_target_distance=1.658 capture=0.005 score=0.002 pol=-0.0014 val=0.0182 ent=1.2657 tot=-0.0005 agnorm=0.086 cgnorm=0.086 kl=0.0027 clipf=0.025 ev=+0.894 r0=1.0000 entcoef=6.47e-03 lr=4.3e-04 seed=0
iter= 246 step= 790400 ep_ret=-438.723 opt_ret=-438.723 step_rew=-4.3872 opt_step=-4.3872 gap0=438.723 dret=+374.670 eval_ret=n/a pursuer_target_distance=1.631 capture=0.001 score=0.000 pol=-0.0008 val=0.0132 ent=1.2635 tot=-0.0024 agnorm=0.065 cgnorm=0.072 kl=0.0015 clipf=0.011 ev=+0.925 r0=1.0000 entcoef=6.45e-03 lr=4.3e-04 seed=0
iter= 247 step= 793600 ep_ret=-374.451 opt_ret=-374.451 step_rew=-3.7445 opt_step=-3.7445 gap0=374.451 dret=+438.942 eval_ret=n/a pursuer_target_distance=1.470 capture=0.013 score=0.005 pol=-0.0012 val=0.0211 ent=1.2473 tot=+0.0013 agnorm=0.060 cgnorm=0.086 kl=0.0018 clipf=0.013 ev=+0.848 r0=1.0000 entcoef=6.44e-03 lr=4.3e-04 seed=0
iter= 248 step= 796800 ep_ret=-414.544 opt_ret=-414.544 step_rew=-4.1454 opt_step=-4.1454 gap0=414.544 dret=+398.848 eval_ret=n/a pursuer_target_distance=1.718 capture=0.004 score=0.001 pol=-0.0013 val=0.0191 ent=1.2636 tot=+0.0001 agnorm=0.061 cgnorm=0.098 kl=0.0023 clipf=0.018 ev=+0.890 r0=1.0000 entcoef=6.42e-03 lr=4.3e-04 seed=0
iter= 249 step= 800000 ep_ret=-494.173 opt_ret=-494.173 step_rew=-4.9417 opt_step=-4.9417 gap0=494.173 dret=+319.220 eval_ret=n/a pursuer_target_distance=1.886 capture=0.001 score=0.000 pol=-0.0008 val=0.0177 ent=1.2613 tot=-0.0000 agnorm=0.036 cgnorm=0.077 kl=0.0015 clipf=0.009 ev=+0.896 r0=1.0000 entcoef=6.41e-03 lr=4.2e-04 seed=0
iter= 250 step= 803200 ep_ret=-474.493 opt_ret=-474.493 step_rew=-4.7449 opt_step=-4.7449 gap0=474.493 dret=+338.900 eval_ret=n/a pursuer_target_distance=1.724 capture=0.003 score=0.001 pol=-0.0012 val=0.0137 ent=1.2565 tot=-0.0024 agnorm=0.085 cgnorm=0.075 kl=0.0015 clipf=0.010 ev=+0.919 r0=1.0000 entcoef=6.39e-03 lr=4.2e-04 seed=0
iter= 251 step= 806400 ep_ret=-423.751 opt_ret=-423.751 step_rew=-4.2375 opt_step=-4.2375 gap0=423.751 dret=+389.642 eval_ret=n/a pursuer_target_distance=2.027 capture=0.007 score=0.002 pol=-0.0010 val=0.0210 ent=1.2647 tot=+0.0014 agnorm=0.043 cgnorm=0.086 kl=0.0017 clipf=0.008 ev=+0.903 r0=1.0000 entcoef=6.38e-03 lr=4.2e-04 seed=0
iter= 252 step= 809600 ep_ret=-346.975 opt_ret=-346.975 step_rew=-3.4697 opt_step=-3.4697 gap0=346.975 dret=+466.418 eval_ret=n/a pursuer_target_distance=1.383 capture=0.023 score=0.010 pol=-0.0017 val=0.0173 ent=1.2133 tot=-0.0008 agnorm=0.082 cgnorm=0.082 kl=0.0025 clipf=0.024 ev=+0.898 r0=1.0000 entcoef=6.37e-03 lr=4.2e-04 seed=0
iter= 253 step= 812800 ep_ret=-363.889 opt_ret=-363.889 step_rew=-3.6389 opt_step=-3.6389 gap0=363.889 dret=+449.504 eval_ret=n/a pursuer_target_distance=1.464 capture=0.021 score=0.008 pol=-0.0011 val=0.0152 ent=1.1873 tot=-0.0011 agnorm=0.175 cgnorm=0.075 kl=0.0020 clipf=0.016 ev=+0.882 r0=1.0000 entcoef=6.35e-03 lr=4.2e-04 seed=0
iter= 254 step= 816000 ep_ret=-307.385 opt_ret=-307.385 step_rew=-3.0738 opt_step=-3.0738 gap0=307.385 dret=+506.008 eval_ret=n/a pursuer_target_distance=1.360 capture=0.022 score=0.009 pol=-0.0011 val=0.0145 ent=1.2165 tot=-0.0015 agnorm=0.118 cgnorm=0.070 kl=0.0025 clipf=0.017 ev=+0.891 r0=1.0000 entcoef=6.34e-03 lr=4.2e-04 seed=0
iter= 255 step= 819200 ep_ret=-404.697 opt_ret=-404.697 step_rew=-4.0470 opt_step=-4.0470 gap0=404.697 dret=+408.696 eval_ret=n/a pursuer_target_distance=1.415 capture=0.005 score=0.002 pol=-0.0009 val=0.0157 ent=1.1885 tot=-0.0006 agnorm=0.101 cgnorm=0.069 kl=0.0019 clipf=0.013 ev=+0.881 r0=1.0000 entcoef=6.32e-03 lr=4.2e-04 seed=0
iter= 256 step= 822400 ep_ret=-339.852 opt_ret=-339.852 step_rew=-3.3985 opt_step=-3.3985 gap0=339.852 dret=+473.541 eval_ret=n/a pursuer_target_distance=1.393 capture=0.017 score=0.007 pol=-0.0012 val=0.0129 ent=1.1632 tot=-0.0021 agnorm=0.102 cgnorm=0.067 kl=0.0022 clipf=0.020 ev=+0.903 r0=1.0000 entcoef=6.31e-03 lr=4.2e-04 seed=0
iter= 257 step= 825600 ep_ret=-358.471 opt_ret=-358.471 step_rew=-3.5847 opt_step=-3.5847 gap0=358.471 dret=+454.922 eval_ret=n/a pursuer_target_distance=1.341 capture=0.012 score=0.005 pol=-0.0012 val=0.0112 ent=1.1740 tot=-0.0030 agnorm=0.089 cgnorm=0.052 kl=0.0019 clipf=0.013 ev=+0.918 r0=1.0000 entcoef=6.29e-03 lr=4.2e-04 seed=0
iter= 258 step= 828800 ep_ret=-410.687 opt_ret=-410.687 step_rew=-4.1069 opt_step=-4.1069 gap0=410.687 dret=+402.706 eval_ret=n/a pursuer_target_distance=1.827 capture=0.010 score=0.004 pol=-0.0008 val=0.0162 ent=1.1697 tot=-0.0000 agnorm=0.047 cgnorm=0.070 kl=0.0014 clipf=0.006 ev=+0.906 r0=1.0000 entcoef=6.28e-03 lr=4.1e-04 seed=0
iter= 259 step= 832000 ep_ret=-379.233 opt_ret=-379.233 step_rew=-3.7923 opt_step=-3.7923 gap0=379.233 dret=+434.160 eval_ret=n/a pursuer_target_distance=1.572 capture=0.030 score=0.012 pol=-0.0011 val=0.0177 ent=1.1655 tot=+0.0005 agnorm=0.066 cgnorm=0.067 kl=0.0023 clipf=0.016 ev=+0.885 r0=1.0000 entcoef=6.26e-03 lr=4.1e-04 seed=0
iter= 260 step= 835200 ep_ret=-444.311 opt_ret=-444.311 step_rew=-4.4431 opt_step=-4.4431 gap0=444.311 dret=+369.082 eval_ret=-267.654 pursuer_target_distance=1.446 capture=0.000 score=0.000 pol=-0.0008 val=0.0144 ent=1.1739 tot=-0.0010 agnorm=0.055 cgnorm=0.066 kl=0.0014 clipf=0.009 ev=+0.899 r0=1.0000 entcoef=6.25e-03 lr=4.1e-04 seed=0
iter= 261 step= 838400 ep_ret=-388.036 opt_ret=-388.036 step_rew=-3.8804 opt_step=-3.8804 gap0=388.036 dret=+425.357 eval_ret=n/a pursuer_target_distance=1.476 capture=0.024 score=0.010 pol=-0.0010 val=0.0178 ent=1.1670 tot=+0.0006 agnorm=0.132 cgnorm=0.088 kl=0.0016 clipf=0.013 ev=+0.858 r0=1.0000 entcoef=6.24e-03 lr=4.1e-04 seed=0
iter= 262 step= 841600 ep_ret=-405.075 opt_ret=-405.075 step_rew=-4.0508 opt_step=-4.0508 gap0=405.075 dret=+408.317 eval_ret=n/a pursuer_target_distance=1.848 capture=0.021 score=0.007 pol=-0.0011 val=0.0222 ent=1.1788 tot=+0.0027 agnorm=0.117 cgnorm=0.075 kl=0.0018 clipf=0.013 ev=+0.867 r0=1.0000 entcoef=6.22e-03 lr=4.1e-04 seed=0
iter= 263 step= 844800 ep_ret=-349.651 opt_ret=-349.651 step_rew=-3.4965 opt_step=-3.4965 gap0=349.651 dret=+463.742 eval_ret=n/a pursuer_target_distance=1.446 capture=0.021 score=0.009 pol=-0.0010 val=0.0169 ent=1.1440 tot=+0.0003 agnorm=0.141 cgnorm=0.074 kl=0.0020 clipf=0.014 ev=+0.885 r0=1.0000 entcoef=6.21e-03 lr=4.1e-04 seed=0
iter= 264 step= 848000 ep_ret=-402.810 opt_ret=-402.810 step_rew=-4.0281 opt_step=-4.0281 gap0=402.810 dret=+410.583 eval_ret=n/a pursuer_target_distance=1.850 capture=0.038 score=0.013 pol=-0.0007 val=0.0224 ent=1.1657 tot=+0.0032 agnorm=0.167 cgnorm=0.081 kl=0.0017 clipf=0.016 ev=+0.900 r0=1.0000 entcoef=6.19e-03 lr=4.1e-04 seed=0
iter= 265 step= 851200 ep_ret=-382.787 opt_ret=-382.787 step_rew=-3.8279 opt_step=-3.8279 gap0=382.787 dret=+430.606 eval_ret=n/a pursuer_target_distance=1.560 capture=0.010 score=0.004 pol=-0.0008 val=0.0151 ent=1.1426 tot=-0.0003 agnorm=0.099 cgnorm=0.059 kl=0.0015 clipf=0.011 ev=+0.916 r0=1.0000 entcoef=6.18e-03 lr=4.1e-04 seed=0
iter= 266 step= 854400 ep_ret=-422.069 opt_ret=-422.069 step_rew=-4.2207 opt_step=-4.2207 gap0=422.069 dret=+391.324 eval_ret=n/a pursuer_target_distance=1.709 capture=0.037 score=0.013 pol=-0.0011 val=0.0313 ent=1.1607 tot=+0.0074 agnorm=0.195 cgnorm=0.088 kl=0.0029 clipf=0.027 ev=+0.881 r0=1.0000 entcoef=6.16e-03 lr=4.1e-04 seed=0
iter= 267 step= 857600 ep_ret=-391.898 opt_ret=-391.898 step_rew=-3.9190 opt_step=-3.9190 gap0=391.898 dret=+421.495 eval_ret=n/a pursuer_target_distance=1.844 capture=0.041 score=0.015 pol=-0.0009 val=0.0255 ent=1.1430 tot=+0.0049 agnorm=0.147 cgnorm=0.093 kl=0.0016 clipf=0.012 ev=+0.879 r0=1.0000 entcoef=6.15e-03 lr=4.0e-04 seed=0
iter= 268 step= 860800 ep_ret=-369.231 opt_ret=-369.231 step_rew=-3.6923 opt_step=-3.6923 gap0=369.231 dret=+444.162 eval_ret=n/a pursuer_target_distance=1.577 capture=0.012 score=0.005 pol=-0.0010 val=0.0144 ent=1.1229 tot=-0.0007 agnorm=0.068 cgnorm=0.055 kl=0.0024 clipf=0.020 ev=+0.908 r0=1.0000 entcoef=6.13e-03 lr=4.0e-04 seed=0
iter= 269 step= 864000 ep_ret=-331.949 opt_ret=-331.949 step_rew=-3.3195 opt_step=-3.3195 gap0=331.949 dret=+481.444 eval_ret=n/a pursuer_target_distance=1.369 capture=0.039 score=0.016 pol=-0.0008 val=0.0228 ent=1.1333 tot=+0.0036 agnorm=0.210 cgnorm=0.081 kl=0.0019 clipf=0.019 ev=+0.871 r0=1.0000 entcoef=6.12e-03 lr=4.0e-04 seed=0
iter= 270 step= 867200 ep_ret=-372.353 opt_ret=-372.353 step_rew=-3.7235 opt_step=-3.7235 gap0=372.353 dret=+441.040 eval_ret=n/a pursuer_target_distance=1.488 capture=0.020 score=0.008 pol=-0.0011 val=0.0147 ent=1.1208 tot=-0.0006 agnorm=0.099 cgnorm=0.066 kl=0.0016 clipf=0.012 ev=+0.908 r0=1.0000 entcoef=6.11e-03 lr=4.0e-04 seed=0
iter= 271 step= 870400 ep_ret=-430.390 opt_ret=-430.390 step_rew=-4.3039 opt_step=-4.3039 gap0=430.390 dret=+383.003 eval_ret=n/a pursuer_target_distance=1.618 capture=0.014 score=0.005 pol=-0.0015 val=0.0165 ent=1.0993 tot=+0.0000 agnorm=0.087 cgnorm=0.065 kl=0.0024 clipf=0.019 ev=+0.916 r0=1.0000 entcoef=6.09e-03 lr=4.0e-04 seed=0
iter= 272 step= 873600 ep_ret=-463.245 opt_ret=-463.245 step_rew=-4.6325 opt_step=-4.6325 gap0=463.245 dret=+350.148 eval_ret=n/a pursuer_target_distance=2.042 capture=0.004 score=0.001 pol=-0.0006 val=0.0164 ent=1.0937 tot=+0.0010 agnorm=0.054 cgnorm=0.073 kl=0.0014 clipf=0.009 ev=+0.898 r0=1.0000 entcoef=6.08e-03 lr=4.0e-04 seed=0
iter= 273 step= 876800 ep_ret=-368.501 opt_ret=-368.501 step_rew=-3.6850 opt_step=-3.6850 gap0=368.501 dret=+444.892 eval_ret=n/a pursuer_target_distance=1.586 capture=0.028 score=0.011 pol=-0.0019 val=0.0182 ent=1.0975 tot=+0.0006 agnorm=0.087 cgnorm=0.068 kl=0.0026 clipf=0.029 ev=+0.911 r0=1.0000 entcoef=6.06e-03 lr=4.0e-04 seed=0
iter= 274 step= 880000 ep_ret=-371.692 opt_ret=-371.692 step_rew=-3.7169 opt_step=-3.7169 gap0=371.692 dret=+441.701 eval_ret=n/a pursuer_target_distance=1.590 capture=0.051 score=0.020 pol=-0.0013 val=0.0166 ent=1.1115 tot=+0.0003 agnorm=0.066 cgnorm=0.060 kl=0.0024 clipf=0.018 ev=+0.916 r0=1.0000 entcoef=6.05e-03 lr=4.0e-04 seed=0
iter= 275 step= 883200 ep_ret=-327.541 opt_ret=-327.541 step_rew=-3.2754 opt_step=-3.2754 gap0=327.541 dret=+485.852 eval_ret=n/a pursuer_target_distance=1.526 capture=0.043 score=0.017 pol=-0.0014 val=0.0187 ent=1.0794 tot=+0.0014 agnorm=0.089 cgnorm=0.075 kl=0.0027 clipf=0.022 ev=+0.902 r0=1.0000 entcoef=6.03e-03 lr=4.0e-04 seed=0
iter= 276 step= 886400 ep_ret=-392.324 opt_ret=-392.324 step_rew=-3.9232 opt_step=-3.9232 gap0=392.324 dret=+421.069 eval_ret=n/a pursuer_target_distance=1.891 capture=0.046 score=0.016 pol=-0.0009 val=0.0206 ent=1.1005 tot=+0.0028 agnorm=0.056 cgnorm=0.076 kl=0.0016 clipf=0.013 ev=+0.918 r0=1.0000 entcoef=6.02e-03 lr=3.9e-04 seed=0
iter= 277 step= 889600 ep_ret=-320.112 opt_ret=-320.112 step_rew=-3.2011 opt_step=-3.2011 gap0=320.112 dret=+493.280 eval_ret=n/a pursuer_target_distance=1.404 capture=0.023 score=0.010 pol=-0.0014 val=0.0198 ent=1.0996 tot=+0.0019 agnorm=0.130 cgnorm=0.071 kl=0.0025 clipf=0.017 ev=+0.852 r0=1.0000 entcoef=6.00e-03 lr=3.9e-04 seed=0
iter= 278 step= 892800 ep_ret=-304.586 opt_ret=-304.586 step_rew=-3.0459 opt_step=-3.0459 gap0=304.586 dret=+508.807 eval_ret=n/a pursuer_target_distance=1.299 capture=0.050 score=0.022 pol=-0.0010 val=0.0158 ent=1.0887 tot=+0.0004 agnorm=0.100 cgnorm=0.073 kl=0.0021 clipf=0.014 ev=+0.926 r0=1.0000 entcoef=5.99e-03 lr=3.9e-04 seed=0
iter= 279 step= 896000 ep_ret=-294.385 opt_ret=-294.385 step_rew=-2.9439 opt_step=-2.9439 gap0=294.385 dret=+519.008 eval_ret=n/a pursuer_target_distance=1.355 capture=0.042 score=0.018 pol=-0.0013 val=0.0185 ent=1.0985 tot=+0.0014 agnorm=0.133 cgnorm=0.079 kl=0.0022 clipf=0.021 ev=+0.884 r0=1.0000 entcoef=5.98e-03 lr=3.9e-04 seed=0
iter= 280 step= 899200 ep_ret=-420.897 opt_ret=-420.897 step_rew=-4.2090 opt_step=-4.2090 gap0=420.897 dret=+392.496 eval_ret=-222.383 pursuer_target_distance=1.666 capture=0.027 score=0.010 pol=-0.0012 val=0.0189 ent=1.0611 tot=+0.0019 agnorm=0.103 cgnorm=0.079 kl=0.0021 clipf=0.017 ev=+0.905 r0=1.0000 entcoef=5.96e-03 lr=3.9e-04 seed=0
iter= 281 step= 902400 ep_ret=-421.294 opt_ret=-421.294 step_rew=-4.2129 opt_step=-4.2129 gap0=421.294 dret=+392.099 eval_ret=n/a pursuer_target_distance=1.779 capture=0.016 score=0.006 pol=-0.0009 val=0.0155 ent=1.0806 tot=+0.0004 agnorm=0.085 cgnorm=0.078 kl=0.0009 clipf=0.005 ev=+0.907 r0=1.0000 entcoef=5.95e-03 lr=3.9e-04 seed=0
iter= 282 step= 905600 ep_ret=-362.912 opt_ret=-362.912 step_rew=-3.6291 opt_step=-3.6291 gap0=362.912 dret=+450.481 eval_ret=n/a pursuer_target_distance=1.559 capture=0.008 score=0.003 pol=-0.0012 val=0.0117 ent=1.1181 tot=-0.0020 agnorm=0.097 cgnorm=0.058 kl=0.0018 clipf=0.013 ev=+0.913 r0=1.0000 entcoef=5.93e-03 lr=3.9e-04 seed=0
iter= 283 step= 908800 ep_ret=-435.635 opt_ret=-435.635 step_rew=-4.3564 opt_step=-4.3564 gap0=435.635 dret=+377.758 eval_ret=n/a pursuer_target_distance=2.051 capture=0.034 score=0.011 pol=-0.0013 val=0.0303 ent=1.1389 tot=+0.0072 agnorm=0.103 cgnorm=0.084 kl=0.0018 clipf=0.018 ev=+0.882 r0=1.0000 entcoef=5.92e-03 lr=3.9e-04 seed=0
iter= 284 step= 912000 ep_ret=-360.997 opt_ret=-360.997 step_rew=-3.6100 opt_step=-3.6100 gap0=360.997 dret=+452.396 eval_ret=n/a pursuer_target_distance=1.623 capture=0.015 score=0.006 pol=-0.0011 val=0.0136 ent=1.1180 tot=-0.0009 agnorm=0.117 cgnorm=0.061 kl=0.0016 clipf=0.013 ev=+0.894 r0=1.0000 entcoef=5.90e-03 lr=3.9e-04 seed=0
iter= 285 step= 915200 ep_ret=-346.786 opt_ret=-346.786 step_rew=-3.4679 opt_step=-3.4679 gap0=346.786 dret=+466.607 eval_ret=n/a pursuer_target_distance=1.364 capture=0.018 score=0.008 pol=-0.0011 val=0.0146 ent=1.1185 tot=-0.0003 agnorm=0.061 cgnorm=0.057 kl=0.0015 clipf=0.010 ev=+0.932 r0=1.0000 entcoef=5.89e-03 lr=3.8e-04 seed=0
iter= 286 step= 918400 ep_ret=-308.117 opt_ret=-308.117 step_rew=-3.0812 opt_step=-3.0812 gap0=308.117 dret=+505.276 eval_ret=n/a pursuer_target_distance=1.327 capture=0.026 score=0.011 pol=-0.0008 val=0.0112 ent=1.1215 tot=-0.0018 agnorm=0.122 cgnorm=0.056 kl=0.0015 clipf=0.009 ev=+0.911 r0=1.0000 entcoef=5.88e-03 lr=3.8e-04 seed=0
iter= 287 step= 921600 ep_ret=-432.891 opt_ret=-432.891 step_rew=-4.3289 opt_step=-4.3289 gap0=432.891 dret=+380.502 eval_ret=n/a pursuer_target_distance=1.817 capture=0.015 score=0.005 pol=-0.0015 val=0.0191 ent=1.1471 tot=+0.0013 agnorm=0.110 cgnorm=0.058 kl=0.0022 clipf=0.023 ev=+0.905 r0=1.0000 entcoef=5.86e-03 lr=3.8e-04 seed=0
iter= 288 step= 924800 ep_ret=-391.370 opt_ret=-391.370 step_rew=-3.9137 opt_step=-3.9137 gap0=391.370 dret=+422.023 eval_ret=n/a pursuer_target_distance=1.793 capture=0.011 score=0.004 pol=-0.0010 val=0.0147 ent=1.1349 tot=-0.0003 agnorm=0.107 cgnorm=0.056 kl=0.0019 clipf=0.017 ev=+0.890 r0=1.0000 entcoef=5.85e-03 lr=3.8e-04 seed=0
iter= 289 step= 928000 ep_ret=-402.563 opt_ret=-402.563 step_rew=-4.0256 opt_step=-4.0256 gap0=402.563 dret=+410.829 eval_ret=n/a pursuer_target_distance=1.790 capture=0.021 score=0.007 pol=-0.0009 val=0.0166 ent=1.1282 tot=+0.0008 agnorm=0.102 cgnorm=0.058 kl=0.0009 clipf=0.008 ev=+0.893 r0=1.0000 entcoef=5.83e-03 lr=3.8e-04 seed=0
iter= 290 step= 931200 ep_ret=-332.551 opt_ret=-332.551 step_rew=-3.3255 opt_step=-3.3255 gap0=332.551 dret=+480.842 eval_ret=n/a pursuer_target_distance=1.337 capture=0.008 score=0.004 pol=-0.0008 val=0.0110 ent=1.1327 tot=-0.0019 agnorm=0.058 cgnorm=0.048 kl=0.0015 clipf=0.007 ev=+0.908 r0=1.0000 entcoef=5.82e-03 lr=3.8e-04 seed=0
iter= 291 step= 934400 ep_ret=-402.307 opt_ret=-402.307 step_rew=-4.0231 opt_step=-4.0231 gap0=402.307 dret=+411.086 eval_ret=n/a pursuer_target_distance=1.507 capture=0.016 score=0.006 pol=-0.0008 val=0.0123 ent=1.1169 tot=-0.0011 agnorm=0.091 cgnorm=0.058 kl=0.0015 clipf=0.008 ev=+0.911 r0=1.0000 entcoef=5.80e-03 lr=3.8e-04 seed=0
iter= 292 step= 937600 ep_ret=-331.676 opt_ret=-331.676 step_rew=-3.3168 opt_step=-3.3168 gap0=331.676 dret=+481.717 eval_ret=n/a pursuer_target_distance=1.275 capture=0.016 score=0.007 pol=-0.0012 val=0.0146 ent=1.0961 tot=-0.0003 agnorm=0.159 cgnorm=0.066 kl=0.0015 clipf=0.015 ev=+0.886 r0=1.0000 entcoef=5.79e-03 lr=3.8e-04 seed=0
iter= 293 step= 940800 ep_ret=-396.437 opt_ret=-396.437 step_rew=-3.9644 opt_step=-3.9644 gap0=396.437 dret=+416.956 eval_ret=n/a pursuer_target_distance=1.508 capture=0.026 score=0.010 pol=-0.0010 val=0.0209 ent=1.0984 tot=+0.0031 agnorm=0.100 cgnorm=0.064 kl=0.0013 clipf=0.011 ev=+0.898 r0=1.0000 entcoef=5.77e-03 lr=3.8e-04 seed=0
iter= 294 step= 944000 ep_ret=-375.372 opt_ret=-375.372 step_rew=-3.7537 opt_step=-3.7537 gap0=375.372 dret=+438.020 eval_ret=n/a pursuer_target_distance=1.672 capture=0.018 score=0.007 pol=-0.0013 val=0.0221 ent=1.1055 tot=+0.0034 agnorm=0.093 cgnorm=0.071 kl=0.0017 clipf=0.013 ev=+0.831 r0=1.0000 entcoef=5.76e-03 lr=3.7e-04 seed=0
iter= 295 step= 947200 ep_ret=-348.840 opt_ret=-348.840 step_rew=-3.4884 opt_step=-3.4884 gap0=348.840 dret=+464.553 eval_ret=n/a pursuer_target_distance=1.388 capture=0.028 score=0.012 pol=-0.0012 val=0.0112 ent=1.1025 tot=-0.0019 agnorm=0.114 cgnorm=0.052 kl=0.0012 clipf=0.009 ev=+0.917 r0=1.0000 entcoef=5.75e-03 lr=3.7e-04 seed=0
iter= 296 step= 950400 ep_ret=-419.348 opt_ret=-419.348 step_rew=-4.1935 opt_step=-4.1935 gap0=419.348 dret=+394.045 eval_ret=n/a pursuer_target_distance=2.030 capture=0.036 score=0.012 pol=-0.0016 val=0.0296 ent=1.1036 tot=+0.0068 agnorm=0.115 cgnorm=0.066 kl=0.0017 clipf=0.017 ev=+0.841 r0=1.0000 entcoef=5.73e-03 lr=3.7e-04 seed=0
iter= 297 step= 953600 ep_ret=-345.399 opt_ret=-345.399 step_rew=-3.4540 opt_step=-3.4540 gap0=345.399 dret=+467.994 eval_ret=n/a pursuer_target_distance=1.246 capture=0.024 score=0.011 pol=-0.0010 val=0.0152 ent=1.0806 tot=+0.0005 agnorm=0.131 cgnorm=0.060 kl=0.0015 clipf=0.013 ev=+0.896 r0=1.0000 entcoef=5.72e-03 lr=3.7e-04 seed=0
iter= 298 step= 956800 ep_ret=-309.623 opt_ret=-309.623 step_rew=-3.0962 opt_step=-3.0962 gap0=309.623 dret=+503.769 eval_ret=n/a pursuer_target_distance=1.322 capture=0.033 score=0.014 pol=-0.0009 val=0.0158 ent=1.1184 tot=+0.0006 agnorm=0.289 cgnorm=0.063 kl=0.0016 clipf=0.013 ev=+0.853 r0=1.0000 entcoef=5.70e-03 lr=3.7e-04 seed=0
iter= 299 step= 960000 ep_ret=-377.799 opt_ret=-377.799 step_rew=-3.7780 opt_step=-3.7780 gap0=377.799 dret=+435.594 eval_ret=n/a pursuer_target_distance=1.422 capture=0.018 score=0.007 pol=-0.0008 val=0.0111 ent=1.0944 tot=-0.0015 agnorm=0.171 cgnorm=0.043 kl=0.0018 clipf=0.014 ev=+0.897 r0=1.0000 entcoef=5.69e-03 lr=3.7e-04 seed=0
iter= 300 step= 963200 ep_ret=-365.217 opt_ret=-365.217 step_rew=-3.6522 opt_step=-3.6522 gap0=365.217 dret=+448.176 eval_ret=-288.449 pursuer_target_distance=1.438 capture=0.024 score=0.010 pol=-0.0013 val=0.0108 ent=1.0891 tot=-0.0021 agnorm=0.153 cgnorm=0.048 kl=0.0018 clipf=0.013 ev=+0.916 r0=1.0000 entcoef=5.67e-03 lr=3.7e-04 seed=0
iter= 301 step= 966400 ep_ret=-318.519 opt_ret=-318.519 step_rew=-3.1852 opt_step=-3.1852 gap0=318.519 dret=+494.874 eval_ret=n/a pursuer_target_distance=1.434 capture=0.045 score=0.019 pol=-0.0013 val=0.0154 ent=1.0893 tot=+0.0003 agnorm=0.116 cgnorm=0.054 kl=0.0022 clipf=0.022 ev=+0.927 r0=1.0000 entcoef=5.66e-03 lr=3.7e-04 seed=0
iter= 302 step= 969600 ep_ret=-392.707 opt_ret=-392.707 step_rew=-3.9271 opt_step=-3.9271 gap0=392.707 dret=+420.686 eval_ret=n/a pursuer_target_distance=1.657 capture=0.037 score=0.014 pol=-0.0010 val=0.0169 ent=1.1395 tot=+0.0011 agnorm=0.106 cgnorm=0.058 kl=0.0015 clipf=0.011 ev=+0.904 r0=1.0000 entcoef=5.64e-03 lr=3.7e-04 seed=0
iter= 303 step= 972800 ep_ret=-397.484 opt_ret=-397.484 step_rew=-3.9748 opt_step=-3.9748 gap0=397.484 dret=+415.909 eval_ret=n/a pursuer_target_distance=1.733 capture=0.032 score=0.012 pol=-0.0013 val=0.0167 ent=1.1147 tot=+0.0008 agnorm=0.101 cgnorm=0.049 kl=0.0018 clipf=0.014 ev=+0.908 r0=1.0000 entcoef=5.63e-03 lr=3.6e-04 seed=0
iter= 304 step= 976000 ep_ret=-323.128 opt_ret=-323.128 step_rew=-3.2313 opt_step=-3.2313 gap0=323.128 dret=+490.265 eval_ret=n/a pursuer_target_distance=1.389 capture=0.037 score=0.016 pol=-0.0009 val=0.0132 ent=1.0735 tot=-0.0003 agnorm=0.097 cgnorm=0.050 kl=0.0014 clipf=0.012 ev=+0.929 r0=1.0000 entcoef=5.62e-03 lr=3.6e-04 seed=0
iter= 305 step= 979200 ep_ret=-406.564 opt_ret=-406.564 step_rew=-4.0656 opt_step=-4.0656 gap0=406.564 dret=+406.829 eval_ret=n/a pursuer_target_distance=1.623 capture=0.034 score=0.013 pol=-0.0010 val=0.0164 ent=1.0850 tot=+0.0011 agnorm=0.149 cgnorm=0.062 kl=0.0012 clipf=0.008 ev=+0.913 r0=1.0000 entcoef=5.60e-03 lr=3.6e-04 seed=0
iter= 306 step= 982400 ep_ret=-325.077 opt_ret=-325.077 step_rew=-3.2508 opt_step=-3.2508 gap0=325.077 dret=+488.316 eval_ret=n/a pursuer_target_distance=1.220 capture=0.041 score=0.018 pol=-0.0015 val=0.0140 ent=1.0871 tot=-0.0005 agnorm=0.158 cgnorm=0.052 kl=0.0028 clipf=0.017 ev=+0.914 r0=1.0000 entcoef=5.59e-03 lr=3.6e-04 seed=0
iter= 307 step= 985600 ep_ret=-243.526 opt_ret=-243.526 step_rew=-2.4353 opt_step=-2.4353 gap0=243.526 dret=+569.867 eval_ret=n/a pursuer_target_distance=1.464 capture=0.086 score=0.035 pol=-0.0010 val=0.0193 ent=1.0234 tot=+0.0029 agnorm=0.105 cgnorm=0.058 kl=0.0023 clipf=0.020 ev=+0.914 r0=1.0000 entcoef=5.57e-03 lr=3.6e-04 seed=0
iter= 308 step= 988800 ep_ret=-401.197 opt_ret=-401.197 step_rew=-4.0120 opt_step=-4.0120 gap0=401.197 dret=+412.196 eval_ret=n/a pursuer_target_distance=1.795 capture=0.035 score=0.013 pol=-0.0010 val=0.0228 ent=1.0707 tot=+0.0045 agnorm=0.111 cgnorm=0.102 kl=0.0015 clipf=0.012 ev=+0.921 r0=1.0000 entcoef=5.56e-03 lr=3.6e-04 seed=0
iter= 309 step= 992000 ep_ret=-259.836 opt_ret=-259.836 step_rew=-2.5984 opt_step=-2.5984 gap0=259.836 dret=+553.557 eval_ret=n/a pursuer_target_distance=1.465 capture=0.077 score=0.031 pol=-0.0009 val=0.0237 ent=1.0791 tot=+0.0050 agnorm=0.067 cgnorm=0.066 kl=0.0011 clipf=0.007 ev=+0.912 r0=1.0000 entcoef=5.54e-03 lr=3.6e-04 seed=0
iter= 310 step= 995200 ep_ret=-362.764 opt_ret=-362.764 step_rew=-3.6276 opt_step=-3.6276 gap0=362.764 dret=+450.629 eval_ret=n/a pursuer_target_distance=1.679 capture=0.045 score=0.017 pol=-0.0009 val=0.0244 ent=1.0738 tot=+0.0053 agnorm=0.106 cgnorm=0.081 kl=0.0013 clipf=0.008 ev=+0.906 r0=1.0000 entcoef=5.53e-03 lr=3.6e-04 seed=0
iter= 311 step= 998400 ep_ret=-292.027 opt_ret=-292.027 step_rew=-2.9203 opt_step=-2.9203 gap0=292.027 dret=+521.366 eval_ret=n/a pursuer_target_distance=1.435 capture=0.052 score=0.021 pol=-0.0007 val=0.0151 ent=1.0719 tot=+0.0010 agnorm=0.081 cgnorm=0.058 kl=0.0010 clipf=0.008 ev=+0.931 r0=1.0000 entcoef=5.51e-03 lr=3.6e-04 seed=0
iter= 312 step=1001600 ep_ret=-293.613 opt_ret=-293.613 step_rew=-2.9361 opt_step=-2.9361 gap0=293.613 dret=+519.780 eval_ret=n/a pursuer_target_distance=1.314 capture=0.068 score=0.030 pol=-0.0010 val=0.0221 ent=1.0742 tot=+0.0041 agnorm=0.107 cgnorm=0.081 kl=0.0019 clipf=0.016 ev=+0.915 r0=1.0000 entcoef=5.50e-03 lr=3.6e-04 seed=0
iter= 313 step=1004800 ep_ret=-407.581 opt_ret=-407.581 step_rew=-4.0758 opt_step=-4.0758 gap0=407.581 dret=+405.812 eval_ret=n/a pursuer_target_distance=1.950 capture=0.036 score=0.012 pol=-0.0009 val=0.0213 ent=1.0996 tot=+0.0037 agnorm=0.079 cgnorm=0.076 kl=0.0015 clipf=0.012 ev=+0.898 r0=1.0000 entcoef=5.49e-03 lr=3.5e-04 seed=0
iter= 314 step=1008000 ep_ret=-321.403 opt_ret=-321.403 step_rew=-3.2140 opt_step=-3.2140 gap0=321.403 dret=+491.990 eval_ret=n/a pursuer_target_distance=1.491 capture=0.033 score=0.013 pol=-0.0011 val=0.0158 ent=1.1102 tot=+0.0008 agnorm=0.053 cgnorm=0.062 kl=0.0014 clipf=0.009 ev=+0.915 r0=1.0000 entcoef=5.47e-03 lr=3.5e-04 seed=0
iter= 315 step=1011200 ep_ret=-400.049 opt_ret=-400.049 step_rew=-4.0005 opt_step=-4.0005 gap0=400.049 dret=+413.344 eval_ret=n/a pursuer_target_distance=1.565 capture=0.020 score=0.008 pol=-0.0012 val=0.0134 ent=1.0825 tot=-0.0004 agnorm=0.077 cgnorm=0.068 kl=0.0015 clipf=0.011 ev=+0.927 r0=1.0000 entcoef=5.46e-03 lr=3.5e-04 seed=0
iter= 316 step=1014400 ep_ret=-394.273 opt_ret=-394.273 step_rew=-3.9427 opt_step=-3.9427 gap0=394.273 dret=+419.120 eval_ret=n/a pursuer_target_distance=1.525 capture=0.008 score=0.003 pol=-0.0012 val=0.0105 ent=1.1106 tot=-0.0019 agnorm=0.059 cgnorm=0.055 kl=0.0023 clipf=0.017 ev=+0.897 r0=1.0000 entcoef=5.44e-03 lr=3.5e-04 seed=0
iter= 317 step=1017600 ep_ret=-291.292 opt_ret=-291.292 step_rew=-2.9129 opt_step=-2.9129 gap0=291.292 dret=+522.101 eval_ret=n/a pursuer_target_distance=1.237 capture=0.043 score=0.019 pol=-0.0013 val=0.0118 ent=1.0667 tot=-0.0011 agnorm=0.095 cgnorm=0.054 kl=0.0016 clipf=0.012 ev=+0.920 r0=1.0000 entcoef=5.43e-03 lr=3.5e-04 seed=0
iter= 318 step=1020800 ep_ret=-288.729 opt_ret=-288.729 step_rew=-2.8873 opt_step=-2.8873 gap0=288.729 dret=+524.663 eval_ret=n/a pursuer_target_distance=1.360 capture=0.048 score=0.020 pol=-0.0011 val=0.0136 ent=1.0722 tot=-0.0001 agnorm=0.097 cgnorm=0.070 kl=0.0019 clipf=0.015 ev=+0.904 r0=1.0000 entcoef=5.41e-03 lr=3.5e-04 seed=0
iter= 319 step=1024000 ep_ret=-337.649 opt_ret=-337.649 step_rew=-3.3765 opt_step=-3.3765 gap0=337.649 dret=+475.744 eval_ret=n/a pursuer_target_distance=1.322 capture=0.027 score=0.011 pol=-0.0010 val=0.0115 ent=1.0710 tot=-0.0010 agnorm=0.091 cgnorm=0.061 kl=0.0015 clipf=0.010 ev=+0.933 r0=1.0000 entcoef=5.40e-03 lr=3.5e-04 seed=0
iter= 320 step=1027200 ep_ret=-300.132 opt_ret=-300.132 step_rew=-3.0013 opt_step=-3.0013 gap0=300.132 dret=+513.261 eval_ret=-140.082 pursuer_target_distance=1.326 capture=0.038 score=0.016 pol=-0.0013 val=0.0128 ent=1.0703 tot=-0.0007 agnorm=0.096 cgnorm=0.056 kl=0.0020 clipf=0.017 ev=+0.908 r0=1.0000 entcoef=5.38e-03 lr=3.5e-04 seed=0
iter= 321 step=1030400 ep_ret=-434.843 opt_ret=-434.843 step_rew=-4.3484 opt_step=-4.3484 gap0=434.843 dret=+378.550 eval_ret=n/a pursuer_target_distance=1.993 capture=0.015 score=0.005 pol=-0.0009 val=0.0119 ent=1.0843 tot=-0.0008 agnorm=0.078 cgnorm=0.071 kl=0.0021 clipf=0.016 ev=+0.938 r0=1.0000 entcoef=5.37e-03 lr=3.5e-04 seed=0
iter= 322 step=1033600 ep_ret=-292.933 opt_ret=-292.933 step_rew=-2.9293 opt_step=-2.9293 gap0=292.933 dret=+520.460 eval_ret=n/a pursuer_target_distance=1.844 capture=0.075 score=0.026 pol=-0.0010 val=0.0192 ent=1.0829 tot=+0.0028 agnorm=0.191 cgnorm=0.094 kl=0.0017 clipf=0.012 ev=+0.921 r0=1.0000 entcoef=5.36e-03 lr=3.4e-04 seed=0
iter= 323 step=1036800 ep_ret=-335.681 opt_ret=-335.681 step_rew=-3.3568 opt_step=-3.3568 gap0=335.681 dret=+477.712 eval_ret=n/a pursuer_target_distance=1.511 capture=0.039 score=0.015 pol=-0.0009 val=0.0145 ent=1.0715 tot=+0.0006 agnorm=0.109 cgnorm=0.054 kl=0.0011 clipf=0.008 ev=+0.934 r0=1.0000 entcoef=5.34e-03 lr=3.4e-04 seed=0
iter= 324 step=1040000 ep_ret=-323.548 opt_ret=-323.548 step_rew=-3.2355 opt_step=-3.2355 gap0=323.548 dret=+489.845 eval_ret=n/a pursuer_target_distance=1.418 capture=0.042 score=0.017 pol=-0.0013 val=0.0149 ent=1.0791 tot=+0.0005 agnorm=0.102 cgnorm=0.067 kl=0.0019 clipf=0.012 ev=+0.914 r0=1.0000 entcoef=5.33e-03 lr=3.4e-04 seed=0
iter= 325 step=1043200 ep_ret=-299.193 opt_ret=-299.193 step_rew=-2.9919 opt_step=-2.9919 gap0=299.193 dret=+514.200 eval_ret=n/a pursuer_target_distance=1.397 capture=0.048 score=0.020 pol=-0.0010 val=0.0136 ent=1.0510 tot=+0.0002 agnorm=0.088 cgnorm=0.057 kl=0.0021 clipf=0.016 ev=+0.922 r0=1.0000 entcoef=5.31e-03 lr=3.4e-04 seed=0
iter= 326 step=1046400 ep_ret=-300.631 opt_ret=-300.631 step_rew=-3.0063 opt_step=-3.0063 gap0=300.631 dret=+512.762 eval_ret=n/a pursuer_target_distance=1.101 capture=0.077 score=0.037 pol=-0.0013 val=0.0160 ent=1.0218 tot=+0.0013 agnorm=0.159 cgnorm=0.075 kl=0.0016 clipf=0.016 ev=+0.935 r0=1.0000 entcoef=5.30e-03 lr=3.4e-04 seed=0
iter= 327 step=1049600 ep_ret=-284.489 opt_ret=-284.489 step_rew=-2.8449 opt_step=-2.8449 gap0=284.489 dret=+528.904 eval_ret=n/a pursuer_target_distance=1.259 capture=0.039 score=0.017 pol=-0.0008 val=0.0162 ent=1.0372 tot=+0.0018 agnorm=0.163 cgnorm=0.064 kl=0.0013 clipf=0.009 ev=+0.923 r0=1.0000 entcoef=5.28e-03 lr=3.4e-04 seed=0
iter= 328 step=1052800 ep_ret=-389.141 opt_ret=-389.141 step_rew=-3.8914 opt_step=-3.8914 gap0=389.141 dret=+424.252 eval_ret=n/a pursuer_target_distance=1.720 capture=0.028 score=0.010 pol=-0.0010 val=0.0158 ent=1.0231 tot=+0.0015 agnorm=0.091 cgnorm=0.073 kl=0.0016 clipf=0.011 ev=+0.921 r0=1.0000 entcoef=5.27e-03 lr=3.4e-04 seed=0
iter= 329 step=1056000 ep_ret=-337.587 opt_ret=-337.587 step_rew=-3.3759 opt_step=-3.3759 gap0=337.587 dret=+475.806 eval_ret=n/a pursuer_target_distance=1.491 capture=0.024 score=0.010 pol=-0.0012 val=0.0113 ent=1.0203 tot=-0.0009 agnorm=0.078 cgnorm=0.042 kl=0.0018 clipf=0.012 ev=+0.928 r0=1.0000 entcoef=5.25e-03 lr=3.4e-04 seed=0
iter= 330 step=1059200 ep_ret=-367.993 opt_ret=-367.993 step_rew=-3.6799 opt_step=-3.6799 gap0=367.993 dret=+445.400 eval_ret=n/a pursuer_target_distance=1.758 capture=0.023 score=0.008 pol=-0.0009 val=0.0124 ent=1.0263 tot=-0.0000 agnorm=0.135 cgnorm=0.056 kl=0.0011 clipf=0.007 ev=+0.925 r0=1.0000 entcoef=5.24e-03 lr=3.4e-04 seed=0
iter= 331 step=1062400 ep_ret=-333.626 opt_ret=-333.626 step_rew=-3.3363 opt_step=-3.3363 gap0=333.626 dret=+479.767 eval_ret=n/a pursuer_target_distance=1.457 capture=0.035 score=0.014 pol=-0.0010 val=0.0107 ent=1.0056 tot=-0.0009 agnorm=0.126 cgnorm=0.053 kl=0.0020 clipf=0.017 ev=+0.931 r0=1.0000 entcoef=5.23e-03 lr=3.3e-04 seed=0
iter= 332 step=1065600 ep_ret=-349.811 opt_ret=-349.811 step_rew=-3.4981 opt_step=-3.4981 gap0=349.811 dret=+463.582 eval_ret=n/a pursuer_target_distance=1.500 capture=0.075 score=0.030 pol=-0.0009 val=0.0159 ent=0.9842 tot=+0.0019 agnorm=0.272 cgnorm=0.068 kl=0.0020 clipf=0.014 ev=+0.940 r0=1.0000 entcoef=5.21e-03 lr=3.3e-04 seed=0
iter= 333 step=1068800 ep_ret=-280.207 opt_ret=-280.207 step_rew=-2.8021 opt_step=-2.8021 gap0=280.207 dret=+533.186 eval_ret=n/a pursuer_target_distance=1.301 capture=0.064 score=0.028 pol=-0.0010 val=0.0141 ent=1.0111 tot=+0.0008 agnorm=0.149 cgnorm=0.056 kl=0.0010 clipf=0.007 ev=+0.929 r0=1.0000 entcoef=5.20e-03 lr=3.3e-04 seed=0
iter= 334 step=1072000 ep_ret=-358.673 opt_ret=-358.673 step_rew=-3.5867 opt_step=-3.5867 gap0=358.673 dret=+454.720 eval_ret=n/a pursuer_target_distance=1.456 capture=0.029 score=0.012 pol=-0.0015 val=0.0116 ent=1.0133 tot=-0.0009 agnorm=0.125 cgnorm=0.050 kl=0.0021 clipf=0.017 ev=+0.930 r0=1.0000 entcoef=5.18e-03 lr=3.3e-04 seed=0
iter= 335 step=1075200 ep_ret=-270.544 opt_ret=-270.544 step_rew=-2.7054 opt_step=-2.7054 gap0=270.544 dret=+542.849 eval_ret=n/a pursuer_target_distance=1.377 capture=0.082 score=0.035 pol=-0.0012 val=0.0197 ent=1.0131 tot=+0.0034 agnorm=0.146 cgnorm=0.072 kl=0.0016 clipf=0.011 ev=+0.912 r0=1.0000 entcoef=5.17e-03 lr=3.3e-04 seed=0
iter= 336 step=1078400 ep_ret=-299.809 opt_ret=-299.809 step_rew=-2.9981 opt_step=-2.9981 gap0=299.809 dret=+513.584 eval_ret=n/a pursuer_target_distance=1.527 capture=0.043 score=0.017 pol=-0.0012 val=0.0102 ent=1.0137 tot=-0.0013 agnorm=0.119 cgnorm=0.047 kl=0.0017 clipf=0.009 ev=+0.929 r0=1.0000 entcoef=5.15e-03 lr=3.3e-04 seed=0
iter= 337 step=1081600 ep_ret=-308.979 opt_ret=-308.979 step_rew=-3.0898 opt_step=-3.0898 gap0=308.979 dret=+504.414 eval_ret=n/a pursuer_target_distance=1.487 capture=0.051 score=0.021 pol=-0.0008 val=0.0150 ent=1.0026 tot=+0.0015 agnorm=0.093 cgnorm=0.061 kl=0.0017 clipf=0.013 ev=+0.914 r0=1.0000 entcoef=5.14e-03 lr=3.3e-04 seed=0
iter= 338 step=1084800 ep_ret=-235.631 opt_ret=-235.631 step_rew=-2.3563 opt_step=-2.3563 gap0=235.631 dret=+577.762 eval_ret=n/a pursuer_target_distance=1.114 capture=0.070 score=0.033 pol=-0.0013 val=0.0116 ent=1.0215 tot=-0.0007 agnorm=0.179 cgnorm=0.054 kl=0.0014 clipf=0.012 ev=+0.951 r0=1.0000 entcoef=5.13e-03 lr=3.3e-04 seed=0
iter= 339 step=1088000 ep_ret=-314.726 opt_ret=-314.726 step_rew=-3.1473 opt_step=-3.1473 gap0=314.726 dret=+498.667 eval_ret=n/a pursuer_target_distance=1.149 capture=0.035 score=0.016 pol=-0.0013 val=0.0111 ent=1.0172 tot=-0.0009 agnorm=0.148 cgnorm=0.047 kl=0.0018 clipf=0.015 ev=+0.939 r0=1.0000 entcoef=5.11e-03 lr=3.3e-04 seed=0
iter= 340 step=1091200 ep_ret=-348.746 opt_ret=-348.746 step_rew=-3.4875 opt_step=-3.4875 gap0=348.746 dret=+464.647 eval_ret=-173.636 pursuer_target_distance=1.552 capture=0.054 score=0.021 pol=-0.0007 val=0.0164 ent=0.9763 tot=+0.0025 agnorm=0.097 cgnorm=0.069 kl=0.0015 clipf=0.010 ev=+0.930 r0=1.0000 entcoef=5.10e-03 lr=3.2e-04 seed=0
iter= 341 step=1094400 ep_ret=-294.928 opt_ret=-294.928 step_rew=-2.9493 opt_step=-2.9493 gap0=294.928 dret=+518.464 eval_ret=n/a pursuer_target_distance=1.420 capture=0.070 score=0.029 pol=-0.0008 val=0.0148 ent=0.9835 tot=+0.0016 agnorm=0.143 cgnorm=0.055 kl=0.0011 clipf=0.007 ev=+0.939 r0=1.0000 entcoef=5.08e-03 lr=3.2e-04 seed=0
iter= 342 step=1097600 ep_ret=-243.732 opt_ret=-243.732 step_rew=-2.4373 opt_step=-2.4373 gap0=243.732 dret=+569.661 eval_ret=n/a pursuer_target_distance=0.940 capture=0.085 score=0.044 pol=-0.0011 val=0.0176 ent=0.9953 tot=+0.0027 agnorm=0.302 cgnorm=0.076 kl=0.0018 clipf=0.016 ev=+0.919 r0=1.0000 entcoef=5.07e-03 lr=3.2e-04 seed=0
iter= 343 step=1100800 ep_ret=-302.152 opt_ret=-302.152 step_rew=-3.0215 opt_step=-3.0215 gap0=302.152 dret=+511.240 eval_ret=n/a pursuer_target_distance=1.336 capture=0.068 score=0.029 pol=-0.0010 val=0.0154 ent=0.9908 tot=+0.0017 agnorm=0.207 cgnorm=0.073 kl=0.0017 clipf=0.013 ev=+0.946 r0=1.0000 entcoef=5.05e-03 lr=3.2e-04 seed=0
iter= 344 step=1104000 ep_ret=-264.275 opt_ret=-264.275 step_rew=-2.6427 opt_step=-2.6427 gap0=264.275 dret=+549.118 eval_ret=n/a pursuer_target_distance=1.343 capture=0.072 score=0.031 pol=-0.0010 val=0.0147 ent=1.0069 tot=+0.0013 agnorm=0.120 cgnorm=0.074 kl=0.0017 clipf=0.012 ev=+0.933 r0=1.0000 entcoef=5.04e-03 lr=3.2e-04 seed=0
iter= 345 step=1107200 ep_ret=-222.652 opt_ret=-222.652 step_rew=-2.2265 opt_step=-2.2265 gap0=222.652 dret=+590.740 eval_ret=n/a pursuer_target_distance=1.326 capture=0.109 score=0.047 pol=-0.0009 val=0.0189 ent=1.0340 tot=+0.0034 agnorm=0.073 cgnorm=0.062 kl=0.0018 clipf=0.013 ev=+0.941 r0=1.0000 entcoef=5.02e-03 lr=3.2e-04 seed=0
iter= 346 step=1110400 ep_ret=-352.291 opt_ret=-352.291 step_rew=-3.5229 opt_step=-3.5229 gap0=352.291 dret=+461.102 eval_ret=n/a pursuer_target_distance=1.808 capture=0.059 score=0.021 pol=-0.0013 val=0.0207 ent=1.0262 tot=+0.0039 agnorm=0.107 cgnorm=0.071 kl=0.0020 clipf=0.017 ev=+0.936 r0=1.0000 entcoef=5.01e-03 lr=3.2e-04 seed=0
iter= 347 step=1113600 ep_ret=-336.451 opt_ret=-336.451 step_rew=-3.3645 opt_step=-3.3645 gap0=336.451 dret=+476.942 eval_ret=n/a pursuer_target_distance=1.476 capture=0.050 score=0.020 pol=-0.0008 val=0.0154 ent=1.0223 tot=+0.0018 agnorm=0.087 cgnorm=0.061 kl=0.0010 clipf=0.006 ev=+0.932 r0=1.0000 entcoef=5.00e-03 lr=3.2e-04 seed=0
iter= 348 step=1116800 ep_ret=-339.157 opt_ret=-339.157 step_rew=-3.3916 opt_step=-3.3916 gap0=339.157 dret=+474.236 eval_ret=n/a pursuer_target_distance=1.287 capture=0.041 score=0.018 pol=-0.0010 val=0.0142 ent=1.0068 tot=+0.0011 agnorm=0.079 cgnorm=0.051 kl=0.0015 clipf=0.011 ev=+0.943 r0=1.0000 entcoef=4.98e-03 lr=3.2e-04 seed=0
iter= 349 step=1120000 ep_ret=-324.335 opt_ret=-324.335 step_rew=-3.2434 opt_step=-3.2434 gap0=324.335 dret=+489.058 eval_ret=n/a pursuer_target_distance=1.336 capture=0.036 score=0.015 pol=-0.0011 val=0.0137 ent=1.0508 tot=+0.0005 agnorm=0.116 cgnorm=0.069 kl=0.0015 clipf=0.011 ev=+0.934 r0=1.0000 entcoef=4.97e-03 lr=3.1e-04 seed=0
iter= 350 step=1123200 ep_ret=-318.686 opt_ret=-318.686 step_rew=-3.1869 opt_step=-3.1869 gap0=318.686 dret=+494.707 eval_ret=n/a pursuer_target_distance=1.274 capture=0.051 score=0.022 pol=-0.0009 val=0.0135 ent=1.0178 tot=+0.0008 agnorm=0.065 cgnorm=0.048 kl=0.0017 clipf=0.009 ev=+0.947 r0=1.0000 entcoef=4.95e-03 lr=3.1e-04 seed=0
iter= 351 step=1126400 ep_ret=-259.568 opt_ret=-259.568 step_rew=-2.5957 opt_step=-2.5957 gap0=259.568 dret=+553.825 eval_ret=n/a pursuer_target_distance=1.252 capture=0.080 score=0.036 pol=-0.0009 val=0.0173 ent=1.0280 tot=+0.0026 agnorm=0.194 cgnorm=0.076 kl=0.0014 clipf=0.007 ev=+0.926 r0=1.0000 entcoef=4.94e-03 lr=3.1e-04 seed=0
iter= 352 step=1129600 ep_ret=-208.472 opt_ret=-208.472 step_rew=-2.0847 opt_step=-2.0847 gap0=208.472 dret=+604.921 eval_ret=n/a pursuer_target_distance=0.988 capture=0.098 score=0.049 pol=-0.0012 val=0.0124 ent=1.0318 tot=-0.0001 agnorm=0.158 cgnorm=0.055 kl=0.0014 clipf=0.014 ev=+0.940 r0=1.0000 entcoef=4.92e-03 lr=3.1e-04 seed=0
iter= 353 step=1132800 ep_ret=-180.601 opt_ret=-180.601 step_rew=-1.8060 opt_step=-1.8060 gap0=180.601 dret=+632.792 eval_ret=n/a pursuer_target_distance=1.331 capture=0.132 score=0.056 pol=-0.0012 val=0.0139 ent=1.0324 tot=+0.0007 agnorm=0.241 cgnorm=0.050 kl=0.0018 clipf=0.018 ev=+0.959 r0=1.0000 entcoef=4.91e-03 lr=3.1e-04 seed=0
iter= 354 step=1136000 ep_ret=-358.196 opt_ret=-358.196 step_rew=-3.5820 opt_step=-3.5820 gap0=358.196 dret=+455.197 eval_ret=n/a pursuer_target_distance=1.842 capture=0.050 score=0.018 pol=-0.0014 val=0.0155 ent=1.0254 tot=+0.0014 agnorm=0.119 cgnorm=0.056 kl=0.0021 clipf=0.021 ev=+0.938 r0=1.0000 entcoef=4.89e-03 lr=3.1e-04 seed=0
iter= 355 step=1139200 ep_ret=-329.579 opt_ret=-329.579 step_rew=-3.2958 opt_step=-3.2958 gap0=329.579 dret=+483.813 eval_ret=n/a pursuer_target_distance=1.413 capture=0.061 score=0.025 pol=-0.0009 val=0.0134 ent=1.0161 tot=+0.0009 agnorm=0.111 cgnorm=0.059 kl=0.0016 clipf=0.009 ev=+0.953 r0=1.0000 entcoef=4.88e-03 lr=3.1e-04 seed=0
iter= 356 step=1142400 ep_ret=-296.507 opt_ret=-296.507 step_rew=-2.9651 opt_step=-2.9651 gap0=296.507 dret=+516.886 eval_ret=n/a pursuer_target_distance=1.198 capture=0.055 score=0.025 pol=-0.0009 val=0.0133 ent=1.0183 tot=+0.0008 agnorm=0.136 cgnorm=0.066 kl=0.0014 clipf=0.012 ev=+0.932 r0=1.0000 entcoef=4.87e-03 lr=3.1e-04 seed=0
iter= 357 step=1145600 ep_ret=-226.779 opt_ret=-226.779 step_rew=-2.2678 opt_step=-2.2678 gap0=226.779 dret=+586.614 eval_ret=n/a pursuer_target_distance=1.059 capture=0.082 score=0.040 pol=-0.0012 val=0.0138 ent=1.0300 tot=+0.0007 agnorm=0.168 cgnorm=0.067 kl=0.0018 clipf=0.018 ev=+0.947 r0=1.0000 entcoef=4.85e-03 lr=3.1e-04 seed=0
iter= 358 step=1148800 ep_ret=-248.810 opt_ret=-248.810 step_rew=-2.4881 opt_step=-2.4881 gap0=248.810 dret=+564.583 eval_ret=n/a pursuer_target_distance=1.242 capture=0.087 score=0.039 pol=-0.0010 val=0.0149 ent=1.0246 tot=+0.0015 agnorm=0.109 cgnorm=0.057 kl=0.0015 clipf=0.009 ev=+0.951 r0=1.0000 entcoef=4.84e-03 lr=3.0e-04 seed=0
iter= 359 step=1152000 ep_ret=-227.794 opt_ret=-227.794 step_rew=-2.2779 opt_step=-2.2779 gap0=227.794 dret=+585.599 eval_ret=n/a pursuer_target_distance=1.286 capture=0.103 score=0.045 pol=-0.0008 val=0.0146 ent=0.9965 tot=+0.0017 agnorm=0.093 cgnorm=0.062 kl=0.0014 clipf=0.008 ev=+0.946 r0=1.0000 entcoef=4.82e-03 lr=3.0e-04 seed=0
iter= 360 step=1155200 ep_ret=-269.092 opt_ret=-269.092 step_rew=-2.6909 opt_step=-2.6909 gap0=269.092 dret=+544.301 eval_ret=-23.751 pursuer_target_distance=1.530 capture=0.084 score=0.033 pol=-0.0009 val=0.0186 ent=1.0240 tot=+0.0034 agnorm=0.080 cgnorm=0.076 kl=0.0012 clipf=0.011 ev=+0.929 r0=1.0000 entcoef=4.81e-03 lr=3.0e-04 seed=0
iter= 361 step=1158400 ep_ret=-328.791 opt_ret=-328.791 step_rew=-3.2879 opt_step=-3.2879 gap0=328.791 dret=+484.602 eval_ret=n/a pursuer_target_distance=1.620 capture=0.054 score=0.021 pol=-0.0007 val=0.0149 ent=0.9951 tot=+0.0020 agnorm=0.073 cgnorm=0.059 kl=0.0013 clipf=0.006 ev=+0.946 r0=1.0000 entcoef=4.79e-03 lr=3.0e-04 seed=0
iter= 362 step=1161600 ep_ret=-297.600 opt_ret=-297.600 step_rew=-2.9760 opt_step=-2.9760 gap0=297.600 dret=+515.793 eval_ret=n/a pursuer_target_distance=1.511 capture=0.058 score=0.023 pol=-0.0009 val=0.0129 ent=0.9725 tot=+0.0009 agnorm=0.127 cgnorm=0.064 kl=0.0012 clipf=0.008 ev=+0.952 r0=1.0000 entcoef=4.78e-03 lr=3.0e-04 seed=0
iter= 363 step=1164800 ep_ret=-251.819 opt_ret=-251.819 step_rew=-2.5182 opt_step=-2.5182 gap0=251.819 dret=+561.574 eval_ret=n/a pursuer_target_distance=1.126 capture=0.079 score=0.037 pol=-0.0009 val=0.0113 ent=0.9928 tot=+0.0000 agnorm=0.089 cgnorm=0.061 kl=0.0013 clipf=0.009 ev=+0.958 r0=1.0000 entcoef=4.76e-03 lr=3.0e-04 seed=0
iter= 364 step=1168000 ep_ret=-242.925 opt_ret=-242.925 step_rew=-2.4293 opt_step=-2.4293 gap0=242.925 dret=+570.468 eval_ret=n/a pursuer_target_distance=1.316 capture=0.073 score=0.032 pol=-0.0013 val=0.0148 ent=1.0130 tot=+0.0013 agnorm=0.096 cgnorm=0.067 kl=0.0025 clipf=0.022 ev=+0.926 r0=1.0000 entcoef=4.75e-03 lr=3.0e-04 seed=0
iter= 365 step=1171200 ep_ret=-231.903 opt_ret=-231.903 step_rew=-2.3190 opt_step=-2.3190 gap0=231.903 dret=+581.490 eval_ret=n/a pursuer_target_distance=1.231 capture=0.079 score=0.036 pol=-0.0009 val=0.0112 ent=1.0229 tot=-0.0001 agnorm=0.112 cgnorm=0.051 kl=0.0014 clipf=0.011 ev=+0.954 r0=1.0000 entcoef=4.74e-03 lr=3.0e-04 seed=0
iter= 366 step=1174400 ep_ret=-234.708 opt_ret=-234.708 step_rew=-2.3471 opt_step=-2.3471 gap0=234.708 dret=+578.684 eval_ret=n/a pursuer_target_distance=1.202 capture=0.079 score=0.036 pol=-0.0010 val=0.0126 ent=1.0093 tot=+0.0005 agnorm=0.092 cgnorm=0.066 kl=0.0019 clipf=0.014 ev=+0.943 r0=1.0000 entcoef=4.72e-03 lr=3.0e-04 seed=0
iter= 367 step=1177600 ep_ret=-314.180 opt_ret=-314.180 step_rew=-3.1418 opt_step=-3.1418 gap0=314.180 dret=+499.213 eval_ret=n/a pursuer_target_distance=1.503 capture=0.062 score=0.025 pol=-0.0005 val=0.0108 ent=1.0230 tot=+0.0001 agnorm=0.061 cgnorm=0.053 kl=0.0010 clipf=0.006 ev=+0.963 r0=1.0000 entcoef=4.71e-03 lr=2.9e-04 seed=0
iter= 368 step=1180800 ep_ret=-291.456 opt_ret=-291.456 step_rew=-2.9146 opt_step=-2.9146 gap0=291.456 dret=+521.937 eval_ret=n/a pursuer_target_distance=1.360 capture=0.072 score=0.030 pol=-0.0011 val=0.0138 ent=1.0147 tot=+0.0010 agnorm=0.105 cgnorm=0.065 kl=0.0016 clipf=0.012 ev=+0.942 r0=1.0000 entcoef=4.69e-03 lr=2.9e-04 seed=0
iter= 369 step=1184000 ep_ret=-265.589 opt_ret=-265.589 step_rew=-2.6559 opt_step=-2.6559 gap0=265.589 dret=+547.804 eval_ret=n/a pursuer_target_distance=1.236 capture=0.062 score=0.028 pol=-0.0012 val=0.0138 ent=1.0556 tot=+0.0007 agnorm=0.087 cgnorm=0.051 kl=0.0015 clipf=0.011 ev=+0.941 r0=1.0000 entcoef=4.68e-03 lr=2.9e-04 seed=0
iter= 370 step=1187200 ep_ret=-171.608 opt_ret=-171.608 step_rew=-1.7161 opt_step=-1.7161 gap0=171.608 dret=+641.785 eval_ret=n/a pursuer_target_distance=1.094 capture=0.124 score=0.059 pol=-0.0012 val=0.0144 ent=1.0240 tot=+0.0013 agnorm=0.129 cgnorm=0.067 kl=0.0024 clipf=0.019 ev=+0.943 r0=1.0000 entcoef=4.66e-03 lr=2.9e-04 seed=0
iter= 371 step=1190400 ep_ret=-218.798 opt_ret=-218.798 step_rew=-2.1880 opt_step=-2.1880 gap0=218.798 dret=+594.595 eval_ret=n/a pursuer_target_distance=1.387 capture=0.107 score=0.045 pol=-0.0011 val=0.0152 ent=1.0004 tot=+0.0019 agnorm=0.123 cgnorm=0.056 kl=0.0020 clipf=0.012 ev=+0.938 r0=1.0000 entcoef=4.65e-03 lr=2.9e-04 seed=0
iter= 372 step=1193600 ep_ret=-280.494 opt_ret=-280.494 step_rew=-2.8049 opt_step=-2.8049 gap0=280.494 dret=+532.899 eval_ret=n/a pursuer_target_distance=1.254 capture=0.096 score=0.042 pol=-0.0007 val=0.0161 ent=0.9659 tot=+0.0028 agnorm=0.096 cgnorm=0.082 kl=0.0010 clipf=0.006 ev=+0.950 r0=1.0000 entcoef=4.63e-03 lr=2.9e-04 seed=0
iter= 373 step=1196800 ep_ret=-235.119 opt_ret=-235.119 step_rew=-2.3512 opt_step=-2.3512 gap0=235.119 dret=+578.274 eval_ret=n/a pursuer_target_distance=1.160 capture=0.099 score=0.046 pol=-0.0011 val=0.0163 ent=1.0092 tot=+0.0024 agnorm=0.099 cgnorm=0.065 kl=0.0015 clipf=0.010 ev=+0.944 r0=1.0000 entcoef=4.62e-03 lr=2.9e-04 seed=0
iter= 374 step=1200000 ep_ret=-249.251 opt_ret=-249.251 step_rew=-2.4925 opt_step=-2.4925 gap0=249.251 dret=+564.142 eval_ret=n/a pursuer_target_distance=1.330 capture=0.073 score=0.031 pol=-0.0010 val=0.0137 ent=1.0034 tot=+0.0013 agnorm=0.121 cgnorm=0.052 kl=0.0017 clipf=0.015 ev=+0.953 r0=1.0000 entcoef=4.61e-03 lr=2.9e-04 seed=0
iter= 375 step=1203200 ep_ret=-226.613 opt_ret=-226.613 step_rew=-2.2661 opt_step=-2.2661 gap0=226.613 dret=+586.779 eval_ret=n/a pursuer_target_distance=1.332 capture=0.094 score=0.040 pol=-0.0010 val=0.0136 ent=1.0337 tot=+0.0011 agnorm=0.114 cgnorm=0.066 kl=0.0018 clipf=0.015 ev=+0.965 r0=1.0000 entcoef=4.59e-03 lr=2.9e-04 seed=0
iter= 376 step=1206400 ep_ret=-244.495 opt_ret=-244.495 step_rew=-2.4450 opt_step=-2.4450 gap0=244.495 dret=+568.898 eval_ret=n/a pursuer_target_distance=1.223 capture=0.077 score=0.035 pol=-0.0005 val=0.0107 ent=1.0142 tot=+0.0002 agnorm=0.175 cgnorm=0.053 kl=0.0008 clipf=0.005 ev=+0.960 r0=1.0000 entcoef=4.58e-03 lr=2.8e-04 seed=0
iter= 377 step=1209600 ep_ret=-226.273 opt_ret=-226.273 step_rew=-2.2627 opt_step=-2.2627 gap0=226.273 dret=+587.119 eval_ret=n/a pursuer_target_distance=1.274 capture=0.087 score=0.038 pol=-0.0011 val=0.0162 ent=1.0040 tot=+0.0024 agnorm=0.104 cgnorm=0.056 kl=0.0014 clipf=0.010 ev=+0.944 r0=1.0000 entcoef=4.56e-03 lr=2.8e-04 seed=0
iter= 378 step=1212800 ep_ret=-158.755 opt_ret=-158.755 step_rew=-1.5875 opt_step=-1.5875 gap0=158.755 dret=+654.638 eval_ret=n/a pursuer_target_distance=1.110 capture=0.121 score=0.057 pol=-0.0008 val=0.0137 ent=1.0282 tot=+0.0014 agnorm=0.081 cgnorm=0.065 kl=0.0011 clipf=0.005 ev=+0.955 r0=1.0000 entcoef=4.55e-03 lr=2.8e-04 seed=0
iter= 379 step=1216000 ep_ret=-256.079 opt_ret=-256.079 step_rew=-2.5608 opt_step=-2.5608 gap0=256.079 dret=+557.314 eval_ret=n/a pursuer_target_distance=1.280 capture=0.089 score=0.039 pol=-0.0010 val=0.0162 ent=1.0023 tot=+0.0025 agnorm=0.121 cgnorm=0.070 kl=0.0016 clipf=0.011 ev=+0.957 r0=1.0000 entcoef=4.53e-03 lr=2.8e-04 seed=0
iter= 380 step=1219200 ep_ret=-245.664 opt_ret=-245.664 step_rew=-2.4566 opt_step=-2.4566 gap0=245.664 dret=+567.729 eval_ret=-19.053 pursuer_target_distance=1.341 capture=0.085 score=0.036 pol=-0.0009 val=0.0146 ent=0.9781 tot=+0.0020 agnorm=0.083 cgnorm=0.069 kl=0.0012 clipf=0.006 ev=+0.946 r0=1.0000 entcoef=4.52e-03 lr=2.8e-04 seed=0
iter= 381 step=1222400 ep_ret=-169.362 opt_ret=-169.362 step_rew=-1.6936 opt_step=-1.6936 gap0=169.362 dret=+644.031 eval_ret=n/a pursuer_target_distance=1.193 capture=0.115 score=0.052 pol=-0.0009 val=0.0122 ent=1.0074 tot=+0.0006 agnorm=0.133 cgnorm=0.055 kl=0.0013 clipf=0.010 ev=+0.968 r0=1.0000 entcoef=4.50e-03 lr=2.8e-04 seed=0
iter= 382 step=1225600 ep_ret=-272.265 opt_ret=-272.265 step_rew=-2.7226 opt_step=-2.7226 gap0=272.265 dret=+541.128 eval_ret=n/a pursuer_target_distance=1.770 capture=0.088 score=0.032 pol=-0.0008 val=0.0148 ent=1.0189 tot=+0.0020 agnorm=0.085 cgnorm=0.058 kl=0.0011 clipf=0.005 ev=+0.958 r0=1.0000 entcoef=4.49e-03 lr=2.8e-04 seed=0
iter= 383 step=1228800 ep_ret=-208.489 opt_ret=-208.489 step_rew=-2.0849 opt_step=-2.0849 gap0=208.489 dret=+604.904 eval_ret=n/a pursuer_target_distance=1.129 capture=0.125 score=0.059 pol=-0.0013 val=0.0161 ent=0.9950 tot=+0.0023 agnorm=0.140 cgnorm=0.065 kl=0.0020 clipf=0.018 ev=+0.954 r0=1.0000 entcoef=4.48e-03 lr=2.8e-04 seed=0
iter= 384 step=1232000 ep_ret=-251.413 opt_ret=-251.413 step_rew=-2.5141 opt_step=-2.5141 gap0=251.413 dret=+561.979 eval_ret=n/a pursuer_target_distance=1.181 capture=0.091 score=0.042 pol=-0.0009 val=0.0140 ent=0.9676 tot=+0.0018 agnorm=0.135 cgnorm=0.073 kl=0.0015 clipf=0.011 ev=+0.960 r0=1.0000 entcoef=4.46e-03 lr=2.8e-04 seed=0
iter= 385 step=1235200 ep_ret=-145.376 opt_ret=-145.376 step_rew=-1.4538 opt_step=-1.4538 gap0=145.376 dret=+668.016 eval_ret=n/a pursuer_target_distance=1.053 capture=0.139 score=0.068 pol=-0.0010 val=0.0127 ent=0.9705 tot=+0.0010 agnorm=0.173 cgnorm=0.057 kl=0.0016 clipf=0.011 ev=+0.963 r0=1.0000 entcoef=4.45e-03 lr=2.7e-04 seed=0
iter= 386 step=1238400 ep_ret=-276.282 opt_ret=-276.282 step_rew=-2.7628 opt_step=-2.7628 gap0=276.282 dret=+537.111 eval_ret=n/a pursuer_target_distance=1.485 capture=0.086 score=0.035 pol=-0.0009 val=0.0128 ent=0.9307 tot=+0.0014 agnorm=0.176 cgnorm=0.056 kl=0.0012 clipf=0.008 ev=+0.964 r0=1.0000 entcoef=4.43e-03 lr=2.7e-04 seed=0
iter= 387 step=1241600 ep_ret=-308.657 opt_ret=-308.657 step_rew=-3.0866 opt_step=-3.0866 gap0=308.657 dret=+504.736 eval_ret=n/a pursuer_target_distance=1.582 capture=0.075 score=0.029 pol=-0.0009 val=0.0171 ent=0.9552 tot=+0.0035 agnorm=0.113 cgnorm=0.082 kl=0.0014 clipf=0.013 ev=+0.941 r0=1.0000 entcoef=4.42e-03 lr=2.7e-04 seed=0
iter= 388 step=1244800 ep_ret=-194.896 opt_ret=-194.896 step_rew=-1.9490 opt_step=-1.9490 gap0=194.896 dret=+618.497 eval_ret=n/a pursuer_target_distance=1.518 capture=0.139 score=0.055 pol=-0.0010 val=0.0180 ent=0.9662 tot=+0.0037 agnorm=0.129 cgnorm=0.080 kl=0.0012 clipf=0.009 ev=+0.960 r0=1.0000 entcoef=4.40e-03 lr=2.7e-04 seed=0
iter= 389 step=1248000 ep_ret=-264.156 opt_ret=-264.156 step_rew=-2.6416 opt_step=-2.6416 gap0=264.156 dret=+549.237 eval_ret=n/a pursuer_target_distance=1.771 capture=0.117 score=0.042 pol=-0.0009 val=0.0134 ent=0.9778 tot=+0.0015 agnorm=0.156 cgnorm=0.083 kl=0.0014 clipf=0.012 ev=+0.970 r0=1.0000 entcoef=4.39e-03 lr=2.7e-04 seed=0
iter= 390 step=1251200 ep_ret=-167.772 opt_ret=-167.772 step_rew=-1.6777 opt_step=-1.6777 gap0=167.772 dret=+645.621 eval_ret=n/a pursuer_target_distance=1.166 capture=0.119 score=0.055 pol=-0.0012 val=0.0123 ent=0.9885 tot=+0.0007 agnorm=0.122 cgnorm=0.059 kl=0.0023 clipf=0.017 ev=+0.967 r0=1.0000 entcoef=4.37e-03 lr=2.7e-04 seed=0
iter= 391 step=1254400 ep_ret=-298.043 opt_ret=-298.043 step_rew=-2.9804 opt_step=-2.9804 gap0=298.043 dret=+515.349 eval_ret=n/a pursuer_target_distance=1.704 capture=0.088 score=0.033 pol=-0.0005 val=0.0152 ent=0.9462 tot=+0.0030 agnorm=0.081 cgnorm=0.070 kl=0.0010 clipf=0.006 ev=+0.955 r0=1.0000 entcoef=4.36e-03 lr=2.7e-04 seed=0
iter= 392 step=1257600 ep_ret=-133.892 opt_ret=-133.892 step_rew=-1.3389 opt_step=-1.3389 gap0=133.892 dret=+679.500 eval_ret=n/a pursuer_target_distance=1.066 capture=0.149 score=0.072 pol=-0.0009 val=0.0144 ent=0.9781 tot=+0.0020 agnorm=0.107 cgnorm=0.070 kl=0.0019 clipf=0.015 ev=+0.961 r0=1.0000 entcoef=4.35e-03 lr=2.7e-04 seed=0
iter= 393 step=1260800 ep_ret=-195.798 opt_ret=-195.798 step_rew=-1.9580 opt_step=-1.9580 gap0=195.798 dret=+617.595 eval_ret=n/a pursuer_target_distance=0.954 capture=0.100 score=0.051 pol=-0.0008 val=0.0177 ent=1.0032 tot=+0.0037 agnorm=0.103 cgnorm=0.081 kl=0.0014 clipf=0.013 ev=+0.921 r0=1.0000 entcoef=4.33e-03 lr=2.7e-04 seed=0
iter= 394 step=1264000 ep_ret=-195.924 opt_ret=-195.924 step_rew=-1.9592 opt_step=-1.9592 gap0=195.924 dret=+617.469 eval_ret=n/a pursuer_target_distance=1.181 capture=0.139 score=0.064 pol=-0.0009 val=0.0168 ent=0.9931 tot=+0.0032 agnorm=0.116 cgnorm=0.078 kl=0.0019 clipf=0.013 ev=+0.968 r0=1.0000 entcoef=4.32e-03 lr=2.6e-04 seed=0
iter= 395 step=1267200 ep_ret=-289.863 opt_ret=-289.863 step_rew=-2.8986 opt_step=-2.8986 gap0=289.863 dret=+523.530 eval_ret=n/a pursuer_target_distance=1.405 capture=0.063 score=0.026 pol=-0.0010 val=0.0118 ent=0.9715 tot=+0.0007 agnorm=0.093 cgnorm=0.075 kl=0.0015 clipf=0.009 ev=+0.965 r0=1.0000 entcoef=4.30e-03 lr=2.6e-04 seed=0
iter= 396 step=1270400 ep_ret=-120.999 opt_ret=-120.999 step_rew=-1.2100 opt_step=-1.2100 gap0=120.999 dret=+692.394 eval_ret=n/a pursuer_target_distance=1.001 capture=0.146 score=0.073 pol=-0.0011 val=0.0146 ent=0.9742 tot=+0.0020 agnorm=0.117 cgnorm=0.073 kl=0.0018 clipf=0.014 ev=+0.960 r0=1.0000 entcoef=4.29e-03 lr=2.6e-04 seed=0
iter= 397 step=1273600 ep_ret=-244.070 opt_ret=-244.070 step_rew=-2.4407 opt_step=-2.4407 gap0=244.070 dret=+569.323 eval_ret=n/a pursuer_target_distance=1.397 capture=0.132 score=0.055 pol=-0.0008 val=0.0193 ent=0.9571 tot=+0.0047 agnorm=0.084 cgnorm=0.073 kl=0.0009 clipf=0.006 ev=+0.955 r0=1.0000 entcoef=4.27e-03 lr=2.6e-04 seed=0
iter= 398 step=1276800 ep_ret=-184.463 opt_ret=-184.463 step_rew=-1.8446 opt_step=-1.8446 gap0=184.463 dret=+628.930 eval_ret=n/a pursuer_target_distance=1.156 capture=0.122 score=0.057 pol=-0.0009 val=0.0124 ent=0.9389 tot=+0.0013 agnorm=0.146 cgnorm=0.067 kl=0.0011 clipf=0.007 ev=+0.961 r0=1.0000 entcoef=4.26e-03 lr=2.6e-04 seed=0
iter= 399 step=1280000 ep_ret=-166.388 opt_ret=-166.388 step_rew=-1.6639 opt_step=-1.6639 gap0=166.388 dret=+647.005 eval_ret=n/a pursuer_target_distance=1.093 capture=0.118 score=0.056 pol=-0.0011 val=0.0106 ent=0.9425 tot=+0.0002 agnorm=0.125 cgnorm=0.064 kl=0.0011 clipf=0.008 ev=+0.973 r0=1.0000 entcoef=4.25e-03 lr=2.6e-04 seed=0
iter= 400 step=1283200 ep_ret=-216.456 opt_ret=-216.456 step_rew=-2.1646 opt_step=-2.1646 gap0=216.456 dret=+596.937 eval_ret=-9.267 pursuer_target_distance=1.295 capture=0.128 score=0.056 pol=-0.0008 val=0.0146 ent=0.9359 tot=+0.0025 agnorm=0.184 cgnorm=0.066 kl=0.0011 clipf=0.008 ev=+0.964 r0=1.0000 entcoef=4.23e-03 lr=2.6e-04 seed=0
iter= 401 step=1286400 ep_ret=-242.364 opt_ret=-242.364 step_rew=-2.4236 opt_step=-2.4236 gap0=242.364 dret=+571.029 eval_ret=n/a pursuer_target_distance=1.263 capture=0.113 score=0.050 pol=-0.0008 val=0.0175 ent=0.9336 tot=+0.0040 agnorm=0.120 cgnorm=0.077 kl=0.0012 clipf=0.009 ev=+0.948 r0=1.0000 entcoef=4.22e-03 lr=2.6e-04 seed=0
iter= 402 step=1289600 ep_ret=-164.959 opt_ret=-164.959 step_rew=-1.6496 opt_step=-1.6496 gap0=164.959 dret=+648.434 eval_ret=n/a pursuer_target_distance=1.039 capture=0.126 score=0.062 pol=-0.0008 val=0.0171 ent=0.9475 tot=+0.0038 agnorm=0.097 cgnorm=0.077 kl=0.0013 clipf=0.010 ev=+0.952 r0=1.0000 entcoef=4.20e-03 lr=2.6e-04 seed=0
iter= 403 step=1292800 ep_ret=-184.476 opt_ret=-184.476 step_rew=-1.8448 opt_step=-1.8448 gap0=184.476 dret=+628.917 eval_ret=n/a pursuer_target_distance=1.039 capture=0.135 score=0.066 pol=-0.0009 val=0.0128 ent=0.9514 tot=+0.0015 agnorm=0.147 cgnorm=0.056 kl=0.0016 clipf=0.012 ev=+0.966 r0=1.0000 entcoef=4.19e-03 lr=2.5e-04 seed=0
iter= 404 step=1296000 ep_ret=-191.983 opt_ret=-191.983 step_rew=-1.9198 opt_step=-1.9198 gap0=191.983 dret=+621.410 eval_ret=n/a pursuer_target_distance=1.006 capture=0.121 score=0.060 pol=-0.0006 val=0.0163 ent=0.9430 tot=+0.0037 agnorm=0.052 cgnorm=0.087 kl=0.0009 clipf=0.003 ev=+0.945 r0=1.0000 entcoef=4.17e-03 lr=2.5e-04 seed=0
iter= 405 step=1299200 ep_ret=-184.577 opt_ret=-184.577 step_rew=-1.8458 opt_step=-1.8458 gap0=184.577 dret=+628.816 eval_ret=n/a pursuer_target_distance=1.291 capture=0.135 score=0.059 pol=-0.0012 val=0.0152 ent=0.9355 tot=+0.0025 agnorm=0.099 cgnorm=0.077 kl=0.0021 clipf=0.015 ev=+0.963 r0=1.0000 entcoef=4.16e-03 lr=2.5e-04 seed=0
iter= 406 step=1302400 ep_ret=-271.785 opt_ret=-271.785 step_rew=-2.7178 opt_step=-2.7178 gap0=271.785 dret=+541.608 eval_ret=n/a pursuer_target_distance=1.422 capture=0.095 score=0.039 pol=-0.0006 val=0.0128 ent=0.9156 tot=+0.0020 agnorm=0.098 cgnorm=0.060 kl=0.0007 clipf=0.003 ev=+0.964 r0=1.0000 entcoef=4.14e-03 lr=2.5e-04 seed=0
iter= 407 step=1305600 ep_ret=-151.913 opt_ret=-151.913 step_rew=-1.5191 opt_step=-1.5191 gap0=151.913 dret=+661.480 eval_ret=n/a pursuer_target_distance=1.044 capture=0.144 score=0.070 pol=-0.0007 val=0.0151 ent=0.9361 tot=+0.0030 agnorm=0.113 cgnorm=0.081 kl=0.0009 clipf=0.006 ev=+0.963 r0=1.0000 entcoef=4.13e-03 lr=2.5e-04 seed=0
iter= 408 step=1308800 ep_ret=-234.953 opt_ret=-234.953 step_rew=-2.3495 opt_step=-2.3495 gap0=234.953 dret=+578.440 eval_ret=n/a pursuer_target_distance=1.348 capture=0.098 score=0.042 pol=-0.0008 val=0.0152 ent=0.9758 tot=+0.0028 agnorm=0.071 cgnorm=0.067 kl=0.0009 clipf=0.004 ev=+0.956 r0=1.0000 entcoef=4.12e-03 lr=2.5e-04 seed=0
iter= 409 step=1312000 ep_ret=-200.550 opt_ret=-200.550 step_rew=-2.0055 opt_step=-2.0055 gap0=200.550 dret=+612.843 eval_ret=n/a pursuer_target_distance=1.124 capture=0.128 score=0.060 pol=-0.0009 val=0.0150 ent=0.9615 tot=+0.0027 agnorm=0.106 cgnorm=0.073 kl=0.0015 clipf=0.008 ev=+0.963 r0=1.0000 entcoef=4.10e-03 lr=2.5e-04 seed=0
iter= 410 step=1315200 ep_ret=-252.595 opt_ret=-252.595 step_rew=-2.5260 opt_step=-2.5260 gap0=252.595 dret=+560.798 eval_ret=n/a pursuer_target_distance=1.295 capture=0.113 score=0.049 pol=-0.0009 val=0.0156 ent=0.9109 tot=+0.0032 agnorm=0.208 cgnorm=0.086 kl=0.0020 clipf=0.015 ev=+0.960 r0=1.0000 entcoef=4.09e-03 lr=2.5e-04 seed=0
iter= 411 step=1318400 ep_ret=-154.306 opt_ret=-154.306 step_rew=-1.5431 opt_step=-1.5431 gap0=154.306 dret=+659.087 eval_ret=n/a pursuer_target_distance=1.277 capture=0.158 score=0.069 pol=-0.0008 val=0.0129 ent=0.9472 tot=+0.0018 agnorm=0.115 cgnorm=0.065 kl=0.0009 clipf=0.008 ev=+0.971 r0=1.0000 entcoef=4.07e-03 lr=2.5e-04 seed=0
iter= 412 step=1321600 ep_ret=-142.019 opt_ret=-142.019 step_rew=-1.4202 opt_step=-1.4202 gap0=142.019 dret=+671.374 eval_ret=n/a pursuer_target_distance=1.031 capture=0.171 score=0.084 pol=-0.0010 val=0.0126 ent=0.9275 tot=+0.0015 agnorm=0.173 cgnorm=0.072 kl=0.0017 clipf=0.013 ev=+0.965 r0=1.0000 entcoef=4.06e-03 lr=2.4e-04 seed=0
iter= 413 step=1324800 ep_ret=-250.362 opt_ret=-250.362 step_rew=-2.5036 opt_step=-2.5036 gap0=250.362 dret=+563.031 eval_ret=n/a pursuer_target_distance=1.201 capture=0.106 score=0.048 pol=-0.0011 val=0.0152 ent=0.9080 tot=+0.0028 agnorm=0.122 cgnorm=0.087 kl=0.0018 clipf=0.014 ev=+0.960 r0=1.0000 entcoef=4.04e-03 lr=2.4e-04 seed=0
iter= 414 step=1328000 ep_ret=-132.643 opt_ret=-132.643 step_rew=-1.3264 opt_step=-1.3264 gap0=132.643 dret=+680.750 eval_ret=n/a pursuer_target_distance=1.096 capture=0.170 score=0.081 pol=-0.0011 val=0.0141 ent=0.9135 tot=+0.0023 agnorm=0.147 cgnorm=0.080 kl=0.0017 clipf=0.014 ev=+0.967 r0=1.0000 entcoef=4.03e-03 lr=2.4e-04 seed=0
iter= 415 step=1331200 ep_ret=-133.221 opt_ret=-133.221 step_rew=-1.3322 opt_step=-1.3322 gap0=133.221 dret=+680.172 eval_ret=n/a pursuer_target_distance=0.984 capture=0.151 score=0.076 pol=-0.0009 val=0.0122 ent=0.9376 tot=+0.0014 agnorm=0.152 cgnorm=0.085 kl=0.0012 clipf=0.008 ev=+0.973 r0=1.0000 entcoef=4.01e-03 lr=2.4e-04 seed=0
iter= 416 step=1334400 ep_ret=-184.606 opt_ret=-184.606 step_rew=-1.8461 opt_step=-1.8461 gap0=184.606 dret=+628.787 eval_ret=n/a pursuer_target_distance=1.016 capture=0.115 score=0.057 pol=-0.0008 val=0.0154 ent=0.9247 tot=+0.0032 agnorm=0.109 cgnorm=0.085 kl=0.0013 clipf=0.008 ev=+0.944 r0=1.0000 entcoef=4.00e-03 lr=2.4e-04 seed=0
iter= 417 step=1337600 ep_ret=-101.038 opt_ret=-101.038 step_rew=-1.0104 opt_step=-1.0104 gap0=101.038 dret=+712.355 eval_ret=n/a pursuer_target_distance=0.962 capture=0.167 score=0.085 pol=-0.0009 val=0.0132 ent=0.9027 tot=+0.0021 agnorm=0.112 cgnorm=0.076 kl=0.0012 clipf=0.010 ev=+0.957 r0=1.0000 entcoef=3.99e-03 lr=2.4e-04 seed=0
iter= 418 step=1340800 ep_ret=-211.504 opt_ret=-211.504 step_rew=-2.1150 opt_step=-2.1150 gap0=211.504 dret=+601.889 eval_ret=n/a pursuer_target_distance=1.354 capture=0.121 score=0.051 pol=-0.0009 val=0.0160 ent=0.8936 tot=+0.0035 agnorm=0.094 cgnorm=0.077 kl=0.0017 clipf=0.015 ev=+0.963 r0=1.0000 entcoef=3.97e-03 lr=2.4e-04 seed=0
iter= 419 step=1344000 ep_ret=-160.609 opt_ret=-160.609 step_rew=-1.6061 opt_step=-1.6061 gap0=160.609 dret=+652.784 eval_ret=n/a pursuer_target_distance=1.286 capture=0.170 score=0.075 pol=-0.0006 val=0.0155 ent=0.8839 tot=+0.0036 agnorm=0.217 cgnorm=0.119 kl=0.0007 clipf=0.005 ev=+0.961 r0=1.0000 entcoef=3.96e-03 lr=2.4e-04 seed=0
iter= 420 step=1347200 ep_ret=-227.400 opt_ret=-227.400 step_rew=-2.2740 opt_step=-2.2740 gap0=227.400 dret=+585.993 eval_ret=-29.966 pursuer_target_distance=1.142 capture=0.108 score=0.050 pol=-0.0008 val=0.0117 ent=0.8899 tot=+0.0016 agnorm=0.144 cgnorm=0.094 kl=0.0013 clipf=0.010 ev=+0.966 r0=1.0000 entcoef=3.94e-03 lr=2.4e-04 seed=0
iter= 421 step=1350400 ep_ret=-175.885 opt_ret=-175.885 step_rew=-1.7589 opt_step=-1.7589 gap0=175.885 dret=+637.508 eval_ret=n/a pursuer_target_distance=1.139 capture=0.121 score=0.057 pol=-0.0007 val=0.0124 ent=0.8783 tot=+0.0020 agnorm=0.142 cgnorm=0.089 kl=0.0014 clipf=0.013 ev=+0.969 r0=1.0000 entcoef=3.93e-03 lr=2.3e-04 seed=0
iter= 422 step=1353600 ep_ret=-276.359 opt_ret=-276.359 step_rew=-2.7636 opt_step=-2.7636 gap0=276.359 dret=+537.034 eval_ret=n/a pursuer_target_distance=1.460 capture=0.107 score=0.043 pol=-0.0007 val=0.0128 ent=0.8568 tot=+0.0023 agnorm=0.183 cgnorm=0.072 kl=0.0010 clipf=0.007 ev=+0.969 r0=1.0000 entcoef=3.91e-03 lr=2.3e-04 seed=0
iter= 423 step=1356800 ep_ret=-130.694 opt_ret=-130.694 step_rew=-1.3069 opt_step=-1.3069 gap0=130.694 dret=+682.699 eval_ret=n/a pursuer_target_distance=1.023 capture=0.182 score=0.090 pol=-0.0011 val=0.0129 ent=0.8900 tot=+0.0019 agnorm=0.196 cgnorm=0.077 kl=0.0013 clipf=0.008 ev=+0.976 r0=1.0000 entcoef=3.90e-03 lr=2.3e-04 seed=0
iter= 424 step=1360000 ep_ret=-144.059 opt_ret=-144.059 step_rew=-1.4406 opt_step=-1.4406 gap0=144.059 dret=+669.333 eval_ret=n/a pursuer_target_distance=1.237 capture=0.147 score=0.066 pol=-0.0011 val=0.0139 ent=0.8790 tot=+0.0024 agnorm=0.170 cgnorm=0.087 kl=0.0015 clipf=0.011 ev=+0.963 r0=1.0000 entcoef=3.88e-03 lr=2.3e-04 seed=0
iter= 425 step=1363200 ep_ret=-122.446 opt_ret=-122.446 step_rew=-1.2245 opt_step=-1.2245 gap0=122.446 dret=+690.947 eval_ret=n/a pursuer_target_distance=1.038 capture=0.185 score=0.091 pol=-0.0011 val=0.0131 ent=0.8474 tot=+0.0022 agnorm=0.188 cgnorm=0.102 kl=0.0020 clipf=0.018 ev=+0.970 r0=1.0000 entcoef=3.87e-03 lr=2.3e-04 seed=0
iter= 426 step=1366400 ep_ret=-201.837 opt_ret=-201.837 step_rew=-2.0184 opt_step=-2.0184 gap0=201.837 dret=+611.556 eval_ret=n/a pursuer_target_distance=1.324 capture=0.128 score=0.055 pol=-0.0006 val=0.0141 ent=0.8229 tot=+0.0033 agnorm=0.197 cgnorm=0.073 kl=0.0008 clipf=0.004 ev=+0.964 r0=1.0000 entcoef=3.86e-03 lr=2.3e-04 seed=0
iter= 427 step=1369600 ep_ret=-171.146 opt_ret=-171.146 step_rew=-1.7115 opt_step=-1.7115 gap0=171.146 dret=+642.247 eval_ret=n/a pursuer_target_distance=1.305 capture=0.147 score=0.064 pol=-0.0006 val=0.0130 ent=0.8592 tot=+0.0026 agnorm=0.162 cgnorm=0.061 kl=0.0012 clipf=0.008 ev=+0.972 r0=1.0000 entcoef=3.84e-03 lr=2.3e-04 seed=0
iter= 428 step=1372800 ep_ret=-145.477 opt_ret=-145.477 step_rew=-1.4548 opt_step=-1.4548 gap0=145.477 dret=+667.916 eval_ret=n/a pursuer_target_distance=1.182 capture=0.172 score=0.079 pol=-0.0006 val=0.0159 ent=0.8443 tot=+0.0041 agnorm=0.141 cgnorm=0.089 kl=0.0009 clipf=0.007 ev=+0.956 r0=1.0000 entcoef=3.83e-03 lr=2.3e-04 seed=0
iter= 429 step=1376000 ep_ret=-131.050 opt_ret=-131.050 step_rew=-1.3105 opt_step=-1.3105 gap0=131.050 dret=+682.343 eval_ret=n/a pursuer_target_distance=1.358 capture=0.215 score=0.091 pol=-0.0008 val=0.0148 ent=0.8294 tot=+0.0034 agnorm=0.110 cgnorm=0.085 kl=0.0010 clipf=0.007 ev=+0.962 r0=1.0000 entcoef=3.81e-03 lr=2.3e-04 seed=0
iter= 430 step=1379200 ep_ret=-324.519 opt_ret=-324.519 step_rew=-3.2452 opt_step=-3.2452 gap0=324.519 dret=+488.874 eval_ret=n/a pursuer_target_distance=1.652 capture=0.071 score=0.027 pol=-0.0007 val=0.0119 ent=0.8141 tot=+0.0021 agnorm=0.101 cgnorm=0.083 kl=0.0014 clipf=0.007 ev=+0.968 r0=1.0000 entcoef=3.80e-03 lr=2.2e-04 seed=0
iter= 431 step=1382400 ep_ret=-162.099 opt_ret=-162.099 step_rew=-1.6210 opt_step=-1.6210 gap0=162.099 dret=+651.294 eval_ret=n/a pursuer_target_distance=0.921 capture=0.138 score=0.072 pol=-0.0012 val=0.0172 ent=0.8540 tot=+0.0042 agnorm=0.140 cgnorm=0.102 kl=0.0021 clipf=0.019 ev=+0.943 r0=1.0000 entcoef=3.78e-03 lr=2.2e-04 seed=0
iter= 432 step=1385600 ep_ret=-234.446 opt_ret=-234.446 step_rew=-2.3445 opt_step=-2.3445 gap0=234.446 dret=+578.947 eval_ret=n/a pursuer_target_distance=0.978 capture=0.081 score=0.041 pol=-0.0007 val=0.0104 ent=0.8657 tot=+0.0012 agnorm=0.142 cgnorm=0.083 kl=0.0012 clipf=0.010 ev=+0.965 r0=1.0000 entcoef=3.77e-03 lr=2.2e-04 seed=0
iter= 433 step=1388800 ep_ret=-115.681 opt_ret=-115.681 step_rew=-1.1568 opt_step=-1.1568 gap0=115.681 dret=+697.712 eval_ret=n/a pursuer_target_distance=1.037 capture=0.162 score=0.079 pol=-0.0012 val=0.0118 ent=0.8653 tot=+0.0015 agnorm=0.211 cgnorm=0.080 kl=0.0023 clipf=0.019 ev=+0.970 r0=1.0000 entcoef=3.75e-03 lr=2.2e-04 seed=0
iter= 434 step=1392000 ep_ret=-117.448 opt_ret=-117.448 step_rew=-1.1745 opt_step=-1.1745 gap0=117.448 dret=+695.945 eval_ret=n/a pursuer_target_distance=0.951 capture=0.157 score=0.081 pol=-0.0010 val=0.0118 ent=0.8825 tot=+0.0016 agnorm=0.182 cgnorm=0.070 kl=0.0017 clipf=0.013 ev=+0.960 r0=1.0000 entcoef=3.74e-03 lr=2.2e-04 seed=0
iter= 435 step=1395200 ep_ret=-172.198 opt_ret=-172.198 step_rew=-1.7220 opt_step=-1.7220 gap0=172.198 dret=+641.195 eval_ret=n/a pursuer_target_distance=1.305 capture=0.151 score=0.065 pol=-0.0007 val=0.0121 ent=0.8749 tot=+0.0021 agnorm=0.191 cgnorm=0.068 kl=0.0015 clipf=0.010 ev=+0.973 r0=1.0000 entcoef=3.73e-03 lr=2.2e-04 seed=0
iter= 436 step=1398400 ep_ret=-10.976 opt_ret=-10.976 step_rew=-0.1098 opt_step=-0.1098 gap0=10.976 dret=+802.417 eval_ret=n/a pursuer_target_distance=0.872 capture=0.244 score=0.130 pol=-0.0009 val=0.0153 ent=0.8331 tot=+0.0036 agnorm=0.154 cgnorm=0.081 kl=0.0011 clipf=0.008 ev=+0.955 r0=1.0000 entcoef=3.71e-03 lr=2.2e-04 seed=0
iter= 437 step=1401600 ep_ret=-149.175 opt_ret=-149.175 step_rew=-1.4917 opt_step=-1.4917 gap0=149.175 dret=+664.218 eval_ret=n/a pursuer_target_distance=1.024 capture=0.160 score=0.079 pol=-0.0009 val=0.0109 ent=0.8223 tot=+0.0015 agnorm=0.189 cgnorm=0.077 kl=0.0014 clipf=0.010 ev=+0.969 r0=1.0000 entcoef=3.70e-03 lr=2.2e-04 seed=0
iter= 438 step=1404800 ep_ret=-172.812 opt_ret=-172.812 step_rew=-1.7281 opt_step=-1.7281 gap0=172.812 dret=+640.580 eval_ret=n/a pursuer_target_distance=1.403 capture=0.155 score=0.065 pol=-0.0011 val=0.0115 ent=0.8364 tot=+0.0016 agnorm=0.193 cgnorm=0.075 kl=0.0021 clipf=0.016 ev=+0.976 r0=1.0000 entcoef=3.68e-03 lr=2.2e-04 seed=0
iter= 439 step=1408000 ep_ret=-211.777 opt_ret=-211.777 step_rew=-2.1178 opt_step=-2.1178 gap0=211.777 dret=+601.616 eval_ret=n/a pursuer_target_distance=1.287 capture=0.127 score=0.055 pol=-0.0009 val=0.0094 ent=0.8160 tot=+0.0008 agnorm=0.176 cgnorm=0.074 kl=0.0019 clipf=0.015 ev=+0.975 r0=1.0000 entcoef=3.67e-03 lr=2.1e-04 seed=0
iter= 440 step=1411200 ep_ret=-94.442 opt_ret=-94.442 step_rew=-0.9444 opt_step=-0.9444 gap0=94.442 dret=+718.951 eval_ret=-6.826 pursuer_target_distance=0.998 capture=0.183 score=0.092 pol=-0.0008 val=0.0145 ent=0.8386 tot=+0.0034 agnorm=0.230 cgnorm=0.081 kl=0.0013 clipf=0.011 ev=+0.962 r0=1.0000 entcoef=3.65e-03 lr=2.1e-04 seed=0
iter= 441 step=1414400 ep_ret=-148.019 opt_ret=-148.019 step_rew=-1.4802 opt_step=-1.4802 gap0=148.019 dret=+665.374 eval_ret=n/a pursuer_target_distance=0.983 capture=0.147 score=0.074 pol=-0.0008 val=0.0173 ent=0.8396 tot=+0.0048 agnorm=0.280 cgnorm=0.120 kl=0.0012 clipf=0.011 ev=+0.944 r0=1.0000 entcoef=3.64e-03 lr=2.1e-04 seed=0
iter= 442 step=1417600 ep_ret=-219.583 opt_ret=-219.583 step_rew=-2.1958 opt_step=-2.1958 gap0=219.583 dret=+593.810 eval_ret=n/a pursuer_target_distance=1.501 capture=0.138 score=0.055 pol=-0.0010 val=0.0114 ent=0.8202 tot=+0.0017 agnorm=0.231 cgnorm=0.067 kl=0.0020 clipf=0.013 ev=+0.975 r0=1.0000 entcoef=3.62e-03 lr=2.1e-04 seed=0
iter= 443 step=1420800 ep_ret=-193.362 opt_ret=-193.362 step_rew=-1.9336 opt_step=-1.9336 gap0=193.362 dret=+620.031 eval_ret=n/a pursuer_target_distance=1.095 capture=0.117 score=0.056 pol=-0.0009 val=0.0123 ent=0.8526 tot=+0.0021 agnorm=0.174 cgnorm=0.085 kl=0.0018 clipf=0.012 ev=+0.959 r0=1.0000 entcoef=3.61e-03 lr=2.1e-04 seed=0
iter= 444 step=1424000 ep_ret=-136.454 opt_ret=-136.454 step_rew=-1.3645 opt_step=-1.3645 gap0=136.454 dret=+676.939 eval_ret=n/a pursuer_target_distance=0.936 capture=0.138 score=0.071 pol=-0.0010 val=0.0157 ent=0.8547 tot=+0.0037 agnorm=0.199 cgnorm=0.076 kl=0.0018 clipf=0.013 ev=+0.951 r0=1.0000 entcoef=3.60e-03 lr=2.1e-04 seed=0
iter= 445 step=1427200 ep_ret=-221.735 opt_ret=-221.735 step_rew=-2.2173 opt_step=-2.2173 gap0=221.735 dret=+591.658 eval_ret=n/a pursuer_target_distance=1.212 capture=0.130 score=0.059 pol=-0.0004 val=0.0142 ent=0.8280 tot=+0.0037 agnorm=0.167 cgnorm=0.097 kl=0.0009 clipf=0.008 ev=+0.956 r0=1.0000 entcoef=3.58e-03 lr=2.1e-04 seed=0
iter= 446 step=1430400 ep_ret=-197.184 opt_ret=-197.184 step_rew=-1.9718 opt_step=-1.9718 gap0=197.184 dret=+616.209 eval_ret=n/a pursuer_target_distance=1.325 capture=0.141 score=0.061 pol=-0.0009 val=0.0138 ent=0.8308 tot=+0.0030 agnorm=0.156 cgnorm=0.087 kl=0.0017 clipf=0.013 ev=+0.962 r0=1.0000 entcoef=3.57e-03 lr=2.1e-04 seed=0
iter= 447 step=1433600 ep_ret=-231.007 opt_ret=-231.007 step_rew=-2.3101 opt_step=-2.3101 gap0=231.007 dret=+582.386 eval_ret=n/a pursuer_target_distance=1.366 capture=0.119 score=0.050 pol=-0.0007 val=0.0113 ent=0.8599 tot=+0.0019 agnorm=0.196 cgnorm=0.057 kl=0.0011 clipf=0.008 ev=+0.970 r0=1.0000 entcoef=3.55e-03 lr=2.1e-04 seed=0
iter= 448 step=1436800 ep_ret=-185.755 opt_ret=-185.755 step_rew=-1.8576 opt_step=-1.8576 gap0=185.755 dret=+627.638 eval_ret=n/a pursuer_target_distance=1.253 capture=0.148 score=0.066 pol=-0.0009 val=0.0109 ent=0.8522 tot=+0.0015 agnorm=0.207 cgnorm=0.063 kl=0.0016 clipf=0.014 ev=+0.975 r0=1.0000 entcoef=3.54e-03 lr=2.0e-04 seed=0
iter= 449 step=1440000 ep_ret=-114.799 opt_ret=-114.799 step_rew=-1.1480 opt_step=-1.1480 gap0=114.799 dret=+698.594 eval_ret=n/a pursuer_target_distance=0.926 capture=0.168 score=0.087 pol=-0.0009 val=0.0140 ent=0.8472 tot=+0.0031 agnorm=0.137 cgnorm=0.086 kl=0.0015 clipf=0.011 ev=+0.944 r0=1.0000 entcoef=3.52e-03 lr=2.0e-04 seed=0
iter= 450 step=1443200 ep_ret=-124.804 opt_ret=-124.804 step_rew=-1.2480 opt_step=-1.2480 gap0=124.804 dret=+688.589 eval_ret=n/a pursuer_target_distance=1.161 capture=0.199 score=0.092 pol=-0.0008 val=0.0133 ent=0.8622 tot=+0.0029 agnorm=0.122 cgnorm=0.066 kl=0.0012 clipf=0.008 ev=+0.971 r0=1.0000 entcoef=3.51e-03 lr=2.0e-04 seed=0
iter= 451 step=1446400 ep_ret=-145.816 opt_ret=-145.816 step_rew=-1.4582 opt_step=-1.4582 gap0=145.816 dret=+667.577 eval_ret=n/a pursuer_target_distance=1.064 capture=0.143 score=0.069 pol=-0.0007 val=0.0125 ent=0.8774 tot=+0.0024 agnorm=0.283 cgnorm=0.076 kl=0.0013 clipf=0.008 ev=+0.964 r0=1.0000 entcoef=3.50e-03 lr=2.0e-04 seed=0
iter= 452 step=1449600 ep_ret=-121.205 opt_ret=-121.205 step_rew=-1.2120 opt_step=-1.2120 gap0=121.205 dret=+692.188 eval_ret=n/a pursuer_target_distance=1.021 capture=0.141 score=0.070 pol=-0.0007 val=0.0095 ent=0.8848 tot=+0.0010 agnorm=0.283 cgnorm=0.081 kl=0.0012 clipf=0.009 ev=+0.970 r0=1.0000 entcoef=3.48e-03 lr=2.0e-04 seed=0
iter= 453 step=1452800 ep_ret=-122.981 opt_ret=-122.981 step_rew=-1.2298 opt_step=-1.2298 gap0=122.981 dret=+690.412 eval_ret=n/a pursuer_target_distance=0.860 capture=0.170 score=0.091 pol=-0.0009 val=0.0115 ent=0.8687 tot=+0.0019 agnorm=0.217 cgnorm=0.059 kl=0.0017 clipf=0.015 ev=+0.964 r0=1.0000 entcoef=3.47e-03 lr=2.0e-04 seed=0
iter= 454 step=1456000 ep_ret=-127.336 opt_ret=-127.336 step_rew=-1.2734 opt_step=-1.2734 gap0=127.336 dret=+686.057 eval_ret=n/a pursuer_target_distance=1.338 capture=0.182 score=0.078 pol=-0.0007 val=0.0110 ent=0.8598 tot=+0.0018 agnorm=0.142 cgnorm=0.078 kl=0.0014 clipf=0.007 ev=+0.973 r0=1.0000 entcoef=3.45e-03 lr=2.0e-04 seed=0
iter= 455 step=1459200 ep_ret=-197.980 opt_ret=-197.980 step_rew=-1.9798 opt_step=-1.9798 gap0=197.980 dret=+615.413 eval_ret=n/a pursuer_target_distance=1.290 capture=0.138 score=0.060 pol=-0.0009 val=0.0102 ent=0.8879 tot=+0.0011 agnorm=0.124 cgnorm=0.062 kl=0.0016 clipf=0.010 ev=+0.977 r0=1.0000 entcoef=3.44e-03 lr=2.0e-04 seed=0
iter= 456 step=1462400 ep_ret=-148.349 opt_ret=-148.349 step_rew=-1.4835 opt_step=-1.4835 gap0=148.349 dret=+665.044 eval_ret=n/a pursuer_target_distance=1.047 capture=0.147 score=0.072 pol=-0.0010 val=0.0110 ent=0.8602 tot=+0.0015 agnorm=0.196 cgnorm=0.073 kl=0.0015 clipf=0.008 ev=+0.969 r0=1.0000 entcoef=3.42e-03 lr=2.0e-04 seed=0
iter= 457 step=1465600 ep_ret=-70.737 opt_ret=-70.737 step_rew=-0.7074 opt_step=-0.7074 gap0=70.737 dret=+742.656 eval_ret=n/a pursuer_target_distance=1.045 capture=0.213 score=0.104 pol=-0.0010 val=0.0096 ent=0.8354 tot=+0.0009 agnorm=0.180 cgnorm=0.073 kl=0.0018 clipf=0.011 ev=+0.974 r0=1.0000 entcoef=3.41e-03 lr=1.9e-04 seed=0
iter= 458 step=1468800 ep_ret=-210.923 opt_ret=-210.923 step_rew=-2.1092 opt_step=-2.1092 gap0=210.923 dret=+602.470 eval_ret=n/a pursuer_target_distance=1.441 capture=0.144 score=0.059 pol=-0.0007 val=0.0137 ent=0.8290 tot=+0.0033 agnorm=0.108 cgnorm=0.065 kl=0.0012 clipf=0.007 ev=+0.964 r0=1.0000 entcoef=3.39e-03 lr=1.9e-04 seed=0
iter= 459 step=1472000 ep_ret=-162.831 opt_ret=-162.831 step_rew=-1.6283 opt_step=-1.6283 gap0=162.831 dret=+650.562 eval_ret=n/a pursuer_target_distance=1.274 capture=0.168 score=0.074 pol=-0.0009 val=0.0151 ent=0.8569 tot=+0.0038 agnorm=0.146 cgnorm=0.062 kl=0.0011 clipf=0.008 ev=+0.967 r0=1.0000 entcoef=3.38e-03 lr=1.9e-04 seed=0
iter= 460 step=1475200 ep_ret=-252.914 opt_ret=-252.914 step_rew=-2.5291 opt_step=-2.5291 gap0=252.914 dret=+560.479 eval_ret=-9.391 pursuer_target_distance=1.217 capture=0.100 score=0.045 pol=-0.0009 val=0.0116 ent=0.8557 tot=+0.0020 agnorm=0.156 cgnorm=0.052 kl=0.0019 clipf=0.013 ev=+0.968 r0=1.0000 entcoef=3.37e-03 lr=1.9e-04 seed=0
iter= 461 step=1478400 ep_ret=-59.556 opt_ret=-59.556 step_rew=-0.5956 opt_step=-0.5956 gap0=59.556 dret=+753.837 eval_ret=n/a pursuer_target_distance=0.967 capture=0.206 score=0.105 pol=-0.0012 val=0.0114 ent=0.8795 tot=+0.0015 agnorm=0.178 cgnorm=0.073 kl=0.0017 clipf=0.013 ev=+0.967 r0=1.0000 entcoef=3.35e-03 lr=1.9e-04 seed=0
iter= 462 step=1481600 ep_ret=-154.141 opt_ret=-154.141 step_rew=-1.5414 opt_step=-1.5414 gap0=154.141 dret=+659.252 eval_ret=n/a pursuer_target_distance=1.153 capture=0.153 score=0.071 pol=-0.0006 val=0.0112 ent=0.8422 tot=+0.0021 agnorm=0.141 cgnorm=0.071 kl=0.0013 clipf=0.012 ev=+0.967 r0=1.0000 entcoef=3.34e-03 lr=1.9e-04 seed=0
iter= 463 step=1484800 ep_ret=-156.045 opt_ret=-156.045 step_rew=-1.5604 opt_step=-1.5604 gap0=156.045 dret=+657.348 eval_ret=n/a pursuer_target_distance=0.978 capture=0.142 score=0.072 pol=-0.0010 val=0.0102 ent=0.8480 tot=+0.0013 agnorm=0.130 cgnorm=0.063 kl=0.0017 clipf=0.017 ev=+0.973 r0=1.0000 entcoef=3.32e-03 lr=1.9e-04 seed=0
iter= 464 step=1488000 ep_ret=-110.434 opt_ret=-110.434 step_rew=-1.1043 opt_step=-1.1043 gap0=110.434 dret=+702.959 eval_ret=n/a pursuer_target_distance=1.071 capture=0.158 score=0.076 pol=-0.0009 val=0.0109 ent=0.8432 tot=+0.0017 agnorm=0.160 cgnorm=0.062 kl=0.0024 clipf=0.016 ev=+0.969 r0=1.0000 entcoef=3.31e-03 lr=1.9e-04 seed=0
iter= 465 step=1491200 ep_ret=-132.644 opt_ret=-132.644 step_rew=-1.3264 opt_step=-1.3264 gap0=132.644 dret=+680.749 eval_ret=n/a pursuer_target_distance=1.265 capture=0.176 score=0.078 pol=-0.0008 val=0.0133 ent=0.8535 tot=+0.0030 agnorm=0.175 cgnorm=0.075 kl=0.0013 clipf=0.010 ev=+0.959 r0=1.0000 entcoef=3.29e-03 lr=1.9e-04 seed=0
iter= 466 step=1494400 ep_ret=-140.253 opt_ret=-140.253 step_rew=-1.4025 opt_step=-1.4025 gap0=140.253 dret=+673.140 eval_ret=n/a pursuer_target_distance=1.150 capture=0.185 score=0.086 pol=-0.0006 val=0.0106 ent=0.8404 tot=+0.0019 agnorm=0.134 cgnorm=0.057 kl=0.0012 clipf=0.007 ev=+0.976 r0=1.0000 entcoef=3.28e-03 lr=1.8e-04 seed=0
iter= 467 step=1497600 ep_ret=-115.052 opt_ret=-115.052 step_rew=-1.1505 opt_step=-1.1505 gap0=115.052 dret=+698.341 eval_ret=n/a pursuer_target_distance=1.139 capture=0.201 score=0.094 pol=-0.0010 val=0.0124 ent=0.8215 tot=+0.0025 agnorm=0.137 cgnorm=0.078 kl=0.0015 clipf=0.011 ev=+0.957 r0=1.0000 entcoef=3.26e-03 lr=1.8e-04 seed=0
iter= 468 step=1500800 ep_ret=-134.981 opt_ret=-134.981 step_rew=-1.3498 opt_step=-1.3498 gap0=134.981 dret=+678.412 eval_ret=n/a pursuer_target_distance=1.310 capture=0.171 score=0.074 pol=-0.0007 val=0.0118 ent=0.8542 tot=+0.0024 agnorm=0.084 cgnorm=0.090 kl=0.0011 clipf=0.006 ev=+0.962 r0=1.0000 entcoef=3.25e-03 lr=1.8e-04 seed=0
iter= 469 step=1504000 ep_ret=-63.172 opt_ret=-63.172 step_rew=-0.6317 opt_step=-0.6317 gap0=63.172 dret=+750.221 eval_ret=n/a pursuer_target_distance=0.906 capture=0.208 score=0.109 pol=-0.0011 val=0.0105 ent=0.8506 tot=+0.0014 agnorm=0.184 cgnorm=0.066 kl=0.0014 clipf=0.009 ev=+0.966 r0=1.0000 entcoef=3.24e-03 lr=1.8e-04 seed=0
iter= 470 step=1507200 ep_ret=-94.493 opt_ret=-94.493 step_rew=-0.9449 opt_step=-0.9449 gap0=94.493 dret=+718.900 eval_ret=n/a pursuer_target_distance=0.988 capture=0.207 score=0.104 pol=-0.0010 val=0.0128 ent=0.8468 tot=+0.0026 agnorm=0.175 cgnorm=0.069 kl=0.0014 clipf=0.011 ev=+0.965 r0=1.0000 entcoef=3.22e-03 lr=1.8e-04 seed=0
iter= 471 step=1510400 ep_ret=-23.673 opt_ret=-23.673 step_rew=-0.2367 opt_step=-0.2367 gap0=23.673 dret=+789.720 eval_ret=n/a pursuer_target_distance=0.770 capture=0.205 score=0.116 pol=-0.0007 val=0.0137 ent=0.8720 tot=+0.0034 agnorm=0.184 cgnorm=0.087 kl=0.0013 clipf=0.013 ev=+0.951 r0=1.0000 entcoef=3.21e-03 lr=1.8e-04 seed=0
iter= 472 step=1513600 ep_ret=-207.183 opt_ret=-207.183 step_rew=-2.0718 opt_step=-2.0718 gap0=207.183 dret=+606.210 eval_ret=n/a pursuer_target_distance=0.994 capture=0.115 score=0.058 pol=-0.0010 val=0.0102 ent=0.8414 tot=+0.0014 agnorm=0.203 cgnorm=0.079 kl=0.0015 clipf=0.012 ev=+0.969 r0=1.0000 entcoef=3.19e-03 lr=1.8e-04 seed=0
iter= 473 step=1516800 ep_ret=-66.345 opt_ret=-66.345 step_rew=-0.6634 opt_step=-0.6634 gap0=66.345 dret=+747.048 eval_ret=n/a pursuer_target_distance=1.135 capture=0.222 score=0.104 pol=-0.0005 val=0.0102 ent=0.8562 tot=+0.0019 agnorm=0.111 cgnorm=0.065 kl=0.0007 clipf=0.004 ev=+0.972 r0=1.0000 entcoef=3.18e-03 lr=1.8e-04 seed=0
iter= 474 step=1520000 ep_ret=-173.603 opt_ret=-173.603 step_rew=-1.7360 opt_step=-1.7360 gap0=173.603 dret=+639.790 eval_ret=n/a pursuer_target_distance=1.068 capture=0.139 score=0.067 pol=-0.0007 val=0.0119 ent=0.8314 tot=+0.0026 agnorm=0.148 cgnorm=0.077 kl=0.0011 clipf=0.009 ev=+0.961 r0=1.0000 entcoef=3.16e-03 lr=1.8e-04 seed=0
iter= 475 step=1523200 ep_ret=-135.255 opt_ret=-135.255 step_rew=-1.3525 opt_step=-1.3525 gap0=135.255 dret=+678.138 eval_ret=n/a pursuer_target_distance=1.139 capture=0.151 score=0.071 pol=-0.0006 val=0.0100 ent=0.8624 tot=+0.0016 agnorm=0.148 cgnorm=0.063 kl=0.0013 clipf=0.010 ev=+0.971 r0=1.0000 entcoef=3.15e-03 lr=1.7e-04 seed=0
iter= 476 step=1526400 ep_ret=-195.906 opt_ret=-195.906 step_rew=-1.9591 opt_step=-1.9591 gap0=195.906 dret=+617.487 eval_ret=n/a pursuer_target_distance=1.443 capture=0.139 score=0.057 pol=-0.0006 val=0.0126 ent=0.8527 tot=+0.0030 agnorm=0.130 cgnorm=0.077 kl=0.0011 clipf=0.006 ev=+0.965 r0=1.0000 entcoef=3.13e-03 lr=1.7e-04 seed=0
iter= 477 step=1529600 ep_ret=-183.103 opt_ret=-183.103 step_rew=-1.8310 opt_step=-1.8310 gap0=183.103 dret=+630.290 eval_ret=n/a pursuer_target_distance=1.091 capture=0.132 score=0.063 pol=-0.0008 val=0.0102 ent=0.8712 tot=+0.0016 agnorm=0.173 cgnorm=0.068 kl=0.0013 clipf=0.011 ev=+0.967 r0=1.0000 entcoef=3.12e-03 lr=1.7e-04 seed=0
iter= 478 step=1532800 ep_ret=-238.987 opt_ret=-238.987 step_rew=-2.3899 opt_step=-2.3899 gap0=238.987 dret=+574.406 eval_ret=n/a pursuer_target_distance=1.511 capture=0.107 score=0.043 pol=-0.0008 val=0.0093 ent=0.8629 tot=+0.0011 agnorm=0.140 cgnorm=0.050 kl=0.0018 clipf=0.020 ev=+0.974 r0=1.0000 entcoef=3.11e-03 lr=1.7e-04 seed=0
iter= 479 step=1536000 ep_ret=-84.091 opt_ret=-84.091 step_rew=-0.8409 opt_step=-0.8409 gap0=84.091 dret=+729.302 eval_ret=n/a pursuer_target_distance=1.013 capture=0.198 score=0.099 pol=-0.0005 val=0.0107 ent=0.8243 tot=+0.0023 agnorm=0.215 cgnorm=0.062 kl=0.0013 clipf=0.010 ev=+0.961 r0=1.0000 entcoef=3.09e-03 lr=1.7e-04 seed=0
iter= 480 step=1539200 ep_ret=-80.166 opt_ret=-80.166 step_rew=-0.8017 opt_step=-0.8017 gap0=80.166 dret=+733.227 eval_ret=-5.732 pursuer_target_distance=1.005 capture=0.199 score=0.099 pol=-0.0007 val=0.0105 ent=0.8706 tot=+0.0019 agnorm=0.111 cgnorm=0.061 kl=0.0013 clipf=0.009 ev=+0.964 r0=1.0000 entcoef=3.08e-03 lr=1.7e-04 seed=0
iter= 481 step=1542400 ep_ret=-146.173 opt_ret=-146.173 step_rew=-1.4617 opt_step=-1.4617 gap0=146.173 dret=+667.219 eval_ret=n/a pursuer_target_distance=1.046 capture=0.168 score=0.082 pol=-0.0007 val=0.0115 ent=0.8407 tot=+0.0025 agnorm=0.108 cgnorm=0.080 kl=0.0010 clipf=0.007 ev=+0.966 r0=1.0000 entcoef=3.06e-03 lr=1.7e-04 seed=0
iter= 482 step=1545600 ep_ret=-227.629 opt_ret=-227.629 step_rew=-2.2763 opt_step=-2.2763 gap0=227.629 dret=+585.764 eval_ret=n/a pursuer_target_distance=1.630 capture=0.152 score=0.058 pol=-0.0007 val=0.0129 ent=0.8431 tot=+0.0032 agnorm=0.200 cgnorm=0.085 kl=0.0010 clipf=0.006 ev=+0.964 r0=1.0000 entcoef=3.05e-03 lr=1.7e-04 seed=0
iter= 483 step=1548800 ep_ret=-178.243 opt_ret=-178.243 step_rew=-1.7824 opt_step=-1.7824 gap0=178.243 dret=+635.150 eval_ret=n/a pursuer_target_distance=1.067 capture=0.144 score=0.070 pol=-0.0006 val=0.0132 ent=0.8519 tot=+0.0034 agnorm=0.094 cgnorm=0.068 kl=0.0008 clipf=0.007 ev=+0.945 r0=1.0000 entcoef=3.03e-03 lr=1.7e-04 seed=0
iter= 484 step=1552000 ep_ret=-193.335 opt_ret=-193.335 step_rew=-1.9333 opt_step=-1.9333 gap0=193.335 dret=+620.058 eval_ret=n/a pursuer_target_distance=1.433 capture=0.127 score=0.052 pol=-0.0009 val=0.0078 ent=0.8735 tot=+0.0003 agnorm=0.136 cgnorm=0.052 kl=0.0009 clipf=0.006 ev=+0.976 r0=1.0000 entcoef=3.02e-03 lr=1.6e-04 seed=0
iter= 485 step=1555200 ep_ret=-181.344 opt_ret=-181.344 step_rew=-1.8134 opt_step=-1.8134 gap0=181.344 dret=+632.049 eval_ret=n/a pursuer_target_distance=1.023 capture=0.131 score=0.065 pol=-0.0006 val=0.0096 ent=0.8696 tot=+0.0016 agnorm=0.152 cgnorm=0.063 kl=0.0013 clipf=0.008 ev=+0.959 r0=1.0000 entcoef=3.00e-03 lr=1.6e-04 seed=0
iter= 486 step=1558400 ep_ret=-133.299 opt_ret=-133.299 step_rew=-1.3330 opt_step=-1.3330 gap0=133.299 dret=+680.094 eval_ret=n/a pursuer_target_distance=1.099 capture=0.168 score=0.080 pol=-0.0007 val=0.0109 ent=0.8720 tot=+0.0021 agnorm=0.107 cgnorm=0.068 kl=0.0009 clipf=0.005 ev=+0.962 r0=1.0000 entcoef=2.99e-03 lr=1.6e-04 seed=0
iter= 487 step=1561600 ep_ret=-151.336 opt_ret=-151.336 step_rew=-1.5134 opt_step=-1.5134 gap0=151.336 dret=+662.057 eval_ret=n/a pursuer_target_distance=0.962 capture=0.150 score=0.076 pol=-0.0006 val=0.0109 ent=0.8387 tot=+0.0023 agnorm=0.133 cgnorm=0.075 kl=0.0009 clipf=0.007 ev=+0.956 r0=1.0000 entcoef=2.98e-03 lr=1.6e-04 seed=0
iter= 488 step=1564800 ep_ret=-186.179 opt_ret=-186.179 step_rew=-1.8618 opt_step=-1.8618 gap0=186.179 dret=+627.214 eval_ret=n/a pursuer_target_distance=1.160 capture=0.123 score=0.057 pol=-0.0008 val=0.0100 ent=0.8580 tot=+0.0017 agnorm=0.176 cgnorm=0.066 kl=0.0013 clipf=0.010 ev=+0.961 r0=1.0000 entcoef=2.96e-03 lr=1.6e-04 seed=0
iter= 489 step=1568000 ep_ret=-211.099 opt_ret=-211.099 step_rew=-2.1110 opt_step=-2.1110 gap0=211.099 dret=+602.294 eval_ret=n/a pursuer_target_distance=1.682 capture=0.175 score=0.065 pol=-0.0008 val=0.0097 ent=0.8307 tot=+0.0016 agnorm=0.141 cgnorm=0.065 kl=0.0011 clipf=0.009 ev=+0.975 r0=1.0000 entcoef=2.95e-03 lr=1.6e-04 seed=0
iter= 490 step=1571200 ep_ret=-246.628 opt_ret=-246.628 step_rew=-2.4663 opt_step=-2.4663 gap0=246.628 dret=+566.765 eval_ret=n/a pursuer_target_distance=1.315 capture=0.121 score=0.052 pol=-0.0011 val=0.0098 ent=0.8059 tot=+0.0015 agnorm=0.153 cgnorm=0.061 kl=0.0020 clipf=0.021 ev=+0.968 r0=1.0000 entcoef=2.93e-03 lr=1.6e-04 seed=0
iter= 491 step=1574400 ep_ret=-30.133 opt_ret=-30.133 step_rew=-0.3013 opt_step=-0.3013 gap0=30.133 dret=+783.260 eval_ret=n/a pursuer_target_distance=0.931 capture=0.228 score=0.118 pol=-0.0009 val=0.0092 ent=0.8521 tot=+0.0012 agnorm=0.202 cgnorm=0.058 kl=0.0017 clipf=0.013 ev=+0.970 r0=1.0000 entcoef=2.92e-03 lr=1.6e-04 seed=0
iter= 492 step=1577600 ep_ret=-163.398 opt_ret=-163.398 step_rew=-1.6340 opt_step=-1.6340 gap0=163.398 dret=+649.995 eval_ret=n/a pursuer_target_distance=1.014 capture=0.161 score=0.080 pol=-0.0005 val=0.0119 ent=0.8087 tot=+0.0031 agnorm=0.181 cgnorm=0.073 kl=0.0010 clipf=0.005 ev=+0.954 r0=1.0000 entcoef=2.90e-03 lr=1.6e-04 seed=0
iter= 493 step=1580800 ep_ret=-147.507 opt_ret=-147.507 step_rew=-1.4751 opt_step=-1.4751 gap0=147.507 dret=+665.886 eval_ret=n/a pursuer_target_distance=1.020 capture=0.157 score=0.078 pol=-0.0006 val=0.0098 ent=0.8448 tot=+0.0019 agnorm=0.234 cgnorm=0.076 kl=0.0010 clipf=0.007 ev=+0.960 r0=1.0000 entcoef=2.89e-03 lr=1.5e-04 seed=0
iter= 494 step=1584000 ep_ret=-98.038 opt_ret=-98.038 step_rew=-0.9804 opt_step=-0.9804 gap0=98.038 dret=+715.355 eval_ret=n/a pursuer_target_distance=0.882 capture=0.173 score=0.092 pol=-0.0005 val=0.0085 ent=0.8552 tot=+0.0014 agnorm=0.134 cgnorm=0.063 kl=0.0009 clipf=0.008 ev=+0.974 r0=1.0000 entcoef=2.87e-03 lr=1.5e-04 seed=0
iter= 495 step=1587200 ep_ret=-104.016 opt_ret=-104.016 step_rew=-1.0402 opt_step=-1.0402 gap0=104.016 dret=+709.377 eval_ret=n/a pursuer_target_distance=0.967 capture=0.197 score=0.100 pol=-0.0004 val=0.0092 ent=0.8501 tot=+0.0018 agnorm=0.093 cgnorm=0.063 kl=0.0006 clipf=0.003 ev=+0.966 r0=1.0000 entcoef=2.86e-03 lr=1.5e-04 seed=0
iter= 496 step=1590400 ep_ret=-147.619 opt_ret=-147.619 step_rew=-1.4762 opt_step=-1.4762 gap0=147.619 dret=+665.774 eval_ret=n/a pursuer_target_distance=1.158 capture=0.161 score=0.074 pol=-0.0004 val=0.0081 ent=0.8423 tot=+0.0012 agnorm=0.126 cgnorm=0.054 kl=0.0007 clipf=0.005 ev=+0.972 r0=1.0000 entcoef=2.85e-03 lr=1.5e-04 seed=0
iter= 497 step=1593600 ep_ret=-40.965 opt_ret=-40.965 step_rew=-0.4097 opt_step=-0.4097 gap0=40.965 dret=+772.428 eval_ret=n/a pursuer_target_distance=0.865 capture=0.219 score=0.117 pol=-0.0008 val=0.0101 ent=0.8814 tot=+0.0018 agnorm=0.130 cgnorm=0.052 kl=0.0011 clipf=0.009 ev=+0.967 r0=1.0000 entcoef=2.83e-03 lr=1.5e-04 seed=0
iter= 498 step=1596800 ep_ret=-165.092 opt_ret=-165.092 step_rew=-1.6509 opt_step=-1.6509 gap0=165.092 dret=+648.301 eval_ret=n/a pursuer_target_distance=1.134 capture=0.161 score=0.075 pol=-0.0007 val=0.0097 ent=0.8535 tot=+0.0017 agnorm=0.085 cgnorm=0.057 kl=0.0016 clipf=0.009 ev=+0.969 r0=1.0000 entcoef=2.82e-03 lr=1.5e-04 seed=0
iter= 499 step=1600000 ep_ret=-65.692 opt_ret=-65.692 step_rew=-0.6569 opt_step=-0.6569 gap0=65.692 dret=+747.701 eval_ret=n/a pursuer_target_distance=0.984 capture=0.198 score=0.100 pol=-0.0010 val=0.0095 ent=0.8543 tot=+0.0014 agnorm=0.169 cgnorm=0.067 kl=0.0018 clipf=0.015 ev=+0.968 r0=1.0000 entcoef=2.80e-03 lr=1.5e-04 seed=0
iter= 500 step=1603200 ep_ret=-149.218 opt_ret=-149.218 step_rew=-1.4922 opt_step=-1.4922 gap0=149.218 dret=+664.175 eval_ret=-9.778 pursuer_target_distance=1.202 capture=0.174 score=0.079 pol=-0.0005 val=0.0096 ent=0.8195 tot=+0.0020 agnorm=0.137 cgnorm=0.058 kl=0.0009 clipf=0.004 ev=+0.968 r0=1.0000 entcoef=2.79e-03 lr=1.5e-04 seed=0
iter= 501 step=1606400 ep_ret=-219.597 opt_ret=-219.597 step_rew=-2.1960 opt_step=-2.1960 gap0=219.597 dret=+593.796 eval_ret=n/a pursuer_target_distance=1.340 capture=0.119 score=0.051 pol=-0.0008 val=0.0097 ent=0.8103 tot=+0.0018 agnorm=0.172 cgnorm=0.068 kl=0.0012 clipf=0.007 ev=+0.961 r0=1.0000 entcoef=2.77e-03 lr=1.5e-04 seed=0
iter= 502 step=1609600 ep_ret=-124.352 opt_ret=-124.352 step_rew=-1.2435 opt_step=-1.2435 gap0=124.352 dret=+689.041 eval_ret=n/a pursuer_target_distance=1.073 capture=0.172 score=0.083 pol=-0.0010 val=0.0065 ent=0.8371 tot=-0.0000 agnorm=0.124 cgnorm=0.043 kl=0.0016 clipf=0.011 ev=+0.981 r0=1.0000 entcoef=2.76e-03 lr=1.4e-04 seed=0
iter= 503 step=1612800 ep_ret=-63.019 opt_ret=-63.019 step_rew=-0.6302 opt_step=-0.6302 gap0=63.019 dret=+750.374 eval_ret=n/a pursuer_target_distance=1.035 capture=0.240 score=0.118 pol=-0.0007 val=0.0123 ent=0.7941 tot=+0.0032 agnorm=0.111 cgnorm=0.090 kl=0.0015 clipf=0.009 ev=+0.963 r0=1.0000 entcoef=2.75e-03 lr=1.4e-04 seed=0
iter= 504 step=1616000 ep_ret=+4.275 opt_ret=+4.275 step_rew=0.0428 opt_step=0.0428 gap0=0.000 dret=+817.668 eval_ret=n/a pursuer_target_distance=0.785 capture=0.255 score=0.143 pol=-0.0007 val=0.0098 ent=0.7995 tot=+0.0020 agnorm=0.201 cgnorm=0.062 kl=0.0015 clipf=0.012 ev=+0.957 r0=1.0000 entcoef=2.73e-03 lr=1.4e-04 seed=0
iter= 505 step=1619200 ep_ret=-163.975 opt_ret=-163.975 step_rew=-1.6398 opt_step=-1.6398 gap0=163.975 dret=+649.418 eval_ret=n/a pursuer_target_distance=1.016 capture=0.157 score=0.078 pol=-0.0007 val=0.0093 ent=0.8095 tot=+0.0018 agnorm=0.177 cgnorm=0.077 kl=0.0010 clipf=0.009 ev=+0.969 r0=1.0000 entcoef=2.72e-03 lr=1.4e-04 seed=0
iter= 506 step=1622400 ep_ret=-100.855 opt_ret=-100.855 step_rew=-1.0086 opt_step=-1.0086 gap0=100.855 dret=+712.538 eval_ret=n/a pursuer_target_distance=1.342 capture=0.210 score=0.090 pol=-0.0005 val=0.0091 ent=0.8060 tot=+0.0019 agnorm=0.117 cgnorm=0.063 kl=0.0007 clipf=0.004 ev=+0.971 r0=1.0000 entcoef=2.70e-03 lr=1.4e-04 seed=0
iter= 507 step=1625600 ep_ret=-153.617 opt_ret=-153.617 step_rew=-1.5362 opt_step=-1.5362 gap0=153.617 dret=+659.776 eval_ret=n/a pursuer_target_distance=0.938 capture=0.179 score=0.092 pol=-0.0006 val=0.0096 ent=0.8187 tot=+0.0020 agnorm=0.137 cgnorm=0.056 kl=0.0009 clipf=0.008 ev=+0.967 r0=1.0000 entcoef=2.69e-03 lr=1.4e-04 seed=0
iter= 508 step=1628800 ep_ret=-163.604 opt_ret=-163.604 step_rew=-1.6360 opt_step=-1.6360 gap0=163.604 dret=+649.789 eval_ret=n/a pursuer_target_distance=1.186 capture=0.156 score=0.071 pol=-0.0008 val=0.0092 ent=0.8135 tot=+0.0016 agnorm=0.148 cgnorm=0.064 kl=0.0013 clipf=0.008 ev=+0.971 r0=1.0000 entcoef=2.67e-03 lr=1.4e-04 seed=0
iter= 509 step=1632000 ep_ret=-69.174 opt_ret=-69.174 step_rew=-0.6917 opt_step=-0.6917 gap0=69.174 dret=+744.219 eval_ret=n/a pursuer_target_distance=0.946 capture=0.220 score=0.113 pol=-0.0009 val=0.0093 ent=0.8413 tot=+0.0015 agnorm=0.159 cgnorm=0.069 kl=0.0016 clipf=0.009 ev=+0.967 r0=1.0000 entcoef=2.66e-03 lr=1.4e-04 seed=0
iter= 510 step=1635200 ep_ret=-56.470 opt_ret=-56.470 step_rew=-0.5647 opt_step=-0.5647 gap0=56.470 dret=+756.923 eval_ret=n/a pursuer_target_distance=0.956 capture=0.208 score=0.107 pol=-0.0008 val=0.0104 ent=0.7908 tot=+0.0023 agnorm=0.202 cgnorm=0.062 kl=0.0020 clipf=0.019 ev=+0.953 r0=1.0000 entcoef=2.64e-03 lr=1.4e-04 seed=0
iter= 511 step=1638400 ep_ret=-99.432 opt_ret=-99.432 step_rew=-0.9943 opt_step=-0.9943 gap0=99.432 dret=+713.960 eval_ret=n/a pursuer_target_distance=0.931 capture=0.172 score=0.089 pol=-0.0004 val=0.0073 ent=0.8252 tot=+0.0011 agnorm=0.130 cgnorm=0.047 kl=0.0010 clipf=0.005 ev=+0.970 r0=1.0000 entcoef=2.63e-03 lr=1.3e-04 seed=0
iter= 512 step=1641600 ep_ret=-53.254 opt_ret=-53.254 step_rew=-0.5325 opt_step=-0.5325 gap0=53.254 dret=+760.139 eval_ret=n/a pursuer_target_distance=0.963 capture=0.233 score=0.119 pol=-0.0008 val=0.0080 ent=0.8041 tot=+0.0011 agnorm=0.134 cgnorm=0.051 kl=0.0010 clipf=0.007 ev=+0.972 r0=1.0000 entcoef=2.62e-03 lr=1.3e-04 seed=0
iter= 513 step=1644800 ep_ret=-151.959 opt_ret=-151.959 step_rew=-1.5196 opt_step=-1.5196 gap0=151.959 dret=+661.434 eval_ret=n/a pursuer_target_distance=1.142 capture=0.161 score=0.075 pol=-0.0005 val=0.0079 ent=0.7824 tot=+0.0014 agnorm=0.259 cgnorm=0.079 kl=0.0007 clipf=0.005 ev=+0.969 r0=1.0000 entcoef=2.60e-03 lr=1.3e-04 seed=0
iter= 514 step=1648000 ep_ret=-148.101 opt_ret=-148.101 step_rew=-1.4810 opt_step=-1.4810 gap0=148.101 dret=+665.292 eval_ret=n/a pursuer_target_distance=0.991 capture=0.186 score=0.093 pol=-0.0006 val=0.0097 ent=0.7871 tot=+0.0021 agnorm=0.184 cgnorm=0.061 kl=0.0010 clipf=0.005 ev=+0.966 r0=1.0000 entcoef=2.59e-03 lr=1.3e-04 seed=0
iter= 515 step=1651200 ep_ret=-64.236 opt_ret=-64.236 step_rew=-0.6424 opt_step=-0.6424 gap0=64.236 dret=+749.157 eval_ret=n/a pursuer_target_distance=0.693 capture=0.199 score=0.118 pol=-0.0007 val=0.0093 ent=0.7964 tot=+0.0019 agnorm=0.146 cgnorm=0.052 kl=0.0007 clipf=0.004 ev=+0.959 r0=1.0000 entcoef=2.57e-03 lr=1.3e-04 seed=0
iter= 516 step=1654400 ep_ret=-137.593 opt_ret=-137.593 step_rew=-1.3759 opt_step=-1.3759 gap0=137.593 dret=+675.800 eval_ret=n/a pursuer_target_distance=1.013 capture=0.172 score=0.086 pol=-0.0006 val=0.0098 ent=0.7774 tot=+0.0023 agnorm=0.187 cgnorm=0.063 kl=0.0009 clipf=0.005 ev=+0.961 r0=1.0000 entcoef=2.56e-03 lr=1.3e-04 seed=0
iter= 517 step=1657600 ep_ret=-82.966 opt_ret=-82.966 step_rew=-0.8297 opt_step=-0.8297 gap0=82.966 dret=+730.427 eval_ret=n/a pursuer_target_distance=1.080 capture=0.219 score=0.105 pol=-0.0006 val=0.0078 ent=0.7711 tot=+0.0014 agnorm=0.195 cgnorm=0.064 kl=0.0010 clipf=0.005 ev=+0.969 r0=1.0000 entcoef=2.54e-03 lr=1.3e-04 seed=0
iter= 518 step=1660800 ep_ret=-138.668 opt_ret=-138.668 step_rew=-1.3867 opt_step=-1.3867 gap0=138.668 dret=+674.725 eval_ret=n/a pursuer_target_distance=1.170 capture=0.168 score=0.077 pol=-0.0008 val=0.0078 ent=0.7659 tot=+0.0012 agnorm=0.207 cgnorm=0.046 kl=0.0009 clipf=0.005 ev=+0.966 r0=1.0000 entcoef=2.53e-03 lr=1.3e-04 seed=0
iter= 519 step=1664000 ep_ret=-64.605 opt_ret=-64.605 step_rew=-0.6461 opt_step=-0.6461 gap0=64.605 dret=+748.787 eval_ret=n/a pursuer_target_distance=0.985 capture=0.223 score=0.112 pol=-0.0006 val=0.0074 ent=0.7701 tot=+0.0012 agnorm=0.132 cgnorm=0.053 kl=0.0015 clipf=0.009 ev=+0.975 r0=1.0000 entcoef=2.51e-03 lr=1.3e-04 seed=0
iter= 520 step=1667200 ep_ret=-44.327 opt_ret=-44.327 step_rew=-0.4433 opt_step=-0.4433 gap0=44.327 dret=+769.066 eval_ret=-2.507 pursuer_target_distance=0.804 capture=0.229 score=0.127 pol=-0.0006 val=0.0075 ent=0.7917 tot=+0.0011 agnorm=0.161 cgnorm=0.066 kl=0.0011 clipf=0.009 ev=+0.974 r0=1.0000 entcoef=2.50e-03 lr=1.3e-04 seed=0
iter= 521 step=1670400 ep_ret=-94.399 opt_ret=-94.399 step_rew=-0.9440 opt_step=-0.9440 gap0=94.399 dret=+718.994 eval_ret=n/a pursuer_target_distance=0.900 capture=0.194 score=0.102 pol=-0.0004 val=0.0093 ent=0.7582 tot=+0.0024 agnorm=0.124 cgnorm=0.068 kl=0.0007 clipf=0.006 ev=+0.953 r0=1.0000 entcoef=2.49e-03 lr=1.2e-04 seed=0
iter= 522 step=1673600 ep_ret=-136.173 opt_ret=-136.173 step_rew=-1.3617 opt_step=-1.3617 gap0=136.173 dret=+677.219 eval_ret=n/a pursuer_target_distance=1.140 capture=0.189 score=0.088 pol=-0.0009 val=0.0093 ent=0.7737 tot=+0.0019 agnorm=0.205 cgnorm=0.042 kl=0.0014 clipf=0.010 ev=+0.970 r0=1.0000 entcoef=2.47e-03 lr=1.2e-04 seed=0
iter= 523 step=1676800 ep_ret=-97.011 opt_ret=-97.011 step_rew=-0.9701 opt_step=-0.9701 gap0=97.011 dret=+716.382 eval_ret=n/a pursuer_target_distance=1.092 capture=0.189 score=0.091 pol=-0.0004 val=0.0104 ent=0.7846 tot=+0.0029 agnorm=0.116 cgnorm=0.050 kl=0.0009 clipf=0.004 ev=+0.964 r0=1.0000 entcoef=2.46e-03 lr=1.2e-04 seed=0
iter= 524 step=1680000 ep_ret=-188.292 opt_ret=-188.292 step_rew=-1.8829 opt_step=-1.8829 gap0=188.292 dret=+625.101 eval_ret=n/a pursuer_target_distance=1.149 capture=0.161 score=0.075 pol=-0.0006 val=0.0085 ent=0.7692 tot=+0.0018 agnorm=0.114 cgnorm=0.065 kl=0.0017 clipf=0.013 ev=+0.968 r0=1.0000 entcoef=2.44e-03 lr=1.2e-04 seed=0
iter= 525 step=1683200 ep_ret=-10.188 opt_ret=-10.188 step_rew=-0.1019 opt_step=-0.1019 gap0=10.188 dret=+803.205 eval_ret=n/a pursuer_target_distance=0.899 capture=0.247 score=0.130 pol=-0.0005 val=0.0077 ent=0.7890 tot=+0.0014 agnorm=0.195 cgnorm=0.054 kl=0.0013 clipf=0.007 ev=+0.973 r0=1.0000 entcoef=2.43e-03 lr=1.2e-04 seed=0
iter= 526 step=1686400 ep_ret=-120.433 opt_ret=-120.433 step_rew=-1.2043 opt_step=-1.2043 gap0=120.433 dret=+692.960 eval_ret=n/a pursuer_target_distance=0.933 capture=0.184 score=0.095 pol=-0.0007 val=0.0091 ent=0.7726 tot=+0.0020 agnorm=0.195 cgnorm=0.053 kl=0.0010 clipf=0.007 ev=+0.966 r0=1.0000 entcoef=2.41e-03 lr=1.2e-04 seed=0
iter= 527 step=1689600 ep_ret=+1.906 opt_ret=+1.906 step_rew=0.0191 opt_step=0.0191 gap0=0.000 dret=+815.299 eval_ret=n/a pursuer_target_distance=0.895 capture=0.245 score=0.129 pol=-0.0007 val=0.0079 ent=0.7877 tot=+0.0014 agnorm=0.147 cgnorm=0.047 kl=0.0014 clipf=0.008 ev=+0.960 r0=1.0000 entcoef=2.40e-03 lr=1.2e-04 seed=0
iter= 528 step=1692800 ep_ret=-140.549 opt_ret=-140.549 step_rew=-1.4055 opt_step=-1.4055 gap0=140.549 dret=+672.844 eval_ret=n/a pursuer_target_distance=1.204 capture=0.187 score=0.085 pol=-0.0009 val=0.0080 ent=0.7603 tot=+0.0013 agnorm=0.231 cgnorm=0.050 kl=0.0012 clipf=0.009 ev=+0.972 r0=1.0000 entcoef=2.38e-03 lr=1.2e-04 seed=0
iter= 529 step=1696000 ep_ret=-8.142 opt_ret=-8.142 step_rew=-0.0814 opt_step=-0.0814 gap0=8.142 dret=+805.251 eval_ret=n/a pursuer_target_distance=0.800 capture=0.244 score=0.135 pol=-0.0006 val=0.0077 ent=0.7763 tot=+0.0014 agnorm=0.120 cgnorm=0.079 kl=0.0010 clipf=0.005 ev=+0.965 r0=1.0000 entcoef=2.37e-03 lr=1.2e-04 seed=0
iter= 530 step=1699200 ep_ret=-14.471 opt_ret=-14.471 step_rew=-0.1447 opt_step=-0.1447 gap0=14.471 dret=+798.922 eval_ret=n/a pursuer_target_distance=0.996 capture=0.241 score=0.121 pol=-0.0007 val=0.0075 ent=0.7797 tot=+0.0012 agnorm=0.396 cgnorm=0.068 kl=0.0010 clipf=0.010 ev=+0.968 r0=1.0000 entcoef=2.36e-03 lr=1.1e-04 seed=0
iter= 531 step=1702400 ep_ret=-160.562 opt_ret=-160.562 step_rew=-1.6056 opt_step=-1.6056 gap0=160.562 dret=+652.831 eval_ret=n/a pursuer_target_distance=1.460 capture=0.185 score=0.075 pol=-0.0004 val=0.0088 ent=0.7746 tot=+0.0022 agnorm=0.159 cgnorm=0.056 kl=0.0008 clipf=0.005 ev=+0.972 r0=1.0000 entcoef=2.34e-03 lr=1.1e-04 seed=0
iter= 532 step=1705600 ep_ret=-45.710 opt_ret=-45.710 step_rew=-0.4571 opt_step=-0.4571 gap0=45.710 dret=+767.683 eval_ret=n/a pursuer_target_distance=1.000 capture=0.228 score=0.114 pol=-0.0008 val=0.0100 ent=0.7651 tot=+0.0024 agnorm=0.248 cgnorm=0.064 kl=0.0015 clipf=0.009 ev=+0.948 r0=1.0000 entcoef=2.33e-03 lr=1.1e-04 seed=0
iter= 533 step=1708800 ep_ret=-75.739 opt_ret=-75.739 step_rew=-0.7574 opt_step=-0.7574 gap0=75.739 dret=+737.654 eval_ret=n/a pursuer_target_distance=1.054 capture=0.206 score=0.100 pol=-0.0004 val=0.0086 ent=0.7709 tot=+0.0021 agnorm=0.146 cgnorm=0.056 kl=0.0008 clipf=0.005 ev=+0.964 r0=1.0000 entcoef=2.31e-03 lr=1.1e-04 seed=0
iter= 534 step=1712000 ep_ret=-161.585 opt_ret=-161.585 step_rew=-1.6159 opt_step=-1.6159 gap0=161.585 dret=+651.808 eval_ret=n/a pursuer_target_distance=1.143 capture=0.173 score=0.081 pol=-0.0009 val=0.0107 ent=0.7517 tot=+0.0027 agnorm=0.246 cgnorm=0.051 kl=0.0012 clipf=0.008 ev=+0.965 r0=1.0000 entcoef=2.30e-03 lr=1.1e-04 seed=0
iter= 535 step=1715200 ep_ret=-36.709 opt_ret=-36.709 step_rew=-0.3671 opt_step=-0.3671 gap0=36.709 dret=+776.684 eval_ret=n/a pursuer_target_distance=0.846 capture=0.228 score=0.123 pol=-0.0007 val=0.0088 ent=0.7355 tot=+0.0021 agnorm=0.254 cgnorm=0.062 kl=0.0015 clipf=0.011 ev=+0.957 r0=1.0000 entcoef=2.28e-03 lr=1.1e-04 seed=0
iter= 536 step=1718400 ep_ret=-141.863 opt_ret=-141.863 step_rew=-1.4186 opt_step=-1.4186 gap0=141.863 dret=+671.530 eval_ret=n/a pursuer_target_distance=1.064 capture=0.178 score=0.086 pol=-0.0006 val=0.0095 ent=0.7468 tot=+0.0025 agnorm=0.266 cgnorm=0.066 kl=0.0010 clipf=0.007 ev=+0.959 r0=1.0000 entcoef=2.27e-03 lr=1.1e-04 seed=0
iter= 537 step=1721600 ep_ret=-100.596 opt_ret=-100.596 step_rew=-1.0060 opt_step=-1.0060 gap0=100.596 dret=+712.797 eval_ret=n/a pursuer_target_distance=1.096 capture=0.181 score=0.086 pol=-0.0006 val=0.0079 ent=0.7458 tot=+0.0017 agnorm=0.158 cgnorm=0.053 kl=0.0008 clipf=0.007 ev=+0.966 r0=1.0000 entcoef=2.25e-03 lr=1.1e-04 seed=0
iter= 538 step=1724800 ep_ret=-69.342 opt_ret=-69.342 step_rew=-0.6934 opt_step=-0.6934 gap0=69.342 dret=+744.051 eval_ret=n/a pursuer_target_distance=0.853 capture=0.215 score=0.116 pol=-0.0007 val=0.0097 ent=0.7506 tot=+0.0024 agnorm=0.182 cgnorm=0.084 kl=0.0010 clipf=0.006 ev=+0.962 r0=1.0000 entcoef=2.24e-03 lr=1.1e-04 seed=0
iter= 539 step=1728000 ep_ret=-90.414 opt_ret=-90.414 step_rew=-0.9041 opt_step=-0.9041 gap0=90.414 dret=+722.979 eval_ret=n/a pursuer_target_distance=1.158 capture=0.213 score=0.099 pol=-0.0005 val=0.0068 ent=0.7393 tot=+0.0012 agnorm=0.149 cgnorm=0.045 kl=0.0010 clipf=0.007 ev=+0.979 r0=1.0000 entcoef=2.23e-03 lr=1.0e-04 seed=0
iter= 540 step=1731200 ep_ret=-22.448 opt_ret=-22.448 step_rew=-0.2245 opt_step=-0.2245 gap0=22.448 dret=+790.945 eval_ret=-9.747 pursuer_target_distance=0.751 capture=0.237 score=0.135 pol=-0.0007 val=0.0082 ent=0.7377 tot=+0.0018 agnorm=0.274 cgnorm=0.054 kl=0.0009 clipf=0.008 ev=+0.960 r0=1.0000 entcoef=2.21e-03 lr=1.0e-04 seed=0
iter= 541 step=1734400 ep_ret=-143.278 opt_ret=-143.278 step_rew=-1.4328 opt_step=-1.4328 gap0=143.278 dret=+670.115 eval_ret=n/a pursuer_target_distance=1.125 capture=0.176 score=0.083 pol=-0.0007 val=0.0080 ent=0.7348 tot=+0.0017 agnorm=0.186 cgnorm=0.052 kl=0.0009 clipf=0.008 ev=+0.968 r0=1.0000 entcoef=2.20e-03 lr=1.0e-04 seed=0
iter= 542 step=1737600 ep_ret=-153.185 opt_ret=-153.185 step_rew=-1.5319 opt_step=-1.5319 gap0=153.185 dret=+660.208 eval_ret=n/a pursuer_target_distance=1.022 capture=0.156 score=0.077 pol=-0.0004 val=0.0082 ent=0.7517 tot=+0.0020 agnorm=0.222 cgnorm=0.081 kl=0.0007 clipf=0.005 ev=+0.966 r0=1.0000 entcoef=2.18e-03 lr=1.0e-04 seed=0
iter= 543 step=1740800 ep_ret=+59.588 opt_ret=+59.588 step_rew=0.5959 opt_step=0.5959 gap0=0.000 dret=+872.981 eval_ret=n/a pursuer_target_distance=0.745 capture=0.299 score=0.172 pol=-0.0005 val=0.0091 ent=0.7599 tot=+0.0024 agnorm=0.230 cgnorm=0.072 kl=0.0009 clipf=0.006 ev=+0.962 r0=1.0000 entcoef=2.17e-03 lr=1.0e-04 seed=0
iter= 544 step=1744000 ep_ret=-161.541 opt_ret=-161.541 step_rew=-1.6154 opt_step=-1.6154 gap0=161.541 dret=+651.852 eval_ret=n/a pursuer_target_distance=1.371 capture=0.182 score=0.077 pol=-0.0005 val=0.0083 ent=0.7424 tot=+0.0020 agnorm=0.180 cgnorm=0.053 kl=0.0007 clipf=0.005 ev=+0.971 r0=1.0000 entcoef=2.15e-03 lr=9.8e-05 seed=0
iter= 545 step=1747200 ep_ret=-141.538 opt_ret=-141.538 step_rew=-1.4154 opt_step=-1.4154 gap0=141.538 dret=+671.855 eval_ret=n/a pursuer_target_distance=1.283 capture=0.183 score=0.080 pol=-0.0006 val=0.0084 ent=0.7600 tot=+0.0019 agnorm=0.199 cgnorm=0.058 kl=0.0014 clipf=0.010 ev=+0.974 r0=1.0000 entcoef=2.14e-03 lr=9.7e-05 seed=0
iter= 546 step=1750400 ep_ret=-41.498 opt_ret=-41.498 step_rew=-0.4150 opt_step=-0.4150 gap0=41.498 dret=+771.895 eval_ret=n/a pursuer_target_distance=0.959 capture=0.213 score=0.109 pol=-0.0005 val=0.0079 ent=0.7577 tot=+0.0018 agnorm=0.141 cgnorm=0.040 kl=0.0006 clipf=0.004 ev=+0.964 r0=1.0000 entcoef=2.13e-03 lr=9.6e-05 seed=0
iter= 547 step=1753600 ep_ret=-50.344 opt_ret=-50.344 step_rew=-0.5034 opt_step=-0.5034 gap0=50.344 dret=+763.049 eval_ret=n/a pursuer_target_distance=0.917 capture=0.206 score=0.107 pol=-0.0007 val=0.0089 ent=0.7682 tot=+0.0021 agnorm=0.189 cgnorm=0.059 kl=0.0009 clipf=0.008 ev=+0.964 r0=1.0000 entcoef=2.11e-03 lr=9.5e-05 seed=0
iter= 548 step=1756800 ep_ret=-94.332 opt_ret=-94.332 step_rew=-0.9433 opt_step=-0.9433 gap0=94.332 dret=+719.061 eval_ret=n/a pursuer_target_distance=1.117 capture=0.222 score=0.105 pol=-0.0007 val=0.0088 ent=0.7530 tot=+0.0021 agnorm=0.144 cgnorm=0.051 kl=0.0012 clipf=0.006 ev=+0.968 r0=1.0000 entcoef=2.10e-03 lr=9.4e-05 seed=0
iter= 549 step=1760000 ep_ret=-11.463 opt_ret=-11.463 step_rew=-0.1146 opt_step=-0.1146 gap0=11.463 dret=+801.930 eval_ret=n/a pursuer_target_distance=1.008 capture=0.243 score=0.121 pol=-0.0005 val=0.0068 ent=0.7859 tot=+0.0013 agnorm=0.332 cgnorm=0.056 kl=0.0009 clipf=0.007 ev=+0.971 r0=1.0000 entcoef=2.08e-03 lr=9.3e-05 seed=0
iter= 550 step=1763200 ep_ret=-87.291 opt_ret=-87.291 step_rew=-0.8729 opt_step=-0.8729 gap0=87.291 dret=+726.101 eval_ret=n/a pursuer_target_distance=1.092 capture=0.205 score=0.098 pol=-0.0005 val=0.0088 ent=0.7461 tot=+0.0024 agnorm=0.162 cgnorm=0.053 kl=0.0006 clipf=0.005 ev=+0.969 r0=1.0000 entcoef=2.07e-03 lr=9.2e-05 seed=0
iter= 551 step=1766400 ep_ret=-46.045 opt_ret=-46.045 step_rew=-0.4605 opt_step=-0.4605 gap0=46.045 dret=+767.348 eval_ret=n/a pursuer_target_distance=0.824 capture=0.230 score=0.126 pol=-0.0007 val=0.0072 ent=0.7631 tot=+0.0013 agnorm=0.223 cgnorm=0.048 kl=0.0010 clipf=0.007 ev=+0.965 r0=1.0000 entcoef=2.05e-03 lr=9.1e-05 seed=0
iter= 552 step=1769600 ep_ret=-116.026 opt_ret=-116.026 step_rew=-1.1603 opt_step=-1.1603 gap0=116.026 dret=+697.367 eval_ret=n/a pursuer_target_distance=1.239 capture=0.191 score=0.085 pol=-0.0003 val=0.0062 ent=0.7562 tot=+0.0013 agnorm=0.143 cgnorm=0.050 kl=0.0005 clipf=0.003 ev=+0.975 r0=1.0000 entcoef=2.04e-03 lr=9.0e-05 seed=0
iter= 553 step=1772800 ep_ret=-50.543 opt_ret=-50.543 step_rew=-0.5054 opt_step=-0.5054 gap0=50.543 dret=+762.850 eval_ret=n/a pursuer_target_distance=1.001 capture=0.228 score=0.114 pol=-0.0003 val=0.0084 ent=0.7491 tot=+0.0024 agnorm=0.155 cgnorm=0.062 kl=0.0006 clipf=0.004 ev=+0.971 r0=1.0000 entcoef=2.02e-03 lr=8.9e-05 seed=0
iter= 554 step=1776000 ep_ret=-165.994 opt_ret=-165.994 step_rew=-1.6599 opt_step=-1.6599 gap0=165.994 dret=+647.399 eval_ret=n/a pursuer_target_distance=1.198 capture=0.179 score=0.081 pol=-0.0007 val=0.0079 ent=0.7537 tot=+0.0018 agnorm=0.189 cgnorm=0.055 kl=0.0009 clipf=0.006 ev=+0.972 r0=1.0000 entcoef=2.01e-03 lr=8.7e-05 seed=0
iter= 555 step=1779200 ep_ret=-21.289 opt_ret=-21.289 step_rew=-0.2129 opt_step=-0.2129 gap0=21.289 dret=+792.104 eval_ret=n/a pursuer_target_distance=0.924 capture=0.242 score=0.126 pol=-0.0005 val=0.0079 ent=0.7613 tot=+0.0019 agnorm=0.245 cgnorm=0.058 kl=0.0009 clipf=0.006 ev=+0.969 r0=1.0000 entcoef=2.00e-03 lr=8.6e-05 seed=0
iter= 556 step=1782400 ep_ret=-93.242 opt_ret=-93.242 step_rew=-0.9324 opt_step=-0.9324 gap0=93.242 dret=+720.151 eval_ret=n/a pursuer_target_distance=1.002 capture=0.201 score=0.100 pol=-0.0009 val=0.0085 ent=0.7462 tot=+0.0019 agnorm=0.294 cgnorm=0.046 kl=0.0011 clipf=0.010 ev=+0.966 r0=1.0000 entcoef=1.98e-03 lr=8.5e-05 seed=0
iter= 557 step=1785600 ep_ret=-121.673 opt_ret=-121.673 step_rew=-1.2167 opt_step=-1.2167 gap0=121.673 dret=+691.720 eval_ret=n/a pursuer_target_distance=1.006 capture=0.195 score=0.097 pol=-0.0004 val=0.0073 ent=0.7479 tot=+0.0018 agnorm=0.150 cgnorm=0.046 kl=0.0006 clipf=0.004 ev=+0.972 r0=1.0000 entcoef=1.97e-03 lr=8.4e-05 seed=0
iter= 558 step=1788800 ep_ret=-70.786 opt_ret=-70.786 step_rew=-0.7079 opt_step=-0.7079 gap0=70.786 dret=+742.607 eval_ret=n/a pursuer_target_distance=0.891 capture=0.222 score=0.117 pol=-0.0006 val=0.0074 ent=0.7466 tot=+0.0017 agnorm=0.265 cgnorm=0.059 kl=0.0005 clipf=0.003 ev=+0.973 r0=1.0000 entcoef=1.95e-03 lr=8.3e-05 seed=0
iter= 559 step=1792000 ep_ret=-75.727 opt_ret=-75.727 step_rew=-0.7573 opt_step=-0.7573 gap0=75.727 dret=+737.666 eval_ret=n/a pursuer_target_distance=0.973 capture=0.217 score=0.110 pol=-0.0009 val=0.0096 ent=0.7421 tot=+0.0025 agnorm=0.169 cgnorm=0.064 kl=0.0014 clipf=0.006 ev=+0.949 r0=1.0000 entcoef=1.94e-03 lr=8.2e-05 seed=0
iter= 560 step=1795200 ep_ret=-77.499 opt_ret=-77.499 step_rew=-0.7750 opt_step=-0.7750 gap0=77.499 dret=+735.894 eval_ret=-6.133 pursuer_target_distance=0.835 capture=0.198 score=0.108 pol=-0.0005 val=0.0076 ent=0.7387 tot=+0.0019 agnorm=0.177 cgnorm=0.055 kl=0.0011 clipf=0.006 ev=+0.967 r0=1.0000 entcoef=1.92e-03 lr=8.1e-05 seed=0
iter= 561 step=1798400 ep_ret=-56.986 opt_ret=-56.986 step_rew=-0.5699 opt_step=-0.5699 gap0=56.986 dret=+756.407 eval_ret=n/a pursuer_target_distance=0.941 capture=0.232 score=0.120 pol=-0.0004 val=0.0066 ent=0.7383 tot=+0.0015 agnorm=0.127 cgnorm=0.041 kl=0.0005 clipf=0.002 ev=+0.975 r0=1.0000 entcoef=1.91e-03 lr=8.0e-05 seed=0
iter= 562 step=1801600 ep_ret=-39.976 opt_ret=-39.976 step_rew=-0.3998 opt_step=-0.3998 gap0=39.976 dret=+773.417 eval_ret=n/a pursuer_target_distance=0.812 capture=0.218 score=0.120 pol=-0.0006 val=0.0071 ent=0.7701 tot=+0.0015 agnorm=0.203 cgnorm=0.056 kl=0.0012 clipf=0.008 ev=+0.962 r0=1.0000 entcoef=1.89e-03 lr=7.9e-05 seed=0
iter= 563 step=1804800 ep_ret=-91.969 opt_ret=-91.969 step_rew=-0.9197 opt_step=-0.9197 gap0=91.969 dret=+721.423 eval_ret=n/a pursuer_target_distance=1.129 capture=0.211 score=0.099 pol=-0.0003 val=0.0090 ent=0.7533 tot=+0.0028 agnorm=0.165 cgnorm=0.067 kl=0.0007 clipf=0.004 ev=+0.956 r0=1.0000 entcoef=1.88e-03 lr=7.7e-05 seed=0
iter= 564 step=1808000 ep_ret=-51.836 opt_ret=-51.836 step_rew=-0.5184 opt_step=-0.5184 gap0=51.836 dret=+761.557 eval_ret=n/a pursuer_target_distance=0.853 capture=0.219 score=0.118 pol=-0.0007 val=0.0084 ent=0.7506 tot=+0.0021 agnorm=0.217 cgnorm=0.048 kl=0.0010 clipf=0.007 ev=+0.962 r0=1.0000 entcoef=1.87e-03 lr=7.6e-05 seed=0
iter= 565 step=1811200 ep_ret=-27.569 opt_ret=-27.569 step_rew=-0.2757 opt_step=-0.2757 gap0=27.569 dret=+785.824 eval_ret=n/a pursuer_target_distance=0.736 capture=0.247 score=0.142 pol=-0.0006 val=0.0081 ent=0.7489 tot=+0.0020 agnorm=0.213 cgnorm=0.063 kl=0.0010 clipf=0.007 ev=+0.963 r0=1.0000 entcoef=1.85e-03 lr=7.5e-05 seed=0
iter= 566 step=1814400 ep_ret=-86.409 opt_ret=-86.409 step_rew=-0.8641 opt_step=-0.8641 gap0=86.409 dret=+726.984 eval_ret=n/a pursuer_target_distance=1.197 capture=0.224 score=0.102 pol=-0.0005 val=0.0076 ent=0.7075 tot=+0.0020 agnorm=0.161 cgnorm=0.052 kl=0.0008 clipf=0.005 ev=+0.971 r0=1.0000 entcoef=1.84e-03 lr=7.4e-05 seed=0
iter= 567 step=1817600 ep_ret=-49.702 opt_ret=-49.702 step_rew=-0.4970 opt_step=-0.4970 gap0=49.702 dret=+763.691 eval_ret=n/a pursuer_target_distance=1.092 capture=0.227 score=0.108 pol=-0.0006 val=0.0103 ent=0.7449 tot=+0.0032 agnorm=0.208 cgnorm=0.069 kl=0.0011 clipf=0.008 ev=+0.938 r0=1.0000 entcoef=1.82e-03 lr=7.3e-05 seed=0
iter= 568 step=1820800 ep_ret=+8.494 opt_ret=+8.494 step_rew=0.0849 opt_step=0.0849 gap0=0.000 dret=+821.887 eval_ret=n/a pursuer_target_distance=0.726 capture=0.248 score=0.144 pol=-0.0003 val=0.0078 ent=0.7386 tot=+0.0022 agnorm=0.149 cgnorm=0.049 kl=0.0006 clipf=0.005 ev=+0.960 r0=1.0000 entcoef=1.81e-03 lr=7.2e-05 seed=0
iter= 569 step=1824000 ep_ret=-104.126 opt_ret=-104.126 step_rew=-1.0413 opt_step=-1.0413 gap0=104.126 dret=+709.267 eval_ret=n/a pursuer_target_distance=0.928 capture=0.203 score=0.105 pol=-0.0007 val=0.0083 ent=0.7207 tot=+0.0022 agnorm=0.233 cgnorm=0.050 kl=0.0009 clipf=0.006 ev=+0.958 r0=1.0000 entcoef=1.79e-03 lr=7.1e-05 seed=0
iter= 570 step=1827200 ep_ret=-83.723 opt_ret=-83.723 step_rew=-0.8372 opt_step=-0.8372 gap0=83.723 dret=+729.670 eval_ret=n/a pursuer_target_distance=0.875 capture=0.198 score=0.106 pol=-0.0005 val=0.0066 ent=0.7505 tot=+0.0015 agnorm=0.237 cgnorm=0.037 kl=0.0012 clipf=0.007 ev=+0.967 r0=1.0000 entcoef=1.78e-03 lr=7.0e-05 seed=0
iter= 571 step=1830400 ep_ret=-57.537 opt_ret=-57.537 step_rew=-0.5754 opt_step=-0.5754 gap0=57.537 dret=+755.856 eval_ret=n/a pursuer_target_distance=0.866 capture=0.208 score=0.112 pol=-0.0005 val=0.0063 ent=0.7508 tot=+0.0013 agnorm=0.189 cgnorm=0.055 kl=0.0006 clipf=0.004 ev=+0.976 r0=1.0000 entcoef=1.76e-03 lr=6.9e-05 seed=0
iter= 572 step=1833600 ep_ret=-49.402 opt_ret=-49.402 step_rew=-0.4940 opt_step=-0.4940 gap0=49.402 dret=+763.991 eval_ret=n/a pursuer_target_distance=0.876 capture=0.221 score=0.118 pol=-0.0005 val=0.0069 ent=0.7308 tot=+0.0017 agnorm=0.152 cgnorm=0.049 kl=0.0008 clipf=0.007 ev=+0.965 r0=1.0000 entcoef=1.75e-03 lr=6.8e-05 seed=0
iter= 573 step=1836800 ep_ret=+22.713 opt_ret=+22.713 step_rew=0.2271 opt_step=0.2271 gap0=0.000 dret=+836.106 eval_ret=n/a pursuer_target_distance=0.769 capture=0.261 score=0.148 pol=-0.0006 val=0.0073 ent=0.7757 tot=+0.0017 agnorm=0.192 cgnorm=0.051 kl=0.0012 clipf=0.010 ev=+0.963 r0=1.0000 entcoef=1.74e-03 lr=6.6e-05 seed=0
iter= 574 step=1840000 ep_ret=-49.352 opt_ret=-49.352 step_rew=-0.4935 opt_step=-0.4935 gap0=49.352 dret=+764.041 eval_ret=n/a pursuer_target_distance=0.935 capture=0.217 score=0.112 pol=-0.0005 val=0.0075 ent=0.7709 tot=+0.0019 agnorm=0.197 cgnorm=0.050 kl=0.0010 clipf=0.006 ev=+0.966 r0=1.0000 entcoef=1.72e-03 lr=6.5e-05 seed=0
iter= 575 step=1843200 ep_ret=-90.100 opt_ret=-90.100 step_rew=-0.9010 opt_step=-0.9010 gap0=90.100 dret=+723.293 eval_ret=n/a pursuer_target_distance=1.322 capture=0.237 score=0.102 pol=-0.0005 val=0.0071 ent=0.7377 tot=+0.0018 agnorm=0.219 cgnorm=0.043 kl=0.0008 clipf=0.006 ev=+0.973 r0=1.0000 entcoef=1.71e-03 lr=6.4e-05 seed=0
iter= 576 step=1846400 ep_ret=-5.186 opt_ret=-5.186 step_rew=-0.0519 opt_step=-0.0519 gap0=5.186 dret=+808.207 eval_ret=n/a pursuer_target_distance=0.902 capture=0.261 score=0.137 pol=-0.0002 val=0.0066 ent=0.7409 tot=+0.0018 agnorm=0.100 cgnorm=0.047 kl=0.0003 clipf=0.001 ev=+0.976 r0=1.0000 entcoef=1.69e-03 lr=6.3e-05 seed=0
iter= 577 step=1849600 ep_ret=-100.860 opt_ret=-100.860 step_rew=-1.0086 opt_step=-1.0086 gap0=100.860 dret=+712.533 eval_ret=n/a pursuer_target_distance=1.066 capture=0.208 score=0.101 pol=-0.0008 val=0.0086 ent=0.7220 tot=+0.0023 agnorm=0.266 cgnorm=0.062 kl=0.0009 clipf=0.008 ev=+0.961 r0=1.0000 entcoef=1.68e-03 lr=6.2e-05 seed=0
iter= 578 step=1852800 ep_ret=-125.622 opt_ret=-125.622 step_rew=-1.2562 opt_step=-1.2562 gap0=125.622 dret=+687.771 eval_ret=n/a pursuer_target_distance=0.887 capture=0.178 score=0.094 pol=-0.0003 val=0.0072 ent=0.7362 tot=+0.0020 agnorm=0.176 cgnorm=0.039 kl=0.0006 clipf=0.006 ev=+0.965 r0=1.0000 entcoef=1.66e-03 lr=6.1e-05 seed=0
iter= 579 step=1856000 ep_ret=-88.285 opt_ret=-88.285 step_rew=-0.8828 opt_step=-0.8828 gap0=88.285 dret=+725.108 eval_ret=n/a pursuer_target_distance=0.776 capture=0.212 score=0.119 pol=-0.0003 val=0.0083 ent=0.7718 tot=+0.0026 agnorm=0.108 cgnorm=0.050 kl=0.0004 clipf=0.001 ev=+0.965 r0=1.0000 entcoef=1.65e-03 lr=6.0e-05 seed=0
iter= 580 step=1859200 ep_ret=-70.081 opt_ret=-70.081 step_rew=-0.7008 opt_step=-0.7008 gap0=70.081 dret=+743.312 eval_ret=-3.811 pursuer_target_distance=0.959 capture=0.210 score=0.107 pol=-0.0002 val=0.0068 ent=0.7587 tot=+0.0020 agnorm=0.060 cgnorm=0.047 kl=0.0003 clipf=0.001 ev=+0.972 r0=1.0000 entcoef=1.63e-03 lr=5.9e-05 seed=0
iter= 581 step=1862400 ep_ret=-59.351 opt_ret=-59.351 step_rew=-0.5935 opt_step=-0.5935 gap0=59.351 dret=+754.042 eval_ret=n/a pursuer_target_distance=0.735 capture=0.205 score=0.118 pol=-0.0007 val=0.0085 ent=0.7640 tot=+0.0024 agnorm=0.148 cgnorm=0.066 kl=0.0007 clipf=0.003 ev=+0.951 r0=1.0000 entcoef=1.62e-03 lr=5.8e-05 seed=0
iter= 582 step=1865600 ep_ret=-175.328 opt_ret=-175.328 step_rew=-1.7533 opt_step=-1.7533 gap0=175.328 dret=+638.065 eval_ret=n/a pursuer_target_distance=1.320 capture=0.171 score=0.074 pol=-0.0003 val=0.0064 ent=0.7423 tot=+0.0017 agnorm=0.174 cgnorm=0.055 kl=0.0007 clipf=0.005 ev=+0.973 r0=1.0000 entcoef=1.61e-03 lr=5.6e-05 seed=0
iter= 583 step=1868800 ep_ret=-101.056 opt_ret=-101.056 step_rew=-1.0106 opt_step=-1.0106 gap0=101.056 dret=+712.337 eval_ret=n/a pursuer_target_distance=1.340 capture=0.222 score=0.095 pol=-0.0003 val=0.0073 ent=0.7248 tot=+0.0022 agnorm=0.181 cgnorm=0.060 kl=0.0005 clipf=0.003 ev=+0.969 r0=1.0000 entcoef=1.59e-03 lr=5.5e-05 seed=0
iter= 584 step=1872000 ep_ret=-26.764 opt_ret=-26.764 step_rew=-0.2676 opt_step=-0.2676 gap0=26.764 dret=+786.629 eval_ret=n/a pursuer_target_distance=0.793 capture=0.250 score=0.139 pol=-0.0003 val=0.0086 ent=0.7312 tot=+0.0028 agnorm=0.146 cgnorm=0.062 kl=0.0003 clipf=0.001 ev=+0.961 r0=1.0000 entcoef=1.58e-03 lr=5.4e-05 seed=0
iter= 585 step=1875200 ep_ret=-33.703 opt_ret=-33.703 step_rew=-0.3370 opt_step=-0.3370 gap0=33.703 dret=+779.690 eval_ret=n/a pursuer_target_distance=1.036 capture=0.234 score=0.115 pol=-0.0004 val=0.0067 ent=0.7601 tot=+0.0017 agnorm=0.153 cgnorm=0.046 kl=0.0006 clipf=0.004 ev=+0.969 r0=1.0000 entcoef=1.56e-03 lr=5.3e-05 seed=0
iter= 586 step=1878400 ep_ret=-122.234 opt_ret=-122.234 step_rew=-1.2223 opt_step=-1.2223 gap0=122.234 dret=+691.159 eval_ret=n/a pursuer_target_distance=1.191 capture=0.199 score=0.091 pol=-0.0005 val=0.0063 ent=0.7357 tot=+0.0015 agnorm=0.163 cgnorm=0.045 kl=0.0005 clipf=0.004 ev=+0.973 r0=1.0000 entcoef=1.55e-03 lr=5.2e-05 seed=0
iter= 587 step=1881600 ep_ret=-143.281 opt_ret=-143.281 step_rew=-1.4328 opt_step=-1.4328 gap0=143.281 dret=+670.112 eval_ret=n/a pursuer_target_distance=1.166 capture=0.182 score=0.084 pol=-0.0007 val=0.0080 ent=0.7221 tot=+0.0021 agnorm=0.187 cgnorm=0.053 kl=0.0008 clipf=0.004 ev=+0.957 r0=1.0000 entcoef=1.53e-03 lr=5.1e-05 seed=0
iter= 588 step=1884800 ep_ret=-24.681 opt_ret=-24.681 step_rew=-0.2468 opt_step=-0.2468 gap0=24.681 dret=+788.712 eval_ret=n/a pursuer_target_distance=1.003 capture=0.245 score=0.123 pol=-0.0003 val=0.0079 ent=0.7591 tot=+0.0024 agnorm=0.255 cgnorm=0.066 kl=0.0009 clipf=0.006 ev=+0.959 r0=1.0000 entcoef=1.52e-03 lr=5.0e-05 seed=0
iter= 589 step=1888000 ep_ret=-102.223 opt_ret=-102.223 step_rew=-1.0222 opt_step=-1.0222 gap0=102.223 dret=+711.170 eval_ret=n/a pursuer_target_distance=0.873 capture=0.175 score=0.094 pol=-0.0004 val=0.0067 ent=0.7150 tot=+0.0018 agnorm=0.205 cgnorm=0.053 kl=0.0005 clipf=0.004 ev=+0.962 r0=1.0000 entcoef=1.50e-03 lr=4.9e-05 seed=0
iter= 590 step=1891200 ep_ret=-78.775 opt_ret=-78.775 step_rew=-0.7877 opt_step=-0.7877 gap0=78.775 dret=+734.618 eval_ret=n/a pursuer_target_distance=0.959 capture=0.211 score=0.108 pol=-0.0003 val=0.0079 ent=0.7630 tot=+0.0025 agnorm=0.164 cgnorm=0.047 kl=0.0007 clipf=0.004 ev=+0.965 r0=1.0000 entcoef=1.49e-03 lr=4.8e-05 seed=0
iter= 591 step=1894400 ep_ret=-138.372 opt_ret=-138.372 step_rew=-1.3837 opt_step=-1.3837 gap0=138.372 dret=+675.021 eval_ret=n/a pursuer_target_distance=1.422 capture=0.198 score=0.082 pol=-0.0003 val=0.0084 ent=0.7428 tot=+0.0028 agnorm=0.183 cgnorm=0.062 kl=0.0003 clipf=0.002 ev=+0.966 r0=1.0000 entcoef=1.48e-03 lr=4.6e-05 seed=0
iter= 592 step=1897600 ep_ret=+50.709 opt_ret=+50.709 step_rew=0.5071 opt_step=0.5071 gap0=0.000 dret=+864.102 eval_ret=n/a pursuer_target_distance=0.758 capture=0.294 score=0.167 pol=-0.0004 val=0.0079 ent=0.7542 tot=+0.0025 agnorm=0.201 cgnorm=0.061 kl=0.0004 clipf=0.002 ev=+0.956 r0=1.0000 entcoef=1.46e-03 lr=4.5e-05 seed=0
iter= 593 step=1900800 ep_ret=-25.848 opt_ret=-25.848 step_rew=-0.2585 opt_step=-0.2585 gap0=25.848 dret=+787.545 eval_ret=n/a pursuer_target_distance=0.766 capture=0.240 score=0.136 pol=-0.0003 val=0.0059 ent=0.7547 tot=+0.0016 agnorm=0.183 cgnorm=0.049 kl=0.0005 clipf=0.004 ev=+0.970 r0=1.0000 entcoef=1.45e-03 lr=4.4e-05 seed=0
iter= 594 step=1904000 ep_ret=-130.616 opt_ret=-130.616 step_rew=-1.3062 opt_step=-1.3062 gap0=130.616 dret=+682.777 eval_ret=n/a pursuer_target_distance=0.930 capture=0.180 score=0.093 pol=-0.0004 val=0.0067 ent=0.7510 tot=+0.0019 agnorm=0.258 cgnorm=0.050 kl=0.0005 clipf=0.004 ev=+0.967 r0=1.0000 entcoef=1.43e-03 lr=4.3e-05 seed=0
iter= 595 step=1907200 ep_ret=-76.533 opt_ret=-76.533 step_rew=-0.7653 opt_step=-0.7653 gap0=76.533 dret=+736.860 eval_ret=n/a pursuer_target_distance=1.300 capture=0.229 score=0.100 pol=-0.0003 val=0.0088 ent=0.7226 tot=+0.0031 agnorm=0.124 cgnorm=0.053 kl=0.0005 clipf=0.003 ev=+0.957 r0=1.0000 entcoef=1.42e-03 lr=4.2e-05 seed=0
iter= 596 step=1910400 ep_ret=-150.139 opt_ret=-150.139 step_rew=-1.5014 opt_step=-1.5014 gap0=150.139 dret=+663.253 eval_ret=n/a pursuer_target_distance=1.094 capture=0.194 score=0.093 pol=-0.0005 val=0.0066 ent=0.7354 tot=+0.0018 agnorm=0.341 cgnorm=0.045 kl=0.0010 clipf=0.010 ev=+0.971 r0=1.0000 entcoef=1.40e-03 lr=4.1e-05 seed=0
iter= 597 step=1913600 ep_ret=-5.289 opt_ret=-5.289 step_rew=-0.0529 opt_step=-0.0529 gap0=5.289 dret=+808.104 eval_ret=n/a pursuer_target_distance=1.000 capture=0.251 score=0.125 pol=-0.0003 val=0.0053 ent=0.7612 tot=+0.0013 agnorm=0.208 cgnorm=0.053 kl=0.0004 clipf=0.003 ev=+0.976 r0=1.0000 entcoef=1.39e-03 lr=4.0e-05 seed=0
iter= 598 step=1916800 ep_ret=-53.904 opt_ret=-53.904 step_rew=-0.5390 opt_step=-0.5390 gap0=53.904 dret=+759.489 eval_ret=n/a pursuer_target_distance=0.888 capture=0.221 score=0.117 pol=-0.0003 val=0.0061 ent=0.7401 tot=+0.0017 agnorm=0.202 cgnorm=0.035 kl=0.0005 clipf=0.003 ev=+0.964 r0=1.0000 entcoef=1.37e-03 lr=3.9e-05 seed=0
iter= 599 step=1920000 ep_ret=-11.595 opt_ret=-11.595 step_rew=-0.1160 opt_step=-0.1160 gap0=11.595 dret=+801.798 eval_ret=n/a pursuer_target_distance=0.793 capture=0.262 score=0.146 pol=-0.0003 val=0.0089 ent=0.7624 tot=+0.0031 agnorm=0.134 cgnorm=0.054 kl=0.0004 clipf=0.002 ev=+0.948 r0=1.0000 entcoef=1.36e-03 lr=3.8e-05 seed=0
iter= 600 step=1923200 ep_ret=-98.014 opt_ret=-98.014 step_rew=-0.9801 opt_step=-0.9801 gap0=98.014 dret=+715.379 eval_ret=-2.263 pursuer_target_distance=0.972 capture=0.203 score=0.103 pol=-0.0002 val=0.0063 ent=0.7386 tot=+0.0020 agnorm=0.149 cgnorm=0.052 kl=0.0002 clipf=0.001 ev=+0.969 r0=1.0000 entcoef=1.35e-03 lr=3.7e-05 seed=0
iter= 601 step=1926400 ep_ret=-33.292 opt_ret=-33.292 step_rew=-0.3329 opt_step=-0.3329 gap0=33.292 dret=+780.101 eval_ret=n/a pursuer_target_distance=0.944 capture=0.233 score=0.120 pol=-0.0004 val=0.0066 ent=0.7435 tot=+0.0019 agnorm=0.213 cgnorm=0.058 kl=0.0005 clipf=0.004 ev=+0.968 r0=1.0000 entcoef=1.33e-03 lr=3.5e-05 seed=0
iter= 602 step=1929600 ep_ret=-37.173 opt_ret=-37.173 step_rew=-0.3717 opt_step=-0.3717 gap0=37.173 dret=+776.220 eval_ret=n/a pursuer_target_distance=1.005 capture=0.250 score=0.125 pol=-0.0005 val=0.0081 ent=0.7574 tot=+0.0026 agnorm=0.283 cgnorm=0.114 kl=0.0008 clipf=0.007 ev=+0.960 r0=1.0000 entcoef=1.32e-03 lr=3.4e-05 seed=0
iter= 603 step=1932800 ep_ret=-37.078 opt_ret=-37.078 step_rew=-0.3708 opt_step=-0.3708 gap0=37.078 dret=+776.315 eval_ret=n/a pursuer_target_distance=0.978 capture=0.242 score=0.122 pol=-0.0003 val=0.0075 ent=0.7296 tot=+0.0025 agnorm=0.190 cgnorm=0.063 kl=0.0004 clipf=0.002 ev=+0.962 r0=1.0000 entcoef=1.30e-03 lr=3.3e-05 seed=0
iter= 604 step=1936000 ep_ret=-88.580 opt_ret=-88.580 step_rew=-0.8858 opt_step=-0.8858 gap0=88.580 dret=+724.813 eval_ret=n/a pursuer_target_distance=1.039 capture=0.208 score=0.102 pol=-0.0002 val=0.0074 ent=0.7289 tot=+0.0025 agnorm=0.199 cgnorm=0.042 kl=0.0005 clipf=0.004 ev=+0.961 r0=1.0000 entcoef=1.29e-03 lr=3.2e-05 seed=0
iter= 605 step=1939200 ep_ret=-5.246 opt_ret=-5.246 step_rew=-0.0525 opt_step=-0.0525 gap0=5.246 dret=+808.146 eval_ret=n/a pursuer_target_distance=0.766 capture=0.267 score=0.151 pol=-0.0002 val=0.0070 ent=0.7445 tot=+0.0023 agnorm=0.130 cgnorm=0.054 kl=0.0004 clipf=0.003 ev=+0.967 r0=1.0000 entcoef=1.27e-03 lr=3.1e-05 seed=0
iter= 606 step=1942400 ep_ret=-127.588 opt_ret=-127.588 step_rew=-1.2759 opt_step=-1.2759 gap0=127.588 dret=+685.805 eval_ret=n/a pursuer_target_distance=1.232 capture=0.195 score=0.087 pol=-0.0003 val=0.0088 ent=0.7277 tot=+0.0032 agnorm=0.189 cgnorm=0.057 kl=0.0006 clipf=0.005 ev=+0.954 r0=1.0000 entcoef=1.26e-03 lr=3.0e-05 seed=0
iter= 607 step=1945600 ep_ret=-66.326 opt_ret=-66.326 step_rew=-0.6633 opt_step=-0.6633 gap0=66.326 dret=+747.066 eval_ret=n/a pursuer_target_distance=1.215 capture=0.218 score=0.098 pol=-0.0002 val=0.0083 ent=0.7307 tot=+0.0031 agnorm=0.131 cgnorm=0.059 kl=0.0002 clipf=0.001 ev=+0.946 r0=1.0000 entcoef=1.25e-03 lr=2.9e-05 seed=0
iter= 608 step=1948800 ep_ret=-39.350 opt_ret=-39.350 step_rew=-0.3935 opt_step=-0.3935 gap0=39.350 dret=+774.043 eval_ret=n/a pursuer_target_distance=0.920 capture=0.247 score=0.128 pol=-0.0002 val=0.0070 ent=0.7180 tot=+0.0025 agnorm=0.184 cgnorm=0.060 kl=0.0002 clipf=0.001 ev=+0.958 r0=1.0000 entcoef=1.23e-03 lr=2.8e-05 seed=0
iter= 609 step=1952000 ep_ret=-29.908 opt_ret=-29.908 step_rew=-0.2991 opt_step=-0.2991 gap0=29.908 dret=+783.485 eval_ret=n/a pursuer_target_distance=0.909 capture=0.237 score=0.124 pol=-0.0002 val=0.0076 ent=0.7564 tot=+0.0027 agnorm=0.150 cgnorm=0.072 kl=0.0002 clipf=0.002 ev=+0.951 r0=1.0000 entcoef=1.22e-03 lr=2.7e-05 seed=0
iter= 610 step=1955200 ep_ret=-18.512 opt_ret=-18.512 step_rew=-0.1851 opt_step=-0.1851 gap0=18.512 dret=+794.881 eval_ret=n/a pursuer_target_distance=0.840 capture=0.249 score=0.135 pol=-0.0003 val=0.0080 ent=0.7258 tot=+0.0029 agnorm=0.249 cgnorm=0.066 kl=0.0004 clipf=0.002 ev=+0.954 r0=1.0000 entcoef=1.20e-03 lr=2.5e-05 seed=0
iter= 611 step=1958400 ep_ret=-18.837 opt_ret=-18.837 step_rew=-0.1884 opt_step=-0.1884 gap0=18.837 dret=+794.555 eval_ret=n/a pursuer_target_distance=0.878 capture=0.244 score=0.130 pol=-0.0003 val=0.0053 ent=0.7135 tot=+0.0015 agnorm=0.259 cgnorm=0.051 kl=0.0005 clipf=0.003 ev=+0.966 r0=1.0000 entcoef=1.19e-03 lr=2.4e-05 seed=0
iter= 612 step=1961600 ep_ret=-60.295 opt_ret=-60.295 step_rew=-0.6030 opt_step=-0.6030 gap0=60.295 dret=+753.098 eval_ret=n/a pursuer_target_distance=0.895 capture=0.232 score=0.122 pol=-0.0002 val=0.0064 ent=0.7154 tot=+0.0021 agnorm=0.209 cgnorm=0.038 kl=0.0004 clipf=0.003 ev=+0.966 r0=1.0000 entcoef=1.17e-03 lr=2.3e-05 seed=0
iter= 613 step=1964800 ep_ret=-20.470 opt_ret=-20.470 step_rew=-0.2047 opt_step=-0.2047 gap0=20.470 dret=+792.923 eval_ret=n/a pursuer_target_distance=0.708 capture=0.251 score=0.147 pol=-0.0002 val=0.0072 ent=0.7402 tot=+0.0026 agnorm=0.144 cgnorm=0.039 kl=0.0002 clipf=0.001 ev=+0.961 r0=1.0000 entcoef=1.16e-03 lr=2.2e-05 seed=0
iter= 614 step=1968000 ep_ret=-65.734 opt_ret=-65.734 step_rew=-0.6573 opt_step=-0.6573 gap0=65.734 dret=+747.659 eval_ret=n/a pursuer_target_distance=1.082 capture=0.230 score=0.110 pol=-0.0004 val=0.0068 ent=0.7546 tot=+0.0022 agnorm=0.278 cgnorm=0.071 kl=0.0007 clipf=0.006 ev=+0.966 r0=1.0000 entcoef=1.14e-03 lr=2.1e-05 seed=0
iter= 615 step=1971200 ep_ret=-63.886 opt_ret=-63.886 step_rew=-0.6389 opt_step=-0.6389 gap0=63.886 dret=+749.507 eval_ret=n/a pursuer_target_distance=1.006 capture=0.228 score=0.114 pol=-0.0002 val=0.0067 ent=0.7167 tot=+0.0024 agnorm=0.201 cgnorm=0.048 kl=0.0002 clipf=0.002 ev=+0.962 r0=1.0000 entcoef=1.13e-03 lr=2.0e-05 seed=0
iter= 616 step=1974400 ep_ret=-215.882 opt_ret=-215.882 step_rew=-2.1588 opt_step=-2.1588 gap0=215.882 dret=+597.511 eval_ret=n/a pursuer_target_distance=1.136 capture=0.134 score=0.063 pol=-0.0001 val=0.0079 ent=0.7149 tot=+0.0031 agnorm=0.132 cgnorm=0.051 kl=0.0001 clipf=0.000 ev=+0.960 r0=1.0000 entcoef=1.12e-03 lr=1.9e-05 seed=0
iter= 617 step=1977600 ep_ret=-56.268 opt_ret=-56.268 step_rew=-0.5627 opt_step=-0.5627 gap0=56.268 dret=+757.125 eval_ret=n/a pursuer_target_distance=1.040 capture=0.243 score=0.119 pol=-0.0001 val=0.0072 ent=0.7286 tot=+0.0026 agnorm=0.154 cgnorm=0.052 kl=0.0002 clipf=0.001 ev=+0.962 r0=1.0000 entcoef=1.10e-03 lr=1.8e-05 seed=0
iter= 618 step=1980800 ep_ret=-65.121 opt_ret=-65.121 step_rew=-0.6512 opt_step=-0.6512 gap0=65.121 dret=+748.272 eval_ret=n/a pursuer_target_distance=1.149 capture=0.217 score=0.101 pol=-0.0001 val=0.0066 ent=0.7405 tot=+0.0024 agnorm=0.077 cgnorm=0.060 kl=0.0001 clipf=0.000 ev=+0.968 r0=1.0000 entcoef=1.09e-03 lr=1.7e-05 seed=0
iter= 619 step=1984000 ep_ret=+39.632 opt_ret=+39.632 step_rew=0.3963 opt_step=0.3963 gap0=0.000 dret=+853.025 eval_ret=n/a pursuer_target_distance=0.597 capture=0.280 score=0.175 pol=-0.0002 val=0.0063 ent=0.7371 tot=+0.0021 agnorm=0.189 cgnorm=0.046 kl=0.0002 clipf=0.001 ev=+0.965 r0=1.0000 entcoef=1.07e-03 lr=1.6e-05 seed=0
iter= 620 step=1987200 ep_ret=-82.418 opt_ret=-82.418 step_rew=-0.8242 opt_step=-0.8242 gap0=82.418 dret=+730.974 eval_ret=-1.650 pursuer_target_distance=0.968 capture=0.209 score=0.106 pol=-0.0002 val=0.0069 ent=0.7506 tot=+0.0025 agnorm=0.208 cgnorm=0.060 kl=0.0002 clipf=0.001 ev=+0.958 r0=1.0000 entcoef=1.06e-03 lr=1.4e-05 seed=0
iter= 621 step=1990400 ep_ret=-41.291 opt_ret=-41.291 step_rew=-0.4129 opt_step=-0.4129 gap0=41.291 dret=+772.102 eval_ret=n/a pursuer_target_distance=1.073 capture=0.253 score=0.122 pol=-0.0001 val=0.0067 ent=0.7254 tot=+0.0025 agnorm=0.106 cgnorm=0.039 kl=0.0001 clipf=0.000 ev=+0.966 r0=1.0000 entcoef=1.04e-03 lr=1.3e-05 seed=0
iter= 622 step=1993600 ep_ret=+16.898 opt_ret=+16.898 step_rew=0.1690 opt_step=0.1690 gap0=0.000 dret=+830.291 eval_ret=n/a pursuer_target_distance=0.736 capture=0.267 score=0.154 pol=-0.0002 val=0.0067 ent=0.7333 tot=+0.0024 agnorm=0.194 cgnorm=0.053 kl=0.0002 clipf=0.001 ev=+0.958 r0=1.0000 entcoef=1.03e-03 lr=1.2e-05 seed=0
iter= 623 step=1996800 ep_ret=-34.729 opt_ret=-34.729 step_rew=-0.3473 opt_step=-0.3473 gap0=34.729 dret=+778.664 eval_ret=n/a pursuer_target_distance=0.932 capture=0.247 score=0.128 pol=-0.0002 val=0.0077 ent=0.7153 tot=+0.0029 agnorm=0.194 cgnorm=0.057 kl=0.0002 clipf=0.001 ev=+0.956 r0=1.0000 entcoef=1.01e-03 lr=1.1e-05 seed=0
iter= 624 step=2000000 ep_ret=-89.765 opt_ret=-89.765 step_rew=-0.8977 opt_step=-0.8977 gap0=89.765 dret=+723.628 eval_ret=-1.823 pursuer_target_distance=1.081 capture=0.209 score=0.100 pol=-0.0001 val=0.0071 ent=0.7469 tot=+0.0027 agnorm=0.111 cgnorm=0.045 kl=0.0001 clipf=0.000 ev=+0.963 r0=1.0000 entcoef=1.00e-03 lr=1.0e-05 seed=0
[train] Checkpoint saving disabled.
[train] Run artifacts in runs/pursuit_20260608_154834/alpha/attention/alpha0p75/seed0
[render] Skipped post-train render (mode=off).
=== done Mon Jun  8 16:05:41 EDT 2026 ===
