iter,global_step,episode_return,mean_step_reward,optimized_episode_return,optimized_mean_step_reward,reward_shift,episode_return_gap_to_zero,mean_step_reward_gap_to_zero,episode_return_delta_from_start,mean_step_reward_delta_from_start,pursuer_target_distance,capture,task_score,eval_mean_return,eval_mean_step_reward,eval_optimized_mean_return,eval_optimized_mean_step_reward,eval_mean_episode_length,eval_pursuer_target_distance,eval_capture,eval_task_score,eval_return_gap_to_zero,eval_return_delta_from_start,episodes_completed,policy_loss,value_loss,entropy,total_loss,grad_norm,actor_grad_norm,critic_grad_norm,approx_kl,clipfrac,explained_variance,mean_ratio_epoch0,entropy_coef,lr,seed,alpha,env_alpha,capture_rate,capture_c1_participation,dist_full_sight,dist_sensor_limited,marginal_c1_rate,knn_c1_sighted_frac
0,3200,-676.8939638137817,-6.768939704895019,-676.8939638137817,-6.768939704895019,0.0,676.8939638137817,6.768939704895019,0.0,0.0,3.646869034767151,0.0,0.0,-816.5864003896713,-8.165864003896713,-816.5864003896713,-8.165864003896713,100.0,4.713069023191929,0.0,0.0,816.5864003896713,0.0,32,-0.002167604325735084,0.6856677770614624,1.6055967211723328,0.3246103167533875,0.044757699221372606,0.044757699221372606,0.19939727038145066,0.003940172260627184,0.021006250381469728,-0.5129438638687134,1.0,0.01,0.0007,3,1.0,1.0,0.0,0.0,8.00850371837616,4.195718493461609,0.0,0.9224554026126861
1,6400,-720.7033700942993,-7.207033462524414,-720.7033700942993,-7.207033462524414,0.0,720.7033700942993,7.207033462524414,-43.80940628051758,-0.43809375762939506,3.9901405811309814,0.0,0.0,nan,nan,nan,nan,nan,nan,nan,nan,nan,nan,64,-0.002045989704225182,0.5222477555274964,1.5978278756141662,0.24312265664339067,0.03569771219044924,0.03569771219044924,0.28309609889984133,0.002446392567799485,0.011418749974109233,0.025470316410064697,1.0,0.009985576923076923,0.0006988942307692308,3,1.0,1.0,0.0,0.0,6.560650696754456,4.954599509239197,0.0,0.9382589685916901
2,9600,-751.4086327552795,-7.514086499214172,-751.4086327552795,-7.514086499214172,0.0,751.4086327552795,7.514086499214172,-74.5146689414978,-0.7451467943191528,4.372155733108521,0.0,0.0,nan,nan,nan,nan,nan,nan,nan,nan,nan,nan,96,-0.002386132281762343,0.4739523261785507,1.5885946154594421,0.21874990910291672,0.04475137330591679,0.04475137330591679,0.27680013328790665,0.0028109696038886556,0.013909374829381704,0.28322798013687134,1.0,0.009971153846153847,0.0006977884615384615,3,1.0,1.0,0.0,0.0,8.246655368804932,5.429848642349243,0.0,0.8904464685916901
3,12800,-723.8984613418579,-7.238984694480896,-723.8984613418579,-7.238984694480896,0.0,723.8984613418579,7.238984694480896,-47.00449752807617,-0.4700449895858769,4.110517404079437,0.0,0.0,nan,nan,nan,nan,nan,nan,nan,nan,nan,nan,128,-0.0017397249067435893,0.3766330689191818,1.579247200489044,0.1708526700735092,0.04362412020564079,0.04362412020564079,0.2712090402841568,0.0027358414867199566,0.01606249953620136,0.4123189449310303,1.0,0.00995673076923077,0.0006966826923076923,3,1.0,1.0,0.0,0.0,8.424234609603882,4.687871112823486,0.0,0.9187500494718551
4,16000,-719.6352281570435,-7.196352534294128,-719.6352281570435,-7.196352534294128,0.0,719.6352281570435,7.196352534294128,-42.74126434326172,-0.42741282939910885,4.1385657238960265,0.0,0.0,nan,nan,nan,nan,nan,nan,nan,nan,nan,nan,160,-0.0015625233549286578,0.35653637945652006,1.579630434513092,0.161000494658947,0.03690635487437248,0.03690635487437248,0.25375341773033144,0.0023087451409087604,0.01333749999757856,0.4331384301185608,1.0,0.009942307692307693,0.0006955769230769231,3,1.0,1.0,0.0,0.0,7.475174317359924,5.205737853050232,0.0,0.9081250405311585
5,19200,-700.3918552398682,-7.003918123245239,-700.3918552398682,-7.003918123245239,0.0,700.3918552398682,7.003918123245239,-23.497891426086426,-0.23497841835022015,3.963197729587555,0.0,0.0,nan,nan,nan,nan,nan,nan,nan,nan,nan,nan,192,-0.0009727626939593393,0.36867611706256864,1.579650378227234,0.16768270879983901,0.025154973566532134,0.025154973566532134,0.25991958677768706,0.0012188284421432087,0.00400000000372529,0.45377784967422485,1.0,0.009927884615384616,0.0006944711538461538,3,1.0,1.0,0.0,0.0,6.890579218864441,4.518097758293152,0.0,0.9368750405311584
6,22400,-727.5142135620117,-7.275142221450806,-727.5142135620117,-7.275142221450806,0.0,727.5142135620117,7.275142221450806,-50.62024974822998,-0.5062025165557866,4.1006020426750185,0.0,0.0,nan,nan,nan,nan,nan,nan,nan,nan,nan,nan,224,-0.0015259420249492451,0.39301552474498747,1.5828126549720765,0.17929066717624664,0.042468078434467316,0.042468078434467316,0.2788561925292015,0.002823170354532073,0.01867812501586741,0.4316708445549011,1.0,0.00991346153846154,0.0006933653846153846,3,1.0,1.0,0.0,0.0,8.383848915100097,4.5519540405273435,0.0,0.9436607557535172
7,25600,-690.2917938232422,-6.902918133735657,-690.2917938232422,-6.902918133735657,0.0,690.2917938232422,6.902918133735657,-13.39783000946045,-0.1339784288406376,3.707237946987152,0.0,0.0,nan,nan,nan,nan,nan,nan,nan,nan,nan,nan,256,-0.0008536047937381496,0.28911612629890443,1.5772595524787902,0.12809110358357428,0.03407943975180387,0.03407943975180387,0.2551018014550209,0.0014723111264179384,0.006543750152923166,0.5026178359985352,1.0,0.009899038461538463,0.0006922596153846154,3,1.0,1.0,0.0,0.0,6.462988982200622,4.951124649047852,0.0,0.9370536148548126
8,28800,-741.0073804855347,-7.410074138641358,-741.0073804855347,-7.410074138641358,0.0,741.0073804855347,7.410074138641358,-64.11341667175293,-0.6411344337463385,4.310708923339844,0.0,0.0,nan,nan,nan,nan,nan,nan,nan,nan,nan,nan,288,-0.001984758122824104,0.379255422949791,1.5804568529129028,0.17202074378728865,0.04895465224981308,0.04895465224981308,0.29500354528427125,0.003335725695069866,0.03202499983017333,0.46674489974975586,1.0,0.009884615384615384,0.0006911538461538461,3,1.0,1.0,0.0,0.0,9.016010723114015,4.907604117393493,0.0,0.9124553996324539
9,32000,-691.6932325363159,-6.916932320594787,-691.6932325363159,-6.916932320594787,0.0,691.6932325363159,6.916932320594787,-14.79926872253418,-0.14799261569976796,3.761126596927643,0.0,0.0,nan,nan,nan,nan,nan,nan,nan,nan,nan,nan,320,-0.0019488902647280427,0.3160197585821152,1.575805628299713,0.14050748571753502,0.052953331544995305,0.052953331544995305,0.26239846348762513,0.002725440071663321,0.02099062509223586,0.4402150511741638,1.0,0.009870192307692307,0.0006900480769230769,3,1.0,1.0,0.0,0.0,8.209862489700317,4.067060489654541,0.0,0.9269196861982345
10,35200,-703.2811164855957,-7.032811107635498,-703.2811164855957,-7.032811107635498,0.0,703.2811164855957,7.032811107635498,-26.387152671813965,-0.26387140274047916,3.9244580626487733,0.0,0.0,nan,nan,nan,nan,nan,nan,nan,nan,nan,nan,352,-0.0017334985308238514,0.24468267112970352,1.568795955181122,0.10514614582061768,0.059970395267009736,0.059970395267009736,0.24216145277023315,0.002961789379333416,0.026890624966472387,0.6338582038879395,1.0,0.00985576923076923,0.0006889423076923077,3,1.0,1.0,0.0,0.0,7.309529891014099,4.905531053543091,0.0,0.9450000458955765
11,38400,-706.035918712616,-7.060359325408935,-706.035918712616,-7.060359325408935,0.0,706.035918712616,7.060359325408935,-29.14195489883423,-0.2914196205139161,4.6050004529953,0.0,0.0,nan,nan,nan,nan,nan,nan,nan,nan,nan,nan,384,-0.0014101734757772989,0.3092703133821487,1.5652804374694824,0.1378205142915249,0.05047223232686519,0.05047223232686519,0.2728644981980324,0.0027748625499958283,0.020050000044284387,0.41270142793655396,1.0,0.009841346153846154,0.0006878365384615384,3,1.0,1.0,0.0,0.0,6.833021450042724,5.234473338127136,0.0,0.9059821873903274
12,41600,-772.2375154495239,-7.72237488746643,-772.2375154495239,-7.72237488746643,0.0,772.2375154495239,7.72237488746643,-95.34355163574219,-0.9534351825714111,4.0841960430145265,0.0,0.0,nan,nan,nan,nan,nan,nan,nan,nan,nan,nan,416,-0.001351672511204427,0.33884662091732026,1.569694983959198,0.15264636278152466,0.03442655522376299,0.03442655522376299,0.3009478226304054,0.0021322271582909077,0.014393750205636024,0.5190585851669312,1.0,0.009826923076923077,0.0006867307692307692,3,1.0,1.0,0.0,0.0,8.341121044158935,4.753019704818725,0.0,0.9599107593297959
13,44800,-744.8308334350586,-7.448308248519897,-744.8308334350586,-7.448308248519897,0.0,744.8308334350586,7.448308248519897,-67.93686962127686,-0.6793685436248778,4.211416192054749,0.0,0.0,nan,nan,nan,nan,nan,nan,nan,nan,nan,nan,448,-0.0010082733189456406,0.3122063159942627,1.570224905014038,0.13968705311417579,0.034738488495349884,0.034738488495349884,0.27831567376852034,0.001922994229972189,0.008471875049872324,0.4468039274215698,1.0,0.0098125,0.000685625,3,1.0,1.0,0.0,0.0,7.1876415395736695,5.090554819107056,0.0,0.9340625387430191
14,48000,-712.5807037353516,-7.125806980133056,-712.5807037353516,-7.125806980133056,0.0,712.5807037353516,7.125806980133056,-35.686739921569824,-0.3568672752380371,4.224139866828918,0.0,0.0,nan,nan,nan,nan,nan,nan,nan,nan,nan,nan,480,-0.0009641707904194163,0.27154459357261657,1.5655320405960083,0.11946892142295837,0.03450804855674505,0.03450804855674505,0.27053755074739455,0.0012175929819937975,0.003762499905133154,0.4231007695198059,1.0,0.009798076923076923,0.0006845192307692307,3,1.0,1.0,0.0,0.0,6.850016331672668,4.904227690696716,0.0,0.9466964763402939
15,51200,-688.9399566650391,-6.889399585723877,-688.9399566650391,-6.889399585723877,0.0,688.9399566650391,6.889399585723877,-12.045992851257324,-0.12045988082885728,4.176774368286133,0.0,0.0,nan,nan,nan,nan,nan,nan,nan,nan,nan,nan,512,-0.0013141978378641284,0.19563862830400466,1.5693612217903137,0.08115103170275688,0.03659108094871044,0.03659108094871044,0.23559479117393495,0.0016948452444927446,0.00964062512794044,0.4625169038772583,1.0,0.009783653846153846,0.0006834134615384615,3,1.0,1.0,0.0,0.0,6.669726686477661,4.999635276794433,0.0,0.9405357587337494
16,54400,-696.3315486907959,-6.963315415382385,-696.3315486907959,-6.963315415382385,0.0,696.3315486907959,6.963315415382385,-19.43758487701416,-0.1943757104873658,3.967348234653473,0.0,0.0,nan,nan,nan,nan,nan,nan,nan,nan,nan,nan,544,-0.0014492528198168486,0.2022993177175522,1.5743107795715332,0.08432059958577157,0.04470855630934238,0.04470855630934238,0.23799867928028107,0.0026025965999002297,0.017671875201631337,0.6166311502456665,1.0,0.00976923076923077,0.0006823076923076923,3,1.0,1.0,0.0,0.0,8.337621850967407,4.457180581092834,0.0,0.9295089685916901
17,57600,-636.1247549057007,-6.361247577667236,-636.1247549057007,-6.361247577667236,0.0,636.1247549057007,6.361247577667236,40.769208908081055,0.4076921272277829,3.6439023065567016,0.0,0.0,nan,nan,nan,nan,nan,nan,nan,nan,nan,nan,576,-0.0014957588130142586,0.1590726375579834,1.5683879137039185,0.06274123601615429,0.04219762552529573,0.04219762552529573,0.23091770485043525,0.0025497871880366773,0.02288124985061586,0.623619794845581,1.0,0.009754807692307693,0.000681201923076923,3,1.0,1.0,0.0,0.0,6.69740391254425,4.102814998626709,0.0,0.9668303978443146
18,60800,-741.5049314498901,-7.415049238204956,-741.5049314498901,-7.415049238204956,0.0,741.5049314498901,7.415049238204956,-64.6109676361084,-0.6461095333099367,3.908005039691925,0.0,0.0,nan,nan,nan,nan,nan,nan,nan,nan,nan,nan,608,-0.0011570190792888012,0.20057656913995742,1.5725420594215394,0.08381410166621209,0.03462538309395313,0.03462538309395313,0.2691166281700134,0.0015426032885448848,0.01100937482478912,0.6963961124420166,1.0,0.009740384615384616,0.0006800961538461538,3,1.0,1.0,0.0,0.0,7.824745116233825,4.892650156021118,0.0,0.934955398440361
19,64000,-656.7027044296265,-6.5670272397995,-656.7027044296265,-6.5670272397995,0.0,656.7027044296265,6.5670272397995,20.191259384155273,0.20191246509551952,3.293049199581146,0.0,0.0,nan,nan,nan,nan,nan,nan,nan,nan,nan,nan,640,-0.0016387394382385346,0.16819031834602355,1.5630202293395996,0.06725454293191432,0.03731735646724701,0.03731735646724701,0.23128244057297706,0.0026325038357760348,0.018059374921722337,0.49169236421585083,1.0,0.00972596153846154,0.0006789903846153847,3,1.0,1.0,0.0,0.0,6.318978343009949,4.533763403892517,0.0,0.9329464721679688
20,67200,-696.4585666656494,-6.964585728645325,-696.4585666656494,-6.964585728645325,0.0,696.4585666656494,6.964585728645325,-19.564602851867676,-0.1956460237503057,3.773025357723236,0.0,0.0,-864.773210644722,-8.64773210644722,-864.773210644722,-8.64773210644722,100.0,7.25038821220398,0.0,0.0,864.773210644722,-48.18681025505066,672,-0.0012571510004107723,0.17030820548534392,1.5700796723365784,0.06864906325936318,0.0390060156583786,0.0390060156583786,0.23437490165233613,0.0020451613519986687,0.011781250068088412,0.6787402629852295,1.0,0.009711538461538462,0.0006778846153846154,3,1.0,1.0,0.0,0.0,6.719856114387512,4.620344851016998,0.0,0.9249107515811921
21,70400,-737.9677934646606,-7.379677758216858,-737.9677934646606,-7.379677758216858,0.0,737.9677934646606,7.379677758216858,-61.073829650878906,-0.610738053321839,3.8254244899749756,0.0,0.0,nan,nan,nan,nan,nan,nan,nan,nan,nan,nan,704,-0.0013356168915983346,0.20205506235361098,1.5694806456565857,0.08447247967123986,0.0376274686306715,0.0376274686306715,0.2504222244024277,0.002209347627650136,0.012759375077439471,0.66023850440979,1.0,0.009697115384615386,0.0006767788461538462,3,1.0,1.0,0.0,0.0,7.5723562335968015,4.541627097129822,0.0,0.9570089745521545
22,73600,-731.4016981124878,-7.314017148017883,-731.4016981124878,-7.314017148017883,0.0,731.4016981124878,7.314017148017883,-54.507734298706055,-0.5450774431228638,4.196916198730468,0.0,0.0,nan,nan,nan,nan,nan,nan,nan,nan,nan,nan,736,-0.0016561314850347842,0.23685929477214812,1.5604646444320678,0.10166401341557503,0.05083795301616192,0.05083795301616192,0.2712624095380306,0.0034982203011174272,0.03352187472046353,0.17708611488342285,1.0,0.009682692307692307,0.000675673076923077,3,1.0,1.0,0.0,0.0,8.13015525817871,5.000506014823913,0.0,0.911607186794281
23,76800,-768.5962238311768,-7.685962328910827,-768.5962238311768,-7.685962328910827,0.0,768.5962238311768,7.685962328910827,-91.70226001739502,-0.9170226240158081,4.962315936088562,0.0,0.0,nan,nan,nan,nan,nan,nan,nan,nan,nan,nan,768,-0.0014167929752002095,0.20592645853757857,1.5610952138900758,0.08645334765315056,0.05138824321329594,0.05138824321329594,0.2820213079452515,0.002398587147764063,0.014834374991914956,0.474038302898407,1.0,0.00966826923076923,0.0006745673076923077,3,1.0,1.0,0.0,0.0,8.947300567626954,5.6271914911270144,0.0,0.907723251581192
24,80000,-701.8827800750732,-7.018827786445618,-701.8827800750732,-7.018827786445618,0.0,701.8827800750732,7.018827786445618,-24.988816261291504,-0.2498880815505986,3.537832007408142,0.0,0.0,nan,nan,nan,nan,nan,nan,nan,nan,nan,nan,800,-0.0013263976482789986,0.1159021645784378,1.5499345660209656,0.041661855205893515,0.03933538533747196,0.03933538533747196,0.21566505283117293,0.002837256173371089,0.022656250177533366,0.7206006646156311,1.0,0.009653846153846153,0.0006734615384615385,3,1.0,1.0,0.0,0.0,8.219027557373046,3.941966125965118,0.0,0.9291071772575379
25,83200,-675.9818620681763,-6.759818668365479,-675.9818620681763,-6.759818668365479,0.0,675.9818620681763,6.759818668365479,0.9121017456054688,0.00912103652954066,3.8155029821395874,0.0,0.0,nan,nan,nan,nan,nan,nan,nan,nan,nan,nan,832,-0.0011726736879325017,0.10713078677654267,1.5574626445770263,0.037379678525030616,0.04297807645052672,0.04297807645052672,0.21185518205165862,0.0023539354282554464,0.014471875088929664,0.6975693106651306,1.0,0.009639423076923077,0.0006723557692307693,3,1.0,1.0,0.0,0.0,7.573519716262817,4.496757097244263,0.0,0.9004464650154114
26,86400,-718.4659719467163,-7.184659705162049,-718.4659719467163,-7.184659705162049,0.0,718.4659719467163,7.184659705162049,-41.57200813293457,-0.4157200002670294,3.709487590789795,0.0,0.0,nan,nan,nan,nan,nan,nan,nan,nan,nan,nan,864,-0.0011839022960280943,0.1503211110830307,1.5492759823799134,0.05906487181782723,0.036433787830173966,0.036433787830173966,0.2410756379365921,0.0020527774468070753,0.011296874861000106,0.5550796389579773,1.0,0.009625,0.00067125,3,1.0,1.0,0.0,0.0,7.105127549171447,4.882675061225891,0.0,0.9163393324613571
27,89600,-704.7848682403564,-7.047848734855652,-704.7848682403564,-7.047848734855652,0.0,704.7848682403564,7.047848734855652,-27.890904426574707,-0.2789090299606327,3.6335253524780273,0.0,0.0,nan,nan,nan,nan,nan,nan,nan,nan,nan,nan,896,-0.0007680504159068846,0.1555736780166626,1.5445374250411987,0.0621748935431242,0.031590105034410954,0.031590105034410954,0.2392287991940975,0.0016876973684710646,0.006915624905377627,0.30031585693359375,1.0,0.009610576923076923,0.0006701442307692308,3,1.0,1.0,0.0,0.0,6.2460551261901855,4.877929563522339,0.0,0.9540625542402268
28,92800,-685.6779732704163,-6.856779847145081,-685.6779732704163,-6.856779847145081,0.0,685.6779732704163,6.856779847145081,-8.784009456634521,-0.08784014225006143,3.758308243751526,0.0,0.0,nan,nan,nan,nan,nan,nan,nan,nan,nan,nan,928,-0.0017005875862320607,0.10898978188633919,1.5500937461853028,0.03791936431080103,0.03372550681233406,0.03372550681233406,0.22409191727638245,0.0016346818505561128,0.008637500250915763,0.6276045441627502,1.0,0.009596153846153846,0.0006690384615384616,3,1.0,1.0,0.0,0.0,7.887817549705505,4.208139889240265,0.0,0.931964322924614
29,96000,-659.289400100708,-6.592894115447998,-659.289400100708,-6.592894115447998,0.0,659.289400100708,6.592894115447998,17.60456371307373,0.1760455894470212,3.455584669113159,0.0,0.0,nan,nan,nan,nan,nan,nan,nan,nan,nan,nan,960,-0.0017120021066396873,0.062319493293762206,1.5574681878089904,0.014524503797292709,0.04134589731693268,0.04134589731693268,0.18877196833491325,0.0023339654282615524,0.015096874919254332,0.8340592384338379,1.0,0.00958173076923077,0.0006679326923076923,3,1.0,1.0,0.0,0.0,6.114214644432068,4.587882509231568,0.0,0.9263839757442475
30,99200,-684.6759071350098,-6.846759161949158,-684.6759071350098,-6.846759161949158,0.0,684.6759071350098,6.846759161949158,-7.781943321228027,-0.0778194570541384,3.1542334508895875,0.0,0.0,nan,nan,nan,nan,nan,nan,nan,nan,nan,nan,992,-0.0013354547867551858,0.09342648983001708,1.5595536470413207,0.030457061529159547,0.051345381513237955,0.051345381513237955,0.19376544803380966,0.0020715420221683275,0.011068750082631595,0.7189630270004272,1.0,0.009567307692307693,0.0006668269230769231,3,1.0,1.0,0.0,0.0,7.116571516990661,4.5739542627334595,0.0,0.9262500405311584
31,102400,-632.0547933578491,-6.3205478429794315,-632.0547933578491,-6.3205478429794315,0.0,632.0547933578491,6.3205478429794315,44.83917045593262,0.4483918619155878,3.2704537606239317,0.0,0.0,nan,nan,nan,nan,nan,nan,nan,nan,nan,nan,1024,-0.001380463974192736,0.05870112925767899,1.5667255878448487,0.013003351539373398,0.05995266139507294,0.05995266139507294,0.16909201741218566,0.002320211659753708,0.02109062470808567,0.7632347941398621,1.0,0.009552884615384616,0.0006657211538461539,3,1.0,1.0,0.0,0.0,6.049115233421325,4.292415885925293,0.0,0.9317857611179352
32,105600,-756.0344552993774,-7.560344333648682,-756.0344552993774,-7.560344333648682,0.0,756.0344552993774,7.560344333648682,-79.1404914855957,-0.7914046287536625,4.241196508407593,0.0,0.0,nan,nan,nan,nan,nan,nan,nan,nan,nan,nan,1056,-0.0014227004531436548,0.1475430652499199,1.5604019522666932,0.05746499784290791,0.060805991664528845,0.060805991664528845,0.2392711453139782,0.002093044457433901,0.01955312503268942,0.6055583953857422,1.0,0.009538461538461539,0.0006646153846153846,3,1.0,1.0,0.0,0.0,7.250603003501892,5.510224413871765,0.0,0.9400000476837158
33,108800,-663.1085472106934,-6.6310855627059935,-663.1085472106934,-6.6310855627059935,0.0,663.1085472106934,6.6310855627059935,13.785416603088379,0.1378541421890258,3.551837649345398,0.0,0.0,nan,nan,nan,nan,nan,nan,nan,nan,nan,nan,1088,-0.0016207405722001521,0.052358674630522725,1.557896876335144,0.009721127338707447,0.04157683067023754,0.04157683067023754,0.1706007845699787,0.0025679983984451997,0.012531249845051207,0.8373693227767944,1.0,0.009524038461538462,0.0006635096153846154,3,1.0,1.0,0.0,0.0,6.810144376754761,4.50780601978302,0.0,0.9547768348455429
34,112000,-633.4058651924133,-6.334058346748352,-633.4058651924133,-6.334058346748352,0.0,633.4058651924133,6.334058346748352,43.48809862136841,0.43488135814666684,3.5743705081939696,0.0,0.0,nan,nan,nan,nan,nan,nan,nan,nan,nan,nan,1120,-0.0013621121763804922,0.03798652607947588,1.5510865092277526,0.0028809146955609322,0.054840822145342825,0.054840822145342825,0.15588566809892654,0.002234013236739712,0.015612499858252703,0.8101000785827637,1.0,0.009509615384615385,0.0006624038461538462,3,1.0,1.0,0.0,0.0,6.745287485122681,4.375426790714264,0.0,0.9306250268220901
35,115200,-653.3680038452148,-6.533680100440979,-653.3680038452148,-6.533680100440979,0.0,653.3680038452148,6.533680100440979,23.525959968566895,0.2352596044540407,3.110322074890137,0.0,0.0,nan,nan,nan,nan,nan,nan,nan,nan,nan,nan,1152,-0.0010082984252598238,0.07245233990252017,1.5527108430862426,0.02047458402812481,0.03696449566632509,0.03696449566632509,0.20294992178678511,0.0017206969001570093,0.01179999992273224,0.6927107572555542,1.0,0.009495192307692309,0.0006612980769230769,3,1.0,1.0,0.0,0.0,6.341505842208862,3.93101247549057,0.0,0.9137500423192978
36,118400,-617.8978967666626,-6.178978719711304,-617.8978967666626,-6.178978719711304,0.0,617.8978967666626,6.178978719711304,58.99606704711914,0.5899609851837155,3.4099240589141844,0.0,0.0,nan,nan,nan,nan,nan,nan,nan,nan,nan,nan,1184,-0.001413858843175575,0.05033455640077591,1.557604146003723,0.008986134454607964,0.042337819933891296,0.042337819933891296,0.17160002067685126,0.0020606179765315764,0.012565624939452392,0.7765392661094666,1.0,0.00948076923076923,0.0006601923076923077,3,1.0,1.0,0.0,0.0,7.2589626169204715,3.7725025415420532,0.0,0.912767904996872
37,121600,-750.0079832077026,-7.500079855918885,-750.0079832077026,-7.500079855918885,0.0,750.0079832077026,7.500079855918885,-73.1140193939209,-0.7311401510238653,4.4407026720047,0.0,0.0,nan,nan,nan,nan,nan,nan,nan,nan,nan,nan,1216,-0.0012492858028387843,0.10884665995836258,1.564168632030487,0.038367082551121715,0.03867671824991703,0.03867671824991703,0.21967176720499992,0.002140768235404417,0.009671875066123903,0.6780674457550049,1.0,0.009466346153846153,0.0006590865384615385,3,1.0,1.0,0.0,0.0,7.595892415046692,5.552367835044861,0.0,0.9675000417232513
38,124800,-769.0053462982178,-7.69005320072174,-769.0053462982178,-7.69005320072174,0.0,769.0053462982178,7.69005320072174,-92.11138248443604,-0.9211134958267211,4.047631959915162,0.0,0.0,nan,nan,nan,nan,nan,nan,nan,nan,nan,nan,1248,-0.0009689588322828513,0.08673555999994279,1.5517930150032044,0.02773139365017414,0.03209703527390957,0.03209703527390957,0.20816153660416603,0.0016604100994305905,0.005615624912752537,0.6922106742858887,1.0,0.009451923076923077,0.0006579807692307692,3,1.0,1.0,0.0,0.0,7.930395460128784,5.312394046783448,0.0,0.9425000435113907
39,128000,-688.6527318954468,-6.8865274143218995,-688.6527318954468,-6.8865274143218995,0.0,688.6527318954468,6.8865274143218995,-11.758768081665039,-0.11758770942688024,3.86596884727478,0.0,0.0,nan,nan,nan,nan,nan,nan,nan,nan,nan,nan,1280,-0.00142873728421975,0.04075278919190169,1.5513592839241028,0.004306704830378294,0.05093735232949257,0.05093735232949257,0.16055453717708587,0.0027894940350967484,0.021996874833712356,0.8329073190689087,1.0,0.0094375,0.000656875,3,1.0,1.0,0.0,0.0,6.787208323478699,4.971787061691284,0.0,0.9022321844100952
40,131200,-645.3385725021362,-6.453386015892029,-645.3385725021362,-6.453386015892029,0.0,645.3385725021362,6.453386015892029,31.555391311645508,0.3155536890029902,3.6953052520751952,0.0,0.0,-544.3266736268997,-5.443266736268997,-544.3266736268997,-5.443266736268997,100.0,3.384940782189369,0.0,0.0,544.3266736268997,272.2597267627716,1312,-0.0009322737466311182,0.07061821632087231,1.5563546419143677,0.019711184408515693,0.03112300131469965,0.03112300131469965,0.17663349583745003,0.0012445960750489397,0.004646874987520278,0.47491151094436646,1.0,0.009423076923076923,0.0006557692307692308,3,1.0,1.0,0.0,0.0,6.754661002159119,4.740458180904389,0.0,0.8943304055929184
41,134400,-656.2570762634277,-6.562570843696594,-656.2570762634277,-6.562570843696594,0.0,656.2570762634277,6.562570843696594,20.636887550354004,0.2063688611984249,3.691008245944977,0.0,0.0,nan,nan,nan,nan,nan,nan,nan,nan,nan,nan,1344,-0.0014040084451668378,0.057368253171443936,1.54773268699646,0.012718037515878678,0.04039806313812733,0.04039806313812733,0.17720364928245544,0.0023170766191476493,0.01438437551696552,0.748680055141449,1.0,0.009408653846153846,0.0006546634615384615,3,1.0,1.0,0.0,0.0,7.1352492570877075,4.614326133728027,0.0,0.8820982605218888
42,137600,-638.9733409881592,-6.389733219146729,-638.9733409881592,-6.389733219146729,0.0,638.9733409881592,6.389733219146729,37.92062282562256,0.3792064857482904,3.660759084224701,0.0,0.0,nan,nan,nan,nan,nan,nan,nan,nan,nan,nan,1376,-0.0018832319339504799,0.02756403498351574,1.5406142115592956,-0.0025740993209183217,0.04236477054655552,0.04236477054655552,0.1327793277800083,0.002103452027950674,0.015340624772943557,0.8320457339286804,1.0,0.00939423076923077,0.0006535576923076923,3,1.0,1.0,0.0,0.0,7.264469485282898,4.268084809780121,0.0,0.9212500441074372
43,140800,-730.0873069763184,-7.300872893333435,-730.0873069763184,-7.300872893333435,0.0,730.0873069763184,7.300872893333435,-53.19334316253662,-0.5319331884384155,4.144834787845611,0.0,0.0,nan,nan,nan,nan,nan,nan,nan,nan,nan,nan,1408,-0.0010166821625083866,0.07418588288128376,1.5372756838798523,0.021656908374279738,0.034028813056647775,0.034028813056647775,0.20080355405807496,0.002252152607980682,0.013584374752826988,0.6211954355239868,1.0,0.009379807692307692,0.000652451923076923,3,1.0,1.0,0.0,0.0,7.728987312316894,5.034135479927063,0.0,0.9329018300771713
44,144000,-601.7391519546509,-6.017391543388367,-601.7391519546509,-6.017391543388367,0.0,601.7391519546509,6.017391543388367,75.15481185913086,0.7515481615066522,3.216098334789276,0.0,0.0,nan,nan,nan,nan,nan,nan,nan,nan,nan,nan,1440,-0.0014592630250145789,0.03874943256378174,1.5372809290885925,0.003518225997686386,0.0346801470965147,0.0346801470965147,0.1674458645284176,0.0018494994397777495,0.012549999848124571,0.6314218044281006,1.0,0.009365384615384616,0.0006513461538461538,3,1.0,1.0,0.0,0.0,7.677629604339599,3.7041442084312437,0.0,0.9173661190271377
45,147200,-557.7825121879578,-5.577824788093567,-557.7825121879578,-5.577824788093567,0.0,557.7825121879578,5.577824788093567,119.11145162582397,1.1911149168014523,2.7140245699882506,0.0,0.0,nan,nan,nan,nan,nan,nan,nan,nan,nan,nan,1472,-0.0009374325035605757,0.03994239717721939,1.542068564891815,0.00461394302546978,0.029780187644064426,0.029780187644064426,0.148829335719347,0.0012946018076043417,0.007196875055524288,0.6770170331001282,1.0,0.009350961538461539,0.0006502403846153846,3,1.0,1.0,0.0,0.0,6.4771073532104495,3.203654386997223,0.0,0.9259821844100952
46,150400,-629.9978790283203,-6.299978899955749,-629.9978790283203,-6.299978899955749,0.0,629.9978790283203,6.299978899955749,46.896084785461426,0.46896080493926995,3.6113141775131226,0.0,0.0,nan,nan,nan,nan,nan,nan,nan,nan,nan,nan,1504,-0.0011695049036643645,0.05896244458854198,1.5379329204559327,0.013952747359871865,0.03623075261712074,0.03623075261712074,0.19102795869112016,0.0017208607656364143,0.010128124812035821,0.6909017562866211,1.0,0.009336538461538462,0.0006491346153846153,3,1.0,1.0,0.0,0.0,6.260900802612305,4.520748929977417,0.0,0.9164286184310914
47,153600,-599.8295049667358,-5.998295102119446,-599.8295049667358,-5.998295102119446,0.0,599.8295049667358,5.998295102119446,77.0644588470459,0.7706446027755733,3.43395943403244,0.0,0.0,nan,nan,nan,nan,nan,nan,nan,nan,nan,nan,1536,-0.0009153754309110696,0.029847145453095435,1.5299280643463136,-0.00025396859273314477,0.030288358964025975,0.030288358964025975,0.1153653658926487,0.0012719170084899904,0.005274999996981933,0.7088662385940552,1.0,0.009322115384615385,0.0006480288461538461,3,1.0,1.0,0.0,0.0,7.513853197097778,3.6833315753936766,0.0,0.9193750411272049
48,156800,-567.4741911888123,-5.674741611480713,-567.4741911888123,-5.674741611480713,0.0,567.4741911888123,5.674741611480713,109.41977262496948,1.094198093414306,3.047260775566101,0.0,0.0,nan,nan,nan,nan,nan,nan,nan,nan,nan,nan,1568,-0.0013108590649032691,0.031073566898703574,1.5252853393554688,2.903742715716362e-05,0.03484996110200882,0.03484996110200882,0.13863327503204345,0.002386374268827087,0.014899999627959914,0.7885057926177979,1.0,0.009307692307692308,0.0006469230769230769,3,1.0,1.0,0.0,0.0,6.581047511100769,3.3914394974708557,0.0,0.8949554014205933
49,160000,-556.9408655166626,-5.569408712387085,-556.9408655166626,-5.569408712387085,0.0,556.9408655166626,5.569408712387085,119.95309829711914,1.1995309925079347,2.7848392033576967,0.0,0.0,nan,nan,nan,nan,nan,nan,nan,nan,nan,nan,1600,-0.001421599123359174,0.03189042340964079,1.5296002626419067,0.0003086253069341183,0.0380236815661192,0.0380236815661192,0.12788171768188478,0.0021449107734959456,0.0163375002972316,0.7786860466003418,1.0,0.009293269230769232,0.0006458173076923076,3,1.0,1.0,0.0,0.0,5.305992579460144,3.4577806615829467,0.0,0.9384821861982345
50,163200,-709.9750204086304,-7.099749884605408,-709.9750204086304,-7.099749884605408,0.0,709.9750204086304,7.099749884605408,-33.08105659484863,-0.3308101797103884,3.9290599417686463,0.0,0.0,nan,nan,nan,nan,nan,nan,nan,nan,nan,nan,1632,-0.0011758143399376308,0.057372788712382314,1.542105221748352,0.013201622944325208,0.04352514743804932,0.04352514743804932,0.17094084173440932,0.0026202479122737756,0.01931875001610024,0.6225100159645081,1.0,0.009278846153846153,0.0006447115384615384,3,1.0,1.0,0.0,0.0,7.15988721370697,5.009503359794617,0.0,0.9189732521772385
51,166400,-614.8211512565613,-6.1482116317749025,-614.8211512565613,-6.1482116317749025,0.0,614.8211512565613,6.1482116317749025,62.07281255722046,0.6207280731201168,3.2746743869781496,0.0,0.0,nan,nan,nan,nan,nan,nan,nan,nan,nan,nan,1664,-0.0014489137111813656,0.020796161331236362,1.5349368810653687,-0.005271138483658433,0.03773885779082775,0.03773885779082775,0.10478773191571236,0.0023162938276079913,0.01485000014945399,0.8670532703399658,1.0,0.009264423076923076,0.0006436057692307693,3,1.0,1.0,0.0,0.0,6.895075893402099,3.897333872318268,0.0,0.9199107617139817
52,169600,-665.8009424209595,-6.658009052276611,-665.8009424209595,-6.658009052276611,0.0,665.8009424209595,6.658009052276611,11.093021392822266,0.11093065261840795,3.7603509712219236,0.0,0.0,nan,nan,nan,nan,nan,nan,nan,nan,nan,nan,1696,-0.0011861923051299072,0.036404873430728915,1.5246655106544496,0.0029130883514881132,0.03875567223876715,0.03875567223876715,0.14787789136171342,0.002171756933240262,0.012387500048498623,0.7658839225769043,1.0,0.00925,0.0006425,3,1.0,1.0,0.0,0.0,6.292163395881653,4.768571441173553,0.0,0.9614286100864411
53,172800,-590.8899121284485,-5.908899054527283,-590.8899121284485,-5.908899054527283,0.0,590.8899121284485,5.908899054527283,86.00405168533325,0.8600406503677362,3.325955662727356,0.0,0.0,nan,nan,nan,nan,nan,nan,nan,nan,nan,nan,1728,-0.002321680823247885,0.046884603425860406,1.5111420512199403,0.00716435257345438,0.0538529247045517,0.0538529247045517,0.15645236223936082,0.004089618744911481,0.03393749948590994,0.7017141580581665,1.0,0.009235576923076923,0.0006413942307692308,3,1.0,1.0,0.0,0.0,6.25949942111969,3.737565793991089,0.0,0.91000004529953
54,176000,-715.1375513076782,-7.151375555992127,-715.1375513076782,-7.151375555992127,0.0,715.1375513076782,7.151375555992127,-38.243587493896484,-0.38243585109710754,4.257246525287628,0.0,0.0,nan,nan,nan,nan,nan,nan,nan,nan,nan,nan,1760,-0.0015938041613204224,0.07849288396537304,1.516725194454193,0.023666680604219437,0.05280800871551037,0.05280800871551037,0.1858549304306507,0.0040982497841476765,0.037143750861287114,0.458634614944458,1.0,0.009221153846153846,0.0006402884615384616,3,1.0,1.0,0.0,0.0,6.981166167259216,5.413432698249817,0.0,0.9407143253087997
55,179200,-608.2255644798279,-6.082255892753601,-608.2255644798279,-6.082255892753601,0.0,608.2255644798279,6.082255892753601,68.66839933395386,0.6866838121414185,3.1430838656425477,0.0,0.0,nan,nan,nan,nan,nan,nan,nan,nan,nan,nan,1792,-0.00117304107084637,0.0515635721385479,1.509719157218933,0.010709167364984751,0.039803580939769746,0.039803580939769746,0.1659115418791771,0.002308587965672687,0.019684375093493144,0.5400664806365967,1.0,0.00920673076923077,0.0006391826923076923,3,1.0,1.0,0.0,0.0,4.76076798915863,4.706296358108521,0.0,0.9274107557535172
56,182400,-563.4269189834595,-5.634269137382507,-563.4269189834595,-5.634269137382507,0.0,563.4269189834595,5.634269137382507,113.46704483032227,1.1346705675125124,2.8533496403694154,0.0,0.0,nan,nan,nan,nan,nan,nan,nan,nan,nan,nan,1824,-0.001385311274183909,0.04238512627780437,1.5069272875785829,0.005955113191157579,0.048760583996772765,0.048760583996772765,0.15801254734396936,0.003267953470641147,0.027762500125390943,0.7758784890174866,1.0,0.009192307692307692,0.0006380769230769231,3,1.0,1.0,0.0,0.0,6.141606669425965,3.3729186487197875,0.0,0.9305357503890991
57,185600,-578.8217477798462,-5.788217582702637,-578.8217477798462,-5.788217582702637,0.0,578.8217477798462,5.788217582702637,98.07221603393555,0.9807221221923825,3.0672554397583007,0.0,0.0,nan,nan,nan,nan,nan,nan,nan,nan,nan,nan,1856,-0.0011543506653454827,0.038606477156281474,1.5055564045906067,0.004331064317375422,0.038544198125600816,0.038544198125600816,0.1299425683915615,0.0017621282771878143,0.009943749970625504,0.7073502540588379,1.0,0.009177884615384616,0.0006369711538461539,3,1.0,1.0,0.0,0.0,6.32289843082428,3.9183413910865785,0.0,0.9234375458955765
58,188800,-503.00038146972656,-5.030004134178162,-503.00038146972656,-5.030004134178162,0.0,503.00038146972656,5.030004134178162,173.89358234405518,1.7389355707168574,2.667197663784027,0.0,0.0,nan,nan,nan,nan,nan,nan,nan,nan,nan,nan,1888,-0.0016356326123933228,0.02533673644065857,1.514280617237091,-0.0028433166444301605,0.05189120955765247,0.05189120955765247,0.11492816060781479,0.003305523717427482,0.026581249705850497,0.8029260039329529,1.0,0.009163461538461539,0.0006358653846153846,3,1.0,1.0,0.0,0.0,6.3512317132949825,3.0499317240715027,0.0,0.9065625429153442
59,192000,-578.5267958641052,-5.785267672538757,-578.5267958641052,-5.785267672538757,0.0,578.5267958641052,5.785267672538757,98.36716794967651,0.983672032356262,3.1698468112945557,0.0,0.0,nan,nan,nan,nan,nan,nan,nan,nan,nan,nan,1920,-0.0011644070633337832,0.034162170998752114,1.5129234194755554,0.0020748842507600784,0.0415386151522398,0.0415386151522398,0.13120528161525727,0.002493154981494482,0.015746875084005296,0.6403185725212097,1.0,0.009149038461538462,0.0006347596153846154,3,1.0,1.0,0.0,0.0,7.4822386312484745,3.547928340435028,0.0,0.8727232563495636
60,195200,-570.9346299171448,-5.709346294403076,-570.9346299171448,-5.709346294403076,0.0,570.9346299171448,5.709346294403076,105.95933389663696,1.059593410491943,3.1228264451026915,0.0,0.0,-284.3525323718786,-2.843525323718786,-284.3525323718786,-2.843525323718786,100.0,2.017285524485633,0.02,0.006628474447544858,284.3525323718786,532.2338680177927,1952,-0.0018271462050499343,0.03452459760010242,1.4945994019508362,0.0017825614660978318,0.045076345652341844,0.045076345652341844,0.11011209040880203,0.0026507114933346184,0.017065624881070107,0.7211737632751465,1.0,0.009134615384615385,0.0006336538461538462,3,1.0,1.0,0.0,0.0,6.615890049934388,3.778917863368988,0.0,0.9286161136627197
61,198400,-613.8615803718567,-6.138615832328797,-613.8615803718567,-6.138615832328797,0.0,613.8615803718567,6.138615832328797,63.03238344192505,0.6303238725662226,3.1123563551902773,0.0,0.0,nan,nan,nan,nan,nan,nan,nan,nan,nan,nan,1984,-0.0012218402981758025,0.03048130962997675,1.4927870392799378,0.00040430971421301365,0.03127602506428957,0.03127602506428957,0.12167296260595321,0.0021360590988487283,0.012534374911047053,0.7006319761276245,1.0,0.009120192307692308,0.0006325480769230769,3,1.0,1.0,0.0,0.0,6.734694972038269,3.815548310279846,0.0,0.9308929014205932
62,201600,-556.0074596405029,-5.560074496269226,-556.0074596405029,-5.560074496269226,0.0,556.0074596405029,5.560074496269226,120.88650417327881,1.2088652086257934,2.778339729309082,0.0,0.0,nan,nan,nan,nan,nan,nan,nan,nan,nan,nan,2016,-0.0014460501599824482,0.02848755419254303,1.4734638214111329,-0.0006192944012582303,0.037036017328500745,0.037036017328500745,0.11362634971737862,0.002323277781398199,0.017212500417372212,0.848852813243866,1.0,0.009105769230769232,0.0006314423076923077,3,1.0,1.0,0.0,0.0,6.136764106750488,3.016314134597778,0.0,0.939285758137703
63,204800,-631.6994018554688,-6.3169941902160645,-631.6994018554688,-6.3169941902160645,0.0,631.6994018554688,6.3169941902160645,45.19456195831299,0.45194551467895483,3.3759410905838014,0.0,0.0,nan,nan,nan,nan,nan,nan,nan,nan,nan,nan,2048,-0.001148908470821297,0.03643199130892753,1.4786926746368407,0.0036237794905900956,0.03639334589242935,0.03639334589242935,0.12506024166941643,0.0015164968623147667,0.009846875030780211,0.6519168615341187,1.0,0.009091346153846155,0.0006303365384615385,3,1.0,1.0,0.0,0.0,7.922748975753784,4.078298795223236,0.0,0.8911607611179352
64,208000,-555.4274439811707,-5.554274506568909,-555.4274439811707,-5.554274506568909,0.0,555.4274439811707,5.554274506568909,121.46651983261108,1.2146651983261103,2.95898875951767,0.0,0.0,nan,nan,nan,nan,nan,nan,nan,nan,nan,nan,2080,-0.0014359916180314042,0.035606751963496205,1.4905095458030702,0.0028381439857184886,0.038222385570406914,0.038222385570406914,0.11984915286302567,0.002208996031550588,0.011156249686609953,0.7738881707191467,1.0,0.009076923076923076,0.0006292307692307692,3,1.0,1.0,0.0,0.0,5.770838642120362,3.587703568935394,0.0,0.9335268276929856
65,211200,-590.7358784675598,-5.907358746528626,-590.7358784675598,-5.907358746528626,0.0,590.7358784675598,5.907358746528626,86.15808534622192,0.8615809583663934,3.1910409140586853,0.0,0.0,nan,nan,nan,nan,nan,nan,nan,nan,nan,nan,2112,-0.001380655206181114,0.0355787917971611,1.4848248839378357,0.0029525155201554298,0.04945851154625416,0.04945851154625416,0.0978934831917286,0.0030456698528732178,0.022599999865633436,0.7512089610099792,1.0,0.0090625,0.000628125,3,1.0,1.0,0.0,0.0,5.666542167663574,3.9325871777534487,0.0,0.9316964626312256
66,214400,-553.3164110183716,-5.53316403388977,-553.3164110183716,-5.53316403388977,0.0,553.3164110183716,5.53316403388977,123.57755279541016,1.235775671005249,3.029494203329086,0.0,0.0,nan,nan,nan,nan,nan,nan,nan,nan,nan,nan,2144,-0.0013147974402935247,0.0289060166105628,1.4780024886131287,-0.00023486996069550515,0.03445269055664539,0.03445269055664539,0.10957911051809788,0.002022839554411752,0.012506249945363378,0.7599260210990906,1.0,0.009048076923076923,0.0006270192307692308,3,1.0,1.0,0.0,0.0,4.381637320518494,3.9587065815925597,0.0,0.9543750447034836
67,217600,-580.9262161254883,-5.80926206111908,-580.9262161254883,-5.80926206111908,0.0,580.9262161254883,5.80926206111908,95.96774768829346,0.9596776437759393,3.464666621685028,0.0,0.0,nan,nan,nan,nan,nan,nan,nan,nan,nan,nan,2176,-0.0010246287650894192,0.04240463860332966,1.4852230310440064,0.006760699860751629,0.03024147842079401,0.03024147842079401,0.11473296284675598,0.0014871805149604983,0.005721875090603135,0.745195746421814,1.0,0.009033653846153846,0.0006259134615384615,3,1.0,1.0,0.0,0.0,6.638249549865723,4.085310318470001,0.0,0.9245089709758758
68,220800,-546.6668310165405,-5.466668162345886,-546.6668310165405,-5.466668162345886,0.0,546.6668310165405,5.466668162345886,130.2271327972412,1.302271542549133,2.8585465860366823,0.0,0.0,nan,nan,nan,nan,nan,nan,nan,nan,nan,nan,2208,-0.0013475935203722145,0.02478777468204498,1.4701255202293395,-0.0022131073288619517,0.03801194913685322,0.03801194913685322,0.0838105607777834,0.001889475643111832,0.013328124896725057,0.801405668258667,1.0,0.009019230769230769,0.0006248076923076923,3,1.0,1.0,0.0,0.0,7.437598176002503,3.241281661987305,0.0,0.9013839668035507
69,224000,-533.2643728256226,-5.3326437330245975,-533.2643728256226,-5.3326437330245975,0.0,533.2643728256226,5.3326437330245975,143.62959098815918,1.4362959718704218,3.0478111553192138,0.0,0.0,nan,nan,nan,nan,nan,nan,nan,nan,nan,nan,2240,-0.0009036548455362947,0.04915209487080574,1.472318172454834,0.010414449591189623,0.03196101561188698,0.03196101561188698,0.12841454669833183,0.0012454453302789227,0.00514687503746245,0.6697447896003723,1.0,0.009004807692307692,0.0006237019230769231,3,1.0,1.0,0.0,0.0,6.215969934463501,3.6202518582344054,0.0,0.8943304002285004
70,227200,-517.0722303390503,-5.170722424983978,-517.0722303390503,-5.170722424983978,0.0,517.0722303390503,5.170722424983978,159.82173347473145,1.598217279911041,2.804092983007431,0.0,0.0,nan,nan,nan,nan,nan,nan,nan,nan,nan,nan,2272,-0.0013844329719548299,0.05052109770476818,1.4662386178970337,0.010694066807627679,0.03423802647739649,0.03423802647739649,0.1255785569548607,0.0021315410347606213,0.010037499920872505,0.7032980918884277,1.0,0.008990384615384615,0.0006225961538461538,3,1.0,1.0,0.0,0.0,5.365676140785217,3.357365415096283,0.0,0.917991116642952
71,230400,-530.6848573684692,-5.306848373413086,-530.6848573684692,-5.306848373413086,0.0,530.6848573684692,5.306848373413086,146.2091064453125,1.4620913314819335,2.8685422921180725,0.0,0.0,nan,nan,nan,nan,nan,nan,nan,nan,nan,nan,2304,-0.0015329993892228444,0.03446411471813917,1.4868906736373901,0.0023527848534286022,0.0483138520270586,0.0483138520270586,0.10608590245246888,0.002273848819459936,0.019628124905284493,0.8408493995666504,1.0,0.008975961538461539,0.0006214903846153846,3,1.0,1.0,0.0,0.0,6.414881472587585,3.3934579253196717,0.0,0.89196433365345
72,233600,-524.5607075691223,-5.245607199668885,-524.5607075691223,-5.245607199668885,0.0,524.5607075691223,5.245607199668885,152.33325624465942,1.5233325052261346,3.0873933148384096,0.0,0.0,nan,nan,nan,nan,nan,nan,nan,nan,nan,nan,2336,-0.001295722851809078,0.04273633304983378,1.4696227192878724,0.006902362965047359,0.053753264248371124,0.053753264248371124,0.11979739964008332,0.002822617796483397,0.023006249440368266,0.7983699440956116,1.0,0.008961538461538462,0.0006203846153846154,3,1.0,1.0,0.0,0.0,5.6507892370223995,3.8893685436248777,0.0,0.92147325694561
73,236800,-544.8552327156067,-5.448552300930023,-544.8552327156067,-5.448552300930023,0.0,544.8552327156067,5.448552300930023,132.03873109817505,1.3203874039649959,2.8330667781829835,0.0,0.0,nan,nan,nan,nan,nan,nan,nan,nan,nan,nan,2368,-0.0008992236042890012,0.048783743754029274,1.4585325717926025,0.010442988947033882,0.035529385507106784,0.035529385507106784,0.12134764567017556,0.0012225940357902558,0.005715625124867074,0.7692821025848389,1.0,0.008947115384615385,0.0006192788461538461,3,1.0,1.0,0.0,0.0,6.5052116060256955,3.2472193121910093,0.0,0.9345536094903946
74,240000,-550.5207681655884,-5.505207905769348,-550.5207681655884,-5.505207905769348,0.0,550.5207681655884,5.505207905769348,126.37319564819336,1.2637317991256714,3.0033751940727234,0.0,0.0,nan,nan,nan,nan,nan,nan,nan,nan,nan,nan,2400,-0.0014189287090818682,0.044047138467431066,1.4632748365402222,0.00753365745767951,0.04898530803620815,0.04898530803620815,0.1147342525422573,0.002234736779792884,0.016956249991199,0.8131886720657349,1.0,0.008932692307692308,0.0006181730769230769,3,1.0,1.0,0.0,0.0,6.2574821996688845,3.2702806329727174,0.0,0.9488393372297287
75,243200,-575.0597987174988,-5.7505976009368895,-575.0597987174988,-5.7505976009368895,0.0,575.0597987174988,5.7505976009368895,101.83416509628296,1.0183421039581297,3.052528060674667,0.0,0.0,nan,nan,nan,nan,nan,nan,nan,nan,nan,nan,2432,-0.0014032336266332824,0.03765744809061289,1.436847972869873,0.004611292947083711,0.047384989261627194,0.047384989261627194,0.09437639191746712,0.0022987606105753116,0.014018749845854472,0.853173017501831,1.0,0.008918269230769231,0.0006170673076923077,3,1.0,1.0,0.0,0.0,5.547757039070129,4.069144222736359,0.0,0.9562500458955765
76,246400,-502.45620250701904,-5.0245620322227476,-502.45620250701904,-5.0245620322227476,0.0,502.45620250701904,5.0245620322227476,174.4377613067627,1.7443776726722717,2.5926555597782137,0.0,0.0,nan,nan,nan,nan,nan,nan,nan,nan,nan,nan,2464,-0.0009248993599642041,0.03690515011548996,1.4533857703208923,0.004586952179670334,0.03479884322732687,0.03479884322732687,0.10170178562402725,0.0018350121506964232,0.011021874844664126,0.8726140260696411,1.0,0.008903846153846155,0.0006159615384615384,3,1.0,1.0,0.0,0.0,4.929373667240143,3.5072420716285704,0.0,0.8934821903705596
77,249600,-560.368185043335,-5.603681941032409,-560.368185043335,-5.603681941032409,0.0,560.368185043335,5.603681941032409,116.52577877044678,1.16525776386261,3.0303723192214966,0.0,0.0,nan,nan,nan,nan,nan,nan,nan,nan,nan,nan,2496,-0.0013203010322176746,0.039276528544723986,1.4436952829360963,0.005484345648437738,0.03514871709048748,0.03514871709048748,0.10727122351527214,0.002159164856130672,0.01753750007483177,0.8416513204574585,1.0,0.008889423076923076,0.0006148557692307692,3,1.0,1.0,0.0,0.0,5.525895295143127,3.668134288787842,0.0,0.9300446850061417
78,252800,-521.1847896575928,-5.211847977638245,-521.1847896575928,-5.211847977638245,0.0,521.1847896575928,5.211847977638245,155.70917415618896,1.5570917272567746,2.7464198637008668,0.0,0.0,nan,nan,nan,nan,nan,nan,nan,nan,nan,nan,2528,-0.001462522078631423,0.028636485524475574,1.4324105262756348,0.00014307652600109577,0.03252720534801483,0.03252720534801483,0.10389495268464088,0.001716113885050707,0.01183124992530793,0.8999233245849609,1.0,0.008875000000000001,0.00061375,3,1.0,1.0,0.0,0.0,6.484888501167298,3.2152691507339477,0.0,0.8590625429153442
79,256000,-467.21686029434204,-4.672168588638305,-467.21686029434204,-4.672168588638305,0.0,467.21686029434204,4.672168588638305,209.6771035194397,2.096771116256714,2.046192045211792,0.0,0.0,nan,nan,nan,nan,nan,nan,nan,nan,nan,nan,2560,-0.0019562341841869112,0.0258292518556118,1.4143099784851074,-0.0015732104424387217,0.059924676269292834,0.059924676269292834,0.08131967857480049,0.0032018277554026484,0.035787499614525584,0.8777434825897217,1.0,0.008860576923076922,0.0006126442307692307,3,1.0,1.0,0.0,0.0,5.030333907604217,2.5260173642635344,0.0,0.9525893247127533
80,259200,-552.6674451828003,-5.526674036979675,-552.6674451828003,-5.526674036979675,0.0,552.6674451828003,5.526674036979675,124.22651863098145,1.242265667915344,2.902249231338501,0.0,0.0,-295.4310584962368,-2.954310584962368,-295.4310584962368,-2.954310584962368,100.0,1.8953526827692986,0.0,0.0,295.4310584962368,521.1553418934345,2592,-0.0010271037300844555,0.049698518589138985,1.4483471870422364,0.011009854264557362,0.041908660903573036,0.041908660903573036,0.13364498913288117,0.001944007305429353,0.01333749979348795,0.8483787775039673,1.0,0.008846153846153846,0.0006115384615384615,3,1.0,1.0,0.0,0.0,6.382170243263245,3.2381407952308656,0.0,0.9768304067850113
81,262400,-579.8150362968445,-5.798150391578674,-579.8150362968445,-5.798150391578674,0.0,579.8150362968445,5.798150391578674,97.07892751693726,0.9707893133163452,2.698331413269043,0.0,0.0,nan,nan,nan,nan,nan,nan,nan,nan,nan,nan,2624,-0.001272203045419884,0.04540308564901352,1.4330981731414796,0.008772602211683989,0.04181413184851408,0.04181413184851408,0.09368101805448532,0.0030392035092528073,0.021149999909903273,0.8108779191970825,1.0,0.008831730769230769,0.0006104326923076922,3,1.0,1.0,0.0,0.0,6.144952545166015,3.313085367679596,0.0,0.9450000423192978
82,265600,-628.5974826812744,-6.2859749460220335,-628.5974826812744,-6.2859749460220335,0.0,628.5974826812744,6.2859749460220335,48.296481132507324,0.48296475887298573,3.2233744955062864,0.0,0.0,nan,nan,nan,nan,nan,nan,nan,nan,nan,nan,2656,-0.0013162209898698984,0.038785262405872344,1.4087884902954102,0.005654688831418753,0.04102599136531353,0.04102599136531353,0.0924187384545803,0.002620142060187522,0.021900000143796207,0.8786900639533997,1.0,0.008817307692307692,0.000609326923076923,3,1.0,1.0,0.0,0.0,7.515208630561829,3.806984932422638,0.0,0.8841964781284333
83,268800,-462.35524225234985,-4.623552236557007,-462.35524225234985,-4.623552236557007,0.0,462.35524225234985,4.623552236557007,214.53872156143188,2.1453874683380123,2.1995640456676484,0.0,0.0,nan,nan,nan,nan,nan,nan,nan,nan,nan,nan,2688,-0.0011206803362815876,0.02364543844014406,1.4039514780044555,-0.0016567835584282875,0.029865233413875102,0.029865233413875102,0.08442634418606758,0.0010164963077851838,0.004128125036368146,0.8901941776275635,1.0,0.008802884615384615,0.0006082211538461539,3,1.0,1.0,0.0,0.0,5.699615015983581,2.570085890293121,0.0,0.9142857575416565
84,272000,-528.5989055633545,-5.285989065170288,-528.5989055633545,-5.285989065170288,0.0,528.5989055633545,5.285989065170288,148.29505825042725,1.4829506397247316,2.541778401136398,0.0,0.0,nan,nan,nan,nan,nan,nan,nan,nan,nan,nan,2720,-0.0014008656239893114,0.03622302543371916,1.388673770427704,0.004506340716034174,0.03646119311451912,0.03646119311451912,0.08972190544009209,0.0018273169436735463,0.011556249954446684,0.8633905053138733,1.0,0.008788461538461538,0.0006071153846153847,3,1.0,1.0,0.0,0.0,5.3760546207427975,3.063481533527374,0.0,0.9586607545614243
85,275200,-501.9035110473633,-5.019034855365753,-501.9035110473633,-5.019034855365753,0.0,501.9035110473633,5.019034855365753,174.99045276641846,1.7499048495292664,2.6786599028110505,0.0,0.0,nan,nan,nan,nan,nan,nan,nan,nan,nan,nan,2752,-0.0013603688396513825,0.048297218978405,1.4127556085586548,0.010392668657004833,0.042364847660064694,0.042364847660064694,0.10676875188946724,0.0026212526689060574,0.01800312482519075,0.8095656633377075,1.0,0.008774038461538462,0.0006060096153846154,3,1.0,1.0,0.0,0.0,5.628882732391357,3.169953820705414,0.0,0.898973262310028
86,278400,-559.365564584732,-5.593655743598938,-559.365564584732,-5.593655743598938,0.0,559.365564584732,5.593655743598938,117.52839922904968,1.1752839612960813,3.195876512527466,0.0,0.0,nan,nan,nan,nan,nan,nan,nan,nan,nan,nan,2784,-0.0012674241419415645,0.03726007640361786,1.4119430422782897,0.0049945365637540816,0.03519235886633396,0.03519235886633396,0.09975075349211693,0.0020181024374334444,0.011521875025573535,0.8750839233398438,1.0,0.008759615384615385,0.0006049038461538462,3,1.0,1.0,0.0,0.0,5.917060303688049,3.6688583111763,0.0,0.9032143253087997
87,281600,-530.7570676803589,-5.307570695877075,-530.7570676803589,-5.307570695877075,0.0,530.7570676803589,5.307570695877075,146.13689613342285,1.461369009017944,2.749662902355194,0.0,0.0,nan,nan,nan,nan,nan,nan,nan,nan,nan,nan,2816,-0.0010560919977899152,0.05790173225104809,1.3621111273765565,0.01598284989595413,0.0339292922988534,0.0339292922988534,0.11157670691609382,0.0018048910264053138,0.012981249892618507,0.7523552775382996,1.0,0.008745192307692308,0.0006037980769230769,3,1.0,1.0,0.0,0.0,4.575437614917755,3.906763746738434,0.0,0.8967857539653779
88,284800,-571.6914801597595,-5.7169144296646115,-571.6914801597595,-5.7169144296646115,0.0,571.6914801597595,5.7169144296646115,105.20248365402222,1.0520252752304078,3.026768772602081,0.0,0.0,nan,nan,nan,nan,nan,nan,nan,nan,nan,nan,2848,-0.0010800220166332975,0.062188883870840074,1.3990822315216065,0.017799356020987034,0.05204711612313986,0.05204711612313986,0.13483576402068137,0.0029512291192087393,0.02669062498898711,0.7967093586921692,1.0,0.008730769230769231,0.0006026923076923077,3,1.0,1.0,0.0,0.0,7.603533053398133,3.2551921963691712,0.0,0.9281696861982346
89,288000,-538.5290451049805,-5.385290503501892,-538.5290451049805,-5.385290503501892,0.0,538.5290451049805,5.385290503501892,138.36491870880127,1.3836492013931272,2.7465701961517333,0.0,0.0,nan,nan,nan,nan,nan,nan,nan,nan,nan,nan,2880,-0.0010512888816068156,0.031876000389456746,1.4119036078453064,0.002580071333795786,0.036157948151230815,0.036157948151230815,0.08243678882718086,0.0018590108986255224,0.010143749974668026,0.9192444086074829,1.0,0.008716346153846154,0.0006015865384615385,3,1.0,1.0,0.0,0.0,6.7570525693893435,3.3814533805847167,0.0,0.956428611278534
90,291200,-538.2006435394287,-5.382006707191468,-538.2006435394287,-5.382006707191468,0.0,538.2006435394287,5.382006707191468,138.69332027435303,1.3869329977035516,2.9080645394325257,0.0,0.0,nan,nan,nan,nan,nan,nan,nan,nan,nan,nan,2912,-0.0011804070860788052,0.047742214426398276,1.4304486513137817,0.010243045724928379,0.04315633736550808,0.04315633736550808,0.12304436713457108,0.0019943233521199115,0.011846874908951577,0.8359964489936829,1.0,0.008701923076923078,0.0006004807692307693,3,1.0,1.0,0.0,0.0,6.740699667930603,3.383220555782318,0.0,0.9278571826219558
91,294400,-548.963634967804,-5.489636015892029,-548.963634967804,-5.489636015892029,0.0,548.963634967804,5.489636015892029,127.93032884597778,1.2793036890029903,3.0089187002182007,0.0,0.0,nan,nan,nan,nan,nan,nan,nan,nan,nan,nan,2944,-0.0014393636693013968,0.04153416659682989,1.4547928810119628,0.0066892062313854694,0.059180887043476106,0.059180887043476106,0.11454429663717747,0.0029394373879777303,0.026684374947217294,0.7781463861465454,1.0,0.0086875,0.000599375,3,1.0,1.0,0.0,0.0,5.639892258644104,3.544730920791626,0.0,0.9175893306732178
92,297600,-531.6360487937927,-5.316360507011414,-531.6360487937927,-5.316360507011414,0.0,531.6360487937927,5.316360507011414,145.257915019989,1.4525791978836056,2.8653153777122498,0.0,0.0,nan,nan,nan,nan,nan,nan,nan,nan,nan,nan,2976,-0.00037329874019307316,0.06352272890508175,1.4369643211364747,0.018925164267420767,0.028700095415115357,0.028700095415115357,0.11199300959706307,0.0013972670640223692,0.007775000022593304,0.7519590258598328,1.0,0.008673076923076922,0.0005982692307692308,3,1.0,1.0,0.0,0.0,5.597736349105835,3.7009149956703187,0.0,0.9060268306732178
93,300800,-521.773603439331,-5.217735996246338,-521.773603439331,-5.217735996246338,0.0,521.773603439331,5.217735996246338,155.12036037445068,1.5512037086486812,2.748533842563629,0.0,0.0,nan,nan,nan,nan,nan,nan,nan,nan,nan,nan,3008,-0.0012760284303688252,0.03447683062404394,1.4666139245033265,0.003263484127819538,0.03349057510495186,0.03349057510495186,0.08325067386031151,0.0020587390186856103,0.012990625067322981,0.8695979118347168,1.0,0.008658653846153847,0.0005971634615384616,3,1.0,1.0,0.0,0.0,5.638760814666748,3.469069402217865,0.0,0.9404911088943482
94,304000,-519.2505326271057,-5.192505526542663,-519.2505326271057,-5.192505526542663,0.0,519.2505326271057,5.192505526542663,157.64343118667603,1.5764341783523559,2.773962701559067,0.0,0.0,nan,nan,nan,nan,nan,nan,nan,nan,nan,nan,3040,-0.0014765840889885862,0.02194750662893057,1.4074349880218506,-0.0026690234430134297,0.04818251505494118,0.04818251505494118,0.060674653947353364,0.0025285718453242232,0.025200000405311583,0.9260182976722717,1.0,0.008644230769230769,0.0005960576923076923,3,1.0,1.0,0.0,0.0,5.610325217247009,3.3403163719177247,0.0,0.913303615450859
95,307200,-545.1509466171265,-5.451509275436401,-545.1509466171265,-5.451509275436401,0.0,545.1509466171265,5.451509275436401,131.74301719665527,1.3174304294586179,3.000498790740967,0.0,0.0,nan,nan,nan,nan,nan,nan,nan,nan,nan,nan,3072,-0.0007816846740722916,0.044839025288820264,1.436242699623108,0.009243330173194408,0.028770042583346367,0.028770042583346367,0.11773059368133545,0.0014529508538553338,0.00887812494765967,0.8467013835906982,1.0,0.008629807692307692,0.0005949519230769231,3,1.0,1.0,0.0,0.0,5.8754450225830075,3.3405511474609373,0.0,0.9355357593297958
96,310400,-529.9715886116028,-5.299716038703918,-529.9715886116028,-5.299716038703918,0.0,529.9715886116028,5.299716038703918,146.92237520217896,1.469223666191101,2.6691146230697633,0.0,0.0,nan,nan,nan,nan,nan,nan,nan,nan,nan,nan,3104,-0.001290697866352275,0.027113938704133034,1.4153546690940857,7.244637235999107e-05,0.04529427960515022,0.04529427960515022,0.0674986008554697,0.0023977060962361635,0.020415624642919284,0.9130408763885498,1.0,0.008615384615384615,0.0005938461538461538,3,1.0,1.0,0.0,0.0,5.371490526199341,3.5511985206604004,0.0,0.9151786118745804
97,313600,-505.12860107421875,-5.051285815238953,-505.12860107421875,-5.051285815238953,0.0,505.12860107421875,5.051285815238953,171.765362739563,1.7176538896560665,2.425763144493103,0.0,0.0,nan,nan,nan,nan,nan,nan,nan,nan,nan,nan,3136,-0.001383407376275869,0.040055733546614646,1.4559738278388976,0.006121684797108173,0.04184179939329624,0.04184179939329624,0.08859931156039239,0.002042457851349432,0.011656250106170774,0.8675660490989685,1.0,0.008600961538461538,0.0005927403846153846,3,1.0,1.0,0.0,0.0,5.129548397064209,3.0937505841255186,0.0,0.9738839709758759
98,316800,-558.6243476867676,-5.586243541240692,-558.6243476867676,-5.586243541240692,0.0,558.6243476867676,5.586243541240692,118.26961612701416,1.1826961636543274,3.01408416390419,0.0,0.0,nan,nan,nan,nan,nan,nan,nan,nan,nan,nan,3168,-0.0010584312403312702,0.031213083863258363,1.4165655016899108,0.002384717110544443,0.03369886055588722,0.03369886055588722,0.08203165084123612,0.0019064119936966592,0.0101218749769032,0.8572294116020203,1.0,0.008586538461538461,0.0005916346153846154,3,1.0,1.0,0.0,0.0,5.8377537393569945,4.062560880184174,0.0,0.9151786142587661
99,320000,-495.7411894798279,-4.957411863803864,-495.7411894798279,-4.957411863803864,0.0,495.7411894798279,4.957411863803864,181.15277433395386,1.8115278410911557,2.7643103182315825,0.0,0.0,nan,nan,nan,nan,nan,nan,nan,nan,nan,nan,3200,-0.0018359056699322807,0.027456025779247283,1.3907302618026733,-2.939309924840927e-05,0.047182559967041016,0.047182559967041016,0.07352165430784226,0.0023445837825430975,0.021624999749474228,0.8961043357849121,1.0,0.008572115384615385,0.0005905288461538462,3,1.0,1.0,0.0,0.0,4.878418583869934,3.2232696640491487,0.0,0.9848214691877365
100,323200,-511.72962284088135,-5.117296330928802,-511.72962284088135,-5.117296330928802,0.0,511.72962284088135,5.117296330928802,165.1643409729004,1.651643373966217,2.5199248898029327,0.0,0.0,-555.9149998426437,-5.559149998426437,-555.9149998426437,-5.559149998426437,100.0,4.334525464624167,0.0,0.0,555.9149998426437,260.6714005470276,3232,-0.001686566361412467,0.03368195667862892,1.43808012008667,0.0028477651067078114,0.04461906999349594,0.04461906999349594,0.0787353090941906,0.0027909333701255446,0.016868749837158248,0.8635467886924744,1.0,0.008557692307692308,0.0005894230769230769,3,1.0,1.0,0.0,0.0,5.441511058807373,3.2978347325325013,0.0,0.908526822924614
101,326400,-508.5128450393677,-5.085128819942474,-508.5128450393677,-5.085128819942474,0.0,508.5128450393677,5.085128819942474,168.38111877441406,1.6838108849525453,2.573364030122757,0.0,0.0,nan,nan,nan,nan,nan,nan,nan,nan,nan,nan,3264,-0.001656119442125803,0.028686276450753213,1.4192209243774414,0.0005622328259050846,0.05087267309427261,0.05087267309427261,0.06581033542752265,0.0030357144525634677,0.031056249979883432,0.8920234441757202,1.0,0.008543269230769231,0.0005883173076923077,3,1.0,1.0,0.0,0.0,4.265074052810669,3.383721616268158,0.0,0.9295089679956436
102,329600,-500.3652648925781,-5.0036525988578795,-500.3652648925781,-5.0036525988578795,0.0,500.3652648925781,5.0036525988578795,176.5286989212036,1.7652871060371398,2.5367293226718903,0.0,0.0,nan,nan,nan,nan,nan,nan,nan,nan,nan,nan,3296,-0.001353587368864062,0.03759973719716072,1.4330260157585144,0.00522422268986702,0.04260688722133636,0.04260688722133636,0.08250863701105118,0.0022426527742946826,0.016928124937112442,0.8525179624557495,1.0,0.008528846153846154,0.0005872115384615384,3,1.0,1.0,0.0,0.0,5.697649807929992,3.3791946506500246,0.0,0.9295536088943481
103,332800,-433.0871150493622,-4.330871043205261,-433.0871150493622,-4.330871043205261,0.0,433.0871150493622,4.330871043205261,243.80684876441956,2.4380686616897584,2.234095946550369,0.0,0.0,nan,nan,nan,nan,nan,nan,nan,nan,nan,nan,3328,-0.0009077688262564721,0.03312669415026903,1.424263882637024,0.0035287932492792605,0.03259135987609625,0.03259135987609625,0.07466121912002563,0.001730868003506901,0.008734375069616362,0.8419930338859558,1.0,0.008514423076923077,0.0005861057692307692,3,1.0,1.0,0.0,0.0,4.358935263156891,2.478114745616913,0.0,0.962589322924614
104,336000,-463.10445261001587,-4.631044609546661,-463.10445261001587,-4.631044609546661,0.0,463.10445261001587,4.631044609546661,213.78951120376587,2.137895095348358,2.281697461605072,0.0,0.0,nan,nan,nan,nan,nan,nan,nan,nan,nan,nan,3360,-0.0012045359953539504,0.050304770842194556,1.4166757941246033,0.011906104255467653,0.04109689649194479,0.04109689649194479,0.1000914104282856,0.0022309293883165738,0.013521875079459279,0.7679067254066467,1.0,0.0085,0.000585,3,1.0,1.0,0.0,0.0,6.260037679672241,2.714400386810303,0.0,0.9235714781284332
105,339200,-446.7521905899048,-4.467522013187408,-446.7521905899048,-4.467522013187408,0.0,446.7521905899048,4.467522013187408,230.14177322387695,2.301417691707611,2.136280589103699,0.0,0.0,nan,nan,nan,nan,nan,nan,nan,nan,nan,nan,3392,-0.0017273126596236033,0.03214614167809486,1.4086947798728944,0.0023921702057123186,0.04742937497794628,0.04742937497794628,0.06523617282509804,0.0026407807628868593,0.018290625009103677,0.8615198731422424,1.0,0.008485576923076922,0.0005838942307692307,3,1.0,1.0,0.0,0.0,5.344579527378082,2.512108607292175,0.0,0.9349107575416565
106,342400,-422.55547285079956,-4.22555472612381,-422.55547285079956,-4.22555472612381,0.0,422.55547285079956,4.22555472612381,254.33849096298218,2.5433849787712095,2.1362133526802065,0.0,0.0,nan,nan,nan,nan,nan,nan,nan,nan,nan,nan,3424,-0.0016543267526781592,0.03245165441185236,1.4008356094360352,0.0027048067189753056,0.04655429236590862,0.04655429236590862,0.07413903772830963,0.0023385474683903403,0.014050000119459583,0.8735984563827515,1.0,0.008471153846153847,0.0005827884615384615,3,1.0,1.0,0.0,0.0,5.393355658054352,2.472300444841385,0.0,0.9586607551574707
107,345600,-519.1561965942383,-5.191561818122864,-519.1561965942383,-5.191561818122864,0.0,519.1561965942383,5.191561818122864,157.73776721954346,1.5773778867721555,2.42160481095314,0.0,0.0,nan,nan,nan,nan,nan,nan,nan,nan,nan,nan,3456,-0.0012802448051981719,0.03297301288694143,1.4231310963630677,0.0031712244264781473,0.04690639600157738,0.04690639600157738,0.06422449313104153,0.00265799957706017,0.019428125087870285,0.8175624012947083,1.0,0.008456730769230768,0.0005816826923076923,3,1.0,1.0,0.0,0.0,6.064849429130554,3.0259660136699678,0.0,0.9023661136627197
108,348800,-503.42826318740845,-5.034282510280609,-503.42826318740845,-5.034282510280609,0.0,503.42826318740845,5.034282510280609,173.4657006263733,1.7346571946144103,2.7572339284420013,0.0,0.0,nan,nan,nan,nan,nan,nan,nan,nan,nan,nan,3488,-0.0016377130480250911,0.025449734553694724,1.4369132399559021,-0.0010437095537781716,0.04559232816100121,0.04559232816100121,0.05339962802827358,0.0028227916722255203,0.02715312495129183,0.8495987057685852,1.0,0.008442307692307692,0.000580576923076923,3,1.0,1.0,0.0,0.0,5.079802975654602,3.1390978133678438,0.0,0.9488839662075043
109,352000,-509.05208587646484,-5.090520901679993,-509.05208587646484,-5.090520901679993,0.0,509.05208587646484,5.090520901679993,167.8418779373169,1.6784188032150267,2.3671510827541353,0.0,0.0,nan,nan,nan,nan,nan,nan,nan,nan,nan,nan,3520,-0.001174523012491413,0.04327385984361172,1.42662752866745,0.008438954968005419,0.034585788287222384,0.034585788287222384,0.07588441148400307,0.0017337792407500319,0.011465624999254942,0.8039353489875793,1.0,0.008427884615384615,0.0005794711538461538,3,1.0,1.0,0.0,0.0,4.953504891395569,3.3231505727767945,0.0,0.9352232611179352
110,355200,-547.018768787384,-5.4701876449584965,-547.018768787384,-5.4701876449584965,0.0,547.018768787384,5.4701876449584965,129.8751950263977,1.2987520599365228,3.0002396941184997,0.0,0.0,nan,nan,nan,nan,nan,nan,nan,nan,nan,nan,3552,-0.0011231242211302561,0.0763419933617115,1.4416459441184997,0.024918638914823533,0.033315888978540896,0.033315888978540896,0.10936703383922577,0.0017391122368292141,0.010262499923555879,0.6716442108154297,1.0,0.008413461538461538,0.0005783653846153846,3,1.0,1.0,0.0,0.0,7.155575704574585,3.4802010297775268,0.0,0.8902678996324539
111,358400,-577.7011346817017,-5.777011523246765,-577.7011346817017,-5.777011523246765,0.0,577.7011346817017,5.777011523246765,99.19282913208008,0.9919281816482544,2.854606692790985,0.0,0.0,nan,nan,nan,nan,nan,nan,nan,nan,nan,nan,3584,-0.001530121058225653,0.052118686586618425,1.4322452187538146,0.01249973950907588,0.052405742555856706,0.052405742555856706,0.09137450382113457,0.002435558936123357,0.019456249714130534,0.7887769937515259,1.0,0.008399038461538461,0.0005772596153846153,3,1.0,1.0,0.0,0.0,5.353066601753235,3.9878502535820006,0.0,0.9330357551574707
112,361600,-503.8725175857544,-5.038725059032441,-503.8725175857544,-5.038725059032441,0.0,503.8725175857544,5.038725059032441,173.02144622802734,1.7302146458625787,2.529435107707977,0.0,0.0,nan,nan,nan,nan,nan,nan,nan,nan,nan,nan,3616,-0.0015742432415718267,0.03594779781997204,1.4462074160575866,0.004273762833327055,0.05984303317964077,0.05984303317964077,0.07169444859027863,0.003092221182306596,0.028659374837297948,0.7736993432044983,1.0,0.008384615384615384,0.0005761538461538461,3,1.0,1.0,0.0,0.0,4.959947381019592,3.127565871477127,0.0,0.8617411094903946
113,364800,-493.08001470565796,-4.930800123214722,-493.08001470565796,-4.930800123214722,0.0,493.08001470565796,4.930800123214722,183.81394910812378,1.8381395816802977,2.5816991007328034,0.0,0.0,nan,nan,nan,nan,nan,nan,nan,nan,nan,nan,3648,-0.001073931091788083,0.027408132329583168,1.4449811100959777,0.0005353647284209728,0.047261249646544455,0.047261249646544455,0.06074425168335438,0.0022507668501942665,0.013678124826401471,0.8086152076721191,1.0,0.008370192307692308,0.0005750480769230769,3,1.0,1.0,0.0,0.0,5.6387837648391725,3.0632815599441527,0.0,0.9154464691877365
114,368000,-594.063967704773,-5.940639605522156,-594.063967704773,-5.940639605522156,0.0,594.063967704773,5.940639605522156,82.82999610900879,0.8283000993728633,3.197731430530548,0.0,0.0,nan,nan,nan,nan,nan,nan,nan,nan,nan,nan,3680,-0.0014859353586100133,0.049695417284965515,1.4509928941726684,0.0112376113422215,0.05150517299771309,0.05150517299771309,0.09474927335977554,0.0025578021086415043,0.017371874881064286,0.7028074264526367,1.0,0.00835576923076923,0.0005739423076923076,3,1.0,1.0,0.0,0.0,6.363932461738586,3.967700457572937,0.0,0.9523214757442474
115,371200,-588.5081510543823,-5.885081701278686,-588.5081510543823,-5.885081701278686,0.0,588.5081510543823,5.885081701278686,88.38581275939941,0.883858003616333,2.8872418785095215,0.0,0.0,nan,nan,nan,nan,nan,nan,nan,nan,nan,nan,3712,-0.0014829306007828613,0.03819632586091757,1.4434491634368896,0.005574923753738403,0.057607121765613556,0.057607121765613556,0.0844330333173275,0.003199404146290634,0.023584375105201616,0.7326036691665649,1.0,0.008341346153846154,0.0005728365384615384,3,1.0,1.0,0.0,0.0,6.612328796386719,3.6760102343559264,0.0,0.9191518312692643
116,374400,-495.85303020477295,-4.958530604839325,-495.85303020477295,-4.958530604839325,0.0,495.85303020477295,4.958530604839325,181.0409336090088,1.8104091000556943,2.64060848236084,0.0,0.0,nan,nan,nan,nan,nan,nan,nan,nan,nan,nan,3744,-0.001513010034989648,0.03360722120851278,1.436327826976776,0.0033304087817668917,0.05232606157660484,0.05232606157660484,0.07557078301906586,0.003147076636379546,0.021378124866168947,0.7513824701309204,1.0,0.008326923076923077,0.0005717307692307693,3,1.0,1.0,0.0,0.0,4.459990274906159,3.4648594212532045,0.0,0.9367857497930526
117,377600,-590.4312191009521,-5.904312324523926,-590.4312191009521,-5.904312324523926,0.0,590.4312191009521,5.904312324523926,86.46274471282959,0.8646273803710933,2.960276672840118,0.0,0.0,nan,nan,nan,nan,nan,nan,nan,nan,nan,nan,3776,-0.0016474499783245555,0.04027946144342422,1.4332560300827026,0.006578340008854866,0.04608586393296719,0.04608586393296719,0.07051019631326198,0.002997447569215504,0.01796249971957877,0.759268045425415,1.0,0.0083125,0.000570625,3,1.0,1.0,0.0,0.0,5.66189817905426,3.6803471994400025,0.0,0.9150893306732177
118,380800,-558.5395612716675,-5.585395531654358,-558.5395612716675,-5.585395531654358,0.0,558.5395612716675,5.585395531654358,118.35440254211426,1.1835441732406613,2.556203625202179,0.0,0.0,nan,nan,nan,nan,nan,nan,nan,nan,nan,nan,3808,-0.00115112417438068,0.05387009978294373,1.4232208728790283,0.013973930198699237,0.041074134036898614,0.041074134036898614,0.08910218253731728,0.0020780774866593923,0.015762500028358772,0.7030252814292908,1.0,0.008298076923076924,0.0005695192307692308,3,1.0,1.0,0.0,0.0,4.419529151916504,4.144068636894226,0.0,0.9170982640981674
119,384000,-476.60974645614624,-4.766097786426545,-476.60974645614624,-4.766097786426545,0.0,476.60974645614624,4.766097786426545,200.2842173576355,2.0028419184684747,2.4877678775787353,0.0,0.0,nan,nan,nan,nan,nan,nan,nan,nan,nan,nan,3840,-0.001404685300646813,0.05316292457282543,1.4342687249183654,0.0132957904599607,0.04377528242766857,0.04377528242766857,0.0849079243838787,0.002763595508441914,0.021981249933014625,0.756442666053772,1.0,0.008283653846153847,0.0005684134615384616,3,1.0,1.0,0.0,0.0,4.433787648677826,3.002558672428131,0.0,0.9401339739561081
120,387200,-460.1449456214905,-4.601449584960937,-460.1449456214905,-4.601449584960937,0.0,460.1449456214905,4.601449584960937,216.74901819229126,2.167490119934082,2.3274378502368926,0.0,0.0,-659.7808701395988,-6.597808701395988,-659.7808701395988,-6.597808701395988,100.0,5.3174448831379415,0.0,0.0,659.7808701395988,156.80553025007248,3872,-0.0019058516509831592,0.025617127306759357,1.4357093691825866,-0.0009695001877844334,0.05625347159802914,0.05625347159802914,0.0633991502225399,0.002596764644842074,0.01849687492940575,0.8783035278320312,1.0,0.008269230769230768,0.0005673076923076923,3,1.0,1.0,0.0,0.0,5.329594650268555,2.635830602645874,0.0,0.9351786106824875
121,390400,-481.75934886932373,-4.8175936126708985,-481.75934886932373,-4.8175936126708985,0.0,481.75934886932373,4.8175936126708985,195.134614944458,1.9513460922241208,2.3078185856342315,0.0,0.0,nan,nan,nan,nan,nan,nan,nan,nan,nan,nan,3904,-0.001232759814534834,0.040885841101408006,1.402811062335968,0.007630225550383329,0.03404692839831114,0.03404692839831114,0.08117631934583187,0.0012659943051416664,0.005162500007281778,0.707079291343689,1.0,0.008254807692307693,0.0005662019230769231,3,1.0,1.0,0.0,0.0,5.475150218009949,2.7850612139701845,0.0,0.9082589679956437
122,393600,-508.25451469421387,-5.082545113563538,-508.25451469421387,-5.082545113563538,0.0,508.25451469421387,5.082545113563538,168.63944911956787,1.6863945913314815,2.5379271697998047,0.0,0.0,nan,nan,nan,nan,nan,nan,nan,nan,nan,nan,3936,-0.0021982520659920013,0.03887914568185806,1.3959865331649781,0.00573785426095128,0.05393088757991791,0.05393088757991791,0.0814924567937851,0.00321159848754309,0.02861562511388911,0.7559736967086792,1.0,0.008240384615384615,0.0005650961538461539,3,1.0,1.0,0.0,0.0,5.453025999069214,3.04521680355072,0.0,0.9498214721679688
123,396800,-606.3384294509888,-6.063384184837341,-606.3384294509888,-6.063384184837341,0.0,606.3384294509888,6.063384184837341,70.55553436279297,0.7055555200576782,3.7006020021438597,0.0,0.0,nan,nan,nan,nan,nan,nan,nan,nan,nan,nan,3968,-0.001360556083102793,0.08960731849074363,1.4397659063339234,0.03159964457154274,0.05304634124040604,0.05304634124040604,0.12194023877382279,0.0027574447449309415,0.02555937471333891,0.6132632493972778,1.0,0.008225961538461538,0.0005639903846153846,3,1.0,1.0,0.0,0.0,6.996106042861938,4.090547535419464,0.0,0.9265625375509262
124,400000,-533.8155355453491,-5.3381551742553714,-533.8155355453491,-5.3381551742553714,0.0,533.8155355453491,5.3381551742553714,143.07842826843262,1.4307845306396478,2.714503047466278,0.0,0.0,nan,nan,nan,nan,nan,nan,nan,nan,nan,nan,4000,-0.0014655368887936504,0.03834395296871662,1.4407679915428162,0.00587551798671484,0.04085334204137325,0.04085334204137325,0.07769520580768585,0.001805035908183858,0.013537499899393879,0.7548761963844299,1.0,0.008211538461538461,0.0005628846153846154,3,1.0,1.0,0.0,0.0,5.639774885177612,3.078665726184845,0.0,0.9441964727640152
125,403200,-527.1699857711792,-5.271699604988098,-527.1699857711792,-5.271699604988098,0.0,527.1699857711792,5.271699604988098,149.72397804260254,1.4972400999069215,2.8648921489715575,0.0,0.0,nan,nan,nan,nan,nan,nan,nan,nan,nan,nan,4032,-0.0011158160505117642,0.05081153586506844,1.4300004363059997,0.01256807278841734,0.03553793579339981,0.03553793579339981,0.08763903602957726,0.002320857961605219,0.019365624996135013,0.6688697934150696,1.0,0.008197115384615384,0.0005617788461538462,3,1.0,1.0,0.0,0.0,5.838445892333985,3.1809513640403746,0.0,0.9403125447034836
126,406400,-592.1851296424866,-5.921851482391357,-592.1851296424866,-5.921851482391357,0.0,592.1851296424866,5.921851482391357,84.70883417129517,0.847088222503662,3.464941942691803,0.0,0.0,nan,nan,nan,nan,nan,nan,nan,nan,nan,nan,4064,-0.0010780532102798723,0.074500173330307,1.4550638318061828,0.024265693314373494,0.04358020182698965,0.04358020182698965,0.10312549024820328,0.0025168353888159615,0.022646874492056667,0.6082465648651123,1.0,0.008182692307692307,0.0005606730769230769,3,1.0,1.0,0.0,0.0,7.690074262619018,3.886651883125305,0.0,0.8662500429153442
127,409600,-487.4620213508606,-4.8746200299263,-487.4620213508606,-4.8746200299263,0.0,487.4620213508606,4.8746200299263,189.43194246292114,1.8943196749687194,2.631903958320618,0.0,0.0,nan,nan,nan,nan,nan,nan,nan,nan,nan,nan,4096,-0.0015931027586223224,0.03378115706145764,1.441407310962677,0.0035236730240285397,0.049698394164443015,0.049698394164443015,0.06666045971214771,0.0028102717697050025,0.02254374974872917,0.8361128568649292,1.0,0.00816826923076923,0.0005595673076923077,3,1.0,1.0,0.0,0.0,4.452425653934479,3.6305296516418455,0.0,0.9183482605218888
128,412800,-559.848156452179,-5.598481595516205,-559.848156452179,-5.598481595516205,0.0,559.848156452179,5.598481595516205,117.04580736160278,1.1704581093788144,2.7858193361759187,0.0,0.0,nan,nan,nan,nan,nan,nan,nan,nan,nan,nan,4128,-0.0010455612326040864,0.04320198483765125,1.4322088718414308,0.008877420052886009,0.03551993183791637,0.03551993183791637,0.08609901517629623,0.0015115298119792136,0.0088687500130618,0.7985706329345703,1.0,0.008153846153846154,0.0005584615384615385,3,1.0,1.0,0.0,0.0,6.030054705142975,3.8699031233787538,0.0,0.9147768294811249
129,416000,-448.00516748428345,-4.480051522254944,-448.00516748428345,-4.480051522254944,0.0,448.00516748428345,4.480051522254944,228.8887963294983,2.2888881826400755,1.9792730736732482,0.0,0.0,nan,nan,nan,nan,nan,nan,nan,nan,nan,nan,4160,-0.0014900619422318685,0.028298797272145747,1.4367077708244325,0.0009653644636273384,0.03953103683888912,0.03953103683888912,0.07014054097235203,0.0026350973799719067,0.018840625061056927,0.8587826490402222,1.0,0.008139423076923077,0.0005573557692307692,3,1.0,1.0,0.0,0.0,5.6566194772720335,2.3210729348659513,0.0,0.9293304032087326
130,419200,-519.3175015449524,-5.193175058364869,-519.3175015449524,-5.193175058364869,0.0,519.3175015449524,5.193175058364869,157.57646226882935,1.5757646465301507,2.667332080602646,0.0,0.0,nan,nan,nan,nan,nan,nan,nan,nan,nan,nan,4192,-0.0016816902827005542,0.035206795856356624,1.4272663831710815,0.004325168766081333,0.04661283902823925,0.04661283902823925,0.07621637284755707,0.0025121860104274627,0.019231250321900005,0.7963135242462158,1.0,0.008125,0.00055625,3,1.0,1.0,0.0,0.0,5.587648384571075,3.1456668829917906,0.0,0.9342411118745804
131,422400,-497.5091190338135,-4.975091171264649,-497.5091190338135,-4.975091171264649,0.0,497.5091190338135,4.975091171264649,179.38484477996826,1.7938485336303707,2.6622406566143035,0.0,0.0,nan,nan,nan,nan,nan,nan,nan,nan,nan,nan,4224,-0.0016925857425434288,0.032006898708641526,1.3993715643882751,0.002961152419447899,0.051822460070252416,0.051822460070252416,0.06504080258309841,0.0032696140697237473,0.02690625003851892,0.8739135265350342,1.0,0.008110576923076923,0.0005551442307692308,3,1.0,1.0,0.0,0.0,4.958814315795898,3.111647732257843,0.0,0.925669686794281
132,425600,-538.4846596717834,-5.38484673500061,-538.4846596717834,-5.38484673500061,0.0,538.4846596717834,5.38484673500061,138.4093041419983,1.384092969894409,2.9902497005462645,0.0,0.0,nan,nan,nan,nan,nan,nan,nan,nan,nan,nan,4256,-0.0012213424458284773,0.06297209188342094,1.395977222919464,0.018962657451629637,0.03925027400255203,0.03925027400255203,0.09970922991633416,0.002250959574304258,0.01613437510095537,0.7473263740539551,1.0,0.008096153846153847,0.0005540384615384615,3,1.0,1.0,0.0,0.0,5.8029171657562255,3.546840479373932,0.0,0.9146429014205932
133,428800,-457.9190902709961,-4.579190843105316,-457.9190902709961,-4.579190843105316,0.0,457.9190902709961,4.579190843105316,218.97487354278564,2.1897488617897034,2.3020592749118807,0.0,0.0,nan,nan,nan,nan,nan,nan,nan,nan,nan,nan,4288,-0.0014379271252546566,0.03912385031580925,1.3798030853271483,0.006972801685333252,0.04545672945678234,0.04545672945678234,0.09244790449738502,0.0020645008422446754,0.015356250241165981,0.839603066444397,1.0,0.00808173076923077,0.0005529326923076923,3,1.0,1.0,0.0,0.0,4.8503139877319335,2.940270723104477,0.0,0.9241518288850784
134,432000,-448.49647521972656,-4.484964649677277,-448.49647521972656,-4.484964649677277,0.0,448.49647521972656,4.484964649677277,228.39748859405518,2.2839750552177422,2.046591966152191,0.0,0.0,nan,nan,nan,nan,nan,nan,nan,nan,nan,nan,4320,-0.0012118599726615997,0.032530133798718455,1.3683426976203918,0.004014364909380674,0.03988398090004921,0.03988398090004921,0.07213157527148724,0.0016074213039258592,0.009756250111968257,0.8846526741981506,1.0,0.008067307692307693,0.0005518269230769231,3,1.0,1.0,0.0,0.0,4.934905879497528,2.67657261133194,0.0,0.9041518294811248
135,435200,-517.4290056228638,-5.174289865493774,-517.4290056228638,-5.174289865493774,0.0,517.4290056228638,5.174289865493774,159.46495819091797,1.594649839401245,2.694209430217743,0.0,0.0,nan,nan,nan,nan,nan,nan,nan,nan,nan,nan,4352,-0.0015571253258269025,0.053196017444133756,1.3888151407241822,0.013856915291398764,0.052070851624011996,0.052070851624011996,0.09649857655167579,0.002148948209652483,0.012531250106985681,0.7584322094917297,1.0,0.008052884615384615,0.0005507211538461538,3,1.0,1.0,0.0,0.0,4.837232208251953,3.2149314379692076,0.0,0.9080803978443146
136,438400,-463.0166449546814,-4.630166592597962,-463.0166449546814,-4.630166592597962,0.0,463.0166449546814,4.630166592597962,213.87731885910034,2.1387731122970575,2.384299066066742,0.0,0.0,nan,nan,nan,nan,nan,nan,nan,nan,nan,nan,4384,-0.0011737662715546548,0.037588171660900116,1.3704775810241698,0.006603788863867521,0.04140407033264637,0.04140407033264637,0.07325788736343383,0.002177406115516896,0.010987500042756438,0.8655790686607361,1.0,0.00803846153846154,0.0005496153846153846,3,1.0,1.0,0.0,0.0,5.655291125774384,2.8389961385726927,0.0,0.9136161142587662
137,441600,-423.581570148468,-4.235815913677215,-423.581570148468,-4.235815913677215,0.0,423.581570148468,4.235815913677215,253.31239366531372,2.533123791217804,2.2719366717338563,0.0,0.0,nan,nan,nan,nan,nan,nan,nan,nan,nan,nan,4416,-0.0011660402697744488,0.03683935683220625,1.378570032119751,0.006191938556730748,0.04453194960951805,0.04453194960951805,0.07953460179269314,0.002142211460888002,0.015615625027567148,0.8366935849189758,1.0,0.008024038461538461,0.0005485096153846154,3,1.0,1.0,0.0,0.0,4.990971412658691,2.5238207066059113,0.0,0.9445982593297958
138,444800,-549.7254076004028,-5.497254149913788,-549.7254076004028,-5.497254149913788,0.0,549.7254076004028,5.497254149913788,127.1685562133789,1.2716855549812314,2.9646329319477083,0.0,0.0,nan,nan,nan,nan,nan,nan,nan,nan,nan,nan,4448,-0.0019761746099684176,0.06539593152701854,1.4005675077438355,0.01950378380715847,0.050880109518766405,0.050880109518766405,0.09828316867351532,0.0032537451712427077,0.029837499465793373,0.6986411809921265,1.0,0.008009615384615384,0.0005474038461538461,3,1.0,1.0,0.0,0.0,5.952814192771911,3.3775292348861696,0.0,0.9142857539653778
139,448000,-475.4111576080322,-4.754111630916595,-475.4111576080322,-4.754111630916595,0.0,475.4111576080322,4.754111630916595,201.4828062057495,2.014828073978424,2.3151534676551817,0.0,0.0,nan,nan,nan,nan,nan,nan,nan,nan,nan,nan,4480,-0.0012333348371553754,0.031109833531081675,1.3874459862709045,0.003228685073554516,0.03969605751335621,0.03969605751335621,0.06710175424814224,0.0018446832829808549,0.016956250311341136,0.8934771418571472,1.0,0.007995192307692307,0.0005462980769230769,3,1.0,1.0,0.0,0.0,5.18878219127655,2.99951008439064,0.0,0.9044196796417237
140,451200,-456.6217303276062,-4.566217331886292,-456.6217303276062,-4.566217331886292,0.0,456.6217303276062,4.566217331886292,220.27223348617554,2.2027223730087275,2.4687968778610228,0.0,0.0,-652.6268754899502,-6.526268754899502,-652.6268754899502,-6.526268754899502,100.0,5.137924551907926,0.0,0.0,652.6268754899502,163.95952489972115,4512,-0.0013326499432210425,0.04660769067704677,1.3970535397529602,0.010821633040904999,0.04243679232895374,0.04243679232895374,0.07429159507155418,0.0019265539354831594,0.014634375195601023,0.7754824161529541,1.0,0.00798076923076923,0.0005451923076923077,3,1.0,1.0,0.0,0.0,4.9398009300231935,2.862816834449768,0.0,0.9596875441074372
141,454400,-521.1853895187378,-5.211853938102722,-521.1853895187378,-5.211853938102722,0.0,521.1853895187378,5.211853938102722,155.70857429504395,1.557085766792297,2.686377121210098,0.000625,0.00016954315292485217,nan,nan,nan,nan,nan,nan,nan,nan,nan,nan,4544,-0.0011016425005974996,0.06542312763631344,1.4122348427772522,0.020359569881111383,0.039322337880730626,0.039322337880730626,0.10245834439992904,0.001663169774839246,0.006678125027974602,0.6891481280326843,1.0,0.007966346153846154,0.0005440865384615384,3,1.0,1.0,0.03125,0.000625,5.371752851009369,3.156193196773529,0.0003125,0.9354911077022553
142,457600,-468.519159078598,-4.685191705226898,-468.519159078598,-4.685191705226898,0.0,468.519159078598,4.685191705226898,208.37480473518372,2.0837479996681214,2.2584591937065124,0.0,0.0,nan,nan,nan,nan,nan,nan,nan,nan,nan,nan,4576,-0.001491317030112249,0.046475087851285936,1.3821689248085023,0.010755326319485902,0.045198339596390726,0.045198339596390726,0.08949453756213188,0.001982905814658297,0.014134375033609103,0.7459056377410889,1.0,0.007951923076923077,0.0005429807692307692,3,1.0,1.0,0.0,0.0,5.596679439544678,2.6669962322711944,0.0,0.9080357599258423
143,460800,-459.93746852874756,-4.5993745589256285,-459.93746852874756,-4.5993745589256285,0.0,459.93746852874756,4.5993745589256285,216.95649528503418,2.1695651459693908,2.1592328464984893,0.0,0.0,nan,nan,nan,nan,nan,nan,nan,nan,nan,nan,4608,-0.001842415091535088,0.03928190022706986,1.3801756620407104,0.006843390315771103,0.04903378672897816,0.04903378672897816,0.08327482342720031,0.0029080248474214762,0.02633125049760565,0.7832386493682861,1.0,0.0079375,0.000541875,3,1.0,1.0,0.0,0.0,5.273448324203491,2.722036120891571,0.0,0.9324553966522217
144,464000,-452.2685356140137,-4.5226852059364315,-452.2685356140137,-4.5226852059364315,0.0,452.2685356140137,4.5226852059364315,224.62542819976807,2.2462544989585878,1.8874823796749114,0.0,0.0,nan,nan,nan,nan,nan,nan,nan,nan,nan,nan,4640,-0.0014067385357456885,0.03775427956134081,1.3612847924232483,0.006684837024658918,0.047316868975758555,0.047316868975758555,0.07525461427867412,0.00233535916777455,0.0201999997603707,0.8297826051712036,1.0,0.007923076923076923,0.0005407692307692307,3,1.0,1.0,0.0,0.0,5.104479517936706,2.445688034296036,0.0,0.9308482551574707
145,467200,-479.4367914199829,-4.794368088245392,-479.4367914199829,-4.794368088245392,0.0,479.4367914199829,4.794368088245392,197.45717239379883,1.9745716166496274,2.226199493408203,0.0,0.0,nan,nan,nan,nan,nan,nan,nan,nan,nan,nan,4672,-0.0018087431282736155,0.03015938363969326,1.3883054494857787,0.0022913220338523386,0.07115609794855118,0.07115609794855118,0.07044216394424438,0.003146111081879438,0.02933124986011535,0.831609308719635,1.0,0.007908653846153847,0.0005396634615384615,3,1.0,1.0,0.0,0.0,5.0194692707061765,2.869811578989029,0.0,0.8965625417232513
146,470400,-580.5119805335999,-5.805119960308075,-580.5119805335999,-5.805119960308075,0.0,580.5119805335999,5.805119960308075,96.38198328018188,0.9638197445869441,2.536781975030899,0.0,0.0,nan,nan,nan,nan,nan,nan,nan,nan,nan,nan,4704,-0.0022575405839248665,0.03440289460122585,1.3802821159362793,0.004047640785574913,0.08080411702394485,0.08080411702394485,0.08322131857275963,0.003507624135091915,0.03665312499470019,0.8246230483055115,1.0,0.00789423076923077,0.0005385576923076923,3,1.0,1.0,0.0,0.0,6.920465126037597,3.2608773422241213,0.0,0.91843754529953
147,473600,-471.01761960983276,-4.710175924301147,-471.01761960983276,-4.710175924301147,0.0,471.01761960983276,4.710175924301147,205.87634420394897,2.058763780593872,2.430834931135178,0.0003125,9.108569962490196e-05,nan,nan,nan,nan,nan,nan,nan,nan,nan,nan,4736,-0.0010226618749525685,0.040673323720693585,1.3794000148773193,0.008444593101739884,0.035022363625466825,0.035022363625466825,0.09402998834848404,0.0014049837336654845,0.008384374951128848,0.8152639865875244,1.0,0.007879807692307693,0.000537451923076923,3,1.0,1.0,0.03125,0.0003125,5.492223896980286,2.7405353927612306,0.0003125,0.9345982587337494
148,476800,-474.2400074005127,-4.742400200366974,-474.2400074005127,-4.742400200366974,0.0,474.2400074005127,4.742400200366974,202.65395641326904,2.0265395045280457,2.0616701400279998,0.0,0.0,nan,nan,nan,nan,nan,nan,nan,nan,nan,nan,4768,-0.0012673491698922846,0.03584773521870375,1.3820794939994812,0.005785932298749685,0.04254822060465813,0.04254822060465813,0.06887810491025448,0.0016219491582900082,0.01109687493808451,0.8930174112319946,1.0,0.007865384615384614,0.0005363461538461539,3,1.0,1.0,0.0,0.0,5.7419897031784055,2.549048104286194,0.0,0.95258933365345
149,480000,-438.5526638031006,-4.3855267524719235,-438.5526638031006,-4.3855267524719235,0.0,438.5526638031006,4.3855267524719235,238.34130001068115,2.383412952423096,1.9425707972049713,0.0,0.0,nan,nan,nan,nan,nan,nan,nan,nan,nan,nan,4800,-0.0013761114088207238,0.04176671802997589,1.403618049621582,0.008487495686858892,0.03939517214894295,0.03939517214894295,0.0858211051672697,0.001540734121955515,0.010153125022770836,0.8516468405723572,1.0,0.00785096153846154,0.0005352403846153847,3,1.0,1.0,0.0,0.0,4.573344254493714,2.5320492362976075,0.0,0.9564732563495636
150,483200,-464.8534927368164,-4.648535242080689,-464.8534927368164,-4.648535242080689,0.0,464.8534927368164,4.648535242080689,212.04047107696533,2.1204044628143306,2.4076469802856444,0.0,0.0,nan,nan,nan,nan,nan,nan,nan,nan,nan,nan,4832,-0.0015492933380068408,0.021743672713637353,1.4005584359169005,-0.00165298692882061,0.044752918928861615,0.044752918928861615,0.05801477879285812,0.0027223202261678603,0.025303125083155464,0.8971441388130188,1.0,0.00783653846153846,0.0005341346153846154,3,1.0,1.0,0.0,0.0,5.008850605487823,3.069129409790039,0.0,0.9239286088943481
151,486400,-506.3466773033142,-5.063467009067535,-506.3466773033142,-5.063467009067535,0.0,506.3466773033142,5.063467009067535,170.54728651046753,1.705472695827484,2.8163592338562013,0.0,0.0,nan,nan,nan,nan,nan,nan,nan,nan,nan,nan,4864,-0.0011743458414450237,0.043394533544778825,1.378533375263214,0.00973987439647317,0.04373847134411335,0.04373847134411335,0.08694549500942231,0.002564199510380897,0.018474999982572626,0.7925523519515991,1.0,0.007822115384615384,0.0005330288461538462,3,1.0,1.0,0.0,0.0,5.362727372646332,3.3800712919235227,0.0,0.9161161172389984
152,489600,-472.2597465515137,-4.722597153186798,-472.2597465515137,-4.722597153186798,0.0,472.2597465515137,4.722597153186798,204.63421726226807,2.0463425517082214,2.0465551483631135,0.0,0.0,nan,nan,nan,nan,nan,nan,nan,nan,nan,nan,4896,-0.0015346405790886309,0.044667552784085275,1.3867389917373658,0.00997190410271287,0.043192895501852034,0.043192895501852034,0.09689923152327537,0.0024961990260648,0.021059374492324423,0.7619539499282837,1.0,0.007807692307692307,0.000531923076923077,3,1.0,1.0,0.0,0.0,6.144267249107361,2.681098780632019,0.0,0.9175446939468384
153,492800,-488.13673639297485,-4.881367294788361,-488.13673639297485,-4.881367294788361,0.0,488.13673639297485,4.881367294788361,188.75722742080688,1.8875724101066584,2.502528052330017,0.0,0.0,nan,nan,nan,nan,nan,nan,nan,nan,nan,nan,4928,-0.0017826557087246009,0.03491455726325512,1.3811757922172547,0.004910748172551394,0.04466687440872193,0.04466687440872193,0.08540087267756462,0.002443036968180823,0.022315624784096145,0.8554877042770386,1.0,0.00779326923076923,0.0005308173076923077,3,1.0,1.0,0.0,0.0,4.769665324687958,2.9668706429004668,0.0,0.9338393294811249
154,496000,-460.9695129394531,-4.609694833755493,-460.9695129394531,-4.609694833755493,0.0,460.9695129394531,4.609694833755493,215.9244508743286,2.159244871139526,2.1816904091835023,0.0,0.0,nan,nan,nan,nan,nan,nan,nan,nan,nan,nan,4960,-0.001376522428350313,0.037835103645920756,1.3901420831680298,0.006727328151464462,0.04265411831438541,0.04265411831438541,0.08358282223343849,0.0019162838754723116,0.013818750125574297,0.8317697644233704,1.0,0.0077788461538461535,0.0005297115384615385,3,1.0,1.0,0.0,0.0,4.506867253780365,2.5424524927139283,0.0,0.9426786136627198
155,499200,-499.4896984100342,-4.9948967885971065,-499.4896984100342,-4.9948967885971065,0.0,499.4896984100342,4.9948967885971065,177.40426540374756,1.7740429162979128,2.303427879810333,0.0,0.0,nan,nan,nan,nan,nan,nan,nan,nan,nan,nan,4992,-0.0016471917559275795,0.04499286338686943,1.3782800436019897,0.010147690121084452,0.04931805580854416,0.04931805580854416,0.08343354165554047,0.0022909019615339,0.019265625055413692,0.747657299041748,1.0,0.007764423076923077,0.0005286057692307693,3,1.0,1.0,0.0,0.0,5.350770528316498,2.788761180639267,0.0,0.9456696844100952
156,502400,-444.2292594909668,-4.442292594909668,-444.2292594909668,-4.442292594909668,0.0,444.2292594909668,4.442292594909668,232.66470432281494,2.326647109985351,2.0731876957416535,0.0,0.0,nan,nan,nan,nan,nan,nan,nan,nan,nan,nan,5024,-0.001248013411398219,0.0380995849147439,1.3570185780525208,0.007284885179251433,0.04263020493090153,0.04263020493090153,0.08091997466981411,0.0021314878111310994,0.016853124851331815,0.8251115679740906,1.0,0.00775,0.0005275,3,1.0,1.0,0.0,0.0,5.1847977805137635,2.721978839635849,0.0,0.8766964721679688
157,505600,-481.807653427124,-4.818076632022858,-481.807653427124,-4.818076632022858,0.0,481.807653427124,4.818076632022858,195.08631038665771,1.9508630728721617,2.5528077495098116,0.0,0.0,nan,nan,nan,nan,nan,nan,nan,nan,nan,nan,5056,-0.0016995901909655942,0.0271786829456687,1.3612087726593018,0.0013600161299109458,0.05568188652396202,0.05568188652396202,0.06772323958575725,0.002530665876112348,0.021393750328570604,0.7945443987846375,1.0,0.007735576923076923,0.0005263942307692308,3,1.0,1.0,0.0,0.0,4.486921029090881,3.372421145439148,0.0,0.9529464775323868
158,508800,-444.70967054367065,-4.447096815109253,-444.70967054367065,-4.447096815109253,0.0,444.70967054367065,4.447096815109253,232.18429327011108,2.321842889785766,2.0627975988388063,0.0,0.0,nan,nan,nan,nan,nan,nan,nan,nan,nan,nan,5088,-0.001375259644398419,0.027066472359001635,1.3593188047409057,0.0016624667681753636,0.046248790621757505,0.046248790621757505,0.0704994898289442,0.002870937158878845,0.019765625114087016,0.9080146551132202,1.0,0.007721153846153846,0.0005252884615384616,3,1.0,1.0,0.0,0.0,4.595701215267181,2.567236624956131,0.0,0.9285268276929856
159,512000,-497.3257632255554,-4.9732575869560245,-497.3257632255554,-4.9732575869560245,0.0,497.3257632255554,4.9732575869560245,179.56820058822632,1.7956821179389948,2.608823320865631,0.0,0.0,nan,nan,nan,nan,nan,nan,nan,nan,nan,nan,5120,-0.0010465481855906455,0.04673093445599079,1.340608263015747,0.01198721220716834,0.0382819976657629,0.0382819976657629,0.09628654345870018,0.002062101005868966,0.009690625028088106,0.7613901495933533,1.0,0.0077067307692307695,0.0005241826923076923,3,1.0,1.0,0.0,0.0,4.555539841651917,3.30686546087265,0.0,0.9446428972482681
160,515200,-503.1813659667969,-5.031813709735871,-503.1813659667969,-5.031813709735871,0.0,503.1813659667969,5.031813709735871,173.71259784698486,1.7371259951591487,2.1156395876407625,0.0,0.0,-603.3957728743553,-6.0339577287435535,-603.3957728743553,-6.0339577287435535,100.0,5.0103538281284274,0.01,0.0016637955577922963,603.3957728743553,213.190627515316,5152,-0.0014161711166845725,0.038885406032204625,1.3503384351730348,0.007639313116669655,0.0547515794634819,0.0547515794634819,0.07795781195163727,0.002792212623900398,0.02657812534525874,0.858696460723877,1.0,0.007692307692307693,0.0005230769230769231,3,1.0,1.0,0.0,0.0,5.6563584518432615,2.8446996235847473,0.0,0.9103571873903274
161,518400,-526.2654089927673,-5.262653822898865,-526.2654089927673,-5.262653822898865,0.0,526.2654089927673,5.262653822898865,150.6285548210144,1.5062858819961544,2.697485121488571,0.0,0.0,nan,nan,nan,nan,nan,nan,nan,nan,nan,nan,5184,-0.0010549014246964195,0.05533627495169639,1.3512889623641968,0.01623819563537836,0.0435622725635767,0.0435622725635767,0.11118145808577537,0.0019938201316120905,0.015384374954010127,0.818224310874939,1.0,0.007677884615384615,0.0005219711538461539,3,1.0,1.0,0.0,0.0,5.64768388748169,3.214915907382965,0.0,0.9649554020166398
162,521600,-517.9038591384888,-5.179039018154144,-517.9038591384888,-5.179039018154144,0.0,517.9038591384888,5.179039018154144,158.99010467529297,1.589900686740875,2.7028526425361634,0.0,0.0,nan,nan,nan,nan,nan,nan,nan,nan,nan,nan,5216,-0.0016641722290311022,0.05542176179587841,1.3539508700370788,0.015670758858323097,0.049404211714863776,0.049404211714863776,0.1046601414680481,0.003144347188209788,0.028387500302051193,0.7741745710372925,1.0,0.007663461538461538,0.0005208653846153846,3,1.0,1.0,0.0,0.0,6.0211493158340454,2.970453071594238,0.0,0.926607181429863
163,524800,-502.9793062210083,-5.02979305267334,-502.9793062210083,-5.02979305267334,0.0,502.9793062210083,5.02979305267334,173.91465759277344,1.7391466522216792,2.333001629114151,0.0,0.0,nan,nan,nan,nan,nan,nan,nan,nan,nan,nan,5248,-0.0015494183501810754,0.06179591715335846,1.328357458114624,0.019187882915139197,0.04402007628232241,0.04402007628232241,0.1161135882139206,0.002347346307943907,0.015178124902013224,0.7986265420913696,1.0,0.0076490384615384615,0.0005197596153846154,3,1.0,1.0,0.0,0.0,5.679794206619262,2.640466179847717,0.0,0.9289732605218888
164,528000,-530.7561593055725,-5.307561721801758,-530.7561593055725,-5.307561721801758,0.0,530.7561593055725,5.307561721801758,146.13780450820923,1.4613779830932616,2.9279535603523255,0.0,0.0,nan,nan,nan,nan,nan,nan,nan,nan,nan,nan,5280,-0.0011912436452112373,0.04283782877027988,1.3487844705581664,0.009930220153182744,0.044074847176671025,0.044074847176671025,0.10334964394569397,0.0016518022202958414,0.013843749964144081,0.8155563473701477,1.0,0.007634615384615385,0.0005186538461538462,3,1.0,1.0,0.0,0.0,5.442850258350372,3.4676824843883516,0.0,0.9749107575416565
165,531200,-597.2883267402649,-5.9728831815719605,-597.2883267402649,-5.9728831815719605,0.0,597.2883267402649,5.9728831815719605,79.60563707351685,0.7960565233230588,3.3538079857826233,0.0,0.0,nan,nan,nan,nan,nan,nan,nan,nan,nan,nan,5312,-0.001218483695530459,0.06534701958298683,1.3349105358123778,0.02128275092691183,0.04302755333483219,0.04302755333483219,0.11748206987977028,0.0016355658117403696,0.013859375169704435,0.7364159822463989,1.0,0.007620192307692307,0.0005175480769230769,3,1.0,1.0,0.0,0.0,6.533323512077332,4.173361625671387,0.0,0.916830404996872
166,534400,-471.7502589225769,-4.717503061294556,-471.7502589225769,-4.717503061294556,0.0,471.7502589225769,4.717503061294556,205.14370489120483,2.0514366436004634,1.841141112446785,0.0,0.0,nan,nan,nan,nan,nan,nan,nan,nan,nan,nan,5344,-0.0014174134068307253,0.040903277695178986,1.3172917127609254,0.009015208948403597,0.055940530449151996,0.055940530449151996,0.09605057537555695,0.002615426209378326,0.020568750116217414,0.866005539894104,1.0,0.00760576923076923,0.0005164423076923077,3,1.0,1.0,0.0,0.0,5.333355169296265,2.3333301937580107,0.0,0.9000000441074372
167,537600,-496.58686685562134,-4.965868709087371,-496.58686685562134,-4.965868709087371,0.0,496.58686685562134,4.965868709087371,180.3070969581604,1.8030709958076478,2.5362586581707003,0.0,0.0,nan,nan,nan,nan,nan,nan,nan,nan,nan,nan,5376,-0.0010438958823156597,0.052548354491591454,1.3356645822525024,0.015090789459645749,0.03589487988501787,0.03589487988501787,0.10966009274125099,0.0020757733727818925,0.017881249712081625,0.8363838195800781,1.0,0.007591346153846153,0.0005153365384615385,3,1.0,1.0,0.0,0.0,5.517072794437408,2.992217125892639,0.0,0.8981250447034835
168,540800,-462.11032247543335,-4.621103162765503,-462.11032247543335,-4.621103162765503,0.0,462.11032247543335,4.621103162765503,214.7836413383484,2.1478365421295162,2.144575667381287,0.0,0.0,nan,nan,nan,nan,nan,nan,nan,nan,nan,nan,5408,-0.0018810918273985955,0.037789642438292505,1.3473150849342346,0.006805227138102055,0.06372174620628357,0.06372174620628357,0.0890384554862976,0.0028406167475635994,0.023043750220676885,0.8863890767097473,1.0,0.007576923076923077,0.0005142307692307692,3,1.0,1.0,0.0,0.0,5.5614260482788085,2.5638180947303773,0.0,0.9054464715719223
169,544000,-554.2081713676453,-5.542081489562988,-554.2081713676453,-5.542081489562988,0.0,554.2081713676453,5.542081489562988,122.68579244613647,1.2268582153320313,2.858297919034958,0.0,0.0,nan,nan,nan,nan,nan,nan,nan,nan,nan,nan,5440,-0.0010480424410328482,0.05431632548570633,1.3498237490653993,0.01590207815170288,0.047853099554777144,0.047853099554777144,0.09159167334437371,0.0020570974913438553,0.015903124799660873,0.8264421224594116,1.0,0.0075625,0.000513125,3,1.0,1.0,0.0,0.0,4.940695436000824,3.933520965576172,0.0,0.9022321826219559
170,547200,-575.8759613037109,-5.758759498596191,-575.8759613037109,-5.758759498596191,0.0,575.8759613037109,5.758759498596191,101.0180025100708,1.0101802062988279,3.0393015038967133,0.0,0.0,nan,nan,nan,nan,nan,nan,nan,nan,nan,nan,5472,-0.0014398485946585105,0.056705628708004954,1.3650063157081604,0.016609793063253164,0.05193672627210617,0.05193672627210617,0.10494520217180252,0.0030873046343925367,0.023665625095236464,0.821052074432373,1.0,0.007548076923076923,0.0005120192307692308,3,1.0,1.0,0.0,0.0,7.5839882707595825,3.4941031336784363,0.0,0.8916518288850784
171,550400,-528.3155889511108,-5.283155779838562,-528.3155889511108,-5.283155779838562,0.0,528.3155889511108,5.283155779838562,148.5783748626709,1.4857839250564568,2.7718736362457275,0.0,0.0,nan,nan,nan,nan,nan,nan,nan,nan,nan,nan,5504,-0.0009465598314505996,0.03765348009765148,1.329072117805481,0.007867411337792873,0.045494114980101585,0.045494114980101585,0.07561878189444542,0.0018801379876107562,0.011987499979659333,0.8468602299690247,1.0,0.007533653846153846,0.0005109134615384615,3,1.0,1.0,0.0,0.0,4.982810671329498,3.473201298713684,0.0,0.901116116642952
172,553600,-517.2428345680237,-5.17242844581604,-517.2428345680237,-5.17242844581604,0.0,517.2428345680237,5.17242844581604,159.65112924575806,1.5965112590789792,2.411881738901138,0.0,0.0,nan,nan,nan,nan,nan,nan,nan,nan,nan,nan,5536,-0.001432636200811288,0.05597072578966618,1.3613333344459533,0.01631654743105173,0.05200377963483334,0.05200377963483334,0.10497980937361717,0.0021519219997584546,0.012571874971035868,0.8103635907173157,1.0,0.007519230769230769,0.0005098076923076923,3,1.0,1.0,0.0,0.0,5.933894214630127,3.1570985889434815,0.0,0.9277678948640823
173,556800,-542.2450280189514,-5.422449963092804,-542.2450280189514,-5.422449963092804,0.0,542.2450280189514,5.422449963092804,134.64893579483032,1.3464897418022153,2.827762498855591,0.0,0.0,nan,nan,nan,nan,nan,nan,nan,nan,nan,nan,5568,-0.0015406297759735122,0.03990185968577862,1.3825224757194519,0.008034734800457955,0.06201894395053387,0.06201894395053387,0.09541640728712082,0.002930928966817506,0.027918749836680946,0.8790171146392822,1.0,0.007504807692307693,0.0005087019230769231,3,1.0,1.0,0.0,0.0,7.195633878707886,3.5095925450325014,0.0,0.8778125441074371
174,560000,-588.9192357063293,-5.889192194938659,-588.9192357063293,-5.889192194938659,0.0,588.9192357063293,5.889192194938659,87.97472810745239,0.8797475099563599,2.7523736333847046,0.0,0.0,nan,nan,nan,nan,nan,nan,nan,nan,nan,nan,5600,-0.0012010819724877387,0.07083980962634087,1.3506554961204529,0.02410189462825656,0.037463989481329917,0.037463989481329917,0.12339759171009064,0.0016510850517092099,0.008440624963259324,0.7823445796966553,1.0,0.007490384615384616,0.0005075961538461538,3,1.0,1.0,0.0,0.0,6.5481456899642945,3.2976964926719665,0.0,0.8700000387430191
175,563200,-454.46221828460693,-4.544622042179108,-454.46221828460693,-4.544622042179108,0.0,454.46221828460693,4.544622042179108,222.4317455291748,2.2243176627159116,2.2825250220298767,0.0009375,0.00028560330651196695,nan,nan,nan,nan,nan,nan,nan,nan,nan,nan,5632,-0.0012964124780963538,0.04653363190591335,1.3545042037963868,0.011844182573258876,0.052997564896941185,0.052997564896941185,0.12136870101094246,0.0022680172191043894,0.0171093749042484,0.8848075270652771,1.0,0.007475961538461539,0.0005064903846153846,3,1.0,1.0,0.03125,0.0009375,4.706211268901825,2.854649748802185,0.0003125,0.9544643276929855
176,566400,-454.2452058792114,-4.542452278137207,-454.2452058792114,-4.542452278137207,0.0,454.2452058792114,4.542452278137207,222.6487579345703,2.226487426757812,2.163890504837036,0.0,0.0,nan,nan,nan,nan,nan,nan,nan,nan,nan,nan,5664,-0.0014675049997051382,0.06199666038155556,1.3808523416519165,0.019227542262524367,0.05792749114334583,0.05792749114334583,0.1230068601667881,0.0022631914820534426,0.020718749859952368,0.8135396838188171,1.0,0.007461538461538461,0.0005053846153846154,3,1.0,1.0,0.0,0.0,4.256692006587982,2.6646091604232787,0.0,0.9021429032087326
177,569600,-501.33231687545776,-5.013322927951813,-501.33231687545776,-5.013322927951813,0.0,501.33231687545776,5.013322927951813,175.56164693832397,1.7556167769432065,2.260191285610199,0.0,0.0,nan,nan,nan,nan,nan,nan,nan,nan,nan,nan,5696,-0.0010786918858764593,0.03795326855033636,1.368012022972107,0.0077101985923945906,0.04098782502114773,0.04098782502114773,0.10065334141254426,0.00221190888332912,0.016481249889329773,0.862463653087616,1.0,0.0074471153846153845,0.0005042788461538461,3,1.0,1.0,0.0,0.0,5.194376857280731,3.146300449371338,0.0,0.9462946856021881
178,572800,-653.6019053459167,-6.536019020080566,-653.6019053459167,-6.536019020080566,0.0,653.6019053459167,6.536019020080566,23.29205846786499,0.23292068481445316,3.566340010166168,0.0,0.0,nan,nan,nan,nan,nan,nan,nan,nan,nan,nan,5728,-0.0014804960074950913,0.11592983230948448,1.3961077332496643,0.0461075808852911,0.0529784694314003,0.0529784694314003,0.15323562398552895,0.0020309955176356217,0.01388437485366012,0.7483361959457397,1.0,0.007432692307692308,0.000503173076923077,3,1.0,1.0,0.0,0.0,6.539676585197449,4.084638576507569,0.0,0.9497768330574036
179,576000,-463.0284972190857,-4.630285193920136,-463.0284972190857,-4.630285193920136,0.0,463.0284972190857,4.630285193920136,213.86546659469604,2.1386545109748836,2.2038728284835813,0.0,0.0,nan,nan,nan,nan,nan,nan,nan,nan,nan,nan,5760,-0.0017820173761109003,0.0451618380844593,1.3746476888656616,0.01060139499604702,0.06597170606255531,0.06597170606255531,0.11563280671834945,0.0036708922692937048,0.036031250306405124,0.8316407799720764,1.0,0.007418269230769231,0.0005020673076923078,3,1.0,1.0,0.0,0.0,4.966785578727722,2.6476202738285064,0.0,0.9504911142587662
180,579200,-471.2084460258484,-4.712084362506866,-471.2084460258484,-4.712084362506866,0.0,471.2084460258484,4.712084362506866,205.68551778793335,2.056855342388153,2.0391771006584167,0.00125,0.00041129554435284345,-318.0442779958248,-3.180442779958248,-318.0442779958248,-3.180442779958248,100.0,2.1196126129105686,0.02,0.006411052422736614,318.0442779958248,498.5421223938465,5792,-0.001934592611994601,0.04652936682105065,1.3809521675109864,0.011105733178555965,0.08001520857214928,0.08001520857214928,0.10425500720739364,0.002979071030860156,0.024237500305753203,0.8594714403152466,1.0,0.007403846153846154,0.0005009615384615384,3,1.0,1.0,0.03125,0.00125,5.473110728263855,2.353812692165375,0.00125,0.9515179115533828
181,582400,-513.1532073020935,-5.1315320873260495,-513.1532073020935,-5.1315320873260495,0.0,513.1532073020935,5.1315320873260495,163.74075651168823,1.6374076175689698,2.3937892401218415,0.0,0.0,nan,nan,nan,nan,nan,nan,nan,nan,nan,nan,5824,-0.001319960334932002,0.040732179582118985,1.3730989694595337,0.008899720385670662,0.04697270430624485,0.04697270430624485,0.08950606063008308,0.002657210423786974,0.014434374897973612,0.8526039123535156,1.0,0.007389423076923076,0.0004998557692307693,3,1.0,1.0,0.0,0.0,6.156670451164246,3.295561788082123,0.0,0.9186607605218887
182,585600,-441.9358768463135,-4.419359035491944,-441.9358768463135,-4.419359035491944,0.0,441.9358768463135,4.419359035491944,234.95808696746826,2.3495806694030756,2.1031230163574217,0.0,0.0,nan,nan,nan,nan,nan,nan,nan,nan,nan,nan,5856,-0.001732278878823834,0.035323018208146095,1.3447852849960327,0.006011438742280007,0.06316540166735649,0.06316540166735649,0.09477828592061996,0.002493389153825265,0.021334375021979213,0.8783519864082336,1.0,0.007375,0.00049875,3,1.0,1.0,0.0,0.0,5.250930881500244,2.5620117580890653,0.0,0.9499554049968719
183,588800,-596.4527168273926,-5.96452718257904,-596.4527168273926,-5.96452718257904,0.0,596.4527168273926,5.96452718257904,80.44124698638916,0.804412522315979,2.844702537059784,0.0,0.0,nan,nan,nan,nan,nan,nan,nan,nan,nan,nan,5888,-0.001007132014632184,0.05748503915965557,1.4038835644721985,0.017401994671672583,0.05205056481063366,0.05205056481063366,0.12536198198795317,0.0021022823595570395,0.013871874954202213,0.7761873602867126,1.0,0.007360576923076923,0.0004976442307692308,3,1.0,1.0,0.0,0.0,5.7421626853942875,3.6464498114585875,0.0,0.9166964679956436
184,592000,-444.06302881240845,-4.440630340576172,-444.06302881240845,-4.440630340576172,0.0,444.06302881240845,4.440630340576172,232.8309350013733,2.328309364318847,2.077313222885132,0.000625,0.0002030992475358202,nan,nan,nan,nan,nan,nan,nan,nan,nan,nan,5920,-0.0012449552451492707,0.04978707917034626,1.3296145677566529,0.013881031423807144,0.04512946829199791,0.04512946829199791,0.1057107038795948,0.0016036892826391171,0.010665624839020893,0.8487470746040344,1.0,0.007346153846153846,0.0004965384615384616,3,1.0,1.0,0.03125,0.000625,5.652878482341766,2.2640842568874358,0.000625,0.9345982599258423
185,595200,-454.48397493362427,-4.544839723110199,-454.48397493362427,-4.544839723110199,0.0,454.48397493362427,4.544839723110199,222.40998888015747,2.2240999817848204,1.9267939126491547,0.0,0.0,nan,nan,nan,nan,nan,nan,nan,nan,nan,nan,5952,-0.001378006502217577,0.02632460780441761,1.3714681267738342,0.0017290621530264617,0.04877700582146645,0.04877700582146645,0.08283113464713096,0.002026994690824087,0.011768749868497252,0.914201021194458,1.0,0.007331730769230769,0.0004954326923076924,3,1.0,1.0,0.0,0.0,4.427713220119476,2.6898079931735994,0.0,0.9327232617139817
186,598400,-474.1023144721985,-4.741022937297821,-474.1023144721985,-4.741022937297821,0.0,474.1023144721985,4.741022937297821,202.79164934158325,2.0279167675971985,1.9739165687561036,0.0,0.0,nan,nan,nan,nan,nan,nan,nan,nan,nan,nan,5984,-0.0006771831291436659,0.02650391645729542,1.4012701988220215,0.0023212496191263197,0.03106857482343912,0.03106857482343912,0.08186633512377739,0.0011025181818706937,0.00462187500379514,0.9138683676719666,1.0,0.007317307692307692,0.0004943269230769231,3,1.0,1.0,0.0,0.0,5.2351136398315425,2.3932251644134523,0.0,0.9365179014205932
187,601600,-491.4821012020111,-4.914821000099182,-491.4821012020111,-4.914821000099182,0.0,491.4821012020111,4.914821000099182,185.41186261177063,1.8541187047958374,2.351371854543686,0.0,0.0,nan,nan,nan,nan,nan,nan,nan,nan,nan,nan,6016,-0.0016415144050493824,0.05050945580005646,1.3812100172042847,0.01352639626711607,0.06975546069443225,0.06975546069443225,0.10365579947829247,0.0029186700201546422,0.026474999932906938,0.8502210378646851,1.0,0.007302884615384616,0.0004932211538461539,3,1.0,1.0,0.0,0.0,4.942555470466614,3.0956685042381284,0.0,0.9101339697837829
188,604800,-452.0772180557251,-4.520772123336792,-452.0772180557251,-4.520772123336792,0.0,452.0772180557251,4.520772123336792,224.81674575805664,2.248167581558227,2.233349826335907,0.000625,0.0001932979830729488,nan,nan,nan,nan,nan,nan,nan,nan,nan,nan,6048,-0.0008527172605623079,0.05360616482794285,1.3619473338127137,0.016023864224553108,0.04136865809559822,0.04136865809559822,0.0954242393374443,0.0017342384118831599,0.010712500047520734,0.7874356508255005,1.0,0.007288461538461539,0.0004921153846153847,3,1.0,1.0,0.03125,0.000625,4.489501709938049,2.8300395393371582,0.0,0.901250039935112
189,608000,-459.11090755462646,-4.591109068393707,-459.11090755462646,-4.591109068393707,0.0,459.11090755462646,4.591109068393707,217.78305625915527,2.1778306365013123,2.253529088497162,0.0,0.0,nan,nan,nan,nan,nan,nan,nan,nan,nan,nan,6080,-0.001207132894854368,0.029081531800329685,1.3885901331901551,0.003232974745333195,0.04835975766181946,0.04835975766181946,0.07987235933542251,0.001266346336707376,0.00894062499210122,0.9031220078468323,1.0,0.007274038461538462,0.0004910096153846154,3,1.0,1.0,0.0,0.0,4.745123612880707,3.0359858441352845,0.0,0.9205357623100281
190,611200,-485.94106674194336,-4.859410548210144,-485.94106674194336,-4.859410548210144,0.0,485.94106674194336,4.859410548210144,190.95289707183838,1.9095291566848749,2.233202494382858,0.000625,0.00019330679135805186,nan,nan,nan,nan,nan,nan,nan,nan,nan,nan,6112,-0.0007979723789379945,0.05729406848549843,1.3883208155632019,0.017770387418568134,0.035806802287697795,0.035806802287697795,0.11052261218428612,0.0011558952817734608,0.0038531249781954104,0.8458554148674011,1.0,0.007259615384615385,0.0004899038461538462,3,1.0,1.0,0.03125,0.000625,6.010440611839295,2.6256916129589083,0.0,0.8976786172389984
191,614400,-465.3017930984497,-4.653017899990082,-465.3017930984497,-4.653017899990082,0.0,465.3017930984497,4.653017899990082,211.59217071533203,2.1159218049049375,2.07402755856514,0.000625,0.00020331632950347734,nan,nan,nan,nan,nan,nan,nan,nan,nan,nan,6144,-0.0013684695028350902,0.04205223359167576,1.41045024394989,0.009438663907349109,0.04201267175376415,0.04201267175376415,0.12494300976395607,0.002072064980530935,0.015506250321050175,0.7985503673553467,1.0,0.0072451923076923075,0.0004887980769230769,3,1.0,1.0,0.03125,0.000625,5.728198215961457,2.6274360752105714,0.000625,0.9217857533693313
192,617600,-499.1846446990967,-4.991846525669098,-499.1846446990967,-4.991846525669098,0.0,499.1846446990967,4.991846525669098,177.70931911468506,1.777093179225921,2.2181840789318086,0.0,0.0,nan,nan,nan,nan,nan,nan,nan,nan,nan,nan,6176,-0.0016698065678006913,0.047261836007237434,1.4104697227478027,0.0117623302154243,0.06742693223059178,0.06742693223059178,0.113101776689291,0.0033208483684586177,0.030087500083027408,0.8750443458557129,1.0,0.00723076923076923,0.0004876923076923077,3,1.0,1.0,0.0,0.0,4.694614164829254,2.8524373745918274,0.0,0.9365179008245468
193,620800,-490.70627450942993,-4.907062723636627,-490.70627450942993,-4.907062723636627,0.0,490.70627450942993,4.907062723636627,186.1876893043518,1.8618769812583924,2.1423812639713287,0.0,0.0,nan,nan,nan,nan,nan,nan,nan,nan,nan,nan,6208,-0.0010396332166040523,0.03736334890127182,1.4366432189941407,0.007274726312607527,0.049262309446930885,0.049262309446930885,0.10875162333250046,0.003166736096319413,0.029740624128316996,0.8670461177825928,1.0,0.007216346153846153,0.0004865865384615385,3,1.0,1.0,0.0,0.0,5.56665988445282,2.8708286702632906,0.0,0.8932589733600617
194,624000,-533.8629636764526,-5.338629591464996,-533.8629636764526,-5.338629591464996,0.0,533.8629636764526,5.338629591464996,143.0310001373291,1.4303101134300231,2.7480376148223877,0.0015625,0.00041688482362630823,nan,nan,nan,nan,nan,nan,nan,nan,nan,nan,6240,-0.0007579779574472756,0.061590854451060294,1.4129921555519105,0.019861188624054192,0.034953321889042856,0.034953321889042856,0.11385652795433998,0.002292684713030411,0.00689687492485973,0.8178626298904419,1.0,0.007201923076923076,0.0004854807692307692,3,1.0,1.0,0.0625,0.0015625,5.164378962516785,3.6581762433052063,0.0009375,0.972410758137703
195,627200,-432.1573123931885,-4.321573195457458,-432.1573123931885,-4.321573195457458,0.0,432.1573123931885,4.321573195457458,244.73665142059326,2.447366509437561,1.8441451966762543,0.0028125,0.0009888735649947703,nan,nan,nan,nan,nan,nan,nan,nan,nan,nan,6272,-0.0011709237705566978,0.03700724225491285,1.394441509246826,0.007310149073600769,0.05303307808935642,0.05303307808935642,0.10442103892564773,0.0019707707288046774,0.016415625173249283,0.9016380310058594,1.0,0.0071874999999999994,0.000484375,3,1.0,1.0,0.0625,0.0028125,4.7033724594116215,2.5895406663417817,0.0021875,0.9258036077022552
196,630400,-455.6661491394043,-4.556661431789398,-455.6661491394043,-4.556661431789398,0.0,455.6661491394043,4.556661431789398,221.22781467437744,2.212278273105621,2.0294854748249054,0.0,0.0,nan,nan,nan,nan,nan,nan,nan,nan,nan,nan,6304,-0.0010579350443091218,0.042710164189338685,1.3947813749313354,0.010292273107916116,0.03210477232933044,0.03210477232933044,0.11227474585175515,0.00100613897084376,0.004621875070370152,0.8503984808921814,1.0,0.007173076923076923,0.0004832692307692308,3,1.0,1.0,0.0,0.0,4.567838020324707,2.6272838699817656,0.0,0.9450446790456772
197,633600,-489.718966960907,-4.897189655303955,-489.718966960907,-4.897189655303955,0.0,489.718966960907,4.897189655303955,187.17499685287476,1.8717500495910642,2.4822530138492582,0.0,0.0,nan,nan,nan,nan,nan,nan,nan,nan,nan,nan,6336,-0.0010819791906338638,0.05216609165072441,1.3834235548973084,0.015097616612911225,0.0494107898324728,0.0494107898324728,0.11449672058224677,0.0015034213749470196,0.009628125064773485,0.8570507764816284,1.0,0.007158653846153846,0.00048216346153846155,3,1.0,1.0,0.0,0.0,5.083374953269958,3.183273558616638,0.0,0.9332589679956436
198,636800,-363.20785331726074,-3.6320783257484437,-363.20785331726074,-3.6320783257484437,0.0,363.20785331726074,3.6320783257484437,313.686110496521,3.1368613791465756,1.4896625190973283,0.0003125,0.00012551902018965303,nan,nan,nan,nan,nan,nan,nan,nan,nan,nan,6368,-0.0010669449845792656,0.03571600671857596,1.359576404094696,0.007077930774539709,0.04464725665748119,0.04464725665748119,0.10081532448530198,0.0020620536888612618,0.015968750044703484,0.883065938949585,1.0,0.007144230769230769,0.0004810576923076923,3,1.0,1.0,0.03125,0.0003125,3.20251939535141,2.0591899585723876,0.0003125,0.9641964709758759
199,640000,-436.41026163101196,-4.364102433919907,-436.41026163101196,-4.364102433919907,0.0,436.41026163101196,4.364102433919907,240.48370218276978,2.4048372709751122,1.886050808429718,0.0021875,0.0007579561640462612,nan,nan,nan,nan,nan,nan,nan,nan,nan,nan,6400,-0.0010743890637124665,0.03797453697770834,1.3907435059547424,0.007997145969420671,0.036009329557418826,0.036009329557418826,0.11706987768411636,0.0016525051793007575,0.0058499998936895285,0.8453758955001831,1.0,0.007129807692307692,0.0004799519230769231,3,1.0,1.0,0.0625,0.0021875,4.360575757026672,2.6886798655986786,0.001875,0.906071469783783
200,643200,-408.6532700061798,-4.086532791852951,-408.6532700061798,-4.086532791852951,0.0,408.6532700061798,4.086532791852951,268.24069380760193,2.682406913042068,2.1129311299324036,0.0,0.0,-325.44825848937035,-3.2544825848937036,-325.44825848937035,-3.2544825848937036,100.0,1.9445381915010511,0.0,0.0,325.44825848937035,491.138141900301,6432,-0.0010275423631711967,0.039127076789736745,1.3526275038719178,0.008911531046032905,0.04483042992651463,0.04483042992651463,0.11169519647955894,0.001362528191385878,0.007700000001932494,0.8807989358901978,1.0,0.007115384615384615,0.0004788461538461538,3,1.0,1.0,0.0,0.0,4.005804934501648,2.602134886980057,0.0,0.9042857533693314
201,646400,-448.61304783821106,-4.486130253076554,-448.61304783821106,-4.486130253076554,0.0,448.61304783821106,4.486130253076554,228.28091597557068,2.2828094518184656,1.8670278882980347,0.00125,0.00043599157339974207,nan,nan,nan,nan,nan,nan,nan,nan,nan,nan,6464,-0.0011396504296280695,0.036164041981101035,1.356004011631012,0.007313437946140766,0.038576845452189444,0.038576845452189444,0.10359179899096489,0.0015972486420662926,0.005662500028847717,0.8278501629829407,1.0,0.007100961538461539,0.0004777403846153846,3,1.0,1.0,0.03125,0.00125,5.549320857524872,2.3824293494224547,0.00125,0.9033036148548126
202,649600,-495.9944591522217,-4.959944751262665,-495.9944591522217,-4.959944751262665,0.0,495.9944591522217,4.959944751262665,180.89950466156006,1.8089949536323546,2.33297092795372,0.0,0.0,nan,nan,nan,nan,nan,nan,nan,nan,nan,nan,6496,-0.0011351409369497745,0.03351409658789635,1.3542506694793701,0.00602495800703764,0.05151772610843182,0.05151772610843182,0.10511844232678413,0.002669964195230331,0.0165156246672268,0.8921868801116943,1.0,0.007086538461538462,0.00047663461538461537,3,1.0,1.0,0.0,0.0,5.939741454124451,2.7965008544921877,0.0,0.9391071873903275
203,652800,-383.23176670074463,-3.832317750453949,-383.23176670074463,-3.832317750453949,0.0,383.23176670074463,3.832317750453949,293.6621971130371,2.9366219544410703,1.795197556614876,0.0,0.0,nan,nan,nan,nan,nan,nan,nan,nan,nan,nan,6528,-0.0013634340105229015,0.03790967985987663,1.3346044301986695,0.00815292913466692,0.06614980921149254,0.06614980921149254,0.11639890894293785,0.002239198688768287,0.021837499608955112,0.850406289100647,1.0,0.007072115384615385,0.0004755288461538461,3,1.0,1.0,0.0,0.0,5.17755774974823,1.945632193684578,0.0,0.8933482617139816
204,656000,-391.41832208633423,-3.9141833674907685,-391.41832208633423,-3.9141833674907685,0.0,391.41832208633423,3.9141833674907685,285.4756417274475,2.854756337404251,1.7414498156309128,0.000625,0.00022798155794661646,nan,nan,nan,nan,nan,nan,nan,nan,nan,nan,6560,-0.0007588867342274597,0.02600701116025448,1.2704941391944886,0.003277862071990967,0.04527299702167511,0.04527299702167511,0.09137475937604904,0.0020231977949166082,0.01229687485465547,0.9273220300674438,1.0,0.007057692307692307,0.0004744230769230769,3,1.0,1.0,0.03125,0.000625,4.189420309066772,2.2570889019966125,0.000625,0.9686161118745804
205,659200,-362.01127433776855,-3.620112898349762,-362.01127433776855,-3.620112898349762,0.0,362.01127433776855,3.620112898349762,314.8826894760132,3.1488268065452574,1.4621620714664458,0.0009375,0.00038076291194008674,nan,nan,nan,nan,nan,nan,nan,nan,nan,nan,6592,-0.0011097874453522393,0.029015118815004827,1.339827561378479,0.003961005434393883,0.054025574401021,0.054025574401021,0.11255226023495198,0.003210747220147356,0.020721875273738987,0.933747410774231,1.0,0.0070432692307692306,0.00047331730769230773,3,1.0,1.0,0.0625,0.0009375,4.792090904712677,1.925288428068161,0.0009375,0.9328125417232513
206,662400,-391.238796710968,-3.912388002872467,-391.238796710968,-3.912388002872467,0.0,391.238796710968,3.912388002872467,285.6551671028137,2.856551702022552,1.9742926025390626,0.000625,0.00021013399941433356,nan,nan,nan,nan,nan,nan,nan,nan,nan,nan,6624,-0.001244226321266595,0.04074160102754831,1.3184119701385497,0.00985965933650732,0.04945812523365021,0.04945812523365021,0.14033942371606828,0.0021836819825708136,0.019431250399793498,0.875771701335907,1.0,0.007028846153846154,0.0004722115384615385,3,1.0,1.0,0.03125,0.000625,5.0242048716545105,2.3977234566211703,0.0,0.9308036124706268
207,665600,-392.18096482753754,-3.921809661388397,-392.18096482753754,-3.921809661388397,0.0,392.18096482753754,3.921809661388397,284.7129989862442,2.8471300435066222,1.5979217392206193,0.0015625,0.0006014422899701177,nan,nan,nan,nan,nan,nan,nan,nan,nan,nan,6656,-0.0008859206040098932,0.03419498335570097,1.3103821992874145,0.007019995898008347,0.038684117048978804,0.038684117048978804,0.09875749424099922,0.0019574465157361676,0.008903125015785917,0.9034796357154846,1.0,0.007014423076923077,0.00047110576923076923,3,1.0,1.0,0.03125,0.0015625,4.665500161647796,2.0517773044109346,0.0003125,0.9100893294811249
208,668800,-391.74742090702057,-3.9174742317199707,-391.74742090702057,-3.9174742317199707,0.0,391.74742090702057,3.9174742317199707,285.14654290676117,2.8514654731750486,1.8036228507757186,0.0040625,0.0014490180085655851,nan,nan,nan,nan,nan,nan,nan,nan,nan,nan,6688,-0.0017575980203226038,0.03999138325452804,1.2747818231582642,0.009314620587974786,0.05651432760059834,0.05651432760059834,0.11649979576468468,0.0029016319116650117,0.021224999538026167,0.8999606966972351,1.0,0.007,0.00047000000000000004,3,1.0,1.0,0.0625,0.0040625,3.7935416460037232,2.4479637575149535,0.0025,0.92531254529953
209,672000,-383.80729722976685,-3.8380731451511383,-383.80729722976685,-3.8380731451511383,0.0,383.80729722976685,3.8380731451511383,293.0866665840149,2.930866559743881,1.4461154651641845,0.0028125,0.0011497821914188437,nan,nan,nan,nan,nan,nan,nan,nan,nan,nan,6720,-0.0008245091351564149,0.03161544445902109,1.2789960265159608,0.006048688385635615,0.05173264667391777,0.05173264667391777,0.0969142522662878,0.002022372451757847,0.015440625039263977,0.9121172428131104,1.0,0.006985576923076923,0.0004688942307692308,3,1.0,1.0,0.03125,0.0028125,4.142628538608551,2.2101245522499084,0.000625,0.9238393300771713
210,675200,-390.3895214796066,-3.9038951802253723,-390.3895214796066,-3.9038951802253723,0.0,390.3895214796066,3.9038951802253723,286.5044423341751,2.865044524669647,1.916093824505806,0.0065625,0.0022504419936186914,nan,nan,nan,nan,nan,nan,nan,nan,nan,nan,6752,-0.001605881369835771,0.037080205604434015,1.2582510232925415,0.008162760082632304,0.05779748894274235,0.05779748894274235,0.11101542338728905,0.002272973117943955,0.015671874838881196,0.8747692108154297,1.0,0.006971153846153846,0.00046778846153846154,3,1.0,1.0,0.09375,0.0065625,4.380814645290375,2.437756345272064,0.005,0.9477679014205933
211,678400,-365.14212250709534,-3.651421240568161,-365.14212250709534,-3.651421240568161,0.0,365.14212250709534,3.651421240568161,311.7518413066864,3.1175184643268583,1.6580413740873337,0.0015625,0.0005878388557952756,nan,nan,nan,nan,nan,nan,nan,nan,nan,nan,6784,-0.001305813121201993,0.0217818109318614,1.2905753970146179,0.0006069065071642399,0.04401531629264355,0.04401531629264355,0.09759288839995861,0.001956519632223363,0.013203124949359334,0.9436782002449036,1.0,0.006956730769230769,0.0004666826923076923,3,1.0,1.0,0.0625,0.0015625,4.4275995540618895,1.9690661424398421,0.00125,0.9458036154508591
212,681600,-443.7081322669983,-4.437081332206726,-443.7081322669983,-4.437081332206726,0.0,443.7081322669983,4.437081332206726,233.18583154678345,2.331858372688293,2.0093395966291427,0.0003125,0.00010384338156785003,nan,nan,nan,nan,nan,nan,nan,nan,nan,nan,6816,-0.0007472695163742493,0.03182201590389013,1.3078494429588319,0.006084245443344116,0.03781088050454855,0.03781088050454855,0.11783308610320091,0.0013916899661140045,0.007534375027171336,0.8982473015785217,1.0,0.006942307692307692,0.00046557692307692305,3,1.0,1.0,0.03125,0.0003125,4.867290370464325,2.3959711492061615,0.0,0.9498661130666732
213,684800,-425.4085702896118,-4.254085536003113,-425.4085702896118,-4.254085536003113,0.0,425.4085702896118,4.254085536003113,251.48539352416992,2.5148541688919064,1.706116248369217,0.0009375,0.0003464374453850474,nan,nan,nan,nan,nan,nan,nan,nan,nan,nan,6848,-0.0013839518920518046,0.03580752592533827,1.2791995048522948,0.007657664734870196,0.06360480040311814,0.06360480040311814,0.12254316359758377,0.0022405025258208657,0.018131250148871913,0.8743430376052856,1.0,0.006927884615384615,0.00046447115384615385,3,1.0,1.0,0.03125,0.0009375,4.501919693946839,2.0906378173828126,0.000625,0.9522768276929855
214,688000,-335.9499071650207,-3.359499294757843,-335.9499071650207,-3.359499294757843,0.0,335.9499071650207,3.359499294757843,340.94405664876103,3.4094404101371762,1.399673240184784,0.00375,0.0015627127632223943,nan,nan,nan,nan,nan,nan,nan,nan,nan,nan,6880,-0.0011766912212827663,0.03061628360301256,1.296720850467682,0.00516662048175931,0.05853392407298088,0.05853392407298088,0.12385073229670525,0.003061030559185039,0.022853124933317304,0.923176646232605,1.0,0.0069134615384615385,0.0004633653846153846,3,1.0,1.0,0.03125,0.00375,4.051766862869263,1.8613968044519424,0.0034375,0.9312500417232513
215,691200,-448.0726475715637,-4.48072628736496,-448.0726475715637,-4.48072628736496,0.0,448.0726475715637,4.48072628736496,228.82131624221802,2.2882134175300592,1.9003151726722718,0.0,0.0,nan,nan,nan,nan,nan,nan,nan,nan,nan,nan,6912,-0.000827539935813526,0.03983643874526024,1.2848673224449159,0.010226330626755953,0.04417658858001232,0.04417658858001232,0.1295360654592514,0.0014249407628099894,0.008862500020768493,0.867091715335846,1.0,0.006899038461538462,0.00046225961538461536,3,1.0,1.0,0.0,0.0,4.538818771839142,2.433559181690216,0.0,0.9330357521772384
216,694400,-391.67654252052307,-3.9167651867866518,-391.67654252052307,-3.9167651867866518,0.0,391.67654252052307,3.9167651867866518,285.21742129325867,2.8521745181083675,1.6947793585062028,0.00125,0.0004638598689181412,nan,nan,nan,nan,nan,nan,nan,nan,nan,nan,6944,-0.0009177022282441883,0.02774982377886772,1.3113065242767334,0.003929368872195482,0.042051891796290874,0.042051891796290874,0.12405300065875054,0.001838413353108654,0.012099999980273423,0.9166043996810913,1.0,0.006884615384615385,0.00046115384615384616,3,1.0,1.0,0.0625,0.00125,4.008830981254578,2.1611779522895813,0.000625,0.9259375411272049
217,697600,-425.47518968582153,-4.254751994609832,-425.47518968582153,-4.254751994609832,0.0,425.47518968582153,4.254751994609832,251.4187741279602,2.514187710285187,1.7859897530078888,0.0003125,0.00011216839532974232,nan,nan,nan,nan,nan,nan,nan,nan,nan,nan,6976,-0.0013829562400351492,0.03726248722523451,1.2967569947242736,0.008339317142963409,0.05381944552063942,0.05381944552063942,0.12528001070022582,0.002980464752182808,0.029774999603978357,0.9052280187606812,1.0,0.006870192307692308,0.00046004807692307697,3,1.0,1.0,0.03125,0.0003125,5.180927424430847,2.016867859363556,0.0003125,0.9350446891784668
218,700800,-421.1573181152344,-4.211573003530503,-421.1573181152344,-4.211573003530503,0.0,421.1573181152344,4.211573003530503,255.73664569854736,2.5573667013645167,1.8741003674268724,0.0021875,0.0007611077277577565,nan,nan,nan,nan,nan,nan,nan,nan,nan,nan,7008,-0.0007934454985428552,0.03654316402971745,1.336711597442627,0.008313950523734093,0.051817220821976664,0.051817220821976664,0.11653701588511467,0.0017825522147189895,0.014665624813642354,0.9006472826004028,1.0,0.006855769230769231,0.0004589423076923077,3,1.0,1.0,0.03125,0.0021875,3.514233227968216,2.7634131801128388,0.00125,0.9344643247127533
219,704000,-390.98569107055664,-3.909856731891632,-390.98569107055664,-3.909856731891632,0.0,390.98569107055664,3.909856731891632,285.9082727432251,2.859082973003387,1.9393674945831298,0.0059375,0.002019992400045941,nan,nan,nan,nan,nan,nan,nan,nan,nan,nan,7040,-0.0010561056014150472,0.032483859732747075,1.3067952275276185,0.00624558599665761,0.04107598960399628,0.04107598960399628,0.12179523408412933,0.0015494975094055992,0.005978124999091961,0.8975377082824707,1.0,0.0068413461538461545,0.00045783653846153847,3,1.0,1.0,0.09375,0.0059375,4.42009925365448,2.3602644455432893,0.004375,0.8962946856021881
220,707200,-398.41850876808167,-3.984184901714325,-398.41850876808167,-3.984184901714325,0.0,398.41850876808167,3.984184901714325,278.4754550457001,2.7847548031806943,1.8591440212726593,0.0,0.0,-318.8645322918892,-3.188645322918892,-318.8645322918892,-3.188645322918892,100.0,1.7996307250857353,0.0,0.0,318.8645322918892,497.72186809778214,7072,-0.00103930313634919,0.03302643075585365,1.3077948093414307,0.006545697245746851,0.03943858481943607,0.03943858481943607,0.13126010969281196,0.001561971882621444,0.00963437490281649,0.9179850220680237,1.0,0.006826923076923076,0.0004567307692307692,3,1.0,1.0,0.0,0.0,5.39748765707016,2.1815403056144715,0.0,0.9056250363588333
221,710400,-406.0500841140747,-4.060500648021698,-406.0500841140747,-4.060500648021698,0.0,406.0500841140747,4.060500648021698,270.84387969970703,2.7084390568733214,1.7564576721191407,0.0009375,0.0003401104284976225,nan,nan,nan,nan,nan,nan,nan,nan,nan,nan,7104,-0.0010337247026443563,0.02638164386153221,1.3057395815849304,0.003261746745556593,0.05278885811567306,0.05278885811567306,0.10550182461738586,0.0016480063000940883,0.012656249832070898,0.9293989539146423,1.0,0.006812499999999999,0.000455625,3,1.0,1.0,0.03125,0.0009375,5.082078366279602,2.3059649658203125,0.0009375,0.8694643265008927
222,713600,-374.39787244796753,-3.7439786314964296,-374.39787244796753,-3.7439786314964296,0.0,374.39787244796753,3.7439786314964296,302.4960913658142,3.0249610733985897,1.4111099064350128,0.00125,0.000518433438751122,nan,nan,nan,nan,nan,nan,nan,nan,nan,nan,7136,-0.0009930034617543272,0.029441102966666223,1.306797158718109,0.004843840282410384,0.050143453478813174,0.050143453478813174,0.13030963987112046,0.0015972983255792502,0.016178124997168197,0.9230505228042603,1.0,0.006798076923076922,0.0004545192307692308,3,1.0,1.0,0.0625,0.00125,5.411600315570832,1.7041222608089448,0.000625,0.927053610086441
223,716800,-388.98093938827515,-3.8898093712329866,-388.98093938827515,-3.8898093712329866,0.0,388.98093938827515,3.8898093712329866,287.9130244255066,2.8791303336620326,1.7487183505296706,0.0003125,0.00011368934905236186,nan,nan,nan,nan,nan,nan,nan,nan,nan,nan,7168,-0.0009472900540568041,0.04475487023591995,1.3111331462860107,0.01253587193787098,0.04754719063639641,0.04754719063639641,0.1517069421708584,0.0014748902387523473,0.007659374998183921,0.8990650177001953,1.0,0.0067836538461538455,0.00045341346153846153,3,1.0,1.0,0.03125,0.0003125,4.865992360115051,1.873263457417488,0.0003125,0.9153571856021882
224,720000,-425.27127373218536,-4.252712650299072,-425.27127373218536,-4.252712650299072,0.0,425.27127373218536,4.252712650299072,251.62269008159637,2.516227054595947,1.995585166811943,0.0034375,0.0011475220394612802,nan,nan,nan,nan,nan,nan,nan,nan,nan,nan,7200,-0.0012423621305846621,0.04362249113619328,1.3201761603355409,0.011632305942475796,0.04509442523121834,0.04509442523121834,0.1494675248861313,0.00162002851138959,0.010165625158697367,0.8970795273780823,1.0,0.006769230769230769,0.0004523076923076923,3,1.0,1.0,0.09375,0.0034375,4.160084557533264,2.770460659265518,0.0025,0.9410714685916901
225,723200,-346.30980014801025,-3.4630979788303375,-346.30980014801025,-3.4630979788303375,0.0,346.30980014801025,3.4630979788303375,330.5841636657715,3.3058417260646817,1.2995955795049667,0.003125,0.0013589346004364462,nan,nan,nan,nan,nan,nan,nan,nan,nan,nan,7232,-0.0008426043667393301,0.02427911348640919,1.2856989979743958,0.0026123030576854942,0.056882685795426366,0.056882685795426366,0.12199151590466499,0.0013577077537788886,0.008940624858587399,0.9304770827293396,1.0,0.006754807692307692,0.0004512019230769231,3,1.0,1.0,0.0625,0.003125,3.4956195867061615,2.054283683300018,0.0021875,0.9377232545614242
226,726400,-408.3800151832402,-4.083800587654114,-408.3800151832402,-4.083800587654114,0.0,408.3800151832402,4.083800587654114,268.51394863054156,2.6851391172409054,1.6312456297874451,0.0059375,0.002256535814362431,nan,nan,nan,nan,nan,nan,nan,nan,nan,nan,7264,-0.0011593743235222109,0.037087188474833964,1.2879512667655946,0.008702932763844729,0.05513533316552639,0.05513533316552639,0.15784432590007783,0.0023587720679656607,0.01575937464222079,0.9213564991950989,1.0,0.006740384615384615,0.00045009615384615384,3,1.0,1.0,0.09375,0.0059375,4.120070197582245,2.1386445689201357,0.0059375,0.9472321897745133
227,729600,-368.92428857833147,-3.689242869615555,-368.92428857833147,-3.689242869615555,0.0,368.92428857833147,3.689242869615555,307.96967523545027,3.0796968352794645,1.6525582665205,0.0053125,0.0020027835267757135,nan,nan,nan,nan,nan,nan,nan,nan,nan,nan,7296,-0.0007017246800416821,0.028095260821282865,1.315371572971344,0.004498767200857401,0.043307168409228325,0.043307168409228325,0.1297319233417511,0.0009765551469185365,0.0025906249997206033,0.9091162085533142,1.0,0.006725961538461538,0.00044899038461538465,3,1.0,1.0,0.09375,0.0053125,4.212580871582031,2.4356405436992645,0.00375,0.900089328289032
228,732800,-454.0001468658447,-4.5400013780593875,-454.0001468658447,-4.5400013780593875,0.0,454.0001468658447,4.5400013780593875,222.893816947937,2.2289383268356318,2.2184866404533388,0.0009375,0.0002912859690689748,nan,nan,nan,nan,nan,nan,nan,nan,nan,nan,7328,-0.0008236222607345578,0.03356513325124979,1.3559312224388123,0.006858559884130954,0.040408133529126644,0.040408133529126644,0.15044204518198967,0.0014472139184375436,0.006753125099930912,0.8925608992576599,1.0,0.0067115384615384615,0.0004478846153846154,3,1.0,1.0,0.03125,0.0009375,5.549827351570129,2.8693962860107423,0.0009375,0.8991518270969391
229,736000,-429.18448781967163,-4.291844885349274,-429.18448781967163,-4.291844885349274,0.0,429.18448781967163,4.291844885349274,247.7094759941101,2.477094819545745,1.7514630609750748,0.003125,0.0011357593871867391,nan,nan,nan,nan,nan,nan,nan,nan,nan,nan,7360,-0.0014922859854530567,0.022852365300059317,1.3368273019790649,0.0009810099378228187,0.06041913330554962,0.06041913330554962,0.11731017157435417,0.0028687118014217297,0.028818749904166906,0.9435946941375732,1.0,0.006697115384615385,0.00044677884615384615,3,1.0,1.0,0.03125,0.003125,5.1705622744560245,2.064733988046646,0.0009375,0.9476786184310914
230,739200,-435.05217361450195,-4.350521879196167,-435.05217361450195,-4.350521879196167,0.0,435.05217361450195,4.350521879196167,241.84179019927979,2.418417825698852,1.8688169354200364,0.0,0.0,nan,nan,nan,nan,nan,nan,nan,nan,nan,nan,7392,-0.0008548751285067269,0.030754123441874982,1.378040862083435,0.005313163809478283,0.03419068157672882,0.03419068157672882,0.13136516511440277,0.0014072364931065073,0.010303124901111006,0.8998450040817261,1.0,0.006682692307692308,0.0004456730769230769,3,1.0,1.0,0.0,0.0,5.0902906727790835,2.463348628282547,0.0,0.929017899632454
231,742400,-431.48784589767456,-4.3148785495758055,-431.48784589767456,-4.3148785495758055,0.0,431.48784589767456,4.3148785495758055,245.40611791610718,2.4540611553192138,1.9224597054719925,0.0,0.0,nan,nan,nan,nan,nan,nan,nan,nan,nan,nan,7424,-0.0009654272847634093,0.03277539294213057,1.3405928134918212,0.006482835393399,0.03991960808634758,0.03991960808634758,0.14548469483852386,0.0015512052013958604,0.006621875103883212,0.8742738962173462,1.0,0.00666826923076923,0.0004445673076923077,3,1.0,1.0,0.0,0.0,5.023679277896881,2.4322834861278535,0.0,0.9123214691877365
232,745600,-420.6343364715576,-4.206343476772308,-420.6343364715576,-4.206343476772308,0.0,420.6343364715576,4.206343476772308,256.2596273422241,2.562596228122711,2.0096114194393158,0.0015625,0.0005191700130813201,nan,nan,nan,nan,nan,nan,nan,nan,nan,nan,7456,-0.0009437554511706914,0.031352496705949306,1.3763002038002015,0.005574802961200475,0.04389821514487267,0.04389821514487267,0.15992649346590043,0.0014644487389899416,0.009371874980570283,0.900772213935852,1.0,0.006653846153846153,0.00044346153846153846,3,1.0,1.0,0.03125,0.0015625,5.122354290485382,2.354124162197113,0.0009375,0.9737053990364075
233,748800,-391.9580054283142,-3.9195800840854647,-391.9580054283142,-3.9195800840854647,0.0,391.9580054283142,3.9195800840854647,284.93595838546753,2.8493596208095546,1.711685498356819,0.0003125,0.00011524197779918189,nan,nan,nan,nan,nan,nan,nan,nan,nan,nan,7488,-0.0014107971403980678,0.024911756999790667,1.3303544521331787,0.0022122956812381744,0.052301916480064395,0.052301916480064395,0.11002189815044403,0.002184767639847818,0.017356250097509473,0.8936751484870911,1.0,0.006639423076923077,0.0004423557692307692,3,1.0,1.0,0.03125,0.0003125,3.934407057762146,2.5252214753627777,0.0,0.9592411142587661
234,752000,-386.19480204582214,-3.861947977542877,-386.19480204582214,-3.861947977542877,0.0,386.19480204582214,3.861947977542877,290.6991617679596,2.906991727352142,1.6935853111743926,0.000625,0.0002320327473598757,nan,nan,nan,nan,nan,nan,nan,nan,nan,nan,7520,-0.001182437658612656,0.021632124669849873,1.3192256927490233,0.0008937544655054808,0.044722619280219075,0.044722619280219075,0.10206232145428658,0.0019601002244612393,0.008650000037596329,0.9255280494689941,1.0,0.006625,0.00044125,3,1.0,1.0,0.03125,0.000625,4.863514847755432,2.076435176730156,0.0,0.9238393294811249
235,755200,-382.3834185600281,-3.8238343346118926,-382.3834185600281,-3.8238343346118926,0.0,382.3834185600281,3.8238343346118926,294.51054525375366,2.9451053702831267,1.4853608042001725,0.00125,0.0005029450846281732,nan,nan,nan,nan,nan,nan,nan,nan,nan,nan,7552,-0.0008667147679837228,0.025914678163826466,1.3000472784042358,0.003496561478823423,0.04199030734598637,0.04199030734598637,0.10560448914766311,0.0016309032289441414,0.010746874984761234,0.9041380882263184,1.0,0.006610576923076923,0.00044014423076923077,3,1.0,1.0,0.0625,0.00125,4.151614558696747,2.0842819917201996,0.000625,0.9394196885824203
236,758400,-333.1721706390381,-3.331721447110176,-333.1721706390381,-3.331721447110176,0.0,333.1721706390381,3.331721447110176,343.72179317474365,3.4372182577848434,1.5577580612897872,0.0109375,0.004276205856031826,nan,nan,nan,nan,nan,nan,nan,nan,nan,nan,7584,-0.0012492594540759682,0.025492346473038198,1.2894965291023255,0.0029911961406469344,0.04626244157552719,0.04626244157552719,0.10345601364970207,0.0015765185213254668,0.012503125160219498,0.9178609251976013,1.0,0.006596153846153846,0.0004390384615384616,3,1.0,1.0,0.21875,0.0109375,3.719103204011917,2.1128446751832963,0.0059375,0.9553125405311584
237,761600,-382.1297585964203,-3.821297845840454,-382.1297585964203,-3.821297845840454,0.0,382.1297585964203,3.821297845840454,294.76420521736145,2.947641859054565,1.7353232938051224,0.0046875,0.0017136913982402403,nan,nan,nan,nan,nan,nan,nan,nan,nan,nan,7616,-0.0007081568252004011,0.027004593051970005,1.2959870219230651,0.004264302086085081,0.04044829048216343,0.04044829048216343,0.10034567564725876,0.0014628578828720395,0.010087499959627166,0.9073368310928345,1.0,0.006581730769230769,0.00043793269230769233,3,1.0,1.0,0.09375,0.0046875,4.978679203987122,1.9736721748113633,0.0040625,0.9300893276929856
238,764800,-400.5190660953522,-4.005190621614457,-400.5190660953522,-4.005190621614457,0.0,400.5190660953522,4.005190621614457,276.37489771842957,2.7637490832805627,1.7456971341371537,0.0015625,0.0005690722332676441,nan,nan,nan,nan,nan,nan,nan,nan,nan,nan,7648,-0.0009426371152862157,0.02266567572951317,1.311840534210205,0.0017749403603374958,0.043263758346438405,0.043263758346438405,0.10252412706613541,0.0017097090763869512,0.011312500038184226,0.9203236103057861,1.0,0.006567307692307692,0.0004368269230769231,3,1.0,1.0,0.125,0.0015625,5.180131618976593,1.9130325347185135,0.00125,0.9643303960561752
239,768000,-325.2288613319397,-3.2522886031866074,-325.2288613319397,-3.2522886031866074,0.0,325.2288613319397,3.2522886031866074,351.66510248184204,3.516651101708412,1.4086296236515046,0.0028125,0.001167676413335905,nan,nan,nan,nan,nan,nan,nan,nan,nan,nan,7680,-0.0011301890484872068,0.024251439422369004,1.266387414932251,0.0026970397680997848,0.044004784896969795,0.044004784896969795,0.13003324195742608,0.0018535984410861608,0.013884375010820803,0.8908001184463501,1.0,0.006552884615384615,0.00043572115384615383,3,1.0,1.0,0.0625,0.0028125,4.033558419942856,2.033149348497391,0.001875,0.8887054020166397
240,771200,-347.21086847782135,-3.472108525633812,-347.21086847782135,-3.472108525633812,0.0,347.21086847782135,3.472108525633812,329.6830953359604,3.2968311792612073,1.6674575835466385,0.0203125,0.007614928959054938,-88.31368225812912,-0.8831368225812912,-88.31368225812912,-0.8831368225812912,100.0,1.6795534662902356,0.16,0.059711441481895625,88.31368225812912,728.2727181315422,7712,-0.0013420882688340407,0.03749774042516947,1.2487723231315613,0.009241732396185398,0.06052130796015263,0.06052130796015263,0.14177013337612152,0.002280602140673855,0.021262499724980444,0.856087327003479,1.0,0.006538461538461538,0.0004346153846153846,3,1.0,1.0,0.1875,0.0203125,3.7065423798561095,2.0510890823602677,0.0109375,0.9407143288850784
241,774400,-356.67864775657654,-3.566786428689957,-356.67864775657654,-3.566786428689957,0.0,356.67864775657654,3.566786428689957,320.2153160572052,3.2021532762050624,1.5837964779138565,0.0040625,0.0015722987606516287,nan,nan,nan,nan,nan,nan,nan,nan,nan,nan,7744,-0.0009706870036316317,0.022602864541113377,1.2825599431991577,0.0019632748328149317,0.06220193989574909,0.06220193989574909,0.09356641620397568,0.001647955921363706,0.009884375054389239,0.8788842558860779,1.0,0.006524038461538461,0.0004335096153846154,3,1.0,1.0,0.09375,0.0040625,4.714965665340424,1.9481000471115113,0.003125,0.8998661106824875
242,777600,-337.8460394144058,-3.3784604650735854,-337.8460394144058,-3.3784604650735854,0.0,337.8460394144058,3.3784604650735854,339.0479243993759,3.390479239821434,1.466341518163681,0.013125,0.005321647429335837,nan,nan,nan,nan,nan,nan,nan,nan,nan,nan,7776,-0.0015685911508509065,0.029977777414023875,1.2540834426879883,0.00525669651106,0.05365741066634655,0.05365741066634655,0.10717183351516724,0.0025664352971959256,0.013940624927636236,0.8723490238189697,1.0,0.0065096153846153845,0.00043240384615384614,3,1.0,1.0,0.0625,0.013125,3.5391206347942354,1.83627115547657,0.0115625,0.9684375417232514
243,780800,-385.209308385849,-3.8520930898189545,-385.209308385849,-3.8520930898189545,0.0,385.209308385849,3.8520930898189545,291.68465542793274,2.916846615076065,1.990524508357048,0.00625,0.0020899343852673062,nan,nan,nan,nan,nan,nan,nan,nan,nan,nan,7808,-0.001531394072738479,0.03858319707214832,1.2498881101608277,0.009641940984874964,0.05570726208388806,0.05570726208388806,0.1392499662935734,0.002174575144455685,0.01633437491254881,0.866523265838623,1.0,0.006495192307692308,0.00043129807692307695,3,1.0,1.0,0.125,0.00625,4.320877420902252,2.3264015328884127,0.00375,0.9554911148548126
244,784000,-341.6155014038086,-3.416155136823654,-341.6155014038086,-3.416155136823654,0.0,341.6155014038086,3.416155136823654,335.27846240997314,3.3527845680713653,1.4578713405132293,0.005625,0.002288565681727442,nan,nan,nan,nan,nan,nan,nan,nan,nan,nan,7840,-0.0013457130666006734,0.022323058731853963,1.2369093537330627,0.0017996919807046652,0.059840066358447075,0.059840066358447075,0.10644905269145966,0.00269648290850629,0.019368749600835143,0.915479302406311,1.0,0.006480769230769231,0.0004301923076923077,3,1.0,1.0,0.09375,0.005625,4.099470082521439,1.7936511915922164,0.005,0.9524554002285004
245,787200,-315.2629579901695,-3.1526295214891435,-315.2629579901695,-3.1526295214891435,0.0,315.2629579901695,3.1526295214891435,361.6310058236122,3.6163101834058757,1.4152817767858505,0.0078125,0.003234612240728503,nan,nan,nan,nan,nan,nan,nan,nan,nan,nan,7872,-0.0008397629701474507,0.020040073059499265,1.2403342604637146,0.0011598427314311265,0.03616316094994545,0.03616316094994545,0.11950677335262298,0.0017509426805207382,0.007953125151107087,0.9163427352905273,1.0,0.006466346153846154,0.00042908653846153845,3,1.0,1.0,0.15625,0.0078125,3.718016839027405,1.751289119720459,0.004375,0.940714328289032
246,790400,-392.89996111392975,-3.9289995616674425,-392.89996111392975,-3.9289995616674425,0.0,392.89996111392975,3.9289995616674425,283.994002699852,2.839940143227577,1.598402025103569,0.0065625,0.0025255907040552844,nan,nan,nan,nan,nan,nan,nan,nan,nan,nan,7904,-0.0015146188128215775,0.02798966933041811,1.248546802997589,0.00442468817345798,0.06798325814306735,0.06798325814306735,0.11515308693051338,0.0023189817100517356,0.016134374984540047,0.9147157669067383,1.0,0.006451923076923077,0.00042798076923076926,3,1.0,1.0,0.125,0.0065625,3.785955594778061,2.2332160592079164,0.005,0.9523214679956437
247,793600,-392.0413999557495,-3.920413907766342,-392.0413999557495,-3.920413907766342,0.0,392.0413999557495,3.920413907766342,284.8525638580322,2.8485257971286773,1.9342211765050887,0.0128125,0.004366576079060542,nan,nan,nan,nan,nan,nan,nan,nan,nan,nan,7936,-0.0009706399383256237,0.03086466509848833,1.2367603182792664,0.006500048004090786,0.038639217428863046,0.038639217428863046,0.13676187321543692,0.002138751286840326,0.012084374757250771,0.884971559047699,1.0,0.0064375000000000005,0.000426875,3,1.0,1.0,0.125,0.0128125,4.106557595729828,2.3743368256092072,0.0071875,0.9689286148548126
248,796800,-367.60967004299164,-3.676096810698509,-367.60967004299164,-3.676096810698509,0.0,367.60967004299164,3.676096810698509,309.2842937707901,3.0928428941965103,1.7754800003767013,0.0153125,0.005517063714356333,nan,nan,nan,nan,nan,nan,nan,nan,nan,nan,7968,-0.0016271550436737004,0.03159636203199625,1.2481322288513184,0.006154176592826843,0.06985091790556908,0.06985091790556908,0.1436060279607773,0.0025502405005698213,0.019306249916553497,0.8758284449577332,1.0,0.006423076923076924,0.0004257692307692308,3,1.0,1.0,0.1875,0.0153125,4.347080241441727,2.16993539750576,0.00875,0.9454464709758759
249,800000,-404.0116047859192,-4.040116059780121,-404.0116047859192,-4.040116059780121,0.0,404.0116047859192,4.040116059780121,272.88235902786255,2.7288236451148986,1.9576626360416411,0.0096875,0.0032753904660895237,nan,nan,nan,nan,nan,nan,nan,nan,nan,nan,8000,-0.000891408616420808,0.03717447090893984,1.229912233352661,0.009813745319843293,0.060413448885083196,0.060413448885083196,0.12561669424176217,0.0012968839157127031,0.010471875149232802,0.8841161727905273,1.0,0.006408653846153845,0.0004246634615384615,3,1.0,1.0,0.125,0.0096875,5.161682801246643,2.623148859739304,0.0075,0.9082143265008926
250,803200,-312.2842090278864,-3.122842016369104,-312.2842090278864,-3.122842016369104,0.0,312.2842090278864,3.122842016369104,364.60975478589535,3.646097688525915,1.5793461036682128,0.0284375,0.011025081108563777,nan,nan,nan,nan,nan,nan,nan,nan,nan,nan,8032,-0.001673386161448498,0.0358437916263938,1.24619779586792,0.008280033338814973,0.06861171536147595,0.06861171536147595,0.1530573345720768,0.0029434397569292757,0.022171875066123902,0.8646296858787537,1.0,0.006394230769230768,0.0004235576923076923,3,1.0,1.0,0.15625,0.0284375,3.937398875951767,2.03040428340435,0.020625,0.9168750464916229
251,806400,-281.523706138134,-2.815237079039216,-281.523706138134,-2.815237079039216,0.0,281.523706138134,2.815237079039216,395.37025767564774,3.9537026258558035,1.2486952352523804,0.025,0.011117558132413684,nan,nan,nan,nan,nan,nan,nan,nan,nan,nan,8064,-0.00128093546623127,0.02429195400327444,1.1873651385307311,0.0032898801378905772,0.08973852060735225,0.08973852060735225,0.0998588815331459,0.0021915091616411427,0.017587500176159666,0.9294832348823547,1.0,0.006379807692307692,0.00042245192307692307,3,1.0,1.0,0.21875,0.025,2.8531742238998414,1.8489257991313934,0.016875,0.9197768300771714
252,809600,-311.81522262096405,-3.1181520715355875,-311.81522262096405,-3.1181520715355875,0.0,311.81522262096405,3.1181520715355875,365.0787411928177,3.650787633359432,1.297028278708458,0.0146875,0.006394131119821601,nan,nan,nan,nan,nan,nan,nan,nan,nan,nan,8096,-0.0008302343390518274,0.021860485337674616,1.2357278704643249,0.002234125463292003,0.0433989055454731,0.0433989055454731,0.10395473539829254,0.0014706289861369326,0.010028124727250542,0.9091607332229614,1.0,0.006365384615384615,0.0004213461538461538,3,1.0,1.0,0.1875,0.0146875,3.8817340517044068,1.6885030615329741,0.011875,0.9191518241167068
253,812800,-304.9424676448107,-3.0494247934222223,-304.9424676448107,-3.0494247934222223,0.0,304.9424676448107,3.0494247934222223,371.95149616897106,3.719514911472797,1.4979899144172668,0.0284375,0.011384153248926918,nan,nan,nan,nan,nan,nan,nan,nan,nan,nan,8128,-0.0016055697542499026,0.026397981122136115,1.211286449432373,0.0039005872327834367,0.07961789220571518,0.07961789220571518,0.09136951938271523,0.0024943604832533364,0.021165624784043758,0.9193910360336304,1.0,0.006350961538461538,0.00042024038461538463,3,1.0,1.0,0.21875,0.0284375,3.2342697751522063,2.056408138871193,0.0209375,0.9221429014205933
254,816000,-375.56330156326294,-3.7556330497562884,-375.56330156326294,-3.7556330497562884,0.0,375.56330156326294,3.7556330497562884,301.3306622505188,3.013306655138731,1.4410572564601898,0.014375,0.005888841796707949,nan,nan,nan,nan,nan,nan,nan,nan,nan,nan,8160,-0.0009491307345218969,0.017918058205395937,1.2134189844131469,0.00032102223485708237,0.04568197391927242,0.04568197391927242,0.09722276329994202,0.0013125899728055688,0.008009374875109642,0.9501867890357971,1.0,0.006336538461538461,0.0004191346153846154,3,1.0,1.0,0.15625,0.014375,4.657221121788025,2.305286073088646,0.00875,0.9175000411272048
255,819200,-378.33945894241333,-3.7833946055173873,-378.33945894241333,-3.7833946055173873,0.0,378.33945894241333,3.7833946055173873,298.5545048713684,2.985545099377632,2.10094466984272,0.02,0.006449647487910322,nan,nan,nan,nan,nan,nan,nan,nan,nan,nan,8192,-0.0013269852467230336,0.03933931551873684,1.2013653874397279,0.010747502045705914,0.0690965011715889,0.0690965011715889,0.11986623965203762,0.0021986644918815415,0.02218125032959506,0.8847732543945312,1.0,0.006322115384615384,0.0004180288461538462,3,1.0,1.0,0.125,0.02,3.962812229394913,2.5266831767559053,0.015625,0.9439732605218887
256,822400,-376.1599497795105,-3.761599422097206,-376.1599497795105,-3.761599422097206,0.0,376.1599497795105,3.761599422097206,300.73401403427124,3.0073402827978133,1.9668123835325242,0.0065625,0.002211970004043924,nan,nan,nan,nan,nan,nan,nan,nan,nan,nan,8224,-0.0008527294650906708,0.02379582356661558,1.1801615834236145,0.00360108632594347,0.06113655045628548,0.06113655045628548,0.1342006430029869,0.0013726350487577043,0.008746875077486038,0.9239521026611328,1.0,0.0063076923076923076,0.00041692307692307694,3,1.0,1.0,0.09375,0.0065625,4.681697899103165,2.370704284310341,0.0053125,0.9182143288850785
257,825600,-327.8710856437683,-3.2787108612060547,-327.8710856437683,-3.2787108612060547,0.0,327.8710856437683,3.2787108612060547,349.0228781700134,3.4902288436889646,1.619324614405632,0.02875,0.010976111873221889,nan,nan,nan,nan,nan,nan,nan,nan,nan,nan,8256,-0.001283742376277222,0.027867077849805355,1.1782721638679505,0.005234612384811044,0.12186962366104126,0.12186962366104126,0.09325909316539764,0.002053644458648775,0.017703125020489097,0.9140293598175049,1.0,0.006293269230769231,0.0004158173076923077,3,1.0,1.0,0.21875,0.02875,4.173486112356186,2.1735539692640304,0.0209375,0.9516518259048462
258,828800,-305.68638241291046,-3.056863707154989,-305.68638241291046,-3.056863707154989,0.0,305.68638241291046,3.056863707154989,371.2075814008713,3.71207599774003,1.2906310641765595,0.0290625,0.012687551677139001,nan,nan,nan,nan,nan,nan,nan,nan,nan,nan,8288,-0.0010460180427646292,0.0266337301582098,1.1609712600708009,0.004981287382543087,0.06285064332187176,0.06285064332187176,0.09594565853476525,0.0020753219316266757,0.0169125001761131,0.9091414213180542,1.0,0.006278846153846154,0.0004147115384615385,3,1.0,1.0,0.3125,0.0290625,2.6637069272994993,1.854538848400116,0.0190625,0.9397321820259095
259,832000,-318.2210396528244,-3.182210136950016,-318.2210396528244,-3.182210136950016,0.0,318.2210396528244,3.182210136950016,358.67292416095734,3.586729567945003,1.4773772704601287,0.0228125,0.009208326996462264,nan,nan,nan,nan,nan,nan,nan,nan,nan,nan,8320,-0.0010745085272297673,0.02306628841906786,1.1613187432289123,0.0031836437527090313,0.06555250398814678,0.06555250398814678,0.09550581872463226,0.001743566417282729,0.010806250083260239,0.907067596912384,1.0,0.006264423076923076,0.00041360576923076925,3,1.0,1.0,0.1875,0.0228125,4.207337328195572,2.0300466454029085,0.0125,0.96218754529953
260,835200,-255.48769330978394,-2.5548768712580205,-255.48769330978394,-2.5548768712580205,0.0,255.48769330978394,2.5548768712580205,421.4062705039978,4.214062833636999,1.3220237904787064,0.019375,0.008344014423730632,-67.8196851760149,-0.678196851760149,-67.8196851760149,-0.678196851760149,100.0,1.5991882744804025,0.17,0.0654050349753845,67.8196851760149,748.7667152136564,8352,-0.0013635695075849164,0.018908325396478177,1.1820608496665954,0.0007027127780020237,0.06091196835041046,0.06091196835041046,0.07869410365819932,0.002433768694756513,0.018493750086054205,0.9233444333076477,1.0,0.0062499999999999995,0.0004125,3,1.0,1.0,0.1875,0.019375,4.26532559633255,1.4243099296092987,0.013125,0.9233929008245468
261,838400,-262.1809153556824,-2.6218091869354248,-262.1809153556824,-2.6218091869354248,0.0,262.1809153556824,2.6218091869354248,414.71304845809937,4.147130517959594,1.334702554345131,0.0459375,0.01967595397302556,nan,nan,nan,nan,nan,nan,nan,nan,nan,nan,8384,-0.001561623396910683,0.027112360298633575,1.1542346239089967,0.004797238064929843,0.07174292095005512,0.07174292095005512,0.09312601983547211,0.002352614418489061,0.022768750111572443,0.9032557010650635,1.0,0.006235576923076923,0.00041139423076923075,3,1.0,1.0,0.28125,0.0459375,2.8951123958826064,1.7424521005153657,0.0321875,0.924196469783783
262,841600,-290.21805584430695,-2.9021804912388323,-290.21805584430695,-2.9021804912388323,0.0,290.21805584430695,2.9021804912388323,386.6759079694748,3.866759213656187,1.4526872307062149,0.035,0.014270062469368452,nan,nan,nan,nan,nan,nan,nan,nan,nan,nan,8416,-0.001248516799928634,0.026063676178455352,1.1648514032363892,0.004536601388826967,0.09496700018644333,0.09496700018644333,0.10759833976626396,0.002426334546182386,0.018290625250665472,0.9244260787963867,1.0,0.006221153846153846,0.00041028846153846156,3,1.0,1.0,0.1875,0.035,3.817074559926987,1.7795816946029663,0.028125,0.9385268259048462
263,844800,-312.6244165301323,-3.126244283616543,-312.6244165301323,-3.126244283616543,0.0,312.6244165301323,3.126244283616543,364.26954728364944,3.6426954212784763,1.6031794720888137,0.0359375,0.013805233325370161,nan,nan,nan,nan,nan,nan,nan,nan,nan,nan,8448,-0.0010748363080158364,0.0305428059771657,1.1759225845336914,0.006897931499406695,0.07209320813417434,0.07209320813417434,0.09830109477043152,0.0018722852029914299,0.013453125162050128,0.8744431138038635,1.0,0.006206730769230769,0.0004091826923076923,3,1.0,1.0,0.21875,0.0359375,3.9671303713321686,2.1030710047483443,0.0196875,0.8946429026126862
264,848000,-318.505713224411,-3.18505725055933,-318.505713224411,-3.18505725055933,0.0,318.505713224411,3.18505725055933,358.3882505893707,3.583882454335689,1.5352101558446885,0.0384375,0.015161464982059163,nan,nan,nan,nan,nan,nan,nan,nan,nan,nan,8480,-0.0008937665752819068,0.02467074617743492,1.13965961933136,0.00438448335044086,0.05056835003197193,0.05056835003197193,0.09609614461660385,0.0012424579283124245,0.00577500001527369,0.8996381759643555,1.0,0.006192307692307692,0.0004080769230769231,3,1.0,1.0,0.46875,0.0384375,3.408101186156273,2.2004979383945464,0.0284375,0.9268750411272049
265,851200,-341.5323362350464,-3.415323179811239,-341.5323362350464,-3.415323179811239,0.0,341.5323362350464,3.415323179811239,335.36162757873535,3.35361652508378,1.7642911303043365,0.0459375,0.0166181844945335,nan,nan,nan,nan,nan,nan,nan,nan,nan,nan,8512,-0.001010489705990758,0.04067778550088406,1.1560175180435182,0.012186660710722209,0.06601533107459545,0.06601533107459545,0.12436596825718879,0.0012425931618072995,0.010715625050943344,0.8707499504089355,1.0,0.006177884615384615,0.00040697115384615386,3,1.0,1.0,0.25,0.0459375,3.828084601163864,2.4172604805231095,0.034375,0.9337946790456771
266,854400,-273.5621901154518,-2.73562201783061,-273.5621901154518,-2.73562201783061,0.0,273.5621901154518,2.73562201783061,403.3317736983299,4.033317687064409,1.3740735256671905,0.0309375,0.013031399266080258,nan,nan,nan,nan,nan,nan,nan,nan,nan,nan,8544,-0.0010783889089012177,0.016219994984567165,1.1908315539360046,-0.00030803605914115907,0.051503090932965276,0.051503090932965276,0.07386965714395047,0.0012097667211510023,0.004584375034028199,0.9283425807952881,1.0,0.006163461538461538,0.0004058653846153846,3,1.0,1.0,0.28125,0.0309375,3.1289599269628523,1.7490634107589722,0.0196875,0.9592411142587661
267,857600,-333.3307754993439,-3.3333073556423187,-333.3307754993439,-3.3333073556423187,0.0,333.3307754993439,3.3333073556423187,343.56318831443787,3.4356323492527006,1.6305147784948348,0.029375,0.01116701576442319,nan,nan,nan,nan,nan,nan,nan,nan,nan,nan,8576,-0.0013985407472937527,0.025868862681090832,1.1635133743286132,0.004381402069702745,0.06702022440731525,0.06702022440731525,0.1244949832558632,0.0026615369097290065,0.022084375383201404,0.9027495384216309,1.0,0.006149038461538461,0.0004047596153846154,3,1.0,1.0,0.3125,0.029375,3.009737619757652,2.338736862540245,0.019375,0.9314286142587662
268,860800,-278.1980470716953,-2.7819804897904397,-278.1980470716953,-2.7819804897904397,0.0,278.1980470716953,2.7819804897904397,398.6959167420864,3.9869592151045796,1.660116593837738,0.05875,0.022085498107901218,nan,nan,nan,nan,nan,nan,nan,nan,nan,nan,8608,-0.0012129066656459964,0.034088524803519246,1.1504079222679138,0.008774045715108513,0.0678540464490652,0.0678540464490652,0.12814181223511695,0.0014839500901890222,0.00946250008419156,0.8873919248580933,1.0,0.006134615384615384,0.0004036538461538462,3,1.0,1.0,0.28125,0.05875,3.443291447162628,2.343217589259148,0.039375,0.9116964679956436
269,864000,-284.6558876633644,-2.84655862480402,-284.6558876633644,-2.84655862480402,0.0,284.6558876633644,2.84655862480402,392.2380761504173,3.9223810800909993,1.509443730711937,0.0628125,0.025030447677015608,nan,nan,nan,nan,nan,nan,nan,nan,nan,nan,8640,-0.0018420295171905465,0.025834272243082525,1.1346516013145447,0.004130820697173476,0.12133461236953735,0.12133461236953735,0.11501528471708297,0.0025241151743121627,0.02104374988703057,0.9274415373802185,1.0,0.006120192307692307,0.0004025480769230769,3,1.0,1.0,0.4375,0.0628125,3.3755949342250826,1.9370936977863311,0.0421875,0.938437538743019
270,867200,-257.20996057987213,-2.572099568545818,-257.20996057987213,-2.572099568545818,0.0,257.20996057987213,2.572099568545818,419.6840032339096,4.196840136349201,1.273988841176033,0.066875,0.029408675534843186,nan,nan,nan,nan,nan,nan,nan,nan,nan,nan,8672,-0.0009687287000939903,0.027944006398320197,1.1410025358200073,0.00603657616302371,0.10322765856981278,0.10322765856981278,0.1175241656601429,0.0014502493140773989,0.010228124842979015,0.9158695340156555,1.0,0.006105769230769231,0.0004014423076923077,3,1.0,1.0,0.40625,0.066875,3.6167526090145112,2.108721812963486,0.048125,0.9010268223285675
271,870400,-217.24097800254822,-2.172410056293011,-217.24097800254822,-2.172410056293011,0.0,217.24097800254822,2.172410056293011,459.6529858112335,4.596529648602008,1.5254192215204239,0.109375,0.043309641056010886,nan,nan,nan,nan,nan,nan,nan,nan,nan,nan,8704,-0.0014924429695587272,0.040204451978206636,1.1180431962013244,0.01179939522407949,0.09111056700348855,0.09111056700348855,0.12716240361332892,0.0019502689057865883,0.017987499534501693,0.9085644483566284,1.0,0.006091346153846154,0.0004003365384615385,3,1.0,1.0,0.4375,0.109375,3.4854485619068147,1.9668061035871505,0.0671875,0.942857181429863
272,873600,-187.35525971651077,-1.8735526052117348,-187.35525971651077,-1.8735526052117348,0.0,187.35525971651077,1.8735526052117348,489.53870409727097,4.895387099683284,1.3392884063720703,0.101875,0.04354956820309077,nan,nan,nan,nan,nan,nan,nan,nan,nan,nan,8736,-0.0014520489781716605,0.0357349319383502,1.124482524394989,0.009582022856920957,0.12334310486912728,0.12334310486912728,0.11502232700586319,0.0020598937291672983,0.016196875018067658,0.9280049204826355,1.0,0.006076923076923077,0.00039923076923076924,3,1.0,1.0,0.53125,0.101875,3.01719751060009,1.8039831694960595,0.0775,0.9456696856021881
273,876800,-214.86837339401245,-2.148683708906174,-214.86837339401245,-2.148683708906174,0.0,214.86837339401245,2.148683708906174,462.0255904197693,4.620255995988845,1.1319887098670005,0.0678125,0.031807157179659894,nan,nan,nan,nan,nan,nan,nan,nan,nan,nan,8768,-0.0011066156318294772,0.022105091996490956,1.1189077019691467,0.0031625521834939717,0.09646217562258244,0.09646217562258244,0.10383883900940419,0.0023214733431835698,0.01879999994998798,0.9535320401191711,1.0,0.0060625,0.000398125,3,1.0,1.0,0.375,0.0678125,3.032818366289139,1.7292070984840393,0.0496875,0.9309375423192978
274,880000,-234.8772891163826,-2.3487728906422856,-234.8772891163826,-2.3487728906422856,0.0,234.8772891163826,2.3487728906422856,442.01667469739914,4.420166814252734,1.730887302160263,0.0946875,0.034672796612697135,nan,nan,nan,nan,nan,nan,nan,nan,nan,nan,8800,-0.0009849236312525988,0.031231632456183434,1.1075116991996765,0.007932576863095165,0.06660468056797982,0.06660468056797982,0.15761849880218506,0.001277530952213446,0.010059375115088188,0.9443309903144836,1.0,0.0060480769230769225,0.0003970192307692308,3,1.0,1.0,0.4375,0.0946875,3.295337375998497,2.3244460839033128,0.07,0.9514286142587661
275,883200,-257.61816841363907,-2.5761817941069602,-257.61816841363907,-2.5761817941069602,0.0,257.61816841363907,2.5761817941069602,419.27579540014267,4.192757910788059,1.5676363000273705,0.078125,0.030426817068744203,nan,nan,nan,nan,nan,nan,nan,nan,nan,nan,8832,-0.0010797863573068778,0.03214340396225453,1.096129059791565,0.008378251967951656,0.1025003794580698,0.1025003794580698,0.12046401053667069,0.001084431074561943,0.006984375044703483,0.9441781044006348,1.0,0.006033653846153846,0.00039591346153846154,3,1.0,1.0,0.375,0.078125,4.095974702835083,1.9545181262493134,0.049375,0.9001786142587662
276,886400,-192.37113927304745,-1.9237114305794238,-192.37113927304745,-1.9237114305794238,0.0,192.37113927304745,1.9237114305794238,484.5228245407343,4.845228274315596,1.1162098008394241,0.0753125,0.03558839013510204,nan,nan,nan,nan,nan,nan,nan,nan,nan,nan,8864,-0.0012176568043767767,0.02733996156603098,1.0922256112098694,0.005877965968102217,0.06507712043821812,0.06507712043821812,0.13023416101932525,0.0020493123811343096,0.016765625309199096,0.9387660622596741,1.0,0.006019230769230769,0.00039480769230769235,3,1.0,1.0,0.5,0.0753125,3.156570782661438,1.4003878298401833,0.05875,0.9420089727640152
277,889600,-181.12884986400604,-1.8112885904312135,-181.12884986400604,-1.8112885904312135,0.0,181.12884986400604,1.8112885904312135,495.7651139497757,4.957651114463806,0.972691327035427,0.0921875,0.04673184229919029,nan,nan,nan,nan,nan,nan,nan,nan,nan,nan,8896,-0.0016233694598543735,0.031968929246068,1.063150405883789,0.007977081369608641,0.08410128280520439,0.08410128280520439,0.14817361086606978,0.002507436765884018,0.018453125189989806,0.919967770576477,1.0,0.006004807692307692,0.0003937019230769231,3,1.0,1.0,0.59375,0.0921875,3.3447464722394944,1.356543662250042,0.07,0.9099107599258422
278,892800,-231.14587914943695,-2.31145878277719,-231.14587914943695,-2.31145878277719,0.0,231.14587914943695,2.31145878277719,445.7480846643448,4.4574809221178295,0.99342767059803,0.0675,0.03386127372243706,nan,nan,nan,nan,nan,nan,nan,nan,nan,nan,8928,-0.001021207457478157,0.030600147880613805,1.090830099582672,0.007744374452158809,0.050441077724099156,0.050441077724099156,0.13234424367547035,0.0013928546432019882,0.00865312502719462,0.9297873377799988,1.0,0.005990384615384615,0.00039259615384615385,3,1.0,1.0,0.46875,0.0675,3.1220871770381926,1.3415710216760635,0.0521875,0.9048214685916901
279,896000,-193.44114562869072,-1.9344113656878472,-193.44114562869072,-1.9344113656878472,0.0,193.44114562869072,1.9344113656878472,483.452818185091,4.834528339207172,1.204736092686653,0.0975,0.04422297994005631,nan,nan,nan,nan,nan,nan,nan,nan,nan,nan,8960,-0.0011515045108739241,0.02568981759250164,1.0869096040725708,0.00519807399250567,0.1210867241024971,0.1210867241024971,0.11527440324425697,0.0016511014415323561,0.009293749829157604,0.9582597613334656,1.0,0.005975961538461538,0.0003914903846153846,3,1.0,1.0,0.46875,0.0975,2.7096743667125702,1.6213493478298187,0.07,0.9681250393390656
280,899200,-277.2654640674591,-2.7726545237004756,-277.2654640674591,-2.7726545237004756,0.0,277.2654640674591,2.7726545237004756,399.62849974632263,3.9962851811945437,1.3142060127854347,0.0484375,0.02093050477459414,-142.11527559161186,-1.4211527559161186,-142.11527559161186,-1.4211527559161186,100.0,1.6057243295386434,0.105,0.040295897309517305,142.11527559161186,674.4711247980595,8992,-0.0010843239293492068,0.020902040228247643,1.0756321549415588,0.0029542738571763038,0.061589979007840155,0.061589979007840155,0.10569245517253875,0.0016459687405607933,0.01111562482547015,0.9520763754844666,1.0,0.005961538461538461,0.00039038461538461536,3,1.0,1.0,0.375,0.0484375,3.60686971783638,1.7618450796604157,0.0359375,0.9625893265008927
281,902400,-233.7278718650341,-2.337278788238764,-233.7278718650341,-2.337278788238764,0.0,233.7278718650341,2.337278788238764,443.16609194874763,4.431660916656256,1.0995769819617272,0.07125,0.03393540728067422,nan,nan,nan,nan,nan,nan,nan,nan,nan,nan,9024,-0.0018346994480118895,0.020898950286209583,1.0636332869529723,0.002289225859567523,0.104020144790411,0.104020144790411,0.10236416533589363,0.003467204459595903,0.034618750354275106,0.9553444385528564,1.0,0.005947115384615384,0.00038927884615384616,3,1.0,1.0,0.46875,0.07125,2.496068139076233,1.8113909709453582,0.048125,0.9457589668035508
282,905600,-94.65229558944702,-0.9465229928493499,-94.65229558944702,-0.9465229928493499,0.0,94.65229558944702,0.9465229928493499,582.2416682243347,5.822416712045669,1.0789103549718857,0.16125,0.07756467209582045,nan,nan,nan,nan,nan,nan,nan,nan,nan,nan,9056,-0.0017276397497974828,0.036514224298298356,1.034481155872345,0.01039221384562552,0.10120837427675725,0.10120837427675725,0.13830344751477242,0.0021907463000413333,0.019690625154180453,0.9268608093261719,1.0,0.005932692307692307,0.0003881730769230769,3,1.0,1.0,0.59375,0.16125,2.387705573439598,1.7024320137500764,0.1125,0.9337500447034836
283,908800,-124.60559943318367,-1.2460559010505676,-124.60559943318367,-1.2460559010505676,0.0,124.60559943318367,1.2460559010505676,552.2883643805981,5.522883803844452,0.9330608513951302,0.1128125,0.05835951823171053,nan,nan,nan,nan,nan,nan,nan,nan,nan,nan,9088,-0.0013752571712480678,0.02275717128068209,1.0510581135749817,0.00378288384526968,0.11827980428934097,0.11827980428934097,0.10101221799850464,0.0024297242693160533,0.021212499821558595,0.9469079375267029,1.0,0.00591826923076923,0.0003870673076923077,3,1.0,1.0,0.59375,0.1128125,3.016776929497719,1.1075667417049408,0.0875,0.9487053942680359
284,912000,-197.88773576915264,-1.978877426981926,-197.88773576915264,-1.978877426981926,0.0,197.88773576915264,1.978877426981926,479.0062280446291,4.790062277913093,1.1903153690695762,0.07875,0.03595372662405789,nan,nan,nan,nan,nan,nan,nan,nan,nan,nan,9120,-0.0012228056858060831,0.02267276104539633,1.0372779607772826,0.003989645326510072,0.09432307220995426,0.09432307220995426,0.12267293781042099,0.0026781558728568465,0.023346874909475446,0.944749116897583,1.0,0.005903846153846154,0.0003859615384615385,3,1.0,1.0,0.59375,0.07875,3.03600248336792,1.5078504705429077,0.0503125,0.9449554020166397
285,915200,-211.7154714167118,-2.117154787033796,-211.7154714167118,-2.117154787033796,0.0,211.7154714167118,2.117154787033796,465.17849239706993,4.651784917861223,1.4623379796743392,0.086875,0.03528150916613397,nan,nan,nan,nan,nan,nan,nan,nan,nan,nan,9152,-0.0014799083313322581,0.025963468290865422,1.0071589469909668,0.005570240505039692,0.09798129610717296,0.09798129610717296,0.11616327762603759,0.0018931149665174902,0.016968750132582498,0.9448556900024414,1.0,0.005889423076923077,0.0003848557692307692,3,1.0,1.0,0.53125,0.086875,3.5901785635948182,1.880606973171234,0.060625,0.9261161106824874
286,918400,-111.18976068496704,-1.1118976724147798,-111.18976068496704,-1.1118976724147798,0.0,111.18976068496704,1.1118976724147798,565.7042031288147,5.6570420324802395,1.3127871344983577,0.1590625,0.06877524421827112,nan,nan,nan,nan,nan,nan,nan,nan,nan,nan,9184,-0.001198202608013521,0.03275185823440552,1.0114493727684022,0.009235461661592125,0.15679440274834633,0.15679440274834633,0.17790258824825286,0.0015552555705678338,0.013025000090419781,0.9392759799957275,1.0,0.005875,0.00038375000000000003,3,1.0,1.0,0.625,0.1590625,3.9028298729658126,1.7209198470413685,0.1159375,0.9393304014205932
287,921600,-52.96591657400131,-0.5296590401232243,-52.96591657400131,-0.5296590401232243,0.0,52.96591657400131,0.5296590401232243,623.9280472397804,6.239280664771795,1.018818275630474,0.17,0.0842076783493102,nan,nan,nan,nan,nan,nan,nan,nan,nan,nan,9216,-0.0010464986953651946,0.02883624192327261,1.036066460609436,0.0072996751870959995,0.1254413116723299,0.1254413116723299,0.15795129910111427,0.0015529308177090564,0.01210937494179234,0.9519641995429993,1.0,0.005860576923076923,0.0003826442307692308,3,1.0,1.0,0.71875,0.17,2.8545312130451204,1.2230807545781135,0.120625,0.9331696873903275
288,924800,-125.71027159690857,-1.2571028271317481,-125.71027159690857,-1.2571028271317481,0.0,125.71027159690857,1.2571028271317481,551.1836922168732,5.511836877763271,1.3314457777142525,0.16625,0.07130768452311655,nan,nan,nan,nan,nan,nan,nan,nan,nan,nan,9248,-0.001175185436371251,0.0340208088979125,1.0165122270584106,0.009892532275989652,0.08013830333948135,0.08013830333948135,0.16777466088533402,0.0016391992110608641,0.015062500030035153,0.9341651797294617,1.0,0.0058461538461538455,0.00038153846153846153,3,1.0,1.0,0.625,0.16625,3.2469800055027007,1.6786361679434776,0.11125,0.9500893276929855
289,928000,-247.9079144001007,-2.4790790243446827,-247.9079144001007,-2.4790790243446827,0.0,247.9079144001007,2.4790790243446827,428.98604941368103,4.289860680550337,1.4160310623049737,0.103125,0.04268363996182041,nan,nan,nan,nan,nan,nan,nan,nan,nan,nan,9280,-0.0017253095275489906,0.03438088111579418,1.0173582434654236,0.009532171860337257,0.09320916458964348,0.09320916458964348,0.15654033422470093,0.0025594058461161097,0.02249374991442892,0.9399527907371521,1.0,0.005831730769230769,0.0003804326923076923,3,1.0,1.0,0.46875,0.103125,3.9242046487331392,2.060299105644226,0.061875,0.9205803990364074
290,931200,-115.83033919334412,-1.1583033280074597,-115.83033919334412,-1.1583033280074597,0.0,115.83033919334412,1.1583033280074597,561.0636246204376,5.61063637688756,0.9049208369851113,0.1303125,0.06840835454676615,nan,nan,nan,nan,nan,nan,nan,nan,nan,nan,9312,-0.0017323967651464045,0.03128463085740805,1.011374819278717,0.008026440208777786,0.17668498307466507,0.17668498307466507,0.14787319600582122,0.0027068948722471383,0.023937499753083104,0.9407519102096558,1.0,0.005817307692307692,0.0003793269230769231,3,1.0,1.0,0.53125,0.1303125,2.812921969294548,1.1224932152032852,0.0896875,0.9666964757442474
291,934400,-146.0209081172943,-1.4602090531587602,-146.0209081172943,-1.4602090531587602,0.0,146.0209081172943,1.4602090531587602,530.8730556964874,5.308730651736259,1.040710175037384,0.1296875,0.06355018051381268,nan,nan,nan,nan,nan,nan,nan,nan,nan,nan,9344,-0.0014690657410771023,0.02580880280584097,1.0000912845134735,0.005631921160966158,0.23596331290900707,0.23596331290900707,0.14348067343235016,0.002950075734409409,0.028978125564754008,0.9575059413909912,1.0,0.005802884615384615,0.00037822115384615384,3,1.0,1.0,0.53125,0.1296875,2.896602992415428,1.5030429702997208,0.0834375,0.9596875441074372
292,937600,-221.3334355354309,-2.213334144204855,-221.3334355354309,-2.213334144204855,0.0,221.3334355354309,2.213334144204855,455.56052827835083,4.555605560690164,1.441647534072399,0.0984375,0.040316015569952915,nan,nan,nan,nan,nan,nan,nan,nan,nan,nan,9376,-0.0008371869374357744,0.02787653133273125,0.9986928582191468,0.007320183282718063,0.08831703253090381,0.08831703253090381,0.14220082983374596,0.001702907859001156,0.014249999925959855,0.9491497874259949,1.0,0.005788461538461538,0.0003771153846153846,3,1.0,1.0,0.5625,0.0984375,4.570941965579987,1.9079320526123047,0.065,0.8934375393390656
293,940800,-73.86704641580582,-0.7386704663932323,-73.86704641580582,-0.7386704663932323,0.0,73.86704641580582,0.7386704663932323,603.0269173979759,6.030269238501787,1.1050015738606453,0.1921875,0.09130040679614387,nan,nan,nan,nan,nan,nan,nan,nan,nan,nan,9408,-0.0011424931853427189,0.02893700748682022,0.9840852499008179,0.007643864490091801,0.12666023820638656,0.12666023820638656,0.1657839983701706,0.001352036072060411,0.009740625030099181,0.9517761468887329,1.0,0.0057740384615384615,0.0003760096153846154,3,1.0,1.0,0.625,0.1921875,2.9234311711788177,1.5492257615923881,0.1246875,0.903482186794281
294,944000,-188.5933654308319,-1.8859334763884545,-188.5933654308319,-1.8859334763884545,0.0,188.5933654308319,1.8859334763884545,488.30059838294983,4.883006228506565,1.4805513536930084,0.143125,0.05769886593434867,nan,nan,nan,nan,nan,nan,nan,nan,nan,nan,9440,-0.001292644901038109,0.026749497465789317,0.9758203327655792,0.006461753929033876,0.13976821526885033,0.13976821526885033,0.17531688660383224,0.0017748018464799134,0.01470625011716038,0.9585863351821899,1.0,0.005759615384615385,0.00037490384615384615,3,1.0,1.0,0.625,0.143125,3.359257306456566,1.8401167777180671,0.10375,0.9569643247127533
295,947200,-140.4203928411007,-1.4042039719223975,-140.4203928411007,-1.4042039719223975,0.0,140.4203928411007,1.4042039719223975,536.473570972681,5.364735732972622,0.9828964358568192,0.1459375,0.07359814529947435,nan,nan,nan,nan,nan,nan,nan,nan,nan,nan,9472,-0.001237256528425501,0.025047008693218232,0.9879654824733735,0.005610195966437459,0.09366078786551953,0.09366078786551953,0.15972112864255905,0.0016847605758840384,0.014365624636411667,0.9519944787025452,1.0,0.005745192307692308,0.00037379807692307696,3,1.0,1.0,0.59375,0.1459375,3.2594446194171907,1.3901253524422645,0.10375,0.9573214709758758
296,950400,-98.89523845911026,-0.9889523664116859,-98.89523845911026,-0.9889523664116859,0.0,98.89523845911026,0.9889523664116859,577.9987253546715,5.779987338483333,1.0113952258229255,0.156875,0.07799312536193251,nan,nan,nan,nan,nan,nan,nan,nan,nan,nan,9504,-0.0011989061796105816,0.02977419402450323,1.0149455070495605,0.007871772535145283,0.12200583554804326,0.12200583554804326,0.15536987856030465,0.0016393466430626408,0.012074999936157838,0.9522578716278076,1.0,0.00573076923076923,0.0003726923076923077,3,1.0,1.0,0.71875,0.156875,3.117173422574997,1.5060751214623451,0.1009375,0.9279018253087997
297,953600,-145.24278244376183,-1.4524277965724468,-145.24278244376183,-1.4524277965724468,0.0,145.24278244376183,1.4524277965724468,531.6511813700199,5.316511908322573,1.1972825238108635,0.15375,0.06997279518399993,nan,nan,nan,nan,nan,nan,nan,nan,nan,nan,9536,-0.0009730800164776232,0.02659391388297081,0.991393506526947,0.006656728591769934,0.07123561501502991,0.07123561501502991,0.14077091962099075,0.0012954697485864513,0.006671874978928826,0.9527816772460938,1.0,0.0057163461538461535,0.00037158653846153846,3,1.0,1.0,0.6875,0.15375,3.2950972193479537,1.6414535716176033,0.1053125,0.9459375447034836
298,956800,-80.57065224647522,-0.8057065391540528,-80.57065224647522,-0.8057065391540528,0.0,80.57065224647522,0.8057065391540528,596.3233115673065,5.9632331657409665,1.2393798154592515,0.19625,0.08763587071974795,nan,nan,nan,nan,nan,nan,nan,nan,nan,nan,9568,-0.0012272523969178994,0.02291173916310072,1.0056383728981018,0.004494544351473451,0.1331363543868065,0.1331363543868065,0.1413715660572052,0.0017985179787528723,0.016165625164285304,0.9640049934387207,1.0,0.005701923076923077,0.0003704807692307692,3,1.0,1.0,0.71875,0.19625,2.5593214416503907,1.7064335331320764,0.1434375,0.9279464697837829
299,960000,-58.38232949376106,-0.5838232855498791,-58.38232949376106,-0.5838232855498791,0.0,58.38232949376106,0.5838232855498791,618.5116343200207,6.185116419345141,0.8595053045451642,0.17625,0.09478327357775987,nan,nan,nan,nan,nan,nan,nan,nan,nan,nan,9600,-0.0013063480276148455,0.024348282255232334,1.013796365261078,0.005101826367899775,0.1333630196750164,0.1333630196750164,0.15761860981583595,0.0026787265145713007,0.02003437508828938,0.950310230255127,1.0,0.0056875,0.000369375,3,1.0,1.0,0.65625,0.17625,2.6084076344966887,1.3610390990972518,0.126875,0.938928615450859
300,963200,-100.83083379268646,-1.008308222144842,-100.83083379268646,-1.008308222144842,0.0,100.83083379268646,1.008308222144842,576.0631300210953,5.760631482750178,1.094183392226696,0.1634375,0.07804354700102019,-124.23612351715565,-1.2423612351715565,-124.23612351715565,-1.2423612351715565,100.0,1.468993307063356,0.105,0.04252745428657641,124.23612351715565,692.3502768725157,9632,-0.001246315907070006,0.01979771824553609,1.0380810022354126,0.002763429656624794,0.11331648230552674,0.11331648230552674,0.12426064759492875,0.001943953365846992,0.014224999860743992,0.9702915549278259,1.0,0.005673076923076923,0.00036826923076923077,3,1.0,1.0,0.625,0.1634375,2.985928347706795,1.47599717348814,0.1053125,0.9301339721679688
301,966400,-34.54506358504295,-0.34545068264007567,-34.54506358504295,-0.34545068264007567,0.0,34.54506358504295,0.34545068264007567,642.3489002287388,6.423489022254944,0.9775637082755566,0.193125,0.09765804216158769,nan,nan,nan,nan,nan,nan,nan,nan,nan,nan,9664,-0.0012945656349765855,0.024587738886475564,1.0464394807815551,0.005077864974737167,0.0813383974134922,0.0813383974134922,0.1640029989182949,0.0014490036497617493,0.008634374919347465,0.9605364799499512,1.0,0.005658653846153845,0.0003671634615384615,3,1.0,1.0,0.65625,0.193125,2.9463891017436983,1.2485359045863151,0.1384375,0.9349554008245469
302,969600,-151.17326474189758,-1.5117327654361725,-151.17326474189758,-1.5117327654361725,0.0,151.17326474189758,1.5117327654361725,525.7206990718842,5.257206939458847,1.1007755336165428,0.1296875,0.061733154220784084,nan,nan,nan,nan,nan,nan,nan,nan,nan,nan,9696,-0.0012000615426281057,0.018506125640124084,1.0460862517356873,0.0021486491430550815,0.0857872948050499,0.0857872948050499,0.11927792206406593,0.002057621191491033,0.015512500004842878,0.9729418158531189,1.0,0.005644230769230769,0.00036605769230769233,3,1.0,1.0,0.5,0.1296875,2.8322693115472792,1.398253460228443,0.0821875,0.9402232563495636
303,972800,-43.55977690219879,-0.4355977937579155,-43.55977690219879,-0.4355977937579155,0.0,43.55977690219879,0.4355977937579155,633.334186911583,6.333341911137103,1.0887356258928775,0.199375,0.09545248212768555,nan,nan,nan,nan,nan,nan,nan,nan,nan,nan,9728,-0.0014564204422523376,0.025561226159334184,1.036585307121277,0.005488416599109769,0.11031397953629493,0.11031397953629493,0.1532103069126606,0.002106151459159175,0.018678124941288843,0.9498849511146545,1.0,0.005629807692307692,0.0003649519230769231,3,1.0,1.0,0.65625,0.199375,2.730031803846359,1.3913220670819282,0.1434375,0.9233036112785339
304,976000,-76.57879710197449,-0.7657880182564258,-76.57879710197449,-0.7657880182564258,0.0,76.57879710197449,0.7657880182564258,600.3151667118073,6.003151686638594,1.0146089930832387,0.18375,0.09120876588502744,nan,nan,nan,nan,nan,nan,nan,nan,nan,nan,9760,-0.0012303188523626219,0.022522421181201936,1.0737940311431884,0.004001125227659941,0.0853964526206255,0.0853964526206255,0.1501176670193672,0.0019059138343462696,0.016259375191293658,0.960288405418396,1.0,0.005615384615384615,0.0003638461538461539,3,1.0,1.0,0.6875,0.18375,2.9933066624403,1.4467523764073849,0.12625,0.9492857593297959
305,979200,-92.01970309019089,-0.9201970672607422,-92.01970309019089,-0.9201970672607422,0.0,92.01970309019089,0.9201970672607422,584.8742607235909,5.8487426376342775,0.983340872824192,0.1559375,0.07862365069800216,nan,nan,nan,nan,nan,nan,nan,nan,nan,nan,9792,-0.0010961696987738633,0.02010443564504385,1.0216709136962892,0.003233708906918764,0.12269945293664933,0.12269945293664933,0.1554124064743519,0.0014869235164977988,0.011725000012665987,0.9598042964935303,1.0,0.005600961538461538,0.00036274038461538464,3,1.0,1.0,0.6875,0.1559375,2.9495211571455,1.2440050166845322,0.1003125,0.8652232593297958
306,982400,-153.6715202331543,-1.5367152778804303,-153.6715202331543,-1.5367152778804303,0.0,153.6715202331543,1.5367152778804303,523.2224435806274,5.2322244270145895,1.2417101377248765,0.14375,0.06412515051829701,nan,nan,nan,nan,nan,nan,nan,nan,nan,nan,9824,-0.0011676122757489972,0.019154876470565796,0.9901237189769745,0.002878461731597781,0.09393278509378433,0.09393278509378433,0.1158710040152073,0.0013464991847312291,0.010271875094622374,0.9731228351593018,1.0,0.005586538461538461,0.0003616346153846154,3,1.0,1.0,0.625,0.14375,3.2624023669958113,1.599498043358326,0.0953125,0.9346429020166397
307,985600,-121.29050469398499,-1.2129048934578897,-121.29050469398499,-1.2129048934578897,0.0,121.29050469398499,1.2129048934578897,555.6034591197968,5.556034811437129,1.0444678385555743,0.124375,0.06083490170619241,nan,nan,nan,nan,nan,nan,nan,nan,nan,nan,9856,-0.0012635741287958969,0.01797595014795661,1.041096305847168,0.0019232920836657285,0.08735304325819016,0.08735304325819016,0.13744777366518973,0.0016877194175348228,0.014593749865889549,0.9659316539764404,1.0,0.0055721153846153846,0.0003605288461538462,3,1.0,1.0,0.625,0.124375,3.003753271102905,1.3513603833317758,0.086875,0.9420089703798294
308,988800,-53.65184611082077,-0.5365184864401817,-53.65184611082077,-0.5365184864401817,0.0,53.65184611082077,0.5365184864401817,623.242117702961,6.232421218454838,1.1472774885594845,0.2125,0.09896252400175679,nan,nan,nan,nan,nan,nan,nan,nan,nan,nan,9888,-0.0015489734485745644,0.024270680360496046,0.9899993538856506,0.005084255104884505,0.13268016278743744,0.13268016278743744,0.13097648844122886,0.0022004443715586334,0.016368750150650157,0.9558443427085876,1.0,0.005557692307692307,0.0003594230769230769,3,1.0,1.0,0.6875,0.2125,2.7451209485530854,1.5519208481907845,0.13625,0.9302678996324539
309,992000,-125.46864354610443,-1.2546864312887192,-125.46864354610443,-1.2546864312887192,0.0,125.46864354610443,1.2546864312887192,551.4253202676773,5.5142532736063,0.9792383167147637,0.16125,0.08147073479642947,nan,nan,nan,nan,nan,nan,nan,nan,nan,nan,9920,-0.001304510553902949,0.02007795888930559,1.0206057906150818,0.0030769760720431804,0.08772551640868187,0.08772551640868187,0.12008311972022057,0.0020660151829387774,0.019109374843537807,0.9719529151916504,1.0,0.00554326923076923,0.0003583173076923077,3,1.0,1.0,0.625,0.16125,3.1910810446739197,1.6014951568841935,0.1128125,0.9301339727640152
310,995200,-113.55158606171608,-1.1355158598721027,-113.55158606171608,-1.1355158598721027,0.0,113.55158606171608,1.1355158598721027,563.3423777520657,5.633423845022916,1.0386971653997898,0.1484375,0.07280998007906256,nan,nan,nan,nan,nan,nan,nan,nan,nan,nan,9952,-0.0012431661889422685,0.017329254746437074,0.9951695322990417,0.0019193218555301427,0.10556894540786743,0.10556894540786743,0.1318556360900402,0.0015392997862391025,0.011412499913421924,0.9689016342163086,1.0,0.005528846153846153,0.00035721153846153845,3,1.0,1.0,0.65625,0.1484375,2.991837999820709,1.278425736427307,0.1046875,0.9476339709758759
311,998400,-89.5549444258213,-0.8955492410063743,-89.5549444258213,-0.8955492410063743,0.0,89.5549444258213,0.8955492410063743,587.3390193879604,5.873390463888645,0.8904831631481648,0.164375,0.08694867174922163,nan,nan,nan,nan,nan,nan,nan,nan,nan,nan,9984,-0.0010894646388944329,0.015708679053932428,1.0061010718345642,0.0012168081011623144,0.06953584402799606,0.06953584402799606,0.10855488181114196,0.0013484163253479477,0.007387500023469329,0.9708956480026245,1.0,0.0055144230769230765,0.00035610576923076926,3,1.0,1.0,0.71875,0.164375,3.0263343060016634,1.0892990055680274,0.1228125,0.9344643318653106
312,1001600,-172.31474387645721,-1.723147668838501,-172.31474387645721,-1.723147668838501,0.0,172.31474387645721,1.723147668838501,504.5792199373245,5.045792036056518,1.1070233334600925,0.133125,0.063181549955304,nan,nan,nan,nan,nan,nan,nan,nan,nan,nan,10016,-0.0009759833271266061,0.020250632986426355,0.9805156826972962,0.0037564969155937434,0.077960916608572,0.077960916608572,0.11159383282065391,0.0017996696304207957,0.01292812479659915,0.9655619263648987,1.0,0.0055,0.000355,3,1.0,1.0,0.625,0.133125,2.934138064980507,1.8878750425577164,0.091875,0.9358482557535172
313,1004800,-148.16316294670105,-1.4816316379606724,-148.16316294670105,-1.4816316379606724,0.0,148.16316294670105,1.4816316379606724,528.7308008670807,5.287308066934347,1.1672816106677055,0.1434375,0.06618313895802823,nan,nan,nan,nan,nan,nan,nan,nan,nan,nan,10048,-0.0010324666169472252,0.01528622219339013,0.950329715013504,0.001397537556476891,0.13218445293605327,0.13218445293605327,0.10456137433648109,0.001165996215425445,0.007050000107847154,0.9738113284111023,1.0,0.005485576923076923,0.00035389423076923076,3,1.0,1.0,0.59375,0.1434375,3.606192154288292,1.4334767642617225,0.099375,0.9580803978443145
314,1008000,-92.32925111055374,-0.923292555809021,-92.32925111055374,-0.923292555809021,0.0,92.32925111055374,0.923292555809021,584.564712703228,5.845647149085998,1.318914675861597,0.1925,0.08301297240635913,nan,nan,nan,nan,nan,nan,nan,nan,nan,nan,10080,-0.0011360186130157323,0.023118759132921697,0.9438054621219635,0.005259656300768256,0.12071755602955818,0.12071755602955818,0.15068965926766395,0.001371261062015972,0.012012499848788138,0.9617050290107727,1.0,0.005471153846153846,0.00035278846153846157,3,1.0,1.0,0.6875,0.1925,3.557290429472923,1.6569047009944915,0.133125,0.9572768300771713
315,1011200,-126.34050762653351,-1.2634049844741821,-126.34050762653351,-1.2634049844741821,0.0,126.34050762653351,1.2634049844741821,550.5534561872482,5.505534720420837,1.0266552093625068,0.1525,0.07524713591907403,nan,nan,nan,nan,nan,nan,nan,nan,nan,nan,10112,-0.0009671951402852486,0.018659611884504556,1.0073559880256653,0.0028657405637204647,0.11748915910720825,0.11748915910720825,0.11160394102334976,0.0012555406574419811,0.009278124949196354,0.9685045480728149,1.0,0.005456730769230769,0.0003516826923076923,3,1.0,1.0,0.625,0.1525,3.3950579565763475,1.3995655691623687,0.1109375,0.9236607563495636
316,1014400,-70.00990855693817,-0.7000988298654556,-70.00990855693817,-0.7000988298654556,0.0,70.00990855693817,0.7000988298654556,606.8840552568436,6.068840875029563,1.0511284671723842,0.1921875,0.09369842166197574,nan,nan,nan,nan,nan,nan,nan,nan,nan,nan,10144,-0.000970914604945583,0.020246402453631164,0.9656481921672821,0.0038969320245087146,0.12011897191405296,0.12011897191405296,0.127472672611475,0.0017710932465007877,0.012043750111479313,0.9518875479698181,1.0,0.0054423076923076925,0.0003505769230769231,3,1.0,1.0,0.75,0.1921875,2.7810840046405794,1.6234631405770779,0.1221875,0.9325000411272049
317,1017600,-148.93682503700256,-1.4893681171536446,-148.93682503700256,-1.4893681171536446,0.0,148.93682503700256,1.4893681171536446,527.9571387767792,5.2795715877413745,1.141880368590355,0.145625,0.06798932477066438,nan,nan,nan,nan,nan,nan,nan,nan,nan,nan,10176,-0.000984662721015006,0.012918887380510568,0.9666031002998352,0.00022817112039774656,0.11574960127472878,0.11574960127472878,0.11581401377916337,0.0013503891343163636,0.010956250084564089,0.971102237701416,1.0,0.005427884615384616,0.0003494711538461539,3,1.0,1.0,0.6875,0.145625,3.3528057128190993,1.7440332436561585,0.10375,0.9561161172389984
318,1020800,-100.91923342645168,-1.0091923490166663,-100.91923342645168,-1.0091923490166663,0.0,100.91923342645168,1.0091923490166663,575.97473038733,5.759747355878353,1.3198601964116097,0.1884375,0.08122795515500357,nan,nan,nan,nan,nan,nan,nan,nan,nan,nan,10208,-0.001151939894352072,0.014111973997205495,0.9738915979862213,0.0006319224135950208,0.08366897702217102,0.08366897702217102,0.09643012955784798,0.0020328479309711478,0.016334374900907278,0.9692272543907166,1.0,0.005413461538461539,0.00034836538461538463,3,1.0,1.0,0.6875,0.1884375,2.6545390996336935,2.026449870169163,0.1353125,0.9621428996324539
319,1024000,-144.15036988258362,-1.4415038153529167,-144.15036988258362,-1.4415038153529167,0.0,144.15036988258362,1.4415038153529167,532.7435939311981,5.327435889542103,0.9081964413821697,0.1340625,0.070256131440479,nan,nan,nan,nan,nan,nan,nan,nan,nan,nan,10240,-0.000998249590548239,0.017362173367291688,0.9385351717472077,0.0026156494859606028,0.08823007270693779,0.08823007270693779,0.09236302971839905,0.001962928516152845,0.015099999983794988,0.9569244384765625,1.0,0.005399038461538461,0.00034725961538461543,3,1.0,1.0,0.65625,0.1340625,2.631555624306202,1.2622463354468345,0.095,0.9303125423192978
320,1027200,-37.050724029541016,-0.37050727486610413,-37.050724029541016,-0.37050727486610413,0.0,37.050724029541016,0.37050727486610413,639.8432397842407,6.398432430028915,0.9429113414883613,0.1828125,0.09409204429264231,-140.94408854842186,-1.4094408854842186,-140.94408854842186,-1.4094408854842186,100.0,1.5538108984194696,0.1,0.03915716706428385,140.94408854842186,675.6423118412495,10272,-0.0011557423317805516,0.01596646150574088,0.9893219292163848,0.0015003704465925694,0.12468279004096985,0.12468279004096985,0.10277304872870445,0.001882194582142896,0.01261562497675186,0.9648833274841309,1.0,0.005384615384615384,0.0003461538461538462,3,1.0,1.0,0.78125,0.1828125,2.1762800347805022,1.3922771713137627,0.133125,0.9625000447034836
321,1030400,22.291046380996704,0.2229105354845524,22.291046380996704,0.2229105354845524,0.0,0.0,0.0,699.1850101947784,6.991850240379572,0.8345545813441276,0.2403125,0.13099228687103417,nan,nan,nan,nan,nan,nan,nan,nan,nan,nan,10304,-0.001595928109250977,0.013787550013512373,0.978630006313324,4.241571296006441e-05,0.13676285818219186,0.13676285818219186,0.11229650899767876,0.002002711915704909,0.01630625015750411,0.9585546851158142,1.0,0.005370192307692308,0.000345048076923077,3,1.0,1.0,0.8125,0.2403125,2.410129161775112,1.0612710818648339,0.16875,0.9186161100864411
322,1033600,-71.30230769515038,-0.7130232560634613,-71.30230769515038,-0.7130232560634613,0.0,71.30230769515038,0.7130232560634613,605.5916561186314,6.055916448831558,1.082088678777218,0.1909375,0.09170478757520308,nan,nan,nan,nan,nan,nan,nan,nan,nan,nan,10336,-0.0011763410694664244,0.01829610113054514,0.9801499962806701,0.002722252206876874,0.12184207141399384,0.12184207141399384,0.12722310200333595,0.001819217907908072,0.012990624806843699,0.9529081583023071,1.0,0.00535576923076923,0.0003439423076923077,3,1.0,1.0,0.6875,0.1909375,3.2976303976774215,1.4826758986711501,0.1346875,0.9177232563495636
323,1036800,-43.965947300195694,-0.4396593475341797,-43.965947300195694,-0.4396593475341797,0.0,43.965947300195694,0.4396593475341797,632.928016513586,6.329280357360839,1.1924190014600753,0.20875,0.0952144639601188,nan,nan,nan,nan,nan,nan,nan,nan,nan,nan,10368,-0.00116643944251118,0.013722681999206543,0.9596913993358612,0.0005688573932275176,0.07564670965075493,0.07564670965075493,0.10187927037477493,0.0018077915046915694,0.01291249981150031,0.973127007484436,1.0,0.005341346153846153,0.00034283653846153844,3,1.0,1.0,0.71875,0.20875,2.39984542965889,1.3604520827531814,0.13125,0.9558482575416565
324,1040000,-11.681704372167587,-0.11681705594062805,-11.681704372167587,-0.11681705594062805,0.0,11.681704372167587,0.11681705594062805,665.2122594416142,6.652122648954391,0.8841230817139148,0.2265625,0.12024824821630269,nan,nan,nan,nan,nan,nan,nan,nan,nan,nan,10400,-0.001173023397126194,0.013534708693623543,0.9599466145038604,0.00048076922539621594,0.0863128375262022,0.0863128375262022,0.08329769484698772,0.0018255650698876455,0.01240937490365468,0.9761598706245422,1.0,0.005326923076923076,0.0003417307692307692,3,1.0,1.0,0.875,0.2265625,2.393339740931988,1.1333132761716842,0.163125,0.943035751581192
325,1043200,-147.30018877983093,-1.473001977801323,-147.30018877983093,-1.473001977801323,0.0,147.30018877983093,1.473001977801323,529.5937750339508,5.295937727093696,1.1912795378267764,0.1271875,0.05804257184190178,nan,nan,nan,nan,nan,nan,nan,nan,nan,nan,10432,-0.000932563980505785,0.0137330892495811,0.9328081846237183,0.0009784371126443149,0.08447423800826073,0.08447423800826073,0.11148426383733749,0.001716876848516394,0.013596874882205156,0.9618602395057678,1.0,0.0053124999999999995,0.000340625,3,1.0,1.0,0.75,0.1271875,3.93391042470932,1.6208161360025406,0.09375,0.9033482563495636
326,1046400,0.21530431509017944,0.0021530821919441222,0.21530431509017944,0.0021530821919441222,0.0,0.0,0.0,677.1092681288719,6.771092787086963,1.0152144512534143,0.23625,0.1172331807431503,nan,nan,nan,nan,nan,nan,nan,nan,nan,nan,10464,-0.0012824767565936756,0.014409348741173745,0.9475888669490814,0.0009017986943945288,0.08380111977458,0.08380111977458,0.11416572183370591,0.0016079341730831503,0.013809374986885814,0.9646164178848267,1.0,0.005298076923076923,0.00033951923076923075,3,1.0,1.0,0.8125,0.23625,2.438504175245762,1.4618559475243091,0.165,0.9297768288850784
327,1049600,-60.02533267438412,-0.600253287255764,-60.02533267438412,-0.600253287255764,0.0,60.02533267438412,0.600253287255764,616.8686311393976,6.168686417639256,0.8247373677790165,0.18,0.09864433270147115,nan,nan,nan,nan,nan,nan,nan,nan,nan,nan,10496,-0.0008664661202521628,0.01517145186662674,0.9665652632713317,0.00161226368509233,0.08705589435994625,0.08705589435994625,0.10717950910329818,0.0010392738033289366,0.0071343750227242705,0.9562936425209045,1.0,0.005283653846153846,0.00033841346153846156,3,1.0,1.0,0.75,0.18,3.0205362272262573,1.0784229612350464,0.1196875,0.9567411112785339
328,1052800,-123.76379078626633,-1.2376378092169762,-123.76379078626633,-1.2376378092169762,0.0,123.76379078626633,1.2376378092169762,553.1301730275154,5.531301895678043,1.1971874831616878,0.1628125,0.07410041302698375,nan,nan,nan,nan,nan,nan,nan,nan,nan,nan,10528,-0.0010245193438371825,0.017001191899180413,0.9318185746669769,0.0025661094579845665,0.08669643998146057,0.08669643998146057,0.12410249561071396,0.0015303399079159153,0.00905312494141981,0.9469645619392395,1.0,0.005269230769230769,0.0003373076923076923,3,1.0,1.0,0.6875,0.1628125,2.363902936577797,1.9173026189208031,0.1,0.9159375369548798
329,1056000,-107.5147320330143,-1.0751473784446717,-107.5147320330143,-1.0751473784446717,0.0,107.5147320330143,1.0751473784446717,569.3792317807674,5.693792326450348,1.2161810518801213,0.165625,0.07473441750595704,nan,nan,nan,nan,nan,nan,nan,nan,nan,nan,10560,-0.001381398170581083,0.012182900309562683,0.9474735796451569,-0.000268739671446383,0.1079608991742134,0.1079608991742134,0.09457607865333557,0.0026226861475182857,0.02166249977890402,0.9611046314239502,1.0,0.0052548076923076914,0.00033620192307692306,3,1.0,1.0,0.78125,0.165625,2.954937358498573,1.6361805103719234,0.106875,0.9515178990364075
330,1059200,-167.19521924853325,-1.6719521349668502,-167.19521924853325,-1.6719521349668502,0.0,167.19521924853325,1.6719521349668502,509.6987445652485,5.096987569928169,1.0645260030031205,0.1421875,0.06887174091930538,nan,nan,nan,nan,nan,nan,nan,nan,nan,nan,10592,-0.0007705415358068457,0.012919420097023248,0.929462069272995,0.0008184299804270267,0.09244904741644859,0.09244904741644859,0.0979391023516655,0.0013558636870615343,0.009606250052456744,0.9683703184127808,1.0,0.005240384615384615,0.00033509615384615387,3,1.0,1.0,0.6875,0.1421875,3.462606772184372,1.5565591940283776,0.09375,0.9383482557535171
331,1062400,-30.589006811380386,-0.305890089571476,-30.589006811380386,-0.305890089571476,0.0,30.589006811380386,0.305890089571476,646.3049570024014,6.463049615323543,1.0212086567282677,0.20625,0.10204290354359408,nan,nan,nan,nan,nan,nan,nan,nan,nan,nan,10624,-0.0010153959833608893,0.01756325252354145,0.9020033299922943,0.003052395721897483,0.08463810980319977,0.08463810980319977,0.0878957025706768,0.0012666345755889823,0.008050000091316178,0.9505732655525208,1.0,0.005225961538461538,0.0003339903846153846,3,1.0,1.0,0.71875,0.20625,2.548335430622101,1.251843973994255,0.1428125,0.9405804008245469
332,1065600,-176.640468865633,-1.7664045974612237,-176.640468865633,-1.7664045974612237,0.0,176.640468865633,1.7664045974612237,500.2534949481487,5.002535107433795,1.2889193710684776,0.1553125,0.06785407208446116,nan,nan,nan,nan,nan,nan,nan,nan,nan,nan,10656,-0.0010995169914444157,0.01486315792426467,0.9236879885196686,0.0015182264149188995,0.06367776617407798,0.06367776617407798,0.09567716792225837,0.0016978639032489064,0.01027187493018573,0.9591991305351257,1.0,0.005211538461538461,0.0003328846153846154,3,1.0,1.0,0.65625,0.1553125,3.6062761616706847,1.840371893644333,0.1171875,0.9269196844100952
333,1068800,-81.47440308332443,-0.8147439616918564,-81.47440308332443,-0.8147439616918564,0.0,81.47440308332443,0.8147439616918564,595.4195607304573,5.954195743203163,1.312635312974453,0.1959375,0.08472477216824566,nan,nan,nan,nan,nan,nan,nan,nan,nan,nan,10688,-0.0009607459969295462,0.013078107312321664,0.9160984516143799,0.0008172385161742568,0.08820299543440342,0.08820299543440342,0.09519503340125084,0.0017797039752652823,0.014396874819067308,0.9614450335502625,1.0,0.005197115384615384,0.0003317788461538462,3,1.0,1.0,0.75,0.1959375,3.0158809703588485,1.8093170356750488,0.1375,0.968883969783783
334,1072000,-10.312500178813934,-0.10312513314187527,-10.312500178813934,-0.10312513314187527,0.0,10.312500178813934,0.10312513314187527,666.5814636349678,6.665814571753144,0.9356117632985115,0.23125,0.1194712722792729,nan,nan,nan,nan,nan,nan,nan,nan,nan,nan,10720,-0.0010464794956613233,0.012955399043858052,0.9181353867053985,0.0006728068459779024,0.1340038597583771,0.1340038597583771,0.07156449034810067,0.0022376074557573203,0.018018750287592412,0.9559212923049927,1.0,0.005182692307692307,0.00033067307692307693,3,1.0,1.0,0.8125,0.23125,2.8841194307804106,1.4269873023033142,0.1709375,0.9547768247127533
335,1075200,4.5600075125694275,0.04560003638267517,4.5600075125694275,0.04560003638267517,0.0,0.0,0.0,681.4539713263512,6.814539741277694,0.8352760525047779,0.2409375,0.13128134030363958,nan,nan,nan,nan,nan,nan,nan,nan,nan,nan,10752,-0.0008802477714780821,0.017609795089811087,0.9240069448947906,0.0031491329427808523,0.09806048274040222,0.09806048274040222,0.10738536119461059,0.0014056827712951177,0.010596874915063382,0.9378094673156738,1.0,0.005168269230769231,0.00032956730769230773,3,1.0,1.0,0.8125,0.2409375,3.0393210834264757,1.1034248869121075,0.184375,0.9401786142587661
336,1078400,-70.53928414732218,-0.7053931015729904,-70.53928414732218,-0.7053931015729904,0.0,70.53928414732218,0.7053931015729904,606.3546796664596,6.063546603322029,1.0228232103586197,0.1946875,0.09624543509439192,nan,nan,nan,nan,nan,nan,nan,nan,nan,nan,10784,-0.0008199069252878388,0.01128586232662201,0.9223816514015197,6.921135354787111e-05,0.0860836535692215,0.0860836535692215,0.10751076713204384,0.0018993712030383255,0.009496874938486144,0.9628130793571472,1.0,0.005153846153846154,0.0003284615384615385,3,1.0,1.0,0.71875,0.1946875,2.937648465037346,1.4499932879209518,0.1290625,0.9456250393390655
337,1081600,45.335268914699554,0.4533526170253754,45.335268914699554,0.4533526170253754,0.0,0.0,0.0,722.2292327284813,7.222292321920395,0.8983482855558396,0.2621875,0.13811348633700854,nan,nan,nan,nan,nan,nan,nan,nan,nan,nan,10816,-0.0010568429412902702,0.01120357746258378,0.9392898321151734,-0.00028246203437447547,0.1200341422110796,0.1200341422110796,0.08070098683238029,0.0018171257776007338,0.013603124907240272,0.9513527154922485,1.0,0.005139423076923077,0.00032735576923076924,3,1.0,1.0,0.8125,0.2621875,2.126906955838203,1.1905649667978286,0.183125,0.9634375381469726
338,1084800,82.41372993588448,0.8241372960805893,82.41372993588448,0.8241372960805893,0.0,0.0,0.0,759.3076937496662,7.593077000975608,0.9791087910532952,0.29,0.14653060069813548,nan,nan,nan,nan,nan,nan,nan,nan,nan,nan,10848,-0.0013534608758519972,0.011913630831986665,0.9309891998767853,-0.00016796526033431293,0.10080159083008766,0.10080159083008766,0.0860304817557335,0.0026576486954614396,0.020462499978020788,0.9544735550880432,1.0,0.005125,0.00032625000000000004,3,1.0,1.0,0.8125,0.29,3.226162160038948,1.1832132743299006,0.2184375,0.9183036148548126
339,1088000,-14.276321411132812,-0.14276314586400984,-14.276321411132812,-0.14276314586400984,0.0,14.276321411132812,0.14276314586400984,662.6176424026489,6.626176559031009,0.8721325729787349,0.2275,0.12151917192382729,nan,nan,nan,nan,nan,nan,nan,nan,nan,nan,10880,-0.0011187679386814864,0.010416232980787754,0.9256092309951782,-0.0006410484435036779,0.13376624882221222,0.13376624882221222,0.09711261577904225,0.0015639072989902594,0.011724999974831007,0.9636363983154297,1.0,0.005110576923076923,0.0003251442307692308,3,1.0,1.0,0.78125,0.2275,2.867122267782688,1.1139258517324924,0.173125,0.9600446820259094
340,1091200,38.36065858602524,0.3836065292358398,38.36065858602524,0.3836065292358398,0.0,0.0,0.0,715.254622399807,7.152546234130859,0.9738946388661861,0.2596875,0.13156097336034392,73.1653159558773,0.7316531595587731,73.1653159558773,0.7316531595587731,100.0,1.5257042433507741,0.305,0.12075839869333467,0.0,889.7517163455486,10912,-0.0011501663737115476,0.010799821931868792,0.915739792585373,-0.00041700629517436025,0.12658345699310303,0.12658345699310303,0.09813435897231101,0.0019080657031768293,0.017428124937578105,0.9659898281097412,1.0,0.005096153846153847,0.0003240384615384616,3,1.0,1.0,1.0,0.2596875,2.5588558474183083,1.2937782774865627,0.1796875,0.9478125423192978
341,1094400,15.259418249130249,0.15259411200881004,15.259418249130249,0.15259411200881004,0.0,0.0,0.0,692.153382062912,6.921533816903829,0.8727791105210781,0.2609375,0.13933170149863394,nan,nan,nan,nan,nan,nan,nan,nan,nan,nan,10944,-0.0012741322790738251,0.012838434241712094,0.9001956284046173,0.0005705328658223152,0.11390215381979943,0.11390215381979943,0.09826080575585365,0.0018305412304504194,0.012690625240793452,0.9635883569717407,1.0,0.005081730769230769,0.00032293269230769235,3,1.0,1.0,0.84375,0.2609375,2.4368416741490364,1.200503299087286,0.188125,0.9304018288850784
342,1097600,31.661112368106842,0.3166110900044441,31.661112368106842,0.3166110900044441,0.0,0.0,0.0,708.5550761818886,7.085550794899463,0.93437409684062,0.2765625,0.14297260310283555,nan,nan,nan,nan,nan,nan,nan,nan,nan,nan,10976,-0.0009961660264525384,0.011296566668897867,0.8917879283428192,0.0001331536564975977,0.10658893249928951,0.10658893249928951,0.08089268878102303,0.001428479765312355,0.010846874943672447,0.9608651995658875,1.0,0.005067307692307691,0.00032182692307692305,3,1.0,1.0,0.875,0.2765625,3.1840327590703965,1.3428585143387317,0.19875,0.8989286136627197
343,1100800,62.37543374300003,0.6237545411288739,62.37543374300003,0.6237545411288739,0.0,0.0,0.0,739.2693975567818,7.392694246023893,0.8614304883778096,0.2809375,0.1509255928459784,nan,nan,nan,nan,nan,nan,nan,nan,nan,nan,11008,-0.0011131341786938976,0.009472922701388598,0.9310882031917572,-0.0010813540779054166,0.10792201608419419,0.10792201608419419,0.06905557103455066,0.002271949592980992,0.014340624786564149,0.9684669375419617,1.0,0.0050528846153846145,0.0003207211538461538,3,1.0,1.0,0.875,0.2809375,3.154867696762085,1.1015271082520486,0.190625,0.9008482563495636
344,1104000,-91.02313846349716,-0.9102313563227653,-91.02313846349716,-0.9102313563227653,0.0,91.02313846349716,0.9102313563227653,585.8708253502846,5.858708348572254,1.102696157693863,0.191875,0.0912518907203594,nan,nan,nan,nan,nan,nan,nan,nan,nan,nan,11040,-0.0013256236949237277,0.012338582891970873,0.9369920074939728,0.00012266940902918577,0.12446809262037277,0.12446809262037277,0.0709541194140911,0.00232259219629092,0.01880937543392065,0.9502137303352356,1.0,0.005038461538461538,0.0003196153846153846,3,1.0,1.0,0.78125,0.191875,3.3831882566213607,1.7337612257897854,0.143125,0.9424107551574707
345,1107200,18.83009222149849,0.188301023542881,18.83009222149849,0.188301023542881,0.0,0.0,0.0,695.7240560352802,6.9572407284379,1.1490604150295258,0.2703125,0.1257817128404397,nan,nan,nan,nan,nan,nan,nan,nan,nan,nan,11072,-0.0011194441776722463,0.010560182854533195,0.8805532932281495,-0.00026328619569540026,0.16051649376749993,0.16051649376749993,0.07842097356915474,0.0016848169209005177,0.01589062511920929,0.9589858055114746,1.0,0.005024038461538461,0.00031850961538461536,3,1.0,1.0,0.875,0.2703125,2.7411511939764024,1.5972272741794586,0.1865625,0.956294686794281
346,1110400,21.954558491706848,0.2195455750823021,21.954558491706848,0.2195455750823021,0.0,0.0,0.0,698.8485223054886,6.988485279977321,1.0756899812817573,0.2653125,0.12781894328755547,nan,nan,nan,nan,nan,nan,nan,nan,nan,nan,11104,-0.0010533633400685361,0.01255014343187213,0.8786264002323151,0.0008201279677450656,0.12087946534156799,0.12087946534156799,0.07909401506185532,0.002126578504979754,0.02144687480176799,0.9467883706092834,1.0,0.005009615384615384,0.00031740384615384616,3,1.0,1.0,0.9375,0.2653125,3.0581490156054496,1.2237513837218286,0.1934375,0.9795089691877366
347,1113600,4.666938543319702,0.0466692990064621,4.666938543319702,0.0466692990064621,0.0,0.0,0.0,681.5609023571014,6.815609003901481,0.9483740019798279,0.2378125,0.12205690476179028,nan,nan,nan,nan,nan,nan,nan,nan,nan,nan,11136,-0.001259637713106354,0.010183408483862877,0.8702774524688721,-0.0005151367979124189,0.13378047943115234,0.13378047943115234,0.10485653728246688,0.0015752668536187196,0.012925000063478364,0.9567481875419617,1.0,0.004995192307692307,0.0003162980769230769,3,1.0,1.0,0.78125,0.2378125,2.4128395131230356,1.451159753203392,0.1575,0.9220982539653778
348,1116800,26.950962364673615,0.26950971871614454,26.950962364673615,0.26950971871614454,0.0,0.0,0.0,703.8449261784554,7.038449423611164,0.7410576371848583,0.270625,0.15543712868551413,nan,nan,nan,nan,nan,nan,nan,nan,nan,nan,11168,-0.0008996501817833292,0.00993240848183632,0.8824244678020478,-0.00032859842758625746,0.12779033929109573,0.12779033929109573,0.07983144745230675,0.0017460646668080574,0.014756249822676181,0.960544764995575,1.0,0.0049807692307692305,0.00031519230769230767,3,1.0,1.0,0.875,0.270625,3.706223114132881,1.0372487391531466,0.19,0.9159375441074371
349,1120000,120.98297214508057,1.209829756617546,120.98297214508057,1.209829756617546,0.0,0.0,0.0,797.8769359588623,7.978769461512565,0.7885616236925125,0.331875,0.1855541322165009,nan,nan,nan,nan,nan,nan,nan,nan,nan,nan,11200,-0.0009976476512732813,0.010847633611410857,0.8821831583976746,4.494227468967438e-05,0.12353349588811398,0.12353349588811398,0.08521055988967419,0.0017487724835555337,0.015465624906937592,0.9423737525939941,1.0,0.004966346153846154,0.0003140865384615385,3,1.0,1.0,0.90625,0.331875,2.7808115246891973,1.2509133818745612,0.23875,0.8587053954601288
350,1123200,54.15259224176407,0.541525936126709,54.15259224176407,0.541525936126709,0.0,0.0,0.0,731.0465560555458,7.310465641021728,0.6938054405152798,0.2796875,0.16512374639375055,nan,nan,nan,nan,nan,nan,nan,nan,nan,nan,11232,-0.0009389445134162066,0.012198979873210192,0.8693736732006073,0.0008554738247767091,0.18845875933766365,0.18845875933766365,0.07203733772039414,0.001536553120244457,0.01236875006579794,0.9454973936080933,1.0,0.004951923076923077,0.0003129807692307692,3,1.0,1.0,0.875,0.2796875,2.6978157389163973,1.1896171949803829,0.1959375,0.9203125423192978
351,1126400,61.314386397600174,0.613143906891346,61.314386397600174,0.613143906891346,0.0,0.0,0.0,738.2083502113819,7.382083611786365,0.9703887198865414,0.2896875,0.14702048234253023,nan,nan,nan,nan,nan,nan,nan,nan,nan,nan,11264,-0.0013042073339690318,0.010943777114152908,0.8576009631156921,-6.67236978188157e-05,0.15710675120353698,0.15710675120353698,0.0977591723203659,0.0017448538565114605,0.015446874848566949,0.955459475517273,1.0,0.004937499999999999,0.00031187500000000003,3,1.0,1.0,0.84375,0.2896875,2.7103353700041772,1.2117350701987744,0.21125,0.9183928978443145
352,1129600,147.79665327072144,1.4779666775465012,147.79665327072144,1.4779666775465012,0.0,0.0,0.0,824.6906170845032,8.246906382441521,0.7913750290870667,0.3534375,0.1972995571899433,nan,nan,nan,nan,nan,nan,nan,nan,nan,nan,11296,-0.00099313017674722,0.013136486057192087,0.8521870970726013,0.001379730273038149,0.14198081456124784,0.14198081456124784,0.08662488907575608,0.0021568267198782175,0.017453125247266145,0.9528255462646484,1.0,0.004923076923076922,0.0003107692307692308,3,1.0,1.0,0.84375,0.3534375,2.5679673443734647,0.9654023540019989,0.24625,0.9563393312692642
353,1132800,-16.69190502166748,-0.1669191974401474,-16.69190502166748,-0.1669191974401474,0.0,16.69190502166748,0.1669191974401474,660.2020587921143,6.6020205074548715,1.0157907702028752,0.2553125,0.12665625012972184,nan,nan,nan,nan,nan,nan,nan,nan,nan,nan,11328,-0.0008743957230181287,0.01170640466734767,0.8427724123001099,0.0008419284597039223,0.1398841492831707,0.1398841492831707,0.07125211134552956,0.0012471584166671532,0.007531249933526852,0.9584611058235168,1.0,0.004908653846153846,0.00030966346153846154,3,1.0,1.0,0.78125,0.2553125,3.1477730849385264,1.328632307946682,0.1971875,0.9484375411272049
354,1136000,32.87854278087616,0.3287854686379433,32.87854278087616,0.3287854686379433,0.0,0.0,0.0,709.7725065946579,7.097725173532963,0.955475861877203,0.2984375,0.15261630471547127,nan,nan,nan,nan,nan,nan,nan,nan,nan,nan,11360,-0.0007891828234424025,0.011156189255416393,0.8106331527233124,0.0008214857894927263,0.21403292641043664,0.21403292641043664,0.08715890906751156,0.0014817321440247471,0.01461562525946647,0.9537449479103088,1.0,0.004894230769230769,0.00030855769230769234,3,1.0,1.0,0.875,0.2984375,3.0885228851437567,1.4704449808597564,0.2053125,0.9019643276929855
355,1139200,82.87409842014313,0.8287411203980446,82.87409842014313,0.8287411203980446,0.0,0.0,0.0,759.7680622339249,7.597680825293064,0.8435575295984745,0.3071875,0.16662756386393063,nan,nan,nan,nan,nan,nan,nan,nan,nan,nan,11392,-0.0011345307370764113,0.012866565585136413,0.8509682834148407,0.001146190450526774,0.180322252959013,0.180322252959013,0.08494209349155427,0.0014545255427987926,0.012265625071449904,0.9370754957199097,1.0,0.004879807692307692,0.0003074519230769231,3,1.0,1.0,0.8125,0.3071875,2.312091799676418,1.362619489878416,0.2278125,0.9156696844100952
356,1142400,45.343514144420624,0.4534350165724754,45.343514144420624,0.4534350165724754,0.0,0.0,0.0,722.2374779582024,7.222374721467495,0.9191395725309849,0.2903125,0.15127221811029215,nan,nan,nan,nan,nan,nan,nan,nan,nan,nan,11424,-0.0010967273567570324,0.013125448208302259,0.8285973727703094,0.0014345517382025718,0.20257795453071595,0.20257795453071595,0.09034468159079552,0.0015523802896537362,0.012937500141561031,0.9448548555374146,1.0,0.004865384615384615,0.0003063461538461539,3,1.0,1.0,0.875,0.2903125,3.0914572644233704,1.2144297675788402,0.213125,0.9163393253087997
357,1145600,146.50222612917423,1.4650223238766193,146.50222612917423,1.4650223238766193,0.0,0.0,0.0,823.396189942956,8.23396202877164,0.648460942953825,0.3303125,0.20037629730439568,nan,nan,nan,nan,nan,nan,nan,nan,nan,nan,11456,-0.0011662540382356922,0.009789676684886218,0.8255463063716888,-0.0002761092036962509,0.11475778818130493,0.11475778818130493,0.0754273734986782,0.0019426179045734105,0.014915625238791108,0.9552716016769409,1.0,0.004850961538461538,0.00030524038461538465,3,1.0,1.0,0.90625,0.3303125,2.0117346441745756,0.8818460993468762,0.21625,0.9454464703798294
358,1148800,174.2450646162033,1.7424507373571396,174.2450646162033,1.7424507373571396,0.0,0.0,0.0,851.139028429985,8.511390442252159,0.7488057168573141,0.3615625,0.20674823767716452,nan,nan,nan,nan,nan,nan,nan,nan,nan,nan,11488,-0.0009487533286447025,0.011366297397762537,0.8478760480880737,0.000633610412478447,0.11522110626101494,0.11522110626101494,0.07276893630623818,0.002115717095152382,0.014675000123679638,0.9391105771064758,1.0,0.0048365384615384616,0.0003041346153846154,3,1.0,1.0,0.96875,0.3615625,2.369194655418396,1.0029025502502917,0.261875,0.9339732557535172
359,1152000,100.6789892911911,1.0067898628115655,100.6789892911911,1.0067898628115655,0.0,0.0,0.0,777.5729531049728,7.775729567706585,0.8764162819087505,0.3234375,0.17236980041070046,nan,nan,nan,nan,nan,nan,nan,nan,nan,nan,11520,-0.0009967861998011252,0.010558018460869789,0.8301961243152618,0.0002789216116070747,0.1320286363363266,0.1320286363363266,0.06549213007092476,0.0014134173987300418,0.01144374999566935,0.9461172223091125,1.0,0.004822115384615385,0.0003030288461538462,3,1.0,1.0,0.96875,0.3234375,2.699383953809738,1.1862908014655114,0.215,0.9104464727640152
360,1155200,28.024966776371002,0.28024979174137116,28.024966776371002,0.28024979174137116,0.0,0.0,0.0,704.9189305901527,7.049189496636391,1.0925738947093486,0.28875,0.13798795862361,204.66840036213398,2.0466840036213396,204.66840036213398,2.0466840036213396,100.0,1.4594611861929296,0.43,0.17483504208725054,0.0,1021.2548007518053,11552,-0.0010520258554373996,0.011717716883867978,0.8242283403873444,0.0008441963000223041,0.20180156491696835,0.20180156491696835,0.08620749935507774,0.0019903244829078707,0.019437499874038623,0.9452387690544128,1.0,0.004807692307692308,0.00030192307692307696,3,1.0,1.0,0.78125,0.28875,2.6489544796943663,1.6310811284184457,0.2090625,0.9057143318653107
361,1158400,13.853533864021301,0.13853523880243301,13.853533864021301,0.13853523880243301,0.0,0.0,0.0,690.747497677803,6.907474943697452,1.0194537931680678,0.265625,0.1315330912242831,nan,nan,nan,nan,nan,nan,nan,nan,nan,nan,11584,-0.0006643545221421299,0.009357706271111965,0.8273760855197907,4.8662489280104634e-05,0.1376013308763504,0.1376013308763504,0.07280127927660943,0.001783271937169329,0.010362499911570922,0.962112545967102,1.0,0.00479326923076923,0.00030081730769230766,3,1.0,1.0,0.875,0.265625,2.767754474878311,1.3739171148836613,0.1875,0.9545536112785339
362,1161600,-27.485843867063522,-0.27485824465751646,-27.485843867063522,-0.27485824465751646,0.0,27.485843867063522,0.27485824465751646,649.4081199467182,6.494081460237503,1.2642327573895455,0.239375,0.10572013818754995,nan,nan,nan,nan,nan,nan,nan,nan,nan,nan,11616,-0.0008872412851429589,0.009578514192253352,0.8022378861904145,6.824440788477659e-05,0.09351651668548584,0.09351651668548584,0.07545807622373105,0.0018145749068972992,0.014303125062724575,0.956932008266449,1.0,0.004778846153846153,0.00029971153846153846,3,1.0,1.0,0.84375,0.239375,2.77104774415493,1.7696445593237877,0.1625,0.9100446844100952
363,1164800,17.337930858135223,0.1733792895078659,17.337930858135223,0.1733792895078659,0.0,0.0,0.0,694.231894671917,6.942318994402886,0.85420305788517,0.273125,0.1473004797605692,nan,nan,nan,nan,nan,nan,nan,nan,nan,nan,11648,-0.0011602034569485164,0.010624568536877632,0.8261443138122558,0.00021597961895167828,0.15719619542360305,0.15719619542360305,0.05718434378504753,0.0022947122095541535,0.01756250022299355,0.9517131447792053,1.0,0.004764423076923076,0.0002986057692307692,3,1.0,1.0,0.78125,0.273125,3.665509546995163,1.1515634815394877,0.2003125,0.8958036112785339
364,1168000,65.41222622990608,0.6541220843791962,65.41222622990608,0.6541220843791962,0.0,0.0,0.0,742.3061900436878,7.4230617892742154,0.8829398907721042,0.2871875,0.15252080080062355,nan,nan,nan,nan,nan,nan,nan,nan,nan,nan,11680,-0.0006467675022547859,0.009506750199943782,0.8400892913341522,0.00011618353892117739,0.09650302082300186,0.09650302082300186,0.08736020438373089,0.0009204061374516636,0.0048562500858679416,0.9459848999977112,1.0,0.004749999999999999,0.00029749999999999997,3,1.0,1.0,0.9375,0.2871875,2.496842071712017,1.0125078317523002,0.190625,0.937991111278534
365,1171200,36.56076794862747,0.3656077075004578,36.56076794862747,0.3656077075004578,0.0,0.0,0.0,713.4547317624092,7.134547412395477,0.846771891862154,0.27875,0.15093905274837613,nan,nan,nan,nan,nan,nan,nan,nan,nan,nan,11712,-0.0012085546592949027,0.009788467828184367,0.8344770908355713,-0.0002660511992871761,0.1987883374094963,0.1987883374094963,0.09062546342611313,0.0020198651938741117,0.021574999892618508,0.9430492520332336,1.0,0.004735576923076922,0.0002963942307692308,3,1.0,1.0,0.875,0.27875,2.8266093006730078,1.166361434906721,0.209375,0.9408928960561752
366,1174400,71.29966413974762,0.7129965898394585,71.29966413974762,0.7129965898394585,0.0,0.0,0.0,748.1936279535294,7.481936294734478,0.81713006362319,0.285,0.15684072687220652,nan,nan,nan,nan,nan,nan,nan,nan,nan,nan,11744,-0.0012007795320590376,0.009580940566956997,0.8604333937168122,-0.00047254774253815415,0.2445734642446041,0.2445734642446041,0.06889559887349606,0.002708533627450788,0.023534375173039735,0.9435657262802124,1.0,0.004721153846153845,0.0002952884615384615,3,1.0,1.0,0.90625,0.285,2.5304770427942276,1.1606465330719948,0.203125,0.9379911136627197
367,1177600,126.24206730723381,1.2624206730723382,126.24206730723381,1.2624206730723382,0.0,0.0,0.0,803.1360311210155,8.031360377967358,0.7786567176878453,0.3421875,0.19238535271990237,nan,nan,nan,nan,nan,nan,nan,nan,nan,nan,11776,-0.0013327273079310586,0.008210417535156011,0.8483673751354217,-0.0012205552076920867,0.12791187241673468,0.12791187241673468,0.0631331492215395,0.0022624483070142537,0.020887500081880717,0.958111047744751,1.0,0.004706730769230769,0.00029418269230769233,3,1.0,1.0,0.90625,0.3421875,2.1708084295690058,1.206207711994648,0.2534375,0.9466964679956437
368,1180800,122.27764451503754,1.2227763636410236,122.27764451503754,1.2227763636410236,0.0,0.0,0.0,799.1716083288193,7.991716068536043,0.9525771111994982,0.339375,0.17380875667005882,nan,nan,nan,nan,nan,nan,nan,nan,nan,nan,11808,-0.0007745561141055291,0.008216692041605711,0.8455518126487732,-0.0006337993545457721,0.20141044408082961,0.20141044408082961,0.06996762380003929,0.0016058278881285262,0.013081250237883068,0.9551724195480347,1.0,0.004692307692307692,0.0002930769230769231,3,1.0,1.0,0.875,0.339375,2.5307040843367576,1.2810571518540383,0.249375,0.9250446856021881
369,1184000,15.350934743881226,0.15350933015346527,15.350934743881226,0.15350933015346527,0.0,0.0,0.0,692.244898557663,6.922449035048484,1.0575523574650287,0.271875,0.13213515515831578,nan,nan,nan,nan,nan,nan,nan,nan,nan,nan,11840,-0.0010374687667645155,0.008184532448649407,0.8163692653179169,-0.0007640838855877518,0.09672241061925888,0.09672241061925888,0.06302994973957539,0.0016261650293054864,0.014143749978393317,0.9617030620574951,1.0,0.004677884615384615,0.00029197115384615383,3,1.0,1.0,0.9375,0.271875,3.145361397266388,1.2484697645902634,0.193125,0.9163839703798294
370,1187200,3.287777066230774,0.03287778854370117,3.287777066230774,0.03287778854370117,0.0,0.0,0.0,680.1817408800125,6.801817493438721,0.9064912287890912,0.260625,0.13670401209531716,nan,nan,nan,nan,nan,nan,nan,nan,nan,nan,11872,-0.0010760554318782311,0.00918045211583376,0.8314562797546386,-0.00036329366266727445,0.14223336279392243,0.14223336279392243,0.060713058710098265,0.0021893642682736672,0.018681249994187965,0.9528045654296875,1.0,0.004663461538461538,0.00029086538461538464,3,1.0,1.0,0.8125,0.260625,2.6346470242738724,1.6377166192233563,0.1821875,0.9162946826219559
371,1190400,101.31470239162445,1.0131468766927718,101.31470239162445,1.0131468766927718,0.0,0.0,0.0,778.2086662054062,7.782086581587791,0.7419439646601677,0.310625,0.17832089108595361,nan,nan,nan,nan,nan,nan,nan,nan,nan,nan,11904,-0.0013568504048278919,0.00886709252372384,0.8628316700458527,-0.0009346417617052793,0.15381598249077796,0.15381598249077796,0.060989898070693015,0.0026092831074533266,0.02426562548498623,0.9357460141181946,1.0,0.004649038461538461,0.0002897596153846154,3,1.0,1.0,0.9375,0.310625,2.5012768775224687,0.9980631648004055,0.216875,0.9408036136627197
372,1193600,34.38487982749939,0.3438488045334816,34.38487982749939,0.3438488045334816,0.0,0.0,0.0,711.2788436412811,7.112788509428501,1.0426918664574623,0.2853125,0.13967476185960592,nan,nan,nan,nan,nan,nan,nan,nan,nan,nan,11936,-0.0009491331546916726,0.006535730650648474,0.8508245646953583,-0.0016245124861598015,0.14894198030233383,0.14894198030233383,0.044925053417682645,0.0015014876044043015,0.013000000003376044,0.9652102589607239,1.0,0.004634615384615385,0.0002886538461538462,3,1.0,1.0,0.8125,0.2853125,3.9397192931175233,1.287098202109337,0.213125,0.9278571838140488
373,1196800,-41.56745424121618,-0.41567464888095856,-41.56745424121618,-0.41567464888095856,0.0,41.56745424121618,0.41567464888095856,635.3265095725656,6.35326505601406,0.8885424096882343,0.22375,0.11847761472136453,nan,nan,nan,nan,nan,nan,nan,nan,nan,nan,11968,-0.0009484913020394003,0.00910887224599719,0.8442862272262573,-0.00029481970705091953,0.1498143456876278,0.1498143456876278,0.05744223929941654,0.0017594360309923726,0.013381250062957406,0.9529131054878235,1.0,0.004620192307692308,0.00028754807692307695,3,1.0,1.0,0.78125,0.22375,2.586150195002556,1.3147214211523532,0.14875,0.9273661142587661
374,1200000,-55.52680432796478,-0.5552682176232338,-55.52680432796478,-0.5552682176232338,0.0,55.52680432796478,0.5552682176232338,621.367159485817,6.213671487271785,0.867391160428524,0.2165625,0.11597061429288537,nan,nan,nan,nan,nan,nan,nan,nan,nan,nan,12000,-0.0013412843561265708,0.008744505699723959,0.8311990201473236,-0.0007973423227667809,0.11415713801980018,0.11415713801980018,0.06331645585596561,0.0020988446805896596,0.017009374988265335,0.9582358598709106,1.0,0.00460576923076923,0.0002864423076923077,3,1.0,1.0,0.75,0.2165625,2.710372858941555,1.092750761806965,0.15,0.9568750470876694
375,1203200,93.89438915252686,0.9389439054578542,93.89438915252686,0.9389439054578542,0.0,0.0,0.0,770.7883529663086,7.707883610352874,0.825657749325037,0.3275,0.17938740167541253,nan,nan,nan,nan,nan,nan,nan,nan,nan,nan,12032,-0.001208022805151998,0.0072828759904950855,0.8401479899883271,-0.0014239951502531766,0.13789375871419907,0.13789375871419907,0.041053853929042816,0.0020787047527885127,0.01595937508936913,0.9562512636184692,1.0,0.004591346153846153,0.0002853365384615385,3,1.0,1.0,0.84375,0.3275,2.076360919624567,1.4179828202724456,0.23875,0.9513393270969391
376,1206400,-47.98478066921234,-0.4798477494716644,-47.98478066921234,-0.4798477494716644,0.0,47.98478066921234,0.4798477494716644,628.9091831445694,6.289091955423355,1.2220404122769832,0.25125,0.11307175090597812,nan,nan,nan,nan,nan,nan,nan,nan,nan,nan,12064,-0.0005377796401124125,0.00985904699191451,0.8416449964046478,0.0005395996151492,0.09495294019579888,0.09495294019579888,0.06363034397363662,0.0012609160519822667,0.0059500000323168935,0.9505137801170349,1.0,0.0045769230769230765,0.00028423076923076926,3,1.0,1.0,0.71875,0.25125,3.0041357150673864,1.6097963558137416,0.1840625,0.9649107587337494
377,1209600,3.6634868383407593,0.03663475424051285,3.6634868383407593,0.03663475424051285,0.0,0.0,0.0,680.5574506521225,6.805574459135532,1.0203610123693942,0.2621875,0.1297725992507238,nan,nan,nan,nan,nan,nan,nan,nan,nan,nan,12096,-0.001114941203180919,0.008706074673682451,0.8454418420791626,-0.0006192321423441171,0.11616561934351921,0.11616561934351921,0.07052301652729512,0.001563496471138827,0.014490625029429794,0.952950656414032,1.0,0.0045625,0.00028312500000000006,3,1.0,1.0,0.84375,0.2621875,3.336706265807152,1.3129227378964423,0.1846875,0.937812539935112
378,1212800,21.500009298324585,0.2150001448392868,21.500009298324585,0.2150001448392868,0.0,0.0,0.0,698.3939731121063,6.983939849734306,0.9125982346385717,0.263125,0.137574632891849,nan,nan,nan,nan,nan,nan,nan,nan,nan,nan,12128,-0.0010100028906949276,0.007444836059585213,0.8519577503204345,-0.001162354345433414,0.2302888959646225,0.2302888959646225,0.05363406650722027,0.0014186213316898424,0.010906249948311597,0.9521188735961914,1.0,0.004548076923076923,0.0002820192307692308,3,1.0,1.0,0.90625,0.263125,3.1548492124676706,1.2378717168420552,0.1846875,0.9517857605218887
379,1216000,115.7004901766777,1.1570049810409546,115.7004901766777,1.1570049810409546,0.0,0.0,0.0,792.5944539904594,7.925944685935974,0.8660128954052925,0.3365625,0.18036450917821745,nan,nan,nan,nan,nan,nan,nan,nan,nan,nan,12160,-0.0007245397852733149,0.008379778172820807,0.8689216613769531,-0.0004740408854559064,0.13239266648888587,0.13239266648888587,0.04713423512876034,0.0015433004271509627,0.010756249917903915,0.9376450181007385,1.0,0.004533653846153846,0.00028091346153846157,3,1.0,1.0,0.90625,0.3365625,2.065993231087923,1.161309868246317,0.2384375,0.9463839697837829
380,1219200,106.18300545215607,1.0618300515413284,106.18300545215607,1.0618300515413284,0.0,0.0,0.0,783.0769692659378,7.830769756436347,0.966783256828785,0.3321875,0.1688988854499477,-128.84797617793083,-1.2884797617793082,-128.84797617793083,-1.2884797617793082,100.0,1.576060784701258,0.115,0.04464180375050288,128.84797617793083,687.7384242117405,12192,-0.0009856204305368267,0.00831225998699665,0.8363402187824249,-0.0006091047776862979,0.10501765608787536,0.10501765608787536,0.07281491160392761,0.0014381997207274688,0.011668750015087426,0.9420127868652344,1.0,0.004519230769230769,0.0002798076923076924,3,1.0,1.0,0.9375,0.3321875,2.8037425431609155,1.209634600430727,0.2303125,0.8994643294811249
381,1222400,23.753544688224792,0.23753546476364135,23.753544688224792,0.23753546476364135,0.0,0.0,0.0,700.6475085020065,7.0064751696586605,0.8841933861374855,0.265,0.14064373750044762,nan,nan,nan,nan,nan,nan,nan,nan,nan,nan,12224,-0.0008668043005338411,0.00838171485811472,0.8320907950401306,-0.0004243559669703245,0.10996974892914295,0.10996974892914295,0.05270780585706234,0.0013157610839733315,0.006834375066682696,0.9424997568130493,1.0,0.004504807692307692,0.00027870192307692307,3,1.0,1.0,0.84375,0.265,3.3168734288215638,1.0724289165437222,0.164375,0.9771428978443146
382,1225600,49.19396668672562,0.49193966031074526,49.19396668672562,0.49193966031074526,0.0,0.0,0.0,726.0879305005074,7.260879365205764,0.9244109934568405,0.2921875,0.15183217150258554,nan,nan,nan,nan,nan,nan,nan,nan,nan,nan,12256,-0.0008505265195970446,0.00784407784231007,0.846226716041565,-0.0007283712038770318,0.08610022217035293,0.08610022217035293,0.04379601813852787,0.0013111748667178466,0.008490624884143472,0.9530110955238342,1.0,0.004490384615384615,0.0002775961538461538,3,1.0,1.0,0.875,0.2921875,3.2870217680931093,1.2049163357913495,0.2109375,0.9136161112785339
383,1228800,78.90180513262749,0.7890179017186165,78.90180513262749,0.7890179017186165,0.0,0.0,0.0,755.7957689464092,7.557957606613636,1.087905188947916,0.3125,0.149671547182402,nan,nan,nan,nan,nan,nan,nan,nan,nan,nan,12288,-0.001195768899878047,0.009542180690914392,0.8447714805603027,-0.00020584312733262777,0.16961660459637642,0.16961660459637642,0.05627096518874168,0.001681177363938468,0.015146875008940696,0.9399747252464294,1.0,0.004475961538461538,0.0002764903846153846,3,1.0,1.0,0.875,0.3125,3.227316902577877,1.2107397516071796,0.22875,0.9120982551574707
384,1232000,37.46614670753479,0.3746613931655884,37.46614670753479,0.3746613931655884,0.0,0.0,0.0,714.3601105213165,7.143601098060608,0.8440349300205707,0.2809375,0.15234933754582733,nan,nan,nan,nan,nan,nan,nan,nan,nan,nan,12320,-0.0008731212942977073,0.007752146851271391,0.8421353399753571,-0.0007542670937255025,0.10789060294628143,0.10789060294628143,0.04967656470835209,0.0013747642209674693,0.011462499969638884,0.9501991271972656,1.0,0.00446153846153846,0.0002753846153846154,3,1.0,1.0,0.90625,0.2809375,2.8511765053868294,1.3476521599292755,0.2034375,0.9440625435113907
385,1235200,89.3905239701271,0.8939052301645279,89.3905239701271,0.8939052301645279,0.0,0.0,0.0,766.2844877839088,7.662844935059547,0.8464237543940544,0.315,0.1706000582208575,nan,nan,nan,nan,nan,nan,nan,nan,nan,nan,12352,-0.0009518932909005961,0.006361042894423008,0.8376663565635681,-0.0014965709066018461,0.1261449411511421,0.1261449411511421,0.04274733178317547,0.0015869733848414454,0.012440625089220702,0.9584072232246399,1.0,0.0044471153846153836,0.00027427884615384613,3,1.0,1.0,0.875,0.315,2.1211115857958793,1.191330733448267,0.2315625,0.9516071826219559
386,1238400,74.00165110826492,0.7400163182616234,74.00165110826492,0.7400163182616234,0.0,0.0,0.0,750.8956149220467,7.508956023156642,1.1233436247706414,0.3084375,0.14526028495897203,nan,nan,nan,nan,nan,nan,nan,nan,nan,nan,12384,-0.0010563528524362375,0.006804308760911227,0.8352937042713166,-0.0013567983522079885,0.11951886415481568,0.11951886415481568,0.04893868900835514,0.0014733443189511035,0.009112499933689833,0.9535555243492126,1.0,0.004432692307692307,0.00027317307692307694,3,1.0,1.0,0.90625,0.3084375,2.675819457769394,1.563540432304144,0.2103125,0.9168304002285004
387,1241600,33.13303568959236,0.3313305009901524,33.13303568959236,0.3313305009901524,0.0,0.0,0.0,710.0269995033741,7.100270205885172,1.0185124444961549,0.28625,0.14181235333996242,nan,nan,nan,nan,nan,nan,nan,nan,nan,nan,12416,-0.0011709223317913687,0.00895047765225172,0.8005489766597748,-0.00023272442631423474,0.13433420211076735,0.13433420211076735,0.06639160253107548,0.0016654954044536836,0.014578124921172275,0.9346979260444641,1.0,0.00441826923076923,0.0002720673076923077,3,1.0,1.0,0.84375,0.28625,2.6588124483823776,1.5004279521107673,0.20625,0.944910758137703
388,1244800,81.58922743797302,0.815892336666584,81.58922743797302,0.815892336666584,0.0,0.0,0.0,758.4831912517548,7.5848320415616035,0.9304788267612457,0.3246875,0.16819013785544934,nan,nan,nan,nan,nan,nan,nan,nan,nan,nan,12448,-0.0012057979059405532,0.00784402173012495,0.8052668273448944,-0.0008300584275275468,0.1312241990119219,0.1312241990119219,0.05757516659796238,0.002146634273235148,0.018349999748170375,0.9454971551895142,1.0,0.004403846153846153,0.00027096153846153844,3,1.0,1.0,0.9375,0.3246875,3.1122611820697785,1.1823897540569306,0.2209375,0.8976786118745804
389,1248000,160.5121404528618,1.6051213923096657,160.5121404528618,1.6051213923096657,0.0,0.0,0.0,837.4061042666435,8.374061097204685,0.8906529130786658,0.3571875,0.18892283058891532,nan,nan,nan,nan,nan,nan,nan,nan,nan,nan,12480,-0.0008361408815020788,0.007560353446751833,0.8262730658054351,-0.0006828260840848089,0.11299989670515061,0.11299989670515061,0.05137404650449753,0.0018412553610727197,0.011671874919557013,0.9385553598403931,1.0,0.004389423076923076,0.00026985576923076925,3,1.0,1.0,0.96875,0.3571875,2.4927310559153555,1.0728334452211856,0.2515625,0.9277679002285004
390,1251200,68.48865601420403,0.6848865266889334,68.48865601420403,0.6848865266889334,0.0,0.0,0.0,745.3826198279858,7.453826231583952,0.6868092143535613,0.295625,0.1752569273895583,nan,nan,nan,nan,nan,nan,nan,nan,nan,nan,12512,-0.0009966011701734168,0.00814337031915784,0.8144264161586762,-0.00048803157405927775,0.14136617705225946,0.14136617705225946,0.05271584391593933,0.0017183788364530353,0.016309374943375587,0.9294987916946411,1.0,0.0043749999999999995,0.00026875,3,1.0,1.0,0.96875,0.295625,2.638136320412159,0.9169306471943856,0.2065625,0.9133036148548126
391,1254400,117.38438510894775,1.1738438802957534,117.38438510894775,1.1738438802957534,0.0,0.0,0.0,794.2783489227295,7.942783585190773,0.8170232614129782,0.3384375,0.18625931059177506,nan,nan,nan,nan,nan,nan,nan,nan,nan,nan,12544,-0.0008882464463356498,0.007032546261325478,0.8111873507499695,-0.0009092183085158467,0.10286925733089447,0.10286925733089447,0.05427099168300629,0.0013328294160638353,0.011181249946821481,0.9380064010620117,1.0,0.004360576923076923,0.0002676442307692308,3,1.0,1.0,0.90625,0.3384375,2.8029241076111795,0.981482982635498,0.240625,0.9454911190271378
392,1257600,-84.95652103424072,-0.8495653074979782,-84.95652103424072,-0.8495653074979782,0.0,84.95652103424072,0.8495653074979782,591.937442779541,5.919374397397041,1.1953305861353873,0.230625,0.10505251530521754,nan,nan,nan,nan,nan,nan,nan,nan,nan,nan,12576,-0.0009574250550358876,0.0072171099483966826,0.7973836243152619,-0.0008144218591041863,0.11664417311549187,0.11664417311549187,0.050572644546628,0.0016862681382955685,0.013918749953154475,0.9600957632064819,1.0,0.004346153846153846,0.00026653846153846156,3,1.0,1.0,0.65625,0.230625,4.115738387107849,1.5217715682089328,0.160625,0.9024107575416564
393,1260800,57.654675394296646,0.5765468433499337,57.654675394296646,0.5765468433499337,0.0,0.0,0.0,734.5486392080784,7.345486548244953,1.0053118461370467,0.3,0.14960266682606405,nan,nan,nan,nan,nan,nan,nan,nan,nan,nan,12608,-0.0008285877195747027,0.007654507691040635,0.8082677543163299,-0.0005025321966968477,0.0814286407083273,0.0814286407083273,0.05133234150707722,0.001276054337362533,0.010034374949464108,0.9495885372161865,1.0,0.004331730769230769,0.0002654326923076923,3,1.0,1.0,0.90625,0.3,3.0031992405653,1.3271551650762559,0.218125,0.9124107563495636
394,1264000,95.39306157827377,0.9539304170012474,95.39306157827377,0.9539304170012474,0.0,0.0,0.0,772.2870253920555,7.722870121896267,0.991811186671257,0.318125,0.1597164440730223,nan,nan,nan,nan,nan,nan,nan,nan,nan,nan,12640,-0.0008691522559616694,0.006922094570472837,0.8065457463264465,-0.000890211237128824,0.21357996612787247,0.21357996612787247,0.056025943532586095,0.0016678113141136062,0.014387499901204137,0.9440321922302246,1.0,0.004317307692307692,0.0002643269230769231,3,1.0,1.0,0.9375,0.318125,2.368277366757393,1.2030014169216157,0.2090625,0.9484821820259094
395,1267200,149.88055583834648,1.4988055843114854,149.88055583834648,1.4988055843114854,0.0,0.0,0.0,826.7745196521282,8.267745289206506,0.8881934997439385,0.3603125,0.19082392776421625,nan,nan,nan,nan,nan,nan,nan,nan,nan,nan,12672,-0.0010564609103836165,0.007069790316745639,0.8035737454891205,-0.0009792507393285633,0.1671511486172676,0.1671511486172676,0.07570620886981487,0.0012985105146111613,0.01186250014543475,0.9359108209609985,1.0,0.0043028846153846155,0.00026322115384615387,3,1.0,1.0,0.96875,0.3603125,2.619911831319332,1.2371665132790803,0.244375,0.9291071850061416
396,1270400,94.34352943301201,0.9434353409707547,94.34352943301201,0.9434353409707547,0.0,0.0,0.0,771.2374932467937,7.712375045865774,1.0592850786447525,0.326875,0.1587322723744114,nan,nan,nan,nan,nan,nan,nan,nan,nan,nan,12704,-0.0008253168906900088,0.008000495098531245,0.8002674877643585,-0.00025698565877974033,0.13164248913526536,0.13164248913526536,0.05392542704939842,0.001413519107158327,0.01060937475413084,0.9308627843856812,1.0,0.004288461538461539,0.0002621153846153847,3,1.0,1.0,0.96875,0.326875,2.3232334983348846,1.5733823782205583,0.2225,0.9515178990364075
397,1273600,22.852316915988922,0.22852319717407227,22.852316915988922,0.22852319717407227,0.0,0.0,0.0,699.7462807297707,6.997462902069092,0.8676181434094906,0.2675,0.14323056399080422,nan,nan,nan,nan,nan,nan,nan,nan,nan,nan,12736,-0.0010614029311109441,0.006114243809133768,0.7756566345691681,-0.0013194674742408098,0.14205514639616013,0.14205514639616013,0.04478253833949566,0.0012245333633508861,0.01264687473885715,0.9582001566886902,1.0,0.004274038461538461,0.0002610096153846154,3,1.0,1.0,0.90625,0.2675,2.158377152979374,1.1013619078695773,0.1884375,0.9533929026126862
398,1276800,159.67429819703102,1.596743105351925,159.67429819703102,1.596743105351925,0.0,0.0,0.0,836.5682620108128,8.365682810246945,0.7461788529157638,0.3625,0.20759614594730583,nan,nan,nan,nan,nan,nan,nan,nan,nan,nan,12768,-0.0013939814297482477,0.006959144305437803,0.8127739012241364,-0.0013765133335255086,0.14574434384703636,0.14574434384703636,0.08808577395975589,0.0022102652190408483,0.021637499914504588,0.9336878061294556,1.0,0.004259615384615384,0.0002599038461538462,3,1.0,1.0,0.96875,0.3625,2.153190409839153,1.2848372912406922,0.2403125,0.909419686794281
399,1280000,118.63939678668976,1.1863939175009728,118.63939678668976,1.1863939175009728,0.0,0.0,0.0,795.5333606004715,7.955333622395992,0.7244041782617568,0.3303125,0.19155166994141906,nan,nan,nan,nan,nan,nan,nan,nan,nan,nan,12800,-0.0009508688889443784,0.007072614738717675,0.7967776000499726,-0.0007970355916768312,0.1955221712589264,0.1955221712589264,0.05400163792073727,0.0015070855741252595,0.0120093748846557,0.9486932754516602,1.0,0.0042451923076923075,0.000258798076923077,3,1.0,1.0,0.90625,0.3303125,2.478386246562004,1.07956439524889,0.22625,0.9568750458955765
400,1283200,14.106141328811646,0.14106144160032272,14.106141328811646,0.14106144160032272,0.0,0.0,0.0,691.0001051425934,6.910001146495342,0.6907771673798561,0.27,0.1596898782459965,-123.0917653888464,-1.230917653888464,-123.0917653888464,-1.230917653888464,100.0,1.5439004574343562,0.115,0.045206171359386815,123.0917653888464,693.4946350008249,12832,-0.0007802915973356139,0.006046930095180869,0.7928507328033447,-0.0011111951898783445,0.13284962251782417,0.13284962251782417,0.041204473748803136,0.0009239305742121948,0.0064125000033527614,0.9593281149864197,1.0,0.00423076923076923,0.0002576923076923077,3,1.0,1.0,0.8125,0.27,3.2274232292175293,1.030502310693264,0.1921875,0.9508929002285004
401,1286400,105.13330274820328,1.0513331171870233,105.13330274820328,1.0513331171870233,0.0,0.0,0.0,782.027266561985,7.8202728220820426,0.964665943607688,0.3278125,0.16685406547946902,nan,nan,nan,nan,nan,nan,nan,nan,nan,nan,12864,-0.0009716747593192743,0.005531603936105967,0.8190337657928467,-0.0016592025058344007,0.08803064599633217,0.08803064599633217,0.044956103339791297,0.0010925473019635919,0.008406249833933543,0.9480039477348328,1.0,0.004216346153846153,0.00025658653846153843,3,1.0,1.0,0.96875,0.3278125,2.981674174070358,1.35522739097476,0.2184375,0.899955399632454
402,1289600,118.61154964566231,1.1861153562366962,118.61154964566231,1.1861153562366962,0.0,0.0,0.0,795.505513459444,7.9550550611317155,0.7943071882426739,0.338125,0.18844320650086463,nan,nan,nan,nan,nan,nan,nan,nan,nan,nan,12896,-0.0010364852391416158,0.005694624502211809,0.8073043704032898,-0.0015814037644304336,0.17919469848275185,0.17919469848275185,0.03922279216349125,0.0015137599948543674,0.013115624878264499,0.9554533958435059,1.0,0.004201923076923076,0.00025548076923076924,3,1.0,1.0,0.90625,0.338125,2.6533355936408043,1.2087859462201596,0.2453125,0.962187539935112
403,1292800,54.6592954993248,0.5465931029617787,54.6592954993248,0.5465931029617787,0.0,0.0,0.0,731.5532593131065,7.315532807856798,0.8888271932303905,0.2925,0.15485799921153623,nan,nan,nan,nan,nan,nan,nan,nan,nan,nan,12928,-0.000849109231366274,0.0052012194413691756,0.7879491090774536,-0.0015480365022085608,0.12821557521820068,0.12821557521820068,0.03358344994485378,0.0020414562139232893,0.016049999999813734,0.9629356265068054,1.0,0.004187499999999999,0.000254375,3,1.0,1.0,0.90625,0.2925,3.2412703132629392,1.2868673159182071,0.1971875,0.8976339721679687
404,1296000,98.7031486928463,0.9870315927267075,98.7031486928463,0.9870315927267075,0.0,0.0,0.0,775.597112506628,7.755971297621727,0.856942121386528,0.32875,0.17703836657791538,nan,nan,nan,nan,nan,nan,nan,nan,nan,nan,12960,-0.0006999321020208171,0.006619267305359245,0.7932123899459839,-0.0007004346000030637,0.14249440133571625,0.14249440133571625,0.03527611475437879,0.0013410486324612898,0.009621875151060522,0.9447483420372009,1.0,0.004173076923076923,0.00025326923076923074,3,1.0,1.0,0.96875,0.32875,3.0418516740202906,1.0345546609163285,0.2409375,0.9594196826219559
405,1299200,122.50710621476173,1.2250710862874985,122.50710621476173,1.2250710862874985,0.0,0.0,0.0,799.4010700285435,7.994010791182518,0.6504539787769318,0.3259375,0.19748354343181132,nan,nan,nan,nan,nan,nan,nan,nan,nan,nan,12992,-0.001060977568605459,0.005617035739123821,0.7913002073764801,-0.0015432033105753362,0.13096971735358237,0.13096971735358237,0.044368745386600496,0.002295821535521262,0.021428125072270633,0.9496693015098572,1.0,0.004158653846153846,0.00025216346153846155,3,1.0,1.0,0.96875,0.3259375,1.8977828614413739,1.1330574944615364,0.225,0.9417857551574706
406,1302400,45.08036255836487,0.45080355018377305,45.08036255836487,0.45080355018377305,0.0,0.0,0.0,721.9743263721466,7.219743255078792,0.7436090579628944,0.2809375,0.16112413428743416,nan,nan,nan,nan,nan,nan,nan,nan,nan,nan,13024,-0.0008508772611618088,0.006214030692353845,0.7928224265575409,-0.0010295011103153228,0.18640225008130074,0.18640225008130074,0.04354335106909275,0.001881531385883568,0.015228125170688145,0.9499660730361938,1.0,0.004144230769230769,0.0002510576923076923,3,1.0,1.0,0.9375,0.2809375,2.486798693686724,0.946905216127634,0.19375,0.9089286124706268
407,1305600,-42.88519325852394,-0.42885202944278716,-42.88519325852394,-0.42885202944278716,0.0,42.88519325852394,0.42885202944278716,634.0087705552578,6.340087675452232,1.1481170438230037,0.235625,0.10968908825408237,nan,nan,nan,nan,nan,nan,nan,nan,nan,nan,13056,-0.0006809716691845047,0.0068100069649517534,0.7703990578651428,-0.0004575680010020733,0.21179656460881233,0.21179656460881233,0.0487764872610569,0.0012163258128606881,0.010146875027567148,0.9492954015731812,1.0,0.004129807692307691,0.0002499519230769231,3,1.0,1.0,0.875,0.235625,3.779345223903656,1.4105798336863518,0.1684375,0.9325893312692642
408,1308800,110.88717412948608,1.108871706724167,110.88717412948608,1.108871706724167,0.0,0.0,0.0,787.7811379432678,7.877811411619186,0.9547452725470066,0.3434375,0.17569424764614244,nan,nan,nan,nan,nan,nan,nan,nan,nan,nan,13088,-0.0007240490540920241,0.0049159462098032234,0.789581423997879,-0.0015155070810578763,0.11781449615955353,0.11781449615955353,0.05911051705479622,0.0010730017384090163,0.007674999992013909,0.9622259140014648,1.0,0.0041153846153846145,0.00024884615384615386,3,1.0,1.0,0.90625,0.3434375,2.945163257867098,1.263355113863945,0.229375,0.9140625488758087
409,1312000,53.81482672691345,0.5381480956077576,53.81482672691345,0.5381480956077576,0.0,0.0,0.0,730.7087905406952,7.307087800502777,0.9510649355500936,0.310625,0.15920792503629344,nan,nan,nan,nan,nan,nan,nan,nan,nan,nan,13120,-0.0009264383338741134,0.005437160842120647,0.7761940360069275,-0.0013909998815506697,0.14819851219654084,0.14819851219654084,0.0407310925424099,0.0013075950351819881,0.012321875127963722,0.9590413570404053,1.0,0.004100961538461538,0.0002477403846153846,3,1.0,1.0,0.90625,0.310625,2.4852961510419846,1.453170940503478,0.2,0.930937541127205
410,1315200,54.67351633310318,0.5467352378368378,54.67351633310318,0.5467352378368378,0.0,0.0,0.0,731.5674801468849,7.315674942731857,0.9271833647787571,0.299375,0.15534328775942324,nan,nan,nan,nan,nan,nan,nan,nan,nan,nan,13152,-0.0006138163637486649,0.0068876250647008416,0.776820158958435,-0.00034450945677235725,0.07455849945545197,0.07455849945545197,0.04761132262647152,0.0011201037799803543,0.008753124924260192,0.9519661664962769,1.0,0.004086538461538461,0.0002466346153846154,3,1.0,1.0,0.90625,0.299375,3.1582067149877546,1.2601374584436416,0.2159375,0.9122768312692642
411,1318400,149.81940525770187,1.4981941667199135,149.81940525770187,1.4981941667199135,0.0,0.0,0.0,826.7133690714836,8.267133871614933,0.8050564766675233,0.3546875,0.196496621897848,nan,nan,nan,nan,nan,nan,nan,nan,nan,nan,13184,-0.0009447722112177814,0.005635032802820206,0.8034340262413024,-0.0013989317463710903,0.1084578014910221,0.1084578014910221,0.03527213726192713,0.0015919846613579604,0.01365937480550201,0.9528963565826416,1.0,0.004072115384615384,0.00024552884615384617,3,1.0,1.0,0.9375,0.3546875,3.251088679134846,0.8246701373904943,0.249375,0.9509821856021881
412,1321600,94.9688313305378,0.9496882849931717,94.9688313305378,0.9496882849931717,0.0,0.0,0.0,771.8627951443195,7.718627989888191,1.0445914229750632,0.3284375,0.1606372286948627,nan,nan,nan,nan,nan,nan,nan,nan,nan,nan,13216,-0.0006394003863009811,0.0068966774735599755,0.8100284576416016,-0.00047790793469175695,0.0580655250698328,0.0580655250698328,0.04665727205574512,0.0010456319680126253,0.005328124950756319,0.9429503083229065,1.0,0.004057692307692307,0.00024442307692307697,3,1.0,1.0,0.9375,0.3284375,2.4655821359157564,1.4667777636647223,0.214375,0.9271875429153442
413,1324800,41.63049954175949,0.41630503997206686,41.63049954175949,0.41630503997206686,0.0,0.0,0.0,718.5244633555412,7.185244744867086,0.9460293532162904,0.305,0.15672939336496272,nan,nan,nan,nan,nan,nan,nan,nan,nan,nan,13248,-0.0011603382211877288,0.005342520773410797,0.7936193645000458,-0.0016978947212919592,0.12593486085534095,0.12593486085534095,0.03725816123187542,0.0019860630003716477,0.014971874939510599,0.9620617032051086,1.0,0.0040432692307692305,0.00024331730769230772,3,1.0,1.0,0.90625,0.305,3.266127287745476,0.9911927780508996,0.1984375,0.9409375435113907
414,1328000,70.41492223739624,0.7041493681073189,70.41492223739624,0.7041493681073189,0.0,0.0,0.0,747.308886051178,7.473089073002338,1.040988645851612,0.3146875,0.1541838562598643,nan,nan,nan,nan,nan,nan,nan,nan,nan,nan,13280,-0.0007932098115430608,0.0052584617398679255,0.8108605563640594,-0.0014308112557046115,0.09622778818011284,0.09622778818011284,0.03090057075023651,0.0011398551403581396,0.008346874847484287,0.9606014490127563,1.0,0.004028846153846154,0.00024221153846153848,3,1.0,1.0,0.875,0.3146875,2.6971836924552917,1.427778848260641,0.2184375,0.9354911130666733
415,1331200,7.327763855457306,0.07327757120132446,7.327763855457306,0.07327757120132446,0.0,0.0,0.0,684.221727669239,6.842217276096344,1.1067984832823277,0.2746875,0.13038147795324273,nan,nan,nan,nan,nan,nan,nan,nan,nan,nan,13312,-0.0009437975665729015,0.0057633781339973215,0.7722508311271667,-0.0011622500722296536,0.14987119883298874,0.14987119883298874,0.052044972963631156,0.0016178397454534408,0.012134374625384225,0.9557057023048401,1.0,0.004014423076923077,0.00024110576923076928,3,1.0,1.0,0.875,0.2746875,2.9740447479486467,1.5270176048576831,0.2021875,0.9478125417232514
416,1334400,48.525737047195435,0.48525744438171386,48.525737047195435,0.48525744438171386,0.0,0.0,0.0,725.4197008609772,7.254197149276733,0.8516522493213415,0.285625,0.15425412633753766,nan,nan,nan,nan,nan,nan,nan,nan,nan,nan,13344,-0.0008808555292664444,0.0067492722999304535,0.7920993268489838,-0.0006746168015524745,0.15842261984944345,0.15842261984944345,0.049576020985841754,0.0012922262645626344,0.009831249862327241,0.9359486699104309,1.0,0.004,0.00024000000000000003,3,1.0,1.0,0.90625,0.285625,2.306229270249605,1.3419654208421707,0.191875,0.9233928978443146
417,1337600,17.444533556699753,0.17444531753659248,17.444533556699753,0.17444531753659248,0.0,0.0,0.0,694.3384973704815,6.943385022431611,0.821952355504036,0.26,0.14270406095667196,nan,nan,nan,nan,nan,nan,nan,nan,nan,nan,13376,-0.000851718613249286,0.0063181940466165544,0.8168584108352661,-0.0009482735302299261,0.12528329193592072,0.12528329193592072,0.039344115927815435,0.0013673350884384249,0.00994374988367781,0.9497053623199463,1.0,0.003985576923076923,0.00023889423076923084,3,1.0,1.0,0.8125,0.26,2.954315921664238,1.1219892536103726,0.181875,0.932142898440361
418,1340800,78.10907885432243,0.7810905994474888,78.10907885432243,0.7810905994474888,0.0,0.0,0.0,755.0030426681042,7.550030304342508,1.0783528243005276,0.3165625,0.15231412890953178,nan,nan,nan,nan,nan,nan,nan,nan,nan,nan,13408,-0.0007982147716451449,0.0065749249886721374,0.8061057209968567,-0.0007119221030734479,0.10465078353881836,0.10465078353881836,0.04649969600141048,0.0011975917674172725,0.009115624985133764,0.941310465335846,1.0,0.0039711538461538465,0.0002377884615384616,3,1.0,1.0,0.90625,0.3165625,2.469916317164898,1.5543423406779766,0.2171875,0.9238839685916901
419,1344000,86.2328736782074,0.8623287527263165,86.2328736782074,0.8623287527263165,0.0,0.0,0.0,763.1268374919891,7.631268457621336,0.8159199392795563,0.3090625,0.1701961046380804,nan,nan,nan,nan,nan,nan,nan,nan,nan,nan,13440,-0.0006336564874334982,0.0049793322570621966,0.8022083222866059,-0.0013181129121221601,0.08946556374430656,0.08946556374430656,0.03069434855133295,0.0006307083582251901,0.003728125069756061,0.9569928050041199,1.0,0.003956730769230769,0.00023668269230769234,3,1.0,1.0,0.90625,0.3090625,2.347442254424095,1.3037787774205207,0.2209375,0.9517857581377029
420,1347200,54.69820660352707,0.546981970667839,54.69820660352707,0.546981970667839,0.0,0.0,0.0,731.5921704173088,7.315921675562858,0.7517872135341167,0.2959375,0.16893461586750902,-121.52486583590508,-1.2152486583590507,-121.52486583590508,-1.2152486583590507,100.0,1.5657475078571588,0.115,0.04482124591287036,121.52486583590508,695.0615345537663,13472,-0.0011912185405147824,0.004992466466501355,0.8082711040973664,-0.0018814386101439595,0.16552978456020356,0.16552978456020356,0.032351627573370935,0.0019492784456850668,0.01689687523030443,0.958890974521637,1.0,0.003942307692307691,0.00023557692307692304,3,1.0,1.0,0.90625,0.2959375,2.7136244893074037,1.3014231476187705,0.215625,0.9603125447034836
421,1350400,120.36131739616394,1.2036130475997924,120.36131739616394,1.2036130475997924,0.0,0.0,0.0,797.2552812099457,7.972552752494812,0.6037958998978138,0.3240625,0.20205968853059647,nan,nan,nan,nan,nan,nan,nan,nan,nan,nan,13504,-0.001077079742867504,0.005859125219285488,0.8098379969596863,-0.0013284673215821386,0.12468422725796699,0.12468422725796699,0.03711632620543241,0.0020489414251680456,0.018678125005681067,0.9345329403877258,1.0,0.003927884615384614,0.00023447115384615385,3,1.0,1.0,0.875,0.3240625,2.2934734651446345,0.9927964307367801,0.2284375,0.9183482539653778
422,1353600,100.10300841927528,1.001030024588108,100.10300841927528,1.001030024588108,0.0,0.0,0.0,776.996972233057,7.769969729483128,0.9166988515853882,0.3228125,0.1684210848944722,nan,nan,nan,nan,nan,nan,nan,nan,nan,nan,13536,-0.0011553317479789272,0.005041032703593374,0.7921610534191131,-0.0017349073430523276,0.17327214404940605,0.17327214404940605,0.029710993357002734,0.001645729882879185,0.014562500169267878,0.9517088532447815,1.0,0.0039134615384615375,0.0002333653846153846,3,1.0,1.0,0.90625,0.3228125,3.3110742887854574,1.1896817143261433,0.233125,0.9500446838140487
423,1356800,58.34657570719719,0.5834658089280128,58.34657570719719,0.5834658089280128,0.0,0.0,0.0,735.2405395209789,7.352405513823032,0.9864585904031992,0.2928125,0.14740428087180346,nan,nan,nan,nan,nan,nan,nan,nan,nan,nan,13568,-0.000788924145931369,0.004668093053624034,0.7971663415431977,-0.0015630598878487944,0.14279570803046227,0.14279570803046227,0.03949931934475899,0.0015915471638474174,0.013424999999915598,0.9567615389823914,1.0,0.0038990384615384607,0.00023225961538461535,3,1.0,1.0,0.9375,0.2928125,2.424496876746416,1.3029196494072677,0.21875,0.934464328289032
424,1360000,-114.831263422966,-1.1483126030862332,-114.831263422966,-1.1483126030862332,0.0,114.831263422966,1.1483126030862332,562.0627003908157,5.620627101808786,0.9958696591854096,0.1884375,0.09441373044215147,nan,nan,nan,nan,nan,nan,nan,nan,nan,nan,13600,-0.0004978244973666612,0.007253597676753998,0.8177223920822143,-4.756264388561249e-05,0.10702653974294662,0.10702653974294662,0.051187170296907426,0.001244022840550303,0.009740624960977584,0.9375168681144714,1.0,0.003884615384615384,0.00023115384615384616,3,1.0,1.0,0.75,0.1884375,2.734136316180229,1.6605445516109467,0.126875,0.9304464709758759
425,1363200,10.530521392822266,0.1053051245212555,10.530521392822266,0.1053051245212555,0.0,0.0,0.0,687.424485206604,6.874244829416274,1.1774703399837017,0.2940625,0.1350477637285296,nan,nan,nan,nan,nan,nan,nan,nan,nan,nan,13632,-0.0006130752442637278,0.006828907504677772,0.7990135729312897,-0.00029095764039084316,0.12138978615403176,0.12138978615403176,0.04858506172895431,0.001198381656289762,0.010368749778717757,0.9547880291938782,1.0,0.003870192307692307,0.0002300480769230769,3,1.0,1.0,0.8125,0.2940625,3.0073944371938706,1.4770860095322131,0.2009375,0.9120982623100281
426,1366400,116.35519060492516,1.163551839888096,116.35519060492516,1.163551839888096,0.0,0.0,0.0,793.2491544187069,7.932491544783115,0.7200258143246174,0.3225,0.18749718598068385,nan,nan,nan,nan,nan,nan,nan,nan,nan,nan,13664,-0.0007434329974581822,0.005716891447082162,0.8148874700069427,-0.0010270053753629327,0.10669224634766579,0.10669224634766579,0.03727971613407135,0.001422120528881391,0.008409375022165478,0.9391310214996338,1.0,0.0038557692307692303,0.0002289423076923077,3,1.0,1.0,0.9375,0.3225,2.2601619961857797,0.9876257713139057,0.23625,0.9575000405311584
427,1369600,68.66265293955803,0.6866265201568603,68.66265293955803,0.6866265201568603,0.0,0.0,0.0,745.5566167533398,7.4555662250518795,0.9862681949138641,0.3084375,0.15528492113492035,nan,nan,nan,nan,nan,nan,nan,nan,nan,nan,13696,-0.0006548418303311543,0.006493895221501589,0.7907352685928345,-0.0004453820874914527,0.1036153107881546,0.1036153107881546,0.03983460776507854,0.0005954584150494738,0.0038218750094529243,0.9378783702850342,1.0,0.0038413461538461535,0.00022783653846153846,3,1.0,1.0,0.90625,0.3084375,3.410656472146511,1.2204151850938798,0.2190625,0.9170536154508591
428,1372800,70.00449791550636,0.7000450065732002,70.00449791550636,0.7000450065732002,0.0,0.0,0.0,746.8984617292881,7.468984711468219,0.9076166220009327,0.2884375,0.15120307543632788,nan,nan,nan,nan,nan,nan,nan,nan,nan,nan,13728,-0.0010694458017358466,0.0066207414492964745,0.8091242611408234,-0.0008555312640964984,0.09084435403347016,0.09084435403347016,0.04570259898900986,0.001350482291676562,0.008506249909623875,0.9352704286575317,1.0,0.0038269230769230767,0.00022673076923076922,3,1.0,1.0,0.90625,0.2884375,2.7962070363759994,1.155449364632368,0.17625,0.916473251581192
429,1376000,142.5136170387268,1.4251361119747161,142.5136170387268,1.4251361119747161,0.0,0.0,0.0,819.4075808525085,8.194075816869736,0.7230167413502931,0.3509375,0.20367619859861458,nan,nan,nan,nan,nan,nan,nan,nan,nan,nan,13760,-0.0006527445207815674,0.004376931954175234,0.8090606510639191,-0.0015488223521970212,0.13537363149225712,0.13537363149225712,0.033530055172741415,0.0011031962974847058,0.008071875036694109,0.9514665603637695,1.0,0.0038125,0.00022562500000000002,3,1.0,1.0,0.9375,0.3509375,2.301326862871647,1.08998110383749,0.2615625,0.9180357563495636
430,1379200,56.49204361438751,0.5649205470085144,56.49204361438751,0.5649205470085144,0.0,0.0,0.0,733.3860074281693,7.333860251903534,0.8807947301864624,0.305,0.16216549052631715,nan,nan,nan,nan,nan,nan,nan,nan,nan,nan,13792,-0.0009372554219968521,0.005280415806919336,0.7986863732337952,-0.0013305197935551405,0.1317660167813301,0.1317660167813301,0.03703309297561645,0.0010461388661535357,0.006724999833386392,0.9524343013763428,1.0,0.0037980769230769222,0.00022451923076923077,3,1.0,1.0,0.84375,0.305,2.8596433717012406,1.346878278851509,0.205625,0.8721875411272049
431,1382400,49.152987599372864,0.4915297995507717,49.152987599372864,0.4915297995507717,0.0,0.0,0.0,726.0469514131546,7.2604695044457905,0.8794863545894622,0.2759375,0.14681537821554083,nan,nan,nan,nan,nan,nan,nan,nan,nan,nan,13824,-0.0008798802116652737,0.005359988287091255,0.8130326271057129,-0.0012761201825924218,0.13781592845916749,0.13781592845916749,0.03809963651001454,0.0015529433170777592,0.012071874970570207,0.9465628862380981,1.0,0.0037836538461538454,0.00022341346153846158,3,1.0,1.0,0.96875,0.2759375,2.8416240286827086,1.192229826450348,0.21125,0.93906254529953
432,1385600,-99.80643358826637,-0.9980642610788345,-99.80643358826637,-0.9980642610788345,0.0,99.80643358826637,0.9980642610788345,577.0875302255154,5.770875443816185,1.2259125208854675,0.2165625,0.09729155928996325,nan,nan,nan,nan,nan,nan,nan,nan,nan,nan,13856,-0.0009591232099570135,0.007031892938539386,0.7807661831378937,-0.0003860647091642022,0.1366157203912735,0.1366157203912735,0.04434166252613068,0.0015208222830586132,0.015578124833700713,0.94203782081604,1.0,0.0037692307692307686,0.00022230769230769233,3,1.0,1.0,0.875,0.2165625,3.8292989045381547,1.4247159239649774,0.1475,0.9293304026126862
433,1388800,20.911332845687866,0.20911335676908493,20.911332845687866,0.20911335676908493,0.0,0.0,0.0,697.8052966594696,6.978053061664104,1.0793688799440861,0.2815625,0.13540767235468637,nan,nan,nan,nan,nan,nan,nan,nan,nan,nan,13888,-0.0007939787813869726,0.006501234928146004,0.7648878633975983,-0.0004153680987656116,0.09534850269556046,0.09534850269556046,0.04852787666022777,0.0009398580368761729,0.006106250004086178,0.9315654039382935,1.0,0.003754807692307692,0.00022120192307692308,3,1.0,1.0,0.90625,0.2815625,2.8699924060702324,1.495484704375267,0.203125,0.9175446820259094
434,1392000,58.80846977233887,0.588084746003151,58.80846977233887,0.588084746003151,0.0,0.0,0.0,735.7024335861206,7.35702445089817,1.0112523478269577,0.2971875,0.14776241296677364,nan,nan,nan,nan,nan,nan,nan,nan,nan,nan,13920,-0.0006359618859772987,0.0058179466985166075,0.7556253373622894,-0.0005533180199563503,0.1275567702949047,0.1275567702949047,0.04900708235800266,0.0010343511196006599,0.006849999993573874,0.9411785006523132,1.0,0.003740384615384615,0.0002200961538461539,3,1.0,1.0,0.84375,0.2971875,2.149032157659531,1.5439993719756604,0.1853125,0.9278125429153442
435,1395200,104.89378440380096,1.0489378246665,104.89378440380096,1.0489378246665,0.0,0.0,0.0,781.7877482175827,7.817877529561519,0.8396132082492113,0.3284375,0.17853617191223536,nan,nan,nan,nan,nan,nan,nan,nan,nan,nan,13952,-0.0005753771443909983,0.005704922555014491,0.7741451442241669,-0.0006073508877307177,0.07826120369136333,0.07826120369136333,0.042286362126469614,0.0009124709904463513,0.005078124930150807,0.9406266808509827,1.0,0.0037259615384615382,0.00021899038461538464,3,1.0,1.0,0.9375,0.3284375,3.281579334139824,1.0279974086582662,0.230625,0.9357143270969391
436,1398400,62.0494222342968,0.6204942518472671,62.0494222342968,0.6204942518472671,0.0,0.0,0.0,738.9433860480785,7.389433956742287,0.7289030496776104,0.3009375,0.17406268099076813,nan,nan,nan,nan,nan,nan,nan,nan,nan,nan,13984,-0.0006801192025595703,0.006127383885905146,0.7552659749984741,-0.00041962588438764213,0.10252946317195892,0.10252946317195892,0.05361959971487522,0.000601470324913117,0.003753125015646219,0.9468240737915039,1.0,0.0037115384615384614,0.00021788461538461545,3,1.0,1.0,0.875,0.3009375,2.7727366131544113,1.2250907975435257,0.22,0.965535758137703
437,1401600,119.09579265117645,1.1909578403830527,119.09579265117645,1.1909578403830527,0.0,0.0,0.0,795.9897564649582,7.959897545278072,0.6415747518092394,0.3365625,0.2050241694014008,nan,nan,nan,nan,nan,nan,nan,nan,nan,nan,14016,-0.0007795450641424395,0.005521469190716744,0.792099517583847,-0.0009472938836552203,0.20465058386325835,0.20465058386325835,0.02965445052832365,0.0011491678538771886,0.01011250012088567,0.9471941590309143,1.0,0.0036971153846153846,0.0002167788461538462,3,1.0,1.0,0.84375,0.3365625,2.845638384222984,0.9879862800240516,0.2421875,0.9175000429153443
438,1404800,64.01356729865074,0.6401355347037315,64.01356729865074,0.6401355347037315,0.0,0.0,0.0,740.9075311124325,7.409075239598751,1.0432995238155127,0.3184375,0.15584474830463052,nan,nan,nan,nan,nan,nan,nan,nan,nan,nan,14048,-0.0004442792536461626,0.005167935695499182,0.7708150267601013,-0.000698985904455185,0.11025860980153084,0.11025860980153084,0.033162704482674596,0.000599391618747257,0.004268750076880679,0.9530206918716431,1.0,0.003682692307692308,0.00021567307692307695,3,1.0,1.0,0.84375,0.3184375,3.2638469988107683,1.3780856236815453,0.22375,0.9207589709758759
439,1408000,135.8664806187153,1.3586647725105285,135.8664806187153,1.3586647725105285,0.0,0.0,0.0,812.760444432497,8.127604477405548,0.6980827394872904,0.3421875,0.201514032292277,nan,nan,nan,nan,nan,nan,nan,nan,nan,nan,14080,-0.0007281690300558807,0.005863923113793135,0.7631037950515747,-0.0005954775610007345,0.15381371155381202,0.15381371155381202,0.05098038353025913,0.0010961574873401068,0.008899999875575304,0.9351845383644104,1.0,0.00366826923076923,0.00021456730769230765,3,1.0,1.0,0.84375,0.3421875,1.8144605387747288,1.0583602528274059,0.231875,0.9460714745521546
440,1411200,13.472887217998505,0.13472907841205597,13.472887217998505,0.13472907841205597,0.0,0.0,0.0,690.3668510317802,6.903668783307075,1.0526566214114428,0.2703125,0.13168909849818347,-76.32519891858101,-0.76325198918581,-76.32519891858101,-0.76325198918581,100.0,1.5671283756941556,0.16,0.062326450642241744,76.32519891858101,740.2612014710903,14112,-0.0009755103903589912,0.005943568609654904,0.7639492213726043,-0.0007950790226459503,0.12025338485836982,0.12025338485836982,0.04336554445326328,0.0015441080533529813,0.01028437507338822,0.9391841292381287,1.0,0.0036538461538461525,0.00021346153846153845,3,1.0,1.0,0.875,0.2703125,2.662058352231979,1.3081602399051189,0.189375,0.9375446879863739
441,1414400,50.96218457818031,0.5096219164133072,50.96218457818031,0.5096219164133072,0.0,0.0,0.0,727.856148391962,7.278561621308326,0.9570059135556221,0.298125,0.15233730155589875,nan,nan,nan,nan,nan,nan,nan,nan,nan,nan,14144,-0.0008064436214160863,0.004931713407859206,0.7677883088588715,-0.001134893367998302,0.14158281236886977,0.14158281236886977,0.03703158851712942,0.001210532637928047,0.009868749952875077,0.9487364292144775,1.0,0.0036394230769230757,0.0002123557692307692,3,1.0,1.0,0.96875,0.298125,3.0967884308099745,1.3294642044603824,0.2121875,0.8761607575416565
442,1417600,129.26437377929688,1.2926438058912755,129.26437377929688,1.2926438058912755,0.0,0.0,0.0,806.1583375930786,8.061583510786296,0.6586843378096819,0.32625,0.19669203631042786,nan,nan,nan,nan,nan,nan,nan,nan,nan,nan,14176,-0.0008796068888274,0.004932860052213073,0.7508470952510834,-0.0011349974665790796,0.10048394352197647,0.10048394352197647,0.030506050586700438,0.001596907302886611,0.013496874835982452,0.9432885050773621,1.0,0.003624999999999999,0.00021124999999999996,3,1.0,1.0,1.0,0.32625,2.4292077869176865,1.060105251967907,0.23875,0.9432143288850784
443,1420800,121.20543700456619,1.2120544415712358,121.20543700456619,1.2120544415712358,0.0,0.0,0.0,798.0994008183479,7.980994146466255,0.7066462506353856,0.3425,0.2006859944598871,nan,nan,nan,nan,nan,nan,nan,nan,nan,nan,14208,-0.0006313950271986002,0.005834190687164664,0.728350704908371,-0.00034406601916998626,0.08459544330835342,0.08459544330835342,0.02942037843167782,0.0012127485184501427,0.0073968749944469895,0.9414393305778503,1.0,0.003610576923076922,0.00021014423076923076,3,1.0,1.0,0.90625,0.3425,1.617660637795925,1.2007960410416125,0.238125,0.9344196844100953
444,1424000,194.38440671563148,1.9438441276550293,194.38440671563148,1.9438441276550293,0.0,0.0,0.0,871.2783705294132,8.712783832550048,0.8779624508321285,0.3803125,0.20251336752312743,nan,nan,nan,nan,nan,nan,nan,nan,nan,nan,14240,-0.0008174354182090227,0.004620023164898157,0.7564152836799621,-0.0012276095221750438,0.15119524039328097,0.15119524039328097,0.047785830497741696,0.0014406269299834823,0.009746875171549619,0.9483937621116638,1.0,0.0035961538461538453,0.00020903846153846157,3,1.0,1.0,0.9375,0.3803125,2.0574873635172843,1.0345690849423408,0.273125,0.9548214727640152
445,1427200,109.31209182739258,1.0931208051741124,109.31209182739258,1.0931208051741124,0.0,0.0,0.0,786.2060556411743,7.862060510069131,0.908711907044053,0.3309375,0.17338263505282464,nan,nan,nan,nan,nan,nan,nan,nan,nan,nan,14272,-0.0007772286646009708,0.004813655931502581,0.7293329179286957,-0.0009826749446801841,0.11325879320502281,0.11325879320502281,0.027808813005685808,0.001199719256695916,0.00934687493063393,0.9518207907676697,1.0,0.0035817307692307685,0.00020793269230769227,3,1.0,1.0,0.96875,0.3309375,2.70485180824995,1.271100022494793,0.246875,0.9137500429153442
446,1430400,113.6140968799591,1.1361409324407576,113.6140968799591,1.1361409324407576,0.0,0.0,0.0,790.5080606937408,7.905080637335777,0.8550123424082995,0.34,0.183287190185802,nan,nan,nan,nan,nan,nan,nan,nan,nan,nan,14304,-0.0008828148559434368,0.00618730066344142,0.71696338057518,-0.0003467935137450695,0.18096176534891129,0.18096176534891129,0.052979039028286934,0.001128763642922676,0.008424999855924398,0.9312116503715515,1.0,0.0035673076923076917,0.00020682692307692307,3,1.0,1.0,0.9375,0.34,2.5759077110886572,1.4253717023134231,0.234375,0.9358482605218887
447,1433600,229.25807428359985,2.2925808516144754,229.25807428359985,2.2925808516144754,0.0,0.0,0.0,906.1520380973816,9.061520556509494,0.7797371987998486,0.419375,0.2356387225500496,nan,nan,nan,nan,nan,nan,nan,nan,nan,nan,14336,-0.000770653781288999,0.004992206348106265,0.7380099773406983,-0.0008966148481704295,0.1242068126797676,0.1242068126797676,0.03106021136045456,0.0009698056084783604,0.009446875128196553,0.9384063482284546,1.0,0.003552884615384615,0.00020572115384615388,3,1.0,1.0,0.96875,0.419375,1.8638855570554733,1.1831238304823637,0.2959375,0.9444196891784667
448,1436800,133.19865345954895,1.3319866919517518,133.19865345954895,1.3319866919517518,0.0,0.0,0.0,810.0926172733307,8.100926396846772,0.7787397562712431,0.3440625,0.19343048851691222,nan,nan,nan,nan,nan,nan,nan,nan,nan,nan,14368,-0.0008550901870243433,0.005954021774232388,0.747267210483551,-0.0005222556414082646,0.11467500105500221,0.11467500105500221,0.03669777847826481,0.0011213241883564463,0.009028124905307777,0.9280173778533936,1.0,0.003538461538461538,0.00020461538461538458,3,1.0,1.0,0.96875,0.3440625,2.156907737404108,0.9224717108160257,0.236875,0.9668303948640823
449,1440000,109.8151296377182,1.098151271045208,109.8151296377182,1.098151271045208,0.0,0.0,0.0,786.7090934514999,7.867090975940227,0.7891786351799965,0.3284375,0.18356886983895726,nan,nan,nan,nan,nan,nan,nan,nan,nan,nan,14400,-0.0012270118696382283,0.005574941029772162,0.7402405083179474,-0.0010481773526407779,0.15283577367663384,0.15283577367663384,0.03661114349961281,0.0017163254764494748,0.014731249876058427,0.9444454908370972,1.0,0.0035240384615384613,0.00020350961538461538,3,1.0,1.0,0.90625,0.3284375,2.3884670794010163,0.9551189012080431,0.2234375,0.9620089703798294
450,1443200,167.7922167479992,1.6779221373796462,167.7922167479992,1.6779221373796462,0.0,0.0,0.0,844.6861805617809,8.446861842274666,0.6633847340941429,0.35625,0.21417173832246872,nan,nan,nan,nan,nan,nan,nan,nan,nan,nan,14432,-0.0006614562083850472,0.004648373369127512,0.755647748708725,-0.0009893024805933237,0.10739706754684449,0.10739706754684449,0.03591961190104485,0.0011527089598571368,0.00867187506519258,0.9490264058113098,1.0,0.0035096153846153845,0.0002024038461538462,3,1.0,1.0,0.90625,0.35625,1.784583691060543,0.9451127362251281,0.2403125,0.950580398440361
451,1446400,7.1616190969944,0.07161615997552871,7.1616190969944,0.07161615997552871,0.0,0.0,0.0,684.0555829107761,6.840555864870548,0.8191846711933612,0.265625,0.14601321361495065,nan,nan,nan,nan,nan,nan,nan,nan,nan,nan,14464,-0.0006247584495227887,0.005795287340879441,0.7403666615486145,-0.000314838660415262,0.1666479967534542,0.1666479967534542,0.04921598918735981,0.0007539353275245171,0.006215625035110861,0.9448033571243286,1.0,0.0034951923076923077,0.000201298076923077,3,1.0,1.0,0.84375,0.265625,3.621412533521652,1.0501973368227482,0.17875,0.9283036112785339
452,1449600,148.74366128444672,1.4874366256594658,148.74366128444672,1.4874366256594658,0.0,0.0,0.0,825.6376250982285,8.256376330554485,0.8714068266004324,0.3534375,0.18886192728175993,nan,nan,nan,nan,nan,nan,nan,nan,nan,nan,14496,-0.0008080209435080033,0.0043256609234958885,0.7248118102550507,-0.0011680931434966623,0.1267435610294342,0.1267435610294342,0.028702337108552457,0.0009959177819874807,0.009012499905657024,0.9500283002853394,1.0,0.00348076923076923,0.0002001923076923077,3,1.0,1.0,0.9375,0.3534375,2.0018223583698274,1.6031399023532868,0.2525,0.9389286172389985
453,1452800,90.00943925976753,0.9000943684577942,90.00943925976753,0.9000943684577942,0.0,0.0,0.0,766.9034030735493,7.6690340733528135,0.929607929289341,0.319375,0.16551289780283152,nan,nan,nan,nan,nan,nan,nan,nan,nan,nan,14528,-0.0005432870386517408,0.005379833467304707,0.7299785256385803,-0.000383728533051908,0.1358528181910515,0.1358528181910515,0.03703789152204991,0.000996150627910904,0.007765625019965227,0.9524755477905273,1.0,0.003466346153846153,0.0001990865384615385,3,1.0,1.0,0.84375,0.319375,2.62709365516901,1.0391472999751568,0.209375,0.9450000435113907
454,1456000,61.99376830458641,0.6199376358091832,61.99376830458641,0.6199376358091832,0.0,0.0,0.0,738.8877321183681,7.3888773407042025,0.9408853513002395,0.300625,0.1548906532776936,nan,nan,nan,nan,nan,nan,nan,nan,nan,nan,14560,-0.0004363343086966509,0.00596971376799047,0.7378418385982514,1.5492434613406658e-06,0.13261224180459977,0.13261224180459977,0.04740913547575474,0.000656740440176212,0.005171875006635673,0.9426719546318054,1.0,0.0034519230769230764,0.0001979807692307693,3,1.0,1.0,0.90625,0.300625,2.3669577610492705,1.3248240840435028,0.2075,0.9249107563495635
455,1459200,127.00727680325508,1.2700729310512542,127.00727680325508,1.2700729310512542,0.0,0.0,0.0,803.9012406170368,8.039012635946273,0.8784344504773617,0.3403125,0.18116815304016454,nan,nan,nan,nan,nan,nan,nan,nan,nan,nan,14592,-0.0006817329526587867,0.005237123044207692,0.766187596321106,-0.0006969412439502776,0.10788461118936539,0.10788461118936539,0.03524436764419079,0.0009999737742001716,0.008481250028125942,0.9426659345626831,1.0,0.0034374999999999996,0.000196875,3,1.0,1.0,0.875,0.3403125,2.240234403759241,1.2926820021867753,0.2278125,0.9460268294811249
456,1462400,30.905435293912888,0.3090543386340141,30.905435293912888,0.3090543386340141,0.0,0.0,0.0,707.7993991076946,7.077994043529033,1.2018720422685147,0.295625,0.13426075372455681,nan,nan,nan,nan,nan,nan,nan,nan,nan,nan,14624,-0.0006680929372349098,0.004793050931766629,0.7424944281578064,-0.0008131829090416431,0.10742165334522724,0.10742165334522724,0.03743889927864075,0.0007816019628119885,0.00562499998450221,0.9558106660842896,1.0,0.0034230769230769228,0.0001957692307692308,3,1.0,1.0,0.875,0.295625,2.5491415315866472,1.7947065860033036,0.2140625,0.9661607563495636
457,1465600,143.9410042464733,1.4394099527597428,143.9410042464733,1.4394099527597428,0.0,0.0,0.0,820.834968060255,8.208349657654763,0.7812528733164072,0.348125,0.19543828123170803,nan,nan,nan,nan,nan,nan,nan,nan,nan,nan,14656,-0.0007076024269510484,0.005359985306859017,0.7484927356243134,-0.000578962464351207,0.101352259516716,0.101352259516716,0.033284995891153815,0.0012787213476296458,0.01012187502346933,0.9386435747146606,1.0,0.003408653846153846,0.0001946634615384616,3,1.0,1.0,0.96875,0.348125,1.7226062525808812,1.122101138085127,0.244375,0.9596428966522217
458,1468800,55.58344376087189,0.5558343900740147,55.58344376087189,0.5558343900740147,0.0,0.0,0.0,732.4774075746536,7.324774094969034,0.7523248712718487,0.2928125,0.16709943732492638,nan,nan,nan,nan,nan,nan,nan,nan,nan,nan,14688,-0.0006303345446766251,0.006185147445648909,0.745344078540802,-6.763060810044408e-05,0.0929503183811903,0.0929503183811903,0.05033511444926262,0.0012176981203120985,0.006774999949266202,0.9309436678886414,1.0,0.003394230769230769,0.0001935576923076923,3,1.0,1.0,0.84375,0.2928125,2.3314631286263467,1.2768034973740578,0.1903125,0.9214286106824875
459,1472000,65.74298143386841,0.6574298202991485,65.74298143386841,0.6574298202991485,0.0,0.0,0.0,742.6369452476501,7.4263695251941675,1.1408560174703597,0.32,0.149472919892162,nan,nan,nan,nan,nan,nan,nan,nan,nan,nan,14720,-0.0009193822502391313,0.00500093586742878,0.7380500495433807,-0.000913381646387279,0.120947977155447,0.120947977155447,0.036707983911037446,0.0017297833619563034,0.009778125071898102,0.9496787786483765,1.0,0.0033798076923076915,0.000192451923076923,3,1.0,1.0,0.8125,0.32,2.8987348812818525,1.3956266337633132,0.2221875,0.9338839709758758
460,1475200,132.91017243266106,1.329101718366146,132.91017243266106,1.329101718366146,0.0,0.0,0.0,809.8041362464428,8.098041423261165,0.9351817266643048,0.34875,0.18021563308224517,-120.26785396039486,-1.2026785396039485,-120.26785396039486,-1.2026785396039485,100.0,1.5546128766331822,0.115,0.04501660547157451,120.26785396039486,696.3185464292765,14752,-0.001056681556371042,0.005263121845200658,0.754729175567627,-0.0009650746244005859,0.1415976546704769,0.1415976546704769,0.03592731673270464,0.0018610997154647948,0.014696875330992043,0.9406426548957825,1.0,0.0033653846153846147,0.00019134615384615381,3,1.0,1.0,0.96875,0.34875,2.361102426946163,1.164404166340828,0.23375,0.9457143288850784
461,1478400,155.23365160822868,1.5523365810513496,155.23365160822868,1.5523365810513496,0.0,0.0,0.0,832.1276154220104,8.321276285946368,0.9038517718017102,0.366875,0.19270145156983934,nan,nan,nan,nan,nan,nan,nan,nan,nan,nan,14784,-0.0008244126554869169,0.00507591562345624,0.7635228335857391,-0.000844990462064743,0.10600890517234803,0.10600890517234803,0.026828907802700995,0.0014544427085673877,0.012081249825132544,0.9497824907302856,1.0,0.003350961538461538,0.00019024038461538462,3,1.0,1.0,0.9375,0.366875,2.4145355266332627,1.1212403336167336,0.2609375,0.956830403804779
462,1481600,45.15896409749985,0.45158971756696703,45.15896409749985,0.45158971756696703,0.0,0.0,0.0,722.0529279112816,7.220529422461986,1.1826840069144964,0.296875,0.13601373311919338,nan,nan,nan,nan,nan,nan,nan,nan,nan,nan,14816,-0.000718044527200945,0.005258793942630291,0.7598116219043731,-0.0006237883470021188,0.15129716247320174,0.15129716247320174,0.027604051493108274,0.0013211583471314356,0.011403124959906563,0.9452535510063171,1.0,0.0033365384615384602,0.00018913461538461543,3,1.0,1.0,0.96875,0.296875,2.6185398684442043,1.6125219621509315,0.203125,0.962455398440361
463,1484800,50.566547870635986,0.5056656047701835,50.566547870635986,0.5056656047701835,0.0,0.0,0.0,727.4605116844177,7.274605309665203,0.9951785966008901,0.2990625,0.1498925963367397,nan,nan,nan,nan,nan,nan,nan,nan,nan,nan,14848,-0.0007574826008640123,0.005435424437746405,0.7712741613388061,-0.000602032127790153,0.09101626463234425,0.09101626463234425,0.027862305752933025,0.0012337595100727055,0.008628124935785308,0.951960027217865,1.0,0.0033221153846153834,0.00018802884615384612,3,1.0,1.0,0.9375,0.2990625,2.818037230372429,1.1769654290378093,0.2296875,0.9446429026126861
464,1488000,86.68487027287483,0.8668487337231636,86.68487027287483,0.8668487337231636,0.0,0.0,0.0,763.5788340866566,7.635788438618183,0.6320404526591301,0.3040625,0.18630818832007645,nan,nan,nan,nan,nan,nan,nan,nan,nan,nan,14880,-0.0006733488189697212,0.004752512276172638,0.7647804856300354,-0.0008267511730082333,0.09166761077940463,0.09166761077940463,0.03558780923485756,0.0009385439621876779,0.00524687508441275,0.9455482959747314,1.0,0.0033076923076923066,0.00018692307692307693,3,1.0,1.0,0.9375,0.3040625,2.468637596517801,0.7603382523357868,0.225625,0.9344643318653106
465,1491200,66.80124923586845,0.6680125162005425,66.80124923586845,0.6680125162005425,0.0,0.0,0.0,743.6952130496502,7.436952221095562,1.077891931682825,0.3078125,0.14813691477723362,nan,nan,nan,nan,nan,nan,nan,nan,nan,nan,14912,-0.0007770691658485873,0.00489517766982317,0.7755998253822327,-0.000883739406708628,0.14726333022117616,0.14726333022117616,0.03361917659640312,0.00085068810731568,0.006634375092107803,0.9458712935447693,1.0,0.00329326923076923,0.00018581730769230774,3,1.0,1.0,0.84375,0.3078125,2.9268349215388296,1.248807483613491,0.220625,0.9553571856021881
466,1494400,132.6679521948099,1.3266794867813587,132.6679521948099,1.3266794867813587,0.0,0.0,0.0,809.5619160085917,8.095619191676377,0.737769033536315,0.3340625,0.19223642126951213,nan,nan,nan,nan,nan,nan,nan,nan,nan,nan,14944,-0.0007471828740672315,0.005168488388881088,0.7740481078624726,-0.0007009233231656253,0.10179644748568535,0.10179644748568535,0.028161060996353626,0.0014517107512839796,0.011556250041758176,0.9329642057418823,1.0,0.003278846153846153,0.00018471153846153843,3,1.0,1.0,0.96875,0.3340625,2.610270340740681,0.8747243362665177,0.235,0.9230804026126862
467,1497600,84.7190111875534,0.8471903043985367,84.7190111875534,0.8471903043985367,0.0,0.0,0.0,761.6129750013351,7.616130009293556,1.0702502066642046,0.3259375,0.1574386994145907,nan,nan,nan,nan,nan,nan,nan,nan,nan,nan,14976,-0.0009527339474763696,0.004795933375135064,0.760288006067276,-0.00103666897630319,0.1523759074509144,0.1523759074509144,0.03091675527393818,0.0013630148627310624,0.011018749928916804,0.9477484822273254,1.0,0.0032644230769230762,0.00018360576923076924,3,1.0,1.0,0.8125,0.3259375,2.2717902988195418,1.5847952967882157,0.2284375,0.9443303990364075
468,1500800,199.96638390421867,1.9996637457609177,199.96638390421867,1.9996637457609177,0.0,0.0,0.0,876.8603477180004,8.768603450655936,0.7291548882424831,0.3896875,0.225362980869851,nan,nan,nan,nan,nan,nan,nan,nan,nan,nan,15008,-0.0009720649579423313,0.0051019040402024984,0.7774867296218873,-0.0009479448199272156,0.20049182921648026,0.20049182921648026,0.03687729313969612,0.001193218260236216,0.007993750041350722,0.9356671571731567,1.0,0.0032499999999999994,0.00018250000000000004,3,1.0,1.0,0.96875,0.3896875,1.9155175741016865,0.861184406504035,0.2778125,0.9600446861982346
469,1504000,47.43227308988571,0.47432283163070676,47.43227308988571,0.47432283163070676,0.0,0.0,0.0,724.3262369036674,7.243262536525726,0.9614249508827925,0.294375,0.15008221439597194,nan,nan,nan,nan,nan,nan,nan,nan,nan,nan,15040,-0.0004887451137182807,0.006122491275891662,0.7631619155406952,0.00010323144961148501,0.0810734361410141,0.0810734361410141,0.03417438678443432,0.0008432423237575704,0.004562500013707904,0.9397291541099548,1.0,0.0032355769230769226,0.00018139423076923074,3,1.0,1.0,0.84375,0.294375,2.8540944415330887,1.3194767304509878,0.213125,0.9406250447034836
470,1507200,93.57325947284698,0.9357326564192772,93.57325947284698,0.9357326564192772,0.0,0.0,0.0,770.4672232866287,7.704672361314296,0.5758899277448655,0.3040625,0.1929465343021263,nan,nan,nan,nan,nan,nan,nan,nan,nan,nan,15072,-0.0004902375325964492,0.0048893501982092856,0.7745045304298401,-0.000540360645391047,0.08880770467221737,0.08880770467221737,0.0312151450663805,0.00045906776104354596,0.0021781250252388418,0.9455328583717346,1.0,0.003221153846153846,0.00018028846153846155,3,1.0,1.0,0.9375,0.3040625,2.5006282559037207,0.8361834797263146,0.204375,0.9378125423192978
471,1510400,63.918895810842514,0.6391888618469238,63.918895810842514,0.6391888618469238,0.0,0.0,0.0,740.8128596246243,7.408128566741943,0.8380189011245966,0.298125,0.16219909371856375,nan,nan,nan,nan,nan,nan,nan,nan,nan,nan,15104,-0.0007865249276219454,0.004379050200805068,0.754751193523407,-0.0010172837530262769,0.10916527584195138,0.10916527584195138,0.028905981592833994,0.0014233324312993298,0.010106250015087425,0.9479719996452332,1.0,0.003206730769230769,0.00017918269230769235,3,1.0,1.0,0.9375,0.298125,3.0562730020284654,1.1883341596275567,0.2159375,0.9206696897745132
472,1513600,57.75103724002838,0.5775103257596492,57.75103724002838,0.5775103257596492,0.0,0.0,0.0,734.6450010538101,7.346450030654669,0.7503762266784907,0.2875,0.1642504026380427,nan,nan,nan,nan,nan,nan,nan,nan,nan,nan,15136,-0.0007709228394407574,0.004312097281217575,0.7551731646060944,-0.0010256192646920681,0.13404695615172385,0.13404695615172385,0.03524107001721859,0.00111899178882998,0.008881250009289942,0.9533161520957947,1.0,0.003192307692307692,0.00017807692307692316,3,1.0,1.0,0.875,0.2875,2.4812862092256545,1.0642103669047356,0.2121875,0.9324553978443145
473,1516800,137.79264670610428,1.3779263231158256,137.79264670610428,1.3779263231158256,0.0,0.0,0.0,814.686610519886,8.146866028010844,1.011627153158188,0.3596875,0.17880425775487396,nan,nan,nan,nan,nan,nan,nan,nan,nan,nan,15168,-0.0006179648604243582,0.0051617961376905445,0.7353870391845703,-0.00037404183531180023,0.10416069403290748,0.10416069403290748,0.033507938124239446,0.0009894738992482297,0.00650937499885913,0.9429009556770325,1.0,0.0031778846153846154,0.00017697115384615386,3,1.0,1.0,0.9375,0.3596875,2.437380916029215,1.2916623578965665,0.255625,0.9299553966522217
474,1520000,228.51482352614403,2.285148184299469,228.51482352614403,2.285148184299469,0.0,0.0,0.0,905.4087873399258,9.054087889194488,0.6958471520245075,0.4034375,0.23789732436580446,nan,nan,nan,nan,nan,nan,nan,nan,nan,nan,15200,-0.0007072366049222234,0.0048556623980402945,0.7470225751399994,-0.0006425825413316488,0.13213222101330757,0.13213222101330757,0.036248863115906714,0.0012125162458726051,0.011450000041804742,0.9305843114852905,1.0,0.0031634615384615386,0.00017586538461538466,3,1.0,1.0,1.0,0.4034375,1.7932133081555366,1.018398261964321,0.28625,0.9377232557535171
475,1523200,137.1732686161995,1.3717328245937823,137.1732686161995,1.3717328245937823,0.0,0.0,0.0,814.0672324299812,8.140672529488802,0.6886852242797613,0.344375,0.20393084220114427,nan,nan,nan,nan,nan,nan,nan,nan,nan,nan,15232,-0.0009259929190040594,0.0035179492086172106,0.758022940158844,-0.0015540616237558424,0.15951711907982827,0.15951711907982827,0.026905224844813346,0.001222707993660446,0.010284374915863736,0.9541295766830444,1.0,0.003149038461538461,0.00017475961538461547,3,1.0,1.0,0.9375,0.344375,2.5869112403690817,0.8455874507129192,0.2359375,0.9679464733600617
476,1526400,102.74363708496094,1.0274363657832146,102.74363708496094,1.0274363657832146,0.0,0.0,0.0,779.6376008987427,7.7963760706782335,0.8491670342534781,0.343125,0.1855565201217866,nan,nan,nan,nan,nan,nan,nan,nan,nan,nan,15264,-0.0007065686459885922,0.004168103216215968,0.7295534014701843,-0.000909386423882097,0.10573549717664718,0.10573549717664718,0.039917445927858355,0.0009003473296656381,0.0048875000211410224,0.9559775590896606,1.0,0.003134615384615384,0.00017365384615384617,3,1.0,1.0,0.9375,0.343125,2.3665187315642835,1.3184275879710912,0.24125,0.9518750464916229
477,1529600,212.44090229272842,2.1244089981913565,212.44090229272842,2.1244089981913565,0.0,0.0,0.0,889.3348661065102,8.893348703086376,0.7115724877268076,0.39625,0.23151225136031012,nan,nan,nan,nan,nan,nan,nan,nan,nan,nan,15296,-0.0005658413391035566,0.0035785735351964833,0.7698628604412079,-0.0011786748189479112,0.11631188169121742,0.11631188169121742,0.03715504240244627,0.001251318672079409,0.01002187475678511,0.9580989480018616,1.0,0.0031201923076923073,0.00017254807692307697,3,1.0,1.0,0.96875,0.39625,2.377836035788059,0.8454818575829267,0.27,0.9510714709758759
478,1532800,36.560594111680984,0.36560571551322935,36.560594111680984,0.36560571551322935,0.0,0.0,0.0,713.4545579254627,7.134545420408249,0.7906094646453857,0.2775,0.15497516654473648,nan,nan,nan,nan,nan,nan,nan,nan,nan,nan,15328,-0.0008076167221179986,0.005429887445643544,0.7654623627662659,-0.00047002240316942336,0.10401193797588348,0.10401193797588348,0.03608752693980932,0.0009434306692168501,0.003918750054072007,0.9398254752159119,1.0,0.0031057692307692297,0.00017144230769230767,3,1.0,1.0,0.9375,0.2775,2.751563040167093,1.2261282312870025,0.180625,0.9402232587337493
479,1536000,104.46289825439453,1.0446289445459842,104.46289825439453,1.0446289445459842,0.0,0.0,0.0,781.3568620681763,7.813568649441003,0.8775631976872682,0.331875,0.17675836446346768,nan,nan,nan,nan,nan,nan,nan,nan,nan,nan,15360,-0.0008021277653984527,0.005238786339759827,0.7600141823291778,-0.0005322016077116132,0.0963265497237444,0.0963265497237444,0.03141178749501705,0.0015148556769458432,0.0093312499098829,0.9454947113990784,1.0,0.003091346153846153,0.00017033653846153848,3,1.0,1.0,0.9375,0.331875,2.0579237562417982,1.2249078212678433,0.2375,0.9345089715719223
480,1539200,118.20503821969032,1.1820503944158554,118.20503821969032,1.1820503944158554,0.0,0.0,0.0,795.0990020334721,7.950990099310875,0.7355755925923586,0.3296875,0.18995859437476834,59.79882204532623,0.5979882204532623,59.79882204532623,0.5979882204532623,100.0,1.507937976596877,0.29,0.11563284367722393,0.0,876.3852224349976,15392,-0.0004297315990173911,0.004749545268714428,0.7644040286540985,-0.0004069714108482003,0.09437707290053368,0.09437707290053368,0.02903567682951689,0.0009061399119713664,0.004956249990209471,0.9437869787216187,1.0,0.003076923076923076,0.00016923076923076917,3,1.0,1.0,0.9375,0.3296875,2.6197810143232347,1.094086671769619,0.2403125,0.9335268276929856
481,1542400,95.64595937728882,0.956459469795227,95.64595937728882,0.956459469795227,0.0,0.0,0.0,772.5399231910706,7.725399174690247,0.8748368845880031,0.3275,0.17468186309550252,nan,nan,nan,nan,nan,nan,nan,nan,nan,nan,15424,-0.0005159517733292595,0.004425341170281172,0.7638158679008484,-0.0006424671737477183,0.0754834596067667,0.0754834596067667,0.033439202979207036,0.0005344293477759158,0.0031812499684747307,0.9530332088470459,1.0,0.0030624999999999993,0.00016812499999999998,3,1.0,1.0,0.90625,0.3275,2.7118450608849525,1.2525490008294582,0.2434375,0.9534375447034836
482,1545600,194.49586907029152,1.9449587273597717,194.49586907029152,1.9449587273597717,0.0,0.0,0.0,871.3898328840733,8.71389843225479,0.6705602869391442,0.385,0.23046160202060698,nan,nan,nan,nan,nan,nan,nan,nan,nan,nan,15456,-0.0005191057139862121,0.004342791857197881,0.7771789610385895,-0.0007166110794059932,0.09582616537809371,0.09582616537809371,0.03292638510465622,0.0008625356444141545,0.005106250045355409,0.9484468698501587,1.0,0.0030480769230769224,0.00016701923076923079,3,1.0,1.0,1.0,0.385,2.451264068186283,1.0246909455209972,0.2565625,0.9310714673995971
483,1548800,62.79492783546448,0.6279491347074508,62.79492783546448,0.6279491347074508,0.0,0.0,0.0,739.6888916492462,7.39688883960247,1.0186709704995156,0.3053125,0.15124431096586835,nan,nan,nan,nan,nan,nan,nan,nan,nan,nan,15488,-0.0006306783328356325,0.005288838827982545,0.746999454498291,-0.0002523966832086444,0.12896999716758728,0.12896999716758728,0.03398665897548199,0.0009867736174823366,0.0065875000087544325,0.9448673129081726,1.0,0.0030336538461538456,0.0001659134615384616,3,1.0,1.0,0.90625,0.3053125,2.7167768490314486,1.417150331288576,0.2184375,0.9405357545614242
484,1552000,67.27488502860069,0.672748787254095,67.27488502860069,0.672748787254095,0.0,0.0,0.0,744.1688488423824,7.441688492149114,0.7470925618708134,0.318125,0.1820882344432552,nan,nan,nan,nan,nan,nan,nan,nan,nan,nan,15520,-0.0007893659302033506,0.00410601906478405,0.7598334610462188,-0.0010304688476026058,0.14053536131978034,0.14053536131978034,0.029183117672801018,0.0012624860381079833,0.011812499962979927,0.9594784379005432,1.0,0.003019230769230769,0.0001648076923076923,3,1.0,1.0,0.875,0.318125,2.4753958601504564,1.1414203277230264,0.2146875,0.9456696808338165
485,1555200,111.37824964523315,1.1137825526297092,111.37824964523315,1.1137825526297092,0.0,0.0,0.0,788.2722134590149,7.882722257524728,0.7643234267830848,0.3390625,0.19217706620730943,nan,nan,nan,nan,nan,nan,nan,nan,nan,nan,15552,-0.0005647221782710376,0.0039060601266101003,0.7404436409473419,-0.00083658283110708,0.10229770839214325,0.10229770839214325,0.036396993696689604,0.0006542561659486066,0.0041531250284606355,0.9534929990768433,1.0,0.003004807692307691,0.0001637019230769231,3,1.0,1.0,0.9375,0.3390625,2.451280427873135,0.9942409875243903,0.243125,0.9192857521772385
486,1558400,183.0872929096222,1.8308730417490005,183.0872929096222,1.8308730417490005,0.0,0.0,0.0,859.9812567234039,8.59981274664402,0.8506037489324808,0.390625,0.2110797626046806,nan,nan,nan,nan,nan,nan,nan,nan,nan,nan,15584,-0.0005851450934656998,0.004847904993221163,0.7480458080768585,-0.00039813724579289554,0.17962901145219803,0.17962901145219803,0.03589116595685482,0.0007186451548520168,0.004493749921675771,0.9430122971534729,1.0,0.0029903846153846144,0.0001625961538461539,3,1.0,1.0,0.9375,0.390625,2.5140593951940535,1.0468406991660595,0.2725,0.9405357605218887
487,1561600,155.0160041153431,1.5501599526405334,155.0160041153431,1.5501599526405334,0.0,0.0,0.0,831.9099679291248,8.319099657535553,0.7485947659611702,0.370625,0.21195591295063396,nan,nan,nan,nan,nan,nan,nan,nan,nan,nan,15616,-0.0009013130284147408,0.005221964884549379,0.7268810451030732,-0.00045350051950663326,0.1451013520359993,0.1451013520359993,0.033806171454489234,0.0018021450319835042,0.017059375275857748,0.9349503517150879,1.0,0.0029759615384615376,0.0001614903846153846,3,1.0,1.0,0.90625,0.370625,2.687828629612923,0.9707983364164829,0.27125,0.938392903804779
488,1564800,97.05637180805206,0.9705636489391327,97.05637180805206,0.9705636489391327,0.0,0.0,0.0,773.9503356218338,7.739503353834152,0.8667506728321314,0.3221875,0.17259267918794688,nan,nan,nan,nan,nan,nan,nan,nan,nan,nan,15648,-0.0008518725636764479,0.004426379781216383,0.7653646528720855,-0.0009053395595401525,0.10422635599970817,0.10422635599970817,0.03196248766034841,0.0011448031669758598,0.006903125089593232,0.9509480595588684,1.0,0.0029615384615384608,0.0001603846153846154,3,1.0,1.0,0.9375,0.3221875,3.1024588948488234,1.1368035902827978,0.215625,0.9477232593297958
489,1568000,36.3060405254364,0.36306056916713714,36.3060405254364,0.36306056916713714,0.0,0.0,0.0,713.2000043392181,7.132000274062157,1.0821284851431847,0.3040625,0.14603445568782472,nan,nan,nan,nan,nan,nan,nan,nan,nan,nan,15680,-0.0006956912727909881,0.0045318434946239,0.7387550711631775,-0.0006069659139029682,0.1586547687649727,0.1586547687649727,0.027999632619321348,0.0013681579992450299,0.01006874986924231,0.9578139781951904,1.0,0.002947115384615384,0.0001592788461538462,3,1.0,1.0,0.90625,0.3040625,2.778432275950909,1.3537451577186586,0.2059375,0.9330357563495636
490,1571200,20.130868136882782,0.2013087597489357,20.130868136882782,0.2013087597489357,0.0,0.0,0.0,697.0248319506645,6.970248464643955,1.0702999871969223,0.2925,0.14128387277634566,nan,nan,nan,nan,nan,nan,nan,nan,nan,nan,15712,-0.0005656667669812987,0.005626284563913941,0.7502667069435119,4.7174072824418546e-05,0.0953935593366623,0.0953935593366623,0.03767615929245949,0.0005860563418579694,0.003131249993748497,0.9479365944862366,1.0,0.002932692307692307,0.0001581730769230769,3,1.0,1.0,0.875,0.2925,3.660205811560154,1.3359211514890195,0.208125,0.9115625423192978
491,1574400,-20.929585456848145,-0.20929598137736322,-20.929585456848145,-0.20929598137736322,0.0,20.929585456848145,0.20929598137736322,655.9643783569336,6.559643723517656,1.1130888897925615,0.2665625,0.1261482663070402,nan,nan,nan,nan,nan,nan,nan,nan,nan,nan,15744,-0.0007503008884727436,0.004600082570686936,0.7486920893192291,-0.0006351446849294007,0.1079101286828518,0.1079101286828518,0.03178427051752806,0.0015225081740979326,0.0072812500409781935,0.9586189985275269,1.0,0.0029182692307692304,0.00015706730769230771,3,1.0,1.0,0.84375,0.2665625,2.841703999042511,1.423607789054513,0.17,0.9489732551574707
492,1577600,81.88267654180527,0.8188267585635185,81.88267654180527,0.8188267585635185,0.0,0.0,0.0,758.776640355587,7.587766463458538,0.8719569500535727,0.320625,0.17127797730114688,nan,nan,nan,nan,nan,nan,nan,nan,nan,nan,15776,-0.0005324173721091618,0.005442476272583008,0.7661967694759368,-3.6096747498959304e-05,0.12977105304598807,0.12977105304598807,0.0385347206145525,0.0006405145315556539,0.0037406250019557776,0.9418882131576538,1.0,0.0029038461538461536,0.00015596153846153852,3,1.0,1.0,0.84375,0.320625,2.582224845290184,1.3302036805450916,0.236875,0.9589286166429519
493,1580800,63.287751227617264,0.6328774985671043,63.287751227617264,0.6328774985671043,0.0,0.0,0.0,740.181715041399,7.401817203462124,0.8878461879491806,0.3053125,0.16172530471440016,nan,nan,nan,nan,nan,nan,nan,nan,nan,nan,15808,-0.0008257898882729986,0.004880005493760109,0.737430602312088,-0.0005165362032130361,0.1876318134367466,0.1876318134367466,0.03462020680308342,0.0012504090191258227,0.00941249991301447,0.9430902004241943,1.0,0.0028894230769230768,0.00015485576923076922,3,1.0,1.0,0.875,0.3053125,3.124244318306446,1.1864037683606148,0.2225,0.9158929002285003
494,1584000,140.77216365933418,1.4077216091752052,140.77216365933418,1.4077216091752052,0.0,0.0,0.0,817.6661274731159,8.176661314070225,0.8590665116906167,0.3528125,0.18977938539657507,nan,nan,nan,nan,nan,nan,nan,nan,nan,nan,15840,-0.0004714385781495412,0.0044516126159578565,0.752770334482193,-0.0004098469973541796,0.11754197180271149,0.11754197180271149,0.029212004505097866,0.0009535446355628197,0.006871874898206442,0.9511388540267944,1.0,0.002875,0.00015375000000000002,3,1.0,1.0,0.9375,0.3528125,2.4098468409478664,1.098383456096053,0.255,0.9427678996324539
495,1587200,127.37664473056793,1.2737662574648858,127.37664473056793,1.2737662574648858,0.0,0.0,0.0,804.2706085443497,8.042705962359905,0.805027587339282,0.3409375,0.1888821547057694,nan,nan,nan,nan,nan,nan,nan,nan,nan,nan,15872,-0.0008584912537946465,0.004256756603717804,0.7548031389713288,-0.00088928536279127,0.14527726024389268,0.14527726024389268,0.026967847906053066,0.0007547787288828524,0.00613437503343448,0.9524420499801636,1.0,0.002860576923076923,0.00015264423076923083,3,1.0,1.0,0.9375,0.3409375,2.595035151541233,1.1343046008795499,0.250625,0.9212500405311584
496,1590400,57.82773306965828,0.5782773342728614,57.82773306965828,0.5782773342728614,0.0,0.0,0.0,734.72169688344,7.347217039167881,0.8845279251784086,0.3028125,0.16068347725403576,nan,nan,nan,nan,nan,nan,nan,nan,nan,nan,15904,-0.0007888978925183921,0.0050421976018697025,0.7385393917560578,-0.00036979587748646735,0.1370251066982746,0.1370251066982746,0.029109585843980313,0.0008523241565897937,0.0073531249654479325,0.9447828531265259,1.0,0.0028461538461538463,0.00015153846153846164,3,1.0,1.0,0.875,0.3028125,3.359356656074524,1.2808446439355612,0.2234375,0.9026339757442474
497,1593600,143.87299525737762,1.4387299329042436,143.87299525737762,1.4387299329042436,0.0,0.0,0.0,820.7669590711594,8.207669637799263,0.8924866715073585,0.3659375,0.19336331690438388,nan,nan,nan,nan,nan,nan,nan,nan,nan,nan,15936,-0.0005177749638678453,0.0044336127117276195,0.7303094625473022,-0.00036900837440043686,0.09382113665342331,0.09382113665342331,0.030379926785826683,0.0008884988514224642,0.005309375084470958,0.9506111145019531,1.0,0.0028317307692307687,0.00015043269230769233,3,1.0,1.0,0.90625,0.3659375,2.1781421217322348,1.2778570144623518,0.255625,0.9394643294811249
498,1596800,124.52801549434662,1.2452801647782326,124.52801549434662,1.2452801647782326,0.0,0.0,0.0,801.4219793081284,8.014219869673251,0.6659829890727997,0.3325,0.19958186979151113,nan,nan,nan,nan,nan,nan,nan,nan,nan,nan,15968,-0.0007103854485845495,0.004118746099993587,0.7188658595085144,-0.0006762786419130862,0.12481881007552147,0.12481881007552147,0.02868265863507986,0.001076054098671115,0.007121875046868809,0.9517290592193604,1.0,0.002817307692307691,0.00014932692307692303,3,1.0,1.0,0.96875,0.3325,2.5181458786129953,0.9975788550823927,0.2425,0.9581696850061416
499,1600000,153.49310511350632,1.5349308896064757,153.49310511350632,1.5349308896064757,0.0,0.0,0.0,830.387068927288,8.303870594501495,0.7326250881701708,0.369375,0.21318807081923175,nan,nan,nan,nan,nan,nan,nan,nan,nan,nan,16000,-0.0008238725119154022,0.005433231731876731,0.752519154548645,-0.0002164810081012547,0.13155682608485222,0.13155682608485222,0.045660460367798805,0.0009034488553925605,0.006309375073760748,0.9349958300590515,1.0,0.002802884615384614,0.00014822115384615384,3,1.0,1.0,0.875,0.369375,2.179367383122444,1.0540239456295968,0.2665625,0.9550000441074371
500,1603200,180.13836908340454,1.8013836991786958,180.13836908340454,1.8013836991786958,0.0,0.0,0.0,857.0323328971863,8.570323404073715,0.7952035216987133,0.379375,0.21132701413208904,-51.03602473437786,-0.5103602473437786,-51.03602473437786,-0.5103602473437786,100.0,1.481416752669029,0.18,0.07253920559953937,51.03602473437786,765.5503756552935,16032,-0.0010133835006154613,0.004468102613463998,0.7207353711128235,-0.0007890750304795802,0.1509642072021961,0.1509642072021961,0.039870640635490416,0.0014443093707130327,0.011684375174809247,0.9505293369293213,1.0,0.0027884615384615374,0.00014711538461538464,3,1.0,1.0,0.96875,0.379375,2.229170433282852,1.1802252173423766,0.2746875,0.9631696861982345
501,1606400,136.24929469823837,1.3624927076697348,136.24929469823837,1.3624927076697348,0.0,0.0,0.0,813.1432585120201,8.131432412564754,0.8205628576129675,0.3609375,0.19825599456271645,nan,nan,nan,nan,nan,nan,nan,nan,nan,nan,16064,-0.0006022927234880626,0.0045679101254791025,0.7494844555854797,-0.00039743627421557904,0.13129868134856224,0.13129868134856224,0.044110949337482455,0.0008202269964433246,0.0060343750519678,0.9485082626342773,1.0,0.0027740384615384606,0.00014600961538461534,3,1.0,1.0,0.96875,0.3609375,2.480599012374878,1.0860707844048738,0.24,0.9370536178350448
502,1609600,122.98151248693466,1.2298152202367783,122.98151248693466,1.2298152202367783,0.0,0.0,0.0,799.8754763007164,7.998754925131798,0.8591842593997717,0.3475,0.18690993011751755,nan,nan,nan,nan,nan,nan,nan,nan,nan,nan,16096,-0.0006534539745218559,0.0050588908139616254,0.7140689611434936,-9.456430561840534e-05,0.1270596295595169,0.1270596295595169,0.037593388743698594,0.0010098961109225057,0.007412499916244997,0.9412112832069397,1.0,0.002759615384615384,0.00014490384615384615,3,1.0,1.0,0.875,0.3475,2.932875663340092,1.0550289035588503,0.22375,0.9138839715719222
503,1612800,131.75299870967865,1.3175299331545829,131.75299870967865,1.3175299331545829,0.0,0.0,0.0,808.6469625234604,8.086469638049602,0.9382934316247702,0.3603125,0.18589161688381145,nan,nan,nan,nan,nan,nan,nan,nan,nan,nan,16128,-0.0007795578750956267,0.0048451308161020275,0.7230436861515045,-0.00034188637509942056,0.14952874779701233,0.14952874779701233,0.03226331695914268,0.0011720350550645496,0.00967499999096617,0.9482828378677368,1.0,0.002745192307692307,0.00014379807692307695,3,1.0,1.0,0.90625,0.3603125,2.0990239821374415,1.4209038116782904,0.2540625,0.9297768253087998
504,1616000,90.5943184196949,0.9059432905912399,90.5943184196949,0.9059432905912399,0.0,0.0,0.0,767.4882822334766,7.674882995486259,1.0284388579428196,0.334375,0.1648435192861139,nan,nan,nan,nan,nan,nan,nan,nan,nan,nan,16160,-0.0009751179517246911,0.004886582819744944,0.7166781008243561,-0.0004889090778306127,0.2078048899769783,0.2078048899769783,0.03514293879270554,0.001530224083403164,0.012300000071991234,0.948410153388977,1.0,0.00273076923076923,0.00014269230769230765,3,1.0,1.0,0.9375,0.334375,2.335757127255201,1.4948034903407097,0.225,0.9492857587337494
505,1619200,154.4414310157299,1.5444143770635128,154.4414310157299,1.5444143770635128,0.0,0.0,0.0,831.3353948295116,8.313354081958533,0.8498502188920974,0.3540625,0.19140063145872063,nan,nan,nan,nan,nan,nan,nan,nan,nan,nan,16192,-0.0007070837515406492,0.004901335434988141,0.7411248505115509,-0.00026956769870594143,0.17113221883773805,0.17113221883773805,0.03316472936421633,0.0010119875638386112,0.007390624924300937,0.9361009001731873,1.0,0.0027163461538461534,0.00014158653846153846,3,1.0,1.0,1.0,0.3540625,2.685166898369789,1.2067417028546332,0.2365625,0.9401786142587661
506,1622400,117.37569957971573,1.1737571829557418,117.37569957971573,1.1737571829557418,0.0,0.0,0.0,794.2696633934975,7.9426968878507616,0.8957280720770359,0.350625,0.18495532411240878,nan,nan,nan,nan,nan,nan,nan,nan,nan,nan,16224,-0.0005833591029688279,0.0042261315509676935,0.7370741963386536,-0.00046181106008589266,0.12253934070467949,0.12253934070467949,0.030344759672880174,0.001083491573813247,0.006678125029429794,0.9543282985687256,1.0,0.0027019230769230766,0.00014048076923076926,3,1.0,1.0,0.9375,0.350625,2.05542683750391,1.3001565136015416,0.2509375,0.9253125447034836
507,1625600,184.01666456460953,1.8401666831970216,184.01666456460953,1.8401666831970216,0.0,0.0,0.0,860.9106283783913,8.60910638809204,1.0235833890736104,0.3990625,0.1972058587527196,nan,nan,nan,nan,nan,nan,nan,nan,nan,nan,16256,-0.00038985284175141466,0.004985776683315635,0.7305494606494903,0.0001396837644279003,0.07578231208026409,0.07578231208026409,0.02603328078985214,0.0007327962202949701,0.005950000055599957,0.9459162354469299,1.0,0.002687499999999999,0.00013937500000000007,3,1.0,1.0,0.90625,0.3990625,2.5714573204517364,1.2845669627934695,0.274375,0.9700000429153443
508,1628800,107.22629583999515,1.0722629316151142,107.22629583999515,1.0722629316151142,0.0,0.0,0.0,784.1202596537769,7.8412026365101335,0.7340249424427747,0.319375,0.1841813183783196,nan,nan,nan,nan,nan,nan,nan,nan,nan,nan,16288,-0.0005868121828476625,0.004399034380912781,0.7391057848930359,-0.00036298162303864955,0.1142570398747921,0.1142570398747921,0.026350874081254007,0.0007287827720620714,0.004434375048731454,0.9473902583122253,1.0,0.002673076923076922,0.00013826923076923076,3,1.0,1.0,1.0,0.319375,2.4163909691572187,0.9631232369691134,0.21375,0.956071475148201
509,1632000,72.75303003191948,0.7275301724672317,72.75303003191948,0.7275301724672317,0.0,0.0,0.0,749.6469938457012,7.496469877362251,0.8462991818785668,0.311875,0.16891899376929498,nan,nan,nan,nan,nan,nan,nan,nan,nan,nan,16320,-0.0006562731973768666,0.003692085831426084,0.7375487148761749,-0.00077111697755754,0.15738698616623878,0.15738698616623878,0.027725964412093164,0.0009819628154268767,0.007287500030361116,0.961401104927063,1.0,0.0026586538461538453,0.00013716346153846157,3,1.0,1.0,0.9375,0.311875,2.9362118756771087,1.33837279625237,0.2103125,0.9226786166429519
510,1635200,58.4343538582325,0.5843434810638428,58.4343538582325,0.5843434810638428,0.0,0.0,0.0,735.3283176720142,7.353283185958862,1.080922338142991,0.308125,0.14807135968128912,nan,nan,nan,nan,nan,nan,nan,nan,nan,nan,16352,-0.0005454476800107022,0.004387101950123906,0.7241892576217651,-0.00026682027382776143,0.10628521665930749,0.10628521665930749,0.04404739029705525,0.0006196509864871064,0.003999999974257662,0.955302357673645,1.0,0.0026442307692307685,0.00013605769230769238,3,1.0,1.0,0.90625,0.308125,3.320228622555733,1.4314622013270855,0.221875,0.9448661160469055
511,1638400,140.47177761793137,1.4047176484763622,140.47177761793137,1.4047176484763622,0.0,0.0,0.0,817.3657414317131,8.173657353371382,0.7924960145354271,0.3521875,0.19647881900104464,nan,nan,nan,nan,nan,nan,nan,nan,nan,nan,16384,-0.0007624787171371494,0.004075773409567773,0.7238924920558929,-0.0006282900809310377,0.1586463026702404,0.1586463026702404,0.032503597624599936,0.0012913955622979021,0.010153124970383943,0.9512680768966675,1.0,0.0026298076923076917,0.00013495192307692307,3,1.0,1.0,1.0,0.3521875,2.7069932352006436,1.083293781876564,0.239375,0.9283036136627197
512,1641600,137.54622715711594,1.3754622942209245,137.54622715711594,1.3754622942209245,0.0,0.0,0.0,814.4401909708977,8.144401999115944,0.8962488899379969,0.355,0.18721171143921286,nan,nan,nan,nan,nan,nan,nan,nan,nan,nan,16416,-0.000721164606604674,0.0046029656659811735,0.7189741134643555,-0.0003000755561515689,0.16892158538103103,0.16892158538103103,0.04069466181099415,0.0014077483196207712,0.013375000015366822,0.9492496252059937,1.0,0.002615384615384615,0.00013384615384615388,3,1.0,1.0,0.90625,0.355,2.298902550637722,1.4033253188431263,0.2440625,0.9152232581377029
513,1644800,95.13907170295715,0.9513906560838222,95.13907170295715,0.9513906560838222,0.0,0.0,0.0,772.0330355167389,7.720330360978841,0.8904048217833043,0.336875,0.17820257127899758,nan,nan,nan,nan,nan,nan,nan,nan,nan,nan,16448,-0.0008081090750754804,0.0057006383314728735,0.7038438856601715,0.00021153916604816915,0.1561764433979988,0.1561764433979988,0.03561140075325966,0.0012974163619259987,0.013040625094436108,0.9439888596534729,1.0,0.002600961538461538,0.00013274038461538469,3,1.0,1.0,0.875,0.336875,3.0916380953788756,1.2149912950396538,0.2365625,0.9133482593297958
514,1648000,53.46801710128784,0.5346799859404564,53.46801710128784,0.5346799859404564,0.0,0.0,0.0,730.3619809150696,7.303619690835475,0.9719601426273584,0.30375,0.15403455345466366,nan,nan,nan,nan,nan,nan,nan,nan,nan,nan,16480,-0.0005378552374779133,0.004332289798185229,0.7046480059623719,-0.0001943094772286713,0.15945580303668977,0.15945580303668977,0.028996202908456326,0.0009098479757130627,0.008006249967365875,0.9565087556838989,1.0,0.0025865384615384613,0.00013163461538461538,3,1.0,1.0,0.875,0.30375,2.932042771279812,1.0636778050661087,0.2059375,0.9491518300771713
515,1651200,116.31605389714241,1.1631605681777,116.31605389714241,1.1631605681777,0.0,0.0,0.0,793.2100177109241,7.932100273072719,1.0450731831789017,0.34625,0.16930934445181184,nan,nan,nan,nan,nan,nan,nan,nan,nan,nan,16512,-0.0007121573427925299,0.005020951759070158,0.7009634554386139,-4.640244878828526e-06,0.1345605246722698,0.1345605246722698,0.03322677742689848,0.0011263535183434665,0.009240625123493374,0.9417948126792908,1.0,0.0025721153846153845,0.0001305288461538462,3,1.0,1.0,0.96875,0.34625,2.453162373751402,1.3567389729619026,0.2590625,0.9475893294811248
516,1654400,111.1166204214096,1.1111661638319492,111.1166204214096,1.1111661638319492,0.0,0.0,0.0,788.0105842351913,7.880105868726968,0.8815522013604641,0.343125,0.18236273208465975,nan,nan,nan,nan,nan,nan,nan,nan,nan,nan,16544,-0.0005562965729041025,0.004119758517481387,0.7018626749515533,-0.00029156611999496817,0.09667284339666367,0.09667284339666367,0.03516015037894249,0.0010461800258825572,0.008028125131386333,0.9549243450164795,1.0,0.0025576923076923077,0.000129423076923077,3,1.0,1.0,0.9375,0.343125,2.343106030523777,1.0955859316885472,0.2359375,0.9421429002285003
517,1657600,157.57229256629944,1.5757229189574717,157.57229256629944,1.5757229189574717,0.0,0.0,0.0,834.4662563800812,8.344662623852491,0.8219129844009876,0.376875,0.20685675069378232,nan,nan,nan,nan,nan,nan,nan,nan,nan,nan,16576,-0.0006484889721614095,0.004298055777326226,0.6919592440128326,-0.0002592997159808874,0.1797063022851944,0.1797063022851944,0.034455194137990475,0.001029500007284568,0.007134374999441207,0.9540260434150696,1.0,0.00254326923076923,0.0001283173076923077,3,1.0,1.0,0.84375,0.376875,2.732163127660751,1.164508304744959,0.27375,0.9377679002285003
518,1660800,189.51608020067215,1.8951606500148772,189.51608020067215,1.8951606500148772,0.0,0.0,0.0,866.4100440144539,8.664100354909896,0.7569715393334627,0.3828125,0.21788201540545526,nan,nan,nan,nan,nan,nan,nan,nan,nan,nan,16608,-0.0006877106294501445,0.0034273363184183837,0.6967499732971192,-0.000736016035079956,0.13054696843028069,0.13054696843028069,0.025114784575998784,0.0007165139057225064,0.005362499941838905,0.9546970725059509,1.0,0.0025288461538461524,0.0001272115384615385,3,1.0,1.0,0.96875,0.3828125,1.5119735775887966,1.2560574759542942,0.2584375,0.9153571808338166
519,1664000,186.43341073393822,1.86433427259326,186.43341073393822,1.86433427259326,0.0,0.0,0.0,863.32737454772,8.63327397748828,0.7195286702364683,0.3809375,0.22153599797066123,nan,nan,nan,nan,nan,nan,nan,nan,nan,nan,16640,-0.0004919604044872905,0.004878322454169392,0.7093503952026368,0.0001635938067920506,0.12674709931015968,0.12674709931015968,0.03600112684071064,0.0008824957090881356,0.006731250026496128,0.9367010593414307,1.0,0.0025144230769230756,0.0001261057692307692,3,1.0,1.0,0.96875,0.3809375,2.7117311185598374,0.8905374746769666,0.2725,0.9132589727640152
520,1667200,158.72407853603363,1.5872405576705932,158.72407853603363,1.5872405576705932,0.0,0.0,0.0,835.6180423498154,8.356180262565612,0.6723231409490108,0.368125,0.22012791127861583,-122.21684573590755,-1.2221684573590756,-122.21684573590755,-1.2221684573590756,100.0,1.520003703041002,0.115,0.04563485357629606,122.21684573590755,694.3695546537638,16672,-0.00048454079577349153,0.004207334620878101,0.7042457401752472,-0.00014148778282105923,0.1337213009595871,0.1337213009595871,0.028760388121008874,0.0008727780630624066,0.0066218750202096995,0.9450639486312866,1.0,0.0024999999999999988,0.000125,3,1.0,1.0,0.90625,0.368125,3.2410927164554595,0.7187062552571297,0.255,0.9117857539653778
521,1670400,104.13503432273865,1.0413502858579158,104.13503432273865,1.0413502858579158,0.0,0.0,0.0,781.0289981365204,7.810289990752935,0.9138632577657699,0.33,0.17242611177208117,nan,nan,nan,nan,nan,nan,nan,nan,nan,nan,16704,-0.0006089095825562163,0.004351082956418395,0.6902723610401154,-0.00014909319579601288,0.1893426775932312,0.1893426775932312,0.04385959208011627,0.0007049043008058398,0.005859374976716935,0.9489960670471191,1.0,0.002485576923076922,0.0001238942307692308,3,1.0,1.0,0.9375,0.33,2.542301072478294,1.133986867815256,0.2215625,0.9695536178350449
522,1673600,91.21201652288437,0.9121201597899199,91.21201652288437,0.9121201597899199,0.0,0.0,0.0,768.1059803366661,7.681059864684939,0.7556572760641574,0.3209375,0.1828019080805335,nan,nan,nan,nan,nan,nan,nan,nan,nan,nan,16736,-0.0005032413666980595,0.00520608089864254,0.7039486587047576,0.00036023362772539256,0.1090066522359848,0.1090066522359848,0.048722774162888526,0.0006332805387550689,0.004090625062235631,0.9398719072341919,1.0,0.002471153846153845,0.0001227884615384615,3,1.0,1.0,0.875,0.3209375,2.7574769596755506,1.0856910043954848,0.2315625,0.9408482575416565
523,1676800,152.60803961753845,1.5260803494602442,152.60803961753845,1.5260803494602442,0.0,0.0,0.0,829.5020034313202,8.295020054355263,0.6848730162531137,0.3675,0.2181173278074456,nan,nan,nan,nan,nan,nan,nan,nan,nan,nan,16768,-0.0007988492646138212,0.0043521429877728226,0.7018309473991394,-0.0003469873801805079,0.16300914585590362,0.16300914585590362,0.02956763170659542,0.0012587284010850425,0.01006562491384102,0.94806969165802,1.0,0.0024567307692307683,0.00012168269230769231,3,1.0,1.0,0.9375,0.3675,2.1910143093764782,0.8814672653377056,0.2671875,0.9381250447034836
524,1680000,168.84874320030212,1.6884874334931375,168.84874320030212,1.6884874334931375,0.0,0.0,0.0,845.7427070140839,8.457427138388157,0.8056646933406592,0.375625,0.20802588730084565,nan,nan,nan,nan,nan,nan,nan,nan,nan,nan,16800,-0.000809103597409555,0.004972117580473423,0.7019177794456481,-3.734406782314181e-05,0.15887616127729415,0.15887616127729415,0.0420763086527586,0.0013529118077756507,0.009509374853223562,0.9337177872657776,1.0,0.0024423076923076915,0.00012057692307692312,3,1.0,1.0,0.9375,0.375625,2.659574867933989,0.9337611979991197,0.2590625,0.9307143324613572
525,1683200,118.77745771408081,1.1877746093273163,118.77745771408081,1.1877746093273163,0.0,0.0,0.0,795.6714215278625,7.956714314222335,0.7474023427814245,0.3365625,0.19260733018377282,nan,nan,nan,nan,nan,nan,nan,nan,nan,nan,16832,-0.0005158266460755456,0.005021451646462083,0.7219662427902221,0.0002420484321191907,0.14968149736523628,0.14968149736523628,0.03021705225110054,0.0008266203949509096,0.006565625010989606,0.9440693259239197,1.0,0.0024278846153846147,0.00011947115384615382,3,1.0,1.0,0.9375,0.3365625,2.51352697044611,1.0530478642135859,0.22375,0.9442411136627197
526,1686400,-18.579005897045135,-0.18579019770026206,-18.579005897045135,-0.18579019770026206,0.0,18.579005897045135,0.18579019770026206,658.3149579167366,6.583149507194757,1.3535177867859602,0.2771875,0.11777582542876644,nan,nan,nan,nan,nan,nan,nan,nan,nan,nan,16864,-0.0005212664504942843,0.005001720460131765,0.696542102098465,0.000298516231123358,0.11522589325904846,0.11522589325904846,0.032922781445086,0.0007507412872698801,0.0041531250346452,0.9550809860229492,1.0,0.002413461538461538,0.00011836538461538462,3,1.0,1.0,0.875,0.2771875,2.977669586390257,1.6956803493201733,0.201875,0.9276339691877366
527,1689600,179.1116247177124,1.7911161333322525,179.1116247177124,1.7911161333322525,0.0,0.0,0.0,856.0055885314941,8.560055838227271,0.7115065309405327,0.3796875,0.22184402638028405,nan,nan,nan,nan,nan,nan,nan,nan,nan,nan,16896,-0.00082739475660496,0.004671798599883914,0.7012429237365723,-0.0001738042337819934,0.16962155252695083,0.16962155252695083,0.02524891272187233,0.0013786928524541428,0.01033750010537915,0.9489832520484924,1.0,0.002399038461538461,0.00011725961538461543,3,1.0,1.0,0.90625,0.3796875,2.7811034899950027,1.151312278956175,0.2840625,0.9216964709758758
528,1692800,103.73951318860054,1.037395044863224,103.73951318860054,1.037395044863224,0.0,0.0,0.0,780.6334770023823,7.806334749758244,0.9465242379158735,0.3390625,0.17418868637517262,nan,nan,nan,nan,nan,nan,nan,nan,nan,nan,16928,-0.0007432536375359677,0.004139826167374849,0.7013367235660553,-0.00034575887257233263,0.15692592412233353,0.15692592412233353,0.02831517532467842,0.001093416603184809,0.009378125064540655,0.9513306617736816,1.0,0.0023846153846153843,0.00011615384615384623,3,1.0,1.0,0.90625,0.3390625,2.3616370087862015,1.3742020551860332,0.245625,0.9524554008245468
529,1696000,90.3021533191204,0.9030216363072395,90.3021533191204,0.9030216363072395,0.0,0.0,0.0,767.1961171329021,7.671961341202259,0.8000215934962034,0.33375,0.18541444236330154,nan,nan,nan,nan,nan,nan,nan,nan,nan,nan,16960,-0.0005235373903239804,0.004654154973104596,0.6852743566036225,0.00017930817557498813,0.13140704557299615,0.13140704557299615,0.03450582288205624,0.000909719218911473,0.006481250061187893,0.9551365971565247,1.0,0.0023701923076923075,0.00011504807692307693,3,1.0,1.0,0.875,0.33375,2.804532627314329,1.1047558473050594,0.25625,0.9195982581377029
530,1699200,171.64490753412247,1.7164491219818592,171.64490753412247,1.7164491219818592,0.0,0.0,0.0,848.5388713479042,8.485388826876878,0.6628403662890195,0.37375,0.22476601336910187,nan,nan,nan,nan,nan,nan,nan,nan,nan,nan,16992,-0.0008318428044207348,0.004319529933854938,0.7111701130867004,-0.00034743056166917083,0.19689747467637062,0.19689747467637062,0.028407378308475017,0.0015866794870865065,0.014224999798170757,0.9441470503807068,1.0,0.00235576923076923,0.00011394230769230774,3,1.0,1.0,0.96875,0.37375,1.8092246422171592,1.3038112185150386,0.266875,0.9475446891784668
531,1702400,99.30878412723541,0.9930878753960133,99.30878412723541,0.9930878753960133,0.0,0.0,0.0,776.2027479410172,7.762027580291033,0.8435043765604496,0.335,0.18171912378371027,nan,nan,nan,nan,nan,nan,nan,nan,nan,nan,17024,-0.00045215625412531324,0.0044471485074609515,0.6989538967609406,0.00013492502039298416,0.13259477242827417,0.13259477242827417,0.03154915161430836,0.0008269125639391542,0.00573749998002313,0.9490644335746765,1.0,0.002341346153846153,0.00011283653846153854,3,1.0,1.0,0.875,0.335,2.7180420583486558,1.193353958874941,0.2303125,0.9289732551574708
532,1705600,51.402516186237335,0.5140252685546876,51.402516186237335,0.5140252685546876,0.0,0.0,0.0,728.2964800000191,7.282964973449706,1.0347493889927863,0.306875,0.15081709898038356,nan,nan,nan,nan,nan,nan,nan,nan,nan,nan,17056,-0.0005284059397759666,0.004883071780204773,0.6921727299690247,0.00030249715782701967,0.1969670571386814,0.1969670571386814,0.03690553344786167,0.0004205632529235174,0.0022187500027939676,0.9430776238441467,1.0,0.0023269230769230763,0.00011173076923076924,3,1.0,1.0,0.875,0.306875,2.693513000011444,1.4897695790231227,0.215,0.937455399632454
533,1708800,156.6006473004818,1.5660064420104027,156.6006473004818,1.5660064420104027,0.0,0.0,0.0,833.4946111142635,8.334946146905422,0.6422827704250813,0.3578125,0.21787508609579176,nan,nan,nan,nan,nan,nan,nan,nan,nan,nan,17088,-0.0005450113678874934,0.00444202721118927,0.7121220350265502,2.9219989664852618e-05,0.1781356230378151,0.1781356230378151,0.029364652931690216,0.0006939060931520029,0.005612499910057522,0.9432833194732666,1.0,0.0023124999999999995,0.00011062500000000005,3,1.0,1.0,0.90625,0.3578125,3.402293733358383,0.8911557132005692,0.258125,0.9114286160469055
534,1712000,160.98642271757126,1.609864282310009,160.98642271757126,1.609864282310009,0.0,0.0,0.0,837.880386531353,8.378803987205028,0.7628820136934519,0.3665625,0.20793365474981906,nan,nan,nan,nan,nan,nan,nan,nan,nan,nan,17120,-0.0005816404717268852,0.00480726775713265,0.7114839434623719,0.00018694866448640824,0.1615497387945652,0.1615497387945652,0.03890128955245018,0.0006624905994656384,0.004875000001266017,0.9414960145950317,1.0,0.0022980769230769226,0.00010951923076923085,3,1.0,1.0,0.90625,0.3665625,2.517804591357708,1.2685418194532394,0.2678125,0.9190179008245468
535,1715200,180.50621581077576,1.805061942487955,180.50621581077576,1.805061942487955,0.0,0.0,0.0,857.4001796245575,8.574001647382975,0.7730411288142204,0.36875,0.20797599898126096,nan,nan,nan,nan,nan,nan,nan,nan,nan,nan,17152,-0.0006505652821739538,0.0033116924576461317,0.7196223735809326,-0.0006380875362083316,0.1601499982178211,0.1601499982178211,0.023564979247748852,0.0011480459135829808,0.009331250078685117,0.9561617970466614,1.0,0.002283653846153846,0.00010841346153846155,3,1.0,1.0,1.0,0.36875,2.8672492897510526,0.8421626086533069,0.27625,0.9466964721679687
536,1718400,84.76956388354301,0.8476955591142178,84.76956388354301,0.8476955591142178,0.0,0.0,0.0,761.6635276973248,7.616635264009237,0.8664622001349926,0.3096875,0.16592219225098787,nan,nan,nan,nan,nan,nan,nan,nan,nan,nan,17184,-0.000823150034516651,0.004093163227662444,0.7133940935134888,-0.0003954242798499763,0.187470393627882,0.187470393627882,0.03179039657115936,0.0010096872960320424,0.007806250068824738,0.9477763175964355,1.0,0.002269230769230769,0.00010730769230769236,3,1.0,1.0,1.0,0.3096875,2.252899857610464,1.1335899843275548,0.2190625,0.9579911106824874
537,1721600,25.05892303586006,0.2505892589688301,25.05892303586006,0.2505892589688301,0.0,0.0,0.0,701.9528868496418,7.019528963863849,0.9534638360142708,0.2784375,0.14253527240519948,nan,nan,nan,nan,nan,nan,nan,nan,nan,nan,17216,-0.00041025486069701245,0.004816799191758037,0.6826878547668457,0.00045881496043875813,0.1732219524681568,0.1732219524681568,0.025494647212326527,0.00048648406391747377,0.003165624980465509,0.9484364986419678,1.0,0.0022548076923076914,0.00010620192307692305,3,1.0,1.0,0.9375,0.2784375,3.761669212579727,1.2129450664669275,0.2034375,0.92678575694561
538,1724800,88.00665575265884,0.8800664514303207,88.00665575265884,0.8800664514303207,0.0,0.0,0.0,764.9006195664406,7.64900615632534,1.0036766435205937,0.315,0.1572109956058199,nan,nan,nan,nan,nan,nan,nan,nan,nan,nan,17248,-0.0006312690215592553,0.004141689324751496,0.6947972178459167,-0.00011703737545758486,0.14948886260390282,0.14948886260390282,0.02962289433926344,0.00083817328850712,0.003681249960209243,0.9486029744148254,1.0,0.0022403846153846146,0.00010509615384615386,3,1.0,1.0,0.96875,0.315,2.29923800855875,1.2786748772859573,0.2290625,0.9636161094903946
539,1728000,59.649907886981964,0.5964989912509918,59.649907886981964,0.5964989912509918,0.0,0.0,0.0,736.5438717007637,7.365438696146011,1.065129024758935,0.2975,0.14405879556834347,nan,nan,nan,nan,nan,nan,nan,nan,nan,nan,17280,-0.00041797525035800474,0.004070075624622404,0.7038530826568603,5.03126997500658e-05,0.11740791872143745,0.11740791872143745,0.03111811149865389,0.0007088179521862376,0.004159375099334284,0.951270580291748,1.0,0.0022259615384615378,0.00010399038461538456,3,1.0,1.0,1.0,0.2975,2.347782847583294,1.3317220565676688,0.2025,0.9647768300771713
540,1731200,77.03920212388039,0.7703918808698654,77.03920212388039,0.7703918808698654,0.0,0.0,0.0,753.9331659376621,7.539331585764884,1.0666516379266977,0.3284375,0.15892252664773945,-114.34571062028408,-1.143457106202841,-114.34571062028408,-1.143457106202841,100.0,1.5177618972491473,0.12,0.04766137740471386,114.34571062028408,702.2406897693872,17312,-0.0005693091557477548,0.004954920429736376,0.7024582743644714,0.0003546376479789615,0.1800629511475563,0.1800629511475563,0.024067354388535023,0.0006382613726648375,0.005806249950546771,0.9442197680473328,1.0,0.00221153846153846,0.00010288461538461536,3,1.0,1.0,0.875,0.3284375,2.2663659581542017,1.6174352337419986,0.2140625,0.935625039935112
541,1734400,117.10337889194489,1.1710339158028364,117.10337889194489,1.1710339158028364,0.0,0.0,0.0,793.9973427057266,7.939973620697856,0.883773870319128,0.3528125,0.18729026108650204,nan,nan,nan,nan,nan,nan,nan,nan,nan,nan,17344,-0.0005824228037563551,0.0041761803440749645,0.6810614943504334,9.296613279730082e-06,0.14398420825600625,0.14398420825600625,0.027275196649134158,0.0008894778304281434,0.0054562499222811315,0.9530978202819824,1.0,0.0021971153846153833,0.00010177884615384617,3,1.0,1.0,0.9375,0.3528125,3.4006301975250244,1.1728951561450958,0.2428125,0.9485268288850784
542,1737600,110.2890772819519,1.1028907886147499,110.2890772819519,1.1028907886147499,0.0,0.0,0.0,787.1830410957336,7.871830493509769,0.9587615602463484,0.3384375,0.172781366996724,nan,nan,nan,nan,nan,nan,nan,nan,nan,nan,17376,-0.00032391633846855504,0.0048509846907109026,0.7162937879562378,0.0005381270311772823,0.10234684571623802,0.10234684571623802,0.0288744006305933,0.0007570166009875859,0.0043093750020489095,0.9406099319458008,1.0,0.0021826923076923074,0.00010067307692307697,3,1.0,1.0,0.9375,0.3384375,2.489929620921612,1.2103251069784164,0.215625,0.9427679008245469
543,1740800,54.71824440360069,0.5471825236827135,54.71824440360069,0.5471825236827135,0.0,0.0,0.0,731.6122082173824,7.316122228577733,1.05422707490623,0.3196875,0.15562422670073753,nan,nan,nan,nan,nan,nan,nan,nan,nan,nan,17408,-0.0002657446462995594,0.003789269435219467,0.6824757754802704,0.00014909891178831457,0.1456780582666397,0.1456780582666397,0.026309108175337315,0.00036022866698188604,0.0030125000368570907,0.9588571786880493,1.0,0.0021682692307692306,9.956730769230767e-05,3,1.0,1.0,0.90625,0.3196875,3.9643684315681456,1.2743776293098927,0.235,0.9125446885824203
544,1744000,26.51560738682747,0.26515601366758346,26.51560738682747,0.26515601366758346,0.0,0.0,0.0,703.4095712006092,7.034095718562603,0.9898139837384224,0.2828125,0.1421301198560569,nan,nan,nan,nan,nan,nan,nan,nan,nan,nan,17440,-0.0004925910859310712,0.004377407301217317,0.7040635228157044,0.00017966801533475518,0.13420835062861441,0.13420835062861441,0.027808844670653345,0.0007655156527153191,0.007778125120967161,0.9507363438606262,1.0,0.0021538461538461538,9.846153846153848e-05,3,1.0,1.0,0.90625,0.2828125,2.760997448861599,1.2664649133384227,0.19,0.9397321844100952
545,1747200,199.83876252174377,1.998387512564659,199.83876252174377,1.998387512564659,0.0,0.0,0.0,876.7327263355255,8.767327217459679,0.963571270853281,0.406875,0.20721172999398701,nan,nan,nan,nan,nan,nan,nan,nan,nan,nan,17472,-0.00028137823404978947,0.00400435933843255,0.6995449960231781,0.0002241787500679493,0.09694652631878853,0.09694652631878853,0.03244622405618429,0.0005843105889695952,0.0032124999997904524,0.9568056464195251,1.0,0.002139423076923077,9.735576923076928e-05,3,1.0,1.0,0.9375,0.406875,2.5523467952013017,1.1507839894294738,0.275,0.9373214745521545
546,1750400,88.70430970191956,0.8870431745052337,88.70430970191956,0.8870431745052337,0.0,0.0,0.0,765.5982735157013,7.655982879400253,0.9159282354265451,0.32125,0.16767329488647564,nan,nan,nan,nan,nan,nan,nan,nan,nan,nan,17504,-0.0004333086526457919,0.00476151560433209,0.6884115755558013,0.00048457446973770857,0.11180636137723923,0.11180636137723923,0.03285446837544441,0.0004209121547363954,0.0031937499588821083,0.9373024702072144,1.0,0.002125,9.624999999999998e-05,3,1.0,1.0,0.875,0.32125,3.1029950174689294,1.080703731775284,0.214375,0.9339286136627197
547,1753600,91.26384043693542,0.9126386071741581,91.26384043693542,0.9126386071741581,0.0,0.0,0.0,768.1578042507172,7.681578312069178,0.9118756078928709,0.330625,0.17293227584214574,nan,nan,nan,nan,nan,nan,nan,nan,nan,nan,17536,-0.0005891360838140791,0.004132885951548815,0.6820691168308258,3.774754004552961e-05,0.13047430589795111,0.13047430589795111,0.02775355167686939,0.0006496437607029521,0.004603125037829159,0.9492297172546387,1.0,0.0021105769230769216,9.514423076923079e-05,3,1.0,1.0,0.96875,0.330625,2.3781148752570154,1.2482661092281342,0.216875,0.9542857581377029
548,1756800,19.757158756256104,0.19757147520780563,19.757158756256104,0.19757147520780563,0.0,0.0,0.0,696.6511225700378,6.966511180102825,0.8613213627040386,0.270625,0.14539402245233404,nan,nan,nan,nan,nan,nan,nan,nan,nan,nan,17568,-0.0003595467782870454,0.00448244228027761,0.6969828486442566,0.000420691107865423,0.14470867067575455,0.14470867067575455,0.030343159474432467,0.000584155653455191,0.004878125053073746,0.9509366154670715,1.0,0.002096153846153845,9.40384615384616e-05,3,1.0,1.0,0.84375,0.270625,3.0268043386936188,0.9764804141223431,0.191875,0.901383975148201
549,1760000,173.4686762392521,1.7346868167072536,173.4686762392521,1.7346868167072536,0.0,0.0,0.0,850.3626400530338,8.503626521602273,0.8871755759418011,0.36875,0.19539782344627588,nan,nan,nan,nan,nan,nan,nan,nan,nan,nan,17600,-0.00032312244965069235,0.004254922969266772,0.6722493231296539,0.00040489686653018,0.07963219955563546,0.07963219955563546,0.026974031515419484,0.0003055317925871072,0.0011906250059837476,0.9453046917915344,1.0,0.002081730769230768,9.293269230769229e-05,3,1.0,1.0,0.96875,0.36875,2.8309197080135347,1.032260813638568,0.2609375,0.9224554002285004
550,1763200,187.25729030370712,1.8725729049742221,187.25729030370712,1.8725729049742221,0.0,0.0,0.0,864.1512541174889,8.641512609869242,0.8715842103213072,0.381875,0.20403837449261286,nan,nan,nan,nan,nan,nan,nan,nan,nan,nan,17632,-0.000392009585944475,0.004210009332746267,0.698739093542099,0.00026848638663068414,0.09963018000125885,0.09963018000125885,0.02353666927665472,0.0008108105004838914,0.0043749999429564925,0.9474537968635559,1.0,0.002067307692307691,9.18269230769231e-05,3,1.0,1.0,0.9375,0.381875,2.2254601663351057,1.191381248012185,0.2728125,0.9359821838140487
551,1766400,175.8312886953354,1.7583128927648068,175.8312886953354,1.7583128927648068,0.0,0.0,0.0,852.7252525091171,8.527252597659826,0.7756903306394816,0.378125,0.21294535059152198,nan,nan,nan,nan,nan,nan,nan,nan,nan,nan,17664,-0.0006350561633473361,0.003710095281712711,0.6944866597652435,-0.0002057094592601061,0.19415511637926103,0.19415511637926103,0.022973602078855036,0.0007311842045103009,0.005631249991711229,0.9504302144050598,1.0,0.0020528846153846144,9.07211538461539e-05,3,1.0,1.0,0.9375,0.378125,2.231858076751232,1.0039722275733949,0.2578125,0.9614286124706268
552,1769600,92.59951001405716,0.9259952108561993,92.59951001405716,0.9259952108561993,0.0,0.0,0.0,769.4934738278389,7.694934915751219,0.8233323505520821,0.3125,0.17138948908868912,nan,nan,nan,nan,nan,nan,nan,nan,nan,nan,17696,-0.0006103832854714497,0.004953519348055125,0.7054479777812958,0.00042834775522351267,0.164413370937109,0.164413370937109,0.02869699914008379,0.0008527796304455042,0.005265624995809048,0.9398396611213684,1.0,0.0020384615384615376,8.961538461538471e-05,3,1.0,1.0,0.90625,0.3125,1.9247561809420586,1.3039193148911,0.2203125,0.9360268241167069
553,1772800,72.98245632648468,0.7298246598243714,72.98245632648468,0.7298246598243714,0.0,0.0,0.0,749.8764201402664,7.49876436471939,1.1545722114294767,0.33,0.15316265486458566,nan,nan,nan,nan,nan,nan,nan,nan,nan,nan,17728,-0.0004648252059007041,0.00506213242188096,0.6878508567810059,0.0006740044220350683,0.15005809366703032,0.15005809366703032,0.034570871666073796,0.0005350958646929533,0.004784375094459392,0.9406576156616211,1.0,0.002024038461538461,8.85096153846154e-05,3,1.0,1.0,0.875,0.33,3.1297567239403725,1.5339089477062224,0.23125,0.9630357539653778
554,1776000,90.6817232966423,0.906817265599966,90.6817232966423,0.906817265599966,0.0,0.0,0.0,767.575687110424,7.6757569704949855,0.9341098891198635,0.3259375,0.16852067291187947,nan,nan,nan,nan,nan,nan,nan,nan,nan,nan,17760,-0.0004227348287678012,0.004737239796668291,0.6996056020259858,0.0005399469519034028,0.1261618733406067,0.1261618733406067,0.03723986819386482,0.0004752471926669128,0.0032093750192871084,0.9411720037460327,1.0,0.002009615384615384,8.740384615384621e-05,3,1.0,1.0,0.96875,0.3259375,2.9099039766192436,1.300939024016261,0.23375,0.9304464727640152
555,1779200,132.35310196876526,1.32353111743927,132.35310196876526,1.32353111743927,0.0,0.0,0.0,809.247065782547,8.09247082233429,0.7501388384401798,0.3584375,0.20480518009614557,nan,nan,nan,nan,nan,nan,nan,nan,nan,nan,17792,-0.0004405354384740323,0.00416557639837265,0.6935122847557068,0.0002585623529739678,0.125273634493351,0.125273634493351,0.02508892137557268,0.0005204511369856499,0.002231249975739047,0.9480364918708801,1.0,0.001995192307692307,8.629807692307702e-05,3,1.0,1.0,0.90625,0.3584375,2.1720300075411796,1.1260039996355773,0.256875,0.9464286142587661
556,1782400,34.551589608192444,0.3455159819126129,34.551589608192444,0.3455159819126129,0.0,0.0,0.0,711.4455534219742,7.1144556868076325,0.9646211043000221,0.2746875,0.13981703616986688,nan,nan,nan,nan,nan,nan,nan,nan,nan,nan,17824,-0.0003379272713427639,0.004113897122442723,0.7001538395881652,0.0003321781288832426,0.10751409977674484,0.10751409977674484,0.030297842063009738,0.00041888882024528485,0.003721874993061647,0.9540503621101379,1.0,0.0019807692307692304,8.519230769230772e-05,3,1.0,1.0,0.9375,0.2746875,2.4719893819093706,1.4039499628543854,0.1990625,0.9015179002285003
557,1785600,109.0347293317318,1.0903472331166268,109.0347293317318,1.0903472331166268,0.0,0.0,0.0,785.9286931455135,7.859286938011646,0.831572285220027,0.3259375,0.1779550294739501,nan,nan,nan,nan,nan,nan,nan,nan,nan,nan,17856,-0.0003737830876605841,0.0035950731486082076,0.6860215067863464,7.479783380404115e-05,0.17046868428587914,0.17046868428587914,0.033216006308794024,0.0004887062283207594,0.003953124934923835,0.9535610675811768,1.0,0.001966346153846152,8.408653846153841e-05,3,1.0,1.0,0.9375,0.3259375,1.9306966510415078,1.3921126045286656,0.224375,0.9261607605218888
558,1788800,167.25311145186424,1.6725311768054962,167.25311145186424,1.6725311768054962,0.0,0.0,0.0,844.147075265646,8.441470881700516,0.600070329234004,0.3709375,0.2318257474204759,nan,nan,nan,nan,nan,nan,nan,nan,nan,nan,17888,-0.0003755396175598502,0.004984257323667407,0.6825269997119904,0.0007843488012440503,0.12785738408565522,0.12785738408565522,0.026671513356268405,0.00045343088932434973,0.004481249919626862,0.9296167492866516,1.0,0.001951923076923075,8.298076923076922e-05,3,1.0,1.0,0.96875,0.3709375,1.8726409515738487,1.0219092860817909,0.24375,0.9438393282890319
559,1792000,163.67160761356354,1.6367161212861538,163.67160761356354,1.6367161212861538,0.0,0.0,0.0,840.5655714273453,8.405655826181173,0.7383977679908276,0.371875,0.21391824520679098,nan,nan,nan,nan,nan,nan,nan,nan,nan,nan,17920,-0.0004456197033286813,0.0042433073744177815,0.6829192817211152,0.00035287787904962896,0.10617699362337589,0.10617699362337589,0.029384045116603374,0.0007012841073489074,0.005171874939696864,0.9458208680152893,1.0,0.0019374999999999983,8.187500000000003e-05,3,1.0,1.0,0.9375,0.371875,2.3028021052479746,1.0813732773065567,0.2440625,0.9365178996324539
560,1795200,83.17918825149536,0.8317918336391449,83.17918825149536,0.8317918336391449,0.0,0.0,0.0,760.0731520652771,7.6007315385341645,0.6451714599877596,0.3234375,0.19659804942301057,-62.80430093407631,-0.6280430093407631,-62.80430093407631,-0.6280430093407631,100.0,1.5132978000026196,0.17,0.06764021358703406,62.80430093407631,753.782099455595,17952,-0.00047060519976653835,0.004169910680502653,0.6837872505187989,0.0002993746427819133,0.16771748587489127,0.16771748587489127,0.027697950415313245,0.0005764565859906227,0.004912500025238842,0.9486722946166992,1.0,0.0019230769230769214,8.076923076923072e-05,3,1.0,1.0,0.9375,0.3234375,2.714694081097841,1.3032773704826832,0.24625,0.9434821832180024
561,1798400,81.0617438852787,0.8106174498796463,81.0617438852787,0.8106174498796463,0.0,0.0,0.0,757.9557076990604,7.579557154774665,0.8762310311198235,0.3275,0.17455206452082422,nan,nan,nan,nan,nan,nan,nan,nan,nan,nan,17984,-0.000672718671400796,0.004416105942800641,0.6731120526790619,0.00025059634353965523,0.17870054468512536,0.17870054468512536,0.03038296867161989,0.0013154524669561323,0.01379374986718176,0.9442256689071655,1.0,0.0019086538461538446,7.966346153846153e-05,3,1.0,1.0,0.90625,0.3275,2.6785993039608003,1.2302065175026655,0.23125,0.9282143270969391
562,1801600,98.17174607515335,0.9817176401615143,98.17174607515335,0.9817176401615143,0.0,0.0,0.0,775.0657098889351,7.750657345056534,1.0990874260663985,0.34125,0.1625706465401911,nan,nan,nan,nan,nan,nan,nan,nan,nan,nan,18016,-0.0007570763890631937,0.004441493609920144,0.6740177273750305,0.00018692531157284975,0.19377920255064965,0.19377920255064965,0.033176354691386224,0.0009873354996712488,0.009187500074040145,0.9439948201179504,1.0,0.0018942307692307678,7.855769230769233e-05,3,1.0,1.0,0.84375,0.34125,2.4256794169545173,1.5244053389132022,0.2215625,0.9624107587337494
563,1804800,128.15583634376526,1.2815584734082222,128.15583634376526,1.2815584734082222,0.0,0.0,0.0,805.049800157547,8.050498178303242,0.896402784883976,0.3403125,0.17945159262188107,nan,nan,nan,nan,nan,nan,nan,nan,nan,nan,18048,-0.0007513705266522841,0.004069286887533963,0.6818697392940521,1.4889519661664963e-06,0.11889483630657197,0.11889483630657197,0.033987322077155116,0.0010198129079115638,0.005378125012794044,0.9491740465164185,1.0,0.001879807692307691,7.745192307692314e-05,3,1.0,1.0,0.9375,0.3403125,2.2568738870322704,1.08141788944602,0.2446875,0.933214328289032
564,1808000,60.57065570354462,0.6057067415118218,60.57065570354462,0.6057067415118218,0.0,0.0,0.0,737.4646195173264,7.374646446406841,0.8964368122071028,0.3009375,0.1586857511217388,nan,nan,nan,nan,nan,nan,nan,nan,nan,nan,18080,-0.0002679746117238757,0.004488272592425346,0.682050746679306,0.0007038747193291783,0.11525919735431671,0.11525919735431671,0.025078750774264337,0.0006442053247199821,0.004634375020395964,0.9432767033576965,1.0,0.0018653846153846142,7.634615384615384e-05,3,1.0,1.0,0.9375,0.3009375,2.809005500674248,1.240242160782218,0.2259375,0.9329464739561081
565,1811200,173.67527812719345,1.7367527842521668,173.67527812719345,1.7367527842521668,0.0,0.0,0.0,850.5692419409752,8.505692489147187,0.5895341492444277,0.3746875,0.23572157929296753,nan,nan,nan,nan,nan,nan,nan,nan,nan,nan,18112,-0.0004668693055573492,0.0038098947843536735,0.6796999275684357,0.00017997961840592324,0.14434098228812217,0.14434098228812217,0.03007502555847168,0.0007874123799453835,0.005962500068562804,0.9470322728157043,1.0,0.0018509615384615374,7.524038461538464e-05,3,1.0,1.0,0.96875,0.3746875,1.9999516707658769,0.9750308707356453,0.239375,0.9626339697837829
566,1814400,63.892754673957825,0.638927612900734,63.892754673957825,0.638927612900734,0.0,0.0,0.0,740.7867184877396,7.407867317795754,0.9968445049226284,0.3159375,0.1582183786575017,nan,nan,nan,nan,nan,nan,nan,nan,nan,nan,18144,-0.0004070068554501205,0.004430194851011038,0.6763252973556518,0.0005659932037815451,0.13514331057667733,0.13514331057667733,0.03830577991902828,0.00040217544465581754,0.002900000003137393,0.9422274231910706,1.0,0.0018365384615384606,7.413461538461545e-05,3,1.0,1.0,0.9375,0.3159375,3.238832002580166,1.2482606941461563,0.2153125,0.9312500435113907
567,1817600,124.99977740645409,1.24999773144722,124.99977740645409,1.24999773144722,0.0,0.0,0.0,801.8937412202358,8.01893743634224,0.6964712251722812,0.3509375,0.20686321983702458,nan,nan,nan,nan,nan,nan,nan,nan,nan,nan,18176,-0.00031594793737745876,0.004333820613101125,0.6684085726737976,0.0006330448435619473,0.10025642588734626,0.10025642588734626,0.036302341520786284,0.0005264863204547107,0.004062500043073669,0.9492889642715454,1.0,0.0018221153846153838,7.302884615384615e-05,3,1.0,1.0,0.90625,0.3509375,2.432262664735317,0.968098510876298,0.2371875,0.944285758137703
568,1820800,149.95575991272926,1.4995576614141464,149.95575991272926,1.4995576614141464,0.0,0.0,0.0,826.849723726511,8.268497366309166,0.8775944977253676,0.3703125,0.1972270905398472,nan,nan,nan,nan,nan,nan,nan,nan,nan,nan,18208,-0.0005184850750083569,0.004284590948373079,0.6688295245170593,0.0004147724015638232,0.14543690755963326,0.14543690755963326,0.02838670965284109,0.0005372657855373694,0.0038718749972758816,0.9432470798492432,1.0,0.001807692307692307,7.192307692307695e-05,3,1.0,1.0,0.9375,0.3703125,1.831038352549076,1.1503929970413447,0.2725,0.9295089715719222
569,1824000,66.5369023680687,0.6653690712153911,66.5369023680687,0.6653690712153911,0.0,0.0,0.0,743.4308661818504,7.43430877611041,0.9145251854509115,0.3053125,0.15947165507153796,nan,nan,nan,nan,nan,nan,nan,nan,nan,nan,18240,-0.0008239862823480326,0.004421953856945038,0.6615406394004821,0.00020067018922418356,0.16182569712400435,0.16182569712400435,0.04043737184256315,0.0008414949299594583,0.005174999995506369,0.9420146942138672,1.0,0.0017932692307692302,7.081730769230776e-05,3,1.0,1.0,0.9375,0.3053125,3.0831194132566453,1.1544489988684654,0.215,0.9339286106824874
570,1827200,151.80525919795036,1.5180526667833327,151.80525919795036,1.5180526667833327,0.0,0.0,0.0,828.6992230117321,8.286992371678352,0.6435444993525743,0.365,0.22208099637325363,nan,nan,nan,nan,nan,nan,nan,nan,nan,nan,18272,-0.0003562648921506373,0.0042448532301932575,0.6760885298252106,0.0005635042442008853,0.15509893968701363,0.15509893968701363,0.03138077650219202,0.0007426317210094368,0.005449999920892878,0.9533098936080933,1.0,0.0017788461538461534,6.971153846153846e-05,3,1.0,1.0,0.9375,0.365,2.3537344336509705,0.8219432577490806,0.2628125,0.9396875435113907
571,1830400,64.6004253923893,0.6460042062401772,64.6004253923893,0.6460042062401772,0.0,0.0,0.0,741.494389206171,7.414943911135197,0.8512566113471984,0.306875,0.16576578207419912,nan,nan,nan,nan,nan,nan,nan,nan,nan,nan,18304,-0.00022674074359052554,0.004117944138124585,0.6758363902568817,0.0006397699355147779,0.08951153457164765,0.08951153457164765,0.03140325080603361,0.0002613509352203167,0.0012406249988998752,0.95121169090271,1.0,0.0017644230769230766,6.860576923076926e-05,3,1.0,1.0,0.875,0.306875,2.791777849495411,0.9784078436344862,0.2221875,0.9510714721679687
572,1833600,38.4468652009964,0.38446871504187585,38.4468652009964,0.38446871504187585,0.0,0.0,0.0,715.3408290147781,7.153408419936895,1.030425655245781,0.2896875,0.14267328589528366,nan,nan,nan,nan,nan,nan,nan,nan,nan,nan,18336,-0.0004627006995724603,0.0035918290726840497,0.6655500054359436,0.00016850130632519721,0.13242847695946694,0.13242847695946694,0.024820779636502265,0.0006691471518976731,0.0066468750243075195,0.9603514671325684,1.0,0.0017499999999999998,6.750000000000007e-05,3,1.0,1.0,0.9375,0.2896875,2.1590511310100555,1.565790458843112,0.21125,0.9575000423192978
573,1836800,43.12816074490547,0.43128177255392075,43.12816074490547,0.43128177255392075,0.0,0.0,0.0,720.0221245586872,7.20022147744894,0.8667328471690416,0.314375,0.1684092078182261,nan,nan,nan,nan,nan,nan,nan,nan,nan,nan,18368,-0.0005302336649561812,0.004406735626980662,0.7030643701553345,0.00045291187707334756,0.14561329856514932,0.14561329856514932,0.02755214348435402,0.0007250810253069951,0.006784375098868622,0.9539162516593933,1.0,0.001735576923076923,6.639423076923087e-05,3,1.0,1.0,0.875,0.314375,3.7150352227687837,1.2423901975154876,0.2225,0.9100893300771713
574,1840000,119.86654996871948,1.1986654353141786,119.86654996871948,1.1986654353141786,0.0,0.0,0.0,796.7605137825012,7.967605140209198,0.8784759268909693,0.34375,0.1829940938178187,nan,nan,nan,nan,nan,nan,nan,nan,nan,nan,18400,-0.00022827082231307027,0.0038462897762656214,0.6948649704456329,0.0004989045904949307,0.12097262144088745,0.12097262144088745,0.023639721050858497,0.0005156612945984602,0.004075000004377216,0.9540815949440002,1.0,0.0017211538461538462,6.528846153846157e-05,3,1.0,1.0,0.90625,0.34375,2.8070928514003755,1.3076992835104466,0.233125,0.919732186794281
575,1843200,208.0042929649353,2.0800431418418883,208.0042929649353,2.0800431418418883,0.0,0.0,0.0,884.898256778717,8.848982846736908,0.6627844405174256,0.40125,0.24131209687958047,nan,nan,nan,nan,nan,nan,nan,nan,nan,nan,18432,-0.0006039076505229169,0.004406748432666063,0.6839101493358613,0.000432216061744839,0.27967177554965017,0.27967177554965017,0.03527555987238884,0.0006606339964538479,0.0067593751413369315,0.9388486742973328,1.0,0.0017067307692307694,6.418269230769238e-05,3,1.0,1.0,0.9375,0.40125,2.3071823903918265,0.9447191117703915,0.28,0.9336607593297959
576,1846400,104.28184401988983,1.0428182788193225,104.28184401988983,1.0428182788193225,0.0,0.0,0.0,781.1758078336716,7.811757983714342,0.8919151527434588,0.33625,0.17772995766348465,nan,nan,nan,nan,nan,nan,nan,nan,nan,nan,18464,-0.0005987818231806052,0.004898726381361485,0.673343688249588,0.000711076706647873,0.15138045102357864,0.15138045102357864,0.051796185225248335,0.000493294800439631,0.003040624979621498,0.9365817308425903,1.0,0.0016923076923076909,6.307692307692308e-05,3,1.0,1.0,0.90625,0.33625,2.2641806834936142,1.3916208842396736,0.22875,0.9587054020166397
577,1849600,78.11153888702393,0.7811156073212624,78.11153888702393,0.7811156073212624,0.0,0.0,0.0,755.0055027008057,7.550055312216282,1.0655335059016944,0.3253125,0.15749562961361263,nan,nan,nan,nan,nan,nan,nan,nan,nan,nan,18496,-0.00024460672345303356,0.00464926022104919,0.6589174807071686,0.0009744359063915909,0.12598972246050835,0.12598972246050835,0.03558207880705595,0.00035800631158485483,0.002296875007959898,0.943618893623352,1.0,0.001677884615384614,6.197115384615388e-05,3,1.0,1.0,0.90625,0.3253125,2.3355613182485104,1.463565868884325,0.2246875,0.9438393282890319
578,1852800,109.94649052619934,1.0994649162888528,109.94649052619934,1.0994649162888528,0.0,0.0,0.0,786.8404543399811,7.868404621183872,0.683690509274602,0.325625,0.1933995578203334,nan,nan,nan,nan,nan,nan,nan,nan,nan,nan,18528,-0.0002677278512331682,0.003590771183371544,0.6786017298698426,0.0003988298587501049,0.09925358220934868,0.09925358220934868,0.024722067452967168,0.0003860614680023345,0.002262500020879088,0.9568370580673218,1.0,0.0016634615384615373,6.086538461538458e-05,3,1.0,1.0,1.0,0.325625,2.079058505743742,1.0907433574646712,0.2325,0.9355804008245469
579,1856000,105.19939395785332,1.0519941285252572,105.19939395785332,1.0519941285252572,0.0,0.0,0.0,782.093357771635,7.820933833420277,0.9658857227116823,0.351875,0.1789905669158808,nan,nan,nan,nan,nan,nan,nan,nan,nan,nan,18560,-0.0002287293171233884,0.0032905660336837173,0.6803302109241486,0.0002946630120277405,0.08058714419603348,0.08058714419603348,0.02641080357134342,0.0002936032530716839,0.0012718749974737875,0.9639028906822205,1.0,0.0016490384615384605,5.9759615384615385e-05,3,1.0,1.0,0.90625,0.351875,2.609447145164013,1.259746790751815,0.2525,0.9565179038047791
580,1859200,153.42701175808907,1.534270048737526,153.42701175808907,1.534270048737526,0.0,0.0,0.0,830.3209755718708,8.303209753632546,0.5672516106814146,0.346875,0.22132693795681255,116.68004378676414,1.1668004378676415,116.68004378676414,1.1668004378676415,100.0,1.490711511792615,0.345,0.13851463662754604,0.0,933.2664441764355,18592,-0.0006250510663667441,0.004454352706670761,0.6693526446819306,0.000507991190534085,0.16189616322517394,0.16189616322517394,0.027176021970808505,0.0007665670658796025,0.006081250053830445,0.9401041865348816,1.0,0.0016346153846153837,5.865384615384619e-05,3,1.0,1.0,1.0,0.346875,2.791153154373169,0.8063033673912287,0.250625,0.9531696844100952
581,1862400,83.56653660535812,0.8356654143333435,83.56653660535812,0.8356654143333435,0.0,0.0,0.0,760.4605004191399,7.604605119228363,0.7429357682913542,0.31625,0.18144673243468298,nan,nan,nan,nan,nan,nan,nan,nan,nan,nan,18624,-0.0003188609469420456,0.003271337109617889,0.6896742343902588,0.00019940268248319626,0.15763419568538667,0.15763419568538667,0.01946619786322117,0.0004759645251441868,0.0034749999987980116,0.9616891145706177,1.0,0.0016201923076923069,5.754807692307689e-05,3,1.0,1.0,0.9375,0.31625,3.2726373791694643,1.1534412440657615,0.2321875,0.9307589673995972
582,1865600,179.82390066981316,1.7982390646636486,179.82390066981316,1.7982390646636486,0.0,0.0,0.0,856.7178644835949,8.567178769558668,0.6123173129558563,0.370625,0.2298710043127518,nan,nan,nan,nan,nan,nan,nan,nan,nan,nan,18656,-0.0003092824728315513,0.003479771292768419,0.6784229576587677,0.00034121243515983224,0.13232456892728806,0.13232456892728806,0.021875779516994952,0.000474487140859573,0.0032000000472180547,0.952152669429779,1.0,0.00160576923076923,5.6442307692307694e-05,3,1.0,1.0,0.96875,0.370625,2.141433657258749,0.8129837609082461,0.2621875,0.973482181429863
583,1868800,111.10145670175552,1.1110145887732505,111.10145670175552,1.1110145887732505,0.0,0.0,0.0,787.9954205155373,7.87995429366827,0.9176376438885927,0.3471875,0.1810495852052486,nan,nan,nan,nan,nan,nan,nan,nan,nan,nan,18688,-0.0003714037322962938,0.00480137336999178,0.6994907140731812,0.0009161511436104775,0.17857603579759598,0.17857603579759598,0.04135817103087902,0.00076395955075419,0.007037499893340282,0.9393042325973511,1.0,0.0015913461538461533,5.53365384615385e-05,3,1.0,1.0,0.90625,0.3471875,2.248405709862709,1.2574310840666294,0.2278125,0.9517411136627197
584,1872000,114.13280689716339,1.1413281098008157,114.13280689716339,1.1413281098008157,0.0,0.0,0.0,791.0267707109451,7.910267814695835,0.9648200599104166,0.3478125,0.1770200269717615,nan,nan,nan,nan,nan,nan,nan,nan,nan,nan,18720,-0.0003071618638990969,0.004951028851792216,0.6719834446907044,0.0011086863465607165,0.1471242357045412,0.1471242357045412,0.03378797620534897,0.0005825917403903087,0.005146874987985939,0.9481046199798584,1.0,0.0015769230769230765,5.42307692307692e-05,3,1.0,1.0,0.84375,0.3478125,3.1021340185403825,1.238201573714614,0.2384375,0.9405357551574707
585,1875200,64.97184920310974,0.6497185106575489,64.97184920310974,0.6497185106575489,0.0,0.0,0.0,741.8658130168915,7.418658215552568,0.9058191799372435,0.3221875,0.1690546004530237,nan,nan,nan,nan,nan,nan,nan,nan,nan,nan,18752,-0.000410836863322761,0.004259212780743838,0.6490497469902039,0.0007046292768791318,0.14701311215758323,0.14701311215758323,0.029148044623434545,0.0005052115775514828,0.0036468750491621903,0.953496515750885,1.0,0.0015624999999999997,5.3125000000000004e-05,3,1.0,1.0,0.9375,0.3221875,2.638879981935024,1.3956924191117286,0.223125,0.9227678972482681
586,1878400,17.960997343063354,0.1796097080409527,17.960997343063354,0.1796097080409527,0.0,0.0,0.0,694.8549611568451,6.948549412935972,1.2987605848908423,0.3121875,0.13580687873801542,nan,nan,nan,nan,nan,nan,nan,nan,nan,nan,18784,-0.00011773936502486037,0.00660730404779315,0.6778850317001343,0.0021364944404922426,0.09309465140104294,0.09309465140104294,0.038158217817544936,0.00025601894340497296,0.0011906249848834705,0.9404215216636658,1.0,0.0015480769230769229,5.201923076923081e-05,3,1.0,1.0,0.78125,0.3121875,3.2523201161623003,1.8225171303749084,0.223125,0.9309375423192978
587,1881600,-5.804052859544754,-0.05804056659340859,-5.804052859544754,-0.05804056659340859,0.0,5.804052859544754,0.05804056659340859,671.089910954237,6.7108991383016106,1.1672933833301067,0.2784375,0.1284724542332949,nan,nan,nan,nan,nan,nan,nan,nan,nan,nan,18816,-0.00030531612665218866,0.004262087726965546,0.669147789478302,0.0007994866697117686,0.11146611049771309,0.11146611049771309,0.02744759079068899,0.00027895528319720695,0.0021312500233761967,0.95732182264328,1.0,0.001533653846153846,5.0913461538461616e-05,3,1.0,1.0,0.9375,0.2784375,3.3730057671666147,1.4761061931401491,0.20625,0.9385268342494965
588,1884800,95.19157376885414,0.9519158712774515,95.19157376885414,0.9519158712774515,0.0,0.0,0.0,772.0855375826359,7.720855576172471,0.9954669286310672,0.3365625,0.16866353191375066,nan,nan,nan,nan,nan,nan,nan,nan,nan,nan,18848,-0.0004231250020878985,0.004581606201827526,0.6765232801437377,0.0008398830657824873,0.15908430591225625,0.15908430591225625,0.03030516244471073,0.00041534955462786536,0.0035468750222207744,0.9441555142402649,1.0,0.0015192307692307692,4.980769230769231e-05,3,1.0,1.0,0.96875,0.3365625,2.4626942238211633,1.3421155875176192,0.233125,0.9447768324613571
589,1888000,153.90327787399292,1.5390325471758843,153.90327787399292,1.5390325471758843,0.0,0.0,0.0,830.7972416877747,8.307972252070904,0.7046678667515516,0.36625,0.21485123709050324,nan,nan,nan,nan,nan,nan,nan,nan,nan,nan,18880,-0.0002612210022780559,0.004503164999186992,0.6718206226825714,0.0009794006240554155,0.11383611261844635,0.11383611261844635,0.034253687039017676,0.0003251593234424851,0.0018937500186439137,0.9465526938438416,1.0,0.0015048076923076924,4.870192307692312e-05,3,1.0,1.0,0.875,0.36625,1.9556428590416908,0.9741501398384571,0.2446875,0.9345536142587662
590,1891200,96.86219307780266,0.9686220717430115,96.86219307780266,0.9686220717430115,0.0,0.0,0.0,773.7561568915844,7.737561776638031,0.8504359217733145,0.3225,0.17428325736939917,nan,nan,nan,nan,nan,nan,nan,nan,nan,nan,18912,-0.00011509675990093449,0.003713297424837947,0.6806116163730621,0.0007271788781508803,0.07325591295957565,0.07325591295957565,0.037423557788133624,0.0001345261829599287,0.0004218750080326572,0.9557540416717529,1.0,0.0014903846153846156,4.7596153846153925e-05,3,1.0,1.0,0.9375,0.3225,2.525684275329113,1.2873065908998251,0.2284375,0.9187946826219558
591,1894400,128.17497301101685,1.2817497965693474,128.17497301101685,1.2817497965693474,0.0,0.0,0.0,805.0689368247986,8.050689501464367,0.8042954851686954,0.3540625,0.1962331020115014,nan,nan,nan,nan,nan,nan,nan,nan,nan,nan,18944,-0.00027910822535486544,0.004747919924557209,0.6975972652435303,0.0010652250261045993,0.1144158236682415,0.1144158236682415,0.03460460212081671,0.00029171973501895907,0.0019406250255997292,0.9385591745376587,1.0,0.0014759615384615388,4.649038461538462e-05,3,1.0,1.0,0.84375,0.3540625,2.9355108833312986,1.0861189460754395,0.254375,0.9409375417232514
592,1897600,49.413597762584686,0.4941359278559685,49.413597762584686,0.4941359278559685,0.0,0.0,0.0,726.3075615763664,7.263075632750988,1.0702520560473203,0.3078125,0.14868358618500713,nan,nan,nan,nan,nan,nan,nan,nan,nan,nan,18976,-0.000286027725059812,0.004856505803763867,0.6622672855854035,0.001174296095268801,0.10489224493503571,0.10489224493503571,0.027538142912089825,0.0002291824832852148,0.001059374987380579,0.9454999566078186,1.0,0.0014615384615384603,4.538461538461543e-05,3,1.0,1.0,0.84375,0.3078125,2.7689559587836268,1.3162420003861188,0.214375,0.9357143276929856
593,1900800,97.44806957244873,0.9744806694984436,97.44806957244873,0.9744806694984436,0.0,0.0,0.0,774.3420333862305,7.743420374393462,0.831913383230567,0.334375,0.18252773469580308,nan,nan,nan,nan,nan,nan,nan,nan,nan,nan,19008,-0.00031280102859305715,0.0047327781096100805,0.6551826477050782,0.0011054631206206978,0.11801353469491005,0.11801353469491005,0.026364415884017944,0.0003498631090264423,0.002046875059022568,0.944442868232727,1.0,0.0014471153846153835,4.4278846153846235e-05,3,1.0,1.0,0.90625,0.334375,3.019112423360348,1.1448812679946423,0.21625,0.8985714662075043
594,1904000,110.02737581729889,1.1002736926078795,110.02737581729889,1.1002736926078795,0.0,0.0,0.0,786.9213396310806,7.869213397502898,1.0376433786004782,0.3534375,0.17345405173046166,nan,nan,nan,nan,nan,nan,nan,nan,nan,nan,19040,-0.0002202716380867109,0.005258851032704115,0.6724659085273743,0.001445717120077461,0.0666611310094595,0.0666611310094595,0.03427918143570423,0.0002660935553694963,0.00048437500299769454,0.9349861741065979,1.0,0.0014326923076923067,4.317307692307693e-05,3,1.0,1.0,0.90625,0.3534375,2.5654132956266404,1.42170477963984,0.243125,0.9058928990364075
595,1907200,104.68985426425934,1.0468983222544193,104.68985426425934,1.0468983222544193,0.0,0.0,0.0,781.5838180780411,7.8158380271494385,0.9601130250841379,0.341875,0.17441596256181452,nan,nan,nan,nan,nan,nan,nan,nan,nan,nan,19072,-0.0004324164159887012,0.0038679014425724743,0.6599372565746308,0.0005655656103044748,0.13307478427886962,0.13307478427886962,0.02399115189909935,0.0005727788772719822,0.0032874999844352713,0.9579200744628906,1.0,0.00141826923076923,4.206730769230763e-05,3,1.0,1.0,0.9375,0.341875,2.467503043413162,1.3762821046262979,0.24,0.9448661136627198
596,1910400,15.19695496559143,0.15196971386671065,15.19695496559143,0.15196971386671065,0.0,0.0,0.0,692.0909187793732,6.92090941876173,1.1474785262346268,0.2975,0.13853456338007453,nan,nan,nan,nan,nan,nan,nan,nan,nan,nan,19104,-0.0002013546478853101,0.005557803390547633,0.6675146996974946,0.0016404590685851872,0.14984048679471015,0.14984048679471015,0.03504320606589317,0.00025319524539082035,0.0017281249798543285,0.9420430660247803,1.0,0.001403846153846153,4.0961538461538436e-05,3,1.0,1.0,0.84375,0.2975,2.983676124215126,1.6858420003950596,0.19625,0.9377232575416565
597,1913600,59.52074155211449,0.5952075242996215,59.52074155211449,0.5952075242996215,0.0,0.0,0.0,736.4147053658962,7.364147229194641,1.140957705080509,0.3284375,0.15340681379207788,nan,nan,nan,nan,nan,nan,nan,nan,nan,nan,19136,-0.0002485190845356533,0.00448493673466146,0.6724860429763794,0.0010595816245768219,0.06185324788093567,0.06185324788093567,0.028891247510910035,0.00018628416114988008,0.0002312499938852852,0.9498751163482666,1.0,0.0013894230769230763,3.985576923076924e-05,3,1.0,1.0,0.90625,0.3284375,2.612753436267376,1.6265415772795677,0.2396875,0.9237500417232514
598,1916800,29.105237543582916,0.29105227172374726,29.105237543582916,0.29105227172374726,0.0,0.0,0.0,705.9992013573647,7.059991976618766,1.104615345299244,0.2903125,0.1379408834248151,nan,nan,nan,nan,nan,nan,nan,nan,nan,nan,19168,-0.0001723873464390735,0.004977026302367449,0.665622764825821,0.0014008945086970924,0.08468975722789765,0.08468975722789765,0.027456765435636042,0.00019384030102136056,0.000918749998891144,0.9467540979385376,1.0,0.0013749999999999995,3.875000000000005e-05,3,1.0,1.0,0.9375,0.2903125,3.3647486865520477,1.3558287344872952,0.2065625,0.9504464715719223
599,1920000,110.34247952699661,1.103424881696701,110.34247952699661,1.103424881696701,0.0,0.0,0.0,787.2364433407784,7.87236458659172,0.8020291583240032,0.3346875,0.18572812679195477,nan,nan,nan,nan,nan,nan,nan,nan,nan,nan,19200,-0.0001889121532534954,0.0050071753095835446,0.6546712458133698,0.0014239449286833406,0.07369012162089347,0.07369012162089347,0.037334424629807475,0.00012846916302340479,0.00032187499855353965,0.9402984976768494,1.0,0.0013605769230769227,3.7644230769230745e-05,3,1.0,1.0,0.9375,0.3346875,2.697296762764454,1.1047245436906814,0.2365625,0.9329018241167069
600,1923200,36.58418336510658,0.3658419029414654,36.58418336510658,0.3658419029414654,0.0,0.0,0.0,713.4781471788883,7.1347816078364845,1.185601944923401,0.3096875,0.14169437427493398,138.32722009718418,1.383272200971842,138.32722009718418,1.383272200971842,100.0,1.4646201279293747,0.365,0.1480958448175342,0.0,954.9136204868555,19232,-0.0003880114078986807,0.00458896066993475,0.6540067672729493,0.0010260752227623017,0.14502179324626924,0.14502179324626924,0.047269439697265624,0.0002742561911687737,0.0018875000001571606,0.949755072593689,1.0,0.0013461538461538459,3.653846153846155e-05,3,1.0,1.0,0.875,0.3096875,3.3950394016504286,1.687470400929451,0.22875,0.9290178948640824
601,1926400,84.35669243335724,0.8435669887065887,84.35669243335724,0.8435669887065887,0.0,0.0,0.0,761.250656247139,7.612506693601608,0.9672121151536703,0.32375,0.1645730002911811,nan,nan,nan,nan,nan,nan,nan,nan,nan,nan,19264,-0.00034737408719083264,0.004106439277529716,0.6598579049110412,0.0008270924910902977,0.20332726910710336,0.20332726910710336,0.04026981368660927,0.0005206060612227162,0.004171875048632501,0.9484695792198181,1.0,0.001331730769230769,3.543269230769236e-05,3,1.0,1.0,0.90625,0.32375,2.408721001595259,1.2897570206969977,0.2284375,0.9306696838140488
602,1929600,163.56010115146637,1.635600948780775,163.56010115146637,1.635600948780775,0.0,0.0,0.0,840.4540649652481,8.404540653675795,0.6352499139308929,0.3634375,0.22225196094115754,nan,nan,nan,nan,nan,nan,nan,nan,nan,nan,19296,-0.0002835478787456047,0.004379439400509,0.6593016922473908,0.0010376686055678873,0.09219977036118507,0.09219977036118507,0.028278411366045475,0.00023433961833206683,0.0008437499807769199,0.9442344307899475,1.0,0.0013173076923076905,3.4326923076923054e-05,3,1.0,1.0,0.96875,0.3634375,1.8648621320724488,1.067254008203745,0.2596875,0.9335268247127533
603,1932800,68.5595463514328,0.6855954325199127,68.5595463514328,0.6855954325199127,0.0,0.0,0.0,745.4535101652145,7.454535137414932,0.8977438225597143,0.3178125,0.16746859940839026,nan,nan,nan,nan,nan,nan,nan,nan,nan,nan,19328,-0.00026447660680277706,0.003992372937500477,0.6714596450328827,0.0008568754128646106,0.13152182400226592,0.13152182400226592,0.029485573805868626,0.0002893637913120997,0.0018250000066473149,0.9550208449363708,1.0,0.0013028846153846137,3.322115384615386e-05,3,1.0,1.0,0.9375,0.3178125,2.648851857483387,1.237518793195486,0.245,0.9473661160469056
604,1936000,-36.22862821817398,-0.36228648990392687,-36.22862821817398,-0.36228648990392687,0.0,36.22862821817398,0.36228648990392687,640.6653355956078,6.406653214991092,1.1162435114383698,0.246875,0.1166571798876793,nan,nan,nan,nan,nan,nan,nan,nan,nan,nan,19360,-0.00017369167808354292,0.004094875836744905,0.6733334124088287,0.0010061820619739592,0.07261100970208645,0.07261100970208645,0.02798833455890417,0.00017519515768520268,0.0004500000035477569,0.9555586576461792,1.0,0.001288461538461537,3.2115384615384666e-05,3,1.0,1.0,0.78125,0.246875,3.5483969524502754,1.3857084549963474,0.1834375,0.9506696903705597
605,1939200,144.252527654171,1.4425252392888068,144.252527654171,1.4425252392888068,0.0,0.0,0.0,821.1464914679527,8.211464944183826,0.8251479990035295,0.355625,0.1948472124968274,nan,nan,nan,nan,nan,nan,nan,nan,nan,nan,19392,-0.00037507378578593986,0.003956536459736526,0.6704628527164459,0.0007489989860914647,0.13966207802295685,0.13966207802295685,0.02637427132576704,0.0003071664531989563,0.0020218750563799404,0.9467320442199707,1.0,0.0012740384615384601,3.1009615384615364e-05,3,1.0,1.0,0.96875,0.355625,1.8535770729184151,1.20798061683774,0.2475,0.9634821873903274
606,1942400,155.85452085733414,1.558545245975256,155.85452085733414,1.558545245975256,0.0,0.0,0.0,832.7484846711159,8.327484950870275,0.7640214703977108,0.3578125,0.20283908444681722,nan,nan,nan,nan,nan,nan,nan,nan,nan,nan,19424,-0.00027749354820698623,0.004415785474702716,0.6669957160949707,0.001090241112979129,0.1469680920243263,0.1469680920243263,0.030901184305548668,0.00033938651313753464,0.0024937500533269486,0.9360260367393494,1.0,0.0012596153846153833,2.990384615384617e-05,3,1.0,1.0,0.96875,0.3578125,2.8435344414412977,1.1996202940493823,0.2484375,0.9271875435113907
607,1945600,169.54775941371918,1.695477642416954,169.54775941371918,1.695477642416954,0.0,0.0,0.0,846.4417232275009,8.464417347311974,0.7475695507228375,0.3715625,0.21261671665446027,nan,nan,nan,nan,nan,nan,nan,nan,nan,nan,19456,-0.0002998601964587566,0.0036356785567477345,0.6656168222427368,0.000689158181194216,0.13596934899687768,0.13596934899687768,0.04259561859071255,0.000272883575149071,0.0014437500300118699,0.9480285048484802,1.0,0.0012451923076923065,2.8798076923076976e-05,3,1.0,1.0,0.96875,0.3715625,2.006185564994812,0.8906523998081685,0.266875,0.9409821826219559
608,1948800,84.00042223930359,0.8400041598081589,84.00042223930359,0.8400041598081589,0.0,0.0,0.0,760.8943860530853,7.608943864703178,0.8581937584280968,0.326875,0.17591007316508997,nan,nan,nan,nan,nan,nan,nan,nan,nan,nan,19488,-0.00028476562343637823,0.003968593920581043,0.6579651474952698,0.0008897281077224761,0.14422838762402534,0.14422838762402534,0.04053892195224762,0.00031332591361669693,0.002562500012209057,0.9536850452423096,1.0,0.0012307692307692297,2.769230769230778e-05,3,1.0,1.0,0.9375,0.326875,3.685586422383785,1.0027840647101403,0.2465625,0.9255804008245468
609,1952000,160.4936202764511,1.604936257302761,160.4936202764511,1.604936257302761,0.0,0.0,0.0,837.3875840902328,8.373875962197781,0.7321962804347276,0.36875,0.21288003222559468,nan,nan,nan,nan,nan,nan,nan,nan,nan,nan,19520,-0.00022679362298667628,0.0034431858686730264,0.6639537632465362,0.0006872017111163586,0.12846450433135032,0.12846450433135032,0.023026958107948303,0.00019162974190735344,0.0010843750060303137,0.9545791745185852,1.0,0.001216346153846153,2.658653846153848e-05,3,1.0,1.0,1.0,0.36875,2.6071145761013033,1.0161536084860563,0.2671875,0.9390179020166397
610,1955200,120.49455484747887,1.2049454048275947,120.49455484747887,1.2049454048275947,0.0,0.0,0.0,797.3885186612606,7.973885109722614,0.8005704542249441,0.3503125,0.19455639693409948,nan,nan,nan,nan,nan,nan,nan,nan,nan,nan,19552,-0.00017589764775332027,0.004845377476885915,0.6630458176136017,0.0014498609583824874,0.07178429290652275,0.07178429290652275,0.043365320563316344,0.00015500614454611332,0.0005843750055646524,0.9407105445861816,1.0,0.0012019230769230761,2.5480769230769285e-05,3,1.0,1.0,0.90625,0.3503125,2.6737207055091856,0.9980600407719612,0.23,0.9293303990364075
611,1958400,174.6010498702526,1.7460104085505008,174.6010498702526,1.7460104085505008,0.0,0.0,0.0,851.4950136840343,8.51495011344552,0.7634147686511278,0.38375,0.21761754909965866,nan,nan,nan,nan,nan,nan,nan,nan,nan,nan,19584,-0.00035835542712594484,0.005183269549161196,0.658314847946167,0.0014515304937958717,0.11808679848909379,0.11808679848909379,0.03387009240686893,0.0002458198062003077,0.0008656249956402462,0.9248815774917603,1.0,0.0011874999999999993,2.437500000000009e-05,3,1.0,1.0,0.9375,0.38375,2.0149982488155365,1.1714817781746387,0.26,0.9547768265008927
612,1961600,175.42649972438812,1.7542649579048157,175.42649972438812,1.7542649579048157,0.0,0.0,0.0,852.3204635381699,8.523204662799834,0.9453854814171792,0.3878125,0.19934995079611953,nan,nan,nan,nan,nan,nan,nan,nan,nan,nan,19616,-2.968133682533791e-05,0.0035564727382734417,0.6600817203521728,0.0009742284077219665,0.11569258943200111,0.11569258943200111,0.027289042063057423,7.518837324361153e-05,4.999999910069164e-05,0.95293790102005,1.0,0.0011730769230769225,2.326923076923079e-05,3,1.0,1.0,0.96875,0.3878125,1.9463824224472046,1.448273147121072,0.2728125,0.931562539935112
613,1964800,51.78809079527855,0.5178808540105819,51.78809079527855,0.5178808540105819,0.0,0.0,0.0,728.6820546090603,7.286820558905601,0.9970335596054792,0.2959375,0.14818854624479294,nan,nan,nan,nan,nan,nan,nan,nan,nan,nan,19648,-8.512072464226251e-05,0.004304625792428851,0.6570511281490325,0.0013058973127044737,0.11773752719163895,0.11773752719163895,0.03488126471638679,3.750376236460601e-05,3.1250001484295353e-06,0.9507442116737366,1.0,0.0011586538461538457,2.2163461538461595e-05,3,1.0,1.0,0.9375,0.2959375,2.405037734210491,1.351298906505108,0.1978125,0.953303610086441
614,1968000,15.582987010478973,0.15582989811897277,15.582987010478973,0.15582989811897277,0.0,0.0,0.0,692.4769508242607,6.924769603013992,1.0140244245529175,0.2871875,0.14259385164296168,nan,nan,nan,nan,nan,nan,nan,nan,nan,nan,19680,-0.0002166211854099487,0.00584542746655643,0.6683471202850342,0.0019413492642343043,0.1515033833682537,0.1515033833682537,0.04907984547317028,0.0002839272111988238,0.0018250000284751877,0.9372593760490417,1.0,0.001144230769230769,2.10576923076924e-05,3,1.0,1.0,0.875,0.2871875,3.198183141350746,1.452925741225481,0.2159375,0.9168303996324539
615,1971200,127.24699836969376,1.2724700522422792,127.24699836969376,1.2724700522422792,0.0,0.0,0.0,804.1409621834755,8.041409757137298,0.8827196955680847,0.3540625,0.1880590620225952,nan,nan,nan,nan,nan,nan,nan,nan,nan,nan,19712,-4.2746667670501284e-05,0.004882794013246894,0.6672575891017913,0.0016447775764390827,0.07544225603342056,0.07544225603342056,0.027802129834890367,2.7529215440181977e-05,0.0,0.9420604705810547,1.0,0.0011298076923076904,1.9951923076923098e-05,3,1.0,1.0,0.96875,0.3540625,2.5518351721763612,1.2573927792161703,0.2503125,0.9479911190271377
616,1974400,160.66137504577637,1.606613794863224,160.66137504577637,1.606613794863224,0.0,0.0,0.0,837.5553388595581,8.375553499758244,0.8632867856323719,0.3803125,0.20410840828827517,nan,nan,nan,nan,nan,nan,nan,nan,nan,nan,19744,-0.0001330024715862077,0.0040845419745892285,0.6468546628952027,0.0011877767741680146,0.13685372695326806,0.13685372695326806,0.036938025057315825,7.820670191924235e-05,0.00033124999863503034,0.949173629283905,1.0,0.0011153846153846136,1.8846153846153796e-05,3,1.0,1.0,0.875,0.3803125,2.052003193497658,1.301352239176631,0.2703125,0.9295536136627197
617,1977600,218.3472237586975,2.1834723149240016,218.3472237586975,2.1834723149240016,0.0,0.0,0.0,895.2411875724792,8.952412019819022,0.6371734478324652,0.4071875,0.2487137209188774,nan,nan,nan,nan,nan,nan,nan,nan,nan,nan,19776,-0.00013510139020290747,0.004085295554250479,0.65575670003891,0.0011855834396556019,0.10585840716958046,0.10585840716958046,0.031562698632478715,9.158880682642784e-05,0.0003124999930150807,0.9442020654678345,1.0,0.0011009615384615368,1.77403846153846e-05,3,1.0,1.0,1.0,0.4071875,2.081498105227947,1.0520223155617714,0.2934375,0.93968754529953
618,1980800,122.93685126304626,1.2293685317039489,122.93685126304626,1.2293685317039489,0.0,0.0,0.0,799.830815076828,7.998308236598968,0.9873639614135027,0.3509375,0.17658441373285116,nan,nan,nan,nan,nan,nan,nan,nan,nan,nan,19808,-0.00013188600505746883,0.005376955447718501,0.6710168540477752,0.0018275061156600714,0.10549910888075828,0.10549910888075828,0.032123026251792905,0.00010355465711171295,0.0003781250139581971,0.9287658929824829,1.0,0.00108653846153846,1.6634615384615407e-05,3,1.0,1.0,0.90625,0.3509375,2.626154479980469,1.334895836263895,0.2596875,0.9305357557535171
619,1984000,195.04959613084793,1.95049614533782,195.04959613084793,1.95049614533782,0.0,0.0,0.0,871.9435599446297,8.71943585023284,0.6103344492614269,0.3825,0.2375282974138894,nan,nan,nan,nan,nan,nan,nan,nan,nan,nan,19840,-0.00015246946646221282,0.0038787339348345996,0.6467629969120026,0.0010934929421637207,0.12651757672429084,0.12651757672429084,0.027294506691396235,0.00014488175761933616,0.00046875000407453626,0.9387862086296082,1.0,0.0010721153846153832,1.5528846153846213e-05,3,1.0,1.0,0.96875,0.3825,2.4046111875772476,0.8046466130018234,0.27,0.89897325694561
620,1987200,185.4830576479435,1.8548305888473988,185.4830576479435,1.8548305888473988,0.0,0.0,0.0,862.3770214617252,8.623770293742417,0.7417118000239133,0.3915625,0.22481474833817164,159.21834644675255,1.5921834644675255,159.21834644675255,1.5921834644675255,100.0,1.449454858819954,0.385,0.15717783024810553,0.0,975.8047468364239,19872,-0.00016103527428787956,0.004699577204883098,0.6756252825260163,0.0014741496532224118,0.11214422136545181,0.11214422136545181,0.028399325720965863,9.957875136485444e-05,0.000375000000349246,0.9413517713546753,1.0,0.0010576923076923064,1.4423076923076911e-05,3,1.0,1.0,0.90625,0.3915625,2.203256509900093,1.1999769946932792,0.268125,0.9724107605218887
621,1990400,199.73254692554474,1.9973254945874215,199.73254692554474,1.9973254945874215,0.0,0.0,0.0,876.6265107393265,8.76626519948244,0.7838047019392252,0.3896875,0.21845861241219935,nan,nan,nan,nan,nan,nan,nan,nan,nan,nan,19904,-8.078198359733335e-05,0.0043918243143707516,0.6655873835086823,0.001420743390917778,0.0985510729253292,0.0985510729253292,0.03006938137114048,4.757437828176945e-05,3.1250001484295353e-06,0.9391815662384033,1.0,0.0010432692307692296,1.3317307692307717e-05,3,1.0,1.0,0.96875,0.3896875,2.838124749660492,0.870769483819604,0.2825,0.9611607545614242
622,1993600,99.27251222729683,0.992725115865469,99.27251222729683,0.992725115865469,0.0,0.0,0.0,776.1664760410786,7.761664820760489,0.9336166579276324,0.3340625,0.17276562995585373,nan,nan,nan,nan,nan,nan,nan,nan,nan,nan,19936,-0.00011058714429887929,0.004606851702556014,0.6381874322891236,0.0015362420701421798,0.1405885249376297,0.1405885249376297,0.031087767891585828,5.458442184814304e-05,0.00014062500194995665,0.9438888430595398,1.0,0.0010288461538461528,1.2211538461538523e-05,3,1.0,1.0,0.96875,0.3340625,2.247491525709629,1.4978822854161262,0.2246875,0.9341964691877365
623,1996800,151.17449524998665,1.5117448952794075,151.17449524998665,1.5117448952794075,0.0,0.0,0.0,828.0684590637684,8.280684600174427,1.0694845812022686,0.3659375,0.17682542954120894,nan,nan,nan,nan,nan,nan,nan,nan,nan,nan,19968,-4.3490302466775434e-05,0.0047074491158127785,0.6766344606876373,0.0016238406184129416,0.10324280261993408,0.10324280261993408,0.03231203891336918,1.9203306515359757e-05,0.0,0.9372458457946777,1.0,0.001014423076923076,1.110576923076922e-05,3,1.0,1.0,0.96875,0.3659375,2.528580143004656,1.3196538158506155,0.254375,0.9408928960561752
624,2000000,115.90137135982513,1.1590136924386025,115.90137135982513,1.1590136924386025,0.0,0.0,0.0,792.7953351736069,7.927953397333622,0.8377104145288468,0.3353125,0.182462099223597,159.30660066008568,1.5930660066008568,159.30660066008568,1.5930660066008568,100.0,1.4468034799350427,0.385,0.15734814959892932,0.0,975.893001049757,20000,-4.8641848581354453e-05,0.004427537554875016,0.663580471277237,0.0015015464159660041,0.08013903573155404,0.08013903573155404,0.023016844876110554,1.8638154499570337e-05,0.0,0.9448538422584534,1.0,0.0009999999999999992,1.0000000000000026e-05,3,1.0,1.0,0.90625,0.3353125,3.2262611430883408,1.2143537037074565,0.228125,0.9085268265008927
