[setup] Required Python imports are available.
[setup] Required Python imports are available.
=== Job info ===
Job       : 637722  array=55
Node      : evc4
Submit    : /lustre/fs1/home/ak565492/gnn_experiments
Repo      : /lustre/fs1/home/ak565492/gnn_experiments
Git rev   : ed5fa1b
Python    : /home/ak565492/expenv/bin/python
Python 3.11.4
PyYAML  : 6.0.3
NumPy   : 2.3.5
Torch   : 2.5.1+cu121 cuda_available=True cuda=12.1
CUDA_VIS  : 0
Threads   : OMP=4 MKL=4 OPENBLAS=1
Task      : 55/60
Comm      : graph
Alpha     : 0.75
Seed      : 1
Run label : graph_alpha0p75_seed1
Run dir   : runs/pursuit_20260608_010951/alpha/graph/alpha0p75/seed1
Config    : /tmp/637656_55_graph_alpha0p75_seed1.yaml
Start     : Mon Jun  8 01:14:00 EDT 2026
================
Mon Jun  8 01:14:00 2026       
+-----------------------------------------------------------------------------------------+
| NVIDIA-SMI 580.105.08             Driver Version: 580.105.08     CUDA Version: 13.0     |
+-----------------------------------------+------------------------+----------------------+
| GPU  Name                 Persistence-M | Bus-Id          Disp.A | Volatile Uncorr. ECC |
| Fan  Temp   Perf          Pwr:Usage/Cap |           Memory-Usage | GPU-Util  Compute M. |
|                                         |                        |               MIG M. |
|=========================================+========================+======================|
|   0  Tesla V100-PCIE-16GB           Off |   00000000:D8:00.0 Off |                    0 |
| N/A   33C    P0             33W /  250W |       5MiB /  16384MiB |      0%      Default |
|                                         |                        |                  N/A |
+-----------------------------------------+------------------------+----------------------+

+-----------------------------------------------------------------------------------------+
| Processes:                                                                              |
|  GPU   GI   CI              PID   Type   Process name                        GPU Memory |
|        ID   ID                                                               Usage      |
|=========================================================================================|
|    0   N/A  N/A         2654187      G   /usr/libexec/Xorg                         4MiB |
+-----------------------------------------------------------------------------------------+
[env] kind=pursuit name=pursuit n_agents=10 obs_dim=5 action_dim=5 state_dim=23 num_envs=32
[train] Starting: total_iters=625 T=100 B=32 device=cuda:0 seed=1 render=off
iter=   0 step=   3200 ep_ret=-810.354 opt_ret=-810.354 step_rew=-8.1035 opt_step=-8.1035 gap0=810.354 dret=+0.000 eval_ret=-493.136 pursuer_target_distance=3.979 capture=0.000 score=0.000 pol=-0.0013 val=0.7236 ent=1.6075 tot=+0.3444 agnorm=0.038 cgnorm=0.236 kl=0.0019 clipf=0.008 ev=-0.596 r0=1.0000 entcoef=1.00e-02 lr=7.0e-04 seed=1
iter=   1 step=   6400 ep_ret=-782.550 opt_ret=-782.550 step_rew=-7.8255 opt_step=-7.8255 gap0=782.550 dret=+27.803 eval_ret=n/a pursuer_target_distance=4.024 capture=0.000 score=0.000 pol=-0.0010 val=0.4431 ent=1.6038 tot=+0.2045 agnorm=0.029 cgnorm=0.246 kl=0.0012 clipf=0.000 ev=+0.197 r0=1.0000 entcoef=9.99e-03 lr=7.0e-04 seed=1
iter=   2 step=   9600 ep_ret=-822.447 opt_ret=-822.447 step_rew=-8.2245 opt_step=-8.2245 gap0=822.447 dret=-12.094 eval_ret=n/a pursuer_target_distance=4.140 capture=0.000 score=0.000 pol=-0.0013 val=0.4071 ent=1.5968 tot=+0.1864 agnorm=0.041 cgnorm=0.255 kl=0.0017 clipf=0.007 ev=+0.367 r0=1.0000 entcoef=9.97e-03 lr=7.0e-04 seed=1
iter=   3 step=  12800 ep_ret=-897.038 opt_ret=-897.038 step_rew=-8.9704 opt_step=-8.9704 gap0=897.038 dret=-86.684 eval_ret=n/a pursuer_target_distance=4.964 capture=0.000 score=0.000 pol=-0.0009 val=0.4638 ent=1.5905 tot=+0.2152 agnorm=0.028 cgnorm=0.289 kl=0.0015 clipf=0.003 ev=+0.475 r0=1.0000 entcoef=9.96e-03 lr=7.0e-04 seed=1
iter=   4 step=  16000 ep_ret=-766.081 opt_ret=-766.081 step_rew=-7.6608 opt_step=-7.6608 gap0=766.081 dret=+44.272 eval_ret=n/a pursuer_target_distance=4.316 capture=0.000 score=0.000 pol=-0.0015 val=0.2993 ent=1.5835 tot=+0.1324 agnorm=0.037 cgnorm=0.254 kl=0.0022 clipf=0.011 ev=+0.562 r0=1.0000 entcoef=9.94e-03 lr=7.0e-04 seed=1
iter=   5 step=  19200 ep_ret=-867.958 opt_ret=-867.958 step_rew=-8.6796 opt_step=-8.6796 gap0=867.958 dret=-57.604 eval_ret=n/a pursuer_target_distance=5.091 capture=0.000 score=0.000 pol=-0.0009 val=0.3730 ent=1.5813 tot=+0.1699 agnorm=0.024 cgnorm=0.291 kl=0.0010 clipf=0.000 ev=+0.510 r0=1.0000 entcoef=9.93e-03 lr=6.9e-04 seed=1
iter=   6 step=  22400 ep_ret=-754.614 opt_ret=-754.614 step_rew=-7.5461 opt_step=-7.5461 gap0=754.614 dret=+55.740 eval_ret=n/a pursuer_target_distance=4.059 capture=0.000 score=0.000 pol=-0.0013 val=0.2393 ent=1.5798 tot=+0.1027 agnorm=0.038 cgnorm=0.228 kl=0.0022 clipf=0.013 ev=+0.568 r0=1.0000 entcoef=9.91e-03 lr=6.9e-04 seed=1
iter=   7 step=  25600 ep_ret=-789.717 opt_ret=-789.717 step_rew=-7.8972 opt_step=-7.8972 gap0=789.717 dret=+20.637 eval_ret=n/a pursuer_target_distance=3.697 capture=0.000 score=0.000 pol=-0.0010 val=0.2743 ent=1.5777 tot=+0.1206 agnorm=0.023 cgnorm=0.266 kl=0.0013 clipf=0.005 ev=+0.604 r0=1.0000 entcoef=9.90e-03 lr=6.9e-04 seed=1
iter=   8 step=  28800 ep_ret=-863.969 opt_ret=-863.969 step_rew=-8.6397 opt_step=-8.6397 gap0=863.969 dret=-53.615 eval_ret=n/a pursuer_target_distance=4.252 capture=0.000 score=0.000 pol=-0.0012 val=0.3232 ent=1.5731 tot=+0.1448 agnorm=0.029 cgnorm=0.298 kl=0.0014 clipf=0.004 ev=+0.550 r0=1.0000 entcoef=9.88e-03 lr=6.9e-04 seed=1
iter=   9 step=  32000 ep_ret=-785.908 opt_ret=-785.908 step_rew=-7.8591 opt_step=-7.8591 gap0=785.908 dret=+24.445 eval_ret=n/a pursuer_target_distance=3.833 capture=0.000 score=0.000 pol=-0.0019 val=0.2398 ent=1.5774 tot=+0.1024 agnorm=0.058 cgnorm=0.277 kl=0.0036 clipf=0.027 ev=+0.528 r0=1.0000 entcoef=9.87e-03 lr=6.9e-04 seed=1
iter=  10 step=  35200 ep_ret=-708.539 opt_ret=-708.539 step_rew=-7.0854 opt_step=-7.0854 gap0=708.539 dret=+101.815 eval_ret=n/a pursuer_target_distance=3.515 capture=0.000 score=0.000 pol=-0.0013 val=0.1686 ent=1.5646 tot=+0.0675 agnorm=0.036 cgnorm=0.209 kl=0.0013 clipf=0.007 ev=+0.695 r0=1.0000 entcoef=9.86e-03 lr=6.9e-04 seed=1
iter=  11 step=  38400 ep_ret=-827.818 opt_ret=-827.818 step_rew=-8.2782 opt_step=-8.2782 gap0=827.818 dret=-17.464 eval_ret=n/a pursuer_target_distance=3.902 capture=0.000 score=0.000 pol=-0.0006 val=0.2452 ent=1.5726 tot=+0.1065 agnorm=0.024 cgnorm=0.253 kl=0.0013 clipf=0.003 ev=+0.550 r0=1.0000 entcoef=9.84e-03 lr=6.9e-04 seed=1
iter=  12 step=  41600 ep_ret=-860.701 opt_ret=-860.701 step_rew=-8.6070 opt_step=-8.6070 gap0=860.701 dret=-50.347 eval_ret=n/a pursuer_target_distance=4.010 capture=0.000 score=0.000 pol=-0.0011 val=0.2854 ent=1.5695 tot=+0.1262 agnorm=0.028 cgnorm=0.304 kl=0.0014 clipf=0.008 ev=+0.613 r0=1.0000 entcoef=9.83e-03 lr=6.9e-04 seed=1
iter=  13 step=  44800 ep_ret=-776.142 opt_ret=-776.142 step_rew=-7.7614 opt_step=-7.7614 gap0=776.142 dret=+34.212 eval_ret=n/a pursuer_target_distance=3.952 capture=0.000 score=0.000 pol=-0.0011 val=0.1940 ent=1.5753 tot=+0.0805 agnorm=0.036 cgnorm=0.286 kl=0.0022 clipf=0.012 ev=+0.654 r0=1.0000 entcoef=9.81e-03 lr=6.9e-04 seed=1
iter=  14 step=  48000 ep_ret=-758.689 opt_ret=-758.689 step_rew=-7.5869 opt_step=-7.5869 gap0=758.689 dret=+51.665 eval_ret=n/a pursuer_target_distance=3.664 capture=0.000 score=0.000 pol=-0.0012 val=0.1568 ent=1.5698 tot=+0.0619 agnorm=0.039 cgnorm=0.246 kl=0.0022 clipf=0.009 ev=+0.743 r0=1.0000 entcoef=9.80e-03 lr=6.8e-04 seed=1
iter=  15 step=  51200 ep_ret=-906.244 opt_ret=-906.244 step_rew=-9.0624 opt_step=-9.0624 gap0=906.244 dret=-95.890 eval_ret=n/a pursuer_target_distance=4.904 capture=0.000 score=0.000 pol=-0.0008 val=0.3046 ent=1.5555 tot=+0.1363 agnorm=0.029 cgnorm=0.317 kl=0.0016 clipf=0.007 ev=+0.516 r0=1.0000 entcoef=9.78e-03 lr=6.8e-04 seed=1
iter=  16 step=  54400 ep_ret=-861.872 opt_ret=-861.872 step_rew=-8.6187 opt_step=-8.6187 gap0=861.872 dret=-51.519 eval_ret=n/a pursuer_target_distance=4.562 capture=0.000 score=0.000 pol=-0.0009 val=0.2498 ent=1.5567 tot=+0.1088 agnorm=0.026 cgnorm=0.306 kl=0.0011 clipf=0.002 ev=+0.678 r0=1.0000 entcoef=9.77e-03 lr=6.8e-04 seed=1
iter=  17 step=  57600 ep_ret=-818.460 opt_ret=-818.460 step_rew=-8.1846 opt_step=-8.1846 gap0=818.460 dret=-8.106 eval_ret=n/a pursuer_target_distance=4.073 capture=0.000 score=0.000 pol=-0.0015 val=0.1533 ent=1.5616 tot=+0.0599 agnorm=0.036 cgnorm=0.250 kl=0.0024 clipf=0.016 ev=+0.799 r0=1.0000 entcoef=9.75e-03 lr=6.8e-04 seed=1
iter=  18 step=  60800 ep_ret=-788.736 opt_ret=-788.736 step_rew=-7.8874 opt_step=-7.8874 gap0=788.736 dret=+21.617 eval_ret=n/a pursuer_target_distance=4.480 capture=0.000 score=0.000 pol=-0.0017 val=0.1628 ent=1.5704 tot=+0.0644 agnorm=0.037 cgnorm=0.245 kl=0.0031 clipf=0.024 ev=+0.731 r0=1.0000 entcoef=9.74e-03 lr=6.8e-04 seed=1
iter=  19 step=  64000 ep_ret=-859.822 opt_ret=-859.822 step_rew=-8.5982 opt_step=-8.5982 gap0=859.822 dret=-49.468 eval_ret=n/a pursuer_target_distance=4.586 capture=0.000 score=0.000 pol=-0.0009 val=0.1902 ent=1.5660 tot=+0.0790 agnorm=0.028 cgnorm=0.262 kl=0.0019 clipf=0.008 ev=+0.734 r0=1.0000 entcoef=9.73e-03 lr=6.8e-04 seed=1
iter=  20 step=  67200 ep_ret=-702.970 opt_ret=-702.970 step_rew=-7.0297 opt_step=-7.0297 gap0=702.970 dret=+107.384 eval_ret=-507.534 pursuer_target_distance=2.847 capture=0.000 score=0.000 pol=-0.0013 val=0.0572 ent=1.5666 tot=+0.0121 agnorm=0.040 cgnorm=0.171 kl=0.0027 clipf=0.019 ev=+0.855 r0=1.0000 entcoef=9.71e-03 lr=6.8e-04 seed=1
iter=  21 step=  70400 ep_ret=-846.592 opt_ret=-846.592 step_rew=-8.4659 opt_step=-8.4659 gap0=846.592 dret=-36.238 eval_ret=n/a pursuer_target_distance=4.095 capture=0.000 score=0.000 pol=-0.0020 val=0.1829 ent=1.5609 tot=+0.0743 agnorm=0.051 cgnorm=0.266 kl=0.0040 clipf=0.040 ev=+0.673 r0=1.0000 entcoef=9.70e-03 lr=6.8e-04 seed=1
iter=  22 step=  73600 ep_ret=-859.688 opt_ret=-859.688 step_rew=-8.5969 opt_step=-8.5969 gap0=859.688 dret=-49.334 eval_ret=n/a pursuer_target_distance=4.377 capture=0.000 score=0.000 pol=-0.0011 val=0.1473 ent=1.5420 tot=+0.0576 agnorm=0.033 cgnorm=0.273 kl=0.0018 clipf=0.003 ev=+0.768 r0=1.0000 entcoef=9.68e-03 lr=6.8e-04 seed=1
iter=  23 step=  76800 ep_ret=-828.916 opt_ret=-828.916 step_rew=-8.2892 opt_step=-8.2892 gap0=828.916 dret=-18.562 eval_ret=n/a pursuer_target_distance=4.255 capture=0.000 score=0.000 pol=-0.0012 val=0.1061 ent=1.5405 tot=+0.0370 agnorm=0.051 cgnorm=0.236 kl=0.0037 clipf=0.030 ev=+0.801 r0=1.0000 entcoef=9.67e-03 lr=6.7e-04 seed=1
iter=  24 step=  80000 ep_ret=-818.500 opt_ret=-818.500 step_rew=-8.1850 opt_step=-8.1850 gap0=818.500 dret=-8.146 eval_ret=n/a pursuer_target_distance=4.698 capture=0.000 score=0.000 pol=-0.0011 val=0.1078 ent=1.5420 tot=+0.0379 agnorm=0.044 cgnorm=0.226 kl=0.0020 clipf=0.011 ev=+0.849 r0=1.0000 entcoef=9.65e-03 lr=6.7e-04 seed=1
iter=  25 step=  83200 ep_ret=-801.704 opt_ret=-801.704 step_rew=-8.0170 opt_step=-8.0170 gap0=801.704 dret=+8.650 eval_ret=n/a pursuer_target_distance=3.461 capture=0.000 score=0.000 pol=-0.0010 val=0.0591 ent=1.5536 tot=+0.0135 agnorm=0.035 cgnorm=0.189 kl=0.0021 clipf=0.012 ev=+0.909 r0=1.0000 entcoef=9.64e-03 lr=6.7e-04 seed=1
iter=  26 step=  86400 ep_ret=-817.512 opt_ret=-817.512 step_rew=-8.1751 opt_step=-8.1751 gap0=817.512 dret=-7.158 eval_ret=n/a pursuer_target_distance=4.384 capture=0.000 score=0.000 pol=-0.0010 val=0.0923 ent=1.5597 tot=+0.0301 agnorm=0.026 cgnorm=0.232 kl=0.0015 clipf=0.004 ev=+0.882 r0=1.0000 entcoef=9.62e-03 lr=6.7e-04 seed=1
iter=  27 step=  89600 ep_ret=-810.438 opt_ret=-810.438 step_rew=-8.1044 opt_step=-8.1044 gap0=810.438 dret=-0.084 eval_ret=n/a pursuer_target_distance=4.266 capture=0.000 score=0.000 pol=-0.0016 val=0.0612 ent=1.5535 tot=+0.0141 agnorm=0.047 cgnorm=0.193 kl=0.0033 clipf=0.028 ev=+0.888 r0=1.0000 entcoef=9.61e-03 lr=6.7e-04 seed=1
iter=  28 step=  92800 ep_ret=-778.315 opt_ret=-778.315 step_rew=-7.7832 opt_step=-7.7832 gap0=778.315 dret=+32.038 eval_ret=n/a pursuer_target_distance=3.613 capture=0.000 score=0.000 pol=-0.0019 val=0.0680 ent=1.5513 tot=+0.0172 agnorm=0.053 cgnorm=0.193 kl=0.0035 clipf=0.032 ev=+0.804 r0=1.0000 entcoef=9.60e-03 lr=6.7e-04 seed=1
iter=  29 step=  96000 ep_ret=-741.290 opt_ret=-741.290 step_rew=-7.4129 opt_step=-7.4129 gap0=741.290 dret=+69.063 eval_ret=n/a pursuer_target_distance=3.056 capture=0.000 score=0.000 pol=-0.0015 val=0.0423 ent=1.5446 tot=+0.0049 agnorm=0.042 cgnorm=0.161 kl=0.0026 clipf=0.011 ev=+0.872 r0=1.0000 entcoef=9.58e-03 lr=6.7e-04 seed=1
iter=  30 step=  99200 ep_ret=-825.131 opt_ret=-825.131 step_rew=-8.2513 opt_step=-8.2513 gap0=825.131 dret=-14.777 eval_ret=n/a pursuer_target_distance=3.983 capture=0.000 score=0.000 pol=-0.0011 val=0.0705 ent=1.5360 tot=+0.0195 agnorm=0.041 cgnorm=0.213 kl=0.0020 clipf=0.012 ev=+0.850 r0=1.0000 entcoef=9.57e-03 lr=6.7e-04 seed=1
iter=  31 step= 102400 ep_ret=-780.358 opt_ret=-780.358 step_rew=-7.8036 opt_step=-7.8036 gap0=780.358 dret=+29.996 eval_ret=n/a pursuer_target_distance=4.118 capture=0.000 score=0.000 pol=-0.0015 val=0.0599 ent=1.5341 tot=+0.0137 agnorm=0.041 cgnorm=0.194 kl=0.0028 clipf=0.017 ev=+0.864 r0=1.0000 entcoef=9.55e-03 lr=6.7e-04 seed=1
iter=  32 step= 105600 ep_ret=-753.198 opt_ret=-753.198 step_rew=-7.5320 opt_step=-7.5320 gap0=753.198 dret=+57.156 eval_ret=n/a pursuer_target_distance=3.530 capture=0.000 score=0.000 pol=-0.0016 val=0.0493 ent=1.5296 tot=+0.0084 agnorm=0.041 cgnorm=0.182 kl=0.0029 clipf=0.021 ev=+0.839 r0=1.0000 entcoef=9.54e-03 lr=6.6e-04 seed=1
iter=  33 step= 108800 ep_ret=-839.919 opt_ret=-839.919 step_rew=-8.3992 opt_step=-8.3992 gap0=839.919 dret=-29.565 eval_ret=n/a pursuer_target_distance=4.379 capture=0.000 score=0.000 pol=-0.0015 val=0.0582 ent=1.5321 tot=+0.0130 agnorm=0.045 cgnorm=0.182 kl=0.0024 clipf=0.019 ev=+0.742 r0=1.0000 entcoef=9.52e-03 lr=6.6e-04 seed=1
iter=  34 step= 112000 ep_ret=-894.381 opt_ret=-894.381 step_rew=-8.9438 opt_step=-8.9438 gap0=894.381 dret=-84.027 eval_ret=n/a pursuer_target_distance=4.405 capture=0.000 score=0.000 pol=-0.0013 val=0.0770 ent=1.5369 tot=+0.0226 agnorm=0.036 cgnorm=0.245 kl=0.0020 clipf=0.012 ev=+0.850 r0=1.0000 entcoef=9.51e-03 lr=6.6e-04 seed=1
iter=  35 step= 115200 ep_ret=-768.888 opt_ret=-768.888 step_rew=-7.6889 opt_step=-7.6889 gap0=768.888 dret=+41.466 eval_ret=n/a pursuer_target_distance=3.878 capture=0.000 score=0.000 pol=-0.0012 val=0.0447 ent=1.5445 tot=+0.0065 agnorm=0.032 cgnorm=0.181 kl=0.0016 clipf=0.006 ev=+0.859 r0=1.0000 entcoef=9.50e-03 lr=6.6e-04 seed=1
iter=  36 step= 118400 ep_ret=-787.178 opt_ret=-787.178 step_rew=-7.8718 opt_step=-7.8718 gap0=787.178 dret=+23.176 eval_ret=n/a pursuer_target_distance=3.369 capture=0.000 score=0.000 pol=-0.0017 val=0.0442 ent=1.5446 tot=+0.0058 agnorm=0.045 cgnorm=0.172 kl=0.0026 clipf=0.020 ev=+0.791 r0=1.0000 entcoef=9.48e-03 lr=6.6e-04 seed=1
iter=  37 step= 121600 ep_ret=-907.877 opt_ret=-907.877 step_rew=-9.0788 opt_step=-9.0788 gap0=907.877 dret=-97.524 eval_ret=n/a pursuer_target_distance=4.759 capture=0.000 score=0.000 pol=-0.0012 val=0.0596 ent=1.5452 tot=+0.0139 agnorm=0.036 cgnorm=0.213 kl=0.0014 clipf=0.007 ev=+0.821 r0=1.0000 entcoef=9.47e-03 lr=6.6e-04 seed=1
iter=  38 step= 124800 ep_ret=-820.217 opt_ret=-820.217 step_rew=-8.2022 opt_step=-8.2022 gap0=820.217 dret=-9.863 eval_ret=n/a pursuer_target_distance=4.315 capture=0.000 score=0.000 pol=-0.0019 val=0.0496 ent=1.5390 tot=+0.0083 agnorm=0.049 cgnorm=0.191 kl=0.0031 clipf=0.023 ev=+0.802 r0=1.0000 entcoef=9.45e-03 lr=6.6e-04 seed=1
iter=  39 step= 128000 ep_ret=-784.455 opt_ret=-784.455 step_rew=-7.8446 opt_step=-7.8446 gap0=784.455 dret=+25.898 eval_ret=n/a pursuer_target_distance=3.459 capture=0.000 score=0.000 pol=-0.0013 val=0.0334 ent=1.5371 tot=+0.0010 agnorm=0.035 cgnorm=0.157 kl=0.0023 clipf=0.014 ev=+0.902 r0=1.0000 entcoef=9.44e-03 lr=6.6e-04 seed=1
iter=  40 step= 131200 ep_ret=-763.330 opt_ret=-763.330 step_rew=-7.6333 opt_step=-7.6333 gap0=763.330 dret=+47.023 eval_ret=-527.141 pursuer_target_distance=3.609 capture=0.000 score=0.000 pol=-0.0013 val=0.0219 ent=1.5425 tot=-0.0048 agnorm=0.042 cgnorm=0.133 kl=0.0030 clipf=0.026 ev=+0.851 r0=1.0000 entcoef=9.42e-03 lr=6.6e-04 seed=1
iter=  41 step= 134400 ep_ret=-802.559 opt_ret=-802.559 step_rew=-8.0256 opt_step=-8.0256 gap0=802.559 dret=+7.794 eval_ret=n/a pursuer_target_distance=3.945 capture=0.000 score=0.000 pol=-0.0013 val=0.0296 ent=1.5320 tot=-0.0009 agnorm=0.029 cgnorm=0.141 kl=0.0024 clipf=0.013 ev=+0.884 r0=1.0000 entcoef=9.41e-03 lr=6.5e-04 seed=1
iter=  42 step= 137600 ep_ret=-785.443 opt_ret=-785.443 step_rew=-7.8544 opt_step=-7.8544 gap0=785.443 dret=+24.910 eval_ret=n/a pursuer_target_distance=4.272 capture=0.000 score=0.000 pol=-0.0013 val=0.0258 ent=1.5346 tot=-0.0028 agnorm=0.032 cgnorm=0.140 kl=0.0018 clipf=0.014 ev=+0.848 r0=1.0000 entcoef=9.39e-03 lr=6.5e-04 seed=1
iter=  43 step= 140800 ep_ret=-807.074 opt_ret=-807.074 step_rew=-8.0707 opt_step=-8.0707 gap0=807.074 dret=+3.280 eval_ret=n/a pursuer_target_distance=4.036 capture=0.000 score=0.000 pol=-0.0018 val=0.0409 ent=1.5312 tot=+0.0043 agnorm=0.038 cgnorm=0.174 kl=0.0025 clipf=0.017 ev=+0.732 r0=1.0000 entcoef=9.38e-03 lr=6.5e-04 seed=1
iter=  44 step= 144000 ep_ret=-860.172 opt_ret=-860.172 step_rew=-8.6017 opt_step=-8.6017 gap0=860.172 dret=-49.818 eval_ret=n/a pursuer_target_distance=4.146 capture=0.000 score=0.000 pol=-0.0022 val=0.0335 ent=1.5310 tot=+0.0003 agnorm=0.053 cgnorm=0.149 kl=0.0036 clipf=0.034 ev=+0.746 r0=1.0000 entcoef=9.37e-03 lr=6.5e-04 seed=1
iter=  45 step= 147200 ep_ret=-799.747 opt_ret=-799.747 step_rew=-7.9975 opt_step=-7.9975 gap0=799.747 dret=+10.607 eval_ret=n/a pursuer_target_distance=4.037 capture=0.000 score=0.000 pol=-0.0011 val=0.0286 ent=1.5422 tot=-0.0012 agnorm=0.033 cgnorm=0.164 kl=0.0019 clipf=0.014 ev=+0.855 r0=1.0000 entcoef=9.35e-03 lr=6.5e-04 seed=1
iter=  46 step= 150400 ep_ret=-837.847 opt_ret=-837.847 step_rew=-8.3785 opt_step=-8.3785 gap0=837.847 dret=-27.493 eval_ret=n/a pursuer_target_distance=4.716 capture=0.000 score=0.000 pol=-0.0017 val=0.0254 ent=1.5429 tot=-0.0034 agnorm=0.040 cgnorm=0.142 kl=0.0023 clipf=0.018 ev=+0.882 r0=1.0000 entcoef=9.34e-03 lr=6.5e-04 seed=1
iter=  47 step= 153600 ep_ret=-806.809 opt_ret=-806.809 step_rew=-8.0681 opt_step=-8.0681 gap0=806.809 dret=+3.544 eval_ret=n/a pursuer_target_distance=3.925 capture=0.000 score=0.000 pol=-0.0011 val=0.0302 ent=1.5485 tot=-0.0005 agnorm=0.029 cgnorm=0.156 kl=0.0015 clipf=0.011 ev=+0.758 r0=1.0000 entcoef=9.32e-03 lr=6.5e-04 seed=1
iter=  48 step= 156800 ep_ret=-871.892 opt_ret=-871.892 step_rew=-8.7189 opt_step=-8.7189 gap0=871.892 dret=-61.538 eval_ret=n/a pursuer_target_distance=4.241 capture=0.000 score=0.000 pol=-0.0017 val=0.0313 ent=1.5507 tot=-0.0005 agnorm=0.040 cgnorm=0.159 kl=0.0022 clipf=0.022 ev=+0.852 r0=1.0000 entcoef=9.31e-03 lr=6.5e-04 seed=1
iter=  49 step= 160000 ep_ret=-849.895 opt_ret=-849.895 step_rew=-8.4989 opt_step=-8.4989 gap0=849.895 dret=-39.541 eval_ret=n/a pursuer_target_distance=3.866 capture=0.000 score=0.000 pol=-0.0011 val=0.0300 ent=1.5585 tot=-0.0006 agnorm=0.036 cgnorm=0.169 kl=0.0022 clipf=0.016 ev=+0.768 r0=1.0000 entcoef=9.29e-03 lr=6.5e-04 seed=1
iter=  50 step= 163200 ep_ret=-1000.364 opt_ret=-1000.364 step_rew=-10.0036 opt_step=-10.0036 gap0=1000.364 dret=-190.010 eval_ret=n/a pursuer_target_distance=5.373 capture=0.000 score=0.000 pol=-0.0019 val=0.0461 ent=1.5560 tot=+0.0068 agnorm=0.050 cgnorm=0.183 kl=0.0021 clipf=0.014 ev=+0.698 r0=1.0000 entcoef=9.28e-03 lr=6.4e-04 seed=1
iter=  51 step= 166400 ep_ret=-859.341 opt_ret=-859.341 step_rew=-8.5934 opt_step=-8.5934 gap0=859.341 dret=-48.987 eval_ret=n/a pursuer_target_distance=4.491 capture=0.000 score=0.000 pol=-0.0014 val=0.0182 ent=1.5524 tot=-0.0067 agnorm=0.042 cgnorm=0.123 kl=0.0024 clipf=0.017 ev=+0.862 r0=1.0000 entcoef=9.26e-03 lr=6.4e-04 seed=1
iter=  52 step= 169600 ep_ret=-827.034 opt_ret=-827.034 step_rew=-8.2703 opt_step=-8.2703 gap0=827.034 dret=-16.681 eval_ret=n/a pursuer_target_distance=4.310 capture=0.000 score=0.000 pol=-0.0014 val=0.0185 ent=1.5460 tot=-0.0064 agnorm=0.042 cgnorm=0.127 kl=0.0028 clipf=0.018 ev=+0.874 r0=1.0000 entcoef=9.25e-03 lr=6.4e-04 seed=1
iter=  53 step= 172800 ep_ret=-879.354 opt_ret=-879.354 step_rew=-8.7935 opt_step=-8.7935 gap0=879.354 dret=-69.000 eval_ret=n/a pursuer_target_distance=4.191 capture=0.000 score=0.000 pol=-0.0016 val=0.0156 ent=1.5425 tot=-0.0081 agnorm=0.044 cgnorm=0.115 kl=0.0025 clipf=0.018 ev=+0.918 r0=1.0000 entcoef=9.24e-03 lr=6.4e-04 seed=1
iter=  54 step= 176000 ep_ret=-781.054 opt_ret=-781.054 step_rew=-7.8105 opt_step=-7.8105 gap0=781.054 dret=+29.299 eval_ret=n/a pursuer_target_distance=4.202 capture=0.000 score=0.000 pol=-0.0017 val=0.0167 ent=1.5374 tot=-0.0075 agnorm=0.041 cgnorm=0.123 kl=0.0025 clipf=0.017 ev=+0.872 r0=1.0000 entcoef=9.22e-03 lr=6.4e-04 seed=1
iter=  55 step= 179200 ep_ret=-811.330 opt_ret=-811.330 step_rew=-8.1133 opt_step=-8.1133 gap0=811.330 dret=-0.977 eval_ret=n/a pursuer_target_distance=3.953 capture=0.000 score=0.000 pol=-0.0012 val=0.0202 ent=1.5331 tot=-0.0052 agnorm=0.036 cgnorm=0.127 kl=0.0013 clipf=0.006 ev=+0.714 r0=1.0000 entcoef=9.21e-03 lr=6.4e-04 seed=1
iter=  56 step= 182400 ep_ret=-806.491 opt_ret=-806.491 step_rew=-8.0649 opt_step=-8.0649 gap0=806.491 dret=+3.863 eval_ret=n/a pursuer_target_distance=4.202 capture=0.000 score=0.000 pol=-0.0015 val=0.0142 ent=1.5376 tot=-0.0086 agnorm=0.037 cgnorm=0.116 kl=0.0022 clipf=0.013 ev=+0.859 r0=1.0000 entcoef=9.19e-03 lr=6.4e-04 seed=1
iter=  57 step= 185600 ep_ret=-785.679 opt_ret=-785.679 step_rew=-7.8568 opt_step=-7.8568 gap0=785.679 dret=+24.675 eval_ret=n/a pursuer_target_distance=3.823 capture=0.000 score=0.000 pol=-0.0015 val=0.0119 ent=1.5323 tot=-0.0097 agnorm=0.034 cgnorm=0.097 kl=0.0027 clipf=0.018 ev=+0.901 r0=1.0000 entcoef=9.18e-03 lr=6.4e-04 seed=1
iter=  58 step= 188800 ep_ret=-915.118 opt_ret=-915.118 step_rew=-9.1512 opt_step=-9.1512 gap0=915.118 dret=-104.764 eval_ret=n/a pursuer_target_distance=5.127 capture=0.000 score=0.000 pol=-0.0018 val=0.0201 ent=1.5241 tot=-0.0057 agnorm=0.050 cgnorm=0.128 kl=0.0024 clipf=0.023 ev=+0.857 r0=1.0000 entcoef=9.16e-03 lr=6.4e-04 seed=1
iter=  59 step= 192000 ep_ret=-863.077 opt_ret=-863.077 step_rew=-8.6308 opt_step=-8.6308 gap0=863.077 dret=-52.723 eval_ret=n/a pursuer_target_distance=4.239 capture=0.000 score=0.000 pol=-0.0015 val=0.0171 ent=1.5220 tot=-0.0068 agnorm=0.045 cgnorm=0.119 kl=0.0027 clipf=0.019 ev=+0.772 r0=1.0000 entcoef=9.15e-03 lr=6.3e-04 seed=1
iter=  60 step= 195200 ep_ret=-840.846 opt_ret=-840.846 step_rew=-8.4085 opt_step=-8.4085 gap0=840.846 dret=-30.492 eval_ret=-580.769 pursuer_target_distance=3.566 capture=0.000 score=0.000 pol=-0.0017 val=0.0111 ent=1.5229 tot=-0.0100 agnorm=0.040 cgnorm=0.098 kl=0.0024 clipf=0.017 ev=+0.912 r0=1.0000 entcoef=9.13e-03 lr=6.3e-04 seed=1
iter=  61 step= 198400 ep_ret=-806.625 opt_ret=-806.625 step_rew=-8.0663 opt_step=-8.0663 gap0=806.625 dret=+3.729 eval_ret=n/a pursuer_target_distance=4.208 capture=0.000 score=0.000 pol=-0.0014 val=0.0170 ent=1.5265 tot=-0.0068 agnorm=0.033 cgnorm=0.125 kl=0.0018 clipf=0.011 ev=+0.798 r0=1.0000 entcoef=9.12e-03 lr=6.3e-04 seed=1
iter=  62 step= 201600 ep_ret=-817.034 opt_ret=-817.034 step_rew=-8.1703 opt_step=-8.1703 gap0=817.034 dret=-6.681 eval_ret=n/a pursuer_target_distance=3.540 capture=0.000 score=0.000 pol=-0.0013 val=0.0112 ent=1.5245 tot=-0.0096 agnorm=0.029 cgnorm=0.102 kl=0.0017 clipf=0.013 ev=+0.838 r0=1.0000 entcoef=9.11e-03 lr=6.3e-04 seed=1
iter=  63 step= 204800 ep_ret=-916.857 opt_ret=-916.857 step_rew=-9.1686 opt_step=-9.1686 gap0=916.857 dret=-106.504 eval_ret=n/a pursuer_target_distance=4.318 capture=0.000 score=0.000 pol=-0.0024 val=0.0179 ent=1.5240 tot=-0.0073 agnorm=0.062 cgnorm=0.105 kl=0.0033 clipf=0.033 ev=+0.829 r0=1.0000 entcoef=9.09e-03 lr=6.3e-04 seed=1
iter=  64 step= 208000 ep_ret=-805.662 opt_ret=-805.662 step_rew=-8.0566 opt_step=-8.0566 gap0=805.662 dret=+4.692 eval_ret=n/a pursuer_target_distance=4.359 capture=0.000 score=0.000 pol=-0.0012 val=0.0211 ent=1.5304 tot=-0.0046 agnorm=0.045 cgnorm=0.118 kl=0.0023 clipf=0.013 ev=+0.813 r0=1.0000 entcoef=9.08e-03 lr=6.3e-04 seed=1
iter=  65 step= 211200 ep_ret=-779.774 opt_ret=-779.774 step_rew=-7.7977 opt_step=-7.7977 gap0=779.774 dret=+30.579 eval_ret=n/a pursuer_target_distance=3.777 capture=0.000 score=0.000 pol=-0.0012 val=0.0132 ent=1.5319 tot=-0.0085 agnorm=0.034 cgnorm=0.109 kl=0.0016 clipf=0.009 ev=+0.840 r0=1.0000 entcoef=9.06e-03 lr=6.3e-04 seed=1
iter=  66 step= 214400 ep_ret=-825.801 opt_ret=-825.801 step_rew=-8.2580 opt_step=-8.2580 gap0=825.801 dret=-15.447 eval_ret=n/a pursuer_target_distance=4.280 capture=0.000 score=0.000 pol=-0.0013 val=0.0060 ent=1.5230 tot=-0.0121 agnorm=0.035 cgnorm=0.060 kl=0.0017 clipf=0.009 ev=+0.952 r0=1.0000 entcoef=9.05e-03 lr=6.3e-04 seed=1
iter=  67 step= 217600 ep_ret=-857.828 opt_ret=-857.828 step_rew=-8.5783 opt_step=-8.5783 gap0=857.828 dret=-47.474 eval_ret=n/a pursuer_target_distance=4.225 capture=0.000 score=0.000 pol=-0.0014 val=0.0192 ent=1.5199 tot=-0.0055 agnorm=0.038 cgnorm=0.109 kl=0.0015 clipf=0.006 ev=+0.832 r0=1.0000 entcoef=9.03e-03 lr=6.3e-04 seed=1
iter=  68 step= 220800 ep_ret=-789.122 opt_ret=-789.122 step_rew=-7.8912 opt_step=-7.8912 gap0=789.122 dret=+21.231 eval_ret=n/a pursuer_target_distance=3.910 capture=0.000 score=0.000 pol=-0.0013 val=0.0175 ent=1.5143 tot=-0.0062 agnorm=0.036 cgnorm=0.111 kl=0.0026 clipf=0.015 ev=+0.816 r0=1.0000 entcoef=9.02e-03 lr=6.2e-04 seed=1
iter=  69 step= 224000 ep_ret=-863.763 opt_ret=-863.763 step_rew=-8.6376 opt_step=-8.6376 gap0=863.763 dret=-53.410 eval_ret=n/a pursuer_target_distance=4.442 capture=0.000 score=0.000 pol=-0.0016 val=0.0137 ent=1.5085 tot=-0.0083 agnorm=0.044 cgnorm=0.095 kl=0.0027 clipf=0.017 ev=+0.827 r0=1.0000 entcoef=9.00e-03 lr=6.2e-04 seed=1
iter=  70 step= 227200 ep_ret=-805.175 opt_ret=-805.175 step_rew=-8.0518 opt_step=-8.0518 gap0=805.175 dret=+5.179 eval_ret=n/a pursuer_target_distance=3.707 capture=0.000 score=0.000 pol=-0.0013 val=0.0133 ent=1.5129 tot=-0.0082 agnorm=0.046 cgnorm=0.091 kl=0.0023 clipf=0.018 ev=+0.822 r0=1.0000 entcoef=8.99e-03 lr=6.2e-04 seed=1
iter=  71 step= 230400 ep_ret=-855.636 opt_ret=-855.636 step_rew=-8.5564 opt_step=-8.5564 gap0=855.636 dret=-45.283 eval_ret=n/a pursuer_target_distance=4.911 capture=0.000 score=0.000 pol=-0.0014 val=0.0198 ent=1.5147 tot=-0.0051 agnorm=0.034 cgnorm=0.116 kl=0.0018 clipf=0.012 ev=+0.794 r0=1.0000 entcoef=8.98e-03 lr=6.2e-04 seed=1
iter=  72 step= 233600 ep_ret=-798.670 opt_ret=-798.670 step_rew=-7.9867 opt_step=-7.9867 gap0=798.670 dret=+11.684 eval_ret=n/a pursuer_target_distance=3.974 capture=0.000 score=0.000 pol=-0.0015 val=0.0092 ent=1.5197 tot=-0.0106 agnorm=0.044 cgnorm=0.084 kl=0.0024 clipf=0.016 ev=+0.896 r0=1.0000 entcoef=8.96e-03 lr=6.2e-04 seed=1
iter=  73 step= 236800 ep_ret=-811.826 opt_ret=-811.826 step_rew=-8.1183 opt_step=-8.1183 gap0=811.826 dret=-1.473 eval_ret=n/a pursuer_target_distance=4.099 capture=0.000 score=0.000 pol=-0.0011 val=0.0167 ent=1.5286 tot=-0.0065 agnorm=0.037 cgnorm=0.105 kl=0.0012 clipf=0.006 ev=+0.751 r0=1.0000 entcoef=8.95e-03 lr=6.2e-04 seed=1
iter=  74 step= 240000 ep_ret=-822.611 opt_ret=-822.611 step_rew=-8.2261 opt_step=-8.2261 gap0=822.611 dret=-12.257 eval_ret=n/a pursuer_target_distance=3.659 capture=0.000 score=0.000 pol=-0.0013 val=0.0155 ent=1.5382 tot=-0.0073 agnorm=0.045 cgnorm=0.104 kl=0.0019 clipf=0.014 ev=+0.796 r0=1.0000 entcoef=8.93e-03 lr=6.2e-04 seed=1
iter=  75 step= 243200 ep_ret=-874.286 opt_ret=-874.286 step_rew=-8.7429 opt_step=-8.7429 gap0=874.286 dret=-63.933 eval_ret=n/a pursuer_target_distance=4.659 capture=0.000 score=0.000 pol=-0.0011 val=0.0127 ent=1.5244 tot=-0.0083 agnorm=0.040 cgnorm=0.091 kl=0.0015 clipf=0.008 ev=+0.815 r0=1.0000 entcoef=8.92e-03 lr=6.2e-04 seed=1
iter=  76 step= 246400 ep_ret=-830.287 opt_ret=-830.287 step_rew=-8.3029 opt_step=-8.3029 gap0=830.287 dret=-19.933 eval_ret=n/a pursuer_target_distance=4.242 capture=0.000 score=0.000 pol=-0.0015 val=0.0144 ent=1.5272 tot=-0.0079 agnorm=0.051 cgnorm=0.105 kl=0.0025 clipf=0.021 ev=+0.765 r0=1.0000 entcoef=8.90e-03 lr=6.2e-04 seed=1
iter=  77 step= 249600 ep_ret=-820.682 opt_ret=-820.682 step_rew=-8.2068 opt_step=-8.2068 gap0=820.682 dret=-10.328 eval_ret=n/a pursuer_target_distance=4.383 capture=0.000 score=0.000 pol=-0.0011 val=0.0088 ent=1.5165 tot=-0.0102 agnorm=0.044 cgnorm=0.073 kl=0.0020 clipf=0.011 ev=+0.865 r0=1.0000 entcoef=8.89e-03 lr=6.1e-04 seed=1
iter=  78 step= 252800 ep_ret=-883.701 opt_ret=-883.701 step_rew=-8.8370 opt_step=-8.8370 gap0=883.701 dret=-73.347 eval_ret=n/a pursuer_target_distance=4.707 capture=0.000 score=0.000 pol=-0.0010 val=0.0124 ent=1.5067 tot=-0.0082 agnorm=0.041 cgnorm=0.092 kl=0.0017 clipf=0.009 ev=+0.830 r0=1.0000 entcoef=8.88e-03 lr=6.1e-04 seed=1
iter=  79 step= 256000 ep_ret=-797.515 opt_ret=-797.515 step_rew=-7.9751 opt_step=-7.9751 gap0=797.515 dret=+12.839 eval_ret=n/a pursuer_target_distance=3.797 capture=0.000 score=0.000 pol=-0.0018 val=0.0121 ent=1.5244 tot=-0.0093 agnorm=0.055 cgnorm=0.089 kl=0.0023 clipf=0.016 ev=+0.855 r0=1.0000 entcoef=8.86e-03 lr=6.1e-04 seed=1
iter=  80 step= 259200 ep_ret=-777.992 opt_ret=-777.992 step_rew=-7.7799 opt_step=-7.7799 gap0=777.992 dret=+32.362 eval_ret=-565.256 pursuer_target_distance=3.807 capture=0.000 score=0.000 pol=-0.0012 val=0.0128 ent=1.5244 tot=-0.0083 agnorm=0.036 cgnorm=0.096 kl=0.0020 clipf=0.010 ev=+0.812 r0=1.0000 entcoef=8.85e-03 lr=6.1e-04 seed=1
iter=  81 step= 262400 ep_ret=-821.300 opt_ret=-821.300 step_rew=-8.2130 opt_step=-8.2130 gap0=821.300 dret=-10.946 eval_ret=n/a pursuer_target_distance=4.265 capture=0.000 score=0.000 pol=-0.0012 val=0.0113 ent=1.5354 tot=-0.0092 agnorm=0.043 cgnorm=0.081 kl=0.0021 clipf=0.013 ev=+0.872 r0=1.0000 entcoef=8.83e-03 lr=6.1e-04 seed=1
iter=  82 step= 265600 ep_ret=-817.744 opt_ret=-817.744 step_rew=-8.1774 opt_step=-8.1774 gap0=817.744 dret=-7.390 eval_ret=n/a pursuer_target_distance=4.580 capture=0.000 score=0.000 pol=-0.0015 val=0.0133 ent=1.5464 tot=-0.0085 agnorm=0.045 cgnorm=0.092 kl=0.0021 clipf=0.021 ev=+0.720 r0=1.0000 entcoef=8.82e-03 lr=6.1e-04 seed=1
iter=  83 step= 268800 ep_ret=-851.567 opt_ret=-851.567 step_rew=-8.5157 opt_step=-8.5157 gap0=851.567 dret=-41.213 eval_ret=n/a pursuer_target_distance=4.110 capture=0.000 score=0.000 pol=-0.0011 val=0.0107 ent=1.5474 tot=-0.0093 agnorm=0.033 cgnorm=0.090 kl=0.0016 clipf=0.008 ev=+0.819 r0=1.0000 entcoef=8.80e-03 lr=6.1e-04 seed=1
iter=  84 step= 272000 ep_ret=-783.644 opt_ret=-783.644 step_rew=-7.8364 opt_step=-7.8364 gap0=783.644 dret=+26.710 eval_ret=n/a pursuer_target_distance=3.833 capture=0.000 score=0.000 pol=-0.0013 val=0.0126 ent=1.5387 tot=-0.0085 agnorm=0.035 cgnorm=0.094 kl=0.0022 clipf=0.014 ev=+0.770 r0=1.0000 entcoef=8.79e-03 lr=6.1e-04 seed=1
iter=  85 step= 275200 ep_ret=-883.998 opt_ret=-883.998 step_rew=-8.8400 opt_step=-8.8400 gap0=883.998 dret=-73.645 eval_ret=n/a pursuer_target_distance=4.427 capture=0.000 score=0.000 pol=-0.0017 val=0.0133 ent=1.5425 tot=-0.0086 agnorm=0.049 cgnorm=0.084 kl=0.0026 clipf=0.016 ev=+0.794 r0=1.0000 entcoef=8.77e-03 lr=6.1e-04 seed=1
iter=  86 step= 278400 ep_ret=-757.639 opt_ret=-757.639 step_rew=-7.5764 opt_step=-7.5764 gap0=757.639 dret=+52.715 eval_ret=n/a pursuer_target_distance=3.620 capture=0.000 score=0.000 pol=-0.0011 val=0.0102 ent=1.5286 tot=-0.0094 agnorm=0.035 cgnorm=0.082 kl=0.0026 clipf=0.014 ev=+0.879 r0=1.0000 entcoef=8.76e-03 lr=6.0e-04 seed=1
iter=  87 step= 281600 ep_ret=-824.082 opt_ret=-824.082 step_rew=-8.2408 opt_step=-8.2408 gap0=824.082 dret=-13.728 eval_ret=n/a pursuer_target_distance=4.104 capture=0.000 score=0.000 pol=-0.0014 val=0.0131 ent=1.5221 tot=-0.0082 agnorm=0.045 cgnorm=0.085 kl=0.0025 clipf=0.020 ev=+0.779 r0=1.0000 entcoef=8.75e-03 lr=6.0e-04 seed=1
iter=  88 step= 284800 ep_ret=-800.148 opt_ret=-800.148 step_rew=-8.0015 opt_step=-8.0015 gap0=800.148 dret=+10.206 eval_ret=n/a pursuer_target_distance=3.858 capture=0.000 score=0.000 pol=-0.0013 val=0.0078 ent=1.5301 tot=-0.0108 agnorm=0.040 cgnorm=0.069 kl=0.0017 clipf=0.009 ev=+0.847 r0=1.0000 entcoef=8.73e-03 lr=6.0e-04 seed=1
iter=  89 step= 288000 ep_ret=-875.461 opt_ret=-875.461 step_rew=-8.7546 opt_step=-8.7546 gap0=875.461 dret=-65.107 eval_ret=n/a pursuer_target_distance=4.425 capture=0.000 score=0.000 pol=-0.0016 val=0.0175 ent=1.5265 tot=-0.0061 agnorm=0.053 cgnorm=0.099 kl=0.0029 clipf=0.020 ev=+0.745 r0=1.0000 entcoef=8.72e-03 lr=6.0e-04 seed=1
iter=  90 step= 291200 ep_ret=-839.052 opt_ret=-839.052 step_rew=-8.3905 opt_step=-8.3905 gap0=839.052 dret=-28.698 eval_ret=n/a pursuer_target_distance=4.728 capture=0.000 score=0.000 pol=-0.0016 val=0.0106 ent=1.5166 tot=-0.0095 agnorm=0.044 cgnorm=0.075 kl=0.0033 clipf=0.030 ev=+0.841 r0=1.0000 entcoef=8.70e-03 lr=6.0e-04 seed=1
iter=  91 step= 294400 ep_ret=-882.167 opt_ret=-882.167 step_rew=-8.8217 opt_step=-8.8217 gap0=882.167 dret=-71.813 eval_ret=n/a pursuer_target_distance=5.007 capture=0.000 score=0.000 pol=-0.0009 val=0.0071 ent=1.5362 tot=-0.0107 agnorm=0.033 cgnorm=0.059 kl=0.0019 clipf=0.010 ev=+0.892 r0=1.0000 entcoef=8.69e-03 lr=6.0e-04 seed=1
iter=  92 step= 297600 ep_ret=-828.388 opt_ret=-828.388 step_rew=-8.2839 opt_step=-8.2839 gap0=828.388 dret=-18.034 eval_ret=n/a pursuer_target_distance=3.786 capture=0.000 score=0.000 pol=-0.0015 val=0.0166 ent=1.5482 tot=-0.0066 agnorm=0.044 cgnorm=0.089 kl=0.0018 clipf=0.012 ev=+0.784 r0=1.0000 entcoef=8.67e-03 lr=6.0e-04 seed=1
iter=  93 step= 300800 ep_ret=-938.457 opt_ret=-938.457 step_rew=-9.3846 opt_step=-9.3846 gap0=938.457 dret=-128.103 eval_ret=n/a pursuer_target_distance=4.898 capture=0.000 score=0.000 pol=-0.0012 val=0.0104 ent=1.5394 tot=-0.0093 agnorm=0.039 cgnorm=0.068 kl=0.0021 clipf=0.007 ev=+0.789 r0=1.0000 entcoef=8.66e-03 lr=6.0e-04 seed=1
iter=  94 step= 304000 ep_ret=-887.569 opt_ret=-887.569 step_rew=-8.8757 opt_step=-8.8757 gap0=887.569 dret=-77.215 eval_ret=n/a pursuer_target_distance=4.711 capture=0.000 score=0.000 pol=-0.0010 val=0.0119 ent=1.5307 tot=-0.0083 agnorm=0.051 cgnorm=0.077 kl=0.0019 clipf=0.013 ev=+0.837 r0=1.0000 entcoef=8.64e-03 lr=6.0e-04 seed=1
iter=  95 step= 307200 ep_ret=-786.045 opt_ret=-786.045 step_rew=-7.8605 opt_step=-7.8605 gap0=786.045 dret=+24.309 eval_ret=n/a pursuer_target_distance=4.134 capture=0.000 score=0.000 pol=-0.0009 val=0.0094 ent=1.5405 tot=-0.0094 agnorm=0.030 cgnorm=0.077 kl=0.0019 clipf=0.010 ev=+0.843 r0=1.0000 entcoef=8.63e-03 lr=5.9e-04 seed=1
iter=  96 step= 310400 ep_ret=-848.683 opt_ret=-848.683 step_rew=-8.4868 opt_step=-8.4868 gap0=848.683 dret=-38.329 eval_ret=n/a pursuer_target_distance=4.013 capture=0.000 score=0.000 pol=-0.0011 val=0.0117 ent=1.5319 tot=-0.0085 agnorm=0.032 cgnorm=0.084 kl=0.0019 clipf=0.010 ev=+0.741 r0=1.0000 entcoef=8.62e-03 lr=5.9e-04 seed=1
iter=  97 step= 313600 ep_ret=-879.264 opt_ret=-879.264 step_rew=-8.7926 opt_step=-8.7926 gap0=879.264 dret=-68.910 eval_ret=n/a pursuer_target_distance=4.328 capture=0.000 score=0.000 pol=-0.0013 val=0.0088 ent=1.5316 tot=-0.0101 agnorm=0.036 cgnorm=0.066 kl=0.0019 clipf=0.012 ev=+0.861 r0=1.0000 entcoef=8.60e-03 lr=5.9e-04 seed=1
iter=  98 step= 316800 ep_ret=-867.075 opt_ret=-867.075 step_rew=-8.6707 opt_step=-8.6707 gap0=867.075 dret=-56.721 eval_ret=n/a pursuer_target_distance=4.481 capture=0.000 score=0.000 pol=-0.0015 val=0.0118 ent=1.5303 tot=-0.0088 agnorm=0.043 cgnorm=0.073 kl=0.0013 clipf=0.007 ev=+0.762 r0=1.0000 entcoef=8.59e-03 lr=5.9e-04 seed=1
iter=  99 step= 320000 ep_ret=-894.003 opt_ret=-894.003 step_rew=-8.9400 opt_step=-8.9400 gap0=894.003 dret=-83.650 eval_ret=n/a pursuer_target_distance=5.193 capture=0.000 score=0.000 pol=-0.0015 val=0.0141 ent=1.5345 tot=-0.0075 agnorm=0.049 cgnorm=0.087 kl=0.0023 clipf=0.017 ev=+0.762 r0=1.0000 entcoef=8.57e-03 lr=5.9e-04 seed=1
iter= 100 step= 323200 ep_ret=-891.938 opt_ret=-891.938 step_rew=-8.9194 opt_step=-8.9194 gap0=891.938 dret=-81.584 eval_ret=-684.648 pursuer_target_distance=4.584 capture=0.000 score=0.000 pol=-0.0010 val=0.0095 ent=1.5440 tot=-0.0095 agnorm=0.030 cgnorm=0.068 kl=0.0015 clipf=0.007 ev=+0.834 r0=1.0000 entcoef=8.56e-03 lr=5.9e-04 seed=1
iter= 101 step= 326400 ep_ret=-815.116 opt_ret=-815.116 step_rew=-8.1512 opt_step=-8.1512 gap0=815.116 dret=-4.762 eval_ret=n/a pursuer_target_distance=4.128 capture=0.000 score=0.000 pol=-0.0012 val=0.0140 ent=1.5433 tot=-0.0074 agnorm=0.032 cgnorm=0.078 kl=0.0017 clipf=0.008 ev=+0.712 r0=1.0000 entcoef=8.54e-03 lr=5.9e-04 seed=1
iter= 102 step= 329600 ep_ret=-791.681 opt_ret=-791.681 step_rew=-7.9168 opt_step=-7.9168 gap0=791.681 dret=+18.673 eval_ret=n/a pursuer_target_distance=4.099 capture=0.000 score=0.000 pol=-0.0008 val=0.0139 ent=1.5398 tot=-0.0070 agnorm=0.036 cgnorm=0.072 kl=0.0015 clipf=0.009 ev=+0.739 r0=1.0000 entcoef=8.53e-03 lr=5.9e-04 seed=1
iter= 103 step= 332800 ep_ret=-843.011 opt_ret=-843.011 step_rew=-8.4301 opt_step=-8.4301 gap0=843.011 dret=-32.657 eval_ret=n/a pursuer_target_distance=4.582 capture=0.000 score=0.000 pol=-0.0012 val=0.0117 ent=1.5478 tot=-0.0085 agnorm=0.035 cgnorm=0.068 kl=0.0019 clipf=0.008 ev=+0.811 r0=1.0000 entcoef=8.51e-03 lr=5.9e-04 seed=1
iter= 104 step= 336000 ep_ret=-845.903 opt_ret=-845.903 step_rew=-8.4590 opt_step=-8.4590 gap0=845.903 dret=-35.549 eval_ret=n/a pursuer_target_distance=4.273 capture=0.000 score=0.000 pol=-0.0012 val=0.0095 ent=1.5431 tot=-0.0096 agnorm=0.032 cgnorm=0.061 kl=0.0016 clipf=0.008 ev=+0.795 r0=1.0000 entcoef=8.50e-03 lr=5.9e-04 seed=1
iter= 105 step= 339200 ep_ret=-750.183 opt_ret=-750.183 step_rew=-7.5018 opt_step=-7.5018 gap0=750.183 dret=+60.171 eval_ret=n/a pursuer_target_distance=3.466 capture=0.000 score=0.000 pol=-0.0010 val=0.0111 ent=1.5330 tot=-0.0085 agnorm=0.032 cgnorm=0.066 kl=0.0015 clipf=0.007 ev=+0.772 r0=1.0000 entcoef=8.49e-03 lr=5.8e-04 seed=1
iter= 106 step= 342400 ep_ret=-817.317 opt_ret=-817.317 step_rew=-8.1732 opt_step=-8.1732 gap0=817.317 dret=-6.963 eval_ret=n/a pursuer_target_distance=4.089 capture=0.000 score=0.000 pol=-0.0015 val=0.0132 ent=1.5324 tot=-0.0079 agnorm=0.050 cgnorm=0.071 kl=0.0029 clipf=0.024 ev=+0.734 r0=1.0000 entcoef=8.47e-03 lr=5.8e-04 seed=1
iter= 107 step= 345600 ep_ret=-861.024 opt_ret=-861.024 step_rew=-8.6102 opt_step=-8.6102 gap0=861.024 dret=-50.670 eval_ret=n/a pursuer_target_distance=4.765 capture=0.000 score=0.000 pol=-0.0013 val=0.0128 ent=1.5231 tot=-0.0077 agnorm=0.045 cgnorm=0.078 kl=0.0027 clipf=0.020 ev=+0.642 r0=1.0000 entcoef=8.46e-03 lr=5.8e-04 seed=1
iter= 108 step= 348800 ep_ret=-893.164 opt_ret=-893.164 step_rew=-8.9316 opt_step=-8.9316 gap0=893.164 dret=-82.810 eval_ret=n/a pursuer_target_distance=4.319 capture=0.000 score=0.000 pol=-0.0012 val=0.0129 ent=1.5164 tot=-0.0075 agnorm=0.038 cgnorm=0.071 kl=0.0025 clipf=0.017 ev=+0.734 r0=1.0000 entcoef=8.44e-03 lr=5.8e-04 seed=1
iter= 109 step= 352000 ep_ret=-858.879 opt_ret=-858.879 step_rew=-8.5888 opt_step=-8.5888 gap0=858.879 dret=-48.525 eval_ret=n/a pursuer_target_distance=4.533 capture=0.000 score=0.000 pol=-0.0011 val=0.0158 ent=1.5196 tot=-0.0060 agnorm=0.037 cgnorm=0.072 kl=0.0012 clipf=0.008 ev=+0.613 r0=1.0000 entcoef=8.43e-03 lr=5.8e-04 seed=1
iter= 110 step= 355200 ep_ret=-787.187 opt_ret=-787.187 step_rew=-7.8719 opt_step=-7.8719 gap0=787.187 dret=+23.167 eval_ret=n/a pursuer_target_distance=4.010 capture=0.000 score=0.000 pol=-0.0013 val=0.0094 ent=1.4956 tot=-0.0092 agnorm=0.033 cgnorm=0.060 kl=0.0029 clipf=0.017 ev=+0.844 r0=1.0000 entcoef=8.41e-03 lr=5.8e-04 seed=1
iter= 111 step= 358400 ep_ret=-897.095 opt_ret=-897.095 step_rew=-8.9710 opt_step=-8.9710 gap0=897.095 dret=-86.742 eval_ret=n/a pursuer_target_distance=4.192 capture=0.000 score=0.000 pol=-0.0015 val=0.0129 ent=1.4811 tot=-0.0075 agnorm=0.042 cgnorm=0.077 kl=0.0017 clipf=0.012 ev=+0.698 r0=1.0000 entcoef=8.40e-03 lr=5.8e-04 seed=1
iter= 112 step= 361600 ep_ret=-861.035 opt_ret=-861.035 step_rew=-8.6103 opt_step=-8.6103 gap0=861.035 dret=-50.681 eval_ret=n/a pursuer_target_distance=4.642 capture=0.000 score=0.000 pol=-0.0010 val=0.0156 ent=1.5003 tot=-0.0057 agnorm=0.053 cgnorm=0.076 kl=0.0025 clipf=0.016 ev=+0.677 r0=1.0000 entcoef=8.38e-03 lr=5.8e-04 seed=1
iter= 113 step= 364800 ep_ret=-811.757 opt_ret=-811.757 step_rew=-8.1176 opt_step=-8.1176 gap0=811.757 dret=-1.403 eval_ret=n/a pursuer_target_distance=3.776 capture=0.000 score=0.000 pol=-0.0007 val=0.0081 ent=1.5121 tot=-0.0093 agnorm=0.035 cgnorm=0.054 kl=0.0008 clipf=0.003 ev=+0.820 r0=1.0000 entcoef=8.37e-03 lr=5.8e-04 seed=1
iter= 114 step= 368000 ep_ret=-850.114 opt_ret=-850.114 step_rew=-8.5011 opt_step=-8.5011 gap0=850.114 dret=-39.760 eval_ret=n/a pursuer_target_distance=4.554 capture=0.000 score=0.000 pol=-0.0011 val=0.0111 ent=1.5290 tot=-0.0083 agnorm=0.044 cgnorm=0.065 kl=0.0029 clipf=0.016 ev=+0.738 r0=1.0000 entcoef=8.36e-03 lr=5.7e-04 seed=1
iter= 115 step= 371200 ep_ret=-821.345 opt_ret=-821.345 step_rew=-8.2134 opt_step=-8.2134 gap0=821.345 dret=-10.991 eval_ret=n/a pursuer_target_distance=4.521 capture=0.000 score=0.000 pol=-0.0014 val=0.0101 ent=1.5232 tot=-0.0091 agnorm=0.043 cgnorm=0.063 kl=0.0013 clipf=0.005 ev=+0.848 r0=1.0000 entcoef=8.34e-03 lr=5.7e-04 seed=1
iter= 116 step= 374400 ep_ret=-779.361 opt_ret=-779.361 step_rew=-7.7936 opt_step=-7.7936 gap0=779.361 dret=+30.993 eval_ret=n/a pursuer_target_distance=3.916 capture=0.000 score=0.000 pol=-0.0011 val=0.0156 ent=1.5125 tot=-0.0059 agnorm=0.046 cgnorm=0.072 kl=0.0024 clipf=0.012 ev=+0.698 r0=1.0000 entcoef=8.33e-03 lr=5.7e-04 seed=1
iter= 117 step= 377600 ep_ret=-835.696 opt_ret=-835.696 step_rew=-8.3570 opt_step=-8.3570 gap0=835.696 dret=-25.342 eval_ret=n/a pursuer_target_distance=4.177 capture=0.000 score=0.000 pol=-0.0013 val=0.0148 ent=1.5159 tot=-0.0065 agnorm=0.042 cgnorm=0.063 kl=0.0029 clipf=0.021 ev=+0.661 r0=1.0000 entcoef=8.31e-03 lr=5.7e-04 seed=1
iter= 118 step= 380800 ep_ret=-778.621 opt_ret=-778.621 step_rew=-7.7862 opt_step=-7.7862 gap0=778.621 dret=+31.733 eval_ret=n/a pursuer_target_distance=3.423 capture=0.000 score=0.000 pol=-0.0016 val=0.0157 ent=1.5054 tot=-0.0063 agnorm=0.042 cgnorm=0.066 kl=0.0021 clipf=0.014 ev=+0.689 r0=1.0000 entcoef=8.30e-03 lr=5.7e-04 seed=1
iter= 119 step= 384000 ep_ret=-839.058 opt_ret=-839.058 step_rew=-8.3906 opt_step=-8.3906 gap0=839.058 dret=-28.704 eval_ret=n/a pursuer_target_distance=4.619 capture=0.000 score=0.000 pol=-0.0014 val=0.0146 ent=1.4806 tot=-0.0064 agnorm=0.036 cgnorm=0.066 kl=0.0016 clipf=0.009 ev=+0.734 r0=1.0000 entcoef=8.28e-03 lr=5.7e-04 seed=1
iter= 120 step= 387200 ep_ret=-845.644 opt_ret=-845.644 step_rew=-8.4564 opt_step=-8.4564 gap0=845.644 dret=-35.290 eval_ret=-620.439 pursuer_target_distance=4.107 capture=0.000 score=0.000 pol=-0.0012 val=0.0119 ent=1.4564 tot=-0.0073 agnorm=0.035 cgnorm=0.070 kl=0.0017 clipf=0.012 ev=+0.715 r0=1.0000 entcoef=8.27e-03 lr=5.7e-04 seed=1
iter= 121 step= 390400 ep_ret=-836.766 opt_ret=-836.766 step_rew=-8.3677 opt_step=-8.3677 gap0=836.766 dret=-26.413 eval_ret=n/a pursuer_target_distance=3.914 capture=0.000 score=0.000 pol=-0.0010 val=0.0211 ent=1.4757 tot=-0.0027 agnorm=0.030 cgnorm=0.089 kl=0.0021 clipf=0.013 ev=+0.572 r0=1.0000 entcoef=8.25e-03 lr=5.7e-04 seed=1
iter= 122 step= 393600 ep_ret=-834.751 opt_ret=-834.751 step_rew=-8.3475 opt_step=-8.3475 gap0=834.751 dret=-24.397 eval_ret=n/a pursuer_target_distance=3.548 capture=0.000 score=0.000 pol=-0.0017 val=0.0151 ent=1.4995 tot=-0.0065 agnorm=0.056 cgnorm=0.067 kl=0.0029 clipf=0.022 ev=+0.719 r0=1.0000 entcoef=8.24e-03 lr=5.7e-04 seed=1
iter= 123 step= 396800 ep_ret=-828.205 opt_ret=-828.205 step_rew=-8.2820 opt_step=-8.2820 gap0=828.205 dret=-17.851 eval_ret=n/a pursuer_target_distance=4.641 capture=0.000 score=0.000 pol=-0.0015 val=0.0134 ent=1.5186 tot=-0.0072 agnorm=0.046 cgnorm=0.060 kl=0.0020 clipf=0.012 ev=+0.594 r0=1.0000 entcoef=8.23e-03 lr=5.6e-04 seed=1
iter= 124 step= 400000 ep_ret=-845.572 opt_ret=-845.572 step_rew=-8.4557 opt_step=-8.4557 gap0=845.572 dret=-35.218 eval_ret=n/a pursuer_target_distance=4.868 capture=0.000 score=0.000 pol=-0.0012 val=0.0113 ent=1.5285 tot=-0.0081 agnorm=0.036 cgnorm=0.058 kl=0.0020 clipf=0.009 ev=+0.787 r0=1.0000 entcoef=8.21e-03 lr=5.6e-04 seed=1
iter= 125 step= 403200 ep_ret=-779.884 opt_ret=-779.884 step_rew=-7.7988 opt_step=-7.7988 gap0=779.884 dret=+30.470 eval_ret=n/a pursuer_target_distance=3.734 capture=0.000 score=0.000 pol=-0.0016 val=0.0098 ent=1.5317 tot=-0.0092 agnorm=0.046 cgnorm=0.056 kl=0.0020 clipf=0.011 ev=+0.822 r0=1.0000 entcoef=8.20e-03 lr=5.6e-04 seed=1
iter= 126 step= 406400 ep_ret=-807.757 opt_ret=-807.757 step_rew=-8.0776 opt_step=-8.0776 gap0=807.757 dret=+2.597 eval_ret=n/a pursuer_target_distance=3.764 capture=0.000 score=0.000 pol=-0.0013 val=0.0079 ent=1.5340 tot=-0.0099 agnorm=0.041 cgnorm=0.042 kl=0.0023 clipf=0.013 ev=+0.831 r0=1.0000 entcoef=8.18e-03 lr=5.6e-04 seed=1
iter= 127 step= 409600 ep_ret=-817.523 opt_ret=-817.523 step_rew=-8.1752 opt_step=-8.1752 gap0=817.523 dret=-7.169 eval_ret=n/a pursuer_target_distance=4.016 capture=0.000 score=0.000 pol=-0.0010 val=0.0075 ent=1.5261 tot=-0.0097 agnorm=0.041 cgnorm=0.051 kl=0.0019 clipf=0.008 ev=+0.812 r0=1.0000 entcoef=8.17e-03 lr=5.6e-04 seed=1
iter= 128 step= 412800 ep_ret=-842.154 opt_ret=-842.154 step_rew=-8.4215 opt_step=-8.4215 gap0=842.154 dret=-31.800 eval_ret=n/a pursuer_target_distance=4.333 capture=0.000 score=0.000 pol=-0.0016 val=0.0105 ent=1.5390 tot=-0.0088 agnorm=0.044 cgnorm=0.050 kl=0.0021 clipf=0.011 ev=+0.674 r0=1.0000 entcoef=8.15e-03 lr=5.6e-04 seed=1
iter= 129 step= 416000 ep_ret=-798.788 opt_ret=-798.788 step_rew=-7.9879 opt_step=-7.9879 gap0=798.788 dret=+11.566 eval_ret=n/a pursuer_target_distance=3.661 capture=0.000 score=0.000 pol=-0.0017 val=0.0159 ent=1.5280 tot=-0.0062 agnorm=0.060 cgnorm=0.067 kl=0.0023 clipf=0.020 ev=+0.576 r0=1.0000 entcoef=8.14e-03 lr=5.6e-04 seed=1
iter= 130 step= 419200 ep_ret=-862.821 opt_ret=-862.821 step_rew=-8.6282 opt_step=-8.6282 gap0=862.821 dret=-52.467 eval_ret=n/a pursuer_target_distance=4.227 capture=0.000 score=0.000 pol=-0.0013 val=0.0120 ent=1.5154 tot=-0.0077 agnorm=0.034 cgnorm=0.061 kl=0.0021 clipf=0.015 ev=+0.748 r0=1.0000 entcoef=8.13e-03 lr=5.6e-04 seed=1
iter= 131 step= 422400 ep_ret=-788.981 opt_ret=-788.981 step_rew=-7.8898 opt_step=-7.8898 gap0=788.981 dret=+21.372 eval_ret=n/a pursuer_target_distance=3.782 capture=0.000 score=0.000 pol=-0.0019 val=0.0074 ent=1.5305 tot=-0.0106 agnorm=0.051 cgnorm=0.053 kl=0.0025 clipf=0.016 ev=+0.837 r0=1.0000 entcoef=8.11e-03 lr=5.6e-04 seed=1
iter= 132 step= 425600 ep_ret=-765.843 opt_ret=-765.843 step_rew=-7.6584 opt_step=-7.6584 gap0=765.843 dret=+44.510 eval_ret=n/a pursuer_target_distance=3.388 capture=0.000 score=0.000 pol=-0.0014 val=0.0106 ent=1.5354 tot=-0.0085 agnorm=0.037 cgnorm=0.059 kl=0.0023 clipf=0.015 ev=+0.725 r0=1.0000 entcoef=8.10e-03 lr=5.5e-04 seed=1
iter= 133 step= 428800 ep_ret=-765.441 opt_ret=-765.441 step_rew=-7.6544 opt_step=-7.6544 gap0=765.441 dret=+44.913 eval_ret=n/a pursuer_target_distance=3.608 capture=0.000 score=0.000 pol=-0.0011 val=0.0164 ent=1.5239 tot=-0.0053 agnorm=0.032 cgnorm=0.073 kl=0.0019 clipf=0.010 ev=+0.579 r0=1.0000 entcoef=8.08e-03 lr=5.5e-04 seed=1
iter= 134 step= 432000 ep_ret=-787.887 opt_ret=-787.887 step_rew=-7.8789 opt_step=-7.8789 gap0=787.887 dret=+22.466 eval_ret=n/a pursuer_target_distance=3.458 capture=0.000 score=0.000 pol=-0.0017 val=0.0084 ent=1.5091 tot=-0.0097 agnorm=0.038 cgnorm=0.045 kl=0.0028 clipf=0.016 ev=+0.787 r0=1.0000 entcoef=8.07e-03 lr=5.5e-04 seed=1
iter= 135 step= 435200 ep_ret=-902.655 opt_ret=-902.655 step_rew=-9.0265 opt_step=-9.0265 gap0=902.655 dret=-92.301 eval_ret=n/a pursuer_target_distance=5.063 capture=0.000 score=0.000 pol=-0.0013 val=0.0151 ent=1.4909 tot=-0.0058 agnorm=0.048 cgnorm=0.062 kl=0.0016 clipf=0.008 ev=+0.540 r0=1.0000 entcoef=8.05e-03 lr=5.5e-04 seed=1
iter= 136 step= 438400 ep_ret=-831.233 opt_ret=-831.233 step_rew=-8.3123 opt_step=-8.3123 gap0=831.233 dret=-20.879 eval_ret=n/a pursuer_target_distance=4.188 capture=0.000 score=0.000 pol=-0.0016 val=0.0145 ent=1.5146 tot=-0.0065 agnorm=0.056 cgnorm=0.058 kl=0.0026 clipf=0.020 ev=+0.592 r0=1.0000 entcoef=8.04e-03 lr=5.5e-04 seed=1
iter= 137 step= 441600 ep_ret=-916.350 opt_ret=-916.350 step_rew=-9.1635 opt_step=-9.1635 gap0=916.350 dret=-105.997 eval_ret=n/a pursuer_target_distance=4.884 capture=0.000 score=0.000 pol=-0.0017 val=0.0159 ent=1.5118 tot=-0.0059 agnorm=0.043 cgnorm=0.063 kl=0.0025 clipf=0.018 ev=+0.646 r0=1.0000 entcoef=8.02e-03 lr=5.5e-04 seed=1
iter= 138 step= 444800 ep_ret=-818.448 opt_ret=-818.448 step_rew=-8.1845 opt_step=-8.1845 gap0=818.448 dret=-8.094 eval_ret=n/a pursuer_target_distance=4.119 capture=0.000 score=0.000 pol=-0.0019 val=0.0134 ent=1.4987 tot=-0.0072 agnorm=0.045 cgnorm=0.056 kl=0.0019 clipf=0.014 ev=+0.574 r0=1.0000 entcoef=8.01e-03 lr=5.5e-04 seed=1
iter= 139 step= 448000 ep_ret=-850.645 opt_ret=-850.645 step_rew=-8.5064 opt_step=-8.5064 gap0=850.645 dret=-40.291 eval_ret=n/a pursuer_target_distance=4.442 capture=0.000 score=0.000 pol=-0.0010 val=0.0193 ent=1.5067 tot=-0.0034 agnorm=0.038 cgnorm=0.070 kl=0.0025 clipf=0.023 ev=+0.617 r0=1.0000 entcoef=8.00e-03 lr=5.5e-04 seed=1
iter= 140 step= 451200 ep_ret=-841.630 opt_ret=-841.630 step_rew=-8.4163 opt_step=-8.4163 gap0=841.630 dret=-31.276 eval_ret=-687.410 pursuer_target_distance=4.584 capture=0.000 score=0.000 pol=-0.0016 val=0.0142 ent=1.5163 tot=-0.0066 agnorm=0.040 cgnorm=0.063 kl=0.0020 clipf=0.017 ev=+0.616 r0=1.0000 entcoef=7.98e-03 lr=5.5e-04 seed=1
iter= 141 step= 454400 ep_ret=-860.615 opt_ret=-860.615 step_rew=-8.6062 opt_step=-8.6062 gap0=860.615 dret=-50.262 eval_ret=n/a pursuer_target_distance=4.831 capture=0.000 score=0.000 pol=-0.0013 val=0.0149 ent=1.5112 tot=-0.0059 agnorm=0.051 cgnorm=0.056 kl=0.0016 clipf=0.011 ev=+0.548 r0=1.0000 entcoef=7.97e-03 lr=5.4e-04 seed=1
iter= 142 step= 457600 ep_ret=-897.345 opt_ret=-897.345 step_rew=-8.9735 opt_step=-8.9735 gap0=897.345 dret=-86.992 eval_ret=n/a pursuer_target_distance=4.906 capture=0.000 score=0.000 pol=-0.0011 val=0.0127 ent=1.5040 tot=-0.0067 agnorm=0.033 cgnorm=0.056 kl=0.0017 clipf=0.007 ev=+0.690 r0=1.0000 entcoef=7.95e-03 lr=5.4e-04 seed=1
iter= 143 step= 460800 ep_ret=-768.471 opt_ret=-768.471 step_rew=-7.6847 opt_step=-7.6847 gap0=768.471 dret=+41.882 eval_ret=n/a pursuer_target_distance=3.937 capture=0.000 score=0.000 pol=-0.0014 val=0.0099 ent=1.4992 tot=-0.0083 agnorm=0.040 cgnorm=0.053 kl=0.0030 clipf=0.022 ev=+0.747 r0=1.0000 entcoef=7.94e-03 lr=5.4e-04 seed=1
iter= 144 step= 464000 ep_ret=-865.595 opt_ret=-865.595 step_rew=-8.6559 opt_step=-8.6559 gap0=865.595 dret=-55.241 eval_ret=n/a pursuer_target_distance=4.879 capture=0.000 score=0.000 pol=-0.0013 val=0.0157 ent=1.5041 tot=-0.0054 agnorm=0.039 cgnorm=0.057 kl=0.0023 clipf=0.012 ev=+0.575 r0=1.0000 entcoef=7.92e-03 lr=5.4e-04 seed=1
iter= 145 step= 467200 ep_ret=-904.381 opt_ret=-904.381 step_rew=-9.0438 opt_step=-9.0438 gap0=904.381 dret=-94.028 eval_ret=n/a pursuer_target_distance=4.836 capture=0.000 score=0.000 pol=-0.0018 val=0.0112 ent=1.5002 tot=-0.0081 agnorm=0.039 cgnorm=0.048 kl=0.0025 clipf=0.014 ev=+0.686 r0=1.0000 entcoef=7.91e-03 lr=5.4e-04 seed=1
iter= 146 step= 470400 ep_ret=-829.241 opt_ret=-829.241 step_rew=-8.2924 opt_step=-8.2924 gap0=829.241 dret=-18.887 eval_ret=n/a pursuer_target_distance=4.007 capture=0.000 score=0.000 pol=-0.0009 val=0.0134 ent=1.4918 tot=-0.0059 agnorm=0.025 cgnorm=0.056 kl=0.0011 clipf=0.004 ev=+0.680 r0=1.0000 entcoef=7.89e-03 lr=5.4e-04 seed=1
iter= 147 step= 473600 ep_ret=-865.902 opt_ret=-865.902 step_rew=-8.6590 opt_step=-8.6590 gap0=865.902 dret=-55.549 eval_ret=n/a pursuer_target_distance=4.875 capture=0.000 score=0.000 pol=-0.0011 val=0.0155 ent=1.4972 tot=-0.0052 agnorm=0.029 cgnorm=0.060 kl=0.0011 clipf=0.007 ev=+0.711 r0=1.0000 entcoef=7.88e-03 lr=5.4e-04 seed=1
iter= 148 step= 476800 ep_ret=-872.764 opt_ret=-872.764 step_rew=-8.7276 opt_step=-8.7276 gap0=872.764 dret=-62.410 eval_ret=n/a pursuer_target_distance=4.055 capture=0.000 score=0.000 pol=-0.0018 val=0.0191 ent=1.5017 tot=-0.0041 agnorm=0.056 cgnorm=0.070 kl=0.0030 clipf=0.018 ev=+0.642 r0=1.0000 entcoef=7.87e-03 lr=5.4e-04 seed=1
iter= 149 step= 480000 ep_ret=-877.214 opt_ret=-877.214 step_rew=-8.7721 opt_step=-8.7721 gap0=877.214 dret=-66.861 eval_ret=n/a pursuer_target_distance=4.671 capture=0.000 score=0.000 pol=-0.0018 val=0.0148 ent=1.4923 tot=-0.0062 agnorm=0.046 cgnorm=0.057 kl=0.0026 clipf=0.016 ev=+0.690 r0=1.0000 entcoef=7.85e-03 lr=5.4e-04 seed=1
iter= 150 step= 483200 ep_ret=-853.451 opt_ret=-853.451 step_rew=-8.5345 opt_step=-8.5345 gap0=853.451 dret=-43.097 eval_ret=n/a pursuer_target_distance=4.463 capture=0.000 score=0.000 pol=-0.0018 val=0.0152 ent=1.5123 tot=-0.0061 agnorm=0.046 cgnorm=0.060 kl=0.0020 clipf=0.013 ev=+0.616 r0=1.0000 entcoef=7.84e-03 lr=5.3e-04 seed=1
iter= 151 step= 486400 ep_ret=-817.720 opt_ret=-817.720 step_rew=-8.1772 opt_step=-8.1772 gap0=817.720 dret=-7.366 eval_ret=n/a pursuer_target_distance=4.407 capture=0.000 score=0.000 pol=-0.0013 val=0.0107 ent=1.5332 tot=-0.0079 agnorm=0.038 cgnorm=0.051 kl=0.0024 clipf=0.010 ev=+0.701 r0=1.0000 entcoef=7.82e-03 lr=5.3e-04 seed=1
iter= 152 step= 489600 ep_ret=-795.576 opt_ret=-795.576 step_rew=-7.9558 opt_step=-7.9558 gap0=795.576 dret=+14.777 eval_ret=n/a pursuer_target_distance=3.272 capture=0.000 score=0.000 pol=-0.0013 val=0.0118 ent=1.5362 tot=-0.0074 agnorm=0.048 cgnorm=0.055 kl=0.0013 clipf=0.007 ev=+0.681 r0=1.0000 entcoef=7.81e-03 lr=5.3e-04 seed=1
iter= 153 step= 492800 ep_ret=-796.189 opt_ret=-796.189 step_rew=-7.9619 opt_step=-7.9619 gap0=796.189 dret=+14.165 eval_ret=n/a pursuer_target_distance=3.765 capture=0.000 score=0.000 pol=-0.0011 val=0.0093 ent=1.5403 tot=-0.0085 agnorm=0.035 cgnorm=0.049 kl=0.0016 clipf=0.011 ev=+0.688 r0=1.0000 entcoef=7.79e-03 lr=5.3e-04 seed=1
iter= 154 step= 496000 ep_ret=-816.416 opt_ret=-816.416 step_rew=-8.1642 opt_step=-8.1642 gap0=816.416 dret=-6.062 eval_ret=n/a pursuer_target_distance=3.954 capture=0.000 score=0.000 pol=-0.0012 val=0.0146 ent=1.5446 tot=-0.0059 agnorm=0.043 cgnorm=0.054 kl=0.0018 clipf=0.011 ev=+0.715 r0=1.0000 entcoef=7.78e-03 lr=5.3e-04 seed=1
iter= 155 step= 499200 ep_ret=-794.559 opt_ret=-794.559 step_rew=-7.9456 opt_step=-7.9456 gap0=794.559 dret=+15.795 eval_ret=n/a pursuer_target_distance=3.586 capture=0.000 score=0.000 pol=-0.0015 val=0.0126 ent=1.5426 tot=-0.0071 agnorm=0.039 cgnorm=0.053 kl=0.0016 clipf=0.006 ev=+0.738 r0=1.0000 entcoef=7.76e-03 lr=5.3e-04 seed=1
iter= 156 step= 502400 ep_ret=-751.093 opt_ret=-751.093 step_rew=-7.5109 opt_step=-7.5109 gap0=751.093 dret=+59.260 eval_ret=n/a pursuer_target_distance=3.519 capture=0.000 score=0.000 pol=-0.0016 val=0.0170 ent=1.5624 tot=-0.0052 agnorm=0.049 cgnorm=0.060 kl=0.0029 clipf=0.024 ev=+0.617 r0=1.0000 entcoef=7.75e-03 lr=5.3e-04 seed=1
iter= 157 step= 505600 ep_ret=-792.750 opt_ret=-792.750 step_rew=-7.9275 opt_step=-7.9275 gap0=792.750 dret=+17.604 eval_ret=n/a pursuer_target_distance=4.308 capture=0.000 score=0.000 pol=-0.0012 val=0.0132 ent=1.5576 tot=-0.0066 agnorm=0.057 cgnorm=0.046 kl=0.0031 clipf=0.025 ev=+0.651 r0=1.0000 entcoef=7.74e-03 lr=5.3e-04 seed=1
iter= 158 step= 508800 ep_ret=-783.315 opt_ret=-783.315 step_rew=-7.8332 opt_step=-7.8332 gap0=783.315 dret=+27.039 eval_ret=n/a pursuer_target_distance=3.703 capture=0.000 score=0.000 pol=-0.0011 val=0.0137 ent=1.5627 tot=-0.0063 agnorm=0.038 cgnorm=0.052 kl=0.0032 clipf=0.022 ev=+0.663 r0=1.0000 entcoef=7.72e-03 lr=5.3e-04 seed=1
iter= 159 step= 512000 ep_ret=-827.644 opt_ret=-827.644 step_rew=-8.2764 opt_step=-8.2764 gap0=827.644 dret=-17.290 eval_ret=n/a pursuer_target_distance=4.412 capture=0.000 score=0.000 pol=-0.0012 val=0.0115 ent=1.5722 tot=-0.0076 agnorm=0.031 cgnorm=0.054 kl=0.0011 clipf=0.008 ev=+0.569 r0=1.0000 entcoef=7.71e-03 lr=5.2e-04 seed=1
iter= 160 step= 515200 ep_ret=-739.399 opt_ret=-739.399 step_rew=-7.3940 opt_step=-7.3940 gap0=739.399 dret=+70.955 eval_ret=-495.127 pursuer_target_distance=3.524 capture=0.000 score=0.000 pol=-0.0013 val=0.0134 ent=1.5665 tot=-0.0067 agnorm=0.041 cgnorm=0.051 kl=0.0019 clipf=0.011 ev=+0.652 r0=1.0000 entcoef=7.69e-03 lr=5.2e-04 seed=1
iter= 161 step= 518400 ep_ret=-733.601 opt_ret=-733.601 step_rew=-7.3360 opt_step=-7.3360 gap0=733.601 dret=+76.753 eval_ret=n/a pursuer_target_distance=4.007 capture=0.000 score=0.000 pol=-0.0016 val=0.0132 ent=1.5630 tot=-0.0070 agnorm=0.048 cgnorm=0.051 kl=0.0025 clipf=0.019 ev=+0.654 r0=1.0000 entcoef=7.68e-03 lr=5.2e-04 seed=1
iter= 162 step= 521600 ep_ret=-834.334 opt_ret=-834.334 step_rew=-8.3433 opt_step=-8.3433 gap0=834.334 dret=-23.980 eval_ret=n/a pursuer_target_distance=4.085 capture=0.000 score=0.000 pol=-0.0014 val=0.0239 ent=1.5553 tot=-0.0014 agnorm=0.058 cgnorm=0.060 kl=0.0028 clipf=0.024 ev=+0.585 r0=1.0000 entcoef=7.66e-03 lr=5.2e-04 seed=1
iter= 163 step= 524800 ep_ret=-728.560 opt_ret=-728.560 step_rew=-7.2856 opt_step=-7.2856 gap0=728.560 dret=+81.793 eval_ret=n/a pursuer_target_distance=3.494 capture=0.000 score=0.000 pol=-0.0015 val=0.0115 ent=1.5499 tot=-0.0076 agnorm=0.058 cgnorm=0.048 kl=0.0029 clipf=0.026 ev=+0.731 r0=1.0000 entcoef=7.65e-03 lr=5.2e-04 seed=1
iter= 164 step= 528000 ep_ret=-817.573 opt_ret=-817.573 step_rew=-8.1757 opt_step=-8.1757 gap0=817.573 dret=-7.219 eval_ret=n/a pursuer_target_distance=4.335 capture=0.000 score=0.000 pol=-0.0013 val=0.0158 ent=1.5445 tot=-0.0051 agnorm=0.041 cgnorm=0.052 kl=0.0022 clipf=0.015 ev=+0.532 r0=1.0000 entcoef=7.63e-03 lr=5.2e-04 seed=1
iter= 165 step= 531200 ep_ret=-818.071 opt_ret=-818.071 step_rew=-8.1807 opt_step=-8.1807 gap0=818.071 dret=-7.717 eval_ret=n/a pursuer_target_distance=4.477 capture=0.000 score=0.000 pol=-0.0019 val=0.0160 ent=1.5480 tot=-0.0057 agnorm=0.049 cgnorm=0.052 kl=0.0022 clipf=0.021 ev=+0.630 r0=1.0000 entcoef=7.62e-03 lr=5.2e-04 seed=1
iter= 166 step= 534400 ep_ret=-757.635 opt_ret=-757.635 step_rew=-7.5763 opt_step=-7.5763 gap0=757.635 dret=+52.719 eval_ret=n/a pursuer_target_distance=3.628 capture=0.000 score=0.000 pol=-0.0017 val=0.0126 ent=1.5491 tot=-0.0072 agnorm=0.060 cgnorm=0.050 kl=0.0025 clipf=0.017 ev=+0.674 r0=1.0000 entcoef=7.61e-03 lr=5.2e-04 seed=1
iter= 167 step= 537600 ep_ret=-823.325 opt_ret=-823.325 step_rew=-8.2333 opt_step=-8.2333 gap0=823.325 dret=-12.971 eval_ret=n/a pursuer_target_distance=4.666 capture=0.000 score=0.000 pol=-0.0017 val=0.0126 ent=1.5432 tot=-0.0071 agnorm=0.038 cgnorm=0.047 kl=0.0020 clipf=0.012 ev=+0.623 r0=1.0000 entcoef=7.59e-03 lr=5.2e-04 seed=1
iter= 168 step= 540800 ep_ret=-751.494 opt_ret=-751.494 step_rew=-7.5149 opt_step=-7.5149 gap0=751.494 dret=+58.860 eval_ret=n/a pursuer_target_distance=3.286 capture=0.000 score=0.000 pol=-0.0017 val=0.0128 ent=1.5517 tot=-0.0070 agnorm=0.038 cgnorm=0.052 kl=0.0020 clipf=0.018 ev=+0.540 r0=1.0000 entcoef=7.58e-03 lr=5.1e-04 seed=1
iter= 169 step= 544000 ep_ret=-816.620 opt_ret=-816.620 step_rew=-8.1662 opt_step=-8.1662 gap0=816.620 dret=-6.266 eval_ret=n/a pursuer_target_distance=3.957 capture=0.000 score=0.000 pol=-0.0014 val=0.0135 ent=1.5557 tot=-0.0064 agnorm=0.039 cgnorm=0.045 kl=0.0029 clipf=0.028 ev=+0.678 r0=1.0000 entcoef=7.56e-03 lr=5.1e-04 seed=1
iter= 170 step= 547200 ep_ret=-845.179 opt_ret=-845.179 step_rew=-8.4518 opt_step=-8.4518 gap0=845.179 dret=-34.826 eval_ret=n/a pursuer_target_distance=3.604 capture=0.000 score=0.000 pol=-0.0013 val=0.0120 ent=1.5663 tot=-0.0071 agnorm=0.042 cgnorm=0.046 kl=0.0023 clipf=0.015 ev=+0.713 r0=1.0000 entcoef=7.55e-03 lr=5.1e-04 seed=1
iter= 171 step= 550400 ep_ret=-850.563 opt_ret=-850.563 step_rew=-8.5056 opt_step=-8.5056 gap0=850.563 dret=-40.209 eval_ret=n/a pursuer_target_distance=4.833 capture=0.000 score=0.000 pol=-0.0017 val=0.0160 ent=1.5682 tot=-0.0055 agnorm=0.053 cgnorm=0.046 kl=0.0034 clipf=0.029 ev=+0.687 r0=1.0000 entcoef=7.53e-03 lr=5.1e-04 seed=1
iter= 172 step= 553600 ep_ret=-849.116 opt_ret=-849.116 step_rew=-8.4912 opt_step=-8.4912 gap0=849.116 dret=-38.762 eval_ret=n/a pursuer_target_distance=4.135 capture=0.000 score=0.000 pol=-0.0012 val=0.0186 ent=1.5729 tot=-0.0037 agnorm=0.042 cgnorm=0.054 kl=0.0017 clipf=0.007 ev=+0.378 r0=1.0000 entcoef=7.52e-03 lr=5.1e-04 seed=1
iter= 173 step= 556800 ep_ret=-741.223 opt_ret=-741.223 step_rew=-7.4122 opt_step=-7.4122 gap0=741.223 dret=+69.131 eval_ret=n/a pursuer_target_distance=3.773 capture=0.000 score=0.000 pol=-0.0013 val=0.0140 ent=1.5688 tot=-0.0060 agnorm=0.035 cgnorm=0.046 kl=0.0018 clipf=0.009 ev=+0.567 r0=1.0000 entcoef=7.50e-03 lr=5.1e-04 seed=1
iter= 174 step= 560000 ep_ret=-826.103 opt_ret=-826.103 step_rew=-8.2610 opt_step=-8.2610 gap0=826.103 dret=-15.750 eval_ret=n/a pursuer_target_distance=3.547 capture=0.000 score=0.000 pol=-0.0014 val=0.0147 ent=1.5654 tot=-0.0058 agnorm=0.045 cgnorm=0.053 kl=0.0020 clipf=0.011 ev=+0.618 r0=1.0000 entcoef=7.49e-03 lr=5.1e-04 seed=1
iter= 175 step= 563200 ep_ret=-762.334 opt_ret=-762.334 step_rew=-7.6233 opt_step=-7.6233 gap0=762.334 dret=+48.020 eval_ret=n/a pursuer_target_distance=3.778 capture=0.000 score=0.000 pol=-0.0018 val=0.0176 ent=1.5512 tot=-0.0046 agnorm=0.055 cgnorm=0.059 kl=0.0025 clipf=0.015 ev=+0.523 r0=1.0000 entcoef=7.48e-03 lr=5.1e-04 seed=1
iter= 176 step= 566400 ep_ret=-831.675 opt_ret=-831.675 step_rew=-8.3167 opt_step=-8.3167 gap0=831.675 dret=-21.321 eval_ret=n/a pursuer_target_distance=3.708 capture=0.000 score=0.000 pol=-0.0017 val=0.0198 ent=1.5417 tot=-0.0033 agnorm=0.046 cgnorm=0.061 kl=0.0020 clipf=0.013 ev=+0.472 r0=1.0000 entcoef=7.46e-03 lr=5.1e-04 seed=1
iter= 177 step= 569600 ep_ret=-873.023 opt_ret=-873.023 step_rew=-8.7302 opt_step=-8.7302 gap0=873.023 dret=-62.669 eval_ret=n/a pursuer_target_distance=4.241 capture=0.000 score=0.000 pol=-0.0020 val=0.0236 ent=1.5440 tot=-0.0017 agnorm=0.046 cgnorm=0.061 kl=0.0033 clipf=0.022 ev=+0.367 r0=1.0000 entcoef=7.45e-03 lr=5.0e-04 seed=1
iter= 178 step= 572800 ep_ret=-835.783 opt_ret=-835.783 step_rew=-8.3578 opt_step=-8.3578 gap0=835.783 dret=-25.429 eval_ret=n/a pursuer_target_distance=3.942 capture=0.000 score=0.000 pol=-0.0022 val=0.0139 ent=1.5454 tot=-0.0068 agnorm=0.059 cgnorm=0.050 kl=0.0024 clipf=0.022 ev=+0.584 r0=1.0000 entcoef=7.43e-03 lr=5.0e-04 seed=1
iter= 179 step= 576000 ep_ret=-769.730 opt_ret=-769.730 step_rew=-7.6973 opt_step=-7.6973 gap0=769.730 dret=+40.624 eval_ret=n/a pursuer_target_distance=3.708 capture=0.000 score=0.000 pol=-0.0015 val=0.0186 ent=1.5426 tot=-0.0036 agnorm=0.044 cgnorm=0.050 kl=0.0019 clipf=0.012 ev=+0.532 r0=1.0000 entcoef=7.42e-03 lr=5.0e-04 seed=1
iter= 180 step= 579200 ep_ret=-816.031 opt_ret=-816.031 step_rew=-8.1603 opt_step=-8.1603 gap0=816.031 dret=-5.677 eval_ret=-514.541 pursuer_target_distance=3.692 capture=0.000 score=0.000 pol=-0.0017 val=0.0137 ent=1.5345 tot=-0.0062 agnorm=0.045 cgnorm=0.048 kl=0.0020 clipf=0.012 ev=+0.608 r0=1.0000 entcoef=7.40e-03 lr=5.0e-04 seed=1
iter= 181 step= 582400 ep_ret=-880.108 opt_ret=-880.108 step_rew=-8.8011 opt_step=-8.8011 gap0=880.108 dret=-69.754 eval_ret=n/a pursuer_target_distance=4.049 capture=0.000 score=0.000 pol=-0.0020 val=0.0240 ent=1.5285 tot=-0.0013 agnorm=0.055 cgnorm=0.065 kl=0.0029 clipf=0.023 ev=+0.417 r0=1.0000 entcoef=7.39e-03 lr=5.0e-04 seed=1
iter= 182 step= 585600 ep_ret=-903.231 opt_ret=-903.231 step_rew=-9.0323 opt_step=-9.0323 gap0=903.231 dret=-92.877 eval_ret=n/a pursuer_target_distance=4.576 capture=0.000 score=0.000 pol=-0.0018 val=0.0237 ent=1.5204 tot=-0.0012 agnorm=0.045 cgnorm=0.062 kl=0.0030 clipf=0.023 ev=+0.547 r0=1.0000 entcoef=7.37e-03 lr=5.0e-04 seed=1
iter= 183 step= 588800 ep_ret=-768.298 opt_ret=-768.298 step_rew=-7.6830 opt_step=-7.6830 gap0=768.298 dret=+42.055 eval_ret=n/a pursuer_target_distance=4.059 capture=0.000 score=0.000 pol=-0.0015 val=0.0131 ent=1.5264 tot=-0.0062 agnorm=0.039 cgnorm=0.048 kl=0.0020 clipf=0.016 ev=+0.588 r0=1.0000 entcoef=7.36e-03 lr=5.0e-04 seed=1
iter= 184 step= 592000 ep_ret=-818.280 opt_ret=-818.280 step_rew=-8.1828 opt_step=-8.1828 gap0=818.280 dret=-7.926 eval_ret=n/a pursuer_target_distance=4.169 capture=0.000 score=0.000 pol=-0.0015 val=0.0120 ent=1.5287 tot=-0.0067 agnorm=0.042 cgnorm=0.038 kl=0.0015 clipf=0.010 ev=+0.676 r0=1.0000 entcoef=7.35e-03 lr=5.0e-04 seed=1
iter= 185 step= 595200 ep_ret=-837.927 opt_ret=-837.927 step_rew=-8.3793 opt_step=-8.3793 gap0=837.927 dret=-27.574 eval_ret=n/a pursuer_target_distance=4.053 capture=0.000 score=0.000 pol=-0.0016 val=0.0157 ent=1.5183 tot=-0.0049 agnorm=0.037 cgnorm=0.059 kl=0.0027 clipf=0.017 ev=+0.524 r0=1.0000 entcoef=7.33e-03 lr=5.0e-04 seed=1
iter= 186 step= 598400 ep_ret=-784.961 opt_ret=-784.961 step_rew=-7.8496 opt_step=-7.8496 gap0=784.961 dret=+25.393 eval_ret=n/a pursuer_target_distance=4.265 capture=0.000 score=0.000 pol=-0.0021 val=0.0206 ent=1.5146 tot=-0.0029 agnorm=0.046 cgnorm=0.056 kl=0.0019 clipf=0.013 ev=+0.520 r0=1.0000 entcoef=7.32e-03 lr=4.9e-04 seed=1
iter= 187 step= 601600 ep_ret=-907.556 opt_ret=-907.556 step_rew=-9.0756 opt_step=-9.0756 gap0=907.556 dret=-97.202 eval_ret=n/a pursuer_target_distance=4.735 capture=0.000 score=0.000 pol=-0.0019 val=0.0149 ent=1.4975 tot=-0.0054 agnorm=0.052 cgnorm=0.052 kl=0.0023 clipf=0.018 ev=+0.644 r0=1.0000 entcoef=7.30e-03 lr=4.9e-04 seed=1
iter= 188 step= 604800 ep_ret=-886.096 opt_ret=-886.096 step_rew=-8.8610 opt_step=-8.8610 gap0=886.096 dret=-75.742 eval_ret=n/a pursuer_target_distance=4.977 capture=0.000 score=0.000 pol=-0.0020 val=0.0208 ent=1.5072 tot=-0.0026 agnorm=0.054 cgnorm=0.063 kl=0.0027 clipf=0.021 ev=+0.576 r0=1.0000 entcoef=7.29e-03 lr=4.9e-04 seed=1
iter= 189 step= 608000 ep_ret=-827.558 opt_ret=-827.558 step_rew=-8.2756 opt_step=-8.2756 gap0=827.558 dret=-17.204 eval_ret=n/a pursuer_target_distance=4.074 capture=0.000 score=0.000 pol=-0.0013 val=0.0220 ent=1.5089 tot=-0.0013 agnorm=0.041 cgnorm=0.059 kl=0.0011 clipf=0.005 ev=+0.589 r0=1.0000 entcoef=7.27e-03 lr=4.9e-04 seed=1
iter= 190 step= 611200 ep_ret=-765.141 opt_ret=-765.141 step_rew=-7.6514 opt_step=-7.6514 gap0=765.141 dret=+45.212 eval_ret=n/a pursuer_target_distance=3.681 capture=0.000 score=0.000 pol=-0.0017 val=0.0094 ent=1.5039 tot=-0.0079 agnorm=0.041 cgnorm=0.040 kl=0.0023 clipf=0.015 ev=+0.776 r0=1.0000 entcoef=7.26e-03 lr=4.9e-04 seed=1
iter= 191 step= 614400 ep_ret=-808.610 opt_ret=-808.610 step_rew=-8.0861 opt_step=-8.0861 gap0=808.610 dret=+1.744 eval_ret=n/a pursuer_target_distance=4.052 capture=0.000 score=0.000 pol=-0.0016 val=0.0228 ent=1.4760 tot=-0.0009 agnorm=0.046 cgnorm=0.067 kl=0.0024 clipf=0.012 ev=+0.453 r0=1.0000 entcoef=7.25e-03 lr=4.9e-04 seed=1
iter= 192 step= 617600 ep_ret=-890.522 opt_ret=-890.522 step_rew=-8.9052 opt_step=-8.9052 gap0=890.522 dret=-80.169 eval_ret=n/a pursuer_target_distance=4.685 capture=0.000 score=0.000 pol=-0.0018 val=0.0159 ent=1.4916 tot=-0.0046 agnorm=0.051 cgnorm=0.051 kl=0.0024 clipf=0.018 ev=+0.701 r0=1.0000 entcoef=7.23e-03 lr=4.9e-04 seed=1
iter= 193 step= 620800 ep_ret=-838.398 opt_ret=-838.398 step_rew=-8.3840 opt_step=-8.3840 gap0=838.398 dret=-28.044 eval_ret=n/a pursuer_target_distance=3.785 capture=0.000 score=0.000 pol=-0.0015 val=0.0105 ent=1.5037 tot=-0.0071 agnorm=0.050 cgnorm=0.038 kl=0.0020 clipf=0.016 ev=+0.720 r0=1.0000 entcoef=7.22e-03 lr=4.9e-04 seed=1
iter= 194 step= 624000 ep_ret=-874.226 opt_ret=-874.226 step_rew=-8.7423 opt_step=-8.7423 gap0=874.226 dret=-63.872 eval_ret=n/a pursuer_target_distance=4.983 capture=0.000 score=0.000 pol=-0.0021 val=0.0108 ent=1.4902 tot=-0.0074 agnorm=0.050 cgnorm=0.045 kl=0.0023 clipf=0.017 ev=+0.679 r0=1.0000 entcoef=7.20e-03 lr=4.9e-04 seed=1
iter= 195 step= 627200 ep_ret=-851.853 opt_ret=-851.853 step_rew=-8.5185 opt_step=-8.5185 gap0=851.853 dret=-41.499 eval_ret=n/a pursuer_target_distance=4.814 capture=0.000 score=0.000 pol=-0.0020 val=0.0173 ent=1.4983 tot=-0.0041 agnorm=0.052 cgnorm=0.055 kl=0.0025 clipf=0.023 ev=+0.579 r0=1.0000 entcoef=7.19e-03 lr=4.8e-04 seed=1
iter= 196 step= 630400 ep_ret=-853.493 opt_ret=-853.493 step_rew=-8.5349 opt_step=-8.5349 gap0=853.493 dret=-43.139 eval_ret=n/a pursuer_target_distance=4.241 capture=0.000 score=0.000 pol=-0.0019 val=0.0184 ent=1.4923 tot=-0.0034 agnorm=0.052 cgnorm=0.052 kl=0.0032 clipf=0.025 ev=+0.649 r0=1.0000 entcoef=7.17e-03 lr=4.8e-04 seed=1
iter= 197 step= 633600 ep_ret=-872.420 opt_ret=-872.420 step_rew=-8.7242 opt_step=-8.7242 gap0=872.420 dret=-62.066 eval_ret=n/a pursuer_target_distance=4.016 capture=0.000 score=0.000 pol=-0.0017 val=0.0206 ent=1.4924 tot=-0.0021 agnorm=0.056 cgnorm=0.063 kl=0.0029 clipf=0.027 ev=+0.584 r0=1.0000 entcoef=7.16e-03 lr=4.8e-04 seed=1
iter= 198 step= 636800 ep_ret=-808.645 opt_ret=-808.645 step_rew=-8.0864 opt_step=-8.0864 gap0=808.645 dret=+1.709 eval_ret=n/a pursuer_target_distance=3.675 capture=0.000 score=0.000 pol=-0.0016 val=0.0156 ent=1.5013 tot=-0.0045 agnorm=0.039 cgnorm=0.055 kl=0.0018 clipf=0.011 ev=+0.578 r0=1.0000 entcoef=7.14e-03 lr=4.8e-04 seed=1
iter= 199 step= 640000 ep_ret=-823.800 opt_ret=-823.800 step_rew=-8.2380 opt_step=-8.2380 gap0=823.800 dret=-13.446 eval_ret=n/a pursuer_target_distance=3.452 capture=0.000 score=0.000 pol=-0.0017 val=0.0181 ent=1.5146 tot=-0.0035 agnorm=0.055 cgnorm=0.059 kl=0.0035 clipf=0.032 ev=+0.535 r0=1.0000 entcoef=7.13e-03 lr=4.8e-04 seed=1
iter= 200 step= 643200 ep_ret=-842.558 opt_ret=-842.558 step_rew=-8.4256 opt_step=-8.4256 gap0=842.558 dret=-32.204 eval_ret=-568.001 pursuer_target_distance=4.132 capture=0.000 score=0.000 pol=-0.0012 val=0.0145 ent=1.5122 tot=-0.0048 agnorm=0.044 cgnorm=0.054 kl=0.0020 clipf=0.008 ev=+0.596 r0=1.0000 entcoef=7.12e-03 lr=4.8e-04 seed=1
iter= 201 step= 646400 ep_ret=-852.802 opt_ret=-852.802 step_rew=-8.5280 opt_step=-8.5280 gap0=852.802 dret=-42.448 eval_ret=n/a pursuer_target_distance=3.835 capture=0.000 score=0.000 pol=-0.0018 val=0.0209 ent=1.5295 tot=-0.0022 agnorm=0.052 cgnorm=0.061 kl=0.0030 clipf=0.022 ev=+0.518 r0=1.0000 entcoef=7.10e-03 lr=4.8e-04 seed=1
iter= 202 step= 649600 ep_ret=-802.277 opt_ret=-802.277 step_rew=-8.0228 opt_step=-8.0228 gap0=802.277 dret=+8.077 eval_ret=n/a pursuer_target_distance=4.076 capture=0.000 score=0.000 pol=-0.0015 val=0.0190 ent=1.5318 tot=-0.0028 agnorm=0.043 cgnorm=0.060 kl=0.0021 clipf=0.013 ev=+0.395 r0=1.0000 entcoef=7.09e-03 lr=4.8e-04 seed=1
iter= 203 step= 652800 ep_ret=-817.239 opt_ret=-817.239 step_rew=-8.1724 opt_step=-8.1724 gap0=817.239 dret=-6.885 eval_ret=n/a pursuer_target_distance=4.112 capture=0.000 score=0.000 pol=-0.0017 val=0.0143 ent=1.5330 tot=-0.0054 agnorm=0.042 cgnorm=0.044 kl=0.0026 clipf=0.019 ev=+0.610 r0=1.0000 entcoef=7.07e-03 lr=4.8e-04 seed=1
iter= 204 step= 656000 ep_ret=-820.211 opt_ret=-820.211 step_rew=-8.2021 opt_step=-8.2021 gap0=820.211 dret=-9.857 eval_ret=n/a pursuer_target_distance=3.878 capture=0.000 score=0.000 pol=-0.0017 val=0.0136 ent=1.5397 tot=-0.0057 agnorm=0.041 cgnorm=0.045 kl=0.0016 clipf=0.010 ev=+0.747 r0=1.0000 entcoef=7.06e-03 lr=4.7e-04 seed=1
iter= 205 step= 659200 ep_ret=-807.809 opt_ret=-807.809 step_rew=-8.0781 opt_step=-8.0781 gap0=807.809 dret=+2.545 eval_ret=n/a pursuer_target_distance=4.140 capture=0.000 score=0.000 pol=-0.0019 val=0.0183 ent=1.5400 tot=-0.0036 agnorm=0.047 cgnorm=0.055 kl=0.0022 clipf=0.019 ev=+0.682 r0=1.0000 entcoef=7.04e-03 lr=4.7e-04 seed=1
iter= 206 step= 662400 ep_ret=-847.051 opt_ret=-847.051 step_rew=-8.4705 opt_step=-8.4705 gap0=847.051 dret=-36.697 eval_ret=n/a pursuer_target_distance=4.227 capture=0.000 score=0.000 pol=-0.0014 val=0.0158 ent=1.5421 tot=-0.0043 agnorm=0.041 cgnorm=0.058 kl=0.0015 clipf=0.011 ev=+0.588 r0=1.0000 entcoef=7.03e-03 lr=4.7e-04 seed=1
iter= 207 step= 665600 ep_ret=-767.034 opt_ret=-767.034 step_rew=-7.6703 opt_step=-7.6703 gap0=767.034 dret=+43.320 eval_ret=n/a pursuer_target_distance=4.096 capture=0.000 score=0.000 pol=-0.0019 val=0.0124 ent=1.5438 tot=-0.0065 agnorm=0.054 cgnorm=0.044 kl=0.0027 clipf=0.023 ev=+0.711 r0=1.0000 entcoef=7.01e-03 lr=4.7e-04 seed=1
iter= 208 step= 668800 ep_ret=-811.602 opt_ret=-811.602 step_rew=-8.1160 opt_step=-8.1160 gap0=811.602 dret=-1.248 eval_ret=n/a pursuer_target_distance=4.133 capture=0.000 score=0.000 pol=-0.0017 val=0.0234 ent=1.5432 tot=-0.0008 agnorm=0.053 cgnorm=0.068 kl=0.0022 clipf=0.015 ev=+0.482 r0=1.0000 entcoef=7.00e-03 lr=4.7e-04 seed=1
iter= 209 step= 672000 ep_ret=-762.561 opt_ret=-762.561 step_rew=-7.6256 opt_step=-7.6256 gap0=762.561 dret=+47.793 eval_ret=n/a pursuer_target_distance=3.892 capture=0.000 score=0.000 pol=-0.0014 val=0.0225 ent=1.5412 tot=-0.0009 agnorm=0.037 cgnorm=0.064 kl=0.0012 clipf=0.007 ev=+0.532 r0=1.0000 entcoef=6.99e-03 lr=4.7e-04 seed=1
iter= 210 step= 675200 ep_ret=-895.452 opt_ret=-895.452 step_rew=-8.9545 opt_step=-8.9545 gap0=895.452 dret=-85.098 eval_ret=n/a pursuer_target_distance=4.783 capture=0.000 score=0.000 pol=-0.0017 val=0.0229 ent=1.5450 tot=-0.0011 agnorm=0.047 cgnorm=0.063 kl=0.0019 clipf=0.013 ev=+0.465 r0=1.0000 entcoef=6.97e-03 lr=4.7e-04 seed=1
iter= 211 step= 678400 ep_ret=-688.066 opt_ret=-688.066 step_rew=-6.8807 opt_step=-6.8807 gap0=688.066 dret=+122.287 eval_ret=n/a pursuer_target_distance=3.119 capture=0.000 score=0.000 pol=-0.0015 val=0.0211 ent=1.5367 tot=-0.0017 agnorm=0.045 cgnorm=0.062 kl=0.0017 clipf=0.012 ev=+0.642 r0=1.0000 entcoef=6.96e-03 lr=4.7e-04 seed=1
iter= 212 step= 681600 ep_ret=-769.204 opt_ret=-769.204 step_rew=-7.6920 opt_step=-7.6920 gap0=769.204 dret=+41.150 eval_ret=n/a pursuer_target_distance=3.562 capture=0.000 score=0.000 pol=-0.0015 val=0.0134 ent=1.5290 tot=-0.0054 agnorm=0.041 cgnorm=0.041 kl=0.0014 clipf=0.007 ev=+0.643 r0=1.0000 entcoef=6.94e-03 lr=4.7e-04 seed=1
iter= 213 step= 684800 ep_ret=-890.618 opt_ret=-890.618 step_rew=-8.9062 opt_step=-8.9062 gap0=890.618 dret=-80.264 eval_ret=n/a pursuer_target_distance=4.760 capture=0.000 score=0.000 pol=-0.0015 val=0.0201 ent=1.5424 tot=-0.0021 agnorm=0.036 cgnorm=0.055 kl=0.0018 clipf=0.012 ev=+0.533 r0=1.0000 entcoef=6.93e-03 lr=4.6e-04 seed=1
iter= 214 step= 688000 ep_ret=-825.020 opt_ret=-825.020 step_rew=-8.2502 opt_step=-8.2502 gap0=825.020 dret=-14.667 eval_ret=n/a pursuer_target_distance=4.214 capture=0.000 score=0.000 pol=-0.0018 val=0.0188 ent=1.5507 tot=-0.0032 agnorm=0.051 cgnorm=0.062 kl=0.0022 clipf=0.015 ev=+0.580 r0=1.0000 entcoef=6.91e-03 lr=4.6e-04 seed=1
iter= 215 step= 691200 ep_ret=-825.874 opt_ret=-825.874 step_rew=-8.2587 opt_step=-8.2587 gap0=825.874 dret=-15.521 eval_ret=n/a pursuer_target_distance=4.334 capture=0.000 score=0.000 pol=-0.0012 val=0.0201 ent=1.5431 tot=-0.0018 agnorm=0.040 cgnorm=0.052 kl=0.0016 clipf=0.008 ev=+0.458 r0=1.0000 entcoef=6.90e-03 lr=4.6e-04 seed=1
iter= 216 step= 694400 ep_ret=-763.194 opt_ret=-763.194 step_rew=-7.6319 opt_step=-7.6319 gap0=763.194 dret=+47.160 eval_ret=n/a pursuer_target_distance=3.594 capture=0.000 score=0.000 pol=-0.0017 val=0.0124 ent=1.5417 tot=-0.0061 agnorm=0.049 cgnorm=0.046 kl=0.0024 clipf=0.019 ev=+0.612 r0=1.0000 entcoef=6.88e-03 lr=4.6e-04 seed=1
iter= 217 step= 697600 ep_ret=-832.240 opt_ret=-832.240 step_rew=-8.3224 opt_step=-8.3224 gap0=832.240 dret=-21.886 eval_ret=n/a pursuer_target_distance=4.444 capture=0.000 score=0.000 pol=-0.0015 val=0.0201 ent=1.5376 tot=-0.0020 agnorm=0.043 cgnorm=0.063 kl=0.0019 clipf=0.012 ev=+0.534 r0=1.0000 entcoef=6.87e-03 lr=4.6e-04 seed=1
iter= 218 step= 700800 ep_ret=-728.305 opt_ret=-728.305 step_rew=-7.2831 opt_step=-7.2831 gap0=728.305 dret=+82.049 eval_ret=n/a pursuer_target_distance=3.714 capture=0.000 score=0.000 pol=-0.0016 val=0.0170 ent=1.5379 tot=-0.0036 agnorm=0.045 cgnorm=0.052 kl=0.0018 clipf=0.012 ev=+0.604 r0=1.0000 entcoef=6.86e-03 lr=4.6e-04 seed=1
iter= 219 step= 704000 ep_ret=-854.639 opt_ret=-854.639 step_rew=-8.5464 opt_step=-8.5464 gap0=854.639 dret=-44.285 eval_ret=n/a pursuer_target_distance=4.374 capture=0.000 score=0.000 pol=-0.0019 val=0.0224 ent=1.5253 tot=-0.0011 agnorm=0.053 cgnorm=0.054 kl=0.0020 clipf=0.014 ev=+0.570 r0=1.0000 entcoef=6.84e-03 lr=4.6e-04 seed=1
iter= 220 step= 707200 ep_ret=-877.382 opt_ret=-877.382 step_rew=-8.7738 opt_step=-8.7738 gap0=877.382 dret=-67.029 eval_ret=-527.952 pursuer_target_distance=4.575 capture=0.000 score=0.000 pol=-0.0015 val=0.0262 ent=1.5093 tot=+0.0013 agnorm=0.043 cgnorm=0.063 kl=0.0019 clipf=0.012 ev=+0.452 r0=1.0000 entcoef=6.83e-03 lr=4.6e-04 seed=1
iter= 221 step= 710400 ep_ret=-830.160 opt_ret=-830.160 step_rew=-8.3016 opt_step=-8.3016 gap0=830.160 dret=-19.806 eval_ret=n/a pursuer_target_distance=4.337 capture=0.000 score=0.000 pol=-0.0018 val=0.0145 ent=1.5204 tot=-0.0049 agnorm=0.042 cgnorm=0.050 kl=0.0015 clipf=0.010 ev=+0.654 r0=1.0000 entcoef=6.81e-03 lr=4.6e-04 seed=1
iter= 222 step= 713600 ep_ret=-711.566 opt_ret=-711.566 step_rew=-7.1157 opt_step=-7.1157 gap0=711.566 dret=+98.788 eval_ret=n/a pursuer_target_distance=3.212 capture=0.000 score=0.000 pol=-0.0015 val=0.0164 ent=1.5210 tot=-0.0037 agnorm=0.050 cgnorm=0.060 kl=0.0021 clipf=0.012 ev=+0.615 r0=1.0000 entcoef=6.80e-03 lr=4.5e-04 seed=1
iter= 223 step= 716800 ep_ret=-837.499 opt_ret=-837.499 step_rew=-8.3750 opt_step=-8.3750 gap0=837.499 dret=-27.145 eval_ret=n/a pursuer_target_distance=4.039 capture=0.000 score=0.000 pol=-0.0016 val=0.0192 ent=1.5202 tot=-0.0023 agnorm=0.045 cgnorm=0.050 kl=0.0021 clipf=0.010 ev=+0.389 r0=1.0000 entcoef=6.78e-03 lr=4.5e-04 seed=1
iter= 224 step= 720000 ep_ret=-826.164 opt_ret=-826.164 step_rew=-8.2616 opt_step=-8.2616 gap0=826.164 dret=-15.810 eval_ret=n/a pursuer_target_distance=3.773 capture=0.000 score=0.000 pol=-0.0015 val=0.0168 ent=1.5349 tot=-0.0035 agnorm=0.044 cgnorm=0.054 kl=0.0020 clipf=0.012 ev=+0.534 r0=1.0000 entcoef=6.77e-03 lr=4.5e-04 seed=1
iter= 225 step= 723200 ep_ret=-865.196 opt_ret=-865.196 step_rew=-8.6520 opt_step=-8.6520 gap0=865.196 dret=-54.842 eval_ret=n/a pursuer_target_distance=4.283 capture=0.000 score=0.000 pol=-0.0017 val=0.0184 ent=1.5427 tot=-0.0029 agnorm=0.043 cgnorm=0.050 kl=0.0013 clipf=0.011 ev=+0.513 r0=1.0000 entcoef=6.75e-03 lr=4.5e-04 seed=1
iter= 226 step= 726400 ep_ret=-837.335 opt_ret=-837.335 step_rew=-8.3734 opt_step=-8.3734 gap0=837.335 dret=-26.982 eval_ret=n/a pursuer_target_distance=4.114 capture=0.000 score=0.000 pol=-0.0014 val=0.0188 ent=1.5379 tot=-0.0024 agnorm=0.035 cgnorm=0.056 kl=0.0013 clipf=0.007 ev=+0.512 r0=1.0000 entcoef=6.74e-03 lr=4.5e-04 seed=1
iter= 227 step= 729600 ep_ret=-836.194 opt_ret=-836.194 step_rew=-8.3619 opt_step=-8.3619 gap0=836.194 dret=-25.841 eval_ret=n/a pursuer_target_distance=4.216 capture=0.000 score=0.000 pol=-0.0013 val=0.0153 ent=1.5351 tot=-0.0040 agnorm=0.039 cgnorm=0.052 kl=0.0012 clipf=0.004 ev=+0.618 r0=1.0000 entcoef=6.73e-03 lr=4.5e-04 seed=1
iter= 228 step= 732800 ep_ret=-822.540 opt_ret=-822.540 step_rew=-8.2254 opt_step=-8.2254 gap0=822.540 dret=-12.186 eval_ret=n/a pursuer_target_distance=4.066 capture=0.000 score=0.000 pol=-0.0015 val=0.0256 ent=1.5243 tot=+0.0010 agnorm=0.035 cgnorm=0.057 kl=0.0015 clipf=0.006 ev=+0.493 r0=1.0000 entcoef=6.71e-03 lr=4.5e-04 seed=1
iter= 229 step= 736000 ep_ret=-782.636 opt_ret=-782.636 step_rew=-7.8264 opt_step=-7.8264 gap0=782.636 dret=+27.718 eval_ret=n/a pursuer_target_distance=3.873 capture=0.000 score=0.000 pol=-0.0020 val=0.0157 ent=1.5179 tot=-0.0043 agnorm=0.054 cgnorm=0.055 kl=0.0020 clipf=0.013 ev=+0.616 r0=1.0000 entcoef=6.70e-03 lr=4.5e-04 seed=1
iter= 230 step= 739200 ep_ret=-795.019 opt_ret=-795.019 step_rew=-7.9502 opt_step=-7.9502 gap0=795.019 dret=+15.335 eval_ret=n/a pursuer_target_distance=4.373 capture=0.000 score=0.000 pol=-0.0016 val=0.0250 ent=1.5073 tot=+0.0009 agnorm=0.052 cgnorm=0.071 kl=0.0027 clipf=0.021 ev=+0.411 r0=1.0000 entcoef=6.68e-03 lr=4.5e-04 seed=1
iter= 231 step= 742400 ep_ret=-849.018 opt_ret=-849.018 step_rew=-8.4902 opt_step=-8.4902 gap0=849.018 dret=-38.664 eval_ret=n/a pursuer_target_distance=4.336 capture=0.000 score=0.000 pol=-0.0012 val=0.0184 ent=1.5035 tot=-0.0021 agnorm=0.042 cgnorm=0.053 kl=0.0017 clipf=0.009 ev=+0.436 r0=1.0000 entcoef=6.67e-03 lr=4.4e-04 seed=1
iter= 232 step= 745600 ep_ret=-844.159 opt_ret=-844.159 step_rew=-8.4416 opt_step=-8.4416 gap0=844.159 dret=-33.805 eval_ret=n/a pursuer_target_distance=4.647 capture=0.000 score=0.000 pol=-0.0012 val=0.0204 ent=1.5014 tot=-0.0009 agnorm=0.036 cgnorm=0.051 kl=0.0010 clipf=0.006 ev=+0.566 r0=1.0000 entcoef=6.65e-03 lr=4.4e-04 seed=1
iter= 233 step= 748800 ep_ret=-817.425 opt_ret=-817.425 step_rew=-8.1742 opt_step=-8.1742 gap0=817.425 dret=-7.071 eval_ret=n/a pursuer_target_distance=4.599 capture=0.000 score=0.000 pol=-0.0017 val=0.0393 ent=1.5114 tot=+0.0079 agnorm=0.045 cgnorm=0.086 kl=0.0022 clipf=0.016 ev=+0.175 r0=1.0000 entcoef=6.64e-03 lr=4.4e-04 seed=1
iter= 234 step= 752000 ep_ret=-837.453 opt_ret=-837.453 step_rew=-8.3745 opt_step=-8.3745 gap0=837.453 dret=-27.100 eval_ret=n/a pursuer_target_distance=4.646 capture=0.000 score=0.000 pol=-0.0008 val=0.0295 ent=1.4998 tot=+0.0040 agnorm=0.036 cgnorm=0.064 kl=0.0019 clipf=0.013 ev=+0.252 r0=1.0000 entcoef=6.62e-03 lr=4.4e-04 seed=1
iter= 235 step= 755200 ep_ret=-755.802 opt_ret=-755.802 step_rew=-7.5580 opt_step=-7.5580 gap0=755.802 dret=+54.552 eval_ret=n/a pursuer_target_distance=4.353 capture=0.000 score=0.000 pol=-0.0013 val=0.0261 ent=1.4947 tot=+0.0019 agnorm=0.037 cgnorm=0.058 kl=0.0018 clipf=0.008 ev=+0.414 r0=1.0000 entcoef=6.61e-03 lr=4.4e-04 seed=1
iter= 236 step= 758400 ep_ret=-778.595 opt_ret=-778.595 step_rew=-7.7859 opt_step=-7.7859 gap0=778.595 dret=+31.759 eval_ret=n/a pursuer_target_distance=3.768 capture=0.000 score=0.000 pol=-0.0013 val=0.0131 ent=1.4903 tot=-0.0045 agnorm=0.044 cgnorm=0.040 kl=0.0018 clipf=0.010 ev=+0.592 r0=1.0000 entcoef=6.60e-03 lr=4.4e-04 seed=1
iter= 237 step= 761600 ep_ret=-813.506 opt_ret=-813.506 step_rew=-8.1351 opt_step=-8.1351 gap0=813.506 dret=-3.152 eval_ret=n/a pursuer_target_distance=4.405 capture=0.000 score=0.000 pol=-0.0014 val=0.0150 ent=1.4994 tot=-0.0038 agnorm=0.046 cgnorm=0.058 kl=0.0018 clipf=0.012 ev=+0.542 r0=1.0000 entcoef=6.58e-03 lr=4.4e-04 seed=1
iter= 238 step= 764800 ep_ret=-782.472 opt_ret=-782.472 step_rew=-7.8247 opt_step=-7.8247 gap0=782.472 dret=+27.881 eval_ret=n/a pursuer_target_distance=3.560 capture=0.000 score=0.000 pol=-0.0014 val=0.0127 ent=1.5086 tot=-0.0049 agnorm=0.040 cgnorm=0.045 kl=0.0016 clipf=0.009 ev=+0.618 r0=1.0000 entcoef=6.57e-03 lr=4.4e-04 seed=1
iter= 239 step= 768000 ep_ret=-796.350 opt_ret=-796.350 step_rew=-7.9635 opt_step=-7.9635 gap0=796.350 dret=+14.004 eval_ret=n/a pursuer_target_distance=3.605 capture=0.000 score=0.000 pol=-0.0016 val=0.0118 ent=1.4974 tot=-0.0055 agnorm=0.046 cgnorm=0.041 kl=0.0020 clipf=0.014 ev=+0.638 r0=1.0000 entcoef=6.55e-03 lr=4.4e-04 seed=1
iter= 240 step= 771200 ep_ret=-856.649 opt_ret=-856.649 step_rew=-8.5665 opt_step=-8.5665 gap0=856.649 dret=-46.295 eval_ret=-579.091 pursuer_target_distance=4.396 capture=0.000 score=0.000 pol=-0.0015 val=0.0339 ent=1.4852 tot=+0.0057 agnorm=0.043 cgnorm=0.071 kl=0.0016 clipf=0.010 ev=+0.062 r0=1.0000 entcoef=6.54e-03 lr=4.3e-04 seed=1
iter= 241 step= 774400 ep_ret=-810.941 opt_ret=-810.941 step_rew=-8.1094 opt_step=-8.1094 gap0=810.941 dret=-0.588 eval_ret=n/a pursuer_target_distance=3.644 capture=0.000 score=0.000 pol=-0.0018 val=0.0123 ent=1.4741 tot=-0.0053 agnorm=0.046 cgnorm=0.046 kl=0.0021 clipf=0.015 ev=+0.448 r0=1.0000 entcoef=6.52e-03 lr=4.3e-04 seed=1
iter= 242 step= 777600 ep_ret=-841.754 opt_ret=-841.754 step_rew=-8.4175 opt_step=-8.4175 gap0=841.754 dret=-31.400 eval_ret=n/a pursuer_target_distance=4.095 capture=0.000 score=0.000 pol=-0.0016 val=0.0213 ent=1.4916 tot=-0.0007 agnorm=0.041 cgnorm=0.056 kl=0.0015 clipf=0.006 ev=+0.482 r0=1.0000 entcoef=6.51e-03 lr=4.3e-04 seed=1
iter= 243 step= 780800 ep_ret=-875.827 opt_ret=-875.827 step_rew=-8.7583 opt_step=-8.7583 gap0=875.827 dret=-65.474 eval_ret=n/a pursuer_target_distance=4.946 capture=0.000 score=0.000 pol=-0.0018 val=0.0290 ent=1.4727 tot=+0.0031 agnorm=0.045 cgnorm=0.066 kl=0.0025 clipf=0.015 ev=+0.253 r0=1.0000 entcoef=6.50e-03 lr=4.3e-04 seed=1
iter= 244 step= 784000 ep_ret=-755.951 opt_ret=-755.951 step_rew=-7.5595 opt_step=-7.5595 gap0=755.951 dret=+54.403 eval_ret=n/a pursuer_target_distance=3.821 capture=0.000 score=0.000 pol=-0.0015 val=0.0164 ent=1.4597 tot=-0.0028 agnorm=0.038 cgnorm=0.050 kl=0.0018 clipf=0.013 ev=+0.515 r0=1.0000 entcoef=6.48e-03 lr=4.3e-04 seed=1
iter= 245 step= 787200 ep_ret=-736.827 opt_ret=-736.827 step_rew=-7.3683 opt_step=-7.3683 gap0=736.827 dret=+73.527 eval_ret=n/a pursuer_target_distance=4.009 capture=0.000 score=0.000 pol=-0.0014 val=0.0206 ent=1.4643 tot=-0.0006 agnorm=0.040 cgnorm=0.058 kl=0.0018 clipf=0.010 ev=+0.426 r0=1.0000 entcoef=6.47e-03 lr=4.3e-04 seed=1
iter= 246 step= 790400 ep_ret=-778.389 opt_ret=-778.389 step_rew=-7.7839 opt_step=-7.7839 gap0=778.389 dret=+31.965 eval_ret=n/a pursuer_target_distance=4.376 capture=0.000 score=0.000 pol=-0.0017 val=0.0229 ent=1.4547 tot=+0.0004 agnorm=0.047 cgnorm=0.064 kl=0.0024 clipf=0.017 ev=+0.445 r0=1.0000 entcoef=6.45e-03 lr=4.3e-04 seed=1
iter= 247 step= 793600 ep_ret=-819.370 opt_ret=-819.370 step_rew=-8.1937 opt_step=-8.1937 gap0=819.370 dret=-9.017 eval_ret=n/a pursuer_target_distance=4.677 capture=0.000 score=0.000 pol=-0.0015 val=0.0168 ent=1.4513 tot=-0.0024 agnorm=0.047 cgnorm=0.057 kl=0.0016 clipf=0.012 ev=+0.550 r0=1.0000 entcoef=6.44e-03 lr=4.3e-04 seed=1
iter= 248 step= 796800 ep_ret=-808.982 opt_ret=-808.982 step_rew=-8.0898 opt_step=-8.0898 gap0=808.982 dret=+1.372 eval_ret=n/a pursuer_target_distance=3.649 capture=0.000 score=0.000 pol=-0.0013 val=0.0179 ent=1.4488 tot=-0.0017 agnorm=0.042 cgnorm=0.054 kl=0.0019 clipf=0.010 ev=+0.593 r0=1.0000 entcoef=6.42e-03 lr=4.3e-04 seed=1
iter= 249 step= 800000 ep_ret=-830.615 opt_ret=-830.615 step_rew=-8.3061 opt_step=-8.3061 gap0=830.615 dret=-20.261 eval_ret=n/a pursuer_target_distance=4.562 capture=0.000 score=0.000 pol=-0.0016 val=0.0235 ent=1.4320 tot=+0.0010 agnorm=0.042 cgnorm=0.055 kl=0.0019 clipf=0.014 ev=+0.568 r0=1.0000 entcoef=6.41e-03 lr=4.2e-04 seed=1
iter= 250 step= 803200 ep_ret=-761.311 opt_ret=-761.311 step_rew=-7.6131 opt_step=-7.6131 gap0=761.311 dret=+49.043 eval_ret=n/a pursuer_target_distance=3.783 capture=0.000 score=0.000 pol=-0.0015 val=0.0114 ent=1.4304 tot=-0.0049 agnorm=0.051 cgnorm=0.042 kl=0.0024 clipf=0.023 ev=+0.757 r0=1.0000 entcoef=6.39e-03 lr=4.2e-04 seed=1
iter= 251 step= 806400 ep_ret=-825.717 opt_ret=-825.717 step_rew=-8.2572 opt_step=-8.2572 gap0=825.717 dret=-15.363 eval_ret=n/a pursuer_target_distance=4.022 capture=0.000 score=0.000 pol=-0.0015 val=0.0149 ent=1.4412 tot=-0.0032 agnorm=0.041 cgnorm=0.045 kl=0.0016 clipf=0.013 ev=+0.724 r0=1.0000 entcoef=6.38e-03 lr=4.2e-04 seed=1
iter= 252 step= 809600 ep_ret=-826.010 opt_ret=-826.010 step_rew=-8.2601 opt_step=-8.2601 gap0=826.010 dret=-15.656 eval_ret=n/a pursuer_target_distance=4.439 capture=0.000 score=0.000 pol=-0.0016 val=0.0318 ent=1.4137 tot=+0.0053 agnorm=0.050 cgnorm=0.071 kl=0.0016 clipf=0.013 ev=+0.317 r0=1.0000 entcoef=6.37e-03 lr=4.2e-04 seed=1
iter= 253 step= 812800 ep_ret=-792.462 opt_ret=-792.462 step_rew=-7.9246 opt_step=-7.9246 gap0=792.462 dret=+17.892 eval_ret=n/a pursuer_target_distance=3.452 capture=0.000 score=0.000 pol=-0.0016 val=0.0172 ent=1.4285 tot=-0.0021 agnorm=0.043 cgnorm=0.052 kl=0.0015 clipf=0.011 ev=+0.612 r0=1.0000 entcoef=6.35e-03 lr=4.2e-04 seed=1
iter= 254 step= 816000 ep_ret=-779.848 opt_ret=-779.848 step_rew=-7.7985 opt_step=-7.7985 gap0=779.848 dret=+30.506 eval_ret=n/a pursuer_target_distance=3.968 capture=0.000 score=0.000 pol=-0.0020 val=0.0208 ent=1.4489 tot=-0.0008 agnorm=0.054 cgnorm=0.049 kl=0.0022 clipf=0.019 ev=+0.557 r0=1.0000 entcoef=6.34e-03 lr=4.2e-04 seed=1
iter= 255 step= 819200 ep_ret=-813.714 opt_ret=-813.714 step_rew=-8.1371 opt_step=-8.1371 gap0=813.714 dret=-3.361 eval_ret=n/a pursuer_target_distance=4.004 capture=0.000 score=0.000 pol=-0.0012 val=0.0176 ent=1.4356 tot=-0.0015 agnorm=0.039 cgnorm=0.051 kl=0.0014 clipf=0.010 ev=+0.664 r0=1.0000 entcoef=6.32e-03 lr=4.2e-04 seed=1
iter= 256 step= 822400 ep_ret=-836.702 opt_ret=-836.702 step_rew=-8.3670 opt_step=-8.3670 gap0=836.702 dret=-26.349 eval_ret=n/a pursuer_target_distance=4.597 capture=0.000 score=0.000 pol=-0.0018 val=0.0181 ent=1.4651 tot=-0.0020 agnorm=0.061 cgnorm=0.055 kl=0.0021 clipf=0.018 ev=+0.595 r0=1.0000 entcoef=6.31e-03 lr=4.2e-04 seed=1
iter= 257 step= 825600 ep_ret=-807.899 opt_ret=-807.899 step_rew=-8.0790 opt_step=-8.0790 gap0=807.899 dret=+2.454 eval_ret=n/a pursuer_target_distance=4.071 capture=0.000 score=0.000 pol=-0.0016 val=0.0106 ent=1.4729 tot=-0.0056 agnorm=0.044 cgnorm=0.038 kl=0.0019 clipf=0.016 ev=+0.762 r0=1.0000 entcoef=6.29e-03 lr=4.2e-04 seed=1
iter= 258 step= 828800 ep_ret=-850.740 opt_ret=-850.740 step_rew=-8.5074 opt_step=-8.5074 gap0=850.740 dret=-40.386 eval_ret=n/a pursuer_target_distance=3.670 capture=0.000 score=0.000 pol=-0.0014 val=0.0233 ent=1.4761 tot=+0.0010 agnorm=0.044 cgnorm=0.065 kl=0.0016 clipf=0.011 ev=+0.315 r0=1.0000 entcoef=6.28e-03 lr=4.1e-04 seed=1
iter= 259 step= 832000 ep_ret=-776.355 opt_ret=-776.355 step_rew=-7.7636 opt_step=-7.7636 gap0=776.355 dret=+33.998 eval_ret=n/a pursuer_target_distance=3.863 capture=0.000 score=0.000 pol=-0.0019 val=0.0302 ent=1.4850 tot=+0.0040 agnorm=0.047 cgnorm=0.066 kl=0.0021 clipf=0.019 ev=+0.493 r0=1.0000 entcoef=6.26e-03 lr=4.1e-04 seed=1
iter= 260 step= 835200 ep_ret=-737.850 opt_ret=-737.850 step_rew=-7.3785 opt_step=-7.3785 gap0=737.850 dret=+72.504 eval_ret=-576.080 pursuer_target_distance=3.693 capture=0.000 score=0.000 pol=-0.0015 val=0.0175 ent=1.4921 tot=-0.0020 agnorm=0.046 cgnorm=0.050 kl=0.0017 clipf=0.014 ev=+0.520 r0=1.0000 entcoef=6.25e-03 lr=4.1e-04 seed=1
iter= 261 step= 838400 ep_ret=-914.638 opt_ret=-914.638 step_rew=-9.1464 opt_step=-9.1464 gap0=914.638 dret=-104.284 eval_ret=n/a pursuer_target_distance=4.811 capture=0.000 score=0.000 pol=-0.0014 val=0.0335 ent=1.4943 tot=+0.0060 agnorm=0.038 cgnorm=0.077 kl=0.0011 clipf=0.007 ev=+0.401 r0=1.0000 entcoef=6.24e-03 lr=4.1e-04 seed=1
iter= 262 step= 841600 ep_ret=-894.468 opt_ret=-894.468 step_rew=-8.9447 opt_step=-8.9447 gap0=894.468 dret=-84.115 eval_ret=n/a pursuer_target_distance=5.339 capture=0.000 score=0.000 pol=-0.0012 val=0.0304 ent=1.5068 tot=+0.0046 agnorm=0.037 cgnorm=0.070 kl=0.0016 clipf=0.009 ev=+0.447 r0=1.0000 entcoef=6.22e-03 lr=4.1e-04 seed=1
iter= 263 step= 844800 ep_ret=-854.407 opt_ret=-854.407 step_rew=-8.5441 opt_step=-8.5441 gap0=854.407 dret=-44.053 eval_ret=n/a pursuer_target_distance=4.302 capture=0.000 score=0.000 pol=-0.0014 val=0.0258 ent=1.4961 tot=+0.0022 agnorm=0.038 cgnorm=0.074 kl=0.0017 clipf=0.014 ev=+0.268 r0=1.0000 entcoef=6.21e-03 lr=4.1e-04 seed=1
iter= 264 step= 848000 ep_ret=-763.128 opt_ret=-763.128 step_rew=-7.6313 opt_step=-7.6313 gap0=763.128 dret=+47.225 eval_ret=n/a pursuer_target_distance=3.399 capture=0.000 score=0.000 pol=-0.0011 val=0.0147 ent=1.4935 tot=-0.0030 agnorm=0.032 cgnorm=0.056 kl=0.0011 clipf=0.007 ev=+0.610 r0=1.0000 entcoef=6.19e-03 lr=4.1e-04 seed=1
iter= 265 step= 851200 ep_ret=-816.595 opt_ret=-816.595 step_rew=-8.1659 opt_step=-8.1659 gap0=816.595 dret=-6.241 eval_ret=n/a pursuer_target_distance=4.339 capture=0.000 score=0.000 pol=-0.0021 val=0.0190 ent=1.4988 tot=-0.0019 agnorm=0.051 cgnorm=0.059 kl=0.0015 clipf=0.008 ev=+0.502 r0=1.0000 entcoef=6.18e-03 lr=4.1e-04 seed=1
iter= 266 step= 854400 ep_ret=-786.295 opt_ret=-786.295 step_rew=-7.8630 opt_step=-7.8630 gap0=786.295 dret=+24.059 eval_ret=n/a pursuer_target_distance=3.791 capture=0.000 score=0.000 pol=-0.0012 val=0.0164 ent=1.4921 tot=-0.0022 agnorm=0.038 cgnorm=0.049 kl=0.0019 clipf=0.010 ev=+0.513 r0=1.0000 entcoef=6.16e-03 lr=4.1e-04 seed=1
iter= 267 step= 857600 ep_ret=-811.207 opt_ret=-811.207 step_rew=-8.1121 opt_step=-8.1121 gap0=811.207 dret=-0.853 eval_ret=n/a pursuer_target_distance=4.358 capture=0.000 score=0.000 pol=-0.0019 val=0.0142 ent=1.5007 tot=-0.0040 agnorm=0.059 cgnorm=0.048 kl=0.0029 clipf=0.025 ev=+0.693 r0=1.0000 entcoef=6.15e-03 lr=4.0e-04 seed=1
iter= 268 step= 860800 ep_ret=-833.274 opt_ret=-833.274 step_rew=-8.3327 opt_step=-8.3327 gap0=833.274 dret=-22.920 eval_ret=n/a pursuer_target_distance=4.393 capture=0.000 score=0.000 pol=-0.0017 val=0.0322 ent=1.5097 tot=+0.0052 agnorm=0.042 cgnorm=0.062 kl=0.0023 clipf=0.012 ev=+0.338 r0=1.0000 entcoef=6.13e-03 lr=4.0e-04 seed=1
iter= 269 step= 864000 ep_ret=-802.996 opt_ret=-802.996 step_rew=-8.0300 opt_step=-8.0300 gap0=802.996 dret=+7.358 eval_ret=n/a pursuer_target_distance=4.186 capture=0.000 score=0.000 pol=-0.0016 val=0.0334 ent=1.5107 tot=+0.0058 agnorm=0.055 cgnorm=0.071 kl=0.0015 clipf=0.007 ev=+0.307 r0=1.0000 entcoef=6.12e-03 lr=4.0e-04 seed=1
iter= 270 step= 867200 ep_ret=-789.342 opt_ret=-789.342 step_rew=-7.8934 opt_step=-7.8934 gap0=789.342 dret=+21.012 eval_ret=n/a pursuer_target_distance=3.886 capture=0.000 score=0.000 pol=-0.0012 val=0.0183 ent=1.5107 tot=-0.0013 agnorm=0.045 cgnorm=0.053 kl=0.0016 clipf=0.009 ev=+0.409 r0=1.0000 entcoef=6.11e-03 lr=4.0e-04 seed=1
iter= 271 step= 870400 ep_ret=-816.802 opt_ret=-816.802 step_rew=-8.1680 opt_step=-8.1680 gap0=816.802 dret=-6.448 eval_ret=n/a pursuer_target_distance=4.164 capture=0.000 score=0.000 pol=-0.0016 val=0.0215 ent=1.5150 tot=-0.0000 agnorm=0.042 cgnorm=0.060 kl=0.0015 clipf=0.009 ev=+0.498 r0=1.0000 entcoef=6.09e-03 lr=4.0e-04 seed=1
iter= 272 step= 873600 ep_ret=-854.957 opt_ret=-854.957 step_rew=-8.5496 opt_step=-8.5496 gap0=854.957 dret=-44.603 eval_ret=n/a pursuer_target_distance=4.135 capture=0.000 score=0.000 pol=-0.0018 val=0.0203 ent=1.5098 tot=-0.0008 agnorm=0.050 cgnorm=0.060 kl=0.0020 clipf=0.012 ev=+0.453 r0=1.0000 entcoef=6.08e-03 lr=4.0e-04 seed=1
iter= 273 step= 876800 ep_ret=-914.710 opt_ret=-914.710 step_rew=-9.1471 opt_step=-9.1471 gap0=914.710 dret=-104.356 eval_ret=n/a pursuer_target_distance=4.979 capture=0.000 score=0.000 pol=-0.0015 val=0.0300 ent=1.5128 tot=+0.0044 agnorm=0.046 cgnorm=0.069 kl=0.0017 clipf=0.008 ev=+0.484 r0=1.0000 entcoef=6.06e-03 lr=4.0e-04 seed=1
iter= 274 step= 880000 ep_ret=-785.177 opt_ret=-785.177 step_rew=-7.8518 opt_step=-7.8518 gap0=785.177 dret=+25.177 eval_ret=n/a pursuer_target_distance=3.499 capture=0.000 score=0.000 pol=-0.0016 val=0.0160 ent=1.5134 tot=-0.0028 agnorm=0.044 cgnorm=0.053 kl=0.0018 clipf=0.012 ev=+0.557 r0=1.0000 entcoef=6.05e-03 lr=4.0e-04 seed=1
iter= 275 step= 883200 ep_ret=-845.096 opt_ret=-845.096 step_rew=-8.4510 opt_step=-8.4510 gap0=845.096 dret=-34.742 eval_ret=n/a pursuer_target_distance=4.584 capture=0.000 score=0.000 pol=-0.0014 val=0.0268 ent=1.5310 tot=+0.0028 agnorm=0.036 cgnorm=0.065 kl=0.0017 clipf=0.011 ev=+0.361 r0=1.0000 entcoef=6.03e-03 lr=4.0e-04 seed=1
iter= 276 step= 886400 ep_ret=-801.522 opt_ret=-801.522 step_rew=-8.0152 opt_step=-8.0152 gap0=801.522 dret=+8.832 eval_ret=n/a pursuer_target_distance=4.322 capture=0.000 score=0.000 pol=-0.0016 val=0.0211 ent=1.5264 tot=-0.0003 agnorm=0.045 cgnorm=0.058 kl=0.0021 clipf=0.015 ev=+0.212 r0=1.0000 entcoef=6.02e-03 lr=3.9e-04 seed=1
iter= 277 step= 889600 ep_ret=-855.932 opt_ret=-855.932 step_rew=-8.5593 opt_step=-8.5593 gap0=855.932 dret=-45.578 eval_ret=n/a pursuer_target_distance=4.541 capture=0.000 score=0.000 pol=-0.0019 val=0.0215 ent=1.5394 tot=-0.0004 agnorm=0.059 cgnorm=0.054 kl=0.0021 clipf=0.020 ev=+0.447 r0=1.0000 entcoef=6.00e-03 lr=3.9e-04 seed=1
iter= 278 step= 892800 ep_ret=-855.150 opt_ret=-855.150 step_rew=-8.5515 opt_step=-8.5515 gap0=855.150 dret=-44.797 eval_ret=n/a pursuer_target_distance=4.278 capture=0.000 score=0.000 pol=-0.0018 val=0.0262 ent=1.5375 tot=+0.0021 agnorm=0.055 cgnorm=0.068 kl=0.0016 clipf=0.011 ev=+0.450 r0=1.0000 entcoef=5.99e-03 lr=3.9e-04 seed=1
iter= 279 step= 896000 ep_ret=-769.680 opt_ret=-769.680 step_rew=-7.6968 opt_step=-7.6968 gap0=769.680 dret=+40.674 eval_ret=n/a pursuer_target_distance=3.921 capture=0.000 score=0.000 pol=-0.0016 val=0.0209 ent=1.5358 tot=-0.0004 agnorm=0.046 cgnorm=0.062 kl=0.0024 clipf=0.016 ev=+0.259 r0=1.0000 entcoef=5.98e-03 lr=3.9e-04 seed=1
iter= 280 step= 899200 ep_ret=-853.291 opt_ret=-853.291 step_rew=-8.5329 opt_step=-8.5329 gap0=853.291 dret=-42.937 eval_ret=-575.514 pursuer_target_distance=4.538 capture=0.000 score=0.000 pol=-0.0018 val=0.0340 ent=1.5322 tot=+0.0061 agnorm=0.051 cgnorm=0.078 kl=0.0017 clipf=0.011 ev=+0.298 r0=1.0000 entcoef=5.96e-03 lr=3.9e-04 seed=1
iter= 281 step= 902400 ep_ret=-791.421 opt_ret=-791.421 step_rew=-7.9142 opt_step=-7.9142 gap0=791.421 dret=+18.933 eval_ret=n/a pursuer_target_distance=3.822 capture=0.000 score=0.000 pol=-0.0013 val=0.0196 ent=1.5350 tot=-0.0007 agnorm=0.047 cgnorm=0.051 kl=0.0019 clipf=0.012 ev=+0.451 r0=1.0000 entcoef=5.95e-03 lr=3.9e-04 seed=1
iter= 282 step= 905600 ep_ret=-801.388 opt_ret=-801.388 step_rew=-8.0139 opt_step=-8.0139 gap0=801.388 dret=+8.966 eval_ret=n/a pursuer_target_distance=4.017 capture=0.000 score=0.000 pol=-0.0018 val=0.0323 ent=1.5268 tot=+0.0053 agnorm=0.046 cgnorm=0.059 kl=0.0017 clipf=0.009 ev=+0.345 r0=1.0000 entcoef=5.93e-03 lr=3.9e-04 seed=1
iter= 283 step= 908800 ep_ret=-749.650 opt_ret=-749.650 step_rew=-7.4965 opt_step=-7.4965 gap0=749.650 dret=+60.703 eval_ret=n/a pursuer_target_distance=4.288 capture=0.000 score=0.000 pol=-0.0020 val=0.0295 ent=1.5390 tot=+0.0036 agnorm=0.049 cgnorm=0.068 kl=0.0018 clipf=0.015 ev=+0.354 r0=1.0000 entcoef=5.92e-03 lr=3.9e-04 seed=1
iter= 284 step= 912000 ep_ret=-823.194 opt_ret=-823.194 step_rew=-8.2319 opt_step=-8.2319 gap0=823.194 dret=-12.840 eval_ret=n/a pursuer_target_distance=4.104 capture=0.000 score=0.000 pol=-0.0015 val=0.0306 ent=1.5279 tot=+0.0048 agnorm=0.043 cgnorm=0.061 kl=0.0018 clipf=0.015 ev=+0.326 r0=1.0000 entcoef=5.90e-03 lr=3.9e-04 seed=1
iter= 285 step= 915200 ep_ret=-724.124 opt_ret=-724.124 step_rew=-7.2412 opt_step=-7.2412 gap0=724.124 dret=+86.229 eval_ret=n/a pursuer_target_distance=3.855 capture=0.000 score=0.000 pol=-0.0015 val=0.0320 ent=1.5261 tot=+0.0055 agnorm=0.044 cgnorm=0.064 kl=0.0019 clipf=0.014 ev=+0.304 r0=1.0000 entcoef=5.89e-03 lr=3.8e-04 seed=1
iter= 286 step= 918400 ep_ret=-847.762 opt_ret=-847.762 step_rew=-8.4776 opt_step=-8.4776 gap0=847.762 dret=-37.408 eval_ret=n/a pursuer_target_distance=5.238 capture=0.000 score=0.000 pol=-0.0021 val=0.0328 ent=1.5084 tot=+0.0054 agnorm=0.061 cgnorm=0.071 kl=0.0027 clipf=0.020 ev=+0.441 r0=1.0000 entcoef=5.88e-03 lr=3.8e-04 seed=1
iter= 287 step= 921600 ep_ret=-840.017 opt_ret=-840.017 step_rew=-8.4002 opt_step=-8.4002 gap0=840.017 dret=-29.663 eval_ret=n/a pursuer_target_distance=4.015 capture=0.000 score=0.000 pol=-0.0014 val=0.0262 ent=1.5095 tot=+0.0028 agnorm=0.059 cgnorm=0.061 kl=0.0018 clipf=0.012 ev=+0.339 r0=1.0000 entcoef=5.86e-03 lr=3.8e-04 seed=1
iter= 288 step= 924800 ep_ret=-820.337 opt_ret=-820.337 step_rew=-8.2034 opt_step=-8.2034 gap0=820.337 dret=-9.983 eval_ret=n/a pursuer_target_distance=4.500 capture=0.000 score=0.000 pol=-0.0026 val=0.0164 ent=1.5167 tot=-0.0033 agnorm=0.060 cgnorm=0.048 kl=0.0024 clipf=0.021 ev=+0.443 r0=1.0000 entcoef=5.85e-03 lr=3.8e-04 seed=1
iter= 289 step= 928000 ep_ret=-800.770 opt_ret=-800.770 step_rew=-8.0077 opt_step=-8.0077 gap0=800.770 dret=+9.583 eval_ret=n/a pursuer_target_distance=3.709 capture=0.000 score=0.000 pol=-0.0015 val=0.0282 ent=1.5001 tot=+0.0038 agnorm=0.050 cgnorm=0.073 kl=0.0017 clipf=0.010 ev=+0.348 r0=1.0000 entcoef=5.83e-03 lr=3.8e-04 seed=1
iter= 290 step= 931200 ep_ret=-718.341 opt_ret=-718.341 step_rew=-7.1834 opt_step=-7.1834 gap0=718.341 dret=+92.013 eval_ret=n/a pursuer_target_distance=3.859 capture=0.000 score=0.000 pol=-0.0018 val=0.0267 ent=1.4924 tot=+0.0028 agnorm=0.054 cgnorm=0.056 kl=0.0021 clipf=0.015 ev=+0.470 r0=1.0000 entcoef=5.82e-03 lr=3.8e-04 seed=1
iter= 291 step= 934400 ep_ret=-856.945 opt_ret=-856.945 step_rew=-8.5695 opt_step=-8.5695 gap0=856.945 dret=-46.591 eval_ret=n/a pursuer_target_distance=4.499 capture=0.000 score=0.000 pol=-0.0013 val=0.0220 ent=1.4984 tot=+0.0010 agnorm=0.042 cgnorm=0.059 kl=0.0015 clipf=0.010 ev=+0.493 r0=1.0000 entcoef=5.80e-03 lr=3.8e-04 seed=1
iter= 292 step= 937600 ep_ret=-810.159 opt_ret=-810.159 step_rew=-8.1016 opt_step=-8.1016 gap0=810.159 dret=+0.195 eval_ret=n/a pursuer_target_distance=4.320 capture=0.000 score=0.000 pol=-0.0015 val=0.0292 ent=1.4824 tot=+0.0045 agnorm=0.043 cgnorm=0.070 kl=0.0014 clipf=0.010 ev=+0.333 r0=1.0000 entcoef=5.79e-03 lr=3.8e-04 seed=1
iter= 293 step= 940800 ep_ret=-789.802 opt_ret=-789.802 step_rew=-7.8980 opt_step=-7.8980 gap0=789.802 dret=+20.552 eval_ret=n/a pursuer_target_distance=4.187 capture=0.000 score=0.000 pol=-0.0019 val=0.0333 ent=1.4893 tot=+0.0061 agnorm=0.055 cgnorm=0.063 kl=0.0015 clipf=0.011 ev=+0.474 r0=1.0000 entcoef=5.77e-03 lr=3.8e-04 seed=1
iter= 294 step= 944000 ep_ret=-780.366 opt_ret=-780.366 step_rew=-7.8037 opt_step=-7.8037 gap0=780.366 dret=+29.988 eval_ret=n/a pursuer_target_distance=3.942 capture=0.000 score=0.000 pol=-0.0019 val=0.0194 ent=1.4789 tot=-0.0007 agnorm=0.059 cgnorm=0.054 kl=0.0022 clipf=0.017 ev=+0.310 r0=1.0000 entcoef=5.76e-03 lr=3.7e-04 seed=1
iter= 295 step= 947200 ep_ret=-707.080 opt_ret=-707.080 step_rew=-7.0708 opt_step=-7.0708 gap0=707.080 dret=+103.274 eval_ret=n/a pursuer_target_distance=3.942 capture=0.000 score=0.000 pol=-0.0018 val=0.0226 ent=1.4720 tot=+0.0011 agnorm=0.051 cgnorm=0.057 kl=0.0018 clipf=0.013 ev=+0.559 r0=1.0000 entcoef=5.75e-03 lr=3.7e-04 seed=1
iter= 296 step= 950400 ep_ret=-806.156 opt_ret=-806.156 step_rew=-8.0616 opt_step=-8.0616 gap0=806.156 dret=+4.198 eval_ret=n/a pursuer_target_distance=4.011 capture=0.000 score=0.000 pol=-0.0018 val=0.0226 ent=1.4675 tot=+0.0010 agnorm=0.055 cgnorm=0.056 kl=0.0019 clipf=0.011 ev=+0.338 r0=1.0000 entcoef=5.73e-03 lr=3.7e-04 seed=1
iter= 297 step= 953600 ep_ret=-797.420 opt_ret=-797.420 step_rew=-7.9742 opt_step=-7.9742 gap0=797.420 dret=+12.934 eval_ret=n/a pursuer_target_distance=4.189 capture=0.000 score=0.000 pol=-0.0014 val=0.0250 ent=1.4635 tot=+0.0027 agnorm=0.043 cgnorm=0.054 kl=0.0017 clipf=0.010 ev=+0.441 r0=1.0000 entcoef=5.72e-03 lr=3.7e-04 seed=1
iter= 298 step= 956800 ep_ret=-844.159 opt_ret=-844.159 step_rew=-8.4416 opt_step=-8.4416 gap0=844.159 dret=-33.805 eval_ret=n/a pursuer_target_distance=4.712 capture=0.000 score=0.000 pol=-0.0018 val=0.0228 ent=1.4490 tot=+0.0014 agnorm=0.047 cgnorm=0.061 kl=0.0016 clipf=0.010 ev=+0.468 r0=1.0000 entcoef=5.70e-03 lr=3.7e-04 seed=1
iter= 299 step= 960000 ep_ret=-789.040 opt_ret=-789.040 step_rew=-7.8904 opt_step=-7.8904 gap0=789.040 dret=+21.313 eval_ret=n/a pursuer_target_distance=3.803 capture=0.000 score=0.000 pol=-0.0020 val=0.0272 ent=1.4255 tot=+0.0035 agnorm=0.063 cgnorm=0.065 kl=0.0024 clipf=0.017 ev=+0.399 r0=1.0000 entcoef=5.69e-03 lr=3.7e-04 seed=1
iter= 300 step= 963200 ep_ret=-768.618 opt_ret=-768.618 step_rew=-7.6862 opt_step=-7.6862 gap0=768.618 dret=+41.736 eval_ret=-621.843 pursuer_target_distance=3.995 capture=0.000 score=0.000 pol=-0.0014 val=0.0234 ent=1.4483 tot=+0.0021 agnorm=0.044 cgnorm=0.062 kl=0.0016 clipf=0.009 ev=+0.434 r0=1.0000 entcoef=5.67e-03 lr=3.7e-04 seed=1
iter= 301 step= 966400 ep_ret=-908.614 opt_ret=-908.614 step_rew=-9.0861 opt_step=-9.0861 gap0=908.614 dret=-98.260 eval_ret=n/a pursuer_target_distance=4.714 capture=0.000 score=0.000 pol=-0.0019 val=0.0384 ent=1.4511 tot=+0.0091 agnorm=0.070 cgnorm=0.072 kl=0.0021 clipf=0.018 ev=+0.218 r0=1.0000 entcoef=5.66e-03 lr=3.7e-04 seed=1
iter= 302 step= 969600 ep_ret=-813.241 opt_ret=-813.241 step_rew=-8.1324 opt_step=-8.1324 gap0=813.241 dret=-2.888 eval_ret=n/a pursuer_target_distance=3.649 capture=0.000 score=0.000 pol=-0.0016 val=0.0269 ent=1.4507 tot=+0.0037 agnorm=0.048 cgnorm=0.058 kl=0.0018 clipf=0.012 ev=+0.192 r0=1.0000 entcoef=5.64e-03 lr=3.7e-04 seed=1
iter= 303 step= 972800 ep_ret=-865.735 opt_ret=-865.735 step_rew=-8.6574 opt_step=-8.6574 gap0=865.735 dret=-55.381 eval_ret=n/a pursuer_target_distance=4.903 capture=0.000 score=0.000 pol=-0.0011 val=0.0341 ent=1.4621 tot=+0.0077 agnorm=0.041 cgnorm=0.058 kl=0.0010 clipf=0.004 ev=+0.278 r0=1.0000 entcoef=5.63e-03 lr=3.6e-04 seed=1
iter= 304 step= 976000 ep_ret=-706.223 opt_ret=-706.223 step_rew=-7.0622 opt_step=-7.0622 gap0=706.223 dret=+104.131 eval_ret=n/a pursuer_target_distance=3.453 capture=0.000 score=0.000 pol=-0.0014 val=0.0182 ent=1.4574 tot=-0.0005 agnorm=0.060 cgnorm=0.059 kl=0.0017 clipf=0.014 ev=+0.601 r0=1.0000 entcoef=5.62e-03 lr=3.6e-04 seed=1
iter= 305 step= 979200 ep_ret=-877.272 opt_ret=-877.272 step_rew=-8.7727 opt_step=-8.7727 gap0=877.272 dret=-66.918 eval_ret=n/a pursuer_target_distance=4.490 capture=0.000 score=0.000 pol=-0.0009 val=0.0359 ent=1.4737 tot=+0.0088 agnorm=0.037 cgnorm=0.067 kl=0.0011 clipf=0.006 ev=+0.410 r0=1.0000 entcoef=5.60e-03 lr=3.6e-04 seed=1
iter= 306 step= 982400 ep_ret=-840.196 opt_ret=-840.196 step_rew=-8.4020 opt_step=-8.4020 gap0=840.196 dret=-29.842 eval_ret=n/a pursuer_target_distance=4.640 capture=0.000 score=0.000 pol=-0.0018 val=0.0295 ent=1.4799 tot=+0.0047 agnorm=0.054 cgnorm=0.063 kl=0.0020 clipf=0.015 ev=+0.349 r0=1.0000 entcoef=5.59e-03 lr=3.6e-04 seed=1
iter= 307 step= 985600 ep_ret=-844.376 opt_ret=-844.376 step_rew=-8.4438 opt_step=-8.4438 gap0=844.376 dret=-34.023 eval_ret=n/a pursuer_target_distance=4.306 capture=0.000 score=0.000 pol=-0.0015 val=0.0395 ent=1.4691 tot=+0.0100 agnorm=0.052 cgnorm=0.081 kl=0.0019 clipf=0.012 ev=+0.297 r0=1.0000 entcoef=5.57e-03 lr=3.6e-04 seed=1
iter= 308 step= 988800 ep_ret=-804.279 opt_ret=-804.279 step_rew=-8.0428 opt_step=-8.0428 gap0=804.279 dret=+6.075 eval_ret=n/a pursuer_target_distance=3.580 capture=0.000 score=0.000 pol=-0.0014 val=0.0289 ent=1.4705 tot=+0.0049 agnorm=0.050 cgnorm=0.066 kl=0.0014 clipf=0.010 ev=+0.489 r0=1.0000 entcoef=5.56e-03 lr=3.6e-04 seed=1
iter= 309 step= 992000 ep_ret=-916.980 opt_ret=-916.980 step_rew=-9.1698 opt_step=-9.1698 gap0=916.980 dret=-106.626 eval_ret=n/a pursuer_target_distance=4.973 capture=0.000 score=0.000 pol=-0.0011 val=0.0503 ent=1.4701 tot=+0.0159 agnorm=0.041 cgnorm=0.103 kl=0.0011 clipf=0.005 ev=+0.240 r0=1.0000 entcoef=5.54e-03 lr=3.6e-04 seed=1
iter= 310 step= 995200 ep_ret=-802.582 opt_ret=-802.582 step_rew=-8.0258 opt_step=-8.0258 gap0=802.582 dret=+7.772 eval_ret=n/a pursuer_target_distance=4.294 capture=0.000 score=0.000 pol=-0.0019 val=0.0267 ent=1.4543 tot=+0.0034 agnorm=0.063 cgnorm=0.065 kl=0.0014 clipf=0.009 ev=+0.398 r0=1.0000 entcoef=5.53e-03 lr=3.6e-04 seed=1
iter= 311 step= 998400 ep_ret=-782.861 opt_ret=-782.861 step_rew=-7.8286 opt_step=-7.8286 gap0=782.861 dret=+27.493 eval_ret=n/a pursuer_target_distance=4.110 capture=0.000 score=0.000 pol=-0.0016 val=0.0414 ent=1.4422 tot=+0.0112 agnorm=0.056 cgnorm=0.078 kl=0.0019 clipf=0.015 ev=+0.153 r0=1.0000 entcoef=5.51e-03 lr=3.6e-04 seed=1
iter= 312 step=1001600 ep_ret=-856.428 opt_ret=-856.428 step_rew=-8.5643 opt_step=-8.5643 gap0=856.428 dret=-46.074 eval_ret=n/a pursuer_target_distance=4.646 capture=0.000 score=0.000 pol=-0.0013 val=0.0365 ent=1.4391 tot=+0.0090 agnorm=0.046 cgnorm=0.077 kl=0.0015 clipf=0.010 ev=+0.488 r0=1.0000 entcoef=5.50e-03 lr=3.6e-04 seed=1
iter= 313 step=1004800 ep_ret=-771.578 opt_ret=-771.578 step_rew=-7.7158 opt_step=-7.7158 gap0=771.578 dret=+38.776 eval_ret=n/a pursuer_target_distance=3.945 capture=0.000 score=0.000 pol=-0.0016 val=0.0204 ent=1.4302 tot=+0.0007 agnorm=0.045 cgnorm=0.053 kl=0.0016 clipf=0.008 ev=+0.665 r0=1.0000 entcoef=5.49e-03 lr=3.5e-04 seed=1
iter= 314 step=1008000 ep_ret=-754.048 opt_ret=-754.048 step_rew=-7.5405 opt_step=-7.5405 gap0=754.048 dret=+56.306 eval_ret=n/a pursuer_target_distance=3.990 capture=0.000 score=0.000 pol=-0.0021 val=0.0307 ent=1.4210 tot=+0.0055 agnorm=0.057 cgnorm=0.074 kl=0.0025 clipf=0.021 ev=+0.364 r0=1.0000 entcoef=5.47e-03 lr=3.5e-04 seed=1
iter= 315 step=1011200 ep_ret=-819.333 opt_ret=-819.333 step_rew=-8.1933 opt_step=-8.1933 gap0=819.333 dret=-8.979 eval_ret=n/a pursuer_target_distance=4.284 capture=0.000 score=0.000 pol=-0.0013 val=0.0295 ent=1.4124 tot=+0.0057 agnorm=0.058 cgnorm=0.068 kl=0.0019 clipf=0.013 ev=+0.371 r0=1.0000 entcoef=5.46e-03 lr=3.5e-04 seed=1
iter= 316 step=1014400 ep_ret=-849.192 opt_ret=-849.192 step_rew=-8.4919 opt_step=-8.4919 gap0=849.192 dret=-38.838 eval_ret=n/a pursuer_target_distance=4.338 capture=0.000 score=0.000 pol=-0.0013 val=0.0409 ent=1.4312 tot=+0.0114 agnorm=0.054 cgnorm=0.072 kl=0.0021 clipf=0.016 ev=+0.336 r0=1.0000 entcoef=5.44e-03 lr=3.5e-04 seed=1
iter= 317 step=1017600 ep_ret=-754.491 opt_ret=-754.491 step_rew=-7.5449 opt_step=-7.5449 gap0=754.491 dret=+55.863 eval_ret=n/a pursuer_target_distance=3.504 capture=0.000 score=0.000 pol=-0.0012 val=0.0272 ent=1.4318 tot=+0.0046 agnorm=0.040 cgnorm=0.063 kl=0.0009 clipf=0.004 ev=+0.460 r0=1.0000 entcoef=5.43e-03 lr=3.5e-04 seed=1
iter= 318 step=1020800 ep_ret=-883.628 opt_ret=-883.628 step_rew=-8.8363 opt_step=-8.8363 gap0=883.628 dret=-73.274 eval_ret=n/a pursuer_target_distance=4.985 capture=0.000 score=0.000 pol=-0.0016 val=0.0278 ent=1.4486 tot=+0.0045 agnorm=0.050 cgnorm=0.071 kl=0.0013 clipf=0.009 ev=+0.264 r0=1.0000 entcoef=5.41e-03 lr=3.5e-04 seed=1
iter= 319 step=1024000 ep_ret=-789.478 opt_ret=-789.478 step_rew=-7.8948 opt_step=-7.8948 gap0=789.478 dret=+20.876 eval_ret=n/a pursuer_target_distance=4.091 capture=0.000 score=0.000 pol=-0.0011 val=0.0253 ent=1.4521 tot=+0.0036 agnorm=0.040 cgnorm=0.061 kl=0.0012 clipf=0.008 ev=+0.436 r0=1.0000 entcoef=5.40e-03 lr=3.5e-04 seed=1
iter= 320 step=1027200 ep_ret=-874.085 opt_ret=-874.085 step_rew=-8.7409 opt_step=-8.7409 gap0=874.085 dret=-63.732 eval_ret=-641.274 pursuer_target_distance=4.445 capture=0.000 score=0.000 pol=-0.0017 val=0.0310 ent=1.4682 tot=+0.0059 agnorm=0.054 cgnorm=0.068 kl=0.0014 clipf=0.009 ev=+0.452 r0=1.0000 entcoef=5.38e-03 lr=3.5e-04 seed=1
iter= 321 step=1030400 ep_ret=-821.106 opt_ret=-821.106 step_rew=-8.2111 opt_step=-8.2111 gap0=821.106 dret=-10.752 eval_ret=n/a pursuer_target_distance=4.700 capture=0.000 score=0.000 pol=-0.0016 val=0.0287 ent=1.4815 tot=+0.0048 agnorm=0.060 cgnorm=0.064 kl=0.0020 clipf=0.014 ev=+0.401 r0=1.0000 entcoef=5.37e-03 lr=3.5e-04 seed=1
iter= 322 step=1033600 ep_ret=-820.760 opt_ret=-820.760 step_rew=-8.2076 opt_step=-8.2076 gap0=820.760 dret=-10.406 eval_ret=n/a pursuer_target_distance=4.202 capture=0.000 score=0.000 pol=-0.0009 val=0.0296 ent=1.4734 tot=+0.0060 agnorm=0.046 cgnorm=0.071 kl=0.0012 clipf=0.006 ev=+0.422 r0=1.0000 entcoef=5.36e-03 lr=3.4e-04 seed=1
iter= 323 step=1036800 ep_ret=-801.516 opt_ret=-801.516 step_rew=-8.0152 opt_step=-8.0152 gap0=801.516 dret=+8.838 eval_ret=n/a pursuer_target_distance=3.818 capture=0.000 score=0.000 pol=-0.0015 val=0.0156 ent=1.4816 tot=-0.0016 agnorm=0.044 cgnorm=0.060 kl=0.0015 clipf=0.010 ev=+0.608 r0=1.0000 entcoef=5.34e-03 lr=3.4e-04 seed=1
iter= 324 step=1040000 ep_ret=-807.841 opt_ret=-807.841 step_rew=-8.0784 opt_step=-8.0784 gap0=807.841 dret=+2.513 eval_ret=n/a pursuer_target_distance=3.925 capture=0.000 score=0.000 pol=-0.0016 val=0.0247 ent=1.4685 tot=+0.0029 agnorm=0.054 cgnorm=0.068 kl=0.0015 clipf=0.012 ev=+0.492 r0=1.0000 entcoef=5.33e-03 lr=3.4e-04 seed=1
iter= 325 step=1043200 ep_ret=-789.594 opt_ret=-789.594 step_rew=-7.8959 opt_step=-7.8959 gap0=789.594 dret=+20.760 eval_ret=n/a pursuer_target_distance=3.839 capture=0.000 score=0.000 pol=-0.0013 val=0.0277 ent=1.4552 tot=+0.0048 agnorm=0.040 cgnorm=0.075 kl=0.0015 clipf=0.009 ev=+0.581 r0=1.0000 entcoef=5.31e-03 lr=3.4e-04 seed=1
iter= 326 step=1046400 ep_ret=-798.142 opt_ret=-798.142 step_rew=-7.9814 opt_step=-7.9814 gap0=798.142 dret=+12.211 eval_ret=n/a pursuer_target_distance=4.309 capture=0.000 score=0.000 pol=-0.0013 val=0.0225 ent=1.4520 tot=+0.0022 agnorm=0.051 cgnorm=0.059 kl=0.0009 clipf=0.004 ev=+0.577 r0=1.0000 entcoef=5.30e-03 lr=3.4e-04 seed=1
iter= 327 step=1049600 ep_ret=-820.772 opt_ret=-820.772 step_rew=-8.2077 opt_step=-8.2077 gap0=820.772 dret=-10.419 eval_ret=n/a pursuer_target_distance=4.092 capture=0.000 score=0.000 pol=-0.0016 val=0.0292 ent=1.4383 tot=+0.0054 agnorm=0.044 cgnorm=0.070 kl=0.0016 clipf=0.012 ev=+0.563 r0=1.0000 entcoef=5.28e-03 lr=3.4e-04 seed=1
iter= 328 step=1052800 ep_ret=-776.607 opt_ret=-776.607 step_rew=-7.7661 opt_step=-7.7661 gap0=776.607 dret=+33.747 eval_ret=n/a pursuer_target_distance=3.921 capture=0.000 score=0.000 pol=-0.0016 val=0.0194 ent=1.4720 tot=+0.0003 agnorm=0.048 cgnorm=0.065 kl=0.0017 clipf=0.009 ev=+0.520 r0=1.0000 entcoef=5.27e-03 lr=3.4e-04 seed=1
iter= 329 step=1056000 ep_ret=-764.017 opt_ret=-764.017 step_rew=-7.6402 opt_step=-7.6402 gap0=764.017 dret=+46.337 eval_ret=n/a pursuer_target_distance=3.735 capture=0.000 score=0.000 pol=-0.0016 val=0.0296 ent=1.4570 tot=+0.0055 agnorm=0.059 cgnorm=0.070 kl=0.0014 clipf=0.012 ev=+0.634 r0=1.0000 entcoef=5.25e-03 lr=3.4e-04 seed=1
iter= 330 step=1059200 ep_ret=-806.754 opt_ret=-806.754 step_rew=-8.0675 opt_step=-8.0675 gap0=806.754 dret=+3.600 eval_ret=n/a pursuer_target_distance=3.705 capture=0.000 score=0.000 pol=-0.0014 val=0.0262 ent=1.4705 tot=+0.0040 agnorm=0.045 cgnorm=0.078 kl=0.0010 clipf=0.004 ev=+0.379 r0=1.0000 entcoef=5.24e-03 lr=3.4e-04 seed=1
iter= 331 step=1062400 ep_ret=-803.218 opt_ret=-803.218 step_rew=-8.0322 opt_step=-8.0322 gap0=803.218 dret=+7.135 eval_ret=n/a pursuer_target_distance=4.128 capture=0.000 score=0.000 pol=-0.0015 val=0.0251 ent=1.4858 tot=+0.0033 agnorm=0.045 cgnorm=0.065 kl=0.0011 clipf=0.005 ev=+0.431 r0=1.0000 entcoef=5.23e-03 lr=3.3e-04 seed=1
iter= 332 step=1065600 ep_ret=-766.640 opt_ret=-766.640 step_rew=-7.6664 opt_step=-7.6664 gap0=766.640 dret=+43.714 eval_ret=n/a pursuer_target_distance=3.972 capture=0.000 score=0.000 pol=-0.0012 val=0.0228 ent=1.5044 tot=+0.0023 agnorm=0.044 cgnorm=0.063 kl=0.0015 clipf=0.006 ev=+0.607 r0=1.0000 entcoef=5.21e-03 lr=3.3e-04 seed=1
iter= 333 step=1068800 ep_ret=-769.277 opt_ret=-769.277 step_rew=-7.6928 opt_step=-7.6928 gap0=769.277 dret=+41.076 eval_ret=n/a pursuer_target_distance=3.589 capture=0.000 score=0.000 pol=-0.0014 val=0.0195 ent=1.4968 tot=+0.0006 agnorm=0.051 cgnorm=0.062 kl=0.0014 clipf=0.008 ev=+0.578 r0=1.0000 entcoef=5.20e-03 lr=3.3e-04 seed=1
iter= 334 step=1072000 ep_ret=-848.094 opt_ret=-848.094 step_rew=-8.4809 opt_step=-8.4809 gap0=848.094 dret=-37.740 eval_ret=n/a pursuer_target_distance=4.236 capture=0.000 score=0.000 pol=-0.0015 val=0.0280 ent=1.4896 tot=+0.0048 agnorm=0.051 cgnorm=0.061 kl=0.0013 clipf=0.006 ev=+0.494 r0=1.0000 entcoef=5.18e-03 lr=3.3e-04 seed=1
iter= 335 step=1075200 ep_ret=-814.019 opt_ret=-814.019 step_rew=-8.1402 opt_step=-8.1402 gap0=814.019 dret=-3.665 eval_ret=n/a pursuer_target_distance=4.227 capture=0.000 score=0.000 pol=-0.0012 val=0.0316 ent=1.4894 tot=+0.0069 agnorm=0.042 cgnorm=0.073 kl=0.0012 clipf=0.010 ev=+0.410 r0=1.0000 entcoef=5.17e-03 lr=3.3e-04 seed=1
iter= 336 step=1078400 ep_ret=-810.270 opt_ret=-810.270 step_rew=-8.1027 opt_step=-8.1027 gap0=810.270 dret=+0.084 eval_ret=n/a pursuer_target_distance=4.459 capture=0.000 score=0.000 pol=-0.0012 val=0.0266 ent=1.4883 tot=+0.0045 agnorm=0.037 cgnorm=0.063 kl=0.0008 clipf=0.004 ev=+0.412 r0=1.0000 entcoef=5.15e-03 lr=3.3e-04 seed=1
iter= 337 step=1081600 ep_ret=-812.483 opt_ret=-812.483 step_rew=-8.1248 opt_step=-8.1248 gap0=812.483 dret=-2.129 eval_ret=n/a pursuer_target_distance=4.154 capture=0.000 score=0.000 pol=-0.0020 val=0.0252 ent=1.4849 tot=+0.0030 agnorm=0.058 cgnorm=0.067 kl=0.0022 clipf=0.018 ev=+0.658 r0=1.0000 entcoef=5.14e-03 lr=3.3e-04 seed=1
iter= 338 step=1084800 ep_ret=-808.851 opt_ret=-808.851 step_rew=-8.0885 opt_step=-8.0885 gap0=808.851 dret=+1.503 eval_ret=n/a pursuer_target_distance=4.035 capture=0.000 score=0.000 pol=-0.0013 val=0.0276 ent=1.5014 tot=+0.0048 agnorm=0.050 cgnorm=0.062 kl=0.0020 clipf=0.013 ev=+0.478 r0=1.0000 entcoef=5.13e-03 lr=3.3e-04 seed=1
iter= 339 step=1088000 ep_ret=-818.609 opt_ret=-818.609 step_rew=-8.1861 opt_step=-8.1861 gap0=818.609 dret=-8.255 eval_ret=n/a pursuer_target_distance=4.174 capture=0.000 score=0.000 pol=-0.0010 val=0.0368 ent=1.5000 tot=+0.0097 agnorm=0.044 cgnorm=0.072 kl=0.0009 clipf=0.006 ev=+0.556 r0=1.0000 entcoef=5.11e-03 lr=3.3e-04 seed=1
iter= 340 step=1091200 ep_ret=-839.325 opt_ret=-839.325 step_rew=-8.3932 opt_step=-8.3932 gap0=839.325 dret=-28.971 eval_ret=-661.598 pursuer_target_distance=4.369 capture=0.000 score=0.000 pol=-0.0014 val=0.0510 ent=1.4998 tot=+0.0164 agnorm=0.040 cgnorm=0.097 kl=0.0013 clipf=0.006 ev=+0.280 r0=1.0000 entcoef=5.10e-03 lr=3.2e-04 seed=1
iter= 341 step=1094400 ep_ret=-751.140 opt_ret=-751.140 step_rew=-7.5114 opt_step=-7.5114 gap0=751.140 dret=+59.214 eval_ret=n/a pursuer_target_distance=3.754 capture=0.000 score=0.000 pol=-0.0017 val=0.0156 ent=1.4929 tot=-0.0015 agnorm=0.052 cgnorm=0.049 kl=0.0019 clipf=0.012 ev=+0.656 r0=1.0000 entcoef=5.08e-03 lr=3.2e-04 seed=1
iter= 342 step=1097600 ep_ret=-793.394 opt_ret=-793.394 step_rew=-7.9339 opt_step=-7.9339 gap0=793.394 dret=+16.960 eval_ret=n/a pursuer_target_distance=3.729 capture=0.000 score=0.000 pol=-0.0011 val=0.0305 ent=1.4980 tot=+0.0065 agnorm=0.040 cgnorm=0.075 kl=0.0010 clipf=0.004 ev=+0.540 r0=1.0000 entcoef=5.07e-03 lr=3.2e-04 seed=1
iter= 343 step=1100800 ep_ret=-900.328 opt_ret=-900.328 step_rew=-9.0033 opt_step=-9.0033 gap0=900.328 dret=-89.974 eval_ret=n/a pursuer_target_distance=4.645 capture=0.000 score=0.000 pol=-0.0012 val=0.0356 ent=1.5077 tot=+0.0089 agnorm=0.042 cgnorm=0.081 kl=0.0013 clipf=0.007 ev=+0.425 r0=1.0000 entcoef=5.05e-03 lr=3.2e-04 seed=1
iter= 344 step=1104000 ep_ret=-799.093 opt_ret=-799.093 step_rew=-7.9909 opt_step=-7.9909 gap0=799.093 dret=+11.261 eval_ret=n/a pursuer_target_distance=3.795 capture=0.000 score=0.000 pol=-0.0016 val=0.0345 ent=1.5010 tot=+0.0080 agnorm=0.049 cgnorm=0.077 kl=0.0014 clipf=0.009 ev=+0.258 r0=1.0000 entcoef=5.04e-03 lr=3.2e-04 seed=1
iter= 345 step=1107200 ep_ret=-870.602 opt_ret=-870.602 step_rew=-8.7060 opt_step=-8.7060 gap0=870.602 dret=-60.248 eval_ret=n/a pursuer_target_distance=4.348 capture=0.000 score=0.000 pol=-0.0012 val=0.0418 ent=1.5162 tot=+0.0121 agnorm=0.045 cgnorm=0.087 kl=0.0014 clipf=0.006 ev=+0.479 r0=1.0000 entcoef=5.02e-03 lr=3.2e-04 seed=1
iter= 346 step=1110400 ep_ret=-812.203 opt_ret=-812.203 step_rew=-8.1220 opt_step=-8.1220 gap0=812.203 dret=-1.849 eval_ret=n/a pursuer_target_distance=4.027 capture=0.000 score=0.000 pol=-0.0015 val=0.0240 ent=1.5056 tot=+0.0030 agnorm=0.049 cgnorm=0.068 kl=0.0022 clipf=0.018 ev=+0.642 r0=1.0000 entcoef=5.01e-03 lr=3.2e-04 seed=1
iter= 347 step=1113600 ep_ret=-829.751 opt_ret=-829.751 step_rew=-8.2975 opt_step=-8.2975 gap0=829.751 dret=-19.398 eval_ret=n/a pursuer_target_distance=4.280 capture=0.000 score=0.000 pol=-0.0016 val=0.0298 ent=1.5133 tot=+0.0058 agnorm=0.048 cgnorm=0.072 kl=0.0022 clipf=0.016 ev=+0.488 r0=1.0000 entcoef=5.00e-03 lr=3.2e-04 seed=1
iter= 348 step=1116800 ep_ret=-861.611 opt_ret=-861.611 step_rew=-8.6161 opt_step=-8.6161 gap0=861.611 dret=-51.257 eval_ret=n/a pursuer_target_distance=4.234 capture=0.000 score=0.000 pol=-0.0020 val=0.0505 ent=1.5133 tot=+0.0157 agnorm=0.051 cgnorm=0.095 kl=0.0019 clipf=0.012 ev=+0.493 r0=1.0000 entcoef=4.98e-03 lr=3.2e-04 seed=1
iter= 349 step=1120000 ep_ret=-836.923 opt_ret=-836.923 step_rew=-8.3692 opt_step=-8.3692 gap0=836.923 dret=-26.570 eval_ret=n/a pursuer_target_distance=5.020 capture=0.000 score=0.000 pol=-0.0012 val=0.0308 ent=1.5180 tot=+0.0067 agnorm=0.045 cgnorm=0.077 kl=0.0012 clipf=0.006 ev=+0.481 r0=1.0000 entcoef=4.97e-03 lr=3.1e-04 seed=1
iter= 350 step=1123200 ep_ret=-772.032 opt_ret=-772.032 step_rew=-7.7203 opt_step=-7.7203 gap0=772.032 dret=+38.322 eval_ret=n/a pursuer_target_distance=4.033 capture=0.000 score=0.000 pol=-0.0012 val=0.0291 ent=1.5183 tot=+0.0058 agnorm=0.046 cgnorm=0.071 kl=0.0010 clipf=0.005 ev=+0.603 r0=1.0000 entcoef=4.95e-03 lr=3.1e-04 seed=1
iter= 351 step=1126400 ep_ret=-779.423 opt_ret=-779.423 step_rew=-7.7942 opt_step=-7.7942 gap0=779.423 dret=+30.931 eval_ret=n/a pursuer_target_distance=4.029 capture=0.000 score=0.000 pol=-0.0015 val=0.0230 ent=1.5191 tot=+0.0025 agnorm=0.044 cgnorm=0.065 kl=0.0010 clipf=0.006 ev=+0.586 r0=1.0000 entcoef=4.94e-03 lr=3.1e-04 seed=1
iter= 352 step=1129600 ep_ret=-835.926 opt_ret=-835.926 step_rew=-8.3593 opt_step=-8.3593 gap0=835.926 dret=-25.572 eval_ret=n/a pursuer_target_distance=4.318 capture=0.000 score=0.000 pol=-0.0013 val=0.0557 ent=1.5127 tot=+0.0191 agnorm=0.046 cgnorm=0.102 kl=0.0014 clipf=0.010 ev=+0.324 r0=1.0000 entcoef=4.92e-03 lr=3.1e-04 seed=1
iter= 353 step=1132800 ep_ret=-829.211 opt_ret=-829.211 step_rew=-8.2921 opt_step=-8.2921 gap0=829.211 dret=-18.857 eval_ret=n/a pursuer_target_distance=4.156 capture=0.000 score=0.000 pol=-0.0015 val=0.0231 ent=1.5087 tot=+0.0026 agnorm=0.046 cgnorm=0.068 kl=0.0015 clipf=0.009 ev=+0.678 r0=1.0000 entcoef=4.91e-03 lr=3.1e-04 seed=1
iter= 354 step=1136000 ep_ret=-905.515 opt_ret=-905.515 step_rew=-9.0551 opt_step=-9.0551 gap0=905.515 dret=-95.161 eval_ret=n/a pursuer_target_distance=4.692 capture=0.000 score=0.000 pol=-0.0014 val=0.0434 ent=1.5130 tot=+0.0129 agnorm=0.045 cgnorm=0.096 kl=0.0013 clipf=0.009 ev=+0.317 r0=1.0000 entcoef=4.89e-03 lr=3.1e-04 seed=1
iter= 355 step=1139200 ep_ret=-768.716 opt_ret=-768.716 step_rew=-7.6872 opt_step=-7.6872 gap0=768.716 dret=+41.638 eval_ret=n/a pursuer_target_distance=3.710 capture=0.000 score=0.000 pol=-0.0015 val=0.0361 ent=1.5209 tot=+0.0091 agnorm=0.057 cgnorm=0.081 kl=0.0014 clipf=0.012 ev=+0.289 r0=1.0000 entcoef=4.88e-03 lr=3.1e-04 seed=1
iter= 356 step=1142400 ep_ret=-871.163 opt_ret=-871.163 step_rew=-8.7116 opt_step=-8.7116 gap0=871.163 dret=-60.809 eval_ret=n/a pursuer_target_distance=4.460 capture=0.000 score=0.000 pol=-0.0013 val=0.0329 ent=1.5367 tot=+0.0076 agnorm=0.044 cgnorm=0.078 kl=0.0009 clipf=0.003 ev=+0.341 r0=1.0000 entcoef=4.87e-03 lr=3.1e-04 seed=1
iter= 357 step=1145600 ep_ret=-847.553 opt_ret=-847.553 step_rew=-8.4755 opt_step=-8.4755 gap0=847.553 dret=-37.199 eval_ret=n/a pursuer_target_distance=4.184 capture=0.000 score=0.000 pol=-0.0011 val=0.0240 ent=1.5261 tot=+0.0035 agnorm=0.048 cgnorm=0.070 kl=0.0012 clipf=0.005 ev=+0.436 r0=1.0000 entcoef=4.85e-03 lr=3.1e-04 seed=1
iter= 358 step=1148800 ep_ret=-840.546 opt_ret=-840.546 step_rew=-8.4055 opt_step=-8.4055 gap0=840.546 dret=-30.192 eval_ret=n/a pursuer_target_distance=4.180 capture=0.000 score=0.000 pol=-0.0012 val=0.0254 ent=1.5278 tot=+0.0041 agnorm=0.041 cgnorm=0.066 kl=0.0008 clipf=0.002 ev=+0.509 r0=1.0000 entcoef=4.84e-03 lr=3.0e-04 seed=1
iter= 359 step=1152000 ep_ret=-794.688 opt_ret=-794.688 step_rew=-7.9469 opt_step=-7.9469 gap0=794.688 dret=+15.666 eval_ret=n/a pursuer_target_distance=3.892 capture=0.000 score=0.000 pol=-0.0011 val=0.0240 ent=1.5161 tot=+0.0036 agnorm=0.048 cgnorm=0.063 kl=0.0011 clipf=0.004 ev=+0.237 r0=1.0000 entcoef=4.82e-03 lr=3.0e-04 seed=1
iter= 360 step=1155200 ep_ret=-805.823 opt_ret=-805.823 step_rew=-8.0582 opt_step=-8.0582 gap0=805.823 dret=+4.531 eval_ret=-624.725 pursuer_target_distance=3.890 capture=0.000 score=0.000 pol=-0.0013 val=0.0268 ent=1.5051 tot=+0.0049 agnorm=0.048 cgnorm=0.066 kl=0.0010 clipf=0.007 ev=+0.451 r0=1.0000 entcoef=4.81e-03 lr=3.0e-04 seed=1
iter= 361 step=1158400 ep_ret=-766.058 opt_ret=-766.058 step_rew=-7.6606 opt_step=-7.6606 gap0=766.058 dret=+44.295 eval_ret=n/a pursuer_target_distance=4.123 capture=0.000 score=0.000 pol=-0.0012 val=0.0256 ent=1.4997 tot=+0.0044 agnorm=0.052 cgnorm=0.066 kl=0.0013 clipf=0.008 ev=+0.560 r0=1.0000 entcoef=4.79e-03 lr=3.0e-04 seed=1
iter= 362 step=1161600 ep_ret=-687.709 opt_ret=-687.709 step_rew=-6.8771 opt_step=-6.8771 gap0=687.709 dret=+122.645 eval_ret=n/a pursuer_target_distance=3.471 capture=0.000 score=0.000 pol=-0.0013 val=0.0219 ent=1.5042 tot=+0.0024 agnorm=0.041 cgnorm=0.071 kl=0.0011 clipf=0.006 ev=+0.527 r0=1.0000 entcoef=4.78e-03 lr=3.0e-04 seed=1
iter= 363 step=1164800 ep_ret=-760.111 opt_ret=-760.111 step_rew=-7.6011 opt_step=-7.6011 gap0=760.111 dret=+50.242 eval_ret=n/a pursuer_target_distance=3.370 capture=0.000 score=0.000 pol=-0.0012 val=0.0263 ent=1.4994 tot=+0.0048 agnorm=0.042 cgnorm=0.060 kl=0.0014 clipf=0.007 ev=+0.548 r0=1.0000 entcoef=4.76e-03 lr=3.0e-04 seed=1
iter= 364 step=1168000 ep_ret=-835.956 opt_ret=-835.956 step_rew=-8.3596 opt_step=-8.3596 gap0=835.956 dret=-25.603 eval_ret=n/a pursuer_target_distance=4.170 capture=0.000 score=0.000 pol=-0.0014 val=0.0507 ent=1.5005 tot=+0.0168 agnorm=0.050 cgnorm=0.084 kl=0.0013 clipf=0.006 ev=+0.426 r0=1.0000 entcoef=4.75e-03 lr=3.0e-04 seed=1
iter= 365 step=1171200 ep_ret=-809.952 opt_ret=-809.952 step_rew=-8.0995 opt_step=-8.0995 gap0=809.952 dret=+0.402 eval_ret=n/a pursuer_target_distance=4.027 capture=0.000 score=0.000 pol=-0.0012 val=0.0264 ent=1.4960 tot=+0.0049 agnorm=0.044 cgnorm=0.068 kl=0.0009 clipf=0.004 ev=+0.301 r0=1.0000 entcoef=4.74e-03 lr=3.0e-04 seed=1
iter= 366 step=1174400 ep_ret=-748.646 opt_ret=-748.646 step_rew=-7.4865 opt_step=-7.4865 gap0=748.646 dret=+61.708 eval_ret=n/a pursuer_target_distance=4.215 capture=0.000 score=0.000 pol=-0.0013 val=0.0319 ent=1.5156 tot=+0.0074 agnorm=0.042 cgnorm=0.075 kl=0.0014 clipf=0.008 ev=+0.227 r0=1.0000 entcoef=4.72e-03 lr=3.0e-04 seed=1
iter= 367 step=1177600 ep_ret=-878.249 opt_ret=-878.249 step_rew=-8.7825 opt_step=-8.7825 gap0=878.249 dret=-67.895 eval_ret=n/a pursuer_target_distance=4.937 capture=0.000 score=0.000 pol=-0.0018 val=0.0419 ent=1.5243 tot=+0.0120 agnorm=0.054 cgnorm=0.085 kl=0.0019 clipf=0.017 ev=+0.048 r0=1.0000 entcoef=4.71e-03 lr=2.9e-04 seed=1
iter= 368 step=1180800 ep_ret=-848.020 opt_ret=-848.020 step_rew=-8.4802 opt_step=-8.4802 gap0=848.020 dret=-37.666 eval_ret=n/a pursuer_target_distance=4.077 capture=0.000 score=0.000 pol=-0.0018 val=0.0272 ent=1.5206 tot=+0.0046 agnorm=0.051 cgnorm=0.061 kl=0.0014 clipf=0.011 ev=+0.385 r0=1.0000 entcoef=4.69e-03 lr=2.9e-04 seed=1
iter= 369 step=1184000 ep_ret=-778.699 opt_ret=-778.699 step_rew=-7.7870 opt_step=-7.7870 gap0=778.699 dret=+31.655 eval_ret=n/a pursuer_target_distance=4.006 capture=0.000 score=0.000 pol=-0.0010 val=0.0262 ent=1.5198 tot=+0.0050 agnorm=0.041 cgnorm=0.066 kl=0.0008 clipf=0.003 ev=+0.374 r0=1.0000 entcoef=4.68e-03 lr=2.9e-04 seed=1
iter= 370 step=1187200 ep_ret=-876.923 opt_ret=-876.923 step_rew=-8.7692 opt_step=-8.7692 gap0=876.923 dret=-66.569 eval_ret=n/a pursuer_target_distance=4.775 capture=0.000 score=0.000 pol=-0.0014 val=0.0308 ent=1.5097 tot=+0.0069 agnorm=0.048 cgnorm=0.079 kl=0.0013 clipf=0.009 ev=+0.458 r0=1.0000 entcoef=4.66e-03 lr=2.9e-04 seed=1
iter= 371 step=1190400 ep_ret=-766.985 opt_ret=-766.985 step_rew=-7.6698 opt_step=-7.6698 gap0=766.985 dret=+43.369 eval_ret=n/a pursuer_target_distance=4.383 capture=0.000 score=0.000 pol=-0.0014 val=0.0382 ent=1.5006 tot=+0.0108 agnorm=0.054 cgnorm=0.080 kl=0.0011 clipf=0.008 ev=+0.367 r0=1.0000 entcoef=4.65e-03 lr=2.9e-04 seed=1
iter= 372 step=1193600 ep_ret=-776.999 opt_ret=-776.999 step_rew=-7.7700 opt_step=-7.7700 gap0=776.999 dret=+33.355 eval_ret=n/a pursuer_target_distance=4.182 capture=0.000 score=0.000 pol=-0.0012 val=0.0395 ent=1.5106 tot=+0.0115 agnorm=0.044 cgnorm=0.085 kl=0.0010 clipf=0.007 ev=+0.418 r0=1.0000 entcoef=4.63e-03 lr=2.9e-04 seed=1
iter= 373 step=1196800 ep_ret=-815.360 opt_ret=-815.360 step_rew=-8.1536 opt_step=-8.1536 gap0=815.360 dret=-5.006 eval_ret=n/a pursuer_target_distance=4.518 capture=0.000 score=0.000 pol=-0.0013 val=0.0275 ent=1.5208 tot=+0.0054 agnorm=0.048 cgnorm=0.069 kl=0.0008 clipf=0.004 ev=+0.309 r0=1.0000 entcoef=4.62e-03 lr=2.9e-04 seed=1
iter= 374 step=1200000 ep_ret=-890.074 opt_ret=-890.074 step_rew=-8.9007 opt_step=-8.9007 gap0=890.074 dret=-79.720 eval_ret=n/a pursuer_target_distance=4.136 capture=0.000 score=0.000 pol=-0.0017 val=0.0351 ent=1.5287 tot=+0.0088 agnorm=0.060 cgnorm=0.081 kl=0.0019 clipf=0.016 ev=+0.487 r0=1.0000 entcoef=4.61e-03 lr=2.9e-04 seed=1
iter= 375 step=1203200 ep_ret=-825.830 opt_ret=-825.830 step_rew=-8.2583 opt_step=-8.2583 gap0=825.830 dret=-15.476 eval_ret=n/a pursuer_target_distance=4.266 capture=0.000 score=0.000 pol=-0.0013 val=0.0241 ent=1.5055 tot=+0.0038 agnorm=0.055 cgnorm=0.062 kl=0.0013 clipf=0.008 ev=+0.590 r0=1.0000 entcoef=4.59e-03 lr=2.9e-04 seed=1
iter= 376 step=1206400 ep_ret=-874.098 opt_ret=-874.098 step_rew=-8.7410 opt_step=-8.7410 gap0=874.098 dret=-63.745 eval_ret=n/a pursuer_target_distance=4.486 capture=0.000 score=0.000 pol=-0.0014 val=0.0336 ent=1.4990 tot=+0.0085 agnorm=0.051 cgnorm=0.079 kl=0.0014 clipf=0.008 ev=+0.400 r0=1.0000 entcoef=4.58e-03 lr=2.8e-04 seed=1
iter= 377 step=1209600 ep_ret=-814.278 opt_ret=-814.278 step_rew=-8.1428 opt_step=-8.1428 gap0=814.278 dret=-3.924 eval_ret=n/a pursuer_target_distance=4.046 capture=0.000 score=0.000 pol=-0.0010 val=0.0213 ent=1.5097 tot=+0.0027 agnorm=0.045 cgnorm=0.062 kl=0.0012 clipf=0.006 ev=+0.555 r0=1.0000 entcoef=4.56e-03 lr=2.8e-04 seed=1
iter= 378 step=1212800 ep_ret=-774.103 opt_ret=-774.103 step_rew=-7.7410 opt_step=-7.7410 gap0=774.103 dret=+36.251 eval_ret=n/a pursuer_target_distance=3.765 capture=0.000 score=0.000 pol=-0.0010 val=0.0222 ent=1.5066 tot=+0.0032 agnorm=0.037 cgnorm=0.066 kl=0.0009 clipf=0.003 ev=+0.557 r0=1.0000 entcoef=4.55e-03 lr=2.8e-04 seed=1
iter= 379 step=1216000 ep_ret=-806.468 opt_ret=-806.468 step_rew=-8.0647 opt_step=-8.0647 gap0=806.468 dret=+3.886 eval_ret=n/a pursuer_target_distance=3.570 capture=0.000 score=0.000 pol=-0.0014 val=0.0211 ent=1.5023 tot=+0.0023 agnorm=0.045 cgnorm=0.064 kl=0.0012 clipf=0.004 ev=+0.469 r0=1.0000 entcoef=4.53e-03 lr=2.8e-04 seed=1
iter= 380 step=1219200 ep_ret=-808.419 opt_ret=-808.419 step_rew=-8.0842 opt_step=-8.0842 gap0=808.419 dret=+1.935 eval_ret=-768.115 pursuer_target_distance=3.961 capture=0.000 score=0.000 pol=-0.0010 val=0.0162 ent=1.4751 tot=+0.0004 agnorm=0.035 cgnorm=0.056 kl=0.0008 clipf=0.002 ev=+0.594 r0=1.0000 entcoef=4.52e-03 lr=2.8e-04 seed=1
iter= 381 step=1222400 ep_ret=-789.595 opt_ret=-789.595 step_rew=-7.8959 opt_step=-7.8959 gap0=789.595 dret=+20.759 eval_ret=n/a pursuer_target_distance=3.816 capture=0.000 score=0.000 pol=-0.0009 val=0.0200 ent=1.4653 tot=+0.0025 agnorm=0.032 cgnorm=0.055 kl=0.0007 clipf=0.003 ev=+0.566 r0=1.0000 entcoef=4.50e-03 lr=2.8e-04 seed=1
iter= 382 step=1225600 ep_ret=-828.605 opt_ret=-828.605 step_rew=-8.2861 opt_step=-8.2861 gap0=828.605 dret=-18.252 eval_ret=n/a pursuer_target_distance=4.362 capture=0.000 score=0.000 pol=-0.0014 val=0.0269 ent=1.4638 tot=+0.0054 agnorm=0.046 cgnorm=0.070 kl=0.0013 clipf=0.009 ev=+0.401 r0=1.0000 entcoef=4.49e-03 lr=2.8e-04 seed=1
iter= 383 step=1228800 ep_ret=-812.705 opt_ret=-812.705 step_rew=-8.1271 opt_step=-8.1271 gap0=812.705 dret=-2.351 eval_ret=n/a pursuer_target_distance=3.872 capture=0.000 score=0.000 pol=-0.0015 val=0.0354 ent=1.4389 tot=+0.0098 agnorm=0.052 cgnorm=0.080 kl=0.0014 clipf=0.007 ev=+0.283 r0=1.0000 entcoef=4.48e-03 lr=2.8e-04 seed=1
iter= 384 step=1232000 ep_ret=-826.162 opt_ret=-826.162 step_rew=-8.2616 opt_step=-8.2616 gap0=826.162 dret=-15.808 eval_ret=n/a pursuer_target_distance=4.171 capture=0.000 score=0.000 pol=-0.0011 val=0.0188 ent=1.4325 tot=+0.0020 agnorm=0.045 cgnorm=0.052 kl=0.0010 clipf=0.004 ev=+0.692 r0=1.0000 entcoef=4.46e-03 lr=2.8e-04 seed=1
iter= 385 step=1235200 ep_ret=-784.660 opt_ret=-784.660 step_rew=-7.8466 opt_step=-7.8466 gap0=784.660 dret=+25.694 eval_ret=n/a pursuer_target_distance=3.978 capture=0.000 score=0.000 pol=-0.0013 val=0.0305 ent=1.4445 tot=+0.0075 agnorm=0.056 cgnorm=0.066 kl=0.0011 clipf=0.006 ev=+0.350 r0=1.0000 entcoef=4.45e-03 lr=2.7e-04 seed=1
iter= 386 step=1238400 ep_ret=-829.150 opt_ret=-829.150 step_rew=-8.2915 opt_step=-8.2915 gap0=829.150 dret=-18.796 eval_ret=n/a pursuer_target_distance=4.355 capture=0.000 score=0.000 pol=-0.0012 val=0.0353 ent=1.4304 tot=+0.0101 agnorm=0.046 cgnorm=0.082 kl=0.0014 clipf=0.009 ev=+0.301 r0=1.0000 entcoef=4.43e-03 lr=2.7e-04 seed=1
iter= 387 step=1241600 ep_ret=-860.651 opt_ret=-860.651 step_rew=-8.6065 opt_step=-8.6065 gap0=860.651 dret=-50.297 eval_ret=n/a pursuer_target_distance=4.539 capture=0.000 score=0.000 pol=-0.0013 val=0.0226 ent=1.4552 tot=+0.0036 agnorm=0.048 cgnorm=0.058 kl=0.0007 clipf=0.004 ev=+0.477 r0=1.0000 entcoef=4.42e-03 lr=2.7e-04 seed=1
iter= 388 step=1244800 ep_ret=-907.035 opt_ret=-907.035 step_rew=-9.0703 opt_step=-9.0703 gap0=907.035 dret=-96.681 eval_ret=n/a pursuer_target_distance=4.528 capture=0.000 score=0.000 pol=-0.0014 val=0.0377 ent=1.4380 tot=+0.0111 agnorm=0.049 cgnorm=0.075 kl=0.0016 clipf=0.009 ev=+0.214 r0=1.0000 entcoef=4.40e-03 lr=2.7e-04 seed=1
iter= 389 step=1248000 ep_ret=-816.328 opt_ret=-816.328 step_rew=-8.1633 opt_step=-8.1633 gap0=816.328 dret=-5.974 eval_ret=n/a pursuer_target_distance=3.959 capture=0.000 score=0.000 pol=-0.0011 val=0.0320 ent=1.4330 tot=+0.0086 agnorm=0.045 cgnorm=0.084 kl=0.0010 clipf=0.006 ev=+0.356 r0=1.0000 entcoef=4.39e-03 lr=2.7e-04 seed=1
iter= 390 step=1251200 ep_ret=-901.064 opt_ret=-901.064 step_rew=-9.0106 opt_step=-9.0106 gap0=901.064 dret=-90.710 eval_ret=n/a pursuer_target_distance=5.048 capture=0.000 score=0.000 pol=-0.0014 val=0.0573 ent=1.4552 tot=+0.0208 agnorm=0.054 cgnorm=0.099 kl=0.0015 clipf=0.013 ev=+0.150 r0=1.0000 entcoef=4.37e-03 lr=2.7e-04 seed=1
iter= 391 step=1254400 ep_ret=-834.758 opt_ret=-834.758 step_rew=-8.3476 opt_step=-8.3476 gap0=834.758 dret=-24.404 eval_ret=n/a pursuer_target_distance=4.406 capture=0.000 score=0.000 pol=-0.0010 val=0.0286 ent=1.4396 tot=+0.0071 agnorm=0.045 cgnorm=0.081 kl=0.0008 clipf=0.005 ev=+0.519 r0=1.0000 entcoef=4.36e-03 lr=2.7e-04 seed=1
iter= 392 step=1257600 ep_ret=-897.549 opt_ret=-897.549 step_rew=-8.9755 opt_step=-8.9755 gap0=897.549 dret=-87.196 eval_ret=n/a pursuer_target_distance=4.657 capture=0.000 score=0.000 pol=-0.0014 val=0.0417 ent=1.4343 tot=+0.0132 agnorm=0.052 cgnorm=0.086 kl=0.0010 clipf=0.006 ev=+0.273 r0=1.0000 entcoef=4.35e-03 lr=2.7e-04 seed=1
iter= 393 step=1260800 ep_ret=-832.479 opt_ret=-832.479 step_rew=-8.3248 opt_step=-8.3248 gap0=832.479 dret=-22.125 eval_ret=n/a pursuer_target_distance=3.633 capture=0.000 score=0.000 pol=-0.0019 val=0.0244 ent=1.4529 tot=+0.0039 agnorm=0.052 cgnorm=0.067 kl=0.0020 clipf=0.014 ev=+0.394 r0=1.0000 entcoef=4.33e-03 lr=2.7e-04 seed=1
iter= 394 step=1264000 ep_ret=-839.761 opt_ret=-839.761 step_rew=-8.3976 opt_step=-8.3976 gap0=839.761 dret=-29.407 eval_ret=n/a pursuer_target_distance=4.170 capture=0.000 score=0.000 pol=-0.0011 val=0.0228 ent=1.4211 tot=+0.0042 agnorm=0.051 cgnorm=0.058 kl=0.0011 clipf=0.007 ev=+0.490 r0=1.0000 entcoef=4.32e-03 lr=2.6e-04 seed=1
iter= 395 step=1267200 ep_ret=-792.047 opt_ret=-792.047 step_rew=-7.9205 opt_step=-7.9205 gap0=792.047 dret=+18.307 eval_ret=n/a pursuer_target_distance=4.280 capture=0.000 score=0.000 pol=-0.0014 val=0.0346 ent=1.4187 tot=+0.0098 agnorm=0.055 cgnorm=0.075 kl=0.0016 clipf=0.012 ev=+0.447 r0=1.0000 entcoef=4.30e-03 lr=2.6e-04 seed=1
iter= 396 step=1270400 ep_ret=-839.054 opt_ret=-839.054 step_rew=-8.3905 opt_step=-8.3905 gap0=839.054 dret=-28.700 eval_ret=n/a pursuer_target_distance=4.028 capture=0.000 score=0.000 pol=-0.0014 val=0.0245 ent=1.4281 tot=+0.0047 agnorm=0.053 cgnorm=0.060 kl=0.0012 clipf=0.007 ev=+0.455 r0=1.0000 entcoef=4.29e-03 lr=2.6e-04 seed=1
iter= 397 step=1273600 ep_ret=-813.573 opt_ret=-813.573 step_rew=-8.1357 opt_step=-8.1357 gap0=813.573 dret=-3.219 eval_ret=n/a pursuer_target_distance=3.677 capture=0.000 score=0.000 pol=-0.0018 val=0.0296 ent=1.4169 tot=+0.0070 agnorm=0.059 cgnorm=0.073 kl=0.0018 clipf=0.012 ev=+0.304 r0=1.0000 entcoef=4.27e-03 lr=2.6e-04 seed=1
iter= 398 step=1276800 ep_ret=-785.247 opt_ret=-785.247 step_rew=-7.8525 opt_step=-7.8525 gap0=785.247 dret=+25.106 eval_ret=n/a pursuer_target_distance=3.293 capture=0.000 score=0.000 pol=-0.0011 val=0.0266 ent=1.4393 tot=+0.0061 agnorm=0.041 cgnorm=0.074 kl=0.0011 clipf=0.005 ev=+0.539 r0=1.0000 entcoef=4.26e-03 lr=2.6e-04 seed=1
iter= 399 step=1280000 ep_ret=-795.718 opt_ret=-795.718 step_rew=-7.9572 opt_step=-7.9572 gap0=795.718 dret=+14.636 eval_ret=n/a pursuer_target_distance=4.139 capture=0.000 score=0.000 pol=-0.0011 val=0.0242 ent=1.4472 tot=+0.0048 agnorm=0.043 cgnorm=0.071 kl=0.0011 clipf=0.008 ev=+0.383 r0=1.0000 entcoef=4.25e-03 lr=2.6e-04 seed=1
iter= 400 step=1283200 ep_ret=-804.976 opt_ret=-804.976 step_rew=-8.0498 opt_step=-8.0498 gap0=804.976 dret=+5.378 eval_ret=-680.314 pursuer_target_distance=4.009 capture=0.000 score=0.000 pol=-0.0011 val=0.0389 ent=1.4146 tot=+0.0123 agnorm=0.061 cgnorm=0.082 kl=0.0007 clipf=0.003 ev=+0.460 r0=1.0000 entcoef=4.23e-03 lr=2.6e-04 seed=1
iter= 401 step=1286400 ep_ret=-811.917 opt_ret=-811.917 step_rew=-8.1192 opt_step=-8.1192 gap0=811.917 dret=-1.563 eval_ret=n/a pursuer_target_distance=4.354 capture=0.000 score=0.000 pol=-0.0009 val=0.0420 ent=1.4576 tot=+0.0139 agnorm=0.124 cgnorm=0.080 kl=0.0013 clipf=0.007 ev=+0.355 r0=1.0000 entcoef=4.22e-03 lr=2.6e-04 seed=1
iter= 402 step=1289600 ep_ret=-821.738 opt_ret=-821.738 step_rew=-8.2174 opt_step=-8.2174 gap0=821.738 dret=-11.384 eval_ret=n/a pursuer_target_distance=4.421 capture=0.000 score=0.000 pol=-0.0012 val=0.0192 ent=1.4550 tot=+0.0023 agnorm=0.038 cgnorm=0.061 kl=0.0015 clipf=0.006 ev=+0.655 r0=1.0000 entcoef=4.20e-03 lr=2.6e-04 seed=1
iter= 403 step=1292800 ep_ret=-870.759 opt_ret=-870.759 step_rew=-8.7076 opt_step=-8.7076 gap0=870.759 dret=-60.405 eval_ret=n/a pursuer_target_distance=4.254 capture=0.000 score=0.000 pol=-0.0014 val=0.0352 ent=1.4516 tot=+0.0101 agnorm=0.055 cgnorm=0.081 kl=0.0011 clipf=0.007 ev=+0.486 r0=1.0000 entcoef=4.19e-03 lr=2.5e-04 seed=1
iter= 404 step=1296000 ep_ret=-815.426 opt_ret=-815.426 step_rew=-8.1543 opt_step=-8.1543 gap0=815.426 dret=-5.072 eval_ret=n/a pursuer_target_distance=3.634 capture=0.000 score=0.000 pol=-0.0010 val=0.0393 ent=1.4671 tot=+0.0126 agnorm=0.057 cgnorm=0.082 kl=0.0011 clipf=0.004 ev=+0.402 r0=1.0000 entcoef=4.17e-03 lr=2.5e-04 seed=1
iter= 405 step=1299200 ep_ret=-827.005 opt_ret=-827.005 step_rew=-8.2700 opt_step=-8.2700 gap0=827.005 dret=-16.651 eval_ret=n/a pursuer_target_distance=4.390 capture=0.000 score=0.000 pol=-0.0015 val=0.0329 ent=1.4660 tot=+0.0089 agnorm=0.052 cgnorm=0.067 kl=0.0012 clipf=0.006 ev=+0.537 r0=1.0000 entcoef=4.16e-03 lr=2.5e-04 seed=1
iter= 406 step=1302400 ep_ret=-811.401 opt_ret=-811.401 step_rew=-8.1140 opt_step=-8.1140 gap0=811.401 dret=-1.047 eval_ret=n/a pursuer_target_distance=3.359 capture=0.000 score=0.000 pol=-0.0012 val=0.0258 ent=1.4707 tot=+0.0056 agnorm=0.053 cgnorm=0.065 kl=0.0015 clipf=0.010 ev=+0.570 r0=1.0000 entcoef=4.14e-03 lr=2.5e-04 seed=1
iter= 407 step=1305600 ep_ret=-837.923 opt_ret=-837.923 step_rew=-8.3792 opt_step=-8.3792 gap0=837.923 dret=-27.569 eval_ret=n/a pursuer_target_distance=4.423 capture=0.000 score=0.000 pol=-0.0010 val=0.0336 ent=1.4542 tot=+0.0098 agnorm=0.046 cgnorm=0.076 kl=0.0008 clipf=0.006 ev=+0.506 r0=1.0000 entcoef=4.13e-03 lr=2.5e-04 seed=1
iter= 408 step=1308800 ep_ret=-909.517 opt_ret=-909.517 step_rew=-9.0952 opt_step=-9.0952 gap0=909.517 dret=-99.163 eval_ret=n/a pursuer_target_distance=4.536 capture=0.000 score=0.000 pol=-0.0010 val=0.0347 ent=1.4728 tot=+0.0103 agnorm=0.044 cgnorm=0.102 kl=0.0008 clipf=0.005 ev=+0.452 r0=1.0000 entcoef=4.12e-03 lr=2.5e-04 seed=1
iter= 409 step=1312000 ep_ret=-837.322 opt_ret=-837.322 step_rew=-8.3732 opt_step=-8.3732 gap0=837.322 dret=-26.968 eval_ret=n/a pursuer_target_distance=4.161 capture=0.000 score=0.000 pol=-0.0012 val=0.0459 ent=1.4738 tot=+0.0157 agnorm=0.053 cgnorm=0.095 kl=0.0008 clipf=0.003 ev=+0.363 r0=1.0000 entcoef=4.10e-03 lr=2.5e-04 seed=1
iter= 410 step=1315200 ep_ret=-848.692 opt_ret=-848.692 step_rew=-8.4869 opt_step=-8.4869 gap0=848.692 dret=-38.338 eval_ret=n/a pursuer_target_distance=4.136 capture=0.000 score=0.000 pol=-0.0009 val=0.0265 ent=1.4496 tot=+0.0065 agnorm=0.038 cgnorm=0.068 kl=0.0014 clipf=0.004 ev=+0.422 r0=1.0000 entcoef=4.09e-03 lr=2.5e-04 seed=1
iter= 411 step=1318400 ep_ret=-799.521 opt_ret=-799.521 step_rew=-7.9952 opt_step=-7.9952 gap0=799.521 dret=+10.832 eval_ret=n/a pursuer_target_distance=4.047 capture=0.000 score=0.000 pol=-0.0009 val=0.0318 ent=1.4419 tot=+0.0091 agnorm=0.046 cgnorm=0.073 kl=0.0006 clipf=0.003 ev=+0.331 r0=1.0000 entcoef=4.07e-03 lr=2.5e-04 seed=1
iter= 412 step=1321600 ep_ret=-813.650 opt_ret=-813.650 step_rew=-8.1365 opt_step=-8.1365 gap0=813.650 dret=-3.296 eval_ret=n/a pursuer_target_distance=4.148 capture=0.000 score=0.000 pol=-0.0011 val=0.0419 ent=1.4488 tot=+0.0140 agnorm=0.050 cgnorm=0.104 kl=0.0010 clipf=0.006 ev=+0.394 r0=1.0000 entcoef=4.06e-03 lr=2.4e-04 seed=1
iter= 413 step=1324800 ep_ret=-815.347 opt_ret=-815.347 step_rew=-8.1535 opt_step=-8.1535 gap0=815.347 dret=-4.994 eval_ret=n/a pursuer_target_distance=4.220 capture=0.000 score=0.000 pol=-0.0010 val=0.0222 ent=1.4481 tot=+0.0042 agnorm=0.088 cgnorm=0.064 kl=0.0010 clipf=0.006 ev=+0.625 r0=1.0000 entcoef=4.04e-03 lr=2.4e-04 seed=1
iter= 414 step=1328000 ep_ret=-846.718 opt_ret=-846.718 step_rew=-8.4672 opt_step=-8.4672 gap0=846.718 dret=-36.364 eval_ret=n/a pursuer_target_distance=3.846 capture=0.000 score=0.000 pol=-0.0013 val=0.0539 ent=1.4505 tot=+0.0198 agnorm=0.056 cgnorm=0.091 kl=0.0010 clipf=0.005 ev=+0.318 r0=1.0000 entcoef=4.03e-03 lr=2.4e-04 seed=1
iter= 415 step=1331200 ep_ret=-865.883 opt_ret=-865.883 step_rew=-8.6588 opt_step=-8.6588 gap0=865.883 dret=-55.529 eval_ret=n/a pursuer_target_distance=4.142 capture=0.000 score=0.000 pol=-0.0010 val=0.0350 ent=1.4675 tot=+0.0106 agnorm=0.059 cgnorm=0.087 kl=0.0012 clipf=0.006 ev=+0.295 r0=1.0000 entcoef=4.01e-03 lr=2.4e-04 seed=1
iter= 416 step=1334400 ep_ret=-859.472 opt_ret=-859.472 step_rew=-8.5947 opt_step=-8.5947 gap0=859.472 dret=-49.119 eval_ret=n/a pursuer_target_distance=4.333 capture=0.000 score=0.000 pol=-0.0010 val=0.0294 ent=1.4438 tot=+0.0080 agnorm=0.047 cgnorm=0.074 kl=0.0007 clipf=0.002 ev=+0.391 r0=1.0000 entcoef=4.00e-03 lr=2.4e-04 seed=1
iter= 417 step=1337600 ep_ret=-844.051 opt_ret=-844.051 step_rew=-8.4405 opt_step=-8.4405 gap0=844.051 dret=-33.698 eval_ret=n/a pursuer_target_distance=4.205 capture=0.000 score=0.000 pol=-0.0009 val=0.0286 ent=1.4619 tot=+0.0076 agnorm=0.057 cgnorm=0.087 kl=0.0013 clipf=0.005 ev=+0.296 r0=1.0000 entcoef=3.99e-03 lr=2.4e-04 seed=1
iter= 418 step=1340800 ep_ret=-901.796 opt_ret=-901.796 step_rew=-9.0180 opt_step=-9.0180 gap0=901.796 dret=-91.442 eval_ret=n/a pursuer_target_distance=5.165 capture=0.000 score=0.000 pol=-0.0013 val=0.0381 ent=1.4776 tot=+0.0119 agnorm=0.075 cgnorm=0.090 kl=0.0012 clipf=0.007 ev=+0.415 r0=1.0000 entcoef=3.97e-03 lr=2.4e-04 seed=1
iter= 419 step=1344000 ep_ret=-820.475 opt_ret=-820.475 step_rew=-8.2048 opt_step=-8.2048 gap0=820.475 dret=-10.122 eval_ret=n/a pursuer_target_distance=4.797 capture=0.000 score=0.000 pol=-0.0013 val=0.0218 ent=1.4699 tot=+0.0038 agnorm=0.057 cgnorm=0.062 kl=0.0011 clipf=0.009 ev=+0.452 r0=1.0000 entcoef=3.96e-03 lr=2.4e-04 seed=1
iter= 420 step=1347200 ep_ret=-883.394 opt_ret=-883.394 step_rew=-8.8339 opt_step=-8.8339 gap0=883.394 dret=-73.040 eval_ret=-760.297 pursuer_target_distance=4.827 capture=0.000 score=0.000 pol=-0.0011 val=0.0379 ent=1.4636 tot=+0.0121 agnorm=0.062 cgnorm=0.079 kl=0.0007 clipf=0.006 ev=+0.413 r0=1.0000 entcoef=3.94e-03 lr=2.4e-04 seed=1
iter= 421 step=1350400 ep_ret=-776.460 opt_ret=-776.460 step_rew=-7.7646 opt_step=-7.7646 gap0=776.460 dret=+33.894 eval_ret=n/a pursuer_target_distance=3.725 capture=0.000 score=0.000 pol=-0.0013 val=0.0250 ent=1.4703 tot=+0.0054 agnorm=0.057 cgnorm=0.067 kl=0.0018 clipf=0.013 ev=+0.497 r0=1.0000 entcoef=3.93e-03 lr=2.3e-04 seed=1
iter= 422 step=1353600 ep_ret=-807.696 opt_ret=-807.696 step_rew=-8.0770 opt_step=-8.0770 gap0=807.696 dret=+2.658 eval_ret=n/a pursuer_target_distance=3.869 capture=0.000 score=0.000 pol=-0.0012 val=0.0440 ent=1.4799 tot=+0.0150 agnorm=0.055 cgnorm=0.078 kl=0.0012 clipf=0.006 ev=+0.414 r0=1.0000 entcoef=3.91e-03 lr=2.3e-04 seed=1
iter= 423 step=1356800 ep_ret=-895.924 opt_ret=-895.924 step_rew=-8.9592 opt_step=-8.9592 gap0=895.924 dret=-85.570 eval_ret=n/a pursuer_target_distance=4.141 capture=0.000 score=0.000 pol=-0.0014 val=0.0333 ent=1.4996 tot=+0.0094 agnorm=0.048 cgnorm=0.074 kl=0.0015 clipf=0.008 ev=+0.437 r0=1.0000 entcoef=3.90e-03 lr=2.3e-04 seed=1
iter= 424 step=1360000 ep_ret=-906.797 opt_ret=-906.797 step_rew=-9.0680 opt_step=-9.0680 gap0=906.797 dret=-96.443 eval_ret=n/a pursuer_target_distance=4.804 capture=0.000 score=0.000 pol=-0.0010 val=0.0327 ent=1.5156 tot=+0.0095 agnorm=0.046 cgnorm=0.081 kl=0.0010 clipf=0.005 ev=+0.233 r0=1.0000 entcoef=3.88e-03 lr=2.3e-04 seed=1
iter= 425 step=1363200 ep_ret=-839.354 opt_ret=-839.354 step_rew=-8.3935 opt_step=-8.3935 gap0=839.354 dret=-29.000 eval_ret=n/a pursuer_target_distance=4.339 capture=0.000 score=0.000 pol=-0.0010 val=0.0284 ent=1.5109 tot=+0.0073 agnorm=0.052 cgnorm=0.074 kl=0.0010 clipf=0.003 ev=+0.508 r0=1.0000 entcoef=3.87e-03 lr=2.3e-04 seed=1
iter= 426 step=1366400 ep_ret=-785.376 opt_ret=-785.376 step_rew=-7.8538 opt_step=-7.8538 gap0=785.376 dret=+24.978 eval_ret=n/a pursuer_target_distance=3.897 capture=0.000 score=0.000 pol=-0.0010 val=0.0241 ent=1.5018 tot=+0.0052 agnorm=0.048 cgnorm=0.066 kl=0.0010 clipf=0.004 ev=+0.429 r0=1.0000 entcoef=3.86e-03 lr=2.3e-04 seed=1
iter= 427 step=1369600 ep_ret=-875.024 opt_ret=-875.024 step_rew=-8.7502 opt_step=-8.7502 gap0=875.024 dret=-64.671 eval_ret=n/a pursuer_target_distance=4.841 capture=0.000 score=0.000 pol=-0.0009 val=0.0522 ent=1.5086 tot=+0.0194 agnorm=0.046 cgnorm=0.103 kl=0.0008 clipf=0.004 ev=+0.305 r0=1.0000 entcoef=3.84e-03 lr=2.3e-04 seed=1
iter= 428 step=1372800 ep_ret=-707.973 opt_ret=-707.973 step_rew=-7.0797 opt_step=-7.0797 gap0=707.973 dret=+102.381 eval_ret=n/a pursuer_target_distance=2.999 capture=0.000 score=0.000 pol=-0.0013 val=0.0346 ent=1.4990 tot=+0.0103 agnorm=0.052 cgnorm=0.081 kl=0.0014 clipf=0.007 ev=+0.400 r0=1.0000 entcoef=3.83e-03 lr=2.3e-04 seed=1
iter= 429 step=1376000 ep_ret=-740.512 opt_ret=-740.512 step_rew=-7.4051 opt_step=-7.4051 gap0=740.512 dret=+69.842 eval_ret=n/a pursuer_target_distance=3.365 capture=0.000 score=0.000 pol=-0.0007 val=0.0236 ent=1.5015 tot=+0.0054 agnorm=0.045 cgnorm=0.064 kl=0.0007 clipf=0.002 ev=+0.393 r0=1.0000 entcoef=3.81e-03 lr=2.3e-04 seed=1
iter= 430 step=1379200 ep_ret=-840.790 opt_ret=-840.790 step_rew=-8.4079 opt_step=-8.4079 gap0=840.790 dret=-30.437 eval_ret=n/a pursuer_target_distance=4.177 capture=0.000 score=0.000 pol=-0.0009 val=0.0421 ent=1.5109 tot=+0.0144 agnorm=0.046 cgnorm=0.096 kl=0.0007 clipf=0.002 ev=+0.388 r0=1.0000 entcoef=3.80e-03 lr=2.2e-04 seed=1
iter= 431 step=1382400 ep_ret=-732.888 opt_ret=-732.888 step_rew=-7.3289 opt_step=-7.3289 gap0=732.888 dret=+77.466 eval_ret=n/a pursuer_target_distance=3.225 capture=0.000 score=0.000 pol=-0.0012 val=0.0347 ent=1.5018 tot=+0.0105 agnorm=0.059 cgnorm=0.084 kl=0.0013 clipf=0.010 ev=+0.331 r0=1.0000 entcoef=3.78e-03 lr=2.2e-04 seed=1
iter= 432 step=1385600 ep_ret=-771.546 opt_ret=-771.546 step_rew=-7.7155 opt_step=-7.7155 gap0=771.546 dret=+38.808 eval_ret=n/a pursuer_target_distance=3.943 capture=0.000 score=0.000 pol=-0.0010 val=0.0268 ent=1.5149 tot=+0.0066 agnorm=0.055 cgnorm=0.066 kl=0.0011 clipf=0.005 ev=+0.429 r0=1.0000 entcoef=3.77e-03 lr=2.2e-04 seed=1
iter= 433 step=1388800 ep_ret=-856.467 opt_ret=-856.467 step_rew=-8.5647 opt_step=-8.5647 gap0=856.467 dret=-46.113 eval_ret=n/a pursuer_target_distance=4.107 capture=0.000 score=0.000 pol=-0.0014 val=0.0283 ent=1.5212 tot=+0.0070 agnorm=0.065 cgnorm=0.072 kl=0.0017 clipf=0.014 ev=+0.387 r0=1.0000 entcoef=3.75e-03 lr=2.2e-04 seed=1
iter= 434 step=1392000 ep_ret=-803.173 opt_ret=-803.173 step_rew=-8.0317 opt_step=-8.0317 gap0=803.173 dret=+7.181 eval_ret=n/a pursuer_target_distance=3.859 capture=0.000 score=0.000 pol=-0.0008 val=0.0435 ent=1.5213 tot=+0.0153 agnorm=0.042 cgnorm=0.096 kl=0.0008 clipf=0.003 ev=+0.367 r0=1.0000 entcoef=3.74e-03 lr=2.2e-04 seed=1
iter= 435 step=1395200 ep_ret=-834.808 opt_ret=-834.808 step_rew=-8.3481 opt_step=-8.3481 gap0=834.808 dret=-24.454 eval_ret=n/a pursuer_target_distance=4.346 capture=0.000 score=0.000 pol=-0.0010 val=0.0263 ent=1.5198 tot=+0.0065 agnorm=0.045 cgnorm=0.064 kl=0.0007 clipf=0.005 ev=+0.482 r0=1.0000 entcoef=3.73e-03 lr=2.2e-04 seed=1
iter= 436 step=1398400 ep_ret=-812.088 opt_ret=-812.088 step_rew=-8.1209 opt_step=-8.1209 gap0=812.088 dret=-1.734 eval_ret=n/a pursuer_target_distance=4.236 capture=0.000 score=0.000 pol=-0.0009 val=0.0412 ent=1.5159 tot=+0.0141 agnorm=0.042 cgnorm=0.070 kl=0.0007 clipf=0.003 ev=+0.359 r0=1.0000 entcoef=3.71e-03 lr=2.2e-04 seed=1
iter= 437 step=1401600 ep_ret=-821.829 opt_ret=-821.829 step_rew=-8.2183 opt_step=-8.2183 gap0=821.829 dret=-11.475 eval_ret=n/a pursuer_target_distance=4.260 capture=0.000 score=0.000 pol=-0.0007 val=0.0184 ent=1.5210 tot=+0.0029 agnorm=0.039 cgnorm=0.072 kl=0.0007 clipf=0.005 ev=+0.716 r0=1.0000 entcoef=3.70e-03 lr=2.2e-04 seed=1
iter= 438 step=1404800 ep_ret=-802.523 opt_ret=-802.523 step_rew=-8.0252 opt_step=-8.0252 gap0=802.523 dret=+7.831 eval_ret=n/a pursuer_target_distance=3.609 capture=0.000 score=0.000 pol=-0.0014 val=0.0428 ent=1.5176 tot=+0.0144 agnorm=0.056 cgnorm=0.110 kl=0.0010 clipf=0.003 ev=+0.119 r0=1.0000 entcoef=3.68e-03 lr=2.2e-04 seed=1
iter= 439 step=1408000 ep_ret=-859.525 opt_ret=-859.525 step_rew=-8.5952 opt_step=-8.5952 gap0=859.525 dret=-49.171 eval_ret=n/a pursuer_target_distance=4.525 capture=0.000 score=0.000 pol=-0.0011 val=0.0476 ent=1.5137 tot=+0.0172 agnorm=0.064 cgnorm=0.085 kl=0.0013 clipf=0.007 ev=+0.383 r0=1.0000 entcoef=3.67e-03 lr=2.1e-04 seed=1
iter= 440 step=1411200 ep_ret=-855.253 opt_ret=-855.253 step_rew=-8.5525 opt_step=-8.5525 gap0=855.253 dret=-44.899 eval_ret=-652.589 pursuer_target_distance=4.447 capture=0.000 score=0.000 pol=-0.0011 val=0.0460 ent=1.5085 tot=+0.0164 agnorm=0.054 cgnorm=0.094 kl=0.0009 clipf=0.006 ev=+0.361 r0=1.0000 entcoef=3.65e-03 lr=2.1e-04 seed=1
iter= 441 step=1414400 ep_ret=-913.963 opt_ret=-913.963 step_rew=-9.1396 opt_step=-9.1396 gap0=913.963 dret=-103.609 eval_ret=n/a pursuer_target_distance=4.406 capture=0.000 score=0.000 pol=-0.0010 val=0.0467 ent=1.5071 tot=+0.0168 agnorm=0.048 cgnorm=0.086 kl=0.0008 clipf=0.003 ev=+0.334 r0=1.0000 entcoef=3.64e-03 lr=2.1e-04 seed=1
iter= 442 step=1417600 ep_ret=-821.634 opt_ret=-821.634 step_rew=-8.2163 opt_step=-8.2163 gap0=821.634 dret=-11.280 eval_ret=n/a pursuer_target_distance=4.516 capture=0.000 score=0.000 pol=-0.0009 val=0.0279 ent=1.4926 tot=+0.0076 agnorm=0.046 cgnorm=0.071 kl=0.0008 clipf=0.004 ev=+0.386 r0=1.0000 entcoef=3.62e-03 lr=2.1e-04 seed=1
iter= 443 step=1420800 ep_ret=-852.396 opt_ret=-852.396 step_rew=-8.5240 opt_step=-8.5240 gap0=852.396 dret=-42.042 eval_ret=n/a pursuer_target_distance=3.639 capture=0.000 score=0.000 pol=-0.0010 val=0.0296 ent=1.4825 tot=+0.0085 agnorm=0.040 cgnorm=0.079 kl=0.0007 clipf=0.001 ev=+0.483 r0=1.0000 entcoef=3.61e-03 lr=2.1e-04 seed=1
iter= 444 step=1424000 ep_ret=-773.530 opt_ret=-773.530 step_rew=-7.7353 opt_step=-7.7353 gap0=773.530 dret=+36.823 eval_ret=n/a pursuer_target_distance=3.333 capture=0.000 score=0.000 pol=-0.0011 val=0.0179 ent=1.4831 tot=+0.0025 agnorm=0.054 cgnorm=0.067 kl=0.0012 clipf=0.007 ev=+0.520 r0=1.0000 entcoef=3.60e-03 lr=2.1e-04 seed=1
iter= 445 step=1427200 ep_ret=-730.838 opt_ret=-730.838 step_rew=-7.3084 opt_step=-7.3084 gap0=730.838 dret=+79.516 eval_ret=n/a pursuer_target_distance=3.808 capture=0.000 score=0.000 pol=-0.0011 val=0.0254 ent=1.4696 tot=+0.0063 agnorm=0.055 cgnorm=0.073 kl=0.0010 clipf=0.007 ev=+0.572 r0=1.0000 entcoef=3.58e-03 lr=2.1e-04 seed=1
iter= 446 step=1430400 ep_ret=-844.567 opt_ret=-844.567 step_rew=-8.4457 opt_step=-8.4457 gap0=844.567 dret=-34.213 eval_ret=n/a pursuer_target_distance=4.136 capture=0.000 score=0.000 pol=-0.0011 val=0.0322 ent=1.4506 tot=+0.0098 agnorm=0.047 cgnorm=0.087 kl=0.0008 clipf=0.004 ev=+0.477 r0=1.0000 entcoef=3.57e-03 lr=2.1e-04 seed=1
iter= 447 step=1433600 ep_ret=-766.191 opt_ret=-766.191 step_rew=-7.6619 opt_step=-7.6619 gap0=766.191 dret=+44.163 eval_ret=n/a pursuer_target_distance=3.788 capture=0.000 score=0.000 pol=-0.0018 val=0.0259 ent=1.4652 tot=+0.0059 agnorm=0.069 cgnorm=0.064 kl=0.0016 clipf=0.016 ev=+0.288 r0=1.0000 entcoef=3.55e-03 lr=2.1e-04 seed=1
iter= 448 step=1436800 ep_ret=-855.681 opt_ret=-855.681 step_rew=-8.5568 opt_step=-8.5568 gap0=855.681 dret=-45.328 eval_ret=n/a pursuer_target_distance=3.946 capture=0.000 score=0.000 pol=-0.0012 val=0.0276 ent=1.4517 tot=+0.0074 agnorm=0.062 cgnorm=0.083 kl=0.0008 clipf=0.005 ev=+0.525 r0=1.0000 entcoef=3.54e-03 lr=2.0e-04 seed=1
iter= 449 step=1440000 ep_ret=-771.643 opt_ret=-771.643 step_rew=-7.7164 opt_step=-7.7164 gap0=771.643 dret=+38.711 eval_ret=n/a pursuer_target_distance=3.950 capture=0.000 score=0.000 pol=-0.0011 val=0.0389 ent=1.4317 tot=+0.0133 agnorm=0.063 cgnorm=0.094 kl=0.0012 clipf=0.007 ev=+0.485 r0=1.0000 entcoef=3.52e-03 lr=2.0e-04 seed=1
iter= 450 step=1443200 ep_ret=-804.290 opt_ret=-804.290 step_rew=-8.0429 opt_step=-8.0429 gap0=804.290 dret=+6.063 eval_ret=n/a pursuer_target_distance=4.038 capture=0.000 score=0.000 pol=-0.0013 val=0.0315 ent=1.4412 tot=+0.0094 agnorm=0.058 cgnorm=0.073 kl=0.0011 clipf=0.009 ev=+0.649 r0=1.0000 entcoef=3.51e-03 lr=2.0e-04 seed=1
iter= 451 step=1446400 ep_ret=-814.712 opt_ret=-814.712 step_rew=-8.1471 opt_step=-8.1471 gap0=814.712 dret=-4.358 eval_ret=n/a pursuer_target_distance=4.476 capture=0.000 score=0.000 pol=-0.0012 val=0.0388 ent=1.4567 tot=+0.0131 agnorm=0.050 cgnorm=0.105 kl=0.0008 clipf=0.003 ev=+0.217 r0=1.0000 entcoef=3.50e-03 lr=2.0e-04 seed=1
iter= 452 step=1449600 ep_ret=-729.922 opt_ret=-729.922 step_rew=-7.2992 opt_step=-7.2992 gap0=729.922 dret=+80.431 eval_ret=n/a pursuer_target_distance=3.582 capture=0.000 score=0.000 pol=-0.0011 val=0.0363 ent=1.4377 tot=+0.0120 agnorm=0.055 cgnorm=0.096 kl=0.0010 clipf=0.006 ev=+0.559 r0=1.0000 entcoef=3.48e-03 lr=2.0e-04 seed=1
iter= 453 step=1452800 ep_ret=-895.111 opt_ret=-895.111 step_rew=-8.9511 opt_step=-8.9511 gap0=895.111 dret=-84.757 eval_ret=n/a pursuer_target_distance=4.574 capture=0.000 score=0.000 pol=-0.0009 val=0.0691 ent=1.4411 tot=+0.0286 agnorm=0.059 cgnorm=0.116 kl=0.0010 clipf=0.010 ev=+0.279 r0=1.0000 entcoef=3.47e-03 lr=2.0e-04 seed=1
iter= 454 step=1456000 ep_ret=-883.738 opt_ret=-883.738 step_rew=-8.8374 opt_step=-8.8374 gap0=883.738 dret=-73.384 eval_ret=n/a pursuer_target_distance=3.868 capture=0.000 score=0.000 pol=-0.0013 val=0.0461 ent=1.4319 tot=+0.0168 agnorm=0.056 cgnorm=0.104 kl=0.0013 clipf=0.009 ev=+0.437 r0=1.0000 entcoef=3.45e-03 lr=2.0e-04 seed=1
iter= 455 step=1459200 ep_ret=-851.508 opt_ret=-851.508 step_rew=-8.5151 opt_step=-8.5151 gap0=851.508 dret=-41.154 eval_ret=n/a pursuer_target_distance=4.753 capture=0.000 score=0.000 pol=-0.0014 val=0.0521 ent=1.4299 tot=+0.0198 agnorm=0.051 cgnorm=0.105 kl=0.0014 clipf=0.010 ev=+0.185 r0=1.0000 entcoef=3.44e-03 lr=2.0e-04 seed=1
iter= 456 step=1462400 ep_ret=-857.616 opt_ret=-857.616 step_rew=-8.5762 opt_step=-8.5762 gap0=857.616 dret=-47.262 eval_ret=n/a pursuer_target_distance=4.376 capture=0.000 score=0.000 pol=-0.0008 val=0.0261 ent=1.4098 tot=+0.0074 agnorm=0.054 cgnorm=0.067 kl=0.0012 clipf=0.007 ev=+0.530 r0=1.0000 entcoef=3.42e-03 lr=2.0e-04 seed=1
iter= 457 step=1465600 ep_ret=-831.492 opt_ret=-831.492 step_rew=-8.3149 opt_step=-8.3149 gap0=831.492 dret=-21.139 eval_ret=n/a pursuer_target_distance=3.342 capture=0.000 score=0.000 pol=-0.0010 val=0.0382 ent=1.4078 tot=+0.0133 agnorm=0.067 cgnorm=0.082 kl=0.0011 clipf=0.009 ev=+0.585 r0=1.0000 entcoef=3.41e-03 lr=1.9e-04 seed=1
iter= 458 step=1468800 ep_ret=-860.185 opt_ret=-860.185 step_rew=-8.6019 opt_step=-8.6019 gap0=860.185 dret=-49.831 eval_ret=n/a pursuer_target_distance=4.293 capture=0.000 score=0.000 pol=-0.0013 val=0.0413 ent=1.4220 tot=+0.0145 agnorm=0.066 cgnorm=0.093 kl=0.0010 clipf=0.006 ev=+0.283 r0=1.0000 entcoef=3.39e-03 lr=1.9e-04 seed=1
iter= 459 step=1472000 ep_ret=-792.437 opt_ret=-792.437 step_rew=-7.9244 opt_step=-7.9244 gap0=792.437 dret=+17.917 eval_ret=n/a pursuer_target_distance=3.953 capture=0.000 score=0.000 pol=-0.0010 val=0.0247 ent=1.4026 tot=+0.0066 agnorm=0.054 cgnorm=0.073 kl=0.0009 clipf=0.005 ev=+0.303 r0=1.0000 entcoef=3.38e-03 lr=1.9e-04 seed=1
iter= 460 step=1475200 ep_ret=-829.172 opt_ret=-829.172 step_rew=-8.2917 opt_step=-8.2917 gap0=829.172 dret=-18.819 eval_ret=-636.601 pursuer_target_distance=4.105 capture=0.000 score=0.000 pol=-0.0012 val=0.0388 ent=1.4060 tot=+0.0134 agnorm=0.058 cgnorm=0.112 kl=0.0015 clipf=0.008 ev=+0.394 r0=1.0000 entcoef=3.37e-03 lr=1.9e-04 seed=1
iter= 461 step=1478400 ep_ret=-776.695 opt_ret=-776.695 step_rew=-7.7670 opt_step=-7.7670 gap0=776.695 dret=+33.659 eval_ret=n/a pursuer_target_distance=4.022 capture=0.000 score=0.000 pol=-0.0010 val=0.0235 ent=1.4105 tot=+0.0060 agnorm=0.062 cgnorm=0.075 kl=0.0011 clipf=0.008 ev=+0.487 r0=1.0000 entcoef=3.35e-03 lr=1.9e-04 seed=1
iter= 462 step=1481600 ep_ret=-773.969 opt_ret=-773.969 step_rew=-7.7397 opt_step=-7.7397 gap0=773.969 dret=+36.385 eval_ret=n/a pursuer_target_distance=3.468 capture=0.000 score=0.000 pol=-0.0008 val=0.0411 ent=1.4182 tot=+0.0151 agnorm=0.048 cgnorm=0.099 kl=0.0006 clipf=0.003 ev=+0.341 r0=1.0000 entcoef=3.34e-03 lr=1.9e-04 seed=1
iter= 463 step=1484800 ep_ret=-859.927 opt_ret=-859.927 step_rew=-8.5993 opt_step=-8.5993 gap0=859.927 dret=-49.573 eval_ret=n/a pursuer_target_distance=3.959 capture=0.000 score=0.000 pol=-0.0011 val=0.0592 ent=1.4154 tot=+0.0238 agnorm=0.048 cgnorm=0.105 kl=0.0007 clipf=0.004 ev=+0.078 r0=1.0000 entcoef=3.32e-03 lr=1.9e-04 seed=1
iter= 464 step=1488000 ep_ret=-819.362 opt_ret=-819.362 step_rew=-8.1936 opt_step=-8.1936 gap0=819.362 dret=-9.008 eval_ret=n/a pursuer_target_distance=4.300 capture=0.000 score=0.000 pol=-0.0009 val=0.0431 ent=1.4145 tot=+0.0160 agnorm=0.062 cgnorm=0.097 kl=0.0009 clipf=0.005 ev=+0.232 r0=1.0000 entcoef=3.31e-03 lr=1.9e-04 seed=1
iter= 465 step=1491200 ep_ret=-813.841 opt_ret=-813.841 step_rew=-8.1384 opt_step=-8.1384 gap0=813.841 dret=-3.487 eval_ret=n/a pursuer_target_distance=3.565 capture=0.000 score=0.000 pol=-0.0011 val=0.0322 ent=1.4039 tot=+0.0104 agnorm=0.053 cgnorm=0.078 kl=0.0007 clipf=0.004 ev=-0.019 r0=1.0000 entcoef=3.29e-03 lr=1.9e-04 seed=1
iter= 466 step=1494400 ep_ret=-819.199 opt_ret=-819.199 step_rew=-8.1920 opt_step=-8.1920 gap0=819.199 dret=-8.845 eval_ret=n/a pursuer_target_distance=4.568 capture=0.000 score=0.000 pol=-0.0011 val=0.0530 ent=1.4119 tot=+0.0207 agnorm=0.061 cgnorm=0.104 kl=0.0012 clipf=0.007 ev=+0.334 r0=1.0000 entcoef=3.28e-03 lr=1.8e-04 seed=1
iter= 467 step=1497600 ep_ret=-756.817 opt_ret=-756.817 step_rew=-7.5682 opt_step=-7.5682 gap0=756.817 dret=+53.537 eval_ret=n/a pursuer_target_distance=3.789 capture=0.000 score=0.000 pol=-0.0014 val=0.0263 ent=1.4155 tot=+0.0072 agnorm=0.075 cgnorm=0.079 kl=0.0013 clipf=0.008 ev=+0.354 r0=1.0000 entcoef=3.26e-03 lr=1.8e-04 seed=1
iter= 468 step=1500800 ep_ret=-824.921 opt_ret=-824.921 step_rew=-8.2492 opt_step=-8.2492 gap0=824.921 dret=-14.568 eval_ret=n/a pursuer_target_distance=3.874 capture=0.000 score=0.000 pol=-0.0015 val=0.0360 ent=1.4366 tot=+0.0119 agnorm=0.080 cgnorm=0.077 kl=0.0017 clipf=0.014 ev=+0.398 r0=1.0000 entcoef=3.25e-03 lr=1.8e-04 seed=1
iter= 469 step=1504000 ep_ret=-720.099 opt_ret=-720.099 step_rew=-7.2010 opt_step=-7.2010 gap0=720.099 dret=+90.255 eval_ret=n/a pursuer_target_distance=3.561 capture=0.000 score=0.000 pol=-0.0010 val=0.0392 ent=1.4275 tot=+0.0140 agnorm=0.054 cgnorm=0.090 kl=0.0009 clipf=0.007 ev=+0.420 r0=1.0000 entcoef=3.24e-03 lr=1.8e-04 seed=1
iter= 470 step=1507200 ep_ret=-855.225 opt_ret=-855.225 step_rew=-8.5522 opt_step=-8.5522 gap0=855.225 dret=-44.871 eval_ret=n/a pursuer_target_distance=3.908 capture=0.000 score=0.000 pol=-0.0010 val=0.0416 ent=1.4221 tot=+0.0153 agnorm=0.043 cgnorm=0.095 kl=0.0006 clipf=0.003 ev=+0.136 r0=1.0000 entcoef=3.22e-03 lr=1.8e-04 seed=1
iter= 471 step=1510400 ep_ret=-737.870 opt_ret=-737.870 step_rew=-7.3787 opt_step=-7.3787 gap0=737.870 dret=+72.484 eval_ret=n/a pursuer_target_distance=3.731 capture=0.000 score=0.000 pol=-0.0016 val=0.0374 ent=1.4212 tot=+0.0125 agnorm=0.085 cgnorm=0.086 kl=0.0011 clipf=0.009 ev=+0.413 r0=1.0000 entcoef=3.21e-03 lr=1.8e-04 seed=1
iter= 472 step=1513600 ep_ret=-793.015 opt_ret=-793.015 step_rew=-7.9301 opt_step=-7.9301 gap0=793.015 dret=+17.339 eval_ret=n/a pursuer_target_distance=4.040 capture=0.000 score=0.000 pol=-0.0015 val=0.0226 ent=1.4302 tot=+0.0052 agnorm=0.066 cgnorm=0.067 kl=0.0013 clipf=0.008 ev=+0.456 r0=1.0000 entcoef=3.19e-03 lr=1.8e-04 seed=1
iter= 473 step=1516800 ep_ret=-799.737 opt_ret=-799.737 step_rew=-7.9974 opt_step=-7.9974 gap0=799.737 dret=+10.617 eval_ret=n/a pursuer_target_distance=3.638 capture=0.000 score=0.000 pol=-0.0010 val=0.0431 ent=1.4208 tot=+0.0160 agnorm=0.046 cgnorm=0.089 kl=0.0008 clipf=0.002 ev=+0.296 r0=1.0000 entcoef=3.18e-03 lr=1.8e-04 seed=1
iter= 474 step=1520000 ep_ret=-870.718 opt_ret=-870.718 step_rew=-8.7072 opt_step=-8.7072 gap0=870.718 dret=-60.364 eval_ret=n/a pursuer_target_distance=4.563 capture=0.000 score=0.000 pol=-0.0008 val=0.0537 ent=1.4381 tot=+0.0215 agnorm=0.050 cgnorm=0.105 kl=0.0009 clipf=0.005 ev=+0.314 r0=1.0000 entcoef=3.16e-03 lr=1.8e-04 seed=1
iter= 475 step=1523200 ep_ret=-782.373 opt_ret=-782.373 step_rew=-7.8237 opt_step=-7.8237 gap0=782.373 dret=+27.981 eval_ret=n/a pursuer_target_distance=3.187 capture=0.000 score=0.000 pol=-0.0008 val=0.0299 ent=1.3958 tot=+0.0097 agnorm=0.051 cgnorm=0.086 kl=0.0007 clipf=0.003 ev=+0.204 r0=1.0000 entcoef=3.15e-03 lr=1.7e-04 seed=1
iter= 476 step=1526400 ep_ret=-815.243 opt_ret=-815.243 step_rew=-8.1524 opt_step=-8.1524 gap0=815.243 dret=-4.889 eval_ret=n/a pursuer_target_distance=4.051 capture=0.000 score=0.000 pol=-0.0008 val=0.0712 ent=1.4089 tot=+0.0304 agnorm=0.051 cgnorm=0.118 kl=0.0007 clipf=0.004 ev=+0.202 r0=1.0000 entcoef=3.13e-03 lr=1.7e-04 seed=1
iter= 477 step=1529600 ep_ret=-779.128 opt_ret=-779.128 step_rew=-7.7913 opt_step=-7.7913 gap0=779.128 dret=+31.226 eval_ret=n/a pursuer_target_distance=3.424 capture=0.000 score=0.000 pol=-0.0009 val=0.0360 ent=1.4197 tot=+0.0127 agnorm=0.049 cgnorm=0.080 kl=0.0007 clipf=0.005 ev=+0.414 r0=1.0000 entcoef=3.12e-03 lr=1.7e-04 seed=1
iter= 478 step=1532800 ep_ret=-784.539 opt_ret=-784.539 step_rew=-7.8454 opt_step=-7.8454 gap0=784.539 dret=+25.815 eval_ret=n/a pursuer_target_distance=4.262 capture=0.000 score=0.000 pol=-0.0009 val=0.0255 ent=1.4086 tot=+0.0075 agnorm=0.042 cgnorm=0.075 kl=0.0006 clipf=0.002 ev=+0.372 r0=1.0000 entcoef=3.11e-03 lr=1.7e-04 seed=1
iter= 479 step=1536000 ep_ret=-775.868 opt_ret=-775.868 step_rew=-7.7587 opt_step=-7.7587 gap0=775.868 dret=+34.486 eval_ret=n/a pursuer_target_distance=3.610 capture=0.000 score=0.000 pol=-0.0010 val=0.0474 ent=1.3793 tot=+0.0185 agnorm=0.068 cgnorm=0.096 kl=0.0007 clipf=0.005 ev=+0.440 r0=1.0000 entcoef=3.09e-03 lr=1.7e-04 seed=1
iter= 480 step=1539200 ep_ret=-744.566 opt_ret=-744.566 step_rew=-7.4457 opt_step=-7.4457 gap0=744.566 dret=+65.787 eval_ret=-643.424 pursuer_target_distance=3.482 capture=0.000 score=0.000 pol=-0.0011 val=0.0262 ent=1.3804 tot=+0.0077 agnorm=0.066 cgnorm=0.091 kl=0.0011 clipf=0.009 ev=+0.448 r0=1.0000 entcoef=3.08e-03 lr=1.7e-04 seed=1
iter= 481 step=1542400 ep_ret=-815.536 opt_ret=-815.536 step_rew=-8.1554 opt_step=-8.1554 gap0=815.536 dret=-5.182 eval_ret=n/a pursuer_target_distance=4.035 capture=0.000 score=0.000 pol=-0.0011 val=0.0472 ent=1.3508 tot=+0.0184 agnorm=0.057 cgnorm=0.130 kl=0.0008 clipf=0.003 ev=+0.228 r0=1.0000 entcoef=3.06e-03 lr=1.7e-04 seed=1
iter= 482 step=1545600 ep_ret=-844.885 opt_ret=-844.885 step_rew=-8.4489 opt_step=-8.4489 gap0=844.885 dret=-34.531 eval_ret=n/a pursuer_target_distance=4.680 capture=0.000 score=0.000 pol=-0.0008 val=0.0533 ent=1.3665 tot=+0.0217 agnorm=0.040 cgnorm=0.099 kl=0.0007 clipf=0.003 ev=+0.254 r0=1.0000 entcoef=3.05e-03 lr=1.7e-04 seed=1
iter= 483 step=1548800 ep_ret=-851.712 opt_ret=-851.712 step_rew=-8.5171 opt_step=-8.5171 gap0=851.712 dret=-41.358 eval_ret=n/a pursuer_target_distance=4.007 capture=0.000 score=0.000 pol=-0.0010 val=0.0227 ent=1.3405 tot=+0.0063 agnorm=0.053 cgnorm=0.061 kl=0.0008 clipf=0.004 ev=+0.570 r0=1.0000 entcoef=3.03e-03 lr=1.7e-04 seed=1
iter= 484 step=1552000 ep_ret=-874.751 opt_ret=-874.751 step_rew=-8.7475 opt_step=-8.7475 gap0=874.751 dret=-64.398 eval_ret=n/a pursuer_target_distance=4.321 capture=0.000 score=0.000 pol=-0.0010 val=0.0569 ent=1.3579 tot=+0.0234 agnorm=0.050 cgnorm=0.111 kl=0.0007 clipf=0.004 ev=+0.202 r0=1.0000 entcoef=3.02e-03 lr=1.6e-04 seed=1
iter= 485 step=1555200 ep_ret=-844.956 opt_ret=-844.956 step_rew=-8.4496 opt_step=-8.4496 gap0=844.956 dret=-34.603 eval_ret=n/a pursuer_target_distance=3.795 capture=0.000 score=0.000 pol=-0.0011 val=0.0303 ent=1.3521 tot=+0.0100 agnorm=0.054 cgnorm=0.073 kl=0.0009 clipf=0.006 ev=+0.445 r0=1.0000 entcoef=3.00e-03 lr=1.6e-04 seed=1
iter= 486 step=1558400 ep_ret=-811.503 opt_ret=-811.503 step_rew=-8.1150 opt_step=-8.1150 gap0=811.503 dret=-1.149 eval_ret=n/a pursuer_target_distance=3.337 capture=0.000 score=0.000 pol=-0.0012 val=0.0382 ent=1.3248 tot=+0.0139 agnorm=0.059 cgnorm=0.085 kl=0.0011 clipf=0.008 ev=+0.392 r0=1.0000 entcoef=2.99e-03 lr=1.6e-04 seed=1
iter= 487 step=1561600 ep_ret=-903.671 opt_ret=-903.671 step_rew=-9.0367 opt_step=-9.0367 gap0=903.671 dret=-93.318 eval_ret=n/a pursuer_target_distance=4.803 capture=0.000 score=0.000 pol=-0.0016 val=0.0536 ent=1.3604 tot=+0.0211 agnorm=0.074 cgnorm=0.105 kl=0.0015 clipf=0.013 ev=+0.374 r0=1.0000 entcoef=2.98e-03 lr=1.6e-04 seed=1
iter= 488 step=1564800 ep_ret=-805.862 opt_ret=-805.862 step_rew=-8.0586 opt_step=-8.0586 gap0=805.862 dret=+4.491 eval_ret=n/a pursuer_target_distance=4.020 capture=0.000 score=0.000 pol=-0.0009 val=0.0478 ent=1.3850 tot=+0.0190 agnorm=0.050 cgnorm=0.090 kl=0.0005 clipf=0.002 ev=+0.357 r0=1.0000 entcoef=2.96e-03 lr=1.6e-04 seed=1
iter= 489 step=1568000 ep_ret=-824.170 opt_ret=-824.170 step_rew=-8.2417 opt_step=-8.2417 gap0=824.170 dret=-13.816 eval_ret=n/a pursuer_target_distance=4.256 capture=0.000 score=0.000 pol=-0.0008 val=0.0400 ent=1.3612 tot=+0.0152 agnorm=0.053 cgnorm=0.090 kl=0.0008 clipf=0.005 ev=+0.387 r0=1.0000 entcoef=2.95e-03 lr=1.6e-04 seed=1
iter= 490 step=1571200 ep_ret=-824.714 opt_ret=-824.714 step_rew=-8.2471 opt_step=-8.2471 gap0=824.714 dret=-14.360 eval_ret=n/a pursuer_target_distance=3.911 capture=0.000 score=0.000 pol=-0.0009 val=0.0431 ent=1.4054 tot=+0.0165 agnorm=0.054 cgnorm=0.105 kl=0.0007 clipf=0.003 ev=+0.353 r0=1.0000 entcoef=2.93e-03 lr=1.6e-04 seed=1
iter= 491 step=1574400 ep_ret=-743.368 opt_ret=-743.368 step_rew=-7.4337 opt_step=-7.4337 gap0=743.368 dret=+66.986 eval_ret=n/a pursuer_target_distance=3.595 capture=0.000 score=0.000 pol=-0.0009 val=0.0317 ent=1.3750 tot=+0.0109 agnorm=0.055 cgnorm=0.083 kl=0.0007 clipf=0.005 ev=+0.441 r0=1.0000 entcoef=2.92e-03 lr=1.6e-04 seed=1
iter= 492 step=1577600 ep_ret=-858.812 opt_ret=-858.812 step_rew=-8.5881 opt_step=-8.5881 gap0=858.812 dret=-48.458 eval_ret=n/a pursuer_target_distance=4.646 capture=0.000 score=0.000 pol=-0.0011 val=0.0512 ent=1.3897 tot=+0.0205 agnorm=0.049 cgnorm=0.093 kl=0.0006 clipf=0.003 ev=+0.108 r0=1.0000 entcoef=2.90e-03 lr=1.6e-04 seed=1
iter= 493 step=1580800 ep_ret=-818.014 opt_ret=-818.014 step_rew=-8.1801 opt_step=-8.1801 gap0=818.014 dret=-7.661 eval_ret=n/a pursuer_target_distance=4.074 capture=0.000 score=0.000 pol=-0.0008 val=0.0672 ent=1.3697 tot=+0.0289 agnorm=0.049 cgnorm=0.120 kl=0.0008 clipf=0.003 ev=+0.070 r0=1.0000 entcoef=2.89e-03 lr=1.5e-04 seed=1
iter= 494 step=1584000 ep_ret=-810.116 opt_ret=-810.116 step_rew=-8.1012 opt_step=-8.1012 gap0=810.116 dret=+0.238 eval_ret=n/a pursuer_target_distance=3.984 capture=0.000 score=0.000 pol=-0.0010 val=0.0413 ent=1.3277 tot=+0.0158 agnorm=0.058 cgnorm=0.087 kl=0.0006 clipf=0.003 ev=+0.269 r0=1.0000 entcoef=2.87e-03 lr=1.5e-04 seed=1
iter= 495 step=1587200 ep_ret=-806.623 opt_ret=-806.623 step_rew=-8.0662 opt_step=-8.0662 gap0=806.623 dret=+3.731 eval_ret=n/a pursuer_target_distance=4.021 capture=0.000 score=0.000 pol=-0.0010 val=0.0480 ent=1.4070 tot=+0.0190 agnorm=0.056 cgnorm=0.085 kl=0.0009 clipf=0.005 ev=+0.264 r0=1.0000 entcoef=2.86e-03 lr=1.5e-04 seed=1
iter= 496 step=1590400 ep_ret=-866.067 opt_ret=-866.067 step_rew=-8.6607 opt_step=-8.6607 gap0=866.067 dret=-55.713 eval_ret=n/a pursuer_target_distance=4.791 capture=0.000 score=0.000 pol=-0.0011 val=0.0491 ent=1.3611 tot=+0.0195 agnorm=0.057 cgnorm=0.103 kl=0.0008 clipf=0.003 ev=-0.162 r0=1.0000 entcoef=2.85e-03 lr=1.5e-04 seed=1
iter= 497 step=1593600 ep_ret=-868.686 opt_ret=-868.686 step_rew=-8.6869 opt_step=-8.6869 gap0=868.686 dret=-58.333 eval_ret=n/a pursuer_target_distance=4.342 capture=0.000 score=0.000 pol=-0.0007 val=0.0401 ent=1.3785 tot=+0.0154 agnorm=0.042 cgnorm=0.085 kl=0.0008 clipf=0.004 ev=+0.428 r0=1.0000 entcoef=2.83e-03 lr=1.5e-04 seed=1
iter= 498 step=1596800 ep_ret=-840.634 opt_ret=-840.634 step_rew=-8.4063 opt_step=-8.4063 gap0=840.634 dret=-30.280 eval_ret=n/a pursuer_target_distance=3.948 capture=0.000 score=0.000 pol=-0.0007 val=0.0355 ent=1.3573 tot=+0.0133 agnorm=0.061 cgnorm=0.084 kl=0.0007 clipf=0.003 ev=+0.179 r0=1.0000 entcoef=2.82e-03 lr=1.5e-04 seed=1
iter= 499 step=1600000 ep_ret=-827.890 opt_ret=-827.890 step_rew=-8.2789 opt_step=-8.2789 gap0=827.890 dret=-17.536 eval_ret=n/a pursuer_target_distance=3.868 capture=0.000 score=0.000 pol=-0.0009 val=0.0504 ent=1.3739 tot=+0.0205 agnorm=0.055 cgnorm=0.106 kl=0.0007 clipf=0.004 ev=+0.306 r0=1.0000 entcoef=2.80e-03 lr=1.5e-04 seed=1
iter= 500 step=1603200 ep_ret=-757.736 opt_ret=-757.736 step_rew=-7.5774 opt_step=-7.5774 gap0=757.736 dret=+52.618 eval_ret=-730.308 pursuer_target_distance=3.583 capture=0.000 score=0.000 pol=-0.0008 val=0.0279 ent=1.3467 tot=+0.0094 agnorm=0.052 cgnorm=0.075 kl=0.0007 clipf=0.003 ev=+0.519 r0=1.0000 entcoef=2.79e-03 lr=1.5e-04 seed=1
iter= 501 step=1606400 ep_ret=-809.622 opt_ret=-809.622 step_rew=-8.0962 opt_step=-8.0962 gap0=809.622 dret=+0.732 eval_ret=n/a pursuer_target_distance=3.745 capture=0.000 score=0.000 pol=-0.0006 val=0.0353 ent=1.3829 tot=+0.0132 agnorm=0.048 cgnorm=0.076 kl=0.0006 clipf=0.003 ev=+0.513 r0=1.0000 entcoef=2.77e-03 lr=1.5e-04 seed=1
iter= 502 step=1609600 ep_ret=-785.071 opt_ret=-785.071 step_rew=-7.8507 opt_step=-7.8507 gap0=785.071 dret=+25.283 eval_ret=n/a pursuer_target_distance=4.090 capture=0.000 score=0.000 pol=-0.0009 val=0.0293 ent=1.3892 tot=+0.0100 agnorm=0.056 cgnorm=0.078 kl=0.0006 clipf=0.004 ev=+0.479 r0=1.0000 entcoef=2.76e-03 lr=1.4e-04 seed=1
iter= 503 step=1612800 ep_ret=-909.342 opt_ret=-909.342 step_rew=-9.0934 opt_step=-9.0934 gap0=909.342 dret=-98.988 eval_ret=n/a pursuer_target_distance=4.413 capture=0.000 score=0.000 pol=-0.0010 val=0.0570 ent=1.4079 tot=+0.0236 agnorm=0.058 cgnorm=0.097 kl=0.0005 clipf=0.003 ev=-0.000 r0=1.0000 entcoef=2.75e-03 lr=1.4e-04 seed=1
iter= 504 step=1616000 ep_ret=-845.574 opt_ret=-845.574 step_rew=-8.4557 opt_step=-8.4557 gap0=845.574 dret=-35.220 eval_ret=n/a pursuer_target_distance=4.377 capture=0.000 score=0.000 pol=-0.0008 val=0.0471 ent=1.4036 tot=+0.0189 agnorm=0.051 cgnorm=0.097 kl=0.0004 clipf=0.002 ev=-0.186 r0=1.0000 entcoef=2.73e-03 lr=1.4e-04 seed=1
iter= 505 step=1619200 ep_ret=-793.352 opt_ret=-793.352 step_rew=-7.9335 opt_step=-7.9335 gap0=793.352 dret=+17.002 eval_ret=n/a pursuer_target_distance=3.784 capture=0.000 score=0.000 pol=-0.0014 val=0.0403 ent=1.3820 tot=+0.0150 agnorm=0.067 cgnorm=0.096 kl=0.0011 clipf=0.006 ev=+0.224 r0=1.0000 entcoef=2.72e-03 lr=1.4e-04 seed=1
iter= 506 step=1622400 ep_ret=-796.561 opt_ret=-796.561 step_rew=-7.9656 opt_step=-7.9656 gap0=796.561 dret=+13.793 eval_ret=n/a pursuer_target_distance=3.962 capture=0.000 score=0.000 pol=-0.0008 val=0.0305 ent=1.4017 tot=+0.0106 agnorm=0.051 cgnorm=0.081 kl=0.0010 clipf=0.006 ev=+0.298 r0=1.0000 entcoef=2.70e-03 lr=1.4e-04 seed=1
iter= 507 step=1625600 ep_ret=-859.242 opt_ret=-859.242 step_rew=-8.5924 opt_step=-8.5924 gap0=859.242 dret=-48.889 eval_ret=n/a pursuer_target_distance=4.527 capture=0.000 score=0.000 pol=-0.0011 val=0.0652 ent=1.3903 tot=+0.0278 agnorm=0.075 cgnorm=0.111 kl=0.0007 clipf=0.006 ev=+0.234 r0=1.0000 entcoef=2.69e-03 lr=1.4e-04 seed=1
iter= 508 step=1628800 ep_ret=-750.249 opt_ret=-750.249 step_rew=-7.5025 opt_step=-7.5025 gap0=750.249 dret=+60.105 eval_ret=n/a pursuer_target_distance=3.613 capture=0.000 score=0.000 pol=-0.0011 val=0.0448 ent=1.3507 tot=+0.0177 agnorm=0.087 cgnorm=0.082 kl=0.0006 clipf=0.003 ev=+0.267 r0=1.0000 entcoef=2.67e-03 lr=1.4e-04 seed=1
iter= 509 step=1632000 ep_ret=-863.775 opt_ret=-863.775 step_rew=-8.6377 opt_step=-8.6377 gap0=863.775 dret=-53.421 eval_ret=n/a pursuer_target_distance=4.152 capture=0.000 score=0.000 pol=-0.0007 val=0.0452 ent=1.3985 tot=+0.0182 agnorm=0.052 cgnorm=0.100 kl=0.0008 clipf=0.005 ev=+0.404 r0=1.0000 entcoef=2.66e-03 lr=1.4e-04 seed=1
iter= 510 step=1635200 ep_ret=-859.040 opt_ret=-859.040 step_rew=-8.5904 opt_step=-8.5904 gap0=859.040 dret=-48.687 eval_ret=n/a pursuer_target_distance=3.995 capture=0.000 score=0.000 pol=-0.0009 val=0.0511 ent=1.3696 tot=+0.0211 agnorm=0.050 cgnorm=0.107 kl=0.0007 clipf=0.003 ev=+0.158 r0=1.0000 entcoef=2.64e-03 lr=1.4e-04 seed=1
iter= 511 step=1638400 ep_ret=-769.499 opt_ret=-769.499 step_rew=-7.6950 opt_step=-7.6950 gap0=769.499 dret=+40.854 eval_ret=n/a pursuer_target_distance=3.567 capture=0.000 score=0.000 pol=-0.0009 val=0.0425 ent=1.3726 tot=+0.0167 agnorm=0.064 cgnorm=0.094 kl=0.0005 clipf=0.002 ev=+0.160 r0=1.0000 entcoef=2.63e-03 lr=1.3e-04 seed=1
iter= 512 step=1641600 ep_ret=-837.495 opt_ret=-837.495 step_rew=-8.3749 opt_step=-8.3749 gap0=837.495 dret=-27.141 eval_ret=n/a pursuer_target_distance=4.069 capture=0.000 score=0.000 pol=-0.0010 val=0.0215 ent=1.4052 tot=+0.0061 agnorm=0.045 cgnorm=0.065 kl=0.0006 clipf=0.003 ev=+0.556 r0=1.0000 entcoef=2.62e-03 lr=1.3e-04 seed=1
iter= 513 step=1644800 ep_ret=-734.046 opt_ret=-734.046 step_rew=-7.3405 opt_step=-7.3405 gap0=734.046 dret=+76.308 eval_ret=n/a pursuer_target_distance=3.413 capture=0.000 score=0.000 pol=-0.0013 val=0.0289 ent=1.3859 tot=+0.0096 agnorm=0.055 cgnorm=0.074 kl=0.0009 clipf=0.004 ev=+0.069 r0=1.0000 entcoef=2.60e-03 lr=1.3e-04 seed=1
iter= 514 step=1648000 ep_ret=-773.252 opt_ret=-773.252 step_rew=-7.7325 opt_step=-7.7325 gap0=773.252 dret=+37.101 eval_ret=n/a pursuer_target_distance=3.914 capture=0.000 score=0.000 pol=-0.0010 val=0.0363 ent=1.3946 tot=+0.0136 agnorm=0.050 cgnorm=0.071 kl=0.0007 clipf=0.001 ev=+0.452 r0=1.0000 entcoef=2.59e-03 lr=1.3e-04 seed=1
iter= 515 step=1651200 ep_ret=-754.333 opt_ret=-754.333 step_rew=-7.5433 opt_step=-7.5433 gap0=754.333 dret=+56.021 eval_ret=n/a pursuer_target_distance=3.515 capture=0.000 score=0.000 pol=-0.0008 val=0.0511 ent=1.3912 tot=+0.0211 agnorm=0.052 cgnorm=0.089 kl=0.0007 clipf=0.003 ev=+0.312 r0=1.0000 entcoef=2.57e-03 lr=1.3e-04 seed=1
iter= 516 step=1654400 ep_ret=-761.734 opt_ret=-761.734 step_rew=-7.6173 opt_step=-7.6173 gap0=761.734 dret=+48.620 eval_ret=n/a pursuer_target_distance=3.779 capture=0.000 score=0.000 pol=-0.0009 val=0.0475 ent=1.3785 tot=+0.0193 agnorm=0.053 cgnorm=0.087 kl=0.0007 clipf=0.004 ev=+0.391 r0=1.0000 entcoef=2.56e-03 lr=1.3e-04 seed=1
iter= 517 step=1657600 ep_ret=-766.621 opt_ret=-766.621 step_rew=-7.6662 opt_step=-7.6662 gap0=766.621 dret=+43.732 eval_ret=n/a pursuer_target_distance=4.048 capture=0.000 score=0.000 pol=-0.0007 val=0.0464 ent=1.3549 tot=+0.0191 agnorm=0.049 cgnorm=0.087 kl=0.0005 clipf=0.001 ev=+0.279 r0=1.0000 entcoef=2.54e-03 lr=1.3e-04 seed=1
iter= 518 step=1660800 ep_ret=-821.289 opt_ret=-821.289 step_rew=-8.2129 opt_step=-8.2129 gap0=821.289 dret=-10.935 eval_ret=n/a pursuer_target_distance=4.310 capture=0.000 score=0.000 pol=-0.0009 val=0.0517 ent=1.3787 tot=+0.0215 agnorm=0.051 cgnorm=0.086 kl=0.0006 clipf=0.002 ev=+0.300 r0=1.0000 entcoef=2.53e-03 lr=1.3e-04 seed=1
iter= 519 step=1664000 ep_ret=-764.084 opt_ret=-764.084 step_rew=-7.6408 opt_step=-7.6408 gap0=764.084 dret=+46.270 eval_ret=n/a pursuer_target_distance=4.011 capture=0.000 score=0.000 pol=-0.0007 val=0.0247 ent=1.3970 tot=+0.0082 agnorm=0.056 cgnorm=0.078 kl=0.0007 clipf=0.005 ev=+0.320 r0=1.0000 entcoef=2.51e-03 lr=1.3e-04 seed=1
iter= 520 step=1667200 ep_ret=-780.719 opt_ret=-780.719 step_rew=-7.8072 opt_step=-7.8072 gap0=780.719 dret=+29.635 eval_ret=-570.652 pursuer_target_distance=3.530 capture=0.000 score=0.000 pol=-0.0006 val=0.0397 ent=1.3909 tot=+0.0158 agnorm=0.044 cgnorm=0.092 kl=0.0004 clipf=0.002 ev=+0.305 r0=1.0000 entcoef=2.50e-03 lr=1.3e-04 seed=1
iter= 521 step=1670400 ep_ret=-820.066 opt_ret=-820.066 step_rew=-8.2007 opt_step=-8.2007 gap0=820.066 dret=-9.713 eval_ret=n/a pursuer_target_distance=3.762 capture=0.000 score=0.000 pol=-0.0006 val=0.0406 ent=1.3915 tot=+0.0163 agnorm=0.045 cgnorm=0.084 kl=0.0003 clipf=0.001 ev=+0.160 r0=1.0000 entcoef=2.49e-03 lr=1.2e-04 seed=1
iter= 522 step=1673600 ep_ret=-789.602 opt_ret=-789.602 step_rew=-7.8960 opt_step=-7.8960 gap0=789.602 dret=+20.752 eval_ret=n/a pursuer_target_distance=4.067 capture=0.000 score=0.000 pol=-0.0008 val=0.0483 ent=1.3974 tot=+0.0199 agnorm=0.071 cgnorm=0.089 kl=0.0006 clipf=0.003 ev=+0.295 r0=1.0000 entcoef=2.47e-03 lr=1.2e-04 seed=1
iter= 523 step=1676800 ep_ret=-755.037 opt_ret=-755.037 step_rew=-7.5504 opt_step=-7.5504 gap0=755.037 dret=+55.317 eval_ret=n/a pursuer_target_distance=3.404 capture=0.000 score=0.000 pol=-0.0005 val=0.0378 ent=1.3656 tot=+0.0151 agnorm=0.040 cgnorm=0.074 kl=0.0004 clipf=0.001 ev=+0.321 r0=1.0000 entcoef=2.46e-03 lr=1.2e-04 seed=1
iter= 524 step=1680000 ep_ret=-784.273 opt_ret=-784.273 step_rew=-7.8427 opt_step=-7.8427 gap0=784.273 dret=+26.081 eval_ret=n/a pursuer_target_distance=3.502 capture=0.000 score=0.000 pol=-0.0009 val=0.0413 ent=1.3902 tot=+0.0164 agnorm=0.059 cgnorm=0.088 kl=0.0004 clipf=0.003 ev=+0.363 r0=1.0000 entcoef=2.44e-03 lr=1.2e-04 seed=1
iter= 525 step=1683200 ep_ret=-772.176 opt_ret=-772.176 step_rew=-7.7218 opt_step=-7.7218 gap0=772.176 dret=+38.178 eval_ret=n/a pursuer_target_distance=3.879 capture=0.000 score=0.000 pol=-0.0007 val=0.0415 ent=1.3924 tot=+0.0166 agnorm=0.062 cgnorm=0.099 kl=0.0003 clipf=0.001 ev=+0.388 r0=1.0000 entcoef=2.43e-03 lr=1.2e-04 seed=1
iter= 526 step=1686400 ep_ret=-799.298 opt_ret=-799.298 step_rew=-7.9930 opt_step=-7.9930 gap0=799.298 dret=+11.056 eval_ret=n/a pursuer_target_distance=3.598 capture=0.000 score=0.000 pol=-0.0006 val=0.0416 ent=1.3773 tot=+0.0169 agnorm=0.049 cgnorm=0.080 kl=0.0004 clipf=0.002 ev=+0.133 r0=1.0000 entcoef=2.41e-03 lr=1.2e-04 seed=1
iter= 527 step=1689600 ep_ret=-710.538 opt_ret=-710.538 step_rew=-7.1054 opt_step=-7.1054 gap0=710.538 dret=+99.816 eval_ret=n/a pursuer_target_distance=3.178 capture=0.000 score=0.000 pol=-0.0006 val=0.0424 ent=1.3798 tot=+0.0173 agnorm=0.055 cgnorm=0.096 kl=0.0005 clipf=0.004 ev=+0.339 r0=1.0000 entcoef=2.40e-03 lr=1.2e-04 seed=1
iter= 528 step=1692800 ep_ret=-735.200 opt_ret=-735.200 step_rew=-7.3520 opt_step=-7.3520 gap0=735.200 dret=+75.154 eval_ret=n/a pursuer_target_distance=3.369 capture=0.000 score=0.000 pol=-0.0008 val=0.0294 ent=1.3782 tot=+0.0106 agnorm=0.051 cgnorm=0.083 kl=0.0004 clipf=0.002 ev=+0.496 r0=1.0000 entcoef=2.38e-03 lr=1.2e-04 seed=1
iter= 529 step=1696000 ep_ret=-812.718 opt_ret=-812.718 step_rew=-8.1272 opt_step=-8.1272 gap0=812.718 dret=-2.364 eval_ret=n/a pursuer_target_distance=4.310 capture=0.000 score=0.000 pol=-0.0008 val=0.0579 ent=1.3888 tot=+0.0249 agnorm=0.052 cgnorm=0.095 kl=0.0004 clipf=0.002 ev=+0.215 r0=1.0000 entcoef=2.37e-03 lr=1.2e-04 seed=1
iter= 530 step=1699200 ep_ret=-797.417 opt_ret=-797.417 step_rew=-7.9742 opt_step=-7.9742 gap0=797.417 dret=+12.937 eval_ret=n/a pursuer_target_distance=3.993 capture=0.000 score=0.000 pol=-0.0008 val=0.0318 ent=1.3489 tot=+0.0120 agnorm=0.057 cgnorm=0.077 kl=0.0005 clipf=0.004 ev=+0.454 r0=1.0000 entcoef=2.36e-03 lr=1.1e-04 seed=1
iter= 531 step=1702400 ep_ret=-763.642 opt_ret=-763.642 step_rew=-7.6364 opt_step=-7.6364 gap0=763.642 dret=+46.712 eval_ret=n/a pursuer_target_distance=3.948 capture=0.000 score=0.000 pol=-0.0008 val=0.0262 ent=1.3733 tot=+0.0091 agnorm=0.059 cgnorm=0.077 kl=0.0006 clipf=0.004 ev=+0.525 r0=1.0000 entcoef=2.34e-03 lr=1.1e-04 seed=1
iter= 532 step=1705600 ep_ret=-816.238 opt_ret=-816.238 step_rew=-8.1624 opt_step=-8.1624 gap0=816.238 dret=-5.884 eval_ret=n/a pursuer_target_distance=3.730 capture=0.000 score=0.000 pol=-0.0006 val=0.0769 ent=1.3920 tot=+0.0346 agnorm=0.044 cgnorm=0.119 kl=0.0003 clipf=0.001 ev=+0.125 r0=1.0000 entcoef=2.33e-03 lr=1.1e-04 seed=1
iter= 533 step=1708800 ep_ret=-766.234 opt_ret=-766.234 step_rew=-7.6623 opt_step=-7.6623 gap0=766.234 dret=+44.120 eval_ret=n/a pursuer_target_distance=3.921 capture=0.000 score=0.000 pol=-0.0007 val=0.0306 ent=1.3726 tot=+0.0114 agnorm=0.058 cgnorm=0.072 kl=0.0004 clipf=0.002 ev=+0.394 r0=1.0000 entcoef=2.31e-03 lr=1.1e-04 seed=1
iter= 534 step=1712000 ep_ret=-827.233 opt_ret=-827.233 step_rew=-8.2723 opt_step=-8.2723 gap0=827.233 dret=-16.879 eval_ret=n/a pursuer_target_distance=3.965 capture=0.000 score=0.000 pol=-0.0007 val=0.0444 ent=1.3803 tot=+0.0184 agnorm=0.050 cgnorm=0.106 kl=0.0003 clipf=0.001 ev=+0.341 r0=1.0000 entcoef=2.30e-03 lr=1.1e-04 seed=1
iter= 535 step=1715200 ep_ret=-815.119 opt_ret=-815.119 step_rew=-8.1512 opt_step=-8.1512 gap0=815.119 dret=-4.765 eval_ret=n/a pursuer_target_distance=4.033 capture=0.000 score=0.000 pol=-0.0006 val=0.0535 ent=1.3817 tot=+0.0230 agnorm=0.050 cgnorm=0.099 kl=0.0004 clipf=0.001 ev=+0.278 r0=1.0000 entcoef=2.28e-03 lr=1.1e-04 seed=1
iter= 536 step=1718400 ep_ret=-793.822 opt_ret=-793.822 step_rew=-7.9382 opt_step=-7.9382 gap0=793.822 dret=+16.532 eval_ret=n/a pursuer_target_distance=3.693 capture=0.000 score=0.000 pol=-0.0008 val=0.0444 ent=1.4033 tot=+0.0182 agnorm=0.053 cgnorm=0.081 kl=0.0005 clipf=0.002 ev=+0.290 r0=1.0000 entcoef=2.27e-03 lr=1.1e-04 seed=1
iter= 537 step=1721600 ep_ret=-680.879 opt_ret=-680.879 step_rew=-6.8088 opt_step=-6.8088 gap0=680.879 dret=+129.474 eval_ret=n/a pursuer_target_distance=3.391 capture=0.000 score=0.000 pol=-0.0007 val=0.0477 ent=1.3754 tot=+0.0200 agnorm=0.048 cgnorm=0.090 kl=0.0005 clipf=0.002 ev=+0.019 r0=1.0000 entcoef=2.25e-03 lr=1.1e-04 seed=1
iter= 538 step=1724800 ep_ret=-776.185 opt_ret=-776.185 step_rew=-7.7619 opt_step=-7.7619 gap0=776.185 dret=+34.168 eval_ret=n/a pursuer_target_distance=4.162 capture=0.000 score=0.000 pol=-0.0009 val=0.0420 ent=1.3941 tot=+0.0170 agnorm=0.059 cgnorm=0.079 kl=0.0008 clipf=0.005 ev=+0.426 r0=1.0000 entcoef=2.24e-03 lr=1.1e-04 seed=1
iter= 539 step=1728000 ep_ret=-747.325 opt_ret=-747.325 step_rew=-7.4732 opt_step=-7.4732 gap0=747.325 dret=+63.029 eval_ret=n/a pursuer_target_distance=3.500 capture=0.000 score=0.000 pol=-0.0006 val=0.0338 ent=1.3714 tot=+0.0133 agnorm=0.047 cgnorm=0.081 kl=0.0003 clipf=0.001 ev=+0.303 r0=1.0000 entcoef=2.23e-03 lr=1.0e-04 seed=1
iter= 540 step=1731200 ep_ret=-748.443 opt_ret=-748.443 step_rew=-7.4844 opt_step=-7.4844 gap0=748.443 dret=+61.911 eval_ret=-548.849 pursuer_target_distance=3.823 capture=0.000 score=0.000 pol=-0.0006 val=0.0373 ent=1.3563 tot=+0.0150 agnorm=0.047 cgnorm=0.093 kl=0.0003 clipf=0.001 ev=+0.300 r0=1.0000 entcoef=2.21e-03 lr=1.0e-04 seed=1
iter= 541 step=1734400 ep_ret=-762.867 opt_ret=-762.867 step_rew=-7.6287 opt_step=-7.6287 gap0=762.867 dret=+47.487 eval_ret=n/a pursuer_target_distance=3.780 capture=0.000 score=0.000 pol=-0.0006 val=0.0311 ent=1.3620 tot=+0.0119 agnorm=0.048 cgnorm=0.069 kl=0.0004 clipf=0.001 ev=+0.521 r0=1.0000 entcoef=2.20e-03 lr=1.0e-04 seed=1
iter= 542 step=1737600 ep_ret=-742.280 opt_ret=-742.280 step_rew=-7.4228 opt_step=-7.4228 gap0=742.280 dret=+68.073 eval_ret=n/a pursuer_target_distance=3.410 capture=0.000 score=0.000 pol=-0.0005 val=0.0369 ent=1.3494 tot=+0.0150 agnorm=0.036 cgnorm=0.094 kl=0.0003 clipf=0.001 ev=+0.457 r0=1.0000 entcoef=2.18e-03 lr=1.0e-04 seed=1
iter= 543 step=1740800 ep_ret=-735.938 opt_ret=-735.938 step_rew=-7.3594 opt_step=-7.3594 gap0=735.938 dret=+74.416 eval_ret=n/a pursuer_target_distance=3.828 capture=0.000 score=0.000 pol=-0.0007 val=0.0476 ent=1.3422 tot=+0.0201 agnorm=0.060 cgnorm=0.087 kl=0.0004 clipf=0.002 ev=+0.179 r0=1.0000 entcoef=2.17e-03 lr=1.0e-04 seed=1
iter= 544 step=1744000 ep_ret=-801.509 opt_ret=-801.509 step_rew=-8.0151 opt_step=-8.0151 gap0=801.509 dret=+8.845 eval_ret=n/a pursuer_target_distance=4.845 capture=0.000 score=0.000 pol=-0.0004 val=0.0335 ent=1.3656 tot=+0.0134 agnorm=0.044 cgnorm=0.071 kl=0.0003 clipf=0.002 ev=+0.413 r0=1.0000 entcoef=2.15e-03 lr=9.8e-05 seed=1
iter= 545 step=1747200 ep_ret=-732.834 opt_ret=-732.834 step_rew=-7.3283 opt_step=-7.3283 gap0=732.834 dret=+77.520 eval_ret=n/a pursuer_target_distance=3.270 capture=0.000 score=0.000 pol=-0.0006 val=0.0442 ent=1.3069 tot=+0.0187 agnorm=0.046 cgnorm=0.089 kl=0.0003 clipf=0.002 ev=+0.283 r0=1.0000 entcoef=2.14e-03 lr=9.7e-05 seed=1
iter= 546 step=1750400 ep_ret=-799.286 opt_ret=-799.286 step_rew=-7.9929 opt_step=-7.9929 gap0=799.286 dret=+11.068 eval_ret=n/a pursuer_target_distance=4.169 capture=0.000 score=0.000 pol=-0.0007 val=0.0388 ent=1.3462 tot=+0.0159 agnorm=0.055 cgnorm=0.076 kl=0.0004 clipf=0.002 ev=+0.362 r0=1.0000 entcoef=2.13e-03 lr=9.6e-05 seed=1
iter= 547 step=1753600 ep_ret=-787.979 opt_ret=-787.979 step_rew=-7.8798 opt_step=-7.8798 gap0=787.979 dret=+22.375 eval_ret=n/a pursuer_target_distance=4.160 capture=0.000 score=0.000 pol=-0.0006 val=0.0459 ent=1.3527 tot=+0.0195 agnorm=0.050 cgnorm=0.104 kl=0.0005 clipf=0.002 ev=+0.319 r0=1.0000 entcoef=2.11e-03 lr=9.5e-05 seed=1
iter= 548 step=1756800 ep_ret=-720.906 opt_ret=-720.906 step_rew=-7.2091 opt_step=-7.2091 gap0=720.906 dret=+89.447 eval_ret=n/a pursuer_target_distance=3.703 capture=0.000 score=0.000 pol=-0.0005 val=0.0430 ent=1.3526 tot=+0.0181 agnorm=0.048 cgnorm=0.089 kl=0.0004 clipf=0.002 ev=+0.447 r0=1.0000 entcoef=2.10e-03 lr=9.4e-05 seed=1
iter= 549 step=1760000 ep_ret=-758.790 opt_ret=-758.790 step_rew=-7.5879 opt_step=-7.5879 gap0=758.790 dret=+51.564 eval_ret=n/a pursuer_target_distance=3.429 capture=0.000 score=0.000 pol=-0.0007 val=0.0430 ent=1.3211 tot=+0.0180 agnorm=0.058 cgnorm=0.103 kl=0.0005 clipf=0.003 ev=+0.242 r0=1.0000 entcoef=2.08e-03 lr=9.3e-05 seed=1
iter= 550 step=1763200 ep_ret=-792.358 opt_ret=-792.358 step_rew=-7.9236 opt_step=-7.9236 gap0=792.358 dret=+17.996 eval_ret=n/a pursuer_target_distance=3.666 capture=0.000 score=0.000 pol=-0.0007 val=0.0618 ent=1.3431 tot=+0.0274 agnorm=0.054 cgnorm=0.126 kl=0.0004 clipf=0.001 ev=+0.371 r0=1.0000 entcoef=2.07e-03 lr=9.2e-05 seed=1
iter= 551 step=1766400 ep_ret=-817.182 opt_ret=-817.182 step_rew=-8.1718 opt_step=-8.1718 gap0=817.182 dret=-6.828 eval_ret=n/a pursuer_target_distance=3.934 capture=0.000 score=0.000 pol=-0.0007 val=0.0368 ent=1.3363 tot=+0.0150 agnorm=0.059 cgnorm=0.070 kl=0.0004 clipf=0.002 ev=+0.493 r0=1.0000 entcoef=2.05e-03 lr=9.1e-05 seed=1
iter= 552 step=1769600 ep_ret=-798.523 opt_ret=-798.523 step_rew=-7.9852 opt_step=-7.9852 gap0=798.523 dret=+11.831 eval_ret=n/a pursuer_target_distance=4.241 capture=0.000 score=0.000 pol=-0.0005 val=0.0452 ent=1.3089 tot=+0.0194 agnorm=0.059 cgnorm=0.082 kl=0.0003 clipf=0.001 ev=+0.399 r0=1.0000 entcoef=2.04e-03 lr=9.0e-05 seed=1
iter= 553 step=1772800 ep_ret=-832.009 opt_ret=-832.009 step_rew=-8.3201 opt_step=-8.3201 gap0=832.009 dret=-21.655 eval_ret=n/a pursuer_target_distance=4.207 capture=0.000 score=0.000 pol=-0.0006 val=0.0381 ent=1.3067 tot=+0.0158 agnorm=0.056 cgnorm=0.079 kl=0.0003 clipf=0.001 ev=+0.294 r0=1.0000 entcoef=2.02e-03 lr=8.9e-05 seed=1
iter= 554 step=1776000 ep_ret=-764.727 opt_ret=-764.727 step_rew=-7.6473 opt_step=-7.6473 gap0=764.727 dret=+45.626 eval_ret=n/a pursuer_target_distance=4.243 capture=0.000 score=0.000 pol=-0.0005 val=0.0557 ent=1.3435 tot=+0.0247 agnorm=0.060 cgnorm=0.103 kl=0.0003 clipf=0.001 ev=+0.161 r0=1.0000 entcoef=2.01e-03 lr=8.7e-05 seed=1
iter= 555 step=1779200 ep_ret=-795.279 opt_ret=-795.279 step_rew=-7.9528 opt_step=-7.9528 gap0=795.279 dret=+15.075 eval_ret=n/a pursuer_target_distance=3.800 capture=0.000 score=0.000 pol=-0.0008 val=0.0626 ent=1.2780 tot=+0.0280 agnorm=0.056 cgnorm=0.112 kl=0.0004 clipf=0.001 ev=+0.190 r0=1.0000 entcoef=2.00e-03 lr=8.6e-05 seed=1
iter= 556 step=1782400 ep_ret=-795.499 opt_ret=-795.499 step_rew=-7.9550 opt_step=-7.9550 gap0=795.499 dret=+14.854 eval_ret=n/a pursuer_target_distance=3.782 capture=0.000 score=0.000 pol=-0.0004 val=0.0540 ent=1.3078 tot=+0.0240 agnorm=0.050 cgnorm=0.089 kl=0.0003 clipf=0.001 ev=+0.305 r0=1.0000 entcoef=1.98e-03 lr=8.5e-05 seed=1
iter= 557 step=1785600 ep_ret=-736.320 opt_ret=-736.320 step_rew=-7.3632 opt_step=-7.3632 gap0=736.320 dret=+74.033 eval_ret=n/a pursuer_target_distance=3.770 capture=0.000 score=0.000 pol=-0.0004 val=0.0436 ent=1.2855 tot=+0.0188 agnorm=0.053 cgnorm=0.082 kl=0.0003 clipf=0.001 ev=+0.111 r0=1.0000 entcoef=1.97e-03 lr=8.4e-05 seed=1
iter= 558 step=1788800 ep_ret=-796.248 opt_ret=-796.248 step_rew=-7.9625 opt_step=-7.9625 gap0=796.248 dret=+14.105 eval_ret=n/a pursuer_target_distance=4.007 capture=0.000 score=0.000 pol=-0.0006 val=0.0543 ent=1.3202 tot=+0.0240 agnorm=0.053 cgnorm=0.112 kl=0.0003 clipf=0.002 ev=+0.279 r0=1.0000 entcoef=1.95e-03 lr=8.3e-05 seed=1
iter= 559 step=1792000 ep_ret=-773.985 opt_ret=-773.985 step_rew=-7.7399 opt_step=-7.7399 gap0=773.985 dret=+36.369 eval_ret=n/a pursuer_target_distance=3.239 capture=0.000 score=0.000 pol=-0.0006 val=0.0306 ent=1.3288 tot=+0.0121 agnorm=0.049 cgnorm=0.068 kl=0.0003 clipf=0.001 ev=+0.399 r0=1.0000 entcoef=1.94e-03 lr=8.2e-05 seed=1
iter= 560 step=1795200 ep_ret=-773.357 opt_ret=-773.357 step_rew=-7.7336 opt_step=-7.7336 gap0=773.357 dret=+36.997 eval_ret=-550.669 pursuer_target_distance=3.804 capture=0.000 score=0.000 pol=-0.0006 val=0.0385 ent=1.3298 tot=+0.0161 agnorm=0.063 cgnorm=0.112 kl=0.0003 clipf=0.002 ev=+0.396 r0=1.0000 entcoef=1.92e-03 lr=8.1e-05 seed=1
iter= 561 step=1798400 ep_ret=-756.606 opt_ret=-756.606 step_rew=-7.5661 opt_step=-7.5661 gap0=756.606 dret=+53.748 eval_ret=n/a pursuer_target_distance=3.607 capture=0.000 score=0.000 pol=-0.0003 val=0.0352 ent=1.3471 tot=+0.0147 agnorm=0.046 cgnorm=0.073 kl=0.0002 clipf=0.000 ev=+0.255 r0=1.0000 entcoef=1.91e-03 lr=8.0e-05 seed=1
iter= 562 step=1801600 ep_ret=-706.984 opt_ret=-706.984 step_rew=-7.0698 opt_step=-7.0698 gap0=706.984 dret=+103.370 eval_ret=n/a pursuer_target_distance=3.014 capture=0.000 score=0.000 pol=-0.0007 val=0.0444 ent=1.3651 tot=+0.0189 agnorm=0.068 cgnorm=0.114 kl=0.0003 clipf=0.002 ev=+0.357 r0=1.0000 entcoef=1.89e-03 lr=7.9e-05 seed=1
iter= 563 step=1804800 ep_ret=-662.854 opt_ret=-662.854 step_rew=-6.6285 opt_step=-6.6285 gap0=662.854 dret=+147.500 eval_ret=n/a pursuer_target_distance=3.364 capture=0.000 score=0.000 pol=-0.0003 val=0.0622 ent=1.3186 tot=+0.0283 agnorm=0.039 cgnorm=0.118 kl=0.0002 clipf=0.001 ev=+0.386 r0=1.0000 entcoef=1.88e-03 lr=7.7e-05 seed=1
iter= 564 step=1808000 ep_ret=-829.095 opt_ret=-829.095 step_rew=-8.2909 opt_step=-8.2909 gap0=829.095 dret=-18.741 eval_ret=n/a pursuer_target_distance=3.719 capture=0.000 score=0.000 pol=-0.0005 val=0.0507 ent=1.3242 tot=+0.0223 agnorm=0.056 cgnorm=0.110 kl=0.0002 clipf=0.001 ev=+0.325 r0=1.0000 entcoef=1.87e-03 lr=7.6e-05 seed=1
iter= 565 step=1811200 ep_ret=-760.147 opt_ret=-760.147 step_rew=-7.6015 opt_step=-7.6015 gap0=760.147 dret=+50.207 eval_ret=n/a pursuer_target_distance=3.676 capture=0.000 score=0.000 pol=-0.0005 val=0.0520 ent=1.3178 tot=+0.0231 agnorm=0.054 cgnorm=0.100 kl=0.0003 clipf=0.000 ev=+0.366 r0=1.0000 entcoef=1.85e-03 lr=7.5e-05 seed=1
iter= 566 step=1814400 ep_ret=-792.572 opt_ret=-792.572 step_rew=-7.9257 opt_step=-7.9257 gap0=792.572 dret=+17.782 eval_ret=n/a pursuer_target_distance=4.020 capture=0.000 score=0.000 pol=-0.0007 val=0.0476 ent=1.3085 tot=+0.0207 agnorm=0.055 cgnorm=0.100 kl=0.0003 clipf=0.002 ev=+0.377 r0=1.0000 entcoef=1.84e-03 lr=7.4e-05 seed=1
iter= 567 step=1817600 ep_ret=-774.056 opt_ret=-774.056 step_rew=-7.7406 opt_step=-7.7406 gap0=774.056 dret=+36.298 eval_ret=n/a pursuer_target_distance=3.906 capture=0.000 score=0.000 pol=-0.0005 val=0.0396 ent=1.3257 tot=+0.0169 agnorm=0.051 cgnorm=0.088 kl=0.0003 clipf=0.001 ev=+0.438 r0=1.0000 entcoef=1.82e-03 lr=7.3e-05 seed=1
iter= 568 step=1820800 ep_ret=-789.856 opt_ret=-789.856 step_rew=-7.8986 opt_step=-7.8986 gap0=789.856 dret=+20.498 eval_ret=n/a pursuer_target_distance=3.873 capture=0.000 score=0.000 pol=-0.0006 val=0.0353 ent=1.3234 tot=+0.0147 agnorm=0.056 cgnorm=0.071 kl=0.0003 clipf=0.001 ev=+0.402 r0=1.0000 entcoef=1.81e-03 lr=7.2e-05 seed=1
iter= 569 step=1824000 ep_ret=-711.546 opt_ret=-711.546 step_rew=-7.1155 opt_step=-7.1155 gap0=711.546 dret=+98.807 eval_ret=n/a pursuer_target_distance=3.362 capture=0.000 score=0.000 pol=-0.0003 val=0.0386 ent=1.3139 tot=+0.0166 agnorm=0.045 cgnorm=0.105 kl=0.0001 clipf=0.000 ev=+0.465 r0=1.0000 entcoef=1.79e-03 lr=7.1e-05 seed=1
iter= 570 step=1827200 ep_ret=-736.408 opt_ret=-736.408 step_rew=-7.3641 opt_step=-7.3641 gap0=736.408 dret=+73.946 eval_ret=n/a pursuer_target_distance=3.665 capture=0.000 score=0.000 pol=-0.0009 val=0.0533 ent=1.2903 tot=+0.0235 agnorm=0.086 cgnorm=0.108 kl=0.0007 clipf=0.006 ev=+0.123 r0=1.0000 entcoef=1.78e-03 lr=7.0e-05 seed=1
iter= 571 step=1830400 ep_ret=-774.484 opt_ret=-774.484 step_rew=-7.7448 opt_step=-7.7448 gap0=774.484 dret=+35.869 eval_ret=n/a pursuer_target_distance=3.868 capture=0.000 score=0.000 pol=-0.0007 val=0.0368 ent=1.3310 tot=+0.0154 agnorm=0.060 cgnorm=0.093 kl=0.0004 clipf=0.002 ev=+0.435 r0=1.0000 entcoef=1.76e-03 lr=6.9e-05 seed=1
iter= 572 step=1833600 ep_ret=-730.112 opt_ret=-730.112 step_rew=-7.3011 opt_step=-7.3011 gap0=730.112 dret=+80.242 eval_ret=n/a pursuer_target_distance=3.262 capture=0.000 score=0.000 pol=-0.0004 val=0.0491 ent=1.2860 tot=+0.0219 agnorm=0.060 cgnorm=0.090 kl=0.0003 clipf=0.001 ev=+0.134 r0=1.0000 entcoef=1.75e-03 lr=6.8e-05 seed=1
iter= 573 step=1836800 ep_ret=-759.148 opt_ret=-759.148 step_rew=-7.5915 opt_step=-7.5915 gap0=759.148 dret=+51.206 eval_ret=n/a pursuer_target_distance=3.710 capture=0.000 score=0.000 pol=-0.0007 val=0.0448 ent=1.3409 tot=+0.0194 agnorm=0.069 cgnorm=0.106 kl=0.0004 clipf=0.003 ev=+0.444 r0=1.0000 entcoef=1.74e-03 lr=6.6e-05 seed=1
iter= 574 step=1840000 ep_ret=-763.163 opt_ret=-763.163 step_rew=-7.6316 opt_step=-7.6316 gap0=763.163 dret=+47.190 eval_ret=n/a pursuer_target_distance=3.658 capture=0.000 score=0.000 pol=-0.0004 val=0.0633 ent=1.3187 tot=+0.0290 agnorm=0.057 cgnorm=0.125 kl=0.0002 clipf=0.001 ev=+0.267 r0=1.0000 entcoef=1.72e-03 lr=6.5e-05 seed=1
iter= 575 step=1843200 ep_ret=-751.367 opt_ret=-751.367 step_rew=-7.5137 opt_step=-7.5137 gap0=751.367 dret=+58.986 eval_ret=n/a pursuer_target_distance=3.670 capture=0.000 score=0.000 pol=-0.0005 val=0.0527 ent=1.3041 tot=+0.0237 agnorm=0.056 cgnorm=0.101 kl=0.0003 clipf=0.002 ev=+0.209 r0=1.0000 entcoef=1.71e-03 lr=6.4e-05 seed=1
iter= 576 step=1846400 ep_ret=-737.713 opt_ret=-737.713 step_rew=-7.3771 opt_step=-7.3771 gap0=737.713 dret=+72.641 eval_ret=n/a pursuer_target_distance=4.049 capture=0.000 score=0.000 pol=-0.0005 val=0.0519 ent=1.2979 tot=+0.0233 agnorm=0.050 cgnorm=0.097 kl=0.0002 clipf=0.000 ev=+0.347 r0=1.0000 entcoef=1.69e-03 lr=6.3e-05 seed=1
iter= 577 step=1849600 ep_ret=-746.924 opt_ret=-746.924 step_rew=-7.4692 opt_step=-7.4692 gap0=746.924 dret=+63.430 eval_ret=n/a pursuer_target_distance=3.665 capture=0.000 score=0.000 pol=-0.0004 val=0.0290 ent=1.3136 tot=+0.0119 agnorm=0.051 cgnorm=0.078 kl=0.0003 clipf=0.001 ev=+0.573 r0=1.0000 entcoef=1.68e-03 lr=6.2e-05 seed=1
iter= 578 step=1852800 ep_ret=-801.051 opt_ret=-801.051 step_rew=-8.0105 opt_step=-8.0105 gap0=801.051 dret=+9.303 eval_ret=n/a pursuer_target_distance=4.510 capture=0.000 score=0.000 pol=-0.0006 val=0.0364 ent=1.3004 tot=+0.0154 agnorm=0.060 cgnorm=0.095 kl=0.0003 clipf=0.001 ev=+0.267 r0=1.0000 entcoef=1.66e-03 lr=6.1e-05 seed=1
iter= 579 step=1856000 ep_ret=-753.835 opt_ret=-753.835 step_rew=-7.5383 opt_step=-7.5383 gap0=753.835 dret=+56.519 eval_ret=n/a pursuer_target_distance=3.693 capture=0.000 score=0.000 pol=-0.0006 val=0.0531 ent=1.2871 tot=+0.0238 agnorm=0.067 cgnorm=0.095 kl=0.0003 clipf=0.001 ev=+0.442 r0=1.0000 entcoef=1.65e-03 lr=6.0e-05 seed=1
iter= 580 step=1859200 ep_ret=-768.077 opt_ret=-768.077 step_rew=-7.6808 opt_step=-7.6808 gap0=768.077 dret=+42.276 eval_ret=-531.902 pursuer_target_distance=3.262 capture=0.000 score=0.000 pol=-0.0006 val=0.0343 ent=1.3145 tot=+0.0144 agnorm=0.063 cgnorm=0.100 kl=0.0003 clipf=0.001 ev=+0.486 r0=1.0000 entcoef=1.63e-03 lr=5.9e-05 seed=1
iter= 581 step=1862400 ep_ret=-775.976 opt_ret=-775.976 step_rew=-7.7598 opt_step=-7.7598 gap0=775.976 dret=+34.378 eval_ret=n/a pursuer_target_distance=3.927 capture=0.000 score=0.000 pol=-0.0004 val=0.0564 ent=1.2990 tot=+0.0257 agnorm=0.058 cgnorm=0.113 kl=0.0003 clipf=0.002 ev=+0.258 r0=1.0000 entcoef=1.62e-03 lr=5.8e-05 seed=1
iter= 582 step=1865600 ep_ret=-761.873 opt_ret=-761.873 step_rew=-7.6187 opt_step=-7.6187 gap0=761.873 dret=+48.480 eval_ret=n/a pursuer_target_distance=3.387 capture=0.000 score=0.000 pol=-0.0005 val=0.0600 ent=1.2954 tot=+0.0274 agnorm=0.053 cgnorm=0.122 kl=0.0002 clipf=0.001 ev=+0.278 r0=1.0000 entcoef=1.61e-03 lr=5.6e-05 seed=1
iter= 583 step=1868800 ep_ret=-777.388 opt_ret=-777.388 step_rew=-7.7739 opt_step=-7.7739 gap0=777.388 dret=+32.966 eval_ret=n/a pursuer_target_distance=3.575 capture=0.000 score=0.000 pol=-0.0004 val=0.0460 ent=1.2851 tot=+0.0206 agnorm=0.054 cgnorm=0.110 kl=0.0001 clipf=0.000 ev=+0.471 r0=1.0000 entcoef=1.59e-03 lr=5.5e-05 seed=1
iter= 584 step=1872000 ep_ret=-691.918 opt_ret=-691.918 step_rew=-6.9192 opt_step=-6.9192 gap0=691.918 dret=+118.436 eval_ret=n/a pursuer_target_distance=3.179 capture=0.000 score=0.000 pol=-0.0004 val=0.0448 ent=1.2595 tot=+0.0200 agnorm=0.055 cgnorm=0.098 kl=0.0001 clipf=0.000 ev=+0.313 r0=1.0000 entcoef=1.58e-03 lr=5.4e-05 seed=1
iter= 585 step=1875200 ep_ret=-703.778 opt_ret=-703.778 step_rew=-7.0378 opt_step=-7.0378 gap0=703.778 dret=+106.575 eval_ret=n/a pursuer_target_distance=2.798 capture=0.000 score=0.000 pol=-0.0004 val=0.0418 ent=1.2469 tot=+0.0186 agnorm=0.055 cgnorm=0.094 kl=0.0003 clipf=0.002 ev=+0.445 r0=1.0000 entcoef=1.56e-03 lr=5.3e-05 seed=1
iter= 586 step=1878400 ep_ret=-757.923 opt_ret=-757.923 step_rew=-7.5792 opt_step=-7.5792 gap0=757.923 dret=+52.431 eval_ret=n/a pursuer_target_distance=3.518 capture=0.000 score=0.000 pol=-0.0003 val=0.0318 ent=1.2839 tot=+0.0136 agnorm=0.050 cgnorm=0.081 kl=0.0001 clipf=0.000 ev=+0.347 r0=1.0000 entcoef=1.55e-03 lr=5.2e-05 seed=1
iter= 587 step=1881600 ep_ret=-843.953 opt_ret=-843.953 step_rew=-8.4395 opt_step=-8.4395 gap0=843.953 dret=-33.599 eval_ret=n/a pursuer_target_distance=4.022 capture=0.000 score=0.000 pol=-0.0004 val=0.0746 ent=1.2696 tot=+0.0349 agnorm=0.060 cgnorm=0.110 kl=0.0002 clipf=0.001 ev=+0.325 r0=1.0000 entcoef=1.53e-03 lr=5.1e-05 seed=1
iter= 588 step=1884800 ep_ret=-709.863 opt_ret=-709.863 step_rew=-7.0986 opt_step=-7.0986 gap0=709.863 dret=+100.491 eval_ret=n/a pursuer_target_distance=3.222 capture=0.000 score=0.000 pol=-0.0004 val=0.0386 ent=1.2673 tot=+0.0170 agnorm=0.083 cgnorm=0.097 kl=0.0002 clipf=0.001 ev=+0.403 r0=1.0000 entcoef=1.52e-03 lr=5.0e-05 seed=1
iter= 589 step=1888000 ep_ret=-795.791 opt_ret=-795.791 step_rew=-7.9579 opt_step=-7.9579 gap0=795.791 dret=+14.563 eval_ret=n/a pursuer_target_distance=3.845 capture=0.000 score=0.000 pol=-0.0004 val=0.0650 ent=1.2634 tot=+0.0301 agnorm=0.061 cgnorm=0.109 kl=0.0002 clipf=0.001 ev=+0.230 r0=1.0000 entcoef=1.50e-03 lr=4.9e-05 seed=1
iter= 590 step=1891200 ep_ret=-714.301 opt_ret=-714.301 step_rew=-7.1430 opt_step=-7.1430 gap0=714.301 dret=+96.053 eval_ret=n/a pursuer_target_distance=3.069 capture=0.000 score=0.000 pol=-0.0007 val=0.0409 ent=1.2752 tot=+0.0179 agnorm=0.056 cgnorm=0.105 kl=0.0003 clipf=0.002 ev=+0.283 r0=1.0000 entcoef=1.49e-03 lr=4.8e-05 seed=1
iter= 591 step=1894400 ep_ret=-796.649 opt_ret=-796.649 step_rew=-7.9665 opt_step=-7.9665 gap0=796.649 dret=+13.705 eval_ret=n/a pursuer_target_distance=4.067 capture=0.000 score=0.000 pol=-0.0003 val=0.0745 ent=1.2388 tot=+0.0351 agnorm=0.047 cgnorm=0.116 kl=0.0002 clipf=0.000 ev=+0.346 r0=1.0000 entcoef=1.48e-03 lr=4.6e-05 seed=1
iter= 592 step=1897600 ep_ret=-759.361 opt_ret=-759.361 step_rew=-7.5936 opt_step=-7.5936 gap0=759.361 dret=+50.992 eval_ret=n/a pursuer_target_distance=4.002 capture=0.000 score=0.000 pol=-0.0004 val=0.0482 ent=1.2395 tot=+0.0219 agnorm=0.055 cgnorm=0.115 kl=0.0001 clipf=0.000 ev=+0.441 r0=1.0000 entcoef=1.46e-03 lr=4.5e-05 seed=1
iter= 593 step=1900800 ep_ret=-758.308 opt_ret=-758.308 step_rew=-7.5831 opt_step=-7.5831 gap0=758.308 dret=+52.046 eval_ret=n/a pursuer_target_distance=4.131 capture=0.000 score=0.000 pol=-0.0004 val=0.0495 ent=1.2692 tot=+0.0226 agnorm=0.061 cgnorm=0.118 kl=0.0001 clipf=0.000 ev=+0.341 r0=1.0000 entcoef=1.45e-03 lr=4.4e-05 seed=1
iter= 594 step=1904000 ep_ret=-753.381 opt_ret=-753.381 step_rew=-7.5338 opt_step=-7.5338 gap0=753.381 dret=+56.973 eval_ret=n/a pursuer_target_distance=3.642 capture=0.000 score=0.000 pol=-0.0003 val=0.0656 ent=1.2813 tot=+0.0306 agnorm=0.073 cgnorm=0.114 kl=0.0002 clipf=0.002 ev=+0.313 r0=1.0000 entcoef=1.43e-03 lr=4.3e-05 seed=1
iter= 595 step=1907200 ep_ret=-764.073 opt_ret=-764.073 step_rew=-7.6407 opt_step=-7.6407 gap0=764.073 dret=+46.280 eval_ret=n/a pursuer_target_distance=4.012 capture=0.000 score=0.000 pol=-0.0002 val=0.0403 ent=1.2601 tot=+0.0182 agnorm=0.044 cgnorm=0.089 kl=0.0001 clipf=0.000 ev=+0.462 r0=1.0000 entcoef=1.42e-03 lr=4.2e-05 seed=1
iter= 596 step=1910400 ep_ret=-725.567 opt_ret=-725.567 step_rew=-7.2557 opt_step=-7.2557 gap0=725.567 dret=+84.787 eval_ret=n/a pursuer_target_distance=3.403 capture=0.000 score=0.000 pol=-0.0003 val=0.0482 ent=1.2228 tot=+0.0220 agnorm=0.055 cgnorm=0.096 kl=0.0002 clipf=0.001 ev=+0.361 r0=1.0000 entcoef=1.40e-03 lr=4.1e-05 seed=1
iter= 597 step=1913600 ep_ret=-812.212 opt_ret=-812.212 step_rew=-8.1221 opt_step=-8.1221 gap0=812.212 dret=-1.859 eval_ret=n/a pursuer_target_distance=3.986 capture=0.000 score=0.000 pol=-0.0003 val=0.0662 ent=1.2755 tot=+0.0311 agnorm=0.049 cgnorm=0.140 kl=0.0001 clipf=0.000 ev=+0.074 r0=1.0000 entcoef=1.39e-03 lr=4.0e-05 seed=1
iter= 598 step=1916800 ep_ret=-837.460 opt_ret=-837.460 step_rew=-8.3746 opt_step=-8.3746 gap0=837.460 dret=-27.106 eval_ret=n/a pursuer_target_distance=3.971 capture=0.000 score=0.000 pol=-0.0003 val=0.0680 ent=1.2954 tot=+0.0320 agnorm=0.050 cgnorm=0.114 kl=0.0001 clipf=0.001 ev=+0.281 r0=1.0000 entcoef=1.37e-03 lr=3.9e-05 seed=1
iter= 599 step=1920000 ep_ret=-723.302 opt_ret=-723.302 step_rew=-7.2330 opt_step=-7.2330 gap0=723.302 dret=+87.052 eval_ret=n/a pursuer_target_distance=3.863 capture=0.000 score=0.000 pol=-0.0004 val=0.0572 ent=1.2669 tot=+0.0265 agnorm=0.073 cgnorm=0.109 kl=0.0001 clipf=0.001 ev=+0.392 r0=1.0000 entcoef=1.36e-03 lr=3.8e-05 seed=1
iter= 600 step=1923200 ep_ret=-763.581 opt_ret=-763.581 step_rew=-7.6358 opt_step=-7.6358 gap0=763.581 dret=+46.772 eval_ret=-532.877 pursuer_target_distance=3.905 capture=0.000 score=0.000 pol=-0.0005 val=0.0446 ent=1.3027 tot=+0.0201 agnorm=0.083 cgnorm=0.100 kl=0.0002 clipf=0.002 ev=+0.511 r0=1.0000 entcoef=1.35e-03 lr=3.7e-05 seed=1
iter= 601 step=1926400 ep_ret=-746.593 opt_ret=-746.593 step_rew=-7.4659 opt_step=-7.4659 gap0=746.593 dret=+63.761 eval_ret=n/a pursuer_target_distance=3.494 capture=0.000 score=0.000 pol=-0.0002 val=0.0563 ent=1.2634 tot=+0.0263 agnorm=0.057 cgnorm=0.095 kl=0.0001 clipf=0.000 ev=+0.363 r0=1.0000 entcoef=1.33e-03 lr=3.5e-05 seed=1
iter= 602 step=1929600 ep_ret=-737.366 opt_ret=-737.366 step_rew=-7.3737 opt_step=-7.3737 gap0=737.366 dret=+72.988 eval_ret=n/a pursuer_target_distance=4.000 capture=0.000 score=0.000 pol=-0.0003 val=0.0495 ent=1.2597 tot=+0.0228 agnorm=0.060 cgnorm=0.116 kl=0.0002 clipf=0.001 ev=+0.254 r0=1.0000 entcoef=1.32e-03 lr=3.4e-05 seed=1
iter= 603 step=1932800 ep_ret=-775.798 opt_ret=-775.798 step_rew=-7.7580 opt_step=-7.7580 gap0=775.798 dret=+34.556 eval_ret=n/a pursuer_target_distance=4.036 capture=0.000 score=0.000 pol=-0.0002 val=0.0593 ent=1.2964 tot=+0.0277 agnorm=0.054 cgnorm=0.118 kl=0.0001 clipf=0.000 ev=+0.259 r0=1.0000 entcoef=1.30e-03 lr=3.3e-05 seed=1
iter= 604 step=1936000 ep_ret=-848.404 opt_ret=-848.404 step_rew=-8.4840 opt_step=-8.4840 gap0=848.404 dret=-38.050 eval_ret=n/a pursuer_target_distance=4.299 capture=0.000 score=0.000 pol=-0.0002 val=0.0538 ent=1.2714 tot=+0.0250 agnorm=0.050 cgnorm=0.110 kl=0.0001 clipf=0.000 ev=+0.214 r0=1.0000 entcoef=1.29e-03 lr=3.2e-05 seed=1
iter= 605 step=1939200 ep_ret=-829.865 opt_ret=-829.865 step_rew=-8.2987 opt_step=-8.2987 gap0=829.865 dret=-19.512 eval_ret=n/a pursuer_target_distance=4.623 capture=0.000 score=0.000 pol=-0.0003 val=0.0752 ent=1.2698 tot=+0.0357 agnorm=0.051 cgnorm=0.116 kl=0.0001 clipf=0.000 ev=+0.275 r0=1.0000 entcoef=1.27e-03 lr=3.1e-05 seed=1
iter= 606 step=1942400 ep_ret=-759.569 opt_ret=-759.569 step_rew=-7.5957 opt_step=-7.5957 gap0=759.569 dret=+50.785 eval_ret=n/a pursuer_target_distance=3.483 capture=0.000 score=0.000 pol=-0.0002 val=0.0507 ent=1.2453 tot=+0.0235 agnorm=0.053 cgnorm=0.120 kl=0.0001 clipf=0.000 ev=+0.360 r0=1.0000 entcoef=1.26e-03 lr=3.0e-05 seed=1
iter= 607 step=1945600 ep_ret=-752.544 opt_ret=-752.544 step_rew=-7.5254 opt_step=-7.5254 gap0=752.544 dret=+57.810 eval_ret=n/a pursuer_target_distance=3.563 capture=0.000 score=0.000 pol=-0.0002 val=0.0360 ent=1.2537 tot=+0.0163 agnorm=0.046 cgnorm=0.093 kl=0.0001 clipf=0.000 ev=+0.503 r0=1.0000 entcoef=1.25e-03 lr=2.9e-05 seed=1
iter= 608 step=1948800 ep_ret=-820.025 opt_ret=-820.025 step_rew=-8.2003 opt_step=-8.2003 gap0=820.025 dret=-9.672 eval_ret=n/a pursuer_target_distance=4.159 capture=0.000 score=0.000 pol=-0.0002 val=0.0607 ent=1.2908 tot=+0.0286 agnorm=0.065 cgnorm=0.121 kl=0.0000 clipf=0.000 ev=+0.256 r0=1.0000 entcoef=1.23e-03 lr=2.8e-05 seed=1
iter= 609 step=1952000 ep_ret=-764.442 opt_ret=-764.442 step_rew=-7.6444 opt_step=-7.6444 gap0=764.442 dret=+45.912 eval_ret=n/a pursuer_target_distance=3.710 capture=0.000 score=0.000 pol=-0.0003 val=0.0425 ent=1.2783 tot=+0.0194 agnorm=0.058 cgnorm=0.101 kl=0.0001 clipf=0.000 ev=+0.416 r0=1.0000 entcoef=1.22e-03 lr=2.7e-05 seed=1
iter= 610 step=1955200 ep_ret=-745.601 opt_ret=-745.601 step_rew=-7.4560 opt_step=-7.4560 gap0=745.601 dret=+64.753 eval_ret=n/a pursuer_target_distance=3.638 capture=0.000 score=0.000 pol=-0.0002 val=0.0486 ent=1.2650 tot=+0.0226 agnorm=0.048 cgnorm=0.128 kl=0.0001 clipf=0.000 ev=+0.224 r0=1.0000 entcoef=1.20e-03 lr=2.5e-05 seed=1
iter= 611 step=1958400 ep_ret=-817.106 opt_ret=-817.106 step_rew=-8.1711 opt_step=-8.1711 gap0=817.106 dret=-6.752 eval_ret=n/a pursuer_target_distance=4.484 capture=0.000 score=0.000 pol=-0.0002 val=0.0466 ent=1.2777 tot=+0.0216 agnorm=0.065 cgnorm=0.106 kl=0.0001 clipf=0.000 ev=+0.264 r0=1.0000 entcoef=1.19e-03 lr=2.4e-05 seed=1
iter= 612 step=1961600 ep_ret=-785.235 opt_ret=-785.235 step_rew=-7.8524 opt_step=-7.8524 gap0=785.235 dret=+25.118 eval_ret=n/a pursuer_target_distance=3.456 capture=0.000 score=0.000 pol=-0.0002 val=0.0501 ent=1.2701 tot=+0.0234 agnorm=0.063 cgnorm=0.120 kl=0.0000 clipf=0.000 ev=+0.370 r0=1.0000 entcoef=1.17e-03 lr=2.3e-05 seed=1
iter= 613 step=1964800 ep_ret=-769.805 opt_ret=-769.805 step_rew=-7.6980 opt_step=-7.6980 gap0=769.805 dret=+40.549 eval_ret=n/a pursuer_target_distance=3.519 capture=0.000 score=0.000 pol=-0.0002 val=0.0389 ent=1.2932 tot=+0.0177 agnorm=0.062 cgnorm=0.104 kl=0.0000 clipf=0.000 ev=+0.409 r0=1.0000 entcoef=1.16e-03 lr=2.2e-05 seed=1
iter= 614 step=1968000 ep_ret=-686.221 opt_ret=-686.221 step_rew=-6.8622 opt_step=-6.8622 gap0=686.221 dret=+124.132 eval_ret=n/a pursuer_target_distance=3.283 capture=0.000 score=0.000 pol=-0.0002 val=0.0482 ent=1.2325 tot=+0.0225 agnorm=0.047 cgnorm=0.122 kl=0.0000 clipf=0.000 ev=+0.369 r0=1.0000 entcoef=1.14e-03 lr=2.1e-05 seed=1
iter= 615 step=1971200 ep_ret=-781.240 opt_ret=-781.240 step_rew=-7.8124 opt_step=-7.8124 gap0=781.240 dret=+29.113 eval_ret=n/a pursuer_target_distance=4.233 capture=0.000 score=0.000 pol=-0.0002 val=0.0480 ent=1.2804 tot=+0.0224 agnorm=0.060 cgnorm=0.106 kl=0.0000 clipf=0.000 ev=+0.427 r0=1.0000 entcoef=1.13e-03 lr=2.0e-05 seed=1
iter= 616 step=1974400 ep_ret=-782.346 opt_ret=-782.346 step_rew=-7.8235 opt_step=-7.8235 gap0=782.346 dret=+28.008 eval_ret=n/a pursuer_target_distance=3.602 capture=0.000 score=0.000 pol=-0.0002 val=0.0597 ent=1.2473 tot=+0.0283 agnorm=0.056 cgnorm=0.117 kl=0.0000 clipf=0.000 ev=+0.200 r0=1.0000 entcoef=1.12e-03 lr=1.9e-05 seed=1
iter= 617 step=1977600 ep_ret=-767.450 opt_ret=-767.450 step_rew=-7.6745 opt_step=-7.6745 gap0=767.450 dret=+42.904 eval_ret=n/a pursuer_target_distance=4.103 capture=0.000 score=0.000 pol=-0.0002 val=0.0390 ent=1.2341 tot=+0.0180 agnorm=0.064 cgnorm=0.104 kl=0.0000 clipf=0.000 ev=+0.361 r0=1.0000 entcoef=1.10e-03 lr=1.8e-05 seed=1
iter= 618 step=1980800 ep_ret=-834.983 opt_ret=-834.983 step_rew=-8.3498 opt_step=-8.3498 gap0=834.983 dret=-24.629 eval_ret=n/a pursuer_target_distance=4.073 capture=0.000 score=0.000 pol=-0.0001 val=0.0499 ent=1.2620 tot=+0.0235 agnorm=0.044 cgnorm=0.093 kl=0.0000 clipf=0.000 ev=+0.567 r0=1.0000 entcoef=1.09e-03 lr=1.7e-05 seed=1
iter= 619 step=1984000 ep_ret=-852.947 opt_ret=-852.947 step_rew=-8.5295 opt_step=-8.5295 gap0=852.947 dret=-42.593 eval_ret=n/a pursuer_target_distance=4.062 capture=0.000 score=0.000 pol=-0.0001 val=0.0650 ent=1.2642 tot=+0.0310 agnorm=0.049 cgnorm=0.112 kl=0.0000 clipf=0.000 ev=+0.269 r0=1.0000 entcoef=1.07e-03 lr=1.6e-05 seed=1
iter= 620 step=1987200 ep_ret=-792.915 opt_ret=-792.915 step_rew=-7.9292 opt_step=-7.9292 gap0=792.915 dret=+17.439 eval_ret=-533.832 pursuer_target_distance=4.803 capture=0.000 score=0.000 pol=-0.0001 val=0.0889 ent=1.3036 tot=+0.0429 agnorm=0.053 cgnorm=0.134 kl=0.0000 clipf=0.000 ev=+0.282 r0=1.0000 entcoef=1.06e-03 lr=1.4e-05 seed=1
iter= 621 step=1990400 ep_ret=-809.223 opt_ret=-809.223 step_rew=-8.0922 opt_step=-8.0922 gap0=809.223 dret=+1.131 eval_ret=n/a pursuer_target_distance=3.510 capture=0.000 score=0.000 pol=-0.0002 val=0.0489 ent=1.3005 tot=+0.0229 agnorm=0.067 cgnorm=0.093 kl=0.0000 clipf=0.000 ev=+0.226 r0=1.0000 entcoef=1.04e-03 lr=1.3e-05 seed=1
iter= 622 step=1993600 ep_ret=-739.573 opt_ret=-739.573 step_rew=-7.3957 opt_step=-7.3957 gap0=739.573 dret=+70.781 eval_ret=n/a pursuer_target_distance=4.270 capture=0.000 score=0.000 pol=-0.0002 val=0.0775 ent=1.2445 tot=+0.0372 agnorm=0.061 cgnorm=0.146 kl=0.0001 clipf=0.000 ev=+0.218 r0=1.0000 entcoef=1.03e-03 lr=1.2e-05 seed=1
iter= 623 step=1996800 ep_ret=-768.988 opt_ret=-768.988 step_rew=-7.6899 opt_step=-7.6899 gap0=768.988 dret=+41.365 eval_ret=n/a pursuer_target_distance=3.902 capture=0.000 score=0.000 pol=-0.0002 val=0.0455 ent=1.2368 tot=+0.0213 agnorm=0.056 cgnorm=0.088 kl=0.0000 clipf=0.000 ev=+0.061 r0=1.0000 entcoef=1.01e-03 lr=1.1e-05 seed=1
iter= 624 step=2000000 ep_ret=-705.732 opt_ret=-705.732 step_rew=-7.0573 opt_step=-7.0573 gap0=705.732 dret=+104.621 eval_ret=-533.830 pursuer_target_distance=2.719 capture=0.000 score=0.000 pol=-0.0001 val=0.0531 ent=1.2603 tot=+0.0253 agnorm=0.051 cgnorm=0.133 kl=0.0000 clipf=0.000 ev=+0.301 r0=1.0000 entcoef=1.00e-03 lr=1.0e-05 seed=1
[train] Checkpoint saving disabled.
[train] Run artifacts in runs/pursuit_20260608_010951/alpha/graph/alpha0p75/seed1
[render] Skipped post-train render (mode=off).
=== done Mon Jun  8 01:19:31 EDT 2026 ===
