[setup] Required Python imports are available.
[setup] Required Python imports are available.
=== Job info ===
Job       : 637670  array=13
Node      : evc9
Submit    : /lustre/fs1/home/ak565492/gnn_experiments
Repo      : /lustre/fs1/home/ak565492/gnn_experiments
Git rev   : ed5fa1b
Python    : /home/ak565492/expenv/bin/python
Python 3.11.4
PyYAML  : 6.0.3
NumPy   : 2.3.5
Torch   : 2.5.1+cu121 cuda_available=True cuda=12.1
CUDA_VIS  : 0
Threads   : OMP=4 MKL=4 OPENBLAS=1
Task      : 13/60
Comm      : identity
Alpha     : 1.0
Seed      : 1
Run label : identity_alpha1p0_seed1
Run dir   : runs/pursuit_20260608_010951/alpha/identity/alpha1p0/seed1
Config    : /tmp/637656_13_identity_alpha1p0_seed1.yaml
Start     : Mon Jun  8 01:10:08 EDT 2026
================
Mon Jun  8 01:10:09 2026       
+-----------------------------------------------------------------------------------------+
| NVIDIA-SMI 580.105.08             Driver Version: 580.105.08     CUDA Version: 13.0     |
+-----------------------------------------+------------------------+----------------------+
| GPU  Name                 Persistence-M | Bus-Id          Disp.A | Volatile Uncorr. ECC |
| Fan  Temp   Perf          Pwr:Usage/Cap |           Memory-Usage | GPU-Util  Compute M. |
|                                         |                        |               MIG M. |
|=========================================+========================+======================|
|   0  Tesla V100-PCIE-16GB           Off |   00000000:D8:00.0 Off |                    0 |
| N/A   32C    P0             25W /  250W |       5MiB /  16384MiB |      0%      Default |
|                                         |                        |                  N/A |
+-----------------------------------------+------------------------+----------------------+

+-----------------------------------------------------------------------------------------+
| Processes:                                                                              |
|  GPU   GI   CI              PID   Type   Process name                        GPU Memory |
|        ID   ID                                                               Usage      |
|=========================================================================================|
|    0   N/A  N/A          400499      G   /usr/libexec/Xorg                         4MiB |
+-----------------------------------------------------------------------------------------+
[env] kind=pursuit name=pursuit n_agents=10 obs_dim=5 action_dim=5 state_dim=23 num_envs=32
[train] Starting: total_iters=625 T=100 B=32 device=cuda:0 seed=1 render=off
iter=   0 step=   3200 ep_ret=-810.390 opt_ret=-810.390 step_rew=-8.1039 opt_step=-8.1039 gap0=810.390 dret=+0.000 eval_ret=-492.430 pursuer_target_distance=3.984 capture=0.000 score=0.000 pol=-0.0011 val=0.7031 ent=1.6084 tot=+0.3344 agnorm=0.024 cgnorm=0.229 kl=0.0011 clipf=0.001 ev=-0.565 r0=1.0000 entcoef=1.00e-02 lr=7.0e-04 seed=1
iter=   1 step=   6400 ep_ret=-781.986 opt_ret=-781.986 step_rew=-7.8199 opt_step=-7.8199 gap0=781.986 dret=+28.403 eval_ret=n/a pursuer_target_distance=4.029 capture=0.000 score=0.000 pol=-0.0006 val=0.4060 ent=1.6035 tot=+0.1864 agnorm=0.021 cgnorm=0.252 kl=0.0009 clipf=0.000 ev=+0.188 r0=1.0000 entcoef=9.99e-03 lr=7.0e-04 seed=1
iter=   2 step=   9600 ep_ret=-819.845 opt_ret=-819.845 step_rew=-8.1985 opt_step=-8.1985 gap0=819.845 dret=-9.455 eval_ret=n/a pursuer_target_distance=4.111 capture=0.000 score=0.000 pol=-0.0010 val=0.4769 ent=1.5974 tot=+0.2215 agnorm=0.034 cgnorm=0.291 kl=0.0012 clipf=0.001 ev=+0.355 r0=1.0000 entcoef=9.97e-03 lr=7.0e-04 seed=1
iter=   3 step=  12800 ep_ret=-893.003 opt_ret=-893.003 step_rew=-8.9300 opt_step=-8.9300 gap0=893.003 dret=-82.613 eval_ret=n/a pursuer_target_distance=4.923 capture=0.000 score=0.000 pol=-0.0007 val=0.4978 ent=1.5909 tot=+0.2324 agnorm=0.022 cgnorm=0.279 kl=0.0014 clipf=0.000 ev=+0.344 r0=1.0000 entcoef=9.96e-03 lr=7.0e-04 seed=1
iter=   4 step=  16000 ep_ret=-763.405 opt_ret=-763.405 step_rew=-7.6341 opt_step=-7.6341 gap0=763.405 dret=+46.984 eval_ret=n/a pursuer_target_distance=4.302 capture=0.000 score=0.000 pol=-0.0009 val=0.3166 ent=1.5823 tot=+0.1417 agnorm=0.026 cgnorm=0.261 kl=0.0014 clipf=0.001 ev=+0.463 r0=1.0000 entcoef=9.94e-03 lr=7.0e-04 seed=1
iter=   5 step=  19200 ep_ret=-861.143 opt_ret=-861.143 step_rew=-8.6114 opt_step=-8.6114 gap0=861.143 dret=-50.754 eval_ret=n/a pursuer_target_distance=5.063 capture=0.000 score=0.000 pol=-0.0007 val=0.4227 ent=1.5726 tot=+0.1951 agnorm=0.022 cgnorm=0.280 kl=0.0013 clipf=0.002 ev=+0.396 r0=1.0000 entcoef=9.93e-03 lr=6.9e-04 seed=1
iter=   6 step=  22400 ep_ret=-752.228 opt_ret=-752.228 step_rew=-7.5223 opt_step=-7.5223 gap0=752.228 dret=+58.162 eval_ret=n/a pursuer_target_distance=4.035 capture=0.000 score=0.000 pol=-0.0012 val=0.2704 ent=1.5628 tot=+0.1185 agnorm=0.036 cgnorm=0.236 kl=0.0018 clipf=0.010 ev=+0.583 r0=1.0000 entcoef=9.91e-03 lr=6.9e-04 seed=1
iter=   7 step=  25600 ep_ret=-782.479 opt_ret=-782.479 step_rew=-7.8248 opt_step=-7.8248 gap0=782.479 dret=+27.911 eval_ret=n/a pursuer_target_distance=3.631 capture=0.000 score=0.000 pol=-0.0005 val=0.3055 ent=1.5462 tot=+0.1369 agnorm=0.022 cgnorm=0.267 kl=0.0011 clipf=0.000 ev=+0.538 r0=1.0000 entcoef=9.90e-03 lr=6.9e-04 seed=1
iter=   8 step=  28800 ep_ret=-853.768 opt_ret=-853.768 step_rew=-8.5377 opt_step=-8.5377 gap0=853.768 dret=-43.378 eval_ret=n/a pursuer_target_distance=4.181 capture=0.000 score=0.000 pol=-0.0007 val=0.3514 ent=1.5397 tot=+0.1598 agnorm=0.029 cgnorm=0.276 kl=0.0010 clipf=0.002 ev=+0.528 r0=1.0000 entcoef=9.88e-03 lr=6.9e-04 seed=1
iter=   9 step=  32000 ep_ret=-778.582 opt_ret=-778.582 step_rew=-7.7858 opt_step=-7.7858 gap0=778.582 dret=+31.807 eval_ret=n/a pursuer_target_distance=3.784 capture=0.000 score=0.000 pol=-0.0013 val=0.2522 ent=1.5550 tot=+0.1094 agnorm=0.053 cgnorm=0.241 kl=0.0030 clipf=0.022 ev=+0.633 r0=1.0000 entcoef=9.87e-03 lr=6.9e-04 seed=1
iter=  10 step=  35200 ep_ret=-706.403 opt_ret=-706.403 step_rew=-7.0640 opt_step=-7.0640 gap0=706.403 dret=+103.987 eval_ret=n/a pursuer_target_distance=3.504 capture=0.000 score=0.000 pol=-0.0011 val=0.1801 ent=1.5388 tot=+0.0738 agnorm=0.037 cgnorm=0.205 kl=0.0022 clipf=0.012 ev=+0.659 r0=1.0000 entcoef=9.86e-03 lr=6.9e-04 seed=1
iter=  11 step=  38400 ep_ret=-821.706 opt_ret=-821.706 step_rew=-8.2171 opt_step=-8.2171 gap0=821.706 dret=-11.317 eval_ret=n/a pursuer_target_distance=3.813 capture=0.000 score=0.000 pol=-0.0007 val=0.2790 ent=1.5347 tot=+0.1237 agnorm=0.033 cgnorm=0.258 kl=0.0010 clipf=0.000 ev=+0.573 r0=1.0000 entcoef=9.84e-03 lr=6.9e-04 seed=1
iter=  12 step=  41600 ep_ret=-852.005 opt_ret=-852.005 step_rew=-8.5200 opt_step=-8.5200 gap0=852.005 dret=-41.615 eval_ret=n/a pursuer_target_distance=3.927 capture=0.000 score=0.000 pol=-0.0010 val=0.3150 ent=1.5216 tot=+0.1416 agnorm=0.040 cgnorm=0.294 kl=0.0024 clipf=0.016 ev=+0.512 r0=1.0000 entcoef=9.83e-03 lr=6.9e-04 seed=1
iter=  13 step=  44800 ep_ret=-769.179 opt_ret=-769.179 step_rew=-7.6918 opt_step=-7.6918 gap0=769.179 dret=+41.210 eval_ret=n/a pursuer_target_distance=3.950 capture=0.000 score=0.000 pol=-0.0004 val=0.2272 ent=1.5344 tot=+0.0981 agnorm=0.023 cgnorm=0.277 kl=0.0014 clipf=0.003 ev=+0.610 r0=1.0000 entcoef=9.81e-03 lr=6.9e-04 seed=1
iter=  14 step=  48000 ep_ret=-760.293 opt_ret=-760.293 step_rew=-7.6029 opt_step=-7.6029 gap0=760.293 dret=+50.097 eval_ret=n/a pursuer_target_distance=3.717 capture=0.000 score=0.000 pol=-0.0004 val=0.2006 ent=1.5426 tot=+0.0848 agnorm=0.021 cgnorm=0.248 kl=0.0005 clipf=0.000 ev=+0.717 r0=1.0000 entcoef=9.80e-03 lr=6.8e-04 seed=1
iter=  15 step=  51200 ep_ret=-909.607 opt_ret=-909.607 step_rew=-9.0961 opt_step=-9.0961 gap0=909.607 dret=-99.218 eval_ret=n/a pursuer_target_distance=4.933 capture=0.000 score=0.000 pol=-0.0005 val=0.3333 ent=1.5313 tot=+0.1511 agnorm=0.020 cgnorm=0.302 kl=0.0008 clipf=0.000 ev=+0.426 r0=1.0000 entcoef=9.78e-03 lr=6.8e-04 seed=1
iter=  16 step=  54400 ep_ret=-863.672 opt_ret=-863.672 step_rew=-8.6367 opt_step=-8.6367 gap0=863.672 dret=-53.282 eval_ret=n/a pursuer_target_distance=4.566 capture=0.000 score=0.000 pol=-0.0006 val=0.2817 ent=1.5178 tot=+0.1255 agnorm=0.024 cgnorm=0.307 kl=0.0007 clipf=0.000 ev=+0.587 r0=1.0000 entcoef=9.77e-03 lr=6.8e-04 seed=1
iter=  17 step=  57600 ep_ret=-819.131 opt_ret=-819.131 step_rew=-8.1913 opt_step=-8.1913 gap0=819.131 dret=-8.741 eval_ret=n/a pursuer_target_distance=4.150 capture=0.000 score=0.000 pol=-0.0007 val=0.1783 ent=1.5250 tot=+0.0735 agnorm=0.040 cgnorm=0.252 kl=0.0024 clipf=0.018 ev=+0.706 r0=1.0000 entcoef=9.75e-03 lr=6.8e-04 seed=1
iter=  18 step=  60800 ep_ret=-786.326 opt_ret=-786.326 step_rew=-7.8633 opt_step=-7.8633 gap0=786.326 dret=+24.064 eval_ret=n/a pursuer_target_distance=4.435 capture=0.000 score=0.000 pol=-0.0010 val=0.1675 ent=1.5344 tot=+0.0678 agnorm=0.027 cgnorm=0.237 kl=0.0016 clipf=0.006 ev=+0.762 r0=1.0000 entcoef=9.74e-03 lr=6.8e-04 seed=1
iter=  19 step=  64000 ep_ret=-852.875 opt_ret=-852.875 step_rew=-8.5287 opt_step=-8.5287 gap0=852.875 dret=-42.485 eval_ret=n/a pursuer_target_distance=4.542 capture=0.000 score=0.000 pol=-0.0010 val=0.2003 ent=1.5207 tot=+0.0844 agnorm=0.034 cgnorm=0.265 kl=0.0019 clipf=0.011 ev=+0.709 r0=1.0000 entcoef=9.73e-03 lr=6.8e-04 seed=1
iter=  20 step=  67200 ep_ret=-690.033 opt_ret=-690.033 step_rew=-6.9003 opt_step=-6.9003 gap0=690.033 dret=+120.356 eval_ret=-547.748 pursuer_target_distance=2.756 capture=0.000 score=0.000 pol=-0.0004 val=0.0667 ent=1.5239 tot=+0.0182 agnorm=0.023 cgnorm=0.181 kl=0.0013 clipf=0.004 ev=+0.857 r0=1.0000 entcoef=9.71e-03 lr=6.8e-04 seed=1
iter=  21 step=  70400 ep_ret=-842.286 opt_ret=-842.286 step_rew=-8.4229 opt_step=-8.4229 gap0=842.286 dret=-31.897 eval_ret=n/a pursuer_target_distance=4.063 capture=0.000 score=0.000 pol=-0.0010 val=0.1885 ent=1.5275 tot=+0.0784 agnorm=0.036 cgnorm=0.307 kl=0.0020 clipf=0.014 ev=+0.652 r0=1.0000 entcoef=9.70e-03 lr=6.8e-04 seed=1
iter=  22 step=  73600 ep_ret=-859.252 opt_ret=-859.252 step_rew=-8.5925 opt_step=-8.5925 gap0=859.252 dret=-48.863 eval_ret=n/a pursuer_target_distance=4.383 capture=0.000 score=0.000 pol=-0.0009 val=0.1566 ent=1.5265 tot=+0.0627 agnorm=0.027 cgnorm=0.275 kl=0.0012 clipf=0.003 ev=+0.632 r0=1.0000 entcoef=9.68e-03 lr=6.8e-04 seed=1
iter=  23 step=  76800 ep_ret=-831.434 opt_ret=-831.434 step_rew=-8.3143 opt_step=-8.3143 gap0=831.434 dret=-21.044 eval_ret=n/a pursuer_target_distance=4.294 capture=0.000 score=0.000 pol=-0.0009 val=0.1213 ent=1.5328 tot=+0.0449 agnorm=0.050 cgnorm=0.236 kl=0.0022 clipf=0.014 ev=+0.703 r0=1.0000 entcoef=9.67e-03 lr=6.7e-04 seed=1
iter=  24 step=  80000 ep_ret=-821.185 opt_ret=-821.185 step_rew=-8.2119 opt_step=-8.2119 gap0=821.185 dret=-10.795 eval_ret=n/a pursuer_target_distance=4.734 capture=0.000 score=0.000 pol=-0.0008 val=0.1340 ent=1.5093 tot=+0.0517 agnorm=0.039 cgnorm=0.263 kl=0.0016 clipf=0.006 ev=+0.792 r0=1.0000 entcoef=9.65e-03 lr=6.7e-04 seed=1
iter=  25 step=  83200 ep_ret=-802.784 opt_ret=-802.784 step_rew=-8.0278 opt_step=-8.0278 gap0=802.784 dret=+7.606 eval_ret=n/a pursuer_target_distance=3.524 capture=0.000 score=0.000 pol=-0.0007 val=0.0762 ent=1.5183 tot=+0.0228 agnorm=0.037 cgnorm=0.208 kl=0.0016 clipf=0.009 ev=+0.873 r0=1.0000 entcoef=9.64e-03 lr=6.7e-04 seed=1
iter=  26 step=  86400 ep_ret=-814.120 opt_ret=-814.120 step_rew=-8.1412 opt_step=-8.1412 gap0=814.120 dret=-3.730 eval_ret=n/a pursuer_target_distance=4.353 capture=0.000 score=0.000 pol=-0.0003 val=0.0724 ent=1.5312 tot=+0.0211 agnorm=0.020 cgnorm=0.216 kl=0.0009 clipf=0.000 ev=+0.869 r0=1.0000 entcoef=9.62e-03 lr=6.7e-04 seed=1
iter=  27 step=  89600 ep_ret=-809.939 opt_ret=-809.939 step_rew=-8.0994 opt_step=-8.0994 gap0=809.939 dret=+0.450 eval_ret=n/a pursuer_target_distance=4.227 capture=0.000 score=0.000 pol=-0.0009 val=0.0728 ent=1.5372 tot=+0.0207 agnorm=0.035 cgnorm=0.225 kl=0.0016 clipf=0.003 ev=+0.833 r0=1.0000 entcoef=9.61e-03 lr=6.7e-04 seed=1
iter=  28 step=  92800 ep_ret=-777.265 opt_ret=-777.265 step_rew=-7.7727 opt_step=-7.7727 gap0=777.265 dret=+33.124 eval_ret=n/a pursuer_target_distance=3.555 capture=0.000 score=0.000 pol=-0.0009 val=0.0717 ent=1.5343 tot=+0.0202 agnorm=0.032 cgnorm=0.214 kl=0.0017 clipf=0.001 ev=+0.836 r0=1.0000 entcoef=9.60e-03 lr=6.7e-04 seed=1
iter=  29 step=  96000 ep_ret=-736.648 opt_ret=-736.648 step_rew=-7.3665 opt_step=-7.3665 gap0=736.648 dret=+73.741 eval_ret=n/a pursuer_target_distance=2.967 capture=0.000 score=0.000 pol=-0.0004 val=0.0503 ent=1.5164 tot=+0.0102 agnorm=0.023 cgnorm=0.187 kl=0.0013 clipf=0.002 ev=+0.839 r0=1.0000 entcoef=9.58e-03 lr=6.7e-04 seed=1
iter=  30 step=  99200 ep_ret=-821.265 opt_ret=-821.265 step_rew=-8.2126 opt_step=-8.2126 gap0=821.265 dret=-10.875 eval_ret=n/a pursuer_target_distance=4.000 capture=0.000 score=0.000 pol=-0.0007 val=0.0670 ent=1.4990 tot=+0.0184 agnorm=0.040 cgnorm=0.220 kl=0.0015 clipf=0.010 ev=+0.872 r0=1.0000 entcoef=9.57e-03 lr=6.7e-04 seed=1
iter=  31 step= 102400 ep_ret=-775.670 opt_ret=-775.670 step_rew=-7.7567 opt_step=-7.7567 gap0=775.670 dret=+34.719 eval_ret=n/a pursuer_target_distance=4.143 capture=0.000 score=0.000 pol=-0.0006 val=0.0622 ent=1.5080 tot=+0.0161 agnorm=0.032 cgnorm=0.208 kl=0.0020 clipf=0.010 ev=+0.787 r0=1.0000 entcoef=9.55e-03 lr=6.7e-04 seed=1
iter=  32 step= 105600 ep_ret=-745.847 opt_ret=-745.847 step_rew=-7.4585 opt_step=-7.4585 gap0=745.847 dret=+64.543 eval_ret=n/a pursuer_target_distance=3.499 capture=0.000 score=0.000 pol=-0.0013 val=0.0517 ent=1.4933 tot=+0.0103 agnorm=0.059 cgnorm=0.183 kl=0.0020 clipf=0.022 ev=+0.828 r0=1.0000 entcoef=9.54e-03 lr=6.6e-04 seed=1
iter=  33 step= 108800 ep_ret=-836.418 opt_ret=-836.418 step_rew=-8.3642 opt_step=-8.3642 gap0=836.418 dret=-26.028 eval_ret=n/a pursuer_target_distance=4.392 capture=0.000 score=0.000 pol=-0.0007 val=0.0668 ent=1.4956 tot=+0.0185 agnorm=0.037 cgnorm=0.204 kl=0.0012 clipf=0.003 ev=+0.770 r0=1.0000 entcoef=9.52e-03 lr=6.6e-04 seed=1
iter=  34 step= 112000 ep_ret=-881.251 opt_ret=-881.251 step_rew=-8.8125 opt_step=-8.8125 gap0=881.251 dret=-70.861 eval_ret=n/a pursuer_target_distance=4.340 capture=0.000 score=0.000 pol=-0.0007 val=0.0762 ent=1.5289 tot=+0.0229 agnorm=0.030 cgnorm=0.212 kl=0.0020 clipf=0.009 ev=+0.790 r0=1.0000 entcoef=9.51e-03 lr=6.6e-04 seed=1
iter=  35 step= 115200 ep_ret=-762.500 opt_ret=-762.500 step_rew=-7.6250 opt_step=-7.6250 gap0=762.500 dret=+47.890 eval_ret=n/a pursuer_target_distance=3.845 capture=0.000 score=0.000 pol=-0.0004 val=0.0348 ent=1.5491 tot=+0.0023 agnorm=0.024 cgnorm=0.158 kl=0.0009 clipf=0.000 ev=+0.910 r0=1.0000 entcoef=9.50e-03 lr=6.6e-04 seed=1
iter=  36 step= 118400 ep_ret=-781.711 opt_ret=-781.711 step_rew=-7.8171 opt_step=-7.8171 gap0=781.711 dret=+28.678 eval_ret=n/a pursuer_target_distance=3.279 capture=0.000 score=0.000 pol=-0.0005 val=0.0425 ent=1.5489 tot=+0.0061 agnorm=0.033 cgnorm=0.186 kl=0.0010 clipf=0.000 ev=+0.876 r0=1.0000 entcoef=9.48e-03 lr=6.6e-04 seed=1
iter=  37 step= 121600 ep_ret=-898.987 opt_ret=-898.987 step_rew=-8.9899 opt_step=-8.9899 gap0=898.987 dret=-88.598 eval_ret=n/a pursuer_target_distance=4.671 capture=0.000 score=0.000 pol=-0.0005 val=0.0573 ent=1.5472 tot=+0.0135 agnorm=0.024 cgnorm=0.217 kl=0.0016 clipf=0.008 ev=+0.873 r0=1.0000 entcoef=9.47e-03 lr=6.6e-04 seed=1
iter=  38 step= 124800 ep_ret=-807.979 opt_ret=-807.979 step_rew=-8.0798 opt_step=-8.0798 gap0=807.979 dret=+2.411 eval_ret=n/a pursuer_target_distance=4.260 capture=0.000 score=0.000 pol=-0.0006 val=0.0453 ent=1.5519 tot=+0.0074 agnorm=0.026 cgnorm=0.197 kl=0.0010 clipf=0.002 ev=+0.786 r0=1.0000 entcoef=9.45e-03 lr=6.6e-04 seed=1
iter=  39 step= 128000 ep_ret=-775.223 opt_ret=-775.223 step_rew=-7.7522 opt_step=-7.7522 gap0=775.223 dret=+35.166 eval_ret=n/a pursuer_target_distance=3.409 capture=0.000 score=0.000 pol=-0.0006 val=0.0328 ent=1.5489 tot=+0.0012 agnorm=0.025 cgnorm=0.166 kl=0.0009 clipf=0.001 ev=+0.803 r0=1.0000 entcoef=9.44e-03 lr=6.6e-04 seed=1
iter=  40 step= 131200 ep_ret=-759.881 opt_ret=-759.881 step_rew=-7.5988 opt_step=-7.5988 gap0=759.881 dret=+50.509 eval_ret=-570.111 pursuer_target_distance=3.603 capture=0.000 score=0.000 pol=-0.0004 val=0.0158 ent=1.5528 tot=-0.0071 agnorm=0.024 cgnorm=0.128 kl=0.0013 clipf=0.005 ev=+0.906 r0=1.0000 entcoef=9.42e-03 lr=6.6e-04 seed=1
iter=  41 step= 134400 ep_ret=-799.007 opt_ret=-799.007 step_rew=-7.9901 opt_step=-7.9901 gap0=799.007 dret=+11.383 eval_ret=n/a pursuer_target_distance=3.981 capture=0.000 score=0.000 pol=-0.0007 val=0.0288 ent=1.5528 tot=-0.0009 agnorm=0.024 cgnorm=0.153 kl=0.0011 clipf=0.001 ev=+0.878 r0=1.0000 entcoef=9.41e-03 lr=6.5e-04 seed=1
iter=  42 step= 137600 ep_ret=-782.065 opt_ret=-782.065 step_rew=-7.8207 opt_step=-7.8207 gap0=782.065 dret=+28.324 eval_ret=n/a pursuer_target_distance=4.329 capture=0.000 score=0.000 pol=-0.0007 val=0.0209 ent=1.5427 tot=-0.0048 agnorm=0.029 cgnorm=0.145 kl=0.0013 clipf=0.004 ev=+0.885 r0=1.0000 entcoef=9.39e-03 lr=6.5e-04 seed=1
iter=  43 step= 140800 ep_ret=-798.106 opt_ret=-798.106 step_rew=-7.9811 opt_step=-7.9811 gap0=798.106 dret=+12.283 eval_ret=n/a pursuer_target_distance=3.960 capture=0.000 score=0.000 pol=-0.0011 val=0.0395 ent=1.5281 tot=+0.0043 agnorm=0.046 cgnorm=0.176 kl=0.0021 clipf=0.010 ev=+0.806 r0=1.0000 entcoef=9.38e-03 lr=6.5e-04 seed=1
iter=  44 step= 144000 ep_ret=-854.986 opt_ret=-854.986 step_rew=-8.5499 opt_step=-8.5499 gap0=854.986 dret=-44.596 eval_ret=n/a pursuer_target_distance=4.049 capture=0.000 score=0.000 pol=-0.0006 val=0.0332 ent=1.5234 tot=+0.0018 agnorm=0.028 cgnorm=0.193 kl=0.0013 clipf=0.002 ev=+0.764 r0=1.0000 entcoef=9.37e-03 lr=6.5e-04 seed=1
iter=  45 step= 147200 ep_ret=-803.016 opt_ret=-803.016 step_rew=-8.0302 opt_step=-8.0302 gap0=803.016 dret=+7.373 eval_ret=n/a pursuer_target_distance=4.082 capture=0.000 score=0.000 pol=-0.0006 val=0.0238 ent=1.5317 tot=-0.0030 agnorm=0.029 cgnorm=0.149 kl=0.0013 clipf=0.004 ev=+0.878 r0=1.0000 entcoef=9.35e-03 lr=6.5e-04 seed=1
iter=  46 step= 150400 ep_ret=-844.276 opt_ret=-844.276 step_rew=-8.4428 opt_step=-8.4428 gap0=844.276 dret=-33.886 eval_ret=n/a pursuer_target_distance=4.817 capture=0.000 score=0.000 pol=-0.0006 val=0.0321 ent=1.5171 tot=+0.0013 agnorm=0.026 cgnorm=0.166 kl=0.0010 clipf=0.000 ev=+0.701 r0=1.0000 entcoef=9.34e-03 lr=6.5e-04 seed=1
iter=  47 step= 153600 ep_ret=-807.415 opt_ret=-807.415 step_rew=-8.0742 opt_step=-8.0742 gap0=807.415 dret=+2.974 eval_ret=n/a pursuer_target_distance=3.879 capture=0.000 score=0.000 pol=-0.0007 val=0.0304 ent=1.5241 tot=+0.0003 agnorm=0.035 cgnorm=0.175 kl=0.0014 clipf=0.004 ev=+0.779 r0=1.0000 entcoef=9.32e-03 lr=6.5e-04 seed=1
iter=  48 step= 156800 ep_ret=-867.887 opt_ret=-867.887 step_rew=-8.6789 opt_step=-8.6789 gap0=867.887 dret=-57.497 eval_ret=n/a pursuer_target_distance=4.191 capture=0.000 score=0.000 pol=-0.0009 val=0.0346 ent=1.5420 tot=+0.0021 agnorm=0.047 cgnorm=0.171 kl=0.0021 clipf=0.014 ev=+0.755 r0=1.0000 entcoef=9.31e-03 lr=6.5e-04 seed=1
iter=  49 step= 160000 ep_ret=-849.498 opt_ret=-849.498 step_rew=-8.4950 opt_step=-8.4950 gap0=849.498 dret=-39.108 eval_ret=n/a pursuer_target_distance=3.903 capture=0.000 score=0.000 pol=-0.0006 val=0.0270 ent=1.5459 tot=-0.0015 agnorm=0.026 cgnorm=0.134 kl=0.0012 clipf=0.001 ev=+0.832 r0=1.0000 entcoef=9.29e-03 lr=6.5e-04 seed=1
iter=  50 step= 163200 ep_ret=-993.116 opt_ret=-993.116 step_rew=-9.9312 opt_step=-9.9312 gap0=993.116 dret=-182.727 eval_ret=n/a pursuer_target_distance=5.288 capture=0.000 score=0.000 pol=-0.0008 val=0.0388 ent=1.5536 tot=+0.0041 agnorm=0.030 cgnorm=0.165 kl=0.0012 clipf=0.001 ev=+0.756 r0=1.0000 entcoef=9.28e-03 lr=6.4e-04 seed=1
iter=  51 step= 166400 ep_ret=-850.155 opt_ret=-850.155 step_rew=-8.5016 opt_step=-8.5016 gap0=850.155 dret=-39.765 eval_ret=n/a pursuer_target_distance=4.402 capture=0.000 score=0.000 pol=-0.0011 val=0.0185 ent=1.5570 tot=-0.0063 agnorm=0.045 cgnorm=0.138 kl=0.0023 clipf=0.011 ev=+0.855 r0=1.0000 entcoef=9.26e-03 lr=6.4e-04 seed=1
iter=  52 step= 169600 ep_ret=-830.859 opt_ret=-830.859 step_rew=-8.3086 opt_step=-8.3086 gap0=830.859 dret=-20.469 eval_ret=n/a pursuer_target_distance=4.368 capture=0.000 score=0.000 pol=-0.0005 val=0.0163 ent=1.5457 tot=-0.0066 agnorm=0.025 cgnorm=0.130 kl=0.0016 clipf=0.001 ev=+0.873 r0=1.0000 entcoef=9.25e-03 lr=6.4e-04 seed=1
iter=  53 step= 172800 ep_ret=-877.977 opt_ret=-877.977 step_rew=-8.7798 opt_step=-8.7798 gap0=877.977 dret=-67.587 eval_ret=n/a pursuer_target_distance=4.167 capture=0.000 score=0.000 pol=-0.0011 val=0.0140 ent=1.5552 tot=-0.0084 agnorm=0.043 cgnorm=0.121 kl=0.0018 clipf=0.014 ev=+0.903 r0=1.0000 entcoef=9.24e-03 lr=6.4e-04 seed=1
iter=  54 step= 176000 ep_ret=-779.506 opt_ret=-779.506 step_rew=-7.7951 opt_step=-7.7951 gap0=779.506 dret=+30.884 eval_ret=n/a pursuer_target_distance=4.168 capture=0.000 score=0.000 pol=-0.0015 val=0.0148 ent=1.5405 tot=-0.0083 agnorm=0.044 cgnorm=0.117 kl=0.0026 clipf=0.017 ev=+0.874 r0=1.0000 entcoef=9.22e-03 lr=6.4e-04 seed=1
iter=  55 step= 179200 ep_ret=-806.276 opt_ret=-806.276 step_rew=-8.0628 opt_step=-8.0628 gap0=806.276 dret=+4.113 eval_ret=n/a pursuer_target_distance=3.913 capture=0.000 score=0.000 pol=-0.0005 val=0.0156 ent=1.5275 tot=-0.0068 agnorm=0.021 cgnorm=0.116 kl=0.0009 clipf=0.001 ev=+0.917 r0=1.0000 entcoef=9.21e-03 lr=6.4e-04 seed=1
iter=  56 step= 182400 ep_ret=-808.288 opt_ret=-808.288 step_rew=-8.0829 opt_step=-8.0829 gap0=808.288 dret=+2.102 eval_ret=n/a pursuer_target_distance=4.228 capture=0.000 score=0.000 pol=-0.0006 val=0.0178 ent=1.5340 tot=-0.0058 agnorm=0.022 cgnorm=0.133 kl=0.0006 clipf=0.000 ev=+0.860 r0=1.0000 entcoef=9.19e-03 lr=6.4e-04 seed=1
iter=  57 step= 185600 ep_ret=-793.463 opt_ret=-793.463 step_rew=-7.9346 opt_step=-7.9346 gap0=793.463 dret=+16.926 eval_ret=n/a pursuer_target_distance=3.872 capture=0.000 score=0.000 pol=-0.0004 val=0.0110 ent=1.5425 tot=-0.0090 agnorm=0.022 cgnorm=0.115 kl=0.0008 clipf=0.000 ev=+0.897 r0=1.0000 entcoef=9.18e-03 lr=6.4e-04 seed=1
iter=  58 step= 188800 ep_ret=-917.100 opt_ret=-917.100 step_rew=-9.1710 opt_step=-9.1710 gap0=917.100 dret=-106.710 eval_ret=n/a pursuer_target_distance=5.076 capture=0.000 score=0.000 pol=-0.0007 val=0.0217 ent=1.5400 tot=-0.0040 agnorm=0.027 cgnorm=0.136 kl=0.0014 clipf=0.001 ev=+0.763 r0=1.0000 entcoef=9.16e-03 lr=6.4e-04 seed=1
iter=  59 step= 192000 ep_ret=-867.184 opt_ret=-867.184 step_rew=-8.6718 opt_step=-8.6718 gap0=867.184 dret=-56.794 eval_ret=n/a pursuer_target_distance=4.250 capture=0.000 score=0.000 pol=-0.0012 val=0.0176 ent=1.5367 tot=-0.0065 agnorm=0.036 cgnorm=0.113 kl=0.0021 clipf=0.009 ev=+0.718 r0=1.0000 entcoef=9.15e-03 lr=6.3e-04 seed=1
iter=  60 step= 195200 ep_ret=-849.098 opt_ret=-849.098 step_rew=-8.4910 opt_step=-8.4910 gap0=849.098 dret=-38.709 eval_ret=-588.357 pursuer_target_distance=3.517 capture=0.000 score=0.000 pol=-0.0006 val=0.0085 ent=1.5199 tot=-0.0102 agnorm=0.028 cgnorm=0.089 kl=0.0011 clipf=0.000 ev=+0.921 r0=1.0000 entcoef=9.13e-03 lr=6.3e-04 seed=1
iter=  61 step= 198400 ep_ret=-814.532 opt_ret=-814.532 step_rew=-8.1453 opt_step=-8.1453 gap0=814.532 dret=-4.142 eval_ret=n/a pursuer_target_distance=4.170 capture=0.000 score=0.000 pol=-0.0009 val=0.0154 ent=1.5251 tot=-0.0072 agnorm=0.038 cgnorm=0.115 kl=0.0019 clipf=0.006 ev=+0.876 r0=1.0000 entcoef=9.12e-03 lr=6.3e-04 seed=1
iter=  62 step= 201600 ep_ret=-833.279 opt_ret=-833.279 step_rew=-8.3328 opt_step=-8.3328 gap0=833.279 dret=-22.889 eval_ret=n/a pursuer_target_distance=3.628 capture=0.000 score=0.000 pol=-0.0006 val=0.0104 ent=1.5319 tot=-0.0093 agnorm=0.024 cgnorm=0.097 kl=0.0009 clipf=0.000 ev=+0.935 r0=1.0000 entcoef=9.11e-03 lr=6.3e-04 seed=1
iter=  63 step= 204800 ep_ret=-937.712 opt_ret=-937.712 step_rew=-9.3771 opt_step=-9.3771 gap0=937.712 dret=-127.323 eval_ret=n/a pursuer_target_distance=4.420 capture=0.000 score=0.000 pol=-0.0009 val=0.0173 ent=1.5369 tot=-0.0062 agnorm=0.034 cgnorm=0.123 kl=0.0015 clipf=0.005 ev=+0.861 r0=1.0000 entcoef=9.09e-03 lr=6.3e-04 seed=1
iter=  64 step= 208000 ep_ret=-826.297 opt_ret=-826.297 step_rew=-8.2630 opt_step=-8.2630 gap0=826.297 dret=-15.907 eval_ret=n/a pursuer_target_distance=4.441 capture=0.000 score=0.000 pol=-0.0004 val=0.0192 ent=1.5226 tot=-0.0046 agnorm=0.022 cgnorm=0.124 kl=0.0013 clipf=0.002 ev=+0.856 r0=1.0000 entcoef=9.08e-03 lr=6.3e-04 seed=1
iter=  65 step= 211200 ep_ret=-808.123 opt_ret=-808.123 step_rew=-8.0812 opt_step=-8.0812 gap0=808.123 dret=+2.267 eval_ret=n/a pursuer_target_distance=4.045 capture=0.000 score=0.000 pol=-0.0006 val=0.0108 ent=1.5211 tot=-0.0090 agnorm=0.030 cgnorm=0.103 kl=0.0005 clipf=0.000 ev=+0.850 r0=1.0000 entcoef=9.06e-03 lr=6.3e-04 seed=1
iter=  66 step= 214400 ep_ret=-847.032 opt_ret=-847.032 step_rew=-8.4703 opt_step=-8.4703 gap0=847.032 dret=-36.642 eval_ret=n/a pursuer_target_distance=4.403 capture=0.000 score=0.000 pol=-0.0006 val=0.0056 ent=1.5354 tot=-0.0117 agnorm=0.036 cgnorm=0.066 kl=0.0021 clipf=0.010 ev=+0.953 r0=1.0000 entcoef=9.05e-03 lr=6.3e-04 seed=1
iter=  67 step= 217600 ep_ret=-870.601 opt_ret=-870.601 step_rew=-8.7060 opt_step=-8.7060 gap0=870.601 dret=-60.211 eval_ret=n/a pursuer_target_distance=4.250 capture=0.000 score=0.000 pol=-0.0007 val=0.0191 ent=1.5522 tot=-0.0052 agnorm=0.026 cgnorm=0.130 kl=0.0014 clipf=0.004 ev=+0.795 r0=1.0000 entcoef=9.03e-03 lr=6.3e-04 seed=1
iter=  68 step= 220800 ep_ret=-798.848 opt_ret=-798.848 step_rew=-7.9885 opt_step=-7.9885 gap0=798.848 dret=+11.542 eval_ret=n/a pursuer_target_distance=4.003 capture=0.000 score=0.000 pol=-0.0009 val=0.0165 ent=1.5523 tot=-0.0067 agnorm=0.031 cgnorm=0.126 kl=0.0013 clipf=0.005 ev=+0.790 r0=1.0000 entcoef=9.02e-03 lr=6.2e-04 seed=1
iter=  69 step= 224000 ep_ret=-877.913 opt_ret=-877.913 step_rew=-8.7791 opt_step=-8.7791 gap0=877.913 dret=-67.523 eval_ret=n/a pursuer_target_distance=4.535 capture=0.000 score=0.000 pol=-0.0007 val=0.0111 ent=1.5402 tot=-0.0091 agnorm=0.033 cgnorm=0.100 kl=0.0016 clipf=0.007 ev=+0.877 r0=1.0000 entcoef=9.00e-03 lr=6.2e-04 seed=1
iter=  70 step= 227200 ep_ret=-829.322 opt_ret=-829.322 step_rew=-8.2932 opt_step=-8.2932 gap0=829.322 dret=-18.932 eval_ret=n/a pursuer_target_distance=3.827 capture=0.000 score=0.000 pol=-0.0008 val=0.0110 ent=1.5261 tot=-0.0090 agnorm=0.028 cgnorm=0.081 kl=0.0013 clipf=0.002 ev=+0.892 r0=1.0000 entcoef=8.99e-03 lr=6.2e-04 seed=1
iter=  71 step= 230400 ep_ret=-880.017 opt_ret=-880.017 step_rew=-8.8002 opt_step=-8.8002 gap0=880.017 dret=-69.627 eval_ret=n/a pursuer_target_distance=5.163 capture=0.000 score=0.000 pol=-0.0005 val=0.0220 ent=1.5248 tot=-0.0032 agnorm=0.030 cgnorm=0.122 kl=0.0009 clipf=0.002 ev=+0.762 r0=1.0000 entcoef=8.98e-03 lr=6.2e-04 seed=1
iter=  72 step= 233600 ep_ret=-821.888 opt_ret=-821.888 step_rew=-8.2189 opt_step=-8.2189 gap0=821.888 dret=-11.498 eval_ret=n/a pursuer_target_distance=4.067 capture=0.000 score=0.000 pol=-0.0006 val=0.0071 ent=1.5417 tot=-0.0109 agnorm=0.030 cgnorm=0.078 kl=0.0017 clipf=0.005 ev=+0.912 r0=1.0000 entcoef=8.96e-03 lr=6.2e-04 seed=1
iter=  73 step= 236800 ep_ret=-826.884 opt_ret=-826.884 step_rew=-8.2688 opt_step=-8.2688 gap0=826.884 dret=-16.494 eval_ret=n/a pursuer_target_distance=4.185 capture=0.000 score=0.000 pol=-0.0005 val=0.0134 ent=1.5554 tot=-0.0077 agnorm=0.024 cgnorm=0.106 kl=0.0007 clipf=0.000 ev=+0.820 r0=1.0000 entcoef=8.95e-03 lr=6.2e-04 seed=1
iter=  74 step= 240000 ep_ret=-839.241 opt_ret=-839.241 step_rew=-8.3924 opt_step=-8.3924 gap0=839.241 dret=-28.851 eval_ret=n/a pursuer_target_distance=3.790 capture=0.000 score=0.000 pol=-0.0006 val=0.0133 ent=1.5603 tot=-0.0078 agnorm=0.032 cgnorm=0.102 kl=0.0010 clipf=0.002 ev=+0.819 r0=1.0000 entcoef=8.93e-03 lr=6.2e-04 seed=1
iter=  75 step= 243200 ep_ret=-889.446 opt_ret=-889.446 step_rew=-8.8945 opt_step=-8.8945 gap0=889.446 dret=-79.056 eval_ret=n/a pursuer_target_distance=4.652 capture=0.000 score=0.000 pol=-0.0008 val=0.0121 ent=1.5584 tot=-0.0086 agnorm=0.032 cgnorm=0.093 kl=0.0013 clipf=0.004 ev=+0.820 r0=1.0000 entcoef=8.92e-03 lr=6.2e-04 seed=1
iter=  76 step= 246400 ep_ret=-842.382 opt_ret=-842.382 step_rew=-8.4238 opt_step=-8.4238 gap0=842.382 dret=-31.993 eval_ret=n/a pursuer_target_distance=4.272 capture=0.000 score=0.000 pol=-0.0008 val=0.0156 ent=1.5634 tot=-0.0069 agnorm=0.035 cgnorm=0.119 kl=0.0016 clipf=0.006 ev=+0.764 r0=1.0000 entcoef=8.90e-03 lr=6.2e-04 seed=1
iter=  77 step= 249600 ep_ret=-832.914 opt_ret=-832.914 step_rew=-8.3291 opt_step=-8.3291 gap0=832.914 dret=-22.525 eval_ret=n/a pursuer_target_distance=4.457 capture=0.000 score=0.000 pol=-0.0005 val=0.0081 ent=1.5638 tot=-0.0103 agnorm=0.030 cgnorm=0.084 kl=0.0014 clipf=0.000 ev=+0.895 r0=1.0000 entcoef=8.89e-03 lr=6.1e-04 seed=1
iter=  78 step= 252800 ep_ret=-887.933 opt_ret=-887.933 step_rew=-8.8793 opt_step=-8.8793 gap0=887.933 dret=-77.543 eval_ret=n/a pursuer_target_distance=4.667 capture=0.000 score=0.000 pol=-0.0005 val=0.0121 ent=1.5503 tot=-0.0082 agnorm=0.022 cgnorm=0.088 kl=0.0013 clipf=0.000 ev=+0.847 r0=1.0000 entcoef=8.88e-03 lr=6.1e-04 seed=1
iter=  79 step= 256000 ep_ret=-799.482 opt_ret=-799.482 step_rew=-7.9948 opt_step=-7.9948 gap0=799.482 dret=+10.908 eval_ret=n/a pursuer_target_distance=3.810 capture=0.000 score=0.000 pol=-0.0007 val=0.0104 ent=1.5414 tot=-0.0091 agnorm=0.025 cgnorm=0.088 kl=0.0012 clipf=0.001 ev=+0.863 r0=1.0000 entcoef=8.86e-03 lr=6.1e-04 seed=1
iter=  80 step= 259200 ep_ret=-777.893 opt_ret=-777.893 step_rew=-7.7789 opt_step=-7.7789 gap0=777.893 dret=+32.496 eval_ret=-582.585 pursuer_target_distance=3.752 capture=0.000 score=0.000 pol=-0.0005 val=0.0147 ent=1.5356 tot=-0.0068 agnorm=0.022 cgnorm=0.108 kl=0.0012 clipf=0.001 ev=+0.809 r0=1.0000 entcoef=8.85e-03 lr=6.1e-04 seed=1
iter=  81 step= 262400 ep_ret=-824.846 opt_ret=-824.846 step_rew=-8.2485 opt_step=-8.2485 gap0=824.846 dret=-14.456 eval_ret=n/a pursuer_target_distance=4.266 capture=0.000 score=0.000 pol=-0.0003 val=0.0104 ent=1.5281 tot=-0.0085 agnorm=0.022 cgnorm=0.093 kl=0.0004 clipf=0.000 ev=+0.742 r0=1.0000 entcoef=8.83e-03 lr=6.1e-04 seed=1
iter=  82 step= 265600 ep_ret=-816.451 opt_ret=-816.451 step_rew=-8.1645 opt_step=-8.1645 gap0=816.451 dret=-6.061 eval_ret=n/a pursuer_target_distance=4.589 capture=0.000 score=0.000 pol=-0.0006 val=0.0125 ent=1.5350 tot=-0.0079 agnorm=0.025 cgnorm=0.083 kl=0.0012 clipf=0.002 ev=+0.843 r0=1.0000 entcoef=8.82e-03 lr=6.1e-04 seed=1
iter=  83 step= 268800 ep_ret=-844.237 opt_ret=-844.237 step_rew=-8.4424 opt_step=-8.4424 gap0=844.237 dret=-33.847 eval_ret=n/a pursuer_target_distance=4.068 capture=0.000 score=0.000 pol=-0.0005 val=0.0119 ent=1.5360 tot=-0.0081 agnorm=0.030 cgnorm=0.095 kl=0.0015 clipf=0.004 ev=+0.816 r0=1.0000 entcoef=8.80e-03 lr=6.1e-04 seed=1
iter=  84 step= 272000 ep_ret=-774.004 opt_ret=-774.004 step_rew=-7.7400 opt_step=-7.7400 gap0=774.004 dret=+36.386 eval_ret=n/a pursuer_target_distance=3.697 capture=0.000 score=0.000 pol=-0.0007 val=0.0126 ent=1.5375 tot=-0.0079 agnorm=0.028 cgnorm=0.088 kl=0.0015 clipf=0.003 ev=+0.865 r0=1.0000 entcoef=8.79e-03 lr=6.1e-04 seed=1
iter=  85 step= 275200 ep_ret=-865.268 opt_ret=-865.268 step_rew=-8.6527 opt_step=-8.6527 gap0=865.268 dret=-54.878 eval_ret=n/a pursuer_target_distance=4.321 capture=0.000 score=0.000 pol=-0.0007 val=0.0131 ent=1.5316 tot=-0.0076 agnorm=0.036 cgnorm=0.085 kl=0.0007 clipf=0.000 ev=+0.809 r0=1.0000 entcoef=8.77e-03 lr=6.1e-04 seed=1
iter=  86 step= 278400 ep_ret=-738.888 opt_ret=-738.888 step_rew=-7.3889 opt_step=-7.3889 gap0=738.888 dret=+71.501 eval_ret=n/a pursuer_target_distance=3.523 capture=0.000 score=0.000 pol=-0.0007 val=0.0088 ent=1.5279 tot=-0.0096 agnorm=0.031 cgnorm=0.081 kl=0.0015 clipf=0.003 ev=+0.891 r0=1.0000 entcoef=8.76e-03 lr=6.0e-04 seed=1
iter=  87 step= 281600 ep_ret=-807.145 opt_ret=-807.145 step_rew=-8.0714 opt_step=-8.0714 gap0=807.145 dret=+3.245 eval_ret=n/a pursuer_target_distance=3.916 capture=0.000 score=0.000 pol=-0.0005 val=0.0104 ent=1.5150 tot=-0.0085 agnorm=0.022 cgnorm=0.081 kl=0.0007 clipf=0.000 ev=+0.826 r0=1.0000 entcoef=8.75e-03 lr=6.0e-04 seed=1
iter=  88 step= 284800 ep_ret=-784.138 opt_ret=-784.138 step_rew=-7.8414 opt_step=-7.8414 gap0=784.138 dret=+26.252 eval_ret=n/a pursuer_target_distance=3.736 capture=0.000 score=0.000 pol=-0.0010 val=0.0086 ent=1.5147 tot=-0.0099 agnorm=0.033 cgnorm=0.071 kl=0.0019 clipf=0.008 ev=+0.837 r0=1.0000 entcoef=8.73e-03 lr=6.0e-04 seed=1
iter=  89 step= 288000 ep_ret=-861.635 opt_ret=-861.635 step_rew=-8.6164 opt_step=-8.6164 gap0=861.635 dret=-51.246 eval_ret=n/a pursuer_target_distance=4.313 capture=0.000 score=0.000 pol=-0.0009 val=0.0182 ent=1.5063 tot=-0.0049 agnorm=0.056 cgnorm=0.091 kl=0.0023 clipf=0.024 ev=+0.816 r0=1.0000 entcoef=8.72e-03 lr=6.0e-04 seed=1
iter=  90 step= 291200 ep_ret=-834.149 opt_ret=-834.149 step_rew=-8.3415 opt_step=-8.3415 gap0=834.149 dret=-23.759 eval_ret=n/a pursuer_target_distance=4.675 capture=0.000 score=0.000 pol=-0.0007 val=0.0110 ent=1.5160 tot=-0.0084 agnorm=0.043 cgnorm=0.072 kl=0.0018 clipf=0.010 ev=+0.841 r0=1.0000 entcoef=8.70e-03 lr=6.0e-04 seed=1
iter=  91 step= 294400 ep_ret=-869.476 opt_ret=-869.476 step_rew=-8.6948 opt_step=-8.6948 gap0=869.476 dret=-59.087 eval_ret=n/a pursuer_target_distance=4.922 capture=0.000 score=0.000 pol=-0.0009 val=0.0093 ent=1.5353 tot=-0.0096 agnorm=0.037 cgnorm=0.069 kl=0.0014 clipf=0.004 ev=+0.840 r0=1.0000 entcoef=8.69e-03 lr=6.0e-04 seed=1
iter=  92 step= 297600 ep_ret=-817.307 opt_ret=-817.307 step_rew=-8.1731 opt_step=-8.1731 gap0=817.307 dret=-6.917 eval_ret=n/a pursuer_target_distance=3.766 capture=0.000 score=0.000 pol=-0.0006 val=0.0139 ent=1.5381 tot=-0.0070 agnorm=0.031 cgnorm=0.088 kl=0.0018 clipf=0.006 ev=+0.710 r0=1.0000 entcoef=8.67e-03 lr=6.0e-04 seed=1
iter=  93 step= 300800 ep_ret=-927.592 opt_ret=-927.592 step_rew=-9.2759 opt_step=-9.2759 gap0=927.592 dret=-117.202 eval_ret=n/a pursuer_target_distance=4.763 capture=0.000 score=0.000 pol=-0.0004 val=0.0101 ent=1.5462 tot=-0.0088 agnorm=0.026 cgnorm=0.069 kl=0.0008 clipf=0.002 ev=+0.783 r0=1.0000 entcoef=8.66e-03 lr=6.0e-04 seed=1
iter=  94 step= 304000 ep_ret=-869.090 opt_ret=-869.090 step_rew=-8.6909 opt_step=-8.6909 gap0=869.090 dret=-58.700 eval_ret=n/a pursuer_target_distance=4.421 capture=0.000 score=0.000 pol=-0.0005 val=0.0113 ent=1.5536 tot=-0.0083 agnorm=0.028 cgnorm=0.080 kl=0.0009 clipf=0.000 ev=+0.826 r0=1.0000 entcoef=8.64e-03 lr=6.0e-04 seed=1
iter=  95 step= 307200 ep_ret=-768.645 opt_ret=-768.645 step_rew=-7.6865 opt_step=-7.6865 gap0=768.645 dret=+41.744 eval_ret=n/a pursuer_target_distance=4.016 capture=0.000 score=0.000 pol=-0.0007 val=0.0120 ent=1.5534 tot=-0.0081 agnorm=0.032 cgnorm=0.083 kl=0.0012 clipf=0.001 ev=+0.707 r0=1.0000 entcoef=8.63e-03 lr=5.9e-04 seed=1
iter=  96 step= 310400 ep_ret=-826.469 opt_ret=-826.469 step_rew=-8.2647 opt_step=-8.2647 gap0=826.469 dret=-16.079 eval_ret=n/a pursuer_target_distance=3.863 capture=0.000 score=0.000 pol=-0.0005 val=0.0109 ent=1.5391 tot=-0.0083 agnorm=0.025 cgnorm=0.074 kl=0.0015 clipf=0.006 ev=+0.831 r0=1.0000 entcoef=8.62e-03 lr=5.9e-04 seed=1
iter=  97 step= 313600 ep_ret=-857.093 opt_ret=-857.093 step_rew=-8.5709 opt_step=-8.5709 gap0=857.093 dret=-46.704 eval_ret=n/a pursuer_target_distance=4.204 capture=0.000 score=0.000 pol=-0.0005 val=0.0103 ent=1.5111 tot=-0.0083 agnorm=0.018 cgnorm=0.065 kl=0.0009 clipf=0.000 ev=+0.741 r0=1.0000 entcoef=8.60e-03 lr=5.9e-04 seed=1
iter=  98 step= 316800 ep_ret=-835.990 opt_ret=-835.990 step_rew=-8.3599 opt_step=-8.3599 gap0=835.990 dret=-25.600 eval_ret=n/a pursuer_target_distance=4.263 capture=0.000 score=0.000 pol=-0.0005 val=0.0124 ent=1.4858 tot=-0.0070 agnorm=0.025 cgnorm=0.073 kl=0.0003 clipf=0.000 ev=+0.794 r0=1.0000 entcoef=8.59e-03 lr=5.9e-04 seed=1
iter=  99 step= 320000 ep_ret=-870.697 opt_ret=-870.697 step_rew=-8.7070 opt_step=-8.7070 gap0=870.697 dret=-60.308 eval_ret=n/a pursuer_target_distance=4.975 capture=0.000 score=0.000 pol=-0.0004 val=0.0149 ent=1.5034 tot=-0.0058 agnorm=0.021 cgnorm=0.075 kl=0.0009 clipf=0.000 ev=+0.635 r0=1.0000 entcoef=8.57e-03 lr=5.9e-04 seed=1
iter= 100 step= 323200 ep_ret=-878.237 opt_ret=-878.237 step_rew=-8.7824 opt_step=-8.7824 gap0=878.237 dret=-67.847 eval_ret=-638.342 pursuer_target_distance=4.433 capture=0.000 score=0.000 pol=-0.0006 val=0.0091 ent=1.5050 tot=-0.0090 agnorm=0.028 cgnorm=0.074 kl=0.0009 clipf=0.000 ev=+0.767 r0=1.0000 entcoef=8.56e-03 lr=5.9e-04 seed=1
iter= 101 step= 326400 ep_ret=-802.208 opt_ret=-802.208 step_rew=-8.0221 opt_step=-8.0221 gap0=802.208 dret=+8.182 eval_ret=n/a pursuer_target_distance=3.904 capture=0.000 score=0.000 pol=-0.0009 val=0.0129 ent=1.5015 tot=-0.0073 agnorm=0.034 cgnorm=0.067 kl=0.0021 clipf=0.009 ev=+0.700 r0=1.0000 entcoef=8.54e-03 lr=5.9e-04 seed=1
iter= 102 step= 329600 ep_ret=-779.818 opt_ret=-779.818 step_rew=-7.7982 opt_step=-7.7982 gap0=779.818 dret=+30.572 eval_ret=n/a pursuer_target_distance=4.039 capture=0.000 score=0.000 pol=-0.0002 val=0.0114 ent=1.5081 tot=-0.0074 agnorm=0.023 cgnorm=0.071 kl=0.0005 clipf=0.000 ev=+0.644 r0=1.0000 entcoef=8.53e-03 lr=5.9e-04 seed=1
iter= 103 step= 332800 ep_ret=-831.349 opt_ret=-831.349 step_rew=-8.3135 opt_step=-8.3135 gap0=831.349 dret=-20.960 eval_ret=n/a pursuer_target_distance=4.456 capture=0.000 score=0.000 pol=-0.0009 val=0.0109 ent=1.5124 tot=-0.0083 agnorm=0.040 cgnorm=0.068 kl=0.0015 clipf=0.009 ev=+0.739 r0=1.0000 entcoef=8.51e-03 lr=5.9e-04 seed=1
iter= 104 step= 336000 ep_ret=-827.473 opt_ret=-827.473 step_rew=-8.2747 opt_step=-8.2747 gap0=827.473 dret=-17.083 eval_ret=n/a pursuer_target_distance=4.146 capture=0.000 score=0.000 pol=-0.0009 val=0.0117 ent=1.5037 tot=-0.0078 agnorm=0.039 cgnorm=0.070 kl=0.0019 clipf=0.008 ev=+0.683 r0=1.0000 entcoef=8.50e-03 lr=5.9e-04 seed=1
iter= 105 step= 339200 ep_ret=-740.928 opt_ret=-740.928 step_rew=-7.4093 opt_step=-7.4093 gap0=740.928 dret=+69.461 eval_ret=n/a pursuer_target_distance=3.426 capture=0.000 score=0.000 pol=-0.0009 val=0.0109 ent=1.4777 tot=-0.0080 agnorm=0.035 cgnorm=0.059 kl=0.0017 clipf=0.005 ev=+0.794 r0=1.0000 entcoef=8.49e-03 lr=5.8e-04 seed=1
iter= 106 step= 342400 ep_ret=-795.415 opt_ret=-795.415 step_rew=-7.9541 opt_step=-7.9541 gap0=795.415 dret=+14.975 eval_ret=n/a pursuer_target_distance=3.918 capture=0.000 score=0.000 pol=-0.0003 val=0.0133 ent=1.4635 tot=-0.0061 agnorm=0.028 cgnorm=0.068 kl=0.0008 clipf=0.001 ev=+0.676 r0=1.0000 entcoef=8.47e-03 lr=5.8e-04 seed=1
iter= 107 step= 345600 ep_ret=-841.040 opt_ret=-841.040 step_rew=-8.4104 opt_step=-8.4104 gap0=841.040 dret=-30.650 eval_ret=n/a pursuer_target_distance=4.662 capture=0.000 score=0.000 pol=-0.0003 val=0.0114 ent=1.4787 tot=-0.0071 agnorm=0.032 cgnorm=0.062 kl=0.0009 clipf=0.003 ev=+0.694 r0=1.0000 entcoef=8.46e-03 lr=5.8e-04 seed=1
iter= 108 step= 348800 ep_ret=-863.664 opt_ret=-863.664 step_rew=-8.6366 opt_step=-8.6366 gap0=863.664 dret=-53.274 eval_ret=n/a pursuer_target_distance=4.250 capture=0.000 score=0.000 pol=-0.0003 val=0.0118 ent=1.4755 tot=-0.0069 agnorm=0.028 cgnorm=0.063 kl=0.0007 clipf=0.000 ev=+0.797 r0=1.0000 entcoef=8.44e-03 lr=5.8e-04 seed=1
iter= 109 step= 352000 ep_ret=-833.375 opt_ret=-833.375 step_rew=-8.3337 opt_step=-8.3337 gap0=833.375 dret=-22.985 eval_ret=n/a pursuer_target_distance=4.250 capture=0.000 score=0.000 pol=-0.0006 val=0.0138 ent=1.5070 tot=-0.0064 agnorm=0.033 cgnorm=0.066 kl=0.0022 clipf=0.012 ev=+0.716 r0=1.0000 entcoef=8.43e-03 lr=5.8e-04 seed=1
iter= 110 step= 355200 ep_ret=-758.814 opt_ret=-758.814 step_rew=-7.5881 opt_step=-7.5881 gap0=758.814 dret=+51.575 eval_ret=n/a pursuer_target_distance=3.868 capture=0.000 score=0.000 pol=-0.0009 val=0.0101 ent=1.5003 tot=-0.0084 agnorm=0.035 cgnorm=0.057 kl=0.0017 clipf=0.006 ev=+0.792 r0=1.0000 entcoef=8.41e-03 lr=5.8e-04 seed=1
iter= 111 step= 358400 ep_ret=-865.506 opt_ret=-865.506 step_rew=-8.6551 opt_step=-8.6551 gap0=865.506 dret=-55.116 eval_ret=n/a pursuer_target_distance=4.041 capture=0.000 score=0.000 pol=-0.0007 val=0.0124 ent=1.4790 tot=-0.0069 agnorm=0.025 cgnorm=0.073 kl=0.0010 clipf=0.000 ev=+0.688 r0=1.0000 entcoef=8.40e-03 lr=5.8e-04 seed=1
iter= 112 step= 361600 ep_ret=-827.219 opt_ret=-827.219 step_rew=-8.2722 opt_step=-8.2722 gap0=827.219 dret=-16.829 eval_ret=n/a pursuer_target_distance=4.446 capture=0.000 score=0.000 pol=-0.0008 val=0.0160 ent=1.4816 tot=-0.0053 agnorm=0.029 cgnorm=0.072 kl=0.0014 clipf=0.003 ev=+0.665 r0=1.0000 entcoef=8.38e-03 lr=5.8e-04 seed=1
iter= 113 step= 364800 ep_ret=-793.320 opt_ret=-793.320 step_rew=-7.9332 opt_step=-7.9332 gap0=793.320 dret=+17.070 eval_ret=n/a pursuer_target_distance=3.803 capture=0.000 score=0.000 pol=-0.0006 val=0.0076 ent=1.4820 tot=-0.0092 agnorm=0.039 cgnorm=0.054 kl=0.0018 clipf=0.006 ev=+0.861 r0=1.0000 entcoef=8.37e-03 lr=5.8e-04 seed=1
iter= 114 step= 368000 ep_ret=-814.726 opt_ret=-814.726 step_rew=-8.1473 opt_step=-8.1473 gap0=814.726 dret=-4.337 eval_ret=n/a pursuer_target_distance=4.364 capture=0.000 score=0.000 pol=-0.0005 val=0.0128 ent=1.4893 tot=-0.0065 agnorm=0.033 cgnorm=0.063 kl=0.0006 clipf=0.001 ev=+0.689 r0=1.0000 entcoef=8.36e-03 lr=5.7e-04 seed=1
iter= 115 step= 371200 ep_ret=-801.885 opt_ret=-801.885 step_rew=-8.0188 opt_step=-8.0188 gap0=801.885 dret=+8.505 eval_ret=n/a pursuer_target_distance=4.337 capture=0.000 score=0.000 pol=-0.0005 val=0.0129 ent=1.4875 tot=-0.0065 agnorm=0.037 cgnorm=0.066 kl=0.0010 clipf=0.002 ev=+0.726 r0=1.0000 entcoef=8.34e-03 lr=5.7e-04 seed=1
iter= 116 step= 374400 ep_ret=-759.838 opt_ret=-759.838 step_rew=-7.5984 opt_step=-7.5984 gap0=759.838 dret=+50.552 eval_ret=n/a pursuer_target_distance=3.740 capture=0.000 score=0.000 pol=-0.0008 val=0.0165 ent=1.5056 tot=-0.0051 agnorm=0.042 cgnorm=0.075 kl=0.0018 clipf=0.005 ev=+0.676 r0=1.0000 entcoef=8.33e-03 lr=5.7e-04 seed=1
iter= 117 step= 377600 ep_ret=-814.553 opt_ret=-814.553 step_rew=-8.1455 opt_step=-8.1455 gap0=814.553 dret=-4.163 eval_ret=n/a pursuer_target_distance=4.003 capture=0.000 score=0.000 pol=-0.0008 val=0.0138 ent=1.4950 tot=-0.0063 agnorm=0.033 cgnorm=0.063 kl=0.0019 clipf=0.002 ev=+0.634 r0=1.0000 entcoef=8.31e-03 lr=5.7e-04 seed=1
iter= 118 step= 380800 ep_ret=-752.069 opt_ret=-752.069 step_rew=-7.5207 opt_step=-7.5207 gap0=752.069 dret=+58.321 eval_ret=n/a pursuer_target_distance=3.269 capture=0.000 score=0.000 pol=-0.0008 val=0.0149 ent=1.4715 tot=-0.0056 agnorm=0.035 cgnorm=0.068 kl=0.0026 clipf=0.013 ev=+0.591 r0=1.0000 entcoef=8.30e-03 lr=5.7e-04 seed=1
iter= 119 step= 384000 ep_ret=-808.008 opt_ret=-808.008 step_rew=-8.0801 opt_step=-8.0801 gap0=808.008 dret=+2.382 eval_ret=n/a pursuer_target_distance=4.443 capture=0.000 score=0.000 pol=-0.0003 val=0.0147 ent=1.4435 tot=-0.0049 agnorm=0.020 cgnorm=0.064 kl=0.0004 clipf=0.001 ev=+0.728 r0=1.0000 entcoef=8.28e-03 lr=5.7e-04 seed=1
iter= 120 step= 387200 ep_ret=-810.359 opt_ret=-810.359 step_rew=-8.1036 opt_step=-8.1036 gap0=810.359 dret=+0.030 eval_ret=-584.382 pursuer_target_distance=4.002 capture=0.000 score=0.000 pol=-0.0005 val=0.0118 ent=1.4429 tot=-0.0066 agnorm=0.024 cgnorm=0.061 kl=0.0007 clipf=0.001 ev=+0.756 r0=1.0000 entcoef=8.27e-03 lr=5.7e-04 seed=1
iter= 121 step= 390400 ep_ret=-797.527 opt_ret=-797.527 step_rew=-7.9753 opt_step=-7.9753 gap0=797.527 dret=+12.862 eval_ret=n/a pursuer_target_distance=3.691 capture=0.000 score=0.000 pol=-0.0007 val=0.0186 ent=1.4339 tot=-0.0032 agnorm=0.030 cgnorm=0.074 kl=0.0010 clipf=0.001 ev=+0.631 r0=1.0000 entcoef=8.25e-03 lr=5.7e-04 seed=1
iter= 122 step= 393600 ep_ret=-797.449 opt_ret=-797.449 step_rew=-7.9745 opt_step=-7.9745 gap0=797.449 dret=+12.941 eval_ret=n/a pursuer_target_distance=3.459 capture=0.000 score=0.000 pol=-0.0009 val=0.0162 ent=1.4223 tot=-0.0045 agnorm=0.043 cgnorm=0.056 kl=0.0017 clipf=0.010 ev=+0.683 r0=1.0000 entcoef=8.24e-03 lr=5.7e-04 seed=1
iter= 123 step= 396800 ep_ret=-805.482 opt_ret=-805.482 step_rew=-8.0548 opt_step=-8.0548 gap0=805.482 dret=+4.907 eval_ret=n/a pursuer_target_distance=4.530 capture=0.000 score=0.000 pol=-0.0005 val=0.0140 ent=1.4350 tot=-0.0053 agnorm=0.024 cgnorm=0.062 kl=0.0014 clipf=0.003 ev=+0.620 r0=1.0000 entcoef=8.23e-03 lr=5.6e-04 seed=1
iter= 124 step= 400000 ep_ret=-818.096 opt_ret=-818.096 step_rew=-8.1810 opt_step=-8.1810 gap0=818.096 dret=-7.706 eval_ret=n/a pursuer_target_distance=4.662 capture=0.000 score=0.000 pol=-0.0007 val=0.0112 ent=1.4364 tot=-0.0069 agnorm=0.032 cgnorm=0.056 kl=0.0011 clipf=0.007 ev=+0.750 r0=1.0000 entcoef=8.21e-03 lr=5.6e-04 seed=1
iter= 125 step= 403200 ep_ret=-761.096 opt_ret=-761.096 step_rew=-7.6110 opt_step=-7.6110 gap0=761.096 dret=+49.294 eval_ret=n/a pursuer_target_distance=3.736 capture=0.000 score=0.000 pol=-0.0008 val=0.0111 ent=1.4580 tot=-0.0071 agnorm=0.029 cgnorm=0.054 kl=0.0014 clipf=0.005 ev=+0.789 r0=1.0000 entcoef=8.20e-03 lr=5.6e-04 seed=1
iter= 126 step= 406400 ep_ret=-783.440 opt_ret=-783.440 step_rew=-7.8344 opt_step=-7.8344 gap0=783.440 dret=+26.950 eval_ret=n/a pursuer_target_distance=3.667 capture=0.000 score=0.000 pol=-0.0010 val=0.0082 ent=1.4667 tot=-0.0089 agnorm=0.042 cgnorm=0.049 kl=0.0019 clipf=0.013 ev=+0.804 r0=1.0000 entcoef=8.18e-03 lr=5.6e-04 seed=1
iter= 127 step= 409600 ep_ret=-807.383 opt_ret=-807.383 step_rew=-8.0738 opt_step=-8.0738 gap0=807.383 dret=+3.007 eval_ret=n/a pursuer_target_distance=3.996 capture=0.000 score=0.000 pol=-0.0009 val=0.0083 ent=1.4637 tot=-0.0086 agnorm=0.025 cgnorm=0.054 kl=0.0015 clipf=0.002 ev=+0.764 r0=1.0000 entcoef=8.17e-03 lr=5.6e-04 seed=1
iter= 128 step= 412800 ep_ret=-815.965 opt_ret=-815.965 step_rew=-8.1596 opt_step=-8.1596 gap0=815.965 dret=-5.575 eval_ret=n/a pursuer_target_distance=4.186 capture=0.000 score=0.000 pol=-0.0009 val=0.0124 ent=1.4404 tot=-0.0064 agnorm=0.033 cgnorm=0.055 kl=0.0019 clipf=0.010 ev=+0.659 r0=1.0000 entcoef=8.15e-03 lr=5.6e-04 seed=1
iter= 129 step= 416000 ep_ret=-778.297 opt_ret=-778.297 step_rew=-7.7830 opt_step=-7.7830 gap0=778.297 dret=+32.093 eval_ret=n/a pursuer_target_distance=3.548 capture=0.000 score=0.000 pol=-0.0011 val=0.0165 ent=1.4487 tot=-0.0047 agnorm=0.057 cgnorm=0.064 kl=0.0023 clipf=0.022 ev=+0.663 r0=1.0000 entcoef=8.14e-03 lr=5.6e-04 seed=1
iter= 130 step= 419200 ep_ret=-832.446 opt_ret=-832.446 step_rew=-8.3245 opt_step=-8.3245 gap0=832.446 dret=-22.056 eval_ret=n/a pursuer_target_distance=4.001 capture=0.000 score=0.000 pol=-0.0005 val=0.0107 ent=1.4567 tot=-0.0070 agnorm=0.031 cgnorm=0.052 kl=0.0016 clipf=0.006 ev=+0.717 r0=1.0000 entcoef=8.13e-03 lr=5.6e-04 seed=1
iter= 131 step= 422400 ep_ret=-774.824 opt_ret=-774.824 step_rew=-7.7482 opt_step=-7.7482 gap0=774.824 dret=+35.566 eval_ret=n/a pursuer_target_distance=3.752 capture=0.000 score=0.000 pol=-0.0006 val=0.0076 ent=1.4555 tot=-0.0086 agnorm=0.041 cgnorm=0.045 kl=0.0016 clipf=0.010 ev=+0.834 r0=1.0000 entcoef=8.11e-03 lr=5.6e-04 seed=1
iter= 132 step= 425600 ep_ret=-737.570 opt_ret=-737.570 step_rew=-7.3757 opt_step=-7.3757 gap0=737.570 dret=+72.819 eval_ret=n/a pursuer_target_distance=3.250 capture=0.000 score=0.000 pol=-0.0005 val=0.0093 ent=1.4840 tot=-0.0078 agnorm=0.029 cgnorm=0.052 kl=0.0011 clipf=0.007 ev=+0.782 r0=1.0000 entcoef=8.10e-03 lr=5.5e-04 seed=1
iter= 133 step= 428800 ep_ret=-737.789 opt_ret=-737.789 step_rew=-7.3779 opt_step=-7.3779 gap0=737.789 dret=+72.601 eval_ret=n/a pursuer_target_distance=3.429 capture=0.000 score=0.000 pol=-0.0006 val=0.0154 ent=1.4996 tot=-0.0050 agnorm=0.029 cgnorm=0.065 kl=0.0007 clipf=0.000 ev=+0.686 r0=1.0000 entcoef=8.08e-03 lr=5.5e-04 seed=1
iter= 134 step= 432000 ep_ret=-762.476 opt_ret=-762.476 step_rew=-7.6248 opt_step=-7.6248 gap0=762.476 dret=+47.914 eval_ret=n/a pursuer_target_distance=3.298 capture=0.000 score=0.000 pol=-0.0010 val=0.0076 ent=1.4799 tot=-0.0092 agnorm=0.034 cgnorm=0.046 kl=0.0018 clipf=0.006 ev=+0.841 r0=1.0000 entcoef=8.07e-03 lr=5.5e-04 seed=1
iter= 135 step= 435200 ep_ret=-863.506 opt_ret=-863.506 step_rew=-8.6351 opt_step=-8.6351 gap0=863.506 dret=-53.116 eval_ret=n/a pursuer_target_distance=4.705 capture=0.000 score=0.000 pol=-0.0008 val=0.0153 ent=1.4826 tot=-0.0051 agnorm=0.029 cgnorm=0.065 kl=0.0011 clipf=0.004 ev=+0.667 r0=1.0000 entcoef=8.05e-03 lr=5.5e-04 seed=1
iter= 136 step= 438400 ep_ret=-794.233 opt_ret=-794.233 step_rew=-7.9423 opt_step=-7.9423 gap0=794.233 dret=+16.157 eval_ret=n/a pursuer_target_distance=3.929 capture=0.000 score=0.000 pol=-0.0008 val=0.0140 ent=1.4656 tot=-0.0056 agnorm=0.037 cgnorm=0.061 kl=0.0013 clipf=0.008 ev=+0.654 r0=1.0000 entcoef=8.04e-03 lr=5.5e-04 seed=1
iter= 137 step= 441600 ep_ret=-883.403 opt_ret=-883.403 step_rew=-8.8340 opt_step=-8.8340 gap0=883.403 dret=-73.013 eval_ret=n/a pursuer_target_distance=4.626 capture=0.000 score=0.000 pol=-0.0005 val=0.0173 ent=1.4623 tot=-0.0036 agnorm=0.024 cgnorm=0.061 kl=0.0007 clipf=0.000 ev=+0.565 r0=1.0000 entcoef=8.02e-03 lr=5.5e-04 seed=1
iter= 138 step= 444800 ep_ret=-782.031 opt_ret=-782.031 step_rew=-7.8203 opt_step=-7.8203 gap0=782.031 dret=+28.359 eval_ret=n/a pursuer_target_distance=3.918 capture=0.000 score=0.000 pol=-0.0007 val=0.0139 ent=1.4761 tot=-0.0056 agnorm=0.031 cgnorm=0.056 kl=0.0011 clipf=0.003 ev=+0.657 r0=1.0000 entcoef=8.01e-03 lr=5.5e-04 seed=1
iter= 139 step= 448000 ep_ret=-818.123 opt_ret=-818.123 step_rew=-8.1812 opt_step=-8.1812 gap0=818.123 dret=-7.733 eval_ret=n/a pursuer_target_distance=4.223 capture=0.000 score=0.000 pol=-0.0005 val=0.0174 ent=1.4907 tot=-0.0037 agnorm=0.033 cgnorm=0.070 kl=0.0013 clipf=0.005 ev=+0.708 r0=1.0000 entcoef=8.00e-03 lr=5.5e-04 seed=1
iter= 140 step= 451200 ep_ret=-806.573 opt_ret=-806.573 step_rew=-8.0657 opt_step=-8.0657 gap0=806.573 dret=+3.816 eval_ret=-647.781 pursuer_target_distance=4.261 capture=0.000 score=0.000 pol=-0.0006 val=0.0132 ent=1.5039 tot=-0.0060 agnorm=0.030 cgnorm=0.061 kl=0.0010 clipf=0.002 ev=+0.595 r0=1.0000 entcoef=7.98e-03 lr=5.5e-04 seed=1
iter= 141 step= 454400 ep_ret=-827.219 opt_ret=-827.219 step_rew=-8.2722 opt_step=-8.2722 gap0=827.219 dret=-16.829 eval_ret=n/a pursuer_target_distance=4.544 capture=0.000 score=0.000 pol=-0.0005 val=0.0144 ent=1.5298 tot=-0.0054 agnorm=0.031 cgnorm=0.056 kl=0.0009 clipf=0.001 ev=+0.604 r0=1.0000 entcoef=7.97e-03 lr=5.4e-04 seed=1
iter= 142 step= 457600 ep_ret=-867.370 opt_ret=-867.370 step_rew=-8.6737 opt_step=-8.6737 gap0=867.370 dret=-56.980 eval_ret=n/a pursuer_target_distance=4.718 capture=0.000 score=0.000 pol=-0.0008 val=0.0126 ent=1.5380 tot=-0.0067 agnorm=0.038 cgnorm=0.056 kl=0.0018 clipf=0.005 ev=+0.664 r0=1.0000 entcoef=7.95e-03 lr=5.4e-04 seed=1
iter= 143 step= 460800 ep_ret=-743.382 opt_ret=-743.382 step_rew=-7.4338 opt_step=-7.4338 gap0=743.382 dret=+67.007 eval_ret=n/a pursuer_target_distance=3.694 capture=0.000 score=0.000 pol=-0.0004 val=0.0105 ent=1.5339 tot=-0.0073 agnorm=0.027 cgnorm=0.050 kl=0.0008 clipf=0.000 ev=+0.718 r0=1.0000 entcoef=7.94e-03 lr=5.4e-04 seed=1
iter= 144 step= 464000 ep_ret=-844.397 opt_ret=-844.397 step_rew=-8.4440 opt_step=-8.4440 gap0=844.397 dret=-34.007 eval_ret=n/a pursuer_target_distance=4.777 capture=0.000 score=0.000 pol=-0.0007 val=0.0169 ent=1.5352 tot=-0.0044 agnorm=0.035 cgnorm=0.050 kl=0.0018 clipf=0.003 ev=+0.590 r0=1.0000 entcoef=7.92e-03 lr=5.4e-04 seed=1
iter= 145 step= 467200 ep_ret=-880.803 opt_ret=-880.803 step_rew=-8.8080 opt_step=-8.8080 gap0=880.803 dret=-70.413 eval_ret=n/a pursuer_target_distance=4.560 capture=0.000 score=0.000 pol=-0.0010 val=0.0110 ent=1.5224 tot=-0.0075 agnorm=0.058 cgnorm=0.049 kl=0.0022 clipf=0.020 ev=+0.756 r0=1.0000 entcoef=7.91e-03 lr=5.4e-04 seed=1
iter= 146 step= 470400 ep_ret=-806.368 opt_ret=-806.368 step_rew=-8.0637 opt_step=-8.0637 gap0=806.368 dret=+4.022 eval_ret=n/a pursuer_target_distance=3.744 capture=0.000 score=0.000 pol=-0.0005 val=0.0149 ent=1.5198 tot=-0.0051 agnorm=0.030 cgnorm=0.055 kl=0.0013 clipf=0.007 ev=+0.661 r0=1.0000 entcoef=7.89e-03 lr=5.4e-04 seed=1
iter= 147 step= 473600 ep_ret=-845.400 opt_ret=-845.400 step_rew=-8.4540 opt_step=-8.4540 gap0=845.400 dret=-35.010 eval_ret=n/a pursuer_target_distance=4.730 capture=0.000 score=0.000 pol=-0.0013 val=0.0170 ent=1.5215 tot=-0.0048 agnorm=0.064 cgnorm=0.057 kl=0.0026 clipf=0.023 ev=+0.689 r0=1.0000 entcoef=7.88e-03 lr=5.4e-04 seed=1
iter= 148 step= 476800 ep_ret=-852.738 opt_ret=-852.738 step_rew=-8.5274 opt_step=-8.5274 gap0=852.738 dret=-42.348 eval_ret=n/a pursuer_target_distance=3.922 capture=0.000 score=0.000 pol=-0.0004 val=0.0197 ent=1.5312 tot=-0.0026 agnorm=0.029 cgnorm=0.065 kl=0.0012 clipf=0.004 ev=+0.615 r0=1.0000 entcoef=7.87e-03 lr=5.4e-04 seed=1
iter= 149 step= 480000 ep_ret=-840.769 opt_ret=-840.769 step_rew=-8.4077 opt_step=-8.4077 gap0=840.769 dret=-30.379 eval_ret=n/a pursuer_target_distance=4.395 capture=0.000 score=0.000 pol=-0.0005 val=0.0160 ent=1.5392 tot=-0.0046 agnorm=0.035 cgnorm=0.058 kl=0.0007 clipf=0.001 ev=+0.650 r0=1.0000 entcoef=7.85e-03 lr=5.4e-04 seed=1
iter= 150 step= 483200 ep_ret=-827.451 opt_ret=-827.451 step_rew=-8.2745 opt_step=-8.2745 gap0=827.451 dret=-17.061 eval_ret=n/a pursuer_target_distance=4.335 capture=0.000 score=0.000 pol=-0.0015 val=0.0153 ent=1.5326 tot=-0.0058 agnorm=0.065 cgnorm=0.062 kl=0.0026 clipf=0.013 ev=+0.682 r0=1.0000 entcoef=7.84e-03 lr=5.3e-04 seed=1
iter= 151 step= 486400 ep_ret=-793.142 opt_ret=-793.142 step_rew=-7.9314 opt_step=-7.9314 gap0=793.142 dret=+17.248 eval_ret=n/a pursuer_target_distance=4.247 capture=0.000 score=0.000 pol=-0.0006 val=0.0117 ent=1.5193 tot=-0.0066 agnorm=0.036 cgnorm=0.060 kl=0.0017 clipf=0.012 ev=+0.679 r0=1.0000 entcoef=7.82e-03 lr=5.3e-04 seed=1
iter= 152 step= 489600 ep_ret=-777.468 opt_ret=-777.468 step_rew=-7.7747 opt_step=-7.7747 gap0=777.468 dret=+32.922 eval_ret=n/a pursuer_target_distance=3.047 capture=0.000 score=0.000 pol=-0.0006 val=0.0110 ent=1.5248 tot=-0.0070 agnorm=0.030 cgnorm=0.046 kl=0.0008 clipf=0.002 ev=+0.764 r0=1.0000 entcoef=7.81e-03 lr=5.3e-04 seed=1
iter= 153 step= 492800 ep_ret=-775.748 opt_ret=-775.748 step_rew=-7.7575 opt_step=-7.7575 gap0=775.748 dret=+34.642 eval_ret=n/a pursuer_target_distance=3.526 capture=0.000 score=0.000 pol=-0.0007 val=0.0083 ent=1.5372 tot=-0.0085 agnorm=0.032 cgnorm=0.045 kl=0.0018 clipf=0.005 ev=+0.738 r0=1.0000 entcoef=7.79e-03 lr=5.3e-04 seed=1
iter= 154 step= 496000 ep_ret=-801.946 opt_ret=-801.946 step_rew=-8.0195 opt_step=-8.0195 gap0=801.946 dret=+8.444 eval_ret=n/a pursuer_target_distance=3.901 capture=0.000 score=0.000 pol=-0.0005 val=0.0153 ent=1.5514 tot=-0.0049 agnorm=0.023 cgnorm=0.050 kl=0.0009 clipf=0.000 ev=+0.723 r0=1.0000 entcoef=7.78e-03 lr=5.3e-04 seed=1
iter= 155 step= 499200 ep_ret=-779.228 opt_ret=-779.228 step_rew=-7.7923 opt_step=-7.7923 gap0=779.228 dret=+31.162 eval_ret=n/a pursuer_target_distance=3.436 capture=0.000 score=0.000 pol=-0.0010 val=0.0145 ent=1.5455 tot=-0.0057 agnorm=0.042 cgnorm=0.057 kl=0.0015 clipf=0.009 ev=+0.663 r0=1.0000 entcoef=7.76e-03 lr=5.3e-04 seed=1
iter= 156 step= 502400 ep_ret=-740.859 opt_ret=-740.859 step_rew=-7.4086 opt_step=-7.4086 gap0=740.859 dret=+69.531 eval_ret=n/a pursuer_target_distance=3.409 capture=0.000 score=0.000 pol=-0.0009 val=0.0154 ent=1.5551 tot=-0.0053 agnorm=0.058 cgnorm=0.057 kl=0.0022 clipf=0.017 ev=+0.743 r0=1.0000 entcoef=7.75e-03 lr=5.3e-04 seed=1
iter= 157 step= 505600 ep_ret=-784.001 opt_ret=-784.001 step_rew=-7.8400 opt_step=-7.8400 gap0=784.001 dret=+26.389 eval_ret=n/a pursuer_target_distance=4.131 capture=0.000 score=0.000 pol=-0.0003 val=0.0111 ent=1.5571 tot=-0.0068 agnorm=0.024 cgnorm=0.043 kl=0.0012 clipf=0.000 ev=+0.744 r0=1.0000 entcoef=7.74e-03 lr=5.3e-04 seed=1
iter= 158 step= 508800 ep_ret=-770.089 opt_ret=-770.089 step_rew=-7.7009 opt_step=-7.7009 gap0=770.089 dret=+40.301 eval_ret=n/a pursuer_target_distance=3.599 capture=0.000 score=0.000 pol=-0.0008 val=0.0137 ent=1.5481 tot=-0.0059 agnorm=0.033 cgnorm=0.050 kl=0.0015 clipf=0.003 ev=+0.674 r0=1.0000 entcoef=7.72e-03 lr=5.3e-04 seed=1
iter= 159 step= 512000 ep_ret=-816.603 opt_ret=-816.603 step_rew=-8.1660 opt_step=-8.1660 gap0=816.603 dret=-6.213 eval_ret=n/a pursuer_target_distance=4.291 capture=0.000 score=0.000 pol=-0.0005 val=0.0119 ent=1.5385 tot=-0.0064 agnorm=0.026 cgnorm=0.049 kl=0.0009 clipf=0.001 ev=+0.527 r0=1.0000 entcoef=7.71e-03 lr=5.2e-04 seed=1
iter= 160 step= 515200 ep_ret=-732.686 opt_ret=-732.686 step_rew=-7.3269 opt_step=-7.3269 gap0=732.686 dret=+77.703 eval_ret=-658.208 pursuer_target_distance=3.406 capture=0.000 score=0.000 pol=-0.0004 val=0.0124 ent=1.5304 tot=-0.0060 agnorm=0.031 cgnorm=0.052 kl=0.0004 clipf=0.000 ev=+0.675 r0=1.0000 entcoef=7.69e-03 lr=5.2e-04 seed=1
iter= 161 step= 518400 ep_ret=-726.986 opt_ret=-726.986 step_rew=-7.2699 opt_step=-7.2699 gap0=726.986 dret=+83.404 eval_ret=n/a pursuer_target_distance=3.902 capture=0.000 score=0.000 pol=-0.0008 val=0.0120 ent=1.5270 tot=-0.0065 agnorm=0.033 cgnorm=0.048 kl=0.0012 clipf=0.004 ev=+0.791 r0=1.0000 entcoef=7.68e-03 lr=5.2e-04 seed=1
iter= 162 step= 521600 ep_ret=-823.149 opt_ret=-823.149 step_rew=-8.2315 opt_step=-8.2315 gap0=823.149 dret=-12.760 eval_ret=n/a pursuer_target_distance=3.980 capture=0.000 score=0.000 pol=-0.0006 val=0.0228 ent=1.5322 tot=-0.0009 agnorm=0.027 cgnorm=0.071 kl=0.0012 clipf=0.001 ev=+0.484 r0=1.0000 entcoef=7.66e-03 lr=5.2e-04 seed=1
iter= 163 step= 524800 ep_ret=-715.602 opt_ret=-715.602 step_rew=-7.1560 opt_step=-7.1560 gap0=715.602 dret=+94.787 eval_ret=n/a pursuer_target_distance=3.271 capture=0.000 score=0.000 pol=-0.0005 val=0.0117 ent=1.5281 tot=-0.0063 agnorm=0.026 cgnorm=0.048 kl=0.0011 clipf=0.000 ev=+0.724 r0=1.0000 entcoef=7.65e-03 lr=5.2e-04 seed=1
iter= 164 step= 528000 ep_ret=-796.709 opt_ret=-796.709 step_rew=-7.9671 opt_step=-7.9671 gap0=796.709 dret=+13.681 eval_ret=n/a pursuer_target_distance=4.198 capture=0.000 score=0.000 pol=-0.0003 val=0.0132 ent=1.5091 tot=-0.0052 agnorm=0.028 cgnorm=0.047 kl=0.0006 clipf=0.000 ev=+0.684 r0=1.0000 entcoef=7.63e-03 lr=5.2e-04 seed=1
iter= 165 step= 531200 ep_ret=-795.133 opt_ret=-795.133 step_rew=-7.9513 opt_step=-7.9513 gap0=795.133 dret=+15.257 eval_ret=n/a pursuer_target_distance=4.259 capture=0.000 score=0.000 pol=-0.0007 val=0.0186 ent=1.5093 tot=-0.0029 agnorm=0.044 cgnorm=0.049 kl=0.0009 clipf=0.000 ev=+0.542 r0=1.0000 entcoef=7.62e-03 lr=5.2e-04 seed=1
iter= 166 step= 534400 ep_ret=-738.992 opt_ret=-738.992 step_rew=-7.3899 opt_step=-7.3899 gap0=738.992 dret=+71.398 eval_ret=n/a pursuer_target_distance=3.456 capture=0.000 score=0.000 pol=-0.0007 val=0.0140 ent=1.4980 tot=-0.0051 agnorm=0.028 cgnorm=0.058 kl=0.0023 clipf=0.004 ev=+0.626 r0=1.0000 entcoef=7.61e-03 lr=5.2e-04 seed=1
iter= 167 step= 537600 ep_ret=-787.568 opt_ret=-787.568 step_rew=-7.8757 opt_step=-7.8757 gap0=787.568 dret=+22.821 eval_ret=n/a pursuer_target_distance=4.253 capture=0.000 score=0.000 pol=-0.0005 val=0.0127 ent=1.4671 tot=-0.0053 agnorm=0.030 cgnorm=0.050 kl=0.0006 clipf=0.001 ev=+0.574 r0=1.0000 entcoef=7.59e-03 lr=5.2e-04 seed=1
iter= 168 step= 540800 ep_ret=-731.813 opt_ret=-731.813 step_rew=-7.3181 opt_step=-7.3181 gap0=731.813 dret=+78.577 eval_ret=n/a pursuer_target_distance=3.161 capture=0.000 score=0.000 pol=-0.0008 val=0.0134 ent=1.4864 tot=-0.0053 agnorm=0.036 cgnorm=0.052 kl=0.0013 clipf=0.005 ev=+0.585 r0=1.0000 entcoef=7.58e-03 lr=5.1e-04 seed=1
iter= 169 step= 544000 ep_ret=-799.109 opt_ret=-799.109 step_rew=-7.9911 opt_step=-7.9911 gap0=799.109 dret=+11.281 eval_ret=n/a pursuer_target_distance=3.896 capture=0.000 score=0.000 pol=-0.0006 val=0.0142 ent=1.5026 tot=-0.0049 agnorm=0.038 cgnorm=0.048 kl=0.0015 clipf=0.007 ev=+0.583 r0=1.0000 entcoef=7.56e-03 lr=5.1e-04 seed=1
iter= 170 step= 547200 ep_ret=-830.301 opt_ret=-830.301 step_rew=-8.3030 opt_step=-8.3030 gap0=830.301 dret=-19.911 eval_ret=n/a pursuer_target_distance=3.546 capture=0.000 score=0.000 pol=-0.0006 val=0.0133 ent=1.5191 tot=-0.0054 agnorm=0.035 cgnorm=0.050 kl=0.0007 clipf=0.000 ev=+0.628 r0=1.0000 entcoef=7.55e-03 lr=5.1e-04 seed=1
iter= 171 step= 550400 ep_ret=-838.480 opt_ret=-838.480 step_rew=-8.3848 opt_step=-8.3848 gap0=838.480 dret=-28.091 eval_ret=n/a pursuer_target_distance=4.721 capture=0.000 score=0.000 pol=-0.0007 val=0.0166 ent=1.5368 tot=-0.0040 agnorm=0.045 cgnorm=0.051 kl=0.0023 clipf=0.013 ev=+0.692 r0=1.0000 entcoef=7.53e-03 lr=5.1e-04 seed=1
iter= 172 step= 553600 ep_ret=-832.708 opt_ret=-832.708 step_rew=-8.3271 opt_step=-8.3271 gap0=832.708 dret=-22.318 eval_ret=n/a pursuer_target_distance=3.892 capture=0.000 score=0.000 pol=-0.0008 val=0.0186 ent=1.5237 tot=-0.0029 agnorm=0.034 cgnorm=0.051 kl=0.0016 clipf=0.007 ev=+0.503 r0=1.0000 entcoef=7.52e-03 lr=5.1e-04 seed=1
iter= 173 step= 556800 ep_ret=-717.235 opt_ret=-717.235 step_rew=-7.1724 opt_step=-7.1724 gap0=717.235 dret=+93.154 eval_ret=n/a pursuer_target_distance=3.639 capture=0.000 score=0.000 pol=-0.0004 val=0.0127 ent=1.5175 tot=-0.0054 agnorm=0.024 cgnorm=0.044 kl=0.0007 clipf=0.001 ev=+0.628 r0=1.0000 entcoef=7.50e-03 lr=5.1e-04 seed=1
iter= 174 step= 560000 ep_ret=-809.338 opt_ret=-809.338 step_rew=-8.0934 opt_step=-8.0934 gap0=809.338 dret=+1.051 eval_ret=n/a pursuer_target_distance=3.383 capture=0.000 score=0.000 pol=-0.0009 val=0.0158 ent=1.5219 tot=-0.0044 agnorm=0.041 cgnorm=0.053 kl=0.0009 clipf=0.003 ev=+0.566 r0=1.0000 entcoef=7.49e-03 lr=5.1e-04 seed=1
iter= 175 step= 563200 ep_ret=-749.799 opt_ret=-749.799 step_rew=-7.4980 opt_step=-7.4980 gap0=749.799 dret=+60.591 eval_ret=n/a pursuer_target_distance=3.686 capture=0.000 score=0.000 pol=-0.0006 val=0.0153 ent=1.5168 tot=-0.0043 agnorm=0.034 cgnorm=0.050 kl=0.0010 clipf=0.000 ev=+0.700 r0=1.0000 entcoef=7.48e-03 lr=5.1e-04 seed=1
iter= 176 step= 566400 ep_ret=-818.283 opt_ret=-818.283 step_rew=-8.1828 opt_step=-8.1828 gap0=818.283 dret=-7.894 eval_ret=n/a pursuer_target_distance=3.621 capture=0.000 score=0.000 pol=-0.0003 val=0.0199 ent=1.5054 tot=-0.0015 agnorm=0.022 cgnorm=0.051 kl=0.0005 clipf=0.000 ev=+0.454 r0=1.0000 entcoef=7.46e-03 lr=5.1e-04 seed=1
iter= 177 step= 569600 ep_ret=-849.904 opt_ret=-849.904 step_rew=-8.4990 opt_step=-8.4990 gap0=849.904 dret=-39.515 eval_ret=n/a pursuer_target_distance=3.968 capture=0.000 score=0.000 pol=-0.0005 val=0.0212 ent=1.5024 tot=-0.0011 agnorm=0.022 cgnorm=0.058 kl=0.0007 clipf=0.000 ev=+0.430 r0=1.0000 entcoef=7.45e-03 lr=5.0e-04 seed=1
iter= 178 step= 572800 ep_ret=-812.348 opt_ret=-812.348 step_rew=-8.1235 opt_step=-8.1235 gap0=812.348 dret=-1.958 eval_ret=n/a pursuer_target_distance=3.775 capture=0.000 score=0.000 pol=-0.0006 val=0.0112 ent=1.4968 tot=-0.0062 agnorm=0.036 cgnorm=0.042 kl=0.0012 clipf=0.008 ev=+0.719 r0=1.0000 entcoef=7.43e-03 lr=5.0e-04 seed=1
iter= 179 step= 576000 ep_ret=-754.140 opt_ret=-754.140 step_rew=-7.5414 opt_step=-7.5414 gap0=754.140 dret=+56.250 eval_ret=n/a pursuer_target_distance=3.701 capture=0.000 score=0.000 pol=-0.0005 val=0.0171 ent=1.4817 tot=-0.0029 agnorm=0.024 cgnorm=0.049 kl=0.0007 clipf=0.000 ev=+0.607 r0=1.0000 entcoef=7.42e-03 lr=5.0e-04 seed=1
iter= 180 step= 579200 ep_ret=-788.497 opt_ret=-788.497 step_rew=-7.8850 opt_step=-7.8850 gap0=788.497 dret=+21.893 eval_ret=-627.971 pursuer_target_distance=3.583 capture=0.000 score=0.000 pol=-0.0011 val=0.0153 ent=1.4679 tot=-0.0043 agnorm=0.046 cgnorm=0.053 kl=0.0021 clipf=0.014 ev=+0.442 r0=1.0000 entcoef=7.40e-03 lr=5.0e-04 seed=1
iter= 181 step= 582400 ep_ret=-852.744 opt_ret=-852.744 step_rew=-8.5274 opt_step=-8.5274 gap0=852.744 dret=-42.354 eval_ret=n/a pursuer_target_distance=3.839 capture=0.000 score=0.000 pol=-0.0009 val=0.0234 ent=1.4208 tot=+0.0003 agnorm=0.034 cgnorm=0.056 kl=0.0015 clipf=0.005 ev=+0.482 r0=1.0000 entcoef=7.39e-03 lr=5.0e-04 seed=1
iter= 182 step= 585600 ep_ret=-882.142 opt_ret=-882.142 step_rew=-8.8214 opt_step=-8.8214 gap0=882.142 dret=-71.752 eval_ret=n/a pursuer_target_distance=4.317 capture=0.000 score=0.000 pol=-0.0005 val=0.0245 ent=1.4340 tot=+0.0012 agnorm=0.025 cgnorm=0.062 kl=0.0010 clipf=0.000 ev=+0.425 r0=1.0000 entcoef=7.37e-03 lr=5.0e-04 seed=1
iter= 183 step= 588800 ep_ret=-755.038 opt_ret=-755.038 step_rew=-7.5504 opt_step=-7.5504 gap0=755.038 dret=+55.352 eval_ret=n/a pursuer_target_distance=3.928 capture=0.000 score=0.000 pol=-0.0008 val=0.0130 ent=1.4372 tot=-0.0049 agnorm=0.027 cgnorm=0.043 kl=0.0016 clipf=0.004 ev=+0.677 r0=1.0000 entcoef=7.36e-03 lr=5.0e-04 seed=1
iter= 184 step= 592000 ep_ret=-806.147 opt_ret=-806.147 step_rew=-8.0615 opt_step=-8.0615 gap0=806.147 dret=+4.243 eval_ret=n/a pursuer_target_distance=4.078 capture=0.000 score=0.000 pol=-0.0009 val=0.0114 ent=1.4262 tot=-0.0056 agnorm=0.034 cgnorm=0.042 kl=0.0015 clipf=0.011 ev=+0.682 r0=1.0000 entcoef=7.35e-03 lr=5.0e-04 seed=1
iter= 185 step= 595200 ep_ret=-810.315 opt_ret=-810.315 step_rew=-8.1032 opt_step=-8.1032 gap0=810.315 dret=+0.074 eval_ret=n/a pursuer_target_distance=3.900 capture=0.000 score=0.000 pol=-0.0008 val=0.0157 ent=1.4132 tot=-0.0033 agnorm=0.039 cgnorm=0.054 kl=0.0012 clipf=0.004 ev=+0.542 r0=1.0000 entcoef=7.33e-03 lr=5.0e-04 seed=1
iter= 186 step= 598400 ep_ret=-769.467 opt_ret=-769.467 step_rew=-7.6947 opt_step=-7.6947 gap0=769.467 dret=+40.923 eval_ret=n/a pursuer_target_distance=4.057 capture=0.000 score=0.000 pol=-0.0009 val=0.0217 ent=1.4171 tot=-0.0004 agnorm=0.037 cgnorm=0.055 kl=0.0014 clipf=0.008 ev=+0.494 r0=1.0000 entcoef=7.32e-03 lr=4.9e-04 seed=1
iter= 187 step= 601600 ep_ret=-889.656 opt_ret=-889.656 step_rew=-8.8966 opt_step=-8.8966 gap0=889.656 dret=-79.266 eval_ret=n/a pursuer_target_distance=4.473 capture=0.000 score=0.000 pol=-0.0006 val=0.0167 ent=1.4012 tot=-0.0025 agnorm=0.037 cgnorm=0.054 kl=0.0013 clipf=0.007 ev=+0.532 r0=1.0000 entcoef=7.30e-03 lr=4.9e-04 seed=1
iter= 188 step= 604800 ep_ret=-868.269 opt_ret=-868.269 step_rew=-8.6827 opt_step=-8.6827 gap0=868.269 dret=-57.879 eval_ret=n/a pursuer_target_distance=4.782 capture=0.000 score=0.000 pol=-0.0004 val=0.0216 ent=1.3954 tot=+0.0002 agnorm=0.025 cgnorm=0.063 kl=0.0012 clipf=0.002 ev=+0.358 r0=1.0000 entcoef=7.29e-03 lr=4.9e-04 seed=1
iter= 189 step= 608000 ep_ret=-814.732 opt_ret=-814.732 step_rew=-8.1473 opt_step=-8.1473 gap0=814.732 dret=-4.343 eval_ret=n/a pursuer_target_distance=3.805 capture=0.000 score=0.000 pol=-0.0007 val=0.0221 ent=1.4383 tot=-0.0002 agnorm=0.032 cgnorm=0.059 kl=0.0013 clipf=0.005 ev=+0.627 r0=1.0000 entcoef=7.27e-03 lr=4.9e-04 seed=1
iter= 190 step= 611200 ep_ret=-753.607 opt_ret=-753.607 step_rew=-7.5361 opt_step=-7.5361 gap0=753.607 dret=+56.782 eval_ret=n/a pursuer_target_distance=3.557 capture=0.000 score=0.000 pol=-0.0006 val=0.0087 ent=1.4344 tot=-0.0067 agnorm=0.021 cgnorm=0.042 kl=0.0010 clipf=0.002 ev=+0.753 r0=1.0000 entcoef=7.26e-03 lr=4.9e-04 seed=1
iter= 191 step= 614400 ep_ret=-797.687 opt_ret=-797.687 step_rew=-7.9769 opt_step=-7.9769 gap0=797.687 dret=+12.703 eval_ret=n/a pursuer_target_distance=3.899 capture=0.000 score=0.000 pol=-0.0010 val=0.0224 ent=1.4493 tot=-0.0003 agnorm=0.038 cgnorm=0.060 kl=0.0016 clipf=0.009 ev=+0.562 r0=1.0000 entcoef=7.25e-03 lr=4.9e-04 seed=1
iter= 192 step= 617600 ep_ret=-877.478 opt_ret=-877.478 step_rew=-8.7748 opt_step=-8.7748 gap0=877.478 dret=-67.088 eval_ret=n/a pursuer_target_distance=4.568 capture=0.000 score=0.000 pol=-0.0003 val=0.0163 ent=1.4530 tot=-0.0027 agnorm=0.023 cgnorm=0.051 kl=0.0007 clipf=0.000 ev=+0.617 r0=1.0000 entcoef=7.23e-03 lr=4.9e-04 seed=1
iter= 193 step= 620800 ep_ret=-818.338 opt_ret=-818.338 step_rew=-8.1834 opt_step=-8.1834 gap0=818.338 dret=-7.948 eval_ret=n/a pursuer_target_distance=3.505 capture=0.000 score=0.000 pol=-0.0005 val=0.0112 ent=1.4512 tot=-0.0053 agnorm=0.031 cgnorm=0.042 kl=0.0004 clipf=0.000 ev=+0.720 r0=1.0000 entcoef=7.22e-03 lr=4.9e-04 seed=1
iter= 194 step= 624000 ep_ret=-853.729 opt_ret=-853.729 step_rew=-8.5373 opt_step=-8.5373 gap0=853.729 dret=-43.339 eval_ret=n/a pursuer_target_distance=4.745 capture=0.000 score=0.000 pol=-0.0006 val=0.0103 ent=1.4698 tot=-0.0060 agnorm=0.037 cgnorm=0.045 kl=0.0014 clipf=0.007 ev=+0.711 r0=1.0000 entcoef=7.20e-03 lr=4.9e-04 seed=1
iter= 195 step= 627200 ep_ret=-837.156 opt_ret=-837.156 step_rew=-8.3716 opt_step=-8.3716 gap0=837.156 dret=-26.766 eval_ret=n/a pursuer_target_distance=4.542 capture=0.000 score=0.000 pol=-0.0003 val=0.0191 ent=1.4865 tot=-0.0015 agnorm=0.020 cgnorm=0.056 kl=0.0007 clipf=0.001 ev=+0.577 r0=1.0000 entcoef=7.19e-03 lr=4.8e-04 seed=1
iter= 196 step= 630400 ep_ret=-838.957 opt_ret=-838.957 step_rew=-8.3896 opt_step=-8.3896 gap0=838.957 dret=-28.567 eval_ret=n/a pursuer_target_distance=4.097 capture=0.000 score=0.000 pol=-0.0008 val=0.0200 ent=1.4764 tot=-0.0014 agnorm=0.040 cgnorm=0.058 kl=0.0011 clipf=0.004 ev=+0.631 r0=1.0000 entcoef=7.17e-03 lr=4.8e-04 seed=1
iter= 197 step= 633600 ep_ret=-853.539 opt_ret=-853.539 step_rew=-8.5354 opt_step=-8.5354 gap0=853.539 dret=-43.149 eval_ret=n/a pursuer_target_distance=3.806 capture=0.000 score=0.000 pol=-0.0005 val=0.0200 ent=1.4755 tot=-0.0010 agnorm=0.040 cgnorm=0.056 kl=0.0008 clipf=0.003 ev=+0.698 r0=1.0000 entcoef=7.16e-03 lr=4.8e-04 seed=1
iter= 198 step= 636800 ep_ret=-785.730 opt_ret=-785.730 step_rew=-7.8573 opt_step=-7.8573 gap0=785.730 dret=+24.660 eval_ret=n/a pursuer_target_distance=3.395 capture=0.000 score=0.000 pol=-0.0007 val=0.0163 ent=1.4857 tot=-0.0032 agnorm=0.027 cgnorm=0.049 kl=0.0012 clipf=0.001 ev=+0.592 r0=1.0000 entcoef=7.14e-03 lr=4.8e-04 seed=1
iter= 199 step= 640000 ep_ret=-801.991 opt_ret=-801.991 step_rew=-8.0199 opt_step=-8.0199 gap0=801.991 dret=+8.398 eval_ret=n/a pursuer_target_distance=3.231 capture=0.000 score=0.000 pol=-0.0007 val=0.0186 ent=1.4885 tot=-0.0020 agnorm=0.026 cgnorm=0.051 kl=0.0011 clipf=0.001 ev=+0.560 r0=1.0000 entcoef=7.13e-03 lr=4.8e-04 seed=1
iter= 200 step= 643200 ep_ret=-817.100 opt_ret=-817.100 step_rew=-8.1710 opt_step=-8.1710 gap0=817.100 dret=-6.710 eval_ret=-536.345 pursuer_target_distance=3.862 capture=0.000 score=0.000 pol=-0.0007 val=0.0143 ent=1.4764 tot=-0.0041 agnorm=0.033 cgnorm=0.051 kl=0.0011 clipf=0.006 ev=+0.513 r0=1.0000 entcoef=7.12e-03 lr=4.8e-04 seed=1
iter= 201 step= 646400 ep_ret=-827.063 opt_ret=-827.063 step_rew=-8.2706 opt_step=-8.2706 gap0=827.063 dret=-16.673 eval_ret=n/a pursuer_target_distance=3.567 capture=0.000 score=0.000 pol=-0.0009 val=0.0220 ent=1.4813 tot=-0.0005 agnorm=0.049 cgnorm=0.061 kl=0.0018 clipf=0.012 ev=+0.545 r0=1.0000 entcoef=7.10e-03 lr=4.8e-04 seed=1
iter= 202 step= 649600 ep_ret=-779.139 opt_ret=-779.139 step_rew=-7.7914 opt_step=-7.7914 gap0=779.139 dret=+31.251 eval_ret=n/a pursuer_target_distance=3.849 capture=0.000 score=0.000 pol=-0.0009 val=0.0186 ent=1.4911 tot=-0.0021 agnorm=0.035 cgnorm=0.063 kl=0.0018 clipf=0.011 ev=+0.466 r0=1.0000 entcoef=7.09e-03 lr=4.8e-04 seed=1
iter= 203 step= 652800 ep_ret=-793.904 opt_ret=-793.904 step_rew=-7.9390 opt_step=-7.9390 gap0=793.904 dret=+16.486 eval_ret=n/a pursuer_target_distance=3.846 capture=0.000 score=0.000 pol=-0.0010 val=0.0148 ent=1.4860 tot=-0.0041 agnorm=0.034 cgnorm=0.044 kl=0.0016 clipf=0.005 ev=+0.600 r0=1.0000 entcoef=7.07e-03 lr=4.8e-04 seed=1
iter= 204 step= 656000 ep_ret=-794.020 opt_ret=-794.020 step_rew=-7.9402 opt_step=-7.9402 gap0=794.020 dret=+16.370 eval_ret=n/a pursuer_target_distance=3.634 capture=0.000 score=0.000 pol=-0.0005 val=0.0144 ent=1.4967 tot=-0.0038 agnorm=0.023 cgnorm=0.049 kl=0.0010 clipf=0.001 ev=+0.621 r0=1.0000 entcoef=7.06e-03 lr=4.7e-04 seed=1
iter= 205 step= 659200 ep_ret=-777.448 opt_ret=-777.448 step_rew=-7.7745 opt_step=-7.7745 gap0=777.448 dret=+32.942 eval_ret=n/a pursuer_target_distance=3.858 capture=0.000 score=0.000 pol=-0.0006 val=0.0214 ent=1.5014 tot=-0.0004 agnorm=0.033 cgnorm=0.055 kl=0.0009 clipf=0.002 ev=+0.460 r0=1.0000 entcoef=7.04e-03 lr=4.7e-04 seed=1
iter= 206 step= 662400 ep_ret=-821.442 opt_ret=-821.442 step_rew=-8.2144 opt_step=-8.2144 gap0=821.442 dret=-11.053 eval_ret=n/a pursuer_target_distance=4.016 capture=0.000 score=0.000 pol=-0.0003 val=0.0163 ent=1.5284 tot=-0.0029 agnorm=0.030 cgnorm=0.056 kl=0.0006 clipf=0.000 ev=+0.318 r0=1.0000 entcoef=7.03e-03 lr=4.7e-04 seed=1
iter= 207 step= 665600 ep_ret=-734.425 opt_ret=-734.425 step_rew=-7.3442 opt_step=-7.3442 gap0=734.425 dret=+75.965 eval_ret=n/a pursuer_target_distance=3.692 capture=0.000 score=0.000 pol=-0.0006 val=0.0153 ent=1.5203 tot=-0.0036 agnorm=0.038 cgnorm=0.047 kl=0.0012 clipf=0.001 ev=+0.599 r0=1.0000 entcoef=7.01e-03 lr=4.7e-04 seed=1
iter= 208 step= 668800 ep_ret=-787.076 opt_ret=-787.076 step_rew=-7.8708 opt_step=-7.8708 gap0=787.076 dret=+23.314 eval_ret=n/a pursuer_target_distance=3.914 capture=0.000 score=0.000 pol=-0.0008 val=0.0241 ent=1.5351 tot=+0.0005 agnorm=0.050 cgnorm=0.062 kl=0.0015 clipf=0.006 ev=+0.494 r0=1.0000 entcoef=7.00e-03 lr=4.7e-04 seed=1
iter= 209 step= 672000 ep_ret=-737.979 opt_ret=-737.979 step_rew=-7.3798 opt_step=-7.3798 gap0=737.979 dret=+72.411 eval_ret=n/a pursuer_target_distance=3.707 capture=0.000 score=0.000 pol=-0.0006 val=0.0224 ent=1.5387 tot=-0.0001 agnorm=0.035 cgnorm=0.061 kl=0.0008 clipf=0.000 ev=+0.543 r0=1.0000 entcoef=6.99e-03 lr=4.7e-04 seed=1
iter= 210 step= 675200 ep_ret=-867.767 opt_ret=-867.767 step_rew=-8.6777 opt_step=-8.6777 gap0=867.767 dret=-57.378 eval_ret=n/a pursuer_target_distance=4.516 capture=0.000 score=0.000 pol=-0.0010 val=0.0216 ent=1.5093 tot=-0.0007 agnorm=0.065 cgnorm=0.064 kl=0.0023 clipf=0.018 ev=+0.470 r0=1.0000 entcoef=6.97e-03 lr=4.7e-04 seed=1
iter= 211 step= 678400 ep_ret=-667.901 opt_ret=-667.901 step_rew=-6.6790 opt_step=-6.6790 gap0=667.901 dret=+142.488 eval_ret=n/a pursuer_target_distance=2.904 capture=0.000 score=0.000 pol=-0.0007 val=0.0236 ent=1.5251 tot=+0.0005 agnorm=0.043 cgnorm=0.059 kl=0.0018 clipf=0.006 ev=+0.494 r0=1.0000 entcoef=6.96e-03 lr=4.7e-04 seed=1
iter= 212 step= 681600 ep_ret=-744.068 opt_ret=-744.068 step_rew=-7.4407 opt_step=-7.4407 gap0=744.068 dret=+66.322 eval_ret=n/a pursuer_target_distance=3.388 capture=0.000 score=0.000 pol=-0.0004 val=0.0132 ent=1.5195 tot=-0.0043 agnorm=0.022 cgnorm=0.041 kl=0.0011 clipf=0.001 ev=+0.643 r0=1.0000 entcoef=6.94e-03 lr=4.7e-04 seed=1
iter= 213 step= 684800 ep_ret=-858.692 opt_ret=-858.692 step_rew=-8.5869 opt_step=-8.5869 gap0=858.692 dret=-48.302 eval_ret=n/a pursuer_target_distance=4.477 capture=0.000 score=0.000 pol=-0.0007 val=0.0206 ent=1.5003 tot=-0.0008 agnorm=0.034 cgnorm=0.057 kl=0.0008 clipf=0.000 ev=+0.538 r0=1.0000 entcoef=6.93e-03 lr=4.6e-04 seed=1
iter= 214 step= 688000 ep_ret=-789.797 opt_ret=-789.797 step_rew=-7.8980 opt_step=-7.8980 gap0=789.797 dret=+20.593 eval_ret=n/a pursuer_target_distance=3.895 capture=0.000 score=0.000 pol=-0.0006 val=0.0205 ent=1.4968 tot=-0.0007 agnorm=0.025 cgnorm=0.060 kl=0.0012 clipf=0.002 ev=+0.484 r0=1.0000 entcoef=6.91e-03 lr=4.6e-04 seed=1
iter= 215 step= 691200 ep_ret=-794.887 opt_ret=-794.887 step_rew=-7.9489 opt_step=-7.9489 gap0=794.887 dret=+15.503 eval_ret=n/a pursuer_target_distance=4.133 capture=0.000 score=0.000 pol=-0.0009 val=0.0204 ent=1.4697 tot=-0.0008 agnorm=0.033 cgnorm=0.054 kl=0.0009 clipf=0.002 ev=+0.598 r0=1.0000 entcoef=6.90e-03 lr=4.6e-04 seed=1
iter= 216 step= 694400 ep_ret=-727.423 opt_ret=-727.423 step_rew=-7.2742 opt_step=-7.2742 gap0=727.423 dret=+82.967 eval_ret=n/a pursuer_target_distance=3.294 capture=0.000 score=0.000 pol=-0.0005 val=0.0118 ent=1.4655 tot=-0.0047 agnorm=0.024 cgnorm=0.047 kl=0.0011 clipf=0.001 ev=+0.765 r0=1.0000 entcoef=6.88e-03 lr=4.6e-04 seed=1
iter= 217 step= 697600 ep_ret=-797.034 opt_ret=-797.034 step_rew=-7.9703 opt_step=-7.9703 gap0=797.034 dret=+13.355 eval_ret=n/a pursuer_target_distance=4.210 capture=0.000 score=0.000 pol=-0.0011 val=0.0216 ent=1.4517 tot=-0.0003 agnorm=0.041 cgnorm=0.058 kl=0.0017 clipf=0.007 ev=+0.523 r0=1.0000 entcoef=6.87e-03 lr=4.6e-04 seed=1
iter= 218 step= 700800 ep_ret=-693.509 opt_ret=-693.509 step_rew=-6.9351 opt_step=-6.9351 gap0=693.509 dret=+116.881 eval_ret=n/a pursuer_target_distance=3.365 capture=0.000 score=0.000 pol=-0.0009 val=0.0159 ent=1.4463 tot=-0.0029 agnorm=0.036 cgnorm=0.054 kl=0.0011 clipf=0.003 ev=+0.683 r0=1.0000 entcoef=6.86e-03 lr=4.6e-04 seed=1
iter= 219 step= 704000 ep_ret=-825.913 opt_ret=-825.913 step_rew=-8.2591 opt_step=-8.2591 gap0=825.913 dret=-15.524 eval_ret=n/a pursuer_target_distance=4.108 capture=0.000 score=0.000 pol=-0.0007 val=0.0238 ent=1.4706 tot=+0.0011 agnorm=0.033 cgnorm=0.056 kl=0.0010 clipf=0.002 ev=+0.500 r0=1.0000 entcoef=6.84e-03 lr=4.6e-04 seed=1
iter= 220 step= 707200 ep_ret=-852.926 opt_ret=-852.926 step_rew=-8.5293 opt_step=-8.5293 gap0=852.926 dret=-42.536 eval_ret=-456.253 pursuer_target_distance=4.394 capture=0.000 score=0.000 pol=-0.0003 val=0.0286 ent=1.4987 tot=+0.0037 agnorm=0.025 cgnorm=0.062 kl=0.0009 clipf=0.000 ev=+0.369 r0=1.0000 entcoef=6.83e-03 lr=4.6e-04 seed=1
iter= 221 step= 710400 ep_ret=-802.881 opt_ret=-802.881 step_rew=-8.0288 opt_step=-8.0288 gap0=802.881 dret=+7.508 eval_ret=n/a pursuer_target_distance=4.120 capture=0.000 score=0.000 pol=-0.0007 val=0.0169 ent=1.5028 tot=-0.0026 agnorm=0.037 cgnorm=0.050 kl=0.0013 clipf=0.003 ev=+0.399 r0=1.0000 entcoef=6.81e-03 lr=4.6e-04 seed=1
iter= 222 step= 713600 ep_ret=-685.931 opt_ret=-685.931 step_rew=-6.8593 opt_step=-6.8593 gap0=685.931 dret=+124.458 eval_ret=n/a pursuer_target_distance=2.968 capture=0.000 score=0.000 pol=-0.0006 val=0.0170 ent=1.4942 tot=-0.0022 agnorm=0.031 cgnorm=0.058 kl=0.0011 clipf=0.000 ev=+0.612 r0=1.0000 entcoef=6.80e-03 lr=4.5e-04 seed=1
iter= 223 step= 716800 ep_ret=-819.258 opt_ret=-819.258 step_rew=-8.1926 opt_step=-8.1926 gap0=819.258 dret=-8.868 eval_ret=n/a pursuer_target_distance=3.873 capture=0.000 score=0.000 pol=-0.0008 val=0.0196 ent=1.5030 tot=-0.0012 agnorm=0.039 cgnorm=0.051 kl=0.0013 clipf=0.002 ev=+0.433 r0=1.0000 entcoef=6.78e-03 lr=4.5e-04 seed=1
iter= 224 step= 720000 ep_ret=-814.028 opt_ret=-814.028 step_rew=-8.1403 opt_step=-8.1403 gap0=814.028 dret=-3.638 eval_ret=n/a pursuer_target_distance=3.682 capture=0.000 score=0.000 pol=-0.0008 val=0.0171 ent=1.5145 tot=-0.0025 agnorm=0.032 cgnorm=0.052 kl=0.0015 clipf=0.002 ev=+0.585 r0=1.0000 entcoef=6.77e-03 lr=4.5e-04 seed=1
iter= 225 step= 723200 ep_ret=-858.545 opt_ret=-858.545 step_rew=-8.5855 opt_step=-8.5855 gap0=858.545 dret=-48.155 eval_ret=n/a pursuer_target_distance=4.178 capture=0.000 score=0.000 pol=-0.0007 val=0.0183 ent=1.5235 tot=-0.0018 agnorm=0.038 cgnorm=0.057 kl=0.0013 clipf=0.005 ev=+0.607 r0=1.0000 entcoef=6.75e-03 lr=4.5e-04 seed=1
iter= 226 step= 726400 ep_ret=-836.104 opt_ret=-836.104 step_rew=-8.3610 opt_step=-8.3610 gap0=836.104 dret=-25.714 eval_ret=n/a pursuer_target_distance=3.935 capture=0.000 score=0.000 pol=-0.0005 val=0.0207 ent=1.5165 tot=-0.0004 agnorm=0.024 cgnorm=0.055 kl=0.0007 clipf=0.000 ev=+0.542 r0=1.0000 entcoef=6.74e-03 lr=4.5e-04 seed=1
iter= 227 step= 729600 ep_ret=-835.469 opt_ret=-835.469 step_rew=-8.3547 opt_step=-8.3547 gap0=835.469 dret=-25.079 eval_ret=n/a pursuer_target_distance=4.117 capture=0.000 score=0.000 pol=-0.0008 val=0.0190 ent=1.4952 tot=-0.0013 agnorm=0.033 cgnorm=0.057 kl=0.0012 clipf=0.000 ev=+0.511 r0=1.0000 entcoef=6.73e-03 lr=4.5e-04 seed=1
iter= 228 step= 732800 ep_ret=-822.367 opt_ret=-822.367 step_rew=-8.2237 opt_step=-8.2237 gap0=822.367 dret=-11.977 eval_ret=n/a pursuer_target_distance=3.973 capture=0.000 score=0.000 pol=-0.0006 val=0.0258 ent=1.4793 tot=+0.0024 agnorm=0.029 cgnorm=0.062 kl=0.0011 clipf=0.001 ev=+0.520 r0=1.0000 entcoef=6.71e-03 lr=4.5e-04 seed=1
iter= 229 step= 736000 ep_ret=-775.079 opt_ret=-775.079 step_rew=-7.7508 opt_step=-7.7508 gap0=775.079 dret=+35.311 eval_ret=n/a pursuer_target_distance=3.726 capture=0.000 score=0.000 pol=-0.0007 val=0.0164 ent=1.4704 tot=-0.0023 agnorm=0.033 cgnorm=0.052 kl=0.0006 clipf=0.000 ev=+0.546 r0=1.0000 entcoef=6.70e-03 lr=4.5e-04 seed=1
iter= 230 step= 739200 ep_ret=-798.816 opt_ret=-798.816 step_rew=-7.9882 opt_step=-7.9882 gap0=798.816 dret=+11.574 eval_ret=n/a pursuer_target_distance=4.334 capture=0.000 score=0.000 pol=-0.0006 val=0.0235 ent=1.4734 tot=+0.0013 agnorm=0.029 cgnorm=0.062 kl=0.0012 clipf=0.002 ev=+0.479 r0=1.0000 entcoef=6.68e-03 lr=4.5e-04 seed=1
iter= 231 step= 742400 ep_ret=-847.477 opt_ret=-847.477 step_rew=-8.4748 opt_step=-8.4748 gap0=847.477 dret=-37.087 eval_ret=n/a pursuer_target_distance=4.180 capture=0.000 score=0.000 pol=-0.0007 val=0.0186 ent=1.4862 tot=-0.0013 agnorm=0.032 cgnorm=0.051 kl=0.0017 clipf=0.005 ev=+0.510 r0=1.0000 entcoef=6.67e-03 lr=4.4e-04 seed=1
iter= 232 step= 745600 ep_ret=-845.040 opt_ret=-845.040 step_rew=-8.4504 opt_step=-8.4504 gap0=845.040 dret=-34.650 eval_ret=n/a pursuer_target_distance=4.629 capture=0.000 score=0.000 pol=-0.0004 val=0.0223 ent=1.4895 tot=+0.0008 agnorm=0.026 cgnorm=0.057 kl=0.0007 clipf=0.000 ev=+0.520 r0=1.0000 entcoef=6.65e-03 lr=4.4e-04 seed=1
iter= 233 step= 748800 ep_ret=-814.627 opt_ret=-814.627 step_rew=-8.1463 opt_step=-8.1463 gap0=814.627 dret=-4.238 eval_ret=n/a pursuer_target_distance=4.561 capture=0.000 score=0.000 pol=-0.0005 val=0.0435 ent=1.5148 tot=+0.0112 agnorm=0.024 cgnorm=0.086 kl=0.0010 clipf=0.002 ev=+0.152 r0=1.0000 entcoef=6.64e-03 lr=4.4e-04 seed=1
iter= 234 step= 752000 ep_ret=-838.308 opt_ret=-838.308 step_rew=-8.3831 opt_step=-8.3831 gap0=838.308 dret=-27.918 eval_ret=n/a pursuer_target_distance=4.586 capture=0.000 score=0.000 pol=-0.0005 val=0.0291 ent=1.5194 tot=+0.0040 agnorm=0.032 cgnorm=0.058 kl=0.0006 clipf=0.001 ev=+0.283 r0=1.0000 entcoef=6.62e-03 lr=4.4e-04 seed=1
iter= 235 step= 755200 ep_ret=-764.137 opt_ret=-764.137 step_rew=-7.6414 opt_step=-7.6414 gap0=764.137 dret=+46.253 eval_ret=n/a pursuer_target_distance=4.416 capture=0.000 score=0.000 pol=-0.0005 val=0.0270 ent=1.5262 tot=+0.0029 agnorm=0.027 cgnorm=0.064 kl=0.0007 clipf=0.000 ev=+0.379 r0=1.0000 entcoef=6.61e-03 lr=4.4e-04 seed=1
iter= 236 step= 758400 ep_ret=-793.134 opt_ret=-793.134 step_rew=-7.9313 opt_step=-7.9313 gap0=793.134 dret=+17.256 eval_ret=n/a pursuer_target_distance=3.864 capture=0.000 score=0.000 pol=-0.0008 val=0.0138 ent=1.5363 tot=-0.0040 agnorm=0.034 cgnorm=0.047 kl=0.0010 clipf=0.001 ev=+0.512 r0=1.0000 entcoef=6.60e-03 lr=4.4e-04 seed=1
iter= 237 step= 761600 ep_ret=-826.425 opt_ret=-826.425 step_rew=-8.2642 opt_step=-8.2642 gap0=826.425 dret=-16.035 eval_ret=n/a pursuer_target_distance=4.416 capture=0.000 score=0.000 pol=-0.0007 val=0.0149 ent=1.5374 tot=-0.0034 agnorm=0.034 cgnorm=0.045 kl=0.0015 clipf=0.010 ev=+0.589 r0=1.0000 entcoef=6.58e-03 lr=4.4e-04 seed=1
iter= 238 step= 764800 ep_ret=-789.467 opt_ret=-789.467 step_rew=-7.8947 opt_step=-7.8947 gap0=789.467 dret=+20.923 eval_ret=n/a pursuer_target_distance=3.481 capture=0.000 score=0.000 pol=-0.0009 val=0.0148 ent=1.5342 tot=-0.0036 agnorm=0.033 cgnorm=0.048 kl=0.0013 clipf=0.000 ev=+0.453 r0=1.0000 entcoef=6.57e-03 lr=4.4e-04 seed=1
iter= 239 step= 768000 ep_ret=-798.594 opt_ret=-798.594 step_rew=-7.9859 opt_step=-7.9859 gap0=798.594 dret=+11.796 eval_ret=n/a pursuer_target_distance=3.530 capture=0.000 score=0.000 pol=-0.0003 val=0.0120 ent=1.5121 tot=-0.0042 agnorm=0.027 cgnorm=0.044 kl=0.0008 clipf=0.000 ev=+0.629 r0=1.0000 entcoef=6.55e-03 lr=4.4e-04 seed=1
iter= 240 step= 771200 ep_ret=-855.856 opt_ret=-855.856 step_rew=-8.5586 opt_step=-8.5586 gap0=855.856 dret=-45.466 eval_ret=-555.765 pursuer_target_distance=4.308 capture=0.000 score=0.000 pol=-0.0004 val=0.0345 ent=1.5111 tot=+0.0070 agnorm=0.029 cgnorm=0.075 kl=0.0004 clipf=0.000 ev=+0.264 r0=1.0000 entcoef=6.54e-03 lr=4.3e-04 seed=1
iter= 241 step= 774400 ep_ret=-811.549 opt_ret=-811.549 step_rew=-8.1155 opt_step=-8.1155 gap0=811.549 dret=-1.160 eval_ret=n/a pursuer_target_distance=3.594 capture=0.000 score=0.000 pol=-0.0009 val=0.0131 ent=1.5264 tot=-0.0043 agnorm=0.036 cgnorm=0.047 kl=0.0016 clipf=0.006 ev=+0.442 r0=1.0000 entcoef=6.52e-03 lr=4.3e-04 seed=1
iter= 242 step= 777600 ep_ret=-847.149 opt_ret=-847.149 step_rew=-8.4715 opt_step=-8.4715 gap0=847.149 dret=-36.759 eval_ret=n/a pursuer_target_distance=4.019 capture=0.000 score=0.000 pol=-0.0005 val=0.0227 ent=1.5461 tot=+0.0008 agnorm=0.030 cgnorm=0.066 kl=0.0012 clipf=0.001 ev=+0.366 r0=1.0000 entcoef=6.51e-03 lr=4.3e-04 seed=1
iter= 243 step= 780800 ep_ret=-886.685 opt_ret=-886.685 step_rew=-8.8669 opt_step=-8.8669 gap0=886.685 dret=-76.295 eval_ret=n/a pursuer_target_distance=4.901 capture=0.000 score=0.000 pol=-0.0006 val=0.0312 ent=1.5476 tot=+0.0049 agnorm=0.030 cgnorm=0.067 kl=0.0013 clipf=0.001 ev=+0.377 r0=1.0000 entcoef=6.50e-03 lr=4.3e-04 seed=1
iter= 244 step= 784000 ep_ret=-768.848 opt_ret=-768.848 step_rew=-7.6885 opt_step=-7.6885 gap0=768.848 dret=+41.542 eval_ret=n/a pursuer_target_distance=3.880 capture=0.000 score=0.000 pol=-0.0005 val=0.0164 ent=1.5426 tot=-0.0023 agnorm=0.037 cgnorm=0.050 kl=0.0005 clipf=0.000 ev=+0.488 r0=1.0000 entcoef=6.48e-03 lr=4.3e-04 seed=1
iter= 245 step= 787200 ep_ret=-750.528 opt_ret=-750.528 step_rew=-7.5053 opt_step=-7.5053 gap0=750.528 dret=+59.862 eval_ret=n/a pursuer_target_distance=4.055 capture=0.000 score=0.000 pol=-0.0004 val=0.0201 ent=1.5488 tot=-0.0003 agnorm=0.026 cgnorm=0.057 kl=0.0008 clipf=0.000 ev=+0.521 r0=1.0000 entcoef=6.47e-03 lr=4.3e-04 seed=1
iter= 246 step= 790400 ep_ret=-789.461 opt_ret=-789.461 step_rew=-7.8946 opt_step=-7.8946 gap0=789.461 dret=+20.928 eval_ret=n/a pursuer_target_distance=4.386 capture=0.000 score=0.000 pol=-0.0003 val=0.0248 ent=1.5465 tot=+0.0021 agnorm=0.025 cgnorm=0.063 kl=0.0005 clipf=0.000 ev=+0.454 r0=1.0000 entcoef=6.45e-03 lr=4.3e-04 seed=1
iter= 247 step= 793600 ep_ret=-837.290 opt_ret=-837.290 step_rew=-8.3729 opt_step=-8.3729 gap0=837.290 dret=-26.900 eval_ret=n/a pursuer_target_distance=4.774 capture=0.000 score=0.000 pol=-0.0002 val=0.0178 ent=1.5376 tot=-0.0012 agnorm=0.020 cgnorm=0.056 kl=0.0004 clipf=0.000 ev=+0.444 r0=1.0000 entcoef=6.44e-03 lr=4.3e-04 seed=1
iter= 248 step= 796800 ep_ret=-828.767 opt_ret=-828.767 step_rew=-8.2877 opt_step=-8.2877 gap0=828.767 dret=-18.378 eval_ret=n/a pursuer_target_distance=3.728 capture=0.000 score=0.000 pol=-0.0010 val=0.0204 ent=1.5305 tot=-0.0006 agnorm=0.043 cgnorm=0.055 kl=0.0014 clipf=0.003 ev=+0.378 r0=1.0000 entcoef=6.42e-03 lr=4.3e-04 seed=1
iter= 249 step= 800000 ep_ret=-851.366 opt_ret=-851.366 step_rew=-8.5137 opt_step=-8.5137 gap0=851.366 dret=-40.976 eval_ret=n/a pursuer_target_distance=4.677 capture=0.000 score=0.000 pol=-0.0006 val=0.0258 ent=1.5104 tot=+0.0026 agnorm=0.039 cgnorm=0.061 kl=0.0014 clipf=0.001 ev=+0.325 r0=1.0000 entcoef=6.41e-03 lr=4.2e-04 seed=1
iter= 250 step= 803200 ep_ret=-787.368 opt_ret=-787.368 step_rew=-7.8737 opt_step=-7.8737 gap0=787.368 dret=+23.021 eval_ret=n/a pursuer_target_distance=3.805 capture=0.000 score=0.000 pol=-0.0007 val=0.0116 ent=1.5085 tot=-0.0046 agnorm=0.046 cgnorm=0.045 kl=0.0019 clipf=0.009 ev=+0.738 r0=1.0000 entcoef=6.39e-03 lr=4.2e-04 seed=1
iter= 251 step= 806400 ep_ret=-855.231 opt_ret=-855.231 step_rew=-8.5523 opt_step=-8.5523 gap0=855.231 dret=-44.841 eval_ret=n/a pursuer_target_distance=4.077 capture=0.000 score=0.000 pol=-0.0004 val=0.0191 ent=1.5370 tot=-0.0007 agnorm=0.022 cgnorm=0.057 kl=0.0011 clipf=0.001 ev=+0.516 r0=1.0000 entcoef=6.38e-03 lr=4.2e-04 seed=1
iter= 252 step= 809600 ep_ret=-856.255 opt_ret=-856.255 step_rew=-8.5626 opt_step=-8.5626 gap0=856.255 dret=-45.866 eval_ret=n/a pursuer_target_distance=4.611 capture=0.000 score=0.000 pol=-0.0007 val=0.0331 ent=1.5518 tot=+0.0060 agnorm=0.032 cgnorm=0.075 kl=0.0010 clipf=0.002 ev=+0.404 r0=1.0000 entcoef=6.37e-03 lr=4.2e-04 seed=1
iter= 253 step= 812800 ep_ret=-822.885 opt_ret=-822.885 step_rew=-8.2289 opt_step=-8.2289 gap0=822.885 dret=-12.495 eval_ret=n/a pursuer_target_distance=3.531 capture=0.000 score=0.000 pol=-0.0004 val=0.0169 ent=1.5490 tot=-0.0018 agnorm=0.027 cgnorm=0.056 kl=0.0004 clipf=0.000 ev=+0.533 r0=1.0000 entcoef=6.35e-03 lr=4.2e-04 seed=1
iter= 254 step= 816000 ep_ret=-801.754 opt_ret=-801.754 step_rew=-8.0175 opt_step=-8.0175 gap0=801.754 dret=+8.635 eval_ret=n/a pursuer_target_distance=4.083 capture=0.000 score=0.000 pol=-0.0009 val=0.0215 ent=1.5438 tot=+0.0000 agnorm=0.037 cgnorm=0.056 kl=0.0009 clipf=0.000 ev=+0.409 r0=1.0000 entcoef=6.34e-03 lr=4.2e-04 seed=1
iter= 255 step= 819200 ep_ret=-837.116 opt_ret=-837.116 step_rew=-8.3712 opt_step=-8.3712 gap0=837.116 dret=-26.726 eval_ret=n/a pursuer_target_distance=4.022 capture=0.000 score=0.000 pol=-0.0006 val=0.0177 ent=1.5377 tot=-0.0015 agnorm=0.031 cgnorm=0.052 kl=0.0016 clipf=0.002 ev=+0.658 r0=1.0000 entcoef=6.32e-03 lr=4.2e-04 seed=1
iter= 256 step= 822400 ep_ret=-854.784 opt_ret=-854.784 step_rew=-8.5478 opt_step=-8.5478 gap0=854.784 dret=-44.395 eval_ret=n/a pursuer_target_distance=4.599 capture=0.000 score=0.000 pol=-0.0005 val=0.0205 ent=1.5411 tot=+0.0001 agnorm=0.026 cgnorm=0.065 kl=0.0007 clipf=0.000 ev=+0.465 r0=1.0000 entcoef=6.31e-03 lr=4.2e-04 seed=1
iter= 257 step= 825600 ep_ret=-828.551 opt_ret=-828.551 step_rew=-8.2855 opt_step=-8.2855 gap0=828.551 dret=-18.161 eval_ret=n/a pursuer_target_distance=4.091 capture=0.000 score=0.000 pol=-0.0004 val=0.0089 ent=1.5420 tot=-0.0056 agnorm=0.030 cgnorm=0.041 kl=0.0008 clipf=0.000 ev=+0.773 r0=1.0000 entcoef=6.29e-03 lr=4.2e-04 seed=1
iter= 258 step= 828800 ep_ret=-866.142 opt_ret=-866.142 step_rew=-8.6614 opt_step=-8.6614 gap0=866.142 dret=-55.753 eval_ret=n/a pursuer_target_distance=3.691 capture=0.000 score=0.000 pol=-0.0004 val=0.0222 ent=1.5511 tot=+0.0009 agnorm=0.031 cgnorm=0.065 kl=0.0009 clipf=0.000 ev=+0.509 r0=1.0000 entcoef=6.28e-03 lr=4.1e-04 seed=1
iter= 259 step= 832000 ep_ret=-787.387 opt_ret=-787.387 step_rew=-7.8739 opt_step=-7.8739 gap0=787.387 dret=+23.002 eval_ret=n/a pursuer_target_distance=3.773 capture=0.000 score=0.000 pol=-0.0007 val=0.0301 ent=1.5463 tot=+0.0047 agnorm=0.036 cgnorm=0.073 kl=0.0011 clipf=0.002 ev=+0.429 r0=1.0000 entcoef=6.26e-03 lr=4.1e-04 seed=1
iter= 260 step= 835200 ep_ret=-738.608 opt_ret=-738.608 step_rew=-7.3861 opt_step=-7.3861 gap0=738.608 dret=+71.782 eval_ret=-565.863 pursuer_target_distance=3.506 capture=0.000 score=0.000 pol=-0.0003 val=0.0178 ent=1.5464 tot=-0.0010 agnorm=0.023 cgnorm=0.051 kl=0.0008 clipf=0.000 ev=+0.588 r0=1.0000 entcoef=6.25e-03 lr=4.1e-04 seed=1
iter= 261 step= 838400 ep_ret=-917.106 opt_ret=-917.106 step_rew=-9.1711 opt_step=-9.1711 gap0=917.106 dret=-106.717 eval_ret=n/a pursuer_target_distance=4.721 capture=0.000 score=0.000 pol=-0.0004 val=0.0365 ent=1.5423 tot=+0.0083 agnorm=0.027 cgnorm=0.077 kl=0.0003 clipf=0.000 ev=+0.208 r0=1.0000 entcoef=6.24e-03 lr=4.1e-04 seed=1
iter= 262 step= 841600 ep_ret=-895.815 opt_ret=-895.815 step_rew=-8.9582 opt_step=-8.9582 gap0=895.815 dret=-85.426 eval_ret=n/a pursuer_target_distance=5.263 capture=0.000 score=0.000 pol=-0.0004 val=0.0306 ent=1.5438 tot=+0.0053 agnorm=0.027 cgnorm=0.072 kl=0.0006 clipf=0.000 ev=+0.374 r0=1.0000 entcoef=6.22e-03 lr=4.1e-04 seed=1
iter= 263 step= 844800 ep_ret=-852.435 opt_ret=-852.435 step_rew=-8.5244 opt_step=-8.5244 gap0=852.435 dret=-42.046 eval_ret=n/a pursuer_target_distance=4.252 capture=0.000 score=0.000 pol=-0.0004 val=0.0280 ent=1.5363 tot=+0.0040 agnorm=0.027 cgnorm=0.082 kl=0.0004 clipf=0.000 ev=+0.081 r0=1.0000 entcoef=6.21e-03 lr=4.1e-04 seed=1
iter= 264 step= 848000 ep_ret=-765.577 opt_ret=-765.577 step_rew=-7.6558 opt_step=-7.6558 gap0=765.577 dret=+44.812 eval_ret=n/a pursuer_target_distance=3.367 capture=0.000 score=0.000 pol=-0.0003 val=0.0166 ent=1.5419 tot=-0.0016 agnorm=0.020 cgnorm=0.057 kl=0.0004 clipf=0.000 ev=+0.541 r0=1.0000 entcoef=6.19e-03 lr=4.1e-04 seed=1
iter= 265 step= 851200 ep_ret=-805.661 opt_ret=-805.661 step_rew=-8.0566 opt_step=-8.0566 gap0=805.661 dret=+4.728 eval_ret=n/a pursuer_target_distance=4.112 capture=0.000 score=0.000 pol=-0.0005 val=0.0201 ent=1.5314 tot=+0.0001 agnorm=0.030 cgnorm=0.052 kl=0.0005 clipf=0.000 ev=+0.662 r0=1.0000 entcoef=6.18e-03 lr=4.1e-04 seed=1
iter= 266 step= 854400 ep_ret=-777.683 opt_ret=-777.683 step_rew=-7.7768 opt_step=-7.7768 gap0=777.683 dret=+32.707 eval_ret=n/a pursuer_target_distance=3.664 capture=0.000 score=0.000 pol=-0.0006 val=0.0169 ent=1.5159 tot=-0.0015 agnorm=0.030 cgnorm=0.054 kl=0.0012 clipf=0.003 ev=+0.512 r0=1.0000 entcoef=6.16e-03 lr=4.1e-04 seed=1
iter= 267 step= 857600 ep_ret=-799.224 opt_ret=-799.224 step_rew=-7.9922 opt_step=-7.9922 gap0=799.224 dret=+11.166 eval_ret=n/a pursuer_target_distance=4.290 capture=0.000 score=0.000 pol=-0.0011 val=0.0146 ent=1.5123 tot=-0.0031 agnorm=0.048 cgnorm=0.050 kl=0.0014 clipf=0.002 ev=+0.565 r0=1.0000 entcoef=6.15e-03 lr=4.0e-04 seed=1
iter= 268 step= 860800 ep_ret=-822.482 opt_ret=-822.482 step_rew=-8.2248 opt_step=-8.2248 gap0=822.482 dret=-12.092 eval_ret=n/a pursuer_target_distance=4.286 capture=0.000 score=0.000 pol=-0.0004 val=0.0339 ent=1.5089 tot=+0.0073 agnorm=0.024 cgnorm=0.067 kl=0.0011 clipf=0.001 ev=+0.288 r0=1.0000 entcoef=6.13e-03 lr=4.0e-04 seed=1
iter= 269 step= 864000 ep_ret=-785.668 opt_ret=-785.668 step_rew=-7.8567 opt_step=-7.8567 gap0=785.668 dret=+24.722 eval_ret=n/a pursuer_target_distance=4.046 capture=0.000 score=0.000 pol=-0.0004 val=0.0341 ent=1.5123 tot=+0.0073 agnorm=0.028 cgnorm=0.079 kl=0.0006 clipf=0.000 ev=+0.198 r0=1.0000 entcoef=6.12e-03 lr=4.0e-04 seed=1
iter= 270 step= 867200 ep_ret=-774.599 opt_ret=-774.599 step_rew=-7.7460 opt_step=-7.7460 gap0=774.599 dret=+35.791 eval_ret=n/a pursuer_target_distance=3.630 capture=0.000 score=0.000 pol=-0.0004 val=0.0193 ent=1.5315 tot=-0.0001 agnorm=0.027 cgnorm=0.052 kl=0.0007 clipf=0.000 ev=+0.319 r0=1.0000 entcoef=6.11e-03 lr=4.0e-04 seed=1
iter= 271 step= 870400 ep_ret=-799.716 opt_ret=-799.716 step_rew=-7.9972 opt_step=-7.9972 gap0=799.716 dret=+10.674 eval_ret=n/a pursuer_target_distance=4.087 capture=0.000 score=0.000 pol=-0.0006 val=0.0235 ent=1.5217 tot=+0.0019 agnorm=0.028 cgnorm=0.059 kl=0.0011 clipf=0.002 ev=+0.436 r0=1.0000 entcoef=6.09e-03 lr=4.0e-04 seed=1
iter= 272 step= 873600 ep_ret=-841.677 opt_ret=-841.677 step_rew=-8.4168 opt_step=-8.4168 gap0=841.677 dret=-31.288 eval_ret=n/a pursuer_target_distance=4.002 capture=0.000 score=0.000 pol=-0.0006 val=0.0214 ent=1.5223 tot=+0.0009 agnorm=0.038 cgnorm=0.060 kl=0.0008 clipf=0.000 ev=+0.362 r0=1.0000 entcoef=6.08e-03 lr=4.0e-04 seed=1
iter= 273 step= 876800 ep_ret=-896.244 opt_ret=-896.244 step_rew=-8.9624 opt_step=-8.9624 gap0=896.244 dret=-85.854 eval_ret=n/a pursuer_target_distance=4.675 capture=0.000 score=0.000 pol=-0.0004 val=0.0277 ent=1.5311 tot=+0.0041 agnorm=0.028 cgnorm=0.066 kl=0.0011 clipf=0.000 ev=+0.564 r0=1.0000 entcoef=6.06e-03 lr=4.0e-04 seed=1
iter= 274 step= 880000 ep_ret=-781.159 opt_ret=-781.159 step_rew=-7.8116 opt_step=-7.8116 gap0=781.159 dret=+29.230 eval_ret=n/a pursuer_target_distance=3.406 capture=0.000 score=0.000 pol=-0.0004 val=0.0173 ent=1.5544 tot=-0.0012 agnorm=0.030 cgnorm=0.054 kl=0.0009 clipf=0.002 ev=+0.367 r0=1.0000 entcoef=6.05e-03 lr=4.0e-04 seed=1
iter= 275 step= 883200 ep_ret=-847.437 opt_ret=-847.437 step_rew=-8.4744 opt_step=-8.4744 gap0=847.437 dret=-37.047 eval_ret=n/a pursuer_target_distance=4.512 capture=0.000 score=0.000 pol=-0.0008 val=0.0252 ent=1.5634 tot=+0.0024 agnorm=0.037 cgnorm=0.061 kl=0.0009 clipf=0.000 ev=+0.538 r0=1.0000 entcoef=6.03e-03 lr=4.0e-04 seed=1
iter= 276 step= 886400 ep_ret=-804.539 opt_ret=-804.539 step_rew=-8.0454 opt_step=-8.0454 gap0=804.539 dret=+5.851 eval_ret=n/a pursuer_target_distance=4.279 capture=0.000 score=0.000 pol=-0.0001 val=0.0219 ent=1.5629 tot=+0.0015 agnorm=0.031 cgnorm=0.059 kl=0.0005 clipf=0.000 ev=+0.424 r0=1.0000 entcoef=6.02e-03 lr=3.9e-04 seed=1
iter= 277 step= 889600 ep_ret=-863.478 opt_ret=-863.478 step_rew=-8.6348 opt_step=-8.6348 gap0=863.478 dret=-53.088 eval_ret=n/a pursuer_target_distance=4.539 capture=0.000 score=0.000 pol=-0.0006 val=0.0237 ent=1.5615 tot=+0.0019 agnorm=0.032 cgnorm=0.057 kl=0.0008 clipf=0.001 ev=+0.331 r0=1.0000 entcoef=6.00e-03 lr=3.9e-04 seed=1
iter= 278 step= 892800 ep_ret=-853.182 opt_ret=-853.182 step_rew=-8.5318 opt_step=-8.5318 gap0=853.182 dret=-42.792 eval_ret=n/a pursuer_target_distance=4.054 capture=0.000 score=0.000 pol=-0.0007 val=0.0283 ent=1.5616 tot=+0.0041 agnorm=0.036 cgnorm=0.074 kl=0.0011 clipf=0.001 ev=+0.482 r0=1.0000 entcoef=5.99e-03 lr=3.9e-04 seed=1
iter= 279 step= 896000 ep_ret=-766.952 opt_ret=-766.952 step_rew=-7.6695 opt_step=-7.6695 gap0=766.952 dret=+43.438 eval_ret=n/a pursuer_target_distance=3.825 capture=0.000 score=0.000 pol=-0.0006 val=0.0221 ent=1.5360 tot=+0.0012 agnorm=0.025 cgnorm=0.060 kl=0.0012 clipf=0.000 ev=+0.404 r0=1.0000 entcoef=5.98e-03 lr=3.9e-04 seed=1
iter= 280 step= 899200 ep_ret=-840.043 opt_ret=-840.043 step_rew=-8.4004 opt_step=-8.4004 gap0=840.043 dret=-29.653 eval_ret=-525.900 pursuer_target_distance=4.318 capture=0.000 score=0.000 pol=-0.0006 val=0.0336 ent=1.5213 tot=+0.0072 agnorm=0.031 cgnorm=0.076 kl=0.0008 clipf=0.000 ev=+0.472 r0=1.0000 entcoef=5.96e-03 lr=3.9e-04 seed=1
iter= 281 step= 902400 ep_ret=-778.561 opt_ret=-778.561 step_rew=-7.7856 opt_step=-7.7856 gap0=778.561 dret=+31.828 eval_ret=n/a pursuer_target_distance=3.701 capture=0.000 score=0.000 pol=-0.0005 val=0.0179 ent=1.5078 tot=-0.0005 agnorm=0.032 cgnorm=0.052 kl=0.0009 clipf=0.001 ev=+0.640 r0=1.0000 entcoef=5.95e-03 lr=3.9e-04 seed=1
iter= 282 step= 905600 ep_ret=-798.149 opt_ret=-798.149 step_rew=-7.9815 opt_step=-7.9815 gap0=798.149 dret=+12.240 eval_ret=n/a pursuer_target_distance=3.906 capture=0.000 score=0.000 pol=-0.0004 val=0.0302 ent=1.5068 tot=+0.0058 agnorm=0.026 cgnorm=0.067 kl=0.0009 clipf=0.000 ev=+0.388 r0=1.0000 entcoef=5.93e-03 lr=3.9e-04 seed=1
iter= 283 step= 908800 ep_ret=-739.477 opt_ret=-739.477 step_rew=-7.3948 opt_step=-7.3948 gap0=739.477 dret=+70.913 eval_ret=n/a pursuer_target_distance=4.209 capture=0.000 score=0.000 pol=-0.0004 val=0.0302 ent=1.5116 tot=+0.0057 agnorm=0.026 cgnorm=0.069 kl=0.0006 clipf=0.000 ev=+0.524 r0=1.0000 entcoef=5.92e-03 lr=3.9e-04 seed=1
iter= 284 step= 912000 ep_ret=-802.135 opt_ret=-802.135 step_rew=-8.0213 opt_step=-8.0213 gap0=802.135 dret=+8.255 eval_ret=n/a pursuer_target_distance=3.980 capture=0.000 score=0.000 pol=-0.0003 val=0.0285 ent=1.5041 tot=+0.0050 agnorm=0.034 cgnorm=0.062 kl=0.0003 clipf=0.000 ev=+0.445 r0=1.0000 entcoef=5.90e-03 lr=3.9e-04 seed=1
iter= 285 step= 915200 ep_ret=-710.648 opt_ret=-710.648 step_rew=-7.1065 opt_step=-7.1065 gap0=710.648 dret=+99.742 eval_ret=n/a pursuer_target_distance=3.704 capture=0.000 score=0.000 pol=-0.0001 val=0.0297 ent=1.5117 tot=+0.0058 agnorm=0.025 cgnorm=0.070 kl=0.0004 clipf=0.000 ev=+0.439 r0=1.0000 entcoef=5.89e-03 lr=3.8e-04 seed=1
iter= 286 step= 918400 ep_ret=-839.025 opt_ret=-839.025 step_rew=-8.3902 opt_step=-8.3902 gap0=839.025 dret=-28.635 eval_ret=n/a pursuer_target_distance=5.116 capture=0.000 score=0.000 pol=-0.0010 val=0.0350 ent=1.5111 tot=+0.0076 agnorm=0.043 cgnorm=0.076 kl=0.0012 clipf=0.001 ev=+0.349 r0=1.0000 entcoef=5.88e-03 lr=3.8e-04 seed=1
iter= 287 step= 921600 ep_ret=-829.407 opt_ret=-829.407 step_rew=-8.2941 opt_step=-8.2941 gap0=829.407 dret=-19.017 eval_ret=n/a pursuer_target_distance=3.949 capture=0.000 score=0.000 pol=-0.0005 val=0.0266 ent=1.4964 tot=+0.0041 agnorm=0.029 cgnorm=0.065 kl=0.0012 clipf=0.001 ev=+0.413 r0=1.0000 entcoef=5.86e-03 lr=3.8e-04 seed=1
iter= 288 step= 924800 ep_ret=-798.724 opt_ret=-798.724 step_rew=-7.9872 opt_step=-7.9872 gap0=798.724 dret=+11.666 eval_ret=n/a pursuer_target_distance=4.215 capture=0.000 score=0.000 pol=-0.0005 val=0.0174 ent=1.4574 tot=-0.0003 agnorm=0.027 cgnorm=0.058 kl=0.0008 clipf=0.001 ev=+0.279 r0=1.0000 entcoef=5.85e-03 lr=3.8e-04 seed=1
iter= 289 step= 928000 ep_ret=-777.914 opt_ret=-777.914 step_rew=-7.7791 opt_step=-7.7791 gap0=777.914 dret=+32.476 eval_ret=n/a pursuer_target_distance=3.443 capture=0.000 score=0.000 pol=-0.0008 val=0.0325 ent=1.4457 tot=+0.0070 agnorm=0.032 cgnorm=0.068 kl=0.0012 clipf=0.005 ev=+0.334 r0=1.0000 entcoef=5.83e-03 lr=3.8e-04 seed=1
iter= 290 step= 931200 ep_ret=-694.932 opt_ret=-694.932 step_rew=-6.9493 opt_step=-6.9493 gap0=694.932 dret=+115.458 eval_ret=n/a pursuer_target_distance=3.626 capture=0.000 score=0.000 pol=-0.0005 val=0.0274 ent=1.4093 tot=+0.0050 agnorm=0.031 cgnorm=0.064 kl=0.0008 clipf=0.001 ev=+0.586 r0=1.0000 entcoef=5.82e-03 lr=3.8e-04 seed=1
iter= 291 step= 934400 ep_ret=-831.463 opt_ret=-831.463 step_rew=-8.3146 opt_step=-8.3146 gap0=831.463 dret=-21.073 eval_ret=n/a pursuer_target_distance=4.208 capture=0.000 score=0.000 pol=-0.0002 val=0.0214 ent=1.4035 tot=+0.0023 agnorm=0.023 cgnorm=0.062 kl=0.0004 clipf=0.000 ev=+0.555 r0=1.0000 entcoef=5.80e-03 lr=3.8e-04 seed=1
iter= 292 step= 937600 ep_ret=-777.652 opt_ret=-777.652 step_rew=-7.7765 opt_step=-7.7765 gap0=777.652 dret=+32.738 eval_ret=n/a pursuer_target_distance=3.985 capture=0.000 score=0.000 pol=-0.0009 val=0.0277 ent=1.3999 tot=+0.0048 agnorm=0.039 cgnorm=0.069 kl=0.0010 clipf=0.001 ev=+0.514 r0=1.0000 entcoef=5.79e-03 lr=3.8e-04 seed=1
iter= 293 step= 940800 ep_ret=-759.415 opt_ret=-759.415 step_rew=-7.5941 opt_step=-7.5941 gap0=759.415 dret=+50.975 eval_ret=n/a pursuer_target_distance=3.804 capture=0.000 score=0.000 pol=-0.0009 val=0.0342 ent=1.3905 tot=+0.0082 agnorm=0.041 cgnorm=0.077 kl=0.0015 clipf=0.005 ev=+0.399 r0=1.0000 entcoef=5.77e-03 lr=3.8e-04 seed=1
iter= 294 step= 944000 ep_ret=-743.841 opt_ret=-743.841 step_rew=-7.4384 opt_step=-7.4384 gap0=743.841 dret=+66.549 eval_ret=n/a pursuer_target_distance=3.473 capture=0.000 score=0.000 pol=-0.0004 val=0.0221 ent=1.3780 tot=+0.0027 agnorm=0.026 cgnorm=0.060 kl=0.0009 clipf=0.001 ev=+0.401 r0=1.0000 entcoef=5.76e-03 lr=3.7e-04 seed=1
iter= 295 step= 947200 ep_ret=-675.387 opt_ret=-675.387 step_rew=-6.7539 opt_step=-6.7539 gap0=675.387 dret=+135.003 eval_ret=n/a pursuer_target_distance=3.616 capture=0.000 score=0.000 pol=-0.0009 val=0.0247 ent=1.4169 tot=+0.0033 agnorm=0.040 cgnorm=0.066 kl=0.0011 clipf=0.005 ev=+0.499 r0=1.0000 entcoef=5.75e-03 lr=3.7e-04 seed=1
iter= 296 step= 950400 ep_ret=-781.927 opt_ret=-781.927 step_rew=-7.8193 opt_step=-7.8193 gap0=781.927 dret=+28.463 eval_ret=n/a pursuer_target_distance=3.671 capture=0.000 score=0.000 pol=-0.0003 val=0.0233 ent=1.4403 tot=+0.0031 agnorm=0.022 cgnorm=0.062 kl=0.0009 clipf=0.000 ev=+0.242 r0=1.0000 entcoef=5.73e-03 lr=3.7e-04 seed=1
iter= 297 step= 953600 ep_ret=-771.059 opt_ret=-771.059 step_rew=-7.7106 opt_step=-7.7106 gap0=771.059 dret=+39.330 eval_ret=n/a pursuer_target_distance=3.959 capture=0.000 score=0.000 pol=-0.0005 val=0.0260 ent=1.4597 tot=+0.0041 agnorm=0.027 cgnorm=0.062 kl=0.0007 clipf=0.001 ev=+0.468 r0=1.0000 entcoef=5.72e-03 lr=3.7e-04 seed=1
iter= 298 step= 956800 ep_ret=-819.876 opt_ret=-819.876 step_rew=-8.1988 opt_step=-8.1988 gap0=819.876 dret=-9.487 eval_ret=n/a pursuer_target_distance=4.414 capture=0.000 score=0.000 pol=-0.0002 val=0.0222 ent=1.4520 tot=+0.0027 agnorm=0.028 cgnorm=0.060 kl=0.0004 clipf=0.000 ev=+0.565 r0=1.0000 entcoef=5.70e-03 lr=3.7e-04 seed=1
iter= 299 step= 960000 ep_ret=-770.243 opt_ret=-770.243 step_rew=-7.7024 opt_step=-7.7024 gap0=770.243 dret=+40.147 eval_ret=n/a pursuer_target_distance=3.694 capture=0.000 score=0.000 pol=-0.0005 val=0.0255 ent=1.4571 tot=+0.0040 agnorm=0.038 cgnorm=0.064 kl=0.0004 clipf=0.000 ev=+0.394 r0=1.0000 entcoef=5.69e-03 lr=3.7e-04 seed=1
iter= 300 step= 963200 ep_ret=-747.564 opt_ret=-747.564 step_rew=-7.4756 opt_step=-7.4756 gap0=747.564 dret=+62.825 eval_ret=-566.642 pursuer_target_distance=3.780 capture=0.000 score=0.000 pol=-0.0006 val=0.0249 ent=1.4760 tot=+0.0035 agnorm=0.029 cgnorm=0.064 kl=0.0011 clipf=0.002 ev=+0.136 r0=1.0000 entcoef=5.67e-03 lr=3.7e-04 seed=1
iter= 301 step= 966400 ep_ret=-890.920 opt_ret=-890.920 step_rew=-8.9092 opt_step=-8.9092 gap0=890.920 dret=-80.530 eval_ret=n/a pursuer_target_distance=4.373 capture=0.000 score=0.000 pol=-0.0005 val=0.0362 ent=1.4916 tot=+0.0091 agnorm=0.036 cgnorm=0.076 kl=0.0007 clipf=0.000 ev=+0.407 r0=1.0000 entcoef=5.66e-03 lr=3.7e-04 seed=1
iter= 302 step= 969600 ep_ret=-805.425 opt_ret=-805.425 step_rew=-8.0542 opt_step=-8.0542 gap0=805.425 dret=+4.965 eval_ret=n/a pursuer_target_distance=3.598 capture=0.000 score=0.000 pol=-0.0006 val=0.0256 ent=1.4990 tot=+0.0037 agnorm=0.030 cgnorm=0.064 kl=0.0008 clipf=0.001 ev=+0.473 r0=1.0000 entcoef=5.64e-03 lr=3.7e-04 seed=1
iter= 303 step= 972800 ep_ret=-854.101 opt_ret=-854.101 step_rew=-8.5410 opt_step=-8.5410 gap0=854.101 dret=-43.711 eval_ret=n/a pursuer_target_distance=4.668 capture=0.000 score=0.000 pol=-0.0005 val=0.0331 ent=1.5000 tot=+0.0077 agnorm=0.030 cgnorm=0.070 kl=0.0005 clipf=0.000 ev=+0.163 r0=1.0000 entcoef=5.63e-03 lr=3.6e-04 seed=1
iter= 304 step= 976000 ep_ret=-694.815 opt_ret=-694.815 step_rew=-6.9482 opt_step=-6.9482 gap0=694.815 dret=+115.574 eval_ret=n/a pursuer_target_distance=3.244 capture=0.000 score=0.000 pol=-0.0005 val=0.0191 ent=1.4899 tot=+0.0007 agnorm=0.029 cgnorm=0.060 kl=0.0006 clipf=0.000 ev=+0.429 r0=1.0000 entcoef=5.62e-03 lr=3.6e-04 seed=1
iter= 305 step= 979200 ep_ret=-858.093 opt_ret=-858.093 step_rew=-8.5809 opt_step=-8.5809 gap0=858.093 dret=-47.703 eval_ret=n/a pursuer_target_distance=4.158 capture=0.000 score=0.000 pol=-0.0005 val=0.0346 ent=1.4805 tot=+0.0085 agnorm=0.035 cgnorm=0.075 kl=0.0006 clipf=0.000 ev=+0.390 r0=1.0000 entcoef=5.60e-03 lr=3.6e-04 seed=1
iter= 306 step= 982400 ep_ret=-817.279 opt_ret=-817.279 step_rew=-8.1728 opt_step=-8.1728 gap0=817.279 dret=-6.890 eval_ret=n/a pursuer_target_distance=4.520 capture=0.000 score=0.000 pol=-0.0008 val=0.0317 ent=1.4699 tot=+0.0068 agnorm=0.044 cgnorm=0.084 kl=0.0017 clipf=0.008 ev=+0.268 r0=1.0000 entcoef=5.59e-03 lr=3.6e-04 seed=1
iter= 307 step= 985600 ep_ret=-821.934 opt_ret=-821.934 step_rew=-8.2193 opt_step=-8.2193 gap0=821.934 dret=-11.544 eval_ret=n/a pursuer_target_distance=4.042 capture=0.000 score=0.000 pol=-0.0006 val=0.0395 ent=1.4572 tot=+0.0110 agnorm=0.029 cgnorm=0.074 kl=0.0007 clipf=0.001 ev=+0.338 r0=1.0000 entcoef=5.57e-03 lr=3.6e-04 seed=1
iter= 308 step= 988800 ep_ret=-785.356 opt_ret=-785.356 step_rew=-7.8536 opt_step=-7.8536 gap0=785.356 dret=+25.033 eval_ret=n/a pursuer_target_distance=3.424 capture=0.000 score=0.000 pol=-0.0005 val=0.0293 ent=1.4480 tot=+0.0061 agnorm=0.032 cgnorm=0.070 kl=0.0004 clipf=0.000 ev=+0.375 r0=1.0000 entcoef=5.56e-03 lr=3.6e-04 seed=1
iter= 309 step= 992000 ep_ret=-894.335 opt_ret=-894.335 step_rew=-8.9433 opt_step=-8.9433 gap0=894.335 dret=-83.945 eval_ret=n/a pursuer_target_distance=4.820 capture=0.000 score=0.000 pol=-0.0010 val=0.0508 ent=1.4283 tot=+0.0165 agnorm=0.032 cgnorm=0.098 kl=0.0014 clipf=0.002 ev=+0.318 r0=1.0000 entcoef=5.54e-03 lr=3.6e-04 seed=1
iter= 310 step= 995200 ep_ret=-776.563 opt_ret=-776.563 step_rew=-7.7656 opt_step=-7.7656 gap0=776.563 dret=+33.826 eval_ret=n/a pursuer_target_distance=4.081 capture=0.000 score=0.000 pol=-0.0004 val=0.0260 ent=1.3866 tot=+0.0050 agnorm=0.024 cgnorm=0.067 kl=0.0008 clipf=0.000 ev=+0.487 r0=1.0000 entcoef=5.53e-03 lr=3.6e-04 seed=1
iter= 311 step= 998400 ep_ret=-745.465 opt_ret=-745.465 step_rew=-7.4547 opt_step=-7.4547 gap0=745.465 dret=+64.924 eval_ret=n/a pursuer_target_distance=3.753 capture=0.000 score=0.000 pol=-0.0006 val=0.0391 ent=1.3617 tot=+0.0114 agnorm=0.036 cgnorm=0.076 kl=0.0006 clipf=0.001 ev=+0.488 r0=1.0000 entcoef=5.51e-03 lr=3.6e-04 seed=1
iter= 312 step=1001600 ep_ret=-826.060 opt_ret=-826.060 step_rew=-8.2606 opt_step=-8.2606 gap0=826.060 dret=-15.670 eval_ret=n/a pursuer_target_distance=4.273 capture=0.000 score=0.000 pol=-0.0002 val=0.0380 ent=1.3757 tot=+0.0112 agnorm=0.021 cgnorm=0.078 kl=0.0006 clipf=0.000 ev=+0.488 r0=1.0000 entcoef=5.50e-03 lr=3.6e-04 seed=1
iter= 313 step=1004800 ep_ret=-741.967 opt_ret=-741.967 step_rew=-7.4197 opt_step=-7.4197 gap0=741.967 dret=+68.423 eval_ret=n/a pursuer_target_distance=3.673 capture=0.000 score=0.000 pol=-0.0008 val=0.0215 ent=1.3785 tot=+0.0024 agnorm=0.036 cgnorm=0.061 kl=0.0009 clipf=0.005 ev=+0.639 r0=1.0000 entcoef=5.49e-03 lr=3.5e-04 seed=1
iter= 314 step=1008000 ep_ret=-731.684 opt_ret=-731.684 step_rew=-7.3168 opt_step=-7.3168 gap0=731.684 dret=+78.706 eval_ret=n/a pursuer_target_distance=3.770 capture=0.000 score=0.000 pol=-0.0008 val=0.0304 ent=1.3999 tot=+0.0067 agnorm=0.040 cgnorm=0.074 kl=0.0012 clipf=0.006 ev=+0.420 r0=1.0000 entcoef=5.47e-03 lr=3.5e-04 seed=1
iter= 315 step=1011200 ep_ret=-790.996 opt_ret=-790.996 step_rew=-7.9100 opt_step=-7.9100 gap0=790.996 dret=+19.394 eval_ret=n/a pursuer_target_distance=3.945 capture=0.000 score=0.000 pol=-0.0003 val=0.0264 ent=1.3901 tot=+0.0053 agnorm=0.028 cgnorm=0.073 kl=0.0003 clipf=0.000 ev=+0.558 r0=1.0000 entcoef=5.46e-03 lr=3.5e-04 seed=1
iter= 316 step=1014400 ep_ret=-815.038 opt_ret=-815.038 step_rew=-8.1504 opt_step=-8.1504 gap0=815.038 dret=-4.648 eval_ret=n/a pursuer_target_distance=4.045 capture=0.000 score=0.000 pol=-0.0005 val=0.0396 ent=1.3868 tot=+0.0118 agnorm=0.028 cgnorm=0.085 kl=0.0007 clipf=0.001 ev=+0.430 r0=1.0000 entcoef=5.44e-03 lr=3.5e-04 seed=1
iter= 317 step=1017600 ep_ret=-729.523 opt_ret=-729.523 step_rew=-7.2952 opt_step=-7.2952 gap0=729.523 dret=+80.866 eval_ret=n/a pursuer_target_distance=3.378 capture=0.000 score=0.000 pol=-0.0004 val=0.0271 ent=1.3929 tot=+0.0056 agnorm=0.025 cgnorm=0.070 kl=0.0007 clipf=0.000 ev=+0.592 r0=1.0000 entcoef=5.43e-03 lr=3.5e-04 seed=1
iter= 318 step=1020800 ep_ret=-857.619 opt_ret=-857.619 step_rew=-8.5762 opt_step=-8.5762 gap0=857.619 dret=-47.229 eval_ret=n/a pursuer_target_distance=4.684 capture=0.000 score=0.000 pol=-0.0003 val=0.0282 ent=1.4059 tot=+0.0062 agnorm=0.022 cgnorm=0.077 kl=0.0004 clipf=0.000 ev=+0.284 r0=1.0000 entcoef=5.41e-03 lr=3.5e-04 seed=1
iter= 319 step=1024000 ep_ret=-763.291 opt_ret=-763.291 step_rew=-7.6329 opt_step=-7.6329 gap0=763.291 dret=+47.098 eval_ret=n/a pursuer_target_distance=3.896 capture=0.000 score=0.000 pol=-0.0004 val=0.0238 ent=1.4182 tot=+0.0038 agnorm=0.029 cgnorm=0.063 kl=0.0004 clipf=0.001 ev=+0.480 r0=1.0000 entcoef=5.40e-03 lr=3.5e-04 seed=1
iter= 320 step=1027200 ep_ret=-857.044 opt_ret=-857.044 step_rew=-8.5704 opt_step=-8.5704 gap0=857.044 dret=-46.654 eval_ret=-531.190 pursuer_target_distance=4.232 capture=0.000 score=0.000 pol=-0.0008 val=0.0330 ent=1.4483 tot=+0.0079 agnorm=0.036 cgnorm=0.075 kl=0.0011 clipf=0.005 ev=+0.345 r0=1.0000 entcoef=5.38e-03 lr=3.5e-04 seed=1
iter= 321 step=1030400 ep_ret=-797.545 opt_ret=-797.545 step_rew=-7.9755 opt_step=-7.9755 gap0=797.545 dret=+12.845 eval_ret=n/a pursuer_target_distance=4.514 capture=0.000 score=0.000 pol=-0.0002 val=0.0270 ent=1.4444 tot=+0.0056 agnorm=0.034 cgnorm=0.062 kl=0.0004 clipf=0.000 ev=+0.561 r0=1.0000 entcoef=5.37e-03 lr=3.5e-04 seed=1
iter= 322 step=1033600 ep_ret=-807.342 opt_ret=-807.342 step_rew=-8.0734 opt_step=-8.0734 gap0=807.342 dret=+3.047 eval_ret=n/a pursuer_target_distance=4.047 capture=0.000 score=0.000 pol=-0.0004 val=0.0321 ent=1.4438 tot=+0.0079 agnorm=0.032 cgnorm=0.070 kl=0.0005 clipf=0.000 ev=+0.372 r0=1.0000 entcoef=5.36e-03 lr=3.4e-04 seed=1
iter= 323 step=1036800 ep_ret=-783.726 opt_ret=-783.726 step_rew=-7.8373 opt_step=-7.8373 gap0=783.726 dret=+26.664 eval_ret=n/a pursuer_target_distance=3.665 capture=0.000 score=0.000 pol=-0.0007 val=0.0194 ent=1.4359 tot=+0.0013 agnorm=0.040 cgnorm=0.059 kl=0.0008 clipf=0.000 ev=+0.505 r0=1.0000 entcoef=5.34e-03 lr=3.4e-04 seed=1
iter= 324 step=1040000 ep_ret=-792.301 opt_ret=-792.301 step_rew=-7.9230 opt_step=-7.9230 gap0=792.301 dret=+18.089 eval_ret=n/a pursuer_target_distance=3.867 capture=0.000 score=0.000 pol=-0.0003 val=0.0251 ent=1.4164 tot=+0.0047 agnorm=0.030 cgnorm=0.067 kl=0.0006 clipf=0.000 ev=+0.582 r0=1.0000 entcoef=5.33e-03 lr=3.4e-04 seed=1
iter= 325 step=1043200 ep_ret=-776.150 opt_ret=-776.150 step_rew=-7.7615 opt_step=-7.7615 gap0=776.150 dret=+34.239 eval_ret=n/a pursuer_target_distance=3.677 capture=0.000 score=0.000 pol=-0.0005 val=0.0280 ent=1.4012 tot=+0.0060 agnorm=0.033 cgnorm=0.072 kl=0.0005 clipf=0.000 ev=+0.500 r0=1.0000 entcoef=5.31e-03 lr=3.4e-04 seed=1
iter= 326 step=1046400 ep_ret=-780.157 opt_ret=-780.157 step_rew=-7.8016 opt_step=-7.8016 gap0=780.157 dret=+30.233 eval_ret=n/a pursuer_target_distance=4.161 capture=0.000 score=0.000 pol=-0.0006 val=0.0254 ent=1.3980 tot=+0.0047 agnorm=0.037 cgnorm=0.060 kl=0.0007 clipf=0.000 ev=+0.534 r0=1.0000 entcoef=5.30e-03 lr=3.4e-04 seed=1
iter= 327 step=1049600 ep_ret=-799.909 opt_ret=-799.909 step_rew=-7.9991 opt_step=-7.9991 gap0=799.909 dret=+10.480 eval_ret=n/a pursuer_target_distance=3.844 capture=0.000 score=0.000 pol=-0.0007 val=0.0339 ent=1.4031 tot=+0.0088 agnorm=0.031 cgnorm=0.076 kl=0.0015 clipf=0.007 ev=+0.386 r0=1.0000 entcoef=5.28e-03 lr=3.4e-04 seed=1
iter= 328 step=1052800 ep_ret=-749.243 opt_ret=-749.243 step_rew=-7.4924 opt_step=-7.4924 gap0=749.243 dret=+61.147 eval_ret=n/a pursuer_target_distance=3.648 capture=0.000 score=0.000 pol=-0.0007 val=0.0182 ent=1.3877 tot=+0.0011 agnorm=0.036 cgnorm=0.068 kl=0.0008 clipf=0.002 ev=+0.626 r0=1.0000 entcoef=5.27e-03 lr=3.4e-04 seed=1
iter= 329 step=1056000 ep_ret=-740.862 opt_ret=-740.862 step_rew=-7.4086 opt_step=-7.4086 gap0=740.862 dret=+69.527 eval_ret=n/a pursuer_target_distance=3.540 capture=0.000 score=0.000 pol=-0.0004 val=0.0317 ent=1.4132 tot=+0.0081 agnorm=0.027 cgnorm=0.080 kl=0.0008 clipf=0.000 ev=+0.523 r0=1.0000 entcoef=5.25e-03 lr=3.4e-04 seed=1
iter= 330 step=1059200 ep_ret=-783.249 opt_ret=-783.249 step_rew=-7.8325 opt_step=-7.8325 gap0=783.249 dret=+27.140 eval_ret=n/a pursuer_target_distance=3.446 capture=0.000 score=0.000 pol=-0.0005 val=0.0257 ent=1.4220 tot=+0.0049 agnorm=0.028 cgnorm=0.071 kl=0.0006 clipf=0.000 ev=+0.421 r0=1.0000 entcoef=5.24e-03 lr=3.4e-04 seed=1
iter= 331 step=1062400 ep_ret=-779.926 opt_ret=-779.926 step_rew=-7.7993 opt_step=-7.7993 gap0=779.926 dret=+30.464 eval_ret=n/a pursuer_target_distance=3.825 capture=0.000 score=0.000 pol=-0.0004 val=0.0276 ent=1.4186 tot=+0.0059 agnorm=0.031 cgnorm=0.080 kl=0.0005 clipf=0.000 ev=+0.376 r0=1.0000 entcoef=5.23e-03 lr=3.3e-04 seed=1
iter= 332 step=1065600 ep_ret=-743.682 opt_ret=-743.682 step_rew=-7.4368 opt_step=-7.4368 gap0=743.682 dret=+66.707 eval_ret=n/a pursuer_target_distance=3.672 capture=0.000 score=0.000 pol=-0.0003 val=0.0252 ent=1.4315 tot=+0.0048 agnorm=0.028 cgnorm=0.074 kl=0.0004 clipf=0.000 ev=+0.667 r0=1.0000 entcoef=5.21e-03 lr=3.3e-04 seed=1
iter= 333 step=1068800 ep_ret=-752.161 opt_ret=-752.161 step_rew=-7.5216 opt_step=-7.5216 gap0=752.161 dret=+58.229 eval_ret=n/a pursuer_target_distance=3.473 capture=0.000 score=0.000 pol=-0.0002 val=0.0242 ent=1.4531 tot=+0.0043 agnorm=0.033 cgnorm=0.076 kl=0.0004 clipf=0.000 ev=+0.368 r0=1.0000 entcoef=5.20e-03 lr=3.3e-04 seed=1
iter= 334 step=1072000 ep_ret=-813.838 opt_ret=-813.838 step_rew=-8.1384 opt_step=-8.1384 gap0=813.838 dret=-3.448 eval_ret=n/a pursuer_target_distance=4.044 capture=0.000 score=0.000 pol=-0.0007 val=0.0263 ent=1.4226 tot=+0.0051 agnorm=0.043 cgnorm=0.064 kl=0.0009 clipf=0.001 ev=+0.585 r0=1.0000 entcoef=5.18e-03 lr=3.3e-04 seed=1
iter= 335 step=1075200 ep_ret=-790.236 opt_ret=-790.236 step_rew=-7.9024 opt_step=-7.9024 gap0=790.236 dret=+20.154 eval_ret=n/a pursuer_target_distance=4.077 capture=0.000 score=0.000 pol=-0.0002 val=0.0355 ent=1.4581 tot=+0.0100 agnorm=0.037 cgnorm=0.075 kl=0.0006 clipf=0.000 ev=+0.377 r0=1.0000 entcoef=5.17e-03 lr=3.3e-04 seed=1
iter= 336 step=1078400 ep_ret=-778.388 opt_ret=-778.388 step_rew=-7.7839 opt_step=-7.7839 gap0=778.388 dret=+32.001 eval_ret=n/a pursuer_target_distance=4.053 capture=0.000 score=0.000 pol=-0.0003 val=0.0278 ent=1.4680 tot=+0.0060 agnorm=0.026 cgnorm=0.069 kl=0.0006 clipf=0.001 ev=+0.431 r0=1.0000 entcoef=5.15e-03 lr=3.3e-04 seed=1
iter= 337 step=1081600 ep_ret=-787.491 opt_ret=-787.491 step_rew=-7.8749 opt_step=-7.8749 gap0=787.491 dret=+22.899 eval_ret=n/a pursuer_target_distance=3.885 capture=0.000 score=0.000 pol=-0.0005 val=0.0255 ent=1.4806 tot=+0.0046 agnorm=0.031 cgnorm=0.077 kl=0.0008 clipf=0.002 ev=+0.559 r0=1.0000 entcoef=5.14e-03 lr=3.3e-04 seed=1
iter= 338 step=1084800 ep_ret=-788.856 opt_ret=-788.856 step_rew=-7.8886 opt_step=-7.8886 gap0=788.856 dret=+21.534 eval_ret=n/a pursuer_target_distance=3.786 capture=0.000 score=0.000 pol=-0.0010 val=0.0279 ent=1.4926 tot=+0.0053 agnorm=0.048 cgnorm=0.078 kl=0.0015 clipf=0.005 ev=+0.215 r0=1.0000 entcoef=5.13e-03 lr=3.3e-04 seed=1
iter= 339 step=1088000 ep_ret=-794.535 opt_ret=-794.535 step_rew=-7.9453 opt_step=-7.9453 gap0=794.535 dret=+15.855 eval_ret=n/a pursuer_target_distance=3.855 capture=0.000 score=0.000 pol=-0.0006 val=0.0417 ent=1.4963 tot=+0.0126 agnorm=0.027 cgnorm=0.080 kl=0.0009 clipf=0.000 ev=+0.432 r0=1.0000 entcoef=5.11e-03 lr=3.3e-04 seed=1
iter= 340 step=1091200 ep_ret=-810.608 opt_ret=-810.608 step_rew=-8.1061 opt_step=-8.1061 gap0=810.608 dret=-0.218 eval_ret=-521.749 pursuer_target_distance=4.090 capture=0.000 score=0.000 pol=-0.0006 val=0.0512 ent=1.4730 tot=+0.0175 agnorm=0.028 cgnorm=0.105 kl=0.0009 clipf=0.003 ev=+0.278 r0=1.0000 entcoef=5.10e-03 lr=3.2e-04 seed=1
iter= 341 step=1094400 ep_ret=-726.979 opt_ret=-726.979 step_rew=-7.2698 opt_step=-7.2698 gap0=726.979 dret=+83.411 eval_ret=n/a pursuer_target_distance=3.499 capture=0.000 score=0.000 pol=-0.0009 val=0.0172 ent=1.4669 tot=+0.0003 agnorm=0.038 cgnorm=0.066 kl=0.0010 clipf=0.004 ev=+0.621 r0=1.0000 entcoef=5.08e-03 lr=3.2e-04 seed=1
iter= 342 step=1097600 ep_ret=-762.436 opt_ret=-762.436 step_rew=-7.6244 opt_step=-7.6244 gap0=762.436 dret=+47.954 eval_ret=n/a pursuer_target_distance=3.474 capture=0.000 score=0.000 pol=-0.0003 val=0.0327 ent=1.4672 tot=+0.0086 agnorm=0.023 cgnorm=0.080 kl=0.0006 clipf=0.000 ev=+0.391 r0=1.0000 entcoef=5.07e-03 lr=3.2e-04 seed=1
iter= 343 step=1100800 ep_ret=-868.327 opt_ret=-868.327 step_rew=-8.6833 opt_step=-8.6833 gap0=868.327 dret=-57.938 eval_ret=n/a pursuer_target_distance=4.320 capture=0.000 score=0.000 pol=-0.0004 val=0.0358 ent=1.4708 tot=+0.0100 agnorm=0.037 cgnorm=0.089 kl=0.0004 clipf=0.000 ev=+0.499 r0=1.0000 entcoef=5.05e-03 lr=3.2e-04 seed=1
iter= 344 step=1104000 ep_ret=-773.789 opt_ret=-773.789 step_rew=-7.7379 opt_step=-7.7379 gap0=773.789 dret=+36.601 eval_ret=n/a pursuer_target_distance=3.578 capture=0.000 score=0.000 pol=-0.0006 val=0.0390 ent=1.4757 tot=+0.0115 agnorm=0.034 cgnorm=0.074 kl=0.0011 clipf=0.001 ev=+0.153 r0=1.0000 entcoef=5.04e-03 lr=3.2e-04 seed=1
iter= 345 step=1107200 ep_ret=-838.096 opt_ret=-838.096 step_rew=-8.3810 opt_step=-8.3810 gap0=838.096 dret=-27.706 eval_ret=n/a pursuer_target_distance=4.078 capture=0.000 score=0.000 pol=-0.0002 val=0.0436 ent=1.4737 tot=+0.0142 agnorm=0.024 cgnorm=0.102 kl=0.0005 clipf=0.000 ev=+0.408 r0=1.0000 entcoef=5.02e-03 lr=3.2e-04 seed=1
iter= 346 step=1110400 ep_ret=-771.508 opt_ret=-771.508 step_rew=-7.7151 opt_step=-7.7151 gap0=771.508 dret=+38.882 eval_ret=n/a pursuer_target_distance=3.736 capture=0.000 score=0.000 pol=-0.0003 val=0.0246 ent=1.4696 tot=+0.0046 agnorm=0.031 cgnorm=0.068 kl=0.0003 clipf=0.000 ev=+0.547 r0=1.0000 entcoef=5.01e-03 lr=3.2e-04 seed=1
iter= 347 step=1113600 ep_ret=-789.018 opt_ret=-789.018 step_rew=-7.8902 opt_step=-7.8902 gap0=789.018 dret=+21.372 eval_ret=n/a pursuer_target_distance=3.886 capture=0.000 score=0.000 pol=-0.0006 val=0.0296 ent=1.4884 tot=+0.0068 agnorm=0.039 cgnorm=0.065 kl=0.0008 clipf=0.001 ev=+0.555 r0=1.0000 entcoef=5.00e-03 lr=3.2e-04 seed=1
iter= 348 step=1116800 ep_ret=-824.276 opt_ret=-824.276 step_rew=-8.2428 opt_step=-8.2428 gap0=824.276 dret=-13.886 eval_ret=n/a pursuer_target_distance=3.798 capture=0.000 score=0.000 pol=-0.0006 val=0.0532 ent=1.4861 tot=+0.0186 agnorm=0.040 cgnorm=0.106 kl=0.0009 clipf=0.000 ev=+0.388 r0=1.0000 entcoef=4.98e-03 lr=3.2e-04 seed=1
iter= 349 step=1120000 ep_ret=-809.576 opt_ret=-809.576 step_rew=-8.0958 opt_step=-8.0958 gap0=809.576 dret=+0.813 eval_ret=n/a pursuer_target_distance=4.688 capture=0.000 score=0.000 pol=-0.0003 val=0.0310 ent=1.4887 tot=+0.0078 agnorm=0.035 cgnorm=0.083 kl=0.0008 clipf=0.000 ev=+0.566 r0=1.0000 entcoef=4.97e-03 lr=3.1e-04 seed=1
iter= 350 step=1123200 ep_ret=-743.078 opt_ret=-743.078 step_rew=-7.4308 opt_step=-7.4308 gap0=743.078 dret=+67.312 eval_ret=n/a pursuer_target_distance=3.821 capture=0.000 score=0.000 pol=-0.0005 val=0.0339 ent=1.4752 tot=+0.0091 agnorm=0.034 cgnorm=0.076 kl=0.0008 clipf=0.000 ev=+0.619 r0=1.0000 entcoef=4.95e-03 lr=3.1e-04 seed=1
iter= 351 step=1126400 ep_ret=-746.127 opt_ret=-746.127 step_rew=-7.4613 opt_step=-7.4613 gap0=746.127 dret=+64.263 eval_ret=n/a pursuer_target_distance=3.781 capture=0.000 score=0.000 pol=-0.0005 val=0.0261 ent=1.4640 tot=+0.0053 agnorm=0.028 cgnorm=0.067 kl=0.0007 clipf=0.000 ev=+0.441 r0=1.0000 entcoef=4.94e-03 lr=3.1e-04 seed=1
iter= 352 step=1129600 ep_ret=-802.403 opt_ret=-802.403 step_rew=-8.0240 opt_step=-8.0240 gap0=802.403 dret=+7.986 eval_ret=n/a pursuer_target_distance=4.056 capture=0.000 score=0.000 pol=-0.0004 val=0.0591 ent=1.4779 tot=+0.0219 agnorm=0.038 cgnorm=0.104 kl=0.0005 clipf=0.000 ev=+0.241 r0=1.0000 entcoef=4.92e-03 lr=3.1e-04 seed=1
iter= 353 step=1132800 ep_ret=-793.667 opt_ret=-793.667 step_rew=-7.9367 opt_step=-7.9367 gap0=793.667 dret=+16.723 eval_ret=n/a pursuer_target_distance=3.906 capture=0.000 score=0.000 pol=-0.0007 val=0.0246 ent=1.4888 tot=+0.0043 agnorm=0.031 cgnorm=0.074 kl=0.0012 clipf=0.002 ev=+0.588 r0=1.0000 entcoef=4.91e-03 lr=3.1e-04 seed=1
iter= 354 step=1136000 ep_ret=-870.884 opt_ret=-870.884 step_rew=-8.7088 opt_step=-8.7088 gap0=870.884 dret=-60.494 eval_ret=n/a pursuer_target_distance=4.462 capture=0.000 score=0.000 pol=-0.0002 val=0.0442 ent=1.5014 tot=+0.0145 agnorm=0.030 cgnorm=0.095 kl=0.0003 clipf=0.000 ev=+0.467 r0=1.0000 entcoef=4.89e-03 lr=3.1e-04 seed=1
iter= 355 step=1139200 ep_ret=-740.384 opt_ret=-740.384 step_rew=-7.4038 opt_step=-7.4038 gap0=740.384 dret=+70.006 eval_ret=n/a pursuer_target_distance=3.466 capture=0.000 score=0.000 pol=-0.0003 val=0.0377 ent=1.4965 tot=+0.0113 agnorm=0.025 cgnorm=0.093 kl=0.0002 clipf=0.000 ev=+0.260 r0=1.0000 entcoef=4.88e-03 lr=3.1e-04 seed=1
iter= 356 step=1142400 ep_ret=-833.779 opt_ret=-833.779 step_rew=-8.3378 opt_step=-8.3378 gap0=833.779 dret=-23.389 eval_ret=n/a pursuer_target_distance=4.142 capture=0.000 score=0.000 pol=-0.0005 val=0.0349 ent=1.5000 tot=+0.0096 agnorm=0.041 cgnorm=0.085 kl=0.0003 clipf=0.000 ev=+0.541 r0=1.0000 entcoef=4.87e-03 lr=3.1e-04 seed=1
iter= 357 step=1145600 ep_ret=-813.998 opt_ret=-813.998 step_rew=-8.1400 opt_step=-8.1400 gap0=813.998 dret=-3.608 eval_ret=n/a pursuer_target_distance=3.784 capture=0.000 score=0.000 pol=-0.0004 val=0.0235 ent=1.5040 tot=+0.0041 agnorm=0.025 cgnorm=0.075 kl=0.0008 clipf=0.001 ev=+0.655 r0=1.0000 entcoef=4.85e-03 lr=3.1e-04 seed=1
iter= 358 step=1148800 ep_ret=-809.977 opt_ret=-809.977 step_rew=-8.0998 opt_step=-8.0998 gap0=809.977 dret=+0.413 eval_ret=n/a pursuer_target_distance=3.919 capture=0.000 score=0.000 pol=-0.0005 val=0.0277 ent=1.5099 tot=+0.0060 agnorm=0.028 cgnorm=0.080 kl=0.0005 clipf=0.000 ev=+0.299 r0=1.0000 entcoef=4.84e-03 lr=3.0e-04 seed=1
iter= 359 step=1152000 ep_ret=-767.763 opt_ret=-767.763 step_rew=-7.6776 opt_step=-7.6776 gap0=767.763 dret=+42.626 eval_ret=n/a pursuer_target_distance=3.678 capture=0.000 score=0.000 pol=-0.0005 val=0.0240 ent=1.5047 tot=+0.0043 agnorm=0.032 cgnorm=0.076 kl=0.0007 clipf=0.000 ev=+0.428 r0=1.0000 entcoef=4.82e-03 lr=3.0e-04 seed=1
iter= 360 step=1155200 ep_ret=-773.342 opt_ret=-773.342 step_rew=-7.7334 opt_step=-7.7334 gap0=773.342 dret=+37.047 eval_ret=-541.358 pursuer_target_distance=3.580 capture=0.000 score=0.000 pol=-0.0006 val=0.0297 ent=1.5239 tot=+0.0069 agnorm=0.037 cgnorm=0.074 kl=0.0008 clipf=0.000 ev=+0.416 r0=1.0000 entcoef=4.81e-03 lr=3.0e-04 seed=1
iter= 361 step=1158400 ep_ret=-737.700 opt_ret=-737.700 step_rew=-7.3770 opt_step=-7.3770 gap0=737.700 dret=+72.689 eval_ret=n/a pursuer_target_distance=3.845 capture=0.000 score=0.000 pol=-0.0001 val=0.0280 ent=1.5217 tot=+0.0066 agnorm=0.031 cgnorm=0.065 kl=0.0004 clipf=0.000 ev=+0.632 r0=1.0000 entcoef=4.79e-03 lr=3.0e-04 seed=1
iter= 362 step=1161600 ep_ret=-661.272 opt_ret=-661.272 step_rew=-6.6127 opt_step=-6.6127 gap0=661.272 dret=+149.118 eval_ret=n/a pursuer_target_distance=3.295 capture=0.000 score=0.000 pol=-0.0003 val=0.0209 ent=1.5312 tot=+0.0028 agnorm=0.025 cgnorm=0.067 kl=0.0004 clipf=0.000 ev=+0.606 r0=1.0000 entcoef=4.78e-03 lr=3.0e-04 seed=1
iter= 363 step=1164800 ep_ret=-735.117 opt_ret=-735.117 step_rew=-7.3512 opt_step=-7.3512 gap0=735.117 dret=+75.273 eval_ret=n/a pursuer_target_distance=3.194 capture=0.000 score=0.000 pol=-0.0004 val=0.0279 ent=1.5182 tot=+0.0063 agnorm=0.024 cgnorm=0.078 kl=0.0004 clipf=0.000 ev=+0.559 r0=1.0000 entcoef=4.76e-03 lr=3.0e-04 seed=1
iter= 364 step=1168000 ep_ret=-815.943 opt_ret=-815.943 step_rew=-8.1594 opt_step=-8.1594 gap0=815.943 dret=-5.553 eval_ret=n/a pursuer_target_distance=3.974 capture=0.000 score=0.000 pol=-0.0004 val=0.0585 ent=1.5257 tot=+0.0216 agnorm=0.029 cgnorm=0.093 kl=0.0004 clipf=0.000 ev=+0.345 r0=1.0000 entcoef=4.75e-03 lr=3.0e-04 seed=1
iter= 365 step=1171200 ep_ret=-784.677 opt_ret=-784.677 step_rew=-7.8468 opt_step=-7.8468 gap0=784.677 dret=+25.713 eval_ret=n/a pursuer_target_distance=3.652 capture=0.000 score=0.000 pol=-0.0004 val=0.0271 ent=1.5260 tot=+0.0060 agnorm=0.028 cgnorm=0.082 kl=0.0004 clipf=0.000 ev=+0.396 r0=1.0000 entcoef=4.74e-03 lr=3.0e-04 seed=1
iter= 366 step=1174400 ep_ret=-721.525 opt_ret=-721.525 step_rew=-7.2153 opt_step=-7.2153 gap0=721.525 dret=+88.865 eval_ret=n/a pursuer_target_distance=3.958 capture=0.000 score=0.000 pol=-0.0003 val=0.0308 ent=1.5322 tot=+0.0079 agnorm=0.027 cgnorm=0.090 kl=0.0003 clipf=0.000 ev=+0.471 r0=1.0000 entcoef=4.72e-03 lr=3.0e-04 seed=1
iter= 367 step=1177600 ep_ret=-857.110 opt_ret=-857.110 step_rew=-8.5711 opt_step=-8.5711 gap0=857.110 dret=-46.721 eval_ret=n/a pursuer_target_distance=4.774 capture=0.000 score=0.000 pol=-0.0005 val=0.0452 ent=1.5287 tot=+0.0149 agnorm=0.035 cgnorm=0.098 kl=0.0005 clipf=0.000 ev=+0.400 r0=1.0000 entcoef=4.71e-03 lr=2.9e-04 seed=1
iter= 368 step=1180800 ep_ret=-825.902 opt_ret=-825.902 step_rew=-8.2590 opt_step=-8.2590 gap0=825.902 dret=-15.513 eval_ret=n/a pursuer_target_distance=3.929 capture=0.000 score=0.000 pol=-0.0004 val=0.0278 ent=1.5280 tot=+0.0063 agnorm=0.028 cgnorm=0.069 kl=0.0006 clipf=0.000 ev=+0.572 r0=1.0000 entcoef=4.69e-03 lr=2.9e-04 seed=1
iter= 369 step=1184000 ep_ret=-752.284 opt_ret=-752.284 step_rew=-7.5228 opt_step=-7.5228 gap0=752.284 dret=+58.105 eval_ret=n/a pursuer_target_distance=3.731 capture=0.000 score=0.000 pol=-0.0002 val=0.0256 ent=1.5262 tot=+0.0054 agnorm=0.026 cgnorm=0.067 kl=0.0004 clipf=0.000 ev=+0.589 r0=1.0000 entcoef=4.68e-03 lr=2.9e-04 seed=1
iter= 370 step=1187200 ep_ret=-842.890 opt_ret=-842.890 step_rew=-8.4289 opt_step=-8.4289 gap0=842.890 dret=-32.500 eval_ret=n/a pursuer_target_distance=4.388 capture=0.000 score=0.000 pol=-0.0004 val=0.0344 ent=1.5217 tot=+0.0097 agnorm=0.037 cgnorm=0.082 kl=0.0006 clipf=0.000 ev=+0.470 r0=1.0000 entcoef=4.66e-03 lr=2.9e-04 seed=1
iter= 371 step=1190400 ep_ret=-740.332 opt_ret=-740.332 step_rew=-7.4033 opt_step=-7.4033 gap0=740.332 dret=+70.058 eval_ret=n/a pursuer_target_distance=4.188 capture=0.000 score=0.000 pol=-0.0003 val=0.0393 ent=1.5442 tot=+0.0121 agnorm=0.032 cgnorm=0.093 kl=0.0005 clipf=0.000 ev=+0.465 r0=1.0000 entcoef=4.65e-03 lr=2.9e-04 seed=1
iter= 372 step=1193600 ep_ret=-753.623 opt_ret=-753.623 step_rew=-7.5362 opt_step=-7.5362 gap0=753.623 dret=+56.767 eval_ret=n/a pursuer_target_distance=3.956 capture=0.000 score=0.000 pol=-0.0006 val=0.0408 ent=1.5386 tot=+0.0127 agnorm=0.039 cgnorm=0.085 kl=0.0007 clipf=0.000 ev=+0.565 r0=1.0000 entcoef=4.63e-03 lr=2.9e-04 seed=1
iter= 373 step=1196800 ep_ret=-785.083 opt_ret=-785.083 step_rew=-7.8508 opt_step=-7.8508 gap0=785.083 dret=+25.307 eval_ret=n/a pursuer_target_distance=4.245 capture=0.000 score=0.000 pol=-0.0005 val=0.0266 ent=1.5365 tot=+0.0057 agnorm=0.037 cgnorm=0.078 kl=0.0009 clipf=0.000 ev=+0.573 r0=1.0000 entcoef=4.62e-03 lr=2.9e-04 seed=1
iter= 374 step=1200000 ep_ret=-861.915 opt_ret=-861.915 step_rew=-8.6192 opt_step=-8.6192 gap0=861.915 dret=-51.526 eval_ret=n/a pursuer_target_distance=3.889 capture=0.000 score=0.000 pol=-0.0007 val=0.0390 ent=1.5204 tot=+0.0119 agnorm=0.025 cgnorm=0.098 kl=0.0011 clipf=0.002 ev=+0.566 r0=1.0000 entcoef=4.61e-03 lr=2.9e-04 seed=1
iter= 375 step=1203200 ep_ret=-792.048 opt_ret=-792.048 step_rew=-7.9205 opt_step=-7.9205 gap0=792.048 dret=+18.342 eval_ret=n/a pursuer_target_distance=4.013 capture=0.000 score=0.000 pol=-0.0003 val=0.0267 ent=1.5046 tot=+0.0061 agnorm=0.031 cgnorm=0.065 kl=0.0003 clipf=0.000 ev=+0.594 r0=1.0000 entcoef=4.59e-03 lr=2.9e-04 seed=1
iter= 376 step=1206400 ep_ret=-838.399 opt_ret=-838.399 step_rew=-8.3840 opt_step=-8.3840 gap0=838.399 dret=-28.009 eval_ret=n/a pursuer_target_distance=4.241 capture=0.000 score=0.000 pol=-0.0005 val=0.0347 ent=1.4977 tot=+0.0100 agnorm=0.045 cgnorm=0.095 kl=0.0005 clipf=0.000 ev=+0.525 r0=1.0000 entcoef=4.58e-03 lr=2.8e-04 seed=1
iter= 377 step=1209600 ep_ret=-770.085 opt_ret=-770.085 step_rew=-7.7008 opt_step=-7.7008 gap0=770.085 dret=+40.305 eval_ret=n/a pursuer_target_distance=3.646 capture=0.000 score=0.000 pol=-0.0005 val=0.0237 ent=1.5014 tot=+0.0045 agnorm=0.039 cgnorm=0.069 kl=0.0008 clipf=0.001 ev=+0.512 r0=1.0000 entcoef=4.56e-03 lr=2.8e-04 seed=1
iter= 378 step=1212800 ep_ret=-732.413 opt_ret=-732.413 step_rew=-7.3241 opt_step=-7.3241 gap0=732.413 dret=+77.977 eval_ret=n/a pursuer_target_distance=3.452 capture=0.000 score=0.000 pol=-0.0006 val=0.0224 ent=1.5134 tot=+0.0038 agnorm=0.027 cgnorm=0.079 kl=0.0009 clipf=0.000 ev=+0.660 r0=1.0000 entcoef=4.55e-03 lr=2.8e-04 seed=1
iter= 379 step=1216000 ep_ret=-764.354 opt_ret=-764.354 step_rew=-7.6435 opt_step=-7.6435 gap0=764.354 dret=+46.035 eval_ret=n/a pursuer_target_distance=3.274 capture=0.000 score=0.000 pol=-0.0007 val=0.0215 ent=1.5113 tot=+0.0032 agnorm=0.036 cgnorm=0.068 kl=0.0009 clipf=0.002 ev=+0.651 r0=1.0000 entcoef=4.53e-03 lr=2.8e-04 seed=1
iter= 380 step=1219200 ep_ret=-764.515 opt_ret=-764.515 step_rew=-7.6451 opt_step=-7.6451 gap0=764.515 dret=+45.875 eval_ret=-534.517 pursuer_target_distance=3.710 capture=0.000 score=0.000 pol=-0.0005 val=0.0156 ent=1.5150 tot=+0.0005 agnorm=0.030 cgnorm=0.055 kl=0.0006 clipf=0.000 ev=+0.581 r0=1.0000 entcoef=4.52e-03 lr=2.8e-04 seed=1
iter= 381 step=1222400 ep_ret=-748.772 opt_ret=-748.772 step_rew=-7.4877 opt_step=-7.4877 gap0=748.772 dret=+61.618 eval_ret=n/a pursuer_target_distance=3.562 capture=0.000 score=0.000 pol=-0.0003 val=0.0216 ent=1.5095 tot=+0.0037 agnorm=0.028 cgnorm=0.064 kl=0.0004 clipf=0.000 ev=+0.655 r0=1.0000 entcoef=4.50e-03 lr=2.8e-04 seed=1
iter= 382 step=1225600 ep_ret=-792.022 opt_ret=-792.022 step_rew=-7.9202 opt_step=-7.9202 gap0=792.022 dret=+18.367 eval_ret=n/a pursuer_target_distance=4.028 capture=0.000 score=0.000 pol=-0.0003 val=0.0285 ent=1.5100 tot=+0.0071 agnorm=0.032 cgnorm=0.089 kl=0.0003 clipf=0.000 ev=+0.490 r0=1.0000 entcoef=4.49e-03 lr=2.8e-04 seed=1
iter= 383 step=1228800 ep_ret=-784.988 opt_ret=-784.988 step_rew=-7.8499 opt_step=-7.8499 gap0=784.988 dret=+25.401 eval_ret=n/a pursuer_target_distance=3.620 capture=0.000 score=0.000 pol=-0.0005 val=0.0353 ent=1.5130 tot=+0.0104 agnorm=0.040 cgnorm=0.096 kl=0.0004 clipf=0.000 ev=+0.422 r0=1.0000 entcoef=4.48e-03 lr=2.8e-04 seed=1
iter= 384 step=1232000 ep_ret=-788.903 opt_ret=-788.903 step_rew=-7.8890 opt_step=-7.8890 gap0=788.903 dret=+21.486 eval_ret=n/a pursuer_target_distance=3.869 capture=0.000 score=0.000 pol=-0.0003 val=0.0191 ent=1.5126 tot=+0.0025 agnorm=0.029 cgnorm=0.058 kl=0.0005 clipf=0.000 ev=+0.705 r0=1.0000 entcoef=4.46e-03 lr=2.8e-04 seed=1
iter= 385 step=1235200 ep_ret=-748.722 opt_ret=-748.722 step_rew=-7.4872 opt_step=-7.4872 gap0=748.722 dret=+61.668 eval_ret=n/a pursuer_target_distance=3.657 capture=0.000 score=0.000 pol=-0.0003 val=0.0296 ent=1.5114 tot=+0.0077 agnorm=0.035 cgnorm=0.086 kl=0.0002 clipf=0.000 ev=+0.636 r0=1.0000 entcoef=4.45e-03 lr=2.7e-04 seed=1
iter= 386 step=1238400 ep_ret=-792.937 opt_ret=-792.937 step_rew=-7.9294 opt_step=-7.9294 gap0=792.937 dret=+17.453 eval_ret=n/a pursuer_target_distance=4.063 capture=0.000 score=0.000 pol=-0.0005 val=0.0382 ent=1.5156 tot=+0.0119 agnorm=0.032 cgnorm=0.109 kl=0.0004 clipf=0.000 ev=+0.267 r0=1.0000 entcoef=4.43e-03 lr=2.7e-04 seed=1
iter= 387 step=1241600 ep_ret=-823.969 opt_ret=-823.969 step_rew=-8.2397 opt_step=-8.2397 gap0=823.969 dret=-13.579 eval_ret=n/a pursuer_target_distance=4.227 capture=0.000 score=0.000 pol=-0.0001 val=0.0246 ent=1.5082 tot=+0.0055 agnorm=0.031 cgnorm=0.079 kl=0.0002 clipf=0.000 ev=+0.478 r0=1.0000 entcoef=4.42e-03 lr=2.7e-04 seed=1
iter= 388 step=1244800 ep_ret=-865.365 opt_ret=-865.365 step_rew=-8.6537 opt_step=-8.6537 gap0=865.365 dret=-54.976 eval_ret=n/a pursuer_target_distance=4.210 capture=0.000 score=0.000 pol=-0.0004 val=0.0380 ent=1.5069 tot=+0.0120 agnorm=0.026 cgnorm=0.089 kl=0.0004 clipf=0.000 ev=+0.349 r0=1.0000 entcoef=4.40e-03 lr=2.7e-04 seed=1
iter= 389 step=1248000 ep_ret=-778.130 opt_ret=-778.130 step_rew=-7.7813 opt_step=-7.7813 gap0=778.130 dret=+32.259 eval_ret=n/a pursuer_target_distance=3.764 capture=0.000 score=0.000 pol=-0.0002 val=0.0318 ent=1.5020 tot=+0.0091 agnorm=0.025 cgnorm=0.093 kl=0.0003 clipf=0.000 ev=+0.455 r0=1.0000 entcoef=4.39e-03 lr=2.7e-04 seed=1
iter= 390 step=1251200 ep_ret=-865.583 opt_ret=-865.583 step_rew=-8.6558 opt_step=-8.6558 gap0=865.583 dret=-55.193 eval_ret=n/a pursuer_target_distance=4.726 capture=0.000 score=0.000 pol=-0.0004 val=0.0609 ent=1.5077 tot=+0.0235 agnorm=0.028 cgnorm=0.114 kl=0.0003 clipf=0.000 ev=+0.386 r0=1.0000 entcoef=4.37e-03 lr=2.7e-04 seed=1
iter= 391 step=1254400 ep_ret=-796.703 opt_ret=-796.703 step_rew=-7.9670 opt_step=-7.9670 gap0=796.703 dret=+13.686 eval_ret=n/a pursuer_target_distance=4.083 capture=0.000 score=0.000 pol=-0.0004 val=0.0294 ent=1.5049 tot=+0.0078 agnorm=0.025 cgnorm=0.079 kl=0.0004 clipf=0.000 ev=+0.636 r0=1.0000 entcoef=4.36e-03 lr=2.7e-04 seed=1
iter= 392 step=1257600 ep_ret=-867.473 opt_ret=-867.473 step_rew=-8.6747 opt_step=-8.6747 gap0=867.473 dret=-57.084 eval_ret=n/a pursuer_target_distance=4.417 capture=0.000 score=0.000 pol=-0.0002 val=0.0438 ent=1.5137 tot=+0.0151 agnorm=0.034 cgnorm=0.091 kl=0.0002 clipf=0.000 ev=+0.451 r0=1.0000 entcoef=4.35e-03 lr=2.7e-04 seed=1
iter= 393 step=1260800 ep_ret=-812.430 opt_ret=-812.430 step_rew=-8.1243 opt_step=-8.1243 gap0=812.430 dret=-2.040 eval_ret=n/a pursuer_target_distance=3.424 capture=0.000 score=0.000 pol=-0.0004 val=0.0245 ent=1.5169 tot=+0.0053 agnorm=0.033 cgnorm=0.078 kl=0.0005 clipf=0.000 ev=+0.291 r0=1.0000 entcoef=4.33e-03 lr=2.7e-04 seed=1
iter= 394 step=1264000 ep_ret=-812.258 opt_ret=-812.258 step_rew=-8.1226 opt_step=-8.1226 gap0=812.258 dret=-1.868 eval_ret=n/a pursuer_target_distance=3.902 capture=0.000 score=0.000 pol=-0.0002 val=0.0291 ent=1.5143 tot=+0.0078 agnorm=0.030 cgnorm=0.081 kl=0.0003 clipf=0.000 ev=+0.243 r0=1.0000 entcoef=4.32e-03 lr=2.6e-04 seed=1
iter= 395 step=1267200 ep_ret=-766.868 opt_ret=-766.868 step_rew=-7.6687 opt_step=-7.6687 gap0=766.868 dret=+43.521 eval_ret=n/a pursuer_target_distance=4.035 capture=0.000 score=0.000 pol=-0.0004 val=0.0367 ent=1.5113 tot=+0.0115 agnorm=0.035 cgnorm=0.092 kl=0.0004 clipf=0.000 ev=+0.466 r0=1.0000 entcoef=4.30e-03 lr=2.6e-04 seed=1
iter= 396 step=1270400 ep_ret=-815.552 opt_ret=-815.552 step_rew=-8.1555 opt_step=-8.1555 gap0=815.552 dret=-5.162 eval_ret=n/a pursuer_target_distance=3.801 capture=0.000 score=0.000 pol=-0.0004 val=0.0274 ent=1.5059 tot=+0.0069 agnorm=0.029 cgnorm=0.065 kl=0.0006 clipf=0.000 ev=+0.374 r0=1.0000 entcoef=4.29e-03 lr=2.6e-04 seed=1
iter= 397 step=1273600 ep_ret=-781.162 opt_ret=-781.162 step_rew=-7.8116 opt_step=-7.8116 gap0=781.162 dret=+29.228 eval_ret=n/a pursuer_target_distance=3.370 capture=0.000 score=0.000 pol=-0.0002 val=0.0264 ent=1.5033 tot=+0.0065 agnorm=0.025 cgnorm=0.075 kl=0.0004 clipf=0.000 ev=+0.520 r0=1.0000 entcoef=4.27e-03 lr=2.6e-04 seed=1
iter= 398 step=1276800 ep_ret=-763.233 opt_ret=-763.233 step_rew=-7.6323 opt_step=-7.6323 gap0=763.233 dret=+47.157 eval_ret=n/a pursuer_target_distance=3.072 capture=0.000 score=0.000 pol=-0.0004 val=0.0291 ent=1.5086 tot=+0.0077 agnorm=0.034 cgnorm=0.066 kl=0.0003 clipf=0.000 ev=+0.579 r0=1.0000 entcoef=4.26e-03 lr=2.6e-04 seed=1
iter= 399 step=1280000 ep_ret=-774.179 opt_ret=-774.179 step_rew=-7.7418 opt_step=-7.7418 gap0=774.179 dret=+36.211 eval_ret=n/a pursuer_target_distance=3.991 capture=0.000 score=0.000 pol=-0.0001 val=0.0267 ent=1.5200 tot=+0.0068 agnorm=0.022 cgnorm=0.081 kl=0.0003 clipf=0.000 ev=+0.462 r0=1.0000 entcoef=4.25e-03 lr=2.6e-04 seed=1
iter= 400 step=1283200 ep_ret=-785.169 opt_ret=-785.169 step_rew=-7.8517 opt_step=-7.8517 gap0=785.169 dret=+25.220 eval_ret=-627.664 pursuer_target_distance=3.908 capture=0.000 score=0.000 pol=-0.0004 val=0.0414 ent=1.5254 tot=+0.0139 agnorm=0.035 cgnorm=0.101 kl=0.0003 clipf=0.000 ev=+0.448 r0=1.0000 entcoef=4.23e-03 lr=2.6e-04 seed=1
iter= 401 step=1286400 ep_ret=-794.625 opt_ret=-794.625 step_rew=-7.9462 opt_step=-7.9462 gap0=794.625 dret=+15.765 eval_ret=n/a pursuer_target_distance=4.242 capture=0.000 score=0.000 pol=-0.0005 val=0.0436 ent=1.5390 tot=+0.0148 agnorm=0.037 cgnorm=0.091 kl=0.0007 clipf=0.001 ev=+0.392 r0=1.0000 entcoef=4.22e-03 lr=2.6e-04 seed=1
iter= 402 step=1289600 ep_ret=-809.417 opt_ret=-809.417 step_rew=-8.0942 opt_step=-8.0942 gap0=809.417 dret=+0.973 eval_ret=n/a pursuer_target_distance=4.289 capture=0.000 score=0.000 pol=-0.0002 val=0.0232 ent=1.5407 tot=+0.0049 agnorm=0.031 cgnorm=0.077 kl=0.0005 clipf=0.000 ev=+0.680 r0=1.0000 entcoef=4.20e-03 lr=2.6e-04 seed=1
iter= 403 step=1292800 ep_ret=-852.736 opt_ret=-852.736 step_rew=-8.5274 opt_step=-8.5274 gap0=852.736 dret=-42.346 eval_ret=n/a pursuer_target_distance=4.118 capture=0.000 score=0.000 pol=-0.0005 val=0.0424 ent=1.5397 tot=+0.0143 agnorm=0.034 cgnorm=0.091 kl=0.0005 clipf=0.000 ev=+0.321 r0=1.0000 entcoef=4.19e-03 lr=2.5e-04 seed=1
iter= 404 step=1296000 ep_ret=-794.377 opt_ret=-794.377 step_rew=-7.9438 opt_step=-7.9438 gap0=794.377 dret=+16.013 eval_ret=n/a pursuer_target_distance=3.573 capture=0.000 score=0.000 pol=-0.0001 val=0.0420 ent=1.5415 tot=+0.0145 agnorm=0.025 cgnorm=0.088 kl=0.0003 clipf=0.000 ev=+0.538 r0=1.0000 entcoef=4.17e-03 lr=2.5e-04 seed=1
iter= 405 step=1299200 ep_ret=-802.247 opt_ret=-802.247 step_rew=-8.0225 opt_step=-8.0225 gap0=802.247 dret=+8.143 eval_ret=n/a pursuer_target_distance=4.255 capture=0.000 score=0.000 pol=-0.0003 val=0.0333 ent=1.5321 tot=+0.0100 agnorm=0.030 cgnorm=0.088 kl=0.0002 clipf=0.000 ev=+0.588 r0=1.0000 entcoef=4.16e-03 lr=2.5e-04 seed=1
iter= 406 step=1302400 ep_ret=-796.936 opt_ret=-796.936 step_rew=-7.9694 opt_step=-7.9694 gap0=796.936 dret=+13.453 eval_ret=n/a pursuer_target_distance=3.263 capture=0.000 score=0.000 pol=-0.0002 val=0.0292 ent=1.5397 tot=+0.0080 agnorm=0.033 cgnorm=0.076 kl=0.0003 clipf=0.000 ev=+0.559 r0=1.0000 entcoef=4.14e-03 lr=2.5e-04 seed=1
iter= 407 step=1305600 ep_ret=-820.576 opt_ret=-820.576 step_rew=-8.2058 opt_step=-8.2058 gap0=820.576 dret=-10.187 eval_ret=n/a pursuer_target_distance=4.296 capture=0.000 score=0.000 pol=-0.0004 val=0.0360 ent=1.5326 tot=+0.0113 agnorm=0.031 cgnorm=0.088 kl=0.0004 clipf=0.000 ev=+0.582 r0=1.0000 entcoef=4.13e-03 lr=2.5e-04 seed=1
iter= 408 step=1308800 ep_ret=-901.699 opt_ret=-901.699 step_rew=-9.0170 opt_step=-9.0170 gap0=901.699 dret=-91.309 eval_ret=n/a pursuer_target_distance=4.409 capture=0.000 score=0.000 pol=-0.0001 val=0.0373 ent=1.5303 tot=+0.0123 agnorm=0.024 cgnorm=0.107 kl=0.0002 clipf=0.000 ev=+0.654 r0=1.0000 entcoef=4.12e-03 lr=2.5e-04 seed=1
iter= 409 step=1312000 ep_ret=-832.574 opt_ret=-832.574 step_rew=-8.3257 opt_step=-8.3257 gap0=832.574 dret=-22.184 eval_ret=n/a pursuer_target_distance=4.065 capture=0.000 score=0.000 pol=-0.0006 val=0.0507 ent=1.5268 tot=+0.0185 agnorm=0.046 cgnorm=0.122 kl=0.0004 clipf=0.000 ev=+0.448 r0=1.0000 entcoef=4.10e-03 lr=2.5e-04 seed=1
iter= 410 step=1315200 ep_ret=-846.472 opt_ret=-846.472 step_rew=-8.4647 opt_step=-8.4647 gap0=846.472 dret=-36.082 eval_ret=n/a pursuer_target_distance=4.212 capture=0.000 score=0.000 pol=-0.0002 val=0.0285 ent=1.5208 tot=+0.0078 agnorm=0.026 cgnorm=0.072 kl=0.0007 clipf=0.000 ev=+0.638 r0=1.0000 entcoef=4.09e-03 lr=2.5e-04 seed=1
iter= 411 step=1318400 ep_ret=-792.049 opt_ret=-792.049 step_rew=-7.9205 opt_step=-7.9205 gap0=792.049 dret=+18.341 eval_ret=n/a pursuer_target_distance=4.017 capture=0.000 score=0.000 pol=-0.0001 val=0.0333 ent=1.5182 tot=+0.0103 agnorm=0.024 cgnorm=0.090 kl=0.0002 clipf=0.000 ev=+0.546 r0=1.0000 entcoef=4.07e-03 lr=2.5e-04 seed=1
iter= 412 step=1321600 ep_ret=-807.391 opt_ret=-807.391 step_rew=-8.0739 opt_step=-8.0739 gap0=807.391 dret=+2.999 eval_ret=n/a pursuer_target_distance=4.056 capture=0.000 score=0.000 pol=-0.0004 val=0.0423 ent=1.5139 tot=+0.0146 agnorm=0.038 cgnorm=0.096 kl=0.0003 clipf=0.000 ev=+0.514 r0=1.0000 entcoef=4.06e-03 lr=2.4e-04 seed=1
iter= 413 step=1324800 ep_ret=-806.766 opt_ret=-806.766 step_rew=-8.0677 opt_step=-8.0677 gap0=806.766 dret=+3.624 eval_ret=n/a pursuer_target_distance=4.078 capture=0.000 score=0.000 pol=-0.0004 val=0.0238 ent=1.4991 tot=+0.0054 agnorm=0.037 cgnorm=0.087 kl=0.0005 clipf=0.000 ev=+0.543 r0=1.0000 entcoef=4.04e-03 lr=2.4e-04 seed=1
iter= 414 step=1328000 ep_ret=-832.600 opt_ret=-832.600 step_rew=-8.3260 opt_step=-8.3260 gap0=832.600 dret=-22.210 eval_ret=n/a pursuer_target_distance=3.730 capture=0.000 score=0.000 pol=-0.0003 val=0.0574 ent=1.4918 tot=+0.0224 agnorm=0.033 cgnorm=0.101 kl=0.0005 clipf=0.000 ev=+0.444 r0=1.0000 entcoef=4.03e-03 lr=2.4e-04 seed=1
iter= 415 step=1331200 ep_ret=-852.846 opt_ret=-852.846 step_rew=-8.5285 opt_step=-8.5285 gap0=852.846 dret=-42.456 eval_ret=n/a pursuer_target_distance=4.065 capture=0.000 score=0.000 pol=-0.0004 val=0.0375 ent=1.4826 tot=+0.0124 agnorm=0.040 cgnorm=0.097 kl=0.0004 clipf=0.000 ev=+0.461 r0=1.0000 entcoef=4.01e-03 lr=2.4e-04 seed=1
iter= 416 step=1334400 ep_ret=-852.717 opt_ret=-852.717 step_rew=-8.5272 opt_step=-8.5272 gap0=852.717 dret=-42.327 eval_ret=n/a pursuer_target_distance=4.238 capture=0.000 score=0.000 pol=-0.0003 val=0.0299 ent=1.4742 tot=+0.0087 agnorm=0.034 cgnorm=0.084 kl=0.0004 clipf=0.000 ev=+0.644 r0=1.0000 entcoef=4.00e-03 lr=2.4e-04 seed=1
iter= 417 step=1337600 ep_ret=-839.811 opt_ret=-839.811 step_rew=-8.3981 opt_step=-8.3981 gap0=839.811 dret=-29.421 eval_ret=n/a pursuer_target_distance=4.161 capture=0.000 score=0.000 pol=-0.0005 val=0.0293 ent=1.4806 tot=+0.0082 agnorm=0.044 cgnorm=0.081 kl=0.0006 clipf=0.000 ev=+0.426 r0=1.0000 entcoef=3.99e-03 lr=2.4e-04 seed=1
iter= 418 step=1340800 ep_ret=-891.862 opt_ret=-891.862 step_rew=-8.9186 opt_step=-8.9186 gap0=891.862 dret=-81.472 eval_ret=n/a pursuer_target_distance=5.112 capture=0.000 score=0.000 pol=-0.0004 val=0.0421 ent=1.5101 tot=+0.0146 agnorm=0.033 cgnorm=0.098 kl=0.0009 clipf=0.000 ev=+0.389 r0=1.0000 entcoef=3.97e-03 lr=2.4e-04 seed=1
iter= 419 step=1344000 ep_ret=-814.080 opt_ret=-814.080 step_rew=-8.1408 opt_step=-8.1408 gap0=814.080 dret=-3.690 eval_ret=n/a pursuer_target_distance=4.722 capture=0.000 score=0.000 pol=-0.0003 val=0.0207 ent=1.5111 tot=+0.0041 agnorm=0.035 cgnorm=0.065 kl=0.0004 clipf=0.000 ev=+0.477 r0=1.0000 entcoef=3.96e-03 lr=2.4e-04 seed=1
iter= 420 step=1347200 ep_ret=-869.960 opt_ret=-869.960 step_rew=-8.6996 opt_step=-8.6996 gap0=869.960 dret=-59.571 eval_ret=-730.650 pursuer_target_distance=4.642 capture=0.000 score=0.000 pol=-0.0004 val=0.0400 ent=1.5068 tot=+0.0137 agnorm=0.036 cgnorm=0.088 kl=0.0004 clipf=0.000 ev=+0.541 r0=1.0000 entcoef=3.94e-03 lr=2.4e-04 seed=1
iter= 421 step=1350400 ep_ret=-766.516 opt_ret=-766.516 step_rew=-7.6652 opt_step=-7.6652 gap0=766.516 dret=+43.874 eval_ret=n/a pursuer_target_distance=3.627 capture=0.000 score=0.000 pol=-0.0005 val=0.0236 ent=1.5137 tot=+0.0054 agnorm=0.039 cgnorm=0.087 kl=0.0005 clipf=0.000 ev=+0.445 r0=1.0000 entcoef=3.93e-03 lr=2.3e-04 seed=1
iter= 422 step=1353600 ep_ret=-801.008 opt_ret=-801.008 step_rew=-8.0101 opt_step=-8.0101 gap0=801.008 dret=+9.382 eval_ret=n/a pursuer_target_distance=3.789 capture=0.000 score=0.000 pol=-0.0003 val=0.0467 ent=1.5234 tot=+0.0171 agnorm=0.029 cgnorm=0.080 kl=0.0005 clipf=0.000 ev=+0.390 r0=1.0000 entcoef=3.91e-03 lr=2.3e-04 seed=1
iter= 423 step=1356800 ep_ret=-887.404 opt_ret=-887.404 step_rew=-8.8740 opt_step=-8.8740 gap0=887.404 dret=-77.015 eval_ret=n/a pursuer_target_distance=4.065 capture=0.000 score=0.000 pol=-0.0004 val=0.0343 ent=1.5353 tot=+0.0107 agnorm=0.031 cgnorm=0.084 kl=0.0005 clipf=0.000 ev=+0.556 r0=1.0000 entcoef=3.90e-03 lr=2.3e-04 seed=1
iter= 424 step=1360000 ep_ret=-894.841 opt_ret=-894.841 step_rew=-8.9484 opt_step=-8.9484 gap0=894.841 dret=-84.452 eval_ret=n/a pursuer_target_distance=4.676 capture=0.000 score=0.000 pol=-0.0003 val=0.0359 ent=1.5356 tot=+0.0117 agnorm=0.033 cgnorm=0.095 kl=0.0004 clipf=0.000 ev=+0.286 r0=1.0000 entcoef=3.88e-03 lr=2.3e-04 seed=1
iter= 425 step=1363200 ep_ret=-830.107 opt_ret=-830.107 step_rew=-8.3011 opt_step=-8.3011 gap0=830.107 dret=-19.717 eval_ret=n/a pursuer_target_distance=4.112 capture=0.000 score=0.000 pol=-0.0007 val=0.0315 ent=1.5335 tot=+0.0091 agnorm=0.038 cgnorm=0.087 kl=0.0007 clipf=0.000 ev=+0.489 r0=1.0000 entcoef=3.87e-03 lr=2.3e-04 seed=1
iter= 426 step=1366400 ep_ret=-780.414 opt_ret=-780.414 step_rew=-7.8041 opt_step=-7.8041 gap0=780.414 dret=+29.976 eval_ret=n/a pursuer_target_distance=3.772 capture=0.000 score=0.000 pol=-0.0003 val=0.0207 ent=1.5268 tot=+0.0042 agnorm=0.037 cgnorm=0.064 kl=0.0005 clipf=0.000 ev=+0.609 r0=1.0000 entcoef=3.86e-03 lr=2.3e-04 seed=1
iter= 427 step=1369600 ep_ret=-872.885 opt_ret=-872.885 step_rew=-8.7289 opt_step=-8.7289 gap0=872.885 dret=-62.496 eval_ret=n/a pursuer_target_distance=4.809 capture=0.000 score=0.000 pol=-0.0002 val=0.0574 ent=1.5233 tot=+0.0226 agnorm=0.022 cgnorm=0.123 kl=0.0004 clipf=0.000 ev=+0.326 r0=1.0000 entcoef=3.84e-03 lr=2.3e-04 seed=1
iter= 428 step=1372800 ep_ret=-710.869 opt_ret=-710.869 step_rew=-7.1087 opt_step=-7.1087 gap0=710.869 dret=+99.521 eval_ret=n/a pursuer_target_distance=3.044 capture=0.000 score=0.000 pol=-0.0001 val=0.0320 ent=1.5240 tot=+0.0101 agnorm=0.025 cgnorm=0.090 kl=0.0001 clipf=0.000 ev=+0.510 r0=1.0000 entcoef=3.83e-03 lr=2.3e-04 seed=1
iter= 429 step=1376000 ep_ret=-729.432 opt_ret=-729.432 step_rew=-7.2943 opt_step=-7.2943 gap0=729.432 dret=+80.958 eval_ret=n/a pursuer_target_distance=3.180 capture=0.000 score=0.000 pol=-0.0002 val=0.0220 ent=1.5253 tot=+0.0050 agnorm=0.027 cgnorm=0.079 kl=0.0002 clipf=0.000 ev=+0.427 r0=1.0000 entcoef=3.81e-03 lr=2.3e-04 seed=1
iter= 430 step=1379200 ep_ret=-837.868 opt_ret=-837.868 step_rew=-8.3787 opt_step=-8.3787 gap0=837.868 dret=-27.478 eval_ret=n/a pursuer_target_distance=4.102 capture=0.000 score=0.000 pol=-0.0003 val=0.0445 ent=1.5344 tot=+0.0161 agnorm=0.036 cgnorm=0.098 kl=0.0003 clipf=0.000 ev=+0.491 r0=1.0000 entcoef=3.80e-03 lr=2.2e-04 seed=1
iter= 431 step=1382400 ep_ret=-728.380 opt_ret=-728.380 step_rew=-7.2838 opt_step=-7.2838 gap0=728.380 dret=+82.010 eval_ret=n/a pursuer_target_distance=3.191 capture=0.000 score=0.000 pol=-0.0005 val=0.0330 ent=1.5326 tot=+0.0102 agnorm=0.044 cgnorm=0.095 kl=0.0005 clipf=0.000 ev=+0.470 r0=1.0000 entcoef=3.78e-03 lr=2.2e-04 seed=1
iter= 432 step=1385600 ep_ret=-766.820 opt_ret=-766.820 step_rew=-7.6682 opt_step=-7.6682 gap0=766.820 dret=+43.570 eval_ret=n/a pursuer_target_distance=3.900 capture=0.000 score=0.000 pol=-0.0006 val=0.0255 ent=1.5426 tot=+0.0063 agnorm=0.042 cgnorm=0.078 kl=0.0009 clipf=0.001 ev=+0.602 r0=1.0000 entcoef=3.77e-03 lr=2.2e-04 seed=1
iter= 433 step=1388800 ep_ret=-842.442 opt_ret=-842.442 step_rew=-8.4244 opt_step=-8.4244 gap0=842.442 dret=-32.053 eval_ret=n/a pursuer_target_distance=4.002 capture=0.000 score=0.000 pol=-0.0009 val=0.0289 ent=1.5437 tot=+0.0078 agnorm=0.052 cgnorm=0.079 kl=0.0012 clipf=0.004 ev=+0.457 r0=1.0000 entcoef=3.75e-03 lr=2.2e-04 seed=1
iter= 434 step=1392000 ep_ret=-794.299 opt_ret=-794.299 step_rew=-7.9430 opt_step=-7.9430 gap0=794.299 dret=+16.091 eval_ret=n/a pursuer_target_distance=3.724 capture=0.000 score=0.000 pol=-0.0001 val=0.0438 ent=1.5509 tot=+0.0160 agnorm=0.030 cgnorm=0.103 kl=0.0004 clipf=0.000 ev=+0.455 r0=1.0000 entcoef=3.74e-03 lr=2.2e-04 seed=1
iter= 435 step=1395200 ep_ret=-818.204 opt_ret=-818.204 step_rew=-8.1820 opt_step=-8.1820 gap0=818.204 dret=-7.814 eval_ret=n/a pursuer_target_distance=4.247 capture=0.000 score=0.000 pol=-0.0003 val=0.0277 ent=1.5444 tot=+0.0078 agnorm=0.027 cgnorm=0.082 kl=0.0003 clipf=0.000 ev=+0.564 r0=1.0000 entcoef=3.73e-03 lr=2.2e-04 seed=1
iter= 436 step=1398400 ep_ret=-795.894 opt_ret=-795.894 step_rew=-7.9589 opt_step=-7.9589 gap0=795.894 dret=+14.495 eval_ret=n/a pursuer_target_distance=4.149 capture=0.000 score=0.000 pol=-0.0009 val=0.0404 ent=1.5406 tot=+0.0136 agnorm=0.046 cgnorm=0.106 kl=0.0010 clipf=0.001 ev=+0.407 r0=1.0000 entcoef=3.71e-03 lr=2.2e-04 seed=1
iter= 437 step=1401600 ep_ret=-795.818 opt_ret=-795.818 step_rew=-7.9582 opt_step=-7.9582 gap0=795.818 dret=+14.572 eval_ret=n/a pursuer_target_distance=4.038 capture=0.000 score=0.000 pol=-0.0006 val=0.0236 ent=1.5285 tot=+0.0056 agnorm=0.031 cgnorm=0.080 kl=0.0011 clipf=0.000 ev=+0.690 r0=1.0000 entcoef=3.70e-03 lr=2.2e-04 seed=1
iter= 438 step=1404800 ep_ret=-778.926 opt_ret=-778.926 step_rew=-7.7893 opt_step=-7.7893 gap0=778.926 dret=+31.464 eval_ret=n/a pursuer_target_distance=3.488 capture=0.000 score=0.000 pol=-0.0006 val=0.0387 ent=1.5147 tot=+0.0131 agnorm=0.050 cgnorm=0.110 kl=0.0007 clipf=0.000 ev=+0.534 r0=1.0000 entcoef=3.68e-03 lr=2.2e-04 seed=1
iter= 439 step=1408000 ep_ret=-833.631 opt_ret=-833.631 step_rew=-8.3363 opt_step=-8.3363 gap0=833.631 dret=-23.241 eval_ret=n/a pursuer_target_distance=4.163 capture=0.000 score=0.000 pol=-0.0002 val=0.0489 ent=1.5030 tot=+0.0187 agnorm=0.047 cgnorm=0.111 kl=0.0005 clipf=0.000 ev=+0.409 r0=1.0000 entcoef=3.67e-03 lr=2.1e-04 seed=1
iter= 440 step=1411200 ep_ret=-818.958 opt_ret=-818.958 step_rew=-8.1896 opt_step=-8.1896 gap0=818.958 dret=-8.568 eval_ret=-671.893 pursuer_target_distance=4.164 capture=0.000 score=0.000 pol=-0.0003 val=0.0451 ent=1.5044 tot=+0.0167 agnorm=0.030 cgnorm=0.121 kl=0.0005 clipf=0.000 ev=+0.611 r0=1.0000 entcoef=3.65e-03 lr=2.1e-04 seed=1
iter= 441 step=1414400 ep_ret=-886.725 opt_ret=-886.725 step_rew=-8.8672 opt_step=-8.8672 gap0=886.725 dret=-76.335 eval_ret=n/a pursuer_target_distance=4.210 capture=0.000 score=0.000 pol=-0.0003 val=0.0484 ent=1.5016 tot=+0.0184 agnorm=0.036 cgnorm=0.116 kl=0.0004 clipf=0.000 ev=+0.388 r0=1.0000 entcoef=3.64e-03 lr=2.1e-04 seed=1
iter= 442 step=1417600 ep_ret=-799.718 opt_ret=-799.718 step_rew=-7.9972 opt_step=-7.9972 gap0=799.718 dret=+10.672 eval_ret=n/a pursuer_target_distance=4.279 capture=0.000 score=0.000 pol=-0.0003 val=0.0274 ent=1.5070 tot=+0.0080 agnorm=0.031 cgnorm=0.082 kl=0.0004 clipf=0.000 ev=+0.608 r0=1.0000 entcoef=3.62e-03 lr=2.1e-04 seed=1
iter= 443 step=1420800 ep_ret=-826.143 opt_ret=-826.143 step_rew=-8.2614 opt_step=-8.2614 gap0=826.143 dret=-15.753 eval_ret=n/a pursuer_target_distance=3.490 capture=0.000 score=0.000 pol=-0.0001 val=0.0335 ent=1.5041 tot=+0.0112 agnorm=0.030 cgnorm=0.095 kl=0.0002 clipf=0.000 ev=+0.495 r0=1.0000 entcoef=3.61e-03 lr=2.1e-04 seed=1
iter= 444 step=1424000 ep_ret=-742.743 opt_ret=-742.743 step_rew=-7.4274 opt_step=-7.4274 gap0=742.743 dret=+67.647 eval_ret=n/a pursuer_target_distance=3.087 capture=0.000 score=0.000 pol=-0.0002 val=0.0194 ent=1.4959 tot=+0.0042 agnorm=0.024 cgnorm=0.080 kl=0.0002 clipf=0.000 ev=+0.607 r0=1.0000 entcoef=3.60e-03 lr=2.1e-04 seed=1
iter= 445 step=1427200 ep_ret=-702.254 opt_ret=-702.254 step_rew=-7.0225 opt_step=-7.0225 gap0=702.254 dret=+108.136 eval_ret=n/a pursuer_target_distance=3.549 capture=0.000 score=0.000 pol=-0.0002 val=0.0266 ent=1.4988 tot=+0.0077 agnorm=0.031 cgnorm=0.095 kl=0.0001 clipf=0.000 ev=+0.642 r0=1.0000 entcoef=3.58e-03 lr=2.1e-04 seed=1
iter= 446 step=1430400 ep_ret=-820.705 opt_ret=-820.705 step_rew=-8.2071 opt_step=-8.2071 gap0=820.705 dret=-10.315 eval_ret=n/a pursuer_target_distance=3.868 capture=0.000 score=0.000 pol=-0.0003 val=0.0346 ent=1.4848 tot=+0.0117 agnorm=0.028 cgnorm=0.092 kl=0.0002 clipf=0.000 ev=+0.483 r0=1.0000 entcoef=3.57e-03 lr=2.1e-04 seed=1
iter= 447 step=1433600 ep_ret=-741.598 opt_ret=-741.598 step_rew=-7.4160 opt_step=-7.4160 gap0=741.598 dret=+68.791 eval_ret=n/a pursuer_target_distance=3.594 capture=0.000 score=0.000 pol=-0.0004 val=0.0214 ent=1.5043 tot=+0.0050 agnorm=0.036 cgnorm=0.073 kl=0.0002 clipf=0.000 ev=+0.647 r0=1.0000 entcoef=3.55e-03 lr=2.1e-04 seed=1
iter= 448 step=1436800 ep_ret=-828.925 opt_ret=-828.925 step_rew=-8.2893 opt_step=-8.2893 gap0=828.925 dret=-18.535 eval_ret=n/a pursuer_target_distance=3.713 capture=0.000 score=0.000 pol=-0.0004 val=0.0293 ent=1.5064 tot=+0.0089 agnorm=0.033 cgnorm=0.085 kl=0.0004 clipf=0.000 ev=+0.608 r0=1.0000 entcoef=3.54e-03 lr=2.0e-04 seed=1
iter= 449 step=1440000 ep_ret=-744.082 opt_ret=-744.082 step_rew=-7.4408 opt_step=-7.4408 gap0=744.082 dret=+66.307 eval_ret=n/a pursuer_target_distance=3.575 capture=0.000 score=0.000 pol=-0.0004 val=0.0438 ent=1.5160 tot=+0.0162 agnorm=0.030 cgnorm=0.095 kl=0.0004 clipf=0.000 ev=+0.421 r0=1.0000 entcoef=3.52e-03 lr=2.0e-04 seed=1
iter= 450 step=1443200 ep_ret=-783.351 opt_ret=-783.351 step_rew=-7.8335 opt_step=-7.8335 gap0=783.351 dret=+27.039 eval_ret=n/a pursuer_target_distance=3.835 capture=0.000 score=0.000 pol=-0.0002 val=0.0304 ent=1.5204 tot=+0.0097 agnorm=0.028 cgnorm=0.077 kl=0.0002 clipf=0.000 ev=+0.664 r0=1.0000 entcoef=3.51e-03 lr=2.0e-04 seed=1
iter= 451 step=1446400 ep_ret=-796.152 opt_ret=-796.152 step_rew=-7.9615 opt_step=-7.9615 gap0=796.152 dret=+14.238 eval_ret=n/a pursuer_target_distance=4.240 capture=0.000 score=0.000 pol=-0.0004 val=0.0360 ent=1.5084 tot=+0.0124 agnorm=0.033 cgnorm=0.098 kl=0.0003 clipf=0.000 ev=+0.540 r0=1.0000 entcoef=3.50e-03 lr=2.0e-04 seed=1
iter= 452 step=1449600 ep_ret=-718.511 opt_ret=-718.511 step_rew=-7.1851 opt_step=-7.1851 gap0=718.511 dret=+91.879 eval_ret=n/a pursuer_target_distance=3.428 capture=0.000 score=0.000 pol=-0.0001 val=0.0357 ent=1.5142 tot=+0.0125 agnorm=0.028 cgnorm=0.100 kl=0.0002 clipf=0.000 ev=+0.616 r0=1.0000 entcoef=3.48e-03 lr=2.0e-04 seed=1
iter= 453 step=1452800 ep_ret=-884.594 opt_ret=-884.594 step_rew=-8.8459 opt_step=-8.8459 gap0=884.594 dret=-74.205 eval_ret=n/a pursuer_target_distance=4.556 capture=0.000 score=0.000 pol=-0.0002 val=0.0729 ent=1.5146 tot=+0.0310 agnorm=0.027 cgnorm=0.111 kl=0.0002 clipf=0.000 ev=+0.455 r0=1.0000 entcoef=3.47e-03 lr=2.0e-04 seed=1
iter= 454 step=1456000 ep_ret=-865.159 opt_ret=-865.159 step_rew=-8.6516 opt_step=-8.6516 gap0=865.159 dret=-54.770 eval_ret=n/a pursuer_target_distance=3.658 capture=0.000 score=0.000 pol=-0.0003 val=0.0459 ent=1.4977 tot=+0.0175 agnorm=0.027 cgnorm=0.115 kl=0.0002 clipf=0.000 ev=+0.652 r0=1.0000 entcoef=3.45e-03 lr=2.0e-04 seed=1
iter= 455 step=1459200 ep_ret=-827.519 opt_ret=-827.519 step_rew=-8.2752 opt_step=-8.2752 gap0=827.519 dret=-17.129 eval_ret=n/a pursuer_target_distance=4.421 capture=0.000 score=0.000 pol=-0.0002 val=0.0524 ent=1.5003 tot=+0.0208 agnorm=0.034 cgnorm=0.130 kl=0.0002 clipf=0.000 ev=+0.478 r0=1.0000 entcoef=3.44e-03 lr=2.0e-04 seed=1
iter= 456 step=1462400 ep_ret=-843.620 opt_ret=-843.620 step_rew=-8.4362 opt_step=-8.4362 gap0=843.620 dret=-33.231 eval_ret=n/a pursuer_target_distance=4.227 capture=0.000 score=0.000 pol=-0.0003 val=0.0247 ent=1.4930 tot=+0.0070 agnorm=0.030 cgnorm=0.077 kl=0.0002 clipf=0.000 ev=+0.694 r0=1.0000 entcoef=3.42e-03 lr=2.0e-04 seed=1
iter= 457 step=1465600 ep_ret=-812.066 opt_ret=-812.066 step_rew=-8.1207 opt_step=-8.1207 gap0=812.066 dret=-1.676 eval_ret=n/a pursuer_target_distance=3.105 capture=0.000 score=0.000 pol=-0.0003 val=0.0390 ent=1.4960 tot=+0.0141 agnorm=0.040 cgnorm=0.100 kl=0.0003 clipf=0.000 ev=+0.689 r0=1.0000 entcoef=3.41e-03 lr=1.9e-04 seed=1
iter= 458 step=1468800 ep_ret=-852.250 opt_ret=-852.250 step_rew=-8.5225 opt_step=-8.5225 gap0=852.250 dret=-41.860 eval_ret=n/a pursuer_target_distance=4.223 capture=0.000 score=0.000 pol=-0.0002 val=0.0436 ent=1.5018 tot=+0.0165 agnorm=0.027 cgnorm=0.093 kl=0.0003 clipf=0.000 ev=+0.462 r0=1.0000 entcoef=3.39e-03 lr=1.9e-04 seed=1
iter= 459 step=1472000 ep_ret=-778.846 opt_ret=-778.846 step_rew=-7.7885 opt_step=-7.7885 gap0=778.846 dret=+31.544 eval_ret=n/a pursuer_target_distance=3.741 capture=0.000 score=0.000 pol=-0.0002 val=0.0249 ent=1.4999 tot=+0.0072 agnorm=0.028 cgnorm=0.091 kl=0.0002 clipf=0.000 ev=+0.590 r0=1.0000 entcoef=3.38e-03 lr=1.9e-04 seed=1
iter= 460 step=1475200 ep_ret=-819.039 opt_ret=-819.039 step_rew=-8.1904 opt_step=-8.1904 gap0=819.039 dret=-8.649 eval_ret=-717.951 pursuer_target_distance=4.016 capture=0.000 score=0.000 pol=-0.0003 val=0.0420 ent=1.5047 tot=+0.0157 agnorm=0.033 cgnorm=0.106 kl=0.0002 clipf=0.000 ev=+0.602 r0=1.0000 entcoef=3.37e-03 lr=1.9e-04 seed=1
iter= 461 step=1478400 ep_ret=-770.884 opt_ret=-770.884 step_rew=-7.7088 opt_step=-7.7088 gap0=770.884 dret=+39.506 eval_ret=n/a pursuer_target_distance=3.924 capture=0.000 score=0.000 pol=-0.0002 val=0.0203 ent=1.5011 tot=+0.0050 agnorm=0.025 cgnorm=0.075 kl=0.0002 clipf=0.000 ev=+0.715 r0=1.0000 entcoef=3.35e-03 lr=1.9e-04 seed=1
iter= 462 step=1481600 ep_ret=-773.156 opt_ret=-773.156 step_rew=-7.7316 opt_step=-7.7316 gap0=773.156 dret=+37.234 eval_ret=n/a pursuer_target_distance=3.364 capture=0.000 score=0.000 pol=-0.0002 val=0.0432 ent=1.5053 tot=+0.0164 agnorm=0.033 cgnorm=0.118 kl=0.0001 clipf=0.000 ev=+0.491 r0=1.0000 entcoef=3.34e-03 lr=1.9e-04 seed=1
iter= 463 step=1484800 ep_ret=-857.356 opt_ret=-857.356 step_rew=-8.5736 opt_step=-8.5736 gap0=857.356 dret=-46.966 eval_ret=n/a pursuer_target_distance=3.886 capture=0.000 score=0.000 pol=-0.0003 val=0.0603 ent=1.4990 tot=+0.0248 agnorm=0.039 cgnorm=0.119 kl=0.0003 clipf=0.000 ev=+0.514 r0=1.0000 entcoef=3.32e-03 lr=1.9e-04 seed=1
iter= 464 step=1488000 ep_ret=-821.768 opt_ret=-821.768 step_rew=-8.2177 opt_step=-8.2177 gap0=821.768 dret=-11.378 eval_ret=n/a pursuer_target_distance=4.304 capture=0.000 score=0.000 pol=-0.0004 val=0.0478 ent=1.4951 tot=+0.0186 agnorm=0.038 cgnorm=0.124 kl=0.0004 clipf=0.000 ev=+0.396 r0=1.0000 entcoef=3.31e-03 lr=1.9e-04 seed=1
iter= 465 step=1491200 ep_ret=-818.106 opt_ret=-818.106 step_rew=-8.1811 opt_step=-8.1811 gap0=818.106 dret=-7.716 eval_ret=n/a pursuer_target_distance=3.585 capture=0.000 score=0.000 pol=-0.0003 val=0.0296 ent=1.4829 tot=+0.0096 agnorm=0.030 cgnorm=0.086 kl=0.0004 clipf=0.000 ev=+0.488 r0=1.0000 entcoef=3.29e-03 lr=1.9e-04 seed=1
iter= 466 step=1494400 ep_ret=-829.433 opt_ret=-829.433 step_rew=-8.2943 opt_step=-8.2943 gap0=829.433 dret=-19.044 eval_ret=n/a pursuer_target_distance=4.560 capture=0.000 score=0.000 pol=-0.0003 val=0.0525 ent=1.4791 tot=+0.0211 agnorm=0.030 cgnorm=0.118 kl=0.0003 clipf=0.000 ev=+0.505 r0=1.0000 entcoef=3.28e-03 lr=1.8e-04 seed=1
iter= 467 step=1497600 ep_ret=-756.949 opt_ret=-756.949 step_rew=-7.5695 opt_step=-7.5695 gap0=756.949 dret=+53.440 eval_ret=n/a pursuer_target_distance=3.758 capture=0.000 score=0.000 pol=-0.0001 val=0.0221 ent=1.4682 tot=+0.0061 agnorm=0.034 cgnorm=0.084 kl=0.0002 clipf=0.000 ev=+0.664 r0=1.0000 entcoef=3.26e-03 lr=1.8e-04 seed=1
iter= 468 step=1500800 ep_ret=-829.108 opt_ret=-829.108 step_rew=-8.2911 opt_step=-8.2911 gap0=829.108 dret=-18.718 eval_ret=n/a pursuer_target_distance=3.759 capture=0.000 score=0.000 pol=-0.0004 val=0.0337 ent=1.4753 tot=+0.0117 agnorm=0.037 cgnorm=0.103 kl=0.0003 clipf=0.000 ev=+0.617 r0=1.0000 entcoef=3.25e-03 lr=1.8e-04 seed=1
iter= 469 step=1504000 ep_ret=-721.448 opt_ret=-721.448 step_rew=-7.2145 opt_step=-7.2145 gap0=721.448 dret=+88.942 eval_ret=n/a pursuer_target_distance=3.622 capture=0.000 score=0.000 pol=-0.0002 val=0.0337 ent=1.4873 tot=+0.0118 agnorm=0.036 cgnorm=0.101 kl=0.0003 clipf=0.000 ev=+0.582 r0=1.0000 entcoef=3.24e-03 lr=1.8e-04 seed=1
iter= 470 step=1507200 ep_ret=-853.240 opt_ret=-853.240 step_rew=-8.5324 opt_step=-8.5324 gap0=853.240 dret=-42.850 eval_ret=n/a pursuer_target_distance=3.949 capture=0.000 score=0.000 pol=-0.0002 val=0.0372 ent=1.4780 tot=+0.0136 agnorm=0.028 cgnorm=0.101 kl=0.0002 clipf=0.000 ev=+0.594 r0=1.0000 entcoef=3.22e-03 lr=1.8e-04 seed=1
iter= 471 step=1510400 ep_ret=-736.400 opt_ret=-736.400 step_rew=-7.3640 opt_step=-7.3640 gap0=736.400 dret=+73.989 eval_ret=n/a pursuer_target_distance=3.525 capture=0.000 score=0.000 pol=-0.0003 val=0.0319 ent=1.4743 tot=+0.0109 agnorm=0.032 cgnorm=0.104 kl=0.0002 clipf=0.000 ev=+0.570 r0=1.0000 entcoef=3.21e-03 lr=1.8e-04 seed=1
iter= 472 step=1513600 ep_ret=-790.358 opt_ret=-790.358 step_rew=-7.9036 opt_step=-7.9036 gap0=790.358 dret=+20.032 eval_ret=n/a pursuer_target_distance=4.011 capture=0.000 score=0.000 pol=-0.0006 val=0.0192 ent=1.4767 tot=+0.0043 agnorm=0.042 cgnorm=0.085 kl=0.0005 clipf=0.000 ev=+0.668 r0=1.0000 entcoef=3.19e-03 lr=1.8e-04 seed=1
iter= 473 step=1516800 ep_ret=-791.985 opt_ret=-791.985 step_rew=-7.9198 opt_step=-7.9198 gap0=791.985 dret=+18.405 eval_ret=n/a pursuer_target_distance=3.456 capture=0.000 score=0.000 pol=-0.0002 val=0.0419 ent=1.4689 tot=+0.0161 agnorm=0.027 cgnorm=0.085 kl=0.0003 clipf=0.000 ev=+0.460 r0=1.0000 entcoef=3.18e-03 lr=1.8e-04 seed=1
iter= 474 step=1520000 ep_ret=-862.132 opt_ret=-862.132 step_rew=-8.6213 opt_step=-8.6213 gap0=862.132 dret=-51.742 eval_ret=n/a pursuer_target_distance=4.431 capture=0.000 score=0.000 pol=-0.0002 val=0.0510 ent=1.4462 tot=+0.0208 agnorm=0.024 cgnorm=0.102 kl=0.0002 clipf=0.000 ev=+0.562 r0=1.0000 entcoef=3.16e-03 lr=1.8e-04 seed=1
iter= 475 step=1523200 ep_ret=-780.305 opt_ret=-780.305 step_rew=-7.8030 opt_step=-7.8030 gap0=780.305 dret=+30.085 eval_ret=n/a pursuer_target_distance=3.152 capture=0.000 score=0.000 pol=-0.0004 val=0.0337 ent=1.4507 tot=+0.0119 agnorm=0.041 cgnorm=0.089 kl=0.0003 clipf=0.000 ev=+0.452 r0=1.0000 entcoef=3.15e-03 lr=1.7e-04 seed=1
iter= 476 step=1526400 ep_ret=-806.439 opt_ret=-806.439 step_rew=-8.0644 opt_step=-8.0644 gap0=806.439 dret=+3.951 eval_ret=n/a pursuer_target_distance=3.936 capture=0.000 score=0.000 pol=-0.0001 val=0.0727 ent=1.4478 tot=+0.0317 agnorm=0.027 cgnorm=0.128 kl=0.0003 clipf=0.000 ev=+0.308 r0=1.0000 entcoef=3.13e-03 lr=1.7e-04 seed=1
iter= 477 step=1529600 ep_ret=-773.439 opt_ret=-773.439 step_rew=-7.7344 opt_step=-7.7344 gap0=773.439 dret=+36.950 eval_ret=n/a pursuer_target_distance=3.332 capture=0.000 score=0.000 pol=-0.0003 val=0.0353 ent=1.4556 tot=+0.0128 agnorm=0.034 cgnorm=0.087 kl=0.0002 clipf=0.000 ev=+0.696 r0=1.0000 entcoef=3.12e-03 lr=1.7e-04 seed=1
iter= 478 step=1532800 ep_ret=-774.448 opt_ret=-774.448 step_rew=-7.7445 opt_step=-7.7445 gap0=774.448 dret=+35.942 eval_ret=n/a pursuer_target_distance=4.168 capture=0.000 score=0.000 pol=-0.0003 val=0.0226 ent=1.4506 tot=+0.0065 agnorm=0.031 cgnorm=0.076 kl=0.0003 clipf=0.000 ev=+0.652 r0=1.0000 entcoef=3.11e-03 lr=1.7e-04 seed=1
iter= 479 step=1536000 ep_ret=-774.343 opt_ret=-774.343 step_rew=-7.7434 opt_step=-7.7434 gap0=774.343 dret=+36.047 eval_ret=n/a pursuer_target_distance=3.606 capture=0.000 score=0.000 pol=-0.0003 val=0.0483 ent=1.4435 tot=+0.0193 agnorm=0.035 cgnorm=0.109 kl=0.0003 clipf=0.000 ev=+0.558 r0=1.0000 entcoef=3.09e-03 lr=1.7e-04 seed=1
iter= 480 step=1539200 ep_ret=-736.311 opt_ret=-736.311 step_rew=-7.3631 opt_step=-7.3631 gap0=736.311 dret=+74.078 eval_ret=-705.402 pursuer_target_distance=3.357 capture=0.000 score=0.000 pol=-0.0003 val=0.0271 ent=1.4468 tot=+0.0089 agnorm=0.029 cgnorm=0.099 kl=0.0002 clipf=0.000 ev=+0.423 r0=1.0000 entcoef=3.08e-03 lr=1.7e-04 seed=1
iter= 481 step=1542400 ep_ret=-818.410 opt_ret=-818.410 step_rew=-8.1841 opt_step=-8.1841 gap0=818.410 dret=-8.020 eval_ret=n/a pursuer_target_distance=3.833 capture=0.000 score=0.000 pol=-0.0003 val=0.0440 ent=1.4492 tot=+0.0172 agnorm=0.031 cgnorm=0.126 kl=0.0002 clipf=0.000 ev=+0.564 r0=1.0000 entcoef=3.06e-03 lr=1.7e-04 seed=1
iter= 482 step=1545600 ep_ret=-846.187 opt_ret=-846.187 step_rew=-8.4619 opt_step=-8.4619 gap0=846.187 dret=-35.797 eval_ret=n/a pursuer_target_distance=4.540 capture=0.000 score=0.000 pol=-0.0003 val=0.0538 ent=1.4403 tot=+0.0223 agnorm=0.026 cgnorm=0.130 kl=0.0003 clipf=0.000 ev=+0.447 r0=1.0000 entcoef=3.05e-03 lr=1.7e-04 seed=1
iter= 483 step=1548800 ep_ret=-848.966 opt_ret=-848.966 step_rew=-8.4897 opt_step=-8.4897 gap0=848.966 dret=-38.577 eval_ret=n/a pursuer_target_distance=3.995 capture=0.000 score=0.000 pol=-0.0003 val=0.0213 ent=1.4490 tot=+0.0059 agnorm=0.041 cgnorm=0.083 kl=0.0002 clipf=0.000 ev=+0.743 r0=1.0000 entcoef=3.03e-03 lr=1.7e-04 seed=1
iter= 484 step=1552000 ep_ret=-867.671 opt_ret=-867.671 step_rew=-8.6767 opt_step=-8.6767 gap0=867.671 dret=-57.281 eval_ret=n/a pursuer_target_distance=4.178 capture=0.000 score=0.000 pol=-0.0002 val=0.0545 ent=1.4555 tot=+0.0227 agnorm=0.019 cgnorm=0.133 kl=0.0003 clipf=0.000 ev=+0.515 r0=1.0000 entcoef=3.02e-03 lr=1.6e-04 seed=1
iter= 485 step=1555200 ep_ret=-842.822 opt_ret=-842.822 step_rew=-8.4282 opt_step=-8.4282 gap0=842.822 dret=-32.433 eval_ret=n/a pursuer_target_distance=3.764 capture=0.000 score=0.000 pol=-0.0002 val=0.0292 ent=1.4507 tot=+0.0100 agnorm=0.028 cgnorm=0.090 kl=0.0002 clipf=0.000 ev=+0.630 r0=1.0000 entcoef=3.00e-03 lr=1.6e-04 seed=1
iter= 486 step=1558400 ep_ret=-816.044 opt_ret=-816.044 step_rew=-8.1604 opt_step=-8.1604 gap0=816.044 dret=-5.654 eval_ret=n/a pursuer_target_distance=3.431 capture=0.000 score=0.000 pol=-0.0004 val=0.0410 ent=1.4534 tot=+0.0158 agnorm=0.034 cgnorm=0.111 kl=0.0003 clipf=0.000 ev=+0.440 r0=1.0000 entcoef=2.99e-03 lr=1.6e-04 seed=1
iter= 487 step=1561600 ep_ret=-897.838 opt_ret=-897.838 step_rew=-8.9784 opt_step=-8.9784 gap0=897.838 dret=-87.448 eval_ret=n/a pursuer_target_distance=4.557 capture=0.000 score=0.000 pol=-0.0005 val=0.0534 ent=1.4449 tot=+0.0220 agnorm=0.048 cgnorm=0.125 kl=0.0004 clipf=0.000 ev=+0.580 r0=1.0000 entcoef=2.98e-03 lr=1.6e-04 seed=1
iter= 488 step=1564800 ep_ret=-795.698 opt_ret=-795.698 step_rew=-7.9570 opt_step=-7.9570 gap0=795.698 dret=+14.692 eval_ret=n/a pursuer_target_distance=3.860 capture=0.000 score=0.000 pol=-0.0001 val=0.0422 ent=1.4379 tot=+0.0167 agnorm=0.035 cgnorm=0.094 kl=0.0003 clipf=0.000 ev=+0.593 r0=1.0000 entcoef=2.96e-03 lr=1.6e-04 seed=1
iter= 489 step=1568000 ep_ret=-810.597 opt_ret=-810.597 step_rew=-8.1060 opt_step=-8.1060 gap0=810.597 dret=-0.207 eval_ret=n/a pursuer_target_distance=4.024 capture=0.000 score=0.000 pol=-0.0002 val=0.0334 ent=1.4386 tot=+0.0123 agnorm=0.036 cgnorm=0.116 kl=0.0001 clipf=0.000 ev=+0.658 r0=1.0000 entcoef=2.95e-03 lr=1.6e-04 seed=1
iter= 490 step=1571200 ep_ret=-815.457 opt_ret=-815.457 step_rew=-8.1546 opt_step=-8.1546 gap0=815.457 dret=-5.068 eval_ret=n/a pursuer_target_distance=3.811 capture=0.000 score=0.000 pol=-0.0002 val=0.0443 ent=1.4576 tot=+0.0177 agnorm=0.032 cgnorm=0.137 kl=0.0002 clipf=0.000 ev=+0.439 r0=1.0000 entcoef=2.93e-03 lr=1.6e-04 seed=1
iter= 491 step=1574400 ep_ret=-737.405 opt_ret=-737.405 step_rew=-7.3741 opt_step=-7.3741 gap0=737.405 dret=+72.984 eval_ret=n/a pursuer_target_distance=3.470 capture=0.000 score=0.000 pol=-0.0002 val=0.0376 ent=1.4535 tot=+0.0143 agnorm=0.028 cgnorm=0.114 kl=0.0002 clipf=0.000 ev=+0.484 r0=1.0000 entcoef=2.92e-03 lr=1.6e-04 seed=1
iter= 492 step=1577600 ep_ret=-847.389 opt_ret=-847.389 step_rew=-8.4739 opt_step=-8.4739 gap0=847.389 dret=-36.999 eval_ret=n/a pursuer_target_distance=4.536 capture=0.000 score=0.000 pol=-0.0003 val=0.0539 ent=1.4389 tot=+0.0225 agnorm=0.033 cgnorm=0.112 kl=0.0002 clipf=0.000 ev=+0.376 r0=1.0000 entcoef=2.90e-03 lr=1.6e-04 seed=1
iter= 493 step=1580800 ep_ret=-806.571 opt_ret=-806.571 step_rew=-8.0657 opt_step=-8.0657 gap0=806.571 dret=+3.818 eval_ret=n/a pursuer_target_distance=4.049 capture=0.000 score=0.000 pol=-0.0006 val=0.0638 ent=1.4173 tot=+0.0273 agnorm=0.040 cgnorm=0.153 kl=0.0004 clipf=0.000 ev=+0.398 r0=1.0000 entcoef=2.89e-03 lr=1.5e-04 seed=1
iter= 494 step=1584000 ep_ret=-808.360 opt_ret=-808.360 step_rew=-8.0836 opt_step=-8.0836 gap0=808.360 dret=+2.030 eval_ret=n/a pursuer_target_distance=3.899 capture=0.000 score=0.000 pol=-0.0002 val=0.0444 ent=1.4057 tot=+0.0179 agnorm=0.029 cgnorm=0.108 kl=0.0003 clipf=0.000 ev=+0.473 r0=1.0000 entcoef=2.87e-03 lr=1.5e-04 seed=1
iter= 495 step=1587200 ep_ret=-792.621 opt_ret=-792.621 step_rew=-7.9262 opt_step=-7.9262 gap0=792.621 dret=+17.769 eval_ret=n/a pursuer_target_distance=3.874 capture=0.000 score=0.000 pol=-0.0002 val=0.0428 ent=1.4133 tot=+0.0172 agnorm=0.030 cgnorm=0.128 kl=0.0002 clipf=0.000 ev=+0.557 r0=1.0000 entcoef=2.86e-03 lr=1.5e-04 seed=1
iter= 496 step=1590400 ep_ret=-848.162 opt_ret=-848.162 step_rew=-8.4816 opt_step=-8.4816 gap0=848.162 dret=-37.773 eval_ret=n/a pursuer_target_distance=4.715 capture=0.000 score=0.000 pol=-0.0002 val=0.0407 ent=1.3999 tot=+0.0161 agnorm=0.027 cgnorm=0.131 kl=0.0001 clipf=0.000 ev=+0.527 r0=1.0000 entcoef=2.85e-03 lr=1.5e-04 seed=1
iter= 497 step=1593600 ep_ret=-850.619 opt_ret=-850.619 step_rew=-8.5062 opt_step=-8.5062 gap0=850.619 dret=-40.229 eval_ret=n/a pursuer_target_distance=4.095 capture=0.000 score=0.000 pol=-0.0002 val=0.0414 ent=1.3924 tot=+0.0166 agnorm=0.030 cgnorm=0.096 kl=0.0001 clipf=0.000 ev=+0.537 r0=1.0000 entcoef=2.83e-03 lr=1.5e-04 seed=1
iter= 498 step=1596800 ep_ret=-816.675 opt_ret=-816.675 step_rew=-8.1667 opt_step=-8.1667 gap0=816.675 dret=-6.285 eval_ret=n/a pursuer_target_distance=3.731 capture=0.000 score=0.000 pol=-0.0001 val=0.0367 ent=1.4050 tot=+0.0143 agnorm=0.024 cgnorm=0.100 kl=0.0001 clipf=0.000 ev=+0.473 r0=1.0000 entcoef=2.82e-03 lr=1.5e-04 seed=1
iter= 499 step=1600000 ep_ret=-808.743 opt_ret=-808.743 step_rew=-8.0874 opt_step=-8.0874 gap0=808.743 dret=+1.647 eval_ret=n/a pursuer_target_distance=3.707 capture=0.000 score=0.000 pol=-0.0001 val=0.0515 ent=1.4214 tot=+0.0216 agnorm=0.021 cgnorm=0.124 kl=0.0001 clipf=0.000 ev=+0.444 r0=1.0000 entcoef=2.80e-03 lr=1.5e-04 seed=1
iter= 500 step=1603200 ep_ret=-738.299 opt_ret=-738.299 step_rew=-7.3830 opt_step=-7.3830 gap0=738.299 dret=+72.091 eval_ret=-686.183 pursuer_target_distance=3.421 capture=0.000 score=0.000 pol=-0.0004 val=0.0282 ent=1.4087 tot=+0.0098 agnorm=0.041 cgnorm=0.104 kl=0.0002 clipf=0.000 ev=+0.632 r0=1.0000 entcoef=2.79e-03 lr=1.5e-04 seed=1
iter= 501 step=1606400 ep_ret=-795.128 opt_ret=-795.128 step_rew=-7.9513 opt_step=-7.9513 gap0=795.128 dret=+15.262 eval_ret=n/a pursuer_target_distance=3.531 capture=0.000 score=0.000 pol=-0.0001 val=0.0335 ent=1.4245 tot=+0.0127 agnorm=0.028 cgnorm=0.107 kl=0.0002 clipf=0.000 ev=+0.553 r0=1.0000 entcoef=2.77e-03 lr=1.5e-04 seed=1
iter= 502 step=1609600 ep_ret=-771.471 opt_ret=-771.471 step_rew=-7.7147 opt_step=-7.7147 gap0=771.471 dret=+38.919 eval_ret=n/a pursuer_target_distance=3.987 capture=0.000 score=0.000 pol=-0.0003 val=0.0283 ent=1.4168 tot=+0.0099 agnorm=0.038 cgnorm=0.104 kl=0.0002 clipf=0.000 ev=+0.627 r0=1.0000 entcoef=2.76e-03 lr=1.4e-04 seed=1
iter= 503 step=1612800 ep_ret=-893.470 opt_ret=-893.470 step_rew=-8.9347 opt_step=-8.9347 gap0=893.470 dret=-83.080 eval_ret=n/a pursuer_target_distance=4.195 capture=0.000 score=0.000 pol=-0.0003 val=0.0565 ent=1.4256 tot=+0.0241 agnorm=0.039 cgnorm=0.137 kl=0.0003 clipf=0.000 ev=+0.503 r0=1.0000 entcoef=2.75e-03 lr=1.4e-04 seed=1
iter= 504 step=1616000 ep_ret=-819.291 opt_ret=-819.291 step_rew=-8.1929 opt_step=-8.1929 gap0=819.291 dret=-8.901 eval_ret=n/a pursuer_target_distance=4.080 capture=0.000 score=0.000 pol=-0.0002 val=0.0432 ent=1.4172 tot=+0.0175 agnorm=0.027 cgnorm=0.108 kl=0.0002 clipf=0.000 ev=+0.495 r0=1.0000 entcoef=2.73e-03 lr=1.4e-04 seed=1
iter= 505 step=1619200 ep_ret=-766.691 opt_ret=-766.691 step_rew=-7.6669 opt_step=-7.6669 gap0=766.691 dret=+43.698 eval_ret=n/a pursuer_target_distance=3.596 capture=0.000 score=0.000 pol=-0.0003 val=0.0390 ent=1.4161 tot=+0.0154 agnorm=0.038 cgnorm=0.105 kl=0.0001 clipf=0.000 ev=+0.526 r0=1.0000 entcoef=2.72e-03 lr=1.4e-04 seed=1
iter= 506 step=1622400 ep_ret=-777.974 opt_ret=-777.974 step_rew=-7.7797 opt_step=-7.7797 gap0=777.974 dret=+32.415 eval_ret=n/a pursuer_target_distance=3.727 capture=0.000 score=0.000 pol=-0.0001 val=0.0300 ent=1.4132 tot=+0.0111 agnorm=0.023 cgnorm=0.111 kl=0.0002 clipf=0.000 ev=+0.611 r0=1.0000 entcoef=2.70e-03 lr=1.4e-04 seed=1
iter= 507 step=1625600 ep_ret=-842.547 opt_ret=-842.547 step_rew=-8.4255 opt_step=-8.4255 gap0=842.547 dret=-32.157 eval_ret=n/a pursuer_target_distance=4.331 capture=0.000 score=0.000 pol=-0.0002 val=0.0698 ent=1.3879 tot=+0.0310 agnorm=0.024 cgnorm=0.125 kl=0.0001 clipf=0.000 ev=+0.517 r0=1.0000 entcoef=2.69e-03 lr=1.4e-04 seed=1
iter= 508 step=1628800 ep_ret=-730.409 opt_ret=-730.409 step_rew=-7.3041 opt_step=-7.3041 gap0=730.409 dret=+79.981 eval_ret=n/a pursuer_target_distance=3.381 capture=0.000 score=0.000 pol=-0.0002 val=0.0462 ent=1.3892 tot=+0.0192 agnorm=0.029 cgnorm=0.121 kl=0.0001 clipf=0.000 ev=+0.403 r0=1.0000 entcoef=2.67e-03 lr=1.4e-04 seed=1
iter= 509 step=1632000 ep_ret=-854.546 opt_ret=-854.546 step_rew=-8.5455 opt_step=-8.5455 gap0=854.546 dret=-44.156 eval_ret=n/a pursuer_target_distance=4.050 capture=0.000 score=0.000 pol=-0.0001 val=0.0470 ent=1.3905 tot=+0.0197 agnorm=0.032 cgnorm=0.105 kl=0.0001 clipf=0.000 ev=+0.572 r0=1.0000 entcoef=2.66e-03 lr=1.4e-04 seed=1
iter= 510 step=1635200 ep_ret=-847.586 opt_ret=-847.586 step_rew=-8.4759 opt_step=-8.4759 gap0=847.586 dret=-37.197 eval_ret=n/a pursuer_target_distance=3.815 capture=0.000 score=0.000 pol=-0.0002 val=0.0530 ent=1.3867 tot=+0.0226 agnorm=0.034 cgnorm=0.134 kl=0.0001 clipf=0.000 ev=+0.476 r0=1.0000 entcoef=2.64e-03 lr=1.4e-04 seed=1
iter= 511 step=1638400 ep_ret=-755.074 opt_ret=-755.074 step_rew=-7.5507 opt_step=-7.5507 gap0=755.074 dret=+55.316 eval_ret=n/a pursuer_target_distance=3.386 capture=0.000 score=0.000 pol=-0.0001 val=0.0380 ent=1.4038 tot=+0.0152 agnorm=0.023 cgnorm=0.105 kl=0.0001 clipf=0.000 ev=+0.625 r0=1.0000 entcoef=2.63e-03 lr=1.3e-04 seed=1
iter= 512 step=1641600 ep_ret=-815.894 opt_ret=-815.894 step_rew=-8.1589 opt_step=-8.1589 gap0=815.894 dret=-5.505 eval_ret=n/a pursuer_target_distance=3.783 capture=0.000 score=0.000 pol=-0.0001 val=0.0216 ent=1.4044 tot=+0.0070 agnorm=0.031 cgnorm=0.082 kl=0.0000 clipf=0.000 ev=+0.669 r0=1.0000 entcoef=2.62e-03 lr=1.3e-04 seed=1
iter= 513 step=1644800 ep_ret=-720.068 opt_ret=-720.068 step_rew=-7.2007 opt_step=-7.2007 gap0=720.068 dret=+90.322 eval_ret=n/a pursuer_target_distance=3.406 capture=0.000 score=0.000 pol=-0.0003 val=0.0286 ent=1.4073 tot=+0.0104 agnorm=0.029 cgnorm=0.102 kl=0.0001 clipf=0.000 ev=+0.653 r0=1.0000 entcoef=2.60e-03 lr=1.3e-04 seed=1
iter= 514 step=1648000 ep_ret=-760.608 opt_ret=-760.608 step_rew=-7.6061 opt_step=-7.6061 gap0=760.608 dret=+49.782 eval_ret=n/a pursuer_target_distance=3.688 capture=0.000 score=0.000 pol=-0.0001 val=0.0352 ent=1.4088 tot=+0.0138 agnorm=0.025 cgnorm=0.110 kl=0.0001 clipf=0.000 ev=+0.584 r0=1.0000 entcoef=2.59e-03 lr=1.3e-04 seed=1
iter= 515 step=1651200 ep_ret=-748.878 opt_ret=-748.878 step_rew=-7.4888 opt_step=-7.4888 gap0=748.878 dret=+61.512 eval_ret=n/a pursuer_target_distance=3.479 capture=0.000 score=0.000 pol=-0.0003 val=0.0541 ent=1.4140 tot=+0.0231 agnorm=0.038 cgnorm=0.134 kl=0.0002 clipf=0.000 ev=+0.223 r0=1.0000 entcoef=2.57e-03 lr=1.3e-04 seed=1
iter= 516 step=1654400 ep_ret=-750.049 opt_ret=-750.049 step_rew=-7.5005 opt_step=-7.5005 gap0=750.049 dret=+60.341 eval_ret=n/a pursuer_target_distance=3.706 capture=0.000 score=0.000 pol=-0.0001 val=0.0479 ent=1.3975 tot=+0.0203 agnorm=0.028 cgnorm=0.130 kl=0.0002 clipf=0.000 ev=+0.522 r0=1.0000 entcoef=2.56e-03 lr=1.3e-04 seed=1
iter= 517 step=1657600 ep_ret=-758.223 opt_ret=-758.223 step_rew=-7.5822 opt_step=-7.5822 gap0=758.223 dret=+52.167 eval_ret=n/a pursuer_target_distance=3.896 capture=0.000 score=0.000 pol=-0.0003 val=0.0462 ent=1.4013 tot=+0.0192 agnorm=0.040 cgnorm=0.132 kl=0.0001 clipf=0.000 ev=+0.562 r0=1.0000 entcoef=2.54e-03 lr=1.3e-04 seed=1
iter= 518 step=1660800 ep_ret=-819.704 opt_ret=-819.704 step_rew=-8.1970 opt_step=-8.1970 gap0=819.704 dret=-9.314 eval_ret=n/a pursuer_target_distance=4.221 capture=0.000 score=0.000 pol=-0.0002 val=0.0495 ent=1.4170 tot=+0.0210 agnorm=0.031 cgnorm=0.130 kl=0.0002 clipf=0.000 ev=+0.614 r0=1.0000 entcoef=2.53e-03 lr=1.3e-04 seed=1
iter= 519 step=1664000 ep_ret=-752.553 opt_ret=-752.553 step_rew=-7.5255 opt_step=-7.5255 gap0=752.553 dret=+57.836 eval_ret=n/a pursuer_target_distance=3.739 capture=0.000 score=0.000 pol=-0.0002 val=0.0246 ent=1.4174 tot=+0.0085 agnorm=0.043 cgnorm=0.106 kl=0.0001 clipf=0.000 ev=+0.410 r0=1.0000 entcoef=2.51e-03 lr=1.3e-04 seed=1
iter= 520 step=1667200 ep_ret=-773.173 opt_ret=-773.173 step_rew=-7.7317 opt_step=-7.7317 gap0=773.173 dret=+37.217 eval_ret=-636.255 pursuer_target_distance=3.461 capture=0.000 score=0.000 pol=-0.0001 val=0.0403 ent=1.4158 tot=+0.0165 agnorm=0.029 cgnorm=0.104 kl=0.0001 clipf=0.000 ev=+0.577 r0=1.0000 entcoef=2.50e-03 lr=1.3e-04 seed=1
iter= 521 step=1670400 ep_ret=-809.542 opt_ret=-809.542 step_rew=-8.0954 opt_step=-8.0954 gap0=809.542 dret=+0.848 eval_ret=n/a pursuer_target_distance=3.707 capture=0.000 score=0.000 pol=-0.0001 val=0.0376 ent=1.4165 tot=+0.0152 agnorm=0.029 cgnorm=0.101 kl=0.0000 clipf=0.000 ev=+0.544 r0=1.0000 entcoef=2.49e-03 lr=1.2e-04 seed=1
iter= 522 step=1673600 ep_ret=-792.657 opt_ret=-792.657 step_rew=-7.9266 opt_step=-7.9266 gap0=792.657 dret=+17.732 eval_ret=n/a pursuer_target_distance=4.010 capture=0.000 score=0.000 pol=-0.0003 val=0.0495 ent=1.4239 tot=+0.0210 agnorm=0.040 cgnorm=0.121 kl=0.0001 clipf=0.000 ev=+0.546 r0=1.0000 entcoef=2.47e-03 lr=1.2e-04 seed=1
iter= 523 step=1676800 ep_ret=-751.545 opt_ret=-751.545 step_rew=-7.5154 opt_step=-7.5154 gap0=751.545 dret=+58.845 eval_ret=n/a pursuer_target_distance=3.317 capture=0.000 score=0.000 pol=-0.0001 val=0.0361 ent=1.4181 tot=+0.0144 agnorm=0.026 cgnorm=0.103 kl=0.0001 clipf=0.000 ev=+0.602 r0=1.0000 entcoef=2.46e-03 lr=1.2e-04 seed=1
iter= 524 step=1680000 ep_ret=-781.966 opt_ret=-781.966 step_rew=-7.8197 opt_step=-7.8197 gap0=781.966 dret=+28.424 eval_ret=n/a pursuer_target_distance=3.512 capture=0.000 score=0.000 pol=-0.0003 val=0.0431 ent=1.4007 tot=+0.0179 agnorm=0.032 cgnorm=0.125 kl=0.0002 clipf=0.000 ev=+0.567 r0=1.0000 entcoef=2.44e-03 lr=1.2e-04 seed=1
iter= 525 step=1683200 ep_ret=-764.424 opt_ret=-764.424 step_rew=-7.6442 opt_step=-7.6442 gap0=764.424 dret=+45.966 eval_ret=n/a pursuer_target_distance=3.721 capture=0.000 score=0.000 pol=-0.0006 val=0.0405 ent=1.3913 tot=+0.0163 agnorm=0.056 cgnorm=0.117 kl=0.0003 clipf=0.000 ev=+0.654 r0=1.0000 entcoef=2.43e-03 lr=1.2e-04 seed=1
iter= 526 step=1686400 ep_ret=-779.441 opt_ret=-779.441 step_rew=-7.7944 opt_step=-7.7944 gap0=779.441 dret=+30.948 eval_ret=n/a pursuer_target_distance=3.399 capture=0.000 score=0.000 pol=-0.0001 val=0.0434 ent=1.3716 tot=+0.0183 agnorm=0.031 cgnorm=0.104 kl=0.0002 clipf=0.000 ev=+0.523 r0=1.0000 entcoef=2.41e-03 lr=1.2e-04 seed=1
iter= 527 step=1689600 ep_ret=-698.800 opt_ret=-698.800 step_rew=-6.9880 opt_step=-6.9880 gap0=698.800 dret=+111.590 eval_ret=n/a pursuer_target_distance=2.980 capture=0.000 score=0.000 pol=-0.0001 val=0.0410 ent=1.3781 tot=+0.0170 agnorm=0.034 cgnorm=0.125 kl=0.0001 clipf=0.000 ev=+0.452 r0=1.0000 entcoef=2.40e-03 lr=1.2e-04 seed=1
iter= 528 step=1692800 ep_ret=-725.063 opt_ret=-725.063 step_rew=-7.2506 opt_step=-7.2506 gap0=725.063 dret=+85.326 eval_ret=n/a pursuer_target_distance=3.313 capture=0.000 score=0.000 pol=-0.0002 val=0.0280 ent=1.3795 tot=+0.0105 agnorm=0.026 cgnorm=0.098 kl=0.0001 clipf=0.000 ev=+0.655 r0=1.0000 entcoef=2.38e-03 lr=1.2e-04 seed=1
iter= 529 step=1696000 ep_ret=-806.217 opt_ret=-806.217 step_rew=-8.0622 opt_step=-8.0622 gap0=806.217 dret=+4.173 eval_ret=n/a pursuer_target_distance=4.220 capture=0.000 score=0.000 pol=-0.0002 val=0.0539 ent=1.3839 tot=+0.0235 agnorm=0.025 cgnorm=0.121 kl=0.0001 clipf=0.000 ev=+0.601 r0=1.0000 entcoef=2.37e-03 lr=1.2e-04 seed=1
iter= 530 step=1699200 ep_ret=-787.948 opt_ret=-787.948 step_rew=-7.8795 opt_step=-7.8795 gap0=787.948 dret=+22.442 eval_ret=n/a pursuer_target_distance=3.876 capture=0.000 score=0.000 pol=-0.0003 val=0.0348 ent=1.3753 tot=+0.0138 agnorm=0.044 cgnorm=0.117 kl=0.0002 clipf=0.000 ev=+0.546 r0=1.0000 entcoef=2.36e-03 lr=1.1e-04 seed=1
iter= 531 step=1702400 ep_ret=-759.199 opt_ret=-759.199 step_rew=-7.5920 opt_step=-7.5920 gap0=759.199 dret=+51.190 eval_ret=n/a pursuer_target_distance=3.778 capture=0.000 score=0.000 pol=-0.0001 val=0.0219 ent=1.3737 tot=+0.0077 agnorm=0.028 cgnorm=0.100 kl=0.0002 clipf=0.000 ev=+0.750 r0=1.0000 entcoef=2.34e-03 lr=1.1e-04 seed=1
iter= 532 step=1705600 ep_ret=-806.103 opt_ret=-806.103 step_rew=-8.0610 opt_step=-8.0610 gap0=806.103 dret=+4.287 eval_ret=n/a pursuer_target_distance=3.663 capture=0.000 score=0.000 pol=-0.0002 val=0.0753 ent=1.3697 tot=+0.0343 agnorm=0.035 cgnorm=0.134 kl=0.0001 clipf=0.000 ev=+0.453 r0=1.0000 entcoef=2.33e-03 lr=1.1e-04 seed=1
iter= 533 step=1708800 ep_ret=-759.515 opt_ret=-759.515 step_rew=-7.5951 opt_step=-7.5951 gap0=759.515 dret=+50.875 eval_ret=n/a pursuer_target_distance=3.810 capture=0.000 score=0.000 pol=-0.0003 val=0.0300 ent=1.3787 tot=+0.0115 agnorm=0.040 cgnorm=0.106 kl=0.0002 clipf=0.000 ev=+0.661 r0=1.0000 entcoef=2.31e-03 lr=1.1e-04 seed=1
iter= 534 step=1712000 ep_ret=-820.247 opt_ret=-820.247 step_rew=-8.2025 opt_step=-8.2025 gap0=820.247 dret=-9.857 eval_ret=n/a pursuer_target_distance=3.744 capture=0.000 score=0.000 pol=-0.0000 val=0.0426 ent=1.3700 tot=+0.0181 agnorm=0.030 cgnorm=0.137 kl=0.0001 clipf=0.000 ev=+0.658 r0=1.0000 entcoef=2.30e-03 lr=1.1e-04 seed=1
iter= 535 step=1715200 ep_ret=-813.543 opt_ret=-813.543 step_rew=-8.1354 opt_step=-8.1354 gap0=813.543 dret=-3.154 eval_ret=n/a pursuer_target_distance=3.917 capture=0.000 score=0.000 pol=-0.0002 val=0.0553 ent=1.3772 tot=+0.0244 agnorm=0.028 cgnorm=0.115 kl=0.0001 clipf=0.000 ev=+0.508 r0=1.0000 entcoef=2.28e-03 lr=1.1e-04 seed=1
iter= 536 step=1718400 ep_ret=-794.135 opt_ret=-794.135 step_rew=-7.9413 opt_step=-7.9413 gap0=794.135 dret=+16.255 eval_ret=n/a pursuer_target_distance=3.615 capture=0.000 score=0.000 pol=-0.0002 val=0.0423 ent=1.3740 tot=+0.0178 agnorm=0.028 cgnorm=0.121 kl=0.0001 clipf=0.000 ev=+0.626 r0=1.0000 entcoef=2.27e-03 lr=1.1e-04 seed=1
iter= 537 step=1721600 ep_ret=-683.806 opt_ret=-683.806 step_rew=-6.8381 opt_step=-6.8381 gap0=683.806 dret=+126.584 eval_ret=n/a pursuer_target_distance=3.390 capture=0.000 score=0.000 pol=-0.0002 val=0.0418 ent=1.3849 tot=+0.0175 agnorm=0.033 cgnorm=0.116 kl=0.0001 clipf=0.000 ev=+0.496 r0=1.0000 entcoef=2.25e-03 lr=1.1e-04 seed=1
iter= 538 step=1724800 ep_ret=-775.564 opt_ret=-775.564 step_rew=-7.7556 opt_step=-7.7556 gap0=775.564 dret=+34.826 eval_ret=n/a pursuer_target_distance=4.121 capture=0.000 score=0.000 pol=-0.0001 val=0.0412 ent=1.3795 tot=+0.0174 agnorm=0.025 cgnorm=0.106 kl=0.0001 clipf=0.000 ev=+0.736 r0=1.0000 entcoef=2.24e-03 lr=1.1e-04 seed=1
iter= 539 step=1728000 ep_ret=-745.566 opt_ret=-745.566 step_rew=-7.4557 opt_step=-7.4557 gap0=745.566 dret=+64.824 eval_ret=n/a pursuer_target_distance=3.452 capture=0.000 score=0.000 pol=-0.0001 val=0.0335 ent=1.3789 tot=+0.0136 agnorm=0.027 cgnorm=0.139 kl=0.0001 clipf=0.000 ev=+0.548 r0=1.0000 entcoef=2.23e-03 lr=1.0e-04 seed=1
iter= 540 step=1731200 ep_ret=-742.982 opt_ret=-742.982 step_rew=-7.4298 opt_step=-7.4298 gap0=742.982 dret=+67.407 eval_ret=-614.759 pursuer_target_distance=3.722 capture=0.000 score=0.000 pol=-0.0002 val=0.0347 ent=1.3842 tot=+0.0140 agnorm=0.040 cgnorm=0.113 kl=0.0001 clipf=0.000 ev=+0.666 r0=1.0000 entcoef=2.21e-03 lr=1.0e-04 seed=1
iter= 541 step=1734400 ep_ret=-767.806 opt_ret=-767.806 step_rew=-7.6781 opt_step=-7.6781 gap0=767.806 dret=+42.584 eval_ret=n/a pursuer_target_distance=3.786 capture=0.000 score=0.000 pol=-0.0002 val=0.0272 ent=1.3927 tot=+0.0103 agnorm=0.032 cgnorm=0.117 kl=0.0002 clipf=0.000 ev=+0.698 r0=1.0000 entcoef=2.20e-03 lr=1.0e-04 seed=1
iter= 542 step=1737600 ep_ret=-741.754 opt_ret=-741.754 step_rew=-7.4175 opt_step=-7.4175 gap0=741.754 dret=+68.636 eval_ret=n/a pursuer_target_distance=3.301 capture=0.000 score=0.000 pol=-0.0003 val=0.0337 ent=1.3868 tot=+0.0136 agnorm=0.033 cgnorm=0.118 kl=0.0001 clipf=0.000 ev=+0.494 r0=1.0000 entcoef=2.18e-03 lr=1.0e-04 seed=1
iter= 543 step=1740800 ep_ret=-736.043 opt_ret=-736.043 step_rew=-7.3604 opt_step=-7.3604 gap0=736.043 dret=+74.347 eval_ret=n/a pursuer_target_distance=3.757 capture=0.000 score=0.000 pol=-0.0002 val=0.0453 ent=1.3883 tot=+0.0195 agnorm=0.031 cgnorm=0.171 kl=0.0001 clipf=0.000 ev=+0.519 r0=1.0000 entcoef=2.17e-03 lr=1.0e-04 seed=1
iter= 544 step=1744000 ep_ret=-805.460 opt_ret=-805.460 step_rew=-8.0546 opt_step=-8.0546 gap0=805.460 dret=+4.929 eval_ret=n/a pursuer_target_distance=4.792 capture=0.000 score=0.000 pol=-0.0001 val=0.0341 ent=1.3926 tot=+0.0139 agnorm=0.038 cgnorm=0.085 kl=0.0001 clipf=0.000 ev=+0.667 r0=1.0000 entcoef=2.15e-03 lr=9.8e-05 seed=1
iter= 545 step=1747200 ep_ret=-741.067 opt_ret=-741.067 step_rew=-7.4107 opt_step=-7.4107 gap0=741.067 dret=+69.323 eval_ret=n/a pursuer_target_distance=3.356 capture=0.000 score=0.000 pol=-0.0002 val=0.0413 ent=1.3873 tot=+0.0175 agnorm=0.031 cgnorm=0.164 kl=0.0001 clipf=0.000 ev=+0.635 r0=1.0000 entcoef=2.14e-03 lr=9.7e-05 seed=1
iter= 546 step=1750400 ep_ret=-796.691 opt_ret=-796.691 step_rew=-7.9669 opt_step=-7.9669 gap0=796.691 dret=+13.698 eval_ret=n/a pursuer_target_distance=4.025 capture=0.000 score=0.000 pol=-0.0001 val=0.0402 ent=1.3882 tot=+0.0170 agnorm=0.034 cgnorm=0.110 kl=0.0001 clipf=0.000 ev=+0.655 r0=1.0000 entcoef=2.13e-03 lr=9.6e-05 seed=1
iter= 547 step=1753600 ep_ret=-794.000 opt_ret=-794.000 step_rew=-7.9400 opt_step=-7.9400 gap0=794.000 dret=+16.390 eval_ret=n/a pursuer_target_distance=4.125 capture=0.000 score=0.000 pol=-0.0002 val=0.0492 ent=1.3714 tot=+0.0215 agnorm=0.030 cgnorm=0.135 kl=0.0001 clipf=0.000 ev=+0.428 r0=1.0000 entcoef=2.11e-03 lr=9.5e-05 seed=1
iter= 548 step=1756800 ep_ret=-717.201 opt_ret=-717.201 step_rew=-7.1720 opt_step=-7.1720 gap0=717.201 dret=+93.189 eval_ret=n/a pursuer_target_distance=3.605 capture=0.000 score=0.000 pol=-0.0002 val=0.0387 ent=1.3777 tot=+0.0163 agnorm=0.033 cgnorm=0.158 kl=0.0001 clipf=0.000 ev=+0.660 r0=1.0000 entcoef=2.10e-03 lr=9.4e-05 seed=1
iter= 549 step=1760000 ep_ret=-765.987 opt_ret=-765.987 step_rew=-7.6599 opt_step=-7.6599 gap0=765.987 dret=+44.403 eval_ret=n/a pursuer_target_distance=3.377 capture=0.000 score=0.000 pol=-0.0001 val=0.0374 ent=1.3844 tot=+0.0157 agnorm=0.024 cgnorm=0.133 kl=0.0001 clipf=0.000 ev=+0.686 r0=1.0000 entcoef=2.08e-03 lr=9.3e-05 seed=1
iter= 550 step=1763200 ep_ret=-794.543 opt_ret=-794.543 step_rew=-7.9454 opt_step=-7.9454 gap0=794.543 dret=+15.847 eval_ret=n/a pursuer_target_distance=3.610 capture=0.000 score=0.000 pol=-0.0001 val=0.0654 ent=1.3982 tot=+0.0296 agnorm=0.025 cgnorm=0.157 kl=0.0001 clipf=0.000 ev=+0.538 r0=1.0000 entcoef=2.07e-03 lr=9.2e-05 seed=1
iter= 551 step=1766400 ep_ret=-820.118 opt_ret=-820.118 step_rew=-8.2012 opt_step=-8.2012 gap0=820.118 dret=-9.728 eval_ret=n/a pursuer_target_distance=3.867 capture=0.000 score=0.000 pol=-0.0001 val=0.0443 ent=1.3936 tot=+0.0192 agnorm=0.031 cgnorm=0.146 kl=0.0000 clipf=0.000 ev=+0.513 r0=1.0000 entcoef=2.05e-03 lr=9.1e-05 seed=1
iter= 552 step=1769600 ep_ret=-798.242 opt_ret=-798.242 step_rew=-7.9824 opt_step=-7.9824 gap0=798.242 dret=+12.148 eval_ret=n/a pursuer_target_distance=4.105 capture=0.000 score=0.000 pol=-0.0002 val=0.0432 ent=1.3808 tot=+0.0186 agnorm=0.035 cgnorm=0.125 kl=0.0001 clipf=0.000 ev=+0.668 r0=1.0000 entcoef=2.04e-03 lr=9.0e-05 seed=1
iter= 553 step=1772800 ep_ret=-830.007 opt_ret=-830.007 step_rew=-8.3001 opt_step=-8.3001 gap0=830.007 dret=-19.618 eval_ret=n/a pursuer_target_distance=4.036 capture=0.000 score=0.000 pol=-0.0002 val=0.0419 ent=1.3816 tot=+0.0179 agnorm=0.035 cgnorm=0.129 kl=0.0001 clipf=0.000 ev=+0.419 r0=1.0000 entcoef=2.02e-03 lr=8.9e-05 seed=1
iter= 554 step=1776000 ep_ret=-767.487 opt_ret=-767.487 step_rew=-7.6749 opt_step=-7.6749 gap0=767.487 dret=+42.903 eval_ret=n/a pursuer_target_distance=4.165 capture=0.000 score=0.000 pol=-0.0001 val=0.0473 ent=1.3769 tot=+0.0208 agnorm=0.035 cgnorm=0.131 kl=0.0001 clipf=0.000 ev=+0.672 r0=1.0000 entcoef=2.01e-03 lr=8.7e-05 seed=1
iter= 555 step=1779200 ep_ret=-799.586 opt_ret=-799.586 step_rew=-7.9959 opt_step=-7.9959 gap0=799.586 dret=+10.804 eval_ret=n/a pursuer_target_distance=3.718 capture=0.000 score=0.000 pol=-0.0003 val=0.0555 ent=1.3772 tot=+0.0247 agnorm=0.040 cgnorm=0.138 kl=0.0001 clipf=0.000 ev=+0.575 r0=1.0000 entcoef=2.00e-03 lr=8.6e-05 seed=1
iter= 556 step=1782400 ep_ret=-795.989 opt_ret=-795.989 step_rew=-7.9599 opt_step=-7.9599 gap0=795.989 dret=+14.400 eval_ret=n/a pursuer_target_distance=3.635 capture=0.000 score=0.000 pol=-0.0002 val=0.0522 ent=1.3620 tot=+0.0232 agnorm=0.045 cgnorm=0.124 kl=0.0001 clipf=0.000 ev=+0.594 r0=1.0000 entcoef=1.98e-03 lr=8.5e-05 seed=1
iter= 557 step=1785600 ep_ret=-741.268 opt_ret=-741.268 step_rew=-7.4127 opt_step=-7.4127 gap0=741.268 dret=+69.121 eval_ret=n/a pursuer_target_distance=3.831 capture=0.000 score=0.000 pol=-0.0000 val=0.0427 ent=1.3828 tot=+0.0186 agnorm=0.031 cgnorm=0.127 kl=0.0000 clipf=0.000 ev=+0.590 r0=1.0000 entcoef=1.97e-03 lr=8.4e-05 seed=1
iter= 558 step=1788800 ep_ret=-801.347 opt_ret=-801.347 step_rew=-8.0135 opt_step=-8.0135 gap0=801.347 dret=+9.043 eval_ret=n/a pursuer_target_distance=3.966 capture=0.000 score=0.000 pol=-0.0001 val=0.0502 ent=1.3756 tot=+0.0223 agnorm=0.027 cgnorm=0.143 kl=0.0000 clipf=0.000 ev=+0.610 r0=1.0000 entcoef=1.95e-03 lr=8.3e-05 seed=1
iter= 559 step=1792000 ep_ret=-782.698 opt_ret=-782.698 step_rew=-7.8270 opt_step=-7.8270 gap0=782.698 dret=+27.691 eval_ret=n/a pursuer_target_distance=3.171 capture=0.000 score=0.000 pol=-0.0001 val=0.0280 ent=1.3902 tot=+0.0112 agnorm=0.032 cgnorm=0.114 kl=0.0001 clipf=0.000 ev=+0.719 r0=1.0000 entcoef=1.94e-03 lr=8.2e-05 seed=1
iter= 560 step=1795200 ep_ret=-776.532 opt_ret=-776.532 step_rew=-7.7653 opt_step=-7.7653 gap0=776.532 dret=+33.858 eval_ret=-593.748 pursuer_target_distance=3.767 capture=0.000 score=0.000 pol=-0.0002 val=0.0355 ent=1.3869 tot=+0.0149 agnorm=0.035 cgnorm=0.120 kl=0.0001 clipf=0.000 ev=+0.692 r0=1.0000 entcoef=1.92e-03 lr=8.1e-05 seed=1
iter= 561 step=1798400 ep_ret=-750.550 opt_ret=-750.550 step_rew=-7.5055 opt_step=-7.5055 gap0=750.550 dret=+59.839 eval_ret=n/a pursuer_target_distance=3.564 capture=0.000 score=0.000 pol=-0.0001 val=0.0322 ent=1.3700 tot=+0.0134 agnorm=0.033 cgnorm=0.116 kl=0.0001 clipf=0.000 ev=+0.647 r0=1.0000 entcoef=1.91e-03 lr=8.0e-05 seed=1
iter= 562 step=1801600 ep_ret=-692.468 opt_ret=-692.468 step_rew=-6.9247 opt_step=-6.9247 gap0=692.468 dret=+117.922 eval_ret=n/a pursuer_target_distance=2.812 capture=0.000 score=0.000 pol=-0.0001 val=0.0420 ent=1.3734 tot=+0.0183 agnorm=0.020 cgnorm=0.165 kl=0.0000 clipf=0.000 ev=+0.634 r0=1.0000 entcoef=1.89e-03 lr=7.9e-05 seed=1
iter= 563 step=1804800 ep_ret=-664.923 opt_ret=-664.923 step_rew=-6.6492 opt_step=-6.6492 gap0=664.923 dret=+145.467 eval_ret=n/a pursuer_target_distance=3.277 capture=0.000 score=0.000 pol=-0.0001 val=0.0565 ent=1.3803 tot=+0.0255 agnorm=0.036 cgnorm=0.179 kl=0.0000 clipf=0.000 ev=+0.612 r0=1.0000 entcoef=1.88e-03 lr=7.7e-05 seed=1
iter= 564 step=1808000 ep_ret=-829.919 opt_ret=-829.919 step_rew=-8.2992 opt_step=-8.2992 gap0=829.919 dret=-19.529 eval_ret=n/a pursuer_target_distance=3.491 capture=0.000 score=0.000 pol=-0.0002 val=0.0534 ent=1.3802 tot=+0.0240 agnorm=0.036 cgnorm=0.152 kl=0.0001 clipf=0.000 ev=+0.468 r0=1.0000 entcoef=1.87e-03 lr=7.6e-05 seed=1
iter= 565 step=1811200 ep_ret=-768.886 opt_ret=-768.886 step_rew=-7.6889 opt_step=-7.6889 gap0=768.886 dret=+41.504 eval_ret=n/a pursuer_target_distance=3.663 capture=0.000 score=0.000 pol=-0.0001 val=0.0490 ent=1.3786 tot=+0.0219 agnorm=0.031 cgnorm=0.150 kl=0.0000 clipf=0.000 ev=+0.641 r0=1.0000 entcoef=1.85e-03 lr=7.5e-05 seed=1
iter= 566 step=1814400 ep_ret=-795.721 opt_ret=-795.721 step_rew=-7.9572 opt_step=-7.9572 gap0=795.721 dret=+14.669 eval_ret=n/a pursuer_target_distance=3.787 capture=0.000 score=0.000 pol=-0.0001 val=0.0463 ent=1.3757 tot=+0.0205 agnorm=0.031 cgnorm=0.142 kl=0.0000 clipf=0.000 ev=+0.693 r0=1.0000 entcoef=1.84e-03 lr=7.4e-05 seed=1
iter= 567 step=1817600 ep_ret=-778.952 opt_ret=-778.952 step_rew=-7.7895 opt_step=-7.7895 gap0=778.952 dret=+31.437 eval_ret=n/a pursuer_target_distance=3.861 capture=0.000 score=0.000 pol=-0.0001 val=0.0382 ent=1.3904 tot=+0.0165 agnorm=0.032 cgnorm=0.125 kl=0.0000 clipf=0.000 ev=+0.673 r0=1.0000 entcoef=1.82e-03 lr=7.3e-05 seed=1
iter= 568 step=1820800 ep_ret=-796.323 opt_ret=-796.323 step_rew=-7.9632 opt_step=-7.9632 gap0=796.323 dret=+14.066 eval_ret=n/a pursuer_target_distance=3.819 capture=0.000 score=0.000 pol=-0.0001 val=0.0400 ent=1.4009 tot=+0.0174 agnorm=0.026 cgnorm=0.134 kl=0.0000 clipf=0.000 ev=+0.651 r0=1.0000 entcoef=1.81e-03 lr=7.2e-05 seed=1
iter= 569 step=1824000 ep_ret=-715.319 opt_ret=-715.319 step_rew=-7.1532 opt_step=-7.1532 gap0=715.319 dret=+95.071 eval_ret=n/a pursuer_target_distance=3.273 capture=0.000 score=0.000 pol=-0.0001 val=0.0369 ent=1.3928 tot=+0.0159 agnorm=0.028 cgnorm=0.149 kl=0.0000 clipf=0.000 ev=+0.761 r0=1.0000 entcoef=1.79e-03 lr=7.1e-05 seed=1
iter= 570 step=1827200 ep_ret=-742.656 opt_ret=-742.656 step_rew=-7.4266 opt_step=-7.4266 gap0=742.656 dret=+67.733 eval_ret=n/a pursuer_target_distance=3.723 capture=0.000 score=0.000 pol=-0.0001 val=0.0471 ent=1.3911 tot=+0.0210 agnorm=0.024 cgnorm=0.153 kl=0.0000 clipf=0.000 ev=+0.622 r0=1.0000 entcoef=1.78e-03 lr=7.0e-05 seed=1
iter= 571 step=1830400 ep_ret=-771.694 opt_ret=-771.694 step_rew=-7.7169 opt_step=-7.7169 gap0=771.694 dret=+38.696 eval_ret=n/a pursuer_target_distance=3.738 capture=0.000 score=0.000 pol=-0.0001 val=0.0357 ent=1.3791 tot=+0.0153 agnorm=0.031 cgnorm=0.106 kl=0.0000 clipf=0.000 ev=+0.745 r0=1.0000 entcoef=1.76e-03 lr=6.9e-05 seed=1
iter= 572 step=1833600 ep_ret=-729.686 opt_ret=-729.686 step_rew=-7.2969 opt_step=-7.2969 gap0=729.686 dret=+80.704 eval_ret=n/a pursuer_target_distance=3.126 capture=0.000 score=0.000 pol=-0.0002 val=0.0448 ent=1.3788 tot=+0.0198 agnorm=0.039 cgnorm=0.160 kl=0.0000 clipf=0.000 ev=+0.540 r0=1.0000 entcoef=1.75e-03 lr=6.8e-05 seed=1
iter= 573 step=1836800 ep_ret=-755.301 opt_ret=-755.301 step_rew=-7.5530 opt_step=-7.5530 gap0=755.301 dret=+55.089 eval_ret=n/a pursuer_target_distance=3.621 capture=0.000 score=0.000 pol=-0.0002 val=0.0424 ent=1.3775 tot=+0.0186 agnorm=0.038 cgnorm=0.117 kl=0.0001 clipf=0.000 ev=+0.671 r0=1.0000 entcoef=1.74e-03 lr=6.6e-05 seed=1
iter= 574 step=1840000 ep_ret=-764.506 opt_ret=-764.506 step_rew=-7.6451 opt_step=-7.6451 gap0=764.506 dret=+45.883 eval_ret=n/a pursuer_target_distance=3.545 capture=0.000 score=0.000 pol=-0.0002 val=0.0574 ent=1.3537 tot=+0.0262 agnorm=0.040 cgnorm=0.142 kl=0.0001 clipf=0.000 ev=+0.630 r0=1.0000 entcoef=1.72e-03 lr=6.5e-05 seed=1
iter= 575 step=1843200 ep_ret=-752.520 opt_ret=-752.520 step_rew=-7.5252 opt_step=-7.5252 gap0=752.520 dret=+57.870 eval_ret=n/a pursuer_target_distance=3.607 capture=0.000 score=0.000 pol=-0.0000 val=0.0451 ent=1.3590 tot=+0.0202 agnorm=0.029 cgnorm=0.128 kl=0.0000 clipf=0.000 ev=+0.662 r0=1.0000 entcoef=1.71e-03 lr=6.4e-05 seed=1
iter= 576 step=1846400 ep_ret=-730.166 opt_ret=-730.166 step_rew=-7.3017 opt_step=-7.3017 gap0=730.166 dret=+80.223 eval_ret=n/a pursuer_target_distance=3.931 capture=0.000 score=0.000 pol=-0.0001 val=0.0493 ent=1.3399 tot=+0.0223 agnorm=0.029 cgnorm=0.117 kl=0.0000 clipf=0.000 ev=+0.572 r0=1.0000 entcoef=1.69e-03 lr=6.3e-05 seed=1
iter= 577 step=1849600 ep_ret=-737.131 opt_ret=-737.131 step_rew=-7.3713 opt_step=-7.3713 gap0=737.131 dret=+73.258 eval_ret=n/a pursuer_target_distance=3.550 capture=0.000 score=0.000 pol=-0.0001 val=0.0279 ent=1.3452 tot=+0.0116 agnorm=0.030 cgnorm=0.099 kl=0.0000 clipf=0.000 ev=+0.768 r0=1.0000 entcoef=1.68e-03 lr=6.2e-05 seed=1
iter= 578 step=1852800 ep_ret=-800.045 opt_ret=-800.045 step_rew=-8.0005 opt_step=-8.0005 gap0=800.045 dret=+10.345 eval_ret=n/a pursuer_target_distance=4.469 capture=0.000 score=0.000 pol=-0.0001 val=0.0324 ent=1.3659 tot=+0.0138 agnorm=0.039 cgnorm=0.127 kl=0.0000 clipf=0.000 ev=+0.636 r0=1.0000 entcoef=1.66e-03 lr=6.1e-05 seed=1
iter= 579 step=1856000 ep_ret=-749.373 opt_ret=-749.373 step_rew=-7.4937 opt_step=-7.4937 gap0=749.373 dret=+61.017 eval_ret=n/a pursuer_target_distance=3.527 capture=0.000 score=0.000 pol=-0.0001 val=0.0486 ent=1.3670 tot=+0.0219 agnorm=0.036 cgnorm=0.138 kl=0.0000 clipf=0.000 ev=+0.712 r0=1.0000 entcoef=1.65e-03 lr=6.0e-05 seed=1
iter= 580 step=1859200 ep_ret=-771.336 opt_ret=-771.336 step_rew=-7.7134 opt_step=-7.7134 gap0=771.336 dret=+39.054 eval_ret=-579.328 pursuer_target_distance=3.156 capture=0.000 score=0.000 pol=-0.0002 val=0.0319 ent=1.3708 tot=+0.0136 agnorm=0.046 cgnorm=0.104 kl=0.0000 clipf=0.000 ev=+0.696 r0=1.0000 entcoef=1.63e-03 lr=5.9e-05 seed=1
iter= 581 step=1862400 ep_ret=-774.795 opt_ret=-774.795 step_rew=-7.7480 opt_step=-7.7480 gap0=774.795 dret=+35.594 eval_ret=n/a pursuer_target_distance=3.902 capture=0.000 score=0.000 pol=-0.0001 val=0.0537 ent=1.3588 tot=+0.0246 agnorm=0.026 cgnorm=0.150 kl=0.0001 clipf=0.000 ev=+0.539 r0=1.0000 entcoef=1.62e-03 lr=5.8e-05 seed=1
iter= 582 step=1865600 ep_ret=-765.508 opt_ret=-765.508 step_rew=-7.6551 opt_step=-7.6551 gap0=765.508 dret=+44.881 eval_ret=n/a pursuer_target_distance=3.322 capture=0.000 score=0.000 pol=-0.0001 val=0.0598 ent=1.3727 tot=+0.0276 agnorm=0.038 cgnorm=0.145 kl=0.0000 clipf=0.000 ev=+0.595 r0=1.0000 entcoef=1.61e-03 lr=5.6e-05 seed=1
iter= 583 step=1868800 ep_ret=-782.342 opt_ret=-782.342 step_rew=-7.8234 opt_step=-7.8234 gap0=782.342 dret=+28.048 eval_ret=n/a pursuer_target_distance=3.500 capture=0.000 score=0.000 pol=-0.0001 val=0.0430 ent=1.3745 tot=+0.0193 agnorm=0.027 cgnorm=0.135 kl=0.0000 clipf=0.000 ev=+0.697 r0=1.0000 entcoef=1.59e-03 lr=5.5e-05 seed=1
iter= 584 step=1872000 ep_ret=-689.460 opt_ret=-689.460 step_rew=-6.8946 opt_step=-6.8946 gap0=689.460 dret=+120.930 eval_ret=n/a pursuer_target_distance=3.025 capture=0.000 score=0.000 pol=-0.0001 val=0.0363 ent=1.3631 tot=+0.0159 agnorm=0.026 cgnorm=0.120 kl=0.0000 clipf=0.000 ev=+0.771 r0=1.0000 entcoef=1.58e-03 lr=5.4e-05 seed=1
iter= 585 step=1875200 ep_ret=-699.401 opt_ret=-699.401 step_rew=-6.9940 opt_step=-6.9940 gap0=699.401 dret=+110.988 eval_ret=n/a pursuer_target_distance=2.669 capture=0.000 score=0.000 pol=-0.0000 val=0.0406 ent=1.3528 tot=+0.0181 agnorm=0.026 cgnorm=0.153 kl=0.0000 clipf=0.000 ev=+0.557 r0=1.0000 entcoef=1.56e-03 lr=5.3e-05 seed=1
iter= 586 step=1878400 ep_ret=-752.310 opt_ret=-752.310 step_rew=-7.5231 opt_step=-7.5231 gap0=752.310 dret=+58.079 eval_ret=n/a pursuer_target_distance=3.421 capture=0.000 score=0.000 pol=-0.0001 val=0.0269 ent=1.3554 tot=+0.0112 agnorm=0.027 cgnorm=0.106 kl=0.0000 clipf=0.000 ev=+0.726 r0=1.0000 entcoef=1.55e-03 lr=5.2e-05 seed=1
iter= 587 step=1881600 ep_ret=-842.513 opt_ret=-842.513 step_rew=-8.4251 opt_step=-8.4251 gap0=842.513 dret=-32.123 eval_ret=n/a pursuer_target_distance=3.919 capture=0.000 score=0.000 pol=-0.0000 val=0.0751 ent=1.3612 tot=+0.0354 agnorm=0.029 cgnorm=0.158 kl=0.0000 clipf=0.000 ev=+0.596 r0=1.0000 entcoef=1.53e-03 lr=5.1e-05 seed=1
iter= 588 step=1884800 ep_ret=-713.394 opt_ret=-713.394 step_rew=-7.1339 opt_step=-7.1339 gap0=713.394 dret=+96.995 eval_ret=n/a pursuer_target_distance=3.223 capture=0.000 score=0.000 pol=-0.0001 val=0.0348 ent=1.3737 tot=+0.0152 agnorm=0.034 cgnorm=0.138 kl=0.0000 clipf=0.000 ev=+0.725 r0=1.0000 entcoef=1.52e-03 lr=5.0e-05 seed=1
iter= 589 step=1888000 ep_ret=-800.539 opt_ret=-800.539 step_rew=-8.0054 opt_step=-8.0054 gap0=800.539 dret=+9.851 eval_ret=n/a pursuer_target_distance=3.918 capture=0.000 score=0.000 pol=-0.0001 val=0.0622 ent=1.3705 tot=+0.0290 agnorm=0.037 cgnorm=0.133 kl=0.0000 clipf=0.000 ev=+0.593 r0=1.0000 entcoef=1.50e-03 lr=4.9e-05 seed=1
iter= 590 step=1891200 ep_ret=-709.654 opt_ret=-709.654 step_rew=-7.0965 opt_step=-7.0965 gap0=709.654 dret=+100.736 eval_ret=n/a pursuer_target_distance=2.975 capture=0.000 score=0.000 pol=-0.0001 val=0.0427 ent=1.3559 tot=+0.0192 agnorm=0.038 cgnorm=0.129 kl=0.0000 clipf=0.000 ev=+0.562 r0=1.0000 entcoef=1.49e-03 lr=4.8e-05 seed=1
iter= 591 step=1894400 ep_ret=-795.037 opt_ret=-795.037 step_rew=-7.9504 opt_step=-7.9504 gap0=795.037 dret=+15.352 eval_ret=n/a pursuer_target_distance=4.082 capture=0.000 score=0.000 pol=-0.0001 val=0.0747 ent=1.3564 tot=+0.0353 agnorm=0.032 cgnorm=0.209 kl=0.0000 clipf=0.000 ev=+0.510 r0=1.0000 entcoef=1.48e-03 lr=4.6e-05 seed=1
iter= 592 step=1897600 ep_ret=-757.081 opt_ret=-757.081 step_rew=-7.5708 opt_step=-7.5708 gap0=757.081 dret=+53.308 eval_ret=n/a pursuer_target_distance=3.894 capture=0.000 score=0.000 pol=-0.0001 val=0.0477 ent=1.3315 tot=+0.0218 agnorm=0.032 cgnorm=0.174 kl=0.0000 clipf=0.000 ev=+0.532 r0=1.0000 entcoef=1.46e-03 lr=4.5e-05 seed=1
iter= 593 step=1900800 ep_ret=-753.084 opt_ret=-753.084 step_rew=-7.5308 opt_step=-7.5308 gap0=753.084 dret=+57.306 eval_ret=n/a pursuer_target_distance=3.985 capture=0.000 score=0.000 pol=-0.0001 val=0.0523 ent=1.3512 tot=+0.0242 agnorm=0.035 cgnorm=0.193 kl=0.0000 clipf=0.000 ev=+0.527 r0=1.0000 entcoef=1.45e-03 lr=4.4e-05 seed=1
iter= 594 step=1904000 ep_ret=-742.205 opt_ret=-742.205 step_rew=-7.4221 opt_step=-7.4221 gap0=742.205 dret=+68.184 eval_ret=n/a pursuer_target_distance=3.513 capture=0.000 score=0.000 pol=-0.0001 val=0.0577 ent=1.3528 tot=+0.0268 agnorm=0.043 cgnorm=0.170 kl=0.0000 clipf=0.000 ev=+0.617 r0=1.0000 entcoef=1.43e-03 lr=4.3e-05 seed=1
iter= 595 step=1907200 ep_ret=-761.297 opt_ret=-761.297 step_rew=-7.6130 opt_step=-7.6130 gap0=761.297 dret=+49.093 eval_ret=n/a pursuer_target_distance=3.970 capture=0.000 score=0.000 pol=-0.0000 val=0.0408 ent=1.3538 tot=+0.0185 agnorm=0.031 cgnorm=0.115 kl=0.0000 clipf=0.000 ev=+0.672 r0=1.0000 entcoef=1.42e-03 lr=4.2e-05 seed=1
iter= 596 step=1910400 ep_ret=-731.863 opt_ret=-731.863 step_rew=-7.3186 opt_step=-7.3186 gap0=731.863 dret=+78.527 eval_ret=n/a pursuer_target_distance=3.368 capture=0.000 score=0.000 pol=-0.0001 val=0.0401 ent=1.3615 tot=+0.0180 agnorm=0.030 cgnorm=0.139 kl=0.0000 clipf=0.000 ev=+0.712 r0=1.0000 entcoef=1.40e-03 lr=4.1e-05 seed=1
iter= 597 step=1913600 ep_ret=-802.689 opt_ret=-802.689 step_rew=-8.0269 opt_step=-8.0269 gap0=802.689 dret=+7.701 eval_ret=n/a pursuer_target_distance=3.848 capture=0.000 score=0.000 pol=-0.0001 val=0.0626 ent=1.3373 tot=+0.0294 agnorm=0.027 cgnorm=0.142 kl=0.0000 clipf=0.000 ev=+0.446 r0=1.0000 entcoef=1.39e-03 lr=4.0e-05 seed=1
iter= 598 step=1916800 ep_ret=-832.574 opt_ret=-832.574 step_rew=-8.3257 opt_step=-8.3257 gap0=832.574 dret=-22.184 eval_ret=n/a pursuer_target_distance=3.912 capture=0.000 score=0.000 pol=-0.0001 val=0.0658 ent=1.3460 tot=+0.0310 agnorm=0.035 cgnorm=0.139 kl=0.0000 clipf=0.000 ev=+0.528 r0=1.0000 entcoef=1.37e-03 lr=3.9e-05 seed=1
iter= 599 step=1920000 ep_ret=-720.665 opt_ret=-720.665 step_rew=-7.2067 opt_step=-7.2067 gap0=720.665 dret=+89.725 eval_ret=n/a pursuer_target_distance=3.798 capture=0.000 score=0.000 pol=-0.0001 val=0.0534 ent=1.3562 tot=+0.0248 agnorm=0.035 cgnorm=0.150 kl=0.0000 clipf=0.000 ev=+0.573 r0=1.0000 entcoef=1.36e-03 lr=3.8e-05 seed=1
iter= 600 step=1923200 ep_ret=-760.143 opt_ret=-760.143 step_rew=-7.6014 opt_step=-7.6014 gap0=760.143 dret=+50.246 eval_ret=-573.124 pursuer_target_distance=3.732 capture=0.000 score=0.000 pol=-0.0001 val=0.0427 ent=1.3532 tot=+0.0194 agnorm=0.034 cgnorm=0.134 kl=0.0000 clipf=0.000 ev=+0.700 r0=1.0000 entcoef=1.35e-03 lr=3.7e-05 seed=1
iter= 601 step=1926400 ep_ret=-739.021 opt_ret=-739.021 step_rew=-7.3902 opt_step=-7.3902 gap0=739.021 dret=+71.369 eval_ret=n/a pursuer_target_distance=3.361 capture=0.000 score=0.000 pol=-0.0000 val=0.0515 ent=1.3284 tot=+0.0239 agnorm=0.043 cgnorm=0.134 kl=0.0000 clipf=0.000 ev=+0.689 r0=1.0000 entcoef=1.33e-03 lr=3.5e-05 seed=1
iter= 602 step=1929600 ep_ret=-736.877 opt_ret=-736.877 step_rew=-7.3688 opt_step=-7.3688 gap0=736.877 dret=+73.513 eval_ret=n/a pursuer_target_distance=3.814 capture=0.000 score=0.000 pol=-0.0001 val=0.0461 ent=1.3497 tot=+0.0212 agnorm=0.033 cgnorm=0.158 kl=0.0000 clipf=0.000 ev=+0.578 r0=1.0000 entcoef=1.32e-03 lr=3.4e-05 seed=1
iter= 603 step=1932800 ep_ret=-772.669 opt_ret=-772.669 step_rew=-7.7267 opt_step=-7.7267 gap0=772.669 dret=+37.721 eval_ret=n/a pursuer_target_distance=3.969 capture=0.000 score=0.000 pol=-0.0000 val=0.0590 ent=1.3712 tot=+0.0277 agnorm=0.039 cgnorm=0.160 kl=0.0000 clipf=0.000 ev=+0.521 r0=1.0000 entcoef=1.30e-03 lr=3.3e-05 seed=1
iter= 604 step=1936000 ep_ret=-851.260 opt_ret=-851.260 step_rew=-8.5126 opt_step=-8.5126 gap0=851.260 dret=-40.870 eval_ret=n/a pursuer_target_distance=4.251 capture=0.000 score=0.000 pol=-0.0001 val=0.0513 ent=1.3560 tot=+0.0238 agnorm=0.044 cgnorm=0.154 kl=0.0000 clipf=0.000 ev=+0.525 r0=1.0000 entcoef=1.29e-03 lr=3.2e-05 seed=1
iter= 605 step=1939200 ep_ret=-829.370 opt_ret=-829.370 step_rew=-8.2937 opt_step=-8.2937 gap0=829.370 dret=-18.980 eval_ret=n/a pursuer_target_distance=4.487 capture=0.000 score=0.000 pol=-0.0001 val=0.0775 ent=1.3613 tot=+0.0369 agnorm=0.033 cgnorm=0.172 kl=0.0000 clipf=0.000 ev=+0.525 r0=1.0000 entcoef=1.27e-03 lr=3.1e-05 seed=1
iter= 606 step=1942400 ep_ret=-753.408 opt_ret=-753.408 step_rew=-7.5341 opt_step=-7.5341 gap0=753.408 dret=+56.982 eval_ret=n/a pursuer_target_distance=3.269 capture=0.000 score=0.000 pol=-0.0001 val=0.0510 ent=1.3610 tot=+0.0237 agnorm=0.040 cgnorm=0.184 kl=0.0000 clipf=0.000 ev=+0.531 r0=1.0000 entcoef=1.26e-03 lr=3.0e-05 seed=1
iter= 607 step=1945600 ep_ret=-746.824 opt_ret=-746.824 step_rew=-7.4682 opt_step=-7.4682 gap0=746.824 dret=+63.566 eval_ret=n/a pursuer_target_distance=3.314 capture=0.000 score=0.000 pol=-0.0001 val=0.0340 ent=1.3566 tot=+0.0153 agnorm=0.029 cgnorm=0.133 kl=0.0000 clipf=0.000 ev=+0.592 r0=1.0000 entcoef=1.25e-03 lr=2.9e-05 seed=1
iter= 608 step=1948800 ep_ret=-813.784 opt_ret=-813.784 step_rew=-8.1378 opt_step=-8.1378 gap0=813.784 dret=-3.395 eval_ret=n/a pursuer_target_distance=3.955 capture=0.000 score=0.000 pol=-0.0001 val=0.0617 ent=1.3439 tot=+0.0291 agnorm=0.031 cgnorm=0.144 kl=0.0000 clipf=0.000 ev=+0.531 r0=1.0000 entcoef=1.23e-03 lr=2.8e-05 seed=1
iter= 609 step=1952000 ep_ret=-763.501 opt_ret=-763.501 step_rew=-7.6350 opt_step=-7.6350 gap0=763.501 dret=+46.888 eval_ret=n/a pursuer_target_distance=3.646 capture=0.000 score=0.000 pol=-0.0000 val=0.0446 ent=1.3562 tot=+0.0206 agnorm=0.028 cgnorm=0.155 kl=0.0000 clipf=0.000 ev=+0.553 r0=1.0000 entcoef=1.22e-03 lr=2.7e-05 seed=1
iter= 610 step=1955200 ep_ret=-740.210 opt_ret=-740.210 step_rew=-7.4021 opt_step=-7.4021 gap0=740.210 dret=+70.179 eval_ret=n/a pursuer_target_distance=3.510 capture=0.000 score=0.000 pol=-0.0000 val=0.0393 ent=1.3646 tot=+0.0179 agnorm=0.030 cgnorm=0.137 kl=0.0000 clipf=0.000 ev=+0.703 r0=1.0000 entcoef=1.20e-03 lr=2.5e-05 seed=1
iter= 611 step=1958400 ep_ret=-815.442 opt_ret=-815.442 step_rew=-8.1544 opt_step=-8.1544 gap0=815.442 dret=-5.052 eval_ret=n/a pursuer_target_distance=4.365 capture=0.000 score=0.000 pol=-0.0001 val=0.0414 ent=1.3538 tot=+0.0190 agnorm=0.035 cgnorm=0.131 kl=0.0000 clipf=0.000 ev=+0.609 r0=1.0000 entcoef=1.19e-03 lr=2.4e-05 seed=1
iter= 612 step=1961600 ep_ret=-787.103 opt_ret=-787.103 step_rew=-7.8710 opt_step=-7.8710 gap0=787.103 dret=+23.287 eval_ret=n/a pursuer_target_distance=3.308 capture=0.000 score=0.000 pol=-0.0000 val=0.0491 ent=1.3619 tot=+0.0229 agnorm=0.040 cgnorm=0.149 kl=0.0000 clipf=0.000 ev=+0.659 r0=1.0000 entcoef=1.17e-03 lr=2.3e-05 seed=1
iter= 613 step=1964800 ep_ret=-767.487 opt_ret=-767.487 step_rew=-7.6749 opt_step=-7.6749 gap0=767.487 dret=+42.903 eval_ret=n/a pursuer_target_distance=3.366 capture=0.000 score=0.000 pol=-0.0001 val=0.0360 ent=1.3653 tot=+0.0164 agnorm=0.041 cgnorm=0.124 kl=0.0000 clipf=0.000 ev=+0.723 r0=1.0000 entcoef=1.16e-03 lr=2.2e-05 seed=1
iter= 614 step=1968000 ep_ret=-693.203 opt_ret=-693.203 step_rew=-6.9320 opt_step=-6.9320 gap0=693.203 dret=+117.187 eval_ret=n/a pursuer_target_distance=3.217 capture=0.000 score=0.000 pol=-0.0001 val=0.0413 ent=1.3636 tot=+0.0190 agnorm=0.030 cgnorm=0.154 kl=0.0000 clipf=0.000 ev=+0.666 r0=1.0000 entcoef=1.14e-03 lr=2.1e-05 seed=1
iter= 615 step=1971200 ep_ret=-778.004 opt_ret=-778.004 step_rew=-7.7800 opt_step=-7.7800 gap0=778.004 dret=+32.386 eval_ret=n/a pursuer_target_distance=4.095 capture=0.000 score=0.000 pol=-0.0000 val=0.0465 ent=1.3609 tot=+0.0217 agnorm=0.031 cgnorm=0.149 kl=0.0000 clipf=0.000 ev=+0.692 r0=1.0000 entcoef=1.13e-03 lr=2.0e-05 seed=1
iter= 616 step=1974400 ep_ret=-775.701 opt_ret=-775.701 step_rew=-7.7570 opt_step=-7.7570 gap0=775.701 dret=+34.688 eval_ret=n/a pursuer_target_distance=3.348 capture=0.000 score=0.000 pol=-0.0001 val=0.0519 ent=1.3497 tot=+0.0244 agnorm=0.042 cgnorm=0.117 kl=0.0000 clipf=0.000 ev=+0.629 r0=1.0000 entcoef=1.12e-03 lr=1.9e-05 seed=1
iter= 617 step=1977600 ep_ret=-771.169 opt_ret=-771.169 step_rew=-7.7117 opt_step=-7.7117 gap0=771.169 dret=+39.221 eval_ret=n/a pursuer_target_distance=4.099 capture=0.000 score=0.000 pol=-0.0000 val=0.0376 ent=1.3551 tot=+0.0173 agnorm=0.035 cgnorm=0.143 kl=0.0000 clipf=0.000 ev=+0.618 r0=1.0000 entcoef=1.10e-03 lr=1.8e-05 seed=1
iter= 618 step=1980800 ep_ret=-835.641 opt_ret=-835.641 step_rew=-8.3564 opt_step=-8.3564 gap0=835.641 dret=-25.251 eval_ret=n/a pursuer_target_distance=4.027 capture=0.000 score=0.000 pol=-0.0000 val=0.0466 ent=1.3388 tot=+0.0218 agnorm=0.022 cgnorm=0.120 kl=0.0000 clipf=0.000 ev=+0.729 r0=1.0000 entcoef=1.09e-03 lr=1.7e-05 seed=1
iter= 619 step=1984000 ep_ret=-845.946 opt_ret=-845.946 step_rew=-8.4595 opt_step=-8.4595 gap0=845.946 dret=-35.556 eval_ret=n/a pursuer_target_distance=3.891 capture=0.000 score=0.000 pol=-0.0000 val=0.0674 ent=1.3649 tot=+0.0322 agnorm=0.030 cgnorm=0.183 kl=0.0000 clipf=0.000 ev=+0.549 r0=1.0000 entcoef=1.07e-03 lr=1.6e-05 seed=1
iter= 620 step=1987200 ep_ret=-789.119 opt_ret=-789.119 step_rew=-7.8912 opt_step=-7.8912 gap0=789.119 dret=+21.270 eval_ret=-571.737 pursuer_target_distance=4.665 capture=0.000 score=0.000 pol=-0.0001 val=0.0861 ent=1.3648 tot=+0.0415 agnorm=0.051 cgnorm=0.172 kl=0.0000 clipf=0.000 ev=+0.555 r0=1.0000 entcoef=1.06e-03 lr=1.4e-05 seed=1
iter= 621 step=1990400 ep_ret=-802.611 opt_ret=-802.611 step_rew=-8.0261 opt_step=-8.0261 gap0=802.611 dret=+7.778 eval_ret=n/a pursuer_target_distance=3.303 capture=0.000 score=0.000 pol=-0.0000 val=0.0475 ent=1.3519 tot=+0.0223 agnorm=0.035 cgnorm=0.138 kl=0.0000 clipf=0.000 ev=+0.516 r0=1.0000 entcoef=1.04e-03 lr=1.3e-05 seed=1
iter= 622 step=1993600 ep_ret=-745.464 opt_ret=-745.464 step_rew=-7.4546 opt_step=-7.4546 gap0=745.464 dret=+64.925 eval_ret=n/a pursuer_target_distance=4.173 capture=0.000 score=0.000 pol=-0.0000 val=0.0691 ent=1.3603 tot=+0.0332 agnorm=0.025 cgnorm=0.162 kl=0.0000 clipf=0.000 ev=+0.640 r0=1.0000 entcoef=1.03e-03 lr=1.2e-05 seed=1
iter= 623 step=1996800 ep_ret=-774.664 opt_ret=-774.664 step_rew=-7.7466 opt_step=-7.7466 gap0=774.664 dret=+35.726 eval_ret=n/a pursuer_target_distance=3.980 capture=0.000 score=0.000 pol=-0.0000 val=0.0400 ent=1.3664 tot=+0.0186 agnorm=0.025 cgnorm=0.152 kl=0.0000 clipf=0.000 ev=+0.668 r0=1.0000 entcoef=1.01e-03 lr=1.1e-05 seed=1
iter= 624 step=2000000 ep_ret=-707.470 opt_ret=-707.470 step_rew=-7.0747 opt_step=-7.0747 gap0=707.470 dret=+102.920 eval_ret=-571.673 pursuer_target_distance=2.643 capture=0.000 score=0.000 pol=-0.0000 val=0.0423 ent=1.3680 tot=+0.0198 agnorm=0.025 cgnorm=0.147 kl=0.0000 clipf=0.000 ev=+0.599 r0=1.0000 entcoef=1.00e-03 lr=1.0e-05 seed=1
[train] Checkpoint saving disabled.
[train] Run artifacts in runs/pursuit_20260608_010951/alpha/identity/alpha1p0/seed1
[render] Skipped post-train render (mode=off).
=== done Mon Jun  8 01:13:59 EDT 2026 ===
