iter,global_step,episode_return,mean_step_reward,optimized_episode_return,optimized_mean_step_reward,reward_shift,episode_return_gap_to_zero,mean_step_reward_gap_to_zero,episode_return_delta_from_start,mean_step_reward_delta_from_start,pursuer_target_distance,capture,task_score,eval_mean_return,eval_mean_step_reward,eval_optimized_mean_return,eval_optimized_mean_step_reward,eval_mean_episode_length,eval_pursuer_target_distance,eval_capture,eval_task_score,eval_return_gap_to_zero,eval_return_delta_from_start,episodes_completed,policy_loss,value_loss,entropy,total_loss,grad_norm,actor_grad_norm,critic_grad_norm,approx_kl,clipfrac,explained_variance,mean_ratio_epoch0,entropy_coef,lr,seed,alpha,env_alpha,capture_rate,capture_c1_participation,dist_full_sight,dist_sensor_limited,marginal_c1_rate,knn_c1_sighted_frac
0,3200,-721.0957107543945,-7.2109571552276615,-721.0957107543945,-7.2109571552276615,0.0,721.0957107543945,7.2109571552276615,0.0,0.0,4.012643165588379,0.0,0.0,-813.1047828197479,-8.13104782819748,-813.1047828197479,-8.13104782819748,100.0,4.463150938749314,0.0,0.0,813.1047828197479,0.0,32,-0.0018654180633134842,0.6717432737350464,1.6056240797042847,0.31794998347759246,0.045104705914855006,0.045104705914855006,0.20302277207374572,0.0037285040190909308,0.012790624797344208,-0.4875091314315796,1.0,0.01,0.0007,0,0.75,0.75,0.0,0.0,7.004043431282043,5.202870407104492,0.0,0.931473251581192
1,6400,-740.0289888381958,-7.400289759635926,-740.0289888381958,-7.400289759635926,0.0,740.0289888381958,7.400289759635926,-18.93327808380127,-0.18933260440826416,3.868034644126892,0.0,0.0,nan,nan,nan,nan,nan,nan,nan,nan,nan,nan,64,-0.0017492236300372,0.4524722099304199,1.6034120440483093,0.20847588628530503,0.05037040747702122,0.05037040747702122,0.2523318290710449,0.0035781134640276387,0.017690625227987766,0.13360875844955444,1.0,0.009985576923076923,0.0006988942307692308,0,0.75,0.75,0.0,0.0,8.430215282440185,4.4516135597229,0.0,0.9025446850061417
2,9600,-825.433084487915,-8.254331102371216,-825.433084487915,-8.254331102371216,0.0,825.433084487915,8.254331102371216,-104.33737373352051,-1.0433739471435546,4.795236792564392,0.0,0.0,nan,nan,nan,nan,nan,nan,nan,nan,nan,nan,96,-0.0011982459363643727,0.45394356548786163,1.6027474522590637,0.20979229360818863,0.03931664321571589,0.03931664321571589,0.2912902235984802,0.0017929060610188002,0.010737499967217446,0.3483934998512268,1.0,0.009971153846153847,0.0006977884615384615,0,0.75,0.75,0.0,0.0,8.63138957977295,5.651705617904663,0.0,0.9175446885824203
3,12800,-784.8166561126709,-7.848166713714599,-784.8166561126709,-7.848166713714599,0.0,784.8166561126709,7.848166713714599,-63.72094535827637,-0.6372095584869379,4.422916288375855,0.0,0.0,nan,nan,nan,nan,nan,nan,nan,nan,nan,nan,128,-0.0010847420102159777,0.47312797605991364,1.6021738290786742,0.21952683329582215,0.036382516473531724,0.036382516473531724,0.3013899937272072,0.002138912271766685,0.006375000061234459,0.333188533782959,1.0,0.00995673076923077,0.0006966826923076923,0,0.75,0.75,0.0,0.0,7.441840496063232,5.334985103607178,0.0,0.9480804044008255
4,16000,-719.1466579437256,-7.191466641426087,-719.1466579437256,-7.191466641426087,0.0,719.1466579437256,7.191466641426087,1.9490528106689453,0.01949051380157485,4.213217258453369,0.0,0.0,nan,nan,nan,nan,nan,nan,nan,nan,nan,nan,160,-0.0010047456533186505,0.2951279699802399,1.5887973189353943,0.13076292872428893,0.034926371090114115,0.034926371090114115,0.24332363903522491,0.0025515595552863595,0.010337499901652336,0.5749002695083618,1.0,0.009942307692307693,0.0006955769230769231,0,0.75,0.75,0.0,0.0,7.13200882434845,5.352587652206421,0.0,0.9541964668035507
5,19200,-804.109167098999,-8.041091694831849,-804.109167098999,-8.041091694831849,0.0,804.109167098999,8.041091694831849,-83.01345634460449,-0.8301345396041873,4.970356502532959,0.0,0.0,nan,nan,nan,nan,nan,nan,nan,nan,nan,nan,192,-0.0008099155601286156,0.4367398709058762,1.5812664031982422,0.20186139047145843,0.030533398501574993,0.030533398501574993,0.3173371657729149,0.0019115317656545928,0.004115624996484257,0.41714638471603394,1.0,0.009927884615384616,0.0006944711538461538,0,0.75,0.75,0.0,0.0,7.6065045356750485,5.634505772590638,0.0,0.9572768294811249
6,22400,-726.2605056762695,-7.262604780197144,-726.2605056762695,-7.262604780197144,0.0,726.2605056762695,7.262604780197144,-5.164794921875,-0.051647624969482386,3.9823186945915223,0.0,0.0,nan,nan,nan,nan,nan,nan,nan,nan,nan,nan,224,-0.0011017302474243707,0.32699024081230166,1.5734017968177796,0.1467955306172371,0.04329763427376747,0.04329763427376747,0.2522256702184677,0.0026634067886338224,0.01599062487948686,0.5484131574630737,1.0,0.00991346153846154,0.0006933653846153846,0,0.75,0.75,0.0,0.0,8.161789436340332,4.64494068145752,0.0,0.9383482557535171
7,25600,-758.1377220153809,-7.581377353668213,-758.1377220153809,-7.581377353668213,0.0,758.1377220153809,7.581377353668213,-37.04201126098633,-0.3704201984405513,4.730782198905945,0.0,0.0,nan,nan,nan,nan,nan,nan,nan,nan,nan,nan,256,-0.0013277034082450178,0.29498240649700164,1.5709206342697144,0.13061289712786675,0.05242334231734276,0.05242334231734276,0.2572230875492096,0.003400518385752095,0.025234374892897905,0.5640361905097961,1.0,0.009899038461538463,0.0006922596153846154,0,0.75,0.75,0.0,0.0,8.354198451042175,5.333040733337402,0.0,0.9347321832180023
8,28800,-714.2011442184448,-7.142011752128601,-714.2011442184448,-7.142011752128601,0.0,714.2011442184448,7.142011752128601,6.894566535949707,0.06894540309906017,4.2183504486083985,0.0,0.0,nan,nan,nan,nan,nan,nan,nan,nan,nan,nan,288,-0.0007035380628423127,0.24938985258340834,1.5794373989105224,0.1083792582154274,0.03424528371542692,0.03424528371542692,0.24088094681501387,0.0021295417114747103,0.009496875014156103,0.58976149559021,1.0,0.009884615384615384,0.0006911538461538461,0,0.75,0.75,0.0,0.0,7.867461109161377,4.7311900615692135,0.0,0.9329464697837829
9,32000,-722.8596115112305,-7.228596286773682,-722.8596115112305,-7.228596286773682,0.0,722.8596115112305,7.228596286773682,-1.7639007568359375,-0.01763913154602026,4.156713907718658,0.0,0.0,nan,nan,nan,nan,nan,nan,nan,nan,nan,nan,320,-0.0010064063718076,0.2753443256020546,1.5851271748542786,0.12102024480700493,0.03826022408902645,0.03826022408902645,0.25095014125108717,0.0020539179487972636,0.007446874887682498,0.5381665229797363,1.0,0.009870192307692307,0.0006900480769230769,0,0.75,0.75,0.0,0.0,7.263325610160828,4.952833986282348,0.0,0.9380357521772384
10,35200,-613.1494960784912,-6.131495041847229,-613.1494960784912,-6.131495041847229,0.0,613.1494960784912,6.131495041847229,107.94621467590332,1.0794621133804325,3.506409537792206,0.0,0.0,nan,nan,nan,nan,nan,nan,nan,nan,nan,nan,352,-0.0009314010799748474,0.12502983585000038,1.5929275155067444,0.045883990824222565,0.03853313978761434,0.03853313978761434,0.17998783886432648,0.002274948100967213,0.009606250005890615,0.7084144353866577,1.0,0.00985576923076923,0.0006889423076923077,0,0.75,0.75,0.0,0.0,6.038520164489746,4.319768233299255,0.0,0.9371428954601287
11,38400,-740.1908712387085,-7.401908535957336,-740.1908712387085,-7.401908535957336,0.0,740.1908712387085,7.401908535957336,-19.095160484313965,-0.19095138072967455,4.6813790988922115,0.0,0.0,nan,nan,nan,nan,nan,nan,nan,nan,nan,nan,384,-0.0006729217431274747,0.30874976217746736,1.5981011986732483,0.1379744902253151,0.03154050726443529,0.03154050726443529,0.252283102273941,0.0013182948579927324,0.003609375050291419,0.5097522735595703,1.0,0.009841346153846154,0.0006878365384615384,0,0.75,0.75,0.0,0.0,7.174702477455139,5.797860460281372,0.0,0.9480804038047791
12,41600,-737.3559064865112,-7.3735591173172,-737.3559064865112,-7.3735591173172,0.0,737.3559064865112,7.3735591173172,-16.2601957321167,-0.16260196208953825,4.131544673442841,0.0,0.0,nan,nan,nan,nan,nan,nan,nan,nan,nan,nan,416,-0.0011249676053409984,0.2459680199623108,1.59597008228302,0.10617556869983673,0.05236981436610222,0.05236981436610222,0.25621547028422353,0.0021381819835372047,0.017671874910593032,0.5031975507736206,1.0,0.009826923076923077,0.0006867307692307692,0,0.75,0.75,0.0,0.0,8.283870754241944,4.676882319450378,0.0,0.8967857527732849
13,44800,-704.5363636016846,-7.0453635597229,-704.5363636016846,-7.0453635597229,0.0,704.5363636016846,7.0453635597229,16.55934715270996,0.16559359550476138,3.716637032032013,0.0,0.0,nan,nan,nan,nan,nan,nan,nan,nan,nan,nan,448,-0.0009477610829986105,0.2011325627565384,1.5934221744537354,0.08398306667804718,0.035669172182679176,0.035669172182679176,0.25673931688070295,0.0016152006141058619,0.00480000008828938,0.5756675004959106,1.0,0.0098125,0.000685625,0,0.75,0.75,0.0,0.0,7.992584095001221,4.7317643642425535,0.0,0.8809375423192978
14,48000,-764.3934669494629,-7.643934593200684,-764.3934669494629,-7.643934593200684,0.0,764.3934669494629,7.643934593200684,-43.29775619506836,-0.43297743797302246,4.382548489570618,0.0,0.0,nan,nan,nan,nan,nan,nan,nan,nan,nan,nan,480,-0.0008089654871060503,0.30277021825313566,1.5887667536735535,0.13500928357243538,0.044609378278255465,0.044609378278255465,0.3045388162136078,0.0020181438798320774,0.011353125236928463,0.63360595703125,1.0,0.009798076923076923,0.0006845192307692307,0,0.75,0.75,0.0,0.0,7.790029802322388,4.845608949661255,0.0,0.9708929055929184
15,51200,-733.374888420105,-7.333748950958252,-733.374888420105,-7.333748950958252,0.0,733.374888420105,7.333748950958252,-12.27917766571045,-0.12279179573059018,4.302570128440857,0.0,0.0,nan,nan,nan,nan,nan,nan,nan,nan,nan,nan,512,-0.0006243327256115095,0.24661382138729096,1.5911672115325928,0.10711514875292778,0.026780692115426063,0.026780692115426063,0.257725590467453,0.0016530615896047985,0.0022156250081025062,0.5696357488632202,1.0,0.009783653846153846,0.0006834134615384615,0,0.75,0.75,0.0,0.0,6.852307186126709,5.16961341381073,0.0,0.9163393300771713
16,54400,-784.0957727432251,-7.840957722663879,-784.0957727432251,-7.840957722663879,0.0,784.0957727432251,7.840957722663879,-63.000061988830566,-0.6300005674362179,4.8676413774490355,0.0,0.0,nan,nan,nan,nan,nan,nan,nan,nan,nan,nan,544,-0.0006447337132414078,0.2915895000100136,1.584269940853119,0.12967291548848153,0.029448753967881203,0.029448753967881203,0.32445150166749953,0.0010144415613471112,0.0022468749433755876,0.42778468132019043,1.0,0.00976923076923077,0.0006823076923076923,0,0.75,0.75,0.0,0.0,7.20362229347229,6.174126372337342,0.0,0.9231696951389313
17,57600,-730.1652565002441,-7.301652450561523,-730.1652565002441,-7.301652450561523,0.0,730.1652565002441,7.301652450561523,-9.06954574584961,-0.09069529533386156,4.463406410217285,0.0,0.0,nan,nan,nan,nan,nan,nan,nan,nan,nan,nan,576,-0.0007133674305833893,0.18545462787151337,1.5857590675354003,0.07654517218470573,0.03234049994498491,0.03234049994498491,0.2673362955451012,0.0009565900341844087,0.0020093749913939972,0.5776084661483765,1.0,0.009754807692307693,0.000681201923076923,0,0.75,0.75,0.0,0.0,7.818614339828491,5.188361234664917,0.0,0.9158482587337494
18,60800,-717.1079769134521,-7.171079735755921,-717.1079769134521,-7.171079735755921,0.0,717.1079769134521,7.171079735755921,3.987733840942383,0.039877419471740616,4.025539855957032,0.0,0.0,nan,nan,nan,nan,nan,nan,nan,nan,nan,nan,608,-0.000913666340790087,0.15526248514652252,1.5933084726333617,0.06119813956320286,0.03744990844279528,0.03744990844279528,0.21974359527230264,0.002135400553743551,0.008668749954085796,0.6838659048080444,1.0,0.009740384615384616,0.0006800961538461538,0,0.75,0.75,0.0,0.0,7.011228322982788,4.872332482337952,0.0,0.9417857587337494
19,64000,-712.0225419998169,-7.1202257537841795,-712.0225419998169,-7.1202257537841795,0.0,712.0225419998169,7.1202257537841795,9.073168754577637,0.09073140144348191,3.943704402446747,0.0,0.0,nan,nan,nan,nan,nan,nan,nan,nan,nan,nan,640,-0.0013997695411553934,0.1620916321873665,1.5933248043060302,0.06414943113923073,0.03739503026008606,0.03739503026008606,0.2393823094666004,0.002159998870775181,0.01092187500325963,0.5792045593261719,1.0,0.00972596153846154,0.0006789903846153847,0,0.75,0.75,0.0,0.0,8.500706815719605,4.634860591888428,0.0,0.8625893306732177
20,67200,-746.282543182373,-7.462825798988343,-746.282543182373,-7.462825798988343,0.0,746.282543182373,7.462825798988343,-25.186832427978516,-0.2518686437606812,4.107975466251373,0.0,0.0,-827.4566448926926,-8.274566448926926,-827.4566448926926,-8.274566448926926,100.0,2.8921141853928565,0.0,0.0,827.4566448926926,-14.351862072944641,672,-0.0005520721924320071,0.17400551587343216,1.5931539058685302,0.07097871005535125,0.025917464308440684,0.025917464308440684,0.2661364980041981,0.0011034963867135388,0.0007000000216066838,0.647955060005188,1.0,0.009711538461538462,0.0006778846153846154,0,0.75,0.75,0.0,0.0,8.912395648956299,4.6833334732055665,0.0,0.9531250482797623
21,70400,-755.0965528488159,-7.5509655570983885,-755.0965528488159,-7.5509655570983885,0.0,755.0965528488159,7.5509655570983885,-34.00084209442139,-0.340008401870727,3.839127097129822,0.0,0.0,nan,nan,nan,nan,nan,nan,nan,nan,nan,nan,704,-0.000767722388371439,0.16568887531757354,1.5824827075004577,0.06673119850456714,0.04894409477710724,0.04894409477710724,0.2468633309006691,0.0022053793378293777,0.00930937526281923,0.6798252463340759,1.0,0.009697115384615386,0.0006767788461538462,0,0.75,0.75,0.0,0.0,7.504877157211304,5.330594420433044,0.0,0.9464732652902603
22,73600,-763.2427501678467,-7.632427520751953,-763.2427501678467,-7.632427520751953,0.0,763.2427501678467,7.632427520751953,-42.14703941345215,-0.42147036552429196,4.096796932220459,0.0,0.0,nan,nan,nan,nan,nan,nan,nan,nan,nan,nan,736,-0.0012686409186514424,0.1875578537583351,1.5650467991828918,0.07735641933977604,0.08203513287007809,0.08203513287007809,0.2512943588197231,0.003559226178186177,0.021465624999837018,0.5643072724342346,1.0,0.009682692307692307,0.000675673076923077,0,0.75,0.75,0.0,0.0,8.126595358848572,4.852388277053833,0.0,0.9305357521772385
23,76800,-812.450192451477,-8.124501857757569,-812.450192451477,-8.124501857757569,0.0,812.450192451477,8.124501857757569,-91.35448169708252,-0.913544702529907,5.165936903953552,0.0,0.0,nan,nan,nan,nan,nan,nan,nan,nan,nan,nan,768,-0.000874143077153633,0.19915527552366258,1.568120574951172,0.0835424818098545,0.08185901828110217,0.08185901828110217,0.2785461790859699,0.004103509761626331,0.027950000297278167,0.7256487607955933,1.0,0.00966826923076923,0.0006745673076923077,0,0.75,0.75,0.0,0.0,8.290576243400574,5.9961426734924315,0.0,0.9528571891784668
24,80000,-748.9892711639404,-7.489892754554749,-748.9892711639404,-7.489892754554749,0.0,748.9892711639404,7.489892754554749,-27.8935604095459,-0.2789355993270872,4.443083624839783,0.0,0.0,nan,nan,nan,nan,nan,nan,nan,nan,nan,nan,800,-0.00032961339497106223,0.14707100614905358,1.5621385455131531,0.05812524408102036,0.024988075718283653,0.024988075718283653,0.2537987887859344,0.0015284799388613729,0.004593749938067049,0.5975508689880371,1.0,0.009653846153846153,0.0006734615384615385,0,0.75,0.75,0.0,0.0,6.686162047386169,5.763006548881531,0.0,0.9229911106824875
25,83200,-747.3546628952026,-7.473546438217163,-747.3546628952026,-7.473546438217163,0.0,747.3546628952026,7.473546438217163,-26.258952140808105,-0.26258928298950135,4.203862953186035,0.0,0.0,nan,nan,nan,nan,nan,nan,nan,nan,nan,nan,832,-0.00029118286049119036,0.12379597648978233,1.5619107365608216,0.04655088596045971,0.023859171196818352,0.023859171196818352,0.23220987617969513,0.0010815432200620072,0.0036718749906867743,0.6466354131698608,1.0,0.009639423076923077,0.0006723557692307693,0,0.75,0.75,0.0,0.0,8.148500833511353,4.83603111743927,0.0,0.9288839673995972
26,86400,-734.7123136520386,-7.3471232557296755,-734.7123136520386,-7.3471232557296755,0.0,734.7123136520386,7.3471232557296755,-13.616602897644043,-0.13616610050201405,4.303698017597198,0.0,0.0,nan,nan,nan,nan,nan,nan,nan,nan,nan,nan,864,-0.00035753112089444985,0.12980783134698867,1.5658916115760804,0.04947467744350433,0.02467800248414278,0.02467800248414278,0.24369380101561547,0.000959973081262871,0.0012249999679625034,0.5493283271789551,1.0,0.009625,0.00067125,0,0.75,0.75,0.0,0.0,8.0293598985672,4.757663922309876,0.0,0.9504911154508591
27,89600,-743.6896915435791,-7.4368966197967525,-743.6896915435791,-7.4368966197967525,0.0,743.6896915435791,7.4368966197967525,-22.59398078918457,-0.2259394645690911,4.930964531898499,0.0,0.0,nan,nan,nan,nan,nan,nan,nan,nan,nan,nan,896,-0.0009255110744270211,0.12777072563767433,1.5806087136268616,0.04776928946375847,0.05857976358383894,0.05857976358383894,0.23996439650654794,0.0023338997496470436,0.015790625239606015,0.6613278388977051,1.0,0.009610576923076923,0.0006701442307692308,0,0.75,0.75,0.0,0.0,7.2479513025283815,5.673012652397156,0.0,0.966741110086441
28,92800,-699.6195502281189,-6.996195559501648,-699.6195502281189,-6.996195559501648,0.0,699.6195502281189,6.996195559501648,21.476160526275635,0.2147615957260136,4.062462136745453,0.0,0.0,nan,nan,nan,nan,nan,nan,nan,nan,nan,nan,928,-0.0006719126373849526,0.0767368271946907,1.577895498275757,0.02255477262660861,0.0359519399702549,0.0359519399702549,0.19400829449295998,0.0015381520308441307,0.0003156250109896064,0.6498879194259644,1.0,0.009596153846153846,0.0006690384615384616,0,0.75,0.75,0.0,0.0,6.763017072677612,5.0860021734237675,0.0,0.9680357563495636
29,96000,-711.5402603149414,-7.115402641296387,-711.5402603149414,-7.115402641296387,0.0,711.5402603149414,7.115402641296387,9.555450439453125,0.09555451393127434,4.174903423786163,0.0,0.0,nan,nan,nan,nan,nan,nan,nan,nan,nan,nan,960,-0.0002045441116507618,0.12211052402853965,1.57559494972229,0.04575379192829132,0.02277850229293108,0.02277850229293108,0.2018023431301117,0.0008196850954849853,0.0,0.597480058670044,1.0,0.00958173076923077,0.0006679326923076923,0,0.75,0.75,0.0,0.0,8.183226046562195,4.6706392240524295,0.0,0.946473262310028
30,99200,-693.0299472808838,-6.930299510955811,-693.0299472808838,-6.930299510955811,0.0,693.0299472808838,6.930299510955811,28.065763473510742,0.2806576442718507,3.7985035395622253,0.0,0.0,nan,nan,nan,nan,nan,nan,nan,nan,nan,nan,992,-0.0009012051197059279,0.08480922728776932,1.5652578592300415,0.026528104953467847,0.03126000706106424,0.03126000706106424,0.20421620458364487,0.0011453505650938106,0.002543749986216426,0.6993261575698853,1.0,0.009567307692307693,0.0006668269230769231,0,0.75,0.75,0.0,0.0,6.36306631565094,4.675058436393738,0.0,0.911383973956108
31,102400,-671.1276330947876,-6.711276321411133,-671.1276330947876,-6.711276321411133,0.0,671.1276330947876,6.711276321411133,49.968077659606934,0.4996808338165284,3.392663531303406,0.0,0.0,nan,nan,nan,nan,nan,nan,nan,nan,nan,nan,1024,-0.000984700285561857,0.07098216935992241,1.5534199118614196,0.019666742905974387,0.04120843224227429,0.04120843224227429,0.1867075338959694,0.0020320672014354736,0.009853124873916385,0.7349141836166382,1.0,0.009552884615384616,0.0006657211538461539,0,0.75,0.75,0.0,0.0,7.721493721008301,3.7681131672859194,0.0,0.9495089745521545
32,105600,-646.3278408050537,-6.463278522491455,-646.3278408050537,-6.463278522491455,0.0,646.3278408050537,6.463278522491455,74.76786994934082,0.7476786327362062,3.5625324869155883,0.0,0.0,nan,nan,nan,nan,nan,nan,nan,nan,nan,nan,1056,-0.0009691553962097643,0.047971136122941974,1.5585256218910217,0.008150476217269897,0.057603316754102706,0.057603316754102706,0.16886776462197303,0.002382675840636262,0.015909374959301205,0.7797765135765076,1.0,0.009538461538461539,0.0006646153846153846,0,0.75,0.75,0.0,0.0,6.8816375207901,4.5530413722991945,0.0,0.9225446826219559
33,108800,-673.2419919967651,-6.732419781684875,-673.2419919967651,-6.732419781684875,0.0,673.2419919967651,6.732419781684875,47.853718757629395,0.47853737354278625,3.8674725532531737,0.0,0.0,nan,nan,nan,nan,nan,nan,nan,nan,nan,nan,1088,-0.00069927134205372,0.07117538079619408,1.5541903018951415,0.020086251478642226,0.03514981269836426,0.03514981269836426,0.20752049013972282,0.0019906299021390773,0.01256249995494727,0.6507920026779175,1.0,0.009524038461538462,0.0006635096153846154,0,0.75,0.75,0.0,0.0,7.224802708625793,4.3374849128723145,0.0,0.9312053912878037
34,112000,-664.1615619659424,-6.641615524291992,-664.1615619659424,-6.641615524291992,0.0,664.1615619659424,6.641615524291992,56.93414878845215,0.5693416309356696,3.5862737464904786,0.0,0.0,nan,nan,nan,nan,nan,nan,nan,nan,nan,nan,1120,-0.0011100877538204657,0.06293044835329056,1.555536675453186,0.015562580898404121,0.039103659242391585,0.039103659242391585,0.18396032974123955,0.0014933298629335179,0.0074062499217689036,0.7024679183959961,1.0,0.009509615384615385,0.0006624038461538462,0,0.75,0.75,0.0,0.0,6.473361778259277,4.9887724876403805,0.0,0.9220089769363403
35,115200,-607.8836483955383,-6.078836698532104,-607.8836483955383,-6.078836698532104,0.0,607.8836483955383,6.078836698532104,113.2120623588562,1.1321204566955574,2.8050126528739927,0.0,0.0,nan,nan,nan,nan,nan,nan,nan,nan,nan,nan,1152,-0.0007494648190537134,0.033061588369309905,1.55681813955307,0.0009990422055125236,0.0375587709248066,0.0375587709248066,0.13718531504273415,0.0017498568598971827,0.005806249962188303,0.8052664399147034,1.0,0.009495192307692309,0.0006612980769230769,0,0.75,0.75,0.0,0.0,6.152478919029236,3.5627112674713133,0.0,0.9495982605218888
36,118400,-680.2152938842773,-6.802152824401856,-680.2152938842773,-6.802152824401856,0.0,680.2152938842773,6.802152824401856,40.88041687011719,0.4088043308258058,3.702357120513916,0.0,0.0,nan,nan,nan,nan,nan,nan,nan,nan,nan,nan,1184,-0.0010031051548661906,0.0678424708545208,1.561164963245392,0.01811708640307188,0.03632254600524902,0.03632254600524902,0.17851075157523155,0.001473487668409276,0.006921874906402082,0.6378835439682007,1.0,0.00948076923076923,0.0006601923076923077,0,0.75,0.75,0.0,0.0,7.24110999584198,4.405735538005829,0.0,0.9346875381469727
37,121600,-628.2206258773804,-6.282206287384033,-628.2206258773804,-6.282206287384033,0.0,628.2206258773804,6.282206287384033,92.87508487701416,0.928750867843628,3.5749950671195982,0.0,0.0,nan,nan,nan,nan,nan,nan,nan,nan,nan,nan,1216,-0.0013289628818867528,0.040658256784081456,1.558968448638916,0.004242430347949267,0.048728111758828165,0.048728111758828165,0.1608562044799328,0.002586842384335348,0.014525000052526594,0.7562017440795898,1.0,0.009466346153846153,0.0006590865384615385,0,0.75,0.75,0.0,0.0,6.447535538673401,4.28098444223404,0.0,0.9465625423192978
38,124800,-656.673825263977,-6.566738328933716,-656.673825263977,-6.566738328933716,0.0,656.673825263977,6.566738328933716,64.42188549041748,0.6442188262939457,3.9207402801513673,0.0,0.0,nan,nan,nan,nan,nan,nan,nan,nan,nan,nan,1248,-0.0006436322009307105,0.07686474323272705,1.5589606881141662,0.023053563572466372,0.04267138317227363,0.04267138317227363,0.206326262652874,0.0018868573948570867,0.008774999994784594,0.415902316570282,1.0,0.009451923076923077,0.0006579807692307692,0,0.75,0.75,0.0,0.0,6.924582180976867,4.46293009519577,0.0,0.9086161142587662
39,128000,-687.5373134613037,-6.875373001098633,-687.5373134613037,-6.875373001098633,0.0,687.5373134613037,6.875373001098633,33.55839729309082,0.33558415412902853,3.928559432029724,0.0,0.0,nan,nan,nan,nan,nan,nan,nan,nan,nan,nan,1280,-0.0008964022637400149,0.04916420392692089,1.559366190433502,0.008969181962311269,0.04229112081229687,0.04229112081229687,0.16208866313099862,0.0023564223884027314,0.015362499514594674,0.7649451494216919,1.0,0.0094375,0.000656875,0,0.75,0.75,0.0,0.0,7.264831805229187,4.561178479194641,0.0,0.916383975148201
40,131200,-648.535315990448,-6.48535295009613,-648.535315990448,-6.48535295009613,0.0,648.535315990448,6.48535295009613,72.56039476394653,0.725604205131531,3.349719033241272,0.0,0.0,-501.57986053824425,-5.015798605382442,-501.57986053824425,-5.015798605382442,100.0,2.6698744465783237,0.0,0.0,501.57986053824425,311.5249222815037,1312,-0.000601460009420407,0.04595998227596283,1.565652644634247,0.007625265419483185,0.038215511664748195,0.038215511664748195,0.16350164487957955,0.0012046275733159717,0.004634375055320561,0.6210454106330872,1.0,0.009423076923076923,0.0006557692307692308,0,0.75,0.75,0.0,0.0,7.5572497224807735,4.144108455181122,0.0,0.93535718023777
41,134400,-605.4096717834473,-6.054096341133118,-605.4096717834473,-6.054096341133118,0.0,605.4096717834473,6.054096341133118,115.68603897094727,1.1568608140945438,3.1956821203231813,0.0,0.0,nan,nan,nan,nan,nan,nan,nan,nan,nan,nan,1344,-0.0005372396027233606,0.025275828316807747,1.5765061140060426,-0.0027321255300194027,0.03324724081903696,0.03324724081903696,0.11959216259419918,0.002173994240002175,0.008646875008707866,0.7458839416503906,1.0,0.009408653846153846,0.0006546634615384615,0,0.75,0.75,0.0,0.0,5.89977135181427,3.9599221396446227,0.0,0.9133482581377029
42,137600,-679.926347732544,-6.799263496398925,-679.926347732544,-6.799263496398925,0.0,679.926347732544,6.799263496398925,41.169363021850586,0.4116936588287361,3.1646917390823366,0.0,0.0,nan,nan,nan,nan,nan,nan,nan,nan,nan,nan,1376,-0.0005958026395937565,0.043081394769251345,1.5726659774780274,0.006170908641070128,0.02966263797134161,0.02966263797134161,0.14948832765221595,0.0017022967876987184,0.007043749804142863,0.7413524389266968,1.0,0.00939423076923077,0.0006535576923076923,0,0.75,0.75,0.0,0.0,7.755915231704712,3.988434164524078,0.0,0.9294643288850785
43,140800,-631.5752401351929,-6.315752453804016,-631.5752401351929,-6.315752453804016,0.0,631.5752401351929,6.315752453804016,89.52047061920166,0.895204701423645,3.6778474473953247,0.0,0.0,nan,nan,nan,nan,nan,nan,nan,nan,nan,nan,1408,-0.0007612449499545982,0.03666972070932388,1.575301206111908,0.0027975928969681263,0.040556184388697146,0.040556184388697146,0.12969767153263093,0.0016295847352016124,0.008943749917671084,0.7600858211517334,1.0,0.009379807692307692,0.000652451923076923,0,0.75,0.75,0.0,0.0,6.6221074199676515,4.160549931526184,0.0,0.9223661130666733
44,144000,-703.9463481903076,-7.039463262557984,-703.9463481903076,-7.039463262557984,0.0,703.9463481903076,7.039463262557984,17.149362564086914,0.17149389266967763,4.105972106456757,0.0,0.0,nan,nan,nan,nan,nan,nan,nan,nan,nan,nan,1440,-0.00089195181902042,0.04363494087010622,1.56953284740448,0.0062262402847409245,0.03705641496926546,0.03705641496926546,0.14998929351568221,0.0021607244823830716,0.01396874999627471,0.8389749526977539,1.0,0.009365384615384616,0.0006513461538461538,0,0.75,0.75,0.0,0.0,7.332585668563842,4.843864209651947,0.0,0.9206696915626525
45,147200,-607.1282529830933,-6.071282625198364,-607.1282529830933,-6.071282625198364,0.0,607.1282529830933,6.071282625198364,113.96745777130127,1.1396745300292972,3.3243135476112364,0.0,0.0,nan,nan,nan,nan,nan,nan,nan,nan,nan,nan,1472,-0.0008459605990791986,0.028808914870023728,1.5640220403671266,-0.001066612545400858,0.03417680934071541,0.03417680934071541,0.13315311968326568,0.0022750147472838846,0.010021874685480724,0.7926230430603027,1.0,0.009350961538461539,0.0006502403846153846,0,0.75,0.75,0.0,0.0,5.953049249649048,3.9370379662513733,0.0,0.9483036142587662
46,150400,-687.1258478164673,-6.871258487701416,-687.1258478164673,-6.871258487701416,0.0,687.1258478164673,6.871258487701416,33.969862937927246,0.3396986675262452,3.6179312801361085,0.0,0.0,nan,nan,nan,nan,nan,nan,nan,nan,nan,nan,1504,-0.0009010510838823649,0.048648182302713394,1.5605318903923036,0.008853074070066214,0.034599787928164004,0.034599787928164004,0.15622912161052227,0.0018107616633646927,0.014687499939464032,0.6880865097045898,1.0,0.009336538461538462,0.0006491346153846153,0,0.75,0.75,0.0,0.0,6.510283346176148,4.774519076347351,0.0,0.9559375470876694
47,153600,-640.7088193893433,-6.407088332176208,-640.7088193893433,-6.407088332176208,0.0,640.7088193893433,6.407088332176208,80.38689136505127,0.8038688230514532,3.758939039707184,0.0,0.0,nan,nan,nan,nan,nan,nan,nan,nan,nan,nan,1536,-0.0010753769136440995,0.02787565216422081,1.5641721963882447,-0.0017189441248774528,0.048877884075045584,0.048877884075045584,0.118137875944376,0.0021931611401673906,0.013381250243401154,0.8389997482299805,1.0,0.009322115384615385,0.0006480288461538461,0,0.75,0.75,0.0,0.0,6.773050689697266,4.318399202823639,0.0,0.897767899632454
48,156800,-682.9719429016113,-6.8297194814682,-682.9719429016113,-6.8297194814682,0.0,682.9719429016113,6.8297194814682,38.1237678527832,0.38123767375946116,3.469283850193024,0.0,0.0,nan,nan,nan,nan,nan,nan,nan,nan,nan,nan,1568,-0.0006591144404897165,0.03099219165742397,1.5678591966629027,0.00024382956326007843,0.03902875781059265,0.03902875781059265,0.12961022406816483,0.002146445111430208,0.010859374933352229,0.8354024887084961,1.0,0.009307692307692308,0.0006469230769230769,0,0.75,0.75,0.0,0.0,7.134109511375427,4.311309812068939,0.0,0.9456696832180023
49,160000,-638.9935841560364,-6.389936027526855,-638.9935841560364,-6.389936027526855,0.0,638.9935841560364,6.389936027526855,82.10212659835815,0.8210211277008064,3.3252506709098815,0.0,0.0,nan,nan,nan,nan,nan,nan,nan,nan,nan,nan,1600,-0.0008913013925077485,0.04370634667575359,1.5626450181007385,0.006439791154116392,0.03925673849880695,0.03925673849880695,0.17271084114909172,0.0016759255038782408,0.013246875070035458,0.5205501317977905,1.0,0.009293269230769232,0.0006458173076923076,0,0.75,0.75,0.0,0.0,6.350863909721374,4.05079713344574,0.0,0.9523214709758758
50,163200,-621.7803506851196,-6.217803449630737,-621.7803506851196,-6.217803449630737,0.0,621.7803506851196,6.217803449630737,99.3153600692749,0.9931537055969244,3.2204749011993408,0.0,0.0,nan,nan,nan,nan,nan,nan,nan,nan,nan,nan,1632,-0.0005733795842447264,0.03407925125211477,1.5551368236541747,0.002036371175199747,0.02116098329424858,0.02116098329424858,0.15531428307294845,0.0017705282058163997,0.006818749793455936,0.7002350091934204,1.0,0.009278846153846153,0.0006447115384615384,0,0.75,0.75,0.0,0.0,5.2368177843093875,4.3621281814575195,0.0,0.9033928978443145
51,166400,-638.1547250747681,-6.381547026634216,-638.1547250747681,-6.381547026634216,0.0,638.1547250747681,6.381547026634216,82.94098567962646,0.8294101285934454,3.6709052467346193,0.0,0.0,nan,nan,nan,nan,nan,nan,nan,nan,nan,nan,1664,-0.001024234413279901,0.03459546454250813,1.5514041185379028,0.0019006332382559775,0.03364944569766522,0.03364944569766522,0.12347780764102936,0.0018400238266627089,0.007215624820310041,0.7335806488990784,1.0,0.009264423076923076,0.0006436057692307693,0,0.75,0.75,0.0,0.0,7.2570451688766475,4.289949562549591,0.0,0.9092857575416565
52,169600,-646.1456851959229,-6.461456680297852,-646.1456851959229,-6.461456680297852,0.0,646.1456851959229,6.461456680297852,74.95002555847168,0.7495004749298095,3.3178044891357423,0.0,0.0,nan,nan,nan,nan,nan,nan,nan,nan,nan,nan,1696,-0.0011366685236104956,0.031160824187099933,1.537708079814911,0.00021994374692440032,0.04740997739136219,0.04740997739136219,0.12199703454971314,0.003009247240698265,0.021459375112317502,0.7363349199295044,1.0,0.00925,0.0006425,0,0.75,0.75,0.0,0.0,7.319469633102417,4.1881218957901005,0.0,0.9126786160469055
53,172800,-567.9900941848755,-5.67990095615387,-567.9900941848755,-5.67990095615387,0.0,567.9900941848755,5.67990095615387,153.10561656951904,1.5310561990737916,2.629213173389435,0.0,0.0,nan,nan,nan,nan,nan,nan,nan,nan,nan,nan,1728,-0.0010252605431480433,0.027372237667441367,1.5242000341415405,-0.0014160078950226306,0.04446834400296211,0.04446834400296211,0.12410867735743522,0.002776309785259098,0.02519062478095293,0.7927329540252686,1.0,0.009235576923076923,0.0006413942307692308,0,0.75,0.75,0.0,0.0,5.4866782617568965,3.474674038887024,0.0,0.9575000447034836
54,176000,-547.9199142456055,-5.4791994833946225,-547.9199142456055,-5.4791994833946225,0.0,547.9199142456055,5.4791994833946225,173.17579650878906,1.731757671833039,2.8755307614803316,0.0,0.0,nan,nan,nan,nan,nan,nan,nan,nan,nan,nan,1760,-0.0011577883363701358,0.04385845754295588,1.5151746153831482,0.006799781508743763,0.03881963267922402,0.03881963267922402,0.15507552176713943,0.0026239155093213955,0.018056250154040755,0.6338430643081665,1.0,0.009221153846153846,0.0006402884615384616,0,0.75,0.75,0.0,0.0,6.101563405990601,3.3434843468666076,0.0,0.8750000405311584
55,179200,-541.0979809761047,-5.410979874134064,-541.0979809761047,-5.410979874134064,0.0,541.0979809761047,5.410979874134064,179.9977297782898,1.7999772810935974,2.8025976264476777,0.0,0.0,nan,nan,nan,nan,nan,nan,nan,nan,nan,nan,1792,-0.0007954769297011666,0.02449534311890602,1.5069797158241272,-0.0024221621919423343,0.04413893036544323,0.04413893036544323,0.10127756670117379,0.001351246679406096,0.011399999936111271,0.7932219505310059,1.0,0.00920673076923077,0.0006391826923076923,0,0.75,0.75,0.0,0.0,5.830736231803894,3.4138256406784055,0.0,0.9201339745521545
56,182400,-512.3599071502686,-5.123599188327789,-512.3599071502686,-5.123599188327789,0.0,512.3599071502686,5.123599188327789,208.73580360412598,2.087357966899872,2.666248207092285,0.0,0.0,nan,nan,nan,nan,nan,nan,nan,nan,nan,nan,1824,-0.0011325217839563083,0.027645667269825935,1.493061864376068,-0.0010343718342483044,0.04431648254394531,0.04431648254394531,0.10772787928581237,0.0021024029258121064,0.012603124947054312,0.8387472629547119,1.0,0.009192307692307692,0.0006380769230769231,0,0.75,0.75,0.0,0.0,5.867672467231751,3.4141573452949525,0.0,0.9040625387430191
57,185600,-576.394021987915,-5.7639401197433475,-576.394021987915,-5.7639401197433475,0.0,576.394021987915,5.7639401197433475,144.7016887664795,1.447017035484314,3.096968152523041,0.0,0.0,nan,nan,nan,nan,nan,nan,nan,nan,nan,nan,1856,-0.0012980720667401303,0.026457636803388595,1.4915774703025817,-0.0017587803304195404,0.05825119689106941,0.05825119689106941,0.1064994428306818,0.0030253941789858173,0.02652187468338525,0.67802894115448,1.0,0.009177884615384616,0.0006369711538461539,0,0.75,0.75,0.0,0.0,7.00146915435791,3.746365797519684,0.0,0.9138839745521545
58,188800,-574.6220002174377,-5.746220083236694,-574.6220002174377,-5.746220083236694,0.0,574.6220002174377,5.746220083236694,146.4737105369568,1.4647370719909674,2.9571571254730227,0.0,0.0,nan,nan,nan,nan,nan,nan,nan,nan,nan,nan,1888,-0.0009107804546831133,0.03189309388399124,1.4715516805648803,0.0015512592159211635,0.027881317399442197,0.027881317399442197,0.11320181265473366,0.001996334309661298,0.005946875037625432,0.6766886711120605,1.0,0.009163461538461539,0.0006358653846153846,0,0.75,0.75,0.0,0.0,5.740289425849914,3.8468520641326904,0.0,0.9241964668035507
59,192000,-512.9086952209473,-5.129087042808533,-512.9086952209473,-5.129087042808533,0.0,512.9086952209473,5.129087042808533,208.18701553344727,2.0818701124191286,2.9381159353256225,0.0,0.0,nan,nan,nan,nan,nan,nan,nan,nan,nan,nan,1920,-0.000754421628720614,0.03540786243975162,1.462499988079071,0.0035690413787961006,0.029534983448684216,0.029534983448684216,0.12420912086963654,0.0017735973968235816,0.005381250102072954,0.7130645513534546,1.0,0.009149038461538462,0.0006347596153846154,0,0.75,0.75,0.0,0.0,5.0739454174041745,3.492986822128296,0.0,0.941741116642952
60,195200,-585.3064765930176,-5.853064661026001,-585.3064765930176,-5.853064661026001,0.0,585.3064765930176,5.853064661026001,135.78923416137695,1.3578924942016606,3.0045300793647765,0.0,0.0,-350.54133129119873,-3.5054133129119873,-350.54133129119873,-3.5054133129119873,100.0,1.723285536393523,0.0,0.0,350.54133129119873,462.5634515285492,1952,-0.001114987368090059,0.03207674380391836,1.4560449957847594,0.001622973196208477,0.04245523922145367,0.04245523922145367,0.08995023667812348,0.0025453189686238985,0.016190625075250865,0.72989821434021,1.0,0.009134615384615385,0.0006336538461538462,0,0.75,0.75,0.0,0.0,6.497635955810547,3.6048263359069823,0.0,0.9528571879863739
61,198400,-496.27122354507446,-4.962712428569794,-496.27122354507446,-4.962712428569794,0.0,496.27122354507446,4.962712428569794,224.82448720932007,2.248244726657868,2.5808235132694244,0.0,0.0,nan,nan,nan,nan,nan,nan,nan,nan,nan,nan,1984,-0.0012073351025465584,0.029274247214198114,1.4462397694587708,0.00023980354890227318,0.05710318386554718,0.05710318386554718,0.10085062459111213,0.0027189063228440975,0.020871874870499595,0.7418599128723145,1.0,0.009120192307692308,0.0006325480769230769,0,0.75,0.75,0.0,0.0,4.714175469875336,3.21457421541214,0.0,0.9549107575416564
62,201600,-516.9747905731201,-5.169747688770294,-516.9747905731201,-5.169747688770294,0.0,516.9747905731201,5.169747688770294,204.1209201812744,2.0412094664573672,2.6043178820610047,0.0,0.0,nan,nan,nan,nan,nan,nan,nan,nan,nan,nan,2016,-0.0009861977569087799,0.0342158293351531,1.4449573516845704,0.002964269183576107,0.04201072510331869,0.04201072510331869,0.11419022679328919,0.002594973010128172,0.02184374975040555,0.7039809823036194,1.0,0.009105769230769232,0.0006314423076923077,0,0.75,0.75,0.0,0.0,5.189455337524414,3.1998216032981874,0.0,0.9726786184310913
63,204800,-480.27358531951904,-4.802736005783081,-480.27358531951904,-4.802736005783081,0.0,480.27358531951904,4.802736005783081,240.8221254348755,2.4082211494445804,2.628957974910736,0.0,0.0,nan,nan,nan,nan,nan,nan,nan,nan,nan,nan,2048,-0.0010927754396572453,0.0353498749434948,1.4620665431022644,0.0032900085672736166,0.039384253323078156,0.039384253323078156,0.1029341995716095,0.0022240930520645423,0.015159374731592835,0.7294980883598328,1.0,0.009091346153846155,0.0006303365384615385,0,0.75,0.75,0.0,0.0,5.388099317550659,2.9735140085220335,0.0,0.889955398440361
64,208000,-540.1736822128296,-5.401736795902252,-540.1736822128296,-5.401736795902252,0.0,540.1736822128296,5.401736795902252,180.92202854156494,1.8092203593254093,2.847359249591827,0.0,0.0,nan,nan,nan,nan,nan,nan,nan,nan,nan,nan,2080,-0.001004553692555099,0.03916174285113812,1.4763203978538513,0.00517587112262845,0.05479000434279442,0.05479000434279442,0.09743660762906074,0.003048974792182646,0.02544687516056001,0.6050132513046265,1.0,0.009076923076923076,0.0006292307692307692,0,0.75,0.75,0.0,0.0,5.010721070766449,3.9141502499580385,0.0,0.9220536130666733
65,211200,-519.1772298812866,-5.191772060394287,-519.1772298812866,-5.191772060394287,0.0,519.1772298812866,5.191772060394287,201.9184808731079,2.0191850948333743,2.6383601987361907,0.0,0.0,nan,nan,nan,nan,nan,nan,nan,nan,nan,nan,2112,-0.0008436892994504675,0.04863320104777813,1.4884741187095643,0.009983615018427372,0.03473880253732205,0.03473880253732205,0.12395786121487617,0.0018797204655135874,0.010278125037439167,0.5433601140975952,1.0,0.0090625,0.000628125,0,0.75,0.75,0.0,0.0,5.1794049000740054,3.536409180164337,0.0,0.9111161208152772
66,214400,-571.3239040374756,-5.713238635063171,-571.3239040374756,-5.713238635063171,0.0,571.3239040374756,5.713238635063171,149.77180671691895,1.49771852016449,2.816524176597595,0.0,0.0,nan,nan,nan,nan,nan,nan,nan,nan,nan,nan,2144,-0.000533800994472422,0.029370958730578423,1.4972506046295166,0.0006044390611350536,0.029626025818288326,0.029626025818288326,0.09161174818873405,0.0012946947405004933,0.007590625050943345,0.6102874875068665,1.0,0.009048076923076923,0.0006270192307692308,0,0.75,0.75,0.0,0.0,7.12557430267334,3.1613901615142823,0.0,0.9154464793205261
67,217600,-599.979663848877,-5.9997964859008786,-599.979663848877,-5.9997964859008786,0.0,599.979663848877,5.9997964859008786,121.11604690551758,1.211160669326783,3.1060848021507264,0.0,0.0,nan,nan,nan,nan,nan,nan,nan,nan,nan,nan,2176,-0.0010564904970000511,0.022404751926660537,1.5079907774925232,-0.0034767812583595516,0.03987502306699753,0.03987502306699753,0.08118675798177719,0.001977249408810798,0.009746875113341958,0.7368561625480652,1.0,0.009033653846153846,0.0006259134615384615,0,0.75,0.75,0.0,0.0,6.763821473121643,3.6280882930755616,0.0,0.9456250435113907
68,220800,-669.5436372756958,-6.695435829162598,-669.5436372756958,-6.695435829162598,0.0,669.5436372756958,6.695435829162598,51.55207347869873,0.5155213260650635,3.5274982953071596,0.0,0.0,nan,nan,nan,nan,nan,nan,nan,nan,nan,nan,2208,-0.0010089827102725212,0.03760773316025734,1.5173486948013306,0.004109566193073988,0.03979184478521347,0.03979184478521347,0.10214427411556244,0.0030626736799610364,0.013290624623186887,0.49591636657714844,1.0,0.009019230769230769,0.0006248076923076923,0,0.75,0.75,0.0,0.0,7.228453640937805,4.034689586162568,0.0,0.9596875381469726
69,224000,-582.772566318512,-5.827725486755371,-582.772566318512,-5.827725486755371,0.0,582.772566318512,5.827725486755371,138.32314443588257,1.3832316684722903,3.0683296847343446,0.0,0.0,nan,nan,nan,nan,nan,nan,nan,nan,nan,nan,2240,-0.0008683116841653682,0.02916523441672325,1.522582459449768,3.742985427379608e-06,0.029019571654498578,0.029019571654498578,0.10305340252816678,0.0019432821602100806,0.008806250197812915,0.6598426103591919,1.0,0.009004807692307692,0.0006237019230769231,0,0.75,0.75,0.0,0.0,6.484413900375366,3.81332971572876,0.0,0.904017893075943
70,227200,-615.3920316696167,-6.153920378684997,-615.3920316696167,-6.153920378684997,0.0,615.3920316696167,6.153920378684997,105.70367908477783,1.057036776542664,3.2552248883247374,0.0,0.0,nan,nan,nan,nan,nan,nan,nan,nan,nan,nan,2272,-0.0012255234920768743,0.0354892073199153,1.5088886618614197,0.0029535906389355658,0.060151757299900056,0.060151757299900056,0.09741393774747849,0.0029075981728971414,0.022946874954141095,0.5952361822128296,1.0,0.008990384615384615,0.0006225961538461538,0,0.75,0.75,0.0,0.0,6.58669599533081,3.9546688866615294,0.0,0.9556250387430191
71,230400,-627.2376976013184,-6.272377014160156,-627.2376976013184,-6.272377014160156,0.0,627.2376976013184,6.272377014160156,93.85801315307617,0.9385801410675052,3.598853096961975,0.0,0.0,nan,nan,nan,nan,nan,nan,nan,nan,nan,nan,2304,-0.0006293381405295895,0.033224504068493844,1.4998033881187438,0.0025207368656992913,0.036695940978825094,0.036695940978825094,0.09826267771422863,0.002740760397865143,0.012024999846471474,0.5836977958679199,1.0,0.008975961538461539,0.0006214903846153846,0,0.75,0.75,0.0,0.0,6.045307264328003,4.26590521812439,0.0,0.8935268241167068
72,233600,-536.2120704650879,-5.362120456695557,-536.2120704650879,-5.362120456695557,0.0,536.2120704650879,5.362120456695557,184.88364028930664,1.8488366985321045,2.8099307119846344,0.0,0.0,nan,nan,nan,nan,nan,nan,nan,nan,nan,nan,2336,-0.0009766457790449934,0.021577273681759834,1.511689555644989,-0.003735073423013091,0.042061926797032356,0.042061926797032356,0.07264278046786785,0.0019887187576393397,0.009934374981094151,0.7443119883537292,1.0,0.008961538461538462,0.0006203846153846154,0,0.75,0.75,0.0,0.0,6.520617756843567,3.154377715587616,0.0,0.9128571856021881
73,236800,-525.3059024810791,-5.25305902004242,-525.3059024810791,-5.25305902004242,0.0,525.3059024810791,5.25305902004242,195.78980827331543,1.9578981351852418,2.621498522758484,0.0,0.0,nan,nan,nan,nan,nan,nan,nan,nan,nan,nan,2368,-0.0008297916097550484,0.02349854204803705,1.5017271161079406,-0.0025166464038193226,0.04903281591832638,0.04903281591832638,0.0794066235423088,0.0017600768136623757,0.010837499902117997,0.8001581430435181,1.0,0.008947115384615385,0.0006192788461538461,0,0.75,0.75,0.0,0.0,5.244797956943512,3.6861213517189024,0.0,0.9575893247127533
74,240000,-591.9681491851807,-5.919681334495545,-591.9681491851807,-5.919681334495545,0.0,591.9681491851807,5.919681334495545,129.12756156921387,1.2912758207321167,3.2306395030021666,0.0,0.0,nan,nan,nan,nan,nan,nan,nan,nan,nan,nan,2400,-0.0011675421526888385,0.02072291197255254,1.5184284925460816,-0.004369740234687924,0.052011410146951674,0.052011410146951674,0.07653548903763294,0.0024249923502799578,0.016325000242795797,0.7824977040290833,1.0,0.008932692307692308,0.0006181730769230769,0,0.75,0.75,0.0,0.0,5.747475352287292,3.873919622898102,0.0,0.9433928936719894
75,243200,-576.2629318237305,-5.76262933254242,-576.2629318237305,-5.76262933254242,0.0,576.2629318237305,5.76262933254242,144.83277893066406,1.4483278226852416,3.043472640514374,0.0,0.0,nan,nan,nan,nan,nan,nan,nan,nan,nan,nan,2432,-0.000663331430612013,0.028991535864770414,1.5067443370819091,0.0003948843106627464,0.033259312622249126,0.033259312622249126,0.08743825107812882,0.0015234203994629622,0.004278125008568168,0.5864764451980591,1.0,0.008918269230769231,0.0006170673076923077,0,0.75,0.75,0.0,0.0,5.720391683578491,4.132628495693207,0.0,0.883080403804779
76,246400,-571.421847820282,-5.714218463897705,-571.421847820282,-5.714218463897705,0.0,571.421847820282,5.714218463897705,149.67386293411255,1.4967386913299565,3.0137321066856386,0.0,0.0,nan,nan,nan,nan,nan,nan,nan,nan,nan,nan,2464,-0.0006219749344021253,0.031602044217288495,1.5050477981567383,0.0017783330753445626,0.03944294787943363,0.03944294787943363,0.09266612343490124,0.0015952415364160581,0.0064999998547136785,0.5404800176620483,1.0,0.008903846153846155,0.0006159615384615384,0,0.75,0.75,0.0,0.0,5.85489824295044,3.8990495824813842,0.0,0.9005357575416565
77,249600,-559.8149919509888,-5.598149981498718,-559.8149919509888,-5.598149981498718,0.0,559.8149919509888,5.598149981498718,161.28071880340576,1.6128071737289433,2.8419488000869753,0.0,0.0,nan,nan,nan,nan,nan,nan,nan,nan,nan,nan,2496,-0.0007667571384979866,0.026586288586258888,1.4943153500556945,-0.0007572139613330365,0.04068857058882713,0.04068857058882713,0.07785586304962636,0.0013223661255331112,0.007759375066962093,0.651043176651001,1.0,0.008889423076923076,0.0006148557692307692,0,0.75,0.75,0.0,0.0,6.046874670982361,3.527842481136322,0.0,0.9343750345706939
78,252800,-612.5470123291016,-6.125470209121704,-612.5470123291016,-6.125470209121704,0.0,612.5470123291016,6.125470209121704,108.54869842529297,1.0854869461059575,3.163297300338745,0.0,0.0,nan,nan,nan,nan,nan,nan,nan,nan,nan,nan,2528,-0.001118117167346644,0.03577291239053011,1.4996311783790588,0.0034591121599078178,0.04282041676342487,0.04282041676342487,0.08293754234910011,0.0022482584921824623,0.0134968749480322,0.5295113325119019,1.0,0.008875000000000001,0.00061375,0,0.75,0.75,0.0,0.0,7.240662140846252,3.916523160934448,0.0,0.9337053996324539
79,256000,-616.8740677833557,-6.1687407875061036,-616.8740677833557,-6.1687407875061036,0.0,616.8740677833557,6.1687407875061036,104.22164297103882,1.042216367721558,3.4430766034126283,0.0,0.0,nan,nan,nan,nan,nan,nan,nan,nan,nan,nan,2560,-0.000914751227851962,0.039548012614250186,1.4954375982284547,0.005608815234154463,0.03617666065692902,0.03617666065692902,0.09526025503873825,0.0024847981287173197,0.01752499978756532,0.5273846983909607,1.0,0.008860576923076922,0.0006126442307692307,0,0.75,0.75,0.0,0.0,5.7902058982849125,4.444399154186248,0.0,0.9186161190271378
80,259200,-676.1597366333008,-6.761597518920898,-676.1597366333008,-6.761597518920898,0.0,676.1597366333008,6.761597518920898,44.93597412109375,0.4493596363067631,3.2686400961875917,0.0,0.0,-679.3163232803345,-6.793163232803344,-679.3163232803345,-6.793163232803344,100.0,4.238779750466347,0.0,0.0,679.3163232803345,133.78845953941345,2592,-0.0007175995429628656,0.029187576100230216,1.5006542563438416,0.000601170677691698,0.03802363947033882,0.03802363947033882,0.08145269863307476,0.00208673849047111,0.010865624863072298,0.6207402944564819,1.0,0.008846153846153846,0.0006115384615384615,0,0.75,0.75,0.0,0.0,8.355350909233094,3.8955434131622315,0.0,0.8731696873903274
81,262400,-599.681667804718,-5.9968166303634645,-599.681667804718,-5.9968166303634645,0.0,599.681667804718,5.9968166303634645,121.41404294967651,1.214140524864197,3.0800467491149903,0.0,0.0,nan,nan,nan,nan,nan,nan,nan,nan,nan,nan,2624,-0.0009171264356876207,0.021858241595327853,1.4799080729484557,-0.0030581558123230932,0.040815384685993196,0.040815384685993196,0.07596181631088257,0.0024880657001638004,0.01262812498025596,0.7242052555084229,1.0,0.008831730769230769,0.0006104326923076922,0,0.75,0.75,0.0,0.0,5.798897657394409,3.783775691986084,0.0,0.9248214757442474
82,265600,-590.6248750686646,-5.90624888420105,-590.6248750686646,-5.90624888420105,0.0,590.6248750686646,5.90624888420105,130.47083568572998,1.3047082710266116,2.882674586772919,0.0,0.0,nan,nan,nan,nan,nan,nan,nan,nan,nan,nan,2656,-0.001044373194035142,0.03435117155313492,1.4727228045463563,0.003145762346684933,0.03904091939330101,0.03904091939330101,0.10154474340379238,0.002092813179479669,0.012768750067334623,0.3758164048194885,1.0,0.008817307692307692,0.000609326923076923,0,0.75,0.75,0.0,0.0,7.284704999923706,3.3334142351150513,0.0,0.9444196873903274
83,268800,-531.1052865982056,-5.311053018569947,-531.1052865982056,-5.311053018569947,0.0,531.1052865982056,5.311053018569947,189.99042415618896,1.8999041366577147,2.93704206943512,0.0,0.0,nan,nan,nan,nan,nan,nan,nan,nan,nan,nan,2688,-0.0013997145220521646,0.019803908839821815,1.449447798728943,-0.004257081355899572,0.055205362290143965,0.055205362290143965,0.06813830696046352,0.0026455524526689004,0.024553124848171137,0.734862208366394,1.0,0.008802884615384615,0.0006082211538461539,0,0.75,0.75,0.0,0.0,5.953809442520142,3.4086081647872923,0.0,0.9036607599258423
84,272000,-602.6806869506836,-6.0268071842193605,-602.6806869506836,-6.0268071842193605,0.0,602.6806869506836,6.0268071842193605,118.41502380371094,1.184149971008301,3.098260216712952,0.0,0.0,nan,nan,nan,nan,nan,nan,nan,nan,nan,nan,2720,-0.0005873132312474105,0.02528085894882679,1.457203459739685,-0.0007534605450928211,0.035594503954052926,0.035594503954052926,0.07537470795214177,0.0015661322831882394,0.005499999941093847,0.7177473306655884,1.0,0.008788461538461538,0.0006071153846153847,0,0.75,0.75,0.0,0.0,5.335879755020142,4.215582654476166,0.0,0.9391964709758759
85,275200,-583.1355581283569,-5.831355681419373,-583.1355581283569,-5.831355681419373,0.0,583.1355581283569,5.831355681419373,137.9601526260376,1.3796014738082887,3.1744632172584533,0.0,0.0,nan,nan,nan,nan,nan,nan,nan,nan,nan,nan,2752,-0.0010690164698288207,0.02255734782665968,1.4570782423019408,-0.0025748029816895722,0.05279723349958658,0.05279723349958658,0.07513097785413266,0.002352671570407243,0.01670937539602164,0.7128441333770752,1.0,0.008774038461538462,0.0006060096153846154,0,0.75,0.75,0.0,0.0,6.278687176704406,3.6918385672569274,0.0,0.9209375458955765
86,278400,-630.5730743408203,-6.305730662345886,-630.5730743408203,-6.305730662345886,0.0,630.5730743408203,6.305730662345886,90.52263641357422,0.9052264928817753,3.6381879663467407,0.0,0.0,nan,nan,nan,nan,nan,nan,nan,nan,nan,nan,2784,-0.0013008091703174073,0.03377311285585165,1.4457491993904115,0.002921541128307581,0.0473982822149992,0.0473982822149992,0.07641741037368774,0.0030046297048109943,0.02410312476567924,0.6700375080108643,1.0,0.008759615384615385,0.0006049038461538462,0,0.75,0.75,0.0,0.0,6.762360534667969,4.396656560897827,0.0,0.9435268300771713
87,281600,-499.6873354911804,-4.996873517036438,-499.6873354911804,-4.996873517036438,0.0,499.6873354911804,4.996873517036438,221.4083752632141,2.214083638191224,2.559768354892731,0.0,0.0,nan,nan,nan,nan,nan,nan,nan,nan,nan,nan,2816,-0.0007835382319054673,0.031005875393748283,1.4740718722343444,0.0018283570185303687,0.03431775495409965,0.03431775495409965,0.08523897044360637,0.0016756813543914082,0.006559374921198469,0.7187367081642151,1.0,0.008745192307692308,0.0006037980769230769,0,0.75,0.75,0.0,0.0,5.588458495140076,3.0622506666183473,0.0,0.918883975148201
88,284800,-622.9266633987427,-6.229266419410705,-622.9266633987427,-6.229266419410705,0.0,622.9266633987427,6.229266419410705,98.16904735565186,0.9816907358169562,3.391837933063507,0.0,0.0,nan,nan,nan,nan,nan,nan,nan,nan,nan,nan,2848,-0.0011579124344279989,0.03433827739208937,1.4768359303474425,0.0031173123978078367,0.05027074292302132,0.05027074292302132,0.08678333349525928,0.0023236933746382115,0.014593750075437128,0.690894365310669,1.0,0.008730769230769231,0.0006026923076923077,0,0.75,0.75,0.0,0.0,7.034890837669373,4.078334486484527,0.0,0.8995536023378372
89,288000,-536.5229454040527,-5.365229110717774,-536.5229454040527,-5.365229110717774,0.0,536.5229454040527,5.365229110717774,184.5727653503418,1.8457280445098876,3.043719531297684,0.0,0.0,nan,nan,nan,nan,nan,nan,nan,nan,nan,nan,2880,-0.0010229331576847578,0.03160176984965801,1.478889811038971,0.001887437142431736,0.04706142246723175,0.04706142246723175,0.076786457747221,0.0022513607131266064,0.01775625000009313,0.6950722932815552,1.0,0.008716346153846154,0.0006015865384615385,0,0.75,0.75,0.0,0.0,6.551643939018249,3.285014758110046,0.0,0.932633964419365
90,291200,-451.06499099731445,-4.510649750232696,-451.06499099731445,-4.510649750232696,0.0,451.06499099731445,4.510649750232696,270.0307197570801,2.700307404994965,2.0547118973731995,0.0,0.0,nan,nan,nan,nan,nan,nan,nan,nan,nan,nan,2912,-0.001082975592009916,0.0300300819799304,1.4810691475868225,0.0010439150966703892,0.047614116221666336,0.047614116221666336,0.09252717718482018,0.0018839143478551624,0.014084374997764826,0.7438046336174011,1.0,0.008701923076923078,0.0006004807692307693,0,0.75,0.75,0.0,0.0,5.505356838703156,2.3907849085330963,0.0,0.9398214691877365
91,294400,-519.5340857505798,-5.195340864658355,-519.5340857505798,-5.195340864658355,0.0,519.5340857505798,5.195340864658355,201.5616250038147,2.015616290569306,2.497940365076065,0.0,0.0,nan,nan,nan,nan,nan,nan,nan,nan,nan,nan,2944,-0.0011101605962496209,0.03022018224000931,1.4799614429473877,0.0011427657678723334,0.04774490669369698,0.04774490669369698,0.07762495540082455,0.0023899348656421294,0.014259374936227687,0.6281177401542664,1.0,0.0086875,0.000599375,0,0.75,0.75,0.0,0.0,4.778261923789978,3.223099865913391,0.0,0.9749554014205932
92,297600,-568.9010992050171,-5.689010863304138,-568.9010992050171,-5.689010863304138,0.0,568.9010992050171,5.689010863304138,152.19461154937744,1.5219462919235234,2.416059069633484,0.0,0.0,nan,nan,nan,nan,nan,nan,nan,nan,nan,nan,2976,-0.0007317874828004278,0.04136318527162075,1.4763267874717712,0.0071455096825957295,0.03126086909323931,0.03126086909323931,0.09900654330849648,0.0017019206810808228,0.006359375099418685,0.5920047760009766,1.0,0.008673076923076922,0.0005982692307692308,0,0.75,0.75,0.0,0.0,5.791069741249085,3.2164499592781066,0.0,0.971205398440361
93,300800,-551.2109274864197,-5.512109122276306,-551.2109274864197,-5.512109122276306,0.0,551.2109274864197,5.512109122276306,169.88478326797485,1.6988480329513553,2.785303784608841,0.0,0.0,nan,nan,nan,nan,nan,nan,nan,nan,nan,nan,3008,-0.0007018766161810853,0.03658412322402001,1.479246199131012,0.004781904071569443,0.037601776979863645,0.037601776979863645,0.0825682993978262,0.0016464179294423704,0.009321875148452818,0.6163454055786133,1.0,0.008658653846153847,0.0005971634615384616,0,0.75,0.75,0.0,0.0,5.624828548431396,3.5411032962799074,0.0,0.9625893259048461
94,304000,-504.4970955848694,-5.044970905780792,-504.4970955848694,-5.044970905780792,0.0,504.4970955848694,5.044970905780792,216.59861516952515,2.1659862494468696,2.2781210577487947,0.0,0.0,nan,nan,nan,nan,nan,nan,nan,nan,nan,nan,3040,-0.0006950239125988134,0.03327819276601076,1.4831360697746276,0.0031235020607709883,0.02899393457919359,0.02899393457919359,0.08443260937929153,0.0015373207788805202,0.0050281249801628295,0.7223541140556335,1.0,0.008644230769230769,0.0005960576923076923,0,0.75,0.75,0.0,0.0,4.80866729259491,3.058584352731705,0.0,0.9460714703798294
95,307200,-464.6863489151001,-4.646863539218902,-464.6863489151001,-4.646863539218902,0.0,464.6863489151001,4.646863539218902,256.40936183929443,2.5640936160087593,2.3378673398494723,0.0,0.0,nan,nan,nan,nan,nan,nan,nan,nan,nan,nan,3072,-0.0010512262632719426,0.031986982375383374,1.4782912850379943,0.0021848959848284723,0.04592338502407074,0.04592338502407074,0.07458715848624706,0.002208957800394987,0.0160906249191612,0.7009152770042419,1.0,0.008629807692307692,0.0005949519230769231,0,0.75,0.75,0.0,0.0,5.177026340961456,2.797268444299698,0.0,0.9337946891784668
96,310400,-464.9851350784302,-4.649851207733154,-464.9851350784302,-4.649851207733154,0.0,464.9851350784302,4.649851207733154,256.11057567596436,2.5611059474945073,2.3798077797889707,0.0,0.0,nan,nan,nan,nan,nan,nan,nan,nan,nan,nan,3104,-0.0009318818631292913,0.039618955552577974,1.4739216923713685,0.006179193593561649,0.044021749123930934,0.044021749123930934,0.0758766733109951,0.0022780013860036015,0.01538437522831373,0.6298527717590332,1.0,0.008615384615384615,0.0005938461538461538,0,0.75,0.75,0.0,0.0,4.23071079492569,3.055695780515671,0.0,0.9458036178350449
97,313600,-552.7681555747986,-5.527681727409362,-552.7681555747986,-5.527681727409362,0.0,552.7681555747986,5.527681727409362,168.32755517959595,1.683275427818299,3.1068996000289917,0.0,0.0,nan,nan,nan,nan,nan,nan,nan,nan,nan,nan,3136,-0.0005872188971697944,0.04440372511744499,1.4817429304122924,0.008870230056345463,0.038943877816200255,0.038943877816200255,0.08501917272806167,0.0017523612896191442,0.009028125168697443,0.6088738441467285,1.0,0.008600961538461538,0.0005927403846153846,0,0.75,0.75,0.0,0.0,5.983477358818054,3.671651990413666,0.0,0.932321475148201
98,316800,-491.07744312286377,-4.910774440765381,-491.07744312286377,-4.910774440765381,0.0,491.07744312286377,4.910774440765381,230.01826763153076,2.300182714462281,2.4876510107517245,0.0,0.0,nan,nan,nan,nan,nan,nan,nan,nan,nan,nan,3168,-0.0008520282146433189,0.03774560987949371,1.488413941860199,0.0052404537796974186,0.037187710776925086,0.037187710776925086,0.09404402822256089,0.001108556582040188,0.004824999975971878,0.4990912675857544,1.0,0.008586538461538461,0.0005916346153846154,0,0.75,0.75,0.0,0.0,4.704543571472168,3.055188337564468,0.0,0.9329911148548127
99,320000,-478.45152139663696,-4.784515039920807,-478.45152139663696,-4.784515039920807,0.0,478.45152139663696,4.784515039920807,242.64418935775757,2.4264421153068545,2.5729906368255615,0.0,0.0,nan,nan,nan,nan,nan,nan,nan,nan,nan,nan,3200,-0.0005713965709844615,0.06312156543135643,1.4950327277183533,0.01817379230633378,0.026588908582925796,0.026588908582925796,0.10011066049337387,0.001730021872936752,0.0033062499249354007,0.5901344418525696,1.0,0.008572115384615385,0.0005905288461538462,0,0.75,0.75,0.0,0.0,5.525655262470245,2.939436182975769,0.0,0.9366518235206605
100,323200,-495.3441677093506,-4.953441932201385,-495.3441677093506,-4.953441932201385,0.0,495.3441677093506,4.953441932201385,225.75154304504395,2.2575152230262763,2.464878786802292,0.0,0.0,-344.8192769885063,-3.448192769885063,-344.8192769885063,-3.448192769885063,100.0,1.8075513117015363,0.0,0.0,344.8192769885063,468.2855058312416,3232,-0.0009655957305803042,0.044423535093665124,1.4803128361701965,0.00857811039313674,0.03679830487817526,0.03679830487817526,0.08498788625001907,0.001793982981690321,0.012700000125914813,0.6175104379653931,1.0,0.008557692307692308,0.0005894230769230769,0,0.75,0.75,0.0,0.0,5.632141332626343,2.8989678192138673,0.0,0.9081696844100953
101,326400,-481.2854914665222,-4.812855036258697,-481.2854914665222,-4.812855036258697,0.0,481.2854914665222,4.812855036258697,239.81021928787231,2.398102118968964,1.929466804265976,0.0,0.0,nan,nan,nan,nan,nan,nan,nan,nan,nan,nan,3264,-0.001203657760331467,0.03525159377604723,1.479642391204834,0.0037811562418937684,0.05166129544377327,0.05166129544377327,0.07923973761498929,0.00319619430883976,0.024487499520182608,0.7136403918266296,1.0,0.008543269230769231,0.0005883173076923077,0,0.75,0.75,0.0,0.0,4.502253041267395,3.462370377779007,0.0,0.9093304014205933
102,329600,-471.75342750549316,-4.717534329891205,-471.75342750549316,-4.717534329891205,0.0,471.75342750549316,4.717534329891205,249.34228324890137,2.4934228253364568,2.69893074631691,0.001875,0.0005069032454492342,nan,nan,nan,nan,nan,nan,nan,nan,nan,nan,3296,-0.0010232064608484582,0.04958581142127514,1.474766457080841,0.011191642656922341,0.0495381485670805,0.0495381485670805,0.09158652052283286,0.003361635499459948,0.028559375554323196,0.5966046452522278,1.0,0.008528846153846154,0.0005872115384615384,0,0.75,0.75,0.03125,0.001875,5.200317995548248,3.1405305421352385,0.001875,0.9209821885824203
103,332800,-484.3830873966217,-4.843830862045288,-484.3830873966217,-4.843830862045288,0.0,484.3830873966217,4.843830862045288,236.71262335777283,2.3671262931823733,2.025457686185837,0.0009375,0.00030987047159198466,nan,nan,nan,nan,nan,nan,nan,nan,nan,nan,3328,-0.0004299685509991935,0.05457349084317684,1.4678127408027648,0.014359198231250047,0.027313175052404402,0.027313175052404402,0.1000821128487587,0.002074003337475733,0.005021874967496842,0.508008599281311,1.0,0.008514423076923077,0.0005861057692307692,0,0.75,0.75,0.03125,0.0009375,4.8745580315589905,3.3263161301612856,0.0009375,0.9379911118745804
104,336000,-447.70994234085083,-4.477099549770355,-447.70994234085083,-4.477099549770355,0.0,447.70994234085083,4.477099549770355,273.3857684135437,2.733857605457306,1.7691140103340148,0.0,0.0,nan,nan,nan,nan,nan,nan,nan,nan,nan,nan,3360,-0.001273989596421643,0.050869574025273326,1.4527809619903564,0.011812158953398466,0.05789683908224106,0.05789683908224106,0.09836659729480743,0.002335311226489334,0.015481249618460424,0.6067824363708496,1.0,0.0085,0.000585,0,0.75,0.75,0.0,0.0,4.562706367969513,2.6188951182365416,0.0,0.9040625447034836
105,339200,-457.6431128978729,-4.576431045532226,-457.6431128978729,-4.576431045532226,0.0,457.6431128978729,4.576431045532226,263.4525978565216,2.634526109695435,2.3510432052612305,0.0028125,0.0008392908798025335,nan,nan,nan,nan,nan,nan,nan,nan,nan,nan,3392,-0.0007626354418578174,0.060003486648201945,1.4356399655342102,0.01705687418580055,0.04290666356682778,0.04290666356682778,0.09643984809517861,0.002070833946346176,0.012200000090524554,0.6046524047851562,1.0,0.008485576923076922,0.0005838942307692307,0,0.75,0.75,0.0625,0.0028125,5.35673660993576,2.5582891476154326,0.001875,0.9400000423192978
106,342400,-449.31630516052246,-4.493162934780121,-449.31630516052246,-4.493162934780121,0.0,449.31630516052246,4.493162934780121,271.77940559387207,2.7177942204475407,2.1817031621932985,0.0,0.0,nan,nan,nan,nan,nan,nan,nan,nan,nan,nan,3424,-0.0007098330002249132,0.03821856938302517,1.4383002877235413,0.00621538870036602,0.03849902432411909,0.03849902432411909,0.07820156589150429,0.0012115256300611825,0.004175000048417132,0.7389029264450073,1.0,0.008471153846153847,0.0005827884615384615,0,0.75,0.75,0.0,0.0,4.705584495067597,3.0103597140312193,0.0,0.9154464733600617
107,345600,-443.33730125427246,-4.433372962474823,-443.33730125427246,-4.433372962474823,0.0,443.33730125427246,4.433372962474823,277.75840950012207,2.7775841927528386,2.1140493524074553,0.000625,0.00020070330597580792,nan,nan,nan,nan,nan,nan,nan,nan,nan,nan,3456,-0.0006775741182092788,0.05638897940516472,1.4508390545845031,0.015247560199350118,0.03971506860107184,0.03971506860107184,0.09032766371965409,0.0023605259433687785,0.01760937495782855,0.688653826713562,1.0,0.008456730769230768,0.0005816826923076923,0,0.75,0.75,0.03125,0.000625,4.378558678627014,2.884614579677582,0.0,0.9170536154508591
108,348800,-383.4182984828949,-3.834182797670364,-383.4182984828949,-3.834182797670364,0.0,383.4182984828949,3.834182797670364,337.67741227149963,3.3767743575572973,1.8124354565143586,0.0,0.0,nan,nan,nan,nan,nan,nan,nan,nan,nan,nan,3488,-0.0012820053928301433,0.046113450080156326,1.4537992119789123,0.009501299075782298,0.04542130678892135,0.04542130678892135,0.0939231589436531,0.002538302638277762,0.009384374949149787,0.7654362320899963,1.0,0.008442307692307692,0.000580576923076923,0,0.75,0.75,0.0,0.0,4.524716236591339,2.2608541095256807,0.0,0.9775446903705597
109,352000,-453.65074825286865,-4.53650728225708,-453.65074825286865,-4.53650728225708,0.0,453.65074825286865,4.53650728225708,267.4449625015259,2.6744498729705812,1.912045818567276,0.0,0.0,nan,nan,nan,nan,nan,nan,nan,nan,nan,nan,3520,-0.0009892286058864387,0.042213013395667076,1.4546039700508118,0.007858043909072876,0.04504822455346584,0.04504822455346584,0.07384482994675637,0.0020542855621905583,0.016081250295974313,0.5976281762123108,1.0,0.008427884615384615,0.0005794711538461538,0,0.75,0.75,0.0,0.0,5.25837438583374,2.526041382551193,0.0,0.9216964662075042
110,355200,-413.96193742752075,-4.139619324207306,-413.96193742752075,-4.139619324207306,0.0,413.96193742752075,4.139619324207306,307.1337733268738,3.0713378310203554,1.8358142018318175,0.0,0.0,nan,nan,nan,nan,nan,nan,nan,nan,nan,nan,3552,-0.0010234512781142513,0.042328786104917526,1.4392434358596802,0.008031921833753586,0.04552706815302372,0.04552706815302372,0.08584504574537277,0.0018437572849515174,0.013918749964796006,0.6222432851791382,1.0,0.008413461538461538,0.0005783653846153846,0,0.75,0.75,0.0,0.0,3.712876491546631,2.6762538778781892,0.0,0.9434821826219558
111,358400,-515.2768363952637,-5.152768476009369,-515.2768363952637,-5.152768476009369,0.0,515.2768363952637,5.152768476009369,205.81887435913086,2.0581886792182926,2.825062195062637,0.0,0.0,nan,nan,nan,nan,nan,nan,nan,nan,nan,nan,3584,-0.0010531698827282554,0.04601457677781582,1.4720796704292298,0.009590064641088247,0.043893102928996085,0.043893102928996085,0.08228440433740616,0.001976180112979678,0.01188437490418437,0.6014549732208252,1.0,0.008399038461538461,0.0005772596153846153,0,0.75,0.75,0.0,0.0,5.418734776973724,3.285988613367081,0.0,0.9096875447034836
112,361600,-436.2276015281677,-4.36227609872818,-436.2276015281677,-4.36227609872818,0.0,436.2276015281677,4.36227609872818,284.8681092262268,2.8486810564994816,1.8601421952247619,0.0,0.0,nan,nan,nan,nan,nan,nan,nan,nan,nan,nan,3616,-0.000889964959782219,0.04682043716311455,1.4686785459518432,0.010205949191004038,0.04138857126235962,0.04138857126235962,0.0957801766693592,0.0012877198012582404,0.006546875050116796,0.6164588332176208,1.0,0.008384615384615384,0.0005761538461538461,0,0.75,0.75,0.0,0.0,5.090301790237427,2.26204851269722,0.0,0.9590178996324539
113,364800,-444.27854919433594,-4.442785725593567,-444.27854919433594,-4.442785725593567,0.0,444.27854919433594,4.442785725593567,276.8171615600586,2.7681714296340942,2.4668541753292086,0.0,0.0,nan,nan,nan,nan,nan,nan,nan,nan,nan,nan,3648,-0.0006510411680618944,0.03460522275418043,1.4513218402862549,0.004503726679831743,0.039768274500966073,0.039768274500966073,0.07154274545609951,0.001807223374635995,0.012387500132899732,0.6749261617660522,1.0,0.008370192307692308,0.0005750480769230769,0,0.75,0.75,0.0,0.0,4.914419460296631,3.064534307718277,0.0,0.8797768294811249
114,368000,-444.4819655418396,-4.444819893836975,-444.4819655418396,-4.444819893836975,0.0,444.4819655418396,4.444819893836975,276.61374521255493,2.7661372613906865,2.121880509853363,0.0,0.0,nan,nan,nan,nan,nan,nan,nan,nan,nan,nan,3680,-0.0005524323929334329,0.040612037479877475,1.4522897124290466,0.007618588488548994,0.03071837928146124,0.03071837928146124,0.07430099733173848,0.0021003455956823836,0.006865624955389648,0.6348434090614319,1.0,0.00835576923076923,0.0005739423076923076,0,0.75,0.75,0.0,0.0,5.83691547870636,2.486091384887695,0.0,0.875223251581192
115,371200,-603.6017932891846,-6.036017796993256,-603.6017932891846,-6.036017796993256,0.0,603.6017932891846,6.036017796993256,117.49391746520996,1.1749393582344059,2.93422970533371,0.0,0.0,nan,nan,nan,nan,nan,nan,nan,nan,nan,nan,3712,-0.0007448289958935205,0.05611080341041088,1.4545655965805053,0.015177537966519595,0.03743054084479809,0.03743054084479809,0.09044878222048283,0.001116963105597139,0.003600000010919757,0.30918413400650024,1.0,0.008341346153846154,0.0005728365384615384,0,0.75,0.75,0.0,0.0,6.418457570075989,3.458433847427368,0.0,0.9155804032087326
116,374400,-497.911762714386,-4.979117934703827,-497.911762714386,-4.979117934703827,0.0,497.911762714386,4.979117934703827,223.18394804000854,2.2318392205238347,2.330630810260773,0.0,0.0,nan,nan,nan,nan,nan,nan,nan,nan,nan,nan,3744,-0.0007525083596469084,0.058931289985775945,1.4742226600646973,0.016437397431582214,0.04302014391869306,0.04302014391869306,0.08913764283061028,0.0021965017876944617,0.011362499927054159,0.25564414262771606,1.0,0.008326923076923077,0.0005717307692307693,0,0.75,0.75,0.0,0.0,4.967358205318451,2.9697117376327515,0.0,0.925133975148201
117,377600,-543.9372744560242,-5.439372913837433,-543.9372744560242,-5.439372913837433,0.0,543.9372744560242,5.439372913837433,177.15843629837036,1.7715842413902285,2.1553574275970457,0.0,0.0,nan,nan,nan,nan,nan,nan,nan,nan,nan,nan,3776,-0.0008868178863311371,0.0487486656755209,1.4803234457969665,0.011182326078414916,0.04410866238176823,0.04410866238176823,0.0750456415116787,0.002772866579471925,0.012790624907938763,0.5518785715103149,1.0,0.0083125,0.000570625,0,0.75,0.75,0.0,0.0,6.122705130577088,3.0850376617908477,0.0,0.9596428924798965
118,380800,-502.80022048950195,-5.028002376556397,-502.80022048950195,-5.028002376556397,0.0,502.80022048950195,5.028002376556397,218.29549026489258,2.182954778671265,1.9377774977684021,0.0,0.0,nan,nan,nan,nan,nan,nan,nan,nan,nan,nan,3808,-0.0006439727175980625,0.0495828740298748,1.4853562831878662,0.011821863893419503,0.03969161100685596,0.03969161100685596,0.08004088997840882,0.0014576536072134203,0.006896875001257285,0.5057504177093506,1.0,0.008298076923076924,0.0005695192307692308,0,0.75,0.75,0.0,0.0,5.78195897102356,2.9061498367786407,0.0,0.9187946850061417
119,384000,-471.2088942527771,-4.712088901996612,-471.2088942527771,-4.712088901996612,0.0,471.2088942527771,4.712088901996612,249.88681650161743,2.4988682532310493,2.0957161128520965,0.000625,0.00020189189745315015,nan,nan,nan,nan,nan,nan,nan,nan,nan,nan,3840,-0.0009717158566228789,0.0354026198387146,1.4557778358459472,0.004670433606952429,0.04186735786497593,0.04186735786497593,0.06725582517683507,0.002935679255461606,0.016259375028312206,0.5507897138595581,1.0,0.008283653846153847,0.0005684134615384616,0,0.75,0.75,0.03125,0.000625,4.338337299823761,2.7348355615139006,0.000625,0.9562500405311585
120,387200,-418.75152492523193,-4.187515251636505,-418.75152492523193,-4.187515251636505,0.0,418.75152492523193,4.187515251636505,302.3441858291626,3.0234419035911566,2.088811317682266,0.0015625,0.0005058580273438147,-437.0961972773075,-4.370961972773075,-437.0961972773075,-4.370961972773075,100.0,1.8976098209619523,0.0,0.0,437.0961972773075,376.0085855424404,3872,-0.0014491164910840127,0.04572704359889031,1.4499802708625793,0.009424183517694473,0.06252963729202747,0.06252963729202747,0.07650674656033515,0.0022194863875491877,0.01955312478239648,0.5326030254364014,1.0,0.008269230769230768,0.0005673076923076923,0,0.75,0.75,0.03125,0.0015625,4.482594742774963,2.8116130018234253,0.0015625,0.9336607545614243
121,390400,-475.12775182724,-4.751277599334717,-475.12775182724,-4.751277599334717,0.0,475.12775182724,4.751277599334717,245.96795892715454,2.4596795558929445,2.1332111942768095,0.0003125,9.97379303925695e-05,nan,nan,nan,nan,nan,nan,nan,nan,nan,nan,3904,-0.0005665184520475819,0.04254392385482788,1.4488129138946533,0.008745771832764149,0.04089428000152111,0.04089428000152111,0.07179349064826965,0.002710276302242039,0.0195718748960644,0.5642207264900208,1.0,0.008254807692307693,0.0005662019230769231,0,0.75,0.75,0.03125,0.0003125,4.297433590888977,3.1869471061229704,0.0003125,0.9432589787244797
122,393600,-416.348783493042,-4.163487952947617,-416.348783493042,-4.163487952947617,0.0,416.348783493042,4.163487952947617,304.74692726135254,3.0474692022800447,1.893231994509697,0.00125,0.00043204278204169106,nan,nan,nan,nan,nan,nan,nan,nan,nan,nan,3936,-0.0009676615574746528,0.050827203691005705,1.4295977830886841,0.012665504310280084,0.037084640562534334,0.037084640562534334,0.07992241606116295,0.0017986519538689013,0.005131250031627133,0.6974141597747803,1.0,0.008240384615384615,0.0005650961538461539,0,0.75,0.75,0.09375,0.00125,4.405665111541748,2.5723139524459837,0.0009375,0.9179911160469055
123,396800,-466.3390120267868,-4.663389987945557,-466.3390120267868,-4.663389987945557,0.0,466.3390120267868,4.663389987945557,254.75669872760773,2.5475671672821045,2.506212695837021,0.0015625,0.00044563753986036835,nan,nan,nan,nan,nan,nan,nan,nan,nan,nan,3968,-0.0005863790036281013,0.05385364927351475,1.4115037798881531,0.014729470014572144,0.04056647941470146,0.04056647941470146,0.08560967892408371,0.0009793980927506464,0.007365624867088627,0.47206979990005493,1.0,0.008225961538461538,0.0005639903846153846,0,0.75,0.75,0.03125,0.0015625,4.4523250770568845,2.7892059016227724,0.0009375,0.94044646859169
124,400000,-511.55888736248016,-5.115588901042938,-511.55888736248016,-5.115588901042938,0.0,511.55888736248016,5.115588901042938,209.53682339191437,2.0953682541847236,2.3076175582408904,0.0021875,0.0006613521549823285,nan,nan,nan,nan,nan,nan,nan,nan,nan,nan,4000,-0.0008190426313201549,0.07067717537283898,1.403633677959442,0.02299355324357748,0.039433132857084274,0.039433132857084274,0.0981869138777256,0.0016064545779963739,0.006000000052154064,0.30774879455566406,1.0,0.008211538461538461,0.0005628846153846154,0,0.75,0.75,0.03125,0.0021875,5.904483573436737,2.9863873147964477,0.0021875,0.9396428990364075
125,403200,-505.6084532737732,-5.0560843586921695,-505.6084532737732,-5.0560843586921695,0.0,505.6084532737732,5.0560843586921695,215.48725748062134,2.154872796535492,2.521468198299408,0.0003125,8.874139489628583e-05,nan,nan,nan,nan,nan,nan,nan,nan,nan,nan,4032,-0.0009476899183937348,0.03922967240214348,1.4171406626701355,0.00705068027600646,0.04072755351662636,0.04072755351662636,0.07656846046447754,0.002320633549971653,0.010787499893922359,0.6540747880935669,1.0,0.008197115384615384,0.0005617788461538462,0,0.75,0.75,0.03125,0.0003125,6.087737283706665,3.333255045413971,0.0003125,0.9557589745521545
126,406400,-389.6434717178345,-3.8964348220825196,-389.6434717178345,-3.8964348220825196,0.0,389.6434717178345,3.8964348220825196,331.45223903656006,3.314522333145142,1.7543126499652864,0.003125,0.0011345843399584233,nan,nan,nan,nan,nan,nan,nan,nan,nan,nan,4064,-0.0011082399052334767,0.06776728741824627,1.397288691997528,0.021341821178793907,0.044855717197060586,0.044855717197060586,0.09924610704183578,0.002486472575402326,0.01367812491953373,0.35629212856292725,1.0,0.008182692307692307,0.0005606730769230769,0,0.75,0.75,0.0625,0.003125,3.9602292442321776,2.349083812236786,0.001875,0.9432143324613571
127,409600,-473.466025352478,-4.734659919738769,-473.466025352478,-4.734659919738769,0.0,473.466025352478,4.734659919738769,247.6296854019165,2.476297235488892,2.289803676009178,0.0,0.0,nan,nan,nan,nan,nan,nan,nan,nan,nan,nan,4096,-0.0013299243248184212,0.06328221894800663,1.3585286736488342,0.01921435762196779,0.0590442530810833,0.0590442530810833,0.09884961694478989,0.0021847083218754742,0.014934374947915784,0.36641448736190796,1.0,0.00816826923076923,0.0005595673076923077,0,0.75,0.75,0.0,0.0,6.356885044574738,2.625016624927521,0.0,0.9271875429153442
128,412800,-359.08070182800293,-3.5908070480823517,-359.08070182800293,-3.5908070480823517,0.0,359.08070182800293,3.5908070480823517,362.0150089263916,3.6201501071453097,1.9955956798791885,0.01,0.0033382342173771925,nan,nan,nan,nan,nan,nan,nan,nan,nan,nan,4128,-0.0007439344889544231,0.07664630487561226,1.3830138802528382,0.026302335038781165,0.050649603828787804,0.050649603828787804,0.11337121278047561,0.0016361589019662295,0.010609375103376806,0.4102979302406311,1.0,0.008153846153846154,0.0005584615384615385,0,0.75,0.75,0.15625,0.01,3.8516890561580657,2.3445680040121077,0.008125,0.9542411160469055
129,416000,-442.70950424671173,-4.427094957828522,-442.70950424671173,-4.427094957828522,0.0,442.70950424671173,4.427094957828522,278.3862065076828,2.7838621973991398,1.687783477306366,0.0040625,0.0015114684773906502,nan,nan,nan,nan,nan,nan,nan,nan,nan,nan,4160,-0.00035363722369954333,0.05008990652859211,1.3797301530838013,0.013461108598858119,0.03600326720625162,0.03600326720625162,0.07884448543190956,0.001252040323744146,0.006149999954504892,0.4982498288154602,1.0,0.008139423076923077,0.0005573557692307692,0,0.75,0.75,0.09375,0.0040625,4.806073942184448,2.312191549539566,0.00375,0.9656696796417237
130,419200,-525.5112562179565,-5.25511260509491,-525.5112562179565,-5.25511260509491,0.0,525.5112562179565,5.25511260509491,195.584454536438,1.9558445501327517,2.4818670654296877,0.0,0.0,nan,nan,nan,nan,nan,nan,nan,nan,nan,nan,4192,-0.0008096197024948015,0.06853810958564281,1.3768110036849976,0.022272846847772598,0.04567481130361557,0.04567481130361557,0.09745212122797967,0.001738703535739744,0.009143749997019768,0.1820986270904541,1.0,0.008125,0.00055625,0,0.75,0.75,0.0,0.0,4.89611626625061,3.065035650730133,0.0,0.9332589715719223
131,422400,-370.4888265132904,-3.7048882162570953,-370.4888265132904,-3.7048882162570953,0.0,370.4888265132904,3.7048882162570953,350.6068842411041,3.506068938970566,1.6384722840785981,0.0090625,0.003434752775189673,nan,nan,nan,nan,nan,nan,nan,nan,nan,nan,4224,-0.0011052865622797725,0.059885097295045854,1.3637170910835266,0.01777672953903675,0.05441449210047722,0.05441449210047722,0.10031024664640427,0.002023474624730761,0.013446874939836562,0.3851369023323059,1.0,0.008110576923076923,0.0005551442307692308,0,0.75,0.75,0.0625,0.0090625,4.632589271068573,2.1844613766670227,0.0059375,0.9276339662075043
132,425600,-389.96296429634094,-3.899629764556885,-389.96296429634094,-3.899629764556885,0.0,389.96296429634094,3.899629764556885,331.1327464580536,3.3113273906707765,2.0162572848796843,0.0015625,0.0005180261007019256,nan,nan,nan,nan,nan,nan,nan,nan,nan,nan,4256,-0.001023181973246401,0.05428600087761879,1.347773516178131,0.015208036545664072,0.053858629614114764,0.053858629614114764,0.10084727331995964,0.003292642241286804,0.02092500025755726,0.36779242753982544,1.0,0.008096153846153847,0.0005540384615384615,0,0.75,0.75,0.0625,0.0015625,4.416311898231506,2.47196932554245,0.000625,0.9335714673995972
133,428800,-441.5360298156738,-4.415360401868821,-441.5360298156738,-4.415360401868821,0.0,441.5360298156738,4.415360401868821,279.5596809387207,2.795596753358841,2.2338046765327455,0.0025,0.000773083179124002,nan,nan,nan,nan,nan,nan,nan,nan,nan,nan,4288,-0.0012197581680490899,0.052063243091106416,1.3774813294410706,0.013679430447518825,0.06428163312375546,0.06428163312375546,0.084486223757267,0.002597596582200957,0.022471874952316284,0.36154186725616455,1.0,0.00808173076923077,0.0005529326923076923,0,0.75,0.75,0.0625,0.0025,4.864667842388153,2.655567889213562,0.0021875,0.9066071885824204
134,432000,-434.4237914085388,-4.344238004684448,-434.4237914085388,-4.344238004684448,0.0,434.4237914085388,4.344238004684448,286.6719193458557,2.8667191505432132,2.2409837460517883,0.0,0.0,nan,nan,nan,nan,nan,nan,nan,nan,nan,nan,4320,-0.0005819018978566959,0.06460189931094647,1.393927550315857,0.0204738050699234,0.050497155636548996,0.050497155636548996,0.11203978881239891,0.0017622941784803281,0.01160312528227223,0.5584084391593933,1.0,0.008067307692307693,0.0005518269230769231,0,0.75,0.75,0.0,0.0,5.125405106544495,2.6024129045009614,0.0,0.9142411202192307
135,435200,-461.3620195388794,-4.613620069026947,-461.3620195388794,-4.613620069026947,0.0,461.3620195388794,4.613620069026947,259.73369121551514,2.5973370862007146,2.172423378229141,0.000625,0.0001970102743187063,nan,nan,nan,nan,nan,nan,nan,nan,nan,nan,4352,-0.0010005816974211434,0.036012296378612516,1.4123040676116942,0.005632444750517607,0.061868290230631826,0.061868290230631826,0.09235138520598411,0.002731784182834468,0.020424999948590993,0.6862703561782837,1.0,0.008052884615384615,0.0005507211538461538,0,0.75,0.75,0.03125,0.000625,5.200813767910003,2.4721926248073576,0.000625,0.9304018294811249
136,438400,-466.16387915611267,-4.661638884544373,-466.16387915611267,-4.661638884544373,0.0,466.16387915611267,4.661638884544373,254.93183159828186,2.5493182706832886,2.2550725281238555,0.0059375,0.0018240760992880949,nan,nan,nan,nan,nan,nan,nan,nan,nan,nan,4384,-0.0010299621261074421,0.06234969161450863,1.3840429782867432,0.019019307848066092,0.06021156758069992,0.06021156758069992,0.12019789665937423,0.0025521675677746803,0.01807499973801896,0.5623792409896851,1.0,0.00803846153846154,0.0005496153846153846,0,0.75,0.75,0.03125,0.0059375,5.099522404670715,3.0827480614185334,0.0025,0.9024553942680359
137,441600,-447.0884590148926,-4.4708845949172975,-447.0884590148926,-4.4708845949172975,0.0,447.0884590148926,4.4708845949172975,274.00725173950195,2.740072560310364,2.4870974946022035,0.0046875,0.001344241165397853,nan,nan,nan,nan,nan,nan,nan,nan,nan,nan,4416,-0.0006112123660175328,0.05811814554035664,1.3948103547096253,0.01725584827363491,0.04444686807692051,0.04444686807692051,0.09725780785083771,0.0014265356607220954,0.0067750000394880775,0.5267998576164246,1.0,0.008024038461538461,0.0005485096153846154,0,0.75,0.75,0.125,0.0046875,5.230899350643158,2.873929592370987,0.0028125,0.9158036142587662
138,444800,-433.8910026550293,-4.338909898996353,-433.8910026550293,-4.338909898996353,0.0,433.8910026550293,4.338909898996353,287.20470809936523,2.8720472562313084,2.0822306084632873,0.0009375,0.00030416283500195687,nan,nan,nan,nan,nan,nan,nan,nan,nan,nan,4448,-0.0006221412419050055,0.057830633223056795,1.405520498752594,0.017035497538745403,0.044436649233102796,0.044436649233102796,0.11106953471899032,0.0019082700280714919,0.011699999994016252,0.6430033445358276,1.0,0.008009615384615384,0.0005474038461538461,0,0.75,0.75,0.03125,0.0009375,3.8441406524181367,2.913034361600876,0.000625,0.9504018318653107
139,448000,-376.86457657814026,-3.768645759820938,-376.86457657814026,-3.768645759820938,0.0,376.86457657814026,3.768645759820938,344.2311341762543,3.4423113954067235,1.7719756466150285,0.0025,0.0009018838253694079,nan,nan,nan,nan,nan,nan,nan,nan,nan,nan,4480,-0.0011085225024373812,0.046213599294424056,1.4084375858306886,0.010737548302859067,0.050032227858901025,0.050032227858901025,0.10934453383088112,0.0018844352191090402,0.010318749956786633,0.6675428152084351,1.0,0.007995192307692307,0.0005462980769230769,0,0.75,0.75,0.03125,0.0025,3.9075242400169374,2.2209244883060455,0.00125,0.9313839715719223
140,451200,-418.2578730583191,-4.1825787127017975,-418.2578730583191,-4.1825787127017975,0.0,418.2578730583191,4.1825787127017975,302.83783769607544,3.028378442525864,2.088630042672157,0.0015625,0.0005058877166940294,-379.6468385756016,-3.796468385756016,-379.6468385756016,-3.796468385756016,100.0,2.3635018721222876,0.0,0.0,379.6468385756016,433.45794424414635,4512,-0.0008566885392239598,0.031996064633131024,1.3757664203643798,0.004161669220775366,0.05361157692968845,0.05361157692968845,0.09738830626010894,0.001815057560453202,0.015703124832361935,0.7818195819854736,1.0,0.00798076923076923,0.0005451923076923077,0,0.75,0.75,0.03125,0.0015625,3.960069658756256,2.627192748785019,0.00125,0.9228125429153442
141,454400,-436.7425322532654,-4.367425346374512,-436.7425322532654,-4.367425346374512,0.0,436.7425322532654,4.367425346374512,284.35317850112915,2.8435318088531494,2.3025134551525115,0.003125,0.0009462489835202463,nan,nan,nan,nan,nan,nan,nan,nan,nan,nan,4544,-0.0007050452250714657,0.06187137626111507,1.3530333876609801,0.019451910443603993,0.04491229671984911,0.04491229671984911,0.12048954293131828,0.0015176343615177367,0.007806249974964885,0.6139771938323975,1.0,0.007966346153846154,0.0005440865384615384,0,0.75,0.75,0.03125,0.003125,4.393842182159424,2.9868847584724425,0.000625,0.933705398440361
142,457600,-414.2535991668701,-4.142536188364029,-414.2535991668701,-4.142536188364029,0.0,414.2535991668701,4.142536188364029,306.8421115875244,3.0684209668636324,2.2246158277988433,0.0028125,0.0008721969221120651,nan,nan,nan,nan,nan,nan,nan,nan,nan,nan,4576,-0.0009550595975131637,0.06699370071291924,1.3364093780517579,0.021914766822010278,0.0651675134897232,0.0651675134897232,0.14280965253710748,0.0023619854706350128,0.011331249913200735,0.6683316230773926,1.0,0.007951923076923077,0.0005429807692307692,0,0.75,0.75,0.125,0.0028125,4.833091096878052,2.64218501329422,0.0021875,0.9616071879863739
143,460800,-429.7847752571106,-4.297847774028778,-429.7847752571106,-4.297847774028778,0.0,429.7847752571106,4.297847774028778,291.31093549728394,2.9131093811988835,2.0844508004188538,0.0109375,0.0035460121453435856,nan,nan,nan,nan,nan,nan,nan,nan,nan,nan,4608,-0.0007547094041510771,0.0592758983373642,1.3245509147644043,0.018369616661220788,0.05312015637755394,0.05312015637755394,0.12940758019685744,0.001157666615473579,0.004956249985843897,0.7032535076141357,1.0,0.0079375,0.000541875,0,0.75,0.75,0.0625,0.0109375,4.524050464630127,2.660263080596924,0.0059375,0.895401828289032
144,464000,-418.7466983795166,-4.187466981410981,-418.7466983795166,-4.187466981410981,0.0,418.7466983795166,4.187466981410981,302.34901237487793,3.023490173816681,1.8348059332370759,0.00375,0.0013228418764165137,nan,nan,nan,nan,nan,nan,nan,nan,nan,nan,4640,-0.0015049136298592226,0.04834359735250473,1.3396718502044678,0.012052562274038791,0.07089526988565922,0.07089526988565922,0.12074729725718499,0.0029600071364267915,0.02416249965026509,0.7309707403182983,1.0,0.007923076923076923,0.0005407692307692307,0,0.75,0.75,0.03125,0.00375,5.100957145690918,2.339763286113739,0.0025,0.9097768235206604
145,467200,-398.2608289718628,-3.9826085495948793,-398.2608289718628,-3.9826085495948793,0.0,398.2608289718628,3.9826085495948793,322.83488178253174,3.228348605632782,2.0579074311256407,0.01,0.003270210176479711,nan,nan,nan,nan,nan,nan,nan,nan,nan,nan,4672,-0.0009567532575048609,0.06153819970786571,1.309106969833374,0.019459073338657616,0.06701149865984916,0.06701149865984916,0.1474849574267864,0.002182521424402949,0.01710312513168901,0.5336990356445312,1.0,0.007908653846153847,0.0005396634615384615,0,0.75,0.75,0.09375,0.01,4.013412116765976,2.4177035987377167,0.004375,0.9549554020166398
146,470400,-417.59032678604126,-4.175902810096741,-417.59032678604126,-4.175902810096741,0.0,417.59032678604126,4.175902810096741,303.50538396835327,3.035054345130921,2.0140124666690826,0.0009375,0.0003110471540404982,nan,nan,nan,nan,nan,nan,nan,nan,nan,nan,4704,-0.000994595449476021,0.046829060092568396,1.3093410849571228,0.012083693966269493,0.056718220189213756,0.056718220189213756,0.11815601438283921,0.0014729401998931817,0.007590625085867941,0.7461905479431152,1.0,0.00789423076923077,0.0005385576923076923,0,0.75,0.75,0.0625,0.0009375,3.9250052642822264,2.6658548736572265,0.000625,0.9408929026126862
147,473600,-353.7308621406555,-3.5373085498809815,-353.7308621406555,-3.5373085498809815,0.0,353.7308621406555,3.5373085498809815,367.364848613739,3.67364860534668,1.6757342094182968,0.013125,0.0049051957230286216,nan,nan,nan,nan,nan,nan,nan,nan,nan,nan,4736,-0.00044900217326073746,0.05706811547279358,1.3470167636871337,0.01747082211077213,0.04624738972634077,0.04624738972634077,0.1384999081492424,0.0013202358735736395,0.0054031249484978615,0.7515372633934021,1.0,0.007879807692307693,0.000537451923076923,0,0.75,0.75,0.125,0.013125,4.659100685119629,2.1892645740509034,0.0103125,0.9566964721679687
148,476800,-383.39155435562134,-3.8339155566692353,-383.39155435562134,-3.8339155566692353,0.0,383.39155435562134,3.8339155566692353,337.7041563987732,3.377041598558426,1.6229293978214263,0.001875,0.0007148495882341905,nan,nan,nan,nan,nan,nan,nan,nan,nan,nan,4768,-0.0012577539568301432,0.03984267506748438,1.3663934588432312,0.007916374132037163,0.07583464160561562,0.07583464160561562,0.13342348635196685,0.0025594265047413126,0.02525937492027879,0.8333512544631958,1.0,0.007865384615384614,0.0005363461538461539,0,0.75,0.75,0.09375,0.001875,3.0985061740875244,2.465322068929672,0.0015625,0.9356250447034836
149,480000,-359.5440375804901,-3.595440183877945,-359.5440375804901,-3.595440183877945,0.0,359.5440375804901,3.595440183877945,361.5516731739044,3.6155169713497166,1.7824642729759217,0.0071875,0.002583141882469805,nan,nan,nan,nan,nan,nan,nan,nan,nan,nan,4800,-0.0006589396980533734,0.05499624721705913,1.3412970066070558,0.016308712027966975,0.04589434154331684,0.04589434154331684,0.15294259265065194,0.0014950160257296446,0.009587499871850013,0.8438752293586731,1.0,0.00785096153846154,0.0005352403846153847,0,0.75,0.75,0.15625,0.0071875,4.111333737373352,2.224118504524231,0.0053125,0.9362946838140488
150,483200,-441.97840189933777,-4.419784106016159,-441.97840189933777,-4.419784106016159,0.0,441.97840189933777,4.419784106016159,279.11730885505676,2.791173049211502,2.3728959584236144,0.0128125,0.003798664458653554,nan,nan,nan,nan,nan,nan,nan,nan,nan,nan,4832,-0.0007580556166590924,0.05367640033364296,1.3169789433479309,0.015759588684886694,0.04347741454839706,0.04347741454839706,0.12893667295575142,0.0010667514667159355,0.0033843749872175975,0.8335743546485901,1.0,0.00783653846153846,0.0005341346153846154,0,0.75,0.75,0.09375,0.0128125,4.899414386749267,2.813311425447464,0.010625,0.9429464709758758
151,486400,-427.5881748199463,-4.275881675481796,-427.5881748199463,-4.275881675481796,0.0,427.5881748199463,4.275881675481796,293.50753593444824,2.9350754797458656,2.0222978663444517,0.0015625,0.0005169907365516836,nan,nan,nan,nan,nan,nan,nan,nan,nan,nan,4864,-0.001259993495000522,0.05676168389618397,1.284477436542511,0.017073518130928278,0.06610828973352909,0.06610828973352909,0.15218326821923256,0.0023434060378361133,0.012496874769567512,0.7909836173057556,1.0,0.007822115384615384,0.0005330288461538462,0,0.75,0.75,0.0625,0.0015625,4.812645735740662,2.4655454850196836,0.0003125,0.9556696897745133
152,489600,-428.9801435470581,-4.289801411628723,-428.9801435470581,-4.289801411628723,0.0,428.9801435470581,4.289801411628723,292.1155672073364,2.9211557435989386,1.9317924082279205,0.0009375,0.0003197702529582094,nan,nan,nan,nan,nan,nan,nan,nan,nan,nan,4896,-0.0007537835721391772,0.051435861736536026,1.2970640420913697,0.014837069902569056,0.048406501114368436,0.048406501114368436,0.149157352745533,0.0020614686101920023,0.012718750070780516,0.8119068741798401,1.0,0.007807692307692307,0.000531923076923077,0,0.75,0.75,0.0625,0.0009375,5.3407583117485045,2.6274766409397126,0.000625,0.902544686794281
153,492800,-427.9243873953819,-4.279244087934494,-427.9243873953819,-4.279244087934494,0.0,427.9243873953819,4.279244087934494,293.1713233590126,2.9317130672931677,1.8415243077278136,0.01,0.0035192378867933615,nan,nan,nan,nan,nan,nan,nan,nan,nan,nan,4928,-0.001077174574695494,0.04391957595944405,1.2980292081832885,0.010766721982508897,0.07022489793598652,0.07022489793598652,0.13088136687874793,0.0015341741280293605,0.010584374889731407,0.8329287767410278,1.0,0.00779326923076923,0.0005308173076923077,0,0.75,0.75,0.0625,0.01,4.467762191295623,2.6950359547138216,0.006875,0.9116071879863739
154,496000,-465.64755415916443,-4.656475212574005,-465.64755415916443,-4.656475212574005,0.0,465.64755415916443,4.656475212574005,255.4481565952301,2.5544819426536565,2.338779969215393,0.00125,0.0003743882530521314,nan,nan,nan,nan,nan,nan,nan,nan,nan,nan,4960,-0.00030973623706378464,0.07230304554104805,1.3227187395095825,0.02555256150662899,0.06131325401365757,0.06131325401365757,0.1843234844505787,0.001297425630038007,0.007446874922607094,0.7632887363433838,1.0,0.0077788461538461535,0.0005297115384615385,0,0.75,0.75,0.09375,0.00125,6.125079855918885,2.7309446465969085,0.0009375,0.8770089733600617
155,499200,-427.72940969467163,-4.27729443192482,-427.72940969467163,-4.27729443192482,0.0,427.72940969467163,4.27729443192482,293.3663010597229,2.9336627233028416,1.9691107815504074,0.0025,0.0008420029375578072,nan,nan,nan,nan,nan,nan,nan,nan,nan,nan,4992,-0.0007384058717521569,0.03692974634468556,1.3014652729034424,0.007621339987963438,0.048898986726999286,0.048898986726999286,0.1534345529973507,0.0012149812420842298,0.005068749975180253,0.8714451193809509,1.0,0.007764423076923077,0.0005286057692307693,0,0.75,0.75,0.0625,0.0025,5.205459878444672,2.402700119018555,0.001875,0.9576786178350448
156,502400,-447.7989412546158,-4.477989459037781,-447.7989412546158,-4.477989459037781,0.0,447.7989412546158,4.477989459037781,273.29676949977875,2.7329676961898803,2.0745125782489775,0.003125,0.0010164212766954354,nan,nan,nan,nan,nan,nan,nan,nan,nan,nan,5024,-0.0007455508152023782,0.057158904150128365,1.3002588748931885,0.01775689497590065,0.057738297060132025,0.057738297060132025,0.15619425252079963,0.001851493581490444,0.015993750278721564,0.8451577425003052,1.0,0.00775,0.0005275,0,0.75,0.75,0.03125,0.003125,5.117816271781922,2.8304221165180206,0.0025,0.9147321850061416
157,505600,-466.0742383003235,-4.660742347240448,-466.0742383003235,-4.660742347240448,0.0,466.0742383003235,4.660742347240448,255.02147245407104,2.5502148079872136,2.0479839491844176,0.0,0.0,nan,nan,nan,nan,nan,nan,nan,nan,nan,nan,5056,-0.0006683727065566636,0.042668084427714345,1.280214250087738,0.010762473754584789,0.054222652316093446,0.054222652316093446,0.14976052045822144,0.0015022636616789974,0.011309375101700426,0.855324387550354,1.0,0.007735576923076923,0.0005263942307692308,0,0.75,0.75,0.0,0.0,5.033859395980835,3.2509679210186007,0.0,0.8984375423192978
158,508800,-481.7988681793213,-4.8179890203475955,-481.7988681793213,-4.8179890203475955,0.0,481.7988681793213,4.8179890203475955,239.29684257507324,2.392968134880066,2.217698082923889,0.0,0.0,nan,nan,nan,nan,nan,nan,nan,nan,nan,nan,5088,-0.0008786522114998752,0.05386517718434334,1.290891182422638,0.01608676603063941,0.07462895214557648,0.07462895214557648,0.14862603843212127,0.002247565015569667,0.022615624766331166,0.8883333206176758,1.0,0.007721153846153846,0.0005252884615384616,0,0.75,0.75,0.0,0.0,5.130808322429657,2.7976319336891176,0.0,0.9669643259048462
159,512000,-464.91174030303955,-4.6491173338890075,-464.91174030303955,-4.6491173338890075,0.0,464.91174030303955,4.6491173338890075,256.183970451355,2.561839821338654,2.0735155737400053,0.0,0.0,nan,nan,nan,nan,nan,nan,nan,nan,nan,nan,5120,-0.0007107983296038789,0.04272347614169121,1.2703271150588988,0.010860870964825154,0.043394128791987896,0.043394128791987896,0.1333768345415592,0.0017637083772582538,0.0069656250532716514,0.8267168998718262,1.0,0.0077067307692307695,0.0005241826923076923,0,0.75,0.75,0.0,0.0,4.857946071624756,2.744678738117218,0.0,0.8874553990364075
160,515200,-409.64872550964355,-4.096487214565277,-409.64872550964355,-4.096487214565277,0.0,409.64872550964355,4.096487214565277,311.446985244751,3.114469940662384,1.8440557026863098,0.0,0.0,-436.26921758055687,-4.362692175805568,-436.26921758055687,-4.362692175805568,100.0,2.3060790133476257,0.0,0.0,436.26921758055687,376.83556523919106,5152,-0.0008574704156824708,0.031758825108408925,1.315307331085205,0.004904193431138992,0.06501121334731579,0.06501121334731579,0.1290496066212654,0.0017742658499640396,0.01531874998472631,0.8996713757514954,1.0,0.007692307692307693,0.0005230769230769231,0,0.75,0.75,0.0,0.0,5.175120129585266,2.246357841491699,0.0,0.9770982635021209
161,518400,-512.1207756996155,-5.121207535266876,-512.1207756996155,-5.121207535266876,0.0,512.1207756996155,5.121207535266876,208.97493505477905,2.0897496199607852,2.6374467933177947,0.010625,0.0029210049256304603,nan,nan,nan,nan,nan,nan,nan,nan,nan,nan,5184,-0.0010513696318223964,0.05920743271708488,1.3109355211257934,0.018487134668976068,0.07555462941527366,0.07555462941527366,0.1446904569864273,0.0018318466354697153,0.014115624950500205,0.8660315871238708,1.0,0.007677884615384615,0.0005219711538461539,0,0.75,0.75,0.0625,0.010625,6.503598973751068,2.896156828403473,0.0096875,0.9281250447034836
162,521600,-384.39966654777527,-3.8439966571331023,-384.39966654777527,-3.8439966571331023,0.0,384.39966654777527,3.8439966571331023,336.69604420661926,3.366960498094559,1.822078264951706,0.0053125,0.00188247791210387,nan,nan,nan,nan,nan,nan,nan,nan,nan,nan,5216,-0.0005979727755191178,0.04806401766836643,1.2859714150428772,0.013579043466597796,0.04115814790129661,0.04115814790129661,0.14349987134337425,0.0019788615376468343,0.008646874943951843,0.8665018081665039,1.0,0.007663461538461538,0.0005208653846153846,0,0.75,0.75,0.03125,0.0053125,3.981545037031174,2.2564251005649565,0.0046875,0.9430803954601288
163,524800,-438.22574001550674,-4.3822575950622555,-438.22574001550674,-4.3822575950622555,0.0,438.22574001550674,4.3822575950622555,282.8699707388878,2.828699560165406,1.9469719278812407,0.0040625,0.001378533660794245,nan,nan,nan,nan,nan,nan,nan,nan,nan,nan,5248,-0.0004522360001166792,0.03229555021971464,1.3262798070907593,0.0055507741868495945,0.049217812903225425,0.049217812903225425,0.1311973176896572,0.0011854830285313103,0.0038156250258907674,0.9129031896591187,1.0,0.0076490384615384615,0.0005197596153846154,0,0.75,0.75,0.03125,0.0040625,4.874733855724335,2.4832356536388396,0.0040625,0.9381250387430191
164,528000,-413.9347335100174,-4.139347355365754,-413.9347335100174,-4.139347355365754,0.0,413.9347335100174,4.139347355365754,307.16097724437714,3.071609799861908,2.317239670753479,0.0040625,0.0012246627929290508,nan,nan,nan,nan,nan,nan,nan,nan,nan,nan,5280,-0.0008002277687598536,0.04579643756151199,1.3112327814102174,0.012087233271449805,0.06761722713708877,0.06761722713708877,0.16006290391087533,0.0017301019732269625,0.010184374978416599,0.8884410262107849,1.0,0.007634615384615385,0.0005186538461538462,0,0.75,0.75,0.03125,0.0040625,4.477142980098725,2.517943813800812,0.001875,0.9550446873903274
165,531200,-422.5917594283819,-4.22591767668724,-422.5917594283819,-4.22591767668724,0.0,422.5917594283819,4.22591767668724,298.5039513260126,2.985039478540421,1.9885408341884614,0.005,0.0016730572802622424,nan,nan,nan,nan,nan,nan,nan,nan,nan,nan,5312,-0.0007903707769582269,0.04233335293829441,1.2941465735435487,0.010514660365879535,0.05982852317392826,0.05982852317392826,0.14745949655771257,0.0016044899690326165,0.01172500018728897,0.8820722699165344,1.0,0.007620192307692307,0.0005175480769230769,0,0.75,0.75,0.03125,0.005,5.047280158996582,2.331105194091797,0.003125,0.9358036082983017
166,534400,-412.78320705890656,-4.127831983566284,-412.78320705890656,-4.127831983566284,0.0,412.78320705890656,4.127831983566284,308.312503695488,3.0831251716613775,1.7406219196319581,0.0034375,0.0012542773504714676,nan,nan,nan,nan,nan,nan,nan,nan,nan,nan,5344,-0.0008966748300706761,0.044709319993853566,1.2933545112609863,0.011621029023081065,0.04242928959429264,0.04242928959429264,0.16382725313305854,0.002031793969218943,0.012487499928101897,0.8154578804969788,1.0,0.00760576923076923,0.0005164423076923077,0,0.75,0.75,0.09375,0.0034375,5.1346627879142765,2.1791943812370302,0.0034375,0.9323661124706268
167,537600,-408.72605323791504,-4.087260409593582,-408.72605323791504,-4.087260409593582,0.0,408.72605323791504,4.087260409593582,312.3696575164795,3.1236967456340796,1.9295858657360077,0.0,0.0,nan,nan,nan,nan,nan,nan,nan,nan,nan,nan,5376,-0.0006170641486081152,0.034756931476294994,1.3001509666442872,0.006891505233943463,0.04055372253060341,0.04055372253060341,0.14041583836078644,0.001058459678825984,0.0032906250329688192,0.8903165459632874,1.0,0.007591346153846153,0.0005153365384615385,0,0.75,0.75,0.0,0.0,4.940146322250366,2.262150809764862,0.0,0.930223262310028
168,540800,-397.92367655038834,-3.979236775636673,-397.92367655038834,-3.979236775636673,0.0,397.92367655038834,3.979236775636673,323.1720342040062,3.2317203795909886,1.920112251639366,0.015,0.005136788831175556,nan,nan,nan,nan,nan,nan,nan,nan,nan,nan,5408,-0.000763131690613239,0.049926142767071725,1.3063822865486145,0.01430158196017146,0.06437677033245563,0.06437677033245563,0.16387396156787873,0.0022452755212736984,0.015462500270223245,0.817146897315979,1.0,0.007576923076923077,0.0005142307692307692,0,0.75,0.75,0.09375,0.015,4.630586996078491,2.5348747932910918,0.0103125,0.9374553978443145
169,544000,-368.8013172149658,-3.6880132436752318,-368.8013172149658,-3.6880132436752318,0.0,368.8013172149658,3.6880132436752318,352.2943935394287,3.5229439115524297,1.820064691901207,0.001875,0.0006648783644519617,nan,nan,nan,nan,nan,nan,nan,nan,nan,nan,5440,-0.0006590599026531141,0.032635665684938434,1.3250651955604553,0.0056379674933850765,0.04221919290721417,0.04221919290721417,0.1346406400203705,0.001012029676713899,0.0066593749361345544,0.8900712728500366,1.0,0.0075625,0.000513125,0,0.75,0.75,0.03125,0.001875,5.183765742778778,2.0615008014440535,0.0009375,0.908839328289032
170,547200,-368.9830985069275,-3.689831086397171,-368.9830985069275,-3.689831086397171,0.0,368.9830985069275,3.689831086397171,352.11261224746704,3.5211260688304904,1.7040730220079423,0.0015625,0.0005778320286778893,nan,nan,nan,nan,nan,nan,nan,nan,nan,nan,5472,-0.0007525434053677671,0.028570673428475857,1.3044315934181214,0.0036868432536721228,0.05202542245388031,0.05202542245388031,0.12945939637720585,0.0011649297524867143,0.005778125043434557,0.8714755773544312,1.0,0.007548076923076923,0.0005120192307692308,0,0.75,0.75,0.0625,0.0015625,3.4417959940433502,2.028918334245682,0.0009375,0.9545982575416565
171,550400,-420.0456700325012,-4.200456830263138,-420.0456700325012,-4.200456830263138,0.0,420.0456700325012,4.200456830263138,301.0500407218933,3.0105003249645232,2.141166605949402,0.0134375,0.004277869239584184,nan,nan,nan,nan,nan,nan,nan,nan,nan,nan,5504,-0.0006745584694173523,0.05554772391915321,1.2697529554367066,0.01753342440351844,0.061746805906295776,0.061746805906295776,0.15273924469947814,0.0015522280540620765,0.009068749868310988,0.8295513987541199,1.0,0.007533653846153846,0.0005109134615384615,0,0.75,0.75,0.0625,0.0134375,5.072195160388946,2.7473235845565798,0.01125,0.9434375417232513
172,553600,-378.8848729133606,-3.7888488388061523,-378.8848729133606,-3.7888488388061523,0.0,378.8848729133606,3.7888488388061523,342.21083784103394,3.422108316421509,1.93329087972641,0.010625,0.0036222115145263063,nan,nan,nan,nan,nan,nan,nan,nan,nan,nan,5536,-0.0010779727236018388,0.04963722303509712,1.326756238937378,0.013764452748000621,0.06864512711763382,0.06864512711763382,0.16164175942540168,0.0023933300391957364,0.016946874878703964,0.7974886298179626,1.0,0.007519230769230769,0.0005098076923076923,0,0.75,0.75,0.0625,0.010625,4.544466331005096,2.490285198688507,0.00625,0.9649107557535171
173,556800,-428.8957152366638,-4.288957126140595,-428.8957152366638,-4.288957126140595,0.0,428.8957152366638,4.288957126140595,292.1999955177307,2.9220000290870667,2.1158895540237426,0.0034375,0.0011032162534647422,nan,nan,nan,nan,nan,nan,nan,nan,nan,nan,5568,-0.0008500451815081966,0.0496541365981102,1.34612717628479,0.013874597195535899,0.050036847591400146,0.050036847591400146,0.14776283651590347,0.0014319127607461278,0.008609375194646418,0.8547180891036987,1.0,0.007504807692307693,0.0005087019230769231,0,0.75,0.75,0.03125,0.0034375,3.712495679855347,2.8285591971874235,0.0028125,0.930267893075943
174,560000,-440.64001750946045,-4.406400156021118,-440.64001750946045,-4.406400156021118,0.0,440.64001750946045,4.406400156021118,280.4556932449341,2.804556999206543,2.1403498589992522,0.0,0.0,nan,nan,nan,nan,nan,nan,nan,nan,nan,nan,5600,-0.00090733677985263,0.05353966467082501,1.3368641495704652,0.015848869178444146,0.04556577317416668,0.04556577317416668,0.17519680485129357,0.001622768577363937,0.010771874769125134,0.7322242259979248,1.0,0.007490384615384616,0.0005075961538461538,0,0.75,0.75,0.0,0.0,5.198434495925904,2.4613384974002837,0.0,0.9323214691877365
175,563200,-407.69641160964966,-4.076964147090912,-407.69641160964966,-4.076964147090912,0.0,407.69641160964966,4.076964147090912,313.3992991447449,3.1339930081367493,1.8249757438898087,0.0015625,0.0005531020941965819,nan,nan,nan,nan,nan,nan,nan,nan,nan,nan,5632,-0.00037044371934598087,0.039731689170002936,1.3186184287071228,0.009637460578233004,0.0361100260168314,0.0361100260168314,0.15370470210909842,0.00141990666961757,0.004634375005844049,0.7928125858306885,1.0,0.007475961538461539,0.0005064903846153846,0,0.75,0.75,0.0625,0.0015625,4.727790338993072,2.390496165752411,0.0015625,0.9204911160469055
176,566400,-358.5144242346287,-3.585144145190716,-358.5144242346287,-3.585144145190716,0.0,358.5144242346287,3.585144145190716,362.58128651976585,3.6258130100369454,2.0613870322704315,0.015,0.004899739837493033,nan,nan,nan,nan,nan,nan,nan,nan,nan,nan,5664,-0.0011353696150472547,0.030954956077039242,1.2948903560638427,0.004680234286934137,0.0679122619330883,0.0679122619330883,0.13451926037669182,0.001777140003833902,0.011849999916739762,0.8937642574310303,1.0,0.007461538461538461,0.0005053846153846154,0,0.75,0.75,0.15625,0.015,4.120462155342102,2.342027393579483,0.0103125,0.973616110086441
177,569600,-365.116528570652,-3.651164993941784,-365.116528570652,-3.651164993941784,0.0,365.116528570652,3.651164993941784,355.9791821837425,3.5597921612858774,1.7758250886201858,0.0103125,0.0037151116049340713,nan,nan,nan,nan,nan,nan,nan,nan,nan,nan,5696,-0.0008805808313656627,0.04529945105314255,1.280932605266571,0.012229891493916512,0.0605102501809597,0.0605102501809597,0.151713115721941,0.0019490035309003592,0.015281250019324944,0.8101412653923035,1.0,0.0074471153846153845,0.0005042788461538461,0,0.75,0.75,0.15625,0.0103125,3.305610808134079,2.472394576072693,0.0071875,0.96928575694561
178,572800,-382.78313970565796,-3.827831445932388,-382.78313970565796,-3.827831445932388,0.0,382.78313970565796,3.827831445932388,338.3125710487366,3.3831257092952733,1.6805535656213761,0.0015625,0.0005829019871266026,nan,nan,nan,nan,nan,nan,nan,nan,nan,nan,5728,-0.0009760610415716631,0.023832786828279495,1.2895896315574646,0.0013552097138017417,0.0678327064961195,0.0678327064961195,0.13276643231511115,0.001960048521870202,0.016846874682232737,0.8878095149993896,1.0,0.007432692307692308,0.000503173076923077,0,0.75,0.75,0.03125,0.0015625,3.9916462516784668,2.343287408351898,0.0009375,0.9170536172389984
179,576000,-375.2253556251526,-3.7522536301612854,-375.2253556251526,-3.7522536301612854,0.0,375.2253556251526,3.7522536301612854,345.87035512924194,3.458703525066376,1.877473601102829,0.006875,0.0023892486788984154,nan,nan,nan,nan,nan,nan,nan,nan,nan,nan,5760,-0.0010996787665993324,0.027197363786399364,1.287135362625122,0.002950686449185014,0.07489176541566848,0.07489176541566848,0.1625083327293396,0.002378454677092483,0.014743750239722431,0.9292619824409485,1.0,0.007418269230769231,0.0005020673076923078,0,0.75,0.75,0.09375,0.006875,4.414906051158905,2.3284682393074037,0.005625,0.9357589679956436
180,579200,-395.8352246284485,-3.958352235555649,-395.8352246284485,-3.958352235555649,0.0,395.8352246284485,3.958352235555649,325.26048612594604,3.2526049196720126,1.764045028090477,0.00875,0.0031656503099896614,-352.55519711971283,-3.525551971197128,-352.55519711971283,-3.525551971197128,100.0,2.0545840834081175,0.0,0.0,352.55519711971283,460.5495857000351,5792,-0.000952396867168126,0.04047752916812897,1.2595145583152771,0.00996111510321498,0.08802255466580391,0.08802255466580391,0.12573909834027291,0.003081746865065266,0.027268749859649687,0.8816546201705933,1.0,0.007403846153846154,0.0005009615384615384,0,0.75,0.75,0.125,0.00875,4.689826192855835,2.005891480445862,0.00625,0.9570089709758759
181,582400,-366.0058946609497,-3.660058959722519,-366.0058946609497,-3.660058959722519,0.0,366.0058946609497,3.660058959722519,355.0898160934448,3.5508981955051424,1.737126197218895,0.003125,0.001141708410512899,nan,nan,nan,nan,nan,nan,nan,nan,nan,nan,5824,-0.0008574630971066699,0.025714211165905,1.26356703042984,0.002662611100822687,0.06670687720179558,0.06670687720179558,0.12219799980521202,0.002350024874614475,0.01363750007294584,0.8992430567741394,1.0,0.007389423076923076,0.0004998557692307693,0,0.75,0.75,0.03125,0.003125,3.8055152881145475,2.211003194451332,0.003125,0.9576339721679688
182,585600,-355.53076434135437,-3.5553077340126036,-355.53076434135437,-3.5553077340126036,0.0,355.53076434135437,3.5553077340126036,365.56494641304016,3.655649421215058,2.0924261957406998,0.020625,0.006669520529999225,nan,nan,nan,nan,nan,nan,nan,nan,nan,nan,5856,-0.0010239695351570433,0.04789929501712322,1.2755089163780213,0.013518799375742675,0.06756876185536384,0.06756876185536384,0.16766703575849534,0.0022157115279710254,0.01699375018943101,0.8724659085273743,1.0,0.007375,0.00049875,0,0.75,0.75,0.25,0.020625,3.955271673202515,2.7654866790771484,0.011875,0.9286161130666732
183,588800,-418.9041110277176,-4.189040989875793,-418.9041110277176,-4.189040989875793,0.0,418.9041110277176,4.189040989875793,302.19159972667694,3.0219161653518682,1.663545571565628,0.0090625,0.003402419728329663,nan,nan,nan,nan,nan,nan,nan,nan,nan,nan,5888,-0.0011688400312792613,0.03142866715788841,1.2674482464790344,0.005216343048959971,0.06453550942242145,0.06453550942242145,0.14416129589080812,0.0019465098288505265,0.007274999842047691,0.922859787940979,1.0,0.007360576923076923,0.0004976442307692308,0,0.75,0.75,0.125,0.0090625,4.253196603059768,2.4196902441978456,0.0053125,0.9358036130666733
184,592000,-354.34239625930786,-3.5434239065647124,-354.34239625930786,-3.5434239065647124,0.0,354.34239625930786,3.5434239065647124,366.75331449508667,3.667533248662949,1.4599581623077393,0.0065625,0.002667728297396562,nan,nan,nan,nan,nan,nan,nan,nan,nan,nan,5920,-0.0008619242984860165,0.029721405915915967,1.2530999541282655,0.0047933137975633144,0.05591894574463367,0.05591894574463367,0.13529974222183228,0.0019995849273995586,0.010784375201910733,0.8808942437171936,1.0,0.007346153846153846,0.0004965384615384616,0,0.75,0.75,0.0625,0.0065625,3.7563416373729708,2.0933490669727326,0.005,0.8979464763402939
185,595200,-376.8867189884186,-3.768867530822754,-376.8867189884186,-3.768867530822754,0.0,376.8867189884186,3.768867530822754,344.20899176597595,3.4420896244049075,1.8191474360227584,0.010625,0.003768869930048677,nan,nan,nan,nan,nan,nan,nan,nan,nan,nan,5952,-0.0004189758528780452,0.03495017159730196,1.2226778388023376,0.008091765083372593,0.04398391749709844,0.04398391749709844,0.14699666053056717,0.0015672029308930135,0.005778124963399023,0.8689651489257812,1.0,0.007331730769230769,0.0004954326923076924,0,0.75,0.75,0.0625,0.010625,4.1786564767360685,2.4948660814762116,0.0084375,0.9339286136627197
186,598400,-444.9744143486023,-4.44974406003952,-444.9744143486023,-4.44974406003952,0.0,444.9744143486023,4.44974406003952,276.12129640579224,2.7612130951881415,2.3536856561899184,0.0021875,0.0006522674526643598,nan,nan,nan,nan,nan,nan,nan,nan,nan,nan,5984,-0.0007867411362414423,0.03436026815325022,1.2544803500175477,0.007213973999023437,0.053652971237897876,0.053652971237897876,0.14225783050060273,0.0012522899985937142,0.007612500124014332,0.891072690486908,1.0,0.007317307692307692,0.0004943269230769231,0,0.75,0.75,0.0625,0.0021875,4.423327963352204,2.7691970801353456,0.0021875,0.936741115450859
187,601600,-364.2123866081238,-3.6421238160133362,-364.2123866081238,-3.6421238160133362,0.0,364.2123866081238,3.6421238160133362,356.88332414627075,3.568833339214325,1.8608975958824159,0.015,0.005243109722483232,nan,nan,nan,nan,nan,nan,nan,nan,nan,nan,6016,-0.0015324365399079442,0.03527363426983356,1.2596157431602477,0.00690555227920413,0.10155284628272057,0.10155284628272057,0.1336120091378689,0.003583339384932895,0.03309062505140901,0.8974702954292297,1.0,0.007302884615384616,0.0004932211538461539,0,0.75,0.75,0.15625,0.015,4.736945686340332,2.3940942442417144,0.0121875,0.884419686794281
188,604800,-414.1125830411911,-4.141125754117966,-414.1125830411911,-4.141125754117966,0.0,414.1125830411911,4.141125754117966,306.98312771320343,3.0698314011096954,2.1982435381412504,0.011875,0.0037129755312197057,nan,nan,nan,nan,nan,nan,nan,nan,nan,nan,6048,-0.0004953047880261075,0.03318194411695004,1.2455050468444824,0.00701785171404481,0.05923285074532032,0.05923285074532032,0.13745251297950745,0.0015627056724056454,0.011240625090431422,0.9189195036888123,1.0,0.007288461538461539,0.0004921153846153847,0,0.75,0.75,0.21875,0.011875,4.417751414775848,2.6751647210121154,0.0090625,0.9302678966522216
189,608000,-452.13887667655945,-4.521388927698135,-452.13887667655945,-4.521388927698135,0.0,452.13887667655945,4.521388927698135,268.9568340778351,2.6895682275295263,2.440979977846146,0.01375,0.00399595466655598,nan,nan,nan,nan,nan,nan,nan,nan,nan,nan,6080,-0.000492597041353271,0.05340649299323559,1.2664376139640807,0.016998533438891173,0.0433316819369793,0.0433316819369793,0.16891836002469063,0.0010247241974879243,0.003525000010267831,0.8676031827926636,1.0,0.007274038461538462,0.0004910096153846154,0,0.75,0.75,0.09375,0.01375,5.16791897058487,2.663389894962311,0.010625,0.9006696832180023
190,611200,-304.78480237722397,-3.0478482062369583,-304.78480237722397,-3.0478482062369583,0.0,304.78480237722397,3.0478482062369583,416.31090837717056,4.163108948990703,1.6101262420415878,0.0246875,0.009458354773173706,nan,nan,nan,nan,nan,nan,nan,nan,nan,nan,6112,-0.000948595846304734,0.030869977734982967,1.2674429655075072,0.00528524462133646,0.07203804142773151,0.07203804142773151,0.1399980966001749,0.0020788913992887503,0.017906250006853953,0.9032955169677734,1.0,0.007259615384615385,0.0004899038461538462,0,0.75,0.75,0.25,0.0246875,3.6347786521911623,2.0221076625585557,0.0184375,0.9324107551574707
191,614400,-345.971791356802,-3.459718041867018,-345.971791356802,-3.459718041867018,0.0,345.971791356802,3.459718041867018,375.12391939759254,3.7512391133606435,1.5950121247768403,0.0175,0.006743706448579668,nan,nan,nan,nan,nan,nan,nan,nan,nan,nan,6144,-0.001061061275529207,0.033387250080704686,1.269719421863556,0.006433202233165502,0.07740930840373039,0.07740930840373039,0.14479160830378532,0.001912773711957437,0.01132499990053475,0.8386891484260559,1.0,0.0072451923076923075,0.0004887980769230769,0,0.75,0.75,0.1875,0.0175,3.855974895954132,2.154708897471428,0.0146875,0.9461607527732849
192,617600,-448.1981954574585,-4.481981823444366,-448.1981954574585,-4.481981823444366,0.0,448.1981954574585,4.481981823444366,272.89751529693604,2.728975331783295,2.483109375238419,0.0071875,0.0020635298021636247,nan,nan,nan,nan,nan,nan,nan,nan,nan,nan,6176,-0.0008376220027072167,0.03675819803029299,1.3027714848518372,0.008121436554938554,0.05073626860976219,0.05073626860976219,0.1540129967033863,0.0020126083858497674,0.0064406251418404285,0.8908082246780396,1.0,0.00723076923076923,0.0004876923076923077,0,0.75,0.75,0.09375,0.0071875,5.594435303211212,2.770669151544571,0.0040625,0.92062504529953
193,620800,-351.9520420432091,-3.5195204532146454,-351.9520420432091,-3.5195204532146454,0.0,351.9520420432091,3.5195204532146454,369.14366871118546,3.691436702013016,1.8416840982437135,0.0128125,0.004508769995904433,nan,nan,nan,nan,nan,nan,nan,nan,nan,nan,6208,-0.000531139529254876,0.027449270151555537,1.2842377185821534,0.003925991989672184,0.04033921901136637,0.04033921901136637,0.1351489719003439,0.0012487200488989182,0.002356249972945079,0.9035144448280334,1.0,0.007216346153846153,0.0004865865384615385,0,0.75,0.75,0.15625,0.0128125,3.7643500852584837,2.386503689289093,0.01,0.9160714721679688
194,624000,-407.7124247401953,-4.077124652862548,-407.7124247401953,-4.077124652862548,0.0,407.7124247401953,4.077124652862548,313.38328601419926,3.133832502365113,1.994122279882431,0.0065625,0.0021917942510543314,nan,nan,nan,nan,nan,nan,nan,nan,nan,nan,6240,-0.0011652091710478985,0.033922278881073,1.2730533480644226,0.0066274979151785375,0.059087952971458434,0.059087952971458434,0.1458061955869198,0.002404571016087554,0.013159374984388706,0.8622490763664246,1.0,0.007201923076923076,0.0004854807692307692,0,0.75,0.75,0.09375,0.0065625,4.332053813934326,2.7891917419433594,0.003125,0.9127679002285004
195,627200,-379.44352197647095,-3.7944354128837587,-379.44352197647095,-3.7944354128837587,0.0,379.44352197647095,3.7944354128837587,341.6521887779236,3.4165217423439027,2.1411812525987624,0.0065625,0.002089182212764931,nan,nan,nan,nan,nan,nan,nan,nan,nan,nan,6272,-0.000846174614760098,0.02956515345722437,1.2456628322601317,0.004983200319111347,0.07870035134255886,0.07870035134255886,0.1471397764980793,0.0018294425841318014,0.015934374881908298,0.8613147735595703,1.0,0.0071874999999999994,0.000484375,0,0.75,0.75,0.125,0.0065625,4.742897765636444,2.50259086728096,0.0034375,0.9173661148548127
196,630400,-336.7662413716316,-3.3676622211933136,-336.7662413716316,-3.3676622211933136,0.0,336.7662413716316,3.3676622211933136,384.3294693827629,3.843294934034348,1.5393602710962295,0.0090625,0.003568812233203823,nan,nan,nan,nan,nan,nan,nan,nan,nan,nan,6304,-0.0008949234649771931,0.02368508856743574,1.2914870858192444,0.0016836847644299269,0.0755599733442068,0.0755599733442068,0.11645602732896805,0.0019197781963170304,0.013809375138953328,0.8798620104789734,1.0,0.007173076923076923,0.0004832692307692308,0,0.75,0.75,0.09375,0.0090625,4.280320707559586,2.002167171239853,0.0053125,0.9458482563495636
197,633600,-348.8597072660923,-3.4885969665646552,-348.8597072660923,-3.4885969665646552,0.0,348.8597072660923,3.4885969665646552,372.23600348830223,3.722360188663006,1.7486011701822282,0.028125,0.010232477634481743,nan,nan,nan,nan,nan,nan,nan,nan,nan,nan,6336,-0.0011360691716196137,0.0379070146009326,1.2643208503723145,0.008766602724790573,0.0729303564876318,0.0729303564876318,0.1153717152774334,0.002437211241341615,0.02142499969340861,0.8235410451889038,1.0,0.007158653846153846,0.00048216346153846155,0,0.75,0.75,0.1875,0.028125,4.888547893762588,2.0799866414070127,0.019375,0.9430803996324539
198,636800,-325.0376682281494,-3.250376605093479,-325.0376682281494,-3.250376605093479,0.0,325.0376682281494,3.250376605093479,396.0580425262451,3.9605805501341824,1.614804350733757,0.015625,0.005975590485619075,nan,nan,nan,nan,nan,nan,nan,nan,nan,nan,6368,-0.0013330585861695,0.029159301333129405,1.2866559386253358,0.004054425098001957,0.05786454901099205,0.05786454901099205,0.103280358761549,0.0023443003854493986,0.01715937487751944,0.8831380605697632,1.0,0.007144230769230769,0.0004810576923076923,0,0.75,0.75,0.15625,0.015625,3.3133980059623718,2.248286638259888,0.0103125,0.9214286202192307
199,640000,-334.9139577150345,-3.3491396214067937,-334.9139577150345,-3.3491396214067937,0.0,334.9139577150345,3.3491396214067937,386.18175303936005,3.861817533820868,1.549567878842354,0.0234375,0.009192734264695055,nan,nan,nan,nan,nan,nan,nan,nan,nan,nan,6400,-0.0007056616138928718,0.03627275787293911,1.291564404964447,0.008222111966460943,0.05716972164809704,0.05716972164809704,0.14774075597524644,0.0012744913612563313,0.0029000000009546056,0.892463207244873,1.0,0.007129807692307692,0.0004799519230769231,0,0.75,0.75,0.28125,0.0234375,4.511565158367157,2.0095131570100784,0.0165625,0.9655357486009598
200,643200,-271.4895761311054,-2.7148958522081377,-271.4895761311054,-2.7148958522081377,0.0,271.4895761311054,2.7148958522081377,449.6061346232891,4.496061303019523,1.2344018357992173,0.0228125,0.010209667587316609,-343.7689913213253,-3.4376899132132532,-343.7689913213253,-3.4376899132132532,100.0,2.000827496498823,0.0,0.0,343.7689913213253,469.3357914984226,6432,-0.0011455206115030593,0.026953256875276565,1.2643825650215148,0.0033345398493111133,0.10805732905864715,0.10805732905864715,0.13312735185027122,0.002037794694480419,0.012837499985471368,0.8800402879714966,1.0,0.007115384615384615,0.0004788461538461538,0,0.75,0.75,0.15625,0.0228125,3.8920460569858553,1.4556047415733337,0.0159375,0.9189286130666733
201,646400,-391.3439905643463,-3.913439696729183,-391.3439905643463,-3.913439696729183,0.0,391.3439905643463,3.913439696729183,329.7517201900482,3.2975174584984783,1.849318168759346,0.02,0.00701922313179522,nan,nan,nan,nan,nan,nan,nan,nan,nan,nan,6464,-0.000880549105885442,0.04069822914898395,1.2415504336357117,0.010652363393455743,0.07403682209551335,0.07403682209551335,0.1457325130701065,0.0017519242857829264,0.013578124856576324,0.8654342889785767,1.0,0.007100961538461539,0.0004777403846153846,0,0.75,0.75,0.21875,0.02,4.599025671482086,2.425210860967636,0.015,0.9431696861982346
202,649600,-325.27990102767944,-3.2527990812063217,-325.27990102767944,-3.2527990812063217,0.0,325.27990102767944,3.2527990812063217,395.8158097267151,3.95815807402134,1.3397301971912383,0.0178125,0.00761305727531459,nan,nan,nan,nan,nan,nan,nan,nan,nan,nan,6496,-0.0007940496914146889,0.020252060238271953,1.2558592915534974,0.0004322855733335018,0.09331837892532349,0.09331837892532349,0.10614866018295288,0.0018498099569129079,0.016218749864492565,0.8884485960006714,1.0,0.007086538461538462,0.00047663461538461537,0,0.75,0.75,0.15625,0.0178125,4.023169897794723,1.8664627730846406,0.011875,0.950982186794281
203,652800,-266.26633071899414,-2.662663340270519,-266.26633071899414,-2.662663340270519,0.0,266.26633071899414,2.662663340270519,454.8293800354004,4.548293814957143,1.1189383780956268,0.05375,0.025366476229623645,nan,nan,nan,nan,nan,nan,nan,nan,nan,nan,6528,-0.0008332949436735682,0.03899623472243548,1.2810841083526612,0.009604847896844149,0.0766588419675827,0.0766588419675827,0.14225159510970115,0.0020991755925947324,0.014524999738205225,0.8486803770065308,1.0,0.007072115384615385,0.0004755288461538461,0,0.75,0.75,0.25,0.05375,3.6216313683986665,2.038392168879509,0.0396875,0.9466518342494965
204,656000,-337.6214463710785,-3.376214376091957,-337.6214463710785,-3.376214376091957,0.0,337.6214463710785,3.376214376091957,383.47426438331604,3.8347427791357043,1.7268891060352325,0.018125,0.006646768275206061,nan,nan,nan,nan,nan,nan,nan,nan,nan,nan,6560,-0.0007210142849158774,0.029919440671801568,1.290044867992401,0.005133966263383627,0.09575717411935329,0.09575717411935329,0.15038179382681846,0.0021130404900772002,0.010903124947435571,0.9004994034767151,1.0,0.007057692307692307,0.0004744230769230769,0,0.75,0.75,0.15625,0.018125,3.6393004596233367,2.1167893838882446,0.015,0.9461161172389985
205,659200,-372.9018757343292,-3.729018884897232,-372.9018757343292,-3.729018884897232,0.0,372.9018757343292,3.729018884897232,348.1938350200653,3.4819382703304296,1.7160337883234025,0.0109375,0.0040270117577409364,nan,nan,nan,nan,nan,nan,nan,nan,nan,nan,6592,-0.0004899276930314999,0.027409775741398336,1.2937673807144165,0.004102607723325491,0.054830482229590416,0.054830482229590416,0.1296504907310009,0.0015852316690154848,0.010350000043399633,0.8989182710647583,1.0,0.0070432692307692306,0.00047331730769230773,0,0.75,0.75,0.09375,0.0109375,5.028745181560517,2.0163144165277482,0.009375,0.9491964745521545
206,662400,-364.0730523467064,-3.640730521380901,-364.0730523467064,-3.640730521380901,0.0,364.0730523467064,3.640730521380901,357.02265840768814,3.5702266338467603,1.910595915913582,0.0384375,0.013206058522189323,nan,nan,nan,nan,nan,nan,nan,nan,nan,nan,6624,-0.0005422723830619258,0.03854060247540474,1.2787654161453248,0.009739783871918917,0.0572906743735075,0.0572906743735075,0.13062768802046776,0.0008027901167237128,0.002887499995995313,0.8743743896484375,1.0,0.007028846153846154,0.0004722115384615385,0,0.75,0.75,0.21875,0.0384375,4.273112195730209,2.8156265127658844,0.024375,0.9210714673995972
207,665600,-340.91158413887024,-3.409115821123123,-340.91158413887024,-3.409115821123123,0.0,340.91158413887024,3.409115821123123,380.1841266155243,3.8018413341045383,1.5227926218509673,0.0103125,0.004087731948587096,nan,nan,nan,nan,nan,nan,nan,nan,nan,nan,6656,-0.0007975044558406807,0.02236398421227932,1.284043514728546,0.0013776631094515324,0.05919557251036167,0.05919557251036167,0.10339094698429108,0.0015728589769436092,0.01260937515180558,0.8768571615219116,1.0,0.007014423076923077,0.00047110576923076923,0,0.75,0.75,0.125,0.0103125,3.221773929595947,2.0274240243434907,0.0053125,0.9332143235206604
208,668800,-352.2595316171646,-3.5225954800844193,-352.2595316171646,-3.5225954800844193,0.0,352.2595316171646,3.5225954800844193,368.8361791372299,3.688361675143242,1.546397349834442,0.0084375,0.003313504862290474,nan,nan,nan,nan,nan,nan,nan,nan,nan,nan,6688,-0.0008031108225754008,0.02330165859311819,1.3055477857589721,0.0017088836524635554,0.06115439236164093,0.06115439236164093,0.12220406681299209,0.0015041246475460432,0.009146874918951654,0.8874292969703674,1.0,0.007,0.00047000000000000004,0,0.75,0.75,0.125,0.0084375,4.849290688037872,1.8298556578159333,0.008125,0.9304911118745803
209,672000,-331.98751962184906,-3.3198749813437463,-331.98751962184906,-3.3198749813437463,0.0,331.98751962184906,3.3198749813437463,389.10819113254547,3.891082173883915,1.5653835761547088,0.0159375,0.0062125212573041246,nan,nan,nan,nan,nan,nan,nan,nan,nan,nan,6720,-0.0009710983931872974,0.02068587616086006,1.2879137992858887,0.00037501873448491095,0.06306525394320488,0.06306525394320488,0.12300413772463799,0.0012083693618491383,0.005540625139474287,0.9072566032409668,1.0,0.006985576923076923,0.0004688942307692308,0,0.75,0.75,0.1875,0.0159375,4.133754185438156,1.8707154756784439,0.0128125,0.9064286124706268
210,675200,-329.0468399524689,-3.29046860396862,-329.0468399524689,-3.29046860396862,0.0,329.0468399524689,3.29046860396862,392.04887080192566,3.9204885512590413,1.6142739295959472,0.0225,0.008606596173904973,nan,nan,nan,nan,nan,nan,nan,nan,nan,nan,6752,-0.0010661817368119663,0.026626369915902615,1.2624526143074035,0.0034462517127394677,0.11585283279418945,0.11585283279418945,0.10537212118506431,0.0020425774753689337,0.01261562507133931,0.8808659315109253,1.0,0.006971153846153846,0.00046778846153846154,0,0.75,0.75,0.125,0.0225,4.308085676431656,1.8763711500167846,0.01375,0.9415178954601288
211,678400,-341.98759640194476,-3.4198759710788726,-341.98759640194476,-3.4198759710788726,0.0,341.98759640194476,3.4198759710788726,379.1081143524498,3.791081184148789,1.7628573620319365,0.0028125,0.0010179678613345259,nan,nan,nan,nan,nan,nan,nan,nan,nan,nan,6784,-0.0006419969164417338,0.02114795483648777,1.2532494068145752,0.0012134614400565625,0.054551655799150466,0.054551655799150466,0.09436073079705239,0.0015983323046398095,0.012578125034633559,0.8861671090126038,1.0,0.006956730769230769,0.0004666826923076923,0,0.75,0.75,0.03125,0.0028125,3.558373351097107,2.073594314455986,0.001875,0.9436607563495636
212,681600,-341.3225572705269,-3.4132254552841186,-341.3225572705269,-3.4132254552841186,0.0,341.3225572705269,3.4132254552841186,379.77315348386765,3.797731699943543,1.6344094890356065,0.0259375,0.009845659950722046,nan,nan,nan,nan,nan,nan,nan,nan,nan,nan,6816,-0.0010521606526570303,0.026329066418111325,1.2377864837646484,0.003519278205931187,0.0929750643670559,0.0929750643670559,0.12075045555830002,0.0014450964736184616,0.011253124848008157,0.9031232595443726,1.0,0.006942307692307692,0.00046557692307692305,0,0.75,0.75,0.125,0.0259375,3.7383854067325593,1.9770030039548874,0.016875,0.9268304008245468
213,684800,-319.30498945713043,-3.193049985766411,-319.30498945713043,-3.193049985766411,0.0,319.30498945713043,3.193049985766411,401.7907212972641,4.0179071694612505,1.8430943405628204,0.028125,0.009892390695143926,nan,nan,nan,nan,nan,nan,nan,nan,nan,nan,6848,-0.0006900013350125356,0.0252656701952219,1.2258474946022033,0.0034503037109971046,0.07612876743078231,0.07612876743078231,0.104103172570467,0.0014770293470079024,0.010518750082701445,0.9033092856407166,1.0,0.006927884615384615,0.00046447115384615385,0,0.75,0.75,0.25,0.028125,4.0245638275146485,2.237952160835266,0.0134375,0.8943750417232513
214,688000,-437.61256194114685,-4.376125825643539,-437.61256194114685,-4.376125825643539,0.0,437.61256194114685,4.376125825643539,283.4831488132477,2.834831329584122,2.2176254218816758,0.015625,0.0048560655611871876,nan,nan,nan,nan,nan,nan,nan,nan,nan,nan,6880,-0.0007169746643805652,0.027085095457732678,1.2346383929252625,0.0042899479158222675,0.05389758832752704,0.05389758832752704,0.11578196361660957,0.0012655098456903022,0.007940624933689832,0.9095579385757446,1.0,0.0069134615384615385,0.0004633653846153846,0,0.75,0.75,0.09375,0.015625,5.6889516901969905,2.5786144411563874,0.0134375,0.9540178996324539
215,691200,-287.8621129989624,-2.878621252775192,-287.8621129989624,-2.878621252775192,0.0,287.8621129989624,2.878621252775192,433.23359775543213,4.332335902452469,1.467932284474373,0.0428125,0.017347518110335157,nan,nan,nan,nan,nan,nan,nan,nan,nan,nan,6912,-0.0010205255293286974,0.024974765442311763,1.2336459636688233,0.002955886209383607,0.09677899554371834,0.09677899554371834,0.10788257122039795,0.0013747624245312128,0.009453124878928066,0.9048912525177002,1.0,0.006899038461538462,0.00046225961538461536,0,0.75,0.75,0.3125,0.0428125,4.293353371620178,1.7075028616189956,0.0346875,0.935669686794281
216,694400,-295.34213449060917,-2.953421470671892,-295.34213449060917,-2.953421470671892,0.0,295.34213449060917,2.953421470671892,425.75357626378536,4.257535684555769,1.5911040645837784,0.0409375,0.015799249655600377,nan,nan,nan,nan,nan,nan,nan,nan,nan,nan,6944,-0.000927090271841724,0.030265348218381404,1.2586899518966674,0.00553998751565814,0.08796547874808311,0.08796547874808311,0.1169596754014492,0.0018885114652234455,0.016181249950750497,0.903830885887146,1.0,0.006884615384615385,0.00046115384615384616,0,0.75,0.75,0.28125,0.0409375,4.639092495441437,2.024779143333435,0.033125,0.8676786130666733
217,697600,-362.6424446105957,-3.6264245718717576,-362.6424446105957,-3.6264245718717576,0.0,362.6424446105957,3.6264245718717576,358.4532661437988,3.584532583355904,1.5105599963665008,0.013125,0.00522791728498647,nan,nan,nan,nan,nan,nan,nan,nan,nan,nan,6976,-0.0007423241237061618,0.023365040123462678,1.2278733491897582,0.0025044696405529974,0.07730040289461612,0.07730040289461612,0.11343983262777328,0.0015812608915453472,0.011453125029220246,0.9150497913360596,1.0,0.006870192307692308,0.00046004807692307697,0,0.75,0.75,0.125,0.013125,4.727274129390716,2.2479416126012803,0.01,0.9131250423192978
218,700800,-380.31206154823303,-3.8031206890940665,-380.31206154823303,-3.8031206890940665,0.0,380.31206154823303,3.8031206890940665,340.7836492061615,3.407836466133595,1.7031198614835739,0.053125,0.019653216550613112,nan,nan,nan,nan,nan,nan,nan,nan,nan,nan,7008,-0.0006445004912209562,0.04323927275836468,1.2467698574066162,0.012427570018917321,0.10133866406977177,0.10133866406977177,0.12846363037824632,0.0006604336660543575,0.00387500001816079,0.8917815685272217,1.0,0.006855769230769231,0.0004589423076923077,0,0.75,0.75,0.25,0.053125,5.022322075366974,2.264198498725891,0.0296875,0.9569196838140488
219,704000,-343.693493694067,-3.4369346472620963,-343.693493694067,-3.4369346472620963,0.0,343.693493694067,3.4369346472620963,377.40221706032753,3.774022507965565,1.4265404057502746,0.0246875,0.010173949686350575,nan,nan,nan,nan,nan,nan,nan,nan,nan,nan,7040,-0.0006852063727379232,0.02758699469268322,1.2313307046890258,0.004684331361204386,0.09001370593905449,0.09001370593905449,0.11609430387616157,0.0011845403583734316,0.0061031249584630135,0.9032353758811951,1.0,0.0068413461538461545,0.00045783653846153847,0,0.75,0.75,0.21875,0.0246875,4.001647202968598,1.7632403349876404,0.013125,0.900580398440361
220,707200,-311.578753888607,-3.115787638425827,-311.578753888607,-3.115787638425827,0.0,311.578753888607,3.115787638425827,409.5169568657875,4.0951695168018345,1.4712987869977951,0.01125,0.004552262178571627,-352.2069998383522,-3.522069998383522,-352.2069998383522,-3.522069998383522,100.0,2.0183696976304053,0.0,0.0,352.2069998383522,460.8977829813957,7072,-0.0004863174425569383,0.018495477363467218,1.2743434071540833,6.15767203271389e-05,0.04254088867455721,0.04254088867455721,0.09088960289955139,0.0008270166672458593,0.0038281249901046975,0.9346264004707336,1.0,0.006826923076923076,0.0004567307692307692,0,0.75,0.75,0.09375,0.01125,3.7963620936870575,1.7213002616167068,0.008125,0.9235714697837829
221,710400,-237.81143450737,-2.3781142967939375,-237.81143450737,-2.3781142967939375,0.0,237.81143450737,2.3781142967939375,483.28427624702454,4.8328428584337235,1.408454219698906,0.061875,0.025690751974407608,nan,nan,nan,nan,nan,nan,nan,nan,nan,nan,7104,-0.0007242976824520131,0.027213225699961187,1.27866530418396,0.004171407967805863,0.0886539775878191,0.0886539775878191,0.11879265978932381,0.0009562588347775267,0.004131250060163438,0.9017889499664307,1.0,0.006812499999999999,0.000455625,0,0.75,0.75,0.375,0.061875,3.979832639694214,1.6193393671512604,0.0465625,0.9478125423192978
222,713600,-349.2278535962105,-3.4922786140441895,-349.2278535962105,-3.4922786140441895,0.0,349.2278535962105,3.4922786140441895,371.86785715818405,3.718678541183472,1.4602665776014327,0.019375,0.007875162869094092,nan,nan,nan,nan,nan,nan,nan,nan,nan,nan,7136,-0.0005498005589179122,0.02717235330492258,1.2778220772743225,0.004349643364548683,0.06261291988193989,0.06261291988193989,0.11782615631818771,0.00114065196394349,0.0031750000605825337,0.9156004190444946,1.0,0.006798076923076922,0.0004545192307692308,0,0.75,0.75,0.15625,0.019375,3.3576058840751646,2.349729523062706,0.011875,0.9501786136627197
223,716800,-339.14856791496277,-3.3914858067035674,-339.14856791496277,-3.3914858067035674,0.0,339.14856791496277,3.3914858067035674,381.94714283943176,3.819471348524094,1.6794979298114776,0.0078125,0.0029156581585975203,nan,nan,nan,nan,nan,nan,nan,nan,nan,nan,7168,-0.0007123389727785145,0.016092656925320626,1.2876559734344482,-0.0014010229147970676,0.05142542421817779,0.05142542421817779,0.08607892878353596,0.001926266147348886,0.012428124708821996,0.925984263420105,1.0,0.0067836538461538455,0.00045341346153846153,0,0.75,0.75,0.125,0.0078125,4.208651067018509,2.0900670313835144,0.0040625,0.9156696903705597
224,720000,-369.74175667762756,-3.697417548298836,-369.74175667762756,-3.697417548298836,0.0,369.74175667762756,3.697417548298836,351.35395407676697,3.5135396069288256,1.9380800515413283,0.0209375,0.007126252393639209,nan,nan,nan,nan,nan,nan,nan,nan,nan,nan,7200,-0.0007324830265192262,0.025530307739973068,1.2718554854393005,0.00342318769544363,0.05529826246201992,0.05529826246201992,0.11005927100777627,0.0010462923222816635,0.006081250071292743,0.9066325426101685,1.0,0.006769230769230769,0.0004523076923076923,0,0.75,0.75,0.1875,0.0209375,4.245334796905517,2.521970226764679,0.0121875,0.931651828289032
225,723200,-275.10772800445557,-2.751077334880829,-275.10772800445557,-2.751077334880829,0.0,275.10772800445557,2.751077334880829,445.98798274993896,4.459879820346833,1.457041100859642,0.0471875,0.019205010442637924,nan,nan,nan,nan,nan,nan,nan,nan,nan,nan,7232,-0.0010213257872790926,0.02978391870856285,1.298332679271698,0.005100646056234837,0.07363172173500061,0.07363172173500061,0.1230483777821064,0.001588479488056168,0.006640625139698386,0.8838586211204529,1.0,0.006754807692307692,0.0004512019230769231,0,0.75,0.75,0.1875,0.0471875,3.4665486097335814,1.9934488642215729,0.0246875,0.9378571885824204
226,726400,-335.8420157432556,-3.3584201148152353,-335.8420157432556,-3.3584201148152353,0.0,335.8420157432556,3.3584201148152353,385.2536950111389,3.852537040412426,1.8540019744634628,0.0246875,0.008650134169805933,nan,nan,nan,nan,nan,nan,nan,nan,nan,nan,7264,-0.0009257838745484915,0.024796791188418866,1.3043910145759583,0.00268051428720355,0.05788624919950962,0.05788624919950962,0.10058361142873765,0.0024687928351352505,0.015265624690800905,0.901157021522522,1.0,0.006740384615384615,0.00045009615384615384,0,0.75,0.75,0.21875,0.0246875,3.8819193601608277,2.265426267981529,0.0175,0.8716964709758759
227,729600,-324.4325872659683,-3.2443257319927215,-324.4325872659683,-3.2443257319927215,0.0,324.4325872659683,3.2443257319927215,396.6631234884262,3.96663142323494,1.6578022289276122,0.023125,0.008700797880409119,nan,nan,nan,nan,nan,nan,nan,nan,nan,nan,7296,-0.0005855704287067276,0.022306972183287144,1.2759721279144287,0.0019857765175402163,0.056292548030614856,0.056292548030614856,0.08612481951713562,0.0015661114550324586,0.00904375002719462,0.9241644144058228,1.0,0.006725961538461538,0.00044899038461538465,0,0.75,0.75,0.15625,0.023125,4.4481075215339665,1.9943262362480163,0.01625,0.9320982551574707
228,732800,-321.6242461800575,-3.216242405772209,-321.6242461800575,-3.216242405772209,0.0,321.6242461800575,3.216242405772209,399.471464574337,3.9947147494554525,1.4193339627981185,0.0125,0.00516671124872026,nan,nan,nan,nan,nan,nan,nan,nan,nan,nan,7328,-0.0005795868204761412,0.018908526469022035,1.3030223965644836,0.00012939171865582465,0.04538626819849014,0.04538626819849014,0.08720659464597702,0.0009991193925101107,0.004421874962281436,0.913023054599762,1.0,0.0067115384615384615,0.0004478846153846154,0,0.75,0.75,0.15625,0.0125,3.9228538048267363,1.887613452076912,0.00875,0.9332143276929855
229,736000,-346.3563232421875,-3.46356326431036,-346.3563232421875,-3.46356326431036,0.0,346.3563232421875,3.46356326431036,374.73938751220703,3.7473938909173015,1.6000913077592849,0.021875,0.008413166081790992,nan,nan,nan,nan,nan,nan,nan,nan,nan,nan,7360,-0.0007882263375548426,0.020283378195017576,1.3258556127548218,0.0004740547388792038,0.061707047000527385,0.061707047000527385,0.09163549691438674,0.0020188659822463818,0.013446875149384141,0.905585765838623,1.0,0.006697115384615385,0.00044677884615384615,0,0.75,0.75,0.15625,0.021875,4.054288108348846,2.002472214102745,0.0175,0.9480804038047791
230,739200,-330.3288951218128,-3.3032888942956924,-330.3288951218128,-3.3032888942956924,0.0,330.3288951218128,3.3032888942956924,390.7668156325817,3.907668260931969,1.4082706409692765,0.025,0.010380893066876423,nan,nan,nan,nan,nan,nan,nan,nan,nan,nan,7392,-0.0007712360806588769,0.02010566359385848,1.2971456170082092,0.0006131707690656185,0.042478233203291894,0.042478233203291894,0.09635593369603157,0.0018046761346353357,0.008115624976926483,0.9036385416984558,1.0,0.006682692307692308,0.0004456730769230769,0,0.75,0.75,0.3125,0.025,3.6741671705245973,1.7381620997190474,0.0125,0.9016964709758759
231,742400,-392.6743063926697,-3.9267429518699646,-392.6743063926697,-3.9267429518699646,0.0,392.6743063926697,3.9267429518699646,328.42140436172485,3.284214203357697,2.053316724896431,0.00375,0.0012281726194413062,nan,nan,nan,nan,nan,nan,nan,nan,nan,nan,7424,-0.0008489669782749231,0.018785366602241994,1.2848538517951966,-2.40350142121315e-05,0.04364089481532574,0.04364089481532574,0.09013094305992127,0.0015854127512296954,0.009125000052154063,0.9085642099380493,1.0,0.00666826923076923,0.0004445673076923077,0,0.75,0.75,0.0625,0.00375,4.255485693216324,2.4690711265802383,0.0028125,0.9454911172389984
232,745600,-322.34764564037323,-3.223476677238941,-322.34764564037323,-3.223476677238941,0.0,322.34764564037323,3.223476677238941,398.7480651140213,3.9874804779887203,1.405627977848053,0.0365625,0.015198734108798845,nan,nan,nan,nan,nan,nan,nan,nan,nan,nan,7456,-0.0012004095768322286,0.01863233745098114,1.237302803993225,-0.00011706347577273845,0.07864163182675839,0.07864163182675839,0.0673795398324728,0.001931069699641317,0.014540624676374136,0.9123008251190186,1.0,0.006653846153846153,0.00044346153846153846,0,0.75,0.75,0.34375,0.0365625,3.0420319479703903,2.2598075169324874,0.02125,0.9530357533693313
233,748800,-351.1529612541199,-3.5115296982228754,-351.1529612541199,-3.5115296982228754,0.0,351.1529612541199,3.5115296982228754,369.94274950027466,3.699427457004786,1.86174349963665,0.031875,0.011138314808454045,nan,nan,nan,nan,nan,nan,nan,nan,nan,nan,7488,-0.001086332505336074,0.022225131280720234,1.247791051864624,0.0017416206188499927,0.07442755699157715,0.07442755699157715,0.07853873334825039,0.002661092803465607,0.021112500035087578,0.9162670373916626,1.0,0.006639423076923077,0.0004423557692307692,0,0.75,0.75,0.15625,0.031875,4.953728549480438,2.244504828453064,0.026875,0.895848258137703
234,752000,-393.58823478221893,-3.935882288813591,-393.58823478221893,-3.935882288813591,0.0,393.58823478221893,3.935882288813591,327.5074759721756,3.2750748664140703,1.8839193379878998,0.006875,0.0023839085613249723,nan,nan,nan,nan,nan,nan,nan,nan,nan,nan,7520,-0.0007803982432233348,0.0231088999658823,1.2737776637077332,0.0023352747783064844,0.04581805355846882,0.04581805355846882,0.09484494403004647,0.002273699217040711,0.0063312500940810425,0.8594476580619812,1.0,0.006625,0.00044125,0,0.75,0.75,0.125,0.006875,4.2127149498462675,2.2073889207839965,0.0046875,0.9374553978443145
235,755200,-286.0517982840538,-2.8605180318653582,-286.0517982840538,-2.8605180318653582,0.0,286.0517982840538,2.8605180318653582,435.04391247034073,4.350439123362303,1.4621378600597381,0.031875,0.012946066309717777,nan,nan,nan,nan,nan,nan,nan,nan,nan,nan,7552,-0.00045074305943946234,0.020030546467751265,1.2815266251564026,0.0010928998701274395,0.06671852804720402,0.06671852804720402,0.10018065199255943,0.0010545677258065023,0.004753124993294477,0.8926042914390564,1.0,0.006610576923076923,0.00044014423076923077,0,0.75,0.75,0.25,0.031875,3.7996311140060426,1.5599125623703003,0.0240625,0.96316968023777
236,758400,-303.0104980170727,-3.0301047363877296,-303.0104980170727,-3.0301047363877296,0.0,303.0104980170727,3.0301047363877296,418.08521273732185,4.180852418839931,1.521448380947113,0.041875,0.016607518248805395,nan,nan,nan,nan,nan,nan,nan,nan,nan,nan,7584,-0.0007757845138316455,0.022855408303439618,1.2440160512924194,0.0024461982771754264,0.061992884054780005,0.061992884054780005,0.0838462270796299,0.0009429954938254874,0.004725000038160942,0.8972297310829163,1.0,0.006596153846153846,0.0004390384615384616,0,0.75,0.75,0.28125,0.041875,5.016658636331559,1.7247166955471038,0.0334375,0.8905357551574707
237,761600,-349.69338624179363,-3.496933935880661,-349.69338624179363,-3.496933935880661,0.0,349.69338624179363,3.496933935880661,371.4023245126009,3.7140232193470006,1.7024671864509582,0.03375,0.012488588268234452,nan,nan,nan,nan,nan,nan,nan,nan,nan,nan,7616,-0.0010433464375557478,0.021306260116398336,1.2401956796646119,0.0014471498783677817,0.0793577641248703,0.0793577641248703,0.07863167151808739,0.002507767787029978,0.021365624979807762,0.9166514873504639,1.0,0.006581730769230769,0.00043793269230769233,0,0.75,0.75,0.21875,0.03375,3.893074165582657,2.7626530063152313,0.0209375,0.9167857533693313
238,764800,-308.3129801750183,-3.083129894733429,-308.3129801750183,-3.083129894733429,0.0,308.3129801750183,3.083129894733429,412.7827305793762,4.127827260494232,1.5571566420793532,0.04375,0.01710884631784804,nan,nan,nan,nan,nan,nan,nan,nan,nan,nan,7648,-0.0012981377098360447,0.024299516528844833,1.2260824680328368,0.0027995597571134566,0.0827878974378109,0.0827878974378109,0.0893630925565958,0.001712176461298114,0.007746874846634455,0.8849679231643677,1.0,0.006567307692307692,0.0004368269230769231,0,0.75,0.75,0.28125,0.04375,3.4441023004055022,2.3376043277978895,0.0309375,0.9083036172389984
239,768000,-310.5397887825966,-3.105397872030735,-310.5397887825966,-3.105397872030735,0.0,310.5397887825966,3.105397872030735,410.55592197179794,4.105559283196927,1.2626868414878845,0.0315625,0.013949124298281294,nan,nan,nan,nan,nan,nan,nan,nan,nan,nan,7680,-0.0011695763458963392,0.020431818440556526,1.2657500624656677,0.000752018392086029,0.09089857451617718,0.09089857451617718,0.07433791607618331,0.002416267178342872,0.0181093748746207,0.9019871950149536,1.0,0.006552884615384615,0.00043572115384615383,0,0.75,0.75,0.25,0.0315625,3.8109149849414825,1.776605376601219,0.024375,0.9313393270969391
240,771200,-349.7657878398895,-3.4976579320430754,-349.7657878398895,-3.4976579320430754,0.0,349.7657878398895,3.4976579320430754,371.329922914505,3.713299223184586,1.5779873782396316,0.031875,0.01236429637672071,-297.31937515735626,-2.9731937515735627,-297.31937515735626,-2.9731937515735627,100.0,1.54341297570616,0.0,0.0,297.31937515735626,515.7854076623917,7712,-0.0005216236425149123,0.020917563140392302,1.2410767078399658,0.0018224259838461876,0.07085174955427646,0.07085174955427646,0.08440521880984306,0.0009606343519422006,0.0035624999887659214,0.897841215133667,1.0,0.006538461538461538,0.0004346153846153846,0,0.75,0.75,0.15625,0.031875,4.592808376550675,2.087393765449524,0.0203125,0.9562053990364074
241,774400,-246.86383247375488,-2.4686382818222046,-246.86383247375488,-2.4686382818222046,0.0,246.86383247375488,2.4686382818222046,474.23187828063965,4.742318873405457,1.221342431306839,0.0490625,0.022086869322140493,nan,nan,nan,nan,nan,nan,nan,nan,nan,nan,7744,-0.0008053363461978825,0.020036293752491476,1.2343451738357545,0.001159894885495305,0.06979087442159652,0.06979087442159652,0.08045284785330295,0.0014032096645693207,0.008909375127404928,0.9120662212371826,1.0,0.006524038461538461,0.0004335096153846154,0,0.75,0.75,0.28125,0.0490625,3.445580172538757,1.7531409096717834,0.0321875,0.9230804002285004
242,777600,-308.6202858686447,-3.086202869415283,-308.6202858686447,-3.086202869415283,0.0,308.6202858686447,3.086202869415283,412.4754248857498,4.1247542858123785,1.414762010872364,0.0484375,0.020058912547866913,nan,nan,nan,nan,nan,nan,nan,nan,nan,nan,7776,-0.0009762612493475764,0.023193942941725255,1.2085211277008057,0.002753702085465193,0.1283326480537653,0.1283326480537653,0.08652003556489944,0.0017977906725733564,0.011937500242493116,0.8650150299072266,1.0,0.0065096153846153845,0.00043240384615384614,0,0.75,0.75,0.375,0.0484375,3.6700757920742033,2.2655707383155823,0.0346875,0.9406696856021881
243,780800,-330.84710109233856,-3.3084708878397944,-330.84710109233856,-3.3084708878397944,0.0,330.84710109233856,3.3084708878397944,390.24860966205597,3.902486267387867,1.405412865281105,0.02875,0.01195221012366215,nan,nan,nan,nan,nan,nan,nan,nan,nan,nan,7808,-0.0006802422058753699,0.015837133582681417,1.227008616924286,-0.0007313321810215711,0.07959963604807854,0.07959963604807854,0.07779557518661022,0.001378958764691222,0.007043750042794272,0.9472396969795227,1.0,0.006495192307692308,0.00043129807692307695,0,0.75,0.75,0.1875,0.02875,3.5751885914802553,2.047701753973961,0.02125,0.9544196838140487
244,784000,-301.1584198772907,-3.0115842059254647,-301.1584198772907,-3.0115842059254647,0.0,301.1584198772907,3.0115842059254647,419.9372908771038,4.199372949302196,2.1413096767663955,0.06625,0.021089929620755024,nan,nan,nan,nan,nan,nan,nan,nan,nan,nan,7840,-0.0006834773734444965,0.02161356806755066,1.2053042292594909,0.0023120080586522818,0.12337750941514969,0.12337750941514969,0.09254861921072007,0.0016833619469267791,0.007253125100396574,0.933687150478363,1.0,0.006480769230769231,0.0004301923076923077,0,0.75,0.75,0.34375,0.06625,4.129411237239838,2.482459840774536,0.046875,0.8779018300771714
245,787200,-258.81084102392197,-2.58810822121799,-258.81084102392197,-2.58810822121799,0.0,258.81084102392197,2.58810822121799,462.28486973047256,4.622848934009672,1.3630704224109649,0.0646875,0.027374342883104356,nan,nan,nan,nan,nan,nan,nan,nan,nan,nan,7872,-0.0006543035333539393,0.02601630873978138,1.1999774694442749,0.00459438101388514,0.1821227103471756,0.1821227103471756,0.10816701352596284,0.0013656225783067976,0.007540625010733493,0.9142130613327026,1.0,0.006466346153846154,0.00042908653846153845,0,0.75,0.75,0.34375,0.0646875,3.91237300157547,1.7473187303543092,0.0459375,0.8797768276929855
246,790400,-284.6540868282318,-2.8465410655736925,-284.6540868282318,-2.8465410655736925,0.0,284.6540868282318,2.8465410655736925,436.4416239261627,4.364416089653969,1.3474934113025665,0.03625,0.01544200287228315,nan,nan,nan,nan,nan,nan,nan,nan,nan,nan,7904,-0.0009766947086202072,0.017323923856019975,1.1951841354370116,-2.596867270767689e-05,0.15809598416090012,0.15809598416090012,0.09320200122892856,0.003106291015866891,0.02173750005022157,0.936593234539032,1.0,0.006451923076923077,0.00042798076923076926,0,0.75,0.75,0.3125,0.03625,3.7455136549472807,1.8738196647167207,0.0271875,0.9533929079771042
247,793600,-301.5812764763832,-3.0158127683401106,-301.5812764763832,-3.0158127683401106,0.0,301.5812764763832,3.0158127683401106,419.5144342780113,4.19514438688755,1.501060882806778,0.023125,0.009246076398607425,nan,nan,nan,nan,nan,nan,nan,nan,nan,nan,7936,-0.0009969148498494285,0.018712223134934904,1.2083623886108399,0.0005803639069199562,0.0822887472808361,0.0822887472808361,0.07516661249101161,0.0018993126090223705,0.011809375043958426,0.9320130944252014,1.0,0.0064375000000000005,0.000426875,0,0.75,0.75,0.25,0.023125,4.1358677256107335,1.7102628237009048,0.0109375,0.9763839745521545
248,796800,-242.4516553580761,-2.4245165556669237,-242.4516553580761,-2.4245165556669237,0.0,242.4516553580761,2.4245165556669237,478.64405539631844,4.786440599560738,1.2598137533664704,0.0603125,0.026689146355601996,nan,nan,nan,nan,nan,nan,nan,nan,nan,nan,7968,-0.0007283953388192543,0.021834830194711684,1.1986148476600647,0.002490224130451679,0.08042048923671245,0.08042048923671245,0.08965603336691856,0.0011673437336883815,0.007334374985657632,0.939069390296936,1.0,0.006423076923076924,0.0004257692307692308,0,0.75,0.75,0.34375,0.0603125,3.2467877328395844,1.7643838238716125,0.051875,0.9346428990364075
249,800000,-358.181219547987,-3.5818123511224984,-358.181219547987,-3.5818123511224984,0.0,358.181219547987,3.5818123511224984,362.91449120640755,3.629144804105163,1.7652251768112182,0.0403125,0.014578378765698665,nan,nan,nan,nan,nan,nan,nan,nan,nan,nan,8000,-0.0007972602580674781,0.0258131867274642,1.1708627104759217,0.0046056794933974745,0.10275934375822544,0.10275934375822544,0.09014678932726383,0.0018208422989134609,0.013393749936949462,0.9250101447105408,1.0,0.006408653846153845,0.0004246634615384615,0,0.75,0.75,0.21875,0.0403125,4.2047809839248655,2.3797447472810744,0.021875,0.9441518288850784
250,803200,-302.87894332408905,-3.0287894597649574,-302.87894332408905,-3.0287894597649574,0.0,302.87894332408905,3.0287894597649574,418.2167674303055,4.182167695462704,1.4902241533994676,0.0465625,0.01869811596535852,nan,nan,nan,nan,nan,nan,nan,nan,nan,nan,8032,-0.0006752606522873794,0.020297830924391747,1.1548368453979492,0.002089361473917961,0.1138342186808586,0.1138342186808586,0.07532317452132702,0.0013288871050479369,0.009468749968800694,0.9358013868331909,1.0,0.006394230769230768,0.0004235576923076923,0,0.75,0.75,0.34375,0.0465625,3.874989720582962,1.8895992249250413,0.0290625,0.9216964721679688
251,806400,-254.24413642287254,-2.542441459298134,-254.24413642287254,-2.542441459298134,0.0,254.24413642287254,2.542441459298134,466.851574331522,4.6685156959295275,1.6491732859611512,0.0678125,0.025597608264948522,nan,nan,nan,nan,nan,nan,nan,nan,nan,nan,8064,-0.0011175939840963878,0.018788865581154824,1.1992921233177185,0.0006255855318158865,0.07872363962233067,0.07872363962233067,0.07330373264849185,0.0014844057004682212,0.006559375033248216,0.9539939761161804,1.0,0.006379807692307692,0.00042245192307692307,0,0.75,0.75,0.40625,0.0678125,4.398792407512665,1.7807152491807938,0.0484375,0.9013839733600616
252,809600,-244.96302688121796,-2.449630408734083,-244.96302688121796,-2.449630408734083,0.0,244.96302688121796,2.449630408734083,476.1326838731766,4.7613267464935785,1.4315147012472154,0.0628125,0.025832663058866598,nan,nan,nan,nan,nan,nan,nan,nan,nan,nan,8096,-0.0009761074702371753,0.018519930820912123,1.1649380445480346,0.0008685793727636337,0.06259417459368706,0.06259417459368706,0.08365346565842628,0.0023987917367792764,0.013750000030267984,0.9448763728141785,1.0,0.006365384615384615,0.0004213461538461538,0,0.75,0.75,0.375,0.0628125,3.064259271621704,1.8648904353380202,0.0496875,0.952455398440361
253,812800,-215.55179846286774,-2.1555180096626283,-215.55179846286774,-2.1555180096626283,0.0,215.55179846286774,2.1555180096626283,505.5439122915268,5.055439145565034,1.3010911947488786,0.0690625,0.03001293480136796,nan,nan,nan,nan,nan,nan,nan,nan,nan,nan,8128,-0.0010891816163435485,0.02022073231637478,1.1516466379165649,0.0017071210779249669,0.18134757205843927,0.18134757205843927,0.0677679356187582,0.0017649209854443647,0.009875000023748725,0.9449441432952881,1.0,0.006350961538461538,0.00042024038461538463,0,0.75,0.75,0.3125,0.0690625,3.557652676105499,1.5607738238573075,0.0565625,0.9245089685916901
254,816000,-171.0123564004898,-1.7101236034929752,-171.0123564004898,-1.7101236034929752,0.0,171.0123564004898,1.7101236034929752,550.0833543539047,5.5008335517346865,1.151024719774723,0.0753125,0.035012382381122746,nan,nan,nan,nan,nan,nan,nan,nan,nan,nan,8160,-0.0005208938610623548,0.02108410019427538,1.1718167304992675,0.0025958944112062453,0.15119999647140503,0.15119999647140503,0.08101123012602329,0.0009782765497237395,0.005837499900371768,0.9207592606544495,1.0,0.006336538461538461,0.0004191346153846154,0,0.75,0.75,0.375,0.0753125,2.7012874883413316,1.4106076449155807,0.0490625,0.9124553996324539
255,819200,-230.1700663268566,-2.301700603067875,-230.1700663268566,-2.301700603067875,0.0,230.1700663268566,2.301700603067875,490.9256444275379,4.909256552159786,1.3073423200845717,0.095625,0.041443785418236095,nan,nan,nan,nan,nan,nan,nan,nan,nan,nan,8192,-0.0007557858203654178,0.02829729560762644,1.1551350712776185,0.0060899651143699884,0.11441401690244675,0.11441401690244675,0.08768165111541748,0.0014399542880727178,0.008753125031944364,0.9378051161766052,1.0,0.006322115384615384,0.0004180288461538462,0,0.75,0.75,0.40625,0.095625,3.6475147569179533,2.0553855699300767,0.0671875,0.9370982503890991
256,822400,-225.9057277739048,-2.2590572886914013,-225.9057277739048,-2.2590572886914013,0.0,225.9057277739048,2.2590572886914013,495.18998298048973,4.951899866536261,1.4018518269062041,0.063125,0.026281804436417103,nan,nan,nan,nan,nan,nan,nan,nan,nan,nan,8224,-0.0011905681222327935,0.02234862223267555,1.1625646233558655,0.0026506430469453333,0.09406293258070945,0.09406293258070945,0.0793282724916935,0.0018118518972204314,0.012284374941373244,0.9365241527557373,1.0,0.0063076923076923076,0.00041692307692307694,0,0.75,0.75,0.34375,0.063125,3.712797076702118,1.7068298894166947,0.04875,0.9156696861982345
257,825600,-251.8612181544304,-2.5186121387779714,-251.8612181544304,-2.5186121387779714,0.0,251.8612181544304,2.5186121387779714,469.23449259996414,4.69234501644969,1.3437826377153397,0.066875,0.028532936000067,nan,nan,nan,nan,nan,nan,nan,nan,nan,nan,8256,-0.0007754640699946691,0.021477102488279342,1.1998676180839538,0.0024119970854371785,0.05667361132800579,0.05667361132800579,0.08138010054826736,0.0014617057764569792,0.007325000007404015,0.9482585787773132,1.0,0.006293269230769231,0.0004158173076923077,0,0.75,0.75,0.3125,0.066875,3.579926869869232,1.7701268315315246,0.0440625,0.9359821820259094
258,828800,-306.99866819381714,-3.0699866259098054,-306.99866819381714,-3.0699866259098054,0.0,306.99866819381714,3.0699866259098054,414.0970425605774,4.1409705293178565,1.7746002262830733,0.05125,0.018471129467417302,nan,nan,nan,nan,nan,nan,nan,nan,nan,nan,8288,-0.0006087410025938933,0.02005876787006855,1.2012388110160828,0.001878249552100897,0.05055591575801373,0.05055591575801373,0.07909979373216629,0.0009781409004077641,0.004915624973364174,0.9477108716964722,1.0,0.006278846153846154,0.0004147115384615385,0,0.75,0.75,0.25,0.05125,4.2597069478034975,2.095566256046295,0.0334375,0.9121429032087326
259,832000,-342.32895106077194,-3.4232895982265474,-342.32895106077194,-3.4232895982265474,0.0,342.32895106077194,3.4232895982265474,378.7667596936226,3.787667557001114,1.6609646260738373,0.01625,0.006106807975112515,nan,nan,nan,nan,nan,nan,nan,nan,nan,nan,8320,-0.0010053635557182084,0.01930538276210427,1.2334030747413636,0.0009207691065967083,0.07728642784059048,0.07728642784059048,0.08904345445334912,0.0015279765502796603,0.010593749885447323,0.9373805522918701,1.0,0.006264423076923076,0.00041360576923076925,0,0.75,0.75,0.1875,0.01625,4.204243878126144,2.1959676051139834,0.011875,0.9137053978443146
260,835200,-373.36992168426514,-3.733699294626713,-373.36992168426514,-3.733699294626713,0.0,373.36992168426514,3.733699294626713,347.7257890701294,3.4772578606009485,1.7104353934526444,0.0403125,0.014873071720277596,-333.13052475452423,-3.3313052475452425,-333.13052475452423,-3.3313052475452425,100.0,1.9218600471317768,0.0,0.0,333.13052475452423,479.9742580652237,8352,-0.000662011999968648,0.023867203667759896,1.2681652784347535,0.0033455568365752695,0.05833478458225727,0.05833478458225727,0.11328760161995888,0.0016159153892672117,0.008662500118953175,0.934045672416687,1.0,0.0062499999999999995,0.0004125,0,0.75,0.75,0.1875,0.0403125,4.086850420236588,2.214922171831131,0.0253125,0.9206696873903275
261,838400,-363.2001931667328,-3.6320021200180053,-363.2001931667328,-3.6320021200180053,0.0,363.2001931667328,3.6320021200180053,357.89551758766174,3.578955035209656,1.6987166649103165,0.0246875,0.009147866584512464,nan,nan,nan,nan,nan,nan,nan,nan,nan,nan,8384,-0.0009544975301484015,0.015625450108200312,1.288486397266388,-0.001176228327676654,0.0630449678748846,0.0630449678748846,0.09837818518280983,0.0017554358757491887,0.01206562485313043,0.953486442565918,1.0,0.006235576923076923,0.00041139423076923075,0,0.75,0.75,0.15625,0.0246875,4.834274497032165,2.2077208405733106,0.020625,0.9218750435113907
262,841600,-339.0307624042034,-3.390307819098234,-339.0307624042034,-3.390307819098234,0.0,339.0307624042034,3.390307819098234,382.0649483501911,3.8206493361294274,1.9663934016227722,0.0459375,0.015485977003208605,nan,nan,nan,nan,nan,nan,nan,nan,nan,nan,8416,-0.0007294589967059451,0.020108379982411863,1.2828731179237365,0.0013437801040709018,0.06814174689352512,0.06814174689352512,0.07827257551252842,0.0011397592417792262,0.004993749949790072,0.9469156265258789,1.0,0.006221153846153846,0.00041028846153846156,0,0.75,0.75,0.34375,0.0459375,3.485962600708008,2.437945942282677,0.0359375,0.9644643312692642
263,844800,-315.27061903476715,-3.1527061569690704,-315.27061903476715,-3.1527061569690704,0.0,315.27061903476715,3.1527061569690704,405.8250917196274,4.0582509982585915,1.5936392420530319,0.0365625,0.014096987509742654,nan,nan,nan,nan,nan,nan,nan,nan,nan,nan,8448,-0.0007964881830790915,0.018519393168389797,1.2722807049751281,0.0005665045231580734,0.05088520795106888,0.05088520795106888,0.07547226436436176,0.0019331590701780644,0.01120625025287154,0.9505594372749329,1.0,0.006206730769230769,0.0004091826923076923,0,0.75,0.75,0.28125,0.0365625,4.429142142534256,1.9972546762228012,0.0278125,0.929375039935112
264,848000,-346.7137483358383,-3.467137562483549,-346.7137483358383,-3.467137562483549,0.0,346.7137483358383,3.467137562483549,374.3819624185562,3.7438195927441122,1.712579712867737,0.0384375,0.01417009049270073,nan,nan,nan,nan,nan,nan,nan,nan,nan,nan,8480,-0.0006679111849749563,0.02368379645049572,1.2927216053009034,0.0031690568663179874,0.06620561927556992,0.06620561927556992,0.09723804444074631,0.0016373149337609437,0.007659374922513962,0.9285664558410645,1.0,0.006192307692307692,0.0004080769230769231,0,0.75,0.75,0.21875,0.0384375,4.381924675703049,2.5286142545938493,0.0246875,0.9271429020166397
265,851200,-342.2092673778534,-3.4220928853750228,-342.2092673778534,-3.4220928853750228,0.0,342.2092673778534,3.4220928853750228,378.88644337654114,3.7888642698526387,1.6518744802474976,0.0225,0.00848456447225967,nan,nan,nan,nan,nan,nan,nan,nan,nan,nan,8512,-0.0007634114679240245,0.012797723151743412,1.3064746022224427,-0.00243579912930727,0.049402933567762375,0.049402933567762375,0.06054906472563744,0.0012502851350303077,0.005999999982304871,0.9541332721710205,1.0,0.006177884615384615,0.00040697115384615386,0,0.75,0.75,0.15625,0.0225,4.006070971488953,2.1133886587619783,0.0196875,0.9385714691877365
266,854400,-378.0915107727051,-3.780915181040764,-378.0915107727051,-3.780915181040764,0.0,378.0915107727051,3.780915181040764,343.00419998168945,3.4300419741868975,1.5664917635917663,0.0271875,0.010593254334840142,nan,nan,nan,nan,nan,nan,nan,nan,nan,nan,8544,-0.0006062881584279368,0.01854209862649441,1.3033586621284485,0.0006315600126981735,0.045360373333096504,0.045360373333096504,0.07626927681267262,0.0012848104281158992,0.005706250009825453,0.9546706676483154,1.0,0.006163461538461538,0.0004058653846153846,0,0.75,0.75,0.15625,0.0271875,4.469770128726959,2.003915683031082,0.0221875,0.9480357563495636
267,857600,-373.74469661712646,-3.7374467861652376,-373.74469661712646,-3.7374467861652376,0.0,373.74469661712646,3.7374467861652376,347.35101413726807,3.473510369062424,1.8687282764911652,0.0296875,0.01034866224287779,nan,nan,nan,nan,nan,nan,nan,nan,nan,nan,8576,-0.0008457306931493713,0.026734485290944576,1.2856451272964478,0.004616030305624008,0.1002622365951538,0.1002622365951538,0.10050969943404198,0.0017542922316363969,0.011024999991059303,0.8800132274627686,1.0,0.006149038461538461,0.0004047596153846154,0,0.75,0.75,0.21875,0.0296875,3.8607002651691436,2.4268597906827925,0.01875,0.9301786202192307
268,860800,-319.5656565129757,-3.195656572431326,-319.5656565129757,-3.195656572431326,0.0,319.5656565129757,3.195656572431326,401.53005424141884,4.0153005827963355,1.833203175663948,0.0490625,0.01731697197766356,nan,nan,nan,nan,nan,nan,nan,nan,nan,nan,8608,-0.0004589285913505492,0.019579843804240226,1.2893930912017821,0.0014210626948624849,0.05531601309776306,0.05531601309776306,0.08048470467329025,0.000829018229707241,0.0032249999698251487,0.9427618384361267,1.0,0.006134615384615384,0.0004036538461538462,0,0.75,0.75,0.3125,0.0490625,4.519915750026703,2.0909237229824065,0.038125,0.8893750476837158
269,864000,-309.1670642644167,-3.0916707424819467,-309.1670642644167,-3.0916707424819467,0.0,309.1670642644167,3.0916707424819467,411.92864648997784,4.119286412745715,1.726637424826622,0.034375,0.012607103418668067,nan,nan,nan,nan,nan,nan,nan,nan,nan,nan,8640,-0.0006847404677770008,0.019531403295695783,1.2800730228424073,0.0012466682586818934,0.047754690423607825,0.047754690423607825,0.07062273733317852,0.0010027293212273277,0.004193750070407986,0.9294090270996094,1.0,0.006120192307692307,0.0004025480769230769,0,0.75,0.75,0.21875,0.034375,2.823163185119629,2.6031104242801666,0.01875,0.9284821826219559
270,867200,-340.58875024318695,-3.405887323617935,-340.58875024318695,-3.405887323617935,0.0,340.58875024318695,3.405887323617935,380.5069605112076,3.8050698316097264,1.7108363902568817,0.0321875,0.011873641698070123,nan,nan,nan,nan,nan,nan,nan,nan,nan,nan,8672,-0.0008793569601839302,0.018671285826712847,1.247078001499176,0.0008419151417911053,0.06250396110117436,0.06250396110117436,0.08438503518700599,0.0013529711010063883,0.0046437499753665176,0.9356330633163452,1.0,0.006105769230769231,0.0004014423076923077,0,0.75,0.75,0.15625,0.0321875,5.068365120887757,2.036066336631775,0.0275,0.9143303996324539
271,870400,-397.9121427536011,-3.9791214430332182,-397.9121427536011,-3.9791214430332182,0.0,397.9121427536011,3.9791214430332182,323.18356800079346,3.231835712194443,1.8243666297197343,0.013125,0.004647059578558471,nan,nan,nan,nan,nan,nan,nan,nan,nan,nan,8704,-0.0005616805191674956,0.01558227026835084,1.2498726010322572,-0.0003839518874883652,0.059440916404128075,0.059440916404128075,0.06667516417801381,0.0010978799720773606,0.004731250033364632,0.9489619731903076,1.0,0.006091346153846154,0.0004003365384615385,0,0.75,0.75,0.15625,0.013125,3.847790297269821,2.5300547206401824,0.0096875,0.9423214727640152
272,873600,-408.60353684425354,-4.086035292744636,-408.60353684425354,-4.086035292744636,0.0,408.60353684425354,4.086035292744636,312.492173910141,3.124921862483025,2.0962771582603454,0.02875,0.009285344473539731,nan,nan,nan,nan,nan,nan,nan,nan,nan,nan,8736,-0.000665341139340303,0.018741030991077424,1.2442781567573546,0.00114379171282053,0.08942590281367302,0.08942590281367302,0.07466734610497952,0.0012132133473655177,0.007831250003073364,0.9413896203041077,1.0,0.006076923076923077,0.00039923076923076924,0,0.75,0.75,0.1875,0.02875,4.772638761997223,2.550870049595833,0.0215625,0.942366116642952
273,876800,-276.42165529727936,-2.764216437637806,-276.42165529727936,-2.764216437637806,0.0,276.42165529727936,2.764216437637806,444.6740554571152,4.446740717589856,1.4877216190099716,0.05875,0.023615986431544736,nan,nan,nan,nan,nan,nan,nan,nan,nan,nan,8768,-0.0006153559865313518,0.019792482443153857,1.242842972278595,0.0017461494542658329,0.07877365052700043,0.07877365052700043,0.06676697060465812,0.0009734956798651965,0.006750000016472768,0.937345027923584,1.0,0.0060625,0.000398125,0,0.75,0.75,0.25,0.05875,4.55530519247055,1.6711763387918472,0.038125,0.9361607581377029
274,880000,-336.4313215017319,-3.3643130481243135,-336.4313215017319,-3.3643130481243135,0.0,336.4313215017319,3.3643130481243135,384.66438925266266,3.846644107103348,1.5123020404577254,0.034375,0.013682670095565857,nan,nan,nan,nan,nan,nan,nan,nan,nan,nan,8800,-0.0006107634310726917,0.014112892094999552,1.2570044279098511,-0.0011567766778171062,0.05612969733774662,0.05612969733774662,0.07261182591319085,0.0011870780514086619,0.0056281250086613,0.934089183807373,1.0,0.0060480769230769225,0.0003970192307692308,0,0.75,0.75,0.1875,0.034375,3.6412162375450134,1.774692366719246,0.024375,0.9330357587337494
275,883200,-363.90732276439667,-3.6390732653439044,-363.90732276439667,-3.6390732653439044,0.0,363.90732276439667,3.6390732653439044,357.18838798999786,3.571883889883757,1.8837680369615555,0.0140625,0.004876432438309695,nan,nan,nan,nan,nan,nan,nan,nan,nan,nan,8832,-0.0007742368447797964,0.014883448928594589,1.2589961528778075,-0.0009288593661040068,0.05719548799097538,0.05719548799097538,0.06281306780874729,0.001251348018560259,0.007762499962700531,0.9442151784896851,1.0,0.006033653846153846,0.00039591346153846154,0,0.75,0.75,0.28125,0.0140625,4.350680197477341,2.1017224204540255,0.0109375,0.9675000411272049
276,886400,-355.26111829280853,-3.5526111882925036,-355.26111829280853,-3.5526111882925036,0.0,355.26111829280853,3.5526111882925036,365.834592461586,3.658345966935158,1.9561016869544983,0.0253125,0.008562797454399486,nan,nan,nan,nan,nan,nan,nan,nan,nan,nan,8864,-0.000857584161637348,0.020237185619771482,1.236103641986847,0.001820615166798234,0.060765620321035385,0.060765620321035385,0.06765665784478188,0.001969365446713244,0.009443749807178391,0.9156084060668945,1.0,0.006019230769230769,0.00039480769230769235,0,0.75,0.75,0.15625,0.0253125,4.20961470246315,2.2460957688093184,0.014375,0.9686161178350449
277,889600,-275.74006885290146,-2.757400630712509,-275.74006885290146,-2.757400630712509,0.0,275.74006885290146,2.757400630712509,445.3556419014931,4.453556524515152,1.6383646404743195,0.04375,0.016582241638947493,nan,nan,nan,nan,nan,nan,nan,nan,nan,nan,8896,-0.0005275988494686246,0.013132794015109538,1.20928635597229,-0.0012227336876094342,0.07348575815558434,0.07348575815558434,0.046621334925293925,0.0007187334122150302,0.0022812500166764947,0.961821436882019,1.0,0.006004807692307692,0.0003937019230769231,0,0.75,0.75,0.34375,0.04375,3.37362988114357,2.4046950906515123,0.0334375,0.9005803990364075
278,892800,-309.3537141084671,-3.093536969870329,-309.3537141084671,-3.093536969870329,0.0,309.3537141084671,3.093536969870329,411.74199664592743,4.117420185357332,1.5255086463689804,0.036875,0.014601019106791254,nan,nan,nan,nan,nan,nan,nan,nan,nan,nan,8928,-0.0009345313238910968,0.013006465137004852,1.243330752849579,-0.001879328116774559,0.0822978749871254,0.0822978749871254,0.04620426036417484,0.001860371954536745,0.013146875076927245,0.9549517631530762,1.0,0.005990384615384615,0.00039259615384615385,0,0.75,0.75,0.25,0.036875,4.125616796016693,2.0534967261552812,0.0221875,0.8980803960561752
279,896000,-218.26966084819287,-2.182696513533592,-218.26966084819287,-2.182696513533592,0.0,218.26966084819287,2.182696513533592,502.82604990620166,5.02826064169407,1.4608491086959838,0.0878125,0.035683821364623315,nan,nan,nan,nan,nan,nan,nan,nan,nan,nan,8960,-0.0005201527140452633,0.01975435111671686,1.2379522800445557,0.001959067489951849,0.09014324694871903,0.09014324694871903,0.06934586577117444,0.000874594466587633,0.004371875041033491,0.9499465227127075,1.0,0.005975961538461538,0.0003914903846153846,0,0.75,0.75,0.375,0.0878125,3.93325656414032,1.8870987451076509,0.065625,0.9416518229246139
280,899200,-386.5312957763672,-3.86531304448843,-386.5312957763672,-3.86531304448843,0.0,386.5312957763672,3.86531304448843,334.56441497802734,3.3456441107392316,1.9154031437635421,0.035,0.012005200747234542,-306.2871768474579,-3.062871768474579,-306.2871768474579,-3.062871768474579,100.0,1.6867125196382404,0.0,0.0,306.2871768474579,506.81760597229004,8992,-0.0010180502914008739,0.01764627583324909,1.230664575099945,0.0004684337880462408,0.06776997148990631,0.06776997148990631,0.06646849736571311,0.002236976238783942,0.018049999966751783,0.9515024423599243,1.0,0.005961538461538461,0.00039038461538461536,0,0.75,0.75,0.125,0.035,4.678429598808289,2.542452247142792,0.0259375,0.9295536118745804
281,902400,-321.7755709886551,-3.217755741178989,-321.7755709886551,-3.217755741178989,0.0,321.7755709886551,3.217755741178989,399.32013976573944,3.9932014140486722,1.695108317732811,0.0478125,0.017740474356971674,nan,nan,nan,nan,nan,nan,nan,nan,nan,nan,9024,-0.0005015144217701106,0.012917245272547007,1.2029207348823547,-0.0011968002188950777,0.08274533785879612,0.08274533785879612,0.0507063876837492,0.0010259580536527621,0.0050562500255182385,0.9664539694786072,1.0,0.005947115384615384,0.00038927884615384616,0,0.75,0.75,0.34375,0.0478125,4.162276134490967,2.040956970453262,0.031875,0.9421875423192978
282,905600,-240.52637389302254,-2.405263719558716,-240.52637389302254,-2.405263719558716,0.0,240.52637389302254,2.405263719558716,480.569336861372,4.805693435668946,1.6536095732450484,0.0928125,0.03497594406342957,nan,nan,nan,nan,nan,nan,nan,nan,nan,nan,9056,-0.0012262717732344664,0.01857171058654785,1.2034705519676208,0.00091976304538548,0.10375846475362778,0.10375846475362778,0.0583884671330452,0.0022083152951397006,0.02377499984577298,0.9579988718032837,1.0,0.005932692307692307,0.0003881730769230769,0,0.75,0.75,0.46875,0.0928125,3.0700223350524904,2.131200487613678,0.0609375,0.9266964668035507
283,908800,-319.56609162688255,-3.1956610012054445,-319.56609162688255,-3.1956610012054445,0.0,319.56609162688255,3.1956610012054445,401.529619127512,4.0152961540222165,1.580739683508873,0.0440625,0.017073593389353756,nan,nan,nan,nan,nan,nan,nan,nan,nan,nan,9088,-0.0007004193349566812,0.018456897884607314,1.1882427096366883,0.0014956895727664232,0.10509163960814476,0.10509163960814476,0.07350192219018936,0.0022418585103893586,0.01835624933009967,0.9496210217475891,1.0,0.00591826923076923,0.0003870673076923077,0,0.75,0.75,0.375,0.0440625,4.155988601446151,1.9514477676153184,0.0328125,0.9292411094903946
284,912000,-281.37893134355545,-2.813789359331131,-281.37893134355545,-2.813789359331131,0.0,281.37893134355545,2.813789359331131,439.7167794108391,4.3971677958965305,1.7338159251213074,0.0596875,0.021833035447458477,nan,nan,nan,nan,nan,nan,nan,nan,nan,nan,9120,-0.0005104801628476707,0.01909672524780035,1.2464070320129395,0.0016792871989309787,0.09807824455201626,0.09807824455201626,0.06681142523884773,0.0009968245278302464,0.0031218749994877727,0.9533126950263977,1.0,0.005903846153846154,0.0003859615384615385,0,0.75,0.75,0.28125,0.0596875,3.580011110305786,2.236341772079468,0.0509375,0.9099107557535171
285,915200,-241.53658932447433,-2.4153658828139304,-241.53658932447433,-2.4153658828139304,0.0,241.53658932447433,2.4153658828139304,479.5591214299202,4.795591272413731,1.1726128911972047,0.0840625,0.03869189046083487,nan,nan,nan,nan,nan,nan,nan,nan,nan,nan,9152,-0.0007975344116740501,0.017102985735982658,1.2472441434860229,0.0004084100015461445,0.0956947434693575,0.0956947434693575,0.0692180011421442,0.00160875950096087,0.008218750017113053,0.9578738808631897,1.0,0.005889423076923077,0.0003848557692307692,0,0.75,0.75,0.34375,0.0840625,3.7863131034374238,1.7543192952871323,0.0703125,0.9441518300771713
286,918400,-290.7497979402542,-2.9074979323148726,-290.7497979402542,-2.9074979323148726,0.0,290.7497979402542,2.9074979323148726,430.3459128141403,4.303459222912789,1.612401356101036,0.0415625,0.015909691634072385,nan,nan,nan,nan,nan,nan,nan,nan,nan,nan,9184,-0.000482832262734878,0.01435903524979949,1.2625896096229554,-0.0007210282143205404,0.05419631190598011,0.05419631190598011,0.05236005745828152,0.000796065537725929,0.0011312500148051186,0.9537979364395142,1.0,0.005875,0.00038375000000000003,0,0.75,0.75,0.1875,0.0415625,3.7170104217529296,2.1095749378204345,0.024375,0.9605357599258423
287,921600,-367.2560269832611,-3.672560217678547,-367.2560269832611,-3.672560217678547,0.0,367.2560269832611,3.672560217678547,353.8396837711334,3.5383969375491144,1.6177277386188507,0.0240625,0.009192132415075263,nan,nan,nan,nan,nan,nan,nan,nan,nan,nan,9216,-0.0004212856283920985,0.016706796549260616,1.2487604379653932,0.0006136560346931219,0.03673639968037605,0.03673639968037605,0.07650844007730484,0.0010371163221875872,0.0036718750357977114,0.9626553058624268,1.0,0.005860576923076923,0.0003826442307692308,0,0.75,0.75,0.25,0.0240625,3.6385758650302886,2.2575500297546385,0.0171875,0.9260268300771713
288,924800,-327.0167238265276,-3.270167340040207,-327.0167238265276,-3.270167340040207,0.0,327.0167238265276,3.270167340040207,394.07898692786694,3.9407898151874545,1.784350448846817,0.035625,0.012794725611768684,nan,nan,nan,nan,nan,nan,nan,nan,nan,nan,9248,-0.0006449032567092172,0.015728332009166478,1.2361535787582398,-7.481453940272331e-06,0.06337228082120419,0.06337228082120419,0.0703939937055111,0.001124513171454501,0.005353125001420267,0.9472894668579102,1.0,0.0058461538461538455,0.00038153846153846153,0,0.75,0.75,0.25,0.035625,3.7339096415042876,2.364856559038162,0.0325,0.9286161172389984
289,928000,-398.0687870979309,-3.980687730908394,-398.0687870979309,-3.980687730908394,0.0,398.0687870979309,3.980687730908394,323.0269236564636,3.2302694243192676,2.0884757977724075,0.0271875,0.008802885882935926,nan,nan,nan,nan,nan,nan,nan,nan,nan,nan,9280,-0.0004360874345642696,0.014223446790128946,1.2343727827072144,-0.0005228935740888118,0.0507596492767334,0.0507596492767334,0.0641801681369543,0.000592717780456443,0.0021937500390777132,0.9641541242599487,1.0,0.005831730769230769,0.0003804326923076923,0,0.75,0.75,0.25,0.0271875,4.057730034589768,2.7098188054561616,0.02,0.9285714715719223
290,931200,-322.8379073739052,-3.228378989994526,-322.8379073739052,-3.228378989994526,0.0,322.8379073739052,3.228378989994526,398.25780338048935,3.9825781652331353,1.5559104710817337,0.024375,0.009536719018833165,nan,nan,nan,nan,nan,nan,nan,nan,nan,nan,9312,-0.0009312976519926464,0.013099025096744299,1.2190515756607057,-0.0014733831863850354,0.07077464573085308,0.07077464573085308,0.05606313981115818,0.001667705055298432,0.012684375140815973,0.9569703340530396,1.0,0.005817307692307692,0.0003793269230769231,0,0.75,0.75,0.25,0.024375,4.074025592803955,1.9454774767160417,0.0178125,0.9538393318653107
291,934400,-408.048485994339,-4.08048513263464,-408.048485994339,-4.08048513263464,0.0,408.048485994339,4.08048513263464,313.04722476005554,3.130472022593022,1.9278977102041244,0.018125,0.0061904485040006315,nan,nan,nan,nan,nan,nan,nan,nan,nan,nan,9344,-0.0007258048001268947,0.016000532265752553,1.1859899759292603,0.0003922983072698116,0.0567550603300333,0.0567550603300333,0.06417265199124814,0.0013762562135538879,0.00793124990304932,0.9580501317977905,1.0,0.005802884615384615,0.00037822115384615384,0,0.75,0.75,0.21875,0.018125,4.932652559280395,2.4387448483705523,0.0128125,0.9118750417232513
292,937600,-287.21740967035294,-2.8721741497516633,-287.21740967035294,-2.8721741497516633,0.0,287.21740967035294,2.8721741497516633,433.8783010840416,4.338783005475998,1.307987048625946,0.03625,0.01570632730438472,nan,nan,nan,nan,nan,nan,nan,nan,nan,nan,9376,-0.0005962104964826632,0.014749204553663731,1.2021937608718871,-0.00018046079203486441,0.08628336749970913,0.08628336749970913,0.06680467054247856,0.0014806532781235795,0.011124999966705218,0.9474381804466248,1.0,0.005788461538461538,0.0003771153846153846,0,0.75,0.75,0.3125,0.03625,3.336048709154129,1.8920782017707825,0.02625,0.915491115450859
293,940800,-394.4129955768585,-3.944129986166954,-394.4129955768585,-3.944129986166954,0.0,394.4129955768585,3.944129986166954,326.682715177536,3.2668271690607074,1.5677314984798432,0.0284375,0.011074950794830247,nan,nan,nan,nan,nan,nan,nan,nan,nan,nan,9408,-0.0005098937437244544,0.018681961484253405,1.2345420241355896,0.0017027939669787885,0.07904020622372628,0.07904020622372628,0.0756872471421957,0.0009030441389781648,0.005731250083408667,0.9481974840164185,1.0,0.0057740384615384615,0.0003760096153846154,0,0.75,0.75,0.1875,0.0284375,4.248167864084244,2.2875507724285127,0.0190625,0.9107589691877365
294,944000,-339.73575365543365,-3.3973573872447016,-339.73575365543365,-3.3973573872447016,0.0,339.73575365543365,3.3973573872447016,381.3599570989609,3.81359976798296,1.9491044437885285,0.04375,0.014835012063457857,nan,nan,nan,nan,nan,nan,nan,nan,nan,nan,9440,-0.00074704759361921,0.017597389686852694,1.2046105980873107,0.0011135533917695285,0.05493552684783935,0.05493552684783935,0.07315975278615952,0.0015974667810965668,0.00562187506002374,0.9569839835166931,1.0,0.005759615384615385,0.00037490384615384615,0,0.75,0.75,0.25,0.04375,4.603734226226806,2.3284930860996247,0.03,0.9362946838140488
295,947200,-377.72498762607574,-3.777249879837036,-377.72498762607574,-3.777249879837036,0.0,377.72498762607574,3.777249879837036,343.3707231283188,3.4337072753906255,1.9085172933340073,0.0140625,0.004834937730035045,nan,nan,nan,nan,nan,nan,nan,nan,nan,nan,9472,-0.0006263221652538231,0.009031888283789157,1.2365013241767884,-0.0032143161399289964,0.053149794787168504,0.053149794787168504,0.03964066207408905,0.0014330352012634049,0.00709374985890463,0.9727566242218018,1.0,0.005745192307692308,0.00037379807692307696,0,0.75,0.75,0.09375,0.0140625,4.106022856235504,2.345984672307968,0.0075,0.9367411160469055
296,950400,-386.76902210712433,-3.867690312862396,-386.76902210712433,-3.867690312862396,0.0,386.76902210712433,3.867690312862396,334.3266886472702,3.3432668423652654,2.0151011019945146,0.04125,0.013681133270361244,nan,nan,nan,nan,nan,nan,nan,nan,nan,nan,9504,-0.00047232301378965504,0.020490326546132566,1.2173555135726928,0.0027964568231254815,0.05811974555253983,0.05811974555253983,0.06987680047750473,0.001717939742958564,0.012090625008568168,0.9483065009117126,1.0,0.00573076923076923,0.0003726923076923077,0,0.75,0.75,0.15625,0.04125,4.289958546161651,2.4288583505153656,0.020625,0.9132589739561081
297,953600,-353.1547132730484,-3.5315471893548964,-353.1547132730484,-3.5315471893548964,0.0,353.1547132730484,3.5315471893548964,367.94099748134613,3.679409965872765,1.5772117668390273,0.0321875,0.012489272482050728,nan,nan,nan,nan,nan,nan,nan,nan,nan,nan,9536,-0.000498153925621203,0.012757717166095972,1.2190385460853577,-0.0010877417400479317,0.05155291855335235,0.05155291855335235,0.05435917153954506,0.0008123816905950242,0.004962500108740641,0.9701911807060242,1.0,0.0057163461538461535,0.00037158653846153846,0,0.75,0.75,0.21875,0.0321875,4.3514408493042,2.052336698174477,0.026875,0.8963839691877366
298,956800,-312.27401888370514,-3.1227401761710643,-312.27401888370514,-3.1227401761710643,0.0,312.27401888370514,3.1227401761710643,408.8216918706894,4.088216979056597,1.466814764738083,0.0390625,0.015835197907187615,nan,nan,nan,nan,nan,nan,nan,nan,nan,nan,9568,-0.0004990769318421462,0.013816587347537278,1.234889853000641,-0.000632030377164483,0.07983964644372463,0.07983964644372463,0.05443706139922142,0.0009802394582962188,0.005699999976786785,0.9641872644424438,1.0,0.005701923076923077,0.0003704807692307692,0,0.75,0.75,0.25,0.0390625,4.010912568569183,1.8206023186445237,0.02625,0.9399553996324539
299,960000,-368.74828769266605,-3.687482679784298,-368.74828769266605,-3.687482679784298,0.0,368.74828769266605,3.687482679784298,352.3474230617285,3.5234744754433636,1.739342749118805,0.033125,0.012092316673645784,nan,nan,nan,nan,nan,nan,nan,nan,nan,nan,9600,-0.0004646216835913819,0.015926727745682,1.2009739518165587,0.0006682030390948058,0.044264765456318855,0.044264765456318855,0.06690209060907364,0.000990539374835473,0.004118749953340739,0.9611712098121643,1.0,0.0056875,0.000369375,0,0.75,0.75,0.3125,0.033125,3.8137358820438383,2.2875091445446016,0.0209375,0.9355357533693314
300,963200,-363.2390578389168,-3.6323905411362647,-363.2390578389168,-3.6323905411362647,0.0,363.2390578389168,3.6323905411362647,357.85665291547775,3.5785666140913968,1.8040234625339509,0.039375,0.014042321872876717,-284.9085170030594,-2.8490851700305937,-284.9085170030594,-2.8490851700305937,100.0,1.4117542351037264,0.005,0.00207317973250494,284.9085170030594,528.1962658166885,9632,-0.0010056319175753003,0.014124811347573995,1.2336528897285461,-0.0009418339002877473,0.0652704868465662,0.0652704868465662,0.07011017464101314,0.0019385541476381312,0.013721875310875476,0.9600836634635925,1.0,0.005673076923076923,0.00036826923076923077,0,0.75,0.75,0.25,0.039375,4.454588079452515,2.405992176532745,0.0225,0.9257589697837829
301,966400,-329.1331150531769,-3.2913312774896624,-329.1331150531769,-3.2913312774896624,0.0,329.1331150531769,3.2913312774896624,391.96259570121765,3.919625877737999,1.5542747640609742,0.024375,0.009542826145002048,nan,nan,nan,nan,nan,nan,nan,nan,nan,nan,9664,-0.0005115456334023882,0.011258255410939454,1.2524665474891663,-0.0019696928095072506,0.05785197094082832,0.05785197094082832,0.05917877145111561,0.0012840565832461692,0.009759375048452057,0.9593167304992676,1.0,0.005658653846153845,0.0003671634615384615,0,0.75,0.75,0.125,0.024375,3.51231764793396,2.244874133467674,0.0140625,0.954955398440361
302,969600,-315.7804045677185,-3.157804158180952,-315.7804045677185,-3.157804158180952,0.0,315.7804045677185,3.157804158180952,405.315306186676,4.053152997046709,1.6317160964012145,0.054375,0.02066142319620115,nan,nan,nan,nan,nan,nan,nan,nan,nan,nan,9696,-0.0010503195923520225,0.015145148150622845,1.2141956090927124,-0.0003309456165879965,0.08747970312833786,0.08747970312833786,0.06165098287165165,0.0020932698796983667,0.012918749851814936,0.9473423361778259,1.0,0.005644230769230769,0.00036605769230769233,0,0.75,0.75,0.375,0.054375,3.8826364839076994,2.1132761561870574,0.0328125,0.940669686794281
303,972800,-338.53483963012695,-3.3853484857082368,-338.53483963012695,-3.3853484857082368,0.0,338.53483963012695,3.3853484857082368,382.5608711242676,3.8256086695194247,1.5553263288736343,0.0396875,0.015531284420136628,nan,nan,nan,nan,nan,nan,nan,nan,nan,nan,9728,-0.0004729287959475137,0.01654803715646267,1.2094529271125793,0.0009921023156493902,0.04757767766714096,0.04757767766714096,0.0733690720051527,0.0007443623773738848,0.003425000002607703,0.9451577663421631,1.0,0.005629807692307692,0.0003649519230769231,0,0.75,0.75,0.1875,0.0396875,3.656254688501358,2.342478646636009,0.0296875,0.9772768247127533
304,976000,-311.75966611504555,-3.1175967183709146,-311.75966611504555,-3.1175967183709146,0.0,311.75966611504555,3.1175967183709146,409.336044639349,4.093360436856747,1.423368796110153,0.0171875,0.007092399649441864,nan,nan,nan,nan,nan,nan,nan,nan,nan,nan,9760,-0.0006215615362627381,0.010392972733825445,1.2245535612106324,-0.002301414590328932,0.04775518402457237,0.04775518402457237,0.05013620518147945,0.0013453493673310306,0.007949999964330346,0.950366199016571,1.0,0.005615384615384615,0.0003638461538461539,0,0.75,0.75,0.21875,0.0171875,4.277090227603912,1.7769597578048706,0.0103125,0.929285752773285
305,979200,-382.3710467815399,-3.82371050670743,-382.3710467815399,-3.82371050670743,0.0,382.3710467815399,3.82371050670743,338.7246639728546,3.3872466485202315,1.8760284960269928,0.0221875,0.007714631489448135,nan,nan,nan,nan,nan,nan,nan,nan,nan,nan,9792,-0.0007930651907634478,0.01401048582047224,1.1965050458908082,-0.0004894009791314602,0.06866158246994018,0.06866158246994018,0.05767692513763904,0.0020381823924269194,0.01843750027474016,0.9506752490997314,1.0,0.005600961538461538,0.00036274038461538464,0,0.75,0.75,0.28125,0.0221875,4.6779135942459105,2.528000260591507,0.0159375,0.9420089709758759
306,982400,-242.95196068286896,-2.4295195952057838,-242.95196068286896,-2.4295195952057838,0.0,242.95196068286896,2.4295195952057838,478.1437500715256,4.781437560021878,1.2218093073368073,0.0684375,0.03080259848314042,nan,nan,nan,nan,nan,nan,nan,nan,nan,nan,9824,-0.0009096477556158611,0.01596175841987133,1.1682716488838196,0.000544637069106102,0.08752807788550854,0.08752807788550854,0.0732331246137619,0.0016842262994048011,0.014521875442005694,0.9087541699409485,1.0,0.005586538461538461,0.0003616346153846154,0,0.75,0.75,0.5,0.0684375,2.8453880393505098,1.685339487493038,0.0446875,0.9332589709758758
307,985600,-306.96243393421173,-3.069624554216862,-306.96243393421173,-3.069624554216862,0.0,306.96243393421173,3.069624554216862,414.1332768201828,4.1413326010108,1.6037106800079346,0.0365625,0.014042458818768824,nan,nan,nan,nan,nan,nan,nan,nan,nan,nan,9856,-0.00037579712024888857,0.012090390641242265,1.2349843025207519,-0.0012120770756155253,0.06384002864360809,0.06384002864360809,0.04762589894235134,0.0011135470376772284,0.0032531249918974934,0.9457395076751709,1.0,0.0055721153846153846,0.0003605288461538462,0,0.75,0.75,0.3125,0.0365625,3.2319471788406373,2.2528374081850053,0.024375,0.934553611278534
308,988800,-322.8943965435028,-3.2289440405368803,-322.8943965435028,-3.2289440405368803,0.0,322.8943965435028,3.2289440405368803,398.2013142108917,3.982013114690781,1.6141953545808791,0.05625,0.02151713715711131,nan,nan,nan,nan,nan,nan,nan,nan,nan,nan,9888,-0.00025570507310903603,0.016513625532388686,1.2089471340179443,0.0012821517884731293,0.05184403285384178,0.05184403285384178,0.05882513336837292,0.0004808273559335569,0.0033937500440515576,0.9430594444274902,1.0,0.005557692307692307,0.0003594230769230769,0,0.75,0.75,0.21875,0.05625,4.252595825195312,2.6113315296173094,0.0328125,0.9208482587337494
309,992000,-269.01953732967377,-2.690195472538471,-269.01953732967377,-2.690195472538471,0.0,269.01953732967377,2.690195472538471,452.07617342472076,4.520761682689191,1.560538500547409,0.055,0.021479856673993276,nan,nan,nan,nan,nan,nan,nan,nan,nan,nan,9920,-0.001052244836161842,0.012426756974309682,1.2146630048751832,-0.001572070550173521,0.06070013865828514,0.06070013865828514,0.04289651401340962,0.001388528076496766,0.005212499963818118,0.9575042128562927,1.0,0.00554326923076923,0.0003583173076923077,0,0.75,0.75,0.46875,0.055,3.8449153935909273,1.8713777095079422,0.039375,0.9606250363588333
310,995200,-328.14810252189636,-3.2814809572696686,-328.14810252189636,-3.2814809572696686,0.0,328.14810252189636,3.2814809572696686,392.94760823249817,3.929476197957993,1.603365374803543,0.0353125,0.013564173642996528,nan,nan,nan,nan,nan,nan,nan,nan,nan,nan,9952,-0.0006375103942584337,0.015747912134975194,1.2263896942138672,0.0004559256136417389,0.0601185318082571,0.0601185318082571,0.05007859021425247,0.001719307139866622,0.010612500063143671,0.9462952017784119,1.0,0.005528846153846153,0.00035721153846153845,0,0.75,0.75,0.28125,0.0353125,4.415166258811951,2.1097594904899597,0.0228125,0.935178610086441
311,998400,-218.90214717388153,-2.1890215691924095,-218.90214717388153,-2.1890215691924095,0.0,218.90214717388153,2.1890215691924095,502.193563580513,5.0219355860352515,1.380781109035015,0.0878125,0.03688390321426585,nan,nan,nan,nan,nan,nan,nan,nan,nan,nan,9984,-0.0007701983232575093,0.01947604399174452,1.2160696744918824,0.002261901181191206,0.06313227601349354,0.06313227601349354,0.07482671961188317,0.001153050987706338,0.005340624966993346,0.9388935565948486,1.0,0.0055144230769230765,0.00035610576923076926,0,0.75,0.75,0.40625,0.0878125,3.841850779056549,1.5728779166936875,0.0659375,0.9243304008245468
312,1001600,-297.5249337255955,-2.9752493768930437,-297.5249337255955,-2.9752493768930437,0.0,297.5249337255955,2.9752493768930437,423.57077702879906,4.235707778334618,1.4368630564212799,0.0446875,0.018338125272261713,nan,nan,nan,nan,nan,nan,nan,nan,nan,nan,10016,-0.0005747198600147385,0.013438559416681529,1.19588623046875,-0.0004328143782913685,0.056750762090086934,0.056750762090086934,0.04607188068330288,0.001115299513914332,0.0029562500189058484,0.9600288271903992,1.0,0.0055,0.000355,0,0.75,0.75,0.3125,0.0446875,3.424224383831024,1.6433457052707672,0.03,0.9695536112785339
313,1004800,-349.58314153552055,-3.495831480175257,-349.58314153552055,-3.495831480175257,0.0,349.58314153552055,3.495831480175257,371.512569218874,3.7151256750524047,1.7465513330698013,0.034375,0.012515695441810405,nan,nan,nan,nan,nan,nan,nan,nan,nan,nan,10048,-0.00046858462681118593,0.01645301263779402,1.1791265726089477,0.0012897319160401822,0.05456427298486233,0.05456427298486233,0.06019291542470455,0.0008131468650405202,0.003178125008707866,0.9520988464355469,1.0,0.005485576923076923,0.00035389423076923076,0,0.75,0.75,0.1875,0.034375,4.4792725944519045,2.095805629491806,0.0196875,0.9149553936719894
314,1008000,-251.93065628409386,-2.519306381493807,-251.93065628409386,-2.519306381493807,0.0,251.93065628409386,2.519306381493807,469.1650544703007,4.691650773733855,1.2891075456142425,0.0659375,0.028804893910000552,nan,nan,nan,nan,nan,nan,nan,nan,nan,nan,10080,-0.0007226834003638994,0.013506650179624557,1.2193370461463928,-0.0006405386142432689,0.06463156752288342,0.06463156752288342,0.05861091949045658,0.0009352421442614146,0.0050593750071129765,0.9582909345626831,1.0,0.005471153846153846,0.00035278846153846157,0,0.75,0.75,0.375,0.0659375,3.431373690366745,1.5569782435894013,0.045625,0.9396875387430191
315,1011200,-353.4799260497093,-3.534798976480961,-353.4799260497093,-3.534798976480961,0.0,353.4799260497093,3.534798976480961,367.6157847046852,3.6761581787467006,1.873397509455681,0.06125,0.021316229236797393,nan,nan,nan,nan,nan,nan,nan,nan,nan,nan,10112,-0.0005480673262049151,0.012822309974581003,1.2268442153930663,-0.0008314708713442088,0.06258071810007096,0.06258071810007096,0.059417831152677535,0.0010955637691964179,0.0047312501119449735,0.9715505838394165,1.0,0.005456730769230769,0.0003516826923076923,0,0.75,0.75,0.3125,0.06125,5.380383675098419,2.2429645067453383,0.0428125,0.9158929055929184
316,1014400,-296.32871890068054,-2.963287385702133,-296.32871890068054,-2.963287385702133,0.0,296.32871890068054,2.963287385702133,424.766991853714,4.247669769525528,1.284202597439289,0.0475,0.020795003058507157,nan,nan,nan,nan,nan,nan,nan,nan,nan,nan,10144,-0.0007298038802604379,0.014961713925004005,1.180694580078125,0.0003253498114645481,0.0560049831867218,0.0560049831867218,0.055203302577137944,0.0009600982582939427,0.003699999977834523,0.9552014470100403,1.0,0.0054423076923076925,0.0003505769230769231,0,0.75,0.75,0.34375,0.0475,3.865305780172348,2.2948475778102875,0.03125,0.8625893276929856
317,1017600,-263.7029535770416,-2.6370292285084727,-263.7029535770416,-2.6370292285084727,0.0,263.7029535770416,2.6370292285084727,457.3927571773529,4.573927926719189,1.3332509991526604,0.0740625,0.031742191485998036,nan,nan,nan,nan,nan,nan,nan,nan,nan,nan,10176,-0.0014706325714942015,0.013700925186276436,1.2338188767433167,-0.0013171961763873696,0.11320600360631942,0.11320600360631942,0.05291312709450722,0.0021569783326427882,0.013621875003445893,0.9695022106170654,1.0,0.005427884615384616,0.0003494711538461539,0,0.75,0.75,0.375,0.0740625,2.8152949380874634,1.91087942302227,0.045,0.9321428954601287
318,1020800,-277.53606712818146,-2.775360761284828,-277.53606712818146,-2.775360761284828,0.0,277.53606712818146,2.775360761284828,443.5596436262131,4.435596393942833,1.4395899239182472,0.04375,0.01793334181743657,nan,nan,nan,nan,nan,nan,nan,nan,nan,nan,10208,-0.0009343389459187168,0.01595406709238887,1.2098774194717408,0.0004930698778480291,0.09060810804367066,0.09060810804367066,0.07449252679944038,0.002097879016220464,0.013059375039301813,0.9472358226776123,1.0,0.005413461538461539,0.00034836538461538463,0,0.75,0.75,0.4375,0.04375,2.737331306934357,2.3896971052885054,0.0271875,0.9233928990364074
319,1024000,-298.8924765586853,-2.988924969136715,-298.8924765586853,-2.988924969136715,0.0,298.8924765586853,2.988924969136715,422.20323419570923,4.222032186090947,1.2815619295835494,0.0290625,0.012737984283119915,nan,nan,nan,nan,nan,nan,nan,nan,nan,nan,10240,-0.0006866832951316404,0.010154887568205595,1.196299421787262,-0.0020681062946096064,0.07692493349313737,0.07692493349313737,0.05106121487915516,0.001481489041909036,0.009678124990023207,0.9712625741958618,1.0,0.005399038461538461,0.00034725961538461543,0,0.75,0.75,0.375,0.0290625,3.693297327756882,1.8630393385887145,0.0178125,0.910446469783783
320,1027200,-257.657310128212,-2.5765730829536917,-257.657310128212,-2.5765730829536917,0.0,257.657310128212,2.5765730829536917,463.43840062618256,4.63438407227397,1.2236570477485658,0.0546875,0.024593495681076646,-46.25606195628643,-0.4625606195628643,-46.25606195628643,-0.4625606195628643,100.0,1.459697542861104,0.26,0.10570405322988197,46.25606195628643,766.8487208634615,10272,-0.0007287157285492896,0.016366962622851134,1.2055649995803832,0.0009632620960474015,0.07128505855798721,0.07128505855798721,0.0579745702445507,0.0008781669726900894,0.005609374959021807,0.9421896934509277,1.0,0.005384615384615384,0.0003461538461538462,0,0.75,0.75,0.21875,0.0546875,4.351397197246552,1.4861766660213471,0.0309375,0.9094196844100952
321,1030400,-353.3421865105629,-3.533421798199415,-353.3421865105629,-3.533421798199415,0.0,353.3421865105629,3.533421798199415,367.75352424383163,3.6775353570282463,1.8983588182926179,0.055625,0.019191895651059485,nan,nan,nan,nan,nan,nan,nan,nan,nan,nan,10304,-0.0005329926336591573,0.01704046195372939,1.195082437992096,0.0015694160014390946,0.06421635672450066,0.06421635672450066,0.06552821919322013,0.0007834750507770084,0.0031406250782310963,0.9629294276237488,1.0,0.005370192307692308,0.000345048076923077,0,0.75,0.75,0.34375,0.055625,3.9994276690483095,2.6454966074228285,0.0340625,0.9171875411272049
322,1033600,-279.87852770090103,-2.7987851994484663,-279.87852770090103,-2.7987851994484663,0.0,279.87852770090103,2.7987851994484663,441.2171830534935,4.412171955779195,1.9524449211359025,0.0828125,0.028048787432803087,nan,nan,nan,nan,nan,nan,nan,nan,nan,nan,10336,-0.000722845630335911,0.018722668383270503,1.2296043038368225,0.0020530116744339466,0.08196535333991051,0.08196535333991051,0.06706881895661354,0.0012794754729853978,0.0072531248442828655,0.9544397592544556,1.0,0.00535576923076923,0.0003439423076923077,0,0.75,0.75,0.40625,0.0828125,4.835058784484863,2.1227392989397047,0.0596875,0.9435714733600616
323,1036800,-342.90051597356796,-3.429005031660199,-342.90051597356796,-3.429005031660199,0.0,342.90051597356796,3.429005031660199,378.19519478082657,3.7819521235674625,1.543405884206295,0.0184375,0.007249137903820522,nan,nan,nan,nan,nan,nan,nan,nan,nan,nan,10368,-0.0006363386693890583,0.010627878550440072,1.2269577980041504,-0.0018760059727355837,0.06274830177426338,0.06274830177426338,0.05279025584459305,0.001039703689095017,0.003937499946187017,0.963031530380249,1.0,0.005341346153846153,0.00034283653846153844,0,0.75,0.75,0.21875,0.0184375,3.4926717507839204,2.248587767481804,0.0140625,0.9262054008245468
324,1040000,-302.1949875354767,-3.021949711665511,-302.1949875354767,-3.021949711665511,0.0,302.1949875354767,3.021949711665511,418.90072321891785,4.189007443562151,1.3726726511120797,0.04375,0.0184391217977306,nan,nan,nan,nan,nan,nan,nan,nan,nan,nan,10400,-0.0005926842099666874,0.013991290982812644,1.2109125852584839,-4.747672937810421e-05,0.06606677807867527,0.06606677807867527,0.05474768579006195,0.001009096192503132,0.00466249993769452,0.9468522071838379,1.0,0.005326923076923076,0.0003417307692307692,0,0.75,0.75,0.375,0.04375,3.589184113740921,2.062200556397438,0.02875,0.92875004529953
325,1043200,-282.309920668602,-2.823099223673344,-282.309920668602,-2.823099223673344,0.0,282.309920668602,2.823099223673344,438.78579008579254,4.387857931554318,1.398646763563156,0.039375,0.01641550585860712,nan,nan,nan,nan,nan,nan,nan,nan,nan,nan,10432,-0.0005133155375137005,0.010539081320166588,1.18687824010849,-0.0015490655787289143,0.06458980925381183,0.06458980925381183,0.04886780753731727,0.0009834459786377116,0.00445312498450221,0.9584304690361023,1.0,0.0053124999999999995,0.000340625,0,0.75,0.75,0.28125,0.039375,3.801021329164505,1.9422180008888246,0.02875,0.9291518276929855
326,1046400,-373.0200593173504,-3.7302007168531417,-373.0200593173504,-3.7302007168531417,0.0,373.0200593173504,3.7302007168531417,348.07565143704414,3.4807564383745198,1.2663900551199914,0.0184375,0.008135183949624172,nan,nan,nan,nan,nan,nan,nan,nan,nan,nan,10464,-0.000542658010401631,0.011978729441761971,1.2386630654335022,-0.0011158257257193327,0.052532574906945226,0.052532574906945226,0.05831834673881531,0.000850555688522613,0.00300312505569309,0.9589844346046448,1.0,0.005298076923076923,0.00033951923076923075,0,0.75,0.75,0.21875,0.0184375,4.702586672306061,1.6722758305072785,0.01125,0.9117411148548126
327,1049600,-276.5735184252262,-2.7657352502644064,-276.5735184252262,-2.7657352502644064,0.0,276.5735184252262,2.7657352502644064,444.5221923291683,4.445221904963255,1.3180076453089713,0.0471875,0.020356921641520427,nan,nan,nan,nan,nan,nan,nan,nan,nan,nan,10496,-0.0005838050169753473,0.013768073171377182,1.198272466659546,-3.1025242060422896e-05,0.07028550319373608,0.07028550319373608,0.04934010356664657,0.0010303087001391326,0.005278125067707151,0.9531765580177307,1.0,0.005283653846153846,0.00033841346153846156,0,0.75,0.75,0.1875,0.0471875,3.6145618450641632,1.761815957427025,0.0378125,0.92625004529953
328,1052800,-358.9411849975586,-3.5894117051362993,-358.9411849975586,-3.5894117051362993,0.0,358.9411849975586,3.5894117051362993,362.15452575683594,3.621545450091362,1.7483667001128196,0.038125,0.013871875248100983,nan,nan,nan,nan,nan,nan,nan,nan,nan,nan,10528,-0.0008882012649905846,0.01246291222050786,1.1633709788322448,-0.0007868154207244515,0.10051100552082062,0.10051100552082062,0.06277720555663109,0.0012840806630281675,0.010850000148639082,0.9640123844146729,1.0,0.005269230769230769,0.0003373076923076923,0,0.75,0.75,0.21875,0.038125,5.316947946548462,2.087818863391876,0.0284375,0.9475893247127533
329,1056000,-320.1299911737442,-3.201299870759249,-320.1299911737442,-3.201299870759249,0.0,320.1299911737442,3.201299870759249,400.96571958065033,4.009657284468412,1.6520627996325492,0.050625,0.01908891448838023,nan,nan,nan,nan,nan,nan,nan,nan,nan,nan,10560,-0.0007855396217550048,0.011551164649426937,1.1739803075790405,-0.0011789982672780752,0.09924344159662724,0.09924344159662724,0.05373607985675335,0.001617771339808049,0.007734375016298145,0.9531531929969788,1.0,0.0052548076923076914,0.00033620192307692306,0,0.75,0.75,0.40625,0.050625,4.198943679332733,1.8389717477560044,0.040625,0.94156254529953
330,1059200,-302.4687726199627,-3.024687725007534,-302.4687726199627,-3.024687725007534,0.0,302.4687726199627,3.024687725007534,418.62693813443184,4.186269430220127,1.7193305855989456,0.06375,0.023443269581715366,nan,nan,nan,nan,nan,nan,nan,nan,nan,nan,10592,-0.0011084389927098926,0.015448787342756986,1.142743742465973,0.0006275380961596966,0.10836605951189995,0.10836605951189995,0.06352361105382442,0.0018377303815230775,0.009846874908544124,0.9491730332374573,1.0,0.005240384615384615,0.00033509615384615387,0,0.75,0.75,0.3125,0.06375,4.0988846099376675,2.202427536845207,0.0359375,0.929553610086441
331,1062400,-293.3198407292366,-2.9331984242796896,-293.3198407292366,-2.9331984242796896,0.0,293.3198407292366,2.9331984242796896,427.77587002515793,4.277758730947972,1.3813153237104416,0.055,0.02309647926604775,nan,nan,nan,nan,nan,nan,nan,nan,nan,nan,10624,-0.0007056307893130054,0.012260704021900892,1.1440387964248657,-0.0005539815640076995,0.12327068373560905,0.12327068373560905,0.06540829762816429,0.001502455497395133,0.007500000111758709,0.9556442499160767,1.0,0.005225961538461538,0.0003339903846153846,0,0.75,0.75,0.375,0.055,3.220529570579529,1.9759014701843263,0.029375,0.9500446891784669
332,1065600,-398.46930170059204,-3.984693019390106,-398.46930170059204,-3.984693019390106,0.0,398.46930170059204,3.984693019390106,322.6264090538025,3.2262641358375554,1.7456599986553192,0.0203125,0.007398039090764335,nan,nan,nan,nan,nan,nan,nan,nan,nan,nan,10656,-0.0009694488852634465,0.013313308544456958,1.1607540607452393,-0.000362109299749136,0.08801494129002094,0.08801494129002094,0.045368750020861624,0.0015757024302746289,0.008284374955110252,0.9381214380264282,1.0,0.005211538461538461,0.0003328846153846154,0,0.75,0.75,0.15625,0.0203125,4.370007047653198,2.437870424389839,0.01625,0.9106696832180023
333,1068800,-230.924622297287,-2.3092462711036204,-230.924622297287,-2.3092462711036204,0.0,230.924622297287,2.3092462711036204,490.17108845710754,4.901710884124041,1.3346464508771896,0.070625,0.030250833043034966,nan,nan,nan,nan,nan,nan,nan,nan,nan,nan,10688,-0.001278083519975226,0.016153778601437806,1.1105052351951599,0.0010273820254951716,0.10331052020192147,0.10331052020192147,0.07343765906989574,0.0022016433293194247,0.014212500204666866,0.9312140941619873,1.0,0.005197115384615384,0.0003317788461538462,0,0.75,0.75,0.40625,0.070625,4.119876936674118,1.5996768739819527,0.0475,0.876205398440361
334,1072000,-241.6802286952734,-2.4168022929131983,-241.6802286952734,-2.4168022929131983,0.0,241.6802286952734,2.4168022929131983,479.41548205912113,4.794154862314463,1.4016516640782357,0.0796875,0.03318029054416782,nan,nan,nan,nan,nan,nan,nan,nan,nan,nan,10720,-0.001031099335500052,0.013423482980579137,1.0724929690361023,0.000122241023927927,0.13459766134619713,0.13459766134619713,0.05036629177629948,0.0018816532669027777,0.01477500032633543,0.958361804485321,1.0,0.005182692307692307,0.00033067307692307693,0,0.75,0.75,0.4375,0.0796875,3.471412951350212,1.7977913290262222,0.0540625,0.9432143253087998
335,1075200,-203.25874972343445,-2.032587576806545,-203.25874972343445,-2.032587576806545,0.0,203.25874972343445,2.032587576806545,517.8369610309601,5.178369578421116,1.5147658768296242,0.11,0.04374164649421658,nan,nan,nan,nan,nan,nan,nan,nan,nan,nan,10752,-0.0008236874036491315,0.02275656834244728,1.056083345413208,0.005096473591402173,0.10504585281014442,0.10504585281014442,0.07579926960170269,0.0017152919375825449,0.013459375023376196,0.9299345016479492,1.0,0.005168269230769231,0.00032956730769230773,0,0.75,0.75,0.4375,0.11,2.31447391808033,2.402630015015602,0.0746875,0.9004018342494965
336,1078400,-183.8427734375,-1.838427755832672,-183.8427734375,-1.838427755832672,0.0,183.8427734375,1.838427755832672,537.2529373168945,5.372529399394989,1.4783940821886064,0.1128125,0.045518386607983734,nan,nan,nan,nan,nan,nan,nan,nan,nan,nan,10784,-0.0008229914819821715,0.019088421389460562,1.060539758205414,0.00325536048039794,0.10455546341836452,0.10455546341836452,0.06712486781179905,0.0013251796335702077,0.010950000012962846,0.9359646439552307,1.0,0.005153846153846154,0.0003284615384615385,0,0.75,0.75,0.5,0.1128125,3.578003613948822,1.8157800561189652,0.0825,0.9357143276929856
337,1081600,-166.40935242176056,-1.664093541800976,-166.40935242176056,-1.664093541800976,0.0,166.40935242176056,1.664093541800976,554.686358332634,5.5468636134266855,1.2569891726970672,0.13375,0.05926036403629301,nan,nan,nan,nan,nan,nan,nan,nan,nan,nan,10816,-0.0007183449340751214,0.020965969935059548,1.0427628874778747,0.004405440343543887,0.14367354959249495,0.14367354959249495,0.0758325707167387,0.0012827736602069734,0.00839999992713274,0.9408344030380249,1.0,0.005139423076923077,0.00032735576923076924,0,0.75,0.75,0.5,0.13375,3.3581435585021975,1.7284566387534142,0.091875,0.9141518253087998
338,1084800,-119.8146602511406,-1.1981465429067613,-119.8146602511406,-1.1981465429067613,0.0,119.8146602511406,1.1981465429067613,601.2810505032539,6.0128106123209,1.0048621207475663,0.128125,0.063907137889475,nan,nan,nan,nan,nan,nan,nan,nan,nan,nan,10848,-0.000821348787774312,0.018074613995850086,1.039652442932129,0.0028877392411231994,0.10548309385776519,0.10548309385776519,0.07349970079958439,0.0021791544160829606,0.02096249987371266,0.9509962201118469,1.0,0.005125,0.00032625000000000004,0,0.75,0.75,0.5625,0.128125,2.7263399142026903,1.4898487144708634,0.0953125,0.9246429008245468
339,1088000,-155.961591899395,-1.5596158799529076,-155.961591899395,-1.5596158799529076,0.0,155.961591899395,1.5596158799529076,565.1341188549995,5.651341275274754,1.0124359107017518,0.1303125,0.06475361491365905,nan,nan,nan,nan,nan,nan,nan,nan,nan,nan,10880,-0.0011251086160076085,0.022406884096562864,1.03288232088089,0.00479970914311707,0.1717749983072281,0.1717749983072281,0.09430291131138802,0.002501941355878885,0.024137500301003458,0.9412969946861267,1.0,0.005110576923076923,0.0003251442307692308,0,0.75,0.75,0.53125,0.1303125,3.484857543706894,1.3224092787504196,0.1009375,0.9452678960561752
340,1091200,-277.2846996188164,-2.772847057431936,-277.2846996188164,-2.772847057431936,0.0,277.2846996188164,2.772847057431936,443.81101113557816,4.438110097795725,1.6331723761558532,0.0965625,0.036671545271552176,-124.20257639884949,-1.2420257639884948,-124.20257639884949,-1.2420257639884948,100.0,1.5336757692694665,0.17,0.06709619362583873,124.20257639884949,688.9022064208984,10912,-0.000476416352839415,0.019067798834294082,1.0521543502807618,0.0036955425515770913,0.06836719736456871,0.06836719736456871,0.07998679280281067,0.001124839248952792,0.007843750173924491,0.9605514407157898,1.0,0.005096153846153847,0.0003240384615384616,0,0.75,0.75,0.46875,0.0965625,4.076901034116745,2.072266296744347,0.0690625,0.9324553966522217
341,1094400,-233.31872606277466,-2.333187079131603,-233.31872606277466,-2.333187079131603,0.0,233.31872606277466,2.333187079131603,487.7769846916199,4.877770076096058,1.4783335477113724,0.103125,0.04161062182095353,nan,nan,nan,nan,nan,nan,nan,nan,nan,nan,10944,-0.0005650001709611274,0.023414798267185687,1.0301486253738403,0.005907460767775774,0.10147996433079243,0.10147996433079243,0.08852422684431076,0.0009618385462112063,0.008037499885540455,0.9566208124160767,1.0,0.005081730769230769,0.00032293269230769235,0,0.75,0.75,0.46875,0.103125,4.704488389492035,1.937070831656456,0.0825,0.895714328289032
342,1097600,-168.02258613705635,-1.6802258874475955,-168.02258613705635,-1.6802258874475955,0.0,168.02258613705635,1.6802258874475955,553.0731246173382,5.530731267780066,0.8881972542405129,0.10625,0.05627060401734181,nan,nan,nan,nan,nan,nan,nan,nan,nan,nan,10976,-0.0007845751020242097,0.020344282500445843,1.005028486251831,0.004294777661561966,0.11749575994908809,0.11749575994908809,0.07864120081067086,0.0011922964949941453,0.008881250081321923,0.952560544013977,1.0,0.005067307692307691,0.00032182692307692305,0,0.75,0.75,0.4375,0.10625,2.602195704579353,1.1152839842438698,0.07,0.9612054020166397
343,1100800,-246.19461393356323,-2.4619461815059185,-246.19461393356323,-2.4619461815059185,0.0,246.19461393356323,2.4619461815059185,474.9010968208313,4.749010973721743,1.2893632352352142,0.0803125,0.03508071535522344,nan,nan,nan,nan,nan,nan,nan,nan,nan,nan,11008,-0.000529964334011268,0.016163378302007914,1.0107094526290894,0.0024447266012430193,0.16204741299152375,0.16204741299152375,0.07297700121998787,0.0010489836102374236,0.00812187499832362,0.9643554091453552,1.0,0.0050528846153846145,0.0003207211538461538,0,0.75,0.75,0.4375,0.0803125,3.9119712257385255,1.7058767402172088,0.0578125,0.9461161202192306
344,1104000,-199.6452078819275,-1.996452034562826,-199.6452078819275,-1.996452034562826,0.0,199.6452078819275,1.996452034562826,521.450502872467,5.214505120664835,1.3122591251134872,0.10375,0.04486953857081562,nan,nan,nan,nan,nan,nan,nan,nan,nan,nan,11040,-0.000639469606285914,0.01664170790463686,1.0118846893310547,0.002583042113110423,0.11374439299106598,0.11374439299106598,0.07988137230277062,0.000878759164336417,0.0042343749810243025,0.9691020250320435,1.0,0.005038461538461538,0.0003196153846153846,0,0.75,0.75,0.46875,0.10375,4.049331828355789,1.5181124714016914,0.0815625,0.920714328289032
345,1107200,-93.10498893260956,-0.9310498043894768,-93.10498893260956,-0.9310498043894768,0.0,93.10498893260956,0.9310498043894768,627.990721821785,6.279907350838185,1.140767344236374,0.1828125,0.08539578132681692,nan,nan,nan,nan,nan,nan,nan,nan,nan,nan,11072,-0.0006866538905669906,0.025512076914310455,1.0140820145606995,0.006974597834050656,0.1717958278954029,0.1717958278954029,0.08152429647743702,0.0015344116691290753,0.010984375001862645,0.9527825713157654,1.0,0.005024038461538461,0.00031850961538461536,0,0.75,0.75,0.65625,0.1828125,4.412628917694092,1.2940658724308014,0.135,0.9267857581377029
346,1110400,-254.92566865682602,-2.549256639480591,-254.92566865682602,-2.549256639480591,0.0,254.92566865682602,2.549256639480591,466.1700420975685,4.661700515747071,1.7442076241970061,0.09125,0.03325185718289119,nan,nan,nan,nan,nan,nan,nan,nan,nan,nan,11104,-0.0008878276832517962,0.018143065553158522,1.0208992958068848,0.003069392219185829,0.09254013448953628,0.09254013448953628,0.07941972762346268,0.002066994817144004,0.019953124783933164,0.9645312428474426,1.0,0.005009615384615384,0.00031740384615384616,0,0.75,0.75,0.40625,0.09125,4.4969176363945005,2.0473872607946397,0.0596875,0.8653571820259094
347,1113600,-219.65490877628326,-2.1965492182970046,-219.65490877628326,-2.1965492182970046,0.0,219.65490877628326,2.1965492182970046,501.44080197811127,5.014407936930657,1.3663163131475449,0.101875,0.04305214794572051,nan,nan,nan,nan,nan,nan,nan,nan,nan,nan,11136,-0.00044895904084549796,0.019590227864682674,1.008552861213684,0.004308239370584488,0.1673707164824009,0.1673707164824009,0.07818386070430279,0.0012648774485593793,0.007871874992270022,0.961611807346344,1.0,0.004995192307692307,0.0003162980769230769,0,0.75,0.75,0.4375,0.101875,3.8963275825977326,1.7117578375339508,0.0678125,0.9339286142587662
348,1116800,-216.40054315328598,-2.164005307406187,-216.40054315328598,-2.164005307406187,0.0,216.40054315328598,2.164005307406187,504.69516760110855,5.046951847821474,1.1777408674359322,0.094375,0.043336193672627796,nan,nan,nan,nan,nan,nan,nan,nan,nan,nan,11168,-0.0005759779255487985,0.015622934605926276,0.9913656711578369,0.0022977259941399097,0.11357567720115185,0.11357567720115185,0.06363085433840751,0.0009537493715493304,0.0059656249242834745,0.969744086265564,1.0,0.0049807692307692305,0.00031519230769230767,0,0.75,0.75,0.375,0.094375,3.543014830350876,1.7051394116878509,0.0703125,0.9104464668035507
349,1120000,-184.9859945178032,-1.8498598229140044,-184.9859945178032,-1.8498598229140044,0.0,184.9859945178032,1.8498598229140044,536.1097162365913,5.361097332313657,1.1237249076366425,0.094375,0.044438429695220695,nan,nan,nan,nan,nan,nan,nan,nan,nan,nan,11200,-0.0007124883658601533,0.014910414069890975,1.0008294820785522,0.0017722530756145716,0.1209874153137207,0.1209874153137207,0.06287362314760685,0.001059260078912057,0.0038874999969266354,0.9683215618133545,1.0,0.004966346153846154,0.0003140865384615385,0,0.75,0.75,0.53125,0.094375,2.950002027750015,1.5990396448969841,0.0490625,0.9469196891784668
350,1123200,-248.46353057026863,-2.4846352726221084,-248.46353057026863,-2.4846352726221084,0.0,248.46353057026863,2.4846352726221084,472.6321801841259,4.7263218826055535,1.2865386456251144,0.0775,0.03389402586668827,nan,nan,nan,nan,nan,nan,nan,nan,nan,nan,11232,-0.0009343575735460047,0.015091297216713428,1.0292597770690919,0.0015144756995141505,0.09695490226149558,0.09695490226149558,0.06480401866137982,0.0019450645420899058,0.01310312484856695,0.9707731604576111,1.0,0.004951923076923077,0.0003129807692307692,0,0.75,0.75,0.34375,0.0775,3.1753716897964477,1.9029301372170448,0.0559375,0.9415178966522216
351,1126400,-145.56377255916595,-1.455637770295143,-145.56377255916595,-1.455637770295143,0.0,145.56377255916595,1.455637770295143,575.5319381952286,5.755319384932518,1.1499584743380546,0.13375,0.0622105038755132,nan,nan,nan,nan,nan,nan,nan,nan,nan,nan,11264,-0.0009641516862670229,0.01991873439401388,0.9973092913627625,0.004071000590920448,0.16495179980993271,0.16495179980993271,0.07217452973127365,0.0012829152052316465,0.009718749950116035,0.9584113359451294,1.0,0.004937499999999999,0.00031187500000000003,0,0.75,0.75,0.4375,0.13375,2.5110085529088972,1.8246761608123778,0.0809375,0.9382143276929855
352,1129600,-97.92812013626099,-0.9792813460528851,-97.92812013626099,-0.9792813460528851,0.0,97.92812013626099,0.9792813460528851,623.1675906181335,6.231675809174776,0.9807829090952873,0.1540625,0.0777785891086708,nan,nan,nan,nan,nan,nan,nan,nan,nan,nan,11296,-0.0005171620300999713,0.01668616058304906,0.9864260137081147,0.002969667175784707,0.153964514285326,0.153964514285326,0.06957244277000427,0.0014185222942641016,0.009281250194180756,0.962915301322937,1.0,0.004923076923076922,0.0003107692307692308,0,0.75,0.75,0.59375,0.1540625,3.5450347542762755,1.200382623076439,0.0996875,0.9113839691877366
353,1132800,-129.36297675967216,-1.293629823923111,-129.36297675967216,-1.293629823923111,0.0,129.36297675967216,1.293629823923111,591.7327339947224,5.91732733130455,1.3153571891784668,0.1378125,0.059521053876312936,nan,nan,nan,nan,nan,nan,nan,nan,nan,nan,11328,-0.0009109716534731138,0.015150545723736286,1.0074583530426025,0.0017190368846058846,0.1633382923901081,0.1633382923901081,0.06876756586134433,0.001501117946466183,0.012750000034793629,0.9716103076934814,1.0,0.004908653846153846,0.00030966346153846154,0,0.75,0.75,0.5625,0.1378125,2.5929142159223555,1.7540144741535186,0.093125,0.9545536106824875
354,1136000,-271.0318238735199,-2.710318269133568,-271.0318238735199,-2.710318269133568,0.0,271.0318238735199,2.710318269133568,450.06388688087463,4.500638886094094,1.6987266638875007,0.08625,0.03195951674326193,nan,nan,nan,nan,nan,nan,nan,nan,nan,nan,11360,-0.0003392222110713217,0.01828492423519492,1.0088591694831848,0.003865650109946728,0.13100610673427582,0.13100610673427582,0.07270002029836178,0.0008694551797839712,0.005328125011874363,0.9630222320556641,1.0,0.004894230769230769,0.00030855769230769234,0,0.75,0.75,0.3125,0.08625,3.32601653277874,2.136063935160637,0.0659375,0.9392411094903946
355,1139200,-258.2442401647568,-2.582442304491997,-258.2442401647568,-2.582442304491997,0.0,258.2442401647568,2.582442304491997,462.85147058963776,4.628514850735664,1.2276551324129104,0.0853125,0.03829699613673719,nan,nan,nan,nan,nan,nan,nan,nan,nan,nan,11392,-0.0010487105850828017,0.01801733374595642,1.0130104899406434,0.003016659989953041,0.17447583377361298,0.17447583377361298,0.07216409966349602,0.0023373108808324083,0.01935000028461218,0.9659034609794617,1.0,0.004879807692307692,0.0003074519230769231,0,0.75,0.75,0.46875,0.0853125,2.638961135149002,2.1887638425827025,0.061875,0.9264286142587662
356,1142400,-173.48827457427979,-1.73488281711936,-173.48827457427979,-1.73488281711936,0.0,173.48827457427979,1.73488281711936,547.6074361801147,5.476074338108301,1.079153876900673,0.1084375,0.052154629440724354,nan,nan,nan,nan,nan,nan,nan,nan,nan,nan,11424,-0.0008557264945237009,0.013582033850252629,0.9926355004310607,0.001105736894533038,0.24166104570031166,0.24166104570031166,0.08039764799177647,0.0012594194413421184,0.011978125013411046,0.9724083542823792,1.0,0.004865384615384615,0.0003063461538461539,0,0.75,0.75,0.5,0.1084375,3.4664443171024324,1.5835162103176117,0.0759375,0.9353571832180023
357,1145600,-150.7833530008793,-1.5078334625065326,-150.7833530008793,-1.5078334625065326,0.0,150.7833530008793,1.5078334625065326,570.3123577535152,5.703123692721129,1.038884587585926,0.105625,0.05180528640174861,nan,nan,nan,nan,nan,nan,nan,nan,nan,nan,11456,-0.0009672901908867049,0.011905428487807512,1.0230610132217408,2.259414177387953e-05,0.16104251518845558,0.16104251518845558,0.08780360631644726,0.001964356245300813,0.017312499741092325,0.9723861217498779,1.0,0.004850961538461538,0.00030524038461538465,0,0.75,0.75,0.65625,0.105625,2.338114644289017,1.565011770129204,0.079375,0.9533036106824875
358,1148800,-145.76622915267944,-1.4576622635126113,-145.76622915267944,-1.4576622635126113,0.0,145.76622915267944,1.4576622635126113,575.3294816017151,5.753294891715051,1.1698091891407967,0.1321875,0.06092125550097046,nan,nan,nan,nan,nan,nan,nan,nan,nan,nan,11488,-0.0004857757961705289,0.016218481585383415,1.025006115436554,0.0026659836526960134,0.10420070067048073,0.10420070067048073,0.09095853865146637,0.000984239063111699,0.007831250025628834,0.9665185809135437,1.0,0.0048365384615384616,0.0003041346153846154,0,0.75,0.75,0.53125,0.1321875,3.1804048365354536,1.4272571858763694,0.0965625,0.9502678978443145
359,1152000,-130.85335493087769,-1.3085335497558117,-130.85335493087769,-1.3085335497558117,0.0,130.85335493087769,1.3085335497558117,590.2423558235168,5.902423605471849,1.2703738963603974,0.1721875,0.07584103229694068,nan,nan,nan,nan,nan,nan,nan,nan,nan,nan,11520,-0.0007065158719313125,0.01720954952761531,1.0220421075820922,0.0029698537196964025,0.10827161222696305,0.10827161222696305,0.07742644213140011,0.0017633412790043052,0.012412500006030313,0.9708842635154724,1.0,0.004822115384615385,0.0003030288461538462,0,0.75,0.75,0.65625,0.1721875,3.1039820313453674,1.7843067023158072,0.1178125,0.9297768306732178
360,1155200,-159.86839774250984,-1.5986840027570723,-159.86839774250984,-1.5986840027570723,0.0,159.86839774250984,1.5986840027570723,561.2273130118847,5.612273152470589,1.6115264064073562,0.153125,0.058634291280497575,-15.788758650422096,-0.15788758650422097,-15.788758650422096,-0.15788758650422097,100.0,1.350644695982337,0.265,0.11273502986348016,15.788758650422096,797.3160241693258,11552,-0.00041413929956028993,0.01699025584384799,1.031290340423584,0.0031228617299348116,0.11591679602861404,0.11591679602861404,0.08327164947986603,0.0010015276071522273,0.004909375065471977,0.9718724489212036,1.0,0.004807692307692308,0.00030192307692307696,0,0.75,0.75,0.59375,0.153125,3.1254129868745806,2.1601540860533714,0.1053125,0.9032143259048462
361,1158400,-220.51284900307655,-2.20512848213315,-220.51284900307655,-2.20512848213315,0.0,220.51284900307655,2.20512848213315,500.582861751318,5.005828673094511,1.4038889250159263,0.1071875,0.044589206632868805,nan,nan,nan,nan,nan,nan,nan,nan,nan,nan,11584,-0.0008513743076123959,0.021807743422687053,1.0128771781921386,0.0051975045818835495,0.10308700501918792,0.10308700501918792,0.09445838481187821,0.0014862700376421446,0.01094062504998874,0.9545647501945496,1.0,0.00479326923076923,0.00030081730769230766,0,0.75,0.75,0.53125,0.1071875,3.6932341974973677,1.8250339922308922,0.0696875,0.954553616642952
362,1161600,-195.21701109409332,-1.952169980853796,-195.21701109409332,-1.952169980853796,0.0,195.21701109409332,1.952169980853796,525.8786996603012,5.2587871743738654,1.4642752689123153,0.1165625,0.04730092513221889,nan,nan,nan,nan,nan,nan,nan,nan,nan,nan,11616,-0.0006467446079943429,0.01686937864869833,1.0131122946739197,0.0029464369639754296,0.15637072399258614,0.15637072399258614,0.0940288931131363,0.0011705281765923522,0.010443750012200326,0.9702475070953369,1.0,0.004778846153846153,0.00029971153846153846,0,0.75,0.75,0.40625,0.1165625,3.34099396109581,1.7827911466360091,0.0846875,0.9676339721679688
363,1164800,-172.34289050102234,-1.723428855240345,-172.34289050102234,-1.723428855240345,0.0,172.34289050102234,1.723428855240345,548.7528202533722,5.487528299987316,1.0516065821051597,0.1084375,0.05285491913792359,nan,nan,nan,nan,nan,nan,nan,nan,nan,nan,11648,-0.0009190474614209521,0.012503859400749207,0.9936167538166046,0.0005988714983686805,0.07376880943775177,0.07376880943775177,0.05973500460386276,0.001653109239125766,0.011859374932828359,0.9750758409500122,1.0,0.004764423076923076,0.0002986057692307692,0,0.75,0.75,0.53125,0.1084375,3.0418201261758804,1.519254492521286,0.0821875,0.9389732581377029
364,1168000,-101.8762004673481,-1.0187621696293354,-101.8762004673481,-1.0187621696293354,0.0,101.8762004673481,1.0187621696293354,619.2195102870464,6.192194985598326,1.1799250677227975,0.16,0.0733970182595037,nan,nan,nan,nan,nan,nan,nan,nan,nan,nan,11680,-0.0006903193405596753,0.01676669018343091,1.0197394251823426,0.0028492636047303677,0.11112238243222236,0.11112238243222236,0.07927200309932232,0.0013482358779607355,0.010637500009033829,0.9663931131362915,1.0,0.004749999999999999,0.00029749999999999997,0,0.75,0.75,0.6875,0.16,2.7946743309497832,1.555959630906582,0.111875,0.9529911106824875
365,1171200,-102.07770702242851,-1.020777102559805,-102.07770702242851,-1.020777102559805,0.0,102.07770702242851,1.020777102559805,619.018003731966,6.1901800526678565,1.1422724163532256,0.160625,0.07497879297415906,nan,nan,nan,nan,nan,nan,nan,nan,nan,nan,11712,-0.0007688809370389293,0.013087044935673475,1.0022300362586976,0.0010285040363669396,0.10494885258376599,0.10494885258376599,0.07241596281528473,0.0019939705329331584,0.01593124957289547,0.9768878817558289,1.0,0.004735576923076922,0.0002963942307692308,0,0.75,0.75,0.59375,0.160625,2.6392950761318206,1.7005370196700096,0.12,0.9514732587337494
366,1174400,-93.93476131558418,-0.9393476600944995,-93.93476131558418,-0.9393476600944995,0.0,93.93476131558418,0.9393476600944995,627.1609494388103,6.271609495133162,1.1369861963391303,0.1609375,0.07531050049630734,nan,nan,nan,nan,nan,nan,nan,nan,nan,nan,11744,-0.0006424544579580526,0.01364143965765834,0.999114602804184,0.0014612915460020305,0.147334773093462,0.147334773093462,0.09523857273161411,0.0009543972431882141,0.006690625008195639,0.9758145213127136,1.0,0.004721153846153845,0.0002952884615384615,0,0.75,0.75,0.65625,0.1609375,3.209723391532898,1.381182946562767,0.115,0.9276786154508591
367,1177600,-204.5465922653675,-2.045466015636921,-204.5465922653675,-2.045466015636921,0.0,204.5465922653675,2.045466015636921,516.549118489027,5.16549113959074,1.4663946282863618,0.12125,0.0491608271480237,nan,nan,nan,nan,nan,nan,nan,nan,nan,nan,11776,-0.0008029056552098623,0.016677915398031474,1.008637261390686,0.002788668032735586,0.16632279753684998,0.16632279753684998,0.07195750437676907,0.0011844873835821044,0.007971874915529042,0.9739877581596375,1.0,0.004706730769230769,0.00029418269230769233,0,0.75,0.75,0.53125,0.12125,3.381575030088425,1.8165487805008889,0.088125,0.9559375405311584
368,1180800,-205.75111228227615,-2.0575111976265905,-205.75111228227615,-2.0575111976265905,0.0,205.75111228227615,2.0575111976265905,515.3445984721184,5.153445957601071,1.262676196694374,0.1025,0.04530033954913477,nan,nan,nan,nan,nan,nan,nan,nan,nan,nan,11808,-0.000415478228181021,0.013954029604792594,0.9906437218189239,0.0019131314009428024,0.07443066947162151,0.07443066947162151,0.06768861673772335,0.0010159609264543431,0.004759374940476846,0.978750467300415,1.0,0.004692307692307692,0.0002930769230769231,0,0.75,0.75,0.5625,0.1025,3.219950454235077,1.7336125388741492,0.071875,0.9585714703798294
369,1184000,-118.82960653305054,-1.1882960876822473,-118.82960653305054,-1.1882960876822473,0.0,118.82960653305054,1.1882960876822473,602.266104221344,6.022661067545414,1.1066400960087777,0.1396875,0.06630819391724802,nan,nan,nan,nan,nan,nan,nan,nan,nan,nan,11840,-0.0006231716813228649,0.016342117451131344,1.0026745438575744,0.002857491094619036,0.09264966659247875,0.09264966659247875,0.09149274900555611,0.0011833144762955674,0.008006249996833503,0.9704282879829407,1.0,0.004677884615384615,0.00029197115384615383,0,0.75,0.75,0.46875,0.1396875,2.676744214296341,1.4613368177413941,0.0990625,0.9331250411272048
370,1187200,-104.83743876218796,-1.048374356329441,-104.83743876218796,-1.048374356329441,0.0,104.83743876218796,1.048374356329441,616.2582719922066,6.162582798898221,1.129664886891842,0.1565625,0.07351508726262398,nan,nan,nan,nan,nan,nan,nan,nan,nan,nan,11872,-0.0005442298937356149,0.017066955287009477,0.9882989466190338,0.0033803538419306276,0.10907831341028214,0.10907831341028214,0.08856107741594314,0.00099421186169151,0.005421874884632416,0.9610857963562012,1.0,0.004663461538461538,0.00029086538461538464,0,0.75,0.75,0.6875,0.1565625,2.83993578851223,1.7360991424322127,0.11875,0.899151828289032
371,1190400,-144.899283349514,-1.448992687612772,-144.899283349514,-1.448992687612772,0.0,144.899283349514,1.448992687612772,576.1964274048805,5.76196446761489,1.3850173506140708,0.15375,0.06446493982964693,nan,nan,nan,nan,nan,nan,nan,nan,nan,nan,11904,-0.000914809309272091,0.017469231877475976,1.0044930279254913,0.003149879863485694,0.09906619861721992,0.09906619861721992,0.07720465399324894,0.001898039427762787,0.018075000308454037,0.9700903296470642,1.0,0.004649038461538461,0.0002897596153846154,0,0.75,0.75,0.5625,0.15375,3.567686148285866,1.6402536210417749,0.10375,0.9307589739561081
372,1193600,-241.64631873369217,-2.4164631874859333,-241.64631873369217,-2.4164631874859333,0.0,241.64631873369217,2.4164631874859333,479.44939202070236,4.794493967741728,1.3168994459509848,0.090625,0.03911477477297356,nan,nan,nan,nan,nan,nan,nan,nan,nan,nan,11936,-0.0008020449585317557,0.014075328223407268,1.0233709454536437,0.00149268819950521,0.1145212173461914,0.1145212173461914,0.07900307551026345,0.001874117794798167,0.01879062529769726,0.9746670722961426,1.0,0.004634615384615385,0.0002886538461538462,0,0.75,0.75,0.375,0.090625,3.607226400375366,1.8349611246585846,0.0621875,0.9369196867942811
373,1196800,-168.6118275821209,-1.6861183187365532,-168.6118275821209,-1.6861183187365532,0.0,168.6118275821209,1.6861183187365532,552.4838831722736,5.524838836491108,1.124055427312851,0.13,0.06120367591558728,nan,nan,nan,nan,nan,nan,nan,nan,nan,nan,11968,-0.0011877817842876448,0.014397885464131833,1.01504887342453,0.0013214401435106993,0.21594303995370864,0.21594303995370864,0.0746189184486866,0.0017892196869094819,0.017096875235438347,0.9725586771965027,1.0,0.004620192307692308,0.00028754807692307695,0,0.75,0.75,0.59375,0.13,3.4854983311891554,1.6031767135858537,0.09625,0.9741071838140488
374,1200000,-115.67585611343384,-1.1567584177851677,-115.67585611343384,-1.1567584177851677,0.0,115.67585611343384,1.1567584177851677,605.4198546409607,6.054198737442494,1.2106225192546844,0.1559375,0.07054008481401638,nan,nan,nan,nan,nan,nan,nan,nan,nan,nan,12000,-0.0005185707617725299,0.01595031386241317,0.9953181147575378,0.002872380567714572,0.07277708873152733,0.07277708873152733,0.07637852318584919,0.0009800510688388394,0.00418125003343448,0.9733796715736389,1.0,0.00460576923076923,0.0002864423076923077,0,0.75,0.75,0.625,0.1559375,2.559009826183319,1.6113998717069626,0.11,0.9517411124706269
375,1203200,-143.35822913050652,-1.4335822942852974,-143.35822913050652,-1.4335822942852974,0.0,143.35822913050652,1.4335822942852974,577.737481623888,5.7773748609423645,1.2030313161015511,0.126875,0.05759110143950016,nan,nan,nan,nan,nan,nan,nan,nan,nan,nan,12032,-0.00048225727031239176,0.01777366576716304,1.0333524703979493,0.0036600964609533547,0.14754823818802834,0.14754823818802834,0.07408200055360795,0.0007095359585968474,0.0047906249761581424,0.9562176465988159,1.0,0.004591346153846153,0.0002853365384615385,0,0.75,0.75,0.625,0.126875,3.2873656153678894,1.6040745016932487,0.094375,0.9177678996324539
376,1206400,-130.05136388540268,-1.3005137506872415,-130.05136388540268,-1.3005137506872415,0.0,130.05136388540268,1.3005137506872415,591.0443468689919,5.91044340454042,1.0946816417574883,0.1440625,0.06877536763969921,nan,nan,nan,nan,nan,nan,nan,nan,nan,nan,12064,-0.0007325465779518759,0.013722525537014007,0.9945936560630798,0.0015765377786010504,0.12763783782720567,0.12763783782720567,0.062498974800109866,0.0009540682032844444,0.005665625070105307,0.9741679430007935,1.0,0.0045769230769230765,0.00028423076923076926,0,0.75,0.75,0.59375,0.1440625,2.808935309648514,1.5593648856878282,0.095625,0.9641964691877365
377,1209600,-127.18788123130798,-1.2718786381185054,-127.18788123130798,-1.2718786381185054,0.0,127.18788123130798,1.2718786381185054,593.9078295230865,5.939078517109156,1.2681665441393852,0.1640625,0.07233265142011455,nan,nan,nan,nan,nan,nan,nan,nan,nan,nan,12096,-0.0006829016897245133,0.016415043361485006,1.026709532737732,0.002840257855132222,0.11930579021573066,0.11930579021573066,0.07492511570453644,0.0013164616961171154,0.00760312513448298,0.9731659889221191,1.0,0.0045625,0.00028312500000000006,0,0.75,0.75,0.59375,0.1640625,3.011315289735794,1.8654129162430764,0.1128125,0.9211607581377029
378,1212800,2.4022347927093506,0.024022526144981383,2.4022347927093506,0.024022526144981383,0.0,0.0,0.0,723.4979455471039,7.234979681372643,0.9370053735375404,0.229375,0.11841732766135486,nan,nan,nan,nan,nan,nan,nan,nan,nan,nan,12128,-0.0004399114621818079,0.016308056935667992,0.9869365811347961,0.0032254534773528574,0.09726389274001121,0.09726389274001121,0.07834378890693187,0.0008648254399329349,0.0055468750040745364,0.9646255373954773,1.0,0.004548076923076923,0.0002820192307692308,0,0.75,0.75,0.71875,0.229375,1.835067049562931,1.3987721818685532,0.1565625,0.9643750405311584
379,1216000,-104.67516142129898,-1.0467516478896142,-104.67516142129898,-1.0467516478896142,0.0,104.67516142129898,1.0467516478896142,616.4205493330956,6.164205507338047,1.0443362486362457,0.1646875,0.08055793175406503,nan,nan,nan,nan,nan,nan,nan,nan,nan,nan,12160,-0.0006248450118466308,0.016324462555348872,0.9980648159980774,0.0030125056859105826,0.12033438906073571,0.12033438906073571,0.07420322373509407,0.0008818438473122911,0.008365625000442379,0.9665948152542114,1.0,0.004533653846153846,0.00028091346153846157,0,0.75,0.75,0.65625,0.1646875,3.841274298429489,1.457759530544281,0.1209375,0.9244643235206604
380,1219200,-138.95358681678772,-1.3895355638861657,-138.95358681678772,-1.3895355638861657,0.0,138.95358681678772,1.3895355638861657,582.1421239376068,5.821421591341496,1.2801666784286498,0.151875,0.066606972830891,2.9384535551071167,0.029384535551071168,2.9384535551071167,0.029384535551071168,100.0,1.3566889307647942,0.285,0.12093237944114736,0.0,816.043236374855,12192,-0.0006831787812522805,0.012216086219996213,1.0066808819770814,0.00087544119451195,0.16941387429833413,0.16941387429833413,0.07674349695444108,0.001087180748438843,0.0074718750664033,0.9793856739997864,1.0,0.004519230769230769,0.0002798076923076924,0,0.75,0.75,0.625,0.151875,3.4957043290138246,1.8485482308268546,0.1146875,0.9020536130666733
381,1222400,-15.391688257455826,-0.15391666501760481,-15.391688257455826,-0.15391666501760481,0.0,15.391688257455826,0.15391666501760481,705.7040224969387,7.057040490210056,0.9921395576000214,0.2025,0.10164950503967536,nan,nan,nan,nan,nan,nan,nan,nan,nan,nan,12224,-0.0010023433652240677,0.010989054199308157,1.014626944065094,-7.851561531424522e-05,0.22717512547969818,0.22717512547969818,0.07128929272294045,0.0023058640508705147,0.019081250205636023,0.9783313870429993,1.0,0.004504807692307692,0.00027870192307692307,0,0.75,0.75,0.75,0.2025,2.3608273494243623,1.2905650690197945,0.1440625,0.9420089721679688
382,1225600,-116.70950669050217,-1.1670950254797936,-116.70950669050217,-1.1670950254797936,0.0,116.70950669050217,1.1670950254797936,604.3862040638924,6.043862129747868,1.4699603092670441,0.17875,0.07236958396835279,nan,nan,nan,nan,nan,nan,nan,nan,nan,nan,12256,-0.000990942203393197,0.016294500976800918,0.9926016449928283,0.0026991449296474455,0.09281318858265877,0.09281318858265877,0.07347899079322814,0.0012921540281263992,0.010668749967589975,0.9591317176818848,1.0,0.004490384615384615,0.0002775961538461538,0,0.75,0.75,0.65625,0.17875,3.5612735044956207,1.6754822885990144,0.1309375,0.9183482569456101
383,1228800,-114.7980629503727,-1.1479807913303375,-114.7980629503727,-1.1479807913303375,0.0,114.7980629503727,1.1479807913303375,606.2976478040218,6.062976363897324,1.0652384427189827,0.16125,0.07807815149310647,nan,nan,nan,nan,nan,nan,nan,nan,nan,nan,12288,-0.00043511959897006846,0.015248790662735701,0.9854639887809753,0.002778376918286085,0.06754249408841133,0.06754249408841133,0.0789240289479494,0.0009667657774141001,0.0038343749416526406,0.9707793593406677,1.0,0.004475961538461538,0.0002764903846153846,0,0.75,0.75,0.5625,0.16125,3.3107507818937303,1.3879522055387497,0.10625,0.9148661124706269
384,1232000,-150.48345735669136,-1.5048347091674805,-150.48345735669136,-1.5048347091674805,0.0,150.48345735669136,1.5048347091674805,570.6122533977032,5.706122446060181,1.0134702903032302,0.1246875,0.06192666492298824,nan,nan,nan,nan,nan,nan,nan,nan,nan,nan,12320,-0.000330445921589817,0.012150249164551496,1.0327370285987854,0.0011370827443897725,0.11030317433178424,0.11030317433178424,0.07126299142837525,0.0005260824174935831,0.002575000008800998,0.97480309009552,1.0,0.00446153846153846,0.0002753846153846154,0,0.75,0.75,0.625,0.1246875,4.07609033703804,1.2691229581832886,0.0875,0.8882143294811249
385,1235200,-73.19532239437103,-0.731953210234642,-73.19532239437103,-0.731953210234642,0.0,73.19532239437103,0.731953210234642,647.9003883600235,6.4790039449930195,1.0074452558159828,0.1690625,0.0842177386955839,nan,nan,nan,nan,nan,nan,nan,nan,nan,nan,12352,-0.0006426124307312375,0.016512676235288383,1.037770891189575,0.002998638525605202,0.12218716219067574,0.12218716219067574,0.091685800999403,0.0014178181194461476,0.012040625023655594,0.9576519727706909,1.0,0.0044471153846153836,0.00027427884615384613,0,0.75,0.75,0.75,0.1690625,2.2864237529039384,1.7035344544053077,0.1159375,0.9429911142587661
386,1238400,-183.19826531410217,-1.8319826005399227,-183.19826531410217,-1.8319826005399227,0.0,183.19826531410217,1.8319826005399227,537.8974454402924,5.378974554687739,1.435568325817585,0.140625,0.057738064052378496,nan,nan,nan,nan,nan,nan,nan,nan,nan,nan,12384,-0.0006819454081355758,0.018429849296808243,1.0197179436683654,0.004012883407995105,0.1536402352154255,0.1536402352154255,0.07062608972191811,0.0015522854177129931,0.013046875098370946,0.9618765711784363,1.0,0.004432692307692307,0.00027317307692307694,0,0.75,0.75,0.625,0.140625,2.9895422399044036,1.8822763150930404,0.1065625,0.9811607593297959
387,1241600,-205.58017140626907,-2.0558016631007194,-205.58017140626907,-2.0558016631007194,0.0,205.58017140626907,2.0558016631007194,515.5155393481255,5.1551554921269425,1.4802894884347915,0.119375,0.048129462531138915,nan,nan,nan,nan,nan,nan,nan,nan,nan,nan,12416,-0.0007286387927335269,0.01699636671692133,1.0229314684867858,0.0032499579712748526,0.11399431601166725,0.11399431601166725,0.08067907243967057,0.0011644070757051283,0.013678125062142499,0.9583200812339783,1.0,0.00441826923076923,0.0002720673076923077,0,0.75,0.75,0.53125,0.119375,3.0946708124876023,2.0326752707362177,0.07375,0.8965625429153442
388,1244800,-136.83097723126411,-1.3683096626400948,-136.83097723126411,-1.3683096626400948,0.0,136.83097723126411,1.3683096626400948,584.2647335231304,5.842647492587567,1.424735501408577,0.1559375,0.06431113822906162,nan,nan,nan,nan,nan,nan,nan,nan,nan,nan,12448,-0.0004695457973516781,0.014741057623177766,1.0211917757987976,0.0024038115981966255,0.11754612997174263,0.11754612997174263,0.08597067259252071,0.001121382877320161,0.008599999954458325,0.9669754505157471,1.0,0.004403846153846153,0.00027096153846153844,0,0.75,0.75,0.59375,0.1559375,3.3996576339006426,1.6715694683790208,0.10625,0.9112946826219559
389,1248000,-181.86018508672714,-1.8186019825935364,-181.86018508672714,-1.8186019825935364,0.0,181.86018508672714,1.8186019825935364,539.2355256676674,5.392355172634125,1.5414950037002564,0.1384375,0.05447089205308046,nan,nan,nan,nan,nan,nan,nan,nan,nan,nan,12480,-0.0005184777435438548,0.017315549589693547,0.9949406683444977,0.0037720815744251013,0.12371817678213119,0.12371817678213119,0.08820816949009895,0.001402279520700813,0.011981250066310168,0.9646415114402771,1.0,0.004389423076923076,0.00026985576923076925,0,0.75,0.75,0.5625,0.1384375,2.8900812381505965,2.0706966596841814,0.0984375,0.9616964703798294
390,1251200,-87.13559943437576,-0.8713559901714325,-87.13559943437576,-0.8713559901714325,0.0,87.13559943437576,0.8713559901714325,633.9601113200188,6.339601165056229,1.1245488461852073,0.1653125,0.07781063744278295,nan,nan,nan,nan,nan,nan,nan,nan,nan,nan,12512,-0.0009260830797021668,0.015677162632346153,1.0296261310577393,0.0024078838061541317,0.15036710128188133,0.15036710128188133,0.0759776584804058,0.0012993255382777748,0.012140625109896063,0.9660601615905762,1.0,0.0043749999999999995,0.00026875,0,0.75,0.75,0.65625,0.1653125,3.4919581925868988,1.2764648047089577,0.109375,0.9036161130666733
391,1254400,-244.34588798880577,-2.4434589558839797,-244.34588798880577,-2.4434589558839797,0.0,244.34588798880577,2.4434589558839797,476.74982276558876,4.767498199343682,1.563794381916523,0.1028125,0.0401016948649151,nan,nan,nan,nan,nan,nan,nan,nan,nan,nan,12544,-0.0006050714809796798,0.011827357299625873,0.9937307357788085,0.0009753677295520902,0.1438702128827572,0.1438702128827572,0.06657309606671333,0.0010043619360681543,0.0067500000353902575,0.9713857769966125,1.0,0.004360576923076923,0.0002676442307692308,0,0.75,0.75,0.5625,0.1028125,3.103707308769226,1.961623642742634,0.06625,0.9562946856021881
392,1257600,-8.463629513978958,-0.08463620185852051,-8.463629513978958,-0.08463620185852051,0.0,8.463629513978958,0.08463620185852051,712.6320812404156,7.126320953369141,1.0354600317776204,0.2328125,0.11437832055915084,nan,nan,nan,nan,nan,nan,nan,nan,nan,nan,12576,-0.0010171951264609015,0.014038732089102269,0.9927639365196228,0.001687466260045767,0.19213585257530214,0.19213585257530214,0.06854890324175358,0.002097443515961278,0.025168750109151004,0.9732301831245422,1.0,0.004346153846153846,0.00026653846153846156,0,0.75,0.75,0.71875,0.2328125,3.513840474486351,1.1395473954081536,0.1596875,0.9628571856021881
393,1260800,-44.497698947787285,-0.4449769896268845,-44.497698947787285,-0.4449769896268845,0.0,44.497698947787285,0.4449769896268845,676.5980118066072,6.7659801656007765,0.8284047146141529,0.19125,0.10459938025283388,nan,nan,nan,nan,nan,nan,nan,nan,nan,nan,12608,-0.0005543751411925868,0.012387631647288799,0.9650436580181122,0.0014591314364224672,0.07554523237049579,0.07554523237049579,0.06712112352252006,0.0009944647266845806,0.005696874993736856,0.9661933183670044,1.0,0.004331730769230769,0.0002654326923076923,0,0.75,0.75,0.78125,0.19125,2.285219123363495,1.2188865286111832,0.1396875,0.939062539935112
394,1264000,-140.99382424354553,-1.4099382685124875,-140.99382424354553,-1.4099382685124875,0.0,140.99382424354553,1.4099382685124875,580.101886510849,5.801018886715174,1.0576971730589866,0.1525,0.07411197429663202,nan,nan,nan,nan,nan,nan,nan,nan,nan,nan,12640,-0.0007740908737293495,0.012525000888854266,1.0340833425521851,0.001023953384719789,0.08397364020347595,0.08397364020347595,0.06517735719680787,0.001212639341249511,0.006753125047544018,0.9729529023170471,1.0,0.004317307692307692,0.0002643269230769231,0,0.75,0.75,0.5,0.1525,3.4803718554973604,1.2874731621146203,0.1090625,0.9144643300771713
395,1267200,-190.1529564857483,-1.901529439687729,-190.1529564857483,-1.901529439687729,0.0,190.1529564857483,1.901529439687729,530.9427542686462,5.3094277155399325,1.272898295223713,0.12375,0.05444590295133278,nan,nan,nan,nan,nan,nan,nan,nan,nan,nan,12672,-0.0009981470011058314,0.01255336357280612,1.0389685869216918,0.0008079730672761798,0.12803060859441756,0.12803060859441756,0.06436569429934025,0.0016778409572021074,0.011459374954574742,0.9727291464805603,1.0,0.0043028846153846155,0.00026322115384615387,0,0.75,0.75,0.46875,0.12375,3.7958513855934144,1.5326853856444358,0.0715625,0.9071429002285004
396,1270400,-93.23680374026299,-0.9323679706454278,-93.23680374026299,-0.9323679706454278,0.0,93.23680374026299,0.9323679706454278,627.8589070141315,6.278589184582234,0.9524413892626762,0.143125,0.0733056576177429,nan,nan,nan,nan,nan,nan,nan,nan,nan,nan,12704,-0.000489861020492377,0.013129740953445435,1.034198260307312,0.0016398899722844362,0.1415000945329666,0.1415000945329666,0.07449120916426182,0.001213228731651438,0.011596875060058664,0.9612744450569153,1.0,0.004288461538461539,0.0002621153846153847,0,0.75,0.75,0.65625,0.143125,2.5304044687747957,1.113044437468052,0.11375,0.9394643241167069
397,1273600,-192.39978930354118,-1.9239976362884044,-192.39978930354118,-1.9239976362884044,0.0,192.39978930354118,1.9239976362884044,528.6959214508533,5.286959518939257,1.2674155500531197,0.153125,0.06753283490377963,nan,nan,nan,nan,nan,nan,nan,nan,nan,nan,12736,-0.0004716930931724983,0.011035720538347959,1.032377588748932,0.0006337455241009593,0.07939696200191974,0.07939696200191974,0.055064527317881584,0.0008603530768618994,0.0030062500620260833,0.9750708937644958,1.0,0.004274038461538461,0.0002610096153846154,0,0.75,0.75,0.53125,0.153125,3.7530930387973784,1.7435555306077004,0.104375,0.9191964691877366
398,1276800,-140.69852730631828,-1.4069853077828884,-140.69852730631828,-1.4069853077828884,0.0,140.69852730631828,1.4069853077828884,580.3971834480762,5.803971847444773,1.1197329592704772,0.14375,0.0678151459462482,nan,nan,nan,nan,nan,nan,nan,nan,nan,nan,12768,-0.0006775798400281974,0.011347992066293954,1.0275427579879761,0.0006194795016199351,0.13250641524791718,0.13250641524791718,0.06798295304179192,0.0007821627397812771,0.003703124975436367,0.974531352519989,1.0,0.004259615384615384,0.0002599038461538462,0,0.75,0.75,0.65625,0.14375,2.745651167333126,1.6020741495490074,0.095,0.9386607581377029
399,1280000,-120.5852820277214,-1.205852929353714,-120.5852820277214,-1.205852929353714,0.0,120.5852820277214,1.205852929353714,600.5104287266731,6.005104225873947,1.0457705456018447,0.1359375,0.06644806784037874,nan,nan,nan,nan,nan,nan,nan,nan,nan,nan,12800,-0.0005738298571319689,0.011273075453937053,1.0577871322631835,0.0005721980473026633,0.12047251351177693,0.12047251351177693,0.06570192314684391,0.0013777232030429667,0.006231249924167059,0.9757668972015381,1.0,0.0042451923076923075,0.000258798076923077,0,0.75,0.75,0.625,0.1359375,3.196810902953148,1.3363614162802697,0.08375,0.9108928990364075
400,1283200,-150.3038356602192,-1.5030384883284569,-150.3038356602192,-1.5030384883284569,0.0,150.3038356602192,1.5030384883284569,570.7918750941753,5.707918666899205,1.33029315918684,0.1528125,0.06557651315138573,55.35606601834297,0.5535606601834298,55.35606601834297,0.5535606601834298,100.0,1.058278483566828,0.315,0.15304051541856029,0.0,868.4608488380909,12832,-0.0009634044874226699,0.013284741155803203,1.013843595981598,0.0013896277174353599,0.12477841526269913,0.12477841526269913,0.07946717850863934,0.001672209701066734,0.009281250252388417,0.9723228216171265,1.0,0.00423076923076923,0.0002576923076923077,0,0.75,0.75,0.5625,0.1528125,2.55760056912899,1.610771801173687,0.1021875,0.9671428990364075
401,1286400,-171.9448539018631,-1.7194485160708428,-171.9448539018631,-1.7194485160708428,0.0,171.9448539018631,1.7194485160708428,549.1508568525314,5.491508639156819,1.3406873953342437,0.1484375,0.06341620000000195,nan,nan,nan,nan,nan,nan,nan,nan,nan,nan,12864,-0.0011118144408101215,0.014819549303501845,1.0111750721931458,0.0020344962365925314,0.22154942750930787,0.22154942750930787,0.06037384793162346,0.0015543176617964383,0.015793749899603426,0.9686193466186523,1.0,0.004216346153846153,0.00025658653846153843,0,0.75,0.75,0.625,0.1484375,3.940048940181732,1.6049743783473969,0.1134375,0.9521429032087326
402,1289600,-84.2921040058136,-0.8429209661483764,-84.2921040058136,-0.8429209661483764,0.0,84.2921040058136,0.8429209661483764,636.8036067485809,6.368036189079285,1.0290609803795814,0.1890625,0.09317733760994784,nan,nan,nan,nan,nan,nan,nan,nan,nan,nan,12896,-0.0008275763080513698,0.013113091606646777,1.0698648810386657,0.00123347956687212,0.10246897339820862,0.10246897339820862,0.061702553555369376,0.0011047758711381053,0.004812500065600034,0.9698039293289185,1.0,0.004201923076923076,0.00025548076923076924,0,0.75,0.75,0.75,0.1890625,3.908625354766846,1.113824729025364,0.1365625,0.9590179014205933
403,1292800,-137.38726022839546,-1.3738726285099983,-137.38726022839546,-1.3738726285099983,0.0,137.38726022839546,1.3738726285099983,583.7084505259991,5.837084526717663,0.8776073922216893,0.145,0.07722594222875738,nan,nan,nan,nan,nan,nan,nan,nan,nan,nan,12928,-0.0006904070719262023,0.012598337698727846,1.052973985671997,0.0011994331143796444,0.09730997011065483,0.09730997011065483,0.07055588215589523,0.0010322700632992945,0.0025000000081490726,0.9705658555030823,1.0,0.004187499999999999,0.000254375,0,0.75,0.75,0.65625,0.145,3.3695121055841444,1.1697194468975067,0.1075,0.9257589662075043
404,1296000,-139.88524025678635,-1.3988524205982684,-139.88524025678635,-1.3988524205982684,0.0,139.88524025678635,1.3988524205982684,581.2104704976082,5.8121047346293935,1.0444143962860108,0.1496875,0.07321778807267747,nan,nan,nan,nan,nan,nan,nan,nan,nan,nan,12960,-0.0010984270220389726,0.013300047162920237,1.0257066369056702,0.0012712441151961685,0.12915982827544212,0.12915982827544212,0.08051630482077599,0.0015102411714930596,0.005315625027287751,0.9680303335189819,1.0,0.004173076923076923,0.00025326923076923074,0,0.75,0.75,0.59375,0.1496875,3.157179692387581,1.5776288983225824,0.1075,0.9622321784496307
405,1299200,-147.3295795917511,-1.4732959325611592,-147.3295795917511,-1.4732959325611592,0.0,147.3295795917511,1.4732959325611592,573.7661311626434,5.737661222666502,1.2129888346791267,0.140625,0.06354528219767994,nan,nan,nan,nan,nan,nan,nan,nan,nan,nan,12992,-0.0009026966142933635,0.012489049509167672,0.9909230411052704,0.0012209221720695495,0.13565206602215768,0.13565206602215768,0.08324897848069668,0.0015391697677866638,0.009012499917298555,0.9569283127784729,1.0,0.004158653846153846,0.00025216346153846155,0,0.75,0.75,0.625,0.140625,1.974602773487568,1.733166058063507,0.0890625,0.954151828289032
406,1302400,-219.24077147245407,-2.192407534122467,-219.24077147245407,-2.192407534122467,0.0,219.24077147245407,2.192407534122467,501.85493928194046,5.018549621105194,1.3389124943315982,0.1140625,0.04876732253833043,nan,nan,nan,nan,nan,nan,nan,nan,nan,nan,13024,-0.000542141929746176,0.012775258254259824,0.9793342351913452,0.001786900032311678,0.09431928358972072,0.09431928358972072,0.07079579010605812,0.0011104796438328021,0.004665624932385981,0.9601364135742188,1.0,0.004144230769230769,0.0002510576923076923,0,0.75,0.75,0.5,0.1140625,4.269862949848175,1.7002227728068828,0.0790625,0.922633969783783
407,1305600,-92.84641268849373,-0.9284640204906464,-92.84641268849373,-0.9284640204906464,0.0,92.84641268849373,0.9284640204906464,628.2492980659008,6.282493134737015,1.0562723568081855,0.175,0.08510545766011308,nan,nan,nan,nan,nan,nan,nan,nan,nan,nan,13056,-0.0005284700282267351,0.012211948540061713,0.9502325057983398,0.001653227023780346,0.13422322757542132,0.13422322757542132,0.0696934551000595,0.0008700308215366309,0.003925000019080471,0.9660260081291199,1.0,0.004129807692307691,0.0002499519230769231,0,0.75,0.75,0.71875,0.175,3.04005311191082,1.290834360420704,0.1309375,0.9450446826219558
408,1308800,-187.54429650306702,-1.87544293820858,-187.54429650306702,-1.87544293820858,0.0,187.54429650306702,1.87544293820858,533.5514142513275,5.335514217019082,1.4853793665766717,0.1284375,0.05167722148466538,nan,nan,nan,nan,nan,nan,nan,nan,nan,nan,13088,-0.0007436796134104862,0.014162230025976896,1.0234679698944091,0.002125471131876111,0.11871004030108452,0.11871004030108452,0.08916984349489213,0.0011948644874818152,0.005437499953768565,0.9637113809585571,1.0,0.0041153846153846145,0.00024884615384615386,0,0.75,0.75,0.53125,0.1284375,3.164679228067398,2.0255984288454054,0.09375,0.9211607551574708
409,1312000,-139.05197083950043,-1.3905197781324388,-139.05197083950043,-1.3905197781324388,0.0,139.05197083950043,1.3905197781324388,582.0437399148941,5.820437377095223,1.0258335441350936,0.16125,0.07959686543192462,nan,nan,nan,nan,nan,nan,nan,nan,nan,nan,13120,-0.00050066743677597,0.011397889722138644,0.9890443623065949,0.0011422444600611924,0.15483827367424965,0.15483827367424965,0.06726504191756248,0.00116895215469682,0.006171875074505806,0.9734053015708923,1.0,0.004100961538461538,0.0002477403846153846,0,0.75,0.75,0.625,0.16125,3.230616409778595,1.637587865293026,0.115,0.9196429002285004
410,1315200,-220.79930764436722,-2.2079930217564105,-220.79930764436722,-2.2079930217564105,0.0,220.79930764436722,2.2079930217564105,500.2964031100273,5.0029641334712505,1.2343382158875464,0.1221875,0.05468621497460422,nan,nan,nan,nan,nan,nan,nan,nan,nan,nan,13152,-0.0005793753408652291,0.012724168598651886,0.9649300217628479,0.001839485066011548,0.13882226273417472,0.13882226273417472,0.07155206464231015,0.0009963990611165734,0.00706562508130446,0.9649895429611206,1.0,0.004086538461538461,0.0002466346153846154,0,0.75,0.75,0.5625,0.1221875,3.7460940778255463,1.7222240820527077,0.0846875,0.9188839721679688
411,1318400,-100.01137268543243,-1.000113713890314,-100.01137268543243,-1.000113713890314,0.0,100.01137268543243,1.000113713890314,621.0843380689621,6.210843441337348,1.2696174511313438,0.1690625,0.07448942548257498,nan,nan,nan,nan,nan,nan,nan,nan,nan,nan,13184,-0.00029533010876399147,0.01089347992092371,0.9533291578292846,0.001269343588501215,0.11871512569487094,0.11871512569487094,0.06526819989085197,0.0006639541636130148,0.0035500000260071827,0.9665682315826416,1.0,0.004072115384615384,0.00024552884615384617,0,0.75,0.75,0.71875,0.1690625,2.9892844676971437,1.5419114303588868,0.1203125,0.937232186794281
412,1321600,-134.40760082006454,-1.3440758441388607,-134.40760082006454,-1.3440758441388607,0.0,134.40760082006454,1.3440758441388607,586.68810993433,5.8668813110888,1.187352131009102,0.1778125,0.08129120934815781,nan,nan,nan,nan,nan,nan,nan,nan,nan,nan,13216,-0.0005176158098038286,0.009878231398761272,1.0291289329528808,0.0002456112764775753,0.1529918648302555,0.1529918648302555,0.0581013947725296,0.0007295830961110714,0.0034749999875202777,0.9817689657211304,1.0,0.004057692307692307,0.00024442307692307697,0,0.75,0.75,0.625,0.1778125,4.015083314180374,1.5394722622632981,0.1125,0.9539732587337494
413,1324800,-222.0430122613907,-2.22043008685112,-222.0430122613907,-2.22043008685112,0.0,222.0430122613907,2.22043008685112,499.05269849300385,4.990527068376542,1.1794743278622628,0.1165625,0.053481933010117326,nan,nan,nan,nan,nan,nan,nan,nan,nan,nan,13248,-0.0004885491358989746,0.013015199359506369,0.9453129708766937,0.0021968955639749765,0.1358778528869152,0.1358778528869152,0.060570104792714116,0.0009672164051178912,0.004987499892013148,0.9654911756515503,1.0,0.0040432692307692305,0.00024331730769230772,0,0.75,0.75,0.5625,0.1165625,3.304665552377701,2.137572192251682,0.0884375,0.9217411148548126
414,1328000,-128.89976292662323,-1.2889977058768272,-128.89976292662323,-1.2889977058768272,0.0,128.89976292662323,1.2889977058768272,592.1959478277713,5.921959449350834,1.1227424561977386,0.1725,0.081262802040047,nan,nan,nan,nan,nan,nan,nan,nan,nan,nan,13280,-0.0004037778614613075,0.013709990959614515,1.0366929173469543,0.002274541510269046,0.10970762446522712,0.10970762446522712,0.06540648937225342,0.0008055333550169984,0.005318750021979212,0.9675107598304749,1.0,0.004028846153846154,0.00024221153846153848,0,0.75,0.75,0.59375,0.1725,3.4115917778015135,1.386019226014614,0.1234375,0.9400000429153442
415,1331200,-80.90712350606918,-0.8090712235122919,-80.90712350606918,-0.8090712235122919,0.0,80.90712350606918,0.8090712235122919,640.1885872483253,6.40188593171537,0.8331320971250534,0.17375,0.09478313116250402,nan,nan,nan,nan,nan,nan,nan,nan,nan,nan,13312,-0.0007135744852363235,0.010433179792016745,0.9861905097961425,0.0005440294044092298,0.12553832530975342,0.12553832530975342,0.054317808523774144,0.0010410115472066065,0.006671874997846316,0.9700086712837219,1.0,0.004014423076923077,0.00024110576923076928,0,0.75,0.75,0.6875,0.17375,3.713397641181946,1.0548614192008972,0.12625,0.9160268342494965
416,1334400,-100.38528335094452,-1.0038528452813624,-100.38528335094452,-1.0038528452813624,0.0,100.38528335094452,1.0038528452813624,620.71042740345,6.207104309946299,1.097469157874584,0.188125,0.0896914261140467,nan,nan,nan,nan,nan,nan,nan,nan,nan,nan,13344,-0.0003656322267459267,0.014391917549073697,0.9853625178337098,0.0028888762462884188,0.09117175228893756,0.09117175228893756,0.078811427205801,0.0005106402397386074,0.002068749989848584,0.9612482786178589,1.0,0.004,0.00024000000000000003,0,0.75,0.75,0.6875,0.188125,2.9150175541639327,1.7532183349132537,0.1221875,0.9410714709758758
417,1337600,-84.05159705877304,-0.8405160088837147,-84.05159705877304,-0.8405160088837147,0.0,84.05159705877304,0.8405160088837147,637.0441136956215,6.370441146343946,1.076403533220291,0.1740625,0.08382884021105798,nan,nan,nan,nan,nan,nan,nan,nan,nan,nan,13376,-0.0005763239431486045,0.010601115692406893,0.9784017026424408,0.0008247387129813432,0.09345662333071232,0.09345662333071232,0.05967705473303795,0.0010011731777950482,0.003228125022724271,0.9673040509223938,1.0,0.003985576923076923,0.00023889423076923084,0,0.75,0.75,0.71875,0.1740625,3.0838972520828247,1.416700743585825,0.11625,0.9311161136627197
418,1340800,-192.22641223669052,-1.9222641956806183,-192.22641223669052,-1.9222641956806183,0.0,192.22641223669052,1.9222641956806183,528.869298517704,5.288692959547043,1.4353775790333747,0.13875,0.05697268513700912,nan,nan,nan,nan,nan,nan,nan,nan,nan,nan,13408,-0.0004293952948297708,0.013465223927050829,0.9996012210845947,0.0023336463142186402,0.0951764915138483,0.0951764915138483,0.07129284553229809,0.0011862568466337673,0.004599999960919377,0.9652627110481262,1.0,0.0039711538461538465,0.0002377884615384616,0,0.75,0.75,0.53125,0.13875,3.0622483533620835,2.2467383962869643,0.10125,0.9460714727640152
419,1344000,-124.63896602392197,-1.2463896837830544,-124.63896602392197,-1.2463896837830544,0.0,124.63896602392197,1.2463896837830544,596.4567447304726,5.964567471444607,1.2670483353734017,0.1640625,0.07236832909121788,nan,nan,nan,nan,nan,nan,nan,nan,nan,nan,13440,-0.0006291557162650951,0.011690665315836669,0.9186927139759063,0.0015811570454388856,0.1856315851211548,0.1856315851211548,0.07601889483630657,0.0011136262335669255,0.007103124912828207,0.9633973240852356,1.0,0.003956730769230769,0.00023668269230769234,0,0.75,0.75,0.6875,0.1640625,4.025935544967651,1.6485650447010993,0.11375,0.8949107563495636
420,1347200,-142.26287126541138,-1.4226289495825768,-142.26287126541138,-1.4226289495825768,0.0,142.26287126541138,1.4226289495825768,578.8328394889832,5.788328205645085,0.9705352187156677,0.15375,0.07802448722546018,-145.88517327606678,-1.4588517327606678,-145.88517327606678,-1.4588517327606678,100.0,1.7360832570679485,0.23,0.0840617694676709,145.88517327606678,667.2196095436811,13472,-0.0006188325670227534,0.009477169159799815,0.9671132385730743,0.00030709416605532167,0.1848817579448223,0.1848817579448223,0.05578237846493721,0.0010817099806471162,0.005999999982304871,0.9733997583389282,1.0,0.003942307692307691,0.00023557692307692304,0,0.75,0.75,0.5625,0.15375,3.4864544707536695,1.494848047196865,0.1178125,0.9268303954601288
421,1350400,-96.28437905013561,-0.9628437769412994,-96.28437905013561,-0.9628437769412994,0.0,96.28437905013561,0.9628437769412994,624.8113317042589,6.248113378286362,1.2619309332966804,0.180625,0.07985433920245556,nan,nan,nan,nan,nan,nan,nan,nan,nan,nan,13504,-0.0006728256988688397,0.009149650437757373,0.9679125845432281,0.000100150634534657,0.1457085207104683,0.1457085207104683,0.06932865642011166,0.0011350176937439233,0.006718749960418791,0.9765061736106873,1.0,0.003927884615384614,0.00023447115384615385,0,0.75,0.75,0.59375,0.180625,3.3562321138381956,1.709749837219715,0.1221875,0.963214328289032
422,1353600,-267.79516315460205,-2.677951657176018,-267.79516315460205,-2.677951657176018,0.0,267.79516315460205,2.677951657176018,453.3005475997925,4.533005498051644,1.591322484910488,0.100625,0.03883152351200931,nan,nan,nan,nan,nan,nan,nan,nan,nan,nan,13536,-0.0004517040995299482,0.011874173674732447,0.9731628179550171,0.0016769473673775791,0.07590515352785587,0.07590515352785587,0.07221832163631917,0.0006365289318659908,0.0024062499986030163,0.9695197939872742,1.0,0.0039134615384615375,0.0002333653846153846,0,0.75,0.75,0.5,0.100625,3.5912148463726044,2.1047648695111274,0.0678125,0.9464286148548127
423,1356800,-66.07980847358704,-0.6607980912923813,-66.07980847358704,-0.6607980912923813,0.0,66.07980847358704,0.6607980912923813,655.0159022808075,6.55015906393528,0.9348664435744286,0.2184375,0.11289538909800073,nan,nan,nan,nan,nan,nan,nan,nan,nan,nan,13568,-0.0009477402687421588,0.011906357761472464,0.9969085037708283,0.0011184540577232837,0.11561221107840539,0.11561221107840539,0.07614531889557838,0.001786339587127149,0.009999999887077138,0.9742321372032166,1.0,0.0038990384615384607,0.00023225961538461535,0,0.75,0.75,0.65625,0.2184375,3.017345915436745,1.4928149038553238,0.1490625,0.933482181429863
424,1360000,-87.6646623313427,-0.8766466990113259,-87.6646623313427,-0.8766466990113259,0.0,87.6646623313427,0.8766466990113259,633.4310484230518,6.334310456216335,1.205581168681383,0.185,0.08387811912204668,nan,nan,nan,nan,nan,nan,nan,nan,nan,nan,13600,-0.0008074001609696957,0.009532316122204065,1.0342920899391175,-5.9068948030471804e-05,0.11373030170798301,0.11373030170798301,0.06270552910864353,0.0011761727182628616,0.0026968750287778677,0.9748297929763794,1.0,0.003884615384615384,0.00023115384615384616,0,0.75,0.75,0.6875,0.185,3.1179625856876374,1.4899377822875977,0.1175,0.9551786178350449
425,1363200,-14.80845496058464,-0.14808465659618378,-14.80845496058464,-0.14808465659618378,0.0,14.80845496058464,0.14808465659618378,706.2872557938099,7.062872498631478,0.9444984902441501,0.239375,0.12310372119134133,nan,nan,nan,nan,nan,nan,nan,nan,nan,nan,13632,-0.000502155600511478,0.012938794121146202,0.9421578943729401,0.0023209093604236843,0.21834226325154305,0.21834226325154305,0.07464629672467708,0.0013266254798538811,0.00804062486276962,0.9693748950958252,1.0,0.003870192307692307,0.0002300480769230769,0,0.75,0.75,0.75,0.239375,4.416087749004364,1.1580097779631615,0.1715625,0.905937539935112
426,1366400,-159.74684327840805,-1.5974684756994249,-159.74684327840805,-1.5974684756994249,0.0,159.74684327840805,1.5974684756994249,561.3488674759865,5.613488679528237,1.3058038061857224,0.1621875,0.07033881181256776,nan,nan,nan,nan,nan,nan,nan,nan,nan,nan,13664,-0.0005421915539074896,0.01075755776837468,0.9961191654205322,0.0009957816451787948,0.13941731303930283,0.13941731303930283,0.06618819609284401,0.0010269748992893977,0.005056249993504025,0.9713004231452942,1.0,0.0038557692307692303,0.0002289423076923077,0,0.75,0.75,0.65625,0.1621875,4.010708745121956,1.6244620376825332,0.1121875,0.91647325694561
427,1369600,-172.57829466462135,-1.7257827359437943,-172.57829466462135,-1.7257827359437943,0.0,172.57829466462135,1.7257827359437943,548.5174160897732,5.485174419283867,1.3563106778264045,0.1371875,0.05822131236384736,nan,nan,nan,nan,nan,nan,nan,nan,nan,nan,13696,-0.0004503129698277597,0.010282061155885458,1.0611905217170716,0.0006143174367025494,0.08145017959177495,0.08145017959177495,0.05763611681759358,0.0006811205115834857,0.002734374941792339,0.9670817255973816,1.0,0.0038413461538461535,0.00022783653846153846,0,0.75,0.75,0.625,0.1371875,3.6884993892908096,1.875146758556366,0.0990625,0.9069196826219559
428,1372800,-127.20160362124443,-1.2720159867405891,-127.20160362124443,-1.2720159867405891,0.0,127.20160362124443,1.2720159867405891,593.8941071331501,5.938941168487072,1.1447899283468723,0.1725,0.08042745712301848,nan,nan,nan,nan,nan,nan,nan,nan,nan,nan,13728,-0.0005613631715939871,0.014719540905207395,0.9636142611503601,0.003110729716718197,0.12540708482265472,0.12540708482265472,0.06720635928213596,0.0007902864559612014,0.004550000041490421,0.958655834197998,1.0,0.0038269230769230767,0.00022673076923076922,0,0.75,0.75,0.78125,0.1725,2.8891317772865297,2.1392322248220443,0.12625,0.9225893330574035
429,1376000,-150.2098451256752,-1.5020985388010741,-150.2098451256752,-1.5020985388010741,0.0,150.2098451256752,1.5020985388010741,570.8858656287193,5.708858616426587,1.3909364192187785,0.181875,0.07606852216481204,nan,nan,nan,nan,nan,nan,nan,nan,nan,nan,13760,-0.0006625684647820762,0.014087653905153274,0.9712287664413453,0.002678448776714504,0.11663612425327301,0.11663612425327301,0.06232726536691189,0.0006862273272444915,0.0035437500446278136,0.9617777466773987,1.0,0.0038125,0.00022562500000000002,0,0.75,0.75,0.75,0.181875,4.17710248708725,1.5337887905538081,0.13,0.9267411124706268
430,1379200,-223.54160273075104,-2.235415924489498,-223.54160273075104,-2.235415924489498,0.0,223.54160273075104,2.235415924489498,497.5541080236435,4.9755412307381635,1.660140366256237,0.1425,0.05356860179545643,nan,nan,nan,nan,nan,nan,nan,nan,nan,nan,13792,-0.0004747802321450223,0.013160636927932502,0.9485389530658722,0.002502914401702583,0.13597627840936183,0.13597627840936183,0.06171347498893738,0.0010509014202428188,0.007215624989476055,0.9645318388938904,1.0,0.0037980769230769222,0.00022451923076923077,0,0.75,0.75,0.59375,0.1425,3.172061690688133,2.138684474229813,0.09875,0.9733036118745804
431,1382400,-86.48013487458229,-0.8648014044761658,-86.48013487458229,-0.8648014044761658,0.0,86.48013487458229,0.8648014044761658,634.6155758798122,6.346155750751496,0.8341714906692504,0.18625,0.10154448531529692,nan,nan,nan,nan,nan,nan,nan,nan,nan,nan,13824,-0.0005588990487274736,0.00957447299733758,0.9806124210357666,0.0005180393811315299,0.15811422765254973,0.15811422765254973,0.04961683563888073,0.001196185177835295,0.007771875048638322,0.9726881384849548,1.0,0.0037836538461538454,0.00022341346153846158,0,0.75,0.75,0.78125,0.18625,3.601648026704788,1.1952678883075714,0.1328125,0.9097321861982346
432,1385600,-99.65469515323639,-0.9965469963848591,-99.65469515323639,-0.9965469963848591,0.0,99.65469515323639,0.9965469963848591,621.4410156011581,6.214410158842802,0.7278275223076344,0.1715625,0.09929376502283416,nan,nan,nan,nan,nan,nan,nan,nan,nan,nan,13856,-0.0007911443585529199,0.01106257988139987,0.9876349449157715,0.0010175216011703014,0.2233991026878357,0.2233991026878357,0.0641888327896595,0.0009821173953269704,0.00891250022687018,0.9561888575553894,1.0,0.0037692307692307686,0.00022230769230769233,0,0.75,0.75,0.65625,0.1715625,3.4960912704467773,1.0593975886702538,0.126875,0.9282589745521546
433,1388800,-9.499886721372604,-0.09499876819550991,-9.499886721372604,-0.09499876819550991,0.0,9.499886721372604,0.09499876819550991,711.5958240330219,7.115958387032151,0.814735188037157,0.2228125,0.12277962177004849,nan,nan,nan,nan,nan,nan,nan,nan,nan,nan,13888,-0.0005103414242679349,0.013806089293211699,0.9671066224575042,0.0027614038437604902,0.20169661045074463,0.20169661045074463,0.0722530584782362,0.0007711162150404484,0.005881249956655665,0.953948974609375,1.0,0.003754807692307692,0.00022120192307692308,0,0.75,0.75,0.8125,0.2228125,3.047767862081528,1.095245386660099,0.1475,0.944241116642952
434,1392000,-17.427650660276413,-0.17427661657333374,-17.427650660276413,-0.17427661657333374,0.0,17.427650660276413,0.17427661657333374,703.6680600941181,7.036680538654328,0.7822928769886494,0.226875,0.12729389368560265,nan,nan,nan,nan,nan,nan,nan,nan,nan,nan,13920,-0.0003262670762840481,0.009509856440126896,1.003941535949707,0.0006735335104167461,0.07272271625697613,0.07272271625697613,0.05176753625273704,0.000694043868500586,0.0038468749778985513,0.96720951795578,1.0,0.003740384615384615,0.0002200961538461539,0,0.75,0.75,0.75,0.226875,3.355301923751831,0.9927703651785851,0.1590625,0.9334375423192978
435,1395200,-106.86390098929405,-1.068639187961817,-106.86390098929405,-1.068639187961817,0.0,106.86390098929405,1.068639187961817,614.2318097651005,6.142317967265845,1.285192948281765,0.1859375,0.08136621467338515,nan,nan,nan,nan,nan,nan,nan,nan,nan,nan,13952,-0.0007272312140092163,0.009252032171934843,1.0217930555343628,9.162318892776966e-05,0.15189109295606612,0.15189109295606612,0.058777261152863504,0.001048809468559697,0.006124999962048605,0.9721480011940002,1.0,0.0037259615384615382,0.00021899038461538464,0,0.75,0.75,0.71875,0.1859375,3.6529868161678314,1.595995992720127,0.1340625,0.9520089781284332
436,1398400,54.64233422279358,0.5464233386516572,54.64233422279358,0.5464233386516572,0.0,0.0,0.0,775.7380449771881,7.757380493879318,0.7865339511632919,0.276875,0.1549788627412954,nan,nan,nan,nan,nan,nan,nan,nan,nan,nan,13984,-0.0004104617792851428,0.01056853225454688,0.9431355893611908,0.0013733203522861004,0.13290715217590332,0.13290715217590332,0.05444856397807598,0.000982616428521999,0.007225000110338442,0.9623678922653198,1.0,0.0037115384615384614,0.00021788461538461545,0,0.75,0.75,0.90625,0.276875,2.2836559215188026,1.119000081270933,0.1840625,0.934196473956108
437,1401600,-72.83038344979286,-0.7283038793504238,-72.83038344979286,-0.7283038793504238,0.0,72.83038344979286,0.7283038793504238,648.2653273046017,6.4826532758772375,1.0851843014359475,0.2175,0.1043073266234645,nan,nan,nan,nan,nan,nan,nan,nan,nan,nan,14016,-0.0005820088333333473,0.00912060346454382,0.9581440687179565,0.00043592366855591533,0.17456566095352172,0.17456566095352172,0.061017758399248126,0.00093683830346278,0.005693749932106584,0.971455991268158,1.0,0.0036971153846153846,0.0002167788461538462,0,0.75,0.75,0.78125,0.2175,4.061178782582283,1.1666714555025102,0.1484375,0.9246875423192978
438,1404800,-87.04408752918243,-0.8704408253729343,-87.04408752918243,-0.8704408253729343,0.0,87.04408752918243,0.8704408253729343,634.0516232252121,6.340516329854728,1.2529570724070072,0.2184375,0.09695590860354318,nan,nan,nan,nan,nan,nan,nan,nan,nan,nan,14048,-0.0004437760801287549,0.01170877469703555,0.9601184904575348,0.0018747903639450669,0.14476120099425316,0.14476120099425316,0.061720740795135495,0.0010182134952656473,0.005909374955444946,0.961831271648407,1.0,0.003682692307692308,0.00021567307692307695,0,0.75,0.75,0.71875,0.2184375,2.7630440306663515,1.947339289188385,0.138125,0.9396875447034836
439,1408000,-116.11858540773392,-1.1611856511235237,-116.11858540773392,-1.1611856511235237,0.0,116.11858540773392,1.1611856511235237,604.9771253466606,6.049771504104138,1.2175515754520894,0.189375,0.08539823925465741,nan,nan,nan,nan,nan,nan,nan,nan,nan,nan,14080,-0.0006566412175772029,0.009736767411231995,0.9477327048778534,0.0007352038519456983,0.1421135112643242,0.1421135112643242,0.061318906024098396,0.0011752915103016089,0.005637499992735684,0.971272349357605,1.0,0.00366826923076923,0.00021456730769230765,0,0.75,0.75,0.71875,0.189375,3.6320213216543196,1.7191326567530631,0.1290625,0.9582589709758759
440,1411200,39.70465296506882,0.39704654932022093,39.70465296506882,0.39704654932022093,0.0,0.0,0.0,760.8003637194633,7.608003704547882,0.9576047390699387,0.276875,0.14143559957437768,61.55508430302143,0.6155508430302143,61.55508430302143,0.6155508430302143,100.0,1.0120919827464967,0.32,0.15903845487381818,0.0,874.6598671227694,14112,-0.00043062613448128226,0.01055149845778942,0.9535994291305542,0.0013608174398541451,0.1806519627571106,0.1806519627571106,0.06264093220233917,0.0011150113830838352,0.008643750031478704,0.9663044810295105,1.0,0.0036538461538461525,0.00021346153846153845,0,0.75,0.75,0.8125,0.276875,2.471075118482113,1.4728029087185859,0.206875,0.957678616642952
441,1414400,-63.18708235025406,-0.6318709400296211,-63.18708235025406,-0.6318709400296211,0.0,63.18708235025406,0.6318709400296211,657.9086284041405,6.57908621519804,0.9638208919763565,0.1965625,0.10009186723855594,nan,nan,nan,nan,nan,nan,nan,nan,nan,nan,14144,-0.0005231602154497139,0.011386204231530427,0.9938198983669281,0.0015530109405517579,0.12211237996816635,0.12211237996816635,0.05794843211770058,0.0009330780460032549,0.0045656250960746545,0.9572762250900269,1.0,0.0036394230769230757,0.0002123557692307692,0,0.75,0.75,0.75,0.1965625,3.2175556981563567,1.2353632485866546,0.1428125,0.9176786142587662
442,1417600,-177.59500193595886,-1.7759500126540662,-177.59500193595886,-1.7759500126540662,0.0,177.59500193595886,1.7759500126540662,543.5007088184357,5.435007142573595,1.4492591716349126,0.15125,0.06175336679418807,nan,nan,nan,nan,nan,nan,nan,nan,nan,nan,14176,-0.0005165590682008947,0.009726872853934764,0.9419274687767029,0.0009323903359472752,0.10924675650894641,0.10924675650894641,0.0562679897993803,0.0015306322893620858,0.008343749970663339,0.9697344303131104,1.0,0.003624999999999999,0.00021124999999999996,0,0.75,0.75,0.625,0.15125,2.852906503677368,2.1347600638866426,0.1059375,0.9265179026126862
443,1420800,-48.60774725675583,-0.4860773915052414,-48.60774725675583,-0.4860773915052414,0.0,48.60774725675583,0.4860773915052414,672.4879634976387,6.72487976372242,1.060436019897461,0.22625,0.1098068553525188,nan,nan,nan,nan,nan,nan,nan,nan,nan,nan,14208,-0.0005621059603497791,0.011522518936544657,0.9857686519622803,0.00163995991460979,0.11895881742238998,0.11895881742238998,0.06627921536564826,0.0008078605857037941,0.004681249986606417,0.9627039432525635,1.0,0.003610576923076922,0.00021014423076923076,0,0.75,0.75,0.65625,0.22625,3.043553025722504,1.582972140610218,0.169375,0.9038839727640152
444,1424000,7.733377784490585,0.07733374536037445,7.733377784490585,0.07733374536037445,0.0,0.0,0.0,728.8290885388851,7.288290900588036,0.831404412984848,0.2359375,0.1288287274657517,nan,nan,nan,nan,nan,nan,nan,nan,nan,nan,14240,-0.000637364845687971,0.010090924892574548,0.9579490542411804,0.0009631654480472207,0.1565227523446083,0.1565227523446083,0.059403831511735915,0.001082192379547588,0.007481249977718108,0.9650853276252747,1.0,0.0035961538461538453,0.00020903846153846157,0,0.75,0.75,0.8125,0.2359375,2.7747572153806686,1.2912442830204964,0.1728125,0.9434375417232513
445,1427200,-141.63531002402306,-1.4163531324267387,-141.63531002402306,-1.4163531324267387,0.0,141.63531002402306,1.4163531324267387,579.4604007303715,5.794604022800923,1.2068511475622654,0.1671875,0.0757583945725922,nan,nan,nan,nan,nan,nan,nan,nan,nan,nan,14272,-0.00034792134312739976,0.01051774863153696,0.9308612883090973,0.0015768583631142973,0.10497829392552376,0.10497829392552376,0.052549661695957185,0.0007333545145259106,0.0032843750028405338,0.962502658367157,1.0,0.0035817307692307685,0.00020793269230769227,0,0.75,0.75,0.65625,0.1671875,3.9664039850234984,1.524817991256714,0.115625,0.9315625447034835
446,1430400,-97.9802914261818,-0.979802843928337,-97.9802914261818,-0.979802843928337,0.0,97.9802914261818,0.979802843928337,623.1154193282127,6.231154311299324,1.1592905755341052,0.196875,0.09117577885565611,nan,nan,nan,nan,nan,nan,nan,nan,nan,nan,14304,-0.0008600521142012485,0.011159421503543853,0.9471904218196869,0.0013407390099018813,0.17752408012747764,0.17752408012747764,0.06147860623896122,0.0013207824558805325,0.008081250102259218,0.9605506658554077,1.0,0.0035673076923076917,0.00020682692307692307,0,0.75,0.75,0.78125,0.196875,3.656722227334976,1.282522751390934,0.14375,0.921964328289032
447,1433600,-116.07235738635063,-1.1607235193252563,-116.07235738635063,-1.1607235193252563,0.0,116.07235738635063,1.1607235193252563,605.0233533680439,6.050233635902405,1.3130680854618548,0.1896875,0.08200688133316436,nan,nan,nan,nan,nan,nan,nan,nan,nan,nan,14336,-0.0006512570578954158,0.010832427814602853,0.9712065994739533,0.001314371987245977,0.1727232404053211,0.1727232404053211,0.04823366664350033,0.0012735239084605884,0.007324999908450991,0.961638331413269,1.0,0.003552884615384615,0.00020572115384615388,0,0.75,0.75,0.625,0.1896875,3.5359385198354722,1.7634495908021928,0.1378125,0.9412500447034836
448,1436800,-128.01550284028053,-1.2801549902558327,-128.01550284028053,-1.2801549902558327,0.0,128.01550284028053,1.2801549902558327,593.080207914114,5.930802164971829,1.1107300660014152,0.163125,0.07728368616505538,nan,nan,nan,nan,nan,nan,nan,nan,nan,nan,14368,-0.0004124853160785369,0.012993066757917403,0.9721311211585999,0.0026441993890330196,0.1143642719835043,0.1143642719835043,0.07331574521958828,0.0008465719889527073,0.006287499889731407,0.9546119570732117,1.0,0.003538461538461538,0.00020461538461538458,0,0.75,0.75,0.65625,0.163125,3.712033094763756,1.350378512442112,0.11875,0.9395536172389984
449,1440000,-41.27255839109421,-0.41272574245929716,-41.27255839109421,-0.41272574245929716,0.0,41.27255839109421,0.41272574245929716,679.8231523633003,6.798231412768365,0.9791567094624043,0.213125,0.10768475228921659,nan,nan,nan,nan,nan,nan,nan,nan,nan,nan,14400,-0.0004740893993963269,0.010807638429105282,0.9580673038959503,0.001553463819436729,0.09028329178690911,0.09028329178690911,0.06724009215831757,0.0007664190347013591,0.0024468750139931216,0.9582126140594482,1.0,0.0035240384615384613,0.00020350961538461538,0,0.75,0.75,0.84375,0.213125,3.1869968473911285,1.2166305911540984,0.158125,0.932276827096939
450,1443200,-108.9575665295124,-1.0895757192373277,-108.9575665295124,-1.0895757192373277,0.0,108.9575665295124,1.0895757192373277,612.1381442248821,6.121381435990334,1.060156668871641,0.195,0.09465299554465563,nan,nan,nan,nan,nan,nan,nan,nan,nan,nan,14432,-0.0005921425992680973,0.008268442656844854,0.989817637205124,6.819958798587322e-05,0.13893174454569818,0.13893174454569818,0.044224905967712405,0.0011327112799363343,0.0077687499986495824,0.9768092632293701,1.0,0.0035096153846153845,0.0002024038461538462,0,0.75,0.75,0.65625,0.195,2.0242109033465385,2.165412178337574,0.1359375,0.9364732575416564
451,1446400,-18.379936307668686,-0.1837993958592415,-18.379936307668686,-0.1837993958592415,0.0,18.379936307668686,0.1837993958592415,702.7157744467258,7.02715775936842,0.9262458065152168,0.238125,0.12362129443427232,nan,nan,nan,nan,nan,nan,nan,nan,nan,nan,14464,-0.0010887379748631076,0.008792865416035056,0.9403434038162232,2.1013664081692696e-05,0.17570981606841088,0.17570981606841088,0.06048391498625279,0.0021932519339346234,0.02065937467777985,0.9700918197631836,1.0,0.0034951923076923077,0.000201298076923077,0,0.75,0.75,0.8125,0.238125,3.339848962426186,1.1854016223549844,0.17,0.9258482587337494
452,1449600,-11.309996157884598,-0.11309992879629135,-11.309996157884598,-0.11309992879629135,0.0,11.309996157884598,0.11309992879629135,709.7857145965099,7.09785722643137,0.8985139341652393,0.215625,0.11357567417318351,nan,nan,nan,nan,nan,nan,nan,nan,nan,nan,14496,-0.0002258217809012475,0.0076997764874249695,0.9911544144153595,0.000174086750485003,0.08197286762297154,0.08197286762297154,0.053269059583544734,0.000536799245313073,0.0035812500806059687,0.9703025221824646,1.0,0.00348076923076923,0.0002001923076923077,0,0.75,0.75,0.78125,0.215625,2.5719919735193253,1.3953461682796477,0.150625,0.8732143288850784
453,1452800,-117.10643935203552,-1.1710644771158696,-117.10643935203552,-1.1710644771158696,0.0,117.10643935203552,1.1710644771158696,603.989271402359,6.039892678111792,0.8787686415016651,0.14875,0.0791741977772776,nan,nan,nan,nan,nan,nan,nan,nan,nan,nan,14528,-0.0007056144475239279,0.009694499056786298,0.9671617090702057,0.0007891178829595447,0.16474006325006485,0.16474006325006485,0.05613990277051926,0.0008402289631732611,0.007543749873002525,0.9628818035125732,1.0,0.003466346153846153,0.0001990865384615385,0,0.75,0.75,0.65625,0.14875,2.276232006549835,1.611480144560337,0.101875,0.9396429020166397
454,1456000,-72.54180559515953,-0.7254179184883833,-72.54180559515953,-0.7254179184883833,0.0,72.54180559515953,0.7254179184883833,648.553905159235,6.485539236739278,1.258699019551277,0.20875,0.09242045894254258,nan,nan,nan,nan,nan,nan,nan,nan,nan,nan,14560,-0.0005685618411807702,0.009807976800948382,0.9351921379566193,0.0011072151362895965,0.14261024072766304,0.14261024072766304,0.052676417678594586,0.0010677753369268289,0.006018750020302832,0.9686995148658752,1.0,0.0034519230769230764,0.0001979807692307693,0,0.75,0.75,0.65625,0.20875,3.690946854352951,1.4523233419656754,0.1446875,0.9345536082983017
455,1459200,-134.8183318376541,-1.3481831064820289,-134.8183318376541,-1.3481831064820289,0.0,134.8183318376541,1.3481831064820289,586.2773789167404,5.862774048745632,1.2801618793606757,0.1675,0.0734596966628372,nan,nan,nan,nan,nan,nan,nan,nan,nan,nan,14592,-0.0008424621162529178,0.008440702082589268,1.011401891708374,-9.880501311272382e-05,0.11022696495056153,0.11022696495056153,0.050583211705088615,0.0013488721127968418,0.005162499970174395,0.9745513796806335,1.0,0.0034374999999999996,0.000196875,0,0.75,0.75,0.5625,0.1675,3.9924009120464325,1.7722422701120377,0.1271875,0.9365625387430191
456,1462400,-78.17611932754517,-0.7817612487077713,-78.17611932754517,-0.7817612487077713,0.0,78.17611932754517,0.7817612487077713,642.9195914268494,6.42919590651989,1.0215179672837258,0.1940625,0.09599840473382386,nan,nan,nan,nan,nan,nan,nan,nan,nan,nan,14624,-0.00037753859001385945,0.00957385404035449,0.93072030544281,0.0012234612833708525,0.1917024739086628,0.1917024739086628,0.05753092952072621,0.0014778945616886544,0.006287499947939068,0.9711750745773315,1.0,0.0034230769230769228,0.0001957692307692308,0,0.75,0.75,0.6875,0.1940625,2.7836310297250746,1.4645813071727753,0.14125,0.9238393265008926
457,1465600,28.92722001671791,0.2892722150683403,28.92722001671791,0.2892722150683403,0.0,0.0,0.0,750.0229307711124,7.500229370296002,0.9324413174390793,0.2759375,0.14279217563288257,nan,nan,nan,nan,nan,nan,nan,nan,nan,nan,14656,-0.0006508993573603128,0.008249461650848389,0.907985258102417,0.00037882395554333925,0.15328343361616134,0.15328343361616134,0.045417364686727524,0.0014145994082390041,0.009281250089406968,0.9684309363365173,1.0,0.003408653846153846,0.0001946634615384616,0,0.75,0.75,0.875,0.2759375,2.437512386441231,1.2410506837069988,0.190625,0.9311607551574707
458,1468800,-126.46257770061493,-1.2646257346868515,-126.46257770061493,-1.2646257346868515,0.0,126.46257770061493,1.2646257346868515,594.6331330537796,5.94633142054081,1.5258586646616459,0.19875,0.07868611287742965,nan,nan,nan,nan,nan,nan,nan,nan,nan,nan,14688,-0.0007740043850965606,0.010534128081053496,0.9335908949375152,0.001324236742220819,0.16879958361387254,0.16879958361387254,0.06167412810027599,0.0011007744578849553,0.006312499986961484,0.9722234010696411,1.0,0.003394230769230769,0.0001935576923076923,0,0.75,0.75,0.65625,0.19875,3.906213015913963,1.864256888628006,0.1309375,0.9427678978443146
459,1472000,-109.72950875759125,-1.0972951364517212,-109.72950875759125,-1.0972951364517212,0.0,109.72950875759125,1.0972951364517212,611.3662019968033,6.1136620187759405,1.2176754708588122,0.1925,0.08680260143088153,nan,nan,nan,nan,nan,nan,nan,nan,nan,nan,14720,-0.00022145303165599373,0.012411005701869727,0.9834555685520172,0.002660158951766789,0.10158447399735451,0.10158447399735451,0.06269713677465916,0.0007547088451275328,0.004709375054517295,0.9588993787765503,1.0,0.0033798076923076915,0.000192451923076923,0,0.75,0.75,0.65625,0.1925,3.2916879272460937,1.4234633687138558,0.141875,0.9553571832180023
460,1475200,-142.12673658132553,-1.4212673078477382,-142.12673658132553,-1.4212673078477382,0.0,142.12673658132553,1.4212673078477382,578.968974173069,5.789689847379924,1.007214388847351,0.16875,0.08407173689946754,68.34867675602436,0.6834867675602436,68.34867675602436,0.6834867675602436,100.0,0.9427108279569074,0.32,0.16471828714545989,0.0,881.4534595757723,14752,-0.0003993533440429076,0.00943630412220955,0.9552648961544037,0.0011039650300517679,0.11109874546527862,0.11109874546527862,0.0548861812800169,0.0008915641803496034,0.007631249935366213,0.9682323336601257,1.0,0.0033653846153846147,0.00019134615384615381,0,0.75,0.75,0.65625,0.16875,3.447324542403221,1.6575143611431122,0.1059375,0.932946475148201
461,1478400,20.458500504493713,0.20458518639206885,20.458500504493713,0.20458518639206885,0.0,0.0,0.0,741.5542112588882,7.41554234161973,0.8962918107211589,0.253125,0.13348420246762374,nan,nan,nan,nan,nan,nan,nan,nan,nan,nan,14784,-0.0006271372895571226,0.008417775901034475,0.9791227400302887,0.00030074806418269875,0.131695968657732,0.131695968657732,0.0488283134996891,0.0009029913548177341,0.006031249975785613,0.972520649433136,1.0,0.003350961538461538,0.00019024038461538462,0,0.75,0.75,0.78125,0.253125,2.4906636279821397,1.1959485590457917,0.1796875,0.9718750441074371
462,1481600,-85.83269268274307,-0.8583267390727997,-85.83269268274307,-0.8583267390727997,0.0,85.83269268274307,0.8583267390727997,635.2630180716515,6.352630416154862,1.1380532674491406,0.189375,0.08857356497293387,nan,nan,nan,nan,nan,nan,nan,nan,nan,nan,14816,-0.0005109833479684412,0.009462300501763821,0.9365112245082855,0.0010954610770568252,0.10102276727557183,0.10102276727557183,0.06272445656359196,0.0009813057917230886,0.005687500035855919,0.9622151851654053,1.0,0.0033365384615384602,0.00018913461538461543,0,0.75,0.75,0.78125,0.189375,2.8670380023121833,1.4381970942020417,0.13375,0.9675000470876693
463,1484800,-9.121585220098495,-0.09121578097343445,-9.121585220098495,-0.09121578097343445,0.0,9.121585220098495,0.09121578097343445,711.974125534296,7.119741374254227,0.8693350131809712,0.245625,0.13139699319172862,nan,nan,nan,nan,nan,nan,nan,nan,nan,nan,14848,-0.0006001823386235117,0.008785709366202354,0.9451691687107087,0.0006527113262563943,0.17648963406682014,0.17648963406682014,0.04959706775844097,0.0009302722057356703,0.0066000000515487045,0.970034122467041,1.0,0.0033221153846153834,0.00018802884615384612,0,0.75,0.75,0.78125,0.245625,3.3979159820079805,0.9645014230906963,0.185625,0.9566071850061416
464,1488000,61.17168644070625,0.611716925650835,61.17168644070625,0.611716925650835,0.0,0.0,0.0,782.2673971951008,7.822674080878496,1.048512205630541,0.2959375,0.14446460176638742,nan,nan,nan,nan,nan,nan,nan,nan,nan,nan,14880,-0.00034810737145019033,0.008301996672526003,0.9390318095684052,0.0006968627450987697,0.11928273737430573,0.11928273737430573,0.0613166444003582,0.0008128108675042184,0.005853124940767884,0.9657405018806458,1.0,0.0033076923076923066,0.00018692307692307693,0,0.75,0.75,0.84375,0.2959375,2.4912848651409147,1.7248130092024803,0.20125,0.9227232539653778
465,1491200,-79.46271046996117,-0.7946273066103459,-79.46271046996117,-0.7946273066103459,0.0,79.46271046996117,0.7946273066103459,641.6330002844334,6.416329848617315,1.1899076670408248,0.191875,0.08761784932205682,nan,nan,nan,nan,nan,nan,nan,nan,nan,nan,14912,-0.0003535592761909179,0.008267918229103088,0.9263305842876435,0.0007297437870875001,0.12618347108364106,0.12618347108364106,0.04883735552430153,0.0006358391292484728,0.004674999904818833,0.9662898778915405,1.0,0.00329326923076923,0.00018581730769230774,0,0.75,0.75,0.84375,0.191875,2.525677716135979,1.4802434538304805,0.136875,0.9629911160469056
466,1494400,-61.913660138845444,-0.6191364359855652,-61.913660138845444,-0.6191364359855652,0.0,61.913660138845444,0.6191364359855652,659.1820506155491,6.591820719242096,1.0169057850539684,0.2253125,0.11171196080136737,nan,nan,nan,nan,nan,nan,nan,nan,nan,nan,14944,-0.0006675801583973407,0.00886818701401353,0.9301652550697327,0.0007166446419432759,0.1303468331694603,0.1303468331694603,0.053298333659768105,0.0010051519926524226,0.006275000009918585,0.9714996814727783,1.0,0.003278846153846153,0.00018471153846153843,0,0.75,0.75,0.625,0.2253125,2.6119359374046325,1.7598061215877534,0.1515625,0.9490625423192978
467,1497600,-24.69450545310974,-0.24694495320320128,-24.69450545310974,-0.24694495320320128,0.0,24.69450545310974,0.24694495320320128,696.4012053012848,6.964012202024461,1.1025704061985016,0.2590625,0.12321228303997261,nan,nan,nan,nan,nan,nan,nan,nan,nan,nan,14976,-0.00047616658077238584,0.009313649963587523,0.8709156572818756,0.0013376212678849696,0.09736238867044449,0.09736238867044449,0.04703990258276462,0.0006644655088200559,0.001887499971780926,0.9598467946052551,1.0,0.0032644230769230762,0.00018360576923076924,0,0.75,0.75,0.84375,0.2590625,2.746618685722351,1.6543017035722734,0.1846875,0.949776828289032
468,1500800,-24.92778241634369,-0.24927783638238907,-24.92778241634369,-0.24927783638238907,0.0,24.92778241634369,0.24927783638238907,696.1679283380508,6.961679318845272,1.2578251269459724,0.25375,0.11238691472232516,nan,nan,nan,nan,nan,nan,nan,nan,nan,nan,15008,-0.0005973661436932786,0.008951995940878987,0.9347346484661102,0.0008407441433519125,0.11044043004512787,0.11044043004512787,0.06655647382140159,0.0010530470484843223,0.006259374995715916,0.967151939868927,1.0,0.0032499999999999994,0.00018250000000000004,0,0.75,0.75,0.78125,0.25375,2.930457397401333,1.7091974137723447,0.2059375,0.9291964709758759
469,1504000,40.57006126642227,0.40570044592022897,40.57006126642227,0.40570044592022897,0.0,0.0,0.0,761.6657720208168,7.616657601147891,0.791721081584692,0.2665625,0.14877455131813158,nan,nan,nan,nan,nan,nan,nan,nan,nan,nan,15040,-0.0005600543989508821,0.007407353818416595,0.8948407530784607,0.0002482964191585779,0.18083489090204238,0.18083489090204238,0.054998072981834414,0.0008910979275278862,0.004890624922700227,0.9689134359359741,1.0,0.0032355769230769226,0.00018139423076923074,0,0.75,0.75,0.84375,0.2665625,3.186649535894394,0.9850269925594329,0.196875,0.9122768276929856
470,1507200,-16.297132700681686,-0.16297134011983871,-16.297132700681686,-0.16297134011983871,0.0,16.297132700681686,0.16297134011983871,704.7985780537128,7.047985815107823,0.9227598091959953,0.2446875,0.12725848482464194,nan,nan,nan,nan,nan,nan,nan,nan,nan,nan,15072,-0.0007620583065843789,0.009128884226083756,0.9323311030864716,0.0007992020342499018,0.1378874011337757,0.1378874011337757,0.04797539003193378,0.0016757234701832591,0.00881875018530991,0.967049777507782,1.0,0.003221153846153846,0.00018028846153846155,0,0.75,0.75,0.84375,0.2446875,2.404010144174099,1.354022635668516,0.1603125,0.9630357575416565
471,1510400,144.61485955119133,1.4461486008763313,144.61485955119133,1.4461486008763313,0.0,0.0,0.0,865.7105703055859,8.657105756103993,0.6888523380458355,0.3353125,0.19854459294409882,nan,nan,nan,nan,nan,nan,nan,nan,nan,nan,15104,-0.0002804832338814123,0.01066668014973402,0.9366318821907044,0.002049330482259393,0.0697735108435154,0.0697735108435154,0.07137871496379375,0.0007936385525718571,0.0020187500078463925,0.9530562162399292,1.0,0.003206730769230769,0.00017918269230769235,0,0.75,0.75,0.90625,0.3353125,1.8158636337518692,1.0173478582501412,0.2190625,0.9675893270969391
472,1513600,-69.67896872758865,-0.6967896810173988,-69.67896872758865,-0.6967896810173988,0.0,69.67896872758865,0.6967896810173988,651.4167420268059,6.514167474210263,0.8801162867248058,0.2040625,0.10853716945108768,nan,nan,nan,nan,nan,nan,nan,nan,nan,nan,15136,-0.0006638290113187395,0.010827100556343793,0.8894763112068176,0.0019102392019703985,0.13049329817295074,0.13049329817295074,0.07198907472193242,0.0008818025889955969,0.0027843750423926393,0.9523306488990784,1.0,0.003192307692307692,0.00017807692307692316,0,0.75,0.75,0.71875,0.2040625,3.0131743967533113,1.3374633738398551,0.13375,0.9406696856021881
473,1516800,9.469733476638794,0.09469723254442215,9.469733476638794,0.09469723254442215,0.0,0.0,0.0,730.5654442310333,7.305654387772083,1.1187356819212437,0.2734375,0.12905691933788088,nan,nan,nan,nan,nan,nan,nan,nan,nan,nan,15168,-0.0002542480228155952,0.0091639612801373,0.9112068057060242,0.0014320225920528174,0.08147476837038994,0.08147476837038994,0.057295117527246475,0.0007502777680234369,0.0031593750634783648,0.9656161069869995,1.0,0.0031778846153846154,0.00017697115384615386,0,0.75,0.75,0.75,0.2734375,2.7280645203590392,1.815550883859396,0.189375,0.8967411124706268
474,1520000,-34.88626325130463,-0.3488626416027546,-34.88626325130463,-0.3488626416027546,0.0,34.88626325130463,0.3488626416027546,686.2094475030899,6.862094513624907,1.023660445958376,0.2321875,0.11473639288830365,nan,nan,nan,nan,nan,nan,nan,nan,nan,nan,15200,-0.0006102314023941346,0.010315950494259596,0.8845724165439606,0.0017494330648332834,0.1388009548187256,0.1388009548187256,0.05452975668013096,0.0011154136373114558,0.0066656250128289685,0.9628037810325623,1.0,0.0031634615384615386,0.00017586538461538466,0,0.75,0.75,0.84375,0.2321875,3.2359394377470014,1.4230321449041368,0.1709375,0.8939286184310913
475,1523200,22.73459137417376,0.2273460340499878,22.73459137417376,0.2273460340499878,0.0,0.0,0.0,743.8303021285683,7.438303189277649,1.0256554996967315,0.2646875,0.130667578983508,nan,nan,nan,nan,nan,nan,nan,nan,nan,nan,15232,-0.0005959949570184086,0.01142772426828742,0.9023099899291992,0.0022764584049582482,0.2113699346780777,0.2113699346780777,0.06453647091984749,0.0013389595365914026,0.011468749988125637,0.9520537257194519,1.0,0.003149038461538461,0.00017475961538461547,0,0.75,0.75,0.90625,0.2646875,2.5647253879904746,1.2513088209927081,0.1765625,0.9651786148548126
476,1526400,-31.263665676116943,-0.31263655439019206,-31.263665676116943,-0.31263655439019206,0.0,31.263665676116943,0.31263655439019206,689.8320450782776,6.89832060083747,1.3301483483612537,0.2465625,0.10581407839264928,nan,nan,nan,nan,nan,nan,nan,nan,nan,nan,15264,-0.0005938307816133692,0.011762403137981891,0.89494788646698,0.0024820532649755477,0.11636070311069488,0.11636070311069488,0.0649559736251831,0.001226640957978316,0.01034062507096678,0.949626624584198,1.0,0.003134615384615384,0.00017365384615384617,0,0.75,0.75,0.75,0.2465625,3.648583714365959,1.7498092138767243,0.1590625,0.9146429002285004
477,1529600,-5.394527554512024,-0.053945380598306655,-5.394527554512024,-0.053945380598306655,0.0,5.394527554512024,0.053945380598306655,715.7011831998825,7.157011774629355,0.9346113401651382,0.2603125,0.13455545028376592,nan,nan,nan,nan,nan,nan,nan,nan,nan,nan,15296,-0.000754022969433521,0.010733222588896751,0.9329041957855224,0.0017017477424815298,0.11624407470226288,0.11624407470226288,0.0641855277121067,0.001075717756979299,0.0036000001011416314,0.9567941427230835,1.0,0.0031201923076923073,0.00017254807692307697,0,0.75,0.75,0.71875,0.2603125,2.4099436083436014,1.7440973174571992,0.1915625,0.8982589691877365
478,1532800,8.136271595954895,0.08136266499757766,8.136271595954895,0.08136266499757766,0.0,0.0,0.0,729.2319823503494,7.292319820225239,1.2720057913661003,0.295,0.12984121832833176,nan,nan,nan,nan,nan,nan,nan,nan,nan,nan,15328,-0.0003319052696344471,0.010959031898528338,0.881491482257843,0.0024099017027765512,0.14830286167562007,0.14830286167562007,0.057099438086152074,0.0010318800064883934,0.0053718750132247806,0.9551781415939331,1.0,0.0031057692307692297,0.00017144230769230767,0,0.75,0.75,0.8125,0.295,2.793104504942894,1.9377827607095242,0.2,0.9405357551574707
479,1536000,55.652382761240005,0.5565239039063453,55.652382761240005,0.5565239039063453,0.0,0.0,0.0,776.7480935156345,7.767481059134007,0.9942970345914364,0.2928125,0.14682491871627704,nan,nan,nan,nan,nan,nan,nan,nan,nan,nan,15360,-0.0003851498806499709,0.007931861886754632,0.8740340113639832,0.0008788393344730139,0.12736161351203917,0.12736161351203917,0.04178313799202442,0.0009009771434683676,0.005628124973736703,0.9660359621047974,1.0,0.003091346153846153,0.00017033653846153848,0,0.75,0.75,0.90625,0.2928125,3.2926029819250107,1.149447401612997,0.2040625,0.9328571861982345
480,1539200,47.58463776111603,0.4758462706208229,47.58463776111603,0.4758462706208229,0.0,0.0,0.0,768.6803485155106,7.686803425848485,0.9842450109124183,0.2828125,0.14252902158990635,74.50358594954014,0.7450358594954014,74.50358594954014,0.7450358594954014,100.0,0.8876669257413596,0.32,0.16952143179301807,0.0,887.6083687692881,15392,-0.00043824470329165697,0.00957287112250924,0.9447199881076813,0.001441360148601234,0.13029296621680259,0.13029296621680259,0.05310681462287903,0.00050944475861224,0.002706249989569187,0.959301233291626,1.0,0.003076923076923076,0.00016923076923076917,0,0.75,0.75,0.8125,0.2828125,3.186486243009567,1.2482626983523368,0.205,0.9171875429153442
481,1542400,-7.418745815753937,-0.07418746173381806,-7.418745815753937,-0.07418746173381806,0.0,7.418745815753937,0.07418746173381806,713.6769649386406,7.136769693493844,0.8835895711183548,0.2525,0.1340525578776069,nan,nan,nan,nan,nan,nan,nan,nan,nan,nan,15424,-0.0004452967373829608,0.009637380205094814,0.8817762792110443,0.0016729535767808557,0.16111857295036316,0.16111857295036316,0.05893766395747661,0.0009707086443119667,0.008259374951012432,0.9516627192497253,1.0,0.0030624999999999993,0.00016812499999999998,0,0.75,0.75,0.875,0.2525,2.595754450559616,1.4462379011511803,0.1846875,0.9402679002285004
482,1545600,-74.6975379884243,-0.7469754233956337,-74.6975379884243,-0.7469754233956337,0.0,74.6975379884243,0.7469754233956337,646.3981727659702,6.463981731832027,1.5000760707259178,0.24625,0.09849700290459534,nan,nan,nan,nan,nan,nan,nan,nan,nan,nan,15456,-0.0004283930614183085,0.012243392318487168,0.8809387803077697,0.003008133848197758,0.10133595280349254,0.10133595280349254,0.05133239924907684,0.0011724578304017584,0.009034375104238278,0.9533714652061462,1.0,0.0030480769230769224,0.00016701923076923079,0,0.75,0.75,0.75,0.24625,3.738715715408325,1.9509615445137023,0.175625,0.9383928990364074
483,1548800,-25.923045814037323,-0.25923030212521553,-25.923045814037323,-0.25923030212521553,0.0,25.923045814037323,0.25923030212521553,695.1726649403572,6.951726853102446,0.9615039137005806,0.2475,0.12617869292601389,nan,nan,nan,nan,nan,nan,nan,nan,nan,nan,15488,-0.00033129978850334754,0.009269475936889648,0.8828968226909637,0.0016250347951427102,0.09797874689102173,0.09797874689102173,0.05188793577253818,0.0006016380259130214,0.0027968749986030162,0.9562432169914246,1.0,0.0030336538461538456,0.0001659134615384616,0,0.75,0.75,0.90625,0.2475,2.966059955358505,1.3962419785559177,0.17625,0.9638393265008927
484,1552000,4.631464630365372,0.04631473541259765,4.631464630365372,0.04631473541259765,0.0,0.0,0.0,725.7271753847599,7.257271890640259,1.2418074958026408,0.263125,0.11737180845931314,nan,nan,nan,nan,nan,nan,nan,nan,nan,nan,15520,-0.0007168517040787136,0.009837748110294342,0.9169513404369354,0.0014335347339510917,0.20122282356023788,0.20122282356023788,0.05777735821902752,0.0009012905746238149,0.004965624929172918,0.9582104086875916,1.0,0.003019230769230769,0.0001648076923076923,0,0.75,0.75,0.84375,0.263125,3.642802504301071,1.466346139907837,0.1815625,0.8980357563495636
485,1555200,-5.600638210773468,-0.056006484031677246,-5.600638210773468,-0.056006484031677246,0.0,5.600638210773468,0.056006484031677246,715.4950725436211,7.1549506711959845,0.8846172469854355,0.2371875,0.12585446746780884,nan,nan,nan,nan,nan,nan,nan,nan,nan,nan,15552,-0.0009175122242536915,0.009338876605033875,0.8758265554904938,0.0011202357243746519,0.18090360090136529,0.18090360090136529,0.052439294010400775,0.0014870815364737412,0.00855000007977651,0.9580206871032715,1.0,0.003004807692307691,0.0001637019230769231,0,0.75,0.75,0.71875,0.2371875,2.955284964442253,1.4460692273080349,0.16625,0.9296428984403611
486,1558400,12.562891244888306,0.1256289105862379,12.562891244888306,0.1256289105862379,0.0,0.0,0.0,733.6586019992828,7.3365860658139,1.0386966498196124,0.25625,0.12569305002913184,nan,nan,nan,nan,nan,nan,nan,nan,nan,nan,15584,-0.00020611248201820586,0.00851011942140758,0.8888789236545562,0.001390857482329011,0.12288590744137765,0.12288590744137765,0.05400732457637787,0.0010393382079234782,0.00571562496770639,0.9635222554206848,1.0,0.0029903846153846144,0.0001625961538461539,0,0.75,0.75,0.875,0.25625,2.908610983788967,1.2877939555048943,0.1934375,0.9310268229246139
487,1561600,33.92366936802864,0.33923664689064026,33.92366936802864,0.33923664689064026,0.0,0.0,0.0,755.0193801224232,7.550193802118302,0.882536880671978,0.2784375,0.14790546886954523,nan,nan,nan,nan,nan,nan,nan,nan,nan,nan,15616,-0.0005114977150748601,0.010192659124732018,0.8478024423122406,0.0020618045004084707,0.1433688886463642,0.1433688886463642,0.05712698474526405,0.0007150986473825196,0.005606250050186645,0.9552317261695862,1.0,0.0029759615384615376,0.0001614903846153846,0,0.75,0.75,0.9375,0.2784375,2.7483713203668594,1.3400095589458942,0.2034375,0.92959825694561
488,1564800,25.47852799296379,0.25478515803813934,25.47852799296379,0.25478515803813934,0.0,0.0,0.0,746.5742387473583,7.4657423132658005,0.9822266854345798,0.274375,0.1384175695020706,nan,nan,nan,nan,nan,nan,nan,nan,nan,nan,15648,-0.0004136062568052878,0.009433349128812551,0.9018110513687134,0.0016323201591148973,0.15936381369829178,0.15936381369829178,0.06542263217270375,0.0005732106561515606,0.004062500025611371,0.9479466080665588,1.0,0.0029615384615384608,0.0001603846153846154,0,0.75,0.75,0.84375,0.274375,3.0882414585351943,1.549636096060276,0.19625,0.9071428996324539
489,1568000,-117.35483694076538,-1.1735483065247536,-117.35483694076538,-1.1735483065247536,0.0,117.35483694076538,1.1735483065247536,603.7408738136292,6.037408848702908,1.5211557599902152,0.22125,0.08775737045332682,nan,nan,nan,nan,nan,nan,nan,nan,nan,nan,15680,-0.0004671175433061059,0.008186585269868374,0.8856478810310364,0.0010160686681047082,0.17341901883482932,0.17341901883482932,0.0496758196502924,0.0007228073027397311,0.004621874936856329,0.9704093337059021,1.0,0.002947115384615384,0.0001592788461538462,0,0.75,0.75,0.6875,0.22125,3.935875614285469,2.0429062241315843,0.1646875,0.9322321826219558
490,1571200,-101.51207685470581,-1.0151206243038178,-101.51207685470581,-1.0151206243038178,0.0,101.51207685470581,1.0151206243038178,619.5836338996887,6.1958365309238435,1.120477540642023,0.2084375,0.0982974334813708,nan,nan,nan,nan,nan,nan,nan,nan,nan,nan,15712,-0.00045087759088495715,0.008533340180292726,0.8667217910289764,0.001273964042775333,0.2337127849459648,0.2337127849459648,0.05484020709991455,0.0006554739738964733,0.0044312499579973515,0.9639977216720581,1.0,0.002932692307692307,0.0001581730769230769,0,0.75,0.75,0.71875,0.2084375,2.870802361369133,1.6762434896826743,0.138125,0.9512946861982345
491,1574400,111.08405137062073,1.1108405791223048,111.08405137062073,1.1108405791223048,0.0,0.0,0.0,832.1797621250153,8.321797734349966,0.7406083665043116,0.318125,0.18276655801608888,nan,nan,nan,nan,nan,nan,nan,nan,nan,nan,15744,-0.0003897747048002387,0.007414153777062893,0.8679840564727783,0.0007842909544706345,0.12390839755535125,0.12390839755535125,0.04737236052751541,0.0006899126870884933,0.0032500000321306287,0.9587010145187378,1.0,0.0029182692307692304,0.00015706730769230771,0,0.75,0.75,1.0,0.318125,2.4920060470700265,1.029282691180706,0.2140625,0.9537053978443146
492,1577600,1.5827530026435852,0.01582765966653824,1.5827530026435852,0.01582765966653824,0.0,0.0,0.0,722.6784637570381,7.2267848148941995,0.8793727867305279,0.265,0.14100448930146012,nan,nan,nan,nan,nan,nan,nan,nan,nan,nan,15776,-0.0005730669818119871,0.01157970167696476,0.8540907323360443,0.0027366357389837503,0.1074364222586155,0.1074364222586155,0.0590593159198761,0.0012165824504371725,0.005793750070370152,0.9420704245567322,1.0,0.0029038461538461536,0.00015596153846153852,0,0.75,0.75,0.78125,0.265,2.4482255837321283,1.184435811638832,0.1865625,0.9670089751482009
493,1580800,12.397680699825287,0.12397678092122077,12.397680699825287,0.12397678092122077,0.0,0.0,0.0,733.4933914542198,7.334933936148882,0.8538751785457134,0.2634375,0.1421009909667465,nan,nan,nan,nan,nan,nan,nan,nan,nan,nan,15808,-0.0005886225639493148,0.007870811689645051,0.8794839680194855,0.0008055819198489189,0.14266216978430749,0.14266216978430749,0.04937370717525482,0.0008172465866701304,0.0050937501131556925,0.9556462168693542,1.0,0.0028894230769230768,0.00015485576923076922,0,0.75,0.75,0.875,0.2634375,2.345882861316204,1.4829651837050914,0.1896875,0.932500039935112
494,1584000,98.36833488941193,0.9836834380030632,98.36833488941193,0.9836834380030632,0.0,0.0,0.0,819.4640456438065,8.194640593230725,0.6325973059982062,0.3075,0.1883501821730544,nan,nan,nan,nan,nan,nan,nan,nan,nan,nan,15840,-0.0007184955348144229,0.00871040504425764,0.8698169112205505,0.0011359833413735032,0.22384711131453514,0.22384711131453514,0.050177055224776265,0.0013214054619350446,0.0062250001239590345,0.9436049461364746,1.0,0.002875,0.00015375000000000002,0,0.75,0.75,0.875,0.3075,2.90679028660059,0.8921941575407982,0.2190625,0.9497768265008927
495,1587200,53.696157187223434,0.5369616251438856,53.696157187223434,0.5369616251438856,0.0,0.0,0.0,774.791867941618,7.747918780371547,0.8434972155094147,0.2990625,0.1622256315246779,nan,nan,nan,nan,nan,nan,nan,nan,nan,nan,15872,-0.00026212296731173976,0.008769969921559095,0.8607822537422181,0.0016605281503871082,0.12431899234652519,0.12431899234652519,0.051797279343009,0.0005809720176367715,0.0033312499814201145,0.9491287469863892,1.0,0.002860576923076923,0.00015264423076923083,0,0.75,0.75,0.90625,0.2990625,2.8620715552568434,1.1582903510332108,0.21,0.9276339715719223
496,1590400,-3.7881150245666504,-0.03788118675351143,-3.7881150245666504,-0.03788118675351143,0.0,3.7881150245666504,0.03788118675351143,717.3075957298279,7.17307596847415,1.0462035517394543,0.2528125,0.12355197985317098,nan,nan,nan,nan,nan,nan,nan,nan,nan,nan,15904,-0.0005086035215470464,0.00723709580488503,0.8585927903652191,0.0006662571569904685,0.1309719406068325,0.1309719406068325,0.05458289235830307,0.0008525992809192733,0.0041406249278225,0.9627174735069275,1.0,0.0028461538461538463,0.00015153846153846164,0,0.75,0.75,0.90625,0.2528125,3.509170399308205,1.408297275453806,0.1784375,0.9303571879863739
497,1593600,114.88077208399773,1.1488078838586808,114.88077208399773,1.1488078838586808,0.0,0.0,0.0,835.9764828383923,8.359765039086342,0.6835849038511514,0.3175,0.188585677665396,nan,nan,nan,nan,nan,nan,nan,nan,nan,nan,15936,-0.0004554256729563555,0.008325281459838152,0.8870042264461517,0.0011954579036682843,0.0919100284576416,0.0919100284576416,0.043793081864714624,0.0008991197133618063,0.0031843749573454263,0.9488120079040527,1.0,0.0028317307692307687,0.00015043269230769233,0,0.75,0.75,0.9375,0.3175,2.920089126825333,0.818082807585597,0.21875,0.9363393270969391
498,1596800,2.919186681509018,0.029191916435956956,2.919186681509018,0.029191916435956956,0.0,0.0,0.0,724.0148974359035,7.240149071663619,0.9748308955132962,0.2678125,0.1356128773397534,nan,nan,nan,nan,nan,nan,nan,nan,nan,nan,15968,-0.0006765486323274672,0.007610409194603563,0.8727302491664887,0.0006699063815176487,0.15943106040358543,0.15943106040358543,0.041365376114845274,0.0017549493757579222,0.01780625023820903,0.9652630686759949,1.0,0.002817307692307691,0.00014932692307692303,0,0.75,0.75,0.875,0.2678125,2.6740852850675583,1.5299421846866608,0.1803125,0.9320536124706268
499,1600000,110.05374512076378,1.1005375808477402,110.05374512076378,1.1005375808477402,0.0,0.0,0.0,831.1494558751583,8.311494736075401,0.8519480310380458,0.31125,0.16806627118231796,nan,nan,nan,nan,nan,nan,nan,nan,nan,nan,16000,-0.0003375349636982605,0.007802481297403574,0.8850426793098449,0.0010830331360921265,0.17721602320671082,0.17721602320671082,0.04305043183267117,0.0008306640709672471,0.004615625011138036,0.9617987275123596,1.0,0.002802884615384614,0.00014822115384615384,0,0.75,0.75,0.875,0.31125,2.591870725750923,1.0117699338495731,0.226875,0.9245982563495636
500,1603200,-21.737831234931946,-0.21737826511263847,-21.737831234931946,-0.21737826511263847,0.0,21.737831234931946,0.21737826511263847,699.3578795194626,6.993578890115023,1.1223320649564266,0.254375,0.1198563618767276,73.28097346425056,0.7328097346425057,73.28097346425056,0.7328097346425057,100.0,0.8984139813669025,0.32,0.1685617589950494,0.0,886.3857562839985,16032,-0.0005307634617784274,0.008597318641841411,0.8727796852588654,0.0013341832906007766,0.15450554639101027,0.15450554639101027,0.04793806821107864,0.001049284149488779,0.0052468749810941516,0.9562291502952576,1.0,0.0027884615384615374,0.00014711538461538464,0,0.75,0.75,0.875,0.254375,3.1096470659971236,1.5104500956833362,0.1953125,0.9498214721679688
501,1606400,-40.4287793636322,-0.404287768304348,-40.4287793636322,-0.404287768304348,0.0,40.4287793636322,0.404287768304348,680.6669313907623,6.806669386923313,1.1709069791436195,0.2459375,0.11328790333384876,nan,nan,nan,nan,nan,nan,nan,nan,nan,nan,16064,-0.000382750514155461,0.008254334004595876,0.8640146136283875,0.001347606792114675,0.12062639519572257,0.12062639519572257,0.05199103280901909,0.0008343847013785306,0.002703125012340024,0.9610493779182434,1.0,0.0027740384615384606,0.00014600961538461534,0,0.75,0.75,0.75,0.2459375,3.154238424599171,1.5539225704967976,0.1784375,0.9342411160469055
502,1609600,29.592164516448975,0.29592169404029844,29.592164516448975,0.29592169404029844,0.0,0.0,0.0,750.6878752708435,7.5068788492679595,0.9305240739881993,0.2775,0.14374335121691745,nan,nan,nan,nan,nan,nan,nan,nan,nan,nan,16096,-0.0005870713396288974,0.007677873782813549,0.8902473628520966,0.0007951251929625869,0.14496580511331558,0.14496580511331558,0.039550502225756644,0.0009874622588577193,0.006275000071036629,0.962712287902832,1.0,0.002759615384615384,0.00014490384615384615,0,0.75,0.75,0.84375,0.2775,2.3775091189146043,1.3763118076324463,0.195,0.9316964709758758
503,1612800,20.322196125984192,0.20322195440530777,20.322196125984192,0.20322195440530777,0.0,0.0,0.0,741.4179068803787,7.414179109632969,0.925831587612629,0.2775,0.14409359664933366,nan,nan,nan,nan,nan,nan,nan,nan,nan,nan,16128,-0.0003939632907771884,0.007749762805178762,0.8500915586948394,0.0011472533456981181,0.15135606080293657,0.15135606080293657,0.045484230667352674,0.0006050635049216061,0.0035374999715713784,0.9534679055213928,1.0,0.002745192307692307,0.00014379807692307695,0,0.75,0.75,0.875,0.2775,2.2150023694336416,1.7306040175259114,0.1928125,0.9724553966522217
504,1616000,94.23688399791718,0.9423688194155693,94.23688399791718,0.9423688194155693,0.0,0.0,0.0,815.3325947523117,8.15332597464323,0.7329510004818439,0.30625,0.1767216729814333,nan,nan,nan,nan,nan,nan,nan,nan,nan,nan,16160,-0.0005040525076794644,0.0075318587478250265,0.8898990213871002,0.0008317679399624467,0.20306526273488998,0.20306526273488998,0.04344074539840222,0.000851628449167259,0.006696874997578562,0.9571123123168945,1.0,0.00273076923076923,0.00014269230769230765,0,0.75,0.75,0.96875,0.30625,2.7834862165153025,0.9242039176821709,0.2121875,0.9523661142587662
505,1619200,-1.7682304084300995,-0.017682287842035294,-1.7682304084300995,-0.017682287842035294,0.0,1.7682304084300995,0.017682287842035294,719.3274803459644,7.193274867385626,0.9057298269867897,0.2621875,0.13757852571083123,nan,nan,nan,nan,nan,nan,nan,nan,nan,nan,16192,-0.0005874759658152761,0.008257107576355338,0.8575210034847259,0.0012117538833990693,0.11388289704918861,0.11388289704918861,0.05517838411033153,0.0009297530614314081,0.0024968750334664947,0.9628021121025085,1.0,0.0027163461538461534,0.00014158653846153846,0,0.75,0.75,0.75,0.2621875,3.1637195348739624,1.4025017938017845,0.19125,0.9237500435113907
506,1622400,29.132975846529007,0.29132972806692126,29.132975846529007,0.29132972806692126,0.0,0.0,0.0,750.2286866009235,7.502286883294583,1.273730434626341,0.299375,0.1316668833916535,nan,nan,nan,nan,nan,nan,nan,nan,nan,nan,16224,-0.0006085626804328114,0.006927640223875642,0.8688532054424286,0.0005076829809695482,0.16835563331842424,0.16835563331842424,0.04781410209834576,0.0012027303342658016,0.007006249978439882,0.9692420363426208,1.0,0.0027019230769230766,0.00014048076923076926,0,0.75,0.75,0.78125,0.299375,2.6421421563625334,1.5432022735476494,0.2,0.9516964733600617
507,1625600,-5.580976486206055,-0.05580991968512535,-5.580976486206055,-0.05580991968512535,0.0,5.580976486206055,0.05580991968512535,715.5147342681885,7.155147235542536,0.8084569200873375,0.2728125,0.15085374551627406,nan,nan,nan,nan,nan,nan,nan,nan,nan,nan,16256,-0.0002770654692649366,0.006396204931661487,0.8692434430122375,0.0005849451292306185,0.11715627759695053,0.11715627759695053,0.037188715487718585,0.0006925957906823334,0.004137500017532147,0.9679476618766785,1.0,0.002687499999999999,0.00013937500000000007,0,0.75,0.75,0.8125,0.2728125,3.3457519602775574,1.2733719028532504,0.186875,0.9375893270969391
508,1628800,-19.502524852752686,-0.19502553343772888,-19.502524852752686,-0.19502553343772888,0.0,19.502524852752686,0.19502553343772888,701.5931859016418,7.015931621789933,1.0621439704298974,0.2528125,0.12259692030488828,nan,nan,nan,nan,nan,nan,nan,nan,nan,nan,16288,-0.0004239775144276814,0.00878168661147356,0.888251805305481,0.0015925004379823803,0.11975848823785781,0.11975848823785781,0.053021091222763064,0.0006228638618302118,0.003106250002383604,0.9614391922950745,1.0,0.002673076923076922,0.00013826923076923076,0,0.75,0.75,0.84375,0.2528125,2.860337464213371,1.3357617881894113,0.170625,0.9446428948640824
509,1632000,24.962906002998352,0.24962908357381822,24.962906002998352,0.24962908357381822,0.0,0.0,0.0,746.0586167573929,7.46058623880148,0.848894519507885,0.2703125,0.14620222903356778,nan,nan,nan,nan,nan,nan,nan,nan,nan,nan,16320,-0.0006122921509319034,0.008057719748467206,0.8971676111221314,0.0010313097620382905,0.19142647013068198,0.19142647013068198,0.051455709338188174,0.0012052199199423762,0.0071750000701285895,0.9580579400062561,1.0,0.0026586538461538453,0.00013716346153846157,0,0.75,0.75,0.875,0.2703125,2.931955897808075,1.085802557915449,0.18875,0.9201786130666733
510,1635200,56.91547402739525,0.5691547401249408,56.91547402739525,0.5691547401249408,0.0,0.0,0.0,778.0111847817898,7.7801118953526025,0.8935272137820721,0.286875,0.15150297176189237,nan,nan,nan,nan,nan,nan,nan,nan,nan,nan,16352,-0.0008668788287206297,0.00841957782395184,0.8600885927677154,0.001068637310527265,0.20678022205829621,0.20678022205829621,0.04886451959609985,0.001657521891324214,0.012056249985471367,0.9390084743499756,1.0,0.0026442307692307685,0.00013605769230769238,0,0.75,0.75,0.96875,0.286875,2.769867835640907,1.0635222052037716,0.1928125,0.924017898440361
511,1638400,62.30457264184952,0.6230456332862377,62.30457264184952,0.6230456332862377,0.0,0.0,0.0,783.400283396244,7.834002788513899,0.842526972591877,0.2903125,0.15756214390263076,nan,nan,nan,nan,nan,nan,nan,nan,nan,nan,16384,-0.0004901785401627556,0.0063341133762151005,0.8704026222229004,0.0003878866322338581,0.17312519177794455,0.17312519177794455,0.03274513613432646,0.0008598961234421544,0.0067156250064726915,0.9580379128456116,1.0,0.0026298076923076917,0.00013495192307692307,0,0.75,0.75,0.9375,0.2903125,2.718872913122177,0.9803811621665954,0.2,0.9692411148548126
512,1641600,84.9807733297348,0.8498077239096165,84.9807733297348,0.8498077239096165,0.0,0.0,0.0,806.0764840841293,8.060764879137277,0.8799258832633495,0.3228125,0.1717155462744266,nan,nan,nan,nan,nan,nan,nan,nan,nan,nan,16416,-0.00043869277973138663,0.007789006922394037,0.8663357794284821,0.0011900095269083977,0.21049171388149263,0.21049171388149263,0.04501204341650009,0.0007625078349556598,0.006418749957083492,0.9576736092567444,1.0,0.002615384615384615,0.00013384615384615388,0,0.75,0.75,0.9375,0.3228125,2.798578371703625,1.2364646917581559,0.235625,0.942455398440361
513,1644800,23.438588857650757,0.23438598841428757,23.438588857650757,0.23438598841428757,0.0,0.0,0.0,744.5342996120453,7.445343143641949,0.9885625420510769,0.2809375,0.14127667300331964,nan,nan,nan,nan,nan,nan,nan,nan,nan,nan,16448,-0.0004102879237151136,0.007639636751264334,0.8563669681549072,0.0011821528896689415,0.18897709548473357,0.18897709548473357,0.03991417847573757,0.0007724234117672505,0.005143749981652945,0.9574906826019287,1.0,0.002600961538461538,0.00013274038461538469,0,0.75,0.75,0.875,0.2809375,2.248190330862999,1.4340326580405236,0.195625,0.9401786160469056
514,1648000,-33.82909631729126,-0.3382908314466476,-33.82909631729126,-0.3382908314466476,0.0,33.82909631729126,0.3382908314466476,687.2666144371033,6.872666323781014,0.923701959848404,0.245,0.12735860601779864,nan,nan,nan,nan,nan,nan,nan,nan,nan,nan,16480,-0.0003761650381958859,0.008964932151138782,0.812551748752594,0.0020046048099175095,0.20813466235995293,0.20813466235995293,0.05114284120500088,0.0005562434889763414,0.003706250013783574,0.9539544582366943,1.0,0.0025865384615384613,0.00013163461538461538,0,0.75,0.75,0.78125,0.245,2.1587329614162445,1.2093145531415939,0.1690625,0.934821469783783
515,1651200,81.09519800543785,0.8109520718455314,81.09519800543785,0.8109520718455314,0.0,0.0,0.0,802.1909087598324,8.021909227073193,0.6304118233174085,0.300625,0.1843859298004332,nan,nan,nan,nan,nan,nan,nan,nan,nan,nan,16512,-0.0004116278165929632,0.009698271472007036,0.8610875010490417,0.0022226915461942554,0.13161726370453836,0.13161726370453836,0.0528253860771656,0.0006355287558148113,0.0032156250439584256,0.9324009418487549,1.0,0.0025721153846153845,0.0001305288461538462,0,0.75,0.75,0.9375,0.300625,2.432627065628767,0.8819201765954494,0.213125,0.9734821826219558
516,1654400,12.613735526800156,0.12613719940185547,12.613735526800156,0.12613719940185547,0.0,0.0,0.0,733.7094462811947,7.337094354629517,0.9727891072630882,0.2815625,0.14272306095131496,nan,nan,nan,nan,nan,nan,nan,nan,nan,nan,16544,-0.0005255503657856763,0.007094779191538692,0.8503934383392334,0.0008467944338917732,0.216343754529953,0.216343754529953,0.050834422931075096,0.001081964199333469,0.007724999933270737,0.9622239470481873,1.0,0.0025576923076923077,0.000129423076923077,0,0.75,0.75,0.71875,0.2815625,2.401871252954006,1.396992788016796,0.2025,0.9529911118745804
517,1657600,63.34152102470398,0.633415159136057,63.34152102470398,0.633415159136057,0.0,0.0,0.0,784.4372317790985,7.844372314363718,1.0303958483040332,0.3228125,0.15898993305647352,nan,nan,nan,nan,nan,nan,nan,nan,nan,nan,16576,-0.0007680382564896782,0.006362780695781112,0.815095192193985,0.00034034557174891236,0.21085661575198172,0.21085661575198172,0.04951785802841187,0.0012693777731370409,0.00894999987212941,0.9667243361473083,1.0,0.00254326923076923,0.0001283173076923077,0,0.75,0.75,0.84375,0.3228125,2.8768609023094176,1.6620128899812698,0.2215625,0.88888396859169
518,1660800,43.54571956396103,0.4354571309685707,43.54571956396103,0.4354571309685707,0.0,0.0,0.0,764.6414303183556,7.646414286196232,1.1092949093878268,0.2984375,0.14148685357924393,nan,nan,nan,nan,nan,nan,nan,nan,nan,nan,16608,-0.0006126310375984545,0.007001201016828417,0.8193832337856293,0.0008158751996234059,0.23909764885902404,0.23909764885902404,0.04498554058372974,0.0009234253484507991,0.006471875041461317,0.9599336981773376,1.0,0.0025288461538461524,0.0001272115384615385,0,0.75,0.75,0.90625,0.2984375,3.049638695418835,1.2080293971300125,0.2025,0.9400446820259094
519,1664000,69.82019531726837,0.698201847076416,69.82019531726837,0.698201847076416,0.0,0.0,0.0,790.9159060716629,7.909159002304078,0.9561701528728008,0.3203125,0.16374470264235147,nan,nan,nan,nan,nan,nan,nan,nan,nan,nan,16640,-0.0004300341670692376,0.007007454242557287,0.848889309167862,0.0009392260108143091,0.1751549556851387,0.1751549556851387,0.033971406519412994,0.000724387045560704,0.005459375027567148,0.9599711298942566,1.0,0.0025144230769230756,0.0001261057692307692,0,0.75,0.75,0.875,0.3203125,2.3327758517861366,1.596284737288952,0.2175,0.9226786148548126
520,1667200,68.16996011137962,0.6816995966434479,68.16996011137962,0.6816995966434479,0.0,0.0,0.0,789.2656708657742,7.892656751871109,0.6960320399701595,0.293125,0.17282987177834055,74.38365712761879,0.7438365712761879,74.38365712761879,0.7438365712761879,100.0,0.884328625923954,0.32,0.16982175805087743,0.0,887.4884399473667,16672,-0.00025675339738153726,0.00785109680145979,0.8419516146183014,0.0015639159828424454,0.17658013254404067,0.17658013254404067,0.05074963606894016,0.0006081821844464441,0.0032156249857507647,0.9531347155570984,1.0,0.0024999999999999988,0.000125,0,0.75,0.75,0.90625,0.293125,2.645540787577629,0.9345654091238975,0.2028125,0.9308482599258423
521,1670400,42.20039236545563,0.4220039203763008,42.20039236545563,0.4220039203763008,0.0,0.0,0.0,763.2961031198502,7.632961075603962,0.8674005414545536,0.28375,0.15194919017158565,nan,nan,nan,nan,nan,nan,nan,nan,nan,nan,16704,-0.00043389000264291153,0.008629550877958535,0.800537770986557,0.0018910871585831046,0.14002634435892106,0.14002634435892106,0.04492068327963352,0.0005167745812329709,0.0037250000688800354,0.9418302178382874,1.0,0.002485576923076922,0.0001238942307692308,0,0.75,0.75,0.9375,0.28375,2.1512047666311265,1.4583401538431644,0.1975,0.9449107557535171
522,1673600,5.487817406654358,0.05487805634737015,5.487817406654358,0.05487805634737015,0.0,0.0,0.0,726.5835281610489,7.265835211575031,1.0329230561852456,0.28,0.1377327091392315,nan,nan,nan,nan,nan,nan,nan,nan,nan,nan,16736,-0.00028007719901343984,0.006468687579035759,0.8583572030067443,0.0008331338874995708,0.13922475948929786,0.13922475948929786,0.03359328843653202,0.00046066588238684444,0.003531250002197339,0.9670428037643433,1.0,0.002471153846153845,0.0001227884615384615,0,0.75,0.75,0.78125,0.28,2.6776399499177934,1.5641625563800334,0.2009375,0.9231250435113907
523,1676800,48.29251706600189,0.482925326526165,48.29251706600189,0.482925326526165,0.0,0.0,0.0,769.3882278203964,7.6938824817538265,0.993263669013977,0.2875,0.14423581007836248,nan,nan,nan,nan,nan,nan,nan,nan,nan,nan,16768,-0.0004831327665888452,0.006546462560072542,0.8346647322177887,0.0007395521039143205,0.22370316088199615,0.22370316088199615,0.04509090334177017,0.0007550303607828095,0.005937499925494194,0.9593815207481384,1.0,0.0024567307692307683,0.00012168269230769231,0,0.75,0.75,0.96875,0.2875,2.64329932063818,1.1451531580090524,0.2003125,0.9790625464916229
524,1680000,-40.91913881897926,-0.40919132739305497,-40.91913881897926,-0.40919132739305497,0.0,40.91913881897926,0.40919132739305497,680.1765719354153,6.801765827834607,1.0262179701030254,0.254375,0.12554177475144296,nan,nan,nan,nan,nan,nan,nan,nan,nan,nan,16800,-0.00045183250858680244,0.007932430831715465,0.8331339120864868,0.0014796134550124408,0.16942319869995118,0.16942319869995118,0.03985216096043587,0.0007852940289051858,0.006640624976716936,0.9550890326499939,1.0,0.0024423076923076915,0.00012057692307692312,0,0.75,0.75,0.78125,0.254375,3.214169992506504,1.4930838021636008,0.17125,0.942946475148201
525,1683200,141.28118938207626,1.412811741232872,141.28118938207626,1.412811741232872,0.0,0.0,0.0,862.3769001364708,8.623768896460533,0.727416612431407,0.3503125,0.20279560673375796,nan,nan,nan,nan,nan,nan,nan,nan,nan,nan,16832,-0.00030830157624440747,0.006490151025354862,0.8425065040588379,0.0008912653429433703,0.11926574259996414,0.11926574259996414,0.04521945230662823,0.00047372715799113803,0.0029093750279571397,0.9555044770240784,1.0,0.0024278846153846147,0.00011947115384615382,0,0.75,0.75,0.9375,0.3503125,2.807596426308155,0.893706616833806,0.2565625,0.9581250458955765
526,1686400,21.709362506866455,0.21709363043308258,21.709362506866455,0.21709363043308258,0.0,0.0,0.0,742.805073261261,7.428050785660744,0.8009716527909041,0.2659375,0.14766334583217106,nan,nan,nan,nan,nan,nan,nan,nan,nan,nan,16864,-0.00031412289805192727,0.007582738110795617,0.8063003957271576,0.001531271287240088,0.09464035481214524,0.09464035481214524,0.04191475175321102,0.00039859259814345124,0.002059374999589636,0.9495377540588379,1.0,0.002413461538461538,0.00011836538461538462,0,0.75,0.75,0.875,0.2659375,2.3185205918550493,1.2338210122287274,0.180625,0.9379018312692642
527,1689600,156.57460588216782,1.565746172219515,156.57460588216782,1.565746172219515,0.0,0.0,0.0,877.6703166365623,8.776703327447176,0.8538158888369799,0.359375,0.19385689925522184,nan,nan,nan,nan,nan,nan,nan,nan,nan,nan,16896,-0.0004900621923792592,0.0060022309422492984,0.8589086592197418,0.0004504983313381672,0.19205062985420226,0.19205062985420226,0.03769381232559681,0.0010012764920290771,0.00506250006146729,0.9525808095932007,1.0,0.002399038461538461,0.00011725961538461543,0,0.75,0.75,1.0,0.359375,2.2429535180330276,1.1109426522254944,0.249375,0.9153125429153443
528,1692800,-13.498855382204056,-0.13498862564563752,-13.498855382204056,-0.13498862564563752,0.0,13.498855382204056,0.13498862564563752,707.5968553721905,7.075968529582024,1.0877535642683507,0.259375,0.12423640626900213,nan,nan,nan,nan,nan,nan,nan,nan,nan,nan,16928,-0.00039230575442341655,0.006957589089870453,0.8373209178447724,0.0010898004518821835,0.19709988906979561,0.19709988906979561,0.03969189375638962,0.0005861518864589655,0.0037156249334657334,0.9573777914047241,1.0,0.0023846153846153843,0.00011615384615384623,0,0.75,0.75,0.84375,0.259375,3.1684431582689285,1.4899162104725838,0.1803125,0.934910752773285
529,1696000,160.40550643205643,1.6040549194812774,160.40550643205643,1.6040549194812774,0.0,0.0,0.0,881.501217186451,8.815012074708939,0.7417865094542503,0.3665625,0.21045202612968578,nan,nan,nan,nan,nan,nan,nan,nan,nan,nan,16960,-0.0010300437943311397,0.006932255625724792,0.8251180529594422,0.0004803956369869411,0.191476571559906,0.191476571559906,0.047000935301184654,0.0012896476284413728,0.008271875005448237,0.9439969062805176,1.0,0.0023701923076923075,0.00011504807692307693,0,0.75,0.75,0.90625,0.3665625,2.457289238870144,1.159589404463768,0.24875,0.9429464685916901
530,1699200,140.7994426190853,1.4079945521056652,140.7994426190853,1.4079945521056652,0.0,0.0,0.0,861.8951533734798,8.618951707333327,0.8922090589255095,0.35375,0.18695080140926756,nan,nan,nan,nan,nan,nan,nan,nan,nan,nan,16992,-0.00048212735756534284,0.006080286717042327,0.8322733759880065,0.0005973719293251633,0.19532955959439277,0.19532955959439277,0.04487786404788494,0.0014164624255541118,0.009162499917147215,0.9547774195671082,1.0,0.00235576923076923,0.00011394230769230774,0,0.75,0.75,0.96875,0.35375,2.492430592775345,1.183376012146473,0.2559375,0.9413839679956436
531,1702400,-11.073031276464462,-0.11073034971952439,-11.073031276464462,-0.11073034971952439,0.0,11.073031276464462,0.11073034971952439,710.0226794779301,7.100226805508137,1.2917607782781124,0.2809375,0.12258587487088383,nan,nan,nan,nan,nan,nan,nan,nan,nan,nan,17024,-0.0004001639094087128,0.009742005448788404,0.7965392410755158,0.0026058647315949203,0.15535453855991363,0.15535453855991363,0.05705450028181076,0.000607719856274568,0.003806250018533319,0.9365833401679993,1.0,0.002341346153846153,0.00011283653846153854,0,0.75,0.75,0.84375,0.2809375,3.3363652539253237,1.8357820199429988,0.18625,0.9099554008245468
532,1705600,66.34170058369637,0.6634170922636986,66.34170058369637,0.6634170922636986,0.0,0.0,0.0,787.4374113380909,7.87437424749136,0.951964748352766,0.2990625,0.15321101482615115,nan,nan,nan,nan,nan,nan,nan,nan,nan,nan,17056,-0.00037552693392788327,0.006730983639135957,0.7997260212898254,0.0011290638707578183,0.09797137305140495,0.09797137305140495,0.03146936390548945,0.0005222998115684706,0.0019062500447034835,0.9485344886779785,1.0,0.0023269230769230763,0.00011173076923076924,0,0.75,0.75,0.96875,0.2990625,2.107726582288742,1.2990218359231949,0.2028125,0.9290625393390656
533,1708800,100.74096012115479,1.007409667596221,100.74096012115479,1.007409667596221,0.0,0.0,0.0,821.8366708755493,8.218366822823882,0.9102217517793179,0.334375,0.17504512221606683,nan,nan,nan,nan,nan,nan,nan,nan,nan,nan,17088,-0.0005700251622823948,0.007455609412863851,0.8126735925674439,0.001278471841942519,0.2137904867529869,0.2137904867529869,0.04028039425611496,0.0014506550367557013,0.011818750022212044,0.9480615258216858,1.0,0.0023124999999999995,0.00011062500000000005,0,0.75,0.75,0.96875,0.334375,2.158922715336084,1.2407363829016687,0.2371875,0.9800893276929855
534,1712000,21.908148407936096,0.21908144906163216,21.908148407936096,0.21908144906163216,0.0,0.0,0.0,743.0038591623306,7.430038604289294,0.9218449707329274,0.2846875,0.14813239586720134,nan,nan,nan,nan,nan,nan,nan,nan,nan,nan,17120,-0.00030361542906032213,0.008749589882791042,0.8054042756557465,0.002220298536121845,0.16530477479100228,0.16530477479100228,0.052188952639698985,0.0005411546586447191,0.0034031250499538144,0.9478212594985962,1.0,0.0022980769230769226,0.00010951923076923085,0,0.75,0.75,0.84375,0.2846875,2.5298941764235496,1.387072488516569,0.1865625,0.9280357545614243
535,1715200,111.95151674747467,1.1195151026546954,111.95151674747467,1.1195151026546954,0.0,0.0,0.0,833.0472275018692,8.330472257882358,0.7556386275589466,0.334375,0.19045775978677204,nan,nan,nan,nan,nan,nan,nan,nan,nan,nan,17152,-0.00033179772222355906,0.0062151806429028515,0.8174194455146789,0.0009090894367545843,0.1679968997836113,0.1679968997836113,0.03972657136619091,0.0005134137216421653,0.0032000000675907357,0.9467120170593262,1.0,0.002283653846153846,0.00010841346153846155,0,0.75,0.75,0.90625,0.334375,1.9901256023347378,1.248254127204418,0.23875,0.957633969783783
536,1718400,17.310025930404663,0.17310012891888618,17.310025930404663,0.17310012891888618,0.0,0.0,0.0,738.4057366847992,7.3840572841465475,1.0119647635519504,0.286875,0.14258450505542,nan,nan,nan,nan,nan,nan,nan,nan,nan,nan,17184,-0.0003343069900467732,0.007156519079580903,0.802766990661621,0.001422288955654949,0.18058423772454263,0.18058423772454263,0.03868921361863613,0.0005664864824253637,0.0036062499741092323,0.9537484049797058,1.0,0.002269230769230769,0.00010730769230769236,0,0.75,0.75,0.84375,0.286875,3.6116907691955564,1.3859345194697381,0.20625,0.8883036190271377
537,1721600,97.53398156166077,0.9753398361802101,97.53398156166077,0.9753398361802101,0.0,0.0,0.0,818.6296923160553,8.186296991407872,0.9538424580544234,0.3196875,0.16361989610888844,nan,nan,nan,nan,nan,nan,nan,nan,nan,nan,17216,-0.0005691448684897793,0.007049408601596951,0.7861988544464111,0.0011828322545625269,0.250467324256897,0.250467324256897,0.06187593638896942,0.000884656660496216,0.008034375123679638,0.9466975927352905,1.0,0.0022548076923076914,0.00010620192307692305,0,0.75,0.75,0.9375,0.3196875,2.7561111491918564,1.1231058411300183,0.221875,0.9560714745521546
538,1724800,90.2344378232956,0.9023443712294101,90.2344378232956,0.9023443712294101,0.0,0.0,0.0,811.3301485776901,8.113301526457072,0.7149961769580842,0.318125,0.18549604032602762,nan,nan,nan,nan,nan,nan,nan,nan,nan,nan,17248,-0.0008516607284779099,0.006390507984906435,0.7817742466926575,0.0005921181873418391,0.24425215572118758,0.24425215572118758,0.033317283540964124,0.0017933113260415572,0.017406249648774973,0.9546642303466797,1.0,0.0022403846153846146,0.00010509615384615386,0,0.75,0.75,0.875,0.318125,2.3654735642671585,0.9440283739566803,0.2259375,0.928794686794281
539,1728000,51.96261802315712,0.5196261109411716,51.96261802315712,0.5196261109411716,0.0,0.0,0.0,773.0583287775517,7.730583266168833,1.0611879892647267,0.305625,0.14827614055184918,nan,nan,nan,nan,nan,nan,nan,nan,nan,nan,17280,-0.0002544121276558009,0.00797217469662428,0.8017070651054382,0.001947106048464775,0.17867909446358682,0.17867909446358682,0.04500543028116226,0.0011921849924008217,0.006931250027264468,0.944442868232727,1.0,0.0022259615384615378,0.00010399038461538456,0,0.75,0.75,0.9375,0.305625,2.837362307459116,1.266043976098299,0.22375,0.9434375452995301
540,1731200,108.76238778233528,1.0876238197088242,108.76238778233528,1.0876238197088242,0.0,0.0,0.0,829.8580985367298,8.298580974936485,0.7199919664859772,0.3221875,0.18731918885542465,74.55558030307293,0.7455558030307293,74.55558030307293,0.7455558030307293,100.0,0.8865175371663645,0.32,0.16962471522032846,0.0,887.6603631228209,17312,-0.0007263507406081726,0.005937999207526445,0.7940859615802764,0.00048649727832525966,0.12297868207097054,0.12297868207097054,0.04511897154152393,0.0008459171956065982,0.0041468750736385115,0.9559422135353088,1.0,0.00221153846153846,0.00010288461538461536,0,0.75,0.75,0.96875,0.3221875,2.670417654812336,1.117704194635153,0.224375,0.9204911112785339
541,1734400,37.881863474845886,0.3788186128437519,37.881863474845886,0.3788186128437519,0.0,0.0,0.0,758.9775742292404,7.589775768071413,0.9934276343882084,0.291875,0.1464186584779526,nan,nan,nan,nan,nan,nan,nan,nan,nan,nan,17344,-0.0007958738283429412,0.007145746704190969,0.7756125628948212,0.001072889205534011,0.27464261651039124,0.27464261651039124,0.04628880321979523,0.0015891878356390637,0.01387187496293336,0.9561975598335266,1.0,0.0021971153846153833,0.00010177884615384617,0,0.75,0.75,0.875,0.291875,2.385673456788063,1.3728698752820492,0.2025,0.9467411124706269
542,1737600,32.85046434402466,0.32850474521517753,32.85046434402466,0.32850474521517753,0.0,0.0,0.0,753.9461750984192,7.539461900442839,0.8821462274342775,0.2853125,0.15158891261543217,nan,nan,nan,nan,nan,nan,nan,nan,nan,nan,17376,-0.0004454742898349906,0.0066588038578629495,0.7715826630592346,0.001199800125323236,0.17229695245623589,0.17229695245623589,0.04512144885957241,0.0008483718083923415,0.0030343750229803847,0.9543140530586243,1.0,0.0021826923076923074,0.00010067307692307697,0,0.75,0.75,0.90625,0.2853125,2.5316895112395286,1.3812443356215953,0.191875,0.9242411136627198
543,1740800,208.64512279629707,2.08645111143589,208.64512279629707,2.08645111143589,0.0,0.0,0.0,929.7408335506916,9.297408266663552,0.7188840413838625,0.3996875,0.2325273202712465,nan,nan,nan,nan,nan,nan,nan,nan,nan,nan,17408,-0.00035326468866188067,0.005734529718756676,0.7701852798461915,0.0008440311881713569,0.1962813138961792,0.1962813138961792,0.04411813169717789,0.000694853348619017,0.005237499914801447,0.9617919921875,1.0,0.0021682692307692306,9.956730769230767e-05,0,0.75,0.75,0.9375,0.3996875,2.6526124715805053,0.9968065525591373,0.2825,0.9357589703798294
544,1744000,-20.34733021259308,-0.20347322762012482,-20.34733021259308,-0.20347322762012482,0.0,20.34733021259308,0.20347322762012482,700.7483805418015,7.007483927607536,1.208132642954588,0.265,0.12001090643061062,nan,nan,nan,nan,nan,nan,nan,nan,nan,nan,17440,-0.00044978497052214903,0.006123739155009389,0.7704725563526154,0.0009526052279397845,0.1995647892355919,0.1995647892355919,0.04247175864875317,0.0006965764729143091,0.005228125024586916,0.9658730030059814,1.0,0.0021538461538461538,9.846153846153848e-05,0,0.75,0.75,0.84375,0.265,2.8386097133159636,1.7560751424729824,0.1784375,0.9530804026126861
545,1747200,27.639206528663635,0.27639212012290953,27.639206528663635,0.27639212012290953,0.0,0.0,0.0,748.7349172830582,7.487349275350571,1.0299786956608294,0.2915625,0.14362835463407964,nan,nan,nan,nan,nan,nan,nan,nan,nan,nan,17472,-0.0006448087184864448,0.006790048116818071,0.7636200487613678,0.0011165089788846671,0.17044777497649194,0.17044777497649194,0.04314211383461952,0.001094448676672119,0.003443750004953472,0.9530642032623291,1.0,0.002139423076923077,9.735576923076928e-05,0,0.75,0.75,0.84375,0.2915625,3.2744439390301703,1.2353500901162624,0.21375,0.9413393294811249
546,1750400,181.39746713638306,1.813974677324295,181.39746713638306,1.813974677324295,0.0,0.0,0.0,902.4931778907776,9.024931832551957,0.8256558887660503,0.383125,0.209856086438585,nan,nan,nan,nan,nan,nan,nan,nan,nan,nan,17504,-0.00022342462409579155,0.005452859122306109,0.7826684892177582,0.0008398343343287706,0.12716872990131378,0.12716872990131378,0.03620367757976055,0.0009491268341709968,0.006381250053527765,0.954633355140686,1.0,0.002125,9.624999999999998e-05,0,0.75,0.75,0.96875,0.383125,2.1214401817321775,1.035034735351801,0.2565625,0.9630357527732849
547,1753600,142.93432146310806,1.4293432885408401,142.93432146310806,1.4293432885408401,0.0,0.0,0.0,864.0300322175026,8.640300443768501,0.7904234436154366,0.3428125,0.1914700688389961,nan,nan,nan,nan,nan,nan,nan,nan,nan,nan,17536,-0.0004740005687519533,0.006482544960454107,0.78958101272583,0.0011008004425093532,0.18413884565234184,0.18413884565234184,0.05019606202840805,0.0008975190638061374,0.004796875023748726,0.945849597454071,1.0,0.0021105769230769216,9.514423076923079e-05,0,0.75,0.75,0.9375,0.3428125,2.4963913387060166,0.9876768206059933,0.240625,0.9312500447034836
548,1756800,37.3569150865078,0.3735691645741463,37.3569150865078,0.3735691645741463,0.0,0.0,0.0,758.4526258409023,7.584526319801808,1.0083097533881664,0.303125,0.15093538209860594,nan,nan,nan,nan,nan,nan,nan,nan,nan,nan,17568,-0.0004884385791607216,0.007169504603371024,0.7823551237583161,0.001456377061549574,0.22921907305717468,0.22921907305717468,0.03337491489946842,0.001167231428194276,0.007565624982453301,0.9528193473815918,1.0,0.002096153846153845,9.40384615384616e-05,0,0.75,0.75,0.875,0.303125,2.870571790635586,1.349440159648657,0.1946875,0.9681696820259095
549,1760000,190.01809611916542,1.9001807728409768,190.01809611916542,1.9001807728409768,0.0,0.0,0.0,911.11380687356,9.111137928068638,0.9147172491997481,0.3928125,0.20515431203441403,nan,nan,nan,nan,nan,nan,nan,nan,nan,nan,17600,-0.0006461698340951116,0.005108435358852148,0.7825612127780914,0.0002789660124108195,0.3630552142858505,0.3630552142858505,0.05304897502064705,0.0009773449404799448,0.008128124964423477,0.9643179178237915,1.0,0.002081730769230768,9.293269230769229e-05,0,0.75,0.75,0.96875,0.3928125,2.8714154344797134,1.074326767474413,0.2921875,0.9032143300771713
550,1763200,134.39234498143196,1.3439235028624534,134.39234498143196,1.3439235028624534,0.0,0.0,0.0,855.4880557358265,8.554880658090115,0.9999066753685475,0.3590625,0.17953962773479473,nan,nan,nan,nan,nan,nan,nan,nan,nan,nan,17632,-0.0004044174232811226,0.0077155686914920805,0.7438504457473755,0.0019155991380102933,0.24815715551376344,0.24815715551376344,0.049811304360628125,0.0008144204857725215,0.006143750052433461,0.9487322568893433,1.0,0.002067307692307691,9.18269230769231e-05,0,0.75,0.75,0.9375,0.3590625,3.4210557466745377,1.2062127237021922,0.2715625,0.9416964709758758
551,1766400,140.90628054738045,1.4090629278123379,140.90628054738045,1.4090629278123379,0.0,0.0,0.0,862.001991301775,8.62002008304,0.7760938435792923,0.3603125,0.20286794039771927,nan,nan,nan,nan,nan,nan,nan,nan,nan,nan,17664,-0.0002632666698074715,0.006561572384089232,0.7750401496887207,0.0014264515601098537,0.15424849912524224,0.15424849912524224,0.04382673315703869,0.0007671978844935408,0.004787499958183616,0.9507198333740234,1.0,0.0020528846153846144,9.07211538461539e-05,0,0.75,0.75,0.9375,0.3603125,2.725801726281643,1.2884169721603393,0.2559375,0.8856696844100952
552,1769600,74.71476665139198,0.7471477127075196,74.71476665139198,0.7471477127075196,0.0,0.0,0.0,795.8104774057865,7.958104867935181,1.1693798838555813,0.326875,0.15067669910308829,nan,nan,nan,nan,nan,nan,nan,nan,nan,nan,17696,-0.00020158382824924103,0.007259724242612719,0.7575400531291961,0.0018840619712136685,0.1163468524813652,0.1163468524813652,0.04092543832957744,0.0003974722265460421,0.002093749958294211,0.9519047141075134,1.0,0.0020384615384615376,8.961538461538471e-05,0,0.75,0.75,0.90625,0.326875,2.6638455379009245,1.589583521336317,0.23375,0.9561161130666733
553,1772800,131.19771802425385,1.3119772171974182,131.19771802425385,1.3119772171974182,0.0,0.0,0.0,852.2934287786484,8.52293437242508,0.9047987921535969,0.3490625,0.18325426361980426,nan,nan,nan,nan,nan,nan,nan,nan,nan,nan,17728,-0.00044572573208715994,0.007858939561992883,0.7466174483299255,0.0019725616089999675,0.19707268923521043,0.19707268923521043,0.04580942690372467,0.0005638807731933,0.0036406250321306287,0.9325253367424011,1.0,0.002024038461538461,8.85096153846154e-05,0,0.75,0.75,0.96875,0.3490625,2.706561381816864,1.4024714563786984,0.2434375,0.9020089715719223
554,1776000,20.16046667098999,0.20160466730594634,20.16046667098999,0.20160466730594634,0.0,0.0,0.0,741.2561774253845,7.412561822533608,1.0458756256103516,0.295,0.14419253854299763,nan,nan,nan,nan,nan,nan,nan,nan,nan,nan,17760,-0.00015557508143539955,0.0064327386673539875,0.7511413156986236,0.001551289192866534,0.14829003661870957,0.14829003661870957,0.03462107740342617,0.00046411817093474126,0.0036937500117346644,0.9634034633636475,1.0,0.002009615384615384,8.740384615384621e-05,0,0.75,0.75,0.9375,0.295,2.559083346426487,1.5265030840039253,0.200625,0.9495982593297958
555,1779200,123.70638966560364,1.237064053416252,123.70638966560364,1.237064053416252,0.0,0.0,0.0,844.8021004199982,8.448021208643913,0.8130066223442555,0.335,0.18477593841705778,nan,nan,nan,nan,nan,nan,nan,nan,nan,nan,17792,-0.0005078411112248382,0.006091020768508315,0.7504721462726593,0.0010403330205008387,0.23073172122240065,0.23073172122240065,0.0439922459423542,0.0009402835401539968,0.007149999914690852,0.9398437738418579,1.0,0.001995192307692307,8.629807692307702e-05,0,0.75,0.75,1.0,0.335,2.067072378844023,1.13126860961318,0.2265625,0.9493750411272049
556,1782400,43.80314061045647,0.43803135126829146,43.80314061045647,0.43803135126829146,0.0,0.0,0.0,764.898851364851,7.648988506495953,0.9115274280309678,0.2759375,0.14435445495241395,nan,nan,nan,nan,nan,nan,nan,nan,nan,nan,17824,-0.00042161902430812857,0.006201192177832127,0.7906227946281433,0.001112935785204172,0.2533542260527611,0.2533542260527611,0.050823701173067094,0.0007572410391777802,0.004493750026449561,0.9516850709915161,1.0,0.0019807692307692304,8.519230769230772e-05,0,0.75,0.75,0.90625,0.2759375,2.986685230433941,1.2026087000966073,0.186875,0.89522325694561
557,1785600,9.756798774003983,0.09756787925958633,9.756798774003983,0.09756787925958633,0.0,0.0,0.0,730.8525095283985,7.308525034487248,0.8775121153891087,0.274375,0.14613753900764395,nan,nan,nan,nan,nan,nan,nan,nan,nan,nan,17856,-0.0004944716508529012,0.006135287927463651,0.7635784268379211,0.0010717128054238856,0.28881086856126786,0.28881086856126786,0.039590848982334136,0.0006752212779297615,0.004868749881279655,0.9593679308891296,1.0,0.001966346153846152,8.408653846153841e-05,0,0.75,0.75,0.8125,0.274375,3.5701336699724195,0.9678669402003288,0.2025,0.9188839715719223
558,1788800,116.4595895409584,1.1645958755910397,116.4595895409584,1.1645958755910397,0.0,0.0,0.0,837.5553002953529,8.3755530308187,0.7669680358469486,0.348125,0.1970182781677404,nan,nan,nan,nan,nan,nan,nan,nan,nan,nan,17888,-0.0006559276089072253,0.0071966822259128095,0.7418925762176514,0.0014942962443456054,0.2500143960118294,0.2500143960118294,0.057394742593169214,0.0010499908661636363,0.010049999866168946,0.944034993648529,1.0,0.001951923076923075,8.298076923076922e-05,0,0.75,0.75,0.90625,0.348125,3.277146572172642,1.0569850499927997,0.254375,0.9154464715719223
559,1792000,35.12744438648224,0.35127429842948915,35.12744438648224,0.35127429842948915,0.0,0.0,0.0,756.2231551408768,7.562231453657151,0.9638823637366295,0.28,0.1425747311398281,nan,nan,nan,nan,nan,nan,nan,nan,nan,nan,17920,-0.00019503404927163627,0.006775925494730472,0.7674239993095398,0.0017060447367839514,0.13776651173830032,0.13776651173830032,0.046775654703378675,0.000816022916846916,0.003125000005820766,0.946875274181366,1.0,0.0019374999999999983,8.187500000000003e-05,0,0.75,0.75,0.96875,0.28,3.661751929521561,1.134448316693306,0.2171875,0.9503571832180023
560,1795200,109.5627683699131,1.095627544373274,109.5627683699131,1.095627544373274,0.0,0.0,0.0,830.6584791243076,8.306584699600936,0.7444095069169998,0.32625,0.1870260387290604,73.73159982264042,0.7373159982264041,73.73159982264042,0.7373159982264041,100.0,0.8957985486136749,0.32,0.16879430582643065,0.0,886.8363826423883,17952,-0.0005021986539126555,0.0066461690235883,0.7641898274421692,0.0013512900099158288,0.18617548644542695,0.18617548644542695,0.03990201875567436,0.0009281026488727655,0.0045374999288469555,0.940219521522522,1.0,0.0019230769230769214,8.076923076923072e-05,0,0.75,0.75,0.875,0.32625,2.109441377222538,1.1725775416195392,0.209375,0.9498661142587662
561,1798400,84.74421030282974,0.8474419888854027,84.74421030282974,0.8474419888854027,0.0,0.0,0.0,805.8399210572243,8.058399144113064,0.8559020334482192,0.3228125,0.17393832981594537,nan,nan,nan,nan,nan,nan,nan,nan,nan,nan,17984,-0.00042270257563794547,0.005255470471456647,0.7667775094509125,0.000741519802249968,0.21684580221772193,0.21684580221772193,0.029952790960669516,0.000976345028543681,0.005171874980442226,0.9629679322242737,1.0,0.0019086538461538446,7.966346153846153e-05,0,0.75,0.75,0.90625,0.3228125,2.504859375655651,1.1083745658397675,0.223125,0.9557143247127533
562,1801600,164.49603110551834,1.644960375726223,164.49603110551834,1.644960375726223,0.0,0.0,0.0,885.5917418599129,8.855917530953885,0.6715207137167454,0.3653125,0.21855098593884706,nan,nan,nan,nan,nan,nan,nan,nan,nan,nan,18016,-0.0004649271250935172,0.006153602059930563,0.772803646326065,0.0011480054934509098,0.25046858191490173,0.25046858191490173,0.038475364446640015,0.0007609925434788272,0.005696875007561175,0.9463788866996765,1.0,0.0018942307692307678,7.855769230769233e-05,0,0.75,0.75,0.90625,0.3653125,2.5681342288851736,1.0426606951653958,0.2646875,0.956607186794281
563,1804800,55.385408997535706,0.5538542565703392,55.385408997535706,0.5538542565703392,0.0,0.0,0.0,776.4811197519302,7.764811411798001,1.0756079269945622,0.313125,0.1508594161390579,nan,nan,nan,nan,nan,nan,nan,nan,nan,nan,18048,-0.00036121593060087773,0.005776023818179965,0.7914344429969787,0.001039051474072039,0.22526909932494163,0.22526909932494163,0.033178891986608505,0.0010627843505110735,0.004668750011478551,0.9605608582496643,1.0,0.001879807692307691,7.745192307692314e-05,0,0.75,0.75,0.875,0.313125,2.524981890320778,1.3728511188924313,0.22625,0.9479018318653106
564,1808000,104.81929409503937,1.04819281488657,104.81929409503937,1.04819281488657,0.0,0.0,0.0,825.9150048494339,8.259149970114231,0.7006043681502342,0.3171875,0.18651457443038813,nan,nan,nan,nan,nan,nan,nan,nan,nan,nan,18080,-0.00024927332991211417,0.006223449669778347,0.7698222935199738,0.0014264368219301105,0.1433626301586628,0.1433626301586628,0.0434503547847271,0.000551139811800994,0.003081249981187284,0.9468579292297363,1.0,0.0018653846153846142,7.634615384615384e-05,0,0.75,0.75,0.9375,0.3171875,2.3737426887452604,0.9529167830944061,0.221875,0.9460714679956436
565,1811200,115.29995197057724,1.1529996640980245,115.29995197057724,1.1529996640980245,0.0,0.0,0.0,836.3956627249718,8.363956819325686,0.6145518025755883,0.3371875,0.20884278811129314,nan,nan,nan,nan,nan,nan,nan,nan,nan,nan,18112,-0.0004360624539578417,0.005258827423676849,0.7466930747032166,0.0008112510549835861,0.1992519848048687,0.1992519848048687,0.0350406039506197,0.0007033457532136337,0.0029999999387655407,0.9602855443954468,1.0,0.0018509615384615374,7.524038461538464e-05,0,0.75,0.75,0.9375,0.3371875,2.340065127015114,0.9824899069964885,0.2396875,0.9504464715719223
566,1814400,70.54395306110382,0.7054394540190697,70.54395306110382,0.7054394540190697,0.0,0.0,0.0,791.6396638154984,7.916396609246731,1.117255738005042,0.3265625,0.15423857124964008,nan,nan,nan,nan,nan,nan,nan,nan,nan,nan,18144,-0.0003682297268824186,0.0066613647621124985,0.7369589567184448,0.001608999236486852,0.2822990909218788,0.2822990909218788,0.03503332547843456,0.0008307036598175204,0.006459374981932342,0.9544516205787659,1.0,0.0018365384615384606,7.413461538461545e-05,0,0.75,0.75,0.875,0.3265625,2.259882128238678,1.5340828801691533,0.211875,0.9588839703798294
567,1817600,143.36831504106522,1.433683086335659,143.36831504106522,1.433683086335659,0.0,0.0,0.0,864.4640257954597,8.644640241563321,0.9918422358483077,0.3696875,0.18560079375089333,nan,nan,nan,nan,nan,nan,nan,nan,nan,nan,18176,-0.0004979926319676586,0.007722816290333867,0.7202188193798065,0.0020510937203653155,0.2246823564171791,0.2246823564171791,0.05813165195286274,0.001271216432002256,0.0077218750895553965,0.9220691919326782,1.0,0.0018221153846153838,7.302884615384615e-05,0,0.75,0.75,0.96875,0.3696875,2.064878747463226,1.372274349629879,0.2571875,0.9742857557535172
568,1820800,237.2057210803032,2.3720571917295454,237.2057210803032,2.3720571917295454,0.0,0.0,0.0,958.3014318346977,9.583014346957206,0.6250470915436744,0.4153125,0.25556951682273027,nan,nan,nan,nan,nan,nan,nan,nan,nan,nan,18208,-0.0003569751758652373,0.00486400225199759,0.7302289426326751,0.0007549967034719884,0.13891385793685912,0.13891385793685912,0.036441997066140173,0.0008147268443333038,0.005075000011129305,0.9515743255615234,1.0,0.001807692307692307,7.192307692307695e-05,0,0.75,0.75,1.0,0.4153125,2.0163702657818794,0.7851713046431541,0.2971875,0.9439286184310913
569,1824000,56.008689016103745,0.5600867399573326,56.008689016103745,0.5600867399573326,0.0,0.0,0.0,777.1043997704983,7.771043895184994,0.8401414592564106,0.300625,0.16337059223777317,nan,nan,nan,nan,nan,nan,nan,nan,nan,nan,18240,-0.0005880637654918086,0.006199065037071705,0.7538117468357086,0.0011596813681535422,0.3109490677714348,0.3109490677714348,0.0374188382178545,0.0010712092640515697,0.004478125076275319,0.9462193846702576,1.0,0.0017932692307692302,7.081730769230776e-05,0,0.75,0.75,0.84375,0.300625,3.4289966261386873,1.1140646480023861,0.205625,0.9251786118745804
570,1827200,95.65500921010971,0.9565499889850616,95.65500921010971,0.9565499889850616,0.0,0.0,0.0,816.7507199645042,8.167507144212722,0.776738070845604,0.3215625,0.1809847524947549,nan,nan,nan,nan,nan,nan,nan,nan,nan,nan,18272,-0.0002725626557715799,0.005803277529776096,0.7621065676212311,0.0012734057381749153,0.24339509159326553,0.24339509159326553,0.028058388270437717,0.0006119438156068611,0.004125000024214387,0.9554795026779175,1.0,0.0017788461538461534,6.971153846153846e-05,0,0.75,0.75,0.875,0.3215625,2.460650422871113,1.073858693242073,0.220625,0.927544686794281
571,1830400,147.31019017100334,1.473101931512356,147.31019017100334,1.473101931512356,0.0,0.0,0.0,868.4059009253979,8.684059086740017,0.7235450054705143,0.355,0.20597083271584646,nan,nan,nan,nan,nan,nan,nan,nan,nan,nan,18304,-0.0003911924848857051,0.006270850356668234,0.7657472491264343,0.0013931305380538105,0.22938943058252334,0.22938943058252334,0.040329616889357565,0.0007102395056839492,0.006012499948701589,0.9371265769004822,1.0,0.0017644230769230766,6.860576923076926e-05,0,0.75,0.75,0.9375,0.355,2.4582379031181336,0.8732943339645862,0.2421875,0.9472768270969391
572,1833600,113.00853022933006,1.1300853297114373,113.00853022933006,1.1300853297114373,0.0,0.0,0.0,834.1042409837246,8.341042484939099,0.8047518657892943,0.32625,0.18077277335702713,nan,nan,nan,nan,nan,nan,nan,nan,nan,nan,18336,-0.0002517604502965787,0.0051468088757246734,0.7527509093284607,0.0010043298359960317,0.13833158314228058,0.13833158314228058,0.043409887328743936,0.0005750750806379332,0.003928125054517295,0.9523776173591614,1.0,0.0017499999999999998,6.750000000000007e-05,0,0.75,0.75,0.96875,0.32625,2.762404837012291,0.9441827003657818,0.224375,0.9332143253087998
573,1836800,205.04786986112595,2.050478663146496,205.04786986112595,2.050478663146496,0.0,0.0,0.0,926.1435806155205,9.261435818374157,0.7039518737792969,0.388125,0.2277793205151706,nan,nan,nan,nan,nan,nan,nan,nan,nan,nan,18368,-0.0004509730617981766,0.006158857000991702,0.7633952081203461,0.0013035243609920144,0.2697957053780556,0.2697957053780556,0.042756956070661545,0.0007623130724874548,0.00510937498183921,0.9431236982345581,1.0,0.001735576923076923,6.639423076923087e-05,0,0.75,0.75,0.9375,0.388125,2.4733514922857283,0.886469317227602,0.279375,0.9668750441074372
574,1840000,147.920580804348,1.4792058205604552,147.920580804348,1.4792058205604552,0.0,0.0,0.0,869.0162915587425,8.690162975788116,0.8192990711331367,0.3571875,0.1963324808259966,nan,nan,nan,nan,nan,nan,nan,nan,nan,nan,18400,-0.00024379291596634544,0.007787455664947629,0.7669233858585358,0.002329941769130528,0.13435471802949905,0.13435471802949905,0.05487216524779796,0.00043151670961921924,0.002109374976134859,0.9372841119766235,1.0,0.0017211538461538462,6.528846153846157e-05,0,0.75,0.75,0.84375,0.3571875,2.0728150311112405,1.1345527690649033,0.2453125,0.9359821838140487
575,1843200,34.0410138964653,0.3404101350903511,34.0410138964653,0.3404101350903511,0.0,0.0,0.0,755.1367246508598,7.551367290318012,1.2069100376963615,0.3078125,0.13947668674401603,nan,nan,nan,nan,nan,nan,nan,nan,nan,nan,18432,-0.000314659115666327,0.005858137644827366,0.748740690946579,0.0013365108869038522,0.11975751966238021,0.11975751966238021,0.04285576045513153,0.0005615952228301155,0.0018375000014202668,0.9588289260864258,1.0,0.0017067307692307694,6.418269230769238e-05,0,0.75,0.75,0.84375,0.3078125,3.6851088804006578,1.3721684290468692,0.2146875,0.9006250429153443
576,1846400,155.54927170276642,1.5554927709698676,155.54927170276642,1.5554927709698676,0.0,0.0,0.0,876.644982457161,8.766449926197529,0.8144931054860354,0.374375,0.20632484018158825,nan,nan,nan,nan,nan,nan,nan,nan,nan,nan,18464,-0.0002663107448301116,0.005982132256031036,0.7707137882709503,0.0014204705483280122,0.21323618665337563,0.21323618665337563,0.046994537487626074,0.0006317024326610162,0.005453125003259629,0.9527733325958252,1.0,0.0016923076923076909,6.307692307692308e-05,0,0.75,0.75,0.9375,0.374375,2.9290253481268884,0.9204687460511923,0.2553125,0.9503125429153443
577,1849600,42.44104227423668,0.42441045731306076,42.44104227423668,0.42441045731306076,0.0,0.0,0.0,763.5367530286312,7.635367612540723,0.9627794669568539,0.2925,0.1490233645318798,nan,nan,nan,nan,nan,nan,nan,nan,nan,nan,18496,-0.000343118220352423,0.004998334916308522,0.7222301602363587,0.0009442303329706192,0.20416439399123193,0.20416439399123193,0.04047209210693836,0.00044976040863271155,0.003293750050943345,0.9609524011611938,1.0,0.001677884615384614,6.197115384615388e-05,0,0.75,0.75,0.90625,0.2925,2.6787643201649187,1.1934995184838773,0.189375,0.926964328289032
578,1852800,50.371667593717575,0.5037166038900613,50.371667593717575,0.5037166038900613,0.0,0.0,0.0,771.4673783481121,7.714673759117723,0.7878437764942646,0.29875,0.1671007299003557,nan,nan,nan,nan,nan,nan,nan,nan,nan,nan,18528,-0.0001604771337635702,0.0065536386333405975,0.7530028581619262,0.0018637508503161371,0.13584409207105635,0.13584409207105635,0.04076620228588581,0.0004245403004508266,0.0017531250239699147,0.9509415626525879,1.0,0.0016634615384615373,6.086538461538458e-05,0,0.75,0.75,0.875,0.29875,2.7768866604566576,1.2956095945835113,0.1996875,0.9019643288850784
579,1856000,70.61070424318314,0.7061070203781128,70.61070424318314,0.7061070203781128,0.0,0.0,0.0,791.7064149975777,7.917064175605774,0.6204648119211197,0.3090625,0.1907245981068822,nan,nan,nan,nan,nan,nan,nan,nan,nan,nan,18560,-0.0003043138698587633,0.005599503638222814,0.7701381921768189,0.001225450390484184,0.17045991122722626,0.17045991122722626,0.03335319682955742,0.0006362991358450059,0.002546875030384399,0.9612234234809875,1.0,0.0016490384615384605,5.9759615384615385e-05,0,0.75,0.75,0.84375,0.3090625,2.420592409670353,1.0538504660129546,0.2215625,0.9534821885824204
580,1859200,109.35308334231377,1.0935309076309203,109.35308334231377,1.0935309076309203,0.0,0.0,0.0,830.4487940967083,8.304488062858582,0.8769993980228901,0.3353125,0.17864283832653144,74.98480390012264,0.7498480390012264,74.98480390012264,0.7498480390012264,100.0,0.8836316515645012,0.32,0.16988459486450833,0.0,888.0895867198706,18592,-0.00030432147916297224,0.0070242035202682015,0.752990460395813,0.0019769304897636177,0.1800214469432831,0.1800214469432831,0.03779021240770817,0.0006388853129510079,0.002806249959394336,0.9421995282173157,1.0,0.0016346153846153837,5.865384615384619e-05,0,0.75,0.75,0.9375,0.3353125,2.7898321866989138,1.1991127561032773,0.2465625,0.9328125447034836
581,1862400,137.69644725322723,1.3769644132256509,137.69644725322723,1.3769644132256509,0.0,0.0,0.0,858.7921580076218,8.587921568453313,0.6247045882046223,0.340625,0.2096534979176782,nan,nan,nan,nan,nan,nan,nan,nan,nan,nan,18624,-0.00032471206970221547,0.005438119452446699,0.7696914076805115,0.0011472995742224158,0.23925677835941314,0.23925677835941314,0.030482355691492557,0.0005471806856853614,0.0034781250225933034,0.9536377787590027,1.0,0.0016201923076923069,5.754807692307689e-05,0,0.75,0.75,0.96875,0.340625,2.1787646006047727,0.9074651378393174,0.241875,0.9415178990364075
582,1865600,-16.860955238342285,-0.16860966354608536,-16.860955238342285,-0.16860966354608536,0.0,16.860955238342285,0.16860966354608536,704.2347555160522,7.042347491681576,1.2115566915273666,0.2725,0.12321637561631008,nan,nan,nan,nan,nan,nan,nan,nan,nan,nan,18656,-0.0003013302118110017,0.005574964731931686,0.7567616283893586,0.001270967593882233,0.24471061676740646,0.24471061676740646,0.03550434485077858,0.0007495824702393285,0.006871875026263297,0.9633259773254395,1.0,0.00160576923076923,5.6442307692307694e-05,0,0.75,0.75,0.90625,0.2725,2.098769858777523,1.8432897320389747,0.1996875,0.9462500375509262
583,1868800,25.43616771697998,0.2543616987764835,25.43616771697998,0.2543616987764835,0.0,0.0,0.0,746.5318784713745,7.465318854004145,1.2366114814579487,0.293125,0.1310576300041725,nan,nan,nan,nan,nan,nan,nan,nan,nan,nan,18688,-0.0002559898075283673,0.006126715615391731,0.7100128948688507,0.0016774917137809097,0.1459325708448887,0.1459325708448887,0.04688387811183929,0.0004285502729591213,0.0026093749911524355,0.9539186954498291,1.0,0.0015913461538461533,5.53365384615385e-05,0,0.75,0.75,0.90625,0.293125,3.3519211596250535,1.4806928817927838,0.2046875,0.9220536184310913
584,1872000,107.81708842515945,1.0781708094477653,107.81708842515945,1.0781708094477653,0.0,0.0,0.0,828.912799179554,8.289127964675426,0.693807989731431,0.3396875,0.2005466393235402,nan,nan,nan,nan,nan,nan,nan,nan,nan,nan,18720,-0.00030549017779115675,0.006046885531395674,0.7490753352642059,0.0015367183950729668,0.2725912883877754,0.2725912883877754,0.04193420372903347,0.0009446587850155879,0.008193750039208681,0.9548271298408508,1.0,0.0015769230769230765,5.42307692307692e-05,0,0.75,0.75,0.90625,0.3396875,2.652960279583931,1.1949884976446628,0.243125,0.9242411136627198
585,1875200,136.033558011055,1.3603355941176414,136.033558011055,1.3603355941176414,0.0,0.0,0.0,857.1292687654495,8.571292749345304,0.9748532411456108,0.3525,0.17849427626101216,nan,nan,nan,nan,nan,nan,nan,nan,nan,nan,18752,-0.0002495198941964372,0.007733214227482676,0.7733346164226532,0.002408751891925931,0.25333466976881025,0.25333466976881025,0.04957747273147106,0.0005930292711176911,0.004143750068033114,0.9263095855712891,1.0,0.0015624999999999997,5.3125000000000004e-05,0,0.75,0.75,0.9375,0.3525,2.415993756353855,1.0531969645619392,0.2571875,0.9653125405311584
586,1878400,40.20017945766449,0.4020018869638443,40.20017945766449,0.4020018869638443,0.0,0.0,0.0,761.295890212059,7.612959042191505,1.0667087645828723,0.304375,0.1472752258160731,nan,nan,nan,nan,nan,nan,nan,nan,nan,nan,18784,-0.00021040603920119416,0.0059138966724276544,0.7452822387218475,0.0015927880071103574,0.08970841392874718,0.08970841392874718,0.0391132265329361,0.0002569890410134247,0.0002906250061641913,0.9557382464408875,1.0,0.0015480769230769229,5.201923076923081e-05,0,0.75,0.75,0.875,0.304375,2.6127855291962625,1.2639737242460252,0.2071875,0.9479464685916901
587,1881600,-1.238283634185791,-0.012383002042770385,-1.238283634185791,-0.012383002042770385,0.0,1.238283634185791,0.012383002042770385,719.8574271202087,7.198574153184891,1.1319168255478145,0.270625,0.12693975522729906,nan,nan,nan,nan,nan,nan,nan,nan,nan,nan,18816,-0.0003200025892351022,0.0052269114647060634,0.7363974392414093,0.001164074440021068,0.24933289289474486,0.24933289289474486,0.03440685495734215,0.0005743289765679992,0.005946874973597005,0.9619191884994507,1.0,0.001533653846153846,5.0913461538461616e-05,0,0.75,0.75,0.78125,0.270625,3.4714681813120842,1.339748044013977,0.186875,0.925178616642952
588,1884800,155.5001670718193,1.5550016358494758,155.5001670718193,1.5550016358494758,0.0,0.0,0.0,876.5958778262138,8.765958791077137,0.8896217069029808,0.369375,0.19547563337711218,nan,nan,nan,nan,nan,nan,nan,nan,nan,nan,18848,-0.00030289363612823195,0.006949519971385598,0.7456293404102325,0.0020390833262354134,0.24245624393224716,0.24245624393224716,0.06603171192109585,0.0005854280480029502,0.0036062500439584255,0.9428632259368896,1.0,0.0015192307692307692,4.980769230769231e-05,0,0.75,0.75,0.96875,0.369375,2.2855219796299933,1.129866227209568,0.2515625,0.9558482527732849
589,1888000,124.03030878305435,1.2403030227124692,124.03030878305435,1.2403030227124692,0.0,0.0,0.0,845.1260195374489,8.451260177940132,0.8046550868451595,0.336875,0.1866700193602724,nan,nan,nan,nan,nan,nan,nan,nan,nan,nan,18880,-0.0003382021898287402,0.005266454862430691,0.7002181112766266,0.0012413316173478961,0.17669303789734842,0.17669303789734842,0.0378040749579668,0.0006363072356233618,0.0031468750385101885,0.9511761665344238,1.0,0.0015048076923076924,4.870192307692312e-05,0,0.75,0.75,1.0,0.336875,3.1809425815939902,0.9503790672123432,0.2403125,0.9379464697837829
590,1891200,86.9215977191925,0.8692159363627434,86.9215977191925,0.8692159363627434,0.0,0.0,0.0,808.017308473587,8.080173091590405,0.8487140340358019,0.32125,0.17376943869393413,nan,nan,nan,nan,nan,nan,nan,nan,nan,nan,18912,-8.511187530606535e-05,0.0058241680730134245,0.7428601861000061,0.0017198247485794127,0.10938682556152343,0.10938682556152343,0.03236263263970614,0.0003024791336476692,0.0010125000113475834,0.9536682963371277,1.0,0.0014903846153846156,4.7596153846153925e-05,0,0.75,0.75,0.90625,0.32125,2.693738508224487,1.307268281877041,0.24125,0.9318750411272049
591,1894400,32.77604305744171,0.3277603657543659,32.77604305744171,0.3277603657543659,0.0,0.0,0.0,753.8717538118362,7.538717520982027,1.3089966715872288,0.3125,0.1353401691069499,nan,nan,nan,nan,nan,nan,nan,nan,nan,nan,18944,-0.00021427816434007596,0.007350347144529224,0.7444429576396943,0.002362126251682639,0.17650096267461776,0.17650096267461776,0.04483010731637478,0.0004806352599237595,0.0031218749805702827,0.9498113989830017,1.0,0.0014759615384615388,4.649038461538462e-05,0,0.75,0.75,0.8125,0.3125,3.2018082162737844,1.6346677121520043,0.2115625,0.9550893294811249
592,1897600,201.15366387367249,2.0115366476774215,201.15366387367249,2.0115366476774215,0.0,0.0,0.0,922.249374628067,9.222493802905083,0.6517592377215624,0.3928125,0.23781462275449164,nan,nan,nan,nan,nan,nan,nan,nan,nan,nan,18976,-0.0004111371776904349,0.005833239201456309,0.7445809423923493,0.001417248707730323,0.2172846868634224,0.2172846868634224,0.04271999150514603,0.000763098739485423,0.0058874999784165995,0.9416604042053223,1.0,0.0014615384615384603,4.538461538461543e-05,0,0.75,0.75,0.9375,0.3928125,2.1577948468923567,1.2538692653179169,0.2728125,0.8947321850061417
593,1900800,143.74430066347122,1.4374429711699486,143.74430066347122,1.4374429711699486,0.0,0.0,0.0,864.8400114178658,8.64840012639761,0.6512234257161618,0.3559375,0.21555986576778627,nan,nan,nan,nan,nan,nan,nan,nan,nan,nan,19008,-0.0003591334907250499,0.005951043637469411,0.7629410922527313,0.001512324484065175,0.17714405283331872,0.17714405283331872,0.032986880466341975,0.0006687172304786442,0.0033906250602740327,0.9443976879119873,1.0,0.0014471153846153835,4.4278846153846235e-05,0,0.75,0.75,0.96875,0.3559375,2.0144183982908728,1.019481587037444,0.2359375,0.9475446856021881
594,1904000,66.1871175467968,0.6618713647127151,66.1871175467968,0.6618713647127151,0.0,0.0,0.0,787.2828283011913,7.872828519940376,0.8406274276971817,0.320625,0.1741933186343613,nan,nan,nan,nan,nan,nan,nan,nan,nan,nan,19040,-0.0002812701930757555,0.005733928130939603,0.7394542038440705,0.0015262835426256061,0.2774176403880119,0.2774176403880119,0.045567991212010384,0.00047053146282040976,0.0036374999675899745,0.9517813920974731,1.0,0.0014326923076923067,4.317307692307693e-05,0,0.75,0.75,0.90625,0.320625,2.7630815228819845,1.3444410637766122,0.2125,0.9225446856021882
595,1907200,79.4381753206253,0.7943818998336792,79.4381753206253,0.7943818998336792,0.0,0.0,0.0,800.5338860750198,8.005339055061341,1.2793343313783407,0.334375,0.1466985318462691,nan,nan,nan,nan,nan,nan,nan,nan,nan,nan,19072,-0.00018997451111495421,0.0057115959469228985,0.7297563135623932,0.0016308325808495282,0.20761793628334999,0.20761793628334999,0.03421019092202186,0.0005985949694198577,0.005181250010355143,0.9560497999191284,1.0,0.00141826923076923,4.206730769230763e-05,0,0.75,0.75,0.9375,0.334375,2.7589048171043395,1.5326448215544224,0.216875,0.9550446873903274
596,1910400,7.132248789072037,0.0713224495947361,7.132248789072037,0.0713224495947361,0.0,0.0,0.0,728.2279595434666,7.2822796048223974,1.028413048684597,0.2921875,0.14404733798645214,nan,nan,nan,nan,nan,nan,nan,nan,nan,nan,19104,-0.0002725606912775902,0.005715074110776186,0.7376797616481781,0.0015493874438107015,0.26560354232788086,0.26560354232788086,0.04038937650620937,0.0005536280155914274,0.003959375013801036,0.9601792693138123,1.0,0.001403846153846153,4.0961538461538436e-05,0,0.75,0.75,0.75,0.2921875,4.2418883126974105,1.1957991386950015,0.20875,0.9369196832180023
597,1913600,168.537645727396,1.68537640735507,168.537645727396,1.68537640735507,0.0,0.0,0.0,889.6333564817905,8.896333562582731,0.9378324473649263,0.3759375,0.19399897060821825,nan,nan,nan,nan,nan,nan,nan,nan,nan,nan,19136,-0.0002869166608652662,0.00556101524271071,0.7402233302593231,0.0014651076053269207,0.1716630294919014,0.1716630294919014,0.03702892661094666,0.0004065794798461366,0.001674999954047962,0.9490586519241333,1.0,0.0013894230769230763,3.985576923076924e-05,0,0.75,0.75,0.96875,0.3759375,2.5930236119031904,1.23739525988698,0.25,0.8953125429153442
598,1916800,111.0290629863739,1.1102908144891261,111.0290629863739,1.1102908144891261,0.0,0.0,0.0,832.1247737407684,8.321247969716788,0.8276077146828175,0.3378125,0.18483862662980036,nan,nan,nan,nan,nan,nan,nan,nan,nan,nan,19168,-0.00033788947980211147,0.006528712576255202,0.7347047507762909,0.001916247804183513,0.21603278815746307,0.21603278815746307,0.03307771012187004,0.0006120504473120956,0.003974999967613258,0.9416773319244385,1.0,0.0013749999999999995,3.875000000000005e-05,0,0.75,0.75,0.96875,0.3378125,2.827405849993229,1.200493791550398,0.21125,0.929375039935112
599,1920000,145.30190527439117,1.4530190217494965,145.30190527439117,1.4530190217494965,0.0,0.0,0.0,866.3976160287857,8.663976176977158,0.7264983212202787,0.36375,0.21068656455043855,nan,nan,nan,nan,nan,nan,nan,nan,nan,nan,19200,-0.0001269550817916354,0.006009476957842708,0.7450844466686248,0.0018640386988408864,0.15385087355971336,0.15385087355971336,0.034830834716558456,0.0003784558877715968,0.002656249958090484,0.9491292238235474,1.0,0.0013605769230769227,3.7644230769230745e-05,0,0.75,0.75,0.90625,0.36375,2.1853621196746826,1.1720499449968338,0.255,0.9475893241167068
600,1923200,41.66802376508713,0.416680346429348,41.66802376508713,0.416680346429348,0.0,0.0,0.0,762.7637345194817,7.627637501657009,0.8935406169295311,0.2840625,0.15001658663156708,74.28438110649586,0.7428438110649586,74.28438110649586,0.7428438110649586,100.0,0.8856988658942282,0.32,0.1696983573505258,0.0,887.3891639262438,19232,-0.00018201304587127652,0.0057306279428303245,0.7385839641094207,0.0016890533384867012,0.14502438232302667,0.14502438232302667,0.038037711009383204,0.0003232841279033754,0.0025624999248975654,0.957642674446106,1.0,0.0013461538461538459,3.653846153846155e-05,0,0.75,0.75,0.90625,0.2840625,2.522041955590248,1.6551140519976615,0.200625,0.9040178978443145
601,1926400,130.23775392770767,1.3023774148523808,130.23775392770767,1.3023774148523808,0.0,0.0,0.0,851.3334646821022,8.513334570080042,0.8577572181075811,0.348125,0.18738993266010306,nan,nan,nan,nan,nan,nan,nan,nan,nan,nan,19264,-0.00020262656341945017,0.0058349727652966974,0.7280965983867645,0.0017452312167733908,0.11393233463168144,0.11393233463168144,0.03769581280648708,0.00018973878741725329,0.001012499994249083,0.9439104199409485,1.0,0.001331730769230769,3.543269230769236e-05,0,0.75,0.75,0.96875,0.348125,2.7151064333319663,1.1235942777991295,0.239375,0.9558929038047791
602,1929600,94.11854833364487,0.94118547976017,94.11854833364487,0.94118547976017,0.0,0.0,0.0,815.2142590880394,8.15214263498783,0.9644875657558442,0.3321875,0.16909625990541183,nan,nan,nan,nan,nan,nan,nan,nan,nan,nan,19296,-0.00029517107071583835,0.004873538855463266,0.764931458234787,0.0011339482618495822,0.17256446927785873,0.17256446927785873,0.03677327111363411,0.0004545545814886124,0.0026281250226020346,0.963874101638794,1.0,0.0013173076923076905,3.4326923076923054e-05,0,0.75,0.75,0.90625,0.3321875,2.4503061267733575,1.3705774627625942,0.236875,0.9345982605218888
603,1932800,103.02253365516663,1.0302254754304885,103.02253365516663,1.0302254754304885,0.0,0.0,0.0,824.1182444095612,8.24118263065815,0.9657771564275026,0.3409375,0.17343649501940567,nan,nan,nan,nan,nan,nan,nan,nan,nan,nan,19328,-0.00013532235698878736,0.006119505828246474,0.7489450216293335,0.001948641543276608,0.14111643955111502,0.14111643955111502,0.05171887688338757,0.0003310924814334577,0.0008406249919062248,0.9512397646903992,1.0,0.0013028846153846137,3.322115384615386e-05,0,0.75,0.75,0.96875,0.3409375,2.9969386050105093,1.2739984194934368,0.2409375,0.9631250387430191
604,1936000,64.39237782359123,0.6439236173778773,64.39237782359123,0.6439236173778773,0.0,0.0,0.0,785.4880885779858,7.854880772605538,1.0473609071969987,0.31,0.1514144374400578,nan,nan,nan,nan,nan,nan,nan,nan,nan,nan,19360,-0.0002624944498236914,0.004466707818210125,0.742190420627594,0.00101457565324381,0.23449331372976304,0.23449331372976304,0.03079113643616438,0.00037236972089487683,0.002465624983597081,0.9651151299476624,1.0,0.001288461538461537,3.2115384615384666e-05,0,0.75,0.75,0.875,0.31,2.599249367415905,1.331446557343006,0.22375,0.9511607563495637
605,1939200,145.74051189422607,1.457405156493187,145.74051189422607,1.457405156493187,0.0,0.0,0.0,866.8362226486206,8.668362311720848,0.6727816686779261,0.3640625,0.21763898231126294,nan,nan,nan,nan,nan,nan,nan,nan,nan,nan,19392,-0.00032718419575248345,0.005446799611672759,0.7181137681007386,0.0014813110465183854,0.28708973303437235,0.28708973303437235,0.033317384868860246,0.00046406152906042637,0.004556249978486448,0.954261064529419,1.0,0.0012740384615384601,3.1009615384615364e-05,0,0.75,0.75,0.875,0.3640625,2.311143051981926,0.9899457709491253,0.2465625,0.9416964703798294
606,1942400,32.969478875398636,0.329694601893425,32.969478875398636,0.329694601893425,0.0,0.0,0.0,754.0651896297932,7.540651757121086,1.1902629666775466,0.3040625,0.13882465467662017,nan,nan,nan,nan,nan,nan,nan,nan,nan,nan,19424,-0.00020947880894457428,0.005991901224479079,0.7171607375144958,0.0018831250839866699,0.25551306903362275,0.25551306903362275,0.036885945871472356,0.00032380623279557914,0.0026874999719439076,0.9535064697265625,1.0,0.0012596153846153833,2.990384615384617e-05,0,0.75,0.75,0.9375,0.3040625,2.5527614071965217,1.7346702080965042,0.21125,0.9244196838140488
607,1945600,131.44650465250015,1.3144651854038238,131.44650465250015,1.3144651854038238,0.0,0.0,0.0,852.5422154068947,8.525422340631485,1.1653834351897239,0.3659375,0.16899431946007187,nan,nan,nan,nan,nan,nan,nan,nan,nan,nan,19456,-9.1506027165833e-05,0.005334169883280992,0.7359560072422028,0.0016591722727753223,0.15346335470676423,0.15346335470676423,0.032614991813898084,0.0002399082804052766,0.0005093749950901838,0.9477173686027527,1.0,0.0012451923076923065,2.8798076923076976e-05,0,0.75,0.75,0.9375,0.3659375,2.810080993771553,1.4006890299916268,0.26375,0.9204464679956437
608,1948800,115.12913012504578,1.1512912878394126,115.12913012504578,1.1512912878394126,0.0,0.0,0.0,836.2248408794403,8.362248443067074,0.9235844688117504,0.3509375,0.18243934991676425,nan,nan,nan,nan,nan,nan,nan,nan,nan,nan,19488,-0.00015092444644544402,0.0051685337908566,0.6982820332050323,0.0015739183872938156,0.12513399124145508,0.12513399124145508,0.03813159316778183,0.00020049656091522316,0.0011593750150495907,0.9530113339424133,1.0,0.0012307692307692297,2.769230769230778e-05,0,0.75,0.75,0.9375,0.3509375,2.6776970997452736,1.2834753271937371,0.229375,0.9254018270969391
609,1952000,152.39423966407776,1.523942594975233,152.39423966407776,1.523942594975233,0.0,0.0,0.0,873.4899504184723,8.734899750202894,0.8741145444661379,0.3659375,0.19525887629469377,nan,nan,nan,nan,nan,nan,nan,nan,nan,nan,19520,-9.135675307554436e-05,0.0064249073155224325,0.7268270969390869,0.0022370235994458197,0.12488143965601921,0.12488143965601921,0.03901923634111881,0.00018238099674397552,0.0002468749993568053,0.9430428147315979,1.0,0.001216346153846153,2.658653846153848e-05,0,0.75,0.75,0.9375,0.3659375,2.2428983318805695,1.2879564712941647,0.2478125,0.9359375417232514
610,1955200,129.9705475270748,1.2997055706381797,129.9705475270748,1.2997055706381797,0.0,0.0,0.0,851.0662582814693,8.510662725865842,0.7583654779195785,0.3478125,0.19780444075341871,nan,nan,nan,nan,nan,nan,nan,nan,nan,nan,19552,-0.00017468011198578103,0.006443318817764521,0.7311890244483947,0.002168146288022399,0.23471715599298476,0.23471715599298476,0.04465751014649868,0.00025082257703189513,0.0014312500003143213,0.9357718825340271,1.0,0.0012019230769230761,2.5480769230769285e-05,0,0.75,0.75,0.9375,0.3478125,2.8259833924472333,0.9687786132097245,0.2490625,0.9423661106824874
611,1958400,162.42571431398392,1.6242572790384293,162.42571431398392,1.6242572790384293,0.0,0.0,0.0,883.5214250683784,8.83521443426609,0.8348250590264797,0.3709375,0.20216505010936126,nan,nan,nan,nan,nan,nan,nan,nan,nan,nan,19584,-8.559210329295297e-05,0.005296257045120001,0.71874440908432,0.0017090274137444793,0.17605141252279283,0.17605141252279283,0.0452597726136446,0.00011405374653436723,0.0003093749968684278,0.9509873986244202,1.0,0.0011874999999999993,2.437500000000009e-05,0,0.75,0.75,0.96875,0.3709375,2.2988839080929755,1.3211543816328049,0.26625,0.9040625441074371
612,1961600,130.26430654525757,1.302643114477396,130.26430654525757,1.302643114477396,0.0,0.0,0.0,851.3600172996521,8.513600269705057,0.8779147989302873,0.364375,0.19403169952521712,nan,nan,nan,nan,nan,nan,nan,nan,nan,nan,19616,-0.00022605082726222524,0.005494172219187021,0.7156581282615662,0.0016815132461488248,0.23125486448407173,0.23125486448407173,0.03299976214766502,0.0004638865481010069,0.004187499938416295,0.9566662311553955,1.0,0.0011730769230769225,2.326923076923079e-05,0,0.75,0.75,0.875,0.364375,2.5886494064331056,1.2366539606451987,0.259375,0.9474107563495636
613,1964800,127.14260137081146,1.2714259749650956,127.14260137081146,1.2714259749650956,0.0,0.0,0.0,848.238312125206,8.482383130192757,0.6217733484506607,0.3440625,0.212152025021681,nan,nan,nan,nan,nan,nan,nan,nan,nan,nan,19648,-0.00017810595392366845,0.005956529453396797,0.7430221974849701,0.0019392531947232782,0.2019786611199379,0.2019786611199379,0.0391848299652338,0.00025540339338958276,0.0016093749756691978,0.9472784996032715,1.0,0.0011586538461538457,2.2163461538461595e-05,0,0.75,0.75,0.90625,0.3440625,2.929632790386677,0.8533568979799747,0.2415625,0.9628125435113907
614,1968000,80.00829899311066,0.8000827538967132,80.00829899311066,0.8000827538967132,0.0,0.0,0.0,801.1040097475052,8.011039909124374,0.9976599222421646,0.32625,0.163316086170372,nan,nan,nan,nan,nan,nan,nan,nan,nan,nan,19680,-0.00011027939353080995,0.005509697366505861,0.750575041770935,0.0017857382306829094,0.1503233201801777,0.1503233201801777,0.03841417133808136,0.00023472589610280624,0.0014281250005296897,0.9560960531234741,1.0,0.001144230769230769,2.10576923076924e-05,0,0.75,0.75,0.9375,0.32625,2.2176259645819663,1.4281268064677715,0.218125,0.9380804002285004
615,1971200,101.38878512382507,1.0138878379762173,101.38878512382507,1.0138878379762173,0.0,0.0,0.0,822.4844958782196,8.22484499320388,0.9862540780007839,0.339375,0.1708618266710318,nan,nan,nan,nan,nan,nan,nan,nan,nan,nan,19712,-0.00017713830400749585,0.005730518139898777,0.7219185352325439,0.001872491731774062,0.1786956511437893,0.1786956511437893,0.03626707196235657,0.00014052168808631617,0.0005406250067608199,0.9587001204490662,1.0,0.0011298076923076904,1.9951923076923098e-05,0,0.75,0.75,0.9375,0.339375,2.7007046541571618,1.358711896389723,0.2309375,0.9483482563495635
616,1974400,0.13604727387428284,0.0013603666424751282,0.13604727387428284,0.0013603666424751282,0.0,0.0,0.0,721.2317580282688,7.212317521870137,1.0099579480290413,0.2725,0.13557497571887647,nan,nan,nan,nan,nan,nan,nan,nan,nan,nan,19744,-0.0001884331209803136,0.0069889959413558245,0.7037374377250671,0.002521126950159669,0.18486979305744172,0.18486979305744172,0.051918459311127665,0.0002302555003146886,0.0010437499950057827,0.9438859820365906,1.0,0.0011153846153846136,1.8846153846153796e-05,0,0.75,0.75,0.875,0.2725,3.2065796917676925,1.221211892813444,0.191875,0.9158036142587662
617,1977600,83.92523670196533,0.8392524665594101,83.92523670196533,0.8392524665594101,0.0,0.0,0.0,805.0209474563599,8.050209621787072,0.9770600706338882,0.328125,0.16596612559920648,nan,nan,nan,nan,nan,nan,nan,nan,nan,nan,19776,-0.00021015126726418032,0.004633152997121215,0.7256972014904022,0.001307460491079837,0.20032569915056228,0.20032569915056228,0.028864334523677825,0.0003236009744847941,0.0022343749871652106,0.9677364230155945,1.0,0.0011009615384615368,1.77403846153846e-05,0,0.75,0.75,0.96875,0.328125,2.5456568713486196,1.2330841094255447,0.2240625,0.9596429026126861
618,1980800,123.70900475978851,1.2370901051163674,123.70900475978851,1.2370901051163674,0.0,0.0,0.0,844.804715514183,8.44804726034403,1.036357343494892,0.354375,0.17402397527724925,nan,nan,nan,nan,nan,nan,nan,nan,nan,nan,19808,-0.00016326325357223225,0.005736830830574036,0.7211237728595734,0.0019216234679333866,0.14590533301234246,0.14590533301234246,0.039524666219949725,0.00020099797021007755,0.0004593750138155883,0.950926661491394,1.0,0.00108653846153846,1.6634615384615407e-05,0,0.75,0.75,0.96875,0.354375,2.84923888027668,1.2011788541078567,0.25375,0.9141071844100952
619,1984000,215.18511626124382,2.1518512296676637,215.18511626124382,2.1518512296676637,0.0,0.0,0.0,936.2808270156384,9.362808384895326,0.506854799464345,0.405,0.2687717490391038,nan,nan,nan,nan,nan,nan,nan,nan,nan,nan,19840,-5.505933774072602e-05,0.005482896184548736,0.7416203141212463,0.0018912862404249608,0.1057714894413948,0.1057714894413948,0.04842302054166794,8.010550105262975e-05,0.0,0.9421231150627136,1.0,0.0010721153846153832,1.5528846153846213e-05,0,0.75,0.75,0.9375,0.405,2.6997222939133643,0.6101347418129444,0.285625,0.9460268265008926
620,1987200,102.56267142295837,1.0256267547607423,102.56267142295837,1.0256267547607423,0.0,0.0,0.0,823.6583821773529,8.236583909988404,0.8813306445628405,0.3346875,0.17789935063635262,74.54350574314594,0.7454350574314594,74.54350574314594,0.7454350574314594,100.0,0.8820509564084932,0.32,0.17002727737545115,0.0,887.6482885628939,19872,-6.751389557630993e-05,0.004764944920316339,0.7291250467300415,0.0015437685302458703,0.11805785223841667,0.11805785223841667,0.022422328777611255,3.0735268119809594e-05,0.0,0.9570184350013733,1.0,0.0010576923076923064,1.4423076923076911e-05,0,0.75,0.75,0.96875,0.3346875,3.119642870426178,1.277335032224655,0.24625,0.9480804020166397
621,1990400,101.88765034079552,1.0188764633238316,101.88765034079552,1.0188764633238316,0.0,0.0,0.0,822.98336109519,8.229833618551494,0.9651889769732952,0.3446875,0.1753966178514159,nan,nan,nan,nan,nan,nan,nan,nan,nan,nan,19904,-0.00017003164615889688,0.004383674031123519,0.708835220336914,0.0012822993914596737,0.1689114414155483,0.1689114414155483,0.03022486940026283,0.00016624524326323449,0.000184374995296821,0.9643802642822266,1.0,0.0010432692307692296,1.3317307692307717e-05,0,0.75,0.75,0.90625,0.3446875,3.0334381487965585,1.256987682878971,0.253125,0.9292857593297958
622,1993600,146.09301626682281,1.4609300860762595,146.09301626682281,1.4609300860762595,0.0,0.0,0.0,867.1887270212173,8.67188724130392,0.7214000998437404,0.34875,0.20259671184616387,nan,nan,nan,nan,nan,nan,nan,nan,nan,nan,19936,-9.335346348962048e-05,0.005159946763888002,0.7577460646629334,0.0017070158384740353,0.19318027645349503,0.19318027645349503,0.037600128725171086,0.00014810365515176903,0.000768749974668026,0.9481258392333984,1.0,0.0010288461538461528,1.2211538461538523e-05,0,0.75,0.75,0.96875,0.34875,2.6348324421048166,1.112622613683343,0.2615625,0.9254911106824875
623,1996800,133.6426795721054,1.3364267463982105,133.6426795721054,1.3364267463982105,0.0,0.0,0.0,854.7383903264999,8.547383901625873,0.8901268865168095,0.36,0.19046340357785202,nan,nan,nan,nan,nan,nan,nan,nan,nan,nan,19968,-2.4737811053832104e-05,0.005449302541092038,0.6905764639377594,0.0019993767607957126,0.1123161680996418,0.1123161680996418,0.0317824000492692,2.324582631489296e-05,0.0,0.9523572325706482,1.0,0.001014423076923076,1.110576923076922e-05,0,0.75,0.75,0.9375,0.36,2.389415252506733,1.2932496589422227,0.246875,0.9412946885824204
624,2000000,78.58990412950516,0.7858988945186138,78.58990412950516,0.7858988945186138,0.0,0.0,0.0,799.6856148838997,7.996856049746276,0.9483923607319593,0.3265625,0.16760612830432117,74.23061263561249,0.7423061263561249,74.23061263561249,0.7423061263561249,100.0,0.8868716625869274,0.32,0.16959288029227995,0.0,887.3353954553604,20000,-9.770104843989102e-05,0.005939050344750285,0.7392878353595733,0.002132536261342466,0.14509961530566215,0.14509961530566215,0.04788047522306442,7.195884598383117e-05,5.312499924912117e-05,0.9500561952590942,1.0,0.0009999999999999992,1.0000000000000026e-05,0,0.75,0.75,0.90625,0.3265625,2.0023957288265226,1.9554384344816207,0.2121875,0.935535758137703
