iter,global_step,episode_return,mean_step_reward,optimized_episode_return,optimized_mean_step_reward,reward_shift,episode_return_gap_to_zero,mean_step_reward_gap_to_zero,episode_return_delta_from_start,mean_step_reward_delta_from_start,pursuer_target_distance,capture,task_score,eval_mean_return,eval_mean_step_reward,eval_optimized_mean_return,eval_optimized_mean_step_reward,eval_mean_episode_length,eval_pursuer_target_distance,eval_capture,eval_task_score,eval_return_gap_to_zero,eval_return_delta_from_start,episodes_completed,policy_loss,value_loss,entropy,total_loss,grad_norm,actor_grad_norm,critic_grad_norm,approx_kl,clipfrac,explained_variance,mean_ratio_epoch0,entropy_coef,lr,seed,alpha,env_alpha,capture_rate
0,3200,-810.6256380081177,-8.106256456375123,-810.6256380081177,-8.106256456375123,0.0,810.6256380081177,8.106256456375123,0.0,0.0,3.984578223228455,0.0,0.0,-567.0199098587036,-5.6701990985870365,-567.0199098587036,-5.6701990985870365,100.0,2.537285335659981,0.0,0.0,567.0199098587036,0.0,32,-0.0017625065292932618,0.653821861743927,1.606125009059906,0.3090871751308441,0.05615413766354323,0.05615413766354323,0.2097510166466236,0.0035028873055125585,0.018406249955296515,-0.45479071140289307,1.0,0.01,0.0007,1,1.0,1.0,0.0
1,6400,-779.4321956634521,-7.794321966171265,-779.4321956634521,-7.794321966171265,0.0,779.4321956634521,7.794321966171265,31.193442344665527,0.3119344902038579,3.9866533184051516,0.0,0.0,nan,nan,nan,nan,nan,nan,nan,nan,nan,nan,64,-0.0016781654025209037,0.46056453585624696,1.603879201412201,0.21258844435214996,0.035790813714265825,0.035790813714265825,0.27020453065633776,0.0025585605326341465,0.01131250016624108,0.2814897298812866,1.0,0.009985576923076923,0.0006988942307692308,1,1.0,1.0,0.0
2,9600,-825.8323125839233,-8.258323259353638,-825.8323125839233,-8.258323259353638,0.0,825.8323125839233,8.258323259353638,-15.206674575805664,-0.15206680297851527,4.169234013557434,0.0,0.0,nan,nan,nan,nan,nan,nan,nan,nan,nan,nan,96,-0.0018154745593420784,0.4713820248842239,1.6027808427810668,0.21789396405220032,0.05113556236028671,0.05113556236028671,0.27965263873338697,0.0028581826707522852,0.02470312505029142,0.30317223072052,1.0,0.009971153846153847,0.0006977884615384615,1,1.0,1.0,0.0
3,12800,-900.6903123855591,-9.006903343200683,-900.6903123855591,-9.006903343200683,0.0,900.6903123855591,9.006903343200683,-90.0646743774414,-0.9006468868255606,4.972388858795166,0.0,0.0,nan,nan,nan,nan,nan,nan,nan,nan,nan,nan,128,-0.0016317804576829076,0.49427359700202944,1.5990935444831849,0.22958327680826188,0.04040122646838427,0.04040122646838427,0.2918063268065453,0.0030150415819662157,0.026762499823234975,0.3633250594139099,1.0,0.00995673076923077,0.0006966826923076923,1,1.0,1.0,0.0
4,16000,-771.7920360565186,-7.717920894622803,-771.7920360565186,-7.717920894622803,0.0,771.7920360565186,7.717920894622803,38.83360195159912,0.38833556175231987,4.34647912979126,0.0,0.0,nan,nan,nan,nan,nan,nan,nan,nan,nan,nan,160,-0.0009433525122702236,0.3254906922578812,1.5969018340110779,0.14592510163784028,0.029866047389805316,0.029866047389805316,0.247006593644619,0.001292509581617196,0.007190625107614324,0.5216378569602966,1.0,0.009942307692307693,0.0006955769230769231,1,1.0,1.0,0.0
5,19200,-870.1179065704346,-8.701178979873657,-870.1179065704346,-8.701178979873657,0.0,870.1179065704346,8.701178979873657,-59.492268562316895,-0.5949225234985338,5.085314621925354,0.0,0.0,nan,nan,nan,nan,nan,nan,nan,nan,nan,nan,192,-0.0009442877687135364,0.4066950619220734,1.599489724636078,0.18652369379997252,0.0348009180277586,0.0348009180277586,0.3097093805670738,0.001506492612315924,0.005446874990593642,0.43517524003982544,1.0,0.009927884615384616,0.0006944711538461538,1,1.0,1.0,0.0
6,22400,-757.1011028289795,-7.571010794639587,-757.1011028289795,-7.571010794639587,0.0,757.1011028289795,7.571010794639587,53.524535179138184,0.5352456617355354,4.107751579284668,0.0,0.0,nan,nan,nan,nan,nan,nan,nan,nan,nan,nan,224,-0.0009037534098141009,0.2685844570398331,1.5914224147796632,0.11761196926236153,0.0356678556650877,0.0356678556650877,0.23072247803211213,0.0015504523384151981,0.01109687508396746,0.6023547649383545,1.0,0.00991346153846154,0.0006933653846153846,1,1.0,1.0,0.0
7,25600,-790.4301013946533,-7.904301085472107,-790.4301013946533,-7.904301085472107,0.0,790.4301013946533,7.904301085472107,20.195536613464355,0.20195537090301574,3.688893358707428,0.0,0.0,nan,nan,nan,nan,nan,nan,nan,nan,nan,nan,256,-0.0007300842213211923,0.3065249055624008,1.5893030047416687,0.13679979741573334,0.028741369023919106,0.028741369023919106,0.2604432091116905,0.001478343580311048,0.006528125073236879,0.4976637363433838,1.0,0.009899038461538463,0.0006922596153846154,1,1.0,1.0,0.0
8,28800,-861.1945943832397,-8.611946125030517,-861.1945943832397,-8.611946125030517,0.0,861.1945943832397,8.611946125030517,-50.56895637512207,-0.5056896686553944,4.232129144668579,0.0,0.0,nan,nan,nan,nan,nan,nan,nan,nan,nan,nan,288,-0.0009172596345248252,0.35381743013858796,1.5904307246208191,0.16027065962553025,0.03150638397783041,0.03150638397783041,0.2838890075683594,0.0013335848092538073,0.001799999998183921,0.5683088302612305,1.0,0.009884615384615384,0.0006911538461538461,1,1.0,1.0,0.0
9,32000,-786.2780447006226,-7.862780394554139,-786.2780447006226,-7.862780394554139,0.0,786.2780447006226,7.862780394554139,24.347593307495117,0.24347606182098414,3.8561723256111144,0.0,0.0,nan,nan,nan,nan,nan,nan,nan,nan,nan,nan,320,-0.0019289584025507622,0.28045078963041303,1.5859635829925538,0.12264267280697823,0.049799350276589396,0.049799350276589396,0.26799628138542175,0.0034548550407635047,0.02285000008996576,0.4991990923881531,1.0,0.009870192307692307,0.0006900480769230769,1,1.0,1.0,0.0
10,35200,-710.2585563659668,-7.102585558891296,-710.2585563659668,-7.102585558891296,0.0,710.2585563659668,7.102585558891296,100.36708164215088,1.0036708974838264,3.5719575834274293,0.0,0.0,nan,nan,nan,nan,nan,nan,nan,nan,nan,nan,352,-0.0014130351524102025,0.19256326109170913,1.578941285610199,0.0793069139122963,0.04625701159238815,0.04625701159238815,0.21343013942241668,0.002715776689001359,0.02158749968511984,0.5879849791526794,1.0,0.00985576923076923,0.0006889423076923077,1,1.0,1.0,0.0
11,38400,-833.8117113113403,-8.338117065429687,-833.8117113113403,-8.338117065429687,0.0,833.8117113113403,8.338117065429687,-23.186073303222656,-0.2318606090545643,3.925404529571533,0.0,0.0,nan,nan,nan,nan,nan,nan,nan,nan,nan,nan,384,-0.0015658676810559769,0.31560733914375305,1.5728496193885804,0.14075884371995925,0.04507593158632517,0.04507593158632517,0.2766138404607773,0.0035843117540935053,0.025290625030174853,0.44463348388671875,1.0,0.009841346153846154,0.0006878365384615384,1,1.0,1.0,0.0
12,41600,-863.4623355865479,-8.634623384475708,-863.4623355865479,-8.634623384475708,0.0,863.4623355865479,8.634623384475708,-52.836697578430176,-0.5283669281005849,4.053150775432587,0.0,0.0,nan,nan,nan,nan,nan,nan,nan,nan,nan,nan,416,-0.0018317772561684542,0.3147672235965729,1.5511410593986512,0.14030888974666594,0.039993052184581754,0.039993052184581754,0.29765610843896867,0.00275191873224685,0.015203124796971678,0.5825220942497253,1.0,0.009826923076923077,0.0006867307692307692,1,1.0,1.0,0.0
13,44800,-777.0188331604004,-7.770188283920288,-777.0188331604004,-7.770188283920288,0.0,777.0188331604004,7.770188283920288,33.606804847717285,0.33606817245483445,3.9730165791511536,0.0,0.0,nan,nan,nan,nan,nan,nan,nan,nan,nan,nan,448,-0.001479810756840738,0.21101170033216476,1.5479034543037415,0.08883723765611648,0.05126890130341053,0.05126890130341053,0.2693861797451973,0.002597463785787113,0.025534374918788672,0.6114180684089661,1.0,0.0098125,0.000685625,1,1.0,1.0,0.0
14,48000,-763.8776178359985,-7.638776063919067,-763.8776178359985,-7.638776063919067,0.0,763.8776178359985,7.638776063919067,46.74802017211914,0.4674803924560553,3.657441244125366,0.0,0.0,nan,nan,nan,nan,nan,nan,nan,nan,nan,nan,480,-0.0011422158024274153,0.19811337441205978,1.5562068939208984,0.08266663700342178,0.039487289264798164,0.039487289264798164,0.25492136776447294,0.0024217126658186315,0.017287499963640585,0.687419056892395,1.0,0.009798076923076923,0.0006845192307692307,1,1.0,1.0,0.0
15,51200,-917.4919776916504,-9.174919300079345,-917.4919776916504,-9.174919300079345,0.0,917.4919776916504,9.174919300079345,-106.86633968353271,-1.0686628437042227,5.034045004844666,0.0,0.0,nan,nan,nan,nan,nan,nan,nan,nan,nan,nan,512,-0.0009622264069740538,0.34033318758010866,1.554234755039215,0.1539982721209526,0.03202007971704006,0.03202007971704006,0.3066792577505112,0.001174944918602705,0.004825000127311796,0.44571781158447266,1.0,0.009783653846153846,0.0006834134615384615,1,1.0,1.0,0.0
16,54400,-879.6982870101929,-8.796982727050782,-879.6982870101929,-8.796982727050782,0.0,879.6982870101929,8.796982727050782,-69.0726490020752,-0.6907262706756594,4.771852321624756,0.0,0.0,nan,nan,nan,nan,nan,nan,nan,nan,nan,nan,544,-0.0010217973672375536,0.3056841462850571,1.556771194934845,0.13661182001233102,0.02866214346140623,0.02866214346140623,0.3062140703201294,0.0019269223063020035,0.0076343748485669495,0.5728591680526733,1.0,0.00976923076923077,0.0006823076923076923,1,1.0,1.0,0.0
17,57600,-833.2587585449219,-8.332587785720825,-833.2587585449219,-8.332587785720825,0.0,833.2587585449219,8.332587785720825,-22.6331205368042,-0.22633132934570277,4.210977725982666,0.0,0.0,nan,nan,nan,nan,nan,nan,nan,nan,nan,nan,576,-0.001015502769610066,0.19065066874027253,1.5538721919059753,0.07915210798382759,0.027452246472239494,0.027452246472239494,0.28307247161865234,0.0012663800665905002,0.004659374986658804,0.7421481013298035,1.0,0.009754807692307693,0.000681201923076923,1,1.0,1.0,0.0
18,60800,-799.071551322937,-7.990715780258179,-799.071551322937,-7.990715780258179,0.0,799.071551322937,7.990715780258179,11.554086685180664,0.11554067611694396,4.581094760894775,0.0,0.0,nan,nan,nan,nan,nan,nan,nan,nan,nan,nan,608,-0.001023271360388378,0.19531208425760269,1.5677558541297913,0.08136222660541534,0.03353706765919924,0.03353706765919924,0.25605918392539023,0.0021432315399579236,0.013968750188359991,0.5956894159317017,1.0,0.009740384615384616,0.0006800961538461538,1,1.0,1.0,0.0
19,64000,-868.9415521621704,-8.68941554069519,-868.9415521621704,-8.68941554069519,0.0,868.9415521621704,8.68941554069519,-58.315914154052734,-0.5831590843200676,4.668165345191955,0.0,0.0,nan,nan,nan,nan,nan,nan,nan,nan,nan,nan,640,-0.001003004919877526,0.2300530806183815,1.5647756814956666,0.09880458861589432,0.029111428558826445,0.029111428558826445,0.28154394775629044,0.0016294777291477659,0.008818749978672713,0.572185754776001,1.0,0.00972596153846154,0.0006789903846153847,1,1.0,1.0,0.0
20,67200,-703.766354560852,-7.037663583755493,-703.766354560852,-7.037663583755493,0.0,703.766354560852,7.037663583755493,106.85928344726562,1.0685928726196297,2.88829674243927,0.0,0.0,-559.4622194766998,-5.594622194766998,-559.4622194766998,-5.594622194766998,100.0,2.865864464044571,0.0,0.0,559.4622194766998,7.557690382003784,672,-0.0009394738470437147,0.07780495584011078,1.5567851543426514,0.022844224888831376,0.03279057927429676,0.03279057927429676,0.19472119063138962,0.0013131676343618893,0.006028124946169555,0.7741546630859375,1.0,0.009711538461538462,0.0006778846153846154,1,1.0,1.0,0.0
21,70400,-854.0691804885864,-8.540691652297973,-854.0691804885864,-8.540691652297973,0.0,854.0691804885864,8.540691652297973,-43.44354248046875,-0.43443519592285007,4.175507192611694,0.0,0.0,nan,nan,nan,nan,nan,nan,nan,nan,nan,nan,704,-0.0012995052489799264,0.19186003059148787,1.548254370689392,0.07961690947413444,0.048921039514243606,0.048921039514243606,0.2849315360188484,0.0024446357740089296,0.02500937501899898,0.557485818862915,1.0,0.009697115384615386,0.0006767788461538462,1,1.0,1.0,0.0
22,73600,-864.0012540817261,-8.640012559890748,-864.0012540817261,-8.640012559890748,0.0,864.0012540817261,8.640012559890748,-53.3756160736084,-0.5337561035156249,4.4769867897033695,0.0,0.0,nan,nan,nan,nan,nan,nan,nan,nan,nan,nan,736,-0.0013214618290657398,0.18055531829595567,1.5502224683761596,0.07394586987793446,0.04166300818324089,0.04166300818324089,0.28085278794169427,0.0028263883374165743,0.021056249912362546,0.517428457736969,1.0,0.009682692307692307,0.000675673076923077,1,1.0,1.0,0.0
23,76800,-837.1207036972046,-8.371206798553466,-837.1207036972046,-8.371206798553466,0.0,837.1207036972046,8.371206798553466,-26.495065689086914,-0.26495034217834323,4.395712385177612,0.0,0.0,nan,nan,nan,nan,nan,nan,nan,nan,nan,nan,768,-0.0011301767444354739,0.1430106319487095,1.5337392926216125,0.055546534806489946,0.03788396455347538,0.03788396455347538,0.2634704254567623,0.0030268681643065066,0.023425000344286673,0.6367229223251343,1.0,0.00966826923076923,0.0006745673076923077,1,1.0,1.0,0.0
24,80000,-824.7265205383301,-8.247265157699585,-824.7265205383301,-8.247265157699585,0.0,824.7265205383301,8.247265157699585,-14.100882530212402,-0.14100870132446275,4.846769309043884,0.0,0.0,nan,nan,nan,nan,nan,nan,nan,nan,nan,nan,800,-0.001340429639024876,0.13793916404247283,1.5244755268096923,0.05291210152208805,0.04595135599374771,0.04595135599374771,0.2593903265893459,0.002610538802400697,0.018868750076217113,0.7822443246841431,1.0,0.009653846153846153,0.0006734615384615385,1,1.0,1.0,0.0
25,83200,-801.2606983184814,-8.012606916427613,-801.2606983184814,-8.012606916427613,0.0,801.2606983184814,8.012606916427613,9.36493968963623,0.09364953994750991,3.553766145706177,0.0,0.0,nan,nan,nan,nan,nan,nan,nan,nan,nan,nan,832,-0.0010219827090125477,0.082625412940979,1.5297902584075929,0.02554442724213004,0.04341054894030094,0.04341054894030094,0.23114383444190026,0.002418449521064758,0.016000000038184227,0.888283908367157,1.0,0.009639423076923077,0.0006723557692307693,1,1.0,1.0,0.0
26,86400,-812.7623281478882,-8.12762315750122,-812.7623281478882,-8.12762315750122,0.0,812.7623281478882,8.12762315750122,-2.136690139770508,-0.021366701126098064,4.3711616563797,0.0,0.0,nan,nan,nan,nan,nan,nan,nan,nan,nan,nan,864,-0.0013044343725312046,0.09844710528850556,1.5490971446037292,0.03300905860960483,0.05307752601802349,0.05307752601802349,0.23530587255954744,0.0027631469842162915,0.022837500064633788,0.8494402170181274,1.0,0.009625,0.00067125,1,1.0,1.0,0.0
27,89600,-801.8402576446533,-8.018402528762817,-801.8402576446533,-8.018402528762817,0.0,801.8402576446533,8.018402528762817,8.785380363464355,0.08785392761230604,4.207110776901245,0.0,0.0,nan,nan,nan,nan,nan,nan,nan,nan,nan,nan,896,-0.0012236477234807807,0.07794741168618202,1.5474069118499756,0.022878585383296013,0.05159614384174347,0.05159614384174347,0.2074636697769165,0.0026024141770903952,0.01781562516698614,0.78998863697052,1.0,0.009610576923076923,0.0006701442307692308,1,1.0,1.0,0.0
28,92800,-770.2486763000488,-7.702486805915832,-770.2486763000488,-7.702486805915832,0.0,770.2486763000488,7.702486805915832,40.37696170806885,0.4037696504592905,3.5845678281784057,0.0,0.0,nan,nan,nan,nan,nan,nan,nan,nan,nan,nan,928,-0.0015614218571688098,0.08847485184669494,1.5475321888923645,0.02782564628869295,0.05043255090713501,0.05043255090713501,0.2540339704602957,0.003371532040182501,0.02084687538444996,0.6686766743659973,1.0,0.009596153846153846,0.0006690384615384616,1,1.0,1.0,0.0
29,96000,-735.3024606704712,-7.353024816513061,-735.3024606704712,-7.353024816513061,0.0,735.3024606704712,7.353024816513061,75.32317733764648,0.7532316398620615,3.011765582561493,0.0,0.0,nan,nan,nan,nan,nan,nan,nan,nan,nan,nan,960,-0.0011451419583754507,0.05522366315126419,1.553024137020111,0.011586030386388302,0.052050034329295156,0.052050034329295156,0.1833837077021599,0.0026415711494337303,0.01939062455203384,0.8301198482513428,1.0,0.00958173076923077,0.0006679326923076923,1,1.0,1.0,0.0
30,99200,-823.0539150238037,-8.230539035797118,-823.0539150238037,-8.230539035797118,0.0,823.0539150238037,8.230539035797118,-12.428277015686035,-0.12428257942199572,4.060965669155121,0.0,0.0,nan,nan,nan,nan,nan,nan,nan,nan,nan,nan,992,-0.0006809152766170002,0.0699594870209694,1.5524829506874085,0.019445746764540674,0.030559061095118523,0.030559061095118523,0.19809273779392242,0.0016555937232624273,0.003659375029383227,0.8260461091995239,1.0,0.009567307692307693,0.0006668269230769231,1,1.0,1.0,0.0
31,102400,-781.5597801208496,-7.815597996711731,-781.5597801208496,-7.815597996711731,0.0,781.5597801208496,7.815597996711731,29.065857887268066,0.29065845966339143,4.230455026626587,0.0,0.0,nan,nan,nan,nan,nan,nan,nan,nan,nan,nan,1024,-0.0007252551537433761,0.07385762073099614,1.5664753913879395,0.021239196322858332,0.028424114175140857,0.028424114175140857,0.2199737586081028,0.000786821006477112,0.0011343749822117389,0.7541036605834961,1.0,0.009552884615384616,0.0006657211538461539,1,1.0,1.0,0.0
32,105600,-757.3755302429199,-7.573755550384521,-757.3755302429199,-7.573755550384521,0.0,757.3755302429199,7.573755550384521,53.250107765197754,0.5325009059906014,3.5833911967277525,0.0,0.0,nan,nan,nan,nan,nan,nan,nan,nan,nan,nan,1056,-0.0015133963220051783,0.0660185631364584,1.558220374584198,0.01663286006078124,0.04918850585818291,0.04918850585818291,0.2146141618490219,0.002417088502988918,0.010440624819602817,0.7797628045082092,1.0,0.009538461538461539,0.0006646153846153846,1,1.0,1.0,0.0
33,108800,-840.2617750167847,-8.402617416381837,-840.2617750167847,-8.402617416381837,0.0,840.2617750167847,8.402617416381837,-29.636137008666992,-0.2963609600067141,4.4120143699645995,0.0,0.0,nan,nan,nan,nan,nan,nan,nan,nan,nan,nan,1088,-0.0012122017011570562,0.08410161212086678,1.5452808618545533,0.026121290493756534,0.040665682032704355,0.040665682032704355,0.23505555391311644,0.0017955714491108665,0.011059374985052273,0.6089682579040527,1.0,0.009524038461538462,0.0006635096153846154,1,1.0,1.0,0.0
34,112000,-890.3064250946045,-8.903064279556274,-890.3064250946045,-8.903064279556274,0.0,890.3064250946045,8.903064279556274,-79.68078708648682,-0.7968078231811511,4.383187794685364,0.0,0.0,nan,nan,nan,nan,nan,nan,nan,nan,nan,nan,1120,-0.0015131648700915435,0.10547256618738174,1.5558603882789612,0.03642748445272446,0.05775457844138145,0.05775457844138145,0.25911344066262243,0.003288938516925555,0.02251562485471368,0.7044193148612976,1.0,0.009509615384615385,0.0006624038461538462,1,1.0,1.0,0.0
35,115200,-766.0343942642212,-7.660343923568726,-766.0343942642212,-7.660343923568726,0.0,766.0343942642212,7.660343923568726,44.591243743896484,0.4459125328063971,3.8797805070877076,0.0,0.0,nan,nan,nan,nan,nan,nan,nan,nan,nan,nan,1152,-0.0008591013689581928,0.0427154503762722,1.5535479664802552,0.005747387278825044,0.03800169937312603,0.03800169937312603,0.16968147456645966,0.00243472584115807,0.01846874989569187,0.7913244962692261,1.0,0.009495192307692309,0.0006612980769230769,1,1.0,1.0,0.0
36,118400,-786.4724960327148,-7.86472490310669,-786.4724960327148,-7.86472490310669,0.0,786.4724960327148,7.86472490310669,24.153141975402832,0.241531553268433,3.3787919902801513,0.0,0.0,nan,nan,nan,nan,nan,nan,nan,nan,nan,nan,1184,-0.0015355672194388604,0.06516353003680705,1.5441116571426392,0.01640683189034462,0.049016741663217546,0.049016741663217546,0.20774494409561156,0.0023493531756685116,0.016646874547586777,0.6681203842163086,1.0,0.00948076923076923,0.0006601923076923077,1,1.0,1.0,0.0
37,121600,-907.475489616394,-9.074755029678345,-907.475489616394,-9.074755029678345,0.0,907.475489616394,9.074755029678345,-96.84985160827637,-0.9684985733032221,4.82669578075409,0.0,0.0,nan,nan,nan,nan,nan,nan,nan,nan,nan,nan,1216,-0.0012816779528979083,0.08474981039762497,1.5370839357376098,0.02654265807941556,0.036947831884026526,0.036947831884026526,0.24415351897478105,0.0020184465109196028,0.016046875237952916,0.7719802260398865,1.0,0.009466346153846153,0.0006590865384615385,1,1.0,1.0,0.0
38,124800,-820.7147302627563,-8.207146987915038,-820.7147302627563,-8.207146987915038,0.0,820.7147302627563,8.207146987915038,-10.089092254638672,-0.10089053153991578,4.350699458122254,0.0,0.0,nan,nan,nan,nan,nan,nan,nan,nan,nan,nan,1248,-0.001144881245575391,0.050117289647459984,1.5316399455070495,0.009436820819973945,0.03714859485626221,0.03714859485626221,0.19664983972907066,0.00243140058737481,0.016159374729613773,0.7757247090339661,1.0,0.009451923076923077,0.0006579807692307692,1,1.0,1.0,0.0
39,128000,-786.3386697769165,-7.863386697769165,-786.3386697769165,-7.863386697769165,0.0,786.3386697769165,7.863386697769165,24.286968231201172,0.2428697586059574,3.5499477434158324,0.0,0.0,nan,nan,nan,nan,nan,nan,nan,nan,nan,nan,1280,-0.0008774021096760621,0.03815336693078279,1.5201067805290223,0.0038532743230462073,0.03603784628212452,0.03603784628212452,0.17822834923863412,0.0022021066586603412,0.014221874857321381,0.8557402491569519,1.0,0.0094375,0.000656875,1,1.0,1.0,0.0
40,131200,-767.4596309661865,-7.6745959615707395,-767.4596309661865,-7.6745959615707395,0.0,767.4596309661865,7.6745959615707395,43.16600704193115,0.4316604948043832,3.6271131253242492,0.0,0.0,-566.13813829422,-5.661381382942199,-566.13813829422,-5.661381382942199,100.0,2.362409151494503,0.0,0.0,566.13813829422,0.8817715644836426,1312,-0.0009082476387906269,0.027215295098721982,1.520914328098297,-0.0016322928480803967,0.034451347403228284,0.034451347403228284,0.1516708478331566,0.0016620661197521258,0.010881249909289181,0.7872937917709351,1.0,0.009423076923076923,0.0006557692307692308,1,1.0,1.0,0.0
41,134400,-811.4150381088257,-8.114150390625,-811.4150381088257,-8.114150390625,0.0,811.4150381088257,8.114150390625,-0.7894001007080078,-0.007893934249876722,4.107343363761902,0.0,0.0,nan,nan,nan,nan,nan,nan,nan,nan,nan,nan,1344,-0.0007151050655522795,0.04010712504386902,1.533179795742035,0.004913299810141325,0.03175521790981293,0.03175521790981293,0.17459876388311385,0.0008843299245199887,0.002287499996236875,0.8794183731079102,1.0,0.009408653846153846,0.0006546634615384615,1,1.0,1.0,0.0
42,137600,-795.1340465545654,-7.951340451240539,-795.1340465545654,-7.951340451240539,0.0,795.1340465545654,7.951340451240539,15.491591453552246,0.15491600513458348,4.470427961349487,0.0,0.0,nan,nan,nan,nan,nan,nan,nan,nan,nan,nan,1376,-0.0011954629017740359,0.029718809947371482,1.5360997200012207,-0.0007665322627872229,0.046623484790325166,0.046623484790325166,0.16217970550060273,0.0024273135961266233,0.015540625236462801,0.8371074199676514,1.0,0.00939423076923077,0.0006535576923076923,1,1.0,1.0,0.0
43,140800,-808.0515508651733,-8.08051519393921,-808.0515508651733,-8.08051519393921,0.0,808.0515508651733,8.08051519393921,2.574087142944336,0.025741262435913015,4.0769559144973755,0.0,0.0,nan,nan,nan,nan,nan,nan,nan,nan,nan,nan,1408,-0.0012528199548953011,0.039892193675041196,1.5371232748031616,0.004275355860590935,0.04099203087389469,0.04099203087389469,0.18388320431113242,0.001995152555173263,0.00759062499855645,0.7956777215003967,1.0,0.009379807692307692,0.000652451923076923,1,1.0,1.0,0.0
44,144000,-863.9012298583984,-8.639012031555175,-863.9012298583984,-8.639012031555175,0.0,863.9012298583984,8.639012031555175,-53.27559185028076,-0.5327555751800528,4.172386674880982,0.0,0.0,nan,nan,nan,nan,nan,nan,nan,nan,nan,nan,1440,-0.00133525437392521,0.035584031604230404,1.5241944313049316,0.002182094659656286,0.05379607453942299,0.05379607453942299,0.17145106047391892,0.0034294399556529243,0.02377187446691096,0.7200180292129517,1.0,0.009365384615384616,0.0006513461538461538,1,1.0,1.0,0.0
45,147200,-802.1879892349243,-8.021879982948303,-802.1879892349243,-8.021879982948303,0.0,802.1879892349243,8.021879982948303,8.43764877319336,0.0843764734268202,4.0484154868125914,0.0,0.0,nan,nan,nan,nan,nan,nan,nan,nan,nan,nan,1472,-0.001522285008116242,0.03077185172587633,1.5132357120513915,-0.000286567397415638,0.04424659870564938,0.04424659870564938,0.1596252702176571,0.0027269907513982616,0.02765000002691522,0.7799361348152161,1.0,0.009350961538461539,0.0006502403846153846,1,1.0,1.0,0.0
46,150400,-836.5220556259155,-8.365220203399659,-836.5220556259155,-8.365220203399659,0.0,836.5220556259155,8.365220203399659,-25.89641761779785,-0.25896374702453606,4.746694293022156,0.0,0.0,nan,nan,nan,nan,nan,nan,nan,nan,nan,nan,1504,-0.0014147200100357083,0.02844093702733517,1.5168334126472474,-0.0013562249019742011,0.0573031097650528,0.0573031097650528,0.15308957621455194,0.0024247401801403613,0.022353125107474624,0.8738330006599426,1.0,0.009336538461538462,0.0006491346153846153,1,1.0,1.0,0.0
47,153600,-805.8894815444946,-8.058894710540772,-805.8894815444946,-8.058894710540772,0.0,805.8894815444946,8.058894710540772,4.736156463623047,0.047361745834351154,3.9651499366760254,0.0,0.0,nan,nan,nan,nan,nan,nan,nan,nan,nan,nan,1536,-0.0010683757736376976,0.03419301435351372,1.5288879990577697,0.0017756612040102481,0.04741108454763889,0.04741108454763889,0.18598359376192092,0.0016135623001900968,0.012034375104121864,0.6158304214477539,1.0,0.009322115384615385,0.0006480288461538461,1,1.0,1.0,0.0
48,156800,-868.320704460144,-8.683206977844238,-868.320704460144,-8.683206977844238,0.0,868.320704460144,8.683206977844238,-57.69506645202637,-0.5769505214691151,4.227846164703369,0.0,0.0,nan,nan,nan,nan,nan,nan,nan,nan,nan,nan,1568,-0.0016388167347409777,0.03561409860849381,1.5371441125869751,0.0018609670922160148,0.0535157136619091,0.0535157136619091,0.17070367448031903,0.0028764481845428235,0.021596874785609545,0.7862647771835327,1.0,0.009307692307692308,0.0006469230769230769,1,1.0,1.0,0.0
49,160000,-846.2648830413818,-8.462648868560791,-846.2648830413818,-8.462648868560791,0.0,846.2648830413818,8.462648868560791,-35.63924503326416,-0.3563924121856683,3.887575616836548,0.0,0.0,nan,nan,nan,nan,nan,nan,nan,nan,nan,nan,1600,-0.0009479376911198045,0.027907543629407883,1.5507744789123534,-0.001405930705368519,0.032823896035552025,0.032823896035552025,0.15661809518933295,0.0011523709523316938,0.0045749999582767485,0.7423720359802246,1.0,0.009293269230769232,0.0006458173076923076,1,1.0,1.0,0.0
50,163200,-997.3476963043213,-9.973477067947387,-997.3476963043213,-9.973477067947387,0.0,997.3476963043213,9.973477067947387,-186.7220582962036,-1.8672206115722645,5.318807606697082,0.0,0.0,nan,nan,nan,nan,nan,nan,nan,nan,nan,nan,1632,-0.0013124276604443708,0.044367234036326406,1.5436344861984252,0.00654804240912199,0.04208054691553116,0.04208054691553116,0.18436640165746213,0.0019255113824328874,0.009928124974248932,0.8454936742782593,1.0,0.009278846153846153,0.0006447115384615384,1,1.0,1.0,0.0
51,166400,-861.9582118988037,-8.619582166671753,-861.9582118988037,-8.619582166671753,0.0,861.9582118988037,8.619582166671753,-51.332573890686035,-0.5133257102966304,4.5234538221359255,0.0,0.0,nan,nan,nan,nan,nan,nan,nan,nan,nan,nan,1664,-0.0014966919693630842,0.018060112558305263,1.5672462940216065,-0.0069862692151218654,0.04149986915290356,0.04149986915290356,0.15057583376765252,0.0024953417654614896,0.018331250094342978,0.8885619640350342,1.0,0.009264423076923076,0.0006436057692307693,1,1.0,1.0,0.0
52,169600,-824.3849611282349,-8.243849325180054,-824.3849611282349,-8.243849325180054,0.0,824.3849611282349,8.243849325180054,-13.759323120117188,-0.1375928688049317,4.2891109180450435,0.0,0.0,nan,nan,nan,nan,nan,nan,nan,nan,nan,nan,1696,-0.001029281970404483,0.017637069150805474,1.5633506774902344,-0.006671741465106606,0.030913760140538215,0.030913760140538215,0.13636392466723918,0.00136408872785978,0.005246874992735684,0.8475662469863892,1.0,0.00925,0.0006425,1,1.0,1.0,0.0
53,172800,-876.4217500686646,-8.764217348098756,-876.4217500686646,-8.764217348098756,0.0,876.4217500686646,8.764217348098756,-65.79611206054688,-0.6579608917236328,4.061606526374817,0.0,0.0,nan,nan,nan,nan,nan,nan,nan,nan,nan,nan,1728,-0.0008224629693259544,0.013232164410874247,1.5661255240440368,-0.008670453215017915,0.03827628381550312,0.03827628381550312,0.10955007821321487,0.00212200562164071,0.013725000130943955,0.8851841688156128,1.0,0.009235576923076923,0.0006413942307692308,1,1.0,1.0,0.0
54,176000,-775.3491582870483,-7.753491396903992,-775.3491582870483,-7.753491396903992,0.0,775.3491582870483,7.753491396903992,35.276479721069336,0.3527650594711309,4.218407349586487,0.0,0.0,nan,nan,nan,nan,nan,nan,nan,nan,nan,nan,1760,-0.001178029807494063,0.014995301701128482,1.5740136623382568,-0.00819460181519389,0.045510700531303884,0.045510700531303884,0.1367219418287277,0.002702711632809951,0.01947812555881683,0.8861445188522339,1.0,0.009221153846153846,0.0006402884615384616,1,1.0,1.0,0.0
55,179200,-810.3020820617676,-8.103020896911621,-810.3020820617676,-8.103020896911621,0.0,810.3020820617676,8.103020896911621,0.32355594635009766,0.003235559463501403,3.8051801228523257,0.0,0.0,nan,nan,nan,nan,nan,nan,nan,nan,nan,nan,1792,-0.0008875795664032183,0.01488078711554408,1.5658523321151734,-0.007863567117601633,0.033565646037459373,0.033565646037459373,0.13482329845428467,0.001270440100961423,0.003603125037625432,0.8550140857696533,1.0,0.00920673076923077,0.0006391826923076923,1,1.0,1.0,0.0
56,182400,-812.2174663543701,-8.122174520492553,-812.2174663543701,-8.122174520492553,0.0,812.2174663543701,8.122174520492553,-1.5918283462524414,-0.015918064117430575,4.27347840309143,0.0,0.0,nan,nan,nan,nan,nan,nan,nan,nan,nan,nan,1824,-0.0014528881872771127,0.01718514021486044,1.5487372756004334,-0.0070967873558402065,0.055157849565148354,0.055157849565148354,0.1369032621383667,0.0023240573515067807,0.01369375006761402,0.8648912906646729,1.0,0.009192307692307692,0.0006380769230769231,1,1.0,1.0,0.0
57,185600,-782.9587411880493,-7.8295871925354,-782.9587411880493,-7.8295871925354,0.0,782.9587411880493,7.8295871925354,27.66689682006836,0.27666926383972257,3.73289822101593,0.0,0.0,nan,nan,nan,nan,nan,nan,nan,nan,nan,nan,1856,-0.0010075706554634855,0.0097769760992378,1.5428112745285034,-0.010278826951980591,0.044193018786609174,0.044193018786609174,0.10562227852642536,0.002805306536902208,0.019768749602371828,0.9182554483413696,1.0,0.009177884615384616,0.0006369711538461539,1,1.0,1.0,0.0
58,188800,-919.27809715271,-9.192781009674071,-919.27809715271,-9.192781009674071,0.0,919.27809715271,9.192781009674071,-108.65245914459229,-1.0865245532989487,5.073517489433288,0.0,0.0,nan,nan,nan,nan,nan,nan,nan,nan,nan,nan,1888,-0.000819129366948701,0.025160465389490128,1.5280229091644286,-0.002240876154974103,0.03425354920327663,0.03425354920327663,0.1491401255130768,0.001552495163923595,0.003690625057788566,0.8226900696754456,1.0,0.009163461538461539,0.0006358653846153846,1,1.0,1.0,0.0
59,192000,-863.6181554794312,-8.636181583404541,-863.6181554794312,-8.636181583404541,0.0,863.6181554794312,8.636181583404541,-52.99251747131348,-0.5299251270294185,4.213213815689087,0.0,0.0,nan,nan,nan,nan,nan,nan,nan,nan,nan,nan,1920,-0.0014837417054106572,0.019022108428180216,1.5371695756912231,-0.006036310968920588,0.04347229991108179,0.04347229991108179,0.13057376444339752,0.0026890951514360493,0.01446875008987263,0.8710551261901855,1.0,0.009149038461538462,0.0006347596153846154,1,1.0,1.0,0.0
60,195200,-839.3333988189697,-8.393333978652954,-839.3333988189697,-8.393333978652954,0.0,839.3333988189697,8.393333978652954,-28.70776081085205,-0.2870775222778317,3.4882446098327637,0.0,0.0,-564.6011340618134,-5.646011340618133,-564.6011340618134,-5.646011340618133,100.0,2.803184568583965,0.0,0.0,564.6011340618134,2.418775796890259,1952,-0.0011549737154330942,0.014425556361675262,1.5422070741653442,-0.00802966458722949,0.06162132062017918,0.06162132062017918,0.1224931724369526,0.0025328525887744037,0.016084374565980396,0.8439546823501587,1.0,0.009134615384615385,0.0006336538461538462,1,1.0,1.0,0.0
61,198400,-811.5669841766357,-8.115670108795166,-811.5669841766357,-8.115670108795166,0.0,811.5669841766357,8.115670108795166,-0.9413461685180664,-0.009413652420043661,4.147102460861206,0.0,0.0,nan,nan,nan,nan,nan,nan,nan,nan,nan,nan,1984,-0.0010332586904522323,0.018105337396264076,1.5404768943786622,-0.006030035670846701,0.04333326928317547,0.04333326928317547,0.11893024370074272,0.0021780574475997127,0.008834374975413084,0.8371669054031372,1.0,0.009120192307692308,0.0006325480769230769,1,1.0,1.0,0.0
62,201600,-822.3749523162842,-8.223749666213989,-822.3749523162842,-8.223749666213989,0.0,822.3749523162842,8.223749666213989,-11.749314308166504,-0.11749320983886591,3.5074043107032775,0.0,0.0,nan,nan,nan,nan,nan,nan,nan,nan,nan,nan,2016,-0.0007132432592959981,0.011559464689344167,1.5473007082939148,-0.009022873733192683,0.03017219454050064,0.03017219454050064,0.10845515914261342,0.0007472794563000207,0.002378125074028503,0.8727610111236572,1.0,0.009105769230769232,0.0006314423076923077,1,1.0,1.0,0.0
63,204800,-925.8342380523682,-9.258342609405517,-925.8342380523682,-9.258342609405517,0.0,925.8342380523682,9.258342609405517,-115.20860004425049,-1.1520861530303943,4.362083430290222,0.0,0.0,nan,nan,nan,nan,nan,nan,nan,nan,nan,nan,2048,-0.0012422749999327464,0.015396909415721893,1.5391354441642762,-0.007536633964627981,0.04724083580076695,0.04724083580076695,0.11040107049047947,0.0023310315766138954,0.01673437543140608,0.8759644031524658,1.0,0.009091346153846155,0.0006303365384615385,1,1.0,1.0,0.0
64,208000,-818.4966840744019,-8.184966297149659,-818.4966840744019,-8.184966297149659,0.0,818.4966840744019,8.184966297149659,-7.87104606628418,-0.07870984077453613,4.3841514396667485,0.0,0.0,nan,nan,nan,nan,nan,nan,nan,nan,nan,nan,2080,-0.0012846714100800405,0.020586266275495292,1.5315303087234498,-0.0048931210301816465,0.05021591037511826,0.05021591037511826,0.1443207237869501,0.0029337126630707643,0.03400937484402675,0.7958000302314758,1.0,0.009076923076923076,0.0006292307692307692,1,1.0,1.0,0.0
65,211200,-790.430549621582,-7.904305458068848,-790.430549621582,-7.904305458068848,0.0,790.430549621582,7.904305458068848,20.195088386535645,0.20195099830627505,3.8559673762321474,0.0,0.0,nan,nan,nan,nan,nan,nan,nan,nan,nan,nan,2112,-0.0015526149860583427,0.009639871260151266,1.5200131773948669,-0.010507798288017511,0.06630329936742782,0.06630329936742782,0.09524546787142754,0.0036028371774591505,0.028546874626772478,0.8941369652748108,1.0,0.0090625,0.000628125,1,1.0,1.0,0.0
66,214400,-835.4971084594727,-8.354971294403077,-835.4971084594727,-8.354971294403077,0.0,835.4971084594727,8.354971294403077,-24.87147045135498,-0.24871483802795424,4.342533802986145,0.0,0.0,nan,nan,nan,nan,nan,nan,nan,nan,nan,nan,2144,-0.0007391288153303144,0.008320822101086377,1.5123157262802125,-0.010262267291545868,0.029052540473639966,0.029052540473639966,0.07590828016400337,0.0013041779209743253,0.0058062498806975785,0.906401515007019,1.0,0.009048076923076923,0.0006270192307692308,1,1.0,1.0,0.0
67,217600,-872.9758920669556,-8.729758672714233,-872.9758920669556,-8.729758672714233,0.0,872.9758920669556,8.729758672714233,-62.35025405883789,-0.6235022163391104,4.348030667304993,0.0,0.0,nan,nan,nan,nan,nan,nan,nan,nan,nan,nan,2176,-0.0007683097019820728,0.022173992823809385,1.5082471132278443,-0.003306295722723007,0.02615379821509123,0.02615379821509123,0.13115768507122993,0.0012729233047139132,0.003268749987182673,0.7930182218551636,1.0,0.009033653846153846,0.0006259134615384615,1,1.0,1.0,0.0
68,220800,-797.637246131897,-7.976372427940369,-797.637246131897,-7.976372427940369,0.0,797.637246131897,7.976372427940369,12.988391876220703,0.12988402843475377,4.0114851307868955,0.0,0.0,nan,nan,nan,nan,nan,nan,nan,nan,nan,nan,2208,-0.0007092048063641387,0.020460380241274834,1.5044673919677733,-0.004048153012990952,0.02833807896822691,0.02833807896822691,0.1288506742566824,0.0011564360400370787,0.0029312500249943697,0.7791377902030945,1.0,0.009019230769230769,0.0006248076923076923,1,1.0,1.0,0.0
69,224000,-878.9704151153564,-8.789704141616822,-878.9704151153564,-8.789704141616822,0.0,878.9704151153564,8.789704141616822,-68.34477710723877,-0.6834476852416991,4.545347986221313,0.0,0.0,nan,nan,nan,nan,nan,nan,nan,nan,nan,nan,2240,-0.0005994962218508704,0.011356845730915666,1.5170568466186523,-0.008581879129633308,0.04037820603698492,0.04037820603698492,0.1002792589366436,0.0019740245115826838,0.010409374989103526,0.9253592491149902,1.0,0.009004807692307692,0.0006237019230769231,1,1.0,1.0,0.0
70,227200,-816.3441352844238,-8.16344126701355,-816.3441352844238,-8.16344126701355,0.0,816.3441352844238,8.16344126701355,-5.718497276306152,-0.05718481063842695,3.8834591484069825,0.0,0.0,nan,nan,nan,nan,nan,nan,nan,nan,nan,nan,2272,-0.000561640208208658,0.01231233887374401,1.5249528288841248,-0.008115383330732584,0.02646313365548849,0.02646313365548849,0.10791340731084346,0.0009198430147080216,0.0026875000447034838,0.8793781399726868,1.0,0.008990384615384615,0.0006225961538461538,1,1.0,1.0,0.0
71,230400,-872.5791358947754,-8.725791463851928,-872.5791358947754,-8.725791463851928,0.0,872.5791358947754,8.725791463851928,-61.953497886657715,-0.6195350074768058,5.1792277288436885,0.0,0.0,nan,nan,nan,nan,nan,nan,nan,nan,nan,nan,2304,-0.0007781129834533385,0.022065881825983524,1.5323499321937561,-0.0034994855523109436,0.03869578093290329,0.03869578093290329,0.12743810266256334,0.0012285326774872374,0.0053593750286381695,0.7281597852706909,1.0,0.008975961538461539,0.0006214903846153846,1,1.0,1.0,0.0
72,233600,-812.6052656173706,-8.126052436828614,-812.6052656173706,-8.126052436828614,0.0,812.6052656173706,8.126052436828614,-1.9796276092529297,-0.01979598045349107,4.006203634738922,0.0,0.0,nan,nan,nan,nan,nan,nan,nan,nan,nan,nan,2336,-0.0006314621440280277,0.008296902989968657,1.5307770013809203,-0.010201128153130411,0.028837400674819946,0.028837400674819946,0.08351151123642922,0.001241287543598446,0.0017999999574385584,0.9000025987625122,1.0,0.008961538461538462,0.0006203846153846154,1,1.0,1.0,0.0
73,236800,-819.7842836380005,-8.197842540740966,-819.7842836380005,-8.197842540740966,0.0,819.7842836380005,8.197842540740966,-9.158645629882812,-0.09158608436584359,4.122594470977783,0.0,0.0,nan,nan,nan,nan,nan,nan,nan,nan,nan,nan,2368,-0.0010330183805199234,0.016032636072486638,1.5360820651054383,-0.00676020379178226,0.0625671086832881,0.0625671086832881,0.11310086511075497,0.0020297539347666317,0.017193750172737055,0.7759758234024048,1.0,0.008947115384615385,0.0006192788461538461,1,1.0,1.0,0.0
74,240000,-834.1481456756592,-8.341481227874755,-834.1481456756592,-8.341481227874755,0.0,834.1481456756592,8.341481227874755,-23.522507667541504,-0.23522477149963272,3.689377028942108,0.0,0.0,nan,nan,nan,nan,nan,nan,nan,nan,nan,nan,2400,-0.0004966808249431409,0.012655936367809772,1.5477216124534607,-0.007994033023715019,0.03146226573735476,0.03146226573735476,0.10154575407505036,0.0008879348566551926,0.003743750031571835,0.839310348033905,1.0,0.008932692307692308,0.0006181730769230769,1,1.0,1.0,0.0
75,243200,-879.5233840942383,-8.795233631134034,-879.5233840942383,-8.795233631134034,0.0,879.5233840942383,8.795233631134034,-68.8977460861206,-0.6889771747589108,4.644880146980285,0.0,0.0,nan,nan,nan,nan,nan,nan,nan,nan,nan,nan,2432,-0.0004726993495285825,0.011089851474389434,1.546115219593048,-0.008716446021571756,0.03676321804523468,0.03676321804523468,0.0940894141793251,0.0011546376254045754,0.00336562512202363,0.7932137846946716,1.0,0.008918269230769231,0.0006170673076923077,1,1.0,1.0,0.0
76,246400,-834.1039581298828,-8.341039657592773,-834.1039581298828,-8.341039657592773,0.0,834.1039581298828,8.341039657592773,-23.478320121765137,-0.23478320121765073,4.241257791519165,0.0,0.0,nan,nan,nan,nan,nan,nan,nan,nan,nan,nan,2464,-0.0006446193713024684,0.017009110376238822,1.5585178017616272,-0.006016866955906153,0.029744487442076206,0.029744487442076206,0.11100924648344516,0.0018282554327015532,0.004584375032573007,0.7821364998817444,1.0,0.008903846153846155,0.0006159615384615384,1,1.0,1.0,0.0
77,249600,-825.4481611251831,-8.254481344223022,-825.4481611251831,-8.254481344223022,0.0,825.4481611251831,8.254481344223022,-14.82252311706543,-0.1482248878478991,4.344564146995545,0.0,0.0,nan,nan,nan,nan,nan,nan,nan,nan,nan,nan,2496,-0.0006937392385461649,0.007764099212363362,1.5547202110290528,-0.010632254742085933,0.04658613093197346,0.04658613093197346,0.07946537919342518,0.0015957567393343197,0.011112499771115836,0.8739320039749146,1.0,0.008889423076923076,0.0006148557692307692,1,1.0,1.0,0.0
78,252800,-883.1758823394775,-8.831758823394775,-883.1758823394775,-8.831758823394775,0.0,883.1758823394775,8.831758823394775,-72.55024433135986,-0.7255023670196525,4.620407023429871,0.0,0.0,nan,nan,nan,nan,nan,nan,nan,nan,nan,nan,2528,-0.0010214177893474563,0.009925471665337682,1.543558692932129,-0.009757765661925077,0.050465059280395505,0.050465059280395505,0.08788323774933815,0.0031755741540109737,0.015759375365450978,0.8906438946723938,1.0,0.008875000000000001,0.00061375,1,1.0,1.0,0.0
79,256000,-799.4717874526978,-7.994717745780945,-799.4717874526978,-7.994717745780945,0.0,799.4717874526978,7.994717745780945,11.153850555419922,0.11153871059417764,3.8368604588508606,0.0,0.0,nan,nan,nan,nan,nan,nan,nan,nan,nan,nan,2560,-0.00044938783347170386,0.0140356523450464,1.53848534822464,-0.0070634294301271435,0.03223554436117411,0.03223554436117411,0.10452282428741455,0.0019822725065751,0.009215625212527811,0.8340191841125488,1.0,0.008860576923076922,0.0006126442307692307,1,1.0,1.0,0.0
80,259200,-780.5540266036987,-7.805540375709533,-780.5540266036987,-7.805540375709533,0.0,780.5540266036987,7.805540375709533,30.071611404418945,0.3007160806655893,3.780425264835358,0.0,0.0,-486.51529544591904,-4.86515295445919,-486.51529544591904,-4.86515295445919,100.0,2.880845268070698,0.0,0.0,486.51529544591904,80.50461441278458,2592,-0.0005340789651643973,0.013712447881698609,1.5544963359832764,-0.0074291682802140714,0.02865560185164213,0.02865560185164213,0.09773913659155369,0.0008900995300791692,0.0012312500206462574,0.8267719745635986,1.0,0.008846153846153846,0.0006115384615384615,1,1.0,1.0,0.0
81,262400,-826.319522857666,-8.263195457458496,-826.319522857666,-8.263195457458496,0.0,826.319522857666,8.263195457458496,-15.69388484954834,-0.1569390010833729,4.255759286880493,0.0,0.0,nan,nan,nan,nan,nan,nan,nan,nan,nan,nan,2624,-0.0005482438363396902,0.008491041092202067,1.5541175723075866,-0.01002827174961567,0.029246702790260315,0.029246702790260315,0.08231625854969024,0.000838563040815643,0.0021062500352854842,0.902974009513855,1.0,0.008831730769230769,0.0006104326923076922,1,1.0,1.0,0.0
82,265600,-819.8306512832642,-8.198306550979614,-819.8306512832642,-8.198306550979614,0.0,819.8306512832642,8.198306550979614,-9.205013275146484,-0.09205009460449176,4.588321304321289,0.0,0.0,nan,nan,nan,nan,nan,nan,nan,nan,nan,nan,2656,-0.0007616391665302036,0.011654280824586749,1.550993013381958,-0.008610081346705555,0.032964412681758405,0.032964412681758405,0.09177972227334977,0.0018530202491092496,0.009346875103074127,0.8007795810699463,1.0,0.008817307692307692,0.000609326923076923,1,1.0,1.0,0.0
83,268800,-852.568886756897,-8.525688619613648,-852.568886756897,-8.525688619613648,0.0,852.568886756897,8.525688619613648,-41.9432487487793,-0.4194321632385254,4.204833717346191,0.0,0.0,nan,nan,nan,nan,nan,nan,nan,nan,nan,nan,2688,-0.00045054751924489267,0.011098350584506988,1.5449713826179505,-0.00850157649256289,0.03143610693514347,0.03143610693514347,0.08799441941082478,0.0011471356425317935,0.003931249980814755,0.8118918538093567,1.0,0.008802884615384615,0.0006082211538461539,1,1.0,1.0,0.0
84,272000,-786.8865613937378,-7.868865599632263,-786.8865613937378,-7.868865599632263,0.0,786.8865613937378,7.868865599632263,23.739076614379883,0.2373908567428593,3.748880481719971,0.0,0.0,nan,nan,nan,nan,nan,nan,nan,nan,nan,nan,2720,-0.0012651669671177145,0.013169755740091205,1.542973554134369,-0.008240653248503805,0.08010168857872486,0.08010168857872486,0.09235718920826912,0.0038014472935174125,0.031056250369510964,0.7649011611938477,1.0,0.008788461538461538,0.0006071153846153847,1,1.0,1.0,0.0
85,275200,-882.5569753646851,-8.825569620132447,-882.5569753646851,-8.825569620132447,0.0,882.5569753646851,8.825569620132447,-71.93133735656738,-0.7193131637573238,4.453580884933472,0.0,0.0,nan,nan,nan,nan,nan,nan,nan,nan,nan,nan,2752,-0.0007713920185749678,0.011228105193004012,1.5582640409469604,-0.008829608140513302,0.06042554341256619,0.06042554341256619,0.08756795264780522,0.0024121940208715388,0.009337499985122122,0.8408215045928955,1.0,0.008774038461538462,0.0006060096153846154,1,1.0,1.0,0.0
86,278400,-742.2743892669678,-7.422743530273437,-742.2743892669678,-7.422743530273437,0.0,742.2743892669678,7.422743530273437,68.3512487411499,0.6835129261016855,3.526367621421814,0.0,0.0,nan,nan,nan,nan,nan,nan,nan,nan,nan,nan,2784,-0.0009849904636851647,0.011200629826635122,1.5438299179077148,-0.008908030996099114,0.03830280881375074,0.03830280881375074,0.09821494221687317,0.0014670390100945951,0.0037156249629333614,0.8366590142250061,1.0,0.008759615384615385,0.0006049038461538462,1,1.0,1.0,0.0
87,281600,-801.0904703140259,-8.010904507637024,-801.0904703140259,-8.010904507637024,0.0,801.0904703140259,8.010904507637024,9.535167694091797,0.09535194873809871,3.8623179626464843,0.0,0.0,nan,nan,nan,nan,nan,nan,nan,nan,nan,nan,2816,-0.0010902316453982985,0.011180673819035291,1.5560372471809387,-0.00910774003714323,0.0883643638342619,0.0883643638342619,0.08115855194628238,0.0034734585096884985,0.03362812449340709,0.8167824149131775,1.0,0.008745192307692308,0.0006037980769230769,1,1.0,1.0,0.0
88,284800,-774.7250127792358,-7.747250094413757,-774.7250127792358,-7.747250094413757,0.0,774.7250127792358,7.747250094413757,35.900625228881836,0.3590063619613657,3.6331580305099487,0.0,0.0,nan,nan,nan,nan,nan,nan,nan,nan,nan,nan,2848,-0.00031982483997339273,0.010019837180152535,1.5585246324539184,-0.008917025104165078,0.02791503816843033,0.02791503816843033,0.08163776472210885,0.0012316117434238549,0.0018343749834457412,0.7909979820251465,1.0,0.008730769230769231,0.0006026923076923077,1,1.0,1.0,0.0
89,288000,-855.533992767334,-8.555339851379394,-855.533992767334,-8.555339851379394,0.0,855.533992767334,8.555339851379394,-44.90835475921631,-0.44908339500427097,4.299621739387512,0.0,0.0,nan,nan,nan,nan,nan,nan,nan,nan,nan,nan,2880,-0.0009537146736751323,0.017086317017674445,1.5667943835258484,-0.006067277817055583,0.04959498401731253,0.04959498401731253,0.10138771794736386,0.0021557496478635586,0.01449999960459536,0.8597545623779297,1.0,0.008716346153846154,0.0006015865384615385,1,1.0,1.0,0.0
90,291200,-822.159704208374,-8.22159691810608,-822.159704208374,-8.22159691810608,0.0,822.159704208374,8.22159691810608,-11.534066200256348,-0.11534046173095724,4.6135986804962155,0.0,0.0,nan,nan,nan,nan,nan,nan,nan,nan,nan,nan,2912,-0.0006726070328149092,0.009905808325856923,1.5539294719696044,-0.009241878008469939,0.025895830057561398,0.025895830057561398,0.07219898253679276,0.000720637021731818,0.001396874972488149,0.8810514211654663,1.0,0.008701923076923078,0.0006004807692307693,1,1.0,1.0,0.0
91,294400,-860.6364574432373,-8.60636484146118,-860.6364574432373,-8.60636484146118,0.0,860.6364574432373,8.60636484146118,-50.01081943511963,-0.5001083850860581,4.863087291717529,0.0,0.0,nan,nan,nan,nan,nan,nan,nan,nan,nan,nan,2944,-0.0008855889279046458,0.009772555530071258,1.5471861720085145,-0.009440490789711476,0.03904296718537807,0.03904296718537807,0.0735674675554037,0.0012296188942855224,0.0039312500535743315,0.8584158420562744,1.0,0.0086875,0.000599375,1,1.0,1.0,0.0
92,297600,-809.226713180542,-8.0922669506073,-809.226713180542,-8.0922669506073,0.0,809.226713180542,8.0922669506073,1.3989248275756836,0.013989505767822763,3.665052230358124,0.0,0.0,nan,nan,nan,nan,nan,nan,nan,nan,nan,nan,2976,-0.0009510895405663078,0.012316856859251856,1.5304083347320556,-0.008066009683534502,0.053332770615816115,0.053332770615816115,0.08701876550912857,0.0021438688308990095,0.011128124711103738,0.8138023614883423,1.0,0.008673076923076922,0.0005982692307692308,1,1.0,1.0,0.0
93,300800,-914.938627243042,-9.149385986328125,-914.938627243042,-9.149385986328125,0.0,914.938627243042,9.149385986328125,-104.31298923492432,-1.0431295299530028,4.657306699752808,0.0,0.0,nan,nan,nan,nan,nan,nan,nan,nan,nan,nan,3008,-0.0009016263694853422,0.008547532698139548,1.5385362148284911,-0.00994951305910945,0.061741144955158235,0.061741144955158235,0.06880724802613258,0.0032761562601081097,0.023953124854233464,0.8026798963546753,1.0,0.008658653846153847,0.0005971634615384616,1,1.0,1.0,0.0
94,304000,-855.6396999359131,-8.556397018432618,-855.6396999359131,-8.556397018432618,0.0,855.6396999359131,8.556397018432618,-45.01406192779541,-0.450140562057495,4.2870209550857545,0.0,0.0,nan,nan,nan,nan,nan,nan,nan,nan,nan,nan,3040,-0.000633714236365629,0.010335060255602001,1.5487804532051086,-0.00885419938713312,0.024707687459886073,0.024707687459886073,0.0714686594903469,0.002004944469081238,0.006565624900395051,0.822646975517273,1.0,0.008644230769230769,0.0005960576923076923,1,1.0,1.0,0.0
95,307200,-763.8397417068481,-7.638397274017334,-763.8397417068481,-7.638397274017334,0.0,763.8397417068481,7.638397274017334,46.78589630126953,0.4678591823577891,3.9534654021263123,0.0,0.0,nan,nan,nan,nan,nan,nan,nan,nan,nan,nan,3072,-0.0004527126042671803,0.009397956263273954,1.539425504207611,-0.009038679860532283,0.028318397141993044,0.028318397141993044,0.08015105314552784,0.0006812190522396122,0.0014031250029802322,0.852755069732666,1.0,0.008629807692307692,0.0005949519230769231,1,1.0,1.0,0.0
96,310400,-825.5840015411377,-8.25583960533142,-825.5840015411377,-8.25583960533142,0.0,825.5840015411377,8.25583960533142,-14.95836353302002,-0.14958314895629776,3.81923987865448,0.0,0.0,nan,nan,nan,nan,nan,nan,nan,nan,nan,nan,3104,-0.00046028866314449244,0.011871542409062385,1.5384414076805115,-0.007778782350942493,0.022046301513910294,0.022046301513910294,0.07660686820745469,0.0008287574619316729,0.0003562499950930942,0.759814977645874,1.0,0.008615384615384615,0.0005938461538461538,1,1.0,1.0,0.0
97,313600,-864.2256031036377,-8.642255887985229,-864.2256031036377,-8.642255887985229,0.0,864.2256031036377,8.642255887985229,-53.59996509552002,-0.5359994316101062,4.209319033622742,0.0,0.0,nan,nan,nan,nan,nan,nan,nan,nan,nan,nan,3136,-0.000679847455318594,0.00901251039467752,1.5376589894294739,-0.009398937970399857,0.03236369118094444,0.03236369118094444,0.06518975719809532,0.0010244062099445729,0.0050624999916180965,0.802133321762085,1.0,0.008600961538461538,0.0005927403846153846,1,1.0,1.0,0.0
98,316800,-854.2632999420166,-8.54263264656067,-854.2632999420166,-8.54263264656067,0.0,854.2632999420166,8.54263264656067,-43.637661933898926,-0.4363761901855465,4.367004637718201,0.0,0.0,nan,nan,nan,nan,nan,nan,nan,nan,nan,nan,3168,-0.0007078864155628306,0.01090509807690978,1.5529410362243652,-0.008589724451303482,0.02869323119521141,0.02869323119521141,0.0724232193082571,0.0017272782501095208,0.006056249840185046,0.7145875692367554,1.0,0.008586538461538461,0.0005916346153846154,1,1.0,1.0,0.0
99,320000,-877.0431518554688,-8.770431451797485,-877.0431518554688,-8.770431451797485,0.0,877.0431518554688,8.770431451797485,-66.41751384735107,-0.6641749954223624,5.045448355674743,0.0,0.0,nan,nan,nan,nan,nan,nan,nan,nan,nan,nan,3200,-0.0006308001086407167,0.012107889028266072,1.5692128539085388,-0.008028329582884908,0.03486006520688534,0.03486006520688534,0.07803605981171131,0.0015071886551595525,0.005906250025145709,0.7954593300819397,1.0,0.008572115384615385,0.0005905288461538462,1,1.0,1.0,0.0
100,323200,-889.9258880615234,-8.899259204864501,-889.9258880615234,-8.899259204864501,0.0,889.9258880615234,8.899259204864501,-79.30025005340576,-0.7930027484893785,4.640397028923035,0.0,0.0,-724.1032543182373,-7.241032543182373,-724.1032543182373,-7.241032543182373,100.0,3.426583499610424,0.0,0.0,724.1032543182373,-157.0833444595337,3232,-0.0009233974883740004,0.008709391998127102,1.5649005889892578,-0.009960639104247094,0.029133099131286144,0.029133099131286144,0.06914109885692596,0.0016370493518479633,0.0021031250013038515,0.835588276386261,1.0,0.008557692307692308,0.0005894230769230769,1,1.0,1.0,0.0
101,326400,-826.8412246704102,-8.26841236114502,-826.8412246704102,-8.26841236114502,0.0,826.8412246704102,8.26841236114502,-16.21558666229248,-0.1621559047698966,4.117509217262268,0.0,0.0,nan,nan,nan,nan,nan,nan,nan,nan,nan,nan,3264,-0.0010439246076857644,0.01247595245949924,1.5581768155097961,-0.008117871591821313,0.0444603007286787,0.0444603007286787,0.08702464513480664,0.002337599403836066,0.015612499791313895,0.7188488245010376,1.0,0.008543269230769231,0.0005883173076923077,1,1.0,1.0,0.0
102,329600,-797.6368246078491,-7.976367878913879,-797.6368246078491,-7.976367878913879,0.0,797.6368246078491,7.976367878913879,12.988813400268555,0.1298885774612435,4.1060399198532105,0.0,0.0,nan,nan,nan,nan,nan,nan,nan,nan,nan,nan,3296,-0.0005842303488054589,0.01171774249523878,1.5637362241744994,-0.008062225161120295,0.025959995202720167,0.025959995202720167,0.08123288452625274,0.0016176383447600528,0.006425000031231321,0.7817068696022034,1.0,0.008528846153846154,0.0005872115384615384,1,1.0,1.0,0.0
103,332800,-849.0379610061646,-8.490379276275634,-849.0379610061646,-8.490379276275634,0.0,849.0379610061646,8.490379276275634,-38.412322998046875,-0.38412281990051156,4.599345254898071,0.0,0.0,nan,nan,nan,nan,nan,nan,nan,nan,nan,nan,3328,-0.0005028272820200019,0.01089487699791789,1.5631059288978577,-0.0083643339574337,0.0225188747048378,0.0225188747048378,0.06831525750458241,0.0007580169391076197,0.0019656250016851116,0.7692326903343201,1.0,0.008514423076923077,0.0005861057692307692,1,1.0,1.0,0.0
104,336000,-856.3712224960327,-8.56371187210083,-856.3712224960327,-8.56371187210083,0.0,856.3712224960327,8.56371187210083,-45.74558448791504,-0.4574554157257076,4.331222887039185,0.0,0.0,nan,nan,nan,nan,nan,nan,nan,nan,nan,nan,3360,-0.0003691115349945928,0.009169904189184308,1.5645191073417664,-0.009082572488114237,0.023928480781614782,0.023928480781614782,0.06359832063317299,0.0003883541799950763,0.000871874997028499,0.7545976638793945,1.0,0.0085,0.000585,1,1.0,1.0,0.0
105,339200,-756.9603204727173,-7.569603199958801,-756.9603204727173,-7.569603199958801,0.0,756.9603204727173,7.569603199958801,53.66531753540039,0.5366532564163213,3.490059449672699,0.0,0.0,nan,nan,nan,nan,nan,nan,nan,nan,nan,nan,3392,-0.000803580786974667,0.01107049328275025,1.5548023462295533,-0.00846172939054668,0.03603669181466103,0.03603669181466103,0.06997350193560123,0.00090279414653196,0.002593749941661372,0.7938944101333618,1.0,0.008485576923076922,0.0005838942307692307,1,1.0,1.0,0.0
106,342400,-821.9982290267944,-8.219982481002807,-821.9982290267944,-8.219982481002807,0.0,821.9982290267944,8.219982481002807,-11.372591018676758,-0.11372602462768455,4.05294047832489,0.0,0.0,nan,nan,nan,nan,nan,nan,nan,nan,nan,nan,3424,-0.0007892503608832868,0.011499090399593116,1.5399951338768005,-0.008085240796208381,0.03930185325443745,0.03930185325443745,0.07543317899107933,0.001747075450111879,0.009853124908113386,0.7612389326095581,1.0,0.008471153846153847,0.0005827884615384615,1,1.0,1.0,0.0
107,345600,-868.0947322845459,-8.68094717979431,-868.0947322845459,-8.68094717979431,0.0,868.0947322845459,8.68094717979431,-57.46909427642822,-0.574690723419188,4.855793318748474,0.0,0.0,nan,nan,nan,nan,nan,nan,nan,nan,nan,nan,3456,-0.0008215101520239853,0.011659597884863615,1.5493218064308167,-0.008093909174203873,0.04490378871560097,0.04490378871560097,0.06854485422372818,0.002227916806441499,0.015499999804160326,0.7244314551353455,1.0,0.008456730769230768,0.0005816826923076923,1,1.0,1.0,0.0
108,348800,-889.4916000366211,-8.894916105270386,-889.4916000366211,-8.894916105270386,0.0,889.4916000366211,8.894916105270386,-78.86596202850342,-0.7886596488952637,4.359768013954163,0.0,0.0,nan,nan,nan,nan,nan,nan,nan,nan,nan,nan,3488,-0.0006577538964659624,0.012156420992687345,1.547059953212738,-0.00764029985293746,0.03126025516539812,0.03126025516539812,0.07438401356339455,0.0012677238504693379,0.005090624943841248,0.8042207956314087,1.0,0.008442307692307692,0.000580576923076923,1,1.0,1.0,0.0
109,352000,-859.4537696838379,-8.594537382125855,-859.4537696838379,-8.594537382125855,0.0,859.4537696838379,8.594537382125855,-48.828131675720215,-0.48828092575073256,4.402796649932862,0.0,0.0,nan,nan,nan,nan,nan,nan,nan,nan,nan,nan,3520,-0.000856458734546317,0.012552319653332233,1.5574134111404419,-0.007705999119207263,0.038717082142829894,0.038717082142829894,0.0711082637310028,0.0016185557775315828,0.012106249900534749,0.7570326328277588,1.0,0.008427884615384615,0.0005794711538461538,1,1.0,1.0,0.0
110,355200,-781.7215423583984,-7.817215423583985,-781.7215423583984,-7.817215423583985,0.0,781.7215423583984,7.817215423583985,28.90409564971924,0.2890410327911379,3.9494292759895324,0.0,0.0,nan,nan,nan,nan,nan,nan,nan,nan,nan,nan,3552,-0.0012832444157160339,0.009301512921229004,1.5516847014427184,-0.009687528107315302,0.05003193132579327,0.05003193132579327,0.0586281344294548,0.0019495165779517265,0.01243749991954246,0.8372082114219666,1.0,0.008413461538461538,0.0005783653846153846,1,1.0,1.0,0.0
111,358400,-895.4582662582397,-8.95458264350891,-895.4582662582397,-8.95458264350891,0.0,895.4582662582397,8.95458264350891,-84.83262825012207,-0.8483261871337877,4.252473459243775,0.0,0.0,nan,nan,nan,nan,nan,nan,nan,nan,nan,nan,3584,-0.00046974692520898034,0.014870976284146308,1.5560520052909852,-0.006103599723428488,0.025883836112916468,0.025883836112916468,0.0762869257479906,0.0012776382332958746,0.0013937500189058483,0.7308715581893921,1.0,0.008399038461538461,0.0005772596153846153,1,1.0,1.0,0.0
112,361600,-849.174747467041,-8.491747388839721,-849.174747467041,-8.491747388839721,0.0,849.174747467041,8.491747388839721,-38.54910945892334,-0.38549093246459876,4.513690290451049,0.0,0.0,nan,nan,nan,nan,nan,nan,nan,nan,nan,nan,3616,-0.0011798181554768306,0.013818157836794853,1.5587318778038024,-0.007340106088668108,0.058507413417100904,0.058507413417100904,0.07851949855685234,0.0030002434556081425,0.022531249962048604,0.7427066564559937,1.0,0.008384615384615384,0.0005761538461538461,1,1.0,1.0,0.0
113,364800,-807.7155075073242,-8.077155265808106,-807.7155075073242,-8.077155265808106,0.0,807.7155075073242,8.077155265808106,2.910130500793457,0.0291011905670171,3.7821142292022705,0.0,0.0,nan,nan,nan,nan,nan,nan,nan,nan,nan,nan,3648,-0.0009536641368583787,0.008411121694371105,1.5582966327667236,-0.009791346499696374,0.047024833783507344,0.047024833783507344,0.06352759376168252,0.0018843040554202162,0.004987500053539406,0.8412164449691772,1.0,0.008370192307692308,0.0005750480769230769,1,1.0,1.0,0.0
114,368000,-836.8893890380859,-8.368893737792968,-836.8893890380859,-8.368893737792968,0.0,836.8893890380859,8.368893737792968,-26.26375102996826,-0.26263728141784526,4.489913921356202,0.0,0.0,nan,nan,nan,nan,nan,nan,nan,nan,nan,nan,3680,-0.0009337907912326138,0.011897899396717548,1.5423337459564208,-0.007872226135805249,0.03457917273044586,0.03457917273044586,0.06510445214807987,0.0026090465107699856,0.009637500031385571,0.6886289715766907,1.0,0.00835576923076923,0.0005739423076923076,1,1.0,1.0,0.0
115,371200,-818.4157552719116,-8.184157190322876,-818.4157552719116,-8.184157190322876,0.0,818.4157552719116,8.184157190322876,-7.790117263793945,-0.07790073394775376,4.457644724845887,0.0,0.0,nan,nan,nan,nan,nan,nan,nan,nan,nan,nan,3712,-0.0010089337982819302,0.012473878636956214,1.5394146203994752,-0.0076127845328301195,0.042759126797318456,0.042759126797318456,0.06289013475179672,0.0010779804892081303,0.00417812499217689,0.7631699442863464,1.0,0.008341346153846154,0.0005728365384615384,1,1.0,1.0,0.0
116,374400,-773.6580810546875,-7.736580758094788,-773.6580810546875,-7.736580758094788,0.0,773.6580810546875,7.736580758094788,36.967556953430176,0.36967569828033486,3.776531660556793,0.0,0.0,nan,nan,nan,nan,nan,nan,nan,nan,nan,nan,3744,-0.000739429802921876,0.014752163179218769,1.5463160872459412,-0.00623940397053957,0.03718600478023291,0.03718600478023291,0.08126634769141675,0.0015420497871673432,0.005899999884422869,0.6980421543121338,1.0,0.008326923076923077,0.0005717307692307693,1,1.0,1.0,0.0
117,377600,-829.2558994293213,-8.292559299468994,-829.2558994293213,-8.292559299468994,0.0,829.2558994293213,8.292559299468994,-18.630261421203613,-0.18630284309387157,4.050924243927002,0.0,0.0,nan,nan,nan,nan,nan,nan,nan,nan,nan,nan,3776,-0.0007469868620566089,0.012563113123178482,1.5352921843528748,-0.007227546675130725,0.03853883370757103,0.03853883370757103,0.06528443992137908,0.0007847796819987707,0.001828125023166649,0.7715142965316772,1.0,0.0083125,0.000570625,1,1.0,1.0,0.0
118,380800,-772.121973991394,-7.7212197923660275,-772.121973991394,-7.7212197923660275,0.0,772.121973991394,7.7212197923660275,38.50366401672363,0.3850366640090952,3.410000047683716,0.0,0.0,nan,nan,nan,nan,nan,nan,nan,nan,nan,nan,3808,-0.0007902378625264106,0.014576484821736813,1.5422292351722717,-0.006299532018601894,0.04430985786020756,0.04430985786020756,0.07743844725191593,0.001584934956918005,0.004571874963585287,0.7179310917854309,1.0,0.008298076923076924,0.0005695192307692308,1,1.0,1.0,0.0
119,384000,-831.338529586792,-8.313385629653931,-831.338529586792,-8.313385629653931,0.0,831.338529586792,8.313385629653931,-20.712891578674316,-0.2071291732788083,4.561755595207214,0.0,0.0,nan,nan,nan,nan,nan,nan,nan,nan,nan,nan,3840,-0.0004057442286782953,0.015181645471602678,1.5434848070144653,-0.005600615730509162,0.031999736092984676,0.031999736092984676,0.06867735162377357,0.0017103881167713554,0.0037875000794883817,0.7329026460647583,1.0,0.008283653846153847,0.0005684134615384616,1,1.0,1.0,0.0
120,387200,-827.4477806091309,-8.274477348327636,-827.4477806091309,-8.274477348327636,0.0,827.4477806091309,8.274477348327636,-16.822142601013184,-0.16822089195251344,4.032989180088043,0.0,0.0,-588.8970882892609,-5.888970882892608,-588.8970882892609,-5.888970882892608,100.0,2.309805217385292,0.0,0.0,588.8970882892609,-21.87717843055725,3872,-0.0010668418379849776,0.011422155192121863,1.537090289592743,-0.00806631874293089,0.03958808090537787,0.03958808090537787,0.059221460670232776,0.001977632401394658,0.010656249779276549,0.7669698596000671,1.0,0.008269230769230768,0.0005673076923076923,1,1.0,1.0,0.0
121,390400,-818.7581987380981,-8.187581882476806,-818.7581987380981,-8.187581882476806,0.0,818.7581987380981,8.187581882476806,-8.132560729980469,-0.08132542610168336,3.7532231426239013,0.0,0.0,nan,nan,nan,nan,nan,nan,nan,nan,nan,nan,3904,-0.0007546655973012184,0.019795409869402647,1.5282786250114442,-0.0034726064186543226,0.037846940010786055,0.037846940010786055,0.083630146458745,0.0015063275368447648,0.0036531250370899215,0.5894631147384644,1.0,0.008254807692307693,0.0005662019230769231,1,1.0,1.0,0.0
122,393600,-820.2934141159058,-8.202934446334838,-820.2934141159058,-8.202934446334838,0.0,820.2934141159058,8.202934446334838,-9.667776107788086,-0.09667798995971566,3.5154714179039,0.0,0.0,nan,nan,nan,nan,nan,nan,nan,nan,nan,nan,3936,-0.0016369073714129988,0.015453635714948177,1.5286988973617555,-0.0065071569755673405,0.06937165968120099,0.06937165968120099,0.06494660079479217,0.003564107301644981,0.03079062430479098,0.7311335802078247,1.0,0.008240384615384615,0.0005650961538461539,1,1.0,1.0,0.0
123,396800,-821.2543144226074,-8.212543268203735,-821.2543144226074,-8.212543268203735,0.0,821.2543144226074,8.212543268203735,-10.628676414489746,-0.10628681182861222,4.592048916816712,0.0,0.0,nan,nan,nan,nan,nan,nan,nan,nan,nan,nan,3968,-0.0009262048074975659,0.012858635559678078,1.5239768147468566,-0.007033061888068915,0.034037152864038946,0.034037152864038946,0.06328439190983773,0.0012156019562098662,0.0049468749140942235,0.6761656999588013,1.0,0.008225961538461538,0.0005639903846153846,1,1.0,1.0,0.0
124,400000,-839.3187780380249,-8.393187398910522,-839.3187780380249,-8.393187398910522,0.0,839.3187780380249,8.393187398910522,-28.693140029907227,-0.28693094253539897,4.833754229545593,0.0,0.0,nan,nan,nan,nan,nan,nan,nan,nan,nan,nan,4000,-0.0009951073039672132,0.012578301969915629,1.5215584754943847,-0.007200291939079761,0.054645491763949394,0.054645491763949394,0.06447157450020313,0.002125786251053796,0.010543750136275776,0.611691415309906,1.0,0.008211538461538461,0.0005628846153846154,1,1.0,1.0,0.0
125,403200,-775.9671154022217,-7.759671468734741,-775.9671154022217,-7.759671468734741,0.0,775.9671154022217,7.759671468734741,34.658522605895996,0.3465849876403819,3.6979340887069703,0.0,0.0,nan,nan,nan,nan,nan,nan,nan,nan,nan,nan,4032,-0.001038076698640289,0.009673677571117877,1.5251054167747498,-0.008702703565359116,0.06160295903682709,0.06160295903682709,0.0491720762103796,0.0019327529735164717,0.015865624937578104,0.7980149388313293,1.0,0.008197115384615384,0.0005617788461538462,1,1.0,1.0,0.0
126,406400,-802.5116090774536,-8.025116367340088,-802.5116090774536,-8.025116367340088,0.0,802.5116090774536,8.025116367340088,8.114028930664062,0.08114008903503489,3.711654131412506,0.0,0.0,nan,nan,nan,nan,nan,nan,nan,nan,nan,nan,4064,-0.0012628935454180646,0.00709432358853519,1.5398921370506287,-0.010316194966435432,0.05979068074375391,0.05979068074375391,0.04668242856860161,0.0036447024322114885,0.01955937526654452,0.8250741362571716,1.0,0.008182692307692307,0.0005606730769230769,1,1.0,1.0,0.0
127,409600,-818.171703338623,-8.181717147827149,-818.171703338623,-8.181717147827149,0.0,818.171703338623,8.181717147827149,-7.546065330505371,-0.07546069145202594,4.012001187801361,0.0,0.0,nan,nan,nan,nan,nan,nan,nan,nan,nan,nan,4096,-0.00044206589949880026,0.007860824558883905,1.5374579548835754,-0.009070023568347097,0.029770716466009615,0.029770716466009615,0.04656451195478439,0.0011001217906596139,0.0013531250224332325,0.8063865303993225,1.0,0.00816826923076923,0.0005595673076923077,1,1.0,1.0,0.0
128,412800,-831.3336353302002,-8.313336381912231,-831.3336353302002,-8.313336381912231,0.0,831.3336353302002,8.313336381912231,-20.70799732208252,-0.20707992553710852,4.194781212806702,0.0,0.0,nan,nan,nan,nan,nan,nan,nan,nan,nan,nan,4128,-0.000803209064441024,0.01017822716385126,1.5407114624977112,-0.008276820182800293,0.0364699799567461,0.0364699799567461,0.04994974285364151,0.0016339140544005203,0.006187500013038516,0.7046259045600891,1.0,0.008153846153846154,0.0005584615384615385,1,1.0,1.0,0.0
129,416000,-785.2805671691895,-7.852805199623108,-785.2805671691895,-7.852805199623108,0.0,785.2805671691895,7.852805199623108,25.345070838928223,0.2534512567520144,3.5119069814682007,0.0,0.0,nan,nan,nan,nan,nan,nan,nan,nan,nan,nan,4160,-0.0016927765389670667,0.013859927095472813,1.5214600086212158,-0.007146619725972414,0.07880614101886749,0.07880614101886749,0.06355477832257747,0.003756066455389373,0.03383125071413815,0.6586456894874573,1.0,0.008139423076923077,0.0005573557692307692,1,1.0,1.0,0.0
130,419200,-842.794976234436,-8.427949829101562,-842.794976234436,-8.427949829101562,0.0,842.794976234436,8.427949829101562,-32.16933822631836,-0.3216933727264397,4.090213305950165,0.0,0.0,nan,nan,nan,nan,nan,nan,nan,nan,nan,nan,4192,-0.0008250945608946125,0.00975658423267305,1.510487723350525,-0.008219514647498727,0.04109767209738493,0.04109767209738493,0.05210848487913609,0.0023682435385126155,0.014684374979697167,0.7397054433822632,1.0,0.008125,0.00055625,1,1.0,1.0,0.0
131,422400,-779.3994064331055,-7.793993911743164,-779.3994064331055,-7.793993911743164,0.0,779.3994064331055,7.793993911743164,31.226231575012207,0.3122625446319587,3.756493127346039,0.0,0.0,nan,nan,nan,nan,nan,nan,nan,nan,nan,nan,4224,-0.0007254470108485122,0.007984921894967556,1.5135605454444885,-0.00900883567519486,0.0347817599773407,0.0347817599773407,0.05069428086280823,0.0014830763797363034,0.0047437499248189855,0.749690592288971,1.0,0.008110576923076923,0.0005551442307692308,1,1.0,1.0,0.0
132,425600,-751.4025840759277,-7.514025497436523,-751.4025840759277,-7.514025497436523,0.0,751.4025840759277,7.514025497436523,59.22305393218994,0.5922309589385994,3.2896833920478823,0.0,0.0,nan,nan,nan,nan,nan,nan,nan,nan,nan,nan,4256,-0.0006328189888765934,0.011586608365178108,1.5145984649658204,-0.007101937104016543,0.03561334945261478,0.03561334945261478,0.059380095452070236,0.001316472728649387,0.0037718749954365194,0.6990377306938171,1.0,0.008096153846153847,0.0005540384615384615,1,1.0,1.0,0.0
133,428800,-748.9014949798584,-7.489015274047851,-748.9014949798584,-7.489015274047851,0.0,748.9014949798584,7.489015274047851,61.72414302825928,0.6172411823272714,3.521855368614197,0.0,0.0,nan,nan,nan,nan,nan,nan,nan,nan,nan,nan,4288,-0.0006758089326205641,0.014518912322819233,1.5141561508178711,-0.005653354618698358,0.03565959464758635,0.03565959464758635,0.07017912715673447,0.0014220066703273914,0.0015093750087544322,0.6910895109176636,1.0,0.00808173076923077,0.0005529326923076923,1,1.0,1.0,0.0
134,432000,-772.3730220794678,-7.723730564117432,-772.3730220794678,-7.723730564117432,0.0,772.3730220794678,7.723730564117432,38.2526159286499,0.38252589225769107,3.370415754318237,0.0,0.0,nan,nan,nan,nan,nan,nan,nan,nan,nan,nan,4320,-0.00029124712870176594,0.00734634529799223,1.5056554555892945,-0.008764660777524113,0.029312656447291374,0.029312656447291374,0.046700987964868546,0.0010021852409408893,0.0008531249826774001,0.8397756814956665,1.0,0.008067307692307693,0.0005518269230769231,1,1.0,1.0,0.0
135,435200,-873.4812908172607,-8.734812335968018,-873.4812908172607,-8.734812335968018,0.0,873.4812908172607,8.734812335968018,-62.855652809143066,-0.6285558795928949,4.7996420621871945,0.0,0.0,nan,nan,nan,nan,nan,nan,nan,nan,nan,nan,4352,-0.0010084249421313807,0.013933016546070575,1.507285964488983,-0.006179916625842452,0.04789275974035263,0.04789275974035263,0.05875699557363987,0.0014102359558819445,0.009346875041228487,0.604183554649353,1.0,0.008052884615384615,0.0005507211538461538,1,1.0,1.0,0.0
136,438400,-805.764368057251,-8.057643089294434,-805.764368057251,-8.057643089294434,0.0,805.764368057251,8.057643089294434,4.861269950866699,0.048613367080688974,3.977963380813599,0.0,0.0,nan,nan,nan,nan,nan,nan,nan,nan,nan,nan,4384,-0.0009780008560977826,0.0140523093752563,1.5168241620063783,-0.006144778244197369,0.04179657176136971,0.04179657176136971,0.056579137593507765,0.0011933911748201354,0.005140624981140718,0.6596996784210205,1.0,0.00803846153846154,0.0005496153846153846,1,1.0,1.0,0.0
137,441600,-890.6360082626343,-8.906359910964966,-890.6360082626343,-8.906359910964966,0.0,890.6360082626343,8.906359910964966,-80.0103702545166,-0.8001034545898431,4.673031587600708,0.0,0.0,nan,nan,nan,nan,nan,nan,nan,nan,nan,nan,4416,-0.0009285567031227515,0.01589216599240899,1.5147724390029906,-0.005137066263705492,0.047040343284606934,0.047040343284606934,0.06803668029606343,0.0013210693272412755,0.0016374999828258296,0.6165028810501099,1.0,0.008024038461538461,0.0005485096153846154,1,1.0,1.0,0.0
138,444800,-785.6932077407837,-7.8569319486618046,-785.6932077407837,-7.8569319486618046,0.0,785.6932077407837,7.8569319486618046,24.932430267333984,0.24932450771331816,3.909732758998871,0.0,0.0,nan,nan,nan,nan,nan,nan,nan,nan,nan,nan,4448,-0.0006083787852491085,0.01334385694935918,1.4964325547218322,-0.005922299576923251,0.03886424154043198,0.03886424154043198,0.06192007288336754,0.0016414890546002426,0.001334375037549762,0.5450692772865295,1.0,0.008009615384615384,0.0005474038461538461,1,1.0,1.0,0.0
139,448000,-816.8124990463257,-8.168124856948852,-816.8124990463257,-8.168124856948852,0.0,816.8124990463257,8.168124856948852,-6.186861038208008,-0.06186840057372933,4.189197196960449,0.0,0.0,nan,nan,nan,nan,nan,nan,nan,nan,nan,nan,4480,-0.0007893299953662836,0.018473749700933694,1.5260659217834474,-0.003753644973039627,0.047659681364893916,0.047659681364893916,0.057880626246333125,0.0015631113819836173,0.011312500153144356,0.6459977626800537,1.0,0.007995192307692307,0.0005462980769230769,1,1.0,1.0,0.0
140,451200,-805.6099338531494,-8.056098890304565,-805.6099338531494,-8.056098890304565,0.0,805.6099338531494,8.056098890304565,5.015704154968262,0.05015756607055799,4.297746171951294,0.0,0.0,-559.4357635974884,-5.594357635974884,-559.4357635974884,-5.594357635974884,100.0,2.719696142077446,0.0,0.0,559.4357635974884,7.58414626121521,4512,-0.0006534841260734447,0.01338449763134122,1.525402569770813,-0.006135121686384082,0.033125323615968226,0.033125323615968226,0.06347657144069671,0.0006991864311203244,0.002256250022765016,0.6086159944534302,1.0,0.00798076923076923,0.0005451923076923077,1,1.0,1.0,0.0
141,454400,-825.6620578765869,-8.256620922088622,-825.6620578765869,-8.256620922088622,0.0,825.6620578765869,8.256620922088622,-15.036419868469238,-0.15036446571349948,4.553529725074768,0.0,0.0,nan,nan,nan,nan,nan,nan,nan,nan,nan,nan,4544,-0.0009167737023730194,0.014034090656787157,1.5324408531188964,-0.006107682595029473,0.036859748885035515,0.036859748885035515,0.06157281659543514,0.0008686555975145893,0.0026187500057858414,0.5078421831130981,1.0,0.007966346153846154,0.0005440865384615384,1,1.0,1.0,0.0
142,457600,-867.1418390274048,-8.671418561935425,-867.1418390274048,-8.671418561935425,0.0,867.1418390274048,8.671418561935425,-56.51620101928711,-0.5651621055603027,4.709835667610168,0.0,0.0,nan,nan,nan,nan,nan,nan,nan,nan,nan,nan,4576,-0.0007359773810371006,0.012965082097798586,1.5405155658721923,-0.006503497110679745,0.03732878863811493,0.03732878863811493,0.05330115556716919,0.0017671518900897354,0.007500000030267984,0.6618932485580444,1.0,0.007951923076923077,0.0005429807692307692,1,1.0,1.0,0.0
143,460800,-741.7644195556641,-7.417644405364991,-741.7644195556641,-7.417644405364991,0.0,741.7644195556641,7.417644405364991,68.86121845245361,0.6886120510101321,3.6769430875778197,0.0,0.0,nan,nan,nan,nan,nan,nan,nan,nan,nan,nan,4608,-0.0009112198441119546,0.01108999941498041,1.5478027701377868,-0.007651904970407486,0.036690089479088785,0.036690089479088785,0.04829443097114563,0.0011814904151833615,0.0041593750385800375,0.7227022647857666,1.0,0.0079375,0.000541875,1,1.0,1.0,0.0
144,464000,-838.8193111419678,-8.388192863464356,-838.8193111419678,-8.388192863464356,0.0,838.8193111419678,8.388192863464356,-28.193673133850098,-0.2819364070892334,4.648187432289124,0.0,0.0,nan,nan,nan,nan,nan,nan,nan,nan,nan,nan,4640,-0.0005610207508434329,0.01567815914750099,1.5609254121780396,-0.005089273164048791,0.04089261181652546,0.04089261181652546,0.057800719141960145,0.001178608321060892,0.002434375011944212,0.6212679147720337,1.0,0.007923076923076923,0.0005407692307692307,1,1.0,1.0,0.0
145,467200,-886.3994693756104,-8.863994207382202,-886.3994693756104,-8.863994207382202,0.0,886.3994693756104,8.863994207382202,-75.77383136749268,-0.7577377510070793,4.670103650093079,0.0,0.0,nan,nan,nan,nan,nan,nan,nan,nan,nan,nan,4672,-0.0009506067815818753,0.01095870821736753,1.5521491169929504,-0.0077466621529310945,0.041956464573740956,0.041956464573740956,0.053143265470862386,0.0015053832466946915,0.008162499900208786,0.6778290271759033,1.0,0.007908653846153847,0.0005396634615384615,1,1.0,1.0,0.0
146,470400,-808.8348875045776,-8.088348722457885,-808.8348875045776,-8.088348722457885,0.0,808.8348875045776,8.088348722457885,1.790750503540039,0.017907733917237323,3.8614235496520997,0.0,0.0,nan,nan,nan,nan,nan,nan,nan,nan,nan,nan,4704,-0.0008247239867283484,0.013417459558695555,1.5441872000694274,-0.006306164572015405,0.040736947953701017,0.040736947953701017,0.05669739954173565,0.0012798852567357244,0.006528125115437433,0.7083897590637207,1.0,0.00789423076923077,0.0005385576923076923,1,1.0,1.0,0.0
147,473600,-839.6375751495361,-8.396375751495361,-839.6375751495361,-8.396375751495361,0.0,839.6375751495361,8.396375751495361,-29.011937141418457,-0.29011929512023826,4.664094433784485,0.0,0.0,nan,nan,nan,nan,nan,nan,nan,nan,nan,nan,4736,-0.0013867107634199737,0.016058073844760656,1.5229406476020813,-0.005358153115957975,0.05422610342502594,0.05422610342502594,0.06316365748643875,0.004342083517985884,0.037700000172480944,0.6103360652923584,1.0,0.007879807692307693,0.000537451923076923,1,1.0,1.0,0.0
148,476800,-848.4682779312134,-8.484682903289794,-848.4682779312134,-8.484682903289794,0.0,848.4682779312134,8.484682903289794,-37.8426399230957,-0.37842644691467164,3.8398028779029847,0.0,0.0,nan,nan,nan,nan,nan,nan,nan,nan,nan,nan,4768,-0.0008761061766533907,0.018639516457915305,1.518062674999237,-0.00349649409763515,0.03676759824156761,0.03676759824156761,0.06666000448167324,0.0018363736060564406,0.009256250026373892,0.5966656804084778,1.0,0.007865384615384614,0.0005363461538461539,1,1.0,1.0,0.0
149,480000,-843.1923770904541,-8.431923942565918,-843.1923770904541,-8.431923942565918,0.0,843.1923770904541,8.431923942565918,-32.566739082336426,-0.32566748619079533,4.391521887779236,0.0,0.0,nan,nan,nan,nan,nan,nan,nan,nan,nan,nan,4800,-0.0005913626569759245,0.015442850813269616,1.5309402585029601,-0.004889290733262897,0.02555544413626194,0.02555544413626194,0.055422209203243256,0.0006997553489782149,0.0018687500152736903,0.6923885345458984,1.0,0.00785096153846154,0.0005352403846153847,1,1.0,1.0,0.0
150,483200,-832.9168062210083,-8.3291676902771,-832.9168062210083,-8.3291676902771,0.0,832.9168062210083,8.3291676902771,-22.291168212890625,-0.22291123390197676,4.267336730957031,0.0,0.0,nan,nan,nan,nan,nan,nan,nan,nan,nan,nan,4832,-0.0011761263419757916,0.01627275189384818,1.5213534951210022,-0.004961895430460573,0.06782792247831822,0.06782792247831822,0.061739706620574,0.0022444167494541033,0.022728125179128256,0.6321828365325928,1.0,0.00783653846153846,0.0005341346153846154,1,1.0,1.0,0.0
151,486400,-793.4084768295288,-7.934084749221801,-793.4084768295288,-7.934084749221801,0.0,793.4084768295288,7.934084749221801,17.217161178588867,0.1721717071533213,4.154389462471008,0.0,0.0,nan,nan,nan,nan,nan,nan,nan,nan,nan,nan,4864,-0.0008618642845773184,0.012514878250658511,1.5222910404205323,-0.0065119605045765635,0.05960507430136204,0.05960507430136204,0.05311429724097252,0.002641809247143101,0.013881249981932343,0.6536975502967834,1.0,0.007822115384615384,0.0005330288461538462,1,1.0,1.0,0.0
152,489600,-783.0590400695801,-7.8305907773971555,-783.0590400695801,-7.8305907773971555,0.0,783.0590400695801,7.8305907773971555,27.566597938537598,0.27566567897796723,3.111883375644684,0.0,0.0,nan,nan,nan,nan,nan,nan,nan,nan,nan,nan,4896,-0.0010174305788939852,0.01057961811311543,1.5255249738693237,-0.007638451503589749,0.03448902331292629,0.03448902331292629,0.047856997698545456,0.0014257898757932708,0.01055624996952247,0.7964335083961487,1.0,0.007807692307692307,0.000531923076923077,1,1.0,1.0,0.0
153,492800,-786.2498750686646,-7.86249852180481,-786.2498750686646,-7.86249852180481,0.0,786.2498750686646,7.86249852180481,24.375762939453125,0.24375793457031314,3.6000749135017394,0.0,0.0,nan,nan,nan,nan,nan,nan,nan,nan,nan,nan,4928,-0.0005715668959485499,0.008682443993166089,1.5296019911766052,-0.008150944765657187,0.025887810066342352,0.025887810066342352,0.04581771157681942,0.0006636695230554324,0.0025499999726889657,0.8075412511825562,1.0,0.00779326923076923,0.0005308173076923077,1,1.0,1.0,0.0
154,496000,-811.0390481948853,-8.110390386581422,-811.0390481948853,-8.110390386581422,0.0,811.0390481948853,8.110390386581422,-0.4134101867675781,-0.004133930206299041,3.9944570755958555,0.0,0.0,nan,nan,nan,nan,nan,nan,nan,nan,nan,nan,4960,-0.0007435114806110477,0.014868911262601614,1.531761145591736,-0.005224390234798193,0.03184302914887667,0.03184302914887667,0.05444280579686165,0.0011569682914341684,0.006925000040791929,0.6690509915351868,1.0,0.0077788461538461535,0.0005297115384615385,1,1.0,1.0,0.0
155,499200,-783.5456790924072,-7.835456962585449,-783.5456790924072,-7.835456962585449,0.0,783.5456790924072,7.835456962585449,27.07995891571045,0.2707994937896734,3.4514111471176148,0.0,0.0,nan,nan,nan,nan,nan,nan,nan,nan,nan,nan,4992,-0.0010003066566074636,0.014460981730371714,1.539098358154297,-0.005720027117058634,0.05152612701058388,0.05152612701058388,0.05294528566300869,0.001387175137642771,0.005775000108405948,0.6174325942993164,1.0,0.007764423076923077,0.0005286057692307693,1,1.0,1.0,0.0
156,502400,-736.3167018890381,-7.363166975975036,-736.3167018890381,-7.363166975975036,0.0,736.3167018890381,7.363166975975036,74.30893611907959,0.7430894804000863,3.448371262550354,0.0,0.0,nan,nan,nan,nan,nan,nan,nan,nan,nan,nan,5024,-0.001287085646553976,0.017706699203699827,1.5550729036331177,-0.004485550802201033,0.06418586187064648,0.06418586187064648,0.06024389863014221,0.002403372109984048,0.016121875017415733,0.6685690879821777,1.0,0.00775,0.0005275,1,1.0,1.0,0.0
157,505600,-782.4000825881958,-7.824000835418701,-782.4000825881958,-7.824000835418701,0.0,782.4000825881958,7.824000835418701,28.225555419921875,0.28225562095642154,4.158074605464935,0.0,0.0,nan,nan,nan,nan,nan,nan,nan,nan,nan,nan,5056,-0.0010169602839043002,0.011785164196044206,1.5395828247070313,-0.007033939706161618,0.046745621412992475,0.046745621412992475,0.04338948614895344,0.0025480324438831303,0.015624999894498615,0.7656856179237366,1.0,0.007735576923076923,0.0005263942307692308,1,1.0,1.0,0.0
158,508800,-759.6638879776001,-7.596638879776001,-759.6638879776001,-7.596638879776001,0.0,759.6638879776001,7.596638879776001,50.96175003051758,0.5096175765991218,3.562254273891449,0.0,0.0,nan,nan,nan,nan,nan,nan,nan,nan,nan,nan,5088,-0.0009553237659274627,0.014928815513849258,1.5172752618789673,-0.005206032050773501,0.0384060176089406,0.0384060176089406,0.05262388810515404,0.001132143467111746,0.0049375000147847455,0.6527870297431946,1.0,0.007721153846153846,0.0005252884615384616,1,1.0,1.0,0.0
159,512000,-809.6235485076904,-8.096235394477844,-809.6235485076904,-8.096235394477844,0.0,809.6235485076904,8.096235394477844,1.002089500427246,0.010021061897278472,4.2819082117080685,0.0,0.0,nan,nan,nan,nan,nan,nan,nan,nan,nan,nan,5120,-0.001288226370548351,0.011501428391784429,1.5124639868736267,-0.007193664787337184,0.041931353881955145,0.041931353881955145,0.052667490765452386,0.001436542017472675,0.007540624984540045,0.627657413482666,1.0,0.0077067307692307695,0.0005241826923076923,1,1.0,1.0,0.0
160,515200,-722.7968292236328,-7.227968444824219,-722.7968292236328,-7.227968444824219,0.0,722.7968292236328,7.227968444824219,87.82880878448486,0.8782880115509037,3.410934019088745,0.0,0.0,-572.7212212085724,-5.727212212085724,-572.7212212085724,-5.727212212085724,100.0,2.621563451886177,0.0,0.0,572.7212212085724,-5.701311349868774,5152,-0.0007234035356436408,0.014385887142270803,1.5110778212547302,-0.005154135590419173,0.0491617226973176,0.0491617226973176,0.05494940541684627,0.0014904567826306448,0.009921875130385161,0.6460270881652832,1.0,0.007692307692307693,0.0005230769230769231,1,1.0,1.0,0.0
161,518400,-719.7552680969238,-7.197552809715271,-719.7552680969238,-7.197552809715271,0.0,719.7552680969238,7.197552809715271,90.87036991119385,0.9087036466598519,3.8106423830986023,0.0,0.0,nan,nan,nan,nan,nan,nan,nan,nan,nan,nan,5184,-0.0005376755167496583,0.0149836715310812,1.5183569073677063,-0.004703609179705382,0.029413572140038015,0.029413572140038015,0.05121309831738472,0.0009028613290865906,0.00421562505653128,0.6006292104721069,1.0,0.007677884615384615,0.0005219711538461539,1,1.0,1.0,0.0
162,521600,-825.5083837509155,-8.25508399963379,-825.5083837509155,-8.25508399963379,0.0,825.5083837509155,8.25508399963379,-14.882745742797852,-0.1488275432586672,4.020966820716858,0.0,0.0,nan,nan,nan,nan,nan,nan,nan,nan,nan,nan,5216,-0.0009996649497422184,0.02413410972803831,1.508555805683136,-0.0004933691583573818,0.041038064658641814,0.041038064658641814,0.06010158620774746,0.0016528582353203091,0.00941562508669449,0.47153252363204956,1.0,0.007663461538461538,0.0005208653846153846,1,1.0,1.0,0.0
163,524800,-714.1570529937744,-7.141570897102356,-714.1570529937744,-7.141570897102356,0.0,714.1570529937744,7.141570897102356,96.46858501434326,0.964685559272767,3.2983298325538635,0.0,0.0,nan,nan,nan,nan,nan,nan,nan,nan,nan,nan,5248,-0.0015020774615230436,0.010822511464357375,1.5074235558509828,-0.00762116233818233,0.05632801428437233,0.05632801428437233,0.045940622314810754,0.0021809677418787032,0.019856249817530626,0.7617862224578857,1.0,0.0076490384615384615,0.0005197596153846154,1,1.0,1.0,0.0
164,528000,-807.5125637054443,-8.075125317573548,-807.5125637054443,-8.075125317573548,0.0,807.5125637054443,8.075125317573548,3.11307430267334,0.03113113880157492,4.280305242538452,0.0,0.0,nan,nan,nan,nan,nan,nan,nan,nan,nan,nan,5280,-0.000737647728860602,0.015968894492834805,1.516799557209015,-0.004333381867036223,0.036862106248736384,0.036862106248736384,0.045143716409802435,0.0016899517002457287,0.011818749821031815,0.5768712162971497,1.0,0.007634615384615385,0.0005186538461538462,1,1.0,1.0,0.0
165,531200,-801.307900428772,-8.013078994750977,-801.307900428772,-8.013078994750977,0.0,801.307900428772,8.013078994750977,9.317737579345703,0.09317746162414586,4.229317727088929,0.0,0.0,nan,nan,nan,nan,nan,nan,nan,nan,nan,nan,5312,-0.0010888519275933594,0.018511458393186332,1.5205886483192443,-0.0034203003626316784,0.05576865039765835,0.05576865039765835,0.053425935283303264,0.001692632175399922,0.011096874944632873,0.5128807425498962,1.0,0.007620192307692307,0.0005175480769230769,1,1.0,1.0,0.0
166,534400,-743.1310863494873,-7.431310896873474,-743.1310863494873,-7.431310896873474,0.0,743.1310863494873,7.431310896873474,67.49455165863037,0.6749455595016487,3.4964815545082093,0.0,0.0,nan,nan,nan,nan,nan,nan,nan,nan,nan,nan,5344,-0.0010528305702843354,0.015470178332179785,1.5217517852783202,-0.004891834408044815,0.07590343281626702,0.07590343281626702,0.0576030109077692,0.0012756811687722803,0.009299999906215817,0.5638107061386108,1.0,0.00760576923076923,0.0005164423076923077,1,1.0,1.0,0.0
167,537600,-803.6151638031006,-8.036151695251466,-803.6151638031006,-8.036151695251466,0.0,803.6151638031006,8.036151695251466,7.01047420501709,0.07010476112365716,4.50275339603424,0.0,0.0,nan,nan,nan,nan,nan,nan,nan,nan,nan,nan,5376,-0.0009857885099598229,0.012949110195040702,1.513653326034546,-0.006001899903640151,0.04558135345578194,0.04558135345578194,0.0427625834941864,0.001671254131360911,0.013143749843584374,0.6328151226043701,1.0,0.007591346153846153,0.0005153365384615385,1,1.0,1.0,0.0
168,540800,-729.8682985305786,-7.298683128356934,-729.8682985305786,-7.298683128356934,0.0,729.8682985305786,7.298683128356934,80.75733947753906,0.8075733280181892,3.204359884262085,0.0,0.0,nan,nan,nan,nan,nan,nan,nan,nan,nan,nan,5408,-0.0009405936970098949,0.015025546681135893,1.518522822856903,-0.004933550721034408,0.07264766320586205,0.07264766320586205,0.04921187460422516,0.0017155316556454637,0.008265624917112292,0.5230199098587036,1.0,0.007576923076923077,0.0005142307692307692,1,1.0,1.0,0.0
169,544000,-799.9188947677612,-7.9991885805130005,-799.9188947677612,-7.9991885805130005,0.0,799.9188947677612,7.9991885805130005,10.706743240356445,0.10706787586212219,3.850863285064697,0.0,0.0,nan,nan,nan,nan,nan,nan,nan,nan,nan,nan,5440,-0.0007106077707663694,0.01284368997439742,1.5292704701423645,-0.00585387060418725,0.11523117162287236,0.11523117162287236,0.04175075776875019,0.00302662131289253,0.011362499860115349,0.674645721912384,1.0,0.0075625,0.000513125,1,1.0,1.0,0.0
170,547200,-822.2730989456177,-8.22273096561432,-822.2730989456177,-8.22273096561432,0.0,822.2730989456177,8.22273096561432,-11.6474609375,-0.11647450923919678,3.443403277397156,0.0,0.0,nan,nan,nan,nan,nan,nan,nan,nan,nan,nan,5472,-0.0007276342154771464,0.013017685618251562,1.5318692326545715,-0.005781458551064133,0.09968565702438355,0.09968565702438355,0.046723056212067605,0.0012419207370840013,0.005443749955156818,0.6715253591537476,1.0,0.007548076923076923,0.0005120192307692308,1,1.0,1.0,0.0
171,550400,-849.6534748077393,-8.496534843444824,-849.6534748077393,-8.496534843444824,0.0,849.6534748077393,8.496534843444824,-39.02783679962158,-0.3902783870697011,4.82457266330719,0.0,0.0,nan,nan,nan,nan,nan,nan,nan,nan,nan,nan,5504,-0.0009645066926721845,0.017015317734330893,1.504067587852478,-0.0037879719398915767,0.05435486957430839,0.05435486957430839,0.04712147861719131,0.0029716333461692556,0.01443749996542465,0.6560487151145935,1.0,0.007533653846153846,0.0005109134615384615,1,1.0,1.0,0.0
172,553600,-833.6640014648438,-8.336639852523804,-833.6640014648438,-8.336639852523804,0.0,833.6640014648438,8.336639852523804,-23.038363456726074,-0.23038339614868164,4.04206953048706,0.0,0.0,nan,nan,nan,nan,nan,nan,nan,nan,nan,nan,5536,-0.0006563989029731599,0.019328158348798752,1.5069433569908142,-0.0023233743850141764,0.04357061050832271,0.04357061050832271,0.05101990737020969,0.0014966222617658787,0.008356250106589868,0.4503512978553772,1.0,0.007519230769230769,0.0005098076923076923,1,1.0,1.0,0.0
173,556800,-714.6656837463379,-7.146656970977784,-714.6656837463379,-7.146656970977784,0.0,714.6656837463379,7.146656970977784,95.95995426177979,0.9595994853973391,3.584187467098236,0.0,0.0,nan,nan,nan,nan,nan,nan,nan,nan,nan,nan,5568,-0.0011247614374850557,0.013922496046870948,1.5045974493026733,-0.0054552281275391575,0.06803281120955944,0.06803281120955944,0.04944132529199123,0.0015709929561126047,0.009937500109299436,0.6352832317352295,1.0,0.007504807692307693,0.0005087019230769231,1,1.0,1.0,0.0
174,560000,-812.5083274841309,-8.125083332061768,-812.5083274841309,-8.125083332061768,0.0,812.5083274841309,8.125083332061768,-1.8826894760131836,-0.01882687568664565,3.4817340898513796,0.0,0.0,nan,nan,nan,nan,nan,nan,nan,nan,nan,nan,5600,-0.0008272467633243741,0.016803536098450422,1.5002182364463805,-0.0036626900546252728,0.06521656662225724,0.06521656662225724,0.05114497430622578,0.002612243394833058,0.00857187507499475,0.5942217111587524,1.0,0.007490384615384616,0.0005075961538461538,1,1.0,1.0,0.0
175,563200,-741.3280401229858,-7.413280482292175,-741.3280401229858,-7.413280482292175,0.0,741.3280401229858,7.413280482292175,69.29759788513184,0.6929759740829473,3.7333721828460695,0.0,0.0,nan,nan,nan,nan,nan,nan,nan,nan,nan,nan,5632,-0.0008337423549733102,0.016856241039931774,1.4834938764572143,-0.003496164781972766,0.04005607180297375,0.04005607180297375,0.047414283826947214,0.001711356714804424,0.003374999895459041,0.6769664287567139,1.0,0.007475961538461539,0.0005064903846153846,1,1.0,1.0,0.0
176,566400,-826.3290824890137,-8.263291015625,-826.3290824890137,-8.263291015625,0.0,826.3290824890137,8.263291015625,-15.703444480895996,-0.15703455924987786,3.6050681400299074,0.0,0.0,nan,nan,nan,nan,nan,nan,nan,nan,nan,nan,5664,-0.0013166257126140835,0.01931438744068146,1.4854509949684143,-0.002743181958794594,0.05731456279754639,0.05731456279754639,0.04608597941696644,0.0018005544014158658,0.011118749706292874,0.5563361644744873,1.0,0.007461538461538461,0.0005053846153846154,1,1.0,1.0,0.0
177,569600,-845.3023843765259,-8.453023796081544,-845.3023843765259,-8.453023796081544,0.0,845.3023843765259,8.453023796081544,-34.6767463684082,-0.34676733970642104,4.039310069084167,0.0,0.0,nan,nan,nan,nan,nan,nan,nan,nan,nan,nan,5696,-0.0005898723643622539,0.022067560628056527,1.4696698307991027,-0.0005008933134377002,0.04873545616865158,0.04873545616865158,0.0588121946901083,0.0012252402513695416,0.005837500006600748,0.3679389953613281,1.0,0.0074471153846153845,0.0005042788461538461,1,1.0,1.0,0.0
178,572800,-807.2472238540649,-8.072472372055053,-807.2472238540649,-8.072472372055053,0.0,807.2472238540649,8.072472372055053,3.3784141540527344,0.03378408432006985,3.782956988811493,0.0,0.0,nan,nan,nan,nan,nan,nan,nan,nan,nan,nan,5728,-0.0012416147421113965,0.012338666338473558,1.4841198325157166,-0.006103287264704704,0.07580456025898456,0.07580456025898456,0.03743747845292091,0.0030886561660736335,0.030674999066104647,0.7003618478775024,1.0,0.007432692307692308,0.000503173076923077,1,1.0,1.0,0.0
179,576000,-763.539176940918,-7.635391750335693,-763.539176940918,-7.635391750335693,0.0,763.539176940918,7.635391750335693,47.08646106719971,0.4708647060394293,3.68317307472229,0.0,0.0,nan,nan,nan,nan,nan,nan,nan,nan,nan,nan,5760,-0.0012017834908677472,0.016746902652084828,1.4673598766326905,-0.003713602852076292,0.06580016911029815,0.06580016911029815,0.04914942421019077,0.0025818974994763267,0.019818750233389436,0.665332019329071,1.0,0.007418269230769231,0.0005020673076923078,1,1.0,1.0,0.0
180,579200,-797.714093208313,-7.977141098976135,-797.714093208313,-7.977141098976135,0.0,797.714093208313,7.977141098976135,12.911544799804688,0.12911535739898738,3.5418155121803285,0.0,0.0,-610.5013375282288,-6.1050133752822875,-610.5013375282288,-6.1050133752822875,100.0,3.089450870156288,0.0,0.0,610.5013375282288,-43.48142766952515,5792,-0.000929783659637895,0.013758141547441483,1.4803452730178832,-0.005010961787775159,0.052023212984204294,0.052023212984204294,0.047831900790333746,0.0020888643644866533,0.011721875274088234,0.6439612507820129,1.0,0.007403846153846154,0.0005009615384615384,1,1.0,1.0,0.0
181,582400,-880.378116607666,-8.803781156539918,-880.378116607666,-8.803781156539918,0.0,880.378116607666,8.803781156539918,-69.75247859954834,-0.6975247001647951,4.053614289760589,0.0,0.0,nan,nan,nan,nan,nan,nan,nan,nan,nan,nan,5824,-0.0006445836874306998,0.025116461142897607,1.4373746156692504,0.001292277779430151,0.03614300694316626,0.03614300694316626,0.06039268970489502,0.00145296885893913,0.004428125050253584,0.4164960980415344,1.0,0.007389423076923076,0.0004998557692307693,1,1.0,1.0,0.0
182,585600,-898.379919052124,-8.983798961639405,-898.379919052124,-8.983798961639405,0.0,898.379919052124,8.983798961639405,-87.75428104400635,-0.877542505264282,4.542891974449158,0.0,0.0,nan,nan,nan,nan,nan,nan,nan,nan,nan,nan,5856,-0.000949104477133389,0.022864539176225662,1.451524269580841,-0.00022182655520737172,0.0445426058024168,0.0445426058024168,0.057568150386214254,0.0015563941557047655,0.004881250072139664,0.5473641157150269,1.0,0.007375,0.00049875,1,1.0,1.0,0.0
183,588800,-768.8532085418701,-7.68853253364563,-768.8532085418701,-7.68853253364563,0.0,768.8532085418701,7.68853253364563,41.77242946624756,0.41772392272949244,3.933775954246521,0.0,0.0,nan,nan,nan,nan,nan,nan,nan,nan,nan,nan,5888,-0.0008589790754601978,0.012804169952869416,1.4263947486877442,-0.004955982556566596,0.03373696319758892,0.03373696319758892,0.041781147569417955,0.0019117128715151921,0.006615624946425669,0.5377684831619263,1.0,0.007360576923076923,0.0004976442307692308,1,1.0,1.0,0.0
184,592000,-815.8451318740845,-8.158451166152954,-815.8451318740845,-8.158451166152954,0.0,815.8451318740845,8.158451166152954,-5.219493865966797,-0.05219470977783125,4.195048308372497,0.0,0.0,nan,nan,nan,nan,nan,nan,nan,nan,nan,nan,5920,-0.0009588774899835784,0.01271589482203126,1.4275953412055968,-0.005088264867663383,0.0474875096231699,0.0474875096231699,0.04543682225048542,0.0016290694060444367,0.012628125124319923,0.6511653661727905,1.0,0.007346153846153846,0.0004965384615384616,1,1.0,1.0,0.0
185,595200,-842.9994773864746,-8.429994497299194,-842.9994773864746,-8.429994497299194,0.0,842.9994773864746,8.429994497299194,-32.373839378356934,-0.32373804092407177,4.116644124984742,0.0,0.0,nan,nan,nan,nan,nan,nan,nan,nan,nan,nan,5952,-0.000994697583420212,0.018229707423597575,1.4100928902626038,-0.002218265226110816,0.06024158298969269,0.06024158298969269,0.057869373634457585,0.0016390818145737285,0.012209375004749745,0.5078930854797363,1.0,0.007331730769230769,0.0004954326923076924,1,1.0,1.0,0.0
186,598400,-789.5684604644775,-7.8956846475601195,-789.5684604644775,-7.8956846475601195,0.0,789.5684604644775,7.8956846475601195,21.057177543640137,0.21057180881500326,4.247610659599304,0.0,0.0,nan,nan,nan,nan,nan,nan,nan,nan,nan,nan,5984,-0.0013113417363259216,0.019447150640189648,1.4156447649002075,-0.001946475077420473,0.04553406573832035,0.04553406573832035,0.052927878499031064,0.0010658458817488282,0.008618749916786328,0.5846152901649475,1.0,0.007317307692307692,0.0004943269230769231,1,1.0,1.0,0.0
187,601600,-908.0800800323486,-9.08080060005188,-908.0800800323486,-9.08080060005188,0.0,908.0800800323486,9.08080060005188,-97.45444202423096,-0.9745441436767575,4.617934756278991,0.0,0.0,nan,nan,nan,nan,nan,nan,nan,nan,nan,nan,6016,-0.0007561094180680072,0.015051166620105505,1.429666268825531,-0.003671213565394282,0.0662797749042511,0.0662797749042511,0.05310791470110417,0.0013734638472669759,0.007546874950639904,0.6359043717384338,1.0,0.007302884615384616,0.0004932211538461539,1,1.0,1.0,0.0
188,604800,-888.2333822250366,-8.882334117889405,-888.2333822250366,-8.882334117889405,0.0,888.2333822250366,8.882334117889405,-77.60774421691895,-0.7760776615142824,4.920705633163452,0.0,0.0,nan,nan,nan,nan,nan,nan,nan,nan,nan,nan,6048,-0.001037725587701388,0.02136350702494383,1.4362834811210632,-0.0008242690470069647,0.04423342570662499,0.04423342570662499,0.05832930877804756,0.002033542226854479,0.0070687499857740475,0.46336156129837036,1.0,0.007288461538461539,0.0004921153846153847,1,1.0,1.0,0.0
189,608000,-830.2694892883301,-8.302694816589355,-830.2694892883301,-8.302694816589355,0.0,830.2694892883301,8.302694816589355,-19.643851280212402,-0.19643836021423233,4.0040298533439636,0.0,0.0,nan,nan,nan,nan,nan,nan,nan,nan,nan,nan,6080,-0.0009170357005670482,0.023186583071947098,1.4553436636924744,9.002983570098877e-05,0.04481586404144764,0.04481586404144764,0.056133929267525674,0.001354937056748895,0.0080937501435983,0.6086316108703613,1.0,0.007274038461538462,0.0004910096153846154,1,1.0,1.0,0.0
190,611200,-766.6416807174683,-7.6664170026779175,-766.6416807174683,-7.6664170026779175,0.0,766.6416807174683,7.6664170026779175,43.983957290649414,0.43983945369720523,3.653467445373535,0.0,0.0,nan,nan,nan,nan,nan,nan,nan,nan,nan,nan,6112,-0.0011303742701537002,0.00841578608378768,1.4176724433898926,-0.007214237609878183,0.06295319497585297,0.06295319497585297,0.03739221394062042,0.0025657512160250917,0.014812500157859176,0.7730647325515747,1.0,0.007259615384615385,0.0004899038461538462,1,1.0,1.0,0.0
191,614400,-806.0768566131592,-8.060768632888793,-806.0768566131592,-8.060768632888793,0.0,806.0768566131592,8.060768632888793,4.548781394958496,0.045487823486329404,3.863396577835083,0.0,0.0,nan,nan,nan,nan,nan,nan,nan,nan,nan,nan,6144,-0.00039387965747190724,0.02159957364201546,1.421135663986206,0.00010950597934424877,0.03866913504898548,0.03866913504898548,0.05558468252420425,0.0010871187951124739,0.0047843750038737195,0.6000486612319946,1.0,0.0072451923076923075,0.0004887980769230769,1,1.0,1.0,0.0
192,617600,-893.4074144363403,-8.934074096679687,-893.4074144363403,-8.934074096679687,0.0,893.4074144363403,8.934074096679687,-82.78177642822266,-0.8278176403045645,4.605631070137024,0.0,0.0,nan,nan,nan,nan,nan,nan,nan,nan,nan,nan,6176,-0.0010021364513843167,0.017476693727076054,1.4227964997291564,-0.0025517030153423548,0.05494275167584419,0.05494275167584419,0.05411470346152782,0.0015878471458563581,0.007921874892781488,0.6216986775398254,1.0,0.00723076923076923,0.0004876923076923077,1,1.0,1.0,0.0
193,620800,-824.5766696929932,-8.245766649246216,-824.5766696929932,-8.245766649246216,0.0,824.5766696929932,8.245766649246216,-13.951031684875488,-0.1395101928710929,3.74951607465744,0.0,0.0,nan,nan,nan,nan,nan,nan,nan,nan,nan,nan,6208,-0.0010711693064600514,0.011303919181227685,1.4248494982719422,-0.005701416730880737,0.04384672828018665,0.04384672828018665,0.04203884266316891,0.0017452586245781277,0.010399999996297992,0.7120729684829712,1.0,0.007216346153846153,0.0004865865384615385,1,1.0,1.0,0.0
194,624000,-871.4377288818359,-8.714377002716065,-871.4377288818359,-8.714377002716065,0.0,871.4377288818359,8.714377002716065,-60.81209087371826,-0.6081205463409418,4.866094226837158,0.0,0.0,nan,nan,nan,nan,nan,nan,nan,nan,nan,nan,6240,-0.0010224834290100127,0.011520744953304528,1.4066944479942323,-0.005393016198650002,0.05099388509988785,0.05099388509988785,0.042587364464998244,0.0013367750507313758,0.009993750057765283,0.6024457216262817,1.0,0.007201923076923076,0.0004854807692307692,1,1.0,1.0,0.0
195,627200,-851.3030319213867,-8.513030033111573,-851.3030319213867,-8.513030033111573,0.0,851.3030319213867,8.513030033111573,-40.67739391326904,-0.40677357673645,4.832104163169861,0.0,0.0,nan,nan,nan,nan,nan,nan,nan,nan,nan,nan,6272,-0.0010996543704066219,0.019516744650900364,1.4416582703590393,-0.0017032009549438954,0.05854413397610188,0.05854413397610188,0.05489436723291874,0.0020610210121958517,0.013709374875179491,0.4237133264541626,1.0,0.0071874999999999994,0.000484375,1,1.0,1.0,0.0
196,630400,-852.5517387390137,-8.525517511367799,-852.5517387390137,-8.525517511367799,0.0,852.5517387390137,8.525517511367799,-41.926100730895996,-0.41926105499267585,4.233687806129455,0.0,0.0,nan,nan,nan,nan,nan,nan,nan,nan,nan,nan,6304,-0.001240907510824041,0.01787785729393363,1.4207930207252502,-0.0024934361223131417,0.048468101769685745,0.048468101769685745,0.0558905091136694,0.0022840039571747186,0.015015625016530976,0.6883086562156677,1.0,0.007173076923076923,0.0004832692307692308,1,1.0,1.0,0.0
197,633600,-861.6100101470947,-8.6160999584198,-861.6100101470947,-8.6160999584198,0.0,861.6100101470947,8.6160999584198,-50.98437213897705,-0.5098435020446779,3.9710142493247984,0.0,0.0,nan,nan,nan,nan,nan,nan,nan,nan,nan,nan,6336,-0.0010477843910048357,0.02235629763454199,1.397748601436615,0.00012436597608029843,0.06941494420170784,0.06941494420170784,0.056462091952562334,0.0023682105900661556,0.02014374996506376,0.5193220376968384,1.0,0.007158653846153846,0.00048216346153846155,1,1.0,1.0,0.0
198,636800,-795.5942316055298,-7.9559422302246094,-795.5942316055298,-7.9559422302246094,0.0,795.5942316055298,7.9559422302246094,15.03140640258789,0.15031422615051326,3.5540302205085754,0.0,0.0,nan,nan,nan,nan,nan,nan,nan,nan,nan,nan,6368,-0.0005906898057437715,0.014002500008791685,1.4456892371177674,-0.00391777758486569,0.05147718656808138,0.05147718656808138,0.04399349801242351,0.0018401779539999551,0.00796562508912757,0.6337621808052063,1.0,0.007144230769230769,0.0004810576923076923,1,1.0,1.0,0.0
199,640000,-810.7572870254517,-8.107573103904723,-810.7572870254517,-8.107573103904723,0.0,810.7572870254517,8.107573103904723,-0.13164901733398438,-0.0013166475296007008,3.395259861946106,0.0,0.0,nan,nan,nan,nan,nan,nan,nan,nan,nan,nan,6400,-0.00043193760204265355,0.018932590913027524,1.41369868516922,-0.0010450416710227727,0.034935911372303965,0.034935911372303965,0.05078928396105766,0.0007144244504161179,0.001490624967846088,0.5195208787918091,1.0,0.007129807692307692,0.0004799519230769231,1,1.0,1.0,0.0
200,643200,-826.1612958908081,-8.26161293029785,-826.1612958908081,-8.26161293029785,0.0,826.1612958908081,8.26161293029785,-15.53565788269043,-0.155356473922728,3.821784975528717,0.0,0.0,-593.917934179306,-5.939179341793061,-593.917934179306,-5.939179341793061,100.0,2.2722309052944185,0.0,0.0,593.917934179306,-26.898024320602417,6432,-0.0006532750370970674,0.014131543319672346,1.4485543012619018,-0.003894524369388819,0.06017238274216652,0.06017238274216652,0.04413757808506489,0.0012189344670332503,0.0023500000239437212,0.599006175994873,1.0,0.007115384615384615,0.0004788461538461538,1,1.0,1.0,0.0
201,646400,-835.7688961029053,-8.357689065933227,-835.7688961029053,-8.357689065933227,0.0,835.7688961029053,8.357689065933227,-25.143258094787598,-0.25143260955810476,3.761205976009369,0.0,0.0,nan,nan,nan,nan,nan,nan,nan,nan,nan,nan,6464,-0.0005822736402122608,0.020085214544087647,1.4882372260093688,-0.0011075816117227077,0.0476064708083868,0.0476064708083868,0.060004320740699765,0.0012333282473264262,0.003890624939231202,0.5179551839828491,1.0,0.007100961538461539,0.0004777403846153846,1,1.0,1.0,0.0
202,649600,-793.4628458023071,-7.934628076553345,-793.4628458023071,-7.934628076553345,0.0,793.4628458023071,7.934628076553345,17.162792205810547,0.1716283798217777,3.9218190932273864,0.0,0.0,nan,nan,nan,nan,nan,nan,nan,nan,nan,nan,6496,-0.0012259411477250736,0.01742512369528413,1.4909343242645263,-0.0030789425130933524,0.04722621701657772,0.04722621701657772,0.05529268346726894,0.0018828282165486599,0.00870937492873054,0.485339879989624,1.0,0.007086538461538462,0.00047663461538461537,1,1.0,1.0,0.0
203,652800,-811.7913007736206,-8.11791259765625,-811.7913007736206,-8.11791259765625,0.0,811.7913007736206,8.11791259765625,-1.1656627655029297,-0.011656141281127574,4.0934503865242,0.0,0.0,nan,nan,nan,nan,nan,nan,nan,nan,nan,nan,6528,-0.0005747588097292144,0.012567047402262688,1.4868038535118102,-0.004806083347648382,0.040980706363916396,0.040980706363916396,0.040586380660533904,0.001358367943612393,0.006565624923678115,0.7521399855613708,1.0,0.007072115384615385,0.0004755288461538461,1,1.0,1.0,0.0
204,656000,-820.7837905883789,-8.207838039398194,-820.7837905883789,-8.207838039398194,0.0,820.7837905883789,8.207838039398194,-10.15815258026123,-0.10158158302307108,3.8717497515678407,0.0,0.0,nan,nan,nan,nan,nan,nan,nan,nan,nan,nan,6560,-0.0009175162204541287,0.012607368361204862,1.513081419467926,-0.0052926951553672556,0.048367326334118846,0.048367326334118846,0.04014980718493462,0.002121733860258246,0.011081249848939479,0.7358419895172119,1.0,0.007057692307692307,0.0004744230769230769,1,1.0,1.0,0.0
205,659200,-802.3713388442993,-8.023713574409484,-802.3713388442993,-8.023713574409484,0.0,802.3713388442993,8.023713574409484,8.25429916381836,0.08254288196563841,4.0433717918396,0.0,0.0,nan,nan,nan,nan,nan,nan,nan,nan,nan,nan,6592,-0.0005758366690948424,0.017937929928302766,1.5191357016563416,-0.00230655362829566,0.045737958326935765,0.045737958326935765,0.05369184799492359,0.001033777707198169,0.0014843750046566128,0.7096554040908813,1.0,0.0070432692307692306,0.00047331730769230773,1,1.0,1.0,0.0
206,662400,-844.3831300735474,-8.44383134841919,-844.3831300735474,-8.44383134841919,0.0,844.3831300735474,8.44383134841919,-33.75749206542969,-0.3375748920440671,4.172896199226379,0.0,0.0,nan,nan,nan,nan,nan,nan,nan,nan,nan,nan,6624,-0.0013633549608406792,0.014637421909719705,1.5080116868019104,-0.004644226096570492,0.06402448080480098,0.06402448080480098,0.05369988009333611,0.0029081211923767114,0.02359687474090606,0.5859061479568481,1.0,0.007028846153846154,0.0004722115384615385,1,1.0,1.0,0.0
207,665600,-768.5802707672119,-7.685802907943725,-768.5802707672119,-7.685802907943725,0.0,768.5802707672119,7.685802907943725,42.04536724090576,0.4204535484313974,4.115255889892578,0.0,0.0,nan,nan,nan,nan,nan,nan,nan,nan,nan,nan,6656,-0.0009203337249927834,0.01206329008564353,1.532830047607422,-0.005640607234090567,0.07186154685914517,0.07186154685914517,0.0478937279433012,0.0032802580666611903,0.015950000504381022,0.7016869187355042,1.0,0.007014423076923077,0.00047110576923076923,1,1.0,1.0,0.0
208,668800,-805.2523326873779,-8.052523245811463,-805.2523326873779,-8.052523245811463,0.0,805.2523326873779,8.052523245811463,5.373305320739746,0.053733210563660094,4.094124202728271,0.0,0.0,nan,nan,nan,nan,nan,nan,nan,nan,nan,nan,6688,-0.0010863660016795507,0.022529240138828753,1.5329789876937867,-0.0005525993648916483,0.053246866911649704,0.053246866911649704,0.06193843930959701,0.0023324198642512783,0.010934374795760959,0.558230996131897,1.0,0.007,0.00047000000000000004,1,1.0,1.0,0.0
209,672000,-744.5443515777588,-7.4454433679580685,-744.5443515777588,-7.4454433679580685,0.0,744.5443515777588,7.4454433679580685,66.08128643035889,0.6608130884170542,3.8200128173828123,0.0,0.0,nan,nan,nan,nan,nan,nan,nan,nan,nan,nan,6720,-0.0005703953151881436,0.021171547751873732,1.5213217258453369,-0.0006119311787188053,0.037270637974143025,0.037270637974143025,0.06326181516051292,0.0012845347198890522,0.002493749973655213,0.5522419214248657,1.0,0.006985576923076923,0.0004688942307692308,1,1.0,1.0,0.0
210,675200,-890.0326862335205,-8.900326499938965,-890.0326862335205,-8.900326499938965,0.0,890.0326862335205,8.900326499938965,-79.40704822540283,-0.7940700435638419,4.830321869850159,0.0,0.0,nan,nan,nan,nan,nan,nan,nan,nan,nan,nan,6752,-0.0011113515288686316,0.02011236809194088,1.5275253415107728,-0.0017037816811352967,0.07357282228767872,0.07357282228767872,0.05658332593739033,0.0020003901146992574,0.01932187505881302,0.6001259088516235,1.0,0.006971153846153846,0.00046778846153846154,1,1.0,1.0,0.0
211,678400,-686.0785436630249,-6.860785570144653,-686.0785436630249,-6.860785570144653,0.0,686.0785436630249,6.860785570144653,124.54709434509277,1.2454708862304695,3.108890342712402,0.0,0.0,nan,nan,nan,nan,nan,nan,nan,nan,nan,nan,6784,-0.000815382955327948,0.021241416223347187,1.529884123802185,-0.000837667053565383,0.04135439209640026,0.04135439209640026,0.06019503399729729,0.0015716963338491042,0.007906249930965715,0.4765757918357849,1.0,0.006956730769230769,0.0004666826923076923,1,1.0,1.0,0.0
212,681600,-768.8767471313477,-7.688767318725586,-768.8767471313477,-7.688767318725586,0.0,768.8767471313477,7.688767318725586,41.74889087677002,0.4174891376495369,3.6135898280143737,0.0,0.0,nan,nan,nan,nan,nan,nan,nan,nan,nan,nan,6816,-0.0007647155009500751,0.011625878978520632,1.533633542060852,-0.0055987317580729725,0.0366635849699378,0.0366635849699378,0.03690498992800713,0.0014427649653953266,0.0037749999173684046,0.6635286808013916,1.0,0.006942307692307692,0.00046557692307692305,1,1.0,1.0,0.0
213,684800,-893.6325416564941,-8.936325359344483,-893.6325416564941,-8.936325359344483,0.0,893.6325416564941,8.936325359344483,-83.00690364837646,-0.8300689029693604,4.771123714447022,0.0,0.0,nan,nan,nan,nan,nan,nan,nan,nan,nan,nan,6848,-0.0011879433550173956,0.020974816381931306,1.5258253455162047,-0.0012712772004306316,0.0570820651948452,0.0570820651948452,0.05189058929681778,0.002179897534369957,0.016134375150431878,0.5710235238075256,1.0,0.006927884615384615,0.00046447115384615385,1,1.0,1.0,0.0
214,688000,-820.7899589538574,-8.207899675369262,-820.7899589538574,-8.207899675369262,0.0,820.7899589538574,8.207899675369262,-10.164320945739746,-0.10164321899413942,4.122922661304474,0.0,0.0,nan,nan,nan,nan,nan,nan,nan,nan,nan,nan,6880,-0.0009618175393261375,0.01998151037842035,1.5491575479507447,-0.001681103790178895,0.04107125662267208,0.04107125662267208,0.053192585706710815,0.001256064326298656,0.006081250002898742,0.4442219138145447,1.0,0.0069134615384615385,0.0004633653846153846,1,1.0,1.0,0.0
215,691200,-821.0917205810547,-8.210917382240295,-821.0917205810547,-8.210917382240295,0.0,821.0917205810547,8.210917382240295,-10.466082572937012,-0.10466092586517206,4.335337781906128,0.0,0.0,nan,nan,nan,nan,nan,nan,nan,nan,nan,nan,6912,-0.0005633991908806201,0.019221457093954085,1.5442097067832947,-0.0016062325797975064,0.047717171534895894,0.047717171534895894,0.04990084432065487,0.0013445906886772718,0.006837500033725519,0.5445718765258789,1.0,0.006899038461538462,0.00046225961538461536,1,1.0,1.0,0.0
216,694400,-760.6080894470215,-7.606080908775329,-760.6080894470215,-7.606080908775329,0.0,760.6080894470215,7.606080908775329,50.01754856109619,0.5001755475997935,3.549322600364685,0.0,0.0,nan,nan,nan,nan,nan,nan,nan,nan,nan,nan,6944,-0.0007762792932162199,0.01193001065403223,1.5655909061431885,-0.005589765217155218,0.04316794648766518,0.04316794648766518,0.04509384855628014,0.0014639019675087184,0.006065624975599348,0.5848639011383057,1.0,0.006884615384615385,0.00046115384615384616,1,1.0,1.0,0.0
217,697600,-845.148434638977,-8.451483840942382,-845.148434638977,-8.451483840942382,0.0,845.148434638977,8.451483840942382,-34.522796630859375,-0.3452273845672593,4.508056721687317,0.0,0.0,nan,nan,nan,nan,nan,nan,nan,nan,nan,nan,6976,-0.0009163239432964154,0.020095606986433267,1.5668553233146667,-0.0016331181395798922,0.0545355748385191,0.0545355748385191,0.060785839706659316,0.0011305179636110553,0.009653124923352152,0.3884155750274658,1.0,0.006870192307692308,0.00046004807692307697,1,1.0,1.0,0.0
218,700800,-740.7083683013916,-7.407083463668823,-740.7083683013916,-7.407083463668823,0.0,740.7083683013916,7.407083463668823,69.91726970672607,0.6991729927062993,3.728897988796234,0.0,0.0,nan,nan,nan,nan,nan,nan,nan,nan,nan,nan,7008,-0.0005603682466460924,0.01545603247359395,1.5763081073760987,-0.003639156324788928,0.037401318177580835,0.037401318177580835,0.05080642439424991,0.0008182351655705133,0.004934375075390562,0.5858789086341858,1.0,0.006855769230769231,0.0004589423076923077,1,1.0,1.0,0.0
219,704000,-865.092230796814,-8.650922079086303,-865.092230796814,-8.650922079086303,0.0,865.092230796814,8.650922079086303,-54.46659278869629,-0.5446656227111806,4.455871381759644,0.0,0.0,nan,nan,nan,nan,nan,nan,nan,nan,nan,nan,7040,-0.0005838224527368041,0.023338126949965954,1.570521104335785,0.00034076254814863205,0.03865380920469761,0.03865380920469761,0.055430838465690614,0.0009461991045100149,0.006450000038239523,0.4782009720802307,1.0,0.0068413461538461545,0.00045783653846153847,1,1.0,1.0,0.0
220,707200,-882.2772750854492,-8.822772941589356,-882.2772750854492,-8.822772941589356,0.0,882.2772750854492,8.822772941589356,-71.65163707733154,-0.7165164852142336,4.626317977905273,0.0,0.0,-477.29965913295746,-4.772996591329575,-477.29965913295746,-4.772996591329575,100.0,2.1527877485752107,0.0,0.0,477.29965913295746,89.72025072574615,7072,-0.0007068432163679361,0.028644681721925736,1.57398362159729,0.0028700321912765504,0.046063392981886865,0.046063392981886865,0.060610104352235794,0.0008563421466533328,0.005971874995157123,0.3574939966201782,1.0,0.006826923076923076,0.0004567307692307692,1,1.0,1.0,0.0
221,710400,-827.3520231246948,-8.27352026939392,-827.3520231246948,-8.27352026939392,0.0,827.3520231246948,8.27352026939392,-16.72638511657715,-0.16726381301879734,4.3384821462631225,0.0,0.0,nan,nan,nan,nan,nan,nan,nan,nan,nan,nan,7104,-0.0008956099996284995,0.014597197435796261,1.5740693926811218,-0.004320358857512474,0.03783035054802895,0.03783035054802895,0.04640555717051029,0.0016188974157557822,0.00517812505713664,0.5820993185043335,1.0,0.006812499999999999,0.000455625,1,1.0,1.0,0.0
222,713600,-714.3488311767578,-7.143488349914551,-714.3488311767578,-7.143488349914551,0.0,714.3488311767578,7.143488349914551,96.27680683135986,0.9627681064605715,3.305617790222168,0.0,0.0,nan,nan,nan,nan,nan,nan,nan,nan,nan,nan,7136,-0.0006991097295191651,0.016571316588670015,1.5729212880134582,-0.003106291312724352,0.05002074763178825,0.05002074763178825,0.057273964211344716,0.0008706728825927712,0.00730312510713702,0.4917116165161133,1.0,0.006798076923076922,0.0004545192307692308,1,1.0,1.0,0.0
223,716800,-851.4900646209717,-8.514900741577149,-851.4900646209717,-8.514900741577149,0.0,851.4900646209717,8.514900741577149,-40.864426612854004,-0.4086442852020262,4.108879692554474,0.0,0.0,nan,nan,nan,nan,nan,nan,nan,nan,nan,nan,7168,-0.0004406269829836607,0.018488986231386662,1.577587902545929,-0.0018979444168508053,0.028256892785429956,0.028256892785429956,0.053099436312913896,0.0005830178037285805,0.001103125000372529,0.49447864294052124,1.0,0.0067836538461538455,0.00045341346153846153,1,1.0,1.0,0.0
224,720000,-836.046648979187,-8.36046636581421,-836.046648979187,-8.36046636581421,0.0,836.046648979187,8.36046636581421,-25.421010971069336,-0.25420990943908706,3.823827760219574,0.0,0.0,nan,nan,nan,nan,nan,nan,nan,nan,nan,nan,7200,-0.0010464526630705074,0.016682706866413356,1.5733286261558532,-0.0033553237561136486,0.04221340715885162,0.04221340715885162,0.04692773148417473,0.0011835283377877204,0.0018968749842315446,0.45758384466171265,1.0,0.006769230769230769,0.0004523076923076923,1,1.0,1.0,0.0
225,723200,-875.076639175415,-8.750766315460204,-875.076639175415,-8.750766315460204,0.0,875.076639175415,8.750766315460204,-64.45100116729736,-0.6445098590850815,4.292167201042175,0.0,0.0,nan,nan,nan,nan,nan,nan,nan,nan,nan,nan,7232,-0.0004671275536763275,0.018782216869294644,1.5566017389297486,-0.0015905643813312054,0.050575156882405284,0.050575156882405284,0.052051099762320516,0.0008496946225932334,0.0028218749910593035,0.4753994941711426,1.0,0.006754807692307692,0.0004512019230769231,1,1.0,1.0,0.0
226,726400,-853.9001455307007,-8.539001693725586,-853.9001455307007,-8.539001693725586,0.0,853.9001455307007,8.539001693725586,-43.27450752258301,-0.43274523735046344,4.096427807807922,0.0,0.0,nan,nan,nan,nan,nan,nan,nan,nan,nan,nan,7264,-0.0009415039206388976,0.018873017840087415,1.5567508459091186,-0.0019980943761765957,0.06097149401903153,0.06097149401903153,0.0516700092703104,0.0011434228843427263,0.006906250101746991,0.6072273254394531,1.0,0.006740384615384615,0.00045009615384615384,1,1.0,1.0,0.0
227,729600,-854.0950613021851,-8.540950136184692,-854.0950613021851,-8.540950136184692,0.0,854.0950613021851,8.540950136184692,-43.46942329406738,-0.43469367980956974,4.21413791179657,0.0,0.0,nan,nan,nan,nan,nan,nan,nan,nan,nan,nan,7296,-0.0010088566527003628,0.016476080194115637,1.5522264122962952,-0.0032110312953591348,0.07927124798297883,0.07927124798297883,0.05645686462521553,0.0012000820141111034,0.0051187500241212545,0.5298866033554077,1.0,0.006725961538461538,0.00044899038461538465,1,1.0,1.0,0.0
228,732800,-839.3880014419556,-8.393879718780518,-839.3880014419556,-8.393879718780518,0.0,839.3880014419556,8.393879718780518,-28.76236343383789,-0.28762326240539515,4.062612292766571,0.0,0.0,nan,nan,nan,nan,nan,nan,nan,nan,nan,nan,7328,-0.0007586228256059258,0.023865640722215177,1.5524202823638915,0.000755069125443697,0.07712212316691876,0.07712212316691876,0.056389767304062845,0.0019194365246221422,0.014578125113621354,0.541979193687439,1.0,0.0067115384615384615,0.0004478846153846154,1,1.0,1.0,0.0
229,736000,-795.6063919067383,-7.956063933372498,-795.6063919067383,-7.956063933372498,0.0,795.6063919067383,7.956063933372498,15.019246101379395,0.15019252300262487,3.9186692953109743,0.0,0.0,nan,nan,nan,nan,nan,nan,nan,nan,nan,nan,7360,-0.0003477727080083426,0.014707180112600327,1.563611924648285,-0.0034658723510801793,0.03871585689485073,0.03871585689485073,0.04717854261398315,0.00110524017654825,0.0016468750276544598,0.6834673881530762,1.0,0.006697115384615385,0.00044677884615384615,1,1.0,1.0,0.0
230,739200,-820.3642377853394,-8.203642768859863,-820.3642377853394,-8.203642768859863,0.0,820.3642377853394,8.203642768859863,-9.73859977722168,-0.0973863124847405,4.4342290925979615,0.0,0.0,nan,nan,nan,nan,nan,nan,nan,nan,nan,nan,7392,-0.001013595389819244,0.023199685290455817,1.5583113312721253,0.00017253225669264794,0.08219735212624073,0.08219735212624073,0.06162809319794178,0.0013734674779698254,0.003375000010419171,0.45681673288345337,1.0,0.006682692307692308,0.0004456730769230769,1,1.0,1.0,0.0
231,742400,-870.611873626709,-8.706118459701537,-870.611873626709,-8.706118459701537,0.0,870.611873626709,8.706118459701537,-59.98623561859131,-0.5998620033264146,4.3999277687072755,0.0,0.0,nan,nan,nan,nan,nan,nan,nan,nan,nan,nan,7424,-0.00036856259462076936,0.01793778846040368,1.5614407420158387,-0.0018117754254490138,0.06813329085707664,0.06813329085707664,0.05259414874017239,0.0016594472908764146,0.006509375036694109,0.35289931297302246,1.0,0.00666826923076923,0.0004445673076923077,1,1.0,1.0,0.0
232,745600,-863.9008932113647,-8.63900876045227,-863.9008932113647,-8.63900876045227,0.0,863.9008932113647,8.63900876045227,-53.27525520324707,-0.5327523040771478,4.662421455383301,0.0,0.0,nan,nan,nan,nan,nan,nan,nan,nan,nan,nan,7456,-0.00030603502028174744,0.01854722062125802,1.564128291606903,-0.0014398938044905662,0.028126311674714088,0.028126311674714088,0.05116919726133347,0.0005857800399098779,0.003340625000419095,0.6426851749420166,1.0,0.006653846153846153,0.00044346153846153846,1,1.0,1.0,0.0
233,748800,-841.8378086090088,-8.418377485275268,-841.8378086090088,-8.418377485275268,0.0,841.8378086090088,8.418377485275268,-31.212170600891113,-0.3121210289001457,4.680299510955811,0.0,0.0,nan,nan,nan,nan,nan,nan,nan,nan,nan,nan,7488,-0.0006667865171097632,0.0385067043825984,1.561919057369232,0.008216324541717768,0.03656555525958538,0.03656555525958538,0.0843125857412815,0.0010213517918600701,0.007275000016670674,0.18941110372543335,1.0,0.006639423076923077,0.0004423557692307692,1,1.0,1.0,0.0
234,752000,-864.8481330871582,-8.648481588363648,-864.8481330871582,-8.648481588363648,0.0,864.8481330871582,8.648481588363648,-54.22249507904053,-0.5422251319885252,4.811205844879151,0.0,0.0,nan,nan,nan,nan,nan,nan,nan,nan,nan,nan,7520,-0.00042377713418972895,0.026334917917847634,1.5578338623046875,0.0024230324663221834,0.028133062086999415,0.028133062086999415,0.06459290161728859,0.0006317347915683058,0.0007781250053085387,0.46671509742736816,1.0,0.006625,0.00044125,1,1.0,1.0,0.0
235,755200,-784.40025806427,-7.844003171920776,-784.40025806427,-7.844003171920776,0.0,784.40025806427,7.844003171920776,26.225379943847656,0.2622532844543466,4.603180799484253,0.0,0.0,nan,nan,nan,nan,nan,nan,nan,nan,nan,nan,7552,-0.0003222200412812626,0.024995615892112254,1.5592860341072083,0.0018678075633943082,0.030662469938397406,0.030662469938397406,0.057933535799384116,0.00042296779047319434,0.00234062495874241,0.5224944353103638,1.0,0.006610576923076923,0.00044014423076923077,1,1.0,1.0,0.0
236,758400,-826.5869770050049,-8.265870151519776,-826.5869770050049,-8.265870151519776,0.0,826.5869770050049,8.265870151519776,-15.961338996887207,-0.15961369514465318,4.114406006336212,0.0,0.0,nan,nan,nan,nan,nan,nan,nan,nan,nan,nan,7584,-0.00040081558545788096,0.012713433895260095,1.5536977648735046,-0.0042925284709781405,0.04101158268749714,0.04101158268749714,0.045162678509950635,0.0006680105372652179,0.0014843749842839316,0.506964385509491,1.0,0.006596153846153846,0.0004390384615384616,1,1.0,1.0,0.0
237,761600,-857.715856552124,-8.577158336639405,-857.715856552124,-8.577158336639405,0.0,857.715856552124,8.577158336639405,-47.09021854400635,-0.47090188026428237,4.634204592704773,0.0,0.0,nan,nan,nan,nan,nan,nan,nan,nan,nan,nan,7616,-0.001044854753243274,0.015100307017564773,1.5459712982177733,-0.0036698680371046065,0.07760256249457598,0.07760256249457598,0.04794290252029896,0.0034450140323315282,0.01483749996878032,0.5971814393997192,1.0,0.006581730769230769,0.00043793269230769233,1,1.0,1.0,0.0
238,764800,-811.6396942138672,-8.116397304534912,-811.6396942138672,-8.116397304534912,0.0,811.6396942138672,8.116397304534912,-1.0140562057495117,-0.010140848159789329,3.7678841853141787,0.0,0.0,nan,nan,nan,nan,nan,nan,nan,nan,nan,nan,7648,-0.001089737623522513,0.013273642864078283,1.549261701107025,-0.004627394629642368,0.07428301647305488,0.07428301647305488,0.04617966301739216,0.002782977663446218,0.020218749658670276,0.5694893598556519,1.0,0.006567307692307692,0.0004368269230769231,1,1.0,1.0,0.0
239,768000,-818.0006494522095,-8.180006380081176,-818.0006494522095,-8.180006380081176,0.0,818.0006494522095,8.180006380081176,-7.375011444091797,-0.07374992370605327,3.6614509987831116,0.0,0.0,nan,nan,nan,nan,nan,nan,nan,nan,nan,nan,7680,-0.0004414832767709598,0.01119241639971733,1.5545681357383727,-0.005032181041315198,0.0344660185277462,0.0344660185277462,0.04176403395831585,0.001441570823226357,0.0021843750204425306,0.6818260550498962,1.0,0.006552884615384615,0.00043572115384615383,1,1.0,1.0,0.0
240,771200,-885.3140287399292,-8.853140325546265,-885.3140287399292,-8.853140325546265,0.0,885.3140287399292,8.853140325546265,-74.68839073181152,-0.7468838691711426,4.569747595787049,0.0,0.0,-763.4005525112152,-7.634005525112152,-763.4005525112152,-7.634005525112152,100.0,3.89065882563591,0.0,0.0,763.4005525112152,-196.3806426525116,7712,-0.0005500388414191537,0.031226583756506443,1.5687442660331725,0.004806078877300024,0.036833103746175766,0.036833103746175766,0.07129130363464356,0.0012693163655058016,0.0028718749337713232,0.2665279507637024,1.0,0.006538461538461538,0.0004346153846153846,1,1.0,1.0,0.0
241,774400,-843.3754720687866,-8.433754663467408,-843.3754720687866,-8.433754663467408,0.0,843.3754720687866,8.433754663467408,-32.749834060668945,-0.32749820709228494,3.8367828845977785,0.0,0.0,nan,nan,nan,nan,nan,nan,nan,nan,nan,nan,7744,-0.0004828229760547309,0.010552339628338814,1.5787002801895142,-0.005506154522299767,0.038713596761226654,0.038713596761226654,0.04257336892187595,0.001341384915576782,0.002253124976414256,0.62251877784729,1.0,0.006524038461538461,0.0004335096153846154,1,1.0,1.0,0.0
242,777600,-870.9337558746338,-8.709337549209595,-870.9337558746338,-8.709337549209595,0.0,870.9337558746338,8.709337549209595,-60.30811786651611,-0.6030810928344721,4.160907320976257,0.0,0.0,nan,nan,nan,nan,nan,nan,nan,nan,nan,nan,7776,-0.000734476737387002,0.020507933013141154,1.5758703589439391,-0.0007388204336166382,0.052604693174362185,0.052604693174362185,0.0658923003822565,0.0018449190851242748,0.006262499789590948,0.4461767077445984,1.0,0.0065096153846153845,0.00043240384615384614,1,1.0,1.0,0.0
243,780800,-907.9390687942505,-9.079390726089478,-907.9390687942505,-9.079390726089478,0.0,907.9390687942505,9.079390726089478,-97.31343078613281,-0.9731342697143557,5.059288411140442,0.0,0.0,nan,nan,nan,nan,nan,nan,nan,nan,nan,nan,7808,-0.0008787880432384654,0.028609181940555572,1.5487822532653808,0.0033661645837128164,0.04270107448101044,0.04270107448101044,0.06564076505601406,0.001902847860037582,0.004784375009694486,0.45024287700653076,1.0,0.006495192307692308,0.00043129807692307695,1,1.0,1.0,0.0
244,784000,-790.4453783035278,-7.904453525543213,-790.4453783035278,-7.904453525543213,0.0,790.4453783035278,7.904453525543213,20.180259704589844,0.20180293083191003,4.09984664440155,0.0,0.0,nan,nan,nan,nan,nan,nan,nan,nan,nan,nan,7840,-0.0008038224580756648,0.01361635336652398,1.5333582282066345,-0.003932986734434962,0.052311398833990094,0.052311398833990094,0.04929230771958828,0.001510913614401943,0.0012281250208616256,0.5455204844474792,1.0,0.006480769230769231,0.0004301923076923077,1,1.0,1.0,0.0
245,787200,-776.703372001648,-7.7670335817337035,-776.703372001648,-7.7670335817337035,0.0,776.703372001648,7.7670335817337035,33.92226600646973,0.3392228746414192,4.28093761920929,0.0,0.0,nan,nan,nan,nan,nan,nan,nan,nan,nan,nan,7872,-0.000555963374080548,0.017962965834885835,1.5257917523384095,-0.0014407784212380648,0.06793835200369358,0.06793835200369358,0.055999450758099555,0.0021208223814028317,0.012240625132108107,0.4756162166595459,1.0,0.006466346153846154,0.00042908653846153845,1,1.0,1.0,0.0
246,790400,-812.1822528839111,-8.1218230342865,-812.1822528839111,-8.1218230342865,0.0,812.1822528839111,8.1218230342865,-1.556614875793457,-0.015566577911377166,4.458006958961487,0.0,0.0,nan,nan,nan,nan,nan,nan,nan,nan,nan,nan,7904,-0.0005362492246437256,0.022798998281359673,1.5379563331604005,0.0009404741693288087,0.029561231657862664,0.029561231657862664,0.06371734328567982,0.0018691803816182073,0.003425000043353066,0.41489648818969727,1.0,0.006451923076923077,0.00042798076923076926,1,1.0,1.0,0.0
247,793600,-860.5295877456665,-8.605296020507813,-860.5295877456665,-8.605296020507813,0.0,860.5295877456665,8.605296020507813,-49.90394973754883,-0.49903956413269057,4.954318466186524,0.0,0.0,nan,nan,nan,nan,nan,nan,nan,nan,nan,nan,7936,-0.0004438607927033544,0.01723318761214614,1.538393771648407,-0.0017306767404079437,0.06124365292489529,0.06124365292489529,0.05042534917593002,0.0007535220374847995,0.001462500012712553,0.4693760871887207,1.0,0.0064375000000000005,0.000426875,1,1.0,1.0,0.0
248,796800,-839.1478157043457,-8.39147837638855,-839.1478157043457,-8.39147837638855,0.0,839.1478157043457,8.39147837638855,-28.522177696228027,-0.28522192001342717,3.814002287387848,0.0,0.0,nan,nan,nan,nan,nan,nan,nan,nan,nan,nan,7968,-0.0008259929499123241,0.01698019551113248,1.5274454951286316,-0.0021467954386025665,0.05370562858879566,0.05370562858879566,0.05866167470812798,0.0019939445228374097,0.003893749909912003,0.49725186824798584,1.0,0.006423076923076924,0.0004257692307692308,1,1.0,1.0,0.0
249,800000,-859.0315418243408,-8.590315580368042,-859.0315418243408,-8.590315580368042,0.0,859.0315418243408,8.590315580368042,-48.405903816223145,-0.4840591239929193,4.781630773544311,0.0,0.0,nan,nan,nan,nan,nan,nan,nan,nan,nan,nan,8000,-0.0006706703366479161,0.0221888804808259,1.498710572719574,0.0008190529420971871,0.05707300789654255,0.05707300789654255,0.051872392371296885,0.0014900385343935342,0.0046374999918043615,0.4833046793937683,1.0,0.006408653846153845,0.0004246634615384615,1,1.0,1.0,0.0
250,803200,-794.5450973510742,-7.945450782775879,-794.5450973510742,-7.945450782775879,0.0,794.5450973510742,7.945450782775879,16.080540657043457,0.1608056735992438,3.9472798180580138,0.0,0.0,nan,nan,nan,nan,nan,nan,nan,nan,nan,nan,8032,-0.000987728099944052,0.009460207354277373,1.4913461685180665,-0.005793636059388518,0.09413118176162243,0.09413118176162243,0.03782824985682964,0.0027528130391146987,0.025418750185053796,0.800067663192749,1.0,0.006394230769230768,0.0004235576923076923,1,1.0,1.0,0.0
251,806400,-865.4460067749023,-8.654460506439209,-865.4460067749023,-8.654460506439209,0.0,865.4460067749023,8.654460506439209,-54.82036876678467,-0.5482040500640863,4.185452299118042,0.0,0.0,nan,nan,nan,nan,nan,nan,nan,nan,nan,nan,8064,-0.0006808569101266926,0.015882223844528198,1.5075114488601684,-0.002357378415763378,0.05959507562220097,0.05959507562220097,0.06109593734145165,0.002839722254429944,0.019278125018900027,0.5876491069793701,1.0,0.006379807692307692,0.00042245192307692307,1,1.0,1.0,0.0
252,809600,-869.2416639328003,-8.692416391372682,-869.2416639328003,-8.692416391372682,0.0,869.2416639328003,8.692416391372682,-58.61602592468262,-0.5861599349975588,4.683146214485168,0.0,0.0,nan,nan,nan,nan,nan,nan,nan,nan,nan,nan,8096,-0.00026721182954325684,0.029107652604579926,1.4873336672782898,0.004819163959473372,0.065863748639822,0.065863748639822,0.07469822280108929,0.0006288087250140961,0.00227187499840511,0.45187902450561523,1.0,0.006365384615384615,0.0004213461538461538,1,1.0,1.0,0.0
253,812800,-831.017539024353,-8.310175161361695,-831.017539024353,-8.310175161361695,0.0,831.017539024353,8.310175161361695,-20.39190101623535,-0.20391870498657205,3.559047646522522,0.0,0.0,nan,nan,nan,nan,nan,nan,nan,nan,nan,nan,8128,-0.0008553500757785493,0.015588614251464605,1.489664375782013,-0.002521844068542123,0.0551823154091835,0.0551823154091835,0.056099260598421095,0.0013806830000248737,0.00813125009299256,0.5894901752471924,1.0,0.006350961538461538,0.00042024038461538463,1,1.0,1.0,0.0
254,816000,-819.894492149353,-8.198944883346558,-819.894492149353,-8.198944883346558,0.0,819.894492149353,8.198944883346558,-9.268854141235352,-0.09268842697143498,4.21326325416565,0.0,0.0,nan,nan,nan,nan,nan,nan,nan,nan,nan,nan,8160,-0.0014757614820264386,0.020555041544139386,1.5129249334335326,-0.0007849480025470257,0.08886895924806595,0.08886895924806595,0.04635646678507328,0.0028280573955271394,0.022193749824873522,0.5225794315338135,1.0,0.006336538461538461,0.0004191346153846154,1,1.0,1.0,0.0
255,819200,-852.1691570281982,-8.52169111251831,-852.1691570281982,-8.52169111251831,0.0,852.1691570281982,8.52169111251831,-41.543519020080566,-0.4154346561431872,4.146134467124939,0.0,0.0,nan,nan,nan,nan,nan,nan,nan,nan,nan,nan,8192,-0.0004429332121508089,0.016268553771078588,1.5101047039031983,-0.001855712104588747,0.036006808094680307,0.036006808094680307,0.05069754049181938,0.0012556090325233527,0.0019374999916180967,0.6929011344909668,1.0,0.006322115384615384,0.0004180288461538462,1,1.0,1.0,0.0
256,822400,-861.858642578125,-8.618585939407348,-861.858642578125,-8.618585939407348,0.0,861.858642578125,8.618585939407348,-51.233004570007324,-0.5123294830322251,4.6130442237854,0.0,0.0,nan,nan,nan,nan,nan,nan,nan,nan,nan,nan,8224,-0.00047192179221893226,0.0187372375279665,1.5079068899154664,-0.0006147154606878757,0.06465852037072181,0.06465852037072181,0.06265129446983338,0.0008999419187603053,0.0015656250034226105,0.3866260051727295,1.0,0.0063076923076923076,0.00041692307692307694,1,1.0,1.0,0.0
257,825600,-837.8789520263672,-8.378789472579957,-837.8789520263672,-8.378789472579957,0.0,837.8789520263672,8.378789472579957,-27.25331401824951,-0.27253301620483406,4.199793734550476,0.0,0.0,nan,nan,nan,nan,nan,nan,nan,nan,nan,nan,8256,-0.000656820418068671,0.008788910927250981,1.5322086691856385,-0.005904966918751598,0.05861389711499214,0.05861389711499214,0.038357463851571086,0.0016834350215503946,0.006546874920604751,0.7869336009025574,1.0,0.006293269230769231,0.0004158173076923077,1,1.0,1.0,0.0
258,828800,-876.0110445022583,-8.760110626220703,-876.0110445022583,-8.760110626220703,0.0,876.0110445022583,8.760110626220703,-65.38540649414062,-0.6538541698455802,3.795969352722168,0.0,0.0,nan,nan,nan,nan,nan,nan,nan,nan,nan,nan,8288,-0.00033387849315476005,0.021819925773888825,1.5353247761726379,0.000936016533523798,0.030659193359315395,0.030659193359315395,0.06800129637122154,0.0005047602289778297,0.0013250000163679942,0.4411547780036926,1.0,0.006278846153846154,0.0004147115384615385,1,1.0,1.0,0.0
259,832000,-796.3679637908936,-7.963679723739624,-796.3679637908936,-7.963679723739624,0.0,796.3679637908936,7.963679723739624,14.257674217224121,0.14257673263549897,3.944923822879791,0.0,0.0,nan,nan,nan,nan,nan,nan,nan,nan,nan,nan,8320,-0.0006643991034070318,0.029702344536781312,1.5266875505447388,0.004622956458479166,0.052958504483103755,0.052958504483103755,0.06557684689760208,0.0006068324430088979,0.0021562499809078873,0.5119911432266235,1.0,0.006264423076923076,0.00041360576923076925,1,1.0,1.0,0.0
260,835200,-743.3977308273315,-7.433977489471435,-743.3977308273315,-7.433977489471435,0.0,743.3977308273315,7.433977489471435,67.22790718078613,0.6722789669036873,3.6071788120269774,0.0,0.0,-732.9462325572968,-7.329462325572967,-732.9462325572968,-7.329462325572967,100.0,3.8821075785160066,0.0,0.0,732.9462325572968,-165.92632269859314,8352,-0.000654140079941179,0.017054090835154058,1.5240489959716796,-0.0016524011269211769,0.04797111097723246,0.04797111097723246,0.05871241353452206,0.0018656736727280076,0.004718750002211891,0.636137843132019,1.0,0.0062499999999999995,0.0004125,1,1.0,1.0,0.0
261,838400,-941.5235433578491,-9.415235509872437,-941.5235433578491,-9.415235509872437,0.0,941.5235433578491,9.415235509872437,-130.89790534973145,-1.308979053497314,4.965901808738709,0.0,0.0,nan,nan,nan,nan,nan,nan,nan,nan,nan,nan,8384,-0.0006537901900941278,0.033435160666704176,1.5469255566596984,0.00641781697049737,0.04097220040857792,0.04097220040857792,0.07705754786729813,0.0017644768951868173,0.005012499993608799,0.39457976818084717,1.0,0.006235576923076923,0.00041139423076923075,1,1.0,1.0,0.0
262,841600,-923.8380670547485,-9.238380365371704,-923.8380670547485,-9.238380365371704,0.0,923.8380670547485,9.238380365371704,-113.21242904663086,-1.132123908996581,5.475814971923828,0.0,0.0,nan,nan,nan,nan,nan,nan,nan,nan,nan,nan,8416,-0.000634108589511051,0.028832369297742844,1.5540659189224244,0.004113992862403393,0.045017116516828534,0.045017116516828534,0.07021004110574722,0.0012009182768451866,0.002143749955575913,0.5241231322288513,1.0,0.006221153846153846,0.00041028846153846156,1,1.0,1.0,0.0
263,844800,-877.9552688598633,-8.779552927017212,-877.9552688598633,-8.779552927017212,0.0,877.9552688598633,8.779552927017212,-67.3296308517456,-0.6732964706420894,4.4584482431411745,0.0,0.0,nan,nan,nan,nan,nan,nan,nan,nan,nan,nan,8448,-0.0009002677631098522,0.024026581645011903,1.566662061214447,0.0013891732320189475,0.08762497343122959,0.08762497343122959,0.07236033491790295,0.0022012060224369636,0.011099999735597521,0.37433403730392456,1.0,0.006206730769230769,0.0004091826923076923,1,1.0,1.0,0.0
264,848000,-786.7123584747314,-7.867123627662659,-786.7123584747314,-7.867123627662659,0.0,786.7123584747314,7.867123627662659,23.91327953338623,0.23913282871246366,3.4640167474746706,0.0,0.0,nan,nan,nan,nan,nan,nan,nan,nan,nan,nan,8480,-0.0006844502714637102,0.015429477859288453,1.5680691123008728,-0.002679678192362189,0.049588367156684396,0.049588367156684396,0.05025407299399376,0.0020688187250925694,0.01283437471392972,0.5974960923194885,1.0,0.006192307692307692,0.0004080769230769231,1,1.0,1.0,0.0
265,851200,-831.4940986633301,-8.314940786361694,-831.4940986633301,-8.314940786361694,0.0,831.4940986633301,8.314940786361694,-20.868460655212402,-0.20868432998657127,4.381092896461487,0.0,0.0,nan,nan,nan,nan,nan,nan,nan,nan,nan,nan,8512,-0.0005062792400829519,0.020756155997514725,1.5693952560424804,0.00017625619657337665,0.04028966911137104,0.04028966911137104,0.06258717104792595,0.0005404094392361003,0.00018437500111758708,0.4202343225479126,1.0,0.006177884615384615,0.00040697115384615386,1,1.0,1.0,0.0
266,854400,-798.2122688293457,-7.982122631072998,-798.2122688293457,-7.982122631072998,0.0,798.2122688293457,7.982122631072998,12.413369178771973,0.12413382530212491,3.8189000582695005,0.0,0.0,nan,nan,nan,nan,nan,nan,nan,nan,nan,nan,8544,-0.0006597022355418148,0.014393458142876625,1.5725265979766845,-0.0031551805790513755,0.05243312790989876,0.05243312790989876,0.048932654410600664,0.0020518779136182276,0.011012500039942096,0.661207914352417,1.0,0.006163461538461538,0.0004058653846153846,1,1.0,1.0,0.0
267,857600,-820.2963972091675,-8.202963552474976,-820.2963972091675,-8.202963552474976,0.0,820.2963972091675,8.202963552474976,-9.670759201049805,-0.09670709609985373,4.3711117029190065,0.0,0.0,nan,nan,nan,nan,nan,nan,nan,nan,nan,nan,8576,-0.0007216649067122383,0.013937661331146956,1.5692186951637268,-0.003402020689100027,0.048064165934920314,0.048064165934920314,0.04848010167479515,0.0016925016527238768,0.004815625076298602,0.5730223655700684,1.0,0.006149038461538461,0.0004047596153846154,1,1.0,1.0,0.0
268,860800,-843.5847568511963,-8.435847940444946,-843.5847568511963,-8.435847940444946,0.0,843.5847568511963,8.435847940444946,-32.95911884307861,-0.3295914840698231,4.457463669776916,0.0,0.0,nan,nan,nan,nan,nan,nan,nan,nan,nan,nan,8608,-0.0005287737841658923,0.03280480150133371,1.5680763840675354,0.00625408161431551,0.030560912750661372,0.030560912750661372,0.06883146427571774,0.0007217848116852111,0.0016031249906518497,0.37056851387023926,1.0,0.006134615384615384,0.0004036538461538462,1,1.0,1.0,0.0
269,864000,-808.0332250595093,-8.080332403182984,-808.0332250595093,-8.080332403182984,0.0,808.0332250595093,8.080332403182984,2.5924129486083984,0.02592405319213853,4.2201707077026365,0.0,0.0,nan,nan,nan,nan,nan,nan,nan,nan,nan,nan,8640,-0.0007446986800816013,0.0315800741314888,1.572818922996521,0.005419383943080902,0.05698980838060379,0.05698980838060379,0.08031924478709698,0.001244376632894273,0.004162500007078051,0.4069555401802063,1.0,0.006120192307692307,0.0004025480769230769,1,1.0,1.0,0.0
270,867200,-791.916651725769,-7.919166774749756,-791.916651725769,-7.919166774749756,0.0,791.916651725769,7.919166774749756,18.708986282348633,0.1870896816253671,3.847413890361786,0.0,0.0,nan,nan,nan,nan,nan,nan,nan,nan,nan,nan,8672,-0.0003607384019007398,0.017596105486154555,1.5743164539337158,-0.0011750988196581602,0.05795389376580715,0.05795389376580715,0.05042869076132774,0.0014095570171775763,0.0022531249793246388,0.5569249391555786,1.0,0.006105769230769231,0.0004014423076923077,1,1.0,1.0,0.0
271,870400,-819.4719133377075,-8.194719314575195,-819.4719133377075,-8.194719314575195,0.0,819.4719133377075,8.194719314575195,-8.846275329589844,-0.0884628582000726,4.224353647232055,0.0,0.0,nan,nan,nan,nan,nan,nan,nan,nan,nan,nan,8704,-0.00031132562370039807,0.02203885354101658,1.574686634540558,0.0011161400936543942,0.04032302163541317,0.04032302163541317,0.05946464091539383,0.0003584228958061431,0.0015812500190804713,0.49661576747894287,1.0,0.006091346153846154,0.0004003365384615385,1,1.0,1.0,0.0
272,873600,-869.7317018508911,-8.697316980361938,-869.7317018508911,-8.697316980361938,0.0,869.7317018508911,8.697316980361938,-59.10606384277344,-0.5910605239868154,4.208554339408875,0.0,0.0,nan,nan,nan,nan,nan,nan,nan,nan,nan,nan,8736,-0.0007890826624963765,0.021760267578065394,1.5790167331695557,0.0004954880569130182,0.046284683793783185,0.046284683793783185,0.05688648410141468,0.0006216964737177477,0.001081250000424916,0.3750988245010376,1.0,0.006076923076923077,0.00039923076923076924,1,1.0,1.0,0.0
273,876800,-921.6274280548096,-9.216274337768555,-921.6274280548096,-9.216274337768555,0.0,921.6274280548096,9.216274337768555,-111.0017900466919,-1.110017881393432,4.980962266921997,0.0,0.0,nan,nan,nan,nan,nan,nan,nan,nan,nan,nan,8768,-0.0006847440236597002,0.02679631542414427,1.5729543447494507,0.003177377488464117,0.05336286798119545,0.05336286798119545,0.06350274793803692,0.0012955588696058839,0.0036156250498606823,0.5545148849487305,1.0,0.0060625,0.000398125,1,1.0,1.0,0.0
274,880000,-795.9593162536621,-7.9595927190780635,-795.9593162536621,-7.9595927190780635,0.0,795.9593162536621,7.9595927190780635,14.666321754455566,0.14666373729705917,3.5518821477890015,0.0,0.0,nan,nan,nan,nan,nan,nan,nan,nan,nan,nan,8800,-0.000675687378057055,0.015752990264445543,1.571585512161255,-0.0023042619228363036,0.04760767966508865,0.04760767966508865,0.05351199731230736,0.0018461693209246733,0.005625000089276,0.6869997382164001,1.0,0.0060480769230769225,0.0003970192307692308,1,1.0,1.0,0.0
275,883200,-857.4390316009521,-8.574390077590943,-857.4390316009521,-8.574390077590943,0.0,857.4390316009521,8.574390077590943,-46.81339359283447,-0.46813362121582003,4.549190583229065,0.0,0.0,nan,nan,nan,nan,nan,nan,nan,nan,nan,nan,8832,-0.00046578644056135545,0.024447679333388806,1.5597514033317565,0.0023470533080399035,0.058404945954680446,0.058404945954680446,0.0640858668833971,0.0007496693877328652,0.003368749928631587,0.38713639974594116,1.0,0.006033653846153846,0.00039591346153846154,1,1.0,1.0,0.0
276,886400,-811.5757970809937,-8.1157581615448,-811.5757970809937,-8.1157581615448,0.0,811.5757970809937,8.1157581615448,-0.9501590728759766,-0.009501705169677521,4.370582423210144,0.0,0.0,nan,nan,nan,nan,nan,nan,nan,nan,nan,nan,8864,-0.0005193566188609111,0.02137628514319658,1.5647062420845033,0.0007504576351493597,0.07522802017629146,0.07522802017629146,0.05678239800035954,0.001370509796834085,0.0033624999661697073,0.30841827392578125,1.0,0.006019230769230769,0.00039480769230769235,1,1.0,1.0,0.0
277,889600,-867.5213098526001,-8.675213088989258,-867.5213098526001,-8.675213088989258,0.0,867.5213098526001,8.675213088989258,-56.89567184448242,-0.5689566326141353,4.657778420448303,0.0,0.0,nan,nan,nan,nan,nan,nan,nan,nan,nan,nan,8896,-0.001166967228194693,0.02005631411448121,1.563877522945404,-0.0005295936949551106,0.07234081998467445,0.07234081998467445,0.053466401621699335,0.0019573603593016744,0.012528125278186053,0.5097712874412537,1.0,0.006004807692307692,0.0003937019230769231,1,1.0,1.0,0.0
278,892800,-869.777509689331,-8.697774715423584,-869.777509689331,-8.697774715423584,0.0,869.777509689331,8.697774715423584,-59.15187168121338,-0.5915182590484616,4.3095044422149655,0.0,0.0,nan,nan,nan,nan,nan,nan,nan,nan,nan,nan,8928,-0.0005827495239209224,0.0298795647919178,1.5539326667785645,0.005048378463834524,0.06988476067781449,0.06988476067781449,0.07217025607824326,0.0009701747636427172,0.0018124999856809153,0.24958288669586182,1.0,0.005990384615384615,0.00039259615384615385,1,1.0,1.0,0.0
279,896000,-778.7411661148071,-7.787411799430847,-778.7411661148071,-7.787411799430847,0.0,778.7411661148071,7.787411799430847,31.884471893310547,0.31884465694427533,3.8409587144851685,0.0,0.0,nan,nan,nan,nan,nan,nan,nan,nan,nan,nan,8960,-0.0008855442954809334,0.021481528878211975,1.549525260925293,0.0005953165702521801,0.053910847008228305,0.053910847008228305,0.0637425024062395,0.0013595213149528718,0.00754375002507004,0.4750937819480896,1.0,0.005975961538461538,0.0003914903846153846,1,1.0,1.0,0.0
280,899200,-859.3723249435425,-8.593723440170288,-859.3723249435425,-8.593723440170288,0.0,859.3723249435425,8.593723440170288,-48.746686935424805,-0.48746698379516573,4.488603310585022,0.0,0.0,-648.2865169048309,-6.482865169048309,-648.2865169048309,-6.482865169048309,100.0,4.167190991640091,0.0,0.0,648.2865169048309,-81.26660704612732,8992,-0.0007681659169204158,0.0328691752627492,1.5383718132972717,0.006495359353721142,0.05034564435482025,0.05034564435482025,0.07684395536780357,0.0013634409147925907,0.006165624936693348,0.34310972690582275,1.0,0.005961538461538461,0.00039038461538461536,1,1.0,1.0,0.0
281,902400,-808.3304252624512,-8.083304195404052,-808.3304252624512,-8.083304195404052,0.0,808.3304252624512,8.083304195404052,2.295212745666504,0.022952260971070615,3.946482787132263,0.0,0.0,nan,nan,nan,nan,nan,nan,nan,nan,nan,nan,9024,-0.0006624314203276249,0.01947383340448141,1.5443334460258484,-0.00010984386317431926,0.06720314361155033,0.06720314361155033,0.05195049531757832,0.001317539400770329,0.0037406249779451174,0.48455047607421875,1.0,0.005947115384615384,0.00038927884615384616,1,1.0,1.0,0.0
282,905600,-818.6420001983643,-8.186420316696166,-818.6420001983643,-8.186420316696166,0.0,818.6420001983643,8.186420316696166,-8.016362190246582,-0.0801638603210435,4.119410552978516,0.0,0.0,nan,nan,nan,nan,nan,nan,nan,nan,nan,nan,9056,-0.0007001023482822166,0.027774669229984283,1.5574766993522644,0.003947202023118735,0.03882674276828766,0.03882674276828766,0.05795549266040325,0.0015903519328276162,0.0022031249649444363,0.5014352798461914,1.0,0.005932692307692307,0.0003881730769230769,1,1.0,1.0,0.0
283,908800,-769.6860885620117,-7.696861276626587,-769.6860885620117,-7.696861276626587,0.0,769.6860885620117,7.696861276626587,40.93954944610596,0.409395179748536,4.452270827293396,0.0,0.0,nan,nan,nan,nan,nan,nan,nan,nan,nan,nan,9088,-0.0011363485024776133,0.02870475146919489,1.5768084049224853,0.0038840508088469504,0.05612815357744694,0.05612815357744694,0.06767400726675987,0.0028255212506337556,0.0075999999331543226,0.3370184302330017,1.0,0.00591826923076923,0.0003870673076923077,1,1.0,1.0,0.0
284,912000,-834.3876571655273,-8.343876447677612,-834.3876571655273,-8.343876447677612,0.0,834.3876571655273,8.343876447677612,-23.762019157409668,-0.23761999130248945,4.232676033973694,0.0,0.0,nan,nan,nan,nan,nan,nan,nan,nan,nan,nan,9120,-0.0005498900734644874,0.027531463466584683,1.5641695380210876,0.003981225471943617,0.045672203227877614,0.045672203227877614,0.05622868537902832,0.0012968660477781669,0.0014000000053783878,0.33511847257614136,1.0,0.005903846153846154,0.0003859615384615385,1,1.0,1.0,0.0
285,915200,-737.4729204177856,-7.3747291755676265,-737.4729204177856,-7.3747291755676265,0.0,737.4729204177856,7.3747291755676265,73.15271759033203,0.7315272808074962,3.893259332180023,0.0,0.0,nan,nan,nan,nan,nan,nan,nan,nan,nan,nan,9152,-0.0005656749204323575,0.029083612188696862,1.5516069293022157,0.004838061239570379,0.04568421058356762,0.04568421058356762,0.0662364460527897,0.0011484442300570663,0.0033593749831197783,0.18550443649291992,1.0,0.005889423076923077,0.0003848557692307692,1,1.0,1.0,0.0
286,918400,-868.2367057800293,-8.6823672580719,-868.2367057800293,-8.6823672580719,0.0,868.2367057800293,8.6823672580719,-57.61106777191162,-0.5761108016967764,5.380487780570984,0.0,0.0,nan,nan,nan,nan,nan,nan,nan,nan,nan,nan,9184,-0.0010298609368270205,0.03540211152285337,1.543528413772583,0.007602965366095305,0.05234430767595768,0.05234430767595768,0.06778496392071247,0.001549463381525129,0.00733124994294485,0.32225871086120605,1.0,0.005875,0.00038375000000000003,1,1.0,1.0,0.0
287,921600,-855.5875453948975,-8.555875406265258,-855.5875453948975,-8.555875406265258,0.0,855.5875453948975,8.555875406265258,-44.961907386779785,-0.4496189498901355,4.0511725854873655,0.0,0.0,nan,nan,nan,nan,nan,nan,nan,nan,nan,nan,9216,-0.0005973150275996985,0.024573173746466635,1.5528389453887939,0.0025887398049235346,0.06493057385087013,0.06493057385087013,0.05791459865868091,0.00132983113071532,0.0038875000434927644,0.3318238854408264,1.0,0.005860576923076923,0.0003826442307692308,1,1.0,1.0,0.0
288,924800,-832.185001373291,-8.321849880218506,-832.185001373291,-8.321849880218506,0.0,832.185001373291,8.321849880218506,-21.55936336517334,-0.21559342384338365,4.449420051574707,0.0,0.0,nan,nan,nan,nan,nan,nan,nan,nan,nan,nan,9248,-0.0009464623094187164,0.015055016428232194,1.552569329738617,-0.002495513251051307,0.052827298641204834,0.052827298641204834,0.04791923239827156,0.002037082979950355,0.005090625066077337,0.4592679738998413,1.0,0.0058461538461538455,0.00038153846153846153,1,1.0,1.0,0.0
289,928000,-801.3092584609985,-8.013092966079713,-801.3092584609985,-8.013092966079713,0.0,801.3092584609985,8.013092966079713,9.31637954711914,0.09316349029541016,3.621449213027954,0.0,0.0,nan,nan,nan,nan,nan,nan,nan,nan,nan,nan,9280,-0.0004688166592241139,0.028918075375258923,1.5456826210021972,0.004976216424256563,0.04013032503426075,0.04013032503426075,0.07021786160767078,0.0007869426954130176,0.0024906249935156667,0.3412662744522095,1.0,0.005831730769230769,0.0003804326923076923,1,1.0,1.0,0.0
290,931200,-730.0540885925293,-7.300541090965271,-730.0540885925293,-7.300541090965271,0.0,730.0540885925293,7.300541090965271,80.57154941558838,0.8057153654098519,3.938600010871887,0.0,0.0,nan,nan,nan,nan,nan,nan,nan,nan,nan,nan,9312,-0.0005235976738912739,0.026503758504986763,1.5441730976104737,0.0037453515455126763,0.04146263487637043,0.04146263487637043,0.05720125287771225,0.000799579152953811,0.0034687499282881618,0.3759329915046692,1.0,0.005817307692307692,0.0003793269230769231,1,1.0,1.0,0.0
291,934400,-862.7848386764526,-8.62784854888916,-862.7848386764526,-8.62784854888916,0.0,862.7848386764526,8.62784854888916,-52.15920066833496,-0.5215920925140374,4.514090552330017,0.0,0.0,nan,nan,nan,nan,nan,nan,nan,nan,nan,nan,9344,-0.0006166814227821504,0.022975865565240384,1.546321964263916,0.0018981230445206166,0.0650370504707098,0.0650370504707098,0.05578817389905453,0.0009099783965211827,0.00451250002879533,0.4475541114807129,1.0,0.005802884615384615,0.00037822115384615384,1,1.0,1.0,0.0
292,937600,-822.4145450592041,-8.224145517349243,-822.4145450592041,-8.224145517349243,0.0,822.4145450592041,8.224145517349243,-11.788907051086426,-0.11788906097411989,4.328080792427063,0.0,0.0,nan,nan,nan,nan,nan,nan,nan,nan,nan,nan,9376,-0.000703675568260942,0.02578689381480217,1.5590678691864013,0.003165166638791561,0.07003662399947644,0.07003662399947644,0.06468308009207249,0.0009049716230947524,0.0032437499932711942,0.4213321805000305,1.0,0.005788461538461538,0.0003771153846153846,1,1.0,1.0,0.0
293,940800,-800.4614429473877,-8.004614400863648,-800.4614429473877,-8.004614400863648,0.0,800.4614429473877,8.004614400863648,10.16419506072998,0.10164205551147454,4.203051991462708,0.0,0.0,nan,nan,nan,nan,nan,nan,nan,nan,nan,nan,9408,-0.0004109586708480606,0.033022533915936944,1.559428584575653,0.007096108049154282,0.02650829330086708,0.02650829330086708,0.06347625218331814,0.0010534443295910022,0.0028375000107189407,0.3890801668167114,1.0,0.0057740384615384615,0.0003760096153846154,1,1.0,1.0,0.0
294,944000,-792.0879583358765,-7.920879502296447,-792.0879583358765,-7.920879502296447,0.0,792.0879583358765,7.920879502296447,18.53767967224121,0.18537695407867538,3.883741533756256,0.0,0.0,nan,nan,nan,nan,nan,nan,nan,nan,nan,nan,9440,-0.0007834694788034114,0.018633365631103516,1.5607691168785096,-0.0004562164656817913,0.06141473352909088,0.06141473352909088,0.049167210981249806,0.001242463140806649,0.004865624965168536,0.4821208119392395,1.0,0.005759615384615385,0.00037490384615384615,1,1.0,1.0,0.0
295,947200,-711.421875,-7.114219002723694,-711.421875,-7.114219002723694,0.0,711.421875,7.114219002723694,99.20376300811768,0.9920374536514291,3.8022322392463686,0.0,0.0,nan,nan,nan,nan,nan,nan,nan,nan,nan,nan,9472,-0.0007562191322094236,0.021360633708536626,1.5685552120208741,0.0009124459698796272,0.09809365570545196,0.09809365570545196,0.061971810087561606,0.0009340884469565935,0.0030875000404193996,0.4816243648529053,1.0,0.005745192307692308,0.00037379807692307696,1,1.0,1.0,0.0
296,950400,-818.7160196304321,-8.187160625457764,-818.7160196304321,-8.187160625457764,0.0,818.7160196304321,8.187160625457764,-8.090381622314453,-0.08090416908264153,3.9913299345970152,0.0,0.0,nan,nan,nan,nan,nan,nan,nan,nan,nan,nan,9504,-0.00030295608155284093,0.02128099836409092,1.5760302305221559,0.0013056776486337184,0.03651340007781982,0.03651340007781982,0.055106614530086515,0.0013479552035278175,0.0008156249852618203,0.45156770944595337,1.0,0.00573076923076923,0.0003726923076923077,1,1.0,1.0,0.0
297,953600,-810.0557107925415,-8.100557155609131,-810.0557107925415,-8.100557155609131,0.0,810.0557107925415,8.100557155609131,0.5699272155761719,0.005699300765991566,4.159740009307861,0.0,0.0,nan,nan,nan,nan,nan,nan,nan,nan,nan,nan,9536,-0.0004874048721801749,0.02479226663708687,1.5849318265914918,0.0028487094677984715,0.051290045492351055,0.051290045492351055,0.05813838429749012,0.0010605162104184273,0.004003124960581772,0.5221143364906311,1.0,0.0057163461538461535,0.00037158653846153846,1,1.0,1.0,0.0
298,956800,-861.4634704589844,-8.614634666442871,-861.4634704589844,-8.614634666442871,0.0,861.4634704589844,8.614634666442871,-50.8378324508667,-0.5083782100677485,4.739935803413391,0.0,0.0,nan,nan,nan,nan,nan,nan,nan,nan,nan,nan,9568,-0.0006906939964901326,0.01932328613474965,1.5753589510917663,-1.1626770719885826e-05,0.05245520994067192,0.05245520994067192,0.059079518914222716,0.00045533737147707143,0.0008718749901163392,0.6045789122581482,1.0,0.005701923076923077,0.0003704807692307692,1,1.0,1.0,0.0
299,960000,-807.6914472579956,-8.07691439628601,-807.6914472579956,-8.07691439628601,0.0,807.6914472579956,8.07691439628601,2.9341907501220703,0.02934206008911211,3.8741245222091676,0.0,0.0,nan,nan,nan,nan,nan,nan,nan,nan,nan,nan,9600,-0.0008208610930829253,0.023711002059280874,1.574181318283081,0.0020814839750528335,0.09660328030586243,0.09660328030586243,0.06416047960519791,0.002026920203206828,0.013459375119418837,0.38497716188430786,1.0,0.0056875,0.000369375,1,1.0,1.0,0.0
300,963200,-777.7108354568481,-7.777108483314514,-777.7108354568481,-7.777108483314514,0.0,777.7108354568481,7.777108483314514,32.91480255126953,0.32914797306060883,4.048584024906159,0.0,0.0,-567.536376953125,-5.67536376953125,-567.536376953125,-5.67536376953125,100.0,3.1056742411851883,0.0,0.0,567.536376953125,-0.5164670944213867,9632,-0.000834801898442672,0.021641093492507934,1.57705500125885,0.0010389904491603374,0.07445108927786351,0.07445108927786351,0.05709764175117016,0.0025876974483253433,0.0038281250599538907,0.46064329147338867,1.0,0.005673076923076923,0.00036826923076923077,1,1.0,1.0,0.0
301,966400,-916.8106422424316,-9.168106203079224,-916.8106422424316,-9.168106203079224,0.0,916.8106422424316,9.168106203079224,-106.18500423431396,-1.0618497467041017,4.519324388504028,0.0,0.0,nan,nan,nan,nan,nan,nan,nan,nan,nan,nan,9664,-0.0006328342723135982,0.034460041858255866,1.5723731756210326,0.007699670549482107,0.05896152816712856,0.05896152816712856,0.07194808050990105,0.002595867477066349,0.011037499987287447,0.3212674856185913,1.0,0.005658653846153845,0.0003671634615384615,1,1.0,1.0,0.0
302,969600,-839.1397981643677,-8.391398134231567,-839.1397981643677,-8.391398134231567,0.0,839.1397981643677,8.391398134231567,-28.51416015625,-0.2851416778564442,3.8186875438690184,0.0,0.0,nan,nan,nan,nan,nan,nan,nan,nan,nan,nan,9696,-0.0005260416919307343,0.02378698568791151,1.5781372308731079,0.0024600806646049023,0.03748086579144001,0.03748086579144001,0.0601705078035593,0.0008754837937885896,0.0008843750227242708,0.38326889276504517,1.0,0.005644230769230769,0.00036605769230769233,1,1.0,1.0,0.0
303,972800,-891.1953639984131,-8.911953716278076,-891.1953639984131,-8.911953716278076,0.0,891.1953639984131,8.911953716278076,-80.56972599029541,-0.8056972599029528,4.950874466896057,0.0,0.0,nan,nan,nan,nan,nan,nan,nan,nan,nan,nan,9728,-0.00033164770218565567,0.029422697611153126,1.5745695233345032,0.005515177268534899,0.03391471151262522,0.03391471151262522,0.06183667331933975,0.0007346579763179761,0.0004218749989377102,0.34918659925460815,1.0,0.005629807692307692,0.0003649519230769231,1,1.0,1.0,0.0
304,976000,-729.2364616394043,-7.292364411354065,-729.2364616394043,-7.292364411354065,0.0,729.2364616394043,7.292364411354065,81.38917636871338,0.813892045021058,3.4882065582275392,0.0,0.0,nan,nan,nan,nan,nan,nan,nan,nan,nan,nan,9760,-0.00046143342206494964,0.016410505492240192,1.5697270512580872,-0.001070802006870508,0.02835733089596033,0.02835733089596033,0.05674695149064064,0.0009647350903833285,0.0023906249956780813,0.5918210744857788,1.0,0.005615384615384615,0.0003638461538461539,1,1.0,1.0,0.0
305,979200,-901.3523712158203,-9.013523559570313,-901.3523712158203,-9.013523559570313,0.0,901.3523712158203,9.013523559570313,-90.72673320770264,-0.9072671031951902,4.505342578887939,0.0,0.0,nan,nan,nan,nan,nan,nan,nan,nan,nan,nan,9792,-0.0005784274478530804,0.032347319088876246,1.5601510524749755,0.006856886390596628,0.05356090739369392,0.05356090739369392,0.07449221573770046,0.0009167100062768441,0.0028343749392661264,0.33815282583236694,1.0,0.005600961538461538,0.00036274038461538464,1,1.0,1.0,0.0
306,982400,-859.6151132583618,-8.596151161193848,-859.6151132583618,-8.596151161193848,0.0,859.6151132583618,8.596151161193848,-48.98947525024414,-0.48989470481872566,4.745278878211975,0.0,0.0,nan,nan,nan,nan,nan,nan,nan,nan,nan,nan,9824,-0.000635805460222727,0.029133411683142187,1.5687137484550475,0.005167220626026392,0.08556724898517132,0.08556724898517132,0.06820980943739414,0.002090763597516343,0.016084374679485335,0.2620910406112671,1.0,0.005586538461538461,0.0003616346153846154,1,1.0,1.0,0.0
307,985600,-862.2654142379761,-8.62265386581421,-862.2654142379761,-8.62265386581421,0.0,862.2654142379761,8.62265386581421,-51.6397762298584,-0.5163974094390866,4.297940135002136,0.0,0.0,nan,nan,nan,nan,nan,nan,nan,nan,nan,nan,9856,-0.0006674002791289269,0.038290427252650264,1.5621164083480834,0.009773520193994046,0.06732758432626725,0.06732758432626725,0.06903488263487816,0.0019718437164556236,0.011824999842428952,0.34166115522384644,1.0,0.0055721153846153846,0.0003605288461538462,1,1.0,1.0,0.0
308,988800,-830.0852365493774,-8.300852479934692,-830.0852365493774,-8.300852479934692,0.0,830.0852365493774,8.300852479934692,-19.459598541259766,-0.19459602355956918,3.7140779376029966,0.0,0.0,nan,nan,nan,nan,nan,nan,nan,nan,nan,nan,9888,-0.00067428832447618,0.027666630037128926,1.556754744052887,0.0045070632360875605,0.04453809149563313,0.04453809149563313,0.06452423483133315,0.0018106223214999773,0.004415624977264087,0.29953253269195557,1.0,0.005557692307692307,0.0003594230769230769,1,1.0,1.0,0.0
309,992000,-937.9841470718384,-9.379841518402099,-937.9841470718384,-9.379841518402099,0.0,937.9841470718384,9.379841518402099,-127.3585090637207,-1.2735850620269762,5.054939532279969,0.0,0.0,nan,nan,nan,nan,nan,nan,nan,nan,nan,nan,9920,-0.0005515546452195874,0.04792566038668156,1.547386145591736,0.014833697862923146,0.039347360283136366,0.039347360283136366,0.08620907701551914,0.0010571691920631566,0.002421874995343387,0.4005863666534424,1.0,0.00554326923076923,0.0003583173076923077,1,1.0,1.0,0.0
310,995200,-815.9632616043091,-8.159632272720337,-815.9632616043091,-8.159632272720337,0.0,815.9632616043091,8.159632272720337,-5.337623596191406,-0.05337581634521449,4.361619024276734,0.0,0.0,nan,nan,nan,nan,nan,nan,nan,nan,nan,nan,9952,-0.0006349473012436602,0.026524978503584862,1.5364565014839173,0.004132710210978985,0.048494820669293406,0.048494820669293406,0.05822571404278278,0.000664842577316449,0.004653125032200478,0.4416677951812744,1.0,0.005528846153846153,0.00035721153846153845,1,1.0,1.0,0.0
311,998400,-784.262020111084,-7.8426202249526975,-784.262020111084,-7.8426202249526975,0.0,784.262020111084,7.8426202249526975,26.36361789703369,0.2636362314224252,3.9833726716041564,0.0,0.0,nan,nan,nan,nan,nan,nan,nan,nan,nan,nan,9984,-0.0003912864175013908,0.03858294673264027,1.5355775594711303,0.010432362649589777,0.06358197703957558,0.06358197703957558,0.0737068846821785,0.0005524797685211525,0.002974999963771552,0.2020130753517151,1.0,0.0055144230769230765,0.00035610576923076926,1,1.0,1.0,0.0
312,1001600,-865.2978496551514,-8.652978582382202,-865.2978496551514,-8.652978582382202,0.0,865.2978496551514,8.652978582382202,-54.67221164703369,-0.5467221260070794,4.466577429771423,0.0,0.0,nan,nan,nan,nan,nan,nan,nan,nan,nan,nan,10016,-0.00031705999117401793,0.03641028106212616,1.5358155488967895,0.009441095124930143,0.02354139517992735,0.02354139517992735,0.0785286407917738,0.0008407326040469343,0.0036062499799299984,0.2670935392379761,1.0,0.0055,0.000355,1,1.0,1.0,0.0
313,1004800,-780.0904874801636,-7.800905084609985,-780.0904874801636,-7.800905084609985,0.0,780.0904874801636,7.800905084609985,30.5351505279541,0.3053513717651377,3.8712717962265013,0.0,0.0,nan,nan,nan,nan,nan,nan,nan,nan,nan,nan,10048,-0.001060385264648378,0.02201188914477825,1.5497525215148926,0.0014442724641412497,0.061124767363071444,0.061124767363071444,0.061312302574515344,0.0015976997734469477,0.006265625018568244,0.41473573446273804,1.0,0.005485576923076923,0.00035389423076923076,1,1.0,1.0,0.0
314,1008000,-765.86399269104,-7.658639707565308,-765.86399269104,-7.658639707565308,0.0,765.86399269104,7.658639707565308,44.76164531707764,0.44761674880981506,3.8361469531059265,0.0,0.0,nan,nan,nan,nan,nan,nan,nan,nan,nan,nan,10080,-0.000764498277381076,0.027172810584306716,1.5638209223747253,0.004266002494841814,0.05049706175923348,0.05049706175923348,0.06900832392275333,0.0022842530204798097,0.006490624992875382,0.40905338525772095,1.0,0.005471153846153846,0.00035278846153846157,1,1.0,1.0,0.0
315,1011200,-828.2195472717285,-8.28219518661499,-828.2195472717285,-8.28219518661499,0.0,828.2195472717285,8.28219518661499,-17.59390926361084,-0.17593873023986717,4.161485247611999,0.0,0.0,nan,nan,nan,nan,nan,nan,nan,nan,nan,nan,10112,-0.00025484271409279555,0.027723286487162112,1.553326153755188,0.005130717903375626,0.04130403231829405,0.04130403231829405,0.061863397061824796,0.0006244459102163092,0.0023843750183004885,0.5094363689422607,1.0,0.005456730769230769,0.0003516826923076923,1,1.0,1.0,0.0
316,1014400,-859.899561882019,-8.598995580673218,-859.899561882019,-8.598995580673218,0.0,859.899561882019,8.598995580673218,-49.27392387390137,-0.49273912429809563,4.268700671195984,0.0,0.0,nan,nan,nan,nan,nan,nan,nan,nan,nan,nan,10144,-0.0004413066639303409,0.03723740801215172,1.5661901116371155,0.009653708804398775,0.040502201020717624,0.040502201020717624,0.07715664766728877,0.0004909003226202912,0.0010406250017695128,0.3922851085662842,1.0,0.0054423076923076925,0.0003505769230769231,1,1.0,1.0,0.0
317,1017600,-765.1770334243774,-7.6517703819274905,-765.1770334243774,-7.6517703819274905,0.0,765.1770334243774,7.6517703819274905,45.448604583740234,0.4544860744476322,3.5337919902801516,0.0,0.0,nan,nan,nan,nan,nan,nan,nan,nan,nan,nan,10176,-0.00045786970595358413,0.024977201782166957,1.568780744075775,0.0035155707038938997,0.049249806255102155,0.049249806255102155,0.06596978716552257,0.0008456869534711586,0.0013562499720137567,0.5384769439697266,1.0,0.005427884615384616,0.0003494711538461539,1,1.0,1.0,0.0
318,1020800,-890.7913646697998,-8.907913846969604,-890.7913646697998,-8.907913846969604,0.0,890.7913646697998,8.907913846969604,-80.16572666168213,-0.8016573905944817,4.886000566482544,0.0,0.0,nan,nan,nan,nan,nan,nan,nan,nan,nan,nan,10208,-0.0002414316602705746,0.025059189461171628,1.5640920758247376,0.0038210107013583183,0.052065837383270266,0.052065837383270266,0.07174112200737,0.00026963852360495366,0.001256249993457459,0.5272518992424011,1.0,0.005413461538461539,0.00034836538461538463,1,1.0,1.0,0.0
319,1024000,-795.8304109573364,-7.95830394744873,-795.8304109573364,-7.95830394744873,0.0,795.8304109573364,7.95830394744873,14.79522705078125,0.14795250892639267,4.074965517520905,0.0,0.0,nan,nan,nan,nan,nan,nan,nan,nan,nan,nan,10240,-0.000633659654809171,0.023040703684091567,1.5690871477127075,0.002415130101144314,0.05088080056011677,0.05088080056011677,0.0623417966067791,0.0011163037037476898,0.003631250001490116,0.5385138988494873,1.0,0.005399038461538461,0.00034725961538461543,1,1.0,1.0,0.0
320,1027200,-880.1751737594604,-8.801751689910889,-880.1751737594604,-8.801751689910889,0.0,880.1751737594604,8.801751689910889,-69.54953575134277,-0.695495233535766,4.377929363250733,0.0,0.0,-616.5334539413452,-6.165334539413452,-616.5334539413452,-6.165334539413452,100.0,3.164234076142311,0.0,0.0,616.5334539413452,-49.5135440826416,10272,-0.0007911501996801462,0.029212584532797337,1.5874918818473815,0.005267109349370002,0.06413438059389591,0.06413438059389591,0.07369527444243432,0.0022295675466011745,0.009134374855420901,0.2482132911682129,1.0,0.005384615384615384,0.0003461538461538462,1,1.0,1.0,0.0
321,1030400,-831.119948387146,-8.311198911666871,-831.119948387146,-8.311198911666871,0.0,831.119948387146,8.311198911666871,-20.49431037902832,-0.20494245529174826,4.725761289596558,0.0,0.0,nan,nan,nan,nan,nan,nan,nan,nan,nan,nan,10304,-0.00025642444908444416,0.02356813345104456,1.5867325782775878,0.0030065834522247314,0.035917557403445245,0.035917557403445245,0.06577409096062184,0.00040019413900154176,0.0005374999946070602,0.5563684701919556,1.0,0.005370192307692308,0.000345048076923077,1,1.0,1.0,0.0
322,1033600,-838.145754814148,-8.381457567214966,-838.145754814148,-8.381457567214966,0.0,838.145754814148,8.381457567214966,-27.520116806030273,-0.2752011108398431,4.3114297914505,0.0,0.0,nan,nan,nan,nan,nan,nan,nan,nan,nan,nan,10336,-0.00028860957194485335,0.026388851553201677,1.5909482717514039,0.004385064449161291,0.029878076538443564,0.029878076538443564,0.06807447597384453,0.00020635429818867125,0.0004906250018393621,0.4853728413581848,1.0,0.00535576923076923,0.0003439423076923077,1,1.0,1.0,0.0
323,1036800,-814.43212890625,-8.14432110786438,-814.43212890625,-8.14432110786438,0.0,814.43212890625,8.14432110786438,-3.806490898132324,-0.03806465148925753,3.7644391512870787,0.0,0.0,nan,nan,nan,nan,nan,nan,nan,nan,nan,nan,10368,-0.0006562769133423352,0.016426766756922007,1.5808366298675538,-0.0008866896387189627,0.05209973379969597,0.05209973379969597,0.058567214012146,0.0007662078705834574,0.003787500009639189,0.49379265308380127,1.0,0.005341346153846153,0.00034283653846153844,1,1.0,1.0,0.0
324,1040000,-826.6332035064697,-8.266332445144654,-826.6332035064697,-8.266332445144654,0.0,826.6332035064697,8.266332445144654,-16.00756549835205,-0.1600759887695311,4.077968688011169,0.0,0.0,nan,nan,nan,nan,nan,nan,nan,nan,nan,nan,10400,-0.0004619867501372887,0.022780152410268782,1.576818013191223,0.0025285013020038606,0.05234215147793293,0.05234215147793293,0.06110546216368675,0.0011171613972692286,0.0016843749792315066,0.5646078586578369,1.0,0.005326923076923076,0.0003417307692307692,1,1.0,1.0,0.0
325,1043200,-801.9648170471191,-8.019648551940918,-801.9648170471191,-8.019648551940918,0.0,801.9648170471191,8.019648551940918,8.660820960998535,0.08660790443420474,3.891260838508606,0.0,0.0,nan,nan,nan,nan,nan,nan,nan,nan,nan,nan,10432,-0.0006510294959298335,0.025978041999042033,1.558926272392273,0.004056195449084044,0.054461580142378806,0.054461580142378806,0.07111852020025253,0.001156222117424477,0.005456249913549982,0.549162745475769,1.0,0.0053124999999999995,0.000340625,1,1.0,1.0,0.0
326,1046400,-804.3729705810547,-8.043729844093322,-804.3729705810547,-8.043729844093322,0.0,804.3729705810547,8.043729844093322,6.252667427062988,0.06252661228180045,4.241609511375427,0.0,0.0,nan,nan,nan,nan,nan,nan,nan,nan,nan,nan,10464,-0.0006364831595143006,0.022686186991631985,1.5537001371383667,0.0024749869480729103,0.047700517997145656,0.047700517997145656,0.057397999241948126,0.0006942291984159965,0.004834374954225495,0.667710542678833,1.0,0.005298076923076923,0.00033951923076923075,1,1.0,1.0,0.0
327,1049600,-817.842885017395,-8.17842878818512,-817.842885017395,-8.17842878818512,0.0,817.842885017395,8.17842878818512,-7.217247009277344,-0.07217233180999649,3.928027446269989,0.0,0.0,nan,nan,nan,nan,nan,nan,nan,nan,nan,nan,10496,-0.0008793986905482499,0.02712180782109499,1.5474319100379943,0.004505410697311163,0.04919370263814926,0.04919370263814926,0.07106637954711914,0.0007181350467362791,0.005271875046310015,0.5816059708595276,1.0,0.005283653846153846,0.00033841346153846156,1,1.0,1.0,0.0
328,1052800,-769.5766611099243,-7.69576669216156,-769.5766611099243,-7.69576669216156,0.0,769.5766611099243,7.69576669216156,41.04897689819336,0.41048976421356276,3.7947081422805784,0.0,0.0,nan,nan,nan,nan,nan,nan,nan,nan,nan,nan,10528,-0.00044906703503801995,0.020411116909235714,1.546745479106903,0.0016063323710113764,0.054978154599666595,0.054978154599666595,0.06669586561620236,0.0005552370981604327,0.0016812500398373231,0.45260709524154663,1.0,0.005269230769230769,0.0003373076923076923,1,1.0,1.0,0.0
329,1056000,-764.407787322998,-7.644077658653259,-764.407787322998,-7.644077658653259,0.0,764.407787322998,7.644077658653259,46.21785068511963,0.46217879772186343,3.704687809944153,0.0,0.0,nan,nan,nan,nan,nan,nan,nan,nan,nan,nan,10560,-0.00034534457106492054,0.029195860773324967,1.5498495221138,0.006108424533158541,0.029821650125086308,0.029821650125086308,0.07778772711753845,0.0005524893927940866,0.00265937497606501,0.5782077312469482,1.0,0.0052548076923076914,0.00033620192307692306,1,1.0,1.0,0.0
330,1059200,-812.9363384246826,-8.129363474845887,-812.9363384246826,-8.129363474845887,0.0,812.9363384246826,8.129363474845887,-2.3107004165649414,-0.023107018470764018,3.6610725784301756,0.0,0.0,nan,nan,nan,nan,nan,nan,nan,nan,nan,nan,10592,-0.0005886716570181249,0.020020961854606868,1.5535562753677368,0.0012805771082639694,0.04090674854815006,0.04090674854815006,0.0717893011868,0.000782034527946962,0.001856249965931056,0.5354874730110168,1.0,0.005240384615384615,0.00033509615384615387,1,1.0,1.0,0.0
331,1062400,-802.0717630386353,-8.020717635154725,-802.0717630386353,-8.020717635154725,0.0,802.0717630386353,8.020717635154725,8.553874969482422,0.08553882122039802,4.044830732345581,0.0,0.0,nan,nan,nan,nan,nan,nan,nan,nan,nan,nan,10624,-0.000615212814797994,0.02691640667617321,1.5393086791038513,0.004798622615635395,0.03947092033922672,0.03947092033922672,0.06704437881708145,0.0010982055438944372,0.0019031250034458936,0.44307249784469604,1.0,0.005225961538461538,0.0003339903846153846,1,1.0,1.0,0.0
332,1065600,-766.3495922088623,-7.663496117591858,-766.3495922088623,-7.663496117591858,0.0,766.3495922088623,7.663496117591858,44.27604579925537,0.4427603387832644,3.8514299321174623,0.0,0.0,nan,nan,nan,nan,nan,nan,nan,nan,nan,nan,10656,-0.0010553680131561549,0.025760319828987122,1.5286338210105896,0.0038582575507462025,0.04751911908388138,0.04751911908388138,0.06337780691683292,0.0022665486540063284,0.011134375294204801,0.517884373664856,1.0,0.005211538461538461,0.0003328846153846154,1,1.0,1.0,0.0
333,1068800,-752.46728515625,-7.524672918319702,-752.46728515625,-7.524672918319702,0.0,752.46728515625,7.524672918319702,58.158352851867676,0.5815835380554208,3.3840778064727783,0.0,0.0,nan,nan,nan,nan,nan,nan,nan,nan,nan,nan,10688,-0.0009881853183033584,0.021574644930660726,1.4984961032867432,0.002011280134320259,0.04866876900196075,0.04866876900196075,0.07082858607172966,0.001868516865215497,0.0040625000139698384,0.6346501111984253,1.0,0.005197115384615384,0.0003317788461538462,1,1.0,1.0,0.0
334,1072000,-836.9834756851196,-8.369834709167481,-836.9834756851196,-8.369834709167481,0.0,836.9834756851196,8.369834709167481,-26.357837677001953,-0.26357825279235847,4.152389857769013,0.0,0.0,nan,nan,nan,nan,nan,nan,nan,nan,nan,nan,10720,-7.189562185303534e-05,0.03031573574990034,1.4697775483131408,0.007468567276373505,0.16731897965073586,0.16731897965073586,0.06389898918569088,0.0014698168321046977,0.006431250041350723,0.5228146314620972,1.0,0.005182692307692307,0.00033067307692307693,1,1.0,1.0,0.0
335,1075200,-800.0317487716675,-8.00031762123108,-800.0317487716675,-8.00031762123108,0.0,800.0317487716675,8.00031762123108,10.593889236450195,0.1059388351440429,4.1437103247642515,0.0,0.0,nan,nan,nan,nan,nan,nan,nan,nan,nan,nan,10752,-0.0005428299924707947,0.034424891136586665,1.4725242495536803,0.009059213614091278,0.08769202642142773,0.08769202642142773,0.07158544994890689,0.000884914051857777,0.00549375000409782,0.3337603807449341,1.0,0.005168269230769231,0.00032956730769230773,1,1.0,1.0,0.0
336,1078400,-787.9807252883911,-7.879807696342469,-787.9807252883911,-7.879807696342469,0.0,787.9807252883911,7.879807696342469,22.644912719726562,0.22644876003265413,4.2018129348754885,0.0,0.0,nan,nan,nan,nan,nan,nan,nan,nan,nan,nan,10784,-0.0006933491802803449,0.029509727470576765,1.478423500061035,0.006441947631537914,0.1228863351047039,0.1228863351047039,0.07191941812634468,0.0016240473138168453,0.008540624909801408,0.2268524169921875,1.0,0.005153846153846154,0.0003284615384615385,1,1.0,1.0,0.0
337,1081600,-791.0727481842041,-7.910727396011352,-791.0727481842041,-7.910727396011352,0.0,791.0727481842041,7.910727396011352,19.552889823913574,0.1955290603637705,4.038144006729126,0.0,0.0,nan,nan,nan,nan,nan,nan,nan,nan,nan,nan,10816,-0.0006818862502812273,0.026132211089134216,1.475441300868988,0.004801302263513207,0.06639085374772549,0.06639085374772549,0.06925568506121635,0.001432299606676679,0.005468750087311491,0.5897623300552368,1.0,0.005139423076923077,0.00032735576923076924,1,1.0,1.0,0.0
338,1084800,-792.241870880127,-7.922418694496155,-792.241870880127,-7.922418694496155,0.0,792.241870880127,7.922418694496155,18.383767127990723,0.1838377618789675,3.8931169176101683,0.0,0.0,nan,nan,nan,nan,nan,nan,nan,nan,nan,nan,10848,-0.000673540351657742,0.024748371541500093,1.4818052530288697,0.004106393130496144,0.05942774266004562,0.05942774266004562,0.06274195685982704,0.0008653379805764416,0.002490624992060475,0.5582040548324585,1.0,0.005125,0.00032625000000000004,1,1.0,1.0,0.0
339,1088000,-802.3237724304199,-8.023237476348877,-802.3237724304199,-8.023237476348877,0.0,802.3237724304199,8.023237476348877,8.301865577697754,0.08301898002624597,4.092030701637268,0.0,0.0,nan,nan,nan,nan,nan,nan,nan,nan,nan,nan,10880,-0.00041921147541144064,0.039084263145923615,1.514853036403656,0.011381147522479295,0.03384162411093712,0.03384162411093712,0.07425173185765743,0.0011720659516868182,0.0021656250319210812,0.4438190460205078,1.0,0.005110576923076923,0.0003251442307692308,1,1.0,1.0,0.0
340,1091200,-825.9296188354492,-8.259296321868897,-825.9296188354492,-8.259296321868897,0.0,825.9296188354492,8.259296321868897,-15.303980827331543,-0.15303986549377413,4.216255760192871,0.0,0.0,-543.11217212677,-5.4311217212677,-543.11217212677,-5.4311217212677,100.0,2.480944158434868,0.0,0.0,543.11217212677,23.907737731933594,10912,-0.0004404432336603259,0.05145744048058987,1.520334279537201,0.01754041975364089,0.046698806807398796,0.046698806807398796,0.09801354259252548,0.0004585823553497903,0.0012906249590741935,0.1456124186515808,1.0,0.005096153846153847,0.0003240384615384616,1,1.0,1.0,0.0
341,1094400,-740.6443614959717,-7.406443738937378,-740.6443614959717,-7.406443738937378,0.0,740.6443614959717,7.406443738937378,69.981276512146,0.6998127174377444,3.72428582906723,0.0,0.0,nan,nan,nan,nan,nan,nan,nan,nan,nan,nan,10944,-0.0006766863481898255,0.017031817138195036,1.5261541724205017,8.371742442250251e-05,0.05046574994921684,0.05046574994921684,0.059171727672219274,0.0006369296983393724,0.002993750001769513,0.7251058220863342,1.0,0.005081730769230769,0.00032293269230769235,1,1.0,1.0,0.0
342,1097600,-786.8969736099243,-7.868969745635987,-786.8969736099243,-7.868969745635987,0.0,786.8969736099243,7.868969745635987,23.72866439819336,0.2372867107391361,3.6342035031318662,0.0,0.0,nan,nan,nan,nan,nan,nan,nan,nan,nan,nan,10976,-0.000521025323314106,0.028294983319938183,1.5243936061859131,0.005901894951239228,0.04241496957838535,0.04241496957838535,0.07281002253293992,0.0005210702676777146,0.001287499992758967,0.5137888193130493,1.0,0.005067307692307691,0.00032182692307692305,1,1.0,1.0,0.0
343,1100800,-895.664342880249,-8.95664330482483,-895.664342880249,-8.95664330482483,0.0,895.664342880249,8.95664330482483,-85.03870487213135,-0.8503868484497072,4.661915383338928,0.0,0.0,nan,nan,nan,nan,nan,nan,nan,nan,nan,nan,11008,-0.0005710880639817173,0.03547211866825819,1.5331546545028687,0.009418117860332132,0.05570091232657433,0.05570091232657433,0.08279367126524448,0.0010784145364596044,0.001956249953582301,0.4209732413291931,1.0,0.0050528846153846145,0.0003207211538461538,1,1.0,1.0,0.0
344,1104000,-796.2336549758911,-7.962336220741272,-796.2336549758911,-7.962336220741272,0.0,796.2336549758911,7.962336220741272,14.391983032226562,0.1439202356338507,3.731127691268921,0.0,0.0,nan,nan,nan,nan,nan,nan,nan,nan,nan,nan,11040,-0.0003136217993247925,0.03386728148907423,1.5490921974182128,0.008814977388828993,0.033163567632436754,0.033163567632436754,0.07303916551172733,0.0010160550908040022,0.0014187499982654117,0.3840140104293823,1.0,0.005038461538461538,0.0003196153846153846,1,1.0,1.0,0.0
345,1107200,-865.3680667877197,-8.653680896759033,-865.3680667877197,-8.653680896759033,0.0,865.3680667877197,8.653680896759033,-54.74242877960205,-0.5474244403839101,4.322737712860107,0.0,0.0,nan,nan,nan,nan,nan,nan,nan,nan,nan,nan,11072,-0.0003646688171836665,0.045347706973552705,1.546169888973236,0.014541167858988046,0.029432520270347595,0.029432520270347595,0.10168941356241704,0.0006356816105835605,0.0019249999939347617,0.13221222162246704,1.0,0.005024038461538461,0.00031850961538461536,1,1.0,1.0,0.0
346,1110400,-802.9546909332275,-8.029546513557435,-802.9546909332275,-8.029546513557435,0.0,802.9546909332275,8.029546513557435,7.670947074890137,0.07670994281768806,3.976842420101166,0.0,0.0,nan,nan,nan,nan,nan,nan,nan,nan,nan,nan,11104,-0.0008513244895963723,0.023409351147711276,1.555528426170349,0.003060752060264349,0.044089644029736516,0.044089644029736516,0.06788109019398689,0.001484260891811573,0.0033250000444240866,0.6250591278076172,1.0,0.005009615384615384,0.00031740384615384616,1,1.0,1.0,0.0
347,1113600,-831.4055414199829,-8.314055290222168,-831.4055414199829,-8.314055290222168,0.0,831.4055414199829,8.314055290222168,-20.779903411865234,-0.20779883384704512,4.189182591438294,0.0,0.0,nan,nan,nan,nan,nan,nan,nan,nan,nan,nan,11136,-0.0003723986194708928,0.025821303203701972,1.5554558634757996,0.004768451629206538,0.0405193954706192,0.0405193954706192,0.06590480916202068,0.0007744923699647188,0.0010125000080734026,0.5890597105026245,1.0,0.004995192307692307,0.0003162980769230769,1,1.0,1.0,0.0
348,1116800,-860.5582866668701,-8.605583066940307,-860.5582866668701,-8.605583066940307,0.0,860.5582866668701,8.605583066940307,-49.93264865875244,-0.4993266105651841,4.052352037429809,0.0,0.0,nan,nan,nan,nan,nan,nan,nan,nan,nan,nan,11168,-0.0006680720337143064,0.0534889467060566,1.537883496284485,0.018416558764874934,0.040289830416440964,0.040289830416440964,0.10000478848814964,0.0008129238105539117,0.0006000000110361725,0.1583285927772522,1.0,0.0049807692307692305,0.00031519230769230767,1,1.0,1.0,0.0
349,1120000,-843.679835319519,-8.436798639297486,-843.679835319519,-8.436798639297486,0.0,843.679835319519,8.436798639297486,-33.05419731140137,-0.3305421829223629,4.943913245201111,0.0,0.0,nan,nan,nan,nan,nan,nan,nan,nan,nan,nan,11200,-0.0010735084177925457,0.02957722172141075,1.519763958454132,0.006167428893968463,0.0503485731780529,0.0503485731780529,0.07129453010857105,0.0018841971057554474,0.009799999877577648,0.532406747341156,1.0,0.004966346153846154,0.0003140865384615385,1,1.0,1.0,0.0
350,1123200,-786.0524587631226,-7.860524516105652,-786.0524587631226,-7.860524516105652,0.0,786.0524587631226,7.860524516105652,24.573179244995117,0.24573194026947043,4.012675869464874,0.0,0.0,nan,nan,nan,nan,nan,nan,nan,nan,nan,nan,11232,-0.0009095987274777784,0.027477692626416684,1.4988657712936402,0.005406979518011212,0.08666123561561108,0.08666123561561108,0.06975923255085945,0.001059013689518906,0.0024718749773455784,0.5624767541885376,1.0,0.004951923076923077,0.0003129807692307692,1,1.0,1.0,0.0
351,1126400,-783.8362617492676,-7.838362679481507,-783.8362617492676,-7.838362679481507,0.0,783.8362617492676,7.838362679481507,26.789376258850098,0.26789377689361604,4.127801775932312,0.0,0.0,nan,nan,nan,nan,nan,nan,nan,nan,nan,nan,11264,-0.0005293390918289731,0.02448383755981922,1.4818268418312073,0.004396059270948172,0.04025056846439838,0.04025056846439838,0.061996925994753836,0.0008557442160963546,0.0012343750102445483,0.5239232778549194,1.0,0.004937499999999999,0.00031187500000000003,1,1.0,1.0,0.0
352,1129600,-841.4378614425659,-8.414378490447998,-841.4378614425659,-8.414378490447998,0.0,841.4378614425659,8.414378490447998,-30.812223434448242,-0.3081220340728752,4.365105180740357,0.0,0.0,nan,nan,nan,nan,nan,nan,nan,nan,nan,nan,11296,-0.0005382921477052105,0.05381479859352112,1.4757697582244873,0.01910377936437726,0.04671035446226597,0.04671035446226597,0.08356579318642617,0.0007288702247024049,0.0023749999760184436,0.30738162994384766,1.0,0.004923076923076922,0.0003107692307692308,1,1.0,1.0,0.0
353,1132800,-843.6571750640869,-8.436571922302246,-843.6571750640869,-8.436571922302246,0.0,843.6571750640869,8.436571922302246,-33.03153705596924,-0.33031546592712324,4.230978245735169,0.0,0.0,nan,nan,nan,nan,nan,nan,nan,nan,nan,nan,11328,-0.00038283240379239914,0.02390859443694353,1.4774266242980958,0.004319288861006498,0.04615000635385513,0.04615000635385513,0.0649620857089758,0.00070018889309722,0.0013374999914958607,0.6018821001052856,1.0,0.004908653846153846,0.00030966346153846154,1,1.0,1.0,0.0
354,1136000,-912.6666107177734,-9.126666402816772,-912.6666107177734,-9.126666402816772,0.0,912.6666107177734,9.126666402816772,-102.04097270965576,-1.0204099464416494,4.619998626708984,0.0,0.0,nan,nan,nan,nan,nan,nan,nan,nan,nan,nan,11360,-0.0003984327301382873,0.0383210439234972,1.4786728143692016,0.011525122495368124,0.04439816065132618,0.04439816065132618,0.0855581134557724,0.0005674491487297928,0.0014000000213854947,0.378140389919281,1.0,0.004894230769230769,0.00030855769230769234,1,1.0,1.0,0.0
355,1139200,-769.6054735183716,-7.696054511070251,-769.6054735183716,-7.696054511070251,0.0,769.6054735183716,7.696054511070251,41.020164489746094,0.41020194530487153,3.7205541038513186,0.0,0.0,nan,nan,nan,nan,nan,nan,nan,nan,nan,nan,11392,-0.0006522141967318263,0.030634648539125918,1.4816341876983643,0.00743502052500844,0.04113262593746185,0.04113262593746185,0.07675120607018471,0.0010442664868605788,0.0022624999954132365,0.3148775100708008,1.0,0.004879807692307692,0.0003074519230769231,1,1.0,1.0,0.0
356,1142400,-870.1888418197632,-8.701888351440429,-870.1888418197632,-8.701888351440429,0.0,870.1888418197632,8.701888351440429,-59.56320381164551,-0.5956318950653063,4.329180688858032,0.0,0.0,nan,nan,nan,nan,nan,nan,nan,nan,nan,nan,11424,-0.0006778561502695623,0.032143762707710265,1.4832160830497743,0.008177608530968428,0.057982728630304334,0.057982728630304334,0.07349320501089096,0.001330554588639643,0.003378124977461994,0.3210301399230957,1.0,0.004865384615384615,0.0003063461538461539,1,1.0,1.0,0.0
357,1145600,-848.9115552902222,-8.489115152359009,-848.9115552902222,-8.489115152359009,0.0,848.9115552902222,8.489115152359009,-38.28591728210449,-0.3828586959838862,4.077707567214966,0.0,0.0,nan,nan,nan,nan,nan,nan,nan,nan,nan,nan,11456,-0.0006360580158129014,0.022108848579227923,1.4795481324195863,0.0032411349471658467,0.042357352748513225,0.042357352748513225,0.07301280461251736,0.0009812028627493418,0.008046875106811058,0.5308828353881836,1.0,0.004850961538461538,0.00030524038461538465,1,1.0,1.0,0.0
358,1148800,-837.0004539489746,-8.370004358291625,-837.0004539489746,-8.370004358291625,0.0,837.0004539489746,8.370004358291625,-26.374815940856934,-0.26374790191650277,4.116780116558075,0.0,0.0,nan,nan,nan,nan,nan,nan,nan,nan,nan,nan,11488,-0.00043715861128585943,0.02603768166154623,1.475157868862152,0.005447024712339044,0.044417808577418325,0.044417808577418325,0.06658909171819687,0.0005171818302187603,0.0028562500199768694,0.4080279469490051,1.0,0.0048365384615384616,0.0003041346153846154,1,1.0,1.0,0.0
359,1152000,-800.7731342315674,-8.007731528282166,-800.7731342315674,-8.007731528282166,0.0,800.7731342315674,8.007731528282166,9.852503776550293,0.09852492809295654,3.908194246292114,0.0,0.0,nan,nan,nan,nan,nan,nan,nan,nan,nan,nan,11520,-0.0010076133522088694,0.022065933980047702,1.4772926449775696,0.002901677927002311,0.05500739887356758,0.05500739887356758,0.06617894545197486,0.0018304181121493457,0.003696874930028571,0.4553631544113159,1.0,0.004822115384615385,0.0003030288461538462,1,1.0,1.0,0.0
360,1155200,-812.6348400115967,-8.126348323822022,-812.6348400115967,-8.126348323822022,0.0,812.6348400115967,8.126348323822022,-2.009202003479004,-0.02009186744689906,3.827869532108307,0.0,0.0,-754.6940553188324,-7.546940553188324,-754.6940553188324,-7.546940553188324,100.0,4.002654252052307,0.0,0.0,754.6940553188324,-187.67414546012878,11552,-0.0010037935924832376,0.027490776404738425,1.484786903858185,0.005603195680305362,0.0450219202786684,0.0450219202786684,0.07273524180054665,0.002104899006371852,0.008540625072419062,0.3840903639793396,1.0,0.004807692307692308,0.00030192307692307696,1,1.0,1.0,0.0
361,1158400,-769.6749420166016,-7.69674973487854,-769.6749420166016,-7.69674973487854,0.0,769.6749420166016,7.69674973487854,40.95069599151611,0.40950672149658285,4.088467335700988,0.0,0.0,nan,nan,nan,nan,nan,nan,nan,nan,nan,nan,11584,-0.0004469619125767821,0.026253983192145825,1.4870355367660522,0.005552268167957663,0.04188053235411644,0.04188053235411644,0.06216337904334068,0.0006806353274441789,0.002253125024435576,0.5312639474868774,1.0,0.00479326923076923,0.00030081730769230766,1,1.0,1.0,0.0
362,1161600,-695.6681880950928,-6.956681561470032,-695.6681880950928,-6.956681561470032,0.0,695.6681880950928,6.956681561470032,114.9574499130249,1.1495748949050908,3.5428207397460936,0.0,0.0,nan,nan,nan,nan,nan,nan,nan,nan,nan,nan,11616,-0.00035185251646900894,0.021366033144295214,1.4881476998329162,0.0032195352483540773,0.04623345285654068,0.04623345285654068,0.06410796344280242,0.0004628583701560274,0.001653125011944212,0.6300699710845947,1.0,0.004778846153846153,0.00029971153846153846,1,1.0,1.0,0.0
363,1164800,-761.8531398773193,-7.618531270027161,-761.8531398773193,-7.618531270027161,0.0,761.8531398773193,7.618531270027161,48.77249813079834,0.48772518634796214,3.3487119388580324,0.0,0.0,nan,nan,nan,nan,nan,nan,nan,nan,nan,nan,11648,-0.00038804601822302055,0.02685385774821043,1.4830061078071595,0.005973214097321033,0.05293265469372273,0.05293265469372273,0.0694490484893322,0.000538019613668439,0.002696874996763654,0.4793417453765869,1.0,0.004764423076923076,0.0002986057692307692,1,1.0,1.0,0.0
364,1168000,-849.6956014633179,-8.496955862045288,-849.6956014633179,-8.496955862045288,0.0,849.6956014633179,8.496955862045288,-39.069963455200195,-0.3906994056701656,4.152406578063965,0.0,0.0,nan,nan,nan,nan,nan,nan,nan,nan,nan,nan,11680,-0.0003897963205818034,0.05016125068068504,1.4986797451972962,0.01757210036739707,0.04738762117922306,0.04738762117922306,0.0853529654443264,0.0011128527421533363,0.004228125179361086,0.4283760190010071,1.0,0.004749999999999999,0.00029749999999999997,1,1.0,1.0,0.0
365,1171200,-804.1715173721313,-8.041715135574341,-804.1715173721313,-8.041715135574341,0.0,804.1715173721313,8.041715135574341,6.454120635986328,0.06454132080078168,3.706500368118286,0.0,0.0,nan,nan,nan,nan,nan,nan,nan,nan,nan,nan,11712,-0.0007188715746393015,0.025291085615754126,1.5082468748092652,0.004784252122044563,0.04622334837913513,0.04622334837913513,0.07025471553206444,0.0008036465103941736,0.002131249979720451,0.45874273777008057,1.0,0.004735576923076922,0.0002963942307692308,1,1.0,1.0,0.0
366,1174400,-745.9364738464355,-7.459364695549011,-745.9364738464355,-7.459364695549011,0.0,745.9364738464355,7.459364695549011,64.68916416168213,0.6468917608261116,4.177307643890381,0.0,0.0,nan,nan,nan,nan,nan,nan,nan,nan,nan,nan,11744,-0.0007048582673888859,0.030833558551967143,1.512080442905426,0.007573156384751201,0.055694496259093285,0.055694496259093285,0.07253733910620212,0.0012505680868343915,0.0017312500218395143,0.16580945253372192,1.0,0.004721153846153845,0.0002952884615384615,1,1.0,1.0,0.0
367,1177600,-880.0751638412476,-8.800751781463623,-880.0751638412476,-8.800751781463623,0.0,880.0751638412476,8.800751781463623,-69.44952583312988,-0.6944953250885,4.914207234382629,0.0,0.0,nan,nan,nan,nan,nan,nan,nan,nan,nan,nan,11776,-0.00025549009926333354,0.04057089388370514,1.5199492573738098,0.01287596533074975,0.048840057104825974,0.048840057104825974,0.0900713138282299,0.0006967821951548103,0.0019718749790627044,0.2676258087158203,1.0,0.004706730769230769,0.00029418269230769233,1,1.0,1.0,0.0
368,1180800,-850.633152961731,-8.506331310272216,-850.633152961731,-8.506331310272216,0.0,850.633152961731,8.506331310272216,-40.00751495361328,-0.4000748538970935,4.080815238952637,0.0,0.0,nan,nan,nan,nan,nan,nan,nan,nan,nan,nan,11808,-0.0007030604156724074,0.02754643075168133,1.5196322083473206,0.005939573096111417,0.04510238766670227,0.04510238766670227,0.06362645216286182,0.0005928798245804501,0.0021312499819032384,0.33250558376312256,1.0,0.004692307692307692,0.0002930769230769231,1,1.0,1.0,0.0
369,1184000,-782.9817295074463,-7.829817433357238,-782.9817295074463,-7.829817433357238,0.0,782.9817295074463,7.829817433357238,27.643908500671387,0.27643902301788437,4.046310603618622,0.0,0.0,nan,nan,nan,nan,nan,nan,nan,nan,nan,nan,11840,-0.00024332089275522773,0.025443409755825996,1.5028719067573548,0.005448122275993228,0.03275465480983257,0.03275465480983257,0.06286974661052228,0.00038625622473773544,0.0004968749941326678,0.45459169149398804,1.0,0.004677884615384615,0.00029197115384615383,1,1.0,1.0,0.0
370,1187200,-867.8231420516968,-8.678231239318848,-867.8231420516968,-8.678231239318848,0.0,867.8231420516968,8.678231239318848,-57.1975040435791,-0.571974782943725,4.6538747215270995,0.0,0.0,nan,nan,nan,nan,nan,nan,nan,nan,nan,nan,11872,-0.00041133149233356646,0.03223065678030253,1.5036353588104248,0.00869185128249228,0.042339614033699034,0.042339614033699034,0.07584755942225456,0.0003075580805671052,0.0011656249989755452,0.3182317614555359,1.0,0.004663461538461538,0.00029086538461538464,1,1.0,1.0,0.0
371,1190400,-763.4650354385376,-7.634650769233704,-763.4650354385376,-7.634650769233704,0.0,763.4650354385376,7.634650769233704,47.16060256958008,0.4716056871414187,4.315197811126709,0.0,0.0,nan,nan,nan,nan,nan,nan,nan,nan,nan,nan,11904,-0.0004411131422063619,0.038018735498189925,1.4956462860107422,0.011614937894046306,0.03339626416563988,0.03339626416563988,0.07310726344585419,0.0003175600853410288,0.002190624997820123,0.4834181070327759,1.0,0.004649038461538461,0.0002897596153846154,1,1.0,1.0,0.0
372,1193600,-771.445631980896,-7.714456295967102,-771.445631980896,-7.714456295967102,0.0,771.445631980896,7.714456295967102,39.18000602722168,0.391800160408021,4.069659070968628,0.0,0.0,nan,nan,nan,nan,nan,nan,nan,nan,nan,nan,11936,-0.0005934268748504223,0.040744883567094804,1.5018014311790466,0.012818742822855712,0.04466332532465458,0.04466332532465458,0.08741471990942955,0.0007884680035203928,0.0030843750020721926,0.46112579107284546,1.0,0.004634615384615385,0.0002886538461538462,1,1.0,1.0,0.0
373,1196800,-805.1162919998169,-8.051163086891174,-805.1162919998169,-8.051163086891174,0.0,805.1162919998169,8.051163086891174,5.509346008300781,0.05509336948394861,4.506100578308105,0.0,0.0,nan,nan,nan,nan,nan,nan,nan,nan,nan,nan,11968,-0.0008157044175605144,0.02544399071484804,1.4987096548080445,0.00498196454718709,0.051884616166353224,0.051884616166353224,0.06768669821321964,0.0011594632705964614,0.0039437500003259626,0.5690074563026428,1.0,0.004620192307692308,0.00028754807692307695,1,1.0,1.0,0.0
374,1200000,-885.7187061309814,-8.85718716621399,-885.7187061309814,-8.85718716621399,0.0,885.7187061309814,8.85718716621399,-75.09306812286377,-0.7509307098388671,4.127241959571839,0.0,0.0,nan,nan,nan,nan,nan,nan,nan,nan,nan,nan,12000,-0.0006560116269159977,0.03709678500890732,1.4990739941596984,0.010987992212176324,0.07507598362863063,0.07507598362863063,0.09145215451717377,0.001163462037948193,0.004775000002700836,0.31439465284347534,1.0,0.00460576923076923,0.0002864423076923077,1,1.0,1.0,0.0
375,1203200,-821.4573068618774,-8.214573059082031,-821.4573068618774,-8.214573059082031,0.0,821.4573068618774,8.214573059082031,-10.831668853759766,-0.10831660270690868,4.296955285072326,0.0,0.0,nan,nan,nan,nan,nan,nan,nan,nan,nan,nan,12032,-0.00010899057639581766,0.028918149694800378,1.4940294027328491,0.007490477897226811,0.03066164031624794,0.03066164031624794,0.06797248646616935,0.00026928610695904355,0.0004906250058411387,0.4191702604293823,1.0,0.004591346153846153,0.0002853365384615385,1,1.0,1.0,0.0
376,1206400,-873.5841417312622,-8.735841226577758,-873.5841417312622,-8.735841226577758,0.0,873.5841417312622,8.735841226577758,-62.95850372314453,-0.6295847702026354,4.60230710029602,0.0,0.0,nan,nan,nan,nan,nan,nan,nan,nan,nan,nan,12064,-0.0007671163282298998,0.03454928528517485,1.5014200806617737,0.009635642264038324,0.05172684863209724,0.05172684863209724,0.08993728905916214,0.0006821812086855062,0.0034531250290456227,0.39552420377731323,1.0,0.0045769230769230765,0.00028423076923076926,1,1.0,1.0,0.0
377,1209600,-811.2268295288086,-8.112268166542053,-811.2268295288086,-8.112268166542053,0.0,811.2268295288086,8.112268166542053,-0.601191520690918,-0.006011710166930584,4.022164902687073,0.0,0.0,nan,nan,nan,nan,nan,nan,nan,nan,nan,nan,12096,-0.0005027544191456457,0.02242778241634369,1.4869747877120971,0.003926814440637827,0.04849042855203152,0.04849042855203152,0.060043759271502496,0.0010380450152297272,0.002559375010605436,0.47999221086502075,1.0,0.0045625,0.00028312500000000006,1,1.0,1.0,0.0
378,1212800,-762.9253540039062,-7.629253702163696,-762.9253540039062,-7.629253702163696,0.0,762.9253540039062,7.629253702163696,47.700284004211426,0.47700275421142635,3.74538232088089,0.0,0.0,nan,nan,nan,nan,nan,nan,nan,nan,nan,nan,12128,-0.0006108632205985509,0.021070534735918044,1.4830567359924316,0.0031793477479368447,0.05518102385103703,0.05518102385103703,0.058525799214839934,0.0011166120057168882,0.004978125088382512,0.6689834594726562,1.0,0.004548076923076923,0.0002820192307692308,1,1.0,1.0,0.0
379,1216000,-793.0555753707886,-7.930555229187012,-793.0555753707886,-7.930555229187012,0.0,793.0555753707886,7.930555229187012,17.5700626373291,0.1757012271881111,3.60699934720993,0.0,0.0,nan,nan,nan,nan,nan,nan,nan,nan,nan,nan,12160,-0.0005413652383081669,0.021520664915442467,1.4832635760307311,0.003494363324716687,0.04401744864881039,0.04401744864881039,0.06267306432127953,0.0008492443659633864,0.0023343749689956894,0.4580204486846924,1.0,0.004533653846153846,0.00028091346153846157,1,1.0,1.0,0.0
380,1219200,-789.9363498687744,-7.8993630743026735,-789.9363498687744,-7.8993630743026735,0.0,789.9363498687744,7.8993630743026735,20.68928813934326,0.20689338207244923,3.970482974052429,0.0,0.0,-584.6918823719025,-5.846918823719025,-584.6918823719025,-5.846918823719025,100.0,2.8918132960796354,0.0,0.0,584.6918823719025,-17.671972513198853,12192,-0.0003419429556466458,0.01688431417569518,1.489522671699524,0.0013687174767255783,0.040728458762168886,0.040728458762168886,0.0511851217597723,0.0004840991856326582,0.0018281250057043507,0.5395333170890808,1.0,0.004519230769230769,0.0002798076923076924,1,1.0,1.0,0.0
381,1222400,-775.9491357803345,-7.759491543769837,-775.9491357803345,-7.759491543769837,0.0,775.9491357803345,7.759491543769837,34.6765022277832,0.34676491260528586,3.881185083389282,0.0,0.0,nan,nan,nan,nan,nan,nan,nan,nan,nan,nan,12224,-0.000523180965857506,0.02285916768014431,1.4797667503356933,0.004240338131785393,0.057533518970012666,0.057533518970012666,0.05285392701625824,0.0005116215345879027,0.0005875000042578904,0.482208251953125,1.0,0.004504807692307692,0.00027870192307692307,1,1.0,1.0,0.0
382,1225600,-816.4252977371216,-8.164253053665162,-816.4252977371216,-8.164253053665162,0.0,816.4252977371216,8.164253053665162,-5.799659729003906,-0.05799659729003892,4.337740378379822,0.0,0.0,nan,nan,nan,nan,nan,nan,nan,nan,nan,nan,12256,-0.0017070793787250516,0.02870525810867548,1.478451418876648,0.00600673402659595,0.08102090768516064,0.08102090768516064,0.07417291700839997,0.003086354412516812,0.01679374990562792,0.2946288585662842,1.0,0.004490384615384615,0.0002775961538461538,1,1.0,1.0,0.0
383,1228800,-806.5223999023438,-8.065223712921142,-806.5223999023438,-8.065223712921142,0.0,806.5223999023438,8.065223712921142,4.103238105773926,0.04103274345398056,3.984182550907135,0.0,0.0,nan,nan,nan,nan,nan,nan,nan,nan,nan,nan,12288,-0.0004075699576293168,0.03659022990614176,1.4497010111808777,0.01139873922802508,0.039037417620420456,0.039037417620420456,0.07850791439414025,0.0012454139730834867,0.0016624999814666807,0.20790541172027588,1.0,0.004475961538461538,0.0002764903846153846,1,1.0,1.0,0.0
384,1232000,-812.6422090530396,-8.126421918869019,-812.6422090530396,-8.126421918869019,0.0,812.6422090530396,8.126421918869019,-2.016571044921875,-0.020165462493896058,4.268200521469116,0.0,0.0,nan,nan,nan,nan,nan,nan,nan,nan,nan,nan,12320,-0.0006717625543941174,0.019320101849734782,1.4455687761306764,0.002538827667012811,0.04753567352890968,0.04753567352890968,0.051518676802515984,0.0006307468915110803,0.0006843749953986844,0.5725784301757812,1.0,0.00446153846153846,0.0002753846153846154,1,1.0,1.0,0.0
385,1235200,-776.4268779754639,-7.764268703460694,-776.4268779754639,-7.764268703460694,0.0,776.4268779754639,7.764268703460694,34.19876003265381,0.34198775291442907,4.061183199882508,0.0,0.0,nan,nan,nan,nan,nan,nan,nan,nan,nan,nan,12352,-0.0004960969406587523,0.0278957013040781,1.4318713068962097,0.007084056502208114,0.04146578516811132,0.04146578516811132,0.06346918940544129,0.0012129271734011126,0.0035593750242696844,0.59727543592453,1.0,0.0044471153846153836,0.00027427884615384613,1,1.0,1.0,0.0
386,1238400,-811.8770780563354,-8.118770580291748,-811.8770780563354,-8.118770580291748,0.0,811.8770780563354,8.118770580291748,-1.2514400482177734,-0.012514123916625763,4.376417088508606,0.0,0.0,nan,nan,nan,nan,nan,nan,nan,nan,nan,nan,12384,-0.0005698249219043827,0.03741464242339134,1.4518294930458069,0.01170198293402791,0.05320027135312557,0.05320027135312557,0.07140368595719337,0.000858680579403881,0.00267187498830026,0.39977335929870605,1.0,0.004432692307692307,0.00027317307692307694,1,1.0,1.0,0.0
387,1241600,-853.9778547286987,-8.539778118133546,-853.9778547286987,-8.539778118133546,0.0,853.9778547286987,8.539778118133546,-43.352216720581055,-0.433521661758423,4.650804867744446,0.0,0.0,nan,nan,nan,nan,nan,nan,nan,nan,nan,nan,12416,-0.0007264905691845236,0.02363996971398592,1.4518697023391725,0.004678743099793792,0.04868248701095581,0.04868248701095581,0.0657959271222353,0.0013516662649635692,0.0047468749449762985,0.3638613820075989,1.0,0.00441826923076923,0.0002720673076923077,1,1.0,1.0,0.0
388,1244800,-873.2597179412842,-8.732596826553344,-873.2597179412842,-8.732596826553344,0.0,873.2597179412842,8.732596826553344,-62.634079933166504,-0.6263403701782213,4.389847936630249,0.0,0.0,nan,nan,nan,nan,nan,nan,nan,nan,nan,nan,12448,-0.0006292000694665845,0.03581639789044857,1.4612388610839844,0.010843927459791302,0.05188988000154495,0.05188988000154495,0.06810063719749451,0.001053014500575955,0.004590624969569035,0.20512312650680542,1.0,0.004403846153846153,0.00027096153846153844,1,1.0,1.0,0.0
389,1248000,-797.1779298782349,-7.971779551506042,-797.1779298782349,-7.971779551506042,0.0,797.1779298782349,7.971779551506042,13.447708129882812,0.13447690486908037,3.846946270465851,0.0,0.0,nan,nan,nan,nan,nan,nan,nan,nan,nan,nan,12480,-0.000673075262934475,0.03300419636070728,1.4720794916152955,0.00936744324862957,0.043304838612675665,0.043304838612675665,0.07246516197919846,0.0008993406649096869,0.004231250021257437,0.2225467562675476,1.0,0.004389423076923076,0.00026985576923076925,1,1.0,1.0,0.0
390,1251200,-896.7669954299927,-8.967669315338135,-896.7669954299927,-8.967669315338135,0.0,896.7669954299927,8.967669315338135,-86.141357421875,-0.8614128589630123,5.207510952949524,0.0,0.0,nan,nan,nan,nan,nan,nan,nan,nan,nan,nan,12512,-0.0004519188159203713,0.06422953195869922,1.4694381475448608,0.02523405496031046,0.05826844610273838,0.05826844610273838,0.09956455007195472,0.0006316816270555137,0.0022218750236788765,0.11731910705566406,1.0,0.0043749999999999995,0.00026875,1,1.0,1.0,0.0
391,1254400,-815.6038475036621,-8.156038417816163,-815.6038475036621,-8.156038417816163,0.0,815.6038475036621,8.156038417816163,-4.978209495544434,-0.04978196144103997,4.265334410667419,0.0,0.0,nan,nan,nan,nan,nan,nan,nan,nan,nan,nan,12544,-0.0003502092089795017,0.027735630050301552,1.4858280539512634,0.007038538157939911,0.03178511019796133,0.03178511019796133,0.06353887841105461,0.0006594574075279525,0.001209375009057112,0.5502590537071228,1.0,0.004360576923076923,0.0002676442307692308,1,1.0,1.0,0.0
392,1257600,-885.5487098693848,-8.855486574172973,-885.5487098693848,-8.855486574172973,0.0,885.5487098693848,8.855486574172973,-74.92307186126709,-0.7492301177978504,4.7324655866622924,0.0,0.0,nan,nan,nan,nan,nan,nan,nan,nan,nan,nan,12576,-0.0004754449890810086,0.03959273099899292,1.5026852250099183,0.012790019903331996,0.04564003087580204,0.04564003087580204,0.07738565877079964,0.0006248584839340765,0.0015250000171363354,0.4013870358467102,1.0,0.004346153846153846,0.00026653846153846156,1,1.0,1.0,0.0
393,1260800,-829.606014251709,-8.296060218811036,-829.606014251709,-8.296060218811036,0.0,829.606014251709,8.296060218811036,-18.98037624359131,-0.18980376243591301,3.612001645565033,0.0,0.0,nan,nan,nan,nan,nan,nan,nan,nan,nan,nan,12608,-0.0003720575803221493,0.025583622232079505,1.5156464576721191,0.005854381155222655,0.04459449090063572,0.04459449090063572,0.06859946064651012,0.0005888406059966656,0.0014843750148429535,0.15086829662322998,1.0,0.004331730769230769,0.0002654326923076923,1,1.0,1.0,0.0
394,1264000,-825.0797681808472,-8.250797576904297,-825.0797681808472,-8.250797576904297,0.0,825.0797681808472,8.250797576904297,-14.454130172729492,-0.14454112052917445,4.147421236038208,0.0,0.0,nan,nan,nan,nan,nan,nan,nan,nan,nan,nan,12640,-0.0008330361636937234,0.021675882674753667,1.5063633918762207,0.003501470712944865,0.04555807299911976,0.04555807299911976,0.05175113640725613,0.0011338789627188817,0.0018250000281113898,0.4849817156791687,1.0,0.004317307692307692,0.0002643269230769231,1,1.0,1.0,0.0
395,1267200,-773.7290811538696,-7.7372905015945435,-773.7290811538696,-7.7372905015945435,0.0,773.7290811538696,7.7372905015945435,36.89655685424805,0.36896595478057925,4.1637688159942625,0.0,0.0,nan,nan,nan,nan,nan,nan,nan,nan,nan,nan,12672,-0.000727271259372353,0.036186232790350915,1.49797283411026,0.010920240823179484,0.04842512607574463,0.04842512607574463,0.06791253462433815,0.0009206261987856123,0.0033812500470958183,0.37847888469696045,1.0,0.0043028846153846155,0.00026322115384615387,1,1.0,1.0,0.0
396,1270400,-831.8151636123657,-8.318152122497558,-831.8151636123657,-8.318152122497558,0.0,831.8151636123657,8.318152122497558,-21.189525604248047,-0.2118956661224356,3.977716770172119,0.0,0.0,nan,nan,nan,nan,nan,nan,nan,nan,nan,nan,12704,-0.0011529840064584463,0.02703551799058914,1.5124781847000122,0.0058785704895854,0.06156919337809086,0.06156919337809086,0.060116248205304146,0.0014172911112837027,0.006640625191721483,0.19255393743515015,1.0,0.004288461538461539,0.0002621153846153847,1,1.0,1.0,0.0
397,1273600,-792.8382196426392,-7.928382177352905,-792.8382196426392,-7.928382177352905,0.0,792.8382196426392,7.928382177352905,17.787418365478516,0.17787427902221786,3.573637959957123,0.0,0.0,nan,nan,nan,nan,nan,nan,nan,nan,nan,nan,12736,-0.0010659837153973006,0.02344033941626549,1.5107741594314574,0.004197078943252564,0.044441981986165044,0.044441981986165044,0.057225944474339485,0.001642932639515493,0.0025749999531399226,0.4633209705352783,1.0,0.004274038461538461,0.0002610096153846154,1,1.0,1.0,0.0
398,1276800,-783.7492685317993,-7.837492790222168,-783.7492685317993,-7.837492790222168,0.0,783.7492685317993,7.837492790222168,26.87636947631836,0.2687636661529549,3.3326108479499816,0.0,0.0,nan,nan,nan,nan,nan,nan,nan,nan,nan,nan,12768,-0.00031513931743849534,0.0251193817704916,1.5008743524551391,0.00585140441544354,0.03863687254488468,0.03863687254488468,0.062064355984330175,0.0006964543976209825,0.0014031249873369233,0.6127141118049622,1.0,0.004259615384615384,0.0002599038461538462,1,1.0,1.0,0.0
399,1280000,-790.4980249404907,-7.90498034954071,-790.4980249404907,-7.90498034954071,0.0,790.4980249404907,7.90498034954071,20.127613067626953,0.20127610683441244,4.129990339279175,0.0,0.0,nan,nan,nan,nan,nan,nan,nan,nan,nan,nan,12800,-0.00036178165235618566,0.025106269493699075,1.4990829706192017,0.005827457644045353,0.042623992264270785,0.042623992264270785,0.059413173049688336,0.0004962829334544949,0.0004937499965308234,0.30692845582962036,1.0,0.0042451923076923075,0.000258798076923077,1,1.0,1.0,0.0
400,1283200,-789.4790229797363,-7.894790258407593,-789.4790229797363,-7.894790258407593,0.0,789.4790229797363,7.894790258407593,21.146615028381348,0.21146619796753008,3.9732478928565977,0.0,0.0,-585.7746016979218,-5.857746016979218,-585.7746016979218,-5.857746016979218,100.0,2.8809284627437592,0.0,0.0,585.7746016979218,-18.75469183921814,12832,-0.0003766405387780836,0.0395127572119236,1.5120160698890686,0.01298274677246809,0.041856585443019866,0.041856585443019866,0.07321769148111343,0.0006850836758530932,0.0011531250314874343,0.4133186936378479,1.0,0.00423076923076923,0.0002576923076923077,1,1.0,1.0,0.0
401,1286400,-797.4954900741577,-7.974954710006714,-797.4954900741577,-7.974954710006714,0.0,797.4954900741577,7.974954710006714,13.130147933959961,0.13130174636840852,4.330488696098327,0.0,0.0,nan,nan,nan,nan,nan,nan,nan,nan,nan,nan,12864,-0.0006642392314737844,0.03833446204662323,1.5242797017097474,0.01207610098645091,0.03842506818473339,0.03842506818473339,0.07269686535000801,0.000909665734070586,0.002106250023643952,0.4369443655014038,1.0,0.004216346153846153,0.00025658653846153843,1,1.0,1.0,0.0
402,1289600,-813.3567771911621,-8.133568024635315,-813.3567771911621,-8.133568024635315,0.0,813.3567771911621,8.133568024635315,-2.7311391830444336,-0.027311568260191876,4.391359124183655,0.0,0.0,nan,nan,nan,nan,nan,nan,nan,nan,nan,nan,12896,-0.0005980266456084848,0.023399537615478038,1.5280282616615295,0.004681085143238306,0.03490346483886242,0.03490346483886242,0.06256445087492465,0.0009831381186813815,0.003084374992613448,0.5910699367523193,1.0,0.004201923076923076,0.00025548076923076924,1,1.0,1.0,0.0
403,1292800,-854.9448442459106,-8.54944845199585,-854.9448442459106,-8.54944845199585,0.0,854.9448442459106,8.54944845199585,-44.31920623779297,-0.44319199562072775,4.192650785446167,0.0,0.0,nan,nan,nan,nan,nan,nan,nan,nan,nan,nan,12928,-0.00037304003158347145,0.035743035934865476,1.5212268352508544,0.01112834019586444,0.030789471231400967,0.030789471231400967,0.07278811857104302,0.0007003189701208612,0.0006250000122236087,0.43501800298690796,1.0,0.004187499999999999,0.000254375,1,1.0,1.0,0.0
404,1296000,-798.432580947876,-7.984325957298279,-798.432580947876,-7.984325957298279,0.0,798.432580947876,7.984325957298279,12.1930570602417,0.12193049907684372,3.7367848324775697,0.0,0.0,nan,nan,nan,nan,nan,nan,nan,nan,nan,nan,12960,-0.00024585073569465264,0.04229639694094658,1.519606351852417,0.014560914039611817,0.03200247026979923,0.03200247026979923,0.07777718976140022,0.00029326437752388303,0.001546874997075065,0.4019542932510376,1.0,0.004173076923076923,0.00025326923076923074,1,1.0,1.0,0.0
405,1299200,-808.268518447876,-8.082684960365295,-808.268518447876,-8.082684960365295,0.0,808.268518447876,8.082684960365295,2.357119560241699,0.023571496009827442,4.359898223876953,0.0,0.0,nan,nan,nan,nan,nan,nan,nan,nan,nan,nan,12992,-0.00037398876598162547,0.031359634920954706,1.514762020111084,0.00900645786896348,0.036985266767442224,0.036985266767442224,0.06779805161058902,0.0004291376075343578,0.0009968750055122655,0.4992409944534302,1.0,0.004158653846153846,0.00025216346153846155,1,1.0,1.0,0.0
406,1302400,-807.5293865203857,-8.075294103622436,-807.5293865203857,-8.075294103622436,0.0,807.5293865203857,8.075294103622436,3.0962514877319336,0.03096235275268633,3.628982865810394,0.0,0.0,nan,nan,nan,nan,nan,nan,nan,nan,nan,nan,13024,-0.0007394419730873736,0.028011269681155682,1.5057287693023682,0.007026105374097824,0.05011897832155228,0.05011897832155228,0.06470455937087535,0.0010253204902255675,0.0033343750357744282,0.41537219285964966,1.0,0.004144230769230769,0.0002510576923076923,1,1.0,1.0,0.0
407,1305600,-819.1074724197388,-8.191074619293213,-819.1074724197388,-8.191074619293213,0.0,819.1074724197388,8.191074619293213,-8.481834411621094,-0.08481816291808997,4.413333954811097,0.0,0.0,nan,nan,nan,nan,nan,nan,nan,nan,nan,nan,13056,-0.0004605921245616429,0.0375374548137188,1.4996190071105957,0.012114997394382954,0.0453699316829443,0.0453699316829443,0.0849375531077385,0.0005725092227294226,0.0012312499969993952,0.41529059410095215,1.0,0.004129807692307691,0.0002499519230769231,1,1.0,1.0,0.0
408,1308800,-904.0532760620117,-9.04053303718567,-904.0532760620117,-9.04053303718567,0.0,904.0532760620117,9.04053303718567,-93.42763805389404,-0.9342765808105469,4.4916332769393925,0.0,0.0,nan,nan,nan,nan,nan,nan,nan,nan,nan,nan,13088,-0.0004450948258046594,0.03555359281599522,1.5143752217292785,0.011099465098232031,0.09976371340453624,0.09976371340453624,0.08150627762079239,0.0010910471464740112,0.004278124995471444,0.5358951091766357,1.0,0.0041153846153846145,0.00024884615384615386,1,1.0,1.0,0.0
409,1312000,-827.3066501617432,-8.273066816329957,-827.3066501617432,-8.273066816329957,0.0,827.3066501617432,8.273066816329957,-16.68101215362549,-0.16681035995483384,4.151941452026367,0.0,0.0,nan,nan,nan,nan,nan,nan,nan,nan,nan,nan,13120,-0.0004135058105544931,0.049012843146920206,1.5163458228111266,0.01787443980574608,0.03621751219034195,0.03621751219034195,0.08677933216094971,0.0006209957426108303,0.0007562499959021807,0.31614798307418823,1.0,0.004100961538461538,0.0002477403846153846,1,1.0,1.0,0.0
410,1315200,-842.8730525970459,-8.428730154037476,-842.8730525970459,-8.428730154037476,0.0,842.8730525970459,8.428730154037476,-32.24741458892822,-0.32247369766235323,4.250214304924011,0.0,0.0,nan,nan,nan,nan,nan,nan,nan,nan,nan,nan,13152,-0.00046322500381502094,0.028980784863233567,1.520197331905365,0.007814822439104318,0.04500588104128837,0.04500588104128837,0.0643786184489727,0.0005914117729844293,0.0018187500070780515,0.48889094591140747,1.0,0.004086538461538461,0.0002466346153846154,1,1.0,1.0,0.0
411,1318400,-789.0927686691284,-7.890927872657776,-789.0927686691284,-7.890927872657776,0.0,789.0927686691284,7.890927872657776,21.532869338989258,0.21532858371734687,3.9739666986465454,0.0,0.0,nan,nan,nan,nan,nan,nan,nan,nan,nan,nan,13184,-0.00041347930406185893,0.03426756076514721,1.5219021677970885,0.01052293968386948,0.040103990212082864,0.040103990212082864,0.08030943349003791,0.00047364839556394143,0.0015187500102911144,0.3120322823524475,1.0,0.004072115384615384,0.00024552884615384617,1,1.0,1.0,0.0
412,1321600,-797.5834589004517,-7.975834746360778,-797.5834589004517,-7.975834746360778,0.0,797.5834589004517,7.975834746360778,13.042179107666016,0.13042171001434433,4.137247614860534,0.0,0.0,nan,nan,nan,nan,nan,nan,nan,nan,nan,nan,13216,-0.0006918432906415362,0.04130513779819012,1.5156729578971864,0.013810591213405133,0.04071359634399414,0.04071359634399414,0.07936446219682694,0.0007308092790481169,0.0020187500398606063,0.4163099527359009,1.0,0.004057692307692307,0.00024442307692307697,1,1.0,1.0,0.0
413,1324800,-797.9381513595581,-7.979381046295166,-797.9381513595581,-7.979381046295166,0.0,797.9381513595581,7.979381046295166,12.68748664855957,0.12687541007995673,4.128890471458435,0.0,0.0,nan,nan,nan,nan,nan,nan,nan,nan,nan,nan,13248,-0.0007689391800726253,0.024574285559356212,1.512645673751831,0.005402169749140739,0.06392713114619256,0.06392713114619256,0.056625445187091825,0.0005650705053994898,0.0012125000095693395,0.445578932762146,1.0,0.0040432692307692305,0.00024331730769230772,1,1.0,1.0,0.0
414,1328000,-824.5916681289673,-8.245916681289673,-824.5916681289673,-8.245916681289673,0.0,824.5916681289673,8.245916681289673,-13.96603012084961,-0.1396602249145502,3.875239520072937,0.0,0.0,nan,nan,nan,nan,nan,nan,nan,nan,nan,nan,13280,-0.0002896389983383596,0.05547771789133549,1.5008663415908814,0.02140246070921421,0.039650915935635564,0.039650915935635564,0.08999655917286872,0.0011269790629739873,0.0013343750018975698,0.3203951120376587,1.0,0.004028846153846154,0.00024221153846153848,1,1.0,1.0,0.0
415,1331200,-849.3729162216187,-8.49372901916504,-849.3729162216187,-8.49372901916504,0.0,849.3729162216187,8.49372901916504,-38.74727821350098,-0.3874725627899167,4.125125937461853,0.0,0.0,nan,nan,nan,nan,nan,nan,nan,nan,nan,nan,13312,-0.0008349406275200089,0.03571603745222092,1.5041507959365845,0.01098478059284389,0.049369942769408225,0.049369942769408225,0.07292359843850135,0.0009179801523714559,0.0013656249964697053,0.37264806032180786,1.0,0.004014423076923077,0.00024110576923076928,1,1.0,1.0,0.0
416,1334400,-848.3238983154297,-8.483239183425903,-848.3238983154297,-8.483239183425903,0.0,848.3238983154297,8.483239183425903,-37.69826030731201,-0.3769827270507804,4.243135786056518,0.0,0.0,nan,nan,nan,nan,nan,nan,nan,nan,nan,nan,13344,-0.00035146005460697796,0.03132570758461952,1.4921108722686767,0.009342949884012342,0.029336712881922723,0.029336712881922723,0.06651185043156146,0.0011921270954189823,0.0016656249586958437,0.501632809638977,1.0,0.004,0.00024000000000000003,1,1.0,1.0,0.0
417,1337600,-825.1610956192017,-8.251610975265503,-825.1610956192017,-8.251610975265503,0.0,825.1610956192017,8.251610975265503,-14.535457611083984,-0.14535451889038065,4.080534875392914,0.0,0.0,nan,nan,nan,nan,nan,nan,nan,nan,nan,nan,13376,-0.0007795037529140459,0.029062382690608502,1.494265615940094,0.007796177454292774,0.06556011401116849,0.06556011401116849,0.068274936825037,0.001212268104427494,0.002296875003594323,0.32231003046035767,1.0,0.003985576923076923,0.00023889423076923084,1,1.0,1.0,0.0
418,1340800,-885.2847499847412,-8.852847528457641,-885.2847499847412,-8.852847528457641,0.0,885.2847499847412,8.852847528457641,-74.65911197662354,-0.7465910720825182,5.2212553358078,0.0,0.0,nan,nan,nan,nan,nan,nan,nan,nan,nan,nan,13408,-0.0006799247709917466,0.03988797068595886,1.4927907466888428,0.013335958775132894,0.06344368346035481,0.06344368346035481,0.07375555485486984,0.0010418315672723112,0.0017062500264728442,0.254660964012146,1.0,0.0039711538461538465,0.0002377884615384616,1,1.0,1.0,0.0
419,1344000,-815.3902626037598,-8.15390266418457,-815.3902626037598,-8.15390266418457,0.0,815.3902626037598,8.15390266418457,-4.76462459564209,-0.04764620780944817,4.879037518501281,0.0,0.0,nan,nan,nan,nan,nan,nan,nan,nan,nan,nan,13440,-0.000348730775484718,0.02272084578871727,1.4915037751197815,0.0051102130208164455,0.04204238504171372,0.04204238504171372,0.05491587556898594,0.00047396596492035317,0.0014750000060303136,0.47154122591018677,1.0,0.003956730769230769,0.00023668269230769234,1,1.0,1.0,0.0
420,1347200,-877.9040184020996,-8.779039611816406,-877.9040184020996,-8.779039611816406,0.0,877.9040184020996,8.779039611816406,-67.27838039398193,-0.6727831554412838,4.848052554130554,0.0,0.0,-504.248655796051,-5.04248655796051,-504.248655796051,-5.04248655796051,100.0,2.4484194993972777,0.0,0.0,504.248655796051,62.77125406265259,13472,-0.00046255996754913654,0.03986825495958328,1.4950003743171691,0.013577816169708967,0.04993833787739277,0.04993833787739277,0.08015138879418374,0.00045633355293830393,0.002015624972409569,0.30101603269577026,1.0,0.003942307692307691,0.00023557692307692304,1,1.0,1.0,0.0
421,1350400,-761.2573843002319,-7.612573719024658,-761.2573843002319,-7.612573719024658,0.0,761.2573843002319,7.612573719024658,49.36825370788574,0.49368273735046486,3.7481809639930725,0.0,0.0,nan,nan,nan,nan,nan,nan,nan,nan,nan,nan,13504,-0.0004349995849318944,0.02500842120498419,1.491267454624176,0.0062116845045238735,0.04355026222765446,0.04355026222765446,0.0622733224183321,0.000498182055162033,0.0007312500030820957,0.5440973043441772,1.0,0.003927884615384614,0.00023447115384615385,1,1.0,1.0,0.0
422,1353600,-797.9353427886963,-7.979353523254394,-797.9353427886963,-7.979353523254394,0.0,797.9353427886963,7.979353523254394,12.690295219421387,0.12690293312072853,3.9497731590270995,0.0,0.0,nan,nan,nan,nan,nan,nan,nan,nan,nan,nan,13536,-0.0004384245472523585,0.04369306489825249,1.4895109295845033,0.015578963421285152,0.03892144076526165,0.03892144076526165,0.07802567258477211,0.0004265308351023123,0.0008093750118860043,0.4584167003631592,1.0,0.0039134615384615375,0.0002333653846153846,1,1.0,1.0,0.0
423,1356800,-880.3798198699951,-8.80379783630371,-880.3798198699951,-8.80379783630371,0.0,880.3798198699951,8.80379783630371,-69.75418186187744,-0.6975413799285874,4.277212533950806,0.0,0.0,nan,nan,nan,nan,nan,nan,nan,nan,nan,nan,13568,-0.00046061985795384783,0.0327101819217205,1.4878721714019776,0.010093200206756591,0.042075418122112754,0.042075418122112754,0.07194265872240066,0.0006256670154471067,0.002071875013643876,0.46524786949157715,1.0,0.0038990384615384607,0.00023225961538461535,1,1.0,1.0,0.0
424,1360000,-904.6534051895142,-9.046533908843994,-904.6534051895142,-9.046533908843994,0.0,904.6534051895142,9.046533908843994,-94.02776718139648,-0.9402774524688713,4.874911212921143,0.0,0.0,nan,nan,nan,nan,nan,nan,nan,nan,nan,nan,13600,-0.0004602579274156415,0.03415900487452746,1.4994448184967042,0.010794478328898549,0.03845091201364994,0.03845091201364994,0.07737042233347893,0.0005697051097740769,0.0017687500159809133,0.3251303434371948,1.0,0.003884615384615384,0.00023115384615384616,1,1.0,1.0,0.0
425,1363200,-836.200740814209,-8.362007369995117,-836.200740814209,-8.362007369995117,0.0,836.200740814209,8.362007369995117,-25.57510280609131,-0.2557509136199947,4.444970579147339,0.0,0.0,nan,nan,nan,nan,nan,nan,nan,nan,nan,nan,13632,-0.0008505398450477486,0.02918342165648937,1.5001838088035584,0.007935171388089657,0.06931917369365692,0.06931917369365692,0.06642966605722904,0.000749260393968143,0.004231249995063991,0.41946226358413696,1.0,0.003870192307692307,0.0002300480769230769,1,1.0,1.0,0.0
426,1366400,-781.7461280822754,-7.817461023330688,-781.7461280822754,-7.817461023330688,0.0,781.7461280822754,7.817461023330688,28.879509925842285,0.28879543304443445,3.8151282405853273,0.0,0.0,nan,nan,nan,nan,nan,nan,nan,nan,nan,nan,13664,-0.00040628554939834414,0.022459061071276664,1.498241949081421,0.005046369647607208,0.05036206431686878,0.05036206431686878,0.06157367452979088,0.0005394715026341146,0.0015375000119092874,0.5819144248962402,1.0,0.0038557692307692303,0.0002289423076923077,1,1.0,1.0,0.0
427,1369600,-876.9377393722534,-8.769377393722534,-876.9377393722534,-8.769377393722534,0.0,876.9377393722534,8.769377393722534,-66.31210136413574,-0.6631209373474114,4.954003772735596,0.0,0.0,nan,nan,nan,nan,nan,nan,nan,nan,nan,nan,13696,-0.0005986410335928616,0.058265640214085576,1.5032777547836305,0.02275956850498915,0.049957361072301865,0.049957361072301865,0.08970913961529732,0.0008443630231340649,0.002193749984144233,0.1451525092124939,1.0,0.0038413461538461535,0.00022783653846153846,1,1.0,1.0,0.0
428,1372800,-703.7693562507629,-7.037693824768066,-703.7693562507629,-7.037693824768066,0.0,703.7693562507629,7.037693824768066,106.85628175735474,1.0685626316070564,3.074836757183075,0.0,0.0,nan,nan,nan,nan,nan,nan,nan,nan,nan,nan,13728,-0.0008986012618290351,0.03397794757038355,1.5170394778251648,0.010284779174253345,0.05635319203138352,0.05635319203138352,0.08257413432002067,0.0017109943870309507,0.007690624914539512,0.3016454577445984,1.0,0.0038269230769230767,0.00022673076923076922,1,1.0,1.0,0.0
429,1376000,-742.4395780563354,-7.424395632743836,-742.4395780563354,-7.424395632743836,0.0,742.4395780563354,7.424395632743836,68.18605995178223,0.6818608236312871,3.5232600712776185,0.0,0.0,nan,nan,nan,nan,nan,nan,nan,nan,nan,nan,13760,-0.0006602081639575985,0.024129650741815566,1.528758978843689,0.005576223554089666,0.03966143950819969,0.03966143950819969,0.059833164885640146,0.001449781899282243,0.002465625024342444,0.4089682102203369,1.0,0.0038125,0.00022562500000000002,1,1.0,1.0,0.0
430,1379200,-829.7267122268677,-8.297267036437988,-829.7267122268677,-8.297267036437988,0.0,829.7267122268677,8.297267036437988,-19.10107421875,-0.19101058006286564,4.199009337425232,0.0,0.0,nan,nan,nan,nan,nan,nan,nan,nan,nan,nan,13792,-0.0006809015499544379,0.04164458923041821,1.5177780628204345,0.014376755431294441,0.045324110239744184,0.045324110239744184,0.08944944441318511,0.0009041389210324268,0.0018812500493368134,0.22550183534622192,1.0,0.0037980769230769222,0.00022451923076923077,1,1.0,1.0,0.0
431,1382400,-730.1288824081421,-7.301288695335388,-730.1288824081421,-7.301288695335388,0.0,730.1288824081421,7.301288695335388,80.49675559997559,0.8049677610397348,3.270837824344635,0.0,0.0,nan,nan,nan,nan,nan,nan,nan,nan,nan,nan,13824,-0.0003541508389178105,0.037031388655304906,1.5142353415489196,0.012432201113551856,0.040737318247556685,0.040737318247556685,0.07731382250785827,0.00027554831103770994,0.0,0.31935203075408936,1.0,0.0037836538461538454,0.00022341346153846158,1,1.0,1.0,0.0
432,1385600,-759.2340335845947,-7.592340650558472,-759.2340335845947,-7.592340650558472,0.0,759.2340335845947,7.592340650558472,51.39160442352295,0.5139158058166506,3.9274050068855284,0.0,0.0,nan,nan,nan,nan,nan,nan,nan,nan,nan,nan,13856,-0.0005391728565300013,0.027636886946856974,1.5283531069755554,0.007518554804846644,0.046550612151622775,0.046550612151622775,0.06576893143355847,0.0007713178847552626,0.002068749965110328,0.2905048131942749,1.0,0.0037692307692307686,0.00022230769230769233,1,1.0,1.0,0.0
433,1388800,-843.3698816299438,-8.433699159622192,-843.3698816299438,-8.433699159622192,0.0,843.3698816299438,8.433699159622192,-32.74424362182617,-0.32744270324706903,4.118375797271728,0.0,0.0,nan,nan,nan,nan,nan,nan,nan,nan,nan,nan,13888,-0.0006001942088390888,0.027813118323683737,1.5351053595542907,0.007542339712381363,0.05027501732110977,0.05027501732110977,0.05777121633291245,0.0006023771442414727,0.001328125013242243,0.4767262935638428,1.0,0.003754807692307692,0.00022120192307692308,1,1.0,1.0,0.0
434,1392000,-795.9566602706909,-7.959566617012024,-795.9566602706909,-7.959566617012024,0.0,795.9566602706909,7.959566617012024,14.668977737426758,0.14668983936309843,3.877273898124695,0.0,0.0,nan,nan,nan,nan,nan,nan,nan,nan,nan,nan,13920,-0.0003293610801542002,0.04506618529558182,1.5338757634162903,0.016466446034610272,0.08040925785899163,0.08040925785899163,0.08619714006781579,0.0005079477476101601,0.0008875000159605407,0.3627380132675171,1.0,0.003740384615384615,0.0002200961538461539,1,1.0,1.0,0.0
435,1395200,-826.9127073287964,-8.269126958847046,-826.9127073287964,-8.269126958847046,0.0,826.9127073287964,8.269126958847046,-16.28706932067871,-0.16287050247192347,4.377393622398376,0.0,0.0,nan,nan,nan,nan,nan,nan,nan,nan,nan,nan,13952,-0.00047640855025092853,0.03201166316866875,1.5377736926078795,0.009799737203866243,0.04994684271514416,0.04994684271514416,0.06529694870114326,0.00044242329786357,0.0006281249960011337,0.27476751804351807,1.0,0.0037259615384615382,0.00021899038461538464,1,1.0,1.0,0.0
436,1398400,-806.2468996047974,-8.062469592094422,-806.2468996047974,-8.062469592094422,0.0,806.2468996047974,8.062469592094422,4.3787384033203125,0.04378686428070111,4.289059548377991,0.0,0.0,nan,nan,nan,nan,nan,nan,nan,nan,nan,nan,13984,-0.0007250257404986859,0.04182397983968258,1.5275162220001222,0.014517529215663672,0.05623586066067219,0.05623586066067219,0.06728721633553505,0.0008263370757049416,0.0009625000137020833,0.38965922594070435,1.0,0.0037115384615384614,0.00021788461538461545,1,1.0,1.0,0.0
437,1401600,-813.3019924163818,-8.133020124435426,-813.3019924163818,-8.133020124435426,0.0,813.3019924163818,8.133020124435426,-2.67635440826416,-0.026763668060302948,4.301102643013,0.0,0.0,nan,nan,nan,nan,nan,nan,nan,nan,nan,nan,14016,-0.00042364496758819927,0.02376998756080866,1.5206040501594544,0.005839499970898032,0.04751556180417538,0.04751556180417538,0.06739814691245556,0.0006187194027006626,0.0008343749999767169,0.5241407155990601,1.0,0.0036971153846153846,0.0002167788461538462,1,1.0,1.0,0.0
438,1404800,-801.1279344558716,-8.011279582977295,-801.1279344558716,-8.011279582977295,0.0,801.1279344558716,8.011279582977295,9.497703552246094,0.09497687339782779,3.7778045248985292,0.0,0.0,nan,nan,nan,nan,nan,nan,nan,nan,nan,nan,14048,-0.0004333817457737865,0.04098969995975495,1.5238740921020508,0.014449509140104056,0.05228905938565731,0.05228905938565731,0.08829934000968934,0.00044943479297216983,0.0004687499953433871,0.08548706769943237,1.0,0.003682692307692308,0.00021567307692307695,1,1.0,1.0,0.0
439,1408000,-852.4266843795776,-8.524267053604126,-852.4266843795776,-8.524267053604126,0.0,852.4266843795776,8.524267053604126,-41.80104637145996,-0.4180105972290029,4.515088686943054,0.0,0.0,nan,nan,nan,nan,nan,nan,nan,nan,nan,nan,14080,-0.0005992952330969636,0.053892832249403,1.5042032957077027,0.02082929778844118,0.05250690616667271,0.05250690616667271,0.0802980676293373,0.0006604630485526286,0.004318750019592699,0.2253662347793579,1.0,0.00366826923076923,0.00021456730769230765,1,1.0,1.0,0.0
440,1411200,-843.3497114181519,-8.433497190475464,-843.3497114181519,-8.433497190475464,0.0,843.3497114181519,8.433497190475464,-32.72407341003418,-0.32724073410034116,4.457942061424255,0.0,0.0,-531.7849848270416,-5.317849848270416,-531.7849848270416,-5.317849848270416,100.0,2.3556334954500198,0.0,0.0,531.7849848270416,35.23492503166199,14112,-0.0003550369471922776,0.0513223472982645,1.512305247783661,0.01978040598332882,0.04181145876646042,0.04181145876646042,0.07734075412154198,0.00026903904536084154,0.000496875002500019,0.37295782566070557,1.0,0.0036538461538461525,0.00021346153846153845,1,1.0,1.0,0.0
441,1414400,-909.8361835479736,-9.098361654281616,-909.8361835479736,-9.098361654281616,0.0,909.8361835479736,9.098361654281616,-99.21054553985596,-0.9921051979064934,4.505431046485901,0.0,0.0,nan,nan,nan,nan,nan,nan,nan,nan,nan,nan,14144,-0.00046037578062971816,0.045455170422792436,1.5120343565940857,0.01676427638158202,0.04544943422079086,0.04544943422079086,0.08422865942120553,0.0005239839863861561,0.0003312499946332537,0.4117111563682556,1.0,0.0036394230769230757,0.0002123557692307692,1,1.0,1.0,0.0
442,1417600,-817.8078260421753,-8.178078293800354,-817.8078260421753,-8.178078293800354,0.0,817.8078260421753,8.178078293800354,-7.182188034057617,-0.0718218374252313,4.527314901351929,0.0,0.0,nan,nan,nan,nan,nan,nan,nan,nan,nan,nan,14176,-0.0004264942190551846,0.027725177071988582,1.5132624149322509,0.007950518233701586,0.047335556522011754,0.047335556522011754,0.06755179166793823,0.000480580474868475,0.0016968750045634807,0.4533999562263489,1.0,0.003624999999999999,0.00021124999999999996,1,1.0,1.0,0.0
443,1420800,-836.3668632507324,-8.363668670654297,-836.3668632507324,-8.363668670654297,0.0,836.3668632507324,8.363668670654297,-25.741225242614746,-0.2574122142791744,3.5948146843910216,0.0,0.0,nan,nan,nan,nan,nan,nan,nan,nan,nan,nan,14208,-0.0004465595244255383,0.032677259668707846,1.5159855961799622,0.010418487805873155,0.03834854066371918,0.03834854066371918,0.07413696199655533,0.0005866634248377523,0.0020156250160653145,0.11560535430908203,1.0,0.003610576923076922,0.00021014423076923076,1,1.0,1.0,0.0
444,1424000,-759.789155960083,-7.597891268730163,-759.789155960083,-7.597891268730163,0.0,759.789155960083,7.597891268730163,50.83648204803467,0.5083651876449595,3.239885141849518,0.0,0.0,nan,nan,nan,nan,nan,nan,nan,nan,nan,nan,14240,-0.0002788609651659613,0.015391264297068118,1.517951238155365,0.0019579850137233733,0.0412870803847909,0.0412870803847909,0.04951823651790619,0.00043083493619633373,0.0005062500058556907,0.5978724956512451,1.0,0.0035961538461538453,0.00020903846153846157,1,1.0,1.0,0.0
445,1427200,-709.7651653289795,-7.097651519775391,-709.7651653289795,-7.097651519775391,0.0,709.7651653289795,7.097651519775391,100.86047267913818,1.008604936599732,3.5817373538017274,0.0,0.0,nan,nan,nan,nan,nan,nan,nan,nan,nan,nan,14272,-0.00036515734177662297,0.025547065213322638,1.5066624641418458,0.00701191583648324,0.0551408302038908,0.0551408302038908,0.059350819513201716,0.0003324183478980558,0.002121874986914918,0.5215526819229126,1.0,0.0035817307692307685,0.00020793269230769227,1,1.0,1.0,0.0
446,1430400,-839.2324628829956,-8.39232466697693,-839.2324628829956,-8.39232466697693,0.0,839.2324628829956,8.39232466697693,-28.60682487487793,-0.2860682106018064,4.12427131652832,0.0,0.0,nan,nan,nan,nan,nan,nan,nan,nan,nan,nan,14304,-0.000581639834074299,0.03440273907035589,1.5083903670310974,0.011238837148994207,0.05236711092293263,0.05236711092293263,0.0838232658803463,0.0004193343735096278,0.0024375000153668224,0.30846989154815674,1.0,0.0035673076923076917,0.00020682692307692307,1,1.0,1.0,0.0
447,1433600,-746.7118911743164,-7.467119140625,-746.7118911743164,-7.467119140625,0.0,746.7118911743164,7.467119140625,63.91374683380127,0.6391373157501228,3.7095882940292357,0.0,0.0,nan,nan,nan,nan,nan,nan,nan,nan,nan,nan,14336,-0.0010261508715103673,0.024191357754170896,1.4992043852806092,0.005743027990683913,0.06726609617471695,0.06726609617471695,0.059091005474328995,0.0015163624044362222,0.008925000022281892,0.4542132019996643,1.0,0.003552884615384615,0.00020572115384615388,1,1.0,1.0,0.0
448,1436800,-833.5649194717407,-8.335648984909058,-833.5649194717407,-8.335648984909058,0.0,833.5649194717407,8.335648984909058,-22.939281463623047,-0.22939252853393555,3.7833642387390136,0.0,0.0,nan,nan,nan,nan,nan,nan,nan,nan,nan,nan,14368,-0.0005001416291750438,0.030737275257706642,1.5027214527130126,0.009551173588261009,0.06555899940431117,0.06555899940431117,0.06722616627812386,0.0006615031554247253,0.003034374973503873,0.43857502937316895,1.0,0.003538461538461538,0.00020461538461538458,1,1.0,1.0,0.0
449,1440000,-753.6775951385498,-7.536776347160339,-753.6775951385498,-7.536776347160339,0.0,753.6775951385498,7.536776347160339,56.94804286956787,0.5694801092147834,3.742428159713745,0.0,0.0,nan,nan,nan,nan,nan,nan,nan,nan,nan,nan,14400,-0.0005117241347674551,0.04534484669566154,1.5160731077194214,0.0168179995380342,0.04665389321744442,0.04665389321744442,0.0851855605840683,0.0006252458833841956,0.003950000007171184,0.18220269680023193,1.0,0.0035240384615384613,0.00020350961538461538,1,1.0,1.0,0.0
450,1443200,-787.694169998169,-7.876941838264465,-787.694169998169,-7.876941838264465,0.0,787.694169998169,7.876941838264465,22.93146800994873,0.22931461811065734,3.8946885895729064,0.0,0.0,nan,nan,nan,nan,nan,nan,nan,nan,nan,nan,14432,-0.0005684842160611936,0.03180417008697987,1.514108455181122,0.010019662976264953,0.04758229926228523,0.04758229926228523,0.0666469182819128,0.0005568903185121599,0.003828124962456059,0.5276332497596741,1.0,0.0035096153846153845,0.0002024038461538462,1,1.0,1.0,0.0
451,1446400,-802.7759952545166,-8.027759943008423,-802.7759952545166,-8.027759943008423,0.0,802.7759952545166,8.027759943008423,7.849642753601074,0.07849651336669972,4.376755790710449,0.0,0.0,nan,nan,nan,nan,nan,nan,nan,nan,nan,nan,14464,-0.0008915011755540103,0.03834164440631867,1.5158547759056091,0.012981116957962512,0.0631382130086422,0.0631382130086422,0.08438027948141098,0.0009647224811487831,0.0017843750392785296,0.348699688911438,1.0,0.0034951923076923077,0.000201298076923077,1,1.0,1.0,0.0
452,1449600,-717.8329892158508,-7.178330059051514,-717.8329892158508,-7.178330059051514,0.0,717.8329892158508,7.178330059051514,92.79264879226685,0.9279263973236089,3.5391316342353822,0.0,0.0,nan,nan,nan,nan,nan,nan,nan,nan,nan,nan,14496,-0.00032529792743147824,0.034580642729997633,1.524403727054596,0.011658925749361514,0.09136522635817527,0.09136522635817527,0.06727123260498047,0.0005796196306619095,0.0012187499902211129,0.6265966892242432,1.0,0.00348076923076923,0.0002001923076923077,1,1.0,1.0,0.0
453,1452800,-886.3294639587402,-8.863294944763183,-886.3294639587402,-8.863294944763183,0.0,886.3294639587402,8.863294944763183,-75.70382595062256,-0.7570384883880603,4.71981376171112,0.0,0.0,nan,nan,nan,nan,nan,nan,nan,nan,nan,nan,14528,-0.0007207307811214925,0.07119275406002998,1.5284231662750245,0.029577603004872798,0.049663950502872464,0.049663950502872464,0.09987240731716156,0.0005091485931188799,0.0027562500501517205,0.2126958966255188,1.0,0.003466346153846153,0.0001990865384615385,1,1.0,1.0,0.0
454,1456000,-875.9012966156006,-8.759013051986694,-875.9012966156006,-8.759013051986694,0.0,875.9012966156006,8.759013051986694,-65.27565860748291,-0.6527565956115708,3.832359335422516,0.0,0.0,nan,nan,nan,nan,nan,nan,nan,nan,nan,nan,14560,-0.00038866315969787735,0.04948419965803623,1.531690764427185,0.01906615812331438,0.04611896686255932,0.04611896686255932,0.09395218193531037,0.0003993047774201841,0.0022437500694650224,0.37019890546798706,1.0,0.0034519230769230764,0.0001979807692307693,1,1.0,1.0,0.0
455,1459200,-840.5647840499878,-8.405647916793823,-840.5647840499878,-8.405647916793823,0.0,840.5647840499878,8.405647916793823,-29.939146041870117,-0.29939146041870046,4.720732517242432,0.0,0.0,nan,nan,nan,nan,nan,nan,nan,nan,nan,nan,14592,-0.000345499065823951,0.051082868501544,1.537495732307434,0.019910793378949167,0.05168338976800442,0.05168338976800442,0.08780443742871284,0.00039343531880149386,0.001821874983215821,0.4263008236885071,1.0,0.0034374999999999996,0.000196875,1,1.0,1.0,0.0
456,1462400,-863.8806161880493,-8.638806428909302,-863.8806161880493,-8.638806428909302,0.0,863.8806161880493,8.638806428909302,-53.25497817993164,-0.5325499725341789,4.505237483978272,0.0,0.0,nan,nan,nan,nan,nan,nan,nan,nan,nan,nan,14624,-0.0004826062424122757,0.028823023475706578,1.532506000995636,0.008683019690215588,0.04455122426152229,0.04455122426152229,0.061942766234278676,0.00046504616047968737,0.0007906249982625013,0.5443402528762817,1.0,0.0034230769230769228,0.0001957692307692308,1,1.0,1.0,0.0
457,1465600,-828.0214309692383,-8.280213861465453,-828.0214309692383,-8.280213861465453,0.0,828.0214309692383,8.280213861465453,-17.395792961120605,-0.17395740509033075,3.4236815977096557,0.0,0.0,nan,nan,nan,nan,nan,nan,nan,nan,nan,nan,14656,-0.0003511391330393909,0.03910943120718002,1.5295423507690429,0.013989896047860384,0.06689778715372086,0.06689778715372086,0.07158720046281815,0.0004906855916487985,0.000856249984644819,0.5372018814086914,1.0,0.003408653846153846,0.0001946634615384616,1,1.0,1.0,0.0
458,1468800,-856.3112268447876,-8.56311201095581,-856.3112268447876,-8.56311201095581,0.0,856.3112268447876,8.56311201095581,-45.68558883666992,-0.45685555458068805,4.436383504867553,0.0,0.0,nan,nan,nan,nan,nan,nan,nan,nan,nan,nan,14688,-0.0003799929310567496,0.04077614732086658,1.5361340045928955,0.014794087689369916,0.04242959655821323,0.04242959655821323,0.07448265627026558,0.00036161647140033895,0.0007093750115018338,0.3718140721321106,1.0,0.003394230769230769,0.0001935576923076923,1,1.0,1.0,0.0
459,1472000,-783.145429611206,-7.831454658508301,-783.145429611206,-7.831454658508301,0.0,783.145429611206,7.831454658508301,27.48020839691162,0.2748017978668216,3.948395063877106,0.0,0.0,nan,nan,nan,nan,nan,nan,nan,nan,nan,nan,14720,-0.00039537132329421355,0.024518426693975925,1.5503658413887025,0.0066239033360034226,0.040937482938170434,0.040937482938170434,0.06904745511710644,0.0005071849747764646,0.00020937500230502337,0.3312138319015503,1.0,0.0033798076923076915,0.000192451923076923,1,1.0,1.0,0.0
460,1475200,-823.085223197937,-8.23085199356079,-823.085223197937,-8.23085199356079,0.0,823.085223197937,8.23085199356079,-12.459585189819336,-0.12459553718566774,4.090137414932251,0.0,0.0,-569.5384871959686,-5.6953848719596865,-569.5384871959686,-5.6953848719596865,100.0,2.4266728419065475,0.0,0.0,569.5384871959686,-2.5185773372650146,14752,-0.00043421759099582236,0.04233180359005928,1.56031391620636,0.015480627864599228,0.038050145283341406,0.038050145283341406,0.08606746718287468,0.0006443527037845343,0.00046249999977590053,0.437614381313324,1.0,0.0033653846153846147,0.00019134615384615381,1,1.0,1.0,0.0
461,1478400,-774.4420051574707,-7.744419989585876,-774.4420051574707,-7.744419989585876,0.0,774.4420051574707,7.744419989585876,36.18363285064697,0.36183646678924664,4.0307859563827515,0.0,0.0,nan,nan,nan,nan,nan,nan,nan,nan,nan,nan,14784,-0.0003874376894803966,0.01964070536196232,1.5658893227577209,0.004185680253431201,0.05656000562012196,0.05656000562012196,0.0557748556137085,0.000375765022727137,0.0010343749861931428,0.605748176574707,1.0,0.003350961538461538,0.00019024038461538462,1,1.0,1.0,0.0
462,1481600,-780.2963266372681,-7.802963109016418,-780.2963266372681,-7.802963109016418,0.0,780.2963266372681,7.802963109016418,30.32931137084961,0.3032933473587045,3.6044754648208617,0.0,0.0,nan,nan,nan,nan,nan,nan,nan,nan,nan,nan,14816,-0.0002227618442914192,0.04091271050274372,1.5540501713752746,0.015048445481806994,0.03260101042687893,0.03260101042687893,0.08482519313693046,0.0002094455069709511,0.0006906249887833838,0.2500268816947937,1.0,0.0033365384615384602,0.00018913461538461543,1,1.0,1.0,0.0
463,1484800,-855.300163269043,-8.553001623153687,-855.300163269043,-8.553001623153687,0.0,855.300163269043,8.553001623153687,-44.67452526092529,-0.44674516677856424,3.9128074073791503,0.0,0.0,nan,nan,nan,nan,nan,nan,nan,nan,nan,nan,14848,-0.0005927497850818142,0.058722542226314546,1.5556788921356202,0.023600376769900323,0.05397958308458328,0.05397958308458328,0.09825163334608078,0.00045361733045865547,0.0008906250033760444,0.1948864459991455,1.0,0.0033221153846153834,0.00018802884615384612,1,1.0,1.0,0.0
464,1488000,-816.2462091445923,-8.162461853027343,-816.2462091445923,-8.162461853027343,0.0,816.2462091445923,8.162461853027343,-5.620571136474609,-0.056205396652220685,4.414526262283325,0.0,0.0,nan,nan,nan,nan,nan,nan,nan,nan,nan,nan,14880,-0.0003086023550480377,0.04106383509933949,1.5653753876686096,0.01504553509876132,0.04306360445916653,0.04306360445916653,0.09606967195868492,0.0005096949735161616,0.0005437499930849299,0.22127217054367065,1.0,0.0033076923076923066,0.00018692307692307693,1,1.0,1.0,0.0
465,1491200,-818.2619190216064,-8.182619123458862,-818.2619190216064,-8.182619123458862,0.0,818.2619190216064,8.182619123458862,-7.6362810134887695,-0.07636266708373896,3.6528971123695375,0.0,0.0,nan,nan,nan,nan,nan,nan,nan,nan,nan,nan,14912,-0.00025843661037070473,0.0290843166410923,1.5486095547676086,0.00918373349122703,0.03196546882390976,0.03196546882390976,0.06294528655707836,0.00017960423228942092,5.9375001728767526e-05,0.2955968379974365,1.0,0.00329326923076923,0.00018581730769230774,1,1.0,1.0,0.0
466,1494400,-824.0741233825684,-8.240741415023804,-824.0741233825684,-8.240741415023804,0.0,824.0741233825684,8.240741415023804,-13.448485374450684,-0.13448495864868093,4.60292540550232,0.0,0.0,nan,nan,nan,nan,nan,nan,nan,nan,nan,nan,14944,-0.0003412184080458291,0.049732903763651845,1.5604409098625183,0.019408787414431573,0.04379376247525215,0.04379376247525215,0.08520185947418213,0.00023432045845765969,0.0009531250208965503,0.35490137338638306,1.0,0.003278846153846153,0.00018471153846153843,1,1.0,1.0,0.0
467,1497600,-757.1749153137207,-7.571749587059021,-757.1749153137207,-7.571749587059021,0.0,757.1749153137207,7.571749587059021,53.45072269439697,0.5345068693161021,3.8296127843856813,0.0,0.0,nan,nan,nan,nan,nan,nan,nan,nan,nan,nan,14976,-0.00045024764630667845,0.02286933809518814,1.5676992893218995,0.005866787815466523,0.047551573067903516,0.047551573067903516,0.06533770635724068,0.0005840878564413287,0.00031250000174622985,0.1756199598312378,1.0,0.0032644230769230762,0.00018360576923076924,1,1.0,1.0,0.0
468,1500800,-835.7226295471191,-8.357226448059082,-835.7226295471191,-8.357226448059082,0.0,835.7226295471191,8.357226448059082,-25.096991539001465,-0.2509699916839594,3.97082581281662,0.0,0.0,nan,nan,nan,nan,nan,nan,nan,nan,nan,nan,15008,-0.0005803861678956412,0.035125897452235225,1.555587351322174,0.011926903575658798,0.05583721436560154,0.05583721436560154,0.07264130935072899,0.0005955288041150197,0.0006812500032538082,0.46243780851364136,1.0,0.0032499999999999994,0.00018250000000000004,1,1.0,1.0,0.0
469,1504000,-726.0912733078003,-7.260912594795227,-726.0912733078003,-7.260912594795227,0.0,726.0912733078003,7.260912594795227,84.53436470031738,0.845343861579896,3.7379680991172792,0.0,0.0,nan,nan,nan,nan,nan,nan,nan,nan,nan,nan,15040,-0.00013149503248133243,0.03661440014839172,1.5521222591400146,0.013153694290667772,0.030013983324170112,0.030013983324170112,0.07379965335130692,0.00043242799874860794,0.00033437499514548107,0.34362006187438965,1.0,0.0032355769230769226,0.00018139423076923074,1,1.0,1.0,0.0
470,1507200,-854.9076538085938,-8.549076499938964,-854.9076538085938,-8.549076499938964,0.0,854.9076538085938,8.549076499938964,-44.282015800476074,-0.44282004356384164,4.07302179813385,0.0,0.0,nan,nan,nan,nan,nan,nan,nan,nan,nan,nan,15072,-0.00041495836045291057,0.03735029883682728,1.542963480949402,0.01329006878659129,0.046203453466296195,0.046203453466296195,0.08017551898956299,0.00018648920099622045,2.8124998789280652e-05,0.34635287523269653,1.0,0.003221153846153846,0.00018028846153846155,1,1.0,1.0,0.0
471,1510400,-735.5874538421631,-7.35587474822998,-735.5874538421631,-7.35587474822998,0.0,735.5874538421631,7.35587474822998,75.03818416595459,0.7503817081451425,3.6430997705459593,0.0,0.0,nan,nan,nan,nan,nan,nan,nan,nan,nan,nan,15104,-0.0003829451043625198,0.038113920390605925,1.548379611968994,0.013708778563886881,0.029885788261890412,0.029885788261890412,0.07885831743478774,0.0005351195533876308,0.00101874999490974,-0.12524020671844482,1.0,0.003206730769230769,0.00017918269230769235,1,1.0,1.0,0.0
472,1513600,-785.8965158462524,-7.858964991569519,-785.8965158462524,-7.858964991569519,0.0,785.8965158462524,7.858964991569519,24.729122161865234,0.2472914648056035,4.0615201711654665,0.0,0.0,nan,nan,nan,nan,nan,nan,nan,nan,nan,nan,15136,-0.0006253759656217994,0.01983374059200287,1.534843957424164,0.004391800006851554,0.05098171383142471,0.05098171383142471,0.053751207515597345,0.0004827219729122589,0.00045625000711879693,0.5515856146812439,1.0,0.003192307692307692,0.00017807692307692316,1,1.0,1.0,0.0
473,1516800,-807.7403039932251,-8.077403211593628,-807.7403039932251,-8.077403211593628,0.0,807.7403039932251,8.077403211593628,2.885334014892578,0.028853244781494425,3.6629991793632506,0.0,0.0,nan,nan,nan,nan,nan,nan,nan,nan,nan,nan,15168,-0.00030368646987337654,0.04010554552078247,1.5042484521865844,0.01496875872835517,0.03382966779172421,0.03382966779172421,0.07953056916594506,0.0004028214481877512,0.0006250000034924597,0.10300964117050171,1.0,0.0031778846153846154,0.00017697115384615386,1,1.0,1.0,0.0
474,1520000,-871.6446962356567,-8.716446676254272,-871.6446962356567,-8.716446676254272,0.0,871.6446962356567,8.716446676254272,-61.01905822753906,-0.6101902198791489,4.518365392684936,0.0,0.0,nan,nan,nan,nan,nan,nan,nan,nan,nan,nan,15200,-0.00038149378410885505,0.05676209218800068,1.5076183199882507,0.023230259865522386,0.04452696181833744,0.04452696181833744,0.09682290107011796,0.00036883530901832273,0.0010406249843072147,0.12453633546829224,1.0,0.0031634615384615386,0.00017586538461538466,1,1.0,1.0,0.0
475,1523200,-792.6690444946289,-7.926690764427185,-792.6690444946289,-7.926690764427185,0.0,792.6690444946289,7.926690764427185,17.95659351348877,0.17956569194793737,3.3592081093788146,0.0,0.0,nan,nan,nan,nan,nan,nan,nan,nan,nan,nan,15232,-0.0003177025855344073,0.03191968761384487,1.5125717163085937,0.010878994874656201,0.04304678663611412,0.04304678663611412,0.06244264580309391,0.0005849097122336388,0.002028125057404395,0.31393730640411377,1.0,0.003149038461538461,0.00017475961538461547,1,1.0,1.0,0.0
476,1526400,-807.6776971817017,-8.076777324676513,-807.6776971817017,-8.076777324676513,0.0,807.6776971817017,8.076777324676513,2.9479408264160156,0.029479131698609606,4.095518159866333,0.0,0.0,nan,nan,nan,nan,nan,nan,nan,nan,nan,nan,15264,-0.0004395403797796682,0.07348636239767074,1.5056538939476014,0.03158399481326342,0.047543973103165625,0.047543973103165625,0.11117799580097198,0.0005333192630132544,0.00190312501435983,0.11241048574447632,1.0,0.003134615384615384,0.00017365384615384617,1,1.0,1.0,0.0
477,1529600,-780.7370443344116,-7.807370672225952,-780.7370443344116,-7.807370672225952,0.0,780.7370443344116,7.807370672225952,29.888593673706055,0.2988857841491708,3.3698148679733277,0.0,0.0,nan,nan,nan,nan,nan,nan,nan,nan,nan,nan,15296,-0.00041040636434628295,0.03825886398553848,1.5210669398307801,0.01397300437092781,0.0476277519017458,0.0476277519017458,0.07368738874793053,0.0005283967269861023,0.0011500000015075783,0.2644038796424866,1.0,0.0031201923076923073,0.00017254807692307697,1,1.0,1.0,0.0
478,1532800,-783.9859266281128,-7.839859380722046,-783.9859266281128,-7.839859380722046,0.0,783.9859266281128,7.839859380722046,26.639711380004883,0.26639707565307713,4.420860052108765,0.0,0.0,nan,nan,nan,nan,nan,nan,nan,nan,nan,nan,15328,-0.0004008399465295964,0.02435013260692358,1.5234505653381347,0.007042740471661091,0.06124715842306614,0.06124715842306614,0.06504986248910427,0.0006046221358701586,0.0032687499769963324,0.2192019820213318,1.0,0.0031057692307692297,0.00017144230769230767,1,1.0,1.0,0.0
479,1536000,-785.8402137756348,-7.858401646614075,-785.8402137756348,-7.858401646614075,0.0,785.8402137756348,7.858401646614075,24.78542423248291,0.2478548097610478,3.7784659314155578,0.0,0.0,nan,nan,nan,nan,nan,nan,nan,nan,nan,nan,15360,-0.0005988423798815257,0.04816451631486416,1.5225637435913086,0.01877664402127266,0.07021063677966595,0.07021063677966595,0.07402339279651642,0.000574746769052581,0.0007312500034458935,0.03895944356918335,1.0,0.003091346153846153,0.00017033653846153848,1,1.0,1.0,0.0
480,1539200,-739.2655057907104,-7.3926551103591915,-739.2655057907104,-7.3926551103591915,0.0,739.2655057907104,7.3926551103591915,71.36013221740723,0.7136013460159312,3.3466523051261903,0.0,0.0,-547.6370952129364,-5.476370952129364,-547.6370952129364,-5.476370952129364,100.0,2.431551730632782,0.0,0.0,547.6370952129364,19.382814645767212,15392,-0.00028317239470929676,0.02576131224632263,1.5299681305885315,0.007889889646321535,0.033932231925427915,0.033932231925427915,0.060314377024769786,0.00044183191330375847,0.00022812500246800483,0.24094319343566895,1.0,0.003076923076923076,0.00016923076923076917,1,1.0,1.0,0.0
481,1542400,-831.9725284576416,-8.319724950790405,-831.9725284576416,-8.319724950790405,0.0,831.9725284576416,8.319724950790405,-21.346890449523926,-0.2134684944152827,4.062811379432678,0.0,0.0,nan,nan,nan,nan,nan,nan,nan,nan,nan,nan,15424,-0.00029629411732852163,0.04508899822831154,1.52786066532135,0.017569131404161453,0.051912513375282285,0.051912513375282285,0.10416786521673202,0.00022108159646450076,0.0013749999980063876,0.045398831367492676,1.0,0.0030624999999999993,0.00016812499999999998,1,1.0,1.0,0.0
482,1545600,-845.5042953491211,-8.455042991638184,-845.5042953491211,-8.455042991638184,0.0,845.5042953491211,8.455042991638184,-34.87865734100342,-0.348786535263061,4.634547057151795,0.0,0.0,nan,nan,nan,nan,nan,nan,nan,nan,nan,nan,15456,-0.0007416294011985513,0.055197397619485854,1.5363935112953186,0.02217402383685112,0.05077839642763138,0.05077839642763138,0.0981222927570343,0.0005963754571894242,0.0010000000005675248,0.0661400556564331,1.0,0.0030480769230769224,0.00016701923076923079,1,1.0,1.0,0.0
483,1548800,-857.5199289321899,-8.575199203491211,-857.5199289321899,-8.575199203491211,0.0,857.5199289321899,8.575199203491211,-46.894290924072266,-0.4689427471160883,4.037573797702789,0.0,0.0,nan,nan,nan,nan,nan,nan,nan,nan,nan,nan,15488,-0.00023262973074160697,0.023646277934312822,1.5302974581718445,0.006948116468265653,0.034550491347908975,0.034550491347908975,0.06011990010738373,0.0005186812813917641,0.0005000000059226295,0.3851945400238037,1.0,0.0030336538461538456,0.0001659134615384616,1,1.0,1.0,0.0
484,1552000,-873.4736099243164,-8.734736289978027,-873.4736099243164,-8.734736289978027,0.0,873.4736099243164,8.734736289978027,-62.84797191619873,-0.6284798336029045,4.305313639640808,0.0,0.0,nan,nan,nan,nan,nan,nan,nan,nan,nan,nan,15520,-0.000245433814846896,0.05536221154034138,1.5333669781684875,0.02280608341097832,0.029619454219937325,0.029619454219937325,0.08336128890514374,0.00035065383581240895,0.0005812499872263288,0.08159083127975464,1.0,0.003019230769230769,0.0001648076923076923,1,1.0,1.0,0.0
485,1555200,-849.260272026062,-8.492603120803834,-849.260272026062,-8.492603120803834,0.0,849.260272026062,8.492603120803834,-38.634634017944336,-0.3863466644287108,3.928015477657318,0.0,0.0,nan,nan,nan,nan,nan,nan,nan,nan,nan,nan,15552,-0.00016445036308727624,0.029367404244840144,1.5382585167884826,0.009897080715745687,0.04308224357664585,0.04308224357664585,0.060075484588742255,0.00014345179788506358,0.00035937500178988556,0.3970023989677429,1.0,0.003004807692307691,0.0001637019230769231,1,1.0,1.0,0.0
486,1558400,-814.9903984069824,-8.149904356002807,-814.9903984069824,-8.149904356002807,0.0,814.9903984069824,8.149904356002807,-4.364760398864746,-0.04364789962768434,3.4548942828178406,0.0,0.0,nan,nan,nan,nan,nan,nan,nan,nan,nan,nan,15584,-0.00032661001447413794,0.038075799494981764,1.5293040990829467,0.014138082321733237,0.03550386056303978,0.03550386056303978,0.06410668455064297,0.00023295800028790836,0.00010937500046566128,0.2550163269042969,1.0,0.0029903846153846144,0.0001625961538461539,1,1.0,1.0,0.0
487,1561600,-896.581859588623,-8.965818319320679,-896.581859588623,-8.965818319320679,0.0,896.581859588623,8.965818319320679,-85.95622158050537,-0.8595618629455561,4.737368698120117,0.0,0.0,nan,nan,nan,nan,nan,nan,nan,nan,nan,nan,15616,-0.0005182917943137022,0.05173525996506214,1.5278473854064942,0.02080252319574356,0.03401065319776535,0.03401065319776535,0.08347241580486298,0.000318567326394259,0.00037500000471482056,0.11450815200805664,1.0,0.0029759615384615376,0.0001614903846153846,1,1.0,1.0,0.0
488,1564800,-800.6029558181763,-8.00602961063385,-800.6029558181763,-8.00602961063385,0.0,800.6029558181763,8.00602961063385,10.022682189941406,0.10022684574127183,3.9404843425750733,0.0,0.0,nan,nan,nan,nan,nan,nan,nan,nan,nan,nan,15648,-0.00017294719333804665,0.043635500594973564,1.5232982158660888,0.017133497353643178,0.02936061155050993,0.02936061155050993,0.06999494135379791,0.00011703721847879933,6.875000035506673e-05,0.16154229640960693,1.0,0.0029615384615384608,0.0001603846153846154,1,1.0,1.0,0.0
489,1568000,-823.0100507736206,-8.230100402832031,-823.0100507736206,-8.230100402832031,0.0,823.0100507736206,8.230100402832031,-12.38441276550293,-0.12384394645690833,4.330407047271729,0.0,0.0,nan,nan,nan,nan,nan,nan,nan,nan,nan,nan,15680,-0.0002953585041119311,0.03627791740000248,1.5363870978355407,0.013315690401941537,0.038425471633672714,0.038425471633672714,0.07495047152042389,0.00013905691171203216,0.00010625000213622115,0.342324435710907,1.0,0.002947115384615384,0.0001592788461538462,1,1.0,1.0,0.0
490,1571200,-829.0517807006836,-8.290517539978028,-829.0517807006836,-8.290517539978028,0.0,829.0517807006836,8.290517539978028,-18.426142692565918,-0.18426108360290527,3.9631144070625304,0.0,0.0,nan,nan,nan,nan,nan,nan,nan,nan,nan,nan,15712,-0.00020915923131250568,0.04057311341166496,1.5323978662490845,0.015583346039056778,0.033660780638456345,0.033660780638456345,0.0774354562163353,0.00015884037889009052,2.1875000675208868e-05,0.3424873352050781,1.0,0.002932692307692307,0.0001581730769230769,1,1.0,1.0,0.0
491,1574400,-751.5680780410767,-7.5156806945800785,-751.5680780410767,-7.5156806945800785,0.0,751.5680780410767,7.5156806945800785,59.057559967041016,0.5905757617950442,3.7162736439704895,0.0,0.0,nan,nan,nan,nan,nan,nan,nan,nan,nan,nan,15744,-0.0004820432623150239,0.03252657856792211,1.5219241023063659,0.011339861527085304,0.051437122002244,0.051437122002244,0.06616188883781433,0.0003831794711004477,0.0002500000045984052,0.26872026920318604,1.0,0.0029182692307692304,0.00015706730769230771,1,1.0,1.0,0.0
492,1577600,-858.0699787139893,-8.580700216293335,-858.0699787139893,-8.580700216293335,0.0,858.0699787139893,8.580700216293335,-47.44434070587158,-0.47444375991821275,4.687365322113037,0.0,0.0,nan,nan,nan,nan,nan,nan,nan,nan,nan,nan,15776,-0.00029318325794012166,0.04425155147910118,1.5048595905303954,0.01746271178126335,0.04361562058329582,0.04361562058329582,0.08088777214288712,0.00035046586344833486,0.000756250003905734,0.3286047577857971,1.0,0.0029038461538461536,0.00015596153846153852,1,1.0,1.0,0.0
493,1580800,-821.9793071746826,-8.219792947769164,-821.9793071746826,-8.219792947769164,0.0,821.9793071746826,8.219792947769164,-11.353669166564941,-0.11353649139404176,4.213460874557495,0.0,0.0,nan,nan,nan,nan,nan,nan,nan,nan,nan,nan,15808,-0.0005674061773985883,0.06218589097261429,1.5119530320167542,0.026156866922974586,0.04504723846912384,0.04504723846912384,0.09806040525436402,0.0005270808720524656,0.0002531250080210157,-0.11310255527496338,1.0,0.0028894230769230768,0.00015485576923076922,1,1.0,1.0,0.0
494,1584000,-829.4333629608154,-8.294333477020263,-829.4333629608154,-8.294333477020263,0.0,829.4333629608154,8.294333477020263,-18.807724952697754,-0.18807702064514054,4.139410200119019,0.0,0.0,nan,nan,nan,nan,nan,nan,nan,nan,nan,nan,15840,-0.0004482035122869821,0.040612229704856874,1.5039738535881042,0.01553398659452796,0.04554778579622507,0.04554778579622507,0.08155658617615699,0.0005560466535825981,0.0014437499914492947,0.052184462547302246,1.0,0.002875,0.00015375000000000002,1,1.0,1.0,0.0
495,1587200,-800.8104801177979,-8.00810472011566,-800.8104801177979,-8.00810472011566,0.0,800.8104801177979,8.00810472011566,9.815157890319824,0.09815173625946194,3.9138137984275816,0.0,0.0,nan,nan,nan,nan,nan,nan,nan,nan,nan,nan,15872,-0.00031432607251189457,0.0431621640920639,1.5249455094337463,0.01690453216433525,0.04479237981140614,0.04479237981140614,0.06887580379843712,0.00015553406010440085,0.0005562500155065209,-0.007172822952270508,1.0,0.002860576923076923,0.00015264423076923083,1,1.0,1.0,0.0
496,1590400,-870.5943336486816,-8.705943574905396,-870.5943336486816,-8.705943574905396,0.0,870.5943336486816,8.705943574905396,-59.968695640563965,-0.599687118530273,4.900679440498352,0.0,0.0,nan,nan,nan,nan,nan,nan,nan,nan,nan,nan,15904,-0.0003251587863196459,0.04737969189882278,1.5123431205749511,0.01906032580882311,0.028191311471164226,0.028191311471164226,0.08193565160036087,0.0005004973128961865,0.00047812499506108,-0.17421019077301025,1.0,0.0028461538461538463,0.00015153846153846164,1,1.0,1.0,0.0
497,1593600,-870.8934869766235,-8.708934888839721,-870.8934869766235,-8.708934888839721,0.0,870.8934869766235,8.708934888839721,-60.26784896850586,-0.6026784324645984,4.207795581817627,0.0,0.0,nan,nan,nan,nan,nan,nan,nan,nan,nan,nan,15936,-0.0005192732738097839,0.0388182282447815,1.4963100910186768,0.014652693830430507,0.04703309312462807,0.04703309312462807,0.06860781982541084,0.000484856800903799,0.001062500004627509,0.2578814625740051,1.0,0.0028317307692307687,0.00015043269230769233,1,1.0,1.0,0.0
498,1596800,-830.0309114456177,-8.300308961868286,-830.0309114456177,-8.300308961868286,0.0,830.0309114456177,8.300308961868286,-19.4052734375,-0.194052505493163,3.8377674984931947,0.0,0.0,nan,nan,nan,nan,nan,nan,nan,nan,nan,nan,15968,-0.00020111951535890517,0.03150782324373722,1.491100549697876,0.011351903341710568,0.043517804518342015,0.043517804518342015,0.058798955753445625,0.0002335270506591769,0.0002468750022671884,0.12231796979904175,1.0,0.002817307692307691,0.00014932692307692303,1,1.0,1.0,0.0
499,1600000,-828.0581169128418,-8.280581359863282,-828.0581169128418,-8.280581359863282,0.0,828.0581169128418,8.280581359863282,-17.43247890472412,-0.17432490348815932,3.8779810857772827,0.0,0.0,nan,nan,nan,nan,nan,nan,nan,nan,nan,nan,16000,-0.0003242591141810358,0.05152468718588352,1.4844317197799684,0.02127739302814007,0.028805585391819478,0.028805585391819478,0.0726284883916378,0.0002498510765690298,0.0010624999868014129,0.16284358501434326,1.0,0.002802884615384614,0.00014822115384615384,1,1.0,1.0,0.0
500,1603200,-753.8331413269043,-7.538331346511841,-753.8331413269043,-7.538331346511841,0.0,753.8331413269043,7.538331346511841,56.79249668121338,0.5679251098632818,3.5139687275886535,0.0,0.0,-589.6955208778381,-5.896955208778381,-589.6955208778381,-5.896955208778381,100.0,3.160270145535469,0.0,0.0,589.6955208778381,-22.67561101913452,16032,-0.000334964467343557,0.026932175643742083,1.4714548230171203,0.009028028277680279,0.031417281925678255,0.031417281925678255,0.05866287611424923,0.00022306986570583832,0.0008468750122119673,0.43739283084869385,1.0,0.0027884615384615374,0.00014711538461538464,1,1.0,1.0,0.0
501,1606400,-816.6053524017334,-8.166053338050842,-816.6053524017334,-8.166053338050842,0.0,816.6053524017334,8.166053338050842,-5.979714393615723,-0.059796881675719504,3.7957963514328004,0.0,0.0,nan,nan,nan,nan,nan,nan,nan,nan,nan,nan,16064,-0.00020570986289820682,0.03411534540355206,1.4919915556907655,0.012713121064007283,0.058311716094613074,0.058311716094613074,0.06207317411899567,0.00015099393840500852,0.0005812500014144462,0.3514062762260437,1.0,0.0027740384615384606,0.00014600961538461534,1,1.0,1.0,0.0
502,1609600,-791.1877336502075,-7.911877107620239,-791.1877336502075,-7.911877107620239,0.0,791.1877336502075,7.911877107620239,19.437904357910156,0.19437934875488327,4.278855919837952,0.0,0.0,nan,nan,nan,nan,nan,nan,nan,nan,nan,nan,16096,-0.00027276744469126866,0.02866468410938978,1.4827263832092286,0.009967820066958667,0.02633372787386179,0.02633372787386179,0.06905288621783257,0.0002604730721031956,0.00013750000362051652,0.4683764576911926,1.0,0.002759615384615384,0.00014490384615384615,1,1.0,1.0,0.0
503,1612800,-913.8813877105713,-9.138814315795898,-913.8813877105713,-9.138814315795898,0.0,913.8813877105713,9.138814315795898,-103.25574970245361,-1.0325578594207752,4.347190065383911,0.0,0.0,nan,nan,nan,nan,nan,nan,nan,nan,nan,nan,16128,-0.00023486466968165588,0.0562853179872036,1.4694674134254455,0.023873824067413806,0.030013499222695826,0.030013499222695826,0.07031004577875137,0.00016121628332257387,0.00024999999332067093,0.14048528671264648,1.0,0.002745192307692307,0.00014379807692307695,1,1.0,1.0,0.0
504,1616000,-843.0957345962524,-8.430957069396973,-843.0957345962524,-8.430957069396973,0.0,843.0957345962524,8.430957069396973,-32.470096588134766,-0.32470061302185016,4.358430690765381,0.0,0.0,nan,nan,nan,nan,nan,nan,nan,nan,nan,nan,16160,-0.000427252716748594,0.04014155678451061,1.490831696987152,0.015572408121079207,0.039265932701528075,0.039265932701528075,0.07128607183694839,0.00023386553557429578,0.0006312499972409569,0.32360029220581055,1.0,0.00273076923076923,0.00014269230769230765,1,1.0,1.0,0.0
505,1619200,-788.202075958252,-7.882020564079284,-788.202075958252,-7.882020564079284,0.0,788.202075958252,7.882020564079284,22.423562049865723,0.2242358922958383,3.7580195331573485,0.0,0.0,nan,nan,nan,nan,nan,nan,nan,nan,nan,nan,16192,-0.00026981379096542303,0.03674115017056465,1.4670881271362304,0.014115642383694648,0.033197255060076716,0.033197255060076716,0.07148542776703834,0.00016804221922939178,0.00023124999861465768,0.1539466381072998,1.0,0.0027163461538461534,0.00014158653846153846,1,1.0,1.0,0.0
506,1622400,-791.4705104827881,-7.914704866409302,-791.4705104827881,-7.914704866409302,0.0,791.4705104827881,7.914704866409302,19.15512752532959,0.19155158996582067,3.8797090220451356,0.0,0.0,nan,nan,nan,nan,nan,nan,nan,nan,nan,nan,16224,-0.00024177095110058388,0.030957094579935073,1.4653791666030884,0.011277434509247541,0.03171554692089558,0.03171554692089558,0.06363821923732757,0.0002402459686891234,0.00036249999975552784,-0.029459238052368164,1.0,0.0027019230769230766,0.00014048076923076926,1,1.0,1.0,0.0
507,1625600,-870.6162815093994,-8.706162815093995,-870.6162815093994,-8.706162815093995,0.0,870.6162815093994,8.706162815093995,-59.99064350128174,-0.5999063587188722,4.501190481185913,0.0,0.0,nan,nan,nan,nan,nan,nan,nan,nan,nan,nan,16256,-0.0003246206607538715,0.0666338860988617,1.4644890904426575,0.029056507535278796,0.046450041234493256,0.046450041234493256,0.07848637849092484,0.00029709417603953627,0.0004968749926774763,0.24402272701263428,1.0,0.002687499999999999,0.00013937500000000007,1,1.0,1.0,0.0
508,1628800,-759.2350072860718,-7.592349843978882,-759.2350072860718,-7.592349843978882,0.0,759.2350072860718,7.592349843978882,51.3906307220459,0.5139066123962408,3.6865896463394163,0.0,0.0,nan,nan,nan,nan,nan,nan,nan,nan,nan,nan,16288,-0.00038512635092491365,0.03920423947274685,1.465149176120758,0.015300536900758744,0.048196891695261,0.048196891695261,0.08070646971464157,0.0003840045584183827,0.001578124990192009,0.27790766954421997,1.0,0.002673076923076922,0.00013826923076923076,1,1.0,1.0,0.0
509,1632000,-871.1412162780762,-8.711411924362183,-871.1412162780762,-8.711411924362183,0.0,871.1412162780762,8.711411924362183,-60.515578269958496,-0.6051554679870605,4.271368908882141,0.0,0.0,nan,nan,nan,nan,nan,nan,nan,nan,nan,nan,16320,-0.0006190147029527359,0.04575468450784683,1.46826171875,0.018354727886617184,0.05484010651707649,0.05484010651707649,0.0806962177157402,0.0004675414236771758,0.002446875025634654,0.2744896411895752,1.0,0.0026586538461538453,0.00013716346153846157,1,1.0,1.0,0.0
510,1635200,-869.3447170257568,-8.693447017669678,-869.3447170257568,-8.693447017669678,0.0,869.3447170257568,8.693447017669678,-58.71907901763916,-0.5871905612945554,4.084204707145691,0.0,0.0,nan,nan,nan,nan,nan,nan,nan,nan,nan,nan,16352,-0.0005658204831473946,0.04982286058366299,1.4637779474258423,0.020475043170154094,0.0502022635191679,0.0502022635191679,0.0929901197552681,0.000505242408326012,0.0008750000029976946,0.0650593638420105,1.0,0.0026442307692307685,0.00013605769230769238,1,1.0,1.0,0.0
511,1638400,-776.5105152130127,-7.765105323791504,-776.5105152130127,-7.765105323791504,0.0,776.5105152130127,7.765105323791504,34.11512279510498,0.34115113258361873,3.579814004898071,0.0,0.0,nan,nan,nan,nan,nan,nan,nan,nan,nan,nan,16384,-0.0002613690375611988,0.039117954298853876,1.4828435778617859,0.015398014336824417,0.03667309321463108,0.03667309321463108,0.06601658836007118,0.0004925890343656647,0.0006875000235595508,0.38170325756073,1.0,0.0026298076923076917,0.00013495192307692307,1,1.0,1.0,0.0
512,1641600,-839.2553148269653,-8.392552757263184,-839.2553148269653,-8.392552757263184,0.0,839.2553148269653,8.392552757263184,-28.629676818847656,-0.28629630088806124,3.9638730669021607,0.0,0.0,nan,nan,nan,nan,nan,nan,nan,nan,nan,nan,16416,-0.00035259062953993945,0.019872505217790604,1.4823004126548767,0.005706876423209906,0.029869921132922174,0.029869921132922174,0.04740955270826817,0.00031855530960456235,0.0006000000052154064,0.4256001114845276,1.0,0.002615384615384615,0.00013384615384615388,1,1.0,1.0,0.0
513,1644800,-742.3633050918579,-7.423632869720459,-742.3633050918579,-7.423632869720459,0.0,742.3633050918579,7.423632869720459,68.26233291625977,0.6826235866546639,3.4951961493492125,0.0,0.0,nan,nan,nan,nan,nan,nan,nan,nan,nan,nan,16448,-0.00026214874746077754,0.026352471858263015,1.4980127334594726,0.009017813485115767,0.04672044068574906,0.04672044068574906,0.0631285984069109,0.00019103460390397232,0.00033125000045401974,0.37767040729522705,1.0,0.002600961538461538,0.00013274038461538469,1,1.0,1.0,0.0
514,1648000,-785.2555437088013,-7.852555541992188,-785.2555437088013,-7.852555541992188,0.0,785.2555437088013,7.852555541992188,25.370094299316406,0.25370091438293496,3.997860355377197,0.0,0.0,nan,nan,nan,nan,nan,nan,nan,nan,nan,nan,16480,-0.00038849586718716635,0.03412455506622791,1.490256667137146,0.012819175794720649,0.03950915224850178,0.03950915224850178,0.0651146937161684,0.0002796656801365316,0.0012124999768275302,0.34128546714782715,1.0,0.0025865384615384613,0.00013163461538461538,1,1.0,1.0,0.0
515,1651200,-759.5386896133423,-7.59538731098175,-759.5386896133423,-7.59538731098175,0.0,759.5386896133423,7.59538731098175,51.08694839477539,0.5108691453933725,3.54798445224762,0.0,0.0,nan,nan,nan,nan,nan,nan,nan,nan,nan,nan,16512,-0.0003549366122955644,0.051175358891487124,1.4642106294631958,0.02146662399172783,0.03733258694410324,0.03733258694410324,0.07664215490221978,0.0003390081787983945,0.0008156249994499376,0.2574858069419861,1.0,0.0025721153846153845,0.0001305288461538462,1,1.0,1.0,0.0
516,1654400,-766.6940288543701,-7.666940531730652,-766.6940288543701,-7.666940531730652,0.0,766.6940288543701,7.666940531730652,43.93160915374756,0.4393159246444709,3.810574681758881,0.0,0.0,nan,nan,nan,nan,nan,nan,nan,nan,nan,nan,16544,-0.00031406850794155614,0.0482833955436945,1.4894795894622803,0.02001799885183573,0.05218311846256256,0.05218311846256256,0.07207711413502693,0.0004065101209562272,0.0038999999436782674,0.10844135284423828,1.0,0.0025576923076923077,0.000129423076923077,1,1.0,1.0,0.0
517,1657600,-777.7405605316162,-7.77740595817566,-777.7405605316162,-7.77740595817566,0.0,777.7405605316162,7.77740595817566,32.885077476501465,0.3288504981994631,4.018840427398682,0.0,0.0,nan,nan,nan,nan,nan,nan,nan,nan,nan,nan,16576,-0.0002411156155504024,0.04717823788523674,1.4793821692466735,0.019585536420345308,0.034555284678936,0.034555284678936,0.07813803106546402,0.0002549080135395343,0.0002562500012572855,0.38716942071914673,1.0,0.00254326923076923,0.0001283173076923077,1,1.0,1.0,0.0
518,1660800,-830.1590280532837,-8.301590032577515,-830.1590280532837,-8.301590032577515,0.0,830.1590280532837,8.301590032577515,-19.533390045166016,-0.19533357620239222,4.310521025657653,0.0,0.0,nan,nan,nan,nan,nan,nan,nan,nan,nan,nan,16608,-0.00021774377949572709,0.052651619911193846,1.47387375831604,0.02238086611032486,0.045277563855051994,0.045277563855051994,0.08049833625555039,0.00027064478872489416,0.0013437499870633473,0.08444350957870483,1.0,0.0025288461538461524,0.0001272115384615385,1,1.0,1.0,0.0
519,1664000,-775.880274772644,-7.758802313804626,-775.880274772644,-7.758802313804626,0.0,775.880274772644,7.758802313804626,34.74536323547363,0.34745414257049667,3.988087544441223,0.0,0.0,nan,nan,nan,nan,nan,nan,nan,nan,nan,nan,16640,-0.00018527468686109217,0.024043354205787182,1.4694185733795166,0.00814166241325438,0.04887062758207321,0.04887062758207321,0.06855234429240227,0.00019642571087388205,0.0016375000181142242,0.33184337615966797,1.0,0.0025144230769230756,0.0001261057692307692,1,1.0,1.0,0.0
520,1667200,-788.744607925415,-7.887446165084839,-788.744607925415,-7.887446165084839,0.0,788.744607925415,7.887446165084839,21.881030082702637,0.21881029129028384,3.5886771488189697,0.0,0.0,-515.9671961069107,-5.159671961069107,-515.9671961069107,-5.159671961069107,100.0,3.0345143562555315,0.0,0.0,515.9671961069107,51.05271375179291,16672,-0.00022290084471241479,0.035765602439641955,1.4768223524093629,0.013967844378203153,0.035875190421938895,0.035875190421938895,0.07238581478595733,0.0001594174190358899,0.0009062500314030331,0.2919909358024597,1.0,0.0024999999999999988,0.000125,1,1.0,1.0,0.0
521,1670400,-835.9375219345093,-8.359375085830688,-835.9375219345093,-8.359375085830688,0.0,835.9375219345093,8.359375085830688,-25.3118839263916,-0.2531186294555656,3.857096915245056,0.0,0.0,nan,nan,nan,nan,nan,nan,nan,nan,nan,nan,16704,-0.0003790024483489196,0.04010299853980541,1.473259735107422,0.016010596603155135,0.05074741281569004,0.05074741281569004,0.07032448649406434,0.0002882538905396359,0.0009156250103842467,0.32696467638015747,1.0,0.002485576923076922,0.0001238942307692308,1,1.0,1.0,0.0
522,1673600,-808.6698904037476,-8.086699223518371,-808.6698904037476,-8.086699223518371,0.0,808.6698904037476,8.086699223518371,1.9557476043701172,0.019557232856751483,4.333706293106079,0.0,0.0,nan,nan,nan,nan,nan,nan,nan,nan,nan,nan,16736,-0.00044624145572886854,0.04806634448468685,1.4789509654045105,0.019932215102016926,0.046422677114605904,0.046422677114605904,0.08663089722394943,0.0005165841317648301,0.002528124953096267,0.2679603695869446,1.0,0.002471153846153845,0.0001227884615384615,1,1.0,1.0,0.0
523,1676800,-770.5114088058472,-7.705114316940308,-770.5114088058472,-7.705114316940308,0.0,770.5114088058472,7.705114316940308,40.11422920227051,0.4011421394348149,3.483627851009369,0.0,0.0,nan,nan,nan,nan,nan,nan,nan,nan,nan,nan,16768,-0.00040121746860677376,0.033508699387311935,1.479440975189209,0.012718544248491526,0.043602002412080766,0.043602002412080766,0.0640351988375187,0.0005061122995357436,0.0010843749769264832,0.3134118914604187,1.0,0.0024567307692307683,0.00012168269230769231,1,1.0,1.0,0.0
524,1680000,-802.9621839523315,-8.029621782302856,-802.9621839523315,-8.029621782302856,0.0,802.9621839523315,8.029621782302856,7.663454055786133,0.07663467407226676,3.652127938270569,0.0,0.0,nan,nan,nan,nan,nan,nan,nan,nan,nan,nan,16800,-0.00035984084217053345,0.0435545027256012,1.4697826743125915,0.017827748879790307,0.048273084312677385,0.048273084312677385,0.08501247987151146,0.00034933694478240797,0.0007156250227126293,0.18835580348968506,1.0,0.0024423076923076915,0.00012057692307692312,1,1.0,1.0,0.0
525,1683200,-786.3807773590088,-7.863807740211487,-786.3807773590088,-7.863807740211487,0.0,786.3807773590088,7.863807740211487,24.244860649108887,0.2424487161636355,3.9164921116828917,0.0,0.0,nan,nan,nan,nan,nan,nan,nan,nan,nan,nan,16832,-0.00031174769267092726,0.042613203078508376,1.4716498494148254,0.01742185801267624,0.05532598719000816,0.05532598719000816,0.07063560783863068,0.0003271286592280376,0.0016281249874737114,0.18904215097427368,1.0,0.0024278846153846147,0.00011947115384615382,1,1.0,1.0,0.0
526,1686400,-811.8213949203491,-8.118214311599731,-811.8213949203491,-8.118214311599731,0.0,811.8213949203491,8.118214311599731,-1.1957569122314453,-0.011957855224608238,3.6138732028007508,0.0,0.0,nan,nan,nan,nan,nan,nan,nan,nan,nan,nan,16864,-0.0002977640380034785,0.037555628642439845,1.4621918082237244,0.014951106440275908,0.04405588023364544,0.04405588023364544,0.06748645380139351,0.00021585683002740553,0.00015624999941792338,0.3242168426513672,1.0,0.002413461538461538,0.00011836538461538462,1,1.0,1.0,0.0
527,1689600,-725.6197900772095,-7.256197824478149,-725.6197900772095,-7.256197824478149,0.0,725.6197900772095,7.256197824478149,85.0058479309082,0.8500586318969736,3.2747854685783384,0.0,0.0,nan,nan,nan,nan,nan,nan,nan,nan,nan,nan,16896,-0.00035184287848828434,0.03857485316693783,1.4727862000465393,0.015402312856167555,0.055508505925536154,0.055508505925536154,0.07974158748984336,0.0004755530953843845,0.001168750004580943,0.35227078199386597,1.0,0.002399038461538461,0.00011725961538461543,1,1.0,1.0,0.0
528,1692800,-748.415937423706,-7.4841596794128415,-748.415937423706,-7.4841596794128415,0.0,748.415937423706,7.4841596794128415,62.20970058441162,0.6220967769622812,3.5033802127838136,0.0,0.0,nan,nan,nan,nan,nan,nan,nan,nan,nan,nan,16928,-0.00022259274663802842,0.028624201752245428,1.4547939538955688,0.010620384383946658,0.056410488486289975,0.056410488486289975,0.06188141331076622,0.00024020017372095026,0.001081250021525193,0.3717459440231323,1.0,0.0023846153846153843,0.00011615384615384623,1,1.0,1.0,0.0
529,1696000,-835.9814786911011,-8.359814929962159,-835.9814786911011,-8.359814929962159,0.0,835.9814786911011,8.359814929962159,-25.3558406829834,-0.2535584735870362,4.517540183067322,0.0,0.0,nan,nan,nan,nan,nan,nan,nan,nan,nan,nan,16960,-0.00033563447248017295,0.0547054897993803,1.4676665186882019,0.023538458906114102,0.03438103999942541,0.03438103999942541,0.08141696974635124,0.0002978708062073565,0.002284374984446913,0.25547462701797485,1.0,0.0023701923076923075,0.00011504807692307693,1,1.0,1.0,0.0
530,1699200,-822.1752939224243,-8.221753358840942,-822.1752939224243,-8.221753358840942,0.0,822.1752939224243,8.221753358840942,-11.54965591430664,-0.11549690246581967,4.101089255809784,0.0,0.0,nan,nan,nan,nan,nan,nan,nan,nan,nan,nan,16992,-0.00025827268661231527,0.03664761707186699,1.4469335913658141,0.014656894095242023,0.03891920335590839,0.03891920335590839,0.06809306144714355,0.0001846350202413305,0.0010093749879160896,0.33558952808380127,1.0,0.00235576923076923,0.00011394230769230774,1,1.0,1.0,0.0
531,1702400,-781.6037263870239,-7.81603711605072,-781.6037263870239,-7.81603711605072,0.0,781.6037263870239,7.81603711605072,29.02191162109375,0.2902193403244029,4.026647164821624,0.0,0.0,nan,nan,nan,nan,nan,nan,nan,nan,nan,nan,17024,-0.0003508300995839875,0.027249269373714923,1.4562920808792115,0.009864120837301016,0.049924154207110404,0.049924154207110404,0.053087754920125005,0.00024092611483865766,0.001193750000675209,0.3780340552330017,1.0,0.002341346153846153,0.00011283653846153854,1,1.0,1.0,0.0
532,1705600,-829.6357507705688,-8.296358041763305,-829.6357507705688,-8.296358041763305,0.0,829.6357507705688,8.296358041763305,-19.010112762451172,-0.19010158538818267,3.834008319377899,0.0,0.0,nan,nan,nan,nan,nan,nan,nan,nan,nan,nan,17056,-0.0003705288867640988,0.0746607281267643,1.4333330273628235,0.03362457975745201,0.050870497897267344,0.050870497897267344,0.0982724331319332,0.0004517609854701732,0.0016500000114319847,0.22008490562438965,1.0,0.0023269230769230763,0.00011173076923076924,1,1.0,1.0,0.0
533,1708800,-787.024655342102,-7.8702464151382445,-787.024655342102,-7.8702464151382445,0.0,787.024655342102,7.8702464151382445,23.600982666015625,0.2360100412368782,3.9771061992645262,0.0,0.0,nan,nan,nan,nan,nan,nan,nan,nan,nan,nan,17088,-0.0006550009273720292,0.031092752888798713,1.4545729517936707,0.01152767539024353,0.05816552005708218,0.05816552005708218,0.06597909182310105,0.00042088506488653367,0.002184375024808105,0.24426013231277466,1.0,0.0023124999999999995,0.00011062500000000005,1,1.0,1.0,0.0
534,1712000,-842.328574180603,-8.423285589218139,-842.328574180603,-8.423285589218139,0.0,842.328574180603,8.423285589218139,-31.70293617248535,-0.31702913284301637,4.093587574958801,0.0,0.0,nan,nan,nan,nan,nan,nan,nan,nan,nan,nan,17120,-0.0002639412604738212,0.04356866255402565,1.4499393224716186,0.018188318237662315,0.03516515903174877,0.03516515903174877,0.08643233627080918,0.0002571809934124758,1.8750000890577212e-05,0.2714746594429016,1.0,0.0022980769230769226,0.00010951923076923085,1,1.0,1.0,0.0
535,1715200,-831.9931678771973,-8.319931745529175,-831.9931678771973,-8.319931745529175,0.0,831.9931678771973,8.319931745529175,-21.36752986907959,-0.2136752891540521,4.145337200164795,0.0,0.0,nan,nan,nan,nan,nan,nan,nan,nan,nan,nan,17152,-0.0002399672833867772,0.048892680928111075,1.4584413528442384,0.02087579797953367,0.03868309892714024,0.03868309892714024,0.0828583300113678,0.00020710068192784093,0.0002906250098021701,0.35812443494796753,1.0,0.002283653846153846,0.00010841346153846155,1,1.0,1.0,0.0
536,1718400,-818.7484331130981,-8.187484531402587,-818.7484331130981,-8.187484531402587,0.0,818.7484331130981,8.187484531402587,-8.122795104980469,-0.08122807502746454,3.791028068065643,0.0,0.0,nan,nan,nan,nan,nan,nan,nan,nan,nan,nan,17184,-0.0002989888912066863,0.04485550783574581,1.4638112306594848,0.01880703940987587,0.059044201672077176,0.059044201672077176,0.07415644749999047,0.00026478661011424264,0.0014125000074272976,0.14519941806793213,1.0,0.002269230769230769,0.00010730769230769236,1,1.0,1.0,0.0
537,1721600,-711.2251644134521,-7.112251677513123,-711.2251644134521,-7.112251677513123,0.0,711.2251644134521,7.112251677513123,99.40047359466553,0.9940047788620001,3.5810435676574706,0.0,0.0,nan,nan,nan,nan,nan,nan,nan,nan,nan,nan,17216,-0.00042965204669727087,0.03972275517880917,1.4865025997161865,0.016079948656260966,0.05598652996122837,0.05598652996122837,0.07278520315885544,0.0003859635324261035,0.0019093750277534127,0.39190590381622314,1.0,0.0022548076923076914,0.00010620192307692305,1,1.0,1.0,0.0
538,1724800,-799.6860399246216,-7.99686026096344,-799.6860399246216,-7.99686026096344,0.0,799.6860399246216,7.99686026096344,10.939598083496094,0.10939619541168266,4.384265694618225,0.0,0.0,nan,nan,nan,nan,nan,nan,nan,nan,nan,nan,17248,-0.0004712169506121633,0.044782969355583194,1.4699426293373108,0.018627030961215495,0.06632469221949577,0.06632469221949577,0.07574496045708656,0.00042624719244486184,0.0021312500117346644,0.29960811138153076,1.0,0.0022403846153846146,0.00010509615384615386,1,1.0,1.0,0.0
539,1728000,-774.8637580871582,-7.748637537956238,-774.8637580871582,-7.748637537956238,0.0,774.8637580871582,7.748637537956238,35.76187992095947,0.3576189184188845,3.8004448437690734,0.0,0.0,nan,nan,nan,nan,nan,nan,nan,nan,nan,nan,17280,-0.00030776610032186015,0.029223376885056496,1.4659279584884644,0.011040823068469763,0.04682255052030086,0.04682255052030086,0.07107968404889106,0.00036533475686155724,0.0015250000025844202,0.2147613763809204,1.0,0.0022259615384615378,0.00010399038461538456,1,1.0,1.0,0.0
540,1731200,-770.0741701126099,-7.700741591453553,-770.0741701126099,-7.700741591453553,0.0,770.0741701126099,7.700741591453553,40.55146789550781,0.4055148649215701,3.9345282030105593,0.0,0.0,-544.3698289394379,-5.443698289394379,-544.3698289394379,-5.443698289394379,100.0,2.556899446249008,0.0,0.0,544.3698289394379,22.650080919265747,17312,-0.0005081173704005959,0.030177523940801622,1.426978635787964,0.011424826551228761,0.05379797071218491,0.05379797071218491,0.06562490090727806,0.0002939821455584024,0.00029999999678693713,0.4479694962501526,1.0,0.00221153846153846,0.00010288461538461536,1,1.0,1.0,0.0
541,1734400,-796.1572856903076,-7.961573009490967,-796.1572856903076,-7.961573009490967,0.0,796.1572856903076,7.961573009490967,14.468352317810059,0.14468344688415602,4.150148849487305,0.0,0.0,nan,nan,nan,nan,nan,nan,nan,nan,nan,nan,17344,-0.00041761686360113347,0.02779429629445076,1.4505460023880006,0.010292514227330685,0.04975858740508556,0.04975858740508556,0.06393310688436031,0.000496476065927709,0.002434374990116339,0.4407527446746826,1.0,0.0021971153846153833,0.00010177884615384617,1,1.0,1.0,0.0
542,1737600,-774.8863496780396,-7.748863701820373,-774.8863496780396,-7.748863701820373,0.0,774.8863496780396,7.748863701820373,35.739288330078125,0.3573927545547493,3.58146080493927,0.0,0.0,nan,nan,nan,nan,nan,nan,nan,nan,nan,nan,17376,-0.00024917820577975426,0.032723845168948176,1.4352760195732117,0.012979978416115045,0.033586740121245386,0.033586740121245386,0.07733655273914337,0.00030579961585317503,0.0006249999973078957,0.30306464433670044,1.0,0.0021826923076923074,0.00010067307692307697,1,1.0,1.0,0.0
543,1740800,-765.5905094146729,-7.655905055999756,-765.5905094146729,-7.655905055999756,0.0,765.5905094146729,7.655905055999756,45.035128593444824,0.45035140037536703,4.114658961296081,0.0,0.0,nan,nan,nan,nan,nan,nan,nan,nan,nan,nan,17408,-0.00040052557208110074,0.04310395829379558,1.429265594482422,0.018052421137690546,0.04981543570756912,0.04981543570756912,0.07299844995141029,0.0004843373638323101,0.0012937500010593793,0.23832452297210693,1.0,0.0021682692307692306,9.956730769230767e-05,1,1.0,1.0,0.0
544,1744000,-841.975682258606,-8.419756870269776,-841.975682258606,-8.419756870269776,0.0,841.975682258606,8.419756870269776,-31.35004425048828,-0.3135004138946531,5.074980459213257,0.0,0.0,nan,nan,nan,nan,nan,nan,nan,nan,nan,nan,17440,-0.00026343018827610363,0.033414370566606524,1.4263993740081786,0.01337151024490595,0.07460954003036022,0.07460954003036022,0.06289007142186165,0.0003672627797641326,0.0012843750067986549,0.38879430294036865,1.0,0.0021538461538461538,9.846153846153848e-05,1,1.0,1.0,0.0
545,1747200,-764.7200908660889,-7.647200946807861,-764.7200908660889,-7.647200946807861,0.0,764.7200908660889,7.647200946807861,45.90554714202881,0.4590555095672615,3.5563940930366518,0.0,0.0,nan,nan,nan,nan,nan,nan,nan,nan,nan,nan,17472,-0.00017091076420179264,0.03894916735589504,1.425773024559021,0.016253341268748046,0.03343663364648819,0.03343663364648819,0.07092747390270233,0.00018770721808323288,0.0003187500053172698,0.3518443703651428,1.0,0.002139423076923077,9.735576923076928e-05,1,1.0,1.0,0.0
546,1750400,-826.5080099105835,-8.2650803565979,-826.5080099105835,-8.2650803565979,0.0,826.5080099105835,8.2650803565979,-15.88237190246582,-0.15882390022277804,4.315451502799988,0.0,0.0,nan,nan,nan,nan,nan,nan,nan,nan,nan,nan,17504,-0.00018883235226496708,0.03802254311740398,1.4118167996406554,0.015822328720241786,0.051387914642691615,0.051387914642691615,0.0787782572209835,0.00011138322547594725,0.00016250000699074006,0.33976346254348755,1.0,0.002125,9.624999999999998e-05,1,1.0,1.0,0.0
547,1753600,-826.9697608947754,-8.269697589874268,-826.9697608947754,-8.269697589874268,0.0,826.9697608947754,8.269697589874268,-16.344122886657715,-0.1634411334991448,4.416929039955139,0.0,0.0,nan,nan,nan,nan,nan,nan,nan,nan,nan,nan,17536,-0.00014530309192486434,0.042816394940018654,1.4438051223754882,0.018215632252395152,0.05478929877281189,0.05478929877281189,0.08637518435716629,0.00014269577441154978,0.0005375000062485924,0.3376651406288147,1.0,0.0021105769230769216,9.514423076923079e-05,1,1.0,1.0,0.0
548,1756800,-754.4681777954102,-7.544681730270386,-754.4681777954102,-7.544681730270386,0.0,754.4681777954102,7.544681730270386,56.15746021270752,0.5615747261047366,3.918013246059418,0.0,0.0,nan,nan,nan,nan,nan,nan,nan,nan,nan,nan,17568,-0.00018951816437606794,0.039392250776290896,1.4438004612922668,0.016480179224163293,0.04124376457184553,0.04124376457184553,0.07583925947546959,0.0001543684883017704,0.0006187500068335794,0.4318625330924988,1.0,0.002096153846153845,9.40384615384616e-05,1,1.0,1.0,0.0
549,1760000,-792.4689111709595,-7.924689307212829,-792.4689111709595,-7.924689307212829,0.0,792.4689111709595,7.924689307212829,18.156726837158203,0.18156714916229344,3.608981900215149,0.0,0.0,nan,nan,nan,nan,nan,nan,nan,nan,nan,nan,17600,-0.000210358467196059,0.03839949406683445,1.4255074739456177,0.016021865606307983,0.04526152759790421,0.04526152759790421,0.07526638954877854,0.00011382703269191552,3.437500126892701e-05,0.17369520664215088,1.0,0.002081730769230768,9.293269230769229e-05,1,1.0,1.0,0.0
550,1763200,-819.7200241088867,-8.197200665473938,-819.7200241088867,-8.197200665473938,0.0,819.7200241088867,8.197200665473938,-9.094386100769043,-0.09094420909881507,3.7761252784729002,0.0,0.0,nan,nan,nan,nan,nan,nan,nan,nan,nan,nan,17632,-0.00018126995749189744,0.0628224540501833,1.4127906680107116,0.028309283964335918,0.07368593513965607,0.07368593513965607,0.10025787577033043,0.00015362045778601895,0.0009187500108964741,0.22365766763687134,1.0,0.002067307692307691,9.18269230769231e-05,1,1.0,1.0,0.0
551,1766400,-849.6560068130493,-8.496559829711915,-849.6560068130493,-8.496559829711915,0.0,849.6560068130493,8.496559829711915,-39.03036880493164,-0.390303373336792,4.182595267295837,0.0,0.0,nan,nan,nan,nan,nan,nan,nan,nan,nan,nan,17664,-0.0001230318330554425,0.038100036606192586,1.4376890897750854,0.0159755764529109,0.042279592528939244,0.042279592528939244,0.07349991425871849,0.00012241684980836,0.0002968750090076355,0.45396238565444946,1.0,0.0020528846153846144,9.07211538461539e-05,1,1.0,1.0,0.0
552,1769600,-831.9071407318115,-8.319071617126465,-831.9071407318115,-8.319071617126465,0.0,831.9071407318115,8.319071617126465,-21.281502723693848,-0.212815160751342,4.5574955701828,0.0,0.0,nan,nan,nan,nan,nan,nan,nan,nan,nan,nan,17696,-0.0002809401272330536,0.045358707383275035,1.423630940914154,0.01949639655649662,0.07321732230484486,0.07321732230484486,0.07371513396501542,0.0001452678955729425,0.0007000000041443855,0.2964436411857605,1.0,0.0020384615384615376,8.961538461538471e-05,1,1.0,1.0,0.0
553,1772800,-874.3102321624756,-8.743102664947509,-874.3102321624756,-8.743102664947509,0.0,874.3102321624756,8.743102664947509,-63.68459415435791,-0.6368462085723863,4.522319312095642,0.0,0.0,nan,nan,nan,nan,nan,nan,nan,nan,nan,nan,17728,-0.0004435321259311564,0.03677154704928398,1.4218441367149353,0.01506437435746193,0.052229370549321176,0.052229370549321176,0.07757760509848595,0.00034743553455882645,0.0010187500200117938,0.2576753497123718,1.0,0.002024038461538461,8.85096153846154e-05,1,1.0,1.0,0.0
554,1776000,-811.0232601165771,-8.110232858657836,-811.0232601165771,-8.110232858657836,0.0,811.0232601165771,8.110232858657836,-0.39762210845947266,-0.003976402282713565,4.601265249252319,0.0,0.0,nan,nan,nan,nan,nan,nan,nan,nan,nan,nan,17760,-0.00016846556529408473,0.054123975336551666,1.417715609073639,0.024044459313154222,0.08638254292309284,0.08638254292309284,0.08405344784259797,0.0001876846195955295,0.0007093750158674083,0.040126264095306396,1.0,0.002009615384615384,8.740384615384621e-05,1,1.0,1.0,0.0
555,1779200,-842.0488729476929,-8.420488309860229,-842.0488729476929,-8.420488309860229,0.0,842.0488729476929,8.420488309860229,-31.423234939575195,-0.31423185348510607,4.099774355888367,0.0,0.0,nan,nan,nan,nan,nan,nan,nan,nan,nan,nan,17792,-0.00015944039863242666,0.060714484006166455,1.4429335594177246,0.027318871580064297,0.0412022402510047,0.0412022402510047,0.09762082993984222,0.0001607613725354895,0.0012968749899300747,0.23277324438095093,1.0,0.001995192307692307,8.629807692307702e-05,1,1.0,1.0,0.0
556,1782400,-833.9025297164917,-8.33902530670166,-833.9025297164917,-8.33902530670166,0.0,833.9025297164917,8.33902530670166,-23.276891708374023,-0.23276885032653816,3.96770135641098,0.0,0.0,nan,nan,nan,nan,nan,nan,nan,nan,nan,nan,17824,-0.0003475266250956288,0.050433069467544556,1.4509901046752929,0.0219949321821332,0.05322611853480339,0.05322611853480339,0.07475551441311837,0.00022602906656175037,0.0006625000060012098,0.33196115493774414,1.0,0.0019807692307692304,8.519230769230772e-05,1,1.0,1.0,0.0
557,1785600,-778.1528339385986,-7.781528272628784,-778.1528339385986,-7.781528272628784,0.0,778.1528339385986,7.781528272628784,32.47280406951904,0.3247281837463385,4.110772490501404,0.0,0.0,nan,nan,nan,nan,nan,nan,nan,nan,nan,nan,17856,-0.00014156789733950071,0.03988978788256645,1.4365664005279541,0.016978539153933526,0.04854038506746292,0.04854038506746292,0.07363785356283188,0.0001945156051988306,0.0010281250273692422,0.04149675369262695,1.0,0.001966346153846152,8.408653846153841e-05,1,1.0,1.0,0.0
558,1788800,-842.977861404419,-8.429778547286988,-842.977861404419,-8.429778547286988,0.0,842.977861404419,8.429778547286988,-32.35222339630127,-0.32352209091186523,4.315217299461365,0.0,0.0,nan,nan,nan,nan,nan,nan,nan,nan,nan,nan,17888,-0.00030356726443424574,0.051118018478155135,1.4396541476249696,0.022445347718894483,0.04889028742909431,0.04889028742909431,0.09116715639829635,0.00015798760503002996,0.0001937500052008545,0.2426159381866455,1.0,0.001951923076923075,8.298076923076922e-05,1,1.0,1.0,0.0
559,1792000,-821.8963241577148,-8.218962802886963,-821.8963241577148,-8.218962802886963,0.0,821.8963241577148,8.218962802886963,-11.270686149597168,-0.11270634651184075,3.598917906284332,0.0,0.0,nan,nan,nan,nan,nan,nan,nan,nan,nan,nan,17920,-0.00026317103755717496,0.028217140957713126,1.4369118213653564,0.011061382945626974,0.036539551243185996,0.036539551243185996,0.05592441000044346,0.00038470859035442115,0.00025312500292784534,0.30954766273498535,1.0,0.0019374999999999983,8.187500000000003e-05,1,1.0,1.0,0.0
560,1795200,-816.9996194839478,-8.169996485710143,-816.9996194839478,-8.169996485710143,0.0,816.9996194839478,8.169996485710143,-6.373981475830078,-0.06374002933502076,4.107848305702209,0.0,0.0,-726.1213703155518,-7.2612137031555175,-726.1213703155518,-7.2612137031555175,100.0,3.3903977608680727,0.0,0.0,726.1213703155518,-159.10146045684814,17952,-0.0003226739566947856,0.035130681842565535,1.410058581829071,0.014531015884131193,0.053462357819080354,0.053462357819080354,0.06803987994790077,0.0002637882991621154,0.0013062499983789166,0.35853666067123413,1.0,0.0019230769230769214,8.076923076923072e-05,1,1.0,1.0,0.0
561,1798400,-794.3113899230957,-7.943113775253296,-794.3113899230957,-7.943113775253296,0.0,794.3113899230957,7.943113775253296,16.314248085021973,0.16314268112182706,3.945148630142212,0.0,0.0,nan,nan,nan,nan,nan,nan,nan,nan,nan,nan,17984,-0.0003250630499620044,0.03228202480822802,1.4454442739486695,0.013057096488773822,0.10677271075546742,0.10677271075546742,0.06352644488215446,0.0002873854403333098,0.0014687500020954757,0.38733822107315063,1.0,0.0019086538461538446,7.966346153846153e-05,1,1.0,1.0,0.0
562,1801600,-741.3600158691406,-7.413600168228149,-741.3600158691406,-7.413600168228149,0.0,741.3600158691406,7.413600168228149,69.26562213897705,0.6926562881469733,3.1130190777778624,0.0,0.0,nan,nan,nan,nan,nan,nan,nan,nan,nan,nan,18016,-0.00020816716053388972,0.03853578418493271,1.4269843578338623,0.016356687434017657,0.04287735447287559,0.04287735447287559,0.0823628507554531,0.0002695807160307595,0.0015249999793013557,0.5115138292312622,1.0,0.0018942307692307678,7.855769230769233e-05,1,1.0,1.0,0.0
563,1804800,-709.2734184265137,-7.092734227180481,-709.2734184265137,-7.092734227180481,0.0,709.2734184265137,7.092734227180481,101.352219581604,1.013522229194642,3.6225010919570924,0.0,0.0,nan,nan,nan,nan,nan,nan,nan,nan,nan,nan,18048,-0.00018522169379568964,0.05293123833835125,1.4235575556755067,0.0236043831333518,0.03749101236462593,0.03749101236462593,0.08999566882848739,0.00010111508186128049,0.00010312500162399374,0.42029619216918945,1.0,0.001879807692307691,7.745192307692314e-05,1,1.0,1.0,0.0
564,1808000,-867.9892225265503,-8.679892187118531,-867.9892225265503,-8.679892187118531,0.0,867.9892225265503,8.679892187118531,-57.36358451843262,-0.5736357307434083,3.8741868138313293,0.0,0.0,nan,nan,nan,nan,nan,nan,nan,nan,nan,nan,18080,-0.000315204165087124,0.05060162954032421,1.4245346546173097,0.022328305616974832,0.060530515387654305,0.060530515387654305,0.09604805186390877,0.0002640645119754481,0.0015218749875202775,0.10305094718933105,1.0,0.0018653846153846142,7.634615384615384e-05,1,1.0,1.0,0.0
565,1811200,-808.4754037857056,-8.084753675460815,-808.4754037857056,-8.084753675460815,0.0,808.4754037857056,8.084753675460815,2.1502342224121094,0.02150278091430735,4.057110028266907,0.0,0.0,nan,nan,nan,nan,nan,nan,nan,nan,nan,nan,18112,-0.00025383160401544204,0.051511675119400024,1.3940335988998414,0.022921703197062014,0.04634017162024975,0.04634017162024975,0.08019030168652534,0.00028843612544733334,0.00020937500303261914,0.08101487159729004,1.0,0.0018509615384615374,7.524038461538464e-05,1,1.0,1.0,0.0
566,1814400,-836.3096780776978,-8.363096561431885,-836.3096780776978,-8.363096561431885,0.0,836.3096780776978,8.363096561431885,-25.684040069580078,-0.2568401050567619,4.173032999038696,0.0,0.0,nan,nan,nan,nan,nan,nan,nan,nan,nan,nan,18144,-0.0002400081647356167,0.04712267518043518,1.3686958074569702,0.020807666517794133,0.0405341312289238,0.0405341312289238,0.08932697847485542,0.00024991668360598853,0.0005624999987048796,0.24336183071136475,1.0,0.0018365384615384606,7.413461538461545e-05,1,1.0,1.0,0.0
567,1817600,-814.8548393249512,-8.148548254966736,-814.8548393249512,-8.148548254966736,0.0,814.8548393249512,8.148548254966736,-4.229201316833496,-0.04229179859161292,4.275757932662964,0.0,0.0,nan,nan,nan,nan,nan,nan,nan,nan,nan,nan,18176,-0.00017539185147616987,0.03644635416567325,1.3711073875427247,0.015549469366669654,0.033552360534667966,0.033552360534667966,0.07283062338829041,0.0001381822176881542,0.00021249999990686775,0.341098427772522,1.0,0.0018221153846153838,7.302884615384615e-05,1,1.0,1.0,0.0
568,1820800,-832.5776100158691,-8.325776052474975,-832.5776100158691,-8.325776052474975,0.0,832.5776100158691,8.325776052474975,-21.951972007751465,-0.21951959609985217,4.145151281356812,0.0,0.0,nan,nan,nan,nan,nan,nan,nan,nan,nan,nan,18208,-0.00021879925696275394,0.03701463080942631,1.4007414698600769,0.01575640644878149,0.04958048649132252,0.04958048649132252,0.07452314570546151,0.00018922589106296073,0.0012156250013504177,0.20056766271591187,1.0,0.001807692307692307,7.192307692307695e-05,1,1.0,1.0,0.0
569,1824000,-754.3590488433838,-7.543590669631958,-754.3590488433838,-7.543590669631958,0.0,754.3590488433838,7.543590669631958,56.26658916473389,0.5626657867431648,3.467540493011475,0.0,0.0,nan,nan,nan,nan,nan,nan,nan,nan,nan,nan,18240,-0.0002612794996515788,0.03981269039213657,1.3835899233818054,0.01716391686350107,0.04463050477206707,0.04463050477206707,0.07733729705214501,0.0002033462432905253,0.0012062499932653735,0.30967700481414795,1.0,0.0017932692307692302,7.081730769230776e-05,1,1.0,1.0,0.0
570,1827200,-783.3089113235474,-7.833089246749878,-783.3089113235474,-7.833089246749878,0.0,783.3089113235474,7.833089246749878,27.316726684570312,0.2731672096252451,3.973500657081604,0.0,0.0,nan,nan,nan,nan,nan,nan,nan,nan,nan,nan,18272,-0.0002894971834786375,0.04546583332121372,1.3753188252449036,0.019996939226984978,0.048798000812530516,0.048798000812530516,0.07440886870026589,0.0002417871558918705,0.0007468749940017005,0.1884983777999878,1.0,0.0017788461538461534,6.971153846153846e-05,1,1.0,1.0,0.0
571,1830400,-810.0620775222778,-8.10062089920044,-810.0620775222778,-8.10062089920044,0.0,810.0620775222778,8.10062089920044,0.5635604858398438,0.005635557174683115,4.067534627914429,0.0,0.0,nan,nan,nan,nan,nan,nan,nan,nan,nan,nan,18304,-0.00020242184096569416,0.03419303521513939,1.3568399786949157,0.014500056020915508,0.06991672851145267,0.06991672851145267,0.05995574109256267,0.00018345920152569307,0.0008312499961903086,0.332336962223053,1.0,0.0017644230769230766,6.860576923076926e-05,1,1.0,1.0,0.0
572,1833600,-774.3267021179199,-7.743267006874085,-774.3267021179199,-7.743267006874085,0.0,774.3267021179199,7.743267006874085,36.298935890197754,0.36298944950103795,3.5701105332374574,0.0,0.0,nan,nan,nan,nan,nan,nan,nan,nan,nan,nan,18336,-0.0001909574611461906,0.039946512505412105,1.3838771820068358,0.01736051347106695,0.045884693041443825,0.045884693041443825,0.08306704461574554,0.00012975910019576986,0.0006968750003579771,0.41619837284088135,1.0,0.0017499999999999998,6.750000000000007e-05,1,1.0,1.0,0.0
573,1836800,-801.1817398071289,-8.01181755065918,-801.1817398071289,-8.01181755065918,0.0,801.1817398071289,8.01181755065918,9.44389820098877,0.09443890571594338,3.974006748199463,0.0,0.0,nan,nan,nan,nan,nan,nan,nan,nan,nan,nan,18368,-0.0001992238522230849,0.04442256540060043,1.3418280720710754,0.019683212973177433,0.05443174317479134,0.05443174317479134,0.0723862662911415,0.00015138198896238463,0.0007562500119092874,0.08188235759735107,1.0,0.001735576923076923,6.639423076923087e-05,1,1.0,1.0,0.0
574,1840000,-806.6172399520874,-8.066172804832458,-806.6172399520874,-8.066172804832458,0.0,806.6172399520874,8.066172804832458,4.008398056030273,0.040083651542664356,4.0232878684997555,0.0,0.0,nan,nan,nan,nan,nan,nan,nan,nan,nan,nan,18400,-0.00031105404549744973,0.06016826182603836,1.3503007769584656,0.027449001371860505,0.07811481319367886,0.07811481319367886,0.10179115310311318,0.00034999960089407975,0.0021000000357162206,0.045121073722839355,1.0,0.0017211538461538462,6.528846153846157e-05,1,1.0,1.0,0.0
575,1843200,-800.0213747024536,-8.000214123725891,-800.0213747024536,-8.000214123725891,0.0,800.0213747024536,8.000214123725891,10.604263305664062,0.10604233264923124,3.898202955722809,0.0,0.0,nan,nan,nan,nan,nan,nan,nan,nan,nan,nan,18432,-0.0002173367864015785,0.04740845263004303,1.3527307629585266,0.021178141981363297,0.04846578016877175,0.04846578016877175,0.07991152629256248,0.00019000232359758228,0.0011687500049447409,0.405475378036499,1.0,0.0017067307692307694,6.418269230769238e-05,1,1.0,1.0,0.0
576,1846400,-779.5489349365234,-7.795489501953125,-779.5489349365234,-7.795489501953125,0.0,779.5489349365234,7.795489501953125,31.07670307159424,0.31076695442199753,4.415534505844116,0.0,0.0,nan,nan,nan,nan,nan,nan,nan,nan,nan,nan,18464,-0.00021753275118712166,0.04372967854142189,1.3519395232200622,0.01935940869152546,0.09798961654305458,0.09798961654305458,0.07545780241489411,0.0001388291070725245,0.0010750000015832483,0.49580568075180054,1.0,0.0016923076923076909,6.307692307692308e-05,1,1.0,1.0,0.0
577,1849600,-784.7157354354858,-7.847157688140869,-784.7157354354858,-7.847157688140869,0.0,784.7157354354858,7.847157688140869,25.909902572631836,0.2590987682342538,3.871433365345001,0.0,0.0,nan,nan,nan,nan,nan,nan,nan,nan,nan,nan,18496,-0.0002828372437841509,0.028990992158651353,1.3607136011123657,0.0119295384734869,0.08936388567090034,0.08936388567090034,0.07509625032544136,0.00020969432775928,0.0020406249939696865,0.3804360032081604,1.0,0.001677884615384614,6.197115384615388e-05,1,1.0,1.0,0.0
578,1852800,-851.8227138519287,-8.518226909637452,-851.8227138519287,-8.518226909637452,0.0,851.8227138519287,8.518226909637452,-41.197075843811035,-0.4119704532623292,4.869825801849365,0.0,0.0,nan,nan,nan,nan,nan,nan,nan,nan,nan,nan,18528,-0.00014258606419090825,0.03377731405198574,1.3537906765937806,0.014494092017412186,0.05407380685210228,0.05407380685210228,0.07270077615976334,0.00013340018913368112,0.0007437499953084625,0.18327587842941284,1.0,0.0016634615384615373,6.086538461538458e-05,1,1.0,1.0,0.0
579,1856000,-796.4686489105225,-7.964686274528503,-796.4686489105225,-7.964686274528503,0.0,796.4686489105225,7.964686274528503,14.156989097595215,0.1415701818466193,3.8557929015159607,0.0,0.0,nan,nan,nan,nan,nan,nan,nan,nan,nan,nan,18560,-0.0001837556850800226,0.060747523233294486,1.366872239112854,0.027935981191694735,0.0757203284651041,0.0757203284651041,0.09314413219690323,0.00011337940266002988,0.0007781250045809429,-0.13423991203308105,1.0,0.0016490384615384605,5.9759615384615385e-05,1,1.0,1.0,0.0
580,1859200,-807.2115278244019,-8.072115468978883,-807.2115278244019,-8.072115468978883,0.0,807.2115278244019,8.072115468978883,3.4141101837158203,0.03414098739624016,3.580461597442627,0.0,0.0,-537.1477168798447,-5.371477168798447,-537.1477168798447,-5.371477168798447,100.0,2.545000759959221,0.0,0.0,537.1477168798447,29.872192978858948,18592,-0.00024266874699971908,0.03147832714021206,1.3667116641998291,0.013262446969747543,0.045371875539422034,0.045371875539422034,0.0633836679160595,0.00022471542661151034,0.0012093750148778782,0.3674256205558777,1.0,0.0016346153846153837,5.865384615384619e-05,1,1.0,1.0,0.0
581,1862400,-819.2286243438721,-8.19228614807129,-819.2286243438721,-8.19228614807129,0.0,819.2286243438721,8.19228614807129,-8.602986335754395,-0.08602969169616692,4.29930609703064,0.0,0.0,nan,nan,nan,nan,nan,nan,nan,nan,nan,nan,18624,-0.00020726584179135975,0.05773804634809494,1.3552717328071595,0.02646595649421215,0.05727598182857037,0.05727598182857037,0.0955878846347332,0.0001169334417227219,0.0008874999970430508,0.1185796856880188,1.0,0.0016201923076923069,5.754807692307689e-05,1,1.0,1.0,0.0
582,1865600,-801.6782360076904,-8.016782517433166,-801.6782360076904,-8.016782517433166,0.0,801.6782360076904,8.016782517433166,8.947402000427246,0.08947393894195699,3.6350701236724854,0.0,0.0,nan,nan,nan,nan,nan,nan,nan,nan,nan,nan,18656,-0.0003436090484727039,0.060148799791932106,1.3868128895759582,0.027503889240324497,0.0742640446871519,0.0742640446871519,0.09212695509195327,0.00016284219868794024,0.0007531250070314854,0.027007102966308594,1.0,0.00160576923076923,5.6442307692307694e-05,1,1.0,1.0,0.0
583,1868800,-824.3153142929077,-8.243153352737426,-824.3153142929077,-8.243153352737426,0.0,824.3153142929077,8.243153352737426,-13.689676284790039,-0.13689689636230362,3.8576722288131715,0.0,0.0,nan,nan,nan,nan,nan,nan,nan,nan,nan,nan,18688,-6.730410905824158e-05,0.04456619210541248,1.3608433842658996,0.020050219260156155,0.031021627224981786,0.031021627224981786,0.0770288847386837,8.864367114256311e-05,6.562500093423295e-05,0.25467628240585327,1.0,0.0015913461538461533,5.53365384615385e-05,1,1.0,1.0,0.0
584,1872000,-731.4647259712219,-7.314647326469421,-731.4647259712219,-7.314647326469421,0.0,731.4647259712219,7.314647326469421,79.16091203689575,0.7916091299057015,3.400423755645752,0.0,0.0,nan,nan,nan,nan,nan,nan,nan,nan,nan,nan,18720,-0.0002145501781779302,0.03881047889590263,1.361118447780609,0.017044310085475446,0.047007991746068,0.047007991746068,0.07573986649513245,7.68144645689972e-05,0.0002468749968102202,0.2866106629371643,1.0,0.0015769230769230765,5.42307692307692e-05,1,1.0,1.0,0.0
585,1875200,-748.9985160827637,-7.48998496055603,-748.9985160827637,-7.48998496055603,0.0,748.9985160827637,7.48998496055603,61.627121925354004,0.6162714958190927,3.046093182563782,0.0,0.0,nan,nan,nan,nan,nan,nan,nan,nan,nan,nan,18752,-0.00011489668936341957,0.03730826675891876,1.3502079129219056,0.016429536789655686,0.03564407266676426,0.03564407266676426,0.07020505964756012,9.084631542464195e-05,0.0003718750009284122,0.23563438653945923,1.0,0.0015624999999999997,5.3125000000000004e-05,1,1.0,1.0,0.0
586,1878400,-798.848780632019,-7.988487844467163,-798.848780632019,-7.988487844467163,0.0,798.848780632019,7.988487844467163,11.776857376098633,0.11776861190795973,3.6817308187484743,0.0,0.0,nan,nan,nan,nan,nan,nan,nan,nan,nan,nan,18784,-0.00022820475455082034,0.02958390899002552,1.3385680556297301,0.012491543404757976,0.07333380356431007,0.07333380356431007,0.05392799340188503,9.486651083534525e-05,0.0005187499991734512,0.15101581811904907,1.0,0.0015480769230769229,5.201923076923081e-05,1,1.0,1.0,0.0
587,1881600,-890.1632642745972,-8.901632909774781,-890.1632642745972,-8.901632909774781,0.0,890.1632642745972,8.901632909774781,-79.53762626647949,-0.7953764533996583,4.380470013618469,0.0,0.0,nan,nan,nan,nan,nan,nan,nan,nan,nan,nan,18816,-9.842247820417427e-05,0.0800758421421051,1.3573133111000062,0.03785784989595413,0.05560813620686531,0.05560813620686531,0.10783341377973557,7.219417184387567e-05,0.00044062499655410646,0.07771033048629761,1.0,0.001533653846153846,5.0913461538461616e-05,1,1.0,1.0,0.0
588,1884800,-755.5820188522339,-7.555820446014405,-755.5820188522339,-7.555820446014405,0.0,755.5820188522339,7.555820446014405,55.04361915588379,0.550436010360718,3.5600591921806335,0.0,0.0,nan,nan,nan,nan,nan,nan,nan,nan,nan,nan,18848,-0.00014924277941463782,0.03481470197439194,1.35713050365448,0.015196313988417387,0.0877640511840582,0.0877640511840582,0.0689070202410221,7.273523242474766e-05,0.00040312500932486727,0.3265271782875061,1.0,0.0015192307692307692,4.980769230769231e-05,1,1.0,1.0,0.0
589,1888000,-845.7365865707397,-8.457365798950196,-845.7365865707397,-8.457365798950196,0.0,845.7365865707397,8.457365798950196,-35.11094856262207,-0.3511093425750733,4.340856409072876,0.0,0.0,nan,nan,nan,nan,nan,nan,nan,nan,nan,nan,18880,-5.1182674550176444e-05,0.0634512510150671,1.3154877185821534,0.02969488650560379,0.04026192314922809,0.04026192314922809,0.0955675147473812,3.570069072793558e-05,3.1250001484295353e-06,0.12372511625289917,1.0,0.0015048076923076924,4.870192307692312e-05,1,1.0,1.0,0.0
590,1891200,-758.5486898422241,-7.585486783981323,-758.5486898422241,-7.585486783981323,0.0,758.5486898422241,7.585486783981323,52.076948165893555,0.5207696723937998,3.427314019203186,0.0,0.0,nan,nan,nan,nan,nan,nan,nan,nan,nan,nan,18912,-0.00010208272895368964,0.036329655721783635,1.3517274022102357,0.016048151068389416,0.051593690365552905,0.051593690365552905,0.06891074478626251,6.368506167291344e-05,0.0003250000034313416,0.3445456027984619,1.0,0.0014903846153846156,4.7596153846153925e-05,1,1.0,1.0,0.0
591,1894400,-842.0798063278198,-8.420798387527466,-842.0798063278198,-8.420798387527466,0.0,842.0798063278198,8.420798387527466,-31.45416831970215,-0.31454193115234297,4.44541488647461,0.0,0.0,nan,nan,nan,nan,nan,nan,nan,nan,nan,nan,18944,-0.0001619200020475553,0.07813751623034478,1.362214779853821,0.03689626082777977,0.08449719175696373,0.08449719175696373,0.09780758768320083,7.209179185565517e-05,0.0005062500007625203,0.01037907600402832,1.0,0.0014759615384615388,4.649038461538462e-05,1,1.0,1.0,0.0
592,1897600,-816.72678565979,-8.167268114089966,-816.72678565979,-8.167268114089966,0.0,816.72678565979,8.167268114089966,-6.101147651672363,-0.06101165771484318,4.321187324523926,0.0,0.0,nan,nan,nan,nan,nan,nan,nan,nan,nan,nan,18976,-0.00010935797625715171,0.0469915110617876,1.3516862869262696,0.02141085620969534,0.09770990908145905,0.09770990908145905,0.08387751281261444,0.00012747602668241597,0.0007562500002677552,0.4371492862701416,1.0,0.0014615384615384603,4.538461538461543e-05,1,1.0,1.0,0.0
593,1900800,-808.5078048706055,-8.085078015327454,-808.5078048706055,-8.085078015327454,0.0,808.5078048706055,8.085078015327454,2.117833137512207,0.021178441047668528,4.479414577484131,0.0,0.0,nan,nan,nan,nan,nan,nan,nan,nan,nan,nan,19008,-0.000175883465896165,0.049285906553268435,1.35823974609375,0.02250153962522745,0.04223030433058739,0.04223030433058739,0.0765200212597847,0.00010916819467183813,0.0003562499943654984,0.19378268718719482,1.0,0.0014471153846153835,4.4278846153846235e-05,1,1.0,1.0,0.0
594,1904000,-799.3567266464233,-7.993566856384278,-799.3567266464233,-7.993566856384278,0.0,799.3567266464233,7.993566856384278,11.268911361694336,0.11268959999084505,3.87996826171875,0.0,0.0,nan,nan,nan,nan,nan,nan,nan,nan,nan,nan,19040,-0.0001264798161654035,0.06113269738852978,1.3659302353858949,0.028482910804450513,0.03621892593801022,0.03621892593801022,0.10170867815613746,7.633355796770047e-05,1.5624999650754035e-05,0.15232151746749878,1.0,0.0014326923076923067,4.317307692307693e-05,1,1.0,1.0,0.0
595,1907200,-811.4808130264282,-8.114808278083801,-811.4808130264282,-8.114808278083801,0.0,811.4808130264282,8.114808278083801,-0.8551750183105469,-0.00855182170867863,4.37957615852356,0.0,0.0,nan,nan,nan,nan,nan,nan,nan,nan,nan,nan,19072,-3.0375051372555362e-05,0.04000446647405624,1.3562004923820496,0.018048400804400445,0.02259482778608799,0.02259482778608799,0.07459355369210244,5.144318097336509e-05,7.50000006519258e-05,0.4256739616394043,1.0,0.00141826923076923,4.206730769230763e-05,1,1.0,1.0,0.0
596,1910400,-772.7972173690796,-7.727972140312195,-772.7972173690796,-7.727972140312195,0.0,772.7972173690796,7.727972140312195,37.828420639038086,0.3782843160629277,3.7840315890312195,0.0,0.0,nan,nan,nan,nan,nan,nan,nan,nan,nan,nan,19104,-0.0001488048428895272,0.04176384322345257,1.4015304446220398,0.01876558344811201,0.05996979251503944,0.05996979251503944,0.07558426037430763,6.056142425450162e-05,0.00032187499746214596,0.27979034185409546,1.0,0.001403846153846153,4.0961538461538436e-05,1,1.0,1.0,0.0
597,1913600,-853.8899831771851,-8.53890009880066,-853.8899831771851,-8.53890009880066,0.0,853.8899831771851,8.53890009880066,-43.26434516906738,-0.4326436424255373,4.28532757282257,0.0,0.0,nan,nan,nan,nan,nan,nan,nan,nan,nan,nan,19136,-0.00014078180659271577,0.059582116827368733,1.380521869659424,0.027732147462666036,0.0447242584079504,0.0447242584079504,0.09034560471773148,0.00012233309657858627,0.0006593750142201316,0.3086637258529663,1.0,0.0013894230769230763,3.985576923076924e-05,1,1.0,1.0,0.0
598,1916800,-885.9292039871216,-8.859291925430298,-885.9292039871216,-8.859291925430298,0.0,885.9292039871216,8.859291925430298,-75.3035659790039,-0.7530354690551757,4.296456303596496,0.0,0.0,nan,nan,nan,nan,nan,nan,nan,nan,nan,nan,19168,-0.00011658022428746584,0.0638770505785942,1.3586418509483338,0.029953812435269355,0.03815731294453144,0.03815731294453144,0.09581647664308549,4.406251339332812e-05,0.00016562499658903107,0.3783378601074219,1.0,0.0013749999999999995,3.875000000000005e-05,1,1.0,1.0,0.0
599,1920000,-773.2471675872803,-7.732471814155579,-773.2471675872803,-7.732471814155579,0.0,773.2471675872803,7.732471814155579,37.3784704208374,0.3737846422195439,4.222019414901734,0.0,0.0,nan,nan,nan,nan,nan,nan,nan,nan,nan,nan,19200,-0.00022713775685119232,0.05260025300085545,1.3554210424423219,0.024228834174573423,0.0929467298090458,0.0929467298090458,0.08730899319052696,0.00020282181617403694,0.002296875015599653,0.3533862829208374,1.0,0.0013605769230769227,3.7644230769230745e-05,1,1.0,1.0,0.0
600,1923200,-803.9389886856079,-8.039389786720276,-803.9389886856079,-8.039389786720276,0.0,803.9389886856079,8.039389786720276,6.686649322509766,0.06686666965484633,4.106141290664673,0.0,0.0,-539.032742023468,-5.39032742023468,-539.032742023468,-5.39032742023468,100.0,2.561204643249512,0.0,0.0,539.032742023468,27.987167835235596,19232,-9.765999212978383e-05,0.04700200483202934,1.372365617752075,0.021555927582085133,0.04987300299108029,0.04987300299108029,0.07868921607732773,5.9701566465264476e-05,0.00022812499591964296,0.3594970107078552,1.0,0.0013461538461538459,3.653846153846155e-05,1,1.0,1.0,0.0
601,1926400,-787.2188320159912,-7.872188243865967,-787.2188320159912,-7.872188243865967,0.0,787.2188320159912,7.872188243865967,23.406805992126465,0.23406821250915577,3.793601191043854,0.0,0.0,nan,nan,nan,nan,nan,nan,nan,nan,nan,nan,19264,-0.00017184231452991306,0.05484834872186184,1.3699014902114868,0.02542799189686775,0.08783954195678234,0.08783954195678234,0.08842840492725372,0.0001145654534411733,0.0005843750041094609,0.21137380599975586,1.0,0.001331730769230769,3.543269230769236e-05,1,1.0,1.0,0.0
602,1929600,-785.5788354873657,-7.8557887840271,-785.5788354873657,-7.8557887840271,0.0,785.5788354873657,7.8557887840271,25.046802520751953,0.25046767234802303,4.197709379196167,0.0,0.0,nan,nan,nan,nan,nan,nan,nan,nan,nan,nan,19296,-9.652747970392283e-05,0.04599902518093586,1.3810194373130797,0.021083757653832434,0.06017037406563759,0.06017037406563759,0.08523258119821549,8.988004019556683e-05,0.00048124999702849893,0.4024491310119629,1.0,0.0013173076923076905,3.4326923076923054e-05,1,1.0,1.0,0.0
603,1932800,-817.6416397094727,-8.17641619682312,-817.6416397094727,-8.17641619682312,0.0,817.6416397094727,8.17641619682312,-7.0160017013549805,-0.07015974044799655,4.2286331701278685,0.0,0.0,nan,nan,nan,nan,nan,nan,nan,nan,nan,nan,19328,-0.00011282603794096068,0.05671372599899769,1.33226078748703,0.026508254557847978,0.10085692182183266,0.10085692182183266,0.08822650089859962,4.892854312856798e-05,0.00035937500033469407,0.2591766119003296,1.0,0.0013028846153846137,3.322115384615386e-05,1,1.0,1.0,0.0
604,1936000,-900.7492609024048,-9.007492532730103,-900.7492609024048,-9.007492532730103,0.0,900.7492609024048,9.007492532730103,-90.12362289428711,-0.90123607635498,4.760394597053528,0.0,0.0,nan,nan,nan,nan,nan,nan,nan,nan,nan,nan,19360,-0.00012239689745179304,0.05386032164096832,1.3669806838035583,0.02504646237939596,0.061687590554356575,0.061687590554356575,0.08926333636045455,6.825808436587977e-05,0.00040000000117288435,0.24387139081954956,1.0,0.001288461538461537,3.2115384615384666e-05,1,1.0,1.0,0.0
605,1939200,-882.6495723724365,-8.826495599746703,-882.6495723724365,-8.826495599746703,0.0,882.6495723724365,8.826495599746703,-72.02393436431885,-0.7202391433715807,4.993658680915832,0.0,0.0,nan,nan,nan,nan,nan,nan,nan,nan,nan,nan,19392,-9.375741521343573e-05,0.0767310194671154,1.3714077115058898,0.03652452565729618,0.07090346217155456,0.07090346217155456,0.10703575983643532,7.546856703584126e-05,0.0006031250050000381,0.1329212188720703,1.0,0.0012740384615384601,3.1009615384615364e-05,1,1.0,1.0,0.0
606,1942400,-800.5405759811401,-8.005405960083008,-800.5405759811401,-8.005405960083008,0.0,800.5405759811401,8.005405960083008,10.085062026977539,0.1008504962921144,3.6237537384033205,0.0,0.0,nan,nan,nan,nan,nan,nan,nan,nan,nan,nan,19424,-0.00017025638663179521,0.04697667546570301,1.379079282283783,0.021580972149968146,0.05456306226551533,0.05456306226551533,0.09506944343447685,6.919410220689315e-05,0.0006124999985331669,0.11985385417938232,1.0,0.0012596153846153833,2.990384615384617e-05,1,1.0,1.0,0.0
607,1945600,-792.5198516845703,-7.925197958946228,-792.5198516845703,-7.925197958946228,0.0,792.5198516845703,7.925197958946228,18.105786323547363,0.18105849742889468,3.72565514087677,0.0,0.0,nan,nan,nan,nan,nan,nan,nan,nan,nan,nan,19456,-0.00011104621824780115,0.035525431483983995,1.3688323378562928,0.015947210136801004,0.07735168561339378,0.07735168561339378,0.07464505806565284,8.388578517042334e-05,0.0006437500000174623,0.1432597041130066,1.0,0.0012451923076923065,2.8798076923076976e-05,1,1.0,1.0,0.0
608,1948800,-857.2699851989746,-8.572699766159058,-857.2699851989746,-8.572699766159058,0.0,857.2699851989746,8.572699766159058,-46.644347190856934,-0.46644330978393533,4.344030022621155,0.0,0.0,nan,nan,nan,nan,nan,nan,nan,nan,nan,nan,19488,-7.410776704546152e-05,0.0579991590231657,1.3638190865516662,0.027246924676001073,0.061100321263074873,0.061100321263074873,0.0979142464697361,3.752955067284347e-05,0.00022187500144355,0.32533735036849976,1.0,0.0012307692307692297,2.769230769230778e-05,1,1.0,1.0,0.0
609,1952000,-807.0289211273193,-8.070289278030396,-807.0289211273193,-8.070289278030396,0.0,807.0289211273193,8.070289278030396,3.59671688079834,0.03596717834472685,4.048720235824585,0.0,0.0,nan,nan,nan,nan,nan,nan,nan,nan,nan,nan,19520,-0.00020712976448704622,0.047792984545230864,1.3656729698181151,0.022028231434524058,0.0782071989029646,0.0782071989029646,0.08962666466832162,0.00013338300799432546,0.0008312500081956387,0.15684348344802856,1.0,0.001216346153846153,2.658653846153848e-05,1,1.0,1.0,0.0
610,1955200,-787.1498508453369,-7.8714986038208,-787.1498508453369,-7.8714986038208,0.0,787.1498508453369,7.8714986038208,23.47578716278076,0.23475785255432235,3.82226279258728,0.0,0.0,nan,nan,nan,nan,nan,nan,nan,nan,nan,nan,19552,-7.22249992550772e-05,0.04157522581517696,1.3568170189857482,0.019084598310291766,0.0460291214287281,0.0460291214287281,0.0744721233844757,2.8829830489485177e-05,0.0,0.2791653275489807,1.0,0.0012019230769230761,2.5480769230769285e-05,1,1.0,1.0,0.0
611,1958400,-864.4370651245117,-8.644370861053467,-864.4370651245117,-8.644370861053467,0.0,864.4370651245117,8.644370861053467,-53.81142711639404,-0.5381144046783444,4.8029952716827395,0.0,0.0,nan,nan,nan,nan,nan,nan,nan,nan,nan,nan,19584,-5.915948214825217e-05,0.044143276289105415,1.357955312728882,0.020399906672537327,0.044371578469872476,0.044371578469872476,0.07964144423604011,3.989152457961609e-05,0.00020937500012223608,0.10884743928909302,1.0,0.0011874999999999993,2.437500000000009e-05,1,1.0,1.0,0.0
612,1961600,-834.4275999069214,-8.344275703430176,-834.4275999069214,-8.344275703430176,0.0,834.4275999069214,8.344275703430176,-23.80196189880371,-0.23801924705505328,3.7496046566963197,0.0,0.0,nan,nan,nan,nan,nan,nan,nan,nan,nan,nan,19616,-5.879440313831808e-05,0.04901950359344483,1.387917447090149,0.022822823561728,0.05608548633754253,0.05608548633754253,0.09305174872279168,2.247423823291683e-05,3.75000003259629e-05,0.4519492983818054,1.0,0.0011730769230769225,2.326923076923079e-05,1,1.0,1.0,0.0
613,1964800,-817.6781234741211,-8.176781454086303,-817.6781234741211,-8.176781454086303,0.0,817.6781234741211,8.176781454086303,-7.052485466003418,-0.07052499771118015,3.8190761828422546,0.0,0.0,nan,nan,nan,nan,nan,nan,nan,nan,nan,nan,19648,-9.593479611718081e-05,0.035585416853427886,1.357075309753418,0.016124393232166766,0.05740935876965523,0.05740935876965523,0.06565226688981056,4.1273185695445135e-05,0.00012187499851279426,0.2510536313056946,1.0,0.0011586538461538457,2.2163461538461595e-05,1,1.0,1.0,0.0
614,1968000,-735.8826818466187,-7.3588267993927,-735.8826818466187,-7.3588267993927,0.0,735.8826818466187,7.3588267993927,74.74295616149902,0.7474296569824226,3.6037867999076845,0.0,0.0,nan,nan,nan,nan,nan,nan,nan,nan,nan,nan,19680,-4.394588461664739e-05,0.043584590777754784,1.383211624622345,0.020165636390447616,0.047207101434469226,0.047207101434469226,0.0933890737593174,1.8690028696255467e-05,7.187500159488991e-05,0.16047632694244385,1.0,0.001144230769230769,2.10576923076924e-05,1,1.0,1.0,0.0
615,1971200,-826.1107654571533,-8.261107234954833,-826.1107654571533,-8.261107234954833,0.0,826.1107654571533,8.261107234954833,-15.485127449035645,-0.15485077857971064,4.4755214405059816,0.0,0.0,nan,nan,nan,nan,nan,nan,nan,nan,nan,nan,19712,-0.00011365048812803647,0.048549896106123924,1.357419526576996,0.022627674974501133,0.08105589486658574,0.08105589486658574,0.08362917378544807,4.8905312473834785e-05,0.0004312500124797225,0.1522924304008484,1.0,0.0011298076923076904,1.9951923076923098e-05,1,1.0,1.0,0.0
616,1974400,-823.1315441131592,-8.231315450668335,-823.1315441131592,-8.231315450668335,0.0,823.1315441131592,8.231315450668335,-12.505906105041504,-0.12505899429321232,3.7605284523963927,0.0,0.0,nan,nan,nan,nan,nan,nan,nan,nan,nan,nan,19744,-8.83075244324516e-05,0.05416049584746361,1.3830358266830445,0.025449323654174804,0.04342798888683319,0.04342798888683319,0.09191692918539048,4.0871644137041586e-05,0.00022187499816936907,0.08802318572998047,1.0,0.0011153846153846136,1.8846153846153796e-05,1,1.0,1.0,0.0
617,1977600,-826.4057378768921,-8.264057483673096,-826.4057378768921,-8.264057483673096,0.0,826.4057378768921,8.264057483673096,-15.780099868774414,-0.15780102729797285,4.600367178916931,0.0,0.0,nan,nan,nan,nan,nan,nan,nan,nan,nan,nan,19776,-4.4626569308992e-05,0.03587617427110672,1.3949410915374756,0.016357683576643467,0.04198729507625103,0.04198729507625103,0.065963863581419,1.3129570606906783e-05,6.250000296859071e-06,0.30664002895355225,1.0,0.0011009615384615368,1.77403846153846e-05,1,1.0,1.0,0.0
618,1980800,-886.0934343338013,-8.860934343338013,-886.0934343338013,-8.860934343338013,0.0,886.0934343338013,8.860934343338013,-75.4677963256836,-0.7546778869628898,4.437720460891724,0.0,0.0,nan,nan,nan,nan,nan,nan,nan,nan,nan,nan,19808,-4.667925825561081e-05,0.055355366319417953,1.3747753858566285,0.02613725755363703,0.0872560054063797,0.0872560054063797,0.08816849589347839,2.0091679448341893e-05,0.000159375005387119,0.406547486782074,1.0,0.00108653846153846,1.6634615384615407e-05,1,1.0,1.0,0.0
619,1984000,-899.2968454360962,-8.992968034744262,-899.2968454360962,-8.992968034744262,0.0,899.2968454360962,8.992968034744262,-88.67120742797852,-0.8867115783691393,4.314345288276672,0.0,0.0,nan,nan,nan,nan,nan,nan,nan,nan,nan,nan,19840,-4.346338493594892e-05,0.06721268147230149,1.4040374875068664,0.03205758631229401,0.043546129018068314,0.043546129018068314,0.09413945972919464,8.424383315741579e-06,0.0,0.13059574365615845,1.0,0.0010721153846153832,1.5528846153846213e-05,1,1.0,1.0,0.0
620,1987200,-840.8208742141724,-8.408208780288696,-840.8208742141724,-8.408208780288696,0.0,840.8208742141724,8.408208780288696,-30.195236206054688,-0.3019523239135733,5.191771950721741,0.0,0.0,-539.6808245182037,-5.396808245182037,-539.6808245182037,-5.396808245182037,100.0,2.5553124994039536,0.0,0.0,539.6808245182037,27.339085340499878,19872,-0.00010725216804094995,0.08664607107639313,1.379019021987915,0.04175720475614071,0.09911603033542633,0.09911603033542633,0.10504010915756226,5.947485435910949e-05,0.0006656249955995008,0.2480219602584839,1.0,0.0010576923076923064,1.4423076923076911e-05,1,1.0,1.0,0.0
621,1990400,-852.555552482605,-8.525555210113525,-852.555552482605,-8.525555210113525,0.0,852.555552482605,8.525555210113525,-41.929914474487305,-0.41929875373840275,3.7166732382774352,0.0,0.0,nan,nan,nan,nan,nan,nan,nan,nan,nan,nan,19904,-7.314395945288155e-05,0.04808623120188713,1.377248752117157,0.022533130832016468,0.05732130706310272,0.05732130706310272,0.08160854950547218,1.5521769097404103e-05,2.1875001039006747e-05,0.19015926122665405,1.0,0.0010432692307692296,1.3317307692307717e-05,1,1.0,1.0,0.0
622,1993600,-786.0960111618042,-7.860959763526917,-786.0960111618042,-7.860959763526917,0.0,786.0960111618042,7.860959763526917,24.529626846313477,0.2452966928482061,4.590705065727234,0.0,0.0,nan,nan,nan,nan,nan,nan,nan,nan,nan,nan,19936,-2.879779299926888e-05,0.07521492019295692,1.384152925014496,0.03615458197891712,0.040464384481310844,0.040464384481310844,0.09877372607588768,9.009036861584719e-06,0.0,-0.0053768157958984375,1.0,0.0010288461538461528,1.2211538461538523e-05,1,1.0,1.0,0.0
623,1996800,-816.378490447998,-8.163784494400025,-816.378490447998,-8.163784494400025,0.0,816.378490447998,8.163784494400025,-5.752852439880371,-0.05752803802490192,4.3213558006286625,0.0,0.0,nan,nan,nan,nan,nan,nan,nan,nan,nan,nan,19968,-8.082430429716681e-05,0.0384044349193573,1.3944137215614318,0.01770686749368906,0.04831934608519077,0.04831934608519077,0.0679599940776825,1.2232633434905437e-05,1.8750000890577212e-05,0.29271847009658813,1.0,0.001014423076923076,1.110576923076922e-05,1,1.0,1.0,0.0
624,2000000,-753.1294851303101,-7.531294922828675,-753.1294851303101,-7.531294922828675,0.0,753.1294851303101,7.531294922828675,57.49615287780762,0.574961533546448,2.9684663915634157,0.0,0.0,-538.8640289306641,-5.3886402893066405,-538.8640289306641,-5.3886402893066405,100.0,2.55671924829483,0.0,0.0,538.8640289306641,28.15588092803955,20000,-5.5379842946390315e-05,0.04250381477177143,1.3996158361434936,0.019796911627054214,0.05435528494417667,0.05435528494417667,0.07414890378713608,1.1153278825304369e-05,0.0,0.34709739685058594,1.0,0.0009999999999999992,1.0000000000000026e-05,1,1.0,1.0,0.0
