[setup] Required Python imports are available.
[setup] Required Python imports are available.
=== Job info ===
Job       : 637620  array=47
Node      : evc42
Submit    : /lustre/fs1/home/ak565492/gnn_experiments
Repo      : /lustre/fs1/home/ak565492/gnn_experiments
Git rev   : cd7453e
Python    : /home/ak565492/expenv/bin/python
Python 3.11.4
PyYAML  : 6.0.3
NumPy   : 2.3.5
Torch   : 2.5.1+cu121 cuda_available=True cuda=12.1
CUDA_VIS  : 0
Threads   : OMP=4 MKL=4 OPENBLAS=1
Task      : 47/60
Comm      : graph
Alpha     : 0.0
Seed      : 2
Run label : graph_alpha0p0_seed2
Run dir   : runs/pursuit/alpha/graph/alpha0p0/seed2
Config    : /tmp/637572_47_graph_alpha0p0_seed2.yaml
Start     : Sun Jun  7 23:43:00 EDT 2026
================
Sun Jun  7 23:43:00 2026       
+-----------------------------------------------------------------------------------------+
| NVIDIA-SMI 580.105.08             Driver Version: 580.105.08     CUDA Version: 13.0     |
+-----------------------------------------+------------------------+----------------------+
| GPU  Name                 Persistence-M | Bus-Id          Disp.A | Volatile Uncorr. ECC |
| Fan  Temp   Perf          Pwr:Usage/Cap |           Memory-Usage | GPU-Util  Compute M. |
|                                         |                        |               MIG M. |
|=========================================+========================+======================|
|   0  NVIDIA H100 PCIe               Off |   00000000:17:00.0 Off |                    0 |
| N/A   29C    P0             48W /  310W |       0MiB /  81559MiB |      0%      Default |
|                                         |                        |             Disabled |
+-----------------------------------------+------------------------+----------------------+

+-----------------------------------------------------------------------------------------+
| Processes:                                                                              |
|  GPU   GI   CI              PID   Type   Process name                        GPU Memory |
|        ID   ID                                                               Usage      |
|=========================================================================================|
|  No running processes found                                                             |
+-----------------------------------------------------------------------------------------+
[env] kind=pursuit name=pursuit n_agents=5 obs_dim=5 action_dim=5 state_dim=13 num_envs=32
[train] Starting: total_iters=625 T=100 B=32 device=cuda:0 seed=2 render=off
iter=   0 step=   3200 ep_ret=-338.423 opt_ret=-338.423 step_rew=-3.3842 opt_step=-3.3842 gap0=338.423 dret=+0.000 eval_ret=-319.498 pursuer_target_distance=2.827 capture=0.000 score=0.000 pol=-0.0019 val=0.6602 ent=1.6069 tot=+0.3121 agnorm=0.049 cgnorm=0.265 kl=0.0027 clipf=0.014 ev=-0.449 r0=1.0000 entcoef=1.00e-02 lr=7.0e-04 seed=2
iter=   1 step=   6400 ep_ret=-311.380 opt_ret=-311.380 step_rew=-3.1138 opt_step=-3.1138 gap0=311.380 dret=+27.043 eval_ret=n/a pursuer_target_distance=2.325 capture=0.000 score=0.000 pol=-0.0015 val=0.3954 ent=1.6018 tot=+0.1802 agnorm=0.045 cgnorm=0.275 kl=0.0019 clipf=0.009 ev=+0.240 r0=1.0000 entcoef=9.99e-03 lr=7.0e-04 seed=2
iter=   2 step=   9600 ep_ret=-319.824 opt_ret=-319.824 step_rew=-3.1982 opt_step=-3.1982 gap0=319.824 dret=+18.599 eval_ret=n/a pursuer_target_distance=2.379 capture=0.000 score=0.000 pol=-0.0016 val=0.4068 ent=1.5972 tot=+0.1859 agnorm=0.049 cgnorm=0.272 kl=0.0022 clipf=0.007 ev=+0.316 r0=1.0000 entcoef=9.97e-03 lr=7.0e-04 seed=2
iter=   3 step=  12800 ep_ret=-324.752 opt_ret=-324.752 step_rew=-3.2475 opt_step=-3.2475 gap0=324.752 dret=+13.671 eval_ret=n/a pursuer_target_distance=2.423 capture=0.000 score=0.000 pol=-0.0019 val=0.4378 ent=1.5883 tot=+0.2012 agnorm=0.060 cgnorm=0.319 kl=0.0028 clipf=0.019 ev=+0.328 r0=1.0000 entcoef=9.96e-03 lr=7.0e-04 seed=2
iter=   4 step=  16000 ep_ret=-322.197 opt_ret=-322.197 step_rew=-3.2220 opt_step=-3.2220 gap0=322.197 dret=+16.226 eval_ret=n/a pursuer_target_distance=2.407 capture=0.000 score=0.000 pol=-0.0008 val=0.3428 ent=1.5822 tot=+0.1548 agnorm=0.035 cgnorm=0.265 kl=0.0011 clipf=0.001 ev=+0.378 r0=1.0000 entcoef=9.94e-03 lr=7.0e-04 seed=2
iter=   5 step=  19200 ep_ret=-343.021 opt_ret=-343.021 step_rew=-3.4302 opt_step=-3.4302 gap0=343.021 dret=-4.598 eval_ret=n/a pursuer_target_distance=2.941 capture=0.000 score=0.000 pol=-0.0021 val=0.3919 ent=1.5781 tot=+0.1782 agnorm=0.049 cgnorm=0.312 kl=0.0022 clipf=0.016 ev=+0.307 r0=1.0000 entcoef=9.93e-03 lr=6.9e-04 seed=2
iter=   6 step=  22400 ep_ret=-342.551 opt_ret=-342.551 step_rew=-3.4255 opt_step=-3.4255 gap0=342.551 dret=-4.128 eval_ret=n/a pursuer_target_distance=2.680 capture=0.000 score=0.000 pol=-0.0021 val=0.2971 ent=1.5584 tot=+0.1309 agnorm=0.057 cgnorm=0.287 kl=0.0028 clipf=0.024 ev=+0.594 r0=1.0000 entcoef=9.91e-03 lr=6.9e-04 seed=2
iter=   7 step=  25600 ep_ret=-343.933 opt_ret=-343.933 step_rew=-3.4393 opt_step=-3.4393 gap0=343.933 dret=-5.510 eval_ret=n/a pursuer_target_distance=2.801 capture=0.000 score=0.000 pol=-0.0027 val=0.2766 ent=1.5174 tot=+0.1206 agnorm=0.047 cgnorm=0.274 kl=0.0034 clipf=0.027 ev=+0.523 r0=1.0000 entcoef=9.90e-03 lr=6.9e-04 seed=2
iter=   8 step=  28800 ep_ret=-312.009 opt_ret=-312.009 step_rew=-3.1201 opt_step=-3.1201 gap0=312.009 dret=+26.414 eval_ret=n/a pursuer_target_distance=2.351 capture=0.000 score=0.000 pol=-0.0017 val=0.2990 ent=1.4924 tot=+0.1330 agnorm=0.047 cgnorm=0.271 kl=0.0024 clipf=0.018 ev=-0.026 r0=1.0000 entcoef=9.88e-03 lr=6.9e-04 seed=2
iter=   9 step=  32000 ep_ret=-313.206 opt_ret=-313.206 step_rew=-3.1321 opt_step=-3.1321 gap0=313.206 dret=+25.217 eval_ret=n/a pursuer_target_distance=2.333 capture=0.000 score=0.000 pol=-0.0027 val=0.2580 ent=1.5015 tot=+0.1115 agnorm=0.063 cgnorm=0.252 kl=0.0029 clipf=0.032 ev=+0.299 r0=1.0000 entcoef=9.87e-03 lr=6.9e-04 seed=2
iter=  10 step=  35200 ep_ret=-347.607 opt_ret=-347.607 step_rew=-3.4761 opt_step=-3.4761 gap0=347.607 dret=-9.184 eval_ret=n/a pursuer_target_distance=2.763 capture=0.000 score=0.000 pol=-0.0019 val=0.3162 ent=1.5156 tot=+0.1412 agnorm=0.067 cgnorm=0.326 kl=0.0035 clipf=0.034 ev=+0.339 r0=1.0000 entcoef=9.86e-03 lr=6.9e-04 seed=2
iter=  11 step=  38400 ep_ret=-341.273 opt_ret=-341.273 step_rew=-3.4127 opt_step=-3.4127 gap0=341.273 dret=-2.850 eval_ret=n/a pursuer_target_distance=2.729 capture=0.000 score=0.000 pol=-0.0023 val=0.3207 ent=1.5031 tot=+0.1433 agnorm=0.050 cgnorm=0.306 kl=0.0028 clipf=0.023 ev=+0.326 r0=1.0000 entcoef=9.84e-03 lr=6.9e-04 seed=2
iter=  12 step=  41600 ep_ret=-434.473 opt_ret=-434.473 step_rew=-4.3447 opt_step=-4.3447 gap0=434.473 dret=-96.050 eval_ret=n/a pursuer_target_distance=3.570 capture=0.000 score=0.000 pol=-0.0023 val=0.4392 ent=1.4988 tot=+0.2026 agnorm=0.053 cgnorm=0.367 kl=0.0026 clipf=0.017 ev=+0.250 r0=1.0000 entcoef=9.83e-03 lr=6.9e-04 seed=2
iter=  13 step=  44800 ep_ret=-327.487 opt_ret=-327.487 step_rew=-3.2749 opt_step=-3.2749 gap0=327.487 dret=+10.936 eval_ret=n/a pursuer_target_distance=2.598 capture=0.000 score=0.000 pol=-0.0029 val=0.1595 ent=1.4900 tot=+0.0622 agnorm=0.056 cgnorm=0.221 kl=0.0040 clipf=0.041 ev=+0.620 r0=1.0000 entcoef=9.81e-03 lr=6.9e-04 seed=2
iter=  14 step=  48000 ep_ret=-389.019 opt_ret=-389.019 step_rew=-3.8902 opt_step=-3.8902 gap0=389.019 dret=-50.596 eval_ret=n/a pursuer_target_distance=3.052 capture=0.000 score=0.000 pol=-0.0028 val=0.2396 ent=1.4828 tot=+0.1025 agnorm=0.061 cgnorm=0.278 kl=0.0031 clipf=0.028 ev=+0.205 r0=1.0000 entcoef=9.80e-03 lr=6.8e-04 seed=2
iter=  15 step=  51200 ep_ret=-323.712 opt_ret=-323.712 step_rew=-3.2371 opt_step=-3.2371 gap0=323.712 dret=+14.711 eval_ret=n/a pursuer_target_distance=2.520 capture=0.000 score=0.000 pol=-0.0026 val=0.0997 ent=1.5000 tot=+0.0325 agnorm=0.058 cgnorm=0.208 kl=0.0025 clipf=0.020 ev=+0.542 r0=1.0000 entcoef=9.78e-03 lr=6.8e-04 seed=2
iter=  16 step=  54400 ep_ret=-353.552 opt_ret=-353.552 step_rew=-3.5355 opt_step=-3.5355 gap0=353.552 dret=-15.129 eval_ret=n/a pursuer_target_distance=2.765 capture=0.000 score=0.000 pol=-0.0025 val=0.1717 ent=1.5190 tot=+0.0686 agnorm=0.055 cgnorm=0.258 kl=0.0020 clipf=0.017 ev=+0.501 r0=1.0000 entcoef=9.77e-03 lr=6.8e-04 seed=2
iter=  17 step=  57600 ep_ret=-306.513 opt_ret=-306.513 step_rew=-3.0651 opt_step=-3.0651 gap0=306.513 dret=+31.910 eval_ret=n/a pursuer_target_distance=2.542 capture=0.003 score=0.001 pol=-0.0018 val=0.0689 ent=1.4967 tot=+0.0180 agnorm=0.048 cgnorm=0.168 kl=0.0012 clipf=0.006 ev=+0.755 r0=1.0000 entcoef=9.75e-03 lr=6.8e-04 seed=2
iter=  18 step=  60800 ep_ret=-334.925 opt_ret=-334.925 step_rew=-3.3493 opt_step=-3.3493 gap0=334.925 dret=+3.498 eval_ret=n/a pursuer_target_distance=2.550 capture=0.000 score=0.000 pol=-0.0026 val=0.0626 ent=1.5312 tot=+0.0138 agnorm=0.062 cgnorm=0.183 kl=0.0031 clipf=0.024 ev=+0.789 r0=1.0000 entcoef=9.74e-03 lr=6.8e-04 seed=2
iter=  19 step=  64000 ep_ret=-330.750 opt_ret=-330.750 step_rew=-3.3075 opt_step=-3.3075 gap0=330.750 dret=+7.673 eval_ret=n/a pursuer_target_distance=2.626 capture=0.001 score=0.000 pol=-0.0020 val=0.0770 ent=1.5195 tot=+0.0217 agnorm=0.053 cgnorm=0.205 kl=0.0030 clipf=0.029 ev=+0.668 r0=1.0000 entcoef=9.73e-03 lr=6.8e-04 seed=2
iter=  20 step=  67200 ep_ret=-355.765 opt_ret=-355.765 step_rew=-3.5577 opt_step=-3.5577 gap0=355.765 dret=-17.342 eval_ret=-201.424 pursuer_target_distance=2.760 capture=0.000 score=0.000 pol=-0.0025 val=0.0903 ent=1.5269 tot=+0.0278 agnorm=0.062 cgnorm=0.219 kl=0.0033 clipf=0.027 ev=+0.440 r0=1.0000 entcoef=9.71e-03 lr=6.8e-04 seed=2
iter=  21 step=  70400 ep_ret=-320.552 opt_ret=-320.552 step_rew=-3.2055 opt_step=-3.2055 gap0=320.552 dret=+17.871 eval_ret=n/a pursuer_target_distance=2.562 capture=0.000 score=0.000 pol=-0.0017 val=0.0540 ent=1.5187 tot=+0.0106 agnorm=0.062 cgnorm=0.182 kl=0.0023 clipf=0.021 ev=+0.697 r0=1.0000 entcoef=9.70e-03 lr=6.8e-04 seed=2
iter=  22 step=  73600 ep_ret=-332.866 opt_ret=-332.866 step_rew=-3.3287 opt_step=-3.3287 gap0=332.866 dret=+5.557 eval_ret=n/a pursuer_target_distance=2.641 capture=0.000 score=0.000 pol=-0.0021 val=0.0579 ent=1.5215 tot=+0.0121 agnorm=0.048 cgnorm=0.172 kl=0.0018 clipf=0.013 ev=+0.252 r0=1.0000 entcoef=9.68e-03 lr=6.8e-04 seed=2
iter=  23 step=  76800 ep_ret=-311.856 opt_ret=-311.856 step_rew=-3.1186 opt_step=-3.1186 gap0=311.856 dret=+26.567 eval_ret=n/a pursuer_target_distance=2.462 capture=0.000 score=0.000 pol=-0.0020 val=0.0422 ent=1.5056 tot=+0.0046 agnorm=0.053 cgnorm=0.145 kl=0.0025 clipf=0.019 ev=+0.696 r0=1.0000 entcoef=9.67e-03 lr=6.7e-04 seed=2
iter=  24 step=  80000 ep_ret=-330.654 opt_ret=-330.654 step_rew=-3.3065 opt_step=-3.3065 gap0=330.654 dret=+7.769 eval_ret=n/a pursuer_target_distance=2.533 capture=0.006 score=0.002 pol=-0.0016 val=0.0492 ent=1.5057 tot=+0.0085 agnorm=0.050 cgnorm=0.158 kl=0.0017 clipf=0.014 ev=+0.673 r0=1.0000 entcoef=9.65e-03 lr=6.7e-04 seed=2
iter=  25 step=  83200 ep_ret=-316.855 opt_ret=-316.855 step_rew=-3.1685 opt_step=-3.1685 gap0=316.855 dret=+21.568 eval_ret=n/a pursuer_target_distance=2.311 capture=0.000 score=0.000 pol=-0.0034 val=0.0287 ent=1.4899 tot=-0.0034 agnorm=0.087 cgnorm=0.122 kl=0.0039 clipf=0.037 ev=+0.780 r0=1.0000 entcoef=9.64e-03 lr=6.7e-04 seed=2
iter=  26 step=  86400 ep_ret=-347.236 opt_ret=-347.236 step_rew=-3.4724 opt_step=-3.4724 gap0=347.236 dret=-8.813 eval_ret=n/a pursuer_target_distance=2.681 capture=0.000 score=0.000 pol=-0.0028 val=0.0342 ent=1.4823 tot=+0.0000 agnorm=0.075 cgnorm=0.133 kl=0.0037 clipf=0.033 ev=+0.694 r0=1.0000 entcoef=9.62e-03 lr=6.7e-04 seed=2
iter=  27 step=  89600 ep_ret=-289.329 opt_ret=-289.329 step_rew=-2.8933 opt_step=-2.8933 gap0=289.329 dret=+49.094 eval_ret=n/a pursuer_target_distance=1.989 capture=0.000 score=0.000 pol=-0.0023 val=0.0182 ent=1.4783 tot=-0.0074 agnorm=0.059 cgnorm=0.121 kl=0.0028 clipf=0.026 ev=+0.767 r0=1.0000 entcoef=9.61e-03 lr=6.7e-04 seed=2
iter=  28 step=  92800 ep_ret=-365.018 opt_ret=-365.018 step_rew=-3.6502 opt_step=-3.6502 gap0=365.018 dret=-26.595 eval_ret=n/a pursuer_target_distance=3.070 capture=0.001 score=0.000 pol=-0.0021 val=0.0345 ent=1.4646 tot=+0.0010 agnorm=0.059 cgnorm=0.150 kl=0.0031 clipf=0.024 ev=+0.693 r0=1.0000 entcoef=9.60e-03 lr=6.7e-04 seed=2
iter=  29 step=  96000 ep_ret=-351.167 opt_ret=-351.167 step_rew=-3.5117 opt_step=-3.5117 gap0=351.167 dret=-12.745 eval_ret=n/a pursuer_target_distance=2.673 capture=0.000 score=0.000 pol=-0.0031 val=0.0277 ent=1.4699 tot=-0.0033 agnorm=0.069 cgnorm=0.122 kl=0.0044 clipf=0.050 ev=+0.700 r0=1.0000 entcoef=9.58e-03 lr=6.7e-04 seed=2
iter=  30 step=  99200 ep_ret=-347.245 opt_ret=-347.245 step_rew=-3.4724 opt_step=-3.4724 gap0=347.245 dret=-8.822 eval_ret=n/a pursuer_target_distance=2.557 capture=0.000 score=0.000 pol=-0.0026 val=0.0243 ent=1.4704 tot=-0.0045 agnorm=0.056 cgnorm=0.127 kl=0.0026 clipf=0.022 ev=+0.782 r0=1.0000 entcoef=9.57e-03 lr=6.7e-04 seed=2
iter=  31 step= 102400 ep_ret=-332.066 opt_ret=-332.066 step_rew=-3.3207 opt_step=-3.3207 gap0=332.066 dret=+6.357 eval_ret=n/a pursuer_target_distance=2.489 capture=0.000 score=0.000 pol=-0.0018 val=0.0381 ent=1.4787 tot=+0.0032 agnorm=0.055 cgnorm=0.147 kl=0.0026 clipf=0.020 ev=+0.663 r0=1.0000 entcoef=9.55e-03 lr=6.7e-04 seed=2
iter=  32 step= 105600 ep_ret=-349.322 opt_ret=-349.322 step_rew=-3.4932 opt_step=-3.4932 gap0=349.322 dret=-10.899 eval_ret=n/a pursuer_target_distance=2.718 capture=0.000 score=0.000 pol=-0.0023 val=0.0284 ent=1.4746 tot=-0.0022 agnorm=0.054 cgnorm=0.129 kl=0.0031 clipf=0.024 ev=+0.645 r0=1.0000 entcoef=9.54e-03 lr=6.6e-04 seed=2
iter=  33 step= 108800 ep_ret=-299.837 opt_ret=-299.837 step_rew=-2.9984 opt_step=-2.9984 gap0=299.837 dret=+38.586 eval_ret=n/a pursuer_target_distance=2.207 capture=0.003 score=0.001 pol=-0.0022 val=0.0216 ent=1.4766 tot=-0.0055 agnorm=0.052 cgnorm=0.104 kl=0.0024 clipf=0.023 ev=+0.827 r0=1.0000 entcoef=9.52e-03 lr=6.6e-04 seed=2
iter=  34 step= 112000 ep_ret=-335.129 opt_ret=-335.129 step_rew=-3.3513 opt_step=-3.3513 gap0=335.129 dret=+3.294 eval_ret=n/a pursuer_target_distance=2.433 capture=0.000 score=0.000 pol=-0.0020 val=0.0164 ent=1.4682 tot=-0.0077 agnorm=0.048 cgnorm=0.076 kl=0.0020 clipf=0.012 ev=+0.822 r0=1.0000 entcoef=9.51e-03 lr=6.6e-04 seed=2
iter=  35 step= 115200 ep_ret=-337.038 opt_ret=-337.038 step_rew=-3.3704 opt_step=-3.3704 gap0=337.038 dret=+1.385 eval_ret=n/a pursuer_target_distance=2.438 capture=0.000 score=0.000 pol=-0.0026 val=0.0154 ent=1.4768 tot=-0.0089 agnorm=0.047 cgnorm=0.088 kl=0.0029 clipf=0.024 ev=+0.796 r0=1.0000 entcoef=9.50e-03 lr=6.6e-04 seed=2
iter=  36 step= 118400 ep_ret=-320.077 opt_ret=-320.077 step_rew=-3.2008 opt_step=-3.2008 gap0=320.077 dret=+18.345 eval_ret=n/a pursuer_target_distance=2.403 capture=0.000 score=0.000 pol=-0.0034 val=0.0232 ent=1.4535 tot=-0.0056 agnorm=0.067 cgnorm=0.122 kl=0.0039 clipf=0.043 ev=+0.808 r0=1.0000 entcoef=9.48e-03 lr=6.6e-04 seed=2
iter=  37 step= 121600 ep_ret=-293.449 opt_ret=-293.449 step_rew=-2.9345 opt_step=-2.9345 gap0=293.449 dret=+44.974 eval_ret=n/a pursuer_target_distance=2.152 capture=0.011 score=0.004 pol=-0.0020 val=0.0367 ent=1.4625 tot=+0.0025 agnorm=0.049 cgnorm=0.122 kl=0.0024 clipf=0.018 ev=+0.646 r0=1.0000 entcoef=9.47e-03 lr=6.6e-04 seed=2
iter=  38 step= 124800 ep_ret=-286.924 opt_ret=-286.924 step_rew=-2.8692 opt_step=-2.8692 gap0=286.924 dret=+51.499 eval_ret=n/a pursuer_target_distance=2.107 capture=0.003 score=0.001 pol=-0.0027 val=0.0195 ent=1.4583 tot=-0.0067 agnorm=0.068 cgnorm=0.100 kl=0.0032 clipf=0.029 ev=+0.784 r0=1.0000 entcoef=9.45e-03 lr=6.6e-04 seed=2
iter=  39 step= 128000 ep_ret=-349.583 opt_ret=-349.583 step_rew=-3.4958 opt_step=-3.4958 gap0=349.583 dret=-11.160 eval_ret=n/a pursuer_target_distance=2.506 capture=0.001 score=0.000 pol=-0.0016 val=0.0222 ent=1.4652 tot=-0.0043 agnorm=0.053 cgnorm=0.101 kl=0.0024 clipf=0.019 ev=+0.710 r0=1.0000 entcoef=9.44e-03 lr=6.6e-04 seed=2
iter=  40 step= 131200 ep_ret=-308.933 opt_ret=-308.933 step_rew=-3.0893 opt_step=-3.0893 gap0=308.933 dret=+29.490 eval_ret=-105.629 pursuer_target_distance=2.279 capture=0.000 score=0.000 pol=-0.0029 val=0.0169 ent=1.4706 tot=-0.0083 agnorm=0.048 cgnorm=0.097 kl=0.0024 clipf=0.022 ev=+0.809 r0=1.0000 entcoef=9.42e-03 lr=6.6e-04 seed=2
iter=  41 step= 134400 ep_ret=-307.367 opt_ret=-307.367 step_rew=-3.0737 opt_step=-3.0737 gap0=307.367 dret=+31.056 eval_ret=n/a pursuer_target_distance=2.242 capture=0.000 score=0.000 pol=-0.0018 val=0.0166 ent=1.4631 tot=-0.0073 agnorm=0.048 cgnorm=0.099 kl=0.0020 clipf=0.012 ev=+0.811 r0=1.0000 entcoef=9.41e-03 lr=6.5e-04 seed=2
iter=  42 step= 137600 ep_ret=-352.341 opt_ret=-352.341 step_rew=-3.5234 opt_step=-3.5234 gap0=352.341 dret=-13.918 eval_ret=n/a pursuer_target_distance=2.827 capture=0.000 score=0.000 pol=-0.0024 val=0.0141 ent=1.4609 tot=-0.0091 agnorm=0.053 cgnorm=0.091 kl=0.0028 clipf=0.024 ev=+0.808 r0=1.0000 entcoef=9.39e-03 lr=6.5e-04 seed=2
iter=  43 step= 140800 ep_ret=-334.241 opt_ret=-334.241 step_rew=-3.3424 opt_step=-3.3424 gap0=334.241 dret=+4.182 eval_ret=n/a pursuer_target_distance=2.685 capture=0.000 score=0.000 pol=-0.0035 val=0.0129 ent=1.4559 tot=-0.0107 agnorm=0.067 cgnorm=0.077 kl=0.0044 clipf=0.050 ev=+0.824 r0=1.0000 entcoef=9.38e-03 lr=6.5e-04 seed=2
iter=  44 step= 144000 ep_ret=-347.410 opt_ret=-347.410 step_rew=-3.4741 opt_step=-3.4741 gap0=347.410 dret=-8.987 eval_ret=n/a pursuer_target_distance=2.745 capture=0.000 score=0.000 pol=-0.0034 val=0.0191 ent=1.4487 tot=-0.0074 agnorm=0.085 cgnorm=0.109 kl=0.0036 clipf=0.039 ev=+0.823 r0=1.0000 entcoef=9.37e-03 lr=6.5e-04 seed=2
iter=  45 step= 147200 ep_ret=-309.927 opt_ret=-309.927 step_rew=-3.0993 opt_step=-3.0993 gap0=309.927 dret=+28.496 eval_ret=n/a pursuer_target_distance=2.306 capture=0.000 score=0.000 pol=-0.0023 val=0.0146 ent=1.4347 tot=-0.0084 agnorm=0.051 cgnorm=0.079 kl=0.0020 clipf=0.015 ev=+0.822 r0=1.0000 entcoef=9.35e-03 lr=6.5e-04 seed=2
iter=  46 step= 150400 ep_ret=-321.503 opt_ret=-321.503 step_rew=-3.2150 opt_step=-3.2150 gap0=321.503 dret=+16.920 eval_ret=n/a pursuer_target_distance=2.305 capture=0.000 score=0.000 pol=-0.0028 val=0.0192 ent=1.4366 tot=-0.0067 agnorm=0.059 cgnorm=0.098 kl=0.0030 clipf=0.028 ev=+0.624 r0=1.0000 entcoef=9.34e-03 lr=6.5e-04 seed=2
iter=  47 step= 153600 ep_ret=-331.533 opt_ret=-331.533 step_rew=-3.3153 opt_step=-3.3153 gap0=331.533 dret=+6.890 eval_ret=n/a pursuer_target_distance=2.542 capture=0.000 score=0.000 pol=-0.0028 val=0.0155 ent=1.4574 tot=-0.0087 agnorm=0.063 cgnorm=0.085 kl=0.0040 clipf=0.042 ev=+0.765 r0=1.0000 entcoef=9.32e-03 lr=6.5e-04 seed=2
iter=  48 step= 156800 ep_ret=-295.713 opt_ret=-295.713 step_rew=-2.9571 opt_step=-2.9571 gap0=295.713 dret=+42.710 eval_ret=n/a pursuer_target_distance=2.298 capture=0.004 score=0.001 pol=-0.0021 val=0.0199 ent=1.4187 tot=-0.0054 agnorm=0.054 cgnorm=0.084 kl=0.0027 clipf=0.026 ev=+0.857 r0=1.0000 entcoef=9.31e-03 lr=6.5e-04 seed=2
iter=  49 step= 160000 ep_ret=-345.777 opt_ret=-345.777 step_rew=-3.4578 opt_step=-3.4578 gap0=345.777 dret=-7.354 eval_ret=n/a pursuer_target_distance=2.706 capture=0.000 score=0.000 pol=-0.0024 val=0.0124 ent=1.4399 tot=-0.0095 agnorm=0.054 cgnorm=0.058 kl=0.0029 clipf=0.024 ev=+0.822 r0=1.0000 entcoef=9.29e-03 lr=6.5e-04 seed=2
iter=  50 step= 163200 ep_ret=-315.437 opt_ret=-315.437 step_rew=-3.1544 opt_step=-3.1544 gap0=315.437 dret=+22.986 eval_ret=n/a pursuer_target_distance=2.277 capture=0.000 score=0.000 pol=-0.0031 val=0.0184 ent=1.4565 tot=-0.0074 agnorm=0.074 cgnorm=0.089 kl=0.0039 clipf=0.038 ev=+0.793 r0=1.0000 entcoef=9.28e-03 lr=6.4e-04 seed=2
iter=  51 step= 166400 ep_ret=-322.268 opt_ret=-322.268 step_rew=-3.2227 opt_step=-3.2227 gap0=322.268 dret=+16.154 eval_ret=n/a pursuer_target_distance=2.364 capture=0.000 score=0.000 pol=-0.0029 val=0.0136 ent=1.4514 tot=-0.0096 agnorm=0.062 cgnorm=0.069 kl=0.0032 clipf=0.030 ev=+0.823 r0=1.0000 entcoef=9.26e-03 lr=6.4e-04 seed=2
iter=  52 step= 169600 ep_ret=-309.892 opt_ret=-309.892 step_rew=-3.0989 opt_step=-3.0989 gap0=309.892 dret=+28.531 eval_ret=n/a pursuer_target_distance=2.436 capture=0.000 score=0.000 pol=-0.0027 val=0.0144 ent=1.4474 tot=-0.0088 agnorm=0.059 cgnorm=0.088 kl=0.0029 clipf=0.028 ev=+0.693 r0=1.0000 entcoef=9.25e-03 lr=6.4e-04 seed=2
iter=  53 step= 172800 ep_ret=-303.543 opt_ret=-303.543 step_rew=-3.0354 opt_step=-3.0354 gap0=303.543 dret=+34.880 eval_ret=n/a pursuer_target_distance=2.181 capture=0.003 score=0.001 pol=-0.0025 val=0.0186 ent=1.4391 tot=-0.0065 agnorm=0.066 cgnorm=0.075 kl=0.0035 clipf=0.033 ev=+0.784 r0=1.0000 entcoef=9.24e-03 lr=6.4e-04 seed=2
iter=  54 step= 176000 ep_ret=-353.784 opt_ret=-353.784 step_rew=-3.5378 opt_step=-3.5378 gap0=353.784 dret=-15.361 eval_ret=n/a pursuer_target_distance=2.689 capture=0.000 score=0.000 pol=-0.0023 val=0.0181 ent=1.4215 tot=-0.0064 agnorm=0.063 cgnorm=0.082 kl=0.0028 clipf=0.023 ev=+0.739 r0=1.0000 entcoef=9.22e-03 lr=6.4e-04 seed=2
iter=  55 step= 179200 ep_ret=-334.122 opt_ret=-334.122 step_rew=-3.3412 opt_step=-3.3412 gap0=334.122 dret=+4.301 eval_ret=n/a pursuer_target_distance=2.602 capture=0.000 score=0.000 pol=-0.0024 val=0.0202 ent=1.4306 tot=-0.0055 agnorm=0.055 cgnorm=0.095 kl=0.0026 clipf=0.028 ev=+0.649 r0=1.0000 entcoef=9.21e-03 lr=6.4e-04 seed=2
iter=  56 step= 182400 ep_ret=-292.389 opt_ret=-292.389 step_rew=-2.9239 opt_step=-2.9239 gap0=292.389 dret=+46.034 eval_ret=n/a pursuer_target_distance=2.008 capture=0.000 score=0.000 pol=-0.0022 val=0.0165 ent=1.4278 tot=-0.0070 agnorm=0.044 cgnorm=0.093 kl=0.0028 clipf=0.027 ev=+0.774 r0=1.0000 entcoef=9.19e-03 lr=6.4e-04 seed=2
iter=  57 step= 185600 ep_ret=-313.958 opt_ret=-313.958 step_rew=-3.1396 opt_step=-3.1396 gap0=313.958 dret=+24.465 eval_ret=n/a pursuer_target_distance=2.286 capture=0.003 score=0.001 pol=-0.0030 val=0.0245 ent=1.4361 tot=-0.0039 agnorm=0.071 cgnorm=0.080 kl=0.0033 clipf=0.029 ev=+0.635 r0=1.0000 entcoef=9.18e-03 lr=6.4e-04 seed=2
iter=  58 step= 188800 ep_ret=-336.345 opt_ret=-336.345 step_rew=-3.3635 opt_step=-3.3635 gap0=336.345 dret=+2.078 eval_ret=n/a pursuer_target_distance=2.637 capture=0.000 score=0.000 pol=-0.0022 val=0.0114 ent=1.4299 tot=-0.0096 agnorm=0.050 cgnorm=0.054 kl=0.0018 clipf=0.014 ev=+0.781 r0=1.0000 entcoef=9.16e-03 lr=6.4e-04 seed=2
iter=  59 step= 192000 ep_ret=-346.398 opt_ret=-346.398 step_rew=-3.4640 opt_step=-3.4640 gap0=346.398 dret=-7.976 eval_ret=n/a pursuer_target_distance=2.629 capture=0.000 score=0.000 pol=-0.0024 val=0.0241 ent=1.4279 tot=-0.0034 agnorm=0.059 cgnorm=0.089 kl=0.0030 clipf=0.033 ev=+0.659 r0=1.0000 entcoef=9.15e-03 lr=6.3e-04 seed=2
iter=  60 step= 195200 ep_ret=-354.723 opt_ret=-354.723 step_rew=-3.5472 opt_step=-3.5472 gap0=354.723 dret=-16.301 eval_ret=-259.766 pursuer_target_distance=2.587 capture=0.000 score=0.000 pol=-0.0031 val=0.0165 ent=1.4547 tot=-0.0082 agnorm=0.073 cgnorm=0.083 kl=0.0031 clipf=0.032 ev=+0.785 r0=1.0000 entcoef=9.13e-03 lr=6.3e-04 seed=2
iter=  61 step= 198400 ep_ret=-327.764 opt_ret=-327.764 step_rew=-3.2776 opt_step=-3.2776 gap0=327.764 dret=+10.659 eval_ret=n/a pursuer_target_distance=2.509 capture=0.000 score=0.000 pol=-0.0016 val=0.0230 ent=1.4568 tot=-0.0034 agnorm=0.042 cgnorm=0.102 kl=0.0024 clipf=0.018 ev=+0.704 r0=1.0000 entcoef=9.12e-03 lr=6.3e-04 seed=2
iter=  62 step= 201600 ep_ret=-314.331 opt_ret=-314.331 step_rew=-3.1433 opt_step=-3.1433 gap0=314.331 dret=+24.092 eval_ret=n/a pursuer_target_distance=2.418 capture=0.000 score=0.000 pol=-0.0026 val=0.0142 ent=1.4437 tot=-0.0087 agnorm=0.051 cgnorm=0.079 kl=0.0027 clipf=0.018 ev=+0.718 r0=1.0000 entcoef=9.11e-03 lr=6.3e-04 seed=2
iter=  63 step= 204800 ep_ret=-301.810 opt_ret=-301.810 step_rew=-3.0181 opt_step=-3.0181 gap0=301.810 dret=+36.613 eval_ret=n/a pursuer_target_distance=2.145 capture=0.000 score=0.000 pol=-0.0037 val=0.0144 ent=1.4211 tot=-0.0094 agnorm=0.083 cgnorm=0.079 kl=0.0042 clipf=0.050 ev=+0.782 r0=1.0000 entcoef=9.09e-03 lr=6.3e-04 seed=2
iter=  64 step= 208000 ep_ret=-336.688 opt_ret=-336.688 step_rew=-3.3669 opt_step=-3.3669 gap0=336.688 dret=+1.735 eval_ret=n/a pursuer_target_distance=2.406 capture=0.000 score=0.000 pol=-0.0025 val=0.0171 ent=1.4195 tot=-0.0068 agnorm=0.068 cgnorm=0.088 kl=0.0030 clipf=0.030 ev=+0.687 r0=1.0000 entcoef=9.08e-03 lr=6.3e-04 seed=2
iter=  65 step= 211200 ep_ret=-315.661 opt_ret=-315.661 step_rew=-3.1566 opt_step=-3.1566 gap0=315.661 dret=+22.762 eval_ret=n/a pursuer_target_distance=2.451 capture=0.000 score=0.000 pol=-0.0026 val=0.0246 ent=1.4549 tot=-0.0034 agnorm=0.057 cgnorm=0.091 kl=0.0031 clipf=0.029 ev=+0.632 r0=1.0000 entcoef=9.06e-03 lr=6.3e-04 seed=2
iter=  66 step= 214400 ep_ret=-314.937 opt_ret=-314.937 step_rew=-3.1494 opt_step=-3.1494 gap0=314.937 dret=+23.485 eval_ret=n/a pursuer_target_distance=2.225 capture=0.001 score=0.000 pol=-0.0026 val=0.0201 ent=1.4492 tot=-0.0056 agnorm=0.063 cgnorm=0.078 kl=0.0024 clipf=0.022 ev=+0.810 r0=1.0000 entcoef=9.05e-03 lr=6.3e-04 seed=2
iter=  67 step= 217600 ep_ret=-343.424 opt_ret=-343.424 step_rew=-3.4342 opt_step=-3.4342 gap0=343.424 dret=-5.001 eval_ret=n/a pursuer_target_distance=2.547 capture=0.000 score=0.000 pol=-0.0034 val=0.0129 ent=1.4653 tot=-0.0101 agnorm=0.063 cgnorm=0.056 kl=0.0035 clipf=0.030 ev=+0.842 r0=1.0000 entcoef=9.03e-03 lr=6.3e-04 seed=2
iter=  68 step= 220800 ep_ret=-333.670 opt_ret=-333.670 step_rew=-3.3367 opt_step=-3.3367 gap0=333.670 dret=+4.753 eval_ret=n/a pursuer_target_distance=2.543 capture=0.000 score=0.000 pol=-0.0031 val=0.0129 ent=1.4394 tot=-0.0097 agnorm=0.080 cgnorm=0.053 kl=0.0030 clipf=0.031 ev=+0.848 r0=1.0000 entcoef=9.02e-03 lr=6.2e-04 seed=2
iter=  69 step= 224000 ep_ret=-371.022 opt_ret=-371.022 step_rew=-3.7102 opt_step=-3.7102 gap0=371.022 dret=-32.599 eval_ret=n/a pursuer_target_distance=2.863 capture=0.000 score=0.000 pol=-0.0018 val=0.0160 ent=1.4328 tot=-0.0067 agnorm=0.044 cgnorm=0.065 kl=0.0018 clipf=0.015 ev=+0.828 r0=1.0000 entcoef=9.00e-03 lr=6.2e-04 seed=2
iter=  70 step= 227200 ep_ret=-297.683 opt_ret=-297.683 step_rew=-2.9768 opt_step=-2.9768 gap0=297.683 dret=+40.740 eval_ret=n/a pursuer_target_distance=1.977 capture=0.003 score=0.001 pol=-0.0023 val=0.0178 ent=1.4342 tot=-0.0063 agnorm=0.051 cgnorm=0.055 kl=0.0021 clipf=0.019 ev=+0.801 r0=1.0000 entcoef=8.99e-03 lr=6.2e-04 seed=2
iter=  71 step= 230400 ep_ret=-320.825 opt_ret=-320.825 step_rew=-3.2083 opt_step=-3.2083 gap0=320.825 dret=+17.598 eval_ret=n/a pursuer_target_distance=2.477 capture=0.000 score=0.000 pol=-0.0036 val=0.0178 ent=1.3935 tot=-0.0072 agnorm=0.075 cgnorm=0.069 kl=0.0041 clipf=0.043 ev=+0.755 r0=1.0000 entcoef=8.98e-03 lr=6.2e-04 seed=2
iter=  72 step= 233600 ep_ret=-333.648 opt_ret=-333.648 step_rew=-3.3365 opt_step=-3.3365 gap0=333.648 dret=+4.775 eval_ret=n/a pursuer_target_distance=2.553 capture=0.000 score=0.000 pol=-0.0026 val=0.0210 ent=1.3989 tot=-0.0046 agnorm=0.063 cgnorm=0.068 kl=0.0031 clipf=0.031 ev=+0.758 r0=1.0000 entcoef=8.96e-03 lr=6.2e-04 seed=2
iter=  73 step= 236800 ep_ret=-339.735 opt_ret=-339.735 step_rew=-3.3973 opt_step=-3.3973 gap0=339.735 dret=-1.312 eval_ret=n/a pursuer_target_distance=2.505 capture=0.000 score=0.000 pol=-0.0022 val=0.0176 ent=1.3686 tot=-0.0056 agnorm=0.054 cgnorm=0.078 kl=0.0021 clipf=0.021 ev=+0.770 r0=1.0000 entcoef=8.95e-03 lr=6.2e-04 seed=2
iter=  74 step= 240000 ep_ret=-356.252 opt_ret=-356.252 step_rew=-3.5625 opt_step=-3.5625 gap0=356.252 dret=-17.829 eval_ret=n/a pursuer_target_distance=2.805 capture=0.000 score=0.000 pol=-0.0026 val=0.0247 ent=1.3730 tot=-0.0025 agnorm=0.064 cgnorm=0.088 kl=0.0030 clipf=0.034 ev=+0.728 r0=1.0000 entcoef=8.93e-03 lr=6.2e-04 seed=2
iter=  75 step= 243200 ep_ret=-366.528 opt_ret=-366.528 step_rew=-3.6653 opt_step=-3.6653 gap0=366.528 dret=-28.105 eval_ret=n/a pursuer_target_distance=2.698 capture=0.000 score=0.000 pol=-0.0026 val=0.0216 ent=1.4032 tot=-0.0043 agnorm=0.070 cgnorm=0.076 kl=0.0028 clipf=0.029 ev=+0.719 r0=1.0000 entcoef=8.92e-03 lr=6.2e-04 seed=2
iter=  76 step= 246400 ep_ret=-318.387 opt_ret=-318.387 step_rew=-3.1839 opt_step=-3.1839 gap0=318.387 dret=+20.036 eval_ret=n/a pursuer_target_distance=2.453 capture=0.000 score=0.000 pol=-0.0020 val=0.0216 ent=1.4010 tot=-0.0037 agnorm=0.056 cgnorm=0.092 kl=0.0025 clipf=0.019 ev=+0.760 r0=1.0000 entcoef=8.90e-03 lr=6.2e-04 seed=2
iter=  77 step= 249600 ep_ret=-298.009 opt_ret=-298.009 step_rew=-2.9801 opt_step=-2.9801 gap0=298.009 dret=+40.414 eval_ret=n/a pursuer_target_distance=2.402 capture=0.000 score=0.000 pol=-0.0026 val=0.0194 ent=1.3990 tot=-0.0053 agnorm=0.055 cgnorm=0.064 kl=0.0025 clipf=0.020 ev=+0.833 r0=1.0000 entcoef=8.89e-03 lr=6.1e-04 seed=2
iter=  78 step= 252800 ep_ret=-318.990 opt_ret=-318.990 step_rew=-3.1899 opt_step=-3.1899 gap0=318.990 dret=+19.433 eval_ret=n/a pursuer_target_distance=2.373 capture=0.000 score=0.000 pol=-0.0023 val=0.0154 ent=1.4143 tot=-0.0072 agnorm=0.057 cgnorm=0.060 kl=0.0027 clipf=0.024 ev=+0.719 r0=1.0000 entcoef=8.88e-03 lr=6.1e-04 seed=2
iter=  79 step= 256000 ep_ret=-332.558 opt_ret=-332.558 step_rew=-3.3256 opt_step=-3.3256 gap0=332.558 dret=+5.865 eval_ret=n/a pursuer_target_distance=2.355 capture=0.001 score=0.000 pol=-0.0026 val=0.0174 ent=1.3738 tot=-0.0061 agnorm=0.062 cgnorm=0.058 kl=0.0039 clipf=0.037 ev=+0.783 r0=1.0000 entcoef=8.86e-03 lr=6.1e-04 seed=2
iter=  80 step= 259200 ep_ret=-377.834 opt_ret=-377.834 step_rew=-3.7783 opt_step=-3.7783 gap0=377.834 dret=-39.411 eval_ret=-293.965 pursuer_target_distance=2.784 capture=0.000 score=0.000 pol=-0.0032 val=0.0179 ent=1.4039 tot=-0.0067 agnorm=0.067 cgnorm=0.077 kl=0.0034 clipf=0.035 ev=+0.734 r0=1.0000 entcoef=8.85e-03 lr=6.1e-04 seed=2
iter=  81 step= 262400 ep_ret=-325.509 opt_ret=-325.509 step_rew=-3.2551 opt_step=-3.2551 gap0=325.509 dret=+12.914 eval_ret=n/a pursuer_target_distance=2.535 capture=0.000 score=0.000 pol=-0.0025 val=0.0188 ent=1.3630 tot=-0.0051 agnorm=0.063 cgnorm=0.063 kl=0.0023 clipf=0.022 ev=+0.762 r0=1.0000 entcoef=8.83e-03 lr=6.1e-04 seed=2
iter=  82 step= 265600 ep_ret=-320.527 opt_ret=-320.527 step_rew=-3.2053 opt_step=-3.2053 gap0=320.527 dret=+17.896 eval_ret=n/a pursuer_target_distance=2.366 capture=0.000 score=0.000 pol=-0.0025 val=0.0177 ent=1.3635 tot=-0.0057 agnorm=0.061 cgnorm=0.064 kl=0.0023 clipf=0.019 ev=+0.698 r0=1.0000 entcoef=8.82e-03 lr=6.1e-04 seed=2
iter=  83 step= 268800 ep_ret=-319.485 opt_ret=-319.485 step_rew=-3.1949 opt_step=-3.1949 gap0=319.485 dret=+18.938 eval_ret=n/a pursuer_target_distance=2.298 capture=0.000 score=0.000 pol=-0.0023 val=0.0124 ent=1.3598 tot=-0.0081 agnorm=0.072 cgnorm=0.061 kl=0.0024 clipf=0.022 ev=+0.828 r0=1.0000 entcoef=8.80e-03 lr=6.1e-04 seed=2
iter=  84 step= 272000 ep_ret=-376.684 opt_ret=-376.684 step_rew=-3.7668 opt_step=-3.7668 gap0=376.684 dret=-38.261 eval_ret=n/a pursuer_target_distance=2.787 capture=0.000 score=0.000 pol=-0.0027 val=0.0238 ent=1.3948 tot=-0.0030 agnorm=0.060 cgnorm=0.069 kl=0.0025 clipf=0.024 ev=+0.713 r0=1.0000 entcoef=8.79e-03 lr=6.1e-04 seed=2
iter=  85 step= 275200 ep_ret=-350.482 opt_ret=-350.482 step_rew=-3.5048 opt_step=-3.5048 gap0=350.482 dret=-12.059 eval_ret=n/a pursuer_target_distance=2.795 capture=0.000 score=0.000 pol=-0.0023 val=0.0144 ent=1.4037 tot=-0.0074 agnorm=0.066 cgnorm=0.053 kl=0.0025 clipf=0.024 ev=+0.730 r0=1.0000 entcoef=8.77e-03 lr=6.1e-04 seed=2
iter=  86 step= 278400 ep_ret=-380.430 opt_ret=-380.430 step_rew=-3.8043 opt_step=-3.8043 gap0=380.430 dret=-42.007 eval_ret=n/a pursuer_target_distance=3.058 capture=0.000 score=0.000 pol=-0.0024 val=0.0348 ent=1.3888 tot=+0.0028 agnorm=0.050 cgnorm=0.082 kl=0.0026 clipf=0.025 ev=+0.482 r0=1.0000 entcoef=8.76e-03 lr=6.0e-04 seed=2
iter=  87 step= 281600 ep_ret=-287.597 opt_ret=-287.597 step_rew=-2.8760 opt_step=-2.8760 gap0=287.597 dret=+50.825 eval_ret=n/a pursuer_target_distance=2.331 capture=0.001 score=0.000 pol=-0.0030 val=0.0210 ent=1.3606 tot=-0.0044 agnorm=0.063 cgnorm=0.074 kl=0.0033 clipf=0.036 ev=+0.827 r0=1.0000 entcoef=8.75e-03 lr=6.0e-04 seed=2
iter=  88 step= 284800 ep_ret=-355.636 opt_ret=-355.636 step_rew=-3.5564 opt_step=-3.5564 gap0=355.636 dret=-17.213 eval_ret=n/a pursuer_target_distance=2.694 capture=0.000 score=0.000 pol=-0.0028 val=0.0284 ent=1.4054 tot=-0.0009 agnorm=0.059 cgnorm=0.074 kl=0.0033 clipf=0.032 ev=+0.691 r0=1.0000 entcoef=8.73e-03 lr=6.0e-04 seed=2
iter=  89 step= 288000 ep_ret=-341.479 opt_ret=-341.479 step_rew=-3.4148 opt_step=-3.4148 gap0=341.479 dret=-3.056 eval_ret=n/a pursuer_target_distance=2.619 capture=0.000 score=0.000 pol=-0.0027 val=0.0205 ent=1.4129 tot=-0.0048 agnorm=0.079 cgnorm=0.072 kl=0.0031 clipf=0.029 ev=+0.693 r0=1.0000 entcoef=8.72e-03 lr=6.0e-04 seed=2
iter=  90 step= 291200 ep_ret=-308.104 opt_ret=-308.104 step_rew=-3.0810 opt_step=-3.0810 gap0=308.104 dret=+30.319 eval_ret=n/a pursuer_target_distance=2.388 capture=0.000 score=0.000 pol=-0.0025 val=0.0187 ent=1.3891 tot=-0.0053 agnorm=0.071 cgnorm=0.071 kl=0.0029 clipf=0.027 ev=+0.785 r0=1.0000 entcoef=8.70e-03 lr=6.0e-04 seed=2
iter=  91 step= 294400 ep_ret=-329.399 opt_ret=-329.399 step_rew=-3.2940 opt_step=-3.2940 gap0=329.399 dret=+9.024 eval_ret=n/a pursuer_target_distance=2.662 capture=0.000 score=0.000 pol=-0.0024 val=0.0274 ent=1.3799 tot=-0.0006 agnorm=0.058 cgnorm=0.098 kl=0.0028 clipf=0.028 ev=+0.724 r0=1.0000 entcoef=8.69e-03 lr=6.0e-04 seed=2
iter=  92 step= 297600 ep_ret=-311.301 opt_ret=-311.301 step_rew=-3.1130 opt_step=-3.1130 gap0=311.301 dret=+27.122 eval_ret=n/a pursuer_target_distance=2.196 capture=0.000 score=0.000 pol=-0.0030 val=0.0209 ent=1.3915 tot=-0.0046 agnorm=0.058 cgnorm=0.078 kl=0.0022 clipf=0.020 ev=+0.703 r0=1.0000 entcoef=8.67e-03 lr=6.0e-04 seed=2
iter=  93 step= 300800 ep_ret=-321.157 opt_ret=-321.157 step_rew=-3.2116 opt_step=-3.2116 gap0=321.157 dret=+17.265 eval_ret=n/a pursuer_target_distance=2.377 capture=0.000 score=0.000 pol=-0.0026 val=0.0212 ent=1.3781 tot=-0.0040 agnorm=0.067 cgnorm=0.079 kl=0.0027 clipf=0.024 ev=+0.818 r0=1.0000 entcoef=8.66e-03 lr=6.0e-04 seed=2
iter=  94 step= 304000 ep_ret=-328.644 opt_ret=-328.644 step_rew=-3.2864 opt_step=-3.2864 gap0=328.644 dret=+9.779 eval_ret=n/a pursuer_target_distance=2.578 capture=0.000 score=0.000 pol=-0.0026 val=0.0173 ent=1.3527 tot=-0.0057 agnorm=0.053 cgnorm=0.073 kl=0.0028 clipf=0.027 ev=+0.775 r0=1.0000 entcoef=8.64e-03 lr=6.0e-04 seed=2
iter=  95 step= 307200 ep_ret=-345.432 opt_ret=-345.432 step_rew=-3.4543 opt_step=-3.4543 gap0=345.432 dret=-7.009 eval_ret=n/a pursuer_target_distance=2.517 capture=0.000 score=0.000 pol=-0.0030 val=0.0094 ent=1.4089 tot=-0.0105 agnorm=0.065 cgnorm=0.038 kl=0.0028 clipf=0.026 ev=+0.926 r0=1.0000 entcoef=8.63e-03 lr=5.9e-04 seed=2
iter=  96 step= 310400 ep_ret=-315.799 opt_ret=-315.799 step_rew=-3.1580 opt_step=-3.1580 gap0=315.799 dret=+22.624 eval_ret=n/a pursuer_target_distance=2.418 capture=0.000 score=0.000 pol=-0.0035 val=0.0166 ent=1.3775 tot=-0.0071 agnorm=0.073 cgnorm=0.068 kl=0.0042 clipf=0.048 ev=+0.808 r0=1.0000 entcoef=8.62e-03 lr=5.9e-04 seed=2
iter=  97 step= 313600 ep_ret=-351.674 opt_ret=-351.674 step_rew=-3.5167 opt_step=-3.5167 gap0=351.674 dret=-13.252 eval_ret=n/a pursuer_target_distance=2.673 capture=0.000 score=0.000 pol=-0.0035 val=0.0238 ent=1.4212 tot=-0.0038 agnorm=0.079 cgnorm=0.088 kl=0.0037 clipf=0.039 ev=+0.694 r0=1.0000 entcoef=8.60e-03 lr=5.9e-04 seed=2
iter=  98 step= 316800 ep_ret=-318.133 opt_ret=-318.133 step_rew=-3.1813 opt_step=-3.1813 gap0=318.133 dret=+20.290 eval_ret=n/a pursuer_target_distance=2.413 capture=0.005 score=0.001 pol=-0.0033 val=0.0233 ent=1.4274 tot=-0.0040 agnorm=0.072 cgnorm=0.085 kl=0.0033 clipf=0.033 ev=+0.752 r0=1.0000 entcoef=8.59e-03 lr=5.9e-04 seed=2
iter=  99 step= 320000 ep_ret=-359.456 opt_ret=-359.456 step_rew=-3.5946 opt_step=-3.5946 gap0=359.456 dret=-21.033 eval_ret=n/a pursuer_target_distance=2.727 capture=0.000 score=0.000 pol=-0.0031 val=0.0195 ent=1.3857 tot=-0.0053 agnorm=0.070 cgnorm=0.078 kl=0.0033 clipf=0.035 ev=+0.713 r0=1.0000 entcoef=8.57e-03 lr=5.9e-04 seed=2
iter= 100 step= 323200 ep_ret=-342.347 opt_ret=-342.347 step_rew=-3.4235 opt_step=-3.4235 gap0=342.347 dret=-3.924 eval_ret=-294.698 pursuer_target_distance=2.614 capture=0.000 score=0.000 pol=-0.0025 val=0.0194 ent=1.4200 tot=-0.0050 agnorm=0.068 cgnorm=0.057 kl=0.0026 clipf=0.024 ev=+0.744 r0=1.0000 entcoef=8.56e-03 lr=5.9e-04 seed=2
iter= 101 step= 326400 ep_ret=-338.134 opt_ret=-338.134 step_rew=-3.3813 opt_step=-3.3813 gap0=338.134 dret=+0.288 eval_ret=n/a pursuer_target_distance=2.618 capture=0.000 score=0.000 pol=-0.0028 val=0.0216 ent=1.4095 tot=-0.0041 agnorm=0.054 cgnorm=0.073 kl=0.0022 clipf=0.022 ev=+0.644 r0=1.0000 entcoef=8.54e-03 lr=5.9e-04 seed=2
iter= 102 step= 329600 ep_ret=-332.668 opt_ret=-332.668 step_rew=-3.3267 opt_step=-3.3267 gap0=332.668 dret=+5.755 eval_ret=n/a pursuer_target_distance=2.632 capture=0.000 score=0.000 pol=-0.0029 val=0.0225 ent=1.4429 tot=-0.0039 agnorm=0.068 cgnorm=0.076 kl=0.0026 clipf=0.024 ev=+0.636 r0=1.0000 entcoef=8.53e-03 lr=5.9e-04 seed=2
iter= 103 step= 332800 ep_ret=-302.722 opt_ret=-302.722 step_rew=-3.0272 opt_step=-3.0272 gap0=302.722 dret=+35.701 eval_ret=n/a pursuer_target_distance=2.347 capture=0.000 score=0.000 pol=-0.0021 val=0.0200 ent=1.4568 tot=-0.0045 agnorm=0.054 cgnorm=0.070 kl=0.0025 clipf=0.022 ev=+0.637 r0=1.0000 entcoef=8.51e-03 lr=5.9e-04 seed=2
iter= 104 step= 336000 ep_ret=-324.543 opt_ret=-324.543 step_rew=-3.2454 opt_step=-3.2454 gap0=324.543 dret=+13.880 eval_ret=n/a pursuer_target_distance=2.513 capture=0.000 score=0.000 pol=-0.0026 val=0.0307 ent=1.4630 tot=+0.0003 agnorm=0.054 cgnorm=0.082 kl=0.0024 clipf=0.020 ev=+0.489 r0=1.0000 entcoef=8.50e-03 lr=5.9e-04 seed=2
iter= 105 step= 339200 ep_ret=-313.547 opt_ret=-313.547 step_rew=-3.1355 opt_step=-3.1355 gap0=313.547 dret=+24.876 eval_ret=n/a pursuer_target_distance=2.232 capture=0.000 score=0.000 pol=-0.0026 val=0.0226 ent=1.4831 tot=-0.0039 agnorm=0.059 cgnorm=0.065 kl=0.0024 clipf=0.020 ev=+0.779 r0=1.0000 entcoef=8.49e-03 lr=5.8e-04 seed=2
iter= 106 step= 342400 ep_ret=-303.236 opt_ret=-303.236 step_rew=-3.0324 opt_step=-3.0324 gap0=303.236 dret=+35.187 eval_ret=n/a pursuer_target_distance=2.280 capture=0.000 score=0.000 pol=-0.0038 val=0.0197 ent=1.4893 tot=-0.0065 agnorm=0.078 cgnorm=0.056 kl=0.0034 clipf=0.029 ev=+0.776 r0=1.0000 entcoef=8.47e-03 lr=5.8e-04 seed=2
iter= 107 step= 345600 ep_ret=-333.651 opt_ret=-333.651 step_rew=-3.3365 opt_step=-3.3365 gap0=333.651 dret=+4.772 eval_ret=n/a pursuer_target_distance=2.553 capture=0.000 score=0.000 pol=-0.0033 val=0.0168 ent=1.4853 tot=-0.0075 agnorm=0.076 cgnorm=0.055 kl=0.0040 clipf=0.045 ev=+0.777 r0=1.0000 entcoef=8.46e-03 lr=5.8e-04 seed=2
iter= 108 step= 348800 ep_ret=-294.227 opt_ret=-294.227 step_rew=-2.9423 opt_step=-2.9423 gap0=294.227 dret=+44.196 eval_ret=n/a pursuer_target_distance=2.216 capture=0.000 score=0.000 pol=-0.0020 val=0.0234 ent=1.4930 tot=-0.0029 agnorm=0.048 cgnorm=0.065 kl=0.0025 clipf=0.018 ev=+0.608 r0=1.0000 entcoef=8.44e-03 lr=5.8e-04 seed=2
iter= 109 step= 352000 ep_ret=-344.799 opt_ret=-344.799 step_rew=-3.4480 opt_step=-3.4480 gap0=344.799 dret=-6.376 eval_ret=n/a pursuer_target_distance=2.532 capture=0.000 score=0.000 pol=-0.0037 val=0.0232 ent=1.4825 tot=-0.0046 agnorm=0.078 cgnorm=0.068 kl=0.0029 clipf=0.029 ev=+0.630 r0=1.0000 entcoef=8.43e-03 lr=5.8e-04 seed=2
iter= 110 step= 355200 ep_ret=-311.119 opt_ret=-311.119 step_rew=-3.1112 opt_step=-3.1112 gap0=311.119 dret=+27.304 eval_ret=n/a pursuer_target_distance=2.459 capture=0.000 score=0.000 pol=-0.0023 val=0.0249 ent=1.5028 tot=-0.0025 agnorm=0.068 cgnorm=0.067 kl=0.0030 clipf=0.030 ev=+0.594 r0=1.0000 entcoef=8.41e-03 lr=5.8e-04 seed=2
iter= 111 step= 358400 ep_ret=-312.329 opt_ret=-312.329 step_rew=-3.1233 opt_step=-3.1233 gap0=312.329 dret=+26.094 eval_ret=n/a pursuer_target_distance=2.408 capture=0.000 score=0.000 pol=-0.0025 val=0.0227 ent=1.4648 tot=-0.0035 agnorm=0.059 cgnorm=0.077 kl=0.0026 clipf=0.023 ev=+0.641 r0=1.0000 entcoef=8.40e-03 lr=5.8e-04 seed=2
iter= 112 step= 361600 ep_ret=-305.748 opt_ret=-305.748 step_rew=-3.0575 opt_step=-3.0575 gap0=305.748 dret=+32.675 eval_ret=n/a pursuer_target_distance=2.360 capture=0.000 score=0.000 pol=-0.0024 val=0.0340 ent=1.4969 tot=+0.0021 agnorm=0.056 cgnorm=0.080 kl=0.0026 clipf=0.022 ev=+0.575 r0=1.0000 entcoef=8.38e-03 lr=5.8e-04 seed=2
iter= 113 step= 364800 ep_ret=-346.537 opt_ret=-346.537 step_rew=-3.4654 opt_step=-3.4654 gap0=346.537 dret=-8.114 eval_ret=n/a pursuer_target_distance=2.838 capture=0.000 score=0.000 pol=-0.0033 val=0.0218 ent=1.5210 tot=-0.0051 agnorm=0.076 cgnorm=0.064 kl=0.0032 clipf=0.037 ev=+0.738 r0=1.0000 entcoef=8.37e-03 lr=5.8e-04 seed=2
iter= 114 step= 368000 ep_ret=-291.406 opt_ret=-291.406 step_rew=-2.9141 opt_step=-2.9141 gap0=291.406 dret=+47.017 eval_ret=n/a pursuer_target_distance=2.175 capture=0.000 score=0.000 pol=-0.0028 val=0.0246 ent=1.4964 tot=-0.0030 agnorm=0.069 cgnorm=0.068 kl=0.0032 clipf=0.033 ev=+0.568 r0=1.0000 entcoef=8.36e-03 lr=5.7e-04 seed=2
iter= 115 step= 371200 ep_ret=-346.422 opt_ret=-346.422 step_rew=-3.4642 opt_step=-3.4642 gap0=346.422 dret=-7.999 eval_ret=n/a pursuer_target_distance=2.608 capture=0.000 score=0.000 pol=-0.0030 val=0.0226 ent=1.5104 tot=-0.0043 agnorm=0.063 cgnorm=0.072 kl=0.0029 clipf=0.026 ev=+0.656 r0=1.0000 entcoef=8.34e-03 lr=5.7e-04 seed=2
iter= 116 step= 374400 ep_ret=-342.794 opt_ret=-342.794 step_rew=-3.4279 opt_step=-3.4279 gap0=342.794 dret=-4.371 eval_ret=n/a pursuer_target_distance=2.658 capture=0.000 score=0.000 pol=-0.0024 val=0.0334 ent=1.4975 tot=+0.0018 agnorm=0.058 cgnorm=0.096 kl=0.0023 clipf=0.022 ev=+0.349 r0=1.0000 entcoef=8.33e-03 lr=5.7e-04 seed=2
iter= 117 step= 377600 ep_ret=-323.651 opt_ret=-323.651 step_rew=-3.2365 opt_step=-3.2365 gap0=323.651 dret=+14.772 eval_ret=n/a pursuer_target_distance=2.503 capture=0.000 score=0.000 pol=-0.0029 val=0.0284 ent=1.4881 tot=-0.0011 agnorm=0.063 cgnorm=0.074 kl=0.0027 clipf=0.026 ev=+0.497 r0=1.0000 entcoef=8.31e-03 lr=5.7e-04 seed=2
iter= 118 step= 380800 ep_ret=-331.518 opt_ret=-331.518 step_rew=-3.3152 opt_step=-3.3152 gap0=331.518 dret=+6.905 eval_ret=n/a pursuer_target_distance=2.759 capture=0.000 score=0.000 pol=-0.0027 val=0.0441 ent=1.4542 tot=+0.0073 agnorm=0.066 cgnorm=0.066 kl=0.0022 clipf=0.018 ev=+0.573 r0=1.0000 entcoef=8.30e-03 lr=5.7e-04 seed=2
iter= 119 step= 384000 ep_ret=-299.996 opt_ret=-299.996 step_rew=-3.0000 opt_step=-3.0000 gap0=299.996 dret=+38.427 eval_ret=n/a pursuer_target_distance=2.251 capture=0.000 score=0.000 pol=-0.0030 val=0.0197 ent=1.4645 tot=-0.0052 agnorm=0.079 cgnorm=0.070 kl=0.0035 clipf=0.032 ev=+0.628 r0=1.0000 entcoef=8.28e-03 lr=5.7e-04 seed=2
iter= 120 step= 387200 ep_ret=-305.350 opt_ret=-305.350 step_rew=-3.0535 opt_step=-3.0535 gap0=305.350 dret=+33.073 eval_ret=-233.771 pursuer_target_distance=2.323 capture=0.000 score=0.000 pol=-0.0028 val=0.0212 ent=1.4489 tot=-0.0042 agnorm=0.064 cgnorm=0.060 kl=0.0032 clipf=0.031 ev=+0.734 r0=1.0000 entcoef=8.27e-03 lr=5.7e-04 seed=2
iter= 121 step= 390400 ep_ret=-308.537 opt_ret=-308.537 step_rew=-3.0854 opt_step=-3.0854 gap0=308.537 dret=+29.885 eval_ret=n/a pursuer_target_distance=2.359 capture=0.000 score=0.000 pol=-0.0037 val=0.0237 ent=1.4542 tot=-0.0039 agnorm=0.071 cgnorm=0.069 kl=0.0036 clipf=0.039 ev=+0.551 r0=1.0000 entcoef=8.25e-03 lr=5.7e-04 seed=2
iter= 122 step= 393600 ep_ret=-314.807 opt_ret=-314.807 step_rew=-3.1481 opt_step=-3.1481 gap0=314.807 dret=+23.616 eval_ret=n/a pursuer_target_distance=2.432 capture=0.001 score=0.000 pol=-0.0027 val=0.0282 ent=1.4277 tot=-0.0004 agnorm=0.093 cgnorm=0.067 kl=0.0026 clipf=0.027 ev=+0.742 r0=1.0000 entcoef=8.24e-03 lr=5.7e-04 seed=2
iter= 123 step= 396800 ep_ret=-328.610 opt_ret=-328.610 step_rew=-3.2861 opt_step=-3.2861 gap0=328.610 dret=+9.812 eval_ret=n/a pursuer_target_distance=2.397 capture=0.000 score=0.000 pol=-0.0034 val=0.0194 ent=1.4225 tot=-0.0054 agnorm=0.070 cgnorm=0.052 kl=0.0032 clipf=0.030 ev=+0.798 r0=1.0000 entcoef=8.23e-03 lr=5.6e-04 seed=2
iter= 124 step= 400000 ep_ret=-332.578 opt_ret=-332.578 step_rew=-3.3258 opt_step=-3.3258 gap0=332.578 dret=+5.845 eval_ret=n/a pursuer_target_distance=2.676 capture=0.000 score=0.000 pol=-0.0025 val=0.0280 ent=1.4358 tot=-0.0003 agnorm=0.069 cgnorm=0.071 kl=0.0033 clipf=0.037 ev=+0.721 r0=1.0000 entcoef=8.21e-03 lr=5.6e-04 seed=2
iter= 125 step= 403200 ep_ret=-341.129 opt_ret=-341.129 step_rew=-3.4113 opt_step=-3.4113 gap0=341.129 dret=-2.706 eval_ret=n/a pursuer_target_distance=2.818 capture=0.000 score=0.000 pol=-0.0028 val=0.0327 ent=1.4543 tot=+0.0017 agnorm=0.076 cgnorm=0.079 kl=0.0031 clipf=0.032 ev=+0.678 r0=1.0000 entcoef=8.20e-03 lr=5.6e-04 seed=2
iter= 126 step= 406400 ep_ret=-323.180 opt_ret=-323.180 step_rew=-3.2318 opt_step=-3.2318 gap0=323.180 dret=+15.243 eval_ret=n/a pursuer_target_distance=2.601 capture=0.002 score=0.000 pol=-0.0030 val=0.0227 ent=1.4482 tot=-0.0035 agnorm=0.060 cgnorm=0.064 kl=0.0032 clipf=0.030 ev=+0.748 r0=1.0000 entcoef=8.18e-03 lr=5.6e-04 seed=2
iter= 127 step= 409600 ep_ret=-363.438 opt_ret=-363.438 step_rew=-3.6344 opt_step=-3.6344 gap0=363.438 dret=-25.015 eval_ret=n/a pursuer_target_distance=2.832 capture=0.000 score=0.000 pol=-0.0021 val=0.0240 ent=1.4653 tot=-0.0021 agnorm=0.056 cgnorm=0.096 kl=0.0020 clipf=0.014 ev=+0.679 r0=1.0000 entcoef=8.17e-03 lr=5.6e-04 seed=2
iter= 128 step= 412800 ep_ret=-322.713 opt_ret=-322.713 step_rew=-3.2271 opt_step=-3.2271 gap0=322.713 dret=+15.710 eval_ret=n/a pursuer_target_distance=2.434 capture=0.000 score=0.000 pol=-0.0026 val=0.0131 ent=1.4484 tot=-0.0078 agnorm=0.061 cgnorm=0.049 kl=0.0026 clipf=0.025 ev=+0.836 r0=1.0000 entcoef=8.15e-03 lr=5.6e-04 seed=2
iter= 129 step= 416000 ep_ret=-278.705 opt_ret=-278.705 step_rew=-2.7870 opt_step=-2.7870 gap0=278.705 dret=+59.718 eval_ret=n/a pursuer_target_distance=2.195 capture=0.000 score=0.000 pol=-0.0027 val=0.0279 ent=1.4320 tot=-0.0004 agnorm=0.063 cgnorm=0.079 kl=0.0026 clipf=0.024 ev=+0.603 r0=1.0000 entcoef=8.14e-03 lr=5.6e-04 seed=2
iter= 130 step= 419200 ep_ret=-320.362 opt_ret=-320.362 step_rew=-3.2036 opt_step=-3.2036 gap0=320.362 dret=+18.060 eval_ret=n/a pursuer_target_distance=2.588 capture=0.000 score=0.000 pol=-0.0028 val=0.0243 ent=1.4640 tot=-0.0025 agnorm=0.088 cgnorm=0.070 kl=0.0026 clipf=0.026 ev=+0.708 r0=1.0000 entcoef=8.13e-03 lr=5.6e-04 seed=2
iter= 131 step= 422400 ep_ret=-311.468 opt_ret=-311.468 step_rew=-3.1147 opt_step=-3.1147 gap0=311.468 dret=+26.955 eval_ret=n/a pursuer_target_distance=2.507 capture=0.000 score=0.000 pol=-0.0022 val=0.0310 ent=1.4740 tot=+0.0013 agnorm=0.064 cgnorm=0.069 kl=0.0027 clipf=0.025 ev=+0.600 r0=1.0000 entcoef=8.11e-03 lr=5.6e-04 seed=2
iter= 132 step= 425600 ep_ret=-321.182 opt_ret=-321.182 step_rew=-3.2118 opt_step=-3.2118 gap0=321.182 dret=+17.241 eval_ret=n/a pursuer_target_distance=2.698 capture=0.000 score=0.000 pol=-0.0033 val=0.0201 ent=1.4491 tot=-0.0050 agnorm=0.065 cgnorm=0.067 kl=0.0028 clipf=0.023 ev=+0.727 r0=1.0000 entcoef=8.10e-03 lr=5.5e-04 seed=2
iter= 133 step= 428800 ep_ret=-295.766 opt_ret=-295.766 step_rew=-2.9577 opt_step=-2.9577 gap0=295.766 dret=+42.657 eval_ret=n/a pursuer_target_distance=2.420 capture=0.000 score=0.000 pol=-0.0030 val=0.0218 ent=1.4370 tot=-0.0037 agnorm=0.058 cgnorm=0.067 kl=0.0024 clipf=0.020 ev=+0.473 r0=1.0000 entcoef=8.08e-03 lr=5.5e-04 seed=2
iter= 134 step= 432000 ep_ret=-351.703 opt_ret=-351.703 step_rew=-3.5170 opt_step=-3.5170 gap0=351.703 dret=-13.280 eval_ret=n/a pursuer_target_distance=2.701 capture=0.000 score=0.000 pol=-0.0031 val=0.0254 ent=1.4599 tot=-0.0021 agnorm=0.067 cgnorm=0.066 kl=0.0038 clipf=0.039 ev=+0.613 r0=1.0000 entcoef=8.07e-03 lr=5.5e-04 seed=2
iter= 135 step= 435200 ep_ret=-346.799 opt_ret=-346.799 step_rew=-3.4680 opt_step=-3.4680 gap0=346.799 dret=-8.376 eval_ret=n/a pursuer_target_distance=2.698 capture=0.004 score=0.001 pol=-0.0021 val=0.0409 ent=1.4474 tot=+0.0067 agnorm=0.147 cgnorm=0.087 kl=0.0032 clipf=0.031 ev=+0.503 r0=1.0000 entcoef=8.05e-03 lr=5.5e-04 seed=2
iter= 136 step= 438400 ep_ret=-294.934 opt_ret=-294.934 step_rew=-2.9493 opt_step=-2.9493 gap0=294.934 dret=+43.489 eval_ret=n/a pursuer_target_distance=2.457 capture=0.003 score=0.001 pol=-0.0027 val=0.0434 ent=1.4373 tot=+0.0074 agnorm=0.077 cgnorm=0.095 kl=0.0024 clipf=0.020 ev=+0.346 r0=1.0000 entcoef=8.04e-03 lr=5.5e-04 seed=2
iter= 137 step= 441600 ep_ret=-263.772 opt_ret=-263.772 step_rew=-2.6377 opt_step=-2.6377 gap0=263.772 dret=+74.651 eval_ret=n/a pursuer_target_distance=1.987 capture=0.002 score=0.001 pol=-0.0035 val=0.0340 ent=1.4660 tot=+0.0017 agnorm=0.072 cgnorm=0.075 kl=0.0030 clipf=0.030 ev=+0.437 r0=1.0000 entcoef=8.02e-03 lr=5.5e-04 seed=2
iter= 138 step= 444800 ep_ret=-299.134 opt_ret=-299.134 step_rew=-2.9913 opt_step=-2.9913 gap0=299.134 dret=+39.289 eval_ret=n/a pursuer_target_distance=2.075 capture=0.000 score=0.000 pol=-0.0022 val=0.0193 ent=1.4411 tot=-0.0041 agnorm=0.054 cgnorm=0.058 kl=0.0026 clipf=0.020 ev=+0.550 r0=1.0000 entcoef=8.01e-03 lr=5.5e-04 seed=2
iter= 139 step= 448000 ep_ret=-361.678 opt_ret=-361.678 step_rew=-3.6168 opt_step=-3.6168 gap0=361.678 dret=-23.255 eval_ret=n/a pursuer_target_distance=2.776 capture=0.000 score=0.000 pol=-0.0028 val=0.0228 ent=1.4403 tot=-0.0029 agnorm=0.059 cgnorm=0.066 kl=0.0028 clipf=0.026 ev=+0.641 r0=1.0000 entcoef=8.00e-03 lr=5.5e-04 seed=2
iter= 140 step= 451200 ep_ret=-290.304 opt_ret=-290.304 step_rew=-2.9030 opt_step=-2.9030 gap0=290.304 dret=+48.119 eval_ret=-254.431 pursuer_target_distance=2.202 capture=0.000 score=0.000 pol=-0.0027 val=0.0262 ent=1.4248 tot=-0.0010 agnorm=0.089 cgnorm=0.067 kl=0.0029 clipf=0.027 ev=+0.629 r0=1.0000 entcoef=7.98e-03 lr=5.5e-04 seed=2
iter= 141 step= 454400 ep_ret=-333.768 opt_ret=-333.768 step_rew=-3.3377 opt_step=-3.3377 gap0=333.768 dret=+4.655 eval_ret=n/a pursuer_target_distance=2.374 capture=0.000 score=0.000 pol=-0.0015 val=0.0234 ent=1.4315 tot=-0.0012 agnorm=0.052 cgnorm=0.055 kl=0.0017 clipf=0.014 ev=+0.683 r0=1.0000 entcoef=7.97e-03 lr=5.4e-04 seed=2
iter= 142 step= 457600 ep_ret=-287.868 opt_ret=-287.868 step_rew=-2.8787 opt_step=-2.8787 gap0=287.868 dret=+50.555 eval_ret=n/a pursuer_target_distance=2.324 capture=0.000 score=0.000 pol=-0.0018 val=0.0292 ent=1.4425 tot=+0.0013 agnorm=0.053 cgnorm=0.070 kl=0.0016 clipf=0.016 ev=+0.562 r0=1.0000 entcoef=7.95e-03 lr=5.4e-04 seed=2
iter= 143 step= 460800 ep_ret=-300.308 opt_ret=-300.308 step_rew=-3.0031 opt_step=-3.0031 gap0=300.308 dret=+38.115 eval_ret=n/a pursuer_target_distance=2.183 capture=0.000 score=0.000 pol=-0.0023 val=0.0326 ent=1.4488 tot=+0.0025 agnorm=0.058 cgnorm=0.084 kl=0.0024 clipf=0.016 ev=+0.522 r0=1.0000 entcoef=7.94e-03 lr=5.4e-04 seed=2
iter= 144 step= 464000 ep_ret=-319.190 opt_ret=-319.190 step_rew=-3.1919 opt_step=-3.1919 gap0=319.190 dret=+19.233 eval_ret=n/a pursuer_target_distance=2.474 capture=0.000 score=0.000 pol=-0.0024 val=0.0326 ent=1.4354 tot=+0.0026 agnorm=0.073 cgnorm=0.074 kl=0.0023 clipf=0.020 ev=+0.554 r0=1.0000 entcoef=7.92e-03 lr=5.4e-04 seed=2
iter= 145 step= 467200 ep_ret=-311.709 opt_ret=-311.709 step_rew=-3.1171 opt_step=-3.1171 gap0=311.709 dret=+26.714 eval_ret=n/a pursuer_target_distance=2.438 capture=0.000 score=0.000 pol=-0.0027 val=0.0208 ent=1.4797 tot=-0.0040 agnorm=0.069 cgnorm=0.061 kl=0.0025 clipf=0.025 ev=+0.652 r0=1.0000 entcoef=7.91e-03 lr=5.4e-04 seed=2
iter= 146 step= 470400 ep_ret=-340.736 opt_ret=-340.736 step_rew=-3.4074 opt_step=-3.4074 gap0=340.736 dret=-2.313 eval_ret=n/a pursuer_target_distance=2.792 capture=0.000 score=0.000 pol=-0.0026 val=0.0327 ent=1.4614 tot=+0.0022 agnorm=0.060 cgnorm=0.058 kl=0.0023 clipf=0.019 ev=+0.683 r0=1.0000 entcoef=7.89e-03 lr=5.4e-04 seed=2
iter= 147 step= 473600 ep_ret=-307.913 opt_ret=-307.913 step_rew=-3.0791 opt_step=-3.0791 gap0=307.913 dret=+30.510 eval_ret=n/a pursuer_target_distance=2.384 capture=0.000 score=0.000 pol=-0.0035 val=0.0256 ent=1.4599 tot=-0.0022 agnorm=0.081 cgnorm=0.062 kl=0.0033 clipf=0.038 ev=+0.665 r0=1.0000 entcoef=7.88e-03 lr=5.4e-04 seed=2
iter= 148 step= 476800 ep_ret=-264.148 opt_ret=-264.148 step_rew=-2.6415 opt_step=-2.6415 gap0=264.148 dret=+74.275 eval_ret=n/a pursuer_target_distance=1.985 capture=0.000 score=0.000 pol=-0.0021 val=0.0224 ent=1.4612 tot=-0.0024 agnorm=0.056 cgnorm=0.073 kl=0.0020 clipf=0.013 ev=+0.722 r0=1.0000 entcoef=7.87e-03 lr=5.4e-04 seed=2
iter= 149 step= 480000 ep_ret=-363.764 opt_ret=-363.764 step_rew=-3.6376 opt_step=-3.6376 gap0=363.764 dret=-25.341 eval_ret=n/a pursuer_target_distance=2.838 capture=0.000 score=0.000 pol=-0.0031 val=0.0304 ent=1.4609 tot=+0.0006 agnorm=0.083 cgnorm=0.088 kl=0.0024 clipf=0.024 ev=+0.663 r0=1.0000 entcoef=7.85e-03 lr=5.4e-04 seed=2
iter= 150 step= 483200 ep_ret=-319.800 opt_ret=-319.800 step_rew=-3.1980 opt_step=-3.1980 gap0=319.800 dret=+18.623 eval_ret=n/a pursuer_target_distance=2.477 capture=0.005 score=0.002 pol=-0.0035 val=0.0492 ent=1.4252 tot=+0.0100 agnorm=0.084 cgnorm=0.106 kl=0.0031 clipf=0.033 ev=+0.588 r0=1.0000 entcoef=7.84e-03 lr=5.3e-04 seed=2
iter= 151 step= 486400 ep_ret=-323.091 opt_ret=-323.091 step_rew=-3.2309 opt_step=-3.2309 gap0=323.091 dret=+15.332 eval_ret=n/a pursuer_target_distance=2.541 capture=0.000 score=0.000 pol=-0.0023 val=0.0386 ent=1.3827 tot=+0.0061 agnorm=0.120 cgnorm=0.092 kl=0.0028 clipf=0.026 ev=+0.627 r0=1.0000 entcoef=7.82e-03 lr=5.3e-04 seed=2
iter= 152 step= 489600 ep_ret=-319.116 opt_ret=-319.116 step_rew=-3.1912 opt_step=-3.1912 gap0=319.116 dret=+19.307 eval_ret=n/a pursuer_target_distance=2.444 capture=0.000 score=0.000 pol=-0.0022 val=0.0243 ent=1.3950 tot=-0.0010 agnorm=0.061 cgnorm=0.070 kl=0.0017 clipf=0.016 ev=+0.779 r0=1.0000 entcoef=7.81e-03 lr=5.3e-04 seed=2
iter= 153 step= 492800 ep_ret=-288.968 opt_ret=-288.968 step_rew=-2.8897 opt_step=-2.8897 gap0=288.968 dret=+49.455 eval_ret=n/a pursuer_target_distance=2.148 capture=0.000 score=0.000 pol=-0.0033 val=0.0186 ent=1.4074 tot=-0.0050 agnorm=0.083 cgnorm=0.061 kl=0.0037 clipf=0.033 ev=+0.880 r0=1.0000 entcoef=7.79e-03 lr=5.3e-04 seed=2
iter= 154 step= 496000 ep_ret=-347.737 opt_ret=-347.737 step_rew=-3.4774 opt_step=-3.4774 gap0=347.737 dret=-9.314 eval_ret=n/a pursuer_target_distance=2.679 capture=0.000 score=0.000 pol=-0.0026 val=0.0192 ent=1.4005 tot=-0.0038 agnorm=0.062 cgnorm=0.070 kl=0.0028 clipf=0.028 ev=+0.745 r0=1.0000 entcoef=7.78e-03 lr=5.3e-04 seed=2
iter= 155 step= 499200 ep_ret=-273.984 opt_ret=-273.984 step_rew=-2.7398 opt_step=-2.7398 gap0=273.984 dret=+64.439 eval_ret=n/a pursuer_target_distance=2.148 capture=0.006 score=0.002 pol=-0.0021 val=0.0290 ent=1.3823 tot=+0.0017 agnorm=0.060 cgnorm=0.070 kl=0.0023 clipf=0.015 ev=+0.679 r0=1.0000 entcoef=7.76e-03 lr=5.3e-04 seed=2
iter= 156 step= 502400 ep_ret=-301.535 opt_ret=-301.535 step_rew=-3.0154 opt_step=-3.0154 gap0=301.535 dret=+36.888 eval_ret=n/a pursuer_target_distance=2.463 capture=0.017 score=0.005 pol=-0.0029 val=0.0761 ent=1.3884 tot=+0.0244 agnorm=0.074 cgnorm=0.096 kl=0.0028 clipf=0.024 ev=+0.480 r0=1.0000 entcoef=7.75e-03 lr=5.3e-04 seed=2
iter= 157 step= 505600 ep_ret=-295.985 opt_ret=-295.985 step_rew=-2.9598 opt_step=-2.9598 gap0=295.985 dret=+42.438 eval_ret=n/a pursuer_target_distance=2.327 capture=0.000 score=0.000 pol=-0.0021 val=0.0224 ent=1.3657 tot=-0.0014 agnorm=0.062 cgnorm=0.077 kl=0.0024 clipf=0.023 ev=+0.764 r0=1.0000 entcoef=7.74e-03 lr=5.3e-04 seed=2
iter= 158 step= 508800 ep_ret=-348.092 opt_ret=-348.092 step_rew=-3.4809 opt_step=-3.4809 gap0=348.092 dret=-9.669 eval_ret=n/a pursuer_target_distance=2.674 capture=0.000 score=0.000 pol=-0.0026 val=0.0474 ent=1.3769 tot=+0.0104 agnorm=0.072 cgnorm=0.092 kl=0.0021 clipf=0.017 ev=+0.583 r0=1.0000 entcoef=7.72e-03 lr=5.3e-04 seed=2
iter= 159 step= 512000 ep_ret=-270.218 opt_ret=-270.218 step_rew=-2.7022 opt_step=-2.7022 gap0=270.218 dret=+68.205 eval_ret=n/a pursuer_target_distance=2.124 capture=0.004 score=0.001 pol=-0.0026 val=0.0332 ent=1.3901 tot=+0.0033 agnorm=0.064 cgnorm=0.071 kl=0.0030 clipf=0.029 ev=+0.770 r0=1.0000 entcoef=7.71e-03 lr=5.2e-04 seed=2
iter= 160 step= 515200 ep_ret=-360.755 opt_ret=-360.755 step_rew=-3.6075 opt_step=-3.6075 gap0=360.755 dret=-22.332 eval_ret=-188.797 pursuer_target_distance=2.821 capture=0.000 score=0.000 pol=-0.0027 val=0.0308 ent=1.3837 tot=+0.0020 agnorm=0.082 cgnorm=0.081 kl=0.0026 clipf=0.025 ev=+0.721 r0=1.0000 entcoef=7.69e-03 lr=5.2e-04 seed=2
iter= 161 step= 518400 ep_ret=-263.549 opt_ret=-263.549 step_rew=-2.6355 opt_step=-2.6355 gap0=263.549 dret=+74.874 eval_ret=n/a pursuer_target_distance=2.052 capture=0.002 score=0.001 pol=-0.0022 val=0.0226 ent=1.3738 tot=-0.0014 agnorm=0.067 cgnorm=0.069 kl=0.0017 clipf=0.012 ev=+0.679 r0=1.0000 entcoef=7.68e-03 lr=5.2e-04 seed=2
iter= 162 step= 521600 ep_ret=-302.503 opt_ret=-302.503 step_rew=-3.0250 opt_step=-3.0250 gap0=302.503 dret=+35.919 eval_ret=n/a pursuer_target_distance=2.512 capture=0.000 score=0.000 pol=-0.0018 val=0.0231 ent=1.3826 tot=-0.0008 agnorm=0.057 cgnorm=0.081 kl=0.0018 clipf=0.013 ev=+0.679 r0=1.0000 entcoef=7.66e-03 lr=5.2e-04 seed=2
iter= 163 step= 524800 ep_ret=-308.566 opt_ret=-308.566 step_rew=-3.0857 opt_step=-3.0857 gap0=308.566 dret=+29.857 eval_ret=n/a pursuer_target_distance=2.562 capture=0.000 score=0.000 pol=-0.0031 val=0.0216 ent=1.3874 tot=-0.0029 agnorm=0.079 cgnorm=0.058 kl=0.0033 clipf=0.038 ev=+0.780 r0=1.0000 entcoef=7.65e-03 lr=5.2e-04 seed=2
iter= 164 step= 528000 ep_ret=-324.532 opt_ret=-324.532 step_rew=-3.2453 opt_step=-3.2453 gap0=324.532 dret=+13.891 eval_ret=n/a pursuer_target_distance=2.617 capture=0.000 score=0.000 pol=-0.0025 val=0.0217 ent=1.3967 tot=-0.0023 agnorm=0.109 cgnorm=0.063 kl=0.0033 clipf=0.030 ev=+0.604 r0=1.0000 entcoef=7.63e-03 lr=5.2e-04 seed=2
iter= 165 step= 531200 ep_ret=-317.962 opt_ret=-317.962 step_rew=-3.1796 opt_step=-3.1796 gap0=317.962 dret=+20.460 eval_ret=n/a pursuer_target_distance=2.464 capture=0.002 score=0.001 pol=-0.0020 val=0.0343 ent=1.4351 tot=+0.0042 agnorm=0.055 cgnorm=0.087 kl=0.0022 clipf=0.017 ev=+0.693 r0=1.0000 entcoef=7.62e-03 lr=5.2e-04 seed=2
iter= 166 step= 534400 ep_ret=-258.819 opt_ret=-258.819 step_rew=-2.5882 opt_step=-2.5882 gap0=258.819 dret=+79.604 eval_ret=n/a pursuer_target_distance=2.076 capture=0.003 score=0.001 pol=-0.0024 val=0.0209 ent=1.4238 tot=-0.0027 agnorm=0.085 cgnorm=0.076 kl=0.0025 clipf=0.018 ev=+0.793 r0=1.0000 entcoef=7.61e-03 lr=5.2e-04 seed=2
iter= 167 step= 537600 ep_ret=-308.868 opt_ret=-308.868 step_rew=-3.0887 opt_step=-3.0887 gap0=308.868 dret=+29.555 eval_ret=n/a pursuer_target_distance=2.302 capture=0.000 score=0.000 pol=-0.0019 val=0.0206 ent=1.4107 tot=-0.0023 agnorm=0.062 cgnorm=0.078 kl=0.0018 clipf=0.014 ev=+0.781 r0=1.0000 entcoef=7.59e-03 lr=5.2e-04 seed=2
iter= 168 step= 540800 ep_ret=-290.407 opt_ret=-290.407 step_rew=-2.9041 opt_step=-2.9041 gap0=290.407 dret=+48.016 eval_ret=n/a pursuer_target_distance=2.424 capture=0.017 score=0.005 pol=-0.0016 val=0.0656 ent=1.4442 tot=+0.0203 agnorm=0.122 cgnorm=0.109 kl=0.0020 clipf=0.015 ev=+0.557 r0=1.0000 entcoef=7.58e-03 lr=5.1e-04 seed=2
iter= 169 step= 544000 ep_ret=-326.808 opt_ret=-326.808 step_rew=-3.2681 opt_step=-3.2681 gap0=326.808 dret=+11.615 eval_ret=n/a pursuer_target_distance=2.672 capture=0.000 score=0.000 pol=-0.0015 val=0.0252 ent=1.4502 tot=+0.0001 agnorm=0.054 cgnorm=0.067 kl=0.0013 clipf=0.006 ev=+0.809 r0=1.0000 entcoef=7.56e-03 lr=5.1e-04 seed=2
iter= 170 step= 547200 ep_ret=-316.734 opt_ret=-316.734 step_rew=-3.1673 opt_step=-3.1673 gap0=316.734 dret=+21.689 eval_ret=n/a pursuer_target_distance=2.494 capture=0.000 score=0.000 pol=-0.0027 val=0.0242 ent=1.4293 tot=-0.0013 agnorm=0.068 cgnorm=0.062 kl=0.0020 clipf=0.013 ev=+0.784 r0=1.0000 entcoef=7.55e-03 lr=5.1e-04 seed=2
iter= 171 step= 550400 ep_ret=-288.959 opt_ret=-288.959 step_rew=-2.8896 opt_step=-2.8896 gap0=288.959 dret=+49.464 eval_ret=n/a pursuer_target_distance=2.162 capture=0.000 score=0.000 pol=-0.0024 val=0.0299 ent=1.4421 tot=+0.0017 agnorm=0.062 cgnorm=0.093 kl=0.0028 clipf=0.024 ev=+0.758 r0=1.0000 entcoef=7.53e-03 lr=5.1e-04 seed=2
iter= 172 step= 553600 ep_ret=-269.296 opt_ret=-269.296 step_rew=-2.6930 opt_step=-2.6930 gap0=269.296 dret=+69.127 eval_ret=n/a pursuer_target_distance=1.904 capture=0.001 score=0.000 pol=-0.0024 val=0.0166 ent=1.4396 tot=-0.0049 agnorm=0.086 cgnorm=0.069 kl=0.0024 clipf=0.022 ev=+0.852 r0=1.0000 entcoef=7.52e-03 lr=5.1e-04 seed=2
iter= 173 step= 556800 ep_ret=-290.624 opt_ret=-290.624 step_rew=-2.9062 opt_step=-2.9062 gap0=290.624 dret=+47.799 eval_ret=n/a pursuer_target_distance=2.235 capture=0.000 score=0.000 pol=-0.0025 val=0.0261 ent=1.3942 tot=+0.0001 agnorm=0.076 cgnorm=0.080 kl=0.0022 clipf=0.023 ev=+0.773 r0=1.0000 entcoef=7.50e-03 lr=5.1e-04 seed=2
iter= 174 step= 560000 ep_ret=-281.050 opt_ret=-281.050 step_rew=-2.8105 opt_step=-2.8105 gap0=281.050 dret=+57.373 eval_ret=n/a pursuer_target_distance=2.111 capture=0.000 score=0.000 pol=-0.0021 val=0.0245 ent=1.4158 tot=-0.0005 agnorm=0.068 cgnorm=0.075 kl=0.0024 clipf=0.022 ev=+0.875 r0=1.0000 entcoef=7.49e-03 lr=5.1e-04 seed=2
iter= 175 step= 563200 ep_ret=-323.489 opt_ret=-323.489 step_rew=-3.2349 opt_step=-3.2349 gap0=323.489 dret=+14.934 eval_ret=n/a pursuer_target_distance=2.706 capture=0.000 score=0.000 pol=-0.0029 val=0.0305 ent=1.4065 tot=+0.0018 agnorm=0.074 cgnorm=0.095 kl=0.0026 clipf=0.021 ev=+0.757 r0=1.0000 entcoef=7.48e-03 lr=5.1e-04 seed=2
iter= 176 step= 566400 ep_ret=-282.462 opt_ret=-282.462 step_rew=-2.8246 opt_step=-2.8246 gap0=282.462 dret=+55.961 eval_ret=n/a pursuer_target_distance=2.153 capture=0.000 score=0.000 pol=-0.0027 val=0.0235 ent=1.4147 tot=-0.0015 agnorm=0.075 cgnorm=0.094 kl=0.0024 clipf=0.020 ev=+0.703 r0=1.0000 entcoef=7.46e-03 lr=5.1e-04 seed=2
iter= 177 step= 569600 ep_ret=-298.284 opt_ret=-298.284 step_rew=-2.9828 opt_step=-2.9828 gap0=298.284 dret=+40.139 eval_ret=n/a pursuer_target_distance=2.249 capture=0.000 score=0.000 pol=-0.0021 val=0.0222 ent=1.4122 tot=-0.0015 agnorm=0.063 cgnorm=0.079 kl=0.0022 clipf=0.021 ev=+0.809 r0=1.0000 entcoef=7.45e-03 lr=5.0e-04 seed=2
iter= 178 step= 572800 ep_ret=-325.453 opt_ret=-325.453 step_rew=-3.2545 opt_step=-3.2545 gap0=325.453 dret=+12.970 eval_ret=n/a pursuer_target_distance=2.625 capture=0.000 score=0.000 pol=-0.0026 val=0.0271 ent=1.4339 tot=+0.0003 agnorm=0.063 cgnorm=0.103 kl=0.0024 clipf=0.023 ev=+0.852 r0=1.0000 entcoef=7.43e-03 lr=5.0e-04 seed=2
iter= 179 step= 576000 ep_ret=-260.917 opt_ret=-260.917 step_rew=-2.6092 opt_step=-2.6092 gap0=260.917 dret=+77.506 eval_ret=n/a pursuer_target_distance=1.906 capture=0.001 score=0.000 pol=-0.0022 val=0.0224 ent=1.3822 tot=-0.0013 agnorm=0.068 cgnorm=0.087 kl=0.0018 clipf=0.013 ev=+0.860 r0=1.0000 entcoef=7.42e-03 lr=5.0e-04 seed=2
iter= 180 step= 579200 ep_ret=-335.482 opt_ret=-335.482 step_rew=-3.3548 opt_step=-3.3548 gap0=335.482 dret=+2.941 eval_ret=-178.983 pursuer_target_distance=2.700 capture=0.000 score=0.000 pol=-0.0028 val=0.0310 ent=1.4185 tot=+0.0021 agnorm=0.069 cgnorm=0.101 kl=0.0027 clipf=0.027 ev=+0.789 r0=1.0000 entcoef=7.40e-03 lr=5.0e-04 seed=2
iter= 181 step= 582400 ep_ret=-298.746 opt_ret=-298.746 step_rew=-2.9875 opt_step=-2.9875 gap0=298.746 dret=+39.677 eval_ret=n/a pursuer_target_distance=2.257 capture=0.000 score=0.000 pol=-0.0022 val=0.0167 ent=1.4406 tot=-0.0045 agnorm=0.054 cgnorm=0.068 kl=0.0020 clipf=0.014 ev=+0.840 r0=1.0000 entcoef=7.39e-03 lr=5.0e-04 seed=2
iter= 182 step= 585600 ep_ret=-342.111 opt_ret=-342.111 step_rew=-3.4211 opt_step=-3.4211 gap0=342.111 dret=-3.689 eval_ret=n/a pursuer_target_distance=2.671 capture=0.000 score=0.000 pol=-0.0028 val=0.0287 ent=1.4319 tot=+0.0010 agnorm=0.077 cgnorm=0.090 kl=0.0021 clipf=0.017 ev=+0.831 r0=1.0000 entcoef=7.37e-03 lr=5.0e-04 seed=2
iter= 183 step= 588800 ep_ret=-293.482 opt_ret=-293.482 step_rew=-2.9348 opt_step=-2.9348 gap0=293.482 dret=+44.941 eval_ret=n/a pursuer_target_distance=2.361 capture=0.010 score=0.003 pol=-0.0027 val=0.0390 ent=1.4066 tot=+0.0064 agnorm=0.069 cgnorm=0.076 kl=0.0029 clipf=0.024 ev=+0.760 r0=1.0000 entcoef=7.36e-03 lr=5.0e-04 seed=2
iter= 184 step= 592000 ep_ret=-324.122 opt_ret=-324.122 step_rew=-3.2412 opt_step=-3.2412 gap0=324.122 dret=+14.301 eval_ret=n/a pursuer_target_distance=2.409 capture=0.000 score=0.000 pol=-0.0032 val=0.0250 ent=1.4496 tot=-0.0013 agnorm=0.089 cgnorm=0.083 kl=0.0023 clipf=0.022 ev=+0.878 r0=1.0000 entcoef=7.35e-03 lr=5.0e-04 seed=2
iter= 185 step= 595200 ep_ret=-262.643 opt_ret=-262.643 step_rew=-2.6264 opt_step=-2.6264 gap0=262.643 dret=+75.780 eval_ret=n/a pursuer_target_distance=1.919 capture=0.000 score=0.000 pol=-0.0030 val=0.0201 ent=1.4505 tot=-0.0036 agnorm=0.094 cgnorm=0.087 kl=0.0022 clipf=0.018 ev=+0.853 r0=1.0000 entcoef=7.33e-03 lr=5.0e-04 seed=2
iter= 186 step= 598400 ep_ret=-294.679 opt_ret=-294.679 step_rew=-2.9468 opt_step=-2.9468 gap0=294.679 dret=+43.744 eval_ret=n/a pursuer_target_distance=2.358 capture=0.000 score=0.000 pol=-0.0025 val=0.0202 ent=1.4282 tot=-0.0028 agnorm=0.088 cgnorm=0.085 kl=0.0031 clipf=0.025 ev=+0.831 r0=1.0000 entcoef=7.32e-03 lr=4.9e-04 seed=2
iter= 187 step= 601600 ep_ret=-336.445 opt_ret=-336.445 step_rew=-3.3645 opt_step=-3.3645 gap0=336.445 dret=+1.978 eval_ret=n/a pursuer_target_distance=2.735 capture=0.000 score=0.000 pol=-0.0038 val=0.0316 ent=1.4267 tot=+0.0016 agnorm=0.083 cgnorm=0.084 kl=0.0036 clipf=0.031 ev=+0.873 r0=1.0000 entcoef=7.30e-03 lr=4.9e-04 seed=2
iter= 188 step= 604800 ep_ret=-269.400 opt_ret=-269.400 step_rew=-2.6940 opt_step=-2.6940 gap0=269.400 dret=+69.023 eval_ret=n/a pursuer_target_distance=1.884 capture=0.000 score=0.000 pol=-0.0023 val=0.0137 ent=1.4586 tot=-0.0060 agnorm=0.065 cgnorm=0.068 kl=0.0027 clipf=0.026 ev=+0.843 r0=1.0000 entcoef=7.29e-03 lr=4.9e-04 seed=2
iter= 189 step= 608000 ep_ret=-333.985 opt_ret=-333.985 step_rew=-3.3399 opt_step=-3.3399 gap0=333.985 dret=+4.438 eval_ret=n/a pursuer_target_distance=2.404 capture=0.000 score=0.000 pol=-0.0023 val=0.0313 ent=1.4355 tot=+0.0029 agnorm=0.057 cgnorm=0.098 kl=0.0020 clipf=0.013 ev=+0.808 r0=1.0000 entcoef=7.27e-03 lr=4.9e-04 seed=2
iter= 190 step= 611200 ep_ret=-261.558 opt_ret=-261.558 step_rew=-2.6156 opt_step=-2.6156 gap0=261.558 dret=+76.865 eval_ret=n/a pursuer_target_distance=1.950 capture=0.008 score=0.003 pol=-0.0026 val=0.0356 ent=1.4458 tot=+0.0047 agnorm=0.071 cgnorm=0.111 kl=0.0027 clipf=0.024 ev=+0.790 r0=1.0000 entcoef=7.26e-03 lr=4.9e-04 seed=2
iter= 191 step= 614400 ep_ret=-292.610 opt_ret=-292.610 step_rew=-2.9261 opt_step=-2.9261 gap0=292.610 dret=+45.812 eval_ret=n/a pursuer_target_distance=2.149 capture=0.000 score=0.000 pol=-0.0030 val=0.0140 ent=1.4201 tot=-0.0063 agnorm=0.079 cgnorm=0.069 kl=0.0027 clipf=0.026 ev=+0.916 r0=1.0000 entcoef=7.25e-03 lr=4.9e-04 seed=2
iter= 192 step= 617600 ep_ret=-343.998 opt_ret=-343.998 step_rew=-3.4400 opt_step=-3.4400 gap0=343.998 dret=-5.576 eval_ret=n/a pursuer_target_distance=2.705 capture=0.000 score=0.000 pol=-0.0025 val=0.0227 ent=1.4399 tot=-0.0016 agnorm=0.059 cgnorm=0.089 kl=0.0022 clipf=0.015 ev=+0.898 r0=1.0000 entcoef=7.23e-03 lr=4.9e-04 seed=2
iter= 193 step= 620800 ep_ret=-307.011 opt_ret=-307.011 step_rew=-3.0701 opt_step=-3.0701 gap0=307.011 dret=+31.412 eval_ret=n/a pursuer_target_distance=2.281 capture=0.000 score=0.000 pol=-0.0029 val=0.0172 ent=1.4062 tot=-0.0044 agnorm=0.072 cgnorm=0.082 kl=0.0028 clipf=0.024 ev=+0.823 r0=1.0000 entcoef=7.22e-03 lr=4.9e-04 seed=2
iter= 194 step= 624000 ep_ret=-280.517 opt_ret=-280.517 step_rew=-2.8052 opt_step=-2.8052 gap0=280.517 dret=+57.906 eval_ret=n/a pursuer_target_distance=2.224 capture=0.000 score=0.000 pol=-0.0025 val=0.0265 ent=1.3632 tot=+0.0009 agnorm=0.068 cgnorm=0.085 kl=0.0023 clipf=0.021 ev=+0.878 r0=1.0000 entcoef=7.20e-03 lr=4.9e-04 seed=2
iter= 195 step= 627200 ep_ret=-311.447 opt_ret=-311.447 step_rew=-3.1145 opt_step=-3.1145 gap0=311.447 dret=+26.976 eval_ret=n/a pursuer_target_distance=2.325 capture=0.000 score=0.000 pol=-0.0021 val=0.0223 ent=1.4123 tot=-0.0011 agnorm=0.084 cgnorm=0.077 kl=0.0029 clipf=0.024 ev=+0.883 r0=1.0000 entcoef=7.19e-03 lr=4.8e-04 seed=2
iter= 196 step= 630400 ep_ret=-286.378 opt_ret=-286.378 step_rew=-2.8638 opt_step=-2.8638 gap0=286.378 dret=+52.045 eval_ret=n/a pursuer_target_distance=2.275 capture=0.000 score=0.000 pol=-0.0025 val=0.0205 ent=1.4002 tot=-0.0023 agnorm=0.081 cgnorm=0.072 kl=0.0026 clipf=0.025 ev=+0.888 r0=1.0000 entcoef=7.17e-03 lr=4.8e-04 seed=2
iter= 197 step= 633600 ep_ret=-311.242 opt_ret=-311.242 step_rew=-3.1124 opt_step=-3.1124 gap0=311.242 dret=+27.181 eval_ret=n/a pursuer_target_distance=2.560 capture=0.000 score=0.000 pol=-0.0022 val=0.0240 ent=1.3867 tot=-0.0001 agnorm=0.055 cgnorm=0.085 kl=0.0016 clipf=0.009 ev=+0.899 r0=1.0000 entcoef=7.16e-03 lr=4.8e-04 seed=2
iter= 198 step= 636800 ep_ret=-307.588 opt_ret=-307.588 step_rew=-3.0759 opt_step=-3.0759 gap0=307.588 dret=+30.835 eval_ret=n/a pursuer_target_distance=2.547 capture=0.000 score=0.000 pol=-0.0025 val=0.0178 ent=1.4312 tot=-0.0038 agnorm=0.069 cgnorm=0.074 kl=0.0021 clipf=0.017 ev=+0.898 r0=1.0000 entcoef=7.14e-03 lr=4.8e-04 seed=2
iter= 199 step= 640000 ep_ret=-257.703 opt_ret=-257.703 step_rew=-2.5770 opt_step=-2.5770 gap0=257.703 dret=+80.720 eval_ret=n/a pursuer_target_distance=1.913 capture=0.000 score=0.000 pol=-0.0020 val=0.0128 ent=1.4143 tot=-0.0057 agnorm=0.080 cgnorm=0.070 kl=0.0022 clipf=0.018 ev=+0.928 r0=1.0000 entcoef=7.13e-03 lr=4.8e-04 seed=2
iter= 200 step= 643200 ep_ret=-322.640 opt_ret=-322.640 step_rew=-3.2264 opt_step=-3.2264 gap0=322.640 dret=+15.783 eval_ret=-221.954 pursuer_target_distance=2.546 capture=0.001 score=0.000 pol=-0.0023 val=0.0261 ent=1.4235 tot=+0.0007 agnorm=0.074 cgnorm=0.097 kl=0.0025 clipf=0.021 ev=+0.878 r0=1.0000 entcoef=7.12e-03 lr=4.8e-04 seed=2
iter= 201 step= 646400 ep_ret=-328.209 opt_ret=-328.209 step_rew=-3.2821 opt_step=-3.2821 gap0=328.209 dret=+10.214 eval_ret=n/a pursuer_target_distance=2.453 capture=0.000 score=0.000 pol=-0.0025 val=0.0295 ent=1.3895 tot=+0.0024 agnorm=0.068 cgnorm=0.100 kl=0.0019 clipf=0.013 ev=+0.890 r0=1.0000 entcoef=7.10e-03 lr=4.8e-04 seed=2
iter= 202 step= 649600 ep_ret=-278.010 opt_ret=-278.010 step_rew=-2.7801 opt_step=-2.7801 gap0=278.010 dret=+60.413 eval_ret=n/a pursuer_target_distance=2.123 capture=0.006 score=0.002 pol=-0.0022 val=0.0256 ent=1.4019 tot=+0.0007 agnorm=0.064 cgnorm=0.076 kl=0.0028 clipf=0.025 ev=+0.899 r0=1.0000 entcoef=7.09e-03 lr=4.8e-04 seed=2
iter= 203 step= 652800 ep_ret=-302.327 opt_ret=-302.327 step_rew=-3.0233 opt_step=-3.0233 gap0=302.327 dret=+36.096 eval_ret=n/a pursuer_target_distance=2.516 capture=0.000 score=0.000 pol=-0.0024 val=0.0354 ent=1.3915 tot=+0.0054 agnorm=0.062 cgnorm=0.105 kl=0.0016 clipf=0.014 ev=+0.776 r0=1.0000 entcoef=7.07e-03 lr=4.8e-04 seed=2
iter= 204 step= 656000 ep_ret=-338.985 opt_ret=-338.985 step_rew=-3.3899 opt_step=-3.3899 gap0=338.985 dret=-0.562 eval_ret=n/a pursuer_target_distance=2.731 capture=0.000 score=0.000 pol=-0.0031 val=0.0280 ent=1.4013 tot=+0.0010 agnorm=0.081 cgnorm=0.094 kl=0.0029 clipf=0.025 ev=+0.910 r0=1.0000 entcoef=7.06e-03 lr=4.7e-04 seed=2
iter= 205 step= 659200 ep_ret=-315.234 opt_ret=-315.234 step_rew=-3.1523 opt_step=-3.1523 gap0=315.234 dret=+23.189 eval_ret=n/a pursuer_target_distance=2.498 capture=0.000 score=0.000 pol=-0.0030 val=0.0219 ent=1.4080 tot=-0.0019 agnorm=0.088 cgnorm=0.080 kl=0.0023 clipf=0.018 ev=+0.908 r0=1.0000 entcoef=7.04e-03 lr=4.7e-04 seed=2
iter= 206 step= 662400 ep_ret=-289.093 opt_ret=-289.093 step_rew=-2.8909 opt_step=-2.8909 gap0=289.093 dret=+49.329 eval_ret=n/a pursuer_target_distance=2.307 capture=0.000 score=0.000 pol=-0.0028 val=0.0183 ent=1.3979 tot=-0.0034 agnorm=0.079 cgnorm=0.068 kl=0.0029 clipf=0.031 ev=+0.932 r0=1.0000 entcoef=7.03e-03 lr=4.7e-04 seed=2
iter= 207 step= 665600 ep_ret=-255.922 opt_ret=-255.922 step_rew=-2.5592 opt_step=-2.5592 gap0=255.922 dret=+82.501 eval_ret=n/a pursuer_target_distance=2.032 capture=0.001 score=0.000 pol=-0.0025 val=0.0162 ent=1.3748 tot=-0.0041 agnorm=0.059 cgnorm=0.074 kl=0.0024 clipf=0.022 ev=+0.909 r0=1.0000 entcoef=7.01e-03 lr=4.7e-04 seed=2
iter= 208 step= 668800 ep_ret=-285.645 opt_ret=-285.645 step_rew=-2.8564 opt_step=-2.8564 gap0=285.645 dret=+52.778 eval_ret=n/a pursuer_target_distance=2.240 capture=0.000 score=0.000 pol=-0.0021 val=0.0142 ent=1.3805 tot=-0.0047 agnorm=0.056 cgnorm=0.077 kl=0.0019 clipf=0.015 ev=+0.923 r0=1.0000 entcoef=7.00e-03 lr=4.7e-04 seed=2
iter= 209 step= 672000 ep_ret=-310.036 opt_ret=-310.036 step_rew=-3.1004 opt_step=-3.1004 gap0=310.036 dret=+28.387 eval_ret=n/a pursuer_target_distance=2.608 capture=0.000 score=0.000 pol=-0.0022 val=0.0235 ent=1.3426 tot=+0.0002 agnorm=0.079 cgnorm=0.087 kl=0.0019 clipf=0.017 ev=+0.893 r0=1.0000 entcoef=6.99e-03 lr=4.7e-04 seed=2
iter= 210 step= 675200 ep_ret=-319.814 opt_ret=-319.814 step_rew=-3.1981 opt_step=-3.1981 gap0=319.814 dret=+18.609 eval_ret=n/a pursuer_target_distance=2.616 capture=0.004 score=0.001 pol=-0.0024 val=0.0324 ent=1.3557 tot=+0.0044 agnorm=0.057 cgnorm=0.103 kl=0.0021 clipf=0.014 ev=+0.908 r0=1.0000 entcoef=6.97e-03 lr=4.7e-04 seed=2
iter= 211 step= 678400 ep_ret=-285.684 opt_ret=-285.684 step_rew=-2.8568 opt_step=-2.8568 gap0=285.684 dret=+52.739 eval_ret=n/a pursuer_target_distance=2.281 capture=0.003 score=0.001 pol=-0.0030 val=0.0252 ent=1.3774 tot=+0.0001 agnorm=0.093 cgnorm=0.092 kl=0.0030 clipf=0.028 ev=+0.856 r0=1.0000 entcoef=6.96e-03 lr=4.7e-04 seed=2
iter= 212 step= 681600 ep_ret=-316.932 opt_ret=-316.932 step_rew=-3.1693 opt_step=-3.1693 gap0=316.932 dret=+21.491 eval_ret=n/a pursuer_target_distance=2.635 capture=0.000 score=0.000 pol=-0.0030 val=0.0212 ent=1.3320 tot=-0.0017 agnorm=0.083 cgnorm=0.073 kl=0.0034 clipf=0.025 ev=+0.919 r0=1.0000 entcoef=6.94e-03 lr=4.7e-04 seed=2
iter= 213 step= 684800 ep_ret=-314.092 opt_ret=-314.092 step_rew=-3.1409 opt_step=-3.1409 gap0=314.092 dret=+24.331 eval_ret=n/a pursuer_target_distance=2.442 capture=0.001 score=0.000 pol=-0.0029 val=0.0197 ent=1.2802 tot=-0.0019 agnorm=0.071 cgnorm=0.075 kl=0.0024 clipf=0.018 ev=+0.923 r0=1.0000 entcoef=6.93e-03 lr=4.6e-04 seed=2
iter= 214 step= 688000 ep_ret=-281.573 opt_ret=-281.573 step_rew=-2.8157 opt_step=-2.8157 gap0=281.573 dret=+56.850 eval_ret=n/a pursuer_target_distance=2.082 capture=0.000 score=0.000 pol=-0.0029 val=0.0206 ent=1.3276 tot=-0.0018 agnorm=0.079 cgnorm=0.091 kl=0.0030 clipf=0.027 ev=+0.895 r0=1.0000 entcoef=6.91e-03 lr=4.6e-04 seed=2
iter= 215 step= 691200 ep_ret=-321.240 opt_ret=-321.240 step_rew=-3.2124 opt_step=-3.2124 gap0=321.240 dret=+17.183 eval_ret=n/a pursuer_target_distance=2.612 capture=0.000 score=0.000 pol=-0.0027 val=0.0221 ent=1.3340 tot=-0.0008 agnorm=0.099 cgnorm=0.074 kl=0.0028 clipf=0.023 ev=+0.931 r0=1.0000 entcoef=6.90e-03 lr=4.6e-04 seed=2
iter= 216 step= 694400 ep_ret=-271.373 opt_ret=-271.373 step_rew=-2.7137 opt_step=-2.7137 gap0=271.373 dret=+67.050 eval_ret=n/a pursuer_target_distance=1.969 capture=0.000 score=0.000 pol=-0.0022 val=0.0173 ent=1.2856 tot=-0.0024 agnorm=0.085 cgnorm=0.089 kl=0.0022 clipf=0.016 ev=+0.908 r0=1.0000 entcoef=6.88e-03 lr=4.6e-04 seed=2
iter= 217 step= 697600 ep_ret=-327.773 opt_ret=-327.773 step_rew=-3.2777 opt_step=-3.2777 gap0=327.773 dret=+10.650 eval_ret=n/a pursuer_target_distance=2.747 capture=0.000 score=0.000 pol=-0.0028 val=0.0280 ent=1.2909 tot=+0.0023 agnorm=0.099 cgnorm=0.098 kl=0.0031 clipf=0.030 ev=+0.911 r0=1.0000 entcoef=6.87e-03 lr=4.6e-04 seed=2
iter= 218 step= 700800 ep_ret=-323.230 opt_ret=-323.230 step_rew=-3.2323 opt_step=-3.2323 gap0=323.230 dret=+15.193 eval_ret=n/a pursuer_target_distance=2.564 capture=0.000 score=0.000 pol=-0.0025 val=0.0171 ent=1.3225 tot=-0.0030 agnorm=0.100 cgnorm=0.081 kl=0.0022 clipf=0.019 ev=+0.908 r0=1.0000 entcoef=6.86e-03 lr=4.6e-04 seed=2
iter= 219 step= 704000 ep_ret=-291.538 opt_ret=-291.538 step_rew=-2.9154 opt_step=-2.9154 gap0=291.538 dret=+46.885 eval_ret=n/a pursuer_target_distance=2.190 capture=0.001 score=0.000 pol=-0.0027 val=0.0205 ent=1.2784 tot=-0.0012 agnorm=0.079 cgnorm=0.085 kl=0.0027 clipf=0.026 ev=+0.904 r0=1.0000 entcoef=6.84e-03 lr=4.6e-04 seed=2
iter= 220 step= 707200 ep_ret=-327.819 opt_ret=-327.819 step_rew=-3.2782 opt_step=-3.2782 gap0=327.819 dret=+10.604 eval_ret=-200.485 pursuer_target_distance=2.540 capture=0.007 score=0.002 pol=-0.0024 val=0.0482 ent=1.3548 tot=+0.0124 agnorm=0.077 cgnorm=0.120 kl=0.0026 clipf=0.024 ev=+0.872 r0=1.0000 entcoef=6.83e-03 lr=4.6e-04 seed=2
iter= 221 step= 710400 ep_ret=-294.844 opt_ret=-294.844 step_rew=-2.9484 opt_step=-2.9484 gap0=294.844 dret=+43.579 eval_ret=n/a pursuer_target_distance=2.237 capture=0.000 score=0.000 pol=-0.0031 val=0.0186 ent=1.3258 tot=-0.0028 agnorm=0.090 cgnorm=0.079 kl=0.0028 clipf=0.025 ev=+0.939 r0=1.0000 entcoef=6.81e-03 lr=4.6e-04 seed=2
iter= 222 step= 713600 ep_ret=-322.355 opt_ret=-322.355 step_rew=-3.2236 opt_step=-3.2236 gap0=322.355 dret=+16.068 eval_ret=n/a pursuer_target_distance=2.666 capture=0.004 score=0.001 pol=-0.0029 val=0.0340 ent=1.3210 tot=+0.0051 agnorm=0.091 cgnorm=0.102 kl=0.0027 clipf=0.025 ev=+0.936 r0=1.0000 entcoef=6.80e-03 lr=4.5e-04 seed=2
iter= 223 step= 716800 ep_ret=-319.560 opt_ret=-319.560 step_rew=-3.1956 opt_step=-3.1956 gap0=319.560 dret=+18.863 eval_ret=n/a pursuer_target_distance=2.466 capture=0.000 score=0.000 pol=-0.0030 val=0.0251 ent=1.3326 tot=+0.0005 agnorm=0.074 cgnorm=0.099 kl=0.0023 clipf=0.021 ev=+0.938 r0=1.0000 entcoef=6.78e-03 lr=4.5e-04 seed=2
iter= 224 step= 720000 ep_ret=-295.531 opt_ret=-295.531 step_rew=-2.9553 opt_step=-2.9553 gap0=295.531 dret=+42.892 eval_ret=n/a pursuer_target_distance=2.279 capture=0.002 score=0.000 pol=-0.0027 val=0.0243 ent=1.3111 tot=+0.0005 agnorm=0.074 cgnorm=0.097 kl=0.0021 clipf=0.017 ev=+0.876 r0=1.0000 entcoef=6.77e-03 lr=4.5e-04 seed=2
iter= 225 step= 723200 ep_ret=-291.342 opt_ret=-291.342 step_rew=-2.9134 opt_step=-2.9134 gap0=291.342 dret=+47.081 eval_ret=n/a pursuer_target_distance=2.260 capture=0.000 score=0.000 pol=-0.0025 val=0.0195 ent=1.2756 tot=-0.0013 agnorm=0.073 cgnorm=0.076 kl=0.0028 clipf=0.024 ev=+0.927 r0=1.0000 entcoef=6.75e-03 lr=4.5e-04 seed=2
iter= 226 step= 726400 ep_ret=-332.120 opt_ret=-332.120 step_rew=-3.3212 opt_step=-3.3212 gap0=332.120 dret=+6.302 eval_ret=n/a pursuer_target_distance=2.682 capture=0.000 score=0.000 pol=-0.0026 val=0.0245 ent=1.2904 tot=+0.0009 agnorm=0.090 cgnorm=0.091 kl=0.0023 clipf=0.017 ev=+0.937 r0=1.0000 entcoef=6.74e-03 lr=4.5e-04 seed=2
iter= 227 step= 729600 ep_ret=-257.877 opt_ret=-257.877 step_rew=-2.5788 opt_step=-2.5788 gap0=257.877 dret=+80.546 eval_ret=n/a pursuer_target_distance=1.956 capture=0.000 score=0.000 pol=-0.0032 val=0.0118 ent=1.2692 tot=-0.0058 agnorm=0.083 cgnorm=0.065 kl=0.0028 clipf=0.027 ev=+0.944 r0=1.0000 entcoef=6.73e-03 lr=4.5e-04 seed=2
iter= 228 step= 732800 ep_ret=-304.836 opt_ret=-304.836 step_rew=-3.0484 opt_step=-3.0484 gap0=304.836 dret=+33.587 eval_ret=n/a pursuer_target_distance=2.311 capture=0.000 score=0.000 pol=-0.0034 val=0.0124 ent=1.3241 tot=-0.0060 agnorm=0.109 cgnorm=0.060 kl=0.0026 clipf=0.027 ev=+0.938 r0=1.0000 entcoef=6.71e-03 lr=4.5e-04 seed=2
iter= 229 step= 736000 ep_ret=-238.136 opt_ret=-238.136 step_rew=-2.3814 opt_step=-2.3814 gap0=238.136 dret=+100.287 eval_ret=n/a pursuer_target_distance=1.675 capture=0.014 score=0.005 pol=-0.0033 val=0.0359 ent=1.3103 tot=+0.0059 agnorm=0.105 cgnorm=0.099 kl=0.0042 clipf=0.044 ev=+0.855 r0=1.0000 entcoef=6.70e-03 lr=4.5e-04 seed=2
iter= 230 step= 739200 ep_ret=-311.432 opt_ret=-311.432 step_rew=-3.1143 opt_step=-3.1143 gap0=311.432 dret=+26.991 eval_ret=n/a pursuer_target_distance=2.410 capture=0.000 score=0.000 pol=-0.0023 val=0.0187 ent=1.3231 tot=-0.0018 agnorm=0.065 cgnorm=0.092 kl=0.0022 clipf=0.017 ev=+0.919 r0=1.0000 entcoef=6.68e-03 lr=4.5e-04 seed=2
iter= 231 step= 742400 ep_ret=-325.116 opt_ret=-325.116 step_rew=-3.2512 opt_step=-3.2512 gap0=325.116 dret=+13.307 eval_ret=n/a pursuer_target_distance=2.546 capture=0.000 score=0.000 pol=-0.0032 val=0.0164 ent=1.3095 tot=-0.0037 agnorm=0.095 cgnorm=0.090 kl=0.0035 clipf=0.040 ev=+0.958 r0=1.0000 entcoef=6.67e-03 lr=4.4e-04 seed=2
iter= 232 step= 745600 ep_ret=-303.482 opt_ret=-303.482 step_rew=-3.0348 opt_step=-3.0348 gap0=303.482 dret=+34.941 eval_ret=n/a pursuer_target_distance=2.348 capture=0.000 score=0.000 pol=-0.0027 val=0.0249 ent=1.3077 tot=+0.0010 agnorm=0.066 cgnorm=0.092 kl=0.0022 clipf=0.019 ev=+0.885 r0=1.0000 entcoef=6.65e-03 lr=4.4e-04 seed=2
iter= 233 step= 748800 ep_ret=-274.781 opt_ret=-274.781 step_rew=-2.7478 opt_step=-2.7478 gap0=274.781 dret=+63.642 eval_ret=n/a pursuer_target_distance=2.133 capture=0.000 score=0.000 pol=-0.0027 val=0.0164 ent=1.2758 tot=-0.0029 agnorm=0.093 cgnorm=0.088 kl=0.0021 clipf=0.018 ev=+0.918 r0=1.0000 entcoef=6.64e-03 lr=4.4e-04 seed=2
iter= 234 step= 752000 ep_ret=-324.268 opt_ret=-324.268 step_rew=-3.2427 opt_step=-3.2427 gap0=324.268 dret=+14.155 eval_ret=n/a pursuer_target_distance=2.520 capture=0.000 score=0.000 pol=-0.0025 val=0.0209 ent=1.2629 tot=-0.0004 agnorm=0.078 cgnorm=0.102 kl=0.0020 clipf=0.020 ev=+0.947 r0=1.0000 entcoef=6.62e-03 lr=4.4e-04 seed=2
iter= 235 step= 755200 ep_ret=-262.691 opt_ret=-262.691 step_rew=-2.6269 opt_step=-2.6269 gap0=262.691 dret=+75.732 eval_ret=n/a pursuer_target_distance=1.984 capture=0.004 score=0.001 pol=-0.0026 val=0.0200 ent=1.3293 tot=-0.0014 agnorm=0.084 cgnorm=0.084 kl=0.0020 clipf=0.017 ev=+0.935 r0=1.0000 entcoef=6.61e-03 lr=4.4e-04 seed=2
iter= 236 step= 758400 ep_ret=-340.929 opt_ret=-340.929 step_rew=-3.4093 opt_step=-3.4093 gap0=340.929 dret=-2.506 eval_ret=n/a pursuer_target_distance=2.804 capture=0.000 score=0.000 pol=-0.0028 val=0.0227 ent=1.2740 tot=+0.0001 agnorm=0.105 cgnorm=0.100 kl=0.0025 clipf=0.021 ev=+0.927 r0=1.0000 entcoef=6.60e-03 lr=4.4e-04 seed=2
iter= 237 step= 761600 ep_ret=-325.873 opt_ret=-325.873 step_rew=-3.2587 opt_step=-3.2587 gap0=325.873 dret=+12.550 eval_ret=n/a pursuer_target_distance=2.536 capture=0.000 score=0.000 pol=-0.0036 val=0.0270 ent=1.3042 tot=+0.0013 agnorm=0.136 cgnorm=0.095 kl=0.0042 clipf=0.041 ev=+0.931 r0=1.0000 entcoef=6.58e-03 lr=4.4e-04 seed=2
iter= 238 step= 764800 ep_ret=-295.948 opt_ret=-295.948 step_rew=-2.9595 opt_step=-2.9595 gap0=295.948 dret=+42.475 eval_ret=n/a pursuer_target_distance=2.363 capture=0.000 score=0.000 pol=-0.0023 val=0.0198 ent=1.3083 tot=-0.0010 agnorm=0.067 cgnorm=0.081 kl=0.0022 clipf=0.020 ev=+0.947 r0=1.0000 entcoef=6.57e-03 lr=4.4e-04 seed=2
iter= 239 step= 768000 ep_ret=-279.634 opt_ret=-279.634 step_rew=-2.7963 opt_step=-2.7963 gap0=279.634 dret=+58.789 eval_ret=n/a pursuer_target_distance=2.043 capture=0.000 score=0.000 pol=-0.0032 val=0.0131 ent=1.3564 tot=-0.0056 agnorm=0.091 cgnorm=0.080 kl=0.0028 clipf=0.025 ev=+0.949 r0=1.0000 entcoef=6.55e-03 lr=4.4e-04 seed=2
iter= 240 step= 771200 ep_ret=-290.081 opt_ret=-290.081 step_rew=-2.9008 opt_step=-2.9008 gap0=290.081 dret=+48.342 eval_ret=-211.695 pursuer_target_distance=2.320 capture=0.009 score=0.003 pol=-0.0028 val=0.0471 ent=1.3272 tot=+0.0120 agnorm=0.110 cgnorm=0.120 kl=0.0028 clipf=0.027 ev=+0.885 r0=1.0000 entcoef=6.54e-03 lr=4.3e-04 seed=2
iter= 241 step= 774400 ep_ret=-332.301 opt_ret=-332.301 step_rew=-3.3230 opt_step=-3.3230 gap0=332.301 dret=+6.122 eval_ret=n/a pursuer_target_distance=2.332 capture=0.000 score=0.000 pol=-0.0030 val=0.0120 ent=1.3385 tot=-0.0057 agnorm=0.114 cgnorm=0.070 kl=0.0037 clipf=0.033 ev=+0.961 r0=1.0000 entcoef=6.52e-03 lr=4.3e-04 seed=2
iter= 242 step= 777600 ep_ret=-302.470 opt_ret=-302.470 step_rew=-3.0247 opt_step=-3.0247 gap0=302.470 dret=+35.953 eval_ret=n/a pursuer_target_distance=2.144 capture=0.000 score=0.000 pol=-0.0032 val=0.0135 ent=1.3488 tot=-0.0052 agnorm=0.093 cgnorm=0.074 kl=0.0026 clipf=0.023 ev=+0.949 r0=1.0000 entcoef=6.51e-03 lr=4.3e-04 seed=2
iter= 243 step= 780800 ep_ret=-278.578 opt_ret=-278.578 step_rew=-2.7858 opt_step=-2.7858 gap0=278.578 dret=+59.845 eval_ret=n/a pursuer_target_distance=2.088 capture=0.000 score=0.000 pol=-0.0028 val=0.0129 ent=1.3592 tot=-0.0051 agnorm=0.091 cgnorm=0.077 kl=0.0028 clipf=0.029 ev=+0.942 r0=1.0000 entcoef=6.50e-03 lr=4.3e-04 seed=2
iter= 244 step= 784000 ep_ret=-307.295 opt_ret=-307.295 step_rew=-3.0729 opt_step=-3.0729 gap0=307.295 dret=+31.128 eval_ret=n/a pursuer_target_distance=2.308 capture=0.000 score=0.000 pol=-0.0034 val=0.0159 ent=1.3602 tot=-0.0043 agnorm=0.093 cgnorm=0.084 kl=0.0029 clipf=0.027 ev=+0.952 r0=1.0000 entcoef=6.48e-03 lr=4.3e-04 seed=2
iter= 245 step= 787200 ep_ret=-313.215 opt_ret=-313.215 step_rew=-3.1322 opt_step=-3.1322 gap0=313.215 dret=+25.207 eval_ret=n/a pursuer_target_distance=2.394 capture=0.000 score=0.000 pol=-0.0023 val=0.0205 ent=1.3237 tot=-0.0006 agnorm=0.078 cgnorm=0.100 kl=0.0025 clipf=0.019 ev=+0.941 r0=1.0000 entcoef=6.47e-03 lr=4.3e-04 seed=2
iter= 246 step= 790400 ep_ret=-301.804 opt_ret=-301.804 step_rew=-3.0180 opt_step=-3.0180 gap0=301.804 dret=+36.619 eval_ret=n/a pursuer_target_distance=2.405 capture=0.001 score=0.000 pol=-0.0031 val=0.0166 ent=1.3288 tot=-0.0034 agnorm=0.097 cgnorm=0.090 kl=0.0030 clipf=0.027 ev=+0.947 r0=1.0000 entcoef=6.45e-03 lr=4.3e-04 seed=2
iter= 247 step= 793600 ep_ret=-299.901 opt_ret=-299.901 step_rew=-2.9990 opt_step=-2.9990 gap0=299.901 dret=+38.522 eval_ret=n/a pursuer_target_distance=2.248 capture=0.000 score=0.000 pol=-0.0025 val=0.0230 ent=1.3305 tot=+0.0004 agnorm=0.064 cgnorm=0.103 kl=0.0025 clipf=0.023 ev=+0.914 r0=1.0000 entcoef=6.44e-03 lr=4.3e-04 seed=2
iter= 248 step= 796800 ep_ret=-294.682 opt_ret=-294.682 step_rew=-2.9468 opt_step=-2.9468 gap0=294.682 dret=+43.740 eval_ret=n/a pursuer_target_distance=2.339 capture=0.000 score=0.000 pol=-0.0026 val=0.0168 ent=1.3045 tot=-0.0026 agnorm=0.084 cgnorm=0.099 kl=0.0022 clipf=0.019 ev=+0.926 r0=1.0000 entcoef=6.42e-03 lr=4.3e-04 seed=2
iter= 249 step= 800000 ep_ret=-330.774 opt_ret=-330.774 step_rew=-3.3077 opt_step=-3.3077 gap0=330.774 dret=+7.649 eval_ret=n/a pursuer_target_distance=2.533 capture=0.000 score=0.000 pol=-0.0029 val=0.0235 ent=1.2752 tot=+0.0007 agnorm=0.085 cgnorm=0.091 kl=0.0027 clipf=0.029 ev=+0.946 r0=1.0000 entcoef=6.41e-03 lr=4.2e-04 seed=2
iter= 250 step= 803200 ep_ret=-303.580 opt_ret=-303.580 step_rew=-3.0358 opt_step=-3.0358 gap0=303.580 dret=+34.843 eval_ret=n/a pursuer_target_distance=2.208 capture=0.000 score=0.000 pol=-0.0028 val=0.0170 ent=1.3556 tot=-0.0030 agnorm=0.080 cgnorm=0.089 kl=0.0026 clipf=0.022 ev=+0.940 r0=1.0000 entcoef=6.39e-03 lr=4.2e-04 seed=2
iter= 251 step= 806400 ep_ret=-307.949 opt_ret=-307.949 step_rew=-3.0795 opt_step=-3.0795 gap0=307.949 dret=+30.474 eval_ret=n/a pursuer_target_distance=2.460 capture=0.000 score=0.000 pol=-0.0031 val=0.0149 ent=1.3223 tot=-0.0040 agnorm=0.093 cgnorm=0.071 kl=0.0028 clipf=0.025 ev=+0.958 r0=1.0000 entcoef=6.38e-03 lr=4.2e-04 seed=2
iter= 252 step= 809600 ep_ret=-311.255 opt_ret=-311.255 step_rew=-3.1125 opt_step=-3.1125 gap0=311.255 dret=+27.168 eval_ret=n/a pursuer_target_distance=2.412 capture=0.000 score=0.000 pol=-0.0029 val=0.0210 ent=1.3217 tot=-0.0008 agnorm=0.080 cgnorm=0.094 kl=0.0022 clipf=0.023 ev=+0.936 r0=1.0000 entcoef=6.37e-03 lr=4.2e-04 seed=2
iter= 253 step= 812800 ep_ret=-302.692 opt_ret=-302.692 step_rew=-3.0269 opt_step=-3.0269 gap0=302.692 dret=+35.731 eval_ret=n/a pursuer_target_distance=2.198 capture=0.000 score=0.000 pol=-0.0033 val=0.0150 ent=1.3329 tot=-0.0042 agnorm=0.082 cgnorm=0.079 kl=0.0030 clipf=0.029 ev=+0.949 r0=1.0000 entcoef=6.35e-03 lr=4.2e-04 seed=2
iter= 254 step= 816000 ep_ret=-328.154 opt_ret=-328.154 step_rew=-3.2815 opt_step=-3.2815 gap0=328.154 dret=+10.269 eval_ret=n/a pursuer_target_distance=2.690 capture=0.000 score=0.000 pol=-0.0023 val=0.0194 ent=1.3320 tot=-0.0010 agnorm=0.080 cgnorm=0.075 kl=0.0032 clipf=0.031 ev=+0.934 r0=1.0000 entcoef=6.34e-03 lr=4.2e-04 seed=2
iter= 255 step= 819200 ep_ret=-327.918 opt_ret=-327.918 step_rew=-3.2792 opt_step=-3.2792 gap0=327.918 dret=+10.505 eval_ret=n/a pursuer_target_distance=2.355 capture=0.000 score=0.000 pol=-0.0034 val=0.0175 ent=1.3180 tot=-0.0030 agnorm=0.104 cgnorm=0.083 kl=0.0028 clipf=0.028 ev=+0.941 r0=1.0000 entcoef=6.32e-03 lr=4.2e-04 seed=2
iter= 256 step= 822400 ep_ret=-320.217 opt_ret=-320.217 step_rew=-3.2022 opt_step=-3.2022 gap0=320.217 dret=+18.205 eval_ret=n/a pursuer_target_distance=2.277 capture=0.000 score=0.000 pol=-0.0025 val=0.0215 ent=1.3202 tot=-0.0000 agnorm=0.101 cgnorm=0.095 kl=0.0033 clipf=0.032 ev=+0.947 r0=1.0000 entcoef=6.31e-03 lr=4.2e-04 seed=2
iter= 257 step= 825600 ep_ret=-326.441 opt_ret=-326.441 step_rew=-3.2644 opt_step=-3.2644 gap0=326.441 dret=+11.982 eval_ret=n/a pursuer_target_distance=2.529 capture=0.000 score=0.000 pol=-0.0030 val=0.0188 ent=1.3531 tot=-0.0021 agnorm=0.087 cgnorm=0.093 kl=0.0025 clipf=0.022 ev=+0.931 r0=1.0000 entcoef=6.29e-03 lr=4.2e-04 seed=2
iter= 258 step= 828800 ep_ret=-310.463 opt_ret=-310.463 step_rew=-3.1046 opt_step=-3.1046 gap0=310.463 dret=+27.960 eval_ret=n/a pursuer_target_distance=2.401 capture=0.000 score=0.000 pol=-0.0033 val=0.0178 ent=1.3617 tot=-0.0029 agnorm=0.090 cgnorm=0.104 kl=0.0021 clipf=0.019 ev=+0.906 r0=1.0000 entcoef=6.28e-03 lr=4.1e-04 seed=2
iter= 259 step= 832000 ep_ret=-263.722 opt_ret=-263.722 step_rew=-2.6372 opt_step=-2.6372 gap0=263.722 dret=+74.701 eval_ret=n/a pursuer_target_distance=1.901 capture=0.000 score=0.000 pol=-0.0021 val=0.0144 ent=1.3613 tot=-0.0034 agnorm=0.070 cgnorm=0.095 kl=0.0023 clipf=0.021 ev=+0.932 r0=1.0000 entcoef=6.26e-03 lr=4.1e-04 seed=2
iter= 260 step= 835200 ep_ret=-285.964 opt_ret=-285.964 step_rew=-2.8596 opt_step=-2.8596 gap0=285.964 dret=+52.459 eval_ret=-180.868 pursuer_target_distance=2.169 capture=0.000 score=0.000 pol=-0.0037 val=0.0163 ent=1.3951 tot=-0.0043 agnorm=0.094 cgnorm=0.088 kl=0.0035 clipf=0.041 ev=+0.907 r0=1.0000 entcoef=6.25e-03 lr=4.1e-04 seed=2
iter= 261 step= 838400 ep_ret=-280.968 opt_ret=-280.968 step_rew=-2.8097 opt_step=-2.8097 gap0=280.968 dret=+57.455 eval_ret=n/a pursuer_target_distance=2.124 capture=0.000 score=0.000 pol=-0.0024 val=0.0154 ent=1.3642 tot=-0.0032 agnorm=0.066 cgnorm=0.086 kl=0.0019 clipf=0.015 ev=+0.917 r0=1.0000 entcoef=6.24e-03 lr=4.1e-04 seed=2
iter= 262 step= 841600 ep_ret=-274.682 opt_ret=-274.682 step_rew=-2.7468 opt_step=-2.7468 gap0=274.682 dret=+63.741 eval_ret=n/a pursuer_target_distance=2.174 capture=0.000 score=0.000 pol=-0.0038 val=0.0166 ent=1.4067 tot=-0.0042 agnorm=0.092 cgnorm=0.099 kl=0.0032 clipf=0.035 ev=+0.897 r0=1.0000 entcoef=6.22e-03 lr=4.1e-04 seed=2
iter= 263 step= 844800 ep_ret=-329.428 opt_ret=-329.428 step_rew=-3.2943 opt_step=-3.2943 gap0=329.428 dret=+8.995 eval_ret=n/a pursuer_target_distance=2.634 capture=0.000 score=0.000 pol=-0.0029 val=0.0207 ent=1.4183 tot=-0.0014 agnorm=0.094 cgnorm=0.098 kl=0.0034 clipf=0.029 ev=+0.905 r0=1.0000 entcoef=6.21e-03 lr=4.1e-04 seed=2
iter= 264 step= 848000 ep_ret=-311.010 opt_ret=-311.010 step_rew=-3.1101 opt_step=-3.1101 gap0=311.010 dret=+27.413 eval_ret=n/a pursuer_target_distance=2.233 capture=0.000 score=0.000 pol=-0.0022 val=0.0164 ent=1.4013 tot=-0.0027 agnorm=0.070 cgnorm=0.089 kl=0.0019 clipf=0.016 ev=+0.943 r0=1.0000 entcoef=6.19e-03 lr=4.1e-04 seed=2
iter= 265 step= 851200 ep_ret=-304.385 opt_ret=-304.385 step_rew=-3.0438 opt_step=-3.0438 gap0=304.385 dret=+34.038 eval_ret=n/a pursuer_target_distance=2.291 capture=0.000 score=0.000 pol=-0.0026 val=0.0157 ent=1.4307 tot=-0.0035 agnorm=0.077 cgnorm=0.086 kl=0.0021 clipf=0.017 ev=+0.935 r0=1.0000 entcoef=6.18e-03 lr=4.1e-04 seed=2
iter= 266 step= 854400 ep_ret=-325.431 opt_ret=-325.431 step_rew=-3.2543 opt_step=-3.2543 gap0=325.431 dret=+12.992 eval_ret=n/a pursuer_target_distance=2.564 capture=0.000 score=0.000 pol=-0.0038 val=0.0177 ent=1.4206 tot=-0.0037 agnorm=0.089 cgnorm=0.108 kl=0.0029 clipf=0.028 ev=+0.919 r0=1.0000 entcoef=6.16e-03 lr=4.1e-04 seed=2
iter= 267 step= 857600 ep_ret=-314.967 opt_ret=-314.967 step_rew=-3.1497 opt_step=-3.1497 gap0=314.967 dret=+23.456 eval_ret=n/a pursuer_target_distance=2.615 capture=0.000 score=0.000 pol=-0.0027 val=0.0172 ent=1.3812 tot=-0.0026 agnorm=0.074 cgnorm=0.090 kl=0.0022 clipf=0.020 ev=+0.949 r0=1.0000 entcoef=6.15e-03 lr=4.0e-04 seed=2
iter= 268 step= 860800 ep_ret=-308.361 opt_ret=-308.361 step_rew=-3.0836 opt_step=-3.0836 gap0=308.361 dret=+30.062 eval_ret=n/a pursuer_target_distance=2.281 capture=0.000 score=0.000 pol=-0.0027 val=0.0139 ent=1.4152 tot=-0.0044 agnorm=0.066 cgnorm=0.073 kl=0.0022 clipf=0.018 ev=+0.944 r0=1.0000 entcoef=6.13e-03 lr=4.0e-04 seed=2
iter= 269 step= 864000 ep_ret=-297.285 opt_ret=-297.285 step_rew=-2.9729 opt_step=-2.9729 gap0=297.285 dret=+41.138 eval_ret=n/a pursuer_target_distance=2.320 capture=0.000 score=0.000 pol=-0.0025 val=0.0135 ent=1.4056 tot=-0.0043 agnorm=0.084 cgnorm=0.087 kl=0.0018 clipf=0.014 ev=+0.941 r0=1.0000 entcoef=6.12e-03 lr=4.0e-04 seed=2
iter= 270 step= 867200 ep_ret=-330.096 opt_ret=-330.096 step_rew=-3.3010 opt_step=-3.3010 gap0=330.096 dret=+8.327 eval_ret=n/a pursuer_target_distance=2.475 capture=0.000 score=0.000 pol=-0.0025 val=0.0166 ent=1.4139 tot=-0.0028 agnorm=0.112 cgnorm=0.077 kl=0.0028 clipf=0.022 ev=+0.942 r0=1.0000 entcoef=6.11e-03 lr=4.0e-04 seed=2
iter= 271 step= 870400 ep_ret=-303.405 opt_ret=-303.405 step_rew=-3.0340 opt_step=-3.0340 gap0=303.405 dret=+35.018 eval_ret=n/a pursuer_target_distance=2.302 capture=0.000 score=0.000 pol=-0.0025 val=0.0201 ent=1.3909 tot=-0.0009 agnorm=0.084 cgnorm=0.084 kl=0.0026 clipf=0.022 ev=+0.928 r0=1.0000 entcoef=6.09e-03 lr=4.0e-04 seed=2
iter= 272 step= 873600 ep_ret=-277.862 opt_ret=-277.862 step_rew=-2.7786 opt_step=-2.7786 gap0=277.862 dret=+60.561 eval_ret=n/a pursuer_target_distance=2.041 capture=0.000 score=0.000 pol=-0.0028 val=0.0115 ent=1.3844 tot=-0.0055 agnorm=0.074 cgnorm=0.073 kl=0.0031 clipf=0.032 ev=+0.941 r0=1.0000 entcoef=6.08e-03 lr=4.0e-04 seed=2
iter= 273 step= 876800 ep_ret=-292.576 opt_ret=-292.576 step_rew=-2.9258 opt_step=-2.9258 gap0=292.576 dret=+45.847 eval_ret=n/a pursuer_target_distance=2.330 capture=0.000 score=0.000 pol=-0.0028 val=0.0187 ent=1.3807 tot=-0.0018 agnorm=0.081 cgnorm=0.100 kl=0.0023 clipf=0.021 ev=+0.922 r0=1.0000 entcoef=6.06e-03 lr=4.0e-04 seed=2
iter= 274 step= 880000 ep_ret=-330.406 opt_ret=-330.406 step_rew=-3.3041 opt_step=-3.3041 gap0=330.406 dret=+8.017 eval_ret=n/a pursuer_target_distance=2.416 capture=0.000 score=0.000 pol=-0.0026 val=0.0250 ent=1.3741 tot=+0.0016 agnorm=0.078 cgnorm=0.101 kl=0.0022 clipf=0.019 ev=+0.921 r0=1.0000 entcoef=6.05e-03 lr=4.0e-04 seed=2
iter= 275 step= 883200 ep_ret=-245.356 opt_ret=-245.356 step_rew=-2.4536 opt_step=-2.4536 gap0=245.356 dret=+93.067 eval_ret=n/a pursuer_target_distance=1.833 capture=0.005 score=0.002 pol=-0.0024 val=0.0271 ent=1.3690 tot=+0.0029 agnorm=0.083 cgnorm=0.117 kl=0.0018 clipf=0.016 ev=+0.903 r0=1.0000 entcoef=6.03e-03 lr=4.0e-04 seed=2
iter= 276 step= 886400 ep_ret=-312.656 opt_ret=-312.656 step_rew=-3.1266 opt_step=-3.1266 gap0=312.656 dret=+25.767 eval_ret=n/a pursuer_target_distance=2.292 capture=0.000 score=0.000 pol=-0.0028 val=0.0251 ent=1.3972 tot=+0.0014 agnorm=0.073 cgnorm=0.101 kl=0.0024 clipf=0.021 ev=+0.924 r0=1.0000 entcoef=6.02e-03 lr=3.9e-04 seed=2
iter= 277 step= 889600 ep_ret=-302.451 opt_ret=-302.451 step_rew=-3.0245 opt_step=-3.0245 gap0=302.451 dret=+35.972 eval_ret=n/a pursuer_target_distance=2.314 capture=0.000 score=0.000 pol=-0.0029 val=0.0244 ent=1.3954 tot=+0.0009 agnorm=0.085 cgnorm=0.115 kl=0.0023 clipf=0.021 ev=+0.912 r0=1.0000 entcoef=6.00e-03 lr=3.9e-04 seed=2
iter= 278 step= 892800 ep_ret=-303.303 opt_ret=-303.303 step_rew=-3.0330 opt_step=-3.0330 gap0=303.303 dret=+35.120 eval_ret=n/a pursuer_target_distance=2.158 capture=0.000 score=0.000 pol=-0.0025 val=0.0110 ent=1.3966 tot=-0.0054 agnorm=0.088 cgnorm=0.065 kl=0.0020 clipf=0.015 ev=+0.958 r0=1.0000 entcoef=5.99e-03 lr=3.9e-04 seed=2
iter= 279 step= 896000 ep_ret=-271.327 opt_ret=-271.327 step_rew=-2.7133 opt_step=-2.7133 gap0=271.327 dret=+67.096 eval_ret=n/a pursuer_target_distance=2.005 capture=0.001 score=0.000 pol=-0.0030 val=0.0148 ent=1.3709 tot=-0.0038 agnorm=0.091 cgnorm=0.104 kl=0.0032 clipf=0.030 ev=+0.868 r0=1.0000 entcoef=5.98e-03 lr=3.9e-04 seed=2
iter= 280 step= 899200 ep_ret=-279.744 opt_ret=-279.744 step_rew=-2.7974 opt_step=-2.7974 gap0=279.744 dret=+58.679 eval_ret=-212.226 pursuer_target_distance=2.194 capture=0.000 score=0.000 pol=-0.0038 val=0.0149 ent=1.3479 tot=-0.0043 agnorm=0.093 cgnorm=0.071 kl=0.0030 clipf=0.032 ev=+0.939 r0=1.0000 entcoef=5.96e-03 lr=3.9e-04 seed=2
iter= 281 step= 902400 ep_ret=-297.114 opt_ret=-297.114 step_rew=-2.9711 opt_step=-2.9711 gap0=297.114 dret=+41.309 eval_ret=n/a pursuer_target_distance=2.276 capture=0.002 score=0.001 pol=-0.0026 val=0.0217 ent=1.3575 tot=+0.0001 agnorm=0.089 cgnorm=0.087 kl=0.0024 clipf=0.019 ev=+0.941 r0=1.0000 entcoef=5.95e-03 lr=3.9e-04 seed=2
iter= 282 step= 905600 ep_ret=-315.697 opt_ret=-315.697 step_rew=-3.1570 opt_step=-3.1570 gap0=315.697 dret=+22.726 eval_ret=n/a pursuer_target_distance=2.560 capture=0.000 score=0.000 pol=-0.0028 val=0.0179 ent=1.3578 tot=-0.0019 agnorm=0.103 cgnorm=0.090 kl=0.0029 clipf=0.027 ev=+0.915 r0=1.0000 entcoef=5.93e-03 lr=3.9e-04 seed=2
iter= 283 step= 908800 ep_ret=-280.162 opt_ret=-280.162 step_rew=-2.8016 opt_step=-2.8016 gap0=280.162 dret=+58.261 eval_ret=n/a pursuer_target_distance=2.198 capture=0.000 score=0.000 pol=-0.0023 val=0.0214 ent=1.3471 tot=+0.0005 agnorm=0.081 cgnorm=0.091 kl=0.0025 clipf=0.024 ev=+0.900 r0=1.0000 entcoef=5.92e-03 lr=3.9e-04 seed=2
iter= 284 step= 912000 ep_ret=-304.696 opt_ret=-304.696 step_rew=-3.0470 opt_step=-3.0470 gap0=304.696 dret=+33.727 eval_ret=n/a pursuer_target_distance=2.418 capture=0.000 score=0.000 pol=-0.0020 val=0.0174 ent=1.3409 tot=-0.0012 agnorm=0.067 cgnorm=0.076 kl=0.0029 clipf=0.027 ev=+0.953 r0=1.0000 entcoef=5.90e-03 lr=3.9e-04 seed=2
iter= 285 step= 915200 ep_ret=-290.271 opt_ret=-290.271 step_rew=-2.9027 opt_step=-2.9027 gap0=290.271 dret=+48.152 eval_ret=n/a pursuer_target_distance=2.230 capture=0.000 score=0.000 pol=-0.0035 val=0.0205 ent=1.3841 tot=-0.0014 agnorm=0.094 cgnorm=0.107 kl=0.0037 clipf=0.032 ev=+0.907 r0=1.0000 entcoef=5.89e-03 lr=3.8e-04 seed=2
iter= 286 step= 918400 ep_ret=-281.263 opt_ret=-281.263 step_rew=-2.8126 opt_step=-2.8126 gap0=281.263 dret=+57.159 eval_ret=n/a pursuer_target_distance=2.187 capture=0.000 score=0.000 pol=-0.0032 val=0.0166 ent=1.3641 tot=-0.0029 agnorm=0.085 cgnorm=0.081 kl=0.0025 clipf=0.020 ev=+0.882 r0=1.0000 entcoef=5.88e-03 lr=3.8e-04 seed=2
iter= 287 step= 921600 ep_ret=-289.783 opt_ret=-289.783 step_rew=-2.8978 opt_step=-2.8978 gap0=289.783 dret=+48.640 eval_ret=n/a pursuer_target_distance=2.210 capture=0.000 score=0.000 pol=-0.0027 val=0.0188 ent=1.3406 tot=-0.0012 agnorm=0.166 cgnorm=0.097 kl=0.0029 clipf=0.026 ev=+0.885 r0=1.0000 entcoef=5.86e-03 lr=3.8e-04 seed=2
iter= 288 step= 924800 ep_ret=-320.361 opt_ret=-320.361 step_rew=-3.2036 opt_step=-3.2036 gap0=320.361 dret=+18.062 eval_ret=n/a pursuer_target_distance=2.448 capture=0.000 score=0.000 pol=-0.0022 val=0.0155 ent=1.3101 tot=-0.0021 agnorm=0.077 cgnorm=0.072 kl=0.0022 clipf=0.021 ev=+0.941 r0=1.0000 entcoef=5.85e-03 lr=3.8e-04 seed=2
iter= 289 step= 928000 ep_ret=-289.765 opt_ret=-289.765 step_rew=-2.8977 opt_step=-2.8977 gap0=289.765 dret=+48.658 eval_ret=n/a pursuer_target_distance=2.279 capture=0.000 score=0.000 pol=-0.0031 val=0.0154 ent=1.2976 tot=-0.0030 agnorm=0.086 cgnorm=0.072 kl=0.0032 clipf=0.033 ev=+0.938 r0=1.0000 entcoef=5.83e-03 lr=3.8e-04 seed=2
iter= 290 step= 931200 ep_ret=-254.286 opt_ret=-254.286 step_rew=-2.5429 opt_step=-2.5429 gap0=254.286 dret=+84.137 eval_ret=n/a pursuer_target_distance=1.758 capture=0.000 score=0.000 pol=-0.0032 val=0.0150 ent=1.3552 tot=-0.0036 agnorm=0.127 cgnorm=0.077 kl=0.0036 clipf=0.036 ev=+0.941 r0=1.0000 entcoef=5.82e-03 lr=3.8e-04 seed=2
iter= 291 step= 934400 ep_ret=-262.921 opt_ret=-262.921 step_rew=-2.6292 opt_step=-2.6292 gap0=262.921 dret=+75.502 eval_ret=n/a pursuer_target_distance=2.180 capture=0.012 score=0.004 pol=-0.0021 val=0.0374 ent=1.3162 tot=+0.0089 agnorm=0.069 cgnorm=0.088 kl=0.0024 clipf=0.021 ev=+0.824 r0=1.0000 entcoef=5.80e-03 lr=3.8e-04 seed=2
iter= 292 step= 937600 ep_ret=-321.499 opt_ret=-321.499 step_rew=-3.2150 opt_step=-3.2150 gap0=321.499 dret=+16.924 eval_ret=n/a pursuer_target_distance=2.623 capture=0.000 score=0.000 pol=-0.0026 val=0.0213 ent=1.3439 tot=+0.0003 agnorm=0.104 cgnorm=0.117 kl=0.0023 clipf=0.019 ev=+0.895 r0=1.0000 entcoef=5.79e-03 lr=3.8e-04 seed=2
iter= 293 step= 940800 ep_ret=-305.870 opt_ret=-305.870 step_rew=-3.0587 opt_step=-3.0587 gap0=305.870 dret=+32.553 eval_ret=n/a pursuer_target_distance=2.213 capture=0.002 score=0.001 pol=-0.0028 val=0.0147 ent=1.3827 tot=-0.0034 agnorm=0.115 cgnorm=0.087 kl=0.0033 clipf=0.035 ev=+0.944 r0=1.0000 entcoef=5.77e-03 lr=3.8e-04 seed=2
iter= 294 step= 944000 ep_ret=-293.896 opt_ret=-293.896 step_rew=-2.9390 opt_step=-2.9390 gap0=293.896 dret=+44.527 eval_ret=n/a pursuer_target_distance=2.267 capture=0.000 score=0.000 pol=-0.0028 val=0.0128 ent=1.3532 tot=-0.0043 agnorm=0.132 cgnorm=0.084 kl=0.0028 clipf=0.026 ev=+0.956 r0=1.0000 entcoef=5.76e-03 lr=3.7e-04 seed=2
iter= 295 step= 947200 ep_ret=-315.382 opt_ret=-315.382 step_rew=-3.1538 opt_step=-3.1538 gap0=315.382 dret=+23.040 eval_ret=n/a pursuer_target_distance=2.440 capture=0.001 score=0.000 pol=-0.0030 val=0.0164 ent=1.3539 tot=-0.0026 agnorm=0.111 cgnorm=0.086 kl=0.0031 clipf=0.031 ev=+0.942 r0=1.0000 entcoef=5.75e-03 lr=3.7e-04 seed=2
iter= 296 step= 950400 ep_ret=-287.115 opt_ret=-287.115 step_rew=-2.8712 opt_step=-2.8712 gap0=287.115 dret=+51.308 eval_ret=n/a pursuer_target_distance=2.265 capture=0.006 score=0.002 pol=-0.0022 val=0.0331 ent=1.3708 tot=+0.0065 agnorm=0.101 cgnorm=0.111 kl=0.0027 clipf=0.026 ev=+0.894 r0=1.0000 entcoef=5.73e-03 lr=3.7e-04 seed=2
iter= 297 step= 953600 ep_ret=-253.728 opt_ret=-253.728 step_rew=-2.5373 opt_step=-2.5373 gap0=253.728 dret=+84.695 eval_ret=n/a pursuer_target_distance=1.821 capture=0.000 score=0.000 pol=-0.0027 val=0.0138 ent=1.3386 tot=-0.0035 agnorm=0.088 cgnorm=0.100 kl=0.0015 clipf=0.012 ev=+0.919 r0=1.0000 entcoef=5.72e-03 lr=3.7e-04 seed=2
iter= 298 step= 956800 ep_ret=-268.619 opt_ret=-268.619 step_rew=-2.6862 opt_step=-2.6862 gap0=268.619 dret=+69.803 eval_ret=n/a pursuer_target_distance=2.213 capture=0.000 score=0.000 pol=-0.0028 val=0.0130 ent=1.3320 tot=-0.0038 agnorm=0.098 cgnorm=0.067 kl=0.0028 clipf=0.025 ev=+0.940 r0=1.0000 entcoef=5.70e-03 lr=3.7e-04 seed=2
iter= 299 step= 960000 ep_ret=-293.180 opt_ret=-293.180 step_rew=-2.9318 opt_step=-2.9318 gap0=293.180 dret=+45.243 eval_ret=n/a pursuer_target_distance=2.264 capture=0.000 score=0.000 pol=-0.0028 val=0.0170 ent=1.3201 tot=-0.0019 agnorm=0.110 cgnorm=0.095 kl=0.0021 clipf=0.018 ev=+0.923 r0=1.0000 entcoef=5.69e-03 lr=3.7e-04 seed=2
iter= 300 step= 963200 ep_ret=-327.209 opt_ret=-327.209 step_rew=-3.2721 opt_step=-3.2721 gap0=327.209 dret=+11.214 eval_ret=-170.191 pursuer_target_distance=2.596 capture=0.000 score=0.000 pol=-0.0026 val=0.0158 ent=1.3379 tot=-0.0023 agnorm=0.074 cgnorm=0.085 kl=0.0020 clipf=0.018 ev=+0.952 r0=1.0000 entcoef=5.67e-03 lr=3.7e-04 seed=2
iter= 301 step= 966400 ep_ret=-277.775 opt_ret=-277.775 step_rew=-2.7777 opt_step=-2.7777 gap0=277.775 dret=+60.648 eval_ret=n/a pursuer_target_distance=2.144 capture=0.009 score=0.003 pol=-0.0029 val=0.0331 ent=1.3303 tot=+0.0061 agnorm=0.097 cgnorm=0.114 kl=0.0033 clipf=0.037 ev=+0.878 r0=1.0000 entcoef=5.66e-03 lr=3.7e-04 seed=2
iter= 302 step= 969600 ep_ret=-286.728 opt_ret=-286.728 step_rew=-2.8673 opt_step=-2.8673 gap0=286.728 dret=+51.695 eval_ret=n/a pursuer_target_distance=2.038 capture=0.000 score=0.000 pol=-0.0032 val=0.0155 ent=1.2871 tot=-0.0027 agnorm=0.087 cgnorm=0.079 kl=0.0022 clipf=0.020 ev=+0.921 r0=1.0000 entcoef=5.64e-03 lr=3.7e-04 seed=2
iter= 303 step= 972800 ep_ret=-313.021 opt_ret=-313.021 step_rew=-3.1302 opt_step=-3.1302 gap0=313.021 dret=+25.402 eval_ret=n/a pursuer_target_distance=2.391 capture=0.000 score=0.000 pol=-0.0035 val=0.0208 ent=1.2985 tot=-0.0004 agnorm=0.092 cgnorm=0.104 kl=0.0033 clipf=0.036 ev=+0.906 r0=1.0000 entcoef=5.63e-03 lr=3.6e-04 seed=2
iter= 304 step= 976000 ep_ret=-326.620 opt_ret=-326.620 step_rew=-3.2662 opt_step=-3.2662 gap0=326.620 dret=+11.803 eval_ret=n/a pursuer_target_distance=2.488 capture=0.000 score=0.000 pol=-0.0029 val=0.0134 ent=1.3099 tot=-0.0036 agnorm=0.086 cgnorm=0.084 kl=0.0026 clipf=0.026 ev=+0.940 r0=1.0000 entcoef=5.62e-03 lr=3.6e-04 seed=2
iter= 305 step= 979200 ep_ret=-257.373 opt_ret=-257.373 step_rew=-2.5737 opt_step=-2.5737 gap0=257.373 dret=+81.050 eval_ret=n/a pursuer_target_distance=1.939 capture=0.000 score=0.000 pol=-0.0019 val=0.0114 ent=1.2871 tot=-0.0034 agnorm=0.080 cgnorm=0.087 kl=0.0025 clipf=0.019 ev=+0.945 r0=1.0000 entcoef=5.60e-03 lr=3.6e-04 seed=2
iter= 306 step= 982400 ep_ret=-273.833 opt_ret=-273.833 step_rew=-2.7383 opt_step=-2.7383 gap0=273.833 dret=+64.590 eval_ret=n/a pursuer_target_distance=1.913 capture=0.000 score=0.000 pol=-0.0026 val=0.0121 ent=1.2754 tot=-0.0037 agnorm=0.071 cgnorm=0.065 kl=0.0027 clipf=0.025 ev=+0.944 r0=1.0000 entcoef=5.59e-03 lr=3.6e-04 seed=2
iter= 307 step= 985600 ep_ret=-300.940 opt_ret=-300.940 step_rew=-3.0094 opt_step=-3.0094 gap0=300.940 dret=+37.483 eval_ret=n/a pursuer_target_distance=2.423 capture=0.000 score=0.000 pol=-0.0032 val=0.0156 ent=1.2841 tot=-0.0026 agnorm=0.082 cgnorm=0.080 kl=0.0027 clipf=0.023 ev=+0.952 r0=1.0000 entcoef=5.57e-03 lr=3.6e-04 seed=2
iter= 308 step= 988800 ep_ret=-288.263 opt_ret=-288.263 step_rew=-2.8826 opt_step=-2.8826 gap0=288.263 dret=+50.160 eval_ret=n/a pursuer_target_distance=1.954 capture=0.001 score=0.000 pol=-0.0032 val=0.0097 ent=1.2589 tot=-0.0054 agnorm=0.112 cgnorm=0.066 kl=0.0030 clipf=0.027 ev=+0.964 r0=1.0000 entcoef=5.56e-03 lr=3.6e-04 seed=2
iter= 309 step= 992000 ep_ret=-278.002 opt_ret=-278.002 step_rew=-2.7800 opt_step=-2.7800 gap0=278.002 dret=+60.421 eval_ret=n/a pursuer_target_distance=2.152 capture=0.000 score=0.000 pol=-0.0030 val=0.0142 ent=1.2893 tot=-0.0031 agnorm=0.109 cgnorm=0.091 kl=0.0031 clipf=0.031 ev=+0.906 r0=1.0000 entcoef=5.54e-03 lr=3.6e-04 seed=2
iter= 310 step= 995200 ep_ret=-280.696 opt_ret=-280.696 step_rew=-2.8070 opt_step=-2.8070 gap0=280.696 dret=+57.727 eval_ret=n/a pursuer_target_distance=1.997 capture=0.000 score=0.000 pol=-0.0031 val=0.0171 ent=1.2613 tot=-0.0016 agnorm=0.103 cgnorm=0.085 kl=0.0028 clipf=0.028 ev=+0.927 r0=1.0000 entcoef=5.53e-03 lr=3.6e-04 seed=2
iter= 311 step= 998400 ep_ret=-286.741 opt_ret=-286.741 step_rew=-2.8674 opt_step=-2.8674 gap0=286.741 dret=+51.682 eval_ret=n/a pursuer_target_distance=2.041 capture=0.000 score=0.000 pol=-0.0026 val=0.0152 ent=1.2152 tot=-0.0017 agnorm=0.082 cgnorm=0.064 kl=0.0023 clipf=0.021 ev=+0.941 r0=1.0000 entcoef=5.51e-03 lr=3.6e-04 seed=2
iter= 312 step=1001600 ep_ret=-267.440 opt_ret=-267.440 step_rew=-2.6744 opt_step=-2.6744 gap0=267.440 dret=+70.983 eval_ret=n/a pursuer_target_distance=1.909 capture=0.000 score=0.000 pol=-0.0027 val=0.0149 ent=1.2539 tot=-0.0021 agnorm=0.078 cgnorm=0.071 kl=0.0023 clipf=0.022 ev=+0.912 r0=1.0000 entcoef=5.50e-03 lr=3.6e-04 seed=2
iter= 313 step=1004800 ep_ret=-279.376 opt_ret=-279.376 step_rew=-2.7938 opt_step=-2.7938 gap0=279.376 dret=+59.047 eval_ret=n/a pursuer_target_distance=2.181 capture=0.003 score=0.001 pol=-0.0031 val=0.0206 ent=1.2637 tot=+0.0003 agnorm=0.094 cgnorm=0.095 kl=0.0026 clipf=0.023 ev=+0.927 r0=1.0000 entcoef=5.49e-03 lr=3.5e-04 seed=2
iter= 314 step=1008000 ep_ret=-259.122 opt_ret=-259.122 step_rew=-2.5912 opt_step=-2.5912 gap0=259.122 dret=+79.301 eval_ret=n/a pursuer_target_distance=2.163 capture=0.012 score=0.004 pol=-0.0020 val=0.0459 ent=1.2477 tot=+0.0141 agnorm=0.098 cgnorm=0.104 kl=0.0019 clipf=0.016 ev=+0.771 r0=1.0000 entcoef=5.47e-03 lr=3.5e-04 seed=2
iter= 315 step=1011200 ep_ret=-293.769 opt_ret=-293.769 step_rew=-2.9377 opt_step=-2.9377 gap0=293.769 dret=+44.654 eval_ret=n/a pursuer_target_distance=2.284 capture=0.000 score=0.000 pol=-0.0035 val=0.0155 ent=1.2733 tot=-0.0027 agnorm=0.094 cgnorm=0.097 kl=0.0029 clipf=0.031 ev=+0.937 r0=1.0000 entcoef=5.46e-03 lr=3.5e-04 seed=2
iter= 316 step=1014400 ep_ret=-260.151 opt_ret=-260.151 step_rew=-2.6015 opt_step=-2.6015 gap0=260.151 dret=+78.272 eval_ret=n/a pursuer_target_distance=1.989 capture=0.000 score=0.000 pol=-0.0034 val=0.0141 ent=1.2338 tot=-0.0030 agnorm=0.107 cgnorm=0.087 kl=0.0031 clipf=0.029 ev=+0.902 r0=1.0000 entcoef=5.44e-03 lr=3.5e-04 seed=2
iter= 317 step=1017600 ep_ret=-260.807 opt_ret=-260.807 step_rew=-2.6081 opt_step=-2.6081 gap0=260.807 dret=+77.616 eval_ret=n/a pursuer_target_distance=2.008 capture=0.011 score=0.004 pol=-0.0018 val=0.0345 ent=1.2543 tot=+0.0087 agnorm=0.162 cgnorm=0.099 kl=0.0029 clipf=0.024 ev=+0.863 r0=1.0000 entcoef=5.43e-03 lr=3.5e-04 seed=2
iter= 318 step=1020800 ep_ret=-294.234 opt_ret=-294.234 step_rew=-2.9423 opt_step=-2.9423 gap0=294.234 dret=+44.189 eval_ret=n/a pursuer_target_distance=2.258 capture=0.000 score=0.000 pol=-0.0023 val=0.0207 ent=1.1820 tot=+0.0017 agnorm=0.096 cgnorm=0.099 kl=0.0028 clipf=0.028 ev=+0.917 r0=1.0000 entcoef=5.41e-03 lr=3.5e-04 seed=2
iter= 319 step=1024000 ep_ret=-264.092 opt_ret=-264.092 step_rew=-2.6409 opt_step=-2.6409 gap0=264.092 dret=+74.331 eval_ret=n/a pursuer_target_distance=1.994 capture=0.000 score=0.000 pol=-0.0027 val=0.0202 ent=1.2472 tot=+0.0007 agnorm=0.098 cgnorm=0.092 kl=0.0030 clipf=0.030 ev=+0.882 r0=1.0000 entcoef=5.40e-03 lr=3.5e-04 seed=2
iter= 320 step=1027200 ep_ret=-281.109 opt_ret=-281.109 step_rew=-2.8111 opt_step=-2.8111 gap0=281.109 dret=+57.313 eval_ret=-204.192 pursuer_target_distance=2.059 capture=0.000 score=0.000 pol=-0.0030 val=0.0109 ent=1.2073 tot=-0.0041 agnorm=0.136 cgnorm=0.085 kl=0.0032 clipf=0.033 ev=+0.938 r0=1.0000 entcoef=5.38e-03 lr=3.5e-04 seed=2
iter= 321 step=1030400 ep_ret=-237.417 opt_ret=-237.417 step_rew=-2.3742 opt_step=-2.3742 gap0=237.417 dret=+101.006 eval_ret=n/a pursuer_target_distance=1.814 capture=0.000 score=0.000 pol=-0.0030 val=0.0128 ent=1.2649 tot=-0.0034 agnorm=0.100 cgnorm=0.096 kl=0.0031 clipf=0.030 ev=+0.942 r0=1.0000 entcoef=5.37e-03 lr=3.5e-04 seed=2
iter= 322 step=1033600 ep_ret=-270.990 opt_ret=-270.990 step_rew=-2.7099 opt_step=-2.7099 gap0=270.990 dret=+67.433 eval_ret=n/a pursuer_target_distance=1.935 capture=0.001 score=0.000 pol=-0.0035 val=0.0134 ent=1.2130 tot=-0.0033 agnorm=0.117 cgnorm=0.064 kl=0.0027 clipf=0.027 ev=+0.943 r0=1.0000 entcoef=5.36e-03 lr=3.4e-04 seed=2
iter= 323 step=1036800 ep_ret=-255.734 opt_ret=-255.734 step_rew=-2.5573 opt_step=-2.5573 gap0=255.734 dret=+82.688 eval_ret=n/a pursuer_target_distance=1.982 capture=0.003 score=0.001 pol=-0.0032 val=0.0175 ent=1.1922 tot=-0.0008 agnorm=0.100 cgnorm=0.084 kl=0.0029 clipf=0.029 ev=+0.892 r0=1.0000 entcoef=5.34e-03 lr=3.4e-04 seed=2
iter= 324 step=1040000 ep_ret=-273.149 opt_ret=-273.149 step_rew=-2.7315 opt_step=-2.7315 gap0=273.149 dret=+65.274 eval_ret=n/a pursuer_target_distance=1.996 capture=0.000 score=0.000 pol=-0.0034 val=0.0139 ent=1.2046 tot=-0.0029 agnorm=0.148 cgnorm=0.077 kl=0.0031 clipf=0.031 ev=+0.927 r0=1.0000 entcoef=5.33e-03 lr=3.4e-04 seed=2
iter= 325 step=1043200 ep_ret=-253.659 opt_ret=-253.659 step_rew=-2.5366 opt_step=-2.5366 gap0=253.659 dret=+84.764 eval_ret=n/a pursuer_target_distance=1.926 capture=0.000 score=0.000 pol=-0.0030 val=0.0100 ent=1.1884 tot=-0.0043 agnorm=0.100 cgnorm=0.068 kl=0.0028 clipf=0.025 ev=+0.878 r0=1.0000 entcoef=5.31e-03 lr=3.4e-04 seed=2
iter= 326 step=1046400 ep_ret=-275.394 opt_ret=-275.394 step_rew=-2.7539 opt_step=-2.7539 gap0=275.394 dret=+63.028 eval_ret=n/a pursuer_target_distance=2.121 capture=0.003 score=0.001 pol=-0.0031 val=0.0200 ent=1.1727 tot=+0.0007 agnorm=0.134 cgnorm=0.083 kl=0.0029 clipf=0.030 ev=+0.893 r0=1.0000 entcoef=5.30e-03 lr=3.4e-04 seed=2
iter= 327 step=1049600 ep_ret=-296.917 opt_ret=-296.917 step_rew=-2.9692 opt_step=-2.9692 gap0=296.917 dret=+41.506 eval_ret=n/a pursuer_target_distance=2.234 capture=0.000 score=0.000 pol=-0.0026 val=0.0139 ent=1.1504 tot=-0.0017 agnorm=0.087 cgnorm=0.083 kl=0.0023 clipf=0.022 ev=+0.906 r0=1.0000 entcoef=5.28e-03 lr=3.4e-04 seed=2
iter= 328 step=1052800 ep_ret=-283.059 opt_ret=-283.059 step_rew=-2.8306 opt_step=-2.8306 gap0=283.059 dret=+55.364 eval_ret=n/a pursuer_target_distance=2.192 capture=0.000 score=0.000 pol=-0.0034 val=0.0130 ent=1.1256 tot=-0.0029 agnorm=0.131 cgnorm=0.067 kl=0.0041 clipf=0.040 ev=+0.920 r0=1.0000 entcoef=5.27e-03 lr=3.4e-04 seed=2
iter= 329 step=1056000 ep_ret=-321.475 opt_ret=-321.475 step_rew=-3.2148 opt_step=-3.2148 gap0=321.475 dret=+16.948 eval_ret=n/a pursuer_target_distance=2.798 capture=0.000 score=0.000 pol=-0.0029 val=0.0253 ent=1.1512 tot=+0.0037 agnorm=0.118 cgnorm=0.095 kl=0.0031 clipf=0.032 ev=+0.932 r0=1.0000 entcoef=5.25e-03 lr=3.4e-04 seed=2
iter= 330 step=1059200 ep_ret=-266.897 opt_ret=-266.897 step_rew=-2.6690 opt_step=-2.6690 gap0=266.897 dret=+71.525 eval_ret=n/a pursuer_target_distance=1.935 capture=0.000 score=0.000 pol=-0.0027 val=0.0141 ent=1.1471 tot=-0.0017 agnorm=0.088 cgnorm=0.082 kl=0.0029 clipf=0.030 ev=+0.930 r0=1.0000 entcoef=5.24e-03 lr=3.4e-04 seed=2
iter= 331 step=1062400 ep_ret=-276.139 opt_ret=-276.139 step_rew=-2.7614 opt_step=-2.7614 gap0=276.139 dret=+62.284 eval_ret=n/a pursuer_target_distance=2.058 capture=0.000 score=0.000 pol=-0.0029 val=0.0130 ent=1.1824 tot=-0.0026 agnorm=0.100 cgnorm=0.076 kl=0.0032 clipf=0.035 ev=+0.906 r0=1.0000 entcoef=5.23e-03 lr=3.3e-04 seed=2
iter= 332 step=1065600 ep_ret=-251.402 opt_ret=-251.402 step_rew=-2.5140 opt_step=-2.5140 gap0=251.402 dret=+87.021 eval_ret=n/a pursuer_target_distance=1.900 capture=0.001 score=0.000 pol=-0.0030 val=0.0137 ent=1.1571 tot=-0.0022 agnorm=0.085 cgnorm=0.071 kl=0.0027 clipf=0.025 ev=+0.949 r0=1.0000 entcoef=5.21e-03 lr=3.3e-04 seed=2
iter= 333 step=1068800 ep_ret=-257.225 opt_ret=-257.225 step_rew=-2.5722 opt_step=-2.5722 gap0=257.225 dret=+81.198 eval_ret=n/a pursuer_target_distance=1.988 capture=0.000 score=0.000 pol=-0.0038 val=0.0143 ent=1.1874 tot=-0.0028 agnorm=0.123 cgnorm=0.088 kl=0.0036 clipf=0.037 ev=+0.898 r0=1.0000 entcoef=5.20e-03 lr=3.3e-04 seed=2
iter= 334 step=1072000 ep_ret=-266.344 opt_ret=-266.344 step_rew=-2.6634 opt_step=-2.6634 gap0=266.344 dret=+72.079 eval_ret=n/a pursuer_target_distance=2.053 capture=0.000 score=0.000 pol=-0.0033 val=0.0132 ent=1.1741 tot=-0.0028 agnorm=0.089 cgnorm=0.070 kl=0.0035 clipf=0.039 ev=+0.950 r0=1.0000 entcoef=5.18e-03 lr=3.3e-04 seed=2
iter= 335 step=1075200 ep_ret=-268.934 opt_ret=-268.934 step_rew=-2.6893 opt_step=-2.6893 gap0=268.934 dret=+69.489 eval_ret=n/a pursuer_target_distance=1.537 capture=0.000 score=0.000 pol=-0.0024 val=0.0088 ent=1.1537 tot=-0.0040 agnorm=0.086 cgnorm=0.069 kl=0.0031 clipf=0.031 ev=+0.960 r0=1.0000 entcoef=5.17e-03 lr=3.3e-04 seed=2
iter= 336 step=1078400 ep_ret=-241.074 opt_ret=-241.074 step_rew=-2.4107 opt_step=-2.4107 gap0=241.074 dret=+97.349 eval_ret=n/a pursuer_target_distance=1.850 capture=0.000 score=0.000 pol=-0.0037 val=0.0094 ent=1.1776 tot=-0.0051 agnorm=0.146 cgnorm=0.058 kl=0.0032 clipf=0.032 ev=+0.931 r0=1.0000 entcoef=5.15e-03 lr=3.3e-04 seed=2
iter= 337 step=1081600 ep_ret=-255.909 opt_ret=-255.909 step_rew=-2.5591 opt_step=-2.5591 gap0=255.909 dret=+82.514 eval_ret=n/a pursuer_target_distance=1.831 capture=0.000 score=0.000 pol=-0.0026 val=0.0106 ent=1.1280 tot=-0.0031 agnorm=0.095 cgnorm=0.062 kl=0.0027 clipf=0.025 ev=+0.936 r0=1.0000 entcoef=5.14e-03 lr=3.3e-04 seed=2
iter= 338 step=1084800 ep_ret=-257.802 opt_ret=-257.802 step_rew=-2.5780 opt_step=-2.5780 gap0=257.802 dret=+80.620 eval_ret=n/a pursuer_target_distance=1.994 capture=0.010 score=0.003 pol=-0.0023 val=0.0271 ent=1.1364 tot=+0.0054 agnorm=0.108 cgnorm=0.072 kl=0.0027 clipf=0.026 ev=+0.834 r0=1.0000 entcoef=5.13e-03 lr=3.3e-04 seed=2
iter= 339 step=1088000 ep_ret=-265.085 opt_ret=-265.085 step_rew=-2.6509 opt_step=-2.6509 gap0=265.085 dret=+73.338 eval_ret=n/a pursuer_target_distance=1.915 capture=0.010 score=0.003 pol=-0.0025 val=0.0308 ent=1.1190 tot=+0.0072 agnorm=0.110 cgnorm=0.079 kl=0.0033 clipf=0.026 ev=+0.865 r0=1.0000 entcoef=5.11e-03 lr=3.3e-04 seed=2
iter= 340 step=1091200 ep_ret=-281.647 opt_ret=-281.647 step_rew=-2.8165 opt_step=-2.8165 gap0=281.647 dret=+56.775 eval_ret=-144.179 pursuer_target_distance=2.310 capture=0.000 score=0.000 pol=-0.0028 val=0.0195 ent=1.1456 tot=+0.0011 agnorm=0.106 cgnorm=0.087 kl=0.0027 clipf=0.028 ev=+0.935 r0=1.0000 entcoef=5.10e-03 lr=3.2e-04 seed=2
iter= 341 step=1094400 ep_ret=-248.626 opt_ret=-248.626 step_rew=-2.4863 opt_step=-2.4863 gap0=248.626 dret=+89.797 eval_ret=n/a pursuer_target_distance=1.907 capture=0.003 score=0.001 pol=-0.0027 val=0.0174 ent=1.1520 tot=+0.0002 agnorm=0.107 cgnorm=0.075 kl=0.0033 clipf=0.034 ev=+0.877 r0=1.0000 entcoef=5.08e-03 lr=3.2e-04 seed=2
iter= 342 step=1097600 ep_ret=-281.007 opt_ret=-281.007 step_rew=-2.8101 opt_step=-2.8101 gap0=281.007 dret=+57.416 eval_ret=n/a pursuer_target_distance=2.093 capture=0.000 score=0.000 pol=-0.0027 val=0.0109 ent=1.1079 tot=-0.0029 agnorm=0.122 cgnorm=0.076 kl=0.0023 clipf=0.022 ev=+0.940 r0=1.0000 entcoef=5.07e-03 lr=3.2e-04 seed=2
iter= 343 step=1100800 ep_ret=-244.263 opt_ret=-244.263 step_rew=-2.4426 opt_step=-2.4426 gap0=244.263 dret=+94.160 eval_ret=n/a pursuer_target_distance=1.942 capture=0.005 score=0.002 pol=-0.0032 val=0.0241 ent=1.1099 tot=+0.0033 agnorm=0.101 cgnorm=0.098 kl=0.0037 clipf=0.043 ev=+0.820 r0=1.0000 entcoef=5.05e-03 lr=3.2e-04 seed=2
iter= 344 step=1104000 ep_ret=-238.830 opt_ret=-238.830 step_rew=-2.3883 opt_step=-2.3883 gap0=238.830 dret=+99.593 eval_ret=n/a pursuer_target_distance=1.785 capture=0.005 score=0.002 pol=-0.0023 val=0.0135 ent=1.0860 tot=-0.0010 agnorm=0.127 cgnorm=0.075 kl=0.0034 clipf=0.031 ev=+0.922 r0=1.0000 entcoef=5.04e-03 lr=3.2e-04 seed=2
iter= 345 step=1107200 ep_ret=-303.510 opt_ret=-303.510 step_rew=-3.0351 opt_step=-3.0351 gap0=303.510 dret=+34.913 eval_ret=n/a pursuer_target_distance=2.424 capture=0.000 score=0.000 pol=-0.0027 val=0.0149 ent=1.0632 tot=-0.0006 agnorm=0.105 cgnorm=0.086 kl=0.0032 clipf=0.031 ev=+0.919 r0=1.0000 entcoef=5.02e-03 lr=3.2e-04 seed=2
iter= 346 step=1110400 ep_ret=-213.474 opt_ret=-213.474 step_rew=-2.1347 opt_step=-2.1347 gap0=213.474 dret=+124.949 eval_ret=n/a pursuer_target_distance=1.637 capture=0.025 score=0.009 pol=-0.0017 val=0.0572 ent=1.0568 tot=+0.0216 agnorm=0.088 cgnorm=0.123 kl=0.0023 clipf=0.020 ev=+0.692 r0=1.0000 entcoef=5.01e-03 lr=3.2e-04 seed=2
iter= 347 step=1113600 ep_ret=-262.223 opt_ret=-262.223 step_rew=-2.6222 opt_step=-2.6222 gap0=262.223 dret=+76.200 eval_ret=n/a pursuer_target_distance=1.930 capture=0.000 score=0.000 pol=-0.0025 val=0.0136 ent=1.0612 tot=-0.0010 agnorm=0.124 cgnorm=0.092 kl=0.0031 clipf=0.028 ev=+0.902 r0=1.0000 entcoef=5.00e-03 lr=3.2e-04 seed=2
iter= 348 step=1116800 ep_ret=-265.492 opt_ret=-265.492 step_rew=-2.6549 opt_step=-2.6549 gap0=265.492 dret=+72.931 eval_ret=n/a pursuer_target_distance=1.986 capture=0.000 score=0.000 pol=-0.0033 val=0.0090 ent=1.0431 tot=-0.0040 agnorm=0.110 cgnorm=0.059 kl=0.0025 clipf=0.024 ev=+0.868 r0=1.0000 entcoef=4.98e-03 lr=3.2e-04 seed=2
iter= 349 step=1120000 ep_ret=-263.584 opt_ret=-263.584 step_rew=-2.6358 opt_step=-2.6358 gap0=263.584 dret=+74.839 eval_ret=n/a pursuer_target_distance=1.995 capture=0.000 score=0.000 pol=-0.0031 val=0.0123 ent=1.0399 tot=-0.0021 agnorm=0.086 cgnorm=0.078 kl=0.0028 clipf=0.023 ev=+0.904 r0=1.0000 entcoef=4.97e-03 lr=3.1e-04 seed=2
iter= 350 step=1123200 ep_ret=-256.220 opt_ret=-256.220 step_rew=-2.5622 opt_step=-2.5622 gap0=256.220 dret=+82.203 eval_ret=n/a pursuer_target_distance=1.952 capture=0.000 score=0.000 pol=-0.0027 val=0.0134 ent=1.1162 tot=-0.0015 agnorm=0.116 cgnorm=0.067 kl=0.0023 clipf=0.022 ev=+0.935 r0=1.0000 entcoef=4.95e-03 lr=3.1e-04 seed=2
iter= 351 step=1126400 ep_ret=-268.130 opt_ret=-268.130 step_rew=-2.6813 opt_step=-2.6813 gap0=268.130 dret=+70.293 eval_ret=n/a pursuer_target_distance=2.046 capture=0.000 score=0.000 pol=-0.0030 val=0.0112 ent=1.0513 tot=-0.0026 agnorm=0.147 cgnorm=0.057 kl=0.0032 clipf=0.037 ev=+0.921 r0=1.0000 entcoef=4.94e-03 lr=3.1e-04 seed=2
iter= 352 step=1129600 ep_ret=-242.844 opt_ret=-242.844 step_rew=-2.4284 opt_step=-2.4284 gap0=242.844 dret=+95.579 eval_ret=n/a pursuer_target_distance=1.800 capture=0.000 score=0.000 pol=-0.0029 val=0.0125 ent=1.0988 tot=-0.0020 agnorm=0.098 cgnorm=0.071 kl=0.0029 clipf=0.028 ev=+0.898 r0=1.0000 entcoef=4.92e-03 lr=3.1e-04 seed=2
iter= 353 step=1132800 ep_ret=-261.541 opt_ret=-261.541 step_rew=-2.6154 opt_step=-2.6154 gap0=261.541 dret=+76.882 eval_ret=n/a pursuer_target_distance=1.853 capture=0.000 score=0.000 pol=-0.0030 val=0.0104 ent=1.0438 tot=-0.0029 agnorm=0.190 cgnorm=0.068 kl=0.0037 clipf=0.040 ev=+0.912 r0=1.0000 entcoef=4.91e-03 lr=3.1e-04 seed=2
iter= 354 step=1136000 ep_ret=-256.436 opt_ret=-256.436 step_rew=-2.5644 opt_step=-2.5644 gap0=256.436 dret=+81.987 eval_ret=n/a pursuer_target_distance=1.923 capture=0.000 score=0.000 pol=-0.0028 val=0.0128 ent=1.0125 tot=-0.0014 agnorm=0.116 cgnorm=0.056 kl=0.0026 clipf=0.026 ev=+0.916 r0=1.0000 entcoef=4.89e-03 lr=3.1e-04 seed=2
iter= 355 step=1139200 ep_ret=-243.900 opt_ret=-243.900 step_rew=-2.4390 opt_step=-2.4390 gap0=243.900 dret=+94.523 eval_ret=n/a pursuer_target_distance=1.957 capture=0.000 score=0.000 pol=-0.0031 val=0.0148 ent=1.0643 tot=-0.0009 agnorm=0.112 cgnorm=0.068 kl=0.0030 clipf=0.030 ev=+0.877 r0=1.0000 entcoef=4.88e-03 lr=3.1e-04 seed=2
iter= 356 step=1142400 ep_ret=-249.967 opt_ret=-249.967 step_rew=-2.4997 opt_step=-2.4997 gap0=249.967 dret=+88.456 eval_ret=n/a pursuer_target_distance=1.951 capture=0.005 score=0.002 pol=-0.0025 val=0.0228 ent=1.0194 tot=+0.0039 agnorm=0.121 cgnorm=0.083 kl=0.0029 clipf=0.028 ev=+0.803 r0=1.0000 entcoef=4.87e-03 lr=3.1e-04 seed=2
iter= 357 step=1145600 ep_ret=-274.827 opt_ret=-274.827 step_rew=-2.7483 opt_step=-2.7483 gap0=274.827 dret=+63.596 eval_ret=n/a pursuer_target_distance=2.094 capture=0.000 score=0.000 pol=-0.0029 val=0.0136 ent=1.0492 tot=-0.0011 agnorm=0.123 cgnorm=0.070 kl=0.0031 clipf=0.031 ev=+0.901 r0=1.0000 entcoef=4.85e-03 lr=3.1e-04 seed=2
iter= 358 step=1148800 ep_ret=-263.651 opt_ret=-263.651 step_rew=-2.6365 opt_step=-2.6365 gap0=263.651 dret=+74.772 eval_ret=n/a pursuer_target_distance=2.092 capture=0.000 score=0.000 pol=-0.0025 val=0.0102 ent=1.0574 tot=-0.0025 agnorm=0.095 cgnorm=0.063 kl=0.0025 clipf=0.023 ev=+0.914 r0=1.0000 entcoef=4.84e-03 lr=3.0e-04 seed=2
iter= 359 step=1152000 ep_ret=-212.412 opt_ret=-212.412 step_rew=-2.1241 opt_step=-2.1241 gap0=212.412 dret=+126.010 eval_ret=n/a pursuer_target_distance=1.549 capture=0.004 score=0.002 pol=-0.0023 val=0.0145 ent=1.0242 tot=-0.0000 agnorm=0.103 cgnorm=0.069 kl=0.0021 clipf=0.020 ev=+0.837 r0=1.0000 entcoef=4.82e-03 lr=3.0e-04 seed=2
iter= 360 step=1155200 ep_ret=-234.271 opt_ret=-234.271 step_rew=-2.3427 opt_step=-2.3427 gap0=234.271 dret=+104.152 eval_ret=-171.496 pursuer_target_distance=1.841 capture=0.005 score=0.002 pol=-0.0021 val=0.0195 ent=1.0181 tot=+0.0028 agnorm=0.118 cgnorm=0.069 kl=0.0024 clipf=0.024 ev=+0.797 r0=1.0000 entcoef=4.81e-03 lr=3.0e-04 seed=2
iter= 361 step=1158400 ep_ret=-276.151 opt_ret=-276.151 step_rew=-2.7615 opt_step=-2.7615 gap0=276.151 dret=+62.271 eval_ret=n/a pursuer_target_distance=2.098 capture=0.000 score=0.000 pol=-0.0022 val=0.0105 ent=0.9740 tot=-0.0017 agnorm=0.106 cgnorm=0.061 kl=0.0021 clipf=0.019 ev=+0.913 r0=1.0000 entcoef=4.79e-03 lr=3.0e-04 seed=2
iter= 362 step=1161600 ep_ret=-257.900 opt_ret=-257.900 step_rew=-2.5790 opt_step=-2.5790 gap0=257.900 dret=+80.523 eval_ret=n/a pursuer_target_distance=2.093 capture=0.003 score=0.001 pol=-0.0025 val=0.0170 ent=1.0163 tot=+0.0011 agnorm=0.138 cgnorm=0.063 kl=0.0024 clipf=0.024 ev=+0.892 r0=1.0000 entcoef=4.78e-03 lr=3.0e-04 seed=2
iter= 363 step=1164800 ep_ret=-258.791 opt_ret=-258.791 step_rew=-2.5879 opt_step=-2.5879 gap0=258.791 dret=+79.632 eval_ret=n/a pursuer_target_distance=1.903 capture=0.000 score=0.000 pol=-0.0026 val=0.0087 ent=1.0179 tot=-0.0032 agnorm=0.172 cgnorm=0.059 kl=0.0027 clipf=0.028 ev=+0.932 r0=1.0000 entcoef=4.76e-03 lr=3.0e-04 seed=2
iter= 364 step=1168000 ep_ret=-263.896 opt_ret=-263.896 step_rew=-2.6390 opt_step=-2.6390 gap0=263.896 dret=+74.527 eval_ret=n/a pursuer_target_distance=1.997 capture=0.000 score=0.000 pol=-0.0029 val=0.0139 ent=1.0823 tot=-0.0011 agnorm=0.118 cgnorm=0.081 kl=0.0029 clipf=0.029 ev=+0.931 r0=1.0000 entcoef=4.75e-03 lr=3.0e-04 seed=2
iter= 365 step=1171200 ep_ret=-245.696 opt_ret=-245.696 step_rew=-2.4570 opt_step=-2.4570 gap0=245.696 dret=+92.727 eval_ret=n/a pursuer_target_distance=1.801 capture=0.002 score=0.001 pol=-0.0031 val=0.0158 ent=1.0169 tot=+0.0000 agnorm=0.123 cgnorm=0.074 kl=0.0034 clipf=0.036 ev=+0.911 r0=1.0000 entcoef=4.74e-03 lr=3.0e-04 seed=2
iter= 366 step=1174400 ep_ret=-226.683 opt_ret=-226.683 step_rew=-2.2668 opt_step=-2.2668 gap0=226.683 dret=+111.740 eval_ret=n/a pursuer_target_distance=1.626 capture=0.000 score=0.000 pol=-0.0028 val=0.0094 ent=1.0435 tot=-0.0030 agnorm=0.112 cgnorm=0.045 kl=0.0025 clipf=0.024 ev=+0.855 r0=1.0000 entcoef=4.72e-03 lr=3.0e-04 seed=2
iter= 367 step=1177600 ep_ret=-238.530 opt_ret=-238.530 step_rew=-2.3853 opt_step=-2.3853 gap0=238.530 dret=+99.893 eval_ret=n/a pursuer_target_distance=1.918 capture=0.001 score=0.000 pol=-0.0024 val=0.0118 ent=1.0419 tot=-0.0014 agnorm=0.112 cgnorm=0.057 kl=0.0031 clipf=0.026 ev=+0.895 r0=1.0000 entcoef=4.71e-03 lr=2.9e-04 seed=2
iter= 368 step=1180800 ep_ret=-296.449 opt_ret=-296.449 step_rew=-2.9645 opt_step=-2.9645 gap0=296.449 dret=+41.974 eval_ret=n/a pursuer_target_distance=2.262 capture=0.000 score=0.000 pol=-0.0032 val=0.0171 ent=1.0223 tot=+0.0005 agnorm=0.153 cgnorm=0.088 kl=0.0026 clipf=0.026 ev=+0.885 r0=1.0000 entcoef=4.69e-03 lr=2.9e-04 seed=2
iter= 369 step=1184000 ep_ret=-226.471 opt_ret=-226.471 step_rew=-2.2647 opt_step=-2.2647 gap0=226.471 dret=+111.952 eval_ret=n/a pursuer_target_distance=1.659 capture=0.005 score=0.002 pol=-0.0027 val=0.0190 ent=1.0103 tot=+0.0021 agnorm=0.115 cgnorm=0.078 kl=0.0027 clipf=0.029 ev=+0.850 r0=1.0000 entcoef=4.68e-03 lr=2.9e-04 seed=2
iter= 370 step=1187200 ep_ret=-254.553 opt_ret=-254.553 step_rew=-2.5455 opt_step=-2.5455 gap0=254.553 dret=+83.870 eval_ret=n/a pursuer_target_distance=1.847 capture=0.000 score=0.000 pol=-0.0031 val=0.0158 ent=0.9670 tot=+0.0003 agnorm=0.106 cgnorm=0.074 kl=0.0022 clipf=0.022 ev=+0.906 r0=1.0000 entcoef=4.66e-03 lr=2.9e-04 seed=2
iter= 371 step=1190400 ep_ret=-259.656 opt_ret=-259.656 step_rew=-2.5966 opt_step=-2.5966 gap0=259.656 dret=+78.767 eval_ret=n/a pursuer_target_distance=1.957 capture=0.000 score=0.000 pol=-0.0025 val=0.0077 ent=1.0034 tot=-0.0033 agnorm=0.086 cgnorm=0.057 kl=0.0022 clipf=0.021 ev=+0.938 r0=1.0000 entcoef=4.65e-03 lr=2.9e-04 seed=2
iter= 372 step=1193600 ep_ret=-272.164 opt_ret=-272.164 step_rew=-2.7216 opt_step=-2.7216 gap0=272.164 dret=+66.259 eval_ret=n/a pursuer_target_distance=2.063 capture=0.007 score=0.002 pol=-0.0020 val=0.0211 ent=1.0187 tot=+0.0038 agnorm=0.096 cgnorm=0.068 kl=0.0027 clipf=0.026 ev=+0.879 r0=1.0000 entcoef=4.63e-03 lr=2.9e-04 seed=2
iter= 373 step=1196800 ep_ret=-261.042 opt_ret=-261.042 step_rew=-2.6104 opt_step=-2.6104 gap0=261.042 dret=+77.381 eval_ret=n/a pursuer_target_distance=1.886 capture=0.002 score=0.001 pol=-0.0026 val=0.0117 ent=1.0643 tot=-0.0016 agnorm=0.114 cgnorm=0.057 kl=0.0036 clipf=0.029 ev=+0.950 r0=1.0000 entcoef=4.62e-03 lr=2.9e-04 seed=2
iter= 374 step=1200000 ep_ret=-281.796 opt_ret=-281.796 step_rew=-2.8180 opt_step=-2.8180 gap0=281.796 dret=+56.627 eval_ret=n/a pursuer_target_distance=2.212 capture=0.000 score=0.000 pol=-0.0031 val=0.0131 ent=0.9832 tot=-0.0011 agnorm=0.105 cgnorm=0.077 kl=0.0028 clipf=0.028 ev=+0.915 r0=1.0000 entcoef=4.61e-03 lr=2.9e-04 seed=2
iter= 375 step=1203200 ep_ret=-272.418 opt_ret=-272.418 step_rew=-2.7242 opt_step=-2.7242 gap0=272.418 dret=+66.005 eval_ret=n/a pursuer_target_distance=2.001 capture=0.000 score=0.000 pol=-0.0027 val=0.0125 ent=0.9620 tot=-0.0009 agnorm=0.120 cgnorm=0.071 kl=0.0024 clipf=0.025 ev=+0.903 r0=1.0000 entcoef=4.59e-03 lr=2.9e-04 seed=2
iter= 376 step=1206400 ep_ret=-241.960 opt_ret=-241.960 step_rew=-2.4196 opt_step=-2.4196 gap0=241.960 dret=+96.463 eval_ret=n/a pursuer_target_distance=1.889 capture=0.000 score=0.000 pol=-0.0034 val=0.0124 ent=1.0195 tot=-0.0019 agnorm=0.142 cgnorm=0.071 kl=0.0038 clipf=0.039 ev=+0.934 r0=1.0000 entcoef=4.58e-03 lr=2.8e-04 seed=2
iter= 377 step=1209600 ep_ret=-263.415 opt_ret=-263.415 step_rew=-2.6341 opt_step=-2.6341 gap0=263.415 dret=+75.008 eval_ret=n/a pursuer_target_distance=1.913 capture=0.000 score=0.000 pol=-0.0028 val=0.0096 ent=1.0248 tot=-0.0027 agnorm=0.125 cgnorm=0.049 kl=0.0022 clipf=0.022 ev=+0.957 r0=1.0000 entcoef=4.56e-03 lr=2.8e-04 seed=2
iter= 378 step=1212800 ep_ret=-265.825 opt_ret=-265.825 step_rew=-2.6583 opt_step=-2.6583 gap0=265.825 dret=+72.598 eval_ret=n/a pursuer_target_distance=2.136 capture=0.000 score=0.000 pol=-0.0024 val=0.0122 ent=0.9871 tot=-0.0008 agnorm=0.099 cgnorm=0.065 kl=0.0020 clipf=0.020 ev=+0.910 r0=1.0000 entcoef=4.55e-03 lr=2.8e-04 seed=2
iter= 379 step=1216000 ep_ret=-265.183 opt_ret=-265.183 step_rew=-2.6518 opt_step=-2.6518 gap0=265.183 dret=+73.240 eval_ret=n/a pursuer_target_distance=2.059 capture=0.000 score=0.000 pol=-0.0024 val=0.0216 ent=0.9930 tot=+0.0039 agnorm=0.113 cgnorm=0.089 kl=0.0023 clipf=0.023 ev=+0.896 r0=1.0000 entcoef=4.53e-03 lr=2.8e-04 seed=2
iter= 380 step=1219200 ep_ret=-258.202 opt_ret=-258.202 step_rew=-2.5820 opt_step=-2.5820 gap0=258.202 dret=+80.221 eval_ret=-149.807 pursuer_target_distance=1.978 capture=0.000 score=0.000 pol=-0.0029 val=0.0154 ent=1.0021 tot=+0.0003 agnorm=0.123 cgnorm=0.088 kl=0.0021 clipf=0.019 ev=+0.918 r0=1.0000 entcoef=4.52e-03 lr=2.8e-04 seed=2
iter= 381 step=1222400 ep_ret=-249.093 opt_ret=-249.093 step_rew=-2.4909 opt_step=-2.4909 gap0=249.093 dret=+89.330 eval_ret=n/a pursuer_target_distance=1.962 capture=0.013 score=0.004 pol=-0.0027 val=0.0350 ent=1.0000 tot=+0.0103 agnorm=0.124 cgnorm=0.083 kl=0.0021 clipf=0.019 ev=+0.863 r0=1.0000 entcoef=4.50e-03 lr=2.8e-04 seed=2
iter= 382 step=1225600 ep_ret=-213.218 opt_ret=-213.218 step_rew=-2.1322 opt_step=-2.1322 gap0=213.218 dret=+125.205 eval_ret=n/a pursuer_target_distance=1.611 capture=0.011 score=0.004 pol=-0.0018 val=0.0312 ent=1.0585 tot=+0.0091 agnorm=0.106 cgnorm=0.078 kl=0.0020 clipf=0.017 ev=+0.775 r0=1.0000 entcoef=4.49e-03 lr=2.8e-04 seed=2
iter= 383 step=1228800 ep_ret=-270.860 opt_ret=-270.860 step_rew=-2.7086 opt_step=-2.7086 gap0=270.860 dret=+67.563 eval_ret=n/a pursuer_target_distance=2.080 capture=0.000 score=0.000 pol=-0.0029 val=0.0130 ent=1.0137 tot=-0.0010 agnorm=0.174 cgnorm=0.068 kl=0.0024 clipf=0.023 ev=+0.922 r0=1.0000 entcoef=4.48e-03 lr=2.8e-04 seed=2
iter= 384 step=1232000 ep_ret=-261.735 opt_ret=-261.735 step_rew=-2.6174 opt_step=-2.6174 gap0=261.735 dret=+76.688 eval_ret=n/a pursuer_target_distance=1.853 capture=0.000 score=0.000 pol=-0.0032 val=0.0135 ent=1.0363 tot=-0.0010 agnorm=0.126 cgnorm=0.072 kl=0.0039 clipf=0.040 ev=+0.859 r0=1.0000 entcoef=4.46e-03 lr=2.8e-04 seed=2
iter= 385 step=1235200 ep_ret=-238.806 opt_ret=-238.806 step_rew=-2.3881 opt_step=-2.3881 gap0=238.806 dret=+99.616 eval_ret=n/a pursuer_target_distance=1.787 capture=0.000 score=0.000 pol=-0.0022 val=0.0106 ent=1.0356 tot=-0.0015 agnorm=0.100 cgnorm=0.075 kl=0.0015 clipf=0.014 ev=+0.930 r0=1.0000 entcoef=4.45e-03 lr=2.7e-04 seed=2
iter= 386 step=1238400 ep_ret=-235.035 opt_ret=-235.035 step_rew=-2.3504 opt_step=-2.3504 gap0=235.035 dret=+103.388 eval_ret=n/a pursuer_target_distance=1.673 capture=0.000 score=0.000 pol=-0.0027 val=0.0111 ent=0.9725 tot=-0.0015 agnorm=0.122 cgnorm=0.054 kl=0.0027 clipf=0.026 ev=+0.872 r0=1.0000 entcoef=4.43e-03 lr=2.7e-04 seed=2
iter= 387 step=1241600 ep_ret=-276.687 opt_ret=-276.687 step_rew=-2.7669 opt_step=-2.7669 gap0=276.687 dret=+61.736 eval_ret=n/a pursuer_target_distance=2.008 capture=0.000 score=0.000 pol=-0.0024 val=0.0126 ent=0.9764 tot=-0.0005 agnorm=0.115 cgnorm=0.070 kl=0.0024 clipf=0.027 ev=+0.901 r0=1.0000 entcoef=4.42e-03 lr=2.7e-04 seed=2
iter= 388 step=1244800 ep_ret=-252.463 opt_ret=-252.463 step_rew=-2.5246 opt_step=-2.5246 gap0=252.463 dret=+85.960 eval_ret=n/a pursuer_target_distance=1.580 capture=0.007 score=0.003 pol=-0.0024 val=0.0169 ent=0.9985 tot=+0.0017 agnorm=0.165 cgnorm=0.048 kl=0.0053 clipf=0.043 ev=+0.899 r0=1.0000 entcoef=4.40e-03 lr=2.7e-04 seed=2
iter= 389 step=1248000 ep_ret=-255.254 opt_ret=-255.254 step_rew=-2.5525 opt_step=-2.5525 gap0=255.254 dret=+83.169 eval_ret=n/a pursuer_target_distance=1.991 capture=0.000 score=0.000 pol=-0.0023 val=0.0137 ent=1.0319 tot=+0.0000 agnorm=0.105 cgnorm=0.084 kl=0.0021 clipf=0.018 ev=+0.918 r0=1.0000 entcoef=4.39e-03 lr=2.7e-04 seed=2
iter= 390 step=1251200 ep_ret=-283.729 opt_ret=-283.729 step_rew=-2.8373 opt_step=-2.8373 gap0=283.729 dret=+54.694 eval_ret=n/a pursuer_target_distance=2.157 capture=0.000 score=0.000 pol=-0.0020 val=0.0187 ent=0.9692 tot=+0.0031 agnorm=0.164 cgnorm=0.097 kl=0.0025 clipf=0.025 ev=+0.848 r0=1.0000 entcoef=4.37e-03 lr=2.7e-04 seed=2
iter= 391 step=1254400 ep_ret=-257.585 opt_ret=-257.585 step_rew=-2.5758 opt_step=-2.5758 gap0=257.585 dret=+80.838 eval_ret=n/a pursuer_target_distance=1.931 capture=0.003 score=0.001 pol=-0.0030 val=0.0173 ent=1.0409 tot=+0.0011 agnorm=0.137 cgnorm=0.070 kl=0.0031 clipf=0.029 ev=+0.911 r0=1.0000 entcoef=4.36e-03 lr=2.7e-04 seed=2
iter= 392 step=1257600 ep_ret=-316.781 opt_ret=-316.781 step_rew=-3.1678 opt_step=-3.1678 gap0=316.781 dret=+21.641 eval_ret=n/a pursuer_target_distance=2.410 capture=0.000 score=0.000 pol=-0.0022 val=0.0095 ent=0.8965 tot=-0.0014 agnorm=0.105 cgnorm=0.067 kl=0.0021 clipf=0.021 ev=+0.937 r0=1.0000 entcoef=4.35e-03 lr=2.7e-04 seed=2
iter= 393 step=1260800 ep_ret=-270.786 opt_ret=-270.786 step_rew=-2.7079 opt_step=-2.7079 gap0=270.786 dret=+67.637 eval_ret=n/a pursuer_target_distance=2.046 capture=0.000 score=0.000 pol=-0.0025 val=0.0088 ent=0.9585 tot=-0.0022 agnorm=0.127 cgnorm=0.053 kl=0.0022 clipf=0.023 ev=+0.940 r0=1.0000 entcoef=4.33e-03 lr=2.7e-04 seed=2
iter= 394 step=1264000 ep_ret=-298.776 opt_ret=-298.776 step_rew=-2.9878 opt_step=-2.9878 gap0=298.776 dret=+39.647 eval_ret=n/a pursuer_target_distance=2.316 capture=0.000 score=0.000 pol=-0.0029 val=0.0124 ent=0.9325 tot=-0.0007 agnorm=0.146 cgnorm=0.058 kl=0.0032 clipf=0.032 ev=+0.943 r0=1.0000 entcoef=4.32e-03 lr=2.6e-04 seed=2
iter= 395 step=1267200 ep_ret=-229.239 opt_ret=-229.239 step_rew=-2.2924 opt_step=-2.2924 gap0=229.239 dret=+109.184 eval_ret=n/a pursuer_target_distance=1.632 capture=0.008 score=0.003 pol=-0.0021 val=0.0162 ent=0.9575 tot=+0.0019 agnorm=0.137 cgnorm=0.070 kl=0.0028 clipf=0.030 ev=+0.875 r0=1.0000 entcoef=4.30e-03 lr=2.6e-04 seed=2
iter= 396 step=1270400 ep_ret=-249.115 opt_ret=-249.115 step_rew=-2.4911 opt_step=-2.4911 gap0=249.115 dret=+89.308 eval_ret=n/a pursuer_target_distance=1.978 capture=0.007 score=0.002 pol=-0.0025 val=0.0252 ent=0.9754 tot=+0.0059 agnorm=0.301 cgnorm=0.092 kl=0.0034 clipf=0.036 ev=+0.767 r0=1.0000 entcoef=4.29e-03 lr=2.6e-04 seed=2
iter= 397 step=1273600 ep_ret=-276.598 opt_ret=-276.598 step_rew=-2.7660 opt_step=-2.7660 gap0=276.598 dret=+61.825 eval_ret=n/a pursuer_target_distance=2.114 capture=0.000 score=0.000 pol=-0.0021 val=0.0115 ent=0.9711 tot=-0.0005 agnorm=0.114 cgnorm=0.078 kl=0.0028 clipf=0.022 ev=+0.924 r0=1.0000 entcoef=4.27e-03 lr=2.6e-04 seed=2
iter= 398 step=1276800 ep_ret=-244.118 opt_ret=-244.118 step_rew=-2.4412 opt_step=-2.4412 gap0=244.118 dret=+94.305 eval_ret=n/a pursuer_target_distance=1.962 capture=0.000 score=0.000 pol=-0.0029 val=0.0102 ent=0.9638 tot=-0.0020 agnorm=0.151 cgnorm=0.068 kl=0.0028 clipf=0.028 ev=+0.894 r0=1.0000 entcoef=4.26e-03 lr=2.6e-04 seed=2
iter= 399 step=1280000 ep_ret=-249.460 opt_ret=-249.460 step_rew=-2.4946 opt_step=-2.4946 gap0=249.460 dret=+88.963 eval_ret=n/a pursuer_target_distance=1.898 capture=0.000 score=0.000 pol=-0.0027 val=0.0103 ent=0.9819 tot=-0.0017 agnorm=0.134 cgnorm=0.085 kl=0.0021 clipf=0.020 ev=+0.886 r0=1.0000 entcoef=4.25e-03 lr=2.6e-04 seed=2
iter= 400 step=1283200 ep_ret=-228.659 opt_ret=-228.659 step_rew=-2.2866 opt_step=-2.2866 gap0=228.659 dret=+109.764 eval_ret=-168.183 pursuer_target_distance=1.721 capture=0.008 score=0.003 pol=-0.0025 val=0.0224 ent=0.9832 tot=+0.0046 agnorm=0.093 cgnorm=0.083 kl=0.0016 clipf=0.015 ev=+0.866 r0=1.0000 entcoef=4.23e-03 lr=2.6e-04 seed=2
iter= 401 step=1286400 ep_ret=-287.043 opt_ret=-287.043 step_rew=-2.8704 opt_step=-2.8704 gap0=287.043 dret=+51.380 eval_ret=n/a pursuer_target_distance=2.335 capture=0.001 score=0.000 pol=-0.0022 val=0.0164 ent=0.9771 tot=+0.0019 agnorm=0.093 cgnorm=0.073 kl=0.0024 clipf=0.021 ev=+0.910 r0=1.0000 entcoef=4.22e-03 lr=2.6e-04 seed=2
iter= 402 step=1289600 ep_ret=-260.589 opt_ret=-260.589 step_rew=-2.6059 opt_step=-2.6059 gap0=260.589 dret=+77.834 eval_ret=n/a pursuer_target_distance=2.000 capture=0.004 score=0.001 pol=-0.0023 val=0.0183 ent=0.9689 tot=+0.0028 agnorm=0.114 cgnorm=0.068 kl=0.0022 clipf=0.021 ev=+0.914 r0=1.0000 entcoef=4.20e-03 lr=2.6e-04 seed=2
iter= 403 step=1292800 ep_ret=-282.857 opt_ret=-282.857 step_rew=-2.8286 opt_step=-2.8286 gap0=282.857 dret=+55.566 eval_ret=n/a pursuer_target_distance=2.306 capture=0.000 score=0.000 pol=-0.0020 val=0.0082 ent=0.9858 tot=-0.0021 agnorm=0.118 cgnorm=0.060 kl=0.0020 clipf=0.018 ev=+0.968 r0=1.0000 entcoef=4.19e-03 lr=2.5e-04 seed=2
iter= 404 step=1296000 ep_ret=-246.529 opt_ret=-246.529 step_rew=-2.4653 opt_step=-2.4653 gap0=246.529 dret=+91.893 eval_ret=n/a pursuer_target_distance=1.898 capture=0.000 score=0.000 pol=-0.0026 val=0.0098 ent=1.0594 tot=-0.0022 agnorm=0.152 cgnorm=0.055 kl=0.0026 clipf=0.025 ev=+0.936 r0=1.0000 entcoef=4.17e-03 lr=2.5e-04 seed=2
iter= 405 step=1299200 ep_ret=-271.076 opt_ret=-271.076 step_rew=-2.7108 opt_step=-2.7108 gap0=271.076 dret=+67.347 eval_ret=n/a pursuer_target_distance=2.258 capture=0.012 score=0.004 pol=-0.0025 val=0.0311 ent=0.9960 tot=+0.0089 agnorm=0.151 cgnorm=0.085 kl=0.0027 clipf=0.026 ev=+0.870 r0=1.0000 entcoef=4.16e-03 lr=2.5e-04 seed=2
iter= 406 step=1302400 ep_ret=-258.315 opt_ret=-258.315 step_rew=-2.5832 opt_step=-2.5832 gap0=258.315 dret=+80.108 eval_ret=n/a pursuer_target_distance=1.924 capture=0.000 score=0.000 pol=-0.0023 val=0.0115 ent=0.9224 tot=-0.0003 agnorm=0.106 cgnorm=0.064 kl=0.0020 clipf=0.018 ev=+0.907 r0=1.0000 entcoef=4.14e-03 lr=2.5e-04 seed=2
iter= 407 step=1305600 ep_ret=-230.109 opt_ret=-230.109 step_rew=-2.3011 opt_step=-2.3011 gap0=230.109 dret=+108.314 eval_ret=n/a pursuer_target_distance=1.848 capture=0.000 score=0.000 pol=-0.0024 val=0.0074 ent=0.9858 tot=-0.0028 agnorm=0.098 cgnorm=0.048 kl=0.0020 clipf=0.019 ev=+0.939 r0=1.0000 entcoef=4.13e-03 lr=2.5e-04 seed=2
iter= 408 step=1308800 ep_ret=-230.074 opt_ret=-230.074 step_rew=-2.3007 opt_step=-2.3007 gap0=230.074 dret=+108.349 eval_ret=n/a pursuer_target_distance=1.715 capture=0.000 score=0.000 pol=-0.0025 val=0.0101 ent=1.0257 tot=-0.0017 agnorm=0.121 cgnorm=0.057 kl=0.0023 clipf=0.025 ev=+0.913 r0=1.0000 entcoef=4.12e-03 lr=2.5e-04 seed=2
iter= 409 step=1312000 ep_ret=-228.643 opt_ret=-228.643 step_rew=-2.2864 opt_step=-2.2864 gap0=228.643 dret=+109.780 eval_ret=n/a pursuer_target_distance=1.710 capture=0.003 score=0.001 pol=-0.0030 val=0.0127 ent=1.0205 tot=-0.0008 agnorm=0.129 cgnorm=0.062 kl=0.0024 clipf=0.025 ev=+0.912 r0=1.0000 entcoef=4.10e-03 lr=2.5e-04 seed=2
iter= 410 step=1315200 ep_ret=-256.294 opt_ret=-256.294 step_rew=-2.5629 opt_step=-2.5629 gap0=256.294 dret=+82.129 eval_ret=n/a pursuer_target_distance=1.926 capture=0.000 score=0.000 pol=-0.0029 val=0.0085 ent=1.0210 tot=-0.0028 agnorm=0.111 cgnorm=0.059 kl=0.0021 clipf=0.019 ev=+0.944 r0=1.0000 entcoef=4.09e-03 lr=2.5e-04 seed=2
iter= 411 step=1318400 ep_ret=-266.003 opt_ret=-266.003 step_rew=-2.6600 opt_step=-2.6600 gap0=266.003 dret=+72.420 eval_ret=n/a pursuer_target_distance=2.014 capture=0.000 score=0.000 pol=-0.0024 val=0.0139 ent=0.9490 tot=+0.0006 agnorm=0.132 cgnorm=0.069 kl=0.0023 clipf=0.023 ev=+0.938 r0=1.0000 entcoef=4.07e-03 lr=2.5e-04 seed=2
iter= 412 step=1321600 ep_ret=-277.827 opt_ret=-277.827 step_rew=-2.7783 opt_step=-2.7783 gap0=277.827 dret=+60.596 eval_ret=n/a pursuer_target_distance=2.111 capture=0.000 score=0.000 pol=-0.0033 val=0.0091 ent=0.9673 tot=-0.0027 agnorm=0.194 cgnorm=0.061 kl=0.0027 clipf=0.030 ev=+0.939 r0=1.0000 entcoef=4.06e-03 lr=2.4e-04 seed=2
iter= 413 step=1324800 ep_ret=-244.162 opt_ret=-244.162 step_rew=-2.4416 opt_step=-2.4416 gap0=244.162 dret=+94.260 eval_ret=n/a pursuer_target_distance=1.960 capture=0.008 score=0.003 pol=-0.0023 val=0.0236 ent=0.9187 tot=+0.0058 agnorm=0.157 cgnorm=0.053 kl=0.0026 clipf=0.027 ev=+0.812 r0=1.0000 entcoef=4.04e-03 lr=2.4e-04 seed=2
iter= 414 step=1328000 ep_ret=-240.565 opt_ret=-240.565 step_rew=-2.4057 opt_step=-2.4057 gap0=240.565 dret=+97.858 eval_ret=n/a pursuer_target_distance=2.035 capture=0.013 score=0.004 pol=-0.0019 val=0.0380 ent=1.0085 tot=+0.0130 agnorm=0.093 cgnorm=0.084 kl=0.0033 clipf=0.031 ev=+0.774 r0=1.0000 entcoef=4.03e-03 lr=2.4e-04 seed=2
iter= 415 step=1331200 ep_ret=-241.305 opt_ret=-241.305 step_rew=-2.4131 opt_step=-2.4131 gap0=241.305 dret=+97.118 eval_ret=n/a pursuer_target_distance=1.798 capture=0.000 score=0.000 pol=-0.0020 val=0.0097 ent=0.9716 tot=-0.0011 agnorm=0.130 cgnorm=0.076 kl=0.0025 clipf=0.024 ev=+0.939 r0=1.0000 entcoef=4.01e-03 lr=2.4e-04 seed=2
iter= 416 step=1334400 ep_ret=-258.014 opt_ret=-258.014 step_rew=-2.5801 opt_step=-2.5801 gap0=258.014 dret=+80.409 eval_ret=n/a pursuer_target_distance=1.917 capture=0.000 score=0.000 pol=-0.0026 val=0.0078 ent=1.0005 tot=-0.0027 agnorm=0.139 cgnorm=0.052 kl=0.0026 clipf=0.026 ev=+0.963 r0=1.0000 entcoef=4.00e-03 lr=2.4e-04 seed=2
iter= 417 step=1337600 ep_ret=-276.805 opt_ret=-276.805 step_rew=-2.7680 opt_step=-2.7680 gap0=276.805 dret=+61.618 eval_ret=n/a pursuer_target_distance=2.043 capture=0.000 score=0.000 pol=-0.0030 val=0.0098 ent=0.9326 tot=-0.0018 agnorm=0.146 cgnorm=0.070 kl=0.0024 clipf=0.023 ev=+0.947 r0=1.0000 entcoef=3.99e-03 lr=2.4e-04 seed=2
iter= 418 step=1340800 ep_ret=-244.088 opt_ret=-244.088 step_rew=-2.4409 opt_step=-2.4409 gap0=244.088 dret=+94.335 eval_ret=n/a pursuer_target_distance=1.729 capture=0.005 score=0.002 pol=-0.0029 val=0.0162 ent=0.9889 tot=+0.0012 agnorm=0.235 cgnorm=0.056 kl=0.0028 clipf=0.027 ev=+0.909 r0=1.0000 entcoef=3.97e-03 lr=2.4e-04 seed=2
iter= 419 step=1344000 ep_ret=-268.419 opt_ret=-268.419 step_rew=-2.6842 opt_step=-2.6842 gap0=268.419 dret=+70.004 eval_ret=n/a pursuer_target_distance=2.087 capture=0.000 score=0.000 pol=-0.0024 val=0.0089 ent=1.0062 tot=-0.0019 agnorm=0.111 cgnorm=0.055 kl=0.0024 clipf=0.023 ev=+0.941 r0=1.0000 entcoef=3.96e-03 lr=2.4e-04 seed=2
iter= 420 step=1347200 ep_ret=-221.478 opt_ret=-221.478 step_rew=-2.2148 opt_step=-2.2148 gap0=221.478 dret=+116.945 eval_ret=-96.197 pursuer_target_distance=1.738 capture=0.005 score=0.002 pol=-0.0025 val=0.0185 ent=0.9438 tot=+0.0031 agnorm=0.189 cgnorm=0.092 kl=0.0023 clipf=0.023 ev=+0.843 r0=1.0000 entcoef=3.94e-03 lr=2.4e-04 seed=2
iter= 421 step=1350400 ep_ret=-270.444 opt_ret=-270.444 step_rew=-2.7044 opt_step=-2.7044 gap0=270.444 dret=+67.979 eval_ret=n/a pursuer_target_distance=2.057 capture=0.001 score=0.000 pol=-0.0022 val=0.0091 ent=0.9815 tot=-0.0015 agnorm=0.220 cgnorm=0.064 kl=0.0020 clipf=0.018 ev=+0.947 r0=1.0000 entcoef=3.93e-03 lr=2.3e-04 seed=2
iter= 422 step=1353600 ep_ret=-257.793 opt_ret=-257.793 step_rew=-2.5779 opt_step=-2.5779 gap0=257.793 dret=+80.630 eval_ret=n/a pursuer_target_distance=2.022 capture=0.000 score=0.000 pol=-0.0025 val=0.0088 ent=1.0065 tot=-0.0020 agnorm=0.151 cgnorm=0.053 kl=0.0028 clipf=0.029 ev=+0.951 r0=1.0000 entcoef=3.91e-03 lr=2.3e-04 seed=2
iter= 423 step=1356800 ep_ret=-235.024 opt_ret=-235.024 step_rew=-2.3502 opt_step=-2.3502 gap0=235.024 dret=+103.399 eval_ret=n/a pursuer_target_distance=1.711 capture=0.001 score=0.000 pol=-0.0025 val=0.0075 ent=0.9865 tot=-0.0026 agnorm=0.131 cgnorm=0.038 kl=0.0024 clipf=0.024 ev=+0.934 r0=1.0000 entcoef=3.90e-03 lr=2.3e-04 seed=2
iter= 424 step=1360000 ep_ret=-225.890 opt_ret=-225.890 step_rew=-2.2589 opt_step=-2.2589 gap0=225.890 dret=+112.533 eval_ret=n/a pursuer_target_distance=1.601 capture=0.000 score=0.000 pol=-0.0028 val=0.0096 ent=1.0104 tot=-0.0019 agnorm=0.145 cgnorm=0.056 kl=0.0024 clipf=0.021 ev=+0.842 r0=1.0000 entcoef=3.88e-03 lr=2.3e-04 seed=2
iter= 425 step=1363200 ep_ret=-234.722 opt_ret=-234.722 step_rew=-2.3472 opt_step=-2.3472 gap0=234.722 dret=+103.701 eval_ret=n/a pursuer_target_distance=1.710 capture=0.014 score=0.005 pol=-0.0015 val=0.0215 ent=0.9992 tot=+0.0054 agnorm=0.103 cgnorm=0.070 kl=0.0020 clipf=0.018 ev=+0.888 r0=1.0000 entcoef=3.87e-03 lr=2.3e-04 seed=2
iter= 426 step=1366400 ep_ret=-248.841 opt_ret=-248.841 step_rew=-2.4884 opt_step=-2.4884 gap0=248.841 dret=+89.581 eval_ret=n/a pursuer_target_distance=1.907 capture=0.002 score=0.001 pol=-0.0022 val=0.0129 ent=1.0006 tot=+0.0004 agnorm=0.133 cgnorm=0.058 kl=0.0017 clipf=0.015 ev=+0.931 r0=1.0000 entcoef=3.86e-03 lr=2.3e-04 seed=2
iter= 427 step=1369600 ep_ret=-206.685 opt_ret=-206.685 step_rew=-2.0668 opt_step=-2.0668 gap0=206.685 dret=+131.738 eval_ret=n/a pursuer_target_distance=1.591 capture=0.013 score=0.005 pol=-0.0025 val=0.0280 ent=0.9959 tot=+0.0077 agnorm=0.195 cgnorm=0.087 kl=0.0034 clipf=0.031 ev=+0.756 r0=1.0000 entcoef=3.84e-03 lr=2.3e-04 seed=2
iter= 428 step=1372800 ep_ret=-231.042 opt_ret=-231.042 step_rew=-2.3104 opt_step=-2.3104 gap0=231.042 dret=+107.381 eval_ret=n/a pursuer_target_distance=1.718 capture=0.000 score=0.000 pol=-0.0016 val=0.0112 ent=0.9495 tot=+0.0004 agnorm=0.112 cgnorm=0.075 kl=0.0017 clipf=0.017 ev=+0.898 r0=1.0000 entcoef=3.83e-03 lr=2.3e-04 seed=2
iter= 429 step=1376000 ep_ret=-241.509 opt_ret=-241.509 step_rew=-2.4151 opt_step=-2.4151 gap0=241.509 dret=+96.914 eval_ret=n/a pursuer_target_distance=1.787 capture=0.004 score=0.001 pol=-0.0026 val=0.0129 ent=1.0029 tot=+0.0000 agnorm=0.149 cgnorm=0.063 kl=0.0024 clipf=0.023 ev=+0.868 r0=1.0000 entcoef=3.81e-03 lr=2.3e-04 seed=2
iter= 430 step=1379200 ep_ret=-221.374 opt_ret=-221.374 step_rew=-2.2137 opt_step=-2.2137 gap0=221.374 dret=+117.049 eval_ret=n/a pursuer_target_distance=1.660 capture=0.000 score=0.000 pol=-0.0023 val=0.0098 ent=0.9687 tot=-0.0011 agnorm=0.118 cgnorm=0.047 kl=0.0015 clipf=0.013 ev=+0.923 r0=1.0000 entcoef=3.80e-03 lr=2.2e-04 seed=2
iter= 431 step=1382400 ep_ret=-249.347 opt_ret=-249.347 step_rew=-2.4935 opt_step=-2.4935 gap0=249.347 dret=+89.076 eval_ret=n/a pursuer_target_distance=1.984 capture=0.008 score=0.003 pol=-0.0022 val=0.0228 ent=1.0000 tot=+0.0054 agnorm=0.143 cgnorm=0.073 kl=0.0024 clipf=0.023 ev=+0.858 r0=1.0000 entcoef=3.78e-03 lr=2.2e-04 seed=2
iter= 432 step=1385600 ep_ret=-242.668 opt_ret=-242.668 step_rew=-2.4267 opt_step=-2.4267 gap0=242.668 dret=+95.755 eval_ret=n/a pursuer_target_distance=1.725 capture=0.000 score=0.000 pol=-0.0018 val=0.0133 ent=0.9602 tot=+0.0013 agnorm=0.109 cgnorm=0.072 kl=0.0025 clipf=0.025 ev=+0.894 r0=1.0000 entcoef=3.77e-03 lr=2.2e-04 seed=2
iter= 433 step=1388800 ep_ret=-311.104 opt_ret=-311.104 step_rew=-3.1110 opt_step=-3.1110 gap0=311.104 dret=+27.319 eval_ret=n/a pursuer_target_distance=2.459 capture=0.000 score=0.000 pol=-0.0025 val=0.0153 ent=0.9600 tot=+0.0015 agnorm=0.118 cgnorm=0.105 kl=0.0021 clipf=0.022 ev=+0.936 r0=1.0000 entcoef=3.75e-03 lr=2.2e-04 seed=2
iter= 434 step=1392000 ep_ret=-239.808 opt_ret=-239.808 step_rew=-2.3981 opt_step=-2.3981 gap0=239.808 dret=+98.615 eval_ret=n/a pursuer_target_distance=1.851 capture=0.000 score=0.000 pol=-0.0020 val=0.0084 ent=0.9498 tot=-0.0014 agnorm=0.108 cgnorm=0.070 kl=0.0019 clipf=0.018 ev=+0.937 r0=1.0000 entcoef=3.74e-03 lr=2.2e-04 seed=2
iter= 435 step=1395200 ep_ret=-243.840 opt_ret=-243.840 step_rew=-2.4384 opt_step=-2.4384 gap0=243.840 dret=+94.583 eval_ret=n/a pursuer_target_distance=1.766 capture=0.001 score=0.000 pol=-0.0024 val=0.0120 ent=0.9336 tot=+0.0001 agnorm=0.103 cgnorm=0.058 kl=0.0017 clipf=0.016 ev=+0.880 r0=1.0000 entcoef=3.73e-03 lr=2.2e-04 seed=2
iter= 436 step=1398400 ep_ret=-246.580 opt_ret=-246.580 step_rew=-2.4658 opt_step=-2.4658 gap0=246.580 dret=+91.842 eval_ret=n/a pursuer_target_distance=1.941 capture=0.003 score=0.001 pol=-0.0020 val=0.0151 ent=0.9702 tot=+0.0019 agnorm=0.132 cgnorm=0.073 kl=0.0021 clipf=0.020 ev=+0.903 r0=1.0000 entcoef=3.71e-03 lr=2.2e-04 seed=2
iter= 437 step=1401600 ep_ret=-238.570 opt_ret=-238.570 step_rew=-2.3857 opt_step=-2.3857 gap0=238.570 dret=+99.853 eval_ret=n/a pursuer_target_distance=1.691 capture=0.000 score=0.000 pol=-0.0030 val=0.0126 ent=0.9259 tot=-0.0001 agnorm=0.171 cgnorm=0.057 kl=0.0031 clipf=0.033 ev=+0.904 r0=1.0000 entcoef=3.70e-03 lr=2.2e-04 seed=2
iter= 438 step=1404800 ep_ret=-248.312 opt_ret=-248.312 step_rew=-2.4831 opt_step=-2.4831 gap0=248.312 dret=+90.111 eval_ret=n/a pursuer_target_distance=2.003 capture=0.002 score=0.001 pol=-0.0025 val=0.0123 ent=0.9194 tot=+0.0003 agnorm=0.129 cgnorm=0.057 kl=0.0024 clipf=0.024 ev=+0.886 r0=1.0000 entcoef=3.68e-03 lr=2.2e-04 seed=2
iter= 439 step=1408000 ep_ret=-259.483 opt_ret=-259.483 step_rew=-2.5948 opt_step=-2.5948 gap0=259.483 dret=+78.940 eval_ret=n/a pursuer_target_distance=2.006 capture=0.000 score=0.000 pol=-0.0025 val=0.0090 ent=0.8838 tot=-0.0013 agnorm=0.143 cgnorm=0.048 kl=0.0023 clipf=0.021 ev=+0.912 r0=1.0000 entcoef=3.67e-03 lr=2.1e-04 seed=2
iter= 440 step=1411200 ep_ret=-235.081 opt_ret=-235.081 step_rew=-2.3508 opt_step=-2.3508 gap0=235.081 dret=+103.342 eval_ret=-143.683 pursuer_target_distance=1.827 capture=0.000 score=0.000 pol=-0.0019 val=0.0082 ent=0.9297 tot=-0.0013 agnorm=0.112 cgnorm=0.054 kl=0.0016 clipf=0.013 ev=+0.920 r0=1.0000 entcoef=3.65e-03 lr=2.1e-04 seed=2
iter= 441 step=1414400 ep_ret=-196.876 opt_ret=-196.876 step_rew=-1.9688 opt_step=-1.9688 gap0=196.876 dret=+141.547 eval_ret=n/a pursuer_target_distance=1.560 capture=0.014 score=0.005 pol=-0.0021 val=0.0316 ent=0.9333 tot=+0.0103 agnorm=0.280 cgnorm=0.087 kl=0.0028 clipf=0.025 ev=+0.756 r0=1.0000 entcoef=3.64e-03 lr=2.1e-04 seed=2
iter= 442 step=1417600 ep_ret=-264.532 opt_ret=-264.532 step_rew=-2.6453 opt_step=-2.6453 gap0=264.532 dret=+73.891 eval_ret=n/a pursuer_target_distance=2.038 capture=0.000 score=0.000 pol=-0.0023 val=0.0095 ent=0.8700 tot=-0.0007 agnorm=0.133 cgnorm=0.063 kl=0.0020 clipf=0.018 ev=+0.930 r0=1.0000 entcoef=3.62e-03 lr=2.1e-04 seed=2
iter= 443 step=1420800 ep_ret=-247.536 opt_ret=-247.536 step_rew=-2.4754 opt_step=-2.4754 gap0=247.536 dret=+90.887 eval_ret=n/a pursuer_target_distance=1.902 capture=0.000 score=0.000 pol=-0.0025 val=0.0071 ent=0.9306 tot=-0.0023 agnorm=0.239 cgnorm=0.047 kl=0.0024 clipf=0.024 ev=+0.926 r0=1.0000 entcoef=3.61e-03 lr=2.1e-04 seed=2
iter= 444 step=1424000 ep_ret=-232.234 opt_ret=-232.234 step_rew=-2.3223 opt_step=-2.3223 gap0=232.234 dret=+106.189 eval_ret=n/a pursuer_target_distance=1.848 capture=0.003 score=0.001 pol=-0.0028 val=0.0112 ent=0.8709 tot=-0.0003 agnorm=0.146 cgnorm=0.050 kl=0.0031 clipf=0.031 ev=+0.911 r0=1.0000 entcoef=3.60e-03 lr=2.1e-04 seed=2
iter= 445 step=1427200 ep_ret=-205.490 opt_ret=-205.490 step_rew=-2.0549 opt_step=-2.0549 gap0=205.490 dret=+132.933 eval_ret=n/a pursuer_target_distance=1.669 capture=0.008 score=0.003 pol=-0.0022 val=0.0175 ent=0.9219 tot=+0.0032 agnorm=0.226 cgnorm=0.061 kl=0.0019 clipf=0.016 ev=+0.865 r0=1.0000 entcoef=3.58e-03 lr=2.1e-04 seed=2
iter= 446 step=1430400 ep_ret=-236.751 opt_ret=-236.751 step_rew=-2.3675 opt_step=-2.3675 gap0=236.751 dret=+101.672 eval_ret=n/a pursuer_target_distance=1.552 capture=0.000 score=0.000 pol=-0.0026 val=0.0067 ent=0.9025 tot=-0.0025 agnorm=0.227 cgnorm=0.054 kl=0.0027 clipf=0.029 ev=+0.933 r0=1.0000 entcoef=3.57e-03 lr=2.1e-04 seed=2
iter= 447 step=1433600 ep_ret=-252.501 opt_ret=-252.501 step_rew=-2.5250 opt_step=-2.5250 gap0=252.501 dret=+85.922 eval_ret=n/a pursuer_target_distance=1.896 capture=0.000 score=0.000 pol=-0.0021 val=0.0074 ent=0.8703 tot=-0.0015 agnorm=0.184 cgnorm=0.055 kl=0.0022 clipf=0.023 ev=+0.953 r0=1.0000 entcoef=3.55e-03 lr=2.1e-04 seed=2
iter= 448 step=1436800 ep_ret=-203.709 opt_ret=-203.709 step_rew=-2.0371 opt_step=-2.0371 gap0=203.709 dret=+134.713 eval_ret=n/a pursuer_target_distance=1.433 capture=0.003 score=0.001 pol=-0.0026 val=0.0087 ent=0.9329 tot=-0.0015 agnorm=0.186 cgnorm=0.051 kl=0.0025 clipf=0.027 ev=+0.927 r0=1.0000 entcoef=3.54e-03 lr=2.0e-04 seed=2
iter= 449 step=1440000 ep_ret=-247.765 opt_ret=-247.765 step_rew=-2.4777 opt_step=-2.4777 gap0=247.765 dret=+90.658 eval_ret=n/a pursuer_target_distance=1.917 capture=0.001 score=0.000 pol=-0.0020 val=0.0120 ent=0.9202 tot=+0.0007 agnorm=0.177 cgnorm=0.074 kl=0.0020 clipf=0.018 ev=+0.910 r0=1.0000 entcoef=3.52e-03 lr=2.0e-04 seed=2
iter= 450 step=1443200 ep_ret=-241.800 opt_ret=-241.800 step_rew=-2.4180 opt_step=-2.4180 gap0=241.800 dret=+96.623 eval_ret=n/a pursuer_target_distance=1.772 capture=0.000 score=0.000 pol=-0.0021 val=0.0103 ent=0.8975 tot=-0.0001 agnorm=0.175 cgnorm=0.064 kl=0.0031 clipf=0.029 ev=+0.912 r0=1.0000 entcoef=3.51e-03 lr=2.0e-04 seed=2
iter= 451 step=1446400 ep_ret=-254.008 opt_ret=-254.008 step_rew=-2.5401 opt_step=-2.5401 gap0=254.008 dret=+84.415 eval_ret=n/a pursuer_target_distance=1.976 capture=0.002 score=0.001 pol=-0.0023 val=0.0097 ent=0.8816 tot=-0.0005 agnorm=0.132 cgnorm=0.052 kl=0.0021 clipf=0.019 ev=+0.946 r0=1.0000 entcoef=3.50e-03 lr=2.0e-04 seed=2
iter= 452 step=1449600 ep_ret=-257.725 opt_ret=-257.725 step_rew=-2.5773 opt_step=-2.5773 gap0=257.725 dret=+80.698 eval_ret=n/a pursuer_target_distance=1.987 capture=0.000 score=0.000 pol=-0.0020 val=0.0172 ent=0.9027 tot=+0.0035 agnorm=0.143 cgnorm=0.074 kl=0.0022 clipf=0.024 ev=+0.873 r0=1.0000 entcoef=3.48e-03 lr=2.0e-04 seed=2
iter= 453 step=1452800 ep_ret=-244.859 opt_ret=-244.859 step_rew=-2.4486 opt_step=-2.4486 gap0=244.859 dret=+93.564 eval_ret=n/a pursuer_target_distance=1.776 capture=0.000 score=0.000 pol=-0.0028 val=0.0118 ent=0.8786 tot=+0.0001 agnorm=0.162 cgnorm=0.077 kl=0.0027 clipf=0.030 ev=+0.918 r0=1.0000 entcoef=3.47e-03 lr=2.0e-04 seed=2
iter= 454 step=1456000 ep_ret=-235.990 opt_ret=-235.990 step_rew=-2.3599 opt_step=-2.3599 gap0=235.990 dret=+102.433 eval_ret=n/a pursuer_target_distance=1.843 capture=0.000 score=0.000 pol=-0.0017 val=0.0064 ent=0.8695 tot=-0.0015 agnorm=0.140 cgnorm=0.043 kl=0.0020 clipf=0.021 ev=+0.954 r0=1.0000 entcoef=3.45e-03 lr=2.0e-04 seed=2
iter= 455 step=1459200 ep_ret=-268.259 opt_ret=-268.259 step_rew=-2.6826 opt_step=-2.6826 gap0=268.259 dret=+70.164 eval_ret=n/a pursuer_target_distance=2.061 capture=0.001 score=0.000 pol=-0.0019 val=0.0127 ent=0.9001 tot=+0.0014 agnorm=0.111 cgnorm=0.087 kl=0.0018 clipf=0.017 ev=+0.911 r0=1.0000 entcoef=3.44e-03 lr=2.0e-04 seed=2
iter= 456 step=1462400 ep_ret=-233.913 opt_ret=-233.913 step_rew=-2.3391 opt_step=-2.3391 gap0=233.913 dret=+104.509 eval_ret=n/a pursuer_target_distance=1.684 capture=0.000 score=0.000 pol=-0.0030 val=0.0099 ent=0.9311 tot=-0.0012 agnorm=0.167 cgnorm=0.056 kl=0.0027 clipf=0.027 ev=+0.921 r0=1.0000 entcoef=3.42e-03 lr=2.0e-04 seed=2
iter= 457 step=1465600 ep_ret=-205.601 opt_ret=-205.601 step_rew=-2.0560 opt_step=-2.0560 gap0=205.601 dret=+132.822 eval_ret=n/a pursuer_target_distance=1.447 capture=0.003 score=0.001 pol=-0.0024 val=0.0088 ent=0.9533 tot=-0.0012 agnorm=0.134 cgnorm=0.054 kl=0.0022 clipf=0.020 ev=+0.904 r0=1.0000 entcoef=3.41e-03 lr=1.9e-04 seed=2
iter= 458 step=1468800 ep_ret=-259.481 opt_ret=-259.481 step_rew=-2.5948 opt_step=-2.5948 gap0=259.481 dret=+78.942 eval_ret=n/a pursuer_target_distance=1.859 capture=0.000 score=0.000 pol=-0.0024 val=0.0135 ent=0.8978 tot=+0.0012 agnorm=0.172 cgnorm=0.079 kl=0.0025 clipf=0.026 ev=+0.917 r0=1.0000 entcoef=3.39e-03 lr=1.9e-04 seed=2
iter= 459 step=1472000 ep_ret=-250.129 opt_ret=-250.129 step_rew=-2.5013 opt_step=-2.5013 gap0=250.129 dret=+88.294 eval_ret=n/a pursuer_target_distance=1.971 capture=0.000 score=0.000 pol=-0.0025 val=0.0107 ent=0.9059 tot=-0.0002 agnorm=0.171 cgnorm=0.075 kl=0.0026 clipf=0.024 ev=+0.926 r0=1.0000 entcoef=3.38e-03 lr=1.9e-04 seed=2
iter= 460 step=1475200 ep_ret=-232.133 opt_ret=-232.133 step_rew=-2.3213 opt_step=-2.3213 gap0=232.133 dret=+106.290 eval_ret=-23.982 pursuer_target_distance=1.815 capture=0.001 score=0.000 pol=-0.0028 val=0.0086 ent=0.9264 tot=-0.0017 agnorm=0.187 cgnorm=0.052 kl=0.0027 clipf=0.030 ev=+0.947 r0=1.0000 entcoef=3.37e-03 lr=1.9e-04 seed=2
iter= 461 step=1478400 ep_ret=-294.161 opt_ret=-294.161 step_rew=-2.9416 opt_step=-2.9416 gap0=294.161 dret=+44.262 eval_ret=n/a pursuer_target_distance=2.239 capture=0.000 score=0.000 pol=-0.0022 val=0.0119 ent=0.8719 tot=+0.0008 agnorm=0.143 cgnorm=0.067 kl=0.0017 clipf=0.015 ev=+0.915 r0=1.0000 entcoef=3.35e-03 lr=1.9e-04 seed=2
iter= 462 step=1481600 ep_ret=-263.014 opt_ret=-263.014 step_rew=-2.6301 opt_step=-2.6301 gap0=263.014 dret=+75.409 eval_ret=n/a pursuer_target_distance=1.889 capture=0.000 score=0.000 pol=-0.0016 val=0.0109 ent=0.8672 tot=+0.0010 agnorm=0.096 cgnorm=0.078 kl=0.0016 clipf=0.016 ev=+0.885 r0=1.0000 entcoef=3.34e-03 lr=1.9e-04 seed=2
iter= 463 step=1484800 ep_ret=-241.975 opt_ret=-241.975 step_rew=-2.4197 opt_step=-2.4197 gap0=241.975 dret=+96.448 eval_ret=n/a pursuer_target_distance=1.831 capture=0.005 score=0.002 pol=-0.0023 val=0.0166 ent=0.9128 tot=+0.0029 agnorm=0.272 cgnorm=0.063 kl=0.0026 clipf=0.025 ev=+0.854 r0=1.0000 entcoef=3.32e-03 lr=1.9e-04 seed=2
iter= 464 step=1488000 ep_ret=-222.285 opt_ret=-222.285 step_rew=-2.2228 opt_step=-2.2228 gap0=222.285 dret=+116.138 eval_ret=n/a pursuer_target_distance=1.766 capture=0.006 score=0.002 pol=-0.0019 val=0.0126 ent=0.9058 tot=+0.0014 agnorm=0.162 cgnorm=0.045 kl=0.0023 clipf=0.021 ev=+0.912 r0=1.0000 entcoef=3.31e-03 lr=1.9e-04 seed=2
iter= 465 step=1491200 ep_ret=-251.630 opt_ret=-251.630 step_rew=-2.5163 opt_step=-2.5163 gap0=251.630 dret=+86.793 eval_ret=n/a pursuer_target_distance=1.955 capture=0.004 score=0.001 pol=-0.0017 val=0.0165 ent=0.8460 tot=+0.0038 agnorm=0.123 cgnorm=0.068 kl=0.0021 clipf=0.020 ev=+0.913 r0=1.0000 entcoef=3.29e-03 lr=1.9e-04 seed=2
iter= 466 step=1494400 ep_ret=-241.329 opt_ret=-241.329 step_rew=-2.4133 opt_step=-2.4133 gap0=241.329 dret=+97.094 eval_ret=n/a pursuer_target_distance=1.747 capture=0.000 score=0.000 pol=-0.0029 val=0.0064 ent=0.8678 tot=-0.0026 agnorm=0.154 cgnorm=0.047 kl=0.0027 clipf=0.026 ev=+0.926 r0=1.0000 entcoef=3.28e-03 lr=1.8e-04 seed=2
iter= 467 step=1497600 ep_ret=-267.432 opt_ret=-267.432 step_rew=-2.6743 opt_step=-2.6743 gap0=267.432 dret=+70.991 eval_ret=n/a pursuer_target_distance=2.013 capture=0.000 score=0.000 pol=-0.0028 val=0.0085 ent=0.8806 tot=-0.0014 agnorm=0.155 cgnorm=0.058 kl=0.0030 clipf=0.030 ev=+0.958 r0=1.0000 entcoef=3.26e-03 lr=1.8e-04 seed=2
iter= 468 step=1500800 ep_ret=-248.720 opt_ret=-248.720 step_rew=-2.4872 opt_step=-2.4872 gap0=248.720 dret=+89.703 eval_ret=n/a pursuer_target_distance=1.879 capture=0.002 score=0.001 pol=-0.0026 val=0.0088 ent=0.8821 tot=-0.0011 agnorm=0.210 cgnorm=0.041 kl=0.0028 clipf=0.031 ev=+0.967 r0=1.0000 entcoef=3.25e-03 lr=1.8e-04 seed=2
iter= 469 step=1504000 ep_ret=-261.461 opt_ret=-261.461 step_rew=-2.6146 opt_step=-2.6146 gap0=261.461 dret=+76.962 eval_ret=n/a pursuer_target_distance=1.817 capture=0.000 score=0.000 pol=-0.0023 val=0.0068 ent=0.9068 tot=-0.0019 agnorm=0.195 cgnorm=0.047 kl=0.0023 clipf=0.022 ev=+0.953 r0=1.0000 entcoef=3.24e-03 lr=1.8e-04 seed=2
iter= 470 step=1507200 ep_ret=-233.141 opt_ret=-233.141 step_rew=-2.3314 opt_step=-2.3314 gap0=233.141 dret=+105.282 eval_ret=n/a pursuer_target_distance=1.698 capture=0.000 score=0.000 pol=-0.0022 val=0.0085 ent=0.8854 tot=-0.0008 agnorm=0.142 cgnorm=0.080 kl=0.0022 clipf=0.023 ev=+0.905 r0=1.0000 entcoef=3.22e-03 lr=1.8e-04 seed=2
iter= 471 step=1510400 ep_ret=-218.270 opt_ret=-218.270 step_rew=-2.1827 opt_step=-2.1827 gap0=218.270 dret=+120.153 eval_ret=n/a pursuer_target_distance=1.627 capture=0.007 score=0.002 pol=-0.0020 val=0.0197 ent=0.8614 tot=+0.0051 agnorm=0.166 cgnorm=0.068 kl=0.0021 clipf=0.022 ev=+0.853 r0=1.0000 entcoef=3.21e-03 lr=1.8e-04 seed=2
iter= 472 step=1513600 ep_ret=-268.000 opt_ret=-268.000 step_rew=-2.6800 opt_step=-2.6800 gap0=268.000 dret=+70.423 eval_ret=n/a pursuer_target_distance=1.971 capture=0.002 score=0.001 pol=-0.0017 val=0.0137 ent=0.8658 tot=+0.0024 agnorm=0.163 cgnorm=0.085 kl=0.0020 clipf=0.017 ev=+0.923 r0=1.0000 entcoef=3.19e-03 lr=1.8e-04 seed=2
iter= 473 step=1516800 ep_ret=-256.635 opt_ret=-256.635 step_rew=-2.5663 opt_step=-2.5663 gap0=256.635 dret=+81.788 eval_ret=n/a pursuer_target_distance=1.913 capture=0.000 score=0.000 pol=-0.0013 val=0.0094 ent=0.8718 tot=+0.0006 agnorm=0.117 cgnorm=0.060 kl=0.0010 clipf=0.009 ev=+0.943 r0=1.0000 entcoef=3.18e-03 lr=1.8e-04 seed=2
iter= 474 step=1520000 ep_ret=-234.631 opt_ret=-234.631 step_rew=-2.3463 opt_step=-2.3463 gap0=234.631 dret=+103.792 eval_ret=n/a pursuer_target_distance=1.713 capture=0.000 score=0.000 pol=-0.0014 val=0.0081 ent=0.8283 tot=+0.0000 agnorm=0.125 cgnorm=0.051 kl=0.0014 clipf=0.013 ev=+0.912 r0=1.0000 entcoef=3.16e-03 lr=1.8e-04 seed=2
iter= 475 step=1523200 ep_ret=-250.700 opt_ret=-250.700 step_rew=-2.5070 opt_step=-2.5070 gap0=250.700 dret=+87.723 eval_ret=n/a pursuer_target_distance=2.009 capture=0.000 score=0.000 pol=-0.0016 val=0.0106 ent=0.8491 tot=+0.0011 agnorm=0.126 cgnorm=0.078 kl=0.0020 clipf=0.020 ev=+0.946 r0=1.0000 entcoef=3.15e-03 lr=1.7e-04 seed=2
iter= 476 step=1526400 ep_ret=-234.529 opt_ret=-234.529 step_rew=-2.3453 opt_step=-2.3453 gap0=234.529 dret=+103.893 eval_ret=n/a pursuer_target_distance=1.812 capture=0.000 score=0.000 pol=-0.0023 val=0.0089 ent=0.8963 tot=-0.0006 agnorm=0.163 cgnorm=0.067 kl=0.0019 clipf=0.018 ev=+0.921 r0=1.0000 entcoef=3.13e-03 lr=1.7e-04 seed=2
iter= 477 step=1529600 ep_ret=-235.187 opt_ret=-235.187 step_rew=-2.3519 opt_step=-2.3519 gap0=235.187 dret=+103.236 eval_ret=n/a pursuer_target_distance=1.753 capture=0.000 score=0.000 pol=-0.0029 val=0.0109 ent=0.8968 tot=-0.0002 agnorm=0.175 cgnorm=0.071 kl=0.0030 clipf=0.035 ev=+0.895 r0=1.0000 entcoef=3.12e-03 lr=1.7e-04 seed=2
iter= 478 step=1532800 ep_ret=-266.311 opt_ret=-266.311 step_rew=-2.6631 opt_step=-2.6631 gap0=266.311 dret=+72.112 eval_ret=n/a pursuer_target_distance=1.873 capture=0.005 score=0.002 pol=-0.0016 val=0.0174 ent=0.8774 tot=+0.0044 agnorm=0.117 cgnorm=0.070 kl=0.0018 clipf=0.012 ev=+0.917 r0=1.0000 entcoef=3.11e-03 lr=1.7e-04 seed=2
iter= 479 step=1536000 ep_ret=-248.649 opt_ret=-248.649 step_rew=-2.4865 opt_step=-2.4865 gap0=248.649 dret=+89.774 eval_ret=n/a pursuer_target_distance=1.920 capture=0.003 score=0.001 pol=-0.0021 val=0.0089 ent=0.8840 tot=-0.0003 agnorm=0.173 cgnorm=0.048 kl=0.0029 clipf=0.023 ev=+0.965 r0=1.0000 entcoef=3.09e-03 lr=1.7e-04 seed=2
iter= 480 step=1539200 ep_ret=-227.426 opt_ret=-227.426 step_rew=-2.2743 opt_step=-2.2743 gap0=227.426 dret=+110.997 eval_ret=+4.493 pursuer_target_distance=1.673 capture=0.013 score=0.005 pol=-0.0020 val=0.0293 ent=0.8741 tot=+0.0100 agnorm=0.219 cgnorm=0.066 kl=0.0032 clipf=0.024 ev=+0.888 r0=1.0000 entcoef=3.08e-03 lr=1.7e-04 seed=2
iter= 481 step=1542400 ep_ret=-241.615 opt_ret=-241.615 step_rew=-2.4162 opt_step=-2.4162 gap0=241.615 dret=+96.808 eval_ret=n/a pursuer_target_distance=1.774 capture=0.005 score=0.002 pol=-0.0014 val=0.0106 ent=0.8597 tot=+0.0013 agnorm=0.118 cgnorm=0.048 kl=0.0015 clipf=0.013 ev=+0.916 r0=1.0000 entcoef=3.06e-03 lr=1.7e-04 seed=2
iter= 482 step=1545600 ep_ret=-202.934 opt_ret=-202.934 step_rew=-2.0293 opt_step=-2.0293 gap0=202.934 dret=+135.489 eval_ret=n/a pursuer_target_distance=1.522 capture=0.008 score=0.003 pol=-0.0024 val=0.0171 ent=0.8799 tot=+0.0034 agnorm=0.156 cgnorm=0.049 kl=0.0019 clipf=0.020 ev=+0.820 r0=1.0000 entcoef=3.05e-03 lr=1.7e-04 seed=2
iter= 483 step=1548800 ep_ret=-200.030 opt_ret=-200.030 step_rew=-2.0003 opt_step=-2.0003 gap0=200.030 dret=+138.393 eval_ret=n/a pursuer_target_distance=1.453 capture=0.025 score=0.010 pol=-0.0011 val=0.0630 ent=0.9049 tot=+0.0276 agnorm=0.459 cgnorm=0.126 kl=0.0025 clipf=0.024 ev=+0.626 r0=1.0000 entcoef=3.03e-03 lr=1.7e-04 seed=2
iter= 484 step=1552000 ep_ret=-233.136 opt_ret=-233.136 step_rew=-2.3314 opt_step=-2.3314 gap0=233.136 dret=+105.287 eval_ret=n/a pursuer_target_distance=1.769 capture=0.002 score=0.001 pol=-0.0018 val=0.0091 ent=0.8440 tot=+0.0002 agnorm=0.143 cgnorm=0.046 kl=0.0017 clipf=0.016 ev=+0.917 r0=1.0000 entcoef=3.02e-03 lr=1.6e-04 seed=2
iter= 485 step=1555200 ep_ret=-230.322 opt_ret=-230.322 step_rew=-2.3032 opt_step=-2.3032 gap0=230.322 dret=+108.101 eval_ret=n/a pursuer_target_distance=1.850 capture=0.011 score=0.004 pol=-0.0025 val=0.0213 ent=0.8611 tot=+0.0056 agnorm=0.218 cgnorm=0.055 kl=0.0024 clipf=0.023 ev=+0.863 r0=1.0000 entcoef=3.00e-03 lr=1.6e-04 seed=2
iter= 486 step=1558400 ep_ret=-272.564 opt_ret=-272.564 step_rew=-2.7256 opt_step=-2.7256 gap0=272.564 dret=+65.859 eval_ret=n/a pursuer_target_distance=2.285 capture=0.016 score=0.005 pol=-0.0015 val=0.0368 ent=0.8257 tot=+0.0144 agnorm=0.194 cgnorm=0.089 kl=0.0014 clipf=0.012 ev=+0.863 r0=1.0000 entcoef=2.99e-03 lr=1.6e-04 seed=2
iter= 487 step=1561600 ep_ret=-256.561 opt_ret=-256.561 step_rew=-2.5656 opt_step=-2.5656 gap0=256.561 dret=+81.862 eval_ret=n/a pursuer_target_distance=1.867 capture=0.000 score=0.000 pol=-0.0022 val=0.0100 ent=0.8269 tot=+0.0003 agnorm=0.188 cgnorm=0.076 kl=0.0017 clipf=0.017 ev=+0.938 r0=1.0000 entcoef=2.98e-03 lr=1.6e-04 seed=2
iter= 488 step=1564800 ep_ret=-255.487 opt_ret=-255.487 step_rew=-2.5549 opt_step=-2.5549 gap0=255.487 dret=+82.936 eval_ret=n/a pursuer_target_distance=2.096 capture=0.000 score=0.000 pol=-0.0020 val=0.0122 ent=0.8233 tot=+0.0017 agnorm=0.126 cgnorm=0.078 kl=0.0015 clipf=0.013 ev=+0.902 r0=1.0000 entcoef=2.96e-03 lr=1.6e-04 seed=2
iter= 489 step=1568000 ep_ret=-258.533 opt_ret=-258.533 step_rew=-2.5853 opt_step=-2.5853 gap0=258.533 dret=+79.890 eval_ret=n/a pursuer_target_distance=1.981 capture=0.004 score=0.001 pol=-0.0018 val=0.0162 ent=0.8543 tot=+0.0038 agnorm=0.216 cgnorm=0.070 kl=0.0019 clipf=0.018 ev=+0.906 r0=1.0000 entcoef=2.95e-03 lr=1.6e-04 seed=2
iter= 490 step=1571200 ep_ret=-212.985 opt_ret=-212.985 step_rew=-2.1298 opt_step=-2.1298 gap0=212.985 dret=+125.438 eval_ret=n/a pursuer_target_distance=1.592 capture=0.005 score=0.002 pol=-0.0014 val=0.0133 ent=0.9106 tot=+0.0026 agnorm=0.136 cgnorm=0.050 kl=0.0010 clipf=0.007 ev=+0.882 r0=1.0000 entcoef=2.93e-03 lr=1.6e-04 seed=2
iter= 491 step=1574400 ep_ret=-253.636 opt_ret=-253.636 step_rew=-2.5364 opt_step=-2.5364 gap0=253.636 dret=+84.787 eval_ret=n/a pursuer_target_distance=1.993 capture=0.005 score=0.002 pol=-0.0021 val=0.0149 ent=0.8904 tot=+0.0027 agnorm=0.165 cgnorm=0.068 kl=0.0014 clipf=0.012 ev=+0.941 r0=1.0000 entcoef=2.92e-03 lr=1.6e-04 seed=2
iter= 492 step=1577600 ep_ret=-258.195 opt_ret=-258.195 step_rew=-2.5820 opt_step=-2.5820 gap0=258.195 dret=+80.228 eval_ret=n/a pursuer_target_distance=2.074 capture=0.013 score=0.004 pol=-0.0021 val=0.0306 ent=0.8578 tot=+0.0107 agnorm=0.147 cgnorm=0.073 kl=0.0016 clipf=0.013 ev=+0.908 r0=1.0000 entcoef=2.90e-03 lr=1.6e-04 seed=2
iter= 493 step=1580800 ep_ret=-233.987 opt_ret=-233.987 step_rew=-2.3399 opt_step=-2.3399 gap0=233.987 dret=+104.435 eval_ret=n/a pursuer_target_distance=1.957 capture=0.009 score=0.003 pol=-0.0020 val=0.0157 ent=0.8849 tot=+0.0033 agnorm=0.126 cgnorm=0.074 kl=0.0018 clipf=0.016 ev=+0.922 r0=1.0000 entcoef=2.89e-03 lr=1.5e-04 seed=2
iter= 494 step=1584000 ep_ret=-237.712 opt_ret=-237.712 step_rew=-2.3771 opt_step=-2.3771 gap0=237.712 dret=+100.711 eval_ret=n/a pursuer_target_distance=1.961 capture=0.005 score=0.002 pol=-0.0018 val=0.0116 ent=0.8779 tot=+0.0015 agnorm=0.178 cgnorm=0.059 kl=0.0015 clipf=0.015 ev=+0.935 r0=1.0000 entcoef=2.87e-03 lr=1.5e-04 seed=2
iter= 495 step=1587200 ep_ret=-229.083 opt_ret=-229.083 step_rew=-2.2908 opt_step=-2.2908 gap0=229.083 dret=+109.339 eval_ret=n/a pursuer_target_distance=1.745 capture=0.000 score=0.000 pol=-0.0026 val=0.0069 ent=0.8788 tot=-0.0016 agnorm=0.191 cgnorm=0.049 kl=0.0024 clipf=0.025 ev=+0.946 r0=1.0000 entcoef=2.86e-03 lr=1.5e-04 seed=2
iter= 496 step=1590400 ep_ret=-231.650 opt_ret=-231.650 step_rew=-2.3165 opt_step=-2.3165 gap0=231.650 dret=+106.773 eval_ret=n/a pursuer_target_distance=1.634 capture=0.000 score=0.000 pol=-0.0015 val=0.0062 ent=0.8438 tot=-0.0008 agnorm=0.136 cgnorm=0.047 kl=0.0021 clipf=0.021 ev=+0.949 r0=1.0000 entcoef=2.85e-03 lr=1.5e-04 seed=2
iter= 497 step=1593600 ep_ret=-230.995 opt_ret=-230.995 step_rew=-2.3100 opt_step=-2.3100 gap0=230.995 dret=+107.427 eval_ret=n/a pursuer_target_distance=1.908 capture=0.006 score=0.002 pol=-0.0025 val=0.0114 ent=0.8579 tot=+0.0008 agnorm=0.193 cgnorm=0.059 kl=0.0022 clipf=0.022 ev=+0.942 r0=1.0000 entcoef=2.83e-03 lr=1.5e-04 seed=2
iter= 498 step=1596800 ep_ret=-260.780 opt_ret=-260.780 step_rew=-2.6078 opt_step=-2.6078 gap0=260.780 dret=+77.643 eval_ret=n/a pursuer_target_distance=2.126 capture=0.000 score=0.000 pol=-0.0021 val=0.0085 ent=0.8209 tot=-0.0002 agnorm=0.145 cgnorm=0.066 kl=0.0018 clipf=0.017 ev=+0.956 r0=1.0000 entcoef=2.82e-03 lr=1.5e-04 seed=2
iter= 499 step=1600000 ep_ret=-226.955 opt_ret=-226.955 step_rew=-2.2695 opt_step=-2.2695 gap0=226.955 dret=+111.468 eval_ret=n/a pursuer_target_distance=1.618 capture=0.000 score=0.000 pol=-0.0017 val=0.0074 ent=0.7881 tot=-0.0002 agnorm=0.147 cgnorm=0.057 kl=0.0019 clipf=0.020 ev=+0.924 r0=1.0000 entcoef=2.80e-03 lr=1.5e-04 seed=2
iter= 500 step=1603200 ep_ret=-250.050 opt_ret=-250.050 step_rew=-2.5005 opt_step=-2.5005 gap0=250.050 dret=+88.373 eval_ret=-104.365 pursuer_target_distance=1.888 capture=0.000 score=0.000 pol=-0.0017 val=0.0126 ent=0.8371 tot=+0.0023 agnorm=0.172 cgnorm=0.073 kl=0.0023 clipf=0.024 ev=+0.943 r0=1.0000 entcoef=2.79e-03 lr=1.5e-04 seed=2
iter= 501 step=1606400 ep_ret=-228.062 opt_ret=-228.062 step_rew=-2.2806 opt_step=-2.2806 gap0=228.062 dret=+110.361 eval_ret=n/a pursuer_target_distance=1.584 capture=0.000 score=0.000 pol=-0.0018 val=0.0086 ent=0.8273 tot=+0.0002 agnorm=0.126 cgnorm=0.056 kl=0.0020 clipf=0.019 ev=+0.945 r0=1.0000 entcoef=2.77e-03 lr=1.5e-04 seed=2
iter= 502 step=1609600 ep_ret=-225.345 opt_ret=-225.345 step_rew=-2.2534 opt_step=-2.2534 gap0=225.345 dret=+113.078 eval_ret=n/a pursuer_target_distance=1.695 capture=0.003 score=0.001 pol=-0.0021 val=0.0101 ent=0.8453 tot=+0.0006 agnorm=0.163 cgnorm=0.057 kl=0.0017 clipf=0.015 ev=+0.922 r0=1.0000 entcoef=2.76e-03 lr=1.4e-04 seed=2
iter= 503 step=1612800 ep_ret=-218.012 opt_ret=-218.012 step_rew=-2.1801 opt_step=-2.1801 gap0=218.012 dret=+120.410 eval_ret=n/a pursuer_target_distance=1.698 capture=0.014 score=0.005 pol=-0.0012 val=0.0281 ent=0.8294 tot=+0.0105 agnorm=0.137 cgnorm=0.091 kl=0.0012 clipf=0.011 ev=+0.863 r0=1.0000 entcoef=2.75e-03 lr=1.4e-04 seed=2
iter= 504 step=1616000 ep_ret=-231.314 opt_ret=-231.314 step_rew=-2.3131 opt_step=-2.3131 gap0=231.314 dret=+107.109 eval_ret=n/a pursuer_target_distance=1.825 capture=0.000 score=0.000 pol=-0.0019 val=0.0115 ent=0.7927 tot=+0.0017 agnorm=0.128 cgnorm=0.063 kl=0.0014 clipf=0.013 ev=+0.934 r0=1.0000 entcoef=2.73e-03 lr=1.4e-04 seed=2
iter= 505 step=1619200 ep_ret=-228.782 opt_ret=-228.782 step_rew=-2.2878 opt_step=-2.2878 gap0=228.782 dret=+109.641 eval_ret=n/a pursuer_target_distance=1.607 capture=0.000 score=0.000 pol=-0.0018 val=0.0063 ent=0.8014 tot=-0.0008 agnorm=0.183 cgnorm=0.045 kl=0.0019 clipf=0.019 ev=+0.953 r0=1.0000 entcoef=2.72e-03 lr=1.4e-04 seed=2
iter= 506 step=1622400 ep_ret=-217.669 opt_ret=-217.669 step_rew=-2.1767 opt_step=-2.1767 gap0=217.669 dret=+120.754 eval_ret=n/a pursuer_target_distance=1.654 capture=0.000 score=0.000 pol=-0.0013 val=0.0096 ent=0.8364 tot=+0.0012 agnorm=0.104 cgnorm=0.073 kl=0.0009 clipf=0.007 ev=+0.924 r0=1.0000 entcoef=2.70e-03 lr=1.4e-04 seed=2
iter= 507 step=1625600 ep_ret=-243.260 opt_ret=-243.260 step_rew=-2.4326 opt_step=-2.4326 gap0=243.260 dret=+95.163 eval_ret=n/a pursuer_target_distance=1.948 capture=0.007 score=0.003 pol=-0.0017 val=0.0179 ent=0.8082 tot=+0.0050 agnorm=0.196 cgnorm=0.057 kl=0.0017 clipf=0.017 ev=+0.934 r0=1.0000 entcoef=2.69e-03 lr=1.4e-04 seed=2
iter= 508 step=1628800 ep_ret=-238.393 opt_ret=-238.393 step_rew=-2.3839 opt_step=-2.3839 gap0=238.393 dret=+100.030 eval_ret=n/a pursuer_target_distance=1.809 capture=0.005 score=0.002 pol=-0.0014 val=0.0144 ent=0.7734 tot=+0.0037 agnorm=0.140 cgnorm=0.067 kl=0.0015 clipf=0.016 ev=+0.915 r0=1.0000 entcoef=2.67e-03 lr=1.4e-04 seed=2
iter= 509 step=1632000 ep_ret=-212.381 opt_ret=-212.381 step_rew=-2.1238 opt_step=-2.1238 gap0=212.381 dret=+126.042 eval_ret=n/a pursuer_target_distance=1.637 capture=0.001 score=0.000 pol=-0.0022 val=0.0124 ent=0.8292 tot=+0.0018 agnorm=0.224 cgnorm=0.078 kl=0.0021 clipf=0.023 ev=+0.831 r0=1.0000 entcoef=2.66e-03 lr=1.4e-04 seed=2
iter= 510 step=1635200 ep_ret=-240.707 opt_ret=-240.707 step_rew=-2.4071 opt_step=-2.4071 gap0=240.707 dret=+97.716 eval_ret=n/a pursuer_target_distance=1.883 capture=0.000 score=0.000 pol=-0.0013 val=0.0089 ent=0.8109 tot=+0.0010 agnorm=0.120 cgnorm=0.060 kl=0.0016 clipf=0.014 ev=+0.941 r0=1.0000 entcoef=2.64e-03 lr=1.4e-04 seed=2
iter= 511 step=1638400 ep_ret=-242.151 opt_ret=-242.151 step_rew=-2.4215 opt_step=-2.4215 gap0=242.151 dret=+96.272 eval_ret=n/a pursuer_target_distance=1.893 capture=0.000 score=0.000 pol=-0.0019 val=0.0084 ent=0.7995 tot=+0.0002 agnorm=0.148 cgnorm=0.055 kl=0.0016 clipf=0.015 ev=+0.930 r0=1.0000 entcoef=2.63e-03 lr=1.3e-04 seed=2
iter= 512 step=1641600 ep_ret=-232.289 opt_ret=-232.289 step_rew=-2.3229 opt_step=-2.3229 gap0=232.289 dret=+106.133 eval_ret=n/a pursuer_target_distance=1.804 capture=0.004 score=0.001 pol=-0.0013 val=0.0155 ent=0.8428 tot=+0.0043 agnorm=0.137 cgnorm=0.071 kl=0.0008 clipf=0.007 ev=+0.905 r0=1.0000 entcoef=2.62e-03 lr=1.3e-04 seed=2
iter= 513 step=1644800 ep_ret=-235.144 opt_ret=-235.144 step_rew=-2.3514 opt_step=-2.3514 gap0=235.144 dret=+103.279 eval_ret=n/a pursuer_target_distance=1.842 capture=0.003 score=0.001 pol=-0.0020 val=0.0114 ent=0.8769 tot=+0.0014 agnorm=0.172 cgnorm=0.060 kl=0.0025 clipf=0.027 ev=+0.922 r0=1.0000 entcoef=2.60e-03 lr=1.3e-04 seed=2
iter= 514 step=1648000 ep_ret=-214.728 opt_ret=-214.728 step_rew=-2.1473 opt_step=-2.1473 gap0=214.728 dret=+123.695 eval_ret=n/a pursuer_target_distance=1.646 capture=0.009 score=0.003 pol=-0.0020 val=0.0197 ent=0.8014 tot=+0.0058 agnorm=0.164 cgnorm=0.079 kl=0.0027 clipf=0.025 ev=+0.903 r0=1.0000 entcoef=2.59e-03 lr=1.3e-04 seed=2
iter= 515 step=1651200 ep_ret=-247.757 opt_ret=-247.757 step_rew=-2.4776 opt_step=-2.4776 gap0=247.757 dret=+90.666 eval_ret=n/a pursuer_target_distance=1.841 capture=0.001 score=0.000 pol=-0.0016 val=0.0086 ent=0.8103 tot=+0.0006 agnorm=0.116 cgnorm=0.063 kl=0.0016 clipf=0.015 ev=+0.952 r0=1.0000 entcoef=2.57e-03 lr=1.3e-04 seed=2
iter= 516 step=1654400 ep_ret=-242.850 opt_ret=-242.850 step_rew=-2.4285 opt_step=-2.4285 gap0=242.850 dret=+95.573 eval_ret=n/a pursuer_target_distance=1.856 capture=0.000 score=0.000 pol=-0.0013 val=0.0099 ent=0.8352 tot=+0.0015 agnorm=0.119 cgnorm=0.057 kl=0.0013 clipf=0.011 ev=+0.931 r0=1.0000 entcoef=2.56e-03 lr=1.3e-04 seed=2
iter= 517 step=1657600 ep_ret=-241.588 opt_ret=-241.588 step_rew=-2.4159 opt_step=-2.4159 gap0=241.588 dret=+96.835 eval_ret=n/a pursuer_target_distance=1.943 capture=0.003 score=0.001 pol=-0.0019 val=0.0140 ent=0.8271 tot=+0.0030 agnorm=0.186 cgnorm=0.073 kl=0.0017 clipf=0.016 ev=+0.923 r0=1.0000 entcoef=2.54e-03 lr=1.3e-04 seed=2
iter= 518 step=1660800 ep_ret=-263.118 opt_ret=-263.118 step_rew=-2.6312 opt_step=-2.6312 gap0=263.118 dret=+75.305 eval_ret=n/a pursuer_target_distance=1.742 capture=0.000 score=0.000 pol=-0.0018 val=0.0072 ent=0.8005 tot=-0.0002 agnorm=0.158 cgnorm=0.060 kl=0.0013 clipf=0.012 ev=+0.959 r0=1.0000 entcoef=2.53e-03 lr=1.3e-04 seed=2
iter= 519 step=1664000 ep_ret=-241.658 opt_ret=-241.658 step_rew=-2.4166 opt_step=-2.4166 gap0=241.658 dret=+96.765 eval_ret=n/a pursuer_target_distance=1.845 capture=0.005 score=0.002 pol=-0.0011 val=0.0150 ent=0.8258 tot=+0.0043 agnorm=0.102 cgnorm=0.078 kl=0.0011 clipf=0.010 ev=+0.925 r0=1.0000 entcoef=2.51e-03 lr=1.3e-04 seed=2
iter= 520 step=1667200 ep_ret=-217.383 opt_ret=-217.383 step_rew=-2.1738 opt_step=-2.1738 gap0=217.383 dret=+121.040 eval_ret=-94.242 pursuer_target_distance=1.709 capture=0.006 score=0.002 pol=-0.0016 val=0.0157 ent=0.8413 tot=+0.0042 agnorm=0.119 cgnorm=0.056 kl=0.0008 clipf=0.007 ev=+0.855 r0=1.0000 entcoef=2.50e-03 lr=1.3e-04 seed=2
iter= 521 step=1670400 ep_ret=-234.725 opt_ret=-234.725 step_rew=-2.3472 opt_step=-2.3472 gap0=234.725 dret=+103.698 eval_ret=n/a pursuer_target_distance=1.700 capture=0.008 score=0.003 pol=-0.0019 val=0.0182 ent=0.7920 tot=+0.0052 agnorm=0.287 cgnorm=0.060 kl=0.0018 clipf=0.018 ev=+0.879 r0=1.0000 entcoef=2.49e-03 lr=1.2e-04 seed=2
iter= 522 step=1673600 ep_ret=-266.288 opt_ret=-266.288 step_rew=-2.6629 opt_step=-2.6629 gap0=266.288 dret=+72.135 eval_ret=n/a pursuer_target_distance=1.839 capture=0.001 score=0.000 pol=-0.0015 val=0.0127 ent=0.8136 tot=+0.0028 agnorm=0.156 cgnorm=0.078 kl=0.0018 clipf=0.019 ev=+0.951 r0=1.0000 entcoef=2.47e-03 lr=1.2e-04 seed=2
iter= 523 step=1676800 ep_ret=-250.575 opt_ret=-250.575 step_rew=-2.5058 opt_step=-2.5058 gap0=250.575 dret=+87.847 eval_ret=n/a pursuer_target_distance=1.879 capture=0.000 score=0.000 pol=-0.0010 val=0.0113 ent=0.7821 tot=+0.0028 agnorm=0.089 cgnorm=0.077 kl=0.0009 clipf=0.007 ev=+0.925 r0=1.0000 entcoef=2.46e-03 lr=1.2e-04 seed=2
iter= 524 step=1680000 ep_ret=-244.491 opt_ret=-244.491 step_rew=-2.4449 opt_step=-2.4449 gap0=244.491 dret=+93.932 eval_ret=n/a pursuer_target_distance=1.845 capture=0.000 score=0.000 pol=-0.0018 val=0.0070 ent=0.8529 tot=-0.0003 agnorm=0.146 cgnorm=0.047 kl=0.0012 clipf=0.010 ev=+0.965 r0=1.0000 entcoef=2.44e-03 lr=1.2e-04 seed=2
iter= 525 step=1683200 ep_ret=-241.612 opt_ret=-241.612 step_rew=-2.4161 opt_step=-2.4161 gap0=241.612 dret=+96.811 eval_ret=n/a pursuer_target_distance=1.861 capture=0.003 score=0.001 pol=-0.0012 val=0.0132 ent=0.7357 tot=+0.0036 agnorm=0.111 cgnorm=0.060 kl=0.0014 clipf=0.011 ev=+0.890 r0=1.0000 entcoef=2.43e-03 lr=1.2e-04 seed=2
iter= 526 step=1686400 ep_ret=-238.859 opt_ret=-238.859 step_rew=-2.3886 opt_step=-2.3886 gap0=238.859 dret=+99.564 eval_ret=n/a pursuer_target_distance=1.933 capture=0.005 score=0.002 pol=-0.0020 val=0.0119 ent=0.8287 tot=+0.0020 agnorm=0.163 cgnorm=0.062 kl=0.0019 clipf=0.015 ev=+0.905 r0=1.0000 entcoef=2.41e-03 lr=1.2e-04 seed=2
iter= 527 step=1689600 ep_ret=-247.770 opt_ret=-247.770 step_rew=-2.4777 opt_step=-2.4777 gap0=247.770 dret=+90.653 eval_ret=n/a pursuer_target_distance=1.832 capture=0.001 score=0.000 pol=-0.0018 val=0.0107 ent=0.8242 tot=+0.0015 agnorm=0.141 cgnorm=0.057 kl=0.0015 clipf=0.015 ev=+0.948 r0=1.0000 entcoef=2.40e-03 lr=1.2e-04 seed=2
iter= 528 step=1692800 ep_ret=-206.620 opt_ret=-206.620 step_rew=-2.0662 opt_step=-2.0662 gap0=206.620 dret=+131.803 eval_ret=n/a pursuer_target_distance=1.544 capture=0.007 score=0.003 pol=-0.0015 val=0.0184 ent=0.8082 tot=+0.0058 agnorm=0.251 cgnorm=0.080 kl=0.0014 clipf=0.014 ev=+0.882 r0=1.0000 entcoef=2.38e-03 lr=1.2e-04 seed=2
iter= 529 step=1696000 ep_ret=-258.341 opt_ret=-258.341 step_rew=-2.5834 opt_step=-2.5834 gap0=258.341 dret=+80.082 eval_ret=n/a pursuer_target_distance=2.071 capture=0.012 score=0.004 pol=-0.0008 val=0.0316 ent=0.7263 tot=+0.0133 agnorm=0.124 cgnorm=0.111 kl=0.0012 clipf=0.009 ev=+0.881 r0=1.0000 entcoef=2.37e-03 lr=1.2e-04 seed=2
iter= 530 step=1699200 ep_ret=-249.251 opt_ret=-249.251 step_rew=-2.4925 opt_step=-2.4925 gap0=249.251 dret=+89.172 eval_ret=n/a pursuer_target_distance=1.917 capture=0.004 score=0.001 pol=-0.0019 val=0.0123 ent=0.7897 tot=+0.0024 agnorm=0.184 cgnorm=0.047 kl=0.0009 clipf=0.007 ev=+0.939 r0=1.0000 entcoef=2.36e-03 lr=1.1e-04 seed=2
iter= 531 step=1702400 ep_ret=-231.216 opt_ret=-231.216 step_rew=-2.3122 opt_step=-2.3122 gap0=231.216 dret=+107.207 eval_ret=n/a pursuer_target_distance=1.987 capture=0.019 score=0.006 pol=-0.0025 val=0.0393 ent=0.7876 tot=+0.0153 agnorm=0.293 cgnorm=0.091 kl=0.0017 clipf=0.016 ev=+0.792 r0=1.0000 entcoef=2.34e-03 lr=1.1e-04 seed=2
iter= 532 step=1705600 ep_ret=-232.631 opt_ret=-232.631 step_rew=-2.3263 opt_step=-2.3263 gap0=232.631 dret=+105.792 eval_ret=n/a pursuer_target_distance=1.784 capture=0.003 score=0.001 pol=-0.0016 val=0.0109 ent=0.8003 tot=+0.0020 agnorm=0.170 cgnorm=0.057 kl=0.0017 clipf=0.015 ev=+0.934 r0=1.0000 entcoef=2.33e-03 lr=1.1e-04 seed=2
iter= 533 step=1708800 ep_ret=-219.825 opt_ret=-219.825 step_rew=-2.1983 opt_step=-2.1983 gap0=219.825 dret=+118.598 eval_ret=n/a pursuer_target_distance=1.574 capture=0.000 score=0.000 pol=-0.0016 val=0.0078 ent=0.8154 tot=+0.0004 agnorm=0.122 cgnorm=0.062 kl=0.0016 clipf=0.015 ev=+0.922 r0=1.0000 entcoef=2.31e-03 lr=1.1e-04 seed=2
iter= 534 step=1712000 ep_ret=-234.951 opt_ret=-234.951 step_rew=-2.3495 opt_step=-2.3495 gap0=234.951 dret=+103.472 eval_ret=n/a pursuer_target_distance=1.882 capture=0.000 score=0.000 pol=-0.0018 val=0.0105 ent=0.7754 tot=+0.0016 agnorm=0.181 cgnorm=0.063 kl=0.0016 clipf=0.012 ev=+0.921 r0=1.0000 entcoef=2.30e-03 lr=1.1e-04 seed=2
iter= 535 step=1715200 ep_ret=-202.883 opt_ret=-202.883 step_rew=-2.0288 opt_step=-2.0288 gap0=202.883 dret=+135.540 eval_ret=n/a pursuer_target_distance=1.587 capture=0.009 score=0.003 pol=-0.0019 val=0.0163 ent=0.7618 tot=+0.0045 agnorm=0.202 cgnorm=0.060 kl=0.0014 clipf=0.010 ev=+0.853 r0=1.0000 entcoef=2.28e-03 lr=1.1e-04 seed=2
iter= 536 step=1718400 ep_ret=-241.918 opt_ret=-241.918 step_rew=-2.4192 opt_step=-2.4192 gap0=241.918 dret=+96.505 eval_ret=n/a pursuer_target_distance=1.837 capture=0.000 score=0.000 pol=-0.0014 val=0.0097 ent=0.8533 tot=+0.0015 agnorm=0.185 cgnorm=0.076 kl=0.0016 clipf=0.013 ev=+0.925 r0=1.0000 entcoef=2.27e-03 lr=1.1e-04 seed=2
iter= 537 step=1721600 ep_ret=-215.491 opt_ret=-215.491 step_rew=-2.1549 opt_step=-2.1549 gap0=215.491 dret=+122.932 eval_ret=n/a pursuer_target_distance=1.552 capture=0.006 score=0.002 pol=-0.0015 val=0.0129 ent=0.7888 tot=+0.0031 agnorm=0.128 cgnorm=0.052 kl=0.0021 clipf=0.023 ev=+0.918 r0=1.0000 entcoef=2.25e-03 lr=1.1e-04 seed=2
iter= 538 step=1724800 ep_ret=-268.298 opt_ret=-268.298 step_rew=-2.6830 opt_step=-2.6830 gap0=268.298 dret=+70.125 eval_ret=n/a pursuer_target_distance=1.996 capture=0.000 score=0.000 pol=-0.0014 val=0.0094 ent=0.8159 tot=+0.0015 agnorm=0.199 cgnorm=0.067 kl=0.0014 clipf=0.013 ev=+0.944 r0=1.0000 entcoef=2.24e-03 lr=1.1e-04 seed=2
iter= 539 step=1728000 ep_ret=-222.126 opt_ret=-222.126 step_rew=-2.2213 opt_step=-2.2213 gap0=222.126 dret=+116.297 eval_ret=n/a pursuer_target_distance=1.762 capture=0.005 score=0.002 pol=-0.0014 val=0.0120 ent=0.8254 tot=+0.0028 agnorm=0.125 cgnorm=0.060 kl=0.0014 clipf=0.011 ev=+0.937 r0=1.0000 entcoef=2.23e-03 lr=1.0e-04 seed=2
iter= 540 step=1731200 ep_ret=-198.232 opt_ret=-198.232 step_rew=-1.9823 opt_step=-1.9823 gap0=198.232 dret=+140.191 eval_ret=-147.250 pursuer_target_distance=1.507 capture=0.004 score=0.002 pol=-0.0016 val=0.0098 ent=0.8131 tot=+0.0015 agnorm=0.153 cgnorm=0.056 kl=0.0014 clipf=0.012 ev=+0.879 r0=1.0000 entcoef=2.21e-03 lr=1.0e-04 seed=2
iter= 541 step=1734400 ep_ret=-242.792 opt_ret=-242.792 step_rew=-2.4279 opt_step=-2.4279 gap0=242.792 dret=+95.631 eval_ret=n/a pursuer_target_distance=1.774 capture=0.000 score=0.000 pol=-0.0012 val=0.0061 ent=0.7892 tot=+0.0001 agnorm=0.130 cgnorm=0.041 kl=0.0014 clipf=0.011 ev=+0.957 r0=1.0000 entcoef=2.20e-03 lr=1.0e-04 seed=2
iter= 542 step=1737600 ep_ret=-219.477 opt_ret=-219.477 step_rew=-2.1948 opt_step=-2.1948 gap0=219.477 dret=+118.946 eval_ret=n/a pursuer_target_distance=1.621 capture=0.010 score=0.004 pol=-0.0014 val=0.0221 ent=0.7191 tot=+0.0081 agnorm=0.181 cgnorm=0.062 kl=0.0020 clipf=0.012 ev=+0.874 r0=1.0000 entcoef=2.18e-03 lr=1.0e-04 seed=2
iter= 543 step=1740800 ep_ret=-269.897 opt_ret=-269.897 step_rew=-2.6990 opt_step=-2.6990 gap0=269.897 dret=+68.526 eval_ret=n/a pursuer_target_distance=2.071 capture=0.000 score=0.000 pol=-0.0015 val=0.0100 ent=0.8033 tot=+0.0018 agnorm=0.124 cgnorm=0.068 kl=0.0015 clipf=0.014 ev=+0.954 r0=1.0000 entcoef=2.17e-03 lr=1.0e-04 seed=2
iter= 544 step=1744000 ep_ret=-262.017 opt_ret=-262.017 step_rew=-2.6202 opt_step=-2.6202 gap0=262.017 dret=+76.406 eval_ret=n/a pursuer_target_distance=1.930 capture=0.001 score=0.000 pol=-0.0014 val=0.0094 ent=0.7752 tot=+0.0016 agnorm=0.111 cgnorm=0.057 kl=0.0010 clipf=0.007 ev=+0.941 r0=1.0000 entcoef=2.15e-03 lr=9.8e-05 seed=2
iter= 545 step=1747200 ep_ret=-226.347 opt_ret=-226.347 step_rew=-2.2635 opt_step=-2.2635 gap0=226.347 dret=+112.076 eval_ret=n/a pursuer_target_distance=1.791 capture=0.015 score=0.005 pol=-0.0013 val=0.0302 ent=0.8463 tot=+0.0120 agnorm=0.215 cgnorm=0.102 kl=0.0009 clipf=0.007 ev=+0.847 r0=1.0000 entcoef=2.14e-03 lr=9.7e-05 seed=2
iter= 546 step=1750400 ep_ret=-225.449 opt_ret=-225.449 step_rew=-2.2545 opt_step=-2.2545 gap0=225.449 dret=+112.974 eval_ret=n/a pursuer_target_distance=1.693 capture=0.000 score=0.000 pol=-0.0019 val=0.0073 ent=0.8485 tot=-0.0001 agnorm=0.232 cgnorm=0.051 kl=0.0017 clipf=0.016 ev=+0.956 r0=1.0000 entcoef=2.13e-03 lr=9.6e-05 seed=2
iter= 547 step=1753600 ep_ret=-233.504 opt_ret=-233.504 step_rew=-2.3350 opt_step=-2.3350 gap0=233.504 dret=+104.919 eval_ret=n/a pursuer_target_distance=1.760 capture=0.000 score=0.000 pol=-0.0013 val=0.0099 ent=0.7872 tot=+0.0020 agnorm=0.133 cgnorm=0.049 kl=0.0009 clipf=0.008 ev=+0.932 r0=1.0000 entcoef=2.11e-03 lr=9.5e-05 seed=2
iter= 548 step=1756800 ep_ret=-232.959 opt_ret=-232.959 step_rew=-2.3296 opt_step=-2.3296 gap0=232.959 dret=+105.464 eval_ret=n/a pursuer_target_distance=1.781 capture=0.004 score=0.001 pol=-0.0012 val=0.0110 ent=0.7790 tot=+0.0026 agnorm=0.150 cgnorm=0.052 kl=0.0008 clipf=0.007 ev=+0.913 r0=1.0000 entcoef=2.10e-03 lr=9.4e-05 seed=2
iter= 549 step=1760000 ep_ret=-239.731 opt_ret=-239.731 step_rew=-2.3973 opt_step=-2.3973 gap0=239.731 dret=+98.691 eval_ret=n/a pursuer_target_distance=1.724 capture=0.000 score=0.000 pol=-0.0013 val=0.0071 ent=0.7804 tot=+0.0007 agnorm=0.129 cgnorm=0.052 kl=0.0011 clipf=0.008 ev=+0.926 r0=1.0000 entcoef=2.08e-03 lr=9.3e-05 seed=2
iter= 550 step=1763200 ep_ret=-234.297 opt_ret=-234.297 step_rew=-2.3430 opt_step=-2.3430 gap0=234.297 dret=+104.126 eval_ret=n/a pursuer_target_distance=1.990 capture=0.018 score=0.006 pol=-0.0020 val=0.0275 ent=0.7943 tot=+0.0101 agnorm=0.227 cgnorm=0.076 kl=0.0022 clipf=0.017 ev=+0.879 r0=1.0000 entcoef=2.07e-03 lr=9.2e-05 seed=2
iter= 551 step=1766400 ep_ret=-239.600 opt_ret=-239.600 step_rew=-2.3960 opt_step=-2.3960 gap0=239.600 dret=+98.823 eval_ret=n/a pursuer_target_distance=1.774 capture=0.003 score=0.001 pol=-0.0010 val=0.0085 ent=0.7463 tot=+0.0017 agnorm=0.139 cgnorm=0.042 kl=0.0008 clipf=0.006 ev=+0.955 r0=1.0000 entcoef=2.05e-03 lr=9.1e-05 seed=2
iter= 552 step=1769600 ep_ret=-185.899 opt_ret=-185.899 step_rew=-1.8590 opt_step=-1.8590 gap0=185.899 dret=+152.523 eval_ret=n/a pursuer_target_distance=1.536 capture=0.013 score=0.005 pol=-0.0018 val=0.0176 ent=0.8117 tot=+0.0054 agnorm=0.191 cgnorm=0.059 kl=0.0010 clipf=0.007 ev=+0.893 r0=1.0000 entcoef=2.04e-03 lr=9.0e-05 seed=2
iter= 553 step=1772800 ep_ret=-231.906 opt_ret=-231.906 step_rew=-2.3191 opt_step=-2.3191 gap0=231.906 dret=+106.517 eval_ret=n/a pursuer_target_distance=1.778 capture=0.004 score=0.002 pol=-0.0015 val=0.0121 ent=0.7466 tot=+0.0030 agnorm=0.181 cgnorm=0.071 kl=0.0016 clipf=0.016 ev=+0.928 r0=1.0000 entcoef=2.02e-03 lr=8.9e-05 seed=2
iter= 554 step=1776000 ep_ret=-210.113 opt_ret=-210.113 step_rew=-2.1011 opt_step=-2.1011 gap0=210.113 dret=+128.310 eval_ret=n/a pursuer_target_distance=1.544 capture=0.001 score=0.000 pol=-0.0020 val=0.0066 ent=0.8352 tot=-0.0004 agnorm=0.220 cgnorm=0.039 kl=0.0021 clipf=0.020 ev=+0.938 r0=1.0000 entcoef=2.01e-03 lr=8.7e-05 seed=2
iter= 555 step=1779200 ep_ret=-207.345 opt_ret=-207.345 step_rew=-2.0734 opt_step=-2.0734 gap0=207.345 dret=+131.078 eval_ret=n/a pursuer_target_distance=1.630 capture=0.008 score=0.003 pol=-0.0018 val=0.0148 ent=0.7969 tot=+0.0041 agnorm=0.186 cgnorm=0.057 kl=0.0015 clipf=0.014 ev=+0.899 r0=1.0000 entcoef=2.00e-03 lr=8.6e-05 seed=2
iter= 556 step=1782400 ep_ret=-253.767 opt_ret=-253.767 step_rew=-2.5377 opt_step=-2.5377 gap0=253.767 dret=+84.656 eval_ret=n/a pursuer_target_distance=1.915 capture=0.004 score=0.001 pol=-0.0010 val=0.0107 ent=0.7644 tot=+0.0029 agnorm=0.141 cgnorm=0.050 kl=0.0015 clipf=0.013 ev=+0.951 r0=1.0000 entcoef=1.98e-03 lr=8.5e-05 seed=2
iter= 557 step=1785600 ep_ret=-190.246 opt_ret=-190.246 step_rew=-1.9025 opt_step=-1.9025 gap0=190.246 dret=+148.177 eval_ret=n/a pursuer_target_distance=1.491 capture=0.011 score=0.004 pol=-0.0020 val=0.0169 ent=0.7915 tot=+0.0049 agnorm=0.281 cgnorm=0.077 kl=0.0013 clipf=0.012 ev=+0.873 r0=1.0000 entcoef=1.97e-03 lr=8.4e-05 seed=2
iter= 558 step=1788800 ep_ret=-224.065 opt_ret=-224.065 step_rew=-2.2407 opt_step=-2.2407 gap0=224.065 dret=+114.357 eval_ret=n/a pursuer_target_distance=1.704 capture=0.008 score=0.003 pol=-0.0013 val=0.0143 ent=0.7797 tot=+0.0043 agnorm=0.230 cgnorm=0.046 kl=0.0015 clipf=0.016 ev=+0.925 r0=1.0000 entcoef=1.95e-03 lr=8.3e-05 seed=2
iter= 559 step=1792000 ep_ret=-217.431 opt_ret=-217.431 step_rew=-2.1743 opt_step=-2.1743 gap0=217.431 dret=+120.992 eval_ret=n/a pursuer_target_distance=1.667 capture=0.004 score=0.002 pol=-0.0015 val=0.0123 ent=0.8121 tot=+0.0030 agnorm=0.140 cgnorm=0.066 kl=0.0010 clipf=0.007 ev=+0.888 r0=1.0000 entcoef=1.94e-03 lr=8.2e-05 seed=2
iter= 560 step=1795200 ep_ret=-209.624 opt_ret=-209.624 step_rew=-2.0962 opt_step=-2.0962 gap0=209.624 dret=+128.799 eval_ret=-144.865 pursuer_target_distance=1.472 capture=0.000 score=0.000 pol=-0.0008 val=0.0074 ent=0.8039 tot=+0.0013 agnorm=0.131 cgnorm=0.064 kl=0.0007 clipf=0.005 ev=+0.940 r0=1.0000 entcoef=1.92e-03 lr=8.1e-05 seed=2
iter= 561 step=1798400 ep_ret=-284.869 opt_ret=-284.869 step_rew=-2.8487 opt_step=-2.8487 gap0=284.869 dret=+53.554 eval_ret=n/a pursuer_target_distance=2.310 capture=0.005 score=0.002 pol=-0.0017 val=0.0158 ent=0.7577 tot=+0.0047 agnorm=0.237 cgnorm=0.071 kl=0.0013 clipf=0.011 ev=+0.932 r0=1.0000 entcoef=1.91e-03 lr=8.0e-05 seed=2
iter= 562 step=1801600 ep_ret=-217.277 opt_ret=-217.277 step_rew=-2.1728 opt_step=-2.1728 gap0=217.277 dret=+121.146 eval_ret=n/a pursuer_target_distance=1.477 capture=0.003 score=0.001 pol=-0.0009 val=0.0066 ent=0.8241 tot=+0.0008 agnorm=0.105 cgnorm=0.049 kl=0.0010 clipf=0.007 ev=+0.959 r0=1.0000 entcoef=1.89e-03 lr=7.9e-05 seed=2
iter= 563 step=1804800 ep_ret=-239.682 opt_ret=-239.682 step_rew=-2.3968 opt_step=-2.3968 gap0=239.682 dret=+98.741 eval_ret=n/a pursuer_target_distance=1.874 capture=0.000 score=0.000 pol=-0.0012 val=0.0083 ent=0.8162 tot=+0.0014 agnorm=0.135 cgnorm=0.072 kl=0.0008 clipf=0.007 ev=+0.946 r0=1.0000 entcoef=1.88e-03 lr=7.7e-05 seed=2
iter= 564 step=1808000 ep_ret=-214.709 opt_ret=-214.709 step_rew=-2.1471 opt_step=-2.1471 gap0=214.709 dret=+123.714 eval_ret=n/a pursuer_target_distance=1.572 capture=0.000 score=0.000 pol=-0.0016 val=0.0064 ent=0.8207 tot=+0.0000 agnorm=0.194 cgnorm=0.047 kl=0.0014 clipf=0.014 ev=+0.942 r0=1.0000 entcoef=1.87e-03 lr=7.6e-05 seed=2
iter= 565 step=1811200 ep_ret=-197.051 opt_ret=-197.051 step_rew=-1.9705 opt_step=-1.9705 gap0=197.051 dret=+141.372 eval_ret=n/a pursuer_target_distance=1.434 capture=0.001 score=0.001 pol=-0.0013 val=0.0080 ent=0.8413 tot=+0.0011 agnorm=0.174 cgnorm=0.058 kl=0.0013 clipf=0.011 ev=+0.891 r0=1.0000 entcoef=1.85e-03 lr=7.5e-05 seed=2
iter= 566 step=1814400 ep_ret=-217.158 opt_ret=-217.158 step_rew=-2.1716 opt_step=-2.1716 gap0=217.158 dret=+121.264 eval_ret=n/a pursuer_target_distance=1.629 capture=0.000 score=0.000 pol=-0.0010 val=0.0066 ent=0.8349 tot=+0.0008 agnorm=0.153 cgnorm=0.044 kl=0.0007 clipf=0.005 ev=+0.954 r0=1.0000 entcoef=1.84e-03 lr=7.4e-05 seed=2
iter= 567 step=1817600 ep_ret=-223.623 opt_ret=-223.623 step_rew=-2.2362 opt_step=-2.2362 gap0=223.623 dret=+114.800 eval_ret=n/a pursuer_target_distance=1.835 capture=0.012 score=0.004 pol=-0.0018 val=0.0277 ent=0.8364 tot=+0.0105 agnorm=0.312 cgnorm=0.085 kl=0.0014 clipf=0.013 ev=+0.845 r0=1.0000 entcoef=1.82e-03 lr=7.3e-05 seed=2
iter= 568 step=1820800 ep_ret=-239.108 opt_ret=-239.108 step_rew=-2.3911 opt_step=-2.3911 gap0=239.108 dret=+99.315 eval_ret=n/a pursuer_target_distance=1.827 capture=0.000 score=0.000 pol=-0.0011 val=0.0105 ent=0.7918 tot=+0.0027 agnorm=0.130 cgnorm=0.066 kl=0.0009 clipf=0.006 ev=+0.950 r0=1.0000 entcoef=1.81e-03 lr=7.2e-05 seed=2
iter= 569 step=1824000 ep_ret=-255.991 opt_ret=-255.991 step_rew=-2.5599 opt_step=-2.5599 gap0=255.991 dret=+82.431 eval_ret=n/a pursuer_target_distance=2.009 capture=0.000 score=0.000 pol=-0.0010 val=0.0118 ent=0.7874 tot=+0.0035 agnorm=0.125 cgnorm=0.068 kl=0.0008 clipf=0.007 ev=+0.918 r0=1.0000 entcoef=1.79e-03 lr=7.1e-05 seed=2
iter= 570 step=1827200 ep_ret=-233.453 opt_ret=-233.453 step_rew=-2.3345 opt_step=-2.3345 gap0=233.453 dret=+104.970 eval_ret=n/a pursuer_target_distance=1.669 capture=0.000 score=0.000 pol=-0.0011 val=0.0070 ent=0.8184 tot=+0.0010 agnorm=0.145 cgnorm=0.051 kl=0.0008 clipf=0.006 ev=+0.952 r0=1.0000 entcoef=1.78e-03 lr=7.0e-05 seed=2
iter= 571 step=1830400 ep_ret=-222.020 opt_ret=-222.020 step_rew=-2.2202 opt_step=-2.2202 gap0=222.020 dret=+116.403 eval_ret=n/a pursuer_target_distance=1.695 capture=0.002 score=0.001 pol=-0.0013 val=0.0072 ent=0.7915 tot=+0.0009 agnorm=0.133 cgnorm=0.060 kl=0.0007 clipf=0.005 ev=+0.944 r0=1.0000 entcoef=1.76e-03 lr=6.9e-05 seed=2
iter= 572 step=1833600 ep_ret=-236.054 opt_ret=-236.054 step_rew=-2.3605 opt_step=-2.3605 gap0=236.054 dret=+102.369 eval_ret=n/a pursuer_target_distance=1.760 capture=0.003 score=0.001 pol=-0.0011 val=0.0089 ent=0.8383 tot=+0.0019 agnorm=0.617 cgnorm=0.057 kl=0.0006 clipf=0.003 ev=+0.922 r0=1.0000 entcoef=1.75e-03 lr=6.8e-05 seed=2
iter= 573 step=1836800 ep_ret=-260.702 opt_ret=-260.702 step_rew=-2.6070 opt_step=-2.6070 gap0=260.702 dret=+77.721 eval_ret=n/a pursuer_target_distance=2.082 capture=0.000 score=0.000 pol=-0.0009 val=0.0089 ent=0.8008 tot=+0.0021 agnorm=0.119 cgnorm=0.075 kl=0.0008 clipf=0.005 ev=+0.952 r0=1.0000 entcoef=1.74e-03 lr=6.6e-05 seed=2
iter= 574 step=1840000 ep_ret=-267.497 opt_ret=-267.497 step_rew=-2.6750 opt_step=-2.6750 gap0=267.497 dret=+70.926 eval_ret=n/a pursuer_target_distance=2.039 capture=0.004 score=0.001 pol=-0.0013 val=0.0115 ent=0.7353 tot=+0.0031 agnorm=0.168 cgnorm=0.056 kl=0.0008 clipf=0.007 ev=+0.941 r0=1.0000 entcoef=1.72e-03 lr=6.5e-05 seed=2
iter= 575 step=1843200 ep_ret=-224.587 opt_ret=-224.587 step_rew=-2.2459 opt_step=-2.2459 gap0=224.587 dret=+113.836 eval_ret=n/a pursuer_target_distance=1.753 capture=0.000 score=0.000 pol=-0.0018 val=0.0056 ent=0.7908 tot=-0.0003 agnorm=0.193 cgnorm=0.048 kl=0.0009 clipf=0.008 ev=+0.948 r0=1.0000 entcoef=1.71e-03 lr=6.4e-05 seed=2
iter= 576 step=1846400 ep_ret=-251.415 opt_ret=-251.415 step_rew=-2.5142 opt_step=-2.5142 gap0=251.415 dret=+87.008 eval_ret=n/a pursuer_target_distance=1.888 capture=0.000 score=0.000 pol=-0.0008 val=0.0110 ent=0.8396 tot=+0.0033 agnorm=0.123 cgnorm=0.075 kl=0.0004 clipf=0.002 ev=+0.933 r0=1.0000 entcoef=1.69e-03 lr=6.3e-05 seed=2
iter= 577 step=1849600 ep_ret=-236.311 opt_ret=-236.311 step_rew=-2.3631 opt_step=-2.3631 gap0=236.311 dret=+102.112 eval_ret=n/a pursuer_target_distance=1.809 capture=0.000 score=0.000 pol=-0.0009 val=0.0059 ent=0.7831 tot=+0.0008 agnorm=0.118 cgnorm=0.050 kl=0.0006 clipf=0.004 ev=+0.957 r0=1.0000 entcoef=1.68e-03 lr=6.2e-05 seed=2
iter= 578 step=1852800 ep_ret=-251.222 opt_ret=-251.222 step_rew=-2.5122 opt_step=-2.5122 gap0=251.222 dret=+87.201 eval_ret=n/a pursuer_target_distance=2.123 capture=0.007 score=0.002 pol=-0.0017 val=0.0170 ent=0.7642 tot=+0.0055 agnorm=0.220 cgnorm=0.081 kl=0.0008 clipf=0.007 ev=+0.923 r0=1.0000 entcoef=1.66e-03 lr=6.1e-05 seed=2
iter= 579 step=1856000 ep_ret=-243.173 opt_ret=-243.173 step_rew=-2.4317 opt_step=-2.4317 gap0=243.173 dret=+95.250 eval_ret=n/a pursuer_target_distance=1.746 capture=0.003 score=0.001 pol=-0.0014 val=0.0085 ent=0.7936 tot=+0.0015 agnorm=0.219 cgnorm=0.066 kl=0.0012 clipf=0.010 ev=+0.945 r0=1.0000 entcoef=1.65e-03 lr=6.0e-05 seed=2
iter= 580 step=1859200 ep_ret=-256.545 opt_ret=-256.545 step_rew=-2.5654 opt_step=-2.5654 gap0=256.545 dret=+81.878 eval_ret=-102.181 pursuer_target_distance=2.024 capture=0.000 score=0.000 pol=-0.0010 val=0.0099 ent=0.8030 tot=+0.0026 agnorm=0.141 cgnorm=0.057 kl=0.0011 clipf=0.009 ev=+0.951 r0=1.0000 entcoef=1.63e-03 lr=5.9e-05 seed=2
iter= 581 step=1862400 ep_ret=-239.326 opt_ret=-239.326 step_rew=-2.3933 opt_step=-2.3933 gap0=239.326 dret=+99.097 eval_ret=n/a pursuer_target_distance=1.777 capture=0.000 score=0.000 pol=-0.0009 val=0.0083 ent=0.7887 tot=+0.0020 agnorm=0.177 cgnorm=0.062 kl=0.0006 clipf=0.005 ev=+0.944 r0=1.0000 entcoef=1.62e-03 lr=5.8e-05 seed=2
iter= 582 step=1865600 ep_ret=-226.259 opt_ret=-226.259 step_rew=-2.2626 opt_step=-2.2626 gap0=226.259 dret=+112.164 eval_ret=n/a pursuer_target_distance=1.838 capture=0.013 score=0.005 pol=-0.0011 val=0.0276 ent=0.8319 tot=+0.0113 agnorm=0.158 cgnorm=0.088 kl=0.0007 clipf=0.006 ev=+0.836 r0=1.0000 entcoef=1.61e-03 lr=5.6e-05 seed=2
iter= 583 step=1868800 ep_ret=-226.386 opt_ret=-226.386 step_rew=-2.2639 opt_step=-2.2639 gap0=226.386 dret=+112.037 eval_ret=n/a pursuer_target_distance=1.681 capture=0.004 score=0.002 pol=-0.0008 val=0.0127 ent=0.7697 tot=+0.0043 agnorm=0.161 cgnorm=0.081 kl=0.0007 clipf=0.005 ev=+0.888 r0=1.0000 entcoef=1.59e-03 lr=5.5e-05 seed=2
iter= 584 step=1872000 ep_ret=-244.229 opt_ret=-244.229 step_rew=-2.4423 opt_step=-2.4423 gap0=244.229 dret=+94.194 eval_ret=n/a pursuer_target_distance=1.823 capture=0.000 score=0.000 pol=-0.0010 val=0.0069 ent=0.7724 tot=+0.0013 agnorm=0.158 cgnorm=0.051 kl=0.0007 clipf=0.005 ev=+0.954 r0=1.0000 entcoef=1.58e-03 lr=5.4e-05 seed=2
iter= 585 step=1875200 ep_ret=-243.507 opt_ret=-243.507 step_rew=-2.4351 opt_step=-2.4351 gap0=243.507 dret=+94.916 eval_ret=n/a pursuer_target_distance=1.658 capture=0.000 score=0.000 pol=-0.0009 val=0.0083 ent=0.7620 tot=+0.0021 agnorm=0.152 cgnorm=0.043 kl=0.0006 clipf=0.004 ev=+0.940 r0=1.0000 entcoef=1.56e-03 lr=5.3e-05 seed=2
iter= 586 step=1878400 ep_ret=-219.507 opt_ret=-219.507 step_rew=-2.1951 opt_step=-2.1951 gap0=219.507 dret=+118.916 eval_ret=n/a pursuer_target_distance=1.674 capture=0.009 score=0.003 pol=-0.0013 val=0.0193 ent=0.7910 tot=+0.0071 agnorm=0.233 cgnorm=0.062 kl=0.0016 clipf=0.017 ev=+0.876 r0=1.0000 entcoef=1.55e-03 lr=5.2e-05 seed=2
iter= 587 step=1881600 ep_ret=-233.660 opt_ret=-233.660 step_rew=-2.3366 opt_step=-2.3366 gap0=233.660 dret=+104.763 eval_ret=n/a pursuer_target_distance=1.725 capture=0.000 score=0.000 pol=-0.0011 val=0.0102 ent=0.7985 tot=+0.0028 agnorm=0.160 cgnorm=0.060 kl=0.0009 clipf=0.007 ev=+0.936 r0=1.0000 entcoef=1.53e-03 lr=5.1e-05 seed=2
iter= 588 step=1884800 ep_ret=-232.545 opt_ret=-232.545 step_rew=-2.3254 opt_step=-2.3254 gap0=232.545 dret=+105.878 eval_ret=n/a pursuer_target_distance=1.856 capture=0.004 score=0.001 pol=-0.0009 val=0.0104 ent=0.7679 tot=+0.0031 agnorm=0.140 cgnorm=0.054 kl=0.0008 clipf=0.006 ev=+0.939 r0=1.0000 entcoef=1.52e-03 lr=5.0e-05 seed=2
iter= 589 step=1888000 ep_ret=-230.861 opt_ret=-230.861 step_rew=-2.3086 opt_step=-2.3086 gap0=230.861 dret=+107.562 eval_ret=n/a pursuer_target_distance=1.851 capture=0.003 score=0.001 pol=-0.0013 val=0.0092 ent=0.7867 tot=+0.0021 agnorm=0.202 cgnorm=0.044 kl=0.0011 clipf=0.010 ev=+0.931 r0=1.0000 entcoef=1.50e-03 lr=4.9e-05 seed=2
iter= 590 step=1891200 ep_ret=-231.921 opt_ret=-231.921 step_rew=-2.3192 opt_step=-2.3192 gap0=231.921 dret=+106.502 eval_ret=n/a pursuer_target_distance=1.621 capture=0.003 score=0.001 pol=-0.0011 val=0.0086 ent=0.7519 tot=+0.0021 agnorm=0.154 cgnorm=0.050 kl=0.0006 clipf=0.004 ev=+0.937 r0=1.0000 entcoef=1.49e-03 lr=4.8e-05 seed=2
iter= 591 step=1894400 ep_ret=-226.351 opt_ret=-226.351 step_rew=-2.2635 opt_step=-2.2635 gap0=226.351 dret=+112.071 eval_ret=n/a pursuer_target_distance=1.640 capture=0.000 score=0.000 pol=-0.0005 val=0.0079 ent=0.7397 tot=+0.0023 agnorm=0.128 cgnorm=0.040 kl=0.0003 clipf=0.002 ev=+0.910 r0=1.0000 entcoef=1.48e-03 lr=4.6e-05 seed=2
iter= 592 step=1897600 ep_ret=-252.119 opt_ret=-252.119 step_rew=-2.5212 opt_step=-2.5212 gap0=252.119 dret=+86.304 eval_ret=n/a pursuer_target_distance=2.033 capture=0.012 score=0.004 pol=-0.0008 val=0.0252 ent=0.7341 tot=+0.0107 agnorm=0.147 cgnorm=0.074 kl=0.0006 clipf=0.004 ev=+0.859 r0=1.0000 entcoef=1.46e-03 lr=4.5e-05 seed=2
iter= 593 step=1900800 ep_ret=-246.005 opt_ret=-246.005 step_rew=-2.4601 opt_step=-2.4601 gap0=246.005 dret=+92.418 eval_ret=n/a pursuer_target_distance=1.782 capture=0.000 score=0.000 pol=-0.0010 val=0.0055 ent=0.7258 tot=+0.0007 agnorm=0.176 cgnorm=0.056 kl=0.0006 clipf=0.005 ev=+0.947 r0=1.0000 entcoef=1.45e-03 lr=4.4e-05 seed=2
iter= 594 step=1904000 ep_ret=-259.933 opt_ret=-259.933 step_rew=-2.5993 opt_step=-2.5993 gap0=259.933 dret=+78.489 eval_ret=n/a pursuer_target_distance=2.029 capture=0.000 score=0.000 pol=-0.0008 val=0.0092 ent=0.6909 tot=+0.0028 agnorm=0.135 cgnorm=0.080 kl=0.0005 clipf=0.003 ev=+0.928 r0=1.0000 entcoef=1.43e-03 lr=4.3e-05 seed=2
iter= 595 step=1907200 ep_ret=-227.765 opt_ret=-227.765 step_rew=-2.2776 opt_step=-2.2776 gap0=227.765 dret=+110.658 eval_ret=n/a pursuer_target_distance=1.776 capture=0.006 score=0.002 pol=-0.0010 val=0.0158 ent=0.7874 tot=+0.0058 agnorm=0.232 cgnorm=0.081 kl=0.0006 clipf=0.004 ev=+0.901 r0=1.0000 entcoef=1.42e-03 lr=4.2e-05 seed=2
iter= 596 step=1910400 ep_ret=-250.385 opt_ret=-250.385 step_rew=-2.5039 opt_step=-2.5039 gap0=250.385 dret=+88.037 eval_ret=n/a pursuer_target_distance=1.918 capture=0.002 score=0.001 pol=-0.0010 val=0.0111 ent=0.7733 tot=+0.0034 agnorm=0.161 cgnorm=0.066 kl=0.0007 clipf=0.005 ev=+0.904 r0=1.0000 entcoef=1.40e-03 lr=4.1e-05 seed=2
iter= 597 step=1913600 ep_ret=-242.404 opt_ret=-242.404 step_rew=-2.4240 opt_step=-2.4240 gap0=242.404 dret=+96.019 eval_ret=n/a pursuer_target_distance=1.615 capture=0.000 score=0.000 pol=-0.0010 val=0.0094 ent=0.7997 tot=+0.0026 agnorm=0.230 cgnorm=0.059 kl=0.0006 clipf=0.005 ev=+0.948 r0=1.0000 entcoef=1.39e-03 lr=4.0e-05 seed=2
iter= 598 step=1916800 ep_ret=-250.802 opt_ret=-250.802 step_rew=-2.5080 opt_step=-2.5080 gap0=250.802 dret=+87.621 eval_ret=n/a pursuer_target_distance=2.079 capture=0.004 score=0.001 pol=-0.0005 val=0.0118 ent=0.7498 tot=+0.0043 agnorm=0.134 cgnorm=0.068 kl=0.0003 clipf=0.001 ev=+0.913 r0=1.0000 entcoef=1.37e-03 lr=3.9e-05 seed=2
iter= 599 step=1920000 ep_ret=-278.863 opt_ret=-278.863 step_rew=-2.7886 opt_step=-2.7886 gap0=278.863 dret=+59.560 eval_ret=n/a pursuer_target_distance=2.165 capture=0.000 score=0.000 pol=-0.0005 val=0.0088 ent=0.7140 tot=+0.0030 agnorm=0.120 cgnorm=0.070 kl=0.0003 clipf=0.002 ev=+0.952 r0=1.0000 entcoef=1.36e-03 lr=3.8e-05 seed=2
iter= 600 step=1923200 ep_ret=-203.947 opt_ret=-203.947 step_rew=-2.0395 opt_step=-2.0395 gap0=203.947 dret=+134.476 eval_ret=-111.369 pursuer_target_distance=1.454 capture=0.003 score=0.001 pol=-0.0009 val=0.0086 ent=0.7185 tot=+0.0024 agnorm=0.148 cgnorm=0.060 kl=0.0006 clipf=0.005 ev=+0.932 r0=1.0000 entcoef=1.35e-03 lr=3.7e-05 seed=2
iter= 601 step=1926400 ep_ret=-227.628 opt_ret=-227.628 step_rew=-2.2763 opt_step=-2.2763 gap0=227.628 dret=+110.795 eval_ret=n/a pursuer_target_distance=1.633 capture=0.000 score=0.000 pol=-0.0008 val=0.0059 ent=0.7182 tot=+0.0012 agnorm=0.125 cgnorm=0.053 kl=0.0002 clipf=0.001 ev=+0.954 r0=1.0000 entcoef=1.33e-03 lr=3.5e-05 seed=2
iter= 602 step=1929600 ep_ret=-245.793 opt_ret=-245.793 step_rew=-2.4579 opt_step=-2.4579 gap0=245.793 dret=+92.630 eval_ret=n/a pursuer_target_distance=1.945 capture=0.001 score=0.000 pol=-0.0005 val=0.0110 ent=0.7858 tot=+0.0040 agnorm=0.151 cgnorm=0.069 kl=0.0002 clipf=0.001 ev=+0.951 r0=1.0000 entcoef=1.32e-03 lr=3.4e-05 seed=2
iter= 603 step=1932800 ep_ret=-230.005 opt_ret=-230.005 step_rew=-2.3001 opt_step=-2.3001 gap0=230.005 dret=+108.418 eval_ret=n/a pursuer_target_distance=1.728 capture=0.000 score=0.000 pol=-0.0009 val=0.0079 ent=0.7518 tot=+0.0021 agnorm=0.208 cgnorm=0.057 kl=0.0006 clipf=0.005 ev=+0.932 r0=1.0000 entcoef=1.30e-03 lr=3.3e-05 seed=2
iter= 604 step=1936000 ep_ret=-252.123 opt_ret=-252.123 step_rew=-2.5212 opt_step=-2.5212 gap0=252.123 dret=+86.300 eval_ret=n/a pursuer_target_distance=1.884 capture=0.000 score=0.000 pol=-0.0009 val=0.0073 ent=0.7240 tot=+0.0019 agnorm=0.291 cgnorm=0.045 kl=0.0004 clipf=0.003 ev=+0.962 r0=1.0000 entcoef=1.29e-03 lr=3.2e-05 seed=2
iter= 605 step=1939200 ep_ret=-251.980 opt_ret=-251.980 step_rew=-2.5198 opt_step=-2.5198 gap0=251.980 dret=+86.443 eval_ret=n/a pursuer_target_distance=1.842 capture=0.000 score=0.000 pol=-0.0004 val=0.0075 ent=0.7566 tot=+0.0024 agnorm=0.137 cgnorm=0.048 kl=0.0005 clipf=0.004 ev=+0.946 r0=1.0000 entcoef=1.27e-03 lr=3.1e-05 seed=2
iter= 606 step=1942400 ep_ret=-217.241 opt_ret=-217.241 step_rew=-2.1724 opt_step=-2.1724 gap0=217.241 dret=+121.181 eval_ret=n/a pursuer_target_distance=1.791 capture=0.012 score=0.004 pol=-0.0005 val=0.0157 ent=0.7644 tot=+0.0064 agnorm=0.166 cgnorm=0.053 kl=0.0003 clipf=0.002 ev=+0.884 r0=1.0000 entcoef=1.26e-03 lr=3.0e-05 seed=2
iter= 607 step=1945600 ep_ret=-213.122 opt_ret=-213.122 step_rew=-2.1312 opt_step=-2.1312 gap0=213.122 dret=+125.301 eval_ret=n/a pursuer_target_distance=1.545 capture=0.000 score=0.000 pol=-0.0008 val=0.0060 ent=0.7659 tot=+0.0013 agnorm=0.165 cgnorm=0.054 kl=0.0004 clipf=0.003 ev=+0.932 r0=1.0000 entcoef=1.25e-03 lr=2.9e-05 seed=2
iter= 608 step=1948800 ep_ret=-231.225 opt_ret=-231.225 step_rew=-2.3122 opt_step=-2.3122 gap0=231.225 dret=+107.198 eval_ret=n/a pursuer_target_distance=1.697 capture=0.002 score=0.001 pol=-0.0008 val=0.0111 ent=0.7622 tot=+0.0038 agnorm=0.146 cgnorm=0.076 kl=0.0003 clipf=0.001 ev=+0.936 r0=1.0000 entcoef=1.23e-03 lr=2.8e-05 seed=2
iter= 609 step=1952000 ep_ret=-254.004 opt_ret=-254.004 step_rew=-2.5400 opt_step=-2.5400 gap0=254.004 dret=+84.419 eval_ret=n/a pursuer_target_distance=1.991 capture=0.004 score=0.001 pol=-0.0004 val=0.0110 ent=0.7737 tot=+0.0042 agnorm=0.118 cgnorm=0.062 kl=0.0001 clipf=0.001 ev=+0.950 r0=1.0000 entcoef=1.22e-03 lr=2.7e-05 seed=2
iter= 610 step=1955200 ep_ret=-218.210 opt_ret=-218.210 step_rew=-2.1821 opt_step=-2.1821 gap0=218.210 dret=+120.213 eval_ret=n/a pursuer_target_distance=1.549 capture=0.000 score=0.000 pol=-0.0006 val=0.0071 ent=0.7527 tot=+0.0021 agnorm=0.132 cgnorm=0.048 kl=0.0002 clipf=0.001 ev=+0.941 r0=1.0000 entcoef=1.20e-03 lr=2.5e-05 seed=2
iter= 611 step=1958400 ep_ret=-210.645 opt_ret=-210.645 step_rew=-2.1064 opt_step=-2.1064 gap0=210.645 dret=+127.778 eval_ret=n/a pursuer_target_distance=1.588 capture=0.000 score=0.000 pol=-0.0004 val=0.0092 ent=0.7461 tot=+0.0033 agnorm=0.152 cgnorm=0.048 kl=0.0002 clipf=0.001 ev=+0.875 r0=1.0000 entcoef=1.19e-03 lr=2.4e-05 seed=2
iter= 612 step=1961600 ep_ret=-215.314 opt_ret=-215.314 step_rew=-2.1531 opt_step=-2.1531 gap0=215.314 dret=+123.109 eval_ret=n/a pursuer_target_distance=1.668 capture=0.014 score=0.005 pol=-0.0009 val=0.0254 ent=0.7682 tot=+0.0109 agnorm=0.420 cgnorm=0.080 kl=0.0003 clipf=0.003 ev=+0.842 r0=1.0000 entcoef=1.17e-03 lr=2.3e-05 seed=2
iter= 613 step=1964800 ep_ret=-223.179 opt_ret=-223.179 step_rew=-2.2318 opt_step=-2.2318 gap0=223.179 dret=+115.244 eval_ret=n/a pursuer_target_distance=1.783 capture=0.000 score=0.000 pol=-0.0006 val=0.0062 ent=0.8608 tot=+0.0015 agnorm=0.156 cgnorm=0.046 kl=0.0004 clipf=0.003 ev=+0.946 r0=1.0000 entcoef=1.16e-03 lr=2.2e-05 seed=2
iter= 614 step=1968000 ep_ret=-255.242 opt_ret=-255.242 step_rew=-2.5524 opt_step=-2.5524 gap0=255.242 dret=+83.180 eval_ret=n/a pursuer_target_distance=1.829 capture=0.000 score=0.000 pol=-0.0005 val=0.0064 ent=0.7377 tot=+0.0018 agnorm=0.149 cgnorm=0.043 kl=0.0002 clipf=0.001 ev=+0.958 r0=1.0000 entcoef=1.14e-03 lr=2.1e-05 seed=2
iter= 615 step=1971200 ep_ret=-219.191 opt_ret=-219.191 step_rew=-2.1919 opt_step=-2.1919 gap0=219.191 dret=+119.231 eval_ret=n/a pursuer_target_distance=1.689 capture=0.006 score=0.002 pol=-0.0006 val=0.0121 ent=0.8067 tot=+0.0046 agnorm=0.166 cgnorm=0.059 kl=0.0002 clipf=0.001 ev=+0.883 r0=1.0000 entcoef=1.13e-03 lr=2.0e-05 seed=2
iter= 616 step=1974400 ep_ret=-225.980 opt_ret=-225.980 step_rew=-2.2598 opt_step=-2.2598 gap0=225.980 dret=+112.443 eval_ret=n/a pursuer_target_distance=1.863 capture=0.004 score=0.001 pol=-0.0005 val=0.0101 ent=0.7896 tot=+0.0036 agnorm=0.166 cgnorm=0.059 kl=0.0002 clipf=0.001 ev=+0.934 r0=1.0000 entcoef=1.12e-03 lr=1.9e-05 seed=2
iter= 617 step=1977600 ep_ret=-274.809 opt_ret=-274.809 step_rew=-2.7481 opt_step=-2.7481 gap0=274.809 dret=+63.614 eval_ret=n/a pursuer_target_distance=2.056 capture=0.000 score=0.000 pol=-0.0005 val=0.0088 ent=0.7646 tot=+0.0031 agnorm=0.139 cgnorm=0.068 kl=0.0001 clipf=0.000 ev=+0.959 r0=1.0000 entcoef=1.10e-03 lr=1.8e-05 seed=2
iter= 618 step=1980800 ep_ret=-210.626 opt_ret=-210.626 step_rew=-2.1063 opt_step=-2.1063 gap0=210.626 dret=+127.797 eval_ret=n/a pursuer_target_distance=1.764 capture=0.010 score=0.004 pol=-0.0006 val=0.0202 ent=0.7860 tot=+0.0086 agnorm=0.148 cgnorm=0.080 kl=0.0003 clipf=0.001 ev=+0.903 r0=1.0000 entcoef=1.09e-03 lr=1.7e-05 seed=2
iter= 619 step=1984000 ep_ret=-198.297 opt_ret=-198.297 step_rew=-1.9830 opt_step=-1.9830 gap0=198.297 dret=+140.126 eval_ret=n/a pursuer_target_distance=1.633 capture=0.019 score=0.007 pol=-0.0005 val=0.0318 ent=0.7827 tot=+0.0146 agnorm=0.189 cgnorm=0.066 kl=0.0001 clipf=0.000 ev=+0.842 r0=1.0000 entcoef=1.07e-03 lr=1.6e-05 seed=2
iter= 620 step=1987200 ep_ret=-216.859 opt_ret=-216.859 step_rew=-2.1686 opt_step=-2.1686 gap0=216.859 dret=+121.563 eval_ret=-125.644 pursuer_target_distance=1.549 capture=0.003 score=0.001 pol=-0.0004 val=0.0081 ent=0.8024 tot=+0.0028 agnorm=0.143 cgnorm=0.052 kl=0.0001 clipf=0.000 ev=+0.923 r0=1.0000 entcoef=1.06e-03 lr=1.4e-05 seed=2
iter= 621 step=1990400 ep_ret=-238.943 opt_ret=-238.943 step_rew=-2.3894 opt_step=-2.3894 gap0=238.943 dret=+99.480 eval_ret=n/a pursuer_target_distance=1.764 capture=0.003 score=0.001 pol=-0.0006 val=0.0107 ent=0.7917 tot=+0.0040 agnorm=0.350 cgnorm=0.069 kl=0.0002 clipf=0.001 ev=+0.943 r0=1.0000 entcoef=1.04e-03 lr=1.3e-05 seed=2
iter= 622 step=1993600 ep_ret=-238.759 opt_ret=-238.759 step_rew=-2.3876 opt_step=-2.3876 gap0=238.759 dret=+99.664 eval_ret=n/a pursuer_target_distance=1.734 capture=0.003 score=0.001 pol=-0.0003 val=0.0121 ent=0.7629 tot=+0.0050 agnorm=0.182 cgnorm=0.073 kl=0.0001 clipf=0.000 ev=+0.948 r0=1.0000 entcoef=1.03e-03 lr=1.2e-05 seed=2
iter= 623 step=1996800 ep_ret=-229.587 opt_ret=-229.587 step_rew=-2.2959 opt_step=-2.2959 gap0=229.587 dret=+108.836 eval_ret=n/a pursuer_target_distance=1.799 capture=0.004 score=0.002 pol=-0.0007 val=0.0095 ent=0.7990 tot=+0.0032 agnorm=0.224 cgnorm=0.058 kl=0.0003 clipf=0.001 ev=+0.924 r0=1.0000 entcoef=1.01e-03 lr=1.1e-05 seed=2
iter= 624 step=2000000 ep_ret=-193.619 opt_ret=-193.619 step_rew=-1.9362 opt_step=-1.9362 gap0=193.619 dret=+144.804 eval_ret=-120.579 pursuer_target_distance=1.423 capture=0.003 score=0.001 pol=-0.0003 val=0.0067 ent=0.7925 tot=+0.0023 agnorm=0.155 cgnorm=0.053 kl=0.0004 clipf=0.002 ev=+0.931 r0=1.0000 entcoef=1.00e-03 lr=1.0e-05 seed=2
[train] Checkpoint saving disabled.
[train] Run artifacts in runs/pursuit/alpha/graph/alpha0p0/seed2
[render] Skipped post-train render (mode=off).
=== done Sun Jun  7 23:47:16 EDT 2026 ===
