[setup] Required Python imports are available.
[setup] Required Python imports are available.
=== Job info ===
Job       : 637672  array=15
Node      : evc10
Submit    : /lustre/fs1/home/ak565492/gnn_experiments
Repo      : /lustre/fs1/home/ak565492/gnn_experiments
Git rev   : ed5fa1b
Python    : /home/ak565492/expenv/bin/python
Python 3.11.4
PyYAML  : 6.0.3
NumPy   : 2.3.5
Torch   : 2.5.1+cu121 cuda_available=True cuda=12.1
CUDA_VIS  : 0
Threads   : OMP=4 MKL=4 OPENBLAS=1
Task      : 15/60
Comm      : broadcast
Alpha     : 0.0
Seed      : 0
Run label : broadcast_alpha0p0_seed0
Run dir   : runs/pursuit_20260608_010951/alpha/broadcast/alpha0p0/seed0
Config    : /tmp/637656_15_broadcast_alpha0p0_seed0.yaml
Start     : Mon Jun  8 01:10:08 EDT 2026
================
Mon Jun  8 01:10:08 2026       
+-----------------------------------------------------------------------------------------+
| NVIDIA-SMI 580.105.08             Driver Version: 580.105.08     CUDA Version: 13.0     |
+-----------------------------------------+------------------------+----------------------+
| GPU  Name                 Persistence-M | Bus-Id          Disp.A | Volatile Uncorr. ECC |
| Fan  Temp   Perf          Pwr:Usage/Cap |           Memory-Usage | GPU-Util  Compute M. |
|                                         |                        |               MIG M. |
|=========================================+========================+======================|
|   0  Tesla V100-PCIE-16GB           Off |   00000000:D8:00.0 Off |                    0 |
| N/A   31C    P0             26W /  250W |       5MiB /  16384MiB |      0%      Default |
|                                         |                        |                  N/A |
+-----------------------------------------+------------------------+----------------------+

+-----------------------------------------------------------------------------------------+
| Processes:                                                                              |
|  GPU   GI   CI              PID   Type   Process name                        GPU Memory |
|        ID   ID                                                               Usage      |
|=========================================================================================|
|    0   N/A  N/A          364255      G   /usr/libexec/Xorg                         4MiB |
+-----------------------------------------------------------------------------------------+
[env] kind=pursuit name=pursuit n_agents=10 obs_dim=5 action_dim=5 state_dim=23 num_envs=32
[train] Starting: total_iters=625 T=100 B=32 device=cuda:0 seed=0 render=off
iter=   0 step=   3200 ep_ret=-809.036 opt_ret=-809.036 step_rew=-8.0904 opt_step=-8.0904 gap0=809.036 dret=+0.000 eval_ret=-825.309 pursuer_target_distance=3.974 capture=0.000 score=0.000 pol=-0.0009 val=0.6637 ent=1.6075 tot=+0.3148 agnorm=0.022 cgnorm=0.213 kl=0.0019 clipf=0.004 ev=-0.478 r0=1.0000 entcoef=1.00e-02 lr=7.0e-04 seed=0
iter=   1 step=   6400 ep_ret=-804.835 opt_ret=-804.835 step_rew=-8.0484 opt_step=-8.0484 gap0=804.835 dret=+4.201 eval_ret=n/a pursuer_target_distance=3.715 capture=0.000 score=0.000 pol=-0.0006 val=0.4874 ent=1.6002 tot=+0.2271 agnorm=0.019 cgnorm=0.283 kl=0.0017 clipf=0.000 ev=+0.122 r0=1.0000 entcoef=9.99e-03 lr=7.0e-04 seed=0
iter=   2 step=   9600 ep_ret=-920.862 opt_ret=-920.862 step_rew=-9.2086 opt_step=-9.2086 gap0=920.862 dret=-111.826 eval_ret=n/a pursuer_target_distance=4.654 capture=0.000 score=0.000 pol=-0.0002 val=0.4904 ent=1.5916 tot=+0.2291 agnorm=0.022 cgnorm=0.301 kl=0.0005 clipf=0.000 ev=+0.345 r0=1.0000 entcoef=9.97e-03 lr=7.0e-04 seed=0
iter=   3 step=  12800 ep_ret=-877.839 opt_ret=-877.839 step_rew=-8.7784 opt_step=-8.7784 gap0=877.839 dret=-68.803 eval_ret=n/a pursuer_target_distance=4.540 capture=0.000 score=0.000 pol=-0.0003 val=0.4683 ent=1.5974 tot=+0.2180 agnorm=0.019 cgnorm=0.306 kl=0.0006 clipf=0.000 ev=+0.337 r0=1.0000 entcoef=9.96e-03 lr=7.0e-04 seed=0
iter=   4 step=  16000 ep_ret=-791.485 opt_ret=-791.485 step_rew=-7.9149 opt_step=-7.9149 gap0=791.485 dret=+17.551 eval_ret=n/a pursuer_target_distance=4.099 capture=0.000 score=0.000 pol=-0.0004 val=0.3210 ent=1.5966 tot=+0.1442 agnorm=0.019 cgnorm=0.252 kl=0.0005 clipf=0.000 ev=+0.537 r0=1.0000 entcoef=9.94e-03 lr=7.0e-04 seed=0
iter=   5 step=  19200 ep_ret=-850.892 opt_ret=-850.892 step_rew=-8.5089 opt_step=-8.5089 gap0=850.892 dret=-41.856 eval_ret=n/a pursuer_target_distance=4.620 capture=0.000 score=0.000 pol=-0.0005 val=0.3606 ent=1.5943 tot=+0.1640 agnorm=0.021 cgnorm=0.296 kl=0.0016 clipf=0.007 ev=+0.499 r0=1.0000 entcoef=9.93e-03 lr=6.9e-04 seed=0
iter=   6 step=  22400 ep_ret=-800.995 opt_ret=-800.995 step_rew=-8.0100 opt_step=-8.0100 gap0=800.995 dret=+8.041 eval_ret=n/a pursuer_target_distance=3.840 capture=0.000 score=0.000 pol=-0.0007 val=0.3108 ent=1.5821 tot=+0.1390 agnorm=0.024 cgnorm=0.252 kl=0.0020 clipf=0.004 ev=+0.635 r0=1.0000 entcoef=9.91e-03 lr=6.9e-04 seed=0
iter=   7 step=  25600 ep_ret=-806.269 opt_ret=-806.269 step_rew=-8.0627 opt_step=-8.0627 gap0=806.269 dret=+2.767 eval_ret=n/a pursuer_target_distance=4.461 capture=0.000 score=0.000 pol=-0.0004 val=0.2765 ent=1.5652 tot=+0.1223 agnorm=0.024 cgnorm=0.281 kl=0.0018 clipf=0.006 ev=+0.537 r0=1.0000 entcoef=9.90e-03 lr=6.9e-04 seed=0
iter=   8 step=  28800 ep_ret=-787.465 opt_ret=-787.465 step_rew=-7.8746 opt_step=-7.8746 gap0=787.465 dret=+21.571 eval_ret=n/a pursuer_target_distance=4.159 capture=0.000 score=0.000 pol=-0.0007 val=0.2516 ent=1.5620 tot=+0.1097 agnorm=0.022 cgnorm=0.249 kl=0.0011 clipf=0.001 ev=+0.638 r0=1.0000 entcoef=9.88e-03 lr=6.9e-04 seed=0
iter=   9 step=  32000 ep_ret=-802.478 opt_ret=-802.478 step_rew=-8.0248 opt_step=-8.0248 gap0=802.478 dret=+6.558 eval_ret=n/a pursuer_target_distance=3.918 capture=0.000 score=0.000 pol=-0.0008 val=0.2768 ent=1.5678 tot=+0.1221 agnorm=0.035 cgnorm=0.262 kl=0.0021 clipf=0.014 ev=+0.626 r0=1.0000 entcoef=9.87e-03 lr=6.9e-04 seed=0
iter=  10 step=  35200 ep_ret=-699.834 opt_ret=-699.834 step_rew=-6.9983 opt_step=-6.9983 gap0=699.834 dret=+109.202 eval_ret=n/a pursuer_target_distance=3.563 capture=0.000 score=0.000 pol=-0.0008 val=0.1387 ent=1.5718 tot=+0.0530 agnorm=0.037 cgnorm=0.218 kl=0.0022 clipf=0.010 ev=+0.773 r0=1.0000 entcoef=9.86e-03 lr=6.9e-04 seed=0
iter=  11 step=  38400 ep_ret=-824.592 opt_ret=-824.592 step_rew=-8.2459 opt_step=-8.2459 gap0=824.592 dret=-15.556 eval_ret=n/a pursuer_target_distance=4.691 capture=0.000 score=0.000 pol=-0.0000 val=0.3152 ent=1.5647 tot=+0.1422 agnorm=0.020 cgnorm=0.279 kl=0.0010 clipf=0.000 ev=+0.442 r0=1.0000 entcoef=9.84e-03 lr=6.9e-04 seed=0
iter=  12 step=  41600 ep_ret=-853.462 opt_ret=-853.462 step_rew=-8.5346 opt_step=-8.5346 gap0=853.462 dret=-44.426 eval_ret=n/a pursuer_target_distance=4.382 capture=0.000 score=0.000 pol=-0.0011 val=0.3043 ent=1.5702 tot=+0.1357 agnorm=0.032 cgnorm=0.283 kl=0.0027 clipf=0.013 ev=+0.538 r0=1.0000 entcoef=9.83e-03 lr=6.9e-04 seed=0
iter=  13 step=  44800 ep_ret=-836.820 opt_ret=-836.820 step_rew=-8.3682 opt_step=-8.3682 gap0=836.820 dret=-27.784 eval_ret=n/a pursuer_target_distance=3.934 capture=0.000 score=0.000 pol=-0.0008 val=0.2536 ent=1.5582 tot=+0.1107 agnorm=0.028 cgnorm=0.262 kl=0.0019 clipf=0.009 ev=+0.539 r0=1.0000 entcoef=9.81e-03 lr=6.9e-04 seed=0
iter=  14 step=  48000 ep_ret=-880.460 opt_ret=-880.460 step_rew=-8.8046 opt_step=-8.8046 gap0=880.460 dret=-71.424 eval_ret=n/a pursuer_target_distance=4.662 capture=0.000 score=0.000 pol=-0.0012 val=0.3025 ent=1.5476 tot=+0.1349 agnorm=0.052 cgnorm=0.313 kl=0.0027 clipf=0.017 ev=+0.675 r0=1.0000 entcoef=9.80e-03 lr=6.8e-04 seed=0
iter=  15 step=  51200 ep_ret=-858.426 opt_ret=-858.426 step_rew=-8.5843 opt_step=-8.5843 gap0=858.426 dret=-49.390 eval_ret=n/a pursuer_target_distance=4.620 capture=0.000 score=0.000 pol=-0.0008 val=0.2635 ent=1.5236 tot=+0.1160 agnorm=0.036 cgnorm=0.269 kl=0.0028 clipf=0.019 ev=+0.623 r0=1.0000 entcoef=9.78e-03 lr=6.8e-04 seed=0
iter=  16 step=  54400 ep_ret=-892.799 opt_ret=-892.799 step_rew=-8.9280 opt_step=-8.9280 gap0=892.799 dret=-83.764 eval_ret=n/a pursuer_target_distance=5.036 capture=0.000 score=0.000 pol=-0.0005 val=0.2777 ent=1.5371 tot=+0.1234 agnorm=0.032 cgnorm=0.315 kl=0.0019 clipf=0.009 ev=+0.529 r0=1.0000 entcoef=9.77e-03 lr=6.8e-04 seed=0
iter=  17 step=  57600 ep_ret=-855.592 opt_ret=-855.592 step_rew=-8.5559 opt_step=-8.5559 gap0=855.592 dret=-46.556 eval_ret=n/a pursuer_target_distance=4.619 capture=0.000 score=0.000 pol=-0.0007 val=0.2061 ent=1.5337 tot=+0.0874 agnorm=0.025 cgnorm=0.278 kl=0.0016 clipf=0.004 ev=+0.483 r0=1.0000 entcoef=9.75e-03 lr=6.8e-04 seed=0
iter=  18 step=  60800 ep_ret=-837.293 opt_ret=-837.293 step_rew=-8.3729 opt_step=-8.3729 gap0=837.293 dret=-28.257 eval_ret=n/a pursuer_target_distance=4.347 capture=0.000 score=0.000 pol=-0.0006 val=0.1660 ent=1.5135 tot=+0.0677 agnorm=0.021 cgnorm=0.241 kl=0.0015 clipf=0.000 ev=+0.733 r0=1.0000 entcoef=9.74e-03 lr=6.8e-04 seed=0
iter=  19 step=  64000 ep_ret=-834.261 opt_ret=-834.261 step_rew=-8.3426 opt_step=-8.3426 gap0=834.261 dret=-25.225 eval_ret=n/a pursuer_target_distance=4.034 capture=0.000 score=0.000 pol=-0.0011 val=0.1795 ent=1.5104 tot=+0.0740 agnorm=0.042 cgnorm=0.260 kl=0.0020 clipf=0.015 ev=+0.680 r0=1.0000 entcoef=9.73e-03 lr=6.8e-04 seed=0
iter=  20 step=  67200 ep_ret=-853.531 opt_ret=-853.531 step_rew=-8.5353 opt_step=-8.5353 gap0=853.531 dret=-44.495 eval_ret=-803.549 pursuer_target_distance=4.195 capture=0.000 score=0.000 pol=-0.0005 val=0.1738 ent=1.5300 tot=+0.0716 agnorm=0.032 cgnorm=0.257 kl=0.0020 clipf=0.010 ev=+0.718 r0=1.0000 entcoef=9.71e-03 lr=6.8e-04 seed=0
iter=  21 step=  70400 ep_ret=-843.224 opt_ret=-843.224 step_rew=-8.4322 opt_step=-8.4322 gap0=843.224 dret=-34.188 eval_ret=n/a pursuer_target_distance=3.872 capture=0.000 score=0.000 pol=-0.0007 val=0.1508 ent=1.5188 tot=+0.0599 agnorm=0.026 cgnorm=0.257 kl=0.0021 clipf=0.008 ev=+0.731 r0=1.0000 entcoef=9.70e-03 lr=6.8e-04 seed=0
iter=  22 step=  73600 ep_ret=-872.367 opt_ret=-872.367 step_rew=-8.7237 opt_step=-8.7237 gap0=872.367 dret=-63.331 eval_ret=n/a pursuer_target_distance=4.151 capture=0.000 score=0.000 pol=-0.0011 val=0.1980 ent=1.5111 tot=+0.0833 agnorm=0.055 cgnorm=0.306 kl=0.0027 clipf=0.022 ev=+0.658 r0=1.0000 entcoef=9.68e-03 lr=6.8e-04 seed=0
iter=  23 step=  76800 ep_ret=-872.086 opt_ret=-872.086 step_rew=-8.7209 opt_step=-8.7209 gap0=872.086 dret=-63.050 eval_ret=n/a pursuer_target_distance=4.939 capture=0.000 score=0.000 pol=-0.0004 val=0.1674 ent=1.5084 tot=+0.0687 agnorm=0.034 cgnorm=0.290 kl=0.0016 clipf=0.007 ev=+0.667 r0=1.0000 entcoef=9.67e-03 lr=6.7e-04 seed=0
iter=  24 step=  80000 ep_ret=-819.912 opt_ret=-819.912 step_rew=-8.1991 opt_step=-8.1991 gap0=819.912 dret=-10.876 eval_ret=n/a pursuer_target_distance=4.282 capture=0.000 score=0.000 pol=-0.0002 val=0.1269 ent=1.5232 tot=+0.0486 agnorm=0.021 cgnorm=0.250 kl=0.0010 clipf=0.002 ev=+0.707 r0=1.0000 entcoef=9.65e-03 lr=6.7e-04 seed=0
iter=  25 step=  83200 ep_ret=-805.984 opt_ret=-805.984 step_rew=-8.0598 opt_step=-8.0598 gap0=805.984 dret=+3.052 eval_ret=n/a pursuer_target_distance=4.099 capture=0.000 score=0.000 pol=-0.0004 val=0.0952 ent=1.5322 tot=+0.0324 agnorm=0.024 cgnorm=0.228 kl=0.0004 clipf=0.000 ev=+0.690 r0=1.0000 entcoef=9.64e-03 lr=6.7e-04 seed=0
iter=  26 step=  86400 ep_ret=-823.628 opt_ret=-823.628 step_rew=-8.2363 opt_step=-8.2363 gap0=823.628 dret=-14.592 eval_ret=n/a pursuer_target_distance=4.533 capture=0.000 score=0.000 pol=-0.0005 val=0.1148 ent=1.5410 tot=+0.0421 agnorm=0.027 cgnorm=0.253 kl=0.0014 clipf=0.004 ev=+0.635 r0=1.0000 entcoef=9.62e-03 lr=6.7e-04 seed=0
iter=  27 step=  89600 ep_ret=-801.233 opt_ret=-801.233 step_rew=-8.0123 opt_step=-8.0123 gap0=801.233 dret=+7.803 eval_ret=n/a pursuer_target_distance=4.478 capture=0.000 score=0.000 pol=-0.0010 val=0.1007 ent=1.5638 tot=+0.0343 agnorm=0.047 cgnorm=0.242 kl=0.0027 clipf=0.022 ev=+0.549 r0=1.0000 entcoef=9.61e-03 lr=6.7e-04 seed=0
iter=  28 step=  92800 ep_ret=-809.002 opt_ret=-809.002 step_rew=-8.0900 opt_step=-8.0900 gap0=809.002 dret=+0.034 eval_ret=n/a pursuer_target_distance=4.219 capture=0.000 score=0.000 pol=-0.0007 val=0.0816 ent=1.5706 tot=+0.0250 agnorm=0.034 cgnorm=0.232 kl=0.0018 clipf=0.011 ev=+0.724 r0=1.0000 entcoef=9.60e-03 lr=6.7e-04 seed=0
iter=  29 step=  96000 ep_ret=-834.320 opt_ret=-834.320 step_rew=-8.3432 opt_step=-8.3432 gap0=834.320 dret=-25.284 eval_ret=n/a pursuer_target_distance=4.401 capture=0.000 score=0.000 pol=-0.0008 val=0.1168 ent=1.5676 tot=+0.0426 agnorm=0.033 cgnorm=0.238 kl=0.0010 clipf=0.001 ev=+0.561 r0=1.0000 entcoef=9.58e-03 lr=6.7e-04 seed=0
iter=  30 step=  99200 ep_ret=-830.583 opt_ret=-830.583 step_rew=-8.3058 opt_step=-8.3058 gap0=830.583 dret=-21.547 eval_ret=n/a pursuer_target_distance=3.981 capture=0.000 score=0.000 pol=-0.0007 val=0.0952 ent=1.5582 tot=+0.0320 agnorm=0.031 cgnorm=0.241 kl=0.0019 clipf=0.010 ev=+0.597 r0=1.0000 entcoef=9.57e-03 lr=6.7e-04 seed=0
iter=  31 step= 102400 ep_ret=-870.569 opt_ret=-870.569 step_rew=-8.7057 opt_step=-8.7057 gap0=870.569 dret=-61.534 eval_ret=n/a pursuer_target_distance=4.354 capture=0.000 score=0.000 pol=-0.0005 val=0.0846 ent=1.5628 tot=+0.0269 agnorm=0.023 cgnorm=0.230 kl=0.0013 clipf=0.002 ev=+0.768 r0=1.0000 entcoef=9.55e-03 lr=6.7e-04 seed=0
iter=  32 step= 105600 ep_ret=-816.284 opt_ret=-816.284 step_rew=-8.1628 opt_step=-8.1628 gap0=816.284 dret=-7.249 eval_ret=n/a pursuer_target_distance=3.957 capture=0.000 score=0.000 pol=-0.0007 val=0.0500 ent=1.5751 tot=+0.0092 agnorm=0.027 cgnorm=0.196 kl=0.0014 clipf=0.001 ev=+0.779 r0=1.0000 entcoef=9.54e-03 lr=6.6e-04 seed=0
iter=  33 step= 108800 ep_ret=-826.832 opt_ret=-826.832 step_rew=-8.2683 opt_step=-8.2683 gap0=826.832 dret=-17.796 eval_ret=n/a pursuer_target_distance=4.400 capture=0.000 score=0.000 pol=-0.0006 val=0.0666 ent=1.5764 tot=+0.0177 agnorm=0.026 cgnorm=0.202 kl=0.0013 clipf=0.001 ev=+0.808 r0=1.0000 entcoef=9.52e-03 lr=6.6e-04 seed=0
iter=  34 step= 112000 ep_ret=-843.156 opt_ret=-843.156 step_rew=-8.4316 opt_step=-8.4316 gap0=843.156 dret=-34.120 eval_ret=n/a pursuer_target_distance=4.010 capture=0.000 score=0.000 pol=-0.0005 val=0.0717 ent=1.5732 tot=+0.0204 agnorm=0.030 cgnorm=0.230 kl=0.0017 clipf=0.007 ev=+0.700 r0=1.0000 entcoef=9.51e-03 lr=6.6e-04 seed=0
iter=  35 step= 115200 ep_ret=-792.348 opt_ret=-792.348 step_rew=-7.9235 opt_step=-7.9235 gap0=792.348 dret=+16.688 eval_ret=n/a pursuer_target_distance=3.118 capture=0.000 score=0.000 pol=-0.0009 val=0.0358 ent=1.5638 tot=+0.0022 agnorm=0.034 cgnorm=0.186 kl=0.0016 clipf=0.003 ev=+0.810 r0=1.0000 entcoef=9.50e-03 lr=6.6e-04 seed=0
iter=  36 step= 118400 ep_ret=-855.410 opt_ret=-855.410 step_rew=-8.5541 opt_step=-8.5541 gap0=855.410 dret=-46.374 eval_ret=n/a pursuer_target_distance=4.290 capture=0.000 score=0.000 pol=-0.0003 val=0.0698 ent=1.5574 tot=+0.0198 agnorm=0.018 cgnorm=0.206 kl=0.0012 clipf=0.001 ev=+0.705 r0=1.0000 entcoef=9.48e-03 lr=6.6e-04 seed=0
iter=  37 step= 121600 ep_ret=-810.678 opt_ret=-810.678 step_rew=-8.1068 opt_step=-8.1068 gap0=810.678 dret=-1.643 eval_ret=n/a pursuer_target_distance=4.297 capture=0.000 score=0.000 pol=-0.0008 val=0.0474 ent=1.5548 tot=+0.0082 agnorm=0.032 cgnorm=0.204 kl=0.0011 clipf=0.004 ev=+0.760 r0=1.0000 entcoef=9.47e-03 lr=6.6e-04 seed=0
iter=  38 step= 124800 ep_ret=-845.854 opt_ret=-845.854 step_rew=-8.4585 opt_step=-8.4585 gap0=845.854 dret=-36.818 eval_ret=n/a pursuer_target_distance=4.730 capture=0.000 score=0.000 pol=-0.0007 val=0.0827 ent=1.5320 tot=+0.0262 agnorm=0.030 cgnorm=0.222 kl=0.0017 clipf=0.007 ev=+0.676 r0=1.0000 entcoef=9.45e-03 lr=6.6e-04 seed=0
iter=  39 step= 128000 ep_ret=-898.655 opt_ret=-898.655 step_rew=-8.9866 opt_step=-8.9866 gap0=898.655 dret=-89.619 eval_ret=n/a pursuer_target_distance=4.753 capture=0.000 score=0.000 pol=-0.0009 val=0.0452 ent=1.5035 tot=+0.0075 agnorm=0.050 cgnorm=0.200 kl=0.0022 clipf=0.015 ev=+0.748 r0=1.0000 entcoef=9.44e-03 lr=6.6e-04 seed=0
iter=  40 step= 131200 ep_ret=-867.428 opt_ret=-867.428 step_rew=-8.6743 opt_step=-8.6743 gap0=867.428 dret=-58.392 eval_ret=-827.824 pursuer_target_distance=4.439 capture=0.000 score=0.000 pol=-0.0006 val=0.0387 ent=1.4928 tot=+0.0047 agnorm=0.037 cgnorm=0.189 kl=0.0017 clipf=0.005 ev=+0.825 r0=1.0000 entcoef=9.42e-03 lr=6.6e-04 seed=0
iter=  41 step= 134400 ep_ret=-784.723 opt_ret=-784.723 step_rew=-7.8472 opt_step=-7.8472 gap0=784.723 dret=+24.313 eval_ret=n/a pursuer_target_distance=3.821 capture=0.000 score=0.000 pol=-0.0008 val=0.0285 ent=1.5217 tot=-0.0008 agnorm=0.037 cgnorm=0.171 kl=0.0022 clipf=0.012 ev=+0.844 r0=1.0000 entcoef=9.41e-03 lr=6.5e-04 seed=0
iter=  42 step= 137600 ep_ret=-868.700 opt_ret=-868.700 step_rew=-8.6870 opt_step=-8.6870 gap0=868.700 dret=-59.665 eval_ret=n/a pursuer_target_distance=3.777 capture=0.000 score=0.000 pol=-0.0005 val=0.0433 ent=1.5330 tot=+0.0068 agnorm=0.026 cgnorm=0.213 kl=0.0005 clipf=0.000 ev=+0.703 r0=1.0000 entcoef=9.39e-03 lr=6.5e-04 seed=0
iter=  43 step= 140800 ep_ret=-829.663 opt_ret=-829.663 step_rew=-8.2966 opt_step=-8.2966 gap0=829.663 dret=-20.627 eval_ret=n/a pursuer_target_distance=4.623 capture=0.000 score=0.000 pol=-0.0002 val=0.0312 ent=1.5317 tot=+0.0011 agnorm=0.022 cgnorm=0.173 kl=0.0008 clipf=0.000 ev=+0.826 r0=1.0000 entcoef=9.38e-03 lr=6.5e-04 seed=0
iter=  44 step= 144000 ep_ret=-907.306 opt_ret=-907.306 step_rew=-9.0731 opt_step=-9.0731 gap0=907.306 dret=-98.270 eval_ret=n/a pursuer_target_distance=5.000 capture=0.000 score=0.000 pol=-0.0006 val=0.0341 ent=1.5398 tot=+0.0021 agnorm=0.026 cgnorm=0.162 kl=0.0011 clipf=0.001 ev=+0.833 r0=1.0000 entcoef=9.37e-03 lr=6.5e-04 seed=0
iter=  45 step= 147200 ep_ret=-793.308 opt_ret=-793.308 step_rew=-7.9331 opt_step=-7.9331 gap0=793.308 dret=+15.727 eval_ret=n/a pursuer_target_distance=4.113 capture=0.000 score=0.000 pol=-0.0006 val=0.0218 ent=1.5319 tot=-0.0040 agnorm=0.025 cgnorm=0.146 kl=0.0013 clipf=0.001 ev=+0.859 r0=1.0000 entcoef=9.35e-03 lr=6.5e-04 seed=0
iter=  46 step= 150400 ep_ret=-867.868 opt_ret=-867.868 step_rew=-8.6787 opt_step=-8.6787 gap0=867.868 dret=-58.832 eval_ret=n/a pursuer_target_distance=4.111 capture=0.000 score=0.000 pol=-0.0002 val=0.0346 ent=1.5391 tot=+0.0027 agnorm=0.018 cgnorm=0.161 kl=0.0008 clipf=0.000 ev=+0.753 r0=1.0000 entcoef=9.34e-03 lr=6.5e-04 seed=0
iter=  47 step= 153600 ep_ret=-842.588 opt_ret=-842.588 step_rew=-8.4259 opt_step=-8.4259 gap0=842.588 dret=-33.552 eval_ret=n/a pursuer_target_distance=4.795 capture=0.000 score=0.000 pol=-0.0006 val=0.0240 ent=1.5505 tot=-0.0030 agnorm=0.035 cgnorm=0.165 kl=0.0016 clipf=0.009 ev=+0.887 r0=1.0000 entcoef=9.32e-03 lr=6.5e-04 seed=0
iter=  48 step= 156800 ep_ret=-879.274 opt_ret=-879.274 step_rew=-8.7927 opt_step=-8.7927 gap0=879.274 dret=-70.238 eval_ret=n/a pursuer_target_distance=4.125 capture=0.000 score=0.000 pol=-0.0005 val=0.0248 ent=1.5549 tot=-0.0026 agnorm=0.024 cgnorm=0.166 kl=0.0011 clipf=0.001 ev=+0.861 r0=1.0000 entcoef=9.31e-03 lr=6.5e-04 seed=0
iter=  49 step= 160000 ep_ret=-831.866 opt_ret=-831.866 step_rew=-8.3187 opt_step=-8.3187 gap0=831.866 dret=-22.830 eval_ret=n/a pursuer_target_distance=4.021 capture=0.000 score=0.000 pol=-0.0006 val=0.0391 ent=1.5557 tot=+0.0044 agnorm=0.035 cgnorm=0.202 kl=0.0010 clipf=0.004 ev=+0.722 r0=1.0000 entcoef=9.29e-03 lr=6.5e-04 seed=0
iter=  50 step= 163200 ep_ret=-859.318 opt_ret=-859.318 step_rew=-8.5932 opt_step=-8.5932 gap0=859.318 dret=-50.282 eval_ret=n/a pursuer_target_distance=4.407 capture=0.000 score=0.000 pol=-0.0003 val=0.0211 ent=1.5723 tot=-0.0043 agnorm=0.019 cgnorm=0.166 kl=0.0011 clipf=0.000 ev=+0.787 r0=1.0000 entcoef=9.28e-03 lr=6.4e-04 seed=0
iter=  51 step= 166400 ep_ret=-866.456 opt_ret=-866.456 step_rew=-8.6646 opt_step=-8.6646 gap0=866.456 dret=-57.420 eval_ret=n/a pursuer_target_distance=4.847 capture=0.000 score=0.000 pol=-0.0006 val=0.0250 ent=1.5739 tot=-0.0027 agnorm=0.029 cgnorm=0.155 kl=0.0010 clipf=0.002 ev=+0.803 r0=1.0000 entcoef=9.26e-03 lr=6.4e-04 seed=0
iter=  52 step= 169600 ep_ret=-887.503 opt_ret=-887.503 step_rew=-8.8750 opt_step=-8.8750 gap0=887.503 dret=-78.467 eval_ret=n/a pursuer_target_distance=4.498 capture=0.000 score=0.000 pol=-0.0009 val=0.0194 ent=1.5600 tot=-0.0056 agnorm=0.040 cgnorm=0.130 kl=0.0027 clipf=0.012 ev=+0.788 r0=1.0000 entcoef=9.25e-03 lr=6.4e-04 seed=0
iter=  53 step= 172800 ep_ret=-862.349 opt_ret=-862.349 step_rew=-8.6235 opt_step=-8.6235 gap0=862.349 dret=-53.313 eval_ret=n/a pursuer_target_distance=3.931 capture=0.000 score=0.000 pol=-0.0005 val=0.0134 ent=1.5549 tot=-0.0081 agnorm=0.031 cgnorm=0.124 kl=0.0013 clipf=0.006 ev=+0.926 r0=1.0000 entcoef=9.24e-03 lr=6.4e-04 seed=0
iter=  54 step= 176000 ep_ret=-813.039 opt_ret=-813.039 step_rew=-8.1304 opt_step=-8.1304 gap0=813.039 dret=-4.003 eval_ret=n/a pursuer_target_distance=4.228 capture=0.000 score=0.000 pol=-0.0004 val=0.0240 ent=1.5572 tot=-0.0028 agnorm=0.034 cgnorm=0.150 kl=0.0008 clipf=0.000 ev=+0.767 r0=1.0000 entcoef=9.22e-03 lr=6.4e-04 seed=0
iter=  55 step= 179200 ep_ret=-819.372 opt_ret=-819.372 step_rew=-8.1937 opt_step=-8.1937 gap0=819.372 dret=-10.337 eval_ret=n/a pursuer_target_distance=4.231 capture=0.000 score=0.000 pol=-0.0003 val=0.0110 ent=1.5553 tot=-0.0091 agnorm=0.023 cgnorm=0.109 kl=0.0011 clipf=0.003 ev=+0.905 r0=1.0000 entcoef=9.21e-03 lr=6.4e-04 seed=0
iter=  56 step= 182400 ep_ret=-779.050 opt_ret=-779.050 step_rew=-7.7905 opt_step=-7.7905 gap0=779.050 dret=+29.986 eval_ret=n/a pursuer_target_distance=3.715 capture=0.000 score=0.000 pol=-0.0008 val=0.0147 ent=1.5508 tot=-0.0077 agnorm=0.051 cgnorm=0.124 kl=0.0021 clipf=0.018 ev=+0.848 r0=1.0000 entcoef=9.19e-03 lr=6.4e-04 seed=0
iter=  57 step= 185600 ep_ret=-861.638 opt_ret=-861.638 step_rew=-8.6164 opt_step=-8.6164 gap0=861.638 dret=-52.602 eval_ret=n/a pursuer_target_distance=4.195 capture=0.000 score=0.000 pol=-0.0004 val=0.0132 ent=1.5440 tot=-0.0080 agnorm=0.022 cgnorm=0.111 kl=0.0015 clipf=0.000 ev=+0.899 r0=1.0000 entcoef=9.18e-03 lr=6.4e-04 seed=0
iter=  58 step= 188800 ep_ret=-842.788 opt_ret=-842.788 step_rew=-8.4279 opt_step=-8.4279 gap0=842.788 dret=-33.752 eval_ret=n/a pursuer_target_distance=4.323 capture=0.000 score=0.000 pol=-0.0004 val=0.0149 ent=1.5377 tot=-0.0070 agnorm=0.028 cgnorm=0.116 kl=0.0011 clipf=0.002 ev=+0.856 r0=1.0000 entcoef=9.16e-03 lr=6.4e-04 seed=0
iter=  59 step= 192000 ep_ret=-769.140 opt_ret=-769.140 step_rew=-7.6914 opt_step=-7.6914 gap0=769.140 dret=+39.896 eval_ret=n/a pursuer_target_distance=3.843 capture=0.000 score=0.000 pol=-0.0003 val=0.0150 ent=1.5450 tot=-0.0070 agnorm=0.023 cgnorm=0.112 kl=0.0013 clipf=0.001 ev=+0.789 r0=1.0000 entcoef=9.15e-03 lr=6.3e-04 seed=0
iter=  60 step= 195200 ep_ret=-903.522 opt_ret=-903.522 step_rew=-9.0352 opt_step=-9.0352 gap0=903.522 dret=-94.486 eval_ret=-827.331 pursuer_target_distance=4.614 capture=0.000 score=0.000 pol=-0.0006 val=0.0133 ent=1.5269 tot=-0.0079 agnorm=0.020 cgnorm=0.121 kl=0.0011 clipf=0.002 ev=+0.815 r0=1.0000 entcoef=9.13e-03 lr=6.3e-04 seed=0
iter=  61 step= 198400 ep_ret=-802.028 opt_ret=-802.028 step_rew=-8.0203 opt_step=-8.0203 gap0=802.028 dret=+7.008 eval_ret=n/a pursuer_target_distance=4.053 capture=0.000 score=0.000 pol=-0.0005 val=0.0082 ent=1.5152 tot=-0.0101 agnorm=0.026 cgnorm=0.088 kl=0.0004 clipf=0.000 ev=+0.928 r0=1.0000 entcoef=9.12e-03 lr=6.3e-04 seed=0
iter=  62 step= 201600 ep_ret=-814.445 opt_ret=-814.445 step_rew=-8.1444 opt_step=-8.1444 gap0=814.445 dret=-5.409 eval_ret=n/a pursuer_target_distance=3.815 capture=0.000 score=0.000 pol=-0.0004 val=0.0164 ent=1.5418 tot=-0.0063 agnorm=0.033 cgnorm=0.112 kl=0.0023 clipf=0.013 ev=+0.812 r0=1.0000 entcoef=9.11e-03 lr=6.3e-04 seed=0
iter=  63 step= 204800 ep_ret=-812.618 opt_ret=-812.618 step_rew=-8.1262 opt_step=-8.1262 gap0=812.618 dret=-3.582 eval_ret=n/a pursuer_target_distance=4.443 capture=0.000 score=0.000 pol=-0.0008 val=0.0155 ent=1.5480 tot=-0.0072 agnorm=0.029 cgnorm=0.106 kl=0.0018 clipf=0.008 ev=+0.753 r0=1.0000 entcoef=9.09e-03 lr=6.3e-04 seed=0
iter=  64 step= 208000 ep_ret=-837.964 opt_ret=-837.964 step_rew=-8.3796 opt_step=-8.3796 gap0=837.964 dret=-28.928 eval_ret=n/a pursuer_target_distance=4.469 capture=0.000 score=0.000 pol=-0.0003 val=0.0173 ent=1.5395 tot=-0.0056 agnorm=0.021 cgnorm=0.116 kl=0.0006 clipf=0.003 ev=+0.795 r0=1.0000 entcoef=9.08e-03 lr=6.3e-04 seed=0
iter=  65 step= 211200 ep_ret=-819.232 opt_ret=-819.232 step_rew=-8.1923 opt_step=-8.1923 gap0=819.232 dret=-10.196 eval_ret=n/a pursuer_target_distance=4.021 capture=0.000 score=0.000 pol=-0.0007 val=0.0198 ent=1.5467 tot=-0.0049 agnorm=0.030 cgnorm=0.133 kl=0.0018 clipf=0.008 ev=+0.788 r0=1.0000 entcoef=9.06e-03 lr=6.3e-04 seed=0
iter=  66 step= 214400 ep_ret=-840.745 opt_ret=-840.745 step_rew=-8.4074 opt_step=-8.4074 gap0=840.745 dret=-31.709 eval_ret=n/a pursuer_target_distance=4.064 capture=0.000 score=0.000 pol=-0.0004 val=0.0155 ent=1.5538 tot=-0.0067 agnorm=0.022 cgnorm=0.114 kl=0.0008 clipf=0.001 ev=+0.746 r0=1.0000 entcoef=9.05e-03 lr=6.3e-04 seed=0
iter=  67 step= 217600 ep_ret=-862.444 opt_ret=-862.444 step_rew=-8.6244 opt_step=-8.6244 gap0=862.444 dret=-53.408 eval_ret=n/a pursuer_target_distance=4.736 capture=0.000 score=0.000 pol=-0.0007 val=0.0086 ent=1.5552 tot=-0.0105 agnorm=0.035 cgnorm=0.087 kl=0.0014 clipf=0.004 ev=+0.875 r0=1.0000 entcoef=9.03e-03 lr=6.3e-04 seed=0
iter=  68 step= 220800 ep_ret=-941.739 opt_ret=-941.739 step_rew=-9.4174 opt_step=-9.4174 gap0=941.739 dret=-132.703 eval_ret=n/a pursuer_target_distance=4.837 capture=0.000 score=0.000 pol=-0.0012 val=0.0182 ent=1.5633 tot=-0.0061 agnorm=0.051 cgnorm=0.121 kl=0.0037 clipf=0.022 ev=+0.734 r0=1.0000 entcoef=9.02e-03 lr=6.2e-04 seed=0
iter=  69 step= 224000 ep_ret=-805.847 opt_ret=-805.847 step_rew=-8.0585 opt_step=-8.0585 gap0=805.847 dret=+3.189 eval_ret=n/a pursuer_target_distance=4.281 capture=0.000 score=0.000 pol=-0.0003 val=0.0128 ent=1.5706 tot=-0.0080 agnorm=0.020 cgnorm=0.100 kl=0.0011 clipf=0.000 ev=+0.802 r0=1.0000 entcoef=9.00e-03 lr=6.2e-04 seed=0
iter=  70 step= 227200 ep_ret=-855.586 opt_ret=-855.586 step_rew=-8.5559 opt_step=-8.5559 gap0=855.586 dret=-46.550 eval_ret=n/a pursuer_target_distance=4.520 capture=0.000 score=0.000 pol=-0.0009 val=0.0156 ent=1.5701 tot=-0.0072 agnorm=0.058 cgnorm=0.111 kl=0.0023 clipf=0.028 ev=+0.811 r0=1.0000 entcoef=8.99e-03 lr=6.2e-04 seed=0
iter=  71 step= 230400 ep_ret=-874.820 opt_ret=-874.820 step_rew=-8.7482 opt_step=-8.7482 gap0=874.820 dret=-65.784 eval_ret=n/a pursuer_target_distance=4.752 capture=0.000 score=0.000 pol=-0.0006 val=0.0134 ent=1.5670 tot=-0.0080 agnorm=0.030 cgnorm=0.104 kl=0.0018 clipf=0.010 ev=+0.825 r0=1.0000 entcoef=8.98e-03 lr=6.2e-04 seed=0
iter=  72 step= 233600 ep_ret=-777.035 opt_ret=-777.035 step_rew=-7.7703 opt_step=-7.7703 gap0=777.035 dret=+32.001 eval_ret=n/a pursuer_target_distance=4.033 capture=0.000 score=0.000 pol=-0.0006 val=0.0085 ent=1.5587 tot=-0.0103 agnorm=0.025 cgnorm=0.081 kl=0.0011 clipf=0.000 ev=+0.891 r0=1.0000 entcoef=8.96e-03 lr=6.2e-04 seed=0
iter=  73 step= 236800 ep_ret=-808.619 opt_ret=-808.619 step_rew=-8.0862 opt_step=-8.0862 gap0=808.619 dret=+0.417 eval_ret=n/a pursuer_target_distance=4.152 capture=0.000 score=0.000 pol=-0.0004 val=0.0118 ent=1.5476 tot=-0.0084 agnorm=0.032 cgnorm=0.091 kl=0.0007 clipf=0.000 ev=+0.849 r0=1.0000 entcoef=8.95e-03 lr=6.2e-04 seed=0
iter=  74 step= 240000 ep_ret=-813.167 opt_ret=-813.167 step_rew=-8.1317 opt_step=-8.1317 gap0=813.167 dret=-4.131 eval_ret=n/a pursuer_target_distance=4.250 capture=0.000 score=0.000 pol=-0.0002 val=0.0098 ent=1.5498 tot=-0.0091 agnorm=0.017 cgnorm=0.088 kl=0.0010 clipf=0.000 ev=+0.862 r0=1.0000 entcoef=8.93e-03 lr=6.2e-04 seed=0
iter=  75 step= 243200 ep_ret=-831.597 opt_ret=-831.597 step_rew=-8.3160 opt_step=-8.3160 gap0=831.597 dret=-22.561 eval_ret=n/a pursuer_target_distance=4.375 capture=0.000 score=0.000 pol=-0.0005 val=0.0112 ent=1.5453 tot=-0.0087 agnorm=0.025 cgnorm=0.092 kl=0.0008 clipf=0.004 ev=+0.833 r0=1.0000 entcoef=8.92e-03 lr=6.2e-04 seed=0
iter=  76 step= 246400 ep_ret=-789.339 opt_ret=-789.339 step_rew=-7.8934 opt_step=-7.8934 gap0=789.339 dret=+19.697 eval_ret=n/a pursuer_target_distance=3.898 capture=0.000 score=0.000 pol=-0.0004 val=0.0131 ent=1.5507 tot=-0.0077 agnorm=0.024 cgnorm=0.094 kl=0.0006 clipf=0.000 ev=+0.846 r0=1.0000 entcoef=8.90e-03 lr=6.2e-04 seed=0
iter=  77 step= 249600 ep_ret=-834.560 opt_ret=-834.560 step_rew=-8.3456 opt_step=-8.3456 gap0=834.560 dret=-25.524 eval_ret=n/a pursuer_target_distance=4.293 capture=0.000 score=0.000 pol=-0.0005 val=0.0124 ent=1.5657 tot=-0.0082 agnorm=0.026 cgnorm=0.090 kl=0.0010 clipf=0.000 ev=+0.769 r0=1.0000 entcoef=8.89e-03 lr=6.1e-04 seed=0
iter=  78 step= 252800 ep_ret=-902.309 opt_ret=-902.309 step_rew=-9.0231 opt_step=-9.0231 gap0=902.309 dret=-93.273 eval_ret=n/a pursuer_target_distance=4.909 capture=0.000 score=0.000 pol=-0.0006 val=0.0135 ent=1.5672 tot=-0.0078 agnorm=0.020 cgnorm=0.100 kl=0.0015 clipf=0.000 ev=+0.781 r0=1.0000 entcoef=8.88e-03 lr=6.1e-04 seed=0
iter=  79 step= 256000 ep_ret=-849.810 opt_ret=-849.810 step_rew=-8.4981 opt_step=-8.4981 gap0=849.810 dret=-40.774 eval_ret=n/a pursuer_target_distance=4.386 capture=0.000 score=0.000 pol=-0.0006 val=0.0169 ent=1.5574 tot=-0.0059 agnorm=0.026 cgnorm=0.102 kl=0.0015 clipf=0.006 ev=+0.744 r0=1.0000 entcoef=8.86e-03 lr=6.1e-04 seed=0
iter=  80 step= 259200 ep_ret=-941.130 opt_ret=-941.130 step_rew=-9.4113 opt_step=-9.4113 gap0=941.130 dret=-132.094 eval_ret=-780.997 pursuer_target_distance=4.540 capture=0.000 score=0.000 pol=-0.0007 val=0.0092 ent=1.5724 tot=-0.0100 agnorm=0.036 cgnorm=0.073 kl=0.0022 clipf=0.008 ev=+0.855 r0=1.0000 entcoef=8.85e-03 lr=6.1e-04 seed=0
iter=  81 step= 262400 ep_ret=-796.767 opt_ret=-796.767 step_rew=-7.9677 opt_step=-7.9677 gap0=796.767 dret=+12.269 eval_ret=n/a pursuer_target_distance=3.937 capture=0.000 score=0.000 pol=-0.0010 val=0.0065 ent=1.5671 tot=-0.0116 agnorm=0.050 cgnorm=0.068 kl=0.0028 clipf=0.025 ev=+0.916 r0=1.0000 entcoef=8.83e-03 lr=6.1e-04 seed=0
iter=  82 step= 265600 ep_ret=-802.733 opt_ret=-802.733 step_rew=-8.0273 opt_step=-8.0273 gap0=802.733 dret=+6.303 eval_ret=n/a pursuer_target_distance=3.680 capture=0.000 score=0.000 pol=-0.0007 val=0.0107 ent=1.5604 tot=-0.0091 agnorm=0.041 cgnorm=0.083 kl=0.0018 clipf=0.016 ev=+0.818 r0=1.0000 entcoef=8.82e-03 lr=6.1e-04 seed=0
iter=  83 step= 268800 ep_ret=-766.310 opt_ret=-766.310 step_rew=-7.6631 opt_step=-7.6631 gap0=766.310 dret=+42.726 eval_ret=n/a pursuer_target_distance=4.091 capture=0.000 score=0.000 pol=-0.0004 val=0.0080 ent=1.5514 tot=-0.0100 agnorm=0.025 cgnorm=0.071 kl=0.0012 clipf=0.000 ev=+0.881 r0=1.0000 entcoef=8.80e-03 lr=6.1e-04 seed=0
iter=  84 step= 272000 ep_ret=-867.858 opt_ret=-867.858 step_rew=-8.6786 opt_step=-8.6786 gap0=867.858 dret=-58.822 eval_ret=n/a pursuer_target_distance=4.257 capture=0.000 score=0.000 pol=-0.0006 val=0.0127 ent=1.5390 tot=-0.0078 agnorm=0.027 cgnorm=0.083 kl=0.0012 clipf=0.000 ev=+0.816 r0=1.0000 entcoef=8.79e-03 lr=6.1e-04 seed=0
iter=  85 step= 275200 ep_ret=-824.097 opt_ret=-824.097 step_rew=-8.2410 opt_step=-8.2410 gap0=824.097 dret=-15.062 eval_ret=n/a pursuer_target_distance=4.195 capture=0.000 score=0.000 pol=-0.0001 val=0.0091 ent=1.5301 tot=-0.0090 agnorm=0.016 cgnorm=0.072 kl=0.0010 clipf=0.000 ev=+0.783 r0=1.0000 entcoef=8.77e-03 lr=6.1e-04 seed=0
iter=  86 step= 278400 ep_ret=-931.615 opt_ret=-931.615 step_rew=-9.3161 opt_step=-9.3161 gap0=931.615 dret=-122.579 eval_ret=n/a pursuer_target_distance=5.373 capture=0.000 score=0.000 pol=-0.0011 val=0.0131 ent=1.5150 tot=-0.0078 agnorm=0.032 cgnorm=0.085 kl=0.0014 clipf=0.004 ev=+0.752 r0=1.0000 entcoef=8.76e-03 lr=6.0e-04 seed=0
iter=  87 step= 281600 ep_ret=-768.041 opt_ret=-768.041 step_rew=-7.6804 opt_step=-7.6804 gap0=768.041 dret=+40.995 eval_ret=n/a pursuer_target_distance=3.976 capture=0.000 score=0.000 pol=-0.0010 val=0.0111 ent=1.4823 tot=-0.0084 agnorm=0.047 cgnorm=0.079 kl=0.0024 clipf=0.013 ev=+0.791 r0=1.0000 entcoef=8.75e-03 lr=6.0e-04 seed=0
iter=  88 step= 284800 ep_ret=-932.149 opt_ret=-932.149 step_rew=-9.3215 opt_step=-9.3215 gap0=932.149 dret=-123.113 eval_ret=n/a pursuer_target_distance=5.022 capture=0.000 score=0.000 pol=-0.0004 val=0.0114 ent=1.4830 tot=-0.0076 agnorm=0.021 cgnorm=0.078 kl=0.0018 clipf=0.004 ev=+0.769 r0=1.0000 entcoef=8.73e-03 lr=6.0e-04 seed=0
iter=  89 step= 288000 ep_ret=-847.649 opt_ret=-847.649 step_rew=-8.4765 opt_step=-8.4765 gap0=847.649 dret=-38.614 eval_ret=n/a pursuer_target_distance=4.682 capture=0.000 score=0.000 pol=-0.0011 val=0.0113 ent=1.4923 tot=-0.0084 agnorm=0.039 cgnorm=0.071 kl=0.0017 clipf=0.009 ev=+0.826 r0=1.0000 entcoef=8.72e-03 lr=6.0e-04 seed=0
iter=  90 step= 291200 ep_ret=-750.290 opt_ret=-750.290 step_rew=-7.5029 opt_step=-7.5029 gap0=750.290 dret=+58.746 eval_ret=n/a pursuer_target_distance=3.575 capture=0.000 score=0.000 pol=-0.0008 val=0.0103 ent=1.5265 tot=-0.0089 agnorm=0.048 cgnorm=0.075 kl=0.0023 clipf=0.013 ev=+0.834 r0=1.0000 entcoef=8.70e-03 lr=6.0e-04 seed=0
iter=  91 step= 294400 ep_ret=-809.008 opt_ret=-809.008 step_rew=-8.0901 opt_step=-8.0901 gap0=809.008 dret=+0.028 eval_ret=n/a pursuer_target_distance=4.108 capture=0.000 score=0.000 pol=-0.0008 val=0.0104 ent=1.5186 tot=-0.0088 agnorm=0.043 cgnorm=0.074 kl=0.0021 clipf=0.022 ev=+0.801 r0=1.0000 entcoef=8.69e-03 lr=6.0e-04 seed=0
iter=  92 step= 297600 ep_ret=-875.895 opt_ret=-875.895 step_rew=-8.7589 opt_step=-8.7589 gap0=875.895 dret=-66.859 eval_ret=n/a pursuer_target_distance=3.766 capture=0.000 score=0.000 pol=-0.0009 val=0.0149 ent=1.5464 tot=-0.0069 agnorm=0.059 cgnorm=0.087 kl=0.0025 clipf=0.026 ev=+0.624 r0=1.0000 entcoef=8.67e-03 lr=6.0e-04 seed=0
iter=  93 step= 300800 ep_ret=-850.277 opt_ret=-850.277 step_rew=-8.5028 opt_step=-8.5028 gap0=850.277 dret=-41.241 eval_ret=n/a pursuer_target_distance=4.341 capture=0.000 score=0.000 pol=-0.0007 val=0.0118 ent=1.5319 tot=-0.0081 agnorm=0.030 cgnorm=0.080 kl=0.0022 clipf=0.006 ev=+0.758 r0=1.0000 entcoef=8.66e-03 lr=6.0e-04 seed=0
iter=  94 step= 304000 ep_ret=-814.325 opt_ret=-814.325 step_rew=-8.1432 opt_step=-8.1432 gap0=814.325 dret=-5.289 eval_ret=n/a pursuer_target_distance=3.697 capture=0.000 score=0.000 pol=-0.0010 val=0.0103 ent=1.5151 tot=-0.0089 agnorm=0.037 cgnorm=0.073 kl=0.0021 clipf=0.016 ev=+0.835 r0=1.0000 entcoef=8.64e-03 lr=6.0e-04 seed=0
iter=  95 step= 307200 ep_ret=-784.530 opt_ret=-784.530 step_rew=-7.8453 opt_step=-7.8453 gap0=784.530 dret=+24.506 eval_ret=n/a pursuer_target_distance=4.067 capture=0.000 score=0.000 pol=-0.0009 val=0.0104 ent=1.5136 tot=-0.0088 agnorm=0.032 cgnorm=0.069 kl=0.0023 clipf=0.010 ev=+0.758 r0=1.0000 entcoef=8.63e-03 lr=5.9e-04 seed=0
iter=  96 step= 310400 ep_ret=-786.585 opt_ret=-786.585 step_rew=-7.8659 opt_step=-7.8659 gap0=786.585 dret=+22.451 eval_ret=n/a pursuer_target_distance=4.140 capture=0.000 score=0.000 pol=-0.0008 val=0.0105 ent=1.5056 tot=-0.0085 agnorm=0.041 cgnorm=0.069 kl=0.0026 clipf=0.014 ev=+0.828 r0=1.0000 entcoef=8.62e-03 lr=5.9e-04 seed=0
iter=  97 step= 313600 ep_ret=-871.935 opt_ret=-871.935 step_rew=-8.7194 opt_step=-8.7194 gap0=871.935 dret=-62.900 eval_ret=n/a pursuer_target_distance=5.059 capture=0.000 score=0.000 pol=-0.0005 val=0.0136 ent=1.4967 tot=-0.0066 agnorm=0.024 cgnorm=0.077 kl=0.0011 clipf=0.001 ev=+0.726 r0=1.0000 entcoef=8.60e-03 lr=5.9e-04 seed=0
iter=  98 step= 316800 ep_ret=-810.754 opt_ret=-810.754 step_rew=-8.1075 opt_step=-8.1075 gap0=810.754 dret=-1.718 eval_ret=n/a pursuer_target_distance=4.298 capture=0.000 score=0.000 pol=-0.0006 val=0.0085 ent=1.4906 tot=-0.0091 agnorm=0.031 cgnorm=0.054 kl=0.0013 clipf=0.001 ev=+0.820 r0=1.0000 entcoef=8.59e-03 lr=5.9e-04 seed=0
iter=  99 step= 320000 ep_ret=-772.457 opt_ret=-772.457 step_rew=-7.7246 opt_step=-7.7246 gap0=772.457 dret=+36.579 eval_ret=n/a pursuer_target_distance=4.014 capture=0.000 score=0.000 pol=-0.0005 val=0.0187 ent=1.4955 tot=-0.0039 agnorm=0.026 cgnorm=0.088 kl=0.0014 clipf=0.004 ev=+0.722 r0=1.0000 entcoef=8.57e-03 lr=5.9e-04 seed=0
iter= 100 step= 323200 ep_ret=-836.458 opt_ret=-836.458 step_rew=-8.3646 opt_step=-8.3646 gap0=836.458 dret=-27.422 eval_ret=-878.018 pursuer_target_distance=4.147 capture=0.000 score=0.000 pol=-0.0004 val=0.0121 ent=1.4902 tot=-0.0071 agnorm=0.025 cgnorm=0.070 kl=0.0008 clipf=0.001 ev=+0.788 r0=1.0000 entcoef=8.56e-03 lr=5.9e-04 seed=0
iter= 101 step= 326400 ep_ret=-814.825 opt_ret=-814.825 step_rew=-8.1482 opt_step=-8.1482 gap0=814.825 dret=-5.789 eval_ret=n/a pursuer_target_distance=3.573 capture=0.000 score=0.000 pol=-0.0004 val=0.0096 ent=1.5078 tot=-0.0084 agnorm=0.027 cgnorm=0.064 kl=0.0009 clipf=0.000 ev=+0.821 r0=1.0000 entcoef=8.54e-03 lr=5.9e-04 seed=0
iter= 102 step= 329600 ep_ret=-806.992 opt_ret=-806.992 step_rew=-8.0699 opt_step=-8.0699 gap0=806.992 dret=+2.044 eval_ret=n/a pursuer_target_distance=4.580 capture=0.000 score=0.000 pol=-0.0004 val=0.0106 ent=1.5148 tot=-0.0080 agnorm=0.029 cgnorm=0.068 kl=0.0012 clipf=0.005 ev=+0.767 r0=1.0000 entcoef=8.53e-03 lr=5.9e-04 seed=0
iter= 103 step= 332800 ep_ret=-848.170 opt_ret=-848.170 step_rew=-8.4817 opt_step=-8.4817 gap0=848.170 dret=-39.134 eval_ret=n/a pursuer_target_distance=3.806 capture=0.000 score=0.000 pol=-0.0003 val=0.0185 ent=1.5157 tot=-0.0039 agnorm=0.017 cgnorm=0.099 kl=0.0003 clipf=0.000 ev=+0.561 r0=1.0000 entcoef=8.51e-03 lr=5.9e-04 seed=0
iter= 104 step= 336000 ep_ret=-804.616 opt_ret=-804.616 step_rew=-8.0462 opt_step=-8.0462 gap0=804.616 dret=+4.420 eval_ret=n/a pursuer_target_distance=3.446 capture=0.000 score=0.000 pol=-0.0010 val=0.0111 ent=1.5145 tot=-0.0083 agnorm=0.034 cgnorm=0.067 kl=0.0015 clipf=0.006 ev=+0.801 r0=1.0000 entcoef=8.50e-03 lr=5.9e-04 seed=0
iter= 105 step= 339200 ep_ret=-825.771 opt_ret=-825.771 step_rew=-8.2577 opt_step=-8.2577 gap0=825.771 dret=-16.735 eval_ret=n/a pursuer_target_distance=4.417 capture=0.000 score=0.000 pol=-0.0004 val=0.0141 ent=1.5150 tot=-0.0062 agnorm=0.048 cgnorm=0.069 kl=0.0014 clipf=0.007 ev=+0.789 r0=1.0000 entcoef=8.49e-03 lr=5.8e-04 seed=0
iter= 106 step= 342400 ep_ret=-822.562 opt_ret=-822.562 step_rew=-8.2256 opt_step=-8.2256 gap0=822.562 dret=-13.526 eval_ret=n/a pursuer_target_distance=4.161 capture=0.000 score=0.000 pol=-0.0008 val=0.0111 ent=1.5199 tot=-0.0081 agnorm=0.036 cgnorm=0.068 kl=0.0012 clipf=0.005 ev=+0.692 r0=1.0000 entcoef=8.47e-03 lr=5.8e-04 seed=0
iter= 107 step= 345600 ep_ret=-808.990 opt_ret=-808.990 step_rew=-8.0899 opt_step=-8.0899 gap0=808.990 dret=+0.046 eval_ret=n/a pursuer_target_distance=4.156 capture=0.000 score=0.000 pol=-0.0005 val=0.0139 ent=1.5110 tot=-0.0063 agnorm=0.037 cgnorm=0.069 kl=0.0013 clipf=0.007 ev=+0.764 r0=1.0000 entcoef=8.46e-03 lr=5.8e-04 seed=0
iter= 108 step= 348800 ep_ret=-742.604 opt_ret=-742.604 step_rew=-7.4260 opt_step=-7.4260 gap0=742.604 dret=+66.432 eval_ret=n/a pursuer_target_distance=3.512 capture=0.000 score=0.000 pol=-0.0005 val=0.0115 ent=1.5134 tot=-0.0075 agnorm=0.030 cgnorm=0.058 kl=0.0012 clipf=0.002 ev=+0.817 r0=1.0000 entcoef=8.44e-03 lr=5.8e-04 seed=0
iter= 109 step= 352000 ep_ret=-809.556 opt_ret=-809.556 step_rew=-8.0956 opt_step=-8.0956 gap0=809.556 dret=-0.520 eval_ret=n/a pursuer_target_distance=3.528 capture=0.000 score=0.000 pol=-0.0002 val=0.0130 ent=1.5199 tot=-0.0065 agnorm=0.028 cgnorm=0.060 kl=0.0006 clipf=0.000 ev=+0.775 r0=1.0000 entcoef=8.43e-03 lr=5.8e-04 seed=0
iter= 110 step= 355200 ep_ret=-807.507 opt_ret=-807.507 step_rew=-8.0751 opt_step=-8.0751 gap0=807.507 dret=+1.529 eval_ret=n/a pursuer_target_distance=3.708 capture=0.000 score=0.000 pol=-0.0003 val=0.0080 ent=1.5200 tot=-0.0091 agnorm=0.022 cgnorm=0.051 kl=0.0007 clipf=0.000 ev=+0.856 r0=1.0000 entcoef=8.41e-03 lr=5.8e-04 seed=0
iter= 111 step= 358400 ep_ret=-850.205 opt_ret=-850.205 step_rew=-8.5021 opt_step=-8.5021 gap0=850.205 dret=-41.169 eval_ret=n/a pursuer_target_distance=4.879 capture=0.000 score=0.000 pol=-0.0005 val=0.0119 ent=1.5234 tot=-0.0074 agnorm=0.029 cgnorm=0.068 kl=0.0009 clipf=0.003 ev=+0.767 r0=1.0000 entcoef=8.40e-03 lr=5.8e-04 seed=0
iter= 112 step= 361600 ep_ret=-757.563 opt_ret=-757.563 step_rew=-7.5756 opt_step=-7.5756 gap0=757.563 dret=+51.472 eval_ret=n/a pursuer_target_distance=3.329 capture=0.000 score=0.000 pol=-0.0007 val=0.0136 ent=1.5419 tot=-0.0068 agnorm=0.047 cgnorm=0.073 kl=0.0016 clipf=0.011 ev=+0.750 r0=1.0000 entcoef=8.38e-03 lr=5.8e-04 seed=0
iter= 113 step= 364800 ep_ret=-784.054 opt_ret=-784.054 step_rew=-7.8405 opt_step=-7.8405 gap0=784.054 dret=+24.981 eval_ret=n/a pursuer_target_distance=4.726 capture=0.000 score=0.000 pol=-0.0003 val=0.0090 ent=1.5516 tot=-0.0088 agnorm=0.023 cgnorm=0.051 kl=0.0007 clipf=0.001 ev=+0.794 r0=1.0000 entcoef=8.37e-03 lr=5.8e-04 seed=0
iter= 114 step= 368000 ep_ret=-762.036 opt_ret=-762.036 step_rew=-7.6204 opt_step=-7.6204 gap0=762.036 dret=+47.000 eval_ret=n/a pursuer_target_distance=3.748 capture=0.000 score=0.000 pol=-0.0005 val=0.0117 ent=1.5446 tot=-0.0076 agnorm=0.026 cgnorm=0.060 kl=0.0004 clipf=0.001 ev=+0.783 r0=1.0000 entcoef=8.36e-03 lr=5.7e-04 seed=0
iter= 115 step= 371200 ep_ret=-948.700 opt_ret=-948.700 step_rew=-9.4870 opt_step=-9.4870 gap0=948.700 dret=-139.664 eval_ret=n/a pursuer_target_distance=5.287 capture=0.000 score=0.000 pol=-0.0006 val=0.0172 ent=1.5408 tot=-0.0048 agnorm=0.026 cgnorm=0.077 kl=0.0011 clipf=0.002 ev=+0.632 r0=1.0000 entcoef=8.34e-03 lr=5.7e-04 seed=0
iter= 116 step= 374400 ep_ret=-822.179 opt_ret=-822.179 step_rew=-8.2218 opt_step=-8.2218 gap0=822.179 dret=-13.143 eval_ret=n/a pursuer_target_distance=4.267 capture=0.000 score=0.000 pol=-0.0002 val=0.0170 ent=1.5667 tot=-0.0048 agnorm=0.022 cgnorm=0.068 kl=0.0010 clipf=0.005 ev=+0.628 r0=1.0000 entcoef=8.33e-03 lr=5.7e-04 seed=0
iter= 117 step= 377600 ep_ret=-859.972 opt_ret=-859.972 step_rew=-8.5997 opt_step=-8.5997 gap0=859.972 dret=-50.936 eval_ret=n/a pursuer_target_distance=3.963 capture=0.000 score=0.000 pol=-0.0007 val=0.0095 ent=1.5507 tot=-0.0089 agnorm=0.036 cgnorm=0.049 kl=0.0014 clipf=0.002 ev=+0.783 r0=1.0000 entcoef=8.31e-03 lr=5.7e-04 seed=0
iter= 118 step= 380800 ep_ret=-817.598 opt_ret=-817.598 step_rew=-8.1760 opt_step=-8.1760 gap0=817.598 dret=-8.562 eval_ret=n/a pursuer_target_distance=3.452 capture=0.000 score=0.000 pol=-0.0004 val=0.0123 ent=1.5478 tot=-0.0070 agnorm=0.025 cgnorm=0.066 kl=0.0012 clipf=0.001 ev=+0.725 r0=1.0000 entcoef=8.30e-03 lr=5.7e-04 seed=0
iter= 119 step= 384000 ep_ret=-802.202 opt_ret=-802.202 step_rew=-8.0220 opt_step=-8.0220 gap0=802.202 dret=+6.834 eval_ret=n/a pursuer_target_distance=3.898 capture=0.000 score=0.000 pol=-0.0006 val=0.0091 ent=1.5525 tot=-0.0089 agnorm=0.027 cgnorm=0.053 kl=0.0012 clipf=0.001 ev=+0.729 r0=1.0000 entcoef=8.28e-03 lr=5.7e-04 seed=0
iter= 120 step= 387200 ep_ret=-760.999 opt_ret=-760.999 step_rew=-7.6100 opt_step=-7.6100 gap0=760.999 dret=+48.037 eval_ret=-806.918 pursuer_target_distance=3.762 capture=0.000 score=0.000 pol=-0.0007 val=0.0115 ent=1.5515 tot=-0.0078 agnorm=0.039 cgnorm=0.059 kl=0.0011 clipf=0.001 ev=+0.780 r0=1.0000 entcoef=8.27e-03 lr=5.7e-04 seed=0
iter= 121 step= 390400 ep_ret=-809.504 opt_ret=-809.504 step_rew=-8.0950 opt_step=-8.0950 gap0=809.504 dret=-0.468 eval_ret=n/a pursuer_target_distance=4.182 capture=0.000 score=0.000 pol=-0.0004 val=0.0097 ent=1.5304 tot=-0.0082 agnorm=0.026 cgnorm=0.048 kl=0.0014 clipf=0.006 ev=+0.796 r0=1.0000 entcoef=8.25e-03 lr=5.7e-04 seed=0
iter= 122 step= 393600 ep_ret=-764.461 opt_ret=-764.461 step_rew=-7.6446 opt_step=-7.6446 gap0=764.461 dret=+44.575 eval_ret=n/a pursuer_target_distance=3.983 capture=0.000 score=0.000 pol=-0.0007 val=0.0151 ent=1.5288 tot=-0.0057 agnorm=0.041 cgnorm=0.060 kl=0.0017 clipf=0.009 ev=+0.666 r0=1.0000 entcoef=8.24e-03 lr=5.7e-04 seed=0
iter= 123 step= 396800 ep_ret=-825.950 opt_ret=-825.950 step_rew=-8.2595 opt_step=-8.2595 gap0=825.950 dret=-16.914 eval_ret=n/a pursuer_target_distance=4.524 capture=0.000 score=0.000 pol=-0.0005 val=0.0147 ent=1.5438 tot=-0.0058 agnorm=0.027 cgnorm=0.067 kl=0.0007 clipf=0.000 ev=+0.611 r0=1.0000 entcoef=8.23e-03 lr=5.6e-04 seed=0
iter= 124 step= 400000 ep_ret=-897.107 opt_ret=-897.107 step_rew=-8.9711 opt_step=-8.9711 gap0=897.107 dret=-88.072 eval_ret=n/a pursuer_target_distance=4.150 capture=0.000 score=0.000 pol=-0.0006 val=0.0191 ent=1.5419 tot=-0.0037 agnorm=0.024 cgnorm=0.068 kl=0.0016 clipf=0.000 ev=+0.620 r0=1.0000 entcoef=8.21e-03 lr=5.6e-04 seed=0
iter= 125 step= 403200 ep_ret=-864.723 opt_ret=-864.723 step_rew=-8.6472 opt_step=-8.6472 gap0=864.723 dret=-55.687 eval_ret=n/a pursuer_target_distance=4.623 capture=0.000 score=0.000 pol=-0.0005 val=0.0109 ent=1.5212 tot=-0.0075 agnorm=0.022 cgnorm=0.051 kl=0.0010 clipf=0.001 ev=+0.675 r0=1.0000 entcoef=8.20e-03 lr=5.6e-04 seed=0
iter= 126 step= 406400 ep_ret=-758.763 opt_ret=-758.763 step_rew=-7.5876 opt_step=-7.5876 gap0=758.763 dret=+50.273 eval_ret=n/a pursuer_target_distance=3.498 capture=0.000 score=0.000 pol=-0.0004 val=0.0163 ent=1.5277 tot=-0.0047 agnorm=0.022 cgnorm=0.064 kl=0.0009 clipf=0.001 ev=+0.612 r0=1.0000 entcoef=8.18e-03 lr=5.6e-04 seed=0
iter= 127 step= 409600 ep_ret=-889.093 opt_ret=-889.093 step_rew=-8.8909 opt_step=-8.8909 gap0=889.093 dret=-80.057 eval_ret=n/a pursuer_target_distance=4.614 capture=0.000 score=0.000 pol=-0.0004 val=0.0147 ent=1.5352 tot=-0.0056 agnorm=0.028 cgnorm=0.067 kl=0.0007 clipf=0.003 ev=+0.620 r0=1.0000 entcoef=8.17e-03 lr=5.6e-04 seed=0
iter= 128 step= 412800 ep_ret=-766.727 opt_ret=-766.727 step_rew=-7.6673 opt_step=-7.6673 gap0=766.727 dret=+42.309 eval_ret=n/a pursuer_target_distance=4.519 capture=0.000 score=0.000 pol=-0.0008 val=0.0150 ent=1.5253 tot=-0.0057 agnorm=0.027 cgnorm=0.055 kl=0.0013 clipf=0.000 ev=+0.668 r0=1.0000 entcoef=8.15e-03 lr=5.6e-04 seed=0
iter= 129 step= 416000 ep_ret=-870.772 opt_ret=-870.772 step_rew=-8.7077 opt_step=-8.7077 gap0=870.772 dret=-61.736 eval_ret=n/a pursuer_target_distance=3.925 capture=0.000 score=0.000 pol=-0.0006 val=0.0127 ent=1.5136 tot=-0.0066 agnorm=0.036 cgnorm=0.058 kl=0.0009 clipf=0.000 ev=+0.747 r0=1.0000 entcoef=8.14e-03 lr=5.6e-04 seed=0
iter= 130 step= 419200 ep_ret=-953.818 opt_ret=-953.818 step_rew=-9.5382 opt_step=-9.5382 gap0=953.818 dret=-144.782 eval_ret=n/a pursuer_target_distance=4.944 capture=0.000 score=0.000 pol=-0.0004 val=0.0170 ent=1.5256 tot=-0.0043 agnorm=0.040 cgnorm=0.059 kl=0.0009 clipf=0.002 ev=+0.714 r0=1.0000 entcoef=8.13e-03 lr=5.6e-04 seed=0
iter= 131 step= 422400 ep_ret=-776.128 opt_ret=-776.128 step_rew=-7.7613 opt_step=-7.7613 gap0=776.128 dret=+32.908 eval_ret=n/a pursuer_target_distance=3.324 capture=0.000 score=0.000 pol=-0.0010 val=0.0101 ent=1.5178 tot=-0.0083 agnorm=0.053 cgnorm=0.044 kl=0.0029 clipf=0.019 ev=+0.751 r0=1.0000 entcoef=8.11e-03 lr=5.6e-04 seed=0
iter= 132 step= 425600 ep_ret=-811.388 opt_ret=-811.388 step_rew=-8.1139 opt_step=-8.1139 gap0=811.388 dret=-2.352 eval_ret=n/a pursuer_target_distance=4.381 capture=0.000 score=0.000 pol=-0.0008 val=0.0117 ent=1.4945 tot=-0.0070 agnorm=0.040 cgnorm=0.055 kl=0.0019 clipf=0.012 ev=+0.782 r0=1.0000 entcoef=8.10e-03 lr=5.5e-04 seed=0
iter= 133 step= 428800 ep_ret=-856.555 opt_ret=-856.555 step_rew=-8.5655 opt_step=-8.5655 gap0=856.555 dret=-47.519 eval_ret=n/a pursuer_target_distance=4.555 capture=0.000 score=0.000 pol=-0.0005 val=0.0177 ent=1.4924 tot=-0.0037 agnorm=0.028 cgnorm=0.064 kl=0.0007 clipf=0.002 ev=+0.592 r0=1.0000 entcoef=8.08e-03 lr=5.5e-04 seed=0
iter= 134 step= 432000 ep_ret=-830.303 opt_ret=-830.303 step_rew=-8.3030 opt_step=-8.3030 gap0=830.303 dret=-21.267 eval_ret=n/a pursuer_target_distance=4.601 capture=0.000 score=0.000 pol=-0.0009 val=0.0184 ent=1.5148 tot=-0.0040 agnorm=0.062 cgnorm=0.066 kl=0.0027 clipf=0.031 ev=+0.666 r0=1.0000 entcoef=8.07e-03 lr=5.5e-04 seed=0
iter= 135 step= 435200 ep_ret=-847.088 opt_ret=-847.088 step_rew=-8.4709 opt_step=-8.4709 gap0=847.088 dret=-38.052 eval_ret=n/a pursuer_target_distance=4.384 capture=0.000 score=0.000 pol=-0.0008 val=0.0094 ent=1.5350 tot=-0.0085 agnorm=0.036 cgnorm=0.050 kl=0.0015 clipf=0.001 ev=+0.741 r0=1.0000 entcoef=8.05e-03 lr=5.5e-04 seed=0
iter= 136 step= 438400 ep_ret=-891.977 opt_ret=-891.977 step_rew=-8.9198 opt_step=-8.9198 gap0=891.977 dret=-82.941 eval_ret=n/a pursuer_target_distance=4.751 capture=0.000 score=0.000 pol=-0.0008 val=0.0168 ent=1.5396 tot=-0.0048 agnorm=0.028 cgnorm=0.060 kl=0.0018 clipf=0.002 ev=+0.617 r0=1.0000 entcoef=8.04e-03 lr=5.5e-04 seed=0
iter= 137 step= 441600 ep_ret=-842.280 opt_ret=-842.280 step_rew=-8.4228 opt_step=-8.4228 gap0=842.280 dret=-33.244 eval_ret=n/a pursuer_target_distance=4.948 capture=0.000 score=0.000 pol=-0.0004 val=0.0153 ent=1.5372 tot=-0.0050 agnorm=0.024 cgnorm=0.060 kl=0.0006 clipf=0.000 ev=+0.682 r0=1.0000 entcoef=8.02e-03 lr=5.5e-04 seed=0
iter= 138 step= 444800 ep_ret=-832.567 opt_ret=-832.567 step_rew=-8.3257 opt_step=-8.3257 gap0=832.567 dret=-23.531 eval_ret=n/a pursuer_target_distance=4.510 capture=0.000 score=0.000 pol=-0.0005 val=0.0122 ent=1.5475 tot=-0.0068 agnorm=0.031 cgnorm=0.052 kl=0.0012 clipf=0.006 ev=+0.690 r0=1.0000 entcoef=8.01e-03 lr=5.5e-04 seed=0
iter= 139 step= 448000 ep_ret=-751.570 opt_ret=-751.570 step_rew=-7.5157 opt_step=-7.5157 gap0=751.570 dret=+57.466 eval_ret=n/a pursuer_target_distance=3.726 capture=0.000 score=0.000 pol=-0.0006 val=0.0111 ent=1.5645 tot=-0.0075 agnorm=0.029 cgnorm=0.049 kl=0.0010 clipf=0.002 ev=+0.775 r0=1.0000 entcoef=8.00e-03 lr=5.5e-04 seed=0
iter= 140 step= 451200 ep_ret=-808.191 opt_ret=-808.191 step_rew=-8.0819 opt_step=-8.0819 gap0=808.191 dret=+0.845 eval_ret=-820.385 pursuer_target_distance=4.273 capture=0.000 score=0.000 pol=-0.0010 val=0.0106 ent=1.5807 tot=-0.0083 agnorm=0.057 cgnorm=0.048 kl=0.0025 clipf=0.018 ev=+0.743 r0=1.0000 entcoef=7.98e-03 lr=5.5e-04 seed=0
iter= 141 step= 454400 ep_ret=-840.746 opt_ret=-840.746 step_rew=-8.4075 opt_step=-8.4075 gap0=840.746 dret=-31.710 eval_ret=n/a pursuer_target_distance=4.372 capture=0.000 score=0.000 pol=-0.0002 val=0.0142 ent=1.5819 tot=-0.0058 agnorm=0.021 cgnorm=0.059 kl=0.0007 clipf=0.000 ev=+0.736 r0=1.0000 entcoef=7.97e-03 lr=5.4e-04 seed=0
iter= 142 step= 457600 ep_ret=-842.266 opt_ret=-842.266 step_rew=-8.4227 opt_step=-8.4227 gap0=842.266 dret=-33.230 eval_ret=n/a pursuer_target_distance=4.726 capture=0.000 score=0.000 pol=-0.0009 val=0.0116 ent=1.5818 tot=-0.0076 agnorm=0.042 cgnorm=0.053 kl=0.0014 clipf=0.009 ev=+0.794 r0=1.0000 entcoef=7.95e-03 lr=5.4e-04 seed=0
iter= 143 step= 460800 ep_ret=-858.621 opt_ret=-858.621 step_rew=-8.5862 opt_step=-8.5862 gap0=858.621 dret=-49.585 eval_ret=n/a pursuer_target_distance=4.159 capture=0.000 score=0.000 pol=-0.0005 val=0.0180 ent=1.5818 tot=-0.0041 agnorm=0.027 cgnorm=0.054 kl=0.0010 clipf=0.000 ev=+0.644 r0=1.0000 entcoef=7.94e-03 lr=5.4e-04 seed=0
iter= 144 step= 464000 ep_ret=-805.497 opt_ret=-805.497 step_rew=-8.0550 opt_step=-8.0550 gap0=805.497 dret=+3.539 eval_ret=n/a pursuer_target_distance=3.613 capture=0.000 score=0.000 pol=-0.0007 val=0.0119 ent=1.5698 tot=-0.0072 agnorm=0.029 cgnorm=0.055 kl=0.0015 clipf=0.000 ev=+0.714 r0=1.0000 entcoef=7.92e-03 lr=5.4e-04 seed=0
iter= 145 step= 467200 ep_ret=-826.961 opt_ret=-826.961 step_rew=-8.2696 opt_step=-8.2696 gap0=826.961 dret=-17.925 eval_ret=n/a pursuer_target_distance=4.398 capture=0.000 score=0.000 pol=-0.0006 val=0.0105 ent=1.5543 tot=-0.0076 agnorm=0.018 cgnorm=0.050 kl=0.0014 clipf=0.002 ev=+0.762 r0=1.0000 entcoef=7.91e-03 lr=5.4e-04 seed=0
iter= 146 step= 470400 ep_ret=-822.967 opt_ret=-822.967 step_rew=-8.2297 opt_step=-8.2297 gap0=822.967 dret=-13.931 eval_ret=n/a pursuer_target_distance=3.885 capture=0.000 score=0.000 pol=-0.0004 val=0.0151 ent=1.5418 tot=-0.0051 agnorm=0.025 cgnorm=0.054 kl=0.0005 clipf=0.000 ev=+0.690 r0=1.0000 entcoef=7.89e-03 lr=5.4e-04 seed=0
iter= 147 step= 473600 ep_ret=-749.802 opt_ret=-749.802 step_rew=-7.4980 opt_step=-7.4980 gap0=749.802 dret=+59.234 eval_ret=n/a pursuer_target_distance=3.534 capture=0.000 score=0.000 pol=-0.0007 val=0.0122 ent=1.5423 tot=-0.0067 agnorm=0.031 cgnorm=0.048 kl=0.0015 clipf=0.005 ev=+0.731 r0=1.0000 entcoef=7.88e-03 lr=5.4e-04 seed=0
iter= 148 step= 476800 ep_ret=-756.335 opt_ret=-756.335 step_rew=-7.5633 opt_step=-7.5633 gap0=756.335 dret=+52.701 eval_ret=n/a pursuer_target_distance=3.305 capture=0.000 score=0.000 pol=-0.0009 val=0.0105 ent=1.5427 tot=-0.0077 agnorm=0.041 cgnorm=0.053 kl=0.0018 clipf=0.007 ev=+0.800 r0=1.0000 entcoef=7.87e-03 lr=5.4e-04 seed=0
iter= 149 step= 480000 ep_ret=-747.455 opt_ret=-747.455 step_rew=-7.4746 opt_step=-7.4746 gap0=747.455 dret=+61.581 eval_ret=n/a pursuer_target_distance=3.676 capture=0.000 score=0.000 pol=-0.0009 val=0.0122 ent=1.5397 tot=-0.0069 agnorm=0.029 cgnorm=0.048 kl=0.0018 clipf=0.001 ev=+0.731 r0=1.0000 entcoef=7.85e-03 lr=5.4e-04 seed=0
iter= 150 step= 483200 ep_ret=-892.437 opt_ret=-892.437 step_rew=-8.9244 opt_step=-8.9244 gap0=892.437 dret=-83.402 eval_ret=n/a pursuer_target_distance=4.980 capture=0.000 score=0.000 pol=-0.0008 val=0.0130 ent=1.5375 tot=-0.0063 agnorm=0.030 cgnorm=0.047 kl=0.0019 clipf=0.009 ev=+0.690 r0=1.0000 entcoef=7.84e-03 lr=5.3e-04 seed=0
iter= 151 step= 486400 ep_ret=-849.573 opt_ret=-849.573 step_rew=-8.4957 opt_step=-8.4957 gap0=849.573 dret=-40.537 eval_ret=n/a pursuer_target_distance=4.328 capture=0.000 score=0.000 pol=-0.0007 val=0.0154 ent=1.5311 tot=-0.0050 agnorm=0.026 cgnorm=0.059 kl=0.0010 clipf=0.002 ev=+0.656 r0=1.0000 entcoef=7.82e-03 lr=5.3e-04 seed=0
iter= 152 step= 489600 ep_ret=-844.763 opt_ret=-844.763 step_rew=-8.4476 opt_step=-8.4476 gap0=844.763 dret=-35.727 eval_ret=n/a pursuer_target_distance=3.887 capture=0.000 score=0.000 pol=-0.0007 val=0.0106 ent=1.5384 tot=-0.0074 agnorm=0.029 cgnorm=0.044 kl=0.0017 clipf=0.005 ev=+0.686 r0=1.0000 entcoef=7.81e-03 lr=5.3e-04 seed=0
iter= 153 step= 492800 ep_ret=-848.442 opt_ret=-848.442 step_rew=-8.4844 opt_step=-8.4844 gap0=848.442 dret=-39.406 eval_ret=n/a pursuer_target_distance=3.919 capture=0.000 score=0.000 pol=-0.0005 val=0.0140 ent=1.5461 tot=-0.0055 agnorm=0.021 cgnorm=0.049 kl=0.0009 clipf=0.000 ev=+0.560 r0=1.0000 entcoef=7.79e-03 lr=5.3e-04 seed=0
iter= 154 step= 496000 ep_ret=-869.871 opt_ret=-869.871 step_rew=-8.6987 opt_step=-8.6987 gap0=869.871 dret=-60.835 eval_ret=n/a pursuer_target_distance=4.395 capture=0.000 score=0.000 pol=-0.0007 val=0.0195 ent=1.5562 tot=-0.0031 agnorm=0.032 cgnorm=0.062 kl=0.0012 clipf=0.000 ev=+0.637 r0=1.0000 entcoef=7.78e-03 lr=5.3e-04 seed=0
iter= 155 step= 499200 ep_ret=-845.433 opt_ret=-845.433 step_rew=-8.4543 opt_step=-8.4543 gap0=845.433 dret=-36.397 eval_ret=n/a pursuer_target_distance=4.236 capture=0.000 score=0.000 pol=-0.0005 val=0.0081 ent=1.5611 tot=-0.0085 agnorm=0.032 cgnorm=0.043 kl=0.0015 clipf=0.008 ev=+0.733 r0=1.0000 entcoef=7.76e-03 lr=5.3e-04 seed=0
iter= 156 step= 502400 ep_ret=-859.909 opt_ret=-859.909 step_rew=-8.5991 opt_step=-8.5991 gap0=859.909 dret=-50.873 eval_ret=n/a pursuer_target_distance=3.951 capture=0.000 score=0.000 pol=-0.0007 val=0.0217 ent=1.5578 tot=-0.0019 agnorm=0.028 cgnorm=0.072 kl=0.0008 clipf=0.000 ev=+0.443 r0=1.0000 entcoef=7.75e-03 lr=5.3e-04 seed=0
iter= 157 step= 505600 ep_ret=-884.169 opt_ret=-884.169 step_rew=-8.8417 opt_step=-8.8417 gap0=884.169 dret=-75.133 eval_ret=n/a pursuer_target_distance=3.842 capture=0.000 score=0.000 pol=-0.0004 val=0.0141 ent=1.5558 tot=-0.0053 agnorm=0.020 cgnorm=0.056 kl=0.0013 clipf=0.003 ev=+0.616 r0=1.0000 entcoef=7.74e-03 lr=5.3e-04 seed=0
iter= 158 step= 508800 ep_ret=-888.838 opt_ret=-888.838 step_rew=-8.8884 opt_step=-8.8884 gap0=888.838 dret=-79.802 eval_ret=n/a pursuer_target_distance=4.348 capture=0.000 score=0.000 pol=-0.0008 val=0.0180 ent=1.5524 tot=-0.0038 agnorm=0.029 cgnorm=0.054 kl=0.0016 clipf=0.003 ev=+0.645 r0=1.0000 entcoef=7.72e-03 lr=5.3e-04 seed=0
iter= 159 step= 512000 ep_ret=-910.149 opt_ret=-910.149 step_rew=-9.1015 opt_step=-9.1015 gap0=910.149 dret=-101.113 eval_ret=n/a pursuer_target_distance=4.634 capture=0.000 score=0.000 pol=-0.0004 val=0.0174 ent=1.5494 tot=-0.0037 agnorm=0.020 cgnorm=0.058 kl=0.0017 clipf=0.000 ev=+0.600 r0=1.0000 entcoef=7.71e-03 lr=5.2e-04 seed=0
iter= 160 step= 515200 ep_ret=-808.200 opt_ret=-808.200 step_rew=-8.0820 opt_step=-8.0820 gap0=808.200 dret=+0.836 eval_ret=-827.799 pursuer_target_distance=3.607 capture=0.000 score=0.000 pol=-0.0007 val=0.0145 ent=1.5375 tot=-0.0053 agnorm=0.038 cgnorm=0.056 kl=0.0019 clipf=0.009 ev=+0.670 r0=1.0000 entcoef=7.69e-03 lr=5.2e-04 seed=0
iter= 161 step= 518400 ep_ret=-960.358 opt_ret=-960.358 step_rew=-9.6036 opt_step=-9.6036 gap0=960.358 dret=-151.322 eval_ret=n/a pursuer_target_distance=5.375 capture=0.000 score=0.000 pol=-0.0006 val=0.0199 ent=1.5302 tot=-0.0024 agnorm=0.033 cgnorm=0.059 kl=0.0008 clipf=0.000 ev=+0.538 r0=1.0000 entcoef=7.68e-03 lr=5.2e-04 seed=0
iter= 162 step= 521600 ep_ret=-812.893 opt_ret=-812.893 step_rew=-8.1289 opt_step=-8.1289 gap0=812.893 dret=-3.857 eval_ret=n/a pursuer_target_distance=4.133 capture=0.000 score=0.000 pol=-0.0005 val=0.0194 ent=1.5133 tot=-0.0025 agnorm=0.034 cgnorm=0.056 kl=0.0013 clipf=0.004 ev=+0.511 r0=1.0000 entcoef=7.66e-03 lr=5.2e-04 seed=0
iter= 163 step= 524800 ep_ret=-865.480 opt_ret=-865.480 step_rew=-8.6548 opt_step=-8.6548 gap0=865.480 dret=-56.445 eval_ret=n/a pursuer_target_distance=4.173 capture=0.000 score=0.000 pol=-0.0006 val=0.0121 ent=1.5087 tot=-0.0061 agnorm=0.024 cgnorm=0.043 kl=0.0011 clipf=0.001 ev=+0.727 r0=1.0000 entcoef=7.65e-03 lr=5.2e-04 seed=0
iter= 164 step= 528000 ep_ret=-841.132 opt_ret=-841.132 step_rew=-8.4113 opt_step=-8.4113 gap0=841.132 dret=-32.096 eval_ret=n/a pursuer_target_distance=4.652 capture=0.000 score=0.000 pol=-0.0002 val=0.0178 ent=1.5089 tot=-0.0028 agnorm=0.020 cgnorm=0.055 kl=0.0006 clipf=0.000 ev=+0.576 r0=1.0000 entcoef=7.63e-03 lr=5.2e-04 seed=0
iter= 165 step= 531200 ep_ret=-858.383 opt_ret=-858.383 step_rew=-8.5838 opt_step=-8.5838 gap0=858.383 dret=-49.347 eval_ret=n/a pursuer_target_distance=4.203 capture=0.000 score=0.000 pol=-0.0005 val=0.0091 ent=1.4958 tot=-0.0074 agnorm=0.021 cgnorm=0.041 kl=0.0011 clipf=0.003 ev=+0.757 r0=1.0000 entcoef=7.62e-03 lr=5.2e-04 seed=0
iter= 166 step= 534400 ep_ret=-874.485 opt_ret=-874.485 step_rew=-8.7448 opt_step=-8.7448 gap0=874.485 dret=-65.449 eval_ret=n/a pursuer_target_distance=3.823 capture=0.000 score=0.000 pol=-0.0006 val=0.0138 ent=1.4890 tot=-0.0050 agnorm=0.028 cgnorm=0.049 kl=0.0007 clipf=0.001 ev=+0.758 r0=1.0000 entcoef=7.61e-03 lr=5.2e-04 seed=0
iter= 167 step= 537600 ep_ret=-848.981 opt_ret=-848.981 step_rew=-8.4898 opt_step=-8.4898 gap0=848.981 dret=-39.945 eval_ret=n/a pursuer_target_distance=4.009 capture=0.000 score=0.000 pol=-0.0006 val=0.0139 ent=1.5053 tot=-0.0051 agnorm=0.038 cgnorm=0.050 kl=0.0025 clipf=0.016 ev=+0.666 r0=1.0000 entcoef=7.59e-03 lr=5.2e-04 seed=0
iter= 168 step= 540800 ep_ret=-853.203 opt_ret=-853.203 step_rew=-8.5320 opt_step=-8.5320 gap0=853.203 dret=-44.167 eval_ret=n/a pursuer_target_distance=4.312 capture=0.000 score=0.000 pol=-0.0005 val=0.0149 ent=1.5088 tot=-0.0044 agnorm=0.033 cgnorm=0.053 kl=0.0013 clipf=0.004 ev=+0.690 r0=1.0000 entcoef=7.58e-03 lr=5.1e-04 seed=0
iter= 169 step= 544000 ep_ret=-822.378 opt_ret=-822.378 step_rew=-8.2238 opt_step=-8.2238 gap0=822.378 dret=-13.342 eval_ret=n/a pursuer_target_distance=4.237 capture=0.000 score=0.000 pol=-0.0010 val=0.0077 ent=1.5024 tot=-0.0085 agnorm=0.044 cgnorm=0.037 kl=0.0021 clipf=0.018 ev=+0.758 r0=1.0000 entcoef=7.56e-03 lr=5.1e-04 seed=0
iter= 170 step= 547200 ep_ret=-808.597 opt_ret=-808.597 step_rew=-8.0860 opt_step=-8.0860 gap0=808.597 dret=+0.439 eval_ret=n/a pursuer_target_distance=4.028 capture=0.000 score=0.000 pol=-0.0005 val=0.0116 ent=1.4972 tot=-0.0060 agnorm=0.032 cgnorm=0.045 kl=0.0016 clipf=0.007 ev=+0.579 r0=1.0000 entcoef=7.55e-03 lr=5.1e-04 seed=0
iter= 171 step= 550400 ep_ret=-898.354 opt_ret=-898.354 step_rew=-8.9835 opt_step=-8.9835 gap0=898.354 dret=-89.318 eval_ret=n/a pursuer_target_distance=4.724 capture=0.000 score=0.000 pol=-0.0005 val=0.0212 ent=1.4953 tot=-0.0012 agnorm=0.025 cgnorm=0.062 kl=0.0007 clipf=0.000 ev=+0.523 r0=1.0000 entcoef=7.53e-03 lr=5.1e-04 seed=0
iter= 172 step= 553600 ep_ret=-795.100 opt_ret=-795.100 step_rew=-7.9510 opt_step=-7.9510 gap0=795.100 dret=+13.936 eval_ret=n/a pursuer_target_distance=3.992 capture=0.000 score=0.000 pol=-0.0004 val=0.0189 ent=1.4892 tot=-0.0021 agnorm=0.018 cgnorm=0.055 kl=0.0008 clipf=0.000 ev=+0.488 r0=1.0000 entcoef=7.52e-03 lr=5.1e-04 seed=0
iter= 173 step= 556800 ep_ret=-879.206 opt_ret=-879.206 step_rew=-8.7921 opt_step=-8.7921 gap0=879.206 dret=-70.170 eval_ret=n/a pursuer_target_distance=4.558 capture=0.000 score=0.000 pol=-0.0009 val=0.0224 ent=1.4865 tot=-0.0008 agnorm=0.039 cgnorm=0.062 kl=0.0011 clipf=0.005 ev=+0.582 r0=1.0000 entcoef=7.50e-03 lr=5.1e-04 seed=0
iter= 174 step= 560000 ep_ret=-883.760 opt_ret=-883.760 step_rew=-8.8376 opt_step=-8.8376 gap0=883.760 dret=-74.724 eval_ret=n/a pursuer_target_distance=4.260 capture=0.000 score=0.000 pol=-0.0004 val=0.0172 ent=1.4993 tot=-0.0031 agnorm=0.030 cgnorm=0.056 kl=0.0007 clipf=0.000 ev=+0.710 r0=1.0000 entcoef=7.49e-03 lr=5.1e-04 seed=0
iter= 175 step= 563200 ep_ret=-837.574 opt_ret=-837.574 step_rew=-8.3757 opt_step=-8.3757 gap0=837.574 dret=-28.538 eval_ret=n/a pursuer_target_distance=3.856 capture=0.000 score=0.000 pol=-0.0003 val=0.0173 ent=1.5183 tot=-0.0030 agnorm=0.027 cgnorm=0.064 kl=0.0011 clipf=0.000 ev=+0.515 r0=1.0000 entcoef=7.48e-03 lr=5.1e-04 seed=0
iter= 176 step= 566400 ep_ret=-785.271 opt_ret=-785.271 step_rew=-7.8527 opt_step=-7.8527 gap0=785.271 dret=+23.765 eval_ret=n/a pursuer_target_distance=4.174 capture=0.000 score=0.000 pol=-0.0008 val=0.0100 ent=1.5350 tot=-0.0072 agnorm=0.043 cgnorm=0.046 kl=0.0023 clipf=0.012 ev=+0.770 r0=1.0000 entcoef=7.46e-03 lr=5.1e-04 seed=0
iter= 177 step= 569600 ep_ret=-802.809 opt_ret=-802.809 step_rew=-8.0281 opt_step=-8.0281 gap0=802.809 dret=+6.227 eval_ret=n/a pursuer_target_distance=3.785 capture=0.000 score=0.000 pol=-0.0007 val=0.0156 ent=1.5304 tot=-0.0043 agnorm=0.051 cgnorm=0.052 kl=0.0025 clipf=0.020 ev=+0.533 r0=1.0000 entcoef=7.45e-03 lr=5.0e-04 seed=0
iter= 178 step= 572800 ep_ret=-821.210 opt_ret=-821.210 step_rew=-8.2121 opt_step=-8.2121 gap0=821.210 dret=-12.174 eval_ret=n/a pursuer_target_distance=3.612 capture=0.000 score=0.000 pol=-0.0005 val=0.0099 ent=1.5255 tot=-0.0069 agnorm=0.029 cgnorm=0.045 kl=0.0008 clipf=0.000 ev=+0.765 r0=1.0000 entcoef=7.43e-03 lr=5.0e-04 seed=0
iter= 179 step= 576000 ep_ret=-808.394 opt_ret=-808.394 step_rew=-8.0839 opt_step=-8.0839 gap0=808.394 dret=+0.642 eval_ret=n/a pursuer_target_distance=4.264 capture=0.000 score=0.000 pol=-0.0006 val=0.0150 ent=1.5124 tot=-0.0043 agnorm=0.035 cgnorm=0.057 kl=0.0008 clipf=0.000 ev=+0.656 r0=1.0000 entcoef=7.42e-03 lr=5.0e-04 seed=0
iter= 180 step= 579200 ep_ret=-881.214 opt_ret=-881.214 step_rew=-8.8121 opt_step=-8.8121 gap0=881.214 dret=-72.178 eval_ret=-868.267 pursuer_target_distance=4.445 capture=0.000 score=0.000 pol=-0.0006 val=0.0194 ent=1.5308 tot=-0.0023 agnorm=0.041 cgnorm=0.060 kl=0.0017 clipf=0.008 ev=+0.586 r0=1.0000 entcoef=7.40e-03 lr=5.0e-04 seed=0
iter= 181 step= 582400 ep_ret=-841.682 opt_ret=-841.682 step_rew=-8.4168 opt_step=-8.4168 gap0=841.682 dret=-32.647 eval_ret=n/a pursuer_target_distance=4.021 capture=0.000 score=0.000 pol=-0.0009 val=0.0100 ent=1.5396 tot=-0.0072 agnorm=0.044 cgnorm=0.041 kl=0.0015 clipf=0.003 ev=+0.787 r0=1.0000 entcoef=7.39e-03 lr=5.0e-04 seed=0
iter= 182 step= 585600 ep_ret=-823.392 opt_ret=-823.392 step_rew=-8.2339 opt_step=-8.2339 gap0=823.392 dret=-14.356 eval_ret=n/a pursuer_target_distance=4.453 capture=0.000 score=0.000 pol=-0.0012 val=0.0261 ent=1.5400 tot=+0.0005 agnorm=0.065 cgnorm=0.070 kl=0.0033 clipf=0.026 ev=+0.591 r0=1.0000 entcoef=7.37e-03 lr=5.0e-04 seed=0
iter= 183 step= 588800 ep_ret=-900.957 opt_ret=-900.957 step_rew=-9.0096 opt_step=-9.0096 gap0=900.957 dret=-91.921 eval_ret=n/a pursuer_target_distance=3.786 capture=0.000 score=0.000 pol=-0.0007 val=0.0227 ent=1.5386 tot=-0.0006 agnorm=0.039 cgnorm=0.062 kl=0.0023 clipf=0.012 ev=+0.521 r0=1.0000 entcoef=7.36e-03 lr=5.0e-04 seed=0
iter= 184 step= 592000 ep_ret=-800.656 opt_ret=-800.656 step_rew=-8.0066 opt_step=-8.0066 gap0=800.656 dret=+8.380 eval_ret=n/a pursuer_target_distance=3.480 capture=0.000 score=0.000 pol=-0.0003 val=0.0125 ent=1.5432 tot=-0.0054 agnorm=0.024 cgnorm=0.057 kl=0.0007 clipf=0.000 ev=+0.720 r0=1.0000 entcoef=7.35e-03 lr=5.0e-04 seed=0
iter= 185 step= 595200 ep_ret=-838.829 opt_ret=-838.829 step_rew=-8.3883 opt_step=-8.3883 gap0=838.829 dret=-29.793 eval_ret=n/a pursuer_target_distance=4.077 capture=0.000 score=0.000 pol=-0.0007 val=0.0193 ent=1.5568 tot=-0.0024 agnorm=0.033 cgnorm=0.063 kl=0.0012 clipf=0.001 ev=+0.402 r0=1.0000 entcoef=7.33e-03 lr=5.0e-04 seed=0
iter= 186 step= 598400 ep_ret=-878.377 opt_ret=-878.377 step_rew=-8.7838 opt_step=-8.7838 gap0=878.377 dret=-69.341 eval_ret=n/a pursuer_target_distance=4.571 capture=0.000 score=0.000 pol=-0.0001 val=0.0188 ent=1.5656 tot=-0.0022 agnorm=0.022 cgnorm=0.056 kl=0.0006 clipf=0.000 ev=+0.694 r0=1.0000 entcoef=7.32e-03 lr=4.9e-04 seed=0
iter= 187 step= 601600 ep_ret=-803.709 opt_ret=-803.709 step_rew=-8.0371 opt_step=-8.0371 gap0=803.709 dret=+5.327 eval_ret=n/a pursuer_target_distance=4.065 capture=0.000 score=0.000 pol=-0.0005 val=0.0166 ent=1.5668 tot=-0.0037 agnorm=0.027 cgnorm=0.057 kl=0.0005 clipf=0.000 ev=+0.524 r0=1.0000 entcoef=7.30e-03 lr=4.9e-04 seed=0
iter= 188 step= 604800 ep_ret=-887.625 opt_ret=-887.625 step_rew=-8.8762 opt_step=-8.8762 gap0=887.625 dret=-78.589 eval_ret=n/a pursuer_target_distance=5.138 capture=0.000 score=0.000 pol=-0.0007 val=0.0142 ent=1.5630 tot=-0.0050 agnorm=0.029 cgnorm=0.051 kl=0.0012 clipf=0.001 ev=+0.685 r0=1.0000 entcoef=7.29e-03 lr=4.9e-04 seed=0
iter= 189 step= 608000 ep_ret=-909.844 opt_ret=-909.844 step_rew=-9.0984 opt_step=-9.0984 gap0=909.844 dret=-100.808 eval_ret=n/a pursuer_target_distance=5.055 capture=0.000 score=0.000 pol=-0.0007 val=0.0263 ent=1.5501 tot=+0.0012 agnorm=0.027 cgnorm=0.072 kl=0.0014 clipf=0.000 ev=+0.373 r0=1.0000 entcoef=7.27e-03 lr=4.9e-04 seed=0
iter= 190 step= 611200 ep_ret=-750.076 opt_ret=-750.076 step_rew=-7.5008 opt_step=-7.5008 gap0=750.076 dret=+58.960 eval_ret=n/a pursuer_target_distance=4.059 capture=0.000 score=0.000 pol=-0.0006 val=0.0150 ent=1.5370 tot=-0.0042 agnorm=0.034 cgnorm=0.057 kl=0.0012 clipf=0.001 ev=+0.650 r0=1.0000 entcoef=7.26e-03 lr=4.9e-04 seed=0
iter= 191 step= 614400 ep_ret=-793.214 opt_ret=-793.214 step_rew=-7.9321 opt_step=-7.9321 gap0=793.214 dret=+15.822 eval_ret=n/a pursuer_target_distance=4.000 capture=0.000 score=0.000 pol=-0.0008 val=0.0140 ent=1.5395 tot=-0.0050 agnorm=0.049 cgnorm=0.047 kl=0.0026 clipf=0.017 ev=+0.738 r0=1.0000 entcoef=7.25e-03 lr=4.9e-04 seed=0
iter= 192 step= 617600 ep_ret=-898.990 opt_ret=-898.990 step_rew=-8.9899 opt_step=-8.9899 gap0=898.990 dret=-89.954 eval_ret=n/a pursuer_target_distance=5.085 capture=0.000 score=0.000 pol=-0.0008 val=0.0220 ent=1.5334 tot=-0.0009 agnorm=0.031 cgnorm=0.058 kl=0.0018 clipf=0.003 ev=+0.507 r0=1.0000 entcoef=7.23e-03 lr=4.9e-04 seed=0
iter= 193 step= 620800 ep_ret=-782.963 opt_ret=-782.963 step_rew=-7.8296 opt_step=-7.8296 gap0=782.963 dret=+26.073 eval_ret=n/a pursuer_target_distance=4.147 capture=0.000 score=0.000 pol=-0.0005 val=0.0157 ent=1.5271 tot=-0.0036 agnorm=0.022 cgnorm=0.051 kl=0.0013 clipf=0.000 ev=+0.591 r0=1.0000 entcoef=7.22e-03 lr=4.9e-04 seed=0
iter= 194 step= 624000 ep_ret=-835.675 opt_ret=-835.675 step_rew=-8.3567 opt_step=-8.3567 gap0=835.675 dret=-26.639 eval_ret=n/a pursuer_target_distance=4.046 capture=0.000 score=0.000 pol=-0.0007 val=0.0219 ent=1.5210 tot=-0.0007 agnorm=0.035 cgnorm=0.065 kl=0.0010 clipf=0.003 ev=+0.525 r0=1.0000 entcoef=7.20e-03 lr=4.9e-04 seed=0
iter= 195 step= 627200 ep_ret=-856.067 opt_ret=-856.067 step_rew=-8.5607 opt_step=-8.5607 gap0=856.067 dret=-47.031 eval_ret=n/a pursuer_target_distance=4.837 capture=0.000 score=0.000 pol=-0.0006 val=0.0175 ent=1.5166 tot=-0.0028 agnorm=0.029 cgnorm=0.052 kl=0.0012 clipf=0.003 ev=+0.511 r0=1.0000 entcoef=7.19e-03 lr=4.8e-04 seed=0
iter= 196 step= 630400 ep_ret=-784.204 opt_ret=-784.204 step_rew=-7.8420 opt_step=-7.8420 gap0=784.204 dret=+24.832 eval_ret=n/a pursuer_target_distance=3.434 capture=0.000 score=0.000 pol=-0.0007 val=0.0112 ent=1.5164 tot=-0.0059 agnorm=0.043 cgnorm=0.041 kl=0.0014 clipf=0.009 ev=+0.700 r0=1.0000 entcoef=7.17e-03 lr=4.8e-04 seed=0
iter= 197 step= 633600 ep_ret=-821.507 opt_ret=-821.507 step_rew=-8.2151 opt_step=-8.2151 gap0=821.507 dret=-12.471 eval_ret=n/a pursuer_target_distance=3.803 capture=0.000 score=0.000 pol=-0.0009 val=0.0230 ent=1.5291 tot=-0.0003 agnorm=0.032 cgnorm=0.065 kl=0.0019 clipf=0.003 ev=+0.445 r0=1.0000 entcoef=7.16e-03 lr=4.8e-04 seed=0
iter= 198 step= 636800 ep_ret=-784.919 opt_ret=-784.919 step_rew=-7.8492 opt_step=-7.8492 gap0=784.919 dret=+24.117 eval_ret=n/a pursuer_target_distance=3.940 capture=0.000 score=0.000 pol=-0.0005 val=0.0134 ent=1.5275 tot=-0.0047 agnorm=0.022 cgnorm=0.046 kl=0.0013 clipf=0.001 ev=+0.574 r0=1.0000 entcoef=7.14e-03 lr=4.8e-04 seed=0
iter= 199 step= 640000 ep_ret=-800.826 opt_ret=-800.826 step_rew=-8.0083 opt_step=-8.0083 gap0=800.826 dret=+8.210 eval_ret=n/a pursuer_target_distance=3.937 capture=0.000 score=0.000 pol=-0.0003 val=0.0144 ent=1.5258 tot=-0.0040 agnorm=0.021 cgnorm=0.050 kl=0.0004 clipf=0.000 ev=+0.619 r0=1.0000 entcoef=7.13e-03 lr=4.8e-04 seed=0
iter= 200 step= 643200 ep_ret=-727.409 opt_ret=-727.409 step_rew=-7.2741 opt_step=-7.2741 gap0=727.409 dret=+81.627 eval_ret=-824.812 pursuer_target_distance=3.345 capture=0.000 score=0.000 pol=-0.0008 val=0.0231 ent=1.5121 tot=-0.0001 agnorm=0.041 cgnorm=0.059 kl=0.0008 clipf=0.000 ev=+0.515 r0=1.0000 entcoef=7.12e-03 lr=4.8e-04 seed=0
iter= 201 step= 646400 ep_ret=-887.550 opt_ret=-887.550 step_rew=-8.8755 opt_step=-8.8755 gap0=887.550 dret=-78.514 eval_ret=n/a pursuer_target_distance=4.688 capture=0.000 score=0.000 pol=-0.0005 val=0.0182 ent=1.4887 tot=-0.0020 agnorm=0.024 cgnorm=0.052 kl=0.0018 clipf=0.002 ev=+0.628 r0=1.0000 entcoef=7.10e-03 lr=4.8e-04 seed=0
iter= 202 step= 649600 ep_ret=-821.641 opt_ret=-821.641 step_rew=-8.2164 opt_step=-8.2164 gap0=821.641 dret=-12.605 eval_ret=n/a pursuer_target_distance=3.793 capture=0.000 score=0.000 pol=-0.0004 val=0.0104 ent=1.4853 tot=-0.0057 agnorm=0.030 cgnorm=0.037 kl=0.0009 clipf=0.006 ev=+0.743 r0=1.0000 entcoef=7.09e-03 lr=4.8e-04 seed=0
iter= 203 step= 652800 ep_ret=-753.648 opt_ret=-753.648 step_rew=-7.5365 opt_step=-7.5365 gap0=753.648 dret=+55.388 eval_ret=n/a pursuer_target_distance=3.021 capture=0.000 score=0.000 pol=-0.0006 val=0.0184 ent=1.4786 tot=-0.0018 agnorm=0.028 cgnorm=0.054 kl=0.0007 clipf=0.000 ev=+0.458 r0=1.0000 entcoef=7.07e-03 lr=4.8e-04 seed=0
iter= 204 step= 656000 ep_ret=-782.140 opt_ret=-782.140 step_rew=-7.8214 opt_step=-7.8214 gap0=782.140 dret=+26.896 eval_ret=n/a pursuer_target_distance=4.183 capture=0.000 score=0.000 pol=-0.0008 val=0.0316 ent=1.4838 tot=+0.0045 agnorm=0.037 cgnorm=0.073 kl=0.0023 clipf=0.010 ev=+0.343 r0=1.0000 entcoef=7.06e-03 lr=4.7e-04 seed=0
iter= 205 step= 659200 ep_ret=-826.707 opt_ret=-826.707 step_rew=-8.2671 opt_step=-8.2671 gap0=826.707 dret=-17.671 eval_ret=n/a pursuer_target_distance=4.038 capture=0.000 score=0.000 pol=-0.0007 val=0.0184 ent=1.4720 tot=-0.0018 agnorm=0.034 cgnorm=0.048 kl=0.0019 clipf=0.008 ev=+0.543 r0=1.0000 entcoef=7.04e-03 lr=4.7e-04 seed=0
iter= 206 step= 662400 ep_ret=-874.201 opt_ret=-874.201 step_rew=-8.7420 opt_step=-8.7420 gap0=874.201 dret=-65.165 eval_ret=n/a pursuer_target_distance=4.811 capture=0.000 score=0.000 pol=-0.0003 val=0.0222 ent=1.4865 tot=+0.0003 agnorm=0.020 cgnorm=0.054 kl=0.0004 clipf=0.000 ev=+0.470 r0=1.0000 entcoef=7.03e-03 lr=4.7e-04 seed=0
iter= 207 step= 665600 ep_ret=-787.076 opt_ret=-787.076 step_rew=-7.8708 opt_step=-7.8708 gap0=787.076 dret=+21.960 eval_ret=n/a pursuer_target_distance=3.758 capture=0.000 score=0.000 pol=-0.0007 val=0.0164 ent=1.4851 tot=-0.0029 agnorm=0.033 cgnorm=0.048 kl=0.0010 clipf=0.001 ev=+0.642 r0=1.0000 entcoef=7.01e-03 lr=4.7e-04 seed=0
iter= 208 step= 668800 ep_ret=-782.404 opt_ret=-782.404 step_rew=-7.8240 opt_step=-7.8240 gap0=782.404 dret=+26.632 eval_ret=n/a pursuer_target_distance=3.830 capture=0.000 score=0.000 pol=-0.0006 val=0.0172 ent=1.4823 tot=-0.0024 agnorm=0.030 cgnorm=0.043 kl=0.0016 clipf=0.008 ev=+0.577 r0=1.0000 entcoef=7.00e-03 lr=4.7e-04 seed=0
iter= 209 step= 672000 ep_ret=-762.024 opt_ret=-762.024 step_rew=-7.6202 opt_step=-7.6202 gap0=762.024 dret=+47.012 eval_ret=n/a pursuer_target_distance=3.588 capture=0.000 score=0.000 pol=-0.0006 val=0.0123 ent=1.4679 tot=-0.0047 agnorm=0.023 cgnorm=0.039 kl=0.0012 clipf=0.001 ev=+0.684 r0=1.0000 entcoef=6.99e-03 lr=4.7e-04 seed=0
iter= 210 step= 675200 ep_ret=-788.268 opt_ret=-788.268 step_rew=-7.8827 opt_step=-7.8827 gap0=788.268 dret=+20.767 eval_ret=n/a pursuer_target_distance=4.403 capture=0.000 score=0.000 pol=-0.0010 val=0.0160 ent=1.4656 tot=-0.0032 agnorm=0.041 cgnorm=0.044 kl=0.0026 clipf=0.017 ev=+0.526 r0=1.0000 entcoef=6.97e-03 lr=4.7e-04 seed=0
iter= 211 step= 678400 ep_ret=-773.748 opt_ret=-773.748 step_rew=-7.7375 opt_step=-7.7375 gap0=773.748 dret=+35.288 eval_ret=n/a pursuer_target_distance=4.024 capture=0.000 score=0.000 pol=-0.0005 val=0.0190 ent=1.4609 tot=-0.0011 agnorm=0.029 cgnorm=0.049 kl=0.0006 clipf=0.000 ev=+0.572 r0=1.0000 entcoef=6.96e-03 lr=4.7e-04 seed=0
iter= 212 step= 681600 ep_ret=-837.017 opt_ret=-837.017 step_rew=-8.3702 opt_step=-8.3702 gap0=837.017 dret=-27.981 eval_ret=n/a pursuer_target_distance=4.408 capture=0.000 score=0.000 pol=-0.0009 val=0.0105 ent=1.4894 tot=-0.0060 agnorm=0.042 cgnorm=0.038 kl=0.0015 clipf=0.005 ev=+0.762 r0=1.0000 entcoef=6.94e-03 lr=4.7e-04 seed=0
iter= 213 step= 684800 ep_ret=-806.296 opt_ret=-806.296 step_rew=-8.0630 opt_step=-8.0630 gap0=806.296 dret=+2.740 eval_ret=n/a pursuer_target_distance=4.471 capture=0.000 score=0.000 pol=-0.0002 val=0.0184 ent=1.5066 tot=-0.0014 agnorm=0.023 cgnorm=0.054 kl=0.0007 clipf=0.001 ev=+0.453 r0=1.0000 entcoef=6.93e-03 lr=4.6e-04 seed=0
iter= 214 step= 688000 ep_ret=-940.995 opt_ret=-940.995 step_rew=-9.4099 opt_step=-9.4099 gap0=940.995 dret=-131.959 eval_ret=n/a pursuer_target_distance=4.990 capture=0.000 score=0.000 pol=-0.0006 val=0.0262 ent=1.5131 tot=+0.0021 agnorm=0.033 cgnorm=0.060 kl=0.0006 clipf=0.000 ev=+0.430 r0=1.0000 entcoef=6.91e-03 lr=4.6e-04 seed=0
iter= 215 step= 691200 ep_ret=-784.769 opt_ret=-784.769 step_rew=-7.8477 opt_step=-7.8477 gap0=784.769 dret=+24.267 eval_ret=n/a pursuer_target_distance=3.990 capture=0.000 score=0.000 pol=-0.0006 val=0.0142 ent=1.5171 tot=-0.0040 agnorm=0.033 cgnorm=0.040 kl=0.0012 clipf=0.003 ev=+0.646 r0=1.0000 entcoef=6.90e-03 lr=4.6e-04 seed=0
iter= 216 step= 694400 ep_ret=-788.183 opt_ret=-788.183 step_rew=-7.8818 opt_step=-7.8818 gap0=788.183 dret=+20.853 eval_ret=n/a pursuer_target_distance=3.965 capture=0.000 score=0.000 pol=-0.0007 val=0.0185 ent=1.5068 tot=-0.0018 agnorm=0.033 cgnorm=0.044 kl=0.0012 clipf=0.003 ev=+0.530 r0=1.0000 entcoef=6.88e-03 lr=4.6e-04 seed=0
iter= 217 step= 697600 ep_ret=-872.345 opt_ret=-872.345 step_rew=-8.7235 opt_step=-8.7235 gap0=872.345 dret=-63.310 eval_ret=n/a pursuer_target_distance=3.950 capture=0.000 score=0.000 pol=-0.0003 val=0.0172 ent=1.5079 tot=-0.0020 agnorm=0.024 cgnorm=0.056 kl=0.0005 clipf=0.000 ev=+0.522 r0=1.0000 entcoef=6.87e-03 lr=4.6e-04 seed=0
iter= 218 step= 700800 ep_ret=-893.807 opt_ret=-893.807 step_rew=-8.9381 opt_step=-8.9381 gap0=893.807 dret=-84.771 eval_ret=n/a pursuer_target_distance=4.061 capture=0.000 score=0.000 pol=-0.0009 val=0.0312 ent=1.5195 tot=+0.0043 agnorm=0.056 cgnorm=0.061 kl=0.0022 clipf=0.020 ev=+0.136 r0=1.0000 entcoef=6.86e-03 lr=4.6e-04 seed=0
iter= 219 step= 704000 ep_ret=-813.324 opt_ret=-813.324 step_rew=-8.1332 opt_step=-8.1332 gap0=813.324 dret=-4.288 eval_ret=n/a pursuer_target_distance=3.564 capture=0.000 score=0.000 pol=-0.0007 val=0.0206 ent=1.5266 tot=-0.0008 agnorm=0.032 cgnorm=0.052 kl=0.0014 clipf=0.006 ev=+0.341 r0=1.0000 entcoef=6.84e-03 lr=4.6e-04 seed=0
iter= 220 step= 707200 ep_ret=-759.940 opt_ret=-759.940 step_rew=-7.5994 opt_step=-7.5994 gap0=759.940 dret=+49.096 eval_ret=-795.106 pursuer_target_distance=3.513 capture=0.000 score=0.000 pol=-0.0010 val=0.0160 ent=1.5312 tot=-0.0034 agnorm=0.034 cgnorm=0.046 kl=0.0019 clipf=0.006 ev=+0.524 r0=1.0000 entcoef=6.83e-03 lr=4.6e-04 seed=0
iter= 221 step= 710400 ep_ret=-744.047 opt_ret=-744.047 step_rew=-7.4405 opt_step=-7.4405 gap0=744.047 dret=+64.989 eval_ret=n/a pursuer_target_distance=4.154 capture=0.000 score=0.000 pol=-0.0004 val=0.0204 ent=1.5293 tot=-0.0006 agnorm=0.032 cgnorm=0.054 kl=0.0007 clipf=0.000 ev=+0.424 r0=1.0000 entcoef=6.81e-03 lr=4.6e-04 seed=0
iter= 222 step= 713600 ep_ret=-816.656 opt_ret=-816.656 step_rew=-8.1666 opt_step=-8.1666 gap0=816.656 dret=-7.621 eval_ret=n/a pursuer_target_distance=3.771 capture=0.000 score=0.000 pol=-0.0008 val=0.0183 ent=1.5378 tot=-0.0021 agnorm=0.050 cgnorm=0.052 kl=0.0018 clipf=0.014 ev=+0.486 r0=1.0000 entcoef=6.80e-03 lr=4.5e-04 seed=0
iter= 223 step= 716800 ep_ret=-779.197 opt_ret=-779.197 step_rew=-7.7920 opt_step=-7.7920 gap0=779.197 dret=+29.839 eval_ret=n/a pursuer_target_distance=4.055 capture=0.000 score=0.000 pol=-0.0004 val=0.0149 ent=1.5338 tot=-0.0034 agnorm=0.036 cgnorm=0.044 kl=0.0006 clipf=0.000 ev=+0.600 r0=1.0000 entcoef=6.78e-03 lr=4.5e-04 seed=0
iter= 224 step= 720000 ep_ret=-862.717 opt_ret=-862.717 step_rew=-8.6272 opt_step=-8.6272 gap0=862.717 dret=-53.681 eval_ret=n/a pursuer_target_distance=4.857 capture=0.000 score=0.000 pol=-0.0004 val=0.0195 ent=1.5321 tot=-0.0010 agnorm=0.022 cgnorm=0.049 kl=0.0012 clipf=0.000 ev=+0.427 r0=1.0000 entcoef=6.77e-03 lr=4.5e-04 seed=0
iter= 225 step= 723200 ep_ret=-761.844 opt_ret=-761.844 step_rew=-7.6184 opt_step=-7.6184 gap0=761.844 dret=+47.192 eval_ret=n/a pursuer_target_distance=3.729 capture=0.000 score=0.000 pol=-0.0003 val=0.0176 ent=1.5265 tot=-0.0018 agnorm=0.031 cgnorm=0.042 kl=0.0003 clipf=0.000 ev=+0.447 r0=1.0000 entcoef=6.75e-03 lr=4.5e-04 seed=0
iter= 226 step= 726400 ep_ret=-795.759 opt_ret=-795.759 step_rew=-7.9576 opt_step=-7.9576 gap0=795.759 dret=+13.277 eval_ret=n/a pursuer_target_distance=4.138 capture=0.000 score=0.000 pol=-0.0003 val=0.0190 ent=1.5285 tot=-0.0012 agnorm=0.025 cgnorm=0.049 kl=0.0006 clipf=0.000 ev=+0.553 r0=1.0000 entcoef=6.74e-03 lr=4.5e-04 seed=0
iter= 227 step= 729600 ep_ret=-788.718 opt_ret=-788.718 step_rew=-7.8872 opt_step=-7.8872 gap0=788.718 dret=+20.318 eval_ret=n/a pursuer_target_distance=3.690 capture=0.000 score=0.000 pol=-0.0006 val=0.0149 ent=1.5404 tot=-0.0035 agnorm=0.028 cgnorm=0.047 kl=0.0009 clipf=0.001 ev=+0.575 r0=1.0000 entcoef=6.73e-03 lr=4.5e-04 seed=0
iter= 228 step= 732800 ep_ret=-763.181 opt_ret=-763.181 step_rew=-7.6318 opt_step=-7.6318 gap0=763.181 dret=+45.855 eval_ret=n/a pursuer_target_distance=3.637 capture=0.000 score=0.000 pol=-0.0008 val=0.0194 ent=1.5435 tot=-0.0015 agnorm=0.040 cgnorm=0.053 kl=0.0014 clipf=0.009 ev=+0.378 r0=1.0000 entcoef=6.71e-03 lr=4.5e-04 seed=0
iter= 229 step= 736000 ep_ret=-796.190 opt_ret=-796.190 step_rew=-7.9619 opt_step=-7.9619 gap0=796.190 dret=+12.846 eval_ret=n/a pursuer_target_distance=3.876 capture=0.000 score=0.000 pol=-0.0004 val=0.0194 ent=1.5372 tot=-0.0010 agnorm=0.032 cgnorm=0.048 kl=0.0006 clipf=0.000 ev=+0.539 r0=1.0000 entcoef=6.70e-03 lr=4.5e-04 seed=0
iter= 230 step= 739200 ep_ret=-800.200 opt_ret=-800.200 step_rew=-8.0020 opt_step=-8.0020 gap0=800.200 dret=+8.836 eval_ret=n/a pursuer_target_distance=3.564 capture=0.000 score=0.000 pol=-0.0005 val=0.0150 ent=1.5353 tot=-0.0032 agnorm=0.023 cgnorm=0.044 kl=0.0011 clipf=0.000 ev=+0.613 r0=1.0000 entcoef=6.68e-03 lr=4.5e-04 seed=0
iter= 231 step= 742400 ep_ret=-851.299 opt_ret=-851.299 step_rew=-8.5130 opt_step=-8.5130 gap0=851.299 dret=-42.263 eval_ret=n/a pursuer_target_distance=4.725 capture=0.000 score=0.000 pol=-0.0005 val=0.0204 ent=1.5294 tot=-0.0004 agnorm=0.019 cgnorm=0.047 kl=0.0008 clipf=0.002 ev=+0.533 r0=1.0000 entcoef=6.67e-03 lr=4.4e-04 seed=0
iter= 232 step= 745600 ep_ret=-831.580 opt_ret=-831.580 step_rew=-8.3158 opt_step=-8.3158 gap0=831.580 dret=-22.544 eval_ret=n/a pursuer_target_distance=3.969 capture=0.000 score=0.000 pol=-0.0006 val=0.0166 ent=1.5276 tot=-0.0025 agnorm=0.029 cgnorm=0.050 kl=0.0005 clipf=0.000 ev=+0.574 r0=1.0000 entcoef=6.65e-03 lr=4.4e-04 seed=0
iter= 233 step= 748800 ep_ret=-879.426 opt_ret=-879.426 step_rew=-8.7943 opt_step=-8.7943 gap0=879.426 dret=-70.390 eval_ret=n/a pursuer_target_distance=5.065 capture=0.000 score=0.000 pol=-0.0004 val=0.0202 ent=1.5219 tot=-0.0004 agnorm=0.032 cgnorm=0.048 kl=0.0010 clipf=0.001 ev=+0.559 r0=1.0000 entcoef=6.64e-03 lr=4.4e-04 seed=0
iter= 234 step= 752000 ep_ret=-891.027 opt_ret=-891.027 step_rew=-8.9103 opt_step=-8.9103 gap0=891.027 dret=-81.992 eval_ret=n/a pursuer_target_distance=4.785 capture=0.000 score=0.000 pol=-0.0007 val=0.0237 ent=1.5061 tot=+0.0012 agnorm=0.029 cgnorm=0.067 kl=0.0013 clipf=0.001 ev=+0.470 r0=1.0000 entcoef=6.62e-03 lr=4.4e-04 seed=0
iter= 235 step= 755200 ep_ret=-784.686 opt_ret=-784.686 step_rew=-7.8469 opt_step=-7.8469 gap0=784.686 dret=+24.350 eval_ret=n/a pursuer_target_distance=4.119 capture=0.000 score=0.000 pol=-0.0005 val=0.0180 ent=1.4793 tot=-0.0013 agnorm=0.025 cgnorm=0.052 kl=0.0011 clipf=0.001 ev=+0.329 r0=1.0000 entcoef=6.61e-03 lr=4.4e-04 seed=0
iter= 236 step= 758400 ep_ret=-829.226 opt_ret=-829.226 step_rew=-8.2923 opt_step=-8.2923 gap0=829.226 dret=-20.191 eval_ret=n/a pursuer_target_distance=4.407 capture=0.000 score=0.000 pol=-0.0005 val=0.0109 ent=1.4613 tot=-0.0046 agnorm=0.028 cgnorm=0.036 kl=0.0011 clipf=0.007 ev=+0.714 r0=1.0000 entcoef=6.60e-03 lr=4.4e-04 seed=0
iter= 237 step= 761600 ep_ret=-850.152 opt_ret=-850.152 step_rew=-8.5015 opt_step=-8.5015 gap0=850.152 dret=-41.116 eval_ret=n/a pursuer_target_distance=4.473 capture=0.000 score=0.000 pol=-0.0009 val=0.0309 ent=1.4407 tot=+0.0051 agnorm=0.036 cgnorm=0.055 kl=0.0017 clipf=0.008 ev=+0.471 r0=1.0000 entcoef=6.58e-03 lr=4.4e-04 seed=0
iter= 238 step= 764800 ep_ret=-825.416 opt_ret=-825.416 step_rew=-8.2542 opt_step=-8.2542 gap0=825.416 dret=-16.381 eval_ret=n/a pursuer_target_distance=4.316 capture=0.000 score=0.000 pol=-0.0002 val=0.0215 ent=1.4219 tot=+0.0012 agnorm=0.027 cgnorm=0.055 kl=0.0008 clipf=0.000 ev=+0.571 r0=1.0000 entcoef=6.57e-03 lr=4.4e-04 seed=0
iter= 239 step= 768000 ep_ret=-792.582 opt_ret=-792.582 step_rew=-7.9258 opt_step=-7.9258 gap0=792.582 dret=+16.453 eval_ret=n/a pursuer_target_distance=3.853 capture=0.000 score=0.000 pol=-0.0006 val=0.0197 ent=1.4184 tot=-0.0001 agnorm=0.028 cgnorm=0.050 kl=0.0015 clipf=0.007 ev=+0.612 r0=1.0000 entcoef=6.55e-03 lr=4.4e-04 seed=0
iter= 240 step= 771200 ep_ret=-882.526 opt_ret=-882.526 step_rew=-8.8253 opt_step=-8.8253 gap0=882.526 dret=-73.490 eval_ret=-794.581 pursuer_target_distance=4.289 capture=0.000 score=0.000 pol=-0.0008 val=0.0278 ent=1.4115 tot=+0.0038 agnorm=0.047 cgnorm=0.059 kl=0.0016 clipf=0.004 ev=+0.480 r0=1.0000 entcoef=6.54e-03 lr=4.3e-04 seed=0
iter= 241 step= 774400 ep_ret=-743.143 opt_ret=-743.143 step_rew=-7.4314 opt_step=-7.4314 gap0=743.143 dret=+65.893 eval_ret=n/a pursuer_target_distance=3.183 capture=0.000 score=0.000 pol=-0.0008 val=0.0156 ent=1.4055 tot=-0.0021 agnorm=0.024 cgnorm=0.043 kl=0.0025 clipf=0.009 ev=+0.516 r0=1.0000 entcoef=6.52e-03 lr=4.3e-04 seed=0
iter= 242 step= 777600 ep_ret=-852.362 opt_ret=-852.362 step_rew=-8.5236 opt_step=-8.5236 gap0=852.362 dret=-43.326 eval_ret=n/a pursuer_target_distance=4.217 capture=0.000 score=0.000 pol=-0.0006 val=0.0205 ent=1.4188 tot=+0.0004 agnorm=0.032 cgnorm=0.051 kl=0.0012 clipf=0.002 ev=+0.480 r0=1.0000 entcoef=6.51e-03 lr=4.3e-04 seed=0
iter= 243 step= 780800 ep_ret=-827.944 opt_ret=-827.944 step_rew=-8.2794 opt_step=-8.2794 gap0=827.944 dret=-18.908 eval_ret=n/a pursuer_target_distance=4.103 capture=0.000 score=0.000 pol=-0.0013 val=0.0120 ent=1.4076 tot=-0.0044 agnorm=0.041 cgnorm=0.037 kl=0.0022 clipf=0.009 ev=+0.621 r0=1.0000 entcoef=6.50e-03 lr=4.3e-04 seed=0
iter= 244 step= 784000 ep_ret=-827.088 opt_ret=-827.088 step_rew=-8.2709 opt_step=-8.2709 gap0=827.088 dret=-18.052 eval_ret=n/a pursuer_target_distance=4.955 capture=0.000 score=0.000 pol=-0.0008 val=0.0275 ent=1.4100 tot=+0.0038 agnorm=0.049 cgnorm=0.057 kl=0.0023 clipf=0.013 ev=+0.350 r0=1.0000 entcoef=6.48e-03 lr=4.3e-04 seed=0
iter= 245 step= 787200 ep_ret=-798.211 opt_ret=-798.211 step_rew=-7.9821 opt_step=-7.9821 gap0=798.211 dret=+10.825 eval_ret=n/a pursuer_target_distance=3.718 capture=0.000 score=0.000 pol=-0.0004 val=0.0185 ent=1.4121 tot=-0.0003 agnorm=0.022 cgnorm=0.042 kl=0.0011 clipf=0.000 ev=+0.450 r0=1.0000 entcoef=6.47e-03 lr=4.3e-04 seed=0
iter= 246 step= 790400 ep_ret=-803.134 opt_ret=-803.134 step_rew=-8.0313 opt_step=-8.0313 gap0=803.134 dret=+5.902 eval_ret=n/a pursuer_target_distance=3.779 capture=0.000 score=0.000 pol=-0.0011 val=0.0165 ent=1.3776 tot=-0.0017 agnorm=0.050 cgnorm=0.045 kl=0.0026 clipf=0.016 ev=+0.410 r0=1.0000 entcoef=6.45e-03 lr=4.3e-04 seed=0
iter= 247 step= 793600 ep_ret=-765.218 opt_ret=-765.218 step_rew=-7.6522 opt_step=-7.6522 gap0=765.218 dret=+43.818 eval_ret=n/a pursuer_target_distance=3.604 capture=0.000 score=0.000 pol=-0.0008 val=0.0190 ent=1.3705 tot=-0.0002 agnorm=0.048 cgnorm=0.043 kl=0.0018 clipf=0.015 ev=+0.553 r0=1.0000 entcoef=6.44e-03 lr=4.3e-04 seed=0
iter= 248 step= 796800 ep_ret=-761.061 opt_ret=-761.061 step_rew=-7.6106 opt_step=-7.6106 gap0=761.061 dret=+47.975 eval_ret=n/a pursuer_target_distance=3.439 capture=0.000 score=0.000 pol=-0.0005 val=0.0202 ent=1.3926 tot=+0.0007 agnorm=0.028 cgnorm=0.046 kl=0.0011 clipf=0.001 ev=+0.386 r0=1.0000 entcoef=6.42e-03 lr=4.3e-04 seed=0
iter= 249 step= 800000 ep_ret=-880.255 opt_ret=-880.255 step_rew=-8.8026 opt_step=-8.8026 gap0=880.255 dret=-71.219 eval_ret=n/a pursuer_target_distance=4.086 capture=0.000 score=0.000 pol=-0.0005 val=0.0183 ent=1.3761 tot=-0.0002 agnorm=0.020 cgnorm=0.041 kl=0.0015 clipf=0.001 ev=+0.476 r0=1.0000 entcoef=6.41e-03 lr=4.2e-04 seed=0
iter= 250 step= 803200 ep_ret=-860.501 opt_ret=-860.501 step_rew=-8.6050 opt_step=-8.6050 gap0=860.501 dret=-51.465 eval_ret=n/a pursuer_target_distance=4.032 capture=0.000 score=0.000 pol=-0.0009 val=0.0188 ent=1.3729 tot=-0.0002 agnorm=0.039 cgnorm=0.043 kl=0.0015 clipf=0.006 ev=+0.473 r0=1.0000 entcoef=6.39e-03 lr=4.2e-04 seed=0
iter= 251 step= 806400 ep_ret=-793.116 opt_ret=-793.116 step_rew=-7.9312 opt_step=-7.9312 gap0=793.116 dret=+15.919 eval_ret=n/a pursuer_target_distance=4.519 capture=0.000 score=0.000 pol=-0.0004 val=0.0265 ent=1.3703 tot=+0.0041 agnorm=0.029 cgnorm=0.056 kl=0.0008 clipf=0.002 ev=+0.460 r0=1.0000 entcoef=6.38e-03 lr=4.2e-04 seed=0
iter= 252 step= 809600 ep_ret=-787.835 opt_ret=-787.835 step_rew=-7.8784 opt_step=-7.8784 gap0=787.835 dret=+21.201 eval_ret=n/a pursuer_target_distance=4.306 capture=0.000 score=0.000 pol=-0.0003 val=0.0140 ent=1.3877 tot=-0.0021 agnorm=0.032 cgnorm=0.043 kl=0.0005 clipf=0.001 ev=+0.565 r0=1.0000 entcoef=6.37e-03 lr=4.2e-04 seed=0
iter= 253 step= 812800 ep_ret=-786.569 opt_ret=-786.569 step_rew=-7.8657 opt_step=-7.8657 gap0=786.569 dret=+22.467 eval_ret=n/a pursuer_target_distance=4.036 capture=0.000 score=0.000 pol=-0.0004 val=0.0158 ent=1.3917 tot=-0.0013 agnorm=0.020 cgnorm=0.041 kl=0.0011 clipf=0.000 ev=+0.507 r0=1.0000 entcoef=6.35e-03 lr=4.2e-04 seed=0
iter= 254 step= 816000 ep_ret=-712.090 opt_ret=-712.090 step_rew=-7.1209 opt_step=-7.1209 gap0=712.090 dret=+96.945 eval_ret=n/a pursuer_target_distance=3.855 capture=0.000 score=0.000 pol=-0.0001 val=0.0190 ent=1.3796 tot=+0.0006 agnorm=0.024 cgnorm=0.050 kl=0.0003 clipf=0.000 ev=+0.311 r0=1.0000 entcoef=6.34e-03 lr=4.2e-04 seed=0
iter= 255 step= 819200 ep_ret=-812.810 opt_ret=-812.810 step_rew=-8.1281 opt_step=-8.1281 gap0=812.810 dret=-3.774 eval_ret=n/a pursuer_target_distance=3.716 capture=0.000 score=0.000 pol=-0.0003 val=0.0195 ent=1.3993 tot=+0.0006 agnorm=0.022 cgnorm=0.040 kl=0.0007 clipf=0.000 ev=+0.537 r0=1.0000 entcoef=6.32e-03 lr=4.2e-04 seed=0
iter= 256 step= 822400 ep_ret=-790.337 opt_ret=-790.337 step_rew=-7.9034 opt_step=-7.9034 gap0=790.337 dret=+18.699 eval_ret=n/a pursuer_target_distance=4.271 capture=0.000 score=0.000 pol=-0.0007 val=0.0145 ent=1.4421 tot=-0.0026 agnorm=0.053 cgnorm=0.037 kl=0.0022 clipf=0.016 ev=+0.591 r0=1.0000 entcoef=6.31e-03 lr=4.2e-04 seed=0
iter= 257 step= 825600 ep_ret=-812.858 opt_ret=-812.858 step_rew=-8.1286 opt_step=-8.1286 gap0=812.858 dret=-3.822 eval_ret=n/a pursuer_target_distance=3.867 capture=0.000 score=0.000 pol=-0.0004 val=0.0186 ent=1.4570 tot=-0.0002 agnorm=0.024 cgnorm=0.045 kl=0.0006 clipf=0.000 ev=+0.538 r0=1.0000 entcoef=6.29e-03 lr=4.2e-04 seed=0
iter= 258 step= 828800 ep_ret=-858.092 opt_ret=-858.092 step_rew=-8.5809 opt_step=-8.5809 gap0=858.092 dret=-49.056 eval_ret=n/a pursuer_target_distance=4.850 capture=0.000 score=0.000 pol=-0.0002 val=0.0256 ent=1.4623 tot=+0.0033 agnorm=0.021 cgnorm=0.057 kl=0.0006 clipf=0.000 ev=+0.376 r0=1.0000 entcoef=6.28e-03 lr=4.1e-04 seed=0
iter= 259 step= 832000 ep_ret=-833.361 opt_ret=-833.361 step_rew=-8.3336 opt_step=-8.3336 gap0=833.361 dret=-24.325 eval_ret=n/a pursuer_target_distance=4.065 capture=0.000 score=0.000 pol=-0.0003 val=0.0246 ent=1.4555 tot=+0.0029 agnorm=0.017 cgnorm=0.051 kl=0.0004 clipf=0.000 ev=+0.380 r0=1.0000 entcoef=6.26e-03 lr=4.1e-04 seed=0
iter= 260 step= 835200 ep_ret=-885.769 opt_ret=-885.769 step_rew=-8.8577 opt_step=-8.8577 gap0=885.769 dret=-76.733 eval_ret=-793.892 pursuer_target_distance=4.080 capture=0.000 score=0.000 pol=-0.0004 val=0.0263 ent=1.4632 tot=+0.0036 agnorm=0.021 cgnorm=0.062 kl=0.0004 clipf=0.000 ev=+0.369 r0=1.0000 entcoef=6.25e-03 lr=4.1e-04 seed=0
iter= 261 step= 838400 ep_ret=-844.996 opt_ret=-844.996 step_rew=-8.4500 opt_step=-8.4500 gap0=844.996 dret=-35.961 eval_ret=n/a pursuer_target_distance=4.076 capture=0.000 score=0.000 pol=-0.0003 val=0.0201 ent=1.4818 tot=+0.0004 agnorm=0.028 cgnorm=0.049 kl=0.0009 clipf=0.000 ev=+0.491 r0=1.0000 entcoef=6.24e-03 lr=4.1e-04 seed=0
iter= 262 step= 841600 ep_ret=-841.255 opt_ret=-841.255 step_rew=-8.4125 opt_step=-8.4125 gap0=841.255 dret=-32.219 eval_ret=n/a pursuer_target_distance=4.781 capture=0.000 score=0.000 pol=-0.0002 val=0.0277 ent=1.4927 tot=+0.0043 agnorm=0.026 cgnorm=0.058 kl=0.0005 clipf=0.000 ev=+0.300 r0=1.0000 entcoef=6.22e-03 lr=4.1e-04 seed=0
iter= 263 step= 844800 ep_ret=-809.543 opt_ret=-809.543 step_rew=-8.0954 opt_step=-8.0954 gap0=809.543 dret=-0.507 eval_ret=n/a pursuer_target_distance=4.265 capture=0.000 score=0.000 pol=-0.0003 val=0.0137 ent=1.5017 tot=-0.0028 agnorm=0.024 cgnorm=0.049 kl=0.0005 clipf=0.000 ev=+0.450 r0=1.0000 entcoef=6.21e-03 lr=4.1e-04 seed=0
iter= 264 step= 848000 ep_ret=-843.649 opt_ret=-843.649 step_rew=-8.4365 opt_step=-8.4365 gap0=843.649 dret=-34.613 eval_ret=n/a pursuer_target_distance=4.462 capture=0.000 score=0.000 pol=-0.0006 val=0.0289 ent=1.4911 tot=+0.0046 agnorm=0.043 cgnorm=0.061 kl=0.0011 clipf=0.003 ev=+0.304 r0=1.0000 entcoef=6.19e-03 lr=4.1e-04 seed=0
iter= 265 step= 851200 ep_ret=-832.897 opt_ret=-832.897 step_rew=-8.3290 opt_step=-8.3290 gap0=832.897 dret=-23.861 eval_ret=n/a pursuer_target_distance=4.419 capture=0.000 score=0.000 pol=-0.0005 val=0.0182 ent=1.4877 tot=-0.0005 agnorm=0.036 cgnorm=0.045 kl=0.0006 clipf=0.000 ev=+0.535 r0=1.0000 entcoef=6.18e-03 lr=4.1e-04 seed=0
iter= 266 step= 854400 ep_ret=-840.317 opt_ret=-840.317 step_rew=-8.4032 opt_step=-8.4032 gap0=840.317 dret=-31.281 eval_ret=n/a pursuer_target_distance=3.711 capture=0.000 score=0.000 pol=-0.0003 val=0.0331 ent=1.4889 tot=+0.0071 agnorm=0.028 cgnorm=0.072 kl=0.0006 clipf=0.000 ev=+0.135 r0=1.0000 entcoef=6.16e-03 lr=4.1e-04 seed=0
iter= 267 step= 857600 ep_ret=-874.639 opt_ret=-874.639 step_rew=-8.7464 opt_step=-8.7464 gap0=874.639 dret=-65.603 eval_ret=n/a pursuer_target_distance=4.763 capture=0.000 score=0.000 pol=-0.0005 val=0.0332 ent=1.4906 tot=+0.0069 agnorm=0.031 cgnorm=0.052 kl=0.0009 clipf=0.000 ev=+0.360 r0=1.0000 entcoef=6.15e-03 lr=4.0e-04 seed=0
iter= 268 step= 860800 ep_ret=-825.341 opt_ret=-825.341 step_rew=-8.2534 opt_step=-8.2534 gap0=825.341 dret=-16.305 eval_ret=n/a pursuer_target_distance=4.554 capture=0.000 score=0.000 pol=-0.0010 val=0.0228 ent=1.5061 tot=+0.0012 agnorm=0.066 cgnorm=0.054 kl=0.0030 clipf=0.024 ev=+0.297 r0=1.0000 entcoef=6.13e-03 lr=4.0e-04 seed=0
iter= 269 step= 864000 ep_ret=-785.352 opt_ret=-785.352 step_rew=-7.8535 opt_step=-7.8535 gap0=785.352 dret=+23.683 eval_ret=n/a pursuer_target_distance=4.149 capture=0.000 score=0.000 pol=-0.0002 val=0.0265 ent=1.4878 tot=+0.0040 agnorm=0.021 cgnorm=0.051 kl=0.0012 clipf=0.000 ev=+0.282 r0=1.0000 entcoef=6.12e-03 lr=4.0e-04 seed=0
iter= 270 step= 867200 ep_ret=-843.942 opt_ret=-843.942 step_rew=-8.4394 opt_step=-8.4394 gap0=843.942 dret=-34.906 eval_ret=n/a pursuer_target_distance=4.228 capture=0.000 score=0.000 pol=-0.0004 val=0.0180 ent=1.4839 tot=-0.0005 agnorm=0.031 cgnorm=0.045 kl=0.0010 clipf=0.001 ev=+0.536 r0=1.0000 entcoef=6.11e-03 lr=4.0e-04 seed=0
iter= 271 step= 870400 ep_ret=-888.027 opt_ret=-888.027 step_rew=-8.8803 opt_step=-8.8803 gap0=888.027 dret=-78.991 eval_ret=n/a pursuer_target_distance=4.501 capture=0.000 score=0.000 pol=-0.0008 val=0.0252 ent=1.4895 tot=+0.0028 agnorm=0.056 cgnorm=0.053 kl=0.0023 clipf=0.019 ev=+0.130 r0=1.0000 entcoef=6.09e-03 lr=4.0e-04 seed=0
iter= 272 step= 873600 ep_ret=-921.101 opt_ret=-921.101 step_rew=-9.2110 opt_step=-9.2110 gap0=921.101 dret=-112.065 eval_ret=n/a pursuer_target_distance=4.981 capture=0.000 score=0.000 pol=-0.0001 val=0.0336 ent=1.4894 tot=+0.0077 agnorm=0.024 cgnorm=0.056 kl=0.0004 clipf=0.000 ev=+0.471 r0=1.0000 entcoef=6.08e-03 lr=4.0e-04 seed=0
iter= 273 step= 876800 ep_ret=-805.290 opt_ret=-805.290 step_rew=-8.0529 opt_step=-8.0529 gap0=805.290 dret=+3.746 eval_ret=n/a pursuer_target_distance=4.114 capture=0.000 score=0.000 pol=-0.0005 val=0.0211 ent=1.5140 tot=+0.0008 agnorm=0.036 cgnorm=0.047 kl=0.0012 clipf=0.004 ev=+0.533 r0=1.0000 entcoef=6.06e-03 lr=4.0e-04 seed=0
iter= 274 step= 880000 ep_ret=-860.221 opt_ret=-860.221 step_rew=-8.6022 opt_step=-8.6022 gap0=860.221 dret=-51.185 eval_ret=n/a pursuer_target_distance=4.327 capture=0.000 score=0.000 pol=-0.0005 val=0.0204 ent=1.5434 tot=+0.0004 agnorm=0.033 cgnorm=0.053 kl=0.0012 clipf=0.002 ev=+0.442 r0=1.0000 entcoef=6.05e-03 lr=4.0e-04 seed=0
iter= 275 step= 883200 ep_ret=-835.799 opt_ret=-835.799 step_rew=-8.3580 opt_step=-8.3580 gap0=835.799 dret=-26.763 eval_ret=n/a pursuer_target_distance=4.593 capture=0.000 score=0.000 pol=-0.0007 val=0.0195 ent=1.5618 tot=-0.0004 agnorm=0.039 cgnorm=0.046 kl=0.0018 clipf=0.004 ev=+0.499 r0=1.0000 entcoef=6.03e-03 lr=4.0e-04 seed=0
iter= 276 step= 886400 ep_ret=-878.008 opt_ret=-878.008 step_rew=-8.7801 opt_step=-8.7801 gap0=878.008 dret=-68.972 eval_ret=n/a pursuer_target_distance=4.922 capture=0.000 score=0.000 pol=-0.0003 val=0.0319 ent=1.5657 tot=+0.0062 agnorm=0.021 cgnorm=0.066 kl=0.0007 clipf=0.000 ev=+0.413 r0=1.0000 entcoef=6.02e-03 lr=3.9e-04 seed=0
iter= 277 step= 889600 ep_ret=-795.531 opt_ret=-795.531 step_rew=-7.9553 opt_step=-7.9553 gap0=795.531 dret=+13.505 eval_ret=n/a pursuer_target_distance=4.408 capture=0.000 score=0.000 pol=-0.0003 val=0.0204 ent=1.5601 tot=+0.0006 agnorm=0.021 cgnorm=0.052 kl=0.0002 clipf=0.000 ev=+0.644 r0=1.0000 entcoef=6.00e-03 lr=3.9e-04 seed=0
iter= 278 step= 892800 ep_ret=-809.205 opt_ret=-809.205 step_rew=-8.0920 opt_step=-8.0920 gap0=809.205 dret=-0.169 eval_ret=n/a pursuer_target_distance=3.977 capture=0.000 score=0.000 pol=-0.0002 val=0.0245 ent=1.5524 tot=+0.0028 agnorm=0.018 cgnorm=0.061 kl=0.0003 clipf=0.000 ev=+0.568 r0=1.0000 entcoef=5.99e-03 lr=3.9e-04 seed=0
iter= 279 step= 896000 ep_ret=-763.481 opt_ret=-763.481 step_rew=-7.6348 opt_step=-7.6348 gap0=763.481 dret=+45.555 eval_ret=n/a pursuer_target_distance=4.125 capture=0.000 score=0.000 pol=-0.0003 val=0.0252 ent=1.5487 tot=+0.0030 agnorm=0.032 cgnorm=0.064 kl=0.0003 clipf=0.000 ev=+0.505 r0=1.0000 entcoef=5.98e-03 lr=3.9e-04 seed=0
iter= 280 step= 899200 ep_ret=-912.729 opt_ret=-912.729 step_rew=-9.1273 opt_step=-9.1273 gap0=912.729 dret=-103.693 eval_ret=-796.757 pursuer_target_distance=4.469 capture=0.000 score=0.000 pol=-0.0005 val=0.0369 ent=1.5540 tot=+0.0087 agnorm=0.043 cgnorm=0.066 kl=0.0016 clipf=0.005 ev=+0.435 r0=1.0000 entcoef=5.96e-03 lr=3.9e-04 seed=0
iter= 281 step= 902400 ep_ret=-883.299 opt_ret=-883.299 step_rew=-8.8330 opt_step=-8.8330 gap0=883.299 dret=-74.263 eval_ret=n/a pursuer_target_distance=4.577 capture=0.000 score=0.000 pol=-0.0003 val=0.0195 ent=1.5543 tot=+0.0002 agnorm=0.018 cgnorm=0.068 kl=0.0007 clipf=0.000 ev=+0.422 r0=1.0000 entcoef=5.95e-03 lr=3.9e-04 seed=0
iter= 282 step= 905600 ep_ret=-812.576 opt_ret=-812.576 step_rew=-8.1258 opt_step=-8.1258 gap0=812.576 dret=-3.540 eval_ret=n/a pursuer_target_distance=4.506 capture=0.000 score=0.000 pol=-0.0006 val=0.0202 ent=1.5376 tot=+0.0003 agnorm=0.042 cgnorm=0.060 kl=0.0012 clipf=0.003 ev=+0.527 r0=1.0000 entcoef=5.93e-03 lr=3.9e-04 seed=0
iter= 283 step= 908800 ep_ret=-870.744 opt_ret=-870.744 step_rew=-8.7074 opt_step=-8.7074 gap0=870.744 dret=-61.708 eval_ret=n/a pursuer_target_distance=4.353 capture=0.000 score=0.000 pol=-0.0001 val=0.0300 ent=1.5378 tot=+0.0058 agnorm=0.021 cgnorm=0.063 kl=0.0005 clipf=0.000 ev=+0.328 r0=1.0000 entcoef=5.92e-03 lr=3.9e-04 seed=0
iter= 284 step= 912000 ep_ret=-796.942 opt_ret=-796.942 step_rew=-7.9694 opt_step=-7.9694 gap0=796.942 dret=+12.094 eval_ret=n/a pursuer_target_distance=4.505 capture=0.000 score=0.000 pol=-0.0007 val=0.0234 ent=1.5441 tot=+0.0018 agnorm=0.045 cgnorm=0.058 kl=0.0014 clipf=0.004 ev=+0.446 r0=1.0000 entcoef=5.90e-03 lr=3.9e-04 seed=0
iter= 285 step= 915200 ep_ret=-775.040 opt_ret=-775.040 step_rew=-7.7504 opt_step=-7.7504 gap0=775.040 dret=+33.996 eval_ret=n/a pursuer_target_distance=3.301 capture=0.000 score=0.000 pol=-0.0004 val=0.0225 ent=1.5590 tot=+0.0016 agnorm=0.035 cgnorm=0.055 kl=0.0016 clipf=0.005 ev=+0.582 r0=1.0000 entcoef=5.89e-03 lr=3.8e-04 seed=0
iter= 286 step= 918400 ep_ret=-777.562 opt_ret=-777.562 step_rew=-7.7756 opt_step=-7.7756 gap0=777.562 dret=+31.474 eval_ret=n/a pursuer_target_distance=4.153 capture=0.000 score=0.000 pol=-0.0008 val=0.0213 ent=1.5547 tot=+0.0007 agnorm=0.032 cgnorm=0.053 kl=0.0011 clipf=0.000 ev=+0.446 r0=1.0000 entcoef=5.88e-03 lr=3.8e-04 seed=0
iter= 287 step= 921600 ep_ret=-861.350 opt_ret=-861.350 step_rew=-8.6135 opt_step=-8.6135 gap0=861.350 dret=-52.314 eval_ret=n/a pursuer_target_distance=4.181 capture=0.000 score=0.000 pol=-0.0006 val=0.0216 ent=1.5250 tot=+0.0012 agnorm=0.035 cgnorm=0.051 kl=0.0022 clipf=0.007 ev=+0.441 r0=1.0000 entcoef=5.86e-03 lr=3.8e-04 seed=0
iter= 288 step= 924800 ep_ret=-836.692 opt_ret=-836.692 step_rew=-8.3669 opt_step=-8.3669 gap0=836.692 dret=-27.656 eval_ret=n/a pursuer_target_distance=4.626 capture=0.000 score=0.000 pol=-0.0004 val=0.0176 ent=1.5161 tot=-0.0005 agnorm=0.031 cgnorm=0.049 kl=0.0011 clipf=0.001 ev=+0.604 r0=1.0000 entcoef=5.85e-03 lr=3.8e-04 seed=0
iter= 289 step= 928000 ep_ret=-892.028 opt_ret=-892.028 step_rew=-8.9203 opt_step=-8.9203 gap0=892.028 dret=-82.992 eval_ret=n/a pursuer_target_distance=4.847 capture=0.000 score=0.000 pol=-0.0008 val=0.0201 ent=1.5164 tot=+0.0004 agnorm=0.050 cgnorm=0.053 kl=0.0025 clipf=0.011 ev=+0.482 r0=1.0000 entcoef=5.83e-03 lr=3.8e-04 seed=0
iter= 290 step= 931200 ep_ret=-776.852 opt_ret=-776.852 step_rew=-7.7685 opt_step=-7.7685 gap0=776.852 dret=+32.183 eval_ret=n/a pursuer_target_distance=4.136 capture=0.000 score=0.000 pol=-0.0007 val=0.0176 ent=1.5150 tot=-0.0007 agnorm=0.033 cgnorm=0.050 kl=0.0010 clipf=0.000 ev=+0.534 r0=1.0000 entcoef=5.82e-03 lr=3.8e-04 seed=0
iter= 291 step= 934400 ep_ret=-881.030 opt_ret=-881.030 step_rew=-8.8103 opt_step=-8.8103 gap0=881.030 dret=-71.994 eval_ret=n/a pursuer_target_distance=4.529 capture=0.000 score=0.000 pol=-0.0004 val=0.0301 ent=1.5089 tot=+0.0059 agnorm=0.028 cgnorm=0.064 kl=0.0015 clipf=0.003 ev=+0.427 r0=1.0000 entcoef=5.80e-03 lr=3.8e-04 seed=0
iter= 292 step= 937600 ep_ret=-773.827 opt_ret=-773.827 step_rew=-7.7383 opt_step=-7.7383 gap0=773.827 dret=+35.208 eval_ret=n/a pursuer_target_distance=3.821 capture=0.000 score=0.000 pol=-0.0005 val=0.0230 ent=1.5195 tot=+0.0022 agnorm=0.026 cgnorm=0.059 kl=0.0005 clipf=0.000 ev=+0.404 r0=1.0000 entcoef=5.79e-03 lr=3.8e-04 seed=0
iter= 293 step= 940800 ep_ret=-881.195 opt_ret=-881.195 step_rew=-8.8119 opt_step=-8.8119 gap0=881.195 dret=-72.159 eval_ret=n/a pursuer_target_distance=4.237 capture=0.000 score=0.000 pol=-0.0006 val=0.0299 ent=1.5202 tot=+0.0056 agnorm=0.033 cgnorm=0.068 kl=0.0014 clipf=0.002 ev=+0.396 r0=1.0000 entcoef=5.77e-03 lr=3.8e-04 seed=0
iter= 294 step= 944000 ep_ret=-825.014 opt_ret=-825.014 step_rew=-8.2501 opt_step=-8.2501 gap0=825.014 dret=-15.979 eval_ret=n/a pursuer_target_distance=4.398 capture=0.000 score=0.000 pol=-0.0008 val=0.0271 ent=1.5115 tot=+0.0041 agnorm=0.034 cgnorm=0.063 kl=0.0023 clipf=0.008 ev=+0.489 r0=1.0000 entcoef=5.76e-03 lr=3.7e-04 seed=0
iter= 295 step= 947200 ep_ret=-821.515 opt_ret=-821.515 step_rew=-8.2152 opt_step=-8.2152 gap0=821.515 dret=-12.479 eval_ret=n/a pursuer_target_distance=3.873 capture=0.000 score=0.000 pol=-0.0006 val=0.0131 ent=1.4895 tot=-0.0026 agnorm=0.022 cgnorm=0.039 kl=0.0012 clipf=0.002 ev=+0.554 r0=1.0000 entcoef=5.75e-03 lr=3.7e-04 seed=0
iter= 296 step= 950400 ep_ret=-886.494 opt_ret=-886.494 step_rew=-8.8649 opt_step=-8.8649 gap0=886.494 dret=-77.458 eval_ret=n/a pursuer_target_distance=4.485 capture=0.000 score=0.000 pol=-0.0004 val=0.0366 ent=1.4718 tot=+0.0095 agnorm=0.024 cgnorm=0.063 kl=0.0009 clipf=0.001 ev=+0.382 r0=1.0000 entcoef=5.73e-03 lr=3.7e-04 seed=0
iter= 297 step= 953600 ep_ret=-825.704 opt_ret=-825.704 step_rew=-8.2570 opt_step=-8.2570 gap0=825.704 dret=-16.668 eval_ret=n/a pursuer_target_distance=3.913 capture=0.000 score=0.000 pol=-0.0007 val=0.0197 ent=1.4585 tot=+0.0009 agnorm=0.034 cgnorm=0.050 kl=0.0021 clipf=0.015 ev=+0.493 r0=1.0000 entcoef=5.72e-03 lr=3.7e-04 seed=0
iter= 298 step= 956800 ep_ret=-768.479 opt_ret=-768.479 step_rew=-7.6848 opt_step=-7.6848 gap0=768.479 dret=+40.557 eval_ret=n/a pursuer_target_distance=3.802 capture=0.000 score=0.000 pol=-0.0004 val=0.0245 ent=1.4622 tot=+0.0035 agnorm=0.024 cgnorm=0.061 kl=0.0018 clipf=0.003 ev=+0.530 r0=1.0000 entcoef=5.70e-03 lr=3.7e-04 seed=0
iter= 299 step= 960000 ep_ret=-844.303 opt_ret=-844.303 step_rew=-8.4430 opt_step=-8.4430 gap0=844.303 dret=-35.268 eval_ret=n/a pursuer_target_distance=3.970 capture=0.000 score=0.000 pol=-0.0004 val=0.0249 ent=1.4617 tot=+0.0038 agnorm=0.028 cgnorm=0.057 kl=0.0007 clipf=0.000 ev=+0.494 r0=1.0000 entcoef=5.69e-03 lr=3.7e-04 seed=0
iter= 300 step= 963200 ep_ret=-852.013 opt_ret=-852.013 step_rew=-8.5201 opt_step=-8.5201 gap0=852.013 dret=-42.977 eval_ret=-862.411 pursuer_target_distance=4.314 capture=0.000 score=0.000 pol=-0.0006 val=0.0224 ent=1.4598 tot=+0.0023 agnorm=0.028 cgnorm=0.057 kl=0.0010 clipf=0.000 ev=+0.630 r0=1.0000 entcoef=5.67e-03 lr=3.7e-04 seed=0
iter= 301 step= 966400 ep_ret=-789.137 opt_ret=-789.137 step_rew=-7.8914 opt_step=-7.8914 gap0=789.137 dret=+19.899 eval_ret=n/a pursuer_target_distance=3.965 capture=0.000 score=0.000 pol=-0.0006 val=0.0223 ent=1.4654 tot=+0.0022 agnorm=0.039 cgnorm=0.054 kl=0.0018 clipf=0.011 ev=+0.522 r0=1.0000 entcoef=5.66e-03 lr=3.7e-04 seed=0
iter= 302 step= 969600 ep_ret=-845.283 opt_ret=-845.283 step_rew=-8.4528 opt_step=-8.4528 gap0=845.283 dret=-36.247 eval_ret=n/a pursuer_target_distance=4.282 capture=0.000 score=0.000 pol=-0.0005 val=0.0302 ent=1.4673 tot=+0.0064 agnorm=0.031 cgnorm=0.057 kl=0.0006 clipf=0.000 ev=+0.354 r0=1.0000 entcoef=5.64e-03 lr=3.7e-04 seed=0
iter= 303 step= 972800 ep_ret=-837.907 opt_ret=-837.907 step_rew=-8.3791 opt_step=-8.3791 gap0=837.907 dret=-28.872 eval_ret=n/a pursuer_target_distance=4.043 capture=0.000 score=0.000 pol=-0.0004 val=0.0298 ent=1.4768 tot=+0.0062 agnorm=0.025 cgnorm=0.060 kl=0.0005 clipf=0.000 ev=+0.416 r0=1.0000 entcoef=5.63e-03 lr=3.6e-04 seed=0
iter= 304 step= 976000 ep_ret=-792.473 opt_ret=-792.473 step_rew=-7.9247 opt_step=-7.9247 gap0=792.473 dret=+16.563 eval_ret=n/a pursuer_target_distance=4.126 capture=0.000 score=0.000 pol=-0.0003 val=0.0174 ent=1.4785 tot=+0.0001 agnorm=0.023 cgnorm=0.048 kl=0.0008 clipf=0.000 ev=+0.347 r0=1.0000 entcoef=5.62e-03 lr=3.6e-04 seed=0
iter= 305 step= 979200 ep_ret=-887.043 opt_ret=-887.043 step_rew=-8.8704 opt_step=-8.8704 gap0=887.043 dret=-78.007 eval_ret=n/a pursuer_target_distance=4.559 capture=0.000 score=0.000 pol=-0.0003 val=0.0246 ent=1.4781 tot=+0.0038 agnorm=0.022 cgnorm=0.060 kl=0.0005 clipf=0.000 ev=+0.354 r0=1.0000 entcoef=5.60e-03 lr=3.6e-04 seed=0
iter= 306 step= 982400 ep_ret=-799.143 opt_ret=-799.143 step_rew=-7.9914 opt_step=-7.9914 gap0=799.143 dret=+9.893 eval_ret=n/a pursuer_target_distance=3.797 capture=0.000 score=0.000 pol=-0.0005 val=0.0198 ent=1.4799 tot=+0.0011 agnorm=0.036 cgnorm=0.058 kl=0.0007 clipf=0.001 ev=+0.340 r0=1.0000 entcoef=5.59e-03 lr=3.6e-04 seed=0
iter= 307 step= 985600 ep_ret=-756.919 opt_ret=-756.919 step_rew=-7.5692 opt_step=-7.5692 gap0=756.919 dret=+52.117 eval_ret=n/a pursuer_target_distance=4.116 capture=0.000 score=0.000 pol=-0.0006 val=0.0273 ent=1.4785 tot=+0.0048 agnorm=0.056 cgnorm=0.071 kl=0.0013 clipf=0.007 ev=+0.242 r0=1.0000 entcoef=5.57e-03 lr=3.6e-04 seed=0
iter= 308 step= 988800 ep_ret=-838.337 opt_ret=-838.337 step_rew=-8.3834 opt_step=-8.3834 gap0=838.337 dret=-29.301 eval_ret=n/a pursuer_target_distance=3.917 capture=0.000 score=0.000 pol=-0.0005 val=0.0298 ent=1.4826 tot=+0.0061 agnorm=0.028 cgnorm=0.063 kl=0.0016 clipf=0.004 ev=+0.444 r0=1.0000 entcoef=5.56e-03 lr=3.6e-04 seed=0
iter= 309 step= 992000 ep_ret=-766.921 opt_ret=-766.921 step_rew=-7.6692 opt_step=-7.6692 gap0=766.921 dret=+42.115 eval_ret=n/a pursuer_target_distance=4.037 capture=0.000 score=0.000 pol=-0.0005 val=0.0174 ent=1.4721 tot=+0.0000 agnorm=0.029 cgnorm=0.047 kl=0.0006 clipf=0.000 ev=+0.634 r0=1.0000 entcoef=5.54e-03 lr=3.6e-04 seed=0
iter= 310 step= 995200 ep_ret=-810.843 opt_ret=-810.843 step_rew=-8.1084 opt_step=-8.1084 gap0=810.843 dret=-1.807 eval_ret=n/a pursuer_target_distance=4.434 capture=0.000 score=0.000 pol=-0.0006 val=0.0358 ent=1.4674 tot=+0.0092 agnorm=0.030 cgnorm=0.076 kl=0.0019 clipf=0.008 ev=+0.427 r0=1.0000 entcoef=5.53e-03 lr=3.6e-04 seed=0
iter= 311 step= 998400 ep_ret=-752.961 opt_ret=-752.961 step_rew=-7.5296 opt_step=-7.5296 gap0=752.961 dret=+56.075 eval_ret=n/a pursuer_target_distance=3.870 capture=0.000 score=0.000 pol=-0.0006 val=0.0318 ent=1.4781 tot=+0.0071 agnorm=0.038 cgnorm=0.070 kl=0.0007 clipf=0.000 ev=+0.364 r0=1.0000 entcoef=5.51e-03 lr=3.6e-04 seed=0
iter= 312 step=1001600 ep_ret=-801.705 opt_ret=-801.705 step_rew=-8.0171 opt_step=-8.0171 gap0=801.705 dret=+7.331 eval_ret=n/a pursuer_target_distance=3.878 capture=0.000 score=0.000 pol=-0.0002 val=0.0188 ent=1.4985 tot=+0.0009 agnorm=0.030 cgnorm=0.055 kl=0.0009 clipf=0.003 ev=+0.585 r0=1.0000 entcoef=5.50e-03 lr=3.6e-04 seed=0
iter= 313 step=1004800 ep_ret=-850.680 opt_ret=-850.680 step_rew=-8.5068 opt_step=-8.5068 gap0=850.680 dret=-41.644 eval_ret=n/a pursuer_target_distance=4.650 capture=0.000 score=0.000 pol=-0.0001 val=0.0430 ent=1.5042 tot=+0.0131 agnorm=0.023 cgnorm=0.083 kl=0.0001 clipf=0.000 ev=+0.472 r0=1.0000 entcoef=5.49e-03 lr=3.5e-04 seed=0
iter= 314 step=1008000 ep_ret=-747.904 opt_ret=-747.904 step_rew=-7.4790 opt_step=-7.4790 gap0=747.904 dret=+61.132 eval_ret=n/a pursuer_target_distance=3.523 capture=0.000 score=0.000 pol=-0.0006 val=0.0201 ent=1.5099 tot=+0.0012 agnorm=0.029 cgnorm=0.059 kl=0.0008 clipf=0.004 ev=+0.714 r0=1.0000 entcoef=5.47e-03 lr=3.5e-04 seed=0
iter= 315 step=1011200 ep_ret=-860.775 opt_ret=-860.775 step_rew=-8.6078 opt_step=-8.6078 gap0=860.775 dret=-51.739 eval_ret=n/a pursuer_target_distance=4.542 capture=0.000 score=0.000 pol=-0.0006 val=0.0263 ent=1.5087 tot=+0.0044 agnorm=0.028 cgnorm=0.077 kl=0.0010 clipf=0.000 ev=+0.444 r0=1.0000 entcoef=5.46e-03 lr=3.5e-04 seed=0
iter= 316 step=1014400 ep_ret=-822.944 opt_ret=-822.944 step_rew=-8.2294 opt_step=-8.2294 gap0=822.944 dret=-13.908 eval_ret=n/a pursuer_target_distance=3.942 capture=0.000 score=0.000 pol=-0.0003 val=0.0219 ent=1.4966 tot=+0.0025 agnorm=0.021 cgnorm=0.054 kl=0.0008 clipf=0.000 ev=+0.639 r0=1.0000 entcoef=5.44e-03 lr=3.5e-04 seed=0
iter= 317 step=1017600 ep_ret=-781.177 opt_ret=-781.177 step_rew=-7.8118 opt_step=-7.8118 gap0=781.177 dret=+27.859 eval_ret=n/a pursuer_target_distance=3.840 capture=0.000 score=0.000 pol=-0.0004 val=0.0146 ent=1.4819 tot=-0.0011 agnorm=0.023 cgnorm=0.046 kl=0.0010 clipf=0.000 ev=+0.667 r0=1.0000 entcoef=5.43e-03 lr=3.5e-04 seed=0
iter= 318 step=1020800 ep_ret=-771.691 opt_ret=-771.691 step_rew=-7.7169 opt_step=-7.7169 gap0=771.691 dret=+37.345 eval_ret=n/a pursuer_target_distance=4.220 capture=0.000 score=0.000 pol=-0.0001 val=0.0217 ent=1.4657 tot=+0.0028 agnorm=0.024 cgnorm=0.057 kl=0.0002 clipf=0.000 ev=+0.541 r0=1.0000 entcoef=5.41e-03 lr=3.5e-04 seed=0
iter= 319 step=1024000 ep_ret=-807.398 opt_ret=-807.398 step_rew=-8.0740 opt_step=-8.0740 gap0=807.398 dret=+1.638 eval_ret=n/a pursuer_target_distance=3.817 capture=0.000 score=0.000 pol=-0.0003 val=0.0126 ent=1.4660 tot=-0.0019 agnorm=0.027 cgnorm=0.043 kl=0.0007 clipf=0.001 ev=+0.701 r0=1.0000 entcoef=5.40e-03 lr=3.5e-04 seed=0
iter= 320 step=1027200 ep_ret=-781.595 opt_ret=-781.595 step_rew=-7.8159 opt_step=-7.8159 gap0=781.595 dret=+27.441 eval_ret=-826.675 pursuer_target_distance=4.043 capture=0.000 score=0.000 pol=-0.0007 val=0.0176 ent=1.4841 tot=+0.0001 agnorm=0.033 cgnorm=0.047 kl=0.0010 clipf=0.001 ev=+0.586 r0=1.0000 entcoef=5.38e-03 lr=3.5e-04 seed=0
iter= 321 step=1030400 ep_ret=-873.096 opt_ret=-873.096 step_rew=-8.7310 opt_step=-8.7310 gap0=873.096 dret=-64.060 eval_ret=n/a pursuer_target_distance=4.767 capture=0.000 score=0.000 pol=-0.0002 val=0.0288 ent=1.4837 tot=+0.0062 agnorm=0.021 cgnorm=0.053 kl=0.0009 clipf=0.000 ev=+0.573 r0=1.0000 entcoef=5.37e-03 lr=3.5e-04 seed=0
iter= 322 step=1033600 ep_ret=-809.358 opt_ret=-809.358 step_rew=-8.0936 opt_step=-8.0936 gap0=809.358 dret=-0.322 eval_ret=n/a pursuer_target_distance=4.986 capture=0.000 score=0.000 pol=-0.0006 val=0.0377 ent=1.4951 tot=+0.0103 agnorm=0.036 cgnorm=0.076 kl=0.0011 clipf=0.005 ev=+0.303 r0=1.0000 entcoef=5.36e-03 lr=3.4e-04 seed=0
iter= 323 step=1036800 ep_ret=-821.756 opt_ret=-821.756 step_rew=-8.2176 opt_step=-8.2176 gap0=821.756 dret=-12.720 eval_ret=n/a pursuer_target_distance=4.263 capture=0.000 score=0.000 pol=-0.0004 val=0.0200 ent=1.4933 tot=+0.0017 agnorm=0.030 cgnorm=0.054 kl=0.0013 clipf=0.004 ev=+0.524 r0=1.0000 entcoef=5.34e-03 lr=3.4e-04 seed=0
iter= 324 step=1040000 ep_ret=-795.896 opt_ret=-795.896 step_rew=-7.9590 opt_step=-7.9590 gap0=795.896 dret=+13.140 eval_ret=n/a pursuer_target_distance=4.025 capture=0.000 score=0.000 pol=-0.0006 val=0.0282 ent=1.4978 tot=+0.0055 agnorm=0.035 cgnorm=0.065 kl=0.0015 clipf=0.004 ev=+0.142 r0=1.0000 entcoef=5.33e-03 lr=3.4e-04 seed=0
iter= 325 step=1043200 ep_ret=-772.362 opt_ret=-772.362 step_rew=-7.7236 opt_step=-7.7236 gap0=772.362 dret=+36.674 eval_ret=n/a pursuer_target_distance=4.340 capture=0.000 score=0.000 pol=-0.0002 val=0.0210 ent=1.5036 tot=+0.0023 agnorm=0.029 cgnorm=0.050 kl=0.0007 clipf=0.001 ev=+0.511 r0=1.0000 entcoef=5.31e-03 lr=3.4e-04 seed=0
iter= 326 step=1046400 ep_ret=-808.266 opt_ret=-808.266 step_rew=-8.0827 opt_step=-8.0827 gap0=808.266 dret=+0.770 eval_ret=n/a pursuer_target_distance=3.242 capture=0.000 score=0.000 pol=-0.0008 val=0.0250 ent=1.5158 tot=+0.0036 agnorm=0.055 cgnorm=0.063 kl=0.0020 clipf=0.012 ev=+0.512 r0=1.0000 entcoef=5.30e-03 lr=3.4e-04 seed=0
iter= 327 step=1049600 ep_ret=-747.167 opt_ret=-747.167 step_rew=-7.4717 opt_step=-7.4717 gap0=747.167 dret=+61.869 eval_ret=n/a pursuer_target_distance=3.770 capture=0.000 score=0.000 pol=-0.0002 val=0.0235 ent=1.5236 tot=+0.0035 agnorm=0.021 cgnorm=0.051 kl=0.0009 clipf=0.000 ev=+0.561 r0=1.0000 entcoef=5.28e-03 lr=3.4e-04 seed=0
iter= 328 step=1052800 ep_ret=-864.519 opt_ret=-864.519 step_rew=-8.6452 opt_step=-8.6452 gap0=864.519 dret=-55.483 eval_ret=n/a pursuer_target_distance=4.701 capture=0.000 score=0.000 pol=-0.0003 val=0.0261 ent=1.5339 tot=+0.0047 agnorm=0.031 cgnorm=0.057 kl=0.0004 clipf=0.000 ev=+0.282 r0=1.0000 entcoef=5.27e-03 lr=3.4e-04 seed=0
iter= 329 step=1056000 ep_ret=-835.047 opt_ret=-835.047 step_rew=-8.3505 opt_step=-8.3505 gap0=835.047 dret=-26.011 eval_ret=n/a pursuer_target_distance=4.604 capture=0.000 score=0.000 pol=-0.0008 val=0.0196 ent=1.5364 tot=+0.0009 agnorm=0.042 cgnorm=0.047 kl=0.0015 clipf=0.002 ev=+0.401 r0=1.0000 entcoef=5.25e-03 lr=3.4e-04 seed=0
iter= 330 step=1059200 ep_ret=-832.869 opt_ret=-832.869 step_rew=-8.3287 opt_step=-8.3287 gap0=832.869 dret=-23.833 eval_ret=n/a pursuer_target_distance=4.654 capture=0.000 score=0.000 pol=-0.0005 val=0.0226 ent=1.5499 tot=+0.0027 agnorm=0.038 cgnorm=0.055 kl=0.0020 clipf=0.005 ev=+0.272 r0=1.0000 entcoef=5.24e-03 lr=3.4e-04 seed=0
iter= 331 step=1062400 ep_ret=-822.236 opt_ret=-822.236 step_rew=-8.2224 opt_step=-8.2224 gap0=822.236 dret=-13.200 eval_ret=n/a pursuer_target_distance=4.058 capture=0.000 score=0.000 pol=-0.0002 val=0.0130 ent=1.5519 tot=-0.0018 agnorm=0.029 cgnorm=0.043 kl=0.0004 clipf=0.000 ev=+0.562 r0=1.0000 entcoef=5.23e-03 lr=3.3e-04 seed=0
iter= 332 step=1065600 ep_ret=-901.579 opt_ret=-901.579 step_rew=-9.0158 opt_step=-9.0158 gap0=901.579 dret=-92.543 eval_ret=n/a pursuer_target_distance=4.451 capture=0.000 score=0.000 pol=-0.0004 val=0.0338 ent=1.5366 tot=+0.0085 agnorm=0.023 cgnorm=0.070 kl=0.0010 clipf=0.004 ev=+0.433 r0=1.0000 entcoef=5.21e-03 lr=3.3e-04 seed=0
iter= 333 step=1068800 ep_ret=-788.510 opt_ret=-788.510 step_rew=-7.8851 opt_step=-7.8851 gap0=788.510 dret=+20.526 eval_ret=n/a pursuer_target_distance=4.170 capture=0.000 score=0.000 pol=-0.0004 val=0.0248 ent=1.5303 tot=+0.0041 agnorm=0.027 cgnorm=0.052 kl=0.0007 clipf=0.001 ev=+0.312 r0=1.0000 entcoef=5.20e-03 lr=3.3e-04 seed=0
iter= 334 step=1072000 ep_ret=-802.548 opt_ret=-802.548 step_rew=-8.0255 opt_step=-8.0255 gap0=802.548 dret=+6.488 eval_ret=n/a pursuer_target_distance=3.995 capture=0.000 score=0.000 pol=-0.0003 val=0.0216 ent=1.5289 tot=+0.0026 agnorm=0.025 cgnorm=0.050 kl=0.0003 clipf=0.000 ev=+0.422 r0=1.0000 entcoef=5.18e-03 lr=3.3e-04 seed=0
iter= 335 step=1075200 ep_ret=-804.865 opt_ret=-804.865 step_rew=-8.0487 opt_step=-8.0487 gap0=804.865 dret=+4.171 eval_ret=n/a pursuer_target_distance=4.242 capture=0.000 score=0.000 pol=-0.0004 val=0.0271 ent=1.5363 tot=+0.0051 agnorm=0.033 cgnorm=0.055 kl=0.0012 clipf=0.006 ev=+0.340 r0=1.0000 entcoef=5.17e-03 lr=3.3e-04 seed=0
iter= 336 step=1078400 ep_ret=-808.948 opt_ret=-808.948 step_rew=-8.0895 opt_step=-8.0895 gap0=808.948 dret=+0.087 eval_ret=n/a pursuer_target_distance=4.689 capture=0.000 score=0.000 pol=-0.0004 val=0.0210 ent=1.5437 tot=+0.0021 agnorm=0.025 cgnorm=0.053 kl=0.0011 clipf=0.000 ev=+0.337 r0=1.0000 entcoef=5.15e-03 lr=3.3e-04 seed=0
iter= 337 step=1081600 ep_ret=-836.161 opt_ret=-836.161 step_rew=-8.3616 opt_step=-8.3616 gap0=836.161 dret=-27.125 eval_ret=n/a pursuer_target_distance=4.203 capture=0.000 score=0.000 pol=-0.0003 val=0.0270 ent=1.5427 tot=+0.0053 agnorm=0.024 cgnorm=0.059 kl=0.0013 clipf=0.005 ev=+0.208 r0=1.0000 entcoef=5.14e-03 lr=3.3e-04 seed=0
iter= 338 step=1084800 ep_ret=-739.468 opt_ret=-739.468 step_rew=-7.3947 opt_step=-7.3947 gap0=739.468 dret=+69.568 eval_ret=n/a pursuer_target_distance=3.586 capture=0.000 score=0.000 pol=-0.0008 val=0.0247 ent=1.5255 tot=+0.0037 agnorm=0.047 cgnorm=0.053 kl=0.0009 clipf=0.000 ev=+0.597 r0=1.0000 entcoef=5.13e-03 lr=3.3e-04 seed=0
iter= 339 step=1088000 ep_ret=-802.511 opt_ret=-802.511 step_rew=-8.0251 opt_step=-8.0251 gap0=802.511 dret=+6.525 eval_ret=n/a pursuer_target_distance=3.610 capture=0.000 score=0.000 pol=+0.0001 val=0.0198 ent=1.5251 tot=+0.0021 agnorm=0.021 cgnorm=0.046 kl=0.0008 clipf=0.000 ev=+0.496 r0=1.0000 entcoef=5.11e-03 lr=3.3e-04 seed=0
iter= 340 step=1091200 ep_ret=-890.843 opt_ret=-890.843 step_rew=-8.9084 opt_step=-8.9084 gap0=890.843 dret=-81.807 eval_ret=-826.702 pursuer_target_distance=4.471 capture=0.000 score=0.000 pol=-0.0002 val=0.0368 ent=1.5261 tot=+0.0104 agnorm=0.020 cgnorm=0.077 kl=0.0001 clipf=0.000 ev=+0.373 r0=1.0000 entcoef=5.10e-03 lr=3.2e-04 seed=0
iter= 341 step=1094400 ep_ret=-848.286 opt_ret=-848.286 step_rew=-8.4829 opt_step=-8.4829 gap0=848.286 dret=-39.250 eval_ret=n/a pursuer_target_distance=4.338 capture=0.000 score=0.000 pol=-0.0004 val=0.0282 ent=1.5163 tot=+0.0060 agnorm=0.019 cgnorm=0.063 kl=0.0003 clipf=0.000 ev=+0.442 r0=1.0000 entcoef=5.08e-03 lr=3.2e-04 seed=0
iter= 342 step=1097600 ep_ret=-775.881 opt_ret=-775.881 step_rew=-7.7588 opt_step=-7.7588 gap0=775.881 dret=+33.155 eval_ret=n/a pursuer_target_distance=3.353 capture=0.000 score=0.000 pol=-0.0002 val=0.0304 ent=1.5008 tot=+0.0074 agnorm=0.024 cgnorm=0.067 kl=0.0004 clipf=0.000 ev=+0.302 r0=1.0000 entcoef=5.07e-03 lr=3.2e-04 seed=0
iter= 343 step=1100800 ep_ret=-850.281 opt_ret=-850.281 step_rew=-8.5028 opt_step=-8.5028 gap0=850.281 dret=-41.246 eval_ret=n/a pursuer_target_distance=4.302 capture=0.000 score=0.000 pol=-0.0007 val=0.0264 ent=1.5077 tot=+0.0048 agnorm=0.030 cgnorm=0.065 kl=0.0012 clipf=0.002 ev=+0.263 r0=1.0000 entcoef=5.05e-03 lr=3.2e-04 seed=0
iter= 344 step=1104000 ep_ret=-819.175 opt_ret=-819.175 step_rew=-8.1918 opt_step=-8.1918 gap0=819.175 dret=-10.139 eval_ret=n/a pursuer_target_distance=4.424 capture=0.000 score=0.000 pol=-0.0004 val=0.0211 ent=1.4950 tot=+0.0027 agnorm=0.019 cgnorm=0.056 kl=0.0009 clipf=0.001 ev=+0.339 r0=1.0000 entcoef=5.04e-03 lr=3.2e-04 seed=0
iter= 345 step=1107200 ep_ret=-772.090 opt_ret=-772.090 step_rew=-7.7209 opt_step=-7.7209 gap0=772.090 dret=+36.946 eval_ret=n/a pursuer_target_distance=3.930 capture=0.000 score=0.000 pol=-0.0008 val=0.0360 ent=1.4852 tot=+0.0098 agnorm=0.039 cgnorm=0.056 kl=0.0009 clipf=0.000 ev=+0.434 r0=1.0000 entcoef=5.02e-03 lr=3.2e-04 seed=0
iter= 346 step=1110400 ep_ret=-888.286 opt_ret=-888.286 step_rew=-8.8829 opt_step=-8.8829 gap0=888.286 dret=-79.250 eval_ret=n/a pursuer_target_distance=4.916 capture=0.000 score=0.000 pol=-0.0014 val=0.0438 ent=1.4546 tot=+0.0132 agnorm=0.068 cgnorm=0.070 kl=0.0031 clipf=0.018 ev=+0.270 r0=1.0000 entcoef=5.01e-03 lr=3.2e-04 seed=0
iter= 347 step=1113600 ep_ret=-856.278 opt_ret=-856.278 step_rew=-8.5628 opt_step=-8.5628 gap0=856.278 dret=-47.242 eval_ret=n/a pursuer_target_distance=4.431 capture=0.000 score=0.000 pol=-0.0004 val=0.0333 ent=1.4400 tot=+0.0091 agnorm=0.027 cgnorm=0.071 kl=0.0012 clipf=0.000 ev=+0.403 r0=1.0000 entcoef=5.00e-03 lr=3.2e-04 seed=0
iter= 348 step=1116800 ep_ret=-855.096 opt_ret=-855.096 step_rew=-8.5510 opt_step=-8.5510 gap0=855.096 dret=-46.061 eval_ret=n/a pursuer_target_distance=3.886 capture=0.000 score=0.000 pol=-0.0002 val=0.0209 ent=1.4380 tot=+0.0031 agnorm=0.029 cgnorm=0.052 kl=0.0006 clipf=0.004 ev=+0.501 r0=1.0000 entcoef=4.98e-03 lr=3.2e-04 seed=0
iter= 349 step=1120000 ep_ret=-801.956 opt_ret=-801.956 step_rew=-8.0196 opt_step=-8.0196 gap0=801.956 dret=+7.080 eval_ret=n/a pursuer_target_distance=3.789 capture=0.000 score=0.000 pol=-0.0002 val=0.0313 ent=1.4357 tot=+0.0083 agnorm=0.024 cgnorm=0.068 kl=0.0002 clipf=0.000 ev=+0.352 r0=1.0000 entcoef=4.97e-03 lr=3.1e-04 seed=0
iter= 350 step=1123200 ep_ret=-855.445 opt_ret=-855.445 step_rew=-8.5545 opt_step=-8.5545 gap0=855.445 dret=-46.409 eval_ret=n/a pursuer_target_distance=4.254 capture=0.000 score=0.000 pol=-0.0004 val=0.0183 ent=1.4302 tot=+0.0017 agnorm=0.017 cgnorm=0.048 kl=0.0004 clipf=0.000 ev=+0.537 r0=1.0000 entcoef=4.95e-03 lr=3.1e-04 seed=0
iter= 351 step=1126400 ep_ret=-790.269 opt_ret=-790.269 step_rew=-7.9027 opt_step=-7.9027 gap0=790.269 dret=+18.767 eval_ret=n/a pursuer_target_distance=3.993 capture=0.000 score=0.000 pol=-0.0006 val=0.0279 ent=1.4155 tot=+0.0064 agnorm=0.032 cgnorm=0.059 kl=0.0010 clipf=0.000 ev=+0.532 r0=1.0000 entcoef=4.94e-03 lr=3.1e-04 seed=0
iter= 352 step=1129600 ep_ret=-763.845 opt_ret=-763.845 step_rew=-7.6384 opt_step=-7.6384 gap0=763.845 dret=+45.191 eval_ret=n/a pursuer_target_distance=3.913 capture=0.000 score=0.000 pol=-0.0004 val=0.0262 ent=1.4311 tot=+0.0057 agnorm=0.030 cgnorm=0.070 kl=0.0009 clipf=0.001 ev=+0.193 r0=1.0000 entcoef=4.92e-03 lr=3.1e-04 seed=0
iter= 353 step=1132800 ep_ret=-763.426 opt_ret=-763.426 step_rew=-7.6343 opt_step=-7.6343 gap0=763.426 dret=+45.610 eval_ret=n/a pursuer_target_distance=4.271 capture=0.000 score=0.000 pol=-0.0003 val=0.0308 ent=1.4392 tot=+0.0080 agnorm=0.031 cgnorm=0.059 kl=0.0005 clipf=0.003 ev=+0.494 r0=1.0000 entcoef=4.91e-03 lr=3.1e-04 seed=0
iter= 354 step=1136000 ep_ret=-897.472 opt_ret=-897.472 step_rew=-8.9747 opt_step=-8.9747 gap0=897.472 dret=-88.437 eval_ret=n/a pursuer_target_distance=5.317 capture=0.000 score=0.000 pol=-0.0007 val=0.0346 ent=1.4354 tot=+0.0096 agnorm=0.039 cgnorm=0.076 kl=0.0012 clipf=0.000 ev=+0.379 r0=1.0000 entcoef=4.89e-03 lr=3.1e-04 seed=0
iter= 355 step=1139200 ep_ret=-868.714 opt_ret=-868.714 step_rew=-8.6871 opt_step=-8.6871 gap0=868.714 dret=-59.678 eval_ret=n/a pursuer_target_distance=4.347 capture=0.000 score=0.000 pol=-0.0009 val=0.0306 ent=1.4293 tot=+0.0074 agnorm=0.036 cgnorm=0.062 kl=0.0023 clipf=0.007 ev=+0.345 r0=1.0000 entcoef=4.88e-03 lr=3.1e-04 seed=0
iter= 356 step=1142400 ep_ret=-813.631 opt_ret=-813.631 step_rew=-8.1363 opt_step=-8.1363 gap0=813.631 dret=-4.595 eval_ret=n/a pursuer_target_distance=3.783 capture=0.000 score=0.000 pol=-0.0005 val=0.0286 ent=1.4343 tot=+0.0069 agnorm=0.039 cgnorm=0.059 kl=0.0009 clipf=0.003 ev=+0.346 r0=1.0000 entcoef=4.87e-03 lr=3.1e-04 seed=0
iter= 357 step=1145600 ep_ret=-771.309 opt_ret=-771.309 step_rew=-7.7131 opt_step=-7.7131 gap0=771.309 dret=+37.726 eval_ret=n/a pursuer_target_distance=3.953 capture=0.000 score=0.000 pol=-0.0007 val=0.0213 ent=1.4392 tot=+0.0029 agnorm=0.034 cgnorm=0.055 kl=0.0015 clipf=0.005 ev=+0.564 r0=1.0000 entcoef=4.85e-03 lr=3.1e-04 seed=0
iter= 358 step=1148800 ep_ret=-794.825 opt_ret=-794.825 step_rew=-7.9483 opt_step=-7.9483 gap0=794.825 dret=+14.210 eval_ret=n/a pursuer_target_distance=4.056 capture=0.000 score=0.000 pol=-0.0007 val=0.0273 ent=1.4304 tot=+0.0060 agnorm=0.057 cgnorm=0.054 kl=0.0013 clipf=0.007 ev=+0.429 r0=1.0000 entcoef=4.84e-03 lr=3.0e-04 seed=0
iter= 359 step=1152000 ep_ret=-809.944 opt_ret=-809.944 step_rew=-8.0994 opt_step=-8.0994 gap0=809.944 dret=-0.908 eval_ret=n/a pursuer_target_distance=4.270 capture=0.000 score=0.000 pol=-0.0001 val=0.0292 ent=1.4094 tot=+0.0077 agnorm=0.028 cgnorm=0.066 kl=0.0005 clipf=0.000 ev=+0.282 r0=1.0000 entcoef=4.82e-03 lr=3.0e-04 seed=0
iter= 360 step=1155200 ep_ret=-845.215 opt_ret=-845.215 step_rew=-8.4521 opt_step=-8.4521 gap0=845.215 dret=-36.179 eval_ret=-821.471 pursuer_target_distance=5.025 capture=0.000 score=0.000 pol=-0.0006 val=0.0361 ent=1.3941 tot=+0.0108 agnorm=0.030 cgnorm=0.071 kl=0.0011 clipf=0.001 ev=+0.368 r0=1.0000 entcoef=4.81e-03 lr=3.0e-04 seed=0
iter= 361 step=1158400 ep_ret=-877.715 opt_ret=-877.715 step_rew=-8.7771 opt_step=-8.7771 gap0=877.715 dret=-68.679 eval_ret=n/a pursuer_target_distance=4.894 capture=0.000 score=0.000 pol=-0.0004 val=0.0361 ent=1.3675 tot=+0.0111 agnorm=0.033 cgnorm=0.078 kl=0.0009 clipf=0.002 ev=+0.324 r0=1.0000 entcoef=4.79e-03 lr=3.0e-04 seed=0
iter= 362 step=1161600 ep_ret=-848.157 opt_ret=-848.157 step_rew=-8.4816 opt_step=-8.4816 gap0=848.157 dret=-39.121 eval_ret=n/a pursuer_target_distance=4.688 capture=0.000 score=0.000 pol=-0.0004 val=0.0326 ent=1.3793 tot=+0.0093 agnorm=0.034 cgnorm=0.076 kl=0.0007 clipf=0.000 ev=+0.200 r0=1.0000 entcoef=4.78e-03 lr=3.0e-04 seed=0
iter= 363 step=1164800 ep_ret=-804.670 opt_ret=-804.670 step_rew=-8.0467 opt_step=-8.0467 gap0=804.670 dret=+4.366 eval_ret=n/a pursuer_target_distance=3.506 capture=0.000 score=0.000 pol=-0.0005 val=0.0174 ent=1.4026 tot=+0.0015 agnorm=0.054 cgnorm=0.049 kl=0.0017 clipf=0.016 ev=+0.665 r0=1.0000 entcoef=4.76e-03 lr=3.0e-04 seed=0
iter= 364 step=1168000 ep_ret=-776.997 opt_ret=-776.997 step_rew=-7.7700 opt_step=-7.7700 gap0=776.997 dret=+32.039 eval_ret=n/a pursuer_target_distance=4.129 capture=0.000 score=0.000 pol=-0.0003 val=0.0146 ent=1.3994 tot=+0.0003 agnorm=0.031 cgnorm=0.049 kl=0.0013 clipf=0.005 ev=+0.670 r0=1.0000 entcoef=4.75e-03 lr=3.0e-04 seed=0
iter= 365 step=1171200 ep_ret=-767.994 opt_ret=-767.994 step_rew=-7.6799 opt_step=-7.6799 gap0=767.994 dret=+41.042 eval_ret=n/a pursuer_target_distance=4.098 capture=0.000 score=0.000 pol=-0.0002 val=0.0265 ent=1.3913 tot=+0.0065 agnorm=0.024 cgnorm=0.057 kl=0.0004 clipf=0.003 ev=+0.390 r0=1.0000 entcoef=4.74e-03 lr=3.0e-04 seed=0
iter= 366 step=1174400 ep_ret=-781.463 opt_ret=-781.463 step_rew=-7.8146 opt_step=-7.8146 gap0=781.463 dret=+27.573 eval_ret=n/a pursuer_target_distance=4.097 capture=0.000 score=0.000 pol=-0.0005 val=0.0191 ent=1.3469 tot=+0.0026 agnorm=0.031 cgnorm=0.055 kl=0.0006 clipf=0.001 ev=+0.516 r0=1.0000 entcoef=4.72e-03 lr=3.0e-04 seed=0
iter= 367 step=1177600 ep_ret=-838.311 opt_ret=-838.311 step_rew=-8.3831 opt_step=-8.3831 gap0=838.311 dret=-29.275 eval_ret=n/a pursuer_target_distance=4.519 capture=0.000 score=0.000 pol=-0.0003 val=0.0287 ent=1.3622 tot=+0.0076 agnorm=0.031 cgnorm=0.059 kl=0.0005 clipf=0.000 ev=+0.554 r0=1.0000 entcoef=4.71e-03 lr=2.9e-04 seed=0
iter= 368 step=1180800 ep_ret=-839.041 opt_ret=-839.041 step_rew=-8.3904 opt_step=-8.3904 gap0=839.041 dret=-30.005 eval_ret=n/a pursuer_target_distance=4.317 capture=0.000 score=0.000 pol=-0.0005 val=0.0264 ent=1.4382 tot=+0.0060 agnorm=0.037 cgnorm=0.055 kl=0.0011 clipf=0.003 ev=+0.546 r0=1.0000 entcoef=4.69e-03 lr=2.9e-04 seed=0
iter= 369 step=1184000 ep_ret=-779.344 opt_ret=-779.344 step_rew=-7.7934 opt_step=-7.7934 gap0=779.344 dret=+29.691 eval_ret=n/a pursuer_target_distance=4.012 capture=0.000 score=0.000 pol=-0.0004 val=0.0239 ent=1.4343 tot=+0.0048 agnorm=0.032 cgnorm=0.065 kl=0.0007 clipf=0.003 ev=+0.363 r0=1.0000 entcoef=4.68e-03 lr=2.9e-04 seed=0
iter= 370 step=1187200 ep_ret=-758.002 opt_ret=-758.002 step_rew=-7.5800 opt_step=-7.5800 gap0=758.002 dret=+51.034 eval_ret=n/a pursuer_target_distance=4.005 capture=0.000 score=0.000 pol=-0.0005 val=0.0269 ent=1.4527 tot=+0.0062 agnorm=0.041 cgnorm=0.062 kl=0.0007 clipf=0.000 ev=+0.465 r0=1.0000 entcoef=4.66e-03 lr=2.9e-04 seed=0
iter= 371 step=1190400 ep_ret=-806.287 opt_ret=-806.287 step_rew=-8.0629 opt_step=-8.0629 gap0=806.287 dret=+2.749 eval_ret=n/a pursuer_target_distance=4.667 capture=0.000 score=0.000 pol=-0.0004 val=0.0252 ent=1.4512 tot=+0.0054 agnorm=0.032 cgnorm=0.060 kl=0.0010 clipf=0.000 ev=+0.515 r0=1.0000 entcoef=4.65e-03 lr=2.9e-04 seed=0
iter= 372 step=1193600 ep_ret=-871.143 opt_ret=-871.143 step_rew=-8.7114 opt_step=-8.7114 gap0=871.143 dret=-62.107 eval_ret=n/a pursuer_target_distance=4.209 capture=0.000 score=0.000 pol=-0.0004 val=0.0373 ent=1.4471 tot=+0.0116 agnorm=0.027 cgnorm=0.077 kl=0.0009 clipf=0.000 ev=+0.195 r0=1.0000 entcoef=4.63e-03 lr=2.9e-04 seed=0
iter= 373 step=1196800 ep_ret=-797.969 opt_ret=-797.969 step_rew=-7.9797 opt_step=-7.9797 gap0=797.969 dret=+11.067 eval_ret=n/a pursuer_target_distance=3.821 capture=0.000 score=0.000 pol=-0.0004 val=0.0282 ent=1.4390 tot=+0.0070 agnorm=0.024 cgnorm=0.065 kl=0.0009 clipf=0.000 ev=+0.606 r0=1.0000 entcoef=4.62e-03 lr=2.9e-04 seed=0
iter= 374 step=1200000 ep_ret=-784.318 opt_ret=-784.318 step_rew=-7.8432 opt_step=-7.8432 gap0=784.318 dret=+24.717 eval_ret=n/a pursuer_target_distance=4.028 capture=0.000 score=0.000 pol=-0.0004 val=0.0370 ent=1.4500 tot=+0.0114 agnorm=0.030 cgnorm=0.079 kl=0.0006 clipf=0.001 ev=+0.251 r0=1.0000 entcoef=4.61e-03 lr=2.9e-04 seed=0
iter= 375 step=1203200 ep_ret=-764.370 opt_ret=-764.370 step_rew=-7.6437 opt_step=-7.6437 gap0=764.370 dret=+44.666 eval_ret=n/a pursuer_target_distance=3.922 capture=0.000 score=0.000 pol=-0.0005 val=0.0427 ent=1.4393 tot=+0.0142 agnorm=0.032 cgnorm=0.076 kl=0.0009 clipf=0.000 ev=+0.343 r0=1.0000 entcoef=4.59e-03 lr=2.9e-04 seed=0
iter= 376 step=1206400 ep_ret=-797.375 opt_ret=-797.375 step_rew=-7.9738 opt_step=-7.9738 gap0=797.375 dret=+11.661 eval_ret=n/a pursuer_target_distance=3.853 capture=0.000 score=0.000 pol=-0.0002 val=0.0231 ent=1.4409 tot=+0.0047 agnorm=0.021 cgnorm=0.049 kl=0.0007 clipf=0.000 ev=+0.392 r0=1.0000 entcoef=4.58e-03 lr=2.8e-04 seed=0
iter= 377 step=1209600 ep_ret=-803.990 opt_ret=-803.990 step_rew=-8.0399 opt_step=-8.0399 gap0=803.990 dret=+5.046 eval_ret=n/a pursuer_target_distance=4.146 capture=0.000 score=0.000 pol=-0.0001 val=0.0249 ent=1.4456 tot=+0.0057 agnorm=0.012 cgnorm=0.050 kl=0.0002 clipf=0.000 ev=+0.562 r0=1.0000 entcoef=4.56e-03 lr=2.8e-04 seed=0
iter= 378 step=1212800 ep_ret=-728.859 opt_ret=-728.859 step_rew=-7.2886 opt_step=-7.2886 gap0=728.859 dret=+80.177 eval_ret=n/a pursuer_target_distance=3.718 capture=0.000 score=0.000 pol=-0.0003 val=0.0300 ent=1.4408 tot=+0.0082 agnorm=0.019 cgnorm=0.065 kl=0.0002 clipf=0.000 ev=+0.397 r0=1.0000 entcoef=4.55e-03 lr=2.8e-04 seed=0
iter= 379 step=1216000 ep_ret=-808.181 opt_ret=-808.181 step_rew=-8.0818 opt_step=-8.0818 gap0=808.181 dret=+0.855 eval_ret=n/a pursuer_target_distance=3.935 capture=0.000 score=0.000 pol=-0.0003 val=0.0266 ent=1.4418 tot=+0.0064 agnorm=0.017 cgnorm=0.062 kl=0.0004 clipf=0.001 ev=+0.476 r0=1.0000 entcoef=4.53e-03 lr=2.8e-04 seed=0
iter= 380 step=1219200 ep_ret=-815.415 opt_ret=-815.415 step_rew=-8.1542 opt_step=-8.1542 gap0=815.415 dret=-6.379 eval_ret=-869.467 pursuer_target_distance=4.232 capture=0.000 score=0.000 pol=-0.0004 val=0.0285 ent=1.4470 tot=+0.0073 agnorm=0.029 cgnorm=0.068 kl=0.0003 clipf=0.000 ev=+0.337 r0=1.0000 entcoef=4.52e-03 lr=2.8e-04 seed=0
iter= 381 step=1222400 ep_ret=-731.551 opt_ret=-731.551 step_rew=-7.3155 opt_step=-7.3155 gap0=731.551 dret=+77.485 eval_ret=n/a pursuer_target_distance=3.718 capture=0.000 score=0.000 pol=-0.0002 val=0.0209 ent=1.4492 tot=+0.0037 agnorm=0.029 cgnorm=0.057 kl=0.0005 clipf=0.000 ev=+0.559 r0=1.0000 entcoef=4.50e-03 lr=2.8e-04 seed=0
iter= 382 step=1225600 ep_ret=-841.150 opt_ret=-841.150 step_rew=-8.4115 opt_step=-8.4115 gap0=841.150 dret=-32.115 eval_ret=n/a pursuer_target_distance=4.853 capture=0.000 score=0.000 pol=-0.0003 val=0.0399 ent=1.4362 tot=+0.0132 agnorm=0.038 cgnorm=0.079 kl=0.0003 clipf=0.000 ev=-0.024 r0=1.0000 entcoef=4.49e-03 lr=2.8e-04 seed=0
iter= 383 step=1228800 ep_ret=-807.759 opt_ret=-807.759 step_rew=-8.0776 opt_step=-8.0776 gap0=807.759 dret=+1.277 eval_ret=n/a pursuer_target_distance=4.131 capture=0.000 score=0.000 pol=-0.0002 val=0.0284 ent=1.4592 tot=+0.0074 agnorm=0.025 cgnorm=0.054 kl=0.0005 clipf=0.000 ev=+0.460 r0=1.0000 entcoef=4.48e-03 lr=2.8e-04 seed=0
iter= 384 step=1232000 ep_ret=-802.764 opt_ret=-802.764 step_rew=-8.0276 opt_step=-8.0276 gap0=802.764 dret=+6.271 eval_ret=n/a pursuer_target_distance=3.767 capture=0.000 score=0.000 pol=-0.0008 val=0.0354 ent=1.4480 tot=+0.0104 agnorm=0.041 cgnorm=0.060 kl=0.0013 clipf=0.001 ev=+0.122 r0=1.0000 entcoef=4.46e-03 lr=2.8e-04 seed=0
iter= 385 step=1235200 ep_ret=-750.547 opt_ret=-750.547 step_rew=-7.5055 opt_step=-7.5055 gap0=750.547 dret=+58.488 eval_ret=n/a pursuer_target_distance=3.596 capture=0.000 score=0.000 pol=-0.0005 val=0.0253 ent=1.4454 tot=+0.0057 agnorm=0.037 cgnorm=0.054 kl=0.0011 clipf=0.003 ev=+0.103 r0=1.0000 entcoef=4.45e-03 lr=2.7e-04 seed=0
iter= 386 step=1238400 ep_ret=-856.726 opt_ret=-856.726 step_rew=-8.5673 opt_step=-8.5673 gap0=856.726 dret=-47.690 eval_ret=n/a pursuer_target_distance=4.213 capture=0.000 score=0.000 pol=-0.0005 val=0.0475 ent=1.4527 tot=+0.0168 agnorm=0.035 cgnorm=0.078 kl=0.0007 clipf=0.001 ev=+0.248 r0=1.0000 entcoef=4.43e-03 lr=2.7e-04 seed=0
iter= 387 step=1241600 ep_ret=-883.959 opt_ret=-883.959 step_rew=-8.8396 opt_step=-8.8396 gap0=883.959 dret=-74.923 eval_ret=n/a pursuer_target_distance=4.750 capture=0.000 score=0.000 pol=-0.0005 val=0.0485 ent=1.4592 tot=+0.0172 agnorm=0.054 cgnorm=0.080 kl=0.0012 clipf=0.005 ev=+0.165 r0=1.0000 entcoef=4.42e-03 lr=2.7e-04 seed=0
iter= 388 step=1244800 ep_ret=-814.573 opt_ret=-814.573 step_rew=-8.1457 opt_step=-8.1457 gap0=814.573 dret=-5.537 eval_ret=n/a pursuer_target_distance=4.759 capture=0.000 score=0.000 pol=-0.0003 val=0.0394 ent=1.4843 tot=+0.0128 agnorm=0.037 cgnorm=0.063 kl=0.0014 clipf=0.006 ev=+0.359 r0=1.0000 entcoef=4.40e-03 lr=2.7e-04 seed=0
iter= 389 step=1248000 ep_ret=-868.586 opt_ret=-868.586 step_rew=-8.6859 opt_step=-8.6859 gap0=868.586 dret=-59.550 eval_ret=n/a pursuer_target_distance=4.678 capture=0.000 score=0.000 pol=-0.0003 val=0.0514 ent=1.5110 tot=+0.0188 agnorm=0.023 cgnorm=0.091 kl=0.0004 clipf=0.000 ev=+0.080 r0=1.0000 entcoef=4.39e-03 lr=2.7e-04 seed=0
iter= 390 step=1251200 ep_ret=-763.241 opt_ret=-763.241 step_rew=-7.6324 opt_step=-7.6324 gap0=763.241 dret=+45.795 eval_ret=n/a pursuer_target_distance=4.272 capture=0.000 score=0.000 pol=-0.0002 val=0.0290 ent=1.5215 tot=+0.0076 agnorm=0.030 cgnorm=0.051 kl=0.0002 clipf=0.000 ev=+0.372 r0=1.0000 entcoef=4.37e-03 lr=2.7e-04 seed=0
iter= 391 step=1254400 ep_ret=-925.579 opt_ret=-925.579 step_rew=-9.2558 opt_step=-9.2558 gap0=925.579 dret=-116.543 eval_ret=n/a pursuer_target_distance=5.351 capture=0.000 score=0.000 pol=-0.0004 val=0.0350 ent=1.5097 tot=+0.0105 agnorm=0.037 cgnorm=0.067 kl=0.0003 clipf=0.000 ev=+0.225 r0=1.0000 entcoef=4.36e-03 lr=2.7e-04 seed=0
iter= 392 step=1257600 ep_ret=-752.898 opt_ret=-752.898 step_rew=-7.5290 opt_step=-7.5290 gap0=752.898 dret=+56.138 eval_ret=n/a pursuer_target_distance=3.881 capture=0.000 score=0.000 pol=-0.0000 val=0.0377 ent=1.5192 tot=+0.0122 agnorm=0.018 cgnorm=0.067 kl=0.0006 clipf=0.000 ev=+0.211 r0=1.0000 entcoef=4.35e-03 lr=2.7e-04 seed=0
iter= 393 step=1260800 ep_ret=-747.074 opt_ret=-747.074 step_rew=-7.4707 opt_step=-7.4707 gap0=747.074 dret=+61.962 eval_ret=n/a pursuer_target_distance=3.319 capture=0.000 score=0.000 pol=-0.0004 val=0.0326 ent=1.5225 tot=+0.0094 agnorm=0.033 cgnorm=0.065 kl=0.0004 clipf=0.000 ev=+0.221 r0=1.0000 entcoef=4.33e-03 lr=2.7e-04 seed=0
iter= 394 step=1264000 ep_ret=-807.061 opt_ret=-807.061 step_rew=-8.0706 opt_step=-8.0706 gap0=807.061 dret=+1.975 eval_ret=n/a pursuer_target_distance=3.690 capture=0.000 score=0.000 pol=-0.0004 val=0.0299 ent=1.5329 tot=+0.0079 agnorm=0.046 cgnorm=0.058 kl=0.0011 clipf=0.003 ev=+0.326 r0=1.0000 entcoef=4.32e-03 lr=2.6e-04 seed=0
iter= 395 step=1267200 ep_ret=-839.271 opt_ret=-839.271 step_rew=-8.3927 opt_step=-8.3927 gap0=839.271 dret=-30.235 eval_ret=n/a pursuer_target_distance=4.313 capture=0.000 score=0.000 pol=-0.0001 val=0.0405 ent=1.5531 tot=+0.0134 agnorm=0.028 cgnorm=0.073 kl=0.0006 clipf=0.000 ev=+0.348 r0=1.0000 entcoef=4.30e-03 lr=2.6e-04 seed=0
iter= 396 step=1270400 ep_ret=-744.960 opt_ret=-744.960 step_rew=-7.4496 opt_step=-7.4496 gap0=744.960 dret=+64.076 eval_ret=n/a pursuer_target_distance=3.774 capture=0.000 score=0.000 pol=-0.0004 val=0.0214 ent=1.5521 tot=+0.0036 agnorm=0.037 cgnorm=0.046 kl=0.0009 clipf=0.000 ev=+0.493 r0=1.0000 entcoef=4.29e-03 lr=2.6e-04 seed=0
iter= 397 step=1273600 ep_ret=-886.515 opt_ret=-886.515 step_rew=-8.8652 opt_step=-8.8652 gap0=886.515 dret=-77.479 eval_ret=n/a pursuer_target_distance=4.247 capture=0.000 score=0.000 pol=-0.0005 val=0.0614 ent=1.5315 tot=+0.0237 agnorm=0.028 cgnorm=0.084 kl=0.0016 clipf=0.000 ev=+0.074 r0=1.0000 entcoef=4.27e-03 lr=2.6e-04 seed=0
iter= 398 step=1276800 ep_ret=-815.119 opt_ret=-815.119 step_rew=-8.1512 opt_step=-8.1512 gap0=815.119 dret=-6.083 eval_ret=n/a pursuer_target_distance=4.273 capture=0.000 score=0.000 pol=-0.0003 val=0.0158 ent=1.5230 tot=+0.0011 agnorm=0.026 cgnorm=0.049 kl=0.0011 clipf=0.000 ev=+0.566 r0=1.0000 entcoef=4.26e-03 lr=2.6e-04 seed=0
iter= 399 step=1280000 ep_ret=-756.279 opt_ret=-756.279 step_rew=-7.5628 opt_step=-7.5628 gap0=756.279 dret=+52.757 eval_ret=n/a pursuer_target_distance=3.865 capture=0.000 score=0.000 pol=-0.0001 val=0.0282 ent=1.5190 tot=+0.0075 agnorm=0.019 cgnorm=0.056 kl=0.0003 clipf=0.000 ev=+0.410 r0=1.0000 entcoef=4.25e-03 lr=2.6e-04 seed=0
iter= 400 step=1283200 ep_ret=-843.514 opt_ret=-843.514 step_rew=-8.4351 opt_step=-8.4351 gap0=843.514 dret=-34.478 eval_ret=-863.359 pursuer_target_distance=4.129 capture=0.000 score=0.000 pol=-0.0006 val=0.0354 ent=1.5222 tot=+0.0106 agnorm=0.046 cgnorm=0.069 kl=0.0008 clipf=0.000 ev=+0.359 r0=1.0000 entcoef=4.23e-03 lr=2.6e-04 seed=0
iter= 401 step=1286400 ep_ret=-867.308 opt_ret=-867.308 step_rew=-8.6731 opt_step=-8.6731 gap0=867.308 dret=-58.273 eval_ret=n/a pursuer_target_distance=4.292 capture=0.000 score=0.000 pol=-0.0000 val=0.0442 ent=1.5506 tot=+0.0155 agnorm=0.022 cgnorm=0.072 kl=0.0009 clipf=0.000 ev=+0.272 r0=1.0000 entcoef=4.22e-03 lr=2.6e-04 seed=0
iter= 402 step=1289600 ep_ret=-788.653 opt_ret=-788.653 step_rew=-7.8865 opt_step=-7.8865 gap0=788.653 dret=+20.383 eval_ret=n/a pursuer_target_distance=4.183 capture=0.000 score=0.000 pol=-0.0003 val=0.0271 ent=1.5475 tot=+0.0067 agnorm=0.025 cgnorm=0.056 kl=0.0003 clipf=0.000 ev=+0.359 r0=1.0000 entcoef=4.20e-03 lr=2.6e-04 seed=0
iter= 403 step=1292800 ep_ret=-812.865 opt_ret=-812.865 step_rew=-8.1286 opt_step=-8.1286 gap0=812.865 dret=-3.829 eval_ret=n/a pursuer_target_distance=3.726 capture=0.000 score=0.000 pol=-0.0005 val=0.0321 ent=1.5527 tot=+0.0090 agnorm=0.034 cgnorm=0.065 kl=0.0008 clipf=0.000 ev=+0.300 r0=1.0000 entcoef=4.19e-03 lr=2.5e-04 seed=0
iter= 404 step=1296000 ep_ret=-816.315 opt_ret=-816.315 step_rew=-8.1631 opt_step=-8.1631 gap0=816.315 dret=-7.279 eval_ret=n/a pursuer_target_distance=3.845 capture=0.000 score=0.000 pol=-0.0008 val=0.0278 ent=1.5580 tot=+0.0066 agnorm=0.036 cgnorm=0.056 kl=0.0020 clipf=0.002 ev=+0.414 r0=1.0000 entcoef=4.17e-03 lr=2.5e-04 seed=0
iter= 405 step=1299200 ep_ret=-832.250 opt_ret=-832.250 step_rew=-8.3225 opt_step=-8.3225 gap0=832.250 dret=-23.214 eval_ret=n/a pursuer_target_distance=4.551 capture=0.000 score=0.000 pol=-0.0007 val=0.0181 ent=1.5540 tot=+0.0019 agnorm=0.035 cgnorm=0.054 kl=0.0019 clipf=0.000 ev=+0.528 r0=1.0000 entcoef=4.16e-03 lr=2.5e-04 seed=0
iter= 406 step=1302400 ep_ret=-912.263 opt_ret=-912.263 step_rew=-9.1226 opt_step=-9.1226 gap0=912.263 dret=-103.227 eval_ret=n/a pursuer_target_distance=5.026 capture=0.000 score=0.000 pol=-0.0004 val=0.0296 ent=1.5413 tot=+0.0081 agnorm=0.025 cgnorm=0.063 kl=0.0015 clipf=0.000 ev=+0.220 r0=1.0000 entcoef=4.14e-03 lr=2.5e-04 seed=0
iter= 407 step=1305600 ep_ret=-793.662 opt_ret=-793.662 step_rew=-7.9366 opt_step=-7.9366 gap0=793.662 dret=+15.373 eval_ret=n/a pursuer_target_distance=4.125 capture=0.000 score=0.000 pol=-0.0004 val=0.0317 ent=1.5298 tot=+0.0092 agnorm=0.024 cgnorm=0.056 kl=0.0009 clipf=0.000 ev=+0.166 r0=1.0000 entcoef=4.13e-03 lr=2.5e-04 seed=0
iter= 408 step=1308800 ep_ret=-820.122 opt_ret=-820.122 step_rew=-8.2012 opt_step=-8.2012 gap0=820.122 dret=-11.087 eval_ret=n/a pursuer_target_distance=4.539 capture=0.000 score=0.000 pol=-0.0001 val=0.0373 ent=1.5223 tot=+0.0123 agnorm=0.025 cgnorm=0.070 kl=0.0002 clipf=0.000 ev=+0.223 r0=1.0000 entcoef=4.12e-03 lr=2.5e-04 seed=0
iter= 409 step=1312000 ep_ret=-817.422 opt_ret=-817.422 step_rew=-8.1742 opt_step=-8.1742 gap0=817.422 dret=-8.386 eval_ret=n/a pursuer_target_distance=3.954 capture=0.000 score=0.000 pol=-0.0002 val=0.0271 ent=1.5280 tot=+0.0071 agnorm=0.027 cgnorm=0.052 kl=0.0002 clipf=0.000 ev=+0.226 r0=1.0000 entcoef=4.10e-03 lr=2.5e-04 seed=0
iter= 410 step=1315200 ep_ret=-912.071 opt_ret=-912.071 step_rew=-9.1207 opt_step=-9.1207 gap0=912.071 dret=-103.035 eval_ret=n/a pursuer_target_distance=4.550 capture=0.000 score=0.000 pol=-0.0001 val=0.0294 ent=1.5336 tot=+0.0083 agnorm=0.023 cgnorm=0.063 kl=0.0002 clipf=0.000 ev=+0.381 r0=1.0000 entcoef=4.09e-03 lr=2.5e-04 seed=0
iter= 411 step=1318400 ep_ret=-813.074 opt_ret=-813.074 step_rew=-8.1307 opt_step=-8.1307 gap0=813.074 dret=-4.038 eval_ret=n/a pursuer_target_distance=4.166 capture=0.000 score=0.000 pol=-0.0003 val=0.0271 ent=1.5338 tot=+0.0070 agnorm=0.031 cgnorm=0.062 kl=0.0005 clipf=0.000 ev=+0.189 r0=1.0000 entcoef=4.07e-03 lr=2.5e-04 seed=0
iter= 412 step=1321600 ep_ret=-810.880 opt_ret=-810.880 step_rew=-8.1088 opt_step=-8.1088 gap0=810.880 dret=-1.844 eval_ret=n/a pursuer_target_distance=3.997 capture=0.000 score=0.000 pol=-0.0006 val=0.0293 ent=1.5329 tot=+0.0078 agnorm=0.034 cgnorm=0.058 kl=0.0013 clipf=0.001 ev=+0.429 r0=1.0000 entcoef=4.06e-03 lr=2.4e-04 seed=0
iter= 413 step=1324800 ep_ret=-877.367 opt_ret=-877.367 step_rew=-8.7737 opt_step=-8.7737 gap0=877.367 dret=-68.331 eval_ret=n/a pursuer_target_distance=4.190 capture=0.000 score=0.000 pol=-0.0003 val=0.0427 ent=1.5374 tot=+0.0148 agnorm=0.040 cgnorm=0.077 kl=0.0006 clipf=0.000 ev=+0.263 r0=1.0000 entcoef=4.04e-03 lr=2.4e-04 seed=0
iter= 414 step=1328000 ep_ret=-797.637 opt_ret=-797.637 step_rew=-7.9764 opt_step=-7.9764 gap0=797.637 dret=+11.399 eval_ret=n/a pursuer_target_distance=3.871 capture=0.000 score=0.000 pol=-0.0002 val=0.0412 ent=1.5181 tot=+0.0143 agnorm=0.021 cgnorm=0.072 kl=0.0006 clipf=0.000 ev=+0.303 r0=1.0000 entcoef=4.03e-03 lr=2.4e-04 seed=0
iter= 415 step=1331200 ep_ret=-748.385 opt_ret=-748.385 step_rew=-7.4839 opt_step=-7.4839 gap0=748.385 dret=+60.651 eval_ret=n/a pursuer_target_distance=3.288 capture=0.000 score=0.000 pol=-0.0004 val=0.0233 ent=1.5169 tot=+0.0052 agnorm=0.028 cgnorm=0.055 kl=0.0005 clipf=0.000 ev=+0.118 r0=1.0000 entcoef=4.01e-03 lr=2.4e-04 seed=0
iter= 416 step=1334400 ep_ret=-764.509 opt_ret=-764.509 step_rew=-7.6451 opt_step=-7.6451 gap0=764.509 dret=+44.527 eval_ret=n/a pursuer_target_distance=3.812 capture=0.000 score=0.000 pol=-0.0010 val=0.0419 ent=1.5136 tot=+0.0139 agnorm=0.060 cgnorm=0.083 kl=0.0019 clipf=0.009 ev=+0.263 r0=1.0000 entcoef=4.00e-03 lr=2.4e-04 seed=0
iter= 417 step=1337600 ep_ret=-763.193 opt_ret=-763.193 step_rew=-7.6319 opt_step=-7.6319 gap0=763.193 dret=+45.843 eval_ret=n/a pursuer_target_distance=4.152 capture=0.000 score=0.000 pol=-0.0007 val=0.0176 ent=1.5056 tot=+0.0021 agnorm=0.040 cgnorm=0.050 kl=0.0014 clipf=0.001 ev=+0.603 r0=1.0000 entcoef=3.99e-03 lr=2.4e-04 seed=0
iter= 418 step=1340800 ep_ret=-840.344 opt_ret=-840.344 step_rew=-8.4034 opt_step=-8.4034 gap0=840.344 dret=-31.308 eval_ret=n/a pursuer_target_distance=4.841 capture=0.000 score=0.000 pol=-0.0004 val=0.0354 ent=1.4937 tot=+0.0114 agnorm=0.044 cgnorm=0.058 kl=0.0007 clipf=0.000 ev=+0.469 r0=1.0000 entcoef=3.97e-03 lr=2.4e-04 seed=0
iter= 419 step=1344000 ep_ret=-825.229 opt_ret=-825.229 step_rew=-8.2523 opt_step=-8.2523 gap0=825.229 dret=-16.193 eval_ret=n/a pursuer_target_distance=4.382 capture=0.000 score=0.000 pol=-0.0005 val=0.0438 ent=1.4843 tot=+0.0155 agnorm=0.033 cgnorm=0.083 kl=0.0012 clipf=0.000 ev=+0.065 r0=1.0000 entcoef=3.96e-03 lr=2.4e-04 seed=0
iter= 420 step=1347200 ep_ret=-834.185 opt_ret=-834.185 step_rew=-8.3419 opt_step=-8.3419 gap0=834.185 dret=-25.149 eval_ret=-849.656 pursuer_target_distance=3.970 capture=0.000 score=0.000 pol=-0.0002 val=0.0192 ent=1.4624 tot=+0.0036 agnorm=0.031 cgnorm=0.050 kl=0.0005 clipf=0.000 ev=+0.599 r0=1.0000 entcoef=3.94e-03 lr=2.4e-04 seed=0
iter= 421 step=1350400 ep_ret=-770.334 opt_ret=-770.334 step_rew=-7.7033 opt_step=-7.7033 gap0=770.334 dret=+38.702 eval_ret=n/a pursuer_target_distance=4.001 capture=0.000 score=0.000 pol=-0.0003 val=0.0295 ent=1.4515 tot=+0.0088 agnorm=0.035 cgnorm=0.070 kl=0.0003 clipf=0.001 ev=+0.569 r0=1.0000 entcoef=3.93e-03 lr=2.3e-04 seed=0
iter= 422 step=1353600 ep_ret=-919.380 opt_ret=-919.380 step_rew=-9.1938 opt_step=-9.1938 gap0=919.380 dret=-110.344 eval_ret=n/a pursuer_target_distance=5.042 capture=0.000 score=0.000 pol=-0.0002 val=0.0407 ent=1.4515 tot=+0.0144 agnorm=0.024 cgnorm=0.072 kl=0.0005 clipf=0.000 ev=+0.127 r0=1.0000 entcoef=3.91e-03 lr=2.3e-04 seed=0
iter= 423 step=1356800 ep_ret=-789.225 opt_ret=-789.225 step_rew=-7.8922 opt_step=-7.8922 gap0=789.225 dret=+19.811 eval_ret=n/a pursuer_target_distance=3.645 capture=0.000 score=0.000 pol=-0.0006 val=0.0374 ent=1.4545 tot=+0.0125 agnorm=0.041 cgnorm=0.075 kl=0.0009 clipf=0.000 ev=+0.340 r0=1.0000 entcoef=3.90e-03 lr=2.3e-04 seed=0
iter= 424 step=1360000 ep_ret=-785.377 opt_ret=-785.377 step_rew=-7.8538 opt_step=-7.8538 gap0=785.377 dret=+23.659 eval_ret=n/a pursuer_target_distance=4.397 capture=0.000 score=0.000 pol=+0.0000 val=0.0315 ent=1.4554 tot=+0.0101 agnorm=0.033 cgnorm=0.061 kl=0.0003 clipf=0.000 ev=+0.515 r0=1.0000 entcoef=3.88e-03 lr=2.3e-04 seed=0
iter= 425 step=1363200 ep_ret=-793.666 opt_ret=-793.666 step_rew=-7.9367 opt_step=-7.9367 gap0=793.666 dret=+15.370 eval_ret=n/a pursuer_target_distance=3.835 capture=0.000 score=0.000 pol=-0.0002 val=0.0383 ent=1.4515 tot=+0.0133 agnorm=0.032 cgnorm=0.081 kl=0.0002 clipf=0.000 ev=+0.569 r0=1.0000 entcoef=3.87e-03 lr=2.3e-04 seed=0
iter= 426 step=1366400 ep_ret=-851.031 opt_ret=-851.031 step_rew=-8.5103 opt_step=-8.5103 gap0=851.031 dret=-41.995 eval_ret=n/a pursuer_target_distance=4.552 capture=0.000 score=0.000 pol=-0.0001 val=0.0444 ent=1.4541 tot=+0.0165 agnorm=0.024 cgnorm=0.079 kl=0.0003 clipf=0.000 ev=+0.427 r0=1.0000 entcoef=3.86e-03 lr=2.3e-04 seed=0
iter= 427 step=1369600 ep_ret=-849.595 opt_ret=-849.595 step_rew=-8.4960 opt_step=-8.4960 gap0=849.595 dret=-40.559 eval_ret=n/a pursuer_target_distance=4.728 capture=0.000 score=0.000 pol=-0.0001 val=0.0377 ent=1.4623 tot=+0.0131 agnorm=0.020 cgnorm=0.070 kl=0.0002 clipf=0.000 ev=+0.346 r0=1.0000 entcoef=3.84e-03 lr=2.3e-04 seed=0
iter= 428 step=1372800 ep_ret=-831.357 opt_ret=-831.357 step_rew=-8.3136 opt_step=-8.3136 gap0=831.357 dret=-22.321 eval_ret=n/a pursuer_target_distance=4.202 capture=0.000 score=0.000 pol=-0.0002 val=0.0368 ent=1.4709 tot=+0.0126 agnorm=0.022 cgnorm=0.061 kl=0.0003 clipf=0.000 ev=+0.405 r0=1.0000 entcoef=3.83e-03 lr=2.3e-04 seed=0
iter= 429 step=1376000 ep_ret=-875.031 opt_ret=-875.031 step_rew=-8.7503 opt_step=-8.7503 gap0=875.031 dret=-65.995 eval_ret=n/a pursuer_target_distance=4.679 capture=0.000 score=0.000 pol=-0.0004 val=0.0636 ent=1.4753 tot=+0.0258 agnorm=0.033 cgnorm=0.100 kl=0.0006 clipf=0.000 ev=+0.348 r0=1.0000 entcoef=3.81e-03 lr=2.3e-04 seed=0
iter= 430 step=1379200 ep_ret=-951.653 opt_ret=-951.653 step_rew=-9.5165 opt_step=-9.5165 gap0=951.653 dret=-142.617 eval_ret=n/a pursuer_target_distance=5.302 capture=0.000 score=0.000 pol=-0.0003 val=0.0482 ent=1.4709 tot=+0.0182 agnorm=0.024 cgnorm=0.091 kl=0.0009 clipf=0.001 ev=+0.437 r0=1.0000 entcoef=3.80e-03 lr=2.2e-04 seed=0
iter= 431 step=1382400 ep_ret=-796.759 opt_ret=-796.759 step_rew=-7.9676 opt_step=-7.9676 gap0=796.759 dret=+12.277 eval_ret=n/a pursuer_target_distance=3.454 capture=0.000 score=0.000 pol=-0.0004 val=0.0205 ent=1.4737 tot=+0.0043 agnorm=0.039 cgnorm=0.054 kl=0.0007 clipf=0.000 ev=+0.676 r0=1.0000 entcoef=3.78e-03 lr=2.2e-04 seed=0
iter= 432 step=1385600 ep_ret=-807.594 opt_ret=-807.594 step_rew=-8.0759 opt_step=-8.0759 gap0=807.594 dret=+1.442 eval_ret=n/a pursuer_target_distance=3.240 capture=0.000 score=0.000 pol=-0.0006 val=0.0339 ent=1.4888 tot=+0.0107 agnorm=0.053 cgnorm=0.070 kl=0.0009 clipf=0.000 ev=+0.267 r0=1.0000 entcoef=3.77e-03 lr=2.2e-04 seed=0
iter= 433 step=1388800 ep_ret=-759.174 opt_ret=-759.174 step_rew=-7.5917 opt_step=-7.5917 gap0=759.174 dret=+49.862 eval_ret=n/a pursuer_target_distance=3.541 capture=0.000 score=0.000 pol=-0.0002 val=0.0324 ent=1.5098 tot=+0.0104 agnorm=0.027 cgnorm=0.066 kl=0.0009 clipf=0.000 ev=+0.432 r0=1.0000 entcoef=3.75e-03 lr=2.2e-04 seed=0
iter= 434 step=1392000 ep_ret=-762.643 opt_ret=-762.643 step_rew=-7.6264 opt_step=-7.6264 gap0=762.643 dret=+46.393 eval_ret=n/a pursuer_target_distance=3.548 capture=0.000 score=0.000 pol=-0.0003 val=0.0280 ent=1.5246 tot=+0.0080 agnorm=0.035 cgnorm=0.069 kl=0.0006 clipf=0.000 ev=+0.496 r0=1.0000 entcoef=3.74e-03 lr=2.2e-04 seed=0
iter= 435 step=1395200 ep_ret=-837.329 opt_ret=-837.329 step_rew=-8.3733 opt_step=-8.3733 gap0=837.329 dret=-28.293 eval_ret=n/a pursuer_target_distance=4.416 capture=0.000 score=0.000 pol=-0.0003 val=0.0397 ent=1.5324 tot=+0.0139 agnorm=0.034 cgnorm=0.077 kl=0.0008 clipf=0.000 ev=+0.287 r0=1.0000 entcoef=3.73e-03 lr=2.2e-04 seed=0
iter= 436 step=1398400 ep_ret=-755.438 opt_ret=-755.438 step_rew=-7.5544 opt_step=-7.5544 gap0=755.438 dret=+53.598 eval_ret=n/a pursuer_target_distance=3.503 capture=0.000 score=0.000 pol=-0.0002 val=0.0283 ent=1.5474 tot=+0.0082 agnorm=0.020 cgnorm=0.067 kl=0.0005 clipf=0.000 ev=+0.438 r0=1.0000 entcoef=3.71e-03 lr=2.2e-04 seed=0
iter= 437 step=1401600 ep_ret=-839.318 opt_ret=-839.318 step_rew=-8.3932 opt_step=-8.3932 gap0=839.318 dret=-30.282 eval_ret=n/a pursuer_target_distance=3.884 capture=0.000 score=0.000 pol=-0.0002 val=0.0435 ent=1.5560 tot=+0.0158 agnorm=0.035 cgnorm=0.080 kl=0.0002 clipf=0.000 ev=+0.321 r0=1.0000 entcoef=3.70e-03 lr=2.2e-04 seed=0
iter= 438 step=1404800 ep_ret=-850.096 opt_ret=-850.096 step_rew=-8.5010 opt_step=-8.5010 gap0=850.096 dret=-41.060 eval_ret=n/a pursuer_target_distance=4.511 capture=0.000 score=0.000 pol=-0.0004 val=0.0632 ent=1.5541 tot=+0.0255 agnorm=0.023 cgnorm=0.085 kl=0.0007 clipf=0.000 ev=+0.068 r0=1.0000 entcoef=3.68e-03 lr=2.2e-04 seed=0
iter= 439 step=1408000 ep_ret=-882.236 opt_ret=-882.236 step_rew=-8.8224 opt_step=-8.8224 gap0=882.236 dret=-73.201 eval_ret=n/a pursuer_target_distance=4.502 capture=0.000 score=0.000 pol=-0.0007 val=0.0417 ent=1.5463 tot=+0.0145 agnorm=0.044 cgnorm=0.071 kl=0.0012 clipf=0.003 ev=+0.373 r0=1.0000 entcoef=3.67e-03 lr=2.1e-04 seed=0
iter= 440 step=1411200 ep_ret=-775.823 opt_ret=-775.823 step_rew=-7.7582 opt_step=-7.7582 gap0=775.823 dret=+33.212 eval_ret=-874.801 pursuer_target_distance=3.929 capture=0.000 score=0.000 pol=-0.0003 val=0.0360 ent=1.5406 tot=+0.0121 agnorm=0.027 cgnorm=0.064 kl=0.0011 clipf=0.000 ev=+0.479 r0=1.0000 entcoef=3.65e-03 lr=2.1e-04 seed=0
iter= 441 step=1414400 ep_ret=-817.313 opt_ret=-817.313 step_rew=-8.1731 opt_step=-8.1731 gap0=817.313 dret=-8.277 eval_ret=n/a pursuer_target_distance=4.033 capture=0.000 score=0.000 pol=-0.0004 val=0.0241 ent=1.5415 tot=+0.0060 agnorm=0.048 cgnorm=0.062 kl=0.0006 clipf=0.000 ev=+0.534 r0=1.0000 entcoef=3.64e-03 lr=2.1e-04 seed=0
iter= 442 step=1417600 ep_ret=-911.813 opt_ret=-911.813 step_rew=-9.1181 opt_step=-9.1181 gap0=911.813 dret=-102.777 eval_ret=n/a pursuer_target_distance=4.955 capture=0.000 score=0.000 pol=-0.0002 val=0.0417 ent=1.5545 tot=+0.0150 agnorm=0.031 cgnorm=0.075 kl=0.0010 clipf=0.000 ev=+0.099 r0=1.0000 entcoef=3.62e-03 lr=2.1e-04 seed=0
iter= 443 step=1420800 ep_ret=-813.617 opt_ret=-813.617 step_rew=-8.1362 opt_step=-8.1362 gap0=813.617 dret=-4.581 eval_ret=n/a pursuer_target_distance=3.903 capture=0.000 score=0.000 pol=-0.0000 val=0.0398 ent=1.5499 tot=+0.0143 agnorm=0.024 cgnorm=0.069 kl=0.0002 clipf=0.000 ev=+0.157 r0=1.0000 entcoef=3.61e-03 lr=2.1e-04 seed=0
iter= 444 step=1424000 ep_ret=-757.530 opt_ret=-757.530 step_rew=-7.5753 opt_step=-7.5753 gap0=757.530 dret=+51.506 eval_ret=n/a pursuer_target_distance=3.464 capture=0.000 score=0.000 pol=-0.0001 val=0.0335 ent=1.5529 tot=+0.0110 agnorm=0.014 cgnorm=0.073 kl=0.0001 clipf=0.000 ev=+0.271 r0=1.0000 entcoef=3.60e-03 lr=2.1e-04 seed=0
iter= 445 step=1427200 ep_ret=-889.206 opt_ret=-889.206 step_rew=-8.8921 opt_step=-8.8921 gap0=889.206 dret=-80.170 eval_ret=n/a pursuer_target_distance=4.410 capture=0.000 score=0.000 pol=-0.0004 val=0.0324 ent=1.5597 tot=+0.0102 agnorm=0.043 cgnorm=0.066 kl=0.0004 clipf=0.000 ev=+0.498 r0=1.0000 entcoef=3.58e-03 lr=2.1e-04 seed=0
iter= 446 step=1430400 ep_ret=-870.831 opt_ret=-870.831 step_rew=-8.7083 opt_step=-8.7083 gap0=870.831 dret=-61.795 eval_ret=n/a pursuer_target_distance=4.563 capture=0.000 score=0.000 pol=-0.0000 val=0.0417 ent=1.5687 tot=+0.0152 agnorm=0.017 cgnorm=0.074 kl=0.0005 clipf=0.000 ev=+0.461 r0=1.0000 entcoef=3.57e-03 lr=2.1e-04 seed=0
iter= 447 step=1433600 ep_ret=-858.608 opt_ret=-858.608 step_rew=-8.5861 opt_step=-8.5861 gap0=858.608 dret=-49.572 eval_ret=n/a pursuer_target_distance=4.636 capture=0.000 score=0.000 pol=-0.0002 val=0.0588 ent=1.5717 tot=+0.0236 agnorm=0.031 cgnorm=0.090 kl=0.0001 clipf=0.000 ev=+0.226 r0=1.0000 entcoef=3.55e-03 lr=2.1e-04 seed=0
iter= 448 step=1436800 ep_ret=-857.901 opt_ret=-857.901 step_rew=-8.5790 opt_step=-8.5790 gap0=857.901 dret=-48.865 eval_ret=n/a pursuer_target_distance=4.477 capture=0.000 score=0.000 pol=-0.0002 val=0.0426 ent=1.5690 tot=+0.0155 agnorm=0.023 cgnorm=0.077 kl=0.0004 clipf=0.000 ev=+0.041 r0=1.0000 entcoef=3.54e-03 lr=2.0e-04 seed=0
iter= 449 step=1440000 ep_ret=-804.160 opt_ret=-804.160 step_rew=-8.0416 opt_step=-8.0416 gap0=804.160 dret=+4.875 eval_ret=n/a pursuer_target_distance=3.917 capture=0.000 score=0.000 pol=-0.0006 val=0.0234 ent=1.5683 tot=+0.0056 agnorm=0.046 cgnorm=0.055 kl=0.0007 clipf=0.000 ev=+0.436 r0=1.0000 entcoef=3.52e-03 lr=2.0e-04 seed=0
iter= 450 step=1443200 ep_ret=-836.954 opt_ret=-836.954 step_rew=-8.3695 opt_step=-8.3695 gap0=836.954 dret=-27.918 eval_ret=n/a pursuer_target_distance=4.006 capture=0.000 score=0.000 pol=-0.0005 val=0.0353 ent=1.5562 tot=+0.0117 agnorm=0.028 cgnorm=0.074 kl=0.0012 clipf=0.000 ev=+0.351 r0=1.0000 entcoef=3.51e-03 lr=2.0e-04 seed=0
iter= 451 step=1446400 ep_ret=-770.740 opt_ret=-770.740 step_rew=-7.7074 opt_step=-7.7074 gap0=770.740 dret=+38.296 eval_ret=n/a pursuer_target_distance=3.797 capture=0.000 score=0.000 pol=+0.0001 val=0.0354 ent=1.5431 tot=+0.0124 agnorm=0.031 cgnorm=0.070 kl=0.0001 clipf=0.000 ev=+0.425 r0=1.0000 entcoef=3.50e-03 lr=2.0e-04 seed=0
iter= 452 step=1449600 ep_ret=-738.026 opt_ret=-738.026 step_rew=-7.3803 opt_step=-7.3803 gap0=738.026 dret=+71.010 eval_ret=n/a pursuer_target_distance=4.039 capture=0.000 score=0.000 pol=-0.0001 val=0.0300 ent=1.5492 tot=+0.0095 agnorm=0.026 cgnorm=0.061 kl=0.0001 clipf=0.000 ev=+0.576 r0=1.0000 entcoef=3.48e-03 lr=2.0e-04 seed=0
iter= 453 step=1452800 ep_ret=-800.868 opt_ret=-800.868 step_rew=-8.0087 opt_step=-8.0087 gap0=800.868 dret=+8.168 eval_ret=n/a pursuer_target_distance=3.622 capture=0.000 score=0.000 pol=-0.0001 val=0.0258 ent=1.5515 tot=+0.0074 agnorm=0.026 cgnorm=0.057 kl=0.0001 clipf=0.000 ev=+0.555 r0=1.0000 entcoef=3.47e-03 lr=2.0e-04 seed=0
iter= 454 step=1456000 ep_ret=-820.843 opt_ret=-820.843 step_rew=-8.2084 opt_step=-8.2084 gap0=820.843 dret=-11.807 eval_ret=n/a pursuer_target_distance=4.681 capture=0.000 score=0.000 pol=-0.0003 val=0.0454 ent=1.5531 tot=+0.0170 agnorm=0.038 cgnorm=0.090 kl=0.0002 clipf=0.000 ev=+0.140 r0=1.0000 entcoef=3.45e-03 lr=2.0e-04 seed=0
iter= 455 step=1459200 ep_ret=-844.097 opt_ret=-844.097 step_rew=-8.4410 opt_step=-8.4410 gap0=844.097 dret=-35.061 eval_ret=n/a pursuer_target_distance=4.203 capture=0.000 score=0.000 pol=-0.0001 val=0.0378 ent=1.5606 tot=+0.0134 agnorm=0.032 cgnorm=0.064 kl=0.0003 clipf=0.000 ev=+0.192 r0=1.0000 entcoef=3.44e-03 lr=2.0e-04 seed=0
iter= 456 step=1462400 ep_ret=-808.974 opt_ret=-808.974 step_rew=-8.0897 opt_step=-8.0897 gap0=808.974 dret=+0.062 eval_ret=n/a pursuer_target_distance=3.904 capture=0.000 score=0.000 pol=-0.0001 val=0.0314 ent=1.5577 tot=+0.0103 agnorm=0.033 cgnorm=0.064 kl=0.0001 clipf=0.000 ev=+0.243 r0=1.0000 entcoef=3.42e-03 lr=2.0e-04 seed=0
iter= 457 step=1465600 ep_ret=-795.662 opt_ret=-795.662 step_rew=-7.9566 opt_step=-7.9566 gap0=795.662 dret=+13.374 eval_ret=n/a pursuer_target_distance=4.136 capture=0.000 score=0.000 pol=-0.0003 val=0.0376 ent=1.5593 tot=+0.0132 agnorm=0.035 cgnorm=0.067 kl=0.0004 clipf=0.000 ev=+0.120 r0=1.0000 entcoef=3.41e-03 lr=1.9e-04 seed=0
iter= 458 step=1468800 ep_ret=-904.477 opt_ret=-904.477 step_rew=-9.0448 opt_step=-9.0448 gap0=904.477 dret=-95.441 eval_ret=n/a pursuer_target_distance=4.979 capture=0.000 score=0.000 pol=-0.0002 val=0.0503 ent=1.5552 tot=+0.0197 agnorm=0.019 cgnorm=0.087 kl=0.0005 clipf=0.000 ev=+0.417 r0=1.0000 entcoef=3.39e-03 lr=1.9e-04 seed=0
iter= 459 step=1472000 ep_ret=-863.693 opt_ret=-863.693 step_rew=-8.6369 opt_step=-8.6369 gap0=863.693 dret=-54.657 eval_ret=n/a pursuer_target_distance=4.455 capture=0.000 score=0.000 pol=-0.0004 val=0.0341 ent=1.5515 tot=+0.0114 agnorm=0.044 cgnorm=0.073 kl=0.0004 clipf=0.000 ev=+0.439 r0=1.0000 entcoef=3.38e-03 lr=1.9e-04 seed=0
iter= 460 step=1475200 ep_ret=-891.297 opt_ret=-891.297 step_rew=-8.9130 opt_step=-8.9130 gap0=891.297 dret=-82.261 eval_ret=-817.828 pursuer_target_distance=4.102 capture=0.000 score=0.000 pol=-0.0001 val=0.0415 ent=1.5543 tot=+0.0155 agnorm=0.024 cgnorm=0.080 kl=0.0003 clipf=0.000 ev=-0.050 r0=1.0000 entcoef=3.37e-03 lr=1.9e-04 seed=0
iter= 461 step=1478400 ep_ret=-747.829 opt_ret=-747.829 step_rew=-7.4783 opt_step=-7.4783 gap0=747.829 dret=+61.207 eval_ret=n/a pursuer_target_distance=3.794 capture=0.000 score=0.000 pol=-0.0002 val=0.0409 ent=1.5484 tot=+0.0150 agnorm=0.040 cgnorm=0.072 kl=0.0002 clipf=0.000 ev=+0.230 r0=1.0000 entcoef=3.35e-03 lr=1.9e-04 seed=0
iter= 462 step=1481600 ep_ret=-850.030 opt_ret=-850.030 step_rew=-8.5003 opt_step=-8.5003 gap0=850.030 dret=-40.994 eval_ret=n/a pursuer_target_distance=4.362 capture=0.000 score=0.000 pol=-0.0004 val=0.0392 ent=1.5501 tot=+0.0141 agnorm=0.054 cgnorm=0.075 kl=0.0004 clipf=0.000 ev=+0.249 r0=1.0000 entcoef=3.34e-03 lr=1.9e-04 seed=0
iter= 463 step=1484800 ep_ret=-810.555 opt_ret=-810.555 step_rew=-8.1055 opt_step=-8.1055 gap0=810.555 dret=-1.519 eval_ret=n/a pursuer_target_distance=3.758 capture=0.000 score=0.000 pol=-0.0005 val=0.0309 ent=1.5519 tot=+0.0098 agnorm=0.037 cgnorm=0.069 kl=0.0013 clipf=0.000 ev=+0.290 r0=1.0000 entcoef=3.32e-03 lr=1.9e-04 seed=0
iter= 464 step=1488000 ep_ret=-786.217 opt_ret=-786.217 step_rew=-7.8622 opt_step=-7.8622 gap0=786.217 dret=+22.819 eval_ret=n/a pursuer_target_distance=4.216 capture=0.000 score=0.000 pol=-0.0002 val=0.0329 ent=1.5519 tot=+0.0111 agnorm=0.029 cgnorm=0.070 kl=0.0007 clipf=0.000 ev=+0.386 r0=1.0000 entcoef=3.31e-03 lr=1.9e-04 seed=0
iter= 465 step=1491200 ep_ret=-830.913 opt_ret=-830.913 step_rew=-8.3091 opt_step=-8.3091 gap0=830.913 dret=-21.877 eval_ret=n/a pursuer_target_distance=4.568 capture=0.000 score=0.000 pol=-0.0008 val=0.0444 ent=1.5572 tot=+0.0163 agnorm=0.049 cgnorm=0.087 kl=0.0010 clipf=0.000 ev=+0.306 r0=1.0000 entcoef=3.29e-03 lr=1.9e-04 seed=0
iter= 466 step=1494400 ep_ret=-858.693 opt_ret=-858.693 step_rew=-8.5869 opt_step=-8.5869 gap0=858.693 dret=-49.657 eval_ret=n/a pursuer_target_distance=4.176 capture=0.000 score=0.000 pol=-0.0005 val=0.0528 ent=1.5595 tot=+0.0208 agnorm=0.038 cgnorm=0.089 kl=0.0009 clipf=0.000 ev=+0.151 r0=1.0000 entcoef=3.28e-03 lr=1.8e-04 seed=0
iter= 467 step=1497600 ep_ret=-869.872 opt_ret=-869.872 step_rew=-8.6987 opt_step=-8.6987 gap0=869.872 dret=-60.836 eval_ret=n/a pursuer_target_distance=4.554 capture=0.000 score=0.000 pol=-0.0001 val=0.0380 ent=1.5610 tot=+0.0138 agnorm=0.026 cgnorm=0.070 kl=0.0004 clipf=0.000 ev=+0.472 r0=1.0000 entcoef=3.26e-03 lr=1.8e-04 seed=0
iter= 468 step=1500800 ep_ret=-839.023 opt_ret=-839.023 step_rew=-8.3902 opt_step=-8.3902 gap0=839.023 dret=-29.987 eval_ret=n/a pursuer_target_distance=4.776 capture=0.000 score=0.000 pol=-0.0003 val=0.0383 ent=1.5645 tot=+0.0138 agnorm=0.030 cgnorm=0.075 kl=0.0002 clipf=0.000 ev=+0.475 r0=1.0000 entcoef=3.25e-03 lr=1.8e-04 seed=0
iter= 469 step=1504000 ep_ret=-772.629 opt_ret=-772.629 step_rew=-7.7263 opt_step=-7.7263 gap0=772.629 dret=+36.407 eval_ret=n/a pursuer_target_distance=3.477 capture=0.000 score=0.000 pol=-0.0001 val=0.0344 ent=1.5592 tot=+0.0120 agnorm=0.025 cgnorm=0.071 kl=0.0001 clipf=0.000 ev=+0.272 r0=1.0000 entcoef=3.24e-03 lr=1.8e-04 seed=0
iter= 470 step=1507200 ep_ret=-817.662 opt_ret=-817.662 step_rew=-8.1766 opt_step=-8.1766 gap0=817.662 dret=-8.627 eval_ret=n/a pursuer_target_distance=3.833 capture=0.000 score=0.000 pol=-0.0002 val=0.0350 ent=1.5566 tot=+0.0123 agnorm=0.033 cgnorm=0.073 kl=0.0002 clipf=0.000 ev=+0.119 r0=1.0000 entcoef=3.22e-03 lr=1.8e-04 seed=0
iter= 471 step=1510400 ep_ret=-699.849 opt_ret=-699.849 step_rew=-6.9985 opt_step=-6.9985 gap0=699.849 dret=+109.187 eval_ret=n/a pursuer_target_distance=3.269 capture=0.000 score=0.000 pol=-0.0003 val=0.0332 ent=1.5478 tot=+0.0114 agnorm=0.032 cgnorm=0.067 kl=0.0004 clipf=0.000 ev=+0.564 r0=1.0000 entcoef=3.21e-03 lr=1.8e-04 seed=0
iter= 472 step=1513600 ep_ret=-859.723 opt_ret=-859.723 step_rew=-8.5972 opt_step=-8.5972 gap0=859.723 dret=-50.687 eval_ret=n/a pursuer_target_distance=4.054 capture=0.000 score=0.000 pol=-0.0003 val=0.0341 ent=1.5352 tot=+0.0118 agnorm=0.025 cgnorm=0.067 kl=0.0006 clipf=0.000 ev=+0.303 r0=1.0000 entcoef=3.19e-03 lr=1.8e-04 seed=0
iter= 473 step=1516800 ep_ret=-802.333 opt_ret=-802.333 step_rew=-8.0233 opt_step=-8.0233 gap0=802.333 dret=+6.702 eval_ret=n/a pursuer_target_distance=4.438 capture=0.000 score=0.000 pol=-0.0003 val=0.0464 ent=1.5266 tot=+0.0181 agnorm=0.036 cgnorm=0.078 kl=0.0004 clipf=0.000 ev=+0.207 r0=1.0000 entcoef=3.18e-03 lr=1.8e-04 seed=0
iter= 474 step=1520000 ep_ret=-844.499 opt_ret=-844.499 step_rew=-8.4450 opt_step=-8.4450 gap0=844.499 dret=-35.463 eval_ret=n/a pursuer_target_distance=3.983 capture=0.000 score=0.000 pol=-0.0003 val=0.0398 ent=1.5275 tot=+0.0148 agnorm=0.041 cgnorm=0.063 kl=0.0003 clipf=0.000 ev=+0.327 r0=1.0000 entcoef=3.16e-03 lr=1.8e-04 seed=0
iter= 475 step=1523200 ep_ret=-804.238 opt_ret=-804.238 step_rew=-8.0424 opt_step=-8.0424 gap0=804.238 dret=+4.798 eval_ret=n/a pursuer_target_distance=4.238 capture=0.000 score=0.000 pol=-0.0000 val=0.0303 ent=1.5379 tot=+0.0103 agnorm=0.031 cgnorm=0.058 kl=0.0002 clipf=0.000 ev=+0.457 r0=1.0000 entcoef=3.15e-03 lr=1.7e-04 seed=0
iter= 476 step=1526400 ep_ret=-871.646 opt_ret=-871.646 step_rew=-8.7165 opt_step=-8.7165 gap0=871.646 dret=-62.611 eval_ret=n/a pursuer_target_distance=5.045 capture=0.000 score=0.000 pol=-0.0001 val=0.0545 ent=1.5358 tot=+0.0223 agnorm=0.029 cgnorm=0.097 kl=0.0001 clipf=0.000 ev=+0.160 r0=1.0000 entcoef=3.13e-03 lr=1.7e-04 seed=0
iter= 477 step=1529600 ep_ret=-818.662 opt_ret=-818.662 step_rew=-8.1866 opt_step=-8.1866 gap0=818.662 dret=-9.626 eval_ret=n/a pursuer_target_distance=3.904 capture=0.000 score=0.000 pol=-0.0001 val=0.0511 ent=1.5392 tot=+0.0206 agnorm=0.024 cgnorm=0.082 kl=0.0001 clipf=0.000 ev=+0.141 r0=1.0000 entcoef=3.12e-03 lr=1.7e-04 seed=0
iter= 478 step=1532800 ep_ret=-892.313 opt_ret=-892.313 step_rew=-8.9231 opt_step=-8.9231 gap0=892.313 dret=-83.277 eval_ret=n/a pursuer_target_distance=5.196 capture=0.000 score=0.000 pol=-0.0002 val=0.0466 ent=1.5383 tot=+0.0183 agnorm=0.034 cgnorm=0.085 kl=0.0002 clipf=0.000 ev=+0.350 r0=1.0000 entcoef=3.11e-03 lr=1.7e-04 seed=0
iter= 479 step=1536000 ep_ret=-817.186 opt_ret=-817.186 step_rew=-8.1719 opt_step=-8.1719 gap0=817.186 dret=-8.150 eval_ret=n/a pursuer_target_distance=4.455 capture=0.000 score=0.000 pol=-0.0002 val=0.0330 ent=1.5302 tot=+0.0116 agnorm=0.026 cgnorm=0.067 kl=0.0003 clipf=0.000 ev=+0.329 r0=1.0000 entcoef=3.09e-03 lr=1.7e-04 seed=0
iter= 480 step=1539200 ep_ret=-787.754 opt_ret=-787.754 step_rew=-7.8775 opt_step=-7.8775 gap0=787.754 dret=+21.282 eval_ret=-797.689 pursuer_target_distance=4.200 capture=0.000 score=0.000 pol=-0.0001 val=0.0353 ent=1.5211 tot=+0.0129 agnorm=0.024 cgnorm=0.075 kl=0.0001 clipf=0.000 ev=+0.248 r0=1.0000 entcoef=3.08e-03 lr=1.7e-04 seed=0
iter= 481 step=1542400 ep_ret=-847.897 opt_ret=-847.897 step_rew=-8.4790 opt_step=-8.4790 gap0=847.897 dret=-38.861 eval_ret=n/a pursuer_target_distance=3.876 capture=0.000 score=0.000 pol=-0.0002 val=0.0348 ent=1.5169 tot=+0.0126 agnorm=0.022 cgnorm=0.071 kl=0.0001 clipf=0.000 ev=+0.276 r0=1.0000 entcoef=3.06e-03 lr=1.7e-04 seed=0
iter= 482 step=1545600 ep_ret=-922.670 opt_ret=-922.670 step_rew=-9.2267 opt_step=-9.2267 gap0=922.670 dret=-113.634 eval_ret=n/a pursuer_target_distance=5.242 capture=0.000 score=0.000 pol=-0.0004 val=0.0766 ent=1.5238 tot=+0.0333 agnorm=0.037 cgnorm=0.113 kl=0.0003 clipf=0.000 ev=+0.402 r0=1.0000 entcoef=3.05e-03 lr=1.7e-04 seed=0
iter= 483 step=1548800 ep_ret=-871.578 opt_ret=-871.578 step_rew=-8.7158 opt_step=-8.7158 gap0=871.578 dret=-62.542 eval_ret=n/a pursuer_target_distance=4.430 capture=0.000 score=0.000 pol=-0.0004 val=0.0327 ent=1.5334 tot=+0.0113 agnorm=0.038 cgnorm=0.064 kl=0.0008 clipf=0.000 ev=+0.435 r0=1.0000 entcoef=3.03e-03 lr=1.7e-04 seed=0
iter= 484 step=1552000 ep_ret=-840.324 opt_ret=-840.324 step_rew=-8.4032 opt_step=-8.4032 gap0=840.324 dret=-31.288 eval_ret=n/a pursuer_target_distance=5.002 capture=0.000 score=0.000 pol=-0.0000 val=0.0462 ent=1.5403 tot=+0.0184 agnorm=0.024 cgnorm=0.080 kl=0.0003 clipf=0.000 ev=+0.332 r0=1.0000 entcoef=3.02e-03 lr=1.6e-04 seed=0
iter= 485 step=1555200 ep_ret=-817.911 opt_ret=-817.911 step_rew=-8.1791 opt_step=-8.1791 gap0=817.911 dret=-8.875 eval_ret=n/a pursuer_target_distance=4.124 capture=0.000 score=0.000 pol=-0.0003 val=0.0320 ent=1.5358 tot=+0.0111 agnorm=0.035 cgnorm=0.073 kl=0.0001 clipf=0.000 ev=+0.390 r0=1.0000 entcoef=3.00e-03 lr=1.6e-04 seed=0
iter= 486 step=1558400 ep_ret=-819.664 opt_ret=-819.664 step_rew=-8.1966 opt_step=-8.1966 gap0=819.664 dret=-10.628 eval_ret=n/a pursuer_target_distance=4.498 capture=0.000 score=0.000 pol=-0.0004 val=0.0292 ent=1.5289 tot=+0.0096 agnorm=0.033 cgnorm=0.068 kl=0.0006 clipf=0.000 ev=+0.333 r0=1.0000 entcoef=2.99e-03 lr=1.6e-04 seed=0
iter= 487 step=1561600 ep_ret=-822.915 opt_ret=-822.915 step_rew=-8.2292 opt_step=-8.2292 gap0=822.915 dret=-13.879 eval_ret=n/a pursuer_target_distance=3.896 capture=0.000 score=0.000 pol=-0.0000 val=0.0339 ent=1.5189 tot=+0.0124 agnorm=0.035 cgnorm=0.072 kl=0.0001 clipf=0.000 ev=+0.367 r0=1.0000 entcoef=2.98e-03 lr=1.6e-04 seed=0
iter= 488 step=1564800 ep_ret=-826.411 opt_ret=-826.411 step_rew=-8.2641 opt_step=-8.2641 gap0=826.411 dret=-17.375 eval_ret=n/a pursuer_target_distance=4.195 capture=0.000 score=0.000 pol=-0.0001 val=0.0421 ent=1.5249 tot=+0.0164 agnorm=0.025 cgnorm=0.086 kl=0.0001 clipf=0.000 ev=+0.147 r0=1.0000 entcoef=2.96e-03 lr=1.6e-04 seed=0
iter= 489 step=1568000 ep_ret=-952.723 opt_ret=-952.723 step_rew=-9.5272 opt_step=-9.5272 gap0=952.723 dret=-143.687 eval_ret=n/a pursuer_target_distance=5.586 capture=0.000 score=0.000 pol=-0.0003 val=0.0804 ent=1.5260 tot=+0.0355 agnorm=0.032 cgnorm=0.115 kl=0.0002 clipf=0.000 ev=+0.178 r0=1.0000 entcoef=2.95e-03 lr=1.6e-04 seed=0
iter= 490 step=1571200 ep_ret=-929.879 opt_ret=-929.879 step_rew=-9.2988 opt_step=-9.2988 gap0=929.879 dret=-120.843 eval_ret=n/a pursuer_target_distance=4.646 capture=0.000 score=0.000 pol=-0.0002 val=0.0476 ent=1.5313 tot=+0.0191 agnorm=0.034 cgnorm=0.091 kl=0.0003 clipf=0.000 ev=+0.252 r0=1.0000 entcoef=2.93e-03 lr=1.6e-04 seed=0
iter= 491 step=1574400 ep_ret=-760.185 opt_ret=-760.185 step_rew=-7.6018 opt_step=-7.6018 gap0=760.185 dret=+48.851 eval_ret=n/a pursuer_target_distance=3.832 capture=0.000 score=0.000 pol=-0.0002 val=0.0264 ent=1.5347 tot=+0.0085 agnorm=0.036 cgnorm=0.065 kl=0.0003 clipf=0.000 ev=+0.393 r0=1.0000 entcoef=2.92e-03 lr=1.6e-04 seed=0
iter= 492 step=1577600 ep_ret=-847.767 opt_ret=-847.767 step_rew=-8.4777 opt_step=-8.4777 gap0=847.767 dret=-38.731 eval_ret=n/a pursuer_target_distance=4.069 capture=0.000 score=0.000 pol=-0.0002 val=0.0653 ent=1.5414 tot=+0.0279 agnorm=0.026 cgnorm=0.104 kl=0.0003 clipf=0.000 ev=-0.019 r0=1.0000 entcoef=2.90e-03 lr=1.6e-04 seed=0
iter= 493 step=1580800 ep_ret=-818.236 opt_ret=-818.236 step_rew=-8.1824 opt_step=-8.1824 gap0=818.236 dret=-9.200 eval_ret=n/a pursuer_target_distance=3.974 capture=0.000 score=0.000 pol=-0.0001 val=0.0291 ent=1.5367 tot=+0.0100 agnorm=0.029 cgnorm=0.067 kl=0.0001 clipf=0.000 ev=+0.171 r0=1.0000 entcoef=2.89e-03 lr=1.5e-04 seed=0
iter= 494 step=1584000 ep_ret=-766.958 opt_ret=-766.958 step_rew=-7.6696 opt_step=-7.6696 gap0=766.958 dret=+42.078 eval_ret=n/a pursuer_target_distance=3.225 capture=0.000 score=0.000 pol=-0.0002 val=0.0329 ent=1.5356 tot=+0.0118 agnorm=0.036 cgnorm=0.068 kl=0.0002 clipf=0.000 ev=+0.323 r0=1.0000 entcoef=2.87e-03 lr=1.5e-04 seed=0
iter= 495 step=1587200 ep_ret=-835.046 opt_ret=-835.046 step_rew=-8.3505 opt_step=-8.3505 gap0=835.046 dret=-26.010 eval_ret=n/a pursuer_target_distance=4.238 capture=0.000 score=0.000 pol=-0.0001 val=0.0350 ent=1.5394 tot=+0.0130 agnorm=0.022 cgnorm=0.075 kl=0.0001 clipf=0.000 ev=+0.155 r0=1.0000 entcoef=2.86e-03 lr=1.5e-04 seed=0
iter= 496 step=1590400 ep_ret=-831.897 opt_ret=-831.897 step_rew=-8.3190 opt_step=-8.3190 gap0=831.897 dret=-22.861 eval_ret=n/a pursuer_target_distance=4.468 capture=0.000 score=0.000 pol=-0.0004 val=0.0437 ent=1.5367 tot=+0.0170 agnorm=0.050 cgnorm=0.083 kl=0.0003 clipf=0.000 ev=+0.268 r0=1.0000 entcoef=2.85e-03 lr=1.5e-04 seed=0
iter= 497 step=1593600 ep_ret=-735.199 opt_ret=-735.199 step_rew=-7.3520 opt_step=-7.3520 gap0=735.199 dret=+73.837 eval_ret=n/a pursuer_target_distance=3.497 capture=0.000 score=0.000 pol=-0.0005 val=0.0339 ent=1.5252 tot=+0.0122 agnorm=0.039 cgnorm=0.075 kl=0.0006 clipf=0.000 ev=+0.330 r0=1.0000 entcoef=2.83e-03 lr=1.5e-04 seed=0
iter= 498 step=1596800 ep_ret=-843.528 opt_ret=-843.528 step_rew=-8.4353 opt_step=-8.4353 gap0=843.528 dret=-34.492 eval_ret=n/a pursuer_target_distance=4.314 capture=0.000 score=0.000 pol=-0.0001 val=0.0449 ent=1.5197 tot=+0.0180 agnorm=0.023 cgnorm=0.083 kl=0.0003 clipf=0.000 ev=+0.275 r0=1.0000 entcoef=2.82e-03 lr=1.5e-04 seed=0
iter= 499 step=1600000 ep_ret=-750.853 opt_ret=-750.853 step_rew=-7.5085 opt_step=-7.5085 gap0=750.853 dret=+58.183 eval_ret=n/a pursuer_target_distance=3.986 capture=0.000 score=0.000 pol=-0.0000 val=0.0383 ent=1.5204 tot=+0.0149 agnorm=0.019 cgnorm=0.070 kl=0.0001 clipf=0.000 ev=+0.285 r0=1.0000 entcoef=2.80e-03 lr=1.5e-04 seed=0
iter= 500 step=1603200 ep_ret=-869.713 opt_ret=-869.713 step_rew=-8.6971 opt_step=-8.6971 gap0=869.713 dret=-60.677 eval_ret=-789.188 pursuer_target_distance=4.441 capture=0.000 score=0.000 pol=-0.0003 val=0.0351 ent=1.5169 tot=+0.0130 agnorm=0.039 cgnorm=0.080 kl=0.0001 clipf=0.000 ev=+0.419 r0=1.0000 entcoef=2.79e-03 lr=1.5e-04 seed=0
iter= 501 step=1606400 ep_ret=-883.764 opt_ret=-883.764 step_rew=-8.8376 opt_step=-8.8376 gap0=883.764 dret=-74.728 eval_ret=n/a pursuer_target_distance=4.392 capture=0.000 score=0.000 pol=-0.0001 val=0.0520 ent=1.5058 tot=+0.0217 agnorm=0.028 cgnorm=0.087 kl=0.0002 clipf=0.000 ev=+0.105 r0=1.0000 entcoef=2.77e-03 lr=1.5e-04 seed=0
iter= 502 step=1609600 ep_ret=-797.853 opt_ret=-797.853 step_rew=-7.9785 opt_step=-7.9785 gap0=797.853 dret=+11.183 eval_ret=n/a pursuer_target_distance=4.093 capture=0.000 score=0.000 pol=-0.0000 val=0.0360 ent=1.5163 tot=+0.0138 agnorm=0.026 cgnorm=0.080 kl=0.0000 clipf=0.000 ev=+0.518 r0=1.0000 entcoef=2.76e-03 lr=1.4e-04 seed=0
iter= 503 step=1612800 ep_ret=-824.163 opt_ret=-824.163 step_rew=-8.2416 opt_step=-8.2416 gap0=824.163 dret=-15.127 eval_ret=n/a pursuer_target_distance=4.196 capture=0.000 score=0.000 pol=-0.0003 val=0.0420 ent=1.5203 tot=+0.0166 agnorm=0.028 cgnorm=0.074 kl=0.0002 clipf=0.000 ev=+0.326 r0=1.0000 entcoef=2.75e-03 lr=1.4e-04 seed=0
iter= 504 step=1616000 ep_ret=-760.780 opt_ret=-760.780 step_rew=-7.6078 opt_step=-7.6078 gap0=760.780 dret=+48.256 eval_ret=n/a pursuer_target_distance=3.693 capture=0.000 score=0.000 pol=-0.0002 val=0.0319 ent=1.5022 tot=+0.0116 agnorm=0.024 cgnorm=0.069 kl=0.0003 clipf=0.000 ev=+0.163 r0=1.0000 entcoef=2.73e-03 lr=1.4e-04 seed=0
iter= 505 step=1619200 ep_ret=-856.078 opt_ret=-856.078 step_rew=-8.5608 opt_step=-8.5608 gap0=856.078 dret=-47.042 eval_ret=n/a pursuer_target_distance=4.400 capture=0.000 score=0.000 pol=-0.0001 val=0.0526 ent=1.4998 tot=+0.0221 agnorm=0.023 cgnorm=0.089 kl=0.0001 clipf=0.000 ev=+0.101 r0=1.0000 entcoef=2.72e-03 lr=1.4e-04 seed=0
iter= 506 step=1622400 ep_ret=-833.449 opt_ret=-833.449 step_rew=-8.3345 opt_step=-8.3345 gap0=833.449 dret=-24.413 eval_ret=n/a pursuer_target_distance=4.695 capture=0.000 score=0.000 pol=-0.0001 val=0.0741 ent=1.5067 tot=+0.0329 agnorm=0.022 cgnorm=0.090 kl=0.0001 clipf=0.000 ev=+0.273 r0=1.0000 entcoef=2.70e-03 lr=1.4e-04 seed=0
iter= 507 step=1625600 ep_ret=-871.362 opt_ret=-871.362 step_rew=-8.7136 opt_step=-8.7136 gap0=871.362 dret=-62.326 eval_ret=n/a pursuer_target_distance=4.011 capture=0.000 score=0.000 pol=-0.0001 val=0.0715 ent=1.5119 tot=+0.0315 agnorm=0.024 cgnorm=0.103 kl=0.0001 clipf=0.000 ev=+0.008 r0=1.0000 entcoef=2.69e-03 lr=1.4e-04 seed=0
iter= 508 step=1628800 ep_ret=-840.349 opt_ret=-840.349 step_rew=-8.4035 opt_step=-8.4035 gap0=840.349 dret=-31.313 eval_ret=n/a pursuer_target_distance=4.423 capture=0.000 score=0.000 pol=-0.0002 val=0.0518 ent=1.5008 tot=+0.0217 agnorm=0.025 cgnorm=0.089 kl=0.0001 clipf=0.000 ev=-0.141 r0=1.0000 entcoef=2.67e-03 lr=1.4e-04 seed=0
iter= 509 step=1632000 ep_ret=-805.033 opt_ret=-805.033 step_rew=-8.0503 opt_step=-8.0503 gap0=805.033 dret=+4.003 eval_ret=n/a pursuer_target_distance=4.082 capture=0.000 score=0.000 pol=-0.0002 val=0.0381 ent=1.4950 tot=+0.0149 agnorm=0.036 cgnorm=0.075 kl=0.0001 clipf=0.000 ev=+0.309 r0=1.0000 entcoef=2.66e-03 lr=1.4e-04 seed=0
iter= 510 step=1635200 ep_ret=-795.975 opt_ret=-795.975 step_rew=-7.9597 opt_step=-7.9597 gap0=795.975 dret=+13.061 eval_ret=n/a pursuer_target_distance=4.204 capture=0.000 score=0.000 pol=-0.0002 val=0.0202 ent=1.5030 tot=+0.0059 agnorm=0.034 cgnorm=0.053 kl=0.0002 clipf=0.000 ev=+0.260 r0=1.0000 entcoef=2.64e-03 lr=1.4e-04 seed=0
iter= 511 step=1638400 ep_ret=-783.323 opt_ret=-783.323 step_rew=-7.8332 opt_step=-7.8332 gap0=783.323 dret=+25.713 eval_ret=n/a pursuer_target_distance=3.722 capture=0.000 score=0.000 pol=-0.0002 val=0.0335 ent=1.5197 tot=+0.0126 agnorm=0.022 cgnorm=0.067 kl=0.0003 clipf=0.000 ev=+0.372 r0=1.0000 entcoef=2.63e-03 lr=1.3e-04 seed=0
iter= 512 step=1641600 ep_ret=-791.516 opt_ret=-791.516 step_rew=-7.9152 opt_step=-7.9152 gap0=791.516 dret=+17.520 eval_ret=n/a pursuer_target_distance=3.809 capture=0.000 score=0.000 pol=-0.0001 val=0.0558 ent=1.5265 tot=+0.0238 agnorm=0.037 cgnorm=0.080 kl=0.0000 clipf=0.000 ev=+0.026 r0=1.0000 entcoef=2.62e-03 lr=1.3e-04 seed=0
iter= 513 step=1644800 ep_ret=-849.981 opt_ret=-849.981 step_rew=-8.4998 opt_step=-8.4998 gap0=849.981 dret=-40.945 eval_ret=n/a pursuer_target_distance=4.295 capture=0.000 score=0.000 pol=-0.0002 val=0.0441 ent=1.5187 tot=+0.0179 agnorm=0.034 cgnorm=0.082 kl=0.0002 clipf=0.000 ev=+0.461 r0=1.0000 entcoef=2.60e-03 lr=1.3e-04 seed=0
iter= 514 step=1648000 ep_ret=-879.740 opt_ret=-879.740 step_rew=-8.7974 opt_step=-8.7974 gap0=879.740 dret=-70.704 eval_ret=n/a pursuer_target_distance=4.263 capture=0.000 score=0.000 pol=-0.0003 val=0.0598 ent=1.5262 tot=+0.0256 agnorm=0.044 cgnorm=0.084 kl=0.0003 clipf=0.000 ev=+0.290 r0=1.0000 entcoef=2.59e-03 lr=1.3e-04 seed=0
iter= 515 step=1651200 ep_ret=-779.089 opt_ret=-779.089 step_rew=-7.7909 opt_step=-7.7909 gap0=779.089 dret=+29.946 eval_ret=n/a pursuer_target_distance=3.450 capture=0.000 score=0.000 pol=-0.0002 val=0.0308 ent=1.5293 tot=+0.0112 agnorm=0.038 cgnorm=0.073 kl=0.0003 clipf=0.000 ev=-0.021 r0=1.0000 entcoef=2.57e-03 lr=1.3e-04 seed=0
iter= 516 step=1654400 ep_ret=-856.690 opt_ret=-856.690 step_rew=-8.5669 opt_step=-8.5669 gap0=856.690 dret=-47.654 eval_ret=n/a pursuer_target_distance=4.419 capture=0.000 score=0.000 pol=-0.0000 val=0.0487 ent=1.5314 tot=+0.0204 agnorm=0.020 cgnorm=0.082 kl=0.0002 clipf=0.000 ev=+0.307 r0=1.0000 entcoef=2.56e-03 lr=1.3e-04 seed=0
iter= 517 step=1657600 ep_ret=-839.982 opt_ret=-839.982 step_rew=-8.3998 opt_step=-8.3998 gap0=839.982 dret=-30.946 eval_ret=n/a pursuer_target_distance=4.426 capture=0.000 score=0.000 pol=-0.0002 val=0.0621 ent=1.5377 tot=+0.0269 agnorm=0.035 cgnorm=0.102 kl=0.0002 clipf=0.000 ev=+0.149 r0=1.0000 entcoef=2.54e-03 lr=1.3e-04 seed=0
iter= 518 step=1660800 ep_ret=-859.012 opt_ret=-859.012 step_rew=-8.5901 opt_step=-8.5901 gap0=859.012 dret=-49.976 eval_ret=n/a pursuer_target_distance=4.737 capture=0.000 score=0.000 pol=-0.0003 val=0.0415 ent=1.5482 tot=+0.0166 agnorm=0.028 cgnorm=0.074 kl=0.0005 clipf=0.000 ev=+0.371 r0=1.0000 entcoef=2.53e-03 lr=1.3e-04 seed=0
iter= 519 step=1664000 ep_ret=-829.874 opt_ret=-829.874 step_rew=-8.2987 opt_step=-8.2987 gap0=829.874 dret=-20.838 eval_ret=n/a pursuer_target_distance=4.000 capture=0.000 score=0.000 pol=-0.0000 val=0.0395 ent=1.5598 tot=+0.0158 agnorm=0.018 cgnorm=0.071 kl=0.0002 clipf=0.000 ev=+0.462 r0=1.0000 entcoef=2.51e-03 lr=1.3e-04 seed=0
iter= 520 step=1667200 ep_ret=-784.995 opt_ret=-784.995 step_rew=-7.8499 opt_step=-7.8499 gap0=784.995 dret=+24.041 eval_ret=-830.998 pursuer_target_distance=3.216 capture=0.000 score=0.000 pol=-0.0001 val=0.0318 ent=1.5621 tot=+0.0119 agnorm=0.025 cgnorm=0.063 kl=0.0000 clipf=0.000 ev=+0.404 r0=1.0000 entcoef=2.50e-03 lr=1.3e-04 seed=0
iter= 521 step=1670400 ep_ret=-839.818 opt_ret=-839.818 step_rew=-8.3982 opt_step=-8.3982 gap0=839.818 dret=-30.782 eval_ret=n/a pursuer_target_distance=4.099 capture=0.000 score=0.000 pol=-0.0002 val=0.0284 ent=1.5652 tot=+0.0101 agnorm=0.025 cgnorm=0.073 kl=0.0001 clipf=0.000 ev=+0.342 r0=1.0000 entcoef=2.49e-03 lr=1.2e-04 seed=0
iter= 522 step=1673600 ep_ret=-876.473 opt_ret=-876.473 step_rew=-8.7647 opt_step=-8.7647 gap0=876.473 dret=-67.437 eval_ret=n/a pursuer_target_distance=4.495 capture=0.000 score=0.000 pol=-0.0001 val=0.0504 ent=1.5705 tot=+0.0212 agnorm=0.026 cgnorm=0.085 kl=0.0001 clipf=0.000 ev=+0.248 r0=1.0000 entcoef=2.47e-03 lr=1.2e-04 seed=0
iter= 523 step=1676800 ep_ret=-826.101 opt_ret=-826.101 step_rew=-8.2610 opt_step=-8.2610 gap0=826.101 dret=-17.065 eval_ret=n/a pursuer_target_distance=4.349 capture=0.000 score=0.000 pol=-0.0001 val=0.0400 ent=1.5747 tot=+0.0161 agnorm=0.030 cgnorm=0.083 kl=0.0001 clipf=0.000 ev=+0.019 r0=1.0000 entcoef=2.46e-03 lr=1.2e-04 seed=0
iter= 524 step=1680000 ep_ret=-914.929 opt_ret=-914.929 step_rew=-9.1493 opt_step=-9.1493 gap0=914.929 dret=-105.894 eval_ret=n/a pursuer_target_distance=4.525 capture=0.000 score=0.000 pol=-0.0001 val=0.0611 ent=1.5752 tot=+0.0266 agnorm=0.029 cgnorm=0.112 kl=0.0001 clipf=0.000 ev=+0.167 r0=1.0000 entcoef=2.44e-03 lr=1.2e-04 seed=0
iter= 525 step=1683200 ep_ret=-776.410 opt_ret=-776.410 step_rew=-7.7641 opt_step=-7.7641 gap0=776.410 dret=+32.626 eval_ret=n/a pursuer_target_distance=3.810 capture=0.000 score=0.000 pol=-0.0002 val=0.0253 ent=1.5786 tot=+0.0086 agnorm=0.032 cgnorm=0.064 kl=0.0002 clipf=0.000 ev=+0.338 r0=1.0000 entcoef=2.43e-03 lr=1.2e-04 seed=0
iter= 526 step=1686400 ep_ret=-834.617 opt_ret=-834.617 step_rew=-8.3462 opt_step=-8.3462 gap0=834.617 dret=-25.582 eval_ret=n/a pursuer_target_distance=4.163 capture=0.000 score=0.000 pol=-0.0004 val=0.0359 ent=1.5754 tot=+0.0137 agnorm=0.044 cgnorm=0.066 kl=0.0004 clipf=0.000 ev=+0.286 r0=1.0000 entcoef=2.41e-03 lr=1.2e-04 seed=0
iter= 527 step=1689600 ep_ret=-752.650 opt_ret=-752.650 step_rew=-7.5265 opt_step=-7.5265 gap0=752.650 dret=+56.386 eval_ret=n/a pursuer_target_distance=3.973 capture=0.000 score=0.000 pol=-0.0000 val=0.0322 ent=1.5670 tot=+0.0123 agnorm=0.018 cgnorm=0.060 kl=0.0002 clipf=0.000 ev=+0.243 r0=1.0000 entcoef=2.40e-03 lr=1.2e-04 seed=0
iter= 528 step=1692800 ep_ret=-886.528 opt_ret=-886.528 step_rew=-8.8653 opt_step=-8.8653 gap0=886.528 dret=-77.493 eval_ret=n/a pursuer_target_distance=4.774 capture=0.000 score=0.000 pol=-0.0002 val=0.0491 ent=1.5671 tot=+0.0206 agnorm=0.036 cgnorm=0.072 kl=0.0001 clipf=0.000 ev=+0.341 r0=1.0000 entcoef=2.38e-03 lr=1.2e-04 seed=0
iter= 529 step=1696000 ep_ret=-753.932 opt_ret=-753.932 step_rew=-7.5393 opt_step=-7.5393 gap0=753.932 dret=+55.104 eval_ret=n/a pursuer_target_distance=3.740 capture=0.000 score=0.000 pol=-0.0001 val=0.0469 ent=1.5655 tot=+0.0197 agnorm=0.018 cgnorm=0.074 kl=0.0001 clipf=0.000 ev=+0.163 r0=1.0000 entcoef=2.37e-03 lr=1.2e-04 seed=0
iter= 530 step=1699200 ep_ret=-772.617 opt_ret=-772.617 step_rew=-7.7262 opt_step=-7.7262 gap0=772.617 dret=+36.419 eval_ret=n/a pursuer_target_distance=3.969 capture=0.000 score=0.000 pol=-0.0001 val=0.0364 ent=1.5665 tot=+0.0144 agnorm=0.026 cgnorm=0.075 kl=0.0000 clipf=0.000 ev=+0.263 r0=1.0000 entcoef=2.36e-03 lr=1.1e-04 seed=0
iter= 531 step=1702400 ep_ret=-912.543 opt_ret=-912.543 step_rew=-9.1254 opt_step=-9.1254 gap0=912.543 dret=-103.507 eval_ret=n/a pursuer_target_distance=5.200 capture=0.000 score=0.000 pol=-0.0001 val=0.0664 ent=1.5692 tot=+0.0295 agnorm=0.022 cgnorm=0.097 kl=0.0000 clipf=0.000 ev=+0.163 r0=1.0000 entcoef=2.34e-03 lr=1.1e-04 seed=0
iter= 532 step=1705600 ep_ret=-807.946 opt_ret=-807.946 step_rew=-8.0795 opt_step=-8.0795 gap0=807.946 dret=+1.090 eval_ret=n/a pursuer_target_distance=4.169 capture=0.000 score=0.000 pol=-0.0002 val=0.0247 ent=1.5638 tot=+0.0085 agnorm=0.035 cgnorm=0.052 kl=0.0001 clipf=0.000 ev=+0.462 r0=1.0000 entcoef=2.33e-03 lr=1.1e-04 seed=0
iter= 533 step=1708800 ep_ret=-810.592 opt_ret=-810.592 step_rew=-8.1059 opt_step=-8.1059 gap0=810.592 dret=-1.556 eval_ret=n/a pursuer_target_distance=4.128 capture=0.000 score=0.000 pol=-0.0003 val=0.0447 ent=1.5641 tot=+0.0184 agnorm=0.045 cgnorm=0.070 kl=0.0003 clipf=0.000 ev=+0.283 r0=1.0000 entcoef=2.31e-03 lr=1.1e-04 seed=0
iter= 534 step=1712000 ep_ret=-887.740 opt_ret=-887.740 step_rew=-8.8774 opt_step=-8.8774 gap0=887.740 dret=-78.704 eval_ret=n/a pursuer_target_distance=4.091 capture=0.000 score=0.000 pol=+0.0000 val=0.0591 ent=1.5663 tot=+0.0260 agnorm=0.024 cgnorm=0.089 kl=0.0002 clipf=0.000 ev=-0.024 r0=1.0000 entcoef=2.30e-03 lr=1.1e-04 seed=0
iter= 535 step=1715200 ep_ret=-788.976 opt_ret=-788.976 step_rew=-7.8898 opt_step=-7.8898 gap0=788.976 dret=+20.060 eval_ret=n/a pursuer_target_distance=3.824 capture=0.000 score=0.000 pol=-0.0001 val=0.0461 ent=1.5641 tot=+0.0194 agnorm=0.031 cgnorm=0.087 kl=0.0000 clipf=0.000 ev=-0.261 r0=1.0000 entcoef=2.28e-03 lr=1.1e-04 seed=0
iter= 536 step=1718400 ep_ret=-863.602 opt_ret=-863.602 step_rew=-8.6360 opt_step=-8.6360 gap0=863.602 dret=-54.566 eval_ret=n/a pursuer_target_distance=4.420 capture=0.000 score=0.000 pol=-0.0003 val=0.0627 ent=1.5608 tot=+0.0275 agnorm=0.042 cgnorm=0.109 kl=0.0002 clipf=0.000 ev=+0.070 r0=1.0000 entcoef=2.27e-03 lr=1.1e-04 seed=0
iter= 537 step=1721600 ep_ret=-801.776 opt_ret=-801.776 step_rew=-8.0178 opt_step=-8.0178 gap0=801.776 dret=+7.260 eval_ret=n/a pursuer_target_distance=4.033 capture=0.000 score=0.000 pol=-0.0000 val=0.0482 ent=1.5573 tot=+0.0205 agnorm=0.032 cgnorm=0.088 kl=0.0001 clipf=0.000 ev=+0.209 r0=1.0000 entcoef=2.25e-03 lr=1.1e-04 seed=0
iter= 538 step=1724800 ep_ret=-823.742 opt_ret=-823.742 step_rew=-8.2374 opt_step=-8.2374 gap0=823.742 dret=-14.706 eval_ret=n/a pursuer_target_distance=3.843 capture=0.000 score=0.000 pol=-0.0001 val=0.0361 ent=1.5595 tot=+0.0145 agnorm=0.026 cgnorm=0.066 kl=0.0001 clipf=0.000 ev=+0.167 r0=1.0000 entcoef=2.24e-03 lr=1.1e-04 seed=0
iter= 539 step=1728000 ep_ret=-868.207 opt_ret=-868.207 step_rew=-8.6821 opt_step=-8.6821 gap0=868.207 dret=-59.171 eval_ret=n/a pursuer_target_distance=4.666 capture=0.000 score=0.000 pol=-0.0000 val=0.0562 ent=1.5608 tot=+0.0246 agnorm=0.012 cgnorm=0.091 kl=0.0000 clipf=0.000 ev=+0.197 r0=1.0000 entcoef=2.23e-03 lr=1.0e-04 seed=0
iter= 540 step=1731200 ep_ret=-781.228 opt_ret=-781.228 step_rew=-7.8123 opt_step=-7.8123 gap0=781.228 dret=+27.808 eval_ret=-805.759 pursuer_target_distance=3.604 capture=0.000 score=0.000 pol=-0.0001 val=0.0307 ent=1.5614 tot=+0.0118 agnorm=0.024 cgnorm=0.072 kl=0.0000 clipf=0.000 ev=+0.271 r0=1.0000 entcoef=2.21e-03 lr=1.0e-04 seed=0
iter= 541 step=1734400 ep_ret=-878.296 opt_ret=-878.296 step_rew=-8.7830 opt_step=-8.7830 gap0=878.296 dret=-69.260 eval_ret=n/a pursuer_target_distance=4.715 capture=0.000 score=0.000 pol=-0.0001 val=0.0469 ent=1.5635 tot=+0.0199 agnorm=0.025 cgnorm=0.086 kl=0.0001 clipf=0.000 ev=+0.241 r0=1.0000 entcoef=2.20e-03 lr=1.0e-04 seed=0
iter= 542 step=1737600 ep_ret=-872.524 opt_ret=-872.524 step_rew=-8.7252 opt_step=-8.7252 gap0=872.524 dret=-63.488 eval_ret=n/a pursuer_target_distance=4.375 capture=0.000 score=0.000 pol=-0.0001 val=0.0315 ent=1.5663 tot=+0.0122 agnorm=0.024 cgnorm=0.069 kl=0.0001 clipf=0.000 ev=+0.412 r0=1.0000 entcoef=2.18e-03 lr=1.0e-04 seed=0
iter= 543 step=1740800 ep_ret=-734.663 opt_ret=-734.663 step_rew=-7.3466 opt_step=-7.3466 gap0=734.663 dret=+74.373 eval_ret=n/a pursuer_target_distance=3.500 capture=0.000 score=0.000 pol=-0.0001 val=0.0579 ent=1.5681 tot=+0.0255 agnorm=0.038 cgnorm=0.084 kl=0.0001 clipf=0.000 ev=+0.339 r0=1.0000 entcoef=2.17e-03 lr=1.0e-04 seed=0
iter= 544 step=1744000 ep_ret=-932.424 opt_ret=-932.424 step_rew=-9.3242 opt_step=-9.3242 gap0=932.424 dret=-123.388 eval_ret=n/a pursuer_target_distance=5.359 capture=0.000 score=0.000 pol=-0.0002 val=0.0517 ent=1.5694 tot=+0.0223 agnorm=0.036 cgnorm=0.089 kl=0.0001 clipf=0.000 ev=+0.203 r0=1.0000 entcoef=2.15e-03 lr=9.8e-05 seed=0
iter= 545 step=1747200 ep_ret=-872.097 opt_ret=-872.097 step_rew=-8.7210 opt_step=-8.7210 gap0=872.097 dret=-63.061 eval_ret=n/a pursuer_target_distance=4.366 capture=0.000 score=0.000 pol=-0.0001 val=0.0607 ent=1.5625 tot=+0.0269 agnorm=0.025 cgnorm=0.091 kl=0.0001 clipf=0.000 ev=+0.139 r0=1.0000 entcoef=2.14e-03 lr=9.7e-05 seed=0
iter= 546 step=1750400 ep_ret=-776.420 opt_ret=-776.420 step_rew=-7.7642 opt_step=-7.7642 gap0=776.420 dret=+32.616 eval_ret=n/a pursuer_target_distance=4.052 capture=0.000 score=0.000 pol=-0.0001 val=0.0328 ent=1.5606 tot=+0.0130 agnorm=0.030 cgnorm=0.065 kl=0.0000 clipf=0.000 ev=+0.441 r0=1.0000 entcoef=2.13e-03 lr=9.6e-05 seed=0
iter= 547 step=1753600 ep_ret=-770.553 opt_ret=-770.553 step_rew=-7.7055 opt_step=-7.7055 gap0=770.553 dret=+38.483 eval_ret=n/a pursuer_target_distance=3.867 capture=0.000 score=0.000 pol=-0.0001 val=0.0266 ent=1.5626 tot=+0.0099 agnorm=0.028 cgnorm=0.063 kl=0.0002 clipf=0.000 ev=+0.401 r0=1.0000 entcoef=2.11e-03 lr=9.5e-05 seed=0
iter= 548 step=1756800 ep_ret=-865.666 opt_ret=-865.666 step_rew=-8.6567 opt_step=-8.6567 gap0=865.666 dret=-56.630 eval_ret=n/a pursuer_target_distance=4.325 capture=0.000 score=0.000 pol=-0.0001 val=0.0667 ent=1.5645 tot=+0.0300 agnorm=0.022 cgnorm=0.089 kl=0.0001 clipf=0.000 ev=+0.145 r0=1.0000 entcoef=2.10e-03 lr=9.4e-05 seed=0
iter= 549 step=1760000 ep_ret=-780.489 opt_ret=-780.489 step_rew=-7.8049 opt_step=-7.8049 gap0=780.489 dret=+28.547 eval_ret=n/a pursuer_target_distance=4.244 capture=0.000 score=0.000 pol=-0.0001 val=0.0429 ent=1.5594 tot=+0.0181 agnorm=0.020 cgnorm=0.082 kl=0.0001 clipf=0.000 ev=+0.125 r0=1.0000 entcoef=2.08e-03 lr=9.3e-05 seed=0
iter= 550 step=1763200 ep_ret=-818.312 opt_ret=-818.312 step_rew=-8.1831 opt_step=-8.1831 gap0=818.312 dret=-9.276 eval_ret=n/a pursuer_target_distance=4.045 capture=0.000 score=0.000 pol=-0.0001 val=0.0565 ent=1.5584 tot=+0.0249 agnorm=0.036 cgnorm=0.084 kl=0.0001 clipf=0.000 ev=+0.385 r0=1.0000 entcoef=2.07e-03 lr=9.2e-05 seed=0
iter= 551 step=1766400 ep_ret=-808.678 opt_ret=-808.678 step_rew=-8.0868 opt_step=-8.0868 gap0=808.678 dret=+0.358 eval_ret=n/a pursuer_target_distance=3.911 capture=0.000 score=0.000 pol=-0.0001 val=0.0538 ent=1.5515 tot=+0.0236 agnorm=0.024 cgnorm=0.083 kl=0.0001 clipf=0.000 ev=+0.306 r0=1.0000 entcoef=2.05e-03 lr=9.1e-05 seed=0
iter= 552 step=1769600 ep_ret=-863.875 opt_ret=-863.875 step_rew=-8.6388 opt_step=-8.6388 gap0=863.875 dret=-54.839 eval_ret=n/a pursuer_target_distance=4.768 capture=0.000 score=0.000 pol=-0.0001 val=0.0571 ent=1.5489 tot=+0.0253 agnorm=0.026 cgnorm=0.093 kl=0.0000 clipf=0.000 ev=+0.239 r0=1.0000 entcoef=2.04e-03 lr=9.0e-05 seed=0
iter= 553 step=1772800 ep_ret=-827.690 opt_ret=-827.690 step_rew=-8.2769 opt_step=-8.2769 gap0=827.690 dret=-18.655 eval_ret=n/a pursuer_target_distance=4.323 capture=0.000 score=0.000 pol=-0.0001 val=0.0307 ent=1.5573 tot=+0.0121 agnorm=0.034 cgnorm=0.067 kl=0.0001 clipf=0.000 ev=+0.385 r0=1.0000 entcoef=2.02e-03 lr=8.9e-05 seed=0
iter= 554 step=1776000 ep_ret=-917.073 opt_ret=-917.073 step_rew=-9.1707 opt_step=-9.1707 gap0=917.073 dret=-108.037 eval_ret=n/a pursuer_target_distance=4.651 capture=0.000 score=0.000 pol=-0.0002 val=0.0580 ent=1.5621 tot=+0.0257 agnorm=0.035 cgnorm=0.090 kl=0.0001 clipf=0.000 ev=+0.115 r0=1.0000 entcoef=2.01e-03 lr=8.7e-05 seed=0
iter= 555 step=1779200 ep_ret=-806.241 opt_ret=-806.241 step_rew=-8.0624 opt_step=-8.0624 gap0=806.241 dret=+2.794 eval_ret=n/a pursuer_target_distance=4.065 capture=0.000 score=0.000 pol=-0.0001 val=0.0359 ent=1.5590 tot=+0.0147 agnorm=0.040 cgnorm=0.065 kl=0.0001 clipf=0.000 ev=+0.266 r0=1.0000 entcoef=2.00e-03 lr=8.6e-05 seed=0
iter= 556 step=1782400 ep_ret=-830.434 opt_ret=-830.434 step_rew=-8.3043 opt_step=-8.3043 gap0=830.434 dret=-21.398 eval_ret=n/a pursuer_target_distance=4.072 capture=0.000 score=0.000 pol=-0.0000 val=0.0462 ent=1.5613 tot=+0.0200 agnorm=0.027 cgnorm=0.082 kl=0.0001 clipf=0.000 ev=+0.408 r0=1.0000 entcoef=1.98e-03 lr=8.5e-05 seed=0
iter= 557 step=1785600 ep_ret=-863.248 opt_ret=-863.248 step_rew=-8.6325 opt_step=-8.6325 gap0=863.248 dret=-54.212 eval_ret=n/a pursuer_target_distance=4.096 capture=0.000 score=0.000 pol=-0.0001 val=0.0549 ent=1.5649 tot=+0.0243 agnorm=0.025 cgnorm=0.095 kl=0.0000 clipf=0.000 ev=+0.037 r0=1.0000 entcoef=1.97e-03 lr=8.4e-05 seed=0
iter= 558 step=1788800 ep_ret=-841.673 opt_ret=-841.673 step_rew=-8.4167 opt_step=-8.4167 gap0=841.673 dret=-32.637 eval_ret=n/a pursuer_target_distance=3.974 capture=0.000 score=0.000 pol=-0.0001 val=0.0465 ent=1.5647 tot=+0.0201 agnorm=0.033 cgnorm=0.088 kl=0.0000 clipf=0.000 ev=+0.181 r0=1.0000 entcoef=1.95e-03 lr=8.3e-05 seed=0
iter= 559 step=1792000 ep_ret=-849.923 opt_ret=-849.923 step_rew=-8.4992 opt_step=-8.4992 gap0=849.923 dret=-40.887 eval_ret=n/a pursuer_target_distance=4.361 capture=0.000 score=0.000 pol=-0.0000 val=0.0323 ent=1.5628 tot=+0.0131 agnorm=0.033 cgnorm=0.062 kl=0.0000 clipf=0.000 ev=+0.322 r0=1.0000 entcoef=1.94e-03 lr=8.2e-05 seed=0
iter= 560 step=1795200 ep_ret=-805.870 opt_ret=-805.870 step_rew=-8.0587 opt_step=-8.0587 gap0=805.870 dret=+3.166 eval_ret=-846.972 pursuer_target_distance=3.752 capture=0.000 score=0.000 pol=-0.0001 val=0.0385 ent=1.5666 tot=+0.0161 agnorm=0.025 cgnorm=0.067 kl=0.0001 clipf=0.000 ev=+0.212 r0=1.0000 entcoef=1.92e-03 lr=8.1e-05 seed=0
iter= 561 step=1798400 ep_ret=-837.264 opt_ret=-837.264 step_rew=-8.3726 opt_step=-8.3726 gap0=837.264 dret=-28.229 eval_ret=n/a pursuer_target_distance=3.984 capture=0.000 score=0.000 pol=-0.0002 val=0.0397 ent=1.5634 tot=+0.0167 agnorm=0.028 cgnorm=0.076 kl=0.0001 clipf=0.000 ev=+0.283 r0=1.0000 entcoef=1.91e-03 lr=8.0e-05 seed=0
iter= 562 step=1801600 ep_ret=-762.951 opt_ret=-762.951 step_rew=-7.6295 opt_step=-7.6295 gap0=762.951 dret=+46.085 eval_ret=n/a pursuer_target_distance=3.526 capture=0.000 score=0.000 pol=-0.0000 val=0.0435 ent=1.5621 tot=+0.0188 agnorm=0.025 cgnorm=0.085 kl=0.0000 clipf=0.000 ev=+0.049 r0=1.0000 entcoef=1.89e-03 lr=7.9e-05 seed=0
iter= 563 step=1804800 ep_ret=-844.176 opt_ret=-844.176 step_rew=-8.4418 opt_step=-8.4418 gap0=844.176 dret=-35.140 eval_ret=n/a pursuer_target_distance=4.171 capture=0.000 score=0.000 pol=-0.0002 val=0.0858 ent=1.5641 tot=+0.0397 agnorm=0.044 cgnorm=0.122 kl=0.0001 clipf=0.000 ev=-0.147 r0=1.0000 entcoef=1.88e-03 lr=7.7e-05 seed=0
iter= 564 step=1808000 ep_ret=-784.004 opt_ret=-784.004 step_rew=-7.8400 opt_step=-7.8400 gap0=784.004 dret=+25.032 eval_ret=n/a pursuer_target_distance=3.518 capture=0.000 score=0.000 pol=-0.0004 val=0.0483 ent=1.5706 tot=+0.0208 agnorm=0.056 cgnorm=0.078 kl=0.0003 clipf=0.000 ev=+0.426 r0=1.0000 entcoef=1.87e-03 lr=7.6e-05 seed=0
iter= 565 step=1811200 ep_ret=-802.627 opt_ret=-802.627 step_rew=-8.0263 opt_step=-8.0263 gap0=802.627 dret=+6.409 eval_ret=n/a pursuer_target_distance=3.235 capture=0.000 score=0.000 pol=-0.0001 val=0.0356 ent=1.5705 tot=+0.0149 agnorm=0.023 cgnorm=0.072 kl=0.0002 clipf=0.000 ev=+0.393 r0=1.0000 entcoef=1.85e-03 lr=7.5e-05 seed=0
iter= 566 step=1814400 ep_ret=-885.758 opt_ret=-885.758 step_rew=-8.8576 opt_step=-8.8576 gap0=885.758 dret=-76.722 eval_ret=n/a pursuer_target_distance=5.053 capture=0.000 score=0.000 pol=-0.0001 val=0.0559 ent=1.5756 tot=+0.0249 agnorm=0.047 cgnorm=0.094 kl=0.0001 clipf=0.000 ev=+0.310 r0=1.0000 entcoef=1.84e-03 lr=7.4e-05 seed=0
iter= 567 step=1817600 ep_ret=-820.558 opt_ret=-820.558 step_rew=-8.2056 opt_step=-8.2056 gap0=820.558 dret=-11.522 eval_ret=n/a pursuer_target_distance=4.460 capture=0.000 score=0.000 pol=-0.0001 val=0.0351 ent=1.5786 tot=+0.0145 agnorm=0.039 cgnorm=0.076 kl=0.0001 clipf=0.000 ev=+0.155 r0=1.0000 entcoef=1.82e-03 lr=7.3e-05 seed=0
iter= 568 step=1820800 ep_ret=-756.705 opt_ret=-756.705 step_rew=-7.5671 opt_step=-7.5671 gap0=756.705 dret=+52.330 eval_ret=n/a pursuer_target_distance=3.507 capture=0.000 score=0.000 pol=-0.0001 val=0.0259 ent=1.5697 tot=+0.0100 agnorm=0.047 cgnorm=0.063 kl=0.0001 clipf=0.000 ev=+0.601 r0=1.0000 entcoef=1.81e-03 lr=7.2e-05 seed=0
iter= 569 step=1824000 ep_ret=-848.168 opt_ret=-848.168 step_rew=-8.4817 opt_step=-8.4817 gap0=848.168 dret=-39.132 eval_ret=n/a pursuer_target_distance=3.980 capture=0.000 score=0.000 pol=-0.0000 val=0.0567 ent=1.5639 tot=+0.0255 agnorm=0.021 cgnorm=0.090 kl=0.0000 clipf=0.000 ev=+0.161 r0=1.0000 entcoef=1.79e-03 lr=7.1e-05 seed=0
iter= 570 step=1827200 ep_ret=-818.655 opt_ret=-818.655 step_rew=-8.1865 opt_step=-8.1865 gap0=818.655 dret=-9.619 eval_ret=n/a pursuer_target_distance=3.911 capture=0.000 score=0.000 pol=-0.0001 val=0.0276 ent=1.5659 tot=+0.0109 agnorm=0.033 cgnorm=0.072 kl=0.0000 clipf=0.000 ev=+0.346 r0=1.0000 entcoef=1.78e-03 lr=7.0e-05 seed=0
iter= 571 step=1830400 ep_ret=-788.808 opt_ret=-788.808 step_rew=-7.8881 opt_step=-7.8881 gap0=788.808 dret=+20.227 eval_ret=n/a pursuer_target_distance=3.684 capture=0.000 score=0.000 pol=-0.0002 val=0.0285 ent=1.5614 tot=+0.0113 agnorm=0.044 cgnorm=0.060 kl=0.0001 clipf=0.000 ev=+0.395 r0=1.0000 entcoef=1.76e-03 lr=6.9e-05 seed=0
iter= 572 step=1833600 ep_ret=-802.243 opt_ret=-802.243 step_rew=-8.0224 opt_step=-8.0224 gap0=802.243 dret=+6.793 eval_ret=n/a pursuer_target_distance=4.030 capture=0.000 score=0.000 pol=-0.0000 val=0.0343 ent=1.5633 tot=+0.0144 agnorm=0.031 cgnorm=0.070 kl=0.0001 clipf=0.000 ev=+0.400 r0=1.0000 entcoef=1.75e-03 lr=6.8e-05 seed=0
iter= 573 step=1836800 ep_ret=-751.795 opt_ret=-751.795 step_rew=-7.5180 opt_step=-7.5180 gap0=751.795 dret=+57.241 eval_ret=n/a pursuer_target_distance=3.801 capture=0.000 score=0.000 pol=-0.0001 val=0.0256 ent=1.5609 tot=+0.0100 agnorm=0.033 cgnorm=0.063 kl=0.0000 clipf=0.000 ev=+0.489 r0=1.0000 entcoef=1.74e-03 lr=6.6e-05 seed=0
iter= 574 step=1840000 ep_ret=-790.672 opt_ret=-790.672 step_rew=-7.9067 opt_step=-7.9067 gap0=790.672 dret=+18.364 eval_ret=n/a pursuer_target_distance=3.908 capture=0.000 score=0.000 pol=-0.0000 val=0.0412 ent=1.5608 tot=+0.0179 agnorm=0.039 cgnorm=0.074 kl=0.0000 clipf=0.000 ev=+0.240 r0=1.0000 entcoef=1.72e-03 lr=6.5e-05 seed=0
iter= 575 step=1843200 ep_ret=-908.252 opt_ret=-908.252 step_rew=-9.0825 opt_step=-9.0825 gap0=908.252 dret=-99.216 eval_ret=n/a pursuer_target_distance=5.252 capture=0.000 score=0.000 pol=-0.0000 val=0.0673 ent=1.5635 tot=+0.0309 agnorm=0.028 cgnorm=0.113 kl=0.0000 clipf=0.000 ev=+0.002 r0=1.0000 entcoef=1.71e-03 lr=6.4e-05 seed=0
iter= 576 step=1846400 ep_ret=-801.203 opt_ret=-801.203 step_rew=-8.0120 opt_step=-8.0120 gap0=801.203 dret=+7.833 eval_ret=n/a pursuer_target_distance=4.105 capture=0.000 score=0.000 pol=-0.0002 val=0.0613 ent=1.5594 tot=+0.0278 agnorm=0.052 cgnorm=0.099 kl=0.0001 clipf=0.000 ev=+0.254 r0=1.0000 entcoef=1.69e-03 lr=6.3e-05 seed=0
iter= 577 step=1849600 ep_ret=-875.375 opt_ret=-875.375 step_rew=-8.7538 opt_step=-8.7538 gap0=875.375 dret=-66.339 eval_ret=n/a pursuer_target_distance=4.584 capture=0.000 score=0.000 pol=-0.0002 val=0.0416 ent=1.5612 tot=+0.0180 agnorm=0.039 cgnorm=0.081 kl=0.0001 clipf=0.000 ev=+0.142 r0=1.0000 entcoef=1.68e-03 lr=6.2e-05 seed=0
iter= 578 step=1852800 ep_ret=-844.465 opt_ret=-844.465 step_rew=-8.4447 opt_step=-8.4447 gap0=844.465 dret=-35.429 eval_ret=n/a pursuer_target_distance=3.916 capture=0.000 score=0.000 pol=-0.0000 val=0.0461 ent=1.5605 tot=+0.0204 agnorm=0.029 cgnorm=0.080 kl=0.0001 clipf=0.000 ev=+0.297 r0=1.0000 entcoef=1.66e-03 lr=6.1e-05 seed=0
iter= 579 step=1856000 ep_ret=-832.292 opt_ret=-832.292 step_rew=-8.3229 opt_step=-8.3229 gap0=832.292 dret=-23.256 eval_ret=n/a pursuer_target_distance=3.560 capture=0.000 score=0.000 pol=-0.0000 val=0.0469 ent=1.5572 tot=+0.0209 agnorm=0.023 cgnorm=0.090 kl=0.0000 clipf=0.000 ev=+0.383 r0=1.0000 entcoef=1.65e-03 lr=6.0e-05 seed=0
iter= 580 step=1859200 ep_ret=-816.498 opt_ret=-816.498 step_rew=-8.1650 opt_step=-8.1650 gap0=816.498 dret=-7.462 eval_ret=-788.693 pursuer_target_distance=4.335 capture=0.000 score=0.000 pol=-0.0001 val=0.0467 ent=1.5625 tot=+0.0208 agnorm=0.027 cgnorm=0.079 kl=0.0000 clipf=0.000 ev=+0.178 r0=1.0000 entcoef=1.63e-03 lr=5.9e-05 seed=0
iter= 581 step=1862400 ep_ret=-796.659 opt_ret=-796.659 step_rew=-7.9666 opt_step=-7.9666 gap0=796.659 dret=+12.377 eval_ret=n/a pursuer_target_distance=3.660 capture=0.000 score=0.000 pol=-0.0001 val=0.0252 ent=1.5625 tot=+0.0100 agnorm=0.032 cgnorm=0.063 kl=0.0000 clipf=0.000 ev=+0.399 r0=1.0000 entcoef=1.62e-03 lr=5.8e-05 seed=0
iter= 582 step=1865600 ep_ret=-929.177 opt_ret=-929.177 step_rew=-9.2918 opt_step=-9.2918 gap0=929.177 dret=-120.141 eval_ret=n/a pursuer_target_distance=5.083 capture=0.000 score=0.000 pol=-0.0001 val=0.0670 ent=1.5618 tot=+0.0310 agnorm=0.039 cgnorm=0.103 kl=0.0000 clipf=0.000 ev=+0.174 r0=1.0000 entcoef=1.61e-03 lr=5.6e-05 seed=0
iter= 583 step=1868800 ep_ret=-894.811 opt_ret=-894.811 step_rew=-8.9481 opt_step=-8.9481 gap0=894.811 dret=-85.775 eval_ret=n/a pursuer_target_distance=5.247 capture=0.000 score=0.000 pol=-0.0001 val=0.0610 ent=1.5632 tot=+0.0279 agnorm=0.027 cgnorm=0.085 kl=0.0000 clipf=0.000 ev=+0.210 r0=1.0000 entcoef=1.59e-03 lr=5.5e-05 seed=0
iter= 584 step=1872000 ep_ret=-822.344 opt_ret=-822.344 step_rew=-8.2234 opt_step=-8.2234 gap0=822.344 dret=-13.308 eval_ret=n/a pursuer_target_distance=3.696 capture=0.000 score=0.000 pol=-0.0001 val=0.0462 ent=1.5588 tot=+0.0206 agnorm=0.025 cgnorm=0.077 kl=0.0000 clipf=0.000 ev=+0.197 r0=1.0000 entcoef=1.58e-03 lr=5.4e-05 seed=0
iter= 585 step=1875200 ep_ret=-801.318 opt_ret=-801.318 step_rew=-8.0132 opt_step=-8.0132 gap0=801.318 dret=+7.718 eval_ret=n/a pursuer_target_distance=4.410 capture=0.000 score=0.000 pol=-0.0000 val=0.0392 ent=1.5598 tot=+0.0171 agnorm=0.031 cgnorm=0.084 kl=0.0000 clipf=0.000 ev=+0.215 r0=1.0000 entcoef=1.56e-03 lr=5.3e-05 seed=0
iter= 586 step=1878400 ep_ret=-882.390 opt_ret=-882.390 step_rew=-8.8239 opt_step=-8.8239 gap0=882.390 dret=-73.354 eval_ret=n/a pursuer_target_distance=4.531 capture=0.000 score=0.000 pol=-0.0000 val=0.0669 ent=1.5608 tot=+0.0310 agnorm=0.020 cgnorm=0.085 kl=0.0000 clipf=0.000 ev=+0.245 r0=1.0000 entcoef=1.55e-03 lr=5.2e-05 seed=0
iter= 587 step=1881600 ep_ret=-904.984 opt_ret=-904.984 step_rew=-9.0498 opt_step=-9.0498 gap0=904.984 dret=-95.948 eval_ret=n/a pursuer_target_distance=4.805 capture=0.000 score=0.000 pol=-0.0000 val=0.0554 ent=1.5609 tot=+0.0253 agnorm=0.018 cgnorm=0.081 kl=0.0000 clipf=0.000 ev=+0.265 r0=1.0000 entcoef=1.53e-03 lr=5.1e-05 seed=0
iter= 588 step=1884800 ep_ret=-791.951 opt_ret=-791.951 step_rew=-7.9195 opt_step=-7.9195 gap0=791.951 dret=+17.084 eval_ret=n/a pursuer_target_distance=4.065 capture=0.000 score=0.000 pol=-0.0000 val=0.0550 ent=1.5638 tot=+0.0251 agnorm=0.031 cgnorm=0.098 kl=0.0000 clipf=0.000 ev=+0.225 r0=1.0000 entcoef=1.52e-03 lr=5.0e-05 seed=0
iter= 589 step=1888000 ep_ret=-820.833 opt_ret=-820.833 step_rew=-8.2083 opt_step=-8.2083 gap0=820.833 dret=-11.797 eval_ret=n/a pursuer_target_distance=4.055 capture=0.000 score=0.000 pol=-0.0001 val=0.0401 ent=1.5600 tot=+0.0176 agnorm=0.031 cgnorm=0.081 kl=0.0000 clipf=0.000 ev=+0.305 r0=1.0000 entcoef=1.50e-03 lr=4.9e-05 seed=0
iter= 590 step=1891200 ep_ret=-840.914 opt_ret=-840.914 step_rew=-8.4091 opt_step=-8.4091 gap0=840.914 dret=-31.878 eval_ret=n/a pursuer_target_distance=4.364 capture=0.000 score=0.000 pol=-0.0001 val=0.0408 ent=1.5552 tot=+0.0180 agnorm=0.024 cgnorm=0.069 kl=0.0000 clipf=0.000 ev=+0.248 r0=1.0000 entcoef=1.49e-03 lr=4.8e-05 seed=0
iter= 591 step=1894400 ep_ret=-901.077 opt_ret=-901.077 step_rew=-9.0108 opt_step=-9.0108 gap0=901.077 dret=-92.041 eval_ret=n/a pursuer_target_distance=5.509 capture=0.000 score=0.000 pol=-0.0000 val=0.0804 ent=1.5552 tot=+0.0379 agnorm=0.027 cgnorm=0.098 kl=0.0000 clipf=0.000 ev=+0.308 r0=1.0000 entcoef=1.48e-03 lr=4.6e-05 seed=0
iter= 592 step=1897600 ep_ret=-752.475 opt_ret=-752.475 step_rew=-7.5248 opt_step=-7.5248 gap0=752.475 dret=+56.561 eval_ret=n/a pursuer_target_distance=3.595 capture=0.000 score=0.000 pol=-0.0000 val=0.0434 ent=1.5522 tot=+0.0194 agnorm=0.026 cgnorm=0.081 kl=0.0000 clipf=0.000 ev=+0.314 r0=1.0000 entcoef=1.46e-03 lr=4.5e-05 seed=0
iter= 593 step=1900800 ep_ret=-794.015 opt_ret=-794.015 step_rew=-7.9402 opt_step=-7.9402 gap0=794.015 dret=+15.021 eval_ret=n/a pursuer_target_distance=3.439 capture=0.000 score=0.000 pol=-0.0001 val=0.0397 ent=1.5575 tot=+0.0175 agnorm=0.027 cgnorm=0.078 kl=0.0000 clipf=0.000 ev=+0.214 r0=1.0000 entcoef=1.45e-03 lr=4.4e-05 seed=0
iter= 594 step=1904000 ep_ret=-869.005 opt_ret=-869.005 step_rew=-8.6900 opt_step=-8.6900 gap0=869.005 dret=-59.969 eval_ret=n/a pursuer_target_distance=3.961 capture=0.000 score=0.000 pol=-0.0001 val=0.0499 ent=1.5619 tot=+0.0227 agnorm=0.023 cgnorm=0.077 kl=0.0000 clipf=0.000 ev=+0.286 r0=1.0000 entcoef=1.43e-03 lr=4.3e-05 seed=0
iter= 595 step=1907200 ep_ret=-871.477 opt_ret=-871.477 step_rew=-8.7148 opt_step=-8.7148 gap0=871.477 dret=-62.441 eval_ret=n/a pursuer_target_distance=4.949 capture=0.000 score=0.000 pol=-0.0000 val=0.0778 ent=1.5609 tot=+0.0367 agnorm=0.025 cgnorm=0.125 kl=0.0000 clipf=0.000 ev=-0.015 r0=1.0000 entcoef=1.42e-03 lr=4.2e-05 seed=0
iter= 596 step=1910400 ep_ret=-894.289 opt_ret=-894.289 step_rew=-8.9429 opt_step=-8.9429 gap0=894.289 dret=-85.253 eval_ret=n/a pursuer_target_distance=4.410 capture=0.000 score=0.000 pol=-0.0000 val=0.0861 ent=1.5618 tot=+0.0408 agnorm=0.026 cgnorm=0.110 kl=0.0000 clipf=0.000 ev=+0.240 r0=1.0000 entcoef=1.40e-03 lr=4.1e-05 seed=0
iter= 597 step=1913600 ep_ret=-795.792 opt_ret=-795.792 step_rew=-7.9579 opt_step=-7.9579 gap0=795.792 dret=+13.244 eval_ret=n/a pursuer_target_distance=4.307 capture=0.000 score=0.000 pol=-0.0001 val=0.0384 ent=1.5597 tot=+0.0170 agnorm=0.026 cgnorm=0.075 kl=0.0000 clipf=0.000 ev=+0.400 r0=1.0000 entcoef=1.39e-03 lr=4.0e-05 seed=0
iter= 598 step=1916800 ep_ret=-829.115 opt_ret=-829.115 step_rew=-8.2912 opt_step=-8.2912 gap0=829.115 dret=-20.079 eval_ret=n/a pursuer_target_distance=4.056 capture=0.000 score=0.000 pol=-0.0000 val=0.0324 ent=1.5560 tot=+0.0140 agnorm=0.022 cgnorm=0.076 kl=0.0000 clipf=0.000 ev=+0.197 r0=1.0000 entcoef=1.37e-03 lr=3.9e-05 seed=0
iter= 599 step=1920000 ep_ret=-796.338 opt_ret=-796.338 step_rew=-7.9634 opt_step=-7.9634 gap0=796.338 dret=+12.698 eval_ret=n/a pursuer_target_distance=3.719 capture=0.000 score=0.000 pol=-0.0000 val=0.0556 ent=1.5598 tot=+0.0257 agnorm=0.026 cgnorm=0.087 kl=0.0000 clipf=0.000 ev=+0.205 r0=1.0000 entcoef=1.36e-03 lr=3.8e-05 seed=0
iter= 600 step=1923200 ep_ret=-838.662 opt_ret=-838.662 step_rew=-8.3866 opt_step=-8.3866 gap0=838.662 dret=-29.626 eval_ret=-822.802 pursuer_target_distance=4.016 capture=0.000 score=0.000 pol=-0.0000 val=0.0693 ent=1.5628 tot=+0.0325 agnorm=0.031 cgnorm=0.087 kl=0.0000 clipf=0.000 ev=+0.232 r0=1.0000 entcoef=1.35e-03 lr=3.7e-05 seed=0
iter= 601 step=1926400 ep_ret=-807.764 opt_ret=-807.764 step_rew=-8.0776 opt_step=-8.0776 gap0=807.764 dret=+1.272 eval_ret=n/a pursuer_target_distance=4.190 capture=0.000 score=0.000 pol=-0.0000 val=0.0419 ent=1.5674 tot=+0.0188 agnorm=0.026 cgnorm=0.070 kl=0.0000 clipf=0.000 ev=+0.255 r0=1.0000 entcoef=1.33e-03 lr=3.5e-05 seed=0
iter= 602 step=1929600 ep_ret=-840.719 opt_ret=-840.719 step_rew=-8.4072 opt_step=-8.4072 gap0=840.719 dret=-31.683 eval_ret=n/a pursuer_target_distance=4.487 capture=0.000 score=0.000 pol=-0.0001 val=0.0535 ent=1.5675 tot=+0.0246 agnorm=0.043 cgnorm=0.090 kl=0.0000 clipf=0.000 ev=+0.237 r0=1.0000 entcoef=1.32e-03 lr=3.4e-05 seed=0
iter= 603 step=1932800 ep_ret=-829.743 opt_ret=-829.743 step_rew=-8.2974 opt_step=-8.2974 gap0=829.743 dret=-20.707 eval_ret=n/a pursuer_target_distance=4.528 capture=0.000 score=0.000 pol=-0.0000 val=0.0424 ent=1.5635 tot=+0.0191 agnorm=0.035 cgnorm=0.072 kl=0.0000 clipf=0.000 ev=+0.257 r0=1.0000 entcoef=1.30e-03 lr=3.3e-05 seed=0
iter= 604 step=1936000 ep_ret=-847.037 opt_ret=-847.037 step_rew=-8.4704 opt_step=-8.4704 gap0=847.037 dret=-38.001 eval_ret=n/a pursuer_target_distance=4.419 capture=0.000 score=0.000 pol=-0.0000 val=0.0464 ent=1.5629 tot=+0.0211 agnorm=0.035 cgnorm=0.079 kl=0.0000 clipf=0.000 ev=+0.228 r0=1.0000 entcoef=1.29e-03 lr=3.2e-05 seed=0
iter= 605 step=1939200 ep_ret=-799.694 opt_ret=-799.694 step_rew=-7.9969 opt_step=-7.9969 gap0=799.694 dret=+9.342 eval_ret=n/a pursuer_target_distance=3.751 capture=0.000 score=0.000 pol=-0.0000 val=0.0586 ent=1.5653 tot=+0.0273 agnorm=0.033 cgnorm=0.099 kl=0.0000 clipf=0.000 ev=+0.239 r0=1.0000 entcoef=1.27e-03 lr=3.1e-05 seed=0
iter= 606 step=1942400 ep_ret=-894.513 opt_ret=-894.513 step_rew=-8.9451 opt_step=-8.9451 gap0=894.513 dret=-85.477 eval_ret=n/a pursuer_target_distance=5.038 capture=0.000 score=0.000 pol=-0.0000 val=0.0742 ent=1.5651 tot=+0.0351 agnorm=0.025 cgnorm=0.105 kl=0.0000 clipf=0.000 ev=+0.236 r0=1.0000 entcoef=1.26e-03 lr=3.0e-05 seed=0
iter= 607 step=1945600 ep_ret=-834.452 opt_ret=-834.452 step_rew=-8.3445 opt_step=-8.3445 gap0=834.452 dret=-25.416 eval_ret=n/a pursuer_target_distance=4.843 capture=0.000 score=0.000 pol=-0.0000 val=0.0618 ent=1.5654 tot=+0.0289 agnorm=0.033 cgnorm=0.077 kl=0.0000 clipf=0.000 ev=+0.043 r0=1.0000 entcoef=1.25e-03 lr=2.9e-05 seed=0
iter= 608 step=1948800 ep_ret=-851.719 opt_ret=-851.719 step_rew=-8.5172 opt_step=-8.5172 gap0=851.719 dret=-42.683 eval_ret=n/a pursuer_target_distance=4.499 capture=0.000 score=0.000 pol=-0.0000 val=0.0556 ent=1.5628 tot=+0.0258 agnorm=0.023 cgnorm=0.102 kl=0.0000 clipf=0.000 ev=+0.253 r0=1.0000 entcoef=1.23e-03 lr=2.8e-05 seed=0
iter= 609 step=1952000 ep_ret=-794.646 opt_ret=-794.646 step_rew=-7.9465 opt_step=-7.9465 gap0=794.646 dret=+14.390 eval_ret=n/a pursuer_target_distance=4.086 capture=0.000 score=0.000 pol=-0.0000 val=0.0449 ent=1.5639 tot=+0.0205 agnorm=0.029 cgnorm=0.076 kl=0.0000 clipf=0.000 ev=+0.191 r0=1.0000 entcoef=1.22e-03 lr=2.7e-05 seed=0
iter= 610 step=1955200 ep_ret=-797.712 opt_ret=-797.712 step_rew=-7.9771 opt_step=-7.9771 gap0=797.712 dret=+11.324 eval_ret=n/a pursuer_target_distance=3.933 capture=0.000 score=0.000 pol=-0.0000 val=0.0494 ent=1.5653 tot=+0.0228 agnorm=0.037 cgnorm=0.090 kl=0.0000 clipf=0.000 ev=+0.309 r0=1.0000 entcoef=1.20e-03 lr=2.5e-05 seed=0
iter= 611 step=1958400 ep_ret=-811.680 opt_ret=-811.680 step_rew=-8.1168 opt_step=-8.1168 gap0=811.680 dret=-2.644 eval_ret=n/a pursuer_target_distance=4.403 capture=0.000 score=0.000 pol=-0.0000 val=0.0399 ent=1.5669 tot=+0.0181 agnorm=0.028 cgnorm=0.063 kl=0.0000 clipf=0.000 ev=+0.403 r0=1.0000 entcoef=1.19e-03 lr=2.4e-05 seed=0
iter= 612 step=1961600 ep_ret=-843.883 opt_ret=-843.883 step_rew=-8.4388 opt_step=-8.4388 gap0=843.883 dret=-34.848 eval_ret=n/a pursuer_target_distance=4.371 capture=0.000 score=0.000 pol=-0.0000 val=0.0549 ent=1.5691 tot=+0.0256 agnorm=0.033 cgnorm=0.092 kl=0.0000 clipf=0.000 ev=+0.243 r0=1.0000 entcoef=1.17e-03 lr=2.3e-05 seed=0
iter= 613 step=1964800 ep_ret=-792.338 opt_ret=-792.338 step_rew=-7.9234 opt_step=-7.9234 gap0=792.338 dret=+16.698 eval_ret=n/a pursuer_target_distance=3.413 capture=0.000 score=0.000 pol=-0.0000 val=0.0500 ent=1.5643 tot=+0.0231 agnorm=0.035 cgnorm=0.080 kl=0.0000 clipf=0.000 ev=+0.246 r0=1.0000 entcoef=1.16e-03 lr=2.2e-05 seed=0
iter= 614 step=1968000 ep_ret=-855.053 opt_ret=-855.053 step_rew=-8.5505 opt_step=-8.5505 gap0=855.053 dret=-46.017 eval_ret=n/a pursuer_target_distance=4.526 capture=0.000 score=0.000 pol=-0.0000 val=0.0513 ent=1.5635 tot=+0.0238 agnorm=0.021 cgnorm=0.093 kl=0.0000 clipf=0.000 ev=+0.232 r0=1.0000 entcoef=1.14e-03 lr=2.1e-05 seed=0
iter= 615 step=1971200 ep_ret=-842.061 opt_ret=-842.061 step_rew=-8.4206 opt_step=-8.4206 gap0=842.061 dret=-33.025 eval_ret=n/a pursuer_target_distance=4.458 capture=0.000 score=0.000 pol=-0.0000 val=0.0528 ent=1.5607 tot=+0.0246 agnorm=0.037 cgnorm=0.088 kl=0.0000 clipf=0.000 ev=+0.294 r0=1.0000 entcoef=1.13e-03 lr=2.0e-05 seed=0
iter= 616 step=1974400 ep_ret=-931.350 opt_ret=-931.350 step_rew=-9.3135 opt_step=-9.3135 gap0=931.350 dret=-122.314 eval_ret=n/a pursuer_target_distance=4.669 capture=0.000 score=0.000 pol=-0.0000 val=0.0595 ent=1.5631 tot=+0.0280 agnorm=0.028 cgnorm=0.094 kl=0.0000 clipf=0.000 ev=+0.328 r0=1.0000 entcoef=1.12e-03 lr=1.9e-05 seed=0
iter= 617 step=1977600 ep_ret=-854.528 opt_ret=-854.528 step_rew=-8.5453 opt_step=-8.5453 gap0=854.528 dret=-45.492 eval_ret=n/a pursuer_target_distance=4.278 capture=0.000 score=0.000 pol=-0.0000 val=0.0652 ent=1.5648 tot=+0.0309 agnorm=0.039 cgnorm=0.098 kl=0.0000 clipf=0.000 ev=+0.222 r0=1.0000 entcoef=1.10e-03 lr=1.8e-05 seed=0
iter= 618 step=1980800 ep_ret=-836.397 opt_ret=-836.397 step_rew=-8.3640 opt_step=-8.3640 gap0=836.397 dret=-27.361 eval_ret=n/a pursuer_target_distance=4.594 capture=0.000 score=0.000 pol=-0.0000 val=0.0487 ent=1.5641 tot=+0.0226 agnorm=0.050 cgnorm=0.088 kl=0.0000 clipf=0.000 ev=+0.361 r0=1.0000 entcoef=1.09e-03 lr=1.7e-05 seed=0
iter= 619 step=1984000 ep_ret=-746.043 opt_ret=-746.043 step_rew=-7.4604 opt_step=-7.4604 gap0=746.043 dret=+62.993 eval_ret=n/a pursuer_target_distance=3.217 capture=0.000 score=0.000 pol=-0.0000 val=0.0476 ent=1.5644 tot=+0.0221 agnorm=0.037 cgnorm=0.093 kl=0.0000 clipf=0.000 ev=-0.047 r0=1.0000 entcoef=1.07e-03 lr=1.6e-05 seed=0
iter= 620 step=1987200 ep_ret=-839.687 opt_ret=-839.687 step_rew=-8.3969 opt_step=-8.3969 gap0=839.687 dret=-30.651 eval_ret=-799.467 pursuer_target_distance=4.250 capture=0.000 score=0.000 pol=-0.0000 val=0.0450 ent=1.5632 tot=+0.0208 agnorm=0.028 cgnorm=0.078 kl=0.0000 clipf=0.000 ev=+0.217 r0=1.0000 entcoef=1.06e-03 lr=1.4e-05 seed=0
iter= 621 step=1990400 ep_ret=-847.604 opt_ret=-847.604 step_rew=-8.4760 opt_step=-8.4760 gap0=847.604 dret=-38.568 eval_ret=n/a pursuer_target_distance=4.509 capture=0.000 score=0.000 pol=-0.0001 val=0.0575 ent=1.5613 tot=+0.0271 agnorm=0.067 cgnorm=0.093 kl=0.0000 clipf=0.000 ev=+0.331 r0=1.0000 entcoef=1.04e-03 lr=1.3e-05 seed=0
iter= 622 step=1993600 ep_ret=-775.550 opt_ret=-775.550 step_rew=-7.7555 opt_step=-7.7555 gap0=775.550 dret=+33.486 eval_ret=n/a pursuer_target_distance=3.704 capture=0.000 score=0.000 pol=-0.0000 val=0.0295 ent=1.5616 tot=+0.0131 agnorm=0.036 cgnorm=0.058 kl=0.0000 clipf=0.000 ev=+0.346 r0=1.0000 entcoef=1.03e-03 lr=1.2e-05 seed=0
iter= 623 step=1996800 ep_ret=-860.450 opt_ret=-860.450 step_rew=-8.6045 opt_step=-8.6045 gap0=860.450 dret=-51.414 eval_ret=n/a pursuer_target_distance=4.619 capture=0.000 score=0.000 pol=-0.0000 val=0.0509 ent=1.5625 tot=+0.0238 agnorm=0.032 cgnorm=0.090 kl=0.0000 clipf=0.000 ev=+0.078 r0=1.0000 entcoef=1.01e-03 lr=1.1e-05 seed=0
iter= 624 step=2000000 ep_ret=-858.903 opt_ret=-858.903 step_rew=-8.5890 opt_step=-8.5890 gap0=858.903 dret=-49.868 eval_ret=-799.566 pursuer_target_distance=4.451 capture=0.000 score=0.000 pol=-0.0000 val=0.0618 ent=1.5604 tot=+0.0293 agnorm=0.037 cgnorm=0.090 kl=0.0000 clipf=0.000 ev=+0.043 r0=1.0000 entcoef=1.00e-03 lr=1.0e-05 seed=0
[train] Checkpoint saving disabled.
[train] Run artifacts in runs/pursuit_20260608_010951/alpha/broadcast/alpha0p0/seed0
[render] Skipped post-train render (mode=off).
=== done Mon Jun  8 01:14:06 EDT 2026 ===
