[setup] Required Python imports are available.
[setup] Required Python imports are available.
=== Job info ===
Job       : 640049  array=37
Node      : evc7
Submit    : /lustre/fs1/home/ak565492/gnn_experiments
Repo      : /lustre/fs1/home/ak565492/gnn_experiments
Git rev   : c394dd7
Python    : /home/ak565492/expenv/bin/python
Python 3.11.4
PyYAML  : 6.0.3
NumPy   : 2.3.5
Torch   : 2.5.1+cu121 cuda_available=True cuda=12.1
CUDA_VIS  : 0
Threads   : OMP=4 MKL=4 OPENBLAS=1
Task      : 37/175
Comm      : broadcast
ZeroMsg   : false
Alpha     : 0.5
Seed      : 2
Run label : broadcast_alpha0p5_seed2
Run dir   : runs/pursuit_20260608_220631/alpha/broadcast/alpha0p5/seed2
Config    : /tmp/639739_37_broadcast_alpha0p5_seed2.yaml
Start     : Mon Jun  8 22:24:57 EDT 2026
================
Mon Jun  8 22:24:57 2026       
+-----------------------------------------------------------------------------------------+
| NVIDIA-SMI 580.105.08             Driver Version: 580.105.08     CUDA Version: 13.0     |
+-----------------------------------------+------------------------+----------------------+
| GPU  Name                 Persistence-M | Bus-Id          Disp.A | Volatile Uncorr. ECC |
| Fan  Temp   Perf          Pwr:Usage/Cap |           Memory-Usage | GPU-Util  Compute M. |
|                                         |                        |               MIG M. |
|=========================================+========================+======================|
|   0  Tesla V100-PCIE-16GB           Off |   00000000:3B:00.0 Off |                    0 |
| N/A   38C    P0             33W /  250W |     162MiB /  16384MiB |      0%      Default |
|                                         |                        |                  N/A |
+-----------------------------------------+------------------------+----------------------+

+-----------------------------------------------------------------------------------------+
| Processes:                                                                              |
|  GPU   GI   CI              PID   Type   Process name                        GPU Memory |
|        ID   ID                                                               Usage      |
|=========================================================================================|
|    0   N/A  N/A          356805      G   /usr/libexec/Xorg                        64MiB |
|    0   N/A  N/A          357324      G   /usr/bin/gnome-shell                     96MiB |
+-----------------------------------------------------------------------------------------+
[env] kind=pursuit name=pursuit n_agents=10 obs_dim=5 action_dim=5 state_dim=23 num_envs=32
[train] Starting: total_iters=625 T=100 B=32 device=cuda:0 seed=2 render=off
iter=   0 step=   3200 ep_ret=-752.817 opt_ret=-752.817 step_rew=-7.5282 opt_step=-7.5282 gap0=752.817 dret=+0.000 eval_ret=-443.433 pursuer_target_distance=4.355 capture=0.000 score=0.000 pol=-0.0012 val=0.6523 ent=1.6081 tot=+0.3088 agnorm=0.024 cgnorm=0.208 kl=0.0014 clipf=0.000 ev=-0.449 r0=1.0000 entcoef=1.00e-02 lr=7.0e-04 seed=2
iter=   1 step=   6400 ep_ret=-732.455 opt_ret=-732.455 step_rew=-7.3246 opt_step=-7.3246 gap0=732.455 dret=+20.361 eval_ret=n/a pursuer_target_distance=4.429 capture=0.000 score=0.000 pol=-0.0013 val=0.3782 ent=1.5978 tot=+0.1718 agnorm=0.030 cgnorm=0.231 kl=0.0024 clipf=0.010 ev=+0.200 r0=1.0000 entcoef=9.99e-03 lr=7.0e-04 seed=2
iter=   2 step=   9600 ep_ret=-772.132 opt_ret=-772.132 step_rew=-7.7213 opt_step=-7.7213 gap0=772.132 dret=-19.315 eval_ret=n/a pursuer_target_distance=4.563 capture=0.000 score=0.000 pol=-0.0010 val=0.5174 ent=1.5844 tot=+0.2419 agnorm=0.027 cgnorm=0.290 kl=0.0011 clipf=0.000 ev=+0.320 r0=1.0000 entcoef=9.97e-03 lr=7.0e-04 seed=2
iter=   3 step=  12800 ep_ret=-646.193 opt_ret=-646.193 step_rew=-6.4619 opt_step=-6.4619 gap0=646.193 dret=+106.623 eval_ret=n/a pursuer_target_distance=3.316 capture=0.000 score=0.000 pol=-0.0011 val=0.3217 ent=1.5730 tot=+0.1441 agnorm=0.036 cgnorm=0.241 kl=0.0021 clipf=0.014 ev=+0.522 r0=1.0000 entcoef=9.96e-03 lr=7.0e-04 seed=2
iter=   4 step=  16000 ep_ret=-665.113 opt_ret=-665.113 step_rew=-6.6511 opt_step=-6.6511 gap0=665.113 dret=+87.704 eval_ret=n/a pursuer_target_distance=4.149 capture=0.000 score=0.000 pol=-0.0009 val=0.3081 ent=1.5614 tot=+0.1376 agnorm=0.025 cgnorm=0.230 kl=0.0011 clipf=0.003 ev=+0.550 r0=1.0000 entcoef=9.94e-03 lr=7.0e-04 seed=2
iter=   5 step=  19200 ep_ret=-602.958 opt_ret=-602.958 step_rew=-6.0296 opt_step=-6.0296 gap0=602.958 dret=+149.859 eval_ret=n/a pursuer_target_distance=3.370 capture=0.000 score=0.000 pol=-0.0009 val=0.2182 ent=1.5507 tot=+0.0928 agnorm=0.029 cgnorm=0.207 kl=0.0023 clipf=0.008 ev=+0.678 r0=1.0000 entcoef=9.93e-03 lr=6.9e-04 seed=2
iter=   6 step=  22400 ep_ret=-604.337 opt_ret=-604.337 step_rew=-6.0434 opt_step=-6.0434 gap0=604.337 dret=+148.479 eval_ret=n/a pursuer_target_distance=3.121 capture=0.000 score=0.000 pol=-0.0013 val=0.2455 ent=1.5493 tot=+0.1061 agnorm=0.042 cgnorm=0.236 kl=0.0025 clipf=0.020 ev=+0.536 r0=1.0000 entcoef=9.91e-03 lr=6.9e-04 seed=2
iter=   7 step=  25600 ep_ret=-582.789 opt_ret=-582.789 step_rew=-5.8279 opt_step=-5.8279 gap0=582.789 dret=+170.028 eval_ret=n/a pursuer_target_distance=2.836 capture=0.000 score=0.000 pol=-0.0009 val=0.1891 ent=1.5435 tot=+0.0784 agnorm=0.036 cgnorm=0.196 kl=0.0017 clipf=0.010 ev=+0.579 r0=1.0000 entcoef=9.90e-03 lr=6.9e-04 seed=2
iter=   8 step=  28800 ep_ret=-584.845 opt_ret=-584.845 step_rew=-5.8485 opt_step=-5.8485 gap0=584.845 dret=+167.971 eval_ret=n/a pursuer_target_distance=3.229 capture=0.000 score=0.000 pol=-0.0006 val=0.2167 ent=1.5456 tot=+0.0925 agnorm=0.030 cgnorm=0.207 kl=0.0017 clipf=0.008 ev=+0.524 r0=1.0000 entcoef=9.88e-03 lr=6.9e-04 seed=2
iter=   9 step=  32000 ep_ret=-559.166 opt_ret=-559.166 step_rew=-5.5917 opt_step=-5.5917 gap0=559.166 dret=+193.651 eval_ret=n/a pursuer_target_distance=2.689 capture=0.000 score=0.000 pol=-0.0004 val=0.1716 ent=1.5526 tot=+0.0701 agnorm=0.019 cgnorm=0.210 kl=0.0007 clipf=0.000 ev=+0.577 r0=1.0000 entcoef=9.87e-03 lr=6.9e-04 seed=2
iter=  10 step=  35200 ep_ret=-608.063 opt_ret=-608.063 step_rew=-6.0806 opt_step=-6.0806 gap0=608.063 dret=+144.754 eval_ret=n/a pursuer_target_distance=3.317 capture=0.000 score=0.000 pol=-0.0010 val=0.2594 ent=1.5517 tot=+0.1134 agnorm=0.035 cgnorm=0.237 kl=0.0023 clipf=0.011 ev=+0.555 r0=1.0000 entcoef=9.86e-03 lr=6.9e-04 seed=2
iter=  11 step=  38400 ep_ret=-631.375 opt_ret=-631.375 step_rew=-6.3137 opt_step=-6.3137 gap0=631.375 dret=+121.442 eval_ret=n/a pursuer_target_distance=3.368 capture=0.000 score=0.000 pol=-0.0009 val=0.2633 ent=1.5515 tot=+0.1155 agnorm=0.035 cgnorm=0.253 kl=0.0027 clipf=0.014 ev=+0.346 r0=1.0000 entcoef=9.84e-03 lr=6.9e-04 seed=2
iter=  12 step=  41600 ep_ret=-753.663 opt_ret=-753.663 step_rew=-7.5366 opt_step=-7.5366 gap0=753.663 dret=-0.846 eval_ret=n/a pursuer_target_distance=4.424 capture=0.000 score=0.000 pol=-0.0006 val=0.4049 ent=1.5490 tot=+0.1866 agnorm=0.024 cgnorm=0.291 kl=0.0008 clipf=0.000 ev=+0.400 r0=1.0000 entcoef=9.83e-03 lr=6.9e-04 seed=2
iter=  13 step=  44800 ep_ret=-657.203 opt_ret=-657.203 step_rew=-6.5720 opt_step=-6.5720 gap0=657.203 dret=+95.614 eval_ret=n/a pursuer_target_distance=3.371 capture=0.000 score=0.000 pol=-0.0008 val=0.2412 ent=1.5530 tot=+0.1045 agnorm=0.037 cgnorm=0.224 kl=0.0016 clipf=0.008 ev=+0.524 r0=1.0000 entcoef=9.81e-03 lr=6.9e-04 seed=2
iter=  14 step=  48000 ep_ret=-678.926 opt_ret=-678.926 step_rew=-6.7893 opt_step=-6.7893 gap0=678.926 dret=+73.890 eval_ret=n/a pursuer_target_distance=3.888 capture=0.000 score=0.000 pol=-0.0011 val=0.2937 ent=1.5664 tot=+0.1304 agnorm=0.036 cgnorm=0.234 kl=0.0015 clipf=0.005 ev=+0.499 r0=1.0000 entcoef=9.80e-03 lr=6.8e-04 seed=2
iter=  15 step=  51200 ep_ret=-649.045 opt_ret=-649.045 step_rew=-6.4905 opt_step=-6.4905 gap0=649.045 dret=+103.772 eval_ret=n/a pursuer_target_distance=3.449 capture=0.000 score=0.000 pol=-0.0010 val=0.2500 ent=1.5749 tot=+0.1086 agnorm=0.040 cgnorm=0.255 kl=0.0024 clipf=0.016 ev=+0.513 r0=1.0000 entcoef=9.78e-03 lr=6.8e-04 seed=2
iter=  16 step=  54400 ep_ret=-631.560 opt_ret=-631.560 step_rew=-6.3156 opt_step=-6.3156 gap0=631.560 dret=+121.257 eval_ret=n/a pursuer_target_distance=3.469 capture=0.000 score=0.000 pol=-0.0007 val=0.1679 ent=1.5779 tot=+0.0678 agnorm=0.029 cgnorm=0.219 kl=0.0013 clipf=0.003 ev=+0.704 r0=1.0000 entcoef=9.77e-03 lr=6.8e-04 seed=2
iter=  17 step=  57600 ep_ret=-606.229 opt_ret=-606.229 step_rew=-6.0623 opt_step=-6.0623 gap0=606.229 dret=+146.588 eval_ret=n/a pursuer_target_distance=3.236 capture=0.000 score=0.000 pol=-0.0009 val=0.1401 ent=1.5861 tot=+0.0537 agnorm=0.036 cgnorm=0.205 kl=0.0018 clipf=0.004 ev=+0.694 r0=1.0000 entcoef=9.75e-03 lr=6.8e-04 seed=2
iter=  18 step=  60800 ep_ret=-603.139 opt_ret=-603.139 step_rew=-6.0314 opt_step=-6.0314 gap0=603.139 dret=+149.677 eval_ret=n/a pursuer_target_distance=2.900 capture=0.000 score=0.000 pol=-0.0010 val=0.1276 ent=1.5784 tot=+0.0475 agnorm=0.034 cgnorm=0.205 kl=0.0021 clipf=0.013 ev=+0.679 r0=1.0000 entcoef=9.74e-03 lr=6.8e-04 seed=2
iter=  19 step=  64000 ep_ret=-558.487 opt_ret=-558.487 step_rew=-5.5849 opt_step=-5.5849 gap0=558.487 dret=+194.329 eval_ret=n/a pursuer_target_distance=3.274 capture=0.000 score=0.000 pol=-0.0009 val=0.1408 ent=1.5573 tot=+0.0543 agnorm=0.042 cgnorm=0.208 kl=0.0022 clipf=0.017 ev=+0.567 r0=1.0000 entcoef=9.73e-03 lr=6.8e-04 seed=2
iter=  20 step=  67200 ep_ret=-635.145 opt_ret=-635.145 step_rew=-6.3514 opt_step=-6.3514 gap0=635.145 dret=+117.672 eval_ret=-20.683 pursuer_target_distance=2.958 capture=0.000 score=0.000 pol=-0.0014 val=0.1380 ent=1.5508 tot=+0.0526 agnorm=0.045 cgnorm=0.204 kl=0.0039 clipf=0.025 ev=+0.648 r0=1.0000 entcoef=9.71e-03 lr=6.8e-04 seed=2
iter=  21 step=  70400 ep_ret=-591.346 opt_ret=-591.346 step_rew=-5.9135 opt_step=-5.9135 gap0=591.346 dret=+161.471 eval_ret=n/a pursuer_target_distance=3.006 capture=0.000 score=0.000 pol=-0.0011 val=0.0997 ent=1.5495 tot=+0.0337 agnorm=0.041 cgnorm=0.174 kl=0.0028 clipf=0.025 ev=+0.753 r0=1.0000 entcoef=9.70e-03 lr=6.8e-04 seed=2
iter=  22 step=  73600 ep_ret=-674.765 opt_ret=-674.765 step_rew=-6.7477 opt_step=-6.7477 gap0=674.765 dret=+78.051 eval_ret=n/a pursuer_target_distance=3.811 capture=0.000 score=0.000 pol=-0.0003 val=0.1644 ent=1.5529 tot=+0.0669 agnorm=0.024 cgnorm=0.238 kl=0.0010 clipf=0.001 ev=+0.732 r0=1.0000 entcoef=9.68e-03 lr=6.8e-04 seed=2
iter=  23 step=  76800 ep_ret=-604.203 opt_ret=-604.203 step_rew=-6.0420 opt_step=-6.0420 gap0=604.203 dret=+148.614 eval_ret=n/a pursuer_target_distance=3.297 capture=0.000 score=0.000 pol=-0.0007 val=0.1190 ent=1.5538 tot=+0.0438 agnorm=0.021 cgnorm=0.221 kl=0.0012 clipf=0.001 ev=+0.579 r0=1.0000 entcoef=9.67e-03 lr=6.7e-04 seed=2
iter=  24 step=  80000 ep_ret=-588.390 opt_ret=-588.390 step_rew=-5.8839 opt_step=-5.8839 gap0=588.390 dret=+164.426 eval_ret=n/a pursuer_target_distance=3.358 capture=0.000 score=0.000 pol=-0.0009 val=0.0919 ent=1.5574 tot=+0.0300 agnorm=0.031 cgnorm=0.189 kl=0.0013 clipf=0.004 ev=+0.681 r0=1.0000 entcoef=9.65e-03 lr=6.7e-04 seed=2
iter=  25 step=  83200 ep_ret=-645.703 opt_ret=-645.703 step_rew=-6.4570 opt_step=-6.4570 gap0=645.703 dret=+107.114 eval_ret=n/a pursuer_target_distance=3.132 capture=0.000 score=0.000 pol=-0.0008 val=0.1129 ent=1.5443 tot=+0.0407 agnorm=0.034 cgnorm=0.217 kl=0.0016 clipf=0.008 ev=+0.566 r0=1.0000 entcoef=9.64e-03 lr=6.7e-04 seed=2
iter=  26 step=  86400 ep_ret=-622.931 opt_ret=-622.931 step_rew=-6.2293 opt_step=-6.2293 gap0=622.931 dret=+129.886 eval_ret=n/a pursuer_target_distance=3.232 capture=0.000 score=0.000 pol=-0.0007 val=0.0999 ent=1.5519 tot=+0.0343 agnorm=0.028 cgnorm=0.200 kl=0.0016 clipf=0.006 ev=+0.604 r0=1.0000 entcoef=9.62e-03 lr=6.7e-04 seed=2
iter=  27 step=  89600 ep_ret=-632.977 opt_ret=-632.977 step_rew=-6.3298 opt_step=-6.3298 gap0=632.977 dret=+119.840 eval_ret=n/a pursuer_target_distance=3.491 capture=0.000 score=0.000 pol=-0.0008 val=0.1146 ent=1.5540 tot=+0.0415 agnorm=0.029 cgnorm=0.210 kl=0.0010 clipf=0.000 ev=+0.683 r0=1.0000 entcoef=9.61e-03 lr=6.7e-04 seed=2
iter=  28 step=  92800 ep_ret=-661.445 opt_ret=-661.445 step_rew=-6.6145 opt_step=-6.6145 gap0=661.445 dret=+91.372 eval_ret=n/a pursuer_target_distance=4.124 capture=0.000 score=0.000 pol=-0.0012 val=0.1608 ent=1.5501 tot=+0.0643 agnorm=0.038 cgnorm=0.241 kl=0.0033 clipf=0.020 ev=+0.517 r0=1.0000 entcoef=9.60e-03 lr=6.7e-04 seed=2
iter=  29 step=  96000 ep_ret=-604.354 opt_ret=-604.354 step_rew=-6.0435 opt_step=-6.0435 gap0=604.354 dret=+148.462 eval_ret=n/a pursuer_target_distance=3.099 capture=0.000 score=0.000 pol=-0.0008 val=0.0842 ent=1.5498 tot=+0.0264 agnorm=0.031 cgnorm=0.192 kl=0.0020 clipf=0.011 ev=+0.714 r0=1.0000 entcoef=9.58e-03 lr=6.7e-04 seed=2
iter=  30 step=  99200 ep_ret=-559.760 opt_ret=-559.760 step_rew=-5.5976 opt_step=-5.5976 gap0=559.760 dret=+193.056 eval_ret=n/a pursuer_target_distance=3.202 capture=0.000 score=0.000 pol=-0.0005 val=0.0725 ent=1.5552 tot=+0.0209 agnorm=0.021 cgnorm=0.171 kl=0.0012 clipf=0.002 ev=+0.716 r0=1.0000 entcoef=9.57e-03 lr=6.7e-04 seed=2
iter=  31 step= 102400 ep_ret=-661.122 opt_ret=-661.122 step_rew=-6.6112 opt_step=-6.6112 gap0=661.122 dret=+91.695 eval_ret=n/a pursuer_target_distance=3.388 capture=0.000 score=0.000 pol=-0.0009 val=0.0992 ent=1.5613 tot=+0.0338 agnorm=0.032 cgnorm=0.205 kl=0.0012 clipf=0.003 ev=+0.735 r0=1.0000 entcoef=9.55e-03 lr=6.7e-04 seed=2
iter=  32 step= 105600 ep_ret=-619.935 opt_ret=-619.935 step_rew=-6.1994 opt_step=-6.1994 gap0=619.935 dret=+132.882 eval_ret=n/a pursuer_target_distance=3.134 capture=0.000 score=0.000 pol=-0.0007 val=0.0886 ent=1.5540 tot=+0.0288 agnorm=0.027 cgnorm=0.199 kl=0.0014 clipf=0.004 ev=+0.717 r0=1.0000 entcoef=9.54e-03 lr=6.6e-04 seed=2
iter=  33 step= 108800 ep_ret=-591.147 opt_ret=-591.147 step_rew=-5.9115 opt_step=-5.9115 gap0=591.147 dret=+161.670 eval_ret=n/a pursuer_target_distance=2.779 capture=0.000 score=0.000 pol=-0.0009 val=0.0653 ent=1.5495 tot=+0.0170 agnorm=0.023 cgnorm=0.166 kl=0.0025 clipf=0.009 ev=+0.753 r0=1.0000 entcoef=9.52e-03 lr=6.6e-04 seed=2
iter=  34 step= 112000 ep_ret=-536.560 opt_ret=-536.560 step_rew=-5.3656 opt_step=-5.3656 gap0=536.560 dret=+216.256 eval_ret=n/a pursuer_target_distance=2.824 capture=0.000 score=0.000 pol=-0.0011 val=0.0549 ent=1.5323 tot=+0.0118 agnorm=0.036 cgnorm=0.145 kl=0.0017 clipf=0.012 ev=+0.684 r0=1.0000 entcoef=9.51e-03 lr=6.6e-04 seed=2
iter=  35 step= 115200 ep_ret=-537.054 opt_ret=-537.054 step_rew=-5.3705 opt_step=-5.3705 gap0=537.054 dret=+215.763 eval_ret=n/a pursuer_target_distance=2.907 capture=0.000 score=0.000 pol=-0.0009 val=0.0658 ent=1.5203 tot=+0.0176 agnorm=0.030 cgnorm=0.160 kl=0.0018 clipf=0.013 ev=+0.648 r0=1.0000 entcoef=9.50e-03 lr=6.6e-04 seed=2
iter=  36 step= 118400 ep_ret=-574.927 opt_ret=-574.927 step_rew=-5.7493 opt_step=-5.7493 gap0=574.927 dret=+177.890 eval_ret=n/a pursuer_target_distance=3.036 capture=0.000 score=0.000 pol=-0.0012 val=0.0674 ent=1.5097 tot=+0.0182 agnorm=0.041 cgnorm=0.154 kl=0.0021 clipf=0.010 ev=+0.641 r0=1.0000 entcoef=9.48e-03 lr=6.6e-04 seed=2
iter=  37 step= 121600 ep_ret=-583.882 opt_ret=-583.882 step_rew=-5.8388 opt_step=-5.8388 gap0=583.882 dret=+168.935 eval_ret=n/a pursuer_target_distance=3.107 capture=0.000 score=0.000 pol=-0.0007 val=0.0615 ent=1.5057 tot=+0.0158 agnorm=0.036 cgnorm=0.148 kl=0.0022 clipf=0.009 ev=+0.647 r0=1.0000 entcoef=9.47e-03 lr=6.6e-04 seed=2
iter=  38 step= 124800 ep_ret=-532.780 opt_ret=-532.780 step_rew=-5.3278 opt_step=-5.3278 gap0=532.780 dret=+220.037 eval_ret=n/a pursuer_target_distance=2.782 capture=0.000 score=0.000 pol=-0.0008 val=0.0562 ent=1.5092 tot=+0.0130 agnorm=0.030 cgnorm=0.144 kl=0.0016 clipf=0.006 ev=+0.678 r0=1.0000 entcoef=9.45e-03 lr=6.6e-04 seed=2
iter=  39 step= 128000 ep_ret=-575.635 opt_ret=-575.635 step_rew=-5.7564 opt_step=-5.7564 gap0=575.635 dret=+177.181 eval_ret=n/a pursuer_target_distance=2.804 capture=0.000 score=0.000 pol=-0.0013 val=0.0532 ent=1.5259 tot=+0.0109 agnorm=0.039 cgnorm=0.134 kl=0.0024 clipf=0.017 ev=+0.671 r0=1.0000 entcoef=9.44e-03 lr=6.6e-04 seed=2
iter=  40 step= 131200 ep_ret=-554.407 opt_ret=-554.407 step_rew=-5.5441 opt_step=-5.5441 gap0=554.407 dret=+198.410 eval_ret=-305.691 pursuer_target_distance=3.241 capture=0.000 score=0.000 pol=-0.0011 val=0.0538 ent=1.5265 tot=+0.0114 agnorm=0.032 cgnorm=0.150 kl=0.0019 clipf=0.014 ev=+0.650 r0=1.0000 entcoef=9.42e-03 lr=6.6e-04 seed=2
iter=  41 step= 134400 ep_ret=-729.408 opt_ret=-729.408 step_rew=-7.2941 opt_step=-7.2941 gap0=729.408 dret=+23.409 eval_ret=n/a pursuer_target_distance=4.073 capture=0.000 score=0.000 pol=-0.0015 val=0.0928 ent=1.5127 tot=+0.0307 agnorm=0.044 cgnorm=0.199 kl=0.0023 clipf=0.014 ev=+0.675 r0=1.0000 entcoef=9.41e-03 lr=6.5e-04 seed=2
iter=  42 step= 137600 ep_ret=-575.118 opt_ret=-575.118 step_rew=-5.7512 opt_step=-5.7512 gap0=575.118 dret=+177.699 eval_ret=n/a pursuer_target_distance=3.260 capture=0.000 score=0.000 pol=-0.0009 val=0.0684 ent=1.4989 tot=+0.0193 agnorm=0.031 cgnorm=0.174 kl=0.0013 clipf=0.002 ev=+0.570 r0=1.0000 entcoef=9.39e-03 lr=6.5e-04 seed=2
iter=  43 step= 140800 ep_ret=-481.088 opt_ret=-481.088 step_rew=-4.8109 opt_step=-4.8109 gap0=481.088 dret=+271.728 eval_ret=n/a pursuer_target_distance=2.592 capture=0.000 score=0.000 pol=-0.0008 val=0.0339 ent=1.4836 tot=+0.0022 agnorm=0.028 cgnorm=0.113 kl=0.0018 clipf=0.005 ev=+0.720 r0=1.0000 entcoef=9.38e-03 lr=6.5e-04 seed=2
iter=  44 step= 144000 ep_ret=-527.747 opt_ret=-527.747 step_rew=-5.2775 opt_step=-5.2775 gap0=527.747 dret=+225.069 eval_ret=n/a pursuer_target_distance=2.894 capture=0.000 score=0.000 pol=-0.0008 val=0.0573 ent=1.4766 tot=+0.0140 agnorm=0.037 cgnorm=0.151 kl=0.0018 clipf=0.010 ev=+0.462 r0=1.0000 entcoef=9.37e-03 lr=6.5e-04 seed=2
iter=  45 step= 147200 ep_ret=-651.918 opt_ret=-651.918 step_rew=-6.5192 opt_step=-6.5192 gap0=651.918 dret=+100.898 eval_ret=n/a pursuer_target_distance=3.676 capture=0.000 score=0.000 pol=-0.0007 val=0.0751 ent=1.4630 tot=+0.0231 agnorm=0.025 cgnorm=0.149 kl=0.0014 clipf=0.002 ev=+0.526 r0=1.0000 entcoef=9.35e-03 lr=6.5e-04 seed=2
iter=  46 step= 150400 ep_ret=-587.499 opt_ret=-587.499 step_rew=-5.8750 opt_step=-5.8750 gap0=587.499 dret=+165.317 eval_ret=n/a pursuer_target_distance=3.097 capture=0.000 score=0.000 pol=-0.0014 val=0.0557 ent=1.4692 tot=+0.0127 agnorm=0.040 cgnorm=0.127 kl=0.0030 clipf=0.027 ev=+0.579 r0=1.0000 entcoef=9.34e-03 lr=6.5e-04 seed=2
iter=  47 step= 153600 ep_ret=-600.051 opt_ret=-600.051 step_rew=-6.0005 opt_step=-6.0005 gap0=600.051 dret=+152.765 eval_ret=n/a pursuer_target_distance=2.989 capture=0.000 score=0.000 pol=-0.0009 val=0.0653 ent=1.4553 tot=+0.0181 agnorm=0.031 cgnorm=0.156 kl=0.0023 clipf=0.009 ev=+0.574 r0=1.0000 entcoef=9.32e-03 lr=6.5e-04 seed=2
iter=  48 step= 156800 ep_ret=-594.031 opt_ret=-594.031 step_rew=-5.9403 opt_step=-5.9403 gap0=594.031 dret=+158.786 eval_ret=n/a pursuer_target_distance=3.194 capture=0.000 score=0.000 pol=-0.0012 val=0.0361 ent=1.4606 tot=+0.0032 agnorm=0.042 cgnorm=0.111 kl=0.0025 clipf=0.021 ev=+0.670 r0=1.0000 entcoef=9.31e-03 lr=6.5e-04 seed=2
iter=  49 step= 160000 ep_ret=-496.037 opt_ret=-496.037 step_rew=-4.9604 opt_step=-4.9604 gap0=496.037 dret=+256.780 eval_ret=n/a pursuer_target_distance=2.560 capture=0.000 score=0.000 pol=-0.0010 val=0.0436 ent=1.4599 tot=+0.0072 agnorm=0.035 cgnorm=0.140 kl=0.0020 clipf=0.010 ev=+0.363 r0=1.0000 entcoef=9.29e-03 lr=6.5e-04 seed=2
iter=  50 step= 163200 ep_ret=-619.717 opt_ret=-619.717 step_rew=-6.1972 opt_step=-6.1972 gap0=619.717 dret=+133.100 eval_ret=n/a pursuer_target_distance=3.200 capture=0.000 score=0.000 pol=-0.0012 val=0.0603 ent=1.4565 tot=+0.0155 agnorm=0.036 cgnorm=0.149 kl=0.0027 clipf=0.020 ev=+0.587 r0=1.0000 entcoef=9.28e-03 lr=6.4e-04 seed=2
iter=  51 step= 166400 ep_ret=-646.439 opt_ret=-646.439 step_rew=-6.4644 opt_step=-6.4644 gap0=646.439 dret=+106.378 eval_ret=n/a pursuer_target_distance=3.299 capture=0.000 score=0.000 pol=-0.0011 val=0.0698 ent=1.4416 tot=+0.0204 agnorm=0.035 cgnorm=0.171 kl=0.0021 clipf=0.013 ev=+0.421 r0=1.0000 entcoef=9.26e-03 lr=6.4e-04 seed=2
iter=  52 step= 169600 ep_ret=-547.247 opt_ret=-547.247 step_rew=-5.4725 opt_step=-5.4725 gap0=547.247 dret=+205.569 eval_ret=n/a pursuer_target_distance=3.072 capture=0.000 score=0.000 pol=-0.0012 val=0.0341 ent=1.4491 tot=+0.0024 agnorm=0.041 cgnorm=0.124 kl=0.0025 clipf=0.021 ev=+0.656 r0=1.0000 entcoef=9.25e-03 lr=6.4e-04 seed=2
iter=  53 step= 172800 ep_ret=-600.190 opt_ret=-600.190 step_rew=-6.0019 opt_step=-6.0019 gap0=600.190 dret=+152.627 eval_ret=n/a pursuer_target_distance=3.594 capture=0.000 score=0.000 pol=-0.0009 val=0.0763 ent=1.4675 tot=+0.0236 agnorm=0.033 cgnorm=0.159 kl=0.0015 clipf=0.007 ev=+0.464 r0=1.0000 entcoef=9.24e-03 lr=6.4e-04 seed=2
iter=  54 step= 176000 ep_ret=-550.095 opt_ret=-550.095 step_rew=-5.5010 opt_step=-5.5010 gap0=550.095 dret=+202.721 eval_ret=n/a pursuer_target_distance=2.601 capture=0.000 score=0.000 pol=-0.0007 val=0.0454 ent=1.4587 tot=+0.0085 agnorm=0.024 cgnorm=0.133 kl=0.0013 clipf=0.002 ev=+0.445 r0=1.0000 entcoef=9.22e-03 lr=6.4e-04 seed=2
iter=  55 step= 179200 ep_ret=-485.982 opt_ret=-485.982 step_rew=-4.8598 opt_step=-4.8598 gap0=485.982 dret=+266.834 eval_ret=n/a pursuer_target_distance=2.400 capture=0.000 score=0.000 pol=-0.0009 val=0.0324 ent=1.4388 tot=+0.0021 agnorm=0.029 cgnorm=0.115 kl=0.0017 clipf=0.006 ev=+0.701 r0=1.0000 entcoef=9.21e-03 lr=6.4e-04 seed=2
iter=  56 step= 182400 ep_ret=-597.406 opt_ret=-597.406 step_rew=-5.9741 opt_step=-5.9741 gap0=597.406 dret=+155.411 eval_ret=n/a pursuer_target_distance=3.016 capture=0.000 score=0.000 pol=-0.0006 val=0.0521 ent=1.4467 tot=+0.0122 agnorm=0.027 cgnorm=0.139 kl=0.0021 clipf=0.011 ev=+0.577 r0=1.0000 entcoef=9.19e-03 lr=6.4e-04 seed=2
iter=  57 step= 185600 ep_ret=-629.330 opt_ret=-629.330 step_rew=-6.2933 opt_step=-6.2933 gap0=629.330 dret=+123.487 eval_ret=n/a pursuer_target_distance=3.342 capture=0.000 score=0.000 pol=-0.0006 val=0.0606 ent=1.4624 tot=+0.0163 agnorm=0.028 cgnorm=0.142 kl=0.0007 clipf=0.001 ev=+0.562 r0=1.0000 entcoef=9.18e-03 lr=6.4e-04 seed=2
iter=  58 step= 188800 ep_ret=-610.271 opt_ret=-610.271 step_rew=-6.1027 opt_step=-6.1027 gap0=610.271 dret=+142.546 eval_ret=n/a pursuer_target_distance=2.896 capture=0.000 score=0.000 pol=-0.0014 val=0.0451 ent=1.4829 tot=+0.0075 agnorm=0.046 cgnorm=0.129 kl=0.0025 clipf=0.023 ev=+0.450 r0=1.0000 entcoef=9.16e-03 lr=6.4e-04 seed=2
iter=  59 step= 192000 ep_ret=-575.052 opt_ret=-575.052 step_rew=-5.7505 opt_step=-5.7505 gap0=575.052 dret=+177.765 eval_ret=n/a pursuer_target_distance=2.809 capture=0.000 score=0.000 pol=-0.0009 val=0.0314 ent=1.4847 tot=+0.0012 agnorm=0.035 cgnorm=0.107 kl=0.0019 clipf=0.015 ev=+0.747 r0=1.0000 entcoef=9.15e-03 lr=6.3e-04 seed=2
iter=  60 step= 195200 ep_ret=-587.584 opt_ret=-587.584 step_rew=-5.8758 opt_step=-5.8758 gap0=587.584 dret=+165.233 eval_ret=-348.693 pursuer_target_distance=2.623 capture=0.000 score=0.000 pol=-0.0009 val=0.0510 ent=1.4938 tot=+0.0109 agnorm=0.027 cgnorm=0.138 kl=0.0017 clipf=0.008 ev=+0.527 r0=1.0000 entcoef=9.13e-03 lr=6.3e-04 seed=2
iter=  61 step= 198400 ep_ret=-604.706 opt_ret=-604.706 step_rew=-6.0471 opt_step=-6.0471 gap0=604.706 dret=+148.111 eval_ret=n/a pursuer_target_distance=3.052 capture=0.000 score=0.000 pol=-0.0010 val=0.0537 ent=1.4801 tot=+0.0124 agnorm=0.032 cgnorm=0.142 kl=0.0014 clipf=0.009 ev=+0.461 r0=1.0000 entcoef=9.12e-03 lr=6.3e-04 seed=2
iter=  62 step= 201600 ep_ret=-547.470 opt_ret=-547.470 step_rew=-5.4747 opt_step=-5.4747 gap0=547.470 dret=+205.346 eval_ret=n/a pursuer_target_distance=2.835 capture=0.000 score=0.000 pol=-0.0019 val=0.0431 ent=1.4883 tot=+0.0061 agnorm=0.058 cgnorm=0.127 kl=0.0034 clipf=0.034 ev=+0.494 r0=1.0000 entcoef=9.11e-03 lr=6.3e-04 seed=2
iter=  63 step= 204800 ep_ret=-599.247 opt_ret=-599.247 step_rew=-5.9925 opt_step=-5.9925 gap0=599.247 dret=+153.569 eval_ret=n/a pursuer_target_distance=3.081 capture=0.000 score=0.000 pol=-0.0009 val=0.0358 ent=1.4869 tot=+0.0034 agnorm=0.043 cgnorm=0.119 kl=0.0023 clipf=0.012 ev=+0.709 r0=1.0000 entcoef=9.09e-03 lr=6.3e-04 seed=2
iter=  64 step= 208000 ep_ret=-560.831 opt_ret=-560.831 step_rew=-5.6083 opt_step=-5.6083 gap0=560.831 dret=+191.986 eval_ret=n/a pursuer_target_distance=3.123 capture=0.000 score=0.000 pol=-0.0009 val=0.0326 ent=1.4793 tot=+0.0020 agnorm=0.032 cgnorm=0.111 kl=0.0020 clipf=0.009 ev=+0.749 r0=1.0000 entcoef=9.08e-03 lr=6.3e-04 seed=2
iter=  65 step= 211200 ep_ret=-584.502 opt_ret=-584.502 step_rew=-5.8450 opt_step=-5.8450 gap0=584.502 dret=+168.314 eval_ret=n/a pursuer_target_distance=2.920 capture=0.000 score=0.000 pol=-0.0012 val=0.0435 ent=1.4895 tot=+0.0070 agnorm=0.030 cgnorm=0.126 kl=0.0015 clipf=0.006 ev=+0.597 r0=1.0000 entcoef=9.06e-03 lr=6.3e-04 seed=2
iter=  66 step= 214400 ep_ret=-610.194 opt_ret=-610.194 step_rew=-6.1019 opt_step=-6.1019 gap0=610.194 dret=+142.623 eval_ret=n/a pursuer_target_distance=3.017 capture=0.000 score=0.000 pol=-0.0010 val=0.0503 ent=1.4918 tot=+0.0107 agnorm=0.035 cgnorm=0.141 kl=0.0023 clipf=0.015 ev=+0.423 r0=1.0000 entcoef=9.05e-03 lr=6.3e-04 seed=2
iter=  67 step= 217600 ep_ret=-590.232 opt_ret=-590.232 step_rew=-5.9023 opt_step=-5.9023 gap0=590.232 dret=+162.585 eval_ret=n/a pursuer_target_distance=3.581 capture=0.000 score=0.000 pol=-0.0008 val=0.0596 ent=1.4812 tot=+0.0156 agnorm=0.032 cgnorm=0.148 kl=0.0016 clipf=0.004 ev=+0.044 r0=1.0000 entcoef=9.03e-03 lr=6.3e-04 seed=2
iter=  68 step= 220800 ep_ret=-557.697 opt_ret=-557.697 step_rew=-5.5770 opt_step=-5.5770 gap0=557.697 dret=+195.119 eval_ret=n/a pursuer_target_distance=2.575 capture=0.000 score=0.000 pol=-0.0010 val=0.0535 ent=1.5019 tot=+0.0122 agnorm=0.039 cgnorm=0.130 kl=0.0020 clipf=0.018 ev=+0.681 r0=1.0000 entcoef=9.02e-03 lr=6.2e-04 seed=2
iter=  69 step= 224000 ep_ret=-516.578 opt_ret=-516.578 step_rew=-5.1658 opt_step=-5.1658 gap0=516.578 dret=+236.238 eval_ret=n/a pursuer_target_distance=2.189 capture=0.000 score=0.000 pol=-0.0009 val=0.0281 ent=1.5199 tot=-0.0006 agnorm=0.038 cgnorm=0.104 kl=0.0019 clipf=0.011 ev=+0.649 r0=1.0000 entcoef=9.00e-03 lr=6.2e-04 seed=2
iter=  70 step= 227200 ep_ret=-669.566 opt_ret=-669.566 step_rew=-6.6957 opt_step=-6.6957 gap0=669.566 dret=+83.251 eval_ret=n/a pursuer_target_distance=3.067 capture=0.000 score=0.000 pol=-0.0014 val=0.0573 ent=1.5241 tot=+0.0136 agnorm=0.043 cgnorm=0.140 kl=0.0029 clipf=0.026 ev=+0.405 r0=1.0000 entcoef=8.99e-03 lr=6.2e-04 seed=2
iter=  71 step= 230400 ep_ret=-540.919 opt_ret=-540.919 step_rew=-5.4092 opt_step=-5.4092 gap0=540.919 dret=+211.897 eval_ret=n/a pursuer_target_distance=2.470 capture=0.000 score=0.000 pol=-0.0007 val=0.0301 ent=1.5302 tot=+0.0006 agnorm=0.028 cgnorm=0.109 kl=0.0015 clipf=0.003 ev=+0.494 r0=1.0000 entcoef=8.98e-03 lr=6.2e-04 seed=2
iter=  72 step= 233600 ep_ret=-511.008 opt_ret=-511.008 step_rew=-5.1101 opt_step=-5.1101 gap0=511.008 dret=+241.809 eval_ret=n/a pursuer_target_distance=2.590 capture=0.000 score=0.000 pol=-0.0005 val=0.0438 ent=1.5181 tot=+0.0078 agnorm=0.021 cgnorm=0.130 kl=0.0006 clipf=0.000 ev=+0.603 r0=1.0000 entcoef=8.96e-03 lr=6.2e-04 seed=2
iter=  73 step= 236800 ep_ret=-523.749 opt_ret=-523.749 step_rew=-5.2375 opt_step=-5.2375 gap0=523.749 dret=+229.068 eval_ret=n/a pursuer_target_distance=2.385 capture=0.000 score=0.000 pol=-0.0014 val=0.0432 ent=1.5202 tot=+0.0066 agnorm=0.031 cgnorm=0.115 kl=0.0018 clipf=0.007 ev=+0.622 r0=1.0000 entcoef=8.95e-03 lr=6.2e-04 seed=2
iter=  74 step= 240000 ep_ret=-572.665 opt_ret=-572.665 step_rew=-5.7267 opt_step=-5.7267 gap0=572.665 dret=+180.152 eval_ret=n/a pursuer_target_distance=2.688 capture=0.000 score=0.000 pol=-0.0009 val=0.0405 ent=1.5089 tot=+0.0058 agnorm=0.035 cgnorm=0.111 kl=0.0021 clipf=0.013 ev=+0.612 r0=1.0000 entcoef=8.93e-03 lr=6.2e-04 seed=2
iter=  75 step= 243200 ep_ret=-549.975 opt_ret=-549.975 step_rew=-5.4997 opt_step=-5.4997 gap0=549.975 dret=+202.842 eval_ret=n/a pursuer_target_distance=2.896 capture=0.000 score=0.000 pol=-0.0011 val=0.0490 ent=1.5073 tot=+0.0100 agnorm=0.034 cgnorm=0.123 kl=0.0023 clipf=0.011 ev=+0.641 r0=1.0000 entcoef=8.92e-03 lr=6.2e-04 seed=2
iter=  76 step= 246400 ep_ret=-496.237 opt_ret=-496.237 step_rew=-4.9624 opt_step=-4.9624 gap0=496.237 dret=+256.579 eval_ret=n/a pursuer_target_distance=2.393 capture=0.000 score=0.000 pol=-0.0008 val=0.0366 ent=1.5022 tot=+0.0041 agnorm=0.036 cgnorm=0.103 kl=0.0017 clipf=0.014 ev=+0.679 r0=1.0000 entcoef=8.90e-03 lr=6.2e-04 seed=2
iter=  77 step= 249600 ep_ret=-517.173 opt_ret=-517.173 step_rew=-5.1717 opt_step=-5.1717 gap0=517.173 dret=+235.644 eval_ret=n/a pursuer_target_distance=2.861 capture=0.000 score=0.000 pol=-0.0007 val=0.0599 ent=1.4980 tot=+0.0159 agnorm=0.029 cgnorm=0.128 kl=0.0011 clipf=0.008 ev=+0.464 r0=1.0000 entcoef=8.89e-03 lr=6.1e-04 seed=2
iter=  78 step= 252800 ep_ret=-510.700 opt_ret=-510.700 step_rew=-5.1070 opt_step=-5.1070 gap0=510.700 dret=+242.117 eval_ret=n/a pursuer_target_distance=2.435 capture=0.000 score=0.000 pol=-0.0005 val=0.0433 ent=1.5123 tot=+0.0077 agnorm=0.029 cgnorm=0.104 kl=0.0014 clipf=0.007 ev=+0.595 r0=1.0000 entcoef=8.88e-03 lr=6.1e-04 seed=2
iter=  79 step= 256000 ep_ret=-479.713 opt_ret=-479.713 step_rew=-4.7971 opt_step=-4.7971 gap0=479.713 dret=+273.103 eval_ret=n/a pursuer_target_distance=2.306 capture=0.000 score=0.000 pol=-0.0010 val=0.0362 ent=1.5136 tot=+0.0037 agnorm=0.028 cgnorm=0.108 kl=0.0010 clipf=0.004 ev=+0.760 r0=1.0000 entcoef=8.86e-03 lr=6.1e-04 seed=2
iter=  80 step= 259200 ep_ret=-505.469 opt_ret=-505.469 step_rew=-5.0547 opt_step=-5.0547 gap0=505.469 dret=+247.348 eval_ret=-77.034 pursuer_target_distance=2.280 capture=0.000 score=0.000 pol=-0.0008 val=0.0395 ent=1.5074 tot=+0.0056 agnorm=0.034 cgnorm=0.099 kl=0.0014 clipf=0.005 ev=+0.740 r0=1.0000 entcoef=8.85e-03 lr=6.1e-04 seed=2
iter=  81 step= 262400 ep_ret=-527.976 opt_ret=-527.976 step_rew=-5.2798 opt_step=-5.2798 gap0=527.976 dret=+224.841 eval_ret=n/a pursuer_target_distance=2.767 capture=0.000 score=0.000 pol=-0.0009 val=0.0515 ent=1.5073 tot=+0.0115 agnorm=0.032 cgnorm=0.125 kl=0.0021 clipf=0.007 ev=+0.635 r0=1.0000 entcoef=8.83e-03 lr=6.1e-04 seed=2
iter=  82 step= 265600 ep_ret=-497.376 opt_ret=-497.376 step_rew=-4.9738 opt_step=-4.9738 gap0=497.376 dret=+255.441 eval_ret=n/a pursuer_target_distance=2.414 capture=0.000 score=0.000 pol=-0.0010 val=0.0632 ent=1.4942 tot=+0.0174 agnorm=0.029 cgnorm=0.124 kl=0.0018 clipf=0.010 ev=+0.521 r0=1.0000 entcoef=8.82e-03 lr=6.1e-04 seed=2
iter=  83 step= 268800 ep_ret=-420.703 opt_ret=-420.703 step_rew=-4.2070 opt_step=-4.2070 gap0=420.703 dret=+332.113 eval_ret=n/a pursuer_target_distance=2.030 capture=0.000 score=0.000 pol=-0.0013 val=0.0413 ent=1.4802 tot=+0.0063 agnorm=0.040 cgnorm=0.103 kl=0.0023 clipf=0.021 ev=+0.721 r0=1.0000 entcoef=8.80e-03 lr=6.1e-04 seed=2
iter=  84 step= 272000 ep_ret=-471.434 opt_ret=-471.434 step_rew=-4.7143 opt_step=-4.7143 gap0=471.434 dret=+281.383 eval_ret=n/a pursuer_target_distance=2.040 capture=0.000 score=0.000 pol=-0.0011 val=0.0462 ent=1.4751 tot=+0.0090 agnorm=0.037 cgnorm=0.107 kl=0.0023 clipf=0.012 ev=+0.612 r0=1.0000 entcoef=8.79e-03 lr=6.1e-04 seed=2
iter=  85 step= 275200 ep_ret=-447.747 opt_ret=-447.747 step_rew=-4.4775 opt_step=-4.4775 gap0=447.747 dret=+305.069 eval_ret=n/a pursuer_target_distance=1.990 capture=0.000 score=0.000 pol=-0.0008 val=0.0382 ent=1.4854 tot=+0.0052 agnorm=0.031 cgnorm=0.092 kl=0.0017 clipf=0.011 ev=+0.749 r0=1.0000 entcoef=8.77e-03 lr=6.1e-04 seed=2
iter=  86 step= 278400 ep_ret=-504.831 opt_ret=-504.831 step_rew=-5.0483 opt_step=-5.0483 gap0=504.831 dret=+247.986 eval_ret=n/a pursuer_target_distance=2.438 capture=0.001 score=0.000 pol=-0.0007 val=0.0556 ent=1.4805 tot=+0.0141 agnorm=0.027 cgnorm=0.114 kl=0.0009 clipf=0.005 ev=+0.603 r0=1.0000 entcoef=8.76e-03 lr=6.0e-04 seed=2
iter=  87 step= 281600 ep_ret=-501.878 opt_ret=-501.878 step_rew=-5.0188 opt_step=-5.0188 gap0=501.878 dret=+250.938 eval_ret=n/a pursuer_target_distance=2.015 capture=0.000 score=0.000 pol=-0.0009 val=0.0383 ent=1.4838 tot=+0.0053 agnorm=0.032 cgnorm=0.086 kl=0.0015 clipf=0.005 ev=+0.521 r0=1.0000 entcoef=8.75e-03 lr=6.0e-04 seed=2
iter=  88 step= 284800 ep_ret=-520.947 opt_ret=-520.947 step_rew=-5.2095 opt_step=-5.2095 gap0=520.947 dret=+231.870 eval_ret=n/a pursuer_target_distance=2.474 capture=0.000 score=0.000 pol=-0.0008 val=0.0629 ent=1.4846 tot=+0.0177 agnorm=0.030 cgnorm=0.106 kl=0.0016 clipf=0.010 ev=+0.507 r0=1.0000 entcoef=8.73e-03 lr=6.0e-04 seed=2
iter=  89 step= 288000 ep_ret=-478.748 opt_ret=-478.748 step_rew=-4.7875 opt_step=-4.7875 gap0=478.748 dret=+274.069 eval_ret=n/a pursuer_target_distance=2.414 capture=0.000 score=0.000 pol=-0.0011 val=0.0419 ent=1.4767 tot=+0.0070 agnorm=0.034 cgnorm=0.096 kl=0.0016 clipf=0.010 ev=+0.541 r0=1.0000 entcoef=8.72e-03 lr=6.0e-04 seed=2
iter=  90 step= 291200 ep_ret=-453.830 opt_ret=-453.830 step_rew=-4.5383 opt_step=-4.5383 gap0=453.830 dret=+298.987 eval_ret=n/a pursuer_target_distance=1.985 capture=0.000 score=0.000 pol=-0.0009 val=0.0516 ent=1.4866 tot=+0.0120 agnorm=0.035 cgnorm=0.101 kl=0.0018 clipf=0.009 ev=+0.481 r0=1.0000 entcoef=8.70e-03 lr=6.0e-04 seed=2
iter=  91 step= 294400 ep_ret=-501.595 opt_ret=-501.595 step_rew=-5.0160 opt_step=-5.0160 gap0=501.595 dret=+251.221 eval_ret=n/a pursuer_target_distance=2.407 capture=0.000 score=0.000 pol=-0.0011 val=0.0611 ent=1.4953 tot=+0.0165 agnorm=0.032 cgnorm=0.103 kl=0.0020 clipf=0.009 ev=+0.387 r0=1.0000 entcoef=8.69e-03 lr=6.0e-04 seed=2
iter=  92 step= 297600 ep_ret=-506.768 opt_ret=-506.768 step_rew=-5.0677 opt_step=-5.0677 gap0=506.768 dret=+246.048 eval_ret=n/a pursuer_target_distance=2.391 capture=0.000 score=0.000 pol=-0.0009 val=0.0543 ent=1.5055 tot=+0.0132 agnorm=0.029 cgnorm=0.105 kl=0.0013 clipf=0.004 ev=+0.289 r0=1.0000 entcoef=8.67e-03 lr=6.0e-04 seed=2
iter=  93 step= 300800 ep_ret=-583.206 opt_ret=-583.206 step_rew=-5.8321 opt_step=-5.8321 gap0=583.206 dret=+169.611 eval_ret=n/a pursuer_target_distance=2.652 capture=0.000 score=0.000 pol=-0.0011 val=0.0593 ent=1.4915 tot=+0.0157 agnorm=0.031 cgnorm=0.102 kl=0.0015 clipf=0.003 ev=+0.362 r0=1.0000 entcoef=8.66e-03 lr=6.0e-04 seed=2
iter=  94 step= 304000 ep_ret=-549.657 opt_ret=-549.657 step_rew=-5.4966 opt_step=-5.4966 gap0=549.657 dret=+203.159 eval_ret=n/a pursuer_target_distance=2.742 capture=0.000 score=0.000 pol=-0.0012 val=0.0483 ent=1.4716 tot=+0.0102 agnorm=0.036 cgnorm=0.094 kl=0.0021 clipf=0.012 ev=+0.452 r0=1.0000 entcoef=8.64e-03 lr=6.0e-04 seed=2
iter=  95 step= 307200 ep_ret=-481.964 opt_ret=-481.964 step_rew=-4.8196 opt_step=-4.8196 gap0=481.964 dret=+270.853 eval_ret=n/a pursuer_target_distance=1.752 capture=0.000 score=0.000 pol=-0.0010 val=0.0578 ent=1.4564 tot=+0.0153 agnorm=0.035 cgnorm=0.111 kl=0.0013 clipf=0.006 ev=+0.422 r0=1.0000 entcoef=8.63e-03 lr=5.9e-04 seed=2
iter=  96 step= 310400 ep_ret=-425.769 opt_ret=-425.769 step_rew=-4.2577 opt_step=-4.2577 gap0=425.769 dret=+327.048 eval_ret=n/a pursuer_target_distance=2.218 capture=0.002 score=0.001 pol=-0.0012 val=0.0515 ent=1.4495 tot=+0.0121 agnorm=0.031 cgnorm=0.097 kl=0.0017 clipf=0.009 ev=+0.440 r0=1.0000 entcoef=8.62e-03 lr=5.9e-04 seed=2
iter=  97 step= 313600 ep_ret=-425.322 opt_ret=-425.322 step_rew=-4.2532 opt_step=-4.2532 gap0=425.322 dret=+327.495 eval_ret=n/a pursuer_target_distance=1.703 capture=0.000 score=0.000 pol=-0.0012 val=0.0428 ent=1.4506 tot=+0.0077 agnorm=0.046 cgnorm=0.093 kl=0.0024 clipf=0.021 ev=+0.443 r0=1.0000 entcoef=8.60e-03 lr=5.9e-04 seed=2
iter=  98 step= 316800 ep_ret=-439.245 opt_ret=-439.245 step_rew=-4.3924 opt_step=-4.3924 gap0=439.245 dret=+313.572 eval_ret=n/a pursuer_target_distance=2.037 capture=0.000 score=0.000 pol=-0.0010 val=0.0459 ent=1.4680 tot=+0.0093 agnorm=0.036 cgnorm=0.095 kl=0.0019 clipf=0.011 ev=+0.341 r0=1.0000 entcoef=8.59e-03 lr=5.9e-04 seed=2
iter=  99 step= 320000 ep_ret=-452.143 opt_ret=-452.143 step_rew=-4.5214 opt_step=-4.5214 gap0=452.143 dret=+300.674 eval_ret=n/a pursuer_target_distance=1.841 capture=0.000 score=0.000 pol=-0.0008 val=0.0436 ent=1.4490 tot=+0.0085 agnorm=0.027 cgnorm=0.079 kl=0.0013 clipf=0.004 ev=+0.506 r0=1.0000 entcoef=8.57e-03 lr=5.9e-04 seed=2
iter= 100 step= 323200 ep_ret=-414.085 opt_ret=-414.085 step_rew=-4.1408 opt_step=-4.1408 gap0=414.085 dret=+338.732 eval_ret=-260.599 pursuer_target_distance=1.672 capture=0.000 score=0.000 pol=-0.0015 val=0.0440 ent=1.4329 tot=+0.0082 agnorm=0.044 cgnorm=0.091 kl=0.0028 clipf=0.017 ev=+0.628 r0=1.0000 entcoef=8.56e-03 lr=5.9e-04 seed=2
iter= 101 step= 326400 ep_ret=-453.673 opt_ret=-453.673 step_rew=-4.5367 opt_step=-4.5367 gap0=453.673 dret=+299.144 eval_ret=n/a pursuer_target_distance=2.223 capture=0.000 score=0.000 pol=-0.0011 val=0.0477 ent=1.4288 tot=+0.0105 agnorm=0.033 cgnorm=0.085 kl=0.0020 clipf=0.013 ev=+0.501 r0=1.0000 entcoef=8.54e-03 lr=5.9e-04 seed=2
iter= 102 step= 329600 ep_ret=-441.387 opt_ret=-441.387 step_rew=-4.4139 opt_step=-4.4139 gap0=441.387 dret=+311.429 eval_ret=n/a pursuer_target_distance=1.924 capture=0.000 score=0.000 pol=-0.0012 val=0.0443 ent=1.4258 tot=+0.0088 agnorm=0.041 cgnorm=0.083 kl=0.0020 clipf=0.011 ev=+0.497 r0=1.0000 entcoef=8.53e-03 lr=5.9e-04 seed=2
iter= 103 step= 332800 ep_ret=-462.054 opt_ret=-462.054 step_rew=-4.6205 opt_step=-4.6205 gap0=462.054 dret=+290.763 eval_ret=n/a pursuer_target_distance=2.226 capture=0.000 score=0.000 pol=-0.0010 val=0.0771 ent=1.4026 tot=+0.0256 agnorm=0.037 cgnorm=0.105 kl=0.0022 clipf=0.014 ev=+0.264 r0=1.0000 entcoef=8.51e-03 lr=5.9e-04 seed=2
iter= 104 step= 336000 ep_ret=-437.755 opt_ret=-437.755 step_rew=-4.3775 opt_step=-4.3775 gap0=437.755 dret=+315.062 eval_ret=n/a pursuer_target_distance=1.912 capture=0.000 score=0.000 pol=-0.0008 val=0.0833 ent=1.4031 tot=+0.0289 agnorm=0.034 cgnorm=0.116 kl=0.0014 clipf=0.005 ev=+0.489 r0=1.0000 entcoef=8.50e-03 lr=5.9e-04 seed=2
iter= 105 step= 339200 ep_ret=-429.480 opt_ret=-429.480 step_rew=-4.2948 opt_step=-4.2948 gap0=429.480 dret=+323.337 eval_ret=n/a pursuer_target_distance=1.731 capture=0.000 score=0.000 pol=-0.0010 val=0.0603 ent=1.4012 tot=+0.0172 agnorm=0.036 cgnorm=0.090 kl=0.0016 clipf=0.006 ev=+0.355 r0=1.0000 entcoef=8.49e-03 lr=5.8e-04 seed=2
iter= 106 step= 342400 ep_ret=-428.882 opt_ret=-428.882 step_rew=-4.2888 opt_step=-4.2888 gap0=428.882 dret=+323.935 eval_ret=n/a pursuer_target_distance=2.054 capture=0.000 score=0.000 pol=-0.0013 val=0.0485 ent=1.3996 tot=+0.0111 agnorm=0.041 cgnorm=0.072 kl=0.0020 clipf=0.013 ev=+0.507 r0=1.0000 entcoef=8.47e-03 lr=5.8e-04 seed=2
iter= 107 step= 345600 ep_ret=-407.145 opt_ret=-407.145 step_rew=-4.0714 opt_step=-4.0714 gap0=407.145 dret=+345.672 eval_ret=n/a pursuer_target_distance=1.659 capture=0.000 score=0.000 pol=-0.0014 val=0.0426 ent=1.3921 tot=+0.0082 agnorm=0.045 cgnorm=0.079 kl=0.0027 clipf=0.020 ev=+0.558 r0=1.0000 entcoef=8.46e-03 lr=5.8e-04 seed=2
iter= 108 step= 348800 ep_ret=-512.756 opt_ret=-512.756 step_rew=-5.1276 opt_step=-5.1276 gap0=512.756 dret=+240.061 eval_ret=n/a pursuer_target_distance=2.200 capture=0.000 score=0.000 pol=-0.0009 val=0.0653 ent=1.4073 tot=+0.0199 agnorm=0.034 cgnorm=0.098 kl=0.0019 clipf=0.011 ev=+0.330 r0=1.0000 entcoef=8.44e-03 lr=5.8e-04 seed=2
iter= 109 step= 352000 ep_ret=-411.240 opt_ret=-411.240 step_rew=-4.1124 opt_step=-4.1124 gap0=411.240 dret=+341.576 eval_ret=n/a pursuer_target_distance=1.604 capture=0.000 score=0.000 pol=-0.0011 val=0.0516 ent=1.4136 tot=+0.0128 agnorm=0.047 cgnorm=0.091 kl=0.0025 clipf=0.021 ev=+0.535 r0=1.0000 entcoef=8.43e-03 lr=5.8e-04 seed=2
iter= 110 step= 355200 ep_ret=-405.025 opt_ret=-405.025 step_rew=-4.0502 opt_step=-4.0502 gap0=405.025 dret=+347.792 eval_ret=n/a pursuer_target_distance=1.840 capture=0.001 score=0.000 pol=-0.0008 val=0.0460 ent=1.4222 tot=+0.0103 agnorm=0.036 cgnorm=0.077 kl=0.0021 clipf=0.016 ev=+0.628 r0=1.0000 entcoef=8.41e-03 lr=5.8e-04 seed=2
iter= 111 step= 358400 ep_ret=-447.640 opt_ret=-447.640 step_rew=-4.4764 opt_step=-4.4764 gap0=447.640 dret=+305.176 eval_ret=n/a pursuer_target_distance=2.062 capture=0.000 score=0.000 pol=-0.0012 val=0.0377 ent=1.4302 tot=+0.0056 agnorm=0.045 cgnorm=0.069 kl=0.0020 clipf=0.015 ev=+0.695 r0=1.0000 entcoef=8.40e-03 lr=5.8e-04 seed=2
iter= 112 step= 361600 ep_ret=-437.859 opt_ret=-437.859 step_rew=-4.3786 opt_step=-4.3786 gap0=437.859 dret=+314.957 eval_ret=n/a pursuer_target_distance=1.683 capture=0.000 score=0.000 pol=-0.0012 val=0.0412 ent=1.4430 tot=+0.0073 agnorm=0.046 cgnorm=0.077 kl=0.0022 clipf=0.020 ev=+0.658 r0=1.0000 entcoef=8.38e-03 lr=5.8e-04 seed=2
iter= 113 step= 364800 ep_ret=-478.708 opt_ret=-478.708 step_rew=-4.7871 opt_step=-4.7871 gap0=478.708 dret=+274.109 eval_ret=n/a pursuer_target_distance=2.400 capture=0.000 score=0.000 pol=-0.0011 val=0.0534 ent=1.4403 tot=+0.0136 agnorm=0.038 cgnorm=0.091 kl=0.0012 clipf=0.006 ev=+0.619 r0=1.0000 entcoef=8.37e-03 lr=5.8e-04 seed=2
iter= 114 step= 368000 ep_ret=-417.955 opt_ret=-417.955 step_rew=-4.1796 opt_step=-4.1796 gap0=417.955 dret=+334.861 eval_ret=n/a pursuer_target_distance=2.001 capture=0.001 score=0.000 pol=-0.0009 val=0.0535 ent=1.4148 tot=+0.0140 agnorm=0.034 cgnorm=0.082 kl=0.0018 clipf=0.008 ev=+0.687 r0=1.0000 entcoef=8.36e-03 lr=5.7e-04 seed=2
iter= 115 step= 371200 ep_ret=-385.530 opt_ret=-385.530 step_rew=-3.8553 opt_step=-3.8553 gap0=385.530 dret=+367.287 eval_ret=n/a pursuer_target_distance=1.381 capture=0.000 score=0.000 pol=-0.0008 val=0.0408 ent=1.4279 tot=+0.0077 agnorm=0.034 cgnorm=0.078 kl=0.0013 clipf=0.007 ev=+0.776 r0=1.0000 entcoef=8.34e-03 lr=5.7e-04 seed=2
iter= 116 step= 374400 ep_ret=-442.182 opt_ret=-442.182 step_rew=-4.4218 opt_step=-4.4218 gap0=442.182 dret=+310.635 eval_ret=n/a pursuer_target_distance=2.010 capture=0.000 score=0.000 pol=-0.0007 val=0.0498 ent=1.4118 tot=+0.0125 agnorm=0.031 cgnorm=0.079 kl=0.0013 clipf=0.007 ev=+0.701 r0=1.0000 entcoef=8.33e-03 lr=5.7e-04 seed=2
iter= 117 step= 377600 ep_ret=-372.050 opt_ret=-372.050 step_rew=-3.7205 opt_step=-3.7205 gap0=372.050 dret=+380.767 eval_ret=n/a pursuer_target_distance=1.661 capture=0.002 score=0.001 pol=-0.0014 val=0.0432 ent=1.4096 tot=+0.0085 agnorm=0.041 cgnorm=0.077 kl=0.0023 clipf=0.020 ev=+0.776 r0=1.0000 entcoef=8.31e-03 lr=5.7e-04 seed=2
iter= 118 step= 380800 ep_ret=-453.965 opt_ret=-453.965 step_rew=-4.5397 opt_step=-4.5397 gap0=453.965 dret=+298.852 eval_ret=n/a pursuer_target_distance=2.098 capture=0.001 score=0.000 pol=-0.0009 val=0.0546 ent=1.4130 tot=+0.0147 agnorm=0.036 cgnorm=0.093 kl=0.0016 clipf=0.007 ev=+0.701 r0=1.0000 entcoef=8.30e-03 lr=5.7e-04 seed=2
iter= 119 step= 384000 ep_ret=-417.553 opt_ret=-417.553 step_rew=-4.1755 opt_step=-4.1755 gap0=417.553 dret=+335.264 eval_ret=n/a pursuer_target_distance=1.543 capture=0.001 score=0.000 pol=-0.0007 val=0.0596 ent=1.4258 tot=+0.0173 agnorm=0.031 cgnorm=0.099 kl=0.0014 clipf=0.008 ev=+0.626 r0=1.0000 entcoef=8.28e-03 lr=5.7e-04 seed=2
iter= 120 step= 387200 ep_ret=-467.618 opt_ret=-467.618 step_rew=-4.6762 opt_step=-4.6762 gap0=467.618 dret=+285.198 eval_ret=-46.182 pursuer_target_distance=1.811 capture=0.000 score=0.000 pol=-0.0013 val=0.0427 ent=1.4016 tot=+0.0084 agnorm=0.045 cgnorm=0.084 kl=0.0022 clipf=0.013 ev=+0.743 r0=1.0000 entcoef=8.27e-03 lr=5.7e-04 seed=2
iter= 121 step= 390400 ep_ret=-476.537 opt_ret=-476.537 step_rew=-4.7654 opt_step=-4.7654 gap0=476.537 dret=+276.280 eval_ret=n/a pursuer_target_distance=1.967 capture=0.000 score=0.000 pol=-0.0011 val=0.0578 ent=1.4067 tot=+0.0162 agnorm=0.037 cgnorm=0.088 kl=0.0019 clipf=0.011 ev=+0.622 r0=1.0000 entcoef=8.25e-03 lr=5.7e-04 seed=2
iter= 122 step= 393600 ep_ret=-465.254 opt_ret=-465.254 step_rew=-4.6525 opt_step=-4.6525 gap0=465.254 dret=+287.563 eval_ret=n/a pursuer_target_distance=1.951 capture=0.000 score=0.000 pol=-0.0010 val=0.0538 ent=1.3994 tot=+0.0144 agnorm=0.043 cgnorm=0.085 kl=0.0013 clipf=0.007 ev=+0.583 r0=1.0000 entcoef=8.24e-03 lr=5.7e-04 seed=2
iter= 123 step= 396800 ep_ret=-513.906 opt_ret=-513.906 step_rew=-5.1391 opt_step=-5.1391 gap0=513.906 dret=+238.911 eval_ret=n/a pursuer_target_distance=2.351 capture=0.000 score=0.000 pol=-0.0010 val=0.0472 ent=1.4052 tot=+0.0110 agnorm=0.036 cgnorm=0.084 kl=0.0018 clipf=0.006 ev=+0.769 r0=1.0000 entcoef=8.23e-03 lr=5.6e-04 seed=2
iter= 124 step= 400000 ep_ret=-447.345 opt_ret=-447.345 step_rew=-4.4734 opt_step=-4.4734 gap0=447.345 dret=+305.472 eval_ret=n/a pursuer_target_distance=2.135 capture=0.000 score=0.000 pol=-0.0014 val=0.0529 ent=1.4061 tot=+0.0135 agnorm=0.045 cgnorm=0.094 kl=0.0024 clipf=0.017 ev=+0.645 r0=1.0000 entcoef=8.21e-03 lr=5.6e-04 seed=2
iter= 125 step= 403200 ep_ret=-484.918 opt_ret=-484.918 step_rew=-4.8492 opt_step=-4.8492 gap0=484.918 dret=+267.899 eval_ret=n/a pursuer_target_distance=2.123 capture=0.000 score=0.000 pol=-0.0012 val=0.0542 ent=1.3944 tot=+0.0145 agnorm=0.041 cgnorm=0.096 kl=0.0017 clipf=0.011 ev=+0.697 r0=1.0000 entcoef=8.20e-03 lr=5.6e-04 seed=2
iter= 126 step= 406400 ep_ret=-410.889 opt_ret=-410.889 step_rew=-4.1089 opt_step=-4.1089 gap0=410.889 dret=+341.928 eval_ret=n/a pursuer_target_distance=1.955 capture=0.001 score=0.000 pol=-0.0013 val=0.0620 ent=1.3936 tot=+0.0183 agnorm=0.044 cgnorm=0.107 kl=0.0027 clipf=0.020 ev=+0.653 r0=1.0000 entcoef=8.18e-03 lr=5.6e-04 seed=2
iter= 127 step= 409600 ep_ret=-423.463 opt_ret=-423.463 step_rew=-4.2346 opt_step=-4.2346 gap0=423.463 dret=+329.354 eval_ret=n/a pursuer_target_distance=1.807 capture=0.001 score=0.000 pol=-0.0014 val=0.0485 ent=1.3945 tot=+0.0115 agnorm=0.036 cgnorm=0.075 kl=0.0021 clipf=0.014 ev=+0.632 r0=1.0000 entcoef=8.17e-03 lr=5.6e-04 seed=2
iter= 128 step= 412800 ep_ret=-477.392 opt_ret=-477.392 step_rew=-4.7739 opt_step=-4.7739 gap0=477.392 dret=+275.424 eval_ret=n/a pursuer_target_distance=2.115 capture=0.000 score=0.000 pol=-0.0010 val=0.0590 ent=1.3936 tot=+0.0171 agnorm=0.034 cgnorm=0.086 kl=0.0018 clipf=0.013 ev=+0.649 r0=1.0000 entcoef=8.15e-03 lr=5.6e-04 seed=2
iter= 129 step= 416000 ep_ret=-410.264 opt_ret=-410.264 step_rew=-4.1026 opt_step=-4.1026 gap0=410.264 dret=+342.552 eval_ret=n/a pursuer_target_distance=1.691 capture=0.000 score=0.000 pol=-0.0013 val=0.0434 ent=1.3888 tot=+0.0091 agnorm=0.044 cgnorm=0.078 kl=0.0020 clipf=0.019 ev=+0.759 r0=1.0000 entcoef=8.14e-03 lr=5.6e-04 seed=2
iter= 130 step= 419200 ep_ret=-417.634 opt_ret=-417.634 step_rew=-4.1763 opt_step=-4.1763 gap0=417.634 dret=+335.183 eval_ret=n/a pursuer_target_distance=1.928 capture=0.007 score=0.003 pol=-0.0007 val=0.0793 ent=1.3866 tot=+0.0277 agnorm=0.026 cgnorm=0.105 kl=0.0012 clipf=0.003 ev=+0.536 r0=1.0000 entcoef=8.13e-03 lr=5.6e-04 seed=2
iter= 131 step= 422400 ep_ret=-404.244 opt_ret=-404.244 step_rew=-4.0424 opt_step=-4.0424 gap0=404.244 dret=+348.573 eval_ret=n/a pursuer_target_distance=1.870 capture=0.000 score=0.000 pol=-0.0014 val=0.0526 ent=1.3826 tot=+0.0137 agnorm=0.054 cgnorm=0.101 kl=0.0023 clipf=0.019 ev=+0.688 r0=1.0000 entcoef=8.11e-03 lr=5.6e-04 seed=2
iter= 132 step= 425600 ep_ret=-399.371 opt_ret=-399.371 step_rew=-3.9937 opt_step=-3.9937 gap0=399.371 dret=+353.445 eval_ret=n/a pursuer_target_distance=1.789 capture=0.002 score=0.001 pol=-0.0010 val=0.0454 ent=1.3732 tot=+0.0106 agnorm=0.038 cgnorm=0.086 kl=0.0019 clipf=0.014 ev=+0.746 r0=1.0000 entcoef=8.10e-03 lr=5.5e-04 seed=2
iter= 133 step= 428800 ep_ret=-375.899 opt_ret=-375.899 step_rew=-3.7590 opt_step=-3.7590 gap0=375.899 dret=+376.918 eval_ret=n/a pursuer_target_distance=1.704 capture=0.002 score=0.001 pol=-0.0011 val=0.0413 ent=1.3814 tot=+0.0084 agnorm=0.040 cgnorm=0.091 kl=0.0020 clipf=0.014 ev=+0.706 r0=1.0000 entcoef=8.08e-03 lr=5.5e-04 seed=2
iter= 134 step= 432000 ep_ret=-441.068 opt_ret=-441.068 step_rew=-4.4107 opt_step=-4.4107 gap0=441.068 dret=+311.748 eval_ret=n/a pursuer_target_distance=1.816 capture=0.000 score=0.000 pol=-0.0011 val=0.0620 ent=1.3710 tot=+0.0188 agnorm=0.039 cgnorm=0.096 kl=0.0018 clipf=0.010 ev=+0.593 r0=1.0000 entcoef=8.07e-03 lr=5.5e-04 seed=2
iter= 135 step= 435200 ep_ret=-396.699 opt_ret=-396.699 step_rew=-3.9670 opt_step=-3.9670 gap0=396.699 dret=+356.118 eval_ret=n/a pursuer_target_distance=1.731 capture=0.003 score=0.001 pol=-0.0008 val=0.0510 ent=1.3728 tot=+0.0137 agnorm=0.030 cgnorm=0.105 kl=0.0015 clipf=0.006 ev=+0.646 r0=1.0000 entcoef=8.05e-03 lr=5.5e-04 seed=2
iter= 136 step= 438400 ep_ret=-447.574 opt_ret=-447.574 step_rew=-4.4757 opt_step=-4.4757 gap0=447.574 dret=+305.242 eval_ret=n/a pursuer_target_distance=1.908 capture=0.000 score=0.000 pol=-0.0011 val=0.0520 ent=1.3764 tot=+0.0138 agnorm=0.048 cgnorm=0.101 kl=0.0022 clipf=0.017 ev=+0.646 r0=1.0000 entcoef=8.04e-03 lr=5.5e-04 seed=2
iter= 137 step= 441600 ep_ret=-348.308 opt_ret=-348.308 step_rew=-3.4831 opt_step=-3.4831 gap0=348.308 dret=+404.509 eval_ret=n/a pursuer_target_distance=1.674 capture=0.007 score=0.002 pol=-0.0012 val=0.0496 ent=1.3812 tot=+0.0125 agnorm=0.041 cgnorm=0.101 kl=0.0026 clipf=0.022 ev=+0.745 r0=1.0000 entcoef=8.02e-03 lr=5.5e-04 seed=2
iter= 138 step= 444800 ep_ret=-352.617 opt_ret=-352.617 step_rew=-3.5262 opt_step=-3.5262 gap0=352.617 dret=+400.200 eval_ret=n/a pursuer_target_distance=1.732 capture=0.000 score=0.000 pol=-0.0014 val=0.0454 ent=1.3911 tot=+0.0102 agnorm=0.039 cgnorm=0.102 kl=0.0023 clipf=0.016 ev=+0.751 r0=1.0000 entcoef=8.01e-03 lr=5.5e-04 seed=2
iter= 139 step= 448000 ep_ret=-412.088 opt_ret=-412.088 step_rew=-4.1209 opt_step=-4.1209 gap0=412.088 dret=+340.729 eval_ret=n/a pursuer_target_distance=1.596 capture=0.003 score=0.001 pol=-0.0012 val=0.0494 ent=1.4134 tot=+0.0122 agnorm=0.047 cgnorm=0.117 kl=0.0022 clipf=0.018 ev=+0.742 r0=1.0000 entcoef=8.00e-03 lr=5.5e-04 seed=2
iter= 140 step= 451200 ep_ret=-391.819 opt_ret=-391.819 step_rew=-3.9182 opt_step=-3.9182 gap0=391.819 dret=+360.997 eval_ret=-154.137 pursuer_target_distance=1.866 capture=0.000 score=0.000 pol=-0.0008 val=0.0630 ent=1.4162 tot=+0.0194 agnorm=0.028 cgnorm=0.112 kl=0.0012 clipf=0.003 ev=+0.466 r0=1.0000 entcoef=7.98e-03 lr=5.5e-04 seed=2
iter= 141 step= 454400 ep_ret=-513.623 opt_ret=-513.623 step_rew=-5.1362 opt_step=-5.1362 gap0=513.623 dret=+239.194 eval_ret=n/a pursuer_target_distance=2.257 capture=0.000 score=0.000 pol=-0.0012 val=0.0843 ent=1.4352 tot=+0.0295 agnorm=0.040 cgnorm=0.135 kl=0.0025 clipf=0.015 ev=+0.504 r0=1.0000 entcoef=7.97e-03 lr=5.4e-04 seed=2
iter= 142 step= 457600 ep_ret=-421.120 opt_ret=-421.120 step_rew=-4.2112 opt_step=-4.2112 gap0=421.120 dret=+331.696 eval_ret=n/a pursuer_target_distance=1.739 capture=0.000 score=0.000 pol=-0.0014 val=0.0569 ent=1.4078 tot=+0.0158 agnorm=0.044 cgnorm=0.131 kl=0.0029 clipf=0.021 ev=+0.629 r0=1.0000 entcoef=7.95e-03 lr=5.4e-04 seed=2
iter= 143 step= 460800 ep_ret=-418.228 opt_ret=-418.228 step_rew=-4.1823 opt_step=-4.1823 gap0=418.228 dret=+334.589 eval_ret=n/a pursuer_target_distance=2.002 capture=0.000 score=0.000 pol=-0.0010 val=0.0707 ent=1.3955 tot=+0.0232 agnorm=0.039 cgnorm=0.130 kl=0.0028 clipf=0.024 ev=+0.606 r0=1.0000 entcoef=7.94e-03 lr=5.4e-04 seed=2
iter= 144 step= 464000 ep_ret=-446.625 opt_ret=-446.625 step_rew=-4.4663 opt_step=-4.4663 gap0=446.625 dret=+306.191 eval_ret=n/a pursuer_target_distance=2.276 capture=0.003 score=0.001 pol=-0.0011 val=0.0691 ent=1.3900 tot=+0.0224 agnorm=0.040 cgnorm=0.142 kl=0.0021 clipf=0.011 ev=+0.584 r0=1.0000 entcoef=7.92e-03 lr=5.4e-04 seed=2
iter= 145 step= 467200 ep_ret=-490.909 opt_ret=-490.909 step_rew=-4.9091 opt_step=-4.9091 gap0=490.909 dret=+261.907 eval_ret=n/a pursuer_target_distance=2.361 capture=0.003 score=0.001 pol=-0.0013 val=0.0672 ent=1.3840 tot=+0.0214 agnorm=0.054 cgnorm=0.126 kl=0.0023 clipf=0.018 ev=+0.682 r0=1.0000 entcoef=7.91e-03 lr=5.4e-04 seed=2
iter= 146 step= 470400 ep_ret=-448.216 opt_ret=-448.216 step_rew=-4.4822 opt_step=-4.4822 gap0=448.216 dret=+304.601 eval_ret=n/a pursuer_target_distance=2.013 capture=0.000 score=0.000 pol=-0.0008 val=0.0574 ent=1.3978 tot=+0.0168 agnorm=0.035 cgnorm=0.124 kl=0.0024 clipf=0.014 ev=+0.692 r0=1.0000 entcoef=7.89e-03 lr=5.4e-04 seed=2
iter= 147 step= 473600 ep_ret=-356.308 opt_ret=-356.308 step_rew=-3.5631 opt_step=-3.5631 gap0=356.308 dret=+396.509 eval_ret=n/a pursuer_target_distance=1.719 capture=0.006 score=0.002 pol=-0.0011 val=0.0570 ent=1.4009 tot=+0.0164 agnorm=0.038 cgnorm=0.130 kl=0.0016 clipf=0.011 ev=+0.583 r0=1.0000 entcoef=7.88e-03 lr=5.4e-04 seed=2
iter= 148 step= 476800 ep_ret=-370.272 opt_ret=-370.272 step_rew=-3.7027 opt_step=-3.7027 gap0=370.272 dret=+382.545 eval_ret=n/a pursuer_target_distance=1.480 capture=0.001 score=0.000 pol=-0.0011 val=0.0569 ent=1.4145 tot=+0.0162 agnorm=0.039 cgnorm=0.130 kl=0.0020 clipf=0.013 ev=+0.624 r0=1.0000 entcoef=7.87e-03 lr=5.4e-04 seed=2
iter= 149 step= 480000 ep_ret=-494.290 opt_ret=-494.290 step_rew=-4.9429 opt_step=-4.9429 gap0=494.290 dret=+258.527 eval_ret=n/a pursuer_target_distance=2.283 capture=0.000 score=0.000 pol=-0.0009 val=0.0683 ent=1.4069 tot=+0.0222 agnorm=0.041 cgnorm=0.142 kl=0.0014 clipf=0.010 ev=+0.637 r0=1.0000 entcoef=7.85e-03 lr=5.4e-04 seed=2
iter= 150 step= 483200 ep_ret=-459.897 opt_ret=-459.897 step_rew=-4.5990 opt_step=-4.5990 gap0=459.897 dret=+292.920 eval_ret=n/a pursuer_target_distance=2.182 capture=0.001 score=0.000 pol=-0.0013 val=0.0725 ent=1.4132 tot=+0.0238 agnorm=0.048 cgnorm=0.124 kl=0.0023 clipf=0.018 ev=+0.663 r0=1.0000 entcoef=7.84e-03 lr=5.3e-04 seed=2
iter= 151 step= 486400 ep_ret=-402.355 opt_ret=-402.355 step_rew=-4.0236 opt_step=-4.0236 gap0=402.355 dret=+350.461 eval_ret=n/a pursuer_target_distance=1.916 capture=0.003 score=0.001 pol=-0.0009 val=0.0499 ent=1.4007 tot=+0.0131 agnorm=0.039 cgnorm=0.126 kl=0.0019 clipf=0.008 ev=+0.707 r0=1.0000 entcoef=7.82e-03 lr=5.3e-04 seed=2
iter= 152 step= 489600 ep_ret=-437.690 opt_ret=-437.690 step_rew=-4.3769 opt_step=-4.3769 gap0=437.690 dret=+315.126 eval_ret=n/a pursuer_target_distance=1.856 capture=0.002 score=0.001 pol=-0.0009 val=0.0434 ent=1.3938 tot=+0.0099 agnorm=0.033 cgnorm=0.121 kl=0.0012 clipf=0.009 ev=+0.730 r0=1.0000 entcoef=7.81e-03 lr=5.3e-04 seed=2
iter= 153 step= 492800 ep_ret=-477.753 opt_ret=-477.753 step_rew=-4.7775 opt_step=-4.7775 gap0=477.753 dret=+275.064 eval_ret=n/a pursuer_target_distance=2.612 capture=0.000 score=0.000 pol=-0.0010 val=0.0604 ent=1.3942 tot=+0.0183 agnorm=0.041 cgnorm=0.125 kl=0.0016 clipf=0.009 ev=+0.704 r0=1.0000 entcoef=7.79e-03 lr=5.3e-04 seed=2
iter= 154 step= 496000 ep_ret=-372.710 opt_ret=-372.710 step_rew=-3.7271 opt_step=-3.7271 gap0=372.710 dret=+380.107 eval_ret=n/a pursuer_target_distance=1.817 capture=0.004 score=0.001 pol=-0.0008 val=0.0662 ent=1.3788 tot=+0.0216 agnorm=0.034 cgnorm=0.149 kl=0.0015 clipf=0.010 ev=+0.702 r0=1.0000 entcoef=7.78e-03 lr=5.3e-04 seed=2
iter= 155 step= 499200 ep_ret=-377.429 opt_ret=-377.429 step_rew=-3.7743 opt_step=-3.7743 gap0=377.429 dret=+375.387 eval_ret=n/a pursuer_target_distance=1.788 capture=0.009 score=0.003 pol=-0.0007 val=0.0607 ent=1.3561 tot=+0.0191 agnorm=0.029 cgnorm=0.132 kl=0.0011 clipf=0.005 ev=+0.736 r0=1.0000 entcoef=7.76e-03 lr=5.3e-04 seed=2
iter= 156 step= 502400 ep_ret=-356.006 opt_ret=-356.006 step_rew=-3.5601 opt_step=-3.5601 gap0=356.006 dret=+396.810 eval_ret=n/a pursuer_target_distance=1.492 capture=0.002 score=0.001 pol=-0.0012 val=0.0391 ent=1.3777 tot=+0.0077 agnorm=0.039 cgnorm=0.113 kl=0.0024 clipf=0.018 ev=+0.806 r0=1.0000 entcoef=7.75e-03 lr=5.3e-04 seed=2
iter= 157 step= 505600 ep_ret=-384.247 opt_ret=-384.247 step_rew=-3.8425 opt_step=-3.8425 gap0=384.247 dret=+368.569 eval_ret=n/a pursuer_target_distance=1.808 capture=0.001 score=0.000 pol=-0.0005 val=0.0415 ent=1.3717 tot=+0.0096 agnorm=0.026 cgnorm=0.117 kl=0.0009 clipf=0.002 ev=+0.761 r0=1.0000 entcoef=7.74e-03 lr=5.3e-04 seed=2
iter= 158 step= 508800 ep_ret=-463.050 opt_ret=-463.050 step_rew=-4.6305 opt_step=-4.6305 gap0=463.050 dret=+289.767 eval_ret=n/a pursuer_target_distance=1.696 capture=0.000 score=0.000 pol=-0.0012 val=0.0854 ent=1.3708 tot=+0.0309 agnorm=0.041 cgnorm=0.156 kl=0.0014 clipf=0.006 ev=+0.711 r0=1.0000 entcoef=7.72e-03 lr=5.3e-04 seed=2
iter= 159 step= 512000 ep_ret=-463.102 opt_ret=-463.102 step_rew=-4.6310 opt_step=-4.6310 gap0=463.102 dret=+289.715 eval_ret=n/a pursuer_target_distance=2.189 capture=0.000 score=0.000 pol=-0.0010 val=0.0641 ent=1.3462 tot=+0.0207 agnorm=0.033 cgnorm=0.134 kl=0.0012 clipf=0.003 ev=+0.749 r0=1.0000 entcoef=7.71e-03 lr=5.2e-04 seed=2
iter= 160 step= 515200 ep_ret=-412.473 opt_ret=-412.473 step_rew=-4.1247 opt_step=-4.1247 gap0=412.473 dret=+340.344 eval_ret=+358.980 pursuer_target_distance=1.850 capture=0.006 score=0.002 pol=-0.0007 val=0.0823 ent=1.3385 tot=+0.0301 agnorm=0.034 cgnorm=0.159 kl=0.0015 clipf=0.009 ev=+0.759 r0=1.0000 entcoef=7.69e-03 lr=5.2e-04 seed=2
iter= 161 step= 518400 ep_ret=-390.128 opt_ret=-390.128 step_rew=-3.9013 opt_step=-3.9013 gap0=390.128 dret=+362.688 eval_ret=n/a pursuer_target_distance=1.679 capture=0.010 score=0.004 pol=-0.0009 val=0.0796 ent=1.3582 tot=+0.0284 agnorm=0.043 cgnorm=0.171 kl=0.0017 clipf=0.015 ev=+0.714 r0=1.0000 entcoef=7.68e-03 lr=5.2e-04 seed=2
iter= 162 step= 521600 ep_ret=-356.287 opt_ret=-356.287 step_rew=-3.5629 opt_step=-3.5629 gap0=356.287 dret=+396.529 eval_ret=n/a pursuer_target_distance=1.488 capture=0.004 score=0.002 pol=-0.0014 val=0.0549 ent=1.3742 tot=+0.0155 agnorm=0.045 cgnorm=0.129 kl=0.0022 clipf=0.015 ev=+0.743 r0=1.0000 entcoef=7.66e-03 lr=5.2e-04 seed=2
iter= 163 step= 524800 ep_ret=-413.889 opt_ret=-413.889 step_rew=-4.1389 opt_step=-4.1389 gap0=413.889 dret=+338.928 eval_ret=n/a pursuer_target_distance=2.130 capture=0.004 score=0.001 pol=-0.0009 val=0.0747 ent=1.3617 tot=+0.0260 agnorm=0.047 cgnorm=0.163 kl=0.0026 clipf=0.023 ev=+0.792 r0=1.0000 entcoef=7.65e-03 lr=5.2e-04 seed=2
iter= 164 step= 528000 ep_ret=-484.791 opt_ret=-484.791 step_rew=-4.8479 opt_step=-4.8479 gap0=484.791 dret=+268.026 eval_ret=n/a pursuer_target_distance=2.002 capture=0.000 score=0.000 pol=-0.0008 val=0.0669 ent=1.3617 tot=+0.0223 agnorm=0.035 cgnorm=0.155 kl=0.0014 clipf=0.006 ev=+0.807 r0=1.0000 entcoef=7.63e-03 lr=5.2e-04 seed=2
iter= 165 step= 531200 ep_ret=-401.507 opt_ret=-401.507 step_rew=-4.0151 opt_step=-4.0151 gap0=401.507 dret=+351.310 eval_ret=n/a pursuer_target_distance=1.542 capture=0.016 score=0.006 pol=-0.0014 val=0.0548 ent=1.3611 tot=+0.0156 agnorm=0.053 cgnorm=0.134 kl=0.0029 clipf=0.021 ev=+0.865 r0=1.0000 entcoef=7.62e-03 lr=5.2e-04 seed=2
iter= 166 step= 534400 ep_ret=-343.969 opt_ret=-343.969 step_rew=-3.4397 opt_step=-3.4397 gap0=343.969 dret=+408.847 eval_ret=n/a pursuer_target_distance=1.628 capture=0.008 score=0.003 pol=-0.0008 val=0.0478 ent=1.3497 tot=+0.0128 agnorm=0.037 cgnorm=0.121 kl=0.0018 clipf=0.011 ev=+0.902 r0=1.0000 entcoef=7.61e-03 lr=5.2e-04 seed=2
iter= 167 step= 537600 ep_ret=-348.704 opt_ret=-348.704 step_rew=-3.4870 opt_step=-3.4870 gap0=348.704 dret=+404.113 eval_ret=n/a pursuer_target_distance=1.305 capture=0.022 score=0.010 pol=-0.0005 val=0.0616 ent=1.3492 tot=+0.0200 agnorm=0.029 cgnorm=0.142 kl=0.0006 clipf=0.000 ev=+0.800 r0=1.0000 entcoef=7.59e-03 lr=5.2e-04 seed=2
iter= 168 step= 540800 ep_ret=-335.511 opt_ret=-335.511 step_rew=-3.3551 opt_step=-3.3551 gap0=335.511 dret=+417.306 eval_ret=n/a pursuer_target_distance=1.667 capture=0.019 score=0.007 pol=-0.0008 val=0.0505 ent=1.3476 tot=+0.0142 agnorm=0.038 cgnorm=0.141 kl=0.0012 clipf=0.007 ev=+0.877 r0=1.0000 entcoef=7.58e-03 lr=5.1e-04 seed=2
iter= 169 step= 544000 ep_ret=-359.255 opt_ret=-359.255 step_rew=-3.5926 opt_step=-3.5926 gap0=359.255 dret=+393.561 eval_ret=n/a pursuer_target_distance=1.584 capture=0.010 score=0.004 pol=-0.0014 val=0.0497 ent=1.3380 tot=+0.0133 agnorm=0.051 cgnorm=0.122 kl=0.0017 clipf=0.010 ev=+0.851 r0=1.0000 entcoef=7.56e-03 lr=5.1e-04 seed=2
iter= 170 step= 547200 ep_ret=-371.032 opt_ret=-371.032 step_rew=-3.7103 opt_step=-3.7103 gap0=371.032 dret=+381.784 eval_ret=n/a pursuer_target_distance=1.734 capture=0.005 score=0.002 pol=-0.0010 val=0.0436 ent=1.3146 tot=+0.0109 agnorm=0.046 cgnorm=0.130 kl=0.0020 clipf=0.012 ev=+0.900 r0=1.0000 entcoef=7.55e-03 lr=5.1e-04 seed=2
iter= 171 step= 550400 ep_ret=-422.340 opt_ret=-422.340 step_rew=-4.2234 opt_step=-4.2234 gap0=422.340 dret=+330.477 eval_ret=n/a pursuer_target_distance=2.430 capture=0.020 score=0.006 pol=-0.0008 val=0.0856 ent=1.3127 tot=+0.0321 agnorm=0.043 cgnorm=0.179 kl=0.0019 clipf=0.013 ev=+0.829 r0=1.0000 entcoef=7.53e-03 lr=5.1e-04 seed=2
iter= 172 step= 553600 ep_ret=-386.042 opt_ret=-386.042 step_rew=-3.8604 opt_step=-3.8604 gap0=386.042 dret=+366.775 eval_ret=n/a pursuer_target_distance=1.698 capture=0.000 score=0.000 pol=-0.0012 val=0.0569 ent=1.3192 tot=+0.0174 agnorm=0.055 cgnorm=0.174 kl=0.0028 clipf=0.028 ev=+0.863 r0=1.0000 entcoef=7.52e-03 lr=5.1e-04 seed=2
iter= 173 step= 556800 ep_ret=-465.071 opt_ret=-465.071 step_rew=-4.6507 opt_step=-4.6507 gap0=465.071 dret=+287.746 eval_ret=n/a pursuer_target_distance=1.968 capture=0.003 score=0.001 pol=-0.0009 val=0.0623 ent=1.3283 tot=+0.0202 agnorm=0.049 cgnorm=0.178 kl=0.0021 clipf=0.014 ev=+0.829 r0=1.0000 entcoef=7.50e-03 lr=5.1e-04 seed=2
iter= 174 step= 560000 ep_ret=-407.235 opt_ret=-407.235 step_rew=-4.0723 opt_step=-4.0723 gap0=407.235 dret=+345.582 eval_ret=n/a pursuer_target_distance=1.929 capture=0.004 score=0.001 pol=-0.0018 val=0.0857 ent=1.3138 tot=+0.0312 agnorm=0.060 cgnorm=0.172 kl=0.0035 clipf=0.036 ev=+0.647 r0=1.0000 entcoef=7.49e-03 lr=5.1e-04 seed=2
iter= 175 step= 563200 ep_ret=-396.069 opt_ret=-396.069 step_rew=-3.9607 opt_step=-3.9607 gap0=396.069 dret=+356.748 eval_ret=n/a pursuer_target_distance=1.812 capture=0.010 score=0.004 pol=-0.0011 val=0.0694 ent=1.3184 tot=+0.0237 agnorm=0.052 cgnorm=0.162 kl=0.0031 clipf=0.026 ev=+0.772 r0=1.0000 entcoef=7.48e-03 lr=5.1e-04 seed=2
iter= 176 step= 566400 ep_ret=-359.003 opt_ret=-359.003 step_rew=-3.5900 opt_step=-3.5900 gap0=359.003 dret=+393.814 eval_ret=n/a pursuer_target_distance=1.563 capture=0.024 score=0.009 pol=-0.0010 val=0.0494 ent=1.2835 tot=+0.0141 agnorm=0.049 cgnorm=0.135 kl=0.0016 clipf=0.011 ev=+0.866 r0=1.0000 entcoef=7.46e-03 lr=5.1e-04 seed=2
iter= 177 step= 569600 ep_ret=-306.261 opt_ret=-306.261 step_rew=-3.0626 opt_step=-3.0626 gap0=306.261 dret=+446.556 eval_ret=n/a pursuer_target_distance=1.425 capture=0.033 score=0.014 pol=-0.0012 val=0.0655 ent=1.2931 tot=+0.0220 agnorm=0.057 cgnorm=0.171 kl=0.0023 clipf=0.019 ev=+0.802 r0=1.0000 entcoef=7.45e-03 lr=5.0e-04 seed=2
iter= 178 step= 572800 ep_ret=-410.883 opt_ret=-410.883 step_rew=-4.1088 opt_step=-4.1088 gap0=410.883 dret=+341.934 eval_ret=n/a pursuer_target_distance=1.856 capture=0.022 score=0.008 pol=-0.0010 val=0.0774 ent=1.3159 tot=+0.0279 agnorm=0.042 cgnorm=0.192 kl=0.0016 clipf=0.008 ev=+0.827 r0=1.0000 entcoef=7.43e-03 lr=5.0e-04 seed=2
iter= 179 step= 576000 ep_ret=-309.368 opt_ret=-309.368 step_rew=-3.0937 opt_step=-3.0937 gap0=309.368 dret=+443.449 eval_ret=n/a pursuer_target_distance=1.487 capture=0.036 score=0.014 pol=-0.0009 val=0.0764 ent=1.3236 tot=+0.0275 agnorm=0.045 cgnorm=0.164 kl=0.0023 clipf=0.016 ev=+0.853 r0=1.0000 entcoef=7.42e-03 lr=5.0e-04 seed=2
iter= 180 step= 579200 ep_ret=-394.704 opt_ret=-394.704 step_rew=-3.9470 opt_step=-3.9470 gap0=394.704 dret=+358.113 eval_ret=+486.587 pursuer_target_distance=1.982 capture=0.024 score=0.008 pol=-0.0010 val=0.0747 ent=1.3225 tot=+0.0265 agnorm=0.043 cgnorm=0.183 kl=0.0020 clipf=0.013 ev=+0.828 r0=1.0000 entcoef=7.40e-03 lr=5.0e-04 seed=2
iter= 181 step= 582400 ep_ret=-274.406 opt_ret=-274.406 step_rew=-2.7441 opt_step=-2.7441 gap0=274.406 dret=+478.410 eval_ret=n/a pursuer_target_distance=1.249 capture=0.036 score=0.016 pol=-0.0011 val=0.0663 ent=1.3313 tot=+0.0222 agnorm=0.054 cgnorm=0.160 kl=0.0020 clipf=0.009 ev=+0.890 r0=1.0000 entcoef=7.39e-03 lr=5.0e-04 seed=2
iter= 182 step= 585600 ep_ret=-427.650 opt_ret=-427.650 step_rew=-4.2765 opt_step=-4.2765 gap0=427.650 dret=+325.167 eval_ret=n/a pursuer_target_distance=1.871 capture=0.017 score=0.006 pol=-0.0010 val=0.0639 ent=1.3223 tot=+0.0212 agnorm=0.043 cgnorm=0.144 kl=0.0012 clipf=0.006 ev=+0.868 r0=1.0000 entcoef=7.37e-03 lr=5.0e-04 seed=2
iter= 183 step= 588800 ep_ret=-353.371 opt_ret=-353.371 step_rew=-3.5337 opt_step=-3.5337 gap0=353.371 dret=+399.446 eval_ret=n/a pursuer_target_distance=1.504 capture=0.003 score=0.001 pol=-0.0009 val=0.0371 ent=1.3272 tot=+0.0079 agnorm=0.042 cgnorm=0.139 kl=0.0023 clipf=0.013 ev=+0.917 r0=1.0000 entcoef=7.36e-03 lr=5.0e-04 seed=2
iter= 184 step= 592000 ep_ret=-353.060 opt_ret=-353.060 step_rew=-3.5306 opt_step=-3.5306 gap0=353.060 dret=+399.756 eval_ret=n/a pursuer_target_distance=1.506 capture=0.029 score=0.011 pol=-0.0008 val=0.0612 ent=1.3179 tot=+0.0201 agnorm=0.050 cgnorm=0.158 kl=0.0012 clipf=0.006 ev=+0.867 r0=1.0000 entcoef=7.35e-03 lr=5.0e-04 seed=2
iter= 185 step= 595200 ep_ret=-298.866 opt_ret=-298.866 step_rew=-2.9887 opt_step=-2.9887 gap0=298.866 dret=+453.950 eval_ret=n/a pursuer_target_distance=1.374 capture=0.045 score=0.019 pol=-0.0009 val=0.0755 ent=1.3167 tot=+0.0272 agnorm=0.039 cgnorm=0.167 kl=0.0013 clipf=0.006 ev=+0.865 r0=1.0000 entcoef=7.33e-03 lr=5.0e-04 seed=2
iter= 186 step= 598400 ep_ret=-364.864 opt_ret=-364.864 step_rew=-3.6486 opt_step=-3.6486 gap0=364.864 dret=+387.953 eval_ret=n/a pursuer_target_distance=1.409 capture=0.011 score=0.004 pol=-0.0009 val=0.0593 ent=1.3427 tot=+0.0190 agnorm=0.042 cgnorm=0.157 kl=0.0016 clipf=0.013 ev=+0.865 r0=1.0000 entcoef=7.32e-03 lr=4.9e-04 seed=2
iter= 187 step= 601600 ep_ret=-367.032 opt_ret=-367.032 step_rew=-3.6703 opt_step=-3.6703 gap0=367.032 dret=+385.785 eval_ret=n/a pursuer_target_distance=1.350 capture=0.015 score=0.006 pol=-0.0006 val=0.0665 ent=1.3745 tot=+0.0226 agnorm=0.039 cgnorm=0.173 kl=0.0018 clipf=0.014 ev=+0.868 r0=1.0000 entcoef=7.30e-03 lr=4.9e-04 seed=2
iter= 188 step= 604800 ep_ret=-339.742 opt_ret=-339.742 step_rew=-3.3974 opt_step=-3.3974 gap0=339.742 dret=+413.075 eval_ret=n/a pursuer_target_distance=1.714 capture=0.016 score=0.006 pol=-0.0014 val=0.0393 ent=1.3709 tot=+0.0082 agnorm=0.046 cgnorm=0.129 kl=0.0020 clipf=0.013 ev=+0.919 r0=1.0000 entcoef=7.29e-03 lr=4.9e-04 seed=2
iter= 189 step= 608000 ep_ret=-371.734 opt_ret=-371.734 step_rew=-3.7173 opt_step=-3.7173 gap0=371.734 dret=+381.082 eval_ret=n/a pursuer_target_distance=2.037 capture=0.011 score=0.003 pol=-0.0011 val=0.0668 ent=1.3519 tot=+0.0225 agnorm=0.056 cgnorm=0.203 kl=0.0027 clipf=0.020 ev=+0.856 r0=1.0000 entcoef=7.27e-03 lr=4.9e-04 seed=2
iter= 190 step= 611200 ep_ret=-339.813 opt_ret=-339.813 step_rew=-3.3981 opt_step=-3.3981 gap0=339.813 dret=+413.004 eval_ret=n/a pursuer_target_distance=1.739 capture=0.028 score=0.010 pol=-0.0007 val=0.0466 ent=1.3359 tot=+0.0128 agnorm=0.043 cgnorm=0.164 kl=0.0018 clipf=0.009 ev=+0.826 r0=1.0000 entcoef=7.26e-03 lr=4.9e-04 seed=2
iter= 191 step= 614400 ep_ret=-363.347 opt_ret=-363.347 step_rew=-3.6335 opt_step=-3.6335 gap0=363.347 dret=+389.470 eval_ret=n/a pursuer_target_distance=1.598 capture=0.024 score=0.009 pol=-0.0011 val=0.0571 ent=1.3338 tot=+0.0178 agnorm=0.047 cgnorm=0.156 kl=0.0022 clipf=0.016 ev=+0.894 r0=1.0000 entcoef=7.25e-03 lr=4.9e-04 seed=2
iter= 192 step= 617600 ep_ret=-338.040 opt_ret=-338.040 step_rew=-3.3804 opt_step=-3.3804 gap0=338.040 dret=+414.777 eval_ret=n/a pursuer_target_distance=1.460 capture=0.010 score=0.004 pol=-0.0011 val=0.0413 ent=1.3243 tot=+0.0099 agnorm=0.051 cgnorm=0.163 kl=0.0024 clipf=0.017 ev=+0.917 r0=1.0000 entcoef=7.23e-03 lr=4.9e-04 seed=2
iter= 193 step= 620800 ep_ret=-383.152 opt_ret=-383.152 step_rew=-3.8315 opt_step=-3.8315 gap0=383.152 dret=+369.665 eval_ret=n/a pursuer_target_distance=1.650 capture=0.027 score=0.010 pol=-0.0008 val=0.0651 ent=1.3319 tot=+0.0222 agnorm=0.043 cgnorm=0.170 kl=0.0011 clipf=0.002 ev=+0.857 r0=1.0000 entcoef=7.22e-03 lr=4.9e-04 seed=2
iter= 194 step= 624000 ep_ret=-430.563 opt_ret=-430.563 step_rew=-4.3056 opt_step=-4.3056 gap0=430.563 dret=+322.254 eval_ret=n/a pursuer_target_distance=1.798 capture=0.003 score=0.001 pol=-0.0011 val=0.0482 ent=1.3311 tot=+0.0134 agnorm=0.046 cgnorm=0.165 kl=0.0018 clipf=0.006 ev=+0.883 r0=1.0000 entcoef=7.20e-03 lr=4.9e-04 seed=2
iter= 195 step= 627200 ep_ret=-372.488 opt_ret=-372.488 step_rew=-3.7249 opt_step=-3.7249 gap0=372.488 dret=+380.328 eval_ret=n/a pursuer_target_distance=1.433 capture=0.014 score=0.006 pol=-0.0010 val=0.0447 ent=1.3106 tot=+0.0119 agnorm=0.051 cgnorm=0.146 kl=0.0022 clipf=0.017 ev=+0.929 r0=1.0000 entcoef=7.19e-03 lr=4.8e-04 seed=2
iter= 196 step= 630400 ep_ret=-333.301 opt_ret=-333.301 step_rew=-3.3330 opt_step=-3.3330 gap0=333.301 dret=+419.515 eval_ret=n/a pursuer_target_distance=1.450 capture=0.027 score=0.011 pol=-0.0010 val=0.0528 ent=1.3318 tot=+0.0158 agnorm=0.053 cgnorm=0.166 kl=0.0017 clipf=0.011 ev=+0.903 r0=1.0000 entcoef=7.17e-03 lr=4.8e-04 seed=2
iter= 197 step= 633600 ep_ret=-416.185 opt_ret=-416.185 step_rew=-4.1618 opt_step=-4.1618 gap0=416.185 dret=+336.632 eval_ret=n/a pursuer_target_distance=2.064 capture=0.007 score=0.002 pol=-0.0010 val=0.0527 ent=1.3307 tot=+0.0158 agnorm=0.041 cgnorm=0.156 kl=0.0019 clipf=0.012 ev=+0.874 r0=1.0000 entcoef=7.16e-03 lr=4.8e-04 seed=2
iter= 198 step= 636800 ep_ret=-358.128 opt_ret=-358.128 step_rew=-3.5813 opt_step=-3.5813 gap0=358.128 dret=+394.688 eval_ret=n/a pursuer_target_distance=1.828 capture=0.024 score=0.009 pol=-0.0006 val=0.0737 ent=1.3059 tot=+0.0269 agnorm=0.030 cgnorm=0.181 kl=0.0009 clipf=0.002 ev=+0.753 r0=1.0000 entcoef=7.14e-03 lr=4.8e-04 seed=2
iter= 199 step= 640000 ep_ret=-293.747 opt_ret=-293.747 step_rew=-2.9375 opt_step=-2.9375 gap0=293.747 dret=+459.070 eval_ret=n/a pursuer_target_distance=1.475 capture=0.046 score=0.019 pol=-0.0010 val=0.0493 ent=1.2987 tot=+0.0144 agnorm=0.048 cgnorm=0.164 kl=0.0013 clipf=0.009 ev=+0.879 r0=1.0000 entcoef=7.13e-03 lr=4.8e-04 seed=2
iter= 200 step= 643200 ep_ret=-327.241 opt_ret=-327.241 step_rew=-3.2724 opt_step=-3.2724 gap0=327.241 dret=+425.575 eval_ret=+456.866 pursuer_target_distance=1.587 capture=0.040 score=0.015 pol=-0.0012 val=0.0419 ent=1.2743 tot=+0.0107 agnorm=0.064 cgnorm=0.136 kl=0.0017 clipf=0.013 ev=+0.898 r0=1.0000 entcoef=7.12e-03 lr=4.8e-04 seed=2
iter= 201 step= 646400 ep_ret=-343.867 opt_ret=-343.867 step_rew=-3.4387 opt_step=-3.4387 gap0=343.867 dret=+408.949 eval_ret=n/a pursuer_target_distance=1.239 capture=0.011 score=0.005 pol=-0.0012 val=0.0369 ent=1.3028 tot=+0.0080 agnorm=0.058 cgnorm=0.134 kl=0.0023 clipf=0.014 ev=+0.894 r0=1.0000 entcoef=7.10e-03 lr=4.8e-04 seed=2
iter= 202 step= 649600 ep_ret=-280.798 opt_ret=-280.798 step_rew=-2.8080 opt_step=-2.8080 gap0=280.798 dret=+472.019 eval_ret=n/a pursuer_target_distance=1.474 capture=0.036 score=0.015 pol=-0.0009 val=0.0547 ent=1.3154 tot=+0.0171 agnorm=0.041 cgnorm=0.162 kl=0.0022 clipf=0.016 ev=+0.881 r0=1.0000 entcoef=7.09e-03 lr=4.8e-04 seed=2
iter= 203 step= 652800 ep_ret=-261.083 opt_ret=-261.083 step_rew=-2.6108 opt_step=-2.6108 gap0=261.083 dret=+491.734 eval_ret=n/a pursuer_target_distance=1.422 capture=0.054 score=0.022 pol=-0.0009 val=0.0489 ent=1.3104 tot=+0.0143 agnorm=0.044 cgnorm=0.161 kl=0.0017 clipf=0.013 ev=+0.890 r0=1.0000 entcoef=7.07e-03 lr=4.8e-04 seed=2
iter= 204 step= 656000 ep_ret=-293.740 opt_ret=-293.740 step_rew=-2.9374 opt_step=-2.9374 gap0=293.740 dret=+459.077 eval_ret=n/a pursuer_target_distance=1.478 capture=0.060 score=0.024 pol=-0.0008 val=0.0658 ent=1.3107 tot=+0.0228 agnorm=0.050 cgnorm=0.172 kl=0.0020 clipf=0.013 ev=+0.892 r0=1.0000 entcoef=7.06e-03 lr=4.7e-04 seed=2
iter= 205 step= 659200 ep_ret=-272.781 opt_ret=-272.781 step_rew=-2.7278 opt_step=-2.7278 gap0=272.781 dret=+480.036 eval_ret=n/a pursuer_target_distance=1.411 capture=0.065 score=0.027 pol=-0.0008 val=0.0504 ent=1.2927 tot=+0.0153 agnorm=0.053 cgnorm=0.145 kl=0.0012 clipf=0.007 ev=+0.894 r0=1.0000 entcoef=7.04e-03 lr=4.7e-04 seed=2
iter= 206 step= 662400 ep_ret=-278.570 opt_ret=-278.570 step_rew=-2.7857 opt_step=-2.7857 gap0=278.570 dret=+474.247 eval_ret=n/a pursuer_target_distance=1.350 capture=0.056 score=0.024 pol=-0.0009 val=0.0534 ent=1.2852 tot=+0.0168 agnorm=0.028 cgnorm=0.160 kl=0.0008 clipf=0.001 ev=+0.906 r0=1.0000 entcoef=7.03e-03 lr=4.7e-04 seed=2
iter= 207 step= 665600 ep_ret=-255.037 opt_ret=-255.037 step_rew=-2.5504 opt_step=-2.5504 gap0=255.037 dret=+497.780 eval_ret=n/a pursuer_target_distance=1.243 capture=0.059 score=0.026 pol=-0.0011 val=0.0460 ent=1.2695 tot=+0.0130 agnorm=0.055 cgnorm=0.148 kl=0.0022 clipf=0.016 ev=+0.916 r0=1.0000 entcoef=7.01e-03 lr=4.7e-04 seed=2
iter= 208 step= 668800 ep_ret=-266.853 opt_ret=-266.853 step_rew=-2.6685 opt_step=-2.6685 gap0=266.853 dret=+485.963 eval_ret=n/a pursuer_target_distance=1.269 capture=0.056 score=0.025 pol=-0.0008 val=0.0526 ent=1.2876 tot=+0.0165 agnorm=0.052 cgnorm=0.179 kl=0.0014 clipf=0.009 ev=+0.919 r0=1.0000 entcoef=7.00e-03 lr=4.7e-04 seed=2
iter= 209 step= 672000 ep_ret=-212.736 opt_ret=-212.736 step_rew=-2.1274 opt_step=-2.1274 gap0=212.736 dret=+540.081 eval_ret=n/a pursuer_target_distance=1.360 capture=0.078 score=0.033 pol=-0.0010 val=0.0632 ent=1.2645 tot=+0.0217 agnorm=0.046 cgnorm=0.196 kl=0.0023 clipf=0.018 ev=+0.919 r0=1.0000 entcoef=6.99e-03 lr=4.7e-04 seed=2
iter= 210 step= 675200 ep_ret=-242.151 opt_ret=-242.151 step_rew=-2.4215 opt_step=-2.4215 gap0=242.151 dret=+510.666 eval_ret=n/a pursuer_target_distance=1.281 capture=0.072 score=0.032 pol=-0.0008 val=0.0565 ent=1.2463 tot=+0.0188 agnorm=0.044 cgnorm=0.200 kl=0.0015 clipf=0.008 ev=+0.903 r0=1.0000 entcoef=6.97e-03 lr=4.7e-04 seed=2
iter= 211 step= 678400 ep_ret=-276.995 opt_ret=-276.995 step_rew=-2.7699 opt_step=-2.7699 gap0=276.995 dret=+475.822 eval_ret=n/a pursuer_target_distance=1.328 capture=0.062 score=0.027 pol=-0.0008 val=0.0398 ent=1.2730 tot=+0.0102 agnorm=0.034 cgnorm=0.175 kl=0.0014 clipf=0.007 ev=+0.942 r0=1.0000 entcoef=6.96e-03 lr=4.7e-04 seed=2
iter= 212 step= 681600 ep_ret=-242.643 opt_ret=-242.643 step_rew=-2.4264 opt_step=-2.4264 gap0=242.643 dret=+510.173 eval_ret=n/a pursuer_target_distance=1.102 capture=0.054 score=0.026 pol=-0.0012 val=0.0413 ent=1.2899 tot=+0.0105 agnorm=0.055 cgnorm=0.167 kl=0.0019 clipf=0.014 ev=+0.952 r0=1.0000 entcoef=6.94e-03 lr=4.7e-04 seed=2
iter= 213 step= 684800 ep_ret=-246.178 opt_ret=-246.178 step_rew=-2.4618 opt_step=-2.4618 gap0=246.178 dret=+506.639 eval_ret=n/a pursuer_target_distance=1.389 capture=0.053 score=0.022 pol=-0.0012 val=0.0459 ent=1.2842 tot=+0.0129 agnorm=0.068 cgnorm=0.167 kl=0.0020 clipf=0.014 ev=+0.924 r0=1.0000 entcoef=6.93e-03 lr=4.6e-04 seed=2
iter= 214 step= 688000 ep_ret=-289.194 opt_ret=-289.194 step_rew=-2.8919 opt_step=-2.8919 gap0=289.194 dret=+463.623 eval_ret=n/a pursuer_target_distance=1.181 capture=0.045 score=0.021 pol=-0.0014 val=0.0409 ent=1.2500 tot=+0.0104 agnorm=0.075 cgnorm=0.144 kl=0.0022 clipf=0.016 ev=+0.946 r0=1.0000 entcoef=6.91e-03 lr=4.6e-04 seed=2
iter= 215 step= 691200 ep_ret=-263.826 opt_ret=-263.826 step_rew=-2.6383 opt_step=-2.6383 gap0=263.826 dret=+488.991 eval_ret=n/a pursuer_target_distance=1.235 capture=0.055 score=0.025 pol=-0.0013 val=0.0414 ent=1.2481 tot=+0.0108 agnorm=0.059 cgnorm=0.138 kl=0.0021 clipf=0.019 ev=+0.945 r0=1.0000 entcoef=6.90e-03 lr=4.6e-04 seed=2
iter= 216 step= 694400 ep_ret=-240.760 opt_ret=-240.760 step_rew=-2.4076 opt_step=-2.4076 gap0=240.760 dret=+512.057 eval_ret=n/a pursuer_target_distance=1.248 capture=0.055 score=0.024 pol=-0.0012 val=0.0477 ent=1.2578 tot=+0.0140 agnorm=0.049 cgnorm=0.168 kl=0.0016 clipf=0.010 ev=+0.914 r0=1.0000 entcoef=6.88e-03 lr=4.6e-04 seed=2
iter= 217 step= 697600 ep_ret=-288.120 opt_ret=-288.120 step_rew=-2.8812 opt_step=-2.8812 gap0=288.120 dret=+464.697 eval_ret=n/a pursuer_target_distance=1.228 capture=0.042 score=0.019 pol=-0.0010 val=0.0518 ent=1.2176 tot=+0.0166 agnorm=0.049 cgnorm=0.176 kl=0.0014 clipf=0.009 ev=+0.902 r0=1.0000 entcoef=6.87e-03 lr=4.6e-04 seed=2
iter= 218 step= 700800 ep_ret=-209.799 opt_ret=-209.799 step_rew=-2.0980 opt_step=-2.0980 gap0=209.799 dret=+543.018 eval_ret=n/a pursuer_target_distance=1.115 capture=0.085 score=0.040 pol=-0.0017 val=0.0372 ent=1.2156 tot=+0.0085 agnorm=0.069 cgnorm=0.144 kl=0.0030 clipf=0.027 ev=+0.923 r0=1.0000 entcoef=6.86e-03 lr=4.6e-04 seed=2
iter= 219 step= 704000 ep_ret=-213.976 opt_ret=-213.976 step_rew=-2.1398 opt_step=-2.1398 gap0=213.976 dret=+538.840 eval_ret=n/a pursuer_target_distance=1.166 capture=0.071 score=0.033 pol=-0.0010 val=0.0340 ent=1.2086 tot=+0.0078 agnorm=0.053 cgnorm=0.155 kl=0.0015 clipf=0.007 ev=+0.947 r0=1.0000 entcoef=6.84e-03 lr=4.6e-04 seed=2
iter= 220 step= 707200 ep_ret=-219.930 opt_ret=-219.930 step_rew=-2.1993 opt_step=-2.1993 gap0=219.930 dret=+532.887 eval_ret=+442.588 pursuer_target_distance=1.560 capture=0.102 score=0.040 pol=-0.0007 val=0.0502 ent=1.1882 tot=+0.0163 agnorm=0.055 cgnorm=0.176 kl=0.0016 clipf=0.010 ev=+0.914 r0=1.0000 entcoef=6.83e-03 lr=4.6e-04 seed=2
iter= 221 step= 710400 ep_ret=-264.637 opt_ret=-264.637 step_rew=-2.6464 opt_step=-2.6464 gap0=264.637 dret=+488.180 eval_ret=n/a pursuer_target_distance=1.539 capture=0.100 score=0.039 pol=-0.0011 val=0.0542 ent=1.1978 tot=+0.0178 agnorm=0.048 cgnorm=0.187 kl=0.0014 clipf=0.008 ev=+0.933 r0=1.0000 entcoef=6.81e-03 lr=4.6e-04 seed=2
iter= 222 step= 713600 ep_ret=-289.783 opt_ret=-289.783 step_rew=-2.8978 opt_step=-2.8978 gap0=289.783 dret=+463.034 eval_ret=n/a pursuer_target_distance=1.823 capture=0.071 score=0.025 pol=-0.0014 val=0.0354 ent=1.2045 tot=+0.0081 agnorm=0.074 cgnorm=0.133 kl=0.0019 clipf=0.012 ev=+0.959 r0=1.0000 entcoef=6.80e-03 lr=4.5e-04 seed=2
iter= 223 step= 716800 ep_ret=-219.710 opt_ret=-219.710 step_rew=-2.1971 opt_step=-2.1971 gap0=219.710 dret=+533.107 eval_ret=n/a pursuer_target_distance=1.516 capture=0.117 score=0.046 pol=-0.0008 val=0.0533 ent=1.1675 tot=+0.0179 agnorm=0.048 cgnorm=0.186 kl=0.0019 clipf=0.012 ev=+0.938 r0=1.0000 entcoef=6.78e-03 lr=4.5e-04 seed=2
iter= 224 step= 720000 ep_ret=-232.226 opt_ret=-232.226 step_rew=-2.3223 opt_step=-2.3223 gap0=232.226 dret=+520.591 eval_ret=n/a pursuer_target_distance=1.331 capture=0.103 score=0.044 pol=-0.0009 val=0.0511 ent=1.1801 tot=+0.0166 agnorm=0.043 cgnorm=0.157 kl=0.0015 clipf=0.009 ev=+0.947 r0=1.0000 entcoef=6.77e-03 lr=4.5e-04 seed=2
iter= 225 step= 723200 ep_ret=-226.084 opt_ret=-226.084 step_rew=-2.2608 opt_step=-2.2608 gap0=226.084 dret=+526.733 eval_ret=n/a pursuer_target_distance=1.276 capture=0.090 score=0.040 pol=-0.0013 val=0.0410 ent=1.1769 tot=+0.0112 agnorm=0.087 cgnorm=0.155 kl=0.0022 clipf=0.015 ev=+0.936 r0=1.0000 entcoef=6.75e-03 lr=4.5e-04 seed=2
iter= 226 step= 726400 ep_ret=-220.926 opt_ret=-220.926 step_rew=-2.2093 opt_step=-2.2093 gap0=220.926 dret=+531.891 eval_ret=n/a pursuer_target_distance=1.049 capture=0.082 score=0.040 pol=-0.0017 val=0.0335 ent=1.1684 tot=+0.0071 agnorm=0.080 cgnorm=0.158 kl=0.0031 clipf=0.031 ev=+0.957 r0=1.0000 entcoef=6.74e-03 lr=4.5e-04 seed=2
iter= 227 step= 729600 ep_ret=-270.784 opt_ret=-270.784 step_rew=-2.7078 opt_step=-2.7078 gap0=270.784 dret=+482.033 eval_ret=n/a pursuer_target_distance=1.230 capture=0.042 score=0.019 pol=-0.0008 val=0.0303 ent=1.2093 tot=+0.0062 agnorm=0.050 cgnorm=0.135 kl=0.0013 clipf=0.008 ev=+0.953 r0=1.0000 entcoef=6.73e-03 lr=4.5e-04 seed=2
iter= 228 step= 732800 ep_ret=-211.465 opt_ret=-211.465 step_rew=-2.1146 opt_step=-2.1146 gap0=211.465 dret=+541.352 eval_ret=n/a pursuer_target_distance=1.143 capture=0.069 score=0.032 pol=-0.0011 val=0.0281 ent=1.1827 tot=+0.0050 agnorm=0.067 cgnorm=0.131 kl=0.0020 clipf=0.015 ev=+0.951 r0=1.0000 entcoef=6.71e-03 lr=4.5e-04 seed=2
iter= 229 step= 736000 ep_ret=-228.672 opt_ret=-228.672 step_rew=-2.2867 opt_step=-2.2867 gap0=228.672 dret=+524.145 eval_ret=n/a pursuer_target_distance=1.364 capture=0.076 score=0.032 pol=-0.0013 val=0.0358 ent=1.1876 tot=+0.0086 agnorm=0.077 cgnorm=0.163 kl=0.0021 clipf=0.018 ev=+0.946 r0=1.0000 entcoef=6.70e-03 lr=4.5e-04 seed=2
iter= 230 step= 739200 ep_ret=-260.233 opt_ret=-260.233 step_rew=-2.6023 opt_step=-2.6023 gap0=260.233 dret=+492.584 eval_ret=n/a pursuer_target_distance=1.454 capture=0.092 score=0.038 pol=-0.0010 val=0.0477 ent=1.1708 tot=+0.0151 agnorm=0.091 cgnorm=0.193 kl=0.0014 clipf=0.010 ev=+0.926 r0=1.0000 entcoef=6.68e-03 lr=4.5e-04 seed=2
iter= 231 step= 742400 ep_ret=-291.583 opt_ret=-291.583 step_rew=-2.9158 opt_step=-2.9158 gap0=291.583 dret=+461.233 eval_ret=n/a pursuer_target_distance=1.460 capture=0.068 score=0.028 pol=-0.0009 val=0.0365 ent=1.1980 tot=+0.0093 agnorm=0.072 cgnorm=0.143 kl=0.0013 clipf=0.010 ev=+0.931 r0=1.0000 entcoef=6.67e-03 lr=4.4e-04 seed=2
iter= 232 step= 745600 ep_ret=-173.834 opt_ret=-173.834 step_rew=-1.7383 opt_step=-1.7383 gap0=173.834 dret=+578.983 eval_ret=n/a pursuer_target_distance=1.171 capture=0.108 score=0.050 pol=-0.0011 val=0.0397 ent=1.1932 tot=+0.0108 agnorm=0.074 cgnorm=0.141 kl=0.0021 clipf=0.015 ev=+0.917 r0=1.0000 entcoef=6.65e-03 lr=4.4e-04 seed=2
iter= 233 step= 748800 ep_ret=-199.400 opt_ret=-199.400 step_rew=-1.9940 opt_step=-1.9940 gap0=199.400 dret=+553.417 eval_ret=n/a pursuer_target_distance=1.236 capture=0.109 score=0.049 pol=-0.0011 val=0.0401 ent=1.1835 tot=+0.0111 agnorm=0.066 cgnorm=0.122 kl=0.0020 clipf=0.013 ev=+0.945 r0=1.0000 entcoef=6.64e-03 lr=4.4e-04 seed=2
iter= 234 step= 752000 ep_ret=-231.779 opt_ret=-231.779 step_rew=-2.3178 opt_step=-2.3178 gap0=231.779 dret=+521.038 eval_ret=n/a pursuer_target_distance=1.343 capture=0.087 score=0.037 pol=-0.0008 val=0.0426 ent=1.2117 tot=+0.0124 agnorm=0.049 cgnorm=0.164 kl=0.0013 clipf=0.005 ev=+0.934 r0=1.0000 entcoef=6.62e-03 lr=4.4e-04 seed=2
iter= 235 step= 755200 ep_ret=-178.487 opt_ret=-178.487 step_rew=-1.7849 opt_step=-1.7849 gap0=178.487 dret=+574.329 eval_ret=n/a pursuer_target_distance=1.127 capture=0.116 score=0.054 pol=-0.0011 val=0.0317 ent=1.1898 tot=+0.0069 agnorm=0.069 cgnorm=0.121 kl=0.0021 clipf=0.016 ev=+0.947 r0=1.0000 entcoef=6.61e-03 lr=4.4e-04 seed=2
iter= 236 step= 758400 ep_ret=-266.949 opt_ret=-266.949 step_rew=-2.6695 opt_step=-2.6695 gap0=266.949 dret=+485.868 eval_ret=n/a pursuer_target_distance=1.437 capture=0.087 score=0.036 pol=-0.0016 val=0.0381 ent=1.1681 tot=+0.0097 agnorm=0.082 cgnorm=0.160 kl=0.0021 clipf=0.017 ev=+0.943 r0=1.0000 entcoef=6.60e-03 lr=4.4e-04 seed=2
iter= 237 step= 761600 ep_ret=-257.347 opt_ret=-257.347 step_rew=-2.5735 opt_step=-2.5735 gap0=257.347 dret=+495.470 eval_ret=n/a pursuer_target_distance=1.350 capture=0.068 score=0.029 pol=-0.0011 val=0.0407 ent=1.1931 tot=+0.0113 agnorm=0.115 cgnorm=0.178 kl=0.0023 clipf=0.018 ev=+0.930 r0=1.0000 entcoef=6.58e-03 lr=4.4e-04 seed=2
iter= 238 step= 764800 ep_ret=-188.044 opt_ret=-188.044 step_rew=-1.8804 opt_step=-1.8804 gap0=188.044 dret=+564.773 eval_ret=n/a pursuer_target_distance=1.322 capture=0.110 score=0.047 pol=-0.0008 val=0.0272 ent=1.1783 tot=+0.0051 agnorm=0.048 cgnorm=0.116 kl=0.0015 clipf=0.008 ev=+0.962 r0=1.0000 entcoef=6.57e-03 lr=4.4e-04 seed=2
iter= 239 step= 768000 ep_ret=-216.449 opt_ret=-216.449 step_rew=-2.1645 opt_step=-2.1645 gap0=216.449 dret=+536.367 eval_ret=n/a pursuer_target_distance=1.214 capture=0.085 score=0.038 pol=-0.0014 val=0.0281 ent=1.1617 tot=+0.0050 agnorm=0.086 cgnorm=0.134 kl=0.0031 clipf=0.025 ev=+0.954 r0=1.0000 entcoef=6.55e-03 lr=4.4e-04 seed=2
iter= 240 step= 771200 ep_ret=-200.501 opt_ret=-200.501 step_rew=-2.0050 opt_step=-2.0050 gap0=200.501 dret=+552.315 eval_ret=+393.895 pursuer_target_distance=1.225 capture=0.100 score=0.045 pol=-0.0009 val=0.0244 ent=1.1476 tot=+0.0038 agnorm=0.066 cgnorm=0.106 kl=0.0020 clipf=0.018 ev=+0.957 r0=1.0000 entcoef=6.54e-03 lr=4.3e-04 seed=2
iter= 241 step= 774400 ep_ret=-264.076 opt_ret=-264.076 step_rew=-2.6408 opt_step=-2.6408 gap0=264.076 dret=+488.741 eval_ret=n/a pursuer_target_distance=1.431 capture=0.061 score=0.025 pol=-0.0008 val=0.0234 ent=1.1888 tot=+0.0031 agnorm=0.065 cgnorm=0.116 kl=0.0015 clipf=0.008 ev=+0.965 r0=1.0000 entcoef=6.52e-03 lr=4.3e-04 seed=2
iter= 242 step= 777600 ep_ret=-128.607 opt_ret=-128.607 step_rew=-1.2861 opt_step=-1.2861 gap0=128.607 dret=+624.210 eval_ret=n/a pursuer_target_distance=1.068 capture=0.132 score=0.064 pol=-0.0012 val=0.0302 ent=1.1469 tot=+0.0065 agnorm=0.074 cgnorm=0.133 kl=0.0019 clipf=0.015 ev=+0.949 r0=1.0000 entcoef=6.51e-03 lr=4.3e-04 seed=2
iter= 243 step= 780800 ep_ret=-146.865 opt_ret=-146.865 step_rew=-1.4686 opt_step=-1.4686 gap0=146.865 dret=+605.952 eval_ret=n/a pursuer_target_distance=1.149 capture=0.133 score=0.062 pol=-0.0008 val=0.0357 ent=1.1467 tot=+0.0096 agnorm=0.062 cgnorm=0.135 kl=0.0015 clipf=0.010 ev=+0.952 r0=1.0000 entcoef=6.50e-03 lr=4.3e-04 seed=2
iter= 244 step= 784000 ep_ret=-246.934 opt_ret=-246.934 step_rew=-2.4693 opt_step=-2.4693 gap0=246.934 dret=+505.883 eval_ret=n/a pursuer_target_distance=1.503 capture=0.097 score=0.039 pol=-0.0011 val=0.0347 ent=1.1511 tot=+0.0087 agnorm=0.057 cgnorm=0.142 kl=0.0022 clipf=0.018 ev=+0.947 r0=1.0000 entcoef=6.48e-03 lr=4.3e-04 seed=2
iter= 245 step= 787200 ep_ret=-259.184 opt_ret=-259.184 step_rew=-2.5918 opt_step=-2.5918 gap0=259.184 dret=+493.632 eval_ret=n/a pursuer_target_distance=1.712 capture=0.104 score=0.038 pol=-0.0011 val=0.0354 ent=1.1339 tot=+0.0093 agnorm=0.069 cgnorm=0.131 kl=0.0017 clipf=0.012 ev=+0.954 r0=1.0000 entcoef=6.47e-03 lr=4.3e-04 seed=2
iter= 246 step= 790400 ep_ret=-166.465 opt_ret=-166.465 step_rew=-1.6647 opt_step=-1.6647 gap0=166.465 dret=+586.352 eval_ret=n/a pursuer_target_distance=1.162 capture=0.143 score=0.066 pol=-0.0012 val=0.0369 ent=1.0956 tot=+0.0101 agnorm=0.079 cgnorm=0.134 kl=0.0021 clipf=0.015 ev=+0.923 r0=1.0000 entcoef=6.45e-03 lr=4.3e-04 seed=2
iter= 247 step= 793600 ep_ret=-137.514 opt_ret=-137.514 step_rew=-1.3751 opt_step=-1.3751 gap0=137.514 dret=+615.303 eval_ret=n/a pursuer_target_distance=1.026 capture=0.115 score=0.057 pol=-0.0008 val=0.0264 ent=1.1074 tot=+0.0053 agnorm=0.074 cgnorm=0.120 kl=0.0017 clipf=0.012 ev=+0.954 r0=1.0000 entcoef=6.44e-03 lr=4.3e-04 seed=2
iter= 248 step= 796800 ep_ret=-136.940 opt_ret=-136.940 step_rew=-1.3694 opt_step=-1.3694 gap0=136.940 dret=+615.877 eval_ret=n/a pursuer_target_distance=0.964 capture=0.118 score=0.060 pol=-0.0008 val=0.0217 ent=1.0850 tot=+0.0031 agnorm=0.051 cgnorm=0.116 kl=0.0011 clipf=0.006 ev=+0.960 r0=1.0000 entcoef=6.42e-03 lr=4.3e-04 seed=2
iter= 249 step= 800000 ep_ret=-192.349 opt_ret=-192.349 step_rew=-1.9235 opt_step=-1.9235 gap0=192.349 dret=+560.468 eval_ret=n/a pursuer_target_distance=1.372 capture=0.124 score=0.052 pol=-0.0009 val=0.0265 ent=1.0945 tot=+0.0054 agnorm=0.076 cgnorm=0.101 kl=0.0017 clipf=0.011 ev=+0.960 r0=1.0000 entcoef=6.41e-03 lr=4.2e-04 seed=2
iter= 250 step= 803200 ep_ret=-125.639 opt_ret=-125.639 step_rew=-1.2564 opt_step=-1.2564 gap0=125.639 dret=+627.178 eval_ret=n/a pursuer_target_distance=1.156 capture=0.148 score=0.069 pol=-0.0012 val=0.0253 ent=1.0956 tot=+0.0044 agnorm=0.071 cgnorm=0.096 kl=0.0021 clipf=0.014 ev=+0.966 r0=1.0000 entcoef=6.39e-03 lr=4.2e-04 seed=2
iter= 251 step= 806400 ep_ret=-116.591 opt_ret=-116.591 step_rew=-1.1659 opt_step=-1.1659 gap0=116.591 dret=+636.225 eval_ret=n/a pursuer_target_distance=1.076 capture=0.153 score=0.074 pol=-0.0010 val=0.0240 ent=1.1050 tot=+0.0039 agnorm=0.068 cgnorm=0.114 kl=0.0023 clipf=0.013 ev=+0.958 r0=1.0000 entcoef=6.38e-03 lr=4.2e-04 seed=2
iter= 252 step= 809600 ep_ret=-188.502 opt_ret=-188.502 step_rew=-1.8850 opt_step=-1.8850 gap0=188.502 dret=+564.314 eval_ret=n/a pursuer_target_distance=1.701 capture=0.167 score=0.062 pol=-0.0013 val=0.0420 ent=1.1032 tot=+0.0127 agnorm=0.105 cgnorm=0.144 kl=0.0018 clipf=0.012 ev=+0.929 r0=1.0000 entcoef=6.37e-03 lr=4.2e-04 seed=2
iter= 253 step= 812800 ep_ret=-143.847 opt_ret=-143.847 step_rew=-1.4385 opt_step=-1.4385 gap0=143.847 dret=+608.970 eval_ret=n/a pursuer_target_distance=1.005 capture=0.123 score=0.061 pol=-0.0009 val=0.0244 ent=1.1267 tot=+0.0041 agnorm=0.089 cgnorm=0.125 kl=0.0020 clipf=0.015 ev=+0.957 r0=1.0000 entcoef=6.35e-03 lr=4.2e-04 seed=2
iter= 254 step= 816000 ep_ret=-177.609 opt_ret=-177.609 step_rew=-1.7761 opt_step=-1.7761 gap0=177.609 dret=+575.207 eval_ret=n/a pursuer_target_distance=1.052 capture=0.107 score=0.052 pol=-0.0014 val=0.0214 ent=1.1218 tot=+0.0022 agnorm=0.114 cgnorm=0.115 kl=0.0020 clipf=0.017 ev=+0.964 r0=1.0000 entcoef=6.34e-03 lr=4.2e-04 seed=2
iter= 255 step= 819200 ep_ret=-217.892 opt_ret=-217.892 step_rew=-2.1789 opt_step=-2.1789 gap0=217.892 dret=+534.924 eval_ret=n/a pursuer_target_distance=1.257 capture=0.092 score=0.041 pol=-0.0014 val=0.0240 ent=1.1019 tot=+0.0036 agnorm=0.105 cgnorm=0.113 kl=0.0031 clipf=0.031 ev=+0.949 r0=1.0000 entcoef=6.32e-03 lr=4.2e-04 seed=2
iter= 256 step= 822400 ep_ret=-156.950 opt_ret=-156.950 step_rew=-1.5695 opt_step=-1.5695 gap0=156.950 dret=+595.867 eval_ret=n/a pursuer_target_distance=1.347 capture=0.135 score=0.058 pol=-0.0007 val=0.0272 ent=1.0990 tot=+0.0060 agnorm=0.054 cgnorm=0.118 kl=0.0011 clipf=0.005 ev=+0.947 r0=1.0000 entcoef=6.31e-03 lr=4.2e-04 seed=2
iter= 257 step= 825600 ep_ret=-203.638 opt_ret=-203.638 step_rew=-2.0364 opt_step=-2.0364 gap0=203.638 dret=+549.178 eval_ret=n/a pursuer_target_distance=1.050 capture=0.088 score=0.043 pol=-0.0012 val=0.0208 ent=1.1341 tot=+0.0020 agnorm=0.101 cgnorm=0.094 kl=0.0030 clipf=0.031 ev=+0.949 r0=1.0000 entcoef=6.29e-03 lr=4.2e-04 seed=2
iter= 258 step= 828800 ep_ret=-162.578 opt_ret=-162.578 step_rew=-1.6258 opt_step=-1.6258 gap0=162.578 dret=+590.238 eval_ret=n/a pursuer_target_distance=1.246 capture=0.135 score=0.060 pol=-0.0010 val=0.0260 ent=1.1317 tot=+0.0049 agnorm=0.079 cgnorm=0.122 kl=0.0019 clipf=0.019 ev=+0.954 r0=1.0000 entcoef=6.28e-03 lr=4.1e-04 seed=2
iter= 259 step= 832000 ep_ret=-196.643 opt_ret=-196.643 step_rew=-1.9664 opt_step=-1.9664 gap0=196.643 dret=+556.174 eval_ret=n/a pursuer_target_distance=1.326 capture=0.122 score=0.053 pol=-0.0010 val=0.0233 ent=1.1351 tot=+0.0036 agnorm=0.056 cgnorm=0.100 kl=0.0018 clipf=0.011 ev=+0.953 r0=1.0000 entcoef=6.26e-03 lr=4.1e-04 seed=2
iter= 260 step= 835200 ep_ret=-176.257 opt_ret=-176.257 step_rew=-1.7626 opt_step=-1.7626 gap0=176.257 dret=+576.559 eval_ret=+403.967 pursuer_target_distance=1.070 capture=0.103 score=0.050 pol=-0.0007 val=0.0214 ent=1.1200 tot=+0.0030 agnorm=0.081 cgnorm=0.111 kl=0.0018 clipf=0.011 ev=+0.954 r0=1.0000 entcoef=6.25e-03 lr=4.1e-04 seed=2
iter= 261 step= 838400 ep_ret=-157.128 opt_ret=-157.128 step_rew=-1.5713 opt_step=-1.5713 gap0=157.128 dret=+595.688 eval_ret=n/a pursuer_target_distance=1.076 capture=0.136 score=0.066 pol=-0.0010 val=0.0280 ent=1.1100 tot=+0.0061 agnorm=0.079 cgnorm=0.120 kl=0.0019 clipf=0.013 ev=+0.930 r0=1.0000 entcoef=6.24e-03 lr=4.1e-04 seed=2
iter= 262 step= 841600 ep_ret=-142.327 opt_ret=-142.327 step_rew=-1.4233 opt_step=-1.4233 gap0=142.327 dret=+610.490 eval_ret=n/a pursuer_target_distance=1.168 capture=0.138 score=0.064 pol=-0.0011 val=0.0314 ent=1.1008 tot=+0.0078 agnorm=0.074 cgnorm=0.122 kl=0.0017 clipf=0.013 ev=+0.925 r0=1.0000 entcoef=6.22e-03 lr=4.1e-04 seed=2
iter= 263 step= 844800 ep_ret=-209.809 opt_ret=-209.809 step_rew=-2.0981 opt_step=-2.0981 gap0=209.809 dret=+543.008 eval_ret=n/a pursuer_target_distance=1.269 capture=0.107 score=0.047 pol=-0.0013 val=0.0290 ent=1.1233 tot=+0.0062 agnorm=0.094 cgnorm=0.118 kl=0.0020 clipf=0.016 ev=+0.932 r0=1.0000 entcoef=6.21e-03 lr=4.1e-04 seed=2
iter= 264 step= 848000 ep_ret=-128.426 opt_ret=-128.426 step_rew=-1.2843 opt_step=-1.2843 gap0=128.426 dret=+624.390 eval_ret=n/a pursuer_target_distance=1.092 capture=0.141 score=0.067 pol=-0.0013 val=0.0233 ent=1.1186 tot=+0.0034 agnorm=0.089 cgnorm=0.108 kl=0.0025 clipf=0.022 ev=+0.949 r0=1.0000 entcoef=6.19e-03 lr=4.1e-04 seed=2
iter= 265 step= 851200 ep_ret=-63.392 opt_ret=-63.392 step_rew=-0.6339 opt_step=-0.6339 gap0=63.392 dret=+689.425 eval_ret=n/a pursuer_target_distance=0.945 capture=0.220 score=0.113 pol=-0.0009 val=0.0269 ent=1.0733 tot=+0.0059 agnorm=0.076 cgnorm=0.131 kl=0.0019 clipf=0.012 ev=+0.949 r0=1.0000 entcoef=6.18e-03 lr=4.1e-04 seed=2
iter= 266 step= 854400 ep_ret=-201.466 opt_ret=-201.466 step_rew=-2.0147 opt_step=-2.0147 gap0=201.466 dret=+551.350 eval_ret=n/a pursuer_target_distance=1.190 capture=0.126 score=0.057 pol=-0.0009 val=0.0222 ent=1.0960 tot=+0.0034 agnorm=0.084 cgnorm=0.095 kl=0.0015 clipf=0.007 ev=+0.946 r0=1.0000 entcoef=6.16e-03 lr=4.1e-04 seed=2
iter= 267 step= 857600 ep_ret=-61.961 opt_ret=-61.961 step_rew=-0.6196 opt_step=-0.6196 gap0=61.961 dret=+690.856 eval_ret=n/a pursuer_target_distance=1.374 capture=0.221 score=0.093 pol=-0.0012 val=0.0221 ent=1.0642 tot=+0.0033 agnorm=0.109 cgnorm=0.107 kl=0.0019 clipf=0.014 ev=+0.962 r0=1.0000 entcoef=6.15e-03 lr=4.0e-04 seed=2
iter= 268 step= 860800 ep_ret=-76.215 opt_ret=-76.215 step_rew=-0.7621 opt_step=-0.7621 gap0=76.215 dret=+676.602 eval_ret=n/a pursuer_target_distance=0.991 capture=0.184 score=0.092 pol=-0.0010 val=0.0191 ent=1.0700 tot=+0.0020 agnorm=0.071 cgnorm=0.107 kl=0.0021 clipf=0.015 ev=+0.963 r0=1.0000 entcoef=6.13e-03 lr=4.0e-04 seed=2
iter= 269 step= 864000 ep_ret=-115.191 opt_ret=-115.191 step_rew=-1.1519 opt_step=-1.1519 gap0=115.191 dret=+637.625 eval_ret=n/a pursuer_target_distance=1.226 capture=0.155 score=0.069 pol=-0.0013 val=0.0192 ent=1.0605 tot=+0.0018 agnorm=0.081 cgnorm=0.089 kl=0.0023 clipf=0.020 ev=+0.959 r0=1.0000 entcoef=6.12e-03 lr=4.0e-04 seed=2
iter= 270 step= 867200 ep_ret=-116.717 opt_ret=-116.717 step_rew=-1.1672 opt_step=-1.1672 gap0=116.717 dret=+636.100 eval_ret=n/a pursuer_target_distance=1.007 capture=0.161 score=0.080 pol=-0.0008 val=0.0244 ent=1.0635 tot=+0.0049 agnorm=0.053 cgnorm=0.103 kl=0.0014 clipf=0.005 ev=+0.953 r0=1.0000 entcoef=6.11e-03 lr=4.0e-04 seed=2
iter= 271 step= 870400 ep_ret=-135.317 opt_ret=-135.317 step_rew=-1.3532 opt_step=-1.3532 gap0=135.317 dret=+617.500 eval_ret=n/a pursuer_target_distance=0.857 capture=0.150 score=0.081 pol=-0.0012 val=0.0242 ent=1.0725 tot=+0.0044 agnorm=0.089 cgnorm=0.095 kl=0.0020 clipf=0.017 ev=+0.949 r0=1.0000 entcoef=6.09e-03 lr=4.0e-04 seed=2
iter= 272 step= 873600 ep_ret=-80.508 opt_ret=-80.508 step_rew=-0.8051 opt_step=-0.8051 gap0=80.508 dret=+672.309 eval_ret=n/a pursuer_target_distance=1.013 capture=0.177 score=0.088 pol=-0.0010 val=0.0178 ent=1.0503 tot=+0.0015 agnorm=0.091 cgnorm=0.089 kl=0.0017 clipf=0.012 ev=+0.964 r0=1.0000 entcoef=6.08e-03 lr=4.0e-04 seed=2
iter= 273 step= 876800 ep_ret=-251.973 opt_ret=-251.973 step_rew=-2.5197 opt_step=-2.5197 gap0=251.973 dret=+500.844 eval_ret=n/a pursuer_target_distance=1.802 capture=0.115 score=0.041 pol=-0.0009 val=0.0233 ent=1.0645 tot=+0.0043 agnorm=0.076 cgnorm=0.094 kl=0.0023 clipf=0.017 ev=+0.958 r0=1.0000 entcoef=6.06e-03 lr=4.0e-04 seed=2
iter= 274 step= 880000 ep_ret=-175.383 opt_ret=-175.383 step_rew=-1.7538 opt_step=-1.7538 gap0=175.383 dret=+577.434 eval_ret=n/a pursuer_target_distance=1.133 capture=0.130 score=0.061 pol=-0.0011 val=0.0171 ent=1.0718 tot=+0.0010 agnorm=0.118 cgnorm=0.084 kl=0.0023 clipf=0.020 ev=+0.952 r0=1.0000 entcoef=6.05e-03 lr=4.0e-04 seed=2
iter= 275 step= 883200 ep_ret=-150.656 opt_ret=-150.656 step_rew=-1.5066 opt_step=-1.5066 gap0=150.656 dret=+602.161 eval_ret=n/a pursuer_target_distance=0.893 capture=0.133 score=0.070 pol=-0.0016 val=0.0205 ent=1.0741 tot=+0.0021 agnorm=0.091 cgnorm=0.084 kl=0.0022 clipf=0.012 ev=+0.942 r0=1.0000 entcoef=6.03e-03 lr=4.0e-04 seed=2
iter= 276 step= 886400 ep_ret=-84.409 opt_ret=-84.409 step_rew=-0.8441 opt_step=-0.8441 gap0=84.409 dret=+668.408 eval_ret=n/a pursuer_target_distance=1.252 capture=0.215 score=0.095 pol=-0.0015 val=0.0193 ent=1.0381 tot=+0.0019 agnorm=0.109 cgnorm=0.079 kl=0.0024 clipf=0.022 ev=+0.965 r0=1.0000 entcoef=6.02e-03 lr=3.9e-04 seed=2
iter= 277 step= 889600 ep_ret=-202.123 opt_ret=-202.123 step_rew=-2.0212 opt_step=-2.0212 gap0=202.123 dret=+550.693 eval_ret=n/a pursuer_target_distance=1.543 capture=0.132 score=0.052 pol=-0.0013 val=0.0251 ent=1.0469 tot=+0.0049 agnorm=0.109 cgnorm=0.094 kl=0.0025 clipf=0.025 ev=+0.948 r0=1.0000 entcoef=6.00e-03 lr=3.9e-04 seed=2
iter= 278 step= 892800 ep_ret=-93.551 opt_ret=-93.551 step_rew=-0.9355 opt_step=-0.9355 gap0=93.551 dret=+659.266 eval_ret=n/a pursuer_target_distance=0.791 capture=0.164 score=0.091 pol=-0.0014 val=0.0172 ent=1.0418 tot=+0.0010 agnorm=0.153 cgnorm=0.077 kl=0.0027 clipf=0.022 ev=+0.963 r0=1.0000 entcoef=5.99e-03 lr=3.9e-04 seed=2
iter= 279 step= 896000 ep_ret=-81.055 opt_ret=-81.055 step_rew=-0.8106 opt_step=-0.8106 gap0=81.055 dret=+671.762 eval_ret=n/a pursuer_target_distance=0.913 capture=0.165 score=0.086 pol=-0.0009 val=0.0193 ent=1.0113 tot=+0.0028 agnorm=0.104 cgnorm=0.097 kl=0.0017 clipf=0.015 ev=+0.946 r0=1.0000 entcoef=5.98e-03 lr=3.9e-04 seed=2
iter= 280 step= 899200 ep_ret=-130.597 opt_ret=-130.597 step_rew=-1.3060 opt_step=-1.3060 gap0=130.597 dret=+622.220 eval_ret=+406.643 pursuer_target_distance=1.035 capture=0.174 score=0.085 pol=-0.0011 val=0.0207 ent=1.0115 tot=+0.0032 agnorm=0.113 cgnorm=0.086 kl=0.0022 clipf=0.020 ev=+0.956 r0=1.0000 entcoef=5.96e-03 lr=3.9e-04 seed=2
iter= 281 step= 902400 ep_ret=-70.812 opt_ret=-70.812 step_rew=-0.7081 opt_step=-0.7081 gap0=70.812 dret=+682.005 eval_ret=n/a pursuer_target_distance=0.824 capture=0.186 score=0.102 pol=-0.0010 val=0.0153 ent=1.0088 tot=+0.0007 agnorm=0.095 cgnorm=0.090 kl=0.0015 clipf=0.010 ev=+0.964 r0=1.0000 entcoef=5.95e-03 lr=3.9e-04 seed=2
iter= 282 step= 905600 ep_ret=-44.594 opt_ret=-44.594 step_rew=-0.4459 opt_step=-0.4459 gap0=44.594 dret=+708.223 eval_ret=n/a pursuer_target_distance=0.931 capture=0.191 score=0.099 pol=-0.0011 val=0.0162 ent=1.0218 tot=+0.0010 agnorm=0.075 cgnorm=0.080 kl=0.0016 clipf=0.009 ev=+0.955 r0=1.0000 entcoef=5.93e-03 lr=3.9e-04 seed=2
iter= 283 step= 908800 ep_ret=+16.149 opt_ret=+16.149 step_rew=0.1615 opt_step=0.1615 gap0=0.000 dret=+768.966 eval_ret=n/a pursuer_target_distance=0.779 capture=0.258 score=0.145 pol=-0.0013 val=0.0186 ent=1.0141 tot=+0.0021 agnorm=0.132 cgnorm=0.086 kl=0.0021 clipf=0.019 ev=+0.956 r0=1.0000 entcoef=5.92e-03 lr=3.9e-04 seed=2
iter= 284 step= 912000 ep_ret=-57.690 opt_ret=-57.690 step_rew=-0.5769 opt_step=-0.5769 gap0=57.690 dret=+695.127 eval_ret=n/a pursuer_target_distance=1.156 capture=0.189 score=0.088 pol=-0.0007 val=0.0178 ent=1.0021 tot=+0.0023 agnorm=0.065 cgnorm=0.082 kl=0.0011 clipf=0.006 ev=+0.955 r0=1.0000 entcoef=5.90e-03 lr=3.9e-04 seed=2
iter= 285 step= 915200 ep_ret=-87.471 opt_ret=-87.471 step_rew=-0.8747 opt_step=-0.8747 gap0=87.471 dret=+665.345 eval_ret=n/a pursuer_target_distance=1.194 capture=0.173 score=0.079 pol=-0.0011 val=0.0176 ent=1.0154 tot=+0.0017 agnorm=0.151 cgnorm=0.087 kl=0.0018 clipf=0.015 ev=+0.955 r0=1.0000 entcoef=5.89e-03 lr=3.8e-04 seed=2
iter= 286 step= 918400 ep_ret=-102.808 opt_ret=-102.808 step_rew=-1.0281 opt_step=-1.0281 gap0=102.808 dret=+650.009 eval_ret=n/a pursuer_target_distance=0.936 capture=0.166 score=0.086 pol=-0.0010 val=0.0196 ent=0.9770 tot=+0.0031 agnorm=0.080 cgnorm=0.078 kl=0.0020 clipf=0.016 ev=+0.943 r0=1.0000 entcoef=5.88e-03 lr=3.8e-04 seed=2
iter= 287 step= 921600 ep_ret=+4.530 opt_ret=+4.530 step_rew=0.0453 opt_step=0.0453 gap0=0.000 dret=+757.346 eval_ret=n/a pursuer_target_distance=0.895 capture=0.228 score=0.120 pol=-0.0009 val=0.0157 ent=0.9947 tot=+0.0011 agnorm=0.080 cgnorm=0.070 kl=0.0018 clipf=0.008 ev=+0.944 r0=1.0000 entcoef=5.86e-03 lr=3.8e-04 seed=2
iter= 288 step= 924800 ep_ret=-67.483 opt_ret=-67.483 step_rew=-0.6748 opt_step=-0.6748 gap0=67.483 dret=+685.333 eval_ret=n/a pursuer_target_distance=1.173 capture=0.219 score=0.101 pol=-0.0010 val=0.0158 ent=1.0110 tot=+0.0010 agnorm=0.108 cgnorm=0.075 kl=0.0016 clipf=0.011 ev=+0.955 r0=1.0000 entcoef=5.85e-03 lr=3.8e-04 seed=2
iter= 289 step= 928000 ep_ret=-39.190 opt_ret=-39.190 step_rew=-0.3919 opt_step=-0.3919 gap0=39.190 dret=+713.626 eval_ret=n/a pursuer_target_distance=0.905 capture=0.216 score=0.113 pol=-0.0007 val=0.0138 ent=1.0017 tot=+0.0003 agnorm=0.103 cgnorm=0.065 kl=0.0016 clipf=0.009 ev=+0.960 r0=1.0000 entcoef=5.83e-03 lr=3.8e-04 seed=2
iter= 290 step= 931200 ep_ret=-30.861 opt_ret=-30.861 step_rew=-0.3086 opt_step=-0.3086 gap0=30.861 dret=+721.956 eval_ret=n/a pursuer_target_distance=0.998 capture=0.197 score=0.099 pol=-0.0010 val=0.0158 ent=1.0400 tot=+0.0009 agnorm=0.102 cgnorm=0.089 kl=0.0018 clipf=0.014 ev=+0.947 r0=1.0000 entcoef=5.82e-03 lr=3.8e-04 seed=2
iter= 291 step= 934400 ep_ret=-59.452 opt_ret=-59.452 step_rew=-0.5945 opt_step=-0.5945 gap0=59.452 dret=+693.365 eval_ret=n/a pursuer_target_distance=0.851 capture=0.212 score=0.114 pol=-0.0010 val=0.0200 ent=1.0043 tot=+0.0031 agnorm=0.094 cgnorm=0.091 kl=0.0020 clipf=0.014 ev=+0.945 r0=1.0000 entcoef=5.80e-03 lr=3.8e-04 seed=2
iter= 292 step= 937600 ep_ret=-92.099 opt_ret=-92.099 step_rew=-0.9210 opt_step=-0.9210 gap0=92.099 dret=+660.718 eval_ret=n/a pursuer_target_distance=1.263 capture=0.188 score=0.083 pol=-0.0009 val=0.0150 ent=1.0033 tot=+0.0008 agnorm=0.070 cgnorm=0.080 kl=0.0016 clipf=0.009 ev=+0.954 r0=1.0000 entcoef=5.79e-03 lr=3.8e-04 seed=2
iter= 293 step= 940800 ep_ret=-148.197 opt_ret=-148.197 step_rew=-1.4820 opt_step=-1.4820 gap0=148.197 dret=+604.620 eval_ret=n/a pursuer_target_distance=1.221 capture=0.147 score=0.066 pol=-0.0015 val=0.0165 ent=0.9935 tot=+0.0010 agnorm=0.166 cgnorm=0.073 kl=0.0025 clipf=0.021 ev=+0.951 r0=1.0000 entcoef=5.77e-03 lr=3.8e-04 seed=2
iter= 294 step= 944000 ep_ret=-14.935 opt_ret=-14.935 step_rew=-0.1494 opt_step=-0.1494 gap0=14.935 dret=+737.881 eval_ret=n/a pursuer_target_distance=1.038 capture=0.245 score=0.120 pol=-0.0009 val=0.0165 ent=1.0019 tot=+0.0016 agnorm=0.111 cgnorm=0.069 kl=0.0019 clipf=0.013 ev=+0.949 r0=1.0000 entcoef=5.76e-03 lr=3.7e-04 seed=2
iter= 295 step= 947200 ep_ret=-33.257 opt_ret=-33.257 step_rew=-0.3326 opt_step=-0.3326 gap0=33.257 dret=+719.559 eval_ret=n/a pursuer_target_distance=0.955 capture=0.213 score=0.109 pol=-0.0012 val=0.0168 ent=0.9905 tot=+0.0015 agnorm=0.113 cgnorm=0.073 kl=0.0016 clipf=0.011 ev=+0.953 r0=1.0000 entcoef=5.75e-03 lr=3.7e-04 seed=2
iter= 296 step= 950400 ep_ret=-46.724 opt_ret=-46.724 step_rew=-0.4672 opt_step=-0.4672 gap0=46.724 dret=+706.093 eval_ret=n/a pursuer_target_distance=0.833 capture=0.218 score=0.119 pol=-0.0008 val=0.0183 ent=0.9700 tot=+0.0028 agnorm=0.106 cgnorm=0.071 kl=0.0018 clipf=0.012 ev=+0.948 r0=1.0000 entcoef=5.73e-03 lr=3.7e-04 seed=2
iter= 297 step= 953600 ep_ret=-51.122 opt_ret=-51.122 step_rew=-0.5112 opt_step=-0.5112 gap0=51.122 dret=+701.695 eval_ret=n/a pursuer_target_distance=1.052 capture=0.205 score=0.100 pol=-0.0011 val=0.0146 ent=0.9815 tot=+0.0006 agnorm=0.088 cgnorm=0.066 kl=0.0019 clipf=0.011 ev=+0.948 r0=1.0000 entcoef=5.72e-03 lr=3.7e-04 seed=2
iter= 298 step= 956800 ep_ret=+54.942 opt_ret=+54.942 step_rew=0.5494 opt_step=0.5494 gap0=0.000 dret=+807.758 eval_ret=n/a pursuer_target_distance=0.980 capture=0.301 score=0.152 pol=-0.0009 val=0.0159 ent=0.9536 tot=+0.0016 agnorm=0.129 cgnorm=0.078 kl=0.0017 clipf=0.011 ev=+0.951 r0=1.0000 entcoef=5.70e-03 lr=3.7e-04 seed=2
iter= 299 step= 960000 ep_ret=-10.347 opt_ret=-10.347 step_rew=-0.1035 opt_step=-0.1035 gap0=10.347 dret=+742.470 eval_ret=n/a pursuer_target_distance=0.971 capture=0.227 score=0.115 pol=-0.0007 val=0.0146 ent=0.9482 tot=+0.0012 agnorm=0.077 cgnorm=0.056 kl=0.0022 clipf=0.014 ev=+0.954 r0=1.0000 entcoef=5.69e-03 lr=3.7e-04 seed=2
iter= 300 step= 963200 ep_ret=-4.091 opt_ret=-4.091 step_rew=-0.0409 opt_step=-0.0409 gap0=4.091 dret=+748.725 eval_ret=+487.712 pursuer_target_distance=0.880 capture=0.237 score=0.126 pol=-0.0011 val=0.0142 ent=0.9398 tot=+0.0007 agnorm=0.102 cgnorm=0.071 kl=0.0018 clipf=0.015 ev=+0.941 r0=1.0000 entcoef=5.67e-03 lr=3.7e-04 seed=2
iter= 301 step= 966400 ep_ret=-42.153 opt_ret=-42.153 step_rew=-0.4215 opt_step=-0.4215 gap0=42.153 dret=+710.663 eval_ret=n/a pursuer_target_distance=1.167 capture=0.218 score=0.101 pol=-0.0010 val=0.0184 ent=0.9222 tot=+0.0030 agnorm=0.128 cgnorm=0.071 kl=0.0018 clipf=0.016 ev=+0.933 r0=1.0000 entcoef=5.66e-03 lr=3.7e-04 seed=2
iter= 302 step= 969600 ep_ret=-51.136 opt_ret=-51.136 step_rew=-0.5114 opt_step=-0.5114 gap0=51.136 dret=+701.681 eval_ret=n/a pursuer_target_distance=1.350 capture=0.225 score=0.096 pol=-0.0008 val=0.0194 ent=0.9398 tot=+0.0036 agnorm=0.094 cgnorm=0.068 kl=0.0016 clipf=0.011 ev=+0.928 r0=1.0000 entcoef=5.64e-03 lr=3.7e-04 seed=2
iter= 303 step= 972800 ep_ret=-2.444 opt_ret=-2.444 step_rew=-0.0244 opt_step=-0.0244 gap0=2.444 dret=+750.373 eval_ret=n/a pursuer_target_distance=0.967 capture=0.244 score=0.124 pol=-0.0010 val=0.0128 ent=0.9376 tot=+0.0002 agnorm=0.098 cgnorm=0.059 kl=0.0012 clipf=0.007 ev=+0.954 r0=1.0000 entcoef=5.63e-03 lr=3.6e-04 seed=2
iter= 304 step= 976000 ep_ret=-22.342 opt_ret=-22.342 step_rew=-0.2234 opt_step=-0.2234 gap0=22.342 dret=+730.475 eval_ret=n/a pursuer_target_distance=1.033 capture=0.227 score=0.112 pol=-0.0011 val=0.0136 ent=0.9746 tot=+0.0002 agnorm=0.119 cgnorm=0.058 kl=0.0022 clipf=0.020 ev=+0.954 r0=1.0000 entcoef=5.62e-03 lr=3.6e-04 seed=2
iter= 305 step= 979200 ep_ret=-42.700 opt_ret=-42.700 step_rew=-0.4270 opt_step=-0.4270 gap0=42.700 dret=+710.117 eval_ret=n/a pursuer_target_distance=0.928 capture=0.211 score=0.109 pol=-0.0010 val=0.0185 ent=0.9411 tot=+0.0030 agnorm=0.121 cgnorm=0.065 kl=0.0014 clipf=0.010 ev=+0.934 r0=1.0000 entcoef=5.60e-03 lr=3.6e-04 seed=2
iter= 306 step= 982400 ep_ret=-107.561 opt_ret=-107.561 step_rew=-1.0756 opt_step=-1.0756 gap0=107.561 dret=+645.256 eval_ret=n/a pursuer_target_distance=1.150 capture=0.183 score=0.085 pol=-0.0009 val=0.0160 ent=0.9226 tot=+0.0019 agnorm=0.099 cgnorm=0.063 kl=0.0017 clipf=0.011 ev=+0.952 r0=1.0000 entcoef=5.59e-03 lr=3.6e-04 seed=2
iter= 307 step= 985600 ep_ret=-42.376 opt_ret=-42.376 step_rew=-0.4238 opt_step=-0.4238 gap0=42.376 dret=+710.440 eval_ret=n/a pursuer_target_distance=0.903 capture=0.190 score=0.100 pol=-0.0007 val=0.0128 ent=0.9518 tot=+0.0004 agnorm=0.123 cgnorm=0.065 kl=0.0016 clipf=0.010 ev=+0.948 r0=1.0000 entcoef=5.57e-03 lr=3.6e-04 seed=2
iter= 308 step= 988800 ep_ret=-95.603 opt_ret=-95.603 step_rew=-0.9560 opt_step=-0.9560 gap0=95.603 dret=+657.213 eval_ret=n/a pursuer_target_distance=1.069 capture=0.180 score=0.087 pol=-0.0007 val=0.0165 ent=0.9377 tot=+0.0024 agnorm=0.093 cgnorm=0.085 kl=0.0016 clipf=0.010 ev=+0.927 r0=1.0000 entcoef=5.56e-03 lr=3.6e-04 seed=2
iter= 309 step= 992000 ep_ret=+19.467 opt_ret=+19.467 step_rew=0.1947 opt_step=0.1947 gap0=0.000 dret=+772.284 eval_ret=n/a pursuer_target_distance=0.971 capture=0.253 score=0.129 pol=-0.0007 val=0.0130 ent=0.9248 tot=+0.0007 agnorm=0.090 cgnorm=0.051 kl=0.0013 clipf=0.009 ev=+0.947 r0=1.0000 entcoef=5.54e-03 lr=3.6e-04 seed=2
iter= 310 step= 995200 ep_ret=-87.530 opt_ret=-87.530 step_rew=-0.8753 opt_step=-0.8753 gap0=87.530 dret=+665.287 eval_ret=n/a pursuer_target_distance=1.243 capture=0.195 score=0.087 pol=-0.0010 val=0.0118 ent=0.9566 tot=-0.0004 agnorm=0.114 cgnorm=0.065 kl=0.0019 clipf=0.017 ev=+0.954 r0=1.0000 entcoef=5.53e-03 lr=3.6e-04 seed=2
iter= 311 step= 998400 ep_ret=-46.740 opt_ret=-46.740 step_rew=-0.4674 opt_step=-0.4674 gap0=46.740 dret=+706.077 eval_ret=n/a pursuer_target_distance=1.014 capture=0.213 score=0.106 pol=-0.0005 val=0.0126 ent=0.9719 tot=+0.0004 agnorm=0.074 cgnorm=0.059 kl=0.0010 clipf=0.004 ev=+0.945 r0=1.0000 entcoef=5.51e-03 lr=3.6e-04 seed=2
iter= 312 step=1001600 ep_ret=+14.400 opt_ret=+14.400 step_rew=0.1440 opt_step=0.1440 gap0=0.000 dret=+767.216 eval_ret=n/a pursuer_target_distance=1.027 capture=0.239 score=0.118 pol=-0.0007 val=0.0121 ent=0.9572 tot=+0.0001 agnorm=0.063 cgnorm=0.049 kl=0.0013 clipf=0.007 ev=+0.957 r0=1.0000 entcoef=5.50e-03 lr=3.6e-04 seed=2
iter= 313 step=1004800 ep_ret=-79.647 opt_ret=-79.647 step_rew=-0.7965 opt_step=-0.7965 gap0=79.647 dret=+673.170 eval_ret=n/a pursuer_target_distance=0.975 capture=0.192 score=0.097 pol=-0.0008 val=0.0172 ent=0.9511 tot=+0.0026 agnorm=0.089 cgnorm=0.064 kl=0.0015 clipf=0.010 ev=+0.926 r0=1.0000 entcoef=5.49e-03 lr=3.5e-04 seed=2
iter= 314 step=1008000 ep_ret=-44.049 opt_ret=-44.049 step_rew=-0.4405 opt_step=-0.4405 gap0=44.049 dret=+708.768 eval_ret=n/a pursuer_target_distance=0.905 capture=0.205 score=0.108 pol=-0.0010 val=0.0115 ent=0.9485 tot=-0.0005 agnorm=0.106 cgnorm=0.059 kl=0.0013 clipf=0.008 ev=+0.942 r0=1.0000 entcoef=5.47e-03 lr=3.5e-04 seed=2
iter= 315 step=1011200 ep_ret=-68.186 opt_ret=-68.186 step_rew=-0.6819 opt_step=-0.6819 gap0=68.186 dret=+684.630 eval_ret=n/a pursuer_target_distance=0.984 capture=0.219 score=0.111 pol=-0.0008 val=0.0136 ent=0.9332 tot=+0.0009 agnorm=0.080 cgnorm=0.058 kl=0.0017 clipf=0.012 ev=+0.941 r0=1.0000 entcoef=5.46e-03 lr=3.5e-04 seed=2
iter= 316 step=1014400 ep_ret=+84.469 opt_ret=+84.469 step_rew=0.8447 opt_step=0.8447 gap0=0.000 dret=+837.286 eval_ret=n/a pursuer_target_distance=0.933 capture=0.298 score=0.154 pol=-0.0009 val=0.0103 ent=0.9465 tot=-0.0009 agnorm=0.077 cgnorm=0.050 kl=0.0021 clipf=0.016 ev=+0.954 r0=1.0000 entcoef=5.44e-03 lr=3.5e-04 seed=2
iter= 317 step=1017600 ep_ret=-40.587 opt_ret=-40.587 step_rew=-0.4059 opt_step=-0.4059 gap0=40.587 dret=+712.230 eval_ret=n/a pursuer_target_distance=0.968 capture=0.204 score=0.104 pol=-0.0010 val=0.0117 ent=0.9429 tot=-0.0003 agnorm=0.108 cgnorm=0.052 kl=0.0019 clipf=0.013 ev=+0.936 r0=1.0000 entcoef=5.43e-03 lr=3.5e-04 seed=2
iter= 318 step=1020800 ep_ret=-105.636 opt_ret=-105.636 step_rew=-1.0564 opt_step=-1.0564 gap0=105.636 dret=+647.181 eval_ret=n/a pursuer_target_distance=1.459 capture=0.196 score=0.080 pol=-0.0012 val=0.0110 ent=0.9744 tot=-0.0010 agnorm=0.127 cgnorm=0.050 kl=0.0020 clipf=0.016 ev=+0.959 r0=1.0000 entcoef=5.41e-03 lr=3.5e-04 seed=2
iter= 319 step=1024000 ep_ret=-37.038 opt_ret=-37.038 step_rew=-0.3704 opt_step=-0.3704 gap0=37.038 dret=+715.779 eval_ret=n/a pursuer_target_distance=1.050 capture=0.227 score=0.110 pol=-0.0008 val=0.0154 ent=0.9368 tot=+0.0019 agnorm=0.065 cgnorm=0.070 kl=0.0020 clipf=0.014 ev=+0.929 r0=1.0000 entcoef=5.40e-03 lr=3.5e-04 seed=2
iter= 320 step=1027200 ep_ret=+15.147 opt_ret=+15.147 step_rew=0.1515 opt_step=0.1515 gap0=0.000 dret=+767.964 eval_ret=+407.331 pursuer_target_distance=0.760 capture=0.234 score=0.133 pol=-0.0008 val=0.0152 ent=0.9418 tot=+0.0017 agnorm=0.105 cgnorm=0.069 kl=0.0014 clipf=0.011 ev=+0.913 r0=1.0000 entcoef=5.38e-03 lr=3.5e-04 seed=2
iter= 321 step=1030400 ep_ret=+19.105 opt_ret=+19.105 step_rew=0.1911 opt_step=0.1911 gap0=0.000 dret=+771.922 eval_ret=n/a pursuer_target_distance=0.983 capture=0.251 score=0.127 pol=-0.0010 val=0.0120 ent=0.9566 tot=-0.0002 agnorm=0.089 cgnorm=0.058 kl=0.0015 clipf=0.014 ev=+0.939 r0=1.0000 entcoef=5.37e-03 lr=3.5e-04 seed=2
iter= 322 step=1033600 ep_ret=-110.266 opt_ret=-110.266 step_rew=-1.1027 opt_step=-1.1027 gap0=110.266 dret=+642.551 eval_ret=n/a pursuer_target_distance=1.143 capture=0.170 score=0.079 pol=-0.0008 val=0.0120 ent=0.9593 tot=+0.0001 agnorm=0.098 cgnorm=0.057 kl=0.0015 clipf=0.008 ev=+0.949 r0=1.0000 entcoef=5.36e-03 lr=3.4e-04 seed=2
iter= 323 step=1036800 ep_ret=-68.601 opt_ret=-68.601 step_rew=-0.6860 opt_step=-0.6860 gap0=68.601 dret=+684.215 eval_ret=n/a pursuer_target_distance=0.829 capture=0.187 score=0.102 pol=-0.0009 val=0.0139 ent=0.9331 tot=+0.0011 agnorm=0.070 cgnorm=0.054 kl=0.0012 clipf=0.008 ev=+0.907 r0=1.0000 entcoef=5.34e-03 lr=3.4e-04 seed=2
iter= 324 step=1040000 ep_ret=-100.134 opt_ret=-100.134 step_rew=-1.0013 opt_step=-1.0013 gap0=100.134 dret=+652.682 eval_ret=n/a pursuer_target_distance=1.226 capture=0.192 score=0.086 pol=-0.0014 val=0.0146 ent=0.9338 tot=+0.0009 agnorm=0.154 cgnorm=0.071 kl=0.0021 clipf=0.020 ev=+0.926 r0=1.0000 entcoef=5.33e-03 lr=3.4e-04 seed=2
iter= 325 step=1043200 ep_ret=+86.305 opt_ret=+86.305 step_rew=0.8630 opt_step=0.8630 gap0=0.000 dret=+839.121 eval_ret=n/a pursuer_target_distance=0.818 capture=0.297 score=0.163 pol=-0.0007 val=0.0139 ent=0.9232 tot=+0.0014 agnorm=0.101 cgnorm=0.066 kl=0.0020 clipf=0.015 ev=+0.922 r0=1.0000 entcoef=5.31e-03 lr=3.4e-04 seed=2
iter= 326 step=1046400 ep_ret=-42.793 opt_ret=-42.793 step_rew=-0.4279 opt_step=-0.4279 gap0=42.793 dret=+710.024 eval_ret=n/a pursuer_target_distance=1.087 capture=0.227 score=0.109 pol=-0.0010 val=0.0121 ent=0.9490 tot=-0.0000 agnorm=0.117 cgnorm=0.057 kl=0.0015 clipf=0.008 ev=+0.941 r0=1.0000 entcoef=5.30e-03 lr=3.4e-04 seed=2
iter= 327 step=1049600 ep_ret=-79.543 opt_ret=-79.543 step_rew=-0.7954 opt_step=-0.7954 gap0=79.543 dret=+673.273 eval_ret=n/a pursuer_target_distance=1.246 capture=0.229 score=0.102 pol=-0.0010 val=0.0144 ent=0.8880 tot=+0.0015 agnorm=0.112 cgnorm=0.054 kl=0.0015 clipf=0.011 ev=+0.926 r0=1.0000 entcoef=5.28e-03 lr=3.4e-04 seed=2
iter= 328 step=1052800 ep_ret=+58.212 opt_ret=+58.212 step_rew=0.5821 opt_step=0.5821 gap0=0.000 dret=+811.028 eval_ret=n/a pursuer_target_distance=0.938 capture=0.285 score=0.147 pol=-0.0009 val=0.0117 ent=0.9215 tot=+0.0001 agnorm=0.077 cgnorm=0.059 kl=0.0014 clipf=0.010 ev=+0.948 r0=1.0000 entcoef=5.27e-03 lr=3.4e-04 seed=2
iter= 329 step=1056000 ep_ret=-95.192 opt_ret=-95.192 step_rew=-0.9519 opt_step=-0.9519 gap0=95.192 dret=+657.625 eval_ret=n/a pursuer_target_distance=0.974 capture=0.185 score=0.094 pol=-0.0007 val=0.0117 ent=0.9357 tot=+0.0002 agnorm=0.090 cgnorm=0.056 kl=0.0013 clipf=0.008 ev=+0.954 r0=1.0000 entcoef=5.25e-03 lr=3.4e-04 seed=2
iter= 330 step=1059200 ep_ret=-78.562 opt_ret=-78.562 step_rew=-0.7856 opt_step=-0.7856 gap0=78.562 dret=+674.255 eval_ret=n/a pursuer_target_distance=0.954 capture=0.177 score=0.091 pol=-0.0008 val=0.0127 ent=0.9461 tot=+0.0006 agnorm=0.130 cgnorm=0.052 kl=0.0013 clipf=0.012 ev=+0.932 r0=1.0000 entcoef=5.24e-03 lr=3.4e-04 seed=2
iter= 331 step=1062400 ep_ret=+66.602 opt_ret=+66.602 step_rew=0.6660 opt_step=0.6660 gap0=0.000 dret=+819.418 eval_ret=n/a pursuer_target_distance=0.801 capture=0.274 score=0.152 pol=-0.0007 val=0.0114 ent=0.9464 tot=+0.0001 agnorm=0.080 cgnorm=0.047 kl=0.0010 clipf=0.008 ev=+0.932 r0=1.0000 entcoef=5.23e-03 lr=3.3e-04 seed=2
iter= 332 step=1065600 ep_ret=-53.995 opt_ret=-53.995 step_rew=-0.5400 opt_step=-0.5400 gap0=53.995 dret=+698.821 eval_ret=n/a pursuer_target_distance=1.033 capture=0.210 score=0.103 pol=-0.0011 val=0.0107 ent=0.9281 tot=-0.0006 agnorm=0.145 cgnorm=0.043 kl=0.0015 clipf=0.012 ev=+0.953 r0=1.0000 entcoef=5.21e-03 lr=3.3e-04 seed=2
iter= 333 step=1068800 ep_ret=-20.597 opt_ret=-20.597 step_rew=-0.2060 opt_step=-0.2060 gap0=20.597 dret=+732.219 eval_ret=n/a pursuer_target_distance=1.086 capture=0.242 score=0.116 pol=-0.0011 val=0.0121 ent=0.9073 tot=+0.0002 agnorm=0.110 cgnorm=0.038 kl=0.0023 clipf=0.023 ev=+0.944 r0=1.0000 entcoef=5.20e-03 lr=3.3e-04 seed=2
iter= 334 step=1072000 ep_ret=+19.729 opt_ret=+19.729 step_rew=0.1973 opt_step=0.1973 gap0=0.000 dret=+772.545 eval_ret=n/a pursuer_target_distance=0.831 capture=0.261 score=0.143 pol=-0.0009 val=0.0108 ent=0.9079 tot=-0.0002 agnorm=0.086 cgnorm=0.044 kl=0.0017 clipf=0.011 ev=+0.942 r0=1.0000 entcoef=5.18e-03 lr=3.3e-04 seed=2
iter= 335 step=1075200 ep_ret=-111.479 opt_ret=-111.479 step_rew=-1.1148 opt_step=-1.1148 gap0=111.479 dret=+641.337 eval_ret=n/a pursuer_target_distance=1.155 capture=0.182 score=0.085 pol=-0.0007 val=0.0123 ent=0.9244 tot=+0.0007 agnorm=0.100 cgnorm=0.057 kl=0.0015 clipf=0.009 ev=+0.947 r0=1.0000 entcoef=5.17e-03 lr=3.3e-04 seed=2
iter= 336 step=1078400 ep_ret=+13.426 opt_ret=+13.426 step_rew=0.1343 opt_step=0.1343 gap0=0.000 dret=+766.242 eval_ret=n/a pursuer_target_distance=0.666 capture=0.234 score=0.141 pol=-0.0011 val=0.0102 ent=0.9159 tot=-0.0007 agnorm=0.125 cgnorm=0.046 kl=0.0019 clipf=0.017 ev=+0.949 r0=1.0000 entcoef=5.15e-03 lr=3.3e-04 seed=2
iter= 337 step=1081600 ep_ret=-54.799 opt_ret=-54.799 step_rew=-0.5480 opt_step=-0.5480 gap0=54.799 dret=+698.018 eval_ret=n/a pursuer_target_distance=1.034 capture=0.213 score=0.105 pol=-0.0005 val=0.0128 ent=0.9063 tot=+0.0013 agnorm=0.048 cgnorm=0.060 kl=0.0010 clipf=0.005 ev=+0.947 r0=1.0000 entcoef=5.14e-03 lr=3.3e-04 seed=2
iter= 338 step=1084800 ep_ret=+16.488 opt_ret=+16.488 step_rew=0.1649 opt_step=0.1649 gap0=0.000 dret=+769.305 eval_ret=n/a pursuer_target_distance=0.968 capture=0.280 score=0.142 pol=-0.0007 val=0.0128 ent=0.9196 tot=+0.0010 agnorm=0.111 cgnorm=0.052 kl=0.0015 clipf=0.013 ev=+0.929 r0=1.0000 entcoef=5.13e-03 lr=3.3e-04 seed=2
iter= 339 step=1088000 ep_ret=+36.782 opt_ret=+36.782 step_rew=0.3678 opt_step=0.3678 gap0=0.000 dret=+789.598 eval_ret=n/a pursuer_target_distance=0.919 capture=0.257 score=0.134 pol=-0.0009 val=0.0117 ent=0.9280 tot=+0.0003 agnorm=0.091 cgnorm=0.042 kl=0.0015 clipf=0.009 ev=+0.942 r0=1.0000 entcoef=5.11e-03 lr=3.3e-04 seed=2
iter= 340 step=1091200 ep_ret=+21.297 opt_ret=+21.297 step_rew=0.2130 opt_step=0.2130 gap0=0.000 dret=+774.113 eval_ret=+444.660 pursuer_target_distance=1.030 capture=0.246 score=0.121 pol=-0.0006 val=0.0097 ent=0.9145 tot=-0.0004 agnorm=0.106 cgnorm=0.043 kl=0.0009 clipf=0.003 ev=+0.941 r0=1.0000 entcoef=5.10e-03 lr=3.2e-04 seed=2
iter= 341 step=1094400 ep_ret=+129.700 opt_ret=+129.700 step_rew=1.2970 opt_step=1.2970 gap0=0.000 dret=+882.517 eval_ret=n/a pursuer_target_distance=0.787 capture=0.323 score=0.180 pol=-0.0007 val=0.0096 ent=0.9363 tot=-0.0007 agnorm=0.052 cgnorm=0.042 kl=0.0015 clipf=0.012 ev=+0.960 r0=1.0000 entcoef=5.08e-03 lr=3.2e-04 seed=2
iter= 342 step=1097600 ep_ret=-97.693 opt_ret=-97.693 step_rew=-0.9769 opt_step=-0.9769 gap0=97.693 dret=+655.124 eval_ret=n/a pursuer_target_distance=1.307 capture=0.205 score=0.089 pol=-0.0009 val=0.0123 ent=0.9402 tot=+0.0005 agnorm=0.104 cgnorm=0.050 kl=0.0020 clipf=0.015 ev=+0.951 r0=1.0000 entcoef=5.07e-03 lr=3.2e-04 seed=2
iter= 343 step=1100800 ep_ret=-45.389 opt_ret=-45.389 step_rew=-0.4539 opt_step=-0.4539 gap0=45.389 dret=+707.428 eval_ret=n/a pursuer_target_distance=0.983 capture=0.198 score=0.100 pol=-0.0008 val=0.0108 ent=0.9240 tot=-0.0001 agnorm=0.118 cgnorm=0.044 kl=0.0016 clipf=0.011 ev=+0.949 r0=1.0000 entcoef=5.05e-03 lr=3.2e-04 seed=2
iter= 344 step=1104000 ep_ret=+3.673 opt_ret=+3.673 step_rew=0.0367 opt_step=0.0367 gap0=0.000 dret=+756.490 eval_ret=n/a pursuer_target_distance=1.003 capture=0.254 score=0.127 pol=-0.0010 val=0.0113 ent=0.9106 tot=+0.0001 agnorm=0.123 cgnorm=0.036 kl=0.0019 clipf=0.016 ev=+0.931 r0=1.0000 entcoef=5.04e-03 lr=3.2e-04 seed=2
iter= 345 step=1107200 ep_ret=-81.884 opt_ret=-81.884 step_rew=-0.8188 opt_step=-0.8188 gap0=81.884 dret=+670.933 eval_ret=n/a pursuer_target_distance=1.252 capture=0.209 score=0.093 pol=-0.0010 val=0.0106 ent=0.9339 tot=-0.0004 agnorm=0.112 cgnorm=0.044 kl=0.0022 clipf=0.020 ev=+0.956 r0=1.0000 entcoef=5.02e-03 lr=3.2e-04 seed=2
iter= 346 step=1110400 ep_ret=+1.081 opt_ret=+1.081 step_rew=0.0108 opt_step=0.0108 gap0=0.000 dret=+753.897 eval_ret=n/a pursuer_target_distance=0.843 capture=0.241 score=0.131 pol=-0.0007 val=0.0114 ent=0.9503 tot=+0.0002 agnorm=0.092 cgnorm=0.048 kl=0.0013 clipf=0.011 ev=+0.934 r0=1.0000 entcoef=5.01e-03 lr=3.2e-04 seed=2
iter= 347 step=1113600 ep_ret=-125.414 opt_ret=-125.414 step_rew=-1.2541 opt_step=-1.2541 gap0=125.414 dret=+627.403 eval_ret=n/a pursuer_target_distance=0.919 capture=0.175 score=0.091 pol=-0.0009 val=0.0095 ent=0.8977 tot=-0.0006 agnorm=0.141 cgnorm=0.049 kl=0.0021 clipf=0.018 ev=+0.950 r0=1.0000 entcoef=5.00e-03 lr=3.2e-04 seed=2
iter= 348 step=1116800 ep_ret=-55.718 opt_ret=-55.718 step_rew=-0.5572 opt_step=-0.5572 gap0=55.718 dret=+697.099 eval_ret=n/a pursuer_target_distance=1.128 capture=0.220 score=0.104 pol=-0.0009 val=0.0120 ent=0.9124 tot=+0.0005 agnorm=0.101 cgnorm=0.037 kl=0.0017 clipf=0.013 ev=+0.935 r0=1.0000 entcoef=4.98e-03 lr=3.2e-04 seed=2
iter= 349 step=1120000 ep_ret=+21.149 opt_ret=+21.149 step_rew=0.2115 opt_step=0.2115 gap0=0.000 dret=+773.966 eval_ret=n/a pursuer_target_distance=1.070 capture=0.263 score=0.127 pol=-0.0007 val=0.0095 ent=0.9099 tot=-0.0005 agnorm=0.122 cgnorm=0.038 kl=0.0016 clipf=0.011 ev=+0.942 r0=1.0000 entcoef=4.97e-03 lr=3.1e-04 seed=2
iter= 350 step=1123200 ep_ret=+105.928 opt_ret=+105.928 step_rew=1.0593 opt_step=1.0593 gap0=0.000 dret=+858.745 eval_ret=n/a pursuer_target_distance=1.190 capture=0.339 score=0.155 pol=-0.0010 val=0.0115 ent=0.9148 tot=+0.0002 agnorm=0.118 cgnorm=0.042 kl=0.0015 clipf=0.010 ev=+0.938 r0=1.0000 entcoef=4.95e-03 lr=3.1e-04 seed=2
iter= 351 step=1126400 ep_ret=-78.765 opt_ret=-78.765 step_rew=-0.7876 opt_step=-0.7876 gap0=78.765 dret=+674.052 eval_ret=n/a pursuer_target_distance=1.126 capture=0.206 score=0.097 pol=-0.0006 val=0.0097 ent=0.9053 tot=-0.0002 agnorm=0.070 cgnorm=0.045 kl=0.0017 clipf=0.010 ev=+0.947 r0=1.0000 entcoef=4.94e-03 lr=3.1e-04 seed=2
iter= 352 step=1129600 ep_ret=+55.874 opt_ret=+55.874 step_rew=0.5587 opt_step=0.5587 gap0=0.000 dret=+808.691 eval_ret=n/a pursuer_target_distance=0.914 capture=0.277 score=0.145 pol=-0.0007 val=0.0113 ent=0.9068 tot=+0.0005 agnorm=0.065 cgnorm=0.043 kl=0.0010 clipf=0.004 ev=+0.930 r0=1.0000 entcoef=4.92e-03 lr=3.1e-04 seed=2
iter= 353 step=1132800 ep_ret=+10.321 opt_ret=+10.321 step_rew=0.1032 opt_step=0.1032 gap0=0.000 dret=+763.138 eval_ret=n/a pursuer_target_distance=1.027 capture=0.247 score=0.122 pol=-0.0008 val=0.0089 ent=0.9037 tot=-0.0007 agnorm=0.093 cgnorm=0.035 kl=0.0014 clipf=0.010 ev=+0.957 r0=1.0000 entcoef=4.91e-03 lr=3.1e-04 seed=2
iter= 354 step=1136000 ep_ret=-31.873 opt_ret=-31.873 step_rew=-0.3187 opt_step=-0.3187 gap0=31.873 dret=+720.943 eval_ret=n/a pursuer_target_distance=1.157 capture=0.241 score=0.112 pol=-0.0008 val=0.0134 ent=0.9079 tot=+0.0014 agnorm=0.146 cgnorm=0.048 kl=0.0018 clipf=0.013 ev=+0.931 r0=1.0000 entcoef=4.89e-03 lr=3.1e-04 seed=2
iter= 355 step=1139200 ep_ret=+77.083 opt_ret=+77.083 step_rew=0.7708 opt_step=0.7708 gap0=0.000 dret=+829.900 eval_ret=n/a pursuer_target_distance=0.756 capture=0.284 score=0.162 pol=-0.0007 val=0.0103 ent=0.9233 tot=-0.0001 agnorm=0.105 cgnorm=0.045 kl=0.0012 clipf=0.008 ev=+0.954 r0=1.0000 entcoef=4.88e-03 lr=3.1e-04 seed=2
iter= 356 step=1142400 ep_ret=-37.906 opt_ret=-37.906 step_rew=-0.3791 opt_step=-0.3791 gap0=37.906 dret=+714.910 eval_ret=n/a pursuer_target_distance=1.106 capture=0.226 score=0.107 pol=-0.0006 val=0.0109 ent=0.9283 tot=+0.0003 agnorm=0.069 cgnorm=0.046 kl=0.0012 clipf=0.005 ev=+0.960 r0=1.0000 entcoef=4.87e-03 lr=3.1e-04 seed=2
iter= 357 step=1145600 ep_ret=-8.733 opt_ret=-8.733 step_rew=-0.0873 opt_step=-0.0873 gap0=8.733 dret=+744.083 eval_ret=n/a pursuer_target_distance=0.917 capture=0.264 score=0.138 pol=-0.0010 val=0.0122 ent=0.8998 tot=+0.0007 agnorm=0.084 cgnorm=0.044 kl=0.0017 clipf=0.012 ev=+0.944 r0=1.0000 entcoef=4.85e-03 lr=3.1e-04 seed=2
iter= 358 step=1148800 ep_ret=-30.618 opt_ret=-30.618 step_rew=-0.3062 opt_step=-0.3062 gap0=30.618 dret=+722.199 eval_ret=n/a pursuer_target_distance=0.869 capture=0.232 score=0.124 pol=-0.0009 val=0.0108 ent=0.9365 tot=-0.0000 agnorm=0.154 cgnorm=0.052 kl=0.0019 clipf=0.016 ev=+0.941 r0=1.0000 entcoef=4.84e-03 lr=3.0e-04 seed=2
iter= 359 step=1152000 ep_ret=+36.102 opt_ret=+36.102 step_rew=0.3610 opt_step=0.3610 gap0=0.000 dret=+788.918 eval_ret=n/a pursuer_target_distance=0.907 capture=0.273 score=0.143 pol=-0.0007 val=0.0113 ent=0.9210 tot=+0.0005 agnorm=0.123 cgnorm=0.043 kl=0.0017 clipf=0.013 ev=+0.954 r0=1.0000 entcoef=4.82e-03 lr=3.0e-04 seed=2
iter= 360 step=1155200 ep_ret=+67.695 opt_ret=+67.695 step_rew=0.6770 opt_step=0.6770 gap0=0.000 dret=+820.512 eval_ret=+483.231 pursuer_target_distance=0.801 capture=0.287 score=0.159 pol=-0.0010 val=0.0100 ent=0.9198 tot=-0.0004 agnorm=0.098 cgnorm=0.039 kl=0.0024 clipf=0.016 ev=+0.953 r0=1.0000 entcoef=4.81e-03 lr=3.0e-04 seed=2
iter= 361 step=1158400 ep_ret=+5.750 opt_ret=+5.750 step_rew=0.0575 opt_step=0.0575 gap0=0.000 dret=+758.567 eval_ret=n/a pursuer_target_distance=0.892 capture=0.249 score=0.132 pol=-0.0007 val=0.0079 ent=0.8978 tot=-0.0011 agnorm=0.083 cgnorm=0.035 kl=0.0013 clipf=0.009 ev=+0.962 r0=1.0000 entcoef=4.79e-03 lr=3.0e-04 seed=2
iter= 362 step=1161600 ep_ret=-98.187 opt_ret=-98.187 step_rew=-0.9819 opt_step=-0.9819 gap0=98.187 dret=+654.629 eval_ret=n/a pursuer_target_distance=1.055 capture=0.192 score=0.094 pol=-0.0007 val=0.0097 ent=0.8978 tot=-0.0002 agnorm=0.094 cgnorm=0.049 kl=0.0013 clipf=0.008 ev=+0.952 r0=1.0000 entcoef=4.78e-03 lr=3.0e-04 seed=2
iter= 363 step=1164800 ep_ret=+47.864 opt_ret=+47.864 step_rew=0.4786 opt_step=0.4786 gap0=0.000 dret=+800.681 eval_ret=n/a pursuer_target_distance=0.879 capture=0.264 score=0.140 pol=-0.0007 val=0.0110 ent=0.8954 tot=+0.0005 agnorm=0.152 cgnorm=0.053 kl=0.0011 clipf=0.009 ev=+0.929 r0=1.0000 entcoef=4.76e-03 lr=3.0e-04 seed=2
iter= 364 step=1168000 ep_ret=+7.144 opt_ret=+7.144 step_rew=0.0714 opt_step=0.0714 gap0=0.000 dret=+759.961 eval_ret=n/a pursuer_target_distance=1.147 capture=0.256 score=0.119 pol=-0.0010 val=0.0101 ent=0.8947 tot=-0.0002 agnorm=0.153 cgnorm=0.046 kl=0.0016 clipf=0.014 ev=+0.947 r0=1.0000 entcoef=4.75e-03 lr=3.0e-04 seed=2
iter= 365 step=1171200 ep_ret=+98.588 opt_ret=+98.588 step_rew=0.9859 opt_step=0.9859 gap0=0.000 dret=+851.404 eval_ret=n/a pursuer_target_distance=0.879 capture=0.319 score=0.170 pol=-0.0010 val=0.0085 ent=0.9058 tot=-0.0010 agnorm=0.083 cgnorm=0.033 kl=0.0013 clipf=0.009 ev=+0.948 r0=1.0000 entcoef=4.74e-03 lr=3.0e-04 seed=2
iter= 366 step=1174400 ep_ret=+155.187 opt_ret=+155.187 step_rew=1.5519 opt_step=1.5519 gap0=0.000 dret=+908.004 eval_ret=n/a pursuer_target_distance=0.812 capture=0.357 score=0.197 pol=-0.0007 val=0.0108 ent=0.8882 tot=+0.0006 agnorm=0.122 cgnorm=0.052 kl=0.0013 clipf=0.008 ev=+0.930 r0=1.0000 entcoef=4.72e-03 lr=3.0e-04 seed=2
iter= 367 step=1177600 ep_ret=+65.569 opt_ret=+65.569 step_rew=0.6557 opt_step=0.6557 gap0=0.000 dret=+818.385 eval_ret=n/a pursuer_target_distance=0.832 capture=0.283 score=0.154 pol=-0.0008 val=0.0086 ent=0.8887 tot=-0.0007 agnorm=0.134 cgnorm=0.042 kl=0.0013 clipf=0.011 ev=+0.957 r0=1.0000 entcoef=4.71e-03 lr=2.9e-04 seed=2
iter= 368 step=1180800 ep_ret=-119.086 opt_ret=-119.086 step_rew=-1.1909 opt_step=-1.1909 gap0=119.086 dret=+633.730 eval_ret=n/a pursuer_target_distance=1.330 capture=0.196 score=0.084 pol=-0.0008 val=0.0102 ent=0.8563 tot=+0.0003 agnorm=0.066 cgnorm=0.042 kl=0.0015 clipf=0.007 ev=+0.949 r0=1.0000 entcoef=4.69e-03 lr=2.9e-04 seed=2
iter= 369 step=1184000 ep_ret=+142.084 opt_ret=+142.084 step_rew=1.4208 opt_step=1.4208 gap0=0.000 dret=+894.901 eval_ret=n/a pursuer_target_distance=0.737 capture=0.350 score=0.201 pol=-0.0008 val=0.0117 ent=0.8856 tot=+0.0009 agnorm=0.126 cgnorm=0.059 kl=0.0015 clipf=0.009 ev=+0.935 r0=1.0000 entcoef=4.68e-03 lr=2.9e-04 seed=2
iter= 370 step=1187200 ep_ret=+96.033 opt_ret=+96.033 step_rew=0.9603 opt_step=0.9603 gap0=0.000 dret=+848.850 eval_ret=n/a pursuer_target_distance=0.846 capture=0.322 score=0.174 pol=-0.0007 val=0.0097 ent=0.8632 tot=+0.0001 agnorm=0.094 cgnorm=0.045 kl=0.0012 clipf=0.007 ev=+0.956 r0=1.0000 entcoef=4.66e-03 lr=2.9e-04 seed=2
iter= 371 step=1190400 ep_ret=+94.132 opt_ret=+94.132 step_rew=0.9413 opt_step=0.9413 gap0=0.000 dret=+846.949 eval_ret=n/a pursuer_target_distance=0.967 capture=0.316 score=0.161 pol=-0.0007 val=0.0095 ent=0.8942 tot=-0.0001 agnorm=0.082 cgnorm=0.046 kl=0.0014 clipf=0.008 ev=+0.948 r0=1.0000 entcoef=4.65e-03 lr=2.9e-04 seed=2
iter= 372 step=1193600 ep_ret=-23.062 opt_ret=-23.062 step_rew=-0.2306 opt_step=-0.2306 gap0=23.062 dret=+729.754 eval_ret=n/a pursuer_target_distance=1.267 capture=0.269 score=0.119 pol=-0.0006 val=0.0124 ent=0.8623 tot=+0.0017 agnorm=0.072 cgnorm=0.048 kl=0.0011 clipf=0.005 ev=+0.937 r0=1.0000 entcoef=4.63e-03 lr=2.9e-04 seed=2
iter= 373 step=1196800 ep_ret=+116.101 opt_ret=+116.101 step_rew=1.1610 opt_step=1.1610 gap0=0.000 dret=+868.918 eval_ret=n/a pursuer_target_distance=0.994 capture=0.348 score=0.174 pol=-0.0005 val=0.0080 ent=0.8875 tot=-0.0006 agnorm=0.115 cgnorm=0.036 kl=0.0010 clipf=0.005 ev=+0.957 r0=1.0000 entcoef=4.62e-03 lr=2.9e-04 seed=2
iter= 374 step=1200000 ep_ret=-6.255 opt_ret=-6.255 step_rew=-0.0626 opt_step=-0.0626 gap0=6.255 dret=+746.561 eval_ret=n/a pursuer_target_distance=0.842 capture=0.267 score=0.145 pol=-0.0007 val=0.0097 ent=0.8822 tot=+0.0001 agnorm=0.064 cgnorm=0.040 kl=0.0010 clipf=0.005 ev=+0.953 r0=1.0000 entcoef=4.61e-03 lr=2.9e-04 seed=2
iter= 375 step=1203200 ep_ret=+69.472 opt_ret=+69.472 step_rew=0.6947 opt_step=0.6947 gap0=0.000 dret=+822.289 eval_ret=n/a pursuer_target_distance=0.940 capture=0.309 score=0.159 pol=-0.0008 val=0.0087 ent=0.8768 tot=-0.0005 agnorm=0.167 cgnorm=0.040 kl=0.0015 clipf=0.011 ev=+0.941 r0=1.0000 entcoef=4.59e-03 lr=2.9e-04 seed=2
iter= 376 step=1206400 ep_ret=+64.777 opt_ret=+64.777 step_rew=0.6478 opt_step=0.6478 gap0=0.000 dret=+817.594 eval_ret=n/a pursuer_target_distance=0.978 capture=0.303 score=0.153 pol=-0.0007 val=0.0088 ent=0.8582 tot=-0.0002 agnorm=0.089 cgnorm=0.037 kl=0.0011 clipf=0.007 ev=+0.940 r0=1.0000 entcoef=4.58e-03 lr=2.8e-04 seed=2
iter= 377 step=1209600 ep_ret=+22.563 opt_ret=+22.563 step_rew=0.2256 opt_step=0.2256 gap0=0.000 dret=+775.379 eval_ret=n/a pursuer_target_distance=1.040 capture=0.284 score=0.139 pol=-0.0006 val=0.0110 ent=0.9004 tot=+0.0008 agnorm=0.087 cgnorm=0.053 kl=0.0013 clipf=0.008 ev=+0.937 r0=1.0000 entcoef=4.56e-03 lr=2.8e-04 seed=2
iter= 378 step=1212800 ep_ret=-10.432 opt_ret=-10.432 step_rew=-0.1043 opt_step=-0.1043 gap0=10.432 dret=+742.385 eval_ret=n/a pursuer_target_distance=1.154 capture=0.259 score=0.120 pol=-0.0009 val=0.0099 ent=0.8765 tot=+0.0001 agnorm=0.135 cgnorm=0.053 kl=0.0014 clipf=0.012 ev=+0.930 r0=1.0000 entcoef=4.55e-03 lr=2.8e-04 seed=2
iter= 379 step=1216000 ep_ret=+80.027 opt_ret=+80.027 step_rew=0.8003 opt_step=0.8003 gap0=0.000 dret=+832.844 eval_ret=n/a pursuer_target_distance=1.192 capture=0.334 score=0.152 pol=-0.0007 val=0.0094 ent=0.8749 tot=+0.0000 agnorm=0.091 cgnorm=0.040 kl=0.0011 clipf=0.008 ev=+0.944 r0=1.0000 entcoef=4.53e-03 lr=2.8e-04 seed=2
iter= 380 step=1219200 ep_ret=+5.716 opt_ret=+5.716 step_rew=0.0572 opt_step=0.0572 gap0=0.000 dret=+758.533 eval_ret=+478.824 pursuer_target_distance=1.262 capture=0.283 score=0.125 pol=-0.0008 val=0.0086 ent=0.8587 tot=-0.0004 agnorm=0.138 cgnorm=0.040 kl=0.0015 clipf=0.014 ev=+0.948 r0=1.0000 entcoef=4.52e-03 lr=2.8e-04 seed=2
iter= 381 step=1222400 ep_ret=+56.970 opt_ret=+56.970 step_rew=0.5697 opt_step=0.5697 gap0=0.000 dret=+809.787 eval_ret=n/a pursuer_target_distance=1.093 capture=0.313 score=0.149 pol=-0.0007 val=0.0084 ent=0.8817 tot=-0.0005 agnorm=0.103 cgnorm=0.043 kl=0.0014 clipf=0.009 ev=+0.952 r0=1.0000 entcoef=4.50e-03 lr=2.8e-04 seed=2
iter= 382 step=1225600 ep_ret=+196.483 opt_ret=+196.483 step_rew=1.9648 opt_step=1.9648 gap0=0.000 dret=+949.300 eval_ret=n/a pursuer_target_distance=0.625 capture=0.375 score=0.231 pol=-0.0010 val=0.0093 ent=0.9019 tot=-0.0004 agnorm=0.114 cgnorm=0.046 kl=0.0014 clipf=0.009 ev=+0.938 r0=1.0000 entcoef=4.49e-03 lr=2.8e-04 seed=2
iter= 383 step=1228800 ep_ret=+95.352 opt_ret=+95.352 step_rew=0.9535 opt_step=0.9535 gap0=0.000 dret=+848.169 eval_ret=n/a pursuer_target_distance=1.061 capture=0.323 score=0.156 pol=-0.0007 val=0.0088 ent=0.8454 tot=-0.0001 agnorm=0.073 cgnorm=0.039 kl=0.0016 clipf=0.010 ev=+0.943 r0=1.0000 entcoef=4.48e-03 lr=2.8e-04 seed=2
iter= 384 step=1232000 ep_ret=+73.037 opt_ret=+73.037 step_rew=0.7304 opt_step=0.7304 gap0=0.000 dret=+825.853 eval_ret=n/a pursuer_target_distance=0.999 capture=0.313 score=0.156 pol=-0.0011 val=0.0099 ent=0.8778 tot=-0.0000 agnorm=0.128 cgnorm=0.048 kl=0.0016 clipf=0.011 ev=+0.920 r0=1.0000 entcoef=4.46e-03 lr=2.8e-04 seed=2
iter= 385 step=1235200 ep_ret=+56.722 opt_ret=+56.722 step_rew=0.5672 opt_step=0.5672 gap0=0.000 dret=+809.539 eval_ret=n/a pursuer_target_distance=0.988 capture=0.290 score=0.146 pol=-0.0005 val=0.0104 ent=0.8591 tot=+0.0008 agnorm=0.065 cgnorm=0.051 kl=0.0014 clipf=0.009 ev=+0.937 r0=1.0000 entcoef=4.45e-03 lr=2.7e-04 seed=2
iter= 386 step=1238400 ep_ret=+36.976 opt_ret=+36.976 step_rew=0.3698 opt_step=0.3698 gap0=0.000 dret=+789.793 eval_ret=n/a pursuer_target_distance=0.879 capture=0.286 score=0.152 pol=-0.0007 val=0.0110 ent=0.8513 tot=+0.0011 agnorm=0.120 cgnorm=0.040 kl=0.0008 clipf=0.004 ev=+0.924 r0=1.0000 entcoef=4.43e-03 lr=2.7e-04 seed=2
iter= 387 step=1241600 ep_ret=-33.457 opt_ret=-33.457 step_rew=-0.3346 opt_step=-0.3346 gap0=33.457 dret=+719.359 eval_ret=n/a pursuer_target_distance=1.561 capture=0.271 score=0.106 pol=-0.0007 val=0.0115 ent=0.8447 tot=+0.0013 agnorm=0.139 cgnorm=0.043 kl=0.0012 clipf=0.009 ev=+0.936 r0=1.0000 entcoef=4.42e-03 lr=2.7e-04 seed=2
iter= 388 step=1244800 ep_ret=-41.736 opt_ret=-41.736 step_rew=-0.4174 opt_step=-0.4174 gap0=41.736 dret=+711.080 eval_ret=n/a pursuer_target_distance=1.147 capture=0.258 score=0.120 pol=-0.0009 val=0.0110 ent=0.8462 tot=+0.0009 agnorm=0.108 cgnorm=0.041 kl=0.0013 clipf=0.010 ev=+0.943 r0=1.0000 entcoef=4.40e-03 lr=2.7e-04 seed=2
iter= 389 step=1248000 ep_ret=+72.529 opt_ret=+72.529 step_rew=0.7253 opt_step=0.7253 gap0=0.000 dret=+825.346 eval_ret=n/a pursuer_target_distance=0.869 capture=0.307 score=0.164 pol=-0.0006 val=0.0085 ent=0.8173 tot=+0.0001 agnorm=0.075 cgnorm=0.042 kl=0.0011 clipf=0.005 ev=+0.945 r0=1.0000 entcoef=4.39e-03 lr=2.7e-04 seed=2
iter= 390 step=1251200 ep_ret=+78.648 opt_ret=+78.648 step_rew=0.7865 opt_step=0.7865 gap0=0.000 dret=+831.465 eval_ret=n/a pursuer_target_distance=0.819 capture=0.312 score=0.172 pol=-0.0011 val=0.0097 ent=0.8313 tot=+0.0001 agnorm=0.124 cgnorm=0.038 kl=0.0019 clipf=0.018 ev=+0.937 r0=1.0000 entcoef=4.37e-03 lr=2.7e-04 seed=2
iter= 391 step=1254400 ep_ret=+27.071 opt_ret=+27.071 step_rew=0.2707 opt_step=0.2707 gap0=0.000 dret=+779.887 eval_ret=n/a pursuer_target_distance=1.252 capture=0.310 score=0.138 pol=-0.0009 val=0.0084 ent=0.8062 tot=-0.0002 agnorm=0.148 cgnorm=0.039 kl=0.0016 clipf=0.013 ev=+0.953 r0=1.0000 entcoef=4.36e-03 lr=2.7e-04 seed=2
iter= 392 step=1257600 ep_ret=+29.545 opt_ret=+29.545 step_rew=0.2954 opt_step=0.2954 gap0=0.000 dret=+782.362 eval_ret=n/a pursuer_target_distance=0.891 capture=0.279 score=0.148 pol=-0.0008 val=0.0100 ent=0.8157 tot=+0.0007 agnorm=0.140 cgnorm=0.043 kl=0.0016 clipf=0.010 ev=+0.934 r0=1.0000 entcoef=4.35e-03 lr=2.7e-04 seed=2
iter= 393 step=1260800 ep_ret=+48.468 opt_ret=+48.468 step_rew=0.4847 opt_step=0.4847 gap0=0.000 dret=+801.284 eval_ret=n/a pursuer_target_distance=1.222 capture=0.316 score=0.142 pol=-0.0009 val=0.0096 ent=0.8380 tot=+0.0002 agnorm=0.199 cgnorm=0.047 kl=0.0015 clipf=0.011 ev=+0.942 r0=1.0000 entcoef=4.33e-03 lr=2.7e-04 seed=2
iter= 394 step=1264000 ep_ret=+32.816 opt_ret=+32.816 step_rew=0.3282 opt_step=0.3282 gap0=0.000 dret=+785.633 eval_ret=n/a pursuer_target_distance=0.950 capture=0.286 score=0.146 pol=-0.0011 val=0.0090 ent=0.8339 tot=-0.0002 agnorm=0.272 cgnorm=0.051 kl=0.0017 clipf=0.016 ev=+0.935 r0=1.0000 entcoef=4.32e-03 lr=2.6e-04 seed=2
iter= 395 step=1267200 ep_ret=+0.519 opt_ret=+0.519 step_rew=0.0052 opt_step=0.0052 gap0=0.000 dret=+753.336 eval_ret=n/a pursuer_target_distance=1.171 capture=0.269 score=0.124 pol=-0.0010 val=0.0108 ent=0.7689 tot=+0.0011 agnorm=0.183 cgnorm=0.042 kl=0.0017 clipf=0.015 ev=+0.920 r0=1.0000 entcoef=4.30e-03 lr=2.6e-04 seed=2
iter= 396 step=1270400 ep_ret=+214.679 opt_ret=+214.679 step_rew=2.1468 opt_step=2.1468 gap0=0.000 dret=+967.495 eval_ret=n/a pursuer_target_distance=0.907 capture=0.403 score=0.211 pol=-0.0008 val=0.0090 ent=0.8038 tot=+0.0003 agnorm=0.140 cgnorm=0.041 kl=0.0016 clipf=0.013 ev=+0.944 r0=1.0000 entcoef=4.29e-03 lr=2.6e-04 seed=2
iter= 397 step=1273600 ep_ret=+93.152 opt_ret=+93.152 step_rew=0.9315 opt_step=0.9315 gap0=0.000 dret=+845.969 eval_ret=n/a pursuer_target_distance=0.822 capture=0.319 score=0.175 pol=-0.0005 val=0.0095 ent=0.7981 tot=+0.0009 agnorm=0.086 cgnorm=0.034 kl=0.0014 clipf=0.006 ev=+0.937 r0=1.0000 entcoef=4.27e-03 lr=2.6e-04 seed=2
iter= 398 step=1276800 ep_ret=+179.016 opt_ret=+179.016 step_rew=1.7902 opt_step=1.7902 gap0=0.000 dret=+931.833 eval_ret=n/a pursuer_target_distance=0.725 capture=0.362 score=0.210 pol=-0.0009 val=0.0079 ent=0.8042 tot=-0.0004 agnorm=0.159 cgnorm=0.033 kl=0.0020 clipf=0.020 ev=+0.943 r0=1.0000 entcoef=4.26e-03 lr=2.6e-04 seed=2
iter= 399 step=1280000 ep_ret=+77.947 opt_ret=+77.947 step_rew=0.7795 opt_step=0.7795 gap0=0.000 dret=+830.764 eval_ret=n/a pursuer_target_distance=1.101 capture=0.316 score=0.150 pol=-0.0007 val=0.0100 ent=0.7958 tot=+0.0010 agnorm=0.111 cgnorm=0.048 kl=0.0010 clipf=0.008 ev=+0.925 r0=1.0000 entcoef=4.25e-03 lr=2.6e-04 seed=2
iter= 400 step=1283200 ep_ret=+11.780 opt_ret=+11.780 step_rew=0.1178 opt_step=0.1178 gap0=0.000 dret=+764.597 eval_ret=+486.242 pursuer_target_distance=1.161 capture=0.279 score=0.129 pol=-0.0009 val=0.0103 ent=0.8008 tot=+0.0009 agnorm=0.127 cgnorm=0.039 kl=0.0014 clipf=0.013 ev=+0.935 r0=1.0000 entcoef=4.23e-03 lr=2.6e-04 seed=2
iter= 401 step=1286400 ep_ret=-16.676 opt_ret=-16.676 step_rew=-0.1668 opt_step=-0.1668 gap0=16.676 dret=+736.140 eval_ret=n/a pursuer_target_distance=1.119 capture=0.246 score=0.116 pol=-0.0009 val=0.0095 ent=0.8282 tot=+0.0003 agnorm=0.150 cgnorm=0.041 kl=0.0017 clipf=0.014 ev=+0.944 r0=1.0000 entcoef=4.22e-03 lr=2.6e-04 seed=2
iter= 402 step=1289600 ep_ret=-113.785 opt_ret=-113.785 step_rew=-1.1378 opt_step=-1.1378 gap0=113.785 dret=+639.032 eval_ret=n/a pursuer_target_distance=1.128 capture=0.199 score=0.093 pol=-0.0005 val=0.0089 ent=0.8062 tot=+0.0005 agnorm=0.090 cgnorm=0.037 kl=0.0013 clipf=0.007 ev=+0.947 r0=1.0000 entcoef=4.20e-03 lr=2.6e-04 seed=2
iter= 403 step=1292800 ep_ret=+61.394 opt_ret=+61.394 step_rew=0.6139 opt_step=0.6139 gap0=0.000 dret=+814.211 eval_ret=n/a pursuer_target_distance=0.855 capture=0.309 score=0.167 pol=-0.0007 val=0.0094 ent=0.8004 tot=+0.0007 agnorm=0.109 cgnorm=0.038 kl=0.0011 clipf=0.006 ev=+0.933 r0=1.0000 entcoef=4.19e-03 lr=2.5e-04 seed=2
iter= 404 step=1296000 ep_ret=+47.778 opt_ret=+47.778 step_rew=0.4778 opt_step=0.4778 gap0=0.000 dret=+800.595 eval_ret=n/a pursuer_target_distance=0.872 capture=0.289 score=0.154 pol=-0.0009 val=0.0088 ent=0.7971 tot=+0.0002 agnorm=0.126 cgnorm=0.047 kl=0.0017 clipf=0.013 ev=+0.932 r0=1.0000 entcoef=4.17e-03 lr=2.5e-04 seed=2
iter= 405 step=1299200 ep_ret=-19.503 opt_ret=-19.503 step_rew=-0.1950 opt_step=-0.1950 gap0=19.503 dret=+733.314 eval_ret=n/a pursuer_target_distance=1.110 capture=0.257 score=0.122 pol=-0.0007 val=0.0081 ent=0.7805 tot=+0.0001 agnorm=0.122 cgnorm=0.034 kl=0.0014 clipf=0.011 ev=+0.939 r0=1.0000 entcoef=4.16e-03 lr=2.5e-04 seed=2
iter= 406 step=1302400 ep_ret=+102.097 opt_ret=+102.097 step_rew=1.0210 opt_step=1.0210 gap0=0.000 dret=+854.914 eval_ret=n/a pursuer_target_distance=0.883 capture=0.334 score=0.177 pol=-0.0007 val=0.0072 ent=0.7914 tot=-0.0004 agnorm=0.111 cgnorm=0.033 kl=0.0014 clipf=0.009 ev=+0.948 r0=1.0000 entcoef=4.14e-03 lr=2.5e-04 seed=2
iter= 407 step=1305600 ep_ret=+184.496 opt_ret=+184.496 step_rew=1.8450 opt_step=1.8450 gap0=0.000 dret=+937.312 eval_ret=n/a pursuer_target_distance=0.717 capture=0.377 score=0.219 pol=-0.0006 val=0.0077 ent=0.7884 tot=-0.0000 agnorm=0.082 cgnorm=0.039 kl=0.0007 clipf=0.005 ev=+0.927 r0=1.0000 entcoef=4.13e-03 lr=2.5e-04 seed=2
iter= 408 step=1308800 ep_ret=+187.895 opt_ret=+187.895 step_rew=1.8790 opt_step=1.8790 gap0=0.000 dret=+940.712 eval_ret=n/a pursuer_target_distance=0.783 capture=0.384 score=0.216 pol=-0.0011 val=0.0072 ent=0.7895 tot=-0.0007 agnorm=0.129 cgnorm=0.043 kl=0.0021 clipf=0.020 ev=+0.941 r0=1.0000 entcoef=4.12e-03 lr=2.5e-04 seed=2
iter= 409 step=1312000 ep_ret=+134.821 opt_ret=+134.821 step_rew=1.3482 opt_step=1.3482 gap0=0.000 dret=+887.637 eval_ret=n/a pursuer_target_distance=0.698 capture=0.339 score=0.200 pol=-0.0006 val=0.0054 ent=0.7740 tot=-0.0011 agnorm=0.106 cgnorm=0.024 kl=0.0014 clipf=0.011 ev=+0.963 r0=1.0000 entcoef=4.10e-03 lr=2.5e-04 seed=2
iter= 410 step=1315200 ep_ret=+156.225 opt_ret=+156.225 step_rew=1.5623 opt_step=1.5623 gap0=0.000 dret=+909.042 eval_ret=n/a pursuer_target_distance=0.843 capture=0.352 score=0.191 pol=-0.0009 val=0.0073 ent=0.7826 tot=-0.0004 agnorm=0.127 cgnorm=0.038 kl=0.0013 clipf=0.009 ev=+0.935 r0=1.0000 entcoef=4.09e-03 lr=2.5e-04 seed=2
iter= 411 step=1318400 ep_ret=+8.478 opt_ret=+8.478 step_rew=0.0848 opt_step=0.0848 gap0=0.000 dret=+761.294 eval_ret=n/a pursuer_target_distance=0.875 capture=0.258 score=0.138 pol=-0.0007 val=0.0073 ent=0.7428 tot=-0.0001 agnorm=0.133 cgnorm=0.035 kl=0.0012 clipf=0.007 ev=+0.947 r0=1.0000 entcoef=4.07e-03 lr=2.5e-04 seed=2
iter= 412 step=1321600 ep_ret=+7.400 opt_ret=+7.400 step_rew=0.0740 opt_step=0.0740 gap0=0.000 dret=+760.217 eval_ret=n/a pursuer_target_distance=0.992 capture=0.261 score=0.131 pol=-0.0007 val=0.0085 ent=0.7732 tot=+0.0005 agnorm=0.122 cgnorm=0.041 kl=0.0011 clipf=0.007 ev=+0.936 r0=1.0000 entcoef=4.06e-03 lr=2.4e-04 seed=2
iter= 413 step=1324800 ep_ret=+87.168 opt_ret=+87.168 step_rew=0.8717 opt_step=0.8717 gap0=0.000 dret=+839.985 eval_ret=n/a pursuer_target_distance=0.829 capture=0.312 score=0.171 pol=-0.0007 val=0.0082 ent=0.7606 tot=+0.0003 agnorm=0.109 cgnorm=0.033 kl=0.0009 clipf=0.005 ev=+0.944 r0=1.0000 entcoef=4.04e-03 lr=2.4e-04 seed=2
iter= 414 step=1328000 ep_ret=+135.623 opt_ret=+135.623 step_rew=1.3562 opt_step=1.3562 gap0=0.000 dret=+888.439 eval_ret=n/a pursuer_target_distance=1.035 capture=0.367 score=0.180 pol=-0.0006 val=0.0076 ent=0.7700 tot=+0.0001 agnorm=0.121 cgnorm=0.041 kl=0.0012 clipf=0.007 ev=+0.935 r0=1.0000 entcoef=4.03e-03 lr=2.4e-04 seed=2
iter= 415 step=1331200 ep_ret=+138.924 opt_ret=+138.924 step_rew=1.3892 opt_step=1.3892 gap0=0.000 dret=+891.741 eval_ret=n/a pursuer_target_distance=0.738 capture=0.364 score=0.209 pol=-0.0008 val=0.0099 ent=0.7622 tot=+0.0011 agnorm=0.075 cgnorm=0.037 kl=0.0012 clipf=0.010 ev=+0.935 r0=1.0000 entcoef=4.01e-03 lr=2.4e-04 seed=2
iter= 416 step=1334400 ep_ret=+63.013 opt_ret=+63.013 step_rew=0.6301 opt_step=0.6301 gap0=0.000 dret=+815.829 eval_ret=n/a pursuer_target_distance=1.010 capture=0.312 score=0.155 pol=-0.0006 val=0.0081 ent=0.7816 tot=+0.0004 agnorm=0.091 cgnorm=0.033 kl=0.0010 clipf=0.007 ev=+0.941 r0=1.0000 entcoef=4.00e-03 lr=2.4e-04 seed=2
iter= 417 step=1337600 ep_ret=+12.208 opt_ret=+12.208 step_rew=0.1221 opt_step=0.1221 gap0=0.000 dret=+765.025 eval_ret=n/a pursuer_target_distance=0.943 capture=0.269 score=0.138 pol=-0.0009 val=0.0097 ent=0.7897 tot=+0.0008 agnorm=0.149 cgnorm=0.039 kl=0.0016 clipf=0.013 ev=+0.933 r0=1.0000 entcoef=3.99e-03 lr=2.4e-04 seed=2
iter= 418 step=1340800 ep_ret=-15.800 opt_ret=-15.800 step_rew=-0.1580 opt_step=-0.1580 gap0=15.800 dret=+737.017 eval_ret=n/a pursuer_target_distance=1.200 capture=0.268 score=0.122 pol=-0.0008 val=0.0092 ent=0.7843 tot=+0.0006 agnorm=0.103 cgnorm=0.034 kl=0.0014 clipf=0.010 ev=+0.939 r0=1.0000 entcoef=3.97e-03 lr=2.4e-04 seed=2
iter= 419 step=1344000 ep_ret=+120.191 opt_ret=+120.191 step_rew=1.2019 opt_step=1.2019 gap0=0.000 dret=+873.007 eval_ret=n/a pursuer_target_distance=0.741 capture=0.328 score=0.188 pol=-0.0007 val=0.0086 ent=0.7925 tot=+0.0005 agnorm=0.085 cgnorm=0.038 kl=0.0012 clipf=0.006 ev=+0.927 r0=1.0000 entcoef=3.96e-03 lr=2.4e-04 seed=2
iter= 420 step=1347200 ep_ret=+101.586 opt_ret=+101.586 step_rew=1.0159 opt_step=1.0159 gap0=0.000 dret=+854.403 eval_ret=+474.100 pursuer_target_distance=0.859 capture=0.328 score=0.176 pol=-0.0007 val=0.0072 ent=0.7807 tot=-0.0002 agnorm=0.120 cgnorm=0.036 kl=0.0014 clipf=0.011 ev=+0.942 r0=1.0000 entcoef=3.94e-03 lr=2.4e-04 seed=2
iter= 421 step=1350400 ep_ret=+108.656 opt_ret=+108.656 step_rew=1.0866 opt_step=1.0866 gap0=0.000 dret=+861.473 eval_ret=n/a pursuer_target_distance=0.914 capture=0.355 score=0.186 pol=-0.0007 val=0.0087 ent=0.7898 tot=+0.0006 agnorm=0.095 cgnorm=0.036 kl=0.0013 clipf=0.009 ev=+0.937 r0=1.0000 entcoef=3.93e-03 lr=2.3e-04 seed=2
iter= 422 step=1353600 ep_ret=-16.829 opt_ret=-16.829 step_rew=-0.1683 opt_step=-0.1683 gap0=16.829 dret=+735.987 eval_ret=n/a pursuer_target_distance=1.110 capture=0.268 score=0.127 pol=-0.0007 val=0.0085 ent=0.7915 tot=+0.0005 agnorm=0.106 cgnorm=0.036 kl=0.0013 clipf=0.007 ev=+0.939 r0=1.0000 entcoef=3.91e-03 lr=2.3e-04 seed=2
iter= 423 step=1356800 ep_ret=+194.504 opt_ret=+194.504 step_rew=1.9450 opt_step=1.9450 gap0=0.000 dret=+947.321 eval_ret=n/a pursuer_target_distance=0.676 capture=0.390 score=0.233 pol=-0.0008 val=0.0073 ent=0.7947 tot=-0.0002 agnorm=0.141 cgnorm=0.033 kl=0.0015 clipf=0.014 ev=+0.945 r0=1.0000 entcoef=3.90e-03 lr=2.3e-04 seed=2
iter= 424 step=1360000 ep_ret=+75.022 opt_ret=+75.022 step_rew=0.7502 opt_step=0.7502 gap0=0.000 dret=+827.839 eval_ret=n/a pursuer_target_distance=0.894 capture=0.314 score=0.166 pol=-0.0006 val=0.0057 ent=0.7775 tot=-0.0008 agnorm=0.083 cgnorm=0.030 kl=0.0011 clipf=0.008 ev=+0.956 r0=1.0000 entcoef=3.88e-03 lr=2.3e-04 seed=2
iter= 425 step=1363200 ep_ret=-47.830 opt_ret=-47.830 step_rew=-0.4783 opt_step=-0.4783 gap0=47.830 dret=+704.986 eval_ret=n/a pursuer_target_distance=1.288 capture=0.244 score=0.107 pol=-0.0008 val=0.0091 ent=0.8013 tot=+0.0007 agnorm=0.129 cgnorm=0.039 kl=0.0017 clipf=0.016 ev=+0.946 r0=1.0000 entcoef=3.87e-03 lr=2.3e-04 seed=2
iter= 426 step=1366400 ep_ret=+40.217 opt_ret=+40.217 step_rew=0.4022 opt_step=0.4022 gap0=0.000 dret=+793.033 eval_ret=n/a pursuer_target_distance=0.905 capture=0.288 score=0.151 pol=-0.0006 val=0.0063 ent=0.7688 tot=-0.0005 agnorm=0.148 cgnorm=0.031 kl=0.0009 clipf=0.006 ev=+0.959 r0=1.0000 entcoef=3.86e-03 lr=2.3e-04 seed=2
iter= 427 step=1369600 ep_ret=+56.229 opt_ret=+56.229 step_rew=0.5623 opt_step=0.5623 gap0=0.000 dret=+809.045 eval_ret=n/a pursuer_target_distance=1.197 capture=0.303 score=0.138 pol=-0.0006 val=0.0089 ent=0.7690 tot=+0.0009 agnorm=0.102 cgnorm=0.037 kl=0.0013 clipf=0.010 ev=+0.937 r0=1.0000 entcoef=3.84e-03 lr=2.3e-04 seed=2
iter= 428 step=1372800 ep_ret=+192.398 opt_ret=+192.398 step_rew=1.9240 opt_step=1.9240 gap0=0.000 dret=+945.214 eval_ret=n/a pursuer_target_distance=0.813 capture=0.393 score=0.217 pol=-0.0005 val=0.0063 ent=0.7796 tot=-0.0004 agnorm=0.105 cgnorm=0.028 kl=0.0012 clipf=0.010 ev=+0.945 r0=1.0000 entcoef=3.83e-03 lr=2.3e-04 seed=2
iter= 429 step=1376000 ep_ret=+140.363 opt_ret=+140.363 step_rew=1.4036 opt_step=1.4036 gap0=0.000 dret=+893.180 eval_ret=n/a pursuer_target_distance=0.775 capture=0.341 score=0.192 pol=-0.0007 val=0.0064 ent=0.7972 tot=-0.0005 agnorm=0.132 cgnorm=0.030 kl=0.0013 clipf=0.010 ev=+0.949 r0=1.0000 entcoef=3.81e-03 lr=2.3e-04 seed=2
iter= 430 step=1379200 ep_ret=+103.554 opt_ret=+103.554 step_rew=1.0355 opt_step=1.0355 gap0=0.000 dret=+856.371 eval_ret=n/a pursuer_target_distance=0.802 capture=0.319 score=0.177 pol=-0.0005 val=0.0059 ent=0.7514 tot=-0.0004 agnorm=0.099 cgnorm=0.025 kl=0.0010 clipf=0.008 ev=+0.956 r0=1.0000 entcoef=3.80e-03 lr=2.2e-04 seed=2
iter= 431 step=1382400 ep_ret=+72.189 opt_ret=+72.189 step_rew=0.7219 opt_step=0.7219 gap0=0.000 dret=+825.006 eval_ret=n/a pursuer_target_distance=1.225 capture=0.312 score=0.140 pol=-0.0007 val=0.0079 ent=0.7727 tot=+0.0004 agnorm=0.101 cgnorm=0.033 kl=0.0010 clipf=0.007 ev=+0.933 r0=1.0000 entcoef=3.78e-03 lr=2.2e-04 seed=2
iter= 432 step=1385600 ep_ret=+62.621 opt_ret=+62.621 step_rew=0.6262 opt_step=0.6262 gap0=0.000 dret=+815.438 eval_ret=n/a pursuer_target_distance=0.921 capture=0.293 score=0.153 pol=-0.0007 val=0.0065 ent=0.7754 tot=-0.0003 agnorm=0.117 cgnorm=0.029 kl=0.0009 clipf=0.009 ev=+0.946 r0=1.0000 entcoef=3.77e-03 lr=2.2e-04 seed=2
iter= 433 step=1388800 ep_ret=+91.819 opt_ret=+91.819 step_rew=0.9182 opt_step=0.9182 gap0=0.000 dret=+844.636 eval_ret=n/a pursuer_target_distance=1.335 capture=0.347 score=0.149 pol=-0.0010 val=0.0085 ent=0.7710 tot=+0.0003 agnorm=0.181 cgnorm=0.036 kl=0.0014 clipf=0.012 ev=+0.938 r0=1.0000 entcoef=3.75e-03 lr=2.2e-04 seed=2
iter= 434 step=1392000 ep_ret=+83.745 opt_ret=+83.745 step_rew=0.8374 opt_step=0.8374 gap0=0.000 dret=+836.561 eval_ret=n/a pursuer_target_distance=0.910 capture=0.325 score=0.170 pol=-0.0009 val=0.0077 ent=0.7808 tot=-0.0000 agnorm=0.116 cgnorm=0.036 kl=0.0011 clipf=0.007 ev=+0.937 r0=1.0000 entcoef=3.74e-03 lr=2.2e-04 seed=2
iter= 435 step=1395200 ep_ret=+66.633 opt_ret=+66.633 step_rew=0.6663 opt_step=0.6663 gap0=0.000 dret=+819.450 eval_ret=n/a pursuer_target_distance=0.886 capture=0.291 score=0.154 pol=-0.0006 val=0.0066 ent=0.7865 tot=-0.0002 agnorm=0.089 cgnorm=0.034 kl=0.0014 clipf=0.007 ev=+0.943 r0=1.0000 entcoef=3.73e-03 lr=2.2e-04 seed=2
iter= 436 step=1398400 ep_ret=+116.596 opt_ret=+116.596 step_rew=1.1660 opt_step=1.1660 gap0=0.000 dret=+869.413 eval_ret=n/a pursuer_target_distance=0.594 capture=0.325 score=0.204 pol=-0.0007 val=0.0065 ent=0.7282 tot=-0.0001 agnorm=0.140 cgnorm=0.027 kl=0.0012 clipf=0.009 ev=+0.940 r0=1.0000 entcoef=3.71e-03 lr=2.2e-04 seed=2
iter= 437 step=1401600 ep_ret=+111.480 opt_ret=+111.480 step_rew=1.1148 opt_step=1.1148 gap0=0.000 dret=+864.297 eval_ret=n/a pursuer_target_distance=0.727 capture=0.330 score=0.191 pol=-0.0008 val=0.0067 ent=0.7863 tot=-0.0003 agnorm=0.089 cgnorm=0.032 kl=0.0012 clipf=0.008 ev=+0.951 r0=1.0000 entcoef=3.70e-03 lr=2.2e-04 seed=2
iter= 438 step=1404800 ep_ret=+0.769 opt_ret=+0.769 step_rew=0.0077 opt_step=0.0077 gap0=0.000 dret=+753.586 eval_ret=n/a pursuer_target_distance=1.073 capture=0.270 score=0.130 pol=-0.0006 val=0.0074 ent=0.7690 tot=+0.0003 agnorm=0.078 cgnorm=0.034 kl=0.0008 clipf=0.005 ev=+0.937 r0=1.0000 entcoef=3.68e-03 lr=2.2e-04 seed=2
iter= 439 step=1408000 ep_ret=+56.069 opt_ret=+56.069 step_rew=0.5607 opt_step=0.5607 gap0=0.000 dret=+808.886 eval_ret=n/a pursuer_target_distance=1.246 capture=0.306 score=0.136 pol=-0.0010 val=0.0071 ent=0.7553 tot=-0.0002 agnorm=0.138 cgnorm=0.033 kl=0.0012 clipf=0.008 ev=+0.930 r0=1.0000 entcoef=3.67e-03 lr=2.1e-04 seed=2
iter= 440 step=1411200 ep_ret=+120.210 opt_ret=+120.210 step_rew=1.2021 opt_step=1.2021 gap0=0.000 dret=+873.027 eval_ret=+479.793 pursuer_target_distance=0.904 capture=0.340 score=0.178 pol=-0.0004 val=0.0058 ent=0.7201 tot=-0.0001 agnorm=0.072 cgnorm=0.029 kl=0.0013 clipf=0.007 ev=+0.951 r0=1.0000 entcoef=3.65e-03 lr=2.1e-04 seed=2
iter= 441 step=1414400 ep_ret=+140.435 opt_ret=+140.435 step_rew=1.4043 opt_step=1.4043 gap0=0.000 dret=+893.251 eval_ret=n/a pursuer_target_distance=0.875 capture=0.362 score=0.193 pol=-0.0005 val=0.0066 ent=0.7352 tot=+0.0001 agnorm=0.091 cgnorm=0.034 kl=0.0011 clipf=0.007 ev=+0.944 r0=1.0000 entcoef=3.64e-03 lr=2.1e-04 seed=2
iter= 442 step=1417600 ep_ret=+81.689 opt_ret=+81.689 step_rew=0.8169 opt_step=0.8169 gap0=0.000 dret=+834.506 eval_ret=n/a pursuer_target_distance=0.882 capture=0.314 score=0.167 pol=-0.0010 val=0.0058 ent=0.7210 tot=-0.0007 agnorm=0.238 cgnorm=0.024 kl=0.0015 clipf=0.014 ev=+0.951 r0=1.0000 entcoef=3.62e-03 lr=2.1e-04 seed=2
iter= 443 step=1420800 ep_ret=+101.012 opt_ret=+101.012 step_rew=1.0101 opt_step=1.0101 gap0=0.000 dret=+853.828 eval_ret=n/a pursuer_target_distance=0.790 capture=0.328 score=0.183 pol=-0.0007 val=0.0057 ent=0.7361 tot=-0.0005 agnorm=0.124 cgnorm=0.028 kl=0.0015 clipf=0.014 ev=+0.957 r0=1.0000 entcoef=3.61e-03 lr=2.1e-04 seed=2
iter= 444 step=1424000 ep_ret=+149.295 opt_ret=+149.295 step_rew=1.4930 opt_step=1.4930 gap0=0.000 dret=+902.112 eval_ret=n/a pursuer_target_distance=0.626 capture=0.347 score=0.214 pol=-0.0009 val=0.0072 ent=0.7270 tot=+0.0001 agnorm=0.146 cgnorm=0.035 kl=0.0017 clipf=0.016 ev=+0.921 r0=1.0000 entcoef=3.60e-03 lr=2.1e-04 seed=2
iter= 445 step=1427200 ep_ret=+95.450 opt_ret=+95.450 step_rew=0.9545 opt_step=0.9545 gap0=0.000 dret=+848.267 eval_ret=n/a pursuer_target_distance=0.913 capture=0.333 score=0.174 pol=-0.0005 val=0.0066 ent=0.7312 tot=+0.0001 agnorm=0.110 cgnorm=0.026 kl=0.0010 clipf=0.007 ev=+0.946 r0=1.0000 entcoef=3.58e-03 lr=2.1e-04 seed=2
iter= 446 step=1430400 ep_ret=+99.008 opt_ret=+99.008 step_rew=0.9901 opt_step=0.9901 gap0=0.000 dret=+851.825 eval_ret=n/a pursuer_target_distance=0.735 capture=0.325 score=0.188 pol=-0.0011 val=0.0081 ent=0.7270 tot=+0.0003 agnorm=0.184 cgnorm=0.040 kl=0.0021 clipf=0.022 ev=+0.928 r0=1.0000 entcoef=3.57e-03 lr=2.1e-04 seed=2
iter= 447 step=1433600 ep_ret=+136.161 opt_ret=+136.161 step_rew=1.3616 opt_step=1.3616 gap0=0.000 dret=+888.978 eval_ret=n/a pursuer_target_distance=0.794 capture=0.353 score=0.197 pol=-0.0005 val=0.0072 ent=0.7099 tot=+0.0006 agnorm=0.112 cgnorm=0.032 kl=0.0011 clipf=0.006 ev=+0.942 r0=1.0000 entcoef=3.55e-03 lr=2.1e-04 seed=2
iter= 448 step=1436800 ep_ret=+139.997 opt_ret=+139.997 step_rew=1.4000 opt_step=1.4000 gap0=0.000 dret=+892.814 eval_ret=n/a pursuer_target_distance=1.177 capture=0.367 score=0.169 pol=-0.0006 val=0.0063 ent=0.7289 tot=-0.0000 agnorm=0.117 cgnorm=0.031 kl=0.0009 clipf=0.006 ev=+0.939 r0=1.0000 entcoef=3.54e-03 lr=2.0e-04 seed=2
iter= 449 step=1440000 ep_ret=+64.206 opt_ret=+64.206 step_rew=0.6421 opt_step=0.6421 gap0=0.000 dret=+817.023 eval_ret=n/a pursuer_target_distance=0.879 capture=0.313 score=0.167 pol=-0.0008 val=0.0069 ent=0.7375 tot=+0.0001 agnorm=0.098 cgnorm=0.036 kl=0.0013 clipf=0.008 ev=+0.944 r0=1.0000 entcoef=3.52e-03 lr=2.0e-04 seed=2
iter= 450 step=1443200 ep_ret=+62.242 opt_ret=+62.242 step_rew=0.6224 opt_step=0.6224 gap0=0.000 dret=+815.059 eval_ret=n/a pursuer_target_distance=0.719 capture=0.288 score=0.168 pol=-0.0005 val=0.0066 ent=0.7346 tot=+0.0002 agnorm=0.128 cgnorm=0.030 kl=0.0010 clipf=0.006 ev=+0.930 r0=1.0000 entcoef=3.51e-03 lr=2.0e-04 seed=2
iter= 451 step=1446400 ep_ret=+155.177 opt_ret=+155.177 step_rew=1.5518 opt_step=1.5518 gap0=0.000 dret=+907.994 eval_ret=n/a pursuer_target_distance=0.716 capture=0.370 score=0.216 pol=-0.0010 val=0.0060 ent=0.6939 tot=-0.0004 agnorm=0.160 cgnorm=0.029 kl=0.0014 clipf=0.014 ev=+0.939 r0=1.0000 entcoef=3.50e-03 lr=2.0e-04 seed=2
iter= 452 step=1449600 ep_ret=+2.661 opt_ret=+2.661 step_rew=0.0266 opt_step=0.0266 gap0=0.000 dret=+755.477 eval_ret=n/a pursuer_target_distance=0.920 capture=0.262 score=0.136 pol=-0.0005 val=0.0072 ent=0.6897 tot=+0.0007 agnorm=0.081 cgnorm=0.038 kl=0.0009 clipf=0.006 ev=+0.941 r0=1.0000 entcoef=3.48e-03 lr=2.0e-04 seed=2
iter= 453 step=1452800 ep_ret=+120.031 opt_ret=+120.031 step_rew=1.2003 opt_step=1.2003 gap0=0.000 dret=+872.847 eval_ret=n/a pursuer_target_distance=0.876 capture=0.346 score=0.184 pol=-0.0006 val=0.0069 ent=0.6941 tot=+0.0005 agnorm=0.101 cgnorm=0.028 kl=0.0010 clipf=0.006 ev=+0.938 r0=1.0000 entcoef=3.47e-03 lr=2.0e-04 seed=2
iter= 454 step=1456000 ep_ret=+105.209 opt_ret=+105.209 step_rew=1.0521 opt_step=1.0521 gap0=0.000 dret=+858.026 eval_ret=n/a pursuer_target_distance=0.940 capture=0.356 score=0.184 pol=-0.0007 val=0.0099 ent=0.6934 tot=+0.0019 agnorm=0.116 cgnorm=0.034 kl=0.0013 clipf=0.009 ev=+0.920 r0=1.0000 entcoef=3.45e-03 lr=2.0e-04 seed=2
iter= 455 step=1459200 ep_ret=-16.678 opt_ret=-16.678 step_rew=-0.1668 opt_step=-0.1668 gap0=16.678 dret=+736.139 eval_ret=n/a pursuer_target_distance=1.329 capture=0.260 score=0.112 pol=-0.0006 val=0.0088 ent=0.6735 tot=+0.0015 agnorm=0.154 cgnorm=0.036 kl=0.0011 clipf=0.009 ev=+0.921 r0=1.0000 entcoef=3.44e-03 lr=2.0e-04 seed=2
iter= 456 step=1462400 ep_ret=+90.620 opt_ret=+90.620 step_rew=0.9062 opt_step=0.9062 gap0=0.000 dret=+843.437 eval_ret=n/a pursuer_target_distance=0.921 capture=0.327 score=0.170 pol=-0.0010 val=0.0071 ent=0.6978 tot=+0.0002 agnorm=0.162 cgnorm=0.036 kl=0.0019 clipf=0.016 ev=+0.930 r0=1.0000 entcoef=3.42e-03 lr=2.0e-04 seed=2
iter= 457 step=1465600 ep_ret=+117.115 opt_ret=+117.115 step_rew=1.1711 opt_step=1.1711 gap0=0.000 dret=+869.931 eval_ret=n/a pursuer_target_distance=0.897 capture=0.347 score=0.183 pol=-0.0006 val=0.0077 ent=0.6950 tot=+0.0009 agnorm=0.117 cgnorm=0.032 kl=0.0016 clipf=0.012 ev=+0.931 r0=1.0000 entcoef=3.41e-03 lr=1.9e-04 seed=2
iter= 458 step=1468800 ep_ret=+49.104 opt_ret=+49.104 step_rew=0.4910 opt_step=0.4910 gap0=0.000 dret=+801.921 eval_ret=n/a pursuer_target_distance=1.141 capture=0.316 score=0.148 pol=-0.0006 val=0.0068 ent=0.6719 tot=+0.0005 agnorm=0.120 cgnorm=0.030 kl=0.0011 clipf=0.009 ev=+0.943 r0=1.0000 entcoef=3.39e-03 lr=1.9e-04 seed=2
iter= 459 step=1472000 ep_ret=+119.688 opt_ret=+119.688 step_rew=1.1969 opt_step=1.1969 gap0=0.000 dret=+872.504 eval_ret=n/a pursuer_target_distance=0.939 capture=0.347 score=0.179 pol=-0.0003 val=0.0071 ent=0.6736 tot=+0.0010 agnorm=0.085 cgnorm=0.030 kl=0.0008 clipf=0.005 ev=+0.927 r0=1.0000 entcoef=3.38e-03 lr=1.9e-04 seed=2
iter= 460 step=1475200 ep_ret=+87.440 opt_ret=+87.440 step_rew=0.8744 opt_step=0.8744 gap0=0.000 dret=+840.256 eval_ret=+489.013 pursuer_target_distance=0.860 capture=0.332 score=0.178 pol=-0.0006 val=0.0059 ent=0.6561 tot=+0.0001 agnorm=0.090 cgnorm=0.024 kl=0.0011 clipf=0.008 ev=+0.954 r0=1.0000 entcoef=3.37e-03 lr=1.9e-04 seed=2
iter= 461 step=1478400 ep_ret=+184.964 opt_ret=+184.964 step_rew=1.8496 opt_step=1.8496 gap0=0.000 dret=+937.781 eval_ret=n/a pursuer_target_distance=0.870 capture=0.381 score=0.204 pol=-0.0005 val=0.0055 ent=0.7181 tot=-0.0002 agnorm=0.168 cgnorm=0.037 kl=0.0008 clipf=0.006 ev=+0.944 r0=1.0000 entcoef=3.35e-03 lr=1.9e-04 seed=2
iter= 462 step=1481600 ep_ret=+20.370 opt_ret=+20.370 step_rew=0.2037 opt_step=0.2037 gap0=0.000 dret=+773.186 eval_ret=n/a pursuer_target_distance=1.146 capture=0.297 score=0.139 pol=-0.0005 val=0.0080 ent=0.6548 tot=+0.0013 agnorm=0.164 cgnorm=0.033 kl=0.0008 clipf=0.005 ev=+0.936 r0=1.0000 entcoef=3.34e-03 lr=1.9e-04 seed=2
iter= 463 step=1484800 ep_ret=+45.844 opt_ret=+45.844 step_rew=0.4584 opt_step=0.4584 gap0=0.000 dret=+798.661 eval_ret=n/a pursuer_target_distance=1.019 capture=0.291 score=0.144 pol=-0.0004 val=0.0067 ent=0.6702 tot=+0.0007 agnorm=0.075 cgnorm=0.033 kl=0.0008 clipf=0.005 ev=+0.938 r0=1.0000 entcoef=3.32e-03 lr=1.9e-04 seed=2
iter= 464 step=1488000 ep_ret=+187.685 opt_ret=+187.685 step_rew=1.8768 opt_step=1.8768 gap0=0.000 dret=+940.501 eval_ret=n/a pursuer_target_distance=0.833 capture=0.384 score=0.210 pol=-0.0006 val=0.0064 ent=0.6672 tot=+0.0004 agnorm=0.109 cgnorm=0.030 kl=0.0012 clipf=0.010 ev=+0.932 r0=1.0000 entcoef=3.31e-03 lr=1.9e-04 seed=2
iter= 465 step=1491200 ep_ret=+25.819 opt_ret=+25.819 step_rew=0.2582 opt_step=0.2582 gap0=0.000 dret=+778.636 eval_ret=n/a pursuer_target_distance=0.836 capture=0.274 score=0.149 pol=-0.0005 val=0.0058 ent=0.6626 tot=+0.0002 agnorm=0.070 cgnorm=0.029 kl=0.0007 clipf=0.004 ev=+0.945 r0=1.0000 entcoef=3.29e-03 lr=1.9e-04 seed=2
iter= 466 step=1494400 ep_ret=+91.942 opt_ret=+91.942 step_rew=0.9194 opt_step=0.9194 gap0=0.000 dret=+844.759 eval_ret=n/a pursuer_target_distance=0.806 capture=0.319 score=0.177 pol=-0.0005 val=0.0065 ent=0.6756 tot=+0.0005 agnorm=0.074 cgnorm=0.031 kl=0.0010 clipf=0.007 ev=+0.946 r0=1.0000 entcoef=3.28e-03 lr=1.8e-04 seed=2
iter= 467 step=1497600 ep_ret=+115.336 opt_ret=+115.336 step_rew=1.1534 opt_step=1.1534 gap0=0.000 dret=+868.152 eval_ret=n/a pursuer_target_distance=0.813 capture=0.336 score=0.185 pol=-0.0008 val=0.0065 ent=0.6662 tot=+0.0003 agnorm=0.125 cgnorm=0.035 kl=0.0015 clipf=0.013 ev=+0.940 r0=1.0000 entcoef=3.26e-03 lr=1.8e-04 seed=2
iter= 468 step=1500800 ep_ret=+59.073 opt_ret=+59.073 step_rew=0.5907 opt_step=0.5907 gap0=0.000 dret=+811.890 eval_ret=n/a pursuer_target_distance=1.125 capture=0.317 score=0.149 pol=-0.0003 val=0.0059 ent=0.6474 tot=+0.0006 agnorm=0.073 cgnorm=0.024 kl=0.0009 clipf=0.006 ev=+0.945 r0=1.0000 entcoef=3.25e-03 lr=1.8e-04 seed=2
iter= 469 step=1504000 ep_ret=+40.776 opt_ret=+40.776 step_rew=0.4078 opt_step=0.4078 gap0=0.000 dret=+793.593 eval_ret=n/a pursuer_target_distance=0.998 capture=0.290 score=0.145 pol=-0.0006 val=0.0064 ent=0.6679 tot=+0.0004 agnorm=0.104 cgnorm=0.028 kl=0.0013 clipf=0.011 ev=+0.936 r0=1.0000 entcoef=3.24e-03 lr=1.8e-04 seed=2
iter= 470 step=1507200 ep_ret=+205.599 opt_ret=+205.599 step_rew=2.0560 opt_step=2.0560 gap0=0.000 dret=+958.416 eval_ret=n/a pursuer_target_distance=0.566 capture=0.388 score=0.248 pol=-0.0005 val=0.0058 ent=0.6912 tot=+0.0001 agnorm=0.118 cgnorm=0.029 kl=0.0012 clipf=0.009 ev=+0.937 r0=1.0000 entcoef=3.22e-03 lr=1.8e-04 seed=2
iter= 471 step=1510400 ep_ret=+150.430 opt_ret=+150.430 step_rew=1.5043 opt_step=1.5043 gap0=0.000 dret=+903.247 eval_ret=n/a pursuer_target_distance=1.133 capture=0.376 score=0.176 pol=-0.0006 val=0.0061 ent=0.6542 tot=+0.0004 agnorm=0.102 cgnorm=0.025 kl=0.0013 clipf=0.011 ev=+0.945 r0=1.0000 entcoef=3.21e-03 lr=1.8e-04 seed=2
iter= 472 step=1513600 ep_ret=+83.588 opt_ret=+83.588 step_rew=0.8359 opt_step=0.8359 gap0=0.000 dret=+836.404 eval_ret=n/a pursuer_target_distance=0.809 capture=0.319 score=0.176 pol=-0.0008 val=0.0054 ent=0.6720 tot=-0.0003 agnorm=0.150 cgnorm=0.030 kl=0.0014 clipf=0.014 ev=+0.949 r0=1.0000 entcoef=3.19e-03 lr=1.8e-04 seed=2
iter= 473 step=1516800 ep_ret=+107.670 opt_ret=+107.670 step_rew=1.0767 opt_step=1.0767 gap0=0.000 dret=+860.486 eval_ret=n/a pursuer_target_distance=0.939 capture=0.330 score=0.170 pol=-0.0003 val=0.0066 ent=0.6797 tot=+0.0008 agnorm=0.123 cgnorm=0.028 kl=0.0008 clipf=0.007 ev=+0.942 r0=1.0000 entcoef=3.18e-03 lr=1.8e-04 seed=2
iter= 474 step=1520000 ep_ret=+25.786 opt_ret=+25.786 step_rew=0.2579 opt_step=0.2579 gap0=0.000 dret=+778.603 eval_ret=n/a pursuer_target_distance=0.906 capture=0.290 score=0.152 pol=-0.0010 val=0.0056 ent=0.6530 tot=-0.0003 agnorm=0.192 cgnorm=0.024 kl=0.0024 clipf=0.027 ev=+0.957 r0=1.0000 entcoef=3.16e-03 lr=1.8e-04 seed=2
iter= 475 step=1523200 ep_ret=+76.820 opt_ret=+76.820 step_rew=0.7682 opt_step=0.7682 gap0=0.000 dret=+829.637 eval_ret=n/a pursuer_target_distance=1.271 capture=0.346 score=0.152 pol=-0.0008 val=0.0067 ent=0.6659 tot=+0.0005 agnorm=0.231 cgnorm=0.027 kl=0.0016 clipf=0.017 ev=+0.948 r0=1.0000 entcoef=3.15e-03 lr=1.7e-04 seed=2
iter= 476 step=1526400 ep_ret=+89.602 opt_ret=+89.602 step_rew=0.8960 opt_step=0.8960 gap0=0.000 dret=+842.418 eval_ret=n/a pursuer_target_distance=0.924 capture=0.321 score=0.167 pol=-0.0004 val=0.0059 ent=0.6697 tot=+0.0004 agnorm=0.107 cgnorm=0.027 kl=0.0013 clipf=0.010 ev=+0.939 r0=1.0000 entcoef=3.13e-03 lr=1.7e-04 seed=2
iter= 477 step=1529600 ep_ret=+110.665 opt_ret=+110.665 step_rew=1.1066 opt_step=1.1066 gap0=0.000 dret=+863.482 eval_ret=n/a pursuer_target_distance=1.056 capture=0.337 score=0.164 pol=-0.0005 val=0.0052 ent=0.6819 tot=-0.0000 agnorm=0.074 cgnorm=0.029 kl=0.0005 clipf=0.002 ev=+0.943 r0=1.0000 entcoef=3.12e-03 lr=1.7e-04 seed=2
iter= 478 step=1532800 ep_ret=+147.237 opt_ret=+147.237 step_rew=1.4724 opt_step=1.4724 gap0=0.000 dret=+900.054 eval_ret=n/a pursuer_target_distance=0.786 capture=0.347 score=0.194 pol=-0.0006 val=0.0064 ent=0.6699 tot=+0.0005 agnorm=0.097 cgnorm=0.028 kl=0.0014 clipf=0.011 ev=+0.935 r0=1.0000 entcoef=3.11e-03 lr=1.7e-04 seed=2
iter= 479 step=1536000 ep_ret=+111.951 opt_ret=+111.951 step_rew=1.1195 opt_step=1.1195 gap0=0.000 dret=+864.767 eval_ret=n/a pursuer_target_distance=0.843 capture=0.333 score=0.181 pol=-0.0008 val=0.0064 ent=0.6691 tot=+0.0004 agnorm=0.129 cgnorm=0.028 kl=0.0013 clipf=0.010 ev=+0.937 r0=1.0000 entcoef=3.09e-03 lr=1.7e-04 seed=2
iter= 480 step=1539200 ep_ret=+15.614 opt_ret=+15.614 step_rew=0.1561 opt_step=0.1561 gap0=0.000 dret=+768.430 eval_ret=+485.245 pursuer_target_distance=1.138 capture=0.291 score=0.136 pol=-0.0007 val=0.0075 ent=0.6508 tot=+0.0011 agnorm=0.158 cgnorm=0.024 kl=0.0016 clipf=0.015 ev=+0.939 r0=1.0000 entcoef=3.08e-03 lr=1.7e-04 seed=2
iter= 481 step=1542400 ep_ret=+131.821 opt_ret=+131.821 step_rew=1.3182 opt_step=1.3182 gap0=0.000 dret=+884.637 eval_ret=n/a pursuer_target_distance=0.624 capture=0.341 score=0.210 pol=-0.0006 val=0.0048 ent=0.6784 tot=-0.0003 agnorm=0.135 cgnorm=0.018 kl=0.0011 clipf=0.008 ev=+0.953 r0=1.0000 entcoef=3.06e-03 lr=1.7e-04 seed=2
iter= 482 step=1545600 ep_ret=+181.046 opt_ret=+181.046 step_rew=1.8105 opt_step=1.8105 gap0=0.000 dret=+933.862 eval_ret=n/a pursuer_target_distance=0.862 capture=0.386 score=0.207 pol=-0.0004 val=0.0049 ent=0.6652 tot=+0.0000 agnorm=0.099 cgnorm=0.021 kl=0.0008 clipf=0.006 ev=+0.947 r0=1.0000 entcoef=3.05e-03 lr=1.7e-04 seed=2
iter= 483 step=1548800 ep_ret=+138.451 opt_ret=+138.451 step_rew=1.3845 opt_step=1.3845 gap0=0.000 dret=+891.267 eval_ret=n/a pursuer_target_distance=0.671 capture=0.354 score=0.212 pol=-0.0006 val=0.0053 ent=0.6515 tot=+0.0001 agnorm=0.127 cgnorm=0.026 kl=0.0012 clipf=0.010 ev=+0.952 r0=1.0000 entcoef=3.03e-03 lr=1.7e-04 seed=2
iter= 484 step=1552000 ep_ret=+139.001 opt_ret=+139.001 step_rew=1.3900 opt_step=1.3900 gap0=0.000 dret=+891.817 eval_ret=n/a pursuer_target_distance=0.630 capture=0.359 score=0.220 pol=-0.0007 val=0.0064 ent=0.6746 tot=+0.0005 agnorm=0.122 cgnorm=0.028 kl=0.0015 clipf=0.013 ev=+0.938 r0=1.0000 entcoef=3.02e-03 lr=1.6e-04 seed=2
iter= 485 step=1555200 ep_ret=+207.863 opt_ret=+207.863 step_rew=2.0786 opt_step=2.0786 gap0=0.000 dret=+960.679 eval_ret=n/a pursuer_target_distance=0.604 capture=0.392 score=0.245 pol=-0.0005 val=0.0048 ent=0.6696 tot=-0.0001 agnorm=0.105 cgnorm=0.028 kl=0.0008 clipf=0.006 ev=+0.947 r0=1.0000 entcoef=3.00e-03 lr=1.6e-04 seed=2
iter= 486 step=1558400 ep_ret=-24.778 opt_ret=-24.778 step_rew=-0.2478 opt_step=-0.2478 gap0=24.778 dret=+728.038 eval_ret=n/a pursuer_target_distance=1.190 capture=0.270 score=0.123 pol=-0.0004 val=0.0061 ent=0.6607 tot=+0.0006 agnorm=0.117 cgnorm=0.029 kl=0.0009 clipf=0.006 ev=+0.952 r0=1.0000 entcoef=2.99e-03 lr=1.6e-04 seed=2
iter= 487 step=1561600 ep_ret=+67.759 opt_ret=+67.759 step_rew=0.6776 opt_step=0.6776 gap0=0.000 dret=+820.576 eval_ret=n/a pursuer_target_distance=0.829 capture=0.313 score=0.171 pol=-0.0006 val=0.0066 ent=0.6537 tot=+0.0007 agnorm=0.136 cgnorm=0.028 kl=0.0007 clipf=0.005 ev=+0.942 r0=1.0000 entcoef=2.98e-03 lr=1.6e-04 seed=2
iter= 488 step=1564800 ep_ret=+134.692 opt_ret=+134.692 step_rew=1.3469 opt_step=1.3469 gap0=0.000 dret=+887.508 eval_ret=n/a pursuer_target_distance=0.941 capture=0.351 score=0.181 pol=-0.0003 val=0.0062 ent=0.6747 tot=+0.0008 agnorm=0.073 cgnorm=0.028 kl=0.0010 clipf=0.005 ev=+0.942 r0=1.0000 entcoef=2.96e-03 lr=1.6e-04 seed=2
iter= 489 step=1568000 ep_ret=+140.626 opt_ret=+140.626 step_rew=1.4063 opt_step=1.4063 gap0=0.000 dret=+893.443 eval_ret=n/a pursuer_target_distance=0.845 capture=0.353 score=0.191 pol=-0.0006 val=0.0057 ent=0.6694 tot=+0.0003 agnorm=0.105 cgnorm=0.028 kl=0.0009 clipf=0.008 ev=+0.943 r0=1.0000 entcoef=2.95e-03 lr=1.6e-04 seed=2
iter= 490 step=1571200 ep_ret=+186.154 opt_ret=+186.154 step_rew=1.8615 opt_step=1.8615 gap0=0.000 dret=+938.971 eval_ret=n/a pursuer_target_distance=0.916 capture=0.394 score=0.206 pol=-0.0005 val=0.0052 ent=0.6588 tot=+0.0002 agnorm=0.080 cgnorm=0.035 kl=0.0009 clipf=0.008 ev=+0.944 r0=1.0000 entcoef=2.93e-03 lr=1.6e-04 seed=2
iter= 491 step=1574400 ep_ret=+38.051 opt_ret=+38.051 step_rew=0.3805 opt_step=0.3805 gap0=0.000 dret=+790.867 eval_ret=n/a pursuer_target_distance=1.095 capture=0.300 score=0.143 pol=-0.0004 val=0.0063 ent=0.6862 tot=+0.0008 agnorm=0.095 cgnorm=0.035 kl=0.0005 clipf=0.004 ev=+0.947 r0=1.0000 entcoef=2.92e-03 lr=1.6e-04 seed=2
iter= 492 step=1577600 ep_ret=+178.659 opt_ret=+178.659 step_rew=1.7866 opt_step=1.7866 gap0=0.000 dret=+931.476 eval_ret=n/a pursuer_target_distance=0.778 capture=0.389 score=0.219 pol=-0.0008 val=0.0054 ent=0.6888 tot=-0.0001 agnorm=0.176 cgnorm=0.034 kl=0.0015 clipf=0.016 ev=+0.945 r0=1.0000 entcoef=2.90e-03 lr=1.6e-04 seed=2
iter= 493 step=1580800 ep_ret=+21.546 opt_ret=+21.546 step_rew=0.2155 opt_step=0.2155 gap0=0.000 dret=+774.363 eval_ret=n/a pursuer_target_distance=1.324 capture=0.302 score=0.130 pol=-0.0007 val=0.0092 ent=0.6775 tot=+0.0019 agnorm=0.143 cgnorm=0.033 kl=0.0014 clipf=0.010 ev=+0.927 r0=1.0000 entcoef=2.89e-03 lr=1.5e-04 seed=2
iter= 494 step=1584000 ep_ret=+89.206 opt_ret=+89.206 step_rew=0.8921 opt_step=0.8921 gap0=0.000 dret=+842.022 eval_ret=n/a pursuer_target_distance=1.035 capture=0.340 score=0.167 pol=-0.0004 val=0.0077 ent=0.6618 tot=+0.0016 agnorm=0.132 cgnorm=0.031 kl=0.0011 clipf=0.009 ev=+0.934 r0=1.0000 entcoef=2.87e-03 lr=1.5e-04 seed=2
iter= 495 step=1587200 ep_ret=+235.896 opt_ret=+235.896 step_rew=2.3590 opt_step=2.3590 gap0=0.000 dret=+988.713 eval_ret=n/a pursuer_target_distance=0.725 capture=0.414 score=0.240 pol=-0.0006 val=0.0053 ent=0.6724 tot=+0.0001 agnorm=0.137 cgnorm=0.030 kl=0.0010 clipf=0.007 ev=+0.937 r0=1.0000 entcoef=2.86e-03 lr=1.5e-04 seed=2
iter= 496 step=1590400 ep_ret=+131.396 opt_ret=+131.396 step_rew=1.3140 opt_step=1.3140 gap0=0.000 dret=+884.212 eval_ret=n/a pursuer_target_distance=0.708 capture=0.347 score=0.204 pol=-0.0006 val=0.0059 ent=0.6672 tot=+0.0005 agnorm=0.099 cgnorm=0.034 kl=0.0008 clipf=0.006 ev=+0.944 r0=1.0000 entcoef=2.85e-03 lr=1.5e-04 seed=2
iter= 497 step=1593600 ep_ret=+82.877 opt_ret=+82.877 step_rew=0.8288 opt_step=0.8288 gap0=0.000 dret=+835.694 eval_ret=n/a pursuer_target_distance=1.119 capture=0.324 score=0.153 pol=-0.0008 val=0.0054 ent=0.6787 tot=-0.0000 agnorm=0.166 cgnorm=0.023 kl=0.0021 clipf=0.019 ev=+0.944 r0=1.0000 entcoef=2.83e-03 lr=1.5e-04 seed=2
iter= 498 step=1596800 ep_ret=+117.482 opt_ret=+117.482 step_rew=1.1748 opt_step=1.1748 gap0=0.000 dret=+870.299 eval_ret=n/a pursuer_target_distance=0.805 capture=0.342 score=0.190 pol=-0.0006 val=0.0052 ent=0.6872 tot=+0.0001 agnorm=0.128 cgnorm=0.025 kl=0.0015 clipf=0.014 ev=+0.949 r0=1.0000 entcoef=2.82e-03 lr=1.5e-04 seed=2
iter= 499 step=1600000 ep_ret=+131.622 opt_ret=+131.622 step_rew=1.3162 opt_step=1.3162 gap0=0.000 dret=+884.438 eval_ret=n/a pursuer_target_distance=0.826 capture=0.352 score=0.193 pol=-0.0005 val=0.0059 ent=0.7042 tot=+0.0004 agnorm=0.158 cgnorm=0.032 kl=0.0011 clipf=0.006 ev=+0.945 r0=1.0000 entcoef=2.80e-03 lr=1.5e-04 seed=2
iter= 500 step=1603200 ep_ret=+104.182 opt_ret=+104.182 step_rew=1.0418 opt_step=1.0418 gap0=0.000 dret=+856.999 eval_ret=+486.124 pursuer_target_distance=0.793 capture=0.334 score=0.186 pol=-0.0004 val=0.0051 ent=0.6748 tot=+0.0003 agnorm=0.070 cgnorm=0.027 kl=0.0006 clipf=0.002 ev=+0.951 r0=1.0000 entcoef=2.79e-03 lr=1.5e-04 seed=2
iter= 501 step=1606400 ep_ret=+110.604 opt_ret=+110.604 step_rew=1.1060 opt_step=1.1060 gap0=0.000 dret=+863.421 eval_ret=n/a pursuer_target_distance=0.779 capture=0.341 score=0.191 pol=-0.0004 val=0.0052 ent=0.6569 tot=+0.0003 agnorm=0.130 cgnorm=0.020 kl=0.0009 clipf=0.007 ev=+0.951 r0=1.0000 entcoef=2.77e-03 lr=1.5e-04 seed=2
iter= 502 step=1609600 ep_ret=+9.505 opt_ret=+9.505 step_rew=0.0951 opt_step=0.0951 gap0=0.000 dret=+762.322 eval_ret=n/a pursuer_target_distance=1.248 capture=0.297 score=0.132 pol=-0.0004 val=0.0070 ent=0.6661 tot=+0.0013 agnorm=0.093 cgnorm=0.028 kl=0.0006 clipf=0.003 ev=+0.945 r0=1.0000 entcoef=2.76e-03 lr=1.4e-04 seed=2
iter= 503 step=1612800 ep_ret=+110.411 opt_ret=+110.411 step_rew=1.1041 opt_step=1.1041 gap0=0.000 dret=+863.228 eval_ret=n/a pursuer_target_distance=0.788 capture=0.333 score=0.186 pol=-0.0008 val=0.0049 ent=0.6815 tot=-0.0002 agnorm=0.177 cgnorm=0.026 kl=0.0014 clipf=0.012 ev=+0.954 r0=1.0000 entcoef=2.75e-03 lr=1.4e-04 seed=2
iter= 504 step=1616000 ep_ret=+180.792 opt_ret=+180.792 step_rew=1.8079 opt_step=1.8079 gap0=0.000 dret=+933.609 eval_ret=n/a pursuer_target_distance=0.572 capture=0.372 score=0.237 pol=-0.0005 val=0.0068 ent=0.6808 tot=+0.0010 agnorm=0.102 cgnorm=0.030 kl=0.0009 clipf=0.005 ev=+0.926 r0=1.0000 entcoef=2.73e-03 lr=1.4e-04 seed=2
iter= 505 step=1619200 ep_ret=+163.349 opt_ret=+163.349 step_rew=1.6335 opt_step=1.6335 gap0=0.000 dret=+916.166 eval_ret=n/a pursuer_target_distance=0.722 capture=0.371 score=0.216 pol=-0.0002 val=0.0063 ent=0.6679 tot=+0.0011 agnorm=0.087 cgnorm=0.030 kl=0.0008 clipf=0.005 ev=+0.922 r0=1.0000 entcoef=2.72e-03 lr=1.4e-04 seed=2
iter= 506 step=1622400 ep_ret=+146.941 opt_ret=+146.941 step_rew=1.4694 opt_step=1.4694 gap0=0.000 dret=+899.758 eval_ret=n/a pursuer_target_distance=0.903 capture=0.362 score=0.190 pol=-0.0004 val=0.0051 ent=0.6652 tot=+0.0003 agnorm=0.136 cgnorm=0.029 kl=0.0010 clipf=0.008 ev=+0.947 r0=1.0000 entcoef=2.70e-03 lr=1.4e-04 seed=2
iter= 507 step=1625600 ep_ret=+198.727 opt_ret=+198.727 step_rew=1.9873 opt_step=1.9873 gap0=0.000 dret=+951.543 eval_ret=n/a pursuer_target_distance=1.001 capture=0.402 score=0.201 pol=-0.0003 val=0.0057 ent=0.6650 tot=+0.0008 agnorm=0.123 cgnorm=0.031 kl=0.0005 clipf=0.003 ev=+0.936 r0=1.0000 entcoef=2.69e-03 lr=1.4e-04 seed=2
iter= 508 step=1628800 ep_ret=+96.742 opt_ret=+96.742 step_rew=0.9674 opt_step=0.9674 gap0=0.000 dret=+849.559 eval_ret=n/a pursuer_target_distance=0.850 capture=0.343 score=0.185 pol=-0.0004 val=0.0051 ent=0.6725 tot=+0.0004 agnorm=0.137 cgnorm=0.030 kl=0.0011 clipf=0.011 ev=+0.950 r0=1.0000 entcoef=2.67e-03 lr=1.4e-04 seed=2
iter= 509 step=1632000 ep_ret=+188.791 opt_ret=+188.791 step_rew=1.8879 opt_step=1.8879 gap0=0.000 dret=+941.608 eval_ret=n/a pursuer_target_distance=0.684 capture=0.388 score=0.231 pol=-0.0006 val=0.0049 ent=0.6876 tot=+0.0000 agnorm=0.186 cgnorm=0.029 kl=0.0010 clipf=0.009 ev=+0.954 r0=1.0000 entcoef=2.66e-03 lr=1.4e-04 seed=2
iter= 510 step=1635200 ep_ret=+125.611 opt_ret=+125.611 step_rew=1.2561 opt_step=1.2561 gap0=0.000 dret=+878.428 eval_ret=n/a pursuer_target_distance=0.615 capture=0.347 score=0.215 pol=-0.0008 val=0.0044 ent=0.6877 tot=-0.0004 agnorm=0.164 cgnorm=0.024 kl=0.0017 clipf=0.017 ev=+0.961 r0=1.0000 entcoef=2.64e-03 lr=1.4e-04 seed=2
iter= 511 step=1638400 ep_ret=+153.342 opt_ret=+153.342 step_rew=1.5334 opt_step=1.5334 gap0=0.000 dret=+906.159 eval_ret=n/a pursuer_target_distance=0.997 capture=0.362 score=0.181 pol=-0.0003 val=0.0053 ent=0.6688 tot=+0.0005 agnorm=0.132 cgnorm=0.024 kl=0.0008 clipf=0.005 ev=+0.947 r0=1.0000 entcoef=2.63e-03 lr=1.3e-04 seed=2
iter= 512 step=1641600 ep_ret=+116.751 opt_ret=+116.751 step_rew=1.1675 opt_step=1.1675 gap0=0.000 dret=+869.567 eval_ret=n/a pursuer_target_distance=0.988 capture=0.355 score=0.179 pol=-0.0004 val=0.0066 ent=0.6574 tot=+0.0011 agnorm=0.140 cgnorm=0.037 kl=0.0009 clipf=0.006 ev=+0.938 r0=1.0000 entcoef=2.62e-03 lr=1.3e-04 seed=2
iter= 513 step=1644800 ep_ret=+145.615 opt_ret=+145.615 step_rew=1.4562 opt_step=1.4562 gap0=0.000 dret=+898.432 eval_ret=n/a pursuer_target_distance=0.889 capture=0.359 score=0.190 pol=-0.0003 val=0.0058 ent=0.6688 tot=+0.0009 agnorm=0.072 cgnorm=0.027 kl=0.0009 clipf=0.007 ev=+0.942 r0=1.0000 entcoef=2.60e-03 lr=1.3e-04 seed=2
iter= 514 step=1648000 ep_ret=+192.275 opt_ret=+192.275 step_rew=1.9228 opt_step=1.9228 gap0=0.000 dret=+945.092 eval_ret=n/a pursuer_target_distance=0.740 capture=0.386 score=0.222 pol=-0.0005 val=0.0069 ent=0.6764 tot=+0.0013 agnorm=0.105 cgnorm=0.026 kl=0.0008 clipf=0.006 ev=+0.923 r0=1.0000 entcoef=2.59e-03 lr=1.3e-04 seed=2
iter= 515 step=1651200 ep_ret=+100.482 opt_ret=+100.482 step_rew=1.0048 opt_step=1.0048 gap0=0.000 dret=+853.298 eval_ret=n/a pursuer_target_distance=1.045 capture=0.339 score=0.166 pol=-0.0005 val=0.0058 ent=0.6466 tot=+0.0008 agnorm=0.123 cgnorm=0.024 kl=0.0007 clipf=0.005 ev=+0.945 r0=1.0000 entcoef=2.57e-03 lr=1.3e-04 seed=2
iter= 516 step=1654400 ep_ret=+90.470 opt_ret=+90.470 step_rew=0.9047 opt_step=0.9047 gap0=0.000 dret=+843.287 eval_ret=n/a pursuer_target_distance=0.910 capture=0.326 score=0.171 pol=-0.0006 val=0.0045 ent=0.6719 tot=-0.0000 agnorm=0.112 cgnorm=0.025 kl=0.0007 clipf=0.004 ev=+0.955 r0=1.0000 entcoef=2.56e-03 lr=1.3e-04 seed=2
iter= 517 step=1657600 ep_ret=+142.978 opt_ret=+142.978 step_rew=1.4298 opt_step=1.4298 gap0=0.000 dret=+895.795 eval_ret=n/a pursuer_target_distance=0.814 capture=0.356 score=0.196 pol=-0.0004 val=0.0053 ent=0.6542 tot=+0.0006 agnorm=0.121 cgnorm=0.020 kl=0.0007 clipf=0.005 ev=+0.949 r0=1.0000 entcoef=2.54e-03 lr=1.3e-04 seed=2
iter= 518 step=1660800 ep_ret=+118.359 opt_ret=+118.359 step_rew=1.1836 opt_step=1.1836 gap0=0.000 dret=+871.176 eval_ret=n/a pursuer_target_distance=0.671 capture=0.333 score=0.199 pol=-0.0006 val=0.0048 ent=0.6772 tot=+0.0001 agnorm=0.153 cgnorm=0.020 kl=0.0013 clipf=0.012 ev=+0.946 r0=1.0000 entcoef=2.53e-03 lr=1.3e-04 seed=2
iter= 519 step=1664000 ep_ret=+103.163 opt_ret=+103.163 step_rew=1.0316 opt_step=1.0316 gap0=0.000 dret=+855.979 eval_ret=n/a pursuer_target_distance=0.912 capture=0.337 score=0.176 pol=-0.0006 val=0.0061 ent=0.6623 tot=+0.0008 agnorm=0.228 cgnorm=0.031 kl=0.0017 clipf=0.017 ev=+0.943 r0=1.0000 entcoef=2.51e-03 lr=1.3e-04 seed=2
iter= 520 step=1667200 ep_ret=+202.820 opt_ret=+202.820 step_rew=2.0282 opt_step=2.0282 gap0=0.000 dret=+955.637 eval_ret=+486.398 pursuer_target_distance=0.768 capture=0.406 score=0.229 pol=-0.0003 val=0.0042 ent=0.6567 tot=+0.0001 agnorm=0.122 cgnorm=0.026 kl=0.0007 clipf=0.004 ev=+0.950 r0=1.0000 entcoef=2.50e-03 lr=1.3e-04 seed=2
iter= 521 step=1670400 ep_ret=+121.670 opt_ret=+121.670 step_rew=1.2167 opt_step=1.2167 gap0=0.000 dret=+874.487 eval_ret=n/a pursuer_target_distance=0.906 capture=0.359 score=0.188 pol=-0.0004 val=0.0066 ent=0.6536 tot=+0.0012 agnorm=0.096 cgnorm=0.034 kl=0.0007 clipf=0.003 ev=+0.943 r0=1.0000 entcoef=2.49e-03 lr=1.2e-04 seed=2
iter= 522 step=1673600 ep_ret=+17.196 opt_ret=+17.196 step_rew=0.1720 opt_step=0.1720 gap0=0.000 dret=+770.013 eval_ret=n/a pursuer_target_distance=1.121 capture=0.310 score=0.146 pol=-0.0005 val=0.0071 ent=0.6565 tot=+0.0014 agnorm=0.100 cgnorm=0.033 kl=0.0008 clipf=0.004 ev=+0.942 r0=1.0000 entcoef=2.47e-03 lr=1.2e-04 seed=2
iter= 523 step=1676800 ep_ret=+102.234 opt_ret=+102.234 step_rew=1.0223 opt_step=1.0223 gap0=0.000 dret=+855.051 eval_ret=n/a pursuer_target_distance=0.863 capture=0.339 score=0.182 pol=-0.0005 val=0.0058 ent=0.6458 tot=+0.0008 agnorm=0.132 cgnorm=0.025 kl=0.0010 clipf=0.008 ev=+0.948 r0=1.0000 entcoef=2.46e-03 lr=1.2e-04 seed=2
iter= 524 step=1680000 ep_ret=+131.724 opt_ret=+131.724 step_rew=1.3172 opt_step=1.3172 gap0=0.000 dret=+884.541 eval_ret=n/a pursuer_target_distance=0.906 capture=0.359 score=0.188 pol=-0.0006 val=0.0061 ent=0.6497 tot=+0.0009 agnorm=0.126 cgnorm=0.026 kl=0.0011 clipf=0.009 ev=+0.943 r0=1.0000 entcoef=2.44e-03 lr=1.2e-04 seed=2
iter= 525 step=1683200 ep_ret=+175.065 opt_ret=+175.065 step_rew=1.7506 opt_step=1.7506 gap0=0.000 dret=+927.881 eval_ret=n/a pursuer_target_distance=0.841 capture=0.392 score=0.213 pol=-0.0006 val=0.0053 ent=0.6702 tot=+0.0005 agnorm=0.118 cgnorm=0.026 kl=0.0014 clipf=0.011 ev=+0.945 r0=1.0000 entcoef=2.43e-03 lr=1.2e-04 seed=2
iter= 526 step=1686400 ep_ret=+66.638 opt_ret=+66.638 step_rew=0.6664 opt_step=0.6664 gap0=0.000 dret=+819.455 eval_ret=n/a pursuer_target_distance=0.934 capture=0.310 score=0.160 pol=-0.0003 val=0.0049 ent=0.6368 tot=+0.0007 agnorm=0.082 cgnorm=0.027 kl=0.0006 clipf=0.003 ev=+0.955 r0=1.0000 entcoef=2.41e-03 lr=1.2e-04 seed=2
iter= 527 step=1689600 ep_ret=+180.283 opt_ret=+180.283 step_rew=1.8028 opt_step=1.8028 gap0=0.000 dret=+933.099 eval_ret=n/a pursuer_target_distance=0.909 capture=0.398 score=0.208 pol=-0.0004 val=0.0072 ent=0.6477 tot=+0.0017 agnorm=0.099 cgnorm=0.027 kl=0.0004 clipf=0.002 ev=+0.923 r0=1.0000 entcoef=2.40e-03 lr=1.2e-04 seed=2
iter= 528 step=1692800 ep_ret=+188.727 opt_ret=+188.727 step_rew=1.8873 opt_step=1.8873 gap0=0.000 dret=+941.544 eval_ret=n/a pursuer_target_distance=0.668 capture=0.386 score=0.231 pol=-0.0005 val=0.0054 ent=0.6694 tot=+0.0006 agnorm=0.099 cgnorm=0.025 kl=0.0009 clipf=0.005 ev=+0.937 r0=1.0000 entcoef=2.38e-03 lr=1.2e-04 seed=2
iter= 529 step=1696000 ep_ret=+125.707 opt_ret=+125.707 step_rew=1.2571 opt_step=1.2571 gap0=0.000 dret=+878.524 eval_ret=n/a pursuer_target_distance=0.745 capture=0.341 score=0.196 pol=-0.0005 val=0.0047 ent=0.6728 tot=+0.0003 agnorm=0.152 cgnorm=0.017 kl=0.0009 clipf=0.005 ev=+0.950 r0=1.0000 entcoef=2.37e-03 lr=1.2e-04 seed=2
iter= 530 step=1699200 ep_ret=+63.931 opt_ret=+63.931 step_rew=0.6393 opt_step=0.6393 gap0=0.000 dret=+816.747 eval_ret=n/a pursuer_target_distance=0.869 capture=0.315 score=0.169 pol=-0.0004 val=0.0057 ent=0.6569 tot=+0.0009 agnorm=0.121 cgnorm=0.023 kl=0.0006 clipf=0.003 ev=+0.950 r0=1.0000 entcoef=2.36e-03 lr=1.1e-04 seed=2
iter= 531 step=1702400 ep_ret=+81.591 opt_ret=+81.591 step_rew=0.8159 opt_step=0.8159 gap0=0.000 dret=+834.408 eval_ret=n/a pursuer_target_distance=1.125 capture=0.335 score=0.158 pol=-0.0003 val=0.0054 ent=0.6664 tot=+0.0008 agnorm=0.074 cgnorm=0.020 kl=0.0005 clipf=0.002 ev=+0.949 r0=1.0000 entcoef=2.34e-03 lr=1.1e-04 seed=2
iter= 532 step=1705600 ep_ret=+168.860 opt_ret=+168.860 step_rew=1.6886 opt_step=1.6886 gap0=0.000 dret=+921.677 eval_ret=n/a pursuer_target_distance=0.731 capture=0.372 score=0.215 pol=-0.0007 val=0.0058 ent=0.6651 tot=+0.0007 agnorm=0.149 cgnorm=0.023 kl=0.0012 clipf=0.011 ev=+0.929 r0=1.0000 entcoef=2.33e-03 lr=1.1e-04 seed=2
iter= 533 step=1708800 ep_ret=+131.718 opt_ret=+131.718 step_rew=1.3172 opt_step=1.3172 gap0=0.000 dret=+884.535 eval_ret=n/a pursuer_target_distance=0.870 capture=0.362 score=0.194 pol=-0.0003 val=0.0049 ent=0.6476 tot=+0.0007 agnorm=0.158 cgnorm=0.020 kl=0.0005 clipf=0.003 ev=+0.947 r0=1.0000 entcoef=2.31e-03 lr=1.1e-04 seed=2
iter= 534 step=1712000 ep_ret=+259.496 opt_ret=+259.496 step_rew=2.5950 opt_step=2.5950 gap0=0.000 dret=+1012.312 eval_ret=n/a pursuer_target_distance=0.685 capture=0.437 score=0.259 pol=-0.0006 val=0.0054 ent=0.6854 tot=+0.0005 agnorm=0.132 cgnorm=0.029 kl=0.0011 clipf=0.009 ev=+0.930 r0=1.0000 entcoef=2.30e-03 lr=1.1e-04 seed=2
iter= 535 step=1715200 ep_ret=+244.142 opt_ret=+244.142 step_rew=2.4414 opt_step=2.4414 gap0=0.000 dret=+996.959 eval_ret=n/a pursuer_target_distance=0.734 capture=0.426 score=0.246 pol=-0.0005 val=0.0047 ent=0.6744 tot=+0.0003 agnorm=0.175 cgnorm=0.021 kl=0.0014 clipf=0.014 ev=+0.946 r0=1.0000 entcoef=2.28e-03 lr=1.1e-04 seed=2
iter= 536 step=1718400 ep_ret=+88.312 opt_ret=+88.312 step_rew=0.8831 opt_step=0.8831 gap0=0.000 dret=+841.129 eval_ret=n/a pursuer_target_distance=1.148 capture=0.336 score=0.156 pol=-0.0002 val=0.0054 ent=0.6570 tot=+0.0010 agnorm=0.112 cgnorm=0.025 kl=0.0006 clipf=0.005 ev=+0.951 r0=1.0000 entcoef=2.27e-03 lr=1.1e-04 seed=2
iter= 537 step=1721600 ep_ret=+136.221 opt_ret=+136.221 step_rew=1.3622 opt_step=1.3622 gap0=0.000 dret=+889.038 eval_ret=n/a pursuer_target_distance=0.796 capture=0.356 score=0.198 pol=-0.0003 val=0.0061 ent=0.6469 tot=+0.0013 agnorm=0.129 cgnorm=0.024 kl=0.0007 clipf=0.005 ev=+0.930 r0=1.0000 entcoef=2.25e-03 lr=1.1e-04 seed=2
iter= 538 step=1724800 ep_ret=+16.008 opt_ret=+16.008 step_rew=0.1601 opt_step=0.1601 gap0=0.000 dret=+768.825 eval_ret=n/a pursuer_target_distance=0.978 capture=0.281 score=0.142 pol=-0.0004 val=0.0051 ent=0.6666 tot=+0.0007 agnorm=0.159 cgnorm=0.022 kl=0.0007 clipf=0.004 ev=+0.949 r0=1.0000 entcoef=2.24e-03 lr=1.1e-04 seed=2
iter= 539 step=1728000 ep_ret=+110.735 opt_ret=+110.735 step_rew=1.1073 opt_step=1.1073 gap0=0.000 dret=+863.551 eval_ret=n/a pursuer_target_distance=0.854 capture=0.364 score=0.196 pol=-0.0003 val=0.0048 ent=0.6610 tot=+0.0006 agnorm=0.086 cgnorm=0.019 kl=0.0006 clipf=0.002 ev=+0.957 r0=1.0000 entcoef=2.23e-03 lr=1.0e-04 seed=2
iter= 540 step=1731200 ep_ret=+194.513 opt_ret=+194.513 step_rew=1.9451 opt_step=1.9451 gap0=0.000 dret=+947.330 eval_ret=+488.628 pursuer_target_distance=0.809 capture=0.398 score=0.220 pol=-0.0004 val=0.0051 ent=0.6750 tot=+0.0006 agnorm=0.128 cgnorm=0.023 kl=0.0010 clipf=0.009 ev=+0.944 r0=1.0000 entcoef=2.21e-03 lr=1.0e-04 seed=2
iter= 541 step=1734400 ep_ret=+174.923 opt_ret=+174.923 step_rew=1.7492 opt_step=1.7492 gap0=0.000 dret=+927.739 eval_ret=n/a pursuer_target_distance=0.749 capture=0.382 score=0.218 pol=-0.0003 val=0.0047 ent=0.6675 tot=+0.0006 agnorm=0.075 cgnorm=0.022 kl=0.0003 clipf=0.002 ev=+0.946 r0=1.0000 entcoef=2.20e-03 lr=1.0e-04 seed=2
iter= 542 step=1737600 ep_ret=+170.183 opt_ret=+170.183 step_rew=1.7018 opt_step=1.7018 gap0=0.000 dret=+922.999 eval_ret=n/a pursuer_target_distance=0.810 capture=0.374 score=0.207 pol=-0.0006 val=0.0049 ent=0.6716 tot=+0.0004 agnorm=0.129 cgnorm=0.018 kl=0.0012 clipf=0.010 ev=+0.942 r0=1.0000 entcoef=2.18e-03 lr=1.0e-04 seed=2
iter= 543 step=1740800 ep_ret=+215.728 opt_ret=+215.728 step_rew=2.1573 opt_step=2.1573 gap0=0.000 dret=+968.544 eval_ret=n/a pursuer_target_distance=0.716 capture=0.404 score=0.235 pol=-0.0004 val=0.0044 ent=0.6826 tot=+0.0004 agnorm=0.179 cgnorm=0.027 kl=0.0009 clipf=0.010 ev=+0.946 r0=1.0000 entcoef=2.17e-03 lr=1.0e-04 seed=2
iter= 544 step=1744000 ep_ret=+117.295 opt_ret=+117.295 step_rew=1.1729 opt_step=1.1729 gap0=0.000 dret=+870.111 eval_ret=n/a pursuer_target_distance=0.941 capture=0.367 score=0.189 pol=-0.0007 val=0.0069 ent=0.6742 tot=+0.0013 agnorm=0.183 cgnorm=0.030 kl=0.0010 clipf=0.009 ev=+0.932 r0=1.0000 entcoef=2.15e-03 lr=9.8e-05 seed=2
iter= 545 step=1747200 ep_ret=+127.844 opt_ret=+127.844 step_rew=1.2784 opt_step=1.2784 gap0=0.000 dret=+880.661 eval_ret=n/a pursuer_target_distance=0.948 capture=0.360 score=0.185 pol=-0.0004 val=0.0055 ent=0.6602 tot=+0.0010 agnorm=0.149 cgnorm=0.026 kl=0.0008 clipf=0.005 ev=+0.946 r0=1.0000 entcoef=2.14e-03 lr=9.7e-05 seed=2
iter= 546 step=1750400 ep_ret=+251.540 opt_ret=+251.540 step_rew=2.5154 opt_step=2.5154 gap0=0.000 dret=+1004.357 eval_ret=n/a pursuer_target_distance=0.751 capture=0.435 score=0.249 pol=-0.0004 val=0.0053 ent=0.6768 tot=+0.0008 agnorm=0.118 cgnorm=0.022 kl=0.0009 clipf=0.005 ev=+0.938 r0=1.0000 entcoef=2.13e-03 lr=9.6e-05 seed=2
iter= 547 step=1753600 ep_ret=+108.646 opt_ret=+108.646 step_rew=1.0865 opt_step=1.0865 gap0=0.000 dret=+861.462 eval_ret=n/a pursuer_target_distance=0.881 capture=0.356 score=0.189 pol=-0.0003 val=0.0059 ent=0.6848 tot=+0.0012 agnorm=0.088 cgnorm=0.025 kl=0.0004 clipf=0.001 ev=+0.951 r0=1.0000 entcoef=2.11e-03 lr=9.5e-05 seed=2
iter= 548 step=1756800 ep_ret=+137.673 opt_ret=+137.673 step_rew=1.3767 opt_step=1.3767 gap0=0.000 dret=+890.489 eval_ret=n/a pursuer_target_distance=1.148 capture=0.376 score=0.175 pol=-0.0001 val=0.0051 ent=0.6544 tot=+0.0010 agnorm=0.072 cgnorm=0.018 kl=0.0003 clipf=0.001 ev=+0.950 r0=1.0000 entcoef=2.10e-03 lr=9.4e-05 seed=2
iter= 549 step=1760000 ep_ret=+203.934 opt_ret=+203.934 step_rew=2.0393 opt_step=2.0393 gap0=0.000 dret=+956.751 eval_ret=n/a pursuer_target_distance=0.852 capture=0.402 score=0.217 pol=-0.0004 val=0.0056 ent=0.6674 tot=+0.0010 agnorm=0.115 cgnorm=0.020 kl=0.0005 clipf=0.002 ev=+0.936 r0=1.0000 entcoef=2.08e-03 lr=9.3e-05 seed=2
iter= 550 step=1763200 ep_ret=+116.549 opt_ret=+116.549 step_rew=1.1655 opt_step=1.1655 gap0=0.000 dret=+869.365 eval_ret=n/a pursuer_target_distance=0.810 capture=0.350 score=0.194 pol=-0.0004 val=0.0063 ent=0.6561 tot=+0.0014 agnorm=0.219 cgnorm=0.025 kl=0.0007 clipf=0.005 ev=+0.938 r0=1.0000 entcoef=2.07e-03 lr=9.2e-05 seed=2
iter= 551 step=1766400 ep_ret=+154.021 opt_ret=+154.021 step_rew=1.5402 opt_step=1.5402 gap0=0.000 dret=+906.838 eval_ret=n/a pursuer_target_distance=0.995 capture=0.378 score=0.190 pol=-0.0003 val=0.0055 ent=0.6568 tot=+0.0011 agnorm=0.102 cgnorm=0.023 kl=0.0005 clipf=0.003 ev=+0.941 r0=1.0000 entcoef=2.05e-03 lr=9.1e-05 seed=2
iter= 552 step=1769600 ep_ret=+264.654 opt_ret=+264.654 step_rew=2.6465 opt_step=2.6465 gap0=0.000 dret=+1017.471 eval_ret=n/a pursuer_target_distance=0.739 capture=0.444 score=0.255 pol=-0.0004 val=0.0050 ent=0.6698 tot=+0.0008 agnorm=0.109 cgnorm=0.021 kl=0.0005 clipf=0.004 ev=+0.942 r0=1.0000 entcoef=2.04e-03 lr=9.0e-05 seed=2
iter= 553 step=1772800 ep_ret=+139.312 opt_ret=+139.312 step_rew=1.3931 opt_step=1.3931 gap0=0.000 dret=+892.129 eval_ret=n/a pursuer_target_distance=0.737 capture=0.349 score=0.201 pol=-0.0002 val=0.0051 ent=0.6755 tot=+0.0010 agnorm=0.093 cgnorm=0.026 kl=0.0006 clipf=0.004 ev=+0.939 r0=1.0000 entcoef=2.02e-03 lr=8.9e-05 seed=2
iter= 554 step=1776000 ep_ret=+203.853 opt_ret=+203.853 step_rew=2.0385 opt_step=2.0385 gap0=0.000 dret=+956.670 eval_ret=n/a pursuer_target_distance=0.807 capture=0.401 score=0.222 pol=-0.0004 val=0.0061 ent=0.6755 tot=+0.0012 agnorm=0.066 cgnorm=0.023 kl=0.0005 clipf=0.002 ev=+0.936 r0=1.0000 entcoef=2.01e-03 lr=8.7e-05 seed=2
iter= 555 step=1779200 ep_ret=+78.840 opt_ret=+78.840 step_rew=0.7884 opt_step=0.7884 gap0=0.000 dret=+831.656 eval_ret=n/a pursuer_target_distance=0.733 capture=0.308 score=0.178 pol=-0.0006 val=0.0051 ent=0.6488 tot=+0.0007 agnorm=0.156 cgnorm=0.028 kl=0.0008 clipf=0.006 ev=+0.949 r0=1.0000 entcoef=2.00e-03 lr=8.6e-05 seed=2
iter= 556 step=1782400 ep_ret=+121.932 opt_ret=+121.932 step_rew=1.2193 opt_step=1.2193 gap0=0.000 dret=+874.749 eval_ret=n/a pursuer_target_distance=0.856 capture=0.346 score=0.186 pol=-0.0004 val=0.0041 ent=0.6601 tot=+0.0003 agnorm=0.115 cgnorm=0.019 kl=0.0006 clipf=0.005 ev=+0.954 r0=1.0000 entcoef=1.98e-03 lr=8.5e-05 seed=2
iter= 557 step=1785600 ep_ret=+185.706 opt_ret=+185.706 step_rew=1.8571 opt_step=1.8571 gap0=0.000 dret=+938.522 eval_ret=n/a pursuer_target_distance=0.796 capture=0.393 score=0.219 pol=-0.0004 val=0.0045 ent=0.6629 tot=+0.0005 agnorm=0.092 cgnorm=0.023 kl=0.0005 clipf=0.001 ev=+0.948 r0=1.0000 entcoef=1.97e-03 lr=8.4e-05 seed=2
iter= 558 step=1788800 ep_ret=+134.382 opt_ret=+134.382 step_rew=1.3438 opt_step=1.3438 gap0=0.000 dret=+887.199 eval_ret=n/a pursuer_target_distance=0.932 capture=0.361 score=0.187 pol=-0.0002 val=0.0060 ent=0.6561 tot=+0.0015 agnorm=0.081 cgnorm=0.028 kl=0.0004 clipf=0.001 ev=+0.933 r0=1.0000 entcoef=1.95e-03 lr=8.3e-05 seed=2
iter= 559 step=1792000 ep_ret=+91.723 opt_ret=+91.723 step_rew=0.9172 opt_step=0.9172 gap0=0.000 dret=+844.539 eval_ret=n/a pursuer_target_distance=0.990 capture=0.339 score=0.170 pol=-0.0002 val=0.0054 ent=0.6384 tot=+0.0012 agnorm=0.074 cgnorm=0.025 kl=0.0003 clipf=0.000 ev=+0.947 r0=1.0000 entcoef=1.94e-03 lr=8.2e-05 seed=2
iter= 560 step=1795200 ep_ret=+159.923 opt_ret=+159.923 step_rew=1.5992 opt_step=1.5992 gap0=0.000 dret=+912.739 eval_ret=+487.412 pursuer_target_distance=1.089 capture=0.384 score=0.184 pol=-0.0004 val=0.0056 ent=0.6402 tot=+0.0011 agnorm=0.103 cgnorm=0.022 kl=0.0005 clipf=0.002 ev=+0.942 r0=1.0000 entcoef=1.92e-03 lr=8.1e-05 seed=2
iter= 561 step=1798400 ep_ret=+32.379 opt_ret=+32.379 step_rew=0.3238 opt_step=0.3238 gap0=0.000 dret=+785.195 eval_ret=n/a pursuer_target_distance=0.968 capture=0.304 score=0.154 pol=-0.0003 val=0.0051 ent=0.6359 tot=+0.0011 agnorm=0.108 cgnorm=0.023 kl=0.0007 clipf=0.003 ev=+0.951 r0=1.0000 entcoef=1.91e-03 lr=8.0e-05 seed=2
iter= 562 step=1801600 ep_ret=+207.768 opt_ret=+207.768 step_rew=2.0777 opt_step=2.0777 gap0=0.000 dret=+960.584 eval_ret=n/a pursuer_target_distance=0.774 capture=0.407 score=0.230 pol=-0.0004 val=0.0061 ent=0.6480 tot=+0.0014 agnorm=0.134 cgnorm=0.036 kl=0.0006 clipf=0.003 ev=+0.932 r0=1.0000 entcoef=1.89e-03 lr=7.9e-05 seed=2
iter= 563 step=1804800 ep_ret=+102.397 opt_ret=+102.397 step_rew=1.0240 opt_step=1.0240 gap0=0.000 dret=+855.214 eval_ret=n/a pursuer_target_distance=0.924 capture=0.342 score=0.178 pol=-0.0003 val=0.0066 ent=0.6453 tot=+0.0018 agnorm=0.119 cgnorm=0.026 kl=0.0004 clipf=0.003 ev=+0.932 r0=1.0000 entcoef=1.88e-03 lr=7.7e-05 seed=2
iter= 564 step=1808000 ep_ret=+144.843 opt_ret=+144.843 step_rew=1.4484 opt_step=1.4484 gap0=0.000 dret=+897.659 eval_ret=n/a pursuer_target_distance=1.070 capture=0.374 score=0.181 pol=-0.0002 val=0.0050 ent=0.6567 tot=+0.0011 agnorm=0.068 cgnorm=0.018 kl=0.0002 clipf=0.000 ev=+0.948 r0=1.0000 entcoef=1.87e-03 lr=7.6e-05 seed=2
iter= 565 step=1811200 ep_ret=+136.993 opt_ret=+136.993 step_rew=1.3699 opt_step=1.3699 gap0=0.000 dret=+889.810 eval_ret=n/a pursuer_target_distance=0.779 capture=0.362 score=0.204 pol=-0.0004 val=0.0045 ent=0.6519 tot=+0.0006 agnorm=0.116 cgnorm=0.022 kl=0.0005 clipf=0.002 ev=+0.944 r0=1.0000 entcoef=1.85e-03 lr=7.5e-05 seed=2
iter= 566 step=1814400 ep_ret=+105.378 opt_ret=+105.378 step_rew=1.0538 opt_step=1.0538 gap0=0.000 dret=+858.195 eval_ret=n/a pursuer_target_distance=0.868 capture=0.342 score=0.183 pol=-0.0002 val=0.0052 ent=0.6719 tot=+0.0012 agnorm=0.088 cgnorm=0.024 kl=0.0003 clipf=0.001 ev=+0.951 r0=1.0000 entcoef=1.84e-03 lr=7.4e-05 seed=2
iter= 567 step=1817600 ep_ret=+81.881 opt_ret=+81.881 step_rew=0.8188 opt_step=0.8188 gap0=0.000 dret=+834.698 eval_ret=n/a pursuer_target_distance=0.996 capture=0.338 score=0.170 pol=-0.0004 val=0.0056 ent=0.6615 tot=+0.0012 agnorm=0.150 cgnorm=0.028 kl=0.0007 clipf=0.006 ev=+0.942 r0=1.0000 entcoef=1.82e-03 lr=7.3e-05 seed=2
iter= 568 step=1820800 ep_ret=+85.801 opt_ret=+85.801 step_rew=0.8580 opt_step=0.8580 gap0=0.000 dret=+838.618 eval_ret=n/a pursuer_target_distance=0.945 capture=0.341 score=0.175 pol=-0.0004 val=0.0051 ent=0.6639 tot=+0.0009 agnorm=0.163 cgnorm=0.024 kl=0.0006 clipf=0.005 ev=+0.950 r0=1.0000 entcoef=1.81e-03 lr=7.2e-05 seed=2
iter= 569 step=1824000 ep_ret=+105.634 opt_ret=+105.634 step_rew=1.0563 opt_step=1.0563 gap0=0.000 dret=+858.451 eval_ret=n/a pursuer_target_distance=0.980 capture=0.333 score=0.168 pol=-0.0003 val=0.0045 ent=0.6457 tot=+0.0008 agnorm=0.107 cgnorm=0.021 kl=0.0007 clipf=0.003 ev=+0.951 r0=1.0000 entcoef=1.79e-03 lr=7.1e-05 seed=2
iter= 570 step=1827200 ep_ret=+93.425 opt_ret=+93.425 step_rew=0.9343 opt_step=0.9343 gap0=0.000 dret=+846.242 eval_ret=n/a pursuer_target_distance=0.710 capture=0.324 score=0.189 pol=-0.0002 val=0.0049 ent=0.6755 tot=+0.0010 agnorm=0.066 cgnorm=0.023 kl=0.0002 clipf=0.000 ev=+0.947 r0=1.0000 entcoef=1.78e-03 lr=7.0e-05 seed=2
iter= 571 step=1830400 ep_ret=+212.947 opt_ret=+212.947 step_rew=2.1295 opt_step=2.1295 gap0=0.000 dret=+965.763 eval_ret=n/a pursuer_target_distance=0.854 capture=0.414 score=0.224 pol=-0.0004 val=0.0047 ent=0.6506 tot=+0.0009 agnorm=0.118 cgnorm=0.025 kl=0.0005 clipf=0.002 ev=+0.941 r0=1.0000 entcoef=1.76e-03 lr=6.9e-05 seed=2
iter= 572 step=1833600 ep_ret=+131.580 opt_ret=+131.580 step_rew=1.3158 opt_step=1.3158 gap0=0.000 dret=+884.396 eval_ret=n/a pursuer_target_distance=0.854 capture=0.364 score=0.197 pol=-0.0002 val=0.0059 ent=0.6529 tot=+0.0016 agnorm=0.115 cgnorm=0.032 kl=0.0002 clipf=0.001 ev=+0.938 r0=1.0000 entcoef=1.75e-03 lr=6.8e-05 seed=2
iter= 573 step=1836800 ep_ret=+163.907 opt_ret=+163.907 step_rew=1.6391 opt_step=1.6391 gap0=0.000 dret=+916.724 eval_ret=n/a pursuer_target_distance=0.812 capture=0.387 score=0.213 pol=-0.0003 val=0.0051 ent=0.6385 tot=+0.0011 agnorm=0.104 cgnorm=0.026 kl=0.0004 clipf=0.002 ev=+0.943 r0=1.0000 entcoef=1.74e-03 lr=6.6e-05 seed=2
iter= 574 step=1840000 ep_ret=+106.829 opt_ret=+106.829 step_rew=1.0683 opt_step=1.0683 gap0=0.000 dret=+859.645 eval_ret=n/a pursuer_target_distance=0.833 capture=0.340 score=0.186 pol=-0.0002 val=0.0055 ent=0.6358 tot=+0.0015 agnorm=0.062 cgnorm=0.022 kl=0.0001 clipf=0.000 ev=+0.946 r0=1.0000 entcoef=1.72e-03 lr=6.5e-05 seed=2
iter= 575 step=1843200 ep_ret=+131.305 opt_ret=+131.305 step_rew=1.3131 opt_step=1.3131 gap0=0.000 dret=+884.122 eval_ret=n/a pursuer_target_distance=0.803 capture=0.366 score=0.203 pol=-0.0004 val=0.0047 ent=0.6314 tot=+0.0009 agnorm=0.093 cgnorm=0.020 kl=0.0004 clipf=0.001 ev=+0.953 r0=1.0000 entcoef=1.71e-03 lr=6.4e-05 seed=2
iter= 576 step=1846400 ep_ret=+77.141 opt_ret=+77.141 step_rew=0.7714 opt_step=0.7714 gap0=0.000 dret=+829.957 eval_ret=n/a pursuer_target_distance=1.139 capture=0.325 score=0.152 pol=-0.0004 val=0.0055 ent=0.6357 tot=+0.0013 agnorm=0.128 cgnorm=0.027 kl=0.0006 clipf=0.003 ev=+0.942 r0=1.0000 entcoef=1.69e-03 lr=6.3e-05 seed=2
iter= 577 step=1849600 ep_ret=+156.300 opt_ret=+156.300 step_rew=1.5630 opt_step=1.5630 gap0=0.000 dret=+909.116 eval_ret=n/a pursuer_target_distance=0.835 capture=0.375 score=0.204 pol=-0.0002 val=0.0050 ent=0.6482 tot=+0.0012 agnorm=0.087 cgnorm=0.026 kl=0.0003 clipf=0.001 ev=+0.942 r0=1.0000 entcoef=1.68e-03 lr=6.2e-05 seed=2
iter= 578 step=1852800 ep_ret=+71.724 opt_ret=+71.724 step_rew=0.7172 opt_step=0.7172 gap0=0.000 dret=+824.540 eval_ret=n/a pursuer_target_distance=0.932 capture=0.320 score=0.166 pol=-0.0006 val=0.0057 ent=0.6460 tot=+0.0012 agnorm=0.204 cgnorm=0.027 kl=0.0007 clipf=0.005 ev=+0.941 r0=1.0000 entcoef=1.66e-03 lr=6.1e-05 seed=2
iter= 579 step=1856000 ep_ret=+100.944 opt_ret=+100.944 step_rew=1.0094 opt_step=1.0094 gap0=0.000 dret=+853.760 eval_ret=n/a pursuer_target_distance=0.944 capture=0.333 score=0.171 pol=-0.0002 val=0.0058 ent=0.6668 tot=+0.0016 agnorm=0.096 cgnorm=0.026 kl=0.0006 clipf=0.002 ev=+0.932 r0=1.0000 entcoef=1.65e-03 lr=6.0e-05 seed=2
iter= 580 step=1859200 ep_ret=+99.007 opt_ret=+99.007 step_rew=0.9901 opt_step=0.9901 gap0=0.000 dret=+851.823 eval_ret=+475.829 pursuer_target_distance=0.954 capture=0.351 score=0.179 pol=-0.0003 val=0.0057 ent=0.6440 tot=+0.0015 agnorm=0.105 cgnorm=0.022 kl=0.0003 clipf=0.001 ev=+0.940 r0=1.0000 entcoef=1.63e-03 lr=5.9e-05 seed=2
iter= 581 step=1862400 ep_ret=+45.234 opt_ret=+45.234 step_rew=0.4523 opt_step=0.4523 gap0=0.000 dret=+798.051 eval_ret=n/a pursuer_target_distance=1.171 capture=0.305 score=0.141 pol=-0.0005 val=0.0055 ent=0.6397 tot=+0.0013 agnorm=0.082 cgnorm=0.025 kl=0.0007 clipf=0.002 ev=+0.947 r0=1.0000 entcoef=1.62e-03 lr=5.8e-05 seed=2
iter= 582 step=1865600 ep_ret=+167.980 opt_ret=+167.980 step_rew=1.6798 opt_step=1.6798 gap0=0.000 dret=+920.797 eval_ret=n/a pursuer_target_distance=0.857 capture=0.381 score=0.205 pol=-0.0005 val=0.0052 ent=0.6470 tot=+0.0011 agnorm=0.140 cgnorm=0.033 kl=0.0010 clipf=0.006 ev=+0.937 r0=1.0000 entcoef=1.61e-03 lr=5.6e-05 seed=2
iter= 583 step=1868800 ep_ret=+110.964 opt_ret=+110.964 step_rew=1.1096 opt_step=1.1096 gap0=0.000 dret=+863.781 eval_ret=n/a pursuer_target_distance=0.924 capture=0.346 score=0.180 pol=-0.0002 val=0.0052 ent=0.6429 tot=+0.0013 agnorm=0.072 cgnorm=0.023 kl=0.0002 clipf=0.000 ev=+0.939 r0=1.0000 entcoef=1.59e-03 lr=5.5e-05 seed=2
iter= 584 step=1872000 ep_ret=+197.426 opt_ret=+197.426 step_rew=1.9743 opt_step=1.9743 gap0=0.000 dret=+950.243 eval_ret=n/a pursuer_target_distance=0.744 capture=0.393 score=0.226 pol=-0.0001 val=0.0046 ent=0.6387 tot=+0.0012 agnorm=0.072 cgnorm=0.029 kl=0.0002 clipf=0.000 ev=+0.944 r0=1.0000 entcoef=1.58e-03 lr=5.4e-05 seed=2
iter= 585 step=1875200 ep_ret=+63.400 opt_ret=+63.400 step_rew=0.6340 opt_step=0.6340 gap0=0.000 dret=+816.217 eval_ret=n/a pursuer_target_distance=0.895 capture=0.309 score=0.163 pol=-0.0001 val=0.0050 ent=0.6537 tot=+0.0014 agnorm=0.078 cgnorm=0.030 kl=0.0001 clipf=0.000 ev=+0.950 r0=1.0000 entcoef=1.56e-03 lr=5.3e-05 seed=2
iter= 586 step=1878400 ep_ret=+250.470 opt_ret=+250.470 step_rew=2.5047 opt_step=2.5047 gap0=0.000 dret=+1003.286 eval_ret=n/a pursuer_target_distance=0.809 capture=0.435 score=0.241 pol=-0.0005 val=0.0055 ent=0.6525 tot=+0.0013 agnorm=0.150 cgnorm=0.026 kl=0.0007 clipf=0.004 ev=+0.938 r0=1.0000 entcoef=1.55e-03 lr=5.2e-05 seed=2
iter= 587 step=1881600 ep_ret=+122.408 opt_ret=+122.408 step_rew=1.2241 opt_step=1.2241 gap0=0.000 dret=+875.224 eval_ret=n/a pursuer_target_distance=0.936 capture=0.363 score=0.188 pol=-0.0003 val=0.0053 ent=0.6511 tot=+0.0014 agnorm=0.179 cgnorm=0.021 kl=0.0004 clipf=0.002 ev=+0.946 r0=1.0000 entcoef=1.53e-03 lr=5.1e-05 seed=2
iter= 588 step=1884800 ep_ret=+136.206 opt_ret=+136.206 step_rew=1.3621 opt_step=1.3621 gap0=0.000 dret=+889.023 eval_ret=n/a pursuer_target_distance=0.867 capture=0.361 score=0.193 pol=-0.0002 val=0.0051 ent=0.6479 tot=+0.0013 agnorm=0.079 cgnorm=0.025 kl=0.0002 clipf=0.000 ev=+0.948 r0=1.0000 entcoef=1.52e-03 lr=5.0e-05 seed=2
iter= 589 step=1888000 ep_ret=+202.064 opt_ret=+202.064 step_rew=2.0206 opt_step=2.0206 gap0=0.000 dret=+954.881 eval_ret=n/a pursuer_target_distance=0.905 capture=0.410 score=0.215 pol=-0.0002 val=0.0063 ent=0.6447 tot=+0.0020 agnorm=0.078 cgnorm=0.024 kl=0.0002 clipf=0.000 ev=+0.930 r0=1.0000 entcoef=1.50e-03 lr=4.9e-05 seed=2
iter= 590 step=1891200 ep_ret=+110.529 opt_ret=+110.529 step_rew=1.1053 opt_step=1.1053 gap0=0.000 dret=+863.346 eval_ret=n/a pursuer_target_distance=0.823 capture=0.340 score=0.186 pol=-0.0002 val=0.0061 ent=0.6410 tot=+0.0019 agnorm=0.103 cgnorm=0.028 kl=0.0002 clipf=0.000 ev=+0.934 r0=1.0000 entcoef=1.49e-03 lr=4.8e-05 seed=2
iter= 591 step=1894400 ep_ret=+113.307 opt_ret=+113.307 step_rew=1.1331 opt_step=1.1331 gap0=0.000 dret=+866.124 eval_ret=n/a pursuer_target_distance=0.783 capture=0.349 score=0.196 pol=-0.0002 val=0.0059 ent=0.6301 tot=+0.0019 agnorm=0.086 cgnorm=0.031 kl=0.0002 clipf=0.000 ev=+0.938 r0=1.0000 entcoef=1.48e-03 lr=4.6e-05 seed=2
iter= 592 step=1897600 ep_ret=+97.467 opt_ret=+97.467 step_rew=0.9747 opt_step=0.9747 gap0=0.000 dret=+850.284 eval_ret=n/a pursuer_target_distance=0.865 capture=0.330 score=0.177 pol=-0.0005 val=0.0058 ent=0.6541 tot=+0.0014 agnorm=0.172 cgnorm=0.029 kl=0.0007 clipf=0.004 ev=+0.941 r0=1.0000 entcoef=1.46e-03 lr=4.5e-05 seed=2
iter= 593 step=1900800 ep_ret=+205.769 opt_ret=+205.769 step_rew=2.0577 opt_step=2.0577 gap0=0.000 dret=+958.586 eval_ret=n/a pursuer_target_distance=0.744 capture=0.397 score=0.227 pol=-0.0002 val=0.0050 ent=0.6329 tot=+0.0014 agnorm=0.131 cgnorm=0.024 kl=0.0002 clipf=0.000 ev=+0.934 r0=1.0000 entcoef=1.45e-03 lr=4.4e-05 seed=2
iter= 594 step=1904000 ep_ret=+220.738 opt_ret=+220.738 step_rew=2.2074 opt_step=2.2074 gap0=0.000 dret=+973.555 eval_ret=n/a pursuer_target_distance=0.663 capture=0.406 score=0.244 pol=-0.0002 val=0.0042 ent=0.6606 tot=+0.0009 agnorm=0.144 cgnorm=0.027 kl=0.0006 clipf=0.004 ev=+0.948 r0=1.0000 entcoef=1.43e-03 lr=4.3e-05 seed=2
iter= 595 step=1907200 ep_ret=+83.069 opt_ret=+83.069 step_rew=0.8307 opt_step=0.8307 gap0=0.000 dret=+835.886 eval_ret=n/a pursuer_target_distance=0.929 capture=0.336 score=0.174 pol=-0.0003 val=0.0067 ent=0.6165 tot=+0.0022 agnorm=0.142 cgnorm=0.027 kl=0.0003 clipf=0.001 ev=+0.932 r0=1.0000 entcoef=1.42e-03 lr=4.2e-05 seed=2
iter= 596 step=1910400 ep_ret=+153.999 opt_ret=+153.999 step_rew=1.5400 opt_step=1.5400 gap0=0.000 dret=+906.815 eval_ret=n/a pursuer_target_distance=0.821 capture=0.372 score=0.205 pol=-0.0002 val=0.0052 ent=0.6316 tot=+0.0015 agnorm=0.064 cgnorm=0.025 kl=0.0004 clipf=0.001 ev=+0.941 r0=1.0000 entcoef=1.40e-03 lr=4.1e-05 seed=2
iter= 597 step=1913600 ep_ret=+156.716 opt_ret=+156.716 step_rew=1.5672 opt_step=1.5672 gap0=0.000 dret=+909.533 eval_ret=n/a pursuer_target_distance=0.901 capture=0.374 score=0.197 pol=-0.0003 val=0.0043 ent=0.6378 tot=+0.0010 agnorm=0.130 cgnorm=0.026 kl=0.0003 clipf=0.002 ev=+0.950 r0=1.0000 entcoef=1.39e-03 lr=4.0e-05 seed=2
iter= 598 step=1916800 ep_ret=+150.203 opt_ret=+150.203 step_rew=1.5020 opt_step=1.5020 gap0=0.000 dret=+903.019 eval_ret=n/a pursuer_target_distance=1.005 capture=0.385 score=0.192 pol=-0.0003 val=0.0067 ent=0.6260 tot=+0.0022 agnorm=0.088 cgnorm=0.029 kl=0.0002 clipf=0.000 ev=+0.930 r0=1.0000 entcoef=1.37e-03 lr=3.9e-05 seed=2
iter= 599 step=1920000 ep_ret=+54.315 opt_ret=+54.315 step_rew=0.5432 opt_step=0.5432 gap0=0.000 dret=+807.132 eval_ret=n/a pursuer_target_distance=1.231 capture=0.320 score=0.143 pol=-0.0003 val=0.0059 ent=0.6283 tot=+0.0018 agnorm=0.149 cgnorm=0.023 kl=0.0002 clipf=0.000 ev=+0.946 r0=1.0000 entcoef=1.36e-03 lr=3.8e-05 seed=2
iter= 600 step=1923200 ep_ret=+240.289 opt_ret=+240.289 step_rew=2.4029 opt_step=2.4029 gap0=0.000 dret=+993.106 eval_ret=+487.931 pursuer_target_distance=0.795 capture=0.422 score=0.235 pol=-0.0001 val=0.0040 ent=0.6347 tot=+0.0011 agnorm=0.065 cgnorm=0.019 kl=0.0003 clipf=0.000 ev=+0.945 r0=1.0000 entcoef=1.35e-03 lr=3.7e-05 seed=2
iter= 601 step=1926400 ep_ret=+20.958 opt_ret=+20.958 step_rew=0.2096 opt_step=0.2096 gap0=0.000 dret=+773.775 eval_ret=n/a pursuer_target_distance=0.995 capture=0.289 score=0.145 pol=-0.0003 val=0.0050 ent=0.6134 tot=+0.0014 agnorm=0.148 cgnorm=0.020 kl=0.0003 clipf=0.002 ev=+0.953 r0=1.0000 entcoef=1.33e-03 lr=3.5e-05 seed=2
iter= 602 step=1929600 ep_ret=+213.878 opt_ret=+213.878 step_rew=2.1388 opt_step=2.1388 gap0=0.000 dret=+966.694 eval_ret=n/a pursuer_target_distance=0.770 capture=0.403 score=0.228 pol=-0.0002 val=0.0060 ent=0.6641 tot=+0.0019 agnorm=0.083 cgnorm=0.026 kl=0.0002 clipf=0.000 ev=+0.916 r0=1.0000 entcoef=1.32e-03 lr=3.4e-05 seed=2
iter= 603 step=1932800 ep_ret=+198.088 opt_ret=+198.088 step_rew=1.9809 opt_step=1.9809 gap0=0.000 dret=+950.904 eval_ret=n/a pursuer_target_distance=0.675 capture=0.393 score=0.235 pol=-0.0003 val=0.0047 ent=0.6467 tot=+0.0012 agnorm=0.142 cgnorm=0.026 kl=0.0003 clipf=0.001 ev=+0.943 r0=1.0000 entcoef=1.30e-03 lr=3.3e-05 seed=2
iter= 604 step=1936000 ep_ret=+49.123 opt_ret=+49.123 step_rew=0.4912 opt_step=0.4912 gap0=0.000 dret=+801.939 eval_ret=n/a pursuer_target_distance=1.110 capture=0.308 score=0.146 pol=-0.0002 val=0.0064 ent=0.6085 tot=+0.0022 agnorm=0.117 cgnorm=0.028 kl=0.0002 clipf=0.000 ev=+0.939 r0=1.0000 entcoef=1.29e-03 lr=3.2e-05 seed=2
iter= 605 step=1939200 ep_ret=+81.875 opt_ret=+81.875 step_rew=0.8188 opt_step=0.8188 gap0=0.000 dret=+834.692 eval_ret=n/a pursuer_target_distance=0.927 capture=0.323 score=0.167 pol=-0.0002 val=0.0048 ent=0.6345 tot=+0.0014 agnorm=0.101 cgnorm=0.021 kl=0.0003 clipf=0.000 ev=+0.946 r0=1.0000 entcoef=1.27e-03 lr=3.1e-05 seed=2
iter= 606 step=1942400 ep_ret=+107.122 opt_ret=+107.122 step_rew=1.0712 opt_step=1.0712 gap0=0.000 dret=+859.939 eval_ret=n/a pursuer_target_distance=1.017 capture=0.344 score=0.171 pol=-0.0001 val=0.0049 ent=0.6261 tot=+0.0015 agnorm=0.052 cgnorm=0.028 kl=0.0001 clipf=0.000 ev=+0.947 r0=1.0000 entcoef=1.26e-03 lr=3.0e-05 seed=2
iter= 607 step=1945600 ep_ret=+183.625 opt_ret=+183.625 step_rew=1.8362 opt_step=1.8362 gap0=0.000 dret=+936.441 eval_ret=n/a pursuer_target_distance=0.962 capture=0.397 score=0.202 pol=-0.0002 val=0.0047 ent=0.6394 tot=+0.0013 agnorm=0.120 cgnorm=0.023 kl=0.0001 clipf=0.000 ev=+0.942 r0=1.0000 entcoef=1.25e-03 lr=2.9e-05 seed=2
iter= 608 step=1948800 ep_ret=+126.768 opt_ret=+126.768 step_rew=1.2677 opt_step=1.2677 gap0=0.000 dret=+879.584 eval_ret=n/a pursuer_target_distance=0.721 capture=0.343 score=0.200 pol=-0.0002 val=0.0051 ent=0.6528 tot=+0.0016 agnorm=0.079 cgnorm=0.021 kl=0.0002 clipf=0.000 ev=+0.942 r0=1.0000 entcoef=1.23e-03 lr=2.8e-05 seed=2
iter= 609 step=1952000 ep_ret=+105.527 opt_ret=+105.527 step_rew=1.0553 opt_step=1.0553 gap0=0.000 dret=+858.344 eval_ret=n/a pursuer_target_distance=0.736 capture=0.329 score=0.190 pol=-0.0002 val=0.0053 ent=0.6371 tot=+0.0017 agnorm=0.152 cgnorm=0.032 kl=0.0003 clipf=0.001 ev=+0.937 r0=1.0000 entcoef=1.22e-03 lr=2.7e-05 seed=2
iter= 610 step=1955200 ep_ret=+162.379 opt_ret=+162.379 step_rew=1.6238 opt_step=1.6238 gap0=0.000 dret=+915.196 eval_ret=n/a pursuer_target_distance=0.821 capture=0.375 score=0.206 pol=-0.0001 val=0.0052 ent=0.6305 tot=+0.0018 agnorm=0.094 cgnorm=0.026 kl=0.0001 clipf=0.000 ev=+0.941 r0=1.0000 entcoef=1.20e-03 lr=2.5e-05 seed=2
iter= 611 step=1958400 ep_ret=+200.621 opt_ret=+200.621 step_rew=2.0062 opt_step=2.0062 gap0=0.000 dret=+953.438 eval_ret=n/a pursuer_target_distance=0.817 capture=0.393 score=0.217 pol=-0.0002 val=0.0048 ent=0.6503 tot=+0.0014 agnorm=0.098 cgnorm=0.024 kl=0.0001 clipf=0.000 ev=+0.942 r0=1.0000 entcoef=1.19e-03 lr=2.4e-05 seed=2
iter= 612 step=1961600 ep_ret=+48.179 opt_ret=+48.179 step_rew=0.4818 opt_step=0.4818 gap0=0.000 dret=+800.995 eval_ret=n/a pursuer_target_distance=0.893 capture=0.302 score=0.159 pol=-0.0001 val=0.0058 ent=0.6307 tot=+0.0020 agnorm=0.132 cgnorm=0.027 kl=0.0001 clipf=0.000 ev=+0.944 r0=1.0000 entcoef=1.17e-03 lr=2.3e-05 seed=2
iter= 613 step=1964800 ep_ret=+141.073 opt_ret=+141.073 step_rew=1.4107 opt_step=1.4107 gap0=0.000 dret=+893.889 eval_ret=n/a pursuer_target_distance=0.789 capture=0.361 score=0.202 pol=-0.0001 val=0.0047 ent=0.6233 tot=+0.0015 agnorm=0.088 cgnorm=0.021 kl=0.0001 clipf=0.000 ev=+0.947 r0=1.0000 entcoef=1.16e-03 lr=2.2e-05 seed=2
iter= 614 step=1968000 ep_ret=+94.531 opt_ret=+94.531 step_rew=0.9453 opt_step=0.9453 gap0=0.000 dret=+847.348 eval_ret=n/a pursuer_target_distance=1.015 capture=0.337 score=0.167 pol=-0.0002 val=0.0059 ent=0.6316 tot=+0.0021 agnorm=0.087 cgnorm=0.033 kl=0.0001 clipf=0.000 ev=+0.932 r0=1.0000 entcoef=1.14e-03 lr=2.1e-05 seed=2
iter= 615 step=1971200 ep_ret=+167.909 opt_ret=+167.909 step_rew=1.6791 opt_step=1.6791 gap0=0.000 dret=+920.725 eval_ret=n/a pursuer_target_distance=0.823 capture=0.377 score=0.207 pol=-0.0001 val=0.0048 ent=0.6318 tot=+0.0016 agnorm=0.091 cgnorm=0.019 kl=0.0001 clipf=0.000 ev=+0.944 r0=1.0000 entcoef=1.13e-03 lr=2.0e-05 seed=2
iter= 616 step=1974400 ep_ret=+114.933 opt_ret=+114.933 step_rew=1.1493 opt_step=1.1493 gap0=0.000 dret=+867.750 eval_ret=n/a pursuer_target_distance=0.933 capture=0.354 score=0.183 pol=-0.0001 val=0.0057 ent=0.6418 tot=+0.0021 agnorm=0.087 cgnorm=0.023 kl=0.0000 clipf=0.000 ev=+0.936 r0=1.0000 entcoef=1.12e-03 lr=1.9e-05 seed=2
iter= 617 step=1977600 ep_ret=+6.392 opt_ret=+6.392 step_rew=0.0639 opt_step=0.0639 gap0=0.000 dret=+759.209 eval_ret=n/a pursuer_target_distance=1.346 capture=0.288 score=0.123 pol=-0.0001 val=0.0057 ent=0.6244 tot=+0.0020 agnorm=0.138 cgnorm=0.024 kl=0.0001 clipf=0.000 ev=+0.942 r0=1.0000 entcoef=1.10e-03 lr=1.8e-05 seed=2
iter= 618 step=1980800 ep_ret=+169.217 opt_ret=+169.217 step_rew=1.6922 opt_step=1.6922 gap0=0.000 dret=+922.034 eval_ret=n/a pursuer_target_distance=0.750 capture=0.383 score=0.219 pol=-0.0001 val=0.0062 ent=0.6462 tot=+0.0023 agnorm=0.104 cgnorm=0.020 kl=0.0001 clipf=0.000 ev=+0.929 r0=1.0000 entcoef=1.09e-03 lr=1.7e-05 seed=2
iter= 619 step=1984000 ep_ret=+149.162 opt_ret=+149.162 step_rew=1.4916 opt_step=1.4916 gap0=0.000 dret=+901.979 eval_ret=n/a pursuer_target_distance=0.961 capture=0.373 score=0.190 pol=-0.0001 val=0.0051 ent=0.6453 tot=+0.0018 agnorm=0.080 cgnorm=0.021 kl=0.0001 clipf=0.000 ev=+0.942 r0=1.0000 entcoef=1.07e-03 lr=1.6e-05 seed=2
iter= 620 step=1987200 ep_ret=+144.770 opt_ret=+144.770 step_rew=1.4477 opt_step=1.4477 gap0=0.000 dret=+897.587 eval_ret=+487.743 pursuer_target_distance=0.870 capture=0.363 score=0.194 pol=-0.0001 val=0.0048 ent=0.6214 tot=+0.0017 agnorm=0.076 cgnorm=0.021 kl=0.0000 clipf=0.000 ev=+0.938 r0=1.0000 entcoef=1.06e-03 lr=1.4e-05 seed=2
iter= 621 step=1990400 ep_ret=+212.762 opt_ret=+212.762 step_rew=2.1276 opt_step=2.1276 gap0=0.000 dret=+965.579 eval_ret=n/a pursuer_target_distance=0.794 capture=0.400 score=0.223 pol=-0.0001 val=0.0046 ent=0.6401 tot=+0.0015 agnorm=0.100 cgnorm=0.024 kl=0.0000 clipf=0.000 ev=+0.936 r0=1.0000 entcoef=1.04e-03 lr=1.3e-05 seed=2
iter= 622 step=1993600 ep_ret=+32.140 opt_ret=+32.140 step_rew=0.3214 opt_step=0.3214 gap0=0.000 dret=+784.957 eval_ret=n/a pursuer_target_distance=1.053 capture=0.306 score=0.149 pol=-0.0001 val=0.0064 ent=0.6376 tot=+0.0024 agnorm=0.125 cgnorm=0.023 kl=0.0000 clipf=0.000 ev=+0.942 r0=1.0000 entcoef=1.03e-03 lr=1.2e-05 seed=2
iter= 623 step=1996800 ep_ret=+208.348 opt_ret=+208.348 step_rew=2.0835 opt_step=2.0835 gap0=0.000 dret=+961.165 eval_ret=n/a pursuer_target_distance=0.702 capture=0.394 score=0.232 pol=-0.0001 val=0.0038 ent=0.6404 tot=+0.0012 agnorm=0.129 cgnorm=0.019 kl=0.0000 clipf=0.000 ev=+0.950 r0=1.0000 entcoef=1.01e-03 lr=1.1e-05 seed=2
iter= 624 step=2000000 ep_ret=+186.000 opt_ret=+186.000 step_rew=1.8600 opt_step=1.8600 gap0=0.000 dret=+938.817 eval_ret=+482.602 pursuer_target_distance=0.714 capture=0.388 score=0.226 pol=-0.0001 val=0.0038 ent=0.6315 tot=+0.0011 agnorm=0.149 cgnorm=0.019 kl=0.0001 clipf=0.000 ev=+0.951 r0=1.0000 entcoef=1.00e-03 lr=1.0e-05 seed=2
[train] Final checkpoint saved to runs/pursuit_20260608_220631/alpha/broadcast/alpha0p5/seed2/ckpt/final.pt
[train] Run artifacts in runs/pursuit_20260608_220631/alpha/broadcast/alpha0p5/seed2
[render] Skipped post-train render (mode=off).
=== done Mon Jun  8 22:29:58 EDT 2026 ===
