[setup] Required Python imports are available.
[setup] Required Python imports are available.
=== Job info ===
Job       : 640028  array=19
Node      : evc24
Submit    : /lustre/fs1/home/ak565492/gnn_experiments
Repo      : /lustre/fs1/home/ak565492/gnn_experiments
Git rev   : c394dd7
Python    : /home/ak565492/expenv/bin/python
Python 3.11.4
PyYAML  : 6.0.3
NumPy   : 2.3.5
Torch   : 2.5.1+cu121 cuda_available=True cuda=12.1
CUDA_VIS  : 0
Threads   : OMP=4 MKL=4 OPENBLAS=1
Task      : 19/175
Comm      : identity
ZeroMsg   : false
Alpha     : 0.75
Seed      : 4
Run label : identity_alpha0p75_seed4
Run dir   : runs/pursuit_20260608_220631/alpha/identity/alpha0p75/seed4
Config    : /tmp/639739_19_identity_alpha0p75_seed4.yaml
Start     : Mon Jun  8 22:18:28 EDT 2026
================
Mon Jun  8 22:18:29 2026       
+-----------------------------------------------------------------------------------------+
| NVIDIA-SMI 580.105.08             Driver Version: 580.105.08     CUDA Version: 13.0     |
+-----------------------------------------+------------------------+----------------------+
| GPU  Name                 Persistence-M | Bus-Id          Disp.A | Volatile Uncorr. ECC |
| Fan  Temp   Perf          Pwr:Usage/Cap |           Memory-Usage | GPU-Util  Compute M. |
|                                         |                        |               MIG M. |
|=========================================+========================+======================|
|   0  NVIDIA H100 PCIe               Off |   00000000:17:00.0 Off |                    0 |
| N/A   40C    P0             48W /  310W |       0MiB /  81559MiB |      0%      Default |
|                                         |                        |             Disabled |
+-----------------------------------------+------------------------+----------------------+

+-----------------------------------------------------------------------------------------+
| Processes:                                                                              |
|  GPU   GI   CI              PID   Type   Process name                        GPU Memory |
|        ID   ID                                                               Usage      |
|=========================================================================================|
|  No running processes found                                                             |
+-----------------------------------------------------------------------------------------+
[env] kind=pursuit name=pursuit n_agents=10 obs_dim=5 action_dim=5 state_dim=23 num_envs=32
[train] Starting: total_iters=625 T=100 B=32 device=cuda:0 seed=4 render=off
iter=   0 step=   3200 ep_ret=-738.253 opt_ret=-738.253 step_rew=-7.3825 opt_step=-7.3825 gap0=738.253 dret=+0.000 eval_ret=-685.659 pursuer_target_distance=3.950 capture=0.000 score=0.000 pol=-0.0010 val=0.6601 ent=1.6084 tot=+0.3130 agnorm=0.020 cgnorm=0.216 kl=0.0011 clipf=0.001 ev=-0.471 r0=1.0000 entcoef=1.00e-02 lr=7.0e-04 seed=4
iter=   1 step=   6400 ep_ret=-771.549 opt_ret=-771.549 step_rew=-7.7155 opt_step=-7.7155 gap0=771.549 dret=-33.296 eval_ret=n/a pursuer_target_distance=4.678 capture=0.000 score=0.000 pol=-0.0009 val=0.4062 ent=1.6027 tot=+0.1862 agnorm=0.027 cgnorm=0.233 kl=0.0012 clipf=0.000 ev=+0.188 r0=1.0000 entcoef=9.99e-03 lr=7.0e-04 seed=4
iter=   2 step=   9600 ep_ret=-706.511 opt_ret=-706.511 step_rew=-7.0651 opt_step=-7.0651 gap0=706.511 dret=+31.743 eval_ret=n/a pursuer_target_distance=3.987 capture=0.000 score=0.000 pol=-0.0007 val=0.3257 ent=1.5927 tot=+0.1462 agnorm=0.040 cgnorm=0.231 kl=0.0017 clipf=0.012 ev=+0.452 r0=1.0000 entcoef=9.97e-03 lr=7.0e-04 seed=4
iter=   3 step=  12800 ep_ret=-693.587 opt_ret=-693.587 step_rew=-6.9359 opt_step=-6.9359 gap0=693.587 dret=+44.667 eval_ret=n/a pursuer_target_distance=3.743 capture=0.000 score=0.000 pol=-0.0008 val=0.3093 ent=1.5949 tot=+0.1379 agnorm=0.034 cgnorm=0.251 kl=0.0013 clipf=0.005 ev=+0.508 r0=1.0000 entcoef=9.96e-03 lr=7.0e-04 seed=4
iter=   4 step=  16000 ep_ret=-726.607 opt_ret=-726.607 step_rew=-7.2661 opt_step=-7.2661 gap0=726.607 dret=+11.646 eval_ret=n/a pursuer_target_distance=4.298 capture=0.000 score=0.000 pol=-0.0012 val=0.3872 ent=1.5954 tot=+0.1766 agnorm=0.039 cgnorm=0.234 kl=0.0014 clipf=0.003 ev=+0.383 r0=1.0000 entcoef=9.94e-03 lr=7.0e-04 seed=4
iter=   5 step=  19200 ep_ret=-645.682 opt_ret=-645.682 step_rew=-6.4568 opt_step=-6.4568 gap0=645.682 dret=+92.571 eval_ret=n/a pursuer_target_distance=3.164 capture=0.000 score=0.000 pol=-0.0010 val=0.2215 ent=1.5875 tot=+0.0940 agnorm=0.035 cgnorm=0.207 kl=0.0021 clipf=0.008 ev=+0.586 r0=1.0000 entcoef=9.93e-03 lr=6.9e-04 seed=4
iter=   6 step=  22400 ep_ret=-629.642 opt_ret=-629.642 step_rew=-6.2964 opt_step=-6.2964 gap0=629.642 dret=+108.612 eval_ret=n/a pursuer_target_distance=3.331 capture=0.000 score=0.000 pol=-0.0008 val=0.2355 ent=1.5726 tot=+0.1014 agnorm=0.026 cgnorm=0.221 kl=0.0014 clipf=0.003 ev=+0.556 r0=1.0000 entcoef=9.91e-03 lr=6.9e-04 seed=4
iter=   7 step=  25600 ep_ret=-656.673 opt_ret=-656.673 step_rew=-6.5667 opt_step=-6.5667 gap0=656.673 dret=+81.580 eval_ret=n/a pursuer_target_distance=3.717 capture=0.000 score=0.000 pol=-0.0004 val=0.2426 ent=1.5633 tot=+0.1054 agnorm=0.023 cgnorm=0.214 kl=0.0011 clipf=0.003 ev=+0.568 r0=1.0000 entcoef=9.90e-03 lr=6.9e-04 seed=4
iter=   8 step=  28800 ep_ret=-619.232 opt_ret=-619.232 step_rew=-6.1923 opt_step=-6.1923 gap0=619.232 dret=+119.022 eval_ret=n/a pursuer_target_distance=3.536 capture=0.000 score=0.000 pol=-0.0004 val=0.2101 ent=1.5650 tot=+0.0892 agnorm=0.022 cgnorm=0.209 kl=0.0005 clipf=0.000 ev=+0.565 r0=1.0000 entcoef=9.88e-03 lr=6.9e-04 seed=4
iter=   9 step=  32000 ep_ret=-662.674 opt_ret=-662.674 step_rew=-6.6267 opt_step=-6.6267 gap0=662.674 dret=+75.580 eval_ret=n/a pursuer_target_distance=3.741 capture=0.000 score=0.000 pol=-0.0009 val=0.2672 ent=1.5593 tot=+0.1173 agnorm=0.024 cgnorm=0.227 kl=0.0012 clipf=0.001 ev=+0.531 r0=1.0000 entcoef=9.87e-03 lr=6.9e-04 seed=4
iter=  10 step=  35200 ep_ret=-690.224 opt_ret=-690.224 step_rew=-6.9022 opt_step=-6.9022 gap0=690.224 dret=+48.029 eval_ret=n/a pursuer_target_distance=3.983 capture=0.000 score=0.000 pol=-0.0006 val=0.2874 ent=1.5543 tot=+0.1278 agnorm=0.033 cgnorm=0.269 kl=0.0014 clipf=0.014 ev=+0.428 r0=1.0000 entcoef=9.86e-03 lr=6.9e-04 seed=4
iter=  11 step=  38400 ep_ret=-654.186 opt_ret=-654.186 step_rew=-6.5419 opt_step=-6.5419 gap0=654.186 dret=+84.068 eval_ret=n/a pursuer_target_distance=3.723 capture=0.000 score=0.000 pol=-0.0008 val=0.2012 ent=1.5492 tot=+0.0846 agnorm=0.029 cgnorm=0.229 kl=0.0014 clipf=0.001 ev=+0.684 r0=1.0000 entcoef=9.84e-03 lr=6.9e-04 seed=4
iter=  12 step=  41600 ep_ret=-624.273 opt_ret=-624.273 step_rew=-6.2427 opt_step=-6.2427 gap0=624.273 dret=+113.980 eval_ret=n/a pursuer_target_distance=3.451 capture=0.000 score=0.000 pol=-0.0003 val=0.2070 ent=1.5365 tot=+0.0881 agnorm=0.019 cgnorm=0.232 kl=0.0009 clipf=0.000 ev=+0.473 r0=1.0000 entcoef=9.83e-03 lr=6.9e-04 seed=4
iter=  13 step=  44800 ep_ret=-594.071 opt_ret=-594.071 step_rew=-5.9407 opt_step=-5.9407 gap0=594.071 dret=+144.182 eval_ret=n/a pursuer_target_distance=3.061 capture=0.000 score=0.000 pol=-0.0007 val=0.2304 ent=1.5423 tot=+0.0994 agnorm=0.032 cgnorm=0.226 kl=0.0011 clipf=0.006 ev=+0.546 r0=1.0000 entcoef=9.81e-03 lr=6.9e-04 seed=4
iter=  14 step=  48000 ep_ret=-503.036 opt_ret=-503.036 step_rew=-5.0304 opt_step=-5.0304 gap0=503.036 dret=+235.218 eval_ret=n/a pursuer_target_distance=2.387 capture=0.000 score=0.000 pol=-0.0011 val=0.0950 ent=1.5376 tot=+0.0313 agnorm=0.030 cgnorm=0.158 kl=0.0017 clipf=0.004 ev=+0.583 r0=1.0000 entcoef=9.80e-03 lr=6.8e-04 seed=4
iter=  15 step=  51200 ep_ret=-575.685 opt_ret=-575.685 step_rew=-5.7568 opt_step=-5.7568 gap0=575.685 dret=+162.569 eval_ret=n/a pursuer_target_distance=2.838 capture=0.000 score=0.000 pol=-0.0009 val=0.1345 ent=1.5134 tot=+0.0516 agnorm=0.030 cgnorm=0.173 kl=0.0015 clipf=0.005 ev=+0.683 r0=1.0000 entcoef=9.78e-03 lr=6.8e-04 seed=4
iter=  16 step=  54400 ep_ret=-597.548 opt_ret=-597.548 step_rew=-5.9755 opt_step=-5.9755 gap0=597.548 dret=+140.705 eval_ret=n/a pursuer_target_distance=3.409 capture=0.000 score=0.000 pol=-0.0008 val=0.1762 ent=1.5035 tot=+0.0726 agnorm=0.027 cgnorm=0.212 kl=0.0018 clipf=0.006 ev=+0.480 r0=1.0000 entcoef=9.77e-03 lr=6.8e-04 seed=4
iter=  17 step=  57600 ep_ret=-602.653 opt_ret=-602.653 step_rew=-6.0265 opt_step=-6.0265 gap0=602.653 dret=+135.601 eval_ret=n/a pursuer_target_distance=3.171 capture=0.000 score=0.000 pol=-0.0014 val=0.1657 ent=1.4831 tot=+0.0670 agnorm=0.042 cgnorm=0.195 kl=0.0019 clipf=0.011 ev=+0.541 r0=1.0000 entcoef=9.75e-03 lr=6.8e-04 seed=4
iter=  18 step=  60800 ep_ret=-601.748 opt_ret=-601.748 step_rew=-6.0175 opt_step=-6.0175 gap0=601.748 dret=+136.506 eval_ret=n/a pursuer_target_distance=3.340 capture=0.000 score=0.000 pol=-0.0016 val=0.1551 ent=1.4665 tot=+0.0617 agnorm=0.047 cgnorm=0.200 kl=0.0038 clipf=0.033 ev=+0.528 r0=1.0000 entcoef=9.74e-03 lr=6.8e-04 seed=4
iter=  19 step=  64000 ep_ret=-527.352 opt_ret=-527.352 step_rew=-5.2735 opt_step=-5.2735 gap0=527.352 dret=+210.901 eval_ret=n/a pursuer_target_distance=2.819 capture=0.000 score=0.000 pol=-0.0009 val=0.1045 ent=1.4661 tot=+0.0371 agnorm=0.041 cgnorm=0.151 kl=0.0020 clipf=0.009 ev=+0.612 r0=1.0000 entcoef=9.73e-03 lr=6.8e-04 seed=4
iter=  20 step=  67200 ep_ret=-469.466 opt_ret=-469.466 step_rew=-4.6947 opt_step=-4.6947 gap0=469.466 dret=+268.788 eval_ret=-469.774 pursuer_target_distance=2.445 capture=0.000 score=0.000 pol=-0.0006 val=0.0763 ent=1.4566 tot=+0.0234 agnorm=0.031 cgnorm=0.128 kl=0.0019 clipf=0.009 ev=+0.638 r0=1.0000 entcoef=9.71e-03 lr=6.8e-04 seed=4
iter=  21 step=  70400 ep_ret=-479.230 opt_ret=-479.230 step_rew=-4.7923 opt_step=-4.7923 gap0=479.230 dret=+259.024 eval_ret=n/a pursuer_target_distance=2.543 capture=0.000 score=0.000 pol=-0.0006 val=0.0625 ent=1.4649 tot=+0.0165 agnorm=0.023 cgnorm=0.135 kl=0.0015 clipf=0.003 ev=+0.727 r0=1.0000 entcoef=9.70e-03 lr=6.8e-04 seed=4
iter=  22 step=  73600 ep_ret=-459.019 opt_ret=-459.019 step_rew=-4.5902 opt_step=-4.5902 gap0=459.019 dret=+279.234 eval_ret=n/a pursuer_target_distance=2.495 capture=0.000 score=0.000 pol=-0.0011 val=0.0827 ent=1.4588 tot=+0.0261 agnorm=0.036 cgnorm=0.139 kl=0.0020 clipf=0.017 ev=+0.578 r0=1.0000 entcoef=9.68e-03 lr=6.8e-04 seed=4
iter=  23 step=  76800 ep_ret=-530.118 opt_ret=-530.118 step_rew=-5.3012 opt_step=-5.3012 gap0=530.118 dret=+208.136 eval_ret=n/a pursuer_target_distance=2.773 capture=0.000 score=0.000 pol=-0.0010 val=0.1099 ent=1.4875 tot=+0.0395 agnorm=0.044 cgnorm=0.168 kl=0.0027 clipf=0.028 ev=+0.466 r0=1.0000 entcoef=9.67e-03 lr=6.7e-04 seed=4
iter=  24 step=  80000 ep_ret=-591.254 opt_ret=-591.254 step_rew=-5.9125 opt_step=-5.9125 gap0=591.254 dret=+146.999 eval_ret=n/a pursuer_target_distance=3.113 capture=0.000 score=0.000 pol=-0.0005 val=0.1950 ent=1.4725 tot=+0.0828 agnorm=0.028 cgnorm=0.205 kl=0.0015 clipf=0.003 ev=+0.522 r0=1.0000 entcoef=9.65e-03 lr=6.7e-04 seed=4
iter=  25 step=  83200 ep_ret=-557.817 opt_ret=-557.817 step_rew=-5.5782 opt_step=-5.5782 gap0=557.817 dret=+180.436 eval_ret=n/a pursuer_target_distance=3.051 capture=0.000 score=0.000 pol=-0.0007 val=0.1104 ent=1.4873 tot=+0.0401 agnorm=0.033 cgnorm=0.177 kl=0.0019 clipf=0.010 ev=+0.485 r0=1.0000 entcoef=9.64e-03 lr=6.7e-04 seed=4
iter=  26 step=  86400 ep_ret=-520.406 opt_ret=-520.406 step_rew=-5.2041 opt_step=-5.2041 gap0=520.406 dret=+217.847 eval_ret=n/a pursuer_target_distance=2.262 capture=0.000 score=0.000 pol=-0.0007 val=0.1101 ent=1.4783 tot=+0.0401 agnorm=0.029 cgnorm=0.169 kl=0.0009 clipf=0.000 ev=+0.522 r0=1.0000 entcoef=9.62e-03 lr=6.7e-04 seed=4
iter=  27 step=  89600 ep_ret=-511.319 opt_ret=-511.319 step_rew=-5.1132 opt_step=-5.1132 gap0=511.319 dret=+226.934 eval_ret=n/a pursuer_target_distance=2.377 capture=0.000 score=0.000 pol=-0.0007 val=0.1135 ent=1.4776 tot=+0.0419 agnorm=0.040 cgnorm=0.181 kl=0.0018 clipf=0.014 ev=+0.450 r0=1.0000 entcoef=9.61e-03 lr=6.7e-04 seed=4
iter=  28 step=  92800 ep_ret=-493.512 opt_ret=-493.512 step_rew=-4.9351 opt_step=-4.9351 gap0=493.512 dret=+244.742 eval_ret=n/a pursuer_target_distance=2.637 capture=0.000 score=0.000 pol=-0.0008 val=0.0798 ent=1.4907 tot=+0.0248 agnorm=0.034 cgnorm=0.140 kl=0.0014 clipf=0.009 ev=+0.601 r0=1.0000 entcoef=9.60e-03 lr=6.7e-04 seed=4
iter=  29 step=  96000 ep_ret=-568.465 opt_ret=-568.465 step_rew=-5.6847 opt_step=-5.6847 gap0=568.465 dret=+169.788 eval_ret=n/a pursuer_target_distance=2.318 capture=0.000 score=0.000 pol=-0.0008 val=0.1267 ent=1.5065 tot=+0.0481 agnorm=0.034 cgnorm=0.194 kl=0.0021 clipf=0.014 ev=+0.627 r0=1.0000 entcoef=9.58e-03 lr=6.7e-04 seed=4
iter=  30 step=  99200 ep_ret=-531.069 opt_ret=-531.069 step_rew=-5.3107 opt_step=-5.3107 gap0=531.069 dret=+207.184 eval_ret=n/a pursuer_target_distance=2.097 capture=0.000 score=0.000 pol=-0.0010 val=0.0864 ent=1.5063 tot=+0.0278 agnorm=0.049 cgnorm=0.169 kl=0.0022 clipf=0.019 ev=+0.569 r0=1.0000 entcoef=9.57e-03 lr=6.7e-04 seed=4
iter=  31 step= 102400 ep_ret=-518.296 opt_ret=-518.296 step_rew=-5.1830 opt_step=-5.1830 gap0=518.296 dret=+219.957 eval_ret=n/a pursuer_target_distance=2.644 capture=0.000 score=0.000 pol=-0.0008 val=0.1090 ent=1.5009 tot=+0.0394 agnorm=0.037 cgnorm=0.173 kl=0.0018 clipf=0.011 ev=+0.535 r0=1.0000 entcoef=9.55e-03 lr=6.7e-04 seed=4
iter=  32 step= 105600 ep_ret=-523.476 opt_ret=-523.476 step_rew=-5.2348 opt_step=-5.2348 gap0=523.476 dret=+214.777 eval_ret=n/a pursuer_target_distance=2.371 capture=0.000 score=0.000 pol=-0.0012 val=0.0743 ent=1.4890 tot=+0.0217 agnorm=0.039 cgnorm=0.148 kl=0.0028 clipf=0.019 ev=+0.643 r0=1.0000 entcoef=9.54e-03 lr=6.6e-04 seed=4
iter=  33 step= 108800 ep_ret=-504.905 opt_ret=-504.905 step_rew=-5.0491 opt_step=-5.0491 gap0=504.905 dret=+233.348 eval_ret=n/a pursuer_target_distance=2.669 capture=0.000 score=0.000 pol=-0.0009 val=0.0672 ent=1.4757 tot=+0.0186 agnorm=0.039 cgnorm=0.137 kl=0.0031 clipf=0.017 ev=+0.689 r0=1.0000 entcoef=9.52e-03 lr=6.6e-04 seed=4
iter=  34 step= 112000 ep_ret=-475.010 opt_ret=-475.010 step_rew=-4.7501 opt_step=-4.7501 gap0=475.010 dret=+263.244 eval_ret=n/a pursuer_target_distance=2.338 capture=0.000 score=0.000 pol=-0.0004 val=0.0570 ent=1.4882 tot=+0.0140 agnorm=0.024 cgnorm=0.131 kl=0.0017 clipf=0.004 ev=+0.638 r0=1.0000 entcoef=9.51e-03 lr=6.6e-04 seed=4
iter=  35 step= 115200 ep_ret=-558.849 opt_ret=-558.849 step_rew=-5.5885 opt_step=-5.5885 gap0=558.849 dret=+179.404 eval_ret=n/a pursuer_target_distance=2.644 capture=0.000 score=0.000 pol=-0.0011 val=0.1318 ent=1.4818 tot=+0.0507 agnorm=0.035 cgnorm=0.174 kl=0.0017 clipf=0.009 ev=+0.565 r0=1.0000 entcoef=9.50e-03 lr=6.6e-04 seed=4
iter=  36 step= 118400 ep_ret=-471.786 opt_ret=-471.786 step_rew=-4.7179 opt_step=-4.7179 gap0=471.786 dret=+266.467 eval_ret=n/a pursuer_target_distance=2.438 capture=0.000 score=0.000 pol=-0.0006 val=0.0885 ent=1.4826 tot=+0.0296 agnorm=0.027 cgnorm=0.140 kl=0.0009 clipf=0.001 ev=+0.399 r0=1.0000 entcoef=9.48e-03 lr=6.6e-04 seed=4
iter=  37 step= 121600 ep_ret=-469.066 opt_ret=-469.066 step_rew=-4.6907 opt_step=-4.6907 gap0=469.066 dret=+269.188 eval_ret=n/a pursuer_target_distance=2.111 capture=0.000 score=0.000 pol=-0.0012 val=0.0756 ent=1.4944 tot=+0.0225 agnorm=0.051 cgnorm=0.170 kl=0.0029 clipf=0.021 ev=+0.620 r0=1.0000 entcoef=9.47e-03 lr=6.6e-04 seed=4
iter=  38 step= 124800 ep_ret=-511.890 opt_ret=-511.890 step_rew=-5.1189 opt_step=-5.1189 gap0=511.890 dret=+226.363 eval_ret=n/a pursuer_target_distance=2.725 capture=0.000 score=0.000 pol=-0.0006 val=0.0837 ent=1.4757 tot=+0.0273 agnorm=0.034 cgnorm=0.161 kl=0.0018 clipf=0.008 ev=+0.486 r0=1.0000 entcoef=9.45e-03 lr=6.6e-04 seed=4
iter=  39 step= 128000 ep_ret=-505.669 opt_ret=-505.669 step_rew=-5.0567 opt_step=-5.0567 gap0=505.669 dret=+232.584 eval_ret=n/a pursuer_target_distance=2.559 capture=0.000 score=0.000 pol=-0.0010 val=0.0912 ent=1.4656 tot=+0.0308 agnorm=0.039 cgnorm=0.158 kl=0.0020 clipf=0.011 ev=+0.546 r0=1.0000 entcoef=9.44e-03 lr=6.6e-04 seed=4
iter=  40 step= 131200 ep_ret=-487.703 opt_ret=-487.703 step_rew=-4.8770 opt_step=-4.8770 gap0=487.703 dret=+250.550 eval_ret=-398.160 pursuer_target_distance=2.520 capture=0.000 score=0.000 pol=-0.0010 val=0.0812 ent=1.4573 tot=+0.0259 agnorm=0.035 cgnorm=0.163 kl=0.0017 clipf=0.004 ev=+0.561 r0=1.0000 entcoef=9.42e-03 lr=6.6e-04 seed=4
iter=  41 step= 134400 ep_ret=-545.468 opt_ret=-545.468 step_rew=-5.4547 opt_step=-5.4547 gap0=545.468 dret=+192.786 eval_ret=n/a pursuer_target_distance=2.355 capture=0.000 score=0.000 pol=-0.0010 val=0.0938 ent=1.4445 tot=+0.0323 agnorm=0.043 cgnorm=0.169 kl=0.0019 clipf=0.013 ev=+0.555 r0=1.0000 entcoef=9.41e-03 lr=6.5e-04 seed=4
iter=  42 step= 137600 ep_ret=-488.210 opt_ret=-488.210 step_rew=-4.8821 opt_step=-4.8821 gap0=488.210 dret=+250.044 eval_ret=n/a pursuer_target_distance=2.120 capture=0.000 score=0.000 pol=-0.0008 val=0.0656 ent=1.4550 tot=+0.0183 agnorm=0.039 cgnorm=0.137 kl=0.0018 clipf=0.013 ev=+0.672 r0=1.0000 entcoef=9.39e-03 lr=6.5e-04 seed=4
iter=  43 step= 140800 ep_ret=-518.596 opt_ret=-518.596 step_rew=-5.1860 opt_step=-5.1860 gap0=518.596 dret=+219.657 eval_ret=n/a pursuer_target_distance=2.855 capture=0.000 score=0.000 pol=-0.0007 val=0.0934 ent=1.4563 tot=+0.0324 agnorm=0.035 cgnorm=0.158 kl=0.0017 clipf=0.012 ev=+0.400 r0=1.0000 entcoef=9.38e-03 lr=6.5e-04 seed=4
iter=  44 step= 144000 ep_ret=-496.494 opt_ret=-496.494 step_rew=-4.9649 opt_step=-4.9649 gap0=496.494 dret=+241.760 eval_ret=n/a pursuer_target_distance=2.616 capture=0.000 score=0.000 pol=-0.0007 val=0.0830 ent=1.4557 tot=+0.0271 agnorm=0.033 cgnorm=0.140 kl=0.0013 clipf=0.002 ev=+0.378 r0=1.0000 entcoef=9.37e-03 lr=6.5e-04 seed=4
iter=  45 step= 147200 ep_ret=-470.109 opt_ret=-470.109 step_rew=-4.7011 opt_step=-4.7011 gap0=470.109 dret=+268.144 eval_ret=n/a pursuer_target_distance=2.122 capture=0.000 score=0.000 pol=-0.0012 val=0.0675 ent=1.4420 tot=+0.0191 agnorm=0.045 cgnorm=0.134 kl=0.0023 clipf=0.021 ev=+0.628 r0=1.0000 entcoef=9.35e-03 lr=6.5e-04 seed=4
iter=  46 step= 150400 ep_ret=-498.550 opt_ret=-498.550 step_rew=-4.9855 opt_step=-4.9855 gap0=498.550 dret=+239.704 eval_ret=n/a pursuer_target_distance=2.567 capture=0.000 score=0.000 pol=-0.0009 val=0.0626 ent=1.4201 tot=+0.0171 agnorm=0.038 cgnorm=0.138 kl=0.0016 clipf=0.013 ev=+0.560 r0=1.0000 entcoef=9.34e-03 lr=6.5e-04 seed=4
iter=  47 step= 153600 ep_ret=-462.276 opt_ret=-462.276 step_rew=-4.6228 opt_step=-4.6228 gap0=462.276 dret=+275.977 eval_ret=n/a pursuer_target_distance=2.172 capture=0.000 score=0.000 pol=-0.0005 val=0.0678 ent=1.4060 tot=+0.0203 agnorm=0.025 cgnorm=0.144 kl=0.0011 clipf=0.002 ev=+0.551 r0=1.0000 entcoef=9.32e-03 lr=6.5e-04 seed=4
iter=  48 step= 156800 ep_ret=-455.015 opt_ret=-455.015 step_rew=-4.5501 opt_step=-4.5501 gap0=455.015 dret=+283.239 eval_ret=n/a pursuer_target_distance=2.260 capture=0.000 score=0.000 pol=-0.0013 val=0.0634 ent=1.4231 tot=+0.0171 agnorm=0.052 cgnorm=0.129 kl=0.0022 clipf=0.023 ev=+0.589 r0=1.0000 entcoef=9.31e-03 lr=6.5e-04 seed=4
iter=  49 step= 160000 ep_ret=-476.561 opt_ret=-476.561 step_rew=-4.7656 opt_step=-4.7656 gap0=476.561 dret=+261.692 eval_ret=n/a pursuer_target_distance=2.458 capture=0.000 score=0.000 pol=-0.0012 val=0.0778 ent=1.4333 tot=+0.0244 agnorm=0.040 cgnorm=0.141 kl=0.0020 clipf=0.010 ev=+0.584 r0=1.0000 entcoef=9.29e-03 lr=6.5e-04 seed=4
iter=  50 step= 163200 ep_ret=-410.483 opt_ret=-410.483 step_rew=-4.1048 opt_step=-4.1048 gap0=410.483 dret=+327.770 eval_ret=n/a pursuer_target_distance=2.075 capture=0.000 score=0.000 pol=-0.0011 val=0.0451 ent=1.4212 tot=+0.0082 agnorm=0.041 cgnorm=0.118 kl=0.0025 clipf=0.019 ev=+0.777 r0=1.0000 entcoef=9.28e-03 lr=6.4e-04 seed=4
iter=  51 step= 166400 ep_ret=-428.359 opt_ret=-428.359 step_rew=-4.2836 opt_step=-4.2836 gap0=428.359 dret=+309.894 eval_ret=n/a pursuer_target_distance=2.124 capture=0.000 score=0.000 pol=-0.0007 val=0.0604 ent=1.4387 tot=+0.0162 agnorm=0.033 cgnorm=0.124 kl=0.0015 clipf=0.010 ev=+0.691 r0=1.0000 entcoef=9.26e-03 lr=6.4e-04 seed=4
iter=  52 step= 169600 ep_ret=-447.721 opt_ret=-447.721 step_rew=-4.4772 opt_step=-4.4772 gap0=447.721 dret=+290.532 eval_ret=n/a pursuer_target_distance=1.873 capture=0.000 score=0.000 pol=-0.0008 val=0.0630 ent=1.4496 tot=+0.0173 agnorm=0.031 cgnorm=0.118 kl=0.0015 clipf=0.006 ev=+0.686 r0=1.0000 entcoef=9.25e-03 lr=6.4e-04 seed=4
iter=  53 step= 172800 ep_ret=-450.564 opt_ret=-450.564 step_rew=-4.5056 opt_step=-4.5056 gap0=450.564 dret=+287.690 eval_ret=n/a pursuer_target_distance=2.298 capture=0.000 score=0.000 pol=-0.0006 val=0.0543 ent=1.4587 tot=+0.0131 agnorm=0.031 cgnorm=0.119 kl=0.0010 clipf=0.002 ev=+0.688 r0=1.0000 entcoef=9.24e-03 lr=6.4e-04 seed=4
iter=  54 step= 176000 ep_ret=-457.512 opt_ret=-457.512 step_rew=-4.5751 opt_step=-4.5751 gap0=457.512 dret=+280.742 eval_ret=n/a pursuer_target_distance=2.081 capture=0.002 score=0.001 pol=-0.0013 val=0.0853 ent=1.4646 tot=+0.0279 agnorm=0.039 cgnorm=0.150 kl=0.0023 clipf=0.015 ev=+0.497 r0=1.0000 entcoef=9.22e-03 lr=6.4e-04 seed=4
iter=  55 step= 179200 ep_ret=-457.349 opt_ret=-457.349 step_rew=-4.5735 opt_step=-4.5735 gap0=457.349 dret=+280.905 eval_ret=n/a pursuer_target_distance=2.077 capture=0.000 score=0.000 pol=-0.0006 val=0.0848 ent=1.4210 tot=+0.0287 agnorm=0.028 cgnorm=0.149 kl=0.0020 clipf=0.009 ev=+0.710 r0=1.0000 entcoef=9.21e-03 lr=6.4e-04 seed=4
iter=  56 step= 182400 ep_ret=-407.694 opt_ret=-407.694 step_rew=-4.0769 opt_step=-4.0769 gap0=407.694 dret=+330.560 eval_ret=n/a pursuer_target_distance=2.148 capture=0.000 score=0.000 pol=-0.0007 val=0.0752 ent=1.4151 tot=+0.0239 agnorm=0.024 cgnorm=0.140 kl=0.0013 clipf=0.002 ev=+0.601 r0=1.0000 entcoef=9.19e-03 lr=6.4e-04 seed=4
iter=  57 step= 185600 ep_ret=-477.126 opt_ret=-477.126 step_rew=-4.7713 opt_step=-4.7713 gap0=477.126 dret=+261.127 eval_ret=n/a pursuer_target_distance=2.017 capture=0.000 score=0.000 pol=-0.0009 val=0.0748 ent=1.4088 tot=+0.0236 agnorm=0.034 cgnorm=0.134 kl=0.0016 clipf=0.009 ev=+0.605 r0=1.0000 entcoef=9.18e-03 lr=6.4e-04 seed=4
iter=  58 step= 188800 ep_ret=-489.993 opt_ret=-489.993 step_rew=-4.8999 opt_step=-4.8999 gap0=489.993 dret=+248.261 eval_ret=n/a pursuer_target_distance=2.108 capture=0.000 score=0.000 pol=-0.0010 val=0.0623 ent=1.4018 tot=+0.0173 agnorm=0.050 cgnorm=0.115 kl=0.0022 clipf=0.014 ev=+0.628 r0=1.0000 entcoef=9.16e-03 lr=6.4e-04 seed=4
iter=  59 step= 192000 ep_ret=-506.153 opt_ret=-506.153 step_rew=-5.0615 opt_step=-5.0615 gap0=506.153 dret=+232.100 eval_ret=n/a pursuer_target_distance=2.193 capture=0.000 score=0.000 pol=-0.0008 val=0.0908 ent=1.4167 tot=+0.0316 agnorm=0.036 cgnorm=0.148 kl=0.0015 clipf=0.009 ev=+0.621 r0=1.0000 entcoef=9.15e-03 lr=6.3e-04 seed=4
iter=  60 step= 195200 ep_ret=-499.270 opt_ret=-499.270 step_rew=-4.9927 opt_step=-4.9927 gap0=499.270 dret=+238.983 eval_ret=-400.569 pursuer_target_distance=2.360 capture=0.000 score=0.000 pol=-0.0010 val=0.1443 ent=1.4511 tot=+0.0579 agnorm=0.034 cgnorm=0.180 kl=0.0017 clipf=0.007 ev=+0.355 r0=1.0000 entcoef=9.13e-03 lr=6.3e-04 seed=4
iter=  61 step= 198400 ep_ret=-445.478 opt_ret=-445.478 step_rew=-4.4548 opt_step=-4.4548 gap0=445.478 dret=+292.776 eval_ret=n/a pursuer_target_distance=2.041 capture=0.000 score=0.000 pol=-0.0006 val=0.0536 ent=1.4592 tot=+0.0129 agnorm=0.029 cgnorm=0.123 kl=0.0016 clipf=0.009 ev=+0.735 r0=1.0000 entcoef=9.12e-03 lr=6.3e-04 seed=4
iter=  62 step= 201600 ep_ret=-582.022 opt_ret=-582.022 step_rew=-5.8202 opt_step=-5.8202 gap0=582.022 dret=+156.231 eval_ret=n/a pursuer_target_distance=2.994 capture=0.000 score=0.000 pol=-0.0007 val=0.1279 ent=1.4631 tot=+0.0499 agnorm=0.034 cgnorm=0.180 kl=0.0011 clipf=0.005 ev=+0.534 r0=1.0000 entcoef=9.11e-03 lr=6.3e-04 seed=4
iter=  63 step= 204800 ep_ret=-464.236 opt_ret=-464.236 step_rew=-4.6424 opt_step=-4.6424 gap0=464.236 dret=+274.018 eval_ret=n/a pursuer_target_distance=2.237 capture=0.000 score=0.000 pol=-0.0007 val=0.0656 ent=1.4707 tot=+0.0187 agnorm=0.029 cgnorm=0.129 kl=0.0017 clipf=0.011 ev=+0.673 r0=1.0000 entcoef=9.09e-03 lr=6.3e-04 seed=4
iter=  64 step= 208000 ep_ret=-455.081 opt_ret=-455.081 step_rew=-4.5508 opt_step=-4.5508 gap0=455.081 dret=+283.172 eval_ret=n/a pursuer_target_distance=2.000 capture=0.000 score=0.000 pol=-0.0007 val=0.0938 ent=1.4840 tot=+0.0328 agnorm=0.032 cgnorm=0.157 kl=0.0013 clipf=0.005 ev=+0.635 r0=1.0000 entcoef=9.08e-03 lr=6.3e-04 seed=4
iter=  65 step= 211200 ep_ret=-533.225 opt_ret=-533.225 step_rew=-5.3323 opt_step=-5.3323 gap0=533.225 dret=+205.028 eval_ret=n/a pursuer_target_distance=2.210 capture=0.000 score=0.000 pol=-0.0011 val=0.1026 ent=1.4828 tot=+0.0367 agnorm=0.043 cgnorm=0.165 kl=0.0024 clipf=0.015 ev=+0.481 r0=1.0000 entcoef=9.06e-03 lr=6.3e-04 seed=4
iter=  66 step= 214400 ep_ret=-478.482 opt_ret=-478.482 step_rew=-4.7848 opt_step=-4.7848 gap0=478.482 dret=+259.771 eval_ret=n/a pursuer_target_distance=2.287 capture=0.003 score=0.001 pol=-0.0011 val=0.1058 ent=1.4875 tot=+0.0383 agnorm=0.040 cgnorm=0.150 kl=0.0021 clipf=0.013 ev=+0.153 r0=1.0000 entcoef=9.05e-03 lr=6.3e-04 seed=4
iter=  67 step= 217600 ep_ret=-520.019 opt_ret=-520.019 step_rew=-5.2002 opt_step=-5.2002 gap0=520.019 dret=+218.234 eval_ret=n/a pursuer_target_distance=2.544 capture=0.000 score=0.000 pol=-0.0008 val=0.1369 ent=1.5116 tot=+0.0540 agnorm=0.027 cgnorm=0.160 kl=0.0015 clipf=0.004 ev=+0.279 r0=1.0000 entcoef=9.03e-03 lr=6.3e-04 seed=4
iter=  68 step= 220800 ep_ret=-549.452 opt_ret=-549.452 step_rew=-5.4945 opt_step=-5.4945 gap0=549.452 dret=+188.801 eval_ret=n/a pursuer_target_distance=2.531 capture=0.000 score=0.000 pol=-0.0006 val=0.1234 ent=1.5077 tot=+0.0475 agnorm=0.026 cgnorm=0.173 kl=0.0008 clipf=0.002 ev=+0.382 r0=1.0000 entcoef=9.02e-03 lr=6.2e-04 seed=4
iter=  69 step= 224000 ep_ret=-500.723 opt_ret=-500.723 step_rew=-5.0072 opt_step=-5.0072 gap0=500.723 dret=+237.531 eval_ret=n/a pursuer_target_distance=2.321 capture=0.000 score=0.000 pol=-0.0008 val=0.0684 ent=1.5193 tot=+0.0198 agnorm=0.042 cgnorm=0.137 kl=0.0013 clipf=0.002 ev=+0.401 r0=1.0000 entcoef=9.00e-03 lr=6.2e-04 seed=4
iter=  70 step= 227200 ep_ret=-523.503 opt_ret=-523.503 step_rew=-5.2350 opt_step=-5.2350 gap0=523.503 dret=+214.750 eval_ret=n/a pursuer_target_distance=2.450 capture=0.000 score=0.000 pol=-0.0012 val=0.0705 ent=1.5114 tot=+0.0204 agnorm=0.049 cgnorm=0.133 kl=0.0035 clipf=0.025 ev=+0.486 r0=1.0000 entcoef=8.99e-03 lr=6.2e-04 seed=4
iter=  71 step= 230400 ep_ret=-508.403 opt_ret=-508.403 step_rew=-5.0840 opt_step=-5.0840 gap0=508.403 dret=+229.850 eval_ret=n/a pursuer_target_distance=2.343 capture=0.000 score=0.000 pol=-0.0010 val=0.0675 ent=1.5033 tot=+0.0192 agnorm=0.053 cgnorm=0.134 kl=0.0022 clipf=0.019 ev=+0.323 r0=1.0000 entcoef=8.98e-03 lr=6.2e-04 seed=4
iter=  72 step= 233600 ep_ret=-613.772 opt_ret=-613.772 step_rew=-6.1377 opt_step=-6.1377 gap0=613.772 dret=+124.481 eval_ret=n/a pursuer_target_distance=2.991 capture=0.000 score=0.000 pol=-0.0010 val=0.1035 ent=1.4834 tot=+0.0374 agnorm=0.060 cgnorm=0.158 kl=0.0035 clipf=0.027 ev=+0.447 r0=1.0000 entcoef=8.96e-03 lr=6.2e-04 seed=4
iter=  73 step= 236800 ep_ret=-564.310 opt_ret=-564.310 step_rew=-5.6431 opt_step=-5.6431 gap0=564.310 dret=+173.943 eval_ret=n/a pursuer_target_distance=2.518 capture=0.000 score=0.000 pol=-0.0006 val=0.0761 ent=1.4885 tot=+0.0242 agnorm=0.027 cgnorm=0.145 kl=0.0011 clipf=0.001 ev=+0.374 r0=1.0000 entcoef=8.95e-03 lr=6.2e-04 seed=4
iter=  74 step= 240000 ep_ret=-559.936 opt_ret=-559.936 step_rew=-5.5994 opt_step=-5.5994 gap0=559.936 dret=+178.318 eval_ret=n/a pursuer_target_distance=2.862 capture=0.000 score=0.000 pol=-0.0012 val=0.0989 ent=1.4759 tot=+0.0351 agnorm=0.055 cgnorm=0.173 kl=0.0026 clipf=0.021 ev=+0.434 r0=1.0000 entcoef=8.93e-03 lr=6.2e-04 seed=4
iter=  75 step= 243200 ep_ret=-603.154 opt_ret=-603.154 step_rew=-6.0315 opt_step=-6.0315 gap0=603.154 dret=+135.100 eval_ret=n/a pursuer_target_distance=2.785 capture=0.000 score=0.000 pol=-0.0007 val=0.0967 ent=1.4892 tot=+0.0344 agnorm=0.044 cgnorm=0.151 kl=0.0025 clipf=0.018 ev=+0.537 r0=1.0000 entcoef=8.92e-03 lr=6.2e-04 seed=4
iter=  76 step= 246400 ep_ret=-479.787 opt_ret=-479.787 step_rew=-4.7979 opt_step=-4.7979 gap0=479.787 dret=+258.467 eval_ret=n/a pursuer_target_distance=2.406 capture=0.000 score=0.000 pol=-0.0005 val=0.0806 ent=1.4833 tot=+0.0266 agnorm=0.026 cgnorm=0.143 kl=0.0013 clipf=0.001 ev=+0.534 r0=1.0000 entcoef=8.90e-03 lr=6.2e-04 seed=4
iter=  77 step= 249600 ep_ret=-590.296 opt_ret=-590.296 step_rew=-5.9030 opt_step=-5.9030 gap0=590.296 dret=+147.957 eval_ret=n/a pursuer_target_distance=2.698 capture=0.000 score=0.000 pol=-0.0006 val=0.0866 ent=1.4756 tot=+0.0295 agnorm=0.029 cgnorm=0.172 kl=0.0012 clipf=0.004 ev=+0.563 r0=1.0000 entcoef=8.89e-03 lr=6.1e-04 seed=4
iter=  78 step= 252800 ep_ret=-511.413 opt_ret=-511.413 step_rew=-5.1141 opt_step=-5.1141 gap0=511.413 dret=+226.841 eval_ret=n/a pursuer_target_distance=2.287 capture=0.000 score=0.000 pol=-0.0007 val=0.0517 ent=1.4747 tot=+0.0120 agnorm=0.027 cgnorm=0.132 kl=0.0013 clipf=0.003 ev=+0.683 r0=1.0000 entcoef=8.88e-03 lr=6.1e-04 seed=4
iter=  79 step= 256000 ep_ret=-573.721 opt_ret=-573.721 step_rew=-5.7372 opt_step=-5.7372 gap0=573.721 dret=+164.533 eval_ret=n/a pursuer_target_distance=2.448 capture=0.000 score=0.000 pol=-0.0009 val=0.0801 ent=1.4842 tot=+0.0260 agnorm=0.041 cgnorm=0.156 kl=0.0017 clipf=0.008 ev=+0.563 r0=1.0000 entcoef=8.86e-03 lr=6.1e-04 seed=4
iter=  80 step= 259200 ep_ret=-580.655 opt_ret=-580.655 step_rew=-5.8065 opt_step=-5.8065 gap0=580.655 dret=+157.598 eval_ret=-391.307 pursuer_target_distance=3.309 capture=0.000 score=0.000 pol=-0.0013 val=0.0979 ent=1.5042 tot=+0.0344 agnorm=0.054 cgnorm=0.165 kl=0.0032 clipf=0.024 ev=+0.462 r0=1.0000 entcoef=8.85e-03 lr=6.1e-04 seed=4
iter=  81 step= 262400 ep_ret=-573.446 opt_ret=-573.446 step_rew=-5.7345 opt_step=-5.7345 gap0=573.446 dret=+164.808 eval_ret=n/a pursuer_target_distance=2.533 capture=0.000 score=0.000 pol=-0.0004 val=0.1263 ent=1.5149 tot=+0.0494 agnorm=0.024 cgnorm=0.182 kl=0.0014 clipf=0.008 ev=+0.343 r0=1.0000 entcoef=8.83e-03 lr=6.1e-04 seed=4
iter=  82 step= 265600 ep_ret=-524.019 opt_ret=-524.019 step_rew=-5.2402 opt_step=-5.2402 gap0=524.019 dret=+214.235 eval_ret=n/a pursuer_target_distance=2.480 capture=0.000 score=0.000 pol=-0.0007 val=0.0590 ent=1.5104 tot=+0.0155 agnorm=0.027 cgnorm=0.137 kl=0.0010 clipf=0.002 ev=+0.528 r0=1.0000 entcoef=8.82e-03 lr=6.1e-04 seed=4
iter=  83 step= 268800 ep_ret=-479.996 opt_ret=-479.996 step_rew=-4.8000 opt_step=-4.8000 gap0=479.996 dret=+258.257 eval_ret=n/a pursuer_target_distance=2.127 capture=0.000 score=0.000 pol=-0.0008 val=0.0561 ent=1.5164 tot=+0.0139 agnorm=0.039 cgnorm=0.137 kl=0.0012 clipf=0.007 ev=+0.441 r0=1.0000 entcoef=8.80e-03 lr=6.1e-04 seed=4
iter=  84 step= 272000 ep_ret=-437.407 opt_ret=-437.407 step_rew=-4.3741 opt_step=-4.3741 gap0=437.407 dret=+300.846 eval_ret=n/a pursuer_target_distance=1.671 capture=0.000 score=0.000 pol=-0.0008 val=0.0557 ent=1.5046 tot=+0.0138 agnorm=0.030 cgnorm=0.137 kl=0.0012 clipf=0.001 ev=+0.450 r0=1.0000 entcoef=8.79e-03 lr=6.1e-04 seed=4
iter=  85 step= 275200 ep_ret=-414.114 opt_ret=-414.114 step_rew=-4.1411 opt_step=-4.1411 gap0=414.114 dret=+324.139 eval_ret=n/a pursuer_target_distance=1.875 capture=0.000 score=0.000 pol=-0.0007 val=0.0436 ent=1.4949 tot=+0.0080 agnorm=0.032 cgnorm=0.107 kl=0.0015 clipf=0.010 ev=+0.709 r0=1.0000 entcoef=8.77e-03 lr=6.1e-04 seed=4
iter=  86 step= 278400 ep_ret=-483.105 opt_ret=-483.105 step_rew=-4.8311 opt_step=-4.8311 gap0=483.105 dret=+255.148 eval_ret=n/a pursuer_target_distance=2.000 capture=0.000 score=0.000 pol=-0.0007 val=0.0697 ent=1.4825 tot=+0.0212 agnorm=0.031 cgnorm=0.127 kl=0.0013 clipf=0.003 ev=+0.420 r0=1.0000 entcoef=8.76e-03 lr=6.0e-04 seed=4
iter=  87 step= 281600 ep_ret=-523.876 opt_ret=-523.876 step_rew=-5.2388 opt_step=-5.2388 gap0=523.876 dret=+214.377 eval_ret=n/a pursuer_target_distance=2.339 capture=0.000 score=0.000 pol=-0.0013 val=0.0680 ent=1.4589 tot=+0.0199 agnorm=0.052 cgnorm=0.130 kl=0.0027 clipf=0.024 ev=+0.575 r0=1.0000 entcoef=8.75e-03 lr=6.0e-04 seed=4
iter=  88 step= 284800 ep_ret=-534.960 opt_ret=-534.960 step_rew=-5.3496 opt_step=-5.3496 gap0=534.960 dret=+203.294 eval_ret=n/a pursuer_target_distance=2.679 capture=0.000 score=0.000 pol=-0.0009 val=0.0900 ent=1.4622 tot=+0.0314 agnorm=0.045 cgnorm=0.138 kl=0.0020 clipf=0.016 ev=+0.583 r0=1.0000 entcoef=8.73e-03 lr=6.0e-04 seed=4
iter=  89 step= 288000 ep_ret=-503.721 opt_ret=-503.721 step_rew=-5.0372 opt_step=-5.0372 gap0=503.721 dret=+234.532 eval_ret=n/a pursuer_target_distance=2.396 capture=0.000 score=0.000 pol=-0.0011 val=0.0645 ent=1.4491 tot=+0.0185 agnorm=0.042 cgnorm=0.123 kl=0.0021 clipf=0.013 ev=+0.421 r0=1.0000 entcoef=8.72e-03 lr=6.0e-04 seed=4
iter=  90 step= 291200 ep_ret=-449.514 opt_ret=-449.514 step_rew=-4.4951 opt_step=-4.4951 gap0=449.514 dret=+288.739 eval_ret=n/a pursuer_target_distance=2.066 capture=0.000 score=0.000 pol=-0.0013 val=0.0561 ent=1.4420 tot=+0.0142 agnorm=0.045 cgnorm=0.111 kl=0.0027 clipf=0.018 ev=+0.443 r0=1.0000 entcoef=8.70e-03 lr=6.0e-04 seed=4
iter=  91 step= 294400 ep_ret=-424.718 opt_ret=-424.718 step_rew=-4.2472 opt_step=-4.2472 gap0=424.718 dret=+313.535 eval_ret=n/a pursuer_target_distance=2.133 capture=0.000 score=0.000 pol=-0.0008 val=0.0629 ent=1.4438 tot=+0.0182 agnorm=0.027 cgnorm=0.120 kl=0.0011 clipf=0.003 ev=+0.516 r0=1.0000 entcoef=8.69e-03 lr=6.0e-04 seed=4
iter=  92 step= 297600 ep_ret=-405.017 opt_ret=-405.017 step_rew=-4.0502 opt_step=-4.0502 gap0=405.017 dret=+333.237 eval_ret=n/a pursuer_target_distance=1.510 capture=0.004 score=0.001 pol=-0.0007 val=0.0941 ent=1.4055 tot=+0.0342 agnorm=0.032 cgnorm=0.146 kl=0.0017 clipf=0.011 ev=+0.569 r0=1.0000 entcoef=8.67e-03 lr=6.0e-04 seed=4
iter=  93 step= 300800 ep_ret=-425.915 opt_ret=-425.915 step_rew=-4.2592 opt_step=-4.2592 gap0=425.915 dret=+312.338 eval_ret=n/a pursuer_target_distance=1.979 capture=0.000 score=0.000 pol=-0.0010 val=0.0891 ent=1.3927 tot=+0.0315 agnorm=0.032 cgnorm=0.137 kl=0.0013 clipf=0.003 ev=+0.490 r0=1.0000 entcoef=8.66e-03 lr=6.0e-04 seed=4
iter=  94 step= 304000 ep_ret=-421.889 opt_ret=-421.889 step_rew=-4.2189 opt_step=-4.2189 gap0=421.889 dret=+316.364 eval_ret=n/a pursuer_target_distance=1.818 capture=0.004 score=0.002 pol=-0.0008 val=0.0878 ent=1.3795 tot=+0.0312 agnorm=0.036 cgnorm=0.135 kl=0.0023 clipf=0.014 ev=+0.618 r0=1.0000 entcoef=8.64e-03 lr=6.0e-04 seed=4
iter=  95 step= 307200 ep_ret=-451.297 opt_ret=-451.297 step_rew=-4.5130 opt_step=-4.5130 gap0=451.297 dret=+286.957 eval_ret=n/a pursuer_target_distance=2.194 capture=0.004 score=0.001 pol=-0.0006 val=0.1104 ent=1.3788 tot=+0.0427 agnorm=0.030 cgnorm=0.141 kl=0.0010 clipf=0.003 ev=+0.527 r0=1.0000 entcoef=8.63e-03 lr=5.9e-04 seed=4
iter=  96 step= 310400 ep_ret=-419.776 opt_ret=-419.776 step_rew=-4.1978 opt_step=-4.1978 gap0=419.776 dret=+318.477 eval_ret=n/a pursuer_target_distance=1.924 capture=0.000 score=0.000 pol=-0.0008 val=0.0976 ent=1.3680 tot=+0.0362 agnorm=0.029 cgnorm=0.128 kl=0.0014 clipf=0.002 ev=+0.481 r0=1.0000 entcoef=8.62e-03 lr=5.9e-04 seed=4
iter=  97 step= 313600 ep_ret=-352.859 opt_ret=-352.859 step_rew=-3.5286 opt_step=-3.5286 gap0=352.859 dret=+385.395 eval_ret=n/a pursuer_target_distance=1.566 capture=0.003 score=0.001 pol=-0.0011 val=0.0909 ent=1.3569 tot=+0.0326 agnorm=0.043 cgnorm=0.123 kl=0.0020 clipf=0.011 ev=+0.494 r0=1.0000 entcoef=8.60e-03 lr=5.9e-04 seed=4
iter=  98 step= 316800 ep_ret=-425.539 opt_ret=-425.539 step_rew=-4.2554 opt_step=-4.2554 gap0=425.539 dret=+312.715 eval_ret=n/a pursuer_target_distance=2.268 capture=0.002 score=0.000 pol=-0.0006 val=0.1169 ent=1.3677 tot=+0.0462 agnorm=0.033 cgnorm=0.144 kl=0.0015 clipf=0.006 ev=+0.300 r0=1.0000 entcoef=8.59e-03 lr=5.9e-04 seed=4
iter=  99 step= 320000 ep_ret=-463.979 opt_ret=-463.979 step_rew=-4.6398 opt_step=-4.6398 gap0=463.979 dret=+274.274 eval_ret=n/a pursuer_target_distance=2.265 capture=0.000 score=0.000 pol=-0.0010 val=0.0724 ent=1.3731 tot=+0.0234 agnorm=0.050 cgnorm=0.095 kl=0.0019 clipf=0.016 ev=+0.479 r0=1.0000 entcoef=8.57e-03 lr=5.9e-04 seed=4
iter= 100 step= 323200 ep_ret=-477.571 opt_ret=-477.571 step_rew=-4.7757 opt_step=-4.7757 gap0=477.571 dret=+260.682 eval_ret=-295.131 pursuer_target_distance=2.044 capture=0.000 score=0.000 pol=-0.0008 val=0.0796 ent=1.3450 tot=+0.0275 agnorm=0.043 cgnorm=0.087 kl=0.0023 clipf=0.014 ev=+0.569 r0=1.0000 entcoef=8.56e-03 lr=5.9e-04 seed=4
iter= 101 step= 326400 ep_ret=-356.171 opt_ret=-356.171 step_rew=-3.5617 opt_step=-3.5617 gap0=356.171 dret=+382.082 eval_ret=n/a pursuer_target_distance=1.677 capture=0.000 score=0.000 pol=-0.0008 val=0.0720 ent=1.3645 tot=+0.0236 agnorm=0.041 cgnorm=0.105 kl=0.0026 clipf=0.017 ev=+0.531 r0=1.0000 entcoef=8.54e-03 lr=5.9e-04 seed=4
iter= 102 step= 329600 ep_ret=-395.669 opt_ret=-395.669 step_rew=-3.9567 opt_step=-3.9567 gap0=395.669 dret=+342.585 eval_ret=n/a pursuer_target_distance=1.684 capture=0.002 score=0.001 pol=-0.0007 val=0.0732 ent=1.3810 tot=+0.0241 agnorm=0.037 cgnorm=0.108 kl=0.0020 clipf=0.017 ev=+0.373 r0=1.0000 entcoef=8.53e-03 lr=5.9e-04 seed=4
iter= 103 step= 332800 ep_ret=-419.692 opt_ret=-419.692 step_rew=-4.1969 opt_step=-4.1969 gap0=419.692 dret=+318.561 eval_ret=n/a pursuer_target_distance=2.015 capture=0.001 score=0.000 pol=-0.0006 val=0.0694 ent=1.3745 tot=+0.0224 agnorm=0.033 cgnorm=0.085 kl=0.0013 clipf=0.005 ev=+0.350 r0=1.0000 entcoef=8.51e-03 lr=5.9e-04 seed=4
iter= 104 step= 336000 ep_ret=-400.145 opt_ret=-400.145 step_rew=-4.0014 opt_step=-4.0014 gap0=400.145 dret=+338.109 eval_ret=n/a pursuer_target_distance=1.847 capture=0.000 score=0.000 pol=-0.0013 val=0.0790 ent=1.3647 tot=+0.0266 agnorm=0.049 cgnorm=0.102 kl=0.0022 clipf=0.016 ev=+0.520 r0=1.0000 entcoef=8.50e-03 lr=5.9e-04 seed=4
iter= 105 step= 339200 ep_ret=-344.789 opt_ret=-344.789 step_rew=-3.4479 opt_step=-3.4479 gap0=344.789 dret=+393.465 eval_ret=n/a pursuer_target_distance=1.434 capture=0.000 score=0.000 pol=-0.0008 val=0.0661 ent=1.3582 tot=+0.0207 agnorm=0.040 cgnorm=0.090 kl=0.0019 clipf=0.011 ev=+0.555 r0=1.0000 entcoef=8.49e-03 lr=5.8e-04 seed=4
iter= 106 step= 342400 ep_ret=-380.275 opt_ret=-380.275 step_rew=-3.8028 opt_step=-3.8028 gap0=380.275 dret=+357.978 eval_ret=n/a pursuer_target_distance=1.672 capture=0.005 score=0.002 pol=-0.0007 val=0.0919 ent=1.3765 tot=+0.0336 agnorm=0.031 cgnorm=0.114 kl=0.0013 clipf=0.005 ev=+0.477 r0=1.0000 entcoef=8.47e-03 lr=5.8e-04 seed=4
iter= 107 step= 345600 ep_ret=-419.628 opt_ret=-419.628 step_rew=-4.1963 opt_step=-4.1963 gap0=419.628 dret=+318.625 eval_ret=n/a pursuer_target_distance=1.780 capture=0.004 score=0.001 pol=-0.0012 val=0.1099 ent=1.3926 tot=+0.0420 agnorm=0.046 cgnorm=0.131 kl=0.0031 clipf=0.026 ev=+0.395 r0=1.0000 entcoef=8.46e-03 lr=5.8e-04 seed=4
iter= 108 step= 348800 ep_ret=-423.935 opt_ret=-423.935 step_rew=-4.2393 opt_step=-4.2393 gap0=423.935 dret=+314.318 eval_ret=n/a pursuer_target_distance=2.164 capture=0.000 score=0.000 pol=-0.0007 val=0.0811 ent=1.3701 tot=+0.0283 agnorm=0.031 cgnorm=0.093 kl=0.0014 clipf=0.004 ev=+0.515 r0=1.0000 entcoef=8.44e-03 lr=5.8e-04 seed=4
iter= 109 step= 352000 ep_ret=-395.070 opt_ret=-395.070 step_rew=-3.9507 opt_step=-3.9507 gap0=395.070 dret=+343.184 eval_ret=n/a pursuer_target_distance=1.684 capture=0.002 score=0.001 pol=-0.0003 val=0.0669 ent=1.3788 tot=+0.0215 agnorm=0.025 cgnorm=0.090 kl=0.0012 clipf=0.002 ev=+0.541 r0=1.0000 entcoef=8.43e-03 lr=5.8e-04 seed=4
iter= 110 step= 355200 ep_ret=-406.856 opt_ret=-406.856 step_rew=-4.0686 opt_step=-4.0686 gap0=406.856 dret=+331.397 eval_ret=n/a pursuer_target_distance=1.813 capture=0.001 score=0.000 pol=-0.0007 val=0.0724 ent=1.3691 tot=+0.0240 agnorm=0.031 cgnorm=0.101 kl=0.0011 clipf=0.007 ev=+0.682 r0=1.0000 entcoef=8.41e-03 lr=5.8e-04 seed=4
iter= 111 step= 358400 ep_ret=-456.036 opt_ret=-456.036 step_rew=-4.5604 opt_step=-4.5604 gap0=456.036 dret=+282.218 eval_ret=n/a pursuer_target_distance=2.277 capture=0.010 score=0.003 pol=-0.0009 val=0.1087 ent=1.3812 tot=+0.0418 agnorm=0.040 cgnorm=0.122 kl=0.0015 clipf=0.012 ev=+0.519 r0=1.0000 entcoef=8.40e-03 lr=5.8e-04 seed=4
iter= 112 step= 361600 ep_ret=-362.069 opt_ret=-362.069 step_rew=-3.6207 opt_step=-3.6207 gap0=362.069 dret=+376.185 eval_ret=n/a pursuer_target_distance=1.645 capture=0.002 score=0.001 pol=-0.0010 val=0.0653 ent=1.3877 tot=+0.0200 agnorm=0.041 cgnorm=0.108 kl=0.0025 clipf=0.020 ev=+0.695 r0=1.0000 entcoef=8.38e-03 lr=5.8e-04 seed=4
iter= 113 step= 364800 ep_ret=-400.601 opt_ret=-400.601 step_rew=-4.0060 opt_step=-4.0060 gap0=400.601 dret=+337.652 eval_ret=n/a pursuer_target_distance=1.817 capture=0.003 score=0.001 pol=-0.0010 val=0.0826 ent=1.3770 tot=+0.0288 agnorm=0.038 cgnorm=0.121 kl=0.0018 clipf=0.012 ev=+0.675 r0=1.0000 entcoef=8.37e-03 lr=5.8e-04 seed=4
iter= 114 step= 368000 ep_ret=-390.863 opt_ret=-390.863 step_rew=-3.9086 opt_step=-3.9086 gap0=390.863 dret=+347.391 eval_ret=n/a pursuer_target_distance=1.783 capture=0.001 score=0.000 pol=-0.0005 val=0.0840 ent=1.3906 tot=+0.0299 agnorm=0.028 cgnorm=0.121 kl=0.0010 clipf=0.003 ev=+0.688 r0=1.0000 entcoef=8.36e-03 lr=5.7e-04 seed=4
iter= 115 step= 371200 ep_ret=-460.391 opt_ret=-460.391 step_rew=-4.6039 opt_step=-4.6039 gap0=460.391 dret=+277.862 eval_ret=n/a pursuer_target_distance=2.446 capture=0.007 score=0.002 pol=-0.0010 val=0.1236 ent=1.3721 tot=+0.0494 agnorm=0.038 cgnorm=0.139 kl=0.0015 clipf=0.008 ev=+0.649 r0=1.0000 entcoef=8.34e-03 lr=5.7e-04 seed=4
iter= 116 step= 374400 ep_ret=-362.930 opt_ret=-362.930 step_rew=-3.6293 opt_step=-3.6293 gap0=362.930 dret=+375.324 eval_ret=n/a pursuer_target_distance=1.717 capture=0.000 score=0.000 pol=-0.0009 val=0.0771 ent=1.3761 tot=+0.0261 agnorm=0.034 cgnorm=0.107 kl=0.0017 clipf=0.006 ev=+0.774 r0=1.0000 entcoef=8.33e-03 lr=5.7e-04 seed=4
iter= 117 step= 377600 ep_ret=-443.993 opt_ret=-443.993 step_rew=-4.4399 opt_step=-4.4399 gap0=443.993 dret=+294.261 eval_ret=n/a pursuer_target_distance=2.006 capture=0.000 score=0.000 pol=-0.0010 val=0.0908 ent=1.3779 tot=+0.0330 agnorm=0.041 cgnorm=0.122 kl=0.0021 clipf=0.013 ev=+0.740 r0=1.0000 entcoef=8.31e-03 lr=5.7e-04 seed=4
iter= 118 step= 380800 ep_ret=-461.934 opt_ret=-461.934 step_rew=-4.6193 opt_step=-4.6193 gap0=461.934 dret=+276.320 eval_ret=n/a pursuer_target_distance=1.791 capture=0.003 score=0.001 pol=-0.0010 val=0.1013 ent=1.3936 tot=+0.0381 agnorm=0.041 cgnorm=0.121 kl=0.0019 clipf=0.012 ev=+0.572 r0=1.0000 entcoef=8.30e-03 lr=5.7e-04 seed=4
iter= 119 step= 384000 ep_ret=-425.019 opt_ret=-425.019 step_rew=-4.2502 opt_step=-4.2502 gap0=425.019 dret=+313.234 eval_ret=n/a pursuer_target_distance=2.113 capture=0.000 score=0.000 pol=-0.0007 val=0.0681 ent=1.3934 tot=+0.0218 agnorm=0.033 cgnorm=0.086 kl=0.0013 clipf=0.004 ev=+0.826 r0=1.0000 entcoef=8.28e-03 lr=5.7e-04 seed=4
iter= 120 step= 387200 ep_ret=-402.435 opt_ret=-402.435 step_rew=-4.0243 opt_step=-4.0243 gap0=402.435 dret=+335.819 eval_ret=-327.543 pursuer_target_distance=1.955 capture=0.005 score=0.002 pol=-0.0007 val=0.0779 ent=1.3686 tot=+0.0269 agnorm=0.026 cgnorm=0.111 kl=0.0013 clipf=0.005 ev=+0.749 r0=1.0000 entcoef=8.27e-03 lr=5.7e-04 seed=4
iter= 121 step= 390400 ep_ret=-403.358 opt_ret=-403.358 step_rew=-4.0336 opt_step=-4.0336 gap0=403.358 dret=+334.896 eval_ret=n/a pursuer_target_distance=1.957 capture=0.000 score=0.000 pol=-0.0009 val=0.0669 ent=1.3735 tot=+0.0212 agnorm=0.047 cgnorm=0.089 kl=0.0016 clipf=0.009 ev=+0.810 r0=1.0000 entcoef=8.25e-03 lr=5.7e-04 seed=4
iter= 122 step= 393600 ep_ret=-420.499 opt_ret=-420.499 step_rew=-4.2050 opt_step=-4.2050 gap0=420.499 dret=+317.755 eval_ret=n/a pursuer_target_distance=2.389 capture=0.003 score=0.001 pol=-0.0004 val=0.1117 ent=1.3857 tot=+0.0440 agnorm=0.022 cgnorm=0.112 kl=0.0011 clipf=0.000 ev=+0.728 r0=1.0000 entcoef=8.24e-03 lr=5.7e-04 seed=4
iter= 123 step= 396800 ep_ret=-390.979 opt_ret=-390.979 step_rew=-3.9098 opt_step=-3.9098 gap0=390.979 dret=+347.275 eval_ret=n/a pursuer_target_distance=1.815 capture=0.008 score=0.003 pol=-0.0007 val=0.0937 ent=1.3950 tot=+0.0347 agnorm=0.040 cgnorm=0.114 kl=0.0011 clipf=0.004 ev=+0.737 r0=1.0000 entcoef=8.23e-03 lr=5.6e-04 seed=4
iter= 124 step= 400000 ep_ret=-473.570 opt_ret=-473.570 step_rew=-4.7357 opt_step=-4.7357 gap0=473.570 dret=+264.684 eval_ret=n/a pursuer_target_distance=2.279 capture=0.000 score=0.000 pol=-0.0011 val=0.0859 ent=1.4023 tot=+0.0303 agnorm=0.047 cgnorm=0.116 kl=0.0027 clipf=0.016 ev=+0.719 r0=1.0000 entcoef=8.21e-03 lr=5.6e-04 seed=4
iter= 125 step= 403200 ep_ret=-450.971 opt_ret=-450.971 step_rew=-4.5097 opt_step=-4.5097 gap0=450.971 dret=+287.282 eval_ret=n/a pursuer_target_distance=1.855 capture=0.001 score=0.000 pol=-0.0007 val=0.0763 ent=1.4204 tot=+0.0258 agnorm=0.035 cgnorm=0.097 kl=0.0012 clipf=0.006 ev=+0.641 r0=1.0000 entcoef=8.20e-03 lr=5.6e-04 seed=4
iter= 126 step= 406400 ep_ret=-443.866 opt_ret=-443.866 step_rew=-4.4387 opt_step=-4.4387 gap0=443.866 dret=+294.387 eval_ret=n/a pursuer_target_distance=1.760 capture=0.000 score=0.000 pol=-0.0008 val=0.0733 ent=1.4330 tot=+0.0242 agnorm=0.029 cgnorm=0.104 kl=0.0012 clipf=0.002 ev=+0.691 r0=1.0000 entcoef=8.18e-03 lr=5.6e-04 seed=4
iter= 127 step= 409600 ep_ret=-496.579 opt_ret=-496.579 step_rew=-4.9658 opt_step=-4.9658 gap0=496.579 dret=+241.675 eval_ret=n/a pursuer_target_distance=2.287 capture=0.000 score=0.000 pol=-0.0005 val=0.0901 ent=1.4393 tot=+0.0328 agnorm=0.032 cgnorm=0.114 kl=0.0012 clipf=0.002 ev=+0.773 r0=1.0000 entcoef=8.17e-03 lr=5.6e-04 seed=4
iter= 128 step= 412800 ep_ret=-443.511 opt_ret=-443.511 step_rew=-4.4351 opt_step=-4.4351 gap0=443.511 dret=+294.743 eval_ret=n/a pursuer_target_distance=2.141 capture=0.005 score=0.001 pol=-0.0008 val=0.0987 ent=1.4349 tot=+0.0369 agnorm=0.040 cgnorm=0.117 kl=0.0014 clipf=0.007 ev=+0.752 r0=1.0000 entcoef=8.15e-03 lr=5.6e-04 seed=4
iter= 129 step= 416000 ep_ret=-506.190 opt_ret=-506.190 step_rew=-5.0619 opt_step=-5.0619 gap0=506.190 dret=+232.064 eval_ret=n/a pursuer_target_distance=2.576 capture=0.000 score=0.000 pol=-0.0010 val=0.1125 ent=1.4377 tot=+0.0435 agnorm=0.042 cgnorm=0.139 kl=0.0018 clipf=0.008 ev=+0.726 r0=1.0000 entcoef=8.14e-03 lr=5.6e-04 seed=4
iter= 130 step= 419200 ep_ret=-450.974 opt_ret=-450.974 step_rew=-4.5097 opt_step=-4.5097 gap0=450.974 dret=+287.280 eval_ret=n/a pursuer_target_distance=2.153 capture=0.000 score=0.000 pol=-0.0004 val=0.0584 ent=1.4490 tot=+0.0170 agnorm=0.030 cgnorm=0.100 kl=0.0016 clipf=0.005 ev=+0.813 r0=1.0000 entcoef=8.13e-03 lr=5.6e-04 seed=4
iter= 131 step= 422400 ep_ret=-471.155 opt_ret=-471.155 step_rew=-4.7116 opt_step=-4.7116 gap0=471.155 dret=+267.098 eval_ret=n/a pursuer_target_distance=2.015 capture=0.000 score=0.000 pol=-0.0005 val=0.0607 ent=1.4534 tot=+0.0181 agnorm=0.027 cgnorm=0.101 kl=0.0007 clipf=0.001 ev=+0.848 r0=1.0000 entcoef=8.11e-03 lr=5.6e-04 seed=4
iter= 132 step= 425600 ep_ret=-541.635 opt_ret=-541.635 step_rew=-5.4164 opt_step=-5.4164 gap0=541.635 dret=+196.618 eval_ret=n/a pursuer_target_distance=2.774 capture=0.000 score=0.000 pol=-0.0010 val=0.1521 ent=1.4722 tot=+0.0632 agnorm=0.047 cgnorm=0.174 kl=0.0021 clipf=0.008 ev=+0.626 r0=1.0000 entcoef=8.10e-03 lr=5.5e-04 seed=4
iter= 133 step= 428800 ep_ret=-474.907 opt_ret=-474.907 step_rew=-4.7491 opt_step=-4.7491 gap0=474.907 dret=+263.346 eval_ret=n/a pursuer_target_distance=2.376 capture=0.000 score=0.000 pol=-0.0009 val=0.0912 ent=1.4645 tot=+0.0328 agnorm=0.033 cgnorm=0.125 kl=0.0015 clipf=0.003 ev=+0.690 r0=1.0000 entcoef=8.08e-03 lr=5.5e-04 seed=4
iter= 134 step= 432000 ep_ret=-478.485 opt_ret=-478.485 step_rew=-4.7848 opt_step=-4.7848 gap0=478.485 dret=+259.769 eval_ret=n/a pursuer_target_distance=2.199 capture=0.000 score=0.000 pol=-0.0006 val=0.1113 ent=1.4706 tot=+0.0432 agnorm=0.035 cgnorm=0.137 kl=0.0017 clipf=0.007 ev=+0.771 r0=1.0000 entcoef=8.07e-03 lr=5.5e-04 seed=4
iter= 135 step= 435200 ep_ret=-542.728 opt_ret=-542.728 step_rew=-5.4273 opt_step=-5.4273 gap0=542.728 dret=+195.526 eval_ret=n/a pursuer_target_distance=2.371 capture=0.000 score=0.000 pol=-0.0007 val=0.1053 ent=1.4804 tot=+0.0400 agnorm=0.039 cgnorm=0.166 kl=0.0018 clipf=0.010 ev=+0.737 r0=1.0000 entcoef=8.05e-03 lr=5.5e-04 seed=4
iter= 136 step= 438400 ep_ret=-497.368 opt_ret=-497.368 step_rew=-4.9737 opt_step=-4.9737 gap0=497.368 dret=+240.886 eval_ret=n/a pursuer_target_distance=2.440 capture=0.000 score=0.000 pol=-0.0006 val=0.1223 ent=1.4707 tot=+0.0487 agnorm=0.027 cgnorm=0.152 kl=0.0014 clipf=0.001 ev=+0.677 r0=1.0000 entcoef=8.04e-03 lr=5.5e-04 seed=4
iter= 137 step= 441600 ep_ret=-514.393 opt_ret=-514.393 step_rew=-5.1439 opt_step=-5.1439 gap0=514.393 dret=+223.860 eval_ret=n/a pursuer_target_distance=2.486 capture=0.000 score=0.000 pol=-0.0010 val=0.0775 ent=1.4605 tot=+0.0260 agnorm=0.051 cgnorm=0.135 kl=0.0018 clipf=0.009 ev=+0.747 r0=1.0000 entcoef=8.02e-03 lr=5.5e-04 seed=4
iter= 138 step= 444800 ep_ret=-422.429 opt_ret=-422.429 step_rew=-4.2243 opt_step=-4.2243 gap0=422.429 dret=+315.825 eval_ret=n/a pursuer_target_distance=1.898 capture=0.000 score=0.000 pol=-0.0010 val=0.0458 ent=1.4522 tot=+0.0102 agnorm=0.052 cgnorm=0.100 kl=0.0029 clipf=0.017 ev=+0.794 r0=1.0000 entcoef=8.01e-03 lr=5.5e-04 seed=4
iter= 139 step= 448000 ep_ret=-447.083 opt_ret=-447.083 step_rew=-4.4708 opt_step=-4.4708 gap0=447.083 dret=+291.171 eval_ret=n/a pursuer_target_distance=1.971 capture=0.000 score=0.000 pol=-0.0011 val=0.0611 ent=1.4556 tot=+0.0178 agnorm=0.050 cgnorm=0.102 kl=0.0022 clipf=0.017 ev=+0.735 r0=1.0000 entcoef=8.00e-03 lr=5.5e-04 seed=4
iter= 140 step= 451200 ep_ret=-512.437 opt_ret=-512.437 step_rew=-5.1244 opt_step=-5.1244 gap0=512.437 dret=+225.817 eval_ret=-334.022 pursuer_target_distance=2.491 capture=0.000 score=0.000 pol=-0.0010 val=0.0839 ent=1.4609 tot=+0.0293 agnorm=0.031 cgnorm=0.110 kl=0.0019 clipf=0.005 ev=+0.630 r0=1.0000 entcoef=7.98e-03 lr=5.5e-04 seed=4
iter= 141 step= 454400 ep_ret=-442.749 opt_ret=-442.749 step_rew=-4.4275 opt_step=-4.4275 gap0=442.749 dret=+295.505 eval_ret=n/a pursuer_target_distance=2.065 capture=0.000 score=0.000 pol=-0.0013 val=0.0692 ent=1.4637 tot=+0.0217 agnorm=0.049 cgnorm=0.119 kl=0.0020 clipf=0.010 ev=+0.733 r0=1.0000 entcoef=7.97e-03 lr=5.4e-04 seed=4
iter= 142 step= 457600 ep_ret=-462.330 opt_ret=-462.330 step_rew=-4.6233 opt_step=-4.6233 gap0=462.330 dret=+275.923 eval_ret=n/a pursuer_target_distance=2.308 capture=0.000 score=0.000 pol=-0.0006 val=0.0772 ent=1.4743 tot=+0.0263 agnorm=0.036 cgnorm=0.123 kl=0.0016 clipf=0.009 ev=+0.766 r0=1.0000 entcoef=7.95e-03 lr=5.4e-04 seed=4
iter= 143 step= 460800 ep_ret=-435.279 opt_ret=-435.279 step_rew=-4.3528 opt_step=-4.3528 gap0=435.279 dret=+302.975 eval_ret=n/a pursuer_target_distance=1.772 capture=0.000 score=0.000 pol=-0.0009 val=0.0742 ent=1.4483 tot=+0.0247 agnorm=0.037 cgnorm=0.125 kl=0.0017 clipf=0.003 ev=+0.560 r0=1.0000 entcoef=7.94e-03 lr=5.4e-04 seed=4
iter= 144 step= 464000 ep_ret=-470.001 opt_ret=-470.001 step_rew=-4.7000 opt_step=-4.7000 gap0=470.001 dret=+268.253 eval_ret=n/a pursuer_target_distance=2.282 capture=0.000 score=0.000 pol=-0.0007 val=0.1249 ent=1.4362 tot=+0.0504 agnorm=0.029 cgnorm=0.159 kl=0.0010 clipf=0.001 ev=+0.558 r0=1.0000 entcoef=7.92e-03 lr=5.4e-04 seed=4
iter= 145 step= 467200 ep_ret=-590.432 opt_ret=-590.432 step_rew=-5.9043 opt_step=-5.9043 gap0=590.432 dret=+147.822 eval_ret=n/a pursuer_target_distance=2.996 capture=0.000 score=0.000 pol=-0.0007 val=0.1754 ent=1.4457 tot=+0.0756 agnorm=0.031 cgnorm=0.177 kl=0.0012 clipf=0.002 ev=+0.588 r0=1.0000 entcoef=7.91e-03 lr=5.4e-04 seed=4
iter= 146 step= 470400 ep_ret=-525.282 opt_ret=-525.282 step_rew=-5.2528 opt_step=-5.2528 gap0=525.282 dret=+212.971 eval_ret=n/a pursuer_target_distance=2.649 capture=0.000 score=0.000 pol=-0.0008 val=0.1288 ent=1.4427 tot=+0.0522 agnorm=0.046 cgnorm=0.171 kl=0.0023 clipf=0.013 ev=+0.643 r0=1.0000 entcoef=7.89e-03 lr=5.4e-04 seed=4
iter= 147 step= 473600 ep_ret=-477.781 opt_ret=-477.781 step_rew=-4.7778 opt_step=-4.7778 gap0=477.781 dret=+260.472 eval_ret=n/a pursuer_target_distance=2.195 capture=0.000 score=0.000 pol=-0.0003 val=0.0989 ent=1.4355 tot=+0.0378 agnorm=0.024 cgnorm=0.149 kl=0.0009 clipf=0.002 ev=+0.653 r0=1.0000 entcoef=7.88e-03 lr=5.4e-04 seed=4
iter= 148 step= 476800 ep_ret=-448.541 opt_ret=-448.541 step_rew=-4.4854 opt_step=-4.4854 gap0=448.541 dret=+289.712 eval_ret=n/a pursuer_target_distance=2.089 capture=0.000 score=0.000 pol=-0.0008 val=0.1124 ent=1.4331 tot=+0.0441 agnorm=0.033 cgnorm=0.169 kl=0.0013 clipf=0.004 ev=+0.721 r0=1.0000 entcoef=7.87e-03 lr=5.4e-04 seed=4
iter= 149 step= 480000 ep_ret=-389.037 opt_ret=-389.037 step_rew=-3.8904 opt_step=-3.8904 gap0=389.037 dret=+349.216 eval_ret=n/a pursuer_target_distance=1.970 capture=0.000 score=0.000 pol=-0.0005 val=0.1340 ent=1.4193 tot=+0.0553 agnorm=0.031 cgnorm=0.187 kl=0.0007 clipf=0.000 ev=+0.546 r0=1.0000 entcoef=7.85e-03 lr=5.4e-04 seed=4
iter= 150 step= 483200 ep_ret=-473.708 opt_ret=-473.708 step_rew=-4.7371 opt_step=-4.7371 gap0=473.708 dret=+264.545 eval_ret=n/a pursuer_target_distance=2.157 capture=0.000 score=0.000 pol=-0.0007 val=0.1023 ent=1.4222 tot=+0.0393 agnorm=0.025 cgnorm=0.159 kl=0.0012 clipf=0.000 ev=+0.708 r0=1.0000 entcoef=7.84e-03 lr=5.3e-04 seed=4
iter= 151 step= 486400 ep_ret=-536.588 opt_ret=-536.588 step_rew=-5.3659 opt_step=-5.3659 gap0=536.588 dret=+201.665 eval_ret=n/a pursuer_target_distance=2.808 capture=0.000 score=0.000 pol=-0.0007 val=0.1404 ent=1.4124 tot=+0.0584 agnorm=0.038 cgnorm=0.185 kl=0.0018 clipf=0.006 ev=+0.519 r0=1.0000 entcoef=7.82e-03 lr=5.3e-04 seed=4
iter= 152 step= 489600 ep_ret=-501.001 opt_ret=-501.001 step_rew=-5.0100 opt_step=-5.0100 gap0=501.001 dret=+237.253 eval_ret=n/a pursuer_target_distance=2.460 capture=0.000 score=0.000 pol=-0.0008 val=0.0920 ent=1.4126 tot=+0.0342 agnorm=0.039 cgnorm=0.165 kl=0.0014 clipf=0.007 ev=+0.767 r0=1.0000 entcoef=7.81e-03 lr=5.3e-04 seed=4
iter= 153 step= 492800 ep_ret=-545.759 opt_ret=-545.759 step_rew=-5.4576 opt_step=-5.4576 gap0=545.759 dret=+192.495 eval_ret=n/a pursuer_target_distance=2.091 capture=0.000 score=0.000 pol=-0.0005 val=0.1103 ent=1.4369 tot=+0.0434 agnorm=0.029 cgnorm=0.174 kl=0.0013 clipf=0.003 ev=+0.694 r0=1.0000 entcoef=7.79e-03 lr=5.3e-04 seed=4
iter= 154 step= 496000 ep_ret=-474.168 opt_ret=-474.168 step_rew=-4.7417 opt_step=-4.7417 gap0=474.168 dret=+264.085 eval_ret=n/a pursuer_target_distance=2.406 capture=0.000 score=0.000 pol=-0.0006 val=0.0788 ent=1.4493 tot=+0.0275 agnorm=0.035 cgnorm=0.141 kl=0.0012 clipf=0.005 ev=+0.645 r0=1.0000 entcoef=7.78e-03 lr=5.3e-04 seed=4
iter= 155 step= 499200 ep_ret=-570.016 opt_ret=-570.016 step_rew=-5.7002 opt_step=-5.7002 gap0=570.016 dret=+168.237 eval_ret=n/a pursuer_target_distance=2.915 capture=0.000 score=0.000 pol=-0.0006 val=0.1466 ent=1.4509 tot=+0.0615 agnorm=0.025 cgnorm=0.179 kl=0.0009 clipf=0.001 ev=+0.510 r0=1.0000 entcoef=7.76e-03 lr=5.3e-04 seed=4
iter= 156 step= 502400 ep_ret=-563.945 opt_ret=-563.945 step_rew=-5.6395 opt_step=-5.6395 gap0=563.945 dret=+174.308 eval_ret=n/a pursuer_target_distance=3.116 capture=0.000 score=0.000 pol=-0.0008 val=0.1757 ent=1.4640 tot=+0.0757 agnorm=0.047 cgnorm=0.186 kl=0.0016 clipf=0.014 ev=+0.350 r0=1.0000 entcoef=7.75e-03 lr=5.3e-04 seed=4
iter= 157 step= 505600 ep_ret=-551.454 opt_ret=-551.454 step_rew=-5.5145 opt_step=-5.5145 gap0=551.454 dret=+186.800 eval_ret=n/a pursuer_target_distance=2.688 capture=0.000 score=0.000 pol=-0.0005 val=0.1252 ent=1.4642 tot=+0.0507 agnorm=0.032 cgnorm=0.181 kl=0.0008 clipf=0.000 ev=+0.625 r0=1.0000 entcoef=7.74e-03 lr=5.3e-04 seed=4
iter= 158 step= 508800 ep_ret=-469.948 opt_ret=-469.948 step_rew=-4.6995 opt_step=-4.6995 gap0=469.948 dret=+268.306 eval_ret=n/a pursuer_target_distance=2.322 capture=0.001 score=0.000 pol=-0.0009 val=0.1202 ent=1.4432 tot=+0.0481 agnorm=0.043 cgnorm=0.167 kl=0.0014 clipf=0.008 ev=+0.597 r0=1.0000 entcoef=7.72e-03 lr=5.3e-04 seed=4
iter= 159 step= 512000 ep_ret=-487.789 opt_ret=-487.789 step_rew=-4.8779 opt_step=-4.8779 gap0=487.789 dret=+250.465 eval_ret=n/a pursuer_target_distance=2.249 capture=0.000 score=0.000 pol=-0.0007 val=0.0758 ent=1.4417 tot=+0.0261 agnorm=0.039 cgnorm=0.137 kl=0.0010 clipf=0.001 ev=+0.626 r0=1.0000 entcoef=7.71e-03 lr=5.2e-04 seed=4
iter= 160 step= 515200 ep_ret=-436.383 opt_ret=-436.383 step_rew=-4.3638 opt_step=-4.3638 gap0=436.383 dret=+301.870 eval_ret=-334.451 pursuer_target_distance=2.081 capture=0.000 score=0.000 pol=-0.0004 val=0.0487 ent=1.4409 tot=+0.0129 agnorm=0.024 cgnorm=0.114 kl=0.0011 clipf=0.001 ev=+0.783 r0=1.0000 entcoef=7.69e-03 lr=5.2e-04 seed=4
iter= 161 step= 518400 ep_ret=-530.572 opt_ret=-530.572 step_rew=-5.3057 opt_step=-5.3057 gap0=530.572 dret=+207.681 eval_ret=n/a pursuer_target_distance=2.536 capture=0.000 score=0.000 pol=-0.0012 val=0.0826 ent=1.4512 tot=+0.0289 agnorm=0.054 cgnorm=0.159 kl=0.0026 clipf=0.017 ev=+0.734 r0=1.0000 entcoef=7.68e-03 lr=5.2e-04 seed=4
iter= 162 step= 521600 ep_ret=-532.247 opt_ret=-532.247 step_rew=-5.3225 opt_step=-5.3225 gap0=532.247 dret=+206.007 eval_ret=n/a pursuer_target_distance=2.759 capture=0.000 score=0.000 pol=-0.0008 val=0.0910 ent=1.4323 tot=+0.0337 agnorm=0.039 cgnorm=0.142 kl=0.0019 clipf=0.011 ev=+0.707 r0=1.0000 entcoef=7.66e-03 lr=5.2e-04 seed=4
iter= 163 step= 524800 ep_ret=-523.607 opt_ret=-523.607 step_rew=-5.2361 opt_step=-5.2361 gap0=523.607 dret=+214.647 eval_ret=n/a pursuer_target_distance=2.602 capture=0.000 score=0.000 pol=-0.0009 val=0.1192 ent=1.4021 tot=+0.0480 agnorm=0.048 cgnorm=0.165 kl=0.0017 clipf=0.014 ev=+0.634 r0=1.0000 entcoef=7.65e-03 lr=5.2e-04 seed=4
iter= 164 step= 528000 ep_ret=-482.822 opt_ret=-482.822 step_rew=-4.8282 opt_step=-4.8282 gap0=482.822 dret=+255.431 eval_ret=n/a pursuer_target_distance=2.087 capture=0.000 score=0.000 pol=-0.0008 val=0.0814 ent=1.4169 tot=+0.0291 agnorm=0.039 cgnorm=0.150 kl=0.0016 clipf=0.013 ev=+0.750 r0=1.0000 entcoef=7.63e-03 lr=5.2e-04 seed=4
iter= 165 step= 531200 ep_ret=-429.213 opt_ret=-429.213 step_rew=-4.2921 opt_step=-4.2921 gap0=429.213 dret=+309.040 eval_ret=n/a pursuer_target_distance=1.816 capture=0.000 score=0.000 pol=-0.0005 val=0.0804 ent=1.4258 tot=+0.0289 agnorm=0.035 cgnorm=0.155 kl=0.0011 clipf=0.005 ev=+0.757 r0=1.0000 entcoef=7.62e-03 lr=5.2e-04 seed=4
iter= 166 step= 534400 ep_ret=-438.126 opt_ret=-438.126 step_rew=-4.3813 opt_step=-4.3813 gap0=438.126 dret=+300.128 eval_ret=n/a pursuer_target_distance=2.246 capture=0.000 score=0.000 pol=-0.0007 val=0.0687 ent=1.4207 tot=+0.0228 agnorm=0.030 cgnorm=0.130 kl=0.0010 clipf=0.002 ev=+0.834 r0=1.0000 entcoef=7.61e-03 lr=5.2e-04 seed=4
iter= 167 step= 537600 ep_ret=-507.003 opt_ret=-507.003 step_rew=-5.0700 opt_step=-5.0700 gap0=507.003 dret=+231.250 eval_ret=n/a pursuer_target_distance=2.136 capture=0.000 score=0.000 pol=-0.0010 val=0.0957 ent=1.4147 tot=+0.0361 agnorm=0.039 cgnorm=0.174 kl=0.0018 clipf=0.010 ev=+0.782 r0=1.0000 entcoef=7.59e-03 lr=5.2e-04 seed=4
iter= 168 step= 540800 ep_ret=-552.614 opt_ret=-552.614 step_rew=-5.5261 opt_step=-5.5261 gap0=552.614 dret=+185.639 eval_ret=n/a pursuer_target_distance=2.741 capture=0.000 score=0.000 pol=-0.0011 val=0.1764 ent=1.4134 tot=+0.0764 agnorm=0.047 cgnorm=0.209 kl=0.0020 clipf=0.015 ev=+0.707 r0=1.0000 entcoef=7.58e-03 lr=5.1e-04 seed=4
iter= 169 step= 544000 ep_ret=-458.701 opt_ret=-458.701 step_rew=-4.5870 opt_step=-4.5870 gap0=458.701 dret=+279.552 eval_ret=n/a pursuer_target_distance=2.266 capture=0.000 score=0.000 pol=-0.0011 val=0.0780 ent=1.4077 tot=+0.0273 agnorm=0.053 cgnorm=0.126 kl=0.0023 clipf=0.015 ev=+0.753 r0=1.0000 entcoef=7.56e-03 lr=5.1e-04 seed=4
iter= 170 step= 547200 ep_ret=-490.644 opt_ret=-490.644 step_rew=-4.9064 opt_step=-4.9064 gap0=490.644 dret=+247.610 eval_ret=n/a pursuer_target_distance=2.285 capture=0.000 score=0.000 pol=-0.0010 val=0.1266 ent=1.4020 tot=+0.0517 agnorm=0.047 cgnorm=0.177 kl=0.0029 clipf=0.023 ev=+0.642 r0=1.0000 entcoef=7.55e-03 lr=5.1e-04 seed=4
iter= 171 step= 550400 ep_ret=-484.339 opt_ret=-484.339 step_rew=-4.8434 opt_step=-4.8434 gap0=484.339 dret=+253.914 eval_ret=n/a pursuer_target_distance=2.156 capture=0.000 score=0.000 pol=-0.0007 val=0.0821 ent=1.3962 tot=+0.0299 agnorm=0.037 cgnorm=0.151 kl=0.0020 clipf=0.014 ev=+0.784 r0=1.0000 entcoef=7.53e-03 lr=5.1e-04 seed=4
iter= 172 step= 553600 ep_ret=-453.095 opt_ret=-453.095 step_rew=-4.5309 opt_step=-4.5309 gap0=453.095 dret=+285.159 eval_ret=n/a pursuer_target_distance=1.933 capture=0.000 score=0.000 pol=-0.0008 val=0.0738 ent=1.4033 tot=+0.0255 agnorm=0.035 cgnorm=0.127 kl=0.0012 clipf=0.006 ev=+0.777 r0=1.0000 entcoef=7.52e-03 lr=5.1e-04 seed=4
iter= 173 step= 556800 ep_ret=-467.888 opt_ret=-467.888 step_rew=-4.6789 opt_step=-4.6789 gap0=467.888 dret=+270.365 eval_ret=n/a pursuer_target_distance=2.124 capture=0.000 score=0.000 pol=-0.0008 val=0.0658 ent=1.3927 tot=+0.0217 agnorm=0.038 cgnorm=0.134 kl=0.0019 clipf=0.012 ev=+0.786 r0=1.0000 entcoef=7.50e-03 lr=5.1e-04 seed=4
iter= 174 step= 560000 ep_ret=-479.725 opt_ret=-479.725 step_rew=-4.7973 opt_step=-4.7973 gap0=479.725 dret=+258.528 eval_ret=n/a pursuer_target_distance=2.631 capture=0.000 score=0.000 pol=-0.0009 val=0.1496 ent=1.3985 tot=+0.0635 agnorm=0.038 cgnorm=0.186 kl=0.0015 clipf=0.011 ev=+0.453 r0=1.0000 entcoef=7.49e-03 lr=5.1e-04 seed=4
iter= 175 step= 563200 ep_ret=-475.784 opt_ret=-475.784 step_rew=-4.7578 opt_step=-4.7578 gap0=475.784 dret=+262.470 eval_ret=n/a pursuer_target_distance=2.328 capture=0.000 score=0.000 pol=-0.0007 val=0.0700 ent=1.4007 tot=+0.0238 agnorm=0.032 cgnorm=0.128 kl=0.0011 clipf=0.004 ev=+0.733 r0=1.0000 entcoef=7.48e-03 lr=5.1e-04 seed=4
iter= 176 step= 566400 ep_ret=-474.652 opt_ret=-474.652 step_rew=-4.7465 opt_step=-4.7465 gap0=474.652 dret=+263.601 eval_ret=n/a pursuer_target_distance=2.372 capture=0.000 score=0.000 pol=-0.0007 val=0.0742 ent=1.4024 tot=+0.0259 agnorm=0.031 cgnorm=0.131 kl=0.0016 clipf=0.003 ev=+0.673 r0=1.0000 entcoef=7.46e-03 lr=5.1e-04 seed=4
iter= 177 step= 569600 ep_ret=-456.680 opt_ret=-456.680 step_rew=-4.5668 opt_step=-4.5668 gap0=456.680 dret=+281.573 eval_ret=n/a pursuer_target_distance=2.269 capture=0.000 score=0.000 pol=-0.0007 val=0.0715 ent=1.4339 tot=+0.0244 agnorm=0.038 cgnorm=0.154 kl=0.0011 clipf=0.003 ev=+0.627 r0=1.0000 entcoef=7.45e-03 lr=5.0e-04 seed=4
iter= 178 step= 572800 ep_ret=-506.267 opt_ret=-506.267 step_rew=-5.0627 opt_step=-5.0627 gap0=506.267 dret=+231.986 eval_ret=n/a pursuer_target_distance=2.471 capture=0.000 score=0.000 pol=-0.0009 val=0.0827 ent=1.4193 tot=+0.0299 agnorm=0.044 cgnorm=0.138 kl=0.0020 clipf=0.013 ev=+0.643 r0=1.0000 entcoef=7.43e-03 lr=5.0e-04 seed=4
iter= 179 step= 576000 ep_ret=-389.493 opt_ret=-389.493 step_rew=-3.8949 opt_step=-3.8949 gap0=389.493 dret=+348.761 eval_ret=n/a pursuer_target_distance=1.833 capture=0.000 score=0.000 pol=-0.0007 val=0.0694 ent=1.4089 tot=+0.0236 agnorm=0.033 cgnorm=0.121 kl=0.0013 clipf=0.004 ev=+0.684 r0=1.0000 entcoef=7.42e-03 lr=5.0e-04 seed=4
iter= 180 step= 579200 ep_ret=-430.598 opt_ret=-430.598 step_rew=-4.3060 opt_step=-4.3060 gap0=430.598 dret=+307.655 eval_ret=-253.103 pursuer_target_distance=2.038 capture=0.000 score=0.000 pol=-0.0007 val=0.0677 ent=1.3829 tot=+0.0229 agnorm=0.034 cgnorm=0.126 kl=0.0010 clipf=0.001 ev=+0.544 r0=1.0000 entcoef=7.40e-03 lr=5.0e-04 seed=4
iter= 181 step= 582400 ep_ret=-419.666 opt_ret=-419.666 step_rew=-4.1967 opt_step=-4.1967 gap0=419.666 dret=+318.588 eval_ret=n/a pursuer_target_distance=2.054 capture=0.000 score=0.000 pol=-0.0006 val=0.0748 ent=1.3780 tot=+0.0266 agnorm=0.032 cgnorm=0.117 kl=0.0013 clipf=0.002 ev=+0.739 r0=1.0000 entcoef=7.39e-03 lr=5.0e-04 seed=4
iter= 182 step= 585600 ep_ret=-421.863 opt_ret=-421.863 step_rew=-4.2186 opt_step=-4.2186 gap0=421.863 dret=+316.390 eval_ret=n/a pursuer_target_distance=1.954 capture=0.001 score=0.000 pol=-0.0007 val=0.1013 ent=1.3615 tot=+0.0399 agnorm=0.032 cgnorm=0.152 kl=0.0014 clipf=0.004 ev=+0.577 r0=1.0000 entcoef=7.37e-03 lr=5.0e-04 seed=4
iter= 183 step= 588800 ep_ret=-460.847 opt_ret=-460.847 step_rew=-4.6085 opt_step=-4.6085 gap0=460.847 dret=+277.406 eval_ret=n/a pursuer_target_distance=2.318 capture=0.000 score=0.000 pol=-0.0010 val=0.1178 ent=1.3994 tot=+0.0476 agnorm=0.042 cgnorm=0.178 kl=0.0017 clipf=0.010 ev=+0.316 r0=1.0000 entcoef=7.36e-03 lr=5.0e-04 seed=4
iter= 184 step= 592000 ep_ret=-414.432 opt_ret=-414.432 step_rew=-4.1443 opt_step=-4.1443 gap0=414.432 dret=+323.822 eval_ret=n/a pursuer_target_distance=1.969 capture=0.001 score=0.000 pol=-0.0007 val=0.0923 ent=1.3506 tot=+0.0355 agnorm=0.037 cgnorm=0.167 kl=0.0018 clipf=0.008 ev=+0.737 r0=1.0000 entcoef=7.35e-03 lr=5.0e-04 seed=4
iter= 185 step= 595200 ep_ret=-499.490 opt_ret=-499.490 step_rew=-4.9949 opt_step=-4.9949 gap0=499.490 dret=+238.764 eval_ret=n/a pursuer_target_distance=2.562 capture=0.000 score=0.000 pol=-0.0008 val=0.1048 ent=1.3484 tot=+0.0417 agnorm=0.029 cgnorm=0.140 kl=0.0012 clipf=0.005 ev=+0.672 r0=1.0000 entcoef=7.33e-03 lr=5.0e-04 seed=4
iter= 186 step= 598400 ep_ret=-481.869 opt_ret=-481.869 step_rew=-4.8187 opt_step=-4.8187 gap0=481.869 dret=+256.384 eval_ret=n/a pursuer_target_distance=2.200 capture=0.000 score=0.000 pol=-0.0007 val=0.0830 ent=1.3352 tot=+0.0310 agnorm=0.029 cgnorm=0.130 kl=0.0012 clipf=0.004 ev=+0.695 r0=1.0000 entcoef=7.32e-03 lr=4.9e-04 seed=4
iter= 187 step= 601600 ep_ret=-426.025 opt_ret=-426.025 step_rew=-4.2602 opt_step=-4.2602 gap0=426.025 dret=+312.229 eval_ret=n/a pursuer_target_distance=1.959 capture=0.000 score=0.000 pol=-0.0005 val=0.0693 ent=1.3572 tot=+0.0242 agnorm=0.028 cgnorm=0.132 kl=0.0007 clipf=0.001 ev=+0.654 r0=1.0000 entcoef=7.30e-03 lr=4.9e-04 seed=4
iter= 188 step= 604800 ep_ret=-499.210 opt_ret=-499.210 step_rew=-4.9921 opt_step=-4.9921 gap0=499.210 dret=+239.044 eval_ret=n/a pursuer_target_distance=2.546 capture=0.000 score=0.000 pol=-0.0007 val=0.1213 ent=1.3786 tot=+0.0499 agnorm=0.036 cgnorm=0.159 kl=0.0013 clipf=0.007 ev=+0.589 r0=1.0000 entcoef=7.29e-03 lr=4.9e-04 seed=4
iter= 189 step= 608000 ep_ret=-447.446 opt_ret=-447.446 step_rew=-4.4745 opt_step=-4.4745 gap0=447.446 dret=+290.808 eval_ret=n/a pursuer_target_distance=2.206 capture=0.000 score=0.000 pol=-0.0010 val=0.0870 ent=1.3745 tot=+0.0325 agnorm=0.041 cgnorm=0.156 kl=0.0015 clipf=0.008 ev=+0.538 r0=1.0000 entcoef=7.27e-03 lr=4.9e-04 seed=4
iter= 190 step= 611200 ep_ret=-453.805 opt_ret=-453.805 step_rew=-4.5381 opt_step=-4.5381 gap0=453.805 dret=+284.448 eval_ret=n/a pursuer_target_distance=2.141 capture=0.003 score=0.001 pol=-0.0009 val=0.1181 ent=1.3756 tot=+0.0482 agnorm=0.047 cgnorm=0.175 kl=0.0024 clipf=0.018 ev=+0.566 r0=1.0000 entcoef=7.26e-03 lr=4.9e-04 seed=4
iter= 191 step= 614400 ep_ret=-450.032 opt_ret=-450.032 step_rew=-4.5003 opt_step=-4.5003 gap0=450.032 dret=+288.221 eval_ret=n/a pursuer_target_distance=2.069 capture=0.000 score=0.000 pol=-0.0004 val=0.1068 ent=1.3656 tot=+0.0430 agnorm=0.025 cgnorm=0.152 kl=0.0012 clipf=0.001 ev=+0.465 r0=1.0000 entcoef=7.25e-03 lr=4.9e-04 seed=4
iter= 192 step= 617600 ep_ret=-457.269 opt_ret=-457.269 step_rew=-4.5727 opt_step=-4.5727 gap0=457.269 dret=+280.984 eval_ret=n/a pursuer_target_distance=1.884 capture=0.000 score=0.000 pol=-0.0009 val=0.0690 ent=1.3988 tot=+0.0234 agnorm=0.039 cgnorm=0.121 kl=0.0012 clipf=0.003 ev=+0.616 r0=1.0000 entcoef=7.23e-03 lr=4.9e-04 seed=4
iter= 193 step= 620800 ep_ret=-427.635 opt_ret=-427.635 step_rew=-4.2763 opt_step=-4.2763 gap0=427.635 dret=+310.619 eval_ret=n/a pursuer_target_distance=2.128 capture=0.000 score=0.000 pol=-0.0006 val=0.0993 ent=1.3867 tot=+0.0390 agnorm=0.030 cgnorm=0.158 kl=0.0014 clipf=0.002 ev=+0.611 r0=1.0000 entcoef=7.22e-03 lr=4.9e-04 seed=4
iter= 194 step= 624000 ep_ret=-433.063 opt_ret=-433.063 step_rew=-4.3306 opt_step=-4.3306 gap0=433.063 dret=+305.191 eval_ret=n/a pursuer_target_distance=2.053 capture=0.000 score=0.000 pol=-0.0007 val=0.0896 ent=1.3819 tot=+0.0341 agnorm=0.037 cgnorm=0.143 kl=0.0011 clipf=0.003 ev=+0.595 r0=1.0000 entcoef=7.20e-03 lr=4.9e-04 seed=4
iter= 195 step= 627200 ep_ret=-460.718 opt_ret=-460.718 step_rew=-4.6072 opt_step=-4.6072 gap0=460.718 dret=+277.535 eval_ret=n/a pursuer_target_distance=2.318 capture=0.000 score=0.000 pol=-0.0009 val=0.1346 ent=1.3740 tot=+0.0565 agnorm=0.039 cgnorm=0.197 kl=0.0016 clipf=0.008 ev=+0.377 r0=1.0000 entcoef=7.19e-03 lr=4.8e-04 seed=4
iter= 196 step= 630400 ep_ret=-413.372 opt_ret=-413.372 step_rew=-4.1337 opt_step=-4.1337 gap0=413.372 dret=+324.882 eval_ret=n/a pursuer_target_distance=1.818 capture=0.000 score=0.000 pol=-0.0008 val=0.0578 ent=1.3844 tot=+0.0182 agnorm=0.033 cgnorm=0.124 kl=0.0019 clipf=0.008 ev=+0.699 r0=1.0000 entcoef=7.17e-03 lr=4.8e-04 seed=4
iter= 197 step= 633600 ep_ret=-511.175 opt_ret=-511.175 step_rew=-5.1118 opt_step=-5.1118 gap0=511.175 dret=+227.078 eval_ret=n/a pursuer_target_distance=2.320 capture=0.001 score=0.000 pol=-0.0006 val=0.0963 ent=1.3996 tot=+0.0376 agnorm=0.031 cgnorm=0.183 kl=0.0008 clipf=0.001 ev=+0.604 r0=1.0000 entcoef=7.16e-03 lr=4.8e-04 seed=4
iter= 198 step= 636800 ep_ret=-469.260 opt_ret=-469.260 step_rew=-4.6926 opt_step=-4.6926 gap0=469.260 dret=+268.993 eval_ret=n/a pursuer_target_distance=2.367 capture=0.000 score=0.000 pol=-0.0004 val=0.1365 ent=1.4187 tot=+0.0577 agnorm=0.035 cgnorm=0.180 kl=0.0007 clipf=0.003 ev=+0.527 r0=1.0000 entcoef=7.14e-03 lr=4.8e-04 seed=4
iter= 199 step= 640000 ep_ret=-406.808 opt_ret=-406.808 step_rew=-4.0681 opt_step=-4.0681 gap0=406.808 dret=+331.445 eval_ret=n/a pursuer_target_distance=1.869 capture=0.000 score=0.000 pol=-0.0006 val=0.0710 ent=1.3977 tot=+0.0249 agnorm=0.038 cgnorm=0.143 kl=0.0013 clipf=0.007 ev=+0.707 r0=1.0000 entcoef=7.13e-03 lr=4.8e-04 seed=4
iter= 200 step= 643200 ep_ret=-426.936 opt_ret=-426.936 step_rew=-4.2694 opt_step=-4.2694 gap0=426.936 dret=+311.317 eval_ret=-317.645 pursuer_target_distance=2.016 capture=0.000 score=0.000 pol=-0.0004 val=0.1138 ent=1.3769 tot=+0.0467 agnorm=0.024 cgnorm=0.198 kl=0.0007 clipf=0.000 ev=+0.379 r0=1.0000 entcoef=7.12e-03 lr=4.8e-04 seed=4
iter= 201 step= 646400 ep_ret=-423.723 opt_ret=-423.723 step_rew=-4.2372 opt_step=-4.2372 gap0=423.723 dret=+314.530 eval_ret=n/a pursuer_target_distance=1.529 capture=0.000 score=0.000 pol=-0.0006 val=0.0740 ent=1.4103 tot=+0.0263 agnorm=0.035 cgnorm=0.133 kl=0.0014 clipf=0.006 ev=+0.675 r0=1.0000 entcoef=7.10e-03 lr=4.8e-04 seed=4
iter= 202 step= 649600 ep_ret=-467.434 opt_ret=-467.434 step_rew=-4.6743 opt_step=-4.6743 gap0=467.434 dret=+270.819 eval_ret=n/a pursuer_target_distance=2.270 capture=0.000 score=0.000 pol=-0.0002 val=0.1024 ent=1.4186 tot=+0.0409 agnorm=0.029 cgnorm=0.166 kl=0.0004 clipf=0.001 ev=+0.531 r0=1.0000 entcoef=7.09e-03 lr=4.8e-04 seed=4
iter= 203 step= 652800 ep_ret=-464.165 opt_ret=-464.165 step_rew=-4.6417 opt_step=-4.6417 gap0=464.165 dret=+274.088 eval_ret=n/a pursuer_target_distance=1.954 capture=0.000 score=0.000 pol=-0.0006 val=0.1217 ent=1.4076 tot=+0.0503 agnorm=0.029 cgnorm=0.182 kl=0.0008 clipf=0.001 ev=+0.514 r0=1.0000 entcoef=7.07e-03 lr=4.8e-04 seed=4
iter= 204 step= 656000 ep_ret=-429.663 opt_ret=-429.663 step_rew=-4.2966 opt_step=-4.2966 gap0=429.663 dret=+308.590 eval_ret=n/a pursuer_target_distance=1.817 capture=0.000 score=0.000 pol=-0.0008 val=0.0697 ent=1.3917 tot=+0.0242 agnorm=0.027 cgnorm=0.143 kl=0.0013 clipf=0.001 ev=+0.626 r0=1.0000 entcoef=7.06e-03 lr=4.7e-04 seed=4
iter= 205 step= 659200 ep_ret=-419.822 opt_ret=-419.822 step_rew=-4.1982 opt_step=-4.1982 gap0=419.822 dret=+318.431 eval_ret=n/a pursuer_target_distance=1.955 capture=0.001 score=0.000 pol=-0.0010 val=0.0957 ent=1.3743 tot=+0.0372 agnorm=0.037 cgnorm=0.158 kl=0.0015 clipf=0.006 ev=+0.643 r0=1.0000 entcoef=7.04e-03 lr=4.7e-04 seed=4
iter= 206 step= 662400 ep_ret=-408.602 opt_ret=-408.602 step_rew=-4.0860 opt_step=-4.0860 gap0=408.602 dret=+329.651 eval_ret=n/a pursuer_target_distance=1.571 capture=0.000 score=0.000 pol=-0.0005 val=0.1034 ent=1.3734 tot=+0.0415 agnorm=0.029 cgnorm=0.170 kl=0.0010 clipf=0.001 ev=+0.552 r0=1.0000 entcoef=7.03e-03 lr=4.7e-04 seed=4
iter= 207 step= 665600 ep_ret=-417.289 opt_ret=-417.289 step_rew=-4.1729 opt_step=-4.1729 gap0=417.289 dret=+320.964 eval_ret=n/a pursuer_target_distance=1.880 capture=0.003 score=0.001 pol=-0.0010 val=0.1526 ent=1.3650 tot=+0.0657 agnorm=0.038 cgnorm=0.178 kl=0.0014 clipf=0.005 ev=+0.533 r0=1.0000 entcoef=7.01e-03 lr=4.7e-04 seed=4
iter= 208 step= 668800 ep_ret=-341.822 opt_ret=-341.822 step_rew=-3.4182 opt_step=-3.4182 gap0=341.822 dret=+396.432 eval_ret=n/a pursuer_target_distance=1.626 capture=0.002 score=0.001 pol=-0.0008 val=0.0904 ent=1.3296 tot=+0.0351 agnorm=0.037 cgnorm=0.166 kl=0.0015 clipf=0.005 ev=+0.715 r0=1.0000 entcoef=7.00e-03 lr=4.7e-04 seed=4
iter= 209 step= 672000 ep_ret=-422.464 opt_ret=-422.464 step_rew=-4.2246 opt_step=-4.2246 gap0=422.464 dret=+315.790 eval_ret=n/a pursuer_target_distance=2.012 capture=0.003 score=0.001 pol=-0.0005 val=0.0837 ent=1.3276 tot=+0.0321 agnorm=0.027 cgnorm=0.160 kl=0.0012 clipf=0.006 ev=+0.682 r0=1.0000 entcoef=6.99e-03 lr=4.7e-04 seed=4
iter= 210 step= 675200 ep_ret=-360.201 opt_ret=-360.201 step_rew=-3.6020 opt_step=-3.6020 gap0=360.201 dret=+378.052 eval_ret=n/a pursuer_target_distance=1.605 capture=0.005 score=0.002 pol=-0.0007 val=0.1062 ent=1.3405 tot=+0.0431 agnorm=0.029 cgnorm=0.182 kl=0.0008 clipf=0.001 ev=+0.681 r0=1.0000 entcoef=6.97e-03 lr=4.7e-04 seed=4
iter= 211 step= 678400 ep_ret=-340.908 opt_ret=-340.908 step_rew=-3.4091 opt_step=-3.4091 gap0=340.908 dret=+397.346 eval_ret=n/a pursuer_target_distance=1.438 capture=0.005 score=0.002 pol=-0.0006 val=0.0707 ent=1.3210 tot=+0.0256 agnorm=0.035 cgnorm=0.155 kl=0.0008 clipf=0.003 ev=+0.803 r0=1.0000 entcoef=6.96e-03 lr=4.7e-04 seed=4
iter= 212 step= 681600 ep_ret=-352.013 opt_ret=-352.013 step_rew=-3.5201 opt_step=-3.5201 gap0=352.013 dret=+386.241 eval_ret=n/a pursuer_target_distance=1.570 capture=0.006 score=0.002 pol=-0.0010 val=0.0809 ent=1.3108 tot=+0.0303 agnorm=0.049 cgnorm=0.183 kl=0.0022 clipf=0.019 ev=+0.772 r0=1.0000 entcoef=6.94e-03 lr=4.7e-04 seed=4
iter= 213 step= 684800 ep_ret=-424.641 opt_ret=-424.641 step_rew=-4.2464 opt_step=-4.2464 gap0=424.641 dret=+313.613 eval_ret=n/a pursuer_target_distance=1.947 capture=0.000 score=0.000 pol=-0.0007 val=0.1070 ent=1.3123 tot=+0.0438 agnorm=0.030 cgnorm=0.173 kl=0.0010 clipf=0.002 ev=+0.715 r0=1.0000 entcoef=6.93e-03 lr=4.6e-04 seed=4
iter= 214 step= 688000 ep_ret=-425.588 opt_ret=-425.588 step_rew=-4.2559 opt_step=-4.2559 gap0=425.588 dret=+312.665 eval_ret=n/a pursuer_target_distance=1.886 capture=0.002 score=0.001 pol=-0.0010 val=0.1185 ent=1.3546 tot=+0.0489 agnorm=0.042 cgnorm=0.220 kl=0.0023 clipf=0.013 ev=+0.658 r0=1.0000 entcoef=6.91e-03 lr=4.6e-04 seed=4
iter= 215 step= 691200 ep_ret=-442.787 opt_ret=-442.787 step_rew=-4.4279 opt_step=-4.4279 gap0=442.787 dret=+295.466 eval_ret=n/a pursuer_target_distance=1.943 capture=0.000 score=0.000 pol=-0.0012 val=0.0805 ent=1.3814 tot=+0.0295 agnorm=0.048 cgnorm=0.171 kl=0.0012 clipf=0.004 ev=+0.721 r0=1.0000 entcoef=6.90e-03 lr=4.6e-04 seed=4
iter= 216 step= 694400 ep_ret=-359.986 opt_ret=-359.986 step_rew=-3.5999 opt_step=-3.5999 gap0=359.986 dret=+378.268 eval_ret=n/a pursuer_target_distance=1.984 capture=0.012 score=0.004 pol=-0.0007 val=0.1042 ent=1.3999 tot=+0.0418 agnorm=0.035 cgnorm=0.205 kl=0.0016 clipf=0.005 ev=+0.651 r0=1.0000 entcoef=6.88e-03 lr=4.6e-04 seed=4
iter= 217 step= 697600 ep_ret=-418.479 opt_ret=-418.479 step_rew=-4.1848 opt_step=-4.1848 gap0=418.479 dret=+319.774 eval_ret=n/a pursuer_target_distance=2.068 capture=0.000 score=0.000 pol=-0.0006 val=0.0744 ent=1.4181 tot=+0.0269 agnorm=0.039 cgnorm=0.210 kl=0.0010 clipf=0.002 ev=+0.817 r0=1.0000 entcoef=6.87e-03 lr=4.6e-04 seed=4
iter= 218 step= 700800 ep_ret=-402.130 opt_ret=-402.130 step_rew=-4.0213 opt_step=-4.0213 gap0=402.130 dret=+336.124 eval_ret=n/a pursuer_target_distance=1.871 capture=0.000 score=0.000 pol=-0.0005 val=0.0682 ent=1.4277 tot=+0.0238 agnorm=0.034 cgnorm=0.207 kl=0.0011 clipf=0.006 ev=+0.835 r0=1.0000 entcoef=6.86e-03 lr=4.6e-04 seed=4
iter= 219 step= 704000 ep_ret=-408.852 opt_ret=-408.852 step_rew=-4.0885 opt_step=-4.0885 gap0=408.852 dret=+329.401 eval_ret=n/a pursuer_target_distance=1.959 capture=0.000 score=0.000 pol=-0.0005 val=0.0654 ent=1.4159 tot=+0.0225 agnorm=0.033 cgnorm=0.219 kl=0.0012 clipf=0.006 ev=+0.844 r0=1.0000 entcoef=6.84e-03 lr=4.6e-04 seed=4
iter= 220 step= 707200 ep_ret=-425.381 opt_ret=-425.381 step_rew=-4.2538 opt_step=-4.2538 gap0=425.381 dret=+312.872 eval_ret=-387.184 pursuer_target_distance=2.017 capture=0.001 score=0.000 pol=-0.0006 val=0.1160 ent=1.4283 tot=+0.0477 agnorm=0.031 cgnorm=0.253 kl=0.0007 clipf=0.000 ev=+0.778 r0=1.0000 entcoef=6.83e-03 lr=4.6e-04 seed=4
iter= 221 step= 710400 ep_ret=-435.211 opt_ret=-435.211 step_rew=-4.3521 opt_step=-4.3521 gap0=435.211 dret=+303.042 eval_ret=n/a pursuer_target_distance=1.881 capture=0.001 score=0.000 pol=-0.0007 val=0.0631 ent=1.4358 tot=+0.0211 agnorm=0.026 cgnorm=0.179 kl=0.0013 clipf=0.002 ev=+0.839 r0=1.0000 entcoef=6.81e-03 lr=4.6e-04 seed=4
iter= 222 step= 713600 ep_ret=-400.396 opt_ret=-400.396 step_rew=-4.0040 opt_step=-4.0040 gap0=400.396 dret=+337.857 eval_ret=n/a pursuer_target_distance=1.705 capture=0.001 score=0.000 pol=-0.0007 val=0.0673 ent=1.4246 tot=+0.0233 agnorm=0.032 cgnorm=0.200 kl=0.0010 clipf=0.003 ev=+0.841 r0=1.0000 entcoef=6.80e-03 lr=4.5e-04 seed=4
iter= 223 step= 716800 ep_ret=-455.394 opt_ret=-455.394 step_rew=-4.5539 opt_step=-4.5539 gap0=455.394 dret=+282.860 eval_ret=n/a pursuer_target_distance=2.177 capture=0.000 score=0.000 pol=-0.0009 val=0.1063 ent=1.4227 tot=+0.0426 agnorm=0.050 cgnorm=0.251 kl=0.0014 clipf=0.010 ev=+0.813 r0=1.0000 entcoef=6.78e-03 lr=4.5e-04 seed=4
iter= 224 step= 720000 ep_ret=-347.790 opt_ret=-347.790 step_rew=-3.4779 opt_step=-3.4779 gap0=347.790 dret=+390.464 eval_ret=n/a pursuer_target_distance=1.609 capture=0.005 score=0.002 pol=-0.0005 val=0.0756 ent=1.4380 tot=+0.0276 agnorm=0.033 cgnorm=0.194 kl=0.0014 clipf=0.002 ev=+0.806 r0=1.0000 entcoef=6.77e-03 lr=4.5e-04 seed=4
iter= 225 step= 723200 ep_ret=-454.377 opt_ret=-454.377 step_rew=-4.5438 opt_step=-4.5438 gap0=454.377 dret=+283.876 eval_ret=n/a pursuer_target_distance=2.026 capture=0.000 score=0.000 pol=-0.0007 val=0.0844 ent=1.4489 tot=+0.0317 agnorm=0.042 cgnorm=0.221 kl=0.0015 clipf=0.006 ev=+0.798 r0=1.0000 entcoef=6.75e-03 lr=4.5e-04 seed=4
iter= 226 step= 726400 ep_ret=-477.527 opt_ret=-477.527 step_rew=-4.7753 opt_step=-4.7753 gap0=477.527 dret=+260.727 eval_ret=n/a pursuer_target_distance=2.213 capture=0.000 score=0.000 pol=-0.0008 val=0.0913 ent=1.4444 tot=+0.0351 agnorm=0.041 cgnorm=0.215 kl=0.0009 clipf=0.000 ev=+0.801 r0=1.0000 entcoef=6.74e-03 lr=4.5e-04 seed=4
iter= 227 step= 729600 ep_ret=-492.775 opt_ret=-492.775 step_rew=-4.9277 opt_step=-4.9277 gap0=492.775 dret=+245.478 eval_ret=n/a pursuer_target_distance=1.955 capture=0.000 score=0.000 pol=-0.0007 val=0.0725 ent=1.4382 tot=+0.0258 agnorm=0.044 cgnorm=0.174 kl=0.0021 clipf=0.016 ev=+0.872 r0=1.0000 entcoef=6.73e-03 lr=4.5e-04 seed=4
iter= 228 step= 732800 ep_ret=-512.595 opt_ret=-512.595 step_rew=-5.1260 opt_step=-5.1260 gap0=512.595 dret=+225.658 eval_ret=n/a pursuer_target_distance=2.187 capture=0.000 score=0.000 pol=-0.0011 val=0.0782 ent=1.4323 tot=+0.0284 agnorm=0.039 cgnorm=0.254 kl=0.0023 clipf=0.013 ev=+0.848 r0=1.0000 entcoef=6.71e-03 lr=4.5e-04 seed=4
iter= 229 step= 736000 ep_ret=-371.603 opt_ret=-371.603 step_rew=-3.7160 opt_step=-3.7160 gap0=371.603 dret=+366.650 eval_ret=n/a pursuer_target_distance=1.677 capture=0.011 score=0.004 pol=-0.0011 val=0.0824 ent=1.3859 tot=+0.0308 agnorm=0.042 cgnorm=0.208 kl=0.0019 clipf=0.008 ev=+0.880 r0=1.0000 entcoef=6.70e-03 lr=4.5e-04 seed=4
iter= 230 step= 739200 ep_ret=-429.001 opt_ret=-429.001 step_rew=-4.2900 opt_step=-4.2900 gap0=429.001 dret=+309.252 eval_ret=n/a pursuer_target_distance=2.061 capture=0.000 score=0.000 pol=-0.0005 val=0.0680 ent=1.4009 tot=+0.0241 agnorm=0.033 cgnorm=0.235 kl=0.0008 clipf=0.001 ev=+0.895 r0=1.0000 entcoef=6.68e-03 lr=4.5e-04 seed=4
iter= 231 step= 742400 ep_ret=-438.259 opt_ret=-438.259 step_rew=-4.3826 opt_step=-4.3826 gap0=438.259 dret=+299.994 eval_ret=n/a pursuer_target_distance=2.128 capture=0.000 score=0.000 pol=-0.0007 val=0.1084 ent=1.4094 tot=+0.0441 agnorm=0.030 cgnorm=0.281 kl=0.0011 clipf=0.003 ev=+0.835 r0=1.0000 entcoef=6.67e-03 lr=4.4e-04 seed=4
iter= 232 step= 745600 ep_ret=-464.469 opt_ret=-464.469 step_rew=-4.6447 opt_step=-4.6447 gap0=464.469 dret=+273.784 eval_ret=n/a pursuer_target_distance=2.172 capture=0.014 score=0.004 pol=-0.0008 val=0.1731 ent=1.4245 tot=+0.0762 agnorm=0.035 cgnorm=0.312 kl=0.0013 clipf=0.006 ev=+0.759 r0=1.0000 entcoef=6.65e-03 lr=4.4e-04 seed=4
iter= 233 step= 748800 ep_ret=-442.132 opt_ret=-442.132 step_rew=-4.4213 opt_step=-4.4213 gap0=442.132 dret=+296.121 eval_ret=n/a pursuer_target_distance=1.727 capture=0.000 score=0.000 pol=-0.0015 val=0.0966 ent=1.4371 tot=+0.0373 agnorm=0.063 cgnorm=0.289 kl=0.0025 clipf=0.025 ev=+0.799 r0=1.0000 entcoef=6.64e-03 lr=4.4e-04 seed=4
iter= 234 step= 752000 ep_ret=-502.630 opt_ret=-502.630 step_rew=-5.0263 opt_step=-5.0263 gap0=502.630 dret=+235.623 eval_ret=n/a pursuer_target_distance=2.462 capture=0.000 score=0.000 pol=-0.0008 val=0.1254 ent=1.4239 tot=+0.0525 agnorm=0.044 cgnorm=0.279 kl=0.0027 clipf=0.015 ev=+0.784 r0=1.0000 entcoef=6.62e-03 lr=4.4e-04 seed=4
iter= 235 step= 755200 ep_ret=-402.755 opt_ret=-402.755 step_rew=-4.0275 opt_step=-4.0275 gap0=402.755 dret=+335.499 eval_ret=n/a pursuer_target_distance=1.580 capture=0.000 score=0.000 pol=-0.0004 val=0.0641 ent=1.4195 tot=+0.0222 agnorm=0.030 cgnorm=0.218 kl=0.0011 clipf=0.004 ev=+0.860 r0=1.0000 entcoef=6.61e-03 lr=4.4e-04 seed=4
iter= 236 step= 758400 ep_ret=-448.713 opt_ret=-448.713 step_rew=-4.4871 opt_step=-4.4871 gap0=448.713 dret=+289.540 eval_ret=n/a pursuer_target_distance=1.824 capture=0.000 score=0.000 pol=-0.0012 val=0.0988 ent=1.4075 tot=+0.0389 agnorm=0.063 cgnorm=0.249 kl=0.0024 clipf=0.023 ev=+0.847 r0=1.0000 entcoef=6.60e-03 lr=4.4e-04 seed=4
iter= 237 step= 761600 ep_ret=-418.760 opt_ret=-418.760 step_rew=-4.1876 opt_step=-4.1876 gap0=418.760 dret=+319.493 eval_ret=n/a pursuer_target_distance=1.406 capture=0.000 score=0.000 pol=-0.0008 val=0.0722 ent=1.4222 tot=+0.0259 agnorm=0.047 cgnorm=0.250 kl=0.0025 clipf=0.019 ev=+0.855 r0=1.0000 entcoef=6.58e-03 lr=4.4e-04 seed=4
iter= 238 step= 764800 ep_ret=-415.473 opt_ret=-415.473 step_rew=-4.1547 opt_step=-4.1547 gap0=415.473 dret=+322.781 eval_ret=n/a pursuer_target_distance=1.853 capture=0.000 score=0.000 pol=-0.0005 val=0.0671 ent=1.4099 tot=+0.0238 agnorm=0.027 cgnorm=0.240 kl=0.0010 clipf=0.000 ev=+0.870 r0=1.0000 entcoef=6.57e-03 lr=4.4e-04 seed=4
iter= 239 step= 768000 ep_ret=-384.759 opt_ret=-384.759 step_rew=-3.8476 opt_step=-3.8476 gap0=384.759 dret=+353.494 eval_ret=n/a pursuer_target_distance=1.411 capture=0.003 score=0.001 pol=-0.0006 val=0.0788 ent=1.4086 tot=+0.0295 agnorm=0.033 cgnorm=0.254 kl=0.0007 clipf=0.002 ev=+0.813 r0=1.0000 entcoef=6.55e-03 lr=4.4e-04 seed=4
iter= 240 step= 771200 ep_ret=-446.470 opt_ret=-446.470 step_rew=-4.4647 opt_step=-4.4647 gap0=446.470 dret=+291.783 eval_ret=-318.675 pursuer_target_distance=1.945 capture=0.004 score=0.001 pol=-0.0004 val=0.1065 ent=1.3914 tot=+0.0437 agnorm=0.031 cgnorm=0.279 kl=0.0009 clipf=0.002 ev=+0.763 r0=1.0000 entcoef=6.54e-03 lr=4.3e-04 seed=4
iter= 241 step= 774400 ep_ret=-390.507 opt_ret=-390.507 step_rew=-3.9051 opt_step=-3.9051 gap0=390.507 dret=+347.746 eval_ret=n/a pursuer_target_distance=1.717 capture=0.001 score=0.000 pol=-0.0007 val=0.0489 ent=1.3826 tot=+0.0147 agnorm=0.037 cgnorm=0.180 kl=0.0007 clipf=0.000 ev=+0.872 r0=1.0000 entcoef=6.52e-03 lr=4.3e-04 seed=4
iter= 242 step= 777600 ep_ret=-436.320 opt_ret=-436.320 step_rew=-4.3632 opt_step=-4.3632 gap0=436.320 dret=+301.934 eval_ret=n/a pursuer_target_distance=2.020 capture=0.001 score=0.000 pol=-0.0005 val=0.0920 ent=1.3897 tot=+0.0364 agnorm=0.029 cgnorm=0.249 kl=0.0008 clipf=0.001 ev=+0.771 r0=1.0000 entcoef=6.51e-03 lr=4.3e-04 seed=4
iter= 243 step= 780800 ep_ret=-433.999 opt_ret=-433.999 step_rew=-4.3400 opt_step=-4.3400 gap0=433.999 dret=+304.255 eval_ret=n/a pursuer_target_distance=2.057 capture=0.003 score=0.001 pol=-0.0007 val=0.0763 ent=1.3705 tot=+0.0286 agnorm=0.032 cgnorm=0.237 kl=0.0008 clipf=0.000 ev=+0.850 r0=1.0000 entcoef=6.50e-03 lr=4.3e-04 seed=4
iter= 244 step= 784000 ep_ret=-404.877 opt_ret=-404.877 step_rew=-4.0488 opt_step=-4.0488 gap0=404.877 dret=+333.377 eval_ret=n/a pursuer_target_distance=1.827 capture=0.001 score=0.000 pol=-0.0008 val=0.0696 ent=1.3305 tot=+0.0254 agnorm=0.030 cgnorm=0.201 kl=0.0015 clipf=0.002 ev=+0.845 r0=1.0000 entcoef=6.48e-03 lr=4.3e-04 seed=4
iter= 245 step= 787200 ep_ret=-414.426 opt_ret=-414.426 step_rew=-4.1443 opt_step=-4.1443 gap0=414.426 dret=+323.828 eval_ret=n/a pursuer_target_distance=1.780 capture=0.012 score=0.004 pol=-0.0010 val=0.1334 ent=1.3263 tot=+0.0571 agnorm=0.041 cgnorm=0.285 kl=0.0016 clipf=0.006 ev=+0.736 r0=1.0000 entcoef=6.47e-03 lr=4.3e-04 seed=4
iter= 246 step= 790400 ep_ret=-312.658 opt_ret=-312.658 step_rew=-3.1266 opt_step=-3.1266 gap0=312.658 dret=+425.596 eval_ret=n/a pursuer_target_distance=1.542 capture=0.029 score=0.012 pol=-0.0011 val=0.1072 ent=1.2860 tot=+0.0442 agnorm=0.038 cgnorm=0.278 kl=0.0015 clipf=0.006 ev=+0.867 r0=1.0000 entcoef=6.45e-03 lr=4.3e-04 seed=4
iter= 247 step= 793600 ep_ret=-346.706 opt_ret=-346.706 step_rew=-3.4671 opt_step=-3.4671 gap0=346.706 dret=+391.548 eval_ret=n/a pursuer_target_distance=1.798 capture=0.019 score=0.007 pol=-0.0008 val=0.0953 ent=1.2662 tot=+0.0387 agnorm=0.035 cgnorm=0.226 kl=0.0012 clipf=0.004 ev=+0.861 r0=1.0000 entcoef=6.44e-03 lr=4.3e-04 seed=4
iter= 248 step= 796800 ep_ret=-356.406 opt_ret=-356.406 step_rew=-3.5641 opt_step=-3.5641 gap0=356.406 dret=+381.848 eval_ret=n/a pursuer_target_distance=1.625 capture=0.015 score=0.006 pol=-0.0006 val=0.0871 ent=1.2540 tot=+0.0349 agnorm=0.029 cgnorm=0.243 kl=0.0010 clipf=0.000 ev=+0.869 r0=1.0000 entcoef=6.42e-03 lr=4.3e-04 seed=4
iter= 249 step= 800000 ep_ret=-337.430 opt_ret=-337.430 step_rew=-3.3743 opt_step=-3.3743 gap0=337.430 dret=+400.824 eval_ret=n/a pursuer_target_distance=1.825 capture=0.017 score=0.006 pol=-0.0004 val=0.0525 ent=1.2701 tot=+0.0177 agnorm=0.040 cgnorm=0.178 kl=0.0007 clipf=0.003 ev=+0.921 r0=1.0000 entcoef=6.41e-03 lr=4.2e-04 seed=4
iter= 250 step= 803200 ep_ret=-360.346 opt_ret=-360.346 step_rew=-3.6035 opt_step=-3.6035 gap0=360.346 dret=+377.907 eval_ret=n/a pursuer_target_distance=1.592 capture=0.019 score=0.007 pol=-0.0005 val=0.0897 ent=1.2768 tot=+0.0362 agnorm=0.029 cgnorm=0.244 kl=0.0013 clipf=0.005 ev=+0.901 r0=1.0000 entcoef=6.39e-03 lr=4.2e-04 seed=4
iter= 251 step= 806400 ep_ret=-312.263 opt_ret=-312.263 step_rew=-3.1226 opt_step=-3.1226 gap0=312.263 dret=+425.990 eval_ret=n/a pursuer_target_distance=1.468 capture=0.035 score=0.014 pol=-0.0005 val=0.1196 ent=1.2963 tot=+0.0510 agnorm=0.026 cgnorm=0.288 kl=0.0009 clipf=0.003 ev=+0.861 r0=1.0000 entcoef=6.38e-03 lr=4.2e-04 seed=4
iter= 252 step= 809600 ep_ret=-325.025 opt_ret=-325.025 step_rew=-3.2503 opt_step=-3.2503 gap0=325.025 dret=+413.228 eval_ret=n/a pursuer_target_distance=1.591 capture=0.023 score=0.009 pol=-0.0007 val=0.1155 ent=1.3023 tot=+0.0487 agnorm=0.030 cgnorm=0.316 kl=0.0010 clipf=0.003 ev=+0.897 r0=1.0000 entcoef=6.37e-03 lr=4.2e-04 seed=4
iter= 253 step= 812800 ep_ret=-345.086 opt_ret=-345.086 step_rew=-3.4509 opt_step=-3.4509 gap0=345.086 dret=+393.167 eval_ret=n/a pursuer_target_distance=1.874 capture=0.032 score=0.011 pol=-0.0012 val=0.0951 ent=1.2959 tot=+0.0381 agnorm=0.058 cgnorm=0.263 kl=0.0015 clipf=0.008 ev=+0.863 r0=1.0000 entcoef=6.35e-03 lr=4.2e-04 seed=4
iter= 254 step= 816000 ep_ret=-349.476 opt_ret=-349.476 step_rew=-3.4948 opt_step=-3.4948 gap0=349.476 dret=+388.778 eval_ret=n/a pursuer_target_distance=1.354 capture=0.021 score=0.009 pol=-0.0006 val=0.0826 ent=1.3050 tot=+0.0324 agnorm=0.037 cgnorm=0.269 kl=0.0015 clipf=0.007 ev=+0.876 r0=1.0000 entcoef=6.34e-03 lr=4.2e-04 seed=4
iter= 255 step= 819200 ep_ret=-300.990 opt_ret=-300.990 step_rew=-3.0099 opt_step=-3.0099 gap0=300.990 dret=+437.263 eval_ret=n/a pursuer_target_distance=1.395 capture=0.040 score=0.017 pol=-0.0006 val=0.1107 ent=1.3263 tot=+0.0463 agnorm=0.045 cgnorm=0.279 kl=0.0008 clipf=0.003 ev=+0.892 r0=1.0000 entcoef=6.32e-03 lr=4.2e-04 seed=4
iter= 256 step= 822400 ep_ret=-368.612 opt_ret=-368.612 step_rew=-3.6861 opt_step=-3.6861 gap0=368.612 dret=+369.642 eval_ret=n/a pursuer_target_distance=1.642 capture=0.015 score=0.006 pol=-0.0006 val=0.0796 ent=1.3361 tot=+0.0308 agnorm=0.032 cgnorm=0.280 kl=0.0016 clipf=0.007 ev=+0.926 r0=1.0000 entcoef=6.31e-03 lr=4.2e-04 seed=4
iter= 257 step= 825600 ep_ret=-415.769 opt_ret=-415.769 step_rew=-4.1577 opt_step=-4.1577 gap0=415.769 dret=+322.485 eval_ret=n/a pursuer_target_distance=1.676 capture=0.017 score=0.006 pol=-0.0006 val=0.0657 ent=1.3149 tot=+0.0239 agnorm=0.031 cgnorm=0.251 kl=0.0008 clipf=0.001 ev=+0.930 r0=1.0000 entcoef=6.29e-03 lr=4.2e-04 seed=4
iter= 258 step= 828800 ep_ret=-358.316 opt_ret=-358.316 step_rew=-3.5832 opt_step=-3.5832 gap0=358.316 dret=+379.937 eval_ret=n/a pursuer_target_distance=1.582 capture=0.019 score=0.007 pol=-0.0009 val=0.1187 ent=1.3295 tot=+0.0501 agnorm=0.041 cgnorm=0.313 kl=0.0013 clipf=0.005 ev=+0.843 r0=1.0000 entcoef=6.28e-03 lr=4.1e-04 seed=4
iter= 259 step= 832000 ep_ret=-399.259 opt_ret=-399.259 step_rew=-3.9926 opt_step=-3.9926 gap0=399.259 dret=+338.994 eval_ret=n/a pursuer_target_distance=1.886 capture=0.027 score=0.009 pol=-0.0006 val=0.1000 ent=1.2979 tot=+0.0413 agnorm=0.036 cgnorm=0.322 kl=0.0014 clipf=0.007 ev=+0.920 r0=1.0000 entcoef=6.26e-03 lr=4.1e-04 seed=4
iter= 260 step= 835200 ep_ret=-302.135 opt_ret=-302.135 step_rew=-3.0214 opt_step=-3.0214 gap0=302.135 dret=+436.118 eval_ret=-72.151 pursuer_target_distance=1.568 capture=0.032 score=0.013 pol=-0.0012 val=0.0763 ent=1.2969 tot=+0.0289 agnorm=0.046 cgnorm=0.257 kl=0.0016 clipf=0.008 ev=+0.923 r0=1.0000 entcoef=6.25e-03 lr=4.1e-04 seed=4
iter= 261 step= 838400 ep_ret=-306.991 opt_ret=-306.991 step_rew=-3.0699 opt_step=-3.0699 gap0=306.991 dret=+431.262 eval_ret=n/a pursuer_target_distance=1.152 capture=0.035 score=0.016 pol=-0.0007 val=0.0877 ent=1.3054 tot=+0.0350 agnorm=0.044 cgnorm=0.343 kl=0.0013 clipf=0.006 ev=+0.894 r0=1.0000 entcoef=6.24e-03 lr=4.1e-04 seed=4
iter= 262 step= 841600 ep_ret=-356.490 opt_ret=-356.490 step_rew=-3.5649 opt_step=-3.5649 gap0=356.490 dret=+381.763 eval_ret=n/a pursuer_target_distance=1.590 capture=0.038 score=0.015 pol=-0.0007 val=0.1007 ent=1.3033 tot=+0.0415 agnorm=0.037 cgnorm=0.327 kl=0.0010 clipf=0.003 ev=+0.906 r0=1.0000 entcoef=6.22e-03 lr=4.1e-04 seed=4
iter= 263 step= 844800 ep_ret=-185.439 opt_ret=-185.439 step_rew=-1.8544 opt_step=-1.8544 gap0=185.439 dret=+552.815 eval_ret=n/a pursuer_target_distance=1.421 capture=0.094 score=0.039 pol=-0.0005 val=0.1162 ent=1.3095 tot=+0.0495 agnorm=0.039 cgnorm=0.331 kl=0.0015 clipf=0.005 ev=+0.902 r0=1.0000 entcoef=6.21e-03 lr=4.1e-04 seed=4
iter= 264 step= 848000 ep_ret=-291.345 opt_ret=-291.345 step_rew=-2.9135 opt_step=-2.9135 gap0=291.345 dret=+446.908 eval_ret=n/a pursuer_target_distance=1.282 capture=0.043 score=0.019 pol=-0.0009 val=0.0964 ent=1.3112 tot=+0.0392 agnorm=0.045 cgnorm=0.333 kl=0.0012 clipf=0.007 ev=+0.905 r0=1.0000 entcoef=6.19e-03 lr=4.1e-04 seed=4
iter= 265 step= 851200 ep_ret=-276.936 opt_ret=-276.936 step_rew=-2.7694 opt_step=-2.7694 gap0=276.936 dret=+461.318 eval_ret=n/a pursuer_target_distance=1.194 capture=0.031 score=0.014 pol=-0.0006 val=0.0589 ent=1.3515 tot=+0.0205 agnorm=0.042 cgnorm=0.251 kl=0.0009 clipf=0.003 ev=+0.930 r0=1.0000 entcoef=6.18e-03 lr=4.1e-04 seed=4
iter= 266 step= 854400 ep_ret=-316.567 opt_ret=-316.567 step_rew=-3.1657 opt_step=-3.1657 gap0=316.567 dret=+421.687 eval_ret=n/a pursuer_target_distance=1.172 capture=0.015 score=0.007 pol=-0.0012 val=0.0615 ent=1.3175 tot=+0.0215 agnorm=0.044 cgnorm=0.274 kl=0.0017 clipf=0.012 ev=+0.903 r0=1.0000 entcoef=6.16e-03 lr=4.1e-04 seed=4
iter= 267 step= 857600 ep_ret=-327.045 opt_ret=-327.045 step_rew=-3.2704 opt_step=-3.2704 gap0=327.045 dret=+411.209 eval_ret=n/a pursuer_target_distance=1.383 capture=0.028 score=0.012 pol=-0.0011 val=0.0608 ent=1.3437 tot=+0.0211 agnorm=0.052 cgnorm=0.279 kl=0.0015 clipf=0.010 ev=+0.920 r0=1.0000 entcoef=6.15e-03 lr=4.0e-04 seed=4
iter= 268 step= 860800 ep_ret=-309.147 opt_ret=-309.147 step_rew=-3.0915 opt_step=-3.0915 gap0=309.147 dret=+429.107 eval_ret=n/a pursuer_target_distance=1.282 capture=0.021 score=0.009 pol=-0.0006 val=0.0786 ent=1.3204 tot=+0.0306 agnorm=0.040 cgnorm=0.362 kl=0.0008 clipf=0.002 ev=+0.909 r0=1.0000 entcoef=6.13e-03 lr=4.0e-04 seed=4
iter= 269 step= 864000 ep_ret=-300.994 opt_ret=-300.994 step_rew=-3.0099 opt_step=-3.0099 gap0=300.994 dret=+437.260 eval_ret=n/a pursuer_target_distance=1.204 capture=0.035 score=0.016 pol=-0.0006 val=0.0723 ent=1.3112 tot=+0.0275 agnorm=0.044 cgnorm=0.284 kl=0.0011 clipf=0.004 ev=+0.879 r0=1.0000 entcoef=6.12e-03 lr=4.0e-04 seed=4
iter= 270 step= 867200 ep_ret=-295.607 opt_ret=-295.607 step_rew=-2.9561 opt_step=-2.9561 gap0=295.607 dret=+442.646 eval_ret=n/a pursuer_target_distance=1.229 capture=0.047 score=0.021 pol=-0.0010 val=0.0834 ent=1.3167 tot=+0.0326 agnorm=0.043 cgnorm=0.258 kl=0.0011 clipf=0.005 ev=+0.901 r0=1.0000 entcoef=6.11e-03 lr=4.0e-04 seed=4
iter= 271 step= 870400 ep_ret=-389.087 opt_ret=-389.087 step_rew=-3.8909 opt_step=-3.8909 gap0=389.087 dret=+349.166 eval_ret=n/a pursuer_target_distance=1.459 capture=0.011 score=0.005 pol=-0.0010 val=0.0531 ent=1.3013 tot=+0.0176 agnorm=0.055 cgnorm=0.269 kl=0.0021 clipf=0.018 ev=+0.921 r0=1.0000 entcoef=6.09e-03 lr=4.0e-04 seed=4
iter= 272 step= 873600 ep_ret=-256.503 opt_ret=-256.503 step_rew=-2.5650 opt_step=-2.5650 gap0=256.503 dret=+481.750 eval_ret=n/a pursuer_target_distance=1.353 capture=0.073 score=0.031 pol=-0.0010 val=0.1132 ent=1.2816 tot=+0.0478 agnorm=0.055 cgnorm=0.310 kl=0.0018 clipf=0.012 ev=+0.833 r0=1.0000 entcoef=6.08e-03 lr=4.0e-04 seed=4
iter= 273 step= 876800 ep_ret=-313.856 opt_ret=-313.856 step_rew=-3.1386 opt_step=-3.1386 gap0=313.856 dret=+424.397 eval_ret=n/a pursuer_target_distance=1.389 capture=0.018 score=0.007 pol=-0.0007 val=0.0558 ent=1.3089 tot=+0.0193 agnorm=0.047 cgnorm=0.305 kl=0.0008 clipf=0.004 ev=+0.910 r0=1.0000 entcoef=6.06e-03 lr=4.0e-04 seed=4
iter= 274 step= 880000 ep_ret=-419.594 opt_ret=-419.594 step_rew=-4.1959 opt_step=-4.1959 gap0=419.594 dret=+318.659 eval_ret=n/a pursuer_target_distance=1.757 capture=0.023 score=0.008 pol=-0.0003 val=0.0661 ent=1.3106 tot=+0.0248 agnorm=0.035 cgnorm=0.245 kl=0.0012 clipf=0.005 ev=+0.915 r0=1.0000 entcoef=6.05e-03 lr=4.0e-04 seed=4
iter= 275 step= 883200 ep_ret=-316.179 opt_ret=-316.179 step_rew=-3.1618 opt_step=-3.1618 gap0=316.179 dret=+422.074 eval_ret=n/a pursuer_target_distance=1.391 capture=0.049 score=0.020 pol=-0.0010 val=0.0823 ent=1.3114 tot=+0.0322 agnorm=0.051 cgnorm=0.326 kl=0.0015 clipf=0.011 ev=+0.870 r0=1.0000 entcoef=6.03e-03 lr=4.0e-04 seed=4
iter= 276 step= 886400 ep_ret=-313.022 opt_ret=-313.022 step_rew=-3.1302 opt_step=-3.1302 gap0=313.022 dret=+425.231 eval_ret=n/a pursuer_target_distance=1.362 capture=0.036 score=0.015 pol=-0.0009 val=0.0691 ent=1.3178 tot=+0.0257 agnorm=0.034 cgnorm=0.327 kl=0.0007 clipf=0.000 ev=+0.923 r0=1.0000 entcoef=6.02e-03 lr=3.9e-04 seed=4
iter= 277 step= 889600 ep_ret=-275.149 opt_ret=-275.149 step_rew=-2.7515 opt_step=-2.7515 gap0=275.149 dret=+463.104 eval_ret=n/a pursuer_target_distance=1.168 capture=0.052 score=0.024 pol=-0.0008 val=0.0588 ent=1.3149 tot=+0.0207 agnorm=0.044 cgnorm=0.229 kl=0.0014 clipf=0.006 ev=+0.890 r0=1.0000 entcoef=6.00e-03 lr=3.9e-04 seed=4
iter= 278 step= 892800 ep_ret=-329.372 opt_ret=-329.372 step_rew=-3.2937 opt_step=-3.2937 gap0=329.372 dret=+408.882 eval_ret=n/a pursuer_target_distance=1.493 capture=0.055 score=0.022 pol=-0.0010 val=0.0671 ent=1.3147 tot=+0.0247 agnorm=0.050 cgnorm=0.247 kl=0.0010 clipf=0.002 ev=+0.908 r0=1.0000 entcoef=5.99e-03 lr=3.9e-04 seed=4
iter= 279 step= 896000 ep_ret=-257.675 opt_ret=-257.675 step_rew=-2.5768 opt_step=-2.5768 gap0=257.675 dret=+480.578 eval_ret=n/a pursuer_target_distance=1.199 capture=0.077 score=0.035 pol=-0.0004 val=0.0549 ent=1.2883 tot=+0.0193 agnorm=0.040 cgnorm=0.169 kl=0.0013 clipf=0.006 ev=+0.938 r0=1.0000 entcoef=5.98e-03 lr=3.9e-04 seed=4
iter= 280 step= 899200 ep_ret=-256.563 opt_ret=-256.563 step_rew=-2.5656 opt_step=-2.5656 gap0=256.563 dret=+481.691 eval_ret=-80.040 pursuer_target_distance=1.105 capture=0.057 score=0.027 pol=-0.0007 val=0.0487 ent=1.2974 tot=+0.0159 agnorm=0.040 cgnorm=0.240 kl=0.0013 clipf=0.007 ev=+0.931 r0=1.0000 entcoef=5.96e-03 lr=3.9e-04 seed=4
iter= 281 step= 902400 ep_ret=-246.221 opt_ret=-246.221 step_rew=-2.4622 opt_step=-2.4622 gap0=246.221 dret=+492.033 eval_ret=n/a pursuer_target_distance=1.041 capture=0.063 score=0.031 pol=-0.0007 val=0.0621 ent=1.2865 tot=+0.0228 agnorm=0.035 cgnorm=0.285 kl=0.0010 clipf=0.004 ev=+0.922 r0=1.0000 entcoef=5.95e-03 lr=3.9e-04 seed=4
iter= 282 step= 905600 ep_ret=-232.037 opt_ret=-232.037 step_rew=-2.3204 opt_step=-2.3204 gap0=232.037 dret=+506.216 eval_ret=n/a pursuer_target_distance=1.196 capture=0.080 score=0.036 pol=-0.0008 val=0.0693 ent=1.3071 tot=+0.0261 agnorm=0.038 cgnorm=0.253 kl=0.0012 clipf=0.003 ev=+0.900 r0=1.0000 entcoef=5.93e-03 lr=3.9e-04 seed=4
iter= 283 step= 908800 ep_ret=-244.683 opt_ret=-244.683 step_rew=-2.4468 opt_step=-2.4468 gap0=244.683 dret=+493.570 eval_ret=n/a pursuer_target_distance=1.247 capture=0.073 score=0.033 pol=-0.0011 val=0.0690 ent=1.2983 tot=+0.0257 agnorm=0.057 cgnorm=0.273 kl=0.0019 clipf=0.012 ev=+0.881 r0=1.0000 entcoef=5.92e-03 lr=3.9e-04 seed=4
iter= 284 step= 912000 ep_ret=-301.110 opt_ret=-301.110 step_rew=-3.0111 opt_step=-3.0111 gap0=301.110 dret=+437.144 eval_ret=n/a pursuer_target_distance=1.252 capture=0.051 score=0.023 pol=-0.0008 val=0.0539 ent=1.2598 tot=+0.0187 agnorm=0.059 cgnorm=0.268 kl=0.0014 clipf=0.009 ev=+0.920 r0=1.0000 entcoef=5.90e-03 lr=3.9e-04 seed=4
iter= 285 step= 915200 ep_ret=-172.021 opt_ret=-172.021 step_rew=-1.7202 opt_step=-1.7202 gap0=172.021 dret=+566.232 eval_ret=n/a pursuer_target_distance=1.269 capture=0.117 score=0.051 pol=-0.0004 val=0.0784 ent=1.2848 tot=+0.0312 agnorm=0.034 cgnorm=0.297 kl=0.0008 clipf=0.001 ev=+0.864 r0=1.0000 entcoef=5.89e-03 lr=3.8e-04 seed=4
iter= 286 step= 918400 ep_ret=-162.197 opt_ret=-162.197 step_rew=-1.6220 opt_step=-1.6220 gap0=162.197 dret=+576.057 eval_ret=n/a pursuer_target_distance=1.101 capture=0.113 score=0.054 pol=-0.0008 val=0.0541 ent=1.2890 tot=+0.0187 agnorm=0.050 cgnorm=0.217 kl=0.0015 clipf=0.009 ev=+0.919 r0=1.0000 entcoef=5.88e-03 lr=3.8e-04 seed=4
iter= 287 step= 921600 ep_ret=-251.793 opt_ret=-251.793 step_rew=-2.5179 opt_step=-2.5179 gap0=251.793 dret=+486.460 eval_ret=n/a pursuer_target_distance=1.010 capture=0.074 score=0.037 pol=-0.0011 val=0.0597 ent=1.2719 tot=+0.0213 agnorm=0.048 cgnorm=0.235 kl=0.0016 clipf=0.007 ev=+0.913 r0=1.0000 entcoef=5.86e-03 lr=3.8e-04 seed=4
iter= 288 step= 924800 ep_ret=-203.752 opt_ret=-203.752 step_rew=-2.0375 opt_step=-2.0375 gap0=203.752 dret=+534.501 eval_ret=n/a pursuer_target_distance=1.194 capture=0.104 score=0.048 pol=-0.0008 val=0.0582 ent=1.2635 tot=+0.0209 agnorm=0.047 cgnorm=0.231 kl=0.0014 clipf=0.005 ev=+0.919 r0=1.0000 entcoef=5.85e-03 lr=3.8e-04 seed=4
iter= 289 step= 928000 ep_ret=-241.316 opt_ret=-241.316 step_rew=-2.4132 opt_step=-2.4132 gap0=241.316 dret=+496.937 eval_ret=n/a pursuer_target_distance=1.383 capture=0.071 score=0.030 pol=-0.0011 val=0.0504 ent=1.2824 tot=+0.0167 agnorm=0.064 cgnorm=0.231 kl=0.0014 clipf=0.011 ev=+0.911 r0=1.0000 entcoef=5.83e-03 lr=3.8e-04 seed=4
iter= 290 step= 931200 ep_ret=-274.886 opt_ret=-274.886 step_rew=-2.7489 opt_step=-2.7489 gap0=274.886 dret=+463.368 eval_ret=n/a pursuer_target_distance=1.359 capture=0.074 score=0.032 pol=-0.0005 val=0.0574 ent=1.2992 tot=+0.0206 agnorm=0.051 cgnorm=0.270 kl=0.0009 clipf=0.006 ev=+0.898 r0=1.0000 entcoef=5.82e-03 lr=3.8e-04 seed=4
iter= 291 step= 934400 ep_ret=-243.781 opt_ret=-243.781 step_rew=-2.4378 opt_step=-2.4378 gap0=243.781 dret=+494.473 eval_ret=n/a pursuer_target_distance=1.361 capture=0.087 score=0.037 pol=-0.0006 val=0.0582 ent=1.2894 tot=+0.0210 agnorm=0.044 cgnorm=0.227 kl=0.0008 clipf=0.004 ev=+0.906 r0=1.0000 entcoef=5.80e-03 lr=3.8e-04 seed=4
iter= 292 step= 937600 ep_ret=-243.566 opt_ret=-243.566 step_rew=-2.4357 opt_step=-2.4357 gap0=243.566 dret=+494.688 eval_ret=n/a pursuer_target_distance=1.190 capture=0.064 score=0.029 pol=-0.0006 val=0.0351 ent=1.3047 tot=+0.0094 agnorm=0.042 cgnorm=0.170 kl=0.0011 clipf=0.005 ev=+0.929 r0=1.0000 entcoef=5.79e-03 lr=3.8e-04 seed=4
iter= 293 step= 940800 ep_ret=-263.152 opt_ret=-263.152 step_rew=-2.6315 opt_step=-2.6315 gap0=263.152 dret=+475.101 eval_ret=n/a pursuer_target_distance=1.295 capture=0.072 score=0.032 pol=-0.0010 val=0.0449 ent=1.2887 tot=+0.0140 agnorm=0.066 cgnorm=0.225 kl=0.0016 clipf=0.010 ev=+0.909 r0=1.0000 entcoef=5.77e-03 lr=3.8e-04 seed=4
iter= 294 step= 944000 ep_ret=-236.224 opt_ret=-236.224 step_rew=-2.3622 opt_step=-2.3622 gap0=236.224 dret=+502.029 eval_ret=n/a pursuer_target_distance=1.419 capture=0.100 score=0.041 pol=-0.0004 val=0.0464 ent=1.2718 tot=+0.0154 agnorm=0.040 cgnorm=0.195 kl=0.0011 clipf=0.005 ev=+0.925 r0=1.0000 entcoef=5.76e-03 lr=3.7e-04 seed=4
iter= 295 step= 947200 ep_ret=-150.983 opt_ret=-150.983 step_rew=-1.5098 opt_step=-1.5098 gap0=150.983 dret=+587.271 eval_ret=n/a pursuer_target_distance=0.843 capture=0.114 score=0.062 pol=-0.0009 val=0.0528 ent=1.2891 tot=+0.0181 agnorm=0.046 cgnorm=0.229 kl=0.0011 clipf=0.003 ev=+0.907 r0=1.0000 entcoef=5.75e-03 lr=3.7e-04 seed=4
iter= 296 step= 950400 ep_ret=-230.947 opt_ret=-230.947 step_rew=-2.3095 opt_step=-2.3095 gap0=230.947 dret=+507.306 eval_ret=n/a pursuer_target_distance=1.312 capture=0.090 score=0.039 pol=-0.0006 val=0.0417 ent=1.2581 tot=+0.0130 agnorm=0.034 cgnorm=0.238 kl=0.0017 clipf=0.007 ev=+0.937 r0=1.0000 entcoef=5.73e-03 lr=3.7e-04 seed=4
iter= 297 step= 953600 ep_ret=-249.639 opt_ret=-249.639 step_rew=-2.4964 opt_step=-2.4964 gap0=249.639 dret=+488.614 eval_ret=n/a pursuer_target_distance=0.999 capture=0.082 score=0.041 pol=-0.0009 val=0.0434 ent=1.2400 tot=+0.0137 agnorm=0.049 cgnorm=0.230 kl=0.0015 clipf=0.011 ev=+0.927 r0=1.0000 entcoef=5.72e-03 lr=3.7e-04 seed=4
iter= 298 step= 956800 ep_ret=-269.693 opt_ret=-269.693 step_rew=-2.6969 opt_step=-2.6969 gap0=269.693 dret=+468.561 eval_ret=n/a pursuer_target_distance=1.200 capture=0.085 score=0.039 pol=-0.0008 val=0.0473 ent=1.2670 tot=+0.0156 agnorm=0.056 cgnorm=0.253 kl=0.0011 clipf=0.006 ev=+0.904 r0=1.0000 entcoef=5.70e-03 lr=3.7e-04 seed=4
iter= 299 step= 960000 ep_ret=-194.663 opt_ret=-194.663 step_rew=-1.9466 opt_step=-1.9466 gap0=194.663 dret=+543.591 eval_ret=n/a pursuer_target_distance=1.257 capture=0.120 score=0.053 pol=-0.0008 val=0.0486 ent=1.2494 tot=+0.0164 agnorm=0.078 cgnorm=0.231 kl=0.0016 clipf=0.012 ev=+0.924 r0=1.0000 entcoef=5.69e-03 lr=3.7e-04 seed=4
iter= 300 step= 963200 ep_ret=-140.927 opt_ret=-140.927 step_rew=-1.4093 opt_step=-1.4093 gap0=140.927 dret=+597.327 eval_ret=-68.649 pursuer_target_distance=1.111 capture=0.131 score=0.062 pol=-0.0005 val=0.0460 ent=1.2123 tot=+0.0156 agnorm=0.061 cgnorm=0.205 kl=0.0013 clipf=0.008 ev=+0.898 r0=1.0000 entcoef=5.67e-03 lr=3.7e-04 seed=4
iter= 301 step= 966400 ep_ret=-237.523 opt_ret=-237.523 step_rew=-2.3752 opt_step=-2.3752 gap0=237.523 dret=+500.731 eval_ret=n/a pursuer_target_distance=1.427 capture=0.095 score=0.039 pol=-0.0009 val=0.0573 ent=1.1923 tot=+0.0211 agnorm=0.052 cgnorm=0.191 kl=0.0020 clipf=0.015 ev=+0.893 r0=1.0000 entcoef=5.66e-03 lr=3.7e-04 seed=4
iter= 302 step= 969600 ep_ret=-149.274 opt_ret=-149.274 step_rew=-1.4927 opt_step=-1.4927 gap0=149.274 dret=+588.980 eval_ret=n/a pursuer_target_distance=1.154 capture=0.152 score=0.071 pol=-0.0007 val=0.0552 ent=1.1866 tot=+0.0202 agnorm=0.062 cgnorm=0.240 kl=0.0015 clipf=0.012 ev=+0.888 r0=1.0000 entcoef=5.64e-03 lr=3.7e-04 seed=4
iter= 303 step= 972800 ep_ret=-90.306 opt_ret=-90.306 step_rew=-0.9031 opt_step=-0.9031 gap0=90.306 dret=+647.947 eval_ret=n/a pursuer_target_distance=1.051 capture=0.159 score=0.078 pol=-0.0007 val=0.0464 ent=1.1777 tot=+0.0158 agnorm=0.076 cgnorm=0.172 kl=0.0011 clipf=0.007 ev=+0.888 r0=1.0000 entcoef=5.63e-03 lr=3.6e-04 seed=4
iter= 304 step= 976000 ep_ret=-83.539 opt_ret=-83.539 step_rew=-0.8354 opt_step=-0.8354 gap0=83.539 dret=+654.715 eval_ret=n/a pursuer_target_distance=0.947 capture=0.176 score=0.090 pol=-0.0005 val=0.0529 ent=1.1915 tot=+0.0193 agnorm=0.057 cgnorm=0.221 kl=0.0011 clipf=0.006 ev=+0.892 r0=1.0000 entcoef=5.62e-03 lr=3.6e-04 seed=4
iter= 305 step= 979200 ep_ret=-251.693 opt_ret=-251.693 step_rew=-2.5169 opt_step=-2.5169 gap0=251.693 dret=+486.560 eval_ret=n/a pursuer_target_distance=1.374 capture=0.095 score=0.040 pol=-0.0008 val=0.0440 ent=1.1875 tot=+0.0146 agnorm=0.048 cgnorm=0.184 kl=0.0008 clipf=0.002 ev=+0.941 r0=1.0000 entcoef=5.60e-03 lr=3.6e-04 seed=4
iter= 306 step= 982400 ep_ret=-54.538 opt_ret=-54.538 step_rew=-0.5454 opt_step=-0.5454 gap0=54.538 dret=+683.716 eval_ret=n/a pursuer_target_distance=0.952 capture=0.192 score=0.098 pol=-0.0005 val=0.0465 ent=1.1841 tot=+0.0162 agnorm=0.033 cgnorm=0.239 kl=0.0007 clipf=0.000 ev=+0.915 r0=1.0000 entcoef=5.59e-03 lr=3.6e-04 seed=4
iter= 307 step= 985600 ep_ret=-78.199 opt_ret=-78.199 step_rew=-0.7820 opt_step=-0.7820 gap0=78.199 dret=+660.054 eval_ret=n/a pursuer_target_distance=1.243 capture=0.202 score=0.090 pol=-0.0006 val=0.0463 ent=1.1637 tot=+0.0161 agnorm=0.060 cgnorm=0.183 kl=0.0011 clipf=0.005 ev=+0.914 r0=1.0000 entcoef=5.57e-03 lr=3.6e-04 seed=4
iter= 308 step= 988800 ep_ret=-69.621 opt_ret=-69.621 step_rew=-0.6962 opt_step=-0.6962 gap0=69.621 dret=+668.632 eval_ret=n/a pursuer_target_distance=1.075 capture=0.195 score=0.094 pol=-0.0007 val=0.0512 ent=1.1479 tot=+0.0185 agnorm=0.047 cgnorm=0.203 kl=0.0010 clipf=0.003 ev=+0.922 r0=1.0000 entcoef=5.56e-03 lr=3.6e-04 seed=4
iter= 309 step= 992000 ep_ret=-94.875 opt_ret=-94.875 step_rew=-0.9488 opt_step=-0.9488 gap0=94.875 dret=+643.378 eval_ret=n/a pursuer_target_distance=0.898 capture=0.190 score=0.100 pol=-0.0008 val=0.0440 ent=1.1418 tot=+0.0149 agnorm=0.070 cgnorm=0.247 kl=0.0017 clipf=0.011 ev=+0.918 r0=1.0000 entcoef=5.54e-03 lr=3.6e-04 seed=4
iter= 310 step= 995200 ep_ret=-136.790 opt_ret=-136.790 step_rew=-1.3679 opt_step=-1.3679 gap0=136.790 dret=+601.463 eval_ret=n/a pursuer_target_distance=1.278 capture=0.176 score=0.077 pol=-0.0003 val=0.0435 ent=1.1282 tot=+0.0152 agnorm=0.042 cgnorm=0.181 kl=0.0006 clipf=0.001 ev=+0.906 r0=1.0000 entcoef=5.53e-03 lr=3.6e-04 seed=4
iter= 311 step= 998400 ep_ret=-80.325 opt_ret=-80.325 step_rew=-0.8033 opt_step=-0.8033 gap0=80.325 dret=+657.928 eval_ret=n/a pursuer_target_distance=1.129 capture=0.187 score=0.088 pol=-0.0008 val=0.0527 ent=1.1131 tot=+0.0194 agnorm=0.079 cgnorm=0.235 kl=0.0013 clipf=0.012 ev=+0.901 r0=1.0000 entcoef=5.51e-03 lr=3.6e-04 seed=4
iter= 312 step=1001600 ep_ret=+31.881 opt_ret=+31.881 step_rew=0.3188 opt_step=0.3188 gap0=0.000 dret=+770.134 eval_ret=n/a pursuer_target_distance=0.852 capture=0.258 score=0.140 pol=-0.0008 val=0.0467 ent=1.1155 tot=+0.0164 agnorm=0.060 cgnorm=0.230 kl=0.0014 clipf=0.008 ev=+0.915 r0=1.0000 entcoef=5.50e-03 lr=3.6e-04 seed=4
iter= 313 step=1004800 ep_ret=-31.435 opt_ret=-31.435 step_rew=-0.3144 opt_step=-0.3144 gap0=31.435 dret=+706.818 eval_ret=n/a pursuer_target_distance=0.920 capture=0.203 score=0.106 pol=-0.0004 val=0.0425 ent=1.1096 tot=+0.0147 agnorm=0.045 cgnorm=0.218 kl=0.0008 clipf=0.002 ev=+0.902 r0=1.0000 entcoef=5.49e-03 lr=3.5e-04 seed=4
iter= 314 step=1008000 ep_ret=-205.633 opt_ret=-205.633 step_rew=-2.0563 opt_step=-2.0563 gap0=205.633 dret=+532.621 eval_ret=n/a pursuer_target_distance=1.250 capture=0.121 score=0.054 pol=-0.0007 val=0.0347 ent=1.1062 tot=+0.0106 agnorm=0.077 cgnorm=0.156 kl=0.0011 clipf=0.011 ev=+0.927 r0=1.0000 entcoef=5.47e-03 lr=3.5e-04 seed=4
iter= 315 step=1011200 ep_ret=-199.936 opt_ret=-199.936 step_rew=-1.9994 opt_step=-1.9994 gap0=199.936 dret=+538.317 eval_ret=n/a pursuer_target_distance=1.580 capture=0.148 score=0.058 pol=-0.0002 val=0.0423 ent=1.1388 tot=+0.0147 agnorm=0.037 cgnorm=0.184 kl=0.0006 clipf=0.001 ev=+0.920 r0=1.0000 entcoef=5.46e-03 lr=3.5e-04 seed=4
iter= 316 step=1014400 ep_ret=-23.904 opt_ret=-23.904 step_rew=-0.2390 opt_step=-0.2390 gap0=23.904 dret=+714.349 eval_ret=n/a pursuer_target_distance=0.815 capture=0.225 score=0.124 pol=-0.0008 val=0.0379 ent=1.1486 tot=+0.0119 agnorm=0.060 cgnorm=0.170 kl=0.0011 clipf=0.005 ev=+0.914 r0=1.0000 entcoef=5.44e-03 lr=3.5e-04 seed=4
iter= 317 step=1017600 ep_ret=-80.736 opt_ret=-80.736 step_rew=-0.8074 opt_step=-0.8074 gap0=80.736 dret=+657.518 eval_ret=n/a pursuer_target_distance=1.032 capture=0.196 score=0.096 pol=-0.0010 val=0.0403 ent=1.1348 tot=+0.0130 agnorm=0.070 cgnorm=0.190 kl=0.0017 clipf=0.013 ev=+0.899 r0=1.0000 entcoef=5.43e-03 lr=3.5e-04 seed=4
iter= 318 step=1020800 ep_ret=-60.655 opt_ret=-60.655 step_rew=-0.6065 opt_step=-0.6065 gap0=60.655 dret=+677.599 eval_ret=n/a pursuer_target_distance=0.967 capture=0.206 score=0.105 pol=-0.0006 val=0.0416 ent=1.1434 tot=+0.0141 agnorm=0.053 cgnorm=0.145 kl=0.0016 clipf=0.007 ev=+0.917 r0=1.0000 entcoef=5.41e-03 lr=3.5e-04 seed=4
iter= 319 step=1024000 ep_ret=-92.062 opt_ret=-92.062 step_rew=-0.9206 opt_step=-0.9206 gap0=92.062 dret=+646.191 eval_ret=n/a pursuer_target_distance=0.989 capture=0.181 score=0.091 pol=-0.0007 val=0.0478 ent=1.1670 tot=+0.0169 agnorm=0.043 cgnorm=0.228 kl=0.0012 clipf=0.005 ev=+0.899 r0=1.0000 entcoef=5.40e-03 lr=3.5e-04 seed=4
iter= 320 step=1027200 ep_ret=-99.070 opt_ret=-99.070 step_rew=-0.9907 opt_step=-0.9907 gap0=99.070 dret=+639.184 eval_ret=-78.676 pursuer_target_distance=1.234 capture=0.176 score=0.079 pol=-0.0005 val=0.0329 ent=1.1768 tot=+0.0096 agnorm=0.046 cgnorm=0.157 kl=0.0010 clipf=0.004 ev=+0.915 r0=1.0000 entcoef=5.38e-03 lr=3.5e-04 seed=4
iter= 321 step=1030400 ep_ret=-138.556 opt_ret=-138.556 step_rew=-1.3856 opt_step=-1.3856 gap0=138.556 dret=+599.697 eval_ret=n/a pursuer_target_distance=1.006 capture=0.200 score=0.100 pol=-0.0006 val=0.0417 ent=1.1674 tot=+0.0140 agnorm=0.056 cgnorm=0.187 kl=0.0008 clipf=0.004 ev=+0.931 r0=1.0000 entcoef=5.37e-03 lr=3.5e-04 seed=4
iter= 322 step=1033600 ep_ret=-135.965 opt_ret=-135.965 step_rew=-1.3597 opt_step=-1.3597 gap0=135.965 dret=+602.288 eval_ret=n/a pursuer_target_distance=1.148 capture=0.169 score=0.079 pol=-0.0005 val=0.0289 ent=1.1652 tot=+0.0077 agnorm=0.044 cgnorm=0.118 kl=0.0008 clipf=0.002 ev=+0.948 r0=1.0000 entcoef=5.36e-03 lr=3.4e-04 seed=4
iter= 323 step=1036800 ep_ret=+39.198 opt_ret=+39.198 step_rew=0.3920 opt_step=0.3920 gap0=0.000 dret=+777.451 eval_ret=n/a pursuer_target_distance=0.762 capture=0.254 score=0.144 pol=-0.0003 val=0.0261 ent=1.1441 tot=+0.0066 agnorm=0.035 cgnorm=0.124 kl=0.0004 clipf=0.000 ev=+0.942 r0=1.0000 entcoef=5.34e-03 lr=3.4e-04 seed=4
iter= 324 step=1040000 ep_ret=-18.716 opt_ret=-18.716 step_rew=-0.1872 opt_step=-0.1872 gap0=18.716 dret=+719.537 eval_ret=n/a pursuer_target_distance=0.821 capture=0.227 score=0.125 pol=-0.0003 val=0.0356 ent=1.1366 tot=+0.0114 agnorm=0.036 cgnorm=0.164 kl=0.0007 clipf=0.002 ev=+0.906 r0=1.0000 entcoef=5.33e-03 lr=3.4e-04 seed=4
iter= 325 step=1043200 ep_ret=-163.891 opt_ret=-163.891 step_rew=-1.6389 opt_step=-1.6389 gap0=163.891 dret=+574.362 eval_ret=n/a pursuer_target_distance=1.232 capture=0.158 score=0.071 pol=-0.0005 val=0.0311 ent=1.1692 tot=+0.0089 agnorm=0.050 cgnorm=0.197 kl=0.0011 clipf=0.006 ev=+0.924 r0=1.0000 entcoef=5.31e-03 lr=3.4e-04 seed=4
iter= 326 step=1046400 ep_ret=-65.992 opt_ret=-65.992 step_rew=-0.6599 opt_step=-0.6599 gap0=65.992 dret=+672.262 eval_ret=n/a pursuer_target_distance=0.981 capture=0.204 score=0.103 pol=-0.0003 val=0.0328 ent=1.1740 tot=+0.0099 agnorm=0.030 cgnorm=0.162 kl=0.0006 clipf=0.001 ev=+0.906 r0=1.0000 entcoef=5.30e-03 lr=3.4e-04 seed=4
iter= 327 step=1049600 ep_ret=-97.837 opt_ret=-97.837 step_rew=-0.9784 opt_step=-0.9784 gap0=97.837 dret=+640.417 eval_ret=n/a pursuer_target_distance=1.165 capture=0.182 score=0.084 pol=-0.0011 val=0.0280 ent=1.1329 tot=+0.0069 agnorm=0.074 cgnorm=0.156 kl=0.0014 clipf=0.007 ev=+0.932 r0=1.0000 entcoef=5.28e-03 lr=3.4e-04 seed=4
iter= 328 step=1052800 ep_ret=-101.466 opt_ret=-101.466 step_rew=-1.0147 opt_step=-1.0147 gap0=101.466 dret=+636.787 eval_ret=n/a pursuer_target_distance=1.021 capture=0.172 score=0.085 pol=-0.0002 val=0.0312 ent=1.1501 tot=+0.0093 agnorm=0.049 cgnorm=0.166 kl=0.0007 clipf=0.002 ev=+0.930 r0=1.0000 entcoef=5.27e-03 lr=3.4e-04 seed=4
iter= 329 step=1056000 ep_ret=-50.505 opt_ret=-50.505 step_rew=-0.5051 opt_step=-0.5051 gap0=50.505 dret=+687.748 eval_ret=n/a pursuer_target_distance=0.752 capture=0.197 score=0.113 pol=-0.0005 val=0.0311 ent=1.1459 tot=+0.0090 agnorm=0.058 cgnorm=0.180 kl=0.0011 clipf=0.006 ev=+0.926 r0=1.0000 entcoef=5.25e-03 lr=3.4e-04 seed=4
iter= 330 step=1059200 ep_ret=-65.150 opt_ret=-65.150 step_rew=-0.6515 opt_step=-0.6515 gap0=65.150 dret=+673.103 eval_ret=n/a pursuer_target_distance=1.099 capture=0.211 score=0.101 pol=-0.0006 val=0.0405 ent=1.1252 tot=+0.0138 agnorm=0.046 cgnorm=0.145 kl=0.0011 clipf=0.005 ev=+0.911 r0=1.0000 entcoef=5.24e-03 lr=3.4e-04 seed=4
iter= 331 step=1062400 ep_ret=-44.860 opt_ret=-44.860 step_rew=-0.4486 opt_step=-0.4486 gap0=44.860 dret=+693.393 eval_ret=n/a pursuer_target_distance=0.861 capture=0.218 score=0.117 pol=-0.0003 val=0.0243 ent=1.1088 tot=+0.0060 agnorm=0.044 cgnorm=0.118 kl=0.0009 clipf=0.003 ev=+0.934 r0=1.0000 entcoef=5.23e-03 lr=3.3e-04 seed=4
iter= 332 step=1065600 ep_ret=-70.955 opt_ret=-70.955 step_rew=-0.7096 opt_step=-0.7096 gap0=70.955 dret=+667.298 eval_ret=n/a pursuer_target_distance=0.823 capture=0.193 score=0.106 pol=-0.0008 val=0.0227 ent=1.1442 tot=+0.0046 agnorm=0.073 cgnorm=0.105 kl=0.0014 clipf=0.009 ev=+0.947 r0=1.0000 entcoef=5.21e-03 lr=3.3e-04 seed=4
iter= 333 step=1068800 ep_ret=-128.488 opt_ret=-128.488 step_rew=-1.2849 opt_step=-1.2849 gap0=128.488 dret=+609.766 eval_ret=n/a pursuer_target_distance=1.202 capture=0.162 score=0.074 pol=-0.0007 val=0.0227 ent=1.1110 tot=+0.0049 agnorm=0.060 cgnorm=0.121 kl=0.0011 clipf=0.004 ev=+0.931 r0=1.0000 entcoef=5.20e-03 lr=3.3e-04 seed=4
iter= 334 step=1072000 ep_ret=-6.099 opt_ret=-6.099 step_rew=-0.0610 opt_step=-0.0610 gap0=6.099 dret=+732.154 eval_ret=n/a pursuer_target_distance=0.759 capture=0.234 score=0.133 pol=-0.0004 val=0.0260 ent=1.1331 tot=+0.0067 agnorm=0.047 cgnorm=0.114 kl=0.0012 clipf=0.005 ev=+0.934 r0=1.0000 entcoef=5.18e-03 lr=3.3e-04 seed=4
iter= 335 step=1075200 ep_ret=-37.275 opt_ret=-37.275 step_rew=-0.3727 opt_step=-0.3727 gap0=37.275 dret=+700.978 eval_ret=n/a pursuer_target_distance=0.874 capture=0.223 score=0.119 pol=-0.0004 val=0.0295 ent=1.1228 tot=+0.0086 agnorm=0.043 cgnorm=0.146 kl=0.0008 clipf=0.002 ev=+0.907 r0=1.0000 entcoef=5.17e-03 lr=3.3e-04 seed=4
iter= 336 step=1078400 ep_ret=+65.907 opt_ret=+65.907 step_rew=0.6591 opt_step=0.6591 gap0=0.000 dret=+804.161 eval_ret=n/a pursuer_target_distance=0.863 capture=0.287 score=0.154 pol=-0.0004 val=0.0169 ent=1.1329 tot=+0.0022 agnorm=0.057 cgnorm=0.098 kl=0.0007 clipf=0.003 ev=+0.945 r0=1.0000 entcoef=5.15e-03 lr=3.3e-04 seed=4
iter= 337 step=1081600 ep_ret=-79.861 opt_ret=-79.861 step_rew=-0.7986 opt_step=-0.7986 gap0=79.861 dret=+658.393 eval_ret=n/a pursuer_target_distance=0.866 capture=0.199 score=0.107 pol=-0.0009 val=0.0204 ent=1.1320 tot=+0.0035 agnorm=0.064 cgnorm=0.106 kl=0.0013 clipf=0.008 ev=+0.951 r0=1.0000 entcoef=5.14e-03 lr=3.3e-04 seed=4
iter= 338 step=1084800 ep_ret=-75.782 opt_ret=-75.782 step_rew=-0.7578 opt_step=-0.7578 gap0=75.782 dret=+662.472 eval_ret=n/a pursuer_target_distance=1.360 capture=0.214 score=0.091 pol=-0.0006 val=0.0323 ent=1.1155 tot=+0.0098 agnorm=0.043 cgnorm=0.136 kl=0.0008 clipf=0.004 ev=+0.924 r0=1.0000 entcoef=5.13e-03 lr=3.3e-04 seed=4
iter= 339 step=1088000 ep_ret=+98.200 opt_ret=+98.200 step_rew=0.9820 opt_step=0.9820 gap0=0.000 dret=+836.454 eval_ret=n/a pursuer_target_distance=0.635 capture=0.291 score=0.178 pol=-0.0006 val=0.0268 ent=1.1085 tot=+0.0072 agnorm=0.066 cgnorm=0.157 kl=0.0012 clipf=0.006 ev=+0.917 r0=1.0000 entcoef=5.11e-03 lr=3.3e-04 seed=4
iter= 340 step=1091200 ep_ret=-88.568 opt_ret=-88.568 step_rew=-0.8857 opt_step=-0.8857 gap0=88.568 dret=+649.685 eval_ret=-62.742 pursuer_target_distance=1.236 capture=0.220 score=0.098 pol=-0.0008 val=0.0295 ent=1.0657 tot=+0.0085 agnorm=0.067 cgnorm=0.145 kl=0.0014 clipf=0.010 ev=+0.935 r0=1.0000 entcoef=5.10e-03 lr=3.2e-04 seed=4
iter= 341 step=1094400 ep_ret=-32.401 opt_ret=-32.401 step_rew=-0.3240 opt_step=-0.3240 gap0=32.401 dret=+705.853 eval_ret=n/a pursuer_target_distance=1.193 capture=0.240 score=0.109 pol=-0.0006 val=0.0246 ent=1.0606 tot=+0.0063 agnorm=0.066 cgnorm=0.140 kl=0.0011 clipf=0.005 ev=+0.934 r0=1.0000 entcoef=5.08e-03 lr=3.2e-04 seed=4
iter= 342 step=1097600 ep_ret=+12.835 opt_ret=+12.835 step_rew=0.1284 opt_step=0.1284 gap0=0.000 dret=+751.089 eval_ret=n/a pursuer_target_distance=0.874 capture=0.250 score=0.133 pol=-0.0004 val=0.0265 ent=1.0594 tot=+0.0075 agnorm=0.048 cgnorm=0.131 kl=0.0007 clipf=0.002 ev=+0.906 r0=1.0000 entcoef=5.07e-03 lr=3.2e-04 seed=4
iter= 343 step=1100800 ep_ret=-77.310 opt_ret=-77.310 step_rew=-0.7731 opt_step=-0.7731 gap0=77.310 dret=+660.943 eval_ret=n/a pursuer_target_distance=1.012 capture=0.223 score=0.111 pol=-0.0006 val=0.0235 ent=1.0430 tot=+0.0059 agnorm=0.066 cgnorm=0.126 kl=0.0009 clipf=0.003 ev=+0.945 r0=1.0000 entcoef=5.05e-03 lr=3.2e-04 seed=4
iter= 344 step=1104000 ep_ret=-3.201 opt_ret=-3.201 step_rew=-0.0320 opt_step=-0.0320 gap0=3.201 dret=+735.052 eval_ret=n/a pursuer_target_distance=0.982 capture=0.261 score=0.132 pol=-0.0006 val=0.0233 ent=1.0554 tot=+0.0058 agnorm=0.062 cgnorm=0.124 kl=0.0014 clipf=0.009 ev=+0.932 r0=1.0000 entcoef=5.04e-03 lr=3.2e-04 seed=4
iter= 345 step=1107200 ep_ret=-76.929 opt_ret=-76.929 step_rew=-0.7693 opt_step=-0.7693 gap0=76.929 dret=+661.324 eval_ret=n/a pursuer_target_distance=1.216 capture=0.218 score=0.098 pol=-0.0008 val=0.0276 ent=1.0338 tot=+0.0079 agnorm=0.087 cgnorm=0.126 kl=0.0014 clipf=0.011 ev=+0.908 r0=1.0000 entcoef=5.02e-03 lr=3.2e-04 seed=4
iter= 346 step=1110400 ep_ret=-1.201 opt_ret=-1.201 step_rew=-0.0120 opt_step=-0.0120 gap0=1.201 dret=+737.053 eval_ret=n/a pursuer_target_distance=0.876 capture=0.256 score=0.137 pol=-0.0005 val=0.0297 ent=1.0566 tot=+0.0090 agnorm=0.060 cgnorm=0.137 kl=0.0012 clipf=0.004 ev=+0.892 r0=1.0000 entcoef=5.01e-03 lr=3.2e-04 seed=4
iter= 347 step=1113600 ep_ret=-29.500 opt_ret=-29.500 step_rew=-0.2950 opt_step=-0.2950 gap0=29.500 dret=+708.753 eval_ret=n/a pursuer_target_distance=1.193 capture=0.242 score=0.111 pol=-0.0006 val=0.0258 ent=1.0603 tot=+0.0070 agnorm=0.047 cgnorm=0.126 kl=0.0012 clipf=0.006 ev=+0.913 r0=1.0000 entcoef=5.00e-03 lr=3.2e-04 seed=4
iter= 348 step=1116800 ep_ret=-30.341 opt_ret=-30.341 step_rew=-0.3034 opt_step=-0.3034 gap0=30.341 dret=+707.913 eval_ret=n/a pursuer_target_distance=1.014 capture=0.234 score=0.116 pol=-0.0003 val=0.0184 ent=1.0825 tot=+0.0035 agnorm=0.042 cgnorm=0.109 kl=0.0008 clipf=0.003 ev=+0.941 r0=1.0000 entcoef=4.98e-03 lr=3.2e-04 seed=4
iter= 349 step=1120000 ep_ret=-15.989 opt_ret=-15.989 step_rew=-0.1599 opt_step=-0.1599 gap0=15.989 dret=+722.264 eval_ret=n/a pursuer_target_distance=0.923 capture=0.239 score=0.124 pol=-0.0006 val=0.0231 ent=1.1104 tot=+0.0055 agnorm=0.060 cgnorm=0.158 kl=0.0011 clipf=0.007 ev=+0.930 r0=1.0000 entcoef=4.97e-03 lr=3.1e-04 seed=4
iter= 350 step=1123200 ep_ret=-63.338 opt_ret=-63.338 step_rew=-0.6334 opt_step=-0.6334 gap0=63.338 dret=+674.915 eval_ret=n/a pursuer_target_distance=1.064 capture=0.208 score=0.101 pol=-0.0006 val=0.0263 ent=1.1115 tot=+0.0071 agnorm=0.062 cgnorm=0.137 kl=0.0009 clipf=0.006 ev=+0.915 r0=1.0000 entcoef=4.95e-03 lr=3.1e-04 seed=4
iter= 351 step=1126400 ep_ret=-94.129 opt_ret=-94.129 step_rew=-0.9413 opt_step=-0.9413 gap0=94.129 dret=+644.124 eval_ret=n/a pursuer_target_distance=0.882 capture=0.201 score=0.107 pol=-0.0008 val=0.0232 ent=1.0900 tot=+0.0054 agnorm=0.074 cgnorm=0.140 kl=0.0012 clipf=0.008 ev=+0.921 r0=1.0000 entcoef=4.94e-03 lr=3.1e-04 seed=4
iter= 352 step=1129600 ep_ret=-62.608 opt_ret=-62.608 step_rew=-0.6261 opt_step=-0.6261 gap0=62.608 dret=+675.646 eval_ret=n/a pursuer_target_distance=1.217 capture=0.219 score=0.099 pol=-0.0007 val=0.0246 ent=1.0788 tot=+0.0063 agnorm=0.075 cgnorm=0.121 kl=0.0013 clipf=0.008 ev=+0.931 r0=1.0000 entcoef=4.92e-03 lr=3.1e-04 seed=4
iter= 353 step=1132800 ep_ret=-62.401 opt_ret=-62.401 step_rew=-0.6240 opt_step=-0.6240 gap0=62.401 dret=+675.853 eval_ret=n/a pursuer_target_distance=1.174 capture=0.247 score=0.114 pol=-0.0006 val=0.0206 ent=1.0816 tot=+0.0044 agnorm=0.072 cgnorm=0.088 kl=0.0018 clipf=0.011 ev=+0.949 r0=1.0000 entcoef=4.91e-03 lr=3.1e-04 seed=4
iter= 354 step=1136000 ep_ret=+4.143 opt_ret=+4.143 step_rew=0.0414 opt_step=0.0414 gap0=0.000 dret=+742.397 eval_ret=n/a pursuer_target_distance=1.018 capture=0.243 score=0.120 pol=-0.0005 val=0.0201 ent=1.0754 tot=+0.0043 agnorm=0.069 cgnorm=0.108 kl=0.0011 clipf=0.011 ev=+0.929 r0=1.0000 entcoef=4.89e-03 lr=3.1e-04 seed=4
iter= 355 step=1139200 ep_ret=+23.340 opt_ret=+23.340 step_rew=0.2334 opt_step=0.2334 gap0=0.000 dret=+761.593 eval_ret=n/a pursuer_target_distance=0.857 capture=0.262 score=0.141 pol=-0.0005 val=0.0209 ent=1.0993 tot=+0.0046 agnorm=0.062 cgnorm=0.123 kl=0.0010 clipf=0.003 ev=+0.928 r0=1.0000 entcoef=4.88e-03 lr=3.1e-04 seed=4
iter= 356 step=1142400 ep_ret=+21.502 opt_ret=+21.502 step_rew=0.2150 opt_step=0.2150 gap0=0.000 dret=+759.755 eval_ret=n/a pursuer_target_distance=0.848 capture=0.267 score=0.145 pol=-0.0004 val=0.0232 ent=1.1193 tot=+0.0057 agnorm=0.047 cgnorm=0.160 kl=0.0006 clipf=0.002 ev=+0.932 r0=1.0000 entcoef=4.87e-03 lr=3.1e-04 seed=4
iter= 357 step=1145600 ep_ret=-215.206 opt_ret=-215.206 step_rew=-2.1521 opt_step=-2.1521 gap0=215.206 dret=+523.047 eval_ret=n/a pursuer_target_distance=1.134 capture=0.133 score=0.063 pol=-0.0006 val=0.0225 ent=1.1138 tot=+0.0052 agnorm=0.059 cgnorm=0.132 kl=0.0013 clipf=0.011 ev=+0.934 r0=1.0000 entcoef=4.85e-03 lr=3.1e-04 seed=4
iter= 358 step=1148800 ep_ret=-7.692 opt_ret=-7.692 step_rew=-0.0769 opt_step=-0.0769 gap0=7.692 dret=+730.561 eval_ret=n/a pursuer_target_distance=0.954 capture=0.239 score=0.122 pol=-0.0006 val=0.0205 ent=1.1144 tot=+0.0042 agnorm=0.080 cgnorm=0.122 kl=0.0015 clipf=0.010 ev=+0.928 r0=1.0000 entcoef=4.84e-03 lr=3.0e-04 seed=4
iter= 359 step=1152000 ep_ret=-42.164 opt_ret=-42.164 step_rew=-0.4216 opt_step=-0.4216 gap0=42.164 dret=+696.090 eval_ret=n/a pursuer_target_distance=1.057 capture=0.231 score=0.112 pol=-0.0003 val=0.0190 ent=1.0712 tot=+0.0040 agnorm=0.061 cgnorm=0.108 kl=0.0009 clipf=0.007 ev=+0.937 r0=1.0000 entcoef=4.82e-03 lr=3.0e-04 seed=4
iter= 360 step=1155200 ep_ret=-155.348 opt_ret=-155.348 step_rew=-1.5535 opt_step=-1.5535 gap0=155.348 dret=+582.905 eval_ret=-68.389 pursuer_target_distance=0.970 capture=0.147 score=0.074 pol=-0.0006 val=0.0203 ent=1.0562 tot=+0.0044 agnorm=0.073 cgnorm=0.091 kl=0.0010 clipf=0.005 ev=+0.932 r0=1.0000 entcoef=4.81e-03 lr=3.0e-04 seed=4
iter= 361 step=1158400 ep_ret=-129.112 opt_ret=-129.112 step_rew=-1.2911 opt_step=-1.2911 gap0=129.112 dret=+609.142 eval_ret=n/a pursuer_target_distance=1.288 capture=0.180 score=0.079 pol=-0.0010 val=0.0193 ent=1.0319 tot=+0.0037 agnorm=0.097 cgnorm=0.076 kl=0.0017 clipf=0.011 ev=+0.934 r0=1.0000 entcoef=4.79e-03 lr=3.0e-04 seed=4
iter= 362 step=1161600 ep_ret=+31.671 opt_ret=+31.671 step_rew=0.3167 opt_step=0.3167 gap0=0.000 dret=+769.924 eval_ret=n/a pursuer_target_distance=0.958 capture=0.274 score=0.140 pol=-0.0007 val=0.0163 ent=1.0528 tot=+0.0025 agnorm=0.068 cgnorm=0.092 kl=0.0010 clipf=0.004 ev=+0.937 r0=1.0000 entcoef=4.78e-03 lr=3.0e-04 seed=4
iter= 363 step=1164800 ep_ret=-137.273 opt_ret=-137.273 step_rew=-1.3727 opt_step=-1.3727 gap0=137.273 dret=+600.981 eval_ret=n/a pursuer_target_distance=1.212 capture=0.166 score=0.075 pol=-0.0005 val=0.0185 ent=1.0533 tot=+0.0037 agnorm=0.066 cgnorm=0.087 kl=0.0011 clipf=0.005 ev=+0.932 r0=1.0000 entcoef=4.76e-03 lr=3.0e-04 seed=4
iter= 364 step=1168000 ep_ret=+29.391 opt_ret=+29.391 step_rew=0.2939 opt_step=0.2939 gap0=0.000 dret=+767.644 eval_ret=n/a pursuer_target_distance=0.914 capture=0.264 score=0.138 pol=-0.0004 val=0.0205 ent=1.0586 tot=+0.0048 agnorm=0.064 cgnorm=0.081 kl=0.0009 clipf=0.004 ev=+0.910 r0=1.0000 entcoef=4.75e-03 lr=3.0e-04 seed=4
iter= 365 step=1171200 ep_ret=+39.784 opt_ret=+39.784 step_rew=0.3978 opt_step=0.3978 gap0=0.000 dret=+778.038 eval_ret=n/a pursuer_target_distance=0.857 capture=0.264 score=0.142 pol=-0.0003 val=0.0164 ent=1.0666 tot=+0.0028 agnorm=0.048 cgnorm=0.088 kl=0.0005 clipf=0.001 ev=+0.929 r0=1.0000 entcoef=4.74e-03 lr=3.0e-04 seed=4
iter= 366 step=1174400 ep_ret=-33.858 opt_ret=-33.858 step_rew=-0.3386 opt_step=-0.3386 gap0=33.858 dret=+704.395 eval_ret=n/a pursuer_target_distance=1.426 capture=0.272 score=0.112 pol=-0.0007 val=0.0226 ent=1.0160 tot=+0.0058 agnorm=0.045 cgnorm=0.095 kl=0.0008 clipf=0.002 ev=+0.923 r0=1.0000 entcoef=4.72e-03 lr=3.0e-04 seed=4
iter= 367 step=1177600 ep_ret=+54.720 opt_ret=+54.720 step_rew=0.5472 opt_step=0.5472 gap0=0.000 dret=+792.973 eval_ret=n/a pursuer_target_distance=0.810 capture=0.275 score=0.152 pol=-0.0007 val=0.0200 ent=1.0714 tot=+0.0043 agnorm=0.091 cgnorm=0.085 kl=0.0016 clipf=0.011 ev=+0.904 r0=1.0000 entcoef=4.71e-03 lr=2.9e-04 seed=4
iter= 368 step=1180800 ep_ret=-30.936 opt_ret=-30.936 step_rew=-0.3094 opt_step=-0.3094 gap0=30.936 dret=+707.318 eval_ret=n/a pursuer_target_distance=0.952 capture=0.225 score=0.115 pol=-0.0010 val=0.0182 ent=1.0390 tot=+0.0032 agnorm=0.092 cgnorm=0.079 kl=0.0014 clipf=0.010 ev=+0.909 r0=1.0000 entcoef=4.69e-03 lr=2.9e-04 seed=4
iter= 369 step=1184000 ep_ret=+43.845 opt_ret=+43.845 step_rew=0.4384 opt_step=0.4384 gap0=0.000 dret=+782.098 eval_ret=n/a pursuer_target_distance=1.018 capture=0.275 score=0.136 pol=-0.0004 val=0.0199 ent=1.0772 tot=+0.0046 agnorm=0.077 cgnorm=0.130 kl=0.0013 clipf=0.008 ev=+0.894 r0=1.0000 entcoef=4.68e-03 lr=2.9e-04 seed=4
iter= 370 step=1187200 ep_ret=-7.075 opt_ret=-7.075 step_rew=-0.0708 opt_step=-0.0708 gap0=7.075 dret=+731.178 eval_ret=n/a pursuer_target_distance=1.138 capture=0.261 score=0.122 pol=-0.0004 val=0.0183 ent=1.0712 tot=+0.0037 agnorm=0.071 cgnorm=0.106 kl=0.0010 clipf=0.007 ev=+0.929 r0=1.0000 entcoef=4.66e-03 lr=2.9e-04 seed=4
iter= 371 step=1190400 ep_ret=+1.420 opt_ret=+1.420 step_rew=0.0142 opt_step=0.0142 gap0=0.000 dret=+739.673 eval_ret=n/a pursuer_target_distance=0.934 capture=0.259 score=0.134 pol=-0.0008 val=0.0170 ent=1.0456 tot=+0.0029 agnorm=0.068 cgnorm=0.072 kl=0.0015 clipf=0.008 ev=+0.924 r0=1.0000 entcoef=4.65e-03 lr=2.9e-04 seed=4
iter= 372 step=1193600 ep_ret=-20.685 opt_ret=-20.685 step_rew=-0.2068 opt_step=-0.2068 gap0=20.685 dret=+717.569 eval_ret=n/a pursuer_target_distance=1.251 capture=0.248 score=0.110 pol=-0.0007 val=0.0175 ent=1.0535 tot=+0.0031 agnorm=0.094 cgnorm=0.103 kl=0.0017 clipf=0.011 ev=+0.922 r0=1.0000 entcoef=4.63e-03 lr=2.9e-04 seed=4
iter= 373 step=1196800 ep_ret=+31.081 opt_ret=+31.081 step_rew=0.3108 opt_step=0.3108 gap0=0.000 dret=+769.334 eval_ret=n/a pursuer_target_distance=0.847 capture=0.266 score=0.144 pol=-0.0007 val=0.0132 ent=1.0344 tot=+0.0012 agnorm=0.077 cgnorm=0.080 kl=0.0011 clipf=0.007 ev=+0.936 r0=1.0000 entcoef=4.62e-03 lr=2.9e-04 seed=4
iter= 374 step=1200000 ep_ret=+18.051 opt_ret=+18.051 step_rew=0.1805 opt_step=0.1805 gap0=0.000 dret=+756.304 eval_ret=n/a pursuer_target_distance=0.861 capture=0.265 score=0.142 pol=-0.0003 val=0.0155 ent=1.0419 tot=+0.0026 agnorm=0.069 cgnorm=0.077 kl=0.0011 clipf=0.004 ev=+0.927 r0=1.0000 entcoef=4.61e-03 lr=2.9e-04 seed=4
iter= 375 step=1203200 ep_ret=-11.040 opt_ret=-11.040 step_rew=-0.1104 opt_step=-0.1104 gap0=11.040 dret=+727.214 eval_ret=n/a pursuer_target_distance=0.850 capture=0.246 score=0.133 pol=-0.0004 val=0.0167 ent=1.0162 tot=+0.0033 agnorm=0.070 cgnorm=0.106 kl=0.0010 clipf=0.006 ev=+0.928 r0=1.0000 entcoef=4.59e-03 lr=2.9e-04 seed=4
iter= 376 step=1206400 ep_ret=+134.317 opt_ret=+134.317 step_rew=1.3432 opt_step=1.3432 gap0=0.000 dret=+872.571 eval_ret=n/a pursuer_target_distance=0.861 capture=0.343 score=0.184 pol=-0.0003 val=0.0177 ent=1.0293 tot=+0.0039 agnorm=0.075 cgnorm=0.106 kl=0.0005 clipf=0.002 ev=+0.907 r0=1.0000 entcoef=4.58e-03 lr=2.8e-04 seed=4
iter= 377 step=1209600 ep_ret=-9.384 opt_ret=-9.384 step_rew=-0.0938 opt_step=-0.0938 gap0=9.384 dret=+728.869 eval_ret=n/a pursuer_target_distance=0.634 capture=0.237 score=0.145 pol=-0.0006 val=0.0149 ent=1.0474 tot=+0.0021 agnorm=0.071 cgnorm=0.078 kl=0.0011 clipf=0.005 ev=+0.924 r0=1.0000 entcoef=4.56e-03 lr=2.8e-04 seed=4
iter= 378 step=1212800 ep_ret=+54.004 opt_ret=+54.004 step_rew=0.5400 opt_step=0.5400 gap0=0.000 dret=+792.257 eval_ret=n/a pursuer_target_distance=0.726 capture=0.291 score=0.168 pol=-0.0002 val=0.0155 ent=1.0300 tot=+0.0028 agnorm=0.051 cgnorm=0.076 kl=0.0009 clipf=0.003 ev=+0.916 r0=1.0000 entcoef=4.55e-03 lr=2.8e-04 seed=4
iter= 379 step=1216000 ep_ret=+94.358 opt_ret=+94.358 step_rew=0.9436 opt_step=0.9436 gap0=0.000 dret=+832.611 eval_ret=n/a pursuer_target_distance=0.804 capture=0.306 score=0.170 pol=-0.0011 val=0.0159 ent=1.0246 tot=+0.0022 agnorm=0.103 cgnorm=0.079 kl=0.0017 clipf=0.016 ev=+0.914 r0=1.0000 entcoef=4.53e-03 lr=2.8e-04 seed=4
iter= 380 step=1219200 ep_ret=-29.180 opt_ret=-29.180 step_rew=-0.2918 opt_step=-0.2918 gap0=29.180 dret=+709.073 eval_ret=-57.958 pursuer_target_distance=1.196 capture=0.249 score=0.114 pol=-0.0003 val=0.0154 ent=1.0061 tot=+0.0029 agnorm=0.067 cgnorm=0.062 kl=0.0010 clipf=0.003 ev=+0.940 r0=1.0000 entcoef=4.52e-03 lr=2.8e-04 seed=4
iter= 381 step=1222400 ep_ret=+101.946 opt_ret=+101.946 step_rew=1.0195 opt_step=1.0195 gap0=0.000 dret=+840.199 eval_ret=n/a pursuer_target_distance=0.865 capture=0.319 score=0.171 pol=-0.0008 val=0.0201 ent=1.0361 tot=+0.0045 agnorm=0.082 cgnorm=0.075 kl=0.0017 clipf=0.009 ev=+0.895 r0=1.0000 entcoef=4.50e-03 lr=2.8e-04 seed=4
iter= 382 step=1225600 ep_ret=+86.047 opt_ret=+86.047 step_rew=0.8605 opt_step=0.8605 gap0=0.000 dret=+824.300 eval_ret=n/a pursuer_target_distance=0.680 capture=0.298 score=0.177 pol=-0.0004 val=0.0166 ent=1.0498 tot=+0.0032 agnorm=0.053 cgnorm=0.088 kl=0.0007 clipf=0.001 ev=+0.905 r0=1.0000 entcoef=4.49e-03 lr=2.8e-04 seed=4
iter= 383 step=1228800 ep_ret=-72.646 opt_ret=-72.646 step_rew=-0.7265 opt_step=-0.7265 gap0=72.646 dret=+665.607 eval_ret=n/a pursuer_target_distance=0.982 capture=0.219 score=0.111 pol=-0.0004 val=0.0111 ent=1.0258 tot=+0.0005 agnorm=0.053 cgnorm=0.071 kl=0.0007 clipf=0.002 ev=+0.958 r0=1.0000 entcoef=4.48e-03 lr=2.8e-04 seed=4
iter= 384 step=1232000 ep_ret=+8.335 opt_ret=+8.335 step_rew=0.0834 opt_step=0.0834 gap0=0.000 dret=+746.589 eval_ret=n/a pursuer_target_distance=0.685 capture=0.256 score=0.152 pol=-0.0005 val=0.0131 ent=1.0335 tot=+0.0014 agnorm=0.076 cgnorm=0.083 kl=0.0011 clipf=0.008 ev=+0.932 r0=1.0000 entcoef=4.46e-03 lr=2.8e-04 seed=4
iter= 385 step=1235200 ep_ret=+20.945 opt_ret=+20.945 step_rew=0.2094 opt_step=0.2094 gap0=0.000 dret=+759.198 eval_ret=n/a pursuer_target_distance=0.936 capture=0.266 score=0.137 pol=-0.0006 val=0.0174 ent=1.0066 tot=+0.0036 agnorm=0.070 cgnorm=0.083 kl=0.0008 clipf=0.004 ev=+0.907 r0=1.0000 entcoef=4.45e-03 lr=2.7e-04 seed=4
iter= 386 step=1238400 ep_ret=+30.457 opt_ret=+30.457 step_rew=0.3046 opt_step=0.3046 gap0=0.000 dret=+768.711 eval_ret=n/a pursuer_target_distance=1.041 capture=0.287 score=0.140 pol=-0.0003 val=0.0167 ent=1.0040 tot=+0.0036 agnorm=0.039 cgnorm=0.067 kl=0.0004 clipf=0.000 ev=+0.927 r0=1.0000 entcoef=4.43e-03 lr=2.7e-04 seed=4
iter= 387 step=1241600 ep_ret=+50.223 opt_ret=+50.223 step_rew=0.5022 opt_step=0.5022 gap0=0.000 dret=+788.477 eval_ret=n/a pursuer_target_distance=0.904 capture=0.297 score=0.156 pol=-0.0005 val=0.0114 ent=1.0044 tot=+0.0007 agnorm=0.081 cgnorm=0.060 kl=0.0011 clipf=0.006 ev=+0.944 r0=1.0000 entcoef=4.42e-03 lr=2.7e-04 seed=4
iter= 388 step=1244800 ep_ret=+4.631 opt_ret=+4.631 step_rew=0.0463 opt_step=0.0463 gap0=0.000 dret=+742.885 eval_ret=n/a pursuer_target_distance=1.052 capture=0.273 score=0.133 pol=-0.0005 val=0.0139 ent=0.9981 tot=+0.0020 agnorm=0.088 cgnorm=0.083 kl=0.0011 clipf=0.007 ev=+0.929 r0=1.0000 entcoef=4.40e-03 lr=2.7e-04 seed=4
iter= 389 step=1248000 ep_ret=+15.437 opt_ret=+15.437 step_rew=0.1544 opt_step=0.1544 gap0=0.000 dret=+753.690 eval_ret=n/a pursuer_target_distance=0.836 capture=0.272 score=0.148 pol=-0.0002 val=0.0148 ent=1.0214 tot=+0.0027 agnorm=0.036 cgnorm=0.100 kl=0.0006 clipf=0.002 ev=+0.930 r0=1.0000 entcoef=4.39e-03 lr=2.7e-04 seed=4
iter= 390 step=1251200 ep_ret=-37.207 opt_ret=-37.207 step_rew=-0.3721 opt_step=-0.3721 gap0=37.207 dret=+701.046 eval_ret=n/a pursuer_target_distance=1.061 capture=0.241 score=0.117 pol=-0.0006 val=0.0174 ent=0.9765 tot=+0.0038 agnorm=0.066 cgnorm=0.077 kl=0.0011 clipf=0.004 ev=+0.914 r0=1.0000 entcoef=4.37e-03 lr=2.7e-04 seed=4
iter= 391 step=1254400 ep_ret=+108.437 opt_ret=+108.437 step_rew=1.0844 opt_step=1.0844 gap0=0.000 dret=+846.690 eval_ret=n/a pursuer_target_distance=0.997 capture=0.337 score=0.169 pol=-0.0006 val=0.0132 ent=1.0054 tot=+0.0016 agnorm=0.038 cgnorm=0.084 kl=0.0008 clipf=0.001 ev=+0.921 r0=1.0000 entcoef=4.36e-03 lr=2.7e-04 seed=4
iter= 392 step=1257600 ep_ret=+20.737 opt_ret=+20.737 step_rew=0.2074 opt_step=0.2074 gap0=0.000 dret=+758.990 eval_ret=n/a pursuer_target_distance=0.926 capture=0.266 score=0.138 pol=-0.0004 val=0.0161 ent=1.0081 tot=+0.0032 agnorm=0.096 cgnorm=0.080 kl=0.0007 clipf=0.002 ev=+0.907 r0=1.0000 entcoef=4.35e-03 lr=2.7e-04 seed=4
iter= 393 step=1260800 ep_ret=+101.252 opt_ret=+101.252 step_rew=1.0125 opt_step=1.0125 gap0=0.000 dret=+839.505 eval_ret=n/a pursuer_target_distance=0.831 capture=0.316 score=0.173 pol=-0.0004 val=0.0141 ent=1.0137 tot=+0.0023 agnorm=0.042 cgnorm=0.074 kl=0.0005 clipf=0.001 ev=+0.914 r0=1.0000 entcoef=4.33e-03 lr=2.7e-04 seed=4
iter= 394 step=1264000 ep_ret=+0.818 opt_ret=+0.818 step_rew=0.0082 opt_step=0.0082 gap0=0.000 dret=+739.071 eval_ret=n/a pursuer_target_distance=0.906 capture=0.255 score=0.134 pol=-0.0006 val=0.0120 ent=0.9963 tot=+0.0011 agnorm=0.098 cgnorm=0.072 kl=0.0013 clipf=0.014 ev=+0.936 r0=1.0000 entcoef=4.32e-03 lr=2.6e-04 seed=4
iter= 395 step=1267200 ep_ret=-61.794 opt_ret=-61.794 step_rew=-0.6179 opt_step=-0.6179 gap0=61.794 dret=+676.459 eval_ret=n/a pursuer_target_distance=0.787 capture=0.198 score=0.111 pol=-0.0006 val=0.0134 ent=0.9928 tot=+0.0018 agnorm=0.066 cgnorm=0.073 kl=0.0014 clipf=0.006 ev=+0.917 r0=1.0000 entcoef=4.30e-03 lr=2.6e-04 seed=4
iter= 396 step=1270400 ep_ret=+9.051 opt_ret=+9.051 step_rew=0.0905 opt_step=0.0905 gap0=0.000 dret=+747.304 eval_ret=n/a pursuer_target_distance=0.806 capture=0.251 score=0.139 pol=-0.0007 val=0.0118 ent=0.9847 tot=+0.0010 agnorm=0.087 cgnorm=0.064 kl=0.0020 clipf=0.014 ev=+0.938 r0=1.0000 entcoef=4.29e-03 lr=2.6e-04 seed=4
iter= 397 step=1273600 ep_ret=+21.628 opt_ret=+21.628 step_rew=0.2163 opt_step=0.2163 gap0=0.000 dret=+759.882 eval_ret=n/a pursuer_target_distance=0.814 capture=0.258 score=0.142 pol=-0.0007 val=0.0117 ent=0.9926 tot=+0.0009 agnorm=0.102 cgnorm=0.060 kl=0.0011 clipf=0.008 ev=+0.935 r0=1.0000 entcoef=4.27e-03 lr=2.6e-04 seed=4
iter= 398 step=1276800 ep_ret=+32.645 opt_ret=+32.645 step_rew=0.3264 opt_step=0.3264 gap0=0.000 dret=+770.898 eval_ret=n/a pursuer_target_distance=0.966 capture=0.273 score=0.139 pol=-0.0008 val=0.0162 ent=0.9775 tot=+0.0032 agnorm=0.070 cgnorm=0.068 kl=0.0016 clipf=0.010 ev=+0.889 r0=1.0000 entcoef=4.26e-03 lr=2.6e-04 seed=4
iter= 399 step=1280000 ep_ret=+79.097 opt_ret=+79.097 step_rew=0.7910 opt_step=0.7910 gap0=0.000 dret=+817.350 eval_ret=n/a pursuer_target_distance=0.618 capture=0.294 score=0.182 pol=-0.0004 val=0.0129 ent=0.9678 tot=+0.0019 agnorm=0.057 cgnorm=0.084 kl=0.0008 clipf=0.002 ev=+0.917 r0=1.0000 entcoef=4.25e-03 lr=2.6e-04 seed=4
iter= 400 step=1283200 ep_ret=+6.392 opt_ret=+6.392 step_rew=0.0639 opt_step=0.0639 gap0=0.000 dret=+744.645 eval_ret=-65.666 pursuer_target_distance=0.841 capture=0.250 score=0.136 pol=-0.0005 val=0.0141 ent=0.9541 tot=+0.0025 agnorm=0.069 cgnorm=0.070 kl=0.0007 clipf=0.002 ev=+0.902 r0=1.0000 entcoef=4.23e-03 lr=2.6e-04 seed=4
iter= 401 step=1286400 ep_ret=+149.400 opt_ret=+149.400 step_rew=1.4940 opt_step=1.4940 gap0=0.000 dret=+887.653 eval_ret=n/a pursuer_target_distance=0.776 capture=0.351 score=0.198 pol=-0.0007 val=0.0129 ent=0.9911 tot=+0.0016 agnorm=0.122 cgnorm=0.051 kl=0.0014 clipf=0.012 ev=+0.911 r0=1.0000 entcoef=4.22e-03 lr=2.6e-04 seed=4
iter= 402 step=1289600 ep_ret=+58.940 opt_ret=+58.940 step_rew=0.5894 opt_step=0.5894 gap0=0.000 dret=+797.194 eval_ret=n/a pursuer_target_distance=0.825 capture=0.290 score=0.159 pol=-0.0005 val=0.0105 ent=0.9845 tot=+0.0006 agnorm=0.094 cgnorm=0.055 kl=0.0007 clipf=0.005 ev=+0.932 r0=1.0000 entcoef=4.20e-03 lr=2.6e-04 seed=4
iter= 403 step=1292800 ep_ret=+96.148 opt_ret=+96.148 step_rew=0.9615 opt_step=0.9615 gap0=0.000 dret=+834.402 eval_ret=n/a pursuer_target_distance=0.791 capture=0.316 score=0.177 pol=-0.0004 val=0.0110 ent=1.0111 tot=+0.0009 agnorm=0.100 cgnorm=0.055 kl=0.0008 clipf=0.005 ev=+0.930 r0=1.0000 entcoef=4.19e-03 lr=2.5e-04 seed=4
iter= 404 step=1296000 ep_ret=+24.589 opt_ret=+24.589 step_rew=0.2459 opt_step=0.2459 gap0=0.000 dret=+762.842 eval_ret=n/a pursuer_target_distance=0.907 capture=0.272 score=0.143 pol=-0.0005 val=0.0112 ent=0.9743 tot=+0.0011 agnorm=0.103 cgnorm=0.071 kl=0.0008 clipf=0.008 ev=+0.918 r0=1.0000 entcoef=4.17e-03 lr=2.5e-04 seed=4
iter= 405 step=1299200 ep_ret=-22.891 opt_ret=-22.891 step_rew=-0.2289 opt_step=-0.2289 gap0=22.891 dret=+715.363 eval_ret=n/a pursuer_target_distance=1.078 capture=0.252 score=0.121 pol=-0.0006 val=0.0124 ent=0.9925 tot=+0.0014 agnorm=0.082 cgnorm=0.072 kl=0.0010 clipf=0.005 ev=+0.928 r0=1.0000 entcoef=4.16e-03 lr=2.5e-04 seed=4
iter= 406 step=1302400 ep_ret=+105.623 opt_ret=+105.623 step_rew=1.0562 opt_step=1.0562 gap0=0.000 dret=+843.876 eval_ret=n/a pursuer_target_distance=0.983 capture=0.326 score=0.164 pol=-0.0005 val=0.0129 ent=1.0180 tot=+0.0018 agnorm=0.057 cgnorm=0.065 kl=0.0012 clipf=0.005 ev=+0.920 r0=1.0000 entcoef=4.14e-03 lr=2.5e-04 seed=4
iter= 407 step=1305600 ep_ret=-0.236 opt_ret=-0.236 step_rew=-0.0024 opt_step=-0.0024 gap0=0.236 dret=+738.018 eval_ret=n/a pursuer_target_distance=1.170 capture=0.272 score=0.125 pol=-0.0002 val=0.0124 ent=1.0080 tot=+0.0019 agnorm=0.051 cgnorm=0.062 kl=0.0004 clipf=0.002 ev=+0.923 r0=1.0000 entcoef=4.13e-03 lr=2.5e-04 seed=4
iter= 408 step=1308800 ep_ret=+81.630 opt_ret=+81.630 step_rew=0.8163 opt_step=0.8163 gap0=0.000 dret=+819.883 eval_ret=n/a pursuer_target_distance=0.635 capture=0.311 score=0.190 pol=-0.0004 val=0.0106 ent=1.0184 tot=+0.0007 agnorm=0.042 cgnorm=0.066 kl=0.0003 clipf=0.000 ev=+0.934 r0=1.0000 entcoef=4.12e-03 lr=2.5e-04 seed=4
iter= 409 step=1312000 ep_ret=+55.932 opt_ret=+55.932 step_rew=0.5593 opt_step=0.5593 gap0=0.000 dret=+794.185 eval_ret=n/a pursuer_target_distance=0.812 capture=0.289 score=0.160 pol=-0.0003 val=0.0089 ent=1.0267 tot=-0.0001 agnorm=0.103 cgnorm=0.045 kl=0.0006 clipf=0.004 ev=+0.946 r0=1.0000 entcoef=4.10e-03 lr=2.5e-04 seed=4
iter= 410 step=1315200 ep_ret=-21.538 opt_ret=-21.538 step_rew=-0.2154 opt_step=-0.2154 gap0=21.538 dret=+716.716 eval_ret=n/a pursuer_target_distance=1.107 capture=0.248 score=0.118 pol=-0.0003 val=0.0129 ent=1.0227 tot=+0.0020 agnorm=0.063 cgnorm=0.060 kl=0.0007 clipf=0.002 ev=+0.927 r0=1.0000 entcoef=4.09e-03 lr=2.5e-04 seed=4
iter= 411 step=1318400 ep_ret=+143.106 opt_ret=+143.106 step_rew=1.4311 opt_step=1.4311 gap0=0.000 dret=+881.359 eval_ret=n/a pursuer_target_distance=0.662 capture=0.338 score=0.203 pol=-0.0003 val=0.0110 ent=1.0198 tot=+0.0011 agnorm=0.047 cgnorm=0.061 kl=0.0003 clipf=0.000 ev=+0.923 r0=1.0000 entcoef=4.07e-03 lr=2.5e-04 seed=4
iter= 412 step=1321600 ep_ret=-79.842 opt_ret=-79.842 step_rew=-0.7984 opt_step=-0.7984 gap0=79.842 dret=+658.412 eval_ret=n/a pursuer_target_distance=1.016 capture=0.226 score=0.112 pol=-0.0003 val=0.0123 ent=0.9828 tot=+0.0018 agnorm=0.076 cgnorm=0.071 kl=0.0005 clipf=0.003 ev=+0.932 r0=1.0000 entcoef=4.06e-03 lr=2.4e-04 seed=4
iter= 413 step=1324800 ep_ret=+116.218 opt_ret=+116.218 step_rew=1.1622 opt_step=1.1622 gap0=0.000 dret=+854.471 eval_ret=n/a pursuer_target_distance=0.873 capture=0.329 score=0.176 pol=-0.0005 val=0.0102 ent=1.0085 tot=+0.0005 agnorm=0.072 cgnorm=0.049 kl=0.0008 clipf=0.003 ev=+0.921 r0=1.0000 entcoef=4.04e-03 lr=2.4e-04 seed=4
iter= 414 step=1328000 ep_ret=-3.862 opt_ret=-3.862 step_rew=-0.0386 opt_step=-0.0386 gap0=3.862 dret=+734.392 eval_ret=n/a pursuer_target_distance=0.823 capture=0.259 score=0.142 pol=-0.0004 val=0.0130 ent=1.0168 tot=+0.0020 agnorm=0.108 cgnorm=0.066 kl=0.0010 clipf=0.008 ev=+0.912 r0=1.0000 entcoef=4.03e-03 lr=2.4e-04 seed=4
iter= 415 step=1331200 ep_ret=+63.287 opt_ret=+63.287 step_rew=0.6329 opt_step=0.6329 gap0=0.000 dret=+801.540 eval_ret=n/a pursuer_target_distance=0.843 capture=0.296 score=0.161 pol=-0.0004 val=0.0110 ent=1.0256 tot=+0.0010 agnorm=0.053 cgnorm=0.055 kl=0.0006 clipf=0.001 ev=+0.924 r0=1.0000 entcoef=4.01e-03 lr=2.4e-04 seed=4
iter= 416 step=1334400 ep_ret=-50.553 opt_ret=-50.553 step_rew=-0.5055 opt_step=-0.5055 gap0=50.553 dret=+687.701 eval_ret=n/a pursuer_target_distance=0.921 capture=0.236 score=0.123 pol=-0.0006 val=0.0108 ent=1.0012 tot=+0.0008 agnorm=0.040 cgnorm=0.057 kl=0.0012 clipf=0.003 ev=+0.935 r0=1.0000 entcoef=4.00e-03 lr=2.4e-04 seed=4
iter= 417 step=1337600 ep_ret=+82.396 opt_ret=+82.396 step_rew=0.8240 opt_step=0.8240 gap0=0.000 dret=+820.649 eval_ret=n/a pursuer_target_distance=0.854 capture=0.310 score=0.167 pol=-0.0006 val=0.0106 ent=1.0059 tot=+0.0007 agnorm=0.053 cgnorm=0.057 kl=0.0009 clipf=0.003 ev=+0.939 r0=1.0000 entcoef=3.99e-03 lr=2.4e-04 seed=4
iter= 418 step=1340800 ep_ret=-82.039 opt_ret=-82.039 step_rew=-0.8204 opt_step=-0.8204 gap0=82.039 dret=+656.214 eval_ret=n/a pursuer_target_distance=1.238 capture=0.230 score=0.103 pol=-0.0006 val=0.0122 ent=0.9982 tot=+0.0015 agnorm=0.060 cgnorm=0.096 kl=0.0007 clipf=0.002 ev=+0.926 r0=1.0000 entcoef=3.97e-03 lr=2.4e-04 seed=4
iter= 419 step=1344000 ep_ret=+106.065 opt_ret=+106.065 step_rew=1.0606 opt_step=1.0606 gap0=0.000 dret=+844.318 eval_ret=n/a pursuer_target_distance=0.884 capture=0.332 score=0.176 pol=-0.0006 val=0.0102 ent=0.9858 tot=+0.0006 agnorm=0.143 cgnorm=0.074 kl=0.0011 clipf=0.010 ev=+0.933 r0=1.0000 entcoef=3.96e-03 lr=2.4e-04 seed=4
iter= 420 step=1347200 ep_ret=-56.009 opt_ret=-56.009 step_rew=-0.5601 opt_step=-0.5601 gap0=56.009 dret=+682.244 eval_ret=-62.281 pursuer_target_distance=1.074 capture=0.245 score=0.118 pol=-0.0003 val=0.0136 ent=0.9773 tot=+0.0027 agnorm=0.074 cgnorm=0.071 kl=0.0005 clipf=0.004 ev=+0.927 r0=1.0000 entcoef=3.94e-03 lr=2.4e-04 seed=4
iter= 421 step=1350400 ep_ret=+216.972 opt_ret=+216.972 step_rew=2.1697 opt_step=2.1697 gap0=0.000 dret=+955.226 eval_ret=n/a pursuer_target_distance=0.584 capture=0.395 score=0.249 pol=-0.0006 val=0.0115 ent=1.0006 tot=+0.0012 agnorm=0.085 cgnorm=0.062 kl=0.0013 clipf=0.009 ev=+0.917 r0=1.0000 entcoef=3.93e-03 lr=2.3e-04 seed=4
iter= 422 step=1353600 ep_ret=+75.750 opt_ret=+75.750 step_rew=0.7575 opt_step=0.7575 gap0=0.000 dret=+814.003 eval_ret=n/a pursuer_target_distance=0.908 capture=0.315 score=0.165 pol=-0.0004 val=0.0112 ent=0.9727 tot=+0.0014 agnorm=0.076 cgnorm=0.066 kl=0.0009 clipf=0.005 ev=+0.926 r0=1.0000 entcoef=3.91e-03 lr=2.3e-04 seed=4
iter= 423 step=1356800 ep_ret=+117.478 opt_ret=+117.478 step_rew=1.1748 opt_step=1.1748 gap0=0.000 dret=+855.731 eval_ret=n/a pursuer_target_distance=0.896 capture=0.326 score=0.172 pol=-0.0006 val=0.0113 ent=0.9885 tot=+0.0012 agnorm=0.068 cgnorm=0.055 kl=0.0009 clipf=0.004 ev=+0.922 r0=1.0000 entcoef=3.90e-03 lr=2.3e-04 seed=4
iter= 424 step=1360000 ep_ret=+100.509 opt_ret=+100.509 step_rew=1.0051 opt_step=1.0051 gap0=0.000 dret=+838.762 eval_ret=n/a pursuer_target_distance=0.827 capture=0.325 score=0.178 pol=-0.0004 val=0.0114 ent=0.9797 tot=+0.0015 agnorm=0.060 cgnorm=0.064 kl=0.0008 clipf=0.002 ev=+0.920 r0=1.0000 entcoef=3.88e-03 lr=2.3e-04 seed=4
iter= 425 step=1363200 ep_ret=+58.665 opt_ret=+58.665 step_rew=0.5867 opt_step=0.5867 gap0=0.000 dret=+796.919 eval_ret=n/a pursuer_target_distance=0.942 capture=0.300 score=0.154 pol=-0.0002 val=0.0129 ent=0.9677 tot=+0.0025 agnorm=0.049 cgnorm=0.055 kl=0.0007 clipf=0.002 ev=+0.916 r0=1.0000 entcoef=3.87e-03 lr=2.3e-04 seed=4
iter= 426 step=1366400 ep_ret=+163.579 opt_ret=+163.579 step_rew=1.6358 opt_step=1.6358 gap0=0.000 dret=+901.832 eval_ret=n/a pursuer_target_distance=0.912 capture=0.367 score=0.192 pol=-0.0007 val=0.0113 ent=0.9885 tot=+0.0011 agnorm=0.103 cgnorm=0.061 kl=0.0015 clipf=0.010 ev=+0.918 r0=1.0000 entcoef=3.86e-03 lr=2.3e-04 seed=4
iter= 427 step=1369600 ep_ret=+53.952 opt_ret=+53.952 step_rew=0.5395 opt_step=0.5395 gap0=0.000 dret=+792.205 eval_ret=n/a pursuer_target_distance=0.905 capture=0.295 score=0.155 pol=-0.0005 val=0.0106 ent=0.9556 tot=+0.0011 agnorm=0.096 cgnorm=0.058 kl=0.0011 clipf=0.005 ev=+0.934 r0=1.0000 entcoef=3.84e-03 lr=2.3e-04 seed=4
iter= 428 step=1372800 ep_ret=+27.304 opt_ret=+27.304 step_rew=0.2730 opt_step=0.2730 gap0=0.000 dret=+765.557 eval_ret=n/a pursuer_target_distance=0.871 capture=0.282 score=0.151 pol=-0.0006 val=0.0132 ent=0.9585 tot=+0.0024 agnorm=0.080 cgnorm=0.062 kl=0.0010 clipf=0.006 ev=+0.925 r0=1.0000 entcoef=3.83e-03 lr=2.3e-04 seed=4
iter= 429 step=1376000 ep_ret=+23.620 opt_ret=+23.620 step_rew=0.2362 opt_step=0.2362 gap0=0.000 dret=+761.873 eval_ret=n/a pursuer_target_distance=0.769 capture=0.284 score=0.160 pol=-0.0002 val=0.0107 ent=0.9594 tot=+0.0015 agnorm=0.067 cgnorm=0.055 kl=0.0007 clipf=0.002 ev=+0.929 r0=1.0000 entcoef=3.81e-03 lr=2.3e-04 seed=4
iter= 430 step=1379200 ep_ret=+46.686 opt_ret=+46.686 step_rew=0.4669 opt_step=0.4669 gap0=0.000 dret=+784.940 eval_ret=n/a pursuer_target_distance=0.787 capture=0.293 score=0.164 pol=-0.0002 val=0.0098 ent=0.9546 tot=+0.0011 agnorm=0.101 cgnorm=0.049 kl=0.0008 clipf=0.006 ev=+0.944 r0=1.0000 entcoef=3.80e-03 lr=2.2e-04 seed=4
iter= 431 step=1382400 ep_ret=+114.992 opt_ret=+114.992 step_rew=1.1499 opt_step=1.1499 gap0=0.000 dret=+853.245 eval_ret=n/a pursuer_target_distance=0.920 capture=0.341 score=0.177 pol=-0.0006 val=0.0113 ent=0.9720 tot=+0.0014 agnorm=0.072 cgnorm=0.064 kl=0.0009 clipf=0.005 ev=+0.920 r0=1.0000 entcoef=3.78e-03 lr=2.2e-04 seed=4
iter= 432 step=1385600 ep_ret=+92.590 opt_ret=+92.590 step_rew=0.9259 opt_step=0.9259 gap0=0.000 dret=+830.844 eval_ret=n/a pursuer_target_distance=0.840 capture=0.322 score=0.175 pol=-0.0004 val=0.0092 ent=0.9666 tot=+0.0005 agnorm=0.076 cgnorm=0.046 kl=0.0011 clipf=0.005 ev=+0.935 r0=1.0000 entcoef=3.77e-03 lr=2.2e-04 seed=4
iter= 433 step=1388800 ep_ret=-36.299 opt_ret=-36.299 step_rew=-0.3630 opt_step=-0.3630 gap0=36.299 dret=+701.955 eval_ret=n/a pursuer_target_distance=1.029 capture=0.234 score=0.115 pol=-0.0004 val=0.0104 ent=0.9385 tot=+0.0013 agnorm=0.107 cgnorm=0.063 kl=0.0008 clipf=0.005 ev=+0.932 r0=1.0000 entcoef=3.75e-03 lr=2.2e-04 seed=4
iter= 434 step=1392000 ep_ret=+72.211 opt_ret=+72.211 step_rew=0.7221 opt_step=0.7221 gap0=0.000 dret=+810.465 eval_ret=n/a pursuer_target_distance=0.641 capture=0.297 score=0.181 pol=-0.0005 val=0.0094 ent=0.9385 tot=+0.0007 agnorm=0.088 cgnorm=0.040 kl=0.0008 clipf=0.005 ev=+0.931 r0=1.0000 entcoef=3.74e-03 lr=2.2e-04 seed=4
iter= 435 step=1395200 ep_ret=+4.769 opt_ret=+4.769 step_rew=0.0477 opt_step=0.0477 gap0=0.000 dret=+743.022 eval_ret=n/a pursuer_target_distance=1.195 capture=0.291 score=0.133 pol=-0.0009 val=0.0111 ent=0.9364 tot=+0.0011 agnorm=0.115 cgnorm=0.049 kl=0.0020 clipf=0.018 ev=+0.939 r0=1.0000 entcoef=3.73e-03 lr=2.2e-04 seed=4
iter= 436 step=1398400 ep_ret=+172.759 opt_ret=+172.759 step_rew=1.7276 opt_step=1.7276 gap0=0.000 dret=+911.013 eval_ret=n/a pursuer_target_distance=0.562 capture=0.365 score=0.234 pol=-0.0003 val=0.0120 ent=0.9429 tot=+0.0022 agnorm=0.098 cgnorm=0.073 kl=0.0009 clipf=0.007 ev=+0.908 r0=1.0000 entcoef=3.71e-03 lr=2.2e-04 seed=4
iter= 437 step=1401600 ep_ret=+22.974 opt_ret=+22.974 step_rew=0.2297 opt_step=0.2297 gap0=0.000 dret=+761.227 eval_ret=n/a pursuer_target_distance=1.089 capture=0.288 score=0.138 pol=-0.0002 val=0.0129 ent=0.9325 tot=+0.0028 agnorm=0.048 cgnorm=0.066 kl=0.0003 clipf=0.001 ev=+0.909 r0=1.0000 entcoef=3.70e-03 lr=2.2e-04 seed=4
iter= 438 step=1404800 ep_ret=+79.009 opt_ret=+79.009 step_rew=0.7901 opt_step=0.7901 gap0=0.000 dret=+817.262 eval_ret=n/a pursuer_target_distance=0.990 capture=0.327 score=0.164 pol=-0.0004 val=0.0096 ent=0.9392 tot=+0.0009 agnorm=0.076 cgnorm=0.055 kl=0.0009 clipf=0.005 ev=+0.941 r0=1.0000 entcoef=3.68e-03 lr=2.2e-04 seed=4
iter= 439 step=1408000 ep_ret=+68.364 opt_ret=+68.364 step_rew=0.6836 opt_step=0.6836 gap0=0.000 dret=+806.618 eval_ret=n/a pursuer_target_distance=0.779 capture=0.312 score=0.176 pol=-0.0003 val=0.0118 ent=0.9559 tot=+0.0021 agnorm=0.100 cgnorm=0.060 kl=0.0007 clipf=0.006 ev=+0.923 r0=1.0000 entcoef=3.67e-03 lr=2.1e-04 seed=4
iter= 440 step=1411200 ep_ret=+133.673 opt_ret=+133.673 step_rew=1.3367 opt_step=1.3367 gap0=0.000 dret=+871.926 eval_ret=-58.370 pursuer_target_distance=1.007 capture=0.372 score=0.185 pol=-0.0006 val=0.0116 ent=0.9689 tot=+0.0016 agnorm=0.100 cgnorm=0.061 kl=0.0010 clipf=0.008 ev=+0.922 r0=1.0000 entcoef=3.65e-03 lr=2.1e-04 seed=4
iter= 441 step=1414400 ep_ret=+68.210 opt_ret=+68.210 step_rew=0.6821 opt_step=0.6821 gap0=0.000 dret=+806.463 eval_ret=n/a pursuer_target_distance=1.000 capture=0.305 score=0.152 pol=-0.0004 val=0.0083 ent=0.9479 tot=+0.0003 agnorm=0.060 cgnorm=0.042 kl=0.0009 clipf=0.002 ev=+0.940 r0=1.0000 entcoef=3.64e-03 lr=2.1e-04 seed=4
iter= 442 step=1417600 ep_ret=+32.199 opt_ret=+32.199 step_rew=0.3220 opt_step=0.3220 gap0=0.000 dret=+770.452 eval_ret=n/a pursuer_target_distance=0.953 capture=0.306 score=0.157 pol=-0.0003 val=0.0118 ent=0.9456 tot=+0.0022 agnorm=0.078 cgnorm=0.058 kl=0.0006 clipf=0.004 ev=+0.931 r0=1.0000 entcoef=3.62e-03 lr=2.1e-04 seed=4
iter= 443 step=1420800 ep_ret=+74.871 opt_ret=+74.871 step_rew=0.7487 opt_step=0.7487 gap0=0.000 dret=+813.124 eval_ret=n/a pursuer_target_distance=0.912 capture=0.309 score=0.162 pol=-0.0002 val=0.0105 ent=0.9515 tot=+0.0016 agnorm=0.064 cgnorm=0.056 kl=0.0004 clipf=0.002 ev=+0.922 r0=1.0000 entcoef=3.61e-03 lr=2.1e-04 seed=4
iter= 444 step=1424000 ep_ret=+98.084 opt_ret=+98.084 step_rew=0.9808 opt_step=0.9808 gap0=0.000 dret=+836.337 eval_ret=n/a pursuer_target_distance=0.799 capture=0.339 score=0.188 pol=-0.0005 val=0.0103 ent=0.9690 tot=+0.0012 agnorm=0.095 cgnorm=0.046 kl=0.0012 clipf=0.007 ev=+0.930 r0=1.0000 entcoef=3.60e-03 lr=2.1e-04 seed=4
iter= 445 step=1427200 ep_ret=+88.916 opt_ret=+88.916 step_rew=0.8892 opt_step=0.8892 gap0=0.000 dret=+827.169 eval_ret=n/a pursuer_target_distance=1.049 capture=0.332 score=0.162 pol=-0.0004 val=0.0117 ent=0.9543 tot=+0.0021 agnorm=0.120 cgnorm=0.067 kl=0.0009 clipf=0.008 ev=+0.913 r0=1.0000 entcoef=3.58e-03 lr=2.1e-04 seed=4
iter= 446 step=1430400 ep_ret=+179.552 opt_ret=+179.552 step_rew=1.7955 opt_step=1.7955 gap0=0.000 dret=+917.806 eval_ret=n/a pursuer_target_distance=0.764 capture=0.376 score=0.213 pol=-0.0003 val=0.0095 ent=0.9743 tot=+0.0009 agnorm=0.074 cgnorm=0.050 kl=0.0008 clipf=0.005 ev=+0.911 r0=1.0000 entcoef=3.57e-03 lr=2.1e-04 seed=4
iter= 447 step=1433600 ep_ret=+41.780 opt_ret=+41.780 step_rew=0.4178 opt_step=0.4178 gap0=0.000 dret=+780.034 eval_ret=n/a pursuer_target_distance=1.212 capture=0.306 score=0.138 pol=-0.0004 val=0.0084 ent=0.9378 tot=+0.0005 agnorm=0.072 cgnorm=0.043 kl=0.0009 clipf=0.005 ev=+0.950 r0=1.0000 entcoef=3.55e-03 lr=2.1e-04 seed=4
iter= 448 step=1436800 ep_ret=+5.996 opt_ret=+5.996 step_rew=0.0600 opt_step=0.0600 gap0=0.000 dret=+744.249 eval_ret=n/a pursuer_target_distance=1.178 capture=0.278 score=0.127 pol=-0.0002 val=0.0100 ent=0.9322 tot=+0.0015 agnorm=0.040 cgnorm=0.058 kl=0.0004 clipf=0.000 ev=+0.923 r0=1.0000 entcoef=3.54e-03 lr=2.0e-04 seed=4
iter= 449 step=1440000 ep_ret=+131.044 opt_ret=+131.044 step_rew=1.3104 opt_step=1.3104 gap0=0.000 dret=+869.297 eval_ret=n/a pursuer_target_distance=0.703 capture=0.335 score=0.196 pol=-0.0003 val=0.0071 ent=0.9432 tot=-0.0000 agnorm=0.074 cgnorm=0.043 kl=0.0006 clipf=0.002 ev=+0.938 r0=1.0000 entcoef=3.52e-03 lr=2.0e-04 seed=4
iter= 450 step=1443200 ep_ret=+63.364 opt_ret=+63.364 step_rew=0.6336 opt_step=0.6336 gap0=0.000 dret=+801.617 eval_ret=n/a pursuer_target_distance=0.967 capture=0.315 score=0.160 pol=-0.0003 val=0.0089 ent=0.9149 tot=+0.0009 agnorm=0.090 cgnorm=0.045 kl=0.0008 clipf=0.005 ev=+0.931 r0=1.0000 entcoef=3.51e-03 lr=2.0e-04 seed=4
iter= 451 step=1446400 ep_ret=-23.890 opt_ret=-23.890 step_rew=-0.2389 opt_step=-0.2389 gap0=23.890 dret=+714.364 eval_ret=n/a pursuer_target_distance=1.240 capture=0.265 score=0.118 pol=-0.0007 val=0.0094 ent=0.9292 tot=+0.0008 agnorm=0.122 cgnorm=0.055 kl=0.0011 clipf=0.008 ev=+0.943 r0=1.0000 entcoef=3.50e-03 lr=2.0e-04 seed=4
iter= 452 step=1449600 ep_ret=+169.560 opt_ret=+169.560 step_rew=1.6956 opt_step=1.6956 gap0=0.000 dret=+907.814 eval_ret=n/a pursuer_target_distance=0.714 capture=0.369 score=0.215 pol=-0.0009 val=0.0099 ent=0.9490 tot=+0.0007 agnorm=0.121 cgnorm=0.048 kl=0.0017 clipf=0.014 ev=+0.909 r0=1.0000 entcoef=3.48e-03 lr=2.0e-04 seed=4
iter= 453 step=1452800 ep_ret=+96.388 opt_ret=+96.388 step_rew=0.9639 opt_step=0.9639 gap0=0.000 dret=+834.641 eval_ret=n/a pursuer_target_distance=0.853 capture=0.323 score=0.174 pol=-0.0005 val=0.0094 ent=0.9408 tot=+0.0010 agnorm=0.098 cgnorm=0.043 kl=0.0008 clipf=0.003 ev=+0.919 r0=1.0000 entcoef=3.47e-03 lr=2.0e-04 seed=4
iter= 454 step=1456000 ep_ret=+103.025 opt_ret=+103.025 step_rew=1.0303 opt_step=1.0303 gap0=0.000 dret=+841.279 eval_ret=n/a pursuer_target_distance=1.061 capture=0.343 score=0.166 pol=-0.0002 val=0.0095 ent=0.9421 tot=+0.0014 agnorm=0.072 cgnorm=0.045 kl=0.0008 clipf=0.005 ev=+0.933 r0=1.0000 entcoef=3.45e-03 lr=2.0e-04 seed=4
iter= 455 step=1459200 ep_ret=+104.435 opt_ret=+104.435 step_rew=1.0443 opt_step=1.0443 gap0=0.000 dret=+842.688 eval_ret=n/a pursuer_target_distance=1.121 capture=0.344 score=0.162 pol=-0.0003 val=0.0086 ent=0.9138 tot=+0.0008 agnorm=0.057 cgnorm=0.054 kl=0.0005 clipf=0.001 ev=+0.932 r0=1.0000 entcoef=3.44e-03 lr=2.0e-04 seed=4
iter= 456 step=1462400 ep_ret=+144.091 opt_ret=+144.091 step_rew=1.4409 opt_step=1.4409 gap0=0.000 dret=+882.345 eval_ret=n/a pursuer_target_distance=0.881 capture=0.356 score=0.189 pol=-0.0004 val=0.0099 ent=0.9426 tot=+0.0013 agnorm=0.070 cgnorm=0.048 kl=0.0010 clipf=0.005 ev=+0.906 r0=1.0000 entcoef=3.42e-03 lr=2.0e-04 seed=4
iter= 457 step=1465600 ep_ret=+71.763 opt_ret=+71.763 step_rew=0.7176 opt_step=0.7176 gap0=0.000 dret=+810.016 eval_ret=n/a pursuer_target_distance=0.505 capture=0.292 score=0.194 pol=-0.0002 val=0.0093 ent=0.9827 tot=+0.0011 agnorm=0.066 cgnorm=0.053 kl=0.0006 clipf=0.002 ev=+0.930 r0=1.0000 entcoef=3.41e-03 lr=1.9e-04 seed=4
iter= 458 step=1468800 ep_ret=+119.865 opt_ret=+119.865 step_rew=1.1986 opt_step=1.1986 gap0=0.000 dret=+858.118 eval_ret=n/a pursuer_target_distance=0.766 capture=0.332 score=0.188 pol=-0.0005 val=0.0103 ent=0.9428 tot=+0.0015 agnorm=0.098 cgnorm=0.077 kl=0.0007 clipf=0.003 ev=+0.912 r0=1.0000 entcoef=3.39e-03 lr=1.9e-04 seed=4
iter= 459 step=1472000 ep_ret=+97.699 opt_ret=+97.699 step_rew=0.9770 opt_step=0.9770 gap0=0.000 dret=+835.953 eval_ret=n/a pursuer_target_distance=0.928 capture=0.336 score=0.174 pol=-0.0005 val=0.0103 ent=0.9180 tot=+0.0016 agnorm=0.073 cgnorm=0.054 kl=0.0010 clipf=0.003 ev=+0.917 r0=1.0000 entcoef=3.38e-03 lr=1.9e-04 seed=4
iter= 460 step=1475200 ep_ret=+80.297 opt_ret=+80.297 step_rew=0.8030 opt_step=0.8030 gap0=0.000 dret=+818.550 eval_ret=-62.459 pursuer_target_distance=0.848 capture=0.319 score=0.173 pol=-0.0007 val=0.0074 ent=0.9132 tot=-0.0000 agnorm=0.142 cgnorm=0.047 kl=0.0012 clipf=0.007 ev=+0.943 r0=1.0000 entcoef=3.37e-03 lr=1.9e-04 seed=4
iter= 461 step=1478400 ep_ret=+44.063 opt_ret=+44.063 step_rew=0.4406 opt_step=0.4406 gap0=0.000 dret=+782.316 eval_ret=n/a pursuer_target_distance=0.840 capture=0.296 score=0.161 pol=-0.0005 val=0.0088 ent=0.9033 tot=+0.0009 agnorm=0.133 cgnorm=0.045 kl=0.0012 clipf=0.013 ev=+0.937 r0=1.0000 entcoef=3.35e-03 lr=1.9e-04 seed=4
iter= 462 step=1481600 ep_ret=+131.541 opt_ret=+131.541 step_rew=1.3154 opt_step=1.3154 gap0=0.000 dret=+869.795 eval_ret=n/a pursuer_target_distance=0.842 capture=0.353 score=0.192 pol=-0.0004 val=0.0079 ent=0.9239 tot=+0.0004 agnorm=0.117 cgnorm=0.067 kl=0.0009 clipf=0.005 ev=+0.944 r0=1.0000 entcoef=3.34e-03 lr=1.9e-04 seed=4
iter= 463 step=1484800 ep_ret=+96.110 opt_ret=+96.110 step_rew=0.9611 opt_step=0.9611 gap0=0.000 dret=+834.364 eval_ret=n/a pursuer_target_distance=0.714 capture=0.319 score=0.186 pol=-0.0004 val=0.0070 ent=0.8953 tot=+0.0002 agnorm=0.084 cgnorm=0.039 kl=0.0007 clipf=0.004 ev=+0.938 r0=1.0000 entcoef=3.32e-03 lr=1.9e-04 seed=4
iter= 464 step=1488000 ep_ret=+53.794 opt_ret=+53.794 step_rew=0.5379 opt_step=0.5379 gap0=0.000 dret=+792.048 eval_ret=n/a pursuer_target_distance=0.973 capture=0.306 score=0.155 pol=-0.0004 val=0.0103 ent=0.9020 tot=+0.0018 agnorm=0.119 cgnorm=0.057 kl=0.0010 clipf=0.006 ev=+0.927 r0=1.0000 entcoef=3.31e-03 lr=1.9e-04 seed=4
iter= 465 step=1491200 ep_ret=+111.108 opt_ret=+111.108 step_rew=1.1111 opt_step=1.1111 gap0=0.000 dret=+849.361 eval_ret=n/a pursuer_target_distance=0.753 capture=0.325 score=0.185 pol=-0.0008 val=0.0096 ent=0.9084 tot=+0.0011 agnorm=0.087 cgnorm=0.062 kl=0.0012 clipf=0.005 ev=+0.914 r0=1.0000 entcoef=3.29e-03 lr=1.9e-04 seed=4
iter= 466 step=1494400 ep_ret=+239.485 opt_ret=+239.485 step_rew=2.3949 opt_step=2.3949 gap0=0.000 dret=+977.739 eval_ret=n/a pursuer_target_distance=0.751 capture=0.418 score=0.239 pol=-0.0003 val=0.0063 ent=0.9170 tot=-0.0002 agnorm=0.113 cgnorm=0.033 kl=0.0012 clipf=0.008 ev=+0.935 r0=1.0000 entcoef=3.28e-03 lr=1.8e-04 seed=4
iter= 467 step=1497600 ep_ret=+269.624 opt_ret=+269.624 step_rew=2.6962 opt_step=2.6962 gap0=0.000 dret=+1007.878 eval_ret=n/a pursuer_target_distance=0.723 capture=0.445 score=0.258 pol=-0.0001 val=0.0065 ent=0.9213 tot=+0.0001 agnorm=0.068 cgnorm=0.034 kl=0.0002 clipf=0.000 ev=+0.936 r0=1.0000 entcoef=3.26e-03 lr=1.8e-04 seed=4
iter= 468 step=1500800 ep_ret=+108.708 opt_ret=+108.708 step_rew=1.0871 opt_step=1.0871 gap0=0.000 dret=+846.962 eval_ret=n/a pursuer_target_distance=1.101 capture=0.349 score=0.166 pol=-0.0002 val=0.0091 ent=0.8953 tot=+0.0015 agnorm=0.074 cgnorm=0.044 kl=0.0008 clipf=0.006 ev=+0.924 r0=1.0000 entcoef=3.25e-03 lr=1.8e-04 seed=4
iter= 469 step=1504000 ep_ret=+76.215 opt_ret=+76.215 step_rew=0.7622 opt_step=0.7622 gap0=0.000 dret=+814.469 eval_ret=n/a pursuer_target_distance=0.781 capture=0.324 score=0.182 pol=-0.0004 val=0.0086 ent=0.8838 tot=+0.0010 agnorm=0.089 cgnorm=0.047 kl=0.0007 clipf=0.004 ev=+0.933 r0=1.0000 entcoef=3.24e-03 lr=1.8e-04 seed=4
iter= 470 step=1507200 ep_ret=+116.197 opt_ret=+116.197 step_rew=1.1620 opt_step=1.1620 gap0=0.000 dret=+854.451 eval_ret=n/a pursuer_target_distance=0.948 capture=0.352 score=0.181 pol=-0.0002 val=0.0087 ent=0.8943 tot=+0.0012 agnorm=0.064 cgnorm=0.045 kl=0.0007 clipf=0.004 ev=+0.933 r0=1.0000 entcoef=3.22e-03 lr=1.8e-04 seed=4
iter= 471 step=1510400 ep_ret=+54.491 opt_ret=+54.491 step_rew=0.5449 opt_step=0.5449 gap0=0.000 dret=+792.744 eval_ret=n/a pursuer_target_distance=1.145 capture=0.320 score=0.149 pol=-0.0006 val=0.0094 ent=0.8855 tot=+0.0012 agnorm=0.110 cgnorm=0.055 kl=0.0010 clipf=0.006 ev=+0.935 r0=1.0000 entcoef=3.21e-03 lr=1.8e-04 seed=4
iter= 472 step=1513600 ep_ret=+109.528 opt_ret=+109.528 step_rew=1.0953 opt_step=1.0953 gap0=0.000 dret=+847.781 eval_ret=n/a pursuer_target_distance=0.940 capture=0.351 score=0.181 pol=-0.0004 val=0.0079 ent=0.8992 tot=+0.0007 agnorm=0.080 cgnorm=0.045 kl=0.0006 clipf=0.002 ev=+0.934 r0=1.0000 entcoef=3.19e-03 lr=1.8e-04 seed=4
iter= 473 step=1516800 ep_ret=+102.106 opt_ret=+102.106 step_rew=1.0211 opt_step=1.0211 gap0=0.000 dret=+840.359 eval_ret=n/a pursuer_target_distance=0.841 capture=0.332 score=0.180 pol=-0.0004 val=0.0100 ent=0.8926 tot=+0.0017 agnorm=0.098 cgnorm=0.047 kl=0.0010 clipf=0.007 ev=+0.907 r0=1.0000 entcoef=3.18e-03 lr=1.8e-04 seed=4
iter= 474 step=1520000 ep_ret=-15.867 opt_ret=-15.867 step_rew=-0.1587 opt_step=-0.1587 gap0=15.867 dret=+722.386 eval_ret=n/a pursuer_target_distance=1.159 capture=0.261 score=0.121 pol=-0.0007 val=0.0090 ent=0.8790 tot=+0.0010 agnorm=0.073 cgnorm=0.043 kl=0.0013 clipf=0.006 ev=+0.927 r0=1.0000 entcoef=3.16e-03 lr=1.8e-04 seed=4
iter= 475 step=1523200 ep_ret=+151.638 opt_ret=+151.638 step_rew=1.5164 opt_step=1.5164 gap0=0.000 dret=+889.892 eval_ret=n/a pursuer_target_distance=0.785 capture=0.364 score=0.204 pol=-0.0005 val=0.0070 ent=0.9106 tot=+0.0002 agnorm=0.095 cgnorm=0.042 kl=0.0014 clipf=0.006 ev=+0.939 r0=1.0000 entcoef=3.15e-03 lr=1.7e-04 seed=4
iter= 476 step=1526400 ep_ret=+106.763 opt_ret=+106.763 step_rew=1.0676 opt_step=1.0676 gap0=0.000 dret=+845.016 eval_ret=n/a pursuer_target_distance=0.962 capture=0.345 score=0.176 pol=-0.0004 val=0.0091 ent=0.8956 tot=+0.0014 agnorm=0.050 cgnorm=0.046 kl=0.0006 clipf=0.002 ev=+0.919 r0=1.0000 entcoef=3.13e-03 lr=1.7e-04 seed=4
iter= 477 step=1529600 ep_ret=+16.667 opt_ret=+16.667 step_rew=0.1667 opt_step=0.1667 gap0=0.000 dret=+754.920 eval_ret=n/a pursuer_target_distance=1.000 capture=0.302 score=0.151 pol=-0.0006 val=0.0073 ent=0.9143 tot=+0.0003 agnorm=0.125 cgnorm=0.048 kl=0.0009 clipf=0.005 ev=+0.950 r0=1.0000 entcoef=3.12e-03 lr=1.7e-04 seed=4
iter= 478 step=1532800 ep_ret=+199.789 opt_ret=+199.789 step_rew=1.9979 opt_step=1.9979 gap0=0.000 dret=+938.042 eval_ret=n/a pursuer_target_distance=0.785 capture=0.394 score=0.221 pol=-0.0007 val=0.0087 ent=0.8850 tot=+0.0009 agnorm=0.169 cgnorm=0.047 kl=0.0013 clipf=0.010 ev=+0.907 r0=1.0000 entcoef=3.11e-03 lr=1.7e-04 seed=4
iter= 479 step=1536000 ep_ret=+134.921 opt_ret=+134.921 step_rew=1.3492 opt_step=1.3492 gap0=0.000 dret=+873.175 eval_ret=n/a pursuer_target_distance=1.001 capture=0.359 score=0.180 pol=-0.0004 val=0.0077 ent=0.9009 tot=+0.0006 agnorm=0.099 cgnorm=0.040 kl=0.0011 clipf=0.006 ev=+0.934 r0=1.0000 entcoef=3.09e-03 lr=1.7e-04 seed=4
iter= 480 step=1539200 ep_ret=+73.861 opt_ret=+73.861 step_rew=0.7386 opt_step=0.7386 gap0=0.000 dret=+812.115 eval_ret=-62.420 pursuer_target_distance=0.896 capture=0.322 score=0.170 pol=-0.0005 val=0.0090 ent=0.8773 tot=+0.0013 agnorm=0.097 cgnorm=0.043 kl=0.0011 clipf=0.007 ev=+0.923 r0=1.0000 entcoef=3.08e-03 lr=1.7e-04 seed=4
iter= 481 step=1542400 ep_ret=+66.366 opt_ret=+66.366 step_rew=0.6637 opt_step=0.6637 gap0=0.000 dret=+804.620 eval_ret=n/a pursuer_target_distance=0.731 capture=0.314 score=0.181 pol=-0.0005 val=0.0081 ent=0.8881 tot=+0.0008 agnorm=0.096 cgnorm=0.052 kl=0.0012 clipf=0.007 ev=+0.934 r0=1.0000 entcoef=3.06e-03 lr=1.7e-04 seed=4
iter= 482 step=1545600 ep_ret=+106.774 opt_ret=+106.774 step_rew=1.0677 opt_step=1.0677 gap0=0.000 dret=+845.027 eval_ret=n/a pursuer_target_distance=0.786 capture=0.341 score=0.191 pol=-0.0006 val=0.0086 ent=0.8869 tot=+0.0010 agnorm=0.126 cgnorm=0.047 kl=0.0012 clipf=0.009 ev=+0.929 r0=1.0000 entcoef=3.05e-03 lr=1.7e-04 seed=4
iter= 483 step=1548800 ep_ret=+143.371 opt_ret=+143.371 step_rew=1.4337 opt_step=1.4337 gap0=0.000 dret=+881.624 eval_ret=n/a pursuer_target_distance=0.753 capture=0.363 score=0.207 pol=-0.0002 val=0.0068 ent=0.8934 tot=+0.0005 agnorm=0.098 cgnorm=0.037 kl=0.0008 clipf=0.005 ev=+0.942 r0=1.0000 entcoef=3.03e-03 lr=1.7e-04 seed=4
iter= 484 step=1552000 ep_ret=+48.983 opt_ret=+48.983 step_rew=0.4898 opt_step=0.4898 gap0=0.000 dret=+787.237 eval_ret=n/a pursuer_target_distance=1.082 capture=0.299 score=0.144 pol=-0.0005 val=0.0067 ent=0.8611 tot=+0.0002 agnorm=0.111 cgnorm=0.030 kl=0.0013 clipf=0.007 ev=+0.944 r0=1.0000 entcoef=3.02e-03 lr=1.6e-04 seed=4
iter= 485 step=1555200 ep_ret=+100.669 opt_ret=+100.669 step_rew=1.0067 opt_step=1.0067 gap0=0.000 dret=+838.923 eval_ret=n/a pursuer_target_distance=0.986 capture=0.332 score=0.167 pol=-0.0003 val=0.0100 ent=0.8839 tot=+0.0021 agnorm=0.109 cgnorm=0.043 kl=0.0007 clipf=0.003 ev=+0.914 r0=1.0000 entcoef=3.00e-03 lr=1.6e-04 seed=4
iter= 486 step=1558400 ep_ret=+143.619 opt_ret=+143.619 step_rew=1.4362 opt_step=1.4362 gap0=0.000 dret=+881.873 eval_ret=n/a pursuer_target_distance=0.859 capture=0.362 score=0.195 pol=-0.0003 val=0.0090 ent=0.8996 tot=+0.0015 agnorm=0.083 cgnorm=0.044 kl=0.0009 clipf=0.005 ev=+0.925 r0=1.0000 entcoef=2.99e-03 lr=1.6e-04 seed=4
iter= 487 step=1561600 ep_ret=+100.451 opt_ret=+100.451 step_rew=1.0045 opt_step=1.0045 gap0=0.000 dret=+838.705 eval_ret=n/a pursuer_target_distance=0.692 capture=0.340 score=0.201 pol=-0.0004 val=0.0090 ent=0.8965 tot=+0.0014 agnorm=0.130 cgnorm=0.046 kl=0.0007 clipf=0.004 ev=+0.937 r0=1.0000 entcoef=2.98e-03 lr=1.6e-04 seed=4
iter= 488 step=1564800 ep_ret=+147.186 opt_ret=+147.186 step_rew=1.4719 opt_step=1.4719 gap0=0.000 dret=+885.440 eval_ret=n/a pursuer_target_distance=0.506 capture=0.353 score=0.234 pol=-0.0004 val=0.0088 ent=0.8796 tot=+0.0014 agnorm=0.130 cgnorm=0.046 kl=0.0008 clipf=0.007 ev=+0.924 r0=1.0000 entcoef=2.96e-03 lr=1.6e-04 seed=4
iter= 489 step=1568000 ep_ret=+71.375 opt_ret=+71.375 step_rew=0.7137 opt_step=0.7137 gap0=0.000 dret=+809.628 eval_ret=n/a pursuer_target_distance=0.945 capture=0.313 score=0.161 pol=-0.0003 val=0.0098 ent=0.8708 tot=+0.0020 agnorm=0.065 cgnorm=0.055 kl=0.0005 clipf=0.001 ev=+0.923 r0=1.0000 entcoef=2.95e-03 lr=1.6e-04 seed=4
iter= 490 step=1571200 ep_ret=+175.371 opt_ret=+175.371 step_rew=1.7537 opt_step=1.7537 gap0=0.000 dret=+913.624 eval_ret=n/a pursuer_target_distance=0.713 capture=0.375 score=0.219 pol=-0.0004 val=0.0069 ent=0.8659 tot=+0.0004 agnorm=0.094 cgnorm=0.055 kl=0.0008 clipf=0.004 ev=+0.939 r0=1.0000 entcoef=2.93e-03 lr=1.6e-04 seed=4
iter= 491 step=1574400 ep_ret=+67.145 opt_ret=+67.145 step_rew=0.6714 opt_step=0.6714 gap0=0.000 dret=+805.398 eval_ret=n/a pursuer_target_distance=0.838 capture=0.315 score=0.171 pol=-0.0006 val=0.0081 ent=0.8407 tot=+0.0010 agnorm=0.205 cgnorm=0.072 kl=0.0012 clipf=0.012 ev=+0.927 r0=1.0000 entcoef=2.92e-03 lr=1.6e-04 seed=4
iter= 492 step=1577600 ep_ret=+69.457 opt_ret=+69.457 step_rew=0.6946 opt_step=0.6946 gap0=0.000 dret=+807.710 eval_ret=n/a pursuer_target_distance=0.964 capture=0.326 score=0.166 pol=-0.0002 val=0.0075 ent=0.8225 tot=+0.0012 agnorm=0.049 cgnorm=0.038 kl=0.0004 clipf=0.001 ev=+0.939 r0=1.0000 entcoef=2.90e-03 lr=1.6e-04 seed=4
iter= 493 step=1580800 ep_ret=+157.146 opt_ret=+157.146 step_rew=1.5715 opt_step=1.5715 gap0=0.000 dret=+895.400 eval_ret=n/a pursuer_target_distance=0.689 capture=0.368 score=0.218 pol=-0.0003 val=0.0069 ent=0.8459 tot=+0.0006 agnorm=0.079 cgnorm=0.030 kl=0.0007 clipf=0.004 ev=+0.941 r0=1.0000 entcoef=2.89e-03 lr=1.5e-04 seed=4
iter= 494 step=1584000 ep_ret=+56.958 opt_ret=+56.958 step_rew=0.5696 opt_step=0.5696 gap0=0.000 dret=+795.211 eval_ret=n/a pursuer_target_distance=0.791 capture=0.310 score=0.173 pol=-0.0004 val=0.0074 ent=0.8350 tot=+0.0009 agnorm=0.167 cgnorm=0.051 kl=0.0009 clipf=0.006 ev=+0.934 r0=1.0000 entcoef=2.87e-03 lr=1.5e-04 seed=4
iter= 495 step=1587200 ep_ret=+65.027 opt_ret=+65.027 step_rew=0.6503 opt_step=0.6503 gap0=0.000 dret=+803.281 eval_ret=n/a pursuer_target_distance=1.034 capture=0.318 score=0.157 pol=-0.0005 val=0.0084 ent=0.8390 tot=+0.0013 agnorm=0.162 cgnorm=0.037 kl=0.0010 clipf=0.009 ev=+0.934 r0=1.0000 entcoef=2.86e-03 lr=1.5e-04 seed=4
iter= 496 step=1590400 ep_ret=+151.645 opt_ret=+151.645 step_rew=1.5165 opt_step=1.5165 gap0=0.000 dret=+889.899 eval_ret=n/a pursuer_target_distance=0.599 capture=0.359 score=0.224 pol=-0.0002 val=0.0087 ent=0.8464 tot=+0.0017 agnorm=0.047 cgnorm=0.039 kl=0.0002 clipf=0.000 ev=+0.916 r0=1.0000 entcoef=2.85e-03 lr=1.5e-04 seed=4
iter= 497 step=1593600 ep_ret=+81.454 opt_ret=+81.454 step_rew=0.8145 opt_step=0.8145 gap0=0.000 dret=+819.707 eval_ret=n/a pursuer_target_distance=1.109 capture=0.327 score=0.155 pol=-0.0006 val=0.0098 ent=0.8457 tot=+0.0019 agnorm=0.131 cgnorm=0.064 kl=0.0010 clipf=0.004 ev=+0.915 r0=1.0000 entcoef=2.83e-03 lr=1.5e-04 seed=4
iter= 498 step=1596800 ep_ret=+133.037 opt_ret=+133.037 step_rew=1.3304 opt_step=1.3304 gap0=0.000 dret=+871.290 eval_ret=n/a pursuer_target_distance=0.724 capture=0.345 score=0.200 pol=-0.0002 val=0.0077 ent=0.8320 tot=+0.0013 agnorm=0.090 cgnorm=0.046 kl=0.0007 clipf=0.002 ev=+0.929 r0=1.0000 entcoef=2.82e-03 lr=1.5e-04 seed=4
iter= 499 step=1600000 ep_ret=+58.520 opt_ret=+58.520 step_rew=0.5852 opt_step=0.5852 gap0=0.000 dret=+796.774 eval_ret=n/a pursuer_target_distance=0.789 capture=0.313 score=0.175 pol=-0.0003 val=0.0083 ent=0.8337 tot=+0.0015 agnorm=0.117 cgnorm=0.047 kl=0.0007 clipf=0.002 ev=+0.933 r0=1.0000 entcoef=2.80e-03 lr=1.5e-04 seed=4
iter= 500 step=1603200 ep_ret=+188.035 opt_ret=+188.035 step_rew=1.8804 opt_step=1.8804 gap0=0.000 dret=+926.289 eval_ret=-65.072 pursuer_target_distance=0.623 capture=0.379 score=0.234 pol=-0.0003 val=0.0072 ent=0.8393 tot=+0.0009 agnorm=0.090 cgnorm=0.053 kl=0.0009 clipf=0.005 ev=+0.922 r0=1.0000 entcoef=2.79e-03 lr=1.5e-04 seed=4
iter= 501 step=1606400 ep_ret=+107.260 opt_ret=+107.260 step_rew=1.0726 opt_step=1.0726 gap0=0.000 dret=+845.514 eval_ret=n/a pursuer_target_distance=1.381 capture=0.369 score=0.155 pol=-0.0008 val=0.0083 ent=0.8118 tot=+0.0011 agnorm=0.124 cgnorm=0.038 kl=0.0010 clipf=0.006 ev=+0.941 r0=1.0000 entcoef=2.77e-03 lr=1.5e-04 seed=4
iter= 502 step=1609600 ep_ret=+87.864 opt_ret=+87.864 step_rew=0.8786 opt_step=0.8786 gap0=0.000 dret=+826.117 eval_ret=n/a pursuer_target_distance=1.038 capture=0.333 score=0.163 pol=-0.0004 val=0.0075 ent=0.8260 tot=+0.0011 agnorm=0.066 cgnorm=0.033 kl=0.0011 clipf=0.004 ev=+0.933 r0=1.0000 entcoef=2.76e-03 lr=1.4e-04 seed=4
iter= 503 step=1612800 ep_ret=+249.299 opt_ret=+249.299 step_rew=2.4930 opt_step=2.4930 gap0=0.000 dret=+987.552 eval_ret=n/a pursuer_target_distance=0.657 capture=0.435 score=0.263 pol=-0.0006 val=0.0062 ent=0.8346 tot=+0.0002 agnorm=0.116 cgnorm=0.057 kl=0.0009 clipf=0.004 ev=+0.938 r0=1.0000 entcoef=2.75e-03 lr=1.4e-04 seed=4
iter= 504 step=1616000 ep_ret=+84.470 opt_ret=+84.470 step_rew=0.8447 opt_step=0.8447 gap0=0.000 dret=+822.723 eval_ret=n/a pursuer_target_distance=1.018 capture=0.326 score=0.161 pol=-0.0002 val=0.0070 ent=0.7889 tot=+0.0011 agnorm=0.073 cgnorm=0.031 kl=0.0004 clipf=0.001 ev=+0.938 r0=1.0000 entcoef=2.73e-03 lr=1.4e-04 seed=4
iter= 505 step=1619200 ep_ret=+223.787 opt_ret=+223.787 step_rew=2.2379 opt_step=2.2379 gap0=0.000 dret=+962.040 eval_ret=n/a pursuer_target_distance=0.740 capture=0.421 score=0.242 pol=-0.0004 val=0.0071 ent=0.8421 tot=+0.0009 agnorm=0.087 cgnorm=0.044 kl=0.0006 clipf=0.002 ev=+0.926 r0=1.0000 entcoef=2.72e-03 lr=1.4e-04 seed=4
iter= 506 step=1622400 ep_ret=+123.538 opt_ret=+123.538 step_rew=1.2354 opt_step=1.2354 gap0=0.000 dret=+861.792 eval_ret=n/a pursuer_target_distance=0.766 capture=0.353 score=0.200 pol=-0.0004 val=0.0074 ent=0.8039 tot=+0.0011 agnorm=0.096 cgnorm=0.038 kl=0.0008 clipf=0.003 ev=+0.927 r0=1.0000 entcoef=2.70e-03 lr=1.4e-04 seed=4
iter= 507 step=1625600 ep_ret=+211.861 opt_ret=+211.861 step_rew=2.1186 opt_step=2.1186 gap0=0.000 dret=+950.114 eval_ret=n/a pursuer_target_distance=0.979 capture=0.413 score=0.209 pol=-0.0003 val=0.0078 ent=0.8329 tot=+0.0014 agnorm=0.074 cgnorm=0.040 kl=0.0007 clipf=0.003 ev=+0.925 r0=1.0000 entcoef=2.69e-03 lr=1.4e-04 seed=4
iter= 508 step=1628800 ep_ret=+132.779 opt_ret=+132.779 step_rew=1.3278 opt_step=1.3278 gap0=0.000 dret=+871.032 eval_ret=n/a pursuer_target_distance=0.811 capture=0.348 score=0.192 pol=-0.0004 val=0.0065 ent=0.7995 tot=+0.0007 agnorm=0.111 cgnorm=0.034 kl=0.0006 clipf=0.004 ev=+0.932 r0=1.0000 entcoef=2.67e-03 lr=1.4e-04 seed=4
iter= 509 step=1632000 ep_ret=+99.103 opt_ret=+99.103 step_rew=0.9910 opt_step=0.9910 gap0=0.000 dret=+837.356 eval_ret=n/a pursuer_target_distance=0.844 capture=0.339 score=0.184 pol=-0.0002 val=0.0068 ent=0.8119 tot=+0.0011 agnorm=0.054 cgnorm=0.028 kl=0.0002 clipf=0.000 ev=+0.939 r0=1.0000 entcoef=2.66e-03 lr=1.4e-04 seed=4
iter= 510 step=1635200 ep_ret=+192.290 opt_ret=+192.290 step_rew=1.9229 opt_step=1.9229 gap0=0.000 dret=+930.544 eval_ret=n/a pursuer_target_distance=0.870 capture=0.404 score=0.216 pol=-0.0006 val=0.0071 ent=0.8379 tot=+0.0007 agnorm=0.181 cgnorm=0.036 kl=0.0014 clipf=0.013 ev=+0.932 r0=1.0000 entcoef=2.64e-03 lr=1.4e-04 seed=4
iter= 511 step=1638400 ep_ret=+186.005 opt_ret=+186.005 step_rew=1.8601 opt_step=1.8601 gap0=0.000 dret=+924.259 eval_ret=n/a pursuer_target_distance=0.633 capture=0.380 score=0.232 pol=-0.0003 val=0.0063 ent=0.8239 tot=+0.0007 agnorm=0.079 cgnorm=0.033 kl=0.0007 clipf=0.003 ev=+0.937 r0=1.0000 entcoef=2.63e-03 lr=1.3e-04 seed=4
iter= 512 step=1641600 ep_ret=+78.533 opt_ret=+78.533 step_rew=0.7853 opt_step=0.7853 gap0=0.000 dret=+816.786 eval_ret=n/a pursuer_target_distance=0.990 capture=0.331 score=0.166 pol=-0.0002 val=0.0063 ent=0.8071 tot=+0.0008 agnorm=0.086 cgnorm=0.028 kl=0.0004 clipf=0.002 ev=+0.946 r0=1.0000 entcoef=2.62e-03 lr=1.3e-04 seed=4
iter= 513 step=1644800 ep_ret=+242.326 opt_ret=+242.326 step_rew=2.4233 opt_step=2.4233 gap0=0.000 dret=+980.579 eval_ret=n/a pursuer_target_distance=0.630 capture=0.419 score=0.257 pol=-0.0005 val=0.0071 ent=0.8342 tot=+0.0009 agnorm=0.108 cgnorm=0.039 kl=0.0008 clipf=0.005 ev=+0.915 r0=1.0000 entcoef=2.60e-03 lr=1.3e-04 seed=4
iter= 514 step=1648000 ep_ret=+47.472 opt_ret=+47.472 step_rew=0.4747 opt_step=0.4747 gap0=0.000 dret=+785.726 eval_ret=n/a pursuer_target_distance=1.073 capture=0.306 score=0.148 pol=-0.0004 val=0.0073 ent=0.8006 tot=+0.0012 agnorm=0.099 cgnorm=0.041 kl=0.0005 clipf=0.002 ev=+0.932 r0=1.0000 entcoef=2.59e-03 lr=1.3e-04 seed=4
iter= 515 step=1651200 ep_ret=+197.857 opt_ret=+197.857 step_rew=1.9786 opt_step=1.9786 gap0=0.000 dret=+936.110 eval_ret=n/a pursuer_target_distance=0.907 capture=0.401 score=0.210 pol=-0.0002 val=0.0067 ent=0.8322 tot=+0.0010 agnorm=0.111 cgnorm=0.029 kl=0.0007 clipf=0.003 ev=+0.926 r0=1.0000 entcoef=2.57e-03 lr=1.3e-04 seed=4
iter= 516 step=1654400 ep_ret=+210.761 opt_ret=+210.761 step_rew=2.1076 opt_step=2.1076 gap0=0.000 dret=+949.014 eval_ret=n/a pursuer_target_distance=0.676 capture=0.405 score=0.242 pol=-0.0003 val=0.0078 ent=0.8366 tot=+0.0015 agnorm=0.069 cgnorm=0.055 kl=0.0007 clipf=0.004 ev=+0.931 r0=1.0000 entcoef=2.56e-03 lr=1.3e-04 seed=4
iter= 517 step=1657600 ep_ret=+123.535 opt_ret=+123.535 step_rew=1.2353 opt_step=1.2353 gap0=0.000 dret=+861.788 eval_ret=n/a pursuer_target_distance=0.679 capture=0.346 score=0.206 pol=-0.0004 val=0.0083 ent=0.8124 tot=+0.0017 agnorm=0.132 cgnorm=0.037 kl=0.0007 clipf=0.006 ev=+0.916 r0=1.0000 entcoef=2.54e-03 lr=1.3e-04 seed=4
iter= 518 step=1660800 ep_ret=+96.609 opt_ret=+96.609 step_rew=0.9661 opt_step=0.9661 gap0=0.000 dret=+834.862 eval_ret=n/a pursuer_target_distance=0.894 capture=0.332 score=0.175 pol=-0.0002 val=0.0084 ent=0.8211 tot=+0.0019 agnorm=0.040 cgnorm=0.047 kl=0.0002 clipf=0.000 ev=+0.929 r0=1.0000 entcoef=2.53e-03 lr=1.3e-04 seed=4
iter= 519 step=1664000 ep_ret=+105.258 opt_ret=+105.258 step_rew=1.0526 opt_step=1.0526 gap0=0.000 dret=+843.511 eval_ret=n/a pursuer_target_distance=0.958 capture=0.347 score=0.177 pol=-0.0002 val=0.0072 ent=0.8040 tot=+0.0014 agnorm=0.077 cgnorm=0.044 kl=0.0004 clipf=0.001 ev=+0.926 r0=1.0000 entcoef=2.51e-03 lr=1.3e-04 seed=4
iter= 520 step=1667200 ep_ret=+134.405 opt_ret=+134.405 step_rew=1.3441 opt_step=1.3441 gap0=0.000 dret=+872.659 eval_ret=-59.907 pursuer_target_distance=0.942 capture=0.362 score=0.187 pol=-0.0007 val=0.0067 ent=0.8107 tot=+0.0006 agnorm=0.190 cgnorm=0.038 kl=0.0012 clipf=0.010 ev=+0.937 r0=1.0000 entcoef=2.50e-03 lr=1.3e-04 seed=4
iter= 521 step=1670400 ep_ret=+75.534 opt_ret=+75.534 step_rew=0.7553 opt_step=0.7553 gap0=0.000 dret=+813.787 eval_ret=n/a pursuer_target_distance=0.948 capture=0.316 score=0.162 pol=-0.0003 val=0.0071 ent=0.8066 tot=+0.0012 agnorm=0.123 cgnorm=0.038 kl=0.0010 clipf=0.008 ev=+0.940 r0=1.0000 entcoef=2.49e-03 lr=1.2e-04 seed=4
iter= 522 step=1673600 ep_ret=+35.591 opt_ret=+35.591 step_rew=0.3559 opt_step=0.3559 gap0=0.000 dret=+773.844 eval_ret=n/a pursuer_target_distance=0.803 capture=0.293 score=0.162 pol=-0.0006 val=0.0074 ent=0.7914 tot=+0.0012 agnorm=0.100 cgnorm=0.036 kl=0.0009 clipf=0.005 ev=+0.932 r0=1.0000 entcoef=2.47e-03 lr=1.2e-04 seed=4
iter= 523 step=1676800 ep_ret=+120.743 opt_ret=+120.743 step_rew=1.2074 opt_step=1.2074 gap0=0.000 dret=+858.997 eval_ret=n/a pursuer_target_distance=0.940 capture=0.350 score=0.180 pol=-0.0006 val=0.0079 ent=0.7994 tot=+0.0013 agnorm=0.136 cgnorm=0.047 kl=0.0013 clipf=0.007 ev=+0.919 r0=1.0000 entcoef=2.46e-03 lr=1.2e-04 seed=4
iter= 524 step=1680000 ep_ret=+85.594 opt_ret=+85.594 step_rew=0.8559 opt_step=0.8559 gap0=0.000 dret=+823.848 eval_ret=n/a pursuer_target_distance=0.966 capture=0.330 score=0.168 pol=-0.0004 val=0.0071 ent=0.8073 tot=+0.0012 agnorm=0.077 cgnorm=0.028 kl=0.0006 clipf=0.002 ev=+0.939 r0=1.0000 entcoef=2.44e-03 lr=1.2e-04 seed=4
iter= 525 step=1683200 ep_ret=+122.513 opt_ret=+122.513 step_rew=1.2251 opt_step=1.2251 gap0=0.000 dret=+860.766 eval_ret=n/a pursuer_target_distance=0.992 capture=0.354 score=0.178 pol=-0.0002 val=0.0076 ent=0.7954 tot=+0.0016 agnorm=0.088 cgnorm=0.033 kl=0.0005 clipf=0.004 ev=+0.925 r0=1.0000 entcoef=2.43e-03 lr=1.2e-04 seed=4
iter= 526 step=1686400 ep_ret=+86.192 opt_ret=+86.192 step_rew=0.8619 opt_step=0.8619 gap0=0.000 dret=+824.446 eval_ret=n/a pursuer_target_distance=1.150 capture=0.331 score=0.154 pol=-0.0005 val=0.0063 ent=0.7984 tot=+0.0008 agnorm=0.163 cgnorm=0.034 kl=0.0010 clipf=0.009 ev=+0.936 r0=1.0000 entcoef=2.41e-03 lr=1.2e-04 seed=4
iter= 527 step=1689600 ep_ret=+87.722 opt_ret=+87.722 step_rew=0.8772 opt_step=0.8772 gap0=0.000 dret=+825.975 eval_ret=n/a pursuer_target_distance=1.009 capture=0.331 score=0.165 pol=-0.0002 val=0.0072 ent=0.8001 tot=+0.0015 agnorm=0.082 cgnorm=0.037 kl=0.0004 clipf=0.001 ev=+0.929 r0=1.0000 entcoef=2.40e-03 lr=1.2e-04 seed=4
iter= 528 step=1692800 ep_ret=+139.290 opt_ret=+139.290 step_rew=1.3929 opt_step=1.3929 gap0=0.000 dret=+877.544 eval_ret=n/a pursuer_target_distance=0.672 capture=0.350 score=0.209 pol=-0.0002 val=0.0063 ent=0.8245 tot=+0.0010 agnorm=0.077 cgnorm=0.035 kl=0.0003 clipf=0.000 ev=+0.938 r0=1.0000 entcoef=2.38e-03 lr=1.2e-04 seed=4
iter= 529 step=1696000 ep_ret=+274.985 opt_ret=+274.985 step_rew=2.7498 opt_step=2.7498 gap0=0.000 dret=+1013.238 eval_ret=n/a pursuer_target_distance=0.681 capture=0.451 score=0.268 pol=-0.0005 val=0.0075 ent=0.8396 tot=+0.0012 agnorm=0.068 cgnorm=0.036 kl=0.0009 clipf=0.003 ev=+0.909 r0=1.0000 entcoef=2.37e-03 lr=1.2e-04 seed=4
iter= 530 step=1699200 ep_ret=+110.445 opt_ret=+110.445 step_rew=1.1045 opt_step=1.1045 gap0=0.000 dret=+848.699 eval_ret=n/a pursuer_target_distance=0.910 capture=0.341 score=0.178 pol=-0.0005 val=0.0060 ent=0.8111 tot=+0.0006 agnorm=0.124 cgnorm=0.039 kl=0.0009 clipf=0.004 ev=+0.943 r0=1.0000 entcoef=2.36e-03 lr=1.1e-04 seed=4
iter= 531 step=1702400 ep_ret=+178.636 opt_ret=+178.636 step_rew=1.7864 opt_step=1.7864 gap0=0.000 dret=+916.890 eval_ret=n/a pursuer_target_distance=0.908 capture=0.383 score=0.201 pol=-0.0003 val=0.0083 ent=0.8249 tot=+0.0019 agnorm=0.108 cgnorm=0.046 kl=0.0007 clipf=0.004 ev=+0.912 r0=1.0000 entcoef=2.34e-03 lr=1.1e-04 seed=4
iter= 532 step=1705600 ep_ret=+82.164 opt_ret=+82.164 step_rew=0.8216 opt_step=0.8216 gap0=0.000 dret=+820.417 eval_ret=n/a pursuer_target_distance=0.767 capture=0.318 score=0.180 pol=-0.0002 val=0.0066 ent=0.8109 tot=+0.0012 agnorm=0.103 cgnorm=0.037 kl=0.0003 clipf=0.001 ev=+0.934 r0=1.0000 entcoef=2.33e-03 lr=1.1e-04 seed=4
iter= 533 step=1708800 ep_ret=+57.303 opt_ret=+57.303 step_rew=0.5730 opt_step=0.5730 gap0=0.000 dret=+795.557 eval_ret=n/a pursuer_target_distance=0.871 capture=0.302 score=0.161 pol=-0.0002 val=0.0072 ent=0.8188 tot=+0.0015 agnorm=0.051 cgnorm=0.030 kl=0.0002 clipf=0.000 ev=+0.933 r0=1.0000 entcoef=2.31e-03 lr=1.1e-04 seed=4
iter= 534 step=1712000 ep_ret=+84.738 opt_ret=+84.738 step_rew=0.8474 opt_step=0.8474 gap0=0.000 dret=+822.991 eval_ret=n/a pursuer_target_distance=0.734 capture=0.328 score=0.189 pol=-0.0004 val=0.0061 ent=0.8224 tot=+0.0008 agnorm=0.123 cgnorm=0.032 kl=0.0006 clipf=0.004 ev=+0.952 r0=1.0000 entcoef=2.30e-03 lr=1.1e-04 seed=4
iter= 535 step=1715200 ep_ret=+105.292 opt_ret=+105.292 step_rew=1.0529 opt_step=1.0529 gap0=0.000 dret=+843.545 eval_ret=n/a pursuer_target_distance=0.756 capture=0.343 score=0.195 pol=-0.0004 val=0.0064 ent=0.8175 tot=+0.0010 agnorm=0.135 cgnorm=0.038 kl=0.0008 clipf=0.006 ev=+0.939 r0=1.0000 entcoef=2.28e-03 lr=1.1e-04 seed=4
iter= 536 step=1718400 ep_ret=+163.684 opt_ret=+163.684 step_rew=1.6368 opt_step=1.6368 gap0=0.000 dret=+901.938 eval_ret=n/a pursuer_target_distance=1.033 capture=0.385 score=0.189 pol=-0.0003 val=0.0070 ent=0.8179 tot=+0.0014 agnorm=0.066 cgnorm=0.061 kl=0.0005 clipf=0.001 ev=+0.932 r0=1.0000 entcoef=2.27e-03 lr=1.1e-04 seed=4
iter= 537 step=1721600 ep_ret=+190.545 opt_ret=+190.545 step_rew=1.9054 opt_step=1.9054 gap0=0.000 dret=+928.798 eval_ret=n/a pursuer_target_distance=0.871 capture=0.398 score=0.213 pol=-0.0002 val=0.0067 ent=0.8308 tot=+0.0013 agnorm=0.069 cgnorm=0.037 kl=0.0005 clipf=0.000 ev=+0.936 r0=1.0000 entcoef=2.25e-03 lr=1.1e-04 seed=4
iter= 538 step=1724800 ep_ret=+153.983 opt_ret=+153.983 step_rew=1.5398 opt_step=1.5398 gap0=0.000 dret=+892.237 eval_ret=n/a pursuer_target_distance=0.670 capture=0.361 score=0.216 pol=-0.0005 val=0.0070 ent=0.8113 tot=+0.0012 agnorm=0.157 cgnorm=0.036 kl=0.0010 clipf=0.008 ev=+0.930 r0=1.0000 entcoef=2.24e-03 lr=1.1e-04 seed=4
iter= 539 step=1728000 ep_ret=+124.649 opt_ret=+124.649 step_rew=1.2465 opt_step=1.2465 gap0=0.000 dret=+862.903 eval_ret=n/a pursuer_target_distance=0.853 capture=0.354 score=0.191 pol=-0.0002 val=0.0077 ent=0.8211 tot=+0.0018 agnorm=0.066 cgnorm=0.050 kl=0.0005 clipf=0.003 ev=+0.925 r0=1.0000 entcoef=2.23e-03 lr=1.0e-04 seed=4
iter= 540 step=1731200 ep_ret=+131.944 opt_ret=+131.944 step_rew=1.3194 opt_step=1.3194 gap0=0.000 dret=+870.197 eval_ret=-61.294 pursuer_target_distance=0.888 capture=0.353 score=0.187 pol=-0.0003 val=0.0070 ent=0.8136 tot=+0.0014 agnorm=0.140 cgnorm=0.032 kl=0.0005 clipf=0.004 ev=+0.929 r0=1.0000 entcoef=2.21e-03 lr=1.0e-04 seed=4
iter= 541 step=1734400 ep_ret=+74.930 opt_ret=+74.930 step_rew=0.7493 opt_step=0.7493 gap0=0.000 dret=+813.183 eval_ret=n/a pursuer_target_distance=1.017 capture=0.325 score=0.161 pol=-0.0002 val=0.0076 ent=0.8037 tot=+0.0018 agnorm=0.058 cgnorm=0.032 kl=0.0003 clipf=0.001 ev=+0.929 r0=1.0000 entcoef=2.20e-03 lr=1.0e-04 seed=4
iter= 542 step=1737600 ep_ret=+74.727 opt_ret=+74.727 step_rew=0.7473 opt_step=0.7473 gap0=0.000 dret=+812.980 eval_ret=n/a pursuer_target_distance=1.095 capture=0.333 score=0.159 pol=-0.0002 val=0.0080 ent=0.7931 tot=+0.0021 agnorm=0.080 cgnorm=0.040 kl=0.0002 clipf=0.000 ev=+0.929 r0=1.0000 entcoef=2.18e-03 lr=1.0e-04 seed=4
iter= 543 step=1740800 ep_ret=+164.065 opt_ret=+164.065 step_rew=1.6407 opt_step=1.6407 gap0=0.000 dret=+902.319 eval_ret=n/a pursuer_target_distance=0.672 capture=0.369 score=0.221 pol=-0.0003 val=0.0070 ent=0.8266 tot=+0.0015 agnorm=0.109 cgnorm=0.041 kl=0.0006 clipf=0.004 ev=+0.923 r0=1.0000 entcoef=2.17e-03 lr=1.0e-04 seed=4
iter= 544 step=1744000 ep_ret=+78.721 opt_ret=+78.721 step_rew=0.7872 opt_step=0.7872 gap0=0.000 dret=+816.974 eval_ret=n/a pursuer_target_distance=0.923 capture=0.318 score=0.165 pol=-0.0002 val=0.0070 ent=0.8022 tot=+0.0016 agnorm=0.071 cgnorm=0.035 kl=0.0002 clipf=0.001 ev=+0.933 r0=1.0000 entcoef=2.15e-03 lr=9.8e-05 seed=4
iter= 545 step=1747200 ep_ret=+232.388 opt_ret=+232.388 step_rew=2.3239 opt_step=2.3239 gap0=0.000 dret=+970.641 eval_ret=n/a pursuer_target_distance=0.688 capture=0.407 score=0.241 pol=-0.0002 val=0.0075 ent=0.8247 tot=+0.0018 agnorm=0.071 cgnorm=0.043 kl=0.0003 clipf=0.001 ev=+0.911 r0=1.0000 entcoef=2.14e-03 lr=9.7e-05 seed=4
iter= 546 step=1750400 ep_ret=+96.805 opt_ret=+96.805 step_rew=0.9681 opt_step=0.9681 gap0=0.000 dret=+835.058 eval_ret=n/a pursuer_target_distance=0.780 capture=0.336 score=0.189 pol=-0.0002 val=0.0055 ent=0.8003 tot=+0.0008 agnorm=0.074 cgnorm=0.028 kl=0.0005 clipf=0.002 ev=+0.945 r0=1.0000 entcoef=2.13e-03 lr=9.6e-05 seed=4
iter= 547 step=1753600 ep_ret=+108.643 opt_ret=+108.643 step_rew=1.0864 opt_step=1.0864 gap0=0.000 dret=+846.897 eval_ret=n/a pursuer_target_distance=0.774 capture=0.336 score=0.189 pol=-0.0004 val=0.0061 ent=0.8037 tot=+0.0010 agnorm=0.070 cgnorm=0.032 kl=0.0005 clipf=0.002 ev=+0.932 r0=1.0000 entcoef=2.11e-03 lr=9.5e-05 seed=4
iter= 548 step=1756800 ep_ret=+97.313 opt_ret=+97.313 step_rew=0.9731 opt_step=0.9731 gap0=0.000 dret=+835.566 eval_ret=n/a pursuer_target_distance=0.858 capture=0.330 score=0.178 pol=-0.0002 val=0.0069 ent=0.7902 tot=+0.0017 agnorm=0.051 cgnorm=0.047 kl=0.0005 clipf=0.001 ev=+0.922 r0=1.0000 entcoef=2.10e-03 lr=9.4e-05 seed=4
iter= 549 step=1760000 ep_ret=+163.724 opt_ret=+163.724 step_rew=1.6372 opt_step=1.6372 gap0=0.000 dret=+901.978 eval_ret=n/a pursuer_target_distance=0.620 capture=0.364 score=0.225 pol=-0.0003 val=0.0056 ent=0.8097 tot=+0.0008 agnorm=0.132 cgnorm=0.035 kl=0.0004 clipf=0.002 ev=+0.937 r0=1.0000 entcoef=2.08e-03 lr=9.3e-05 seed=4
iter= 550 step=1763200 ep_ret=+149.255 opt_ret=+149.255 step_rew=1.4925 opt_step=1.4925 gap0=0.000 dret=+887.508 eval_ret=n/a pursuer_target_distance=0.758 capture=0.360 score=0.205 pol=-0.0004 val=0.0045 ent=0.8052 tot=+0.0002 agnorm=0.114 cgnorm=0.031 kl=0.0007 clipf=0.006 ev=+0.949 r0=1.0000 entcoef=2.07e-03 lr=9.2e-05 seed=4
iter= 551 step=1766400 ep_ret=+74.139 opt_ret=+74.139 step_rew=0.7414 opt_step=0.7414 gap0=0.000 dret=+812.393 eval_ret=n/a pursuer_target_distance=0.747 capture=0.312 score=0.178 pol=-0.0004 val=0.0071 ent=0.7755 tot=+0.0016 agnorm=0.086 cgnorm=0.040 kl=0.0004 clipf=0.002 ev=+0.925 r0=1.0000 entcoef=2.05e-03 lr=9.1e-05 seed=4
iter= 552 step=1769600 ep_ret=+131.352 opt_ret=+131.352 step_rew=1.3135 opt_step=1.3135 gap0=0.000 dret=+869.606 eval_ret=n/a pursuer_target_distance=0.999 capture=0.365 score=0.183 pol=-0.0004 val=0.0072 ent=0.8129 tot=+0.0015 agnorm=0.057 cgnorm=0.036 kl=0.0005 clipf=0.000 ev=+0.934 r0=1.0000 entcoef=2.04e-03 lr=9.0e-05 seed=4
iter= 553 step=1772800 ep_ret=+81.523 opt_ret=+81.523 step_rew=0.8152 opt_step=0.8152 gap0=0.000 dret=+819.777 eval_ret=n/a pursuer_target_distance=0.850 capture=0.333 score=0.180 pol=-0.0004 val=0.0062 ent=0.8025 tot=+0.0011 agnorm=0.108 cgnorm=0.030 kl=0.0009 clipf=0.004 ev=+0.949 r0=1.0000 entcoef=2.02e-03 lr=8.9e-05 seed=4
iter= 554 step=1776000 ep_ret=+75.622 opt_ret=+75.622 step_rew=0.7562 opt_step=0.7562 gap0=0.000 dret=+813.876 eval_ret=n/a pursuer_target_distance=0.786 capture=0.322 score=0.180 pol=-0.0003 val=0.0067 ent=0.7972 tot=+0.0014 agnorm=0.086 cgnorm=0.037 kl=0.0004 clipf=0.001 ev=+0.933 r0=1.0000 entcoef=2.01e-03 lr=8.7e-05 seed=4
iter= 555 step=1779200 ep_ret=+97.974 opt_ret=+97.974 step_rew=0.9797 opt_step=0.9797 gap0=0.000 dret=+836.227 eval_ret=n/a pursuer_target_distance=1.037 capture=0.347 score=0.170 pol=-0.0004 val=0.0068 ent=0.7935 tot=+0.0014 agnorm=0.085 cgnorm=0.032 kl=0.0005 clipf=0.001 ev=+0.937 r0=1.0000 entcoef=2.00e-03 lr=8.6e-05 seed=4
iter= 556 step=1782400 ep_ret=+215.788 opt_ret=+215.788 step_rew=2.1579 opt_step=2.1579 gap0=0.000 dret=+954.042 eval_ret=n/a pursuer_target_distance=0.715 capture=0.403 score=0.235 pol=-0.0004 val=0.0057 ent=0.8286 tot=+0.0008 agnorm=0.054 cgnorm=0.029 kl=0.0005 clipf=0.002 ev=+0.925 r0=1.0000 entcoef=1.98e-03 lr=8.5e-05 seed=4
iter= 557 step=1785600 ep_ret=+168.716 opt_ret=+168.716 step_rew=1.6872 opt_step=1.6872 gap0=0.000 dret=+906.969 eval_ret=n/a pursuer_target_distance=0.749 capture=0.377 score=0.215 pol=-0.0002 val=0.0062 ent=0.8332 tot=+0.0012 agnorm=0.074 cgnorm=0.033 kl=0.0003 clipf=0.000 ev=+0.928 r0=1.0000 entcoef=1.97e-03 lr=8.4e-05 seed=4
iter= 558 step=1788800 ep_ret=+163.047 opt_ret=+163.047 step_rew=1.6305 opt_step=1.6305 gap0=0.000 dret=+901.301 eval_ret=n/a pursuer_target_distance=0.882 capture=0.378 score=0.201 pol=-0.0003 val=0.0071 ent=0.8209 tot=+0.0017 agnorm=0.073 cgnorm=0.050 kl=0.0004 clipf=0.001 ev=+0.921 r0=1.0000 entcoef=1.95e-03 lr=8.3e-05 seed=4
iter= 559 step=1792000 ep_ret=-3.679 opt_ret=-3.679 step_rew=-0.0368 opt_step=-0.0368 gap0=3.679 dret=+734.575 eval_ret=n/a pursuer_target_distance=0.765 capture=0.269 score=0.152 pol=-0.0004 val=0.0069 ent=0.7790 tot=+0.0015 agnorm=0.073 cgnorm=0.043 kl=0.0005 clipf=0.001 ev=+0.939 r0=1.0000 entcoef=1.94e-03 lr=8.2e-05 seed=4
iter= 560 step=1795200 ep_ret=+111.136 opt_ret=+111.136 step_rew=1.1114 opt_step=1.1114 gap0=0.000 dret=+849.389 eval_ret=-66.649 pursuer_target_distance=1.086 capture=0.342 score=0.164 pol=-0.0004 val=0.0065 ent=0.8055 tot=+0.0013 agnorm=0.077 cgnorm=0.031 kl=0.0007 clipf=0.002 ev=+0.932 r0=1.0000 entcoef=1.92e-03 lr=8.1e-05 seed=4
iter= 561 step=1798400 ep_ret=+125.575 opt_ret=+125.575 step_rew=1.2557 opt_step=1.2557 gap0=0.000 dret=+863.828 eval_ret=n/a pursuer_target_distance=0.807 capture=0.344 score=0.190 pol=-0.0001 val=0.0066 ent=0.8340 tot=+0.0016 agnorm=0.060 cgnorm=0.034 kl=0.0001 clipf=0.000 ev=+0.929 r0=1.0000 entcoef=1.91e-03 lr=8.0e-05 seed=4
iter= 562 step=1801600 ep_ret=+166.036 opt_ret=+166.036 step_rew=1.6604 opt_step=1.6604 gap0=0.000 dret=+904.289 eval_ret=n/a pursuer_target_distance=0.840 capture=0.377 score=0.205 pol=-0.0002 val=0.0066 ent=0.8281 tot=+0.0016 agnorm=0.067 cgnorm=0.029 kl=0.0002 clipf=0.001 ev=+0.926 r0=1.0000 entcoef=1.89e-03 lr=7.9e-05 seed=4
iter= 563 step=1804800 ep_ret=+56.624 opt_ret=+56.624 step_rew=0.5662 opt_step=0.5662 gap0=0.000 dret=+794.877 eval_ret=n/a pursuer_target_distance=1.252 capture=0.319 score=0.142 pol=-0.0002 val=0.0075 ent=0.7933 tot=+0.0021 agnorm=0.078 cgnorm=0.038 kl=0.0004 clipf=0.002 ev=+0.931 r0=1.0000 entcoef=1.88e-03 lr=7.7e-05 seed=4
iter= 564 step=1808000 ep_ret=+116.772 opt_ret=+116.772 step_rew=1.1677 opt_step=1.1677 gap0=0.000 dret=+855.025 eval_ret=n/a pursuer_target_distance=0.903 capture=0.347 score=0.182 pol=-0.0004 val=0.0062 ent=0.7942 tot=+0.0012 agnorm=0.137 cgnorm=0.034 kl=0.0005 clipf=0.003 ev=+0.937 r0=1.0000 entcoef=1.87e-03 lr=7.6e-05 seed=4
iter= 565 step=1811200 ep_ret=+103.111 opt_ret=+103.111 step_rew=1.0311 opt_step=1.0311 gap0=0.000 dret=+841.364 eval_ret=n/a pursuer_target_distance=0.831 capture=0.339 score=0.185 pol=-0.0003 val=0.0061 ent=0.8069 tot=+0.0013 agnorm=0.089 cgnorm=0.038 kl=0.0004 clipf=0.000 ev=+0.932 r0=1.0000 entcoef=1.85e-03 lr=7.5e-05 seed=4
iter= 566 step=1814400 ep_ret=+76.966 opt_ret=+76.966 step_rew=0.7697 opt_step=0.7697 gap0=0.000 dret=+815.219 eval_ret=n/a pursuer_target_distance=0.944 capture=0.321 score=0.165 pol=-0.0003 val=0.0058 ent=0.7881 tot=+0.0012 agnorm=0.132 cgnorm=0.033 kl=0.0004 clipf=0.002 ev=+0.940 r0=1.0000 entcoef=1.84e-03 lr=7.4e-05 seed=4
iter= 567 step=1817600 ep_ret=+107.612 opt_ret=+107.612 step_rew=1.0761 opt_step=1.0761 gap0=0.000 dret=+845.865 eval_ret=n/a pursuer_target_distance=0.927 capture=0.342 score=0.178 pol=-0.0004 val=0.0085 ent=0.8161 tot=+0.0024 agnorm=0.149 cgnorm=0.051 kl=0.0005 clipf=0.003 ev=+0.916 r0=1.0000 entcoef=1.82e-03 lr=7.3e-05 seed=4
iter= 568 step=1820800 ep_ret=+90.806 opt_ret=+90.806 step_rew=0.9081 opt_step=0.9081 gap0=0.000 dret=+829.060 eval_ret=n/a pursuer_target_distance=1.047 capture=0.337 score=0.164 pol=-0.0002 val=0.0057 ent=0.8157 tot=+0.0012 agnorm=0.055 cgnorm=0.025 kl=0.0001 clipf=0.000 ev=+0.941 r0=1.0000 entcoef=1.81e-03 lr=7.2e-05 seed=4
iter= 569 step=1824000 ep_ret=+88.908 opt_ret=+88.908 step_rew=0.8891 opt_step=0.8891 gap0=0.000 dret=+827.161 eval_ret=n/a pursuer_target_distance=0.781 capture=0.324 score=0.182 pol=-0.0003 val=0.0065 ent=0.8142 tot=+0.0015 agnorm=0.136 cgnorm=0.035 kl=0.0005 clipf=0.003 ev=+0.932 r0=1.0000 entcoef=1.79e-03 lr=7.1e-05 seed=4
iter= 570 step=1827200 ep_ret=+114.330 opt_ret=+114.330 step_rew=1.1433 opt_step=1.1433 gap0=0.000 dret=+852.583 eval_ret=n/a pursuer_target_distance=0.996 capture=0.344 score=0.172 pol=-0.0001 val=0.0060 ent=0.7886 tot=+0.0015 agnorm=0.056 cgnorm=0.035 kl=0.0002 clipf=0.000 ev=+0.930 r0=1.0000 entcoef=1.78e-03 lr=7.0e-05 seed=4
iter= 571 step=1830400 ep_ret=+84.230 opt_ret=+84.230 step_rew=0.8423 opt_step=0.8423 gap0=0.000 dret=+822.483 eval_ret=n/a pursuer_target_distance=1.023 capture=0.334 score=0.165 pol=-0.0002 val=0.0062 ent=0.7818 tot=+0.0015 agnorm=0.062 cgnorm=0.034 kl=0.0002 clipf=0.000 ev=+0.938 r0=1.0000 entcoef=1.76e-03 lr=6.9e-05 seed=4
iter= 572 step=1833600 ep_ret=+132.004 opt_ret=+132.004 step_rew=1.3200 opt_step=1.3200 gap0=0.000 dret=+870.257 eval_ret=n/a pursuer_target_distance=0.810 capture=0.349 score=0.193 pol=-0.0003 val=0.0069 ent=0.8087 tot=+0.0018 agnorm=0.105 cgnorm=0.035 kl=0.0003 clipf=0.001 ev=+0.921 r0=1.0000 entcoef=1.75e-03 lr=6.8e-05 seed=4
iter= 573 step=1836800 ep_ret=+89.123 opt_ret=+89.123 step_rew=0.8912 opt_step=0.8912 gap0=0.000 dret=+827.377 eval_ret=n/a pursuer_target_distance=1.042 capture=0.334 score=0.163 pol=-0.0005 val=0.0056 ent=0.7921 tot=+0.0009 agnorm=0.089 cgnorm=0.035 kl=0.0006 clipf=0.001 ev=+0.942 r0=1.0000 entcoef=1.74e-03 lr=6.6e-05 seed=4
iter= 574 step=1840000 ep_ret=+176.424 opt_ret=+176.424 step_rew=1.7642 opt_step=1.7642 gap0=0.000 dret=+914.677 eval_ret=n/a pursuer_target_distance=0.723 capture=0.381 score=0.221 pol=-0.0001 val=0.0061 ent=0.8157 tot=+0.0016 agnorm=0.082 cgnorm=0.042 kl=0.0003 clipf=0.000 ev=+0.926 r0=1.0000 entcoef=1.72e-03 lr=6.5e-05 seed=4
iter= 575 step=1843200 ep_ret=+112.977 opt_ret=+112.977 step_rew=1.1298 opt_step=1.1298 gap0=0.000 dret=+851.230 eval_ret=n/a pursuer_target_distance=0.798 capture=0.344 score=0.191 pol=-0.0005 val=0.0060 ent=0.8092 tot=+0.0011 agnorm=0.086 cgnorm=0.025 kl=0.0006 clipf=0.000 ev=+0.933 r0=1.0000 entcoef=1.71e-03 lr=6.4e-05 seed=4
iter= 576 step=1846400 ep_ret=+26.438 opt_ret=+26.438 step_rew=0.2644 opt_step=0.2644 gap0=0.000 dret=+764.691 eval_ret=n/a pursuer_target_distance=0.923 capture=0.297 score=0.154 pol=-0.0002 val=0.0071 ent=0.7863 tot=+0.0020 agnorm=0.076 cgnorm=0.039 kl=0.0005 clipf=0.002 ev=+0.934 r0=1.0000 entcoef=1.69e-03 lr=6.3e-05 seed=4
iter= 577 step=1849600 ep_ret=+156.344 opt_ret=+156.344 step_rew=1.5634 opt_step=1.5634 gap0=0.000 dret=+894.598 eval_ret=n/a pursuer_target_distance=1.014 capture=0.370 score=0.184 pol=-0.0001 val=0.0061 ent=0.7875 tot=+0.0016 agnorm=0.088 cgnorm=0.037 kl=0.0001 clipf=0.000 ev=+0.938 r0=1.0000 entcoef=1.68e-03 lr=6.2e-05 seed=4
iter= 578 step=1852800 ep_ret=+139.240 opt_ret=+139.240 step_rew=1.3924 opt_step=1.3924 gap0=0.000 dret=+877.494 eval_ret=n/a pursuer_target_distance=0.985 capture=0.371 score=0.187 pol=-0.0001 val=0.0066 ent=0.7874 tot=+0.0019 agnorm=0.085 cgnorm=0.036 kl=0.0001 clipf=0.000 ev=+0.933 r0=1.0000 entcoef=1.66e-03 lr=6.1e-05 seed=4
iter= 579 step=1856000 ep_ret=+113.216 opt_ret=+113.216 step_rew=1.1322 opt_step=1.1322 gap0=0.000 dret=+851.469 eval_ret=n/a pursuer_target_distance=0.998 capture=0.341 score=0.171 pol=-0.0003 val=0.0063 ent=0.8006 tot=+0.0015 agnorm=0.080 cgnorm=0.039 kl=0.0003 clipf=0.001 ev=+0.939 r0=1.0000 entcoef=1.65e-03 lr=6.0e-05 seed=4
iter= 580 step=1859200 ep_ret=+114.488 opt_ret=+114.488 step_rew=1.1449 opt_step=1.1449 gap0=0.000 dret=+852.742 eval_ret=-66.142 pursuer_target_distance=0.817 capture=0.344 score=0.189 pol=-0.0002 val=0.0080 ent=0.8122 tot=+0.0024 agnorm=0.081 cgnorm=0.033 kl=0.0002 clipf=0.000 ev=+0.903 r0=1.0000 entcoef=1.63e-03 lr=5.9e-05 seed=4
iter= 581 step=1862400 ep_ret=+149.866 opt_ret=+149.866 step_rew=1.4987 opt_step=1.4987 gap0=0.000 dret=+888.119 eval_ret=n/a pursuer_target_distance=0.899 capture=0.366 score=0.193 pol=-0.0001 val=0.0056 ent=0.8133 tot=+0.0013 agnorm=0.144 cgnorm=0.032 kl=0.0002 clipf=0.001 ev=+0.934 r0=1.0000 entcoef=1.62e-03 lr=5.8e-05 seed=4
iter= 582 step=1865600 ep_ret=+143.644 opt_ret=+143.644 step_rew=1.4364 opt_step=1.4364 gap0=0.000 dret=+881.897 eval_ret=n/a pursuer_target_distance=0.643 capture=0.365 score=0.222 pol=-0.0003 val=0.0054 ent=0.8416 tot=+0.0011 agnorm=0.096 cgnorm=0.027 kl=0.0004 clipf=0.002 ev=+0.946 r0=1.0000 entcoef=1.61e-03 lr=5.6e-05 seed=4
iter= 583 step=1868800 ep_ret=+133.721 opt_ret=+133.721 step_rew=1.3372 opt_step=1.3372 gap0=0.000 dret=+871.974 eval_ret=n/a pursuer_target_distance=0.981 capture=0.359 score=0.181 pol=-0.0001 val=0.0068 ent=0.7596 tot=+0.0021 agnorm=0.073 cgnorm=0.036 kl=0.0001 clipf=0.000 ev=+0.918 r0=1.0000 entcoef=1.59e-03 lr=5.5e-05 seed=4
iter= 584 step=1872000 ep_ret=+41.936 opt_ret=+41.936 step_rew=0.4194 opt_step=0.4194 gap0=0.000 dret=+780.189 eval_ret=n/a pursuer_target_distance=1.135 capture=0.310 score=0.145 pol=-0.0003 val=0.0069 ent=0.7993 tot=+0.0018 agnorm=0.091 cgnorm=0.038 kl=0.0004 clipf=0.001 ev=+0.940 r0=1.0000 entcoef=1.58e-03 lr=5.4e-05 seed=4
iter= 585 step=1875200 ep_ret=+200.426 opt_ret=+200.426 step_rew=2.0043 opt_step=2.0043 gap0=0.000 dret=+938.680 eval_ret=n/a pursuer_target_distance=0.615 capture=0.395 score=0.245 pol=-0.0002 val=0.0075 ent=0.8335 tot=+0.0023 agnorm=0.068 cgnorm=0.044 kl=0.0003 clipf=0.000 ev=+0.909 r0=1.0000 entcoef=1.56e-03 lr=5.3e-05 seed=4
iter= 586 step=1878400 ep_ret=+143.755 opt_ret=+143.755 step_rew=1.4376 opt_step=1.4376 gap0=0.000 dret=+882.009 eval_ret=n/a pursuer_target_distance=0.811 capture=0.361 score=0.199 pol=-0.0003 val=0.0052 ent=0.8030 tot=+0.0011 agnorm=0.108 cgnorm=0.023 kl=0.0004 clipf=0.002 ev=+0.939 r0=1.0000 entcoef=1.55e-03 lr=5.2e-05 seed=4
iter= 587 step=1881600 ep_ret=+182.719 opt_ret=+182.719 step_rew=1.8272 opt_step=1.8272 gap0=0.000 dret=+920.972 eval_ret=n/a pursuer_target_distance=0.605 capture=0.378 score=0.236 pol=-0.0003 val=0.0058 ent=0.8040 tot=+0.0014 agnorm=0.104 cgnorm=0.026 kl=0.0003 clipf=0.000 ev=+0.930 r0=1.0000 entcoef=1.53e-03 lr=5.1e-05 seed=4
iter= 588 step=1884800 ep_ret=+198.891 opt_ret=+198.891 step_rew=1.9889 opt_step=1.9889 gap0=0.000 dret=+937.145 eval_ret=n/a pursuer_target_distance=0.948 capture=0.401 score=0.206 pol=-0.0002 val=0.0058 ent=0.8299 tot=+0.0015 agnorm=0.112 cgnorm=0.022 kl=0.0003 clipf=0.000 ev=+0.935 r0=1.0000 entcoef=1.52e-03 lr=5.0e-05 seed=4
iter= 589 step=1888000 ep_ret=+134.122 opt_ret=+134.122 step_rew=1.3412 opt_step=1.3412 gap0=0.000 dret=+872.376 eval_ret=n/a pursuer_target_distance=0.891 capture=0.355 score=0.188 pol=-0.0002 val=0.0054 ent=0.8072 tot=+0.0013 agnorm=0.076 cgnorm=0.028 kl=0.0004 clipf=0.001 ev=+0.938 r0=1.0000 entcoef=1.50e-03 lr=4.9e-05 seed=4
iter= 590 step=1891200 ep_ret=+141.986 opt_ret=+141.986 step_rew=1.4199 opt_step=1.4199 gap0=0.000 dret=+880.239 eval_ret=n/a pursuer_target_distance=0.782 capture=0.352 score=0.198 pol=-0.0001 val=0.0074 ent=0.8206 tot=+0.0024 agnorm=0.065 cgnorm=0.039 kl=0.0001 clipf=0.000 ev=+0.921 r0=1.0000 entcoef=1.49e-03 lr=4.8e-05 seed=4
iter= 591 step=1894400 ep_ret=+72.777 opt_ret=+72.777 step_rew=0.7278 opt_step=0.7278 gap0=0.000 dret=+811.030 eval_ret=n/a pursuer_target_distance=0.862 capture=0.314 score=0.169 pol=-0.0001 val=0.0057 ent=0.7869 tot=+0.0015 agnorm=0.050 cgnorm=0.033 kl=0.0001 clipf=0.000 ev=+0.939 r0=1.0000 entcoef=1.48e-03 lr=4.6e-05 seed=4
iter= 592 step=1897600 ep_ret=+113.948 opt_ret=+113.948 step_rew=1.1395 opt_step=1.1395 gap0=0.000 dret=+852.201 eval_ret=n/a pursuer_target_distance=0.799 capture=0.339 score=0.188 pol=-0.0002 val=0.0073 ent=0.8376 tot=+0.0022 agnorm=0.109 cgnorm=0.034 kl=0.0002 clipf=0.000 ev=+0.927 r0=1.0000 entcoef=1.46e-03 lr=4.5e-05 seed=4
iter= 593 step=1900800 ep_ret=+200.678 opt_ret=+200.678 step_rew=2.0068 opt_step=2.0068 gap0=0.000 dret=+938.931 eval_ret=n/a pursuer_target_distance=0.848 capture=0.400 score=0.217 pol=-0.0001 val=0.0050 ent=0.8182 tot=+0.0012 agnorm=0.069 cgnorm=0.025 kl=0.0003 clipf=0.001 ev=+0.940 r0=1.0000 entcoef=1.45e-03 lr=4.4e-05 seed=4
iter= 594 step=1904000 ep_ret=+59.177 opt_ret=+59.177 step_rew=0.5918 opt_step=0.5918 gap0=0.000 dret=+797.431 eval_ret=n/a pursuer_target_distance=1.055 capture=0.321 score=0.156 pol=-0.0001 val=0.0075 ent=0.7633 tot=+0.0026 agnorm=0.116 cgnorm=0.030 kl=0.0001 clipf=0.000 ev=+0.930 r0=1.0000 entcoef=1.43e-03 lr=4.3e-05 seed=4
iter= 595 step=1907200 ep_ret=+246.902 opt_ret=+246.902 step_rew=2.4690 opt_step=2.4690 gap0=0.000 dret=+985.156 eval_ret=n/a pursuer_target_distance=0.700 capture=0.427 score=0.251 pol=-0.0002 val=0.0056 ent=0.8488 tot=+0.0014 agnorm=0.124 cgnorm=0.039 kl=0.0002 clipf=0.000 ev=+0.934 r0=1.0000 entcoef=1.42e-03 lr=4.2e-05 seed=4
iter= 596 step=1910400 ep_ret=+132.961 opt_ret=+132.961 step_rew=1.3296 opt_step=1.3296 gap0=0.000 dret=+871.215 eval_ret=n/a pursuer_target_distance=0.785 capture=0.346 score=0.194 pol=-0.0001 val=0.0069 ent=0.8142 tot=+0.0022 agnorm=0.080 cgnorm=0.029 kl=0.0001 clipf=0.000 ev=+0.918 r0=1.0000 entcoef=1.40e-03 lr=4.1e-05 seed=4
iter= 597 step=1913600 ep_ret=+157.039 opt_ret=+157.039 step_rew=1.5704 opt_step=1.5704 gap0=0.000 dret=+895.293 eval_ret=n/a pursuer_target_distance=0.980 capture=0.372 score=0.188 pol=-0.0002 val=0.0066 ent=0.8066 tot=+0.0020 agnorm=0.097 cgnorm=0.039 kl=0.0002 clipf=0.000 ev=+0.912 r0=1.0000 entcoef=1.39e-03 lr=4.0e-05 seed=4
iter= 598 step=1916800 ep_ret=+82.135 opt_ret=+82.135 step_rew=0.8213 opt_step=0.8213 gap0=0.000 dret=+820.388 eval_ret=n/a pursuer_target_distance=1.183 capture=0.339 score=0.155 pol=-0.0002 val=0.0078 ent=0.7867 tot=+0.0026 agnorm=0.083 cgnorm=0.033 kl=0.0002 clipf=0.000 ev=+0.919 r0=1.0000 entcoef=1.37e-03 lr=3.9e-05 seed=4
iter= 599 step=1920000 ep_ret=+195.450 opt_ret=+195.450 step_rew=1.9545 opt_step=1.9545 gap0=0.000 dret=+933.704 eval_ret=n/a pursuer_target_distance=0.608 capture=0.386 score=0.240 pol=-0.0001 val=0.0057 ent=0.8223 tot=+0.0016 agnorm=0.081 cgnorm=0.034 kl=0.0001 clipf=0.000 ev=+0.923 r0=1.0000 entcoef=1.36e-03 lr=3.8e-05 seed=4
iter= 600 step=1923200 ep_ret=+224.195 opt_ret=+224.195 step_rew=2.2420 opt_step=2.2420 gap0=0.000 dret=+962.448 eval_ret=-66.463 pursuer_target_distance=0.591 capture=0.402 score=0.253 pol=-0.0001 val=0.0053 ent=0.8197 tot=+0.0015 agnorm=0.093 cgnorm=0.041 kl=0.0001 clipf=0.000 ev=+0.937 r0=1.0000 entcoef=1.35e-03 lr=3.7e-05 seed=4
iter= 601 step=1926400 ep_ret=+140.904 opt_ret=+140.904 step_rew=1.4090 opt_step=1.4090 gap0=0.000 dret=+879.157 eval_ret=n/a pursuer_target_distance=0.660 capture=0.342 score=0.206 pol=-0.0002 val=0.0049 ent=0.8136 tot=+0.0012 agnorm=0.104 cgnorm=0.026 kl=0.0002 clipf=0.000 ev=+0.945 r0=1.0000 entcoef=1.33e-03 lr=3.5e-05 seed=4
iter= 602 step=1929600 ep_ret=+161.957 opt_ret=+161.957 step_rew=1.6196 opt_step=1.6196 gap0=0.000 dret=+900.211 eval_ret=n/a pursuer_target_distance=0.690 capture=0.364 score=0.216 pol=-0.0001 val=0.0066 ent=0.8033 tot=+0.0021 agnorm=0.077 cgnorm=0.036 kl=0.0001 clipf=0.000 ev=+0.917 r0=1.0000 entcoef=1.32e-03 lr=3.4e-05 seed=4
iter= 603 step=1932800 ep_ret=+156.286 opt_ret=+156.286 step_rew=1.5629 opt_step=1.5629 gap0=0.000 dret=+894.539 eval_ret=n/a pursuer_target_distance=0.891 capture=0.369 score=0.195 pol=-0.0001 val=0.0068 ent=0.8022 tot=+0.0022 agnorm=0.069 cgnorm=0.032 kl=0.0001 clipf=0.000 ev=+0.920 r0=1.0000 entcoef=1.30e-03 lr=3.3e-05 seed=4
iter= 604 step=1936000 ep_ret=+62.258 opt_ret=+62.258 step_rew=0.6226 opt_step=0.6226 gap0=0.000 dret=+800.511 eval_ret=n/a pursuer_target_distance=0.926 capture=0.322 score=0.167 pol=-0.0001 val=0.0066 ent=0.8078 tot=+0.0022 agnorm=0.067 cgnorm=0.033 kl=0.0001 clipf=0.000 ev=+0.939 r0=1.0000 entcoef=1.29e-03 lr=3.2e-05 seed=4
iter= 605 step=1939200 ep_ret=+175.966 opt_ret=+175.966 step_rew=1.7597 opt_step=1.7597 gap0=0.000 dret=+914.220 eval_ret=n/a pursuer_target_distance=0.905 capture=0.392 score=0.206 pol=-0.0001 val=0.0063 ent=0.8267 tot=+0.0020 agnorm=0.120 cgnorm=0.039 kl=0.0001 clipf=0.000 ev=+0.927 r0=1.0000 entcoef=1.27e-03 lr=3.1e-05 seed=4
iter= 606 step=1942400 ep_ret=+67.975 opt_ret=+67.975 step_rew=0.6798 opt_step=0.6798 gap0=0.000 dret=+806.229 eval_ret=n/a pursuer_target_distance=0.973 capture=0.306 score=0.155 pol=-0.0001 val=0.0064 ent=0.7789 tot=+0.0021 agnorm=0.094 cgnorm=0.028 kl=0.0000 clipf=0.000 ev=+0.934 r0=1.0000 entcoef=1.26e-03 lr=3.0e-05 seed=4
iter= 607 step=1945600 ep_ret=+198.781 opt_ret=+198.781 step_rew=1.9878 opt_step=1.9878 gap0=0.000 dret=+937.035 eval_ret=n/a pursuer_target_distance=0.724 capture=0.390 score=0.226 pol=-0.0001 val=0.0060 ent=0.8081 tot=+0.0019 agnorm=0.131 cgnorm=0.026 kl=0.0001 clipf=0.000 ev=+0.921 r0=1.0000 entcoef=1.25e-03 lr=2.9e-05 seed=4
iter= 608 step=1948800 ep_ret=+106.348 opt_ret=+106.348 step_rew=1.0635 opt_step=1.0635 gap0=0.000 dret=+844.601 eval_ret=n/a pursuer_target_distance=0.837 capture=0.330 score=0.180 pol=-0.0001 val=0.0060 ent=0.8059 tot=+0.0019 agnorm=0.112 cgnorm=0.026 kl=0.0001 clipf=0.000 ev=+0.929 r0=1.0000 entcoef=1.23e-03 lr=2.8e-05 seed=4
iter= 609 step=1952000 ep_ret=+113.865 opt_ret=+113.865 step_rew=1.1386 opt_step=1.1386 gap0=0.000 dret=+852.118 eval_ret=n/a pursuer_target_distance=0.651 capture=0.337 score=0.204 pol=-0.0001 val=0.0063 ent=0.8109 tot=+0.0021 agnorm=0.109 cgnorm=0.030 kl=0.0001 clipf=0.000 ev=+0.930 r0=1.0000 entcoef=1.22e-03 lr=2.7e-05 seed=4
iter= 610 step=1955200 ep_ret=+180.290 opt_ret=+180.290 step_rew=1.8029 opt_step=1.8029 gap0=0.000 dret=+918.544 eval_ret=n/a pursuer_target_distance=0.855 capture=0.388 score=0.209 pol=-0.0000 val=0.0068 ent=0.8007 tot=+0.0024 agnorm=0.079 cgnorm=0.040 kl=0.0000 clipf=0.000 ev=+0.915 r0=1.0000 entcoef=1.20e-03 lr=2.5e-05 seed=4
iter= 611 step=1958400 ep_ret=+238.078 opt_ret=+238.078 step_rew=2.3808 opt_step=2.3808 gap0=0.000 dret=+976.331 eval_ret=n/a pursuer_target_distance=0.611 capture=0.414 score=0.257 pol=-0.0001 val=0.0057 ent=0.8187 tot=+0.0017 agnorm=0.106 cgnorm=0.034 kl=0.0001 clipf=0.000 ev=+0.933 r0=1.0000 entcoef=1.19e-03 lr=2.4e-05 seed=4
iter= 612 step=1961600 ep_ret=+153.571 opt_ret=+153.571 step_rew=1.5357 opt_step=1.5357 gap0=0.000 dret=+891.824 eval_ret=n/a pursuer_target_distance=0.899 capture=0.367 score=0.193 pol=-0.0003 val=0.0066 ent=0.7943 tot=+0.0021 agnorm=0.161 cgnorm=0.042 kl=0.0002 clipf=0.000 ev=+0.917 r0=1.0000 entcoef=1.17e-03 lr=2.3e-05 seed=4
iter= 613 step=1964800 ep_ret=+220.766 opt_ret=+220.766 step_rew=2.2077 opt_step=2.2077 gap0=0.000 dret=+959.020 eval_ret=n/a pursuer_target_distance=0.574 capture=0.403 score=0.256 pol=-0.0001 val=0.0059 ent=0.8010 tot=+0.0019 agnorm=0.159 cgnorm=0.032 kl=0.0001 clipf=0.000 ev=+0.918 r0=1.0000 entcoef=1.16e-03 lr=2.2e-05 seed=4
iter= 614 step=1968000 ep_ret=+71.495 opt_ret=+71.495 step_rew=0.7150 opt_step=0.7150 gap0=0.000 dret=+809.749 eval_ret=n/a pursuer_target_distance=0.844 capture=0.322 score=0.175 pol=-0.0001 val=0.0073 ent=0.7552 tot=+0.0027 agnorm=0.072 cgnorm=0.032 kl=0.0001 clipf=0.000 ev=+0.930 r0=1.0000 entcoef=1.14e-03 lr=2.1e-05 seed=4
iter= 615 step=1971200 ep_ret=+28.553 opt_ret=+28.553 step_rew=0.2855 opt_step=0.2855 gap0=0.000 dret=+766.807 eval_ret=n/a pursuer_target_distance=0.878 capture=0.285 score=0.152 pol=-0.0000 val=0.0063 ent=0.7974 tot=+0.0022 agnorm=0.103 cgnorm=0.032 kl=0.0000 clipf=0.000 ev=+0.939 r0=1.0000 entcoef=1.13e-03 lr=2.0e-05 seed=4
iter= 616 step=1974400 ep_ret=+134.047 opt_ret=+134.047 step_rew=1.3405 opt_step=1.3405 gap0=0.000 dret=+872.300 eval_ret=n/a pursuer_target_distance=0.639 capture=0.347 score=0.212 pol=-0.0000 val=0.0063 ent=0.8075 tot=+0.0022 agnorm=0.083 cgnorm=0.030 kl=0.0000 clipf=0.000 ev=+0.929 r0=1.0000 entcoef=1.12e-03 lr=1.9e-05 seed=4
iter= 617 step=1977600 ep_ret=+81.434 opt_ret=+81.434 step_rew=0.8143 opt_step=0.8143 gap0=0.000 dret=+819.688 eval_ret=n/a pursuer_target_distance=1.068 capture=0.334 score=0.162 pol=-0.0000 val=0.0067 ent=0.7828 tot=+0.0025 agnorm=0.106 cgnorm=0.040 kl=0.0000 clipf=0.000 ev=+0.930 r0=1.0000 entcoef=1.10e-03 lr=1.8e-05 seed=4
iter= 618 step=1980800 ep_ret=+94.453 opt_ret=+94.453 step_rew=0.9445 opt_step=0.9445 gap0=0.000 dret=+832.707 eval_ret=n/a pursuer_target_distance=0.763 capture=0.333 score=0.189 pol=-0.0001 val=0.0083 ent=0.7863 tot=+0.0032 agnorm=0.113 cgnorm=0.040 kl=0.0000 clipf=0.000 ev=+0.912 r0=1.0000 entcoef=1.09e-03 lr=1.7e-05 seed=4
iter= 619 step=1984000 ep_ret=+124.934 opt_ret=+124.934 step_rew=1.2493 opt_step=1.2493 gap0=0.000 dret=+863.187 eval_ret=n/a pursuer_target_distance=0.924 capture=0.347 score=0.181 pol=-0.0001 val=0.0059 ent=0.8123 tot=+0.0020 agnorm=0.074 cgnorm=0.033 kl=0.0000 clipf=0.000 ev=+0.927 r0=1.0000 entcoef=1.07e-03 lr=1.6e-05 seed=4
iter= 620 step=1987200 ep_ret=+106.643 opt_ret=+106.643 step_rew=1.0664 opt_step=1.0664 gap0=0.000 dret=+844.896 eval_ret=-66.041 pursuer_target_distance=0.992 capture=0.346 score=0.174 pol=-0.0000 val=0.0069 ent=0.7854 tot=+0.0026 agnorm=0.093 cgnorm=0.038 kl=0.0000 clipf=0.000 ev=+0.932 r0=1.0000 entcoef=1.06e-03 lr=1.4e-05 seed=4
iter= 621 step=1990400 ep_ret=+186.986 opt_ret=+186.986 step_rew=1.8699 opt_step=1.8699 gap0=0.000 dret=+925.240 eval_ret=n/a pursuer_target_distance=0.801 capture=0.383 score=0.213 pol=-0.0000 val=0.0050 ent=0.8033 tot=+0.0017 agnorm=0.073 cgnorm=0.033 kl=0.0000 clipf=0.000 ev=+0.939 r0=1.0000 entcoef=1.04e-03 lr=1.3e-05 seed=4
iter= 622 step=1993600 ep_ret=+157.088 opt_ret=+157.088 step_rew=1.5709 opt_step=1.5709 gap0=0.000 dret=+895.341 eval_ret=n/a pursuer_target_distance=0.833 capture=0.370 score=0.202 pol=-0.0000 val=0.0060 ent=0.8004 tot=+0.0022 agnorm=0.079 cgnorm=0.047 kl=0.0000 clipf=0.000 ev=+0.921 r0=1.0000 entcoef=1.03e-03 lr=1.2e-05 seed=4
iter= 623 step=1996800 ep_ret=+143.129 opt_ret=+143.129 step_rew=1.4313 opt_step=1.4313 gap0=0.000 dret=+881.383 eval_ret=n/a pursuer_target_distance=0.639 capture=0.362 score=0.221 pol=-0.0000 val=0.0059 ent=0.7947 tot=+0.0021 agnorm=0.092 cgnorm=0.027 kl=0.0000 clipf=0.000 ev=+0.944 r0=1.0000 entcoef=1.01e-03 lr=1.1e-05 seed=4
iter= 624 step=2000000 ep_ret=+121.275 opt_ret=+121.275 step_rew=1.2128 opt_step=1.2128 gap0=0.000 dret=+859.528 eval_ret=-66.068 pursuer_target_distance=0.803 capture=0.353 score=0.196 pol=-0.0000 val=0.0072 ent=0.8104 tot=+0.0028 agnorm=0.101 cgnorm=0.043 kl=0.0000 clipf=0.000 ev=+0.931 r0=1.0000 entcoef=1.00e-03 lr=1.0e-05 seed=4
[train] Final checkpoint saved to runs/pursuit_20260608_220631/alpha/identity/alpha0p75/seed4/ckpt/final.pt
[train] Run artifacts in runs/pursuit_20260608_220631/alpha/identity/alpha0p75/seed4
[render] Skipped post-train render (mode=off).
=== done Mon Jun  8 22:22:31 EDT 2026 ===
