[setup] Required Python imports are available.
[setup] Required Python imports are available.
=== Job info ===
Job       : 637522  array=35
Node      : evc34
Submit    : /lustre/fs1/home/ak565492/gnn_experiments
Repo      : /lustre/fs1/home/ak565492/gnn_experiments
Git rev   : f40cd7c
Python    : /home/ak565492/expenv/bin/python
Python 3.11.4
PyYAML  : 6.0.3
NumPy   : 2.3.5
Torch   : 2.5.1+cu121 cuda_available=True cuda=12.1
CUDA_VIS  : 0
Threads   : OMP=4 MKL=4 OPENBLAS=1
Task      : 35/60
Comm      : attention
Alpha     : 0.25
Seed      : 2
Run label : attention_alpha0p25_seed2
Run dir   : runs/pursuit/alpha/attention/alpha0p25/seed2
Config    : /tmp/637486_35_attention_alpha0p25_seed2.yaml
Start     : Sun Jun  7 21:36:28 EDT 2026
================
Sun Jun  7 21:36:28 2026       
+-----------------------------------------------------------------------------------------+
| NVIDIA-SMI 580.105.08             Driver Version: 580.105.08     CUDA Version: 13.0     |
+-----------------------------------------+------------------------+----------------------+
| GPU  Name                 Persistence-M | Bus-Id          Disp.A | Volatile Uncorr. ECC |
| Fan  Temp   Perf          Pwr:Usage/Cap |           Memory-Usage | GPU-Util  Compute M. |
|                                         |                        |               MIG M. |
|=========================================+========================+======================|
|   0  NVIDIA H100 PCIe               Off |   00000000:CA:00.0 Off |                    0 |
| N/A   31C    P0             44W /  310W |       0MiB /  81559MiB |      0%      Default |
|                                         |                        |             Disabled |
+-----------------------------------------+------------------------+----------------------+

+-----------------------------------------------------------------------------------------+
| Processes:                                                                              |
|  GPU   GI   CI              PID   Type   Process name                        GPU Memory |
|        ID   ID                                                               Usage      |
|=========================================================================================|
|  No running processes found                                                             |
+-----------------------------------------------------------------------------------------+
[env] kind=pursuit name=pursuit n_agents=5 obs_dim=5 action_dim=5 state_dim=13 num_envs=32
[train] Starting: total_iters=625 T=100 B=32 device=cuda:0 seed=2 render=off
iter=   0 step=   3200 ep_ret=-284.443 opt_ret=-284.443 step_rew=-2.8444 opt_step=-2.8444 gap0=284.443 dret=+0.000 eval_ret=-168.113 pursuer_target_distance=2.834 capture=0.000 score=0.000 pol=-0.0035 val=0.6040 ent=1.6055 tot=+0.2824 agnorm=0.074 cgnorm=0.255 kl=0.0038 clipf=0.030 ev=-0.362 r0=1.0000 entcoef=1.00e-02 lr=7.0e-04 seed=2
iter=   1 step=   6400 ep_ret=-230.699 opt_ret=-230.699 step_rew=-2.3070 opt_step=-2.3070 gap0=230.699 dret=+53.744 eval_ret=n/a pursuer_target_distance=2.319 capture=0.002 score=0.001 pol=-0.0026 val=0.3328 ent=1.5996 tot=+0.1479 agnorm=0.053 cgnorm=0.246 kl=0.0033 clipf=0.027 ev=+0.332 r0=1.0000 entcoef=9.99e-03 lr=7.0e-04 seed=2
iter=   2 step=   9600 ep_ret=-240.347 opt_ret=-240.347 step_rew=-2.4035 opt_step=-2.4035 gap0=240.347 dret=+44.096 eval_ret=n/a pursuer_target_distance=2.397 capture=0.000 score=0.000 pol=-0.0019 val=0.4655 ent=1.5925 tot=+0.2149 agnorm=0.047 cgnorm=0.294 kl=0.0020 clipf=0.012 ev=+0.057 r0=1.0000 entcoef=9.97e-03 lr=7.0e-04 seed=2
iter=   3 step=  12800 ep_ret=-239.683 opt_ret=-239.683 step_rew=-2.3968 opt_step=-2.3968 gap0=239.683 dret=+44.760 eval_ret=n/a pursuer_target_distance=2.437 capture=0.005 score=0.001 pol=-0.0031 val=0.4366 ent=1.5842 tot=+0.1994 agnorm=0.063 cgnorm=0.276 kl=0.0035 clipf=0.029 ev=+0.129 r0=1.0000 entcoef=9.96e-03 lr=7.0e-04 seed=2
iter=   4 step=  16000 ep_ret=-239.434 opt_ret=-239.434 step_rew=-2.3943 opt_step=-2.3943 gap0=239.434 dret=+45.009 eval_ret=n/a pursuer_target_distance=2.384 capture=0.000 score=0.000 pol=-0.0017 val=0.3378 ent=1.5819 tot=+0.1514 agnorm=0.050 cgnorm=0.245 kl=0.0026 clipf=0.018 ev=+0.344 r0=1.0000 entcoef=9.94e-03 lr=7.0e-04 seed=2
iter=   5 step=  19200 ep_ret=-290.358 opt_ret=-290.358 step_rew=-2.9036 opt_step=-2.9036 gap0=290.358 dret=-5.916 eval_ret=n/a pursuer_target_distance=2.894 capture=0.000 score=0.000 pol=-0.0029 val=0.5040 ent=1.5692 tot=+0.2335 agnorm=0.069 cgnorm=0.323 kl=0.0035 clipf=0.030 ev=+0.054 r0=1.0000 entcoef=9.93e-03 lr=6.9e-04 seed=2
iter=   6 step=  22400 ep_ret=-266.080 opt_ret=-266.080 step_rew=-2.6608 opt_step=-2.6608 gap0=266.080 dret=+18.363 eval_ret=n/a pursuer_target_distance=2.673 capture=0.002 score=0.001 pol=-0.0022 val=0.3533 ent=1.5678 tot=+0.1589 agnorm=0.058 cgnorm=0.295 kl=0.0035 clipf=0.035 ev=+0.452 r0=1.0000 entcoef=9.91e-03 lr=6.9e-04 seed=2
iter=   7 step=  25600 ep_ret=-277.992 opt_ret=-277.992 step_rew=-2.7799 opt_step=-2.7799 gap0=277.992 dret=+6.451 eval_ret=n/a pursuer_target_distance=2.770 capture=0.000 score=0.000 pol=-0.0022 val=0.3258 ent=1.5453 tot=+0.1454 agnorm=0.052 cgnorm=0.286 kl=0.0029 clipf=0.028 ev=+0.305 r0=1.0000 entcoef=9.90e-03 lr=6.9e-04 seed=2
iter=   8 step=  28800 ep_ret=-230.228 opt_ret=-230.228 step_rew=-2.3023 opt_step=-2.3023 gap0=230.228 dret=+54.215 eval_ret=n/a pursuer_target_distance=2.292 capture=0.000 score=0.000 pol=-0.0020 val=0.2834 ent=1.5449 tot=+0.1245 agnorm=0.046 cgnorm=0.276 kl=0.0029 clipf=0.021 ev=-0.240 r0=1.0000 entcoef=9.88e-03 lr=6.9e-04 seed=2
iter=   9 step=  32000 ep_ret=-237.229 opt_ret=-237.229 step_rew=-2.3723 opt_step=-2.3723 gap0=237.229 dret=+47.214 eval_ret=n/a pursuer_target_distance=2.362 capture=0.000 score=0.000 pol=-0.0030 val=0.2485 ent=1.5465 tot=+0.1060 agnorm=0.077 cgnorm=0.225 kl=0.0034 clipf=0.034 ev=+0.392 r0=1.0000 entcoef=9.87e-03 lr=6.9e-04 seed=2
iter=  10 step=  35200 ep_ret=-278.199 opt_ret=-278.199 step_rew=-2.7820 opt_step=-2.7820 gap0=278.199 dret=+6.243 eval_ret=n/a pursuer_target_distance=2.772 capture=0.000 score=0.000 pol=-0.0020 val=0.3634 ent=1.5532 tot=+0.1644 agnorm=0.055 cgnorm=0.312 kl=0.0030 clipf=0.022 ev=+0.256 r0=1.0000 entcoef=9.86e-03 lr=6.9e-04 seed=2
iter=  11 step=  38400 ep_ret=-274.062 opt_ret=-274.062 step_rew=-2.7406 opt_step=-2.7406 gap0=274.062 dret=+10.380 eval_ret=n/a pursuer_target_distance=2.731 capture=0.000 score=0.000 pol=-0.0025 val=0.4148 ent=1.5613 tot=+0.1895 agnorm=0.061 cgnorm=0.319 kl=0.0037 clipf=0.034 ev=+0.035 r0=1.0000 entcoef=9.84e-03 lr=6.9e-04 seed=2
iter=  12 step=  41600 ep_ret=-347.989 opt_ret=-347.989 step_rew=-3.4799 opt_step=-3.4799 gap0=347.989 dret=-63.546 eval_ret=n/a pursuer_target_distance=3.492 capture=0.002 score=0.000 pol=-0.0020 val=0.5431 ent=1.5463 tot=+0.2543 agnorm=0.061 cgnorm=0.374 kl=0.0034 clipf=0.027 ev=+0.043 r0=1.0000 entcoef=9.83e-03 lr=6.9e-04 seed=2
iter=  13 step=  44800 ep_ret=-269.287 opt_ret=-269.287 step_rew=-2.6929 opt_step=-2.6929 gap0=269.287 dret=+15.156 eval_ret=n/a pursuer_target_distance=2.683 capture=0.000 score=0.000 pol=-0.0026 val=0.2301 ent=1.5426 tot=+0.0973 agnorm=0.074 cgnorm=0.242 kl=0.0035 clipf=0.042 ev=+0.420 r0=1.0000 entcoef=9.81e-03 lr=6.9e-04 seed=2
iter=  14 step=  48000 ep_ret=-296.285 opt_ret=-296.285 step_rew=-2.9628 opt_step=-2.9628 gap0=296.285 dret=-11.842 eval_ret=n/a pursuer_target_distance=2.987 capture=0.003 score=0.001 pol=-0.0019 val=0.2928 ent=1.5546 tot=+0.1292 agnorm=0.061 cgnorm=0.272 kl=0.0025 clipf=0.023 ev=+0.301 r0=1.0000 entcoef=9.80e-03 lr=6.8e-04 seed=2
iter=  15 step=  51200 ep_ret=-249.595 opt_ret=-249.595 step_rew=-2.4959 opt_step=-2.4959 gap0=249.595 dret=+34.848 eval_ret=n/a pursuer_target_distance=2.536 capture=0.005 score=0.001 pol=-0.0022 val=0.1535 ent=1.5531 tot=+0.0593 agnorm=0.067 cgnorm=0.226 kl=0.0034 clipf=0.030 ev=+0.377 r0=1.0000 entcoef=9.78e-03 lr=6.8e-04 seed=2
iter=  16 step=  54400 ep_ret=-279.458 opt_ret=-279.458 step_rew=-2.7946 opt_step=-2.7946 gap0=279.458 dret=+4.984 eval_ret=n/a pursuer_target_distance=2.785 capture=0.000 score=0.000 pol=-0.0021 val=0.2269 ent=1.5574 tot=+0.0961 agnorm=0.067 cgnorm=0.260 kl=0.0040 clipf=0.040 ev=+0.449 r0=1.0000 entcoef=9.77e-03 lr=6.8e-04 seed=2
iter=  17 step=  57600 ep_ret=-244.924 opt_ret=-244.924 step_rew=-2.4492 opt_step=-2.4492 gap0=244.924 dret=+39.518 eval_ret=n/a pursuer_target_distance=2.439 capture=0.000 score=0.000 pol=-0.0024 val=0.1044 ent=1.5415 tot=+0.0347 agnorm=0.067 cgnorm=0.196 kl=0.0040 clipf=0.035 ev=+0.692 r0=1.0000 entcoef=9.75e-03 lr=6.8e-04 seed=2
iter=  18 step=  60800 ep_ret=-251.311 opt_ret=-251.311 step_rew=-2.5131 opt_step=-2.5131 gap0=251.311 dret=+33.131 eval_ret=n/a pursuer_target_distance=2.503 capture=0.000 score=0.000 pol=-0.0017 val=0.1012 ent=1.5443 tot=+0.0339 agnorm=0.062 cgnorm=0.206 kl=0.0034 clipf=0.021 ev=+0.598 r0=1.0000 entcoef=9.74e-03 lr=6.8e-04 seed=2
iter=  19 step=  64000 ep_ret=-250.676 opt_ret=-250.676 step_rew=-2.5068 opt_step=-2.5068 gap0=250.676 dret=+33.767 eval_ret=n/a pursuer_target_distance=2.497 capture=0.000 score=0.000 pol=-0.0018 val=0.1087 ent=1.5396 tot=+0.0376 agnorm=0.070 cgnorm=0.204 kl=0.0031 clipf=0.030 ev=+0.570 r0=1.0000 entcoef=9.73e-03 lr=6.8e-04 seed=2
iter=  20 step=  67200 ep_ret=-261.891 opt_ret=-261.891 step_rew=-2.6189 opt_step=-2.6189 gap0=261.891 dret=+22.552 eval_ret=-181.484 pursuer_target_distance=2.612 capture=0.000 score=0.000 pol=-0.0023 val=0.1573 ent=1.5657 tot=+0.0611 agnorm=0.075 cgnorm=0.232 kl=0.0042 clipf=0.037 ev=+0.190 r0=1.0000 entcoef=9.71e-03 lr=6.8e-04 seed=2
iter=  21 step=  70400 ep_ret=-236.152 opt_ret=-236.152 step_rew=-2.3615 opt_step=-2.3615 gap0=236.152 dret=+48.291 eval_ret=n/a pursuer_target_distance=2.373 capture=0.002 score=0.001 pol=-0.0014 val=0.0985 ent=1.5442 tot=+0.0329 agnorm=0.042 cgnorm=0.202 kl=0.0024 clipf=0.019 ev=+0.337 r0=1.0000 entcoef=9.70e-03 lr=6.8e-04 seed=2
iter=  22 step=  73600 ep_ret=-251.877 opt_ret=-251.877 step_rew=-2.5188 opt_step=-2.5188 gap0=251.877 dret=+32.566 eval_ret=n/a pursuer_target_distance=2.515 capture=0.001 score=0.000 pol=-0.0013 val=0.0828 ent=1.5484 tot=+0.0250 agnorm=0.041 cgnorm=0.183 kl=0.0019 clipf=0.010 ev=+0.529 r0=1.0000 entcoef=9.68e-03 lr=6.8e-04 seed=2
iter=  23 step=  76800 ep_ret=-225.184 opt_ret=-225.184 step_rew=-2.2518 opt_step=-2.2518 gap0=225.184 dret=+59.259 eval_ret=n/a pursuer_target_distance=2.254 capture=0.001 score=0.000 pol=-0.0015 val=0.0724 ent=1.5472 tot=+0.0197 agnorm=0.040 cgnorm=0.174 kl=0.0019 clipf=0.014 ev=+0.622 r0=1.0000 entcoef=9.67e-03 lr=6.7e-04 seed=2
iter=  24 step=  80000 ep_ret=-228.908 opt_ret=-228.908 step_rew=-2.2891 opt_step=-2.2891 gap0=228.908 dret=+55.535 eval_ret=n/a pursuer_target_distance=2.298 capture=0.002 score=0.001 pol=-0.0023 val=0.0596 ent=1.5426 tot=+0.0127 agnorm=0.056 cgnorm=0.182 kl=0.0023 clipf=0.016 ev=+0.566 r0=1.0000 entcoef=9.65e-03 lr=6.7e-04 seed=2
iter=  25 step=  83200 ep_ret=-214.180 opt_ret=-214.180 step_rew=-2.1418 opt_step=-2.1418 gap0=214.180 dret=+70.262 eval_ret=n/a pursuer_target_distance=2.172 capture=0.004 score=0.001 pol=-0.0018 val=0.0691 ent=1.5306 tot=+0.0180 agnorm=0.050 cgnorm=0.179 kl=0.0023 clipf=0.019 ev=+0.544 r0=1.0000 entcoef=9.64e-03 lr=6.7e-04 seed=2
iter=  26 step=  86400 ep_ret=-244.252 opt_ret=-244.252 step_rew=-2.4425 opt_step=-2.4425 gap0=244.252 dret=+40.191 eval_ret=n/a pursuer_target_distance=2.433 capture=0.000 score=0.000 pol=-0.0021 val=0.0724 ent=1.4996 tot=+0.0196 agnorm=0.058 cgnorm=0.166 kl=0.0035 clipf=0.034 ev=+0.523 r0=1.0000 entcoef=9.62e-03 lr=6.7e-04 seed=2
iter=  27 step=  89600 ep_ret=-186.863 opt_ret=-186.863 step_rew=-1.8686 opt_step=-1.8686 gap0=186.863 dret=+97.580 eval_ret=n/a pursuer_target_distance=1.887 capture=0.003 score=0.001 pol=-0.0021 val=0.0391 ent=1.4876 tot=+0.0032 agnorm=0.059 cgnorm=0.157 kl=0.0026 clipf=0.024 ev=+0.680 r0=1.0000 entcoef=9.61e-03 lr=6.7e-04 seed=2
iter=  28 step=  92800 ep_ret=-278.972 opt_ret=-278.972 step_rew=-2.7897 opt_step=-2.7897 gap0=278.972 dret=+5.471 eval_ret=n/a pursuer_target_distance=2.780 capture=0.000 score=0.000 pol=-0.0019 val=0.0923 ent=1.4663 tot=+0.0301 agnorm=0.077 cgnorm=0.215 kl=0.0026 clipf=0.017 ev=+0.332 r0=1.0000 entcoef=9.60e-03 lr=6.7e-04 seed=2
iter=  29 step=  96000 ep_ret=-244.594 opt_ret=-244.594 step_rew=-2.4459 opt_step=-2.4459 gap0=244.594 dret=+39.849 eval_ret=n/a pursuer_target_distance=2.436 capture=0.000 score=0.000 pol=-0.0020 val=0.0518 ent=1.4678 tot=+0.0098 agnorm=0.066 cgnorm=0.153 kl=0.0029 clipf=0.028 ev=+0.594 r0=1.0000 entcoef=9.58e-03 lr=6.7e-04 seed=2
iter=  30 step=  99200 ep_ret=-242.746 opt_ret=-242.746 step_rew=-2.4275 opt_step=-2.4275 gap0=242.746 dret=+41.697 eval_ret=n/a pursuer_target_distance=2.442 capture=0.003 score=0.001 pol=-0.0015 val=0.0543 ent=1.4746 tot=+0.0116 agnorm=0.057 cgnorm=0.157 kl=0.0027 clipf=0.025 ev=+0.610 r0=1.0000 entcoef=9.57e-03 lr=6.7e-04 seed=2
iter=  31 step= 102400 ep_ret=-247.029 opt_ret=-247.029 step_rew=-2.4703 opt_step=-2.4703 gap0=247.029 dret=+37.414 eval_ret=n/a pursuer_target_distance=2.463 capture=0.000 score=0.000 pol=-0.0015 val=0.0700 ent=1.4708 tot=+0.0194 agnorm=0.060 cgnorm=0.184 kl=0.0027 clipf=0.025 ev=+0.262 r0=1.0000 entcoef=9.55e-03 lr=6.7e-04 seed=2
iter=  32 step= 105600 ep_ret=-257.702 opt_ret=-257.702 step_rew=-2.5770 opt_step=-2.5770 gap0=257.702 dret=+26.741 eval_ret=n/a pursuer_target_distance=2.570 capture=0.000 score=0.000 pol=-0.0015 val=0.0585 ent=1.4703 tot=+0.0137 agnorm=0.045 cgnorm=0.164 kl=0.0023 clipf=0.018 ev=+0.466 r0=1.0000 entcoef=9.54e-03 lr=6.6e-04 seed=2
iter=  33 step= 108800 ep_ret=-194.742 opt_ret=-194.742 step_rew=-1.9474 opt_step=-1.9474 gap0=194.742 dret=+89.701 eval_ret=n/a pursuer_target_distance=2.041 capture=0.010 score=0.003 pol=-0.0023 val=0.0674 ent=1.4830 tot=+0.0172 agnorm=0.066 cgnorm=0.190 kl=0.0031 clipf=0.033 ev=+0.454 r0=1.0000 entcoef=9.52e-03 lr=6.6e-04 seed=2
iter=  34 step= 112000 ep_ret=-226.290 opt_ret=-226.290 step_rew=-2.2629 opt_step=-2.2629 gap0=226.290 dret=+58.153 eval_ret=n/a pursuer_target_distance=2.259 capture=0.001 score=0.000 pol=-0.0026 val=0.0366 ent=1.4983 tot=+0.0015 agnorm=0.064 cgnorm=0.130 kl=0.0030 clipf=0.028 ev=+0.537 r0=1.0000 entcoef=9.51e-03 lr=6.6e-04 seed=2
iter=  35 step= 115200 ep_ret=-244.471 opt_ret=-244.471 step_rew=-2.4447 opt_step=-2.4447 gap0=244.471 dret=+39.971 eval_ret=n/a pursuer_target_distance=2.435 capture=0.000 score=0.000 pol=-0.0019 val=0.0400 ent=1.4773 tot=+0.0041 agnorm=0.052 cgnorm=0.128 kl=0.0026 clipf=0.017 ev=+0.548 r0=1.0000 entcoef=9.50e-03 lr=6.6e-04 seed=2
iter=  36 step= 118400 ep_ret=-241.192 opt_ret=-241.192 step_rew=-2.4119 opt_step=-2.4119 gap0=241.192 dret=+43.251 eval_ret=n/a pursuer_target_distance=2.421 capture=0.002 score=0.001 pol=-0.0028 val=0.0644 ent=1.4782 tot=+0.0153 agnorm=0.088 cgnorm=0.169 kl=0.0046 clipf=0.054 ev=+0.490 r0=1.0000 entcoef=9.48e-03 lr=6.6e-04 seed=2
iter=  37 step= 121600 ep_ret=-231.025 opt_ret=-231.025 step_rew=-2.3102 opt_step=-2.3102 gap0=231.025 dret=+53.418 eval_ret=n/a pursuer_target_distance=2.322 capture=0.002 score=0.001 pol=-0.0012 val=0.0402 ent=1.4852 tot=+0.0048 agnorm=0.059 cgnorm=0.123 kl=0.0028 clipf=0.018 ev=+0.637 r0=1.0000 entcoef=9.47e-03 lr=6.6e-04 seed=2
iter=  38 step= 124800 ep_ret=-210.023 opt_ret=-210.023 step_rew=-2.1002 opt_step=-2.1002 gap0=210.023 dret=+74.419 eval_ret=n/a pursuer_target_distance=2.121 capture=0.003 score=0.001 pol=-0.0018 val=0.0430 ent=1.4820 tot=+0.0057 agnorm=0.073 cgnorm=0.139 kl=0.0030 clipf=0.022 ev=+0.643 r0=1.0000 entcoef=9.45e-03 lr=6.6e-04 seed=2
iter=  39 step= 128000 ep_ret=-243.317 opt_ret=-243.317 step_rew=-2.4332 opt_step=-2.4332 gap0=243.317 dret=+41.125 eval_ret=n/a pursuer_target_distance=2.492 capture=0.007 score=0.002 pol=-0.0011 val=0.0597 ent=1.4839 tot=+0.0148 agnorm=0.044 cgnorm=0.157 kl=0.0008 clipf=0.004 ev=+0.535 r0=1.0000 entcoef=9.44e-03 lr=6.6e-04 seed=2
iter=  40 step= 131200 ep_ret=-220.049 opt_ret=-220.049 step_rew=-2.2005 opt_step=-2.2005 gap0=220.049 dret=+64.394 eval_ret=-177.005 pursuer_target_distance=2.209 capture=0.002 score=0.001 pol=-0.0015 val=0.0358 ent=1.4782 tot=+0.0025 agnorm=0.052 cgnorm=0.127 kl=0.0022 clipf=0.016 ev=+0.697 r0=1.0000 entcoef=9.42e-03 lr=6.6e-04 seed=2
iter=  41 step= 134400 ep_ret=-225.412 opt_ret=-225.412 step_rew=-2.2541 opt_step=-2.2541 gap0=225.412 dret=+59.031 eval_ret=n/a pursuer_target_distance=2.263 capture=0.002 score=0.001 pol=-0.0017 val=0.0389 ent=1.4957 tot=+0.0037 agnorm=0.046 cgnorm=0.138 kl=0.0021 clipf=0.011 ev=+0.597 r0=1.0000 entcoef=9.41e-03 lr=6.5e-04 seed=2
iter=  42 step= 137600 ep_ret=-264.656 opt_ret=-264.656 step_rew=-2.6466 opt_step=-2.6466 gap0=264.656 dret=+19.787 eval_ret=n/a pursuer_target_distance=2.677 capture=0.004 score=0.001 pol=-0.0022 val=0.0375 ent=1.4872 tot=+0.0026 agnorm=0.089 cgnorm=0.133 kl=0.0035 clipf=0.041 ev=+0.546 r0=1.0000 entcoef=9.39e-03 lr=6.5e-04 seed=2
iter=  43 step= 140800 ep_ret=-248.887 opt_ret=-248.887 step_rew=-2.4889 opt_step=-2.4889 gap0=248.887 dret=+35.556 eval_ret=n/a pursuer_target_distance=2.498 capture=0.002 score=0.001 pol=-0.0018 val=0.0325 ent=1.4870 tot=+0.0005 agnorm=0.063 cgnorm=0.131 kl=0.0025 clipf=0.017 ev=+0.675 r0=1.0000 entcoef=9.38e-03 lr=6.5e-04 seed=2
iter=  44 step= 144000 ep_ret=-268.379 opt_ret=-268.379 step_rew=-2.6838 opt_step=-2.6838 gap0=268.379 dret=+16.064 eval_ret=n/a pursuer_target_distance=2.674 capture=0.000 score=0.000 pol=-0.0024 val=0.0432 ent=1.4909 tot=+0.0052 agnorm=0.063 cgnorm=0.151 kl=0.0038 clipf=0.032 ev=+0.635 r0=1.0000 entcoef=9.37e-03 lr=6.5e-04 seed=2
iter=  45 step= 147200 ep_ret=-228.015 opt_ret=-228.015 step_rew=-2.2802 opt_step=-2.2802 gap0=228.015 dret=+56.428 eval_ret=n/a pursuer_target_distance=2.270 capture=0.000 score=0.000 pol=-0.0014 val=0.0358 ent=1.4758 tot=+0.0027 agnorm=0.044 cgnorm=0.121 kl=0.0019 clipf=0.014 ev=+0.683 r0=1.0000 entcoef=9.35e-03 lr=6.5e-04 seed=2
iter=  46 step= 150400 ep_ret=-216.219 opt_ret=-216.219 step_rew=-2.1622 opt_step=-2.1622 gap0=216.219 dret=+68.224 eval_ret=n/a pursuer_target_distance=2.152 capture=0.000 score=0.000 pol=-0.0016 val=0.0303 ent=1.4805 tot=-0.0003 agnorm=0.054 cgnorm=0.123 kl=0.0016 clipf=0.010 ev=+0.630 r0=1.0000 entcoef=9.34e-03 lr=6.5e-04 seed=2
iter=  47 step= 153600 ep_ret=-242.454 opt_ret=-242.454 step_rew=-2.4245 opt_step=-2.4245 gap0=242.454 dret=+41.989 eval_ret=n/a pursuer_target_distance=2.440 capture=0.003 score=0.001 pol=-0.0013 val=0.0403 ent=1.4807 tot=+0.0050 agnorm=0.055 cgnorm=0.120 kl=0.0019 clipf=0.016 ev=+0.651 r0=1.0000 entcoef=9.32e-03 lr=6.5e-04 seed=2
iter=  48 step= 156800 ep_ret=-206.596 opt_ret=-206.596 step_rew=-2.0660 opt_step=-2.0660 gap0=206.596 dret=+77.847 eval_ret=n/a pursuer_target_distance=2.103 capture=0.005 score=0.002 pol=-0.0016 val=0.0437 ent=1.4738 tot=+0.0066 agnorm=0.048 cgnorm=0.117 kl=0.0019 clipf=0.013 ev=+0.719 r0=1.0000 entcoef=9.31e-03 lr=6.5e-04 seed=2
iter=  49 step= 160000 ep_ret=-262.644 opt_ret=-262.644 step_rew=-2.6264 opt_step=-2.6264 gap0=262.644 dret=+21.799 eval_ret=n/a pursuer_target_distance=2.616 capture=0.000 score=0.000 pol=-0.0016 val=0.0333 ent=1.4746 tot=+0.0013 agnorm=0.052 cgnorm=0.114 kl=0.0032 clipf=0.032 ev=+0.608 r0=1.0000 entcoef=9.29e-03 lr=6.5e-04 seed=2
iter=  50 step= 163200 ep_ret=-223.706 opt_ret=-223.706 step_rew=-2.2371 opt_step=-2.2371 gap0=223.706 dret=+60.737 eval_ret=n/a pursuer_target_distance=2.240 capture=0.001 score=0.000 pol=-0.0011 val=0.0450 ent=1.4739 tot=+0.0077 agnorm=0.052 cgnorm=0.140 kl=0.0019 clipf=0.017 ev=+0.673 r0=1.0000 entcoef=9.28e-03 lr=6.4e-04 seed=2
iter=  51 step= 166400 ep_ret=-216.758 opt_ret=-216.758 step_rew=-2.1676 opt_step=-2.1676 gap0=216.758 dret=+67.684 eval_ret=n/a pursuer_target_distance=2.189 capture=0.003 score=0.001 pol=-0.0024 val=0.0345 ent=1.4521 tot=+0.0013 agnorm=0.070 cgnorm=0.109 kl=0.0030 clipf=0.028 ev=+0.714 r0=1.0000 entcoef=9.26e-03 lr=6.4e-04 seed=2
iter=  52 step= 169600 ep_ret=-243.868 opt_ret=-243.868 step_rew=-2.4387 opt_step=-2.4387 gap0=243.868 dret=+40.574 eval_ret=n/a pursuer_target_distance=2.429 capture=0.000 score=0.000 pol=-0.0018 val=0.0327 ent=1.4523 tot=+0.0011 agnorm=0.056 cgnorm=0.111 kl=0.0029 clipf=0.025 ev=+0.646 r0=1.0000 entcoef=9.25e-03 lr=6.4e-04 seed=2
iter=  53 step= 172800 ep_ret=-216.860 opt_ret=-216.860 step_rew=-2.1686 opt_step=-2.1686 gap0=216.860 dret=+67.583 eval_ret=n/a pursuer_target_distance=2.159 capture=0.000 score=0.000 pol=-0.0006 val=0.0397 ent=1.4408 tot=+0.0059 agnorm=0.031 cgnorm=0.099 kl=0.0013 clipf=0.007 ev=+0.733 r0=1.0000 entcoef=9.24e-03 lr=6.4e-04 seed=2
iter=  54 step= 176000 ep_ret=-270.997 opt_ret=-270.997 step_rew=-2.7100 opt_step=-2.7100 gap0=270.997 dret=+13.445 eval_ret=n/a pursuer_target_distance=2.700 capture=0.000 score=0.000 pol=-0.0018 val=0.0482 ent=1.4237 tot=+0.0091 agnorm=0.055 cgnorm=0.116 kl=0.0023 clipf=0.017 ev=+0.680 r0=1.0000 entcoef=9.22e-03 lr=6.4e-04 seed=2
iter=  55 step= 179200 ep_ret=-232.080 opt_ret=-232.080 step_rew=-2.3208 opt_step=-2.3208 gap0=232.080 dret=+52.363 eval_ret=n/a pursuer_target_distance=2.333 capture=0.002 score=0.001 pol=-0.0011 val=0.0627 ent=1.4082 tot=+0.0172 agnorm=0.046 cgnorm=0.152 kl=0.0015 clipf=0.010 ev=+0.370 r0=1.0000 entcoef=9.21e-03 lr=6.4e-04 seed=2
iter=  56 step= 182400 ep_ret=-200.000 opt_ret=-200.000 step_rew=-2.0000 opt_step=-2.0000 gap0=200.000 dret=+84.443 eval_ret=n/a pursuer_target_distance=1.990 capture=0.000 score=0.000 pol=-0.0010 val=0.0336 ent=1.4516 tot=+0.0024 agnorm=0.051 cgnorm=0.121 kl=0.0018 clipf=0.012 ev=+0.679 r0=1.0000 entcoef=9.19e-03 lr=6.4e-04 seed=2
iter=  57 step= 185600 ep_ret=-232.822 opt_ret=-232.822 step_rew=-2.3282 opt_step=-2.3282 gap0=232.822 dret=+51.621 eval_ret=n/a pursuer_target_distance=2.321 capture=0.000 score=0.000 pol=-0.0014 val=0.0507 ent=1.4284 tot=+0.0109 agnorm=0.043 cgnorm=0.102 kl=0.0018 clipf=0.013 ev=+0.664 r0=1.0000 entcoef=9.18e-03 lr=6.4e-04 seed=2
iter=  58 step= 188800 ep_ret=-240.332 opt_ret=-240.332 step_rew=-2.4033 opt_step=-2.4033 gap0=240.332 dret=+44.110 eval_ret=n/a pursuer_target_distance=2.446 capture=0.005 score=0.002 pol=-0.0017 val=0.0363 ent=1.4426 tot=+0.0032 agnorm=0.054 cgnorm=0.090 kl=0.0020 clipf=0.017 ev=+0.697 r0=1.0000 entcoef=9.16e-03 lr=6.4e-04 seed=2
iter=  59 step= 192000 ep_ret=-243.764 opt_ret=-243.764 step_rew=-2.4376 opt_step=-2.4376 gap0=243.764 dret=+40.679 eval_ret=n/a pursuer_target_distance=2.437 capture=0.001 score=0.000 pol=-0.0022 val=0.0647 ent=1.4509 tot=+0.0168 agnorm=0.063 cgnorm=0.132 kl=0.0040 clipf=0.039 ev=+0.626 r0=1.0000 entcoef=9.15e-03 lr=6.3e-04 seed=2
iter=  60 step= 195200 ep_ret=-250.889 opt_ret=-250.889 step_rew=-2.5089 opt_step=-2.5089 gap0=250.889 dret=+33.554 eval_ret=-197.089 pursuer_target_distance=2.502 capture=0.000 score=0.000 pol=-0.0017 val=0.0339 ent=1.4567 tot=+0.0019 agnorm=0.060 cgnorm=0.109 kl=0.0026 clipf=0.018 ev=+0.708 r0=1.0000 entcoef=9.13e-03 lr=6.3e-04 seed=2
iter=  61 step= 198400 ep_ret=-225.987 opt_ret=-225.987 step_rew=-2.2599 opt_step=-2.2599 gap0=225.987 dret=+58.455 eval_ret=n/a pursuer_target_distance=2.287 capture=0.004 score=0.001 pol=-0.0014 val=0.0581 ent=1.4551 tot=+0.0144 agnorm=0.051 cgnorm=0.132 kl=0.0022 clipf=0.013 ev=+0.520 r0=1.0000 entcoef=9.12e-03 lr=6.3e-04 seed=2
iter=  62 step= 201600 ep_ret=-211.376 opt_ret=-211.376 step_rew=-2.1138 opt_step=-2.1138 gap0=211.376 dret=+73.066 eval_ret=n/a pursuer_target_distance=2.116 capture=0.001 score=0.000 pol=-0.0017 val=0.0374 ent=1.4698 tot=+0.0036 agnorm=0.054 cgnorm=0.114 kl=0.0025 clipf=0.013 ev=+0.679 r0=1.0000 entcoef=9.11e-03 lr=6.3e-04 seed=2
iter=  63 step= 204800 ep_ret=-206.660 opt_ret=-206.660 step_rew=-2.0666 opt_step=-2.0666 gap0=206.660 dret=+77.783 eval_ret=n/a pursuer_target_distance=2.072 capture=0.002 score=0.001 pol=-0.0022 val=0.0311 ent=1.4458 tot=+0.0002 agnorm=0.064 cgnorm=0.095 kl=0.0037 clipf=0.039 ev=+0.748 r0=1.0000 entcoef=9.09e-03 lr=6.3e-04 seed=2
iter=  64 step= 208000 ep_ret=-229.559 opt_ret=-229.559 step_rew=-2.2956 opt_step=-2.2956 gap0=229.559 dret=+54.884 eval_ret=n/a pursuer_target_distance=2.286 capture=0.000 score=0.000 pol=-0.0018 val=0.0351 ent=1.4626 tot=+0.0025 agnorm=0.060 cgnorm=0.114 kl=0.0030 clipf=0.026 ev=+0.741 r0=1.0000 entcoef=9.08e-03 lr=6.3e-04 seed=2
iter=  65 step= 211200 ep_ret=-228.761 opt_ret=-228.761 step_rew=-2.2876 opt_step=-2.2876 gap0=228.761 dret=+55.681 eval_ret=n/a pursuer_target_distance=2.315 capture=0.004 score=0.001 pol=-0.0016 val=0.0706 ent=1.4639 tot=+0.0205 agnorm=0.056 cgnorm=0.131 kl=0.0028 clipf=0.019 ev=+0.555 r0=1.0000 entcoef=9.06e-03 lr=6.3e-04 seed=2
iter=  66 step= 214400 ep_ret=-204.629 opt_ret=-204.629 step_rew=-2.0463 opt_step=-2.0463 gap0=204.629 dret=+79.814 eval_ret=n/a pursuer_target_distance=2.074 capture=0.004 score=0.001 pol=-0.0016 val=0.0406 ent=1.4567 tot=+0.0055 agnorm=0.051 cgnorm=0.110 kl=0.0018 clipf=0.011 ev=+0.644 r0=1.0000 entcoef=9.05e-03 lr=6.3e-04 seed=2
iter=  67 step= 217600 ep_ret=-251.689 opt_ret=-251.689 step_rew=-2.5169 opt_step=-2.5169 gap0=251.689 dret=+32.754 eval_ret=n/a pursuer_target_distance=2.554 capture=0.005 score=0.001 pol=-0.0018 val=0.0451 ent=1.4711 tot=+0.0074 agnorm=0.073 cgnorm=0.097 kl=0.0027 clipf=0.025 ev=+0.712 r0=1.0000 entcoef=9.03e-03 lr=6.3e-04 seed=2
iter=  68 step= 220800 ep_ret=-234.676 opt_ret=-234.676 step_rew=-2.3468 opt_step=-2.3468 gap0=234.676 dret=+49.766 eval_ret=n/a pursuer_target_distance=2.337 capture=0.000 score=0.000 pol=-0.0023 val=0.0340 ent=1.4653 tot=+0.0015 agnorm=0.066 cgnorm=0.092 kl=0.0036 clipf=0.037 ev=+0.650 r0=1.0000 entcoef=9.02e-03 lr=6.2e-04 seed=2
iter=  69 step= 224000 ep_ret=-264.252 opt_ret=-264.252 step_rew=-2.6425 opt_step=-2.6425 gap0=264.252 dret=+20.191 eval_ret=n/a pursuer_target_distance=2.633 capture=0.000 score=0.000 pol=-0.0015 val=0.0467 ent=1.4634 tot=+0.0086 agnorm=0.060 cgnorm=0.122 kl=0.0032 clipf=0.028 ev=+0.664 r0=1.0000 entcoef=9.00e-03 lr=6.2e-04 seed=2
iter=  70 step= 227200 ep_ret=-190.356 opt_ret=-190.356 step_rew=-1.9036 opt_step=-1.9036 gap0=190.356 dret=+94.086 eval_ret=n/a pursuer_target_distance=1.915 capture=0.002 score=0.001 pol=-0.0018 val=0.0324 ent=1.4808 tot=+0.0011 agnorm=0.053 cgnorm=0.093 kl=0.0031 clipf=0.025 ev=+0.761 r0=1.0000 entcoef=8.99e-03 lr=6.2e-04 seed=2
iter=  71 step= 230400 ep_ret=-235.333 opt_ret=-235.333 step_rew=-2.3533 opt_step=-2.3533 gap0=235.333 dret=+49.110 eval_ret=n/a pursuer_target_distance=2.343 capture=0.000 score=0.000 pol=-0.0024 val=0.0410 ent=1.4737 tot=+0.0049 agnorm=0.069 cgnorm=0.100 kl=0.0034 clipf=0.039 ev=+0.647 r0=1.0000 entcoef=8.98e-03 lr=6.2e-04 seed=2
iter=  72 step= 233600 ep_ret=-238.520 opt_ret=-238.520 step_rew=-2.3852 opt_step=-2.3852 gap0=238.520 dret=+45.923 eval_ret=n/a pursuer_target_distance=2.378 capture=0.000 score=0.000 pol=-0.0020 val=0.0478 ent=1.4589 tot=+0.0088 agnorm=0.068 cgnorm=0.094 kl=0.0034 clipf=0.030 ev=+0.622 r0=1.0000 entcoef=8.96e-03 lr=6.2e-04 seed=2
iter=  73 step= 236800 ep_ret=-235.978 opt_ret=-235.978 step_rew=-2.3598 opt_step=-2.3598 gap0=235.978 dret=+48.465 eval_ret=n/a pursuer_target_distance=2.353 capture=0.000 score=0.000 pol=-0.0014 val=0.0373 ent=1.4346 tot=+0.0044 agnorm=0.052 cgnorm=0.090 kl=0.0028 clipf=0.021 ev=+0.719 r0=1.0000 entcoef=8.95e-03 lr=6.2e-04 seed=2
iter=  74 step= 240000 ep_ret=-248.571 opt_ret=-248.571 step_rew=-2.4857 opt_step=-2.4857 gap0=248.571 dret=+35.872 eval_ret=n/a pursuer_target_distance=2.501 capture=0.003 score=0.001 pol=-0.0020 val=0.0611 ent=1.4533 tot=+0.0156 agnorm=0.069 cgnorm=0.139 kl=0.0028 clipf=0.031 ev=+0.603 r0=1.0000 entcoef=8.93e-03 lr=6.2e-04 seed=2
iter=  75 step= 243200 ep_ret=-247.109 opt_ret=-247.109 step_rew=-2.4711 opt_step=-2.4711 gap0=247.109 dret=+37.334 eval_ret=n/a pursuer_target_distance=2.461 capture=0.000 score=0.000 pol=-0.0012 val=0.0584 ent=1.4465 tot=+0.0151 agnorm=0.045 cgnorm=0.105 kl=0.0034 clipf=0.031 ev=+0.573 r0=1.0000 entcoef=8.92e-03 lr=6.2e-04 seed=2
iter=  76 step= 246400 ep_ret=-202.889 opt_ret=-202.889 step_rew=-2.0289 opt_step=-2.0289 gap0=202.889 dret=+81.553 eval_ret=n/a pursuer_target_distance=2.031 capture=0.001 score=0.000 pol=-0.0017 val=0.0518 ent=1.4305 tot=+0.0115 agnorm=0.050 cgnorm=0.129 kl=0.0031 clipf=0.028 ev=+0.610 r0=1.0000 entcoef=8.90e-03 lr=6.2e-04 seed=2
iter=  77 step= 249600 ep_ret=-202.663 opt_ret=-202.663 step_rew=-2.0266 opt_step=-2.0266 gap0=202.663 dret=+81.780 eval_ret=n/a pursuer_target_distance=2.073 capture=0.006 score=0.002 pol=-0.0018 val=0.0479 ent=1.4188 tot=+0.0095 agnorm=0.049 cgnorm=0.100 kl=0.0027 clipf=0.021 ev=+0.785 r0=1.0000 entcoef=8.89e-03 lr=6.1e-04 seed=2
iter=  78 step= 252800 ep_ret=-219.083 opt_ret=-219.083 step_rew=-2.1908 opt_step=-2.1908 gap0=219.083 dret=+65.359 eval_ret=n/a pursuer_target_distance=2.181 capture=0.000 score=0.000 pol=-0.0025 val=0.0386 ent=1.3833 tot=+0.0045 agnorm=0.071 cgnorm=0.090 kl=0.0034 clipf=0.031 ev=+0.590 r0=1.0000 entcoef=8.88e-03 lr=6.1e-04 seed=2
iter=  79 step= 256000 ep_ret=-223.383 opt_ret=-223.383 step_rew=-2.2338 opt_step=-2.2338 gap0=223.383 dret=+61.059 eval_ret=n/a pursuer_target_distance=2.255 capture=0.003 score=0.001 pol=-0.0018 val=0.0346 ent=1.3860 tot=+0.0032 agnorm=0.078 cgnorm=0.085 kl=0.0033 clipf=0.028 ev=+0.684 r0=1.0000 entcoef=8.86e-03 lr=6.1e-04 seed=2
iter=  80 step= 259200 ep_ret=-259.949 opt_ret=-259.949 step_rew=-2.5995 opt_step=-2.5995 gap0=259.949 dret=+24.494 eval_ret=-207.382 pursuer_target_distance=2.589 capture=0.000 score=0.000 pol=-0.0021 val=0.0427 ent=1.4041 tot=+0.0068 agnorm=0.071 cgnorm=0.121 kl=0.0035 clipf=0.038 ev=+0.496 r0=1.0000 entcoef=8.85e-03 lr=6.1e-04 seed=2
iter=  81 step= 262400 ep_ret=-220.492 opt_ret=-220.492 step_rew=-2.2049 opt_step=-2.2049 gap0=220.492 dret=+63.951 eval_ret=n/a pursuer_target_distance=2.242 capture=0.005 score=0.001 pol=-0.0025 val=0.0359 ent=1.4181 tot=+0.0029 agnorm=0.063 cgnorm=0.084 kl=0.0035 clipf=0.033 ev=+0.678 r0=1.0000 entcoef=8.83e-03 lr=6.1e-04 seed=2
iter=  82 step= 265600 ep_ret=-215.077 opt_ret=-215.077 step_rew=-2.1508 opt_step=-2.1508 gap0=215.077 dret=+69.365 eval_ret=n/a pursuer_target_distance=2.153 capture=0.001 score=0.000 pol=-0.0021 val=0.0359 ent=1.4217 tot=+0.0033 agnorm=0.075 cgnorm=0.091 kl=0.0036 clipf=0.042 ev=+0.619 r0=1.0000 entcoef=8.82e-03 lr=6.1e-04 seed=2
iter=  83 step= 268800 ep_ret=-206.219 opt_ret=-206.219 step_rew=-2.0622 opt_step=-2.0622 gap0=206.219 dret=+78.224 eval_ret=n/a pursuer_target_distance=2.058 capture=0.001 score=0.000 pol=-0.0016 val=0.0315 ent=1.4089 tot=+0.0017 agnorm=0.054 cgnorm=0.101 kl=0.0030 clipf=0.028 ev=+0.698 r0=1.0000 entcoef=8.80e-03 lr=6.1e-04 seed=2
iter=  84 step= 272000 ep_ret=-257.082 opt_ret=-257.082 step_rew=-2.5708 opt_step=-2.5708 gap0=257.082 dret=+27.361 eval_ret=n/a pursuer_target_distance=2.617 capture=0.006 score=0.002 pol=-0.0018 val=0.0531 ent=1.4111 tot=+0.0124 agnorm=0.050 cgnorm=0.092 kl=0.0026 clipf=0.025 ev=+0.681 r0=1.0000 entcoef=8.79e-03 lr=6.1e-04 seed=2
iter=  85 step= 275200 ep_ret=-254.951 opt_ret=-254.951 step_rew=-2.5495 opt_step=-2.5495 gap0=254.951 dret=+29.492 eval_ret=n/a pursuer_target_distance=2.549 capture=0.001 score=0.000 pol=-0.0016 val=0.0422 ent=1.4060 tot=+0.0072 agnorm=0.056 cgnorm=0.077 kl=0.0025 clipf=0.019 ev=+0.656 r0=1.0000 entcoef=8.77e-03 lr=6.1e-04 seed=2
iter=  86 step= 278400 ep_ret=-280.478 opt_ret=-280.478 step_rew=-2.8048 opt_step=-2.8048 gap0=280.478 dret=+3.965 eval_ret=n/a pursuer_target_distance=2.795 capture=0.000 score=0.000 pol=-0.0016 val=0.0942 ent=1.3857 tot=+0.0334 agnorm=0.052 cgnorm=0.125 kl=0.0026 clipf=0.025 ev=+0.519 r0=1.0000 entcoef=8.76e-03 lr=6.0e-04 seed=2
iter=  87 step= 281600 ep_ret=-218.289 opt_ret=-218.289 step_rew=-2.1829 opt_step=-2.1829 gap0=218.289 dret=+66.153 eval_ret=n/a pursuer_target_distance=2.173 capture=0.000 score=0.000 pol=-0.0024 val=0.0416 ent=1.4051 tot=+0.0061 agnorm=0.062 cgnorm=0.084 kl=0.0028 clipf=0.021 ev=+0.705 r0=1.0000 entcoef=8.75e-03 lr=6.0e-04 seed=2
iter=  88 step= 284800 ep_ret=-263.465 opt_ret=-263.465 step_rew=-2.6347 opt_step=-2.6347 gap0=263.465 dret=+20.977 eval_ret=n/a pursuer_target_distance=2.637 capture=0.001 score=0.000 pol=-0.0019 val=0.0664 ent=1.4083 tot=+0.0190 agnorm=0.057 cgnorm=0.125 kl=0.0029 clipf=0.025 ev=+0.600 r0=1.0000 entcoef=8.73e-03 lr=6.0e-04 seed=2
iter=  89 step= 288000 ep_ret=-219.731 opt_ret=-219.731 step_rew=-2.1973 opt_step=-2.1973 gap0=219.731 dret=+64.712 eval_ret=n/a pursuer_target_distance=2.222 capture=0.003 score=0.001 pol=-0.0020 val=0.0688 ent=1.4198 tot=+0.0200 agnorm=0.062 cgnorm=0.113 kl=0.0028 clipf=0.027 ev=+0.551 r0=1.0000 entcoef=8.72e-03 lr=6.0e-04 seed=2
iter=  90 step= 291200 ep_ret=-223.467 opt_ret=-223.467 step_rew=-2.2347 opt_step=-2.2347 gap0=223.467 dret=+60.976 eval_ret=n/a pursuer_target_distance=2.225 capture=0.000 score=0.000 pol=-0.0012 val=0.0469 ent=1.4408 tot=+0.0098 agnorm=0.054 cgnorm=0.114 kl=0.0023 clipf=0.017 ev=+0.671 r0=1.0000 entcoef=8.70e-03 lr=6.0e-04 seed=2
iter=  91 step= 294400 ep_ret=-246.821 opt_ret=-246.821 step_rew=-2.4682 opt_step=-2.4682 gap0=246.821 dret=+37.622 eval_ret=n/a pursuer_target_distance=2.474 capture=0.002 score=0.000 pol=-0.0022 val=0.0617 ent=1.4489 tot=+0.0161 agnorm=0.059 cgnorm=0.132 kl=0.0026 clipf=0.019 ev=+0.585 r0=1.0000 entcoef=8.69e-03 lr=6.0e-04 seed=2
iter=  92 step= 297600 ep_ret=-198.231 opt_ret=-198.231 step_rew=-1.9823 opt_step=-1.9823 gap0=198.231 dret=+86.212 eval_ret=n/a pursuer_target_distance=1.972 capture=0.000 score=0.000 pol=-0.0021 val=0.0366 ent=1.4317 tot=+0.0038 agnorm=0.067 cgnorm=0.102 kl=0.0041 clipf=0.040 ev=+0.739 r0=1.0000 entcoef=8.67e-03 lr=6.0e-04 seed=2
iter=  93 step= 300800 ep_ret=-223.048 opt_ret=-223.048 step_rew=-2.2305 opt_step=-2.2305 gap0=223.048 dret=+61.395 eval_ret=n/a pursuer_target_distance=2.283 capture=0.006 score=0.002 pol=-0.0015 val=0.0558 ent=1.4395 tot=+0.0140 agnorm=0.052 cgnorm=0.104 kl=0.0020 clipf=0.019 ev=+0.674 r0=1.0000 entcoef=8.66e-03 lr=6.0e-04 seed=2
iter=  94 step= 304000 ep_ret=-236.457 opt_ret=-236.457 step_rew=-2.3646 opt_step=-2.3646 gap0=236.457 dret=+47.986 eval_ret=n/a pursuer_target_distance=2.370 capture=0.002 score=0.000 pol=-0.0019 val=0.0384 ent=1.4361 tot=+0.0049 agnorm=0.047 cgnorm=0.105 kl=0.0023 clipf=0.015 ev=+0.702 r0=1.0000 entcoef=8.64e-03 lr=6.0e-04 seed=2
iter=  95 step= 307200 ep_ret=-222.039 opt_ret=-222.039 step_rew=-2.2204 opt_step=-2.2204 gap0=222.039 dret=+62.403 eval_ret=n/a pursuer_target_distance=2.257 capture=0.005 score=0.001 pol=-0.0015 val=0.0468 ent=1.4321 tot=+0.0095 agnorm=0.049 cgnorm=0.091 kl=0.0014 clipf=0.006 ev=+0.743 r0=1.0000 entcoef=8.63e-03 lr=5.9e-04 seed=2
iter=  96 step= 310400 ep_ret=-207.236 opt_ret=-207.236 step_rew=-2.0724 opt_step=-2.0724 gap0=207.236 dret=+77.207 eval_ret=n/a pursuer_target_distance=2.097 capture=0.003 score=0.001 pol=-0.0018 val=0.0505 ent=1.4522 tot=+0.0109 agnorm=0.068 cgnorm=0.106 kl=0.0033 clipf=0.021 ev=+0.518 r0=1.0000 entcoef=8.62e-03 lr=5.9e-04 seed=2
iter=  97 step= 313600 ep_ret=-240.482 opt_ret=-240.482 step_rew=-2.4048 opt_step=-2.4048 gap0=240.482 dret=+43.961 eval_ret=n/a pursuer_target_distance=2.395 capture=0.000 score=0.000 pol=-0.0016 val=0.0596 ent=1.4302 tot=+0.0160 agnorm=0.060 cgnorm=0.128 kl=0.0031 clipf=0.024 ev=+0.538 r0=1.0000 entcoef=8.60e-03 lr=5.9e-04 seed=2
iter=  98 step= 316800 ep_ret=-225.231 opt_ret=-225.231 step_rew=-2.2523 opt_step=-2.2523 gap0=225.231 dret=+59.211 eval_ret=n/a pursuer_target_distance=2.255 capture=0.001 score=0.000 pol=-0.0016 val=0.0448 ent=1.4336 tot=+0.0085 agnorm=0.053 cgnorm=0.093 kl=0.0023 clipf=0.015 ev=+0.721 r0=1.0000 entcoef=8.59e-03 lr=5.9e-04 seed=2
iter=  99 step= 320000 ep_ret=-257.957 opt_ret=-257.957 step_rew=-2.5796 opt_step=-2.5796 gap0=257.957 dret=+26.486 eval_ret=n/a pursuer_target_distance=2.570 capture=0.000 score=0.000 pol=-0.0020 val=0.0507 ent=1.4684 tot=+0.0107 agnorm=0.069 cgnorm=0.119 kl=0.0031 clipf=0.024 ev=+0.554 r0=1.0000 entcoef=8.57e-03 lr=5.9e-04 seed=2
iter= 100 step= 323200 ep_ret=-248.777 opt_ret=-248.777 step_rew=-2.4878 opt_step=-2.4878 gap0=248.777 dret=+35.666 eval_ret=-148.138 pursuer_target_distance=2.478 capture=0.000 score=0.000 pol=-0.0008 val=0.0457 ent=1.4446 tot=+0.0097 agnorm=0.045 cgnorm=0.083 kl=0.0014 clipf=0.002 ev=+0.699 r0=1.0000 entcoef=8.56e-03 lr=5.9e-04 seed=2
iter= 101 step= 326400 ep_ret=-232.721 opt_ret=-232.721 step_rew=-2.3272 opt_step=-2.3272 gap0=232.721 dret=+51.721 eval_ret=n/a pursuer_target_distance=2.317 capture=0.000 score=0.000 pol=-0.0015 val=0.0645 ent=1.4459 tot=+0.0184 agnorm=0.051 cgnorm=0.129 kl=0.0013 clipf=0.008 ev=+0.386 r0=1.0000 entcoef=8.54e-03 lr=5.9e-04 seed=2
iter= 102 step= 329600 ep_ret=-235.947 opt_ret=-235.947 step_rew=-2.3595 opt_step=-2.3595 gap0=235.947 dret=+48.496 eval_ret=n/a pursuer_target_distance=2.349 capture=0.000 score=0.000 pol=-0.0013 val=0.0483 ent=1.4588 tot=+0.0104 agnorm=0.059 cgnorm=0.102 kl=0.0019 clipf=0.011 ev=+0.577 r0=1.0000 entcoef=8.53e-03 lr=5.9e-04 seed=2
iter= 103 step= 332800 ep_ret=-200.557 opt_ret=-200.557 step_rew=-2.0056 opt_step=-2.0056 gap0=200.557 dret=+83.886 eval_ret=n/a pursuer_target_distance=2.089 capture=0.009 score=0.003 pol=-0.0024 val=0.0795 ent=1.4570 tot=+0.0249 agnorm=0.085 cgnorm=0.122 kl=0.0032 clipf=0.036 ev=+0.496 r0=1.0000 entcoef=8.51e-03 lr=5.9e-04 seed=2
iter= 104 step= 336000 ep_ret=-231.561 opt_ret=-231.561 step_rew=-2.3156 opt_step=-2.3156 gap0=231.561 dret=+52.882 eval_ret=n/a pursuer_target_distance=2.306 capture=0.000 score=0.000 pol=-0.0009 val=0.0613 ent=1.4743 tot=+0.0172 agnorm=0.053 cgnorm=0.114 kl=0.0020 clipf=0.020 ev=+0.296 r0=1.0000 entcoef=8.50e-03 lr=5.9e-04 seed=2
iter= 105 step= 339200 ep_ret=-191.330 opt_ret=-191.330 step_rew=-1.9133 opt_step=-1.9133 gap0=191.330 dret=+93.112 eval_ret=n/a pursuer_target_distance=1.950 capture=0.005 score=0.002 pol=-0.0017 val=0.0634 ent=1.4804 tot=+0.0175 agnorm=0.070 cgnorm=0.097 kl=0.0020 clipf=0.011 ev=+0.628 r0=1.0000 entcoef=8.49e-03 lr=5.8e-04 seed=2
iter= 106 step= 342400 ep_ret=-231.427 opt_ret=-231.427 step_rew=-2.3143 opt_step=-2.3143 gap0=231.427 dret=+53.016 eval_ret=n/a pursuer_target_distance=2.307 capture=0.000 score=0.000 pol=-0.0021 val=0.0423 ent=1.4781 tot=+0.0065 agnorm=0.077 cgnorm=0.080 kl=0.0042 clipf=0.038 ev=+0.684 r0=1.0000 entcoef=8.47e-03 lr=5.8e-04 seed=2
iter= 107 step= 345600 ep_ret=-230.551 opt_ret=-230.551 step_rew=-2.3055 opt_step=-2.3055 gap0=230.551 dret=+53.891 eval_ret=n/a pursuer_target_distance=2.296 capture=0.000 score=0.000 pol=-0.0023 val=0.0401 ent=1.4888 tot=+0.0051 agnorm=0.095 cgnorm=0.079 kl=0.0035 clipf=0.034 ev=+0.527 r0=1.0000 entcoef=8.46e-03 lr=5.8e-04 seed=2
iter= 108 step= 348800 ep_ret=-189.260 opt_ret=-189.260 step_rew=-1.8926 opt_step=-1.8926 gap0=189.260 dret=+95.183 eval_ret=n/a pursuer_target_distance=1.958 capture=0.007 score=0.003 pol=-0.0013 val=0.0683 ent=1.5090 tot=+0.0201 agnorm=0.040 cgnorm=0.105 kl=0.0027 clipf=0.018 ev=+0.508 r0=1.0000 entcoef=8.44e-03 lr=5.8e-04 seed=2
iter= 109 step= 352000 ep_ret=-245.211 opt_ret=-245.211 step_rew=-2.4521 opt_step=-2.4521 gap0=245.211 dret=+39.232 eval_ret=n/a pursuer_target_distance=2.442 capture=0.000 score=0.000 pol=-0.0019 val=0.0536 ent=1.5290 tot=+0.0120 agnorm=0.078 cgnorm=0.097 kl=0.0031 clipf=0.029 ev=+0.449 r0=1.0000 entcoef=8.43e-03 lr=5.8e-04 seed=2
iter= 110 step= 355200 ep_ret=-244.326 opt_ret=-244.326 step_rew=-2.4433 opt_step=-2.4433 gap0=244.326 dret=+40.116 eval_ret=n/a pursuer_target_distance=2.433 capture=0.000 score=0.000 pol=-0.0011 val=0.0564 ent=1.5257 tot=+0.0142 agnorm=0.064 cgnorm=0.082 kl=0.0024 clipf=0.017 ev=+0.420 r0=1.0000 entcoef=8.41e-03 lr=5.8e-04 seed=2
iter= 111 step= 358400 ep_ret=-223.391 opt_ret=-223.391 step_rew=-2.2339 opt_step=-2.2339 gap0=223.391 dret=+61.052 eval_ret=n/a pursuer_target_distance=2.224 capture=0.000 score=0.000 pol=-0.0017 val=0.0525 ent=1.5327 tot=+0.0117 agnorm=0.098 cgnorm=0.111 kl=0.0040 clipf=0.044 ev=+0.431 r0=1.0000 entcoef=8.40e-03 lr=5.8e-04 seed=2
iter= 112 step= 361600 ep_ret=-227.349 opt_ret=-227.349 step_rew=-2.2735 opt_step=-2.2735 gap0=227.349 dret=+57.093 eval_ret=n/a pursuer_target_distance=2.279 capture=0.002 score=0.000 pol=-0.0015 val=0.0850 ent=1.5462 tot=+0.0281 agnorm=0.071 cgnorm=0.112 kl=0.0034 clipf=0.032 ev=+0.481 r0=1.0000 entcoef=8.38e-03 lr=5.8e-04 seed=2
iter= 113 step= 364800 ep_ret=-257.697 opt_ret=-257.697 step_rew=-2.5770 opt_step=-2.5770 gap0=257.697 dret=+26.746 eval_ret=n/a pursuer_target_distance=2.570 capture=0.000 score=0.000 pol=-0.0014 val=0.0577 ent=1.5267 tot=+0.0146 agnorm=0.055 cgnorm=0.106 kl=0.0031 clipf=0.019 ev=+0.402 r0=1.0000 entcoef=8.37e-03 lr=5.8e-04 seed=2
iter= 114 step= 368000 ep_ret=-205.012 opt_ret=-205.012 step_rew=-2.0501 opt_step=-2.0501 gap0=205.012 dret=+79.430 eval_ret=n/a pursuer_target_distance=2.062 capture=0.002 score=0.001 pol=-0.0016 val=0.0383 ent=1.5239 tot=+0.0048 agnorm=0.062 cgnorm=0.078 kl=0.0023 clipf=0.020 ev=+0.398 r0=1.0000 entcoef=8.36e-03 lr=5.7e-04 seed=2
iter= 115 step= 371200 ep_ret=-238.184 opt_ret=-238.184 step_rew=-2.3818 opt_step=-2.3818 gap0=238.184 dret=+46.259 eval_ret=n/a pursuer_target_distance=2.400 capture=0.003 score=0.001 pol=-0.0017 val=0.0650 ent=1.5229 tot=+0.0180 agnorm=0.068 cgnorm=0.117 kl=0.0024 clipf=0.024 ev=+0.312 r0=1.0000 entcoef=8.34e-03 lr=5.7e-04 seed=2
iter= 116 step= 374400 ep_ret=-247.412 opt_ret=-247.412 step_rew=-2.4741 opt_step=-2.4741 gap0=247.412 dret=+37.031 eval_ret=n/a pursuer_target_distance=2.523 capture=0.006 score=0.002 pol=-0.0008 val=0.0992 ent=1.5366 tot=+0.0360 agnorm=0.058 cgnorm=0.137 kl=0.0015 clipf=0.007 ev=-0.039 r0=1.0000 entcoef=8.33e-03 lr=5.7e-04 seed=2
iter= 117 step= 377600 ep_ret=-230.161 opt_ret=-230.161 step_rew=-2.3016 opt_step=-2.3016 gap0=230.161 dret=+54.281 eval_ret=n/a pursuer_target_distance=2.292 capture=0.000 score=0.000 pol=-0.0013 val=0.0583 ent=1.5131 tot=+0.0153 agnorm=0.035 cgnorm=0.105 kl=0.0023 clipf=0.007 ev=+0.207 r0=1.0000 entcoef=8.31e-03 lr=5.7e-04 seed=2
iter= 118 step= 380800 ep_ret=-277.637 opt_ret=-277.637 step_rew=-2.7764 opt_step=-2.7764 gap0=277.637 dret=+6.806 eval_ret=n/a pursuer_target_distance=2.779 capture=0.001 score=0.000 pol=-0.0021 val=0.1249 ent=1.5084 tot=+0.0479 agnorm=0.067 cgnorm=0.114 kl=0.0025 clipf=0.022 ev=+0.054 r0=1.0000 entcoef=8.30e-03 lr=5.7e-04 seed=2
iter= 119 step= 384000 ep_ret=-203.250 opt_ret=-203.250 step_rew=-2.0325 opt_step=-2.0325 gap0=203.250 dret=+81.192 eval_ret=n/a pursuer_target_distance=2.023 capture=0.000 score=0.000 pol=-0.0017 val=0.0318 ent=1.4851 tot=+0.0019 agnorm=0.049 cgnorm=0.080 kl=0.0020 clipf=0.006 ev=+0.566 r0=1.0000 entcoef=8.28e-03 lr=5.7e-04 seed=2
iter= 120 step= 387200 ep_ret=-223.468 opt_ret=-223.468 step_rew=-2.2347 opt_step=-2.2347 gap0=223.468 dret=+60.975 eval_ret=-176.937 pursuer_target_distance=2.225 capture=0.000 score=0.000 pol=-0.0014 val=0.0676 ent=1.4713 tot=+0.0202 agnorm=0.052 cgnorm=0.081 kl=0.0019 clipf=0.011 ev=+0.334 r0=1.0000 entcoef=8.27e-03 lr=5.7e-04 seed=2
iter= 121 step= 390400 ep_ret=-226.974 opt_ret=-226.974 step_rew=-2.2697 opt_step=-2.2697 gap0=226.974 dret=+57.469 eval_ret=n/a pursuer_target_distance=2.278 capture=0.002 score=0.001 pol=-0.0015 val=0.0764 ent=1.4519 tot=+0.0248 agnorm=0.068 cgnorm=0.097 kl=0.0018 clipf=0.011 ev=+0.211 r0=1.0000 entcoef=8.25e-03 lr=5.7e-04 seed=2
iter= 122 step= 393600 ep_ret=-240.549 opt_ret=-240.549 step_rew=-2.4055 opt_step=-2.4055 gap0=240.549 dret=+43.894 eval_ret=n/a pursuer_target_distance=2.427 capture=0.003 score=0.001 pol=-0.0009 val=0.0864 ent=1.4243 tot=+0.0305 agnorm=0.050 cgnorm=0.116 kl=0.0021 clipf=0.013 ev=+0.427 r0=1.0000 entcoef=8.24e-03 lr=5.7e-04 seed=2
iter= 123 step= 396800 ep_ret=-229.253 opt_ret=-229.253 step_rew=-2.2925 opt_step=-2.2925 gap0=229.253 dret=+55.190 eval_ret=n/a pursuer_target_distance=2.308 capture=0.003 score=0.001 pol=-0.0022 val=0.0700 ent=1.4639 tot=+0.0208 agnorm=0.081 cgnorm=0.099 kl=0.0036 clipf=0.024 ev=+0.410 r0=1.0000 entcoef=8.23e-03 lr=5.6e-04 seed=2
iter= 124 step= 400000 ep_ret=-247.926 opt_ret=-247.926 step_rew=-2.4793 opt_step=-2.4793 gap0=247.926 dret=+36.517 eval_ret=n/a pursuer_target_distance=2.469 capture=0.000 score=0.000 pol=-0.0013 val=0.0700 ent=1.4630 tot=+0.0217 agnorm=0.067 cgnorm=0.127 kl=0.0023 clipf=0.020 ev=+0.523 r0=1.0000 entcoef=8.21e-03 lr=5.6e-04 seed=2
iter= 125 step= 403200 ep_ret=-253.591 opt_ret=-253.591 step_rew=-2.5359 opt_step=-2.5359 gap0=253.591 dret=+30.851 eval_ret=n/a pursuer_target_distance=2.526 capture=0.000 score=0.000 pol=-0.0007 val=0.0835 ent=1.4810 tot=+0.0289 agnorm=0.040 cgnorm=0.116 kl=0.0009 clipf=0.005 ev=+0.473 r0=1.0000 entcoef=8.20e-03 lr=5.6e-04 seed=2
iter= 126 step= 406400 ep_ret=-236.927 opt_ret=-236.927 step_rew=-2.3693 opt_step=-2.3693 gap0=236.927 dret=+47.516 eval_ret=n/a pursuer_target_distance=2.369 capture=0.001 score=0.000 pol=-0.0009 val=0.0590 ent=1.4858 tot=+0.0164 agnorm=0.040 cgnorm=0.108 kl=0.0009 clipf=0.005 ev=+0.546 r0=1.0000 entcoef=8.18e-03 lr=5.6e-04 seed=2
iter= 127 step= 409600 ep_ret=-272.476 opt_ret=-272.476 step_rew=-2.7248 opt_step=-2.7248 gap0=272.476 dret=+11.966 eval_ret=n/a pursuer_target_distance=2.721 capture=0.001 score=0.000 pol=-0.0015 val=0.0736 ent=1.5049 tot=+0.0230 agnorm=0.042 cgnorm=0.121 kl=0.0020 clipf=0.012 ev=+0.441 r0=1.0000 entcoef=8.17e-03 lr=5.6e-04 seed=2
iter= 128 step= 412800 ep_ret=-222.695 opt_ret=-222.695 step_rew=-2.2270 opt_step=-2.2270 gap0=222.695 dret=+61.747 eval_ret=n/a pursuer_target_distance=2.217 capture=0.000 score=0.000 pol=-0.0012 val=0.0367 ent=1.4871 tot=+0.0050 agnorm=0.061 cgnorm=0.081 kl=0.0022 clipf=0.013 ev=+0.614 r0=1.0000 entcoef=8.15e-03 lr=5.6e-04 seed=2
iter= 129 step= 416000 ep_ret=-205.078 opt_ret=-205.078 step_rew=-2.0508 opt_step=-2.0508 gap0=205.078 dret=+79.365 eval_ret=n/a pursuer_target_distance=2.047 capture=0.001 score=0.000 pol=-0.0013 val=0.0532 ent=1.4857 tot=+0.0132 agnorm=0.064 cgnorm=0.102 kl=0.0022 clipf=0.017 ev=+0.518 r0=1.0000 entcoef=8.14e-03 lr=5.6e-04 seed=2
iter= 130 step= 419200 ep_ret=-245.030 opt_ret=-245.030 step_rew=-2.4503 opt_step=-2.4503 gap0=245.030 dret=+39.413 eval_ret=n/a pursuer_target_distance=2.459 capture=0.002 score=0.001 pol=-0.0023 val=0.0672 ent=1.4668 tot=+0.0194 agnorm=0.061 cgnorm=0.114 kl=0.0024 clipf=0.016 ev=+0.353 r0=1.0000 entcoef=8.13e-03 lr=5.6e-04 seed=2
iter= 131 step= 422400 ep_ret=-225.885 opt_ret=-225.885 step_rew=-2.2588 opt_step=-2.2588 gap0=225.885 dret=+58.558 eval_ret=n/a pursuer_target_distance=2.261 capture=0.001 score=0.000 pol=-0.0014 val=0.0792 ent=1.4591 tot=+0.0264 agnorm=0.058 cgnorm=0.105 kl=0.0029 clipf=0.022 ev=+0.264 r0=1.0000 entcoef=8.11e-03 lr=5.6e-04 seed=2
iter= 132 step= 425600 ep_ret=-260.197 opt_ret=-260.197 step_rew=-2.6020 opt_step=-2.6020 gap0=260.197 dret=+24.246 eval_ret=n/a pursuer_target_distance=2.592 capture=0.000 score=0.000 pol=-0.0016 val=0.0568 ent=1.4330 tot=+0.0152 agnorm=0.055 cgnorm=0.089 kl=0.0026 clipf=0.016 ev=+0.511 r0=1.0000 entcoef=8.10e-03 lr=5.5e-04 seed=2
iter= 133 step= 428800 ep_ret=-242.845 opt_ret=-242.845 step_rew=-2.4285 opt_step=-2.4285 gap0=242.845 dret=+41.598 eval_ret=n/a pursuer_target_distance=2.418 capture=0.000 score=0.000 pol=-0.0010 val=0.0358 ent=1.4194 tot=+0.0055 agnorm=0.044 cgnorm=0.079 kl=0.0012 clipf=0.008 ev=+0.439 r0=1.0000 entcoef=8.08e-03 lr=5.5e-04 seed=2
iter= 134 step= 432000 ep_ret=-249.550 opt_ret=-249.550 step_rew=-2.4955 opt_step=-2.4955 gap0=249.550 dret=+34.893 eval_ret=n/a pursuer_target_distance=2.489 capture=0.000 score=0.000 pol=-0.0013 val=0.0828 ent=1.4397 tot=+0.0285 agnorm=0.060 cgnorm=0.105 kl=0.0016 clipf=0.007 ev=+0.415 r0=1.0000 entcoef=8.07e-03 lr=5.5e-04 seed=2
iter= 135 step= 435200 ep_ret=-254.137 opt_ret=-254.137 step_rew=-2.5414 opt_step=-2.5414 gap0=254.137 dret=+30.305 eval_ret=n/a pursuer_target_distance=2.547 capture=0.002 score=0.000 pol=-0.0020 val=0.0934 ent=1.4782 tot=+0.0328 agnorm=0.099 cgnorm=0.131 kl=0.0045 clipf=0.048 ev=+0.422 r0=1.0000 entcoef=8.05e-03 lr=5.5e-04 seed=2
iter= 136 step= 438400 ep_ret=-241.675 opt_ret=-241.675 step_rew=-2.4168 opt_step=-2.4168 gap0=241.675 dret=+42.768 eval_ret=n/a pursuer_target_distance=2.429 capture=0.002 score=0.001 pol=-0.0019 val=0.1048 ent=1.4864 tot=+0.0386 agnorm=0.066 cgnorm=0.140 kl=0.0028 clipf=0.023 ev=+0.071 r0=1.0000 entcoef=8.04e-03 lr=5.5e-04 seed=2
iter= 137 step= 441600 ep_ret=-175.904 opt_ret=-175.904 step_rew=-1.7590 opt_step=-1.7590 gap0=175.904 dret=+108.539 eval_ret=n/a pursuer_target_distance=1.765 capture=0.002 score=0.001 pol=-0.0015 val=0.0560 ent=1.4745 tot=+0.0146 agnorm=0.053 cgnorm=0.110 kl=0.0015 clipf=0.006 ev=+0.383 r0=1.0000 entcoef=8.02e-03 lr=5.5e-04 seed=2
iter= 138 step= 444800 ep_ret=-194.516 opt_ret=-194.516 step_rew=-1.9452 opt_step=-1.9452 gap0=194.516 dret=+89.926 eval_ret=n/a pursuer_target_distance=1.941 capture=0.001 score=0.000 pol=-0.0015 val=0.0488 ent=1.4975 tot=+0.0109 agnorm=0.058 cgnorm=0.085 kl=0.0028 clipf=0.019 ev=+0.513 r0=1.0000 entcoef=8.01e-03 lr=5.5e-04 seed=2
iter= 139 step= 448000 ep_ret=-277.462 opt_ret=-277.462 step_rew=-2.7746 opt_step=-2.7746 gap0=277.462 dret=+6.981 eval_ret=n/a pursuer_target_distance=2.765 capture=0.000 score=0.000 pol=-0.0013 val=0.0676 ent=1.5037 tot=+0.0204 agnorm=0.055 cgnorm=0.109 kl=0.0023 clipf=0.016 ev=+0.398 r0=1.0000 entcoef=8.00e-03 lr=5.5e-04 seed=2
iter= 140 step= 451200 ep_ret=-209.268 opt_ret=-209.268 step_rew=-2.0927 opt_step=-2.0927 gap0=209.268 dret=+75.174 eval_ret=-143.724 pursuer_target_distance=2.083 capture=0.000 score=0.000 pol=-0.0014 val=0.0648 ent=1.5002 tot=+0.0190 agnorm=0.069 cgnorm=0.085 kl=0.0022 clipf=0.014 ev=+0.492 r0=1.0000 entcoef=7.98e-03 lr=5.5e-04 seed=2
iter= 141 step= 454400 ep_ret=-226.479 opt_ret=-226.479 step_rew=-2.2648 opt_step=-2.2648 gap0=226.479 dret=+57.964 eval_ret=n/a pursuer_target_distance=2.255 capture=0.000 score=0.000 pol=-0.0010 val=0.0697 ent=1.5167 tot=+0.0218 agnorm=0.062 cgnorm=0.110 kl=0.0017 clipf=0.010 ev=+0.482 r0=1.0000 entcoef=7.97e-03 lr=5.4e-04 seed=2
iter= 142 step= 457600 ep_ret=-223.795 opt_ret=-223.795 step_rew=-2.2380 opt_step=-2.2380 gap0=223.795 dret=+60.647 eval_ret=n/a pursuer_target_distance=2.228 capture=0.000 score=0.000 pol=-0.0011 val=0.0681 ent=1.5321 tot=+0.0208 agnorm=0.044 cgnorm=0.092 kl=0.0014 clipf=0.008 ev=+0.170 r0=1.0000 entcoef=7.95e-03 lr=5.4e-04 seed=2
iter= 143 step= 460800 ep_ret=-196.797 opt_ret=-196.797 step_rew=-1.9680 opt_step=-1.9680 gap0=196.797 dret=+87.645 eval_ret=n/a pursuer_target_distance=1.992 capture=0.003 score=0.001 pol=-0.0015 val=0.0920 ent=1.5459 tot=+0.0322 agnorm=0.066 cgnorm=0.124 kl=0.0020 clipf=0.012 ev=+0.314 r0=1.0000 entcoef=7.94e-03 lr=5.4e-04 seed=2
iter= 144 step= 464000 ep_ret=-245.682 opt_ret=-245.682 step_rew=-2.4568 opt_step=-2.4568 gap0=245.682 dret=+38.761 eval_ret=n/a pursuer_target_distance=2.450 capture=0.000 score=0.000 pol=-0.0009 val=0.1004 ent=1.5398 tot=+0.0371 agnorm=0.046 cgnorm=0.130 kl=0.0014 clipf=0.007 ev=+0.154 r0=1.0000 entcoef=7.92e-03 lr=5.4e-04 seed=2
iter= 145 step= 467200 ep_ret=-233.646 opt_ret=-233.646 step_rew=-2.3365 opt_step=-2.3365 gap0=233.646 dret=+50.796 eval_ret=n/a pursuer_target_distance=2.336 capture=0.001 score=0.000 pol=-0.0019 val=0.0500 ent=1.5449 tot=+0.0109 agnorm=0.066 cgnorm=0.080 kl=0.0025 clipf=0.017 ev=+0.406 r0=1.0000 entcoef=7.91e-03 lr=5.4e-04 seed=2
iter= 146 step= 470400 ep_ret=-269.928 opt_ret=-269.928 step_rew=-2.6993 opt_step=-2.6993 gap0=269.928 dret=+14.515 eval_ret=n/a pursuer_target_distance=2.739 capture=0.005 score=0.001 pol=-0.0015 val=0.1002 ent=1.5267 tot=+0.0365 agnorm=0.055 cgnorm=0.106 kl=0.0031 clipf=0.017 ev=+0.396 r0=1.0000 entcoef=7.89e-03 lr=5.4e-04 seed=2
iter= 147 step= 473600 ep_ret=-219.300 opt_ret=-219.300 step_rew=-2.1930 opt_step=-2.1930 gap0=219.300 dret=+65.143 eval_ret=n/a pursuer_target_distance=2.186 capture=0.000 score=0.000 pol=-0.0010 val=0.0769 ent=1.5034 tot=+0.0256 agnorm=0.039 cgnorm=0.095 kl=0.0011 clipf=0.004 ev=+0.331 r0=1.0000 entcoef=7.88e-03 lr=5.4e-04 seed=2
iter= 148 step= 476800 ep_ret=-177.722 opt_ret=-177.722 step_rew=-1.7772 opt_step=-1.7772 gap0=177.722 dret=+106.721 eval_ret=n/a pursuer_target_distance=1.802 capture=0.003 score=0.001 pol=-0.0015 val=0.0546 ent=1.5033 tot=+0.0140 agnorm=0.054 cgnorm=0.121 kl=0.0020 clipf=0.009 ev=+0.324 r0=1.0000 entcoef=7.87e-03 lr=5.4e-04 seed=2
iter= 149 step= 480000 ep_ret=-253.971 opt_ret=-253.971 step_rew=-2.5397 opt_step=-2.5397 gap0=253.971 dret=+30.472 eval_ret=n/a pursuer_target_distance=2.530 capture=0.000 score=0.000 pol=-0.0017 val=0.0735 ent=1.4717 tot=+0.0235 agnorm=0.056 cgnorm=0.124 kl=0.0020 clipf=0.003 ev=+0.468 r0=1.0000 entcoef=7.85e-03 lr=5.4e-04 seed=2
iter= 150 step= 483200 ep_ret=-239.024 opt_ret=-239.024 step_rew=-2.3902 opt_step=-2.3902 gap0=239.024 dret=+45.419 eval_ret=n/a pursuer_target_distance=2.399 capture=0.002 score=0.001 pol=-0.0021 val=0.1044 ent=1.4756 tot=+0.0386 agnorm=0.088 cgnorm=0.117 kl=0.0044 clipf=0.040 ev=+0.361 r0=1.0000 entcoef=7.84e-03 lr=5.3e-04 seed=2
iter= 151 step= 486400 ep_ret=-222.418 opt_ret=-222.418 step_rew=-2.2242 opt_step=-2.2242 gap0=222.418 dret=+62.025 eval_ret=n/a pursuer_target_distance=2.252 capture=0.004 score=0.001 pol=-0.0013 val=0.0879 ent=1.4543 tot=+0.0313 agnorm=0.067 cgnorm=0.119 kl=0.0024 clipf=0.021 ev=+0.384 r0=1.0000 entcoef=7.82e-03 lr=5.3e-04 seed=2
iter= 152 step= 489600 ep_ret=-233.420 opt_ret=-233.420 step_rew=-2.3342 opt_step=-2.3342 gap0=233.420 dret=+51.023 eval_ret=n/a pursuer_target_distance=2.327 capture=0.000 score=0.000 pol=-0.0005 val=0.0396 ent=1.4540 tot=+0.0079 agnorm=0.036 cgnorm=0.077 kl=0.0009 clipf=0.001 ev=+0.671 r0=1.0000 entcoef=7.81e-03 lr=5.3e-04 seed=2
iter= 153 step= 492800 ep_ret=-200.610 opt_ret=-200.610 step_rew=-2.0061 opt_step=-2.0061 gap0=200.610 dret=+83.832 eval_ret=n/a pursuer_target_distance=2.040 capture=0.004 score=0.001 pol=-0.0012 val=0.0613 ent=1.4618 tot=+0.0180 agnorm=0.053 cgnorm=0.095 kl=0.0012 clipf=0.006 ev=+0.656 r0=1.0000 entcoef=7.79e-03 lr=5.3e-04 seed=2
iter= 154 step= 496000 ep_ret=-269.339 opt_ret=-269.339 step_rew=-2.6934 opt_step=-2.6934 gap0=269.339 dret=+15.104 eval_ret=n/a pursuer_target_distance=2.683 capture=0.000 score=0.000 pol=-0.0014 val=0.0578 ent=1.4836 tot=+0.0159 agnorm=0.061 cgnorm=0.122 kl=0.0027 clipf=0.019 ev=+0.584 r0=1.0000 entcoef=7.78e-03 lr=5.3e-04 seed=2
iter= 155 step= 499200 ep_ret=-192.593 opt_ret=-192.593 step_rew=-1.9259 opt_step=-1.9259 gap0=192.593 dret=+91.849 eval_ret=n/a pursuer_target_distance=2.007 capture=0.009 score=0.003 pol=-0.0020 val=0.0854 ent=1.5074 tot=+0.0290 agnorm=0.072 cgnorm=0.119 kl=0.0021 clipf=0.019 ev=+0.341 r0=1.0000 entcoef=7.76e-03 lr=5.3e-04 seed=2
iter= 156 step= 502400 ep_ret=-232.142 opt_ret=-232.142 step_rew=-2.3214 opt_step=-2.3214 gap0=232.142 dret=+52.301 eval_ret=n/a pursuer_target_distance=2.311 capture=0.000 score=0.000 pol=-0.0012 val=0.0781 ent=1.4853 tot=+0.0263 agnorm=0.037 cgnorm=0.085 kl=0.0018 clipf=0.003 ev=+0.572 r0=1.0000 entcoef=7.75e-03 lr=5.3e-04 seed=2
iter= 157 step= 505600 ep_ret=-228.811 opt_ret=-228.811 step_rew=-2.2881 opt_step=-2.2881 gap0=228.811 dret=+55.631 eval_ret=n/a pursuer_target_distance=2.284 capture=0.001 score=0.000 pol=-0.0018 val=0.0625 ent=1.4635 tot=+0.0182 agnorm=0.088 cgnorm=0.111 kl=0.0030 clipf=0.028 ev=+0.523 r0=1.0000 entcoef=7.74e-03 lr=5.3e-04 seed=2
iter= 158 step= 508800 ep_ret=-258.139 opt_ret=-258.139 step_rew=-2.5814 opt_step=-2.5814 gap0=258.139 dret=+26.304 eval_ret=n/a pursuer_target_distance=2.581 capture=0.001 score=0.000 pol=-0.0009 val=0.1113 ent=1.4682 tot=+0.0434 agnorm=0.041 cgnorm=0.131 kl=0.0012 clipf=0.003 ev=+0.064 r0=1.0000 entcoef=7.72e-03 lr=5.3e-04 seed=2
iter= 159 step= 512000 ep_ret=-202.389 opt_ret=-202.389 step_rew=-2.0239 opt_step=-2.0239 gap0=202.389 dret=+82.054 eval_ret=n/a pursuer_target_distance=2.083 capture=0.007 score=0.002 pol=-0.0015 val=0.1019 ent=1.4801 tot=+0.0380 agnorm=0.056 cgnorm=0.117 kl=0.0022 clipf=0.012 ev=+0.275 r0=1.0000 entcoef=7.71e-03 lr=5.2e-04 seed=2
iter= 160 step= 515200 ep_ret=-256.818 opt_ret=-256.818 step_rew=-2.5682 opt_step=-2.5682 gap0=256.818 dret=+27.625 eval_ret=-119.317 pursuer_target_distance=2.558 capture=0.000 score=0.000 pol=-0.0008 val=0.0827 ent=1.4744 tot=+0.0292 agnorm=0.050 cgnorm=0.115 kl=0.0022 clipf=0.016 ev=+0.369 r0=1.0000 entcoef=7.69e-03 lr=5.2e-04 seed=2
iter= 161 step= 518400 ep_ret=-189.999 opt_ret=-189.999 step_rew=-1.9000 opt_step=-1.9000 gap0=189.999 dret=+94.444 eval_ret=n/a pursuer_target_distance=1.915 capture=0.003 score=0.001 pol=-0.0015 val=0.0615 ent=1.4803 tot=+0.0179 agnorm=0.051 cgnorm=0.094 kl=0.0014 clipf=0.007 ev=+0.314 r0=1.0000 entcoef=7.68e-03 lr=5.2e-04 seed=2
iter= 162 step= 521600 ep_ret=-232.464 opt_ret=-232.464 step_rew=-2.3246 opt_step=-2.3246 gap0=232.464 dret=+51.979 eval_ret=n/a pursuer_target_distance=2.346 capture=0.003 score=0.001 pol=-0.0013 val=0.0679 ent=1.4715 tot=+0.0214 agnorm=0.076 cgnorm=0.077 kl=0.0015 clipf=0.016 ev=+0.455 r0=1.0000 entcoef=7.66e-03 lr=5.2e-04 seed=2
iter= 163 step= 524800 ep_ret=-240.154 opt_ret=-240.154 step_rew=-2.4015 opt_step=-2.4015 gap0=240.154 dret=+44.289 eval_ret=n/a pursuer_target_distance=2.404 capture=0.001 score=0.000 pol=-0.0017 val=0.0693 ent=1.4741 tot=+0.0217 agnorm=0.089 cgnorm=0.095 kl=0.0036 clipf=0.029 ev=+0.296 r0=1.0000 entcoef=7.65e-03 lr=5.2e-04 seed=2
iter= 164 step= 528000 ep_ret=-257.479 opt_ret=-257.479 step_rew=-2.5748 opt_step=-2.5748 gap0=257.479 dret=+26.964 eval_ret=n/a pursuer_target_distance=2.580 capture=0.002 score=0.000 pol=-0.0014 val=0.0863 ent=1.4712 tot=+0.0305 agnorm=0.085 cgnorm=0.111 kl=0.0026 clipf=0.031 ev=+0.368 r0=1.0000 entcoef=7.63e-03 lr=5.2e-04 seed=2
iter= 165 step= 531200 ep_ret=-234.587 opt_ret=-234.587 step_rew=-2.3459 opt_step=-2.3459 gap0=234.587 dret=+49.856 eval_ret=n/a pursuer_target_distance=2.373 capture=0.004 score=0.001 pol=-0.0014 val=0.1205 ent=1.4517 tot=+0.0478 agnorm=0.066 cgnorm=0.148 kl=0.0026 clipf=0.024 ev=+0.254 r0=1.0000 entcoef=7.62e-03 lr=5.2e-04 seed=2
iter= 166 step= 534400 ep_ret=-180.964 opt_ret=-180.964 step_rew=-1.8096 opt_step=-1.8096 gap0=180.964 dret=+103.479 eval_ret=n/a pursuer_target_distance=1.818 capture=0.002 score=0.001 pol=-0.0009 val=0.0715 ent=1.4485 tot=+0.0238 agnorm=0.037 cgnorm=0.115 kl=0.0012 clipf=0.008 ev=+0.309 r0=1.0000 entcoef=7.61e-03 lr=5.2e-04 seed=2
iter= 167 step= 537600 ep_ret=-206.271 opt_ret=-206.271 step_rew=-2.0627 opt_step=-2.0627 gap0=206.271 dret=+78.172 eval_ret=n/a pursuer_target_distance=2.109 capture=0.006 score=0.002 pol=-0.0011 val=0.0899 ent=1.4745 tot=+0.0327 agnorm=0.041 cgnorm=0.097 kl=0.0013 clipf=0.004 ev=+0.321 r0=1.0000 entcoef=7.59e-03 lr=5.2e-04 seed=2
iter= 168 step= 540800 ep_ret=-220.690 opt_ret=-220.690 step_rew=-2.2069 opt_step=-2.2069 gap0=220.690 dret=+63.753 eval_ret=n/a pursuer_target_distance=2.250 capture=0.005 score=0.002 pol=-0.0007 val=0.0978 ent=1.4973 tot=+0.0369 agnorm=0.044 cgnorm=0.120 kl=0.0011 clipf=0.004 ev=+0.290 r0=1.0000 entcoef=7.58e-03 lr=5.1e-04 seed=2
iter= 169 step= 544000 ep_ret=-246.453 opt_ret=-246.453 step_rew=-2.4645 opt_step=-2.4645 gap0=246.453 dret=+37.990 eval_ret=n/a pursuer_target_distance=2.473 capture=0.002 score=0.001 pol=-0.0009 val=0.1262 ent=1.5131 tot=+0.0508 agnorm=0.051 cgnorm=0.115 kl=0.0014 clipf=0.009 ev=+0.264 r0=1.0000 entcoef=7.56e-03 lr=5.1e-04 seed=2
iter= 170 step= 547200 ep_ret=-244.487 opt_ret=-244.487 step_rew=-2.4449 opt_step=-2.4449 gap0=244.487 dret=+39.956 eval_ret=n/a pursuer_target_distance=2.454 capture=0.002 score=0.001 pol=-0.0013 val=0.0834 ent=1.5120 tot=+0.0290 agnorm=0.060 cgnorm=0.117 kl=0.0014 clipf=0.004 ev=+0.478 r0=1.0000 entcoef=7.55e-03 lr=5.1e-04 seed=2
iter= 171 step= 550400 ep_ret=-208.297 opt_ret=-208.297 step_rew=-2.0830 opt_step=-2.0830 gap0=208.297 dret=+76.145 eval_ret=n/a pursuer_target_distance=2.079 capture=0.001 score=0.000 pol=-0.0031 val=0.0941 ent=1.5234 tot=+0.0325 agnorm=0.123 cgnorm=0.138 kl=0.0059 clipf=0.074 ev=+0.309 r0=1.0000 entcoef=7.53e-03 lr=5.1e-04 seed=2
iter= 172 step= 553600 ep_ret=-163.914 opt_ret=-163.914 step_rew=-1.6391 opt_step=-1.6391 gap0=163.914 dret=+120.529 eval_ret=n/a pursuer_target_distance=1.717 capture=0.009 score=0.003 pol=-0.0018 val=0.0683 ent=1.5088 tot=+0.0210 agnorm=0.089 cgnorm=0.141 kl=0.0038 clipf=0.038 ev=+0.533 r0=1.0000 entcoef=7.52e-03 lr=5.1e-04 seed=2
iter= 173 step= 556800 ep_ret=-224.311 opt_ret=-224.311 step_rew=-2.2431 opt_step=-2.2431 gap0=224.311 dret=+60.131 eval_ret=n/a pursuer_target_distance=2.233 capture=0.000 score=0.000 pol=-0.0013 val=0.0796 ent=1.5247 tot=+0.0271 agnorm=0.061 cgnorm=0.108 kl=0.0028 clipf=0.021 ev=+0.515 r0=1.0000 entcoef=7.50e-03 lr=5.1e-04 seed=2
iter= 174 step= 560000 ep_ret=-210.345 opt_ret=-210.345 step_rew=-2.1035 opt_step=-2.1035 gap0=210.345 dret=+74.097 eval_ret=n/a pursuer_target_distance=2.125 capture=0.003 score=0.001 pol=-0.0012 val=0.0887 ent=1.5266 tot=+0.0317 agnorm=0.049 cgnorm=0.104 kl=0.0017 clipf=0.008 ev=+0.410 r0=1.0000 entcoef=7.49e-03 lr=5.1e-04 seed=2
iter= 175 step= 563200 ep_ret=-251.903 opt_ret=-251.903 step_rew=-2.5190 opt_step=-2.5190 gap0=251.903 dret=+32.540 eval_ret=n/a pursuer_target_distance=2.509 capture=0.000 score=0.000 pol=-0.0013 val=0.0942 ent=1.5210 tot=+0.0344 agnorm=0.057 cgnorm=0.125 kl=0.0019 clipf=0.014 ev=+0.540 r0=1.0000 entcoef=7.48e-03 lr=5.1e-04 seed=2
iter= 176 step= 566400 ep_ret=-199.626 opt_ret=-199.626 step_rew=-1.9963 opt_step=-1.9963 gap0=199.626 dret=+84.816 eval_ret=n/a pursuer_target_distance=1.986 capture=0.000 score=0.000 pol=-0.0018 val=0.0664 ent=1.5201 tot=+0.0201 agnorm=0.074 cgnorm=0.111 kl=0.0021 clipf=0.015 ev=+0.187 r0=1.0000 entcoef=7.46e-03 lr=5.1e-04 seed=2
iter= 177 step= 569600 ep_ret=-224.870 opt_ret=-224.870 step_rew=-2.2487 opt_step=-2.2487 gap0=224.870 dret=+59.573 eval_ret=n/a pursuer_target_distance=2.239 capture=0.000 score=0.000 pol=-0.0014 val=0.0704 ent=1.5101 tot=+0.0225 agnorm=0.052 cgnorm=0.130 kl=0.0015 clipf=0.010 ev=+0.497 r0=1.0000 entcoef=7.45e-03 lr=5.0e-04 seed=2
iter= 178 step= 572800 ep_ret=-252.892 opt_ret=-252.892 step_rew=-2.5289 opt_step=-2.5289 gap0=252.892 dret=+31.551 eval_ret=n/a pursuer_target_distance=2.578 capture=0.006 score=0.002 pol=-0.0019 val=0.1221 ent=1.5165 tot=+0.0479 agnorm=0.074 cgnorm=0.147 kl=0.0018 clipf=0.014 ev=+0.491 r0=1.0000 entcoef=7.43e-03 lr=5.0e-04 seed=2
iter= 179 step= 576000 ep_ret=-186.125 opt_ret=-186.125 step_rew=-1.8612 opt_step=-1.8612 gap0=186.125 dret=+98.318 eval_ret=n/a pursuer_target_distance=1.895 capture=0.004 score=0.002 pol=-0.0013 val=0.0693 ent=1.5023 tot=+0.0222 agnorm=0.053 cgnorm=0.114 kl=0.0021 clipf=0.011 ev=+0.478 r0=1.0000 entcoef=7.42e-03 lr=5.0e-04 seed=2
iter= 180 step= 579200 ep_ret=-256.296 opt_ret=-256.296 step_rew=-2.5630 opt_step=-2.5630 gap0=256.296 dret=+28.146 eval_ret=-167.452 pursuer_target_distance=2.575 capture=0.002 score=0.001 pol=-0.0012 val=0.1255 ent=1.4955 tot=+0.0505 agnorm=0.055 cgnorm=0.157 kl=0.0012 clipf=0.007 ev=+0.266 r0=1.0000 entcoef=7.40e-03 lr=5.0e-04 seed=2
iter= 181 step= 582400 ep_ret=-210.363 opt_ret=-210.363 step_rew=-2.1036 opt_step=-2.1036 gap0=210.363 dret=+74.080 eval_ret=n/a pursuer_target_distance=2.094 capture=0.000 score=0.000 pol=-0.0015 val=0.0268 ent=1.4915 tot=+0.0009 agnorm=0.055 cgnorm=0.074 kl=0.0016 clipf=0.008 ev=+0.796 r0=1.0000 entcoef=7.39e-03 lr=5.0e-04 seed=2
iter= 182 step= 585600 ep_ret=-258.440 opt_ret=-258.440 step_rew=-2.5844 opt_step=-2.5844 gap0=258.440 dret=+26.003 eval_ret=n/a pursuer_target_distance=2.606 capture=0.003 score=0.001 pol=-0.0015 val=0.1142 ent=1.4963 tot=+0.0446 agnorm=0.062 cgnorm=0.142 kl=0.0021 clipf=0.014 ev=+0.512 r0=1.0000 entcoef=7.37e-03 lr=5.0e-04 seed=2
iter= 183 step= 588800 ep_ret=-215.087 opt_ret=-215.087 step_rew=-2.1509 opt_step=-2.1509 gap0=215.087 dret=+69.355 eval_ret=n/a pursuer_target_distance=2.153 capture=0.001 score=0.000 pol=-0.0017 val=0.0391 ent=1.5147 tot=+0.0067 agnorm=0.054 cgnorm=0.086 kl=0.0024 clipf=0.014 ev=+0.697 r0=1.0000 entcoef=7.36e-03 lr=5.0e-04 seed=2
iter= 184 step= 592000 ep_ret=-230.062 opt_ret=-230.062 step_rew=-2.3006 opt_step=-2.3006 gap0=230.062 dret=+54.381 eval_ret=n/a pursuer_target_distance=2.300 capture=0.001 score=0.000 pol=-0.0013 val=0.0843 ent=1.5129 tot=+0.0297 agnorm=0.048 cgnorm=0.130 kl=0.0020 clipf=0.012 ev=+0.513 r0=1.0000 entcoef=7.35e-03 lr=5.0e-04 seed=2
iter= 185 step= 595200 ep_ret=-169.423 opt_ret=-169.423 step_rew=-1.6942 opt_step=-1.6942 gap0=169.423 dret=+115.019 eval_ret=n/a pursuer_target_distance=1.762 capture=0.008 score=0.003 pol=-0.0016 val=0.0771 ent=1.4973 tot=+0.0260 agnorm=0.056 cgnorm=0.121 kl=0.0017 clipf=0.013 ev=+0.509 r0=1.0000 entcoef=7.33e-03 lr=5.0e-04 seed=2
iter= 186 step= 598400 ep_ret=-216.567 opt_ret=-216.567 step_rew=-2.1657 opt_step=-2.1657 gap0=216.567 dret=+67.876 eval_ret=n/a pursuer_target_distance=2.203 capture=0.005 score=0.001 pol=-0.0013 val=0.0896 ent=1.5211 tot=+0.0324 agnorm=0.047 cgnorm=0.139 kl=0.0018 clipf=0.009 ev=+0.318 r0=1.0000 entcoef=7.32e-03 lr=4.9e-04 seed=2
iter= 187 step= 601600 ep_ret=-243.719 opt_ret=-243.719 step_rew=-2.4372 opt_step=-2.4372 gap0=243.719 dret=+40.724 eval_ret=n/a pursuer_target_distance=2.508 capture=0.008 score=0.002 pol=-0.0019 val=0.1732 ent=1.5151 tot=+0.0736 agnorm=0.067 cgnorm=0.154 kl=0.0018 clipf=0.006 ev=+0.451 r0=1.0000 entcoef=7.30e-03 lr=4.9e-04 seed=2
iter= 188 step= 604800 ep_ret=-186.309 opt_ret=-186.309 step_rew=-1.8631 opt_step=-1.8631 gap0=186.309 dret=+98.134 eval_ret=n/a pursuer_target_distance=1.853 capture=0.000 score=0.000 pol=-0.0008 val=0.0270 ent=1.4980 tot=+0.0018 agnorm=0.046 cgnorm=0.092 kl=0.0023 clipf=0.011 ev=+0.676 r0=1.0000 entcoef=7.29e-03 lr=4.9e-04 seed=2
iter= 189 step= 608000 ep_ret=-240.061 opt_ret=-240.061 step_rew=-2.4006 opt_step=-2.4006 gap0=240.061 dret=+44.382 eval_ret=n/a pursuer_target_distance=2.391 capture=0.000 score=0.000 pol=-0.0010 val=0.0941 ent=1.5002 tot=+0.0351 agnorm=0.045 cgnorm=0.132 kl=0.0014 clipf=0.009 ev=+0.541 r0=1.0000 entcoef=7.27e-03 lr=4.9e-04 seed=2
iter= 190 step= 611200 ep_ret=-174.706 opt_ret=-174.706 step_rew=-1.7471 opt_step=-1.7471 gap0=174.706 dret=+109.737 eval_ret=n/a pursuer_target_distance=1.837 capture=0.010 score=0.004 pol=-0.0013 val=0.0794 ent=1.5032 tot=+0.0275 agnorm=0.054 cgnorm=0.139 kl=0.0012 clipf=0.003 ev=+0.579 r0=1.0000 entcoef=7.26e-03 lr=4.9e-04 seed=2
iter= 191 step= 614400 ep_ret=-211.468 opt_ret=-211.468 step_rew=-2.1147 opt_step=-2.1147 gap0=211.468 dret=+72.975 eval_ret=n/a pursuer_target_distance=2.152 capture=0.005 score=0.001 pol=-0.0022 val=0.0949 ent=1.5024 tot=+0.0344 agnorm=0.064 cgnorm=0.172 kl=0.0028 clipf=0.014 ev=+0.079 r0=1.0000 entcoef=7.25e-03 lr=4.9e-04 seed=2
iter= 192 step= 617600 ep_ret=-260.955 opt_ret=-260.955 step_rew=-2.6096 opt_step=-2.6096 gap0=260.955 dret=+23.487 eval_ret=n/a pursuer_target_distance=2.600 capture=0.000 score=0.000 pol=-0.0014 val=0.0925 ent=1.4928 tot=+0.0340 agnorm=0.063 cgnorm=0.162 kl=0.0017 clipf=0.008 ev=+0.475 r0=1.0000 entcoef=7.23e-03 lr=4.9e-04 seed=2
iter= 193 step= 620800 ep_ret=-228.513 opt_ret=-228.513 step_rew=-2.2851 opt_step=-2.2851 gap0=228.513 dret=+55.929 eval_ret=n/a pursuer_target_distance=2.275 capture=0.000 score=0.000 pol=-0.0011 val=0.0706 ent=1.4724 tot=+0.0236 agnorm=0.076 cgnorm=0.134 kl=0.0021 clipf=0.021 ev=+0.317 r0=1.0000 entcoef=7.22e-03 lr=4.9e-04 seed=2
iter= 194 step= 624000 ep_ret=-241.063 opt_ret=-241.063 step_rew=-2.4106 opt_step=-2.4106 gap0=241.063 dret=+43.380 eval_ret=n/a pursuer_target_distance=2.404 capture=0.000 score=0.000 pol=-0.0017 val=0.0938 ent=1.4865 tot=+0.0345 agnorm=0.085 cgnorm=0.157 kl=0.0028 clipf=0.027 ev=+0.528 r0=1.0000 entcoef=7.20e-03 lr=4.9e-04 seed=2
iter= 195 step= 627200 ep_ret=-210.015 opt_ret=-210.015 step_rew=-2.1002 opt_step=-2.1002 gap0=210.015 dret=+74.428 eval_ret=n/a pursuer_target_distance=2.128 capture=0.004 score=0.001 pol=-0.0013 val=0.0891 ent=1.5062 tot=+0.0324 agnorm=0.056 cgnorm=0.129 kl=0.0025 clipf=0.012 ev=+0.477 r0=1.0000 entcoef=7.19e-03 lr=4.8e-04 seed=2
iter= 196 step= 630400 ep_ret=-229.601 opt_ret=-229.601 step_rew=-2.2960 opt_step=-2.2960 gap0=229.601 dret=+54.841 eval_ret=n/a pursuer_target_distance=2.311 capture=0.003 score=0.001 pol=-0.0008 val=0.0997 ent=1.5354 tot=+0.0381 agnorm=0.051 cgnorm=0.123 kl=0.0020 clipf=0.006 ev=+0.479 r0=1.0000 entcoef=7.17e-03 lr=4.8e-04 seed=2
iter= 197 step= 633600 ep_ret=-263.222 opt_ret=-263.222 step_rew=-2.6322 opt_step=-2.6322 gap0=263.222 dret=+21.220 eval_ret=n/a pursuer_target_distance=2.622 capture=0.000 score=0.000 pol=-0.0011 val=0.1400 ent=1.5317 tot=+0.0579 agnorm=0.046 cgnorm=0.162 kl=0.0011 clipf=0.003 ev=+0.332 r0=1.0000 entcoef=7.16e-03 lr=4.8e-04 seed=2
iter= 198 step= 636800 ep_ret=-265.405 opt_ret=-265.405 step_rew=-2.6540 opt_step=-2.6540 gap0=265.405 dret=+19.038 eval_ret=n/a pursuer_target_distance=2.644 capture=0.000 score=0.000 pol=-0.0013 val=0.1055 ent=1.5084 tot=+0.0407 agnorm=0.090 cgnorm=0.145 kl=0.0019 clipf=0.019 ev=+0.499 r0=1.0000 entcoef=7.14e-03 lr=4.8e-04 seed=2
iter= 199 step= 640000 ep_ret=-180.076 opt_ret=-180.076 step_rew=-1.8008 opt_step=-1.8008 gap0=180.076 dret=+104.367 eval_ret=n/a pursuer_target_distance=1.828 capture=0.004 score=0.001 pol=-0.0006 val=0.0633 ent=1.5149 tot=+0.0202 agnorm=0.048 cgnorm=0.141 kl=0.0012 clipf=0.000 ev=+0.544 r0=1.0000 entcoef=7.13e-03 lr=4.8e-04 seed=2
iter= 200 step= 643200 ep_ret=-239.424 opt_ret=-239.424 step_rew=-2.3942 opt_step=-2.3942 gap0=239.424 dret=+45.019 eval_ret=-116.340 pursuer_target_distance=2.434 capture=0.005 score=0.001 pol=-0.0015 val=0.1192 ent=1.5162 tot=+0.0473 agnorm=0.050 cgnorm=0.147 kl=0.0017 clipf=0.006 ev=+0.454 r0=1.0000 entcoef=7.12e-03 lr=4.8e-04 seed=2
iter= 201 step= 646400 ep_ret=-245.599 opt_ret=-245.599 step_rew=-2.4560 opt_step=-2.4560 gap0=245.599 dret=+38.844 eval_ret=n/a pursuer_target_distance=2.446 capture=0.000 score=0.000 pol=-0.0013 val=0.0905 ent=1.4880 tot=+0.0334 agnorm=0.044 cgnorm=0.139 kl=0.0013 clipf=0.005 ev=+0.614 r0=1.0000 entcoef=7.10e-03 lr=4.8e-04 seed=2
iter= 202 step= 649600 ep_ret=-212.152 opt_ret=-212.152 step_rew=-2.1215 opt_step=-2.1215 gap0=212.152 dret=+72.290 eval_ret=n/a pursuer_target_distance=2.127 capture=0.002 score=0.000 pol=-0.0016 val=0.0767 ent=1.4825 tot=+0.0263 agnorm=0.070 cgnorm=0.111 kl=0.0021 clipf=0.014 ev=+0.738 r0=1.0000 entcoef=7.09e-03 lr=4.8e-04 seed=2
iter= 203 step= 652800 ep_ret=-249.134 opt_ret=-249.134 step_rew=-2.4913 opt_step=-2.4913 gap0=249.134 dret=+35.309 eval_ret=n/a pursuer_target_distance=2.497 capture=0.002 score=0.000 pol=-0.0013 val=0.1045 ent=1.4750 tot=+0.0406 agnorm=0.049 cgnorm=0.156 kl=0.0014 clipf=0.004 ev=+0.525 r0=1.0000 entcoef=7.07e-03 lr=4.8e-04 seed=2
iter= 204 step= 656000 ep_ret=-276.256 opt_ret=-276.256 step_rew=-2.7626 opt_step=-2.7626 gap0=276.256 dret=+8.187 eval_ret=n/a pursuer_target_distance=2.753 capture=0.000 score=0.000 pol=-0.0010 val=0.1289 ent=1.4661 tot=+0.0531 agnorm=0.049 cgnorm=0.171 kl=0.0013 clipf=0.006 ev=+0.574 r0=1.0000 entcoef=7.06e-03 lr=4.7e-04 seed=2
iter= 205 step= 659200 ep_ret=-251.987 opt_ret=-251.987 step_rew=-2.5199 opt_step=-2.5199 gap0=251.987 dret=+32.456 eval_ret=n/a pursuer_target_distance=2.510 capture=0.000 score=0.000 pol=-0.0006 val=0.0995 ent=1.4669 tot=+0.0389 agnorm=0.033 cgnorm=0.138 kl=0.0009 clipf=0.002 ev=+0.621 r0=1.0000 entcoef=7.04e-03 lr=4.7e-04 seed=2
iter= 206 step= 662400 ep_ret=-233.455 opt_ret=-233.455 step_rew=-2.3346 opt_step=-2.3346 gap0=233.455 dret=+50.987 eval_ret=n/a pursuer_target_distance=2.325 capture=0.000 score=0.000 pol=-0.0012 val=0.1080 ent=1.4787 tot=+0.0424 agnorm=0.043 cgnorm=0.155 kl=0.0012 clipf=0.006 ev=+0.583 r0=1.0000 entcoef=7.03e-03 lr=4.7e-04 seed=2
iter= 207 step= 665600 ep_ret=-211.367 opt_ret=-211.367 step_rew=-2.1137 opt_step=-2.1137 gap0=211.367 dret=+73.076 eval_ret=n/a pursuer_target_distance=2.144 capture=0.004 score=0.001 pol=-0.0008 val=0.1225 ent=1.4860 tot=+0.0500 agnorm=0.037 cgnorm=0.189 kl=0.0009 clipf=0.003 ev=+0.372 r0=1.0000 entcoef=7.01e-03 lr=4.7e-04 seed=2
iter= 208 step= 668800 ep_ret=-216.620 opt_ret=-216.620 step_rew=-2.1662 opt_step=-2.1662 gap0=216.620 dret=+67.822 eval_ret=n/a pursuer_target_distance=2.159 capture=0.000 score=0.000 pol=-0.0015 val=0.0676 ent=1.4831 tot=+0.0219 agnorm=0.054 cgnorm=0.149 kl=0.0011 clipf=0.003 ev=+0.510 r0=1.0000 entcoef=7.00e-03 lr=4.7e-04 seed=2
iter= 209 step= 672000 ep_ret=-262.477 opt_ret=-262.477 step_rew=-2.6248 opt_step=-2.6248 gap0=262.477 dret=+21.966 eval_ret=n/a pursuer_target_distance=2.615 capture=0.000 score=0.000 pol=-0.0008 val=0.1183 ent=1.4610 tot=+0.0481 agnorm=0.058 cgnorm=0.176 kl=0.0008 clipf=0.004 ev=+0.445 r0=1.0000 entcoef=6.99e-03 lr=4.7e-04 seed=2
iter= 210 step= 675200 ep_ret=-254.754 opt_ret=-254.754 step_rew=-2.5475 opt_step=-2.5475 gap0=254.754 dret=+29.689 eval_ret=n/a pursuer_target_distance=2.538 capture=0.000 score=0.000 pol=-0.0007 val=0.1065 ent=1.4772 tot=+0.0422 agnorm=0.048 cgnorm=0.174 kl=0.0009 clipf=0.003 ev=+0.521 r0=1.0000 entcoef=6.97e-03 lr=4.7e-04 seed=2
iter= 211 step= 678400 ep_ret=-230.905 opt_ret=-230.905 step_rew=-2.3090 opt_step=-2.3090 gap0=230.905 dret=+53.538 eval_ret=n/a pursuer_target_distance=2.408 capture=0.011 score=0.003 pol=-0.0015 val=0.1320 ent=1.4817 tot=+0.0542 agnorm=0.063 cgnorm=0.187 kl=0.0019 clipf=0.007 ev=+0.506 r0=1.0000 entcoef=6.96e-03 lr=4.7e-04 seed=2
iter= 212 step= 681600 ep_ret=-264.012 opt_ret=-264.012 step_rew=-2.6401 opt_step=-2.6401 gap0=264.012 dret=+20.431 eval_ret=n/a pursuer_target_distance=2.658 capture=0.003 score=0.001 pol=-0.0012 val=0.1029 ent=1.4734 tot=+0.0400 agnorm=0.054 cgnorm=0.163 kl=0.0037 clipf=0.021 ev=+0.466 r0=1.0000 entcoef=6.94e-03 lr=4.7e-04 seed=2
iter= 213 step= 684800 ep_ret=-247.516 opt_ret=-247.516 step_rew=-2.4752 opt_step=-2.4752 gap0=247.516 dret=+36.927 eval_ret=n/a pursuer_target_distance=2.546 capture=0.008 score=0.002 pol=-0.0012 val=0.1118 ent=1.4656 tot=+0.0445 agnorm=0.047 cgnorm=0.157 kl=0.0013 clipf=0.005 ev=+0.634 r0=1.0000 entcoef=6.93e-03 lr=4.6e-04 seed=2
iter= 214 step= 688000 ep_ret=-193.080 opt_ret=-193.080 step_rew=-1.9308 opt_step=-1.9308 gap0=193.080 dret=+91.362 eval_ret=n/a pursuer_target_distance=1.946 capture=0.003 score=0.001 pol=-0.0009 val=0.0850 ent=1.4461 tot=+0.0316 agnorm=0.036 cgnorm=0.181 kl=0.0014 clipf=0.007 ev=+0.432 r0=1.0000 entcoef=6.91e-03 lr=4.6e-04 seed=2
iter= 215 step= 691200 ep_ret=-265.374 opt_ret=-265.374 step_rew=-2.6537 opt_step=-2.6537 gap0=265.374 dret=+19.069 eval_ret=n/a pursuer_target_distance=2.644 capture=0.000 score=0.000 pol=-0.0013 val=0.1091 ent=1.4666 tot=+0.0431 agnorm=0.051 cgnorm=0.161 kl=0.0015 clipf=0.009 ev=+0.717 r0=1.0000 entcoef=6.90e-03 lr=4.6e-04 seed=2
iter= 216 step= 694400 ep_ret=-190.888 opt_ret=-190.888 step_rew=-1.9089 opt_step=-1.9089 gap0=190.888 dret=+93.555 eval_ret=n/a pursuer_target_distance=1.977 capture=0.008 score=0.003 pol=-0.0012 val=0.0688 ent=1.4202 tot=+0.0234 agnorm=0.046 cgnorm=0.154 kl=0.0017 clipf=0.011 ev=+0.683 r0=1.0000 entcoef=6.88e-03 lr=4.6e-04 seed=2
iter= 217 step= 697600 ep_ret=-281.906 opt_ret=-281.906 step_rew=-2.8191 opt_step=-2.8191 gap0=281.906 dret=+2.536 eval_ret=n/a pursuer_target_distance=2.825 capture=0.002 score=0.000 pol=-0.0011 val=0.1679 ent=1.4072 tot=+0.0732 agnorm=0.049 cgnorm=0.209 kl=0.0013 clipf=0.008 ev=+0.458 r0=1.0000 entcoef=6.87e-03 lr=4.6e-04 seed=2
iter= 218 step= 700800 ep_ret=-264.035 opt_ret=-264.035 step_rew=-2.6404 opt_step=-2.6404 gap0=264.035 dret=+20.408 eval_ret=n/a pursuer_target_distance=2.662 capture=0.003 score=0.001 pol=-0.0012 val=0.0857 ent=1.4133 tot=+0.0320 agnorm=0.062 cgnorm=0.179 kl=0.0018 clipf=0.014 ev=+0.648 r0=1.0000 entcoef=6.86e-03 lr=4.6e-04 seed=2
iter= 219 step= 704000 ep_ret=-253.071 opt_ret=-253.071 step_rew=-2.5307 opt_step=-2.5307 gap0=253.071 dret=+31.372 eval_ret=n/a pursuer_target_distance=2.521 capture=0.000 score=0.000 pol=-0.0011 val=0.1069 ent=1.3879 tot=+0.0429 agnorm=0.058 cgnorm=0.161 kl=0.0015 clipf=0.008 ev=+0.582 r0=1.0000 entcoef=6.84e-03 lr=4.6e-04 seed=2
iter= 220 step= 707200 ep_ret=-262.979 opt_ret=-262.979 step_rew=-2.6298 opt_step=-2.6298 gap0=262.979 dret=+21.463 eval_ret=-192.491 pursuer_target_distance=2.620 capture=0.000 score=0.000 pol=-0.0009 val=0.1936 ent=1.3803 tot=+0.0864 agnorm=0.050 cgnorm=0.196 kl=0.0018 clipf=0.014 ev=+0.543 r0=1.0000 entcoef=6.83e-03 lr=4.6e-04 seed=2
iter= 221 step= 710400 ep_ret=-245.278 opt_ret=-245.278 step_rew=-2.4528 opt_step=-2.4528 gap0=245.278 dret=+39.164 eval_ret=n/a pursuer_target_distance=2.499 capture=0.006 score=0.002 pol=-0.0011 val=0.0955 ent=1.3896 tot=+0.0372 agnorm=0.047 cgnorm=0.179 kl=0.0011 clipf=0.010 ev=+0.686 r0=1.0000 entcoef=6.81e-03 lr=4.6e-04 seed=2
iter= 222 step= 713600 ep_ret=-267.151 opt_ret=-267.151 step_rew=-2.6715 opt_step=-2.6715 gap0=267.151 dret=+17.292 eval_ret=n/a pursuer_target_distance=2.662 capture=0.000 score=0.000 pol=-0.0013 val=0.1212 ent=1.3850 tot=+0.0499 agnorm=0.052 cgnorm=0.202 kl=0.0016 clipf=0.013 ev=+0.645 r0=1.0000 entcoef=6.80e-03 lr=4.5e-04 seed=2
iter= 223 step= 716800 ep_ret=-249.091 opt_ret=-249.091 step_rew=-2.4909 opt_step=-2.4909 gap0=249.091 dret=+35.352 eval_ret=n/a pursuer_target_distance=2.487 capture=0.001 score=0.000 pol=-0.0011 val=0.1237 ent=1.3826 tot=+0.0514 agnorm=0.050 cgnorm=0.205 kl=0.0013 clipf=0.004 ev=+0.627 r0=1.0000 entcoef=6.78e-03 lr=4.5e-04 seed=2
iter= 224 step= 720000 ep_ret=-238.742 opt_ret=-238.742 step_rew=-2.3874 opt_step=-2.3874 gap0=238.742 dret=+45.701 eval_ret=n/a pursuer_target_distance=2.387 capture=0.001 score=0.000 pol=-0.0015 val=0.0644 ent=1.3990 tot=+0.0213 agnorm=0.059 cgnorm=0.156 kl=0.0025 clipf=0.013 ev=+0.677 r0=1.0000 entcoef=6.77e-03 lr=4.5e-04 seed=2
iter= 225 step= 723200 ep_ret=-231.419 opt_ret=-231.419 step_rew=-2.3142 opt_step=-2.3142 gap0=231.419 dret=+53.024 eval_ret=n/a pursuer_target_distance=2.304 capture=0.000 score=0.000 pol=-0.0015 val=0.0899 ent=1.3744 tot=+0.0341 agnorm=0.058 cgnorm=0.177 kl=0.0028 clipf=0.021 ev=+0.589 r0=1.0000 entcoef=6.75e-03 lr=4.5e-04 seed=2
iter= 226 step= 726400 ep_ret=-286.180 opt_ret=-286.180 step_rew=-2.8618 opt_step=-2.8618 gap0=286.180 dret=-1.737 eval_ret=n/a pursuer_target_distance=2.852 capture=0.000 score=0.000 pol=-0.0012 val=0.0836 ent=1.3581 tot=+0.0315 agnorm=0.056 cgnorm=0.164 kl=0.0022 clipf=0.021 ev=+0.601 r0=1.0000 entcoef=6.74e-03 lr=4.5e-04 seed=2
iter= 227 step= 729600 ep_ret=-199.761 opt_ret=-199.761 step_rew=-1.9976 opt_step=-1.9976 gap0=199.761 dret=+84.681 eval_ret=n/a pursuer_target_distance=2.041 capture=0.005 score=0.002 pol=-0.0006 val=0.0719 ent=1.3574 tot=+0.0262 agnorm=0.043 cgnorm=0.145 kl=0.0010 clipf=0.002 ev=+0.697 r0=1.0000 entcoef=6.73e-03 lr=4.5e-04 seed=2
iter= 228 step= 732800 ep_ret=-243.177 opt_ret=-243.177 step_rew=-2.4318 opt_step=-2.4318 gap0=243.177 dret=+41.266 eval_ret=n/a pursuer_target_distance=2.422 capture=0.000 score=0.000 pol=-0.0008 val=0.0561 ent=1.4190 tot=+0.0177 agnorm=0.050 cgnorm=0.133 kl=0.0018 clipf=0.012 ev=+0.704 r0=1.0000 entcoef=6.71e-03 lr=4.5e-04 seed=2
iter= 229 step= 736000 ep_ret=-193.861 opt_ret=-193.861 step_rew=-1.9386 opt_step=-1.9386 gap0=193.861 dret=+90.582 eval_ret=n/a pursuer_target_distance=1.929 capture=0.000 score=0.000 pol=-0.0017 val=0.0374 ent=1.4203 tot=+0.0075 agnorm=0.063 cgnorm=0.161 kl=0.0025 clipf=0.024 ev=+0.797 r0=1.0000 entcoef=6.70e-03 lr=4.5e-04 seed=2
iter= 230 step= 739200 ep_ret=-229.415 opt_ret=-229.415 step_rew=-2.2942 opt_step=-2.2942 gap0=229.415 dret=+55.028 eval_ret=n/a pursuer_target_distance=2.284 capture=0.000 score=0.000 pol=-0.0009 val=0.0826 ent=1.4039 tot=+0.0310 agnorm=0.046 cgnorm=0.186 kl=0.0019 clipf=0.007 ev=+0.556 r0=1.0000 entcoef=6.68e-03 lr=4.5e-04 seed=2
iter= 231 step= 742400 ep_ret=-255.078 opt_ret=-255.078 step_rew=-2.5508 opt_step=-2.5508 gap0=255.078 dret=+29.365 eval_ret=n/a pursuer_target_distance=2.594 capture=0.005 score=0.001 pol=-0.0013 val=0.0869 ent=1.4121 tot=+0.0328 agnorm=0.057 cgnorm=0.195 kl=0.0012 clipf=0.006 ev=+0.725 r0=1.0000 entcoef=6.67e-03 lr=4.4e-04 seed=2
iter= 232 step= 745600 ep_ret=-213.721 opt_ret=-213.721 step_rew=-2.1372 opt_step=-2.1372 gap0=213.721 dret=+70.722 eval_ret=n/a pursuer_target_distance=2.168 capture=0.004 score=0.001 pol=-0.0005 val=0.1347 ent=1.4075 tot=+0.0575 agnorm=0.053 cgnorm=0.202 kl=0.0008 clipf=0.002 ev=+0.579 r0=1.0000 entcoef=6.65e-03 lr=4.4e-04 seed=2
iter= 233 step= 748800 ep_ret=-214.983 opt_ret=-214.983 step_rew=-2.1498 opt_step=-2.1498 gap0=214.983 dret=+69.460 eval_ret=n/a pursuer_target_distance=2.159 capture=0.002 score=0.001 pol=-0.0011 val=0.0538 ent=1.4442 tot=+0.0163 agnorm=0.043 cgnorm=0.162 kl=0.0012 clipf=0.004 ev=+0.686 r0=1.0000 entcoef=6.64e-03 lr=4.4e-04 seed=2
iter= 234 step= 752000 ep_ret=-268.634 opt_ret=-268.634 step_rew=-2.6863 opt_step=-2.6863 gap0=268.634 dret=+15.809 eval_ret=n/a pursuer_target_distance=2.723 capture=0.005 score=0.001 pol=-0.0008 val=0.1268 ent=1.4312 tot=+0.0531 agnorm=0.038 cgnorm=0.239 kl=0.0007 clipf=0.003 ev=+0.672 r0=1.0000 entcoef=6.62e-03 lr=4.4e-04 seed=2
iter= 235 step= 755200 ep_ret=-194.575 opt_ret=-194.575 step_rew=-1.9457 opt_step=-1.9457 gap0=194.575 dret=+89.868 eval_ret=n/a pursuer_target_distance=1.983 capture=0.005 score=0.002 pol=-0.0010 val=0.0797 ent=1.4235 tot=+0.0294 agnorm=0.054 cgnorm=0.188 kl=0.0017 clipf=0.008 ev=+0.708 r0=1.0000 entcoef=6.61e-03 lr=4.4e-04 seed=2
iter= 236 step= 758400 ep_ret=-300.707 opt_ret=-300.707 step_rew=-3.0071 opt_step=-3.0071 gap0=300.707 dret=-16.265 eval_ret=n/a pursuer_target_distance=3.013 capture=0.002 score=0.000 pol=-0.0013 val=0.1081 ent=1.4009 tot=+0.0435 agnorm=0.068 cgnorm=0.237 kl=0.0015 clipf=0.014 ev=+0.627 r0=1.0000 entcoef=6.60e-03 lr=4.4e-04 seed=2
iter= 237 step= 761600 ep_ret=-259.050 opt_ret=-259.050 step_rew=-2.5905 opt_step=-2.5905 gap0=259.050 dret=+25.392 eval_ret=n/a pursuer_target_distance=2.612 capture=0.003 score=0.001 pol=-0.0018 val=0.1542 ent=1.4266 tot=+0.0659 agnorm=0.095 cgnorm=0.237 kl=0.0030 clipf=0.024 ev=+0.556 r0=1.0000 entcoef=6.58e-03 lr=4.4e-04 seed=2
iter= 238 step= 764800 ep_ret=-248.067 opt_ret=-248.067 step_rew=-2.4807 opt_step=-2.4807 gap0=248.067 dret=+36.376 eval_ret=n/a pursuer_target_distance=2.471 capture=0.000 score=0.000 pol=-0.0016 val=0.1104 ent=1.4587 tot=+0.0440 agnorm=0.089 cgnorm=0.202 kl=0.0034 clipf=0.031 ev=+0.638 r0=1.0000 entcoef=6.57e-03 lr=4.4e-04 seed=2
iter= 239 step= 768000 ep_ret=-208.431 opt_ret=-208.431 step_rew=-2.0843 opt_step=-2.0843 gap0=208.431 dret=+76.011 eval_ret=n/a pursuer_target_distance=2.106 capture=0.003 score=0.001 pol=-0.0018 val=0.0858 ent=1.4587 tot=+0.0315 agnorm=0.085 cgnorm=0.194 kl=0.0041 clipf=0.037 ev=+0.596 r0=1.0000 entcoef=6.55e-03 lr=4.4e-04 seed=2
iter= 240 step= 771200 ep_ret=-235.227 opt_ret=-235.227 step_rew=-2.3523 opt_step=-2.3523 gap0=235.227 dret=+49.215 eval_ret=-140.016 pursuer_target_distance=2.349 capture=0.001 score=0.000 pol=-0.0005 val=0.0963 ent=1.4707 tot=+0.0381 agnorm=0.041 cgnorm=0.196 kl=0.0013 clipf=0.001 ev=+0.766 r0=1.0000 entcoef=6.54e-03 lr=4.3e-04 seed=2
iter= 241 step= 774400 ep_ret=-239.868 opt_ret=-239.868 step_rew=-2.3987 opt_step=-2.3987 gap0=239.868 dret=+44.575 eval_ret=n/a pursuer_target_distance=2.423 capture=0.003 score=0.001 pol=-0.0008 val=0.0819 ent=1.4605 tot=+0.0306 agnorm=0.048 cgnorm=0.209 kl=0.0009 clipf=0.003 ev=+0.565 r0=1.0000 entcoef=6.52e-03 lr=4.3e-04 seed=2
iter= 242 step= 777600 ep_ret=-230.926 opt_ret=-230.926 step_rew=-2.3093 opt_step=-2.3093 gap0=230.926 dret=+53.517 eval_ret=n/a pursuer_target_distance=2.299 capture=0.000 score=0.000 pol=-0.0012 val=0.0699 ent=1.4808 tot=+0.0241 agnorm=0.083 cgnorm=0.179 kl=0.0025 clipf=0.023 ev=+0.682 r0=1.0000 entcoef=6.51e-03 lr=4.3e-04 seed=2
iter= 243 step= 780800 ep_ret=-206.515 opt_ret=-206.515 step_rew=-2.0652 opt_step=-2.0652 gap0=206.515 dret=+77.927 eval_ret=n/a pursuer_target_distance=2.080 capture=0.003 score=0.001 pol=-0.0007 val=0.0687 ent=1.4963 tot=+0.0239 agnorm=0.053 cgnorm=0.178 kl=0.0008 clipf=0.004 ev=+0.533 r0=1.0000 entcoef=6.50e-03 lr=4.3e-04 seed=2
iter= 244 step= 784000 ep_ret=-233.199 opt_ret=-233.199 step_rew=-2.3320 opt_step=-2.3320 gap0=233.199 dret=+51.244 eval_ret=n/a pursuer_target_distance=2.328 capture=0.001 score=0.000 pol=-0.0010 val=0.0762 ent=1.4979 tot=+0.0274 agnorm=0.068 cgnorm=0.202 kl=0.0016 clipf=0.008 ev=+0.721 r0=1.0000 entcoef=6.48e-03 lr=4.3e-04 seed=2
iter= 245 step= 787200 ep_ret=-242.408 opt_ret=-242.408 step_rew=-2.4241 opt_step=-2.4241 gap0=242.408 dret=+42.035 eval_ret=n/a pursuer_target_distance=2.430 capture=0.002 score=0.000 pol=-0.0010 val=0.1089 ent=1.4959 tot=+0.0438 agnorm=0.040 cgnorm=0.201 kl=0.0018 clipf=0.004 ev=+0.640 r0=1.0000 entcoef=6.47e-03 lr=4.3e-04 seed=2
iter= 246 step= 790400 ep_ret=-237.627 opt_ret=-237.627 step_rew=-2.3763 opt_step=-2.3763 gap0=237.627 dret=+46.816 eval_ret=n/a pursuer_target_distance=2.373 capture=0.001 score=0.000 pol=-0.0013 val=0.0948 ent=1.5007 tot=+0.0364 agnorm=0.083 cgnorm=0.183 kl=0.0026 clipf=0.022 ev=+0.713 r0=1.0000 entcoef=6.45e-03 lr=4.3e-04 seed=2
iter= 247 step= 793600 ep_ret=-233.325 opt_ret=-233.325 step_rew=-2.3333 opt_step=-2.3333 gap0=233.325 dret=+51.118 eval_ret=n/a pursuer_target_distance=2.342 capture=0.002 score=0.001 pol=-0.0009 val=0.0871 ent=1.4815 tot=+0.0331 agnorm=0.067 cgnorm=0.194 kl=0.0013 clipf=0.008 ev=+0.725 r0=1.0000 entcoef=6.44e-03 lr=4.3e-04 seed=2
iter= 248 step= 796800 ep_ret=-241.071 opt_ret=-241.071 step_rew=-2.4107 opt_step=-2.4107 gap0=241.071 dret=+43.372 eval_ret=n/a pursuer_target_distance=2.504 capture=0.010 score=0.003 pol=-0.0013 val=0.1225 ent=1.4826 tot=+0.0504 agnorm=0.057 cgnorm=0.214 kl=0.0014 clipf=0.006 ev=+0.733 r0=1.0000 entcoef=6.42e-03 lr=4.3e-04 seed=2
iter= 249 step= 800000 ep_ret=-281.158 opt_ret=-281.158 step_rew=-2.8116 opt_step=-2.8116 gap0=281.158 dret=+3.285 eval_ret=n/a pursuer_target_distance=2.802 capture=0.000 score=0.000 pol=-0.0008 val=0.1199 ent=1.4683 tot=+0.0497 agnorm=0.060 cgnorm=0.196 kl=0.0012 clipf=0.003 ev=+0.761 r0=1.0000 entcoef=6.41e-03 lr=4.2e-04 seed=2
iter= 250 step= 803200 ep_ret=-222.732 opt_ret=-222.732 step_rew=-2.2273 opt_step=-2.2273 gap0=222.732 dret=+61.710 eval_ret=n/a pursuer_target_distance=2.220 capture=0.000 score=0.000 pol=-0.0004 val=0.0895 ent=1.4466 tot=+0.0351 agnorm=0.059 cgnorm=0.200 kl=0.0008 clipf=0.002 ev=+0.792 r0=1.0000 entcoef=6.39e-03 lr=4.2e-04 seed=2
iter= 251 step= 806400 ep_ret=-259.844 opt_ret=-259.844 step_rew=-2.5984 opt_step=-2.5984 gap0=259.844 dret=+24.598 eval_ret=n/a pursuer_target_distance=2.601 capture=0.001 score=0.000 pol=-0.0016 val=0.0942 ent=1.4569 tot=+0.0362 agnorm=0.075 cgnorm=0.218 kl=0.0026 clipf=0.025 ev=+0.788 r0=1.0000 entcoef=6.38e-03 lr=4.2e-04 seed=2
iter= 252 step= 809600 ep_ret=-259.978 opt_ret=-259.978 step_rew=-2.5998 opt_step=-2.5998 gap0=259.978 dret=+24.465 eval_ret=n/a pursuer_target_distance=2.590 capture=0.000 score=0.000 pol=-0.0014 val=0.1277 ent=1.4581 tot=+0.0532 agnorm=0.075 cgnorm=0.260 kl=0.0022 clipf=0.018 ev=+0.730 r0=1.0000 entcoef=6.37e-03 lr=4.2e-04 seed=2
iter= 253 step= 812800 ep_ret=-231.952 opt_ret=-231.952 step_rew=-2.3195 opt_step=-2.3195 gap0=231.952 dret=+52.491 eval_ret=n/a pursuer_target_distance=2.331 capture=0.002 score=0.001 pol=-0.0009 val=0.0871 ent=1.4479 tot=+0.0334 agnorm=0.055 cgnorm=0.186 kl=0.0028 clipf=0.017 ev=+0.802 r0=1.0000 entcoef=6.35e-03 lr=4.2e-04 seed=2
iter= 254 step= 816000 ep_ret=-278.718 opt_ret=-278.718 step_rew=-2.7872 opt_step=-2.7872 gap0=278.718 dret=+5.725 eval_ret=n/a pursuer_target_distance=2.777 capture=0.000 score=0.000 pol=-0.0013 val=0.1150 ent=1.4569 tot=+0.0470 agnorm=0.059 cgnorm=0.255 kl=0.0023 clipf=0.017 ev=+0.738 r0=1.0000 entcoef=6.34e-03 lr=4.2e-04 seed=2
iter= 255 step= 819200 ep_ret=-248.937 opt_ret=-248.937 step_rew=-2.4894 opt_step=-2.4894 gap0=248.937 dret=+35.505 eval_ret=n/a pursuer_target_distance=2.479 capture=0.000 score=0.000 pol=-0.0011 val=0.0702 ent=1.4645 tot=+0.0247 agnorm=0.064 cgnorm=0.173 kl=0.0011 clipf=0.003 ev=+0.791 r0=1.0000 entcoef=6.32e-03 lr=4.2e-04 seed=2
iter= 256 step= 822400 ep_ret=-243.269 opt_ret=-243.269 step_rew=-2.4327 opt_step=-2.4327 gap0=243.269 dret=+41.174 eval_ret=n/a pursuer_target_distance=2.438 capture=0.002 score=0.000 pol=-0.0012 val=0.1003 ent=1.4540 tot=+0.0398 agnorm=0.077 cgnorm=0.250 kl=0.0027 clipf=0.016 ev=+0.773 r0=1.0000 entcoef=6.31e-03 lr=4.2e-04 seed=2
iter= 257 step= 825600 ep_ret=-259.346 opt_ret=-259.346 step_rew=-2.5935 opt_step=-2.5935 gap0=259.346 dret=+25.097 eval_ret=n/a pursuer_target_distance=2.583 capture=0.000 score=0.000 pol=-0.0004 val=0.0679 ent=1.4815 tot=+0.0242 agnorm=0.053 cgnorm=0.205 kl=0.0010 clipf=0.001 ev=+0.789 r0=1.0000 entcoef=6.29e-03 lr=4.2e-04 seed=2
iter= 258 step= 828800 ep_ret=-249.904 opt_ret=-249.904 step_rew=-2.4990 opt_step=-2.4990 gap0=249.904 dret=+34.539 eval_ret=n/a pursuer_target_distance=2.514 capture=0.003 score=0.001 pol=-0.0012 val=0.0931 ent=1.4925 tot=+0.0360 agnorm=0.062 cgnorm=0.266 kl=0.0016 clipf=0.009 ev=+0.761 r0=1.0000 entcoef=6.28e-03 lr=4.1e-04 seed=2
iter= 259 step= 832000 ep_ret=-201.919 opt_ret=-201.919 step_rew=-2.0192 opt_step=-2.0192 gap0=201.919 dret=+82.524 eval_ret=n/a pursuer_target_distance=2.009 capture=0.000 score=0.000 pol=-0.0013 val=0.0503 ent=1.5177 tot=+0.0143 agnorm=0.088 cgnorm=0.188 kl=0.0029 clipf=0.027 ev=+0.811 r0=1.0000 entcoef=6.26e-03 lr=4.1e-04 seed=2
iter= 260 step= 835200 ep_ret=-222.865 opt_ret=-222.865 step_rew=-2.2286 opt_step=-2.2286 gap0=222.865 dret=+61.578 eval_ret=-146.819 pursuer_target_distance=2.234 capture=0.002 score=0.000 pol=-0.0010 val=0.0595 ent=1.5137 tot=+0.0193 agnorm=0.057 cgnorm=0.208 kl=0.0021 clipf=0.014 ev=+0.808 r0=1.0000 entcoef=6.25e-03 lr=4.1e-04 seed=2
iter= 261 step= 838400 ep_ret=-203.120 opt_ret=-203.120 step_rew=-2.0312 opt_step=-2.0312 gap0=203.120 dret=+81.322 eval_ret=n/a pursuer_target_distance=2.074 capture=0.005 score=0.002 pol=-0.0014 val=0.0740 ent=1.4991 tot=+0.0263 agnorm=0.048 cgnorm=0.206 kl=0.0017 clipf=0.007 ev=+0.742 r0=1.0000 entcoef=6.24e-03 lr=4.1e-04 seed=2
iter= 262 step= 841600 ep_ret=-207.792 opt_ret=-207.792 step_rew=-2.0779 opt_step=-2.0779 gap0=207.792 dret=+76.650 eval_ret=n/a pursuer_target_distance=2.130 capture=0.006 score=0.002 pol=-0.0014 val=0.0795 ent=1.4936 tot=+0.0290 agnorm=0.064 cgnorm=0.227 kl=0.0014 clipf=0.009 ev=+0.773 r0=1.0000 entcoef=6.22e-03 lr=4.1e-04 seed=2
iter= 263 step= 844800 ep_ret=-265.272 opt_ret=-265.272 step_rew=-2.6527 opt_step=-2.6527 gap0=265.272 dret=+19.170 eval_ret=n/a pursuer_target_distance=2.643 capture=0.000 score=0.000 pol=-0.0006 val=0.0662 ent=1.4991 tot=+0.0232 agnorm=0.037 cgnorm=0.204 kl=0.0012 clipf=0.003 ev=+0.797 r0=1.0000 entcoef=6.21e-03 lr=4.1e-04 seed=2
iter= 264 step= 848000 ep_ret=-236.360 opt_ret=-236.360 step_rew=-2.3636 opt_step=-2.3636 gap0=236.360 dret=+48.083 eval_ret=n/a pursuer_target_distance=2.354 capture=0.000 score=0.000 pol=-0.0015 val=0.0549 ent=1.5066 tot=+0.0166 agnorm=0.078 cgnorm=0.197 kl=0.0024 clipf=0.016 ev=+0.803 r0=1.0000 entcoef=6.19e-03 lr=4.1e-04 seed=2
iter= 265 step= 851200 ep_ret=-225.876 opt_ret=-225.876 step_rew=-2.2588 opt_step=-2.2588 gap0=225.876 dret=+58.567 eval_ret=n/a pursuer_target_distance=2.274 capture=0.003 score=0.001 pol=-0.0015 val=0.0623 ent=1.4971 tot=+0.0204 agnorm=0.084 cgnorm=0.158 kl=0.0022 clipf=0.015 ev=+0.888 r0=1.0000 entcoef=6.18e-03 lr=4.1e-04 seed=2
iter= 266 step= 854400 ep_ret=-251.517 opt_ret=-251.517 step_rew=-2.5152 opt_step=-2.5152 gap0=251.517 dret=+32.926 eval_ret=n/a pursuer_target_distance=2.505 capture=0.000 score=0.000 pol=-0.0017 val=0.0760 ent=1.5083 tot=+0.0270 agnorm=0.115 cgnorm=0.211 kl=0.0041 clipf=0.042 ev=+0.836 r0=1.0000 entcoef=6.16e-03 lr=4.1e-04 seed=2
iter= 267 step= 857600 ep_ret=-268.161 opt_ret=-268.161 step_rew=-2.6816 opt_step=-2.6816 gap0=268.161 dret=+16.281 eval_ret=n/a pursuer_target_distance=2.675 capture=0.000 score=0.000 pol=-0.0005 val=0.1270 ent=1.4788 tot=+0.0539 agnorm=0.032 cgnorm=0.245 kl=0.0019 clipf=0.010 ev=+0.829 r0=1.0000 entcoef=6.15e-03 lr=4.0e-04 seed=2
iter= 268 step= 860800 ep_ret=-238.184 opt_ret=-238.184 step_rew=-2.3818 opt_step=-2.3818 gap0=238.184 dret=+46.259 eval_ret=n/a pursuer_target_distance=2.372 capture=0.000 score=0.000 pol=-0.0014 val=0.0797 ent=1.4928 tot=+0.0293 agnorm=0.072 cgnorm=0.224 kl=0.0015 clipf=0.003 ev=+0.875 r0=1.0000 entcoef=6.13e-03 lr=4.0e-04 seed=2
iter= 269 step= 864000 ep_ret=-251.367 opt_ret=-251.367 step_rew=-2.5137 opt_step=-2.5137 gap0=251.367 dret=+33.075 eval_ret=n/a pursuer_target_distance=2.538 capture=0.003 score=0.001 pol=-0.0011 val=0.0976 ent=1.5062 tot=+0.0385 agnorm=0.044 cgnorm=0.264 kl=0.0034 clipf=0.009 ev=+0.831 r0=1.0000 entcoef=6.12e-03 lr=4.0e-04 seed=2
iter= 270 step= 867200 ep_ret=-244.039 opt_ret=-244.039 step_rew=-2.4404 opt_step=-2.4404 gap0=244.039 dret=+40.403 eval_ret=n/a pursuer_target_distance=2.499 capture=0.007 score=0.002 pol=-0.0013 val=0.1077 ent=1.5066 tot=+0.0433 agnorm=0.064 cgnorm=0.233 kl=0.0016 clipf=0.012 ev=+0.781 r0=1.0000 entcoef=6.11e-03 lr=4.0e-04 seed=2
iter= 271 step= 870400 ep_ret=-239.296 opt_ret=-239.296 step_rew=-2.3930 opt_step=-2.3930 gap0=239.296 dret=+45.146 eval_ret=n/a pursuer_target_distance=2.411 capture=0.003 score=0.001 pol=-0.0013 val=0.1040 ent=1.4942 tot=+0.0416 agnorm=0.062 cgnorm=0.260 kl=0.0019 clipf=0.013 ev=+0.756 r0=1.0000 entcoef=6.09e-03 lr=4.0e-04 seed=2
iter= 272 step= 873600 ep_ret=-201.489 opt_ret=-201.489 step_rew=-2.0149 opt_step=-2.0149 gap0=201.489 dret=+82.954 eval_ret=n/a pursuer_target_distance=2.058 capture=0.005 score=0.002 pol=-0.0012 val=0.0672 ent=1.4832 tot=+0.0234 agnorm=0.061 cgnorm=0.202 kl=0.0015 clipf=0.011 ev=+0.852 r0=1.0000 entcoef=6.08e-03 lr=4.0e-04 seed=2
iter= 273 step= 876800 ep_ret=-234.592 opt_ret=-234.592 step_rew=-2.3459 opt_step=-2.3459 gap0=234.592 dret=+49.851 eval_ret=n/a pursuer_target_distance=2.345 capture=0.001 score=0.000 pol=-0.0010 val=0.1066 ent=1.4980 tot=+0.0432 agnorm=0.065 cgnorm=0.242 kl=0.0024 clipf=0.020 ev=+0.768 r0=1.0000 entcoef=6.06e-03 lr=4.0e-04 seed=2
iter= 274 step= 880000 ep_ret=-236.035 opt_ret=-236.035 step_rew=-2.3604 opt_step=-2.3604 gap0=236.035 dret=+48.407 eval_ret=n/a pursuer_target_distance=2.350 capture=0.000 score=0.000 pol=-0.0012 val=0.0703 ent=1.4949 tot=+0.0249 agnorm=0.057 cgnorm=0.214 kl=0.0014 clipf=0.007 ev=+0.851 r0=1.0000 entcoef=6.05e-03 lr=4.0e-04 seed=2
iter= 275 step= 883200 ep_ret=-201.902 opt_ret=-201.902 step_rew=-2.0190 opt_step=-2.0190 gap0=201.902 dret=+82.541 eval_ret=n/a pursuer_target_distance=2.022 capture=0.001 score=0.000 pol=-0.0009 val=0.0742 ent=1.4958 tot=+0.0272 agnorm=0.038 cgnorm=0.284 kl=0.0019 clipf=0.008 ev=+0.832 r0=1.0000 entcoef=6.03e-03 lr=4.0e-04 seed=2
iter= 276 step= 886400 ep_ret=-230.060 opt_ret=-230.060 step_rew=-2.3006 opt_step=-2.3006 gap0=230.060 dret=+54.383 eval_ret=n/a pursuer_target_distance=2.309 capture=0.002 score=0.001 pol=-0.0008 val=0.0876 ent=1.5010 tot=+0.0340 agnorm=0.045 cgnorm=0.241 kl=0.0008 clipf=0.006 ev=+0.829 r0=1.0000 entcoef=6.02e-03 lr=3.9e-04 seed=2
iter= 277 step= 889600 ep_ret=-237.992 opt_ret=-237.992 step_rew=-2.3799 opt_step=-2.3799 gap0=237.992 dret=+46.450 eval_ret=n/a pursuer_target_distance=2.370 capture=0.000 score=0.000 pol=-0.0013 val=0.0817 ent=1.5140 tot=+0.0305 agnorm=0.066 cgnorm=0.274 kl=0.0016 clipf=0.011 ev=+0.804 r0=1.0000 entcoef=6.00e-03 lr=3.9e-04 seed=2
iter= 278 step= 892800 ep_ret=-217.226 opt_ret=-217.226 step_rew=-2.1723 opt_step=-2.1723 gap0=217.226 dret=+67.217 eval_ret=n/a pursuer_target_distance=2.162 capture=0.000 score=0.000 pol=-0.0010 val=0.0412 ent=1.5069 tot=+0.0106 agnorm=0.053 cgnorm=0.196 kl=0.0012 clipf=0.005 ev=+0.857 r0=1.0000 entcoef=5.99e-03 lr=3.9e-04 seed=2
iter= 279 step= 896000 ep_ret=-180.818 opt_ret=-180.818 step_rew=-1.8082 opt_step=-1.8082 gap0=180.818 dret=+103.624 eval_ret=n/a pursuer_target_distance=1.851 capture=0.005 score=0.002 pol=-0.0016 val=0.0597 ent=1.5053 tot=+0.0193 agnorm=0.068 cgnorm=0.251 kl=0.0021 clipf=0.015 ev=+0.821 r0=1.0000 entcoef=5.98e-03 lr=3.9e-04 seed=2
iter= 280 step= 899200 ep_ret=-207.568 opt_ret=-207.568 step_rew=-2.0757 opt_step=-2.0757 gap0=207.568 dret=+76.875 eval_ret=-116.818 pursuer_target_distance=2.066 capture=0.000 score=0.000 pol=-0.0018 val=0.0392 ent=1.4666 tot=+0.0091 agnorm=0.062 cgnorm=0.189 kl=0.0030 clipf=0.023 ev=+0.918 r0=1.0000 entcoef=5.96e-03 lr=3.9e-04 seed=2
iter= 281 step= 902400 ep_ret=-234.393 opt_ret=-234.393 step_rew=-2.3439 opt_step=-2.3439 gap0=234.393 dret=+50.050 eval_ret=n/a pursuer_target_distance=2.428 capture=0.009 score=0.003 pol=-0.0019 val=0.1092 ent=1.4739 tot=+0.0440 agnorm=0.067 cgnorm=0.277 kl=0.0021 clipf=0.013 ev=+0.827 r0=1.0000 entcoef=5.95e-03 lr=3.9e-04 seed=2
iter= 282 step= 905600 ep_ret=-252.754 opt_ret=-252.754 step_rew=-2.5275 opt_step=-2.5275 gap0=252.754 dret=+31.688 eval_ret=n/a pursuer_target_distance=2.518 capture=0.000 score=0.000 pol=-0.0012 val=0.0681 ent=1.4575 tot=+0.0242 agnorm=0.060 cgnorm=0.242 kl=0.0021 clipf=0.014 ev=+0.870 r0=1.0000 entcoef=5.93e-03 lr=3.9e-04 seed=2
iter= 283 step= 908800 ep_ret=-209.142 opt_ret=-209.142 step_rew=-2.0914 opt_step=-2.0914 gap0=209.142 dret=+75.300 eval_ret=n/a pursuer_target_distance=2.100 capture=0.002 score=0.001 pol=-0.0013 val=0.0727 ent=1.4522 tot=+0.0264 agnorm=0.072 cgnorm=0.220 kl=0.0019 clipf=0.016 ev=+0.889 r0=1.0000 entcoef=5.92e-03 lr=3.9e-04 seed=2
iter= 284 step= 912000 ep_ret=-231.817 opt_ret=-231.817 step_rew=-2.3182 opt_step=-2.3182 gap0=231.817 dret=+52.626 eval_ret=n/a pursuer_target_distance=2.318 capture=0.001 score=0.000 pol=-0.0009 val=0.1012 ent=1.4508 tot=+0.0412 agnorm=0.049 cgnorm=0.214 kl=0.0020 clipf=0.012 ev=+0.862 r0=1.0000 entcoef=5.90e-03 lr=3.9e-04 seed=2
iter= 285 step= 915200 ep_ret=-208.823 opt_ret=-208.823 step_rew=-2.0882 opt_step=-2.0882 gap0=208.823 dret=+75.619 eval_ret=n/a pursuer_target_distance=2.094 capture=0.002 score=0.001 pol=-0.0017 val=0.0472 ent=1.4558 tot=+0.0134 agnorm=0.072 cgnorm=0.195 kl=0.0020 clipf=0.016 ev=+0.901 r0=1.0000 entcoef=5.89e-03 lr=3.8e-04 seed=2
iter= 286 step= 918400 ep_ret=-193.730 opt_ret=-193.730 step_rew=-1.9373 opt_step=-1.9373 gap0=193.730 dret=+90.713 eval_ret=n/a pursuer_target_distance=1.968 capture=0.004 score=0.001 pol=-0.0013 val=0.0471 ent=1.4639 tot=+0.0137 agnorm=0.081 cgnorm=0.175 kl=0.0022 clipf=0.017 ev=+0.867 r0=1.0000 entcoef=5.88e-03 lr=3.8e-04 seed=2
iter= 287 step= 921600 ep_ret=-187.860 opt_ret=-187.860 step_rew=-1.8786 opt_step=-1.8786 gap0=187.860 dret=+96.583 eval_ret=n/a pursuer_target_distance=1.903 capture=0.003 score=0.001 pol=-0.0018 val=0.0769 ent=1.4375 tot=+0.0282 agnorm=0.059 cgnorm=0.263 kl=0.0025 clipf=0.014 ev=+0.757 r0=1.0000 entcoef=5.86e-03 lr=3.8e-04 seed=2
iter= 288 step= 924800 ep_ret=-244.304 opt_ret=-244.304 step_rew=-2.4430 opt_step=-2.4430 gap0=244.304 dret=+40.139 eval_ret=n/a pursuer_target_distance=2.433 capture=0.000 score=0.000 pol=-0.0007 val=0.0888 ent=1.4451 tot=+0.0352 agnorm=0.051 cgnorm=0.250 kl=0.0011 clipf=0.005 ev=+0.858 r0=1.0000 entcoef=5.85e-03 lr=3.8e-04 seed=2
iter= 289 step= 928000 ep_ret=-218.308 opt_ret=-218.308 step_rew=-2.1831 opt_step=-2.1831 gap0=218.308 dret=+66.134 eval_ret=n/a pursuer_target_distance=2.195 capture=0.002 score=0.001 pol=-0.0010 val=0.0609 ent=1.4246 tot=+0.0211 agnorm=0.070 cgnorm=0.236 kl=0.0014 clipf=0.010 ev=+0.861 r0=1.0000 entcoef=5.83e-03 lr=3.8e-04 seed=2
iter= 290 step= 931200 ep_ret=-158.668 opt_ret=-158.668 step_rew=-1.5867 opt_step=-1.5867 gap0=158.668 dret=+125.775 eval_ret=n/a pursuer_target_distance=1.614 capture=0.004 score=0.001 pol=-0.0021 val=0.0314 ent=1.4546 tot=+0.0051 agnorm=0.084 cgnorm=0.153 kl=0.0030 clipf=0.023 ev=+0.936 r0=1.0000 entcoef=5.82e-03 lr=3.8e-04 seed=2
iter= 291 step= 934400 ep_ret=-206.389 opt_ret=-206.389 step_rew=-2.0639 opt_step=-2.0639 gap0=206.389 dret=+78.053 eval_ret=n/a pursuer_target_distance=2.060 capture=0.001 score=0.000 pol=-0.0013 val=0.0622 ent=1.4669 tot=+0.0213 agnorm=0.062 cgnorm=0.221 kl=0.0019 clipf=0.010 ev=+0.867 r0=1.0000 entcoef=5.80e-03 lr=3.8e-04 seed=2
iter= 292 step= 937600 ep_ret=-237.301 opt_ret=-237.301 step_rew=-2.3730 opt_step=-2.3730 gap0=237.301 dret=+47.142 eval_ret=n/a pursuer_target_distance=2.366 capture=0.000 score=0.000 pol=-0.0008 val=0.0612 ent=1.4623 tot=+0.0213 agnorm=0.036 cgnorm=0.208 kl=0.0012 clipf=0.005 ev=+0.918 r0=1.0000 entcoef=5.79e-03 lr=3.8e-04 seed=2
iter= 293 step= 940800 ep_ret=-199.108 opt_ret=-199.108 step_rew=-1.9911 opt_step=-1.9911 gap0=199.108 dret=+85.334 eval_ret=n/a pursuer_target_distance=2.050 capture=0.007 score=0.002 pol=-0.0010 val=0.0786 ent=1.4697 tot=+0.0298 agnorm=0.048 cgnorm=0.228 kl=0.0011 clipf=0.005 ev=+0.839 r0=1.0000 entcoef=5.77e-03 lr=3.8e-04 seed=2
iter= 294 step= 944000 ep_ret=-229.542 opt_ret=-229.542 step_rew=-2.2954 opt_step=-2.2954 gap0=229.542 dret=+54.901 eval_ret=n/a pursuer_target_distance=2.285 capture=0.000 score=0.000 pol=-0.0017 val=0.0706 ent=1.4583 tot=+0.0252 agnorm=0.082 cgnorm=0.250 kl=0.0023 clipf=0.016 ev=+0.909 r0=1.0000 entcoef=5.76e-03 lr=3.7e-04 seed=2
iter= 295 step= 947200 ep_ret=-229.816 opt_ret=-229.816 step_rew=-2.2982 opt_step=-2.2982 gap0=229.816 dret=+54.627 eval_ret=n/a pursuer_target_distance=2.307 capture=0.002 score=0.001 pol=-0.0010 val=0.0903 ent=1.4424 tot=+0.0359 agnorm=0.078 cgnorm=0.312 kl=0.0020 clipf=0.012 ev=+0.836 r0=1.0000 entcoef=5.75e-03 lr=3.7e-04 seed=2
iter= 296 step= 950400 ep_ret=-212.816 opt_ret=-212.816 step_rew=-2.1282 opt_step=-2.1282 gap0=212.816 dret=+71.627 eval_ret=n/a pursuer_target_distance=2.153 capture=0.003 score=0.001 pol=-0.0010 val=0.0804 ent=1.4390 tot=+0.0310 agnorm=0.041 cgnorm=0.296 kl=0.0012 clipf=0.009 ev=+0.806 r0=1.0000 entcoef=5.73e-03 lr=3.7e-04 seed=2
iter= 297 step= 953600 ep_ret=-154.973 opt_ret=-154.973 step_rew=-1.5497 opt_step=-1.5497 gap0=154.973 dret=+129.469 eval_ret=n/a pursuer_target_distance=1.555 capture=0.002 score=0.001 pol=-0.0014 val=0.0452 ent=1.4375 tot=+0.0129 agnorm=0.058 cgnorm=0.209 kl=0.0018 clipf=0.013 ev=+0.911 r0=1.0000 entcoef=5.72e-03 lr=3.7e-04 seed=2
iter= 298 step= 956800 ep_ret=-201.393 opt_ret=-201.393 step_rew=-2.0139 opt_step=-2.0139 gap0=201.393 dret=+83.050 eval_ret=n/a pursuer_target_distance=2.029 capture=0.003 score=0.001 pol=-0.0031 val=0.0586 ent=1.4332 tot=+0.0180 agnorm=0.116 cgnorm=0.227 kl=0.0038 clipf=0.042 ev=+0.888 r0=1.0000 entcoef=5.70e-03 lr=3.7e-04 seed=2
iter= 299 step= 960000 ep_ret=-209.483 opt_ret=-209.483 step_rew=-2.0948 opt_step=-2.0948 gap0=209.483 dret=+74.960 eval_ret=n/a pursuer_target_distance=2.091 capture=0.001 score=0.000 pol=-0.0015 val=0.0316 ent=1.4292 tot=+0.0061 agnorm=0.077 cgnorm=0.171 kl=0.0025 clipf=0.017 ev=+0.942 r0=1.0000 entcoef=5.69e-03 lr=3.7e-04 seed=2
iter= 300 step= 963200 ep_ret=-238.455 opt_ret=-238.455 step_rew=-2.3846 opt_step=-2.3846 gap0=238.455 dret=+45.987 eval_ret=-69.397 pursuer_target_distance=2.418 capture=0.004 score=0.001 pol=-0.0011 val=0.0956 ent=1.4205 tot=+0.0386 agnorm=0.063 cgnorm=0.247 kl=0.0018 clipf=0.010 ev=+0.894 r0=1.0000 entcoef=5.67e-03 lr=3.7e-04 seed=2
iter= 301 step= 966400 ep_ret=-201.791 opt_ret=-201.791 step_rew=-2.0179 opt_step=-2.0179 gap0=201.791 dret=+82.652 eval_ret=n/a pursuer_target_distance=2.036 capture=0.003 score=0.001 pol=-0.0012 val=0.0699 ent=1.4156 tot=+0.0257 agnorm=0.057 cgnorm=0.233 kl=0.0017 clipf=0.013 ev=+0.867 r0=1.0000 entcoef=5.66e-03 lr=3.7e-04 seed=2
iter= 302 step= 969600 ep_ret=-187.620 opt_ret=-187.620 step_rew=-1.8762 opt_step=-1.8762 gap0=187.620 dret=+96.822 eval_ret=n/a pursuer_target_distance=1.982 capture=0.012 score=0.004 pol=-0.0015 val=0.1101 ent=1.3893 tot=+0.0456 agnorm=0.090 cgnorm=0.254 kl=0.0020 clipf=0.018 ev=+0.811 r0=1.0000 entcoef=5.64e-03 lr=3.7e-04 seed=2
iter= 303 step= 972800 ep_ret=-220.177 opt_ret=-220.177 step_rew=-2.2018 opt_step=-2.2018 gap0=220.177 dret=+64.265 eval_ret=n/a pursuer_target_distance=2.226 capture=0.003 score=0.001 pol=-0.0014 val=0.0992 ent=1.4007 tot=+0.0404 agnorm=0.063 cgnorm=0.280 kl=0.0018 clipf=0.015 ev=+0.869 r0=1.0000 entcoef=5.63e-03 lr=3.6e-04 seed=2
iter= 304 step= 976000 ep_ret=-211.839 opt_ret=-211.839 step_rew=-2.1184 opt_step=-2.1184 gap0=211.839 dret=+72.603 eval_ret=n/a pursuer_target_distance=2.212 capture=0.010 score=0.003 pol=-0.0012 val=0.0917 ent=1.3957 tot=+0.0367 agnorm=0.068 cgnorm=0.292 kl=0.0014 clipf=0.010 ev=+0.835 r0=1.0000 entcoef=5.62e-03 lr=3.6e-04 seed=2
iter= 305 step= 979200 ep_ret=-171.041 opt_ret=-171.041 step_rew=-1.7104 opt_step=-1.7104 gap0=171.041 dret=+113.402 eval_ret=n/a pursuer_target_distance=1.750 capture=0.005 score=0.002 pol=-0.0015 val=0.0611 ent=1.4010 tot=+0.0212 agnorm=0.061 cgnorm=0.220 kl=0.0022 clipf=0.021 ev=+0.869 r0=1.0000 entcoef=5.60e-03 lr=3.6e-04 seed=2
iter= 306 step= 982400 ep_ret=-186.255 opt_ret=-186.255 step_rew=-1.8626 opt_step=-1.8626 gap0=186.255 dret=+98.188 eval_ret=n/a pursuer_target_distance=1.887 capture=0.003 score=0.001 pol=-0.0013 val=0.0627 ent=1.4429 tot=+0.0219 agnorm=0.068 cgnorm=0.261 kl=0.0017 clipf=0.014 ev=+0.908 r0=1.0000 entcoef=5.59e-03 lr=3.6e-04 seed=2
iter= 307 step= 985600 ep_ret=-251.323 opt_ret=-251.323 step_rew=-2.5132 opt_step=-2.5132 gap0=251.323 dret=+33.119 eval_ret=n/a pursuer_target_distance=2.503 capture=0.000 score=0.000 pol=-0.0010 val=0.0698 ent=1.4343 tot=+0.0259 agnorm=0.055 cgnorm=0.256 kl=0.0009 clipf=0.005 ev=+0.933 r0=1.0000 entcoef=5.57e-03 lr=3.6e-04 seed=2
iter= 308 step= 988800 ep_ret=-182.564 opt_ret=-182.564 step_rew=-1.8256 opt_step=-1.8256 gap0=182.564 dret=+101.879 eval_ret=n/a pursuer_target_distance=1.816 capture=0.000 score=0.000 pol=-0.0022 val=0.0609 ent=1.4256 tot=+0.0203 agnorm=0.085 cgnorm=0.246 kl=0.0030 clipf=0.024 ev=+0.924 r0=1.0000 entcoef=5.56e-03 lr=3.6e-04 seed=2
iter= 309 step= 992000 ep_ret=-205.307 opt_ret=-205.307 step_rew=-2.0531 opt_step=-2.0531 gap0=205.307 dret=+79.136 eval_ret=n/a pursuer_target_distance=2.062 capture=0.002 score=0.001 pol=-0.0014 val=0.0503 ent=1.4576 tot=+0.0156 agnorm=0.057 cgnorm=0.236 kl=0.0022 clipf=0.010 ev=+0.893 r0=1.0000 entcoef=5.54e-03 lr=3.6e-04 seed=2
iter= 310 step= 995200 ep_ret=-196.530 opt_ret=-196.530 step_rew=-1.9653 opt_step=-1.9653 gap0=196.530 dret=+87.913 eval_ret=n/a pursuer_target_distance=1.958 capture=0.000 score=0.000 pol=-0.0014 val=0.0538 ent=1.4310 tot=+0.0176 agnorm=0.059 cgnorm=0.228 kl=0.0023 clipf=0.016 ev=+0.891 r0=1.0000 entcoef=5.53e-03 lr=3.6e-04 seed=2
iter= 311 step= 998400 ep_ret=-202.286 opt_ret=-202.286 step_rew=-2.0229 opt_step=-2.0229 gap0=202.286 dret=+82.157 eval_ret=n/a pursuer_target_distance=2.103 capture=0.009 score=0.003 pol=-0.0010 val=0.1097 ent=1.4492 tot=+0.0459 agnorm=0.056 cgnorm=0.303 kl=0.0010 clipf=0.006 ev=+0.878 r0=1.0000 entcoef=5.51e-03 lr=3.6e-04 seed=2
iter= 312 step=1001600 ep_ret=-172.334 opt_ret=-172.334 step_rew=-1.7233 opt_step=-1.7233 gap0=172.334 dret=+112.108 eval_ret=n/a pursuer_target_distance=1.779 capture=0.007 score=0.002 pol=-0.0011 val=0.0595 ent=1.4475 tot=+0.0207 agnorm=0.059 cgnorm=0.230 kl=0.0015 clipf=0.009 ev=+0.862 r0=1.0000 entcoef=5.50e-03 lr=3.6e-04 seed=2
iter= 313 step=1004800 ep_ret=-193.963 opt_ret=-193.963 step_rew=-1.9396 opt_step=-1.9396 gap0=193.963 dret=+90.480 eval_ret=n/a pursuer_target_distance=1.939 capture=0.001 score=0.000 pol=-0.0013 val=0.0851 ent=1.4582 tot=+0.0333 agnorm=0.063 cgnorm=0.273 kl=0.0016 clipf=0.006 ev=+0.879 r0=1.0000 entcoef=5.49e-03 lr=3.5e-04 seed=2
iter= 314 step=1008000 ep_ret=-209.152 opt_ret=-209.152 step_rew=-2.0915 opt_step=-2.0915 gap0=209.152 dret=+75.290 eval_ret=n/a pursuer_target_distance=2.144 capture=0.006 score=0.002 pol=-0.0013 val=0.0644 ent=1.4513 tot=+0.0230 agnorm=0.062 cgnorm=0.273 kl=0.0021 clipf=0.017 ev=+0.911 r0=1.0000 entcoef=5.47e-03 lr=3.5e-04 seed=2
iter= 315 step=1011200 ep_ret=-209.087 opt_ret=-209.087 step_rew=-2.0909 opt_step=-2.0909 gap0=209.087 dret=+75.355 eval_ret=n/a pursuer_target_distance=2.081 capture=0.000 score=0.000 pol=-0.0016 val=0.0663 ent=1.4440 tot=+0.0237 agnorm=0.061 cgnorm=0.226 kl=0.0027 clipf=0.023 ev=+0.917 r0=1.0000 entcoef=5.46e-03 lr=3.5e-04 seed=2
iter= 316 step=1014400 ep_ret=-182.840 opt_ret=-182.840 step_rew=-1.8284 opt_step=-1.8284 gap0=182.840 dret=+101.603 eval_ret=n/a pursuer_target_distance=1.825 capture=0.001 score=0.000 pol=-0.0011 val=0.0407 ent=1.4407 tot=+0.0114 agnorm=0.052 cgnorm=0.222 kl=0.0017 clipf=0.010 ev=+0.898 r0=1.0000 entcoef=5.44e-03 lr=3.5e-04 seed=2
iter= 317 step=1017600 ep_ret=-177.719 opt_ret=-177.719 step_rew=-1.7772 opt_step=-1.7772 gap0=177.719 dret=+106.723 eval_ret=n/a pursuer_target_distance=1.777 capture=0.001 score=0.000 pol=-0.0013 val=0.0469 ent=1.4573 tot=+0.0143 agnorm=0.070 cgnorm=0.202 kl=0.0015 clipf=0.011 ev=+0.916 r0=1.0000 entcoef=5.43e-03 lr=3.5e-04 seed=2
iter= 318 step=1020800 ep_ret=-215.806 opt_ret=-215.806 step_rew=-2.1581 opt_step=-2.1581 gap0=215.806 dret=+68.637 eval_ret=n/a pursuer_target_distance=2.232 capture=0.008 score=0.003 pol=-0.0011 val=0.1315 ent=1.4518 tot=+0.0568 agnorm=0.055 cgnorm=0.314 kl=0.0026 clipf=0.022 ev=+0.844 r0=1.0000 entcoef=5.41e-03 lr=3.5e-04 seed=2
iter= 319 step=1024000 ep_ret=-179.761 opt_ret=-179.761 step_rew=-1.7976 opt_step=-1.7976 gap0=179.761 dret=+104.681 eval_ret=n/a pursuer_target_distance=1.819 capture=0.003 score=0.001 pol=-0.0017 val=0.0723 ent=1.4128 tot=+0.0268 agnorm=0.065 cgnorm=0.243 kl=0.0019 clipf=0.012 ev=+0.850 r0=1.0000 entcoef=5.40e-03 lr=3.5e-04 seed=2
iter= 320 step=1027200 ep_ret=-196.589 opt_ret=-196.589 step_rew=-1.9659 opt_step=-1.9659 gap0=196.589 dret=+87.853 eval_ret=-101.174 pursuer_target_distance=1.990 capture=0.003 score=0.001 pol=-0.0011 val=0.0472 ent=1.4097 tot=+0.0149 agnorm=0.053 cgnorm=0.169 kl=0.0012 clipf=0.005 ev=+0.919 r0=1.0000 entcoef=5.38e-03 lr=3.5e-04 seed=2
iter= 321 step=1030400 ep_ret=-166.104 opt_ret=-166.104 step_rew=-1.6610 opt_step=-1.6610 gap0=166.104 dret=+118.339 eval_ret=n/a pursuer_target_distance=1.657 capture=0.001 score=0.000 pol=-0.0014 val=0.0256 ent=1.4324 tot=+0.0037 agnorm=0.056 cgnorm=0.155 kl=0.0019 clipf=0.010 ev=+0.957 r0=1.0000 entcoef=5.37e-03 lr=3.5e-04 seed=2
iter= 322 step=1033600 ep_ret=-179.896 opt_ret=-179.896 step_rew=-1.7990 opt_step=-1.7990 gap0=179.896 dret=+104.547 eval_ret=n/a pursuer_target_distance=1.858 capture=0.007 score=0.002 pol=-0.0012 val=0.0655 ent=1.4283 tot=+0.0239 agnorm=0.066 cgnorm=0.241 kl=0.0021 clipf=0.010 ev=+0.912 r0=1.0000 entcoef=5.36e-03 lr=3.4e-04 seed=2
iter= 323 step=1036800 ep_ret=-174.579 opt_ret=-174.579 step_rew=-1.7458 opt_step=-1.7458 gap0=174.579 dret=+109.863 eval_ret=n/a pursuer_target_distance=1.786 capture=0.005 score=0.002 pol=-0.0012 val=0.0373 ent=1.3941 tot=+0.0100 agnorm=0.046 cgnorm=0.169 kl=0.0017 clipf=0.010 ev=+0.931 r0=1.0000 entcoef=5.34e-03 lr=3.4e-04 seed=2
iter= 324 step=1040000 ep_ret=-194.275 opt_ret=-194.275 step_rew=-1.9427 opt_step=-1.9427 gap0=194.275 dret=+90.168 eval_ret=n/a pursuer_target_distance=1.961 capture=0.003 score=0.001 pol=-0.0017 val=0.0556 ent=1.3861 tot=+0.0187 agnorm=0.078 cgnorm=0.230 kl=0.0022 clipf=0.016 ev=+0.899 r0=1.0000 entcoef=5.33e-03 lr=3.4e-04 seed=2
iter= 325 step=1043200 ep_ret=-175.269 opt_ret=-175.269 step_rew=-1.7527 opt_step=-1.7527 gap0=175.269 dret=+109.174 eval_ret=n/a pursuer_target_distance=1.774 capture=0.003 score=0.001 pol=-0.0017 val=0.0313 ent=1.3766 tot=+0.0066 agnorm=0.062 cgnorm=0.178 kl=0.0021 clipf=0.017 ev=+0.880 r0=1.0000 entcoef=5.31e-03 lr=3.4e-04 seed=2
iter= 326 step=1046400 ep_ret=-198.738 opt_ret=-198.738 step_rew=-1.9874 opt_step=-1.9874 gap0=198.738 dret=+85.705 eval_ret=n/a pursuer_target_distance=2.052 capture=0.007 score=0.002 pol=-0.0015 val=0.0801 ent=1.3610 tot=+0.0313 agnorm=0.087 cgnorm=0.197 kl=0.0025 clipf=0.031 ev=+0.889 r0=1.0000 entcoef=5.30e-03 lr=3.4e-04 seed=2
iter= 327 step=1049600 ep_ret=-198.188 opt_ret=-198.188 step_rew=-1.9819 opt_step=-1.9819 gap0=198.188 dret=+86.255 eval_ret=n/a pursuer_target_distance=1.991 capture=0.002 score=0.001 pol=-0.0016 val=0.0419 ent=1.3570 tot=+0.0122 agnorm=0.073 cgnorm=0.205 kl=0.0023 clipf=0.014 ev=+0.917 r0=1.0000 entcoef=5.28e-03 lr=3.4e-04 seed=2
iter= 328 step=1052800 ep_ret=-202.269 opt_ret=-202.269 step_rew=-2.0227 opt_step=-2.0227 gap0=202.269 dret=+82.174 eval_ret=n/a pursuer_target_distance=2.031 capture=0.002 score=0.001 pol=-0.0015 val=0.0479 ent=1.3294 tot=+0.0154 agnorm=0.075 cgnorm=0.208 kl=0.0024 clipf=0.021 ev=+0.922 r0=1.0000 entcoef=5.27e-03 lr=3.4e-04 seed=2
iter= 329 step=1056000 ep_ret=-287.795 opt_ret=-287.795 step_rew=-2.8780 opt_step=-2.8780 gap0=287.795 dret=-3.352 eval_ret=n/a pursuer_target_distance=2.868 capture=0.000 score=0.000 pol=-0.0013 val=0.1063 ent=1.3099 tot=+0.0450 agnorm=0.052 cgnorm=0.278 kl=0.0018 clipf=0.010 ev=+0.908 r0=1.0000 entcoef=5.25e-03 lr=3.4e-04 seed=2
iter= 330 step=1059200 ep_ret=-180.860 opt_ret=-180.860 step_rew=-1.8086 opt_step=-1.8086 gap0=180.860 dret=+103.582 eval_ret=n/a pursuer_target_distance=1.833 capture=0.003 score=0.001 pol=-0.0017 val=0.0370 ent=1.2966 tot=+0.0100 agnorm=0.064 cgnorm=0.209 kl=0.0015 clipf=0.012 ev=+0.929 r0=1.0000 entcoef=5.24e-03 lr=3.4e-04 seed=2
iter= 331 step=1062400 ep_ret=-214.712 opt_ret=-214.712 step_rew=-2.1471 opt_step=-2.1471 gap0=214.712 dret=+69.731 eval_ret=n/a pursuer_target_distance=2.168 capture=0.003 score=0.001 pol=-0.0013 val=0.0630 ent=1.3099 tot=+0.0233 agnorm=0.057 cgnorm=0.226 kl=0.0019 clipf=0.014 ev=+0.882 r0=1.0000 entcoef=5.23e-03 lr=3.3e-04 seed=2
iter= 332 step=1065600 ep_ret=-184.579 opt_ret=-184.579 step_rew=-1.8458 opt_step=-1.8458 gap0=184.579 dret=+99.863 eval_ret=n/a pursuer_target_distance=1.883 capture=0.005 score=0.002 pol=-0.0011 val=0.0596 ent=1.2999 tot=+0.0219 agnorm=0.069 cgnorm=0.217 kl=0.0018 clipf=0.015 ev=+0.939 r0=1.0000 entcoef=5.21e-03 lr=3.3e-04 seed=2
iter= 333 step=1068800 ep_ret=-199.644 opt_ret=-199.644 step_rew=-1.9964 opt_step=-1.9964 gap0=199.644 dret=+84.799 eval_ret=n/a pursuer_target_distance=2.040 capture=0.005 score=0.002 pol=-0.0016 val=0.0478 ent=1.3302 tot=+0.0154 agnorm=0.089 cgnorm=0.216 kl=0.0015 clipf=0.014 ev=+0.908 r0=1.0000 entcoef=5.20e-03 lr=3.3e-04 seed=2
iter= 334 step=1072000 ep_ret=-183.745 opt_ret=-183.745 step_rew=-1.8374 opt_step=-1.8374 gap0=183.745 dret=+100.698 eval_ret=n/a pursuer_target_distance=1.881 capture=0.005 score=0.002 pol=-0.0016 val=0.0482 ent=1.2828 tot=+0.0159 agnorm=0.071 cgnorm=0.179 kl=0.0022 clipf=0.015 ev=+0.949 r0=1.0000 entcoef=5.18e-03 lr=3.3e-04 seed=2
iter= 335 step=1075200 ep_ret=-160.189 opt_ret=-160.189 step_rew=-1.6019 opt_step=-1.6019 gap0=160.189 dret=+124.254 eval_ret=n/a pursuer_target_distance=1.604 capture=0.001 score=0.000 pol=-0.0013 val=0.0565 ent=1.2689 tot=+0.0204 agnorm=0.066 cgnorm=0.256 kl=0.0025 clipf=0.021 ev=+0.912 r0=1.0000 entcoef=5.17e-03 lr=3.3e-04 seed=2
iter= 336 step=1078400 ep_ret=-178.744 opt_ret=-178.744 step_rew=-1.7874 opt_step=-1.7874 gap0=178.744 dret=+105.699 eval_ret=n/a pursuer_target_distance=1.790 capture=0.001 score=0.000 pol=-0.0016 val=0.0324 ent=1.2816 tot=+0.0080 agnorm=0.070 cgnorm=0.178 kl=0.0026 clipf=0.022 ev=+0.917 r0=1.0000 entcoef=5.15e-03 lr=3.3e-04 seed=2
iter= 337 step=1081600 ep_ret=-178.199 opt_ret=-178.199 step_rew=-1.7820 opt_step=-1.7820 gap0=178.199 dret=+106.244 eval_ret=n/a pursuer_target_distance=1.788 capture=0.002 score=0.001 pol=-0.0010 val=0.0352 ent=1.2994 tot=+0.0099 agnorm=0.063 cgnorm=0.193 kl=0.0020 clipf=0.009 ev=+0.917 r0=1.0000 entcoef=5.14e-03 lr=3.3e-04 seed=2
iter= 338 step=1084800 ep_ret=-179.693 opt_ret=-179.693 step_rew=-1.7969 opt_step=-1.7969 gap0=179.693 dret=+104.749 eval_ret=n/a pursuer_target_distance=1.837 capture=0.005 score=0.002 pol=-0.0016 val=0.0497 ent=1.3113 tot=+0.0165 agnorm=0.089 cgnorm=0.192 kl=0.0020 clipf=0.019 ev=+0.885 r0=1.0000 entcoef=5.13e-03 lr=3.3e-04 seed=2
iter= 339 step=1088000 ep_ret=-202.460 opt_ret=-202.460 step_rew=-2.0246 opt_step=-2.0246 gap0=202.460 dret=+81.982 eval_ret=n/a pursuer_target_distance=2.036 capture=0.002 score=0.001 pol=-0.0013 val=0.0475 ent=1.3055 tot=+0.0157 agnorm=0.063 cgnorm=0.243 kl=0.0018 clipf=0.015 ev=+0.913 r0=1.0000 entcoef=5.11e-03 lr=3.3e-04 seed=2
iter= 340 step=1091200 ep_ret=-204.272 opt_ret=-204.272 step_rew=-2.0427 opt_step=-2.0427 gap0=204.272 dret=+80.171 eval_ret=-110.609 pursuer_target_distance=2.076 capture=0.004 score=0.001 pol=-0.0019 val=0.0753 ent=1.2861 tot=+0.0292 agnorm=0.099 cgnorm=0.264 kl=0.0024 clipf=0.022 ev=+0.894 r0=1.0000 entcoef=5.10e-03 lr=3.2e-04 seed=2
iter= 341 step=1094400 ep_ret=-174.897 opt_ret=-174.897 step_rew=-1.7490 opt_step=-1.7490 gap0=174.897 dret=+109.545 eval_ret=n/a pursuer_target_distance=1.814 capture=0.007 score=0.003 pol=-0.0010 val=0.0533 ent=1.2916 tot=+0.0191 agnorm=0.062 cgnorm=0.198 kl=0.0012 clipf=0.007 ev=+0.897 r0=1.0000 entcoef=5.08e-03 lr=3.2e-04 seed=2
iter= 342 step=1097600 ep_ret=-200.895 opt_ret=-200.895 step_rew=-2.0090 opt_step=-2.0090 gap0=200.895 dret=+83.547 eval_ret=n/a pursuer_target_distance=2.015 capture=0.002 score=0.001 pol=-0.0020 val=0.0430 ent=1.2896 tot=+0.0130 agnorm=0.085 cgnorm=0.239 kl=0.0028 clipf=0.026 ev=+0.915 r0=1.0000 entcoef=5.07e-03 lr=3.2e-04 seed=2
iter= 343 step=1100800 ep_ret=-182.272 opt_ret=-182.272 step_rew=-1.8227 opt_step=-1.8227 gap0=182.272 dret=+102.171 eval_ret=n/a pursuer_target_distance=1.813 capture=0.000 score=0.000 pol=-0.0011 val=0.0407 ent=1.2782 tot=+0.0128 agnorm=0.051 cgnorm=0.200 kl=0.0023 clipf=0.018 ev=+0.917 r0=1.0000 entcoef=5.05e-03 lr=3.2e-04 seed=2
iter= 344 step=1104000 ep_ret=-152.959 opt_ret=-152.959 step_rew=-1.5296 opt_step=-1.5296 gap0=152.959 dret=+131.483 eval_ret=n/a pursuer_target_distance=1.557 capture=0.004 score=0.001 pol=-0.0017 val=0.0250 ent=1.3036 tot=+0.0042 agnorm=0.075 cgnorm=0.172 kl=0.0017 clipf=0.014 ev=+0.944 r0=1.0000 entcoef=5.04e-03 lr=3.2e-04 seed=2
iter= 345 step=1107200 ep_ret=-248.808 opt_ret=-248.808 step_rew=-2.4881 opt_step=-2.4881 gap0=248.808 dret=+35.635 eval_ret=n/a pursuer_target_distance=2.491 capture=0.001 score=0.000 pol=-0.0026 val=0.0768 ent=1.2519 tot=+0.0295 agnorm=0.081 cgnorm=0.246 kl=0.0031 clipf=0.021 ev=+0.893 r0=1.0000 entcoef=5.02e-03 lr=3.2e-04 seed=2
iter= 346 step=1110400 ep_ret=-152.007 opt_ret=-152.007 step_rew=-1.5201 opt_step=-1.5201 gap0=152.007 dret=+132.436 eval_ret=n/a pursuer_target_distance=1.607 capture=0.010 score=0.004 pol=-0.0015 val=0.0501 ent=1.2362 tot=+0.0174 agnorm=0.090 cgnorm=0.191 kl=0.0025 clipf=0.022 ev=+0.924 r0=1.0000 entcoef=5.01e-03 lr=3.2e-04 seed=2
iter= 347 step=1113600 ep_ret=-166.645 opt_ret=-166.645 step_rew=-1.6665 opt_step=-1.6665 gap0=166.645 dret=+117.797 eval_ret=n/a pursuer_target_distance=1.660 capture=0.000 score=0.000 pol=-0.0009 val=0.0406 ent=1.2300 tot=+0.0132 agnorm=0.057 cgnorm=0.212 kl=0.0014 clipf=0.012 ev=+0.875 r0=1.0000 entcoef=5.00e-03 lr=3.2e-04 seed=2
iter= 348 step=1116800 ep_ret=-179.661 opt_ret=-179.661 step_rew=-1.7966 opt_step=-1.7966 gap0=179.661 dret=+104.782 eval_ret=n/a pursuer_target_distance=1.787 capture=0.000 score=0.000 pol=-0.0011 val=0.0313 ent=1.2273 tot=+0.0084 agnorm=0.082 cgnorm=0.172 kl=0.0019 clipf=0.015 ev=+0.898 r0=1.0000 entcoef=4.98e-03 lr=3.2e-04 seed=2
iter= 349 step=1120000 ep_ret=-199.547 opt_ret=-199.547 step_rew=-1.9955 opt_step=-1.9955 gap0=199.547 dret=+84.896 eval_ret=n/a pursuer_target_distance=1.985 capture=0.000 score=0.000 pol=-0.0017 val=0.0475 ent=1.2540 tot=+0.0158 agnorm=0.092 cgnorm=0.217 kl=0.0022 clipf=0.024 ev=+0.867 r0=1.0000 entcoef=4.97e-03 lr=3.1e-04 seed=2
iter= 350 step=1123200 ep_ret=-158.514 opt_ret=-158.514 step_rew=-1.5851 opt_step=-1.5851 gap0=158.514 dret=+125.929 eval_ret=n/a pursuer_target_distance=1.722 capture=0.015 score=0.005 pol=-0.0015 val=0.0700 ent=1.2301 tot=+0.0274 agnorm=0.076 cgnorm=0.194 kl=0.0021 clipf=0.018 ev=+0.870 r0=1.0000 entcoef=4.95e-03 lr=3.1e-04 seed=2
iter= 351 step=1126400 ep_ret=-179.328 opt_ret=-179.328 step_rew=-1.7933 opt_step=-1.7933 gap0=179.328 dret=+105.114 eval_ret=n/a pursuer_target_distance=1.802 capture=0.002 score=0.001 pol=-0.0013 val=0.0255 ent=1.2153 tot=+0.0054 agnorm=0.073 cgnorm=0.150 kl=0.0016 clipf=0.011 ev=+0.950 r0=1.0000 entcoef=4.94e-03 lr=3.1e-04 seed=2
iter= 352 step=1129600 ep_ret=-160.707 opt_ret=-160.707 step_rew=-1.6071 opt_step=-1.6071 gap0=160.707 dret=+123.735 eval_ret=n/a pursuer_target_distance=1.738 capture=0.014 score=0.005 pol=-0.0018 val=0.0449 ent=1.2341 tot=+0.0145 agnorm=0.135 cgnorm=0.178 kl=0.0018 clipf=0.015 ev=+0.890 r0=1.0000 entcoef=4.92e-03 lr=3.1e-04 seed=2
iter= 353 step=1132800 ep_ret=-151.173 opt_ret=-151.173 step_rew=-1.5117 opt_step=-1.5117 gap0=151.173 dret=+133.270 eval_ret=n/a pursuer_target_distance=1.536 capture=0.003 score=0.001 pol=-0.0014 val=0.0304 ent=1.2145 tot=+0.0079 agnorm=0.150 cgnorm=0.198 kl=0.0032 clipf=0.032 ev=+0.927 r0=1.0000 entcoef=4.91e-03 lr=3.1e-04 seed=2
iter= 354 step=1136000 ep_ret=-177.037 opt_ret=-177.037 step_rew=-1.7704 opt_step=-1.7704 gap0=177.037 dret=+107.406 eval_ret=n/a pursuer_target_distance=1.785 capture=0.003 score=0.001 pol=-0.0013 val=0.0351 ent=1.1763 tot=+0.0105 agnorm=0.086 cgnorm=0.157 kl=0.0019 clipf=0.015 ev=+0.915 r0=1.0000 entcoef=4.89e-03 lr=3.1e-04 seed=2
iter= 355 step=1139200 ep_ret=-163.909 opt_ret=-163.909 step_rew=-1.6391 opt_step=-1.6391 gap0=163.909 dret=+120.534 eval_ret=n/a pursuer_target_distance=1.667 capture=0.004 score=0.001 pol=-0.0019 val=0.0389 ent=1.1892 tot=+0.0118 agnorm=0.083 cgnorm=0.218 kl=0.0024 clipf=0.022 ev=+0.844 r0=1.0000 entcoef=4.88e-03 lr=3.1e-04 seed=2
iter= 356 step=1142400 ep_ret=-205.193 opt_ret=-205.193 step_rew=-2.0519 opt_step=-2.0519 gap0=205.193 dret=+79.250 eval_ret=n/a pursuer_target_distance=2.098 capture=0.006 score=0.002 pol=-0.0019 val=0.0523 ent=1.2138 tot=+0.0183 agnorm=0.112 cgnorm=0.236 kl=0.0025 clipf=0.020 ev=+0.911 r0=1.0000 entcoef=4.87e-03 lr=3.1e-04 seed=2
iter= 357 step=1145600 ep_ret=-156.365 opt_ret=-156.365 step_rew=-1.5637 opt_step=-1.5637 gap0=156.365 dret=+128.077 eval_ret=n/a pursuer_target_distance=1.701 capture=0.015 score=0.005 pol=-0.0015 val=0.0519 ent=1.1820 tot=+0.0187 agnorm=0.136 cgnorm=0.184 kl=0.0028 clipf=0.026 ev=+0.892 r0=1.0000 entcoef=4.85e-03 lr=3.1e-04 seed=2
iter= 358 step=1148800 ep_ret=-163.061 opt_ret=-163.061 step_rew=-1.6306 opt_step=-1.6306 gap0=163.061 dret=+121.381 eval_ret=n/a pursuer_target_distance=1.774 capture=0.015 score=0.006 pol=-0.0013 val=0.0624 ent=1.1795 tot=+0.0242 agnorm=0.099 cgnorm=0.244 kl=0.0019 clipf=0.016 ev=+0.900 r0=1.0000 entcoef=4.84e-03 lr=3.0e-04 seed=2
iter= 359 step=1152000 ep_ret=-126.907 opt_ret=-126.907 step_rew=-1.2691 opt_step=-1.2691 gap0=126.907 dret=+157.535 eval_ret=n/a pursuer_target_distance=1.318 capture=0.006 score=0.003 pol=-0.0019 val=0.0210 ent=1.1786 tot=+0.0030 agnorm=0.142 cgnorm=0.123 kl=0.0030 clipf=0.027 ev=+0.869 r0=1.0000 entcoef=4.82e-03 lr=3.0e-04 seed=2
iter= 360 step=1155200 ep_ret=-142.063 opt_ret=-142.063 step_rew=-1.4206 opt_step=-1.4206 gap0=142.063 dret=+142.380 eval_ret=-65.208 pursuer_target_distance=1.458 capture=0.005 score=0.002 pol=-0.0017 val=0.0243 ent=1.1758 tot=+0.0048 agnorm=0.084 cgnorm=0.119 kl=0.0025 clipf=0.019 ev=+0.907 r0=1.0000 entcoef=4.81e-03 lr=3.0e-04 seed=2
iter= 361 step=1158400 ep_ret=-184.045 opt_ret=-184.045 step_rew=-1.8404 opt_step=-1.8404 gap0=184.045 dret=+100.398 eval_ret=n/a pursuer_target_distance=1.840 capture=0.001 score=0.000 pol=-0.0009 val=0.0254 ent=1.1810 tot=+0.0061 agnorm=0.066 cgnorm=0.149 kl=0.0021 clipf=0.015 ev=+0.934 r0=1.0000 entcoef=4.79e-03 lr=3.0e-04 seed=2
iter= 362 step=1161600 ep_ret=-177.874 opt_ret=-177.874 step_rew=-1.7787 opt_step=-1.7787 gap0=177.874 dret=+106.569 eval_ret=n/a pursuer_target_distance=1.822 capture=0.005 score=0.002 pol=-0.0018 val=0.0429 ent=1.1715 tot=+0.0141 agnorm=0.140 cgnorm=0.190 kl=0.0030 clipf=0.029 ev=+0.906 r0=1.0000 entcoef=4.78e-03 lr=3.0e-04 seed=2
iter= 363 step=1164800 ep_ret=-155.753 opt_ret=-155.753 step_rew=-1.5575 opt_step=-1.5575 gap0=155.753 dret=+128.690 eval_ret=n/a pursuer_target_distance=1.707 capture=0.016 score=0.006 pol=-0.0018 val=0.0620 ent=1.1777 tot=+0.0236 agnorm=0.110 cgnorm=0.233 kl=0.0039 clipf=0.052 ev=+0.869 r0=1.0000 entcoef=4.76e-03 lr=3.0e-04 seed=2
iter= 364 step=1168000 ep_ret=-188.956 opt_ret=-188.956 step_rew=-1.8896 opt_step=-1.8896 gap0=188.956 dret=+95.486 eval_ret=n/a pursuer_target_distance=1.964 capture=0.008 score=0.003 pol=-0.0018 val=0.0590 ent=1.1960 tot=+0.0220 agnorm=0.110 cgnorm=0.263 kl=0.0030 clipf=0.030 ev=+0.899 r0=1.0000 entcoef=4.75e-03 lr=3.0e-04 seed=2
iter= 365 step=1171200 ep_ret=-158.850 opt_ret=-158.850 step_rew=-1.5885 opt_step=-1.5885 gap0=158.850 dret=+125.593 eval_ret=n/a pursuer_target_distance=1.697 capture=0.012 score=0.004 pol=-0.0014 val=0.0401 ent=1.1671 tot=+0.0131 agnorm=0.091 cgnorm=0.163 kl=0.0026 clipf=0.024 ev=+0.920 r0=1.0000 entcoef=4.74e-03 lr=3.0e-04 seed=2
iter= 366 step=1174400 ep_ret=-131.182 opt_ret=-131.182 step_rew=-1.3118 opt_step=-1.3118 gap0=131.182 dret=+153.261 eval_ret=n/a pursuer_target_distance=1.352 capture=0.005 score=0.002 pol=-0.0017 val=0.0295 ent=1.1826 tot=+0.0074 agnorm=0.069 cgnorm=0.136 kl=0.0026 clipf=0.026 ev=+0.908 r0=1.0000 entcoef=4.72e-03 lr=3.0e-04 seed=2
iter= 367 step=1177600 ep_ret=-148.553 opt_ret=-148.553 step_rew=-1.4855 opt_step=-1.4855 gap0=148.553 dret=+135.890 eval_ret=n/a pursuer_target_distance=1.526 capture=0.005 score=0.002 pol=-0.0021 val=0.0405 ent=1.1506 tot=+0.0128 agnorm=0.113 cgnorm=0.183 kl=0.0026 clipf=0.027 ev=+0.886 r0=1.0000 entcoef=4.71e-03 lr=2.9e-04 seed=2
iter= 368 step=1180800 ep_ret=-191.996 opt_ret=-191.996 step_rew=-1.9200 opt_step=-1.9200 gap0=191.996 dret=+92.447 eval_ret=n/a pursuer_target_distance=1.951 capture=0.004 score=0.001 pol=-0.0011 val=0.0474 ent=1.1781 tot=+0.0170 agnorm=0.075 cgnorm=0.184 kl=0.0016 clipf=0.006 ev=+0.922 r0=1.0000 entcoef=4.69e-03 lr=2.9e-04 seed=2
iter= 369 step=1184000 ep_ret=-129.708 opt_ret=-129.708 step_rew=-1.2971 opt_step=-1.2971 gap0=129.708 dret=+154.735 eval_ret=n/a pursuer_target_distance=1.409 capture=0.012 score=0.005 pol=-0.0008 val=0.0438 ent=1.1471 tot=+0.0157 agnorm=0.052 cgnorm=0.186 kl=0.0018 clipf=0.016 ev=+0.876 r0=1.0000 entcoef=4.68e-03 lr=2.9e-04 seed=2
iter= 370 step=1187200 ep_ret=-163.200 opt_ret=-163.200 step_rew=-1.6320 opt_step=-1.6320 gap0=163.200 dret=+121.242 eval_ret=n/a pursuer_target_distance=1.738 capture=0.012 score=0.004 pol=-0.0017 val=0.0543 ent=1.1533 tot=+0.0200 agnorm=0.101 cgnorm=0.171 kl=0.0018 clipf=0.010 ev=+0.904 r0=1.0000 entcoef=4.66e-03 lr=2.9e-04 seed=2
iter= 371 step=1190400 ep_ret=-157.098 opt_ret=-157.098 step_rew=-1.5710 opt_step=-1.5710 gap0=157.098 dret=+127.344 eval_ret=n/a pursuer_target_distance=1.702 capture=0.014 score=0.005 pol=-0.0013 val=0.0488 ent=1.1473 tot=+0.0177 agnorm=0.111 cgnorm=0.173 kl=0.0017 clipf=0.013 ev=+0.869 r0=1.0000 entcoef=4.65e-03 lr=2.9e-04 seed=2
iter= 372 step=1193600 ep_ret=-181.752 opt_ret=-181.752 step_rew=-1.8175 opt_step=-1.8175 gap0=181.752 dret=+102.691 eval_ret=n/a pursuer_target_distance=1.848 capture=0.004 score=0.001 pol=-0.0010 val=0.0258 ent=1.1308 tot=+0.0067 agnorm=0.065 cgnorm=0.135 kl=0.0023 clipf=0.018 ev=+0.935 r0=1.0000 entcoef=4.63e-03 lr=2.9e-04 seed=2
iter= 373 step=1196800 ep_ret=-157.240 opt_ret=-157.240 step_rew=-1.5724 opt_step=-1.5724 gap0=157.240 dret=+127.203 eval_ret=n/a pursuer_target_distance=1.694 capture=0.013 score=0.005 pol=-0.0016 val=0.0357 ent=1.1643 tot=+0.0108 agnorm=0.112 cgnorm=0.207 kl=0.0024 clipf=0.020 ev=+0.938 r0=1.0000 entcoef=4.62e-03 lr=2.9e-04 seed=2
iter= 374 step=1200000 ep_ret=-189.505 opt_ret=-189.505 step_rew=-1.8951 opt_step=-1.8951 gap0=189.505 dret=+94.937 eval_ret=n/a pursuer_target_distance=1.916 capture=0.003 score=0.001 pol=-0.0016 val=0.0526 ent=1.1329 tot=+0.0194 agnorm=0.140 cgnorm=0.236 kl=0.0038 clipf=0.045 ev=+0.874 r0=1.0000 entcoef=4.61e-03 lr=2.9e-04 seed=2
iter= 375 step=1203200 ep_ret=-170.673 opt_ret=-170.673 step_rew=-1.7067 opt_step=-1.7067 gap0=170.673 dret=+113.769 eval_ret=n/a pursuer_target_distance=1.715 capture=0.002 score=0.001 pol=-0.0012 val=0.0352 ent=1.1704 tot=+0.0110 agnorm=0.122 cgnorm=0.200 kl=0.0015 clipf=0.013 ev=+0.890 r0=1.0000 entcoef=4.59e-03 lr=2.9e-04 seed=2
iter= 376 step=1206400 ep_ret=-155.502 opt_ret=-155.502 step_rew=-1.5550 opt_step=-1.5550 gap0=155.502 dret=+128.941 eval_ret=n/a pursuer_target_distance=1.595 capture=0.005 score=0.002 pol=-0.0009 val=0.0246 ent=1.1431 tot=+0.0062 agnorm=0.072 cgnorm=0.149 kl=0.0016 clipf=0.011 ev=+0.925 r0=1.0000 entcoef=4.58e-03 lr=2.8e-04 seed=2
iter= 377 step=1209600 ep_ret=-164.183 opt_ret=-164.183 step_rew=-1.6418 opt_step=-1.6418 gap0=164.183 dret=+120.260 eval_ret=n/a pursuer_target_distance=1.697 capture=0.007 score=0.002 pol=-0.0014 val=0.0320 ent=1.1271 tot=+0.0094 agnorm=0.077 cgnorm=0.166 kl=0.0013 clipf=0.009 ev=+0.920 r0=1.0000 entcoef=4.56e-03 lr=2.8e-04 seed=2
iter= 378 step=1212800 ep_ret=-192.569 opt_ret=-192.569 step_rew=-1.9257 opt_step=-1.9257 gap0=192.569 dret=+91.873 eval_ret=n/a pursuer_target_distance=1.953 capture=0.004 score=0.001 pol=-0.0018 val=0.0329 ent=1.1294 tot=+0.0095 agnorm=0.087 cgnorm=0.174 kl=0.0027 clipf=0.022 ev=+0.928 r0=1.0000 entcoef=4.55e-03 lr=2.8e-04 seed=2
iter= 379 step=1216000 ep_ret=-157.827 opt_ret=-157.827 step_rew=-1.5783 opt_step=-1.5783 gap0=157.827 dret=+126.615 eval_ret=n/a pursuer_target_distance=1.637 capture=0.007 score=0.003 pol=-0.0010 val=0.0449 ent=1.1133 tot=+0.0164 agnorm=0.072 cgnorm=0.198 kl=0.0020 clipf=0.018 ev=+0.913 r0=1.0000 entcoef=4.53e-03 lr=2.8e-04 seed=2
iter= 380 step=1219200 ep_ret=-169.192 opt_ret=-169.192 step_rew=-1.6919 opt_step=-1.6919 gap0=169.192 dret=+115.251 eval_ret=-73.373 pursuer_target_distance=1.769 capture=0.009 score=0.003 pol=-0.0016 val=0.0512 ent=1.0935 tot=+0.0191 agnorm=0.099 cgnorm=0.185 kl=0.0023 clipf=0.016 ev=+0.847 r0=1.0000 entcoef=4.52e-03 lr=2.8e-04 seed=2
iter= 381 step=1222400 ep_ret=-166.357 opt_ret=-166.357 step_rew=-1.6636 opt_step=-1.6636 gap0=166.357 dret=+118.086 eval_ret=n/a pursuer_target_distance=1.716 capture=0.006 score=0.002 pol=-0.0015 val=0.0463 ent=1.1009 tot=+0.0166 agnorm=0.121 cgnorm=0.195 kl=0.0026 clipf=0.027 ev=+0.887 r0=1.0000 entcoef=4.50e-03 lr=2.8e-04 seed=2
iter= 382 step=1225600 ep_ret=-120.375 opt_ret=-120.375 step_rew=-1.2038 opt_step=-1.2038 gap0=120.375 dret=+164.067 eval_ret=n/a pursuer_target_distance=1.369 capture=0.018 score=0.007 pol=-0.0015 val=0.0450 ent=1.1107 tot=+0.0160 agnorm=0.162 cgnorm=0.135 kl=0.0024 clipf=0.024 ev=+0.866 r0=1.0000 entcoef=4.49e-03 lr=2.8e-04 seed=2
iter= 383 step=1228800 ep_ret=-154.241 opt_ret=-154.241 step_rew=-1.5424 opt_step=-1.5424 gap0=154.241 dret=+130.201 eval_ret=n/a pursuer_target_distance=1.576 capture=0.004 score=0.002 pol=-0.0009 val=0.0355 ent=1.0875 tot=+0.0120 agnorm=0.091 cgnorm=0.206 kl=0.0020 clipf=0.018 ev=+0.894 r0=1.0000 entcoef=4.48e-03 lr=2.8e-04 seed=2
iter= 384 step=1232000 ep_ret=-137.019 opt_ret=-137.019 step_rew=-1.3702 opt_step=-1.3702 gap0=137.019 dret=+147.424 eval_ret=n/a pursuer_target_distance=1.398 capture=0.004 score=0.002 pol=-0.0011 val=0.0305 ent=1.0944 tot=+0.0092 agnorm=0.101 cgnorm=0.174 kl=0.0017 clipf=0.014 ev=+0.865 r0=1.0000 entcoef=4.46e-03 lr=2.8e-04 seed=2
iter= 385 step=1235200 ep_ret=-139.201 opt_ret=-139.201 step_rew=-1.3920 opt_step=-1.3920 gap0=139.201 dret=+145.241 eval_ret=n/a pursuer_target_distance=1.432 capture=0.005 score=0.002 pol=-0.0016 val=0.0235 ent=1.1252 tot=+0.0052 agnorm=0.079 cgnorm=0.132 kl=0.0018 clipf=0.013 ev=+0.932 r0=1.0000 entcoef=4.45e-03 lr=2.7e-04 seed=2
iter= 386 step=1238400 ep_ret=-109.407 opt_ret=-109.407 step_rew=-1.0941 opt_step=-1.0941 gap0=109.407 dret=+175.036 eval_ret=n/a pursuer_target_distance=1.228 capture=0.014 score=0.006 pol=-0.0008 val=0.0324 ent=1.0611 tot=+0.0106 agnorm=0.181 cgnorm=0.108 kl=0.0020 clipf=0.018 ev=+0.821 r0=1.0000 entcoef=4.43e-03 lr=2.7e-04 seed=2
iter= 387 step=1241600 ep_ret=-183.988 opt_ret=-183.988 step_rew=-1.8399 opt_step=-1.8399 gap0=183.988 dret=+100.455 eval_ret=n/a pursuer_target_distance=1.917 capture=0.009 score=0.003 pol=-0.0013 val=0.0458 ent=1.0980 tot=+0.0167 agnorm=0.144 cgnorm=0.160 kl=0.0023 clipf=0.023 ev=+0.913 r0=1.0000 entcoef=4.42e-03 lr=2.7e-04 seed=2
iter= 388 step=1244800 ep_ret=-110.993 opt_ret=-110.993 step_rew=-1.1099 opt_step=-1.1099 gap0=110.993 dret=+173.450 eval_ret=n/a pursuer_target_distance=1.241 capture=0.014 score=0.006 pol=-0.0013 val=0.0484 ent=1.0699 tot=+0.0182 agnorm=0.096 cgnorm=0.205 kl=0.0015 clipf=0.013 ev=+0.856 r0=1.0000 entcoef=4.40e-03 lr=2.7e-04 seed=2
iter= 389 step=1248000 ep_ret=-165.227 opt_ret=-165.227 step_rew=-1.6523 opt_step=-1.6523 gap0=165.227 dret=+119.215 eval_ret=n/a pursuer_target_distance=1.761 capture=0.012 score=0.004 pol=-0.0015 val=0.0425 ent=1.1196 tot=+0.0148 agnorm=0.139 cgnorm=0.230 kl=0.0021 clipf=0.020 ev=+0.890 r0=1.0000 entcoef=4.39e-03 lr=2.7e-04 seed=2
iter= 390 step=1251200 ep_ret=-183.597 opt_ret=-183.597 step_rew=-1.8360 opt_step=-1.8360 gap0=183.597 dret=+100.846 eval_ret=n/a pursuer_target_distance=2.035 capture=0.021 score=0.007 pol=-0.0012 val=0.0665 ent=1.0763 tot=+0.0274 agnorm=0.106 cgnorm=0.224 kl=0.0012 clipf=0.010 ev=+0.826 r0=1.0000 entcoef=4.37e-03 lr=2.7e-04 seed=2
iter= 391 step=1254400 ep_ret=-156.628 opt_ret=-156.628 step_rew=-1.5663 opt_step=-1.5663 gap0=156.628 dret=+127.814 eval_ret=n/a pursuer_target_distance=1.638 capture=0.008 score=0.003 pol=-0.0013 val=0.0384 ent=1.1173 tot=+0.0131 agnorm=0.075 cgnorm=0.163 kl=0.0018 clipf=0.014 ev=+0.914 r0=1.0000 entcoef=4.36e-03 lr=2.7e-04 seed=2
iter= 392 step=1257600 ep_ret=-195.076 opt_ret=-195.076 step_rew=-1.9508 opt_step=-1.9508 gap0=195.076 dret=+89.366 eval_ret=n/a pursuer_target_distance=2.025 capture=0.008 score=0.003 pol=-0.0016 val=0.0395 ent=1.0468 tot=+0.0136 agnorm=0.087 cgnorm=0.167 kl=0.0022 clipf=0.015 ev=+0.906 r0=1.0000 entcoef=4.35e-03 lr=2.7e-04 seed=2
iter= 393 step=1260800 ep_ret=-145.954 opt_ret=-145.954 step_rew=-1.4595 opt_step=-1.4595 gap0=145.954 dret=+138.489 eval_ret=n/a pursuer_target_distance=1.653 capture=0.020 score=0.008 pol=-0.0013 val=0.0479 ent=1.0574 tot=+0.0180 agnorm=0.135 cgnorm=0.198 kl=0.0017 clipf=0.015 ev=+0.865 r0=1.0000 entcoef=4.33e-03 lr=2.7e-04 seed=2
iter= 394 step=1264000 ep_ret=-207.948 opt_ret=-207.948 step_rew=-2.0795 opt_step=-2.0795 gap0=207.948 dret=+76.495 eval_ret=n/a pursuer_target_distance=2.110 capture=0.004 score=0.001 pol=-0.0008 val=0.0387 ent=1.0588 tot=+0.0140 agnorm=0.072 cgnorm=0.170 kl=0.0016 clipf=0.011 ev=+0.933 r0=1.0000 entcoef=4.32e-03 lr=2.6e-04 seed=2
iter= 395 step=1267200 ep_ret=-105.675 opt_ret=-105.675 step_rew=-1.0568 opt_step=-1.0568 gap0=105.675 dret=+178.767 eval_ret=n/a pursuer_target_distance=1.294 capture=0.025 score=0.011 pol=-0.0014 val=0.0496 ent=1.0733 tot=+0.0188 agnorm=0.077 cgnorm=0.181 kl=0.0015 clipf=0.008 ev=+0.842 r0=1.0000 entcoef=4.30e-03 lr=2.6e-04 seed=2
iter= 396 step=1270400 ep_ret=-130.696 opt_ret=-130.696 step_rew=-1.3070 opt_step=-1.3070 gap0=130.696 dret=+153.747 eval_ret=n/a pursuer_target_distance=1.481 capture=0.018 score=0.007 pol=-0.0020 val=0.0434 ent=1.0476 tot=+0.0152 agnorm=0.110 cgnorm=0.177 kl=0.0033 clipf=0.034 ev=+0.851 r0=1.0000 entcoef=4.29e-03 lr=2.6e-04 seed=2
iter= 397 step=1273600 ep_ret=-149.617 opt_ret=-149.617 step_rew=-1.4962 opt_step=-1.4962 gap0=149.617 dret=+134.826 eval_ret=n/a pursuer_target_distance=1.639 capture=0.015 score=0.006 pol=-0.0017 val=0.0479 ent=1.0657 tot=+0.0177 agnorm=0.119 cgnorm=0.200 kl=0.0032 clipf=0.032 ev=+0.831 r0=1.0000 entcoef=4.27e-03 lr=2.6e-04 seed=2
iter= 398 step=1276800 ep_ret=-163.082 opt_ret=-163.082 step_rew=-1.6308 opt_step=-1.6308 gap0=163.082 dret=+121.360 eval_ret=n/a pursuer_target_distance=1.880 capture=0.026 score=0.009 pol=-0.0010 val=0.0703 ent=1.0700 tot=+0.0296 agnorm=0.115 cgnorm=0.233 kl=0.0015 clipf=0.010 ev=+0.865 r0=1.0000 entcoef=4.26e-03 lr=2.6e-04 seed=2
iter= 399 step=1280000 ep_ret=-136.006 opt_ret=-136.006 step_rew=-1.3601 opt_step=-1.3601 gap0=136.006 dret=+148.437 eval_ret=n/a pursuer_target_distance=1.409 capture=0.006 score=0.002 pol=-0.0016 val=0.0207 ent=1.0967 tot=+0.0041 agnorm=0.140 cgnorm=0.101 kl=0.0022 clipf=0.019 ev=+0.904 r0=1.0000 entcoef=4.25e-03 lr=2.6e-04 seed=2
iter= 400 step=1283200 ep_ret=-130.913 opt_ret=-130.913 step_rew=-1.3091 opt_step=-1.3091 gap0=130.913 dret=+153.529 eval_ret=+124.756 pursuer_target_distance=1.537 capture=0.024 score=0.009 pol=-0.0014 val=0.0416 ent=1.1186 tot=+0.0147 agnorm=0.092 cgnorm=0.143 kl=0.0015 clipf=0.013 ev=+0.914 r0=1.0000 entcoef=4.23e-03 lr=2.6e-04 seed=2
iter= 401 step=1286400 ep_ret=-191.902 opt_ret=-191.902 step_rew=-1.9190 opt_step=-1.9190 gap0=191.902 dret=+92.541 eval_ret=n/a pursuer_target_distance=1.978 capture=0.007 score=0.002 pol=-0.0016 val=0.0376 ent=1.0493 tot=+0.0128 agnorm=0.097 cgnorm=0.154 kl=0.0023 clipf=0.020 ev=+0.928 r0=1.0000 entcoef=4.22e-03 lr=2.6e-04 seed=2
iter= 402 step=1289600 ep_ret=-182.381 opt_ret=-182.381 step_rew=-1.8238 opt_step=-1.8238 gap0=182.381 dret=+102.062 eval_ret=n/a pursuer_target_distance=1.867 capture=0.005 score=0.002 pol=-0.0016 val=0.0368 ent=1.0758 tot=+0.0123 agnorm=0.122 cgnorm=0.159 kl=0.0025 clipf=0.024 ev=+0.942 r0=1.0000 entcoef=4.20e-03 lr=2.6e-04 seed=2
iter= 403 step=1292800 ep_ret=-161.714 opt_ret=-161.714 step_rew=-1.6171 opt_step=-1.6171 gap0=161.714 dret=+122.729 eval_ret=n/a pursuer_target_distance=1.895 capture=0.029 score=0.010 pol=-0.0017 val=0.0612 ent=1.0251 tot=+0.0246 agnorm=0.121 cgnorm=0.176 kl=0.0030 clipf=0.034 ev=+0.912 r0=1.0000 entcoef=4.19e-03 lr=2.5e-04 seed=2
iter= 404 step=1296000 ep_ret=-124.742 opt_ret=-124.742 step_rew=-1.2474 opt_step=-1.2474 gap0=124.742 dret=+159.701 eval_ret=n/a pursuer_target_distance=1.409 capture=0.017 score=0.007 pol=-0.0010 val=0.0410 ent=1.0648 tot=+0.0151 agnorm=0.168 cgnorm=0.191 kl=0.0021 clipf=0.022 ev=+0.872 r0=1.0000 entcoef=4.17e-03 lr=2.5e-04 seed=2
iter= 405 step=1299200 ep_ret=-194.808 opt_ret=-194.808 step_rew=-1.9481 opt_step=-1.9481 gap0=194.808 dret=+89.635 eval_ret=n/a pursuer_target_distance=2.060 capture=0.012 score=0.004 pol=-0.0020 val=0.0635 ent=1.0539 tot=+0.0254 agnorm=0.172 cgnorm=0.235 kl=0.0023 clipf=0.022 ev=+0.912 r0=1.0000 entcoef=4.16e-03 lr=2.5e-04 seed=2
iter= 406 step=1302400 ep_ret=-156.976 opt_ret=-156.976 step_rew=-1.5698 opt_step=-1.5698 gap0=156.976 dret=+127.467 eval_ret=n/a pursuer_target_distance=1.638 capture=0.008 score=0.003 pol=-0.0016 val=0.0273 ent=1.0449 tot=+0.0077 agnorm=0.102 cgnorm=0.137 kl=0.0020 clipf=0.017 ev=+0.907 r0=1.0000 entcoef=4.14e-03 lr=2.5e-04 seed=2
iter= 407 step=1305600 ep_ret=-117.905 opt_ret=-117.905 step_rew=-1.1791 opt_step=-1.1791 gap0=117.905 dret=+166.537 eval_ret=n/a pursuer_target_distance=1.419 capture=0.025 score=0.010 pol=-0.0018 val=0.0277 ent=1.0611 tot=+0.0077 agnorm=0.255 cgnorm=0.103 kl=0.0035 clipf=0.040 ev=+0.934 r0=1.0000 entcoef=4.13e-03 lr=2.5e-04 seed=2
iter= 408 step=1308800 ep_ret=-117.511 opt_ret=-117.511 step_rew=-1.1751 opt_step=-1.1751 gap0=117.511 dret=+166.932 eval_ret=n/a pursuer_target_distance=1.231 capture=0.007 score=0.003 pol=-0.0013 val=0.0235 ent=1.0594 tot=+0.0060 agnorm=0.111 cgnorm=0.144 kl=0.0021 clipf=0.019 ev=+0.904 r0=1.0000 entcoef=4.12e-03 lr=2.5e-04 seed=2
iter= 409 step=1312000 ep_ret=-96.622 opt_ret=-96.622 step_rew=-0.9662 opt_step=-0.9662 gap0=96.622 dret=+187.821 eval_ret=n/a pursuer_target_distance=1.219 capture=0.026 score=0.012 pol=-0.0018 val=0.0440 ent=1.0971 tot=+0.0157 agnorm=0.188 cgnorm=0.131 kl=0.0026 clipf=0.027 ev=+0.761 r0=1.0000 entcoef=4.10e-03 lr=2.5e-04 seed=2
iter= 410 step=1315200 ep_ret=-137.389 opt_ret=-137.389 step_rew=-1.3739 opt_step=-1.3739 gap0=137.389 dret=+147.053 eval_ret=n/a pursuer_target_distance=1.570 capture=0.021 score=0.008 pol=-0.0011 val=0.0399 ent=1.0860 tot=+0.0144 agnorm=0.179 cgnorm=0.150 kl=0.0023 clipf=0.025 ev=+0.874 r0=1.0000 entcoef=4.09e-03 lr=2.5e-04 seed=2
iter= 411 step=1318400 ep_ret=-153.736 opt_ret=-153.736 step_rew=-1.5374 opt_step=-1.5374 gap0=153.736 dret=+130.707 eval_ret=n/a pursuer_target_distance=1.602 capture=0.007 score=0.003 pol=-0.0011 val=0.0414 ent=1.0646 tot=+0.0152 agnorm=0.083 cgnorm=0.187 kl=0.0013 clipf=0.010 ev=+0.883 r0=1.0000 entcoef=4.07e-03 lr=2.5e-04 seed=2
iter= 412 step=1321600 ep_ret=-146.397 opt_ret=-146.397 step_rew=-1.4640 opt_step=-1.4640 gap0=146.397 dret=+138.046 eval_ret=n/a pursuer_target_distance=1.716 capture=0.026 score=0.010 pol=-0.0017 val=0.0661 ent=1.0593 tot=+0.0271 agnorm=0.152 cgnorm=0.200 kl=0.0020 clipf=0.016 ev=+0.846 r0=1.0000 entcoef=4.06e-03 lr=2.4e-04 seed=2
iter= 413 step=1324800 ep_ret=-143.806 opt_ret=-143.806 step_rew=-1.4381 opt_step=-1.4381 gap0=143.806 dret=+140.636 eval_ret=n/a pursuer_target_distance=1.537 capture=0.011 score=0.004 pol=-0.0011 val=0.0317 ent=1.0662 tot=+0.0104 agnorm=0.161 cgnorm=0.127 kl=0.0016 clipf=0.015 ev=+0.880 r0=1.0000 entcoef=4.04e-03 lr=2.4e-04 seed=2
iter= 414 step=1328000 ep_ret=-141.733 opt_ret=-141.733 step_rew=-1.4173 opt_step=-1.4173 gap0=141.733 dret=+142.709 eval_ret=n/a pursuer_target_distance=1.645 capture=0.024 score=0.009 pol=-0.0010 val=0.0557 ent=1.0733 tot=+0.0225 agnorm=0.182 cgnorm=0.186 kl=0.0014 clipf=0.012 ev=+0.908 r0=1.0000 entcoef=4.03e-03 lr=2.4e-04 seed=2
iter= 415 step=1331200 ep_ret=-116.752 opt_ret=-116.752 step_rew=-1.1675 opt_step=-1.1675 gap0=116.752 dret=+167.690 eval_ret=n/a pursuer_target_distance=1.404 capture=0.025 score=0.010 pol=-0.0012 val=0.0348 ent=1.0862 tot=+0.0118 agnorm=0.110 cgnorm=0.163 kl=0.0014 clipf=0.011 ev=+0.911 r0=1.0000 entcoef=4.01e-03 lr=2.4e-04 seed=2
iter= 416 step=1334400 ep_ret=-136.179 opt_ret=-136.179 step_rew=-1.3618 opt_step=-1.3618 gap0=136.179 dret=+148.263 eval_ret=n/a pursuer_target_distance=1.524 capture=0.017 score=0.007 pol=-0.0014 val=0.0304 ent=1.0736 tot=+0.0095 agnorm=0.192 cgnorm=0.148 kl=0.0017 clipf=0.013 ev=+0.938 r0=1.0000 entcoef=4.00e-03 lr=2.4e-04 seed=2
iter= 417 step=1337600 ep_ret=-160.975 opt_ret=-160.975 step_rew=-1.6098 opt_step=-1.6098 gap0=160.975 dret=+123.467 eval_ret=n/a pursuer_target_distance=1.806 capture=0.021 score=0.007 pol=-0.0011 val=0.0544 ent=1.0699 tot=+0.0218 agnorm=0.224 cgnorm=0.158 kl=0.0015 clipf=0.012 ev=+0.917 r0=1.0000 entcoef=3.99e-03 lr=2.4e-04 seed=2
iter= 418 step=1340800 ep_ret=-130.685 opt_ret=-130.685 step_rew=-1.3069 opt_step=-1.3069 gap0=130.685 dret=+153.758 eval_ret=n/a pursuer_target_distance=1.412 capture=0.012 score=0.005 pol=-0.0011 val=0.0237 ent=1.0873 tot=+0.0064 agnorm=0.116 cgnorm=0.122 kl=0.0023 clipf=0.022 ev=+0.930 r0=1.0000 entcoef=3.97e-03 lr=2.4e-04 seed=2
iter= 419 step=1344000 ep_ret=-148.035 opt_ret=-148.035 step_rew=-1.4804 opt_step=-1.4804 gap0=148.035 dret=+136.408 eval_ret=n/a pursuer_target_distance=1.595 capture=0.013 score=0.005 pol=-0.0008 val=0.0337 ent=0.9894 tot=+0.0121 agnorm=0.105 cgnorm=0.159 kl=0.0014 clipf=0.011 ev=+0.884 r0=1.0000 entcoef=3.96e-03 lr=2.4e-04 seed=2
iter= 420 step=1347200 ep_ret=-114.046 opt_ret=-114.046 step_rew=-1.1405 opt_step=-1.1405 gap0=114.046 dret=+170.396 eval_ret=-25.577 pursuer_target_distance=1.374 capture=0.024 score=0.010 pol=-0.0013 val=0.0474 ent=1.0279 tot=+0.0184 agnorm=0.132 cgnorm=0.207 kl=0.0017 clipf=0.016 ev=+0.889 r0=1.0000 entcoef=3.94e-03 lr=2.4e-04 seed=2
iter= 421 step=1350400 ep_ret=-135.886 opt_ret=-135.886 step_rew=-1.3589 opt_step=-1.3589 gap0=135.886 dret=+148.556 eval_ret=n/a pursuer_target_distance=1.764 capture=0.042 score=0.015 pol=-0.0013 val=0.0817 ent=1.0525 tot=+0.0354 agnorm=0.118 cgnorm=0.194 kl=0.0018 clipf=0.019 ev=+0.881 r0=1.0000 entcoef=3.93e-03 lr=2.3e-04 seed=2
iter= 422 step=1353600 ep_ret=-141.289 opt_ret=-141.289 step_rew=-1.4129 opt_step=-1.4129 gap0=141.289 dret=+143.154 eval_ret=n/a pursuer_target_distance=1.612 capture=0.021 score=0.008 pol=-0.0015 val=0.0485 ent=1.0508 tot=+0.0187 agnorm=0.118 cgnorm=0.152 kl=0.0023 clipf=0.022 ev=+0.857 r0=1.0000 entcoef=3.91e-03 lr=2.3e-04 seed=2
iter= 423 step=1356800 ep_ret=-107.882 opt_ret=-107.882 step_rew=-1.0788 opt_step=-1.0788 gap0=107.882 dret=+176.560 eval_ret=n/a pursuer_target_distance=1.331 capture=0.026 score=0.011 pol=-0.0017 val=0.0413 ent=1.0539 tot=+0.0149 agnorm=0.195 cgnorm=0.156 kl=0.0022 clipf=0.021 ev=+0.806 r0=1.0000 entcoef=3.90e-03 lr=2.3e-04 seed=2
iter= 424 step=1360000 ep_ret=-98.476 opt_ret=-98.476 step_rew=-0.9848 opt_step=-0.9848 gap0=98.476 dret=+185.967 eval_ret=n/a pursuer_target_distance=1.115 capture=0.014 score=0.007 pol=-0.0013 val=0.0272 ent=1.0704 tot=+0.0082 agnorm=0.143 cgnorm=0.097 kl=0.0020 clipf=0.019 ev=+0.914 r0=1.0000 entcoef=3.88e-03 lr=2.3e-04 seed=2
iter= 425 step=1363200 ep_ret=-124.642 opt_ret=-124.642 step_rew=-1.2464 opt_step=-1.2464 gap0=124.642 dret=+159.801 eval_ret=n/a pursuer_target_distance=1.433 capture=0.020 score=0.008 pol=-0.0012 val=0.0428 ent=1.1092 tot=+0.0159 agnorm=0.113 cgnorm=0.161 kl=0.0021 clipf=0.022 ev=+0.903 r0=1.0000 entcoef=3.87e-03 lr=2.3e-04 seed=2
iter= 426 step=1366400 ep_ret=-142.575 opt_ret=-142.575 step_rew=-1.4258 opt_step=-1.4258 gap0=142.575 dret=+141.868 eval_ret=n/a pursuer_target_distance=1.616 capture=0.020 score=0.008 pol=-0.0019 val=0.0452 ent=1.0792 tot=+0.0165 agnorm=0.202 cgnorm=0.154 kl=0.0025 clipf=0.023 ev=+0.889 r0=1.0000 entcoef=3.86e-03 lr=2.3e-04 seed=2
iter= 427 step=1369600 ep_ret=-74.157 opt_ret=-74.157 step_rew=-0.7416 opt_step=-0.7416 gap0=74.157 dret=+210.286 eval_ret=n/a pursuer_target_distance=1.132 capture=0.040 score=0.019 pol=-0.0022 val=0.0384 ent=1.0755 tot=+0.0128 agnorm=0.303 cgnorm=0.166 kl=0.0029 clipf=0.026 ev=+0.918 r0=1.0000 entcoef=3.84e-03 lr=2.3e-04 seed=2
iter= 428 step=1372800 ep_ret=-113.782 opt_ret=-113.782 step_rew=-1.1378 opt_step=-1.1378 gap0=113.782 dret=+170.661 eval_ret=n/a pursuer_target_distance=1.275 capture=0.015 score=0.006 pol=-0.0014 val=0.0201 ent=1.0779 tot=+0.0045 agnorm=0.128 cgnorm=0.093 kl=0.0021 clipf=0.019 ev=+0.934 r0=1.0000 entcoef=3.83e-03 lr=2.3e-04 seed=2
iter= 429 step=1376000 ep_ret=-113.061 opt_ret=-113.061 step_rew=-1.1306 opt_step=-1.1306 gap0=113.061 dret=+171.381 eval_ret=n/a pursuer_target_distance=1.374 capture=0.025 score=0.011 pol=-0.0009 val=0.0394 ent=1.0601 tot=+0.0148 agnorm=0.268 cgnorm=0.124 kl=0.0021 clipf=0.018 ev=+0.893 r0=1.0000 entcoef=3.81e-03 lr=2.3e-04 seed=2
iter= 430 step=1379200 ep_ret=-116.378 opt_ret=-116.378 step_rew=-1.1638 opt_step=-1.1638 gap0=116.378 dret=+168.064 eval_ret=n/a pursuer_target_distance=1.332 capture=0.018 score=0.008 pol=-0.0019 val=0.0274 ent=1.0592 tot=+0.0078 agnorm=0.189 cgnorm=0.103 kl=0.0025 clipf=0.023 ev=+0.923 r0=1.0000 entcoef=3.80e-03 lr=2.2e-04 seed=2
iter= 431 step=1382400 ep_ret=-144.060 opt_ret=-144.060 step_rew=-1.4406 opt_step=-1.4406 gap0=144.060 dret=+140.382 eval_ret=n/a pursuer_target_distance=1.471 capture=0.004 score=0.002 pol=-0.0011 val=0.0159 ent=1.0533 tot=+0.0029 agnorm=0.157 cgnorm=0.099 kl=0.0024 clipf=0.021 ev=+0.945 r0=1.0000 entcoef=3.78e-03 lr=2.2e-04 seed=2
iter= 432 step=1385600 ep_ret=-143.662 opt_ret=-143.662 step_rew=-1.4366 opt_step=-1.4366 gap0=143.662 dret=+140.781 eval_ret=n/a pursuer_target_distance=1.558 capture=0.013 score=0.005 pol=-0.0013 val=0.0424 ent=1.0328 tot=+0.0160 agnorm=0.121 cgnorm=0.166 kl=0.0018 clipf=0.012 ev=+0.913 r0=1.0000 entcoef=3.77e-03 lr=2.2e-04 seed=2
iter= 433 step=1388800 ep_ret=-204.723 opt_ret=-204.723 step_rew=-2.0472 opt_step=-2.0472 gap0=204.723 dret=+79.719 eval_ret=n/a pursuer_target_distance=2.372 capture=0.033 score=0.010 pol=-0.0016 val=0.0781 ent=1.0432 tot=+0.0335 agnorm=0.166 cgnorm=0.242 kl=0.0023 clipf=0.021 ev=+0.869 r0=1.0000 entcoef=3.75e-03 lr=2.2e-04 seed=2
iter= 434 step=1392000 ep_ret=-153.097 opt_ret=-153.097 step_rew=-1.5310 opt_step=-1.5310 gap0=153.097 dret=+131.346 eval_ret=n/a pursuer_target_distance=1.643 capture=0.012 score=0.005 pol=-0.0012 val=0.0237 ent=1.0072 tot=+0.0069 agnorm=0.141 cgnorm=0.119 kl=0.0028 clipf=0.027 ev=+0.944 r0=1.0000 entcoef=3.74e-03 lr=2.2e-04 seed=2
iter= 435 step=1395200 ep_ret=-149.043 opt_ret=-149.043 step_rew=-1.4904 opt_step=-1.4904 gap0=149.043 dret=+135.400 eval_ret=n/a pursuer_target_distance=1.599 capture=0.012 score=0.005 pol=-0.0012 val=0.0295 ent=1.0522 tot=+0.0096 agnorm=0.103 cgnorm=0.129 kl=0.0019 clipf=0.015 ev=+0.908 r0=1.0000 entcoef=3.73e-03 lr=2.2e-04 seed=2
iter= 436 step=1398400 ep_ret=-146.669 opt_ret=-146.669 step_rew=-1.4667 opt_step=-1.4667 gap0=146.669 dret=+137.774 eval_ret=n/a pursuer_target_distance=1.700 capture=0.024 score=0.009 pol=-0.0014 val=0.0400 ent=1.0349 tot=+0.0147 agnorm=0.104 cgnorm=0.142 kl=0.0017 clipf=0.012 ev=+0.906 r0=1.0000 entcoef=3.71e-03 lr=2.2e-04 seed=2
iter= 437 step=1401600 ep_ret=-116.951 opt_ret=-116.951 step_rew=-1.1695 opt_step=-1.1695 gap0=116.951 dret=+167.492 eval_ret=n/a pursuer_target_distance=1.341 capture=0.018 score=0.008 pol=-0.0015 val=0.0285 ent=1.0901 tot=+0.0087 agnorm=0.175 cgnorm=0.108 kl=0.0020 clipf=0.019 ev=+0.938 r0=1.0000 entcoef=3.70e-03 lr=2.2e-04 seed=2
iter= 438 step=1404800 ep_ret=-136.579 opt_ret=-136.579 step_rew=-1.3658 opt_step=-1.3658 gap0=136.579 dret=+147.864 eval_ret=n/a pursuer_target_distance=1.584 capture=0.023 score=0.009 pol=-0.0009 val=0.0397 ent=1.0577 tot=+0.0151 agnorm=0.132 cgnorm=0.138 kl=0.0012 clipf=0.009 ev=+0.927 r0=1.0000 entcoef=3.68e-03 lr=2.2e-04 seed=2
iter= 439 step=1408000 ep_ret=-123.392 opt_ret=-123.392 step_rew=-1.2339 opt_step=-1.2339 gap0=123.392 dret=+161.051 eval_ret=n/a pursuer_target_distance=1.402 capture=0.018 score=0.007 pol=-0.0017 val=0.0336 ent=0.9882 tot=+0.0115 agnorm=0.162 cgnorm=0.128 kl=0.0019 clipf=0.017 ev=+0.883 r0=1.0000 entcoef=3.67e-03 lr=2.1e-04 seed=2
iter= 440 step=1411200 ep_ret=-121.604 opt_ret=-121.604 step_rew=-1.2160 opt_step=-1.2160 gap0=121.604 dret=+162.838 eval_ret=-46.714 pursuer_target_distance=1.462 capture=0.026 score=0.010 pol=-0.0012 val=0.0245 ent=1.0210 tot=+0.0074 agnorm=0.205 cgnorm=0.083 kl=0.0019 clipf=0.014 ev=+0.945 r0=1.0000 entcoef=3.65e-03 lr=2.1e-04 seed=2
iter= 441 step=1414400 ep_ret=-116.221 opt_ret=-116.221 step_rew=-1.1622 opt_step=-1.1622 gap0=116.221 dret=+168.221 eval_ret=n/a pursuer_target_distance=1.258 capture=0.011 score=0.005 pol=-0.0014 val=0.0225 ent=1.0463 tot=+0.0060 agnorm=0.208 cgnorm=0.109 kl=0.0018 clipf=0.016 ev=+0.918 r0=1.0000 entcoef=3.64e-03 lr=2.1e-04 seed=2
iter= 442 step=1417600 ep_ret=-155.837 opt_ret=-155.837 step_rew=-1.5584 opt_step=-1.5584 gap0=155.837 dret=+128.606 eval_ret=n/a pursuer_target_distance=1.667 capture=0.012 score=0.004 pol=-0.0013 val=0.0320 ent=1.0360 tot=+0.0110 agnorm=0.114 cgnorm=0.163 kl=0.0018 clipf=0.012 ev=+0.941 r0=1.0000 entcoef=3.62e-03 lr=2.1e-04 seed=2
iter= 443 step=1420800 ep_ret=-126.571 opt_ret=-126.571 step_rew=-1.2657 opt_step=-1.2657 gap0=126.571 dret=+157.872 eval_ret=n/a pursuer_target_distance=1.390 capture=0.013 score=0.006 pol=-0.0013 val=0.0209 ent=0.9826 tot=+0.0056 agnorm=0.291 cgnorm=0.100 kl=0.0021 clipf=0.022 ev=+0.917 r0=1.0000 entcoef=3.61e-03 lr=2.1e-04 seed=2
iter= 444 step=1424000 ep_ret=-138.835 opt_ret=-138.835 step_rew=-1.3883 opt_step=-1.3883 gap0=138.835 dret=+145.608 eval_ret=n/a pursuer_target_distance=1.569 capture=0.019 score=0.007 pol=-0.0011 val=0.0390 ent=1.0118 tot=+0.0147 agnorm=0.154 cgnorm=0.158 kl=0.0023 clipf=0.022 ev=+0.884 r0=1.0000 entcoef=3.60e-03 lr=2.1e-04 seed=2
iter= 445 step=1427200 ep_ret=-107.667 opt_ret=-107.667 step_rew=-1.0767 opt_step=-1.0767 gap0=107.667 dret=+176.776 eval_ret=n/a pursuer_target_distance=1.298 capture=0.023 score=0.010 pol=-0.0013 val=0.0301 ent=1.0053 tot=+0.0101 agnorm=0.190 cgnorm=0.098 kl=0.0016 clipf=0.014 ev=+0.863 r0=1.0000 entcoef=3.58e-03 lr=2.1e-04 seed=2
iter= 446 step=1430400 ep_ret=-87.766 opt_ret=-87.766 step_rew=-0.8777 opt_step=-0.8777 gap0=87.766 dret=+196.677 eval_ret=n/a pursuer_target_distance=1.133 capture=0.027 score=0.012 pol=-0.0014 val=0.0417 ent=1.0385 tot=+0.0158 agnorm=0.212 cgnorm=0.159 kl=0.0024 clipf=0.021 ev=+0.830 r0=1.0000 entcoef=3.57e-03 lr=2.1e-04 seed=2
iter= 447 step=1433600 ep_ret=-138.458 opt_ret=-138.458 step_rew=-1.3846 opt_step=-1.3846 gap0=138.458 dret=+145.985 eval_ret=n/a pursuer_target_distance=1.540 capture=0.017 score=0.007 pol=-0.0005 val=0.0317 ent=1.0391 tot=+0.0117 agnorm=0.149 cgnorm=0.135 kl=0.0013 clipf=0.008 ev=+0.911 r0=1.0000 entcoef=3.55e-03 lr=2.1e-04 seed=2
iter= 448 step=1436800 ep_ret=-99.750 opt_ret=-99.750 step_rew=-0.9975 opt_step=-0.9975 gap0=99.750 dret=+184.693 eval_ret=n/a pursuer_target_distance=1.200 capture=0.021 score=0.010 pol=-0.0012 val=0.0273 ent=1.0186 tot=+0.0088 agnorm=0.209 cgnorm=0.099 kl=0.0017 clipf=0.015 ev=+0.908 r0=1.0000 entcoef=3.54e-03 lr=2.0e-04 seed=2
iter= 449 step=1440000 ep_ret=-140.251 opt_ret=-140.251 step_rew=-1.4025 opt_step=-1.4025 gap0=140.251 dret=+144.192 eval_ret=n/a pursuer_target_distance=1.636 capture=0.024 score=0.009 pol=-0.0009 val=0.0490 ent=1.0031 tot=+0.0201 agnorm=0.121 cgnorm=0.185 kl=0.0016 clipf=0.016 ev=+0.877 r0=1.0000 entcoef=3.52e-03 lr=2.0e-04 seed=2
iter= 450 step=1443200 ep_ret=-103.296 opt_ret=-103.296 step_rew=-1.0330 opt_step=-1.0330 gap0=103.296 dret=+181.147 eval_ret=n/a pursuer_target_distance=1.229 capture=0.021 score=0.009 pol=-0.0011 val=0.0460 ent=1.0261 tot=+0.0183 agnorm=0.301 cgnorm=0.200 kl=0.0013 clipf=0.012 ev=+0.778 r0=1.0000 entcoef=3.51e-03 lr=2.0e-04 seed=2
iter= 451 step=1446400 ep_ret=-120.080 opt_ret=-120.080 step_rew=-1.2008 opt_step=-1.2008 gap0=120.080 dret=+164.363 eval_ret=n/a pursuer_target_distance=1.544 capture=0.035 score=0.014 pol=-0.0010 val=0.0544 ent=1.0296 tot=+0.0226 agnorm=0.242 cgnorm=0.214 kl=0.0013 clipf=0.010 ev=+0.885 r0=1.0000 entcoef=3.50e-03 lr=2.0e-04 seed=2
iter= 452 step=1449600 ep_ret=-136.007 opt_ret=-136.007 step_rew=-1.3601 opt_step=-1.3601 gap0=136.007 dret=+148.435 eval_ret=n/a pursuer_target_distance=1.441 capture=0.009 score=0.004 pol=-0.0013 val=0.0306 ent=1.0418 tot=+0.0104 agnorm=0.123 cgnorm=0.130 kl=0.0024 clipf=0.023 ev=+0.910 r0=1.0000 entcoef=3.48e-03 lr=2.0e-04 seed=2
iter= 453 step=1452800 ep_ret=-134.532 opt_ret=-134.532 step_rew=-1.3453 opt_step=-1.3453 gap0=134.532 dret=+149.911 eval_ret=n/a pursuer_target_distance=1.445 capture=0.011 score=0.004 pol=-0.0007 val=0.0253 ent=0.9807 tot=+0.0085 agnorm=0.151 cgnorm=0.130 kl=0.0015 clipf=0.013 ev=+0.934 r0=1.0000 entcoef=3.47e-03 lr=2.0e-04 seed=2
iter= 454 step=1456000 ep_ret=-134.734 opt_ret=-134.734 step_rew=-1.3473 opt_step=-1.3473 gap0=134.734 dret=+149.709 eval_ret=n/a pursuer_target_distance=1.390 capture=0.005 score=0.002 pol=-0.0012 val=0.0193 ent=1.0075 tot=+0.0050 agnorm=0.151 cgnorm=0.100 kl=0.0020 clipf=0.020 ev=+0.929 r0=1.0000 entcoef=3.45e-03 lr=2.0e-04 seed=2
iter= 455 step=1459200 ep_ret=-160.396 opt_ret=-160.396 step_rew=-1.6040 opt_step=-1.6040 gap0=160.396 dret=+124.047 eval_ret=n/a pursuer_target_distance=1.763 capture=0.017 score=0.006 pol=-0.0007 val=0.0354 ent=1.0177 tot=+0.0135 agnorm=0.087 cgnorm=0.172 kl=0.0012 clipf=0.007 ev=+0.899 r0=1.0000 entcoef=3.44e-03 lr=2.0e-04 seed=2
iter= 456 step=1462400 ep_ret=-89.894 opt_ret=-89.894 step_rew=-0.8989 opt_step=-0.8989 gap0=89.894 dret=+194.548 eval_ret=n/a pursuer_target_distance=1.270 capture=0.038 score=0.017 pol=-0.0013 val=0.0462 ent=1.0100 tot=+0.0183 agnorm=0.152 cgnorm=0.142 kl=0.0026 clipf=0.027 ev=+0.821 r0=1.0000 entcoef=3.42e-03 lr=2.0e-04 seed=2
iter= 457 step=1465600 ep_ret=-95.070 opt_ret=-95.070 step_rew=-0.9507 opt_step=-0.9507 gap0=95.070 dret=+189.373 eval_ret=n/a pursuer_target_distance=1.109 capture=0.017 score=0.008 pol=-0.0012 val=0.0251 ent=0.9986 tot=+0.0080 agnorm=0.127 cgnorm=0.103 kl=0.0012 clipf=0.011 ev=+0.849 r0=1.0000 entcoef=3.41e-03 lr=1.9e-04 seed=2
iter= 458 step=1468800 ep_ret=-134.597 opt_ret=-134.597 step_rew=-1.3460 opt_step=-1.3460 gap0=134.597 dret=+149.846 eval_ret=n/a pursuer_target_distance=1.514 capture=0.018 score=0.007 pol=-0.0016 val=0.0391 ent=1.0050 tot=+0.0146 agnorm=0.116 cgnorm=0.145 kl=0.0015 clipf=0.012 ev=+0.902 r0=1.0000 entcoef=3.39e-03 lr=1.9e-04 seed=2
iter= 459 step=1472000 ep_ret=-156.630 opt_ret=-156.630 step_rew=-1.5663 opt_step=-1.5663 gap0=156.630 dret=+127.813 eval_ret=n/a pursuer_target_distance=1.684 capture=0.013 score=0.005 pol=-0.0006 val=0.0248 ent=0.9616 tot=+0.0086 agnorm=0.092 cgnorm=0.144 kl=0.0010 clipf=0.008 ev=+0.948 r0=1.0000 entcoef=3.38e-03 lr=1.9e-04 seed=2
iter= 460 step=1475200 ep_ret=-85.637 opt_ret=-85.637 step_rew=-0.8564 opt_step=-0.8564 gap0=85.637 dret=+198.806 eval_ret=-19.187 pursuer_target_distance=1.284 capture=0.044 score=0.019 pol=-0.0014 val=0.0438 ent=0.9373 tot=+0.0174 agnorm=0.245 cgnorm=0.126 kl=0.0014 clipf=0.012 ev=+0.855 r0=1.0000 entcoef=3.37e-03 lr=1.9e-04 seed=2
iter= 461 step=1478400 ep_ret=-179.733 opt_ret=-179.733 step_rew=-1.7973 opt_step=-1.7973 gap0=179.733 dret=+104.710 eval_ret=n/a pursuer_target_distance=1.831 capture=0.004 score=0.002 pol=-0.0008 val=0.0278 ent=0.9796 tot=+0.0098 agnorm=0.122 cgnorm=0.160 kl=0.0013 clipf=0.009 ev=+0.911 r0=1.0000 entcoef=3.35e-03 lr=1.9e-04 seed=2
iter= 462 step=1481600 ep_ret=-149.020 opt_ret=-149.020 step_rew=-1.4902 opt_step=-1.4902 gap0=149.020 dret=+135.423 eval_ret=n/a pursuer_target_distance=1.524 capture=0.004 score=0.002 pol=-0.0010 val=0.0284 ent=1.0114 tot=+0.0098 agnorm=0.119 cgnorm=0.153 kl=0.0017 clipf=0.015 ev=+0.867 r0=1.0000 entcoef=3.34e-03 lr=1.9e-04 seed=2
iter= 463 step=1484800 ep_ret=-137.115 opt_ret=-137.115 step_rew=-1.3712 opt_step=-1.3712 gap0=137.115 dret=+147.327 eval_ret=n/a pursuer_target_distance=1.480 capture=0.012 score=0.005 pol=-0.0011 val=0.0177 ent=1.0203 tot=+0.0044 agnorm=0.171 cgnorm=0.118 kl=0.0012 clipf=0.008 ev=+0.933 r0=1.0000 entcoef=3.32e-03 lr=1.9e-04 seed=2
iter= 464 step=1488000 ep_ret=-117.648 opt_ret=-117.648 step_rew=-1.1765 opt_step=-1.1765 gap0=117.648 dret=+166.795 eval_ret=n/a pursuer_target_distance=1.385 capture=0.022 score=0.009 pol=-0.0017 val=0.0298 ent=0.9514 tot=+0.0100 agnorm=0.176 cgnorm=0.114 kl=0.0028 clipf=0.023 ev=+0.887 r0=1.0000 entcoef=3.31e-03 lr=1.9e-04 seed=2
iter= 465 step=1491200 ep_ret=-165.739 opt_ret=-165.739 step_rew=-1.6574 opt_step=-1.6574 gap0=165.739 dret=+118.703 eval_ret=n/a pursuer_target_distance=1.676 capture=0.003 score=0.001 pol=-0.0011 val=0.0269 ent=1.0347 tot=+0.0090 agnorm=0.172 cgnorm=0.144 kl=0.0027 clipf=0.028 ev=+0.931 r0=1.0000 entcoef=3.29e-03 lr=1.9e-04 seed=2
iter= 466 step=1494400 ep_ret=-118.905 opt_ret=-118.905 step_rew=-1.1891 opt_step=-1.1891 gap0=118.905 dret=+165.537 eval_ret=n/a pursuer_target_distance=1.226 capture=0.005 score=0.002 pol=-0.0010 val=0.0186 ent=0.9593 tot=+0.0052 agnorm=0.331 cgnorm=0.115 kl=0.0017 clipf=0.017 ev=+0.876 r0=1.0000 entcoef=3.28e-03 lr=1.8e-04 seed=2
iter= 467 step=1497600 ep_ret=-163.280 opt_ret=-163.280 step_rew=-1.6328 opt_step=-1.6328 gap0=163.280 dret=+121.163 eval_ret=n/a pursuer_target_distance=1.770 capture=0.015 score=0.005 pol=-0.0009 val=0.0279 ent=0.9440 tot=+0.0100 agnorm=0.189 cgnorm=0.170 kl=0.0014 clipf=0.014 ev=+0.923 r0=1.0000 entcoef=3.26e-03 lr=1.8e-04 seed=2
iter= 468 step=1500800 ep_ret=-166.249 opt_ret=-166.249 step_rew=-1.6625 opt_step=-1.6625 gap0=166.249 dret=+118.193 eval_ret=n/a pursuer_target_distance=1.740 capture=0.009 score=0.003 pol=-0.0007 val=0.0189 ent=0.9530 tot=+0.0056 agnorm=0.096 cgnorm=0.087 kl=0.0014 clipf=0.011 ev=+0.967 r0=1.0000 entcoef=3.25e-03 lr=1.8e-04 seed=2
iter= 469 step=1504000 ep_ret=-107.724 opt_ret=-107.724 step_rew=-1.0772 opt_step=-1.0772 gap0=107.724 dret=+176.719 eval_ret=n/a pursuer_target_distance=1.395 capture=0.033 score=0.014 pol=-0.0010 val=0.0431 ent=0.9878 tot=+0.0173 agnorm=0.151 cgnorm=0.133 kl=0.0016 clipf=0.016 ev=+0.877 r0=1.0000 entcoef=3.24e-03 lr=1.8e-04 seed=2
iter= 470 step=1507200 ep_ret=-91.492 opt_ret=-91.492 step_rew=-0.9149 opt_step=-0.9149 gap0=91.492 dret=+192.951 eval_ret=n/a pursuer_target_distance=1.174 capture=0.027 score=0.012 pol=-0.0010 val=0.0399 ent=0.9842 tot=+0.0158 agnorm=0.183 cgnorm=0.143 kl=0.0021 clipf=0.015 ev=+0.841 r0=1.0000 entcoef=3.22e-03 lr=1.8e-04 seed=2
iter= 471 step=1510400 ep_ret=-84.971 opt_ret=-84.971 step_rew=-0.8497 opt_step=-0.8497 gap0=84.971 dret=+199.471 eval_ret=n/a pursuer_target_distance=1.149 capture=0.031 score=0.014 pol=-0.0010 val=0.0340 ent=0.9989 tot=+0.0128 agnorm=0.136 cgnorm=0.109 kl=0.0014 clipf=0.009 ev=+0.865 r0=1.0000 entcoef=3.21e-03 lr=1.8e-04 seed=2
iter= 472 step=1513600 ep_ret=-171.969 opt_ret=-171.969 step_rew=-1.7197 opt_step=-1.7197 gap0=171.969 dret=+112.474 eval_ret=n/a pursuer_target_distance=1.816 capture=0.011 score=0.004 pol=-0.0012 val=0.0301 ent=0.9782 tot=+0.0107 agnorm=0.156 cgnorm=0.153 kl=0.0020 clipf=0.023 ev=+0.923 r0=1.0000 entcoef=3.19e-03 lr=1.8e-04 seed=2
iter= 473 step=1516800 ep_ret=-140.352 opt_ret=-140.352 step_rew=-1.4035 opt_step=-1.4035 gap0=140.352 dret=+144.091 eval_ret=n/a pursuer_target_distance=1.578 capture=0.018 score=0.007 pol=-0.0008 val=0.0294 ent=0.9630 tot=+0.0108 agnorm=0.145 cgnorm=0.110 kl=0.0014 clipf=0.009 ev=+0.929 r0=1.0000 entcoef=3.18e-03 lr=1.8e-04 seed=2
iter= 474 step=1520000 ep_ret=-102.976 opt_ret=-102.976 step_rew=-1.0298 opt_step=-1.0298 gap0=102.976 dret=+181.467 eval_ret=n/a pursuer_target_distance=1.264 capture=0.024 score=0.011 pol=-0.0014 val=0.0327 ent=0.9985 tot=+0.0117 agnorm=0.180 cgnorm=0.106 kl=0.0015 clipf=0.011 ev=+0.872 r0=1.0000 entcoef=3.16e-03 lr=1.8e-04 seed=2
iter= 475 step=1523200 ep_ret=-148.567 opt_ret=-148.567 step_rew=-1.4857 opt_step=-1.4857 gap0=148.567 dret=+135.876 eval_ret=n/a pursuer_target_distance=1.651 capture=0.018 score=0.007 pol=-0.0006 val=0.0399 ent=0.9303 tot=+0.0164 agnorm=0.109 cgnorm=0.153 kl=0.0015 clipf=0.010 ev=+0.904 r0=1.0000 entcoef=3.15e-03 lr=1.7e-04 seed=2
iter= 476 step=1526400 ep_ret=-114.119 opt_ret=-114.119 step_rew=-1.1412 opt_step=-1.1412 gap0=114.119 dret=+170.324 eval_ret=n/a pursuer_target_distance=1.400 capture=0.027 score=0.011 pol=-0.0012 val=0.0461 ent=0.9450 tot=+0.0189 agnorm=0.219 cgnorm=0.143 kl=0.0011 clipf=0.009 ev=+0.884 r0=1.0000 entcoef=3.13e-03 lr=1.7e-04 seed=2
iter= 477 step=1529600 ep_ret=-99.307 opt_ret=-99.307 step_rew=-0.9931 opt_step=-0.9931 gap0=99.307 dret=+185.135 eval_ret=n/a pursuer_target_distance=1.180 capture=0.020 score=0.009 pol=-0.0009 val=0.0247 ent=0.9269 tot=+0.0086 agnorm=0.152 cgnorm=0.115 kl=0.0013 clipf=0.011 ev=+0.904 r0=1.0000 entcoef=3.12e-03 lr=1.7e-04 seed=2
iter= 478 step=1532800 ep_ret=-143.639 opt_ret=-143.639 step_rew=-1.4364 opt_step=-1.4364 gap0=143.639 dret=+140.804 eval_ret=n/a pursuer_target_distance=1.576 capture=0.015 score=0.006 pol=-0.0010 val=0.0236 ent=1.0094 tot=+0.0077 agnorm=0.213 cgnorm=0.113 kl=0.0022 clipf=0.019 ev=+0.957 r0=1.0000 entcoef=3.11e-03 lr=1.7e-04 seed=2
iter= 479 step=1536000 ep_ret=-154.658 opt_ret=-154.658 step_rew=-1.5466 opt_step=-1.5466 gap0=154.658 dret=+129.785 eval_ret=n/a pursuer_target_distance=1.690 capture=0.015 score=0.006 pol=-0.0013 val=0.0310 ent=0.9972 tot=+0.0111 agnorm=0.227 cgnorm=0.131 kl=0.0015 clipf=0.012 ev=+0.950 r0=1.0000 entcoef=3.09e-03 lr=1.7e-04 seed=2
iter= 480 step=1539200 ep_ret=-86.158 opt_ret=-86.158 step_rew=-0.8616 opt_step=-0.8616 gap0=86.158 dret=+198.285 eval_ret=-36.146 pursuer_target_distance=1.205 capture=0.035 score=0.016 pol=-0.0010 val=0.0361 ent=0.9466 tot=+0.0141 agnorm=0.118 cgnorm=0.118 kl=0.0010 clipf=0.007 ev=+0.884 r0=1.0000 entcoef=3.08e-03 lr=1.7e-04 seed=2
iter= 481 step=1542400 ep_ret=-122.921 opt_ret=-122.921 step_rew=-1.2292 opt_step=-1.2292 gap0=122.921 dret=+161.522 eval_ret=n/a pursuer_target_distance=1.369 capture=0.015 score=0.006 pol=-0.0015 val=0.0233 ent=0.9779 tot=+0.0072 agnorm=0.247 cgnorm=0.136 kl=0.0019 clipf=0.016 ev=+0.899 r0=1.0000 entcoef=3.06e-03 lr=1.7e-04 seed=2
iter= 482 step=1545600 ep_ret=-60.503 opt_ret=-60.503 step_rew=-0.6050 opt_step=-0.6050 gap0=60.503 dret=+223.940 eval_ret=n/a pursuer_target_distance=0.892 capture=0.030 score=0.016 pol=-0.0012 val=0.0237 ent=0.9369 tot=+0.0078 agnorm=0.136 cgnorm=0.086 kl=0.0018 clipf=0.018 ev=+0.861 r0=1.0000 entcoef=3.05e-03 lr=1.7e-04 seed=2
iter= 483 step=1548800 ep_ret=-80.966 opt_ret=-80.966 step_rew=-0.8097 opt_step=-0.8097 gap0=80.966 dret=+203.476 eval_ret=n/a pursuer_target_distance=1.090 capture=0.029 score=0.014 pol=-0.0012 val=0.0314 ent=0.9804 tot=+0.0115 agnorm=0.239 cgnorm=0.113 kl=0.0024 clipf=0.021 ev=+0.850 r0=1.0000 entcoef=3.03e-03 lr=1.7e-04 seed=2
iter= 484 step=1552000 ep_ret=-116.044 opt_ret=-116.044 step_rew=-1.1604 opt_step=-1.1604 gap0=116.044 dret=+168.398 eval_ret=n/a pursuer_target_distance=1.366 capture=0.022 score=0.009 pol=-0.0010 val=0.0250 ent=0.9784 tot=+0.0086 agnorm=0.152 cgnorm=0.112 kl=0.0016 clipf=0.014 ev=+0.886 r0=1.0000 entcoef=3.02e-03 lr=1.6e-04 seed=2
iter= 485 step=1555200 ep_ret=-136.927 opt_ret=-136.927 step_rew=-1.3693 opt_step=-1.3693 gap0=136.927 dret=+147.515 eval_ret=n/a pursuer_target_distance=1.562 capture=0.020 score=0.008 pol=-0.0011 val=0.0249 ent=0.9894 tot=+0.0084 agnorm=0.180 cgnorm=0.129 kl=0.0014 clipf=0.013 ev=+0.899 r0=1.0000 entcoef=3.00e-03 lr=1.6e-04 seed=2
iter= 486 step=1558400 ep_ret=-197.181 opt_ret=-197.181 step_rew=-1.9718 opt_step=-1.9718 gap0=197.181 dret=+87.262 eval_ret=n/a pursuer_target_distance=2.234 capture=0.027 score=0.008 pol=-0.0011 val=0.0437 ent=1.0138 tot=+0.0177 agnorm=0.204 cgnorm=0.176 kl=0.0018 clipf=0.016 ev=+0.901 r0=1.0000 entcoef=2.99e-03 lr=1.6e-04 seed=2
iter= 487 step=1561600 ep_ret=-113.657 opt_ret=-113.657 step_rew=-1.1366 opt_step=-1.1366 gap0=113.657 dret=+170.786 eval_ret=n/a pursuer_target_distance=1.486 capture=0.036 score=0.014 pol=-0.0013 val=0.0527 ent=1.0249 tot=+0.0220 agnorm=0.190 cgnorm=0.207 kl=0.0017 clipf=0.013 ev=+0.839 r0=1.0000 entcoef=2.98e-03 lr=1.6e-04 seed=2
iter= 488 step=1564800 ep_ret=-169.856 opt_ret=-169.856 step_rew=-1.6986 opt_step=-1.6986 gap0=169.856 dret=+114.587 eval_ret=n/a pursuer_target_distance=1.795 capture=0.011 score=0.004 pol=-0.0016 val=0.0289 ent=1.0077 tot=+0.0098 agnorm=0.159 cgnorm=0.175 kl=0.0024 clipf=0.024 ev=+0.897 r0=1.0000 entcoef=2.96e-03 lr=1.6e-04 seed=2
iter= 489 step=1568000 ep_ret=-126.496 opt_ret=-126.496 step_rew=-1.2650 opt_step=-1.2650 gap0=126.496 dret=+157.947 eval_ret=n/a pursuer_target_distance=1.592 capture=0.034 score=0.013 pol=-0.0010 val=0.0337 ent=0.9525 tot=+0.0130 agnorm=0.150 cgnorm=0.127 kl=0.0016 clipf=0.012 ev=+0.910 r0=1.0000 entcoef=2.95e-03 lr=1.6e-04 seed=2
iter= 490 step=1571200 ep_ret=-90.148 opt_ret=-90.148 step_rew=-0.9015 opt_step=-0.9015 gap0=90.148 dret=+194.295 eval_ret=n/a pursuer_target_distance=1.173 capture=0.028 score=0.013 pol=-0.0008 val=0.0303 ent=0.9938 tot=+0.0114 agnorm=0.122 cgnorm=0.101 kl=0.0017 clipf=0.013 ev=+0.881 r0=1.0000 entcoef=2.93e-03 lr=1.6e-04 seed=2
iter= 491 step=1574400 ep_ret=-149.018 opt_ret=-149.018 step_rew=-1.4902 opt_step=-1.4902 gap0=149.018 dret=+135.425 eval_ret=n/a pursuer_target_distance=1.786 capture=0.031 score=0.011 pol=-0.0009 val=0.0424 ent=0.9323 tot=+0.0176 agnorm=0.118 cgnorm=0.163 kl=0.0017 clipf=0.013 ev=+0.936 r0=1.0000 entcoef=2.92e-03 lr=1.6e-04 seed=2
iter= 492 step=1577600 ep_ret=-149.745 opt_ret=-149.745 step_rew=-1.4975 opt_step=-1.4975 gap0=149.745 dret=+134.697 eval_ret=n/a pursuer_target_distance=1.759 capture=0.027 score=0.010 pol=-0.0010 val=0.0328 ent=1.0030 tot=+0.0125 agnorm=0.155 cgnorm=0.137 kl=0.0018 clipf=0.016 ev=+0.940 r0=1.0000 entcoef=2.90e-03 lr=1.6e-04 seed=2
iter= 493 step=1580800 ep_ret=-101.825 opt_ret=-101.825 step_rew=-1.0182 opt_step=-1.0182 gap0=101.825 dret=+182.618 eval_ret=n/a pursuer_target_distance=1.377 capture=0.037 score=0.016 pol=-0.0009 val=0.0450 ent=0.9439 tot=+0.0189 agnorm=0.113 cgnorm=0.139 kl=0.0006 clipf=0.002 ev=+0.871 r0=1.0000 entcoef=2.89e-03 lr=1.5e-04 seed=2
iter= 494 step=1584000 ep_ret=-147.536 opt_ret=-147.536 step_rew=-1.4754 opt_step=-1.4754 gap0=147.536 dret=+136.907 eval_ret=n/a pursuer_target_distance=1.647 capture=0.018 score=0.007 pol=-0.0008 val=0.0278 ent=0.9469 tot=+0.0104 agnorm=0.161 cgnorm=0.131 kl=0.0016 clipf=0.013 ev=+0.885 r0=1.0000 entcoef=2.87e-03 lr=1.5e-04 seed=2
iter= 495 step=1587200 ep_ret=-138.385 opt_ret=-138.385 step_rew=-1.3839 opt_step=-1.3839 gap0=138.385 dret=+146.058 eval_ret=n/a pursuer_target_distance=1.539 capture=0.017 score=0.007 pol=-0.0008 val=0.0239 ent=0.9654 tot=+0.0084 agnorm=0.166 cgnorm=0.119 kl=0.0012 clipf=0.009 ev=+0.931 r0=1.0000 entcoef=2.86e-03 lr=1.5e-04 seed=2
iter= 496 step=1590400 ep_ret=-113.102 opt_ret=-113.102 step_rew=-1.1310 opt_step=-1.1310 gap0=113.102 dret=+171.341 eval_ret=n/a pursuer_target_distance=1.337 capture=0.022 score=0.009 pol=-0.0013 val=0.0278 ent=0.9521 tot=+0.0099 agnorm=0.126 cgnorm=0.123 kl=0.0012 clipf=0.010 ev=+0.903 r0=1.0000 entcoef=2.85e-03 lr=1.5e-04 seed=2
iter= 497 step=1593600 ep_ret=-139.438 opt_ret=-139.438 step_rew=-1.3944 opt_step=-1.3944 gap0=139.438 dret=+145.004 eval_ret=n/a pursuer_target_distance=1.444 capture=0.006 score=0.002 pol=-0.0009 val=0.0155 ent=0.9492 tot=+0.0042 agnorm=0.243 cgnorm=0.092 kl=0.0020 clipf=0.019 ev=+0.937 r0=1.0000 entcoef=2.83e-03 lr=1.5e-04 seed=2
iter= 498 step=1596800 ep_ret=-169.003 opt_ret=-169.003 step_rew=-1.6900 opt_step=-1.6900 gap0=169.003 dret=+115.440 eval_ret=n/a pursuer_target_distance=1.824 capture=0.014 score=0.005 pol=-0.0015 val=0.0229 ent=0.9396 tot=+0.0073 agnorm=0.168 cgnorm=0.107 kl=0.0020 clipf=0.022 ev=+0.934 r0=1.0000 entcoef=2.82e-03 lr=1.5e-04 seed=2
iter= 499 step=1600000 ep_ret=-124.856 opt_ret=-124.856 step_rew=-1.2486 opt_step=-1.2486 gap0=124.856 dret=+159.587 eval_ret=n/a pursuer_target_distance=1.326 capture=0.009 score=0.004 pol=-0.0009 val=0.0174 ent=0.8791 tot=+0.0053 agnorm=0.161 cgnorm=0.115 kl=0.0012 clipf=0.009 ev=+0.897 r0=1.0000 entcoef=2.80e-03 lr=1.5e-04 seed=2
iter= 500 step=1603200 ep_ret=-136.781 opt_ret=-136.781 step_rew=-1.3678 opt_step=-1.3678 gap0=136.781 dret=+147.662 eval_ret=+4.745 pursuer_target_distance=1.564 capture=0.021 score=0.008 pol=-0.0011 val=0.0380 ent=0.9215 tot=+0.0153 agnorm=0.215 cgnorm=0.160 kl=0.0020 clipf=0.019 ev=+0.904 r0=1.0000 entcoef=2.79e-03 lr=1.5e-04 seed=2
iter= 501 step=1606400 ep_ret=-80.077 opt_ret=-80.077 step_rew=-0.8008 opt_step=-0.8008 gap0=80.077 dret=+204.366 eval_ret=n/a pursuer_target_distance=1.135 capture=0.034 score=0.016 pol=-0.0011 val=0.0341 ent=0.8823 tot=+0.0135 agnorm=0.185 cgnorm=0.113 kl=0.0014 clipf=0.012 ev=+0.879 r0=1.0000 entcoef=2.77e-03 lr=1.5e-04 seed=2
iter= 502 step=1609600 ep_ret=-107.183 opt_ret=-107.183 step_rew=-1.0718 opt_step=-1.0718 gap0=107.183 dret=+177.260 eval_ret=n/a pursuer_target_distance=1.234 capture=0.017 score=0.008 pol=-0.0005 val=0.0289 ent=0.9118 tot=+0.0114 agnorm=0.195 cgnorm=0.130 kl=0.0012 clipf=0.010 ev=+0.835 r0=1.0000 entcoef=2.76e-03 lr=1.4e-04 seed=2
iter= 503 step=1612800 ep_ret=-85.614 opt_ret=-85.614 step_rew=-0.8561 opt_step=-0.8561 gap0=85.614 dret=+198.829 eval_ret=n/a pursuer_target_distance=1.146 capture=0.030 score=0.014 pol=-0.0012 val=0.0296 ent=0.9432 tot=+0.0110 agnorm=0.173 cgnorm=0.086 kl=0.0010 clipf=0.008 ev=+0.911 r0=1.0000 entcoef=2.75e-03 lr=1.4e-04 seed=2
iter= 504 step=1616000 ep_ret=-100.206 opt_ret=-100.206 step_rew=-1.0021 opt_step=-1.0021 gap0=100.206 dret=+184.237 eval_ret=n/a pursuer_target_distance=1.451 capture=0.046 score=0.019 pol=-0.0010 val=0.0502 ent=0.8730 tot=+0.0217 agnorm=0.211 cgnorm=0.128 kl=0.0013 clipf=0.012 ev=+0.831 r0=1.0000 entcoef=2.73e-03 lr=1.4e-04 seed=2
iter= 505 step=1619200 ep_ret=-77.220 opt_ret=-77.220 step_rew=-0.7722 opt_step=-0.7722 gap0=77.220 dret=+207.223 eval_ret=n/a pursuer_target_distance=1.122 capture=0.036 score=0.017 pol=-0.0008 val=0.0359 ent=0.9307 tot=+0.0146 agnorm=0.139 cgnorm=0.123 kl=0.0009 clipf=0.006 ev=+0.815 r0=1.0000 entcoef=2.72e-03 lr=1.4e-04 seed=2
iter= 506 step=1622400 ep_ret=-72.065 opt_ret=-72.065 step_rew=-0.7207 opt_step=-0.7207 gap0=72.065 dret=+212.377 eval_ret=n/a pursuer_target_distance=1.204 capture=0.049 score=0.022 pol=-0.0014 val=0.0397 ent=0.8995 tot=+0.0160 agnorm=0.199 cgnorm=0.157 kl=0.0020 clipf=0.019 ev=+0.846 r0=1.0000 entcoef=2.70e-03 lr=1.4e-04 seed=2
iter= 507 step=1625600 ep_ret=-156.931 opt_ret=-156.931 step_rew=-1.5693 opt_step=-1.5693 gap0=156.931 dret=+127.511 eval_ret=n/a pursuer_target_distance=1.825 capture=0.027 score=0.009 pol=-0.0009 val=0.0307 ent=0.9317 tot=+0.0119 agnorm=0.169 cgnorm=0.107 kl=0.0017 clipf=0.013 ev=+0.946 r0=1.0000 entcoef=2.69e-03 lr=1.4e-04 seed=2
iter= 508 step=1628800 ep_ret=-99.492 opt_ret=-99.492 step_rew=-0.9949 opt_step=-0.9949 gap0=99.492 dret=+184.950 eval_ret=n/a pursuer_target_distance=1.172 capture=0.019 score=0.009 pol=-0.0012 val=0.0156 ent=0.9053 tot=+0.0042 agnorm=0.131 cgnorm=0.088 kl=0.0016 clipf=0.016 ev=+0.927 r0=1.0000 entcoef=2.67e-03 lr=1.4e-04 seed=2
iter= 509 step=1632000 ep_ret=-68.774 opt_ret=-68.774 step_rew=-0.6877 opt_step=-0.6877 gap0=68.774 dret=+215.669 eval_ret=n/a pursuer_target_distance=1.034 capture=0.036 score=0.018 pol=-0.0011 val=0.0266 ent=0.9716 tot=+0.0096 agnorm=0.278 cgnorm=0.086 kl=0.0019 clipf=0.015 ev=+0.848 r0=1.0000 entcoef=2.66e-03 lr=1.4e-04 seed=2
iter= 510 step=1635200 ep_ret=-70.859 opt_ret=-70.859 step_rew=-0.7086 opt_step=-0.7086 gap0=70.859 dret=+213.584 eval_ret=n/a pursuer_target_distance=1.274 capture=0.058 score=0.025 pol=-0.0014 val=0.0549 ent=0.9256 tot=+0.0236 agnorm=0.230 cgnorm=0.186 kl=0.0022 clipf=0.021 ev=+0.816 r0=1.0000 entcoef=2.64e-03 lr=1.4e-04 seed=2
iter= 511 step=1638400 ep_ret=-98.535 opt_ret=-98.535 step_rew=-0.9853 opt_step=-0.9853 gap0=98.535 dret=+185.908 eval_ret=n/a pursuer_target_distance=1.435 capture=0.046 score=0.019 pol=+0.0012 val=0.0420 ent=0.8877 tot=+0.0199 agnorm=0.726 cgnorm=0.112 kl=0.0042 clipf=0.027 ev=+0.832 r0=1.0000 entcoef=2.63e-03 lr=1.3e-04 seed=2
iter= 512 step=1641600 ep_ret=-95.411 opt_ret=-95.411 step_rew=-0.9541 opt_step=-0.9541 gap0=95.411 dret=+189.032 eval_ret=n/a pursuer_target_distance=1.475 capture=0.053 score=0.021 pol=-0.0006 val=0.0614 ent=0.9390 tot=+0.0276 agnorm=0.475 cgnorm=0.168 kl=0.0019 clipf=0.018 ev=+0.838 r0=1.0000 entcoef=2.62e-03 lr=1.3e-04 seed=2
iter= 513 step=1644800 ep_ret=-97.197 opt_ret=-97.197 step_rew=-0.9720 opt_step=-0.9720 gap0=97.197 dret=+187.246 eval_ret=n/a pursuer_target_distance=1.390 capture=0.043 score=0.018 pol=-0.0010 val=0.0447 ent=0.9312 tot=+0.0189 agnorm=0.186 cgnorm=0.139 kl=0.0016 clipf=0.012 ev=+0.851 r0=1.0000 entcoef=2.60e-03 lr=1.3e-04 seed=2
iter= 514 step=1648000 ep_ret=-93.964 opt_ret=-93.964 step_rew=-0.9396 opt_step=-0.9396 gap0=93.964 dret=+190.479 eval_ret=n/a pursuer_target_distance=1.408 capture=0.048 score=0.020 pol=-0.0009 val=0.0448 ent=0.9201 tot=+0.0192 agnorm=0.165 cgnorm=0.137 kl=0.0010 clipf=0.007 ev=+0.886 r0=1.0000 entcoef=2.59e-03 lr=1.3e-04 seed=2
iter= 515 step=1651200 ep_ret=-141.448 opt_ret=-141.448 step_rew=-1.4145 opt_step=-1.4145 gap0=141.448 dret=+142.995 eval_ret=n/a pursuer_target_distance=1.623 capture=0.022 score=0.008 pol=-0.0004 val=0.0291 ent=0.8678 tot=+0.0119 agnorm=0.112 cgnorm=0.129 kl=0.0003 clipf=0.002 ev=+0.912 r0=1.0000 entcoef=2.57e-03 lr=1.3e-04 seed=2
iter= 516 step=1654400 ep_ret=-128.635 opt_ret=-128.635 step_rew=-1.2863 opt_step=-1.2863 gap0=128.635 dret=+155.808 eval_ret=n/a pursuer_target_distance=1.489 capture=0.021 score=0.009 pol=-0.0010 val=0.0241 ent=0.9186 tot=+0.0087 agnorm=0.145 cgnorm=0.139 kl=0.0010 clipf=0.007 ev=+0.907 r0=1.0000 entcoef=2.56e-03 lr=1.3e-04 seed=2
iter= 517 step=1657600 ep_ret=-128.761 opt_ret=-128.761 step_rew=-1.2876 opt_step=-1.2876 gap0=128.761 dret=+155.682 eval_ret=n/a pursuer_target_distance=1.693 capture=0.042 score=0.015 pol=-0.0007 val=0.0525 ent=0.9115 tot=+0.0233 agnorm=0.114 cgnorm=0.203 kl=0.0008 clipf=0.005 ev=+0.861 r0=1.0000 entcoef=2.54e-03 lr=1.3e-04 seed=2
iter= 518 step=1660800 ep_ret=-103.885 opt_ret=-103.885 step_rew=-1.0389 opt_step=-1.0389 gap0=103.885 dret=+180.557 eval_ret=n/a pursuer_target_distance=1.319 capture=0.029 score=0.013 pol=-0.0007 val=0.0319 ent=0.9452 tot=+0.0129 agnorm=0.122 cgnorm=0.119 kl=0.0009 clipf=0.009 ev=+0.895 r0=1.0000 entcoef=2.53e-03 lr=1.3e-04 seed=2
iter= 519 step=1664000 ep_ret=-134.029 opt_ret=-134.029 step_rew=-1.3403 opt_step=-1.3403 gap0=134.029 dret=+150.413 eval_ret=n/a pursuer_target_distance=1.637 capture=0.031 score=0.012 pol=-0.0010 val=0.0366 ent=0.9437 tot=+0.0150 agnorm=0.161 cgnorm=0.155 kl=0.0013 clipf=0.013 ev=+0.931 r0=1.0000 entcoef=2.51e-03 lr=1.3e-04 seed=2
iter= 520 step=1667200 ep_ret=-95.927 opt_ret=-95.927 step_rew=-0.9593 opt_step=-0.9593 gap0=95.927 dret=+188.516 eval_ret=+42.759 pursuer_target_distance=1.240 capture=0.029 score=0.013 pol=-0.0008 val=0.0320 ent=0.9357 tot=+0.0129 agnorm=0.155 cgnorm=0.151 kl=0.0017 clipf=0.017 ev=+0.843 r0=1.0000 entcoef=2.50e-03 lr=1.3e-04 seed=2
iter= 521 step=1670400 ep_ret=-79.122 opt_ret=-79.122 step_rew=-0.7912 opt_step=-0.7912 gap0=79.122 dret=+205.321 eval_ret=n/a pursuer_target_distance=1.219 capture=0.044 score=0.020 pol=-0.0013 val=0.0326 ent=0.9612 tot=+0.0126 agnorm=0.224 cgnorm=0.107 kl=0.0016 clipf=0.013 ev=+0.864 r0=1.0000 entcoef=2.49e-03 lr=1.2e-04 seed=2
iter= 522 step=1673600 ep_ret=-140.153 opt_ret=-140.153 step_rew=-1.4015 opt_step=-1.4015 gap0=140.153 dret=+144.290 eval_ret=n/a pursuer_target_distance=1.679 capture=0.029 score=0.011 pol=-0.0011 val=0.0321 ent=0.9748 tot=+0.0125 agnorm=0.275 cgnorm=0.113 kl=0.0012 clipf=0.011 ev=+0.944 r0=1.0000 entcoef=2.47e-03 lr=1.2e-04 seed=2
iter= 523 step=1676800 ep_ret=-121.613 opt_ret=-121.613 step_rew=-1.2161 opt_step=-1.2161 gap0=121.613 dret=+162.830 eval_ret=n/a pursuer_target_distance=1.547 capture=0.034 score=0.013 pol=-0.0010 val=0.0332 ent=0.9705 tot=+0.0132 agnorm=0.198 cgnorm=0.134 kl=0.0015 clipf=0.013 ev=+0.893 r0=1.0000 entcoef=2.46e-03 lr=1.2e-04 seed=2
iter= 524 step=1680000 ep_ret=-102.638 opt_ret=-102.638 step_rew=-1.0264 opt_step=-1.0264 gap0=102.638 dret=+181.805 eval_ret=n/a pursuer_target_distance=1.579 capture=0.056 score=0.022 pol=-0.0011 val=0.0398 ent=0.9251 tot=+0.0165 agnorm=0.163 cgnorm=0.124 kl=0.0012 clipf=0.008 ev=+0.913 r0=1.0000 entcoef=2.44e-03 lr=1.2e-04 seed=2
iter= 525 step=1683200 ep_ret=-117.432 opt_ret=-117.432 step_rew=-1.1743 opt_step=-1.1743 gap0=117.432 dret=+167.010 eval_ret=n/a pursuer_target_distance=1.286 capture=0.012 score=0.005 pol=-0.0010 val=0.0174 ent=0.8808 tot=+0.0056 agnorm=0.209 cgnorm=0.101 kl=0.0015 clipf=0.014 ev=+0.922 r0=1.0000 entcoef=2.43e-03 lr=1.2e-04 seed=2
iter= 526 step=1686400 ep_ret=-101.378 opt_ret=-101.378 step_rew=-1.0138 opt_step=-1.0138 gap0=101.378 dret=+183.064 eval_ret=n/a pursuer_target_distance=1.416 capture=0.041 score=0.017 pol=-0.0009 val=0.0419 ent=0.9322 tot=+0.0178 agnorm=0.162 cgnorm=0.143 kl=0.0011 clipf=0.007 ev=+0.858 r0=1.0000 entcoef=2.41e-03 lr=1.2e-04 seed=2
iter= 527 step=1689600 ep_ret=-110.395 opt_ret=-110.395 step_rew=-1.1039 opt_step=-1.1039 gap0=110.395 dret=+174.048 eval_ret=n/a pursuer_target_distance=1.322 capture=0.023 score=0.010 pol=-0.0016 val=0.0189 ent=0.9718 tot=+0.0056 agnorm=0.250 cgnorm=0.094 kl=0.0019 clipf=0.019 ev=+0.933 r0=1.0000 entcoef=2.40e-03 lr=1.2e-04 seed=2
iter= 528 step=1692800 ep_ret=-60.440 opt_ret=-60.440 step_rew=-0.6044 opt_step=-0.6044 gap0=60.440 dret=+224.003 eval_ret=n/a pursuer_target_distance=1.101 capture=0.051 score=0.024 pol=-0.0006 val=0.0438 ent=0.9298 tot=+0.0191 agnorm=0.130 cgnorm=0.140 kl=0.0010 clipf=0.007 ev=+0.844 r0=1.0000 entcoef=2.38e-03 lr=1.2e-04 seed=2
iter= 529 step=1696000 ep_ret=-109.428 opt_ret=-109.428 step_rew=-1.0943 opt_step=-1.0943 gap0=109.428 dret=+175.015 eval_ret=n/a pursuer_target_distance=1.519 capture=0.043 score=0.017 pol=-0.0010 val=0.0363 ent=0.9333 tot=+0.0150 agnorm=0.302 cgnorm=0.123 kl=0.0013 clipf=0.009 ev=+0.931 r0=1.0000 entcoef=2.37e-03 lr=1.2e-04 seed=2
iter= 530 step=1699200 ep_ret=-113.356 opt_ret=-113.356 step_rew=-1.1336 opt_step=-1.1336 gap0=113.356 dret=+171.087 eval_ret=n/a pursuer_target_distance=1.608 capture=0.048 score=0.019 pol=-0.0010 val=0.0530 ent=0.9352 tot=+0.0233 agnorm=0.195 cgnorm=0.145 kl=0.0011 clipf=0.009 ev=+0.858 r0=1.0000 entcoef=2.36e-03 lr=1.1e-04 seed=2
iter= 531 step=1702400 ep_ret=-86.628 opt_ret=-86.628 step_rew=-0.8663 opt_step=-0.8663 gap0=86.628 dret=+197.815 eval_ret=n/a pursuer_target_distance=1.491 capture=0.063 score=0.025 pol=-0.0010 val=0.0575 ent=0.8832 tot=+0.0257 agnorm=0.222 cgnorm=0.121 kl=0.0014 clipf=0.014 ev=+0.836 r0=1.0000 entcoef=2.34e-03 lr=1.1e-04 seed=2
iter= 532 step=1705600 ep_ret=-117.344 opt_ret=-117.344 step_rew=-1.1734 opt_step=-1.1734 gap0=117.344 dret=+167.099 eval_ret=n/a pursuer_target_distance=1.448 capture=0.028 score=0.012 pol=-0.0007 val=0.0254 ent=0.8721 tot=+0.0099 agnorm=0.204 cgnorm=0.101 kl=0.0012 clipf=0.010 ev=+0.922 r0=1.0000 entcoef=2.33e-03 lr=1.1e-04 seed=2
iter= 533 step=1708800 ep_ret=-73.357 opt_ret=-73.357 step_rew=-0.7336 opt_step=-0.7336 gap0=73.357 dret=+211.086 eval_ret=n/a pursuer_target_distance=1.099 capture=0.037 score=0.018 pol=-0.0006 val=0.0276 ent=0.8789 tot=+0.0112 agnorm=0.118 cgnorm=0.100 kl=0.0007 clipf=0.005 ev=+0.877 r0=1.0000 entcoef=2.31e-03 lr=1.1e-04 seed=2
iter= 534 step=1712000 ep_ret=-123.497 opt_ret=-123.497 step_rew=-1.2350 opt_step=-1.2350 gap0=123.497 dret=+160.945 eval_ret=n/a pursuer_target_distance=1.619 capture=0.039 score=0.015 pol=-0.0010 val=0.0316 ent=0.9185 tot=+0.0127 agnorm=0.149 cgnorm=0.124 kl=0.0012 clipf=0.009 ev=+0.898 r0=1.0000 entcoef=2.30e-03 lr=1.1e-04 seed=2
iter= 535 step=1715200 ep_ret=-64.177 opt_ret=-64.177 step_rew=-0.6418 opt_step=-0.6418 gap0=64.177 dret=+220.266 eval_ret=n/a pursuer_target_distance=1.154 capture=0.052 score=0.024 pol=-0.0011 val=0.0393 ent=0.9101 tot=+0.0165 agnorm=0.204 cgnorm=0.118 kl=0.0015 clipf=0.011 ev=+0.863 r0=1.0000 entcoef=2.28e-03 lr=1.1e-04 seed=2
iter= 536 step=1718400 ep_ret=-85.235 opt_ret=-85.235 step_rew=-0.8523 opt_step=-0.8523 gap0=85.235 dret=+199.208 eval_ret=n/a pursuer_target_distance=1.236 capture=0.039 score=0.018 pol=-0.0007 val=0.0348 ent=0.8798 tot=+0.0147 agnorm=0.250 cgnorm=0.118 kl=0.0007 clipf=0.004 ev=+0.823 r0=1.0000 entcoef=2.27e-03 lr=1.1e-04 seed=2
iter= 537 step=1721600 ep_ret=-77.339 opt_ret=-77.339 step_rew=-0.7734 opt_step=-0.7734 gap0=77.339 dret=+207.104 eval_ret=n/a pursuer_target_distance=1.198 capture=0.043 score=0.020 pol=-0.0010 val=0.0288 ent=0.8994 tot=+0.0113 agnorm=0.199 cgnorm=0.098 kl=0.0014 clipf=0.016 ev=+0.895 r0=1.0000 entcoef=2.25e-03 lr=1.1e-04 seed=2
iter= 538 step=1724800 ep_ret=-114.078 opt_ret=-114.078 step_rew=-1.1408 opt_step=-1.1408 gap0=114.078 dret=+170.365 eval_ret=n/a pursuer_target_distance=1.465 capture=0.033 score=0.014 pol=-0.0013 val=0.0338 ent=0.9029 tot=+0.0136 agnorm=0.252 cgnorm=0.130 kl=0.0018 clipf=0.016 ev=+0.894 r0=1.0000 entcoef=2.24e-03 lr=1.1e-04 seed=2
iter= 539 step=1728000 ep_ret=-108.974 opt_ret=-108.974 step_rew=-1.0897 opt_step=-1.0897 gap0=108.974 dret=+175.468 eval_ret=n/a pursuer_target_distance=1.530 capture=0.045 score=0.018 pol=-0.0009 val=0.0377 ent=0.9470 tot=+0.0158 agnorm=0.280 cgnorm=0.097 kl=0.0010 clipf=0.008 ev=+0.913 r0=1.0000 entcoef=2.23e-03 lr=1.0e-04 seed=2
iter= 540 step=1731200 ep_ret=-68.001 opt_ret=-68.001 step_rew=-0.6800 opt_step=-0.6800 gap0=68.001 dret=+216.442 eval_ret=+32.758 pursuer_target_distance=1.186 capture=0.052 score=0.024 pol=-0.0006 val=0.0408 ent=0.9309 tot=+0.0177 agnorm=0.186 cgnorm=0.118 kl=0.0009 clipf=0.005 ev=+0.852 r0=1.0000 entcoef=2.21e-03 lr=1.0e-04 seed=2
iter= 541 step=1734400 ep_ret=-100.375 opt_ret=-100.375 step_rew=-1.0038 opt_step=-1.0038 gap0=100.375 dret=+184.068 eval_ret=n/a pursuer_target_distance=1.253 capture=0.026 score=0.012 pol=-0.0008 val=0.0228 ent=0.9000 tot=+0.0086 agnorm=0.303 cgnorm=0.102 kl=0.0012 clipf=0.009 ev=+0.900 r0=1.0000 entcoef=2.20e-03 lr=1.0e-04 seed=2
iter= 542 step=1737600 ep_ret=-68.423 opt_ret=-68.423 step_rew=-0.6842 opt_step=-0.6842 gap0=68.423 dret=+216.019 eval_ret=n/a pursuer_target_distance=1.030 capture=0.036 score=0.018 pol=-0.0009 val=0.0218 ent=0.8777 tot=+0.0081 agnorm=0.177 cgnorm=0.079 kl=0.0015 clipf=0.012 ev=+0.875 r0=1.0000 entcoef=2.18e-03 lr=1.0e-04 seed=2
iter= 543 step=1740800 ep_ret=-132.033 opt_ret=-132.033 step_rew=-1.3203 opt_step=-1.3203 gap0=132.033 dret=+152.410 eval_ret=n/a pursuer_target_distance=1.667 capture=0.036 score=0.013 pol=-0.0005 val=0.0491 ent=0.9073 tot=+0.0221 agnorm=0.134 cgnorm=0.152 kl=0.0005 clipf=0.004 ev=+0.858 r0=1.0000 entcoef=2.17e-03 lr=1.0e-04 seed=2
iter= 544 step=1744000 ep_ret=-124.177 opt_ret=-124.177 step_rew=-1.2418 opt_step=-1.2418 gap0=124.177 dret=+160.265 eval_ret=n/a pursuer_target_distance=1.682 capture=0.045 score=0.017 pol=-0.0011 val=0.0296 ent=0.8918 tot=+0.0118 agnorm=0.219 cgnorm=0.125 kl=0.0011 clipf=0.010 ev=+0.911 r0=1.0000 entcoef=2.15e-03 lr=9.8e-05 seed=2
iter= 545 step=1747200 ep_ret=-64.713 opt_ret=-64.713 step_rew=-0.6471 opt_step=-0.6471 gap0=64.713 dret=+219.730 eval_ret=n/a pursuer_target_distance=1.359 capture=0.072 score=0.031 pol=-0.0008 val=0.0449 ent=0.9515 tot=+0.0196 agnorm=0.140 cgnorm=0.128 kl=0.0011 clipf=0.008 ev=+0.877 r0=1.0000 entcoef=2.14e-03 lr=9.7e-05 seed=2
iter= 546 step=1750400 ep_ret=-52.356 opt_ret=-52.356 step_rew=-0.5236 opt_step=-0.5236 gap0=52.356 dret=+232.087 eval_ret=n/a pursuer_target_distance=1.285 capture=0.077 score=0.034 pol=-0.0009 val=0.0463 ent=0.8479 tot=+0.0205 agnorm=0.203 cgnorm=0.132 kl=0.0011 clipf=0.008 ev=+0.874 r0=1.0000 entcoef=2.13e-03 lr=9.6e-05 seed=2
iter= 547 step=1753600 ep_ret=-105.066 opt_ret=-105.066 step_rew=-1.0507 opt_step=-1.0507 gap0=105.066 dret=+179.377 eval_ret=n/a pursuer_target_distance=1.503 capture=0.046 score=0.018 pol=-0.0011 val=0.0391 ent=0.9125 tot=+0.0165 agnorm=0.297 cgnorm=0.123 kl=0.0012 clipf=0.009 ev=+0.888 r0=1.0000 entcoef=2.11e-03 lr=9.5e-05 seed=2
iter= 548 step=1756800 ep_ret=-69.306 opt_ret=-69.306 step_rew=-0.6931 opt_step=-0.6931 gap0=69.306 dret=+215.136 eval_ret=n/a pursuer_target_distance=1.146 capture=0.046 score=0.022 pol=-0.0010 val=0.0287 ent=0.8960 tot=+0.0114 agnorm=0.256 cgnorm=0.116 kl=0.0010 clipf=0.009 ev=+0.873 r0=1.0000 entcoef=2.10e-03 lr=9.4e-05 seed=2
iter= 549 step=1760000 ep_ret=-56.187 opt_ret=-56.187 step_rew=-0.5619 opt_step=-0.5619 gap0=56.187 dret=+228.256 eval_ret=n/a pursuer_target_distance=1.158 capture=0.061 score=0.028 pol=-0.0009 val=0.0538 ent=0.8402 tot=+0.0242 agnorm=0.289 cgnorm=0.162 kl=0.0012 clipf=0.010 ev=+0.775 r0=1.0000 entcoef=2.08e-03 lr=9.3e-05 seed=2
iter= 550 step=1763200 ep_ret=-127.043 opt_ret=-127.043 step_rew=-1.2704 opt_step=-1.2704 gap0=127.043 dret=+157.400 eval_ret=n/a pursuer_target_distance=1.732 capture=0.047 score=0.017 pol=-0.0009 val=0.0350 ent=0.8754 tot=+0.0148 agnorm=0.227 cgnorm=0.131 kl=0.0011 clipf=0.008 ev=+0.908 r0=1.0000 entcoef=2.07e-03 lr=9.2e-05 seed=2
iter= 551 step=1766400 ep_ret=-84.061 opt_ret=-84.061 step_rew=-0.8406 opt_step=-0.8406 gap0=84.061 dret=+200.381 eval_ret=n/a pursuer_target_distance=1.399 capture=0.057 score=0.024 pol=-0.0011 val=0.0346 ent=0.8767 tot=+0.0144 agnorm=0.282 cgnorm=0.125 kl=0.0013 clipf=0.010 ev=+0.916 r0=1.0000 entcoef=2.05e-03 lr=9.1e-05 seed=2
iter= 552 step=1769600 ep_ret=-4.472 opt_ret=-4.472 step_rew=-0.0447 opt_step=-0.0447 gap0=4.472 dret=+279.971 eval_ret=n/a pursuer_target_distance=1.088 capture=0.105 score=0.050 pol=-0.0008 val=0.0496 ent=0.8758 tot=+0.0222 agnorm=0.317 cgnorm=0.103 kl=0.0010 clipf=0.008 ev=+0.867 r0=1.0000 entcoef=2.04e-03 lr=9.0e-05 seed=2
iter= 553 step=1772800 ep_ret=-31.241 opt_ret=-31.241 step_rew=-0.3124 opt_step=-0.3124 gap0=31.241 dret=+253.202 eval_ret=n/a pursuer_target_distance=1.265 capture=0.096 score=0.042 pol=-0.0009 val=0.0709 ent=0.8217 tot=+0.0329 agnorm=0.206 cgnorm=0.161 kl=0.0009 clipf=0.007 ev=+0.831 r0=1.0000 entcoef=2.02e-03 lr=8.9e-05 seed=2
iter= 554 step=1776000 ep_ret=-42.366 opt_ret=-42.366 step_rew=-0.4237 opt_step=-0.4237 gap0=42.366 dret=+242.077 eval_ret=n/a pursuer_target_distance=0.976 capture=0.056 score=0.028 pol=-0.0013 val=0.0383 ent=0.8761 tot=+0.0161 agnorm=0.245 cgnorm=0.088 kl=0.0013 clipf=0.011 ev=+0.834 r0=1.0000 entcoef=2.01e-03 lr=8.7e-05 seed=2
iter= 555 step=1779200 ep_ret=-48.753 opt_ret=-48.753 step_rew=-0.4875 opt_step=-0.4875 gap0=48.753 dret=+235.690 eval_ret=n/a pursuer_target_distance=1.193 capture=0.072 score=0.033 pol=-0.0005 val=0.0417 ent=0.9118 tot=+0.0186 agnorm=0.158 cgnorm=0.131 kl=0.0008 clipf=0.004 ev=+0.865 r0=1.0000 entcoef=2.00e-03 lr=8.6e-05 seed=2
iter= 556 step=1782400 ep_ret=-72.994 opt_ret=-72.994 step_rew=-0.7299 opt_step=-0.7299 gap0=72.994 dret=+211.448 eval_ret=n/a pursuer_target_distance=1.448 capture=0.073 score=0.030 pol=-0.0008 val=0.0436 ent=0.8556 tot=+0.0193 agnorm=0.219 cgnorm=0.109 kl=0.0010 clipf=0.010 ev=+0.899 r0=1.0000 entcoef=1.98e-03 lr=8.5e-05 seed=2
iter= 557 step=1785600 ep_ret=-71.583 opt_ret=-71.583 step_rew=-0.7158 opt_step=-0.7158 gap0=71.583 dret=+212.859 eval_ret=n/a pursuer_target_distance=1.093 capture=0.039 score=0.019 pol=-0.0006 val=0.0280 ent=0.8279 tot=+0.0118 agnorm=0.203 cgnorm=0.092 kl=0.0007 clipf=0.005 ev=+0.865 r0=1.0000 entcoef=1.97e-03 lr=8.4e-05 seed=2
iter= 558 step=1788800 ep_ret=-65.405 opt_ret=-65.405 step_rew=-0.6540 opt_step=-0.6540 gap0=65.405 dret=+219.038 eval_ret=n/a pursuer_target_distance=1.157 capture=0.051 score=0.024 pol=-0.0014 val=0.0315 ent=0.8895 tot=+0.0126 agnorm=0.546 cgnorm=0.129 kl=0.0023 clipf=0.023 ev=+0.888 r0=1.0000 entcoef=1.95e-03 lr=8.3e-05 seed=2
iter= 559 step=1792000 ep_ret=-60.817 opt_ret=-60.817 step_rew=-0.6082 opt_step=-0.6082 gap0=60.817 dret=+223.626 eval_ret=n/a pursuer_target_distance=1.114 capture=0.052 score=0.024 pol=-0.0003 val=0.0326 ent=0.8477 tot=+0.0143 agnorm=0.310 cgnorm=0.119 kl=0.0008 clipf=0.004 ev=+0.854 r0=1.0000 entcoef=1.94e-03 lr=8.2e-05 seed=2
iter= 560 step=1795200 ep_ret=-17.626 opt_ret=-17.626 step_rew=-0.1763 opt_step=-0.1763 gap0=17.626 dret=+266.816 eval_ret=+126.747 pursuer_target_distance=1.104 capture=0.094 score=0.045 pol=-0.0009 val=0.0737 ent=0.8305 tot=+0.0343 agnorm=0.242 cgnorm=0.171 kl=0.0008 clipf=0.006 ev=+0.722 r0=1.0000 entcoef=1.92e-03 lr=8.1e-05 seed=2
iter= 561 step=1798400 ep_ret=-154.964 opt_ret=-154.964 step_rew=-1.5496 opt_step=-1.5496 gap0=154.964 dret=+129.478 eval_ret=n/a pursuer_target_distance=2.102 capture=0.056 score=0.018 pol=-0.0008 val=0.0489 ent=0.8407 tot=+0.0221 agnorm=0.279 cgnorm=0.150 kl=0.0010 clipf=0.008 ev=+0.907 r0=1.0000 entcoef=1.91e-03 lr=8.0e-05 seed=2
iter= 562 step=1801600 ep_ret=-72.354 opt_ret=-72.354 step_rew=-0.7235 opt_step=-0.7235 gap0=72.354 dret=+212.088 eval_ret=n/a pursuer_target_distance=1.073 capture=0.036 score=0.017 pol=-0.0007 val=0.0245 ent=0.8515 tot=+0.0099 agnorm=0.280 cgnorm=0.093 kl=0.0009 clipf=0.006 ev=+0.908 r0=1.0000 entcoef=1.89e-03 lr=7.9e-05 seed=2
iter= 563 step=1804800 ep_ret=-108.214 opt_ret=-108.214 step_rew=-1.0821 opt_step=-1.0821 gap0=108.214 dret=+176.229 eval_ret=n/a pursuer_target_distance=1.513 capture=0.044 score=0.018 pol=-0.0006 val=0.0451 ent=0.8491 tot=+0.0203 agnorm=0.278 cgnorm=0.149 kl=0.0011 clipf=0.012 ev=+0.878 r0=1.0000 entcoef=1.88e-03 lr=7.7e-05 seed=2
iter= 564 step=1808000 ep_ret=-97.769 opt_ret=-97.769 step_rew=-0.9777 opt_step=-0.9777 gap0=97.769 dret=+186.674 eval_ret=n/a pursuer_target_distance=1.230 capture=0.026 score=0.012 pol=-0.0008 val=0.0189 ent=0.8449 tot=+0.0071 agnorm=0.181 cgnorm=0.094 kl=0.0011 clipf=0.011 ev=+0.924 r0=1.0000 entcoef=1.87e-03 lr=7.6e-05 seed=2
iter= 565 step=1811200 ep_ret=-66.288 opt_ret=-66.288 step_rew=-0.6629 opt_step=-0.6629 gap0=66.288 dret=+218.154 eval_ret=n/a pursuer_target_distance=0.950 capture=0.030 score=0.015 pol=-0.0007 val=0.0208 ent=0.8465 tot=+0.0082 agnorm=0.221 cgnorm=0.094 kl=0.0006 clipf=0.004 ev=+0.811 r0=1.0000 entcoef=1.85e-03 lr=7.5e-05 seed=2
iter= 566 step=1814400 ep_ret=-67.865 opt_ret=-67.865 step_rew=-0.6786 opt_step=-0.6786 gap0=67.865 dret=+216.578 eval_ret=n/a pursuer_target_distance=1.212 capture=0.054 score=0.025 pol=-0.0012 val=0.0283 ent=0.8785 tot=+0.0113 agnorm=0.280 cgnorm=0.082 kl=0.0022 clipf=0.024 ev=+0.900 r0=1.0000 entcoef=1.84e-03 lr=7.4e-05 seed=2
iter= 567 step=1817600 ep_ret=-68.404 opt_ret=-68.404 step_rew=-0.6840 opt_step=-0.6840 gap0=68.404 dret=+216.039 eval_ret=n/a pursuer_target_distance=1.474 capture=0.080 score=0.032 pol=-0.0011 val=0.0536 ent=0.8414 tot=+0.0242 agnorm=0.381 cgnorm=0.112 kl=0.0014 clipf=0.014 ev=+0.849 r0=1.0000 entcoef=1.82e-03 lr=7.3e-05 seed=2
iter= 568 step=1820800 ep_ret=-89.723 opt_ret=-89.723 step_rew=-0.8972 opt_step=-0.8972 gap0=89.723 dret=+194.719 eval_ret=n/a pursuer_target_distance=1.428 capture=0.054 score=0.022 pol=-0.0012 val=0.0455 ent=0.8754 tot=+0.0200 agnorm=0.343 cgnorm=0.120 kl=0.0016 clipf=0.017 ev=+0.879 r0=1.0000 entcoef=1.81e-03 lr=7.2e-05 seed=2
iter= 569 step=1824000 ep_ret=-79.180 opt_ret=-79.180 step_rew=-0.7918 opt_step=-0.7918 gap0=79.180 dret=+205.262 eval_ret=n/a pursuer_target_distance=1.497 capture=0.072 score=0.029 pol=-0.0006 val=0.0515 ent=0.8319 tot=+0.0237 agnorm=0.217 cgnorm=0.105 kl=0.0009 clipf=0.008 ev=+0.838 r0=1.0000 entcoef=1.79e-03 lr=7.1e-05 seed=2
iter= 570 step=1827200 ep_ret=-79.504 opt_ret=-79.504 step_rew=-0.7950 opt_step=-0.7950 gap0=79.504 dret=+204.939 eval_ret=n/a pursuer_target_distance=1.204 capture=0.042 score=0.019 pol=-0.0010 val=0.0200 ent=0.8392 tot=+0.0075 agnorm=0.273 cgnorm=0.071 kl=0.0012 clipf=0.011 ev=+0.910 r0=1.0000 entcoef=1.78e-03 lr=7.0e-05 seed=2
iter= 571 step=1830400 ep_ret=-68.821 opt_ret=-68.821 step_rew=-0.6882 opt_step=-0.6882 gap0=68.821 dret=+215.621 eval_ret=n/a pursuer_target_distance=1.288 capture=0.061 score=0.027 pol=-0.0014 val=0.0365 ent=0.8153 tot=+0.0154 agnorm=0.319 cgnorm=0.104 kl=0.0011 clipf=0.009 ev=+0.873 r0=1.0000 entcoef=1.76e-03 lr=6.9e-05 seed=2
iter= 572 step=1833600 ep_ret=-72.729 opt_ret=-72.729 step_rew=-0.7273 opt_step=-0.7273 gap0=72.729 dret=+211.714 eval_ret=n/a pursuer_target_distance=1.389 capture=0.067 score=0.028 pol=-0.0007 val=0.0502 ent=0.8828 tot=+0.0229 agnorm=0.193 cgnorm=0.163 kl=0.0009 clipf=0.007 ev=+0.852 r0=1.0000 entcoef=1.75e-03 lr=6.8e-05 seed=2
iter= 573 step=1836800 ep_ret=-92.121 opt_ret=-92.121 step_rew=-0.9212 opt_step=-0.9212 gap0=92.121 dret=+192.322 eval_ret=n/a pursuer_target_distance=1.539 capture=0.063 score=0.025 pol=-0.0007 val=0.0403 ent=0.8414 tot=+0.0180 agnorm=0.217 cgnorm=0.125 kl=0.0007 clipf=0.005 ev=+0.892 r0=1.0000 entcoef=1.74e-03 lr=6.6e-05 seed=2
iter= 574 step=1840000 ep_ret=-119.876 opt_ret=-119.876 step_rew=-1.1988 opt_step=-1.1988 gap0=119.876 dret=+164.566 eval_ret=n/a pursuer_target_distance=1.642 capture=0.045 score=0.017 pol=-0.0010 val=0.0320 ent=0.8132 tot=+0.0136 agnorm=0.213 cgnorm=0.109 kl=0.0008 clipf=0.006 ev=+0.907 r0=1.0000 entcoef=1.72e-03 lr=6.5e-05 seed=2
iter= 575 step=1843200 ep_ret=-76.501 opt_ret=-76.501 step_rew=-0.7650 opt_step=-0.7650 gap0=76.501 dret=+207.942 eval_ret=n/a pursuer_target_distance=1.330 capture=0.058 score=0.025 pol=-0.0008 val=0.0354 ent=0.8077 tot=+0.0155 agnorm=0.178 cgnorm=0.113 kl=0.0006 clipf=0.003 ev=+0.845 r0=1.0000 entcoef=1.71e-03 lr=6.4e-05 seed=2
iter= 576 step=1846400 ep_ret=-102.662 opt_ret=-102.662 step_rew=-1.0266 opt_step=-1.0266 gap0=102.662 dret=+181.781 eval_ret=n/a pursuer_target_distance=1.423 capture=0.041 score=0.017 pol=-0.0012 val=0.0315 ent=0.8120 tot=+0.0132 agnorm=0.354 cgnorm=0.115 kl=0.0014 clipf=0.016 ev=+0.890 r0=1.0000 entcoef=1.69e-03 lr=6.3e-05 seed=2
iter= 577 step=1849600 ep_ret=-121.030 opt_ret=-121.030 step_rew=-1.2103 opt_step=-1.2103 gap0=121.030 dret=+163.413 eval_ret=n/a pursuer_target_distance=1.497 capture=0.030 score=0.012 pol=-0.0007 val=0.0172 ent=0.8613 tot=+0.0065 agnorm=0.244 cgnorm=0.105 kl=0.0006 clipf=0.004 ev=+0.954 r0=1.0000 entcoef=1.68e-03 lr=6.2e-05 seed=2
iter= 578 step=1852800 ep_ret=-139.475 opt_ret=-139.475 step_rew=-1.3948 opt_step=-1.3948 gap0=139.475 dret=+144.967 eval_ret=n/a pursuer_target_distance=1.700 capture=0.032 score=0.012 pol=-0.0005 val=0.0288 ent=0.8741 tot=+0.0125 agnorm=0.172 cgnorm=0.115 kl=0.0007 clipf=0.003 ev=+0.915 r0=1.0000 entcoef=1.66e-03 lr=6.1e-05 seed=2
iter= 579 step=1856000 ep_ret=-91.717 opt_ret=-91.717 step_rew=-0.9172 opt_step=-0.9172 gap0=91.717 dret=+192.726 eval_ret=n/a pursuer_target_distance=1.270 capture=0.036 score=0.016 pol=-0.0010 val=0.0266 ent=0.8329 tot=+0.0109 agnorm=0.334 cgnorm=0.085 kl=0.0010 clipf=0.010 ev=+0.880 r0=1.0000 entcoef=1.65e-03 lr=6.0e-05 seed=2
iter= 580 step=1859200 ep_ret=-99.850 opt_ret=-99.850 step_rew=-0.9985 opt_step=-0.9985 gap0=99.850 dret=+184.593 eval_ret=+116.553 pursuer_target_distance=1.676 capture=0.069 score=0.026 pol=-0.0006 val=0.0458 ent=0.7962 tot=+0.0210 agnorm=0.309 cgnorm=0.135 kl=0.0008 clipf=0.007 ev=+0.894 r0=1.0000 entcoef=1.63e-03 lr=5.9e-05 seed=2
iter= 581 step=1862400 ep_ret=-73.028 opt_ret=-73.028 step_rew=-0.7303 opt_step=-0.7303 gap0=73.028 dret=+211.414 eval_ret=n/a pursuer_target_distance=1.317 capture=0.060 score=0.026 pol=-0.0006 val=0.0334 ent=0.8151 tot=+0.0148 agnorm=0.208 cgnorm=0.158 kl=0.0007 clipf=0.007 ev=+0.904 r0=1.0000 entcoef=1.62e-03 lr=5.8e-05 seed=2
iter= 582 step=1865600 ep_ret=-102.969 opt_ret=-102.969 step_rew=-1.0297 opt_step=-1.0297 gap0=102.969 dret=+181.473 eval_ret=n/a pursuer_target_distance=1.576 capture=0.056 score=0.022 pol=-0.0014 val=0.0332 ent=0.8433 tot=+0.0139 agnorm=0.442 cgnorm=0.132 kl=0.0019 clipf=0.018 ev=+0.898 r0=1.0000 entcoef=1.61e-03 lr=5.6e-05 seed=2
iter= 583 step=1868800 ep_ret=-47.885 opt_ret=-47.885 step_rew=-0.4788 opt_step=-0.4788 gap0=47.885 dret=+236.558 eval_ret=n/a pursuer_target_distance=1.156 capture=0.069 score=0.032 pol=-0.0005 val=0.0382 ent=0.7956 tot=+0.0174 agnorm=0.190 cgnorm=0.108 kl=0.0007 clipf=0.004 ev=+0.864 r0=1.0000 entcoef=1.59e-03 lr=5.5e-05 seed=2
iter= 584 step=1872000 ep_ret=-96.504 opt_ret=-96.504 step_rew=-0.9650 opt_step=-0.9650 gap0=96.504 dret=+187.939 eval_ret=n/a pursuer_target_distance=1.418 capture=0.046 score=0.019 pol=-0.0004 val=0.0288 ent=0.8545 tot=+0.0126 agnorm=0.199 cgnorm=0.099 kl=0.0005 clipf=0.003 ev=+0.908 r0=1.0000 entcoef=1.58e-03 lr=5.4e-05 seed=2
iter= 585 step=1875200 ep_ret=-92.694 opt_ret=-92.694 step_rew=-0.9269 opt_step=-0.9269 gap0=92.694 dret=+191.749 eval_ret=n/a pursuer_target_distance=1.186 capture=0.027 score=0.012 pol=-0.0006 val=0.0245 ent=0.8176 tot=+0.0104 agnorm=0.205 cgnorm=0.090 kl=0.0006 clipf=0.004 ev=+0.890 r0=1.0000 entcoef=1.56e-03 lr=5.3e-05 seed=2
iter= 586 step=1878400 ep_ret=-49.632 opt_ret=-49.632 step_rew=-0.4963 opt_step=-0.4963 gap0=49.632 dret=+234.811 eval_ret=n/a pursuer_target_distance=1.089 capture=0.060 score=0.029 pol=-0.0009 val=0.0354 ent=0.7697 tot=+0.0156 agnorm=0.324 cgnorm=0.113 kl=0.0008 clipf=0.009 ev=+0.833 r0=1.0000 entcoef=1.55e-03 lr=5.2e-05 seed=2
iter= 587 step=1881600 ep_ret=-45.122 opt_ret=-45.122 step_rew=-0.4512 opt_step=-0.4512 gap0=45.122 dret=+239.320 eval_ret=n/a pursuer_target_distance=1.138 capture=0.070 score=0.033 pol=-0.0008 val=0.0362 ent=0.8482 tot=+0.0160 agnorm=0.302 cgnorm=0.109 kl=0.0012 clipf=0.012 ev=+0.856 r0=1.0000 entcoef=1.53e-03 lr=5.1e-05 seed=2
iter= 588 step=1884800 ep_ret=-82.045 opt_ret=-82.045 step_rew=-0.8205 opt_step=-0.8205 gap0=82.045 dret=+202.397 eval_ret=n/a pursuer_target_distance=1.485 capture=0.068 score=0.027 pol=-0.0008 val=0.0287 ent=0.8438 tot=+0.0123 agnorm=0.309 cgnorm=0.093 kl=0.0009 clipf=0.007 ev=+0.914 r0=1.0000 entcoef=1.52e-03 lr=5.0e-05 seed=2
iter= 589 step=1888000 ep_ret=-79.526 opt_ret=-79.526 step_rew=-0.7953 opt_step=-0.7953 gap0=79.526 dret=+204.917 eval_ret=n/a pursuer_target_distance=1.398 capture=0.061 score=0.026 pol=-0.0003 val=0.0376 ent=0.8523 tot=+0.0172 agnorm=0.153 cgnorm=0.163 kl=0.0003 clipf=0.001 ev=+0.857 r0=1.0000 entcoef=1.50e-03 lr=4.9e-05 seed=2
iter= 590 step=1891200 ep_ret=-24.904 opt_ret=-24.904 step_rew=-0.2490 opt_step=-0.2490 gap0=24.904 dret=+259.539 eval_ret=n/a pursuer_target_distance=1.055 capture=0.082 score=0.040 pol=-0.0005 val=0.0469 ent=0.8262 tot=+0.0217 agnorm=0.234 cgnorm=0.232 kl=0.0003 clipf=0.001 ev=+0.820 r0=1.0000 entcoef=1.49e-03 lr=4.8e-05 seed=2
iter= 591 step=1894400 ep_ret=-51.948 opt_ret=-51.948 step_rew=-0.5195 opt_step=-0.5195 gap0=51.948 dret=+232.494 eval_ret=n/a pursuer_target_distance=1.025 capture=0.052 score=0.025 pol=-0.0005 val=0.0336 ent=0.8294 tot=+0.0150 agnorm=0.135 cgnorm=0.131 kl=0.0003 clipf=0.001 ev=+0.795 r0=1.0000 entcoef=1.48e-03 lr=4.6e-05 seed=2
iter= 592 step=1897600 ep_ret=-151.135 opt_ret=-151.135 step_rew=-1.5114 opt_step=-1.5114 gap0=151.135 dret=+133.307 eval_ret=n/a pursuer_target_distance=1.826 capture=0.033 score=0.011 pol=-0.0005 val=0.0348 ent=0.8508 tot=+0.0156 agnorm=0.185 cgnorm=0.163 kl=0.0004 clipf=0.003 ev=+0.894 r0=1.0000 entcoef=1.46e-03 lr=4.5e-05 seed=2
iter= 593 step=1900800 ep_ret=-94.507 opt_ret=-94.507 step_rew=-0.9451 opt_step=-0.9451 gap0=94.507 dret=+189.936 eval_ret=n/a pursuer_target_distance=1.276 capture=0.034 score=0.015 pol=-0.0006 val=0.0209 ent=0.8599 tot=+0.0086 agnorm=0.191 cgnorm=0.104 kl=0.0006 clipf=0.004 ev=+0.891 r0=1.0000 entcoef=1.45e-03 lr=4.4e-05 seed=2
iter= 594 step=1904000 ep_ret=-103.536 opt_ret=-103.536 step_rew=-1.0354 opt_step=-1.0354 gap0=103.536 dret=+180.907 eval_ret=n/a pursuer_target_distance=1.578 capture=0.055 score=0.021 pol=-0.0004 val=0.0523 ent=0.7725 tot=+0.0246 agnorm=0.230 cgnorm=0.167 kl=0.0007 clipf=0.006 ev=+0.823 r0=1.0000 entcoef=1.43e-03 lr=4.3e-05 seed=2
iter= 595 step=1907200 ep_ret=-39.204 opt_ret=-39.204 step_rew=-0.3920 opt_step=-0.3920 gap0=39.204 dret=+245.239 eval_ret=n/a pursuer_target_distance=1.260 capture=0.088 score=0.039 pol=-0.0011 val=0.0424 ent=0.8174 tot=+0.0189 agnorm=0.315 cgnorm=0.121 kl=0.0008 clipf=0.008 ev=+0.865 r0=1.0000 entcoef=1.42e-03 lr=4.2e-05 seed=2
iter= 596 step=1910400 ep_ret=-98.000 opt_ret=-98.000 step_rew=-0.9800 opt_step=-0.9800 gap0=98.000 dret=+186.443 eval_ret=n/a pursuer_target_distance=1.520 capture=0.055 score=0.022 pol=-0.0007 val=0.0451 ent=0.7892 tot=+0.0208 agnorm=0.185 cgnorm=0.137 kl=0.0007 clipf=0.005 ev=+0.823 r0=1.0000 entcoef=1.40e-03 lr=4.1e-05 seed=2
iter= 597 step=1913600 ep_ret=-54.637 opt_ret=-54.637 step_rew=-0.5464 opt_step=-0.5464 gap0=54.637 dret=+229.805 eval_ret=n/a pursuer_target_distance=1.264 capture=0.073 score=0.032 pol=-0.0006 val=0.0456 ent=0.8183 tot=+0.0211 agnorm=0.238 cgnorm=0.128 kl=0.0006 clipf=0.003 ev=+0.831 r0=1.0000 entcoef=1.39e-03 lr=4.0e-05 seed=2
iter= 598 step=1916800 ep_ret=-89.767 opt_ret=-89.767 step_rew=-0.8977 opt_step=-0.8977 gap0=89.767 dret=+194.676 eval_ret=n/a pursuer_target_distance=1.569 capture=0.068 score=0.027 pol=-0.0002 val=0.0409 ent=0.8388 tot=+0.0191 agnorm=0.231 cgnorm=0.135 kl=0.0002 clipf=0.001 ev=+0.871 r0=1.0000 entcoef=1.37e-03 lr=3.9e-05 seed=2
iter= 599 step=1920000 ep_ret=-157.430 opt_ret=-157.430 step_rew=-1.5743 opt_step=-1.5743 gap0=157.430 dret=+127.012 eval_ret=n/a pursuer_target_distance=1.933 capture=0.037 score=0.013 pol=-0.0008 val=0.0264 ent=0.8200 tot=+0.0113 agnorm=0.391 cgnorm=0.124 kl=0.0013 clipf=0.013 ev=+0.939 r0=1.0000 entcoef=1.36e-03 lr=3.8e-05 seed=2
iter= 600 step=1923200 ep_ret=-20.802 opt_ret=-20.802 step_rew=-0.2080 opt_step=-0.2080 gap0=20.802 dret=+263.640 eval_ret=+210.185 pursuer_target_distance=0.967 capture=0.077 score=0.039 pol=-0.0003 val=0.0384 ent=0.8082 tot=+0.0178 agnorm=0.203 cgnorm=0.113 kl=0.0001 clipf=0.000 ev=+0.801 r0=1.0000 entcoef=1.35e-03 lr=3.7e-05 seed=2
iter= 601 step=1926400 ep_ret=-73.211 opt_ret=-73.211 step_rew=-0.7321 opt_step=-0.7321 gap0=73.211 dret=+211.232 eval_ret=n/a pursuer_target_distance=1.241 capture=0.052 score=0.023 pol=-0.0005 val=0.0300 ent=0.7884 tot=+0.0135 agnorm=0.321 cgnorm=0.097 kl=0.0008 clipf=0.007 ev=+0.867 r0=1.0000 entcoef=1.33e-03 lr=3.5e-05 seed=2
iter= 602 step=1929600 ep_ret=-85.906 opt_ret=-85.906 step_rew=-0.8591 opt_step=-0.8591 gap0=85.906 dret=+198.537 eval_ret=n/a pursuer_target_distance=1.590 capture=0.074 score=0.029 pol=-0.0006 val=0.0399 ent=0.8363 tot=+0.0182 agnorm=0.244 cgnorm=0.127 kl=0.0005 clipf=0.003 ev=+0.922 r0=1.0000 entcoef=1.32e-03 lr=3.4e-05 seed=2
iter= 603 step=1932800 ep_ret=-67.917 opt_ret=-67.917 step_rew=-0.6792 opt_step=-0.6792 gap0=67.917 dret=+216.525 eval_ret=n/a pursuer_target_distance=1.341 capture=0.067 score=0.029 pol=-0.0007 val=0.0424 ent=0.8239 tot=+0.0194 agnorm=0.297 cgnorm=0.104 kl=0.0008 clipf=0.007 ev=+0.813 r0=1.0000 entcoef=1.30e-03 lr=3.3e-05 seed=2
iter= 604 step=1936000 ep_ret=-113.726 opt_ret=-113.726 step_rew=-1.1373 opt_step=-1.1373 gap0=113.726 dret=+170.716 eval_ret=n/a pursuer_target_distance=1.496 capture=0.037 score=0.015 pol=-0.0003 val=0.0226 ent=0.8399 tot=+0.0099 agnorm=0.199 cgnorm=0.095 kl=0.0006 clipf=0.004 ev=+0.938 r0=1.0000 entcoef=1.29e-03 lr=3.2e-05 seed=2
iter= 605 step=1939200 ep_ret=-103.077 opt_ret=-103.077 step_rew=-1.0308 opt_step=-1.0308 gap0=103.077 dret=+181.366 eval_ret=n/a pursuer_target_distance=1.427 capture=0.041 score=0.017 pol=-0.0004 val=0.0253 ent=0.8258 tot=+0.0112 agnorm=0.125 cgnorm=0.097 kl=0.0003 clipf=0.001 ev=+0.901 r0=1.0000 entcoef=1.27e-03 lr=3.1e-05 seed=2
iter= 606 step=1942400 ep_ret=-50.473 opt_ret=-50.473 step_rew=-0.5047 opt_step=-0.5047 gap0=50.473 dret=+233.969 eval_ret=n/a pursuer_target_distance=1.370 capture=0.087 score=0.037 pol=-0.0006 val=0.0486 ent=0.7909 tot=+0.0227 agnorm=0.227 cgnorm=0.155 kl=0.0006 clipf=0.004 ev=+0.821 r0=1.0000 entcoef=1.26e-03 lr=3.0e-05 seed=2
iter= 607 step=1945600 ep_ret=-45.803 opt_ret=-45.803 step_rew=-0.4580 opt_step=-0.4580 gap0=45.803 dret=+238.639 eval_ret=n/a pursuer_target_distance=1.086 capture=0.064 score=0.031 pol=-0.0005 val=0.0270 ent=0.8441 tot=+0.0120 agnorm=0.173 cgnorm=0.106 kl=0.0005 clipf=0.002 ev=+0.828 r0=1.0000 entcoef=1.25e-03 lr=2.9e-05 seed=2
iter= 608 step=1948800 ep_ret=-55.480 opt_ret=-55.480 step_rew=-0.5548 opt_step=-0.5548 gap0=55.480 dret=+228.963 eval_ret=n/a pursuer_target_distance=1.285 capture=0.074 score=0.032 pol=-0.0006 val=0.0467 ent=0.8211 tot=+0.0217 agnorm=0.343 cgnorm=0.153 kl=0.0006 clipf=0.005 ev=+0.858 r0=1.0000 entcoef=1.23e-03 lr=2.8e-05 seed=2
iter= 609 step=1952000 ep_ret=-57.695 opt_ret=-57.695 step_rew=-0.5770 opt_step=-0.5770 gap0=57.695 dret=+226.748 eval_ret=n/a pursuer_target_distance=1.483 capture=0.092 score=0.037 pol=-0.0004 val=0.0465 ent=0.8076 tot=+0.0219 agnorm=0.226 cgnorm=0.135 kl=0.0002 clipf=0.001 ev=+0.893 r0=1.0000 entcoef=1.22e-03 lr=2.7e-05 seed=2
iter= 610 step=1955200 ep_ret=-62.969 opt_ret=-62.969 step_rew=-0.6297 opt_step=-0.6297 gap0=62.969 dret=+221.473 eval_ret=n/a pursuer_target_distance=1.232 capture=0.061 score=0.027 pol=-0.0003 val=0.0252 ent=0.8663 tot=+0.0113 agnorm=0.186 cgnorm=0.089 kl=0.0004 clipf=0.004 ev=+0.923 r0=1.0000 entcoef=1.20e-03 lr=2.5e-05 seed=2
iter= 611 step=1958400 ep_ret=-20.303 opt_ret=-20.303 step_rew=-0.2030 opt_step=-0.2030 gap0=20.303 dret=+264.140 eval_ret=n/a pursuer_target_distance=1.156 capture=0.096 score=0.045 pol=-0.0003 val=0.0485 ent=0.8416 tot=+0.0229 agnorm=0.221 cgnorm=0.132 kl=0.0002 clipf=0.001 ev=+0.786 r0=1.0000 entcoef=1.19e-03 lr=2.4e-05 seed=2
iter= 612 step=1961600 ep_ret=-30.278 opt_ret=-30.278 step_rew=-0.3028 opt_step=-0.3028 gap0=30.278 dret=+254.165 eval_ret=n/a pursuer_target_distance=1.115 capture=0.082 score=0.039 pol=-0.0007 val=0.0425 ent=0.7907 tot=+0.0196 agnorm=0.353 cgnorm=0.131 kl=0.0006 clipf=0.006 ev=+0.860 r0=1.0000 entcoef=1.17e-03 lr=2.3e-05 seed=2
iter= 613 step=1964800 ep_ret=-104.547 opt_ret=-104.547 step_rew=-1.0455 opt_step=-1.0455 gap0=104.547 dret=+179.895 eval_ret=n/a pursuer_target_distance=1.360 capture=0.033 score=0.014 pol=-0.0004 val=0.0254 ent=0.8268 tot=+0.0114 agnorm=0.237 cgnorm=0.138 kl=0.0003 clipf=0.001 ev=+0.908 r0=1.0000 entcoef=1.16e-03 lr=2.2e-05 seed=2
iter= 614 step=1968000 ep_ret=-92.774 opt_ret=-92.774 step_rew=-0.9277 opt_step=-0.9277 gap0=92.774 dret=+191.669 eval_ret=n/a pursuer_target_distance=1.521 capture=0.060 score=0.024 pol=-0.0007 val=0.0294 ent=0.8244 tot=+0.0130 agnorm=0.518 cgnorm=0.075 kl=0.0009 clipf=0.009 ev=+0.919 r0=1.0000 entcoef=1.14e-03 lr=2.1e-05 seed=2
iter= 615 step=1971200 ep_ret=-36.841 opt_ret=-36.841 step_rew=-0.3684 opt_step=-0.3684 gap0=36.841 dret=+247.602 eval_ret=n/a pursuer_target_distance=1.165 capture=0.081 score=0.037 pol=-0.0003 val=0.0407 ent=0.7906 tot=+0.0192 agnorm=0.185 cgnorm=0.130 kl=0.0004 clipf=0.002 ev=+0.826 r0=1.0000 entcoef=1.13e-03 lr=2.0e-05 seed=2
iter= 616 step=1974400 ep_ret=-69.834 opt_ret=-69.834 step_rew=-0.6983 opt_step=-0.6983 gap0=69.834 dret=+214.609 eval_ret=n/a pursuer_target_distance=1.445 capture=0.076 score=0.031 pol=-0.0003 val=0.0316 ent=0.8003 tot=+0.0146 agnorm=0.207 cgnorm=0.080 kl=0.0003 clipf=0.002 ev=+0.900 r0=1.0000 entcoef=1.12e-03 lr=1.9e-05 seed=2
iter= 617 step=1977600 ep_ret=-149.447 opt_ret=-149.447 step_rew=-1.4945 opt_step=-1.4945 gap0=149.447 dret=+134.996 eval_ret=n/a pursuer_target_distance=1.756 capture=0.027 score=0.010 pol=-0.0002 val=0.0233 ent=0.7956 tot=+0.0106 agnorm=0.216 cgnorm=0.125 kl=0.0001 clipf=0.000 ev=+0.932 r0=1.0000 entcoef=1.10e-03 lr=1.8e-05 seed=2
iter= 618 step=1980800 ep_ret=+15.964 opt_ret=+15.964 step_rew=0.1596 opt_step=0.1596 gap0=0.000 dret=+300.407 eval_ret=n/a pursuer_target_distance=1.208 capture=0.138 score=0.062 pol=-0.0004 val=0.0466 ent=0.8233 tot=+0.0220 agnorm=0.260 cgnorm=0.124 kl=0.0001 clipf=0.000 ev=+0.900 r0=1.0000 entcoef=1.09e-03 lr=1.7e-05 seed=2
iter= 619 step=1984000 ep_ret=-8.287 opt_ret=-8.287 step_rew=-0.0829 opt_step=-0.0829 gap0=8.287 dret=+276.156 eval_ret=n/a pursuer_target_distance=1.326 capture=0.125 score=0.054 pol=-0.0003 val=0.0597 ent=0.8355 tot=+0.0287 agnorm=0.233 cgnorm=0.139 kl=0.0002 clipf=0.000 ev=+0.838 r0=1.0000 entcoef=1.07e-03 lr=1.6e-05 seed=2
iter= 620 step=1987200 ep_ret=+19.954 opt_ret=+19.954 step_rew=0.1995 opt_step=0.1995 gap0=0.000 dret=+304.397 eval_ret=+186.225 pursuer_target_distance=1.044 capture=0.125 score=0.061 pol=-0.0003 val=0.0577 ent=0.8211 tot=+0.0276 agnorm=0.320 cgnorm=0.157 kl=0.0003 clipf=0.001 ev=+0.769 r0=1.0000 entcoef=1.06e-03 lr=1.4e-05 seed=2
iter= 621 step=1990400 ep_ret=-92.930 opt_ret=-92.930 step_rew=-0.9293 opt_step=-0.9293 gap0=92.930 dret=+191.513 eval_ret=n/a pursuer_target_distance=1.416 capture=0.050 score=0.021 pol=-0.0002 val=0.0248 ent=0.8150 tot=+0.0114 agnorm=0.361 cgnorm=0.072 kl=0.0001 clipf=0.000 ev=+0.932 r0=1.0000 entcoef=1.04e-03 lr=1.3e-05 seed=2
iter= 622 step=1993600 ep_ret=-107.419 opt_ret=-107.419 step_rew=-1.0742 opt_step=-1.0742 gap0=107.419 dret=+177.023 eval_ret=n/a pursuer_target_distance=1.533 capture=0.047 score=0.019 pol=-0.0003 val=0.0238 ent=0.8687 tot=+0.0107 agnorm=0.276 cgnorm=0.106 kl=0.0003 clipf=0.002 ev=+0.938 r0=1.0000 entcoef=1.03e-03 lr=1.2e-05 seed=2
iter= 623 step=1996800 ep_ret=-12.147 opt_ret=-12.147 step_rew=-0.1215 opt_step=-0.1215 gap0=12.147 dret=+272.296 eval_ret=n/a pursuer_target_distance=1.136 capture=0.102 score=0.048 pol=-0.0002 val=0.0483 ent=0.7913 tot=+0.0232 agnorm=0.184 cgnorm=0.147 kl=0.0001 clipf=0.000 ev=+0.823 r0=1.0000 entcoef=1.01e-03 lr=1.1e-05 seed=2
iter= 624 step=2000000 ep_ret=-11.449 opt_ret=-11.449 step_rew=-0.1145 opt_step=-0.1145 gap0=11.449 dret=+272.994 eval_ret=+175.857 pursuer_target_distance=1.020 capture=0.092 score=0.045 pol=-0.0006 val=0.0354 ent=0.8039 tot=+0.0163 agnorm=0.485 cgnorm=0.097 kl=0.0004 clipf=0.003 ev=+0.844 r0=1.0000 entcoef=1.00e-03 lr=1.0e-05 seed=2
[train] Checkpoint saving disabled.
[train] Run artifacts in runs/pursuit/alpha/attention/alpha0p25/seed2
[render] Skipped post-train render (mode=off).
=== done Sun Jun  7 21:40:19 EDT 2026 ===
