[setup] Required Python imports are available.
[setup] Required Python imports are available.
=== Job info ===
Job       : 637520  array=33
Node      : evc33
Submit    : /lustre/fs1/home/ak565492/gnn_experiments
Repo      : /lustre/fs1/home/ak565492/gnn_experiments
Git rev   : f40cd7c
Python    : /home/ak565492/expenv/bin/python
Python 3.11.4
PyYAML  : 6.0.3
NumPy   : 2.3.5
Torch   : 2.5.1+cu121 cuda_available=True cuda=12.1
CUDA_VIS  : 0
Threads   : OMP=4 MKL=4 OPENBLAS=1
Task      : 33/60
Comm      : attention
Alpha     : 0.25
Seed      : 0
Run label : attention_alpha0p25_seed0
Run dir   : runs/pursuit/alpha/attention/alpha0p25/seed0
Config    : /tmp/637486_33_attention_alpha0p25_seed0.yaml
Start     : Sun Jun  7 21:36:28 EDT 2026
================
Sun Jun  7 21:36:28 2026       
+-----------------------------------------------------------------------------------------+
| NVIDIA-SMI 580.105.08             Driver Version: 580.105.08     CUDA Version: 13.0     |
+-----------------------------------------+------------------------+----------------------+
| GPU  Name                 Persistence-M | Bus-Id          Disp.A | Volatile Uncorr. ECC |
| Fan  Temp   Perf          Pwr:Usage/Cap |           Memory-Usage | GPU-Util  Compute M. |
|                                         |                        |               MIG M. |
|=========================================+========================+======================|
|   0  NVIDIA H100 PCIe               Off |   00000000:CA:00.0 Off |                    0 |
| N/A   33C    P0             46W /  310W |       0MiB /  81559MiB |      0%      Default |
|                                         |                        |             Disabled |
+-----------------------------------------+------------------------+----------------------+

+-----------------------------------------------------------------------------------------+
| Processes:                                                                              |
|  GPU   GI   CI              PID   Type   Process name                        GPU Memory |
|        ID   ID                                                               Usage      |
|=========================================================================================|
|  No running processes found                                                             |
+-----------------------------------------------------------------------------------------+
[env] kind=pursuit name=pursuit n_agents=5 obs_dim=5 action_dim=5 state_dim=13 num_envs=32
[train] Starting: total_iters=625 T=100 B=32 device=cuda:0 seed=0 render=off
iter=   0 step=   3200 ep_ret=-265.840 opt_ret=-265.840 step_rew=-2.6584 opt_step=-2.6584 gap0=265.840 dret=+0.000 eval_ret=-134.417 pursuer_target_distance=2.648 capture=0.000 score=0.000 pol=-0.0035 val=0.6516 ent=1.6062 tot=+0.3062 agnorm=0.066 cgnorm=0.267 kl=0.0031 clipf=0.020 ev=-0.469 r0=1.0000 entcoef=1.00e-02 lr=7.0e-04 seed=0
iter=   1 step=   6400 ep_ret=-242.173 opt_ret=-242.173 step_rew=-2.4217 opt_step=-2.4217 gap0=242.173 dret=+23.666 eval_ret=n/a pursuer_target_distance=2.412 capture=0.000 score=0.000 pol=-0.0028 val=0.4305 ent=1.5997 tot=+0.1965 agnorm=0.060 cgnorm=0.265 kl=0.0040 clipf=0.034 ev=+0.116 r0=1.0000 entcoef=9.99e-03 lr=7.0e-04 seed=0
iter=   2 step=   9600 ep_ret=-295.200 opt_ret=-295.200 step_rew=-2.9520 opt_step=-2.9520 gap0=295.200 dret=-29.361 eval_ret=n/a pursuer_target_distance=2.942 capture=0.000 score=0.000 pol=-0.0029 val=0.4832 ent=1.5923 tot=+0.2228 agnorm=0.060 cgnorm=0.318 kl=0.0028 clipf=0.025 ev=+0.114 r0=1.0000 entcoef=9.97e-03 lr=7.0e-04 seed=0
iter=   3 step=  12800 ep_ret=-239.918 opt_ret=-239.918 step_rew=-2.3992 opt_step=-2.3992 gap0=239.918 dret=+25.922 eval_ret=n/a pursuer_target_distance=2.411 capture=0.002 score=0.001 pol=-0.0033 val=0.3950 ent=1.5842 tot=+0.1785 agnorm=0.087 cgnorm=0.289 kl=0.0038 clipf=0.044 ev=+0.222 r0=1.0000 entcoef=9.96e-03 lr=7.0e-04 seed=0
iter=   4 step=  16000 ep_ret=-254.935 opt_ret=-254.935 step_rew=-2.5493 opt_step=-2.5493 gap0=254.935 dret=+10.905 eval_ret=n/a pursuer_target_distance=2.539 capture=0.000 score=0.000 pol=-0.0017 val=0.3539 ent=1.5846 tot=+0.1595 agnorm=0.050 cgnorm=0.290 kl=0.0025 clipf=0.018 ev=+0.425 r0=1.0000 entcoef=9.94e-03 lr=7.0e-04 seed=0
iter=   5 step=  19200 ep_ret=-291.131 opt_ret=-291.131 step_rew=-2.9113 opt_step=-2.9113 gap0=291.131 dret=-25.292 eval_ret=n/a pursuer_target_distance=2.911 capture=0.001 score=0.000 pol=-0.0017 val=0.5025 ent=1.5857 tot=+0.2338 agnorm=0.041 cgnorm=0.309 kl=0.0017 clipf=0.007 ev=+0.180 r0=1.0000 entcoef=9.93e-03 lr=6.9e-04 seed=0
iter=   6 step=  22400 ep_ret=-254.347 opt_ret=-254.347 step_rew=-2.5435 opt_step=-2.5435 gap0=254.347 dret=+11.493 eval_ret=n/a pursuer_target_distance=2.533 capture=0.000 score=0.000 pol=-0.0014 val=0.3451 ent=1.5875 tot=+0.1555 agnorm=0.042 cgnorm=0.295 kl=0.0016 clipf=0.008 ev=+0.228 r0=1.0000 entcoef=9.91e-03 lr=6.9e-04 seed=0
iter=   7 step=  25600 ep_ret=-258.297 opt_ret=-258.297 step_rew=-2.5830 opt_step=-2.5830 gap0=258.297 dret=+7.543 eval_ret=n/a pursuer_target_distance=2.573 capture=0.000 score=0.000 pol=-0.0021 val=0.3613 ent=1.5875 tot=+0.1629 agnorm=0.060 cgnorm=0.270 kl=0.0025 clipf=0.017 ev=+0.439 r0=1.0000 entcoef=9.90e-03 lr=6.9e-04 seed=0
iter=   8 step=  28800 ep_ret=-240.251 opt_ret=-240.251 step_rew=-2.4025 opt_step=-2.4025 gap0=240.251 dret=+25.589 eval_ret=n/a pursuer_target_distance=2.399 capture=0.001 score=0.000 pol=-0.0021 val=0.2638 ent=1.5843 tot=+0.1141 agnorm=0.055 cgnorm=0.256 kl=0.0026 clipf=0.017 ev=+0.280 r0=1.0000 entcoef=9.88e-03 lr=6.9e-04 seed=0
iter=   9 step=  32000 ep_ret=-257.621 opt_ret=-257.621 step_rew=-2.5762 opt_step=-2.5762 gap0=257.621 dret=+8.219 eval_ret=n/a pursuer_target_distance=2.585 capture=0.002 score=0.001 pol=-0.0012 val=0.2956 ent=1.5781 tot=+0.1310 agnorm=0.037 cgnorm=0.268 kl=0.0010 clipf=0.004 ev=+0.286 r0=1.0000 entcoef=9.87e-03 lr=6.9e-04 seed=0
iter=  10 step=  35200 ep_ret=-266.469 opt_ret=-266.469 step_rew=-2.6647 opt_step=-2.6647 gap0=266.469 dret=-0.629 eval_ret=n/a pursuer_target_distance=2.677 capture=0.002 score=0.001 pol=-0.0019 val=0.2945 ent=1.5706 tot=+0.1298 agnorm=0.050 cgnorm=0.299 kl=0.0021 clipf=0.013 ev=+0.423 r0=1.0000 entcoef=9.86e-03 lr=6.9e-04 seed=0
iter=  11 step=  38400 ep_ret=-259.631 opt_ret=-259.631 step_rew=-2.5963 opt_step=-2.5963 gap0=259.631 dret=+6.209 eval_ret=n/a pursuer_target_distance=2.586 capture=0.000 score=0.000 pol=-0.0021 val=0.2586 ent=1.5543 tot=+0.1119 agnorm=0.056 cgnorm=0.276 kl=0.0033 clipf=0.030 ev=+0.493 r0=1.0000 entcoef=9.84e-03 lr=6.9e-04 seed=0
iter=  12 step=  41600 ep_ret=-275.134 opt_ret=-275.134 step_rew=-2.7513 opt_step=-2.7513 gap0=275.134 dret=-9.295 eval_ret=n/a pursuer_target_distance=2.741 capture=0.000 score=0.000 pol=-0.0020 val=0.3983 ent=1.5469 tot=+0.1819 agnorm=0.051 cgnorm=0.271 kl=0.0030 clipf=0.028 ev=+0.037 r0=1.0000 entcoef=9.83e-03 lr=6.9e-04 seed=0
iter=  13 step=  44800 ep_ret=-191.462 opt_ret=-191.462 step_rew=-1.9146 opt_step=-1.9146 gap0=191.462 dret=+74.378 eval_ret=n/a pursuer_target_distance=1.955 capture=0.005 score=0.002 pol=-0.0021 val=0.1270 ent=1.5365 tot=+0.0463 agnorm=0.060 cgnorm=0.167 kl=0.0036 clipf=0.035 ev=+0.528 r0=1.0000 entcoef=9.81e-03 lr=6.9e-04 seed=0
iter=  14 step=  48000 ep_ret=-282.496 opt_ret=-282.496 step_rew=-2.8250 opt_step=-2.8250 gap0=282.496 dret=-16.656 eval_ret=n/a pursuer_target_distance=2.821 capture=0.001 score=0.000 pol=-0.0024 val=0.2828 ent=1.5450 tot=+0.1239 agnorm=0.062 cgnorm=0.313 kl=0.0035 clipf=0.032 ev=+0.509 r0=1.0000 entcoef=9.80e-03 lr=6.8e-04 seed=0
iter=  15 step=  51200 ep_ret=-275.324 opt_ret=-275.324 step_rew=-2.7532 opt_step=-2.7532 gap0=275.324 dret=-9.484 eval_ret=n/a pursuer_target_distance=2.743 capture=0.000 score=0.000 pol=-0.0019 val=0.3124 ent=1.5538 tot=+0.1391 agnorm=0.063 cgnorm=0.277 kl=0.0028 clipf=0.026 ev=+0.452 r0=1.0000 entcoef=9.78e-03 lr=6.8e-04 seed=0
iter=  16 step=  54400 ep_ret=-240.169 opt_ret=-240.169 step_rew=-2.4017 opt_step=-2.4017 gap0=240.169 dret=+25.671 eval_ret=n/a pursuer_target_distance=2.423 capture=0.003 score=0.001 pol=-0.0019 val=0.1796 ent=1.5436 tot=+0.0728 agnorm=0.050 cgnorm=0.211 kl=0.0027 clipf=0.017 ev=+0.529 r0=1.0000 entcoef=9.77e-03 lr=6.8e-04 seed=0
iter=  17 step=  57600 ep_ret=-279.006 opt_ret=-279.006 step_rew=-2.7901 opt_step=-2.7901 gap0=279.006 dret=-13.166 eval_ret=n/a pursuer_target_distance=2.799 capture=0.002 score=0.000 pol=-0.0017 val=0.2446 ent=1.5325 tot=+0.1056 agnorm=0.048 cgnorm=0.278 kl=0.0026 clipf=0.018 ev=+0.585 r0=1.0000 entcoef=9.75e-03 lr=6.8e-04 seed=0
iter=  18 step=  60800 ep_ret=-247.315 opt_ret=-247.315 step_rew=-2.4732 opt_step=-2.4732 gap0=247.315 dret=+18.524 eval_ret=n/a pursuer_target_distance=2.463 capture=0.000 score=0.000 pol=-0.0016 val=0.1399 ent=1.5279 tot=+0.0534 agnorm=0.071 cgnorm=0.230 kl=0.0030 clipf=0.034 ev=+0.524 r0=1.0000 entcoef=9.74e-03 lr=6.8e-04 seed=0
iter=  19 step=  64000 ep_ret=-207.555 opt_ret=-207.555 step_rew=-2.0755 opt_step=-2.0755 gap0=207.555 dret=+58.285 eval_ret=n/a pursuer_target_distance=2.091 capture=0.003 score=0.001 pol=-0.0015 val=0.1086 ent=1.5316 tot=+0.0379 agnorm=0.042 cgnorm=0.188 kl=0.0024 clipf=0.021 ev=+0.421 r0=1.0000 entcoef=9.73e-03 lr=6.8e-04 seed=0
iter=  20 step=  67200 ep_ret=-261.081 opt_ret=-261.081 step_rew=-2.6108 opt_step=-2.6108 gap0=261.081 dret=+4.759 eval_ret=-223.076 pursuer_target_distance=2.601 capture=0.000 score=0.000 pol=-0.0024 val=0.2126 ent=1.5363 tot=+0.0890 agnorm=0.067 cgnorm=0.243 kl=0.0030 clipf=0.032 ev=+0.433 r0=1.0000 entcoef=9.71e-03 lr=6.8e-04 seed=0
iter=  21 step=  70400 ep_ret=-234.260 opt_ret=-234.260 step_rew=-2.3426 opt_step=-2.3426 gap0=234.260 dret=+31.580 eval_ret=n/a pursuer_target_distance=2.333 capture=0.000 score=0.000 pol=-0.0020 val=0.1089 ent=1.5457 tot=+0.0375 agnorm=0.051 cgnorm=0.204 kl=0.0022 clipf=0.018 ev=+0.544 r0=1.0000 entcoef=9.70e-03 lr=6.8e-04 seed=0
iter=  22 step=  73600 ep_ret=-284.811 opt_ret=-284.811 step_rew=-2.8481 opt_step=-2.8481 gap0=284.811 dret=-18.971 eval_ret=n/a pursuer_target_distance=2.838 capture=0.000 score=0.000 pol=-0.0017 val=0.1596 ent=1.5334 tot=+0.0633 agnorm=0.051 cgnorm=0.249 kl=0.0029 clipf=0.027 ev=+0.408 r0=1.0000 entcoef=9.68e-03 lr=6.8e-04 seed=0
iter=  23 step=  76800 ep_ret=-271.893 opt_ret=-271.893 step_rew=-2.7189 opt_step=-2.7189 gap0=271.893 dret=-6.053 eval_ret=n/a pursuer_target_distance=2.709 capture=0.000 score=0.000 pol=-0.0023 val=0.1282 ent=1.5242 tot=+0.0471 agnorm=0.060 cgnorm=0.227 kl=0.0029 clipf=0.023 ev=+0.478 r0=1.0000 entcoef=9.67e-03 lr=6.7e-04 seed=0
iter=  24 step=  80000 ep_ret=-272.596 opt_ret=-272.596 step_rew=-2.7260 opt_step=-2.7260 gap0=272.596 dret=-6.756 eval_ret=n/a pursuer_target_distance=2.716 capture=0.000 score=0.000 pol=-0.0019 val=0.0910 ent=1.5254 tot=+0.0289 agnorm=0.056 cgnorm=0.196 kl=0.0025 clipf=0.026 ev=+0.633 r0=1.0000 entcoef=9.65e-03 lr=6.7e-04 seed=0
iter=  25 step=  83200 ep_ret=-215.359 opt_ret=-215.359 step_rew=-2.1536 opt_step=-2.1536 gap0=215.359 dret=+50.481 eval_ret=n/a pursuer_target_distance=2.144 capture=0.000 score=0.000 pol=-0.0021 val=0.0481 ent=1.5226 tot=+0.0073 agnorm=0.058 cgnorm=0.164 kl=0.0023 clipf=0.022 ev=+0.740 r0=1.0000 entcoef=9.64e-03 lr=6.7e-04 seed=0
iter=  26 step=  86400 ep_ret=-244.733 opt_ret=-244.733 step_rew=-2.4473 opt_step=-2.4473 gap0=244.733 dret=+21.107 eval_ret=n/a pursuer_target_distance=2.437 capture=0.000 score=0.000 pol=-0.0018 val=0.0850 ent=1.5331 tot=+0.0259 agnorm=0.062 cgnorm=0.174 kl=0.0029 clipf=0.031 ev=+0.527 r0=1.0000 entcoef=9.62e-03 lr=6.7e-04 seed=0
iter=  27 step=  89600 ep_ret=-262.057 opt_ret=-262.057 step_rew=-2.6206 opt_step=-2.6206 gap0=262.057 dret=+3.783 eval_ret=n/a pursuer_target_distance=2.611 capture=0.000 score=0.000 pol=-0.0018 val=0.0707 ent=1.5434 tot=+0.0187 agnorm=0.055 cgnorm=0.159 kl=0.0029 clipf=0.031 ev=+0.637 r0=1.0000 entcoef=9.61e-03 lr=6.7e-04 seed=0
iter=  28 step=  92800 ep_ret=-203.574 opt_ret=-203.574 step_rew=-2.0357 opt_step=-2.0357 gap0=203.574 dret=+62.266 eval_ret=n/a pursuer_target_distance=2.048 capture=0.002 score=0.001 pol=-0.0020 val=0.0608 ent=1.5329 tot=+0.0138 agnorm=0.045 cgnorm=0.180 kl=0.0027 clipf=0.026 ev=+0.505 r0=1.0000 entcoef=9.60e-03 lr=6.7e-04 seed=0
iter=  29 step=  96000 ep_ret=-232.613 opt_ret=-232.613 step_rew=-2.3261 opt_step=-2.3261 gap0=232.613 dret=+33.227 eval_ret=n/a pursuer_target_distance=2.357 capture=0.004 score=0.001 pol=-0.0020 val=0.1011 ent=1.5317 tot=+0.0339 agnorm=0.064 cgnorm=0.193 kl=0.0026 clipf=0.020 ev=+0.409 r0=1.0000 entcoef=9.58e-03 lr=6.7e-04 seed=0
iter=  30 step=  99200 ep_ret=-214.204 opt_ret=-214.204 step_rew=-2.1420 opt_step=-2.1420 gap0=214.204 dret=+51.635 eval_ret=n/a pursuer_target_distance=2.260 capture=0.013 score=0.004 pol=-0.0025 val=0.1315 ent=1.5155 tot=+0.0488 agnorm=0.067 cgnorm=0.227 kl=0.0037 clipf=0.034 ev=+0.342 r0=1.0000 entcoef=9.57e-03 lr=6.7e-04 seed=0
iter=  31 step= 102400 ep_ret=-222.469 opt_ret=-222.469 step_rew=-2.2247 opt_step=-2.2247 gap0=222.469 dret=+43.371 eval_ret=n/a pursuer_target_distance=2.240 capture=0.003 score=0.001 pol=-0.0018 val=0.0548 ent=1.5086 tot=+0.0111 agnorm=0.055 cgnorm=0.164 kl=0.0027 clipf=0.022 ev=+0.508 r0=1.0000 entcoef=9.55e-03 lr=6.7e-04 seed=0
iter=  32 step= 105600 ep_ret=-229.559 opt_ret=-229.559 step_rew=-2.2956 opt_step=-2.2956 gap0=229.559 dret=+36.280 eval_ret=n/a pursuer_target_distance=2.323 capture=0.004 score=0.001 pol=-0.0017 val=0.0732 ent=1.4955 tot=+0.0206 agnorm=0.048 cgnorm=0.157 kl=0.0026 clipf=0.025 ev=+0.621 r0=1.0000 entcoef=9.54e-03 lr=6.6e-04 seed=0
iter=  33 step= 108800 ep_ret=-225.742 opt_ret=-225.742 step_rew=-2.2574 opt_step=-2.2574 gap0=225.742 dret=+40.098 eval_ret=n/a pursuer_target_distance=2.247 capture=0.000 score=0.000 pol=-0.0017 val=0.0541 ent=1.5105 tot=+0.0110 agnorm=0.042 cgnorm=0.169 kl=0.0024 clipf=0.016 ev=+0.368 r0=1.0000 entcoef=9.52e-03 lr=6.6e-04 seed=0
iter=  34 step= 112000 ep_ret=-217.095 opt_ret=-217.095 step_rew=-2.1710 opt_step=-2.1710 gap0=217.095 dret=+48.745 eval_ret=n/a pursuer_target_distance=2.161 capture=0.000 score=0.000 pol=-0.0022 val=0.0533 ent=1.5111 tot=+0.0101 agnorm=0.058 cgnorm=0.152 kl=0.0032 clipf=0.032 ev=+0.386 r0=1.0000 entcoef=9.51e-03 lr=6.6e-04 seed=0
iter=  35 step= 115200 ep_ret=-230.008 opt_ret=-230.008 step_rew=-2.3001 opt_step=-2.3001 gap0=230.008 dret=+35.832 eval_ret=n/a pursuer_target_distance=2.337 capture=0.005 score=0.001 pol=-0.0020 val=0.0465 ent=1.5194 tot=+0.0069 agnorm=0.051 cgnorm=0.134 kl=0.0021 clipf=0.015 ev=+0.475 r0=1.0000 entcoef=9.50e-03 lr=6.6e-04 seed=0
iter=  36 step= 118400 ep_ret=-267.793 opt_ret=-267.793 step_rew=-2.6779 opt_step=-2.6779 gap0=267.793 dret=-1.953 eval_ret=n/a pursuer_target_distance=2.668 capture=0.000 score=0.000 pol=-0.0027 val=0.0808 ent=1.5381 tot=+0.0231 agnorm=0.083 cgnorm=0.157 kl=0.0039 clipf=0.045 ev=+0.449 r0=1.0000 entcoef=9.48e-03 lr=6.6e-04 seed=0
iter=  37 step= 121600 ep_ret=-221.985 opt_ret=-221.985 step_rew=-2.2198 opt_step=-2.2198 gap0=221.985 dret=+43.855 eval_ret=n/a pursuer_target_distance=2.216 capture=0.001 score=0.000 pol=-0.0024 val=0.0322 ent=1.5499 tot=-0.0009 agnorm=0.063 cgnorm=0.131 kl=0.0032 clipf=0.032 ev=+0.772 r0=1.0000 entcoef=9.47e-03 lr=6.6e-04 seed=0
iter=  38 step= 124800 ep_ret=-213.837 opt_ret=-213.837 step_rew=-2.1384 opt_step=-2.1384 gap0=213.837 dret=+52.002 eval_ret=n/a pursuer_target_distance=2.128 capture=0.000 score=0.000 pol=-0.0025 val=0.0405 ent=1.5467 tot=+0.0031 agnorm=0.079 cgnorm=0.128 kl=0.0029 clipf=0.030 ev=+0.399 r0=1.0000 entcoef=9.45e-03 lr=6.6e-04 seed=0
iter=  39 step= 128000 ep_ret=-224.023 opt_ret=-224.023 step_rew=-2.2402 opt_step=-2.2402 gap0=224.023 dret=+41.817 eval_ret=n/a pursuer_target_distance=2.230 capture=0.000 score=0.000 pol=-0.0022 val=0.0635 ent=1.5475 tot=+0.0149 agnorm=0.055 cgnorm=0.159 kl=0.0027 clipf=0.019 ev=+0.448 r0=1.0000 entcoef=9.44e-03 lr=6.6e-04 seed=0
iter=  40 step= 131200 ep_ret=-217.920 opt_ret=-217.920 step_rew=-2.1792 opt_step=-2.1792 gap0=217.920 dret=+47.920 eval_ret=-116.965 pursuer_target_distance=2.207 capture=0.004 score=0.001 pol=-0.0011 val=0.0491 ent=1.5381 tot=+0.0090 agnorm=0.037 cgnorm=0.146 kl=0.0016 clipf=0.009 ev=+0.581 r0=1.0000 entcoef=9.42e-03 lr=6.6e-04 seed=0
iter=  41 step= 134400 ep_ret=-199.392 opt_ret=-199.392 step_rew=-1.9939 opt_step=-1.9939 gap0=199.392 dret=+66.448 eval_ret=n/a pursuer_target_distance=1.996 capture=0.001 score=0.000 pol=-0.0017 val=0.0319 ent=1.5295 tot=-0.0001 agnorm=0.048 cgnorm=0.130 kl=0.0018 clipf=0.009 ev=+0.636 r0=1.0000 entcoef=9.41e-03 lr=6.5e-04 seed=0
iter=  42 step= 137600 ep_ret=-259.737 opt_ret=-259.737 step_rew=-2.5974 opt_step=-2.5974 gap0=259.737 dret=+6.103 eval_ret=n/a pursuer_target_distance=2.587 capture=0.000 score=0.000 pol=-0.0024 val=0.0891 ent=1.5238 tot=+0.0279 agnorm=0.070 cgnorm=0.192 kl=0.0025 clipf=0.020 ev=+0.163 r0=1.0000 entcoef=9.39e-03 lr=6.5e-04 seed=0
iter=  43 step= 140800 ep_ret=-228.606 opt_ret=-228.606 step_rew=-2.2861 opt_step=-2.2861 gap0=228.606 dret=+37.234 eval_ret=n/a pursuer_target_distance=2.276 capture=0.000 score=0.000 pol=-0.0012 val=0.0429 ent=1.5416 tot=+0.0057 agnorm=0.050 cgnorm=0.128 kl=0.0029 clipf=0.030 ev=+0.528 r0=1.0000 entcoef=9.38e-03 lr=6.5e-04 seed=0
iter=  44 step= 144000 ep_ret=-204.679 opt_ret=-204.679 step_rew=-2.0468 opt_step=-2.0468 gap0=204.679 dret=+61.160 eval_ret=n/a pursuer_target_distance=2.037 capture=0.000 score=0.000 pol=-0.0019 val=0.0461 ent=1.5428 tot=+0.0067 agnorm=0.061 cgnorm=0.125 kl=0.0029 clipf=0.025 ev=+0.621 r0=1.0000 entcoef=9.37e-03 lr=6.5e-04 seed=0
iter=  45 step= 147200 ep_ret=-213.286 opt_ret=-213.286 step_rew=-2.1329 opt_step=-2.1329 gap0=213.286 dret=+52.554 eval_ret=n/a pursuer_target_distance=2.142 capture=0.002 score=0.001 pol=-0.0024 val=0.0518 ent=1.5399 tot=+0.0091 agnorm=0.058 cgnorm=0.138 kl=0.0034 clipf=0.034 ev=+0.431 r0=1.0000 entcoef=9.35e-03 lr=6.5e-04 seed=0
iter=  46 step= 150400 ep_ret=-243.886 opt_ret=-243.886 step_rew=-2.4389 opt_step=-2.4389 gap0=243.886 dret=+21.954 eval_ret=n/a pursuer_target_distance=2.435 capture=0.001 score=0.000 pol=-0.0017 val=0.0500 ent=1.5465 tot=+0.0089 agnorm=0.073 cgnorm=0.148 kl=0.0023 clipf=0.020 ev=+0.266 r0=1.0000 entcoef=9.34e-03 lr=6.5e-04 seed=0
iter=  47 step= 153600 ep_ret=-222.407 opt_ret=-222.407 step_rew=-2.2241 opt_step=-2.2241 gap0=222.407 dret=+43.432 eval_ret=n/a pursuer_target_distance=2.214 capture=0.000 score=0.000 pol=-0.0021 val=0.0461 ent=1.5378 tot=+0.0066 agnorm=0.077 cgnorm=0.127 kl=0.0030 clipf=0.029 ev=+0.415 r0=1.0000 entcoef=9.32e-03 lr=6.5e-04 seed=0
iter=  48 step= 156800 ep_ret=-202.527 opt_ret=-202.527 step_rew=-2.0253 opt_step=-2.0253 gap0=202.527 dret=+63.313 eval_ret=n/a pursuer_target_distance=2.056 capture=0.004 score=0.001 pol=-0.0013 val=0.0453 ent=1.5496 tot=+0.0069 agnorm=0.052 cgnorm=0.126 kl=0.0026 clipf=0.022 ev=+0.525 r0=1.0000 entcoef=9.31e-03 lr=6.5e-04 seed=0
iter=  49 step= 160000 ep_ret=-289.929 opt_ret=-289.929 step_rew=-2.8993 opt_step=-2.8993 gap0=289.929 dret=-24.089 eval_ret=n/a pursuer_target_distance=2.889 capture=0.000 score=0.000 pol=-0.0020 val=0.0652 ent=1.5547 tot=+0.0162 agnorm=0.058 cgnorm=0.147 kl=0.0023 clipf=0.016 ev=+0.580 r0=1.0000 entcoef=9.29e-03 lr=6.5e-04 seed=0
iter=  50 step= 163200 ep_ret=-218.245 opt_ret=-218.245 step_rew=-2.1824 opt_step=-2.1824 gap0=218.245 dret=+47.595 eval_ret=n/a pursuer_target_distance=2.260 capture=0.009 score=0.003 pol=-0.0011 val=0.0719 ent=1.5455 tot=+0.0205 agnorm=0.034 cgnorm=0.116 kl=0.0016 clipf=0.007 ev=+0.481 r0=1.0000 entcoef=9.28e-03 lr=6.4e-04 seed=0
iter=  51 step= 166400 ep_ret=-236.218 opt_ret=-236.218 step_rew=-2.3622 opt_step=-2.3622 gap0=236.218 dret=+29.621 eval_ret=n/a pursuer_target_distance=2.496 capture=0.014 score=0.004 pol=-0.0014 val=0.0846 ent=1.5494 tot=+0.0266 agnorm=0.042 cgnorm=0.163 kl=0.0012 clipf=0.009 ev=+0.489 r0=1.0000 entcoef=9.26e-03 lr=6.4e-04 seed=0
iter=  52 step= 169600 ep_ret=-244.939 opt_ret=-244.939 step_rew=-2.4494 opt_step=-2.4494 gap0=244.939 dret=+20.901 eval_ret=n/a pursuer_target_distance=2.461 capture=0.002 score=0.001 pol=-0.0023 val=0.0306 ent=1.5431 tot=-0.0013 agnorm=0.085 cgnorm=0.109 kl=0.0033 clipf=0.038 ev=+0.759 r0=1.0000 entcoef=9.25e-03 lr=6.4e-04 seed=0
iter=  53 step= 172800 ep_ret=-264.293 opt_ret=-264.293 step_rew=-2.6429 opt_step=-2.6429 gap0=264.293 dret=+1.546 eval_ret=n/a pursuer_target_distance=2.639 capture=0.001 score=0.000 pol=-0.0017 val=0.0629 ent=1.5363 tot=+0.0156 agnorm=0.052 cgnorm=0.133 kl=0.0029 clipf=0.019 ev=+0.547 r0=1.0000 entcoef=9.24e-03 lr=6.4e-04 seed=0
iter=  54 step= 176000 ep_ret=-263.804 opt_ret=-263.804 step_rew=-2.6380 opt_step=-2.6380 gap0=263.804 dret=+2.035 eval_ret=n/a pursuer_target_distance=2.628 capture=0.000 score=0.000 pol=-0.0021 val=0.0500 ent=1.5383 tot=+0.0087 agnorm=0.054 cgnorm=0.146 kl=0.0021 clipf=0.013 ev=+0.590 r0=1.0000 entcoef=9.22e-03 lr=6.4e-04 seed=0
iter=  55 step= 179200 ep_ret=-204.460 opt_ret=-204.460 step_rew=-2.0446 opt_step=-2.0446 gap0=204.460 dret=+61.380 eval_ret=n/a pursuer_target_distance=2.035 capture=0.000 score=0.000 pol=-0.0017 val=0.0403 ent=1.5372 tot=+0.0043 agnorm=0.054 cgnorm=0.144 kl=0.0017 clipf=0.009 ev=+0.539 r0=1.0000 entcoef=9.21e-03 lr=6.4e-04 seed=0
iter=  56 step= 182400 ep_ret=-209.708 opt_ret=-209.708 step_rew=-2.0971 opt_step=-2.0971 gap0=209.708 dret=+56.132 eval_ret=n/a pursuer_target_distance=2.100 capture=0.001 score=0.000 pol=-0.0028 val=0.0349 ent=1.5182 tot=+0.0007 agnorm=0.060 cgnorm=0.140 kl=0.0026 clipf=0.019 ev=+0.460 r0=1.0000 entcoef=9.19e-03 lr=6.4e-04 seed=0
iter=  57 step= 185600 ep_ret=-220.069 opt_ret=-220.069 step_rew=-2.2007 opt_step=-2.2007 gap0=220.069 dret=+45.771 eval_ret=n/a pursuer_target_distance=2.191 capture=0.000 score=0.000 pol=-0.0019 val=0.0386 ent=1.5101 tot=+0.0036 agnorm=0.051 cgnorm=0.099 kl=0.0029 clipf=0.024 ev=+0.674 r0=1.0000 entcoef=9.18e-03 lr=6.4e-04 seed=0
iter=  58 step= 188800 ep_ret=-206.934 opt_ret=-206.934 step_rew=-2.0693 opt_step=-2.0693 gap0=206.934 dret=+58.906 eval_ret=n/a pursuer_target_distance=2.059 capture=0.000 score=0.000 pol=-0.0016 val=0.0245 ent=1.4980 tot=-0.0031 agnorm=0.054 cgnorm=0.097 kl=0.0021 clipf=0.017 ev=+0.668 r0=1.0000 entcoef=9.16e-03 lr=6.4e-04 seed=0
iter=  59 step= 192000 ep_ret=-251.467 opt_ret=-251.467 step_rew=-2.5147 opt_step=-2.5147 gap0=251.467 dret=+14.372 eval_ret=n/a pursuer_target_distance=2.505 capture=0.000 score=0.000 pol=-0.0018 val=0.0408 ent=1.5034 tot=+0.0048 agnorm=0.058 cgnorm=0.109 kl=0.0027 clipf=0.025 ev=+0.663 r0=1.0000 entcoef=9.15e-03 lr=6.3e-04 seed=0
iter=  60 step= 195200 ep_ret=-275.794 opt_ret=-275.794 step_rew=-2.7579 opt_step=-2.7579 gap0=275.794 dret=-9.955 eval_ret=-111.008 pursuer_target_distance=2.748 capture=0.000 score=0.000 pol=-0.0020 val=0.0545 ent=1.4917 tot=+0.0117 agnorm=0.046 cgnorm=0.135 kl=0.0027 clipf=0.021 ev=+0.601 r0=1.0000 entcoef=9.13e-03 lr=6.3e-04 seed=0
iter=  61 step= 198400 ep_ret=-202.303 opt_ret=-202.303 step_rew=-2.0230 opt_step=-2.0230 gap0=202.303 dret=+63.536 eval_ret=n/a pursuer_target_distance=2.057 capture=0.004 score=0.001 pol=-0.0012 val=0.0443 ent=1.4970 tot=+0.0073 agnorm=0.043 cgnorm=0.121 kl=0.0019 clipf=0.015 ev=+0.432 r0=1.0000 entcoef=9.12e-03 lr=6.3e-04 seed=0
iter=  62 step= 201600 ep_ret=-240.060 opt_ret=-240.060 step_rew=-2.4006 opt_step=-2.4006 gap0=240.060 dret=+25.780 eval_ret=n/a pursuer_target_distance=2.397 capture=0.001 score=0.000 pol=-0.0025 val=0.0572 ent=1.4922 tot=+0.0125 agnorm=0.061 cgnorm=0.115 kl=0.0027 clipf=0.029 ev=+0.423 r0=1.0000 entcoef=9.11e-03 lr=6.3e-04 seed=0
iter=  63 step= 204800 ep_ret=-216.205 opt_ret=-216.205 step_rew=-2.1620 opt_step=-2.1620 gap0=216.205 dret=+49.635 eval_ret=n/a pursuer_target_distance=2.168 capture=0.002 score=0.000 pol=-0.0035 val=0.0455 ent=1.4760 tot=+0.0058 agnorm=0.093 cgnorm=0.111 kl=0.0045 clipf=0.052 ev=+0.531 r0=1.0000 entcoef=9.09e-03 lr=6.3e-04 seed=0
iter=  64 step= 208000 ep_ret=-241.036 opt_ret=-241.036 step_rew=-2.4104 opt_step=-2.4104 gap0=241.036 dret=+24.804 eval_ret=n/a pursuer_target_distance=2.400 capture=0.000 score=0.000 pol=-0.0021 val=0.0579 ent=1.4810 tot=+0.0134 agnorm=0.063 cgnorm=0.148 kl=0.0034 clipf=0.034 ev=+0.427 r0=1.0000 entcoef=9.08e-03 lr=6.3e-04 seed=0
iter=  65 step= 211200 ep_ret=-218.934 opt_ret=-218.934 step_rew=-2.1893 opt_step=-2.1893 gap0=218.934 dret=+46.905 eval_ret=n/a pursuer_target_distance=2.182 capture=0.000 score=0.000 pol=-0.0015 val=0.0470 ent=1.4766 tot=+0.0086 agnorm=0.051 cgnorm=0.136 kl=0.0020 clipf=0.011 ev=+0.546 r0=1.0000 entcoef=9.06e-03 lr=6.3e-04 seed=0
iter=  66 step= 214400 ep_ret=-216.785 opt_ret=-216.785 step_rew=-2.1679 opt_step=-2.1679 gap0=216.785 dret=+49.055 eval_ret=n/a pursuer_target_distance=2.158 capture=0.000 score=0.000 pol=-0.0016 val=0.0409 ent=1.4798 tot=+0.0055 agnorm=0.064 cgnorm=0.103 kl=0.0029 clipf=0.027 ev=+0.525 r0=1.0000 entcoef=9.05e-03 lr=6.3e-04 seed=0
iter=  67 step= 217600 ep_ret=-244.087 opt_ret=-244.087 step_rew=-2.4409 opt_step=-2.4409 gap0=244.087 dret=+21.753 eval_ret=n/a pursuer_target_distance=2.431 capture=0.000 score=0.000 pol=-0.0020 val=0.0555 ent=1.4724 tot=+0.0125 agnorm=0.064 cgnorm=0.124 kl=0.0024 clipf=0.017 ev=+0.543 r0=1.0000 entcoef=9.03e-03 lr=6.3e-04 seed=0
iter=  68 step= 220800 ep_ret=-230.048 opt_ret=-230.048 step_rew=-2.3005 opt_step=-2.3005 gap0=230.048 dret=+35.792 eval_ret=n/a pursuer_target_distance=2.362 capture=0.007 score=0.002 pol=-0.0012 val=0.0717 ent=1.4637 tot=+0.0215 agnorm=0.053 cgnorm=0.145 kl=0.0023 clipf=0.015 ev=+0.409 r0=1.0000 entcoef=9.02e-03 lr=6.2e-04 seed=0
iter=  69 step= 224000 ep_ret=-244.271 opt_ret=-244.271 step_rew=-2.4427 opt_step=-2.4427 gap0=244.271 dret=+21.569 eval_ret=n/a pursuer_target_distance=2.439 capture=0.001 score=0.000 pol=-0.0018 val=0.0530 ent=1.4737 tot=+0.0114 agnorm=0.057 cgnorm=0.120 kl=0.0030 clipf=0.030 ev=+0.349 r0=1.0000 entcoef=9.00e-03 lr=6.2e-04 seed=0
iter=  70 step= 227200 ep_ret=-216.322 opt_ret=-216.322 step_rew=-2.1632 opt_step=-2.1632 gap0=216.322 dret=+49.518 eval_ret=n/a pursuer_target_distance=2.181 capture=0.003 score=0.001 pol=-0.0013 val=0.0734 ent=1.4595 tot=+0.0223 agnorm=0.042 cgnorm=0.137 kl=0.0017 clipf=0.014 ev=+0.459 r0=1.0000 entcoef=8.99e-03 lr=6.2e-04 seed=0
iter=  71 step= 230400 ep_ret=-243.750 opt_ret=-243.750 step_rew=-2.4375 opt_step=-2.4375 gap0=243.750 dret=+22.089 eval_ret=n/a pursuer_target_distance=2.487 capture=0.006 score=0.002 pol=-0.0026 val=0.0623 ent=1.4482 tot=+0.0155 agnorm=0.075 cgnorm=0.101 kl=0.0036 clipf=0.037 ev=+0.317 r0=1.0000 entcoef=8.98e-03 lr=6.2e-04 seed=0
iter=  72 step= 233600 ep_ret=-217.538 opt_ret=-217.538 step_rew=-2.1754 opt_step=-2.1754 gap0=217.538 dret=+48.302 eval_ret=n/a pursuer_target_distance=2.190 capture=0.003 score=0.001 pol=-0.0024 val=0.0697 ent=1.4598 tot=+0.0193 agnorm=0.057 cgnorm=0.154 kl=0.0019 clipf=0.013 ev=+0.297 r0=1.0000 entcoef=8.96e-03 lr=6.2e-04 seed=0
iter=  73 step= 236800 ep_ret=-209.310 opt_ret=-209.310 step_rew=-2.0931 opt_step=-2.0931 gap0=209.310 dret=+56.530 eval_ret=n/a pursuer_target_distance=2.083 capture=0.000 score=0.000 pol=-0.0023 val=0.0350 ent=1.4628 tot=+0.0021 agnorm=0.068 cgnorm=0.105 kl=0.0039 clipf=0.038 ev=+0.608 r0=1.0000 entcoef=8.95e-03 lr=6.2e-04 seed=0
iter=  74 step= 240000 ep_ret=-216.110 opt_ret=-216.110 step_rew=-2.1611 opt_step=-2.1611 gap0=216.110 dret=+49.730 eval_ret=n/a pursuer_target_distance=2.151 capture=0.000 score=0.000 pol=-0.0017 val=0.0442 ent=1.4592 tot=+0.0074 agnorm=0.061 cgnorm=0.116 kl=0.0023 clipf=0.019 ev=+0.641 r0=1.0000 entcoef=8.93e-03 lr=6.2e-04 seed=0
iter=  75 step= 243200 ep_ret=-223.875 opt_ret=-223.875 step_rew=-2.2387 opt_step=-2.2387 gap0=223.875 dret=+41.965 eval_ret=n/a pursuer_target_distance=2.229 capture=0.000 score=0.000 pol=-0.0019 val=0.0451 ent=1.4592 tot=+0.0077 agnorm=0.057 cgnorm=0.136 kl=0.0026 clipf=0.019 ev=+0.365 r0=1.0000 entcoef=8.92e-03 lr=6.2e-04 seed=0
iter=  76 step= 246400 ep_ret=-195.136 opt_ret=-195.136 step_rew=-1.9514 opt_step=-1.9514 gap0=195.136 dret=+70.703 eval_ret=n/a pursuer_target_distance=1.966 capture=0.003 score=0.001 pol=-0.0015 val=0.0553 ent=1.4569 tot=+0.0132 agnorm=0.045 cgnorm=0.119 kl=0.0014 clipf=0.006 ev=+0.533 r0=1.0000 entcoef=8.90e-03 lr=6.2e-04 seed=0
iter=  77 step= 249600 ep_ret=-202.690 opt_ret=-202.690 step_rew=-2.0269 opt_step=-2.0269 gap0=202.690 dret=+63.150 eval_ret=n/a pursuer_target_distance=2.070 capture=0.005 score=0.002 pol=-0.0019 val=0.0659 ent=1.4669 tot=+0.0181 agnorm=0.059 cgnorm=0.107 kl=0.0020 clipf=0.017 ev=+0.458 r0=1.0000 entcoef=8.89e-03 lr=6.1e-04 seed=0
iter=  78 step= 252800 ep_ret=-259.414 opt_ret=-259.414 step_rew=-2.5941 opt_step=-2.5941 gap0=259.414 dret=+6.426 eval_ret=n/a pursuer_target_distance=2.615 capture=0.003 score=0.001 pol=-0.0025 val=0.0575 ent=1.4586 tot=+0.0133 agnorm=0.080 cgnorm=0.099 kl=0.0031 clipf=0.034 ev=+0.498 r0=1.0000 entcoef=8.88e-03 lr=6.1e-04 seed=0
iter=  79 step= 256000 ep_ret=-248.073 opt_ret=-248.073 step_rew=-2.4807 opt_step=-2.4807 gap0=248.073 dret=+17.767 eval_ret=n/a pursuer_target_distance=2.471 capture=0.000 score=0.000 pol=-0.0017 val=0.0741 ent=1.4611 tot=+0.0224 agnorm=0.054 cgnorm=0.125 kl=0.0019 clipf=0.010 ev=+0.536 r0=1.0000 entcoef=8.86e-03 lr=6.1e-04 seed=0
iter=  80 step= 259200 ep_ret=-197.250 opt_ret=-197.250 step_rew=-1.9725 opt_step=-1.9725 gap0=197.250 dret=+68.590 eval_ret=-106.431 pursuer_target_distance=1.975 capture=0.001 score=0.000 pol=-0.0017 val=0.0294 ent=1.4583 tot=+0.0001 agnorm=0.056 cgnorm=0.101 kl=0.0022 clipf=0.018 ev=+0.687 r0=1.0000 entcoef=8.85e-03 lr=6.1e-04 seed=0
iter=  81 step= 262400 ep_ret=-207.432 opt_ret=-207.432 step_rew=-2.0743 opt_step=-2.0743 gap0=207.432 dret=+58.408 eval_ret=n/a pursuer_target_distance=2.096 capture=0.003 score=0.001 pol=-0.0018 val=0.0587 ent=1.4883 tot=+0.0145 agnorm=0.062 cgnorm=0.114 kl=0.0023 clipf=0.017 ev=+0.605 r0=1.0000 entcoef=8.83e-03 lr=6.1e-04 seed=0
iter=  82 step= 265600 ep_ret=-206.781 opt_ret=-206.781 step_rew=-2.0678 opt_step=-2.0678 gap0=206.781 dret=+59.059 eval_ret=n/a pursuer_target_distance=2.192 capture=0.013 score=0.004 pol=-0.0023 val=0.0963 ent=1.5003 tot=+0.0326 agnorm=0.069 cgnorm=0.133 kl=0.0030 clipf=0.030 ev=+0.444 r0=1.0000 entcoef=8.82e-03 lr=6.1e-04 seed=0
iter=  83 step= 268800 ep_ret=-207.339 opt_ret=-207.339 step_rew=-2.0734 opt_step=-2.0734 gap0=207.339 dret=+58.500 eval_ret=n/a pursuer_target_distance=2.076 capture=0.001 score=0.000 pol=-0.0014 val=0.0523 ent=1.5024 tot=+0.0115 agnorm=0.053 cgnorm=0.102 kl=0.0025 clipf=0.023 ev=+0.580 r0=1.0000 entcoef=8.80e-03 lr=6.1e-04 seed=0
iter=  84 step= 272000 ep_ret=-212.208 opt_ret=-212.208 step_rew=-2.1221 opt_step=-2.1221 gap0=212.208 dret=+53.631 eval_ret=n/a pursuer_target_distance=2.121 capture=0.001 score=0.000 pol=-0.0020 val=0.0507 ent=1.4935 tot=+0.0103 agnorm=0.053 cgnorm=0.127 kl=0.0017 clipf=0.010 ev=+0.622 r0=1.0000 entcoef=8.79e-03 lr=6.1e-04 seed=0
iter=  85 step= 275200 ep_ret=-213.757 opt_ret=-213.757 step_rew=-2.1376 opt_step=-2.1376 gap0=213.757 dret=+52.082 eval_ret=n/a pursuer_target_distance=2.128 capture=0.000 score=0.000 pol=-0.0015 val=0.0562 ent=1.4759 tot=+0.0137 agnorm=0.052 cgnorm=0.109 kl=0.0029 clipf=0.023 ev=+0.585 r0=1.0000 entcoef=8.77e-03 lr=6.1e-04 seed=0
iter=  86 step= 278400 ep_ret=-194.847 opt_ret=-194.847 step_rew=-1.9485 opt_step=-1.9485 gap0=194.847 dret=+70.992 eval_ret=n/a pursuer_target_distance=2.092 capture=0.015 score=0.005 pol=-0.0020 val=0.1081 ent=1.4953 tot=+0.0390 agnorm=0.057 cgnorm=0.136 kl=0.0019 clipf=0.012 ev=+0.392 r0=1.0000 entcoef=8.76e-03 lr=6.0e-04 seed=0
iter=  87 step= 281600 ep_ret=-167.402 opt_ret=-167.402 step_rew=-1.6740 opt_step=-1.6740 gap0=167.402 dret=+98.438 eval_ret=n/a pursuer_target_distance=1.817 capture=0.015 score=0.005 pol=-0.0017 val=0.0867 ent=1.5083 tot=+0.0285 agnorm=0.051 cgnorm=0.131 kl=0.0027 clipf=0.023 ev=+0.516 r0=1.0000 entcoef=8.75e-03 lr=6.0e-04 seed=0
iter=  88 step= 284800 ep_ret=-263.204 opt_ret=-263.204 step_rew=-2.6320 opt_step=-2.6320 gap0=263.204 dret=+2.635 eval_ret=n/a pursuer_target_distance=2.641 capture=0.002 score=0.001 pol=-0.0018 val=0.0822 ent=1.5002 tot=+0.0262 agnorm=0.052 cgnorm=0.157 kl=0.0022 clipf=0.014 ev=+0.507 r0=1.0000 entcoef=8.73e-03 lr=6.0e-04 seed=0
iter=  89 step= 288000 ep_ret=-211.198 opt_ret=-211.198 step_rew=-2.1120 opt_step=-2.1120 gap0=211.198 dret=+54.642 eval_ret=n/a pursuer_target_distance=2.121 capture=0.002 score=0.001 pol=-0.0021 val=0.0607 ent=1.5036 tot=+0.0151 agnorm=0.061 cgnorm=0.119 kl=0.0026 clipf=0.025 ev=+0.382 r0=1.0000 entcoef=8.72e-03 lr=6.0e-04 seed=0
iter=  90 step= 291200 ep_ret=-177.002 opt_ret=-177.002 step_rew=-1.7700 opt_step=-1.7700 gap0=177.002 dret=+88.837 eval_ret=n/a pursuer_target_distance=1.760 capture=0.000 score=0.000 pol=-0.0017 val=0.0349 ent=1.4882 tot=+0.0028 agnorm=0.044 cgnorm=0.093 kl=0.0021 clipf=0.011 ev=+0.667 r0=1.0000 entcoef=8.70e-03 lr=6.0e-04 seed=0
iter=  91 step= 294400 ep_ret=-233.424 opt_ret=-233.424 step_rew=-2.3342 opt_step=-2.3342 gap0=233.424 dret=+32.416 eval_ret=n/a pursuer_target_distance=2.324 capture=0.000 score=0.000 pol=-0.0013 val=0.0504 ent=1.4848 tot=+0.0110 agnorm=0.035 cgnorm=0.104 kl=0.0019 clipf=0.012 ev=+0.587 r0=1.0000 entcoef=8.69e-03 lr=6.0e-04 seed=0
iter=  92 step= 297600 ep_ret=-223.540 opt_ret=-223.540 step_rew=-2.2354 opt_step=-2.2354 gap0=223.540 dret=+42.300 eval_ret=n/a pursuer_target_distance=2.275 capture=0.005 score=0.002 pol=-0.0020 val=0.0637 ent=1.4784 tot=+0.0170 agnorm=0.054 cgnorm=0.118 kl=0.0019 clipf=0.017 ev=+0.362 r0=1.0000 entcoef=8.67e-03 lr=6.0e-04 seed=0
iter=  93 step= 300800 ep_ret=-208.741 opt_ret=-208.741 step_rew=-2.0874 opt_step=-2.0874 gap0=208.741 dret=+57.099 eval_ret=n/a pursuer_target_distance=2.152 capture=0.007 score=0.002 pol=-0.0021 val=0.0810 ent=1.4799 tot=+0.0256 agnorm=0.079 cgnorm=0.116 kl=0.0034 clipf=0.036 ev=+0.385 r0=1.0000 entcoef=8.66e-03 lr=6.0e-04 seed=0
iter=  94 step= 304000 ep_ret=-214.243 opt_ret=-214.243 step_rew=-2.1424 opt_step=-2.1424 gap0=214.243 dret=+51.597 eval_ret=n/a pursuer_target_distance=2.132 capture=0.000 score=0.000 pol=-0.0019 val=0.0531 ent=1.4613 tot=+0.0120 agnorm=0.058 cgnorm=0.094 kl=0.0032 clipf=0.030 ev=+0.515 r0=1.0000 entcoef=8.64e-03 lr=6.0e-04 seed=0
iter=  95 step= 307200 ep_ret=-214.680 opt_ret=-214.680 step_rew=-2.1468 opt_step=-2.1468 gap0=214.680 dret=+51.159 eval_ret=n/a pursuer_target_distance=2.171 capture=0.003 score=0.001 pol=-0.0019 val=0.0478 ent=1.4589 tot=+0.0094 agnorm=0.056 cgnorm=0.109 kl=0.0025 clipf=0.021 ev=+0.385 r0=1.0000 entcoef=8.63e-03 lr=5.9e-04 seed=0
iter=  96 step= 310400 ep_ret=-181.204 opt_ret=-181.204 step_rew=-1.8120 opt_step=-1.8120 gap0=181.204 dret=+84.635 eval_ret=n/a pursuer_target_distance=1.802 capture=0.000 score=0.000 pol=-0.0020 val=0.0330 ent=1.4675 tot=+0.0018 agnorm=0.055 cgnorm=0.088 kl=0.0027 clipf=0.022 ev=+0.671 r0=1.0000 entcoef=8.62e-03 lr=5.9e-04 seed=0
iter=  97 step= 313600 ep_ret=-209.381 opt_ret=-209.381 step_rew=-2.0938 opt_step=-2.0938 gap0=209.381 dret=+56.459 eval_ret=n/a pursuer_target_distance=2.093 capture=0.001 score=0.000 pol=-0.0026 val=0.0565 ent=1.4901 tot=+0.0129 agnorm=0.060 cgnorm=0.107 kl=0.0031 clipf=0.027 ev=+0.629 r0=1.0000 entcoef=8.60e-03 lr=5.9e-04 seed=0
iter=  98 step= 316800 ep_ret=-184.169 opt_ret=-184.169 step_rew=-1.8417 opt_step=-1.8417 gap0=184.169 dret=+81.671 eval_ret=n/a pursuer_target_distance=1.832 capture=0.000 score=0.000 pol=-0.0019 val=0.0430 ent=1.4811 tot=+0.0069 agnorm=0.055 cgnorm=0.111 kl=0.0030 clipf=0.032 ev=+0.466 r0=1.0000 entcoef=8.59e-03 lr=5.9e-04 seed=0
iter=  99 step= 320000 ep_ret=-156.560 opt_ret=-156.560 step_rew=-1.5656 opt_step=-1.5656 gap0=156.560 dret=+109.280 eval_ret=n/a pursuer_target_distance=1.609 capture=0.005 score=0.002 pol=-0.0017 val=0.0628 ent=1.4787 tot=+0.0170 agnorm=0.048 cgnorm=0.113 kl=0.0022 clipf=0.017 ev=+0.484 r0=1.0000 entcoef=8.57e-03 lr=5.9e-04 seed=0
iter= 100 step= 323200 ep_ret=-187.675 opt_ret=-187.675 step_rew=-1.8768 opt_step=-1.8768 gap0=187.675 dret=+78.164 eval_ret=-100.386 pursuer_target_distance=1.873 capture=0.001 score=0.000 pol=-0.0023 val=0.0576 ent=1.4576 tot=+0.0140 agnorm=0.056 cgnorm=0.101 kl=0.0038 clipf=0.042 ev=+0.437 r0=1.0000 entcoef=8.56e-03 lr=5.9e-04 seed=0
iter= 101 step= 326400 ep_ret=-244.358 opt_ret=-244.358 step_rew=-2.4436 opt_step=-2.4436 gap0=244.358 dret=+21.481 eval_ret=n/a pursuer_target_distance=2.434 capture=0.000 score=0.000 pol=-0.0017 val=0.0812 ent=1.4676 tot=+0.0263 agnorm=0.048 cgnorm=0.125 kl=0.0019 clipf=0.011 ev=+0.446 r0=1.0000 entcoef=8.54e-03 lr=5.9e-04 seed=0
iter= 102 step= 329600 ep_ret=-167.787 opt_ret=-167.787 step_rew=-1.6779 opt_step=-1.6779 gap0=167.787 dret=+98.053 eval_ret=n/a pursuer_target_distance=1.668 capture=0.000 score=0.000 pol=-0.0025 val=0.0316 ent=1.4435 tot=+0.0010 agnorm=0.068 cgnorm=0.107 kl=0.0035 clipf=0.039 ev=+0.515 r0=1.0000 entcoef=8.53e-03 lr=5.9e-04 seed=0
iter= 103 step= 332800 ep_ret=-225.335 opt_ret=-225.335 step_rew=-2.2534 opt_step=-2.2534 gap0=225.335 dret=+40.505 eval_ret=n/a pursuer_target_distance=2.243 capture=0.000 score=0.000 pol=-0.0015 val=0.0717 ent=1.4529 tot=+0.0220 agnorm=0.053 cgnorm=0.105 kl=0.0025 clipf=0.021 ev=+0.387 r0=1.0000 entcoef=8.51e-03 lr=5.9e-04 seed=0
iter= 104 step= 336000 ep_ret=-183.707 opt_ret=-183.707 step_rew=-1.8371 opt_step=-1.8371 gap0=183.707 dret=+82.133 eval_ret=n/a pursuer_target_distance=1.865 capture=0.004 score=0.001 pol=-0.0014 val=0.0865 ent=1.4379 tot=+0.0296 agnorm=0.048 cgnorm=0.131 kl=0.0015 clipf=0.010 ev=+0.506 r0=1.0000 entcoef=8.50e-03 lr=5.9e-04 seed=0
iter= 105 step= 339200 ep_ret=-188.157 opt_ret=-188.157 step_rew=-1.8816 opt_step=-1.8816 gap0=188.157 dret=+77.682 eval_ret=n/a pursuer_target_distance=1.997 capture=0.013 score=0.004 pol=-0.0022 val=0.1108 ent=1.4488 tot=+0.0409 agnorm=0.068 cgnorm=0.139 kl=0.0023 clipf=0.022 ev=+0.265 r0=1.0000 entcoef=8.49e-03 lr=5.8e-04 seed=0
iter= 106 step= 342400 ep_ret=-238.662 opt_ret=-238.662 step_rew=-2.3866 opt_step=-2.3866 gap0=238.662 dret=+27.178 eval_ret=n/a pursuer_target_distance=2.377 capture=0.000 score=0.000 pol=-0.0025 val=0.0584 ent=1.4402 tot=+0.0145 agnorm=0.069 cgnorm=0.115 kl=0.0029 clipf=0.029 ev=+0.300 r0=1.0000 entcoef=8.47e-03 lr=5.8e-04 seed=0
iter= 107 step= 345600 ep_ret=-223.587 opt_ret=-223.587 step_rew=-2.2359 opt_step=-2.2359 gap0=223.587 dret=+42.253 eval_ret=n/a pursuer_target_distance=2.235 capture=0.001 score=0.000 pol=-0.0025 val=0.0533 ent=1.4395 tot=+0.0119 agnorm=0.065 cgnorm=0.112 kl=0.0036 clipf=0.034 ev=+0.336 r0=1.0000 entcoef=8.46e-03 lr=5.8e-04 seed=0
iter= 108 step= 348800 ep_ret=-172.805 opt_ret=-172.805 step_rew=-1.7280 opt_step=-1.7280 gap0=172.805 dret=+93.035 eval_ret=n/a pursuer_target_distance=1.746 capture=0.003 score=0.001 pol=-0.0022 val=0.0789 ent=1.4337 tot=+0.0251 agnorm=0.067 cgnorm=0.133 kl=0.0032 clipf=0.032 ev=+0.350 r0=1.0000 entcoef=8.44e-03 lr=5.8e-04 seed=0
iter= 109 step= 352000 ep_ret=-208.275 opt_ret=-208.275 step_rew=-2.0827 opt_step=-2.0827 gap0=208.275 dret=+57.565 eval_ret=n/a pursuer_target_distance=2.091 capture=0.002 score=0.001 pol=-0.0019 val=0.0570 ent=1.4140 tot=+0.0147 agnorm=0.059 cgnorm=0.141 kl=0.0033 clipf=0.034 ev=+0.534 r0=1.0000 entcoef=8.43e-03 lr=5.8e-04 seed=0
iter= 110 step= 355200 ep_ret=-190.236 opt_ret=-190.236 step_rew=-1.9024 opt_step=-1.9024 gap0=190.236 dret=+75.603 eval_ret=n/a pursuer_target_distance=1.927 capture=0.003 score=0.001 pol=-0.0011 val=0.0829 ent=1.3929 tot=+0.0286 agnorm=0.043 cgnorm=0.137 kl=0.0016 clipf=0.007 ev=+0.529 r0=1.0000 entcoef=8.41e-03 lr=5.8e-04 seed=0
iter= 111 step= 358400 ep_ret=-205.206 opt_ret=-205.206 step_rew=-2.0521 opt_step=-2.0521 gap0=205.206 dret=+60.634 eval_ret=n/a pursuer_target_distance=2.083 capture=0.004 score=0.001 pol=-0.0025 val=0.0805 ent=1.3925 tot=+0.0261 agnorm=0.071 cgnorm=0.125 kl=0.0030 clipf=0.029 ev=+0.598 r0=1.0000 entcoef=8.40e-03 lr=5.8e-04 seed=0
iter= 112 step= 361600 ep_ret=-202.858 opt_ret=-202.858 step_rew=-2.0286 opt_step=-2.0286 gap0=202.858 dret=+62.982 eval_ret=n/a pursuer_target_distance=2.103 capture=0.008 score=0.003 pol=-0.0014 val=0.1289 ent=1.3887 tot=+0.0514 agnorm=0.060 cgnorm=0.143 kl=0.0028 clipf=0.027 ev=+0.455 r0=1.0000 entcoef=8.38e-03 lr=5.8e-04 seed=0
iter= 113 step= 364800 ep_ret=-183.090 opt_ret=-183.090 step_rew=-1.8309 opt_step=-1.8309 gap0=183.090 dret=+82.749 eval_ret=n/a pursuer_target_distance=1.908 capture=0.009 score=0.003 pol=-0.0023 val=0.1015 ent=1.4073 tot=+0.0366 agnorm=0.065 cgnorm=0.161 kl=0.0025 clipf=0.021 ev=+0.429 r0=1.0000 entcoef=8.37e-03 lr=5.8e-04 seed=0
iter= 114 step= 368000 ep_ret=-208.635 opt_ret=-208.635 step_rew=-2.0864 opt_step=-2.0864 gap0=208.635 dret=+57.205 eval_ret=n/a pursuer_target_distance=2.092 capture=0.002 score=0.001 pol=-0.0017 val=0.0993 ent=1.4217 tot=+0.0361 agnorm=0.064 cgnorm=0.148 kl=0.0031 clipf=0.034 ev=+0.291 r0=1.0000 entcoef=8.36e-03 lr=5.7e-04 seed=0
iter= 115 step= 371200 ep_ret=-189.030 opt_ret=-189.030 step_rew=-1.8903 opt_step=-1.8903 gap0=189.030 dret=+76.810 eval_ret=n/a pursuer_target_distance=1.974 capture=0.009 score=0.003 pol=-0.0024 val=0.0882 ent=1.4293 tot=+0.0298 agnorm=0.075 cgnorm=0.154 kl=0.0024 clipf=0.021 ev=+0.456 r0=1.0000 entcoef=8.34e-03 lr=5.7e-04 seed=0
iter= 116 step= 374400 ep_ret=-247.756 opt_ret=-247.756 step_rew=-2.4776 opt_step=-2.4776 gap0=247.756 dret=+18.084 eval_ret=n/a pursuer_target_distance=2.505 capture=0.004 score=0.001 pol=-0.0025 val=0.0971 ent=1.4474 tot=+0.0340 agnorm=0.073 cgnorm=0.139 kl=0.0027 clipf=0.022 ev=+0.569 r0=1.0000 entcoef=8.33e-03 lr=5.7e-04 seed=0
iter= 117 step= 377600 ep_ret=-180.900 opt_ret=-180.900 step_rew=-1.8090 opt_step=-1.8090 gap0=180.900 dret=+84.940 eval_ret=n/a pursuer_target_distance=1.811 capture=0.001 score=0.000 pol=-0.0024 val=0.0560 ent=1.4469 tot=+0.0136 agnorm=0.074 cgnorm=0.131 kl=0.0036 clipf=0.039 ev=+0.501 r0=1.0000 entcoef=8.31e-03 lr=5.7e-04 seed=0
iter= 118 step= 380800 ep_ret=-218.326 opt_ret=-218.326 step_rew=-2.1833 opt_step=-2.1833 gap0=218.326 dret=+47.514 eval_ret=n/a pursuer_target_distance=2.201 capture=0.003 score=0.001 pol=-0.0013 val=0.0736 ent=1.4420 tot=+0.0236 agnorm=0.049 cgnorm=0.112 kl=0.0017 clipf=0.009 ev=+0.576 r0=1.0000 entcoef=8.30e-03 lr=5.7e-04 seed=0
iter= 119 step= 384000 ep_ret=-188.753 opt_ret=-188.753 step_rew=-1.8875 opt_step=-1.8875 gap0=188.753 dret=+77.087 eval_ret=n/a pursuer_target_distance=1.924 capture=0.005 score=0.002 pol=-0.0019 val=0.0877 ent=1.4528 tot=+0.0299 agnorm=0.067 cgnorm=0.115 kl=0.0032 clipf=0.027 ev=+0.573 r0=1.0000 entcoef=8.28e-03 lr=5.7e-04 seed=0
iter= 120 step= 387200 ep_ret=-151.023 opt_ret=-151.023 step_rew=-1.5102 opt_step=-1.5102 gap0=151.023 dret=+114.817 eval_ret=-77.295 pursuer_target_distance=1.619 capture=0.012 score=0.005 pol=-0.0019 val=0.0746 ent=1.4566 tot=+0.0233 agnorm=0.058 cgnorm=0.145 kl=0.0024 clipf=0.018 ev=+0.541 r0=1.0000 entcoef=8.27e-03 lr=5.7e-04 seed=0
iter= 121 step= 390400 ep_ret=-202.059 opt_ret=-202.059 step_rew=-2.0206 opt_step=-2.0206 gap0=202.059 dret=+63.781 eval_ret=n/a pursuer_target_distance=2.032 capture=0.002 score=0.001 pol=-0.0015 val=0.0585 ent=1.4572 tot=+0.0158 agnorm=0.045 cgnorm=0.114 kl=0.0023 clipf=0.018 ev=+0.501 r0=1.0000 entcoef=8.25e-03 lr=5.7e-04 seed=0
iter= 122 step= 393600 ep_ret=-191.837 opt_ret=-191.837 step_rew=-1.9184 opt_step=-1.9184 gap0=191.837 dret=+74.003 eval_ret=n/a pursuer_target_distance=1.958 capture=0.005 score=0.002 pol=-0.0022 val=0.0847 ent=1.4475 tot=+0.0282 agnorm=0.063 cgnorm=0.120 kl=0.0028 clipf=0.027 ev=+0.530 r0=1.0000 entcoef=8.24e-03 lr=5.7e-04 seed=0
iter= 123 step= 396800 ep_ret=-202.305 opt_ret=-202.305 step_rew=-2.0230 opt_step=-2.0230 gap0=202.305 dret=+63.535 eval_ret=n/a pursuer_target_distance=2.038 capture=0.003 score=0.001 pol=-0.0018 val=0.0604 ent=1.4443 tot=+0.0165 agnorm=0.055 cgnorm=0.125 kl=0.0023 clipf=0.018 ev=+0.569 r0=1.0000 entcoef=8.23e-03 lr=5.6e-04 seed=0
iter= 124 step= 400000 ep_ret=-195.160 opt_ret=-195.160 step_rew=-1.9516 opt_step=-1.9516 gap0=195.160 dret=+70.680 eval_ret=n/a pursuer_target_distance=2.054 capture=0.011 score=0.004 pol=-0.0021 val=0.1072 ent=1.4560 tot=+0.0395 agnorm=0.067 cgnorm=0.159 kl=0.0025 clipf=0.021 ev=+0.350 r0=1.0000 entcoef=8.21e-03 lr=5.6e-04 seed=0
iter= 125 step= 403200 ep_ret=-188.216 opt_ret=-188.216 step_rew=-1.8822 opt_step=-1.8822 gap0=188.216 dret=+77.624 eval_ret=n/a pursuer_target_distance=1.910 capture=0.004 score=0.001 pol=-0.0019 val=0.0586 ent=1.4683 tot=+0.0153 agnorm=0.051 cgnorm=0.113 kl=0.0023 clipf=0.018 ev=+0.606 r0=1.0000 entcoef=8.20e-03 lr=5.6e-04 seed=0
iter= 126 step= 406400 ep_ret=-182.289 opt_ret=-182.289 step_rew=-1.8229 opt_step=-1.8229 gap0=182.289 dret=+83.551 eval_ret=n/a pursuer_target_distance=1.847 capture=0.003 score=0.001 pol=-0.0020 val=0.0402 ent=1.4433 tot=+0.0062 agnorm=0.063 cgnorm=0.103 kl=0.0032 clipf=0.035 ev=+0.710 r0=1.0000 entcoef=8.18e-03 lr=5.6e-04 seed=0
iter= 127 step= 409600 ep_ret=-189.128 opt_ret=-189.128 step_rew=-1.8913 opt_step=-1.8913 gap0=189.128 dret=+76.711 eval_ret=n/a pursuer_target_distance=1.900 capture=0.002 score=0.001 pol=-0.0024 val=0.0626 ent=1.4577 tot=+0.0170 agnorm=0.075 cgnorm=0.124 kl=0.0029 clipf=0.028 ev=+0.532 r0=1.0000 entcoef=8.17e-03 lr=5.6e-04 seed=0
iter= 128 step= 412800 ep_ret=-152.336 opt_ret=-152.336 step_rew=-1.5234 opt_step=-1.5234 gap0=152.336 dret=+113.504 eval_ret=n/a pursuer_target_distance=1.616 capture=0.010 score=0.004 pol=-0.0024 val=0.0603 ent=1.4742 tot=+0.0157 agnorm=0.066 cgnorm=0.127 kl=0.0029 clipf=0.033 ev=+0.639 r0=1.0000 entcoef=8.15e-03 lr=5.6e-04 seed=0
iter= 129 step= 416000 ep_ret=-220.072 opt_ret=-220.072 step_rew=-2.2007 opt_step=-2.2007 gap0=220.072 dret=+45.768 eval_ret=n/a pursuer_target_distance=2.191 capture=0.000 score=0.000 pol=-0.0020 val=0.0552 ent=1.4698 tot=+0.0137 agnorm=0.072 cgnorm=0.147 kl=0.0032 clipf=0.033 ev=+0.644 r0=1.0000 entcoef=8.14e-03 lr=5.6e-04 seed=0
iter= 130 step= 419200 ep_ret=-256.256 opt_ret=-256.256 step_rew=-2.5626 opt_step=-2.5626 gap0=256.256 dret=+9.584 eval_ret=n/a pursuer_target_distance=2.590 capture=0.004 score=0.001 pol=-0.0022 val=0.1189 ent=1.4512 tot=+0.0455 agnorm=0.058 cgnorm=0.186 kl=0.0028 clipf=0.024 ev=+0.632 r0=1.0000 entcoef=8.13e-03 lr=5.6e-04 seed=0
iter= 131 step= 422400 ep_ret=-154.287 opt_ret=-154.287 step_rew=-1.5429 opt_step=-1.5429 gap0=154.287 dret=+111.552 eval_ret=n/a pursuer_target_distance=1.667 capture=0.013 score=0.005 pol=-0.0029 val=0.0978 ent=1.4637 tot=+0.0342 agnorm=0.075 cgnorm=0.178 kl=0.0040 clipf=0.043 ev=+0.403 r0=1.0000 entcoef=8.11e-03 lr=5.6e-04 seed=0
iter= 132 step= 425600 ep_ret=-190.533 opt_ret=-190.533 step_rew=-1.9053 opt_step=-1.9053 gap0=190.533 dret=+75.307 eval_ret=n/a pursuer_target_distance=1.939 capture=0.004 score=0.001 pol=-0.0012 val=0.0886 ent=1.4734 tot=+0.0312 agnorm=0.051 cgnorm=0.172 kl=0.0025 clipf=0.021 ev=+0.666 r0=1.0000 entcoef=8.10e-03 lr=5.5e-04 seed=0
iter= 133 step= 428800 ep_ret=-221.454 opt_ret=-221.454 step_rew=-2.2145 opt_step=-2.2145 gap0=221.454 dret=+44.385 eval_ret=n/a pursuer_target_distance=2.208 capture=0.000 score=0.000 pol=-0.0026 val=0.0456 ent=1.4600 tot=+0.0084 agnorm=0.077 cgnorm=0.148 kl=0.0028 clipf=0.028 ev=+0.827 r0=1.0000 entcoef=8.08e-03 lr=5.5e-04 seed=0
iter= 134 step= 432000 ep_ret=-209.232 opt_ret=-209.232 step_rew=-2.0923 opt_step=-2.0923 gap0=209.232 dret=+56.607 eval_ret=n/a pursuer_target_distance=2.185 capture=0.010 score=0.003 pol=-0.0022 val=0.1174 ent=1.4616 tot=+0.0447 agnorm=0.066 cgnorm=0.196 kl=0.0033 clipf=0.034 ev=+0.579 r0=1.0000 entcoef=8.07e-03 lr=5.5e-04 seed=0
iter= 135 step= 435200 ep_ret=-234.100 opt_ret=-234.100 step_rew=-2.3410 opt_step=-2.3410 gap0=234.100 dret=+31.739 eval_ret=n/a pursuer_target_distance=2.353 capture=0.002 score=0.001 pol=-0.0024 val=0.1076 ent=1.4535 tot=+0.0397 agnorm=0.068 cgnorm=0.186 kl=0.0028 clipf=0.024 ev=+0.540 r0=1.0000 entcoef=8.05e-03 lr=5.5e-04 seed=0
iter= 136 step= 438400 ep_ret=-196.229 opt_ret=-196.229 step_rew=-1.9623 opt_step=-1.9623 gap0=196.229 dret=+69.610 eval_ret=n/a pursuer_target_distance=2.043 capture=0.009 score=0.003 pol=-0.0024 val=0.0881 ent=1.4381 tot=+0.0301 agnorm=0.072 cgnorm=0.145 kl=0.0030 clipf=0.028 ev=+0.541 r0=1.0000 entcoef=8.04e-03 lr=5.5e-04 seed=0
iter= 137 step= 441600 ep_ret=-177.800 opt_ret=-177.800 step_rew=-1.7780 opt_step=-1.7780 gap0=177.800 dret=+88.040 eval_ret=n/a pursuer_target_distance=1.793 capture=0.003 score=0.001 pol=-0.0017 val=0.0398 ent=1.4338 tot=+0.0067 agnorm=0.062 cgnorm=0.130 kl=0.0023 clipf=0.020 ev=+0.775 r0=1.0000 entcoef=8.02e-03 lr=5.5e-04 seed=0
iter= 138 step= 444800 ep_ret=-147.072 opt_ret=-147.072 step_rew=-1.4707 opt_step=-1.4707 gap0=147.072 dret=+118.768 eval_ret=n/a pursuer_target_distance=1.483 capture=0.002 score=0.001 pol=-0.0017 val=0.0334 ent=1.4388 tot=+0.0035 agnorm=0.047 cgnorm=0.108 kl=0.0021 clipf=0.012 ev=+0.777 r0=1.0000 entcoef=8.01e-03 lr=5.5e-04 seed=0
iter= 139 step= 448000 ep_ret=-185.185 opt_ret=-185.185 step_rew=-1.8518 opt_step=-1.8518 gap0=185.185 dret=+80.655 eval_ret=n/a pursuer_target_distance=1.917 capture=0.007 score=0.003 pol=-0.0021 val=0.0702 ent=1.4210 tot=+0.0216 agnorm=0.054 cgnorm=0.161 kl=0.0020 clipf=0.016 ev=+0.724 r0=1.0000 entcoef=8.00e-03 lr=5.5e-04 seed=0
iter= 140 step= 451200 ep_ret=-217.837 opt_ret=-217.837 step_rew=-2.1784 opt_step=-2.1784 gap0=217.837 dret=+48.003 eval_ret=-131.580 pursuer_target_distance=2.168 capture=0.000 score=0.000 pol=-0.0019 val=0.0661 ent=1.4270 tot=+0.0198 agnorm=0.091 cgnorm=0.154 kl=0.0030 clipf=0.025 ev=+0.744 r0=1.0000 entcoef=7.98e-03 lr=5.5e-04 seed=0
iter= 141 step= 454400 ep_ret=-195.855 opt_ret=-195.855 step_rew=-1.9586 opt_step=-1.9586 gap0=195.855 dret=+69.984 eval_ret=n/a pursuer_target_distance=1.958 capture=0.001 score=0.000 pol=-0.0016 val=0.0569 ent=1.4378 tot=+0.0154 agnorm=0.055 cgnorm=0.133 kl=0.0023 clipf=0.019 ev=+0.752 r0=1.0000 entcoef=7.97e-03 lr=5.4e-04 seed=0
iter= 142 step= 457600 ep_ret=-126.682 opt_ret=-126.682 step_rew=-1.2668 opt_step=-1.2668 gap0=126.682 dret=+139.158 eval_ret=n/a pursuer_target_distance=1.479 capture=0.022 score=0.009 pol=-0.0021 val=0.0745 ent=1.4291 tot=+0.0238 agnorm=0.052 cgnorm=0.154 kl=0.0022 clipf=0.021 ev=+0.619 r0=1.0000 entcoef=7.95e-03 lr=5.4e-04 seed=0
iter= 143 step= 460800 ep_ret=-193.970 opt_ret=-193.970 step_rew=-1.9397 opt_step=-1.9397 gap0=193.970 dret=+71.870 eval_ret=n/a pursuer_target_distance=1.970 capture=0.004 score=0.001 pol=-0.0025 val=0.0634 ent=1.4299 tot=+0.0179 agnorm=0.069 cgnorm=0.168 kl=0.0031 clipf=0.037 ev=+0.733 r0=1.0000 entcoef=7.94e-03 lr=5.4e-04 seed=0
iter= 144 step= 464000 ep_ret=-154.825 opt_ret=-154.825 step_rew=-1.5483 opt_step=-1.5483 gap0=154.825 dret=+111.014 eval_ret=n/a pursuer_target_distance=1.588 capture=0.005 score=0.002 pol=-0.0019 val=0.0410 ent=1.4183 tot=+0.0074 agnorm=0.052 cgnorm=0.149 kl=0.0023 clipf=0.017 ev=+0.817 r0=1.0000 entcoef=7.92e-03 lr=5.4e-04 seed=0
iter= 145 step= 467200 ep_ret=-168.074 opt_ret=-168.074 step_rew=-1.6807 opt_step=-1.6807 gap0=168.074 dret=+97.766 eval_ret=n/a pursuer_target_distance=1.758 capture=0.009 score=0.003 pol=-0.0020 val=0.0664 ent=1.4363 tot=+0.0199 agnorm=0.057 cgnorm=0.150 kl=0.0028 clipf=0.025 ev=+0.770 r0=1.0000 entcoef=7.91e-03 lr=5.4e-04 seed=0
iter= 146 step= 470400 ep_ret=-204.930 opt_ret=-204.930 step_rew=-2.0493 opt_step=-2.0493 gap0=204.930 dret=+60.909 eval_ret=n/a pursuer_target_distance=2.052 capture=0.001 score=0.000 pol=-0.0022 val=0.0547 ent=1.4517 tot=+0.0137 agnorm=0.068 cgnorm=0.137 kl=0.0029 clipf=0.025 ev=+0.819 r0=1.0000 entcoef=7.89e-03 lr=5.4e-04 seed=0
iter= 147 step= 473600 ep_ret=-189.004 opt_ret=-189.004 step_rew=-1.8900 opt_step=-1.8900 gap0=189.004 dret=+76.836 eval_ret=n/a pursuer_target_distance=1.886 capture=0.001 score=0.000 pol=-0.0016 val=0.0396 ent=1.4374 tot=+0.0069 agnorm=0.061 cgnorm=0.124 kl=0.0020 clipf=0.015 ev=+0.821 r0=1.0000 entcoef=7.88e-03 lr=5.4e-04 seed=0
iter= 148 step= 476800 ep_ret=-159.965 opt_ret=-159.965 step_rew=-1.5997 opt_step=-1.5997 gap0=159.965 dret=+105.874 eval_ret=n/a pursuer_target_distance=1.640 capture=0.005 score=0.002 pol=-0.0019 val=0.0493 ent=1.4181 tot=+0.0116 agnorm=0.053 cgnorm=0.146 kl=0.0025 clipf=0.020 ev=+0.790 r0=1.0000 entcoef=7.87e-03 lr=5.4e-04 seed=0
iter= 149 step= 480000 ep_ret=-183.997 opt_ret=-183.997 step_rew=-1.8400 opt_step=-1.8400 gap0=183.997 dret=+81.843 eval_ret=n/a pursuer_target_distance=1.955 capture=0.013 score=0.004 pol=-0.0021 val=0.0833 ent=1.4168 tot=+0.0284 agnorm=0.062 cgnorm=0.187 kl=0.0020 clipf=0.015 ev=+0.732 r0=1.0000 entcoef=7.85e-03 lr=5.4e-04 seed=0
iter= 150 step= 483200 ep_ret=-190.148 opt_ret=-190.148 step_rew=-1.9015 opt_step=-1.9015 gap0=190.148 dret=+75.692 eval_ret=n/a pursuer_target_distance=1.932 capture=0.004 score=0.001 pol=-0.0018 val=0.0784 ent=1.4077 tot=+0.0264 agnorm=0.050 cgnorm=0.174 kl=0.0024 clipf=0.020 ev=+0.729 r0=1.0000 entcoef=7.84e-03 lr=5.3e-04 seed=0
iter= 151 step= 486400 ep_ret=-196.345 opt_ret=-196.345 step_rew=-1.9634 opt_step=-1.9634 gap0=196.345 dret=+69.495 eval_ret=n/a pursuer_target_distance=1.991 capture=0.004 score=0.001 pol=-0.0017 val=0.0587 ent=1.3842 tot=+0.0168 agnorm=0.052 cgnorm=0.172 kl=0.0022 clipf=0.018 ev=+0.796 r0=1.0000 entcoef=7.82e-03 lr=5.3e-04 seed=0
iter= 152 step= 489600 ep_ret=-200.213 opt_ret=-200.213 step_rew=-2.0021 opt_step=-2.0021 gap0=200.213 dret=+65.627 eval_ret=n/a pursuer_target_distance=2.058 capture=0.007 score=0.002 pol=-0.0020 val=0.0547 ent=1.3983 tot=+0.0144 agnorm=0.060 cgnorm=0.136 kl=0.0020 clipf=0.017 ev=+0.828 r0=1.0000 entcoef=7.81e-03 lr=5.3e-04 seed=0
iter= 153 step= 492800 ep_ret=-203.757 opt_ret=-203.757 step_rew=-2.0376 opt_step=-2.0376 gap0=203.757 dret=+62.083 eval_ret=n/a pursuer_target_distance=2.062 capture=0.003 score=0.001 pol=-0.0024 val=0.0461 ent=1.3965 tot=+0.0098 agnorm=0.064 cgnorm=0.145 kl=0.0031 clipf=0.033 ev=+0.864 r0=1.0000 entcoef=7.79e-03 lr=5.3e-04 seed=0
iter= 154 step= 496000 ep_ret=-206.756 opt_ret=-206.756 step_rew=-2.0676 opt_step=-2.0676 gap0=206.756 dret=+59.084 eval_ret=n/a pursuer_target_distance=2.089 capture=0.003 score=0.001 pol=-0.0019 val=0.0774 ent=1.3901 tot=+0.0260 agnorm=0.064 cgnorm=0.171 kl=0.0031 clipf=0.033 ev=+0.837 r0=1.0000 entcoef=7.78e-03 lr=5.3e-04 seed=0
iter= 155 step= 499200 ep_ret=-194.111 opt_ret=-194.111 step_rew=-1.9411 opt_step=-1.9411 gap0=194.111 dret=+71.728 eval_ret=n/a pursuer_target_distance=1.950 capture=0.002 score=0.001 pol=-0.0024 val=0.0546 ent=1.3993 tot=+0.0140 agnorm=0.071 cgnorm=0.163 kl=0.0026 clipf=0.024 ev=+0.851 r0=1.0000 entcoef=7.76e-03 lr=5.3e-04 seed=0
iter= 156 step= 502400 ep_ret=-190.514 opt_ret=-190.514 step_rew=-1.9051 opt_step=-1.9051 gap0=190.514 dret=+75.326 eval_ret=n/a pursuer_target_distance=1.995 capture=0.010 score=0.003 pol=-0.0021 val=0.1062 ent=1.3743 tot=+0.0403 agnorm=0.097 cgnorm=0.197 kl=0.0029 clipf=0.025 ev=+0.784 r0=1.0000 entcoef=7.75e-03 lr=5.3e-04 seed=0
iter= 157 step= 505600 ep_ret=-205.444 opt_ret=-205.444 step_rew=-2.0544 opt_step=-2.0544 gap0=205.444 dret=+60.395 eval_ret=n/a pursuer_target_distance=2.098 capture=0.005 score=0.002 pol=-0.0015 val=0.0672 ent=1.3787 tot=+0.0214 agnorm=0.053 cgnorm=0.160 kl=0.0019 clipf=0.012 ev=+0.827 r0=1.0000 entcoef=7.74e-03 lr=5.3e-04 seed=0
iter= 158 step= 508800 ep_ret=-167.101 opt_ret=-167.101 step_rew=-1.6710 opt_step=-1.6710 gap0=167.101 dret=+98.739 eval_ret=n/a pursuer_target_distance=1.745 capture=0.008 score=0.003 pol=-0.0016 val=0.0699 ent=1.3508 tot=+0.0230 agnorm=0.057 cgnorm=0.159 kl=0.0020 clipf=0.019 ev=+0.752 r0=1.0000 entcoef=7.72e-03 lr=5.3e-04 seed=0
iter= 159 step= 512000 ep_ret=-242.271 opt_ret=-242.271 step_rew=-2.4227 opt_step=-2.4227 gap0=242.271 dret=+23.569 eval_ret=n/a pursuer_target_distance=2.450 capture=0.004 score=0.001 pol=-0.0020 val=0.0723 ent=1.3644 tot=+0.0237 agnorm=0.058 cgnorm=0.189 kl=0.0026 clipf=0.024 ev=+0.842 r0=1.0000 entcoef=7.71e-03 lr=5.2e-04 seed=0
iter= 160 step= 515200 ep_ret=-232.739 opt_ret=-232.739 step_rew=-2.3274 opt_step=-2.3274 gap0=232.739 dret=+33.100 eval_ret=-98.420 pursuer_target_distance=2.346 capture=0.003 score=0.001 pol=-0.0012 val=0.0601 ent=1.3645 tot=+0.0184 agnorm=0.045 cgnorm=0.144 kl=0.0014 clipf=0.009 ev=+0.847 r0=1.0000 entcoef=7.69e-03 lr=5.2e-04 seed=0
iter= 161 step= 518400 ep_ret=-177.638 opt_ret=-177.638 step_rew=-1.7764 opt_step=-1.7764 gap0=177.638 dret=+88.201 eval_ret=n/a pursuer_target_distance=1.826 capture=0.006 score=0.002 pol=-0.0023 val=0.0504 ent=1.3565 tot=+0.0125 agnorm=0.055 cgnorm=0.160 kl=0.0021 clipf=0.018 ev=+0.834 r0=1.0000 entcoef=7.68e-03 lr=5.2e-04 seed=0
iter= 162 step= 521600 ep_ret=-141.798 opt_ret=-141.798 step_rew=-1.4180 opt_step=-1.4180 gap0=141.798 dret=+124.042 eval_ret=n/a pursuer_target_distance=1.520 capture=0.011 score=0.004 pol=-0.0014 val=0.0463 ent=1.3745 tot=+0.0112 agnorm=0.054 cgnorm=0.164 kl=0.0018 clipf=0.017 ev=+0.832 r0=1.0000 entcoef=7.66e-03 lr=5.2e-04 seed=0
iter= 163 step= 524800 ep_ret=-165.302 opt_ret=-165.302 step_rew=-1.6530 opt_step=-1.6530 gap0=165.302 dret=+100.538 eval_ret=n/a pursuer_target_distance=1.702 capture=0.006 score=0.002 pol=-0.0020 val=0.0405 ent=1.3773 tot=+0.0077 agnorm=0.069 cgnorm=0.146 kl=0.0025 clipf=0.021 ev=+0.836 r0=1.0000 entcoef=7.65e-03 lr=5.2e-04 seed=0
iter= 164 step= 528000 ep_ret=-145.480 opt_ret=-145.480 step_rew=-1.4548 opt_step=-1.4548 gap0=145.480 dret=+120.360 eval_ret=n/a pursuer_target_distance=1.479 capture=0.003 score=0.001 pol=-0.0022 val=0.0419 ent=1.3954 tot=+0.0081 agnorm=0.069 cgnorm=0.145 kl=0.0026 clipf=0.022 ev=+0.858 r0=1.0000 entcoef=7.63e-03 lr=5.2e-04 seed=0
iter= 165 step= 531200 ep_ret=-210.175 opt_ret=-210.175 step_rew=-2.1017 opt_step=-2.1017 gap0=210.175 dret=+55.665 eval_ret=n/a pursuer_target_distance=2.123 capture=0.003 score=0.001 pol=-0.0018 val=0.0623 ent=1.4003 tot=+0.0187 agnorm=0.048 cgnorm=0.169 kl=0.0018 clipf=0.013 ev=+0.807 r0=1.0000 entcoef=7.62e-03 lr=5.2e-04 seed=0
iter= 166 step= 534400 ep_ret=-212.037 opt_ret=-212.037 step_rew=-2.1204 opt_step=-2.1204 gap0=212.037 dret=+53.803 eval_ret=n/a pursuer_target_distance=2.185 capture=0.007 score=0.002 pol=-0.0025 val=0.0727 ent=1.4131 tot=+0.0231 agnorm=0.066 cgnorm=0.187 kl=0.0029 clipf=0.028 ev=+0.830 r0=1.0000 entcoef=7.61e-03 lr=5.2e-04 seed=0
iter= 167 step= 537600 ep_ret=-143.671 opt_ret=-143.671 step_rew=-1.4367 opt_step=-1.4367 gap0=143.671 dret=+122.169 eval_ret=n/a pursuer_target_distance=1.536 capture=0.011 score=0.004 pol=-0.0019 val=0.0455 ent=1.4115 tot=+0.0102 agnorm=0.055 cgnorm=0.136 kl=0.0022 clipf=0.016 ev=+0.869 r0=1.0000 entcoef=7.59e-03 lr=5.2e-04 seed=0
iter= 168 step= 540800 ep_ret=-207.086 opt_ret=-207.086 step_rew=-2.0709 opt_step=-2.0709 gap0=207.086 dret=+58.753 eval_ret=n/a pursuer_target_distance=2.117 capture=0.006 score=0.002 pol=-0.0018 val=0.0705 ent=1.3995 tot=+0.0229 agnorm=0.052 cgnorm=0.161 kl=0.0016 clipf=0.011 ev=+0.821 r0=1.0000 entcoef=7.58e-03 lr=5.1e-04 seed=0
iter= 169 step= 544000 ep_ret=-190.191 opt_ret=-190.191 step_rew=-1.9019 opt_step=-1.9019 gap0=190.191 dret=+75.649 eval_ret=n/a pursuer_target_distance=1.945 capture=0.005 score=0.002 pol=-0.0026 val=0.0471 ent=1.3868 tot=+0.0105 agnorm=0.073 cgnorm=0.178 kl=0.0039 clipf=0.046 ev=+0.818 r0=1.0000 entcoef=7.56e-03 lr=5.1e-04 seed=0
iter= 170 step= 547200 ep_ret=-147.115 opt_ret=-147.115 step_rew=-1.4712 opt_step=-1.4712 gap0=147.115 dret=+118.724 eval_ret=n/a pursuer_target_distance=1.508 capture=0.005 score=0.002 pol=-0.0025 val=0.0317 ent=1.3773 tot=+0.0030 agnorm=0.074 cgnorm=0.132 kl=0.0034 clipf=0.036 ev=+0.880 r0=1.0000 entcoef=7.55e-03 lr=5.1e-04 seed=0
iter= 171 step= 550400 ep_ret=-209.003 opt_ret=-209.003 step_rew=-2.0900 opt_step=-2.0900 gap0=209.003 dret=+56.837 eval_ret=n/a pursuer_target_distance=2.096 capture=0.002 score=0.001 pol=-0.0019 val=0.0698 ent=1.3757 tot=+0.0226 agnorm=0.064 cgnorm=0.180 kl=0.0028 clipf=0.028 ev=+0.794 r0=1.0000 entcoef=7.53e-03 lr=5.1e-04 seed=0
iter= 172 step= 553600 ep_ret=-161.253 opt_ret=-161.253 step_rew=-1.6125 opt_step=-1.6125 gap0=161.253 dret=+104.587 eval_ret=n/a pursuer_target_distance=1.668 capture=0.007 score=0.002 pol=-0.0022 val=0.0369 ent=1.3854 tot=+0.0058 agnorm=0.067 cgnorm=0.152 kl=0.0027 clipf=0.021 ev=+0.852 r0=1.0000 entcoef=7.52e-03 lr=5.1e-04 seed=0
iter= 173 step= 556800 ep_ret=-153.475 opt_ret=-153.475 step_rew=-1.5347 opt_step=-1.5347 gap0=153.475 dret=+112.365 eval_ret=n/a pursuer_target_distance=1.662 capture=0.014 score=0.005 pol=-0.0025 val=0.0741 ent=1.3845 tot=+0.0241 agnorm=0.078 cgnorm=0.176 kl=0.0028 clipf=0.029 ev=+0.794 r0=1.0000 entcoef=7.50e-03 lr=5.1e-04 seed=0
iter= 174 step= 560000 ep_ret=-156.173 opt_ret=-156.173 step_rew=-1.5617 opt_step=-1.5617 gap0=156.173 dret=+109.667 eval_ret=n/a pursuer_target_distance=1.667 capture=0.012 score=0.004 pol=-0.0021 val=0.0547 ent=1.3999 tot=+0.0148 agnorm=0.082 cgnorm=0.160 kl=0.0029 clipf=0.027 ev=+0.773 r0=1.0000 entcoef=7.49e-03 lr=5.1e-04 seed=0
iter= 175 step= 563200 ep_ret=-196.005 opt_ret=-196.005 step_rew=-1.9600 opt_step=-1.9600 gap0=196.005 dret=+69.835 eval_ret=n/a pursuer_target_distance=2.038 capture=0.009 score=0.003 pol=-0.0020 val=0.0559 ent=1.3916 tot=+0.0156 agnorm=0.068 cgnorm=0.154 kl=0.0025 clipf=0.023 ev=+0.873 r0=1.0000 entcoef=7.48e-03 lr=5.1e-04 seed=0
iter= 176 step= 566400 ep_ret=-201.862 opt_ret=-201.862 step_rew=-2.0186 opt_step=-2.0186 gap0=201.862 dret=+63.978 eval_ret=n/a pursuer_target_distance=2.030 capture=0.002 score=0.001 pol=-0.0023 val=0.0528 ent=1.3825 tot=+0.0137 agnorm=0.071 cgnorm=0.199 kl=0.0025 clipf=0.023 ev=+0.773 r0=1.0000 entcoef=7.46e-03 lr=5.1e-04 seed=0
iter= 177 step= 569600 ep_ret=-174.745 opt_ret=-174.745 step_rew=-1.7475 opt_step=-1.7475 gap0=174.745 dret=+91.094 eval_ret=n/a pursuer_target_distance=1.812 capture=0.007 score=0.003 pol=-0.0020 val=0.0476 ent=1.4135 tot=+0.0113 agnorm=0.057 cgnorm=0.159 kl=0.0027 clipf=0.027 ev=+0.817 r0=1.0000 entcoef=7.45e-03 lr=5.0e-04 seed=0
iter= 178 step= 572800 ep_ret=-156.987 opt_ret=-156.987 step_rew=-1.5699 opt_step=-1.5699 gap0=156.987 dret=+108.853 eval_ret=n/a pursuer_target_distance=1.719 capture=0.016 score=0.006 pol=-0.0022 val=0.0653 ent=1.3916 tot=+0.0201 agnorm=0.063 cgnorm=0.184 kl=0.0022 clipf=0.016 ev=+0.823 r0=1.0000 entcoef=7.43e-03 lr=5.0e-04 seed=0
iter= 179 step= 576000 ep_ret=-194.340 opt_ret=-194.340 step_rew=-1.9434 opt_step=-1.9434 gap0=194.340 dret=+71.499 eval_ret=n/a pursuer_target_distance=2.102 capture=0.017 score=0.005 pol=-0.0028 val=0.0794 ent=1.4027 tot=+0.0265 agnorm=0.095 cgnorm=0.164 kl=0.0033 clipf=0.039 ev=+0.851 r0=1.0000 entcoef=7.42e-03 lr=5.0e-04 seed=0
iter= 180 step= 579200 ep_ret=-148.666 opt_ret=-148.666 step_rew=-1.4867 opt_step=-1.4867 gap0=148.666 dret=+117.173 eval_ret=-103.043 pursuer_target_distance=1.742 capture=0.027 score=0.010 pol=-0.0027 val=0.0832 ent=1.3982 tot=+0.0286 agnorm=0.106 cgnorm=0.211 kl=0.0044 clipf=0.058 ev=+0.766 r0=1.0000 entcoef=7.40e-03 lr=5.0e-04 seed=0
iter= 181 step= 582400 ep_ret=-132.568 opt_ret=-132.568 step_rew=-1.3257 opt_step=-1.3257 gap0=132.568 dret=+133.272 eval_ret=n/a pursuer_target_distance=1.384 capture=0.007 score=0.003 pol=-0.0016 val=0.0314 ent=1.3988 tot=+0.0038 agnorm=0.065 cgnorm=0.128 kl=0.0022 clipf=0.018 ev=+0.856 r0=1.0000 entcoef=7.39e-03 lr=5.0e-04 seed=0
iter= 182 step= 585600 ep_ret=-110.001 opt_ret=-110.001 step_rew=-1.1000 opt_step=-1.1000 gap0=110.001 dret=+155.838 eval_ret=n/a pursuer_target_distance=1.303 capture=0.021 score=0.009 pol=-0.0022 val=0.0457 ent=1.3867 tot=+0.0104 agnorm=0.103 cgnorm=0.152 kl=0.0029 clipf=0.030 ev=+0.865 r0=1.0000 entcoef=7.37e-03 lr=5.0e-04 seed=0
iter= 183 step= 588800 ep_ret=-161.615 opt_ret=-161.615 step_rew=-1.6162 opt_step=-1.6162 gap0=161.615 dret=+104.224 eval_ret=n/a pursuer_target_distance=1.678 capture=0.007 score=0.003 pol=-0.0027 val=0.0732 ent=1.3903 tot=+0.0236 agnorm=0.101 cgnorm=0.172 kl=0.0033 clipf=0.037 ev=+0.855 r0=1.0000 entcoef=7.36e-03 lr=5.0e-04 seed=0
iter= 184 step= 592000 ep_ret=-158.866 opt_ret=-158.866 step_rew=-1.5887 opt_step=-1.5887 gap0=158.866 dret=+106.973 eval_ret=n/a pursuer_target_distance=1.644 capture=0.007 score=0.002 pol=-0.0027 val=0.0460 ent=1.3889 tot=+0.0101 agnorm=0.103 cgnorm=0.161 kl=0.0035 clipf=0.036 ev=+0.879 r0=1.0000 entcoef=7.35e-03 lr=5.0e-04 seed=0
iter= 185 step= 595200 ep_ret=-153.479 opt_ret=-153.479 step_rew=-1.5348 opt_step=-1.5348 gap0=153.479 dret=+112.360 eval_ret=n/a pursuer_target_distance=1.687 capture=0.016 score=0.006 pol=-0.0015 val=0.0405 ent=1.3987 tot=+0.0085 agnorm=0.059 cgnorm=0.166 kl=0.0024 clipf=0.016 ev=+0.881 r0=1.0000 entcoef=7.33e-03 lr=5.0e-04 seed=0
iter= 186 step= 598400 ep_ret=-147.501 opt_ret=-147.501 step_rew=-1.4750 opt_step=-1.4750 gap0=147.501 dret=+118.339 eval_ret=n/a pursuer_target_distance=1.537 capture=0.007 score=0.003 pol=-0.0022 val=0.0268 ent=1.4178 tot=+0.0008 agnorm=0.067 cgnorm=0.141 kl=0.0029 clipf=0.030 ev=+0.881 r0=1.0000 entcoef=7.32e-03 lr=4.9e-04 seed=0
iter= 187 step= 601600 ep_ret=-156.565 opt_ret=-156.565 step_rew=-1.5657 opt_step=-1.5657 gap0=156.565 dret=+109.274 eval_ret=n/a pursuer_target_distance=1.643 capture=0.009 score=0.003 pol=-0.0015 val=0.0399 ent=1.3955 tot=+0.0083 agnorm=0.058 cgnorm=0.128 kl=0.0020 clipf=0.017 ev=+0.888 r0=1.0000 entcoef=7.30e-03 lr=4.9e-04 seed=0
iter= 188 step= 604800 ep_ret=-146.717 opt_ret=-146.717 step_rew=-1.4672 opt_step=-1.4672 gap0=146.717 dret=+119.123 eval_ret=n/a pursuer_target_distance=1.695 capture=0.024 score=0.009 pol=-0.0018 val=0.0618 ent=1.3942 tot=+0.0189 agnorm=0.071 cgnorm=0.178 kl=0.0025 clipf=0.022 ev=+0.811 r0=1.0000 entcoef=7.29e-03 lr=4.9e-04 seed=0
iter= 189 step= 608000 ep_ret=-196.884 opt_ret=-196.884 step_rew=-1.9688 opt_step=-1.9688 gap0=196.884 dret=+68.956 eval_ret=n/a pursuer_target_distance=1.978 capture=0.002 score=0.001 pol=-0.0021 val=0.0368 ent=1.3901 tot=+0.0062 agnorm=0.079 cgnorm=0.149 kl=0.0025 clipf=0.023 ev=+0.930 r0=1.0000 entcoef=7.27e-03 lr=4.9e-04 seed=0
iter= 190 step= 611200 ep_ret=-114.872 opt_ret=-114.872 step_rew=-1.1487 opt_step=-1.1487 gap0=114.872 dret=+150.967 eval_ret=n/a pursuer_target_distance=1.404 capture=0.027 score=0.011 pol=-0.0024 val=0.0427 ent=1.4073 tot=+0.0087 agnorm=0.078 cgnorm=0.145 kl=0.0031 clipf=0.034 ev=+0.835 r0=1.0000 entcoef=7.26e-03 lr=4.9e-04 seed=0
iter= 191 step= 614400 ep_ret=-158.995 opt_ret=-158.995 step_rew=-1.5900 opt_step=-1.5900 gap0=158.995 dret=+106.845 eval_ret=n/a pursuer_target_distance=1.742 capture=0.016 score=0.006 pol=-0.0023 val=0.0437 ent=1.4045 tot=+0.0094 agnorm=0.076 cgnorm=0.165 kl=0.0032 clipf=0.034 ev=+0.856 r0=1.0000 entcoef=7.25e-03 lr=4.9e-04 seed=0
iter= 192 step= 617600 ep_ret=-151.533 opt_ret=-151.533 step_rew=-1.5153 opt_step=-1.5153 gap0=151.533 dret=+114.306 eval_ret=n/a pursuer_target_distance=1.587 capture=0.008 score=0.003 pol=-0.0023 val=0.0283 ent=1.3943 tot=+0.0018 agnorm=0.076 cgnorm=0.116 kl=0.0032 clipf=0.031 ev=+0.910 r0=1.0000 entcoef=7.23e-03 lr=4.9e-04 seed=0
iter= 193 step= 620800 ep_ret=-201.326 opt_ret=-201.326 step_rew=-2.0133 opt_step=-2.0133 gap0=201.326 dret=+64.513 eval_ret=n/a pursuer_target_distance=2.047 capture=0.004 score=0.001 pol=-0.0023 val=0.0326 ent=1.4127 tot=+0.0037 agnorm=0.082 cgnorm=0.167 kl=0.0027 clipf=0.025 ev=+0.910 r0=1.0000 entcoef=7.22e-03 lr=4.9e-04 seed=0
iter= 194 step= 624000 ep_ret=-191.201 opt_ret=-191.201 step_rew=-1.9120 opt_step=-1.9120 gap0=191.201 dret=+74.639 eval_ret=n/a pursuer_target_distance=2.027 capture=0.013 score=0.004 pol=-0.0021 val=0.0410 ent=1.3862 tot=+0.0084 agnorm=0.076 cgnorm=0.170 kl=0.0028 clipf=0.029 ev=+0.903 r0=1.0000 entcoef=7.20e-03 lr=4.9e-04 seed=0
iter= 195 step= 627200 ep_ret=-146.940 opt_ret=-146.940 step_rew=-1.4694 opt_step=-1.4694 gap0=146.940 dret=+118.900 eval_ret=n/a pursuer_target_distance=1.531 capture=0.007 score=0.003 pol=-0.0017 val=0.0275 ent=1.4012 tot=+0.0020 agnorm=0.060 cgnorm=0.141 kl=0.0024 clipf=0.022 ev=+0.895 r0=1.0000 entcoef=7.19e-03 lr=4.8e-04 seed=0
iter= 196 step= 630400 ep_ret=-162.274 opt_ret=-162.274 step_rew=-1.6227 opt_step=-1.6227 gap0=162.274 dret=+103.566 eval_ret=n/a pursuer_target_distance=1.672 capture=0.006 score=0.002 pol=-0.0024 val=0.0401 ent=1.4093 tot=+0.0076 agnorm=0.099 cgnorm=0.125 kl=0.0021 clipf=0.017 ev=+0.886 r0=1.0000 entcoef=7.17e-03 lr=4.8e-04 seed=0
iter= 197 step= 633600 ep_ret=-133.722 opt_ret=-133.722 step_rew=-1.3372 opt_step=-1.3372 gap0=133.722 dret=+132.117 eval_ret=n/a pursuer_target_distance=1.408 capture=0.008 score=0.003 pol=-0.0021 val=0.0279 ent=1.4089 tot=+0.0018 agnorm=0.082 cgnorm=0.145 kl=0.0029 clipf=0.026 ev=+0.899 r0=1.0000 entcoef=7.16e-03 lr=4.8e-04 seed=0
iter= 198 step= 636800 ep_ret=-186.797 opt_ret=-186.797 step_rew=-1.8680 opt_step=-1.8680 gap0=186.797 dret=+79.042 eval_ret=n/a pursuer_target_distance=1.942 capture=0.008 score=0.003 pol=-0.0020 val=0.0320 ent=1.3893 tot=+0.0041 agnorm=0.067 cgnorm=0.133 kl=0.0029 clipf=0.028 ev=+0.906 r0=1.0000 entcoef=7.14e-03 lr=4.8e-04 seed=0
iter= 199 step= 640000 ep_ret=-165.331 opt_ret=-165.331 step_rew=-1.6533 opt_step=-1.6533 gap0=165.331 dret=+100.508 eval_ret=n/a pursuer_target_distance=1.703 capture=0.006 score=0.002 pol=-0.0010 val=0.0411 ent=1.3808 tot=+0.0097 agnorm=0.097 cgnorm=0.150 kl=0.0023 clipf=0.022 ev=+0.891 r0=1.0000 entcoef=7.13e-03 lr=4.8e-04 seed=0
iter= 200 step= 643200 ep_ret=-185.630 opt_ret=-185.630 step_rew=-1.8563 opt_step=-1.8563 gap0=185.630 dret=+80.210 eval_ret=-99.729 pursuer_target_distance=1.990 capture=0.014 score=0.005 pol=-0.0022 val=0.0563 ent=1.3832 tot=+0.0161 agnorm=0.072 cgnorm=0.130 kl=0.0029 clipf=0.029 ev=+0.886 r0=1.0000 entcoef=7.12e-03 lr=4.8e-04 seed=0
iter= 201 step= 646400 ep_ret=-132.990 opt_ret=-132.990 step_rew=-1.3299 opt_step=-1.3299 gap0=132.990 dret=+132.850 eval_ret=n/a pursuer_target_distance=1.470 capture=0.015 score=0.006 pol=-0.0019 val=0.0399 ent=1.3391 tot=+0.0086 agnorm=0.062 cgnorm=0.152 kl=0.0029 clipf=0.028 ev=+0.874 r0=1.0000 entcoef=7.10e-03 lr=4.8e-04 seed=0
iter= 202 step= 649600 ep_ret=-178.531 opt_ret=-178.531 step_rew=-1.7853 opt_step=-1.7853 gap0=178.531 dret=+87.308 eval_ret=n/a pursuer_target_distance=1.869 capture=0.009 score=0.003 pol=-0.0013 val=0.0397 ent=1.3449 tot=+0.0090 agnorm=0.055 cgnorm=0.169 kl=0.0019 clipf=0.015 ev=+0.893 r0=1.0000 entcoef=7.09e-03 lr=4.8e-04 seed=0
iter= 203 step= 652800 ep_ret=-160.190 opt_ret=-160.190 step_rew=-1.6019 opt_step=-1.6019 gap0=160.190 dret=+105.650 eval_ret=n/a pursuer_target_distance=1.645 capture=0.005 score=0.002 pol=-0.0022 val=0.0190 ent=1.3148 tot=-0.0020 agnorm=0.081 cgnorm=0.098 kl=0.0026 clipf=0.023 ev=+0.951 r0=1.0000 entcoef=7.07e-03 lr=4.8e-04 seed=0
iter= 204 step= 656000 ep_ret=-160.400 opt_ret=-160.400 step_rew=-1.6040 opt_step=-1.6040 gap0=160.400 dret=+105.440 eval_ret=n/a pursuer_target_distance=1.835 capture=0.024 score=0.008 pol=-0.0019 val=0.0742 ent=1.3086 tot=+0.0259 agnorm=0.070 cgnorm=0.193 kl=0.0020 clipf=0.015 ev=+0.833 r0=1.0000 entcoef=7.06e-03 lr=4.7e-04 seed=0
iter= 205 step= 659200 ep_ret=-185.166 opt_ret=-185.166 step_rew=-1.8517 opt_step=-1.8517 gap0=185.166 dret=+80.674 eval_ret=n/a pursuer_target_distance=1.873 capture=0.003 score=0.001 pol=-0.0019 val=0.0335 ent=1.2859 tot=+0.0058 agnorm=0.059 cgnorm=0.145 kl=0.0033 clipf=0.032 ev=+0.914 r0=1.0000 entcoef=7.04e-03 lr=4.7e-04 seed=0
iter= 206 step= 662400 ep_ret=-115.423 opt_ret=-115.423 step_rew=-1.1542 opt_step=-1.1542 gap0=115.423 dret=+150.417 eval_ret=n/a pursuer_target_distance=1.472 capture=0.033 score=0.013 pol=-0.0022 val=0.0529 ent=1.2836 tot=+0.0152 agnorm=0.068 cgnorm=0.153 kl=0.0022 clipf=0.019 ev=+0.847 r0=1.0000 entcoef=7.03e-03 lr=4.7e-04 seed=0
iter= 207 step= 665600 ep_ret=-186.171 opt_ret=-186.171 step_rew=-1.8617 opt_step=-1.8617 gap0=186.171 dret=+79.668 eval_ret=n/a pursuer_target_distance=1.989 capture=0.014 score=0.005 pol=-0.0019 val=0.0478 ent=1.2357 tot=+0.0133 agnorm=0.069 cgnorm=0.174 kl=0.0022 clipf=0.023 ev=+0.833 r0=1.0000 entcoef=7.01e-03 lr=4.7e-04 seed=0
iter= 208 step= 668800 ep_ret=-197.594 opt_ret=-197.594 step_rew=-1.9759 opt_step=-1.9759 gap0=197.594 dret=+68.246 eval_ret=n/a pursuer_target_distance=2.103 capture=0.014 score=0.004 pol=-0.0024 val=0.0456 ent=1.2836 tot=+0.0114 agnorm=0.083 cgnorm=0.157 kl=0.0031 clipf=0.036 ev=+0.891 r0=1.0000 entcoef=7.00e-03 lr=4.7e-04 seed=0
iter= 209 step= 672000 ep_ret=-155.657 opt_ret=-155.657 step_rew=-1.5566 opt_step=-1.5566 gap0=155.657 dret=+110.183 eval_ret=n/a pursuer_target_distance=1.775 capture=0.023 score=0.008 pol=-0.0014 val=0.0482 ent=1.2889 tot=+0.0137 agnorm=0.075 cgnorm=0.128 kl=0.0027 clipf=0.030 ev=+0.855 r0=1.0000 entcoef=6.99e-03 lr=4.7e-04 seed=0
iter= 210 step= 675200 ep_ret=-184.486 opt_ret=-184.486 step_rew=-1.8449 opt_step=-1.8449 gap0=184.486 dret=+81.354 eval_ret=n/a pursuer_target_distance=1.919 capture=0.008 score=0.003 pol=-0.0018 val=0.0353 ent=1.3065 tot=+0.0067 agnorm=0.081 cgnorm=0.155 kl=0.0017 clipf=0.012 ev=+0.908 r0=1.0000 entcoef=6.97e-03 lr=4.7e-04 seed=0
iter= 211 step= 678400 ep_ret=-119.024 opt_ret=-119.024 step_rew=-1.1902 opt_step=-1.1902 gap0=119.024 dret=+146.816 eval_ret=n/a pursuer_target_distance=1.443 capture=0.026 score=0.011 pol=-0.0021 val=0.0438 ent=1.2879 tot=+0.0108 agnorm=0.084 cgnorm=0.116 kl=0.0029 clipf=0.027 ev=+0.867 r0=1.0000 entcoef=6.96e-03 lr=4.7e-04 seed=0
iter= 212 step= 681600 ep_ret=-176.691 opt_ret=-176.691 step_rew=-1.7669 opt_step=-1.7669 gap0=176.691 dret=+89.149 eval_ret=n/a pursuer_target_distance=1.888 capture=0.013 score=0.005 pol=-0.0023 val=0.0475 ent=1.3050 tot=+0.0125 agnorm=0.085 cgnorm=0.176 kl=0.0031 clipf=0.033 ev=+0.880 r0=1.0000 entcoef=6.94e-03 lr=4.7e-04 seed=0
iter= 213 step= 684800 ep_ret=-158.396 opt_ret=-158.396 step_rew=-1.5840 opt_step=-1.5840 gap0=158.396 dret=+107.444 eval_ret=n/a pursuer_target_distance=1.693 capture=0.012 score=0.004 pol=-0.0014 val=0.0374 ent=1.3475 tot=+0.0080 agnorm=0.060 cgnorm=0.120 kl=0.0018 clipf=0.016 ev=+0.907 r0=1.0000 entcoef=6.93e-03 lr=4.6e-04 seed=0
iter= 214 step= 688000 ep_ret=-188.698 opt_ret=-188.698 step_rew=-1.8870 opt_step=-1.8870 gap0=188.698 dret=+77.142 eval_ret=n/a pursuer_target_distance=2.033 capture=0.016 score=0.005 pol=-0.0024 val=0.0387 ent=1.2915 tot=+0.0080 agnorm=0.087 cgnorm=0.142 kl=0.0028 clipf=0.029 ev=+0.903 r0=1.0000 entcoef=6.91e-03 lr=4.6e-04 seed=0
iter= 215 step= 691200 ep_ret=-92.968 opt_ret=-92.968 step_rew=-0.9297 opt_step=-0.9297 gap0=92.968 dret=+172.872 eval_ret=n/a pursuer_target_distance=1.220 capture=0.030 score=0.014 pol=-0.0028 val=0.0423 ent=1.2956 tot=+0.0094 agnorm=0.087 cgnorm=0.131 kl=0.0029 clipf=0.026 ev=+0.840 r0=1.0000 entcoef=6.90e-03 lr=4.6e-04 seed=0
iter= 216 step= 694400 ep_ret=-115.147 opt_ret=-115.147 step_rew=-1.1515 opt_step=-1.1515 gap0=115.147 dret=+150.693 eval_ret=n/a pursuer_target_distance=1.316 capture=0.018 score=0.008 pol=-0.0021 val=0.0239 ent=1.2665 tot=+0.0012 agnorm=0.077 cgnorm=0.110 kl=0.0033 clipf=0.031 ev=+0.907 r0=1.0000 entcoef=6.88e-03 lr=4.6e-04 seed=0
iter= 217 step= 697600 ep_ret=-106.510 opt_ret=-106.510 step_rew=-1.0651 opt_step=-1.0651 gap0=106.510 dret=+159.330 eval_ret=n/a pursuer_target_distance=1.289 capture=0.023 score=0.010 pol=-0.0019 val=0.0365 ent=1.2545 tot=+0.0077 agnorm=0.075 cgnorm=0.105 kl=0.0026 clipf=0.025 ev=+0.841 r0=1.0000 entcoef=6.87e-03 lr=4.6e-04 seed=0
iter= 218 step= 700800 ep_ret=-161.033 opt_ret=-161.033 step_rew=-1.6103 opt_step=-1.6103 gap0=161.033 dret=+104.806 eval_ret=n/a pursuer_target_distance=1.907 capture=0.031 score=0.011 pol=-0.0020 val=0.0554 ent=1.2697 tot=+0.0170 agnorm=0.085 cgnorm=0.129 kl=0.0028 clipf=0.024 ev=+0.866 r0=1.0000 entcoef=6.86e-03 lr=4.6e-04 seed=0
iter= 219 step= 704000 ep_ret=-152.541 opt_ret=-152.541 step_rew=-1.5254 opt_step=-1.5254 gap0=152.541 dret=+113.299 eval_ret=n/a pursuer_target_distance=1.656 capture=0.014 score=0.005 pol=-0.0017 val=0.0346 ent=1.2465 tot=+0.0070 agnorm=0.084 cgnorm=0.121 kl=0.0028 clipf=0.028 ev=+0.926 r0=1.0000 entcoef=6.84e-03 lr=4.6e-04 seed=0
iter= 220 step= 707200 ep_ret=-91.217 opt_ret=-91.217 step_rew=-0.9122 opt_step=-0.9122 gap0=91.217 dret=+174.622 eval_ret=-92.558 pursuer_target_distance=1.174 capture=0.027 score=0.013 pol=-0.0019 val=0.0338 ent=1.1883 tot=+0.0070 agnorm=0.082 cgnorm=0.145 kl=0.0021 clipf=0.020 ev=+0.868 r0=1.0000 entcoef=6.83e-03 lr=4.6e-04 seed=0
iter= 221 step= 710400 ep_ret=-136.380 opt_ret=-136.380 step_rew=-1.3638 opt_step=-1.3638 gap0=136.380 dret=+129.460 eval_ret=n/a pursuer_target_distance=1.635 capture=0.028 score=0.011 pol=-0.0022 val=0.0387 ent=1.2095 tot=+0.0089 agnorm=0.109 cgnorm=0.125 kl=0.0026 clipf=0.026 ev=+0.871 r0=1.0000 entcoef=6.81e-03 lr=4.6e-04 seed=0
iter= 222 step= 713600 ep_ret=-171.201 opt_ret=-171.201 step_rew=-1.7120 opt_step=-1.7120 gap0=171.201 dret=+94.639 eval_ret=n/a pursuer_target_distance=1.846 capture=0.014 score=0.005 pol=-0.0016 val=0.0409 ent=1.2237 tot=+0.0105 agnorm=0.193 cgnorm=0.116 kl=0.0024 clipf=0.018 ev=+0.893 r0=1.0000 entcoef=6.80e-03 lr=4.5e-04 seed=0
iter= 223 step= 716800 ep_ret=-202.438 opt_ret=-202.438 step_rew=-2.0244 opt_step=-2.0244 gap0=202.438 dret=+63.401 eval_ret=n/a pursuer_target_distance=2.211 capture=0.020 score=0.006 pol=-0.0021 val=0.0410 ent=1.2694 tot=+0.0098 agnorm=0.080 cgnorm=0.122 kl=0.0031 clipf=0.031 ev=+0.922 r0=1.0000 entcoef=6.78e-03 lr=4.5e-04 seed=0
iter= 224 step= 720000 ep_ret=-109.312 opt_ret=-109.312 step_rew=-1.0931 opt_step=-1.0931 gap0=109.312 dret=+156.527 eval_ret=n/a pursuer_target_distance=1.433 capture=0.035 score=0.014 pol=-0.0017 val=0.0469 ent=1.2499 tot=+0.0133 agnorm=0.169 cgnorm=0.120 kl=0.0018 clipf=0.012 ev=+0.846 r0=1.0000 entcoef=6.77e-03 lr=4.5e-04 seed=0
iter= 225 step= 723200 ep_ret=-82.210 opt_ret=-82.210 step_rew=-0.8221 opt_step=-0.8221 gap0=82.210 dret=+183.630 eval_ret=n/a pursuer_target_distance=1.246 capture=0.043 score=0.019 pol=-0.0020 val=0.0370 ent=1.2596 tot=+0.0081 agnorm=0.086 cgnorm=0.124 kl=0.0033 clipf=0.029 ev=+0.876 r0=1.0000 entcoef=6.75e-03 lr=4.5e-04 seed=0
iter= 226 step= 726400 ep_ret=-157.947 opt_ret=-157.947 step_rew=-1.5795 opt_step=-1.5795 gap0=157.947 dret=+107.893 eval_ret=n/a pursuer_target_distance=1.763 capture=0.019 score=0.007 pol=-0.0015 val=0.0360 ent=1.2665 tot=+0.0080 agnorm=0.059 cgnorm=0.155 kl=0.0017 clipf=0.015 ev=+0.894 r0=1.0000 entcoef=6.74e-03 lr=4.5e-04 seed=0
iter= 227 step= 729600 ep_ret=-91.277 opt_ret=-91.277 step_rew=-0.9128 opt_step=-0.9128 gap0=91.277 dret=+174.563 eval_ret=n/a pursuer_target_distance=1.290 capture=0.039 score=0.017 pol=-0.0019 val=0.0378 ent=1.2418 tot=+0.0087 agnorm=0.092 cgnorm=0.150 kl=0.0027 clipf=0.024 ev=+0.876 r0=1.0000 entcoef=6.73e-03 lr=4.5e-04 seed=0
iter= 228 step= 732800 ep_ret=-59.794 opt_ret=-59.794 step_rew=-0.5979 opt_step=-0.5979 gap0=59.794 dret=+206.046 eval_ret=n/a pursuer_target_distance=1.044 capture=0.046 score=0.022 pol=-0.0023 val=0.0429 ent=1.2673 tot=+0.0107 agnorm=0.091 cgnorm=0.176 kl=0.0030 clipf=0.027 ev=+0.789 r0=1.0000 entcoef=6.71e-03 lr=4.5e-04 seed=0
iter= 229 step= 736000 ep_ret=-158.927 opt_ret=-158.927 step_rew=-1.5893 opt_step=-1.5893 gap0=158.927 dret=+106.912 eval_ret=n/a pursuer_target_distance=1.795 capture=0.022 score=0.008 pol=-0.0022 val=0.0395 ent=1.2252 tot=+0.0094 agnorm=0.103 cgnorm=0.134 kl=0.0034 clipf=0.037 ev=+0.898 r0=1.0000 entcoef=6.70e-03 lr=4.5e-04 seed=0
iter= 230 step= 739200 ep_ret=-94.371 opt_ret=-94.371 step_rew=-0.9437 opt_step=-0.9437 gap0=94.371 dret=+171.469 eval_ret=n/a pursuer_target_distance=1.431 capture=0.050 score=0.020 pol=-0.0020 val=0.0547 ent=1.2188 tot=+0.0172 agnorm=0.084 cgnorm=0.147 kl=0.0025 clipf=0.022 ev=+0.820 r0=1.0000 entcoef=6.68e-03 lr=4.5e-04 seed=0
iter= 231 step= 742400 ep_ret=-139.581 opt_ret=-139.581 step_rew=-1.3958 opt_step=-1.3958 gap0=139.581 dret=+126.258 eval_ret=n/a pursuer_target_distance=1.670 capture=0.028 score=0.011 pol=-0.0025 val=0.0374 ent=1.2396 tot=+0.0079 agnorm=0.096 cgnorm=0.127 kl=0.0028 clipf=0.030 ev=+0.907 r0=1.0000 entcoef=6.67e-03 lr=4.4e-04 seed=0
iter= 232 step= 745600 ep_ret=-130.007 opt_ret=-130.007 step_rew=-1.3001 opt_step=-1.3001 gap0=130.007 dret=+135.833 eval_ret=n/a pursuer_target_distance=1.456 capture=0.017 score=0.007 pol=-0.0022 val=0.0304 ent=1.2482 tot=+0.0047 agnorm=0.114 cgnorm=0.120 kl=0.0028 clipf=0.025 ev=+0.902 r0=1.0000 entcoef=6.65e-03 lr=4.4e-04 seed=0
iter= 233 step= 748800 ep_ret=-103.541 opt_ret=-103.541 step_rew=-1.0354 opt_step=-1.0354 gap0=103.541 dret=+162.298 eval_ret=n/a pursuer_target_distance=1.422 capture=0.040 score=0.016 pol=-0.0016 val=0.0397 ent=1.2483 tot=+0.0099 agnorm=0.079 cgnorm=0.138 kl=0.0026 clipf=0.024 ev=+0.822 r0=1.0000 entcoef=6.64e-03 lr=4.4e-04 seed=0
iter= 234 step= 752000 ep_ret=-153.436 opt_ret=-153.436 step_rew=-1.5344 opt_step=-1.5344 gap0=153.436 dret=+112.404 eval_ret=n/a pursuer_target_distance=1.806 capture=0.028 score=0.010 pol=-0.0022 val=0.0333 ent=1.2493 tot=+0.0062 agnorm=0.106 cgnorm=0.115 kl=0.0024 clipf=0.027 ev=+0.890 r0=1.0000 entcoef=6.62e-03 lr=4.4e-04 seed=0
iter= 235 step= 755200 ep_ret=-129.720 opt_ret=-129.720 step_rew=-1.2972 opt_step=-1.2972 gap0=129.720 dret=+136.119 eval_ret=n/a pursuer_target_distance=1.515 capture=0.023 score=0.009 pol=-0.0023 val=0.0283 ent=1.2408 tot=+0.0036 agnorm=0.085 cgnorm=0.131 kl=0.0032 clipf=0.035 ev=+0.898 r0=1.0000 entcoef=6.61e-03 lr=4.4e-04 seed=0
iter= 236 step= 758400 ep_ret=-116.807 opt_ret=-116.807 step_rew=-1.1681 opt_step=-1.1681 gap0=116.807 dret=+149.032 eval_ret=n/a pursuer_target_distance=1.686 capture=0.053 score=0.020 pol=-0.0018 val=0.0588 ent=1.2094 tot=+0.0197 agnorm=0.150 cgnorm=0.185 kl=0.0030 clipf=0.031 ev=+0.845 r0=1.0000 entcoef=6.60e-03 lr=4.4e-04 seed=0
iter= 237 step= 761600 ep_ret=-128.420 opt_ret=-128.420 step_rew=-1.2842 opt_step=-1.2842 gap0=128.420 dret=+137.419 eval_ret=n/a pursuer_target_distance=1.468 capture=0.019 score=0.008 pol=-0.0017 val=0.0245 ent=1.2229 tot=+0.0025 agnorm=0.104 cgnorm=0.074 kl=0.0029 clipf=0.029 ev=+0.920 r0=1.0000 entcoef=6.58e-03 lr=4.4e-04 seed=0
iter= 238 step= 764800 ep_ret=-69.246 opt_ret=-69.246 step_rew=-0.6925 opt_step=-0.6925 gap0=69.246 dret=+196.594 eval_ret=n/a pursuer_target_distance=1.457 capture=0.077 score=0.032 pol=-0.0026 val=0.0579 ent=1.2352 tot=+0.0182 agnorm=0.114 cgnorm=0.174 kl=0.0036 clipf=0.034 ev=+0.868 r0=1.0000 entcoef=6.57e-03 lr=4.4e-04 seed=0
iter= 239 step= 768000 ep_ret=-82.692 opt_ret=-82.692 step_rew=-0.8269 opt_step=-0.8269 gap0=82.692 dret=+183.148 eval_ret=n/a pursuer_target_distance=1.479 capture=0.066 score=0.027 pol=-0.0018 val=0.0525 ent=1.1791 tot=+0.0167 agnorm=0.124 cgnorm=0.139 kl=0.0019 clipf=0.015 ev=+0.854 r0=1.0000 entcoef=6.55e-03 lr=4.4e-04 seed=0
iter= 240 step= 771200 ep_ret=-123.066 opt_ret=-123.066 step_rew=-1.2307 opt_step=-1.2307 gap0=123.066 dret=+142.774 eval_ret=-71.209 pursuer_target_distance=1.514 capture=0.029 score=0.012 pol=-0.0020 val=0.0236 ent=1.1650 tot=+0.0022 agnorm=0.090 cgnorm=0.103 kl=0.0025 clipf=0.024 ev=+0.924 r0=1.0000 entcoef=6.54e-03 lr=4.3e-04 seed=0
iter= 241 step= 774400 ep_ret=-83.549 opt_ret=-83.549 step_rew=-0.8355 opt_step=-0.8355 gap0=83.549 dret=+182.291 eval_ret=n/a pursuer_target_distance=1.475 capture=0.065 score=0.026 pol=-0.0022 val=0.0454 ent=1.2004 tot=+0.0127 agnorm=0.163 cgnorm=0.120 kl=0.0030 clipf=0.029 ev=+0.891 r0=1.0000 entcoef=6.52e-03 lr=4.3e-04 seed=0
iter= 242 step= 777600 ep_ret=-48.909 opt_ret=-48.909 step_rew=-0.4891 opt_step=-0.4891 gap0=48.909 dret=+216.931 eval_ret=n/a pursuer_target_distance=1.195 capture=0.072 score=0.033 pol=-0.0024 val=0.0556 ent=1.1880 tot=+0.0177 agnorm=0.100 cgnorm=0.148 kl=0.0027 clipf=0.026 ev=+0.849 r0=1.0000 entcoef=6.51e-03 lr=4.3e-04 seed=0
iter= 243 step= 780800 ep_ret=-63.504 opt_ret=-63.504 step_rew=-0.6350 opt_step=-0.6350 gap0=63.504 dret=+202.335 eval_ret=n/a pursuer_target_distance=1.372 capture=0.075 score=0.031 pol=-0.0024 val=0.0567 ent=1.1480 tot=+0.0185 agnorm=0.146 cgnorm=0.158 kl=0.0037 clipf=0.039 ev=+0.856 r0=1.0000 entcoef=6.50e-03 lr=4.3e-04 seed=0
iter= 244 step= 784000 ep_ret=-41.683 opt_ret=-41.683 step_rew=-0.4168 opt_step=-0.4168 gap0=41.683 dret=+224.157 eval_ret=n/a pursuer_target_distance=1.344 capture=0.094 score=0.040 pol=-0.0020 val=0.0524 ent=1.1633 tot=+0.0166 agnorm=0.112 cgnorm=0.166 kl=0.0023 clipf=0.020 ev=+0.899 r0=1.0000 entcoef=6.48e-03 lr=4.3e-04 seed=0
iter= 245 step= 787200 ep_ret=-103.982 opt_ret=-103.982 step_rew=-1.0398 opt_step=-1.0398 gap0=103.982 dret=+161.858 eval_ret=n/a pursuer_target_distance=1.608 capture=0.058 score=0.022 pol=-0.0020 val=0.0523 ent=1.1706 tot=+0.0166 agnorm=0.095 cgnorm=0.123 kl=0.0036 clipf=0.042 ev=+0.905 r0=1.0000 entcoef=6.47e-03 lr=4.3e-04 seed=0
iter= 246 step= 790400 ep_ret=-62.595 opt_ret=-62.595 step_rew=-0.6259 opt_step=-0.6259 gap0=62.595 dret=+203.245 eval_ret=n/a pursuer_target_distance=1.425 capture=0.081 score=0.033 pol=-0.0026 val=0.0560 ent=1.1695 tot=+0.0179 agnorm=0.192 cgnorm=0.139 kl=0.0027 clipf=0.029 ev=+0.867 r0=1.0000 entcoef=6.45e-03 lr=4.3e-04 seed=0
iter= 247 step= 793600 ep_ret=-32.100 opt_ret=-32.100 step_rew=-0.3210 opt_step=-0.3210 gap0=32.100 dret=+233.740 eval_ret=n/a pursuer_target_distance=1.445 capture=0.113 score=0.046 pol=-0.0021 val=0.0666 ent=1.1688 tot=+0.0237 agnorm=0.142 cgnorm=0.182 kl=0.0026 clipf=0.026 ev=+0.887 r0=1.0000 entcoef=6.44e-03 lr=4.3e-04 seed=0
iter= 248 step= 796800 ep_ret=-49.031 opt_ret=-49.031 step_rew=-0.4903 opt_step=-0.4903 gap0=49.031 dret=+216.809 eval_ret=n/a pursuer_target_distance=1.333 capture=0.085 score=0.037 pol=-0.0019 val=0.0475 ent=1.1451 tot=+0.0145 agnorm=0.138 cgnorm=0.119 kl=0.0026 clipf=0.023 ev=+0.916 r0=1.0000 entcoef=6.42e-03 lr=4.3e-04 seed=0
iter= 249 step= 800000 ep_ret=-22.546 opt_ret=-22.546 step_rew=-0.2255 opt_step=-0.2255 gap0=22.546 dret=+243.293 eval_ret=n/a pursuer_target_distance=1.272 capture=0.106 score=0.046 pol=-0.0024 val=0.0640 ent=1.1689 tot=+0.0221 agnorm=0.171 cgnorm=0.185 kl=0.0023 clipf=0.021 ev=+0.856 r0=1.0000 entcoef=6.41e-03 lr=4.2e-04 seed=0
iter= 250 step= 803200 ep_ret=+6.724 opt_ret=+6.724 step_rew=0.0672 opt_step=0.0672 gap0=0.000 dret=+272.563 eval_ret=n/a pursuer_target_distance=1.117 capture=0.119 score=0.056 pol=-0.0024 val=0.0697 ent=1.1422 tot=+0.0251 agnorm=0.282 cgnorm=0.188 kl=0.0033 clipf=0.035 ev=+0.848 r0=1.0000 entcoef=6.39e-03 lr=4.2e-04 seed=0
iter= 251 step= 806400 ep_ret=+52.838 opt_ret=+52.838 step_rew=0.5284 opt_step=0.5284 gap0=0.000 dret=+318.678 eval_ret=n/a pursuer_target_distance=1.074 capture=0.161 score=0.078 pol=-0.0021 val=0.0651 ent=1.1118 tot=+0.0234 agnorm=0.174 cgnorm=0.147 kl=0.0027 clipf=0.026 ev=+0.873 r0=1.0000 entcoef=6.38e-03 lr=4.2e-04 seed=0
iter= 252 step= 809600 ep_ret=-77.104 opt_ret=-77.104 step_rew=-0.7710 opt_step=-0.7710 gap0=77.104 dret=+188.736 eval_ret=n/a pursuer_target_distance=1.677 capture=0.092 score=0.034 pol=-0.0022 val=0.0594 ent=1.0947 tot=+0.0205 agnorm=0.166 cgnorm=0.164 kl=0.0028 clipf=0.032 ev=+0.877 r0=1.0000 entcoef=6.37e-03 lr=4.2e-04 seed=0
iter= 253 step= 812800 ep_ret=-29.062 opt_ret=-29.062 step_rew=-0.2906 opt_step=-0.2906 gap0=29.062 dret=+236.778 eval_ret=n/a pursuer_target_distance=1.402 capture=0.112 score=0.047 pol=-0.0021 val=0.0562 ent=1.1003 tot=+0.0190 agnorm=0.169 cgnorm=0.182 kl=0.0030 clipf=0.030 ev=+0.866 r0=1.0000 entcoef=6.35e-03 lr=4.2e-04 seed=0
iter= 254 step= 816000 ep_ret=-23.581 opt_ret=-23.581 step_rew=-0.2358 opt_step=-0.2358 gap0=23.581 dret=+242.259 eval_ret=n/a pursuer_target_distance=1.360 capture=0.113 score=0.048 pol=-0.0019 val=0.0596 ent=1.1263 tot=+0.0208 agnorm=0.139 cgnorm=0.156 kl=0.0022 clipf=0.020 ev=+0.873 r0=1.0000 entcoef=6.34e-03 lr=4.2e-04 seed=0
iter= 255 step= 819200 ep_ret=-13.041 opt_ret=-13.041 step_rew=-0.1304 opt_step=-0.1304 gap0=13.041 dret=+252.799 eval_ret=n/a pursuer_target_distance=1.420 capture=0.130 score=0.054 pol=-0.0021 val=0.0640 ent=1.1656 tot=+0.0225 agnorm=0.144 cgnorm=0.168 kl=0.0023 clipf=0.019 ev=+0.875 r0=1.0000 entcoef=6.32e-03 lr=4.2e-04 seed=0
iter= 256 step= 822400 ep_ret=+43.615 opt_ret=+43.615 step_rew=0.4361 opt_step=0.4361 gap0=0.000 dret=+309.455 eval_ret=n/a pursuer_target_distance=1.026 capture=0.147 score=0.073 pol=-0.0025 val=0.0557 ent=1.1517 tot=+0.0180 agnorm=0.152 cgnorm=0.157 kl=0.0033 clipf=0.035 ev=+0.850 r0=1.0000 entcoef=6.31e-03 lr=4.2e-04 seed=0
iter= 257 step= 825600 ep_ret=+13.168 opt_ret=+13.168 step_rew=0.1317 opt_step=0.1317 gap0=0.000 dret=+279.007 eval_ret=n/a pursuer_target_distance=1.240 capture=0.138 score=0.062 pol=-0.0022 val=0.0495 ent=1.1797 tot=+0.0151 agnorm=0.181 cgnorm=0.196 kl=0.0025 clipf=0.026 ev=+0.902 r0=1.0000 entcoef=6.29e-03 lr=4.2e-04 seed=0
iter= 258 step= 828800 ep_ret=-17.411 opt_ret=-17.411 step_rew=-0.1741 opt_step=-0.1741 gap0=17.411 dret=+248.429 eval_ret=n/a pursuer_target_distance=1.286 capture=0.112 score=0.049 pol=-0.0023 val=0.0480 ent=1.1500 tot=+0.0145 agnorm=0.152 cgnorm=0.145 kl=0.0025 clipf=0.020 ev=+0.898 r0=1.0000 entcoef=6.28e-03 lr=4.1e-04 seed=0
iter= 259 step= 832000 ep_ret=+0.359 opt_ret=+0.359 step_rew=0.0036 opt_step=0.0036 gap0=0.000 dret=+266.199 eval_ret=n/a pursuer_target_distance=1.371 capture=0.138 score=0.058 pol=-0.0025 val=0.0476 ent=1.1512 tot=+0.0141 agnorm=0.199 cgnorm=0.159 kl=0.0027 clipf=0.028 ev=+0.915 r0=1.0000 entcoef=6.26e-03 lr=4.1e-04 seed=0
iter= 260 step= 835200 ep_ret=-29.537 opt_ret=-29.537 step_rew=-0.2954 opt_step=-0.2954 gap0=29.537 dret=+236.303 eval_ret=-14.492 pursuer_target_distance=1.613 capture=0.133 score=0.051 pol=-0.0019 val=0.0587 ent=1.1390 tot=+0.0203 agnorm=0.168 cgnorm=0.206 kl=0.0023 clipf=0.017 ev=+0.914 r0=1.0000 entcoef=6.25e-03 lr=4.1e-04 seed=0
iter= 261 step= 838400 ep_ret=-38.380 opt_ret=-38.380 step_rew=-0.3838 opt_step=-0.3838 gap0=38.380 dret=+227.460 eval_ret=n/a pursuer_target_distance=1.661 capture=0.129 score=0.048 pol=-0.0025 val=0.0545 ent=1.1571 tot=+0.0175 agnorm=0.195 cgnorm=0.172 kl=0.0032 clipf=0.035 ev=+0.904 r0=1.0000 entcoef=6.24e-03 lr=4.1e-04 seed=0
iter= 262 step= 841600 ep_ret=+86.412 opt_ret=+86.412 step_rew=0.8641 opt_step=0.8641 gap0=0.000 dret=+352.252 eval_ret=n/a pursuer_target_distance=1.295 capture=0.217 score=0.095 pol=-0.0020 val=0.0653 ent=1.1597 tot=+0.0235 agnorm=0.262 cgnorm=0.198 kl=0.0022 clipf=0.019 ev=+0.894 r0=1.0000 entcoef=6.22e-03 lr=4.1e-04 seed=0
iter= 263 step= 844800 ep_ret=+27.242 opt_ret=+27.242 step_rew=0.2724 opt_step=0.2724 gap0=0.000 dret=+293.082 eval_ret=n/a pursuer_target_distance=1.380 capture=0.166 score=0.070 pol=-0.0025 val=0.0700 ent=1.1100 tot=+0.0257 agnorm=0.200 cgnorm=0.227 kl=0.0031 clipf=0.032 ev=+0.873 r0=1.0000 entcoef=6.21e-03 lr=4.1e-04 seed=0
iter= 264 step= 848000 ep_ret=+20.271 opt_ret=+20.271 step_rew=0.2027 opt_step=0.2027 gap0=0.000 dret=+286.111 eval_ret=n/a pursuer_target_distance=1.237 capture=0.145 score=0.065 pol=-0.0018 val=0.0569 ent=1.1104 tot=+0.0198 agnorm=0.174 cgnorm=0.212 kl=0.0023 clipf=0.021 ev=+0.850 r0=1.0000 entcoef=6.19e-03 lr=4.1e-04 seed=0
iter= 265 step= 851200 ep_ret=+115.324 opt_ret=+115.324 step_rew=1.1532 opt_step=1.1532 gap0=0.000 dret=+381.164 eval_ret=n/a pursuer_target_distance=0.815 capture=0.198 score=0.109 pol=-0.0025 val=0.0555 ent=1.0889 tot=+0.0186 agnorm=0.332 cgnorm=0.193 kl=0.0037 clipf=0.041 ev=+0.807 r0=1.0000 entcoef=6.18e-03 lr=4.1e-04 seed=0
iter= 266 step= 854400 ep_ret=+10.033 opt_ret=+10.033 step_rew=0.1003 opt_step=0.1003 gap0=0.000 dret=+275.873 eval_ret=n/a pursuer_target_distance=1.596 capture=0.171 score=0.066 pol=-0.0017 val=0.0484 ent=1.0982 tot=+0.0157 agnorm=0.284 cgnorm=0.181 kl=0.0020 clipf=0.018 ev=+0.915 r0=1.0000 entcoef=6.16e-03 lr=4.1e-04 seed=0
iter= 267 step= 857600 ep_ret=+40.959 opt_ret=+40.959 step_rew=0.4096 opt_step=0.4096 gap0=0.000 dret=+306.799 eval_ret=n/a pursuer_target_distance=1.287 capture=0.171 score=0.075 pol=-0.0019 val=0.0502 ent=1.0843 tot=+0.0165 agnorm=0.261 cgnorm=0.147 kl=0.0029 clipf=0.029 ev=+0.909 r0=1.0000 entcoef=6.15e-03 lr=4.0e-04 seed=0
iter= 268 step= 860800 ep_ret=+3.823 opt_ret=+3.823 step_rew=0.0382 opt_step=0.0382 gap0=0.000 dret=+269.663 eval_ret=n/a pursuer_target_distance=1.689 capture=0.174 score=0.065 pol=-0.0017 val=0.0512 ent=1.1096 tot=+0.0171 agnorm=0.223 cgnorm=0.160 kl=0.0023 clipf=0.023 ev=+0.929 r0=1.0000 entcoef=6.13e-03 lr=4.0e-04 seed=0
iter= 269 step= 864000 ep_ret=+42.410 opt_ret=+42.410 step_rew=0.4241 opt_step=0.4241 gap0=0.000 dret=+308.250 eval_ret=n/a pursuer_target_distance=1.466 capture=0.190 score=0.077 pol=-0.0021 val=0.0474 ent=1.0886 tot=+0.0150 agnorm=0.405 cgnorm=0.137 kl=0.0029 clipf=0.033 ev=+0.921 r0=1.0000 entcoef=6.12e-03 lr=4.0e-04 seed=0
iter= 270 step= 867200 ep_ret=-45.976 opt_ret=-45.976 step_rew=-0.4598 opt_step=-0.4598 gap0=45.976 dret=+219.863 eval_ret=n/a pursuer_target_distance=1.834 capture=0.138 score=0.049 pol=-0.0019 val=0.0546 ent=1.1131 tot=+0.0186 agnorm=0.389 cgnorm=0.198 kl=0.0031 clipf=0.032 ev=+0.902 r0=1.0000 entcoef=6.11e-03 lr=4.0e-04 seed=0
iter= 271 step= 870400 ep_ret=-12.404 opt_ret=-12.404 step_rew=-0.1240 opt_step=-0.1240 gap0=12.404 dret=+253.435 eval_ret=n/a pursuer_target_distance=1.620 capture=0.151 score=0.057 pol=-0.0019 val=0.0425 ent=1.0603 tot=+0.0129 agnorm=0.227 cgnorm=0.164 kl=0.0020 clipf=0.013 ev=+0.931 r0=1.0000 entcoef=6.09e-03 lr=4.0e-04 seed=0
iter= 272 step= 873600 ep_ret=-32.474 opt_ret=-32.474 step_rew=-0.3247 opt_step=-0.3247 gap0=32.474 dret=+233.366 eval_ret=n/a pursuer_target_distance=1.990 capture=0.168 score=0.056 pol=-0.0020 val=0.0484 ent=1.0809 tot=+0.0157 agnorm=0.220 cgnorm=0.144 kl=0.0018 clipf=0.015 ev=+0.944 r0=1.0000 entcoef=6.08e-03 lr=4.0e-04 seed=0
iter= 273 step= 876800 ep_ret=+75.516 opt_ret=+75.516 step_rew=0.7552 opt_step=0.7552 gap0=0.000 dret=+341.356 eval_ret=n/a pursuer_target_distance=1.313 capture=0.208 score=0.090 pol=-0.0017 val=0.0491 ent=1.0579 tot=+0.0164 agnorm=0.245 cgnorm=0.149 kl=0.0016 clipf=0.015 ev=+0.909 r0=1.0000 entcoef=6.06e-03 lr=4.0e-04 seed=0
iter= 274 step= 880000 ep_ret=+166.113 opt_ret=+166.113 step_rew=1.6611 opt_step=1.6611 gap0=0.000 dret=+431.952 eval_ret=n/a pursuer_target_distance=1.182 capture=0.285 score=0.131 pol=-0.0015 val=0.0550 ent=1.1024 tot=+0.0194 agnorm=0.383 cgnorm=0.186 kl=0.0023 clipf=0.023 ev=+0.893 r0=1.0000 entcoef=6.05e-03 lr=4.0e-04 seed=0
iter= 275 step= 883200 ep_ret=+46.213 opt_ret=+46.213 step_rew=0.4621 opt_step=0.4621 gap0=0.000 dret=+312.052 eval_ret=n/a pursuer_target_distance=1.293 capture=0.177 score=0.077 pol=-0.0022 val=0.0368 ent=1.0879 tot=+0.0096 agnorm=0.264 cgnorm=0.145 kl=0.0030 clipf=0.029 ev=+0.937 r0=1.0000 entcoef=6.03e-03 lr=4.0e-04 seed=0
iter= 276 step= 886400 ep_ret=+140.948 opt_ret=+140.948 step_rew=1.4095 opt_step=1.4095 gap0=0.000 dret=+406.788 eval_ret=n/a pursuer_target_distance=1.059 capture=0.248 score=0.120 pol=-0.0018 val=0.0494 ent=1.0429 tot=+0.0166 agnorm=0.207 cgnorm=0.188 kl=0.0026 clipf=0.029 ev=+0.876 r0=1.0000 entcoef=6.02e-03 lr=3.9e-04 seed=0
iter= 277 step= 889600 ep_ret=+143.984 opt_ret=+143.984 step_rew=1.4398 opt_step=1.4398 gap0=0.000 dret=+409.824 eval_ret=n/a pursuer_target_distance=1.156 capture=0.261 score=0.121 pol=-0.0028 val=0.0534 ent=1.0577 tot=+0.0176 agnorm=0.370 cgnorm=0.157 kl=0.0037 clipf=0.044 ev=+0.881 r0=1.0000 entcoef=6.00e-03 lr=3.9e-04 seed=0
iter= 278 step= 892800 ep_ret=+182.313 opt_ret=+182.313 step_rew=1.8231 opt_step=1.8231 gap0=0.000 dret=+448.153 eval_ret=n/a pursuer_target_distance=1.023 capture=0.286 score=0.141 pol=-0.0019 val=0.0424 ent=1.0493 tot=+0.0130 agnorm=0.399 cgnorm=0.163 kl=0.0037 clipf=0.039 ev=+0.912 r0=1.0000 entcoef=5.99e-03 lr=3.9e-04 seed=0
iter= 279 step= 896000 ep_ret=+87.482 opt_ret=+87.482 step_rew=0.8748 opt_step=0.8748 gap0=0.000 dret=+353.322 eval_ret=n/a pursuer_target_distance=1.412 capture=0.230 score=0.095 pol=-0.0022 val=0.0435 ent=1.0040 tot=+0.0135 agnorm=0.238 cgnorm=0.157 kl=0.0028 clipf=0.030 ev=+0.923 r0=1.0000 entcoef=5.98e-03 lr=3.9e-04 seed=0
iter= 280 step= 899200 ep_ret=+84.621 opt_ret=+84.621 step_rew=0.8462 opt_step=0.8462 gap0=0.000 dret=+350.461 eval_ret=+209.363 pursuer_target_distance=1.444 capture=0.230 score=0.094 pol=-0.0021 val=0.0380 ent=1.0317 tot=+0.0107 agnorm=0.289 cgnorm=0.128 kl=0.0021 clipf=0.019 ev=+0.924 r0=1.0000 entcoef=5.96e-03 lr=3.9e-04 seed=0
iter= 281 step= 902400 ep_ret=+153.124 opt_ret=+153.124 step_rew=1.5312 opt_step=1.5312 gap0=0.000 dret=+418.964 eval_ret=n/a pursuer_target_distance=1.246 capture=0.279 score=0.124 pol=-0.0025 val=0.0465 ent=1.0310 tot=+0.0147 agnorm=0.366 cgnorm=0.128 kl=0.0025 clipf=0.029 ev=+0.912 r0=1.0000 entcoef=5.95e-03 lr=3.9e-04 seed=0
iter= 282 step= 905600 ep_ret=+55.935 opt_ret=+55.935 step_rew=0.5593 opt_step=0.5593 gap0=0.000 dret=+321.774 eval_ret=n/a pursuer_target_distance=1.499 capture=0.207 score=0.083 pol=-0.0021 val=0.0351 ent=1.0363 tot=+0.0093 agnorm=0.631 cgnorm=0.116 kl=0.0035 clipf=0.040 ev=+0.942 r0=1.0000 entcoef=5.93e-03 lr=3.9e-04 seed=0
iter= 283 step= 908800 ep_ret=+259.388 opt_ret=+259.388 step_rew=2.5939 opt_step=2.5939 gap0=0.000 dret=+525.227 eval_ret=n/a pursuer_target_distance=0.799 capture=0.340 score=0.189 pol=-0.0019 val=0.0328 ent=1.0236 tot=+0.0085 agnorm=0.339 cgnorm=0.138 kl=0.0032 clipf=0.036 ev=+0.901 r0=1.0000 entcoef=5.92e-03 lr=3.9e-04 seed=0
iter= 284 step= 912000 ep_ret=+100.717 opt_ret=+100.717 step_rew=1.0072 opt_step=1.0072 gap0=0.000 dret=+366.557 eval_ret=n/a pursuer_target_distance=1.336 capture=0.235 score=0.101 pol=-0.0008 val=0.0371 ent=1.0587 tot=+0.0115 agnorm=0.594 cgnorm=0.129 kl=0.0029 clipf=0.034 ev=+0.928 r0=1.0000 entcoef=5.90e-03 lr=3.9e-04 seed=0
iter= 285 step= 915200 ep_ret=+160.302 opt_ret=+160.302 step_rew=1.6030 opt_step=1.6030 gap0=0.000 dret=+426.142 eval_ret=n/a pursuer_target_distance=1.293 capture=0.291 score=0.127 pol=-0.0024 val=0.0379 ent=1.0713 tot=+0.0102 agnorm=0.556 cgnorm=0.127 kl=0.0036 clipf=0.041 ev=+0.927 r0=1.0000 entcoef=5.89e-03 lr=3.8e-04 seed=0
iter= 286 step= 918400 ep_ret=+146.967 opt_ret=+146.967 step_rew=1.4697 opt_step=1.4697 gap0=0.000 dret=+412.807 eval_ret=n/a pursuer_target_distance=1.170 capture=0.265 score=0.122 pol=-0.0017 val=0.0353 ent=1.0429 tot=+0.0098 agnorm=0.545 cgnorm=0.106 kl=0.0030 clipf=0.031 ev=+0.898 r0=1.0000 entcoef=5.88e-03 lr=3.8e-04 seed=0
iter= 287 step= 921600 ep_ret=+160.176 opt_ret=+160.176 step_rew=1.6018 opt_step=1.6018 gap0=0.000 dret=+426.016 eval_ret=n/a pursuer_target_distance=1.157 capture=0.277 score=0.128 pol=-0.0019 val=0.0287 ent=1.0646 tot=+0.0062 agnorm=0.514 cgnorm=0.129 kl=0.0029 clipf=0.032 ev=+0.937 r0=1.0000 entcoef=5.86e-03 lr=3.8e-04 seed=0
iter= 288 step= 924800 ep_ret=+123.915 opt_ret=+123.915 step_rew=1.2391 opt_step=1.2391 gap0=0.000 dret=+389.754 eval_ret=n/a pursuer_target_distance=1.413 capture=0.266 score=0.110 pol=-0.0024 val=0.0425 ent=1.0668 tot=+0.0126 agnorm=0.377 cgnorm=0.179 kl=0.0026 clipf=0.026 ev=+0.906 r0=1.0000 entcoef=5.85e-03 lr=3.8e-04 seed=0
iter= 289 step= 928000 ep_ret=+191.200 opt_ret=+191.200 step_rew=1.9120 opt_step=1.9120 gap0=0.000 dret=+457.039 eval_ret=n/a pursuer_target_distance=1.128 capture=0.305 score=0.143 pol=-0.0019 val=0.0435 ent=1.0101 tot=+0.0140 agnorm=0.394 cgnorm=0.163 kl=0.0023 clipf=0.021 ev=+0.907 r0=1.0000 entcoef=5.83e-03 lr=3.8e-04 seed=0
iter= 290 step= 931200 ep_ret=+204.227 opt_ret=+204.227 step_rew=2.0423 opt_step=2.0423 gap0=0.000 dret=+470.067 eval_ret=n/a pursuer_target_distance=1.029 capture=0.308 score=0.152 pol=-0.0006 val=0.0360 ent=1.0189 tot=+0.0115 agnorm=1.004 cgnorm=0.141 kl=0.0035 clipf=0.041 ev=+0.899 r0=1.0000 entcoef=5.82e-03 lr=3.8e-04 seed=0
iter= 291 step= 934400 ep_ret=+203.329 opt_ret=+203.329 step_rew=2.0333 opt_step=2.0333 gap0=0.000 dret=+469.169 eval_ret=n/a pursuer_target_distance=0.991 capture=0.303 score=0.152 pol=-0.0025 val=0.0378 ent=1.0321 tot=+0.0105 agnorm=0.400 cgnorm=0.148 kl=0.0028 clipf=0.031 ev=+0.882 r0=1.0000 entcoef=5.80e-03 lr=3.8e-04 seed=0
iter= 292 step= 937600 ep_ret=+146.437 opt_ret=+146.437 step_rew=1.4644 opt_step=1.4644 gap0=0.000 dret=+412.276 eval_ret=n/a pursuer_target_distance=1.326 capture=0.280 score=0.120 pol=-0.0017 val=0.0264 ent=1.0247 tot=+0.0055 agnorm=0.236 cgnorm=0.118 kl=0.0023 clipf=0.016 ev=+0.935 r0=1.0000 entcoef=5.79e-03 lr=3.8e-04 seed=0
iter= 293 step= 940800 ep_ret=+227.612 opt_ret=+227.612 step_rew=2.2761 opt_step=2.2761 gap0=0.000 dret=+493.452 eval_ret=n/a pursuer_target_distance=1.048 capture=0.333 score=0.163 pol=-0.0019 val=0.0380 ent=0.9893 tot=+0.0114 agnorm=0.378 cgnorm=0.135 kl=0.0024 clipf=0.026 ev=+0.904 r0=1.0000 entcoef=5.77e-03 lr=3.8e-04 seed=0
iter= 294 step= 944000 ep_ret=+226.829 opt_ret=+226.829 step_rew=2.2683 opt_step=2.2683 gap0=0.000 dret=+492.669 eval_ret=n/a pursuer_target_distance=1.172 capture=0.345 score=0.159 pol=-0.0022 val=0.0254 ent=1.0271 tot=+0.0046 agnorm=0.415 cgnorm=0.111 kl=0.0026 clipf=0.024 ev=+0.940 r0=1.0000 entcoef=5.76e-03 lr=3.7e-04 seed=0
iter= 295 step= 947200 ep_ret=+156.614 opt_ret=+156.614 step_rew=1.5661 opt_step=1.5661 gap0=0.000 dret=+422.454 eval_ret=n/a pursuer_target_distance=1.202 capture=0.278 score=0.126 pol=-0.0013 val=0.0355 ent=0.9672 tot=+0.0108 agnorm=0.388 cgnorm=0.148 kl=0.0027 clipf=0.025 ev=+0.896 r0=1.0000 entcoef=5.75e-03 lr=3.7e-04 seed=0
iter= 296 step= 950400 ep_ret=+87.741 opt_ret=+87.741 step_rew=0.8774 opt_step=0.8774 gap0=0.000 dret=+353.581 eval_ret=n/a pursuer_target_distance=1.494 capture=0.238 score=0.095 pol=-0.0011 val=0.0312 ent=1.0310 tot=+0.0086 agnorm=0.538 cgnorm=0.136 kl=0.0025 clipf=0.027 ev=+0.896 r0=1.0000 entcoef=5.73e-03 lr=3.7e-04 seed=0
iter= 297 step= 953600 ep_ret=+158.165 opt_ret=+158.165 step_rew=1.5817 opt_step=1.5817 gap0=0.000 dret=+424.005 eval_ret=n/a pursuer_target_distance=1.449 capture=0.304 score=0.124 pol=-0.0018 val=0.0317 ent=0.9945 tot=+0.0083 agnorm=1.150 cgnorm=0.123 kl=0.0032 clipf=0.040 ev=+0.918 r0=1.0000 entcoef=5.72e-03 lr=3.7e-04 seed=0
iter= 298 step= 956800 ep_ret=+198.168 opt_ret=+198.168 step_rew=1.9817 opt_step=1.9817 gap0=0.000 dret=+464.008 eval_ret=n/a pursuer_target_distance=1.324 capture=0.332 score=0.143 pol=-0.0019 val=0.0239 ent=1.0052 tot=+0.0043 agnorm=0.471 cgnorm=0.093 kl=0.0027 clipf=0.033 ev=+0.947 r0=1.0000 entcoef=5.70e-03 lr=3.7e-04 seed=0
iter= 299 step= 960000 ep_ret=+203.798 opt_ret=+203.798 step_rew=2.0380 opt_step=2.0380 gap0=0.000 dret=+469.638 eval_ret=n/a pursuer_target_distance=1.202 capture=0.325 score=0.148 pol=-0.0015 val=0.0250 ent=1.0326 tot=+0.0052 agnorm=0.284 cgnorm=0.100 kl=0.0019 clipf=0.017 ev=+0.928 r0=1.0000 entcoef=5.69e-03 lr=3.7e-04 seed=0
iter= 300 step= 963200 ep_ret=+265.027 opt_ret=+265.027 step_rew=2.6503 opt_step=2.6503 gap0=0.000 dret=+530.866 eval_ret=+326.540 pursuer_target_distance=0.943 capture=0.360 score=0.185 pol=-0.0018 val=0.0281 ent=1.0016 tot=+0.0065 agnorm=0.455 cgnorm=0.110 kl=0.0028 clipf=0.029 ev=+0.880 r0=1.0000 entcoef=5.67e-03 lr=3.7e-04 seed=0
iter= 301 step= 966400 ep_ret=+152.611 opt_ret=+152.611 step_rew=1.5261 opt_step=1.5261 gap0=0.000 dret=+418.451 eval_ret=n/a pursuer_target_distance=1.386 capture=0.292 score=0.122 pol=-0.0022 val=0.0257 ent=0.9880 tot=+0.0050 agnorm=0.425 cgnorm=0.131 kl=0.0029 clipf=0.034 ev=+0.920 r0=1.0000 entcoef=5.66e-03 lr=3.7e-04 seed=0
iter= 302 step= 969600 ep_ret=+126.398 opt_ret=+126.398 step_rew=1.2640 opt_step=1.2640 gap0=0.000 dret=+392.237 eval_ret=n/a pursuer_target_distance=1.539 capture=0.281 score=0.111 pol=-0.0015 val=0.0254 ent=0.9971 tot=+0.0056 agnorm=0.868 cgnorm=0.118 kl=0.0025 clipf=0.026 ev=+0.917 r0=1.0000 entcoef=5.64e-03 lr=3.7e-04 seed=0
iter= 303 step= 972800 ep_ret=+177.098 opt_ret=+177.098 step_rew=1.7710 opt_step=1.7710 gap0=0.000 dret=+442.937 eval_ret=n/a pursuer_target_distance=1.178 capture=0.296 score=0.136 pol=-0.0012 val=0.0294 ent=1.0253 tot=+0.0077 agnorm=0.643 cgnorm=0.132 kl=0.0030 clipf=0.031 ev=+0.886 r0=1.0000 entcoef=5.63e-03 lr=3.6e-04 seed=0
iter= 304 step= 976000 ep_ret=+124.172 opt_ret=+124.172 step_rew=1.2417 opt_step=1.2417 gap0=0.000 dret=+390.012 eval_ret=n/a pursuer_target_distance=1.230 capture=0.248 score=0.111 pol=-0.0017 val=0.0244 ent=0.9719 tot=+0.0050 agnorm=0.592 cgnorm=0.108 kl=0.0025 clipf=0.024 ev=+0.917 r0=1.0000 entcoef=5.62e-03 lr=3.6e-04 seed=0
iter= 305 step= 979200 ep_ret=+225.119 opt_ret=+225.119 step_rew=2.2512 opt_step=2.2512 gap0=0.000 dret=+490.959 eval_ret=n/a pursuer_target_distance=1.070 capture=0.333 score=0.161 pol=-0.0013 val=0.0291 ent=1.0321 tot=+0.0075 agnorm=0.818 cgnorm=0.131 kl=0.0037 clipf=0.041 ev=+0.876 r0=1.0000 entcoef=5.60e-03 lr=3.6e-04 seed=0
iter= 306 step= 982400 ep_ret=+121.873 opt_ret=+121.873 step_rew=1.2187 opt_step=1.2187 gap0=0.000 dret=+387.713 eval_ret=n/a pursuer_target_distance=1.365 capture=0.259 score=0.110 pol=-0.0012 val=0.0195 ent=1.0122 tot=+0.0029 agnorm=0.410 cgnorm=0.099 kl=0.0025 clipf=0.025 ev=+0.938 r0=1.0000 entcoef=5.59e-03 lr=3.6e-04 seed=0
iter= 307 step= 985600 ep_ret=+259.236 opt_ret=+259.236 step_rew=2.5924 opt_step=2.5924 gap0=0.000 dret=+525.075 eval_ret=n/a pursuer_target_distance=0.907 capture=0.351 score=0.184 pol=-0.0019 val=0.0322 ent=0.9679 tot=+0.0088 agnorm=0.316 cgnorm=0.121 kl=0.0027 clipf=0.028 ev=+0.823 r0=1.0000 entcoef=5.57e-03 lr=3.6e-04 seed=0
iter= 308 step= 988800 ep_ret=+213.582 opt_ret=+213.582 step_rew=2.1358 opt_step=2.1358 gap0=0.000 dret=+479.422 eval_ret=n/a pursuer_target_distance=1.129 capture=0.328 score=0.154 pol=-0.0019 val=0.0209 ent=0.9798 tot=+0.0031 agnorm=0.354 cgnorm=0.102 kl=0.0026 clipf=0.028 ev=+0.923 r0=1.0000 entcoef=5.56e-03 lr=3.6e-04 seed=0
iter= 309 step= 992000 ep_ret=+182.085 opt_ret=+182.085 step_rew=1.8208 opt_step=1.8208 gap0=0.000 dret=+447.924 eval_ret=n/a pursuer_target_distance=1.282 capture=0.311 score=0.136 pol=-0.0021 val=0.0195 ent=0.9663 tot=+0.0023 agnorm=0.448 cgnorm=0.083 kl=0.0027 clipf=0.030 ev=+0.939 r0=1.0000 entcoef=5.54e-03 lr=3.6e-04 seed=0
iter= 310 step= 995200 ep_ret=+113.448 opt_ret=+113.448 step_rew=1.1345 opt_step=1.1345 gap0=0.000 dret=+379.288 eval_ret=n/a pursuer_target_distance=1.356 capture=0.250 score=0.106 pol=-0.0017 val=0.0220 ent=0.9555 tot=+0.0040 agnorm=0.717 cgnorm=0.083 kl=0.0031 clipf=0.035 ev=+0.924 r0=1.0000 entcoef=5.53e-03 lr=3.6e-04 seed=0
iter= 311 step= 998400 ep_ret=+248.352 opt_ret=+248.352 step_rew=2.4835 opt_step=2.4835 gap0=0.000 dret=+514.192 eval_ret=n/a pursuer_target_distance=1.041 capture=0.353 score=0.173 pol=-0.0017 val=0.0242 ent=0.9340 tot=+0.0053 agnorm=0.419 cgnorm=0.102 kl=0.0026 clipf=0.029 ev=+0.882 r0=1.0000 entcoef=5.51e-03 lr=3.6e-04 seed=0
iter= 312 step=1001600 ep_ret=+295.287 opt_ret=+295.287 step_rew=2.9529 opt_step=2.9529 gap0=0.000 dret=+561.127 eval_ret=n/a pursuer_target_distance=0.881 capture=0.384 score=0.204 pol=-0.0022 val=0.0202 ent=0.9438 tot=+0.0027 agnorm=0.449 cgnorm=0.072 kl=0.0026 clipf=0.027 ev=+0.908 r0=1.0000 entcoef=5.50e-03 lr=3.6e-04 seed=0
iter= 313 step=1004800 ep_ret=+252.386 opt_ret=+252.386 step_rew=2.5239 opt_step=2.5239 gap0=0.000 dret=+518.226 eval_ret=n/a pursuer_target_distance=1.041 capture=0.357 score=0.175 pol=-0.0016 val=0.0212 ent=0.9068 tot=+0.0040 agnorm=0.814 cgnorm=0.093 kl=0.0035 clipf=0.043 ev=+0.919 r0=1.0000 entcoef=5.49e-03 lr=3.5e-04 seed=0
iter= 314 step=1008000 ep_ret=+261.646 opt_ret=+261.646 step_rew=2.6165 opt_step=2.6165 gap0=0.000 dret=+527.486 eval_ret=n/a pursuer_target_distance=0.992 capture=0.362 score=0.182 pol=-0.0014 val=0.0222 ent=0.9483 tot=+0.0045 agnorm=0.959 cgnorm=0.102 kl=0.0037 clipf=0.043 ev=+0.897 r0=1.0000 entcoef=5.47e-03 lr=3.5e-04 seed=0
iter= 315 step=1011200 ep_ret=+239.210 opt_ret=+239.210 step_rew=2.3921 opt_step=2.3921 gap0=0.000 dret=+505.050 eval_ret=n/a pursuer_target_distance=0.901 capture=0.330 score=0.174 pol=-0.0012 val=0.0190 ent=0.9164 tot=+0.0032 agnorm=0.838 cgnorm=0.090 kl=0.0032 clipf=0.037 ev=+0.913 r0=1.0000 entcoef=5.46e-03 lr=3.5e-04 seed=0
iter= 316 step=1014400 ep_ret=+154.542 opt_ret=+154.542 step_rew=1.5454 opt_step=1.5454 gap0=0.000 dret=+420.382 eval_ret=n/a pursuer_target_distance=1.441 capture=0.300 score=0.123 pol=-0.0013 val=0.0174 ent=0.9131 tot=+0.0024 agnorm=0.568 cgnorm=0.093 kl=0.0021 clipf=0.023 ev=+0.946 r0=1.0000 entcoef=5.44e-03 lr=3.5e-04 seed=0
iter= 317 step=1017600 ep_ret=+196.056 opt_ret=+196.056 step_rew=1.9606 opt_step=1.9606 gap0=0.000 dret=+461.896 eval_ret=n/a pursuer_target_distance=1.354 capture=0.333 score=0.141 pol=-0.0020 val=0.0208 ent=0.8403 tot=+0.0039 agnorm=0.561 cgnorm=0.077 kl=0.0021 clipf=0.022 ev=+0.938 r0=1.0000 entcoef=5.43e-03 lr=3.5e-04 seed=0
iter= 318 step=1020800 ep_ret=+155.228 opt_ret=+155.228 step_rew=1.5523 opt_step=1.5523 gap0=0.000 dret=+421.068 eval_ret=n/a pursuer_target_distance=1.331 capture=0.289 score=0.124 pol=-0.0019 val=0.0227 ent=0.8746 tot=+0.0047 agnorm=0.689 cgnorm=0.100 kl=0.0029 clipf=0.032 ev=+0.908 r0=1.0000 entcoef=5.41e-03 lr=3.5e-04 seed=0
iter= 319 step=1024000 ep_ret=+275.066 opt_ret=+275.066 step_rew=2.7507 opt_step=2.7507 gap0=0.000 dret=+540.906 eval_ret=n/a pursuer_target_distance=1.055 capture=0.382 score=0.186 pol=-0.0008 val=0.0264 ent=0.9075 tot=+0.0075 agnorm=1.045 cgnorm=0.110 kl=0.0033 clipf=0.036 ev=+0.889 r0=1.0000 entcoef=5.40e-03 lr=3.5e-04 seed=0
iter= 320 step=1027200 ep_ret=+289.553 opt_ret=+289.553 step_rew=2.8955 opt_step=2.8955 gap0=0.000 dret=+555.393 eval_ret=+301.044 pursuer_target_distance=0.763 capture=0.367 score=0.208 pol=-0.0016 val=0.0205 ent=0.8584 tot=+0.0040 agnorm=0.832 cgnorm=0.108 kl=0.0026 clipf=0.032 ev=+0.875 r0=1.0000 entcoef=5.38e-03 lr=3.5e-04 seed=0
iter= 321 step=1030400 ep_ret=+110.167 opt_ret=+110.167 step_rew=1.1017 opt_step=1.1017 gap0=0.000 dret=+376.006 eval_ret=n/a pursuer_target_distance=1.420 capture=0.253 score=0.105 pol=-0.0016 val=0.0161 ent=0.8603 tot=+0.0018 agnorm=0.329 cgnorm=0.070 kl=0.0021 clipf=0.021 ev=+0.956 r0=1.0000 entcoef=5.37e-03 lr=3.5e-04 seed=0
iter= 322 step=1033600 ep_ret=+192.686 opt_ret=+192.686 step_rew=1.9269 opt_step=1.9269 gap0=0.000 dret=+458.526 eval_ret=n/a pursuer_target_distance=1.269 capture=0.321 score=0.141 pol=-0.0024 val=0.0227 ent=0.8581 tot=+0.0043 agnorm=0.520 cgnorm=0.084 kl=0.0029 clipf=0.033 ev=+0.914 r0=1.0000 entcoef=5.36e-03 lr=3.4e-04 seed=0
iter= 323 step=1036800 ep_ret=+249.865 opt_ret=+249.865 step_rew=2.4986 opt_step=2.4986 gap0=0.000 dret=+515.705 eval_ret=n/a pursuer_target_distance=1.144 capture=0.365 score=0.170 pol=-0.0021 val=0.0146 ent=0.8355 tot=+0.0007 agnorm=0.456 cgnorm=0.057 kl=0.0031 clipf=0.031 ev=+0.949 r0=1.0000 entcoef=5.34e-03 lr=3.4e-04 seed=0
iter= 324 step=1040000 ep_ret=+358.940 opt_ret=+358.940 step_rew=3.5894 opt_step=3.5894 gap0=0.000 dret=+624.780 eval_ret=n/a pursuer_target_distance=0.757 capture=0.436 score=0.248 pol=-0.0018 val=0.0182 ent=0.8017 tot=+0.0031 agnorm=0.546 cgnorm=0.075 kl=0.0028 clipf=0.034 ev=+0.904 r0=1.0000 entcoef=5.33e-03 lr=3.4e-04 seed=0
iter= 325 step=1043200 ep_ret=+171.435 opt_ret=+171.435 step_rew=1.7143 opt_step=1.7143 gap0=0.000 dret=+437.275 eval_ret=n/a pursuer_target_distance=1.291 capture=0.302 score=0.132 pol=-0.0016 val=0.0172 ent=0.8344 tot=+0.0025 agnorm=0.522 cgnorm=0.061 kl=0.0018 clipf=0.016 ev=+0.926 r0=1.0000 entcoef=5.31e-03 lr=3.4e-04 seed=0
iter= 326 step=1046400 ep_ret=+316.109 opt_ret=+316.109 step_rew=3.1611 opt_step=3.1611 gap0=0.000 dret=+581.948 eval_ret=n/a pursuer_target_distance=0.816 capture=0.399 score=0.220 pol=-0.0019 val=0.0168 ent=0.7981 tot=+0.0023 agnorm=0.569 cgnorm=0.081 kl=0.0026 clipf=0.028 ev=+0.921 r0=1.0000 entcoef=5.30e-03 lr=3.4e-04 seed=0
iter= 327 step=1049600 ep_ret=+217.113 opt_ret=+217.113 step_rew=2.1711 opt_step=2.1711 gap0=0.000 dret=+482.953 eval_ret=n/a pursuer_target_distance=1.153 capture=0.333 score=0.155 pol=-0.0021 val=0.0229 ent=0.8618 tot=+0.0048 agnorm=0.731 cgnorm=0.077 kl=0.0036 clipf=0.039 ev=+0.906 r0=1.0000 entcoef=5.28e-03 lr=3.4e-04 seed=0
iter= 328 step=1052800 ep_ret=+180.109 opt_ret=+180.109 step_rew=1.8011 opt_step=1.8011 gap0=0.000 dret=+445.949 eval_ret=n/a pursuer_target_distance=1.220 capture=0.303 score=0.137 pol=-0.0020 val=0.0173 ent=0.8243 tot=+0.0023 agnorm=0.717 cgnorm=0.087 kl=0.0026 clipf=0.027 ev=+0.930 r0=1.0000 entcoef=5.27e-03 lr=3.4e-04 seed=0
iter= 329 step=1056000 ep_ret=+230.821 opt_ret=+230.821 step_rew=2.3082 opt_step=2.3082 gap0=0.000 dret=+496.661 eval_ret=n/a pursuer_target_distance=1.091 capture=0.341 score=0.163 pol=-0.0015 val=0.0160 ent=0.8041 tot=+0.0023 agnorm=0.725 cgnorm=0.081 kl=0.0027 clipf=0.030 ev=+0.922 r0=1.0000 entcoef=5.25e-03 lr=3.4e-04 seed=0
iter= 330 step=1059200 ep_ret=+229.373 opt_ret=+229.373 step_rew=2.2937 opt_step=2.2937 gap0=0.000 dret=+495.213 eval_ret=n/a pursuer_target_distance=1.099 capture=0.340 score=0.162 pol=-0.0011 val=0.0170 ent=0.8022 tot=+0.0031 agnorm=0.511 cgnorm=0.090 kl=0.0023 clipf=0.021 ev=+0.935 r0=1.0000 entcoef=5.24e-03 lr=3.4e-04 seed=0
iter= 331 step=1062400 ep_ret=+290.859 opt_ret=+290.859 step_rew=2.9086 opt_step=2.9086 gap0=0.000 dret=+556.699 eval_ret=n/a pursuer_target_distance=0.935 capture=0.385 score=0.199 pol=-0.0014 val=0.0179 ent=0.8268 tot=+0.0033 agnorm=0.602 cgnorm=0.112 kl=0.0020 clipf=0.019 ev=+0.927 r0=1.0000 entcoef=5.23e-03 lr=3.3e-04 seed=0
iter= 332 step=1065600 ep_ret=+256.911 opt_ret=+256.911 step_rew=2.5691 opt_step=2.5691 gap0=0.000 dret=+522.750 eval_ret=n/a pursuer_target_distance=0.977 capture=0.356 score=0.180 pol=-0.0016 val=0.0138 ent=0.8194 tot=+0.0011 agnorm=0.462 cgnorm=0.071 kl=0.0021 clipf=0.019 ev=+0.930 r0=1.0000 entcoef=5.21e-03 lr=3.3e-04 seed=0
iter= 333 step=1068800 ep_ret=+236.382 opt_ret=+236.382 step_rew=2.3638 opt_step=2.3638 gap0=0.000 dret=+502.222 eval_ret=n/a pursuer_target_distance=1.007 capture=0.338 score=0.168 pol=-0.0016 val=0.0167 ent=0.7762 tot=+0.0027 agnorm=0.555 cgnorm=0.070 kl=0.0023 clipf=0.023 ev=+0.927 r0=1.0000 entcoef=5.20e-03 lr=3.3e-04 seed=0
iter= 334 step=1072000 ep_ret=+272.476 opt_ret=+272.476 step_rew=2.7248 opt_step=2.7248 gap0=0.000 dret=+538.316 eval_ret=n/a pursuer_target_distance=1.043 capture=0.378 score=0.185 pol=-0.0020 val=0.0163 ent=0.8264 tot=+0.0019 agnorm=0.639 cgnorm=0.081 kl=0.0027 clipf=0.027 ev=+0.934 r0=1.0000 entcoef=5.18e-03 lr=3.3e-04 seed=0
iter= 335 step=1075200 ep_ret=+280.514 opt_ret=+280.514 step_rew=2.8051 opt_step=2.8051 gap0=0.000 dret=+546.354 eval_ret=n/a pursuer_target_distance=0.941 capture=0.376 score=0.194 pol=-0.0015 val=0.0150 ent=0.7988 tot=+0.0019 agnorm=0.775 cgnorm=0.058 kl=0.0022 clipf=0.022 ev=+0.931 r0=1.0000 entcoef=5.17e-03 lr=3.3e-04 seed=0
iter= 336 step=1078400 ep_ret=+255.023 opt_ret=+255.023 step_rew=2.5502 opt_step=2.5502 gap0=0.000 dret=+520.863 eval_ret=n/a pursuer_target_distance=1.127 capture=0.369 score=0.173 pol=-0.0014 val=0.0181 ent=0.7695 tot=+0.0036 agnorm=0.650 cgnorm=0.068 kl=0.0023 clipf=0.023 ev=+0.918 r0=1.0000 entcoef=5.15e-03 lr=3.3e-04 seed=0
iter= 337 step=1081600 ep_ret=+216.908 opt_ret=+216.908 step_rew=2.1691 opt_step=2.1691 gap0=0.000 dret=+482.748 eval_ret=n/a pursuer_target_distance=1.152 capture=0.333 score=0.155 pol=-0.0020 val=0.0195 ent=0.7901 tot=+0.0036 agnorm=0.662 cgnorm=0.088 kl=0.0021 clipf=0.023 ev=+0.897 r0=1.0000 entcoef=5.14e-03 lr=3.3e-04 seed=0
iter= 338 step=1084800 ep_ret=+375.346 opt_ret=+375.346 step_rew=3.7535 opt_step=3.7535 gap0=0.000 dret=+641.186 eval_ret=n/a pursuer_target_distance=0.677 capture=0.444 score=0.265 pol=-0.0014 val=0.0133 ent=0.7886 tot=+0.0012 agnorm=0.462 cgnorm=0.074 kl=0.0022 clipf=0.020 ev=+0.911 r0=1.0000 entcoef=5.13e-03 lr=3.3e-04 seed=0
iter= 339 step=1088000 ep_ret=+192.244 opt_ret=+192.244 step_rew=1.9224 opt_step=1.9224 gap0=0.000 dret=+458.083 eval_ret=n/a pursuer_target_distance=1.261 capture=0.319 score=0.141 pol=-0.0017 val=0.0173 ent=0.7998 tot=+0.0028 agnorm=0.640 cgnorm=0.079 kl=0.0021 clipf=0.021 ev=+0.911 r0=1.0000 entcoef=5.11e-03 lr=3.3e-04 seed=0
iter= 340 step=1091200 ep_ret=+176.342 opt_ret=+176.342 step_rew=1.7634 opt_step=1.7634 gap0=0.000 dret=+442.182 eval_ret=+326.853 pursuer_target_distance=1.348 capture=0.312 score=0.133 pol=-0.0019 val=0.0146 ent=0.7776 tot=+0.0015 agnorm=1.296 cgnorm=0.066 kl=0.0038 clipf=0.044 ev=+0.951 r0=1.0000 entcoef=5.10e-03 lr=3.2e-04 seed=0
iter= 341 step=1094400 ep_ret=+258.850 opt_ret=+258.850 step_rew=2.5885 opt_step=2.5885 gap0=0.000 dret=+524.690 eval_ret=n/a pursuer_target_distance=1.248 capture=0.385 score=0.171 pol=-0.0008 val=0.0151 ent=0.7568 tot=+0.0029 agnorm=1.015 cgnorm=0.067 kl=0.0031 clipf=0.036 ev=+0.940 r0=1.0000 entcoef=5.08e-03 lr=3.2e-04 seed=0
iter= 342 step=1097600 ep_ret=+250.024 opt_ret=+250.024 step_rew=2.5002 opt_step=2.5002 gap0=0.000 dret=+515.864 eval_ret=n/a pursuer_target_distance=1.030 capture=0.354 score=0.174 pol=-0.0014 val=0.0120 ent=0.8047 tot=+0.0005 agnorm=0.820 cgnorm=0.050 kl=0.0030 clipf=0.037 ev=+0.934 r0=1.0000 entcoef=5.07e-03 lr=3.2e-04 seed=0
iter= 343 step=1100800 ep_ret=+285.689 opt_ret=+285.689 step_rew=2.8569 opt_step=2.8569 gap0=0.000 dret=+551.529 eval_ret=n/a pursuer_target_distance=1.008 capture=0.388 score=0.193 pol=-0.0026 val=0.0130 ent=0.8543 tot=-0.0005 agnorm=1.102 cgnorm=0.065 kl=0.0035 clipf=0.041 ev=+0.935 r0=1.0000 entcoef=5.05e-03 lr=3.2e-04 seed=0
iter= 344 step=1104000 ep_ret=+336.095 opt_ret=+336.095 step_rew=3.3610 opt_step=3.3610 gap0=0.000 dret=+601.935 eval_ret=n/a pursuer_target_distance=0.760 capture=0.413 score=0.235 pol=-0.0021 val=0.0151 ent=0.7810 tot=+0.0015 agnorm=0.648 cgnorm=0.067 kl=0.0029 clipf=0.031 ev=+0.896 r0=1.0000 entcoef=5.04e-03 lr=3.2e-04 seed=0
iter= 345 step=1107200 ep_ret=+263.823 opt_ret=+263.823 step_rew=2.6382 opt_step=2.6382 gap0=0.000 dret=+529.663 eval_ret=n/a pursuer_target_distance=1.124 capture=0.377 score=0.178 pol=-0.0022 val=0.0156 ent=0.8014 tot=+0.0016 agnorm=0.757 cgnorm=0.075 kl=0.0026 clipf=0.028 ev=+0.915 r0=1.0000 entcoef=5.02e-03 lr=3.2e-04 seed=0
iter= 346 step=1110400 ep_ret=+166.118 opt_ret=+166.118 step_rew=1.6612 opt_step=1.6612 gap0=0.000 dret=+431.958 eval_ret=n/a pursuer_target_distance=1.582 capture=0.325 score=0.126 pol=-0.0020 val=0.0165 ent=0.8260 tot=+0.0021 agnorm=0.965 cgnorm=0.076 kl=0.0037 clipf=0.046 ev=+0.938 r0=1.0000 entcoef=5.01e-03 lr=3.2e-04 seed=0
iter= 347 step=1113600 ep_ret=+337.430 opt_ret=+337.430 step_rew=3.3743 opt_step=3.3743 gap0=0.000 dret=+603.270 eval_ret=n/a pursuer_target_distance=0.947 capture=0.433 score=0.222 pol=-0.0016 val=0.0152 ent=0.8010 tot=+0.0020 agnorm=0.902 cgnorm=0.071 kl=0.0041 clipf=0.047 ev=+0.921 r0=1.0000 entcoef=5.00e-03 lr=3.2e-04 seed=0
iter= 348 step=1116800 ep_ret=+270.821 opt_ret=+270.821 step_rew=2.7082 opt_step=2.7082 gap0=0.000 dret=+536.661 eval_ret=n/a pursuer_target_distance=1.010 capture=0.373 score=0.185 pol=-0.0020 val=0.0162 ent=0.8322 tot=+0.0019 agnorm=0.785 cgnorm=0.067 kl=0.0031 clipf=0.040 ev=+0.919 r0=1.0000 entcoef=4.98e-03 lr=3.2e-04 seed=0
iter= 349 step=1120000 ep_ret=+231.774 opt_ret=+231.774 step_rew=2.3177 opt_step=2.3177 gap0=0.000 dret=+497.614 eval_ret=n/a pursuer_target_distance=1.185 capture=0.351 score=0.161 pol=-0.0017 val=0.0125 ent=0.7790 tot=+0.0007 agnorm=0.755 cgnorm=0.072 kl=0.0025 clipf=0.027 ev=+0.938 r0=1.0000 entcoef=4.97e-03 lr=3.1e-04 seed=0
iter= 350 step=1123200 ep_ret=+256.204 opt_ret=+256.204 step_rew=2.5620 opt_step=2.5620 gap0=0.000 dret=+522.044 eval_ret=n/a pursuer_target_distance=1.015 capture=0.359 score=0.178 pol=-0.0008 val=0.0119 ent=0.7833 tot=+0.0013 agnorm=1.392 cgnorm=0.051 kl=0.0037 clipf=0.044 ev=+0.935 r0=1.0000 entcoef=4.95e-03 lr=3.1e-04 seed=0
iter= 351 step=1126400 ep_ret=+232.207 opt_ret=+232.207 step_rew=2.3221 opt_step=2.3221 gap0=0.000 dret=+498.047 eval_ret=n/a pursuer_target_distance=1.246 capture=0.358 score=0.159 pol=-0.0014 val=0.0162 ent=0.8013 tot=+0.0027 agnorm=0.963 cgnorm=0.078 kl=0.0024 clipf=0.024 ev=+0.919 r0=1.0000 entcoef=4.94e-03 lr=3.1e-04 seed=0
iter= 352 step=1129600 ep_ret=+272.820 opt_ret=+272.820 step_rew=2.7282 opt_step=2.7282 gap0=0.000 dret=+538.660 eval_ret=n/a pursuer_target_distance=1.012 capture=0.375 score=0.186 pol=-0.0017 val=0.0140 ent=0.8186 tot=+0.0013 agnorm=0.639 cgnorm=0.063 kl=0.0028 clipf=0.030 ev=+0.903 r0=1.0000 entcoef=4.92e-03 lr=3.1e-04 seed=0
iter= 353 step=1132800 ep_ret=+289.458 opt_ret=+289.458 step_rew=2.8946 opt_step=2.8946 gap0=0.000 dret=+555.298 eval_ret=n/a pursuer_target_distance=0.967 capture=0.387 score=0.197 pol=-0.0019 val=0.0155 ent=0.8212 tot=+0.0018 agnorm=1.023 cgnorm=0.083 kl=0.0027 clipf=0.031 ev=+0.904 r0=1.0000 entcoef=4.91e-03 lr=3.1e-04 seed=0
iter= 354 step=1136000 ep_ret=+232.549 opt_ret=+232.549 step_rew=2.3255 opt_step=2.3255 gap0=0.000 dret=+498.389 eval_ret=n/a pursuer_target_distance=1.258 capture=0.359 score=0.159 pol=-0.0023 val=0.0139 ent=0.8049 tot=+0.0007 agnorm=0.844 cgnorm=0.067 kl=0.0029 clipf=0.035 ev=+0.939 r0=1.0000 entcoef=4.89e-03 lr=3.1e-04 seed=0
iter= 355 step=1139200 ep_ret=+220.751 opt_ret=+220.751 step_rew=2.2075 opt_step=2.2075 gap0=0.000 dret=+486.591 eval_ret=n/a pursuer_target_distance=1.354 capture=0.357 score=0.152 pol=-0.0018 val=0.0110 ent=0.8656 tot=-0.0005 agnorm=0.609 cgnorm=0.054 kl=0.0027 clipf=0.030 ev=+0.956 r0=1.0000 entcoef=4.88e-03 lr=3.1e-04 seed=0
iter= 356 step=1142400 ep_ret=+129.400 opt_ret=+129.400 step_rew=1.2940 opt_step=1.2940 gap0=0.000 dret=+395.240 eval_ret=n/a pursuer_target_distance=1.340 capture=0.264 score=0.113 pol=-0.0017 val=0.0113 ent=0.8120 tot=+0.0000 agnorm=0.293 cgnorm=0.049 kl=0.0022 clipf=0.021 ev=+0.953 r0=1.0000 entcoef=4.87e-03 lr=3.1e-04 seed=0
iter= 357 step=1145600 ep_ret=+139.892 opt_ret=+139.892 step_rew=1.3989 opt_step=1.3989 gap0=0.000 dret=+405.732 eval_ret=n/a pursuer_target_distance=1.660 capture=0.307 score=0.115 pol=-0.0017 val=0.0107 ent=0.8211 tot=-0.0003 agnorm=0.514 cgnorm=0.062 kl=0.0020 clipf=0.020 ev=+0.965 r0=1.0000 entcoef=4.85e-03 lr=3.1e-04 seed=0
iter= 358 step=1148800 ep_ret=+228.798 opt_ret=+228.798 step_rew=2.2880 opt_step=2.2880 gap0=0.000 dret=+494.637 eval_ret=n/a pursuer_target_distance=1.227 capture=0.352 score=0.158 pol=-0.0017 val=0.0127 ent=0.8185 tot=+0.0007 agnorm=0.509 cgnorm=0.046 kl=0.0025 clipf=0.028 ev=+0.945 r0=1.0000 entcoef=4.84e-03 lr=3.0e-04 seed=0
iter= 359 step=1152000 ep_ret=+271.493 opt_ret=+271.493 step_rew=2.7149 opt_step=2.7149 gap0=0.000 dret=+537.333 eval_ret=n/a pursuer_target_distance=1.009 capture=0.373 score=0.186 pol=-0.0015 val=0.0113 ent=0.7850 tot=+0.0004 agnorm=0.697 cgnorm=0.052 kl=0.0021 clipf=0.021 ev=+0.947 r0=1.0000 entcoef=4.82e-03 lr=3.0e-04 seed=0
iter= 360 step=1155200 ep_ret=+263.957 opt_ret=+263.957 step_rew=2.6396 opt_step=2.6396 gap0=0.000 dret=+529.797 eval_ret=+316.801 pursuer_target_distance=1.235 capture=0.388 score=0.174 pol=-0.0022 val=0.0153 ent=0.8030 tot=+0.0016 agnorm=0.853 cgnorm=0.085 kl=0.0030 clipf=0.035 ev=+0.900 r0=1.0000 entcoef=4.81e-03 lr=3.0e-04 seed=0
iter= 361 step=1158400 ep_ret=+192.020 opt_ret=+192.020 step_rew=1.9202 opt_step=1.9202 gap0=0.000 dret=+457.860 eval_ret=n/a pursuer_target_distance=1.285 capture=0.322 score=0.141 pol=-0.0019 val=0.0146 ent=0.8371 tot=+0.0013 agnorm=0.799 cgnorm=0.086 kl=0.0022 clipf=0.024 ev=+0.920 r0=1.0000 entcoef=4.79e-03 lr=3.0e-04 seed=0
iter= 362 step=1161600 ep_ret=+116.820 opt_ret=+116.820 step_rew=1.1682 opt_step=1.1682 gap0=0.000 dret=+382.660 eval_ret=n/a pursuer_target_distance=1.537 capture=0.272 score=0.107 pol=-0.0016 val=0.0138 ent=0.8023 tot=+0.0014 agnorm=0.469 cgnorm=0.077 kl=0.0022 clipf=0.021 ev=+0.935 r0=1.0000 entcoef=4.78e-03 lr=3.0e-04 seed=0
iter= 363 step=1164800 ep_ret=+233.083 opt_ret=+233.083 step_rew=2.3308 opt_step=2.3308 gap0=0.000 dret=+498.922 eval_ret=n/a pursuer_target_distance=1.140 capture=0.348 score=0.163 pol=-0.0016 val=0.0100 ent=0.8056 tot=-0.0004 agnorm=0.704 cgnorm=0.058 kl=0.0018 clipf=0.017 ev=+0.950 r0=1.0000 entcoef=4.76e-03 lr=3.0e-04 seed=0
iter= 364 step=1168000 ep_ret=+233.142 opt_ret=+233.142 step_rew=2.3314 opt_step=2.3314 gap0=0.000 dret=+498.982 eval_ret=n/a pursuer_target_distance=1.096 capture=0.344 score=0.164 pol=-0.0017 val=0.0113 ent=0.7758 tot=+0.0003 agnorm=0.604 cgnorm=0.052 kl=0.0020 clipf=0.020 ev=+0.926 r0=1.0000 entcoef=4.75e-03 lr=3.0e-04 seed=0
iter= 365 step=1171200 ep_ret=+247.525 opt_ret=+247.525 step_rew=2.4752 opt_step=2.4752 gap0=0.000 dret=+513.364 eval_ret=n/a pursuer_target_distance=1.130 capture=0.362 score=0.170 pol=-0.0023 val=0.0102 ent=0.7623 tot=-0.0008 agnorm=0.582 cgnorm=0.042 kl=0.0022 clipf=0.023 ev=+0.946 r0=1.0000 entcoef=4.74e-03 lr=3.0e-04 seed=0
iter= 366 step=1174400 ep_ret=+207.996 opt_ret=+207.996 step_rew=2.0800 opt_step=2.0800 gap0=0.000 dret=+473.836 eval_ret=n/a pursuer_target_distance=1.416 capture=0.351 score=0.145 pol=-0.0027 val=0.0135 ent=0.8059 tot=+0.0003 agnorm=0.785 cgnorm=0.061 kl=0.0033 clipf=0.041 ev=+0.940 r0=1.0000 entcoef=4.72e-03 lr=3.0e-04 seed=0
iter= 367 step=1177600 ep_ret=+241.451 opt_ret=+241.451 step_rew=2.4145 opt_step=2.4145 gap0=0.000 dret=+507.290 eval_ret=n/a pursuer_target_distance=1.097 capture=0.352 score=0.168 pol=-0.0018 val=0.0132 ent=0.8135 tot=+0.0010 agnorm=0.842 cgnorm=0.056 kl=0.0021 clipf=0.021 ev=+0.931 r0=1.0000 entcoef=4.71e-03 lr=2.9e-04 seed=0
iter= 368 step=1180800 ep_ret=+141.149 opt_ret=+141.149 step_rew=1.4115 opt_step=1.4115 gap0=0.000 dret=+406.989 eval_ret=n/a pursuer_target_distance=1.454 capture=0.287 score=0.117 pol=-0.0015 val=0.0131 ent=0.8021 tot=+0.0013 agnorm=0.524 cgnorm=0.079 kl=0.0019 clipf=0.021 ev=+0.941 r0=1.0000 entcoef=4.69e-03 lr=2.9e-04 seed=0
iter= 369 step=1184000 ep_ret=+305.088 opt_ret=+305.088 step_rew=3.0509 opt_step=3.0509 gap0=0.000 dret=+570.928 eval_ret=n/a pursuer_target_distance=1.142 capture=0.420 score=0.196 pol=-0.0020 val=0.0110 ent=0.7818 tot=-0.0002 agnorm=0.683 cgnorm=0.067 kl=0.0023 clipf=0.023 ev=+0.946 r0=1.0000 entcoef=4.68e-03 lr=2.9e-04 seed=0
iter= 370 step=1187200 ep_ret=+352.717 opt_ret=+352.717 step_rew=3.5272 opt_step=3.5272 gap0=0.000 dret=+618.556 eval_ret=n/a pursuer_target_distance=0.916 capture=0.445 score=0.232 pol=-0.0013 val=0.0144 ent=0.8027 tot=+0.0021 agnorm=0.883 cgnorm=0.064 kl=0.0027 clipf=0.034 ev=+0.902 r0=1.0000 entcoef=4.66e-03 lr=2.9e-04 seed=0
iter= 371 step=1190400 ep_ret=+81.931 opt_ret=+81.931 step_rew=0.8193 opt_step=0.8193 gap0=0.000 dret=+347.770 eval_ret=n/a pursuer_target_distance=1.621 capture=0.245 score=0.093 pol=-0.0016 val=0.0131 ent=0.8094 tot=+0.0012 agnorm=0.511 cgnorm=0.070 kl=0.0020 clipf=0.017 ev=+0.946 r0=1.0000 entcoef=4.65e-03 lr=2.9e-04 seed=0
iter= 372 step=1193600 ep_ret=+284.044 opt_ret=+284.044 step_rew=2.8404 opt_step=2.8404 gap0=0.000 dret=+549.884 eval_ret=n/a pursuer_target_distance=0.993 capture=0.384 score=0.193 pol=-0.0017 val=0.0121 ent=0.7718 tot=+0.0007 agnorm=0.673 cgnorm=0.078 kl=0.0021 clipf=0.024 ev=+0.926 r0=1.0000 entcoef=4.63e-03 lr=2.9e-04 seed=0
iter= 373 step=1196800 ep_ret=+177.891 opt_ret=+177.891 step_rew=1.7789 opt_step=1.7789 gap0=0.000 dret=+443.731 eval_ret=n/a pursuer_target_distance=1.445 capture=0.323 score=0.132 pol=-0.0016 val=0.0104 ent=0.7340 tot=+0.0002 agnorm=0.559 cgnorm=0.049 kl=0.0023 clipf=0.024 ev=+0.953 r0=1.0000 entcoef=4.62e-03 lr=2.9e-04 seed=0
iter= 374 step=1200000 ep_ret=+222.009 opt_ret=+222.009 step_rew=2.2201 opt_step=2.2201 gap0=0.000 dret=+487.849 eval_ret=n/a pursuer_target_distance=1.217 capture=0.345 score=0.155 pol=-0.0018 val=0.0143 ent=0.7556 tot=+0.0019 agnorm=0.522 cgnorm=0.063 kl=0.0018 clipf=0.017 ev=+0.919 r0=1.0000 entcoef=4.61e-03 lr=2.9e-04 seed=0
iter= 375 step=1203200 ep_ret=+282.203 opt_ret=+282.203 step_rew=2.8220 opt_step=2.8220 gap0=0.000 dret=+548.042 eval_ret=n/a pursuer_target_distance=1.099 capture=0.393 score=0.187 pol=-0.0018 val=0.0106 ent=0.7342 tot=+0.0002 agnorm=0.663 cgnorm=0.045 kl=0.0026 clipf=0.028 ev=+0.940 r0=1.0000 entcoef=4.59e-03 lr=2.9e-04 seed=0
iter= 376 step=1206400 ep_ret=+292.350 opt_ret=+292.350 step_rew=2.9235 opt_step=2.9235 gap0=0.000 dret=+558.190 eval_ret=n/a pursuer_target_distance=1.132 capture=0.407 score=0.191 pol=-0.0018 val=0.0138 ent=0.7148 tot=+0.0019 agnorm=0.899 cgnorm=0.065 kl=0.0021 clipf=0.021 ev=+0.915 r0=1.0000 entcoef=4.58e-03 lr=2.8e-04 seed=0
iter= 377 step=1209600 ep_ret=+311.108 opt_ret=+311.108 step_rew=3.1111 opt_step=3.1111 gap0=0.000 dret=+576.948 eval_ret=n/a pursuer_target_distance=0.954 capture=0.407 score=0.209 pol=-0.0013 val=0.0124 ent=0.7186 tot=+0.0016 agnorm=0.464 cgnorm=0.055 kl=0.0015 clipf=0.016 ev=+0.923 r0=1.0000 entcoef=4.56e-03 lr=2.8e-04 seed=0
iter= 378 step=1212800 ep_ret=+171.096 opt_ret=+171.096 step_rew=1.7110 opt_step=1.7110 gap0=0.000 dret=+436.936 eval_ret=n/a pursuer_target_distance=1.395 capture=0.312 score=0.130 pol=-0.0017 val=0.0148 ent=0.7442 tot=+0.0023 agnorm=0.912 cgnorm=0.065 kl=0.0022 clipf=0.024 ev=+0.930 r0=1.0000 entcoef=4.55e-03 lr=2.8e-04 seed=0
iter= 379 step=1216000 ep_ret=+263.867 opt_ret=+263.867 step_rew=2.6387 opt_step=2.6387 gap0=0.000 dret=+529.707 eval_ret=n/a pursuer_target_distance=1.076 capture=0.372 score=0.179 pol=-0.0011 val=0.0156 ent=0.6992 tot=+0.0036 agnorm=0.746 cgnorm=0.055 kl=0.0026 clipf=0.028 ev=+0.890 r0=1.0000 entcoef=4.53e-03 lr=2.8e-04 seed=0
iter= 380 step=1219200 ep_ret=+363.310 opt_ret=+363.310 step_rew=3.6331 opt_step=3.6331 gap0=0.000 dret=+629.150 eval_ret=+382.281 pursuer_target_distance=0.744 capture=0.439 score=0.252 pol=-0.0010 val=0.0100 ent=0.7286 tot=+0.0007 agnorm=0.718 cgnorm=0.047 kl=0.0023 clipf=0.024 ev=+0.928 r0=1.0000 entcoef=4.52e-03 lr=2.8e-04 seed=0
iter= 381 step=1222400 ep_ret=+324.071 opt_ret=+324.071 step_rew=3.2407 opt_step=3.2407 gap0=0.000 dret=+589.911 eval_ret=n/a pursuer_target_distance=0.859 capture=0.411 score=0.221 pol=-0.0013 val=0.0097 ent=0.7329 tot=+0.0002 agnorm=0.567 cgnorm=0.045 kl=0.0019 clipf=0.019 ev=+0.938 r0=1.0000 entcoef=4.50e-03 lr=2.8e-04 seed=0
iter= 382 step=1225600 ep_ret=+252.461 opt_ret=+252.461 step_rew=2.5246 opt_step=2.5246 gap0=0.000 dret=+518.301 eval_ret=n/a pursuer_target_distance=1.269 capture=0.380 score=0.168 pol=-0.0016 val=0.0134 ent=0.7464 tot=+0.0017 agnorm=0.858 cgnorm=0.050 kl=0.0021 clipf=0.022 ev=+0.915 r0=1.0000 entcoef=4.49e-03 lr=2.8e-04 seed=0
iter= 383 step=1228800 ep_ret=+221.576 opt_ret=+221.576 step_rew=2.2158 opt_step=2.2158 gap0=0.000 dret=+487.416 eval_ret=n/a pursuer_target_distance=1.334 capture=0.356 score=0.153 pol=-0.0013 val=0.0153 ent=0.8067 tot=+0.0027 agnorm=1.469 cgnorm=0.071 kl=0.0028 clipf=0.031 ev=+0.909 r0=1.0000 entcoef=4.48e-03 lr=2.8e-04 seed=0
iter= 384 step=1232000 ep_ret=+242.026 opt_ret=+242.026 step_rew=2.4203 opt_step=2.4203 gap0=0.000 dret=+507.866 eval_ret=n/a pursuer_target_distance=1.220 capture=0.365 score=0.164 pol=-0.0011 val=0.0115 ent=0.7610 tot=+0.0013 agnorm=0.978 cgnorm=0.056 kl=0.0029 clipf=0.033 ev=+0.937 r0=1.0000 entcoef=4.46e-03 lr=2.8e-04 seed=0
iter= 385 step=1235200 ep_ret=+274.683 opt_ret=+274.683 step_rew=2.7468 opt_step=2.7468 gap0=0.000 dret=+540.523 eval_ret=n/a pursuer_target_distance=1.056 capture=0.381 score=0.185 pol=-0.0020 val=0.0115 ent=0.7257 tot=+0.0005 agnorm=0.871 cgnorm=0.046 kl=0.0027 clipf=0.031 ev=+0.932 r0=1.0000 entcoef=4.45e-03 lr=2.7e-04 seed=0
iter= 386 step=1238400 ep_ret=+275.122 opt_ret=+275.122 step_rew=2.7512 opt_step=2.7512 gap0=0.000 dret=+540.962 eval_ret=n/a pursuer_target_distance=1.058 capture=0.382 score=0.186 pol=-0.0012 val=0.0105 ent=0.7304 tot=+0.0008 agnorm=0.482 cgnorm=0.048 kl=0.0022 clipf=0.021 ev=+0.936 r0=1.0000 entcoef=4.43e-03 lr=2.7e-04 seed=0
iter= 387 step=1241600 ep_ret=+239.757 opt_ret=+239.757 step_rew=2.3976 opt_step=2.3976 gap0=0.000 dret=+505.596 eval_ret=n/a pursuer_target_distance=1.139 capture=0.355 score=0.166 pol=-0.0014 val=0.0112 ent=0.7350 tot=+0.0010 agnorm=0.571 cgnorm=0.045 kl=0.0019 clipf=0.020 ev=+0.934 r0=1.0000 entcoef=4.42e-03 lr=2.7e-04 seed=0
iter= 388 step=1244800 ep_ret=+394.497 opt_ret=+394.497 step_rew=3.9450 opt_step=3.9450 gap0=0.000 dret=+660.337 eval_ret=n/a pursuer_target_distance=0.851 capture=0.481 score=0.260 pol=-0.0014 val=0.0113 ent=0.7506 tot=+0.0010 agnorm=0.783 cgnorm=0.060 kl=0.0020 clipf=0.020 ev=+0.933 r0=1.0000 entcoef=4.40e-03 lr=2.7e-04 seed=0
iter= 389 step=1248000 ep_ret=+227.657 opt_ret=+227.657 step_rew=2.2766 opt_step=2.2766 gap0=0.000 dret=+493.497 eval_ret=n/a pursuer_target_distance=1.182 capture=0.347 score=0.159 pol=-0.0019 val=0.0101 ent=0.7353 tot=-0.0001 agnorm=0.963 cgnorm=0.056 kl=0.0029 clipf=0.034 ev=+0.941 r0=1.0000 entcoef=4.39e-03 lr=2.7e-04 seed=0
iter= 390 step=1251200 ep_ret=+275.916 opt_ret=+275.916 step_rew=2.7592 opt_step=2.7592 gap0=0.000 dret=+541.756 eval_ret=n/a pursuer_target_distance=0.968 capture=0.374 score=0.190 pol=-0.0011 val=0.0110 ent=0.7315 tot=+0.0012 agnorm=0.853 cgnorm=0.048 kl=0.0021 clipf=0.023 ev=+0.934 r0=1.0000 entcoef=4.37e-03 lr=2.7e-04 seed=0
iter= 391 step=1254400 ep_ret=+284.111 opt_ret=+284.111 step_rew=2.8411 opt_step=2.8411 gap0=0.000 dret=+549.950 eval_ret=n/a pursuer_target_distance=1.083 capture=0.393 score=0.189 pol=-0.0013 val=0.0118 ent=0.7057 tot=+0.0015 agnorm=0.629 cgnorm=0.075 kl=0.0020 clipf=0.022 ev=+0.927 r0=1.0000 entcoef=4.36e-03 lr=2.7e-04 seed=0
iter= 392 step=1257600 ep_ret=+396.350 opt_ret=+396.350 step_rew=3.9635 opt_step=3.9635 gap0=0.000 dret=+662.190 eval_ret=n/a pursuer_target_distance=0.630 capture=0.460 score=0.282 pol=-0.0011 val=0.0115 ent=0.7183 tot=+0.0016 agnorm=0.578 cgnorm=0.064 kl=0.0017 clipf=0.016 ev=+0.886 r0=1.0000 entcoef=4.35e-03 lr=2.7e-04 seed=0
iter= 393 step=1260800 ep_ret=+233.022 opt_ret=+233.022 step_rew=2.3302 opt_step=2.3302 gap0=0.000 dret=+498.862 eval_ret=n/a pursuer_target_distance=1.119 capture=0.346 score=0.163 pol=-0.0015 val=0.0104 ent=0.6719 tot=+0.0008 agnorm=0.560 cgnorm=0.044 kl=0.0018 clipf=0.018 ev=+0.940 r0=1.0000 entcoef=4.33e-03 lr=2.7e-04 seed=0
iter= 394 step=1264000 ep_ret=+279.131 opt_ret=+279.131 step_rew=2.7913 opt_step=2.7913 gap0=0.000 dret=+544.971 eval_ret=n/a pursuer_target_distance=1.030 capture=0.383 score=0.189 pol=-0.0014 val=0.0119 ent=0.7040 tot=+0.0015 agnorm=0.733 cgnorm=0.049 kl=0.0022 clipf=0.021 ev=+0.917 r0=1.0000 entcoef=4.32e-03 lr=2.6e-04 seed=0
iter= 395 step=1267200 ep_ret=+142.270 opt_ret=+142.270 step_rew=1.4227 opt_step=1.4227 gap0=0.000 dret=+408.110 eval_ret=n/a pursuer_target_distance=1.455 capture=0.289 score=0.118 pol=-0.0017 val=0.0094 ent=0.7385 tot=-0.0002 agnorm=0.759 cgnorm=0.055 kl=0.0024 clipf=0.028 ev=+0.942 r0=1.0000 entcoef=4.30e-03 lr=2.6e-04 seed=0
iter= 396 step=1270400 ep_ret=+320.183 opt_ret=+320.183 step_rew=3.2018 opt_step=3.2018 gap0=0.000 dret=+586.022 eval_ret=n/a pursuer_target_distance=0.838 capture=0.405 score=0.220 pol=-0.0015 val=0.0092 ent=0.7163 tot=+0.0000 agnorm=0.589 cgnorm=0.044 kl=0.0019 clipf=0.020 ev=+0.933 r0=1.0000 entcoef=4.29e-03 lr=2.6e-04 seed=0
iter= 397 step=1273600 ep_ret=+331.238 opt_ret=+331.238 step_rew=3.3124 opt_step=3.3124 gap0=0.000 dret=+597.078 eval_ret=n/a pursuer_target_distance=0.874 capture=0.420 score=0.224 pol=-0.0018 val=0.0098 ent=0.6955 tot=+0.0001 agnorm=0.656 cgnorm=0.039 kl=0.0023 clipf=0.022 ev=+0.927 r0=1.0000 entcoef=4.27e-03 lr=2.6e-04 seed=0
iter= 398 step=1276800 ep_ret=+201.550 opt_ret=+201.550 step_rew=2.0155 opt_step=2.0155 gap0=0.000 dret=+467.390 eval_ret=n/a pursuer_target_distance=1.421 capture=0.345 score=0.142 pol=-0.0017 val=0.0102 ent=0.7703 tot=+0.0001 agnorm=0.778 cgnorm=0.061 kl=0.0020 clipf=0.023 ev=+0.935 r0=1.0000 entcoef=4.26e-03 lr=2.6e-04 seed=0
iter= 399 step=1280000 ep_ret=+296.419 opt_ret=+296.419 step_rew=2.9642 opt_step=2.9642 gap0=0.000 dret=+562.259 eval_ret=n/a pursuer_target_distance=1.170 capture=0.414 score=0.191 pol=-0.0008 val=0.0114 ent=0.7392 tot=+0.0017 agnorm=0.872 cgnorm=0.055 kl=0.0030 clipf=0.033 ev=+0.936 r0=1.0000 entcoef=4.25e-03 lr=2.6e-04 seed=0
iter= 400 step=1283200 ep_ret=+279.890 opt_ret=+279.890 step_rew=2.7989 opt_step=2.7989 gap0=0.000 dret=+545.730 eval_ret=+397.561 pursuer_target_distance=0.991 capture=0.380 score=0.191 pol=-0.0015 val=0.0087 ent=0.7657 tot=-0.0004 agnorm=0.619 cgnorm=0.043 kl=0.0027 clipf=0.030 ev=+0.932 r0=1.0000 entcoef=4.23e-03 lr=2.6e-04 seed=0
iter= 401 step=1286400 ep_ret=+174.556 opt_ret=+174.556 step_rew=1.7456 opt_step=1.7456 gap0=0.000 dret=+440.395 eval_ret=n/a pursuer_target_distance=1.357 capture=0.311 score=0.132 pol=-0.0015 val=0.0082 ent=0.7821 tot=-0.0007 agnorm=0.716 cgnorm=0.056 kl=0.0019 clipf=0.020 ev=+0.960 r0=1.0000 entcoef=4.22e-03 lr=2.6e-04 seed=0
iter= 402 step=1289600 ep_ret=+336.502 opt_ret=+336.502 step_rew=3.3650 opt_step=3.3650 gap0=0.000 dret=+602.342 eval_ret=n/a pursuer_target_distance=0.975 capture=0.435 score=0.220 pol=-0.0014 val=0.0112 ent=0.7134 tot=+0.0012 agnorm=0.748 cgnorm=0.065 kl=0.0018 clipf=0.016 ev=+0.921 r0=1.0000 entcoef=4.20e-03 lr=2.6e-04 seed=0
iter= 403 step=1292800 ep_ret=+401.275 opt_ret=+401.275 step_rew=4.0128 opt_step=4.0128 gap0=0.000 dret=+667.115 eval_ret=n/a pursuer_target_distance=0.774 capture=0.480 score=0.270 pol=-0.0011 val=0.0108 ent=0.7062 tot=+0.0014 agnorm=0.849 cgnorm=0.062 kl=0.0020 clipf=0.021 ev=+0.925 r0=1.0000 entcoef=4.19e-03 lr=2.5e-04 seed=0
iter= 404 step=1296000 ep_ret=+263.837 opt_ret=+263.837 step_rew=2.6384 opt_step=2.6384 gap0=0.000 dret=+529.677 eval_ret=n/a pursuer_target_distance=1.111 capture=0.376 score=0.178 pol=-0.0015 val=0.0108 ent=0.7200 tot=+0.0009 agnorm=0.875 cgnorm=0.052 kl=0.0025 clipf=0.027 ev=+0.927 r0=1.0000 entcoef=4.17e-03 lr=2.5e-04 seed=0
iter= 405 step=1299200 ep_ret=+357.303 opt_ret=+357.303 step_rew=3.5730 opt_step=3.5730 gap0=0.000 dret=+623.143 eval_ret=n/a pursuer_target_distance=0.961 capture=0.454 score=0.232 pol=-0.0017 val=0.0108 ent=0.7214 tot=+0.0007 agnorm=0.938 cgnorm=0.049 kl=0.0020 clipf=0.022 ev=+0.894 r0=1.0000 entcoef=4.16e-03 lr=2.5e-04 seed=0
iter= 406 step=1302400 ep_ret=+336.491 opt_ret=+336.491 step_rew=3.3649 opt_step=3.3649 gap0=0.000 dret=+602.331 eval_ret=n/a pursuer_target_distance=0.903 capture=0.428 score=0.225 pol=-0.0011 val=0.0108 ent=0.7388 tot=+0.0012 agnorm=0.956 cgnorm=0.048 kl=0.0018 clipf=0.018 ev=+0.927 r0=1.0000 entcoef=4.14e-03 lr=2.5e-04 seed=0
iter= 407 step=1305600 ep_ret=+267.123 opt_ret=+267.123 step_rew=2.6712 opt_step=2.6712 gap0=0.000 dret=+532.963 eval_ret=n/a pursuer_target_distance=1.000 capture=0.368 score=0.184 pol=-0.0002 val=0.0095 ent=0.7554 tot=+0.0015 agnorm=2.650 cgnorm=0.044 kl=0.0033 clipf=0.036 ev=+0.936 r0=1.0000 entcoef=4.13e-03 lr=2.5e-04 seed=0
iter= 408 step=1308800 ep_ret=+324.711 opt_ret=+324.711 step_rew=3.2471 opt_step=3.2471 gap0=0.000 dret=+590.550 eval_ret=n/a pursuer_target_distance=1.115 capture=0.437 score=0.207 pol=-0.0011 val=0.0077 ent=0.7081 tot=-0.0002 agnorm=0.991 cgnorm=0.045 kl=0.0024 clipf=0.028 ev=+0.953 r0=1.0000 entcoef=4.12e-03 lr=2.5e-04 seed=0
iter= 409 step=1312000 ep_ret=+187.532 opt_ret=+187.532 step_rew=1.8753 opt_step=1.8753 gap0=0.000 dret=+453.372 eval_ret=n/a pursuer_target_distance=1.321 capture=0.321 score=0.138 pol=-0.0012 val=0.0117 ent=0.7153 tot=+0.0017 agnorm=0.528 cgnorm=0.050 kl=0.0018 clipf=0.016 ev=+0.923 r0=1.0000 entcoef=4.10e-03 lr=2.5e-04 seed=0
iter= 410 step=1315200 ep_ret=+151.710 opt_ret=+151.710 step_rew=1.5171 opt_step=1.5171 gap0=0.000 dret=+417.550 eval_ret=n/a pursuer_target_distance=1.373 capture=0.290 score=0.122 pol=-0.0011 val=0.0115 ent=0.6929 tot=+0.0018 agnorm=0.504 cgnorm=0.075 kl=0.0013 clipf=0.012 ev=+0.926 r0=1.0000 entcoef=4.09e-03 lr=2.5e-04 seed=0
iter= 411 step=1318400 ep_ret=+152.578 opt_ret=+152.578 step_rew=1.5258 opt_step=1.5258 gap0=0.000 dret=+418.418 eval_ret=n/a pursuer_target_distance=1.520 capture=0.306 score=0.121 pol=-0.0015 val=0.0122 ent=0.7257 tot=+0.0016 agnorm=1.497 cgnorm=0.059 kl=0.0023 clipf=0.027 ev=+0.906 r0=1.0000 entcoef=4.07e-03 lr=2.5e-04 seed=0
iter= 412 step=1321600 ep_ret=+169.882 opt_ret=+169.882 step_rew=1.6988 opt_step=1.6988 gap0=0.000 dret=+435.722 eval_ret=n/a pursuer_target_distance=1.285 capture=0.299 score=0.131 pol=-0.0017 val=0.0099 ent=0.7140 tot=+0.0004 agnorm=0.955 cgnorm=0.051 kl=0.0019 clipf=0.021 ev=+0.927 r0=1.0000 entcoef=4.06e-03 lr=2.4e-04 seed=0
iter= 413 step=1324800 ep_ret=+195.738 opt_ret=+195.738 step_rew=1.9574 opt_step=1.9574 gap0=0.000 dret=+461.577 eval_ret=n/a pursuer_target_distance=1.189 capture=0.316 score=0.144 pol=-0.0014 val=0.0112 ent=0.7750 tot=+0.0011 agnorm=0.682 cgnorm=0.044 kl=0.0023 clipf=0.026 ev=+0.916 r0=1.0000 entcoef=4.04e-03 lr=2.4e-04 seed=0
iter= 414 step=1328000 ep_ret=+224.003 opt_ret=+224.003 step_rew=2.2400 opt_step=2.2400 gap0=0.000 dret=+489.842 eval_ret=n/a pursuer_target_distance=1.219 capture=0.347 score=0.156 pol=-0.0015 val=0.0084 ent=0.7019 tot=-0.0001 agnorm=0.949 cgnorm=0.037 kl=0.0020 clipf=0.022 ev=+0.937 r0=1.0000 entcoef=4.03e-03 lr=2.4e-04 seed=0
iter= 415 step=1331200 ep_ret=+166.971 opt_ret=+166.971 step_rew=1.6697 opt_step=1.6697 gap0=0.000 dret=+432.811 eval_ret=n/a pursuer_target_distance=1.358 capture=0.304 score=0.129 pol=-0.0013 val=0.0075 ent=0.7016 tot=-0.0004 agnorm=0.559 cgnorm=0.037 kl=0.0013 clipf=0.011 ev=+0.949 r0=1.0000 entcoef=4.01e-03 lr=2.4e-04 seed=0
iter= 416 step=1334400 ep_ret=+305.033 opt_ret=+305.033 step_rew=3.0503 opt_step=3.0503 gap0=0.000 dret=+570.873 eval_ret=n/a pursuer_target_distance=1.027 capture=0.409 score=0.202 pol=-0.0009 val=0.0086 ent=0.7131 tot=+0.0005 agnorm=0.582 cgnorm=0.042 kl=0.0013 clipf=0.012 ev=+0.926 r0=1.0000 entcoef=4.00e-03 lr=2.4e-04 seed=0
iter= 417 step=1337600 ep_ret=+462.593 opt_ret=+462.593 step_rew=4.6259 opt_step=4.6259 gap0=0.000 dret=+728.433 eval_ret=n/a pursuer_target_distance=0.605 capture=0.524 score=0.327 pol=-0.0017 val=0.0067 ent=0.7447 tot=-0.0014 agnorm=0.835 cgnorm=0.036 kl=0.0021 clipf=0.024 ev=+0.929 r0=1.0000 entcoef=3.99e-03 lr=2.4e-04 seed=0
iter= 418 step=1340800 ep_ret=+184.315 opt_ret=+184.315 step_rew=1.8432 opt_step=1.8432 gap0=0.000 dret=+450.155 eval_ret=n/a pursuer_target_distance=1.284 capture=0.314 score=0.137 pol=-0.0014 val=0.0114 ent=0.7155 tot=+0.0015 agnorm=0.728 cgnorm=0.062 kl=0.0018 clipf=0.018 ev=+0.921 r0=1.0000 entcoef=3.97e-03 lr=2.4e-04 seed=0
iter= 419 step=1344000 ep_ret=+315.706 opt_ret=+315.706 step_rew=3.1571 opt_step=3.1571 gap0=0.000 dret=+581.545 eval_ret=n/a pursuer_target_distance=0.924 capture=0.409 score=0.213 pol=-0.0012 val=0.0078 ent=0.6936 tot=-0.0001 agnorm=0.595 cgnorm=0.050 kl=0.0015 clipf=0.013 ev=+0.941 r0=1.0000 entcoef=3.96e-03 lr=2.4e-04 seed=0
iter= 420 step=1347200 ep_ret=+325.217 opt_ret=+325.217 step_rew=3.2522 opt_step=3.2522 gap0=0.000 dret=+591.057 eval_ret=+402.288 pursuer_target_distance=0.922 capture=0.418 score=0.218 pol=-0.0018 val=0.0102 ent=0.7528 tot=+0.0004 agnorm=1.914 cgnorm=0.047 kl=0.0028 clipf=0.037 ev=+0.907 r0=1.0000 entcoef=3.94e-03 lr=2.4e-04 seed=0
iter= 421 step=1350400 ep_ret=+149.834 opt_ret=+149.834 step_rew=1.4983 opt_step=1.4983 gap0=0.000 dret=+415.674 eval_ret=n/a pursuer_target_distance=1.332 capture=0.284 score=0.122 pol=-0.0011 val=0.0098 ent=0.6835 tot=+0.0011 agnorm=0.785 cgnorm=0.060 kl=0.0017 clipf=0.017 ev=+0.934 r0=1.0000 entcoef=3.93e-03 lr=2.3e-04 seed=0
iter= 422 step=1353600 ep_ret=+262.212 opt_ret=+262.212 step_rew=2.6221 opt_step=2.6221 gap0=0.000 dret=+528.051 eval_ret=n/a pursuer_target_distance=1.112 capture=0.374 score=0.177 pol=-0.0012 val=0.0102 ent=0.7487 tot=+0.0010 agnorm=0.691 cgnorm=0.046 kl=0.0020 clipf=0.020 ev=+0.912 r0=1.0000 entcoef=3.91e-03 lr=2.3e-04 seed=0
iter= 423 step=1356800 ep_ret=+305.723 opt_ret=+305.723 step_rew=3.0572 opt_step=3.0572 gap0=0.000 dret=+571.563 eval_ret=n/a pursuer_target_distance=0.952 capture=0.402 score=0.206 pol=-0.0012 val=0.0097 ent=0.7036 tot=+0.0010 agnorm=0.719 cgnorm=0.045 kl=0.0012 clipf=0.009 ev=+0.912 r0=1.0000 entcoef=3.90e-03 lr=2.3e-04 seed=0
iter= 424 step=1360000 ep_ret=+262.434 opt_ret=+262.434 step_rew=2.6243 opt_step=2.6243 gap0=0.000 dret=+528.273 eval_ret=n/a pursuer_target_distance=1.191 capture=0.383 score=0.175 pol=-0.0016 val=0.0076 ent=0.6934 tot=-0.0005 agnorm=0.783 cgnorm=0.046 kl=0.0018 clipf=0.015 ev=+0.947 r0=1.0000 entcoef=3.88e-03 lr=2.3e-04 seed=0
iter= 425 step=1363200 ep_ret=+293.696 opt_ret=+293.696 step_rew=2.9370 opt_step=2.9370 gap0=0.000 dret=+559.536 eval_ret=n/a pursuer_target_distance=0.903 capture=0.385 score=0.202 pol=-0.0017 val=0.0084 ent=0.7584 tot=-0.0004 agnorm=0.743 cgnorm=0.038 kl=0.0025 clipf=0.031 ev=+0.912 r0=1.0000 entcoef=3.87e-03 lr=2.3e-04 seed=0
iter= 426 step=1366400 ep_ret=+294.827 opt_ret=+294.827 step_rew=2.9483 opt_step=2.9483 gap0=0.000 dret=+560.667 eval_ret=n/a pursuer_target_distance=1.132 capture=0.409 score=0.192 pol=-0.0016 val=0.0118 ent=0.7333 tot=+0.0014 agnorm=0.674 cgnorm=0.056 kl=0.0025 clipf=0.025 ev=+0.900 r0=1.0000 entcoef=3.86e-03 lr=2.3e-04 seed=0
iter= 427 step=1369600 ep_ret=+246.826 opt_ret=+246.826 step_rew=2.4683 opt_step=2.4683 gap0=0.000 dret=+512.666 eval_ret=n/a pursuer_target_distance=1.187 capture=0.367 score=0.168 pol=-0.0011 val=0.0086 ent=0.6852 tot=+0.0006 agnorm=0.643 cgnorm=0.043 kl=0.0020 clipf=0.019 ev=+0.937 r0=1.0000 entcoef=3.84e-03 lr=2.3e-04 seed=0
iter= 428 step=1372800 ep_ret=+241.942 opt_ret=+241.942 step_rew=2.4194 opt_step=2.4194 gap0=0.000 dret=+507.782 eval_ret=n/a pursuer_target_distance=1.211 capture=0.364 score=0.165 pol=-0.0014 val=0.0088 ent=0.7646 tot=+0.0000 agnorm=0.832 cgnorm=0.041 kl=0.0019 clipf=0.019 ev=+0.937 r0=1.0000 entcoef=3.83e-03 lr=2.3e-04 seed=0
iter= 429 step=1376000 ep_ret=+276.632 opt_ret=+276.632 step_rew=2.7663 opt_step=2.7663 gap0=0.000 dret=+542.472 eval_ret=n/a pursuer_target_distance=1.174 capture=0.395 score=0.182 pol=-0.0009 val=0.0107 ent=0.8006 tot=+0.0013 agnorm=1.835 cgnorm=0.055 kl=0.0023 clipf=0.025 ev=+0.921 r0=1.0000 entcoef=3.81e-03 lr=2.3e-04 seed=0
iter= 430 step=1379200 ep_ret=+271.811 opt_ret=+271.811 step_rew=2.7181 opt_step=2.7181 gap0=0.000 dret=+537.651 eval_ret=n/a pursuer_target_distance=1.075 capture=0.380 score=0.183 pol=-0.0015 val=0.0093 ent=0.7609 tot=+0.0002 agnorm=0.679 cgnorm=0.052 kl=0.0022 clipf=0.024 ev=+0.934 r0=1.0000 entcoef=3.80e-03 lr=2.2e-04 seed=0
iter= 431 step=1382400 ep_ret=+166.104 opt_ret=+166.104 step_rew=1.6610 opt_step=1.6610 gap0=0.000 dret=+431.943 eval_ret=n/a pursuer_target_distance=1.460 capture=0.313 score=0.127 pol=-0.0015 val=0.0107 ent=0.7488 tot=+0.0010 agnorm=0.989 cgnorm=0.055 kl=0.0018 clipf=0.018 ev=+0.905 r0=1.0000 entcoef=3.78e-03 lr=2.2e-04 seed=0
iter= 432 step=1385600 ep_ret=+277.817 opt_ret=+277.817 step_rew=2.7782 opt_step=2.7782 gap0=0.000 dret=+543.657 eval_ret=n/a pursuer_target_distance=1.131 capture=0.392 score=0.184 pol=-0.0013 val=0.0076 ent=0.7208 tot=-0.0003 agnorm=0.853 cgnorm=0.034 kl=0.0019 clipf=0.021 ev=+0.937 r0=1.0000 entcoef=3.77e-03 lr=2.2e-04 seed=0
iter= 433 step=1388800 ep_ret=+204.086 opt_ret=+204.086 step_rew=2.0409 opt_step=2.0409 gap0=0.000 dret=+469.925 eval_ret=n/a pursuer_target_distance=1.284 capture=0.333 score=0.146 pol=-0.0017 val=0.0097 ent=0.7191 tot=+0.0005 agnorm=0.723 cgnorm=0.040 kl=0.0024 clipf=0.024 ev=+0.929 r0=1.0000 entcoef=3.75e-03 lr=2.2e-04 seed=0
iter= 434 step=1392000 ep_ret=+360.718 opt_ret=+360.718 step_rew=3.6072 opt_step=3.6072 gap0=0.000 dret=+626.558 eval_ret=n/a pursuer_target_distance=0.823 capture=0.444 score=0.244 pol=-0.0014 val=0.0081 ent=0.6884 tot=+0.0001 agnorm=0.639 cgnorm=0.050 kl=0.0018 clipf=0.016 ev=+0.907 r0=1.0000 entcoef=3.74e-03 lr=2.2e-04 seed=0
iter= 435 step=1395200 ep_ret=+307.329 opt_ret=+307.329 step_rew=3.0733 opt_step=3.0733 gap0=0.000 dret=+573.168 eval_ret=n/a pursuer_target_distance=1.054 capture=0.414 score=0.201 pol=-0.0011 val=0.0124 ent=0.6873 tot=+0.0025 agnorm=0.799 cgnorm=0.041 kl=0.0016 clipf=0.017 ev=+0.887 r0=1.0000 entcoef=3.73e-03 lr=2.2e-04 seed=0
iter= 436 step=1398400 ep_ret=+343.755 opt_ret=+343.755 step_rew=3.4375 opt_step=3.4375 gap0=0.000 dret=+609.594 eval_ret=n/a pursuer_target_distance=1.046 capture=0.449 score=0.220 pol=-0.0014 val=0.0089 ent=0.7048 tot=+0.0004 agnorm=0.456 cgnorm=0.038 kl=0.0013 clipf=0.013 ev=+0.934 r0=1.0000 entcoef=3.71e-03 lr=2.2e-04 seed=0
iter= 437 step=1401600 ep_ret=+275.799 opt_ret=+275.799 step_rew=2.7580 opt_step=2.7580 gap0=0.000 dret=+541.638 eval_ret=n/a pursuer_target_distance=1.145 capture=0.391 score=0.182 pol=-0.0015 val=0.0080 ent=0.7234 tot=-0.0002 agnorm=0.840 cgnorm=0.037 kl=0.0022 clipf=0.024 ev=+0.944 r0=1.0000 entcoef=3.70e-03 lr=2.2e-04 seed=0
iter= 438 step=1404800 ep_ret=+228.652 opt_ret=+228.652 step_rew=2.2865 opt_step=2.2865 gap0=0.000 dret=+494.492 eval_ret=n/a pursuer_target_distance=1.397 capture=0.369 score=0.154 pol=-0.0014 val=0.0106 ent=0.7134 tot=+0.0013 agnorm=0.651 cgnorm=0.047 kl=0.0018 clipf=0.019 ev=+0.935 r0=1.0000 entcoef=3.68e-03 lr=2.2e-04 seed=0
iter= 439 step=1408000 ep_ret=+319.167 opt_ret=+319.167 step_rew=3.1917 opt_step=3.1917 gap0=0.000 dret=+585.007 eval_ret=n/a pursuer_target_distance=0.964 capture=0.417 score=0.212 pol=-0.0013 val=0.0109 ent=0.7241 tot=+0.0016 agnorm=0.494 cgnorm=0.064 kl=0.0018 clipf=0.015 ev=+0.900 r0=1.0000 entcoef=3.67e-03 lr=2.1e-04 seed=0
iter= 440 step=1411200 ep_ret=+307.168 opt_ret=+307.168 step_rew=3.0717 opt_step=3.0717 gap0=0.000 dret=+573.008 eval_ret=+396.953 pursuer_target_distance=1.009 capture=0.409 score=0.204 pol=-0.0013 val=0.0088 ent=0.6819 tot=+0.0006 agnorm=0.757 cgnorm=0.040 kl=0.0014 clipf=0.015 ev=+0.936 r0=1.0000 entcoef=3.65e-03 lr=2.1e-04 seed=0
iter= 441 step=1414400 ep_ret=+260.495 opt_ret=+260.495 step_rew=2.6049 opt_step=2.6049 gap0=0.000 dret=+526.334 eval_ret=n/a pursuer_target_distance=1.169 capture=0.378 score=0.174 pol=-0.0010 val=0.0083 ent=0.6382 tot=+0.0008 agnorm=0.381 cgnorm=0.040 kl=0.0014 clipf=0.012 ev=+0.938 r0=1.0000 entcoef=3.64e-03 lr=2.1e-04 seed=0
iter= 442 step=1417600 ep_ret=+207.501 opt_ret=+207.501 step_rew=2.0750 opt_step=2.0750 gap0=0.000 dret=+473.341 eval_ret=n/a pursuer_target_distance=1.552 capture=0.364 score=0.143 pol=-0.0010 val=0.0071 ent=0.7150 tot=-0.0000 agnorm=1.085 cgnorm=0.039 kl=0.0019 clipf=0.020 ev=+0.964 r0=1.0000 entcoef=3.62e-03 lr=2.1e-04 seed=0
iter= 443 step=1420800 ep_ret=+210.375 opt_ret=+210.375 step_rew=2.1037 opt_step=2.1037 gap0=0.000 dret=+476.214 eval_ret=n/a pursuer_target_distance=1.343 capture=0.346 score=0.148 pol=-0.0013 val=0.0079 ent=0.6811 tot=+0.0002 agnorm=1.459 cgnorm=0.048 kl=0.0024 clipf=0.027 ev=+0.946 r0=1.0000 entcoef=3.61e-03 lr=2.1e-04 seed=0
iter= 444 step=1424000 ep_ret=+367.967 opt_ret=+367.967 step_rew=3.6797 opt_step=3.6797 gap0=0.000 dret=+633.807 eval_ret=n/a pursuer_target_distance=1.029 capture=0.472 score=0.233 pol=-0.0015 val=0.0063 ent=0.6720 tot=-0.0007 agnorm=0.707 cgnorm=0.044 kl=0.0019 clipf=0.019 ev=+0.955 r0=1.0000 entcoef=3.60e-03 lr=2.1e-04 seed=0
iter= 445 step=1427200 ep_ret=+366.359 opt_ret=+366.359 step_rew=3.6636 opt_step=3.6636 gap0=0.000 dret=+632.199 eval_ret=n/a pursuer_target_distance=0.748 capture=0.442 score=0.253 pol=-0.0011 val=0.0068 ent=0.6842 tot=-0.0001 agnorm=0.543 cgnorm=0.037 kl=0.0015 clipf=0.014 ev=+0.930 r0=1.0000 entcoef=3.58e-03 lr=2.1e-04 seed=0
iter= 446 step=1430400 ep_ret=+281.183 opt_ret=+281.183 step_rew=2.8118 opt_step=2.8118 gap0=0.000 dret=+547.023 eval_ret=n/a pursuer_target_distance=1.025 capture=0.385 score=0.190 pol=-0.0012 val=0.0073 ent=0.6966 tot=-0.0000 agnorm=0.890 cgnorm=0.037 kl=0.0018 clipf=0.018 ev=+0.941 r0=1.0000 entcoef=3.57e-03 lr=2.1e-04 seed=0
iter= 447 step=1433600 ep_ret=+280.185 opt_ret=+280.185 step_rew=2.8018 opt_step=2.8018 gap0=0.000 dret=+546.024 eval_ret=n/a pursuer_target_distance=1.123 capture=0.393 score=0.185 pol=-0.0011 val=0.0084 ent=0.6255 tot=+0.0009 agnorm=0.374 cgnorm=0.047 kl=0.0015 clipf=0.016 ev=+0.941 r0=1.0000 entcoef=3.55e-03 lr=2.1e-04 seed=0
iter= 448 step=1436800 ep_ret=+340.887 opt_ret=+340.887 step_rew=3.4089 opt_step=3.4089 gap0=0.000 dret=+606.727 eval_ret=n/a pursuer_target_distance=1.034 capture=0.445 score=0.219 pol=-0.0014 val=0.0092 ent=0.6426 tot=+0.0010 agnorm=0.932 cgnorm=0.042 kl=0.0017 clipf=0.018 ev=+0.930 r0=1.0000 entcoef=3.54e-03 lr=2.0e-04 seed=0
iter= 449 step=1440000 ep_ret=+333.290 opt_ret=+333.290 step_rew=3.3329 opt_step=3.3329 gap0=0.000 dret=+599.130 eval_ret=n/a pursuer_target_distance=0.895 capture=0.424 score=0.224 pol=-0.0011 val=0.0093 ent=0.6340 tot=+0.0013 agnorm=0.639 cgnorm=0.040 kl=0.0018 clipf=0.022 ev=+0.914 r0=1.0000 entcoef=3.52e-03 lr=2.0e-04 seed=0
iter= 450 step=1443200 ep_ret=+270.417 opt_ret=+270.417 step_rew=2.7042 opt_step=2.7042 gap0=0.000 dret=+536.257 eval_ret=n/a pursuer_target_distance=1.055 capture=0.377 score=0.183 pol=-0.0011 val=0.0098 ent=0.6773 tot=+0.0015 agnorm=0.632 cgnorm=0.050 kl=0.0012 clipf=0.012 ev=+0.922 r0=1.0000 entcoef=3.51e-03 lr=2.0e-04 seed=0
iter= 451 step=1446400 ep_ret=+198.794 opt_ret=+198.794 step_rew=1.9879 opt_step=1.9879 gap0=0.000 dret=+464.634 eval_ret=n/a pursuer_target_distance=1.186 capture=0.318 score=0.146 pol=-0.0015 val=0.0104 ent=0.6551 tot=+0.0014 agnorm=0.607 cgnorm=0.059 kl=0.0019 clipf=0.021 ev=+0.914 r0=1.0000 entcoef=3.50e-03 lr=2.0e-04 seed=0
iter= 452 step=1449600 ep_ret=+353.418 opt_ret=+353.418 step_rew=3.5342 opt_step=3.5342 gap0=0.000 dret=+619.257 eval_ret=n/a pursuer_target_distance=1.025 capture=0.457 score=0.226 pol=-0.0009 val=0.0076 ent=0.6746 tot=+0.0005 agnorm=0.878 cgnorm=0.043 kl=0.0018 clipf=0.015 ev=+0.947 r0=1.0000 entcoef=3.48e-03 lr=2.0e-04 seed=0
iter= 453 step=1452800 ep_ret=+285.789 opt_ret=+285.789 step_rew=2.8579 opt_step=2.8579 gap0=0.000 dret=+551.629 eval_ret=n/a pursuer_target_distance=1.216 capture=0.408 score=0.184 pol=-0.0020 val=0.0119 ent=0.6687 tot=+0.0017 agnorm=0.978 cgnorm=0.049 kl=0.0027 clipf=0.030 ev=+0.919 r0=1.0000 entcoef=3.47e-03 lr=2.0e-04 seed=0
iter= 454 step=1456000 ep_ret=+330.845 opt_ret=+330.845 step_rew=3.3084 opt_step=3.3084 gap0=0.000 dret=+596.685 eval_ret=n/a pursuer_target_distance=0.850 capture=0.417 score=0.225 pol=-0.0011 val=0.0091 ent=0.6638 tot=+0.0012 agnorm=0.673 cgnorm=0.049 kl=0.0019 clipf=0.015 ev=+0.915 r0=1.0000 entcoef=3.45e-03 lr=2.0e-04 seed=0
iter= 455 step=1459200 ep_ret=+179.932 opt_ret=+179.932 step_rew=1.7993 opt_step=1.7993 gap0=0.000 dret=+445.772 eval_ret=n/a pursuer_target_distance=1.419 capture=0.323 score=0.133 pol=-0.0013 val=0.0090 ent=0.6646 tot=+0.0009 agnorm=1.305 cgnorm=0.048 kl=0.0020 clipf=0.023 ev=+0.936 r0=1.0000 entcoef=3.44e-03 lr=2.0e-04 seed=0
iter= 456 step=1462400 ep_ret=+288.600 opt_ret=+288.600 step_rew=2.8860 opt_step=2.8860 gap0=0.000 dret=+554.440 eval_ret=n/a pursuer_target_distance=1.076 capture=0.397 score=0.191 pol=-0.0016 val=0.0089 ent=0.6744 tot=+0.0006 agnorm=0.683 cgnorm=0.042 kl=0.0017 clipf=0.017 ev=+0.929 r0=1.0000 entcoef=3.42e-03 lr=2.0e-04 seed=0
iter= 457 step=1465600 ep_ret=+336.417 opt_ret=+336.417 step_rew=3.3642 opt_step=3.3642 gap0=0.000 dret=+602.257 eval_ret=n/a pursuer_target_distance=0.929 capture=0.430 score=0.223 pol=-0.0012 val=0.0078 ent=0.6535 tot=+0.0004 agnorm=0.603 cgnorm=0.041 kl=0.0018 clipf=0.015 ev=+0.922 r0=1.0000 entcoef=3.41e-03 lr=1.9e-04 seed=0
iter= 458 step=1468800 ep_ret=+323.222 opt_ret=+323.222 step_rew=3.2322 opt_step=3.2322 gap0=0.000 dret=+589.062 eval_ret=n/a pursuer_target_distance=0.836 capture=0.408 score=0.222 pol=-0.0011 val=0.0078 ent=0.6462 tot=+0.0006 agnorm=0.615 cgnorm=0.032 kl=0.0018 clipf=0.019 ev=+0.912 r0=1.0000 entcoef=3.39e-03 lr=1.9e-04 seed=0
iter= 459 step=1472000 ep_ret=+398.411 opt_ret=+398.411 step_rew=3.9841 opt_step=3.9841 gap0=0.000 dret=+664.251 eval_ret=n/a pursuer_target_distance=0.790 capture=0.478 score=0.267 pol=-0.0016 val=0.0083 ent=0.6273 tot=+0.0004 agnorm=0.676 cgnorm=0.038 kl=0.0016 clipf=0.017 ev=+0.922 r0=1.0000 entcoef=3.38e-03 lr=1.9e-04 seed=0
iter= 460 step=1475200 ep_ret=+269.835 opt_ret=+269.835 step_rew=2.6984 opt_step=2.6984 gap0=0.000 dret=+535.675 eval_ret=+397.289 pursuer_target_distance=1.048 capture=0.376 score=0.183 pol=-0.0012 val=0.0075 ent=0.6261 tot=+0.0005 agnorm=0.617 cgnorm=0.036 kl=0.0014 clipf=0.012 ev=+0.938 r0=1.0000 entcoef=3.37e-03 lr=1.9e-04 seed=0
iter= 461 step=1478400 ep_ret=+342.596 opt_ret=+342.596 step_rew=3.4260 opt_step=3.4260 gap0=0.000 dret=+608.436 eval_ret=n/a pursuer_target_distance=0.908 capture=0.434 score=0.228 pol=-0.0014 val=0.0077 ent=0.6398 tot=+0.0003 agnorm=1.077 cgnorm=0.037 kl=0.0018 clipf=0.018 ev=+0.935 r0=1.0000 entcoef=3.35e-03 lr=1.9e-04 seed=0
iter= 462 step=1481600 ep_ret=+262.212 opt_ret=+262.212 step_rew=2.6221 opt_step=2.6221 gap0=0.000 dret=+528.052 eval_ret=n/a pursuer_target_distance=1.155 capture=0.379 score=0.176 pol=-0.0012 val=0.0090 ent=0.6386 tot=+0.0011 agnorm=0.662 cgnorm=0.040 kl=0.0012 clipf=0.010 ev=+0.930 r0=1.0000 entcoef=3.34e-03 lr=1.9e-04 seed=0
iter= 463 step=1484800 ep_ret=+319.556 opt_ret=+319.556 step_rew=3.1956 opt_step=3.1956 gap0=0.000 dret=+585.396 eval_ret=n/a pursuer_target_distance=0.860 capture=0.407 score=0.219 pol=-0.0018 val=0.0087 ent=0.6784 tot=+0.0004 agnorm=0.762 cgnorm=0.043 kl=0.0020 clipf=0.021 ev=+0.910 r0=1.0000 entcoef=3.32e-03 lr=1.9e-04 seed=0
iter= 464 step=1488000 ep_ret=+308.313 opt_ret=+308.313 step_rew=3.0831 opt_step=3.0831 gap0=0.000 dret=+574.152 eval_ret=n/a pursuer_target_distance=0.976 capture=0.407 score=0.206 pol=-0.0011 val=0.0087 ent=0.6145 tot=+0.0012 agnorm=0.624 cgnorm=0.057 kl=0.0014 clipf=0.014 ev=+0.913 r0=1.0000 entcoef=3.31e-03 lr=1.9e-04 seed=0
iter= 465 step=1491200 ep_ret=+238.025 opt_ret=+238.025 step_rew=2.3803 opt_step=2.3803 gap0=0.000 dret=+503.865 eval_ret=n/a pursuer_target_distance=1.222 capture=0.361 score=0.163 pol=-0.0013 val=0.0097 ent=0.6443 tot=+0.0014 agnorm=0.749 cgnorm=0.036 kl=0.0018 clipf=0.018 ev=+0.923 r0=1.0000 entcoef=3.29e-03 lr=1.9e-04 seed=0
iter= 466 step=1494400 ep_ret=+181.981 opt_ret=+181.981 step_rew=1.8198 opt_step=1.8198 gap0=0.000 dret=+447.821 eval_ret=n/a pursuer_target_distance=1.389 capture=0.322 score=0.135 pol=-0.0014 val=0.0088 ent=0.6309 tot=+0.0009 agnorm=0.599 cgnorm=0.052 kl=0.0015 clipf=0.015 ev=+0.935 r0=1.0000 entcoef=3.28e-03 lr=1.8e-04 seed=0
iter= 467 step=1497600 ep_ret=+249.426 opt_ret=+249.426 step_rew=2.4943 opt_step=2.4943 gap0=0.000 dret=+515.266 eval_ret=n/a pursuer_target_distance=1.186 capture=0.369 score=0.169 pol=-0.0016 val=0.0077 ent=0.6700 tot=+0.0001 agnorm=0.636 cgnorm=0.032 kl=0.0023 clipf=0.023 ev=+0.943 r0=1.0000 entcoef=3.26e-03 lr=1.8e-04 seed=0
iter= 468 step=1500800 ep_ret=+222.315 opt_ret=+222.315 step_rew=2.2231 opt_step=2.2231 gap0=0.000 dret=+488.154 eval_ret=n/a pursuer_target_distance=1.311 capture=0.354 score=0.153 pol=-0.0011 val=0.0092 ent=0.6379 tot=+0.0014 agnorm=0.538 cgnorm=0.041 kl=0.0013 clipf=0.011 ev=+0.925 r0=1.0000 entcoef=3.25e-03 lr=1.8e-04 seed=0
iter= 469 step=1504000 ep_ret=+204.561 opt_ret=+204.561 step_rew=2.0456 opt_step=2.0456 gap0=0.000 dret=+470.401 eval_ret=n/a pursuer_target_distance=1.304 capture=0.336 score=0.146 pol=-0.0014 val=0.0082 ent=0.6257 tot=+0.0007 agnorm=0.612 cgnorm=0.047 kl=0.0016 clipf=0.017 ev=+0.939 r0=1.0000 entcoef=3.24e-03 lr=1.8e-04 seed=0
iter= 470 step=1507200 ep_ret=+248.905 opt_ret=+248.905 step_rew=2.4891 opt_step=2.4891 gap0=0.000 dret=+514.745 eval_ret=n/a pursuer_target_distance=1.157 capture=0.366 score=0.169 pol=-0.0010 val=0.0077 ent=0.6214 tot=+0.0009 agnorm=0.513 cgnorm=0.035 kl=0.0012 clipf=0.009 ev=+0.936 r0=1.0000 entcoef=3.22e-03 lr=1.8e-04 seed=0
iter= 471 step=1510400 ep_ret=+220.615 opt_ret=+220.615 step_rew=2.2062 opt_step=2.2062 gap0=0.000 dret=+486.455 eval_ret=n/a pursuer_target_distance=1.343 capture=0.356 score=0.152 pol=-0.0011 val=0.0093 ent=0.5901 tot=+0.0016 agnorm=0.486 cgnorm=0.040 kl=0.0013 clipf=0.011 ev=+0.934 r0=1.0000 entcoef=3.21e-03 lr=1.8e-04 seed=0
iter= 472 step=1513600 ep_ret=+363.359 opt_ret=+363.359 step_rew=3.6336 opt_step=3.6336 gap0=0.000 dret=+629.199 eval_ret=n/a pursuer_target_distance=0.831 capture=0.448 score=0.244 pol=-0.0017 val=0.0111 ent=0.6459 tot=+0.0018 agnorm=0.574 cgnorm=0.045 kl=0.0016 clipf=0.015 ev=+0.898 r0=1.0000 entcoef=3.19e-03 lr=1.8e-04 seed=0
iter= 473 step=1516800 ep_ret=+325.328 opt_ret=+325.328 step_rew=3.2533 opt_step=3.2533 gap0=0.000 dret=+591.168 eval_ret=n/a pursuer_target_distance=0.909 capture=0.417 score=0.219 pol=-0.0009 val=0.0088 ent=0.6242 tot=+0.0016 agnorm=0.965 cgnorm=0.036 kl=0.0013 clipf=0.012 ev=+0.905 r0=1.0000 entcoef=3.18e-03 lr=1.8e-04 seed=0
iter= 474 step=1520000 ep_ret=+149.170 opt_ret=+149.170 step_rew=1.4917 opt_step=1.4917 gap0=0.000 dret=+415.010 eval_ret=n/a pursuer_target_distance=1.517 capture=0.302 score=0.120 pol=-0.0012 val=0.0086 ent=0.6478 tot=+0.0011 agnorm=0.930 cgnorm=0.040 kl=0.0014 clipf=0.013 ev=+0.944 r0=1.0000 entcoef=3.16e-03 lr=1.8e-04 seed=0
iter= 475 step=1523200 ep_ret=+267.158 opt_ret=+267.158 step_rew=2.6716 opt_step=2.6716 gap0=0.000 dret=+532.997 eval_ret=n/a pursuer_target_distance=1.228 capture=0.391 score=0.175 pol=-0.0010 val=0.0101 ent=0.6262 tot=+0.0021 agnorm=0.811 cgnorm=0.043 kl=0.0013 clipf=0.012 ev=+0.909 r0=1.0000 entcoef=3.15e-03 lr=1.7e-04 seed=0
iter= 476 step=1526400 ep_ret=+297.804 opt_ret=+297.804 step_rew=2.9780 opt_step=2.9780 gap0=0.000 dret=+563.644 eval_ret=n/a pursuer_target_distance=1.121 capture=0.411 score=0.194 pol=-0.0013 val=0.0092 ent=0.6102 tot=+0.0014 agnorm=0.850 cgnorm=0.041 kl=0.0015 clipf=0.018 ev=+0.916 r0=1.0000 entcoef=3.13e-03 lr=1.7e-04 seed=0
iter= 477 step=1529600 ep_ret=+207.980 opt_ret=+207.980 step_rew=2.0798 opt_step=2.0798 gap0=0.000 dret=+473.820 eval_ret=n/a pursuer_target_distance=1.198 capture=0.329 score=0.150 pol=-0.0009 val=0.0105 ent=0.6273 tot=+0.0024 agnorm=0.591 cgnorm=0.040 kl=0.0012 clipf=0.010 ev=+0.889 r0=1.0000 entcoef=3.12e-03 lr=1.7e-04 seed=0
iter= 478 step=1532800 ep_ret=+138.716 opt_ret=+138.716 step_rew=1.3872 opt_step=1.3872 gap0=0.000 dret=+404.556 eval_ret=n/a pursuer_target_distance=1.493 capture=0.289 score=0.116 pol=-0.0016 val=0.0089 ent=0.6476 tot=+0.0008 agnorm=0.741 cgnorm=0.054 kl=0.0019 clipf=0.019 ev=+0.933 r0=1.0000 entcoef=3.11e-03 lr=1.7e-04 seed=0
iter= 479 step=1536000 ep_ret=+308.185 opt_ret=+308.185 step_rew=3.0819 opt_step=3.0819 gap0=0.000 dret=+574.025 eval_ret=n/a pursuer_target_distance=1.030 capture=0.412 score=0.203 pol=-0.0011 val=0.0080 ent=0.6114 tot=+0.0011 agnorm=1.063 cgnorm=0.033 kl=0.0017 clipf=0.019 ev=+0.927 r0=1.0000 entcoef=3.09e-03 lr=1.7e-04 seed=0
iter= 480 step=1539200 ep_ret=+258.978 opt_ret=+258.978 step_rew=2.5898 opt_step=2.5898 gap0=0.000 dret=+524.817 eval_ret=+396.746 pursuer_target_distance=0.988 capture=0.359 score=0.180 pol=-0.0007 val=0.0103 ent=0.5839 tot=+0.0026 agnorm=0.659 cgnorm=0.041 kl=0.0011 clipf=0.010 ev=+0.890 r0=1.0000 entcoef=3.08e-03 lr=1.7e-04 seed=0
iter= 481 step=1542400 ep_ret=+193.389 opt_ret=+193.389 step_rew=1.9339 opt_step=1.9339 gap0=0.000 dret=+459.228 eval_ret=n/a pursuer_target_distance=1.244 capture=0.319 score=0.142 pol=-0.0010 val=0.0099 ent=0.6371 tot=+0.0020 agnorm=0.758 cgnorm=0.050 kl=0.0013 clipf=0.014 ev=+0.903 r0=1.0000 entcoef=3.06e-03 lr=1.7e-04 seed=0
iter= 482 step=1545600 ep_ret=+190.352 opt_ret=+190.352 step_rew=1.9035 opt_step=1.9035 gap0=0.000 dret=+456.192 eval_ret=n/a pursuer_target_distance=1.552 capture=0.347 score=0.136 pol=-0.0018 val=0.0079 ent=0.6887 tot=+0.0001 agnorm=1.055 cgnorm=0.038 kl=0.0026 clipf=0.032 ev=+0.956 r0=1.0000 entcoef=3.05e-03 lr=1.7e-04 seed=0
iter= 483 step=1548800 ep_ret=+301.183 opt_ret=+301.183 step_rew=3.0118 opt_step=3.0118 gap0=0.000 dret=+567.023 eval_ret=n/a pursuer_target_distance=0.978 capture=0.400 score=0.202 pol=-0.0010 val=0.0075 ent=0.6699 tot=+0.0007 agnorm=0.800 cgnorm=0.037 kl=0.0016 clipf=0.017 ev=+0.917 r0=1.0000 entcoef=3.03e-03 lr=1.7e-04 seed=0
iter= 484 step=1552000 ep_ret=+264.590 opt_ret=+264.590 step_rew=2.6459 opt_step=2.6459 gap0=0.000 dret=+530.430 eval_ret=n/a pursuer_target_distance=1.228 capture=0.388 score=0.174 pol=-0.0012 val=0.0099 ent=0.6310 tot=+0.0019 agnorm=0.761 cgnorm=0.042 kl=0.0018 clipf=0.020 ev=+0.920 r0=1.0000 entcoef=3.02e-03 lr=1.6e-04 seed=0
iter= 485 step=1555200 ep_ret=+209.155 opt_ret=+209.155 step_rew=2.0915 opt_step=2.0915 gap0=0.000 dret=+474.994 eval_ret=n/a pursuer_target_distance=1.195 capture=0.330 score=0.150 pol=-0.0011 val=0.0094 ent=0.6662 tot=+0.0016 agnorm=1.135 cgnorm=0.047 kl=0.0015 clipf=0.013 ev=+0.921 r0=1.0000 entcoef=3.00e-03 lr=1.6e-04 seed=0
iter= 486 step=1558400 ep_ret=+272.354 opt_ret=+272.354 step_rew=2.7235 opt_step=2.7235 gap0=0.000 dret=+538.194 eval_ret=n/a pursuer_target_distance=1.048 capture=0.378 score=0.185 pol=-0.0014 val=0.0079 ent=0.6243 tot=+0.0007 agnorm=0.683 cgnorm=0.038 kl=0.0017 clipf=0.018 ev=+0.939 r0=1.0000 entcoef=2.99e-03 lr=1.6e-04 seed=0
iter= 487 step=1561600 ep_ret=+443.859 opt_ret=+443.859 step_rew=4.4386 opt_step=4.4386 gap0=0.000 dret=+709.698 eval_ret=n/a pursuer_target_distance=0.683 capture=0.513 score=0.305 pol=-0.0008 val=0.0084 ent=0.6441 tot=+0.0014 agnorm=0.622 cgnorm=0.050 kl=0.0016 clipf=0.017 ev=+0.922 r0=1.0000 entcoef=2.98e-03 lr=1.6e-04 seed=0
iter= 488 step=1564800 ep_ret=+212.390 opt_ret=+212.390 step_rew=2.1239 opt_step=2.1239 gap0=0.000 dret=+478.230 eval_ret=n/a pursuer_target_distance=1.169 capture=0.330 score=0.152 pol=-0.0016 val=0.0085 ent=0.6169 tot=+0.0008 agnorm=0.566 cgnorm=0.043 kl=0.0016 clipf=0.015 ev=+0.926 r0=1.0000 entcoef=2.96e-03 lr=1.6e-04 seed=0
iter= 489 step=1568000 ep_ret=+180.018 opt_ret=+180.018 step_rew=1.8002 opt_step=1.8002 gap0=0.000 dret=+445.858 eval_ret=n/a pursuer_target_distance=1.387 capture=0.320 score=0.134 pol=-0.0013 val=0.0058 ent=0.6249 tot=-0.0003 agnorm=0.712 cgnorm=0.026 kl=0.0017 clipf=0.018 ev=+0.963 r0=1.0000 entcoef=2.95e-03 lr=1.6e-04 seed=0
iter= 490 step=1571200 ep_ret=+294.679 opt_ret=+294.679 step_rew=2.9468 opt_step=2.9468 gap0=0.000 dret=+560.519 eval_ret=n/a pursuer_target_distance=0.993 capture=0.395 score=0.198 pol=-0.0015 val=0.0070 ent=0.6489 tot=+0.0001 agnorm=0.716 cgnorm=0.028 kl=0.0016 clipf=0.015 ev=+0.940 r0=1.0000 entcoef=2.93e-03 lr=1.6e-04 seed=0
iter= 491 step=1574400 ep_ret=+347.256 opt_ret=+347.256 step_rew=3.4726 opt_step=3.4726 gap0=0.000 dret=+613.096 eval_ret=n/a pursuer_target_distance=1.039 capture=0.452 score=0.222 pol=-0.0013 val=0.0102 ent=0.6324 tot=+0.0020 agnorm=0.498 cgnorm=0.050 kl=0.0016 clipf=0.013 ev=+0.908 r0=1.0000 entcoef=2.92e-03 lr=1.6e-04 seed=0
iter= 492 step=1577600 ep_ret=+295.212 opt_ret=+295.212 step_rew=2.9521 opt_step=2.9521 gap0=0.000 dret=+561.052 eval_ret=n/a pursuer_target_distance=1.135 capture=0.410 score=0.192 pol=-0.0011 val=0.0082 ent=0.6312 tot=+0.0012 agnorm=0.526 cgnorm=0.037 kl=0.0015 clipf=0.016 ev=+0.921 r0=1.0000 entcoef=2.90e-03 lr=1.6e-04 seed=0
iter= 493 step=1580800 ep_ret=+295.044 opt_ret=+295.044 step_rew=2.9504 opt_step=2.9504 gap0=0.000 dret=+560.884 eval_ret=n/a pursuer_target_distance=0.999 capture=0.396 score=0.198 pol=-0.0011 val=0.0092 ent=0.6428 tot=+0.0016 agnorm=0.589 cgnorm=0.035 kl=0.0020 clipf=0.023 ev=+0.903 r0=1.0000 entcoef=2.89e-03 lr=1.5e-04 seed=0
iter= 494 step=1584000 ep_ret=+477.142 opt_ret=+477.142 step_rew=4.7714 opt_step=4.7714 gap0=0.000 dret=+742.982 eval_ret=n/a pursuer_target_distance=0.690 capture=0.547 score=0.324 pol=-0.0008 val=0.0102 ent=0.6611 tot=+0.0024 agnorm=1.386 cgnorm=0.062 kl=0.0018 clipf=0.019 ev=+0.900 r0=1.0000 entcoef=2.87e-03 lr=1.5e-04 seed=0
iter= 495 step=1587200 ep_ret=+358.113 opt_ret=+358.113 step_rew=3.5811 opt_step=3.5811 gap0=0.000 dret=+623.953 eval_ret=n/a pursuer_target_distance=0.893 capture=0.448 score=0.237 pol=-0.0010 val=0.0078 ent=0.6477 tot=+0.0011 agnorm=0.803 cgnorm=0.040 kl=0.0012 clipf=0.011 ev=+0.929 r0=1.0000 entcoef=2.86e-03 lr=1.5e-04 seed=0
iter= 496 step=1590400 ep_ret=+185.792 opt_ret=+185.792 step_rew=1.8579 opt_step=1.8579 gap0=0.000 dret=+451.632 eval_ret=n/a pursuer_target_distance=1.351 capture=0.322 score=0.137 pol=-0.0015 val=0.0093 ent=0.6586 tot=+0.0013 agnorm=0.766 cgnorm=0.040 kl=0.0013 clipf=0.013 ev=+0.933 r0=1.0000 entcoef=2.85e-03 lr=1.5e-04 seed=0
iter= 497 step=1593600 ep_ret=+281.075 opt_ret=+281.075 step_rew=2.8107 opt_step=2.8107 gap0=0.000 dret=+546.915 eval_ret=n/a pursuer_target_distance=1.067 capture=0.389 score=0.188 pol=-0.0013 val=0.0101 ent=0.6047 tot=+0.0021 agnorm=0.692 cgnorm=0.044 kl=0.0019 clipf=0.017 ev=+0.877 r0=1.0000 entcoef=2.83e-03 lr=1.5e-04 seed=0
iter= 498 step=1596800 ep_ret=+232.101 opt_ret=+232.101 step_rew=2.3210 opt_step=2.3210 gap0=0.000 dret=+497.941 eval_ret=n/a pursuer_target_distance=1.210 capture=0.354 score=0.160 pol=-0.0015 val=0.0079 ent=0.6313 tot=+0.0006 agnorm=0.588 cgnorm=0.035 kl=0.0016 clipf=0.015 ev=+0.936 r0=1.0000 entcoef=2.82e-03 lr=1.5e-04 seed=0
iter= 499 step=1600000 ep_ret=+350.332 opt_ret=+350.332 step_rew=3.5033 opt_step=3.5033 gap0=0.000 dret=+616.172 eval_ret=n/a pursuer_target_distance=1.034 capture=0.455 score=0.224 pol=-0.0008 val=0.0105 ent=0.6694 tot=+0.0025 agnorm=2.423 cgnorm=0.058 kl=0.0022 clipf=0.025 ev=+0.907 r0=1.0000 entcoef=2.80e-03 lr=1.5e-04 seed=0
iter= 500 step=1603200 ep_ret=+282.623 opt_ret=+282.623 step_rew=2.8262 opt_step=2.8262 gap0=0.000 dret=+548.462 eval_ret=+412.318 pursuer_target_distance=1.054 capture=0.389 score=0.189 pol=-0.0006 val=0.0082 ent=0.6279 tot=+0.0017 agnorm=0.422 cgnorm=0.035 kl=0.0013 clipf=0.013 ev=+0.918 r0=1.0000 entcoef=2.79e-03 lr=1.5e-04 seed=0
iter= 501 step=1606400 ep_ret=+230.569 opt_ret=+230.569 step_rew=2.3057 opt_step=2.3057 gap0=0.000 dret=+496.409 eval_ret=n/a pursuer_target_distance=1.409 capture=0.372 score=0.155 pol=-0.0012 val=0.0099 ent=0.6465 tot=+0.0020 agnorm=0.768 cgnorm=0.062 kl=0.0016 clipf=0.016 ev=+0.927 r0=1.0000 entcoef=2.77e-03 lr=1.5e-04 seed=0
iter= 502 step=1609600 ep_ret=+342.120 opt_ret=+342.120 step_rew=3.4212 opt_step=3.4212 gap0=0.000 dret=+607.960 eval_ret=n/a pursuer_target_distance=0.759 capture=0.419 score=0.238 pol=-0.0013 val=0.0069 ent=0.6160 tot=+0.0004 agnorm=0.528 cgnorm=0.029 kl=0.0014 clipf=0.012 ev=+0.914 r0=1.0000 entcoef=2.76e-03 lr=1.4e-04 seed=0
iter= 503 step=1612800 ep_ret=+283.021 opt_ret=+283.021 step_rew=2.8302 opt_step=2.8302 gap0=0.000 dret=+548.860 eval_ret=n/a pursuer_target_distance=1.094 capture=0.393 score=0.188 pol=-0.0013 val=0.0074 ent=0.6371 tot=+0.0006 agnorm=0.654 cgnorm=0.034 kl=0.0017 clipf=0.018 ev=+0.930 r0=1.0000 entcoef=2.75e-03 lr=1.4e-04 seed=0
iter= 504 step=1616000 ep_ret=+287.668 opt_ret=+287.668 step_rew=2.8767 opt_step=2.8767 gap0=0.000 dret=+553.507 eval_ret=n/a pursuer_target_distance=1.085 capture=0.397 score=0.190 pol=-0.0014 val=0.0097 ent=0.6393 tot=+0.0017 agnorm=1.205 cgnorm=0.039 kl=0.0020 clipf=0.021 ev=+0.914 r0=1.0000 entcoef=2.73e-03 lr=1.4e-04 seed=0
iter= 505 step=1619200 ep_ret=+304.732 opt_ret=+304.732 step_rew=3.0473 opt_step=3.0473 gap0=0.000 dret=+570.572 eval_ret=n/a pursuer_target_distance=1.090 capture=0.415 score=0.198 pol=-0.0016 val=0.0086 ent=0.6736 tot=+0.0009 agnorm=1.238 cgnorm=0.037 kl=0.0022 clipf=0.026 ev=+0.926 r0=1.0000 entcoef=2.72e-03 lr=1.4e-04 seed=0
iter= 506 step=1622400 ep_ret=+216.527 opt_ret=+216.527 step_rew=2.1653 opt_step=2.1653 gap0=0.000 dret=+482.367 eval_ret=n/a pursuer_target_distance=1.272 capture=0.345 score=0.152 pol=-0.0012 val=0.0071 ent=0.6398 tot=+0.0006 agnorm=0.761 cgnorm=0.044 kl=0.0014 clipf=0.013 ev=+0.944 r0=1.0000 entcoef=2.70e-03 lr=1.4e-04 seed=0
iter= 507 step=1625600 ep_ret=+205.236 opt_ret=+205.236 step_rew=2.0524 opt_step=2.0524 gap0=0.000 dret=+471.076 eval_ret=n/a pursuer_target_distance=1.472 capture=0.353 score=0.143 pol=-0.0012 val=0.0073 ent=0.6382 tot=+0.0007 agnorm=0.805 cgnorm=0.033 kl=0.0017 clipf=0.015 ev=+0.950 r0=1.0000 entcoef=2.69e-03 lr=1.4e-04 seed=0
iter= 508 step=1628800 ep_ret=+145.409 opt_ret=+145.409 step_rew=1.4541 opt_step=1.4541 gap0=0.000 dret=+411.249 eval_ret=n/a pursuer_target_distance=1.505 capture=0.297 score=0.119 pol=-0.0012 val=0.0067 ent=0.6424 tot=+0.0005 agnorm=0.673 cgnorm=0.045 kl=0.0014 clipf=0.015 ev=+0.950 r0=1.0000 entcoef=2.67e-03 lr=1.4e-04 seed=0
iter= 509 step=1632000 ep_ret=+224.630 opt_ret=+224.630 step_rew=2.2463 opt_step=2.2463 gap0=0.000 dret=+490.469 eval_ret=n/a pursuer_target_distance=1.256 capture=0.351 score=0.156 pol=-0.0010 val=0.0070 ent=0.6103 tot=+0.0008 agnorm=0.536 cgnorm=0.036 kl=0.0012 clipf=0.011 ev=+0.950 r0=1.0000 entcoef=2.66e-03 lr=1.4e-04 seed=0
iter= 510 step=1635200 ep_ret=+266.069 opt_ret=+266.069 step_rew=2.6607 opt_step=2.6607 gap0=0.000 dret=+531.909 eval_ret=n/a pursuer_target_distance=1.120 capture=0.379 score=0.179 pol=-0.0012 val=0.0091 ent=0.6008 tot=+0.0018 agnorm=0.616 cgnorm=0.053 kl=0.0015 clipf=0.015 ev=+0.911 r0=1.0000 entcoef=2.64e-03 lr=1.4e-04 seed=0
iter= 511 step=1638400 ep_ret=+351.863 opt_ret=+351.863 step_rew=3.5186 opt_step=3.5186 gap0=0.000 dret=+617.703 eval_ret=n/a pursuer_target_distance=0.909 capture=0.444 score=0.232 pol=-0.0010 val=0.0083 ent=0.6089 tot=+0.0015 agnorm=0.707 cgnorm=0.038 kl=0.0016 clipf=0.016 ev=+0.926 r0=1.0000 entcoef=2.63e-03 lr=1.3e-04 seed=0
iter= 512 step=1641600 ep_ret=+287.698 opt_ret=+287.698 step_rew=2.8770 opt_step=2.8770 gap0=0.000 dret=+553.538 eval_ret=n/a pursuer_target_distance=1.107 capture=0.399 score=0.190 pol=-0.0014 val=0.0079 ent=0.6571 tot=+0.0009 agnorm=0.875 cgnorm=0.040 kl=0.0017 clipf=0.017 ev=+0.928 r0=1.0000 entcoef=2.62e-03 lr=1.3e-04 seed=0
iter= 513 step=1644800 ep_ret=+437.720 opt_ret=+437.720 step_rew=4.3772 opt_step=4.3772 gap0=0.000 dret=+703.560 eval_ret=n/a pursuer_target_distance=0.666 capture=0.505 score=0.303 pol=-0.0010 val=0.0090 ent=0.6378 tot=+0.0018 agnorm=0.593 cgnorm=0.057 kl=0.0012 clipf=0.012 ev=+0.914 r0=1.0000 entcoef=2.60e-03 lr=1.3e-04 seed=0
iter= 514 step=1648000 ep_ret=+279.120 opt_ret=+279.120 step_rew=2.7912 opt_step=2.7912 gap0=0.000 dret=+544.960 eval_ret=n/a pursuer_target_distance=1.133 capture=0.393 score=0.184 pol=-0.0015 val=0.0078 ent=0.6320 tot=+0.0008 agnorm=0.822 cgnorm=0.038 kl=0.0020 clipf=0.017 ev=+0.928 r0=1.0000 entcoef=2.59e-03 lr=1.3e-04 seed=0
iter= 515 step=1651200 ep_ret=+386.899 opt_ret=+386.899 step_rew=3.8690 opt_step=3.8690 gap0=0.000 dret=+652.739 eval_ret=n/a pursuer_target_distance=0.765 capture=0.464 score=0.263 pol=-0.0013 val=0.0088 ent=0.6652 tot=+0.0014 agnorm=0.910 cgnorm=0.066 kl=0.0018 clipf=0.018 ev=+0.913 r0=1.0000 entcoef=2.57e-03 lr=1.3e-04 seed=0
iter= 516 step=1654400 ep_ret=+266.798 opt_ret=+266.798 step_rew=2.6680 opt_step=2.6680 gap0=0.000 dret=+532.637 eval_ret=n/a pursuer_target_distance=1.060 capture=0.374 score=0.181 pol=-0.0012 val=0.0099 ent=0.6644 tot=+0.0021 agnorm=1.032 cgnorm=0.046 kl=0.0020 clipf=0.023 ev=+0.906 r0=1.0000 entcoef=2.56e-03 lr=1.3e-04 seed=0
iter= 517 step=1657600 ep_ret=+235.000 opt_ret=+235.000 step_rew=2.3500 opt_step=2.3500 gap0=0.000 dret=+500.840 eval_ret=n/a pursuer_target_distance=1.415 capture=0.378 score=0.156 pol=-0.0011 val=0.0090 ent=0.6889 tot=+0.0016 agnorm=0.739 cgnorm=0.035 kl=0.0018 clipf=0.016 ev=+0.928 r0=1.0000 entcoef=2.54e-03 lr=1.3e-04 seed=0
iter= 518 step=1660800 ep_ret=+324.662 opt_ret=+324.662 step_rew=3.2466 opt_step=3.2466 gap0=0.000 dret=+590.502 eval_ret=n/a pursuer_target_distance=1.100 capture=0.436 score=0.207 pol=-0.0013 val=0.0075 ent=0.6551 tot=+0.0008 agnorm=0.757 cgnorm=0.041 kl=0.0016 clipf=0.014 ev=+0.936 r0=1.0000 entcoef=2.53e-03 lr=1.3e-04 seed=0
iter= 519 step=1664000 ep_ret=+231.408 opt_ret=+231.408 step_rew=2.3141 opt_step=2.3141 gap0=0.000 dret=+497.248 eval_ret=n/a pursuer_target_distance=1.270 capture=0.359 score=0.158 pol=-0.0010 val=0.0079 ent=0.6156 tot=+0.0014 agnorm=0.699 cgnorm=0.045 kl=0.0016 clipf=0.014 ev=+0.938 r0=1.0000 entcoef=2.51e-03 lr=1.3e-04 seed=0
iter= 520 step=1667200 ep_ret=+253.907 opt_ret=+253.907 step_rew=2.5391 opt_step=2.5391 gap0=0.000 dret=+519.747 eval_ret=+402.240 pursuer_target_distance=1.088 capture=0.364 score=0.174 pol=-0.0008 val=0.0071 ent=0.6255 tot=+0.0011 agnorm=0.612 cgnorm=0.038 kl=0.0008 clipf=0.007 ev=+0.926 r0=1.0000 entcoef=2.50e-03 lr=1.3e-04 seed=0
iter= 521 step=1670400 ep_ret=+324.005 opt_ret=+324.005 step_rew=3.2400 opt_step=3.2400 gap0=0.000 dret=+589.845 eval_ret=n/a pursuer_target_distance=0.884 capture=0.413 score=0.219 pol=-0.0012 val=0.0081 ent=0.6548 tot=+0.0012 agnorm=0.763 cgnorm=0.036 kl=0.0011 clipf=0.009 ev=+0.922 r0=1.0000 entcoef=2.49e-03 lr=1.2e-04 seed=0
iter= 522 step=1673600 ep_ret=+371.154 opt_ret=+371.154 step_rew=3.7115 opt_step=3.7115 gap0=0.000 dret=+636.994 eval_ret=n/a pursuer_target_distance=0.997 capture=0.472 score=0.236 pol=-0.0010 val=0.0090 ent=0.6072 tot=+0.0020 agnorm=0.772 cgnorm=0.030 kl=0.0016 clipf=0.015 ev=+0.925 r0=1.0000 entcoef=2.47e-03 lr=1.2e-04 seed=0
iter= 523 step=1676800 ep_ret=+311.878 opt_ret=+311.878 step_rew=3.1188 opt_step=3.1188 gap0=0.000 dret=+577.717 eval_ret=n/a pursuer_target_distance=1.177 capture=0.431 score=0.198 pol=-0.0012 val=0.0071 ent=0.6177 tot=+0.0009 agnorm=0.642 cgnorm=0.035 kl=0.0010 clipf=0.009 ev=+0.937 r0=1.0000 entcoef=2.46e-03 lr=1.2e-04 seed=0
iter= 524 step=1680000 ep_ret=+256.166 opt_ret=+256.166 step_rew=2.5617 opt_step=2.5617 gap0=0.000 dret=+522.006 eval_ret=n/a pursuer_target_distance=1.347 capture=0.392 score=0.167 pol=-0.0013 val=0.0071 ent=0.6291 tot=+0.0007 agnorm=1.032 cgnorm=0.030 kl=0.0015 clipf=0.017 ev=+0.954 r0=1.0000 entcoef=2.44e-03 lr=1.2e-04 seed=0
iter= 525 step=1683200 ep_ret=+253.299 opt_ret=+253.299 step_rew=2.5330 opt_step=2.5330 gap0=0.000 dret=+519.138 eval_ret=n/a pursuer_target_distance=1.163 capture=0.371 score=0.171 pol=-0.0010 val=0.0081 ent=0.6051 tot=+0.0016 agnorm=0.510 cgnorm=0.045 kl=0.0013 clipf=0.012 ev=+0.937 r0=1.0000 entcoef=2.43e-03 lr=1.2e-04 seed=0
iter= 526 step=1686400 ep_ret=+333.564 opt_ret=+333.564 step_rew=3.3356 opt_step=3.3356 gap0=0.000 dret=+599.404 eval_ret=n/a pursuer_target_distance=0.923 capture=0.427 score=0.222 pol=-0.0015 val=0.0079 ent=0.6567 tot=+0.0009 agnorm=0.956 cgnorm=0.037 kl=0.0018 clipf=0.018 ev=+0.922 r0=1.0000 entcoef=2.41e-03 lr=1.2e-04 seed=0
iter= 527 step=1689600 ep_ret=+179.952 opt_ret=+179.952 step_rew=1.7995 opt_step=1.7995 gap0=0.000 dret=+445.792 eval_ret=n/a pursuer_target_distance=1.487 capture=0.330 score=0.133 pol=-0.0007 val=0.0083 ent=0.5889 tot=+0.0020 agnorm=0.631 cgnorm=0.045 kl=0.0010 clipf=0.007 ev=+0.947 r0=1.0000 entcoef=2.40e-03 lr=1.2e-04 seed=0
iter= 528 step=1692800 ep_ret=+226.782 opt_ret=+226.782 step_rew=2.2678 opt_step=2.2678 gap0=0.000 dret=+492.622 eval_ret=n/a pursuer_target_distance=1.319 capture=0.360 score=0.155 pol=-0.0013 val=0.0075 ent=0.5536 tot=+0.0011 agnorm=0.991 cgnorm=0.031 kl=0.0012 clipf=0.011 ev=+0.945 r0=1.0000 entcoef=2.38e-03 lr=1.2e-04 seed=0
iter= 529 step=1696000 ep_ret=+324.031 opt_ret=+324.031 step_rew=3.2403 opt_step=3.2403 gap0=0.000 dret=+589.871 eval_ret=n/a pursuer_target_distance=0.890 capture=0.414 score=0.219 pol=-0.0012 val=0.0063 ent=0.6111 tot=+0.0006 agnorm=1.075 cgnorm=0.026 kl=0.0017 clipf=0.018 ev=+0.945 r0=1.0000 entcoef=2.37e-03 lr=1.2e-04 seed=0
iter= 530 step=1699200 ep_ret=+346.964 opt_ret=+346.964 step_rew=3.4696 opt_step=3.4696 gap0=0.000 dret=+612.804 eval_ret=n/a pursuer_target_distance=0.917 capture=0.440 score=0.229 pol=-0.0013 val=0.0073 ent=0.5493 tot=+0.0011 agnorm=1.025 cgnorm=0.035 kl=0.0018 clipf=0.020 ev=+0.934 r0=1.0000 entcoef=2.36e-03 lr=1.1e-04 seed=0
iter= 531 step=1702400 ep_ret=+299.124 opt_ret=+299.124 step_rew=2.9912 opt_step=2.9912 gap0=0.000 dret=+564.964 eval_ret=n/a pursuer_target_distance=1.143 capture=0.414 score=0.193 pol=-0.0013 val=0.0077 ent=0.6268 tot=+0.0011 agnorm=1.126 cgnorm=0.038 kl=0.0015 clipf=0.015 ev=+0.938 r0=1.0000 entcoef=2.34e-03 lr=1.1e-04 seed=0
iter= 532 step=1705600 ep_ret=+259.288 opt_ret=+259.288 step_rew=2.5929 opt_step=2.5929 gap0=0.000 dret=+525.128 eval_ret=n/a pursuer_target_distance=1.106 capture=0.371 score=0.176 pol=-0.0011 val=0.0069 ent=0.6436 tot=+0.0009 agnorm=1.018 cgnorm=0.034 kl=0.0015 clipf=0.014 ev=+0.933 r0=1.0000 entcoef=2.33e-03 lr=1.1e-04 seed=0
iter= 533 step=1708800 ep_ret=+205.837 opt_ret=+205.837 step_rew=2.0584 opt_step=2.0584 gap0=0.000 dret=+471.676 eval_ret=n/a pursuer_target_distance=1.375 capture=0.344 score=0.145 pol=-0.0007 val=0.0074 ent=0.5801 tot=+0.0017 agnorm=0.646 cgnorm=0.040 kl=0.0008 clipf=0.007 ev=+0.946 r0=1.0000 entcoef=2.31e-03 lr=1.1e-04 seed=0
iter= 534 step=1712000 ep_ret=+193.007 opt_ret=+193.007 step_rew=1.9301 opt_step=1.9301 gap0=0.000 dret=+458.847 eval_ret=n/a pursuer_target_distance=1.572 capture=0.351 score=0.137 pol=-0.0008 val=0.0096 ent=0.5674 tot=+0.0027 agnorm=0.607 cgnorm=0.044 kl=0.0012 clipf=0.010 ev=+0.939 r0=1.0000 entcoef=2.30e-03 lr=1.1e-04 seed=0
iter= 535 step=1715200 ep_ret=+255.009 opt_ret=+255.009 step_rew=2.5501 opt_step=2.5501 gap0=0.000 dret=+520.849 eval_ret=n/a pursuer_target_distance=1.118 capture=0.368 score=0.174 pol=-0.0010 val=0.0087 ent=0.6115 tot=+0.0019 agnorm=0.710 cgnorm=0.037 kl=0.0017 clipf=0.019 ev=+0.920 r0=1.0000 entcoef=2.28e-03 lr=1.1e-04 seed=0
iter= 536 step=1718400 ep_ret=+211.997 opt_ret=+211.997 step_rew=2.1200 opt_step=2.1200 gap0=0.000 dret=+477.837 eval_ret=n/a pursuer_target_distance=1.326 capture=0.346 score=0.149 pol=-0.0011 val=0.0083 ent=0.6221 tot=+0.0017 agnorm=0.911 cgnorm=0.043 kl=0.0010 clipf=0.008 ev=+0.937 r0=1.0000 entcoef=2.27e-03 lr=1.1e-04 seed=0
iter= 537 step=1721600 ep_ret=+291.544 opt_ret=+291.544 step_rew=2.9154 opt_step=2.9154 gap0=0.000 dret=+557.384 eval_ret=n/a pursuer_target_distance=1.106 capture=0.403 score=0.191 pol=-0.0011 val=0.0072 ent=0.5920 tot=+0.0011 agnorm=0.824 cgnorm=0.031 kl=0.0013 clipf=0.013 ev=+0.931 r0=1.0000 entcoef=2.25e-03 lr=1.1e-04 seed=0
iter= 538 step=1724800 ep_ret=+326.102 opt_ret=+326.102 step_rew=3.2610 opt_step=3.2610 gap0=0.000 dret=+591.942 eval_ret=n/a pursuer_target_distance=1.063 capture=0.433 score=0.210 pol=-0.0013 val=0.0069 ent=0.6223 tot=+0.0007 agnorm=1.177 cgnorm=0.038 kl=0.0018 clipf=0.017 ev=+0.942 r0=1.0000 entcoef=2.24e-03 lr=1.1e-04 seed=0
iter= 539 step=1728000 ep_ret=+300.981 opt_ret=+300.981 step_rew=3.0098 opt_step=3.0098 gap0=0.000 dret=+566.820 eval_ret=n/a pursuer_target_distance=1.011 capture=0.403 score=0.200 pol=-0.0012 val=0.0090 ent=0.6162 tot=+0.0020 agnorm=0.796 cgnorm=0.041 kl=0.0015 clipf=0.016 ev=+0.914 r0=1.0000 entcoef=2.23e-03 lr=1.0e-04 seed=0
iter= 540 step=1731200 ep_ret=+393.755 opt_ret=+393.755 step_rew=3.9376 opt_step=3.9376 gap0=0.000 dret=+659.595 eval_ret=+392.174 pursuer_target_distance=0.677 capture=0.463 score=0.276 pol=-0.0011 val=0.0087 ent=0.6067 tot=+0.0019 agnorm=1.145 cgnorm=0.051 kl=0.0015 clipf=0.017 ev=+0.908 r0=1.0000 entcoef=2.21e-03 lr=1.0e-04 seed=0
iter= 541 step=1734400 ep_ret=+374.049 opt_ret=+374.049 step_rew=3.7405 opt_step=3.7405 gap0=0.000 dret=+639.889 eval_ret=n/a pursuer_target_distance=0.878 capture=0.463 score=0.246 pol=-0.0009 val=0.0084 ent=0.6459 tot=+0.0018 agnorm=0.661 cgnorm=0.050 kl=0.0014 clipf=0.012 ev=+0.912 r0=1.0000 entcoef=2.20e-03 lr=1.0e-04 seed=0
iter= 542 step=1737600 ep_ret=+132.842 opt_ret=+132.842 step_rew=1.3284 opt_step=1.3284 gap0=0.000 dret=+398.682 eval_ret=n/a pursuer_target_distance=1.596 capture=0.293 score=0.113 pol=-0.0010 val=0.0101 ent=0.6023 tot=+0.0027 agnorm=0.613 cgnorm=0.049 kl=0.0009 clipf=0.007 ev=+0.929 r0=1.0000 entcoef=2.18e-03 lr=1.0e-04 seed=0
iter= 543 step=1740800 ep_ret=+355.472 opt_ret=+355.472 step_rew=3.5547 opt_step=3.5547 gap0=0.000 dret=+621.312 eval_ret=n/a pursuer_target_distance=0.867 capture=0.443 score=0.237 pol=-0.0006 val=0.0079 ent=0.5972 tot=+0.0020 agnorm=0.397 cgnorm=0.040 kl=0.0010 clipf=0.008 ev=+0.931 r0=1.0000 entcoef=2.17e-03 lr=1.0e-04 seed=0
iter= 544 step=1744000 ep_ret=+345.873 opt_ret=+345.873 step_rew=3.4587 opt_step=3.4587 gap0=0.000 dret=+611.712 eval_ret=n/a pursuer_target_distance=0.863 capture=0.433 score=0.233 pol=-0.0011 val=0.0084 ent=0.6591 tot=+0.0017 agnorm=1.199 cgnorm=0.033 kl=0.0013 clipf=0.014 ev=+0.892 r0=1.0000 entcoef=2.15e-03 lr=9.8e-05 seed=0
iter= 545 step=1747200 ep_ret=+177.362 opt_ret=+177.362 step_rew=1.7736 opt_step=1.7736 gap0=0.000 dret=+443.202 eval_ret=n/a pursuer_target_distance=1.551 capture=0.333 score=0.131 pol=-0.0009 val=0.0089 ent=0.6297 tot=+0.0022 agnorm=0.825 cgnorm=0.047 kl=0.0014 clipf=0.013 ev=+0.934 r0=1.0000 entcoef=2.14e-03 lr=9.7e-05 seed=0
iter= 546 step=1750400 ep_ret=+284.728 opt_ret=+284.728 step_rew=2.8473 opt_step=2.8473 gap0=0.000 dret=+550.568 eval_ret=n/a pursuer_target_distance=1.115 capture=0.397 score=0.188 pol=-0.0012 val=0.0084 ent=0.6066 tot=+0.0018 agnorm=0.726 cgnorm=0.040 kl=0.0011 clipf=0.010 ev=+0.930 r0=1.0000 entcoef=2.13e-03 lr=9.6e-05 seed=0
iter= 547 step=1753600 ep_ret=+417.227 opt_ret=+417.227 step_rew=4.1723 opt_step=4.1723 gap0=0.000 dret=+683.066 eval_ret=n/a pursuer_target_distance=0.858 capture=0.504 score=0.271 pol=-0.0014 val=0.0097 ent=0.6410 tot=+0.0021 agnorm=0.743 cgnorm=0.058 kl=0.0015 clipf=0.014 ev=+0.892 r0=1.0000 entcoef=2.11e-03 lr=9.5e-05 seed=0
iter= 548 step=1756800 ep_ret=+333.345 opt_ret=+333.345 step_rew=3.3335 opt_step=3.3335 gap0=0.000 dret=+599.185 eval_ret=n/a pursuer_target_distance=0.966 capture=0.431 score=0.219 pol=-0.0009 val=0.0086 ent=0.6476 tot=+0.0020 agnorm=0.670 cgnorm=0.045 kl=0.0015 clipf=0.012 ev=+0.924 r0=1.0000 entcoef=2.10e-03 lr=9.4e-05 seed=0
iter= 549 step=1760000 ep_ret=+405.679 opt_ret=+405.679 step_rew=4.0568 opt_step=4.0568 gap0=0.000 dret=+671.519 eval_ret=n/a pursuer_target_distance=0.730 capture=0.480 score=0.277 pol=-0.0009 val=0.0065 ent=0.6619 tot=+0.0009 agnorm=0.762 cgnorm=0.035 kl=0.0013 clipf=0.011 ev=+0.938 r0=1.0000 entcoef=2.08e-03 lr=9.3e-05 seed=0
iter= 550 step=1763200 ep_ret=+186.683 opt_ret=+186.683 step_rew=1.8668 opt_step=1.8668 gap0=0.000 dret=+452.523 eval_ret=n/a pursuer_target_distance=1.489 capture=0.337 score=0.135 pol=-0.0010 val=0.0074 ent=0.6540 tot=+0.0014 agnorm=0.732 cgnorm=0.041 kl=0.0012 clipf=0.010 ev=+0.947 r0=1.0000 entcoef=2.07e-03 lr=9.2e-05 seed=0
iter= 551 step=1766400 ep_ret=+215.798 opt_ret=+215.798 step_rew=2.1580 opt_step=2.1580 gap0=0.000 dret=+481.637 eval_ret=n/a pursuer_target_distance=1.213 capture=0.338 score=0.153 pol=-0.0010 val=0.0060 ent=0.6469 tot=+0.0007 agnorm=0.628 cgnorm=0.033 kl=0.0013 clipf=0.013 ev=+0.956 r0=1.0000 entcoef=2.05e-03 lr=9.1e-05 seed=0
iter= 552 step=1769600 ep_ret=+221.388 opt_ret=+221.388 step_rew=2.2139 opt_step=2.2139 gap0=0.000 dret=+487.228 eval_ret=n/a pursuer_target_distance=1.279 capture=0.350 score=0.154 pol=-0.0009 val=0.0068 ent=0.6346 tot=+0.0012 agnorm=1.018 cgnorm=0.040 kl=0.0013 clipf=0.013 ev=+0.943 r0=1.0000 entcoef=2.04e-03 lr=9.0e-05 seed=0
iter= 553 step=1772800 ep_ret=+338.416 opt_ret=+338.416 step_rew=3.3842 opt_step=3.3842 gap0=0.000 dret=+604.256 eval_ret=n/a pursuer_target_distance=0.968 capture=0.436 score=0.222 pol=-0.0006 val=0.0094 ent=0.6179 tot=+0.0029 agnorm=0.446 cgnorm=0.040 kl=0.0006 clipf=0.004 ev=+0.915 r0=1.0000 entcoef=2.02e-03 lr=8.9e-05 seed=0
iter= 554 step=1776000 ep_ret=+278.409 opt_ret=+278.409 step_rew=2.7841 opt_step=2.7841 gap0=0.000 dret=+544.248 eval_ret=n/a pursuer_target_distance=1.118 capture=0.391 score=0.185 pol=-0.0012 val=0.0082 ent=0.6339 tot=+0.0016 agnorm=0.989 cgnorm=0.042 kl=0.0011 clipf=0.010 ev=+0.922 r0=1.0000 entcoef=2.01e-03 lr=8.7e-05 seed=0
iter= 555 step=1779200 ep_ret=+308.539 opt_ret=+308.539 step_rew=3.0854 opt_step=3.0854 gap0=0.000 dret=+574.379 eval_ret=n/a pursuer_target_distance=1.001 capture=0.410 score=0.205 pol=-0.0008 val=0.0085 ent=0.6386 tot=+0.0021 agnorm=1.066 cgnorm=0.051 kl=0.0014 clipf=0.015 ev=+0.918 r0=1.0000 entcoef=2.00e-03 lr=8.6e-05 seed=0
iter= 556 step=1782400 ep_ret=+276.033 opt_ret=+276.033 step_rew=2.7603 opt_step=2.7603 gap0=0.000 dret=+541.873 eval_ret=n/a pursuer_target_distance=1.133 capture=0.390 score=0.183 pol=-0.0011 val=0.0077 ent=0.6495 tot=+0.0015 agnorm=0.836 cgnorm=0.037 kl=0.0010 clipf=0.008 ev=+0.935 r0=1.0000 entcoef=1.98e-03 lr=8.5e-05 seed=0
iter= 557 step=1785600 ep_ret=+282.089 opt_ret=+282.089 step_rew=2.8209 opt_step=2.8209 gap0=0.000 dret=+547.929 eval_ret=n/a pursuer_target_distance=1.241 capture=0.407 score=0.182 pol=-0.0010 val=0.0113 ent=0.6263 tot=+0.0034 agnorm=0.755 cgnorm=0.060 kl=0.0012 clipf=0.009 ev=+0.913 r0=1.0000 entcoef=1.97e-03 lr=8.4e-05 seed=0
iter= 558 step=1788800 ep_ret=+187.925 opt_ret=+187.925 step_rew=1.8793 opt_step=1.8793 gap0=0.000 dret=+453.765 eval_ret=n/a pursuer_target_distance=1.354 capture=0.324 score=0.138 pol=-0.0009 val=0.0087 ent=0.6511 tot=+0.0022 agnorm=0.845 cgnorm=0.041 kl=0.0012 clipf=0.010 ev=+0.927 r0=1.0000 entcoef=1.95e-03 lr=8.3e-05 seed=0
iter= 559 step=1792000 ep_ret=+275.969 opt_ret=+275.969 step_rew=2.7597 opt_step=2.7597 gap0=0.000 dret=+541.809 eval_ret=n/a pursuer_target_distance=1.071 capture=0.384 score=0.185 pol=-0.0008 val=0.0071 ent=0.6140 tot=+0.0016 agnorm=0.589 cgnorm=0.043 kl=0.0013 clipf=0.013 ev=+0.942 r0=1.0000 entcoef=1.94e-03 lr=8.2e-05 seed=0
iter= 560 step=1795200 ep_ret=+306.738 opt_ret=+306.738 step_rew=3.0674 opt_step=3.0674 gap0=0.000 dret=+572.578 eval_ret=+387.259 pursuer_target_distance=1.144 capture=0.422 score=0.197 pol=-0.0016 val=0.0100 ent=0.6599 tot=+0.0022 agnorm=1.106 cgnorm=0.054 kl=0.0017 clipf=0.017 ev=+0.911 r0=1.0000 entcoef=1.92e-03 lr=8.1e-05 seed=0
iter= 561 step=1798400 ep_ret=+347.095 opt_ret=+347.095 step_rew=3.4709 opt_step=3.4709 gap0=0.000 dret=+612.935 eval_ret=n/a pursuer_target_distance=0.863 capture=0.434 score=0.233 pol=-0.0008 val=0.0098 ent=0.6085 tot=+0.0030 agnorm=0.501 cgnorm=0.039 kl=0.0010 clipf=0.008 ev=+0.878 r0=1.0000 entcoef=1.91e-03 lr=8.0e-05 seed=0
iter= 562 step=1801600 ep_ret=+274.914 opt_ret=+274.914 step_rew=2.7491 opt_step=2.7491 gap0=0.000 dret=+540.754 eval_ret=n/a pursuer_target_distance=1.010 capture=0.377 score=0.188 pol=-0.0006 val=0.0078 ent=0.6453 tot=+0.0020 agnorm=0.796 cgnorm=0.046 kl=0.0010 clipf=0.010 ev=+0.922 r0=1.0000 entcoef=1.89e-03 lr=7.9e-05 seed=0
iter= 563 step=1804800 ep_ret=+334.718 opt_ret=+334.718 step_rew=3.3472 opt_step=3.3472 gap0=0.000 dret=+600.558 eval_ret=n/a pursuer_target_distance=0.968 capture=0.432 score=0.220 pol=-0.0006 val=0.0089 ent=0.5419 tot=+0.0028 agnorm=0.486 cgnorm=0.042 kl=0.0007 clipf=0.005 ev=+0.899 r0=1.0000 entcoef=1.88e-03 lr=7.7e-05 seed=0
iter= 564 step=1808000 ep_ret=+359.120 opt_ret=+359.120 step_rew=3.5912 opt_step=3.5912 gap0=0.000 dret=+624.959 eval_ret=n/a pursuer_target_distance=0.964 capture=0.457 score=0.232 pol=-0.0008 val=0.0093 ent=0.6402 tot=+0.0027 agnorm=0.519 cgnorm=0.049 kl=0.0011 clipf=0.009 ev=+0.913 r0=1.0000 entcoef=1.87e-03 lr=7.6e-05 seed=0
iter= 565 step=1811200 ep_ret=+257.974 opt_ret=+257.974 step_rew=2.5797 opt_step=2.5797 gap0=0.000 dret=+523.814 eval_ret=n/a pursuer_target_distance=1.070 capture=0.366 score=0.177 pol=-0.0009 val=0.0080 ent=0.6121 tot=+0.0019 agnorm=0.649 cgnorm=0.037 kl=0.0011 clipf=0.009 ev=+0.927 r0=1.0000 entcoef=1.85e-03 lr=7.5e-05 seed=0
iter= 566 step=1814400 ep_ret=+280.794 opt_ret=+280.794 step_rew=2.8079 opt_step=2.8079 gap0=0.000 dret=+546.634 eval_ret=n/a pursuer_target_distance=1.176 capture=0.399 score=0.184 pol=-0.0010 val=0.0117 ent=0.6414 tot=+0.0037 agnorm=1.061 cgnorm=0.063 kl=0.0011 clipf=0.010 ev=+0.873 r0=1.0000 entcoef=1.84e-03 lr=7.4e-05 seed=0
iter= 567 step=1817600 ep_ret=+228.621 opt_ret=+228.621 step_rew=2.2862 opt_step=2.2862 gap0=0.000 dret=+494.461 eval_ret=n/a pursuer_target_distance=1.354 capture=0.365 score=0.155 pol=-0.0010 val=0.0096 ent=0.7046 tot=+0.0025 agnorm=0.997 cgnorm=0.040 kl=0.0014 clipf=0.013 ev=+0.916 r0=1.0000 entcoef=1.82e-03 lr=7.3e-05 seed=0
iter= 568 step=1820800 ep_ret=+367.648 opt_ret=+367.648 step_rew=3.6765 opt_step=3.6765 gap0=0.000 dret=+633.488 eval_ret=n/a pursuer_target_distance=0.807 capture=0.449 score=0.249 pol=-0.0010 val=0.0068 ent=0.6228 tot=+0.0013 agnorm=0.884 cgnorm=0.037 kl=0.0012 clipf=0.013 ev=+0.936 r0=1.0000 entcoef=1.81e-03 lr=7.2e-05 seed=0
iter= 569 step=1824000 ep_ret=+286.438 opt_ret=+286.438 step_rew=2.8644 opt_step=2.8644 gap0=0.000 dret=+552.278 eval_ret=n/a pursuer_target_distance=1.104 capture=0.398 score=0.189 pol=-0.0008 val=0.0071 ent=0.5707 tot=+0.0017 agnorm=0.600 cgnorm=0.031 kl=0.0009 clipf=0.010 ev=+0.941 r0=1.0000 entcoef=1.79e-03 lr=7.1e-05 seed=0
iter= 570 step=1827200 ep_ret=+270.714 opt_ret=+270.714 step_rew=2.7071 opt_step=2.7071 gap0=0.000 dret=+536.554 eval_ret=n/a pursuer_target_distance=1.139 capture=0.386 score=0.180 pol=-0.0007 val=0.0075 ent=0.6141 tot=+0.0020 agnorm=0.771 cgnorm=0.035 kl=0.0009 clipf=0.008 ev=+0.951 r0=1.0000 entcoef=1.78e-03 lr=7.0e-05 seed=0
iter= 571 step=1830400 ep_ret=+289.842 opt_ret=+289.842 step_rew=2.8984 opt_step=2.8984 gap0=0.000 dret=+555.682 eval_ret=n/a pursuer_target_distance=1.154 capture=0.406 score=0.189 pol=-0.0007 val=0.0080 ent=0.5960 tot=+0.0022 agnorm=0.510 cgnorm=0.039 kl=0.0010 clipf=0.010 ev=+0.929 r0=1.0000 entcoef=1.76e-03 lr=6.9e-05 seed=0
iter= 572 step=1833600 ep_ret=+312.105 opt_ret=+312.105 step_rew=3.1211 opt_step=3.1211 gap0=0.000 dret=+577.945 eval_ret=n/a pursuer_target_distance=1.081 capture=0.421 score=0.202 pol=-0.0009 val=0.0087 ent=0.6198 tot=+0.0024 agnorm=0.719 cgnorm=0.048 kl=0.0012 clipf=0.013 ev=+0.923 r0=1.0000 entcoef=1.75e-03 lr=6.8e-05 seed=0
iter= 573 step=1836800 ep_ret=+228.774 opt_ret=+228.774 step_rew=2.2877 opt_step=2.2877 gap0=0.000 dret=+494.614 eval_ret=n/a pursuer_target_distance=1.212 capture=0.351 score=0.159 pol=-0.0010 val=0.0080 ent=0.6240 tot=+0.0019 agnorm=0.828 cgnorm=0.042 kl=0.0012 clipf=0.012 ev=+0.931 r0=1.0000 entcoef=1.74e-03 lr=6.6e-05 seed=0
iter= 574 step=1840000 ep_ret=+293.445 opt_ret=+293.445 step_rew=2.9345 opt_step=2.9345 gap0=0.000 dret=+559.285 eval_ret=n/a pursuer_target_distance=1.174 capture=0.412 score=0.189 pol=-0.0014 val=0.0088 ent=0.6295 tot=+0.0019 agnorm=1.015 cgnorm=0.042 kl=0.0015 clipf=0.016 ev=+0.929 r0=1.0000 entcoef=1.72e-03 lr=6.5e-05 seed=0
iter= 575 step=1843200 ep_ret=+352.966 opt_ret=+352.966 step_rew=3.5297 opt_step=3.5297 gap0=0.000 dret=+618.806 eval_ret=n/a pursuer_target_distance=0.942 capture=0.448 score=0.231 pol=-0.0008 val=0.0074 ent=0.6098 tot=+0.0018 agnorm=0.501 cgnorm=0.036 kl=0.0011 clipf=0.008 ev=+0.932 r0=1.0000 entcoef=1.71e-03 lr=6.4e-05 seed=0
iter= 576 step=1846400 ep_ret=+347.451 opt_ret=+347.451 step_rew=3.4745 opt_step=3.4745 gap0=0.000 dret=+613.291 eval_ret=n/a pursuer_target_distance=0.822 capture=0.431 score=0.236 pol=-0.0008 val=0.0071 ent=0.6307 tot=+0.0017 agnorm=0.885 cgnorm=0.040 kl=0.0008 clipf=0.008 ev=+0.924 r0=1.0000 entcoef=1.69e-03 lr=6.3e-05 seed=0
iter= 577 step=1849600 ep_ret=+242.452 opt_ret=+242.452 step_rew=2.4245 opt_step=2.4245 gap0=0.000 dret=+508.292 eval_ret=n/a pursuer_target_distance=1.106 capture=0.354 score=0.168 pol=-0.0011 val=0.0108 ent=0.6151 tot=+0.0033 agnorm=1.248 cgnorm=0.057 kl=0.0012 clipf=0.012 ev=+0.891 r0=1.0000 entcoef=1.68e-03 lr=6.2e-05 seed=0
iter= 578 step=1852800 ep_ret=+288.828 opt_ret=+288.828 step_rew=2.8883 opt_step=2.8883 gap0=0.000 dret=+554.668 eval_ret=n/a pursuer_target_distance=1.180 capture=0.408 score=0.187 pol=-0.0007 val=0.0076 ent=0.6420 tot=+0.0020 agnorm=0.814 cgnorm=0.039 kl=0.0011 clipf=0.009 ev=+0.944 r0=1.0000 entcoef=1.66e-03 lr=6.1e-05 seed=0
iter= 579 step=1856000 ep_ret=+242.026 opt_ret=+242.026 step_rew=2.4203 opt_step=2.4203 gap0=0.000 dret=+507.866 eval_ret=n/a pursuer_target_distance=1.204 capture=0.363 score=0.165 pol=-0.0010 val=0.0077 ent=0.6216 tot=+0.0019 agnorm=0.574 cgnorm=0.038 kl=0.0011 clipf=0.009 ev=+0.935 r0=1.0000 entcoef=1.65e-03 lr=6.0e-05 seed=0
iter= 580 step=1859200 ep_ret=+305.983 opt_ret=+305.983 step_rew=3.0598 opt_step=3.0598 gap0=0.000 dret=+571.823 eval_ret=+392.159 pursuer_target_distance=1.058 capture=0.413 score=0.201 pol=-0.0010 val=0.0086 ent=0.6012 tot=+0.0023 agnorm=0.652 cgnorm=0.044 kl=0.0017 clipf=0.017 ev=+0.925 r0=1.0000 entcoef=1.63e-03 lr=5.9e-05 seed=0
iter= 581 step=1862400 ep_ret=+221.386 opt_ret=+221.386 step_rew=2.2139 opt_step=2.2139 gap0=0.000 dret=+487.225 eval_ret=n/a pursuer_target_distance=1.245 capture=0.347 score=0.155 pol=-0.0005 val=0.0105 ent=0.5839 tot=+0.0038 agnorm=0.704 cgnorm=0.047 kl=0.0007 clipf=0.006 ev=+0.902 r0=1.0000 entcoef=1.62e-03 lr=5.8e-05 seed=0
iter= 582 step=1865600 ep_ret=+316.360 opt_ret=+316.360 step_rew=3.1636 opt_step=3.1636 gap0=0.000 dret=+582.199 eval_ret=n/a pursuer_target_distance=1.026 capture=0.420 score=0.207 pol=-0.0008 val=0.0072 ent=0.5898 tot=+0.0018 agnorm=0.669 cgnorm=0.039 kl=0.0009 clipf=0.009 ev=+0.936 r0=1.0000 entcoef=1.61e-03 lr=5.6e-05 seed=0
iter= 583 step=1868800 ep_ret=+299.953 opt_ret=+299.953 step_rew=2.9995 opt_step=2.9995 gap0=0.000 dret=+565.793 eval_ret=n/a pursuer_target_distance=1.081 capture=0.409 score=0.197 pol=-0.0009 val=0.0069 ent=0.6137 tot=+0.0016 agnorm=0.940 cgnorm=0.030 kl=0.0011 clipf=0.010 ev=+0.947 r0=1.0000 entcoef=1.59e-03 lr=5.5e-05 seed=0
iter= 584 step=1872000 ep_ret=+347.101 opt_ret=+347.101 step_rew=3.4710 opt_step=3.4710 gap0=0.000 dret=+612.941 eval_ret=n/a pursuer_target_distance=0.828 capture=0.431 score=0.236 pol=-0.0009 val=0.0082 ent=0.6054 tot=+0.0022 agnorm=1.172 cgnorm=0.043 kl=0.0011 clipf=0.009 ev=+0.911 r0=1.0000 entcoef=1.58e-03 lr=5.4e-05 seed=0
iter= 585 step=1875200 ep_ret=+332.073 opt_ret=+332.073 step_rew=3.3207 opt_step=3.3207 gap0=0.000 dret=+597.913 eval_ret=n/a pursuer_target_distance=0.863 capture=0.419 score=0.225 pol=-0.0008 val=0.0068 ent=0.5787 tot=+0.0017 agnorm=1.128 cgnorm=0.039 kl=0.0014 clipf=0.015 ev=+0.936 r0=1.0000 entcoef=1.56e-03 lr=5.3e-05 seed=0
iter= 586 step=1878400 ep_ret=+240.249 opt_ret=+240.249 step_rew=2.4025 opt_step=2.4025 gap0=0.000 dret=+506.089 eval_ret=n/a pursuer_target_distance=1.128 capture=0.354 score=0.166 pol=-0.0009 val=0.0089 ent=0.6228 tot=+0.0026 agnorm=1.073 cgnorm=0.048 kl=0.0012 clipf=0.012 ev=+0.908 r0=1.0000 entcoef=1.55e-03 lr=5.2e-05 seed=0
iter= 587 step=1881600 ep_ret=+322.885 opt_ret=+322.885 step_rew=3.2289 opt_step=3.2289 gap0=0.000 dret=+588.725 eval_ret=n/a pursuer_target_distance=1.033 capture=0.427 score=0.210 pol=-0.0006 val=0.0078 ent=0.6209 tot=+0.0023 agnorm=0.619 cgnorm=0.037 kl=0.0010 clipf=0.010 ev=+0.942 r0=1.0000 entcoef=1.53e-03 lr=5.1e-05 seed=0
iter= 588 step=1884800 ep_ret=+325.496 opt_ret=+325.496 step_rew=3.2550 opt_step=3.2550 gap0=0.000 dret=+591.336 eval_ret=n/a pursuer_target_distance=1.138 capture=0.440 score=0.206 pol=-0.0007 val=0.0082 ent=0.6146 tot=+0.0025 agnorm=0.702 cgnorm=0.056 kl=0.0010 clipf=0.009 ev=+0.934 r0=1.0000 entcoef=1.52e-03 lr=5.0e-05 seed=0
iter= 589 step=1888000 ep_ret=+291.189 opt_ret=+291.189 step_rew=2.9119 opt_step=2.9119 gap0=0.000 dret=+557.029 eval_ret=n/a pursuer_target_distance=1.091 capture=0.401 score=0.192 pol=-0.0009 val=0.0069 ent=0.6174 tot=+0.0016 agnorm=1.112 cgnorm=0.033 kl=0.0014 clipf=0.014 ev=+0.945 r0=1.0000 entcoef=1.50e-03 lr=4.9e-05 seed=0
iter= 590 step=1891200 ep_ret=+299.591 opt_ret=+299.591 step_rew=2.9959 opt_step=2.9959 gap0=0.000 dret=+565.431 eval_ret=n/a pursuer_target_distance=1.128 capture=0.413 score=0.194 pol=-0.0008 val=0.0072 ent=0.6187 tot=+0.0018 agnorm=0.825 cgnorm=0.031 kl=0.0012 clipf=0.011 ev=+0.930 r0=1.0000 entcoef=1.49e-03 lr=4.8e-05 seed=0
iter= 591 step=1894400 ep_ret=+361.504 opt_ret=+361.504 step_rew=3.6150 opt_step=3.6150 gap0=0.000 dret=+627.344 eval_ret=n/a pursuer_target_distance=0.800 capture=0.443 score=0.246 pol=-0.0008 val=0.0094 ent=0.6292 tot=+0.0030 agnorm=0.776 cgnorm=0.043 kl=0.0011 clipf=0.009 ev=+0.876 r0=1.0000 entcoef=1.48e-03 lr=4.6e-05 seed=0
iter= 592 step=1897600 ep_ret=+326.171 opt_ret=+326.171 step_rew=3.2617 opt_step=3.2617 gap0=0.000 dret=+592.011 eval_ret=n/a pursuer_target_distance=1.003 capture=0.427 score=0.213 pol=-0.0010 val=0.0090 ent=0.6007 tot=+0.0026 agnorm=0.953 cgnorm=0.038 kl=0.0009 clipf=0.009 ev=+0.905 r0=1.0000 entcoef=1.46e-03 lr=4.5e-05 seed=0
iter= 593 step=1900800 ep_ret=+309.849 opt_ret=+309.849 step_rew=3.0985 opt_step=3.0985 gap0=0.000 dret=+575.689 eval_ret=n/a pursuer_target_distance=1.045 capture=0.415 score=0.203 pol=-0.0011 val=0.0086 ent=0.5977 tot=+0.0023 agnorm=1.114 cgnorm=0.039 kl=0.0017 clipf=0.020 ev=+0.915 r0=1.0000 entcoef=1.45e-03 lr=4.4e-05 seed=0
iter= 594 step=1904000 ep_ret=+246.077 opt_ret=+246.077 step_rew=2.4608 opt_step=2.4608 gap0=0.000 dret=+511.917 eval_ret=n/a pursuer_target_distance=1.176 capture=0.365 score=0.168 pol=-0.0006 val=0.0084 ent=0.6324 tot=+0.0027 agnorm=0.681 cgnorm=0.042 kl=0.0010 clipf=0.009 ev=+0.918 r0=1.0000 entcoef=1.43e-03 lr=4.3e-05 seed=0
iter= 595 step=1907200 ep_ret=+192.020 opt_ret=+192.020 step_rew=1.9202 opt_step=1.9202 gap0=0.000 dret=+457.860 eval_ret=n/a pursuer_target_distance=1.310 capture=0.324 score=0.140 pol=-0.0010 val=0.0091 ent=0.6325 tot=+0.0026 agnorm=1.224 cgnorm=0.055 kl=0.0015 clipf=0.016 ev=+0.929 r0=1.0000 entcoef=1.42e-03 lr=4.2e-05 seed=0
iter= 596 step=1910400 ep_ret=+255.724 opt_ret=+255.724 step_rew=2.5572 opt_step=2.5572 gap0=0.000 dret=+521.563 eval_ret=n/a pursuer_target_distance=1.108 capture=0.367 score=0.174 pol=-0.0005 val=0.0072 ent=0.6247 tot=+0.0022 agnorm=0.796 cgnorm=0.036 kl=0.0009 clipf=0.008 ev=+0.933 r0=1.0000 entcoef=1.40e-03 lr=4.1e-05 seed=0
iter= 597 step=1913600 ep_ret=+311.243 opt_ret=+311.243 step_rew=3.1124 opt_step=3.1124 gap0=0.000 dret=+577.083 eval_ret=n/a pursuer_target_distance=1.093 capture=0.422 score=0.201 pol=-0.0005 val=0.0076 ent=0.6464 tot=+0.0024 agnorm=0.670 cgnorm=0.043 kl=0.0011 clipf=0.010 ev=+0.933 r0=1.0000 entcoef=1.39e-03 lr=4.0e-05 seed=0
iter= 598 step=1916800 ep_ret=+140.456 opt_ret=+140.456 step_rew=1.4046 opt_step=1.4046 gap0=0.000 dret=+406.296 eval_ret=n/a pursuer_target_distance=1.495 capture=0.291 score=0.117 pol=-0.0006 val=0.0092 ent=0.6012 tot=+0.0032 agnorm=0.570 cgnorm=0.058 kl=0.0008 clipf=0.005 ev=+0.926 r0=1.0000 entcoef=1.37e-03 lr=3.9e-05 seed=0
iter= 599 step=1920000 ep_ret=+213.590 opt_ret=+213.590 step_rew=2.1359 opt_step=2.1359 gap0=0.000 dret=+479.429 eval_ret=n/a pursuer_target_distance=1.410 capture=0.356 score=0.148 pol=-0.0004 val=0.0073 ent=0.6080 tot=+0.0024 agnorm=0.457 cgnorm=0.031 kl=0.0006 clipf=0.004 ev=+0.941 r0=1.0000 entcoef=1.36e-03 lr=3.8e-05 seed=0
iter= 600 step=1923200 ep_ret=+243.364 opt_ret=+243.364 step_rew=2.4336 opt_step=2.4336 gap0=0.000 dret=+509.203 eval_ret=+387.001 pursuer_target_distance=1.191 capture=0.363 score=0.166 pol=-0.0010 val=0.0073 ent=0.6176 tot=+0.0018 agnorm=0.788 cgnorm=0.042 kl=0.0009 clipf=0.008 ev=+0.940 r0=1.0000 entcoef=1.35e-03 lr=3.7e-05 seed=0
iter= 601 step=1926400 ep_ret=+263.997 opt_ret=+263.997 step_rew=2.6400 opt_step=2.6400 gap0=0.000 dret=+529.836 eval_ret=n/a pursuer_target_distance=1.072 capture=0.372 score=0.180 pol=-0.0006 val=0.0069 ent=0.5568 tot=+0.0020 agnorm=0.679 cgnorm=0.035 kl=0.0010 clipf=0.009 ev=+0.936 r0=1.0000 entcoef=1.33e-03 lr=3.5e-05 seed=0
iter= 602 step=1929600 ep_ret=+265.544 opt_ret=+265.544 step_rew=2.6554 opt_step=2.6554 gap0=0.000 dret=+531.384 eval_ret=n/a pursuer_target_distance=1.131 capture=0.380 score=0.178 pol=-0.0004 val=0.0096 ent=0.6067 tot=+0.0036 agnorm=0.565 cgnorm=0.055 kl=0.0006 clipf=0.003 ev=+0.915 r0=1.0000 entcoef=1.32e-03 lr=3.4e-05 seed=0
iter= 603 step=1932800 ep_ret=+426.151 opt_ret=+426.151 step_rew=4.2615 opt_step=4.2615 gap0=0.000 dret=+691.991 eval_ret=n/a pursuer_target_distance=0.747 capture=0.502 score=0.287 pol=-0.0007 val=0.0099 ent=0.5758 tot=+0.0035 agnorm=0.802 cgnorm=0.057 kl=0.0007 clipf=0.005 ev=+0.868 r0=1.0000 entcoef=1.30e-03 lr=3.3e-05 seed=0
iter= 604 step=1936000 ep_ret=+250.049 opt_ret=+250.049 step_rew=2.5005 opt_step=2.5005 gap0=0.000 dret=+515.889 eval_ret=n/a pursuer_target_distance=1.058 capture=0.357 score=0.173 pol=-0.0005 val=0.0071 ent=0.5634 tot=+0.0024 agnorm=0.524 cgnorm=0.032 kl=0.0005 clipf=0.004 ev=+0.938 r0=1.0000 entcoef=1.29e-03 lr=3.2e-05 seed=0
iter= 605 step=1939200 ep_ret=+339.002 opt_ret=+339.002 step_rew=3.3900 opt_step=3.3900 gap0=0.000 dret=+604.842 eval_ret=n/a pursuer_target_distance=1.019 capture=0.442 score=0.219 pol=-0.0005 val=0.0087 ent=0.5854 tot=+0.0031 agnorm=0.749 cgnorm=0.035 kl=0.0007 clipf=0.008 ev=+0.924 r0=1.0000 entcoef=1.27e-03 lr=3.1e-05 seed=0
iter= 606 step=1942400 ep_ret=+225.506 opt_ret=+225.506 step_rew=2.2551 opt_step=2.2551 gap0=0.000 dret=+491.346 eval_ret=n/a pursuer_target_distance=1.219 capture=0.348 score=0.157 pol=-0.0005 val=0.0075 ent=0.5850 tot=+0.0025 agnorm=0.579 cgnorm=0.033 kl=0.0007 clipf=0.006 ev=+0.929 r0=1.0000 entcoef=1.26e-03 lr=3.0e-05 seed=0
iter= 607 step=1945600 ep_ret=+292.068 opt_ret=+292.068 step_rew=2.9207 opt_step=2.9207 gap0=0.000 dret=+557.907 eval_ret=n/a pursuer_target_distance=1.038 capture=0.397 score=0.195 pol=-0.0004 val=0.0057 ent=0.5859 tot=+0.0017 agnorm=0.631 cgnorm=0.034 kl=0.0007 clipf=0.006 ev=+0.956 r0=1.0000 entcoef=1.25e-03 lr=2.9e-05 seed=0
iter= 608 step=1948800 ep_ret=+231.684 opt_ret=+231.684 step_rew=2.3168 opt_step=2.3168 gap0=0.000 dret=+497.524 eval_ret=n/a pursuer_target_distance=1.317 capture=0.364 score=0.157 pol=-0.0010 val=0.0080 ent=0.6297 tot=+0.0023 agnorm=1.212 cgnorm=0.035 kl=0.0014 clipf=0.015 ev=+0.944 r0=1.0000 entcoef=1.23e-03 lr=2.8e-05 seed=0
iter= 609 step=1952000 ep_ret=+343.516 opt_ret=+343.516 step_rew=3.4352 opt_step=3.4352 gap0=0.000 dret=+609.356 eval_ret=n/a pursuer_target_distance=0.864 capture=0.431 score=0.231 pol=-0.0006 val=0.0067 ent=0.6027 tot=+0.0020 agnorm=0.871 cgnorm=0.036 kl=0.0009 clipf=0.008 ev=+0.930 r0=1.0000 entcoef=1.22e-03 lr=2.7e-05 seed=0
iter= 610 step=1955200 ep_ret=+364.313 opt_ret=+364.313 step_rew=3.6431 opt_step=3.6431 gap0=0.000 dret=+630.153 eval_ret=n/a pursuer_target_distance=0.834 capture=0.449 score=0.245 pol=-0.0007 val=0.0070 ent=0.5510 tot=+0.0022 agnorm=0.957 cgnorm=0.036 kl=0.0008 clipf=0.007 ev=+0.939 r0=1.0000 entcoef=1.20e-03 lr=2.5e-05 seed=0
iter= 611 step=1958400 ep_ret=+240.018 opt_ret=+240.018 step_rew=2.4002 opt_step=2.4002 gap0=0.000 dret=+505.858 eval_ret=n/a pursuer_target_distance=1.334 capture=0.374 score=0.160 pol=-0.0006 val=0.0078 ent=0.6150 tot=+0.0026 agnorm=0.751 cgnorm=0.035 kl=0.0007 clipf=0.006 ev=+0.940 r0=1.0000 entcoef=1.19e-03 lr=2.4e-05 seed=0
iter= 612 step=1961600 ep_ret=+244.164 opt_ret=+244.164 step_rew=2.4416 opt_step=2.4416 gap0=0.000 dret=+510.004 eval_ret=n/a pursuer_target_distance=1.273 capture=0.372 score=0.164 pol=-0.0007 val=0.0083 ent=0.5934 tot=+0.0028 agnorm=0.999 cgnorm=0.035 kl=0.0009 clipf=0.008 ev=+0.937 r0=1.0000 entcoef=1.17e-03 lr=2.3e-05 seed=0
iter= 613 step=1964800 ep_ret=+341.338 opt_ret=+341.338 step_rew=3.4134 opt_step=3.4134 gap0=0.000 dret=+607.178 eval_ret=n/a pursuer_target_distance=0.861 capture=0.428 score=0.230 pol=-0.0007 val=0.0070 ent=0.5768 tot=+0.0022 agnorm=0.963 cgnorm=0.034 kl=0.0010 clipf=0.011 ev=+0.912 r0=1.0000 entcoef=1.16e-03 lr=2.2e-05 seed=0
iter= 614 step=1968000 ep_ret=+351.816 opt_ret=+351.816 step_rew=3.5182 opt_step=3.5182 gap0=0.000 dret=+617.656 eval_ret=n/a pursuer_target_distance=0.934 capture=0.446 score=0.231 pol=-0.0002 val=0.0081 ent=0.5903 tot=+0.0032 agnorm=0.371 cgnorm=0.042 kl=0.0004 clipf=0.001 ev=+0.933 r0=1.0000 entcoef=1.14e-03 lr=2.1e-05 seed=0
iter= 615 step=1971200 ep_ret=+338.826 opt_ret=+338.826 step_rew=3.3883 opt_step=3.3883 gap0=0.000 dret=+604.665 eval_ret=n/a pursuer_target_distance=1.024 capture=0.442 score=0.219 pol=-0.0006 val=0.0073 ent=0.5655 tot=+0.0024 agnorm=0.752 cgnorm=0.032 kl=0.0007 clipf=0.007 ev=+0.941 r0=1.0000 entcoef=1.13e-03 lr=2.0e-05 seed=0
iter= 616 step=1974400 ep_ret=+170.024 opt_ret=+170.024 step_rew=1.7002 opt_step=1.7002 gap0=0.000 dret=+435.863 eval_ret=n/a pursuer_target_distance=1.243 capture=0.295 score=0.132 pol=-0.0003 val=0.0074 ent=0.5633 tot=+0.0028 agnorm=0.459 cgnorm=0.047 kl=0.0003 clipf=0.001 ev=+0.943 r0=1.0000 entcoef=1.12e-03 lr=1.9e-05 seed=0
iter= 617 step=1977600 ep_ret=+378.974 opt_ret=+378.974 step_rew=3.7897 opt_step=3.7897 gap0=0.000 dret=+644.814 eval_ret=n/a pursuer_target_distance=0.835 capture=0.463 score=0.253 pol=-0.0003 val=0.0108 ent=0.5691 tot=+0.0044 agnorm=0.627 cgnorm=0.045 kl=0.0003 clipf=0.002 ev=+0.871 r0=1.0000 entcoef=1.10e-03 lr=1.8e-05 seed=0
iter= 618 step=1980800 ep_ret=+172.608 opt_ret=+172.608 step_rew=1.7261 opt_step=1.7261 gap0=0.000 dret=+438.447 eval_ret=n/a pursuer_target_distance=1.389 capture=0.312 score=0.131 pol=-0.0004 val=0.0082 ent=0.6365 tot=+0.0029 agnorm=0.519 cgnorm=0.052 kl=0.0006 clipf=0.005 ev=+0.933 r0=1.0000 entcoef=1.09e-03 lr=1.7e-05 seed=0
iter= 619 step=1984000 ep_ret=+271.182 opt_ret=+271.182 step_rew=2.7118 opt_step=2.7118 gap0=0.000 dret=+537.022 eval_ret=n/a pursuer_target_distance=1.178 capture=0.390 score=0.179 pol=-0.0003 val=0.0079 ent=0.6305 tot=+0.0029 agnorm=0.647 cgnorm=0.043 kl=0.0004 clipf=0.003 ev=+0.935 r0=1.0000 entcoef=1.07e-03 lr=1.6e-05 seed=0
iter= 620 step=1987200 ep_ret=+390.723 opt_ret=+390.723 step_rew=3.9072 opt_step=3.9072 gap0=0.000 dret=+656.563 eval_ret=+387.075 pursuer_target_distance=0.827 capture=0.474 score=0.260 pol=-0.0006 val=0.0094 ent=0.5780 tot=+0.0035 agnorm=0.908 cgnorm=0.048 kl=0.0006 clipf=0.005 ev=+0.896 r0=1.0000 entcoef=1.06e-03 lr=1.4e-05 seed=0
iter= 621 step=1990400 ep_ret=+284.710 opt_ret=+284.710 step_rew=2.8471 opt_step=2.8471 gap0=0.000 dret=+550.549 eval_ret=n/a pursuer_target_distance=1.046 capture=0.390 score=0.191 pol=-0.0003 val=0.0064 ent=0.5799 tot=+0.0023 agnorm=0.499 cgnorm=0.036 kl=0.0001 clipf=0.000 ev=+0.938 r0=1.0000 entcoef=1.04e-03 lr=1.3e-05 seed=0
iter= 622 step=1993600 ep_ret=+372.772 opt_ret=+372.772 step_rew=3.7277 opt_step=3.7277 gap0=0.000 dret=+638.611 eval_ret=n/a pursuer_target_distance=0.865 capture=0.460 score=0.247 pol=-0.0006 val=0.0093 ent=0.5483 tot=+0.0035 agnorm=0.674 cgnorm=0.046 kl=0.0006 clipf=0.006 ev=+0.905 r0=1.0000 entcoef=1.03e-03 lr=1.2e-05 seed=0
iter= 623 step=1996800 ep_ret=+248.218 opt_ret=+248.218 step_rew=2.4822 opt_step=2.4822 gap0=0.000 dret=+514.058 eval_ret=n/a pursuer_target_distance=1.152 capture=0.364 score=0.169 pol=-0.0001 val=0.0079 ent=0.6238 tot=+0.0032 agnorm=0.340 cgnorm=0.041 kl=0.0001 clipf=0.000 ev=+0.925 r0=1.0000 entcoef=1.01e-03 lr=1.1e-05 seed=0
iter= 624 step=2000000 ep_ret=+300.172 opt_ret=+300.172 step_rew=3.0017 opt_step=3.0017 gap0=0.000 dret=+566.012 eval_ret=+387.024 pursuer_target_distance=0.954 capture=0.397 score=0.203 pol=-0.0006 val=0.0056 ent=0.6131 tot=+0.0016 agnorm=0.899 cgnorm=0.032 kl=0.0005 clipf=0.003 ev=+0.953 r0=1.0000 entcoef=1.00e-03 lr=1.0e-05 seed=0
[train] Checkpoint saving disabled.
[train] Run artifacts in runs/pursuit/alpha/attention/alpha0p25/seed0
[render] Skipped post-train render (mode=off).
=== done Sun Jun  7 21:40:21 EDT 2026 ===
