iter,global_step,episode_return,mean_step_reward,optimized_episode_return,optimized_mean_step_reward,reward_shift,episode_return_gap_to_zero,mean_step_reward_gap_to_zero,episode_return_delta_from_start,mean_step_reward_delta_from_start,pursuer_target_distance,capture,task_score,eval_mean_return,eval_mean_step_reward,eval_optimized_mean_return,eval_optimized_mean_step_reward,eval_mean_episode_length,eval_pursuer_target_distance,eval_capture,eval_task_score,eval_return_gap_to_zero,eval_return_delta_from_start,episodes_completed,policy_loss,value_loss,entropy,total_loss,grad_norm,actor_grad_norm,critic_grad_norm,approx_kl,clipfrac,explained_variance,mean_ratio_epoch0,entropy_coef,lr,seed,alpha,env_alpha,capture_rate
0,3200,-831.7537899017334,-8.317537937164307,-831.7537899017334,-8.317537937164307,0.0,831.7537899017334,8.317537937164307,0.0,0.0,4.457595744132996,0.0,0.0,-554.3289403915405,-5.543289403915406,-554.3289403915405,-5.543289403915406,100.0,3.1280949187278746,0.0,0.0,554.3289403915405,0.0,32,-0.001103218665812733,0.6375777423381805,1.6078010201454163,0.30160764157772063,0.02203871961683035,0.02203871961683035,0.20761462077498435,0.001685864356113621,0.0012749999761581421,-0.4163435697555542,1.0,0.01,0.0007,2,0.0,0.0,0.0
1,6400,-850.5727424621582,-8.505727186203003,-850.5727424621582,-8.505727186203003,0.0,850.5727424621582,8.505727186203003,-18.818952560424805,-0.18818924903869672,4.62748351097107,0.0,0.0,nan,nan,nan,nan,nan,nan,nan,nan,nan,nan,64,-0.0008358062765793761,0.3868581295013428,1.5982027053833008,0.17663427889347078,0.03046939689666033,0.03046939689666033,0.25082260817289354,0.0017316769666651448,0.007062499783933163,0.16658663749694824,1.0,0.009985576923076923,0.0006988942307692308,2,0.0,0.0,0.0
2,9600,-908.377721786499,-9.083777008056641,-908.377721786499,-9.083777008056641,0.0,908.377721786499,9.083777008056641,-76.62393188476562,-0.7662390708923343,4.792046093940735,0.0,0.0,nan,nan,nan,nan,nan,nan,nan,nan,nan,nan,96,-0.0009932607721538033,0.5169909626245499,1.5899779677391053,0.24164830148220062,0.044922936521470544,0.044922936521470544,0.3123299524188042,0.00192371377779664,0.013890624931082129,0.343605101108551,1.0,0.009971153846153847,0.0006977884615384615,2,0.0,0.0,0.0
3,12800,-827.4062805175781,-8.2740629863739,-827.4062805175781,-8.2740629863739,0.0,827.4062805175781,8.2740629863739,4.347509384155273,0.0434749507904062,3.8773105454444887,0.0,0.0,nan,nan,nan,nan,nan,nan,nan,nan,nan,nan,128,-0.0014088067739269406,0.37435832619667053,1.5864789128303527,0.16997421383857728,0.038289071246981624,0.038289071246981624,0.2762379735708237,0.002442781436548441,0.010596874728798866,0.522517204284668,1.0,0.00995673076923077,0.0006966826923076923,2,0.0,0.0,0.0
4,16000,-821.1167135238647,-8.211167058944703,-821.1167135238647,-8.211167058944703,0.0,821.1167135238647,8.211167058944703,10.637076377868652,0.10637087821960378,4.788212866783142,0.0,0.0,nan,nan,nan,nan,nan,nan,nan,nan,nan,nan,160,-0.0003793615306967535,0.3212311327457428,1.5837821245193482,0.1444897547364235,0.01980009041726589,0.01980009041726589,0.2588167265057564,0.0008086228634059514,0.0,0.5974642038345337,1.0,0.009942307692307693,0.0006955769230769231,2,0.0,0.0,0.0
5,19200,-795.344630241394,-7.953446221351624,-795.344630241394,-7.953446221351624,0.0,795.344630241394,7.953446221351624,36.409159660339355,0.36409171581268307,3.9691826939582824,0.0,0.0,nan,nan,nan,nan,nan,nan,nan,nan,nan,nan,192,-0.0004573612418840689,0.27072805613279344,1.578663945198059,0.1192338764667511,0.020074520632624625,0.020074520632624625,0.2457468643784523,0.0008839851769156691,0.00033124999608844516,0.716370701789856,1.0,0.009927884615384616,0.0006944711538461538,2,0.0,0.0,0.0
6,22400,-796.8329811096191,-7.968329854011536,-796.8329811096191,-7.968329854011536,0.0,796.8329811096191,7.968329854011536,34.92080879211426,0.34920808315277085,4.01309600353241,0.0,0.0,nan,nan,nan,nan,nan,nan,nan,nan,nan,nan,224,-0.000456428859599356,0.2724565640091896,1.5826971769332885,0.12008184641599655,0.023414620943367482,0.023414620943367482,0.2727505087852478,0.0008399239799477166,7.187500013969839e-05,0.5886142253875732,1.0,0.00991346153846154,0.0006933653846153846,2,0.0,0.0,0.0
7,25600,-808.3485841751099,-8.083485984802246,-808.3485841751099,-8.083485984802246,0.0,808.3485841751099,8.083485984802246,23.405205726623535,0.23405195236206033,3.6148320245742798,0.0,0.0,nan,nan,nan,nan,nan,nan,nan,nan,nan,nan,256,-0.0006661226390335173,0.2451203405857086,1.5883634686470032,0.10617077574133874,0.02349685672670603,0.02349685672670603,0.2534747660160065,0.002138890499191239,0.009465624700533226,0.6627005338668823,1.0,0.009899038461538463,0.0006922596153846154,2,0.0,0.0,0.0
8,28800,-802.3823871612549,-8.023823909759521,-802.3823871612549,-8.023823909759521,0.0,802.3823871612549,8.023823909759521,29.371402740478516,0.2937140274047856,3.7504926323890686,0.0,0.0,nan,nan,nan,nan,nan,nan,nan,nan,nan,nan,288,-0.0004933853223917595,0.256346669793129,1.5823079705238343,0.11203944310545921,0.020285741612315177,0.020285741612315177,0.2563248246908188,0.0005522735827984576,0.0,0.569265604019165,1.0,0.009884615384615384,0.0006911538461538461,2,0.0,0.0,0.0
9,32000,-753.4806728363037,-7.534806861877441,-753.4806728363037,-7.534806861877441,0.0,753.4806728363037,7.534806861877441,78.27311706542969,0.7827310752868657,3.3032977867126463,0.0,0.0,nan,nan,nan,nan,nan,nan,nan,nan,nan,nan,320,-0.0004070689166169927,0.1959981694817543,1.5834213495254517,0.08196334317326545,0.021274876594543458,0.021274876594543458,0.25006096065044403,0.0007313861817241701,0.00023125000298023223,0.6810396909713745,1.0,0.009870192307692307,0.0006900480769230769,2,0.0,0.0,0.0
10,35200,-810.2017202377319,-8.102017488479614,-810.2017202377319,-8.102017488479614,0.0,810.2017202377319,8.102017488479614,21.552069664001465,0.21552044868469267,4.099430575370788,0.0,0.0,nan,nan,nan,nan,nan,nan,nan,nan,nan,nan,352,-0.0009350465418421549,0.27399295270442964,1.584866726398468,0.12044135108590126,0.024519390612840652,0.024519390612840652,0.27373539954423903,0.0016946168696453288,0.0019281249260529876,0.652508020401001,1.0,0.00985576923076923,0.0006889423076923077,2,0.0,0.0,0.0
11,38400,-811.985592842102,-8.119856185913086,-811.985592842102,-8.119856185913086,0.0,811.985592842102,8.119856185913086,19.768197059631348,0.19768175125122056,3.9453759765625,0.0,0.0,nan,nan,nan,nan,nan,nan,nan,nan,nan,nan,384,-0.0009281146791650485,0.26863557249307635,1.5761889338493347,0.11787785217165947,0.031088999658823013,0.031088999658823013,0.2797671675682068,0.0024219936327430757,0.010153125040233135,0.41498374938964844,1.0,0.009841346153846154,0.0006878365384615384,2,0.0,0.0,0.0
12,41600,-965.1319332122803,-9.651318960189819,-965.1319332122803,-9.651318960189819,0.0,965.1319332122803,9.651318960189819,-133.37814331054688,-1.3337810230255123,5.393239455223084,0.0,0.0,nan,nan,nan,nan,nan,nan,nan,nan,nan,nan,416,-0.0009574646985740287,0.3957392364740372,1.5642614364624023,0.18154028058052063,0.03071572631597519,0.03071572631597519,0.317797514796257,0.0020461153515502705,0.007312499894760549,0.5165953636169434,1.0,0.009826923076923077,0.0006867307692307692,2,0.0,0.0,0.0
13,44800,-838.5097579956055,-8.38509744644165,-838.5097579956055,-8.38509744644165,0.0,838.5097579956055,8.38509744644165,-6.75596809387207,-0.06755950927734311,3.7866981649398803,0.0,0.0,nan,nan,nan,nan,nan,nan,nan,nan,nan,nan,448,-0.0006651265500281056,0.2262127473950386,1.5474446654319762,0.09725694581866265,0.034970229491591454,0.034970229491591454,0.2602063551545143,0.0020805072665102996,0.008850000193342566,0.569476842880249,1.0,0.0098125,0.000685625,2,0.0,0.0,0.0
14,48000,-888.6434011459351,-8.886433639526366,-888.6434011459351,-8.886433639526366,0.0,888.6434011459351,8.886433639526366,-56.88961124420166,-0.5688957023620596,4.881054692268371,0.0,0.0,nan,nan,nan,nan,nan,nan,nan,nan,nan,nan,480,-0.0009050109483652591,0.2696015864610672,1.5605905413627625,0.11860499456524849,0.03169620782136917,0.03169620782136917,0.2662960961461067,0.0020649075806437153,0.009781250031664968,0.6189393997192383,1.0,0.009798076923076923,0.0006845192307692307,2,0.0,0.0,0.0
15,51200,-829.6257648468018,-8.296257791519166,-829.6257648468018,-8.296257791519166,0.0,829.6257648468018,8.296257791519166,2.1280250549316406,0.021280145645141246,4.073610167503357,0.0,0.0,nan,nan,nan,nan,nan,nan,nan,nan,nan,nan,512,-0.0012489454446367176,0.21542344093322754,1.5651046872138976,0.09115033224225044,0.03271576259285212,0.03271576259285212,0.2734980061650276,0.001731934566123986,0.0045624999911524355,0.6494656205177307,1.0,0.009783653846153846,0.0006834134615384615,2,0.0,0.0,0.0
16,54400,-822.0990190505981,-8.22099015235901,-822.0990190505981,-8.22099015235901,0.0,822.0990190505981,8.22099015235901,9.654770851135254,0.09654778480529735,3.978722722530365,0.0,0.0,nan,nan,nan,nan,nan,nan,nan,nan,nan,nan,544,-0.0005970522738003581,0.15392540246248246,1.5599598050117494,0.06112604141235352,0.029730461165308954,0.029730461165308954,0.24381378442049026,0.0017576142003240605,0.0073125001043081285,0.8106992840766907,1.0,0.00976923076923077,0.0006823076923076923,2,0.0,0.0,0.0
17,57600,-771.3752403259277,-7.713752384185791,-771.3752403259277,-7.713752384185791,0.0,771.3752403259277,7.713752384185791,60.378549575805664,0.6037855529785157,3.80579558134079,0.0,0.0,nan,nan,nan,nan,nan,nan,nan,nan,nan,nan,576,-0.0006202844781569184,0.12042985111474991,1.560070538520813,0.04437645375728607,0.025601786002516745,0.025601786002516745,0.22429907694458961,0.0014427378337136516,0.0023437500931322575,0.8113787174224854,1.0,0.009754807692307693,0.000681201923076923,2,0.0,0.0,0.0
18,60800,-793.8776416778564,-7.938776483535767,-793.8776416778564,-7.938776483535767,0.0,793.8776416778564,7.938776483535767,37.87614822387695,0.37876145362853997,3.2902255153656004,0.0,0.0,nan,nan,nan,nan,nan,nan,nan,nan,nan,nan,608,-0.0006531304360891,0.1126958154141903,1.5636356592178344,0.040464365109801295,0.01855910960584879,0.01855910960584879,0.22556060254573823,0.0011925170281761057,0.001687500043772161,0.7825333476066589,1.0,0.009740384615384616,0.0006800961538461538,2,0.0,0.0,0.0
19,64000,-778.7070236206055,-7.787070155143738,-778.7070236206055,-7.787070155143738,0.0,778.7070236206055,7.787070155143738,53.04676628112793,0.530467782020569,4.5327502679824825,0.0,0.0,nan,nan,nan,nan,nan,nan,nan,nan,nan,nan,640,-0.0008313642468181115,0.14002725034952163,1.5713087677955628,0.053899772465229034,0.03817895743995905,0.03817895743995905,0.25024258270859717,0.0021732465978861865,0.01628750008530915,0.6991502046585083,1.0,0.00972596153846154,0.0006789903846153847,2,0.0,0.0,0.0
20,67200,-904.9090671539307,-9.049090538024902,-904.9090671539307,-9.049090538024902,0.0,904.9090671539307,9.049090538024902,-73.15527725219727,-0.7315526008605957,4.071852970123291,0.0,0.0,-552.2551052570343,-5.522551052570343,-552.2551052570343,-5.522551052570343,100.0,3.2101618027687073,0.0,0.0,552.2551052570343,2.0738351345062256,672,-0.00043452548160161086,0.15476576685905458,1.5701464295387269,0.061699820682406425,0.024181180633604527,0.024181180633604527,0.27289396822452544,0.0007424938004992013,1.2500000593718141e-05,0.7924953699111938,1.0,0.009711538461538462,0.0006778846153846154,2,0.0,0.0,0.0
21,70400,-850.461311340332,-8.504612941741943,-850.461311340332,-8.504612941741943,0.0,850.461311340332,8.504612941741943,-18.707521438598633,-0.18707500457763615,4.279759387969971,0.0,0.0,nan,nan,nan,nan,nan,nan,nan,nan,nan,nan,704,-0.000508970431051381,0.1180496372282505,1.5654256343841553,0.04333573561161756,0.02239512074738741,0.02239512074738741,0.23055694103240967,0.0011284941607305025,0.002253125049173832,0.8140850067138672,1.0,0.009697115384615386,0.0006767788461538462,2,0.0,0.0,0.0
22,73600,-910.0446319580078,-9.100446281433106,-910.0446319580078,-9.100446281433106,0.0,910.0446319580078,9.100446281433106,-78.29084205627441,-0.7829083442687992,5.1121550559997555,0.0,0.0,nan,nan,nan,nan,nan,nan,nan,nan,nan,nan,736,-0.0009901321211600589,0.1515924483537674,1.5625692009925842,0.05967621468007565,0.04106667973101139,0.04106667973101139,0.27800946682691574,0.002274073528315556,0.01586874946951866,0.8291949033737183,1.0,0.009682692307692307,0.000675673076923077,2,0.0,0.0,0.0
23,76800,-810.6470251083374,-8.106470050811767,-810.6470251083374,-8.106470050811767,0.0,810.6470251083374,8.106470050811767,21.106764793395996,0.2110678863525397,4.250330204963684,0.0,0.0,nan,nan,nan,nan,nan,nan,nan,nan,nan,nan,768,-0.0010427150152100494,0.09939617887139321,1.5705076456069946,0.033471284247934815,0.0299098527058959,0.0299098527058959,0.2416426956653595,0.0014752355378736845,0.0015156250323343557,0.7338835000991821,1.0,0.00966826923076923,0.0006745673076923077,2,0.0,0.0,0.0
24,80000,-798.7854623794556,-7.987854218482971,-798.7854623794556,-7.987854218482971,0.0,798.7854623794556,7.987854218482971,32.96832752227783,0.32968371868133595,4.34040934085846,0.0,0.0,nan,nan,nan,nan,nan,nan,nan,nan,nan,nan,800,-0.0006354898157297839,0.0831202246248722,1.5616945385932923,0.025848263502120973,0.024556508101522923,0.024556508101522923,0.21722458973526954,0.001509518061357527,0.0035937500186264517,0.7877644300460815,1.0,0.009653846153846153,0.0006734615384615385,2,0.0,0.0,0.0
25,83200,-854.348385810852,-8.54348388671875,-854.348385810852,-8.54348388671875,0.0,854.348385810852,8.54348388671875,-22.594595909118652,-0.22594594955444336,3.727556686401367,0.0,0.0,nan,nan,nan,nan,nan,nan,nan,nan,nan,nan,832,-0.0008818186083225044,0.09077073857188225,1.5477095603942872,0.029584522545337676,0.025809606537222862,0.025809606537222862,0.22265277281403542,0.001296790315610043,0.0022812499635620044,0.7223556041717529,1.0,0.009639423076923077,0.0006723557692307693,2,0.0,0.0,0.0
26,86400,-795.8113059997559,-7.958112902641297,-795.8113059997559,-7.958112902641297,0.0,795.8113059997559,7.958112902641297,35.94248390197754,0.3594250345230101,3.6606241035461426,0.0,0.0,nan,nan,nan,nan,nan,nan,nan,nan,nan,nan,864,-0.0009820043151499646,0.07555049434304237,1.5198439002037047,0.022164745163172482,0.03258532341569662,0.03258532341569662,0.21253786236047745,0.0023464906465966166,0.008174999919719993,0.787930965423584,1.0,0.009625,0.00067125,2,0.0,0.0,0.0
27,89600,-797.7894601821899,-7.97789466381073,-797.7894601821899,-7.97789466381073,0.0,797.7894601821899,7.97789466381073,33.96432971954346,0.3396432733535768,4.2224841928482055,0.0,0.0,nan,nan,nan,nan,nan,nan,nan,nan,nan,nan,896,-0.0009925894064132025,0.08481833338737488,1.5088188886642455,0.026915956847369672,0.04607505854219198,0.04607505854219198,0.2249773420393467,0.002211940430061674,0.019243750674650072,0.8269268274307251,1.0,0.009610576923076923,0.0006701442307692308,2,0.0,0.0,0.0
28,92800,-862.8845405578613,-8.628845796585082,-862.8845405578613,-8.628845796585082,0.0,862.8845405578613,8.628845796585082,-31.13075065612793,-0.31130785942077566,4.9359339284896855,0.0,0.0,nan,nan,nan,nan,nan,nan,nan,nan,nan,nan,928,-0.000680158250198204,0.11202856302261352,1.5283149600028991,0.04066817741841078,0.03854111563414335,0.03854111563414335,0.2529520183801651,0.001779591289960639,0.008037499990314246,0.772599458694458,1.0,0.009596153846153846,0.0006690384615384616,2,0.0,0.0,0.0
29,96000,-816.8573751449585,-8.168574151992798,-816.8573751449585,-8.168574151992798,0.0,816.8573751449585,8.168574151992798,14.896414756774902,0.14896378517150843,4.028863484859467,0.0,0.0,nan,nan,nan,nan,nan,nan,nan,nan,nan,nan,960,-0.0005509668850308458,0.07046095803380012,1.5383731365203857,0.019939235225319863,0.03198699299246073,0.03198699299246073,0.20504695624113084,0.0013049873618007119,0.004656250029802323,0.7801270484924316,1.0,0.00958173076923077,0.0006679326923076923,2,0.0,0.0,0.0
30,99200,-805.8807573318481,-8.058807821273804,-805.8807573318481,-8.058807821273804,0.0,805.8807573318481,8.058807821273804,25.873032569885254,0.25873011589050243,4.264063005447388,0.0,0.0,nan,nan,nan,nan,nan,nan,nan,nan,nan,nan,992,-0.0007576316135697425,0.06712317168712616,1.5437370657920837,0.018034547474235295,0.025811827182769774,0.025811827182769774,0.19463824555277826,0.0011529574174352127,0.0005218749865889549,0.8214048147201538,1.0,0.009567307692307693,0.0006668269230769231,2,0.0,0.0,0.0
31,102400,-885.8309679031372,-8.858309135437011,-885.8309679031372,-8.858309135437011,0.0,885.8309679031372,8.858309135437011,-54.07717800140381,-0.5407711982727044,4.261285815238953,0.0,0.0,nan,nan,nan,nan,nan,nan,nan,nan,nan,nan,1024,-0.0010533177636212088,0.077611867710948,1.558042287826538,0.022868817392736673,0.036202588118612766,0.036202588118612766,0.216367020457983,0.0023608125797186966,0.021118749910965563,0.8770237565040588,1.0,0.009552884615384616,0.0006657211538461539,2,0.0,0.0,0.0
32,105600,-838.7698459625244,-8.38769850730896,-838.7698459625244,-8.38769850730896,0.0,838.7698459625244,8.38769850730896,-7.016056060791016,-0.07016057014465282,3.973373062610626,0.0,0.0,nan,nan,nan,nan,nan,nan,nan,nan,nan,nan,1056,-0.0005205873468831612,0.06677454970777034,1.5580021500587464,0.018005743715912105,0.02540801391005516,0.02540801391005516,0.1876038908958435,0.0009213805988115562,4.3750001350417736e-05,0.840205729007721,1.0,0.009538461538461539,0.0006646153846153846,2,0.0,0.0,0.0
33,108800,-827.2478342056274,-8.272478370666503,-827.2478342056274,-8.272478370666503,0.0,827.2478342056274,8.272478370666503,4.505955696105957,0.045059566497803516,3.7700443291664123,0.0,0.0,nan,nan,nan,nan,nan,nan,nan,nan,nan,nan,1088,-0.0006435131500417413,0.044228237867355344,1.5498682141304017,0.006709602102637291,0.018894698470830917,0.018894698470830917,0.16214513257145882,0.001159641579943614,0.0018906250305008143,0.8513015508651733,1.0,0.009524038461538462,0.0006635096153846154,2,0.0,0.0,0.0
34,112000,-799.5214643478394,-7.9952144432067875,-799.5214643478394,-7.9952144432067875,0.0,799.5214643478394,7.9952144432067875,32.23232555389404,0.32232349395751925,4.259887418746948,0.0,0.0,nan,nan,nan,nan,nan,nan,nan,nan,nan,nan,1120,-0.0009005004849633735,0.038850699178874494,1.555599319934845,0.0037316976115107535,0.02943459004163742,0.02943459004163742,0.17087351754307747,0.001224099485989932,0.0029062500689178705,0.8401669859886169,1.0,0.009509615384615385,0.0006624038461538462,2,0.0,0.0,0.0
35,115200,-821.0451803207397,-8.21045163154602,-821.0451803207397,-8.21045163154602,0.0,821.0451803207397,8.21045163154602,10.708609580993652,0.10708630561828691,3.928485088348389,0.0,0.0,nan,nan,nan,nan,nan,nan,nan,nan,nan,nan,1152,-0.0006682311227370619,0.04519447982311249,1.5675461769104004,0.007044856436550617,0.029275576770305633,0.029275576770305633,0.17405952513217926,0.0025404873944357945,0.013018749933689833,0.8545834422111511,1.0,0.009495192307692309,0.0006612980769230769,2,0.0,0.0,0.0
36,118400,-887.4417705535889,-8.874417667388917,-887.4417705535889,-8.874417667388917,0.0,887.4417705535889,8.874417667388917,-55.68798065185547,-0.55687973022461,4.422888278961182,0.0,0.0,nan,nan,nan,nan,nan,nan,nan,nan,nan,nan,1184,-0.0005585613200544514,0.062213679775595665,1.5702321529388428,0.015661270543932914,0.03211129326373339,0.03211129326373339,0.2148749388754368,0.0008471206883773575,0.00480000008828938,0.8295433521270752,1.0,0.00948076923076923,0.0006601923076923077,2,0.0,0.0,0.0
37,121600,-881.0267496109009,-8.810267467498779,-881.0267496109009,-8.810267467498779,0.0,881.0267496109009,8.810267467498779,-49.27295970916748,-0.4927295303344721,4.4692039299011235,0.0,0.0,nan,nan,nan,nan,nan,nan,nan,nan,nan,nan,1216,-0.0008973060435153001,0.04339982606470585,1.5785979151725769,0.005859052296727896,0.03182528018951416,0.03182528018951416,0.1745130106806755,0.001623948941778946,0.0069343751762062315,0.8355858325958252,1.0,0.009466346153846153,0.0006590865384615385,2,0.0,0.0,0.0
38,124800,-825.22132396698,-8.252213506698608,-825.22132396698,-8.252213506698608,0.0,825.22132396698,8.252213506698608,6.532465934753418,0.06532443046569902,4.213535032272339,0.0,0.0,nan,nan,nan,nan,nan,nan,nan,nan,nan,nan,1248,-0.0009223243803891279,0.03660494890064001,1.5795819640159607,0.002450063172727823,0.027712993882596494,0.027712993882596494,0.1643276259303093,0.0016234489721686806,0.0067937497922685,0.8268374800682068,1.0,0.009451923076923077,0.0006579807692307692,2,0.0,0.0,0.0
39,128000,-862.4772262573242,-8.624772357940675,-862.4772262573242,-8.624772357940675,0.0,862.4772262573242,8.624772357940675,-30.72343635559082,-0.30723442077636776,4.025403327941895,0.0,0.0,nan,nan,nan,nan,nan,nan,nan,nan,nan,nan,1280,-0.000918485926685264,0.029966610297560693,1.5726505279541017,-0.0007770692463964224,0.02760671991854906,0.02760671991854906,0.1467603102326393,0.0012771525052817224,0.0015281249827239663,0.8928166031837463,1.0,0.0094375,0.000656875,2,0.0,0.0,0.0
40,131200,-813.575608253479,-8.13575602531433,-813.575608253479,-8.13575602531433,0.0,813.575608253479,8.13575602531433,18.178181648254395,0.18178191184997594,4.637044982910156,0.0,0.0,-630.6523976325989,-6.306523976325988,-630.6523976325989,-6.306523976325988,100.0,3.9162959083914757,0.0,0.0,630.6523976325989,-76.32345724105835,1312,-0.000893805480140486,0.03361574169248342,1.5684214115142823,0.0011347094550728798,0.02809464782476425,0.02809464782476425,0.16465755067765714,0.0012184122580952167,0.0012750000110827386,0.8500337600708008,1.0,0.009423076923076923,0.0006557692307692308,2,0.0,0.0,0.0
41,134400,-983.8621988296509,-9.838621644973754,-983.8621988296509,-9.838621644973754,0.0,983.8621988296509,9.838621644973754,-152.10840892791748,-1.5210837078094475,5.345108566284179,0.0,0.0,nan,nan,nan,nan,nan,nan,nan,nan,nan,nan,1344,-0.0011795632899158192,0.05462394952774048,1.5581844210624696,0.011471993755549192,0.03981929719448089,0.03981929719448089,0.20492149889469147,0.0021495113873248066,0.011256249720463529,0.8322036266326904,1.0,0.009408653846153846,0.0006546634615384615,2,0.0,0.0,0.0
42,137600,-826.227933883667,-8.262279472351075,-826.227933883667,-8.262279472351075,0.0,826.227933883667,8.262279472351075,5.525856018066406,0.05525846481323171,4.373851137161255,0.0,0.0,nan,nan,nan,nan,nan,nan,nan,nan,nan,nan,1376,-0.0011257468585506914,0.03207315057516098,1.5456716895103455,0.0003904326818883419,0.036251220293343066,0.036251220293343066,0.15710161104798318,0.0022539743469683917,0.013299999863374979,0.8279331922531128,1.0,0.00939423076923077,0.0006535576923076923,2,0.0,0.0,0.0
43,140800,-741.8864116668701,-7.418864297866821,-741.8864116668701,-7.418864297866821,0.0,741.8864116668701,7.418864297866821,89.86737823486328,0.8986736392974857,3.7314615058898926,0.0,0.0,nan,nan,nan,nan,nan,nan,nan,nan,nan,nan,1408,-0.0009799739297712052,0.01618712767958641,1.5462754011154174,-0.007390176272019744,0.03630236219614744,0.03630236219614744,0.12391453795135021,0.002335551534634403,0.011743750050663948,0.8673809170722961,1.0,0.009379807692307692,0.000652451923076923,2,0.0,0.0,0.0
44,144000,-802.0212802886963,-8.020213198661803,-802.0212802886963,-8.020213198661803,0.0,802.0212802886963,8.020213198661803,29.73250961303711,0.2973247385025033,4.399103517532349,0.0,0.0,nan,nan,nan,nan,nan,nan,nan,nan,nan,nan,1440,-0.001031232933863002,0.029135901108384134,1.5394169211387634,-0.0008805133868008852,0.030871152132749557,0.030871152132749557,0.16865098848938942,0.0019195138342189325,0.006603124947287142,0.7306262254714966,1.0,0.009365384615384616,0.0006513461538461538,2,0.0,0.0,0.0
45,147200,-913.8130264282227,-9.138129749298095,-913.8130264282227,-9.138129749298095,0.0,913.8130264282227,9.138129749298095,-82.05923652648926,-0.8205918121337881,5.073147559165955,0.0,0.0,nan,nan,nan,nan,nan,nan,nan,nan,nan,nan,1472,-0.0011200918545945626,0.03374714758247137,1.5225273013114928,0.0015163886360824107,0.046158610843122005,0.046158610843122005,0.15025724694132805,0.003459823072626637,0.02361875046044588,0.8194667100906372,1.0,0.009350961538461539,0.0006502403846153846,2,0.0,0.0,0.0
46,150400,-832.120265007019,-8.321202840805054,-832.120265007019,-8.321202840805054,0.0,832.120265007019,8.321202840805054,-0.36647510528564453,-0.003664903640746786,4.045766603946686,0.0,0.0,nan,nan,nan,nan,nan,nan,nan,nan,nan,nan,1504,-0.000587232954036132,0.026380622200667857,1.5253522872924805,-0.0016384321730583905,0.026836250349879263,0.026836250349879263,0.1487054403871298,0.0012233956185816208,0.004643749981187284,0.8722962141036987,1.0,0.009336538461538462,0.0006491346153846153,2,0.0,0.0,0.0
47,153600,-866.1847238540649,-8.661847515106201,-866.1847238540649,-8.661847515106201,0.0,866.1847238540649,8.661847515106201,-34.43093395233154,-0.3443095779418943,4.255196542739868,0.0,0.0,nan,nan,nan,nan,nan,nan,nan,nan,nan,nan,1536,-0.0009044478435654924,0.026973405480384828,1.5372734069824219,-0.0017483850475400685,0.0437033511698246,0.0437033511698246,0.15654822140932084,0.002332818554714896,0.01572812516824342,0.8503183722496033,1.0,0.009322115384615385,0.0006480288461538461,2,0.0,0.0,0.0
48,156800,-871.1647701263428,-8.71164758682251,-871.1647701263428,-8.71164758682251,0.0,871.1647701263428,8.71164758682251,-39.410980224609375,-0.39410964965820305,4.413575658798218,0.0,0.0,nan,nan,nan,nan,nan,nan,nan,nan,nan,nan,1568,-0.0006732696287333085,0.014543367642909288,1.545565116405487,-0.007787231216207146,0.03022899106144905,0.03022899106144905,0.11525976285338402,0.0017948429624090004,0.011031250096857547,0.8855936527252197,1.0,0.009307692307692308,0.0006469230769230769,2,0.0,0.0,0.0
49,160000,-760.6382455825806,-7.606382493972778,-760.6382455825806,-7.606382493972778,0.0,760.6382455825806,7.606382493972778,71.11554431915283,0.7111554431915286,3.7169558334350588,0.0,0.0,nan,nan,nan,nan,nan,nan,nan,nan,nan,nan,1600,-0.0007892455836583601,0.01723182862624526,1.5495303392410278,-0.006573534198105335,0.026280053332448004,0.026280053332448004,0.12828345075249672,0.0009730292240425237,0.004934374988079071,0.8190117478370667,1.0,0.009293269230769232,0.0006458173076923076,2,0.0,0.0,0.0
50,163200,-854.9378023147583,-8.549378147125244,-854.9378023147583,-8.549378147125244,0.0,854.9378023147583,8.549378147125244,-23.184012413024902,-0.23184020996093757,4.168591442108155,0.0,0.0,nan,nan,nan,nan,nan,nan,nan,nan,nan,nan,1632,-0.0007291468474839747,0.017922025360167026,1.5514928936958312,-0.006164197716861964,0.03219826798886061,0.03219826798886061,0.12385296262800694,0.0017446816575107642,0.008712499868124723,0.8587374687194824,1.0,0.009278846153846153,0.0006447115384615384,2,0.0,0.0,0.0
51,166400,-877.3611717224121,-8.773611612319947,-877.3611717224121,-8.773611612319947,0.0,877.3611717224121,8.773611612319947,-45.60738182067871,-0.4560736751556398,4.433269219398499,0.0,0.0,nan,nan,nan,nan,nan,nan,nan,nan,nan,nan,1664,-0.00062450721198406,0.022400330379605295,1.539180612564087,-0.0036839631386101244,0.024325779266655446,0.024325779266655446,0.14137808084487916,0.0010086787769984155,0.0011812500422820448,0.7787033319473267,1.0,0.009264423076923076,0.0006436057692307693,2,0.0,0.0,0.0
52,169600,-794.1040267944336,-7.9410402917861935,-794.1040267944336,-7.9410402917861935,0.0,794.1040267944336,7.9410402917861935,37.649763107299805,0.37649764537811325,4.268145580291748,0.0,0.0,nan,nan,nan,nan,nan,nan,nan,nan,nan,nan,1696,-0.001159792891645317,0.011304421070963144,1.5469500541687011,-0.00981687055900693,0.04167083688080311,0.04167083688080311,0.10957315042614937,0.002195648670750073,0.015709375217556953,0.845329999923706,1.0,0.00925,0.0006425,2,0.0,0.0,0.0
53,172800,-812.4591588973999,-8.124591464996337,-812.4591588973999,-8.124591464996337,0.0,812.4591588973999,8.124591464996337,19.294631004333496,0.19294647216796967,4.499704847335815,0.0,0.0,nan,nan,nan,nan,nan,nan,nan,nan,nan,nan,1728,-0.0009819104838999948,0.026207082346081732,1.560491144657135,-0.0022904051467776297,0.03536874577403069,0.03536874577403069,0.14196567200124263,0.0018946461612363817,0.011034374812152237,0.7790270447731018,1.0,0.009235576923076923,0.0006413942307692308,2,0.0,0.0,0.0
54,176000,-781.4552822113037,-7.81455322265625,-781.4552822113037,-7.81455322265625,0.0,781.4552822113037,7.81455322265625,50.29850769042969,0.5029847145080568,3.656587314605713,0.0,0.0,nan,nan,nan,nan,nan,nan,nan,nan,nan,nan,1760,-0.0011701657500176044,0.015257100947201252,1.5614808201789856,-0.007940270844846964,0.042613367363810536,0.042613367363810536,0.11524191908538342,0.0023798216912842276,0.016781249828636647,0.8020697236061096,1.0,0.009221153846153846,0.0006402884615384616,2,0.0,0.0,0.0
55,179200,-697.2819805145264,-6.972819862365722,-697.2819805145264,-6.972819862365722,0.0,697.2819805145264,6.972819862365722,134.47180938720703,1.3447180747985845,3.1046014833450317,0.0,0.0,nan,nan,nan,nan,nan,nan,nan,nan,nan,nan,1792,-0.0005133643910928854,0.012109975703060627,1.5668011784553528,-0.008883493067696691,0.02777246218174696,0.02777246218174696,0.09773058407008647,0.0020803003761107244,0.005549999978393316,0.8552883863449097,1.0,0.00920673076923077,0.0006391826923076923,2,0.0,0.0,0.0
56,182400,-822.6596031188965,-8.226595783233643,-822.6596031188965,-8.226595783233643,0.0,822.6596031188965,8.226595783233643,9.094186782836914,0.09094215393066385,4.3568875074386595,0.0,0.0,nan,nan,nan,nan,nan,nan,nan,nan,nan,nan,1824,-0.000886588257411347,0.016025021392852067,1.5673802256584168,-0.007281918358057737,0.030301850475370883,0.030301850475370883,0.11509669981896878,0.0014806125505861124,0.008884374843910336,0.839149534702301,1.0,0.009192307692307692,0.0006380769230769231,2,0.0,0.0,0.0
57,185600,-851.1200714111328,-8.511200618743896,-851.1200714111328,-8.511200618743896,0.0,851.1200714111328,8.511200618743896,-19.366281509399414,-0.193662681579589,4.6969132995605465,0.0,0.0,nan,nan,nan,nan,nan,nan,nan,nan,nan,nan,1856,-0.0005162664866354306,0.019420042261481286,1.5644546627998352,-0.005164630385115743,0.027293475903570653,0.027293475903570653,0.12096216976642608,0.0013220543623906796,0.0035156249243300406,0.8085017800331116,1.0,0.009177884615384616,0.0006369711538461539,2,0.0,0.0,0.0
58,188800,-838.0692758560181,-8.38069260597229,-838.0692758560181,-8.38069260597229,0.0,838.0692758560181,8.38069260597229,-6.315485954284668,-0.06315466880798404,3.8698540258407594,0.0,0.0,nan,nan,nan,nan,nan,nan,nan,nan,nan,nan,1888,-0.000943134354753461,0.013353963661938906,1.563836920261383,-0.008596312394365669,0.03556581512093544,0.03556581512093544,0.11716140285134316,0.0017560629155928126,0.009303124994039536,0.8462834358215332,1.0,0.009163461538461539,0.0006358653846153846,2,0.0,0.0,0.0
59,192000,-797.808274269104,-7.978082580566406,-797.808274269104,-7.978082580566406,0.0,797.808274269104,7.978082580566406,33.945515632629395,0.3394553565979006,4.021778185367584,0.0,0.0,nan,nan,nan,nan,nan,nan,nan,nan,nan,nan,1920,-0.0008790002902809846,0.011428950028494,1.5567598462104797,-0.00940738064236939,0.03805576600134373,0.03805576600134373,0.10005028434097767,0.0016587945923680256,0.0058062498457729815,0.8526052236557007,1.0,0.009149038461538462,0.0006347596153846154,2,0.0,0.0,0.0
60,195200,-804.4406795501709,-8.044406843185424,-804.4406795501709,-8.044406843185424,0.0,804.4406795501709,8.044406843185424,27.3131103515625,0.2731310939788827,3.3983685421943663,0.0,0.0,-582.111380815506,-5.82111380815506,-582.111380815506,-5.82111380815506,100.0,2.984769807457924,0.0,0.0,582.111380815506,-27.782440423965454,1952,-0.0005394794708161399,0.01810467252507806,1.554365611076355,-0.00568567574955523,0.03184149730950594,0.03184149730950594,0.11125530228018761,0.001183768464034533,0.0024093749932944776,0.7680518627166748,1.0,0.009134615384615385,0.0006336538461538462,2,0.0,0.0,0.0
61,198400,-846.4546270370483,-8.464546318054198,-846.4546270370483,-8.464546318054198,0.0,846.4546270370483,8.464546318054198,-14.700837135314941,-0.14700838088989165,4.354210844039917,0.0,0.0,nan,nan,nan,nan,nan,nan,nan,nan,nan,nan,1984,-0.0008474461319448068,0.017205111868679523,1.5335916519165038,-0.00623154123313725,0.033983937837183474,0.033983937837183474,0.10715208798646927,0.0016872104795771464,0.003071875014575198,0.852208137512207,1.0,0.009120192307692308,0.0006325480769230769,2,0.0,0.0,0.0
62,201600,-798.5160245895386,-7.985160145759583,-798.5160245895386,-7.985160145759583,0.0,798.5160245895386,7.985160145759583,33.237765312194824,0.3323777914047241,4.289703965187073,0.0,0.0,nan,nan,nan,nan,nan,nan,nan,nan,nan,nan,2016,-0.0005469209685208476,0.012996279075741768,1.5259666204452516,-0.007943880930542945,0.029948356747627258,0.029948356747627258,0.09811802841722965,0.0007500828163762504,0.00028437499422580005,0.8415751457214355,1.0,0.009105769230769232,0.0006314423076923077,2,0.0,0.0,0.0
63,204800,-817.9683513641357,-8.179683504104615,-817.9683513641357,-8.179683504104615,0.0,817.9683513641357,8.179683504104615,13.785438537597656,0.13785443305969203,4.23612421989441,0.0,0.0,nan,nan,nan,nan,nan,nan,nan,nan,nan,nan,2048,-0.0009604937733733276,0.009892221633344888,1.515369725227356,-0.009791134297847748,0.03129688501358032,0.03129688501358032,0.08530988395214081,0.001752880175627674,0.005728125081805047,0.9191306233406067,1.0,0.009091346153846155,0.0006303365384615385,2,0.0,0.0,0.0
64,208000,-820.3652505874634,-8.20365258216858,-820.3652505874634,-8.20365258216858,0.0,820.3652505874634,8.20365258216858,11.38853931427002,0.11388535499572683,4.281919903755188,0.0,0.0,nan,nan,nan,nan,nan,nan,nan,nan,nan,nan,2080,-0.0010645876582014325,0.008575966814532876,1.5110037684440614,-0.010491869458928705,0.057130316644906996,0.057130316644906996,0.08709385879337787,0.0031235517097235764,0.02347187529085204,0.8828162550926208,1.0,0.009076923076923076,0.0006292307692307692,2,0.0,0.0,0.0
65,211200,-819.9197816848755,-8.199197702407837,-819.9197816848755,-8.199197702407837,0.0,819.9197816848755,8.199197702407837,11.83400821685791,0.11834023475647015,4.312910928726196,0.0,0.0,nan,nan,nan,nan,nan,nan,nan,nan,nan,nan,2112,-0.00023342057349360346,0.015489784069359303,1.5194478988647462,-0.006258524861186743,0.02804134991019964,0.02804134991019964,0.11697493605315686,0.0006059307459514964,0.0002250000019557774,0.7316491603851318,1.0,0.0090625,0.000628125,2,0.0,0.0,0.0
66,214400,-849.086109161377,-8.490860872268676,-849.086109161377,-8.490860872268676,0.0,849.086109161377,8.490860872268676,-17.332319259643555,-0.1733229351043697,4.24630362033844,0.0,0.0,nan,nan,nan,nan,nan,nan,nan,nan,nan,nan,2144,-0.0005175604800767176,0.011988326907157898,1.5249417066574096,-0.008321187272667886,0.02586175370961428,0.02586175370961428,0.09580703936517239,0.001069993833517077,0.002437500067753717,0.8323200345039368,1.0,0.009048076923076923,0.0006270192307692308,2,0.0,0.0,0.0
67,217600,-868.1990537643433,-8.68199068069458,-868.1990537643433,-8.68199068069458,0.0,868.1990537643433,8.68199068069458,-36.44526386260986,-0.3644527435302738,5.573691716194153,0.0,0.0,nan,nan,nan,nan,nan,nan,nan,nan,nan,nan,2176,-0.0006906879465125471,0.01949172681197524,1.5097350835800172,-0.004583248868584633,0.030921968258917333,0.030921968258917333,0.11514479517936707,0.0006682351346177494,0.0006218749913387001,0.7271600365638733,1.0,0.009033653846153846,0.0006259134615384615,2,0.0,0.0,0.0
68,220800,-841.6168832778931,-8.416168937683105,-841.6168832778931,-8.416168937683105,0.0,841.6168832778931,8.416168937683105,-9.863093376159668,-0.09863100051879847,3.8026067852973937,0.0,0.0,nan,nan,nan,nan,nan,nan,nan,nan,nan,nan,2208,-0.00019657348593753453,0.0165073174983263,1.5326689243316651,-0.00576640903018415,0.029213756136596204,0.029213756136596204,0.10803399905562401,0.0013439678368746678,0.0020906249759718777,0.8251968622207642,1.0,0.009019230769230769,0.0006248076923076923,2,0.0,0.0,0.0
69,224000,-760.8294658660889,-7.608294439315796,-760.8294658660889,-7.608294439315796,0.0,760.8294658660889,7.608294439315796,70.92432403564453,0.7092434978485107,3.490362300872803,0.0,0.0,nan,nan,nan,nan,nan,nan,nan,nan,nan,nan,2240,-0.0006389811517786726,0.009273241693153977,1.5324046969413758,-0.00980137032456696,0.028583375737071037,0.028583375737071037,0.07946658842265605,0.001055767821526946,0.0,0.83694988489151,1.0,0.009004807692307692,0.0006237019230769231,2,0.0,0.0,0.0
70,227200,-959.6916513442993,-9.596916408538819,-959.6916513442993,-9.596916408538819,0.0,959.6916513442993,9.596916408538819,-127.93786144256592,-1.2793784713745122,4.870432515144348,0.0,0.0,nan,nan,nan,nan,nan,nan,nan,nan,nan,nan,2272,-0.0007199700773284689,0.018905653432011605,1.5143744587898254,-0.00488195214420557,0.03391169346868992,0.03391169346868992,0.11806870251893997,0.0014040777903580042,0.004625000059604645,0.7721007466316223,1.0,0.008990384615384615,0.0006225961538461538,2,0.0,0.0,0.0
71,230400,-804.0550937652588,-8.040551047325135,-804.0550937652588,-8.040551047325135,0.0,804.0550937652588,8.040551047325135,27.69869613647461,0.2769868898391721,3.9782940983772277,0.0,0.0,nan,nan,nan,nan,nan,nan,nan,nan,nan,nan,2304,-0.0006993877777247803,0.007865148200653493,1.5185242652893067,-0.010397028736770153,0.03046051859855652,0.03046051859855652,0.07798726595938206,0.0016315199114621572,0.004949999845121056,0.9100361466407776,1.0,0.008975961538461539,0.0006214903846153846,2,0.0,0.0,0.0
72,233600,-804.9923095703125,-8.04992317199707,-804.9923095703125,-8.04992317199707,0.0,804.9923095703125,8.04992317199707,26.7614803314209,0.26761476516723626,4.068495087623596,0.0,0.0,nan,nan,nan,nan,nan,nan,nan,nan,nan,nan,2336,-0.0008083564475367844,0.012071992177516222,1.523347055912018,-0.008423894038423895,0.029907941445708276,0.029907941445708276,0.09844054989516735,0.0009927994404285417,0.0016250000335276127,0.8577653169631958,1.0,0.008961538461538462,0.0006203846153846154,2,0.0,0.0,0.0
73,236800,-825.2161197662354,-8.252161607742309,-825.2161197662354,-8.252161607742309,0.0,825.2161197662354,8.252161607742309,6.537670135498047,0.06537632942199778,4.068999605178833,0.0,0.0,nan,nan,nan,nan,nan,nan,nan,nan,nan,nan,2368,-0.0008108569020405465,0.013516440847888589,1.497025978565216,-0.007446700520813465,0.02972679827362299,0.02972679827362299,0.09784977175295353,0.0023471514818090575,0.012024999922141432,0.8368967771530151,1.0,0.008947115384615385,0.0006192788461538461,2,0.0,0.0,0.0
74,240000,-887.2932233810425,-8.87293212890625,-887.2932233810425,-8.87293212890625,0.0,887.2932233810425,8.87293212890625,-55.53943347930908,-0.5553941917419429,4.165128207206726,0.0,0.0,nan,nan,nan,nan,nan,nan,nan,nan,nan,nan,2400,-0.0007932033094782299,0.012387349177151919,1.4912257075309754,-0.007920188782736658,0.03039760310202837,0.03039760310202837,0.08597285225987435,0.0007862926882814987,0.00044999998644925656,0.8272398710250854,1.0,0.008932692307692308,0.0006181730769230769,2,0.0,0.0,0.0
75,243200,-872.7715330123901,-8.727715511322021,-872.7715330123901,-8.727715511322021,0.0,872.7715330123901,8.727715511322021,-41.01774311065674,-0.4101775741577143,4.682071752548218,0.0,0.0,nan,nan,nan,nan,nan,nan,nan,nan,nan,nan,2432,-0.0006529340454493604,0.012104229163378477,1.5044760346412658,-0.00801814221777022,0.030549854412674902,0.030549854412674902,0.0884943038225174,0.001645055980771538,0.010568750114180148,0.8507437705993652,1.0,0.008918269230769231,0.0006170673076923077,2,0.0,0.0,0.0
76,246400,-823.8132381439209,-8.238132514953612,-823.8132381439209,-8.238132514953612,0.0,823.8132381439209,8.238132514953612,7.9405517578125,0.07940542221069435,3.905432641506195,0.0,0.0,nan,nan,nan,nan,nan,nan,nan,nan,nan,nan,2464,-0.0008683347782993178,0.011747156688943505,1.519182300567627,-0.00852132197469473,0.039569910243153573,0.039569910243153573,0.08434908352792263,0.0019182250318415233,0.009693749877624214,0.8231409788131714,1.0,0.008903846153846155,0.0006159615384615384,2,0.0,0.0,0.0
77,249600,-835.3866138458252,-8.353866214752196,-835.3866138458252,-8.353866214752196,0.0,835.3866138458252,8.353866214752196,-3.632823944091797,-0.0363282775878897,4.541429815292358,0.0,0.0,nan,nan,nan,nan,nan,nan,nan,nan,nan,nan,2496,-0.00047461218549069704,0.014202526584267617,1.5186725020408631,-0.00687347068451345,0.027630913816392422,0.027630913816392422,0.09159458689391613,0.0009366637234058667,0.0024343749275431035,0.8464597463607788,1.0,0.008889423076923076,0.0006148557692307692,2,0.0,0.0,0.0
78,252800,-822.5537366867065,-8.225537204742432,-822.5537366867065,-8.225537204742432,0.0,822.5537366867065,8.225537204742432,9.200053215026855,0.09200073242187479,4.033790695667267,0.0,0.0,nan,nan,nan,nan,nan,nan,nan,nan,nan,nan,2528,-0.0003323759285413175,0.011645470280200243,1.535313105583191,-0.008135545067489147,0.027699683047831058,0.027699683047831058,0.0827180191874504,0.0018948019991518864,0.004868749971501529,0.8467538356781006,1.0,0.008875000000000001,0.00061375,2,0.0,0.0,0.0
79,256000,-801.8222932815552,-8.018222999572753,-801.8222932815552,-8.018222999572753,0.0,801.8222932815552,8.018222999572753,29.931496620178223,0.2993149375915536,3.829835431575775,0.0,0.0,nan,nan,nan,nan,nan,nan,nan,nan,nan,nan,2560,-0.0010437038469717664,0.009600704582408071,1.5459676861763,-0.009941517002880573,0.04701939262449741,0.04701939262449741,0.0763208281248808,0.0016821632998477525,0.010681250039488078,0.9074929356575012,1.0,0.008860576923076922,0.0006126442307692307,2,0.0,0.0,0.0
80,259200,-843.6931295394897,-8.43693141937256,-843.6931295394897,-8.43693141937256,0.0,843.6931295394897,8.43693141937256,-11.939339637756348,-0.11939348220825252,3.994599792957306,0.0,0.0,-621.4140033721924,-6.2141400337219235,-621.4140033721924,-6.2141400337219235,100.0,3.388280209302902,0.0,0.0,621.4140033721924,-67.08506298065186,2592,-0.0008914169324212295,0.010738471848890185,1.5546603560447694,-0.009274945128709078,0.03443870823830366,0.03443870823830366,0.08391419388353824,0.0015284225530200154,0.0034281249158084393,0.8916401863098145,1.0,0.008846153846153846,0.0006115384615384615,2,0.0,0.0,0.0
81,262400,-864.9720668792725,-8.649720668792725,-864.9720668792725,-8.649720668792725,0.0,864.9720668792725,8.649720668792725,-33.21827697753906,-0.3321827316284178,4.8637783908843994,0.0,0.0,nan,nan,nan,nan,nan,nan,nan,nan,nan,nan,2624,-0.0018115518231876181,0.012643790524452924,1.5635127782821656,-0.009298180788755417,0.060561852902173995,0.060561852902173995,0.09039947763085365,0.0037687417694547342,0.033059374708682296,0.8673158288002014,1.0,0.008831730769230769,0.0006104326923076922,2,0.0,0.0,0.0
82,265600,-846.2795877456665,-8.462796010971068,-846.2795877456665,-8.462796010971068,0.0,846.2795877456665,8.462796010971068,-14.525797843933105,-0.1452580738067617,4.176693730354309,0.0,0.0,nan,nan,nan,nan,nan,nan,nan,nan,nan,nan,2656,-0.0007120827263817908,0.017161960527300835,1.5629213094711303,-0.005911860428750515,0.029418880119919777,0.029418880119919777,0.09238433726131916,0.0015200770067172523,0.002074999955948442,0.8194066286087036,1.0,0.008817307692307692,0.000609326923076923,2,0.0,0.0,0.0
83,268800,-764.223295211792,-7.6422331476211545,-764.223295211792,-7.6422331476211545,0.0,764.223295211792,7.6422331476211545,67.5304946899414,0.6753047895431523,3.6631322360038756,0.0,0.0,nan,nan,nan,nan,nan,nan,nan,nan,nan,nan,2688,-0.0010518759091384666,0.009780937433242798,1.5587782502174377,-0.009883151669055224,0.03219702485948801,0.03219702485948801,0.07696002125740051,0.002296667306655357,0.01189687503501773,0.8941015601158142,1.0,0.008802884615384615,0.0006082211538461539,2,0.0,0.0,0.0
84,272000,-835.142858505249,-8.35142852783203,-835.142858505249,-8.35142852783203,0.0,835.142858505249,8.35142852783203,-3.389068603515625,-0.03389059066772404,3.7589902520179748,0.0,0.0,nan,nan,nan,nan,nan,nan,nan,nan,nan,nan,2720,-0.000704238784058564,0.012001797463744879,1.5580946445465087,-0.00839659539051354,0.03715978674590588,0.03715978674590588,0.08076714053750038,0.0015300276209023048,0.0069125000387430195,0.8768503665924072,1.0,0.008788461538461538,0.0006071153846153847,2,0.0,0.0,0.0
85,275200,-791.6735010147095,-7.916735143661499,-791.6735010147095,-7.916735143661499,0.0,791.6735010147095,7.916735143661499,40.080288887023926,0.400802793502808,3.791344077587128,0.0,0.0,nan,nan,nan,nan,nan,nan,nan,nan,nan,nan,2752,-0.0005320724657430276,0.007638738630339504,1.552094328403473,-0.010330838523805142,0.02796383500099182,0.02796383500099182,0.06395761892199517,0.0008257015015265566,0.00047187499549181664,0.9224110245704651,1.0,0.008774038461538462,0.0006060096153846154,2,0.0,0.0,0.0
86,278400,-851.2324552536011,-8.51232452392578,-851.2324552536011,-8.51232452392578,0.0,851.2324552536011,8.51232452392578,-19.478665351867676,-0.19478658676147376,4.374846830368042,0.0,0.0,nan,nan,nan,nan,nan,nan,nan,nan,nan,nan,2784,-0.0003336040445035771,0.015003921184688806,1.5574423313140868,-0.0064742387738078834,0.02111707963049412,0.02111707963049412,0.08945820555090904,0.0010128224410441591,0.0008093750104308129,0.7902535200119019,1.0,0.008759615384615385,0.0006049038461538462,2,0.0,0.0,0.0
87,281600,-864.8034381866455,-8.64803430557251,-864.8034381866455,-8.64803430557251,0.0,864.8034381866455,8.64803430557251,-33.04964828491211,-0.3304963684082036,4.091556491851807,0.0,0.0,nan,nan,nan,nan,nan,nan,nan,nan,nan,nan,2816,-0.0004685473677745744,0.010385888116434216,1.5672961831092835,-0.008981910068541765,0.02433365061879158,0.02433365061879158,0.07122361958026886,0.0008038342939476146,0.0032437500776723027,0.8254417181015015,1.0,0.008745192307692308,0.0006037980769230769,2,0.0,0.0,0.0
88,284800,-876.6878461837769,-8.7668785572052,-876.6878461837769,-8.7668785572052,0.0,876.6878461837769,8.7668785572052,-44.93405628204346,-0.4493406200408927,4.514770727157593,0.0,0.0,nan,nan,nan,nan,nan,nan,nan,nan,nan,nan,2848,-0.0007127843283290858,0.014075764268636704,1.5726745486259461,-0.0074055605102330445,0.0340982586145401,0.0340982586145401,0.08450378850102425,0.0016443220680234546,0.004656250029802323,0.8295536637306213,1.0,0.008730769230769231,0.0006026923076923077,2,0.0,0.0,0.0
89,288000,-819.1615190505981,-8.191615142822265,-819.1615190505981,-8.191615142822265,0.0,819.1615190505981,8.191615142822265,12.592270851135254,0.125922794342042,4.413233323097229,0.0,0.0,nan,nan,nan,nan,nan,nan,nan,nan,nan,nan,2880,-0.0005980234082729296,0.010581236751750111,1.5643700242042542,-0.008942995080724358,0.027121681533753873,0.027121681533753873,0.07805591598153114,0.0013637420976015224,0.003896875074133277,0.8047534823417664,1.0,0.008716346153846154,0.0006015865384615385,2,0.0,0.0,0.0
90,291200,-788.842321395874,-7.888423261642456,-788.842321395874,-7.888423261642456,0.0,788.842321395874,7.888423261642456,42.911468505859375,0.4291146755218511,3.9468696308135987,0.0,0.0,nan,nan,nan,nan,nan,nan,nan,nan,nan,nan,2912,-0.0008770427868592279,0.013220227882266044,1.5458277463912964,-0.00771860321983695,0.03260336760431528,0.03260336760431528,0.08263599686324596,0.0013239366660860112,0.0019499999820254744,0.7721195816993713,1.0,0.008701923076923078,0.0006004807692307693,2,0.0,0.0,0.0
91,294400,-847.4866209030151,-8.474865798950196,-847.4866209030151,-8.474865798950196,0.0,847.4866209030151,8.474865798950196,-15.732831001281738,-0.1573278617858893,4.321404371261597,0.0,0.0,nan,nan,nan,nan,nan,nan,nan,nan,nan,nan,2944,-0.0005694595207896835,0.016115500684827568,1.5333938002586365,-0.0058330677449703215,0.03759055733680725,0.03759055733680725,0.08928175531327724,0.0016346580276155004,0.007890624832361937,0.7219759225845337,1.0,0.0086875,0.000599375,2,0.0,0.0,0.0
92,297600,-839.8860492706299,-8.398860359191895,-839.8860492706299,-8.398860359191895,0.0,839.8860492706299,8.398860359191895,-8.132259368896484,-0.0813224220275881,4.214539303779602,0.0,0.0,nan,nan,nan,nan,nan,nan,nan,nan,nan,nan,2976,-0.0006583610268149686,0.014018705487251282,1.5329867720603942,-0.006944719841703773,0.031507397815585134,0.031507397815585134,0.08615408390760422,0.0015454492564464573,0.0006499999959487468,0.6895445585250854,1.0,0.008673076923076922,0.0005982692307692308,2,0.0,0.0,0.0
93,300800,-918.0924625396729,-9.180924730300903,-918.0924625396729,-9.180924730300903,0.0,918.0924625396729,9.180924730300903,-86.33867263793945,-0.8633867931365966,4.457136211395263,0.0,0.0,nan,nan,nan,nan,nan,nan,nan,nan,nan,nan,3008,-0.0005222738515918923,0.013357020961120725,1.5251293897628784,-0.007049331162124872,0.035958465002477166,0.035958465002477166,0.08391713500022888,0.0017925725078391107,0.009112499840557575,0.7739483118057251,1.0,0.008658653846153847,0.0005971634615384616,2,0.0,0.0,0.0
94,304000,-894.3557090759277,-8.943557224273682,-894.3557090759277,-8.943557224273682,0.0,894.3557090759277,8.943557224273682,-62.601919174194336,-0.6260192871093757,4.873998155593872,0.0,0.0,nan,nan,nan,nan,nan,nan,nan,nan,nan,nan,3040,-0.0007595851975347401,0.01000230573117733,1.5273115396499635,-0.00896086562424898,0.034299386292696,0.034299386292696,0.06603845618665219,0.0014152975436452161,0.003221875010058284,0.814678966999054,1.0,0.008644230769230769,0.0005960576923076923,2,0.0,0.0,0.0
95,307200,-834.3155555725098,-8.343155517578126,-834.3155555725098,-8.343155517578126,0.0,834.3155555725098,8.343155517578126,-2.561765670776367,-0.025617580413818786,3.434594740867615,0.0,0.0,nan,nan,nan,nan,nan,nan,nan,nan,nan,nan,3072,-0.0003644012258352092,0.013986180955544113,1.5530398726463317,-0.0067737454548478125,0.025129339843988418,0.025129339843988418,0.08646755889058114,0.0010124235821427703,0.0007625000085681677,0.7653119564056396,1.0,0.008629807692307692,0.0005949519230769231,2,0.0,0.0,0.0
96,310400,-802.0053977966309,-8.020053968429565,-802.0053977966309,-8.020053968429565,0.0,802.0053977966309,8.020053968429565,29.74839210510254,0.2974839687347419,4.370884852409363,0.0,0.0,nan,nan,nan,nan,nan,nan,nan,nan,nan,nan,3104,-0.0008442301321308854,0.010278578381985426,1.5581498384475707,-0.009129001526162028,0.04000970497727394,0.04000970497727394,0.07189204394817353,0.0022045538793468884,0.011678124687750823,0.8228229284286499,1.0,0.008615384615384615,0.0005938461538461538,2,0.0,0.0,0.0
97,313600,-787.9794015884399,-7.879793953895569,-787.9794015884399,-7.879793953895569,0.0,787.9794015884399,7.879793953895569,43.77438831329346,0.43774398326873776,3.665794370174408,0.0,0.0,nan,nan,nan,nan,nan,nan,nan,nan,nan,nan,3136,-0.0009559658033133189,0.00883340947329998,1.5600608825683593,-0.009957284526899457,0.02765702996402979,0.02765702996402979,0.06262719184160233,0.00166580317309176,0.002612499985843897,0.8124405145645142,1.0,0.008600961538461538,0.0005927403846153846,2,0.0,0.0,0.0
98,316800,-767.2318229675293,-7.672317895889282,-767.2318229675293,-7.672317895889282,0.0,767.2318229675293,7.672317895889282,64.5219669342041,0.6452200412750244,3.9182981777191164,0.0,0.0,nan,nan,nan,nan,nan,nan,nan,nan,nan,nan,3168,-0.0013970339723048397,0.010197632480412722,1.5548831701278687,-0.009649281203746796,0.045902084186673166,0.045902084186673166,0.0711324006319046,0.002425275210044284,0.010956250061281026,0.8386585712432861,1.0,0.008586538461538461,0.0005916346153846154,2,0.0,0.0,0.0
99,320000,-815.4964551925659,-8.154964437484741,-815.4964551925659,-8.154964437484741,0.0,815.4964551925659,8.154964437484741,16.25733470916748,0.16257349967956536,3.822363295555115,0.0,0.0,nan,nan,nan,nan,nan,nan,nan,nan,nan,nan,3200,-0.0004505852283109846,0.010390308406203985,1.5448245286941529,-0.008497845474630594,0.02235960550606251,0.02235960550606251,0.06927548684179782,0.001358252704085837,0.000849999993442907,0.7775940895080566,1.0,0.008572115384615385,0.0005905288461538462,2,0.0,0.0,0.0
100,323200,-800.9304294586182,-8.009304361343384,-800.9304294586182,-8.009304361343384,0.0,800.9304294586182,8.009304361343384,30.823360443115234,0.3082335758209229,3.5719707584381104,0.0,0.0,-604.3718676567078,-6.043718676567078,-604.3718676567078,-6.043718676567078,100.0,3.50736364364624,0.0,0.0,604.3718676567078,-50.042927265167236,3232,-0.0004744678757560905,0.009153853356838226,1.5462770223617555,-0.009130104025825859,0.023847744800150394,0.023847744800150394,0.0678770437836647,0.0010898071635898278,0.0008875000290572643,0.8443364500999451,1.0,0.008557692307692308,0.0005894230769230769,2,0.0,0.0,0.0
101,326400,-846.7578763961792,-8.46757872581482,-846.7578763961792,-8.46757872581482,0.0,846.7578763961792,8.46757872581482,-15.0040864944458,-0.15004078865051262,4.525652203559876,0.0,0.0,nan,nan,nan,nan,nan,nan,nan,nan,nan,nan,3264,-0.0007362456208036772,0.010150583367794752,1.5613742351531983,-0.009000193886458873,0.04115389008074999,0.04115389008074999,0.06670097820460796,0.0017283936140307346,0.007862500008195638,0.809007465839386,1.0,0.008543269230769231,0.0005883173076923077,2,0.0,0.0,0.0
102,329600,-814.1441221237183,-8.141441268920898,-814.1441221237183,-8.141441268920898,0.0,814.1441221237183,8.141441268920898,17.609667778015137,0.17609666824340842,4.013412117958069,0.0,0.0,nan,nan,nan,nan,nan,nan,nan,nan,nan,nan,3296,-0.00039207172388415755,0.009706456400454044,1.5520558476448059,-0.008776089223101736,0.019491128250956537,0.019491128250956537,0.06527981087565422,0.0009409475838770689,0.0007656249916180968,0.8257343173027039,1.0,0.008528846153846154,0.0005872115384615384,2,0.0,0.0,0.0
103,332800,-851.4189128875732,-8.514189472198487,-851.4189128875732,-8.514189472198487,0.0,851.4189128875732,8.514189472198487,-19.665122985839844,-0.19665153503417976,4.428151054382324,0.0,0.0,nan,nan,nan,nan,nan,nan,nan,nan,nan,nan,3328,-0.000668077017733637,0.01694633113220334,1.5487448930740357,-0.005381580581888557,0.02227442879229784,0.02227442879229784,0.0777986716479063,0.0006114720290503042,0.0003874999936670065,0.6562044620513916,1.0,0.008514423076923077,0.0005861057692307692,2,0.0,0.0,0.0
104,336000,-829.2295970916748,-8.292296218872071,-829.2295970916748,-8.292296218872071,0.0,829.2295970916748,8.292296218872071,2.5241928100585938,0.02524171829223576,4.321130557060242,0.0,0.0,nan,nan,nan,nan,nan,nan,nan,nan,nan,nan,3360,-0.0009961563035962185,0.017169284727424385,1.5585142016410827,-0.005658885510638356,0.033530907705426216,0.033530907705426216,0.08361785113811493,0.0014763341077928503,0.008812500070780516,0.6784101724624634,1.0,0.0085,0.000585,2,0.0,0.0,0.0
105,339200,-825.6286945343018,-8.256287317276001,-825.6286945343018,-8.256287317276001,0.0,825.6286945343018,8.256287317276001,6.125095367431641,0.06125061988830538,3.693606355190277,0.0,0.0,nan,nan,nan,nan,nan,nan,nan,nan,nan,nan,3392,-0.000731545255732069,0.011910318164154887,1.5574052214622498,-0.007991868117824198,0.03428268991410732,0.03428268991410732,0.06758524589240551,0.0009878622669935425,0.0020343749783933163,0.7102121114730835,1.0,0.008485576923076922,0.0005838942307692307,2,0.0,0.0,0.0
106,342400,-827.0578737258911,-8.270578718185424,-827.0578737258911,-8.270578718185424,0.0,827.0578737258911,8.270578718185424,4.695916175842285,0.04695921897888233,4.422714700698853,0.0,0.0,nan,nan,nan,nan,nan,nan,nan,nan,nan,nan,3424,-0.0006354991954772959,0.011981298821046949,1.5495996832847596,-0.007771746767684817,0.02807186935096979,0.02807186935096979,0.06588145047426223,0.0010461429021239236,0.00014062500558793546,0.8375690579414368,1.0,0.008471153846153847,0.0005827884615384615,2,0.0,0.0,0.0
107,345600,-803.6065654754639,-8.03606590270996,-803.6065654754639,-8.03606590270996,0.0,803.6065654754639,8.03606590270996,28.14722442626953,0.281472034454346,3.820084536075592,0.0,0.0,nan,nan,nan,nan,nan,nan,nan,nan,nan,nan,3456,-0.0014268265890191145,0.007597278943285346,1.5303474545478821,-0.010569924116134643,0.050348355621099475,0.050348355621099475,0.0503557525575161,0.0027629939882905337,0.024806249607354402,0.849281370639801,1.0,0.008456730769230768,0.0005816826923076923,2,0.0,0.0,0.0
108,348800,-867.8255987167358,-8.678255767822266,-867.8255987167358,-8.678255767822266,0.0,867.8255987167358,8.678255767822266,-36.07180881500244,-0.3607178306579595,4.357019777297974,0.0,0.0,nan,nan,nan,nan,nan,nan,nan,nan,nan,nan,3488,-0.001448599924286853,0.014017851930111647,1.524510669708252,-0.007310062414035201,0.04436243362724781,0.04436243362724781,0.06805460564792157,0.003261843588553022,0.02410937489476055,0.7862453460693359,1.0,0.008442307692307692,0.000580576923076923,2,0.0,0.0,0.0
109,352000,-775.0371618270874,-7.75037166595459,-775.0371618270874,-7.75037166595459,0.0,775.0371618270874,7.75037166595459,56.716628074645996,0.5671662712097172,3.5951769089698793,0.0,0.0,nan,nan,nan,nan,nan,nan,nan,nan,nan,nan,3520,-0.0005538888943904752,0.012413537036627531,1.5226937294006349,-0.00718020717613399,0.03747800961136818,0.03747800961136818,0.07502558343112468,0.001018779154401817,0.0012468749948311598,0.7414504885673523,1.0,0.008427884615384615,0.0005794711538461538,2,0.0,0.0,0.0
110,355200,-784.0408744812012,-7.840408964157104,-784.0408744812012,-7.840408964157104,0.0,784.0408744812012,7.840408964157104,47.71291542053223,0.47712897300720236,3.9650824284553527,0.0,0.0,nan,nan,nan,nan,nan,nan,nan,nan,nan,nan,3552,-0.0005129329778922554,0.00986604201607406,1.5254520773887634,-0.008414245164021849,0.02598543670028448,0.02598543670028448,0.057309626042842864,0.0016345870855735876,0.007625000178813934,0.8510398864746094,1.0,0.008413461538461538,0.0005783653846153846,2,0.0,0.0,0.0
111,358400,-841.6277961730957,-8.416277770996095,-841.6277961730957,-8.416277770996095,0.0,841.6277961730957,8.416277770996095,-9.874006271362305,-0.09873983383178775,4.449609594345093,0.0,0.0,nan,nan,nan,nan,nan,nan,nan,nan,nan,nan,3584,-0.0009131759714513521,0.006740670022554696,1.5310847640037537,-0.010402480978518725,0.03631177693605423,0.03631177693605423,0.049718177691102025,0.0017487024868392972,0.007500000088475645,0.8271562457084656,1.0,0.008399038461538461,0.0005772596153846153,2,0.0,0.0,0.0
112,361600,-807.5407962799072,-8.07540783405304,-807.5407962799072,-8.07540783405304,0.0,807.5407962799072,8.07540783405304,24.212993621826172,0.2421301031112666,3.3721850633621218,0.0,0.0,nan,nan,nan,nan,nan,nan,nan,nan,nan,nan,3616,-0.0005947555366990764,0.009715210692957044,1.5083572030067445,-0.008384144958108663,0.033371994644403456,0.033371994644403456,0.06335667222738266,0.0009277466349891788,0.001975000009406358,0.7520023584365845,1.0,0.008384615384615384,0.0005761538461538461,2,0.0,0.0,0.0
113,364800,-830.3386583328247,-8.303386659622193,-830.3386583328247,-8.303386659622193,0.0,830.3386583328247,8.303386659622193,1.4151315689086914,0.01415127754211376,4.685083622932434,0.0,0.0,nan,nan,nan,nan,nan,nan,nan,nan,nan,nan,3648,-0.0008866548383841266,0.011531366454437374,1.4900688529014587,-0.007593135302886367,0.03518988210707903,0.03518988210707903,0.062339579313993455,0.0022311478642229187,0.01084374994970858,0.7811616063117981,1.0,0.008370192307692308,0.0005750480769230769,2,0.0,0.0,0.0
114,368000,-777.774920463562,-7.7777490186691285,-777.774920463562,-7.7777490186691285,0.0,777.774920463562,7.7777490186691285,53.97886943817139,0.5397889184951783,4.147190237045288,0.0,0.0,nan,nan,nan,nan,nan,nan,nan,nan,nan,nan,3680,-0.0007794981523533307,0.011076442757621407,1.4971786856651306,-0.007751356437802314,0.031779597699642184,0.031779597699642184,0.06398929432034492,0.0020399288063351687,0.017556249862536788,0.7571605443954468,1.0,0.00835576923076923,0.0005739423076923076,2,0.0,0.0,0.0
115,371200,-764.3563547134399,-7.643563385009766,-764.3563547134399,-7.643563385009766,0.0,764.3563547134399,7.643563385009766,67.39743518829346,0.673974552154541,3.261292381286621,0.0,0.0,nan,nan,nan,nan,nan,nan,nan,nan,nan,nan,3712,-0.0006780070549867289,0.00871497425250709,1.4845421314239502,-0.008703599637374281,0.02976864352822304,0.02976864352822304,0.05360630117356777,0.0017179752743692993,0.0061843750765547155,0.8523144125938416,1.0,0.008341346153846154,0.0005728365384615384,2,0.0,0.0,0.0
116,374400,-841.2066774368286,-8.412067060470582,-841.2066774368286,-8.412067060470582,0.0,841.2066774368286,8.412067060470582,-9.452887535095215,-0.09452912330627505,4.480823330879211,0.0,0.0,nan,nan,nan,nan,nan,nan,nan,nan,nan,nan,3744,-0.0006889575222390754,0.008934708125889302,1.4947221159934998,-0.008668040297925473,0.027134804613888265,0.027134804613888265,0.04994658417999744,0.001180497241876521,0.004359375056810677,0.8008085489273071,1.0,0.008326923076923077,0.0005717307692307693,2,0.0,0.0,0.0
117,377600,-749.9269943237305,-7.499269757270813,-749.9269943237305,-7.499269757270813,0.0,749.9269943237305,7.499269757270813,81.82679557800293,0.8182681798934937,3.833008472919464,0.0,0.0,nan,nan,nan,nan,nan,nan,nan,nan,nan,nan,3776,-0.0009504675919540517,0.00944360690191388,1.4996594429016112,-0.008694583503529429,0.03846435304731131,0.03846435304731131,0.05358161479234695,0.0021862635578151967,0.016821875458117575,0.7652957439422607,1.0,0.0083125,0.000570625,2,0.0,0.0,0.0
118,380800,-848.1638784408569,-8.48163857460022,-848.1638784408569,-8.48163857460022,0.0,848.1638784408569,8.48163857460022,-16.410088539123535,-0.1641006374359133,4.258721284866333,0.0,0.0,nan,nan,nan,nan,nan,nan,nan,nan,nan,nan,3808,-0.0009768853739486438,0.011008847085759044,1.5083507418632507,-0.007988871913403273,0.04065060932189226,0.04065060932189226,0.05962880924344063,0.002600670780521539,0.014209374971687793,0.7456585168838501,1.0,0.008298076923076924,0.0005695192307692308,2,0.0,0.0,0.0
119,384000,-790.9285202026367,-7.909285416603089,-790.9285202026367,-7.909285416603089,0.0,790.9285202026367,7.909285416603089,40.82526969909668,0.4082525205612182,3.69442724943161,0.0,0.0,nan,nan,nan,nan,nan,nan,nan,nan,nan,nan,3840,-0.000710929897823398,0.013435011357069015,1.4934295654296874,-0.006364478310570121,0.0300930917263031,0.0300930917263031,0.06436211466789246,0.0018275722715777431,0.0037374999141320587,0.6792339086532593,1.0,0.008283653846153847,0.0005684134615384616,2,0.0,0.0,0.0
120,387200,-846.8742399215698,-8.468742389678955,-846.8742399215698,-8.468742389678955,0.0,846.8742399215698,8.468742389678955,-15.120450019836426,-0.15120445251464787,3.873161940574646,0.0,0.0,-574.2046747207642,-5.742046747207642,-574.2046747207642,-5.742046747207642,100.0,3.3791777753829955,0.0,0.0,574.2046747207642,-19.875734329223633,3872,-0.0007747589906212049,0.011580988764762878,1.4804585218429565,-0.007226517889648676,0.02615000568330288,0.02615000568330288,0.06053487993776798,0.0011919018586929757,0.001537500019185245,0.688039243221283,1.0,0.008269230769230768,0.0005673076923076923,2,0.0,0.0,0.0
121,390400,-845.7259845733643,-8.457259702682496,-845.7259845733643,-8.457259702682496,0.0,845.7259845733643,8.457259702682496,-13.97219467163086,-0.13972176551818904,4.159181237220764,0.0,0.0,nan,nan,nan,nan,nan,nan,nan,nan,nan,nan,3904,-0.0007208560298156863,0.013656862359493972,1.4793023109436034,-0.0061037805397063495,0.03769776001572609,0.03769776001572609,0.06351298093795776,0.0015929497491022203,0.00807187515310943,0.6715679168701172,1.0,0.008254807692307693,0.0005662019230769231,2,0.0,0.0,0.0
122,393600,-857.505913734436,-8.57505898475647,-857.505913734436,-8.57505898475647,0.0,857.505913734436,8.57505898475647,-25.752123832702637,-0.25752104759216365,4.037237243652344,0.0,0.0,nan,nan,nan,nan,nan,nan,nan,nan,nan,nan,3936,-0.0009662518983532209,0.01208260701969266,1.4891066908836366,-0.007195760868489743,0.036489462666213515,0.036489462666213515,0.06238118186593056,0.0014366641858948575,0.009203125210478901,0.6194528341293335,1.0,0.008240384615384615,0.0005650961538461539,2,0.0,0.0,0.0
123,396800,-915.6444778442383,-9.156444292068482,-915.6444778442383,-9.156444292068482,0.0,915.6444778442383,9.156444292068482,-83.89068794250488,-0.8389063549041751,4.874257254600525,0.0,0.0,nan,nan,nan,nan,nan,nan,nan,nan,nan,nan,3968,-0.0006691768430814093,0.008720247121527792,1.5006182432174682,-0.008653081301599742,0.026961499080061912,0.026961499080061912,0.05937176793813705,0.0010363434717880304,0.0025656250538304446,0.8292405009269714,1.0,0.008225961538461538,0.0005639903846153846,2,0.0,0.0,0.0
124,400000,-805.3876333236694,-8.053876438140868,-805.3876333236694,-8.053876438140868,0.0,805.3876333236694,8.053876438140868,26.366156578063965,0.2636614990234385,4.2652687740325925,0.0,0.0,nan,nan,nan,nan,nan,nan,nan,nan,nan,nan,4000,-0.0009933938789414287,0.011941296886652708,1.5064004421234132,-0.0073926101438701155,0.04185873679816723,0.04185873679816723,0.057999353110790255,0.0018592387972609797,0.012790625184425152,0.6832789182662964,1.0,0.008211538461538461,0.0005628846153846154,2,0.0,0.0,0.0
125,403200,-891.2600107192993,-8.912600440979004,-891.2600107192993,-8.912600440979004,0.0,891.2600107192993,8.912600440979004,-59.50622081756592,-0.595062503814697,4.393735842704773,0.0,0.0,nan,nan,nan,nan,nan,nan,nan,nan,nan,nan,4032,-0.0004861341057869117,0.012880233209580183,1.5006924748420716,-0.006347367446869612,0.019774690642952918,0.019774690642952918,0.06157366372644901,0.0012331362286210445,8.750000270083547e-05,0.7537782788276672,1.0,0.008197115384615384,0.0005617788461538462,2,0.0,0.0,0.0
126,406400,-795.3405160903931,-7.95340518951416,-795.3405160903931,-7.95340518951416,0.0,795.3405160903931,7.95340518951416,36.41327381134033,0.3641327476501468,3.967214732170105,0.0,0.0,nan,nan,nan,nan,nan,nan,nan,nan,nan,nan,4064,-0.0008661677975032589,0.01280987523496151,1.4881081223487853,-0.006637961091473699,0.029427737928926945,0.029427737928926945,0.06647948436439037,0.0011788006431749834,0.0022062500123865903,0.7326487302780151,1.0,0.008182692307692307,0.0005606730769230769,2,0.0,0.0,0.0
127,409600,-809.9316310882568,-8.099316158294677,-809.9316310882568,-8.099316158294677,0.0,809.9316310882568,8.099316158294677,21.822158813476562,0.2182217788696299,4.244030900001526,0.0,0.0,nan,nan,nan,nan,nan,nan,nan,nan,nan,nan,4096,-0.0004654976598292615,0.011613532714545727,1.4790483951568603,-0.006739996233955025,0.026375618018209934,0.026375618018209934,0.05398193411529064,0.001216561625188443,0.003078125067986548,0.6978775262832642,1.0,0.00816826923076923,0.0005595673076923077,2,0.0,0.0,0.0
128,412800,-873.1091327667236,-8.73109130859375,-873.1091327667236,-8.73109130859375,0.0,873.1091327667236,8.73109130859375,-41.355342864990234,-0.41355337142944393,4.5812286949157714,0.0,0.0,nan,nan,nan,nan,nan,nan,nan,nan,nan,nan,4128,-0.0005120919684792113,0.012257235869765282,1.4857417225837708,-0.006497983867302537,0.020878524519503117,0.020878524519503117,0.054494602233171464,0.0007922260321727107,0.00010312499944120646,0.7544395923614502,1.0,0.008153846153846154,0.0005584615384615385,2,0.0,0.0,0.0
129,416000,-801.3139152526855,-8.013139328956605,-801.3139152526855,-8.013139328956605,0.0,801.3139152526855,8.013139328956605,30.43987464904785,0.3043986082077019,3.739234185218811,0.0,0.0,nan,nan,nan,nan,nan,nan,nan,nan,nan,nan,4160,-0.0007923721820174201,0.010673158662393689,1.4799548387527466,-0.007501771533861756,0.0206432381644845,0.0206432381644845,0.05743660107254982,0.0010808627444937398,0.0020062499679625034,0.7392057180404663,1.0,0.008139423076923077,0.0005573557692307692,2,0.0,0.0,0.0
130,419200,-818.0754556655884,-8.180754051208496,-818.0754556655884,-8.180754051208496,0.0,818.0754556655884,8.180754051208496,13.67833423614502,0.13678388595581126,4.314883313179016,0.0,0.0,nan,nan,nan,nan,nan,nan,nan,nan,nan,nan,4192,-0.001072733437933504,0.014791737776249647,1.45449960231781,-0.005494673317298293,0.029139774665236474,0.029139774665236474,0.06161766089498997,0.001686817904556638,0.010209375061094761,0.6925698518753052,1.0,0.008125,0.00055625,2,0.0,0.0,0.0
131,422400,-783.8185272216797,-7.838185429573059,-783.8185272216797,-7.838185429573059,0.0,783.8185272216797,7.838185429573059,47.93526268005371,0.4793525075912477,4.105158724784851,0.0,0.0,nan,nan,nan,nan,nan,nan,nan,nan,nan,nan,4224,-0.0004479816736886022,0.01052940534427762,1.4417840242385864,-0.006876979721710086,0.021603255346417428,0.021603255346417428,0.056308251619338986,0.0006457023813716655,0.00021875000384170563,0.7856404781341553,1.0,0.008110576923076923,0.0005551442307692308,2,0.0,0.0,0.0
132,425600,-795.3973455429077,-7.9539734697341915,-795.3973455429077,-7.9539734697341915,0.0,795.3973455429077,7.9539734697341915,36.356444358825684,0.3635644674301153,3.9394337129592896,0.0,0.0,nan,nan,nan,nan,nan,nan,nan,nan,nan,nan,4256,-0.000777630780031835,0.010075102187693119,1.4343446135520934,-0.007352754194289446,0.032227423787117,0.032227423787117,0.05308430306613445,0.0010074156010894575,0.0027906250354135407,0.7856453657150269,1.0,0.008096153846153847,0.0005540384615384615,2,0.0,0.0,0.0
133,428800,-788.0892629623413,-7.8808928394317626,-788.0892629623413,-7.8808928394317626,0.0,788.0892629623413,7.8808928394317626,43.66452693939209,0.43664509773254423,4.099982953071594,0.0,0.0,nan,nan,nan,nan,nan,nan,nan,nan,nan,nan,4288,-0.0005389015925107543,0.007434092601761222,1.4320321917533874,-0.008395153330639005,0.036063986644148824,0.036063986644148824,0.050778075307607654,0.0007281745667576655,0.0038999999931547793,0.789126992225647,1.0,0.00808173076923077,0.0005529326923076923,2,0.0,0.0,0.0
134,432000,-882.3619680404663,-8.823619155883788,-882.3619680404663,-8.823619155883788,0.0,882.3619680404663,8.823619155883788,-50.60817813873291,-0.5060812187194816,3.9592115545272826,0.0,0.0,nan,nan,nan,nan,nan,nan,nan,nan,nan,nan,4320,-0.0007591375781223153,0.013970153033733368,1.4524276733398438,-0.005491242371499538,0.037796012684702875,0.037796012684702875,0.06191403083503246,0.0020896690417437436,0.009712499985471367,0.6458573341369629,1.0,0.008067307692307693,0.0005518269230769231,2,0.0,0.0,0.0
135,435200,-815.5483589172363,-8.155483598709106,-815.5483589172363,-8.155483598709106,0.0,815.5483589172363,8.155483598709106,16.20543098449707,0.16205433845520112,4.034164657592774,0.0,0.0,nan,nan,nan,nan,nan,nan,nan,nan,nan,nan,4352,-0.0006718001458328127,0.009636459033936262,1.4768857836723328,-0.007746761338785291,0.03106041494756937,0.03106041494756937,0.05187193937599659,0.001054909085724569,0.0022687499644234777,0.711616039276123,1.0,0.008052884615384615,0.0005507211538461538,2,0.0,0.0,0.0
136,438400,-869.3979072570801,-8.693979272842407,-869.3979072570801,-8.693979272842407,0.0,869.3979072570801,8.693979272842407,-37.64411735534668,-0.37644133567810023,4.174911069869995,0.0,0.0,nan,nan,nan,nan,nan,nan,nan,nan,nan,nan,4384,-0.0009333526343572984,0.010467140283435584,1.4738525032997132,-0.007547288667410612,0.04125665202736854,0.04125665202736854,0.062057729065418246,0.002242687548278535,0.010403124916774687,0.7398009300231934,1.0,0.00803846153846154,0.0005496153846153846,2,0.0,0.0,0.0
137,441600,-760.2266807556152,-7.602266702651978,-760.2266807556152,-7.602266702651978,0.0,760.2266807556152,7.602266702651978,71.52710914611816,0.7152712345123291,4.178353319168091,0.0,0.0,nan,nan,nan,nan,nan,nan,nan,nan,nan,nan,4416,-0.0005254780073126852,0.009663351951166988,1.4796937108039856,-0.007566921785473824,0.026526732929050924,0.026526732929050924,0.05312445983290672,0.0009133453550027208,0.0004093749914318323,0.7994978427886963,1.0,0.008024038461538461,0.0005485096153846154,2,0.0,0.0,0.0
138,444800,-753.2027416229248,-7.532027349472046,-753.2027416229248,-7.532027349472046,0.0,753.2027416229248,7.532027349472046,78.5510482788086,0.7855105876922606,4.091881289482116,0.0,0.0,nan,nan,nan,nan,nan,nan,nan,nan,nan,nan,4448,-0.0009217285880586346,0.01009081513620913,1.510326898097992,-0.00797345875762403,0.056478587165474894,0.056478587165474894,0.05201990976929664,0.002409558030195208,0.022787500359117984,0.7747570276260376,1.0,0.008009615384615384,0.0005474038461538461,2,0.0,0.0,0.0
139,448000,-823.8390378952026,-8.238390502929688,-823.8390378952026,-8.238390502929688,0.0,823.8390378952026,8.238390502929688,7.914752006530762,0.07914743423461879,3.4667112731933596,0.0,0.0,nan,nan,nan,nan,nan,nan,nan,nan,nan,nan,4480,-0.000513418319675818,0.01194476131349802,1.504745078086853,-0.006571763474494219,0.02903066445142031,0.02903066445142031,0.05357474647462368,0.0019344895001273585,0.004140625102445483,0.7360420227050781,1.0,0.007995192307692307,0.0005462980769230769,2,0.0,0.0,0.0
140,451200,-781.2212533950806,-7.812212462425232,-781.2212533950806,-7.812212462425232,0.0,781.2212533950806,7.812212462425232,50.53253650665283,0.5053254747390747,4.260629510879516,0.0,0.0,-532.5891088247299,-5.3258910882473,-532.5891088247299,-5.3258910882473,100.0,3.315814265012741,0.0,0.0,532.5891088247299,21.739831566810608,4512,-0.0006341941126680517,0.013119648024439812,1.5142046093940735,-0.006158888200297951,0.04366928208619356,0.04366928208619356,0.055700098350644114,0.0018217174940224682,0.011965625011362136,0.6862075924873352,1.0,0.00798076923076923,0.0005451923076923077,2,0.0,0.0,0.0
141,454400,-877.2574195861816,-8.772574138641357,-877.2574195861816,-8.772574138641357,0.0,877.2574195861816,8.772574138641357,-45.50362968444824,-0.45503620147704993,4.5842914342880245,0.0,0.0,nan,nan,nan,nan,nan,nan,nan,nan,nan,nan,4544,-0.00032984802303035463,0.019442496169358493,1.5267062306404113,-0.0027708704583346844,0.02888707462698221,0.02888707462698221,0.06870624423027039,0.0010157192555203577,0.006965624989243224,0.3635990023612976,1.0,0.007966346153846154,0.0005440865384615384,2,0.0,0.0,0.0
142,457600,-791.2019395828247,-7.912019815444946,-791.2019395828247,-7.912019815444946,0.0,791.2019395828247,7.912019815444946,40.55185031890869,0.40551812171936064,3.939487681388855,0.0,0.0,nan,nan,nan,nan,nan,nan,nan,nan,nan,nan,4576,-0.0006117488973963247,0.015528488159179687,1.5258706212043762,-0.004981110105291009,0.028834025003015996,0.028834025003015996,0.060638658329844476,0.000851090381184424,0.0014343750081025064,0.711591899394989,1.0,0.007951923076923077,0.0005429807692307692,2,0.0,0.0,0.0
143,460800,-821.2822523117065,-8.212822570800782,-821.2822523117065,-8.212822570800782,0.0,821.2822523117065,8.212822570800782,10.471537590026855,0.10471536636352496,4.372413587570191,0.0,0.0,nan,nan,nan,nan,nan,nan,nan,nan,nan,nan,4608,-0.000656177539686903,0.016582580842077733,1.5166359901428224,-0.004403185471892357,0.03788337558507919,0.03788337558507919,0.0628202635794878,0.0012888647077494385,0.00833749994635582,0.5025213956832886,1.0,0.0079375,0.000541875,2,0.0,0.0,0.0
144,464000,-841.8568134307861,-8.418568258285523,-841.8568134307861,-8.418568258285523,0.0,841.8568134307861,8.418568258285523,-10.103023529052734,-0.10103032112121646,4.72839674949646,0.0,0.0,nan,nan,nan,nan,nan,nan,nan,nan,nan,nan,4640,-0.00045050780416353573,0.019451560266315938,1.510595965385437,-0.002693295665085316,0.028792269714176654,0.028792269714176654,0.07181157097220421,0.0005659512793505983,0.0,0.5702641010284424,1.0,0.007923076923076923,0.0005407692307692307,2,0.0,0.0,0.0
145,467200,-890.3368482589722,-8.903368282318116,-890.3368482589722,-8.903368282318116,0.0,890.3368482589722,8.903368282318116,-58.58305835723877,-0.5858303451538092,5.063117370605469,0.0,0.0,nan,nan,nan,nan,nan,nan,nan,nan,nan,nan,4672,-0.00081548586642608,0.015409781783819198,1.5311188101768494,-0.005219682911410927,0.049718793109059335,0.049718793109059335,0.057804730534553525,0.001991309202640533,0.01421250037383288,0.7379900217056274,1.0,0.007908653846153847,0.0005396634615384615,2,0.0,0.0,0.0
146,470400,-841.5522480010986,-8.415522518157958,-841.5522480010986,-8.415522518157958,0.0,841.5522480010986,8.415522518157958,-9.798458099365234,-0.0979845809936517,4.2944869661331175,0.0,0.0,nan,nan,nan,nan,nan,nan,nan,nan,nan,nan,4704,-0.0009025254976469998,0.010752244200557471,1.5119376182556152,-0.007461987948045134,0.027102281898260118,0.027102281898260118,0.04982127770781517,0.0018477021432778714,0.005131249921396375,0.7715098261833191,1.0,0.00789423076923077,0.0005385576923076923,2,0.0,0.0,0.0
147,473600,-730.0881004333496,-7.300881056785584,-730.0881004333496,-7.300881056785584,0.0,730.0881004333496,7.300881056785584,101.66568946838379,1.016656880378723,3.9366093397140505,0.0,0.0,nan,nan,nan,nan,nan,nan,nan,nan,nan,nan,4736,-0.0007733127125073124,0.015358145348727703,1.476211416721344,-0.004726502019912005,0.02578209638595581,0.02578209638595581,0.06757732816040515,0.0017276476864942394,0.0020500000566244124,0.64183509349823,1.0,0.007879807692307693,0.000537451923076923,2,0.0,0.0,0.0
148,476800,-746.2264127731323,-7.4622640752792355,-746.2264127731323,-7.4622640752792355,0.0,746.2264127731323,7.4622640752792355,85.52737712860107,0.8552738618850713,3.2653645205497743,0.0,0.0,nan,nan,nan,nan,nan,nan,nan,nan,nan,nan,4768,-0.0006278892329632413,0.014147007837891579,1.4432066440582276,-0.004905760055407882,0.02867441587150097,0.02867441587150097,0.054371752217411994,0.0015177418768878305,0.003309375059325248,0.7496004104614258,1.0,0.007865384615384614,0.0005363461538461539,2,0.0,0.0,0.0
149,480000,-890.550666809082,-8.905506620407104,-890.550666809082,-8.905506620407104,0.0,890.550666809082,8.905506620407104,-58.79687690734863,-0.5879686832427975,4.703549885749817,0.0,0.0,nan,nan,nan,nan,nan,nan,nan,nan,nan,nan,4800,-0.0008412815529859508,0.021075192745774983,1.4467466354370118,-0.001662037707865238,0.047646616026759146,0.047646616026759146,0.07613887712359428,0.001551921679857293,0.004168749949894845,0.611538290977478,1.0,0.00785096153846154,0.0005352403846153847,2,0.0,0.0,0.0
150,483200,-844.4448862075806,-8.444448566436767,-844.4448862075806,-8.444448566436767,0.0,844.4448862075806,8.444448566436767,-12.691096305847168,-0.12691062927246044,4.529626579284668,0.0,0.0,nan,nan,nan,nan,nan,nan,nan,nan,nan,nan,4832,-0.00020063517444288693,0.01734779654070735,1.4486906766891479,-0.0028794568963348864,0.021709966100752355,0.021709966100752355,0.06207948699593544,0.0014342551330635098,0.002146874979371205,0.6247211694717407,1.0,0.00783653846153846,0.0005341346153846154,2,0.0,0.0,0.0
151,486400,-775.2850570678711,-7.752850747108459,-775.2850570678711,-7.752850747108459,0.0,775.2850570678711,7.752850747108459,56.468732833862305,0.5646871900558477,4.110290198326111,0.0,0.0,nan,nan,nan,nan,nan,nan,nan,nan,nan,nan,4864,-0.0005904219486895457,0.01197794359177351,1.4474501013755798,-0.005923571158200502,0.02333565317094326,0.02333565317094326,0.05151545368134976,0.0005414788257446525,0.00012812500281143003,0.7926986217498779,1.0,0.007822115384615384,0.0005330288461538462,2,0.0,0.0,0.0
152,489600,-798.9958915710449,-7.989958891868591,-798.9958915710449,-7.989958891868591,0.0,798.9958915710449,7.989958891868591,32.75789833068848,0.3275790452957157,3.8857736349105836,0.0,0.0,nan,nan,nan,nan,nan,nan,nan,nan,nan,nan,4896,-0.0005732766879024354,0.008445082278922201,1.4657867431640625,-0.007795147737488151,0.03291547615081072,0.03291547615081072,0.04324227869510651,0.0019364675688855186,0.009512499906122684,0.8423424363136292,1.0,0.007807692307692307,0.000531923076923077,2,0.0,0.0,0.0
153,492800,-875.6904239654541,-8.75690426826477,-875.6904239654541,-8.75690426826477,0.0,875.6904239654541,8.75690426826477,-43.9366340637207,-0.4393663311004641,4.949539346694946,0.0,0.0,nan,nan,nan,nan,nan,nan,nan,nan,nan,nan,4928,-0.0006087725808262334,0.012380699254572391,1.4849040627479553,-0.005990679981186986,0.03209674526005983,0.03209674526005983,0.04994235746562481,0.0012975038964220902,0.003609375044470653,0.7356483936309814,1.0,0.00779326923076923,0.0005308173076923077,2,0.0,0.0,0.0
154,496000,-773.2165441513062,-7.73216543674469,-773.2165441513062,-7.73216543674469,0.0,773.2165441513062,7.73216543674469,58.537245750427246,0.5853725004196164,3.832690327167511,0.0,0.0,nan,nan,nan,nan,nan,nan,nan,nan,nan,nan,4960,-0.00039332072677646936,0.018644775729626417,1.5061343908309937,-0.0027869206853210924,0.03312161806970835,0.03312161806970835,0.06704049855470658,0.0015187115139276407,0.006584375025704503,0.6263588070869446,1.0,0.0077788461538461535,0.0005297115384615385,2,0.0,0.0,0.0
155,499200,-821.8187255859375,-8.218187427520752,-821.8187255859375,-8.218187427520752,0.0,821.8187255859375,8.218187427520752,9.935064315795898,0.09935050964355518,4.237332935333252,0.0,0.0,nan,nan,nan,nan,nan,nan,nan,nan,nan,nan,4992,-0.0007184453027904603,0.012654047179967164,1.5028831601142882,-0.006060442561283708,0.026994849927723406,0.026994849927723406,0.06048811487853527,0.0014100947453704973,0.003587499901186675,0.7427114248275757,1.0,0.007764423076923077,0.0005286057692307693,2,0.0,0.0,0.0
156,502400,-754.5616054534912,-7.545616087913513,-754.5616054534912,-7.545616087913513,0.0,754.5616054534912,7.545616087913513,77.19218444824219,0.771921849250794,3.74049076795578,0.0,0.0,nan,nan,nan,nan,nan,nan,nan,nan,nan,nan,5024,-0.00036437209163571184,0.008877557795494794,1.4815948486328125,-0.007407953217625618,0.02803433332592249,0.02803433332592249,0.04185920171439648,0.0002894195284177207,0.0,0.7969080209732056,1.0,0.00775,0.0005275,2,0.0,0.0,0.0
157,505600,-781.2046384811401,-7.812046670913697,-781.2046384811401,-7.812046670913697,0.0,781.2046384811401,7.812046670913697,50.54915142059326,0.5054912662506101,3.9943289947509766,0.0,0.0,nan,nan,nan,nan,nan,nan,nan,nan,nan,nan,5056,-0.00029595965410731393,0.009195392578840255,1.4845420718193054,-0.007182052778080106,0.024770472012460232,0.024770472012460232,0.049012153223156926,0.000663997651646001,2.1875000675208868e-05,0.7116623520851135,1.0,0.007735576923076923,0.0005263942307692308,2,0.0,0.0,0.0
158,508800,-876.0593729019165,-8.760593767166137,-876.0593729019165,-8.760593767166137,0.0,876.0593729019165,8.760593767166137,-44.305583000183105,-0.44305583000183013,3.779049849510193,0.0,0.0,nan,nan,nan,nan,nan,nan,nan,nan,nan,nan,5088,-0.001103582306261519,0.017821027711033822,1.4946498274803162,-0.003733489941805601,0.06163961999118328,0.06163961999118328,0.06871912442147732,0.002477113075293081,0.013731250073760748,0.5422239899635315,1.0,0.007721153846153846,0.0005252884615384616,2,0.0,0.0,0.0
159,512000,-905.1260299682617,-9.051260223388672,-905.1260299682617,-9.051260223388672,0.0,905.1260299682617,9.051260223388672,-73.37224006652832,-0.7337222862243653,4.759386205673218,0.0,0.0,nan,nan,nan,nan,nan,nan,nan,nan,nan,nan,5120,-0.0008651934615802048,0.017000702023506165,1.4748684763908386,-0.0037312564440071584,0.044043293222784996,0.044043293222784996,0.06435328014194966,0.0024361913288891944,0.01040625013411045,0.6438238024711609,1.0,0.0077067307692307695,0.0005241826923076923,2,0.0,0.0,0.0
160,515200,-832.3790626525879,-8.323790483474731,-832.3790626525879,-8.323790483474731,0.0,832.3790626525879,8.323790483474731,-0.6252727508544922,-0.006252546310424378,3.9895625138282775,0.0,0.0,-566.4321138858795,-5.664321138858795,-566.4321138858795,-5.664321138858795,100.0,3.3045909357070924,0.0,0.0,566.4321138858795,-12.10317349433899,5152,-0.0008819562514196022,0.018234035186469554,1.4708336472511292,-0.0030790437012910843,0.03734254986047745,0.03734254986047745,0.07171230427920819,0.001820375475654838,0.004015624936437234,0.563951849937439,1.0,0.007692307692307693,0.0005230769230769231,2,0.0,0.0,0.0
161,518400,-815.7197523117065,-8.157197914123536,-815.7197523117065,-8.157197914123536,0.0,815.7197523117065,8.157197914123536,16.034037590026855,0.16034002304077077,4.043584527969361,0.0,0.0,nan,nan,nan,nan,nan,nan,nan,nan,nan,nan,5184,-0.0007483670179790458,0.0193688303232193,1.4845882534980774,-0.002462449437007308,0.04700484573841095,0.04700484573841095,0.07015421316027641,0.0018041311319400163,0.009846874792128802,0.460873007774353,1.0,0.007677884615384615,0.0005219711538461539,2,0.0,0.0,0.0
162,521600,-759.3629713058472,-7.593629369735718,-759.3629713058472,-7.593629369735718,0.0,759.3629713058472,7.593629369735718,72.39081859588623,0.7239085674285892,3.649516885280609,0.0,0.0,nan,nan,nan,nan,nan,nan,nan,nan,nan,nan,5216,-0.0007320755900844134,0.016707271710038184,1.4970577359199524,-0.003851083805784583,0.028148603439331055,0.028148603439331055,0.06252863705158233,0.001006332684847325,0.0015843749977648258,0.4814382791519165,1.0,0.007663461538461538,0.0005208653846153846,2,0.0,0.0,0.0
163,524800,-823.127477645874,-8.231274452209473,-823.127477645874,-8.231274452209473,0.0,823.127477645874,8.231274452209473,8.626312255859375,0.08626348495483427,4.809426288604737,0.0,0.0,nan,nan,nan,nan,nan,nan,nan,nan,nan,nan,5248,-0.0008129029469273519,0.015385116450488567,1.4698541760444641,-0.004363315505906939,0.0376499954611063,0.0376499954611063,0.05886346474289894,0.001689660192278781,0.005959375115344301,0.5728322267532349,1.0,0.0076490384615384615,0.0005197596153846154,2,0.0,0.0,0.0
164,528000,-904.189603805542,-9.041895999908448,-904.189603805542,-9.041895999908448,0.0,904.189603805542,9.041895999908448,-72.4358139038086,-0.724358062744141,4.633972225189209,0.0,0.0,nan,nan,nan,nan,nan,nan,nan,nan,nan,nan,5280,-0.0005381363858051102,0.01575388675555587,1.456548035144806,-0.0037813771050423384,0.03504699133336544,0.03504699133336544,0.05887626223266125,0.0010676059959230772,0.0001468749949708581,0.6830939054489136,1.0,0.007634615384615385,0.0005186538461538462,2,0.0,0.0,0.0
165,531200,-794.8162536621094,-7.948162240982056,-794.8162536621094,-7.948162240982056,0.0,794.8162536621094,7.948162240982056,36.93753623962402,0.3693756961822512,3.794443666934967,0.0,0.0,nan,nan,nan,nan,nan,nan,nan,nan,nan,nan,5312,-0.0005707752546776135,0.011472177971154452,1.4578554153442382,-0.005943824583664536,0.037759315222501755,0.037759315222501755,0.04812022224068642,0.0014191504422349534,0.0012687499867752195,0.6713337898254395,1.0,0.007620192307692307,0.0005175480769230769,2,0.0,0.0,0.0
166,534400,-791.7966585159302,-7.9179666185379025,-791.7966585159302,-7.9179666185379025,0.0,791.7966585159302,7.9179666185379025,39.95713138580322,0.39957131862640427,4.181058473587036,0.0,0.0,nan,nan,nan,nan,nan,nan,nan,nan,nan,nan,5344,-0.0006361347035679366,0.011903366446495056,1.464666974544525,-0.005824370589107275,0.043293082341551783,0.043293082341551783,0.046800403669476506,0.002878360009345456,0.016090624663047493,0.7856988906860352,1.0,0.00760576923076923,0.0005164423076923077,2,0.0,0.0,0.0
167,537600,-780.2285490036011,-7.802285375595093,-780.2285490036011,-7.802285375595093,0.0,780.2285490036011,7.802285375595093,51.525240898132324,0.5152525615692136,3.5591272950172423,0.0,0.0,nan,nan,nan,nan,nan,nan,nan,nan,nan,nan,5376,-0.0009432468398008709,0.018474670127034187,1.447930145263672,-0.002697650948539376,0.0325323186814785,0.0325323186814785,0.05763831995427608,0.002124369803642185,0.006146874866681173,0.6482030153274536,1.0,0.007591346153846153,0.0005153365384615385,2,0.0,0.0,0.0
168,540800,-778.2487001419067,-7.782487082481384,-778.2487001419067,-7.782487082481384,0.0,778.2487001419067,7.782487082481384,53.50508975982666,0.5350508546829227,4.17083137512207,0.0,0.0,nan,nan,nan,nan,nan,nan,nan,nan,nan,nan,5408,-0.0008101599469883425,0.008907147590070963,1.4503241777420044,-0.0073455807752907274,0.03819451294839382,0.03819451294839382,0.04311672486364841,0.0013378871730317856,0.007149999914690852,0.7297563552856445,1.0,0.007576923076923077,0.0005142307692307692,2,0.0,0.0,0.0
169,544000,-821.2011384963989,-8.21201132774353,-821.2011384963989,-8.21201132774353,0.0,821.2011384963989,8.21201132774353,10.552651405334473,0.1055266094207763,4.070330407619476,0.0,0.0,nan,nan,nan,nan,nan,nan,nan,nan,nan,nan,5440,-0.0007911841190653135,0.008333798870444298,1.4600348234176637,-0.007665798021480441,0.04378008618950844,0.04378008618950844,0.035746083967387675,0.0022465983238369657,0.008862500195391476,0.824160635471344,1.0,0.0075625,0.000513125,2,0.0,0.0,0.0
170,547200,-820.6989679336548,-8.206989755630493,-820.6989679336548,-8.206989755630493,0.0,820.6989679336548,8.206989755630493,11.054821968078613,0.1105481815338134,4.483856568336487,0.0,0.0,nan,nan,nan,nan,nan,nan,nan,nan,nan,nan,5472,-0.0009792787285638482,0.012659239210188388,1.462156343460083,-0.005686127860099077,0.041941259801387784,0.041941259801387784,0.044760105386376384,0.0013849413353462434,0.0030250000476371498,0.605703592300415,1.0,0.007548076923076923,0.0005120192307692308,2,0.0,0.0,0.0
171,550400,-865.129096031189,-8.6512912940979,-865.129096031189,-8.6512912940979,0.0,865.129096031189,8.6512912940979,-33.375306129455566,-0.33375335693359354,5.195151038169861,0.0,0.0,nan,nan,nan,nan,nan,nan,nan,nan,nan,nan,5504,-0.0006442062802554549,0.02716394402086735,1.458241093158722,0.0019518825225532054,0.05253092367202043,0.05253092367202043,0.06406231559813022,0.002400734737603516,0.019459375267615542,0.546973705291748,1.0,0.007533653846153846,0.0005109134615384615,2,0.0,0.0,0.0
172,553600,-807.6168251037598,-8.076168041229248,-807.6168251037598,-8.076168041229248,0.0,807.6168251037598,8.076168041229248,24.136964797973633,0.2413698959350583,4.361850461959839,0.0,0.0,nan,nan,nan,nan,nan,nan,nan,nan,nan,nan,5536,-0.00035705926375522167,0.01857815496623516,1.4468024253845215,-0.0019468230661004783,0.02330237366259098,0.02330237366259098,0.05965057611465454,0.0011431519633341102,0.0022468749550171195,0.6711657047271729,1.0,0.007519230769230769,0.0005098076923076923,2,0.0,0.0,0.0
173,556800,-871.7777767181396,-8.717777814865112,-871.7777767181396,-8.717777814865112,0.0,871.7777767181396,8.717777814865112,-40.02398681640625,-0.4002398777008054,4.478981785774231,0.0,0.0,nan,nan,nan,nan,nan,nan,nan,nan,nan,nan,5568,-0.0010177797997545034,0.018959853518754243,1.460458755493164,-0.0024983152281492947,0.042767076566815374,0.042767076566815374,0.05731307193636894,0.0009857647364704164,0.0031375000718981026,0.6423811912536621,1.0,0.007504807692307693,0.0005087019230769231,2,0.0,0.0,0.0
174,560000,-833.3923358917236,-8.33392333984375,-833.3923358917236,-8.33392333984375,0.0,833.3923358917236,8.33392333984375,-1.6385459899902344,-0.016385402679443217,4.193774075508117,0.0,0.0,nan,nan,nan,nan,nan,nan,nan,nan,nan,nan,5600,-0.0003591243711940528,0.018611231260001658,1.4538756012916565,-0.0019435958471149205,0.025023707561194895,0.025023707561194895,0.06748490035533905,0.0008545633700130565,0.0005593749927356839,0.5202564001083374,1.0,0.007490384615384616,0.0005075961538461538,2,0.0,0.0,0.0
175,563200,-844.3799200057983,-8.443799381256104,-844.3799200057983,-8.443799381256104,0.0,844.3799200057983,8.443799381256104,-12.626130104064941,-0.12626144409179751,4.447182936668396,0.0,0.0,nan,nan,nan,nan,nan,nan,nan,nan,nan,nan,5632,-0.0006359143515990873,0.020180637296289206,1.4498108148574829,-0.0013843256514519454,0.02948627956211567,0.02948627956211567,0.06539376825094223,0.0009142385530147096,0.0016343750059604645,0.5592629313468933,1.0,0.007475961538461539,0.0005064903846153846,2,0.0,0.0,0.0
176,566400,-836.4093542098999,-8.364093399047851,-836.4093542098999,-8.364093399047851,0.0,836.4093542098999,8.364093399047851,-4.655564308166504,-0.046555461883544424,4.342503972053528,0.0,0.0,nan,nan,nan,nan,nan,nan,nan,nan,nan,nan,5664,-0.0006184675446740562,0.009555167984217405,1.4675798535346984,-0.006791287148371339,0.02886540051549673,0.02886540051549673,0.04110378958284855,0.0012243722092541668,0.0025499999057501553,0.8095659017562866,1.0,0.007461538461538461,0.0005053846153846154,2,0.0,0.0,0.0
177,569600,-804.6157426834106,-8.046157388687133,-804.6157426834106,-8.046157388687133,0.0,804.6157426834106,8.046157388687133,27.138047218322754,0.27138054847717363,4.044340286254883,0.0,0.0,nan,nan,nan,nan,nan,nan,nan,nan,nan,nan,5696,-0.0010791668606980665,0.018311349023133517,1.4521421790122986,-0.002737763058394194,0.05893171615898609,0.05893171615898609,0.0605032704770565,0.0026699223413750458,0.02059687514556572,0.648473858833313,1.0,0.0074471153846153845,0.0005042788461538461,2,0.0,0.0,0.0
178,572800,-874.1427059173584,-8.74142707824707,-874.1427059173584,-8.74142707824707,0.0,874.1427059173584,8.74142707824707,-42.388916015625,-0.4238891410827641,4.122210173606873,0.0,0.0,nan,nan,nan,nan,nan,nan,nan,nan,nan,nan,5728,-0.0007875271605152889,0.01759432377293706,1.4587172150611878,-0.0028325614519417288,0.03676048070192337,0.03676048070192337,0.0625061634927988,0.0019382369508100811,0.00802500017452985,0.671282172203064,1.0,0.007432692307692308,0.000503173076923077,2,0.0,0.0,0.0
179,576000,-782.2003936767578,-7.8220038318634035,-782.2003936767578,-7.8220038318634035,0.0,782.2003936767578,7.8220038318634035,49.553396224975586,0.49553410530090325,4.206111307144165,0.0,0.0,nan,nan,nan,nan,nan,nan,nan,nan,nan,nan,5760,-0.00037155273567623937,0.013352959137409925,1.460928726196289,-0.004532635631039739,0.026537036150693895,0.026537036150693895,0.05023865140974522,0.00044900238208426066,2.5000001187436283e-05,0.7366329431533813,1.0,0.007418269230769231,0.0005020673076923078,2,0.0,0.0,0.0
180,579200,-902.8042402267456,-9.028041963577271,-902.8042402267456,-9.028041963577271,0.0,902.8042402267456,9.028041963577271,-71.0504503250122,-0.7105040264129645,5.102131752967835,0.0,0.0,-600.8790748119354,-6.008790748119354,-600.8790748119354,-6.008790748119354,100.0,3.5934207153320314,0.0,0.0,600.8790748119354,-46.5501344203949,5792,-0.0007855749746726315,0.015892523247748612,1.4716939806938172,-0.0037355093751102685,0.03734279666095972,0.03734279666095972,0.070268065482378,0.0013181699636340965,0.006850000005215406,0.6513912677764893,1.0,0.007403846153846154,0.0005009615384615384,2,0.0,0.0,0.0
181,582400,-767.3325901031494,-7.673326210975647,-767.3325901031494,-7.673326210975647,0.0,767.3325901031494,7.673326210975647,64.42119979858398,0.6442117261886597,3.643222405910492,0.0,0.0,nan,nan,nan,nan,nan,nan,nan,nan,nan,nan,5824,-0.0006429252305504285,0.011743264645338059,1.5069628596305846,-0.005906878830865025,0.027988043241202833,0.027988043241202833,0.05039215125143528,0.0007886138288091919,0.0020031250081956387,0.7495051622390747,1.0,0.007389423076923076,0.0004998557692307693,2,0.0,0.0,0.0
182,585600,-932.9231281280518,-9.32923095703125,-932.9231281280518,-9.32923095703125,0.0,932.9231281280518,9.32923095703125,-101.16933822631836,-1.011693019866943,4.825922813415527,0.0,0.0,nan,nan,nan,nan,nan,nan,nan,nan,nan,nan,5856,-0.0003838620174948737,0.02002698490396142,1.5088718295097352,-0.0014982993248850106,0.02148698251694441,0.02148698251694441,0.07178936935961247,0.0005374390908406708,0.0,0.5380268096923828,1.0,0.007375,0.00049875,2,0.0,0.0,0.0
183,588800,-802.4716968536377,-8.024716763496398,-802.4716968536377,-8.024716763496398,0.0,802.4716968536377,8.024716763496398,29.282093048095703,0.2928211736679085,4.014402396678925,0.0,0.0,nan,nan,nan,nan,nan,nan,nan,nan,nan,nan,5888,-0.0007192002393159758,0.012027110066264867,1.5093077421188354,-0.005815021274611354,0.027570663765072823,0.027570663765072823,0.05606694035232067,0.001124458726554295,0.0,0.7114099264144897,1.0,0.007360576923076923,0.0004976442307692308,2,0.0,0.0,0.0
184,592000,-833.6614990234375,-8.336615295410157,-833.6614990234375,-8.336615295410157,0.0,833.6614990234375,8.336615295410157,-1.9077091217041016,-0.019077358245850107,3.941885652542114,0.0,0.0,nan,nan,nan,nan,nan,nan,nan,nan,nan,nan,5920,-0.00043984221875872367,0.02051985329017043,1.4929797172546386,-0.001147574046626687,0.020784842781722546,0.020784842781722546,0.06804311946034432,0.0009550524206139724,7.187500013969839e-05,0.6372973918914795,1.0,0.007346153846153846,0.0004965384615384616,2,0.0,0.0,0.0
185,595200,-809.435474395752,-8.094354667663573,-809.435474395752,-8.094354667663573,0.0,809.435474395752,8.094354667663573,22.318315505981445,0.22318326950073342,3.5900900077819826,0.0,0.0,nan,nan,nan,nan,nan,nan,nan,nan,nan,nan,5952,-0.0007565943807450459,0.010676898481324314,1.484264063835144,-0.0063003696035593745,0.04234264101833105,0.04234264101833105,0.05346829742193222,0.001295361323901191,0.004703124891966582,0.6852649450302124,1.0,0.007331730769230769,0.0004954326923076924,2,0.0,0.0,0.0
186,598400,-833.4051647186279,-8.334051513671875,-833.4051647186279,-8.334051513671875,0.0,833.4051647186279,8.334051513671875,-1.6513748168945312,-0.016513576507568573,3.670935606956482,0.0,0.0,nan,nan,nan,nan,nan,nan,nan,nan,nan,nan,5984,-0.0006778622347978214,0.015228522941470146,1.5102281808853149,-0.00411440534517169,0.03758084792643786,0.03758084792643786,0.05607651732861996,0.0011193602596910371,0.0036312499549239876,0.7301360368728638,1.0,0.007317307692307692,0.0004943269230769231,2,0.0,0.0,0.0
187,601600,-807.4104518890381,-8.074104499816894,-807.4104518890381,-8.074104499816894,0.0,807.4104518890381,8.074104499816894,24.343338012695312,0.24343343734741296,3.317833468914032,0.0,0.0,nan,nan,nan,nan,nan,nan,nan,nan,nan,nan,6016,-0.0006240698031499293,0.02129293084144592,1.5012407541275024,-0.0009409921243786812,0.029920338466763497,0.029920338466763497,0.06662193834781646,0.0008587408956379303,5.312500288709998e-05,0.2947821021080017,1.0,0.007302884615384616,0.0004932211538461539,2,0.0,0.0,0.0
188,604800,-793.9714679718018,-7.939714517593384,-793.9714679718018,-7.939714517593384,0.0,793.9714679718018,7.939714517593384,37.78232192993164,0.37782341957092314,4.378702511787415,0.0,0.0,nan,nan,nan,nan,nan,nan,nan,nan,nan,nan,6048,-0.0007210269709001516,0.013094870746135712,1.51600741147995,-0.005222953343763948,0.030194810777902602,0.030194810777902602,0.05766596868634224,0.0015198962057190036,0.0026812500072992407,0.7163645029067993,1.0,0.007288461538461539,0.0004921153846153847,2,0.0,0.0,0.0
189,608000,-820.3012561798096,-8.203012742996215,-820.3012561798096,-8.203012742996215,0.0,820.3012561798096,8.203012742996215,11.452533721923828,0.11452519416809182,4.564771275520325,0.0,0.0,nan,nan,nan,nan,nan,nan,nan,nan,nan,nan,6080,-0.0008294119999511906,0.018965497333556413,1.5106846809387207,-0.002335442369803786,0.02634943090379238,0.02634943090379238,0.06294265389442444,0.0015578866583388434,0.0007499999948777259,0.641390323638916,1.0,0.007274038461538462,0.0004910096153846154,2,0.0,0.0,0.0
190,611200,-825.0829906463623,-8.250829763412476,-825.0829906463623,-8.250829763412476,0.0,825.0829906463623,8.250829763412476,6.670799255371094,0.06670817375183091,4.5680717182159425,0.0,0.0,nan,nan,nan,nan,nan,nan,nan,nan,nan,nan,6112,-0.0006052190833201188,0.0128444729372859,1.4938832998275757,-0.00502800066024065,0.02947855517268181,0.02947855517268181,0.054216421023011205,0.0012182876205776402,0.0,0.6571376323699951,1.0,0.007259615384615385,0.0004899038461538462,2,0.0,0.0,0.0
191,614400,-810.9419450759888,-8.10941948890686,-810.9419450759888,-8.10941948890686,0.0,810.9419450759888,8.10941948890686,20.81184482574463,0.20811844825744608,4.050410118103027,0.0,0.0,nan,nan,nan,nan,nan,nan,nan,nan,nan,nan,6144,-0.000570500419321629,0.0217438287101686,1.4874258637428284,-0.000475272536277771,0.03759247437119484,0.03759247437119484,0.0685589924454689,0.0014448879581329447,0.0073656251945067195,0.5821892619132996,1.0,0.0072451923076923075,0.0004887980769230769,2,0.0,0.0,0.0
192,617600,-797.1367797851562,-7.971367340087891,-797.1367797851562,-7.971367340087891,0.0,797.1367797851562,7.971367340087891,34.61701011657715,0.34617059707641573,3.9022976684570314,0.0,0.0,nan,nan,nan,nan,nan,nan,nan,nan,nan,nan,6176,-0.0004619484453449729,0.013690083939582109,1.4964712738990784,-0.004437545081600547,0.03501726407557726,0.03501726407557726,0.05036857128143311,0.000596105405566686,0.0004906249974737875,0.7712140083312988,1.0,0.00723076923076923,0.0004876923076923077,2,0.0,0.0,0.0
193,620800,-854.3475389480591,-8.543475456237793,-854.3475389480591,-8.543475456237793,0.0,854.3475389480591,8.543475456237793,-22.593749046325684,-0.22593751907348647,4.300118274688721,0.0,0.0,nan,nan,nan,nan,nan,nan,nan,nan,nan,nan,6208,-0.0004495254532870696,0.024280381202697755,1.478847324848175,0.001018791226670146,0.025884219072759153,0.025884219072759153,0.07056378908455371,0.0009906124963896998,0.0005968750105239451,0.31894373893737793,1.0,0.007216346153846153,0.0004865865384615385,2,0.0,0.0,0.0
194,624000,-848.5532217025757,-8.485532579421998,-848.5532217025757,-8.485532579421998,0.0,848.5532217025757,8.485532579421998,-16.799431800842285,-0.16799464225769078,4.488143720626831,0.0,0.0,nan,nan,nan,nan,nan,nan,nan,nan,nan,nan,6240,-0.0004818606013432092,0.013777443487197161,1.4875353455543519,-0.004306254023686051,0.02383485659956932,0.02383485659956932,0.05601287856698036,0.0004995172517744288,0.0,0.6272367238998413,1.0,0.007201923076923076,0.0004854807692307692,2,0.0,0.0,0.0
195,627200,-843.2004528045654,-8.432004442214966,-843.2004528045654,-8.432004442214966,0.0,843.2004528045654,8.432004442214966,-11.446662902832031,-0.11446650505065925,3.9359062719345093,0.0,0.0,nan,nan,nan,nan,nan,nan,nan,nan,nan,nan,6272,-0.00088224280178546,0.01706172674894333,1.4854029297828675,-0.00302771320566535,0.03329582456499338,0.03329582456499338,0.05440163388848305,0.001168490308192039,0.0008562499773688614,0.5843859910964966,1.0,0.0071874999999999994,0.000484375,2,0.0,0.0,0.0
196,630400,-793.3104381561279,-7.933104538917542,-793.3104381561279,-7.933104538917542,0.0,793.3104381561279,7.933104538917542,38.44335174560547,0.3844333982467649,3.624090931415558,0.0,0.0,nan,nan,nan,nan,nan,nan,nan,nan,nan,nan,6304,-0.0007318748526479624,0.013225634954869748,1.4844458460807801,-0.004767101304605603,0.05073041394352913,0.05073041394352913,0.049111292138695715,0.0011352817280573901,0.0028499998967163264,0.7691434025764465,1.0,0.007173076923076923,0.0004832692307692308,2,0.0,0.0,0.0
197,633600,-892.6281032562256,-8.926281023025513,-892.6281032562256,-8.926281023025513,0.0,892.6281032562256,8.926281023025513,-60.87431335449219,-0.6087430858612066,5.078973054885864,0.0,0.0,nan,nan,nan,nan,nan,nan,nan,nan,nan,nan,6336,-0.000719734098258773,0.020447557978332042,1.4667389273643494,-0.0009958313312381506,0.034153195284307006,0.034153195284307006,0.06257563903927803,0.0018086608906748912,0.004768750164657831,0.5151413083076477,1.0,0.007158653846153846,0.00048216346153846155,2,0.0,0.0,0.0
198,636800,-855.9213590621948,-8.55921365737915,-855.9213590621948,-8.55921365737915,0.0,855.9213590621948,8.55921365737915,-24.167569160461426,-0.24167572021484318,4.740496230125427,0.0,0.0,nan,nan,nan,nan,nan,nan,nan,nan,nan,nan,6368,-0.0005832273220992557,0.0295423723757267,1.4536942481994628,0.003802431561052799,0.0277428949251771,0.0277428949251771,0.08319273479282856,0.0008273964955158206,0.0002781250048428774,0.40194910764694214,1.0,0.007144230769230769,0.0004810576923076923,2,0.0,0.0,0.0
199,640000,-821.062744140625,-8.210627346038818,-821.062744140625,-8.210627346038818,0.0,821.062744140625,8.210627346038818,10.691045761108398,0.10691059112548906,4.279669713973999,0.0,0.0,nan,nan,nan,nan,nan,nan,nan,nan,nan,nan,6400,-0.0006377809990167904,0.01632697181776166,1.4655377507209777,-0.002923297416418791,0.034630057588219645,0.034630057588219645,0.05571311078965664,0.0012378480139893483,0.005250000033265678,0.5921887159347534,1.0,0.007129807692307692,0.0004799519230769231,2,0.0,0.0,0.0
200,643200,-866.3387413024902,-8.663387489318847,-866.3387413024902,-8.663387489318847,0.0,866.3387413024902,8.663387489318847,-34.584951400756836,-0.34584955215454016,4.7669616174697875,0.0,0.0,-586.3802609443665,-5.863802609443664,-586.3802609443665,-5.863802609443664,100.0,3.8628037929534913,0.0,0.0,586.3802609443665,-32.05132055282593,6432,-0.0005838519816723676,0.013914817199110984,1.4980775713920593,-0.004285841481760144,0.039760864526033404,0.039760864526033404,0.04803816862404346,0.00136914777685952,0.0036031249444931747,0.6929969787597656,1.0,0.007115384615384615,0.0004788461538461538,2,0.0,0.0,0.0
201,646400,-805.967755317688,-8.059677648544312,-805.967755317688,-8.059677648544312,0.0,805.967755317688,8.059677648544312,25.78603458404541,0.25786028861999455,3.634966115951538,0.0,0.0,nan,nan,nan,nan,nan,nan,nan,nan,nan,nan,6464,-0.0011446652151178682,0.015988504979759455,1.5112765312194825,-0.0038819294422864914,0.06649505160748959,0.06649505160748959,0.053046933561563495,0.0025163217622327307,0.026071874506305902,0.6545449495315552,1.0,0.007100961538461539,0.0004777403846153846,2,0.0,0.0,0.0
202,649600,-779.2454309463501,-7.792454371452331,-779.2454309463501,-7.792454371452331,0.0,779.2454309463501,7.792454371452331,52.5083589553833,0.5250835657119755,4.137700567245483,0.0,0.0,nan,nan,nan,nan,nan,nan,nan,nan,nan,nan,6496,-0.00038336442673099215,0.016061982791870832,1.5060363292694092,-0.0030249571427702904,0.027399255894124508,0.027399255894124508,0.057895215973258016,0.0013759400855639368,0.00041562500409781934,0.5659499168395996,1.0,0.007086538461538462,0.00047663461538461537,2,0.0,0.0,0.0
203,652800,-774.2125082015991,-7.742124676704407,-774.2125082015991,-7.742124676704407,0.0,774.2125082015991,7.742124676704407,57.54128170013428,0.5754132604599,4.102984991073608,0.0,0.0,nan,nan,nan,nan,nan,nan,nan,nan,nan,nan,6528,-0.0004907583887459488,0.014186376240104437,1.5069519519805907,-0.004054908128455281,0.03567584492266178,0.03567584492266178,0.055880287662148476,0.0009547446978109868,0.0015187499753665178,0.6541581749916077,1.0,0.007072115384615385,0.0004755288461538461,2,0.0,0.0,0.0
204,656000,-833.1645565032959,-8.331645908355712,-833.1645565032959,-8.331645908355712,0.0,833.1645565032959,8.331645908355712,-1.4107666015625,-0.01410797119140561,4.250369958877563,0.0,0.0,nan,nan,nan,nan,nan,nan,nan,nan,nan,nan,6560,-0.0005516840652504574,0.018946305569261312,1.524844264984131,-0.0018404130823910236,0.02938779443502426,0.02938779443502426,0.06203593462705612,0.0015759820147656113,0.004496874986216426,0.5278260707855225,1.0,0.007057692307692307,0.0004744230769230769,2,0.0,0.0,0.0
205,659200,-827.5446290969849,-8.27544617652893,-827.5446290969849,-8.27544617652893,0.0,827.5446290969849,8.27544617652893,4.209160804748535,0.04209176063537612,4.214300518035889,0.0,0.0,nan,nan,nan,nan,nan,nan,nan,nan,nan,nan,6592,-0.0005151989263762147,0.019534877594560386,1.5299232482910157,-0.0015234217513352632,0.038401602581143376,0.038401602581143376,0.06332216523587704,0.0005041873160740683,0.0,0.5949571132659912,1.0,0.0070432692307692306,0.00047331730769230773,2,0.0,0.0,0.0
206,662400,-796.7880191802979,-7.967880144119262,-796.7880191802979,-7.967880144119262,0.0,796.7880191802979,7.967880144119262,34.96577072143555,0.3496577930450444,3.9175671458244326,0.0,0.0,nan,nan,nan,nan,nan,nan,nan,nan,nan,nan,6624,-0.0005959975213219338,0.018564705923199653,1.532867395877838,-0.0020879335235804318,0.04412661381065845,0.04412661381065845,0.062033114954829216,0.001995265027654212,0.011290624798857608,0.45909374952316284,1.0,0.007028846153846154,0.0004722115384615385,2,0.0,0.0,0.0
207,665600,-808.9724988937378,-8.089724721908569,-808.9724988937378,-8.089724721908569,0.0,808.9724988937378,8.089724721908569,22.781291007995605,0.22781321525573794,4.162882122993469,0.0,0.0,nan,nan,nan,nan,nan,nan,nan,nan,nan,nan,6656,-0.0006204683745236305,0.01632193149998784,1.5444326877593995,-0.003292806772515178,0.03405773527920246,0.03405773527920246,0.05916543416678906,0.0010519795261648747,3.75000003259629e-05,0.26005762815475464,1.0,0.007014423076923077,0.00047110576923076923,2,0.0,0.0,0.0
208,668800,-808.2331132888794,-8.082331075668336,-808.2331132888794,-8.082331075668336,0.0,808.2331132888794,8.082331075668336,23.520676612854004,0.23520686149597125,3.5814840531349184,0.0,0.0,nan,nan,nan,nan,nan,nan,nan,nan,nan,nan,6688,-0.0006233175511704658,0.018612167704850434,1.5421307682991028,-0.0021121494472026827,0.028080781921744347,0.028080781921744347,0.06284195221960545,0.0012466814463555785,0.00029062500689178703,0.3869292736053467,1.0,0.007,0.00047000000000000004,2,0.0,0.0,0.0
209,672000,-769.4073677062988,-7.694073371887207,-769.4073677062988,-7.694073371887207,0.0,769.4073677062988,7.694073371887207,62.34642219543457,0.6234645652771,4.1201624274253845,0.0,0.0,nan,nan,nan,nan,nan,nan,nan,nan,nan,nan,6720,-0.00037471605834653586,0.015660351514816283,1.5323397874832154,-0.0032488175202161074,0.02508280295878649,0.02508280295878649,0.0536512479186058,0.0007502238215243834,7.50000006519258e-05,0.5759973526000977,1.0,0.006985576923076923,0.0004688942307692308,2,0.0,0.0,0.0
210,675200,-822.9859418869019,-8.229859590530396,-822.9859418869019,-8.229859590530396,0.0,822.9859418869019,8.229859590530396,8.767848014831543,0.08767834663391127,4.1413048028945925,0.0,0.0,nan,nan,nan,nan,nan,nan,nan,nan,nan,nan,6752,-0.0006076778966758844,0.015508776530623436,1.536013162136078,-0.0035610736813396215,0.03627713806927204,0.03627713806927204,0.05344623439013958,0.0006650121766147924,0.0,0.5689013004302979,1.0,0.006971153846153846,0.00046778846153846154,2,0.0,0.0,0.0
211,678400,-826.5479936599731,-8.265479850769044,-826.5479936599731,-8.265479850769044,0.0,826.5479936599731,8.265479850769044,5.205796241760254,0.0520580863952631,4.2546457862854,0.0,0.0,nan,nan,nan,nan,nan,nan,nan,nan,nan,nan,6784,-0.0008096642939548371,0.01801731428131461,1.5218937039375304,-0.0023884120397269725,0.04078484065830708,0.04078484065830708,0.06378072947263717,0.001658105658862611,0.004924999852664769,0.35608506202697754,1.0,0.006956730769230769,0.0004666826923076923,2,0.0,0.0,0.0
212,681600,-776.0582733154297,-7.760583024024964,-776.0582733154297,-7.760583024024964,0.0,776.0582733154297,7.760583024024964,55.69551658630371,0.556954913139343,3.5953701663017275,0.0,0.0,nan,nan,nan,nan,nan,nan,nan,nan,nan,nan,6816,-0.0005350603113386754,0.015217927657067776,1.50959974527359,-0.0034062020480632783,0.025639975257217885,0.025639975257217885,0.059903766587376596,0.0008572131355328326,0.0019437499810010194,0.36620885133743286,1.0,0.006942307692307692,0.00046557692307692305,2,0.0,0.0,0.0
213,684800,-784.0066003799438,-7.8400659036636355,-784.0066003799438,-7.8400659036636355,0.0,784.0066003799438,7.8400659036636355,47.74718952178955,0.47747203350067124,4.1421121311187745,0.0,0.0,nan,nan,nan,nan,nan,nan,nan,nan,nan,nan,6848,-0.0005277522089600417,0.014490980003029109,1.4987986087799072,-0.003665765980258584,0.024000613391399382,0.024000613391399382,0.04594167284667492,0.0006439634820714456,0.0,0.5572588443756104,1.0,0.006927884615384615,0.00046447115384615385,2,0.0,0.0,0.0
214,688000,-830.1733264923096,-8.301733140945435,-830.1733264923096,-8.301733140945435,0.0,830.1733264923096,8.301733140945435,1.5804634094238281,0.01580479621887143,3.793376920223236,0.0,0.0,nan,nan,nan,nan,nan,nan,nan,nan,nan,nan,6880,-0.0003357454294309559,0.015567958541214465,1.499036157131195,-0.002915295213460922,0.0252773629501462,0.0252773629501462,0.05274121277034283,0.0005125121073439376,0.0,0.4339432120323181,1.0,0.0069134615384615385,0.0004633653846153846,2,0.0,0.0,0.0
215,691200,-805.8092594146729,-8.058092880249024,-805.8092594146729,-8.058092880249024,0.0,805.8092594146729,8.058092880249024,25.944530487060547,0.25944505691528263,4.143505997657776,0.0,0.0,nan,nan,nan,nan,nan,nan,nan,nan,nan,nan,6912,-0.0013341263331239973,0.021985810436308383,1.520474636554718,-0.0008310338016599417,0.07869622018188238,0.07869622018188238,0.06412654630839824,0.0028071143151470993,0.02336249945219606,0.35240811109542847,1.0,0.006899038461538462,0.00046225961538461536,2,0.0,0.0,0.0
216,694400,-797.424599647522,-7.9742464923858645,-797.424599647522,-7.9742464923858645,0.0,797.424599647522,7.9742464923858645,34.329190254211426,0.3432914447784423,4.330407919883728,0.0,0.0,nan,nan,nan,nan,nan,nan,nan,nan,nan,nan,6944,-0.0006764623843658057,0.015931189619004728,1.5230459213256835,-0.0031964532565325497,0.03122206460684538,0.03122206460684538,0.055179376155138016,0.0017881156956724518,0.011681250133551657,0.6089113354682922,1.0,0.006884615384615385,0.00046115384615384616,2,0.0,0.0,0.0
217,697600,-847.5483045578003,-8.475483169555664,-847.5483045578003,-8.475483169555664,0.0,847.5483045578003,8.475483169555664,-15.794514656066895,-0.1579452323913575,4.070723199844361,0.0,0.0,nan,nan,nan,nan,nan,nan,nan,nan,nan,nan,6976,-0.0005540773837739543,0.020460853725671767,1.5172089219093323,-0.0007471680641174316,0.02791688684374094,0.02791688684374094,0.05404314063489437,0.0006311192817526222,9.375000081490725e-06,0.5075691938400269,1.0,0.006870192307692308,0.00046004807692307697,2,0.0,0.0,0.0
218,700800,-796.8079948425293,-7.968079891204834,-796.8079948425293,-7.968079891204834,0.0,796.8079948425293,7.968079891204834,34.9457950592041,0.34945804595947294,4.065770139694214,0.0,0.0,nan,nan,nan,nan,nan,nan,nan,nan,nan,nan,7008,-0.0007837120163428857,0.012526902183890343,1.511892056465149,-0.004885443486273289,0.042063935473561284,0.042063935473561284,0.04728969447314739,0.0013333111663092858,0.005953125096857548,0.44154447317123413,1.0,0.006855769230769231,0.0004589423076923077,2,0.0,0.0,0.0
219,704000,-790.3026866912842,-7.903027014732361,-790.3026866912842,-7.903027014732361,0.0,790.3026866912842,7.903027014732361,41.45110321044922,0.41451092243194587,3.7478520107269286,0.0,0.0,nan,nan,nan,nan,nan,nan,nan,nan,nan,nan,7040,-0.0006008480075667677,0.008655162388458848,1.5040939569473266,-0.006563294073566794,0.03592325188219547,0.03592325188219547,0.037225791811943056,0.0007536844246721096,8.125000167638063e-05,0.6951786279678345,1.0,0.0068413461538461545,0.00045783653846153847,2,0.0,0.0,0.0
220,707200,-851.3233184814453,-8.513232955932617,-851.3233184814453,-8.513232955932617,0.0,851.3233184814453,8.513232955932617,-19.569528579711914,-0.1956950187683102,4.827386078834533,0.0,0.0,-557.9467694759369,-5.579467694759369,-557.9467694759369,-5.579467694759369,100.0,3.556156824827194,0.0,0.0,557.9467694759369,-3.6178290843963623,7072,-0.0007965502587437889,0.02378218565136194,1.495843517780304,0.0008825338445603848,0.03149373196065426,0.03149373196065426,0.06692768596112728,0.0015183181272738799,0.003662499901838601,0.544716477394104,1.0,0.006826923076923076,0.0004567307692307692,2,0.0,0.0,0.0
221,710400,-909.0141735076904,-9.090141906738282,-909.0141735076904,-9.090141906738282,0.0,909.0141735076904,9.090141906738282,-77.26038360595703,-0.772603969573975,4.523278307914734,0.0,0.0,nan,nan,nan,nan,nan,nan,nan,nan,nan,nan,7104,-0.0007826504300144643,0.029814768582582474,1.4731512069702148,0.004088891390711069,0.03806312717497349,0.03806312717497349,0.07230107113718987,0.000987844857446105,0.0034906250424683095,0.38978487253189087,1.0,0.006812499999999999,0.000455625,2,0.0,0.0,0.0
222,713600,-864.3452548980713,-8.643452415466308,-864.3452548980713,-8.643452415466308,0.0,864.3452548980713,8.643452415466308,-32.59146499633789,-0.3259144783020016,5.143946304321289,0.0,0.0,nan,nan,nan,nan,nan,nan,nan,nan,nan,nan,7136,-0.00043209757750810595,0.0320059621706605,1.4796151518821716,0.005512345954775811,0.028067747317254543,0.028067747317254543,0.07372575998306274,0.0006079716160463552,0.00010000000183936208,0.37955933809280396,1.0,0.006798076923076922,0.0004545192307692308,2,0.0,0.0,0.0
223,716800,-863.0091953277588,-8.630092248916625,-863.0091953277588,-8.630092248916625,0.0,863.0091953277588,8.630092248916625,-31.25540542602539,-0.3125543117523186,4.613104467391968,0.0,0.0,nan,nan,nan,nan,nan,nan,nan,nan,nan,nan,7168,-0.0005898185657279952,0.02829612772911787,1.487643826007843,0.003466584347188473,0.032975762523710726,0.032975762523710726,0.06947773806750775,0.0009252844669397117,0.0026812500145751983,0.49633824825286865,1.0,0.0067836538461538455,0.00045341346153846153,2,0.0,0.0,0.0
224,720000,-847.6701879501343,-8.476701354980468,-847.6701879501343,-8.476701354980468,0.0,847.6701879501343,8.476701354980468,-15.916398048400879,-0.1591634178161616,3.911917767524719,0.0,0.0,nan,nan,nan,nan,nan,nan,nan,nan,nan,nan,7200,-0.00048473262717597666,0.03489726223051548,1.4973196744918824,0.006828196253627539,0.037978941574692726,0.037978941574692726,0.07532032839953899,0.0008952883628814704,0.00023125000298023223,0.38319265842437744,1.0,0.006769230769230769,0.0004523076923076923,2,0.0,0.0,0.0
225,723200,-837.214280128479,-8.372142896652221,-837.214280128479,-8.372142896652221,0.0,837.214280128479,8.372142896652221,-5.4604902267456055,-0.05460495948791433,4.269177503585816,0.0,0.0,nan,nan,nan,nan,nan,nan,nan,nan,nan,nan,7232,-0.0007051825826114522,0.01970131741836667,1.48598552942276,-0.0008920703548938036,0.033413642272353175,0.033413642272353175,0.059095025435090064,0.0012497486932268084,0.0027593750273808837,0.6132631301879883,1.0,0.006754807692307692,0.0004512019230769231,2,0.0,0.0,0.0
226,726400,-834.001727104187,-8.340017356872558,-834.001727104187,-8.340017356872558,0.0,834.001727104187,8.340017356872558,-2.2479372024536133,-0.02247941970825096,3.9404241466522216,0.0,0.0,nan,nan,nan,nan,nan,nan,nan,nan,nan,nan,7264,-0.0014315947749419244,0.015798660553991796,1.4869011044502258,-0.0035545502323657274,0.06087225303053856,0.06087225303053856,0.05496891438961029,0.002078189390159162,0.017865624508704058,0.4548388719558716,1.0,0.006740384615384615,0.00045009615384615384,2,0.0,0.0,0.0
227,729600,-809.0165128707886,-8.09016529083252,-809.0165128707886,-8.09016529083252,0.0,809.0165128707886,8.09016529083252,22.737277030944824,0.2273726463317871,3.69978640794754,0.0,0.0,nan,nan,nan,nan,nan,nan,nan,nan,nan,nan,7296,-0.0007484337479050751,0.014846060052514076,1.482265090942383,-0.0032950611785054207,0.030434624291956425,0.030434624291956425,0.05267195105552673,0.0015834414414718605,0.004103124875109642,0.5401910543441772,1.0,0.006725961538461538,0.00044899038461538465,2,0.0,0.0,0.0
228,732800,-810.568995475769,-8.105690097808838,-810.568995475769,-8.105690097808838,0.0,810.568995475769,8.105690097808838,21.184794425964355,0.21184783935546925,3.828625464439392,0.0,0.0,nan,nan,nan,nan,nan,nan,nan,nan,nan,nan,7328,-0.0006925251396692645,0.009877193858847022,1.4601068258285523,-0.005553491320461035,0.03657388351857662,0.03657388351857662,0.0442033089697361,0.0008579208988528384,0.001171874991268851,0.6804277300834656,1.0,0.0067115384615384615,0.0004478846153846154,2,0.0,0.0,0.0
229,736000,-808.6335029602051,-8.08633505821228,-808.6335029602051,-8.08633505821228,0.0,808.6335029602051,8.08633505821228,23.12028694152832,0.2312028789520273,4.396123332977295,0.0,0.0,nan,nan,nan,nan,nan,nan,nan,nan,nan,nan,7360,-0.000761481499747596,0.02191670909523964,1.4539554715156555,0.0004595654085278511,0.028625555150210858,0.028625555150210858,0.06011299937963486,0.0016259232197633013,0.0028249999741092324,0.5440919995307922,1.0,0.006697115384615385,0.00044677884615384615,2,0.0,0.0,0.0
230,739200,-877.7304706573486,-8.777305040359497,-877.7304706573486,-8.777305040359497,0.0,877.7304706573486,8.777305040359497,-45.976680755615234,-0.45976710319519043,4.628755202293396,0.0,0.0,nan,nan,nan,nan,nan,nan,nan,nan,nan,nan,7392,-0.0009320591712254078,0.02461051046848297,1.4564685106277466,0.001640065386891365,0.04124840013682842,0.04124840013682842,0.07482889145612717,0.0014418021273747994,0.005518750002374872,0.5491954684257507,1.0,0.006682692307692308,0.0004456730769230769,2,0.0,0.0,0.0
231,742400,-908.8348150253296,-9.088348445892334,-908.8348150253296,-9.088348445892334,0.0,908.8348150253296,9.088348445892334,-77.08102512359619,-0.7708105087280277,4.818913073539734,0.0,0.0,nan,nan,nan,nan,nan,nan,nan,nan,nan,nan,7424,-0.0005447859446052305,0.02080863555893302,1.4716071724891662,4.6459026634693146e-05,0.028006448410451412,0.028006448410451412,0.06510575041174889,0.0012327112130157893,0.0028968749567866324,0.566238522529602,1.0,0.00666826923076923,0.0004445673076923077,2,0.0,0.0,0.0
232,745600,-788.4618015289307,-7.884617638587952,-788.4618015289307,-7.884617638587952,0.0,788.4618015289307,7.884617638587952,43.291988372802734,0.43292029857635494,3.8725328183174135,0.0,0.0,nan,nan,nan,nan,nan,nan,nan,nan,nan,nan,7456,-0.0010509563473286132,0.019458654895424844,1.4778805732727052,-0.0011552189011126758,0.047528814896941184,0.047528814896941184,0.06201913878321648,0.0019743340249994902,0.013046874827705324,0.4944552183151245,1.0,0.006653846153846153,0.00044346153846153846,2,0.0,0.0,0.0
233,748800,-847.6902961730957,-8.4769029712677,-847.6902961730957,-8.4769029712677,0.0,847.6902961730957,8.4769029712677,-15.936506271362305,-0.1593650341033932,4.1936714601516725,0.0,0.0,nan,nan,nan,nan,nan,nan,nan,nan,nan,nan,7488,-0.0007145323299512007,0.01596054257825017,1.468777060508728,-0.0024860929232090713,0.029019656404852868,0.029019656404852868,0.05466839931905269,0.0008018350828940485,0.0,0.7110260725021362,1.0,0.006639423076923077,0.0004423557692307692,2,0.0,0.0,0.0
234,752000,-833.0065689086914,-8.330065393447876,-833.0065689086914,-8.330065393447876,0.0,833.0065689086914,8.330065393447876,-1.2527790069580078,-0.012527456283569549,4.229473648071289,0.0,0.0,nan,nan,nan,nan,nan,nan,nan,nan,nan,nan,7520,-0.0004229337016353529,0.01818198636174202,1.4586141109466553,-0.0009952589403837918,0.025714200176298618,0.025714200176298618,0.05814285762608051,0.0009200159380277368,0.00205624996451661,0.7379680871963501,1.0,0.006625,0.00044125,2,0.0,0.0,0.0
235,755200,-815.1609992980957,-8.151610078811645,-815.1609992980957,-8.151610078811645,0.0,815.1609992980957,8.151610078811645,16.592790603637695,0.16592785835266177,4.308873476982117,0.0,0.0,nan,nan,nan,nan,nan,nan,nan,nan,nan,nan,7552,-0.000995253327395762,0.012707835528999567,1.4651951909065246,-0.0043271211441606285,0.03311818838119507,0.03311818838119507,0.05409066379070282,0.000999091572158023,0.00020937500521540643,0.739911675453186,1.0,0.006610576923076923,0.00044014423076923077,2,0.0,0.0,0.0
236,758400,-896.4969520568848,-8.964969387054444,-896.4969520568848,-8.964969387054444,0.0,896.4969520568848,8.964969387054444,-64.74316215515137,-0.6474314498901368,4.491244006156921,0.0,0.0,nan,nan,nan,nan,nan,nan,nan,nan,nan,nan,7584,-0.0005108973910100678,0.03044185247272253,1.4672578692436218,0.005031769908964634,0.02815203946083784,0.02815203946083784,0.08291743397712707,0.0011713213418267899,0.0007000000216066838,0.28253233432769775,1.0,0.006596153846153846,0.0004390384615384616,2,0.0,0.0,0.0
237,761600,-837.7913084030151,-8.377913246154785,-837.7913084030151,-8.377913246154785,0.0,837.7913084030151,8.377913246154785,-6.037518501281738,-0.06037530899047816,4.255351333618164,0.0,0.0,nan,nan,nan,nan,nan,nan,nan,nan,nan,nan,7616,-0.0008359185872133911,0.017441806104034185,1.47605562210083,-0.0018300159368664025,0.03648042194545269,0.03648042194545269,0.0630580697208643,0.001179682777729563,0.005628125183284283,0.6480832099914551,1.0,0.006581730769230769,0.00043793269230769233,2,0.0,0.0,0.0
238,764800,-817.2729749679565,-8.172729797363282,-817.2729749679565,-8.172729797363282,0.0,817.2729749679565,8.172729797363282,14.480814933776855,0.14480813980102525,4.666558680534362,0.0,0.0,nan,nan,nan,nan,nan,nan,nan,nan,nan,nan,7648,-0.00044735536305524627,0.01993140336126089,1.4765700340270995,-0.00017874343320727347,0.03095044232904911,0.03095044232904911,0.06159864850342274,0.0006256874166872375,0.0018843749945517629,0.47113609313964844,1.0,0.006567307692307692,0.0004368269230769231,2,0.0,0.0,0.0
239,768000,-836.7887783050537,-8.367887363433837,-836.7887783050537,-8.367887363433837,0.0,836.7887783050537,8.367887363433837,-5.0349884033203125,-0.05034942626953054,4.13107132434845,0.0,0.0,nan,nan,nan,nan,nan,nan,nan,nan,nan,nan,7680,-0.00032892861916298253,0.01853867406025529,1.4844895005226135,-0.0007872802671045065,0.023852083273231982,0.023852083273231982,0.06087642610073089,0.0005152430883761057,0.0,0.5363374352455139,1.0,0.006552884615384615,0.00043572115384615383,2,0.0,0.0,0.0
240,771200,-834.7713651657104,-8.347714176177979,-834.7713651657104,-8.347714176177979,0.0,834.7713651657104,8.347714176177979,-3.017575263977051,-0.030176239013671946,4.290285749435425,0.0,0.0,-609.0804991722107,-6.0908049917221065,-609.0804991722107,-6.0908049917221065,100.0,4.0602113163471225,0.0,0.0,609.0804991722107,-54.751558780670166,7712,-0.0005545347911392717,0.013614300545305014,1.4876572489738464,-0.0034743740223348142,0.026284642331302167,0.026284642331302167,0.053257519379258156,0.0006144566163136141,8.125000167638063e-05,0.6372830271720886,1.0,0.006538461538461538,0.0004346153846153846,2,0.0,0.0,0.0
241,774400,-866.8533620834351,-8.66853349685669,-866.8533620834351,-8.66853349685669,0.0,866.8533620834351,8.66853349685669,-35.09957218170166,-0.3509955596923824,4.399592604637146,0.0,0.0,nan,nan,nan,nan,nan,nan,nan,nan,nan,nan,7744,-0.00048477659017294173,0.0135281247086823,1.487089490890503,-0.0034225435461848973,0.02948141433298588,0.02948141433298588,0.05211462788283825,0.0006286591184113394,0.0014968749805120752,0.7215742468833923,1.0,0.006524038461538461,0.0004335096153846154,2,0.0,0.0,0.0
242,777600,-778.7257699966431,-7.787257795333862,-778.7257699966431,-7.787257795333862,0.0,778.7257699966431,7.787257795333862,53.02801990509033,0.5302801418304446,3.8315917825698853,0.0,0.0,nan,nan,nan,nan,nan,nan,nan,nan,nan,nan,7776,-0.000311893642649741,0.014704457577317953,1.4902574181556703,-0.0026606676168739797,0.023974994383752345,0.023974994383752345,0.04938565008342266,0.0004257385076932526,0.00021562500041909515,0.7349938154220581,1.0,0.0065096153846153845,0.00043240384615384614,2,0.0,0.0,0.0
243,780800,-798.5751190185547,-7.985751585960388,-798.5751190185547,-7.985751585960388,0.0,798.5751190185547,7.985751585960388,33.17867088317871,0.33178635120391853,4.064634940624237,0.0,0.0,nan,nan,nan,nan,nan,nan,nan,nan,nan,nan,7808,-0.0007196621005248538,0.016206289641559124,1.488619899749756,-0.002285389695316553,0.035037250444293025,0.035037250444293025,0.05491951256990433,0.001002609534953712,0.0,0.6613059043884277,1.0,0.006495192307692308,0.00043129807692307695,2,0.0,0.0,0.0
244,784000,-854.9549703598022,-8.549549798965455,-854.9549703598022,-8.549549798965455,0.0,854.9549703598022,8.549549798965455,-23.201180458068848,-0.23201186180114775,4.633602766990662,0.0,0.0,nan,nan,nan,nan,nan,nan,nan,nan,nan,nan,7840,-0.0005658991918840783,0.02894270122051239,1.4732155919075012,0.004357880912721157,0.025485751591622828,0.025485751591622828,0.07499024048447608,0.0011813390396134469,0.0012249999796040355,0.4843009114265442,1.0,0.006480769230769231,0.0004301923076923077,2,0.0,0.0,0.0
245,787200,-906.8881540298462,-9.06888216972351,-906.8881540298462,-9.06888216972351,0.0,906.8881540298462,9.06888216972351,-75.1343641281128,-0.7513442325592035,4.966858267784119,0.0,0.0,nan,nan,nan,nan,nan,nan,nan,nan,nan,nan,7872,-0.0004668676836393715,0.027282431535422803,1.4591304063796997,0.0037391054444015025,0.03053479567170143,0.03053479567170143,0.07959119454026223,0.0005437201469255528,0.0,0.5658904314041138,1.0,0.006466346153846154,0.00042908653846153845,2,0.0,0.0,0.0
246,790400,-844.2177839279175,-8.442177810668944,-844.2177839279175,-8.442177810668944,0.0,844.2177839279175,8.442177810668944,-12.463994026184082,-0.12463987350463768,4.132824902534485,0.0,0.0,nan,nan,nan,nan,nan,nan,nan,nan,nan,nan,7904,-0.0006871740654103675,0.025482445396482943,1.4490092277526856,0.002705152798444033,0.042824743688106535,0.042824743688106535,0.07079987563192844,0.001101117347571504,0.005740625172620639,0.5640624761581421,1.0,0.006451923076923077,0.00042798076923076926,2,0.0,0.0,0.0
247,793600,-751.7820138931274,-7.517820248603821,-751.7820138931274,-7.517820248603821,0.0,751.7820138931274,7.517820248603821,79.97177600860596,0.7997176885604862,3.603076937198639,0.0,0.0,nan,nan,nan,nan,nan,nan,nan,nan,nan,nan,7936,-0.0008146157469369087,0.020360981673002244,1.4416760325431823,8.508558385074138e-05,0.02904009707272053,0.02904009707272053,0.06870684623718262,0.0016036908200483123,0.003540625103050843,0.49274373054504395,1.0,0.0064375000000000005,0.000426875,2,0.0,0.0,0.0
248,796800,-780.3290643692017,-7.803290495872497,-780.3290643692017,-7.803290495872497,0.0,780.3290643692017,7.803290495872497,51.42472553253174,0.5142474412918094,3.5878812861442566,0.0,0.0,nan,nan,nan,nan,nan,nan,nan,nan,nan,nan,7968,-0.00042411913396058767,0.012218794878572225,1.4324150562286377,-0.0035152340307831762,0.02368414755910635,0.02368414755910635,0.049487834051251414,0.0010975502980734978,0.0014562500087777152,0.6986376643180847,1.0,0.006423076923076924,0.0004257692307692308,2,0.0,0.0,0.0
249,800000,-876.0321407318115,-8.760321340560914,-876.0321407318115,-8.760321340560914,0.0,876.0321407318115,8.760321340560914,-44.278350830078125,-0.44278340339660716,4.617634601593018,0.0,0.0,nan,nan,nan,nan,nan,nan,nan,nan,nan,nan,8000,-0.0006304840235097587,0.024986467510461807,1.431349766254425,0.0026897248812019826,0.030014906264841556,0.030014906264841556,0.0734506256878376,0.0014637849661092539,0.0062562500359490516,0.5571951270103455,1.0,0.006408653846153845,0.0004246634615384615,2,0.0,0.0,0.0
250,803200,-798.188307762146,-7.981883282661438,-798.188307762146,-7.981883282661438,0.0,798.188307762146,7.981883282661438,33.5654821395874,0.3356546545028687,4.140249018669128,0.0,0.0,nan,nan,nan,nan,nan,nan,nan,nan,nan,nan,8032,-0.0004175433158156022,0.021378623135387898,1.435548150539398,0.0010925420559942723,0.024316269904375076,0.024316269904375076,0.05661533810198307,0.0004767388822081326,7.50000006519258e-05,0.5349025130271912,1.0,0.006394230769230768,0.0004235576923076923,2,0.0,0.0,0.0
251,806400,-791.7944612503052,-7.917944369316101,-791.7944612503052,-7.917944369316101,0.0,791.7944612503052,7.917944369316101,39.95932865142822,0.3995935678482061,4.036670362949371,0.0,0.0,nan,nan,nan,nan,nan,nan,nan,nan,nan,nan,8064,-0.0006555824889510564,0.018211750127375127,1.4590891480445862,-0.0008584157563745976,0.03374257571995258,0.03374257571995258,0.06455352194607258,0.0011129651076778305,0.007965625225915573,0.490811824798584,1.0,0.006379807692307692,0.00042245192307692307,2,0.0,0.0,0.0
252,809600,-918.4904880523682,-9.18490436553955,-918.4904880523682,-9.18490436553955,0.0,918.4904880523682,9.18490436553955,-86.73669815063477,-0.8673664283752434,4.959876265525818,0.0,0.0,nan,nan,nan,nan,nan,nan,nan,nan,nan,nan,8096,-0.0003518791873641902,0.04368002042174339,1.4718006610870362,0.01211955426260829,0.02257223166525364,0.02257223166525364,0.09198984876275063,0.00048810106873198035,0.0,0.3861038088798523,1.0,0.006365384615384615,0.0004213461538461538,2,0.0,0.0,0.0
253,812800,-796.27370262146,-7.962736988067627,-796.27370262146,-7.962736988067627,0.0,796.27370262146,7.962736988067627,35.48008728027344,0.3548009490966795,3.7814304280281066,0.0,0.0,nan,nan,nan,nan,nan,nan,nan,nan,nan,nan,8128,-0.0009151910645014194,0.015838701277971268,1.475511872768402,-0.0023667595349252226,0.038857435807585716,0.038857435807585716,0.05709973983466625,0.0009378229855435318,0.0025781249365536495,0.6177619695663452,1.0,0.006350961538461538,0.00042024038461538463,2,0.0,0.0,0.0
254,816000,-823.9607849121094,-8.23960732460022,-823.9607849121094,-8.23960732460022,0.0,823.9607849121094,8.23960732460022,7.793004989624023,0.07793061256408684,3.900272395610809,0.0,0.0,nan,nan,nan,nan,nan,nan,nan,nan,nan,nan,8160,-0.0006543189837218577,0.019234362803399564,1.4641792535781861,-0.00031496603041887284,0.02682654783129692,0.02682654783129692,0.05605826899409294,0.0010873051287496696,0.0008812499814666808,0.6308214664459229,1.0,0.006336538461538461,0.0004191346153846154,2,0.0,0.0,0.0
255,819200,-868.4023332595825,-8.684023752212525,-868.4023332595825,-8.684023752212525,0.0,868.4023332595825,8.684023752212525,-36.64854335784912,-0.3664858150482182,4.2869653272628785,0.0,0.0,nan,nan,nan,nan,nan,nan,nan,nan,nan,nan,8192,-0.0009110397933167036,0.020132727175951003,1.4468746304512023,8.015753701329232e-06,0.03434916641563177,0.03434916641563177,0.05645059123635292,0.0016124076522835615,0.012353124655783176,0.5046263337135315,1.0,0.006322115384615384,0.0004180288461538462,2,0.0,0.0,0.0
256,822400,-834.5410394668579,-8.345410718917847,-834.5410394668579,-8.345410718917847,0.0,834.5410394668579,8.345410718917847,-2.7872495651245117,-0.027872781753540465,4.332308812141418,0.0,0.0,nan,nan,nan,nan,nan,nan,nan,nan,nan,nan,8224,-0.0007063640584478392,0.022136522829532622,1.434674620628357,0.0013124114833772183,0.037255868315696716,0.037255868315696716,0.060962258279323576,0.00047627022436318444,2.1875000675208868e-05,0.5225808620452881,1.0,0.0063076923076923076,0.00041692307692307694,2,0.0,0.0,0.0
257,825600,-823.2178287506104,-8.232178392410278,-823.2178287506104,-8.232178392410278,0.0,823.2178287506104,8.232178392410278,8.535961151123047,0.08535954475402896,3.746035425662994,0.0,0.0,nan,nan,nan,nan,nan,nan,nan,nan,nan,nan,8256,-0.000590202206978585,0.02048447486013174,1.4350319743156432,0.0006209923885762691,0.039963888749480245,0.039963888749480245,0.057606670632958414,0.0014616607906653301,0.006671874871244654,0.5606952905654907,1.0,0.006293269230769231,0.0004158173076923077,2,0.0,0.0,0.0
258,828800,-821.3283472061157,-8.213283309936523,-821.3283472061157,-8.213283309936523,0.0,821.3283472061157,8.213283309936523,10.425442695617676,0.10425462722778356,4.026855401992798,0.0,0.0,nan,nan,nan,nan,nan,nan,nan,nan,nan,nan,8288,-0.0008370079186628132,0.027104221843183042,1.4321690559387208,0.0037227338179945946,0.03727324493229389,0.03727324493229389,0.0647042602300644,0.0020106173495158487,0.013918750139418989,0.5050992369651794,1.0,0.006278846153846154,0.0004147115384615385,2,0.0,0.0,0.0
259,832000,-836.1144008636475,-8.361143999099731,-836.1144008636475,-8.361143999099731,0.0,836.1144008636475,8.361143999099731,-4.3606109619140625,-0.04360606193542438,4.222776236534119,0.0,0.0,nan,nan,nan,nan,nan,nan,nan,nan,nan,nan,8320,-0.0007610958992910977,0.02613330502063036,1.435541558265686,0.0033127169124782087,0.03732491657137871,0.03732491657137871,0.06817121878266334,0.0013532533750556176,0.0064031250192783775,0.6047987937927246,1.0,0.006264423076923076,0.00041360576923076925,2,0.0,0.0,0.0
260,835200,-796.940920829773,-7.969408993721008,-796.940920829773,-7.969408993721008,0.0,796.940920829773,7.969408993721008,34.81286907196045,0.3481289434432986,4.033257772922516,0.0,0.0,-623.8389558792114,-6.2383895587921145,-623.8389558792114,-6.2383895587921145,100.0,4.027172532081604,0.0,0.0,623.8389558792114,-69.5100154876709,8352,-0.000719666470569802,0.0193358913064003,1.4569263577461242,-0.00015751062892377377,0.04171935580670834,0.04171935580670834,0.05856611877679825,0.0016193976684014785,0.01297812475822866,0.4433020353317261,1.0,0.0062499999999999995,0.0004125,2,0.0,0.0,0.0
261,838400,-816.5511226654053,-8.165510845184325,-816.5511226654053,-8.165510845184325,0.0,816.5511226654053,8.165510845184325,15.202667236328125,0.15202709197998132,3.8975256729125975,0.0,0.0,nan,nan,nan,nan,nan,nan,nan,nan,nan,nan,8384,-0.0009926842716508233,0.016499082278460264,1.4580556869506835,-0.0018349611200392246,0.04225004129111767,0.04225004129111767,0.046479640156030656,0.0010295696396504038,0.0017906250199303032,0.6400802135467529,1.0,0.006235576923076923,0.00041139423076923075,2,0.0,0.0,0.0
262,841600,-800.1051988601685,-8.001051926612854,-800.1051988601685,-8.001051926612854,0.0,800.1051988601685,8.001051926612854,31.64859104156494,0.3164860105514524,4.138308615684509,0.0,0.0,nan,nan,nan,nan,nan,nan,nan,nan,nan,nan,8416,-0.0006041014249960064,0.0270969457924366,1.4471105575561523,0.0039416741579771045,0.03107414413243532,0.03107414413243532,0.07739367671310901,0.0015213627440978062,0.0075468749855645,0.11599647998809814,1.0,0.006221153846153846,0.00041028846153846156,2,0.0,0.0,0.0
263,844800,-865.58616065979,-8.655861406326293,-865.58616065979,-8.655861406326293,0.0,865.58616065979,8.655861406326293,-33.83237075805664,-0.3383234691619865,4.4510617303848266,0.0,0.0,nan,nan,nan,nan,nan,nan,nan,nan,nan,nan,8448,-0.00042225745082760115,0.02365744411945343,1.430916440486908,0.002525151474401355,0.03553719595074654,0.03553719595074654,0.06494360379874706,0.0008395792756353334,0.004724999982863664,0.37899649143218994,1.0,0.006206730769230769,0.0004091826923076923,2,0.0,0.0,0.0
264,848000,-776.8091926574707,-7.76809175491333,-776.8091926574707,-7.76809175491333,0.0,776.8091926574707,7.76809175491333,54.944597244262695,0.5494461822509766,3.8580652832984925,0.0,0.0,nan,nan,nan,nan,nan,nan,nan,nan,nan,nan,8480,-0.000594169712397008,0.018241808284074068,1.4420340538024903,-0.00040278448723256587,0.02970780823379755,0.02970780823379755,0.05313423275947571,0.0007444924442104713,0.0006531250168336555,0.6129915118217468,1.0,0.006192307692307692,0.0004080769230769231,2,0.0,0.0,0.0
265,851200,-814.6457481384277,-8.146457529067993,-814.6457481384277,-8.146457529067993,0.0,814.6457481384277,8.146457529067993,17.108041763305664,0.17108040809631397,3.637769193649292,0.0,0.0,nan,nan,nan,nan,nan,nan,nan,nan,nan,nan,8512,-0.0004767801471258326,0.023453618958592416,1.4563656330108643,0.002252770634368062,0.02796651180833578,0.02796651180833578,0.06985895484685897,0.0006291393408908161,0.00011250000534346327,0.4362775683403015,1.0,0.006177884615384615,0.00040697115384615386,2,0.0,0.0,0.0
266,854400,-880.3478116989136,-8.803478050231934,-880.3478116989136,-8.803478050231934,0.0,880.3478116989136,8.803478050231934,-48.594021797180176,-0.4859401130676275,4.160648941993713,0.0,0.0,nan,nan,nan,nan,nan,nan,nan,nan,nan,nan,8544,-0.0008935581392840675,0.0272791126742959,1.4553623437881469,0.003775928355753422,0.03238881193101406,0.03238881193101406,0.06358494907617569,0.0009694716914971384,0.0011624999780906365,0.48654526472091675,1.0,0.006163461538461538,0.0004058653846153846,2,0.0,0.0,0.0
267,857600,-821.5236520767212,-8.2152366065979,-821.5236520767212,-8.2152366065979,0.0,821.5236520767212,8.2152366065979,10.230137825012207,0.10230133056640689,4.870745620727539,0.0,0.0,nan,nan,nan,nan,nan,nan,nan,nan,nan,nan,8576,-0.0007039424270391476,0.021952045895159245,1.4687368869781494,0.0012407605070620775,0.03571405857801437,0.03571405857801437,0.0629444070160389,0.0012741850845493625,0.00625000011496013,0.3775085210800171,1.0,0.006149038461538461,0.0004047596153846154,2,0.0,0.0,0.0
268,860800,-790.3182525634766,-7.903182516098022,-790.3182525634766,-7.903182516098022,0.0,790.3182525634766,7.903182516098022,41.435537338256836,0.41435542106628453,3.8606181597709655,0.0,0.0,nan,nan,nan,nan,nan,nan,nan,nan,nan,nan,8608,-0.0009227967121521851,0.02345892395824194,1.4817623019218444,0.001716623641550541,0.04198612831532955,0.04198612831532955,0.06550064571201801,0.002364887474687473,0.01250000020954758,0.6386159062385559,1.0,0.006134615384615384,0.0004036538461538462,2,0.0,0.0,0.0
269,864000,-836.984395980835,-8.369844017028809,-836.984395980835,-8.369844017028809,0.0,836.984395980835,8.369844017028809,-5.2306060791015625,-0.05230607986450231,4.47437762260437,0.0,0.0,nan,nan,nan,nan,nan,nan,nan,nan,nan,nan,8640,-0.0006045367240556487,0.0132434600032866,1.4854209423065186,-0.003073868714272976,0.025222082063555716,0.025222082063555716,0.059001070261001584,0.0009745205557926369,0.001440624985843897,0.7007408142089844,1.0,0.006120192307692307,0.0004025480769230769,2,0.0,0.0,0.0
270,867200,-816.1332130432129,-8.161332330703736,-816.1332130432129,-8.161332330703736,0.0,816.1332130432129,8.161332330703736,15.620576858520508,0.15620560646057058,3.9050656223297118,0.0,0.0,nan,nan,nan,nan,nan,nan,nan,nan,nan,nan,8672,-0.0005433610496460517,0.017130809742957352,1.4842071533203125,-0.0010401828214526177,0.026026558317244052,0.026026558317244052,0.05763561762869358,0.00043463848760506537,0.0,0.7601991891860962,1.0,0.006105769230769231,0.0004014423076923077,2,0.0,0.0,0.0
271,870400,-814.8610849380493,-8.148610935211181,-814.8610849380493,-8.148610935211181,0.0,814.8610849380493,8.148610935211181,16.892704963684082,0.1689270019531257,3.5117890214920044,0.0,0.0,nan,nan,nan,nan,nan,nan,nan,nan,nan,nan,8704,-0.0014306808402645642,0.02409031391143799,1.4779893398284911,0.0016115314792841673,0.04828148540109396,0.04828148540109396,0.057735363394021987,0.0014311221606483325,0.0018281249329447746,0.6453767418861389,1.0,0.006091346153846154,0.0004003365384615385,2,0.0,0.0,0.0
272,873600,-781.8391380310059,-7.818390979766845,-781.8391380310059,-7.818390979766845,0.0,781.8391380310059,7.818390979766845,49.91465187072754,0.4991469573974614,4.261157159805298,0.0,0.0,nan,nan,nan,nan,nan,nan,nan,nan,nan,nan,8736,-0.0008304931076766664,0.023383675143122673,1.4602872610092164,0.0019872910808771847,0.026989119499921797,0.026989119499921797,0.07282921187579632,0.0017974567585049821,0.004590624931734055,0.2628980278968811,1.0,0.006076923076923077,0.00039923076923076924,2,0.0,0.0,0.0
273,876800,-937.7487964630127,-9.377487945556641,-937.7487964630127,-9.377487945556641,0.0,937.7487964630127,9.377487945556641,-105.9950065612793,-1.0599500083923346,5.456800322532654,0.0,0.0,nan,nan,nan,nan,nan,nan,nan,nan,nan,nan,8768,-0.0007033640157912302,0.03664340749382973,1.4442457199096679,0.008862599916756152,0.03784212246537209,0.03784212246537209,0.084257373213768,0.0008530270832132839,0.003249999973922968,0.5613046884536743,1.0,0.0060625,0.000398125,2,0.0,0.0,0.0
274,880000,-841.2218160629272,-8.412218179702759,-841.2218160629272,-8.412218179702759,0.0,841.2218160629272,8.412218179702759,-9.468026161193848,-0.09468024253845186,4.09006376504898,0.0,0.0,nan,nan,nan,nan,nan,nan,nan,nan,nan,nan,8800,-0.0008869097830610962,0.023329446837306023,1.4602463960647583,0.0019461313262581826,0.04694496169686317,0.04694496169686317,0.06541638672351838,0.0015814064143349533,0.009493749868124724,0.4627959132194519,1.0,0.0060480769230769225,0.0003970192307692308,2,0.0,0.0,0.0
275,883200,-822.0319890975952,-8.220319709777833,-822.0319890975952,-8.220319709777833,0.0,822.0319890975952,8.220319709777833,9.721800804138184,0.0972182273864739,3.575189208984375,0.0,0.0,nan,nan,nan,nan,nan,nan,nan,nan,nan,nan,8832,-0.0009748971279128326,0.016940049547702073,1.472653579711914,-0.0013903540093451738,0.03790471740067005,0.03790471740067005,0.05330124534666538,0.002408930083038989,0.00960937513737008,0.6508903503417969,1.0,0.006033653846153846,0.00039591346153846154,2,0.0,0.0,0.0
276,886400,-842.1782341003418,-8.42178258895874,-842.1782341003418,-8.42178258895874,0.0,842.1782341003418,8.42178258895874,-10.424444198608398,-0.1042446517944331,4.404160304069519,0.0,0.0,nan,nan,nan,nan,nan,nan,nan,nan,nan,nan,8864,-0.0002912643057594977,0.03380729351192713,1.4678106904029846,0.007777290977537632,0.02822866812348366,0.02822866812348366,0.08129537329077721,0.0004561030331394839,0.0,0.5620778799057007,1.0,0.006019230769230769,0.00039480769230769235,2,0.0,0.0,0.0
277,889600,-906.20676612854,-9.062067699432372,-906.20676612854,-9.062067699432372,0.0,906.20676612854,9.062067699432372,-74.45297622680664,-0.7445297622680656,5.401467294692993,0.0,0.0,nan,nan,nan,nan,nan,nan,nan,nan,nan,nan,8896,-0.0012236243002233139,0.03313103783875704,1.477633500099182,0.006468989793211222,0.044409174099564554,0.044409174099564554,0.07100558541715145,0.0016716552807345048,0.005528124944976298,0.5494838953018188,1.0,0.006004807692307692,0.0003937019230769231,2,0.0,0.0,0.0
278,892800,-797.4968042373657,-7.974968647956848,-797.4968042373657,-7.974968647956848,0.0,797.4968042373657,7.974968647956848,34.256985664367676,0.342569289207459,3.494517157077789,0.0,0.0,nan,nan,nan,nan,nan,nan,nan,nan,nan,nan,8928,-0.00021836298450654822,0.01603248966857791,1.4889002203941346,-0.00112120290286839,0.028815198689699173,0.028815198689699173,0.05397385209798813,0.0007172244873806567,0.0008624999900348485,0.651744544506073,1.0,0.005990384615384615,0.00039259615384615385,2,0.0,0.0,0.0
279,896000,-777.4097595214844,-7.774098038673401,-777.4097595214844,-7.774098038673401,0.0,777.4097595214844,7.774098038673401,54.34403038024902,0.5434398984909059,3.82091979265213,0.0,0.0,nan,nan,nan,nan,nan,nan,nan,nan,nan,nan,8960,-0.0004739031526667326,0.01897834660485387,1.4992547392845155,5.578114651143551e-05,0.02865011654794216,0.02865011654794216,0.06134239248931408,0.00041889835974937006,0.0,0.45288026332855225,1.0,0.005975961538461538,0.0003914903846153846,2,0.0,0.0,0.0
280,899200,-856.8205528259277,-8.568205528259277,-856.8205528259277,-8.568205528259277,0.0,856.8205528259277,8.568205528259277,-25.066762924194336,-0.2506675910949703,3.9075078105926515,0.0,0.0,-588.0205361843109,-5.880205361843109,-588.0205361843109,-5.880205361843109,100.0,3.1280949187278746,0.0,0.0,588.0205361843109,-33.691595792770386,8992,-0.0007132039586256634,0.03028164766728878,1.4916158676147462,0.005535294860601425,0.03415931649506092,0.03415931649506092,0.07128469496965409,0.0009528596856405319,0.0035437499987892806,0.4338049292564392,1.0,0.005961538461538461,0.00039038461538461536,2,0.0,0.0,0.0
281,902400,-791.1715059280396,-7.911715312004089,-791.1715059280396,-7.911715312004089,0.0,791.1715059280396,7.911715312004089,40.58228397369385,0.4058226251602175,3.295252032279968,0.0,0.0,nan,nan,nan,nan,nan,nan,nan,nan,nan,nan,9024,-0.00044834357922374224,0.016218648850917818,1.4840471267700195,-0.0011648185085505248,0.030487608909606934,0.030487608909606934,0.055516543239355086,0.0004354187374708585,0.0,0.683387279510498,1.0,0.005947115384615384,0.00038927884615384616,2,0.0,0.0,0.0
282,905600,-775.9658432006836,-7.759658575057983,-775.9658432006836,-7.759658575057983,0.0,775.9658432006836,7.759658575057983,55.787946701049805,0.5578793621063234,3.6319577717781066,0.0,0.0,nan,nan,nan,nan,nan,nan,nan,nan,nan,nan,9056,-0.0007325412749835891,0.011746027413755656,1.4890751481056212,-0.0036937525495886804,0.02612131740897894,0.02612131740897894,0.04544917345046997,0.0011563110063441053,0.0036031248979270457,0.6233391761779785,1.0,0.005932692307692307,0.0003881730769230769,2,0.0,0.0,0.0
283,908800,-769.5323238372803,-7.695322871208191,-769.5323238372803,-7.695322871208191,0.0,769.5323238372803,7.695322871208191,62.221466064453125,0.6222150659561159,3.3186940717697144,0.0,0.0,nan,nan,nan,nan,nan,nan,nan,nan,nan,nan,9088,-0.000560303917457361,0.02257397025823593,1.496676540374756,0.0018689467571675778,0.026247001066803933,0.026247001066803933,0.05681698992848396,0.0008928360719444401,0.0019250000128522514,0.5451982021331787,1.0,0.00591826923076923,0.0003870673076923077,2,0.0,0.0,0.0
284,912000,-789.6646633148193,-7.896646337509155,-789.6646633148193,-7.896646337509155,0.0,789.6646633148193,7.896646337509155,42.08912658691406,0.42089159965515144,4.398931550979614,0.0,0.0,nan,nan,nan,nan,nan,nan,nan,nan,nan,nan,9120,-0.000883775981125634,0.016743298433721066,1.5069612741470337,-0.0014089944306761026,0.043417809531092644,0.043417809531092644,0.05109354816377163,0.0014499501610777772,0.010040624928660691,0.5962117910385132,1.0,0.005903846153846154,0.0003859615384615385,2,0.0,0.0,0.0
285,915200,-812.7991704940796,-8.127991962432862,-812.7991704940796,-8.127991962432862,0.0,812.7991704940796,8.127991962432862,18.95461940765381,0.18954597473144474,4.315035228729248,0.0,0.0,nan,nan,nan,nan,nan,nan,nan,nan,nan,nan,9152,-0.0004249337276385656,0.0209524042904377,1.4966548085212708,0.0012368346564471723,0.030142155662178993,0.030142155662178993,0.051647501438856123,0.000535927672718306,0.0,0.6382949948310852,1.0,0.005889423076923077,0.0003848557692307692,2,0.0,0.0,0.0
286,918400,-850.1502380371094,-8.501502523422241,-850.1502380371094,-8.501502523422241,0.0,850.1502380371094,8.501502523422241,-18.396448135375977,-0.18396458625793422,4.205530924797058,0.0,0.0,nan,nan,nan,nan,nan,nan,nan,nan,nan,nan,9184,-0.0004418662845389942,0.010529298800975084,1.4911880493164062,-0.003937946632504463,0.02214905433356762,0.02214905433356762,0.03856332376599312,0.0005450561247932623,0.0,0.7646756768226624,1.0,0.005875,0.00038375000000000003,2,0.0,0.0,0.0
287,921600,-735.1070289611816,-7.351070261001587,-735.1070289611816,-7.351070261001587,0.0,735.1070289611816,7.351070261001587,96.64676094055176,0.9664676761627202,3.8865028691291807,0.0,0.0,nan,nan,nan,nan,nan,nan,nan,nan,nan,nan,9216,-0.000404253232196794,0.0242474939674139,1.4898557186126709,0.002988079655915499,0.02207519970834255,0.02207519970834255,0.0731572225689888,0.0006346380805560221,0.0005281250108964741,0.40359264612197876,1.0,0.005860576923076923,0.0003826442307692308,2,0.0,0.0,0.0
288,924800,-829.5866279602051,-8.29586612701416,-829.5866279602051,-8.29586612701416,0.0,829.5866279602051,8.29586612701416,2.1671619415283203,0.021671810150147408,4.307881484031677,0.0,0.0,nan,nan,nan,nan,nan,nan,nan,nan,nan,nan,9248,-0.0005371734448010202,0.040689696371555326,1.4808117747306824,0.011150621064007282,0.025727751292288305,0.025727751292288305,0.08220918923616409,0.0004439299535086305,9.06249973922968e-05,0.32042598724365234,1.0,0.0058461538461538455,0.00038153846153846153,2,0.0,0.0,0.0
289,928000,-808.762752532959,-8.087627096176147,-808.762752532959,-8.087627096176147,0.0,808.762752532959,8.087627096176147,22.991037368774414,0.2299108409881594,3.883891987800598,0.0,0.0,nan,nan,nan,nan,nan,nan,nan,nan,nan,nan,9280,-0.0006158067862968685,0.024247058480978013,1.4651418328285217,0.0029634101316332816,0.02766912095248699,0.02766912095248699,0.059379196539521215,0.000800987947332778,0.00025625000707805155,0.30566245317459106,1.0,0.005831730769230769,0.0003804326923076923,2,0.0,0.0,0.0
290,931200,-743.4249420166016,-7.434249296188354,-743.4249420166016,-7.434249296188354,0.0,743.4249420166016,7.434249296188354,88.32884788513184,0.8832886409759526,3.9177535581588745,0.0,0.0,nan,nan,nan,nan,nan,nan,nan,nan,nan,nan,9312,-0.00042380313708143544,0.025136056914925577,1.46114422082901,0.0036442998796701433,0.0308074701577425,0.0308074701577425,0.06588340699672698,0.0010410223239894717,0.002278125053271651,0.6063441634178162,1.0,0.005817307692307692,0.0003793269230769231,2,0.0,0.0,0.0
291,934400,-833.4369144439697,-8.334368801116943,-833.4369144439697,-8.334368801116943,0.0,833.4369144439697,8.334368801116943,-1.6831245422363281,-0.01683086395263622,3.4677399945259095,0.0,0.0,nan,nan,nan,nan,nan,nan,nan,nan,nan,nan,9344,-0.0007297626043262451,0.02003746125847101,1.4509665250778199,0.0008691766299307347,0.03320524394512177,0.03320524394512177,0.06000337675213814,0.0010382490068885299,0.004159375070594251,0.5668237209320068,1.0,0.005802884615384615,0.00037822115384615384,2,0.0,0.0,0.0
292,937600,-868.5614032745361,-8.685614318847657,-868.5614032745361,-8.685614318847657,0.0,868.5614032745361,8.685614318847657,-36.807613372802734,-0.3680763816833501,4.7990965032577515,0.0,0.0,nan,nan,nan,nan,nan,nan,nan,nan,nan,nan,9376,-0.0008031410927651806,0.024049620516598223,1.4497532844543457,0.0028298277873545887,0.02703439202159643,0.02703439202159643,0.06951145194470883,0.0008824112019290718,0.001628124970011413,0.5559423565864563,1.0,0.005788461538461538,0.0003771153846153846,2,0.0,0.0,0.0
293,940800,-869.8285083770752,-8.69828483581543,-869.8285083770752,-8.69828483581543,0.0,869.8285083770752,8.69828483581543,-38.0747184753418,-0.38074689865112354,4.24947232246399,0.0,0.0,nan,nan,nan,nan,nan,nan,nan,nan,nan,nan,9408,-0.0008687023210688594,0.03098500333726406,1.4603377819061278,0.006191753130406141,0.03512061759829521,0.03512061759829521,0.07161579392850399,0.0009948799463025465,0.0004468750092200935,0.41023439168930054,1.0,0.0057740384615384615,0.0003760096153846154,2,0.0,0.0,0.0
294,944000,-814.5248289108276,-8.145247993469239,-814.5248289108276,-8.145247993469239,0.0,814.5248289108276,8.145247993469239,17.22896099090576,0.172289943695068,4.083482491970062,0.0,0.0,nan,nan,nan,nan,nan,nan,nan,nan,nan,nan,9440,-0.00025039129490869174,0.024185596406459807,1.4554686665534973,0.0034594671800732613,0.023368971049785615,0.023368971049785615,0.05796121247112751,0.0006763758246968891,0.001265624980442226,0.5710219144821167,1.0,0.005759615384615385,0.00037490384615384615,2,0.0,0.0,0.0
295,947200,-796.634280204773,-7.9663429975509645,-796.634280204773,-7.9663429975509645,0.0,796.634280204773,7.9663429975509645,35.11950969696045,0.35119493961334225,3.84682736158371,0.0,0.0,nan,nan,nan,nan,nan,nan,nan,nan,nan,nan,9472,-0.0007216004070069281,0.030528530664741992,1.4470178127288817,0.006229268945753574,0.030730602145195008,0.030730602145195008,0.07913918308913707,0.0009521641124600626,0.0007968750142026693,0.23302078247070312,1.0,0.005745192307692308,0.00037379807692307696,2,0.0,0.0,0.0
296,950400,-837.5882272720337,-8.375882339477538,-837.5882272720337,-8.375882339477538,0.0,837.5882272720337,8.375882339477538,-5.834437370300293,-0.05834440231323157,3.736866807937622,0.0,0.0,nan,nan,nan,nan,nan,nan,nan,nan,nan,nan,9504,-0.0004326348293587579,0.02601577024906874,1.4631847381591796,0.00419007632881403,0.02983262427151203,0.02983262427151203,0.05975912697613239,0.0007628352854233884,0.0002781250048428774,0.6022787094116211,1.0,0.00573076923076923,0.0003726923076923077,2,0.0,0.0,0.0
297,953600,-833.7320642471313,-8.337320957183838,-833.7320642471313,-8.337320957183838,0.0,833.7320642471313,8.337320957183838,-1.9782743453979492,-0.01978302001953125,4.249354906082154,0.0,0.0,nan,nan,nan,nan,nan,nan,nan,nan,nan,nan,9536,-0.0006029945114336855,0.02351688388735056,1.4663483262062074,0.0027732929214835168,0.03607557937502861,0.03607557937502861,0.057320074364542964,0.001295644147104062,0.0040500000468455255,0.5024901628494263,1.0,0.0057163461538461535,0.00037158653846153846,2,0.0,0.0,0.0
298,956800,-792.859582901001,-7.928595700263977,-792.859582901001,-7.928595700263977,0.0,792.859582901001,7.928595700263977,38.89420700073242,0.3889422369003297,4.182781410217285,0.0,0.0,nan,nan,nan,nan,nan,nan,nan,nan,nan,nan,9568,-0.00041079729139710254,0.03278559595346451,1.476632869243622,0.007562353182584048,0.034962264448404314,0.034962264448404314,0.0874121569097042,0.000864023110262514,0.0006468750070780516,0.29565757513046265,1.0,0.005701923076923077,0.0003704807692307692,2,0.0,0.0,0.0
299,960000,-783.9537534713745,-7.839537477493286,-783.9537534713745,-7.839537477493286,0.0,783.9537534713745,7.839537477493286,47.80003643035889,0.478000459671021,3.7480470061302187,0.0,0.0,nan,nan,nan,nan,nan,nan,nan,nan,nan,nan,9600,-0.0005311012041492979,0.019788365438580514,1.480815851688385,0.000940941320732236,0.030545283295214175,0.030545283295214175,0.05485000237822533,0.0008322761616007094,0.00010937500046566128,0.5062427520751953,1.0,0.0056875,0.000369375,2,0.0,0.0,0.0
300,963200,-808.1248464584351,-8.081248693466186,-808.1248464584351,-8.081248693466186,0.0,808.1248464584351,8.081248693466186,23.62894344329834,0.23628924369812054,3.9348595190048217,0.0,0.0,-636.1344313621521,-6.361344313621521,-636.1344313621521,-6.361344313621521,100.0,4.655417926311493,0.0,0.0,636.1344313621521,-81.80549097061157,9632,-0.0008948976676038001,0.021051573939621447,1.4995871901512146,0.001123615587130189,0.031362219154834746,0.031362219154834746,0.053929952904582024,0.001389713190292936,0.0030656250339234246,0.5389606952667236,1.0,0.005673076923076923,0.00036826923076923077,2,0.0,0.0,0.0
301,966400,-824.2917709350586,-8.24291757583618,-824.2917709350586,-8.24291757583618,0.0,824.2917709350586,8.24291757583618,7.462018966674805,0.074620361328126,4.177492022514343,0.0,0.0,nan,nan,nan,nan,nan,nan,nan,nan,nan,nan,9664,-0.0006721280417463227,0.02724357396364212,1.5020563840866088,0.004450041614472866,0.02941089402884245,0.02941089402884245,0.06418927162885665,0.001369507918935383,0.001590625010430813,0.13871175050735474,1.0,0.005658653846153845,0.0003671634615384615,2,0.0,0.0,0.0
302,969600,-857.432806968689,-8.574327850341797,-857.432806968689,-8.574327850341797,0.0,857.432806968689,8.574327850341797,-25.679017066955566,-0.25678991317749045,5.211316499710083,0.0,0.0,nan,nan,nan,nan,nan,nan,nan,nan,nan,nan,9696,-0.0007252502209885492,0.033210006356239316,1.5072512030601501,0.007372479513287544,0.03598022237420082,0.03598022237420082,0.06714817583560943,0.001122248573302142,0.0024874999126041075,0.32429659366607666,1.0,0.005644230769230769,0.00036605769230769233,2,0.0,0.0,0.0
303,972800,-809.8125019073486,-8.098125247955322,-809.8125019073486,-8.098125247955322,0.0,809.8125019073486,8.098125247955322,21.941287994384766,0.21941268920898516,3.673291599750519,0.0,0.0,nan,nan,nan,nan,nan,nan,nan,nan,nan,nan,9728,-0.00020061697722193462,0.027853329107165335,1.4995192646980287,0.005284042283892632,0.022423255443572997,0.022423255443572997,0.06303805522620679,0.0005236620072544387,0.0,0.3417532444000244,1.0,0.005629807692307692,0.0003649519230769231,2,0.0,0.0,0.0
304,976000,-764.7179107666016,-7.647179279327393,-764.7179107666016,-7.647179279327393,0.0,764.7179107666016,7.647179279327393,67.03587913513184,0.6703586578369141,3.7634988141059877,0.0,0.0,nan,nan,nan,nan,nan,nan,nan,nan,nan,nan,9760,-0.0008684477260628043,0.041002175956964496,1.4943785190582275,0.011241129972040654,0.031259444542229176,0.031259444542229176,0.0818435586988926,0.0009301881991639312,0.0015281249812687746,0.2306046485900879,1.0,0.005615384615384615,0.0003638461538461539,2,0.0,0.0,0.0
305,979200,-817.3485279083252,-8.173485260009766,-817.3485279083252,-8.173485260009766,0.0,817.3485279083252,8.173485260009766,14.405261993408203,0.14405267715454073,4.060539791584015,0.0,0.0,nan,nan,nan,nan,nan,nan,nan,nan,nan,nan,9792,-0.0006192465171538153,0.015907678194344042,1.50061776638031,-0.0010703096631914377,0.03271917290985584,0.03271917290985584,0.042202622070908545,0.0012896899279446804,0.0013031249516643583,0.5038069486618042,1.0,0.005600961538461538,0.00036274038461538464,2,0.0,0.0,0.0
306,982400,-871.215253829956,-8.712152986526489,-871.215253829956,-8.712152986526489,0.0,871.215253829956,8.712152986526489,-39.461463928222656,-0.39461504936218184,4.220846424102783,0.0,0.0,nan,nan,nan,nan,nan,nan,nan,nan,nan,nan,9824,-0.0003591812974894637,0.028234763815999032,1.499465775489807,0.005381377227604389,0.02684495598077774,0.02684495598077774,0.061063171550631526,0.0007041461427440889,0.00010624999704305083,0.46382325887680054,1.0,0.005586538461538461,0.0003616346153846154,2,0.0,0.0,0.0
307,985600,-789.867883682251,-7.898678569793701,-789.867883682251,-7.898678569793701,0.0,789.867883682251,7.898678569793701,41.88590621948242,0.41885936737060536,3.6166428470611574,0.0,0.0,nan,nan,nan,nan,nan,nan,nan,nan,nan,nan,9856,-0.0004936219008326859,0.014675410650670528,1.5021887063980102,-0.0015262856148183345,0.03230454735457897,0.03230454735457897,0.0436009157449007,0.0007206075046276145,0.00010624999849824235,0.588401198387146,1.0,0.0055721153846153846,0.0003605288461538462,2,0.0,0.0,0.0
308,988800,-867.5935306549072,-8.675935220718383,-867.5935306549072,-8.675935220718383,0.0,867.5935306549072,8.675935220718383,-35.83974075317383,-0.3583972835540763,4.348063549995422,0.0,0.0,nan,nan,nan,nan,nan,nan,nan,nan,nan,nan,9888,-0.0005615459613676598,0.018332838732749223,1.4993154406547546,0.00027213958092033865,0.02702468167990446,0.02702468167990446,0.04635888561606407,0.0012439872727560892,0.0020281249191612003,0.5408400297164917,1.0,0.005557692307692307,0.0003594230769230769,2,0.0,0.0,0.0
309,992000,-803.595929145813,-8.035959396362305,-803.595929145813,-8.035959396362305,0.0,803.595929145813,8.035959396362305,28.15786075592041,0.28157854080200195,4.027958345413208,0.0,0.0,nan,nan,nan,nan,nan,nan,nan,nan,nan,nan,9920,-0.0008088215751573813,0.023718013241887093,1.488998258113861,0.002796266879886389,0.03816217444837093,0.03816217444837093,0.05660046897828579,0.001091366454421173,0.002134375018067658,0.4175891876220703,1.0,0.00554326923076923,0.0003583173076923077,2,0.0,0.0,0.0
310,995200,-848.6486749649048,-8.48648705482483,-848.6486749649048,-8.48648705482483,0.0,848.6486749649048,8.48648705482483,-16.894885063171387,-0.16894911766052267,4.683177189826965,0.0,0.0,nan,nan,nan,nan,nan,nan,nan,nan,nan,nan,9952,-0.0006271630507093562,0.030670993588864805,1.4817335605621338,0.006516056694090366,0.03002061154693365,0.03002061154693365,0.07421995997428894,0.0010008116147225705,0.0015343750012107194,0.38448286056518555,1.0,0.005528846153846153,0.00035721153846153845,2,0.0,0.0,0.0
311,998400,-830.185938835144,-8.301859540939331,-830.185938835144,-8.301859540939331,0.0,830.185938835144,8.301859540939331,1.5678510665893555,0.0156783962249758,4.1954066276550295,0.0,0.0,nan,nan,nan,nan,nan,nan,nan,nan,nan,nan,9984,-0.0005737782172713146,0.030156841874122618,1.4678397178649902,0.0064103536307811735,0.026811438798904418,0.026811438798904418,0.059903931245207785,0.0005869334583628869,8.750000270083547e-05,0.3855382204055786,1.0,0.0055144230769230765,0.00035610576923076926,2,0.0,0.0,0.0
312,1001600,-764.1593360900879,-7.641593561172486,-764.1593360900879,-7.641593561172486,0.0,764.1593360900879,7.641593561172486,67.59445381164551,0.6759443759918211,4.153888626098633,0.0,0.0,nan,nan,nan,nan,nan,nan,nan,nan,nan,nan,10016,-0.0006924158449574946,0.026101524010300636,1.4530210018157959,0.004366730805486441,0.034620752558112144,0.034620752558112144,0.05935465134680271,0.0012106858928753184,0.004896874912083149,0.4738168716430664,1.0,0.0055,0.000355,2,0.0,0.0,0.0
313,1004800,-841.9632425308228,-8.419632263183594,-841.9632425308228,-8.419632263183594,0.0,841.9632425308228,8.419632263183594,-10.209452629089355,-0.10209432601928725,3.863187837600708,0.0,0.0,nan,nan,nan,nan,nan,nan,nan,nan,nan,nan,10048,-0.00035521975288865804,0.025197613053023815,1.4275203466415405,0.004412813764065504,0.0236929377540946,0.0236929377540946,0.05967528261244297,0.0004453521132752974,0.00012812500353902577,0.3008573055267334,1.0,0.005485576923076923,0.00035389423076923076,2,0.0,0.0,0.0
314,1008000,-825.8599538803101,-8.258599271774292,-825.8599538803101,-8.258599271774292,0.0,825.8599538803101,8.258599271774292,5.89383602142334,0.05893866539001458,3.884586143493652,0.0,0.0,nan,nan,nan,nan,nan,nan,nan,nan,nan,nan,10080,-0.0006572408723702239,0.01944162407889962,1.4318637371063232,0.001229624869301915,0.03203419335186482,0.03203419335186482,0.05460626259446144,0.0006812145651573099,0.0001187500063679181,0.317638635635376,1.0,0.005471153846153846,0.00035278846153846157,2,0.0,0.0,0.0
315,1011200,-890.5291233062744,-8.905290813446046,-890.5291233062744,-8.905290813446046,0.0,890.5291233062744,8.905290813446046,-58.775333404541016,-0.5877528762817388,4.350631160736084,0.0,0.0,nan,nan,nan,nan,nan,nan,nan,nan,nan,nan,10112,-0.0005591210287180459,0.026342860795557498,1.4335477232933045,0.004789825389161706,0.028034470975399017,0.028034470975399017,0.06227681152522564,0.0011995057080646954,0.00253749992698431,0.3956325650215149,1.0,0.005456730769230769,0.0003516826923076923,2,0.0,0.0,0.0
316,1014400,-761.914384841919,-7.619143977165222,-761.914384841919,-7.619143977165222,0.0,761.914384841919,7.619143977165222,69.83940505981445,0.6983939599990849,3.874648456573486,0.0,0.0,nan,nan,nan,nan,nan,nan,nan,nan,nan,nan,10144,-0.0006399212315692182,0.027900440990924834,1.4328657746315003,0.005512202624231577,0.03342168498784304,0.03342168498784304,0.06352748498320579,0.0005002927438916419,0.00018125000060535966,0.47348856925964355,1.0,0.0054423076923076925,0.0003505769230769231,2,0.0,0.0,0.0
317,1017600,-822.278980255127,-8.222790250778198,-822.278980255127,-8.222790250778198,0.0,822.278980255127,8.222790250778198,9.474809646606445,0.09474768638610875,3.9391822099685667,0.0,0.0,nan,nan,nan,nan,nan,nan,nan,nan,nan,nan,10176,-0.0005326036853366744,0.015175268240272998,1.4283047914505005,-0.000697642844170332,0.023966672457754613,0.023966672457754613,0.043893226608634,0.0008447806325429105,0.002534375025425106,0.5271680355072021,1.0,0.005427884615384616,0.0003494711538461539,2,0.0,0.0,0.0
318,1020800,-893.7581262588501,-8.937581052780152,-893.7581262588501,-8.937581052780152,0.0,893.7581262588501,8.937581052780152,-62.0043363571167,-0.6200431156158448,4.7224126720428465,0.0,0.0,nan,nan,nan,nan,nan,nan,nan,nan,nan,nan,10208,-0.0004648882577414248,0.04247004464268685,1.4263465523719787,0.013048661593347787,0.025600339472293853,0.025600339472293853,0.08595028594136238,0.0006087572102850267,0.0008468749816529453,0.38867413997650146,1.0,0.005413461538461539,0.00034836538461538463,2,0.0,0.0,0.0
319,1024000,-842.4888772964478,-8.424888515472412,-842.4888772964478,-8.424888515472412,0.0,842.4888772964478,8.424888515472412,-10.735087394714355,-0.10735057830810568,4.334563655853271,0.0,0.0,nan,nan,nan,nan,nan,nan,nan,nan,nan,nan,10240,-0.00046998676073926047,0.02881284188479185,1.4197152972221374,0.006271336600184441,0.03074449859559536,0.03074449859559536,0.06971769332885742,0.0006696757025573707,0.00020000000949949026,0.481518030166626,1.0,0.005399038461538461,0.00034725961538461543,2,0.0,0.0,0.0
320,1027200,-764.1833200454712,-7.6418333339691165,-764.1833200454712,-7.6418333339691165,0.0,764.1833200454712,7.6418333339691165,67.5704698562622,0.6757046031951903,3.4462171363830567,0.0,0.0,-604.6799783706665,-6.046799783706665,-604.6799783706665,-6.046799783706665,100.0,4.273487133979797,0.0,0.0,604.6799783706665,-50.35103797912598,10272,-0.0006147316468238628,0.019377194158732892,1.4225619435310364,0.0014139168430119752,0.032264803722500804,0.032264803722500804,0.05508425161242485,0.0010573604198733711,0.002049999957671389,0.6617554426193237,1.0,0.005384615384615384,0.0003461538461538462,2,0.0,0.0,0.0
321,1030400,-791.2089681625366,-7.912089819908142,-791.2089681625366,-7.912089819908142,0.0,791.2089681625366,7.912089819908142,40.54482173919678,0.4054481172561646,4.029204242229461,0.0,0.0,nan,nan,nan,nan,nan,nan,nan,nan,nan,nan,10304,-0.0009022094029991434,0.017774217016994952,1.4289291262626649,0.00031127491965889933,0.04476818405091763,0.04476818405091763,0.052487732097506526,0.001650749765395558,0.009415624756366014,0.5610798597335815,1.0,0.005370192307692308,0.000345048076923077,2,0.0,0.0,0.0
322,1033600,-870.3022747039795,-8.703022832870483,-870.3022747039795,-8.703022832870483,0.0,870.3022747039795,8.703022832870483,-38.548484802246094,-0.38548489570617583,4.357484469413757,0.0,0.0,nan,nan,nan,nan,nan,nan,nan,nan,nan,nan,10336,-0.0004812049574510091,0.027160554379224777,1.4316881537437438,0.00543128065764904,0.021054216474294663,0.021054216474294663,0.07577733434736729,0.0010075625526959416,0.0011406249948777258,0.5692720413208008,1.0,0.00535576923076923,0.0003439423076923077,2,0.0,0.0,0.0
323,1036800,-825.6600189208984,-8.256600322723388,-825.6600189208984,-8.256600322723388,0.0,825.6600189208984,8.256600322723388,6.093770980834961,0.06093761444091861,3.797084934711456,0.0,0.0,nan,nan,nan,nan,nan,nan,nan,nan,nan,nan,10368,-0.0007423427152389195,0.020480921398848294,1.4302338004112243,0.0018587437458336352,0.03462877348065376,0.03462877348065376,0.06223661564290524,0.0011123177291673392,0.0042406250024214385,0.6965996026992798,1.0,0.005341346153846153,0.00034283653846153844,2,0.0,0.0,0.0
324,1040000,-891.7751989364624,-8.91775158882141,-891.7751989364624,-8.91775158882141,0.0,891.7751989364624,8.91775158882141,-60.021409034729004,-0.6002136516571035,4.644419493675232,0.0,0.0,nan,nan,nan,nan,nan,nan,nan,nan,nan,nan,10400,-0.0004865969337697784,0.028912956081330776,1.4449111104011536,0.006272951140999794,0.027534401044249535,0.027534401044249535,0.08506456315517426,0.0005214377501041553,2.8124998789280652e-05,0.2053384780883789,1.0,0.005326923076923076,0.0003417307692307692,2,0.0,0.0,0.0
325,1043200,-776.0656585693359,-7.760656485557556,-776.0656585693359,-7.760656485557556,0.0,776.0656585693359,7.760656485557556,55.68813133239746,0.5568814516067508,3.8080764698982237,0.0,0.0,nan,nan,nan,nan,nan,nan,nan,nan,nan,nan,10432,-0.0003993082638421797,0.012712932005524636,1.4448135852813722,-0.0017184145282953978,0.024143256433308124,0.024143256433308124,0.04804640337824821,0.0005487795384404946,0.0001468749949708581,0.6707361936569214,1.0,0.0053124999999999995,0.000340625,2,0.0,0.0,0.0
326,1046400,-836.1717214584351,-8.361717205047608,-836.1717214584351,-8.361717205047608,0.0,836.1717214584351,8.361717205047608,-4.41793155670166,-0.044179267883301065,3.9927203178405763,0.0,0.0,nan,nan,nan,nan,nan,nan,nan,nan,nan,nan,10464,-0.0010445350872352321,0.02865470536053181,1.4472278952598572,0.005615292629227042,0.04320038557052612,0.04320038557052612,0.0619121752679348,0.0015166383911499783,0.009849999751895665,0.5199135541915894,1.0,0.005298076923076923,0.00033951923076923075,2,0.0,0.0,0.0
327,1049600,-892.8662567138672,-8.92866273880005,-892.8662567138672,-8.92866273880005,0.0,892.8662567138672,8.92866273880005,-61.11246681213379,-0.6111248016357429,4.432224521636963,0.0,0.0,nan,nan,nan,nan,nan,nan,nan,nan,nan,nan,10496,-0.0010410901054565436,0.051713446527719496,1.451887321472168,0.01714436346665025,0.040579690411686895,0.040579690411686895,0.09507210478186608,0.0013309606161791276,0.003125000069849193,0.3055562376976013,1.0,0.005283653846153846,0.00033841346153846156,2,0.0,0.0,0.0
328,1052800,-782.1190242767334,-7.821190247535705,-782.1190242767334,-7.821190247535705,0.0,782.1190242767334,7.821190247535705,49.634765625,0.49634768962860143,3.818186695575714,0.0,0.0,nan,nan,nan,nan,nan,nan,nan,nan,nan,nan,10528,-0.0005757606489961376,0.026400614902377127,1.4281969666481018,0.005099047441035509,0.02942973840981722,0.02942973840981722,0.06511249840259552,0.0008816413035682404,0.0006656250217929483,0.5015255212783813,1.0,0.005269230769230769,0.0003373076923076923,2,0.0,0.0,0.0
329,1056000,-859.8895444869995,-8.598895711898804,-859.8895444869995,-8.598895711898804,0.0,859.8895444869995,8.598895711898804,-28.135754585266113,-0.28135777473449686,4.003879406452179,0.0,0.0,nan,nan,nan,nan,nan,nan,nan,nan,nan,nan,10560,-0.0008133660433697898,0.026627024821937084,1.4217155933380128,0.005029304139316082,0.042893055081367495,0.042893055081367495,0.06482914052903652,0.0013629161521757135,0.008403124939650296,0.45205068588256836,1.0,0.0052548076923076914,0.00033620192307692306,2,0.0,0.0,0.0
330,1059200,-811.8906078338623,-8.11890585899353,-811.8906078338623,-8.11890585899353,0.0,811.8906078338623,8.11890585899353,19.863182067871094,0.19863207817077644,3.6266686129570007,0.0,0.0,nan,nan,nan,nan,nan,nan,nan,nan,nan,nan,10592,-0.0007135601851100404,0.02182204518467188,1.4350719809532166,0.0026771333534270523,0.03455749433487654,0.03455749433487654,0.06034931316971779,0.0014944091497462865,0.006500000134110451,0.6296908855438232,1.0,0.005240384615384615,0.00033509615384615387,2,0.0,0.0,0.0
331,1062400,-734.3900814056396,-7.343900618553161,-734.3900814056396,-7.343900618553161,0.0,734.3900814056396,7.343900618553161,97.36370849609375,0.9736373186111456,3.5558937788009644,0.0,0.0,nan,nan,nan,nan,nan,nan,nan,nan,nan,nan,10624,-0.000623943249633907,0.026812833547592164,1.431083369255066,0.005303687136620283,0.030591988004744053,0.030591988004744053,0.06793674863874913,0.0005582093966957967,0.0002593750003143214,0.4225198030471802,1.0,0.005225961538461538,0.0003339903846153846,2,0.0,0.0,0.0
332,1065600,-840.7697277069092,-8.40769681930542,-840.7697277069092,-8.40769681930542,0.0,840.7697277069092,8.40769681930542,-9.015937805175781,-0.09015888214111278,4.386394124031067,0.0,0.0,nan,nan,nan,nan,nan,nan,nan,nan,nan,nan,10656,-0.0004162021147501971,0.030700016766786575,1.4334217667579652,0.007463473500683904,0.025518883764743806,0.025518883764743806,0.07018390223383904,0.000618212443806329,0.0,0.3691157102584839,1.0,0.005211538461538461,0.0003328846153846154,2,0.0,0.0,0.0
333,1068800,-822.2764415740967,-8.222764720916748,-822.2764415740967,-8.222764720916748,0.0,822.2764415740967,8.222764720916748,9.477348327636719,0.09477321624755852,4.1361372709274296,0.0,0.0,nan,nan,nan,nan,nan,nan,nan,nan,nan,nan,10688,-0.00057150609545642,0.03439358603209257,1.4248237609863281,0.009220313839614391,0.025722167268395425,0.025722167268395425,0.07231730818748475,0.0007031028866557865,0.0007281250196683686,0.2294287085533142,1.0,0.005197115384615384,0.0003317788461538462,2,0.0,0.0,0.0
334,1072000,-807.062108039856,-8.070620784759521,-807.062108039856,-8.070620784759521,0.0,807.062108039856,8.070620784759521,24.69168186187744,0.2469171524047855,3.7944392204284667,0.0,0.0,nan,nan,nan,nan,nan,nan,nan,nan,nan,nan,10720,-0.0010876194952230023,0.023208695091307165,1.442056453227997,0.003042993042618036,0.042911356687545775,0.042911356687545775,0.05575557574629784,0.0012668709641737695,0.006812499812804162,0.42918169498443604,1.0,0.005182692307692307,0.00033067307692307693,2,0.0,0.0,0.0
335,1075200,-875.8892908096313,-8.758892946243286,-875.8892908096313,-8.758892946243286,0.0,875.8892908096313,8.758892946243286,-44.13550090789795,-0.44135500907897907,4.3339327573776245,0.0,0.0,nan,nan,nan,nan,nan,nan,nan,nan,nan,nan,10752,-0.0009061734755523076,0.03582981303334236,1.434519398212433,0.009594750357791781,0.03895856626331806,0.03895856626331806,0.06535447612404824,0.0018000707699692316,0.007349999944563024,0.519288182258606,1.0,0.005168269230769231,0.00032956730769230773,2,0.0,0.0,0.0
336,1078400,-758.0276107788086,-7.580276222229004,-758.0276107788086,-7.580276222229004,0.0,758.0276107788086,7.580276222229004,73.7261791229248,0.7372617149353031,2.9749547123908995,0.0,0.0,nan,nan,nan,nan,nan,nan,nan,nan,nan,nan,10784,-0.0006566331352310772,0.026558633893728256,1.436920440196991,0.005217017140239477,0.03341652806848287,0.03341652806848287,0.06346278972923755,0.001136167246296176,0.0007968749967403709,0.5250524282455444,1.0,0.005153846153846154,0.0003284615384615385,2,0.0,0.0,0.0
337,1081600,-858.4850931167603,-8.584850759506226,-858.4850931167603,-8.584850759506226,0.0,858.4850931167603,8.584850759506226,-26.731303215026855,-0.26731282234191944,4.296864848136902,0.0,0.0,nan,nan,nan,nan,nan,nan,nan,nan,nan,nan,10816,-0.0002621064924003713,0.02411959506571293,1.4501099586486816,0.004344962630420923,0.02426634356379509,0.02426634356379509,0.06405358016490936,0.000657867085465866,0.0,0.6076152920722961,1.0,0.005139423076923077,0.00032735576923076924,2,0.0,0.0,0.0
338,1084800,-831.0320043563843,-8.31031967163086,-831.0320043563843,-8.31031967163086,0.0,831.0320043563843,8.31031967163086,0.7217855453491211,0.007218265533447621,4.007378442287445,0.0,0.0,nan,nan,nan,nan,nan,nan,nan,nan,nan,nan,10848,-0.000599197430346976,0.035407955013215545,1.4588960766792298,0.009627937525510787,0.025617489032447337,0.025617489032447337,0.07070471495389938,0.0006553593215365661,0.0006687499932013452,0.07541364431381226,1.0,0.005125,0.00032625000000000004,2,0.0,0.0,0.0
339,1088000,-755.6971750259399,-7.556971821784973,-755.6971750259399,-7.556971821784973,0.0,755.6971750259399,7.556971821784973,76.05661487579346,0.7605661153793335,3.814572911262512,0.0,0.0,nan,nan,nan,nan,nan,nan,nan,nan,nan,nan,10880,-0.00036054563157231765,0.025282939337193965,1.4495094180107118,0.004873094893991947,0.03007328324019909,0.03007328324019909,0.06500879935920238,0.0006359267550586162,0.0006499999755760655,0.5202624797821045,1.0,0.005110576923076923,0.0003251442307692308,2,0.0,0.0,0.0
340,1091200,-777.202278137207,-7.772022814750671,-777.202278137207,-7.772022814750671,0.0,777.202278137207,7.772022814750671,54.55151176452637,0.5455151224136356,4.200568909645081,0.0,0.0,-617.8334908485413,-6.178334908485413,-617.8334908485413,-6.178334908485413,100.0,3.9067932629585265,0.0,0.0,617.8334908485413,-63.50455045700073,10912,-0.000717196942679621,0.022931195609271527,1.4597732067108153,0.0033091720193624496,0.03587125726044178,0.03587125726044178,0.058891279995441435,0.001079554226453922,0.0018718750681728125,0.379177987575531,1.0,0.005096153846153847,0.0003240384615384616,2,0.0,0.0,0.0
341,1094400,-710.8578033447266,-7.108578104972839,-710.8578033447266,-7.108578104972839,0.0,710.8578033447266,7.108578104972839,120.89598655700684,1.2089598321914679,3.4191609954833986,0.0,0.0,nan,nan,nan,nan,nan,nan,nan,nan,nan,nan,10944,-0.0006147950429351567,0.024758868478238584,1.4573779463768006,0.004358636634424329,0.02810425516217947,0.02810425516217947,0.056963533908128736,0.0016338276633185208,0.0015125000383704901,0.43632930517196655,1.0,0.005081730769230769,0.00032293269230769235,2,0.0,0.0,0.0
342,1097600,-899.7515811920166,-8.997515344619751,-899.7515811920166,-8.997515344619751,0.0,899.7515811920166,8.997515344619751,-67.9977912902832,-0.6799774074554445,4.69695791721344,0.0,0.0,nan,nan,nan,nan,nan,nan,nan,nan,nan,nan,10976,-0.00040004341662207564,0.03225023970007897,1.4522045969963073,0.008366309199482202,0.0288459662348032,0.0288459662348032,0.07748700827360153,0.00034813956226647494,0.00013437500456348062,0.42182856798171997,1.0,0.005067307692307691,0.00032182692307692305,2,0.0,0.0,0.0
343,1100800,-786.4400424957275,-7.864400525093078,-786.4400424957275,-7.864400525093078,0.0,786.4400424957275,7.864400525093078,45.31374740600586,0.4531374120712286,3.843803975582123,0.0,0.0,nan,nan,nan,nan,nan,nan,nan,nan,nan,nan,11008,-0.0005869489612232215,0.02066248431801796,1.452842617034912,0.0024032472632825375,0.025275779142975806,0.025275779142975806,0.05249447897076607,0.0006522899730051528,0.000993750023189932,0.4224509596824646,1.0,0.0050528846153846145,0.0003207211538461538,2,0.0,0.0,0.0
344,1104000,-821.2726993560791,-8.212726917266846,-821.2726993560791,-8.212726917266846,0.0,821.2726993560791,8.212726917266846,10.481090545654297,0.10481101989746122,4.475661096572876,0.0,0.0,nan,nan,nan,nan,nan,nan,nan,nan,nan,nan,11040,-0.00035947493876808956,0.023206149227917194,1.4498806953430177,0.003938431339338422,0.025838617980480195,0.025838617980480195,0.058671409264206886,0.00029670332533061883,0.0,0.4137595295906067,1.0,0.005038461538461538,0.0003196153846153846,2,0.0,0.0,0.0
345,1107200,-871.8230037689209,-8.718229713439941,-871.8230037689209,-8.718229713439941,0.0,871.8230037689209,8.718229713439941,-40.0692138671875,-0.4006917762756341,4.719133090972901,0.0,0.0,nan,nan,nan,nan,nan,nan,nan,nan,nan,nan,11072,-0.0005230969789962181,0.0334255350753665,1.4452528357505798,0.008928664773702622,0.0311490748077631,0.0311490748077631,0.07653129771351815,0.0004987549630648824,0.0005093750194646418,0.3274059295654297,1.0,0.005024038461538461,0.00031850961538461536,2,0.0,0.0,0.0
346,1110400,-779.5941352844238,-7.795941410064697,-779.5941352844238,-7.795941410064697,0.0,779.5941352844238,7.795941410064697,52.15965461730957,0.5215965270996099,3.423223621845245,0.0,0.0,nan,nan,nan,nan,nan,nan,nan,nan,nan,nan,11104,-0.0005645215241587675,0.028799358010292053,1.426762306690216,0.00668762712739408,0.024757131934165955,0.024757131934165955,0.06680314876139164,0.0005474092282391343,0.0004249999998137355,0.45358383655548096,1.0,0.005009615384615384,0.00031740384615384616,2,0.0,0.0,0.0
347,1113600,-912.0395212173462,-9.120395135879516,-912.0395212173462,-9.120395135879516,0.0,912.0395212173462,9.120395135879516,-80.2857313156128,-0.8028571987152091,4.115259928703308,0.0,0.0,nan,nan,nan,nan,nan,nan,nan,nan,nan,nan,11136,-0.0005589320078579263,0.03129686769098043,1.4210751533508301,0.007990958029404282,0.02573685497045517,0.02573685497045517,0.07953297346830368,0.0006148664624569351,0.00011562500149011611,0.406144917011261,1.0,0.004995192307692307,0.0003162980769230769,2,0.0,0.0,0.0
348,1116800,-842.0549325942993,-8.420549583435058,-842.0549325942993,-8.420549583435058,0.0,842.0549325942993,8.420549583435058,-10.301142692565918,-0.1030116462707511,4.259786612987519,0.0,0.0,nan,nan,nan,nan,nan,nan,nan,nan,nan,nan,11168,-0.0007991817802773582,0.026263890974223613,1.3923014640808105,0.005398031789809465,0.031593292765319345,0.031593292765319345,0.05789669156074524,0.0011228136048893633,0.0009375000197906047,0.47300034761428833,1.0,0.0049807692307692305,0.00031519230769230767,2,0.0,0.0,0.0
349,1120000,-817.3932685852051,-8.173932552337646,-817.3932685852051,-8.173932552337646,0.0,817.3932685852051,8.173932552337646,14.36052131652832,0.1436053848266603,4.4120234107971195,0.0,0.0,nan,nan,nan,nan,nan,nan,nan,nan,nan,nan,11200,-0.0005138916719530151,0.020857155323028564,1.3814337611198426,0.003054007748141885,0.03377588354051113,0.03377588354051113,0.060844160988926886,0.0008790793679518251,5.625000048894435e-05,0.37207746505737305,1.0,0.004966346153846154,0.0003140865384615385,2,0.0,0.0,0.0
350,1123200,-772.6801652908325,-7.726801624298096,-772.6801652908325,-7.726801624298096,0.0,772.6801652908325,7.726801624298096,59.07362461090088,0.5907363128662109,4.219190382957459,0.0,0.0,nan,nan,nan,nan,nan,nan,nan,nan,nan,nan,11232,-0.0006204557539254196,0.04754140563309193,1.3889940857887269,0.016272054985165596,0.03706300873309374,0.03706300873309374,0.08106247410178184,0.0010507565795714823,0.0054656249812978785,0.3755108118057251,1.0,0.004951923076923077,0.0003129807692307692,2,0.0,0.0,0.0
351,1126400,-881.8258466720581,-8.818258361816406,-881.8258466720581,-8.818258361816406,0.0,881.8258466720581,8.818258361816406,-50.07205677032471,-0.5007204246520995,4.502970032691955,0.0,0.0,nan,nan,nan,nan,nan,nan,nan,nan,nan,nan,11264,-0.0005263773697398832,0.027647200971841812,1.3668798565864564,0.006548253446817398,0.027388816326856615,0.027388816326856615,0.06375176049768924,0.0005319784659159291,0.0013124999910360201,0.501164436340332,1.0,0.004937499999999999,0.00031187500000000003,2,0.0,0.0,0.0
352,1129600,-780.7473731040955,-7.807473773956299,-780.7473731040955,-7.807473773956299,0.0,780.7473731040955,7.807473773956299,51.00641679763794,0.5100641632080078,4.010480091571808,0.0,0.0,nan,nan,nan,nan,nan,nan,nan,nan,nan,nan,11296,-0.0007529845776909738,0.030666759237647057,1.379684293270111,0.007788103353232145,0.02971486486494541,0.02971486486494541,0.06794506125152111,0.0006777959646578645,0.0026625000173226,0.2615874409675598,1.0,0.004923076923076922,0.0003107692307692308,2,0.0,0.0,0.0
353,1132800,-815.8043432235718,-8.158043622970581,-815.8043432235718,-8.158043622970581,0.0,815.8043432235718,8.158043622970581,15.949446678161621,0.15949431419372573,4.3453003644943236,0.0,0.0,nan,nan,nan,nan,nan,nan,nan,nan,nan,nan,11328,-0.00042454651047298955,0.02650009710341692,1.386716890335083,0.006018588645383715,0.02493838109076023,0.02493838109076023,0.06535534113645554,0.00039152423814900716,0.0002406249986961484,0.3662837743759155,1.0,0.004908653846153846,0.00030966346153846154,2,0.0,0.0,0.0
354,1136000,-851.9242258071899,-8.51924222946167,-851.9242258071899,-8.51924222946167,0.0,851.9242258071899,8.51924222946167,-20.170435905456543,-0.20170429229736264,4.523476610183716,0.0,0.0,nan,nan,nan,nan,nan,nan,nan,nan,nan,nan,11360,-0.000587920721538826,0.046785952895879744,1.399163508415222,0.01595722632482648,0.03535468392074108,0.03535468392074108,0.07991322427988053,0.0007734580027326276,0.00116249999118736,0.34214162826538086,1.0,0.004894230769230769,0.00030855769230769234,2,0.0,0.0,0.0
355,1139200,-745.3686990737915,-7.453687043190002,-745.3686990737915,-7.453687043190002,0.0,745.3686990737915,7.453687043190002,86.3850908279419,0.8638508939743046,3.5226438450813293,0.0,0.0,nan,nan,nan,nan,nan,nan,nan,nan,nan,nan,11392,-0.0005781318571475679,0.02035587765276432,1.415781569480896,0.002691065240651369,0.032221550866961476,0.032221550866961476,0.0535545889288187,0.0008919459000034172,0.0010968750102620106,0.49928778409957886,1.0,0.004879807692307692,0.0003074519230769231,2,0.0,0.0,0.0
356,1142400,-854.0351047515869,-8.540350885391236,-854.0351047515869,-8.540350885391236,0.0,854.0351047515869,8.540350885391236,-22.281314849853516,-0.2228129482269292,4.449812183380127,0.0,0.0,nan,nan,nan,nan,nan,nan,nan,nan,nan,nan,11424,-0.0005884129000111038,0.028410766460001468,1.4188845753669739,0.00671355128288269,0.03905178792774677,0.03905178792774677,0.06562730483710766,0.00038995910163145374,0.000299999990966171,0.3090692162513733,1.0,0.004865384615384615,0.0003063461538461539,2,0.0,0.0,0.0
357,1145600,-869.8075551986694,-8.698075809478759,-869.8075551986694,-8.698075809478759,0.0,869.8075551986694,8.698075809478759,-38.053765296936035,-0.38053787231445213,4.2832417678833,0.0,0.0,nan,nan,nan,nan,nan,nan,nan,nan,nan,nan,11456,-0.00047000960315344285,0.032103574834764004,1.4209692478179932,0.008688710303977132,0.019364272803068162,0.019364272803068162,0.06257895044982434,0.0006493937455169021,0.0008687500085216016,0.2804688811302185,1.0,0.004850961538461538,0.00030524038461538465,2,0.0,0.0,0.0
358,1148800,-842.9799861907959,-8.429799699783326,-842.9799861907959,-8.429799699783326,0.0,842.9799861907959,8.429799699783326,-11.2261962890625,-0.11226176261901877,3.9839986038208006,0.0,0.0,nan,nan,nan,nan,nan,nan,nan,nan,nan,nan,11488,-0.0005679200879123769,0.027655079029500484,1.427664613723755,0.00635466487146914,0.033627578616142274,0.033627578616142274,0.06128126345574856,0.0007286634045165879,0.0006125000072643161,0.32192379236221313,1.0,0.0048365384615384616,0.0003041346153846154,2,0.0,0.0,0.0
359,1152000,-807.1970815658569,-8.07197075843811,-807.1970815658569,-8.07197075843811,0.0,807.1970815658569,8.07197075843811,24.556708335876465,0.24556717872619593,4.109932446479798,0.0,0.0,nan,nan,nan,nan,nan,nan,nan,nan,nan,nan,11520,-0.000531739868345893,0.02198080439120531,1.4332717299461364,0.003547260630875826,0.03223738819360733,0.03223738819360733,0.058124300092458725,0.0010090741165193677,0.0010625000344589353,0.48431992530822754,1.0,0.004822115384615385,0.0003030288461538462,2,0.0,0.0,0.0
360,1155200,-766.417477607727,-7.664175238609314,-766.417477607727,-7.664175238609314,0.0,766.417477607727,7.664175238609314,65.33631229400635,0.653362698554993,3.681052203178406,0.0,0.0,-633.4338004589081,-6.334338004589081,-633.4338004589081,-6.334338004589081,100.0,4.504718370437622,0.0,0.0,633.4338004589081,-79.10486006736755,11552,-0.0006906748694192721,0.023673046194016934,1.3905624151229858,0.004460451798513532,0.030053777061402796,0.030053777061402796,0.05536369867622852,0.0010964962119040904,0.003981250093784183,0.5460002422332764,1.0,0.004807692307692308,0.00030192307692307696,2,0.0,0.0,0.0
361,1158400,-831.17174243927,-8.311717252731324,-831.17174243927,-8.311717252731324,0.0,831.17174243927,8.311717252731324,0.5820474624633789,0.005820684432983114,3.920795621871948,0.0,0.0,nan,nan,nan,nan,nan,nan,nan,nan,nan,nan,11584,-0.0005610970035369922,0.026728873327374458,1.3740892171859742,0.006216960400342942,0.027150773257017136,0.027150773257017136,0.061620040237903594,0.0005536793341897788,0.0005656250054016709,0.45708686113357544,1.0,0.00479326923076923,0.00030081730769230766,2,0.0,0.0,0.0
362,1161600,-896.3311471939087,-8.963311729431153,-896.3311471939087,-8.963311729431153,0.0,896.3311471939087,8.963311729431153,-64.5773572921753,-0.6457737922668461,4.282158288955689,0.0,0.0,nan,nan,nan,nan,nan,nan,nan,nan,nan,nan,11616,-0.0004871032192633962,0.0326154962182045,1.334851586818695,0.00944159459322691,0.025614763610064983,0.025614763610064983,0.06526633687317371,0.0006237501514997473,0.0002500000118743628,0.38881534337997437,1.0,0.004778846153846153,0.00029971153846153846,2,0.0,0.0,0.0
363,1164800,-800.0998945236206,-8.000998558998107,-800.0998945236206,-8.000998558998107,0.0,800.0998945236206,8.000998558998107,31.653895378112793,0.31653937816619937,3.85814453125,0.0,0.0,nan,nan,nan,nan,nan,nan,nan,nan,nan,nan,11648,-0.0003736208303991795,0.02092253603041172,1.315661871433258,0.0038192772306501867,0.029781849309802055,0.029781849309802055,0.04772106036543846,0.00030996452897037117,0.0,0.3976520895957947,1.0,0.004764423076923076,0.0002986057692307692,2,0.0,0.0,0.0
364,1168000,-837.7237167358398,-8.377236919403076,-837.7237167358398,-8.377236919403076,0.0,837.7237167358398,8.377236919403076,-5.969926834106445,-0.05969898223876946,4.5549418210983275,0.0,0.0,nan,nan,nan,nan,nan,nan,nan,nan,nan,nan,11680,-0.0005870466650725658,0.034259168058633806,1.3192387104034424,0.010276153590530157,0.03985963426530361,0.03985963426530361,0.07573466002941132,0.0007555079138920567,0.0020249999994121025,0.29167765378952026,1.0,0.004749999999999999,0.00029749999999999997,2,0.0,0.0,0.0
365,1171200,-801.564453125,-8.015644588470458,-801.564453125,-8.015644588470458,0.0,801.564453125,8.015644588470458,30.1893367767334,0.30189334869384865,4.229041390419006,0.0,0.0,nan,nan,nan,nan,nan,nan,nan,nan,nan,nan,11712,-0.000455348160793001,0.028404342569410802,1.3261846065521241,0.0074665738269686695,0.021595086343586443,0.021595086343586443,0.06251155063509942,0.0010072962602872492,0.0007656250192667358,0.3501579165458679,1.0,0.004735576923076922,0.0002963942307692308,2,0.0,0.0,0.0
366,1174400,-752.8883571624756,-7.528883605003357,-752.8883571624756,-7.528883605003357,0.0,752.8883571624756,7.528883605003357,78.86543273925781,0.7886543321609496,3.793739981651306,0.0,0.0,nan,nan,nan,nan,nan,nan,nan,nan,nan,nan,11744,-0.0004355427266942158,0.03254379704594612,1.3291533946990968,0.009561217948794365,0.025893662869930268,0.025893662869930268,0.06835319511592389,0.000777639446097125,0.0013718749687541276,0.06547075510025024,1.0,0.004721153846153845,0.0002952884615384615,2,0.0,0.0,0.0
367,1177600,-783.5623035430908,-7.8356232070922855,-783.5623035430908,-7.8356232070922855,0.0,783.5623035430908,7.8356232070922855,48.19148635864258,0.48191473007202124,3.723619647026062,0.0,0.0,nan,nan,nan,nan,nan,nan,nan,nan,nan,nan,11776,-0.0007820384788967294,0.025218847207725048,1.3249028682708741,0.005591424228623509,0.04747950993478298,0.04747950993478298,0.057925102114677426,0.0007671541212413467,0.0009812500386033208,0.4336756467819214,1.0,0.004706730769230769,0.00029418269230769233,2,0.0,0.0,0.0
368,1180800,-941.2333889007568,-9.412333898544311,-941.2333889007568,-9.412333898544311,0.0,941.2333889007568,9.412333898544311,-109.47959899902344,-1.0947959613800045,5.063068008422851,0.0,0.0,nan,nan,nan,nan,nan,nan,nan,nan,nan,nan,11808,-0.0006047868691734237,0.044895533844828604,1.3564672350883484,0.015478018578141928,0.02850414551794529,0.02850414551794529,0.08768190294504166,0.0010731749454872261,0.0010218749986961484,-0.01492917537689209,1.0,0.004692307692307692,0.0002930769230769231,2,0.0,0.0,0.0
369,1184000,-768.1958198547363,-7.681958689689636,-768.1958198547363,-7.681958689689636,0.0,768.1958198547363,7.681958689689636,63.55797004699707,0.6355792474746709,3.610039484500885,0.0,0.0,nan,nan,nan,nan,nan,nan,nan,nan,nan,nan,11840,-0.0006611544075247388,0.026565416529774667,1.3495291471481323,0.006308612041175365,0.03312882855534553,0.03312882855534553,0.05498855225741863,0.0008520924209743155,0.0013343750033527613,0.38190650939941406,1.0,0.004677884615384615,0.00029197115384615383,2,0.0,0.0,0.0
370,1187200,-794.3422679901123,-7.943422451019287,-794.3422679901123,-7.943422451019287,0.0,794.3422679901123,7.943422451019287,37.411521911621094,0.37411548614502,4.075145783424378,0.0,0.0,nan,nan,nan,nan,nan,nan,nan,nan,nan,nan,11872,-0.00041734518543528053,0.02659559193998575,1.367179524898529,0.0065046618692576885,0.026135050505399705,0.026135050505399705,0.06698767505586148,0.0008360542709861689,0.0017500000132713467,0.4249598979949951,1.0,0.004663461538461538,0.00029086538461538464,2,0.0,0.0,0.0
371,1190400,-793.3882875442505,-7.933882822990418,-793.3882875442505,-7.933882822990418,0.0,793.3882875442505,7.933882822990418,38.36550235748291,0.3836551141738891,4.217987098693848,0.0,0.0,nan,nan,nan,nan,nan,nan,nan,nan,nan,nan,11904,-0.00024780120686411776,0.032744736038148405,1.3795242071151734,0.009711105795577168,0.022870132699608803,0.022870132699608803,0.0784031268209219,0.0002186218918733088,0.0,0.056811630725860596,1.0,0.004649038461538461,0.0002897596153846154,2,0.0,0.0,0.0
372,1193600,-903.4485292434692,-9.034485187530517,-903.4485292434692,-9.034485187530517,0.0,903.4485292434692,9.034485187530517,-71.69473934173584,-0.7169472503662107,4.868202481269837,0.0,0.0,nan,nan,nan,nan,nan,nan,nan,nan,nan,nan,11936,-0.0006416717952975936,0.05522414818406105,1.376084280014038,0.020592780597507954,0.03723079562187195,0.03723079562187195,0.09114707708358764,0.0004876126955433207,0.0002531250007450581,0.10306185483932495,1.0,0.004634615384615385,0.0002886538461538462,2,0.0,0.0,0.0
373,1196800,-775.8401126861572,-7.758401002883911,-775.8401126861572,-7.758401002883911,0.0,775.8401126861572,7.758401002883911,55.91367721557617,0.5591369342803958,3.985391478538513,0.0,0.0,nan,nan,nan,nan,nan,nan,nan,nan,nan,nan,11968,-0.00046620808401200977,0.04382860884070396,1.3921470522880555,0.015016109403222799,0.029716173745691778,0.029716173745691778,0.06495882458984852,0.0009977245539640304,0.0037375000276369972,0.29456835985183716,1.0,0.004620192307692308,0.00028754807692307695,2,0.0,0.0,0.0
374,1200000,-866.5109128952026,-8.665108861923217,-866.5109128952026,-8.665108861923217,0.0,866.5109128952026,8.665108861923217,-34.75712299346924,-0.3475709247589105,3.8230688190460205,0.0,0.0,nan,nan,nan,nan,nan,nan,nan,nan,nan,nan,12000,-0.0004632131972001297,0.034258108399808404,1.3984370589256288,0.010224962746724487,0.025938266515731813,0.025938266515731813,0.06479330733418465,0.00035535628922024674,0.0004437499912455678,0.381050705909729,1.0,0.00460576923076923,0.0002864423076923077,2,0.0,0.0,0.0
375,1203200,-809.8578510284424,-8.098578691482544,-809.8578510284424,-8.098578691482544,0.0,809.8578510284424,8.098578691482544,21.895938873291016,0.21895924568176284,4.296222863197326,0.0,0.0,nan,nan,nan,nan,nan,nan,nan,nan,nan,nan,12032,-0.0007747283789504067,0.028089569695293904,1.3951724886894226,0.006864336458966136,0.039847401529550554,0.039847401529550554,0.07004494480788707,0.000737973694595883,0.0010124999796971678,0.5170096158981323,1.0,0.004591346153846153,0.0002853365384615385,2,0.0,0.0,0.0
376,1206400,-835.6349449157715,-8.35634916305542,-835.6349449157715,-8.35634916305542,0.0,835.6349449157715,8.35634916305542,-3.881155014038086,-0.038811225891112855,4.384377613067627,0.0,0.0,nan,nan,nan,nan,nan,nan,nan,nan,nan,nan,12064,-0.0007738212150055545,0.02715548165142536,1.4020234942436218,0.006386966397985816,0.030232756957411767,0.030232756957411767,0.060727377980947496,0.0014764035120615224,0.009025000047404318,0.2556798458099365,1.0,0.0045769230769230765,0.00028423076923076926,2,0.0,0.0,0.0
377,1209600,-843.7481517791748,-8.437481203079223,-843.7481517791748,-8.437481203079223,0.0,843.7481517791748,8.437481203079223,-11.994361877441406,-0.119943265914916,4.165284061431885,0.0,0.0,nan,nan,nan,nan,nan,nan,nan,nan,nan,nan,12096,-0.0008179481981613002,0.04348960742354393,1.4011560440063477,0.01453408095985651,0.03556328155100345,0.03556328155100345,0.0716572307050228,0.0006445284891023406,0.00047499998472630975,0.27964192628860474,1.0,0.0045625,0.00028312500000000006,2,0.0,0.0,0.0
378,1212800,-876.3656311035156,-8.763656225204468,-876.3656311035156,-8.763656225204468,0.0,876.3656311035156,8.763656225204468,-44.61184120178223,-0.44611828804016085,4.732083826065064,0.0,0.0,nan,nan,nan,nan,nan,nan,nan,nan,nan,nan,12128,-0.000413510913703069,0.03532442059367895,1.4044589042663573,0.010861112363636493,0.03939149081707001,0.03939149081707001,0.06993005350232125,0.0007135860287243672,0.0,0.3618243336677551,1.0,0.004548076923076923,0.0002820192307692308,2,0.0,0.0,0.0
379,1216000,-821.1449728012085,-8.21144947052002,-821.1449728012085,-8.21144947052002,0.0,821.1449728012085,8.21144947052002,10.608817100524902,0.1060884666442874,4.819315991401672,0.0,0.0,nan,nan,nan,nan,nan,nan,nan,nan,nan,nan,12160,-0.0003901631678425499,0.05424768701195717,1.4213642954826355,0.02028970643877983,0.025160857662558555,0.025160857662558555,0.08131730034947396,0.0009065072379607072,0.002115624988800846,0.2832222580909729,1.0,0.004533653846153846,0.00028091346153846157,2,0.0,0.0,0.0
380,1219200,-874.7388029098511,-8.747388153076171,-874.7388029098511,-8.747388153076171,0.0,874.7388029098511,8.747388153076171,-42.985013008117676,-0.42985021591186445,5.182465648651123,0.0,0.0,-653.0679564476013,-6.530679564476014,-653.0679564476013,-6.530679564476014,100.0,4.64746689081192,0.0,0.0,653.0679564476013,-98.73901605606079,12192,-0.0005040280182529334,0.0360236544162035,1.439072847366333,0.01100429673679173,0.03359278626739979,0.03359278626739979,0.07882666885852814,0.00029950046609959595,0.0006000000139465556,0.09514576196670532,1.0,0.004519230769230769,0.0002798076923076924,2,0.0,0.0,0.0
381,1222400,-824.5295238494873,-8.24529538154602,-824.5295238494873,-8.24529538154602,0.0,824.5295238494873,8.24529538154602,7.224266052246094,0.07224255561828663,4.254365816116333,0.0,0.0,nan,nan,nan,nan,nan,nan,nan,nan,nan,nan,12224,-0.0005231001451538652,0.04390145055949688,1.4478967666625977,0.014905128441751004,0.03491874635219574,0.03491874635219574,0.0822580836713314,0.00041632039137842687,0.0,0.31567907333374023,1.0,0.004504807692307692,0.00027870192307692307,2,0.0,0.0,0.0
382,1225600,-698.0850505828857,-6.980850820541382,-698.0850505828857,-6.980850820541382,0.0,698.0850505828857,6.980850820541382,133.66873931884766,1.336687116622925,3.408314344882965,0.0,0.0,nan,nan,nan,nan,nan,nan,nan,nan,nan,nan,12256,-0.000519661735452237,0.03236307743936777,1.4494193077087403,0.009153426438570023,0.03519088961184025,0.03519088961184025,0.08309126421809196,0.0008342096858549065,0.0005718750122468919,0.439075767993927,1.0,0.004490384615384615,0.0002775961538461538,2,0.0,0.0,0.0
383,1228800,-826.3483057022095,-8.263483095169068,-826.3483057022095,-8.263483095169068,0.0,826.3483057022095,8.263483095169068,5.405484199523926,0.05405484199523869,4.834676041603088,0.0,0.0,nan,nan,nan,nan,nan,nan,nan,nan,nan,nan,12288,-0.0004477731680832209,0.01769074983894825,1.4770343780517579,0.0017864528577774762,0.03910982832312584,0.03910982832312584,0.044640110805630684,0.0007344876821669426,0.0004000000189989805,0.5733871459960938,1.0,0.004475961538461538,0.0002764903846153846,2,0.0,0.0,0.0
384,1232000,-809.7680568695068,-8.097680749893188,-809.7680568695068,-8.097680749893188,0.0,809.7680568695068,8.097680749893188,21.985733032226562,0.2198571872711188,4.3212431001663205,0.0,0.0,nan,nan,nan,nan,nan,nan,nan,nan,nan,nan,12320,-0.0005492284662556024,0.02983516100794077,1.4864715456962585,0.0077364019118249415,0.04006917849183082,0.04006917849183082,0.06253438033163547,0.0005726489616797418,0.0011343750054948031,0.3477596044540405,1.0,0.00446153846153846,0.0002753846153846154,2,0.0,0.0,0.0
385,1235200,-802.465087890625,-8.02465061187744,-802.465087890625,-8.02465061187744,0.0,802.465087890625,8.02465061187744,29.2887020111084,0.29288732528686623,4.00603973865509,0.0,0.0,nan,nan,nan,nan,nan,nan,nan,nan,nan,nan,12352,-0.0005176073712529705,0.02897440604865551,1.464661169052124,0.007456078380346298,0.03364309221506119,0.03364309221506119,0.06466433368623256,0.0008615471087985157,4.68749989522621e-05,0.5184054374694824,1.0,0.0044471153846153836,0.00027427884615384613,2,0.0,0.0,0.0
386,1238400,-826.5205087661743,-8.265205183029174,-826.5205087661743,-8.265205183029174,0.0,826.5205087661743,8.265205183029174,5.233281135559082,0.05233275413513283,4.0772545051574705,0.0,0.0,nan,nan,nan,nan,nan,nan,nan,nan,nan,nan,12384,-0.00044323546971716257,0.03357417657971382,1.458305788040161,0.009879632061347366,0.02564755976200104,0.02564755976200104,0.0716958474367857,0.0006078995245850968,9.375000081490725e-05,0.2497352957725525,1.0,0.004432692307692307,0.00027317307692307694,2,0.0,0.0,0.0
387,1241600,-910.1209545135498,-9.101209449768067,-910.1209545135498,-9.101209449768067,0.0,910.1209545135498,9.101209449768067,-78.3671646118164,-0.7836715126037603,5.38148196220398,0.0,0.0,nan,nan,nan,nan,nan,nan,nan,nan,nan,nan,12416,-0.00046177815580668026,0.055803784355521205,1.4636091589927673,0.02097349502146244,0.039551940932869914,0.039551940932869914,0.0900338537991047,0.00045033858105015135,0.0,0.4669486880302429,1.0,0.00441826923076923,0.0002720673076923077,2,0.0,0.0,0.0
388,1244800,-924.6119289398193,-9.246118860244751,-924.6119289398193,-9.246118860244751,0.0,924.6119289398193,9.246118860244751,-92.85813903808594,-0.9285809230804443,4.774354329109192,0.0,0.0,nan,nan,nan,nan,nan,nan,nan,nan,nan,nan,12448,-0.0010135238052811247,0.05373144224286079,1.4698321580886842,0.01937928209081292,0.0446781013160944,0.0446781013160944,0.10466013178229332,0.0014849767099811063,0.005293750218697824,0.23791199922561646,1.0,0.004403846153846153,0.00027096153846153844,2,0.0,0.0,0.0
389,1248000,-833.2992219924927,-8.332992181777954,-833.2992219924927,-8.332992181777954,0.0,833.2992219924927,8.332992181777954,-1.5454320907592773,-0.01545424461364675,3.9699578857421876,0.0,0.0,nan,nan,nan,nan,nan,nan,nan,nan,nan,nan,12480,-0.0007046719389327549,0.020992931537330152,1.462261426448822,0.003373310016468167,0.03179431892931461,0.03179431892931461,0.057195684686303136,0.0008996573717020253,0.0004718750016763806,0.6203727722167969,1.0,0.004389423076923076,0.00026985576923076925,2,0.0,0.0,0.0
390,1251200,-834.0930433273315,-8.340930376052857,-834.0930433273315,-8.340930376052857,0.0,834.0930433273315,8.340930376052857,-2.3392534255981445,-0.023392438888549805,3.9702968525886537,0.0,0.0,nan,nan,nan,nan,nan,nan,nan,nan,nan,nan,12512,-0.0007145453230419707,0.03537124991416931,1.45606210231781,0.010600807750597597,0.033846760541200636,0.033846760541200636,0.07174697071313858,0.0010084006691620604,0.0,0.31225574016571045,1.0,0.0043749999999999995,0.00026875,2,0.0,0.0,0.0
391,1254400,-888.0811548233032,-8.880811595916748,-888.0811548233032,-8.880811595916748,0.0,888.0811548233032,8.880811595916748,-56.327364921569824,-0.5632736587524416,5.079147143363953,0.0,0.0,nan,nan,nan,nan,nan,nan,nan,nan,nan,nan,12544,-0.0004767671096517212,0.06612235307693481,1.4388073205947876,0.026310379058122633,0.02594843301922083,0.02594843301922083,0.0839459978044033,0.0006678261856002717,0.0,0.18558859825134277,1.0,0.004360576923076923,0.0002676442307692308,2,0.0,0.0,0.0
392,1257600,-850.3188924789429,-8.503188610076904,-850.3188924789429,-8.503188610076904,0.0,850.3188924789429,8.503188610076904,-18.565102577209473,-0.18565067291259751,3.9923901104927064,0.0,0.0,nan,nan,nan,nan,nan,nan,nan,nan,nan,nan,12576,-0.0006198359774483464,0.030575100891292097,1.4316394925117493,0.008445589151233435,0.03334031291306019,0.03334031291306019,0.0721997857093811,0.0005507747988311167,0.0,0.5185017585754395,1.0,0.004346153846153846,0.00026653846153846156,2,0.0,0.0,0.0
393,1260800,-864.3790597915649,-8.643790340423584,-864.3790597915649,-8.643790340423584,0.0,864.3790597915649,8.643790340423584,-32.62526988983154,-0.32625240325927685,4.852014517784118,0.0,0.0,nan,nan,nan,nan,nan,nan,nan,nan,nan,nan,12608,-0.00027358014352740767,0.04454514980316162,1.446651566028595,0.01573248952627182,0.027768263407051564,0.027768263407051564,0.08414302542805671,0.000494459596848898,0.0,0.36651283502578735,1.0,0.004331730769230769,0.0002654326923076923,2,0.0,0.0,0.0
394,1264000,-837.4001770019531,-8.374001817703247,-837.4001770019531,-8.374001817703247,0.0,837.4001770019531,8.374001817703247,-5.646387100219727,-0.05646388053894036,4.162884273529053,0.0,0.0,nan,nan,nan,nan,nan,nan,nan,nan,nan,nan,12640,-0.000319135730223552,0.03342273309826851,1.4554579377174377,0.010108570288866758,0.030391132459044456,0.030391132459044456,0.06924200281500817,0.00019936409044091192,0.0,0.4248926043510437,1.0,0.004317307692307692,0.0002643269230769231,2,0.0,0.0,0.0
395,1267200,-909.1745719909668,-9.091745538711548,-909.1745719909668,-9.091745538711548,0.0,909.1745719909668,9.091745538711548,-77.4207820892334,-0.774207601547241,5.231361036300659,0.0,0.0,nan,nan,nan,nan,nan,nan,nan,nan,nan,nan,12672,-0.0002945892570904274,0.03366646151989698,1.458620274066925,0.010262367315590382,0.0298441419377923,0.0298441419377923,0.07443690448999404,0.00022733229616349812,0.0,0.44045525789260864,1.0,0.0043028846153846155,0.00026322115384615387,2,0.0,0.0,0.0
396,1270400,-750.6724138259888,-7.506724190711975,-750.6724138259888,-7.506724190711975,0.0,750.6724138259888,7.506724190711975,81.08137607574463,0.8108137464523315,4.221626701354981,0.0,0.0,nan,nan,nan,nan,nan,nan,nan,nan,nan,nan,12704,-0.00048405884984390466,0.0191584681160748,1.4443298935890199,0.002901221951469779,0.0364032082259655,0.0364032082259655,0.06261850222945213,0.0004034515139217208,0.0,0.4484905004501343,1.0,0.004288461538461539,0.0002621153846153847,2,0.0,0.0,0.0
397,1273600,-823.7361545562744,-8.23736192703247,-823.7361545562744,-8.23736192703247,0.0,823.7361545562744,8.23736192703247,8.017635345458984,0.0801760101318365,3.9571728610992434,0.0,0.0,nan,nan,nan,nan,nan,nan,nan,nan,nan,nan,12736,-0.00035034857334830807,0.03973129764199257,1.44552139043808,0.013337086047977209,0.0314405046403408,0.0314405046403408,0.07879537418484688,0.0004468864355665658,0.0,0.2314697504043579,1.0,0.004274038461538461,0.0002610096153846154,2,0.0,0.0,0.0
398,1276800,-732.6768627166748,-7.3267685985565185,-732.6768627166748,-7.3267685985565185,0.0,732.6768627166748,7.3267685985565185,99.0769271850586,0.9907693386077883,3.5126552295684816,0.0,0.0,nan,nan,nan,nan,nan,nan,nan,nan,nan,nan,12768,-0.0005877898959152361,0.020635625533759593,1.4521223306655884,0.003544540423899889,0.033351322263479234,0.033351322263479234,0.06183802448213101,0.0006520285913218598,0.00043749999022111294,0.697134256362915,1.0,0.004259615384615384,0.0002599038461538462,2,0.0,0.0,0.0
399,1280000,-837.0671606063843,-8.370671405792237,-837.0671606063843,-8.370671405792237,0.0,837.0671606063843,8.370671405792237,-5.313370704650879,-0.053133468627930114,4.568064365386963,0.0,0.0,nan,nan,nan,nan,nan,nan,nan,nan,nan,nan,12800,-0.00018991734998463627,0.03672413937747478,1.4683262586593628,0.011938824877142906,0.02397746928036213,0.02397746928036213,0.07235855534672737,0.00040142905891189546,9.37499979045242e-05,0.3146713376045227,1.0,0.0042451923076923075,0.000258798076923077,2,0.0,0.0,0.0
400,1283200,-870.4657230377197,-8.70465747833252,-870.4657230377197,-8.70465747833252,0.0,870.4657230377197,8.70465747833252,-38.71193313598633,-0.3871195411682127,4.608576521873474,0.0,0.0,-601.9208114147186,-6.019208114147187,-601.9208114147186,-6.019208114147187,100.0,3.9067932629585265,0.0,0.0,601.9208114147186,-47.5918710231781,12832,-0.0003009904854741785,0.04246174171566963,1.4745962142944335,0.014691204018890857,0.02512993346899748,0.02512993346899748,0.08482685387134552,0.0002056061674018187,0.0,0.3131455183029175,1.0,0.00423076923076923,0.0002576923076923077,2,0.0,0.0,0.0
401,1286400,-863.1220483779907,-8.63121973991394,-863.1220483779907,-8.63121973991394,0.0,863.1220483779907,8.63121973991394,-31.368258476257324,-0.31368180274963287,4.644955224990845,0.0,0.0,nan,nan,nan,nan,nan,nan,nan,nan,nan,nan,12864,-0.0005522820248385685,0.04238327294588089,1.4644339323043822,0.014464794099330902,0.03162697777152061,0.03162697777152061,0.07954768314957619,0.000593115140328095,0.0,0.34000009298324585,1.0,0.004216346153846153,0.00025658653846153843,2,0.0,0.0,0.0
402,1289600,-941.1939296722412,-9.411939086914062,-941.1939296722412,-9.411939086914062,0.0,941.1939296722412,9.411939086914062,-109.44013977050781,-1.0944011497497552,4.6688893699645995,0.0,0.0,nan,nan,nan,nan,nan,nan,nan,nan,nan,nan,12896,-0.00015241487182393598,0.04580887071788311,1.4374288201332093,0.016712055262178182,0.02265975996851921,0.02265975996851921,0.09551265016198159,0.00033328150475501534,0.0,0.2401997447013855,1.0,0.004201923076923076,0.00025548076923076924,2,0.0,0.0,0.0
403,1292800,-841.285327911377,-8.412853298187256,-841.285327911377,-8.412853298187256,0.0,841.285327911377,8.412853298187256,-9.531538009643555,-0.09531536102294957,4.172720293998719,0.0,0.0,nan,nan,nan,nan,nan,nan,nan,nan,nan,nan,12928,-0.0005519955864525389,0.030018366873264313,1.423798155784607,0.008495032833889127,0.032438723370432854,0.032438723370432854,0.07079026326537133,0.0004674594055367287,0.0,0.633637547492981,1.0,0.004187499999999999,0.000254375,2,0.0,0.0,0.0
404,1296000,-831.876974105835,-8.318769645690917,-831.876974105835,-8.318769645690917,0.0,831.876974105835,8.318769645690917,-0.1231842041015625,-0.0012317085266104755,3.8751506185531617,0.0,0.0,nan,nan,nan,nan,nan,nan,nan,nan,nan,nan,12960,-0.0002538301254182418,0.027923583798110486,1.4248242139816285,0.007762061012908816,0.029927097633481024,0.029927097633481024,0.07143757864832878,0.0003663677309313204,0.0,0.503415584564209,1.0,0.004173076923076923,0.00025326923076923074,2,0.0,0.0,0.0
405,1299200,-891.38587474823,-8.913858909606933,-891.38587474823,-8.913858909606933,0.0,891.38587474823,8.913858909606933,-59.63208484649658,-0.5963209724426264,4.8016965246200565,0.0,0.0,nan,nan,nan,nan,nan,nan,nan,nan,nan,nan,12992,-0.0002661224143550633,0.034459408931434156,1.4357122421264648,0.010992951784282922,0.03392296060919762,0.03392296060919762,0.07261742874979973,0.00029659604242704147,0.0,0.5932180881500244,1.0,0.004158653846153846,0.00025216346153846155,2,0.0,0.0,0.0
406,1302400,-793.7255926132202,-7.937255754470825,-793.7255926132202,-7.937255754470825,0.0,793.7255926132202,7.937255754470825,38.028197288513184,0.3802821826934819,3.697817499637604,0.0,0.0,nan,nan,nan,nan,nan,nan,nan,nan,nan,nan,13024,-0.00044480558322684827,0.040718911588191985,1.4412739515304565,0.013941678125411272,0.03310643509030342,0.03310643509030342,0.07485373690724373,0.0005066045801875813,0.0,0.542906641960144,1.0,0.004144230769230769,0.0002510576923076923,2,0.0,0.0,0.0
407,1305600,-756.5011463165283,-7.565011391639709,-756.5011463165283,-7.565011391639709,0.0,756.5011463165283,7.565011391639709,75.25264358520508,0.7525265455245975,3.8059377455711365,0.0,0.0,nan,nan,nan,nan,nan,nan,nan,nan,nan,nan,13056,-0.0006529702229600253,0.027795419096946716,1.4685322284698485,0.007179983891546726,0.039373081922531125,0.039373081922531125,0.06457508839666844,0.0008113051741027424,0.0002031249925494194,0.540973424911499,1.0,0.004129807692307691,0.0002499519230769231,2,0.0,0.0,0.0
408,1308800,-741.8063297271729,-7.418063440322876,-741.8063297271729,-7.418063440322876,0.0,741.8063297271729,7.418063440322876,89.94746017456055,0.8994744968414308,3.836659696102142,0.0,0.0,nan,nan,nan,nan,nan,nan,nan,nan,nan,nan,13088,-0.0001752942349947162,0.0403030700981617,1.491536033153534,0.013837996497750282,0.027048012986779214,0.027048012986779214,0.08258753940463066,0.00048814277506678376,0.0,0.23097455501556396,1.0,0.0041153846153846145,0.00024884615384615386,2,0.0,0.0,0.0
409,1312000,-777.5631456375122,-7.775631666183472,-777.5631456375122,-7.775631666183472,0.0,777.5631456375122,7.775631666183472,54.19064426422119,0.5419062709808351,3.845465085506439,0.0,0.0,nan,nan,nan,nan,nan,nan,nan,nan,nan,nan,13120,-0.00036623296806065353,0.030670610815286638,1.4883346438407898,0.008865469135344028,0.023719286546111107,0.023719286546111107,0.06141079850494861,0.0004951901912143101,0.0,0.4479711055755615,1.0,0.004100961538461538,0.0002477403846153846,2,0.0,0.0,0.0
410,1315200,-773.0241231918335,-7.73024142742157,-773.0241231918335,-7.73024142742157,0.0,773.0241231918335,7.73024142742157,58.7296667098999,0.5872965097427372,4.403130345344543,0.0,0.0,nan,nan,nan,nan,nan,nan,nan,nan,nan,nan,13152,-0.00027232163138464217,0.017144108284264804,1.493779706954956,0.0021953439339995385,0.03371820673346519,0.03371820673346519,0.05640655644237995,0.0003756110669207776,0.0,0.5521537065505981,1.0,0.004086538461538461,0.0002466346153846154,2,0.0,0.0,0.0
411,1318400,-841.8288145065308,-8.418287782669067,-841.8288145065308,-8.418287782669067,0.0,841.8288145065308,8.418287782669067,-10.075024604797363,-0.10074984550475996,4.0992305469512935,0.0,0.0,nan,nan,nan,nan,nan,nan,nan,nan,nan,nan,13184,-0.0005672422203963024,0.03715937398374081,1.507708525657654,0.011872882023453712,0.043404878303408626,0.043404878303408626,0.07866297960281372,0.00048687686176044633,3.1250001484295353e-06,0.24448972940444946,1.0,0.004072115384615384,0.00024552884615384617,2,0.0,0.0,0.0
412,1321600,-875.6369438171387,-8.75636971473694,-875.6369438171387,-8.75636971473694,0.0,875.6369438171387,8.75636971473694,-43.88315391540527,-0.4388317775726325,4.464807314872742,0.0,0.0,nan,nan,nan,nan,nan,nan,nan,nan,nan,nan,13216,-0.00019971992941467676,0.027199856378138064,1.515207576751709,0.007251961762085557,0.029953715018928052,0.029953715018928052,0.060385425388813016,0.00044965981651392964,0.0,0.5397945046424866,1.0,0.004057692307692307,0.00024442307692307697,2,0.0,0.0,0.0
413,1324800,-808.6155967712402,-8.086155796051026,-808.6155967712402,-8.086155796051026,0.0,808.6155967712402,8.086155796051026,23.138193130493164,0.23138214111328104,3.958152406215668,0.0,0.0,nan,nan,nan,nan,nan,nan,nan,nan,nan,nan,13248,-0.00045053348538639517,0.030630426295101643,1.5119353890419007,0.008751517534255982,0.027411332167685033,0.027411332167685033,0.07291513830423355,0.00035348872224921763,1.5624999650754035e-05,0.644382119178772,1.0,0.0040432692307692305,0.00024331730769230772,2,0.0,0.0,0.0
414,1328000,-823.3457889556885,-8.233457918167113,-823.3457889556885,-8.233457918167113,0.0,823.3457889556885,8.233457918167113,8.408000946044922,0.0840800189971933,4.421656899452209,0.0,0.0,nan,nan,nan,nan,nan,nan,nan,nan,nan,nan,13280,-0.0007154390224139107,0.03565803561359644,1.5079981923103332,0.011038086097687482,0.03857930451631546,0.03857930451631546,0.07994498386979103,0.000768950573365766,0.00020937500521540643,0.5643467903137207,1.0,0.004028846153846154,0.00024221153846153848,2,0.0,0.0,0.0
415,1331200,-778.4342555999756,-7.784342975616455,-778.4342555999756,-7.784342975616455,0.0,778.4342555999756,7.784342975616455,53.31953430175781,0.533194961547852,3.832393352985382,0.0,0.0,nan,nan,nan,nan,nan,nan,nan,nan,nan,nan,13312,-0.00010230920501710372,0.051118988543748856,1.5072116374969482,0.01940660011023283,0.026940487511456012,0.026940487511456012,0.08882626965641975,0.000516238848650296,0.0,-0.05394124984741211,1.0,0.004014423076923077,0.00024110576923076928,2,0.0,0.0,0.0
416,1334400,-858.0539379119873,-8.580539560317993,-858.0539379119873,-8.580539560317993,0.0,858.0539379119873,8.580539560317993,-26.300148010253906,-0.263001623153686,4.201051845550537,0.0,0.0,nan,nan,nan,nan,nan,nan,nan,nan,nan,nan,13344,-0.0004303736206347608,0.04063698165118694,1.5130475997924804,0.013835926447063685,0.034101367741823194,0.034101367741823194,0.08878979608416557,0.0004054958916646726,0.0,0.3303987383842468,1.0,0.004,0.00024000000000000003,2,0.0,0.0,0.0
417,1337600,-873.4889678955078,-8.734889888763428,-873.4889678955078,-8.734889888763428,0.0,873.4889678955078,8.734889888763428,-41.735177993774414,-0.4173519515991213,4.046328082084655,0.0,0.0,nan,nan,nan,nan,nan,nan,nan,nan,nan,nan,13376,-0.00033606157145404936,0.03448048960417509,1.5257081747055055,0.010823356034234167,0.023204907588660718,0.023204907588660718,0.07724653482437134,0.0005750286711197039,0.0,0.5185005068778992,1.0,0.003985576923076923,0.00023889423076923084,2,0.0,0.0,0.0
418,1340800,-898.9624862670898,-8.989624671936035,-898.9624862670898,-8.989624671936035,0.0,898.9624862670898,8.989624671936035,-67.20869636535645,-0.6720867347717281,4.781954817771911,0.0,0.0,nan,nan,nan,nan,nan,nan,nan,nan,nan,nan,13408,-0.0002907815486294929,0.05283406935632229,1.5257606863975526,0.02006722241640091,0.025578581169247626,0.025578581169247626,0.08581086620688438,0.00023163154164712948,0.0,0.3704698085784912,1.0,0.0039711538461538465,0.0002377884615384616,2,0.0,0.0,0.0
419,1344000,-773.6495571136475,-7.736495585441589,-773.6495571136475,-7.736495585441589,0.0,773.6495571136475,7.736495585441589,58.10423278808594,0.5810423517227177,3.466665105819702,0.0,0.0,nan,nan,nan,nan,nan,nan,nan,nan,nan,nan,13440,-0.0004300974617072129,0.029928010515868665,1.5208277702331543,0.008516401471570133,0.024017794989049435,0.024017794989049435,0.06801681965589523,0.00043719625791770883,0.00046250000596046446,0.4829983115196228,1.0,0.003956730769230769,0.00023668269230769234,2,0.0,0.0,0.0
420,1347200,-801.9448690414429,-8.019448413848878,-801.9448690414429,-8.019448413848878,0.0,801.9448690414429,8.019448413848878,29.808920860290527,0.29808952331542926,4.143003396987915,0.0,0.0,-613.5884253978729,-6.1358842539787295,-613.5884253978729,-6.1358842539787295,100.0,2.91153765052557,0.0,0.0,613.5884253978729,-59.2594850063324,13472,-0.00030879420742566663,0.03487332481890917,1.5236056685447692,0.011121346335858106,0.021013443171977998,0.021013443171977998,0.0721607968211174,0.00033180481368680695,5.0000002374872565e-05,0.41781848669052124,1.0,0.003942307692307691,0.00023557692307692304,2,0.0,0.0,0.0
421,1350400,-800.6385450363159,-8.006385669708251,-800.6385450363159,-8.006385669708251,0.0,800.6385450363159,8.006385669708251,31.11524486541748,0.3111522674560554,3.9726876711845396,0.0,0.0,nan,nan,nan,nan,nan,nan,nan,nan,nan,nan,13504,-0.00017400534063999885,0.0491731658577919,1.5179234981536864,0.01845034919679165,0.021429937332868576,0.021429937332868576,0.08582000210881233,0.00012936603479893528,0.0,0.4946102499961853,1.0,0.003927884615384614,0.00023447115384615385,2,0.0,0.0,0.0
422,1353600,-893.3990745544434,-8.933990621566773,-893.3990745544434,-8.933990621566773,0.0,893.3990745544434,8.933990621566773,-61.64528465270996,-0.616452684402466,4.527765092849731,0.0,0.0,nan,nan,nan,nan,nan,nan,nan,nan,nan,nan,13536,-0.00047422466502466953,0.05471654534339905,1.526047122478485,0.02091192118823528,0.03409664779901504,0.03409664779901504,0.1152194857597351,0.00029647570045262227,0.00013749999925494194,0.2034854292869568,1.0,0.0039134615384615375,0.0002333653846153846,2,0.0,0.0,0.0
423,1356800,-734.0521860122681,-7.340521488189697,-734.0521860122681,-7.340521488189697,0.0,734.0521860122681,7.340521488189697,97.70160388946533,0.9770164489746094,3.4141459441185,0.0,0.0,nan,nan,nan,nan,nan,nan,nan,nan,nan,nan,13568,-0.0006450899490213046,0.0410379197448492,1.519901180267334,0.013947716169059276,0.03843377791345119,0.03843377791345119,0.08574520796537399,0.0007368733700793259,0.0005843750026542693,0.31376051902770996,1.0,0.0038990384615384607,0.00023225961538461535,2,0.0,0.0,0.0
424,1360000,-830.3328266143799,-8.303328075408935,-830.3328266143799,-8.303328075408935,0.0,830.3328266143799,8.303328075408935,1.4209632873535156,0.014209861755372089,4.116804356575012,0.0,0.0,nan,nan,nan,nan,nan,nan,nan,nan,nan,nan,13600,-0.0003664141197848858,0.029530765488743782,1.5164498805999755,0.008508143993094564,0.029224341735243797,0.029224341735243797,0.06768956631422043,0.0006554663283174905,0.0,0.5825047492980957,1.0,0.003884615384615384,0.00023115384615384616,2,0.0,0.0,0.0
425,1363200,-924.0768814086914,-9.24076886177063,-924.0768814086914,-9.24076886177063,0.0,924.0768814086914,9.24076886177063,-92.32309150695801,-0.9232309246063224,5.017429275512695,0.0,0.0,nan,nan,nan,nan,nan,nan,nan,nan,nan,nan,13632,-0.00022020177292008113,0.05767266005277634,1.517440950870514,0.022743340209126474,0.03323227651417256,0.03323227651417256,0.09513576924800873,0.0004184514447849471,0.0,0.24128955602645874,1.0,0.003870192307692307,0.0002300480769230769,2,0.0,0.0,0.0
426,1366400,-850.8792972564697,-8.508793153762817,-850.8792972564697,-8.508793153762817,0.0,850.8792972564697,8.508793153762817,-19.125507354736328,-0.19125521659850975,4.223608274459838,0.0,0.0,nan,nan,nan,nan,nan,nan,nan,nan,nan,nan,13664,-0.00036952304812585266,0.03635448887944222,1.514607584476471,0.011967744026333094,0.03471868187189102,0.03471868187189102,0.07713184505701065,0.000491303829767923,0.0,0.3784083127975464,1.0,0.0038557692307692303,0.0002289423076923077,2,0.0,0.0,0.0
427,1369600,-839.7301664352417,-8.397301626205444,-839.7301664352417,-8.397301626205444,0.0,839.7301664352417,8.397301626205444,-7.976376533508301,-0.07976368904113684,4.822484569549561,0.0,0.0,nan,nan,nan,nan,nan,nan,nan,nan,nan,nan,13696,-0.0001962132887179724,0.05114883780479431,1.5240955471992492,0.019523626938462258,0.03770866915583611,0.03770866915583611,0.07727393433451653,0.00041597726231033875,0.0,0.2585586905479431,1.0,0.0038413461538461535,0.00022783653846153846,2,0.0,0.0,0.0
428,1372800,-761.3024063110352,-7.613024306297302,-761.3024063110352,-7.613024306297302,0.0,761.3024063110352,7.613024306297302,70.45138359069824,0.7045136308670044,4.153380241394043,0.0,0.0,nan,nan,nan,nan,nan,nan,nan,nan,nan,nan,13728,-0.0003431519299032182,0.031024631485342978,1.5129845142364502,0.009379088645800948,0.03170496821403503,0.03170496821403503,0.06927917003631592,0.00041386961856980793,0.0,0.5111721754074097,1.0,0.0038269230769230767,0.00022673076923076922,2,0.0,0.0,0.0
429,1376000,-776.8066453933716,-7.768066530227661,-776.8066453933716,-7.768066530227661,0.0,776.8066453933716,7.768066530227661,54.947144508361816,0.5494714069366458,3.7223064517974853,0.0,0.0,nan,nan,nan,nan,nan,nan,nan,nan,nan,nan,13760,-0.00012467453404458874,0.03095066323876381,1.5105888724327088,0.0095915368758142,0.03193356320261955,0.03193356320261955,0.07276621311903,0.00019799267629488055,0.0,0.40947777032852173,1.0,0.0038125,0.00022562500000000002,2,0.0,0.0,0.0
430,1379200,-783.472336769104,-7.834722900390625,-783.472336769104,-7.834722900390625,0.0,783.472336769104,7.834722900390625,48.281453132629395,0.4828150367736814,3.6583097839355467,0.0,0.0,nan,nan,nan,nan,nan,nan,nan,nan,nan,nan,13792,-0.000634077943366762,0.03089793249964714,1.504259705543518,0.009101594192907214,0.037159346789121625,0.037159346789121625,0.07758303508162498,0.0007698016552246623,0.00014375000027939678,0.4460199475288391,1.0,0.0037980769230769222,0.00022451923076923077,2,0.0,0.0,0.0
431,1382400,-820.3432130813599,-8.203431901931763,-820.3432130813599,-8.203431901931763,0.0,820.3432130813599,8.203431901931763,11.410576820373535,0.11410603523254359,4.852438421249389,0.0,0.0,nan,nan,nan,nan,nan,nan,nan,nan,nan,nan,13824,-0.0004047145780641692,0.041678494587540624,1.512360429763794,0.01471228413283825,0.03147472012788057,0.03147472012788057,0.08446104824542999,0.0005731624936749865,9.062500284926501e-05,0.4010905623435974,1.0,0.0037836538461538454,0.00022341346153846158,2,0.0,0.0,0.0
432,1385600,-805.185079574585,-8.05185073375702,-805.185079574585,-8.05185073375702,0.0,805.185079574585,8.05185073375702,26.568710327148438,0.26568720340728724,4.0850805568695066,0.0,0.0,nan,nan,nan,nan,nan,nan,nan,nan,nan,nan,13856,-0.00010922517882754335,0.03209410533308983,1.512143063545227,0.01023821122944355,0.02096644751727581,0.02096644751727581,0.06861132532358169,0.00018723521288911536,0.0,0.3648862838745117,1.0,0.0037692307692307686,0.00022230769230769233,2,0.0,0.0,0.0
433,1388800,-835.6930122375488,-8.356930274963378,-835.6930122375488,-8.356930274963378,0.0,835.6930122375488,8.356930274963378,-3.9392223358154297,-0.0393923377990717,4.7552357053756715,0.0,0.0,nan,nan,nan,nan,nan,nan,nan,nan,nan,nan,13888,-0.00026822154961845255,0.06651447005569935,1.5171594977378846,0.027292371168732642,0.024180283769965172,0.024180283769965172,0.09220693111419678,0.00011575146359129504,0.0,0.26239264011383057,1.0,0.003754807692307692,0.00022120192307692308,2,0.0,0.0,0.0
434,1392000,-832.466347694397,-8.324663305282593,-832.466347694397,-8.324663305282593,0.0,832.466347694397,8.324663305282593,-0.7125577926635742,-0.007125368118286346,4.4996704530715945,0.0,0.0,nan,nan,nan,nan,nan,nan,nan,nan,nan,nan,13920,-0.00022652959969668985,0.03267286885529756,1.5211691856384277,0.010420146863907576,0.027393221110105514,0.027393221110105514,0.06606943272054196,0.00011525432537442446,0.0,0.46861159801483154,1.0,0.003740384615384615,0.0002200961538461539,2,0.0,0.0,0.0
435,1395200,-802.992748260498,-8.02992738723755,-802.992748260498,-8.02992738723755,0.0,802.992748260498,8.02992738723755,28.76104164123535,0.2876105499267574,4.107800760269165,0.0,0.0,nan,nan,nan,nan,nan,nan,nan,nan,nan,nan,13952,-0.0002306713602592936,0.022816882655024528,1.5272566318511962,0.005487270606681705,0.023862319812178612,0.023862319812178612,0.05405966527760029,0.0003074455416032745,0.0,0.4865450859069824,1.0,0.0037259615384615382,0.00021899038461538464,2,0.0,0.0,0.0
436,1398400,-779.8724632263184,-7.798724775314331,-779.8724632263184,-7.798724775314331,0.0,779.8724632263184,7.798724775314331,51.88132667541504,0.5188131618499758,3.1753742265701295,0.0,0.0,nan,nan,nan,nan,nan,nan,nan,nan,nan,nan,13984,-0.00028622857569429174,0.0292847054079175,1.5197813391685486,0.008715397445484996,0.02051778230816126,0.02051778230816126,0.06751967258751393,0.0003104028892273115,0.0,0.40539485216140747,1.0,0.0037115384615384614,0.00021788461538461545,2,0.0,0.0,0.0
437,1401600,-783.7980995178223,-7.837980780601502,-783.7980995178223,-7.837980780601502,0.0,783.7980995178223,7.837980780601502,47.95569038391113,0.4795571565628052,3.50339581489563,0.0,0.0,nan,nan,nan,nan,nan,nan,nan,nan,nan,nan,14016,-0.00033628027435623765,0.03549896366894245,1.5158683061599731,0.011808861512690783,0.03184954971075058,0.03184954971075058,0.061726128682494164,0.00014517547088026766,0.0,0.45725691318511963,1.0,0.0036971153846153846,0.0002167788461538462,2,0.0,0.0,0.0
438,1404800,-882.4383735656738,-8.824383888244629,-882.4383735656738,-8.824383888244629,0.0,882.4383735656738,8.824383888244629,-50.68458366394043,-0.5068459510803223,4.416579785346985,0.0,0.0,nan,nan,nan,nan,nan,nan,nan,nan,nan,nan,14048,-0.00020817003991790983,0.04412604346871376,1.5177841782569885,0.016265319660305977,0.02612931840121746,0.02612931840121746,0.07484779804944992,0.00016749464157390486,0.0,0.4963700771331787,1.0,0.003682692307692308,0.00021567307692307695,2,0.0,0.0,0.0
439,1408000,-853.7934856414795,-8.537934904098512,-853.7934856414795,-8.537934904098512,0.0,853.7934856414795,8.537934904098512,-22.039695739746094,-0.22039696693420474,5.045741844177246,0.0,0.0,nan,nan,nan,nan,nan,nan,nan,nan,nan,nan,14080,-0.0004582060356304041,0.02830722201615572,1.5110591292381286,0.008152433345094324,0.03744144812226295,0.03744144812226295,0.056478355452418326,0.00046044445043729853,0.0,0.372683584690094,1.0,0.00366826923076923,0.00021456730769230765,2,0.0,0.0,0.0
440,1411200,-816.6299896240234,-8.166299982070923,-816.6299896240234,-8.166299982070923,0.0,816.6299896240234,8.166299982070923,15.123800277709961,0.151237955093384,4.462906064987183,0.0,0.0,-593.408344745636,-5.93408344745636,-593.408344745636,-5.93408344745636,100.0,3.599157726764679,0.0,0.0,593.408344745636,-39.07940435409546,14112,-0.00017649018743233215,0.02581771705299616,1.5220309734344482,0.0071711013559252025,0.031009840592741967,0.031009840592741967,0.0640832856297493,0.00033051490645508933,0.0,0.38964617252349854,1.0,0.0036538461538461525,0.00021346153846153845,2,0.0,0.0,0.0
441,1414400,-794.0111818313599,-7.940111289024353,-794.0111818313599,-7.940111289024353,0.0,794.0111818313599,7.940111289024353,37.742608070373535,0.37742664813995397,4.245730872154236,0.0,0.0,nan,nan,nan,nan,nan,nan,nan,nan,nan,nan,14144,-0.0006193763525778218,0.04045020751655102,1.513652265071869,0.014096906501799822,0.04874628335237503,0.04874628335237503,0.08192121684551239,0.00042460148506569164,0.0008031249977648258,0.4157128930091858,1.0,0.0036394230769230757,0.0002123557692307692,2,0.0,0.0,0.0
442,1417600,-826.7959699630737,-8.267959814071656,-826.7959699630737,-8.267959814071656,0.0,826.7959699630737,8.267959814071656,4.957819938659668,0.04957812309265108,4.0962605786323545,0.0,0.0,nan,nan,nan,nan,nan,nan,nan,nan,nan,nan,14176,-0.0002629161220189857,0.030449861101806162,1.5137380838394165,0.009474714193493128,0.030169682949781416,0.030169682949781416,0.07218239083886147,0.0007495359765022767,0.00042812500614672897,0.43004465103149414,1.0,0.003624999999999999,0.00021124999999999996,2,0.0,0.0,0.0
443,1420800,-815.8086261749268,-8.158086128234864,-815.8086261749268,-8.158086128234864,0.0,815.8086261749268,8.158086128234864,15.94516372680664,0.15945180892944322,3.66124445438385,0.0,0.0,nan,nan,nan,nan,nan,nan,nan,nan,nan,nan,14208,-0.00022068021307859454,0.03218413572758436,1.5078724861145019,0.010427098255604506,0.02555441427975893,0.02555441427975893,0.06531782820820808,0.0003095882013446778,0.0,0.4814113974571228,1.0,0.003610576923076922,0.00021014423076923076,2,0.0,0.0,0.0
444,1424000,-765.2590942382812,-7.652590975761414,-765.2590942382812,-7.652590975761414,0.0,765.2590942382812,7.652590975761414,66.49469566345215,0.6649469614028929,3.382908277511597,0.0,0.0,nan,nan,nan,nan,nan,nan,nan,nan,nan,nan,14240,-0.000312504012926329,0.02723140474408865,1.5144979357719421,0.00785683081485331,0.029227772541344166,0.029227772541344166,0.06640355326235295,0.00034687697452745903,0.0,0.3507198095321655,1.0,0.0035961538461538453,0.00020903846153846157,2,0.0,0.0,0.0
445,1427200,-823.1816806793213,-8.231817178726196,-823.1816806793213,-8.231817178726196,0.0,823.1816806793213,8.231817178726196,8.57210922241211,0.08572075843811078,3.804910066127777,0.0,0.0,nan,nan,nan,nan,nan,nan,nan,nan,nan,nan,14272,-0.0004961681903572935,0.03344913888722658,1.5242663025856018,0.010768889356404543,0.0338607020676136,0.0338607020676136,0.06953983083367347,0.000528909512286807,0.0,0.4903290271759033,1.0,0.0035817307692307685,0.00020793269230769227,2,0.0,0.0,0.0
446,1430400,-803.0298404693604,-8.030298047065735,-803.0298404693604,-8.030298047065735,0.0,803.0298404693604,8.030298047065735,28.723949432373047,0.2872398900985722,3.5360989236831664,0.0,0.0,nan,nan,nan,nan,nan,nan,nan,nan,nan,nan,14304,-0.00047895217025066826,0.03486682418733835,1.5287922739982605,0.011500787269324065,0.029866113513708114,0.029866113513708114,0.0810356728732586,0.0007565917709150291,0.0018156249658204614,0.11951208114624023,1.0,0.0035673076923076917,0.00020682692307692307,2,0.0,0.0,0.0
447,1433600,-793.5256814956665,-7.935256876945496,-793.5256814956665,-7.935256876945496,0.0,793.5256814956665,7.935256876945496,38.228108406066895,0.38228106021881114,3.887704486846924,0.0,0.0,nan,nan,nan,nan,nan,nan,nan,nan,nan,nan,14336,-0.0006332151934911989,0.03833040148019791,1.5283080101013184,0.013102083466947079,0.044674626737833026,0.044674626737833026,0.07265909314155579,0.000437225297901625,7.187500013969839e-05,0.4709066152572632,1.0,0.003552884615384615,0.00020572115384615388,2,0.0,0.0,0.0
448,1436800,-814.0968151092529,-8.140968456268311,-814.0968151092529,-8.140968456268311,0.0,814.0968151092529,8.140968456268311,17.65697479248047,0.17656948089599567,5.04808319568634,0.0,0.0,nan,nan,nan,nan,nan,nan,nan,nan,nan,nan,14368,-0.0003471738714885042,0.03289604987949133,1.523528814315796,0.010709902923554181,0.0336028903722763,0.0336028903722763,0.05795382522046566,0.0005690267800679667,0.0,0.4875359535217285,1.0,0.003538461538461538,0.00020461538461538458,2,0.0,0.0,0.0
449,1440000,-842.3520603179932,-8.423520355224609,-842.3520603179932,-8.423520355224609,0.0,842.3520603179932,8.423520355224609,-10.598270416259766,-0.10598241806030195,4.076136989593506,0.0,0.0,nan,nan,nan,nan,nan,nan,nan,nan,nan,nan,14400,-0.0004413957582903194,0.03972329273819923,1.5207951188087463,0.014060909580439328,0.033295676484704016,0.033295676484704016,0.07461851090192795,0.0003329615956324303,0.0,0.4942692518234253,1.0,0.0035240384615384613,0.00020350961538461538,2,0.0,0.0,0.0
450,1443200,-837.9666194915771,-8.379666185379028,-837.9666194915771,-8.379666185379028,0.0,837.9666194915771,8.379666185379028,-6.21282958984375,-0.06212824821472118,3.6270612239837647,0.0,0.0,nan,nan,nan,nan,nan,nan,nan,nan,nan,nan,14432,-0.00019176118855246393,0.018571149744093417,1.5262893319129944,0.0037371253594756125,0.02366449050605297,0.02366449050605297,0.04816225059330463,0.000308323323770935,0.0,0.618737518787384,1.0,0.0035096153846153845,0.0002024038461538462,2,0.0,0.0,0.0
451,1446400,-794.5564613342285,-7.945564546585083,-794.5564613342285,-7.945564546585083,0.0,794.5564613342285,7.945564546585083,37.19732856750488,0.37197339057922374,3.7233586740493774,0.0,0.0,nan,nan,nan,nan,nan,nan,nan,nan,nan,nan,14464,-0.0004845708256267289,0.030870703235268592,1.5224570155143737,0.009629500564187765,0.03655957765877247,0.03655957765877247,0.07721957564353943,0.0003788427576188927,0.0,0.4527328610420227,1.0,0.0034951923076923077,0.000201298076923077,2,0.0,0.0,0.0
452,1449600,-884.2168502807617,-8.84216833114624,-884.2168502807617,-8.84216833114624,0.0,884.2168502807617,8.84216833114624,-52.46306037902832,-0.5246303939819335,4.60373459815979,0.0,0.0,nan,nan,nan,nan,nan,nan,nan,nan,nan,nan,14496,-9.155259399982186e-05,0.026281596161425114,1.526651394367218,0.007735324231907726,0.027255167812108995,0.027255167812108995,0.06307189315557479,0.00030847947928184724,0.0,0.6514279842376709,1.0,0.00348076923076923,0.0002001923076923077,2,0.0,0.0,0.0
453,1452800,-822.1787624359131,-8.221787261962891,-822.1787624359131,-8.221787261962891,0.0,822.1787624359131,8.221787261962891,9.575027465820312,0.09575067520141545,4.06037172794342,0.0,0.0,nan,nan,nan,nan,nan,nan,nan,nan,nan,nan,14528,-0.00030408115653699495,0.029056506231427193,1.514693021774292,0.008973721880465746,0.02559799384325743,0.02559799384325743,0.05645672418177128,0.00019281369850496466,0.0,0.566048264503479,1.0,0.003466346153846153,0.0001990865384615385,2,0.0,0.0,0.0
454,1456000,-835.1672401428223,-8.3516725730896,-835.1672401428223,-8.3516725730896,0.0,835.1672401428223,8.3516725730896,-3.413450241088867,-0.034134635925292756,4.168556571006775,0.0,0.0,nan,nan,nan,nan,nan,nan,nan,nan,nan,nan,14560,-0.0005541370668652234,0.055845887213945386,1.516606056690216,0.022133599035441875,0.03755315952003002,0.03755315952003002,0.08187830075621605,0.00029647099672791414,5.937500100117177e-05,0.3580552339553833,1.0,0.0034519230769230764,0.0001979807692307693,2,0.0,0.0,0.0
455,1459200,-917.7683582305908,-9.177683115005493,-917.7683582305908,-9.177683115005493,0.0,917.7683582305908,9.177683115005493,-86.01456832885742,-0.8601451778411864,5.077286286354065,0.0,0.0,nan,nan,nan,nan,nan,nan,nan,nan,nan,nan,14592,-0.00022395517861006908,0.04462689645588398,1.508914291858673,0.01690260022878647,0.036974840238690375,0.036974840238690375,0.07388421148061752,0.00035288562139676596,6.875000253785402e-05,0.48665285110473633,1.0,0.0034374999999999996,0.000196875,2,0.0,0.0,0.0
456,1462400,-831.2696523666382,-8.312696542739868,-831.2696523666382,-8.312696542739868,0.0,831.2696523666382,8.312696542739868,0.48413753509521484,0.004841394424438761,4.449743647575378,0.0,0.0,nan,nan,nan,nan,nan,nan,nan,nan,nan,nan,14624,-0.0004086992764220199,0.03613845221698284,1.5180348038673401,0.012464177142828704,0.03965159803628922,0.03965159803628922,0.08665541484951973,0.00047082678811482355,0.0,0.45296502113342285,1.0,0.0034230769230769228,0.0001957692307692308,2,0.0,0.0,0.0
457,1465600,-821.3756103515625,-8.213756322860718,-821.3756103515625,-8.213756322860718,0.0,821.3756103515625,8.213756322860718,10.378179550170898,0.10378161430358901,4.418094725608825,0.0,0.0,nan,nan,nan,nan,nan,nan,nan,nan,nan,nan,14656,-0.00032976339526795683,0.04270658455789089,1.5178863883018494,0.015849579684436323,0.028237948752939702,0.028237948752939702,0.07393008470535278,0.0005226199276882629,0.0,0.31014400720596313,1.0,0.003408653846153846,0.0001946634615384616,2,0.0,0.0,0.0
458,1468800,-890.0787372589111,-8.900787353515625,-890.0787372589111,-8.900787353515625,0.0,890.0787372589111,8.900787353515625,-58.324947357177734,-0.5832494163513182,4.999099435806275,0.0,0.0,nan,nan,nan,nan,nan,nan,nan,nan,nan,nan,14688,-0.00038505707512377364,0.04464591257274151,1.516369140148163,0.016790992021560668,0.031141272000968456,0.031141272000968456,0.08979877978563308,0.000500954307063421,0.0,0.160117506980896,1.0,0.003394230769230769,0.0001935576923076923,2,0.0,0.0,0.0
459,1472000,-813.1705198287964,-8.1317054271698,-813.1705198287964,-8.1317054271698,0.0,813.1705198287964,8.1317054271698,18.58327007293701,0.18583250999450662,4.333961615562439,0.0,0.0,nan,nan,nan,nan,nan,nan,nan,nan,nan,nan,14720,-0.0002482254937076434,0.04263921640813351,1.5239819049835206,0.015920616686344147,0.029238008707761765,0.029238008707761765,0.06873193904757499,0.00027943617587942814,0.0,0.2976142168045044,1.0,0.0033798076923076915,0.000192451923076923,2,0.0,0.0,0.0
460,1475200,-860.6553163528442,-8.606553049087525,-860.6553163528442,-8.606553049087525,0.0,860.6553163528442,8.606553049087525,-28.90152645111084,-0.28901511192321827,4.30476218700409,0.0,0.0,-536.6076695919037,-5.366076695919037,-536.6076695919037,-5.366076695919037,100.0,3.1646443074941635,0.0,0.0,536.6076695919037,17.72127079963684,14752,-0.00032839638978474637,0.04372639991343021,1.5156731009483337,0.016433980781584978,0.025824869610369207,0.025824869610369207,0.0785463996231556,0.0002958253600815671,0.0,0.3613327145576477,1.0,0.0033653846153846147,0.00019134615384615381,2,0.0,0.0,0.0
461,1478400,-764.1680288314819,-7.64168041229248,-764.1680288314819,-7.64168041229248,0.0,764.1680288314819,7.64168041229248,67.58576107025146,0.6758575248718266,4.050027837753296,0.0,0.0,nan,nan,nan,nan,nan,nan,nan,nan,nan,nan,14784,-0.0005050827920495493,0.032269510254263875,1.5188175320625306,0.010540173109620809,0.03850583955645561,0.03850583955645561,0.06800971999764442,0.0005277137522177462,0.0,0.2878333330154419,1.0,0.003350961538461538,0.00019024038461538462,2,0.0,0.0,0.0
462,1481600,-900.1833219528198,-9.001833066940307,-900.1833219528198,-9.001833066940307,0.0,900.1833219528198,9.001833066940307,-68.42953205108643,-0.6842951297760003,4.658734068870545,0.0,0.0,nan,nan,nan,nan,nan,nan,nan,nan,nan,nan,14816,-0.0001121352300248013,0.05584984868764877,1.5102679014205933,0.02277372181415558,0.023098215460777283,0.023098215460777283,0.08055890649557114,0.000283957694592335,0.0,0.19553977251052856,1.0,0.0033365384615384602,0.00018913461538461543,2,0.0,0.0,0.0
463,1484800,-857.4666271209717,-8.574666242599488,-857.4666271209717,-8.574666242599488,0.0,857.4666271209717,8.574666242599488,-25.71283721923828,-0.25712830543518095,4.295186800956726,0.0,0.0,nan,nan,nan,nan,nan,nan,nan,nan,nan,nan,14848,-0.0006643452123680671,0.03722580671310425,1.520725965499878,0.012896530888974666,0.048740464821457864,0.048740464821457864,0.06546044871211051,0.0004148343677577124,0.0,0.34575527906417847,1.0,0.0033221153846153834,0.00018802884615384612,2,0.0,0.0,0.0
464,1488000,-744.7148027420044,-7.447148385047913,-744.7148027420044,-7.447148385047913,0.0,744.7148027420044,7.447148385047913,87.038987159729,0.8703895521163938,3.7796097660064696,0.0,0.0,nan,nan,nan,nan,nan,nan,nan,nan,nan,nan,14880,-0.00029287628242746224,0.03809638060629368,1.5302685022354126,0.013693656958639621,0.022707576304674147,0.022707576304674147,0.07024244815111161,0.0006253603580268641,0.0,0.4351694583892822,1.0,0.0033076923076923066,0.00018692307692307693,2,0.0,0.0,0.0
465,1491200,-867.9654216766357,-8.679654178619385,-867.9654216766357,-8.679654178619385,0.0,867.9654216766357,8.679654178619385,-36.211631774902344,-0.3621162414550785,4.108373618125915,0.0,0.0,nan,nan,nan,nan,nan,nan,nan,nan,nan,nan,14912,-0.00039493486583523917,0.03373900726437569,1.5380728840827942,0.01140928091481328,0.029694980755448342,0.029694980755448342,0.07344960048794746,0.00035734925923014925,0.0,0.2758052945137024,1.0,0.00329326923076923,0.00018581730769230774,2,0.0,0.0,0.0
466,1494400,-816.0375843048096,-8.160375928878784,-816.0375843048096,-8.160375928878784,0.0,816.0375843048096,8.160375928878784,15.716205596923828,0.15716200828552296,3.9274841213226317,0.0,0.0,nan,nan,nan,nan,nan,nan,nan,nan,nan,nan,14944,-0.00024304906976140294,0.040673816204071046,1.536102533340454,0.01505721528083086,0.03251461796462536,0.03251461796462536,0.07561716809868813,0.0001483227064460805,0.0,0.20235246419906616,1.0,0.003278846153846153,0.00018471153846153843,2,0.0,0.0,0.0
467,1497600,-798.0258140563965,-7.980258255004883,-798.0258140563965,-7.980258255004883,0.0,798.0258140563965,7.980258255004883,33.727975845336914,0.3372796821594237,3.8827198219299315,0.0,0.0,nan,nan,nan,nan,nan,nan,nan,nan,nan,nan,14976,-0.00021227514502024646,0.04287304393947124,1.535012686252594,0.016213316190987825,0.025901668705046177,0.025901668705046177,0.08353909105062485,0.0001377963185411235,0.0,0.3748885989189148,1.0,0.0032644230769230762,0.00018360576923076924,2,0.0,0.0,0.0
468,1500800,-875.354814529419,-8.75354829788208,-875.354814529419,-8.75354829788208,0.0,875.354814529419,8.75354829788208,-43.60102462768555,-0.43601036071777344,4.837244777679444,0.0,0.0,nan,nan,nan,nan,nan,nan,nan,nan,nan,nan,15008,-0.00020889560950489993,0.04383324421942234,1.5337578177452087,0.016723013669252395,0.029894915968179704,0.029894915968179704,0.0744800478219986,0.00012495981154702523,0.0,0.21972781419754028,1.0,0.0032499999999999994,0.00018250000000000004,2,0.0,0.0,0.0
469,1504000,-863.6062316894531,-8.63606249809265,-863.6062316894531,-8.63606249809265,0.0,863.6062316894531,8.63606249809265,-31.852441787719727,-0.3185245609283438,4.49794451713562,0.0,0.0,nan,nan,nan,nan,nan,nan,nan,nan,nan,nan,15040,-0.0005112880945176812,0.039235330745577814,1.5366761326789855,0.014134343527257443,0.0384002510458231,0.0384002510458231,0.06890447363257408,0.0004743045136826149,0.0,0.1923922896385193,1.0,0.0032355769230769226,0.00018139423076923074,2,0.0,0.0,0.0
470,1507200,-731.6104192733765,-7.31610435962677,-731.6104192733765,-7.31610435962677,0.0,731.6104192733765,7.31610435962677,100.14337062835693,1.0014335775375365,3.269600076675415,0.0,0.0,nan,nan,nan,nan,nan,nan,nan,nan,nan,nan,15072,-0.000664431118633324,0.031500977091491224,1.5296168327331543,0.010158926341682672,0.04611579477787018,0.04611579477787018,0.06774970926344395,0.0009403513658987029,0.004884375230176374,0.3757860064506531,1.0,0.003221153846153846,0.00018028846153846155,2,0.0,0.0,0.0
471,1510400,-810.3893404006958,-8.103893556594848,-810.3893404006958,-8.103893556594848,0.0,810.3893404006958,8.103893556594848,21.364449501037598,0.213644380569459,4.57193657875061,0.0,0.0,nan,nan,nan,nan,nan,nan,nan,nan,nan,nan,15104,-0.0003775476054463045,0.05159974806010723,1.529130220413208,0.020518817380070685,0.029434200562536716,0.029434200562536716,0.08423746600747109,0.0004417346053748059,0.0,-0.06746506690979004,1.0,0.003206730769230769,0.00017918269230769235,2,0.0,0.0,0.0
472,1513600,-847.1160354614258,-8.471160011291504,-847.1160354614258,-8.471160011291504,0.0,847.1160354614258,8.471160011291504,-15.362245559692383,-0.1536220741271972,4.039419062137604,0.0,0.0,nan,nan,nan,nan,nan,nan,nan,nan,nan,nan,15136,-0.0003746909189707548,0.02830271255224943,1.5331846714019775,0.008882268099114299,0.02876799423247576,0.02876799423247576,0.05314416438341141,0.00042681464965490265,0.0,0.37349867820739746,1.0,0.003192307692307692,0.00017807692307692316,2,0.0,0.0,0.0
473,1516800,-807.113184928894,-8.07113202571869,-807.113184928894,-8.07113202571869,0.0,807.113184928894,8.07113202571869,24.640604972839355,0.24640591144561697,4.181829719543457,0.0,0.0,nan,nan,nan,nan,nan,nan,nan,nan,nan,nan,15168,-0.00032420947784412847,0.044251424819231035,1.5282238006591797,0.016944984253495932,0.03110818676650524,0.03110818676650524,0.06881214678287506,0.0003991902567583602,0.0,0.1499696969985962,1.0,0.0031778846153846154,0.00017697115384615386,2,0.0,0.0,0.0
474,1520000,-866.5247888565063,-8.6652481174469,-866.5247888565063,-8.6652481174469,0.0,866.5247888565063,8.6652481174469,-34.77099895477295,-0.3477101802825935,3.87279736995697,0.0,0.0,nan,nan,nan,nan,nan,nan,nan,nan,nan,nan,15200,-0.00019967274719956407,0.04118135794997215,1.5226141214370728,0.01557427467778325,0.02972739525139332,0.02972739525139332,0.06541639491915703,0.0002125382027776937,0.0,0.3117561340332031,1.0,0.0031634615384615386,0.00017586538461538466,2,0.0,0.0,0.0
475,1523200,-845.7654180526733,-8.457654428482055,-845.7654180526733,-8.457654428482055,0.0,845.7654180526733,8.457654428482055,-14.011628150939941,-0.14011649131774817,4.824506106376648,0.0,0.0,nan,nan,nan,nan,nan,nan,nan,nan,nan,nan,15232,-0.00026509151634090955,0.06751775667071343,1.525581133365631,0.02868967279791832,0.029793361388146877,0.029793361388146877,0.0859930731356144,0.00011795439227235472,0.0,0.012270987033843994,1.0,0.003149038461538461,0.00017475961538461547,2,0.0,0.0,0.0
476,1526400,-825.7288570404053,-8.257288370132446,-825.7288570404053,-8.257288370132446,0.0,825.7288570404053,8.257288370132446,6.024932861328125,0.06024956703186035,4.271451120376587,0.0,0.0,nan,nan,nan,nan,nan,nan,nan,nan,nan,nan,15264,-0.0002911952757596481,0.02014449182897806,1.5174633383750915,0.005024386569857597,0.031862698122859,0.031862698122859,0.04298756904900074,0.00015356823250902633,0.0,0.4619993567466736,1.0,0.003134615384615384,0.00017365384615384617,2,0.0,0.0,0.0
477,1529600,-824.2624053955078,-8.242623977661133,-824.2624053955078,-8.242623977661133,0.0,824.2624053955078,8.242623977661133,7.491384506225586,0.07491395950317425,4.599780945777893,0.0,0.0,nan,nan,nan,nan,nan,nan,nan,nan,nan,nan,15296,-0.0003534449358441272,0.04102989584207535,1.5362704038619994,0.015368043910712004,0.031986160576343535,0.031986160576343535,0.07213185355067253,0.00025145493946248043,0.0,0.27099066972732544,1.0,0.0031201923076923073,0.00017254807692307697,2,0.0,0.0,0.0
478,1532800,-763.0020322799683,-7.630020098686218,-763.0020322799683,-7.630020098686218,0.0,763.0020322799683,7.630020098686218,68.75175762176514,0.6875178384780884,3.6447959613800047,0.0,0.0,nan,nan,nan,nan,nan,nan,nan,nan,nan,nan,15328,-8.089114327081148e-05,0.03191844969987869,1.5387214303016663,0.011099419929087162,0.02793149184435606,0.02793149184435606,0.06014989912509918,0.00010495115611835649,0.0,0.3978651165962219,1.0,0.0031057692307692297,0.00017144230769230767,2,0.0,0.0,0.0
479,1536000,-799.6305341720581,-7.996305060386658,-799.6305341720581,-7.996305060386658,0.0,799.6305341720581,7.996305060386658,32.12325572967529,0.3212328767776489,3.9814049911499025,0.0,0.0,nan,nan,nan,nan,nan,nan,nan,nan,nan,nan,15360,-0.0003032713132925302,0.04923368617892265,1.542236566543579,0.019545984640717506,0.028660050220787527,0.028660050220787527,0.07479125335812568,0.00015600407928164454,0.0,0.2524542808532715,1.0,0.003091346153846153,0.00017033653846153848,2,0.0,0.0,0.0
480,1539200,-920.9627323150635,-9.209627199172974,-920.9627323150635,-9.209627199172974,0.0,920.9627323150635,9.209627199172974,-89.20894241333008,-0.8920892620086676,4.962988686561585,0.0,0.0,-573.0900342464447,-5.730900342464447,-573.0900342464447,-5.730900342464447,100.0,3.059364520907402,0.0,0.0,573.0900342464447,-18.761093854904175,15392,-0.00015978730948411622,0.0397217184305191,1.5428841829299926,0.014953735657036305,0.029681766964495183,0.029681766964495183,0.07796134799718857,0.00011687061942271647,0.0,0.310302734375,1.0,0.003076923076923076,0.00016923076923076917,2,0.0,0.0,0.0
481,1542400,-785.9291982650757,-7.859291787147522,-785.9291982650757,-7.859291787147522,0.0,785.9291982650757,7.859291787147522,45.824591636657715,0.4582461500167847,3.301716549396515,0.0,0.0,nan,nan,nan,nan,nan,nan,nan,nan,nan,nan,15424,-0.0004447454874549339,0.023468864522874354,1.5450470328330994,0.0065579804126173254,0.0383146446198225,0.0383146446198225,0.05666831322014332,0.00027960220527403995,0.0,0.25307512283325195,1.0,0.0030624999999999993,0.00016812499999999998,2,0.0,0.0,0.0
482,1545600,-770.8037405014038,-7.708037185668945,-770.8037405014038,-7.708037185668945,0.0,770.8037405014038,7.708037185668945,60.95004940032959,0.6095007514953616,3.919326436519623,0.0,0.0,nan,nan,nan,nan,nan,nan,nan,nan,nan,nan,15456,-9.386552612262733e-05,0.04298379831016064,1.5374234795570374,0.016711847856640816,0.024668884463608265,0.024668884463608265,0.07960902974009514,0.00021066871977442188,0.0,0.26389336585998535,1.0,0.0030480769230769224,0.00016701923076923079,2,0.0,0.0,0.0
483,1548800,-806.5793495178223,-8.06579333782196,-806.5793495178223,-8.06579333782196,0.0,806.5793495178223,8.06579333782196,25.174440383911133,0.25174459934234683,3.5767630529403687,0.0,0.0,nan,nan,nan,nan,nan,nan,nan,nan,nan,nan,15488,-0.0003131023278139855,0.023932231962680815,1.5374083518981934,0.0069890489336103204,0.029413678124547003,0.029413678124547003,0.053940648958086965,0.00015799621419377284,0.0,0.3163183331489563,1.0,0.0030336538461538456,0.0001659134615384616,2,0.0,0.0,0.0
484,1552000,-777.0390396118164,-7.770390625,-777.0390396118164,-7.770390625,0.0,777.0390396118164,7.770390625,54.71475028991699,0.5471473121643067,3.0492843174934388,0.0,0.0,nan,nan,nan,nan,nan,nan,nan,nan,nan,nan,15520,-0.00029812595387337384,0.03524136506021023,1.5454155921936035,0.012656589969992638,0.0348763782531023,0.0348763782531023,0.06418188139796258,0.00018022273607185596,0.0,0.19044995307922363,1.0,0.003019230769230769,0.0001648076923076923,2,0.0,0.0,0.0
485,1555200,-735.0934734344482,-7.350934391021728,-735.0934734344482,-7.350934391021728,0.0,735.0934734344482,7.350934391021728,96.66031646728516,0.9666035461425784,3.210912525653839,0.0,0.0,nan,nan,nan,nan,nan,nan,nan,nan,nan,nan,15552,-0.00047825405169277246,0.035261647403240205,1.5400237441062927,0.012525094393640756,0.03450428992509842,0.03450428992509842,0.0662806574255228,0.0003947262898697139,0.0,0.17158859968185425,1.0,0.003004807692307691,0.0001637019230769231,2,0.0,0.0,0.0
486,1558400,-924.2880735397339,-9.242880754470825,-924.2880735397339,-9.242880754470825,0.0,924.2880735397339,9.242880754470825,-92.53428363800049,-0.9253428173065181,4.951592373847961,0.0,0.0,nan,nan,nan,nan,nan,nan,nan,nan,nan,nan,15584,-0.00033983643959523135,0.05019400678575039,1.5258810877799989,0.02019419576972723,0.03313354067504406,0.03313354067504406,0.08484848439693451,0.000385408575494393,0.0,0.1989571452140808,1.0,0.0029903846153846144,0.0001625961538461539,2,0.0,0.0,0.0
487,1561600,-838.9608030319214,-8.389607553482056,-838.9608030319214,-8.389607553482056,0.0,838.9608030319214,8.389607553482056,-7.207013130187988,-0.07206961631774966,3.690880241394043,0.0,0.0,nan,nan,nan,nan,nan,nan,nan,nan,nan,nan,15616,-0.00018850763111473158,0.04699279442429542,1.5111793398857116,0.01881067790091038,0.026068325340747833,0.026068325340747833,0.07978205531835555,0.0002232546033161904,0.0,0.16303610801696777,1.0,0.0029759615384615376,0.0001614903846153846,2,0.0,0.0,0.0
488,1564800,-787.3892469406128,-7.873891792297363,-787.3892469406128,-7.873891792297363,0.0,787.3892469406128,7.873891792297363,44.364542961120605,0.44364614486694354,4.100764017105103,0.0,0.0,nan,nan,nan,nan,nan,nan,nan,nan,nan,nan,15648,-0.00040422394874912727,0.033894801139831544,1.5142731666564941,0.012058598920702934,0.03922253251075745,0.03922253251075745,0.066514553129673,0.00037075930285997366,0.0,0.44052761793136597,1.0,0.0029615384615384608,0.0001603846153846154,2,0.0,0.0,0.0
489,1568000,-783.736927986145,-7.83736967086792,-783.736927986145,-7.83736967086792,0.0,783.736927986145,7.83736967086792,48.01686191558838,0.48016826629638665,4.079875206947326,0.0,0.0,nan,nan,nan,nan,nan,nan,nan,nan,nan,nan,15680,-0.000422131636261458,0.0407118059694767,1.5038061141967773,0.015501881390810013,0.030707033164799214,0.030707033164799214,0.07863907665014266,0.0005129730676350626,0.0,0.32056790590286255,1.0,0.002947115384615384,0.0001592788461538462,2,0.0,0.0,0.0
490,1571200,-789.5327911376953,-7.895328178405761,-789.5327911376953,-7.895328178405761,0.0,789.5327911376953,7.895328178405761,42.220998764038086,0.4222097587585454,4.230338001251221,0.0,0.0,nan,nan,nan,nan,nan,nan,nan,nan,nan,nan,15712,-0.0003409774083577233,0.039101600646972656,1.4999764561653137,0.01481085354462266,0.04086527898907662,0.04086527898907662,0.06327098794281483,0.00019064528642118034,0.0,0.15387725830078125,1.0,0.002932692307692307,0.0001581730769230769,2,0.0,0.0,0.0
491,1574400,-882.9205913543701,-8.829206056594849,-882.9205913543701,-8.829206056594849,0.0,882.9205913543701,8.829206056594849,-51.16680145263672,-0.5116681194305421,4.681507153511047,0.0,0.0,nan,nan,nan,nan,nan,nan,nan,nan,nan,nan,15744,-0.00028462258415240527,0.041292008757591245,1.4949637293815612,0.01599867520853877,0.03295255824923515,0.03295255824923515,0.07178612872958183,0.00043189539847000874,0.0,0.07605195045471191,1.0,0.0029182692307692304,0.00015706730769230771,2,0.0,0.0,0.0
492,1577600,-807.1327123641968,-8.071327075958251,-807.1327123641968,-8.071327075958251,0.0,807.1327123641968,8.071327075958251,24.62107753753662,0.2462108612060554,4.0716472387313845,0.0,0.0,nan,nan,nan,nan,nan,nan,nan,nan,nan,nan,15776,-0.0005539666518743936,0.02821853645145893,1.4969874978065492,0.009208280220627784,0.03700390048325062,0.03700390048325062,0.05751557312905788,0.000502774600045771,0.0,0.3895605802536011,1.0,0.0029038461538461536,0.00015596153846153852,2,0.0,0.0,0.0
493,1580800,-897.7524003982544,-8.97752420425415,-897.7524003982544,-8.97752420425415,0.0,897.7524003982544,8.97752420425415,-65.998610496521,-0.6599862670898435,4.808779039382935,0.0,0.0,nan,nan,nan,nan,nan,nan,nan,nan,nan,nan,15808,-0.00028254283269344425,0.06593506187200546,1.5001340746879577,0.02835046574473381,0.027963367663323878,0.027963367663323878,0.08111027479171753,0.0004568224907422794,0.0,0.055030226707458496,1.0,0.0028894230769230768,0.00015485576923076922,2,0.0,0.0,0.0
494,1584000,-834.4246129989624,-8.34424596786499,-834.4246129989624,-8.34424596786499,0.0,834.4246129989624,8.34424596786499,-2.670823097229004,-0.02670803070068395,4.420923357009888,0.0,0.0,nan,nan,nan,nan,nan,nan,nan,nan,nan,nan,15840,-0.0005420501182263227,0.06408256739377975,1.499467134475708,0.027188265696167946,0.043348658457398416,0.043348658457398416,0.08292195126414299,0.000417564896088804,0.0,0.07552951574325562,1.0,0.002875,0.00015375000000000002,2,0.0,0.0,0.0
495,1587200,-726.3828134536743,-7.263828291893005,-726.3828134536743,-7.263828291893005,0.0,726.3828134536743,7.263828291893005,105.37097644805908,1.0537096452713017,3.6581084728240967,0.0,0.0,nan,nan,nan,nan,nan,nan,nan,nan,nan,nan,15872,-0.00010991542395437648,0.033493572100996974,1.4995246648788452,0.012347364705055952,0.02957470901310444,0.02957470901310444,0.06635515838861465,0.00029793755165949366,0.0,0.11271417140960693,1.0,0.002860576923076923,0.00015264423076923083,2,0.0,0.0,0.0
496,1590400,-806.4441947937012,-8.064441962242126,-806.4441947937012,-8.064441962242126,0.0,806.4441947937012,8.064441962242126,25.309595108032227,0.2530959749221804,3.762970833778381,0.0,0.0,nan,nan,nan,nan,nan,nan,nan,nan,nan,nan,15904,-0.0003367619495344698,0.024797074124217035,1.4987156987190247,0.0077961993403732775,0.032230598852038383,0.032230598852038383,0.05892687812447548,0.0001706268785262299,0.0,0.398205041885376,1.0,0.0028461538461538463,0.00015153846153846164,2,0.0,0.0,0.0
497,1593600,-835.3599281311035,-8.353599548339844,-835.3599281311035,-8.353599548339844,0.0,835.3599281311035,8.353599548339844,-3.606138229370117,-0.03606161117553697,4.470726714134217,0.0,0.0,nan,nan,nan,nan,nan,nan,nan,nan,nan,nan,15936,-0.0002873775487678198,0.04329894818365574,1.4930355310440064,0.017134221829473974,0.028231284767389297,0.028231284767389297,0.06771823763847351,0.00019404194122283003,0.0,0.16919368505477905,1.0,0.0028317307692307687,0.00015043269230769233,2,0.0,0.0,0.0
498,1596800,-808.2121028900146,-8.082121319770813,-808.2121028900146,-8.082121319770813,0.0,808.2121028900146,8.082121319770813,23.54168701171875,0.2354166173934935,3.7264587330818175,0.0,0.0,nan,nan,nan,nan,nan,nan,nan,nan,nan,nan,15968,-0.00017358987327877883,0.03556056991219521,1.499471700191498,0.013382222317159177,0.0303337337449193,0.0303337337449193,0.06593440249562263,0.00012282581660718039,0.0,0.2699970006942749,1.0,0.002817307692307691,0.00014932692307692303,2,0.0,0.0,0.0
499,1600000,-812.9206619262695,-8.12920639038086,-812.9206619262695,-8.12920639038086,0.0,812.9206619262695,8.12920639038086,18.833127975463867,0.18833154678344677,4.205569605827332,0.0,0.0,nan,nan,nan,nan,nan,nan,nan,nan,nan,nan,16000,-0.00026406106614813575,0.02879954446107149,1.4914585947990417,0.009955324605107308,0.0303188456222415,0.0303188456222415,0.057901694625616076,0.00011508887105330225,0.0,0.2999316453933716,1.0,0.002802884615384614,0.00014822115384615384,2,0.0,0.0,0.0
500,1603200,-810.7391128540039,-8.107391352653503,-810.7391128540039,-8.107391352653503,0.0,810.7391128540039,8.107391352653503,21.014677047729492,0.21014658451080415,3.8108939337730408,0.0,0.0,-605.0326223373413,-6.050326223373413,-605.0326223373413,-6.050326223373413,100.0,3.7159944516420365,0.0,0.0,605.0326223373413,-50.70368194580078,16032,-0.00022964269044312147,0.038213246315717694,1.4983059883117675,0.014699011761695146,0.02911481410264969,0.02911481410264969,0.07722984999418259,0.00010867672849664041,0.0,0.2556803822517395,1.0,0.0027884615384615374,0.00014711538461538464,2,0.0,0.0,0.0
501,1606400,-803.8712329864502,-8.038712172508239,-803.8712329864502,-8.038712172508239,0.0,803.8712329864502,8.038712172508239,27.882556915283203,0.2788257646560677,4.070084376335144,0.0,0.0,nan,nan,nan,nan,nan,nan,nan,nan,nan,nan,16064,-0.00015004277851531355,0.042084187641739844,1.4789381623268127,0.016789419949054717,0.02914079502224922,0.02914079502224922,0.07229925468564033,0.00010919058609103007,0.0,0.24285006523132324,1.0,0.0027740384615384606,0.00014600961538461534,2,0.0,0.0,0.0
502,1609600,-894.0803375244141,-8.940803232192993,-894.0803375244141,-8.940803232192993,0.0,894.0803375244141,8.940803232192993,-62.326547622680664,-0.6232652950286859,4.619266219139099,0.0,0.0,nan,nan,nan,nan,nan,nan,nan,nan,nan,nan,16096,-0.0002753988477270042,0.05959190316498279,1.482369863986969,0.02542978208512068,0.033083764091134074,0.033083764091134074,0.08716317787766456,0.0001386334633941443,0.0,0.31853199005126953,1.0,0.002759615384615384,0.00014490384615384615,2,0.0,0.0,0.0
503,1612800,-815.8192501068115,-8.15819272518158,-815.8192501068115,-8.15819272518158,0.0,815.8192501068115,8.15819272518158,15.934539794921875,0.15934521198272655,4.001230032444,0.0,0.0,nan,nan,nan,nan,nan,nan,nan,nan,nan,nan,16128,-0.00024408378100777562,0.02883472591638565,1.4745999574661255,0.010125218890607357,0.02588571086525917,0.02588571086525917,0.05147941596806049,0.00014145309983248154,0.0,0.41108107566833496,1.0,0.002745192307692307,0.00014379807692307695,2,0.0,0.0,0.0
504,1616000,-760.4031991958618,-7.604031949043274,-760.4031991958618,-7.604031949043274,0.0,760.4031991958618,7.604031949043274,71.35059070587158,0.7135059881210326,3.339595985412598,0.0,0.0,nan,nan,nan,nan,nan,nan,nan,nan,nan,nan,16160,-0.0002572612750140202,0.03476399593055248,1.4717392563819884,0.013105756416916848,0.031319358944892885,0.031319358944892885,0.06686481684446335,0.0001124437984351701,0.0,0.21284306049346924,1.0,0.00273076923076923,0.00014269230769230765,2,0.0,0.0,0.0
505,1619200,-795.8245496749878,-7.958245434761047,-795.8245496749878,-7.958245434761047,0.0,795.8245496749878,7.958245434761047,35.929240226745605,0.3592925024032594,3.7410852217674258,0.0,0.0,nan,nan,nan,nan,nan,nan,nan,nan,nan,nan,16192,-0.0002590329162252658,0.03364498689770699,1.471767783164978,0.012565629556775093,0.029350664652884006,0.029350664652884006,0.05639905259013176,0.0001795821398907087,0.0,0.4230998158454895,1.0,0.0027163461538461534,0.00014158653846153846,2,0.0,0.0,0.0
506,1622400,-797.9216032028198,-7.979216022491455,-797.9216032028198,-7.979216022491455,0.0,797.9216032028198,7.979216022491455,33.832186698913574,0.3383219146728518,4.181397666931153,0.0,0.0,nan,nan,nan,nan,nan,nan,nan,nan,nan,nan,16224,-0.00013023568458176983,0.036757553741335866,1.4636652588844299,0.014293830189853907,0.025236283801496028,0.025236283801496028,0.06737100481986999,7.608569712900909e-05,0.0,0.42691147327423096,1.0,0.0027019230769230766,0.00014048076923076926,2,0.0,0.0,0.0
507,1625600,-769.9099359512329,-7.699099373817444,-769.9099359512329,-7.699099373817444,0.0,769.9099359512329,7.699099373817444,61.84385395050049,0.6184385633468628,4.252743244171143,0.0,0.0,nan,nan,nan,nan,nan,nan,nan,nan,nan,nan,16256,-0.0003514182459213977,0.0397214125841856,1.460377538204193,0.015584523417055606,0.03322338946163654,0.03322338946163654,0.06872770339250564,0.00016630744985449706,0.0,0.43899524211883545,1.0,0.002687499999999999,0.00013937500000000007,2,0.0,0.0,0.0
508,1628800,-857.6581811904907,-8.576581983566284,-857.6581811904907,-8.576581983566284,0.0,857.6581811904907,8.576581983566284,-25.904391288757324,-0.25904404640197676,4.167533478736877,0.0,0.0,nan,nan,nan,nan,nan,nan,nan,nan,nan,nan,16288,-0.00019880838578671954,0.04679618813097477,1.4545416235923767,0.01931118406355381,0.027654926851391794,0.027654926851391794,0.06649195551872253,0.0002052178814672643,0.0,0.16287529468536377,1.0,0.002673076923076922,0.00013826923076923076,2,0.0,0.0,0.0
509,1632000,-759.6915321350098,-7.5969153881073,-759.6915321350098,-7.5969153881073,0.0,759.6915321350098,7.5969153881073,72.06225776672363,0.7206225490570066,3.5460768651962282,0.0,0.0,nan,nan,nan,nan,nan,nan,nan,nan,nan,nan,16320,-0.00019990623410270913,0.029250886291265488,1.4599972248077393,0.010543909668922425,0.041762711480259895,0.041762711480259895,0.06215950883924961,6.594227675195286e-05,0.0,0.5215603113174438,1.0,0.0026586538461538453,0.00013716346153846157,2,0.0,0.0,0.0
510,1635200,-794.1843481063843,-7.941843185424805,-794.1843481063843,-7.941843185424805,0.0,794.1843481063843,7.941843185424805,37.56944179534912,0.37569475173950195,3.5531799602508545,0.0,0.0,nan,nan,nan,nan,nan,nan,nan,nan,nan,nan,16352,-0.0001842917445115333,0.033533963933587076,1.448308289051056,0.012753028981387615,0.02471248582005501,0.02471248582005501,0.062088342383503914,0.00013394442930876772,0.0,0.41525691747665405,1.0,0.0026442307692307685,0.00013605769230769238,2,0.0,0.0,0.0
511,1638400,-792.0246152877808,-7.920246205329895,-792.0246152877808,-7.920246205329895,0.0,792.0246152877808,7.920246205329895,39.72917461395264,0.3972917318344118,4.534121479988098,0.0,0.0,nan,nan,nan,nan,nan,nan,nan,nan,nan,nan,16384,-0.00018619415501708314,0.03219054751098156,1.4462903261184692,0.012105613946914673,0.033035768941044805,0.033035768941044805,0.0672374650835991,7.263353065883273e-05,0.0,0.5128604173660278,1.0,0.0026298076923076917,0.00013495192307692307,2,0.0,0.0,0.0
512,1641600,-847.5372667312622,-8.475372562408447,-847.5372667312622,-8.475372562408447,0.0,847.5372667312622,8.475372562408447,-15.783476829528809,-0.15783462524414027,4.540703325271607,0.0,0.0,nan,nan,nan,nan,nan,nan,nan,nan,nan,nan,16416,-0.0003550138920341839,0.046869099512696265,1.4482059717178344,0.019291920214891435,0.03808656595647335,0.03808656595647335,0.08754154741764068,0.00016414952679120323,0.0,0.28118687868118286,1.0,0.002615384615384615,0.00013384615384615388,2,0.0,0.0,0.0
513,1644800,-815.6712732315063,-8.15671241760254,-815.6712732315063,-8.15671241760254,0.0,815.6712732315063,8.15671241760254,16.08251667022705,0.16082551956176694,4.679373545646667,0.0,0.0,nan,nan,nan,nan,nan,nan,nan,nan,nan,nan,16448,-0.00031176946083140146,0.03362597599625587,1.459397280216217,0.012705382145941257,0.03340854272246361,0.03340854272246361,0.055406457558274266,0.0002480843521887408,0.0,0.2078152894973755,1.0,0.002600961538461538,0.00013274038461538469,2,0.0,0.0,0.0
514,1648000,-744.7569227218628,-7.447569465637207,-744.7569227218628,-7.447569465637207,0.0,744.7569227218628,7.447569465637207,86.9968671798706,0.8699684715271001,3.644781029224396,0.0,0.0,nan,nan,nan,nan,nan,nan,nan,nan,nan,nan,16480,-0.00023416660213690932,0.03422026000916958,1.4404311060905457,0.013150232844054699,0.03604375086724758,0.03604375086724758,0.06772892102599144,0.0001632127861747449,0.0,0.46858417987823486,1.0,0.0025865384615384613,0.00013163461538461538,2,0.0,0.0,0.0
515,1651200,-837.4702863693237,-8.37470290184021,-837.4702863693237,-8.37470290184021,0.0,837.4702863693237,8.37470290184021,-5.716496467590332,-0.05716496467590382,4.644318866729736,0.0,0.0,nan,nan,nan,nan,nan,nan,nan,nan,nan,nan,16512,-0.0002494381412398106,0.04871266148984432,1.447919237613678,0.020382677763700487,0.025896495580673216,0.025896495580673216,0.0859929695725441,0.00020518901192264713,0.0,0.18119394779205322,1.0,0.0025721153846153845,0.0001305288461538462,2,0.0,0.0,0.0
516,1654400,-842.5757007598877,-8.425757255554199,-842.5757007598877,-8.425757255554199,0.0,842.5757007598877,8.425757255554199,-10.821910858154297,-0.1082193183898923,4.046661694049835,0.0,0.0,nan,nan,nan,nan,nan,nan,nan,nan,nan,nan,16544,-0.00020802855285144694,0.03147745318710804,1.4419320106506348,0.011842679511755706,0.024848814867436887,0.024848814867436887,0.06420152112841607,0.00022596411654451752,0.0,0.19696980714797974,1.0,0.0025576923076923077,0.000129423076923077,2,0.0,0.0,0.0
517,1657600,-815.2931423187256,-8.152931632995605,-815.2931423187256,-8.152931632995605,0.0,815.2931423187256,8.152931632995605,16.460647583007812,0.1646063041687018,4.241927795410156,0.0,0.0,nan,nan,nan,nan,nan,nan,nan,nan,nan,nan,16576,-0.00013618644523121225,0.025240244902670385,1.459114181995392,0.008773015905171632,0.02882593832910061,0.02882593832910061,0.059607969224452974,6.619580572150319e-05,0.0,0.5550072193145752,1.0,0.00254326923076923,0.0001283173076923077,2,0.0,0.0,0.0
518,1660800,-804.51047706604,-8.045104928016663,-804.51047706604,-8.045104928016663,0.0,804.51047706604,8.045104928016663,27.24331283569336,0.2724330091476439,3.7329697823524475,0.0,0.0,nan,nan,nan,nan,nan,nan,nan,nan,nan,nan,16608,-0.00024953839058579065,0.026002078875899316,1.4386935353279113,0.009113266132771969,0.03144806623458862,0.03144806623458862,0.056876085326075555,0.00016823492173975263,0.0,0.43333137035369873,1.0,0.0025288461538461524,0.0001272115384615385,2,0.0,0.0,0.0
519,1664000,-832.4466075897217,-8.3244664478302,-832.4466075897217,-8.3244664478302,0.0,832.4466075897217,8.3244664478302,-0.6928176879882812,-0.006928510665893839,4.06976322889328,0.0,0.0,nan,nan,nan,nan,nan,nan,nan,nan,nan,nan,16640,-0.0002165518288719248,0.04821490235626698,1.4393108367919922,0.020271862857043743,0.027500100433826447,0.027500100433826447,0.07943446785211564,0.0001912208504116555,0.0,0.3148249387741089,1.0,0.0025144230769230756,0.0001261057692307692,2,0.0,0.0,0.0
520,1667200,-790.5223350524902,-7.90522301197052,-790.5223350524902,-7.90522301197052,0.0,790.5223350524902,7.90522301197052,41.231454849243164,0.41231492519378676,4.038281862735748,0.0,0.0,-616.5755565166473,-6.1657555651664735,-616.5755565166473,-6.1657555651664735,100.0,4.158895419836044,0.0,0.0,616.5755565166473,-62.24661612510681,16672,-0.000213635208023355,0.0349062368273735,1.4432564616203307,0.013631341978907585,0.03657231293618679,0.03657231293618679,0.06425205320119858,7.82644738599787e-05,0.0,0.39060157537460327,1.0,0.0024999999999999988,0.000125,2,0.0,0.0,0.0
521,1670400,-812.6206340789795,-8.126206521987916,-812.6206340789795,-8.126206521987916,0.0,812.6206340789795,8.126206521987916,19.133155822753906,0.19133141517639096,3.8793088483810423,0.0,0.0,nan,nan,nan,nan,nan,nan,nan,nan,nan,nan,16704,-0.00024065048535995003,0.05615322887897491,1.4461298704147338,0.024241497181355952,0.031912070140242575,0.031912070140242575,0.09094750806689263,0.00018427676914217333,0.0,0.359772264957428,1.0,0.002485576923076922,0.0001238942307692308,2,0.0,0.0,0.0
522,1673600,-925.9908924102783,-9.259909229278565,-925.9908924102783,-9.259909229278565,0.0,925.9908924102783,9.259909229278565,-94.23710250854492,-0.9423712921142577,4.731365098953247,0.0,0.0,nan,nan,nan,nan,nan,nan,nan,nan,nan,nan,16736,-0.0002459837646383356,0.07713580951094627,1.4514745712280273,0.03473510481417179,0.032020654156804086,0.032020654156804086,0.10588969811797141,0.0001316171090828072,0.0,0.2719758152961731,1.0,0.002471153846153845,0.0001227884615384615,2,0.0,0.0,0.0
523,1676800,-866.7617244720459,-8.66761734008789,-866.7617244720459,-8.66761734008789,0.0,866.7617244720459,8.66761734008789,-35.0079345703125,-0.3500794029235834,4.462614817619324,0.0,0.0,nan,nan,nan,nan,nan,nan,nan,nan,nan,nan,16768,-0.00034335377550158696,0.024350857920944692,1.4413980007171632,0.008290948253124953,0.028573528863489628,0.028573528863489628,0.04911368824541569,0.00023541807195291272,0.0,0.4141692519187927,1.0,0.0024567307692307683,0.00012168269230769231,2,0.0,0.0,0.0
524,1680000,-828.0771932601929,-8.28077184677124,-828.0771932601929,-8.28077184677124,0.0,828.0771932601929,8.28077184677124,3.6765966415405273,0.03676609039306733,4.1708815884590145,0.0,0.0,nan,nan,nan,nan,nan,nan,nan,nan,nan,nan,16800,-0.00014652834136690273,0.04049692638218403,1.4334620594978333,0.016600979398936032,0.02759073078632355,0.02759073078632355,0.07290100231766701,0.00015502820288097957,0.0,0.36087292432785034,1.0,0.0024423076923076915,0.00012057692307692312,2,0.0,0.0,0.0
525,1683200,-796.2278470993042,-7.962278566360474,-796.2278470993042,-7.962278566360474,0.0,796.2278470993042,7.962278566360474,35.5259428024292,0.3552593708038332,4.056686668395996,0.0,0.0,nan,nan,nan,nan,nan,nan,nan,nan,nan,nan,16832,-0.0003309395075077326,0.04528125710785389,1.430777108669281,0.018835927173495293,0.03516498990356922,0.03516498990356922,0.0700827531516552,0.00018927082287599787,0.0,0.46231305599212646,1.0,0.0024278846153846147,0.00011947115384615382,2,0.0,0.0,0.0
526,1686400,-866.8559131622314,-8.668559198379517,-866.8559131622314,-8.668559198379517,0.0,866.8559131622314,8.668559198379517,-35.10212326049805,-0.3510212612152106,4.474352307319641,0.0,0.0,nan,nan,nan,nan,nan,nan,nan,nan,nan,nan,16864,-0.0001754504209251717,0.036110780015587804,1.4435386300086974,0.014396014809608459,0.03345964178442955,0.03345964178442955,0.06870760694146157,0.00010798598473305263,0.0,0.47303682565689087,1.0,0.002413461538461538,0.00011836538461538462,2,0.0,0.0,0.0
527,1689600,-776.5235052108765,-7.765235099792481,-776.5235052108765,-7.765235099792481,0.0,776.5235052108765,7.765235099792481,55.230284690856934,0.5523028373718262,3.979322655200958,0.0,0.0,nan,nan,nan,nan,nan,nan,nan,nan,nan,nan,16896,-0.00022102985565801702,0.06630363985896111,1.434682810306549,0.0294889310374856,0.038167263939976694,0.038167263939976694,0.08977797701954841,9.758969870366471e-05,0.0,0.08522415161132812,1.0,0.002399038461538461,0.00011725961538461543,2,0.0,0.0,0.0
528,1692800,-767.7382698059082,-7.677382831573486,-767.7382698059082,-7.677382831573486,0.0,767.7382698059082,7.677382831573486,64.0155200958252,0.6401551055908206,3.5582825565338134,0.0,0.0,nan,nan,nan,nan,nan,nan,nan,nan,nan,nan,16928,-0.0003755211104987666,0.02932628318667412,1.4404494762420654,0.010852702334523201,0.03396966829895973,0.03396966829895973,0.06202780455350876,0.00024386248369487866,0.0,0.3523479104042053,1.0,0.0023846153846153843,0.00011615384615384623,2,0.0,0.0,0.0
529,1696000,-808.0062351226807,-8.080061917304993,-808.0062351226807,-8.080061917304993,0.0,808.0062351226807,8.080061917304993,23.747554779052734,0.23747601985931333,3.9419892621040344,0.0,0.0,nan,nan,nan,nan,nan,nan,nan,nan,nan,nan,16960,-7.894185641670326e-05,0.031237106397747995,1.434548282623291,0.012139456439763307,0.02976150494068861,0.02976150494068861,0.05189070627093315,0.00013379425290700343,0.0,0.2825724482536316,1.0,0.0023701923076923075,0.00011504807692307693,2,0.0,0.0,0.0
530,1699200,-865.831464767456,-8.658314599990845,-865.831464767456,-8.658314599990845,0.0,865.831464767456,8.658314599990845,-34.077674865722656,-0.3407766628265385,4.2276891040802,0.0,0.0,nan,nan,nan,nan,nan,nan,nan,nan,nan,nan,16992,-0.00012985192552510404,0.035420458763837814,1.4409573793411254,0.01418581446632743,0.02824430726468563,0.02824430726468563,0.07999800443649292,5.9375093247448554e-05,0.0,0.11184579133987427,1.0,0.00235576923076923,0.00011394230769230774,2,0.0,0.0,0.0
531,1702400,-857.5114593505859,-8.575114822387695,-857.5114593505859,-8.575114822387695,0.0,857.5114593505859,8.575114822387695,-25.75766944885254,-0.2575768852233882,4.832263441085815,0.0,0.0,nan,nan,nan,nan,nan,nan,nan,nan,nan,nan,17024,-0.00019660911229433254,0.05507632605731487,1.4383179783821105,0.0239739540964365,0.034934477508068086,0.034934477508068086,0.07625812739133835,5.872005315344995e-05,0.0,0.21259534358978271,1.0,0.002341346153846153,0.00011283653846153854,2,0.0,0.0,0.0
532,1705600,-774.765923500061,-7.747659277915955,-774.765923500061,-7.747659277915955,0.0,774.765923500061,7.747659277915955,56.98786640167236,0.569878659248352,4.001781919002533,0.0,0.0,nan,nan,nan,nan,nan,nan,nan,nan,nan,nan,17056,-0.0003985508968456952,0.03609728775918484,1.4446003198623658,0.01428861916065216,0.04762384481728077,0.04762384481728077,0.06034163944423199,0.00020019151293201913,0.0,0.5325311422348022,1.0,0.0023269230769230763,0.00011173076923076924,2,0.0,0.0,0.0
533,1708800,-838.3221130371094,-8.383220930099487,-838.3221130371094,-8.383220930099487,0.0,838.3221130371094,8.383220930099487,-6.568323135375977,-0.0656829929351801,4.4027072715759275,0.0,0.0,nan,nan,nan,nan,nan,nan,nan,nan,nan,nan,17088,-0.0006257396269764293,0.04489909447729588,1.4486549139022826,0.018473793193697928,0.04688778482377529,0.04688778482377529,0.08006889820098877,0.0005826699505640536,0.0,0.2914625406265259,1.0,0.0023124999999999995,0.00011062500000000005,2,0.0,0.0,0.0
534,1712000,-725.8859901428223,-7.258859920501709,-725.8859901428223,-7.258859920501709,0.0,725.8859901428223,7.258859920501709,105.86779975891113,1.058678016662598,3.894515082836151,0.0,0.0,nan,nan,nan,nan,nan,nan,nan,nan,nan,nan,17120,-0.00027524690900158075,0.03262516427785158,1.4604289889335633,0.012681156583130359,0.03593159206211567,0.03593159206211567,0.07346044927835464,0.00041902646207814915,0.0,0.4061499238014221,1.0,0.0022980769230769226,0.00010951923076923085,2,0.0,0.0,0.0
535,1715200,-739.3171367645264,-7.393171534538269,-739.3171367645264,-7.393171534538269,0.0,739.3171367645264,7.393171534538269,92.43665313720703,0.9243664026260374,3.5397228622436523,0.0,0.0,nan,nan,nan,nan,nan,nan,nan,nan,nan,nan,17152,-0.0001938370265094136,0.04044464454054832,1.462902343273163,0.01668772231787443,0.034453653171658515,0.034453653171658515,0.08324517458677291,0.00013741848197313284,0.0,0.3859759569168091,1.0,0.002283653846153846,0.00010841346153846155,2,0.0,0.0,0.0
536,1718400,-852.3471031188965,-8.523470687866212,-852.3471031188965,-8.523470687866212,0.0,852.3471031188965,8.523470687866212,-20.593313217163086,-0.20593275070190487,4.698161554336548,0.0,0.0,nan,nan,nan,nan,nan,nan,nan,nan,nan,nan,17184,-0.00022796731193959198,0.04785882383584976,1.4581057667732238,0.020392665825784206,0.03332184851169586,0.03332184851169586,0.08275314271450043,9.787371359453928e-05,0.0,0.10066580772399902,1.0,0.002269230769230769,0.00010730769230769236,2,0.0,0.0,0.0
537,1721600,-820.1632347106934,-8.20163185119629,-820.1632347106934,-8.20163185119629,0.0,820.1632347106934,8.20163185119629,11.590555191040039,0.11590608596801744,3.965136933326721,0.0,0.0,nan,nan,nan,nan,nan,nan,nan,nan,nan,nan,17216,-0.00024179096856098426,0.03138848822563887,1.467029631137848,0.012144583649933339,0.032097145169973376,0.032097145169973376,0.06169845908880234,0.00015965408060837069,0.0,0.47761422395706177,1.0,0.0022548076923076914,0.00010620192307692305,2,0.0,0.0,0.0
538,1724800,-879.7784471511841,-8.797784547805787,-879.7784471511841,-8.797784547805787,0.0,879.7784471511841,8.797784547805787,-48.024657249450684,-0.4802466106414798,4.232912292480469,0.0,0.0,nan,nan,nan,nan,nan,nan,nan,nan,nan,nan,17248,-7.154530257174052e-05,0.04372762814164162,1.4607248187065125,0.01851968336850405,0.016988679580390454,0.016988679580390454,0.08157281428575516,0.00011298879162569743,0.0,0.3662217855453491,1.0,0.0022403846153846146,0.00010509615384615386,2,0.0,0.0,0.0
539,1728000,-837.3593635559082,-8.373593349456787,-837.3593635559082,-8.373593349456787,0.0,837.3593635559082,8.373593349456787,-5.605573654174805,-0.0560554122924799,3.7303594279289247,0.0,0.0,nan,nan,nan,nan,nan,nan,nan,nan,nan,nan,17280,-0.00010176153264911392,0.0717734381556511,1.4642297744750976,0.03252563811838627,0.024865465983748437,0.024865465983748437,0.10510216355323791,2.3648395609396026e-05,0.0,0.2444707751274109,1.0,0.0022259615384615378,0.00010399038461538456,2,0.0,0.0,0.0
540,1731200,-762.4053764343262,-7.624053997993469,-762.4053764343262,-7.624053997993469,0.0,762.4053764343262,7.624053997993469,69.34841346740723,0.6934839391708376,3.9263695216178895,0.0,0.0,-590.7756810188293,-5.907756810188293,-590.7756810188293,-5.907756810188293,100.0,3.0973109006881714,0.0,0.0,590.7756810188293,-36.44674062728882,17312,-0.00010580136454620969,0.05044426470994949,1.4588277339935303,0.021890077739953995,0.023555377684533595,0.023555377684533595,0.08047049939632415,2.7406080131029617e-05,0.0,0.07066690921783447,1.0,0.00221153846153846,0.00010288461538461536,2,0.0,0.0,0.0
541,1734400,-786.7086143493652,-7.867086186408996,-786.7086143493652,-7.867086186408996,0.0,786.7086143493652,7.867086186408996,45.045175552368164,0.4504517507553105,3.9891373229026796,0.0,0.0,nan,nan,nan,nan,nan,nan,nan,nan,nan,nan,17344,-0.0001752219924004761,0.03523934446275234,1.4745125651359559,0.014204775635153054,0.030512794107198715,0.030512794107198715,0.0709958590567112,4.980412211424742e-05,0.0,0.39766645431518555,1.0,0.0021971153846153833,0.00010177884615384617,2,0.0,0.0,0.0
542,1737600,-770.9140529632568,-7.709140124320984,-770.9140529632568,-7.709140124320984,0.0,770.9140529632568,7.709140124320984,60.83973693847656,0.6083978128433225,3.895331234931946,0.0,0.0,nan,nan,nan,nan,nan,nan,nan,nan,nan,nan,17376,-7.09430696989699e-05,0.03790210336446762,1.4785899758338927,0.015652801748365162,0.022775659896433355,0.022775659896433355,0.0662989854812622,4.827773898413393e-05,0.0,0.2343807816505432,1.0,0.0021826923076923074,0.00010067307692307697,2,0.0,0.0,0.0
543,1740800,-760.3365297317505,-7.603365588188171,-760.3365297317505,-7.603365588188171,0.0,760.3365297317505,7.603365588188171,71.41726016998291,0.7141723489761356,3.786480202674866,0.0,0.0,nan,nan,nan,nan,nan,nan,nan,nan,nan,nan,17408,-0.00023631933706345088,0.04171082302927971,1.4742723107337952,0.01742247324436903,0.03805999308824539,0.03805999308824539,0.08380688279867173,7.254499640863274e-05,0.0,0.1301249861717224,1.0,0.0021682692307692306,9.956730769230767e-05,2,0.0,0.0,0.0
544,1744000,-826.3998460769653,-8.26399847984314,-826.3998460769653,-8.26399847984314,0.0,826.3998460769653,8.26399847984314,5.353943824768066,0.053539457321166495,4.117965269088745,0.0,0.0,nan,nan,nan,nan,nan,nan,nan,nan,nan,nan,17440,-7.929841286085093e-05,0.07773377895355224,1.4659535527229308,0.035630152374505994,0.026312061212956907,0.026312061212956907,0.11163783222436904,8.560851051771791e-05,0.0,0.26228731870651245,1.0,0.0021538461538461538,9.846153846153848e-05,2,0.0,0.0,0.0
545,1747200,-825.051568031311,-8.250516004562378,-825.051568031311,-8.250516004562378,0.0,825.051568031311,8.250516004562378,6.702221870422363,0.06702193260192857,4.321410589218139,0.0,0.0,nan,nan,nan,nan,nan,nan,nan,nan,nan,nan,17472,-0.00018702497674816243,0.04943460896611214,1.4629300236701965,0.02140045315027237,0.03838782347738743,0.03838782347738743,0.08776848539710044,5.4907647086797354e-05,0.0,0.36474061012268066,1.0,0.002139423076923077,9.735576923076928e-05,2,0.0,0.0,0.0
546,1750400,-738.2717342376709,-7.382717118263245,-738.2717342376709,-7.382717118263245,0.0,738.2717342376709,7.382717118263245,93.4820556640625,0.9348208189010618,3.774913318157196,0.0,0.0,nan,nan,nan,nan,nan,nan,nan,nan,nan,nan,17504,-0.00014670212351486356,0.04787285178899765,1.461366319656372,0.02068432029336691,0.028269640542566775,0.028269640542566775,0.08010417819023133,6.786904944038085e-05,0.0,0.07130604982376099,1.0,0.002125,9.624999999999998e-05,2,0.0,0.0,0.0
547,1753600,-842.9726676940918,-8.429726657867432,-842.9726676940918,-8.429726657867432,0.0,842.9726676940918,8.429726657867432,-11.218877792358398,-0.11218872070312536,4.041295208930969,0.0,0.0,nan,nan,nan,nan,nan,nan,nan,nan,nan,nan,17536,-0.00020856430377897973,0.05577807314693928,1.4586505174636841,0.02460187803953886,0.03379787467420101,0.03379787467420101,0.08881016001105309,9.547051065584948e-05,0.0,0.2929114103317261,1.0,0.0021105769230769216,9.514423076923079e-05,2,0.0,0.0,0.0
548,1756800,-832.9703102111816,-8.329702501296998,-832.9703102111816,-8.329702501296998,0.0,832.9703102111816,8.329702501296998,-1.2165203094482422,-0.01216456413269107,5.0070260143280025,0.0,0.0,nan,nan,nan,nan,nan,nan,nan,nan,nan,nan,17568,-0.00017568469985995705,0.04309878647327423,1.4616932034492494,0.018309775181114672,0.028963662311434747,0.028963662311434747,0.07157991975545883,9.076167280075813e-05,0.0,0.4835807681083679,1.0,0.002096153846153845,9.40384615384616e-05,2,0.0,0.0,0.0
549,1760000,-761.0864133834839,-7.610864319801331,-761.0864133834839,-7.610864319801331,0.0,761.0864133834839,7.610864319801331,70.66737651824951,0.7066736173629762,3.995383071899414,0.0,0.0,nan,nan,nan,nan,nan,nan,nan,nan,nan,nan,17600,-0.00017029302181477136,0.044030546024441716,1.4604121685028075,0.01880479510873556,0.026703251525759697,0.026703251525759697,0.07688109502196312,7.732190783900025e-05,0.0,0.2606257200241089,1.0,0.002081730769230768,9.293269230769229e-05,2,0.0,0.0,0.0
550,1763200,-823.0872507095337,-8.230872125625611,-823.0872507095337,-8.230872125625611,0.0,823.0872507095337,8.230872125625611,8.666539192199707,0.08666581153869579,3.781452672481537,0.0,0.0,nan,nan,nan,nan,nan,nan,nan,nan,nan,nan,17632,-0.00010854828318205279,0.04809686616063118,1.4581395745277406,0.02092546094208956,0.02617374826222658,0.02617374826222658,0.07501643151044846,4.706338966190745e-05,0.0,0.07892614603042603,1.0,0.002067307692307691,9.18269230769231e-05,2,0.0,0.0,0.0
551,1766400,-805.8128709793091,-8.058129029273987,-805.8128709793091,-8.058129029273987,0.0,805.8128709793091,8.058129029273987,25.940918922424316,0.2594089078903199,4.210978264808655,0.0,0.0,nan,nan,nan,nan,nan,nan,nan,nan,nan,nan,17664,-0.0001568486202872421,0.05326320230960846,1.4571743488311768,0.023483341746032237,0.03296133242547512,0.03296133242547512,0.08203938826918603,4.852736792672979e-05,0.0,0.027022123336791992,1.0,0.0020528846153846144,9.07211538461539e-05,2,0.0,0.0,0.0
552,1769600,-714.1925964355469,-7.141926317214966,-714.1925964355469,-7.141926317214966,0.0,714.1925964355469,7.141926317214966,117.56119346618652,1.1756116199493407,3.879766192436218,0.0,0.0,nan,nan,nan,nan,nan,nan,nan,nan,nan,nan,17696,-0.0001909605995926711,0.048221173137426375,1.4459314107894898,0.020972150564193725,0.034180186688899994,0.034180186688899994,0.08118347153067589,7.391482897749445e-05,0.0,0.49188101291656494,1.0,0.0020384615384615376,8.961538461538471e-05,2,0.0,0.0,0.0
553,1772800,-792.5995206832886,-7.925994973182679,-792.5995206832886,-7.925994973182679,0.0,792.5995206832886,7.925994973182679,39.154269218444824,0.39154296398162813,3.7560536217689515,0.0,0.0,nan,nan,nan,nan,nan,nan,nan,nan,nan,nan,17728,-0.0001958121044692618,0.017967391945421695,1.4527510046958922,0.005847459938377142,0.02655920907855034,0.02655920907855034,0.04596930183470249,0.0001405751693717465,0.0,0.33619165420532227,1.0,0.002024038461538461,8.85096153846154e-05,2,0.0,0.0,0.0
554,1776000,-767.0117120742798,-7.670117201805115,-767.0117120742798,-7.670117201805115,0.0,767.0117120742798,7.670117201805115,64.74207782745361,0.6474207353591916,3.9053063440322875,0.0,0.0,nan,nan,nan,nan,nan,nan,nan,nan,nan,nan,17760,-0.00013264157912562524,0.04063741862773895,1.4472246646881104,0.01727770287543535,0.030316638201475142,0.030316638201475142,0.07014024183154106,7.957580328441247e-05,0.0,0.4236627221107483,1.0,0.002009615384615384,8.740384615384621e-05,2,0.0,0.0,0.0
555,1779200,-819.819188117981,-8.198191709518433,-819.819188117981,-8.198191709518433,0.0,819.819188117981,8.198191709518433,11.934601783752441,0.11934622764587388,3.6807594108581543,0.0,0.0,nan,nan,nan,nan,nan,nan,nan,nan,nan,nan,17792,-0.0002938060286367339,0.04219958372414112,1.4531282186508179,0.017906715162098408,0.03799004442989826,0.03799004442989826,0.06763301342725754,0.00012318601927817634,0.0,0.11932641267776489,1.0,0.001995192307692307,8.629807692307702e-05,2,0.0,0.0,0.0
556,1782400,-810.8006134033203,-8.108006377220153,-810.8006134033203,-8.108006377220153,0.0,810.8006134033203,8.108006377220153,20.953176498413086,0.2095315599441534,3.993391635417938,0.0,0.0,nan,nan,nan,nan,nan,nan,nan,nan,nan,nan,17824,-0.00018077447488612508,0.03357417061924935,1.4465731501579284,0.013740984071046115,0.02763467263430357,0.02763467263430357,0.06814208030700683,0.0001983432946879899,0.0,0.42321527004241943,1.0,0.0019807692307692304,8.519230769230772e-05,2,0.0,0.0,0.0
557,1785600,-789.4271240234375,-7.894271340370178,-789.4271240234375,-7.894271340370178,0.0,789.4271240234375,7.894271340370178,42.3266658782959,0.4232665967941287,4.1590737628936765,0.0,0.0,nan,nan,nan,nan,nan,nan,nan,nan,nan,nan,17856,-0.00019003624747124804,0.03685526624321937,1.4375237584114076,0.015410927683115005,0.03497208431363106,0.03497208431363106,0.07095743119716644,0.0001188998086953027,0.0,0.3682195544242859,1.0,0.001966346153846152,8.408653846153841e-05,2,0.0,0.0,0.0
558,1788800,-818.5241346359253,-8.185241613388062,-818.5241346359253,-8.185241613388062,0.0,818.5241346359253,8.185241613388062,13.229655265808105,0.13229632377624512,4.543586020469665,0.0,0.0,nan,nan,nan,nan,nan,nan,nan,nan,nan,nan,17888,-0.00016251540155574063,0.0413716584444046,1.4381211996078491,0.01771621163934469,0.03657297268509865,0.03657297268509865,0.07114689350128174,8.491247545030917e-05,0.0,0.27791911363601685,1.0,0.001951923076923075,8.298076923076922e-05,2,0.0,0.0,0.0
559,1792000,-862.024263381958,-8.620242490768433,-862.024263381958,-8.620242490768433,0.0,862.024263381958,8.620242490768433,-30.27047348022461,-0.3027045536041264,4.563680391311646,0.0,0.0,nan,nan,nan,nan,nan,nan,nan,nan,nan,nan,17920,-5.411193310322915e-05,0.039755784720182416,1.4462415099143981,0.017021687515079976,0.024006829783320426,0.024006829783320426,0.07123670876026153,5.103090320592474e-05,0.0,0.1816996932029724,1.0,0.0019374999999999983,8.187500000000003e-05,2,0.0,0.0,0.0
560,1795200,-815.9839363098145,-8.159839353561402,-815.9839363098145,-8.159839353561402,0.0,815.9839363098145,8.159839353561402,15.769853591918945,0.15769858360290456,4.8586266279220585,0.0,0.0,-637.7068076133728,-6.377068076133728,-637.7068076133728,-6.377068076133728,100.0,4.692578144073487,0.0,0.0,637.7068076133728,-83.37786722183228,17952,-0.00018899307617830096,0.05158161371946335,1.4477521657943726,0.022817674838006497,0.02835591621696949,0.02835591621696949,0.09552200362086297,3.785387928094322e-05,0.0,0.12366068363189697,1.0,0.0019230769230769214,8.076923076923072e-05,2,0.0,0.0,0.0
561,1798400,-896.4119253158569,-8.96411859512329,-896.4119253158569,-8.96411859512329,0.0,896.4119253158569,8.96411859512329,-64.65813541412354,-0.6465806579589835,4.160756101608277,0.0,0.0,nan,nan,nan,nan,nan,nan,nan,nan,nan,nan,17984,-0.00013401160210122499,0.06662448197603225,1.4492648005485536,0.03041208442300558,0.03443662188947201,0.03443662188947201,0.09726091995835304,5.109988069383768e-05,0.0,-0.20738041400909424,1.0,0.0019086538461538446,7.966346153846153e-05,2,0.0,0.0,0.0
562,1801600,-769.1222639083862,-7.691222500801087,-769.1222639083862,-7.691222500801087,0.0,769.1222639083862,7.691222500801087,62.63152599334717,0.6263154363632202,3.7254761171340944,0.0,0.0,nan,nan,nan,nan,nan,nan,nan,nan,nan,nan,18016,-0.00018212995596620374,0.044054480642080306,1.4615716814994812,0.01907655652612448,0.031773689389228824,0.031773689389228824,0.0819263644516468,8.539073824139962e-05,0.0,0.3117099404335022,1.0,0.0018942307692307678,7.855769230769233e-05,2,0.0,0.0,0.0
563,1804800,-844.7341003417969,-8.447340745925903,-844.7341003417969,-8.447340745925903,0.0,844.7341003417969,8.447340745925903,-12.980310440063477,-0.1298028087615961,4.3833263921737675,0.0,0.0,nan,nan,nan,nan,nan,nan,nan,nan,nan,nan,18048,-0.00030999629491707534,0.04977456405758858,1.4648297905921936,0.021823687851428984,0.04119318351149559,0.04119318351149559,0.0777711272239685,0.0001620056166309931,0.0,0.28043437004089355,1.0,0.001879807692307691,7.745192307692314e-05,2,0.0,0.0,0.0
564,1808000,-821.4041223526001,-8.214041318893432,-821.4041223526001,-8.214041318893432,0.0,821.4041223526001,8.214041318893432,10.3496675491333,0.10349661827087431,4.758545179367065,0.0,0.0,nan,nan,nan,nan,nan,nan,nan,nan,nan,nan,18080,-7.725715621820228e-05,0.05256909653544426,1.4760063290596008,0.02345397137105465,0.022755508311092854,0.022755508311092854,0.08963676542043686,0.00013859973091783043,0.0,0.23112648725509644,1.0,0.0018653846153846142,7.634615384615384e-05,2,0.0,0.0,0.0
565,1811200,-819.3321018218994,-8.193320922851562,-819.3321018218994,-8.193320922851562,0.0,819.3321018218994,8.193320922851562,12.421688079833984,0.12421701431274457,4.083120703697205,0.0,0.0,nan,nan,nan,nan,nan,nan,nan,nan,nan,nan,18112,-0.0001235199928083519,0.022536470368504525,1.484926462173462,0.008396173268556595,0.041098471358418466,0.041098471358418466,0.04441284723579884,2.85898049703608e-05,0.0,0.4338787794113159,1.0,0.0018509615384615374,7.524038461538464e-05,2,0.0,0.0,0.0
566,1814400,-838.2437543869019,-8.382437887191772,-838.2437543869019,-8.382437887191772,0.0,838.2437543869019,8.382437887191772,-6.489964485168457,-0.06489995002746518,3.9570345306396484,0.0,0.0,nan,nan,nan,nan,nan,nan,nan,nan,nan,nan,18144,-0.00012389269046630957,0.05976226814091205,1.4829652070999146,0.027033718675374983,0.03506545312702656,0.03506545312702656,0.08104661256074905,3.300882351662663e-05,0.0,0.0016741752624511719,1.0,0.0018365384615384606,7.413461538461545e-05,2,0.0,0.0,0.0
567,1817600,-853.729082107544,-8.537290811538696,-853.729082107544,-8.537290811538696,0.0,853.729082107544,8.537290811538696,-21.975292205810547,-0.2197528743743895,4.312325501441956,0.0,0.0,nan,nan,nan,nan,nan,nan,nan,nan,nan,nan,18176,-0.0001467490651833714,0.05468684248626232,1.4869895339012147,0.024487205781042576,0.030821067467331886,0.030821067467331886,0.0768867127597332,6.782858945440346e-05,0.0,0.27001118659973145,1.0,0.0018221153846153838,7.302884615384615e-05,2,0.0,0.0,0.0
568,1820800,-847.1817150115967,-8.47181739807129,-847.1817150115967,-8.47181739807129,0.0,847.1817150115967,8.47181739807129,-15.427925109863281,-0.15427946090698264,4.151269202232361,0.0,0.0,nan,nan,nan,nan,nan,nan,nan,nan,nan,nan,18208,-0.0001636285298292961,0.06834358125925064,1.4764506340026855,0.03133919350802898,0.04786593578755856,0.04786593578755856,0.08249692767858505,3.965682781268157e-05,0.0,0.21304428577423096,1.0,0.001807692307692307,7.192307692307695e-05,2,0.0,0.0,0.0
569,1824000,-842.6022529602051,-8.426022596359253,-842.6022529602051,-8.426022596359253,0.0,842.6022529602051,8.426022596359253,-10.84846305847168,-0.10848465919494643,4.687838597297668,0.0,0.0,nan,nan,nan,nan,nan,nan,nan,nan,nan,nan,18240,-1.0733509225246961e-05,0.033289704099297525,1.4819873571395874,0.013976516295224428,0.029308333806693555,0.029308333806693555,0.05909855253994465,3.0399363368591972e-05,0.0,0.37443482875823975,1.0,0.0017932692307692302,7.081730769230776e-05,2,0.0,0.0,0.0
570,1827200,-815.2538537979126,-8.152538256645203,-815.2538537979126,-8.152538256645203,0.0,815.2538537979126,8.152538256645203,16.4999361038208,0.16499968051910407,3.692864875793457,0.0,0.0,nan,nan,nan,nan,nan,nan,nan,nan,nan,nan,18272,-0.00010178976054229239,0.04322591163218022,1.475076711177826,0.018887231685221197,0.0293916005641222,0.0293916005641222,0.0638335756957531,1.794200504785953e-05,0.0,0.3365741968154907,1.0,0.0017788461538461534,6.971153846153846e-05,2,0.0,0.0,0.0
571,1830400,-757.3626337051392,-7.573626375198364,-757.3626337051392,-7.573626375198364,0.0,757.3626337051392,7.573626375198364,74.39115619659424,0.7439115619659429,3.8301321840286255,0.0,0.0,nan,nan,nan,nan,nan,nan,nan,nan,nan,nan,18304,-0.0001294598573045036,0.05388727784156799,1.4780315637588501,0.024206306040287017,0.03725364990532398,0.03725364990532398,0.07322415485978126,3.7286645204598484e-05,0.0,0.2757076621055603,1.0,0.0017644230769230766,6.860576923076926e-05,2,0.0,0.0,0.0
572,1833600,-824.3770742416382,-8.243770475387572,-824.3770742416382,-8.243770475387572,0.0,824.3770742416382,8.243770475387572,7.376715660095215,0.07376746177673432,4.109337491989136,0.0,0.0,nan,nan,nan,nan,nan,nan,nan,nan,nan,nan,18336,-3.52208852475222e-05,0.04277319610118866,1.4703906416893004,0.01877819336950779,0.02312790397554636,0.02312790397554636,0.08820513784885406,2.1614206139705427e-05,0.0,0.33157050609588623,1.0,0.0017499999999999998,6.750000000000007e-05,2,0.0,0.0,0.0
573,1836800,-824.0195007324219,-8.240194978713989,-824.0195007324219,-8.240194978713989,0.0,824.0195007324219,8.240194978713989,7.734289169311523,0.07734295845031802,4.2988489055633545,0.0,0.0,nan,nan,nan,nan,nan,nan,nan,nan,nan,nan,18368,-0.0001384930618136604,0.04845845326781273,1.4752689480781556,0.021530291065573692,0.031598690524697305,0.031598690524697305,0.08807643353939057,3.765994332594835e-05,0.0,0.1736241579055786,1.0,0.001735576923076923,6.639423076923087e-05,2,0.0,0.0,0.0
574,1840000,-844.4721298217773,-8.44472158432007,-844.4721298217773,-8.44472158432007,0.0,844.4721298217773,8.44472158432007,-12.718339920043945,-0.12718364715576236,4.401064233779907,0.0,0.0,nan,nan,nan,nan,nan,nan,nan,nan,nan,nan,18400,-0.00015162781578110797,0.03684510663151741,1.4627543210983276,0.015753300860524178,0.025794046558439733,0.025794046558439733,0.06957315728068351,5.65849506990923e-05,0.0,0.2943114638328552,1.0,0.0017211538461538462,6.528846153846157e-05,2,0.0,0.0,0.0
575,1843200,-818.3911352157593,-8.18391167640686,-818.3911352157593,-8.18391167640686,0.0,818.3911352157593,8.18391167640686,13.362654685974121,0.1336262607574472,3.607901511192322,0.0,0.0,nan,nan,nan,nan,nan,nan,nan,nan,nan,nan,18432,-0.00022202528453201252,0.05840621516108513,1.4611939311027526,0.026487217284739017,0.03529341071844101,0.03529341071844101,0.08651424348354339,8.572125930260756e-05,0.0,0.09765559434890747,1.0,0.0017067307692307694,6.418269230769238e-05,2,0.0,0.0,0.0
576,1846400,-875.633900642395,-8.756339025497436,-875.633900642395,-8.756339025497436,0.0,875.633900642395,8.756339025497436,-43.88011074066162,-0.43880108833312903,5.235627059936523,0.0,0.0,nan,nan,nan,nan,nan,nan,nan,nan,nan,nan,18464,-6.872265255539745e-05,0.04486015327274799,1.4654349327087401,0.019881387427449226,0.032370276376605035,0.032370276376605035,0.06988252699375153,5.2383208981861015e-05,0.0,0.24476593732833862,1.0,0.0016923076923076909,6.307692307692308e-05,2,0.0,0.0,0.0
577,1849600,-794.7997102737427,-7.947996888160706,-794.7997102737427,-7.947996888160706,0.0,794.7997102737427,7.947996888160706,36.95407962799072,0.3695410490036011,3.7864272451400756,0.0,0.0,nan,nan,nan,nan,nan,nan,nan,nan,nan,nan,18496,-0.00014048380733431288,0.06806190386414528,1.4719325065612794,0.031420735828578475,0.03215246349573135,0.03215246349573135,0.09564830809831619,3.6828665475506996e-05,0.0,0.0036627650260925293,1.0,0.001677884615384614,6.197115384615388e-05,2,0.0,0.0,0.0
578,1852800,-857.9730777740479,-8.579730968475342,-857.9730777740479,-8.579730968475342,0.0,857.9730777740479,8.579730968475342,-26.219287872314453,-0.26219303131103544,4.0906145071983335,0.0,0.0,nan,nan,nan,nan,nan,nan,nan,nan,nan,nan,18528,-0.00018581318948274195,0.045660530030727384,1.464151680469513,0.020208892226219178,0.03160184845328331,0.03160184845328331,0.07261471822857857,6.610775976766703e-05,0.0,0.24693483114242554,1.0,0.0016634615384615373,6.086538461538458e-05,2,0.0,0.0,0.0
579,1856000,-822.8780241012573,-8.228780164718628,-822.8780241012573,-8.228780164718628,0.0,822.8780241012573,8.228780164718628,8.875765800476074,0.08875777244567828,4.249224390983581,0.0,0.0,nan,nan,nan,nan,nan,nan,nan,nan,nan,nan,18560,-0.00018763890184638753,0.04725714884698391,1.4603281378746034,0.021032798290252685,0.033622130379080774,0.033622130379080774,0.0618328470736742,7.615509277984582e-05,0.0,0.18092113733291626,1.0,0.0016490384615384605,5.9759615384615385e-05,2,0.0,0.0,0.0
580,1859200,-873.2766399383545,-8.732766284942628,-873.2766399383545,-8.732766284942628,0.0,873.2766399383545,8.732766284942628,-41.522850036621094,-0.41522834777832074,4.540238084793091,0.0,0.0,-634.3658192157745,-6.343658192157745,-634.3658192157745,-6.343658192157745,100.0,4.457013339996338,0.0,0.0,634.3658192157745,-80.03687882423401,18592,-6.680822356912586e-05,0.06707900837063789,1.4687963604927063,0.031071778386831284,0.03605350703001022,0.03605350703001022,0.07835353016853333,3.4608979536436126e-05,0.0,0.1261458396911621,1.0,0.0016346153846153837,5.865384615384619e-05,2,0.0,0.0,0.0
581,1862400,-875.2576694488525,-8.752576684951782,-875.2576694488525,-8.752576684951782,0.0,875.2576694488525,8.752576684951782,-43.50387954711914,-0.4350387477874751,4.811119556427002,0.0,0.0,nan,nan,nan,nan,nan,nan,nan,nan,nan,nan,18624,-0.00013780570273591586,0.06269213445484638,1.468925142288208,0.028828320652246477,0.033649543300271034,0.033649543300271034,0.09058501198887825,3.6732375566109414e-05,0.0,0.3235756754875183,1.0,0.0016201923076923069,5.754807692307689e-05,2,0.0,0.0,0.0
582,1865600,-791.7263374328613,-7.917263660430908,-791.7263374328613,-7.917263660430908,0.0,791.7263374328613,7.917263660430908,40.02745246887207,0.40027427673339844,4.016426727771759,0.0,0.0,nan,nan,nan,nan,nan,nan,nan,nan,nan,nan,18656,-5.350067582734486e-05,0.04576767943799496,1.47136949300766,0.020467658899724482,0.024073711596429348,0.024073711596429348,0.06945132315158845,2.5407854412417125e-05,0.0,0.3319057822227478,1.0,0.00160576923076923,5.6442307692307694e-05,2,0.0,0.0,0.0
583,1868800,-854.3473358154297,-8.543473510742187,-854.3473358154297,-8.543473510742187,0.0,854.3473358154297,8.543473510742187,-22.59354591369629,-0.22593557357788008,4.481249203681946,0.0,0.0,nan,nan,nan,nan,nan,nan,nan,nan,nan,nan,18688,-0.0001138592221185064,0.045756400749087336,1.4760985016822814,0.020415357500314712,0.030914798751473425,0.030914798751473425,0.08830715715885162,2.5247503504762004e-05,0.0,0.38147181272506714,1.0,0.0015913461538461533,5.53365384615385e-05,2,0.0,0.0,0.0
584,1872000,-777.9467716217041,-7.779467601776123,-777.9467716217041,-7.779467601776123,0.0,777.9467716217041,7.779467601776123,53.8070182800293,0.5380703353881842,3.68520534992218,0.0,0.0,nan,nan,nan,nan,nan,nan,nan,nan,nan,nan,18720,-0.0001619018702374797,0.038367793709039685,1.4794073939323424,0.01668908353894949,0.03838554918766022,0.03838554918766022,0.06241306699812412,5.094047456921289e-05,0.0,0.17561256885528564,1.0,0.0015769230769230765,5.42307692307692e-05,2,0.0,0.0,0.0
585,1875200,-863.6913661956787,-8.636913957595825,-863.6913661956787,-8.636913957595825,0.0,863.6913661956787,8.636913957595825,-31.937576293945312,-0.3193760204315179,4.251975903511047,0.0,0.0,nan,nan,nan,nan,nan,nan,nan,nan,nan,nan,18752,-0.0001416548268855067,0.047047260031104085,1.4713109493255616,0.021083051897585393,0.028991333581507205,0.028991333581507205,0.08865953683853149,6.153108515788223e-05,0.0,0.3762463331222534,1.0,0.0015624999999999997,5.3125000000000004e-05,2,0.0,0.0,0.0
586,1878400,-741.8406000137329,-7.418406052589416,-741.8406000137329,-7.418406052589416,0.0,741.8406000137329,7.418406052589416,89.91318988800049,0.8991318845748903,3.897982256412506,0.0,0.0,nan,nan,nan,nan,nan,nan,nan,nan,nan,nan,18784,-0.00011688320641987105,0.060948001220822334,1.4800814151763917,0.02806583736091852,0.03065211046487093,0.03065211046487093,0.0937209039926529,4.801111198344825e-05,0.0,0.20216166973114014,1.0,0.0015480769230769229,5.201923076923081e-05,2,0.0,0.0,0.0
587,1881600,-845.8971843719482,-8.458972024917603,-845.8971843719482,-8.458972024917603,0.0,845.8971843719482,8.458972024917603,-14.143394470214844,-0.14143408775329647,4.294405312538147,0.0,0.0,nan,nan,nan,nan,nan,nan,nan,nan,nan,nan,18816,-5.207897432759623e-05,0.05372749157249927,1.4772387623786927,0.02454609386622906,0.026217733696103095,0.026217733696103095,0.08874807357788086,1.793584784837021e-05,0.0,0.21371865272521973,1.0,0.001533653846153846,5.0913461538461616e-05,2,0.0,0.0,0.0
588,1884800,-813.6994113922119,-8.136994180679322,-813.6994113922119,-8.136994180679322,0.0,813.6994113922119,8.136994180679322,18.054378509521484,0.180543756484985,3.998015515804291,0.0,0.0,nan,nan,nan,nan,nan,nan,nan,nan,nan,nan,18848,-0.0001291066198509938,0.056711805239319804,1.4798301577568054,0.025978592596948145,0.05086836852133274,0.05086836852133274,0.07874728664755822,1.3201253796790702e-05,0.0,0.30705708265304565,1.0,0.0015192307692307692,4.980769230769231e-05,2,0.0,0.0,0.0
589,1888000,-772.5595684051514,-7.725595908164978,-772.5595684051514,-7.725595908164978,0.0,772.5595684051514,7.725595908164978,59.19422149658203,0.5919420289993287,4.31284110546112,0.0,0.0,nan,nan,nan,nan,nan,nan,nan,nan,nan,nan,18880,-0.0001550870875813404,0.05007466711103916,1.478886067867279,0.02265680767595768,0.03753302320837974,0.03753302320837974,0.08668818101286888,4.987649859981837e-05,0.0,0.5264811515808105,1.0,0.0015048076923076924,4.870192307692312e-05,2,0.0,0.0,0.0
590,1891200,-829.1884698867798,-8.291884336471558,-829.1884698867798,-8.291884336471558,0.0,829.1884698867798,8.291884336471558,2.5653200149536133,0.025653600692749023,4.274841260910034,0.0,0.0,nan,nan,nan,nan,nan,nan,nan,nan,nan,nan,18912,-0.00011999621644283031,0.042765368893742564,1.4824906826019286,0.019053206965327262,0.04174675978720188,0.04174675978720188,0.08312128633260726,3.005598146116457e-05,0.0,0.12048733234405518,1.0,0.0014903846153846156,4.7596153846153925e-05,2,0.0,0.0,0.0
591,1894400,-834.9751129150391,-8.349751033782958,-834.9751129150391,-8.349751033782958,0.0,834.9751129150391,8.349751033782958,-3.221323013305664,-0.03221309661865135,4.019324090480804,0.0,0.0,nan,nan,nan,nan,nan,nan,nan,nan,nan,nan,18944,-5.345712972375516e-05,0.04878825135529041,1.4848129630088807,0.02214914169162512,0.02398054413497448,0.02398054413497448,0.07691263556480407,2.2988226158536625e-05,0.0,0.30636972188949585,1.0,0.0014759615384615388,4.649038461538462e-05,2,0.0,0.0,0.0
592,1897600,-836.1861009597778,-8.361860809326172,-836.1861009597778,-8.361860809326172,0.0,836.1861009597778,8.361860809326172,-4.432311058044434,-0.04432287216186559,4.074642696380615,0.0,0.0,nan,nan,nan,nan,nan,nan,nan,nan,nan,nan,18976,-0.00011731964357495351,0.06070057451725006,1.4890055060386658,0.02805672846734524,0.04289563000202179,0.04289563000202179,0.09859029203653336,2.033482780417413e-05,0.0,0.1916712522506714,1.0,0.0014615384615384603,4.538461538461543e-05,2,0.0,0.0,0.0
593,1900800,-757.1969537734985,-7.5719695520401,-757.1969537734985,-7.5719695520401,0.0,757.1969537734985,7.5719695520401,74.55683612823486,0.7455683851242068,3.782114737033844,0.0,0.0,nan,nan,nan,nan,nan,nan,nan,nan,nan,nan,19008,-0.00014088819188184942,0.03730461671948433,1.4936580657958984,0.01634992454200983,0.03482390195131302,0.03482390195131302,0.0661664754152298,4.141782412783212e-05,0.0,0.40438908338546753,1.0,0.0014471153846153835,4.4278846153846235e-05,2,0.0,0.0,0.0
594,1904000,-741.8065032958984,-7.4180650806427,-741.8065032958984,-7.4180650806427,0.0,741.8065032958984,7.4180650806427,89.94728660583496,0.8994728565216068,3.5665447902679444,0.0,0.0,nan,nan,nan,nan,nan,nan,nan,nan,nan,nan,19040,-0.00010607212961630808,0.04613518193364143,1.4850115537643434,0.020833954215049744,0.03612326681613922,0.03612326681613922,0.10140178799629211,2.70704001770847e-05,0.0,0.18636882305145264,1.0,0.0014326923076923067,4.317307692307693e-05,2,0.0,0.0,0.0
595,1907200,-873.9960279464722,-8.739960069656371,-873.9960279464722,-8.739960069656371,0.0,873.9960279464722,8.739960069656371,-42.24223804473877,-0.4224221324920645,4.544260005950928,0.0,0.0,nan,nan,nan,nan,nan,nan,nan,nan,nan,nan,19072,-9.763951191050779e-05,0.05320891253650188,1.4923528671264648,0.02439025864005089,0.025906554795801638,0.025906554795801638,0.07960580587387085,2.4005992657540643e-05,0.0,0.26117557287216187,1.0,0.00141826923076923,4.206730769230763e-05,2,0.0,0.0,0.0
596,1910400,-816.3213577270508,-8.163213911056518,-816.3213577270508,-8.163213911056518,0.0,816.3213577270508,8.163213911056518,15.432432174682617,0.15432402610778873,4.119053387641907,0.0,0.0,nan,nan,nan,nan,nan,nan,nan,nan,nan,nan,19104,-7.021179142459033e-05,0.04534611515700817,1.4877558827400208,0.020514265447854996,0.03236361853778362,0.03236361853778362,0.066781634837389,1.603488387403124e-05,0.0,0.30548250675201416,1.0,0.001403846153846153,4.0961538461538436e-05,2,0.0,0.0,0.0
597,1913600,-821.1708278656006,-8.211708097457885,-821.1708278656006,-8.211708097457885,0.0,821.1708278656006,8.211708097457885,10.582962036132812,0.10582983970642168,4.248284621238708,0.0,0.0,nan,nan,nan,nan,nan,nan,nan,nan,nan,nan,19136,-0.00013255829923726204,0.04525216817855835,1.488071048259735,0.020425965450704096,0.038601475581526754,0.038601475581526754,0.08019210919737815,2.4924820269956438e-05,0.0,0.22841328382492065,1.0,0.0013894230769230763,3.985576923076924e-05,2,0.0,0.0,0.0
598,1916800,-819.8869171142578,-8.198869667053224,-819.8869171142578,-8.198869667053224,0.0,819.8869171142578,8.198869667053224,11.866872787475586,0.11866827011108327,4.24264123916626,0.0,0.0,nan,nan,nan,nan,nan,nan,nan,nan,nan,nan,19168,-0.00011832543517815708,0.07117835581302642,1.4873084902763367,0.033425803482532504,0.0384724348783493,0.0384724348783493,0.09177266284823418,3.399473178048024e-05,0.0,0.1333135962486267,1.0,0.0013749999999999995,3.875000000000005e-05,2,0.0,0.0,0.0
599,1920000,-888.8116960525513,-8.888116502761841,-888.8116960525513,-8.888116502761841,0.0,888.8116960525513,8.888116502761841,-57.05790615081787,-0.5705785655975344,5.0143421316146854,0.0,0.0,nan,nan,nan,nan,nan,nan,nan,nan,nan,nan,19200,-3.4362601963522364e-05,0.06042035631835461,1.4888625979423522,0.02815010342746973,0.027271868102252482,0.027271868102252482,0.08609703779220582,1.1820396964157565e-05,0.0,0.18894869089126587,1.0,0.0013605769230769227,3.7644230769230745e-05,2,0.0,0.0,0.0
600,1923200,-753.6242942810059,-7.536242814064026,-753.6242942810059,-7.536242814064026,0.0,753.6242942810059,7.536242814064026,78.12949562072754,0.7812951231002812,4.154356927871704,0.0,0.0,-627.7982635498047,-6.277982635498047,-627.7982635498047,-6.277982635498047,100.0,4.41932678937912,0.0,0.0,627.7982635498047,-73.46932315826416,19232,-5.613458065241161e-05,0.03256194591522217,1.4885209679603577,0.014221060555428267,0.029987257346510886,0.029987257346510886,0.07230664864182472,9.102134317353865e-06,0.0,0.2747752070426941,1.0,0.0013461538461538459,3.653846153846155e-05,2,0.0,0.0,0.0
601,1926400,-901.2884922027588,-9.012884893417358,-901.2884922027588,-9.012884893417358,0.0,901.2884922027588,9.012884893417358,-69.53470230102539,-0.6953469562530508,4.230977644920349,0.0,0.0,nan,nan,nan,nan,nan,nan,nan,nan,nan,nan,19264,-5.1522041118623466e-05,0.062443877756595614,1.4925706744194032,0.029182714596390723,0.0402166947722435,0.0402166947722435,0.10144180208444595,5.553504025332939e-06,0.0,-0.051802992820739746,1.0,0.001331730769230769,3.543269230769236e-05,2,0.0,0.0,0.0
602,1929600,-738.7728328704834,-7.387728490829468,-738.7728328704834,-7.387728490829468,0.0,738.7728328704834,7.387728490829468,92.98095703125,0.929809446334839,3.693853883743286,0.0,0.0,nan,nan,nan,nan,nan,nan,nan,nan,nan,nan,19296,-7.633207390608798e-05,0.047612815350294116,1.485929799079895,0.021772648952901364,0.0361900843679905,0.0361900843679905,0.06923937201499938,1.3473560063197943e-05,0.0,0.1048879623413086,1.0,0.0013173076923076905,3.4326923076923054e-05,2,0.0,0.0,0.0
603,1932800,-750.2077035903931,-7.502077178955078,-750.2077035903931,-7.502077178955078,0.0,750.2077035903931,7.502077178955078,81.54608631134033,0.8154607582092286,3.6104633450508117,0.0,0.0,nan,nan,nan,nan,nan,nan,nan,nan,nan,nan,19328,-6.630825979190292e-05,0.058724033460021016,1.486590850353241,0.02735885214060545,0.035169054940342906,0.035169054940342906,0.09243655428290368,1.1669534305980756e-05,0.0,0.12765663862228394,1.0,0.0013028846153846137,3.322115384615386e-05,2,0.0,0.0,0.0
604,1936000,-867.9836444854736,-8.6798370552063,-867.9836444854736,-8.6798370552063,0.0,867.9836444854736,8.6798370552063,-36.229854583740234,-0.36229911804199233,4.495197396278382,0.0,0.0,nan,nan,nan,nan,nan,nan,nan,nan,nan,nan,19360,-6.906061193294733e-05,0.06930277198553085,1.4821494340896606,0.03267263360321522,0.033079614862799644,0.033079614862799644,0.08448788225650787,1.2408237814299854e-05,0.0,0.06190448999404907,1.0,0.001288461538461537,3.2115384615384666e-05,2,0.0,0.0,0.0
605,1939200,-836.4847774505615,-8.36484778404236,-836.4847774505615,-8.36484778404236,0.0,836.4847774505615,8.36484778404236,-4.730987548828125,-0.0473098468780524,4.272559552192688,0.0,0.0,nan,nan,nan,nan,nan,nan,nan,nan,nan,nan,19392,-6.137969469452998e-05,0.03685151636600494,1.485853672027588,0.016471343487501143,0.03863608948886395,0.03863608948886395,0.07838878631591797,9.805195905005092e-06,0.0,0.28160691261291504,1.0,0.0012740384615384601,3.1009615384615364e-05,2,0.0,0.0,0.0
606,1942400,-848.0484981536865,-8.480484838485717,-848.0484981536865,-8.480484838485717,0.0,848.0484981536865,8.480484838485717,-16.294708251953125,-0.1629469013214102,4.636884932518005,0.0,0.0,nan,nan,nan,nan,nan,nan,nan,nan,nan,nan,19424,-6.443359969016683e-05,0.05399056188762188,1.4851629853248596,0.025060113146901132,0.033954821154475213,0.033954821154475213,0.08423796221613884,1.2496854032656796e-05,0.0,0.26208627223968506,1.0,0.0012596153846153833,2.990384615384617e-05,2,0.0,0.0,0.0
607,1945600,-793.7652359008789,-7.9376524066925045,-793.7652359008789,-7.9376524066925045,0.0,793.7652359008789,7.9376524066925045,37.98855400085449,0.3798855304718023,4.1850282144546505,0.0,0.0,nan,nan,nan,nan,nan,nan,nan,nan,nan,nan,19456,-5.0767754848290994e-05,0.06061001494526863,1.4842501521110534,0.028406062722206117,0.040003076568245886,0.040003076568245886,0.09189934134483338,8.706390577362944e-06,0.0,0.12470299005508423,1.0,0.0012451923076923065,2.8798076923076976e-05,2,0.0,0.0,0.0
608,1948800,-791.3228731155396,-7.9132289123535156,-791.3228731155396,-7.9132289123535156,0.0,791.3228731155396,7.9132289123535156,40.43091678619385,0.40430902481079123,3.5664474391937255,0.0,0.0,nan,nan,nan,nan,nan,nan,nan,nan,nan,nan,19488,-8.818006500295183e-05,0.03723961412906647,1.4869613289833068,0.01670152097940445,0.03467621766030789,0.03467621766030789,0.06246593706309796,1.818950792724687e-05,0.0,0.42619067430496216,1.0,0.0012307692307692297,2.769230769230778e-05,2,0.0,0.0,0.0
609,1952000,-821.7093753814697,-8.217093877792358,-821.7093753814697,-8.217093877792358,0.0,821.7093753814697,8.217093877792358,10.044414520263672,0.10044405937194867,3.806614854335785,0.0,0.0,nan,nan,nan,nan,nan,nan,nan,nan,nan,nan,19520,-3.41322183372128e-05,0.05763659738004208,1.4842805504798888,0.026978767849504946,0.020989157631993292,0.020989157631993292,0.08950683251023292,9.196272879573404e-06,0.0,0.08797019720077515,1.0,0.001216346153846153,2.658653846153848e-05,2,0.0,0.0,0.0
610,1955200,-802.6348247528076,-8.026348328590393,-802.6348247528076,-8.026348328590393,0.0,802.6348247528076,8.026348328590393,29.11896514892578,0.29118960857391407,4.07390784740448,0.0,0.0,nan,nan,nan,nan,nan,nan,nan,nan,nan,nan,19552,-5.48276889490662e-05,0.048546194285154345,1.4775697827339171,0.022442344576120377,0.03076440468430519,0.03076440468430519,0.08155669346451759,7.255667437539625e-06,0.0,0.13068199157714844,1.0,0.0012019230769230761,2.5480769230769285e-05,2,0.0,0.0,0.0
611,1958400,-772.9078636169434,-7.729078516960144,-772.9078636169434,-7.729078516960144,0.0,772.9078636169434,7.729078516960144,58.84592628479004,0.5884594202041624,3.8379286122322083,0.0,0.0,nan,nan,nan,nan,nan,nan,nan,nan,nan,nan,19584,-1.8792462527716935e-05,0.03047340493649244,1.480255675315857,0.013460106402635574,0.02239086404442787,0.02239086404442787,0.059066927060484886,5.870132628856705e-06,0.0,0.5164774656295776,1.0,0.0011874999999999993,2.437500000000009e-05,2,0.0,0.0,0.0
612,1961600,-864.3361768722534,-8.643361883163452,-864.3361768722534,-8.643361883163452,0.0,864.3361768722534,8.643361883163452,-32.58238697052002,-0.32582394599914544,4.403160829544067,0.0,0.0,nan,nan,nan,nan,nan,nan,nan,nan,nan,nan,19616,-3.0909276130852706e-05,0.05995388738811016,1.4790611624717713,0.028210982121527194,0.027190487645566464,0.027190487645566464,0.08214135766029358,2.0962996814091027e-06,0.0,0.3172674775123596,1.0,0.0011730769230769225,2.326923076923079e-05,2,0.0,0.0,0.0
613,1964800,-802.9212160110474,-8.02921194076538,-802.9212160110474,-8.02921194076538,0.0,802.9212160110474,8.02921194076538,28.832573890686035,0.2883259963989264,3.9715398597717284,0.0,0.0,nan,nan,nan,nan,nan,nan,nan,nan,nan,nan,19648,-2.8561831073581345e-05,0.04383741021156311,1.4771176099777221,0.020178675651550293,0.031169070675969125,0.031169070675969125,0.07230277508497238,1.5517537349388043e-06,0.0,0.3135063648223877,1.0,0.0011586538461538457,2.2163461538461595e-05,2,0.0,0.0,0.0
614,1968000,-839.4281396865845,-8.394281206130982,-839.4281396865845,-8.394281206130982,0.0,839.4281396865845,8.394281206130982,-7.674349784851074,-0.07674326896667516,4.682853932380676,0.0,0.0,nan,nan,nan,nan,nan,nan,nan,nan,nan,nan,19680,-2.7175914936616863e-05,0.06439867317676544,1.4745869040489197,0.030484893172979356,0.03017460759729147,0.03017460759729147,0.07911114916205406,2.0089430393298023e-06,0.0,0.022517025470733643,1.0,0.001144230769230769,2.10576923076924e-05,2,0.0,0.0,0.0
615,1971200,-789.1460275650024,-7.891460008621216,-789.1460275650024,-7.891460008621216,0.0,789.1460275650024,7.891460008621216,42.60776233673096,0.4260779285430907,4.175665445327759,0.0,0.0,nan,nan,nan,nan,nan,nan,nan,nan,nan,nan,19712,-2.274203317655932e-05,0.04997765906155109,1.4759384512901306,0.02329856101423502,0.021681426279246806,0.021681426279246806,0.07441098541021347,2.2745858928021778e-06,0.0,0.43415677547454834,1.0,0.0011298076923076904,1.9951923076923098e-05,2,0.0,0.0,0.0
616,1974400,-825.8218297958374,-8.258218231201171,-825.8218297958374,-8.258218231201171,0.0,825.8218297958374,8.258218231201171,5.931960105895996,0.059319705963135405,4.258776407241822,0.0,0.0,nan,nan,nan,nan,nan,nan,nan,nan,nan,nan,19744,-2.7658081292070147e-05,0.06745348945260048,1.473975694179535,0.03205503672361374,0.031092002615332605,0.031092002615332605,0.07812932282686233,1.1549438042275597e-06,0.0,0.30373597145080566,1.0,0.0011153846153846136,1.8846153846153796e-05,2,0.0,0.0,0.0
617,1977600,-916.509952545166,-9.165099229812622,-916.509952545166,-9.165099229812622,0.0,916.509952545166,9.165099229812622,-84.75616264343262,-0.8475612926483151,5.339411044120789,0.0,0.0,nan,nan,nan,nan,nan,nan,nan,nan,nan,nan,19776,-3.324551566947775e-05,0.061965443566441535,1.4760626912117005,0.029324387945234776,0.03191972635686398,0.03191972635686398,0.0838071085512638,3.5400320790193894e-06,0.0,0.12621712684631348,1.0,0.0011009615384615368,1.77403846153846e-05,2,0.0,0.0,0.0
618,1980800,-795.9061784744263,-7.959061727523804,-795.9061784744263,-7.959061727523804,0.0,795.9061784744263,7.959061727523804,35.84761142730713,0.35847620964050275,3.8807217335700988,0.0,0.0,nan,nan,nan,nan,nan,nan,nan,nan,nan,nan,19808,-2.2894930226691203e-05,0.04507165178656578,1.4806552529335022,0.02090414222329855,0.030911406315863133,0.030911406315863133,0.07654954567551613,1.4682840834738255e-06,0.0,-0.0605698823928833,1.0,0.00108653846153846,1.6634615384615407e-05,2,0.0,0.0,0.0
619,1984000,-815.4289503097534,-8.154289464950562,-815.4289503097534,-8.154289464950562,0.0,815.4289503097534,8.154289464950562,16.32483959197998,0.16324847221374483,4.454463605880737,0.0,0.0,nan,nan,nan,nan,nan,nan,nan,nan,nan,nan,19840,-2.0390033661144e-05,0.05120027028024197,1.4820645809173585,0.02399080079048872,0.03155733197927475,0.03155733197927475,0.07358455434441566,1.0527021313377627e-06,0.0,0.1750662922859192,1.0,0.0010721153846153832,1.5528846153846213e-05,2,0.0,0.0,0.0
620,1987200,-827.3342342376709,-8.27334261894226,-827.3342342376709,-8.27334261894226,0.0,827.3342342376709,8.27334261894226,4.4195556640625,0.044195318222046254,4.26219500541687,0.0,0.0,-623.8469104766846,-6.238469104766846,-623.8469104766846,-6.238469104766846,100.0,4.503643255233765,0.0,0.0,623.8469104766846,-69.51797008514404,19872,-2.2510909681638935e-05,0.03657148443162441,1.478243887424469,0.016699703969061376,0.028128631971776487,0.028128631971776487,0.0770418182015419,1.5685512696839156e-06,0.0,0.2719353437423706,1.0,0.0010576923076923064,1.4423076923076911e-05,2,0.0,0.0,0.0
621,1990400,-748.7840614318848,-7.4878404712677,-748.7840614318848,-7.4878404712677,0.0,748.7840614318848,7.4878404712677,82.96972846984863,0.829697465896607,3.950498654842377,0.0,0.0,nan,nan,nan,nan,nan,nan,nan,nan,nan,nan,19904,-3.683929442885869e-05,0.04923737086355686,1.4838077783584596,0.023033834993839264,0.03318574279546738,0.03318574279546738,0.07591228485107422,2.162122659391463e-06,0.0,0.22775548696517944,1.0,0.0010432692307692296,1.3317307692307717e-05,2,0.0,0.0,0.0
622,1993600,-906.490104675293,-9.064901323318482,-906.490104675293,-9.064901323318482,0.0,906.490104675293,9.064901323318482,-74.73631477355957,-0.7473633861541753,4.5869170808792115,0.0,0.0,nan,nan,nan,nan,nan,nan,nan,nan,nan,nan,19936,-2.9650879367171256e-05,0.07491296157240868,1.4811204195022583,0.03590298481285572,0.03192808516323566,0.03192808516323566,0.09441514462232589,2.3670641077516377e-06,0.0,0.18238955736160278,1.0,0.0010288461538461528,1.2211538461538523e-05,2,0.0,0.0,0.0
623,1996800,-763.4528493881226,-7.634528427124024,-763.4528493881226,-7.634528427124024,0.0,763.4528493881226,7.634528427124024,68.30094051361084,0.6830095100402831,3.7119587111473082,0.0,0.0,nan,nan,nan,nan,nan,nan,nan,nan,nan,nan,19968,-2.4152386473375033e-05,0.027782980911433698,1.4791477084159852,0.01236685672774911,0.03193276785314083,0.03193276785314083,0.06621645390987396,1.6185689446156613e-06,0.0,0.3518652319908142,1.0,0.001014423076923076,1.110576923076922e-05,2,0.0,0.0,0.0
624,2000000,-790.1727571487427,-7.901727824211121,-790.1727571487427,-7.901727824211121,0.0,790.1727571487427,7.901727824211121,41.58103275299072,0.41581011295318593,3.9293391346931457,0.0,0.0,-621.5281035900116,-6.215281035900116,-621.5281035900116,-6.215281035900116,100.0,4.524827740192413,0.0,0.0,621.5281035900116,-67.19916319847107,20000,-2.117977160827067e-05,0.028895294293761253,1.4802645325660706,0.012946202885359526,0.03614194802939892,0.03614194802939892,0.0691255770623684,1.0910960451642138e-06,0.0,0.2775651216506958,1.0,0.0009999999999999992,1.0000000000000026e-05,2,0.0,0.0,0.0
