[setup] Required Python imports are available.
[setup] Required Python imports are available.
=== pcp_v2_full task 39/70: attention seed9 (git be3b019) ===
Run dir: runs/pcp_v2_full_20260623_213327/attention/seed9  Start: Tue Jun 23 21:42:32 EDT 2026
Tue Jun 23 21:42:32 2026       
+-----------------------------------------------------------------------------------------+
| NVIDIA-SMI 580.105.08             Driver Version: 580.105.08     CUDA Version: 13.0     |
+-----------------------------------------+------------------------+----------------------+
| GPU  Name                 Persistence-M | Bus-Id          Disp.A | Volatile Uncorr. ECC |
| Fan  Temp   Perf          Pwr:Usage/Cap |           Memory-Usage | GPU-Util  Compute M. |
|                                         |                        |               MIG M. |
|=========================================+========================+======================|
|   0  NVIDIA H100 PCIe               Off |   00000000:CA:00.0 Off |                    0 |
| N/A   39C    P0             81W /  310W |       0MiB /  81559MiB |      0%      Default |
|                                         |                        |             Disabled |
+-----------------------------------------+------------------------+----------------------+

+-----------------------------------------------------------------------------------------+
| Processes:                                                                              |
|  GPU   GI   CI              PID   Type   Process name                        GPU Memory |
|        ID   ID                                                               Usage      |
|=========================================================================================|
|  No running processes found                                                             |
+-----------------------------------------------------------------------------------------+
[env] kind=pcp name=pcp n_agents=5 obs_dim=5 action_dim=5 state_dim=13 num_envs=32
[train] Starting: total_iters=625 T=100 B=32 device=cuda:0 seed=9 render=off
iter=   0 step=   3200 ep_ret=-76.376 opt_ret=-76.376 step_rew=-0.7638 opt_step=-0.7638 gap0=76.376 dret=+0.000 eval_ret=-38.853 pursuer_target_distance=5.660 capture=0.000 score=0.000 pol=-0.0042 val=0.6430 ent=1.6048 tot=+0.3012 agnorm=0.108 cgnorm=0.290 kl=0.0046 clipf=0.049 ev=-0.441 r0=1.0000 entcoef=1.00e-02 lr=7.0e-04 seed=9
iter=   1 step=   6400 ep_ret=-81.859 opt_ret=-81.859 step_rew=-0.8186 opt_step=-0.8186 gap0=81.859 dret=-5.484 eval_ret=n/a pursuer_target_distance=6.156 capture=0.000 score=0.000 pol=-0.0022 val=0.4709 ent=1.5989 tot=+0.2173 agnorm=0.049 cgnorm=0.321 kl=0.0030 clipf=0.019 ev=+0.197 r0=1.0000 entcoef=1.00e-02 lr=7.0e-04 seed=9
iter=   2 step=   9600 ep_ret=-75.589 opt_ret=-75.589 step_rew=-0.7559 opt_step=-0.7559 gap0=75.589 dret=+0.787 eval_ret=n/a pursuer_target_distance=5.520 capture=0.000 score=0.000 pol=-0.0021 val=0.4804 ent=1.5882 tot=+0.2222 agnorm=0.050 cgnorm=0.370 kl=0.0025 clipf=0.020 ev=+0.085 r0=1.0000 entcoef=1.00e-02 lr=7.0e-04 seed=9
iter=   3 step=  12800 ep_ret=-64.229 opt_ret=-64.229 step_rew=-0.6423 opt_step=-0.6423 gap0=64.229 dret=+12.147 eval_ret=n/a pursuer_target_distance=5.050 capture=0.000 score=0.000 pol=-0.0026 val=0.2689 ent=1.5797 tot=+0.1161 agnorm=0.059 cgnorm=0.236 kl=0.0022 clipf=0.014 ev=+0.283 r0=1.0000 entcoef=1.00e-02 lr=7.0e-04 seed=9
iter=   4 step=  16000 ep_ret=-65.611 opt_ret=-65.611 step_rew=-0.6561 opt_step=-0.6561 gap0=65.611 dret=+10.765 eval_ret=n/a pursuer_target_distance=5.281 capture=0.000 score=0.000 pol=-0.0027 val=0.2976 ent=1.5760 tot=+0.1304 agnorm=0.070 cgnorm=0.265 kl=0.0030 clipf=0.027 ev=+0.278 r0=1.0000 entcoef=1.00e-02 lr=7.0e-04 seed=9
iter=   5 step=  19200 ep_ret=-55.499 opt_ret=-55.499 step_rew=-0.5550 opt_step=-0.5550 gap0=55.499 dret=+20.877 eval_ret=n/a pursuer_target_distance=4.530 capture=0.000 score=0.000 pol=-0.0020 val=0.2187 ent=1.5664 tot=+0.0917 agnorm=0.050 cgnorm=0.209 kl=0.0021 clipf=0.015 ev=+0.457 r0=1.0000 entcoef=1.00e-02 lr=6.9e-04 seed=9
iter=   6 step=  22400 ep_ret=-74.623 opt_ret=-74.623 step_rew=-0.7462 opt_step=-0.7462 gap0=74.623 dret=+1.753 eval_ret=n/a pursuer_target_distance=5.968 capture=0.000 score=0.000 pol=-0.0027 val=0.3963 ent=1.5493 tot=+0.1800 agnorm=0.088 cgnorm=0.332 kl=0.0039 clipf=0.035 ev=+0.235 r0=1.0000 entcoef=1.00e-02 lr=6.9e-04 seed=9
iter=   7 step=  25600 ep_ret=-74.006 opt_ret=-74.006 step_rew=-0.7401 opt_step=-0.7401 gap0=74.006 dret=+2.369 eval_ret=n/a pursuer_target_distance=6.163 capture=0.000 score=0.000 pol=-0.0026 val=0.4019 ent=1.5388 tot=+0.1830 agnorm=0.101 cgnorm=0.340 kl=0.0040 clipf=0.037 ev=+0.282 r0=1.0000 entcoef=1.00e-02 lr=6.9e-04 seed=9
iter=   8 step=  28800 ep_ret=-64.124 opt_ret=-64.124 step_rew=-0.6412 opt_step=-0.6412 gap0=64.124 dret=+12.251 eval_ret=n/a pursuer_target_distance=5.037 capture=0.000 score=0.000 pol=-0.0025 val=0.3222 ent=1.5387 tot=+0.1432 agnorm=0.079 cgnorm=0.277 kl=0.0037 clipf=0.037 ev=+0.380 r0=1.0000 entcoef=1.00e-02 lr=6.9e-04 seed=9
iter=   9 step=  32000 ep_ret=-81.895 opt_ret=-81.895 step_rew=-0.8189 opt_step=-0.8189 gap0=81.895 dret=-5.519 eval_ret=n/a pursuer_target_distance=5.507 capture=0.000 score=0.000 pol=-0.0025 val=0.4106 ent=1.5217 tot=+0.1876 agnorm=0.065 cgnorm=0.334 kl=0.0035 clipf=0.022 ev=+0.381 r0=1.0000 entcoef=1.00e-02 lr=6.9e-04 seed=9
iter=  10 step=  35200 ep_ret=-49.132 opt_ret=-49.132 step_rew=-0.4913 opt_step=-0.4913 gap0=49.132 dret=+27.243 eval_ret=n/a pursuer_target_distance=5.279 capture=0.011 score=0.002 pol=+0.0002 val=0.9964 ent=1.5234 tot=+0.4832 agnorm=0.269 cgnorm=0.337 kl=0.0041 clipf=0.045 ev=+0.091 r0=1.0000 entcoef=1.00e-02 lr=6.9e-04 seed=9
iter=  11 step=  38400 ep_ret=-72.534 opt_ret=-72.534 step_rew=-0.7253 opt_step=-0.7253 gap0=72.534 dret=+3.841 eval_ret=n/a pursuer_target_distance=6.087 capture=0.000 score=0.000 pol=-0.0022 val=0.3388 ent=1.5310 tot=+0.1519 agnorm=0.076 cgnorm=0.336 kl=0.0028 clipf=0.022 ev=+0.100 r0=1.0000 entcoef=1.00e-02 lr=6.9e-04 seed=9
iter=  12 step=  41600 ep_ret=-68.647 opt_ret=-68.647 step_rew=-0.6865 opt_step=-0.6865 gap0=68.647 dret=+7.728 eval_ret=n/a pursuer_target_distance=5.114 capture=0.000 score=0.000 pol=-0.0020 val=0.2602 ent=1.5232 tot=+0.1129 agnorm=0.075 cgnorm=0.282 kl=0.0029 clipf=0.026 ev=+0.196 r0=1.0000 entcoef=1.00e-02 lr=6.9e-04 seed=9
iter=  13 step=  44800 ep_ret=-74.161 opt_ret=-74.161 step_rew=-0.7416 opt_step=-0.7416 gap0=74.161 dret=+2.214 eval_ret=n/a pursuer_target_distance=5.746 capture=0.003 score=0.000 pol=-0.0023 val=0.3969 ent=1.5123 tot=+0.1811 agnorm=0.070 cgnorm=0.259 kl=0.0024 clipf=0.018 ev=+0.108 r0=1.0000 entcoef=1.00e-02 lr=6.9e-04 seed=9
iter=  14 step=  48000 ep_ret=-73.783 opt_ret=-73.783 step_rew=-0.7378 opt_step=-0.7378 gap0=73.783 dret=+2.592 eval_ret=n/a pursuer_target_distance=6.164 capture=0.000 score=0.000 pol=-0.0027 val=0.2749 ent=1.5326 tot=+0.1194 agnorm=0.075 cgnorm=0.266 kl=0.0031 clipf=0.031 ev=+0.254 r0=1.0000 entcoef=1.00e-02 lr=6.8e-04 seed=9
iter=  15 step=  51200 ep_ret=-56.024 opt_ret=-56.024 step_rew=-0.5602 opt_step=-0.5602 gap0=56.024 dret=+20.352 eval_ret=n/a pursuer_target_distance=5.191 capture=0.007 score=0.001 pol=-0.0013 val=0.5355 ent=1.5351 tot=+0.2511 agnorm=0.061 cgnorm=0.287 kl=0.0015 clipf=0.006 ev=+0.141 r0=1.0000 entcoef=1.00e-02 lr=6.8e-04 seed=9
iter=  16 step=  54400 ep_ret=-71.754 opt_ret=-71.754 step_rew=-0.7175 opt_step=-0.7175 gap0=71.754 dret=+4.621 eval_ret=n/a pursuer_target_distance=6.270 capture=0.000 score=0.000 pol=-0.0017 val=0.1988 ent=1.5427 tot=+0.0823 agnorm=0.053 cgnorm=0.238 kl=0.0018 clipf=0.013 ev=+0.254 r0=1.0000 entcoef=1.00e-02 lr=6.8e-04 seed=9
iter=  17 step=  57600 ep_ret=-63.157 opt_ret=-63.157 step_rew=-0.6316 opt_step=-0.6316 gap0=63.157 dret=+13.218 eval_ret=n/a pursuer_target_distance=4.638 capture=0.000 score=0.000 pol=-0.0027 val=0.1528 ent=1.5379 tot=+0.0583 agnorm=0.067 cgnorm=0.238 kl=0.0027 clipf=0.019 ev=+0.505 r0=1.0000 entcoef=1.00e-02 lr=6.8e-04 seed=9
iter=  18 step=  60800 ep_ret=-59.110 opt_ret=-59.110 step_rew=-0.5911 opt_step=-0.5911 gap0=59.110 dret=+17.266 eval_ret=n/a pursuer_target_distance=4.400 capture=0.000 score=0.000 pol=-0.0024 val=0.1150 ent=1.5279 tot=+0.0398 agnorm=0.077 cgnorm=0.185 kl=0.0032 clipf=0.030 ev=+0.497 r0=1.0000 entcoef=1.00e-02 lr=6.8e-04 seed=9
iter=  19 step=  64000 ep_ret=-70.924 opt_ret=-70.924 step_rew=-0.7092 opt_step=-0.7092 gap0=70.924 dret=+5.452 eval_ret=n/a pursuer_target_distance=5.261 capture=0.000 score=0.000 pol=-0.0031 val=0.2502 ent=1.5165 tot=+0.1068 agnorm=0.080 cgnorm=0.280 kl=0.0030 clipf=0.027 ev=+0.359 r0=1.0000 entcoef=1.00e-02 lr=6.8e-04 seed=9
iter=  20 step=  67200 ep_ret=-76.436 opt_ret=-76.436 step_rew=-0.7644 opt_step=-0.7644 gap0=76.436 dret=-0.060 eval_ret=-62.969 pursuer_target_distance=5.477 capture=0.000 score=0.000 pol=-0.0027 val=0.2336 ent=1.5303 tot=+0.0988 agnorm=0.071 cgnorm=0.312 kl=0.0026 clipf=0.015 ev=+0.403 r0=1.0000 entcoef=1.00e-02 lr=6.8e-04 seed=9
iter=  21 step=  70400 ep_ret=-66.195 opt_ret=-66.195 step_rew=-0.6619 opt_step=-0.6619 gap0=66.195 dret=+10.181 eval_ret=n/a pursuer_target_distance=5.123 capture=0.000 score=0.000 pol=-0.0016 val=0.2062 ent=1.5115 tot=+0.0864 agnorm=0.082 cgnorm=0.285 kl=0.0024 clipf=0.017 ev=+0.300 r0=1.0000 entcoef=1.00e-02 lr=6.8e-04 seed=9
iter=  22 step=  73600 ep_ret=-60.209 opt_ret=-60.209 step_rew=-0.6021 opt_step=-0.6021 gap0=60.209 dret=+16.166 eval_ret=n/a pursuer_target_distance=4.581 capture=0.000 score=0.000 pol=-0.0021 val=0.1696 ent=1.5166 tot=+0.0675 agnorm=0.058 cgnorm=0.212 kl=0.0023 clipf=0.021 ev=+0.416 r0=1.0000 entcoef=1.00e-02 lr=6.8e-04 seed=9
iter=  23 step=  76800 ep_ret=-61.743 opt_ret=-61.743 step_rew=-0.6174 opt_step=-0.6174 gap0=61.743 dret=+14.633 eval_ret=n/a pursuer_target_distance=5.023 capture=0.000 score=0.000 pol=-0.0024 val=0.1293 ent=1.5057 tot=+0.0472 agnorm=0.083 cgnorm=0.207 kl=0.0029 clipf=0.030 ev=+0.424 r0=1.0000 entcoef=1.00e-02 lr=6.7e-04 seed=9
iter=  24 step=  80000 ep_ret=-58.478 opt_ret=-58.478 step_rew=-0.5848 opt_step=-0.5848 gap0=58.478 dret=+17.898 eval_ret=n/a pursuer_target_distance=5.248 capture=0.000 score=0.000 pol=-0.0030 val=0.0881 ent=1.5352 tot=+0.0257 agnorm=0.072 cgnorm=0.184 kl=0.0031 clipf=0.030 ev=+0.516 r0=1.0000 entcoef=1.00e-02 lr=6.7e-04 seed=9
iter=  25 step=  83200 ep_ret=-67.642 opt_ret=-67.642 step_rew=-0.6764 opt_step=-0.6764 gap0=67.642 dret=+8.734 eval_ret=n/a pursuer_target_distance=5.245 capture=0.000 score=0.000 pol=-0.0019 val=0.1606 ent=1.5319 tot=+0.0631 agnorm=0.065 cgnorm=0.240 kl=0.0028 clipf=0.021 ev=+0.483 r0=1.0000 entcoef=1.00e-02 lr=6.7e-04 seed=9
iter=  26 step=  86400 ep_ret=-74.025 opt_ret=-74.025 step_rew=-0.7403 opt_step=-0.7403 gap0=74.025 dret=+2.350 eval_ret=n/a pursuer_target_distance=6.409 capture=0.000 score=0.000 pol=-0.0019 val=0.1592 ent=1.5575 tot=+0.0621 agnorm=0.061 cgnorm=0.250 kl=0.0026 clipf=0.024 ev=+0.500 r0=1.0000 entcoef=1.00e-02 lr=6.7e-04 seed=9
iter=  27 step=  89600 ep_ret=-56.973 opt_ret=-56.973 step_rew=-0.5697 opt_step=-0.5697 gap0=56.973 dret=+19.403 eval_ret=n/a pursuer_target_distance=4.403 capture=0.000 score=0.000 pol=-0.0014 val=0.1618 ent=1.5509 tot=+0.0640 agnorm=0.054 cgnorm=0.241 kl=0.0016 clipf=0.009 ev=+0.473 r0=1.0000 entcoef=1.00e-02 lr=6.7e-04 seed=9
iter=  28 step=  92800 ep_ret=-75.630 opt_ret=-75.630 step_rew=-0.7563 opt_step=-0.7563 gap0=75.630 dret=+0.746 eval_ret=n/a pursuer_target_distance=6.482 capture=0.000 score=0.000 pol=-0.0019 val=0.1609 ent=1.5476 tot=+0.0631 agnorm=0.055 cgnorm=0.261 kl=0.0020 clipf=0.017 ev=+0.549 r0=1.0000 entcoef=1.00e-02 lr=6.7e-04 seed=9
iter=  29 step=  96000 ep_ret=-70.152 opt_ret=-70.152 step_rew=-0.7015 opt_step=-0.7015 gap0=70.152 dret=+6.223 eval_ret=n/a pursuer_target_distance=4.844 capture=0.000 score=0.000 pol=-0.0019 val=0.2094 ent=1.5360 tot=+0.0875 agnorm=0.062 cgnorm=0.280 kl=0.0027 clipf=0.026 ev=+0.561 r0=1.0000 entcoef=1.00e-02 lr=6.7e-04 seed=9
iter=  30 step=  99200 ep_ret=-67.927 opt_ret=-67.927 step_rew=-0.6793 opt_step=-0.6793 gap0=67.927 dret=+8.449 eval_ret=n/a pursuer_target_distance=6.051 capture=0.000 score=0.000 pol=-0.0022 val=0.1418 ent=1.5311 tot=+0.0533 agnorm=0.070 cgnorm=0.249 kl=0.0024 clipf=0.019 ev=+0.618 r0=1.0000 entcoef=1.00e-02 lr=6.7e-04 seed=9
iter=  31 step= 102400 ep_ret=-72.917 opt_ret=-72.917 step_rew=-0.7292 opt_step=-0.7292 gap0=72.917 dret=+3.459 eval_ret=n/a pursuer_target_distance=5.403 capture=0.006 score=0.001 pol=-0.0028 val=0.3821 ent=1.5218 tot=+0.1730 agnorm=0.107 cgnorm=0.304 kl=0.0039 clipf=0.044 ev=+0.173 r0=1.0000 entcoef=1.00e-02 lr=6.7e-04 seed=9
iter=  32 step= 105600 ep_ret=-76.289 opt_ret=-76.289 step_rew=-0.7629 opt_step=-0.7629 gap0=76.289 dret=+0.087 eval_ret=n/a pursuer_target_distance=5.802 capture=0.000 score=0.000 pol=-0.0016 val=0.1601 ent=1.5147 tot=+0.0633 agnorm=0.057 cgnorm=0.239 kl=0.0022 clipf=0.016 ev=+0.522 r0=1.0000 entcoef=1.00e-02 lr=6.6e-04 seed=9
iter=  33 step= 108800 ep_ret=-68.099 opt_ret=-68.099 step_rew=-0.6810 opt_step=-0.6810 gap0=68.099 dret=+8.276 eval_ret=n/a pursuer_target_distance=5.334 capture=0.000 score=0.000 pol=-0.0015 val=0.0886 ent=1.5239 tot=+0.0275 agnorm=0.058 cgnorm=0.219 kl=0.0019 clipf=0.014 ev=+0.528 r0=1.0000 entcoef=1.00e-02 lr=6.6e-04 seed=9
iter=  34 step= 112000 ep_ret=-64.714 opt_ret=-64.714 step_rew=-0.6471 opt_step=-0.6471 gap0=64.714 dret=+11.662 eval_ret=n/a pursuer_target_distance=6.193 capture=0.006 score=0.001 pol=-0.0019 val=0.2671 ent=1.5295 tot=+0.1164 agnorm=0.079 cgnorm=0.269 kl=0.0022 clipf=0.020 ev=+0.159 r0=1.0000 entcoef=1.00e-02 lr=6.6e-04 seed=9
iter=  35 step= 115200 ep_ret=-77.684 opt_ret=-77.684 step_rew=-0.7768 opt_step=-0.7768 gap0=77.684 dret=-1.308 eval_ret=n/a pursuer_target_distance=5.745 capture=0.000 score=0.000 pol=-0.0021 val=0.1259 ent=1.5244 tot=+0.0456 agnorm=0.059 cgnorm=0.255 kl=0.0029 clipf=0.020 ev=+0.472 r0=1.0000 entcoef=1.00e-02 lr=6.6e-04 seed=9
iter=  36 step= 118400 ep_ret=-70.121 opt_ret=-70.121 step_rew=-0.7012 opt_step=-0.7012 gap0=70.121 dret=+6.255 eval_ret=n/a pursuer_target_distance=5.923 capture=0.000 score=0.000 pol=-0.0020 val=0.1064 ent=1.5275 tot=+0.0360 agnorm=0.060 cgnorm=0.237 kl=0.0023 clipf=0.022 ev=+0.056 r0=1.0000 entcoef=1.00e-02 lr=6.6e-04 seed=9
iter=  37 step= 121600 ep_ret=-79.034 opt_ret=-79.034 step_rew=-0.7903 opt_step=-0.7903 gap0=79.034 dret=-2.658 eval_ret=n/a pursuer_target_distance=5.735 capture=0.000 score=0.000 pol=-0.0023 val=0.1194 ent=1.5165 tot=+0.0423 agnorm=0.062 cgnorm=0.257 kl=0.0026 clipf=0.018 ev=+0.485 r0=1.0000 entcoef=1.00e-02 lr=6.6e-04 seed=9
iter=  38 step= 124800 ep_ret=-59.076 opt_ret=-59.076 step_rew=-0.5908 opt_step=-0.5908 gap0=59.076 dret=+17.300 eval_ret=n/a pursuer_target_distance=4.712 capture=0.000 score=0.000 pol=-0.0016 val=0.0665 ent=1.5109 tot=+0.0166 agnorm=0.060 cgnorm=0.189 kl=0.0024 clipf=0.017 ev=+0.484 r0=1.0000 entcoef=1.00e-02 lr=6.6e-04 seed=9
iter=  39 step= 128000 ep_ret=-68.436 opt_ret=-68.436 step_rew=-0.6844 opt_step=-0.6844 gap0=68.436 dret=+7.939 eval_ret=n/a pursuer_target_distance=4.596 capture=0.000 score=0.000 pol=-0.0023 val=0.1015 ent=1.5164 tot=+0.0333 agnorm=0.071 cgnorm=0.224 kl=0.0033 clipf=0.031 ev=+0.257 r0=1.0000 entcoef=1.00e-02 lr=6.6e-04 seed=9
iter=  40 step= 131200 ep_ret=-64.734 opt_ret=-64.734 step_rew=-0.6473 opt_step=-0.6473 gap0=64.734 dret=+11.642 eval_ret=-33.880 pursuer_target_distance=4.482 capture=0.000 score=0.000 pol=-0.0020 val=0.0863 ent=1.4976 tot=+0.0262 agnorm=0.050 cgnorm=0.195 kl=0.0024 clipf=0.016 ev=+0.401 r0=1.0000 entcoef=1.00e-02 lr=6.6e-04 seed=9
iter=  41 step= 134400 ep_ret=-56.716 opt_ret=-56.716 step_rew=-0.5672 opt_step=-0.5672 gap0=56.716 dret=+19.660 eval_ret=n/a pursuer_target_distance=4.676 capture=0.000 score=0.000 pol=-0.0030 val=0.0718 ent=1.4919 tot=+0.0180 agnorm=0.085 cgnorm=0.203 kl=0.0039 clipf=0.043 ev=+0.644 r0=1.0000 entcoef=1.00e-02 lr=6.5e-04 seed=9
iter=  42 step= 137600 ep_ret=-60.810 opt_ret=-60.810 step_rew=-0.6081 opt_step=-0.6081 gap0=60.810 dret=+15.566 eval_ret=n/a pursuer_target_distance=4.793 capture=0.000 score=0.000 pol=-0.0023 val=0.0828 ent=1.4833 tot=+0.0243 agnorm=0.069 cgnorm=0.228 kl=0.0041 clipf=0.042 ev=+0.294 r0=1.0000 entcoef=1.00e-02 lr=6.5e-04 seed=9
iter=  43 step= 140800 ep_ret=-71.793 opt_ret=-71.793 step_rew=-0.7179 opt_step=-0.7179 gap0=71.793 dret=+4.583 eval_ret=n/a pursuer_target_distance=5.864 capture=0.000 score=0.000 pol=-0.0021 val=0.0891 ent=1.4795 tot=+0.0277 agnorm=0.072 cgnorm=0.213 kl=0.0023 clipf=0.020 ev=+0.579 r0=1.0000 entcoef=1.00e-02 lr=6.5e-04 seed=9
iter=  44 step= 144000 ep_ret=-67.365 opt_ret=-67.365 step_rew=-0.6736 opt_step=-0.6736 gap0=67.365 dret=+9.011 eval_ret=n/a pursuer_target_distance=5.722 capture=0.000 score=0.000 pol=-0.0019 val=0.0838 ent=1.4825 tot=+0.0252 agnorm=0.061 cgnorm=0.212 kl=0.0024 clipf=0.020 ev=+0.347 r0=1.0000 entcoef=1.00e-02 lr=6.5e-04 seed=9
iter=  45 step= 147200 ep_ret=-57.032 opt_ret=-57.032 step_rew=-0.5703 opt_step=-0.5703 gap0=57.032 dret=+19.344 eval_ret=n/a pursuer_target_distance=5.073 capture=0.004 score=0.001 pol=-0.0020 val=0.1737 ent=1.4972 tot=+0.0698 agnorm=0.077 cgnorm=0.229 kl=0.0025 clipf=0.022 ev=+0.258 r0=1.0000 entcoef=1.00e-02 lr=6.5e-04 seed=9
iter=  46 step= 150400 ep_ret=-85.906 opt_ret=-85.906 step_rew=-0.8591 opt_step=-0.8591 gap0=85.906 dret=-9.530 eval_ret=n/a pursuer_target_distance=6.901 capture=0.000 score=0.000 pol=-0.0022 val=0.1390 ent=1.5050 tot=+0.0522 agnorm=0.063 cgnorm=0.260 kl=0.0025 clipf=0.020 ev=+0.461 r0=1.0000 entcoef=1.00e-02 lr=6.5e-04 seed=9
iter=  47 step= 153600 ep_ret=-60.372 opt_ret=-60.372 step_rew=-0.6037 opt_step=-0.6037 gap0=60.372 dret=+16.004 eval_ret=n/a pursuer_target_distance=5.260 capture=0.007 score=0.001 pol=-0.0023 val=0.2900 ent=1.4880 tot=+0.1278 agnorm=0.074 cgnorm=0.296 kl=0.0037 clipf=0.043 ev=+0.234 r0=1.0000 entcoef=1.00e-02 lr=6.5e-04 seed=9
iter=  48 step= 156800 ep_ret=-54.535 opt_ret=-54.535 step_rew=-0.5453 opt_step=-0.5453 gap0=54.535 dret=+21.841 eval_ret=n/a pursuer_target_distance=4.635 capture=0.000 score=0.000 pol=-0.0023 val=0.0421 ent=1.4858 tot=+0.0039 agnorm=0.074 cgnorm=0.173 kl=0.0023 clipf=0.024 ev=+0.646 r0=1.0000 entcoef=1.00e-02 lr=6.5e-04 seed=9
iter=  49 step= 160000 ep_ret=-56.227 opt_ret=-56.227 step_rew=-0.5623 opt_step=-0.5623 gap0=56.227 dret=+20.149 eval_ret=n/a pursuer_target_distance=4.650 capture=0.000 score=0.000 pol=-0.0020 val=0.0620 ent=1.5050 tot=+0.0140 agnorm=0.064 cgnorm=0.175 kl=0.0020 clipf=0.017 ev=+0.490 r0=1.0000 entcoef=1.00e-02 lr=6.5e-04 seed=9
iter=  50 step= 163200 ep_ret=-63.269 opt_ret=-63.269 step_rew=-0.6327 opt_step=-0.6327 gap0=63.269 dret=+13.107 eval_ret=n/a pursuer_target_distance=5.408 capture=0.000 score=0.000 pol=-0.0026 val=0.0884 ent=1.5069 tot=+0.0266 agnorm=0.060 cgnorm=0.207 kl=0.0026 clipf=0.020 ev=+0.577 r0=1.0000 entcoef=1.00e-02 lr=6.4e-04 seed=9
iter=  51 step= 166400 ep_ret=-73.577 opt_ret=-73.577 step_rew=-0.7358 opt_step=-0.7358 gap0=73.577 dret=+2.798 eval_ret=n/a pursuer_target_distance=5.131 capture=0.000 score=0.000 pol=-0.0017 val=0.1064 ent=1.5014 tot=+0.0364 agnorm=0.055 cgnorm=0.218 kl=0.0024 clipf=0.021 ev=+0.437 r0=1.0000 entcoef=1.00e-02 lr=6.4e-04 seed=9
iter=  52 step= 169600 ep_ret=-63.289 opt_ret=-63.289 step_rew=-0.6329 opt_step=-0.6329 gap0=63.289 dret=+13.086 eval_ret=n/a pursuer_target_distance=4.756 capture=0.000 score=0.000 pol=-0.0021 val=0.0652 ent=1.5110 tot=+0.0154 agnorm=0.060 cgnorm=0.210 kl=0.0022 clipf=0.020 ev=+0.451 r0=1.0000 entcoef=1.00e-02 lr=6.4e-04 seed=9
iter=  53 step= 172800 ep_ret=-61.185 opt_ret=-61.185 step_rew=-0.6119 opt_step=-0.6119 gap0=61.185 dret=+15.190 eval_ret=n/a pursuer_target_distance=5.373 capture=0.007 score=0.001 pol=-0.0023 val=0.2851 ent=1.4930 tot=+0.1254 agnorm=0.078 cgnorm=0.263 kl=0.0032 clipf=0.028 ev=+0.268 r0=1.0000 entcoef=1.00e-02 lr=6.4e-04 seed=9
iter=  54 step= 176000 ep_ret=-77.238 opt_ret=-77.238 step_rew=-0.7724 opt_step=-0.7724 gap0=77.238 dret=-0.863 eval_ret=n/a pursuer_target_distance=6.216 capture=0.000 score=0.000 pol=-0.0032 val=0.1104 ent=1.4768 tot=+0.0373 agnorm=0.081 cgnorm=0.232 kl=0.0031 clipf=0.032 ev=+0.455 r0=1.0000 entcoef=1.00e-02 lr=6.4e-04 seed=9
iter=  55 step= 179200 ep_ret=-56.352 opt_ret=-56.352 step_rew=-0.5635 opt_step=-0.5635 gap0=56.352 dret=+20.023 eval_ret=n/a pursuer_target_distance=5.136 capture=0.000 score=0.000 pol=-0.0015 val=0.0534 ent=1.4758 tot=+0.0104 agnorm=0.069 cgnorm=0.166 kl=0.0021 clipf=0.017 ev=+0.680 r0=1.0000 entcoef=1.00e-02 lr=6.4e-04 seed=9
iter=  56 step= 182400 ep_ret=-48.829 opt_ret=-48.829 step_rew=-0.4883 opt_step=-0.4883 gap0=48.829 dret=+27.547 eval_ret=n/a pursuer_target_distance=4.410 capture=0.004 score=0.001 pol=-0.0024 val=0.1173 ent=1.4760 tot=+0.0415 agnorm=0.069 cgnorm=0.193 kl=0.0028 clipf=0.030 ev=+0.620 r0=1.0000 entcoef=1.00e-02 lr=6.4e-04 seed=9
iter=  57 step= 185600 ep_ret=-55.390 opt_ret=-55.390 step_rew=-0.5539 opt_step=-0.5539 gap0=55.390 dret=+20.986 eval_ret=n/a pursuer_target_distance=5.012 capture=0.000 score=0.000 pol=-0.0026 val=0.0538 ent=1.4617 tot=+0.0097 agnorm=0.067 cgnorm=0.177 kl=0.0021 clipf=0.018 ev=+0.446 r0=1.0000 entcoef=1.00e-02 lr=6.4e-04 seed=9
iter=  58 step= 188800 ep_ret=-48.269 opt_ret=-48.269 step_rew=-0.4827 opt_step=-0.4827 gap0=48.269 dret=+28.106 eval_ret=n/a pursuer_target_distance=3.672 capture=0.000 score=0.000 pol=-0.0025 val=0.0512 ent=1.4605 tot=+0.0085 agnorm=0.073 cgnorm=0.161 kl=0.0029 clipf=0.029 ev=+0.593 r0=1.0000 entcoef=1.00e-02 lr=6.4e-04 seed=9
iter=  59 step= 192000 ep_ret=-58.493 opt_ret=-58.493 step_rew=-0.5849 opt_step=-0.5849 gap0=58.493 dret=+17.882 eval_ret=n/a pursuer_target_distance=4.562 capture=0.000 score=0.000 pol=-0.0025 val=0.0368 ent=1.4643 tot=+0.0012 agnorm=0.081 cgnorm=0.154 kl=0.0031 clipf=0.031 ev=+0.556 r0=1.0000 entcoef=1.00e-02 lr=6.3e-04 seed=9
iter=  60 step= 195200 ep_ret=-54.346 opt_ret=-54.346 step_rew=-0.5435 opt_step=-0.5435 gap0=54.346 dret=+22.030 eval_ret=-24.406 pursuer_target_distance=4.590 capture=0.001 score=0.000 pol=-0.0025 val=0.0702 ent=1.4535 tot=+0.0181 agnorm=0.068 cgnorm=0.179 kl=0.0028 clipf=0.027 ev=+0.300 r0=1.0000 entcoef=1.00e-02 lr=6.3e-04 seed=9
iter=  61 step= 198400 ep_ret=-75.090 opt_ret=-75.090 step_rew=-0.7509 opt_step=-0.7509 gap0=75.090 dret=+1.286 eval_ret=n/a pursuer_target_distance=5.345 capture=0.000 score=0.000 pol=-0.0023 val=0.0704 ent=1.4512 tot=+0.0184 agnorm=0.059 cgnorm=0.177 kl=0.0022 clipf=0.015 ev=+0.447 r0=1.0000 entcoef=1.00e-02 lr=6.3e-04 seed=9
iter=  62 step= 201600 ep_ret=-58.927 opt_ret=-58.927 step_rew=-0.5893 opt_step=-0.5893 gap0=58.927 dret=+17.449 eval_ret=n/a pursuer_target_distance=5.010 capture=0.003 score=0.001 pol=-0.0029 val=0.1071 ent=1.4417 tot=+0.0362 agnorm=0.066 cgnorm=0.169 kl=0.0033 clipf=0.030 ev=+0.485 r0=1.0000 entcoef=1.00e-02 lr=6.3e-04 seed=9
iter=  63 step= 204800 ep_ret=-73.096 opt_ret=-73.096 step_rew=-0.7310 opt_step=-0.7310 gap0=73.096 dret=+3.279 eval_ret=n/a pursuer_target_distance=5.969 capture=0.000 score=0.000 pol=-0.0024 val=0.0724 ent=1.4537 tot=+0.0193 agnorm=0.069 cgnorm=0.177 kl=0.0029 clipf=0.027 ev=+0.632 r0=1.0000 entcoef=1.00e-02 lr=6.3e-04 seed=9
iter=  64 step= 208000 ep_ret=-48.234 opt_ret=-48.234 step_rew=-0.4823 opt_step=-0.4823 gap0=48.234 dret=+28.141 eval_ret=n/a pursuer_target_distance=4.098 capture=0.000 score=0.000 pol=-0.0026 val=0.0515 ent=1.4436 tot=+0.0087 agnorm=0.067 cgnorm=0.166 kl=0.0032 clipf=0.032 ev=+0.693 r0=1.0000 entcoef=1.00e-02 lr=6.3e-04 seed=9
iter=  65 step= 211200 ep_ret=-71.924 opt_ret=-71.924 step_rew=-0.7192 opt_step=-0.7192 gap0=71.924 dret=+4.452 eval_ret=n/a pursuer_target_distance=5.554 capture=0.000 score=0.000 pol=-0.0029 val=0.0507 ent=1.4441 tot=+0.0080 agnorm=0.071 cgnorm=0.151 kl=0.0033 clipf=0.036 ev=+0.543 r0=1.0000 entcoef=1.00e-02 lr=6.3e-04 seed=9
iter=  66 step= 214400 ep_ret=-57.789 opt_ret=-57.789 step_rew=-0.5779 opt_step=-0.5779 gap0=57.789 dret=+18.587 eval_ret=n/a pursuer_target_distance=4.834 capture=0.000 score=0.000 pol=-0.0026 val=0.0465 ent=1.4234 tot=+0.0064 agnorm=0.070 cgnorm=0.141 kl=0.0033 clipf=0.034 ev=+0.633 r0=1.0000 entcoef=1.00e-02 lr=6.3e-04 seed=9
iter=  67 step= 217600 ep_ret=-59.856 opt_ret=-59.856 step_rew=-0.5986 opt_step=-0.5986 gap0=59.856 dret=+16.520 eval_ret=n/a pursuer_target_distance=4.792 capture=0.000 score=0.000 pol=-0.0030 val=0.0502 ent=1.3909 tot=+0.0082 agnorm=0.079 cgnorm=0.134 kl=0.0036 clipf=0.041 ev=+0.518 r0=1.0000 entcoef=1.00e-02 lr=6.3e-04 seed=9
iter=  68 step= 220800 ep_ret=-60.995 opt_ret=-60.995 step_rew=-0.6099 opt_step=-0.6099 gap0=60.995 dret=+15.381 eval_ret=n/a pursuer_target_distance=5.267 capture=0.003 score=0.000 pol=-0.0025 val=0.1040 ent=1.4213 tot=+0.0353 agnorm=0.082 cgnorm=0.185 kl=0.0036 clipf=0.038 ev=+0.273 r0=1.0000 entcoef=1.00e-02 lr=6.2e-04 seed=9
iter=  69 step= 224000 ep_ret=-65.932 opt_ret=-65.932 step_rew=-0.6593 opt_step=-0.6593 gap0=65.932 dret=+10.443 eval_ret=n/a pursuer_target_distance=6.245 capture=0.006 score=0.001 pol=-0.0024 val=0.2210 ent=1.4138 tot=+0.0939 agnorm=0.065 cgnorm=0.222 kl=0.0029 clipf=0.026 ev=+0.139 r0=1.0000 entcoef=1.00e-02 lr=6.2e-04 seed=9
iter=  70 step= 227200 ep_ret=-58.282 opt_ret=-58.282 step_rew=-0.5828 opt_step=-0.5828 gap0=58.282 dret=+18.094 eval_ret=n/a pursuer_target_distance=4.460 capture=0.013 score=0.002 pol=-0.0020 val=0.5719 ent=1.3974 tot=+0.2700 agnorm=0.079 cgnorm=0.249 kl=0.0027 clipf=0.027 ev=+0.064 r0=1.0000 entcoef=1.00e-02 lr=6.2e-04 seed=9
iter=  71 step= 230400 ep_ret=-62.252 opt_ret=-62.252 step_rew=-0.6225 opt_step=-0.6225 gap0=62.252 dret=+14.123 eval_ret=n/a pursuer_target_distance=5.053 capture=0.002 score=0.000 pol=-0.0024 val=0.0822 ent=1.3913 tot=+0.0248 agnorm=0.068 cgnorm=0.148 kl=0.0019 clipf=0.014 ev=+0.513 r0=1.0000 entcoef=1.00e-02 lr=6.2e-04 seed=9
iter=  72 step= 233600 ep_ret=-58.944 opt_ret=-58.944 step_rew=-0.5894 opt_step=-0.5894 gap0=58.944 dret=+17.431 eval_ret=n/a pursuer_target_distance=5.066 capture=0.000 score=0.000 pol=-0.0036 val=0.0585 ent=1.4216 tot=+0.0115 agnorm=0.096 cgnorm=0.140 kl=0.0040 clipf=0.046 ev=+0.513 r0=1.0000 entcoef=1.00e-02 lr=6.2e-04 seed=9
iter=  73 step= 236800 ep_ret=-64.924 opt_ret=-64.924 step_rew=-0.6492 opt_step=-0.6492 gap0=64.924 dret=+11.452 eval_ret=n/a pursuer_target_distance=5.344 capture=0.000 score=0.000 pol=-0.0028 val=0.0750 ent=1.4173 tot=+0.0206 agnorm=0.100 cgnorm=0.160 kl=0.0029 clipf=0.031 ev=+0.278 r0=1.0000 entcoef=1.00e-02 lr=6.2e-04 seed=9
iter=  74 step= 240000 ep_ret=-40.032 opt_ret=-40.032 step_rew=-0.4003 opt_step=-0.4003 gap0=40.032 dret=+36.344 eval_ret=n/a pursuer_target_distance=4.597 capture=0.012 score=0.002 pol=-0.0016 val=0.4646 ent=1.4065 tot=+0.2166 agnorm=0.074 cgnorm=0.235 kl=0.0030 clipf=0.031 ev=+0.074 r0=1.0000 entcoef=1.00e-02 lr=6.2e-04 seed=9
iter=  75 step= 243200 ep_ret=-63.295 opt_ret=-63.295 step_rew=-0.6329 opt_step=-0.6329 gap0=63.295 dret=+13.081 eval_ret=n/a pursuer_target_distance=5.348 capture=0.000 score=0.000 pol=-0.0027 val=0.0618 ent=1.3750 tot=+0.0144 agnorm=0.082 cgnorm=0.132 kl=0.0037 clipf=0.037 ev=+0.425 r0=1.0000 entcoef=1.00e-02 lr=6.2e-04 seed=9
iter=  76 step= 246400 ep_ret=-69.193 opt_ret=-69.193 step_rew=-0.6919 opt_step=-0.6919 gap0=69.193 dret=+7.183 eval_ret=n/a pursuer_target_distance=6.273 capture=0.000 score=0.000 pol=-0.0023 val=0.0764 ent=1.3635 tot=+0.0222 agnorm=0.074 cgnorm=0.168 kl=0.0030 clipf=0.033 ev=+0.458 r0=1.0000 entcoef=1.00e-02 lr=6.2e-04 seed=9
iter=  77 step= 249600 ep_ret=-48.559 opt_ret=-48.559 step_rew=-0.4856 opt_step=-0.4856 gap0=48.559 dret=+27.816 eval_ret=n/a pursuer_target_distance=4.244 capture=0.000 score=0.000 pol=-0.0022 val=0.0549 ent=1.3619 tot=+0.0116 agnorm=0.070 cgnorm=0.154 kl=0.0024 clipf=0.019 ev=+0.538 r0=1.0000 entcoef=1.00e-02 lr=6.1e-04 seed=9
iter=  78 step= 252800 ep_ret=-60.850 opt_ret=-60.850 step_rew=-0.6085 opt_step=-0.6085 gap0=60.850 dret=+15.525 eval_ret=n/a pursuer_target_distance=5.081 capture=0.002 score=0.000 pol=-0.0024 val=0.1101 ent=1.3969 tot=+0.0386 agnorm=0.077 cgnorm=0.163 kl=0.0028 clipf=0.026 ev=+0.381 r0=1.0000 entcoef=1.00e-02 lr=6.1e-04 seed=9
iter=  79 step= 256000 ep_ret=-68.565 opt_ret=-68.565 step_rew=-0.6856 opt_step=-0.6856 gap0=68.565 dret=+7.811 eval_ret=n/a pursuer_target_distance=5.349 capture=0.000 score=0.000 pol=-0.0026 val=0.1122 ent=1.4094 tot=+0.0394 agnorm=0.087 cgnorm=0.217 kl=0.0027 clipf=0.029 ev=+0.021 r0=1.0000 entcoef=1.00e-02 lr=6.1e-04 seed=9
iter=  80 step= 259200 ep_ret=-61.985 opt_ret=-61.985 step_rew=-0.6198 opt_step=-0.6198 gap0=61.985 dret=+14.391 eval_ret=-54.513 pursuer_target_distance=5.613 capture=0.000 score=0.000 pol=-0.0025 val=0.1104 ent=1.4105 tot=+0.0386 agnorm=0.089 cgnorm=0.182 kl=0.0029 clipf=0.030 ev=+0.325 r0=1.0000 entcoef=1.00e-02 lr=6.1e-04 seed=9
iter=  81 step= 262400 ep_ret=-60.618 opt_ret=-60.618 step_rew=-0.6062 opt_step=-0.6062 gap0=60.618 dret=+15.757 eval_ret=n/a pursuer_target_distance=5.020 capture=0.006 score=0.001 pol=-0.0021 val=0.2632 ent=1.4305 tot=+0.1152 agnorm=0.076 cgnorm=0.217 kl=0.0034 clipf=0.034 ev=+0.200 r0=1.0000 entcoef=1.00e-02 lr=6.1e-04 seed=9
iter=  82 step= 265600 ep_ret=-57.769 opt_ret=-57.769 step_rew=-0.5777 opt_step=-0.5777 gap0=57.769 dret=+18.607 eval_ret=n/a pursuer_target_distance=5.042 capture=0.000 score=0.000 pol=-0.0039 val=0.0634 ent=1.4418 tot=+0.0134 agnorm=0.082 cgnorm=0.143 kl=0.0037 clipf=0.037 ev=+0.403 r0=1.0000 entcoef=1.00e-02 lr=6.1e-04 seed=9
iter=  83 step= 268800 ep_ret=-56.369 opt_ret=-56.369 step_rew=-0.5637 opt_step=-0.5637 gap0=56.369 dret=+20.006 eval_ret=n/a pursuer_target_distance=4.566 capture=0.000 score=0.000 pol=-0.0022 val=0.0553 ent=1.4423 tot=+0.0110 agnorm=0.079 cgnorm=0.124 kl=0.0028 clipf=0.030 ev=+0.495 r0=1.0000 entcoef=1.00e-02 lr=6.1e-04 seed=9
iter=  84 step= 272000 ep_ret=-54.573 opt_ret=-54.573 step_rew=-0.5457 opt_step=-0.5457 gap0=54.573 dret=+21.802 eval_ret=n/a pursuer_target_distance=4.189 capture=0.000 score=0.000 pol=-0.0021 val=0.0498 ent=1.4380 tot=+0.0084 agnorm=0.073 cgnorm=0.101 kl=0.0029 clipf=0.030 ev=+0.439 r0=1.0000 entcoef=1.00e-02 lr=6.1e-04 seed=9
iter=  85 step= 275200 ep_ret=-37.531 opt_ret=-37.531 step_rew=-0.3753 opt_step=-0.3753 gap0=37.531 dret=+38.845 eval_ret=n/a pursuer_target_distance=4.325 capture=0.010 score=0.002 pol=-0.0020 val=0.4142 ent=1.4499 tot=+0.1906 agnorm=0.095 cgnorm=0.207 kl=0.0032 clipf=0.033 ev=+0.140 r0=1.0000 entcoef=1.00e-02 lr=6.1e-04 seed=9
iter=  86 step= 278400 ep_ret=-59.456 opt_ret=-59.456 step_rew=-0.5946 opt_step=-0.5946 gap0=59.456 dret=+16.919 eval_ret=n/a pursuer_target_distance=5.439 capture=0.000 score=0.000 pol=-0.0027 val=0.0533 ent=1.4541 tot=+0.0094 agnorm=0.072 cgnorm=0.109 kl=0.0026 clipf=0.024 ev=+0.519 r0=1.0000 entcoef=1.00e-02 lr=6.0e-04 seed=9
iter=  87 step= 281600 ep_ret=-55.223 opt_ret=-55.223 step_rew=-0.5522 opt_step=-0.5522 gap0=55.223 dret=+21.152 eval_ret=n/a pursuer_target_distance=5.026 capture=0.006 score=0.001 pol=-0.0018 val=0.2374 ent=1.4478 tot=+0.1024 agnorm=0.049 cgnorm=0.190 kl=0.0021 clipf=0.015 ev=+0.206 r0=1.0000 entcoef=1.00e-02 lr=6.0e-04 seed=9
iter=  88 step= 284800 ep_ret=-71.061 opt_ret=-71.061 step_rew=-0.7106 opt_step=-0.7106 gap0=71.061 dret=+5.315 eval_ret=n/a pursuer_target_distance=5.280 capture=0.000 score=0.000 pol=-0.0024 val=0.0828 ent=1.4451 tot=+0.0245 agnorm=0.069 cgnorm=0.140 kl=0.0017 clipf=0.012 ev=+0.292 r0=1.0000 entcoef=1.00e-02 lr=6.0e-04 seed=9
iter=  89 step= 288000 ep_ret=-59.302 opt_ret=-59.302 step_rew=-0.5930 opt_step=-0.5930 gap0=59.302 dret=+17.074 eval_ret=n/a pursuer_target_distance=4.721 capture=0.000 score=0.000 pol=-0.0019 val=0.0710 ent=1.4521 tot=+0.0191 agnorm=0.066 cgnorm=0.144 kl=0.0022 clipf=0.015 ev=+0.487 r0=1.0000 entcoef=1.00e-02 lr=6.0e-04 seed=9
iter=  90 step= 291200 ep_ret=-54.174 opt_ret=-54.174 step_rew=-0.5417 opt_step=-0.5417 gap0=54.174 dret=+22.202 eval_ret=n/a pursuer_target_distance=4.938 capture=0.000 score=0.000 pol=-0.0023 val=0.0623 ent=1.4304 tot=+0.0145 agnorm=0.064 cgnorm=0.115 kl=0.0029 clipf=0.024 ev=+0.414 r0=1.0000 entcoef=1.00e-02 lr=6.0e-04 seed=9
iter=  91 step= 294400 ep_ret=-51.796 opt_ret=-51.796 step_rew=-0.5180 opt_step=-0.5180 gap0=51.796 dret=+24.580 eval_ret=n/a pursuer_target_distance=4.226 capture=0.000 score=0.000 pol=-0.0018 val=0.0568 ent=1.4479 tot=+0.0122 agnorm=0.062 cgnorm=0.112 kl=0.0029 clipf=0.023 ev=+0.581 r0=1.0000 entcoef=1.00e-02 lr=6.0e-04 seed=9
iter=  92 step= 297600 ep_ret=-66.492 opt_ret=-66.492 step_rew=-0.6649 opt_step=-0.6649 gap0=66.492 dret=+9.884 eval_ret=n/a pursuer_target_distance=5.069 capture=0.000 score=0.000 pol=-0.0022 val=0.0885 ent=1.4317 tot=+0.0277 agnorm=0.064 cgnorm=0.144 kl=0.0028 clipf=0.029 ev=+0.470 r0=1.0000 entcoef=1.00e-02 lr=6.0e-04 seed=9
iter=  93 step= 300800 ep_ret=-54.366 opt_ret=-54.366 step_rew=-0.5437 opt_step=-0.5437 gap0=54.366 dret=+22.010 eval_ret=n/a pursuer_target_distance=4.744 capture=0.000 score=0.000 pol=-0.0029 val=0.0461 ent=1.4425 tot=+0.0057 agnorm=0.096 cgnorm=0.115 kl=0.0036 clipf=0.036 ev=+0.640 r0=1.0000 entcoef=1.00e-02 lr=6.0e-04 seed=9
iter=  94 step= 304000 ep_ret=-38.878 opt_ret=-38.878 step_rew=-0.3888 opt_step=-0.3888 gap0=38.878 dret=+37.498 eval_ret=n/a pursuer_target_distance=4.433 capture=0.014 score=0.003 pol=-0.0010 val=0.6268 ent=1.4296 tot=+0.2981 agnorm=0.056 cgnorm=0.237 kl=0.0013 clipf=0.007 ev=+0.083 r0=1.0000 entcoef=1.00e-02 lr=6.0e-04 seed=9
iter=  95 step= 307200 ep_ret=-51.894 opt_ret=-51.894 step_rew=-0.5189 opt_step=-0.5189 gap0=51.894 dret=+24.481 eval_ret=n/a pursuer_target_distance=4.711 capture=0.000 score=0.000 pol=-0.0020 val=0.0784 ent=1.4337 tot=+0.0228 agnorm=0.086 cgnorm=0.146 kl=0.0019 clipf=0.014 ev=+0.565 r0=1.0000 entcoef=1.00e-02 lr=5.9e-04 seed=9
iter=  96 step= 310400 ep_ret=-60.366 opt_ret=-60.366 step_rew=-0.6037 opt_step=-0.6037 gap0=60.366 dret=+16.010 eval_ret=n/a pursuer_target_distance=5.083 capture=0.000 score=0.000 pol=-0.0022 val=0.0635 ent=1.4481 tot=+0.0150 agnorm=0.067 cgnorm=0.130 kl=0.0029 clipf=0.023 ev=+0.587 r0=1.0000 entcoef=1.00e-02 lr=5.9e-04 seed=9
iter=  97 step= 313600 ep_ret=-65.253 opt_ret=-65.253 step_rew=-0.6525 opt_step=-0.6525 gap0=65.253 dret=+11.122 eval_ret=n/a pursuer_target_distance=5.073 capture=0.000 score=0.000 pol=-0.0026 val=0.0731 ent=1.4247 tot=+0.0197 agnorm=0.086 cgnorm=0.138 kl=0.0036 clipf=0.038 ev=+0.448 r0=1.0000 entcoef=1.00e-02 lr=5.9e-04 seed=9
iter=  98 step= 316800 ep_ret=-50.313 opt_ret=-50.313 step_rew=-0.5031 opt_step=-0.5031 gap0=50.313 dret=+26.063 eval_ret=n/a pursuer_target_distance=4.186 capture=0.000 score=0.000 pol=-0.0022 val=0.0829 ent=1.4352 tot=+0.0249 agnorm=0.071 cgnorm=0.134 kl=0.0031 clipf=0.023 ev=+0.418 r0=1.0000 entcoef=1.00e-02 lr=5.9e-04 seed=9
iter=  99 step= 320000 ep_ret=-53.533 opt_ret=-53.533 step_rew=-0.5353 opt_step=-0.5353 gap0=53.533 dret=+22.843 eval_ret=n/a pursuer_target_distance=4.090 capture=0.006 score=0.001 pol=-0.0020 val=0.2361 ent=1.4368 tot=+0.1016 agnorm=0.063 cgnorm=0.181 kl=0.0034 clipf=0.034 ev=+0.159 r0=1.0000 entcoef=1.00e-02 lr=5.9e-04 seed=9
iter= 100 step= 323200 ep_ret=-34.684 opt_ret=-34.684 step_rew=-0.3468 opt_step=-0.3468 gap0=34.684 dret=+41.692 eval_ret=-31.575 pursuer_target_distance=3.927 capture=0.008 score=0.002 pol=-0.0009 val=0.3179 ent=1.4419 tot=+0.1436 agnorm=0.044 cgnorm=0.176 kl=0.0024 clipf=0.021 ev=+0.141 r0=1.0000 entcoef=1.00e-02 lr=5.9e-04 seed=9
iter= 101 step= 326400 ep_ret=-49.014 opt_ret=-49.014 step_rew=-0.4901 opt_step=-0.4901 gap0=49.014 dret=+27.361 eval_ret=n/a pursuer_target_distance=3.979 capture=0.001 score=0.000 pol=-0.0019 val=0.0715 ent=1.4342 tot=+0.0196 agnorm=0.059 cgnorm=0.105 kl=0.0019 clipf=0.017 ev=+0.481 r0=1.0000 entcoef=1.00e-02 lr=5.9e-04 seed=9
iter= 102 step= 329600 ep_ret=-47.483 opt_ret=-47.483 step_rew=-0.4748 opt_step=-0.4748 gap0=47.483 dret=+28.892 eval_ret=n/a pursuer_target_distance=4.150 capture=0.000 score=0.000 pol=-0.0027 val=0.0613 ent=1.4573 tot=+0.0133 agnorm=0.076 cgnorm=0.136 kl=0.0029 clipf=0.024 ev=+0.345 r0=1.0000 entcoef=1.00e-02 lr=5.9e-04 seed=9
iter= 103 step= 332800 ep_ret=-51.566 opt_ret=-51.566 step_rew=-0.5157 opt_step=-0.5157 gap0=51.566 dret=+24.810 eval_ret=n/a pursuer_target_distance=4.326 capture=0.000 score=0.000 pol=-0.0018 val=0.0751 ent=1.4530 tot=+0.0212 agnorm=0.062 cgnorm=0.129 kl=0.0020 clipf=0.015 ev=+0.417 r0=1.0000 entcoef=1.00e-02 lr=5.9e-04 seed=9
iter= 104 step= 336000 ep_ret=-44.029 opt_ret=-44.029 step_rew=-0.4403 opt_step=-0.4403 gap0=44.029 dret=+32.346 eval_ret=n/a pursuer_target_distance=3.867 capture=0.005 score=0.001 pol=-0.0019 val=0.1405 ent=1.4389 tot=+0.0540 agnorm=0.070 cgnorm=0.138 kl=0.0022 clipf=0.019 ev=+0.262 r0=1.0000 entcoef=1.00e-02 lr=5.9e-04 seed=9
iter= 105 step= 339200 ep_ret=-38.932 opt_ret=-38.932 step_rew=-0.3893 opt_step=-0.3893 gap0=38.932 dret=+37.444 eval_ret=n/a pursuer_target_distance=3.122 capture=0.000 score=0.000 pol=-0.0025 val=0.0534 ent=1.4475 tot=+0.0097 agnorm=0.067 cgnorm=0.119 kl=0.0023 clipf=0.020 ev=+0.624 r0=1.0000 entcoef=1.00e-02 lr=5.8e-04 seed=9
iter= 106 step= 342400 ep_ret=-41.929 opt_ret=-41.929 step_rew=-0.4193 opt_step=-0.4193 gap0=41.929 dret=+34.446 eval_ret=n/a pursuer_target_distance=4.334 capture=0.012 score=0.002 pol=-0.0013 val=0.5480 ent=1.4392 tot=+0.2583 agnorm=0.061 cgnorm=0.206 kl=0.0018 clipf=0.012 ev=+0.109 r0=1.0000 entcoef=1.00e-02 lr=5.8e-04 seed=9
iter= 107 step= 345600 ep_ret=-48.082 opt_ret=-48.082 step_rew=-0.4808 opt_step=-0.4808 gap0=48.082 dret=+28.294 eval_ret=n/a pursuer_target_distance=4.009 capture=0.000 score=0.000 pol=-0.0020 val=0.0736 ent=1.4408 tot=+0.0204 agnorm=0.058 cgnorm=0.146 kl=0.0023 clipf=0.025 ev=+0.398 r0=1.0000 entcoef=1.00e-02 lr=5.8e-04 seed=9
iter= 108 step= 348800 ep_ret=-53.053 opt_ret=-53.053 step_rew=-0.5305 opt_step=-0.5305 gap0=53.053 dret=+23.323 eval_ret=n/a pursuer_target_distance=4.626 capture=0.000 score=0.000 pol=-0.0022 val=0.0754 ent=1.4111 tot=+0.0214 agnorm=0.065 cgnorm=0.138 kl=0.0027 clipf=0.025 ev=+0.618 r0=1.0000 entcoef=1.00e-02 lr=5.8e-04 seed=9
iter= 109 step= 352000 ep_ret=-37.598 opt_ret=-37.598 step_rew=-0.3760 opt_step=-0.3760 gap0=37.598 dret=+38.778 eval_ret=n/a pursuer_target_distance=3.742 capture=0.010 score=0.002 pol=-0.0021 val=0.2272 ent=1.4139 tot=+0.0973 agnorm=0.087 cgnorm=0.186 kl=0.0029 clipf=0.025 ev=+0.335 r0=1.0000 entcoef=1.00e-02 lr=5.8e-04 seed=9
iter= 110 step= 355200 ep_ret=-49.363 opt_ret=-49.363 step_rew=-0.4936 opt_step=-0.4936 gap0=49.363 dret=+27.012 eval_ret=n/a pursuer_target_distance=4.498 capture=0.001 score=0.000 pol=-0.0024 val=0.0843 ent=1.3954 tot=+0.0258 agnorm=0.076 cgnorm=0.137 kl=0.0030 clipf=0.033 ev=+0.532 r0=1.0000 entcoef=1.00e-02 lr=5.8e-04 seed=9
iter= 111 step= 358400 ep_ret=-41.074 opt_ret=-41.074 step_rew=-0.4107 opt_step=-0.4107 gap0=41.074 dret=+35.301 eval_ret=n/a pursuer_target_distance=3.549 capture=0.002 score=0.000 pol=-0.0017 val=0.0798 ent=1.3912 tot=+0.0243 agnorm=0.055 cgnorm=0.133 kl=0.0020 clipf=0.016 ev=+0.528 r0=1.0000 entcoef=1.00e-02 lr=5.8e-04 seed=9
iter= 112 step= 361600 ep_ret=-47.902 opt_ret=-47.902 step_rew=-0.4790 opt_step=-0.4790 gap0=47.902 dret=+28.474 eval_ret=n/a pursuer_target_distance=4.372 capture=0.000 score=0.000 pol=-0.0028 val=0.0501 ent=1.3750 tot=+0.0085 agnorm=0.078 cgnorm=0.113 kl=0.0027 clipf=0.025 ev=+0.516 r0=1.0000 entcoef=1.00e-02 lr=5.8e-04 seed=9
iter= 113 step= 364800 ep_ret=-12.052 opt_ret=-12.052 step_rew=-0.1205 opt_step=-0.1205 gap0=12.052 dret=+64.324 eval_ret=n/a pursuer_target_distance=3.115 capture=0.027 score=0.007 pol=-0.0016 val=1.6187 ent=1.4000 tot=+0.7938 agnorm=0.074 cgnorm=0.322 kl=0.0030 clipf=0.028 ev=-0.139 r0=1.0000 entcoef=1.00e-02 lr=5.8e-04 seed=9
iter= 114 step= 368000 ep_ret=-50.515 opt_ret=-50.515 step_rew=-0.5052 opt_step=-0.5052 gap0=50.515 dret=+25.860 eval_ret=n/a pursuer_target_distance=4.459 capture=0.003 score=0.000 pol=-0.0024 val=0.0980 ent=1.4073 tot=+0.0325 agnorm=0.083 cgnorm=0.125 kl=0.0028 clipf=0.024 ev=+0.518 r0=1.0000 entcoef=1.00e-02 lr=5.7e-04 seed=9
iter= 115 step= 371200 ep_ret=-43.666 opt_ret=-43.666 step_rew=-0.4367 opt_step=-0.4367 gap0=43.666 dret=+32.710 eval_ret=n/a pursuer_target_distance=3.715 capture=0.006 score=0.001 pol=-0.0021 val=0.2088 ent=1.3922 tot=+0.0884 agnorm=0.062 cgnorm=0.167 kl=0.0035 clipf=0.036 ev=+0.167 r0=1.0000 entcoef=1.00e-02 lr=5.7e-04 seed=9
iter= 116 step= 374400 ep_ret=-46.316 opt_ret=-46.316 step_rew=-0.4632 opt_step=-0.4632 gap0=46.316 dret=+30.060 eval_ret=n/a pursuer_target_distance=3.986 capture=0.004 score=0.001 pol=-0.0022 val=0.1753 ent=1.4035 tot=+0.0714 agnorm=0.081 cgnorm=0.158 kl=0.0026 clipf=0.024 ev=+0.420 r0=1.0000 entcoef=1.00e-02 lr=5.7e-04 seed=9
iter= 117 step= 377600 ep_ret=-48.608 opt_ret=-48.608 step_rew=-0.4861 opt_step=-0.4861 gap0=48.608 dret=+27.767 eval_ret=n/a pursuer_target_distance=4.027 capture=0.002 score=0.000 pol=-0.0013 val=0.1229 ent=1.4160 tot=+0.0460 agnorm=0.050 cgnorm=0.148 kl=0.0020 clipf=0.013 ev=+0.399 r0=1.0000 entcoef=1.00e-02 lr=5.7e-04 seed=9
iter= 118 step= 380800 ep_ret=-40.720 opt_ret=-40.720 step_rew=-0.4072 opt_step=-0.4072 gap0=40.720 dret=+35.656 eval_ret=n/a pursuer_target_distance=4.177 capture=0.011 score=0.002 pol=-0.0017 val=0.4206 ent=1.3949 tot=+0.1946 agnorm=0.091 cgnorm=0.191 kl=0.0029 clipf=0.027 ev=+0.088 r0=1.0000 entcoef=1.00e-02 lr=5.7e-04 seed=9
iter= 119 step= 384000 ep_ret=-57.488 opt_ret=-57.488 step_rew=-0.5749 opt_step=-0.5749 gap0=57.488 dret=+18.888 eval_ret=n/a pursuer_target_distance=4.087 capture=0.000 score=0.000 pol=-0.0026 val=0.0988 ent=1.4146 tot=+0.0327 agnorm=0.071 cgnorm=0.150 kl=0.0035 clipf=0.038 ev=+0.380 r0=1.0000 entcoef=1.00e-02 lr=5.7e-04 seed=9
iter= 120 step= 387200 ep_ret=-46.342 opt_ret=-46.342 step_rew=-0.4634 opt_step=-0.4634 gap0=46.342 dret=+30.033 eval_ret=-19.907 pursuer_target_distance=4.230 capture=0.002 score=0.000 pol=-0.0019 val=0.0874 ent=1.3949 tot=+0.0278 agnorm=0.063 cgnorm=0.107 kl=0.0029 clipf=0.025 ev=+0.413 r0=1.0000 entcoef=1.00e-02 lr=5.7e-04 seed=9
iter= 121 step= 390400 ep_ret=-51.703 opt_ret=-51.703 step_rew=-0.5170 opt_step=-0.5170 gap0=51.703 dret=+24.673 eval_ret=n/a pursuer_target_distance=4.467 capture=0.000 score=0.000 pol=-0.0029 val=0.0739 ent=1.4062 tot=+0.0200 agnorm=0.093 cgnorm=0.123 kl=0.0029 clipf=0.027 ev=+0.405 r0=1.0000 entcoef=1.00e-02 lr=5.7e-04 seed=9
iter= 122 step= 393600 ep_ret=-45.691 opt_ret=-45.691 step_rew=-0.4569 opt_step=-0.4569 gap0=45.691 dret=+30.685 eval_ret=n/a pursuer_target_distance=4.138 capture=0.000 score=0.000 pol=-0.0034 val=0.0634 ent=1.4104 tot=+0.0142 agnorm=0.101 cgnorm=0.118 kl=0.0041 clipf=0.046 ev=+0.315 r0=1.0000 entcoef=1.00e-02 lr=5.7e-04 seed=9
iter= 123 step= 396800 ep_ret=-45.204 opt_ret=-45.204 step_rew=-0.4520 opt_step=-0.4520 gap0=45.204 dret=+31.171 eval_ret=n/a pursuer_target_distance=3.739 capture=0.000 score=0.000 pol=-0.0022 val=0.0579 ent=1.4288 tot=+0.0125 agnorm=0.065 cgnorm=0.096 kl=0.0023 clipf=0.020 ev=+0.549 r0=1.0000 entcoef=1.00e-02 lr=5.6e-04 seed=9
iter= 124 step= 400000 ep_ret=-44.662 opt_ret=-44.662 step_rew=-0.4466 opt_step=-0.4466 gap0=44.662 dret=+31.714 eval_ret=n/a pursuer_target_distance=3.817 capture=0.000 score=0.000 pol=-0.0024 val=0.0594 ent=1.4062 tot=+0.0132 agnorm=0.073 cgnorm=0.093 kl=0.0034 clipf=0.036 ev=+0.369 r0=1.0000 entcoef=1.00e-02 lr=5.6e-04 seed=9
iter= 125 step= 403200 ep_ret=-55.864 opt_ret=-55.864 step_rew=-0.5586 opt_step=-0.5586 gap0=55.864 dret=+20.511 eval_ret=n/a pursuer_target_distance=4.660 capture=0.000 score=0.000 pol=-0.0025 val=0.0982 ent=1.4022 tot=+0.0325 agnorm=0.063 cgnorm=0.115 kl=0.0027 clipf=0.027 ev=+0.133 r0=1.0000 entcoef=1.00e-02 lr=5.6e-04 seed=9
iter= 126 step= 406400 ep_ret=-54.847 opt_ret=-54.847 step_rew=-0.5485 opt_step=-0.5485 gap0=54.847 dret=+21.528 eval_ret=n/a pursuer_target_distance=4.780 capture=0.000 score=0.000 pol=-0.0020 val=0.0782 ent=1.4500 tot=+0.0227 agnorm=0.066 cgnorm=0.132 kl=0.0022 clipf=0.016 ev=+0.320 r0=1.0000 entcoef=1.00e-02 lr=5.6e-04 seed=9
iter= 127 step= 409600 ep_ret=-34.370 opt_ret=-34.370 step_rew=-0.3437 opt_step=-0.3437 gap0=34.370 dret=+42.006 eval_ret=n/a pursuer_target_distance=3.150 capture=0.000 score=0.000 pol=-0.0033 val=0.0623 ent=1.4147 tot=+0.0137 agnorm=0.100 cgnorm=0.114 kl=0.0038 clipf=0.048 ev=+0.230 r0=1.0000 entcoef=1.00e-02 lr=5.6e-04 seed=9
iter= 128 step= 412800 ep_ret=-52.317 opt_ret=-52.317 step_rew=-0.5232 opt_step=-0.5232 gap0=52.317 dret=+24.058 eval_ret=n/a pursuer_target_distance=4.186 capture=0.000 score=0.000 pol=-0.0021 val=0.0600 ent=1.4133 tot=+0.0137 agnorm=0.062 cgnorm=0.102 kl=0.0023 clipf=0.017 ev=+0.447 r0=1.0000 entcoef=1.00e-02 lr=5.6e-04 seed=9
iter= 129 step= 416000 ep_ret=-47.084 opt_ret=-47.084 step_rew=-0.4708 opt_step=-0.4708 gap0=47.084 dret=+29.292 eval_ret=n/a pursuer_target_distance=3.618 capture=0.000 score=0.000 pol=-0.0025 val=0.0689 ent=1.4133 tot=+0.0179 agnorm=0.087 cgnorm=0.103 kl=0.0031 clipf=0.034 ev=+0.273 r0=1.0000 entcoef=1.00e-02 lr=5.6e-04 seed=9
iter= 130 step= 419200 ep_ret=-47.879 opt_ret=-47.879 step_rew=-0.4788 opt_step=-0.4788 gap0=47.879 dret=+28.496 eval_ret=n/a pursuer_target_distance=4.205 capture=0.000 score=0.000 pol=-0.0031 val=0.0651 ent=1.3976 tot=+0.0155 agnorm=0.079 cgnorm=0.111 kl=0.0040 clipf=0.037 ev=+0.610 r0=1.0000 entcoef=1.00e-02 lr=5.6e-04 seed=9
iter= 131 step= 422400 ep_ret=-48.702 opt_ret=-48.702 step_rew=-0.4870 opt_step=-0.4870 gap0=48.702 dret=+27.674 eval_ret=n/a pursuer_target_distance=3.569 capture=0.000 score=0.000 pol=-0.0022 val=0.0782 ent=1.3956 tot=+0.0229 agnorm=0.076 cgnorm=0.158 kl=0.0024 clipf=0.021 ev=+0.364 r0=1.0000 entcoef=1.00e-02 lr=5.6e-04 seed=9
iter= 132 step= 425600 ep_ret=-33.670 opt_ret=-33.670 step_rew=-0.3367 opt_step=-0.3367 gap0=33.670 dret=+42.706 eval_ret=n/a pursuer_target_distance=4.317 capture=0.017 score=0.003 pol=-0.0019 val=0.7207 ent=1.3838 tot=+0.3446 agnorm=0.061 cgnorm=0.235 kl=0.0017 clipf=0.012 ev=+0.076 r0=1.0000 entcoef=1.00e-02 lr=5.5e-04 seed=9
iter= 133 step= 428800 ep_ret=-47.238 opt_ret=-47.238 step_rew=-0.4724 opt_step=-0.4724 gap0=47.238 dret=+29.138 eval_ret=n/a pursuer_target_distance=3.868 capture=0.002 score=0.000 pol=-0.0016 val=0.0894 ent=1.3588 tot=+0.0295 agnorm=0.121 cgnorm=0.134 kl=0.0021 clipf=0.016 ev=+0.585 r0=1.0000 entcoef=1.00e-02 lr=5.5e-04 seed=9
iter= 134 step= 432000 ep_ret=-57.274 opt_ret=-57.274 step_rew=-0.5727 opt_step=-0.5727 gap0=57.274 dret=+19.102 eval_ret=n/a pursuer_target_distance=4.389 capture=0.004 score=0.001 pol=-0.0020 val=0.1719 ent=1.3506 tot=+0.0704 agnorm=0.079 cgnorm=0.157 kl=0.0029 clipf=0.025 ev=+0.372 r0=1.0000 entcoef=1.00e-02 lr=5.5e-04 seed=9
iter= 135 step= 435200 ep_ret=-41.486 opt_ret=-41.486 step_rew=-0.4149 opt_step=-0.4149 gap0=41.486 dret=+34.890 eval_ret=n/a pursuer_target_distance=4.106 capture=0.006 score=0.001 pol=-0.0014 val=0.2126 ent=1.3618 tot=+0.0913 agnorm=0.061 cgnorm=0.153 kl=0.0027 clipf=0.021 ev=+0.428 r0=1.0000 entcoef=1.00e-02 lr=5.5e-04 seed=9
iter= 136 step= 438400 ep_ret=-34.913 opt_ret=-34.913 step_rew=-0.3491 opt_step=-0.3491 gap0=34.913 dret=+41.463 eval_ret=n/a pursuer_target_distance=3.253 capture=0.007 score=0.002 pol=-0.0032 val=0.3062 ent=1.3876 tot=+0.1360 agnorm=0.091 cgnorm=0.184 kl=0.0036 clipf=0.037 ev=+0.396 r0=1.0000 entcoef=1.00e-02 lr=5.5e-04 seed=9
iter= 137 step= 441600 ep_ret=-44.405 opt_ret=-44.405 step_rew=-0.4441 opt_step=-0.4441 gap0=44.405 dret=+31.970 eval_ret=n/a pursuer_target_distance=4.081 capture=0.000 score=0.000 pol=-0.0039 val=0.0503 ent=1.3954 tot=+0.0073 agnorm=0.102 cgnorm=0.102 kl=0.0042 clipf=0.050 ev=+0.726 r0=1.0000 entcoef=1.00e-02 lr=5.5e-04 seed=9
iter= 138 step= 444800 ep_ret=-53.893 opt_ret=-53.893 step_rew=-0.5389 opt_step=-0.5389 gap0=53.893 dret=+22.482 eval_ret=n/a pursuer_target_distance=4.693 capture=0.000 score=0.000 pol=-0.0019 val=0.0984 ent=1.3995 tot=+0.0333 agnorm=0.062 cgnorm=0.146 kl=0.0020 clipf=0.014 ev=+0.537 r0=1.0000 entcoef=1.00e-02 lr=5.5e-04 seed=9
iter= 139 step= 448000 ep_ret=-45.955 opt_ret=-45.955 step_rew=-0.4596 opt_step=-0.4596 gap0=45.955 dret=+30.420 eval_ret=n/a pursuer_target_distance=4.131 capture=0.000 score=0.000 pol=-0.0021 val=0.0484 ent=1.4044 tot=+0.0081 agnorm=0.072 cgnorm=0.110 kl=0.0028 clipf=0.030 ev=+0.720 r0=1.0000 entcoef=1.00e-02 lr=5.5e-04 seed=9
iter= 140 step= 451200 ep_ret=-44.017 opt_ret=-44.017 step_rew=-0.4402 opt_step=-0.4402 gap0=44.017 dret=+32.358 eval_ret=-23.207 pursuer_target_distance=4.091 capture=0.005 score=0.001 pol=-0.0016 val=0.1605 ent=1.3848 tot=+0.0648 agnorm=0.063 cgnorm=0.157 kl=0.0021 clipf=0.012 ev=+0.374 r0=1.0000 entcoef=1.00e-02 lr=5.5e-04 seed=9
iter= 141 step= 454400 ep_ret=-53.362 opt_ret=-53.362 step_rew=-0.5336 opt_step=-0.5336 gap0=53.362 dret=+23.014 eval_ret=n/a pursuer_target_distance=4.296 capture=0.000 score=0.000 pol=-0.0022 val=0.0796 ent=1.3874 tot=+0.0237 agnorm=0.087 cgnorm=0.130 kl=0.0026 clipf=0.027 ev=+0.596 r0=1.0000 entcoef=1.00e-02 lr=5.4e-04 seed=9
iter= 142 step= 457600 ep_ret=-48.574 opt_ret=-48.574 step_rew=-0.4857 opt_step=-0.4857 gap0=48.574 dret=+27.802 eval_ret=n/a pursuer_target_distance=4.121 capture=0.000 score=0.000 pol=-0.0017 val=0.0579 ent=1.3904 tot=+0.0133 agnorm=0.056 cgnorm=0.115 kl=0.0023 clipf=0.016 ev=+0.613 r0=1.0000 entcoef=1.00e-02 lr=5.4e-04 seed=9
iter= 143 step= 460800 ep_ret=-54.398 opt_ret=-54.398 step_rew=-0.5440 opt_step=-0.5440 gap0=54.398 dret=+21.977 eval_ret=n/a pursuer_target_distance=5.095 capture=0.007 score=0.001 pol=-0.0028 val=0.3771 ent=1.4137 tot=+0.1716 agnorm=0.071 cgnorm=0.233 kl=0.0028 clipf=0.030 ev=+0.282 r0=1.0000 entcoef=1.00e-02 lr=5.4e-04 seed=9
iter= 144 step= 464000 ep_ret=-39.102 opt_ret=-39.102 step_rew=-0.3910 opt_step=-0.3910 gap0=39.102 dret=+37.273 eval_ret=n/a pursuer_target_distance=3.578 capture=0.010 score=0.002 pol=-0.0017 val=0.4762 ent=1.4357 tot=+0.2220 agnorm=0.072 cgnorm=0.229 kl=0.0019 clipf=0.014 ev=+0.163 r0=1.0000 entcoef=1.00e-02 lr=5.4e-04 seed=9
iter= 145 step= 467200 ep_ret=-30.481 opt_ret=-30.481 step_rew=-0.3048 opt_step=-0.3048 gap0=30.481 dret=+45.895 eval_ret=n/a pursuer_target_distance=3.825 capture=0.013 score=0.003 pol=-0.0018 val=0.4005 ent=1.4320 tot=+0.1841 agnorm=0.068 cgnorm=0.202 kl=0.0014 clipf=0.007 ev=+0.237 r0=1.0000 entcoef=1.00e-02 lr=5.4e-04 seed=9
iter= 146 step= 470400 ep_ret=-54.422 opt_ret=-54.422 step_rew=-0.5442 opt_step=-0.5442 gap0=54.422 dret=+21.954 eval_ret=n/a pursuer_target_distance=4.301 capture=0.000 score=0.000 pol=-0.0015 val=0.0607 ent=1.4265 tot=+0.0146 agnorm=0.048 cgnorm=0.144 kl=0.0013 clipf=0.007 ev=+0.537 r0=1.0000 entcoef=1.00e-02 lr=5.4e-04 seed=9
iter= 147 step= 473600 ep_ret=-49.890 opt_ret=-49.890 step_rew=-0.4989 opt_step=-0.4989 gap0=49.890 dret=+26.486 eval_ret=n/a pursuer_target_distance=3.616 capture=0.000 score=0.000 pol=-0.0028 val=0.0614 ent=1.4220 tot=+0.0136 agnorm=0.088 cgnorm=0.134 kl=0.0026 clipf=0.023 ev=+0.523 r0=1.0000 entcoef=1.00e-02 lr=5.4e-04 seed=9
iter= 148 step= 476800 ep_ret=-43.655 opt_ret=-43.655 step_rew=-0.4366 opt_step=-0.4366 gap0=43.655 dret=+32.720 eval_ret=n/a pursuer_target_distance=3.849 capture=0.004 score=0.001 pol=-0.0023 val=0.1649 ent=1.4099 tot=+0.0660 agnorm=0.070 cgnorm=0.181 kl=0.0042 clipf=0.039 ev=+0.471 r0=1.0000 entcoef=1.00e-02 lr=5.4e-04 seed=9
iter= 149 step= 480000 ep_ret=-55.156 opt_ret=-55.156 step_rew=-0.5516 opt_step=-0.5516 gap0=55.156 dret=+21.220 eval_ret=n/a pursuer_target_distance=4.552 capture=0.002 score=0.000 pol=-0.0020 val=0.1362 ent=1.3918 tot=+0.0522 agnorm=0.074 cgnorm=0.172 kl=0.0023 clipf=0.020 ev=+0.388 r0=1.0000 entcoef=1.00e-02 lr=5.4e-04 seed=9
iter= 150 step= 483200 ep_ret=-46.216 opt_ret=-46.216 step_rew=-0.4622 opt_step=-0.4622 gap0=46.216 dret=+30.160 eval_ret=n/a pursuer_target_distance=4.254 capture=0.003 score=0.001 pol=-0.0022 val=0.1026 ent=1.4007 tot=+0.0351 agnorm=0.077 cgnorm=0.139 kl=0.0033 clipf=0.037 ev=+0.483 r0=1.0000 entcoef=1.00e-02 lr=5.3e-04 seed=9
iter= 151 step= 486400 ep_ret=-39.980 opt_ret=-39.980 step_rew=-0.3998 opt_step=-0.3998 gap0=39.980 dret=+36.395 eval_ret=n/a pursuer_target_distance=4.449 capture=0.014 score=0.003 pol=-0.0013 val=0.7982 ent=1.3998 tot=+0.3838 agnorm=0.050 cgnorm=0.287 kl=0.0017 clipf=0.014 ev=+0.119 r0=1.0000 entcoef=1.00e-02 lr=5.3e-04 seed=9
iter= 152 step= 489600 ep_ret=-22.763 opt_ret=-22.763 step_rew=-0.2276 opt_step=-0.2276 gap0=22.763 dret=+53.613 eval_ret=n/a pursuer_target_distance=4.318 capture=0.029 score=0.006 pol=-0.0014 val=1.8020 ent=1.3779 tot=+0.8858 agnorm=0.066 cgnorm=0.305 kl=0.0017 clipf=0.008 ev=+0.003 r0=1.0000 entcoef=1.00e-02 lr=5.3e-04 seed=9
iter= 153 step= 492800 ep_ret=-38.187 opt_ret=-38.187 step_rew=-0.3819 opt_step=-0.3819 gap0=38.187 dret=+38.189 eval_ret=n/a pursuer_target_distance=3.033 capture=0.001 score=0.000 pol=-0.0021 val=0.0690 ent=1.3599 tot=+0.0188 agnorm=0.077 cgnorm=0.156 kl=0.0018 clipf=0.014 ev=+0.511 r0=1.0000 entcoef=1.00e-02 lr=5.3e-04 seed=9
iter= 154 step= 496000 ep_ret=-38.258 opt_ret=-38.258 step_rew=-0.3826 opt_step=-0.3826 gap0=38.258 dret=+38.117 eval_ret=n/a pursuer_target_distance=3.675 capture=0.006 score=0.001 pol=-0.0017 val=0.2551 ent=1.3514 tot=+0.1124 agnorm=0.083 cgnorm=0.184 kl=0.0019 clipf=0.014 ev=+0.238 r0=1.0000 entcoef=1.00e-02 lr=5.3e-04 seed=9
iter= 155 step= 499200 ep_ret=-47.203 opt_ret=-47.203 step_rew=-0.4720 opt_step=-0.4720 gap0=47.203 dret=+29.173 eval_ret=n/a pursuer_target_distance=4.013 capture=0.000 score=0.000 pol=-0.0018 val=0.0917 ent=1.3505 tot=+0.0305 agnorm=0.062 cgnorm=0.171 kl=0.0030 clipf=0.028 ev=+0.390 r0=1.0000 entcoef=1.00e-02 lr=5.3e-04 seed=9
iter= 156 step= 502400 ep_ret=-36.492 opt_ret=-36.492 step_rew=-0.3649 opt_step=-0.3649 gap0=36.492 dret=+39.883 eval_ret=n/a pursuer_target_distance=3.248 capture=0.000 score=0.000 pol=-0.0021 val=0.0422 ent=1.3612 tot=+0.0054 agnorm=0.065 cgnorm=0.136 kl=0.0024 clipf=0.018 ev=+0.745 r0=1.0000 entcoef=1.00e-02 lr=5.3e-04 seed=9
iter= 157 step= 505600 ep_ret=-49.364 opt_ret=-49.364 step_rew=-0.4936 opt_step=-0.4936 gap0=49.364 dret=+27.011 eval_ret=n/a pursuer_target_distance=4.210 capture=0.000 score=0.000 pol=-0.0023 val=0.0684 ent=1.3394 tot=+0.0185 agnorm=0.069 cgnorm=0.156 kl=0.0027 clipf=0.023 ev=+0.617 r0=1.0000 entcoef=1.00e-02 lr=5.3e-04 seed=9
iter= 158 step= 508800 ep_ret=-31.504 opt_ret=-31.504 step_rew=-0.3150 opt_step=-0.3150 gap0=31.504 dret=+44.872 eval_ret=n/a pursuer_target_distance=3.543 capture=0.009 score=0.002 pol=-0.0012 val=0.2788 ent=1.3536 tot=+0.1246 agnorm=0.061 cgnorm=0.211 kl=0.0018 clipf=0.014 ev=+0.164 r0=1.0000 entcoef=1.00e-02 lr=5.3e-04 seed=9
iter= 159 step= 512000 ep_ret=-31.670 opt_ret=-31.670 step_rew=-0.3167 opt_step=-0.3167 gap0=31.670 dret=+44.706 eval_ret=n/a pursuer_target_distance=2.611 capture=0.000 score=0.000 pol=-0.0018 val=0.0356 ent=1.3748 tot=+0.0022 agnorm=0.066 cgnorm=0.132 kl=0.0017 clipf=0.014 ev=+0.735 r0=1.0000 entcoef=1.00e-02 lr=5.2e-04 seed=9
iter= 160 step= 515200 ep_ret=-32.991 opt_ret=-32.991 step_rew=-0.3299 opt_step=-0.3299 gap0=32.991 dret=+43.385 eval_ret=-23.620 pursuer_target_distance=3.485 capture=0.008 score=0.002 pol=-0.0023 val=0.3150 ent=1.3696 tot=+0.1415 agnorm=0.096 cgnorm=0.225 kl=0.0025 clipf=0.019 ev=+0.072 r0=1.0000 entcoef=1.00e-02 lr=5.2e-04 seed=9
iter= 161 step= 518400 ep_ret=-43.571 opt_ret=-43.571 step_rew=-0.4357 opt_step=-0.4357 gap0=43.571 dret=+32.804 eval_ret=n/a pursuer_target_distance=4.653 capture=0.008 score=0.001 pol=-0.0018 val=0.2983 ent=1.3435 tot=+0.1339 agnorm=0.071 cgnorm=0.262 kl=0.0027 clipf=0.024 ev=+0.395 r0=1.0000 entcoef=1.00e-02 lr=5.2e-04 seed=9
iter= 162 step= 521600 ep_ret=-43.171 opt_ret=-43.171 step_rew=-0.4317 opt_step=-0.4317 gap0=43.171 dret=+33.205 eval_ret=n/a pursuer_target_distance=3.096 capture=0.000 score=0.000 pol=-0.0021 val=0.0638 ent=1.3572 tot=+0.0162 agnorm=0.067 cgnorm=0.187 kl=0.0021 clipf=0.017 ev=+0.691 r0=1.0000 entcoef=1.00e-02 lr=5.2e-04 seed=9
iter= 163 step= 524800 ep_ret=-28.421 opt_ret=-28.421 step_rew=-0.2842 opt_step=-0.2842 gap0=28.421 dret=+47.955 eval_ret=n/a pursuer_target_distance=3.003 capture=0.010 score=0.002 pol=-0.0024 val=0.3123 ent=1.3537 tot=+0.1402 agnorm=0.117 cgnorm=0.257 kl=0.0034 clipf=0.040 ev=+0.202 r0=1.0000 entcoef=1.00e-02 lr=5.2e-04 seed=9
iter= 164 step= 528000 ep_ret=-47.764 opt_ret=-47.764 step_rew=-0.4776 opt_step=-0.4776 gap0=47.764 dret=+28.612 eval_ret=n/a pursuer_target_distance=3.900 capture=0.000 score=0.000 pol=-0.0023 val=0.0790 ent=1.3700 tot=+0.0236 agnorm=0.080 cgnorm=0.175 kl=0.0031 clipf=0.029 ev=+0.519 r0=1.0000 entcoef=1.00e-02 lr=5.2e-04 seed=9
iter= 165 step= 531200 ep_ret=-33.025 opt_ret=-33.025 step_rew=-0.3302 opt_step=-0.3302 gap0=33.025 dret=+43.351 eval_ret=n/a pursuer_target_distance=2.764 capture=0.000 score=0.000 pol=-0.0020 val=0.0470 ent=1.3287 tot=+0.0082 agnorm=0.066 cgnorm=0.142 kl=0.0021 clipf=0.021 ev=+0.656 r0=1.0000 entcoef=1.00e-02 lr=5.2e-04 seed=9
iter= 166 step= 534400 ep_ret=-44.981 opt_ret=-44.981 step_rew=-0.4498 opt_step=-0.4498 gap0=44.981 dret=+31.394 eval_ret=n/a pursuer_target_distance=3.564 capture=0.001 score=0.000 pol=-0.0025 val=0.0870 ent=1.2942 tot=+0.0281 agnorm=0.083 cgnorm=0.178 kl=0.0033 clipf=0.036 ev=+0.572 r0=1.0000 entcoef=1.00e-02 lr=5.2e-04 seed=9
iter= 167 step= 537600 ep_ret=-39.728 opt_ret=-39.728 step_rew=-0.3973 opt_step=-0.3973 gap0=39.728 dret=+36.647 eval_ret=n/a pursuer_target_distance=3.415 capture=0.000 score=0.000 pol=-0.0018 val=0.0557 ent=1.3114 tot=+0.0129 agnorm=0.074 cgnorm=0.156 kl=0.0021 clipf=0.020 ev=+0.752 r0=1.0000 entcoef=1.00e-02 lr=5.2e-04 seed=9
iter= 168 step= 540800 ep_ret=-41.623 opt_ret=-41.623 step_rew=-0.4162 opt_step=-0.4162 gap0=41.623 dret=+34.752 eval_ret=n/a pursuer_target_distance=3.838 capture=0.000 score=0.000 pol=-0.0019 val=0.0521 ent=1.3347 tot=+0.0108 agnorm=0.066 cgnorm=0.167 kl=0.0027 clipf=0.028 ev=+0.744 r0=1.0000 entcoef=1.00e-02 lr=5.1e-04 seed=9
iter= 169 step= 544000 ep_ret=-39.783 opt_ret=-39.783 step_rew=-0.3978 opt_step=-0.3978 gap0=39.783 dret=+36.593 eval_ret=n/a pursuer_target_distance=3.589 capture=0.004 score=0.001 pol=-0.0016 val=0.1706 ent=1.3314 tot=+0.0704 agnorm=0.068 cgnorm=0.188 kl=0.0020 clipf=0.016 ev=+0.396 r0=1.0000 entcoef=1.00e-02 lr=5.1e-04 seed=9
iter= 170 step= 547200 ep_ret=-38.159 opt_ret=-38.159 step_rew=-0.3816 opt_step=-0.3816 gap0=38.159 dret=+38.217 eval_ret=n/a pursuer_target_distance=4.403 capture=0.013 score=0.002 pol=-0.0025 val=0.6124 ent=1.3389 tot=+0.2903 agnorm=0.099 cgnorm=0.312 kl=0.0033 clipf=0.038 ev=+0.210 r0=1.0000 entcoef=1.00e-02 lr=5.1e-04 seed=9
iter= 171 step= 550400 ep_ret=-47.031 opt_ret=-47.031 step_rew=-0.4703 opt_step=-0.4703 gap0=47.031 dret=+29.344 eval_ret=n/a pursuer_target_distance=3.640 capture=0.000 score=0.000 pol=-0.0029 val=0.0549 ent=1.3504 tot=+0.0110 agnorm=0.106 cgnorm=0.151 kl=0.0040 clipf=0.048 ev=+0.778 r0=1.0000 entcoef=1.00e-02 lr=5.1e-04 seed=9
iter= 172 step= 553600 ep_ret=-51.736 opt_ret=-51.736 step_rew=-0.5174 opt_step=-0.5174 gap0=51.736 dret=+24.640 eval_ret=n/a pursuer_target_distance=4.415 capture=0.000 score=0.000 pol=-0.0017 val=0.0429 ent=1.3798 tot=+0.0060 agnorm=0.068 cgnorm=0.166 kl=0.0025 clipf=0.021 ev=+0.803 r0=1.0000 entcoef=1.00e-02 lr=5.1e-04 seed=9
iter= 173 step= 556800 ep_ret=-42.671 opt_ret=-42.671 step_rew=-0.4267 opt_step=-0.4267 gap0=42.671 dret=+33.704 eval_ret=n/a pursuer_target_distance=3.602 capture=0.000 score=0.000 pol=-0.0020 val=0.0440 ent=1.3789 tot=+0.0062 agnorm=0.069 cgnorm=0.185 kl=0.0021 clipf=0.013 ev=+0.740 r0=1.0000 entcoef=1.00e-02 lr=5.1e-04 seed=9
iter= 174 step= 560000 ep_ret=-46.371 opt_ret=-46.371 step_rew=-0.4637 opt_step=-0.4637 gap0=46.371 dret=+30.004 eval_ret=n/a pursuer_target_distance=3.979 capture=0.000 score=0.000 pol=-0.0022 val=0.0494 ent=1.3642 tot=+0.0089 agnorm=0.079 cgnorm=0.164 kl=0.0029 clipf=0.027 ev=+0.753 r0=1.0000 entcoef=1.00e-02 lr=5.1e-04 seed=9
iter= 175 step= 563200 ep_ret=-29.916 opt_ret=-29.916 step_rew=-0.2992 opt_step=-0.2992 gap0=29.916 dret=+46.460 eval_ret=n/a pursuer_target_distance=2.802 capture=0.002 score=0.000 pol=-0.0027 val=0.0466 ent=1.3316 tot=+0.0073 agnorm=0.089 cgnorm=0.154 kl=0.0032 clipf=0.033 ev=+0.775 r0=1.0000 entcoef=1.00e-02 lr=5.1e-04 seed=9
iter= 176 step= 566400 ep_ret=-27.581 opt_ret=-27.581 step_rew=-0.2758 opt_step=-0.2758 gap0=27.581 dret=+48.795 eval_ret=n/a pursuer_target_distance=2.521 capture=0.001 score=0.000 pol=-0.0025 val=0.0290 ent=1.3368 tot=-0.0014 agnorm=0.086 cgnorm=0.122 kl=0.0036 clipf=0.041 ev=+0.844 r0=1.0000 entcoef=1.00e-02 lr=5.1e-04 seed=9
iter= 177 step= 569600 ep_ret=-30.979 opt_ret=-30.979 step_rew=-0.3098 opt_step=-0.3098 gap0=30.979 dret=+45.396 eval_ret=n/a pursuer_target_distance=3.771 capture=0.014 score=0.003 pol=-0.0016 val=0.5418 ent=1.3338 tot=+0.2559 agnorm=0.088 cgnorm=0.307 kl=0.0031 clipf=0.032 ev=+0.332 r0=1.0000 entcoef=1.00e-02 lr=5.0e-04 seed=9
iter= 178 step= 572800 ep_ret=-49.782 opt_ret=-49.782 step_rew=-0.4978 opt_step=-0.4978 gap0=49.782 dret=+26.593 eval_ret=n/a pursuer_target_distance=3.912 capture=0.000 score=0.000 pol=-0.0021 val=0.0590 ent=1.3422 tot=+0.0139 agnorm=0.072 cgnorm=0.202 kl=0.0023 clipf=0.018 ev=+0.732 r0=1.0000 entcoef=1.00e-02 lr=5.0e-04 seed=9
iter= 179 step= 576000 ep_ret=-32.994 opt_ret=-32.994 step_rew=-0.3299 opt_step=-0.3299 gap0=32.994 dret=+43.381 eval_ret=n/a pursuer_target_distance=3.595 capture=0.007 score=0.001 pol=-0.0021 val=0.1445 ent=1.3419 tot=+0.0568 agnorm=0.095 cgnorm=0.213 kl=0.0042 clipf=0.048 ev=+0.597 r0=1.0000 entcoef=1.00e-02 lr=5.0e-04 seed=9
iter= 180 step= 579200 ep_ret=-45.689 opt_ret=-45.689 step_rew=-0.4569 opt_step=-0.4569 gap0=45.689 dret=+30.687 eval_ret=-20.962 pursuer_target_distance=4.161 capture=0.007 score=0.001 pol=-0.0025 val=0.3171 ent=1.3440 tot=+0.1426 agnorm=0.162 cgnorm=0.344 kl=0.0030 clipf=0.035 ev=+0.271 r0=1.0000 entcoef=1.00e-02 lr=5.0e-04 seed=9
iter= 181 step= 582400 ep_ret=-35.793 opt_ret=-35.793 step_rew=-0.3579 opt_step=-0.3579 gap0=35.793 dret=+40.582 eval_ret=n/a pursuer_target_distance=3.208 capture=0.000 score=0.000 pol=-0.0020 val=0.0395 ent=1.3296 tot=+0.0045 agnorm=0.077 cgnorm=0.150 kl=0.0020 clipf=0.016 ev=+0.735 r0=1.0000 entcoef=1.00e-02 lr=5.0e-04 seed=9
iter= 182 step= 585600 ep_ret=-39.585 opt_ret=-39.585 step_rew=-0.3959 opt_step=-0.3959 gap0=39.585 dret=+36.790 eval_ret=n/a pursuer_target_distance=4.681 capture=0.026 score=0.005 pol=-0.0018 val=1.1140 ent=1.3236 tot=+0.5419 agnorm=0.118 cgnorm=0.447 kl=0.0042 clipf=0.049 ev=+0.210 r0=1.0000 entcoef=1.00e-02 lr=5.0e-04 seed=9
iter= 183 step= 588800 ep_ret=-57.538 opt_ret=-57.538 step_rew=-0.5754 opt_step=-0.5754 gap0=57.538 dret=+18.838 eval_ret=n/a pursuer_target_distance=4.810 capture=0.000 score=0.000 pol=-0.0030 val=0.0699 ent=1.3388 tot=+0.0185 agnorm=0.084 cgnorm=0.200 kl=0.0036 clipf=0.030 ev=+0.784 r0=1.0000 entcoef=1.00e-02 lr=5.0e-04 seed=9
iter= 184 step= 592000 ep_ret=-50.934 opt_ret=-50.934 step_rew=-0.5093 opt_step=-0.5093 gap0=50.934 dret=+25.442 eval_ret=n/a pursuer_target_distance=4.142 capture=0.000 score=0.000 pol=-0.0022 val=0.0468 ent=1.3455 tot=+0.0078 agnorm=0.080 cgnorm=0.193 kl=0.0025 clipf=0.021 ev=+0.817 r0=1.0000 entcoef=1.00e-02 lr=5.0e-04 seed=9
iter= 185 step= 595200 ep_ret=-45.157 opt_ret=-45.157 step_rew=-0.4516 opt_step=-0.4516 gap0=45.157 dret=+31.219 eval_ret=n/a pursuer_target_distance=4.037 capture=0.006 score=0.001 pol=-0.0021 val=0.1264 ent=1.3117 tot=+0.0480 agnorm=0.074 cgnorm=0.218 kl=0.0026 clipf=0.025 ev=+0.707 r0=1.0000 entcoef=1.00e-02 lr=5.0e-04 seed=9
iter= 186 step= 598400 ep_ret=-44.133 opt_ret=-44.133 step_rew=-0.4413 opt_step=-0.4413 gap0=44.133 dret=+32.242 eval_ret=n/a pursuer_target_distance=3.539 capture=0.000 score=0.000 pol=-0.0025 val=0.0307 ent=1.3121 tot=-0.0003 agnorm=0.090 cgnorm=0.129 kl=0.0030 clipf=0.025 ev=+0.869 r0=1.0000 entcoef=1.00e-02 lr=4.9e-04 seed=9
iter= 187 step= 601600 ep_ret=-32.486 opt_ret=-32.486 step_rew=-0.3249 opt_step=-0.3249 gap0=32.486 dret=+43.890 eval_ret=n/a pursuer_target_distance=3.043 capture=0.007 score=0.002 pol=-0.0018 val=0.1441 ent=1.2986 tot=+0.0573 agnorm=0.084 cgnorm=0.220 kl=0.0037 clipf=0.045 ev=+0.690 r0=1.0000 entcoef=1.00e-02 lr=4.9e-04 seed=9
iter= 188 step= 604800 ep_ret=-29.534 opt_ret=-29.534 step_rew=-0.2953 opt_step=-0.2953 gap0=29.534 dret=+46.842 eval_ret=n/a pursuer_target_distance=3.348 capture=0.012 score=0.003 pol=-0.0029 val=0.3065 ent=1.2746 tot=+0.1376 agnorm=0.108 cgnorm=0.264 kl=0.0036 clipf=0.047 ev=+0.524 r0=1.0000 entcoef=1.00e-02 lr=4.9e-04 seed=9
iter= 189 step= 608000 ep_ret=-36.487 opt_ret=-36.487 step_rew=-0.3649 opt_step=-0.3649 gap0=36.487 dret=+39.888 eval_ret=n/a pursuer_target_distance=3.160 capture=0.000 score=0.000 pol=-0.0025 val=0.0335 ent=1.2993 tot=+0.0013 agnorm=0.101 cgnorm=0.179 kl=0.0030 clipf=0.025 ev=+0.858 r0=1.0000 entcoef=1.00e-02 lr=4.9e-04 seed=9
iter= 190 step= 611200 ep_ret=-51.869 opt_ret=-51.869 step_rew=-0.5187 opt_step=-0.5187 gap0=51.869 dret=+24.506 eval_ret=n/a pursuer_target_distance=3.651 capture=0.000 score=0.000 pol=-0.0020 val=0.0620 ent=1.2986 tot=+0.0160 agnorm=0.083 cgnorm=0.211 kl=0.0021 clipf=0.017 ev=+0.781 r0=1.0000 entcoef=1.00e-02 lr=4.9e-04 seed=9
iter= 191 step= 614400 ep_ret=-37.205 opt_ret=-37.205 step_rew=-0.3720 opt_step=-0.3720 gap0=37.205 dret=+39.171 eval_ret=n/a pursuer_target_distance=3.384 capture=0.003 score=0.001 pol=-0.0019 val=0.0740 ent=1.2973 tot=+0.0221 agnorm=0.118 cgnorm=0.151 kl=0.0031 clipf=0.026 ev=+0.784 r0=1.0000 entcoef=1.00e-02 lr=4.9e-04 seed=9
iter= 192 step= 617600 ep_ret=-41.270 opt_ret=-41.270 step_rew=-0.4127 opt_step=-0.4127 gap0=41.270 dret=+35.105 eval_ret=n/a pursuer_target_distance=3.883 capture=0.005 score=0.001 pol=-0.0018 val=0.1441 ent=1.3088 tot=+0.0572 agnorm=0.076 cgnorm=0.207 kl=0.0030 clipf=0.031 ev=+0.671 r0=1.0000 entcoef=1.00e-02 lr=4.9e-04 seed=9
iter= 193 step= 620800 ep_ret=-52.200 opt_ret=-52.200 step_rew=-0.5220 opt_step=-0.5220 gap0=52.200 dret=+24.175 eval_ret=n/a pursuer_target_distance=3.892 capture=0.000 score=0.000 pol=-0.0022 val=0.0536 ent=1.3171 tot=+0.0114 agnorm=0.092 cgnorm=0.218 kl=0.0028 clipf=0.027 ev=+0.844 r0=1.0000 entcoef=1.00e-02 lr=4.9e-04 seed=9
iter= 194 step= 624000 ep_ret=-38.936 opt_ret=-38.936 step_rew=-0.3894 opt_step=-0.3894 gap0=38.936 dret=+37.440 eval_ret=n/a pursuer_target_distance=3.263 capture=0.003 score=0.001 pol=-0.0023 val=0.0731 ent=1.3058 tot=+0.0211 agnorm=0.092 cgnorm=0.213 kl=0.0027 clipf=0.027 ev=+0.764 r0=1.0000 entcoef=1.00e-02 lr=4.9e-04 seed=9
iter= 195 step= 627200 ep_ret=-35.005 opt_ret=-35.005 step_rew=-0.3500 opt_step=-0.3500 gap0=35.005 dret=+41.371 eval_ret=n/a pursuer_target_distance=3.588 capture=0.003 score=0.001 pol=-0.0025 val=0.0741 ent=1.2882 tot=+0.0217 agnorm=0.111 cgnorm=0.171 kl=0.0040 clipf=0.046 ev=+0.793 r0=1.0000 entcoef=1.00e-02 lr=4.8e-04 seed=9
iter= 196 step= 630400 ep_ret=-27.625 opt_ret=-27.625 step_rew=-0.2763 opt_step=-0.2763 gap0=27.625 dret=+48.750 eval_ret=n/a pursuer_target_distance=3.942 capture=0.017 score=0.003 pol=-0.0019 val=0.6408 ent=1.2991 tot=+0.3055 agnorm=0.091 cgnorm=0.349 kl=0.0035 clipf=0.041 ev=+0.354 r0=1.0000 entcoef=1.00e-02 lr=4.8e-04 seed=9
iter= 197 step= 633600 ep_ret=-42.406 opt_ret=-42.406 step_rew=-0.4241 opt_step=-0.4241 gap0=42.406 dret=+33.970 eval_ret=n/a pursuer_target_distance=3.963 capture=0.004 score=0.001 pol=-0.0029 val=0.0892 ent=1.3150 tot=+0.0285 agnorm=0.092 cgnorm=0.214 kl=0.0033 clipf=0.035 ev=+0.796 r0=1.0000 entcoef=1.00e-02 lr=4.8e-04 seed=9
iter= 198 step= 636800 ep_ret=-40.099 opt_ret=-40.099 step_rew=-0.4010 opt_step=-0.4010 gap0=40.099 dret=+36.276 eval_ret=n/a pursuer_target_distance=3.603 capture=0.005 score=0.001 pol=-0.0027 val=0.1273 ent=1.3129 tot=+0.0479 agnorm=0.097 cgnorm=0.201 kl=0.0044 clipf=0.053 ev=+0.655 r0=1.0000 entcoef=1.00e-02 lr=4.8e-04 seed=9
iter= 199 step= 640000 ep_ret=-39.950 opt_ret=-39.950 step_rew=-0.3995 opt_step=-0.3995 gap0=39.950 dret=+36.425 eval_ret=n/a pursuer_target_distance=3.457 capture=0.000 score=0.000 pol=-0.0017 val=0.0246 ent=1.2895 tot=-0.0023 agnorm=0.066 cgnorm=0.144 kl=0.0019 clipf=0.014 ev=+0.899 r0=1.0000 entcoef=1.00e-02 lr=4.8e-04 seed=9
iter= 200 step= 643200 ep_ret=-26.676 opt_ret=-26.676 step_rew=-0.2668 opt_step=-0.2668 gap0=26.676 dret=+49.700 eval_ret=-21.344 pursuer_target_distance=2.436 capture=0.000 score=0.000 pol=-0.0022 val=0.0218 ent=1.3138 tot=-0.0044 agnorm=0.092 cgnorm=0.125 kl=0.0027 clipf=0.026 ev=+0.890 r0=1.0000 entcoef=1.00e-02 lr=4.8e-04 seed=9
iter= 201 step= 646400 ep_ret=-27.849 opt_ret=-27.849 step_rew=-0.2785 opt_step=-0.2785 gap0=27.849 dret=+48.526 eval_ret=n/a pursuer_target_distance=2.928 capture=0.010 score=0.003 pol=-0.0014 val=0.2962 ent=1.2869 tot=+0.1339 agnorm=0.100 cgnorm=0.392 kl=0.0026 clipf=0.020 ev=+0.422 r0=1.0000 entcoef=1.00e-02 lr=4.8e-04 seed=9
iter= 202 step= 649600 ep_ret=-12.078 opt_ret=-12.078 step_rew=-0.1208 opt_step=-0.1208 gap0=12.078 dret=+64.297 eval_ret=n/a pursuer_target_distance=2.918 capture=0.026 score=0.007 pol=-0.0016 val=0.7973 ent=1.2746 tot=+0.3843 agnorm=0.070 cgnorm=0.362 kl=0.0025 clipf=0.023 ev=+0.309 r0=1.0000 entcoef=1.00e-02 lr=4.8e-04 seed=9
iter= 203 step= 652800 ep_ret=-24.500 opt_ret=-24.500 step_rew=-0.2450 opt_step=-0.2450 gap0=24.500 dret=+51.875 eval_ret=n/a pursuer_target_distance=2.496 capture=0.005 score=0.001 pol=-0.0017 val=0.0933 ent=1.2894 tot=+0.0320 agnorm=0.068 cgnorm=0.176 kl=0.0026 clipf=0.027 ev=+0.702 r0=1.0000 entcoef=1.00e-02 lr=4.8e-04 seed=9
iter= 204 step= 656000 ep_ret=-31.929 opt_ret=-31.929 step_rew=-0.3193 opt_step=-0.3193 gap0=31.929 dret=+44.446 eval_ret=n/a pursuer_target_distance=3.212 capture=0.012 score=0.003 pol=-0.0025 val=0.2093 ent=1.2658 tot=+0.0895 agnorm=0.109 cgnorm=0.223 kl=0.0028 clipf=0.028 ev=+0.614 r0=1.0000 entcoef=1.00e-02 lr=4.7e-04 seed=9
iter= 205 step= 659200 ep_ret=-30.286 opt_ret=-30.286 step_rew=-0.3029 opt_step=-0.3029 gap0=30.286 dret=+46.089 eval_ret=n/a pursuer_target_distance=2.541 capture=0.007 score=0.002 pol=-0.0020 val=0.1602 ent=1.2570 tot=+0.0656 agnorm=0.080 cgnorm=0.195 kl=0.0027 clipf=0.028 ev=+0.648 r0=1.0000 entcoef=1.00e-02 lr=4.7e-04 seed=9
iter= 206 step= 662400 ep_ret=-30.553 opt_ret=-30.553 step_rew=-0.3055 opt_step=-0.3055 gap0=30.553 dret=+45.822 eval_ret=n/a pursuer_target_distance=3.137 capture=0.005 score=0.001 pol=-0.0024 val=0.0978 ent=1.2447 tot=+0.0341 agnorm=0.151 cgnorm=0.176 kl=0.0029 clipf=0.031 ev=+0.736 r0=1.0000 entcoef=1.00e-02 lr=4.7e-04 seed=9
iter= 207 step= 665600 ep_ret=-27.388 opt_ret=-27.388 step_rew=-0.2739 opt_step=-0.2739 gap0=27.388 dret=+48.988 eval_ret=n/a pursuer_target_distance=2.764 capture=0.003 score=0.001 pol=-0.0027 val=0.0374 ent=1.2550 tot=+0.0034 agnorm=0.105 cgnorm=0.158 kl=0.0040 clipf=0.041 ev=+0.837 r0=1.0000 entcoef=1.00e-02 lr=4.7e-04 seed=9
iter= 208 step= 668800 ep_ret=-31.698 opt_ret=-31.698 step_rew=-0.3170 opt_step=-0.3170 gap0=31.698 dret=+44.678 eval_ret=n/a pursuer_target_distance=3.591 capture=0.013 score=0.003 pol=-0.0015 val=0.3272 ent=1.2055 tot=+0.1501 agnorm=0.092 cgnorm=0.293 kl=0.0039 clipf=0.049 ev=+0.384 r0=1.0000 entcoef=1.00e-02 lr=4.7e-04 seed=9
iter= 209 step= 672000 ep_ret=-26.916 opt_ret=-26.916 step_rew=-0.2692 opt_step=-0.2692 gap0=26.916 dret=+49.460 eval_ret=n/a pursuer_target_distance=2.688 capture=0.006 score=0.002 pol=-0.0026 val=0.1090 ent=1.2192 tot=+0.0397 agnorm=0.121 cgnorm=0.221 kl=0.0038 clipf=0.039 ev=+0.680 r0=1.0000 entcoef=1.00e-02 lr=4.7e-04 seed=9
iter= 210 step= 675200 ep_ret=-35.034 opt_ret=-35.034 step_rew=-0.3503 opt_step=-0.3503 gap0=35.034 dret=+41.341 eval_ret=n/a pursuer_target_distance=3.171 capture=0.000 score=0.000 pol=-0.0028 val=0.0276 ent=1.2040 tot=-0.0010 agnorm=0.085 cgnorm=0.139 kl=0.0030 clipf=0.032 ev=+0.881 r0=1.0000 entcoef=1.00e-02 lr=4.7e-04 seed=9
iter= 211 step= 678400 ep_ret=-30.887 opt_ret=-30.887 step_rew=-0.3089 opt_step=-0.3089 gap0=30.887 dret=+45.488 eval_ret=n/a pursuer_target_distance=2.967 capture=0.007 score=0.002 pol=-0.0023 val=0.0812 ent=1.1855 tot=+0.0264 agnorm=0.091 cgnorm=0.181 kl=0.0035 clipf=0.034 ev=+0.663 r0=1.0000 entcoef=1.00e-02 lr=4.7e-04 seed=9
iter= 212 step= 681600 ep_ret=-35.302 opt_ret=-35.302 step_rew=-0.3530 opt_step=-0.3530 gap0=35.302 dret=+41.073 eval_ret=n/a pursuer_target_distance=3.767 capture=0.007 score=0.001 pol=-0.0019 val=0.0765 ent=1.2166 tot=+0.0242 agnorm=0.104 cgnorm=0.163 kl=0.0033 clipf=0.040 ev=+0.751 r0=1.0000 entcoef=1.00e-02 lr=4.7e-04 seed=9
iter= 213 step= 684800 ep_ret=-34.453 opt_ret=-34.453 step_rew=-0.3445 opt_step=-0.3445 gap0=34.453 dret=+41.923 eval_ret=n/a pursuer_target_distance=3.054 capture=0.006 score=0.002 pol=-0.0019 val=0.1012 ent=1.2142 tot=+0.0366 agnorm=0.097 cgnorm=0.218 kl=0.0024 clipf=0.023 ev=+0.648 r0=1.0000 entcoef=1.00e-02 lr=4.6e-04 seed=9
iter= 214 step= 688000 ep_ret=+0.817 opt_ret=+0.817 step_rew=0.0082 opt_step=0.0082 gap0=0.000 dret=+77.192 eval_ret=n/a pursuer_target_distance=2.813 capture=0.034 score=0.009 pol=-0.0020 val=0.7594 ent=1.1879 tot=+0.3658 agnorm=0.108 cgnorm=0.339 kl=0.0028 clipf=0.035 ev=+0.312 r0=1.0000 entcoef=1.00e-02 lr=4.6e-04 seed=9
iter= 215 step= 691200 ep_ret=-24.266 opt_ret=-24.266 step_rew=-0.2427 opt_step=-0.2427 gap0=24.266 dret=+52.110 eval_ret=n/a pursuer_target_distance=2.645 capture=0.005 score=0.001 pol=-0.0006 val=0.0706 ent=1.1903 tot=+0.0228 agnorm=0.305 cgnorm=0.137 kl=0.0023 clipf=0.021 ev=+0.696 r0=1.0000 entcoef=1.00e-02 lr=4.6e-04 seed=9
iter= 216 step= 694400 ep_ret=-21.121 opt_ret=-21.121 step_rew=-0.2112 opt_step=-0.2112 gap0=21.121 dret=+55.255 eval_ret=n/a pursuer_target_distance=2.616 capture=0.013 score=0.003 pol=-0.0011 val=0.1688 ent=1.2349 tot=+0.0709 agnorm=0.072 cgnorm=0.210 kl=0.0032 clipf=0.037 ev=+0.509 r0=1.0000 entcoef=1.00e-02 lr=4.6e-04 seed=9
iter= 217 step= 697600 ep_ret=-35.829 opt_ret=-35.829 step_rew=-0.3583 opt_step=-0.3583 gap0=35.829 dret=+40.546 eval_ret=n/a pursuer_target_distance=3.095 capture=0.000 score=0.000 pol=-0.0017 val=0.0195 ent=1.2159 tot=-0.0041 agnorm=0.087 cgnorm=0.126 kl=0.0026 clipf=0.028 ev=+0.895 r0=1.0000 entcoef=1.00e-02 lr=4.6e-04 seed=9
iter= 218 step= 700800 ep_ret=-24.869 opt_ret=-24.869 step_rew=-0.2487 opt_step=-0.2487 gap0=24.869 dret=+51.507 eval_ret=n/a pursuer_target_distance=2.306 capture=0.000 score=0.000 pol=-0.0020 val=0.0137 ent=1.2551 tot=-0.0077 agnorm=0.088 cgnorm=0.095 kl=0.0024 clipf=0.022 ev=+0.912 r0=1.0000 entcoef=1.00e-02 lr=4.6e-04 seed=9
iter= 219 step= 704000 ep_ret=-41.203 opt_ret=-41.203 step_rew=-0.4120 opt_step=-0.4120 gap0=41.203 dret=+35.173 eval_ret=n/a pursuer_target_distance=3.278 capture=0.000 score=0.000 pol=-0.0019 val=0.0261 ent=1.2112 tot=-0.0010 agnorm=0.092 cgnorm=0.138 kl=0.0022 clipf=0.021 ev=+0.888 r0=1.0000 entcoef=1.00e-02 lr=4.6e-04 seed=9
iter= 220 step= 707200 ep_ret=-41.695 opt_ret=-41.695 step_rew=-0.4169 opt_step=-0.4169 gap0=41.695 dret=+34.681 eval_ret=-21.537 pursuer_target_distance=3.071 capture=0.000 score=0.000 pol=-0.0021 val=0.0250 ent=1.2329 tot=-0.0019 agnorm=0.094 cgnorm=0.138 kl=0.0030 clipf=0.028 ev=+0.878 r0=1.0000 entcoef=1.00e-02 lr=4.6e-04 seed=9
iter= 221 step= 710400 ep_ret=-28.083 opt_ret=-28.083 step_rew=-0.2808 opt_step=-0.2808 gap0=28.083 dret=+48.292 eval_ret=n/a pursuer_target_distance=3.571 capture=0.013 score=0.003 pol=-0.0012 val=0.1911 ent=1.2037 tot=+0.0823 agnorm=0.083 cgnorm=0.187 kl=0.0022 clipf=0.019 ev=+0.521 r0=1.0000 entcoef=1.00e-02 lr=4.6e-04 seed=9
iter= 222 step= 713600 ep_ret=-20.640 opt_ret=-20.640 step_rew=-0.2064 opt_step=-0.2064 gap0=20.640 dret=+55.735 eval_ret=n/a pursuer_target_distance=2.865 capture=0.012 score=0.003 pol=-0.0018 val=0.1519 ent=1.2443 tot=+0.0616 agnorm=0.064 cgnorm=0.118 kl=0.0027 clipf=0.026 ev=+0.628 r0=1.0000 entcoef=1.00e-02 lr=4.5e-04 seed=9
iter= 223 step= 716800 ep_ret=-34.073 opt_ret=-34.073 step_rew=-0.3407 opt_step=-0.3407 gap0=34.073 dret=+42.303 eval_ret=n/a pursuer_target_distance=2.577 capture=0.000 score=0.000 pol=-0.0024 val=0.0163 ent=1.2514 tot=-0.0068 agnorm=0.085 cgnorm=0.108 kl=0.0023 clipf=0.019 ev=+0.911 r0=1.0000 entcoef=1.00e-02 lr=4.5e-04 seed=9
iter= 224 step= 720000 ep_ret=-49.954 opt_ret=-49.954 step_rew=-0.4995 opt_step=-0.4995 gap0=49.954 dret=+26.422 eval_ret=n/a pursuer_target_distance=4.422 capture=0.002 score=0.000 pol=-0.0023 val=0.0521 ent=1.1672 tot=+0.0121 agnorm=0.089 cgnorm=0.161 kl=0.0029 clipf=0.030 ev=+0.806 r0=1.0000 entcoef=1.00e-02 lr=4.5e-04 seed=9
iter= 225 step= 723200 ep_ret=-18.676 opt_ret=-18.676 step_rew=-0.1868 opt_step=-0.1868 gap0=18.676 dret=+57.699 eval_ret=n/a pursuer_target_distance=2.553 capture=0.011 score=0.003 pol=-0.0020 val=0.1144 ent=1.1897 tot=+0.0433 agnorm=0.104 cgnorm=0.141 kl=0.0037 clipf=0.041 ev=+0.584 r0=1.0000 entcoef=1.00e-02 lr=4.5e-04 seed=9
iter= 226 step= 726400 ep_ret=-39.525 opt_ret=-39.525 step_rew=-0.3953 opt_step=-0.3953 gap0=39.525 dret=+36.850 eval_ret=n/a pursuer_target_distance=3.699 capture=0.007 score=0.001 pol=-0.0010 val=0.1229 ent=1.1968 tot=+0.0485 agnorm=0.114 cgnorm=0.201 kl=0.0020 clipf=0.017 ev=+0.583 r0=1.0000 entcoef=1.00e-02 lr=4.5e-04 seed=9
iter= 227 step= 729600 ep_ret=-31.091 opt_ret=-31.091 step_rew=-0.3109 opt_step=-0.3109 gap0=31.091 dret=+45.284 eval_ret=n/a pursuer_target_distance=2.576 capture=0.004 score=0.001 pol=-0.0018 val=0.0379 ent=1.1938 tot=+0.0052 agnorm=0.078 cgnorm=0.094 kl=0.0030 clipf=0.030 ev=+0.830 r0=1.0000 entcoef=1.00e-02 lr=4.5e-04 seed=9
iter= 228 step= 732800 ep_ret=-21.642 opt_ret=-21.642 step_rew=-0.2164 opt_step=-0.2164 gap0=21.642 dret=+54.733 eval_ret=n/a pursuer_target_distance=2.442 capture=0.008 score=0.002 pol=-0.0015 val=0.1008 ent=1.1979 tot=+0.0369 agnorm=0.103 cgnorm=0.144 kl=0.0028 clipf=0.028 ev=+0.672 r0=1.0000 entcoef=1.00e-02 lr=4.5e-04 seed=9
iter= 229 step= 736000 ep_ret=-35.550 opt_ret=-35.550 step_rew=-0.3555 opt_step=-0.3555 gap0=35.550 dret=+40.825 eval_ret=n/a pursuer_target_distance=3.064 capture=0.002 score=0.000 pol=-0.0021 val=0.0349 ent=1.1683 tot=+0.0037 agnorm=0.115 cgnorm=0.111 kl=0.0031 clipf=0.034 ev=+0.830 r0=1.0000 entcoef=1.00e-02 lr=4.5e-04 seed=9
iter= 230 step= 739200 ep_ret=-17.702 opt_ret=-17.702 step_rew=-0.1770 opt_step=-0.1770 gap0=17.702 dret=+58.673 eval_ret=n/a pursuer_target_distance=2.804 capture=0.015 score=0.004 pol=-0.0016 val=0.2115 ent=1.1758 tot=+0.0924 agnorm=0.105 cgnorm=0.198 kl=0.0020 clipf=0.019 ev=+0.505 r0=1.0000 entcoef=1.00e-02 lr=4.5e-04 seed=9
iter= 231 step= 742400 ep_ret=-30.878 opt_ret=-30.878 step_rew=-0.3088 opt_step=-0.3088 gap0=30.878 dret=+45.497 eval_ret=n/a pursuer_target_distance=3.746 capture=0.011 score=0.002 pol=-0.0014 val=0.1783 ent=1.1882 tot=+0.0759 agnorm=0.102 cgnorm=0.193 kl=0.0029 clipf=0.032 ev=+0.553 r0=1.0000 entcoef=1.00e-02 lr=4.4e-04 seed=9
iter= 232 step= 745600 ep_ret=-43.475 opt_ret=-43.475 step_rew=-0.4347 opt_step=-0.4347 gap0=43.475 dret=+32.901 eval_ret=n/a pursuer_target_distance=3.220 capture=0.003 score=0.001 pol=-0.0018 val=0.0530 ent=1.1950 tot=+0.0127 agnorm=0.090 cgnorm=0.183 kl=0.0021 clipf=0.022 ev=+0.832 r0=1.0000 entcoef=1.00e-02 lr=4.4e-04 seed=9
iter= 233 step= 748800 ep_ret=-26.092 opt_ret=-26.092 step_rew=-0.2609 opt_step=-0.2609 gap0=26.092 dret=+50.284 eval_ret=n/a pursuer_target_distance=3.138 capture=0.014 score=0.003 pol=-0.0019 val=0.2727 ent=1.2117 tot=+0.1223 agnorm=0.088 cgnorm=0.211 kl=0.0044 clipf=0.054 ev=+0.505 r0=1.0000 entcoef=1.00e-02 lr=4.4e-04 seed=9
iter= 234 step= 752000 ep_ret=-16.283 opt_ret=-16.283 step_rew=-0.1628 opt_step=-0.1628 gap0=16.283 dret=+60.093 eval_ret=n/a pursuer_target_distance=2.451 capture=0.014 score=0.004 pol=-0.0014 val=0.2380 ent=1.1797 tot=+0.1058 agnorm=0.120 cgnorm=0.176 kl=0.0036 clipf=0.045 ev=+0.454 r0=1.0000 entcoef=1.00e-02 lr=4.4e-04 seed=9
iter= 235 step= 755200 ep_ret=-20.642 opt_ret=-20.642 step_rew=-0.2064 opt_step=-0.2064 gap0=20.642 dret=+55.733 eval_ret=n/a pursuer_target_distance=2.467 capture=0.013 score=0.004 pol=-0.0018 val=0.1160 ent=1.1864 tot=+0.0443 agnorm=0.103 cgnorm=0.187 kl=0.0018 clipf=0.016 ev=+0.628 r0=1.0000 entcoef=1.00e-02 lr=4.4e-04 seed=9
iter= 236 step= 758400 ep_ret=-20.539 opt_ret=-20.539 step_rew=-0.2054 opt_step=-0.2054 gap0=20.539 dret=+55.836 eval_ret=n/a pursuer_target_distance=2.979 capture=0.014 score=0.003 pol=-0.0020 val=0.1545 ent=1.1694 tot=+0.0636 agnorm=0.109 cgnorm=0.171 kl=0.0034 clipf=0.042 ev=+0.550 r0=1.0000 entcoef=1.00e-02 lr=4.4e-04 seed=9
iter= 237 step= 761600 ep_ret=-22.622 opt_ret=-22.622 step_rew=-0.2262 opt_step=-0.2262 gap0=22.622 dret=+53.753 eval_ret=n/a pursuer_target_distance=2.130 capture=0.004 score=0.001 pol=-0.0022 val=0.0316 ent=1.1981 tot=+0.0016 agnorm=0.086 cgnorm=0.095 kl=0.0028 clipf=0.027 ev=+0.815 r0=1.0000 entcoef=1.00e-02 lr=4.4e-04 seed=9
iter= 238 step= 764800 ep_ret=-5.789 opt_ret=-5.789 step_rew=-0.0579 opt_step=-0.0579 gap0=5.789 dret=+70.587 eval_ret=n/a pursuer_target_distance=3.190 capture=0.034 score=0.008 pol=-0.0018 val=0.4046 ent=1.1983 tot=+0.1885 agnorm=0.145 cgnorm=0.274 kl=0.0026 clipf=0.029 ev=+0.460 r0=1.0000 entcoef=1.00e-02 lr=4.4e-04 seed=9
iter= 239 step= 768000 ep_ret=-28.616 opt_ret=-28.616 step_rew=-0.2862 opt_step=-0.2862 gap0=28.616 dret=+47.760 eval_ret=n/a pursuer_target_distance=2.469 capture=0.000 score=0.000 pol=-0.0021 val=0.0188 ent=1.1827 tot=-0.0045 agnorm=0.148 cgnorm=0.112 kl=0.0027 clipf=0.030 ev=+0.891 r0=1.0000 entcoef=1.00e-02 lr=4.4e-04 seed=9
iter= 240 step= 771200 ep_ret=-38.955 opt_ret=-38.955 step_rew=-0.3895 opt_step=-0.3895 gap0=38.955 dret=+37.421 eval_ret=-16.564 pursuer_target_distance=3.274 capture=0.001 score=0.000 pol=-0.0026 val=0.0197 ent=1.1899 tot=-0.0046 agnorm=0.092 cgnorm=0.104 kl=0.0038 clipf=0.039 ev=+0.919 r0=1.0000 entcoef=1.00e-02 lr=4.3e-04 seed=9
iter= 241 step= 774400 ep_ret=-15.414 opt_ret=-15.414 step_rew=-0.1541 opt_step=-0.1541 gap0=15.414 dret=+60.961 eval_ret=n/a pursuer_target_distance=2.330 capture=0.016 score=0.005 pol=-0.0021 val=0.1789 ent=1.2404 tot=+0.0749 agnorm=0.095 cgnorm=0.191 kl=0.0031 clipf=0.032 ev=+0.547 r0=1.0000 entcoef=1.00e-02 lr=4.3e-04 seed=9
iter= 242 step= 777600 ep_ret=-33.988 opt_ret=-33.988 step_rew=-0.3399 opt_step=-0.3399 gap0=33.988 dret=+42.388 eval_ret=n/a pursuer_target_distance=3.537 capture=0.007 score=0.002 pol=-0.0023 val=0.0894 ent=1.2392 tot=+0.0300 agnorm=0.129 cgnorm=0.227 kl=0.0026 clipf=0.027 ev=+0.663 r0=1.0000 entcoef=1.00e-02 lr=4.3e-04 seed=9
iter= 243 step= 780800 ep_ret=-23.964 opt_ret=-23.964 step_rew=-0.2396 opt_step=-0.2396 gap0=23.964 dret=+52.411 eval_ret=n/a pursuer_target_distance=2.493 capture=0.004 score=0.001 pol=-0.0018 val=0.0466 ent=1.2435 tot=+0.0091 agnorm=0.153 cgnorm=0.104 kl=0.0026 clipf=0.026 ev=+0.792 r0=1.0000 entcoef=1.00e-02 lr=4.3e-04 seed=9
iter= 244 step= 784000 ep_ret=-23.935 opt_ret=-23.935 step_rew=-0.2393 opt_step=-0.2393 gap0=23.935 dret=+52.441 eval_ret=n/a pursuer_target_distance=2.365 capture=0.002 score=0.001 pol=-0.0026 val=0.0236 ent=1.2291 tot=-0.0031 agnorm=0.142 cgnorm=0.102 kl=0.0034 clipf=0.033 ev=+0.875 r0=1.0000 entcoef=1.00e-02 lr=4.3e-04 seed=9
iter= 245 step= 787200 ep_ret=-27.575 opt_ret=-27.575 step_rew=-0.2758 opt_step=-0.2758 gap0=27.575 dret=+48.800 eval_ret=n/a pursuer_target_distance=3.153 capture=0.011 score=0.003 pol=-0.0018 val=0.1164 ent=1.2052 tot=+0.0444 agnorm=0.104 cgnorm=0.162 kl=0.0022 clipf=0.021 ev=+0.719 r0=1.0000 entcoef=1.00e-02 lr=4.3e-04 seed=9
iter= 246 step= 790400 ep_ret=-25.154 opt_ret=-25.154 step_rew=-0.2515 opt_step=-0.2515 gap0=25.154 dret=+51.221 eval_ret=n/a pursuer_target_distance=2.310 capture=0.004 score=0.001 pol=-0.0026 val=0.0341 ent=1.2062 tot=+0.0024 agnorm=0.122 cgnorm=0.134 kl=0.0025 clipf=0.025 ev=+0.855 r0=1.0000 entcoef=1.00e-02 lr=4.3e-04 seed=9
iter= 247 step= 793600 ep_ret=-2.156 opt_ret=-2.156 step_rew=-0.0216 opt_step=-0.0216 gap0=2.156 dret=+74.220 eval_ret=n/a pursuer_target_distance=2.740 capture=0.030 score=0.008 pol=-0.0028 val=0.3554 ent=1.2243 tot=+0.1627 agnorm=0.120 cgnorm=0.248 kl=0.0035 clipf=0.038 ev=+0.404 r0=1.0000 entcoef=1.00e-02 lr=4.3e-04 seed=9
iter= 248 step= 796800 ep_ret=-33.731 opt_ret=-33.731 step_rew=-0.3373 opt_step=-0.3373 gap0=33.731 dret=+42.645 eval_ret=n/a pursuer_target_distance=3.061 capture=0.001 score=0.000 pol=-0.0021 val=0.0186 ent=1.1785 tot=-0.0046 agnorm=0.134 cgnorm=0.112 kl=0.0028 clipf=0.026 ev=+0.903 r0=1.0000 entcoef=1.00e-02 lr=4.3e-04 seed=9
iter= 249 step= 800000 ep_ret=-34.185 opt_ret=-34.185 step_rew=-0.3418 opt_step=-0.3418 gap0=34.185 dret=+42.191 eval_ret=n/a pursuer_target_distance=2.721 capture=0.001 score=0.000 pol=-0.0023 val=0.0166 ent=1.1798 tot=-0.0058 agnorm=0.130 cgnorm=0.099 kl=0.0029 clipf=0.030 ev=+0.908 r0=1.0000 entcoef=1.00e-02 lr=4.2e-04 seed=9
iter= 250 step= 803200 ep_ret=-39.810 opt_ret=-39.810 step_rew=-0.3981 opt_step=-0.3981 gap0=39.810 dret=+36.565 eval_ret=n/a pursuer_target_distance=3.427 capture=0.000 score=0.000 pol=-0.0019 val=0.0175 ent=1.1622 tot=-0.0048 agnorm=0.101 cgnorm=0.104 kl=0.0028 clipf=0.030 ev=+0.907 r0=1.0000 entcoef=1.00e-02 lr=4.2e-04 seed=9
iter= 251 step= 806400 ep_ret=-35.614 opt_ret=-35.614 step_rew=-0.3561 opt_step=-0.3561 gap0=35.614 dret=+40.762 eval_ret=n/a pursuer_target_distance=3.376 capture=0.006 score=0.001 pol=-0.0019 val=0.0697 ent=1.1734 tot=+0.0212 agnorm=0.158 cgnorm=0.136 kl=0.0026 clipf=0.029 ev=+0.718 r0=1.0000 entcoef=1.00e-02 lr=4.2e-04 seed=9
iter= 252 step= 809600 ep_ret=-29.566 opt_ret=-29.566 step_rew=-0.2957 opt_step=-0.2957 gap0=29.566 dret=+46.809 eval_ret=n/a pursuer_target_distance=2.306 capture=0.001 score=0.000 pol=-0.0020 val=0.0155 ent=1.2359 tot=-0.0067 agnorm=0.093 cgnorm=0.084 kl=0.0031 clipf=0.028 ev=+0.865 r0=1.0000 entcoef=1.00e-02 lr=4.2e-04 seed=9
iter= 253 step= 812800 ep_ret=-15.735 opt_ret=-15.735 step_rew=-0.1573 opt_step=-0.1573 gap0=15.735 dret=+60.641 eval_ret=n/a pursuer_target_distance=2.481 capture=0.014 score=0.004 pol=-0.0020 val=0.1280 ent=1.2254 tot=+0.0497 agnorm=0.142 cgnorm=0.160 kl=0.0028 clipf=0.028 ev=+0.577 r0=1.0000 entcoef=1.00e-02 lr=4.2e-04 seed=9
iter= 254 step= 816000 ep_ret=-31.019 opt_ret=-31.019 step_rew=-0.3102 opt_step=-0.3102 gap0=31.019 dret=+45.356 eval_ret=n/a pursuer_target_distance=3.355 capture=0.016 score=0.004 pol=-0.0016 val=0.1251 ent=1.1917 tot=+0.0491 agnorm=0.100 cgnorm=0.169 kl=0.0025 clipf=0.023 ev=+0.664 r0=1.0000 entcoef=1.00e-02 lr=4.2e-04 seed=9
iter= 255 step= 819200 ep_ret=-24.466 opt_ret=-24.466 step_rew=-0.2447 opt_step=-0.2447 gap0=24.466 dret=+51.909 eval_ret=n/a pursuer_target_distance=2.474 capture=0.003 score=0.001 pol=-0.0022 val=0.0238 ent=1.2192 tot=-0.0025 agnorm=0.136 cgnorm=0.110 kl=0.0021 clipf=0.018 ev=+0.860 r0=1.0000 entcoef=1.00e-02 lr=4.2e-04 seed=9
iter= 256 step= 822400 ep_ret=-29.538 opt_ret=-29.538 step_rew=-0.2954 opt_step=-0.2954 gap0=29.538 dret=+46.837 eval_ret=n/a pursuer_target_distance=2.582 capture=0.000 score=0.000 pol=-0.0018 val=0.0137 ent=1.1952 tot=-0.0069 agnorm=0.079 cgnorm=0.079 kl=0.0018 clipf=0.013 ev=+0.884 r0=1.0000 entcoef=1.00e-02 lr=4.2e-04 seed=9
iter= 257 step= 825600 ep_ret=-27.808 opt_ret=-27.808 step_rew=-0.2781 opt_step=-0.2781 gap0=27.808 dret=+48.568 eval_ret=n/a pursuer_target_distance=2.922 capture=0.011 score=0.003 pol=-0.0021 val=0.0927 ent=1.2075 tot=+0.0322 agnorm=0.104 cgnorm=0.170 kl=0.0027 clipf=0.023 ev=+0.660 r0=1.0000 entcoef=1.00e-02 lr=4.2e-04 seed=9
iter= 258 step= 828800 ep_ret=-36.188 opt_ret=-36.188 step_rew=-0.3619 opt_step=-0.3619 gap0=36.188 dret=+40.188 eval_ret=n/a pursuer_target_distance=3.019 capture=0.002 score=0.001 pol=-0.0018 val=0.0317 ent=1.2158 tot=+0.0019 agnorm=0.123 cgnorm=0.110 kl=0.0020 clipf=0.019 ev=+0.831 r0=1.0000 entcoef=1.00e-02 lr=4.1e-04 seed=9
iter= 259 step= 832000 ep_ret=-34.656 opt_ret=-34.656 step_rew=-0.3466 opt_step=-0.3466 gap0=34.656 dret=+41.720 eval_ret=n/a pursuer_target_distance=3.088 capture=0.000 score=0.000 pol=-0.0019 val=0.0150 ent=1.2092 tot=-0.0065 agnorm=0.093 cgnorm=0.085 kl=0.0020 clipf=0.019 ev=+0.914 r0=1.0000 entcoef=1.00e-02 lr=4.1e-04 seed=9
iter= 260 step= 835200 ep_ret=-24.987 opt_ret=-24.987 step_rew=-0.2499 opt_step=-0.2499 gap0=24.987 dret=+51.389 eval_ret=-16.931 pursuer_target_distance=2.610 capture=0.007 score=0.002 pol=-0.0025 val=0.0409 ent=1.2373 tot=+0.0055 agnorm=0.131 cgnorm=0.109 kl=0.0028 clipf=0.026 ev=+0.791 r0=1.0000 entcoef=1.00e-02 lr=4.1e-04 seed=9
iter= 261 step= 838400 ep_ret=-35.332 opt_ret=-35.332 step_rew=-0.3533 opt_step=-0.3533 gap0=35.332 dret=+41.044 eval_ret=n/a pursuer_target_distance=2.748 capture=0.002 score=0.001 pol=-0.0020 val=0.0257 ent=1.1952 tot=-0.0011 agnorm=0.115 cgnorm=0.100 kl=0.0027 clipf=0.028 ev=+0.865 r0=1.0000 entcoef=1.00e-02 lr=4.1e-04 seed=9
iter= 262 step= 841600 ep_ret=-10.585 opt_ret=-10.585 step_rew=-0.1058 opt_step=-0.1058 gap0=10.585 dret=+65.791 eval_ret=n/a pursuer_target_distance=2.534 capture=0.018 score=0.005 pol=-0.0016 val=0.2269 ent=1.1703 tot=+0.1002 agnorm=0.081 cgnorm=0.174 kl=0.0021 clipf=0.018 ev=+0.425 r0=1.0000 entcoef=1.00e-02 lr=4.1e-04 seed=9
iter= 263 step= 844800 ep_ret=-33.143 opt_ret=-33.143 step_rew=-0.3314 opt_step=-0.3314 gap0=33.143 dret=+43.232 eval_ret=n/a pursuer_target_distance=2.872 capture=0.001 score=0.000 pol=-0.0020 val=0.0157 ent=1.2065 tot=-0.0063 agnorm=0.083 cgnorm=0.097 kl=0.0023 clipf=0.020 ev=+0.924 r0=1.0000 entcoef=1.00e-02 lr=4.1e-04 seed=9
iter= 264 step= 848000 ep_ret=-28.115 opt_ret=-28.115 step_rew=-0.2812 opt_step=-0.2812 gap0=28.115 dret=+48.260 eval_ret=n/a pursuer_target_distance=2.466 capture=0.006 score=0.002 pol=-0.0013 val=0.0651 ent=1.1972 tot=+0.0192 agnorm=0.080 cgnorm=0.150 kl=0.0022 clipf=0.019 ev=+0.687 r0=1.0000 entcoef=1.00e-02 lr=4.1e-04 seed=9
iter= 265 step= 851200 ep_ret=-31.309 opt_ret=-31.309 step_rew=-0.3131 opt_step=-0.3131 gap0=31.309 dret=+45.066 eval_ret=n/a pursuer_target_distance=2.767 capture=0.000 score=0.000 pol=-0.0027 val=0.0170 ent=1.1692 tot=-0.0059 agnorm=0.110 cgnorm=0.089 kl=0.0032 clipf=0.034 ev=+0.901 r0=1.0000 entcoef=1.00e-02 lr=4.1e-04 seed=9
iter= 266 step= 854400 ep_ret=-32.847 opt_ret=-32.847 step_rew=-0.3285 opt_step=-0.3285 gap0=32.847 dret=+43.529 eval_ret=n/a pursuer_target_distance=2.613 capture=0.001 score=0.000 pol=-0.0017 val=0.0142 ent=1.1372 tot=-0.0059 agnorm=0.125 cgnorm=0.074 kl=0.0025 clipf=0.024 ev=+0.909 r0=1.0000 entcoef=1.00e-02 lr=4.1e-04 seed=9
iter= 267 step= 857600 ep_ret=-28.561 opt_ret=-28.561 step_rew=-0.2856 opt_step=-0.2856 gap0=28.561 dret=+47.814 eval_ret=n/a pursuer_target_distance=2.607 capture=0.006 score=0.002 pol=-0.0018 val=0.0373 ent=1.1785 tot=+0.0050 agnorm=0.117 cgnorm=0.083 kl=0.0026 clipf=0.025 ev=+0.773 r0=1.0000 entcoef=1.00e-02 lr=4.0e-04 seed=9
iter= 268 step= 860800 ep_ret=-36.148 opt_ret=-36.148 step_rew=-0.3615 opt_step=-0.3615 gap0=36.148 dret=+40.228 eval_ret=n/a pursuer_target_distance=3.233 capture=0.004 score=0.001 pol=-0.0017 val=0.0373 ent=1.1859 tot=+0.0051 agnorm=0.082 cgnorm=0.131 kl=0.0031 clipf=0.033 ev=+0.792 r0=1.0000 entcoef=1.00e-02 lr=4.0e-04 seed=9
iter= 269 step= 864000 ep_ret=-33.594 opt_ret=-33.594 step_rew=-0.3359 opt_step=-0.3359 gap0=33.594 dret=+42.781 eval_ret=n/a pursuer_target_distance=2.872 capture=0.001 score=0.000 pol=-0.0023 val=0.0111 ent=1.1555 tot=-0.0083 agnorm=0.113 cgnorm=0.055 kl=0.0024 clipf=0.022 ev=+0.931 r0=1.0000 entcoef=1.00e-02 lr=4.0e-04 seed=9
iter= 270 step= 867200 ep_ret=-26.079 opt_ret=-26.079 step_rew=-0.2608 opt_step=-0.2608 gap0=26.079 dret=+50.297 eval_ret=n/a pursuer_target_distance=2.341 capture=0.001 score=0.000 pol=-0.0018 val=0.0113 ent=1.1808 tot=-0.0080 agnorm=0.076 cgnorm=0.068 kl=0.0021 clipf=0.021 ev=+0.865 r0=1.0000 entcoef=1.00e-02 lr=4.0e-04 seed=9
iter= 271 step= 870400 ep_ret=-45.523 opt_ret=-45.523 step_rew=-0.4552 opt_step=-0.4552 gap0=45.523 dret=+30.853 eval_ret=n/a pursuer_target_distance=3.467 capture=0.000 score=0.000 pol=-0.0018 val=0.0226 ent=1.1325 tot=-0.0018 agnorm=0.106 cgnorm=0.094 kl=0.0028 clipf=0.022 ev=+0.893 r0=1.0000 entcoef=1.00e-02 lr=4.0e-04 seed=9
iter= 272 step= 873600 ep_ret=-14.866 opt_ret=-14.866 step_rew=-0.1487 opt_step=-0.1487 gap0=14.866 dret=+61.510 eval_ret=n/a pursuer_target_distance=2.877 capture=0.018 score=0.005 pol=-0.0014 val=0.1686 ent=1.1289 tot=+0.0716 agnorm=0.090 cgnorm=0.181 kl=0.0019 clipf=0.020 ev=+0.396 r0=1.0000 entcoef=1.00e-02 lr=4.0e-04 seed=9
iter= 273 step= 876800 ep_ret=-20.108 opt_ret=-20.108 step_rew=-0.2011 opt_step=-0.2011 gap0=20.108 dret=+56.268 eval_ret=n/a pursuer_target_distance=2.742 capture=0.015 score=0.004 pol=-0.0031 val=0.1185 ent=1.1403 tot=+0.0448 agnorm=0.150 cgnorm=0.133 kl=0.0049 clipf=0.055 ev=+0.630 r0=1.0000 entcoef=1.00e-02 lr=4.0e-04 seed=9
iter= 274 step= 880000 ep_ret=-7.373 opt_ret=-7.373 step_rew=-0.0737 opt_step=-0.0737 gap0=7.373 dret=+69.002 eval_ret=n/a pursuer_target_distance=2.650 capture=0.023 score=0.006 pol=-0.0020 val=0.2789 ent=1.1710 tot=+0.1258 agnorm=0.099 cgnorm=0.208 kl=0.0023 clipf=0.022 ev=+0.381 r0=1.0000 entcoef=1.00e-02 lr=4.0e-04 seed=9
iter= 275 step= 883200 ep_ret=-28.037 opt_ret=-28.037 step_rew=-0.2804 opt_step=-0.2804 gap0=28.037 dret=+48.339 eval_ret=n/a pursuer_target_distance=3.034 capture=0.006 score=0.002 pol=-0.0019 val=0.0661 ent=1.1684 tot=+0.0195 agnorm=0.103 cgnorm=0.138 kl=0.0026 clipf=0.027 ev=+0.674 r0=1.0000 entcoef=1.00e-02 lr=4.0e-04 seed=9
iter= 276 step= 886400 ep_ret=-15.960 opt_ret=-15.960 step_rew=-0.1596 opt_step=-0.1596 gap0=15.960 dret=+60.415 eval_ret=n/a pursuer_target_distance=2.268 capture=0.017 score=0.005 pol=-0.0015 val=0.1477 ent=1.1374 tot=+0.0610 agnorm=0.151 cgnorm=0.163 kl=0.0028 clipf=0.030 ev=+0.525 r0=1.0000 entcoef=1.00e-02 lr=3.9e-04 seed=9
iter= 277 step= 889600 ep_ret=-28.009 opt_ret=-28.009 step_rew=-0.2801 opt_step=-0.2801 gap0=28.009 dret=+48.366 eval_ret=n/a pursuer_target_distance=2.770 capture=0.003 score=0.001 pol=-0.0019 val=0.0299 ent=1.1766 tot=+0.0013 agnorm=0.110 cgnorm=0.086 kl=0.0029 clipf=0.030 ev=+0.825 r0=1.0000 entcoef=1.00e-02 lr=3.9e-04 seed=9
iter= 278 step= 892800 ep_ret=-23.954 opt_ret=-23.954 step_rew=-0.2395 opt_step=-0.2395 gap0=23.954 dret=+52.422 eval_ret=n/a pursuer_target_distance=2.481 capture=0.005 score=0.001 pol=-0.0022 val=0.0444 ent=1.1628 tot=+0.0084 agnorm=0.162 cgnorm=0.099 kl=0.0027 clipf=0.026 ev=+0.743 r0=1.0000 entcoef=1.00e-02 lr=3.9e-04 seed=9
iter= 279 step= 896000 ep_ret=-33.171 opt_ret=-33.171 step_rew=-0.3317 opt_step=-0.3317 gap0=33.171 dret=+43.205 eval_ret=n/a pursuer_target_distance=2.430 capture=0.000 score=0.000 pol=-0.0015 val=0.0154 ent=1.1950 tot=-0.0057 agnorm=0.113 cgnorm=0.091 kl=0.0028 clipf=0.025 ev=+0.906 r0=1.0000 entcoef=1.00e-02 lr=3.9e-04 seed=9
iter= 280 step= 899200 ep_ret=-50.165 opt_ret=-50.165 step_rew=-0.5017 opt_step=-0.5017 gap0=50.165 dret=+26.210 eval_ret=-15.412 pursuer_target_distance=4.089 capture=0.000 score=0.000 pol=-0.0017 val=0.0317 ent=1.1335 tot=+0.0028 agnorm=0.081 cgnorm=0.096 kl=0.0018 clipf=0.017 ev=+0.892 r0=1.0000 entcoef=1.00e-02 lr=3.9e-04 seed=9
iter= 281 step= 902400 ep_ret=-24.557 opt_ret=-24.557 step_rew=-0.2456 opt_step=-0.2456 gap0=24.557 dret=+51.818 eval_ret=n/a pursuer_target_distance=3.360 capture=0.015 score=0.003 pol=-0.0018 val=0.1331 ent=1.1225 tot=+0.0535 agnorm=0.137 cgnorm=0.158 kl=0.0026 clipf=0.029 ev=+0.590 r0=1.0000 entcoef=1.00e-02 lr=3.9e-04 seed=9
iter= 282 step= 905600 ep_ret=-34.571 opt_ret=-34.571 step_rew=-0.3457 opt_step=-0.3457 gap0=34.571 dret=+41.804 eval_ret=n/a pursuer_target_distance=3.180 capture=0.008 score=0.002 pol=-0.0013 val=0.0457 ent=1.1672 tot=+0.0098 agnorm=0.096 cgnorm=0.112 kl=0.0020 clipf=0.019 ev=+0.751 r0=1.0000 entcoef=1.00e-02 lr=3.9e-04 seed=9
iter= 283 step= 908800 ep_ret=-30.466 opt_ret=-30.466 step_rew=-0.3047 opt_step=-0.3047 gap0=30.466 dret=+45.910 eval_ret=n/a pursuer_target_distance=2.959 capture=0.008 score=0.002 pol=-0.0017 val=0.0507 ent=1.1489 tot=+0.0121 agnorm=0.133 cgnorm=0.108 kl=0.0022 clipf=0.020 ev=+0.760 r0=1.0000 entcoef=1.00e-02 lr=3.9e-04 seed=9
iter= 284 step= 912000 ep_ret=-38.711 opt_ret=-38.711 step_rew=-0.3871 opt_step=-0.3871 gap0=38.711 dret=+37.665 eval_ret=n/a pursuer_target_distance=3.320 capture=0.001 score=0.000 pol=-0.0020 val=0.0198 ent=1.1720 tot=-0.0038 agnorm=0.096 cgnorm=0.076 kl=0.0026 clipf=0.028 ev=+0.882 r0=1.0000 entcoef=1.00e-02 lr=3.9e-04 seed=9
iter= 285 step= 915200 ep_ret=-36.689 opt_ret=-36.689 step_rew=-0.3669 opt_step=-0.3669 gap0=36.689 dret=+39.687 eval_ret=n/a pursuer_target_distance=2.812 capture=0.000 score=0.000 pol=-0.0016 val=0.0175 ent=1.1783 tot=-0.0046 agnorm=0.083 cgnorm=0.071 kl=0.0025 clipf=0.023 ev=+0.878 r0=1.0000 entcoef=1.00e-02 lr=3.8e-04 seed=9
iter= 286 step= 918400 ep_ret=-25.020 opt_ret=-25.020 step_rew=-0.2502 opt_step=-0.2502 gap0=25.020 dret=+51.355 eval_ret=n/a pursuer_target_distance=2.035 capture=0.002 score=0.001 pol=-0.0025 val=0.0152 ent=1.1890 tot=-0.0068 agnorm=0.114 cgnorm=0.059 kl=0.0028 clipf=0.031 ev=+0.872 r0=1.0000 entcoef=1.00e-02 lr=3.8e-04 seed=9
iter= 287 step= 921600 ep_ret=-13.536 opt_ret=-13.536 step_rew=-0.1354 opt_step=-0.1354 gap0=13.536 dret=+62.839 eval_ret=n/a pursuer_target_distance=2.684 capture=0.023 score=0.006 pol=-0.0019 val=0.2005 ent=1.1668 tot=+0.0867 agnorm=0.086 cgnorm=0.195 kl=0.0023 clipf=0.021 ev=+0.551 r0=1.0000 entcoef=1.00e-02 lr=3.8e-04 seed=9
iter= 288 step= 924800 ep_ret=-20.688 opt_ret=-20.688 step_rew=-0.2069 opt_step=-0.2069 gap0=20.688 dret=+55.687 eval_ret=n/a pursuer_target_distance=2.890 capture=0.012 score=0.003 pol=-0.0022 val=0.0910 ent=1.1680 tot=+0.0316 agnorm=0.099 cgnorm=0.107 kl=0.0027 clipf=0.028 ev=+0.704 r0=1.0000 entcoef=1.00e-02 lr=3.8e-04 seed=9
iter= 289 step= 928000 ep_ret=-27.689 opt_ret=-27.689 step_rew=-0.2769 opt_step=-0.2769 gap0=27.689 dret=+48.687 eval_ret=n/a pursuer_target_distance=2.668 capture=0.004 score=0.001 pol=-0.0020 val=0.0395 ent=1.2032 tot=+0.0057 agnorm=0.115 cgnorm=0.103 kl=0.0026 clipf=0.025 ev=+0.830 r0=1.0000 entcoef=1.00e-02 lr=3.8e-04 seed=9
iter= 290 step= 931200 ep_ret=-9.295 opt_ret=-9.295 step_rew=-0.0929 opt_step=-0.0929 gap0=9.295 dret=+67.081 eval_ret=n/a pursuer_target_distance=1.902 capture=0.014 score=0.005 pol=-0.0017 val=0.1119 ent=1.1806 tot=+0.0425 agnorm=0.141 cgnorm=0.109 kl=0.0026 clipf=0.026 ev=+0.667 r0=1.0000 entcoef=1.00e-02 lr=3.8e-04 seed=9
iter= 291 step= 934400 ep_ret=-36.462 opt_ret=-36.462 step_rew=-0.3646 opt_step=-0.3646 gap0=36.462 dret=+39.914 eval_ret=n/a pursuer_target_distance=2.992 capture=0.000 score=0.000 pol=-0.0019 val=0.0155 ent=1.1897 tot=-0.0060 agnorm=0.087 cgnorm=0.103 kl=0.0015 clipf=0.012 ev=+0.926 r0=1.0000 entcoef=1.00e-02 lr=3.8e-04 seed=9
iter= 292 step= 937600 ep_ret=-21.107 opt_ret=-21.107 step_rew=-0.2111 opt_step=-0.2111 gap0=21.107 dret=+55.269 eval_ret=n/a pursuer_target_distance=2.788 capture=0.013 score=0.003 pol=-0.0020 val=0.1013 ent=1.1741 tot=+0.0369 agnorm=0.098 cgnorm=0.136 kl=0.0022 clipf=0.020 ev=+0.729 r0=1.0000 entcoef=1.00e-02 lr=3.8e-04 seed=9
iter= 293 step= 940800 ep_ret=-18.919 opt_ret=-18.919 step_rew=-0.1892 opt_step=-0.1892 gap0=18.919 dret=+57.457 eval_ret=n/a pursuer_target_distance=2.596 capture=0.014 score=0.004 pol=-0.0016 val=0.0846 ent=1.1728 tot=+0.0289 agnorm=0.100 cgnorm=0.159 kl=0.0016 clipf=0.011 ev=+0.690 r0=1.0000 entcoef=1.00e-02 lr=3.8e-04 seed=9
iter= 294 step= 944000 ep_ret=-38.580 opt_ret=-38.580 step_rew=-0.3858 opt_step=-0.3858 gap0=38.580 dret=+37.796 eval_ret=n/a pursuer_target_distance=2.870 capture=0.001 score=0.000 pol=-0.0025 val=0.0188 ent=1.1973 tot=-0.0051 agnorm=0.131 cgnorm=0.122 kl=0.0026 clipf=0.025 ev=+0.902 r0=1.0000 entcoef=1.00e-02 lr=3.7e-04 seed=9
iter= 295 step= 947200 ep_ret=-24.133 opt_ret=-24.133 step_rew=-0.2413 opt_step=-0.2413 gap0=24.133 dret=+52.242 eval_ret=n/a pursuer_target_distance=2.884 capture=0.007 score=0.002 pol=-0.0012 val=0.0410 ent=1.2402 tot=+0.0069 agnorm=0.073 cgnorm=0.106 kl=0.0018 clipf=0.013 ev=+0.775 r0=1.0000 entcoef=1.00e-02 lr=3.7e-04 seed=9
iter= 296 step= 950400 ep_ret=-21.357 opt_ret=-21.357 step_rew=-0.2136 opt_step=-0.2136 gap0=21.357 dret=+55.019 eval_ret=n/a pursuer_target_distance=2.907 capture=0.021 score=0.005 pol=-0.0024 val=0.1873 ent=1.1759 tot=+0.0794 agnorm=0.128 cgnorm=0.161 kl=0.0032 clipf=0.028 ev=+0.572 r0=1.0000 entcoef=1.00e-02 lr=3.7e-04 seed=9
iter= 297 step= 953600 ep_ret=-40.617 opt_ret=-40.617 step_rew=-0.4062 opt_step=-0.4062 gap0=40.617 dret=+35.759 eval_ret=n/a pursuer_target_distance=3.379 capture=0.001 score=0.000 pol=-0.0018 val=0.0229 ent=1.1925 tot=-0.0023 agnorm=0.113 cgnorm=0.116 kl=0.0023 clipf=0.023 ev=+0.918 r0=1.0000 entcoef=1.00e-02 lr=3.7e-04 seed=9
iter= 298 step= 956800 ep_ret=-40.408 opt_ret=-40.408 step_rew=-0.4041 opt_step=-0.4041 gap0=40.408 dret=+35.967 eval_ret=n/a pursuer_target_distance=3.392 capture=0.001 score=0.000 pol=-0.0015 val=0.0142 ent=1.1860 tot=-0.0063 agnorm=0.112 cgnorm=0.066 kl=0.0021 clipf=0.017 ev=+0.942 r0=1.0000 entcoef=1.00e-02 lr=3.7e-04 seed=9
iter= 299 step= 960000 ep_ret=-39.769 opt_ret=-39.769 step_rew=-0.3977 opt_step=-0.3977 gap0=39.769 dret=+36.606 eval_ret=n/a pursuer_target_distance=3.628 capture=0.001 score=0.000 pol=-0.0012 val=0.0174 ent=1.2001 tot=-0.0045 agnorm=0.063 cgnorm=0.097 kl=0.0011 clipf=0.007 ev=+0.925 r0=1.0000 entcoef=1.00e-02 lr=3.7e-04 seed=9
iter= 300 step= 963200 ep_ret=-26.279 opt_ret=-26.279 step_rew=-0.2628 opt_step=-0.2628 gap0=26.279 dret=+50.097 eval_ret=-10.829 pursuer_target_distance=3.393 capture=0.013 score=0.003 pol=-0.0024 val=0.1063 ent=1.1996 tot=+0.0387 agnorm=0.152 cgnorm=0.127 kl=0.0025 clipf=0.028 ev=+0.664 r0=1.0000 entcoef=1.00e-02 lr=3.7e-04 seed=9
iter= 301 step= 966400 ep_ret=-42.621 opt_ret=-42.621 step_rew=-0.4262 opt_step=-0.4262 gap0=42.621 dret=+33.755 eval_ret=n/a pursuer_target_distance=3.889 capture=0.002 score=0.000 pol=-0.0021 val=0.0224 ent=1.2062 tot=-0.0029 agnorm=0.102 cgnorm=0.093 kl=0.0026 clipf=0.025 ev=+0.901 r0=1.0000 entcoef=1.00e-02 lr=3.7e-04 seed=9
iter= 302 step= 969600 ep_ret=-38.420 opt_ret=-38.420 step_rew=-0.3842 opt_step=-0.3842 gap0=38.420 dret=+37.956 eval_ret=n/a pursuer_target_distance=3.192 capture=0.004 score=0.001 pol=-0.0012 val=0.0326 ent=1.2078 tot=+0.0030 agnorm=0.079 cgnorm=0.096 kl=0.0024 clipf=0.021 ev=+0.856 r0=1.0000 entcoef=1.00e-02 lr=3.7e-04 seed=9
iter= 303 step= 972800 ep_ret=-35.954 opt_ret=-35.954 step_rew=-0.3595 opt_step=-0.3595 gap0=35.954 dret=+40.422 eval_ret=n/a pursuer_target_distance=2.909 capture=0.000 score=0.000 pol=-0.0020 val=0.0132 ent=1.2176 tot=-0.0076 agnorm=0.107 cgnorm=0.080 kl=0.0022 clipf=0.019 ev=+0.916 r0=1.0000 entcoef=1.00e-02 lr=3.6e-04 seed=9
iter= 304 step= 976000 ep_ret=-28.267 opt_ret=-28.267 step_rew=-0.2827 opt_step=-0.2827 gap0=28.267 dret=+48.109 eval_ret=n/a pursuer_target_distance=2.489 capture=0.001 score=0.000 pol=-0.0016 val=0.0118 ent=1.2351 tot=-0.0080 agnorm=0.080 cgnorm=0.067 kl=0.0020 clipf=0.015 ev=+0.889 r0=1.0000 entcoef=1.00e-02 lr=3.6e-04 seed=9
iter= 305 step= 979200 ep_ret=-26.374 opt_ret=-26.374 step_rew=-0.2637 opt_step=-0.2637 gap0=26.374 dret=+50.002 eval_ret=n/a pursuer_target_distance=2.799 capture=0.006 score=0.001 pol=-0.0020 val=0.0451 ent=1.2283 tot=+0.0082 agnorm=0.130 cgnorm=0.080 kl=0.0023 clipf=0.023 ev=+0.742 r0=1.0000 entcoef=1.00e-02 lr=3.6e-04 seed=9
iter= 306 step= 982400 ep_ret=-30.669 opt_ret=-30.669 step_rew=-0.3067 opt_step=-0.3067 gap0=30.669 dret=+45.706 eval_ret=n/a pursuer_target_distance=3.195 capture=0.007 score=0.002 pol=-0.0016 val=0.0531 ent=1.2075 tot=+0.0129 agnorm=0.118 cgnorm=0.181 kl=0.0025 clipf=0.024 ev=+0.700 r0=1.0000 entcoef=1.00e-02 lr=3.6e-04 seed=9
iter= 307 step= 985600 ep_ret=-12.032 opt_ret=-12.032 step_rew=-0.1203 opt_step=-0.1203 gap0=12.032 dret=+64.343 eval_ret=n/a pursuer_target_distance=2.418 capture=0.017 score=0.005 pol=-0.0010 val=0.1730 ent=1.2423 tot=+0.0730 agnorm=0.074 cgnorm=0.142 kl=0.0030 clipf=0.038 ev=+0.566 r0=1.0000 entcoef=1.00e-02 lr=3.6e-04 seed=9
iter= 308 step= 988800 ep_ret=-10.951 opt_ret=-10.951 step_rew=-0.1095 opt_step=-0.1095 gap0=10.951 dret=+65.425 eval_ret=n/a pursuer_target_distance=2.475 capture=0.019 score=0.006 pol=-0.0016 val=0.1826 ent=1.2299 tot=+0.0774 agnorm=0.086 cgnorm=0.158 kl=0.0022 clipf=0.022 ev=+0.566 r0=1.0000 entcoef=1.00e-02 lr=3.6e-04 seed=9
iter= 309 step= 992000 ep_ret=-26.363 opt_ret=-26.363 step_rew=-0.2636 opt_step=-0.2636 gap0=26.363 dret=+50.013 eval_ret=n/a pursuer_target_distance=2.492 capture=0.006 score=0.002 pol=-0.0018 val=0.0489 ent=1.2235 tot=+0.0104 agnorm=0.105 cgnorm=0.101 kl=0.0034 clipf=0.035 ev=+0.746 r0=1.0000 entcoef=1.00e-02 lr=3.6e-04 seed=9
iter= 310 step= 995200 ep_ret=-11.963 opt_ret=-11.963 step_rew=-0.1196 opt_step=-0.1196 gap0=11.963 dret=+64.412 eval_ret=n/a pursuer_target_distance=2.723 capture=0.020 score=0.005 pol=-0.0015 val=0.2486 ent=1.2433 tot=+0.1104 agnorm=0.141 cgnorm=0.225 kl=0.0010 clipf=0.005 ev=+0.385 r0=1.0000 entcoef=1.00e-02 lr=3.6e-04 seed=9
iter= 311 step= 998400 ep_ret=-29.359 opt_ret=-29.359 step_rew=-0.2936 opt_step=-0.2936 gap0=29.359 dret=+47.017 eval_ret=n/a pursuer_target_distance=2.939 capture=0.006 score=0.001 pol=-0.0012 val=0.0455 ent=1.2267 tot=+0.0092 agnorm=0.064 cgnorm=0.129 kl=0.0019 clipf=0.017 ev=+0.741 r0=1.0000 entcoef=1.00e-02 lr=3.6e-04 seed=9
iter= 312 step=1001600 ep_ret=-46.324 opt_ret=-46.324 step_rew=-0.4632 opt_step=-0.4632 gap0=46.324 dret=+30.052 eval_ret=n/a pursuer_target_distance=3.870 capture=0.000 score=0.000 pol=-0.0015 val=0.0149 ent=1.2171 tot=-0.0062 agnorm=0.081 cgnorm=0.076 kl=0.0020 clipf=0.019 ev=+0.929 r0=1.0000 entcoef=1.00e-02 lr=3.6e-04 seed=9
iter= 313 step=1004800 ep_ret=-18.837 opt_ret=-18.837 step_rew=-0.1884 opt_step=-0.1884 gap0=18.837 dret=+57.539 eval_ret=n/a pursuer_target_distance=2.349 capture=0.008 score=0.002 pol=-0.0010 val=0.0476 ent=1.2227 tot=+0.0106 agnorm=0.069 cgnorm=0.127 kl=0.0014 clipf=0.008 ev=+0.722 r0=1.0000 entcoef=1.00e-02 lr=3.5e-04 seed=9
iter= 314 step=1008000 ep_ret=-42.393 opt_ret=-42.393 step_rew=-0.4239 opt_step=-0.4239 gap0=42.393 dret=+33.983 eval_ret=n/a pursuer_target_distance=3.688 capture=0.001 score=0.000 pol=-0.0017 val=0.0176 ent=1.2374 tot=-0.0052 agnorm=0.080 cgnorm=0.090 kl=0.0016 clipf=0.014 ev=+0.928 r0=1.0000 entcoef=1.00e-02 lr=3.5e-04 seed=9
iter= 315 step=1011200 ep_ret=-35.407 opt_ret=-35.407 step_rew=-0.3541 opt_step=-0.3541 gap0=35.407 dret=+40.969 eval_ret=n/a pursuer_target_distance=3.038 capture=0.000 score=0.000 pol=-0.0017 val=0.0110 ent=1.2388 tot=-0.0086 agnorm=0.090 cgnorm=0.058 kl=0.0020 clipf=0.019 ev=+0.921 r0=1.0000 entcoef=1.00e-02 lr=3.5e-04 seed=9
iter= 316 step=1014400 ep_ret=-20.606 opt_ret=-20.606 step_rew=-0.2061 opt_step=-0.2061 gap0=20.606 dret=+55.769 eval_ret=n/a pursuer_target_distance=2.264 capture=0.008 score=0.002 pol=-0.0028 val=0.0635 ent=1.2327 tot=+0.0166 agnorm=0.122 cgnorm=0.090 kl=0.0024 clipf=0.023 ev=+0.730 r0=1.0000 entcoef=1.00e-02 lr=3.5e-04 seed=9
iter= 317 step=1017600 ep_ret=-41.273 opt_ret=-41.273 step_rew=-0.4127 opt_step=-0.4127 gap0=41.273 dret=+35.102 eval_ret=n/a pursuer_target_distance=3.411 capture=0.001 score=0.000 pol=-0.0011 val=0.0214 ent=1.2280 tot=-0.0027 agnorm=0.086 cgnorm=0.085 kl=0.0016 clipf=0.014 ev=+0.885 r0=1.0000 entcoef=1.00e-02 lr=3.5e-04 seed=9
iter= 318 step=1020800 ep_ret=-37.364 opt_ret=-37.364 step_rew=-0.3736 opt_step=-0.3736 gap0=37.364 dret=+39.011 eval_ret=n/a pursuer_target_distance=2.956 capture=0.000 score=0.000 pol=-0.0016 val=0.0168 ent=1.2552 tot=-0.0058 agnorm=0.092 cgnorm=0.078 kl=0.0019 clipf=0.018 ev=+0.893 r0=1.0000 entcoef=1.00e-02 lr=3.5e-04 seed=9
iter= 319 step=1024000 ep_ret=-33.225 opt_ret=-33.225 step_rew=-0.3323 opt_step=-0.3323 gap0=33.225 dret=+43.150 eval_ret=n/a pursuer_target_distance=2.425 capture=0.000 score=0.000 pol=-0.0021 val=0.0140 ent=1.2527 tot=-0.0077 agnorm=0.104 cgnorm=0.100 kl=0.0026 clipf=0.020 ev=+0.892 r0=1.0000 entcoef=1.00e-02 lr=3.5e-04 seed=9
iter= 320 step=1027200 ep_ret=-37.608 opt_ret=-37.608 step_rew=-0.3761 opt_step=-0.3761 gap0=37.608 dret=+38.767 eval_ret=-10.088 pursuer_target_distance=3.321 capture=0.000 score=0.000 pol=-0.0016 val=0.0130 ent=1.2533 tot=-0.0076 agnorm=0.099 cgnorm=0.058 kl=0.0020 clipf=0.019 ev=+0.915 r0=1.0000 entcoef=1.00e-02 lr=3.5e-04 seed=9
iter= 321 step=1030400 ep_ret=-38.275 opt_ret=-38.275 step_rew=-0.3828 opt_step=-0.3828 gap0=38.275 dret=+38.100 eval_ret=n/a pursuer_target_distance=3.635 capture=0.006 score=0.001 pol=-0.0010 val=0.0432 ent=1.2303 tot=+0.0083 agnorm=0.072 cgnorm=0.096 kl=0.0012 clipf=0.008 ev=+0.763 r0=1.0000 entcoef=1.00e-02 lr=3.5e-04 seed=9
iter= 322 step=1033600 ep_ret=-20.815 opt_ret=-20.815 step_rew=-0.2082 opt_step=-0.2082 gap0=20.815 dret=+55.560 eval_ret=n/a pursuer_target_distance=2.335 capture=0.009 score=0.003 pol=-0.0018 val=0.0548 ent=1.2363 tot=+0.0132 agnorm=0.100 cgnorm=0.094 kl=0.0020 clipf=0.013 ev=+0.612 r0=1.0000 entcoef=1.00e-02 lr=3.4e-04 seed=9
iter= 323 step=1036800 ep_ret=-30.662 opt_ret=-30.662 step_rew=-0.3066 opt_step=-0.3066 gap0=30.662 dret=+45.713 eval_ret=n/a pursuer_target_distance=2.512 capture=0.003 score=0.001 pol=-0.0017 val=0.0186 ent=1.2376 tot=-0.0048 agnorm=0.082 cgnorm=0.085 kl=0.0031 clipf=0.028 ev=+0.851 r0=1.0000 entcoef=1.00e-02 lr=3.4e-04 seed=9
iter= 324 step=1040000 ep_ret=-9.288 opt_ret=-9.288 step_rew=-0.0929 opt_step=-0.0929 gap0=9.288 dret=+67.088 eval_ret=n/a pursuer_target_distance=2.757 capture=0.022 score=0.006 pol=-0.0019 val=0.2893 ent=1.2280 tot=+0.1305 agnorm=0.243 cgnorm=0.212 kl=0.0018 clipf=0.014 ev=+0.292 r0=1.0000 entcoef=1.00e-02 lr=3.4e-04 seed=9
iter= 325 step=1043200 ep_ret=-25.927 opt_ret=-25.927 step_rew=-0.2593 opt_step=-0.2593 gap0=25.927 dret=+50.448 eval_ret=n/a pursuer_target_distance=2.755 capture=0.006 score=0.002 pol=-0.0021 val=0.0339 ent=1.2118 tot=+0.0028 agnorm=0.108 cgnorm=0.091 kl=0.0027 clipf=0.027 ev=+0.751 r0=1.0000 entcoef=1.00e-02 lr=3.4e-04 seed=9
iter= 326 step=1046400 ep_ret=-33.453 opt_ret=-33.453 step_rew=-0.3345 opt_step=-0.3345 gap0=33.453 dret=+42.922 eval_ret=n/a pursuer_target_distance=2.900 capture=0.003 score=0.001 pol=-0.0014 val=0.0382 ent=1.2121 tot=+0.0056 agnorm=0.096 cgnorm=0.105 kl=0.0022 clipf=0.020 ev=+0.788 r0=1.0000 entcoef=1.00e-02 lr=3.4e-04 seed=9
iter= 327 step=1049600 ep_ret=-31.754 opt_ret=-31.754 step_rew=-0.3175 opt_step=-0.3175 gap0=31.754 dret=+44.622 eval_ret=n/a pursuer_target_distance=2.877 capture=0.000 score=0.000 pol=-0.0015 val=0.0100 ent=1.2046 tot=-0.0086 agnorm=0.077 cgnorm=0.059 kl=0.0018 clipf=0.013 ev=+0.937 r0=1.0000 entcoef=1.00e-02 lr=3.4e-04 seed=9
iter= 328 step=1052800 ep_ret=-28.216 opt_ret=-28.216 step_rew=-0.2822 opt_step=-0.2822 gap0=28.216 dret=+48.160 eval_ret=n/a pursuer_target_distance=2.200 capture=0.001 score=0.000 pol=-0.0018 val=0.0117 ent=1.2067 tot=-0.0080 agnorm=0.093 cgnorm=0.054 kl=0.0024 clipf=0.023 ev=+0.916 r0=1.0000 entcoef=1.00e-02 lr=3.4e-04 seed=9
iter= 329 step=1056000 ep_ret=-11.963 opt_ret=-11.963 step_rew=-0.1196 opt_step=-0.1196 gap0=11.963 dret=+64.412 eval_ret=n/a pursuer_target_distance=2.683 capture=0.022 score=0.006 pol=-0.0013 val=0.1752 ent=1.1804 tot=+0.0745 agnorm=0.061 cgnorm=0.216 kl=0.0011 clipf=0.007 ev=+0.460 r0=1.0000 entcoef=1.00e-02 lr=3.4e-04 seed=9
iter= 330 step=1059200 ep_ret=-38.901 opt_ret=-38.901 step_rew=-0.3890 opt_step=-0.3890 gap0=38.901 dret=+37.475 eval_ret=n/a pursuer_target_distance=3.779 capture=0.005 score=0.001 pol=-0.0007 val=0.0481 ent=1.2058 tot=+0.0113 agnorm=0.046 cgnorm=0.109 kl=0.0010 clipf=0.006 ev=+0.722 r0=1.0000 entcoef=1.00e-02 lr=3.4e-04 seed=9
iter= 331 step=1062400 ep_ret=-27.456 opt_ret=-27.456 step_rew=-0.2746 opt_step=-0.2746 gap0=27.456 dret=+48.920 eval_ret=n/a pursuer_target_distance=2.729 capture=0.009 score=0.003 pol=-0.0020 val=0.0564 ent=1.1824 tot=+0.0144 agnorm=0.116 cgnorm=0.081 kl=0.0021 clipf=0.021 ev=+0.746 r0=1.0000 entcoef=1.00e-02 lr=3.3e-04 seed=9
iter= 332 step=1065600 ep_ret=-26.121 opt_ret=-26.121 step_rew=-0.2612 opt_step=-0.2612 gap0=26.121 dret=+50.255 eval_ret=n/a pursuer_target_distance=2.811 capture=0.005 score=0.001 pol=-0.0015 val=0.0378 ent=1.2132 tot=+0.0053 agnorm=0.113 cgnorm=0.134 kl=0.0017 clipf=0.016 ev=+0.739 r0=1.0000 entcoef=1.00e-02 lr=3.3e-04 seed=9
iter= 333 step=1068800 ep_ret=-26.322 opt_ret=-26.322 step_rew=-0.2632 opt_step=-0.2632 gap0=26.322 dret=+50.054 eval_ret=n/a pursuer_target_distance=2.805 capture=0.009 score=0.002 pol=-0.0015 val=0.0617 ent=1.2349 tot=+0.0171 agnorm=0.101 cgnorm=0.161 kl=0.0019 clipf=0.015 ev=+0.659 r0=1.0000 entcoef=1.00e-02 lr=3.3e-04 seed=9
iter= 334 step=1072000 ep_ret=-34.522 opt_ret=-34.522 step_rew=-0.3452 opt_step=-0.3452 gap0=34.522 dret=+41.853 eval_ret=n/a pursuer_target_distance=3.686 capture=0.012 score=0.002 pol=-0.0012 val=0.1285 ent=1.1862 tot=+0.0512 agnorm=0.089 cgnorm=0.150 kl=0.0017 clipf=0.014 ev=+0.536 r0=1.0000 entcoef=1.00e-02 lr=3.3e-04 seed=9
iter= 335 step=1075200 ep_ret=-29.921 opt_ret=-29.921 step_rew=-0.2992 opt_step=-0.2992 gap0=29.921 dret=+46.454 eval_ret=n/a pursuer_target_distance=3.070 capture=0.006 score=0.001 pol=-0.0017 val=0.0464 ent=1.1968 tot=+0.0096 agnorm=0.097 cgnorm=0.097 kl=0.0024 clipf=0.024 ev=+0.778 r0=1.0000 entcoef=1.00e-02 lr=3.3e-04 seed=9
iter= 336 step=1078400 ep_ret=-30.952 opt_ret=-30.952 step_rew=-0.3095 opt_step=-0.3095 gap0=30.952 dret=+45.424 eval_ret=n/a pursuer_target_distance=2.650 capture=0.005 score=0.001 pol=-0.0009 val=0.0401 ent=1.2037 tot=+0.0071 agnorm=0.087 cgnorm=0.087 kl=0.0014 clipf=0.009 ev=+0.776 r0=1.0000 entcoef=1.00e-02 lr=3.3e-04 seed=9
iter= 337 step=1081600 ep_ret=-32.388 opt_ret=-32.388 step_rew=-0.3239 opt_step=-0.3239 gap0=32.388 dret=+43.987 eval_ret=n/a pursuer_target_distance=3.251 capture=0.008 score=0.002 pol=-0.0025 val=0.0476 ent=1.1911 tot=+0.0094 agnorm=0.118 cgnorm=0.108 kl=0.0022 clipf=0.023 ev=+0.766 r0=1.0000 entcoef=1.00e-02 lr=3.3e-04 seed=9
iter= 338 step=1084800 ep_ret=-31.840 opt_ret=-31.840 step_rew=-0.3184 opt_step=-0.3184 gap0=31.840 dret=+44.536 eval_ret=n/a pursuer_target_distance=3.199 capture=0.003 score=0.001 pol=-0.0017 val=0.0305 ent=1.2178 tot=+0.0014 agnorm=0.113 cgnorm=0.073 kl=0.0023 clipf=0.021 ev=+0.800 r0=1.0000 entcoef=1.00e-02 lr=3.3e-04 seed=9
iter= 339 step=1088000 ep_ret=-23.546 opt_ret=-23.546 step_rew=-0.2355 opt_step=-0.2355 gap0=23.546 dret=+52.830 eval_ret=n/a pursuer_target_distance=2.831 capture=0.011 score=0.003 pol=-0.0009 val=0.0826 ent=1.1952 tot=+0.0285 agnorm=0.078 cgnorm=0.102 kl=0.0018 clipf=0.015 ev=+0.567 r0=1.0000 entcoef=1.00e-02 lr=3.3e-04 seed=9
iter= 340 step=1091200 ep_ret=-18.942 opt_ret=-18.942 step_rew=-0.1894 opt_step=-0.1894 gap0=18.942 dret=+57.433 eval_ret=-9.703 pursuer_target_distance=2.798 capture=0.016 score=0.004 pol=-0.0013 val=0.1129 ent=1.1850 tot=+0.0433 agnorm=0.060 cgnorm=0.134 kl=0.0016 clipf=0.013 ev=+0.591 r0=1.0000 entcoef=1.00e-02 lr=3.2e-04 seed=9
iter= 341 step=1094400 ep_ret=-27.488 opt_ret=-27.488 step_rew=-0.2749 opt_step=-0.2749 gap0=27.488 dret=+48.888 eval_ret=n/a pursuer_target_distance=2.456 capture=0.000 score=0.000 pol=-0.0013 val=0.0096 ent=1.1715 tot=-0.0082 agnorm=0.080 cgnorm=0.061 kl=0.0023 clipf=0.019 ev=+0.898 r0=1.0000 entcoef=1.00e-02 lr=3.2e-04 seed=9
iter= 342 step=1097600 ep_ret=-28.002 opt_ret=-28.002 step_rew=-0.2800 opt_step=-0.2800 gap0=28.002 dret=+48.374 eval_ret=n/a pursuer_target_distance=2.548 capture=0.000 score=0.000 pol=-0.0018 val=0.0111 ent=1.1914 tot=-0.0081 agnorm=0.132 cgnorm=0.057 kl=0.0020 clipf=0.019 ev=+0.910 r0=1.0000 entcoef=1.00e-02 lr=3.2e-04 seed=9
iter= 343 step=1100800 ep_ret=-28.821 opt_ret=-28.821 step_rew=-0.2882 opt_step=-0.2882 gap0=28.821 dret=+47.555 eval_ret=n/a pursuer_target_distance=2.668 capture=0.007 score=0.002 pol=-0.0020 val=0.0529 ent=1.1792 tot=+0.0127 agnorm=0.111 cgnorm=0.107 kl=0.0029 clipf=0.034 ev=+0.719 r0=1.0000 entcoef=1.00e-02 lr=3.2e-04 seed=9
iter= 344 step=1104000 ep_ret=-37.622 opt_ret=-37.622 step_rew=-0.3762 opt_step=-0.3762 gap0=37.622 dret=+38.754 eval_ret=n/a pursuer_target_distance=3.441 capture=0.008 score=0.002 pol=-0.0015 val=0.0797 ent=1.1805 tot=+0.0266 agnorm=0.117 cgnorm=0.115 kl=0.0031 clipf=0.032 ev=+0.693 r0=1.0000 entcoef=1.00e-02 lr=3.2e-04 seed=9
iter= 345 step=1107200 ep_ret=-25.282 opt_ret=-25.282 step_rew=-0.2528 opt_step=-0.2528 gap0=25.282 dret=+51.094 eval_ret=n/a pursuer_target_distance=2.132 capture=0.006 score=0.002 pol=-0.0028 val=0.0363 ent=1.1686 tot=+0.0037 agnorm=0.239 cgnorm=0.094 kl=0.0033 clipf=0.032 ev=+0.770 r0=1.0000 entcoef=1.00e-02 lr=3.2e-04 seed=9
iter= 346 step=1110400 ep_ret=-36.435 opt_ret=-36.435 step_rew=-0.3643 opt_step=-0.3643 gap0=36.435 dret=+39.941 eval_ret=n/a pursuer_target_distance=2.965 capture=0.000 score=0.000 pol=-0.0012 val=0.0117 ent=1.1651 tot=-0.0070 agnorm=0.099 cgnorm=0.067 kl=0.0016 clipf=0.014 ev=+0.908 r0=1.0000 entcoef=1.00e-02 lr=3.2e-04 seed=9
iter= 347 step=1113600 ep_ret=-35.593 opt_ret=-35.593 step_rew=-0.3559 opt_step=-0.3559 gap0=35.593 dret=+40.783 eval_ret=n/a pursuer_target_distance=3.043 capture=0.000 score=0.000 pol=-0.0019 val=0.0125 ent=1.1959 tot=-0.0076 agnorm=0.091 cgnorm=0.071 kl=0.0020 clipf=0.018 ev=+0.918 r0=1.0000 entcoef=1.00e-02 lr=3.2e-04 seed=9
iter= 348 step=1116800 ep_ret=-21.814 opt_ret=-21.814 step_rew=-0.2181 opt_step=-0.2181 gap0=21.814 dret=+54.561 eval_ret=n/a pursuer_target_distance=3.386 capture=0.022 score=0.005 pol=-0.0015 val=0.2173 ent=1.1672 tot=+0.0955 agnorm=0.088 cgnorm=0.226 kl=0.0022 clipf=0.021 ev=+0.402 r0=1.0000 entcoef=1.00e-02 lr=3.2e-04 seed=9
iter= 349 step=1120000 ep_ret=-30.574 opt_ret=-30.574 step_rew=-0.3057 opt_step=-0.3057 gap0=30.574 dret=+45.801 eval_ret=n/a pursuer_target_distance=2.314 capture=0.000 score=0.000 pol=-0.0011 val=0.0086 ent=1.1441 tot=-0.0082 agnorm=0.084 cgnorm=0.093 kl=0.0013 clipf=0.010 ev=+0.928 r0=1.0000 entcoef=1.00e-02 lr=3.1e-04 seed=9
iter= 350 step=1123200 ep_ret=-27.420 opt_ret=-27.420 step_rew=-0.2742 opt_step=-0.2742 gap0=27.420 dret=+48.956 eval_ret=n/a pursuer_target_distance=2.310 capture=0.000 score=0.000 pol=-0.0018 val=0.0093 ent=1.1750 tot=-0.0089 agnorm=0.083 cgnorm=0.074 kl=0.0015 clipf=0.012 ev=+0.916 r0=1.0000 entcoef=1.00e-02 lr=3.1e-04 seed=9
iter= 351 step=1126400 ep_ret=-27.747 opt_ret=-27.747 step_rew=-0.2775 opt_step=-0.2775 gap0=27.747 dret=+48.628 eval_ret=n/a pursuer_target_distance=2.412 capture=0.001 score=0.000 pol=-0.0016 val=0.0123 ent=1.1648 tot=-0.0071 agnorm=0.079 cgnorm=0.050 kl=0.0017 clipf=0.012 ev=+0.905 r0=1.0000 entcoef=1.00e-02 lr=3.1e-04 seed=9
iter= 352 step=1129600 ep_ret=-36.664 opt_ret=-36.664 step_rew=-0.3666 opt_step=-0.3666 gap0=36.664 dret=+39.712 eval_ret=n/a pursuer_target_distance=3.935 capture=0.011 score=0.002 pol=-0.0019 val=0.1070 ent=1.1716 tot=+0.0399 agnorm=0.115 cgnorm=0.137 kl=0.0020 clipf=0.018 ev=+0.636 r0=1.0000 entcoef=1.00e-02 lr=3.1e-04 seed=9
iter= 353 step=1132800 ep_ret=-23.206 opt_ret=-23.206 step_rew=-0.2321 opt_step=-0.2321 gap0=23.206 dret=+53.169 eval_ret=n/a pursuer_target_distance=2.701 capture=0.008 score=0.002 pol=-0.0014 val=0.0512 ent=1.2037 tot=+0.0122 agnorm=0.081 cgnorm=0.132 kl=0.0021 clipf=0.021 ev=+0.675 r0=1.0000 entcoef=1.00e-02 lr=3.1e-04 seed=9
iter= 354 step=1136000 ep_ret=-25.771 opt_ret=-25.771 step_rew=-0.2577 opt_step=-0.2577 gap0=25.771 dret=+50.604 eval_ret=n/a pursuer_target_distance=2.633 capture=0.004 score=0.001 pol=-0.0013 val=0.0273 ent=1.2306 tot=+0.0000 agnorm=0.103 cgnorm=0.092 kl=0.0025 clipf=0.019 ev=+0.798 r0=1.0000 entcoef=1.00e-02 lr=3.1e-04 seed=9
iter= 355 step=1139200 ep_ret=-24.904 opt_ret=-24.904 step_rew=-0.2490 opt_step=-0.2490 gap0=24.904 dret=+51.471 eval_ret=n/a pursuer_target_distance=2.802 capture=0.012 score=0.003 pol=-0.0018 val=0.0806 ent=1.2123 tot=+0.0264 agnorm=0.089 cgnorm=0.134 kl=0.0019 clipf=0.015 ev=+0.678 r0=1.0000 entcoef=1.00e-02 lr=3.1e-04 seed=9
iter= 356 step=1142400 ep_ret=-29.188 opt_ret=-29.188 step_rew=-0.2919 opt_step=-0.2919 gap0=29.188 dret=+47.188 eval_ret=n/a pursuer_target_distance=2.571 capture=0.001 score=0.000 pol=-0.0015 val=0.0111 ent=1.2465 tot=-0.0084 agnorm=0.121 cgnorm=0.071 kl=0.0018 clipf=0.015 ev=+0.916 r0=1.0000 entcoef=1.00e-02 lr=3.1e-04 seed=9
iter= 357 step=1145600 ep_ret=-36.574 opt_ret=-36.574 step_rew=-0.3657 opt_step=-0.3657 gap0=36.574 dret=+39.801 eval_ret=n/a pursuer_target_distance=3.021 capture=0.000 score=0.000 pol=-0.0015 val=0.0127 ent=1.2323 tot=-0.0075 agnorm=0.124 cgnorm=0.073 kl=0.0025 clipf=0.027 ev=+0.905 r0=1.0000 entcoef=1.00e-02 lr=3.1e-04 seed=9
iter= 358 step=1148800 ep_ret=-20.135 opt_ret=-20.135 step_rew=-0.2013 opt_step=-0.2013 gap0=20.135 dret=+56.241 eval_ret=n/a pursuer_target_distance=2.912 capture=0.014 score=0.004 pol=-0.0015 val=0.0892 ent=1.2488 tot=+0.0306 agnorm=0.115 cgnorm=0.170 kl=0.0014 clipf=0.007 ev=+0.633 r0=1.0000 entcoef=1.00e-02 lr=3.0e-04 seed=9
iter= 359 step=1152000 ep_ret=-12.460 opt_ret=-12.460 step_rew=-0.1246 opt_step=-0.1246 gap0=12.460 dret=+63.915 eval_ret=n/a pursuer_target_distance=2.524 capture=0.021 score=0.006 pol=-0.0017 val=0.1622 ent=1.2429 tot=+0.0669 agnorm=0.096 cgnorm=0.153 kl=0.0014 clipf=0.011 ev=+0.525 r0=1.0000 entcoef=1.00e-02 lr=3.0e-04 seed=9
iter= 360 step=1155200 ep_ret=-37.515 opt_ret=-37.515 step_rew=-0.3751 opt_step=-0.3751 gap0=37.515 dret=+38.861 eval_ret=-10.829 pursuer_target_distance=3.237 capture=0.002 score=0.000 pol=-0.0019 val=0.0233 ent=1.2340 tot=-0.0025 agnorm=0.079 cgnorm=0.097 kl=0.0019 clipf=0.016 ev=+0.894 r0=1.0000 entcoef=1.00e-02 lr=3.0e-04 seed=9
iter= 361 step=1158400 ep_ret=-28.251 opt_ret=-28.251 step_rew=-0.2825 opt_step=-0.2825 gap0=28.251 dret=+48.125 eval_ret=n/a pursuer_target_distance=2.764 capture=0.006 score=0.001 pol=-0.0011 val=0.0431 ent=1.2353 tot=+0.0081 agnorm=0.077 cgnorm=0.095 kl=0.0017 clipf=0.013 ev=+0.772 r0=1.0000 entcoef=1.00e-02 lr=3.0e-04 seed=9
iter= 362 step=1161600 ep_ret=-21.437 opt_ret=-21.437 step_rew=-0.2144 opt_step=-0.2144 gap0=21.437 dret=+54.939 eval_ret=n/a pursuer_target_distance=2.458 capture=0.010 score=0.003 pol=-0.0020 val=0.0757 ent=1.2348 tot=+0.0235 agnorm=0.091 cgnorm=0.149 kl=0.0030 clipf=0.031 ev=+0.524 r0=1.0000 entcoef=1.00e-02 lr=3.0e-04 seed=9
iter= 363 step=1164800 ep_ret=-28.726 opt_ret=-28.726 step_rew=-0.2873 opt_step=-0.2873 gap0=28.726 dret=+47.650 eval_ret=n/a pursuer_target_distance=2.640 capture=0.000 score=0.000 pol=-0.0013 val=0.0105 ent=1.2489 tot=-0.0086 agnorm=0.083 cgnorm=0.064 kl=0.0020 clipf=0.014 ev=+0.932 r0=1.0000 entcoef=1.00e-02 lr=3.0e-04 seed=9
iter= 364 step=1168000 ep_ret=-26.901 opt_ret=-26.901 step_rew=-0.2690 opt_step=-0.2690 gap0=26.901 dret=+49.475 eval_ret=n/a pursuer_target_distance=3.039 capture=0.009 score=0.002 pol=-0.0022 val=0.0604 ent=1.2370 tot=+0.0157 agnorm=0.094 cgnorm=0.161 kl=0.0016 clipf=0.010 ev=+0.686 r0=1.0000 entcoef=1.00e-02 lr=3.0e-04 seed=9
iter= 365 step=1171200 ep_ret=-38.586 opt_ret=-38.586 step_rew=-0.3859 opt_step=-0.3859 gap0=38.586 dret=+37.790 eval_ret=n/a pursuer_target_distance=3.397 capture=0.003 score=0.001 pol=-0.0017 val=0.0256 ent=1.1997 tot=-0.0009 agnorm=0.104 cgnorm=0.074 kl=0.0020 clipf=0.015 ev=+0.869 r0=1.0000 entcoef=1.00e-02 lr=3.0e-04 seed=9
iter= 366 step=1174400 ep_ret=-19.865 opt_ret=-19.865 step_rew=-0.1986 opt_step=-0.1986 gap0=19.865 dret=+56.511 eval_ret=n/a pursuer_target_distance=2.694 capture=0.014 score=0.004 pol=-0.0015 val=0.0966 ent=1.2236 tot=+0.0346 agnorm=0.121 cgnorm=0.153 kl=0.0021 clipf=0.019 ev=+0.601 r0=1.0000 entcoef=1.00e-02 lr=3.0e-04 seed=9
iter= 367 step=1177600 ep_ret=-32.571 opt_ret=-32.571 step_rew=-0.3257 opt_step=-0.3257 gap0=32.571 dret=+43.805 eval_ret=n/a pursuer_target_distance=2.839 capture=0.004 score=0.001 pol=-0.0016 val=0.0236 ent=1.2163 tot=-0.0019 agnorm=0.074 cgnorm=0.072 kl=0.0018 clipf=0.013 ev=+0.858 r0=1.0000 entcoef=1.00e-02 lr=2.9e-04 seed=9
iter= 368 step=1180800 ep_ret=-18.580 opt_ret=-18.580 step_rew=-0.1858 opt_step=-0.1858 gap0=18.580 dret=+57.796 eval_ret=n/a pursuer_target_distance=2.364 capture=0.009 score=0.003 pol=-0.0015 val=0.0619 ent=1.2181 tot=+0.0173 agnorm=0.186 cgnorm=0.108 kl=0.0018 clipf=0.016 ev=+0.682 r0=1.0000 entcoef=1.00e-02 lr=2.9e-04 seed=9
iter= 369 step=1184000 ep_ret=-27.351 opt_ret=-27.351 step_rew=-0.2735 opt_step=-0.2735 gap0=27.351 dret=+49.024 eval_ret=n/a pursuer_target_distance=2.319 capture=0.003 score=0.001 pol=-0.0012 val=0.0188 ent=1.2130 tot=-0.0040 agnorm=0.074 cgnorm=0.076 kl=0.0013 clipf=0.011 ev=+0.884 r0=1.0000 entcoef=1.00e-02 lr=2.9e-04 seed=9
iter= 370 step=1187200 ep_ret=-27.145 opt_ret=-27.145 step_rew=-0.2715 opt_step=-0.2715 gap0=27.145 dret=+49.231 eval_ret=n/a pursuer_target_distance=2.660 capture=0.003 score=0.001 pol=-0.0013 val=0.0231 ent=1.1863 tot=-0.0017 agnorm=0.099 cgnorm=0.057 kl=0.0012 clipf=0.006 ev=+0.876 r0=1.0000 entcoef=1.00e-02 lr=2.9e-04 seed=9
iter= 371 step=1190400 ep_ret=-25.943 opt_ret=-25.943 step_rew=-0.2594 opt_step=-0.2594 gap0=25.943 dret=+50.433 eval_ret=n/a pursuer_target_distance=2.437 capture=0.003 score=0.001 pol=-0.0012 val=0.0209 ent=1.2184 tot=-0.0029 agnorm=0.088 cgnorm=0.069 kl=0.0022 clipf=0.021 ev=+0.851 r0=1.0000 entcoef=1.00e-02 lr=2.9e-04 seed=9
iter= 372 step=1193600 ep_ret=-19.237 opt_ret=-19.237 step_rew=-0.1924 opt_step=-0.1924 gap0=19.237 dret=+57.138 eval_ret=n/a pursuer_target_distance=2.596 capture=0.014 score=0.004 pol=-0.0012 val=0.1046 ent=1.1962 tot=+0.0391 agnorm=0.091 cgnorm=0.148 kl=0.0016 clipf=0.012 ev=+0.589 r0=1.0000 entcoef=1.00e-02 lr=2.9e-04 seed=9
iter= 373 step=1196800 ep_ret=-35.598 opt_ret=-35.598 step_rew=-0.3560 opt_step=-0.3560 gap0=35.598 dret=+40.777 eval_ret=n/a pursuer_target_distance=3.294 capture=0.003 score=0.001 pol=-0.0012 val=0.0243 ent=1.2107 tot=-0.0011 agnorm=0.062 cgnorm=0.069 kl=0.0009 clipf=0.004 ev=+0.876 r0=1.0000 entcoef=1.00e-02 lr=2.9e-04 seed=9
iter= 374 step=1200000 ep_ret=-19.217 opt_ret=-19.217 step_rew=-0.1922 opt_step=-0.1922 gap0=19.217 dret=+57.158 eval_ret=n/a pursuer_target_distance=2.623 capture=0.013 score=0.004 pol=-0.0021 val=0.0750 ent=1.2313 tot=+0.0231 agnorm=0.129 cgnorm=0.098 kl=0.0023 clipf=0.023 ev=+0.649 r0=1.0000 entcoef=1.00e-02 lr=2.9e-04 seed=9
iter= 375 step=1203200 ep_ret=-10.236 opt_ret=-10.236 step_rew=-0.1024 opt_step=-0.1024 gap0=10.236 dret=+66.139 eval_ret=n/a pursuer_target_distance=1.962 capture=0.013 score=0.004 pol=-0.0017 val=0.0922 ent=1.2178 tot=+0.0323 agnorm=0.079 cgnorm=0.140 kl=0.0026 clipf=0.027 ev=+0.455 r0=1.0000 entcoef=1.00e-02 lr=2.9e-04 seed=9
iter= 376 step=1206400 ep_ret=-22.296 opt_ret=-22.296 step_rew=-0.2230 opt_step=-0.2230 gap0=22.296 dret=+54.080 eval_ret=n/a pursuer_target_distance=2.890 capture=0.015 score=0.004 pol=-0.0018 val=0.1088 ent=1.2037 tot=+0.0406 agnorm=0.125 cgnorm=0.157 kl=0.0018 clipf=0.016 ev=+0.583 r0=1.0000 entcoef=1.00e-02 lr=2.8e-04 seed=9
iter= 377 step=1209600 ep_ret=-25.007 opt_ret=-25.007 step_rew=-0.2501 opt_step=-0.2501 gap0=25.007 dret=+51.369 eval_ret=n/a pursuer_target_distance=2.586 capture=0.006 score=0.002 pol=-0.0013 val=0.0456 ent=1.2090 tot=+0.0094 agnorm=0.104 cgnorm=0.096 kl=0.0011 clipf=0.005 ev=+0.736 r0=1.0000 entcoef=1.00e-02 lr=2.8e-04 seed=9
iter= 378 step=1212800 ep_ret=-8.677 opt_ret=-8.677 step_rew=-0.0868 opt_step=-0.0868 gap0=8.677 dret=+67.698 eval_ret=n/a pursuer_target_distance=2.556 capture=0.021 score=0.006 pol=-0.0019 val=0.1141 ent=1.1904 tot=+0.0432 agnorm=0.180 cgnorm=0.216 kl=0.0024 clipf=0.025 ev=+0.583 r0=1.0000 entcoef=1.00e-02 lr=2.8e-04 seed=9
iter= 379 step=1216000 ep_ret=-26.590 opt_ret=-26.590 step_rew=-0.2659 opt_step=-0.2659 gap0=26.590 dret=+49.786 eval_ret=n/a pursuer_target_distance=3.065 capture=0.012 score=0.003 pol=-0.0013 val=0.1106 ent=1.1851 tot=+0.0422 agnorm=0.076 cgnorm=0.148 kl=0.0014 clipf=0.007 ev=+0.510 r0=1.0000 entcoef=1.00e-02 lr=2.8e-04 seed=9
iter= 380 step=1219200 ep_ret=-38.679 opt_ret=-38.679 step_rew=-0.3868 opt_step=-0.3868 gap0=38.679 dret=+37.696 eval_ret=-10.092 pursuer_target_distance=3.076 capture=0.001 score=0.000 pol=-0.0013 val=0.0118 ent=1.1813 tot=-0.0072 agnorm=0.070 cgnorm=0.047 kl=0.0018 clipf=0.014 ev=+0.927 r0=1.0000 entcoef=1.00e-02 lr=2.8e-04 seed=9
iter= 381 step=1222400 ep_ret=+12.554 opt_ret=+12.554 step_rew=0.1255 opt_step=0.1255 gap0=0.000 dret=+88.930 eval_ret=n/a pursuer_target_distance=2.319 capture=0.042 score=0.013 pol=-0.0014 val=0.3777 ent=1.2056 tot=+0.1754 agnorm=0.135 cgnorm=0.314 kl=0.0015 clipf=0.013 ev=+0.315 r0=1.0000 entcoef=1.00e-02 lr=2.8e-04 seed=9
iter= 382 step=1225600 ep_ret=-33.801 opt_ret=-33.801 step_rew=-0.3380 opt_step=-0.3380 gap0=33.801 dret=+42.575 eval_ret=n/a pursuer_target_distance=3.047 capture=0.000 score=0.000 pol=-0.0014 val=0.0158 ent=1.1793 tot=-0.0053 agnorm=0.076 cgnorm=0.075 kl=0.0017 clipf=0.014 ev=+0.900 r0=1.0000 entcoef=1.00e-02 lr=2.8e-04 seed=9
iter= 383 step=1228800 ep_ret=-26.204 opt_ret=-26.204 step_rew=-0.2620 opt_step=-0.2620 gap0=26.204 dret=+50.172 eval_ret=n/a pursuer_target_distance=2.998 capture=0.008 score=0.002 pol=-0.0021 val=0.0537 ent=1.1927 tot=+0.0128 agnorm=0.157 cgnorm=0.102 kl=0.0024 clipf=0.026 ev=+0.711 r0=1.0000 entcoef=1.00e-02 lr=2.8e-04 seed=9
iter= 384 step=1232000 ep_ret=-25.973 opt_ret=-25.973 step_rew=-0.2597 opt_step=-0.2597 gap0=25.973 dret=+50.402 eval_ret=n/a pursuer_target_distance=2.670 capture=0.010 score=0.003 pol=-0.0023 val=0.0543 ent=1.1835 tot=+0.0130 agnorm=0.236 cgnorm=0.069 kl=0.0025 clipf=0.029 ev=+0.733 r0=1.0000 entcoef=1.00e-02 lr=2.8e-04 seed=9
iter= 385 step=1235200 ep_ret=-27.165 opt_ret=-27.165 step_rew=-0.2717 opt_step=-0.2717 gap0=27.165 dret=+49.210 eval_ret=n/a pursuer_target_distance=2.612 capture=0.008 score=0.002 pol=-0.0015 val=0.0608 ent=1.1778 tot=+0.0172 agnorm=0.112 cgnorm=0.106 kl=0.0023 clipf=0.021 ev=+0.737 r0=1.0000 entcoef=1.00e-02 lr=2.7e-04 seed=9
iter= 386 step=1238400 ep_ret=-18.335 opt_ret=-18.335 step_rew=-0.1833 opt_step=-0.1833 gap0=18.335 dret=+58.041 eval_ret=n/a pursuer_target_distance=2.461 capture=0.009 score=0.003 pol=-0.0024 val=0.0752 ent=1.2112 tot=+0.0231 agnorm=0.330 cgnorm=0.096 kl=0.0019 clipf=0.019 ev=+0.680 r0=1.0000 entcoef=1.00e-02 lr=2.7e-04 seed=9
iter= 387 step=1241600 ep_ret=-13.837 opt_ret=-13.837 step_rew=-0.1384 opt_step=-0.1384 gap0=13.837 dret=+62.539 eval_ret=n/a pursuer_target_distance=2.209 capture=0.018 score=0.006 pol=-0.0011 val=0.1444 ent=1.1962 tot=+0.0591 agnorm=0.099 cgnorm=0.180 kl=0.0015 clipf=0.011 ev=+0.395 r0=1.0000 entcoef=1.00e-02 lr=2.7e-04 seed=9
iter= 388 step=1244800 ep_ret=-31.625 opt_ret=-31.625 step_rew=-0.3162 opt_step=-0.3162 gap0=31.625 dret=+44.751 eval_ret=n/a pursuer_target_distance=2.766 capture=0.000 score=0.000 pol=-0.0016 val=0.0091 ent=1.1880 tot=-0.0089 agnorm=0.098 cgnorm=0.070 kl=0.0016 clipf=0.012 ev=+0.930 r0=1.0000 entcoef=1.00e-02 lr=2.7e-04 seed=9
iter= 389 step=1248000 ep_ret=-32.484 opt_ret=-32.484 step_rew=-0.3248 opt_step=-0.3248 gap0=32.484 dret=+43.892 eval_ret=n/a pursuer_target_distance=2.667 capture=0.000 score=0.000 pol=-0.0015 val=0.0078 ent=1.1568 tot=-0.0092 agnorm=0.093 cgnorm=0.047 kl=0.0019 clipf=0.016 ev=+0.942 r0=1.0000 entcoef=1.00e-02 lr=2.7e-04 seed=9
iter= 390 step=1251200 ep_ret=-12.959 opt_ret=-12.959 step_rew=-0.1296 opt_step=-0.1296 gap0=12.959 dret=+63.416 eval_ret=n/a pursuer_target_distance=2.424 capture=0.014 score=0.004 pol=-0.0018 val=0.0705 ent=1.1876 tot=+0.0216 agnorm=0.213 cgnorm=0.128 kl=0.0016 clipf=0.012 ev=+0.665 r0=1.0000 entcoef=1.00e-02 lr=2.7e-04 seed=9
iter= 391 step=1254400 ep_ret=-17.430 opt_ret=-17.430 step_rew=-0.1743 opt_step=-0.1743 gap0=17.430 dret=+58.946 eval_ret=n/a pursuer_target_distance=2.388 capture=0.011 score=0.003 pol=-0.0015 val=0.0588 ent=1.1859 tot=+0.0161 agnorm=0.144 cgnorm=0.113 kl=0.0013 clipf=0.010 ev=+0.671 r0=1.0000 entcoef=1.00e-02 lr=2.7e-04 seed=9
iter= 392 step=1257600 ep_ret=-28.455 opt_ret=-28.455 step_rew=-0.2846 opt_step=-0.2846 gap0=28.455 dret=+47.920 eval_ret=n/a pursuer_target_distance=2.550 capture=0.002 score=0.001 pol=-0.0017 val=0.0167 ent=1.1831 tot=-0.0051 agnorm=0.108 cgnorm=0.060 kl=0.0019 clipf=0.017 ev=+0.897 r0=1.0000 entcoef=1.00e-02 lr=2.7e-04 seed=9
iter= 393 step=1260800 ep_ret=-8.178 opt_ret=-8.178 step_rew=-0.0818 opt_step=-0.0818 gap0=8.178 dret=+68.198 eval_ret=n/a pursuer_target_distance=2.278 capture=0.019 score=0.006 pol=-0.0012 val=0.1640 ent=1.1774 tot=+0.0690 agnorm=0.104 cgnorm=0.203 kl=0.0012 clipf=0.010 ev=+0.523 r0=1.0000 entcoef=1.00e-02 lr=2.7e-04 seed=9
iter= 394 step=1264000 ep_ret=-33.842 opt_ret=-33.842 step_rew=-0.3384 opt_step=-0.3384 gap0=33.842 dret=+42.533 eval_ret=n/a pursuer_target_distance=2.906 capture=0.002 score=0.000 pol=-0.0009 val=0.0134 ent=1.1534 tot=-0.0057 agnorm=0.090 cgnorm=0.078 kl=0.0007 clipf=0.002 ev=+0.928 r0=1.0000 entcoef=1.00e-02 lr=2.6e-04 seed=9
iter= 395 step=1267200 ep_ret=-21.877 opt_ret=-21.877 step_rew=-0.2188 opt_step=-0.2188 gap0=21.877 dret=+54.498 eval_ret=n/a pursuer_target_distance=2.416 capture=0.007 score=0.002 pol=-0.0014 val=0.0486 ent=1.1932 tot=+0.0110 agnorm=0.132 cgnorm=0.078 kl=0.0021 clipf=0.020 ev=+0.778 r0=1.0000 entcoef=1.00e-02 lr=2.6e-04 seed=9
iter= 396 step=1270400 ep_ret=-34.456 opt_ret=-34.456 step_rew=-0.3446 opt_step=-0.3446 gap0=34.456 dret=+41.920 eval_ret=n/a pursuer_target_distance=2.509 capture=0.000 score=0.000 pol=-0.0022 val=0.0130 ent=1.2124 tot=-0.0078 agnorm=0.137 cgnorm=0.104 kl=0.0028 clipf=0.031 ev=+0.907 r0=1.0000 entcoef=1.00e-02 lr=2.6e-04 seed=9
iter= 397 step=1273600 ep_ret=-33.853 opt_ret=-33.853 step_rew=-0.3385 opt_step=-0.3385 gap0=33.853 dret=+42.523 eval_ret=n/a pursuer_target_distance=2.718 capture=0.000 score=0.000 pol=-0.0015 val=0.0122 ent=1.2165 tot=-0.0076 agnorm=0.132 cgnorm=0.090 kl=0.0017 clipf=0.013 ev=+0.942 r0=1.0000 entcoef=1.00e-02 lr=2.6e-04 seed=9
iter= 398 step=1276800 ep_ret=-24.758 opt_ret=-24.758 step_rew=-0.2476 opt_step=-0.2476 gap0=24.758 dret=+51.617 eval_ret=n/a pursuer_target_distance=2.878 capture=0.011 score=0.003 pol=-0.0014 val=0.0839 ent=1.2207 tot=+0.0284 agnorm=0.116 cgnorm=0.242 kl=0.0008 clipf=0.004 ev=+0.544 r0=1.0000 entcoef=1.00e-02 lr=2.6e-04 seed=9
iter= 399 step=1280000 ep_ret=-15.399 opt_ret=-15.399 step_rew=-0.1540 opt_step=-0.1540 gap0=15.399 dret=+60.976 eval_ret=n/a pursuer_target_distance=2.123 capture=0.010 score=0.003 pol=-0.0010 val=0.0620 ent=1.2233 tot=+0.0177 agnorm=0.056 cgnorm=0.140 kl=0.0014 clipf=0.012 ev=+0.624 r0=1.0000 entcoef=1.00e-02 lr=2.6e-04 seed=9
iter= 400 step=1283200 ep_ret=-26.221 opt_ret=-26.221 step_rew=-0.2622 opt_step=-0.2622 gap0=26.221 dret=+50.155 eval_ret=-10.677 pursuer_target_distance=2.684 capture=0.005 score=0.001 pol=-0.0015 val=0.0354 ent=1.2228 tot=+0.0040 agnorm=0.084 cgnorm=0.071 kl=0.0017 clipf=0.019 ev=+0.776 r0=1.0000 entcoef=1.00e-02 lr=2.6e-04 seed=9
iter= 401 step=1286400 ep_ret=-27.544 opt_ret=-27.544 step_rew=-0.2754 opt_step=-0.2754 gap0=27.544 dret=+48.832 eval_ret=n/a pursuer_target_distance=3.442 capture=0.018 score=0.004 pol=-0.0011 val=0.1277 ent=1.1989 tot=+0.0507 agnorm=0.085 cgnorm=0.141 kl=0.0017 clipf=0.015 ev=+0.598 r0=1.0000 entcoef=1.00e-02 lr=2.6e-04 seed=9
iter= 402 step=1289600 ep_ret=-32.444 opt_ret=-32.444 step_rew=-0.3244 opt_step=-0.3244 gap0=32.444 dret=+43.932 eval_ret=n/a pursuer_target_distance=2.824 capture=0.002 score=0.001 pol=-0.0016 val=0.0163 ent=1.2184 tot=-0.0056 agnorm=0.121 cgnorm=0.074 kl=0.0010 clipf=0.006 ev=+0.879 r0=1.0000 entcoef=1.00e-02 lr=2.6e-04 seed=9
iter= 403 step=1292800 ep_ret=-27.390 opt_ret=-27.390 step_rew=-0.2739 opt_step=-0.2739 gap0=27.390 dret=+48.986 eval_ret=n/a pursuer_target_distance=2.755 capture=0.005 score=0.001 pol=-0.0012 val=0.0245 ent=1.2328 tot=-0.0013 agnorm=0.078 cgnorm=0.051 kl=0.0022 clipf=0.020 ev=+0.843 r0=1.0000 entcoef=1.00e-02 lr=2.5e-04 seed=9
iter= 404 step=1296000 ep_ret=-35.952 opt_ret=-35.952 step_rew=-0.3595 opt_step=-0.3595 gap0=35.952 dret=+40.424 eval_ret=n/a pursuer_target_distance=3.085 capture=0.000 score=0.000 pol=-0.0012 val=0.0106 ent=1.2195 tot=-0.0081 agnorm=0.086 cgnorm=0.077 kl=0.0012 clipf=0.006 ev=+0.935 r0=1.0000 entcoef=1.00e-02 lr=2.5e-04 seed=9
iter= 405 step=1299200 ep_ret=-28.039 opt_ret=-28.039 step_rew=-0.2804 opt_step=-0.2804 gap0=28.039 dret=+48.337 eval_ret=n/a pursuer_target_distance=2.782 capture=0.004 score=0.001 pol=-0.0008 val=0.0272 ent=1.2305 tot=+0.0006 agnorm=0.061 cgnorm=0.070 kl=0.0009 clipf=0.002 ev=+0.817 r0=1.0000 entcoef=1.00e-02 lr=2.5e-04 seed=9
iter= 406 step=1302400 ep_ret=-28.881 opt_ret=-28.881 step_rew=-0.2888 opt_step=-0.2888 gap0=28.881 dret=+47.494 eval_ret=n/a pursuer_target_distance=2.727 capture=0.008 score=0.002 pol=-0.0012 val=0.0591 ent=1.2229 tot=+0.0161 agnorm=0.062 cgnorm=0.124 kl=0.0014 clipf=0.011 ev=+0.683 r0=1.0000 entcoef=1.00e-02 lr=2.5e-04 seed=9
iter= 407 step=1305600 ep_ret=-35.667 opt_ret=-35.667 step_rew=-0.3567 opt_step=-0.3567 gap0=35.667 dret=+40.709 eval_ret=n/a pursuer_target_distance=3.131 capture=0.000 score=0.000 pol=-0.0013 val=0.0098 ent=1.2401 tot=-0.0088 agnorm=0.072 cgnorm=0.073 kl=0.0010 clipf=0.004 ev=+0.943 r0=1.0000 entcoef=1.00e-02 lr=2.5e-04 seed=9
iter= 408 step=1308800 ep_ret=-34.870 opt_ret=-34.870 step_rew=-0.3487 opt_step=-0.3487 gap0=34.870 dret=+41.505 eval_ret=n/a pursuer_target_distance=3.021 capture=0.001 score=0.000 pol=-0.0014 val=0.0134 ent=1.2268 tot=-0.0069 agnorm=0.082 cgnorm=0.061 kl=0.0014 clipf=0.009 ev=+0.914 r0=1.0000 entcoef=1.00e-02 lr=2.5e-04 seed=9
iter= 409 step=1312000 ep_ret=-28.852 opt_ret=-28.852 step_rew=-0.2885 opt_step=-0.2885 gap0=28.852 dret=+47.524 eval_ret=n/a pursuer_target_distance=2.926 capture=0.005 score=0.001 pol=-0.0007 val=0.0365 ent=1.2151 tot=+0.0054 agnorm=0.072 cgnorm=0.081 kl=0.0009 clipf=0.004 ev=+0.768 r0=1.0000 entcoef=1.00e-02 lr=2.5e-04 seed=9
iter= 410 step=1315200 ep_ret=-31.547 opt_ret=-31.547 step_rew=-0.3155 opt_step=-0.3155 gap0=31.547 dret=+44.829 eval_ret=n/a pursuer_target_distance=2.701 capture=0.005 score=0.001 pol=-0.0015 val=0.0362 ent=1.2285 tot=+0.0043 agnorm=0.070 cgnorm=0.121 kl=0.0011 clipf=0.005 ev=+0.747 r0=1.0000 entcoef=1.00e-02 lr=2.5e-04 seed=9
iter= 411 step=1318400 ep_ret=-10.422 opt_ret=-10.422 step_rew=-0.1042 opt_step=-0.1042 gap0=10.422 dret=+65.953 eval_ret=n/a pursuer_target_distance=2.220 capture=0.015 score=0.005 pol=-0.0013 val=0.1093 ent=1.2312 tot=+0.0410 agnorm=0.139 cgnorm=0.126 kl=0.0022 clipf=0.020 ev=+0.530 r0=1.0000 entcoef=1.00e-02 lr=2.5e-04 seed=9
iter= 412 step=1321600 ep_ret=-19.762 opt_ret=-19.762 step_rew=-0.1976 opt_step=-0.1976 gap0=19.762 dret=+56.613 eval_ret=n/a pursuer_target_distance=2.667 capture=0.011 score=0.003 pol=-0.0015 val=0.0739 ent=1.2521 tot=+0.0229 agnorm=0.115 cgnorm=0.098 kl=0.0009 clipf=0.004 ev=+0.671 r0=1.0000 entcoef=1.00e-02 lr=2.4e-04 seed=9
iter= 413 step=1324800 ep_ret=-8.251 opt_ret=-8.251 step_rew=-0.0825 opt_step=-0.0825 gap0=8.251 dret=+68.125 eval_ret=n/a pursuer_target_distance=2.757 capture=0.028 score=0.007 pol=-0.0008 val=0.2981 ent=1.2418 tot=+0.1359 agnorm=0.152 cgnorm=0.209 kl=0.0011 clipf=0.006 ev=+0.290 r0=1.0000 entcoef=1.00e-02 lr=2.4e-04 seed=9
iter= 414 step=1328000 ep_ret=-11.720 opt_ret=-11.720 step_rew=-0.1172 opt_step=-0.1172 gap0=11.720 dret=+64.655 eval_ret=n/a pursuer_target_distance=2.802 capture=0.024 score=0.006 pol=-0.0014 val=0.1897 ent=1.2030 tot=+0.0815 agnorm=0.120 cgnorm=0.178 kl=0.0018 clipf=0.016 ev=+0.465 r0=1.0000 entcoef=1.00e-02 lr=2.4e-04 seed=9
iter= 415 step=1331200 ep_ret=-26.754 opt_ret=-26.754 step_rew=-0.2675 opt_step=-0.2675 gap0=26.754 dret=+49.621 eval_ret=n/a pursuer_target_distance=2.894 capture=0.008 score=0.002 pol=-0.0005 val=0.0653 ent=1.2249 tot=+0.0199 agnorm=0.064 cgnorm=0.110 kl=0.0008 clipf=0.003 ev=+0.711 r0=1.0000 entcoef=1.00e-02 lr=2.4e-04 seed=9
iter= 416 step=1334400 ep_ret=-23.987 opt_ret=-23.987 step_rew=-0.2399 opt_step=-0.2399 gap0=23.987 dret=+52.388 eval_ret=n/a pursuer_target_distance=2.483 capture=0.006 score=0.002 pol=-0.0007 val=0.0386 ent=1.2453 tot=+0.0062 agnorm=0.051 cgnorm=0.077 kl=0.0009 clipf=0.004 ev=+0.745 r0=1.0000 entcoef=1.00e-02 lr=2.4e-04 seed=9
iter= 417 step=1337600 ep_ret=-25.911 opt_ret=-25.911 step_rew=-0.2591 opt_step=-0.2591 gap0=25.911 dret=+50.464 eval_ret=n/a pursuer_target_distance=2.005 capture=0.002 score=0.001 pol=-0.0012 val=0.0116 ent=1.2462 tot=-0.0079 agnorm=0.066 cgnorm=0.046 kl=0.0007 clipf=0.002 ev=+0.927 r0=1.0000 entcoef=1.00e-02 lr=2.4e-04 seed=9
iter= 418 step=1340800 ep_ret=-27.260 opt_ret=-27.260 step_rew=-0.2726 opt_step=-0.2726 gap0=27.260 dret=+49.116 eval_ret=n/a pursuer_target_distance=2.793 capture=0.009 score=0.002 pol=-0.0012 val=0.0724 ent=1.2550 tot=+0.0225 agnorm=0.129 cgnorm=0.134 kl=0.0014 clipf=0.007 ev=+0.725 r0=1.0000 entcoef=1.00e-02 lr=2.4e-04 seed=9
iter= 419 step=1344000 ep_ret=-28.402 opt_ret=-28.402 step_rew=-0.2840 opt_step=-0.2840 gap0=28.402 dret=+47.973 eval_ret=n/a pursuer_target_distance=2.619 capture=0.003 score=0.001 pol=-0.0009 val=0.0189 ent=1.2627 tot=-0.0041 agnorm=0.068 cgnorm=0.050 kl=0.0011 clipf=0.005 ev=+0.874 r0=1.0000 entcoef=1.00e-02 lr=2.4e-04 seed=9
iter= 420 step=1347200 ep_ret=-34.824 opt_ret=-34.824 step_rew=-0.3482 opt_step=-0.3482 gap0=34.824 dret=+41.551 eval_ret=-9.300 pursuer_target_distance=3.004 capture=0.004 score=0.001 pol=-0.0010 val=0.0281 ent=1.2605 tot=+0.0005 agnorm=0.087 cgnorm=0.097 kl=0.0016 clipf=0.016 ev=+0.807 r0=1.0000 entcoef=1.00e-02 lr=2.4e-04 seed=9
iter= 421 step=1350400 ep_ret=-32.933 opt_ret=-32.933 step_rew=-0.3293 opt_step=-0.3293 gap0=32.933 dret=+43.443 eval_ret=n/a pursuer_target_distance=3.072 capture=0.004 score=0.001 pol=-0.0008 val=0.0237 ent=1.2611 tot=-0.0016 agnorm=0.089 cgnorm=0.079 kl=0.0009 clipf=0.006 ev=+0.871 r0=1.0000 entcoef=1.00e-02 lr=2.3e-04 seed=9
iter= 422 step=1353600 ep_ret=-29.691 opt_ret=-29.691 step_rew=-0.2969 opt_step=-0.2969 gap0=29.691 dret=+46.685 eval_ret=n/a pursuer_target_distance=2.972 capture=0.003 score=0.001 pol=-0.0011 val=0.0226 ent=1.2481 tot=-0.0023 agnorm=0.096 cgnorm=0.047 kl=0.0010 clipf=0.006 ev=+0.851 r0=1.0000 entcoef=1.00e-02 lr=2.3e-04 seed=9
iter= 423 step=1356800 ep_ret=-24.255 opt_ret=-24.255 step_rew=-0.2425 opt_step=-0.2425 gap0=24.255 dret=+52.121 eval_ret=n/a pursuer_target_distance=2.697 capture=0.012 score=0.003 pol=-0.0018 val=0.0673 ent=1.2730 tot=+0.0191 agnorm=0.077 cgnorm=0.098 kl=0.0010 clipf=0.003 ev=+0.692 r0=1.0000 entcoef=1.00e-02 lr=2.3e-04 seed=9
iter= 424 step=1360000 ep_ret=-26.040 opt_ret=-26.040 step_rew=-0.2604 opt_step=-0.2604 gap0=26.040 dret=+50.335 eval_ret=n/a pursuer_target_distance=3.390 capture=0.013 score=0.003 pol=-0.0012 val=0.0673 ent=1.2539 tot=+0.0199 agnorm=0.092 cgnorm=0.096 kl=0.0012 clipf=0.005 ev=+0.741 r0=1.0000 entcoef=1.00e-02 lr=2.3e-04 seed=9
iter= 425 step=1363200 ep_ret=-15.867 opt_ret=-15.867 step_rew=-0.1587 opt_step=-0.1587 gap0=15.867 dret=+60.509 eval_ret=n/a pursuer_target_distance=2.381 capture=0.013 score=0.004 pol=-0.0012 val=0.0820 ent=1.2615 tot=+0.0271 agnorm=0.068 cgnorm=0.100 kl=0.0010 clipf=0.004 ev=+0.591 r0=1.0000 entcoef=1.00e-02 lr=2.3e-04 seed=9
iter= 426 step=1366400 ep_ret=-35.138 opt_ret=-35.138 step_rew=-0.3514 opt_step=-0.3514 gap0=35.138 dret=+41.237 eval_ret=n/a pursuer_target_distance=3.051 capture=0.000 score=0.000 pol=-0.0014 val=0.0124 ent=1.2638 tot=-0.0079 agnorm=0.079 cgnorm=0.073 kl=0.0010 clipf=0.005 ev=+0.916 r0=1.0000 entcoef=1.00e-02 lr=2.3e-04 seed=9
iter= 427 step=1369600 ep_ret=-19.237 opt_ret=-19.237 step_rew=-0.1924 opt_step=-0.1924 gap0=19.237 dret=+57.139 eval_ret=n/a pursuer_target_distance=2.712 capture=0.017 score=0.005 pol=-0.0024 val=0.1202 ent=1.2375 tot=+0.0454 agnorm=0.116 cgnorm=0.131 kl=0.0016 clipf=0.013 ev=+0.580 r0=1.0000 entcoef=1.00e-02 lr=2.3e-04 seed=9
iter= 428 step=1372800 ep_ret=-18.501 opt_ret=-18.501 step_rew=-0.1850 opt_step=-0.1850 gap0=18.501 dret=+57.875 eval_ret=n/a pursuer_target_distance=2.987 capture=0.018 score=0.005 pol=-0.0011 val=0.1423 ent=1.2495 tot=+0.0576 agnorm=0.078 cgnorm=0.172 kl=0.0014 clipf=0.008 ev=+0.605 r0=1.0000 entcoef=1.00e-02 lr=2.3e-04 seed=9
iter= 429 step=1376000 ep_ret=-34.398 opt_ret=-34.398 step_rew=-0.3440 opt_step=-0.3440 gap0=34.398 dret=+41.978 eval_ret=n/a pursuer_target_distance=3.081 capture=0.001 score=0.000 pol=-0.0014 val=0.0154 ent=1.2509 tot=-0.0062 agnorm=0.078 cgnorm=0.078 kl=0.0011 clipf=0.006 ev=+0.926 r0=1.0000 entcoef=1.00e-02 lr=2.3e-04 seed=9
iter= 430 step=1379200 ep_ret=-31.767 opt_ret=-31.767 step_rew=-0.3177 opt_step=-0.3177 gap0=31.767 dret=+44.609 eval_ret=n/a pursuer_target_distance=3.245 capture=0.007 score=0.002 pol=-0.0007 val=0.0588 ent=1.2717 tot=+0.0159 agnorm=0.086 cgnorm=0.110 kl=0.0009 clipf=0.004 ev=+0.779 r0=1.0000 entcoef=1.00e-02 lr=2.2e-04 seed=9
iter= 431 step=1382400 ep_ret=-23.563 opt_ret=-23.563 step_rew=-0.2356 opt_step=-0.2356 gap0=23.563 dret=+52.813 eval_ret=n/a pursuer_target_distance=3.152 capture=0.012 score=0.003 pol=-0.0010 val=0.1101 ent=1.2730 tot=+0.0413 agnorm=0.102 cgnorm=0.172 kl=0.0011 clipf=0.007 ev=+0.569 r0=1.0000 entcoef=1.00e-02 lr=2.2e-04 seed=9
iter= 432 step=1385600 ep_ret=-39.331 opt_ret=-39.331 step_rew=-0.3933 opt_step=-0.3933 gap0=39.331 dret=+37.045 eval_ret=n/a pursuer_target_distance=3.088 capture=0.000 score=0.000 pol=-0.0010 val=0.0167 ent=1.2720 tot=-0.0054 agnorm=0.056 cgnorm=0.090 kl=0.0007 clipf=0.003 ev=+0.931 r0=1.0000 entcoef=1.00e-02 lr=2.2e-04 seed=9
iter= 433 step=1388800 ep_ret=-18.246 opt_ret=-18.246 step_rew=-0.1825 opt_step=-0.1825 gap0=18.246 dret=+58.130 eval_ret=n/a pursuer_target_distance=3.110 capture=0.017 score=0.004 pol=-0.0006 val=0.1048 ent=1.2712 tot=+0.0391 agnorm=0.046 cgnorm=0.121 kl=0.0008 clipf=0.002 ev=+0.651 r0=1.0000 entcoef=1.00e-02 lr=2.2e-04 seed=9
iter= 434 step=1392000 ep_ret=-37.355 opt_ret=-37.355 step_rew=-0.3736 opt_step=-0.3736 gap0=37.355 dret=+39.020 eval_ret=n/a pursuer_target_distance=2.916 capture=0.001 score=0.000 pol=-0.0011 val=0.0128 ent=1.2566 tot=-0.0073 agnorm=0.058 cgnorm=0.082 kl=0.0008 clipf=0.003 ev=+0.924 r0=1.0000 entcoef=1.00e-02 lr=2.2e-04 seed=9
iter= 435 step=1395200 ep_ret=-36.912 opt_ret=-36.912 step_rew=-0.3691 opt_step=-0.3691 gap0=36.912 dret=+39.464 eval_ret=n/a pursuer_target_distance=3.540 capture=0.005 score=0.001 pol=-0.0017 val=0.0427 ent=1.2782 tot=+0.0069 agnorm=0.089 cgnorm=0.077 kl=0.0011 clipf=0.005 ev=+0.821 r0=1.0000 entcoef=1.00e-02 lr=2.2e-04 seed=9
iter= 436 step=1398400 ep_ret=-31.516 opt_ret=-31.516 step_rew=-0.3152 opt_step=-0.3152 gap0=31.516 dret=+44.859 eval_ret=n/a pursuer_target_distance=3.601 capture=0.012 score=0.003 pol=-0.0013 val=0.0743 ent=1.2534 tot=+0.0233 agnorm=0.099 cgnorm=0.176 kl=0.0010 clipf=0.009 ev=+0.739 r0=1.0000 entcoef=1.00e-02 lr=2.2e-04 seed=9
iter= 437 step=1401600 ep_ret=-35.005 opt_ret=-35.005 step_rew=-0.3500 opt_step=-0.3500 gap0=35.005 dret=+41.371 eval_ret=n/a pursuer_target_distance=3.210 capture=0.008 score=0.002 pol=-0.0016 val=0.0578 ent=1.2803 tot=+0.0145 agnorm=0.100 cgnorm=0.122 kl=0.0012 clipf=0.010 ev=+0.718 r0=1.0000 entcoef=1.00e-02 lr=2.2e-04 seed=9
iter= 438 step=1404800 ep_ret=-36.506 opt_ret=-36.506 step_rew=-0.3651 opt_step=-0.3651 gap0=36.506 dret=+39.870 eval_ret=n/a pursuer_target_distance=3.253 capture=0.002 score=0.000 pol=-0.0013 val=0.0156 ent=1.2432 tot=-0.0059 agnorm=0.106 cgnorm=0.068 kl=0.0013 clipf=0.010 ev=+0.896 r0=1.0000 entcoef=1.00e-02 lr=2.2e-04 seed=9
iter= 439 step=1408000 ep_ret=-19.772 opt_ret=-19.772 step_rew=-0.1977 opt_step=-0.1977 gap0=19.772 dret=+56.604 eval_ret=n/a pursuer_target_distance=2.568 capture=0.012 score=0.003 pol=-0.0009 val=0.0598 ent=1.2505 tot=+0.0165 agnorm=0.059 cgnorm=0.099 kl=0.0009 clipf=0.004 ev=+0.648 r0=1.0000 entcoef=1.00e-02 lr=2.1e-04 seed=9
iter= 440 step=1411200 ep_ret=-46.488 opt_ret=-46.488 step_rew=-0.4649 opt_step=-0.4649 gap0=46.488 dret=+29.887 eval_ret=-9.304 pursuer_target_distance=3.668 capture=0.000 score=0.000 pol=-0.0008 val=0.0200 ent=1.2373 tot=-0.0032 agnorm=0.062 cgnorm=0.090 kl=0.0006 clipf=0.002 ev=+0.886 r0=1.0000 entcoef=1.00e-02 lr=2.1e-04 seed=9
iter= 441 step=1414400 ep_ret=-24.935 opt_ret=-24.935 step_rew=-0.2494 opt_step=-0.2494 gap0=24.935 dret=+51.440 eval_ret=n/a pursuer_target_distance=2.810 capture=0.009 score=0.002 pol=-0.0015 val=0.0724 ent=1.2798 tot=+0.0219 agnorm=0.085 cgnorm=0.108 kl=0.0009 clipf=0.006 ev=+0.571 r0=1.0000 entcoef=1.00e-02 lr=2.1e-04 seed=9
iter= 442 step=1417600 ep_ret=+1.670 opt_ret=+1.670 step_rew=0.0167 opt_step=0.0167 gap0=0.000 dret=+78.046 eval_ret=n/a pursuer_target_distance=2.238 capture=0.035 score=0.011 pol=-0.0012 val=0.3089 ent=1.2615 tot=+0.1406 agnorm=0.087 cgnorm=0.227 kl=0.0013 clipf=0.009 ev=+0.330 r0=1.0000 entcoef=1.00e-02 lr=2.1e-04 seed=9
iter= 443 step=1420800 ep_ret=-43.927 opt_ret=-43.927 step_rew=-0.4393 opt_step=-0.4393 gap0=43.927 dret=+32.448 eval_ret=n/a pursuer_target_distance=3.759 capture=0.001 score=0.000 pol=-0.0009 val=0.0180 ent=1.2209 tot=-0.0041 agnorm=0.070 cgnorm=0.091 kl=0.0009 clipf=0.006 ev=+0.898 r0=1.0000 entcoef=1.00e-02 lr=2.1e-04 seed=9
iter= 444 step=1424000 ep_ret=-6.982 opt_ret=-6.982 step_rew=-0.0698 opt_step=-0.0698 gap0=6.982 dret=+69.393 eval_ret=n/a pursuer_target_distance=2.600 capture=0.023 score=0.006 pol=-0.0015 val=0.1650 ent=1.2420 tot=+0.0686 agnorm=0.154 cgnorm=0.221 kl=0.0019 clipf=0.013 ev=+0.383 r0=1.0000 entcoef=1.00e-02 lr=2.1e-04 seed=9
iter= 445 step=1427200 ep_ret=-39.807 opt_ret=-39.807 step_rew=-0.3981 opt_step=-0.3981 gap0=39.807 dret=+36.569 eval_ret=n/a pursuer_target_distance=3.706 capture=0.006 score=0.001 pol=-0.0005 val=0.0460 ent=1.2521 tot=+0.0099 agnorm=0.063 cgnorm=0.112 kl=0.0005 clipf=0.001 ev=+0.716 r0=1.0000 entcoef=1.00e-02 lr=2.1e-04 seed=9
iter= 446 step=1430400 ep_ret=-45.604 opt_ret=-45.604 step_rew=-0.4560 opt_step=-0.4560 gap0=45.604 dret=+30.772 eval_ret=n/a pursuer_target_distance=4.056 capture=0.003 score=0.000 pol=-0.0009 val=0.0243 ent=1.2626 tot=-0.0014 agnorm=0.070 cgnorm=0.074 kl=0.0012 clipf=0.007 ev=+0.864 r0=1.0000 entcoef=1.00e-02 lr=2.1e-04 seed=9
iter= 447 step=1433600 ep_ret=-34.999 opt_ret=-34.999 step_rew=-0.3500 opt_step=-0.3500 gap0=34.999 dret=+41.377 eval_ret=n/a pursuer_target_distance=3.096 capture=0.005 score=0.001 pol=-0.0012 val=0.0232 ent=1.2635 tot=-0.0022 agnorm=0.082 cgnorm=0.081 kl=0.0011 clipf=0.007 ev=+0.852 r0=1.0000 entcoef=1.00e-02 lr=2.1e-04 seed=9
iter= 448 step=1436800 ep_ret=-24.554 opt_ret=-24.554 step_rew=-0.2455 opt_step=-0.2455 gap0=24.554 dret=+51.821 eval_ret=n/a pursuer_target_distance=3.214 capture=0.016 score=0.004 pol=-0.0011 val=0.0787 ent=1.2545 tot=+0.0257 agnorm=0.076 cgnorm=0.103 kl=0.0008 clipf=0.004 ev=+0.601 r0=1.0000 entcoef=1.00e-02 lr=2.0e-04 seed=9
iter= 449 step=1440000 ep_ret=-47.029 opt_ret=-47.029 step_rew=-0.4703 opt_step=-0.4703 gap0=47.029 dret=+29.347 eval_ret=n/a pursuer_target_distance=4.145 capture=0.002 score=0.000 pol=-0.0009 val=0.0263 ent=1.2580 tot=-0.0003 agnorm=0.053 cgnorm=0.087 kl=0.0006 clipf=0.003 ev=+0.840 r0=1.0000 entcoef=1.00e-02 lr=2.0e-04 seed=9
iter= 450 step=1443200 ep_ret=-38.145 opt_ret=-38.145 step_rew=-0.3814 opt_step=-0.3814 gap0=38.145 dret=+38.231 eval_ret=n/a pursuer_target_distance=3.108 capture=0.001 score=0.000 pol=-0.0011 val=0.0136 ent=1.2748 tot=-0.0071 agnorm=0.072 cgnorm=0.067 kl=0.0007 clipf=0.004 ev=+0.893 r0=1.0000 entcoef=1.00e-02 lr=2.0e-04 seed=9
iter= 451 step=1446400 ep_ret=-21.832 opt_ret=-21.832 step_rew=-0.2183 opt_step=-0.2183 gap0=21.832 dret=+54.543 eval_ret=n/a pursuer_target_distance=2.894 capture=0.013 score=0.003 pol=-0.0014 val=0.0836 ent=1.2635 tot=+0.0277 agnorm=0.080 cgnorm=0.105 kl=0.0014 clipf=0.009 ev=+0.579 r0=1.0000 entcoef=1.00e-02 lr=2.0e-04 seed=9
iter= 452 step=1449600 ep_ret=-28.580 opt_ret=-28.580 step_rew=-0.2858 opt_step=-0.2858 gap0=28.580 dret=+47.795 eval_ret=n/a pursuer_target_distance=3.062 capture=0.011 score=0.003 pol=-0.0017 val=0.0800 ent=1.2495 tot=+0.0258 agnorm=0.129 cgnorm=0.128 kl=0.0014 clipf=0.011 ev=+0.523 r0=1.0000 entcoef=1.00e-02 lr=2.0e-04 seed=9
iter= 453 step=1452800 ep_ret=-24.607 opt_ret=-24.607 step_rew=-0.2461 opt_step=-0.2461 gap0=24.607 dret=+51.768 eval_ret=n/a pursuer_target_distance=2.909 capture=0.008 score=0.002 pol=-0.0013 val=0.0497 ent=1.2575 tot=+0.0110 agnorm=0.092 cgnorm=0.105 kl=0.0009 clipf=0.005 ev=+0.709 r0=1.0000 entcoef=1.00e-02 lr=2.0e-04 seed=9
iter= 454 step=1456000 ep_ret=-22.127 opt_ret=-22.127 step_rew=-0.2213 opt_step=-0.2213 gap0=22.127 dret=+54.249 eval_ret=n/a pursuer_target_distance=3.016 capture=0.012 score=0.003 pol=-0.0011 val=0.0625 ent=1.2456 tot=+0.0176 agnorm=0.091 cgnorm=0.096 kl=0.0009 clipf=0.006 ev=+0.710 r0=1.0000 entcoef=1.00e-02 lr=2.0e-04 seed=9
iter= 455 step=1459200 ep_ret=-35.843 opt_ret=-35.843 step_rew=-0.3584 opt_step=-0.3584 gap0=35.843 dret=+40.532 eval_ret=n/a pursuer_target_distance=3.106 capture=0.003 score=0.001 pol=-0.0012 val=0.0211 ent=1.2427 tot=-0.0031 agnorm=0.098 cgnorm=0.089 kl=0.0007 clipf=0.004 ev=+0.859 r0=1.0000 entcoef=1.00e-02 lr=2.0e-04 seed=9
iter= 456 step=1462400 ep_ret=-29.223 opt_ret=-29.223 step_rew=-0.2922 opt_step=-0.2922 gap0=29.223 dret=+47.152 eval_ret=n/a pursuer_target_distance=3.444 capture=0.013 score=0.003 pol=-0.0009 val=0.0970 ent=1.2365 tot=+0.0352 agnorm=0.060 cgnorm=0.128 kl=0.0006 clipf=0.002 ev=+0.537 r0=1.0000 entcoef=1.00e-02 lr=2.0e-04 seed=9
iter= 457 step=1465600 ep_ret=-28.516 opt_ret=-28.516 step_rew=-0.2852 opt_step=-0.2852 gap0=28.516 dret=+47.860 eval_ret=n/a pursuer_target_distance=3.105 capture=0.007 score=0.002 pol=-0.0012 val=0.0559 ent=1.2485 tot=+0.0143 agnorm=0.074 cgnorm=0.113 kl=0.0012 clipf=0.007 ev=+0.660 r0=1.0000 entcoef=1.00e-02 lr=1.9e-04 seed=9
iter= 458 step=1468800 ep_ret=-19.271 opt_ret=-19.271 step_rew=-0.1927 opt_step=-0.1927 gap0=19.271 dret=+57.104 eval_ret=n/a pursuer_target_distance=3.184 capture=0.021 score=0.005 pol=-0.0018 val=0.1545 ent=1.2309 tot=+0.0632 agnorm=0.139 cgnorm=0.159 kl=0.0019 clipf=0.017 ev=+0.534 r0=1.0000 entcoef=1.00e-02 lr=1.9e-04 seed=9
iter= 459 step=1472000 ep_ret=-31.259 opt_ret=-31.259 step_rew=-0.3126 opt_step=-0.3126 gap0=31.259 dret=+45.117 eval_ret=n/a pursuer_target_distance=2.772 capture=0.000 score=0.000 pol=-0.0011 val=0.0103 ent=1.2236 tot=-0.0082 agnorm=0.085 cgnorm=0.079 kl=0.0011 clipf=0.004 ev=+0.927 r0=1.0000 entcoef=1.00e-02 lr=1.9e-04 seed=9
iter= 460 step=1475200 ep_ret=-25.835 opt_ret=-25.835 step_rew=-0.2583 opt_step=-0.2583 gap0=25.835 dret=+50.541 eval_ret=-4.857 pursuer_target_distance=2.474 capture=0.006 score=0.002 pol=-0.0011 val=0.0385 ent=1.2408 tot=+0.0057 agnorm=0.094 cgnorm=0.077 kl=0.0023 clipf=0.023 ev=+0.738 r0=1.0000 entcoef=1.00e-02 lr=1.9e-04 seed=9
iter= 461 step=1478400 ep_ret=-35.787 opt_ret=-35.787 step_rew=-0.3579 opt_step=-0.3579 gap0=35.787 dret=+40.589 eval_ret=n/a pursuer_target_distance=2.922 capture=0.001 score=0.000 pol=-0.0013 val=0.0104 ent=1.2170 tot=-0.0083 agnorm=0.107 cgnorm=0.069 kl=0.0011 clipf=0.008 ev=+0.879 r0=1.0000 entcoef=1.00e-02 lr=1.9e-04 seed=9
iter= 462 step=1481600 ep_ret=-22.240 opt_ret=-22.240 step_rew=-0.2224 opt_step=-0.2224 gap0=22.240 dret=+54.136 eval_ret=n/a pursuer_target_distance=2.699 capture=0.013 score=0.004 pol=-0.0009 val=0.0903 ent=1.2280 tot=+0.0320 agnorm=0.077 cgnorm=0.107 kl=0.0009 clipf=0.005 ev=+0.655 r0=1.0000 entcoef=1.00e-02 lr=1.9e-04 seed=9
iter= 463 step=1484800 ep_ret=-29.878 opt_ret=-29.878 step_rew=-0.2988 opt_step=-0.2988 gap0=29.878 dret=+46.498 eval_ret=n/a pursuer_target_distance=2.984 capture=0.007 score=0.002 pol=-0.0017 val=0.0418 ent=1.2213 tot=+0.0070 agnorm=0.085 cgnorm=0.126 kl=0.0013 clipf=0.006 ev=+0.765 r0=1.0000 entcoef=1.00e-02 lr=1.9e-04 seed=9
iter= 464 step=1488000 ep_ret=-32.721 opt_ret=-32.721 step_rew=-0.3272 opt_step=-0.3272 gap0=32.721 dret=+43.654 eval_ret=n/a pursuer_target_distance=3.751 capture=0.012 score=0.002 pol=-0.0015 val=0.0778 ent=1.2274 tot=+0.0251 agnorm=0.127 cgnorm=0.129 kl=0.0010 clipf=0.007 ev=+0.650 r0=1.0000 entcoef=1.00e-02 lr=1.9e-04 seed=9
iter= 465 step=1491200 ep_ret=-25.113 opt_ret=-25.113 step_rew=-0.2511 opt_step=-0.2511 gap0=25.113 dret=+51.262 eval_ret=n/a pursuer_target_distance=2.831 capture=0.011 score=0.003 pol=-0.0006 val=0.1085 ent=1.2665 tot=+0.0410 agnorm=0.057 cgnorm=0.171 kl=0.0013 clipf=0.009 ev=+0.549 r0=1.0000 entcoef=1.00e-02 lr=1.9e-04 seed=9
iter= 466 step=1494400 ep_ret=-40.155 opt_ret=-40.155 step_rew=-0.4016 opt_step=-0.4016 gap0=40.155 dret=+36.220 eval_ret=n/a pursuer_target_distance=3.495 capture=0.000 score=0.000 pol=-0.0011 val=0.0111 ent=1.2212 tot=-0.0077 agnorm=0.082 cgnorm=0.059 kl=0.0010 clipf=0.007 ev=+0.940 r0=1.0000 entcoef=1.00e-02 lr=1.8e-04 seed=9
iter= 467 step=1497600 ep_ret=-21.206 opt_ret=-21.206 step_rew=-0.2121 opt_step=-0.2121 gap0=21.206 dret=+55.170 eval_ret=n/a pursuer_target_distance=3.153 capture=0.018 score=0.004 pol=-0.0017 val=0.1213 ent=1.2395 tot=+0.0466 agnorm=0.094 cgnorm=0.181 kl=0.0016 clipf=0.009 ev=+0.590 r0=1.0000 entcoef=1.00e-02 lr=1.8e-04 seed=9
iter= 468 step=1500800 ep_ret=-41.048 opt_ret=-41.048 step_rew=-0.4105 opt_step=-0.4105 gap0=41.048 dret=+35.327 eval_ret=n/a pursuer_target_distance=3.381 capture=0.002 score=0.000 pol=-0.0011 val=0.0208 ent=1.2207 tot=-0.0029 agnorm=0.070 cgnorm=0.078 kl=0.0012 clipf=0.006 ev=+0.873 r0=1.0000 entcoef=1.00e-02 lr=1.8e-04 seed=9
iter= 469 step=1504000 ep_ret=-36.438 opt_ret=-36.438 step_rew=-0.3644 opt_step=-0.3644 gap0=36.438 dret=+39.938 eval_ret=n/a pursuer_target_distance=3.468 capture=0.005 score=0.001 pol=-0.0013 val=0.0474 ent=1.1986 tot=+0.0104 agnorm=0.101 cgnorm=0.119 kl=0.0014 clipf=0.009 ev=+0.763 r0=1.0000 entcoef=1.00e-02 lr=1.8e-04 seed=9
iter= 470 step=1507200 ep_ret=-47.435 opt_ret=-47.435 step_rew=-0.4744 opt_step=-0.4744 gap0=47.435 dret=+28.941 eval_ret=n/a pursuer_target_distance=3.495 capture=0.000 score=0.000 pol=-0.0007 val=0.0190 ent=1.1684 tot=-0.0029 agnorm=0.069 cgnorm=0.088 kl=0.0007 clipf=0.003 ev=+0.937 r0=1.0000 entcoef=1.00e-02 lr=1.8e-04 seed=9
iter= 471 step=1510400 ep_ret=-24.440 opt_ret=-24.440 step_rew=-0.2444 opt_step=-0.2444 gap0=24.440 dret=+51.936 eval_ret=n/a pursuer_target_distance=3.195 capture=0.011 score=0.003 pol=-0.0008 val=0.0713 ent=1.2115 tot=+0.0227 agnorm=0.085 cgnorm=0.157 kl=0.0010 clipf=0.006 ev=+0.720 r0=1.0000 entcoef=1.00e-02 lr=1.8e-04 seed=9
iter= 472 step=1513600 ep_ret=-28.332 opt_ret=-28.332 step_rew=-0.2833 opt_step=-0.2833 gap0=28.332 dret=+48.044 eval_ret=n/a pursuer_target_distance=2.853 capture=0.004 score=0.001 pol=-0.0007 val=0.0341 ent=1.2000 tot=+0.0043 agnorm=0.086 cgnorm=0.113 kl=0.0011 clipf=0.008 ev=+0.774 r0=1.0000 entcoef=1.00e-02 lr=1.8e-04 seed=9
iter= 473 step=1516800 ep_ret=-33.830 opt_ret=-33.830 step_rew=-0.3383 opt_step=-0.3383 gap0=33.830 dret=+42.545 eval_ret=n/a pursuer_target_distance=3.022 capture=0.006 score=0.002 pol=-0.0010 val=0.0527 ent=1.2057 tot=+0.0133 agnorm=0.110 cgnorm=0.151 kl=0.0009 clipf=0.007 ev=+0.713 r0=1.0000 entcoef=1.00e-02 lr=1.8e-04 seed=9
iter= 474 step=1520000 ep_ret=-37.599 opt_ret=-37.599 step_rew=-0.3760 opt_step=-0.3760 gap0=37.599 dret=+38.776 eval_ret=n/a pursuer_target_distance=3.103 capture=0.000 score=0.000 pol=-0.0014 val=0.0126 ent=1.1934 tot=-0.0070 agnorm=0.111 cgnorm=0.079 kl=0.0011 clipf=0.008 ev=+0.905 r0=1.0000 entcoef=1.00e-02 lr=1.8e-04 seed=9
iter= 475 step=1523200 ep_ret=-38.466 opt_ret=-38.466 step_rew=-0.3847 opt_step=-0.3847 gap0=38.466 dret=+37.910 eval_ret=n/a pursuer_target_distance=2.977 capture=0.001 score=0.000 pol=-0.0013 val=0.0137 ent=1.2285 tot=-0.0067 agnorm=0.145 cgnorm=0.065 kl=0.0010 clipf=0.007 ev=+0.899 r0=1.0000 entcoef=1.00e-02 lr=1.7e-04 seed=9
iter= 476 step=1526400 ep_ret=-38.282 opt_ret=-38.282 step_rew=-0.3828 opt_step=-0.3828 gap0=38.282 dret=+38.094 eval_ret=n/a pursuer_target_distance=3.110 capture=0.000 score=0.000 pol=-0.0011 val=0.0116 ent=1.2246 tot=-0.0076 agnorm=0.080 cgnorm=0.061 kl=0.0013 clipf=0.011 ev=+0.905 r0=1.0000 entcoef=1.00e-02 lr=1.7e-04 seed=9
iter= 477 step=1529600 ep_ret=-34.502 opt_ret=-34.502 step_rew=-0.3450 opt_step=-0.3450 gap0=34.502 dret=+41.873 eval_ret=n/a pursuer_target_distance=3.266 capture=0.005 score=0.001 pol=-0.0013 val=0.0371 ent=1.2145 tot=+0.0051 agnorm=0.084 cgnorm=0.113 kl=0.0007 clipf=0.004 ev=+0.721 r0=1.0000 entcoef=1.00e-02 lr=1.7e-04 seed=9
iter= 478 step=1532800 ep_ret=-35.650 opt_ret=-35.650 step_rew=-0.3565 opt_step=-0.3565 gap0=35.650 dret=+40.725 eval_ret=n/a pursuer_target_distance=3.258 capture=0.000 score=0.000 pol=-0.0006 val=0.0103 ent=1.2502 tot=-0.0079 agnorm=0.074 cgnorm=0.052 kl=0.0007 clipf=0.004 ev=+0.922 r0=1.0000 entcoef=1.00e-02 lr=1.7e-04 seed=9
iter= 479 step=1536000 ep_ret=-31.193 opt_ret=-31.193 step_rew=-0.3119 opt_step=-0.3119 gap0=31.193 dret=+45.183 eval_ret=n/a pursuer_target_distance=3.424 capture=0.006 score=0.001 pol=-0.0010 val=0.0341 ent=1.2260 tot=+0.0038 agnorm=0.113 cgnorm=0.077 kl=0.0011 clipf=0.008 ev=+0.728 r0=1.0000 entcoef=1.00e-02 lr=1.7e-04 seed=9
iter= 480 step=1539200 ep_ret=-32.561 opt_ret=-32.561 step_rew=-0.3256 opt_step=-0.3256 gap0=32.561 dret=+43.815 eval_ret=-9.374 pursuer_target_distance=2.569 capture=0.000 score=0.000 pol=-0.0010 val=0.0116 ent=1.2670 tot=-0.0079 agnorm=0.074 cgnorm=0.068 kl=0.0009 clipf=0.003 ev=+0.868 r0=1.0000 entcoef=1.00e-02 lr=1.7e-04 seed=9
iter= 481 step=1542400 ep_ret=-34.229 opt_ret=-34.229 step_rew=-0.3423 opt_step=-0.3423 gap0=34.229 dret=+42.146 eval_ret=n/a pursuer_target_distance=3.473 capture=0.004 score=0.001 pol=-0.0013 val=0.0309 ent=1.2636 tot=+0.0015 agnorm=0.136 cgnorm=0.123 kl=0.0022 clipf=0.026 ev=+0.754 r0=1.0000 entcoef=1.00e-02 lr=1.7e-04 seed=9
iter= 482 step=1545600 ep_ret=-33.168 opt_ret=-33.168 step_rew=-0.3317 opt_step=-0.3317 gap0=33.168 dret=+43.207 eval_ret=n/a pursuer_target_distance=3.186 capture=0.003 score=0.001 pol=-0.0010 val=0.0162 ent=1.2598 tot=-0.0055 agnorm=0.129 cgnorm=0.073 kl=0.0010 clipf=0.008 ev=+0.865 r0=1.0000 entcoef=1.00e-02 lr=1.7e-04 seed=9
iter= 483 step=1548800 ep_ret=-43.081 opt_ret=-43.081 step_rew=-0.4308 opt_step=-0.4308 gap0=43.081 dret=+33.294 eval_ret=n/a pursuer_target_distance=3.754 capture=0.001 score=0.000 pol=-0.0007 val=0.0118 ent=1.2475 tot=-0.0072 agnorm=0.059 cgnorm=0.052 kl=0.0005 clipf=0.001 ev=+0.918 r0=1.0000 entcoef=1.00e-02 lr=1.7e-04 seed=9
iter= 484 step=1552000 ep_ret=-42.101 opt_ret=-42.101 step_rew=-0.4210 opt_step=-0.4210 gap0=42.101 dret=+34.275 eval_ret=n/a pursuer_target_distance=3.568 capture=0.000 score=0.000 pol=-0.0008 val=0.0159 ent=1.2597 tot=-0.0055 agnorm=0.069 cgnorm=0.077 kl=0.0009 clipf=0.004 ev=+0.848 r0=1.0000 entcoef=1.00e-02 lr=1.6e-04 seed=9
iter= 485 step=1555200 ep_ret=-32.053 opt_ret=-32.053 step_rew=-0.3205 opt_step=-0.3205 gap0=32.053 dret=+44.323 eval_ret=n/a pursuer_target_distance=2.763 capture=0.000 score=0.000 pol=-0.0010 val=0.0100 ent=1.2405 tot=-0.0084 agnorm=0.095 cgnorm=0.067 kl=0.0007 clipf=0.004 ev=+0.875 r0=1.0000 entcoef=1.00e-02 lr=1.6e-04 seed=9
iter= 486 step=1558400 ep_ret=-25.009 opt_ret=-25.009 step_rew=-0.2501 opt_step=-0.2501 gap0=25.009 dret=+51.367 eval_ret=n/a pursuer_target_distance=2.538 capture=0.013 score=0.004 pol=-0.0011 val=0.0977 ent=1.2606 tot=+0.0352 agnorm=0.108 cgnorm=0.136 kl=0.0010 clipf=0.008 ev=+0.576 r0=1.0000 entcoef=1.00e-02 lr=1.6e-04 seed=9
iter= 487 step=1561600 ep_ret=-35.886 opt_ret=-35.886 step_rew=-0.3589 opt_step=-0.3589 gap0=35.886 dret=+40.490 eval_ret=n/a pursuer_target_distance=3.199 capture=0.000 score=0.000 pol=-0.0012 val=0.0089 ent=1.2679 tot=-0.0094 agnorm=0.089 cgnorm=0.058 kl=0.0008 clipf=0.004 ev=+0.922 r0=1.0000 entcoef=1.00e-02 lr=1.6e-04 seed=9
iter= 488 step=1564800 ep_ret=-32.806 opt_ret=-32.806 step_rew=-0.3281 opt_step=-0.3281 gap0=32.806 dret=+43.569 eval_ret=n/a pursuer_target_distance=2.680 capture=0.000 score=0.000 pol=-0.0010 val=0.0080 ent=1.2601 tot=-0.0096 agnorm=0.062 cgnorm=0.063 kl=0.0009 clipf=0.002 ev=+0.906 r0=1.0000 entcoef=1.00e-02 lr=1.6e-04 seed=9
iter= 489 step=1568000 ep_ret=-39.611 opt_ret=-39.611 step_rew=-0.3961 opt_step=-0.3961 gap0=39.611 dret=+36.765 eval_ret=n/a pursuer_target_distance=3.256 capture=0.000 score=0.000 pol=-0.0007 val=0.0135 ent=1.2417 tot=-0.0063 agnorm=0.054 cgnorm=0.062 kl=0.0005 clipf=0.000 ev=+0.858 r0=1.0000 entcoef=1.00e-02 lr=1.6e-04 seed=9
iter= 490 step=1571200 ep_ret=-44.130 opt_ret=-44.130 step_rew=-0.4413 opt_step=-0.4413 gap0=44.130 dret=+32.246 eval_ret=n/a pursuer_target_distance=3.521 capture=0.000 score=0.000 pol=-0.0009 val=0.0148 ent=1.2295 tot=-0.0058 agnorm=0.060 cgnorm=0.065 kl=0.0005 clipf=0.002 ev=+0.885 r0=1.0000 entcoef=1.00e-02 lr=1.6e-04 seed=9
iter= 491 step=1574400 ep_ret=-41.757 opt_ret=-41.757 step_rew=-0.4176 opt_step=-0.4176 gap0=41.757 dret=+34.619 eval_ret=n/a pursuer_target_distance=3.106 capture=0.001 score=0.000 pol=-0.0011 val=0.0191 ent=1.2365 tot=-0.0039 agnorm=0.084 cgnorm=0.081 kl=0.0006 clipf=0.003 ev=+0.866 r0=1.0000 entcoef=1.00e-02 lr=1.6e-04 seed=9
iter= 492 step=1577600 ep_ret=-35.632 opt_ret=-35.632 step_rew=-0.3563 opt_step=-0.3563 gap0=35.632 dret=+40.744 eval_ret=n/a pursuer_target_distance=3.184 capture=0.006 score=0.001 pol=-0.0009 val=0.0467 ent=1.2311 tot=+0.0101 agnorm=0.111 cgnorm=0.141 kl=0.0008 clipf=0.005 ev=+0.721 r0=1.0000 entcoef=1.00e-02 lr=1.6e-04 seed=9
iter= 493 step=1580800 ep_ret=-58.564 opt_ret=-58.564 step_rew=-0.5856 opt_step=-0.5856 gap0=58.564 dret=+17.811 eval_ret=n/a pursuer_target_distance=4.064 capture=0.000 score=0.000 pol=-0.0009 val=0.0199 ent=1.2297 tot=-0.0033 agnorm=0.072 cgnorm=0.095 kl=0.0008 clipf=0.006 ev=+0.894 r0=1.0000 entcoef=1.00e-02 lr=1.5e-04 seed=9
iter= 494 step=1584000 ep_ret=-29.341 opt_ret=-29.341 step_rew=-0.2934 opt_step=-0.2934 gap0=29.341 dret=+47.034 eval_ret=n/a pursuer_target_distance=2.826 capture=0.001 score=0.000 pol=-0.0011 val=0.0105 ent=1.2415 tot=-0.0082 agnorm=0.079 cgnorm=0.052 kl=0.0014 clipf=0.011 ev=+0.866 r0=1.0000 entcoef=1.00e-02 lr=1.5e-04 seed=9
iter= 495 step=1587200 ep_ret=-33.795 opt_ret=-33.795 step_rew=-0.3379 opt_step=-0.3379 gap0=33.795 dret=+42.581 eval_ret=n/a pursuer_target_distance=2.809 capture=0.000 score=0.000 pol=-0.0008 val=0.0104 ent=1.2416 tot=-0.0080 agnorm=0.077 cgnorm=0.043 kl=0.0006 clipf=0.002 ev=+0.897 r0=1.0000 entcoef=1.00e-02 lr=1.5e-04 seed=9
iter= 496 step=1590400 ep_ret=-8.843 opt_ret=-8.843 step_rew=-0.0884 opt_step=-0.0884 gap0=8.843 dret=+67.532 eval_ret=n/a pursuer_target_distance=2.702 capture=0.026 score=0.007 pol=-0.0006 val=0.2093 ent=1.2022 tot=+0.0920 agnorm=0.105 cgnorm=0.212 kl=0.0008 clipf=0.004 ev=+0.409 r0=1.0000 entcoef=1.00e-02 lr=1.5e-04 seed=9
iter= 497 step=1593600 ep_ret=-8.323 opt_ret=-8.323 step_rew=-0.0832 opt_step=-0.0832 gap0=8.323 dret=+68.052 eval_ret=n/a pursuer_target_distance=2.381 capture=0.022 score=0.007 pol=-0.0010 val=0.2060 ent=1.2328 tot=+0.0897 agnorm=0.118 cgnorm=0.195 kl=0.0009 clipf=0.006 ev=+0.319 r0=1.0000 entcoef=1.00e-02 lr=1.5e-04 seed=9
iter= 498 step=1596800 ep_ret=-39.231 opt_ret=-39.231 step_rew=-0.3923 opt_step=-0.3923 gap0=39.231 dret=+37.145 eval_ret=n/a pursuer_target_distance=3.303 capture=0.000 score=0.000 pol=-0.0011 val=0.0203 ent=1.2005 tot=-0.0029 agnorm=0.064 cgnorm=0.104 kl=0.0011 clipf=0.006 ev=+0.819 r0=1.0000 entcoef=1.00e-02 lr=1.5e-04 seed=9
iter= 499 step=1600000 ep_ret=-38.304 opt_ret=-38.304 step_rew=-0.3830 opt_step=-0.3830 gap0=38.304 dret=+38.071 eval_ret=n/a pursuer_target_distance=3.486 capture=0.000 score=0.000 pol=-0.0008 val=0.0114 ent=1.2356 tot=-0.0075 agnorm=0.082 cgnorm=0.062 kl=0.0006 clipf=0.002 ev=+0.908 r0=1.0000 entcoef=1.00e-02 lr=1.5e-04 seed=9
iter= 500 step=1603200 ep_ret=-20.817 opt_ret=-20.817 step_rew=-0.2082 opt_step=-0.2082 gap0=20.817 dret=+55.559 eval_ret=-9.715 pursuer_target_distance=2.726 capture=0.012 score=0.003 pol=-0.0015 val=0.0694 ent=1.2351 tot=+0.0209 agnorm=0.139 cgnorm=0.105 kl=0.0018 clipf=0.019 ev=+0.610 r0=1.0000 entcoef=1.00e-02 lr=1.5e-04 seed=9
iter= 501 step=1606400 ep_ret=-19.453 opt_ret=-19.453 step_rew=-0.1945 opt_step=-0.1945 gap0=19.453 dret=+56.922 eval_ret=n/a pursuer_target_distance=2.781 capture=0.015 score=0.004 pol=-0.0006 val=0.1570 ent=1.2400 tot=+0.0654 agnorm=0.154 cgnorm=0.159 kl=0.0007 clipf=0.004 ev=+0.385 r0=1.0000 entcoef=1.00e-02 lr=1.5e-04 seed=9
iter= 502 step=1609600 ep_ret=-35.399 opt_ret=-35.399 step_rew=-0.3540 opt_step=-0.3540 gap0=35.399 dret=+40.976 eval_ret=n/a pursuer_target_distance=2.912 capture=0.004 score=0.001 pol=-0.0009 val=0.0286 ent=1.2154 tot=+0.0012 agnorm=0.110 cgnorm=0.079 kl=0.0008 clipf=0.003 ev=+0.768 r0=1.0000 entcoef=1.00e-02 lr=1.4e-04 seed=9
iter= 503 step=1612800 ep_ret=-27.192 opt_ret=-27.192 step_rew=-0.2719 opt_step=-0.2719 gap0=27.192 dret=+49.184 eval_ret=n/a pursuer_target_distance=2.518 capture=0.003 score=0.001 pol=-0.0013 val=0.0145 ent=1.2336 tot=-0.0064 agnorm=0.115 cgnorm=0.043 kl=0.0010 clipf=0.008 ev=+0.864 r0=1.0000 entcoef=1.00e-02 lr=1.4e-04 seed=9
iter= 504 step=1616000 ep_ret=-41.270 opt_ret=-41.270 step_rew=-0.4127 opt_step=-0.4127 gap0=41.270 dret=+35.106 eval_ret=n/a pursuer_target_distance=3.511 capture=0.000 score=0.000 pol=-0.0010 val=0.0118 ent=1.2230 tot=-0.0074 agnorm=0.070 cgnorm=0.060 kl=0.0006 clipf=0.003 ev=+0.918 r0=1.0000 entcoef=1.00e-02 lr=1.4e-04 seed=9
iter= 505 step=1619200 ep_ret=-28.624 opt_ret=-28.624 step_rew=-0.2862 opt_step=-0.2862 gap0=28.624 dret=+47.752 eval_ret=n/a pursuer_target_distance=2.563 capture=0.003 score=0.001 pol=-0.0008 val=0.0182 ent=1.2344 tot=-0.0041 agnorm=0.081 cgnorm=0.060 kl=0.0006 clipf=0.004 ev=+0.857 r0=1.0000 entcoef=1.00e-02 lr=1.4e-04 seed=9
iter= 506 step=1622400 ep_ret=-29.692 opt_ret=-29.692 step_rew=-0.2969 opt_step=-0.2969 gap0=29.692 dret=+46.683 eval_ret=n/a pursuer_target_distance=2.760 capture=0.005 score=0.001 pol=-0.0014 val=0.0275 ent=1.2040 tot=+0.0003 agnorm=0.208 cgnorm=0.091 kl=0.0011 clipf=0.010 ev=+0.755 r0=1.0000 entcoef=1.00e-02 lr=1.4e-04 seed=9
iter= 507 step=1625600 ep_ret=-15.573 opt_ret=-15.573 step_rew=-0.1557 opt_step=-0.1557 gap0=15.573 dret=+60.802 eval_ret=n/a pursuer_target_distance=2.603 capture=0.014 score=0.004 pol=-0.0013 val=0.1134 ent=1.1960 tot=+0.0435 agnorm=0.146 cgnorm=0.157 kl=0.0008 clipf=0.004 ev=+0.447 r0=1.0000 entcoef=1.00e-02 lr=1.4e-04 seed=9
iter= 508 step=1628800 ep_ret=-39.722 opt_ret=-39.722 step_rew=-0.3972 opt_step=-0.3972 gap0=39.722 dret=+36.654 eval_ret=n/a pursuer_target_distance=3.279 capture=0.000 score=0.000 pol=-0.0012 val=0.0149 ent=1.2328 tot=-0.0061 agnorm=0.100 cgnorm=0.057 kl=0.0015 clipf=0.015 ev=+0.895 r0=1.0000 entcoef=1.00e-02 lr=1.4e-04 seed=9
iter= 509 step=1632000 ep_ret=-26.320 opt_ret=-26.320 step_rew=-0.2632 opt_step=-0.2632 gap0=26.320 dret=+50.056 eval_ret=n/a pursuer_target_distance=2.330 capture=0.006 score=0.002 pol=-0.0010 val=0.0346 ent=1.2361 tot=+0.0039 agnorm=0.128 cgnorm=0.079 kl=0.0014 clipf=0.012 ev=+0.699 r0=1.0000 entcoef=1.00e-02 lr=1.4e-04 seed=9
iter= 510 step=1635200 ep_ret=-13.030 opt_ret=-13.030 step_rew=-0.1303 opt_step=-0.1303 gap0=13.030 dret=+63.345 eval_ret=n/a pursuer_target_distance=2.823 capture=0.019 score=0.005 pol=-0.0006 val=0.0951 ent=1.2158 tot=+0.0348 agnorm=0.117 cgnorm=0.172 kl=0.0006 clipf=0.003 ev=+0.543 r0=1.0000 entcoef=1.00e-02 lr=1.4e-04 seed=9
iter= 511 step=1638400 ep_ret=-37.145 opt_ret=-37.145 step_rew=-0.3714 opt_step=-0.3714 gap0=37.145 dret=+39.231 eval_ret=n/a pursuer_target_distance=3.140 capture=0.000 score=0.000 pol=-0.0009 val=0.0098 ent=1.2077 tot=-0.0080 agnorm=0.087 cgnorm=0.054 kl=0.0009 clipf=0.005 ev=+0.912 r0=1.0000 entcoef=1.00e-02 lr=1.3e-04 seed=9
iter= 512 step=1641600 ep_ret=-24.060 opt_ret=-24.060 step_rew=-0.2406 opt_step=-0.2406 gap0=24.060 dret=+52.315 eval_ret=n/a pursuer_target_distance=3.118 capture=0.015 score=0.004 pol=-0.0005 val=0.1295 ent=1.2263 tot=+0.0520 agnorm=0.052 cgnorm=0.141 kl=0.0007 clipf=0.001 ev=+0.443 r0=1.0000 entcoef=1.00e-02 lr=1.3e-04 seed=9
iter= 513 step=1644800 ep_ret=-16.294 opt_ret=-16.294 step_rew=-0.1629 opt_step=-0.1629 gap0=16.294 dret=+60.082 eval_ret=n/a pursuer_target_distance=2.841 capture=0.015 score=0.004 pol=-0.0010 val=0.1145 ent=1.2399 tot=+0.0439 agnorm=0.116 cgnorm=0.171 kl=0.0004 clipf=0.001 ev=+0.318 r0=1.0000 entcoef=1.00e-02 lr=1.3e-04 seed=9
iter= 514 step=1648000 ep_ret=-21.637 opt_ret=-21.637 step_rew=-0.2164 opt_step=-0.2164 gap0=21.637 dret=+54.738 eval_ret=n/a pursuer_target_distance=2.473 capture=0.010 score=0.003 pol=-0.0003 val=0.0564 ent=1.2505 tot=+0.0154 agnorm=0.061 cgnorm=0.095 kl=0.0005 clipf=0.000 ev=+0.642 r0=1.0000 entcoef=1.00e-02 lr=1.3e-04 seed=9
iter= 515 step=1651200 ep_ret=-34.968 opt_ret=-34.968 step_rew=-0.3497 opt_step=-0.3497 gap0=34.968 dret=+41.408 eval_ret=n/a pursuer_target_distance=2.517 capture=0.000 score=0.000 pol=-0.0006 val=0.0130 ent=1.2561 tot=-0.0066 agnorm=0.062 cgnorm=0.057 kl=0.0005 clipf=0.001 ev=+0.900 r0=1.0000 entcoef=1.00e-02 lr=1.3e-04 seed=9
iter= 516 step=1654400 ep_ret=-16.200 opt_ret=-16.200 step_rew=-0.1620 opt_step=-0.1620 gap0=16.200 dret=+60.176 eval_ret=n/a pursuer_target_distance=3.009 capture=0.025 score=0.006 pol=-0.0008 val=0.3214 ent=1.2325 tot=+0.1476 agnorm=0.081 cgnorm=0.264 kl=0.0003 clipf=0.000 ev=+0.359 r0=1.0000 entcoef=1.00e-02 lr=1.3e-04 seed=9
iter= 517 step=1657600 ep_ret=-30.426 opt_ret=-30.426 step_rew=-0.3043 opt_step=-0.3043 gap0=30.426 dret=+45.949 eval_ret=n/a pursuer_target_distance=2.320 capture=0.000 score=0.000 pol=-0.0014 val=0.0100 ent=1.2488 tot=-0.0089 agnorm=0.104 cgnorm=0.055 kl=0.0012 clipf=0.008 ev=+0.915 r0=1.0000 entcoef=1.00e-02 lr=1.3e-04 seed=9
iter= 518 step=1660800 ep_ret=-24.064 opt_ret=-24.064 step_rew=-0.2406 opt_step=-0.2406 gap0=24.064 dret=+52.311 eval_ret=n/a pursuer_target_distance=2.748 capture=0.008 score=0.002 pol=-0.0013 val=0.0604 ent=1.2405 tot=+0.0166 agnorm=0.108 cgnorm=0.113 kl=0.0008 clipf=0.005 ev=+0.679 r0=1.0000 entcoef=1.00e-02 lr=1.3e-04 seed=9
iter= 519 step=1664000 ep_ret=-27.167 opt_ret=-27.167 step_rew=-0.2717 opt_step=-0.2717 gap0=27.167 dret=+49.209 eval_ret=n/a pursuer_target_distance=2.759 capture=0.003 score=0.001 pol=-0.0011 val=0.0182 ent=1.2562 tot=-0.0046 agnorm=0.109 cgnorm=0.066 kl=0.0015 clipf=0.017 ev=+0.819 r0=1.0000 entcoef=1.00e-02 lr=1.3e-04 seed=9
iter= 520 step=1667200 ep_ret=-32.195 opt_ret=-32.195 step_rew=-0.3219 opt_step=-0.3219 gap0=32.195 dret=+44.181 eval_ret=-8.381 pursuer_target_distance=2.723 capture=0.000 score=0.000 pol=-0.0008 val=0.0081 ent=1.2626 tot=-0.0094 agnorm=0.085 cgnorm=0.054 kl=0.0009 clipf=0.008 ev=+0.897 r0=1.0000 entcoef=1.00e-02 lr=1.3e-04 seed=9
iter= 521 step=1670400 ep_ret=-24.467 opt_ret=-24.467 step_rew=-0.2447 opt_step=-0.2447 gap0=24.467 dret=+51.909 eval_ret=n/a pursuer_target_distance=3.620 capture=0.014 score=0.003 pol=-0.0010 val=0.1227 ent=1.2629 tot=+0.0477 agnorm=0.135 cgnorm=0.192 kl=0.0005 clipf=0.003 ev=+0.458 r0=1.0000 entcoef=1.00e-02 lr=1.2e-04 seed=9
iter= 522 step=1673600 ep_ret=-32.860 opt_ret=-32.860 step_rew=-0.3286 opt_step=-0.3286 gap0=32.860 dret=+43.516 eval_ret=n/a pursuer_target_distance=2.733 capture=0.006 score=0.002 pol=-0.0010 val=0.0481 ent=1.2567 tot=+0.0105 agnorm=0.072 cgnorm=0.085 kl=0.0008 clipf=0.004 ev=+0.745 r0=1.0000 entcoef=1.00e-02 lr=1.2e-04 seed=9
iter= 523 step=1676800 ep_ret=-34.381 opt_ret=-34.381 step_rew=-0.3438 opt_step=-0.3438 gap0=34.381 dret=+41.994 eval_ret=n/a pursuer_target_distance=3.260 capture=0.008 score=0.002 pol=-0.0003 val=0.0834 ent=1.2406 tot=+0.0289 agnorm=0.039 cgnorm=0.162 kl=0.0005 clipf=0.002 ev=+0.626 r0=1.0000 entcoef=1.00e-02 lr=1.2e-04 seed=9
iter= 524 step=1680000 ep_ret=-35.661 opt_ret=-35.661 step_rew=-0.3566 opt_step=-0.3566 gap0=35.661 dret=+40.715 eval_ret=n/a pursuer_target_distance=3.242 capture=0.003 score=0.001 pol=-0.0010 val=0.0237 ent=1.2454 tot=-0.0016 agnorm=0.078 cgnorm=0.081 kl=0.0005 clipf=0.002 ev=+0.842 r0=1.0000 entcoef=1.00e-02 lr=1.2e-04 seed=9
iter= 525 step=1683200 ep_ret=-19.813 opt_ret=-19.813 step_rew=-0.1981 opt_step=-0.1981 gap0=19.813 dret=+56.563 eval_ret=n/a pursuer_target_distance=2.552 capture=0.010 score=0.003 pol=-0.0010 val=0.0600 ent=1.2774 tot=+0.0162 agnorm=0.080 cgnorm=0.107 kl=0.0009 clipf=0.004 ev=+0.548 r0=1.0000 entcoef=1.00e-02 lr=1.2e-04 seed=9
iter= 526 step=1686400 ep_ret=-28.787 opt_ret=-28.787 step_rew=-0.2879 opt_step=-0.2879 gap0=28.787 dret=+47.588 eval_ret=n/a pursuer_target_distance=2.911 capture=0.006 score=0.001 pol=-0.0005 val=0.0436 ent=1.2581 tot=+0.0087 agnorm=0.081 cgnorm=0.089 kl=0.0004 clipf=0.002 ev=+0.667 r0=1.0000 entcoef=1.00e-02 lr=1.2e-04 seed=9
iter= 527 step=1689600 ep_ret=-35.410 opt_ret=-35.410 step_rew=-0.3541 opt_step=-0.3541 gap0=35.410 dret=+40.965 eval_ret=n/a pursuer_target_distance=2.876 capture=0.000 score=0.000 pol=-0.0005 val=0.0124 ent=1.2438 tot=-0.0067 agnorm=0.051 cgnorm=0.068 kl=0.0002 clipf=0.000 ev=+0.909 r0=1.0000 entcoef=1.00e-02 lr=1.2e-04 seed=9
iter= 528 step=1692800 ep_ret=-21.808 opt_ret=-21.808 step_rew=-0.2181 opt_step=-0.2181 gap0=21.808 dret=+54.568 eval_ret=n/a pursuer_target_distance=2.748 capture=0.011 score=0.003 pol=-0.0011 val=0.0487 ent=1.2585 tot=+0.0107 agnorm=0.230 cgnorm=0.103 kl=0.0004 clipf=0.003 ev=+0.691 r0=1.0000 entcoef=1.00e-02 lr=1.2e-04 seed=9
iter= 529 step=1696000 ep_ret=-12.633 opt_ret=-12.633 step_rew=-0.1263 opt_step=-0.1263 gap0=12.633 dret=+63.742 eval_ret=n/a pursuer_target_distance=2.291 capture=0.016 score=0.005 pol=-0.0009 val=0.1003 ent=1.2581 tot=+0.0367 agnorm=0.117 cgnorm=0.136 kl=0.0007 clipf=0.005 ev=+0.482 r0=1.0000 entcoef=1.00e-02 lr=1.2e-04 seed=9
iter= 530 step=1699200 ep_ret=-35.572 opt_ret=-35.572 step_rew=-0.3557 opt_step=-0.3557 gap0=35.572 dret=+40.804 eval_ret=n/a pursuer_target_distance=3.180 capture=0.006 score=0.001 pol=-0.0012 val=0.0485 ent=1.2367 tot=+0.0107 agnorm=0.145 cgnorm=0.109 kl=0.0005 clipf=0.002 ev=+0.700 r0=1.0000 entcoef=1.00e-02 lr=1.1e-04 seed=9
iter= 531 step=1702400 ep_ret=-23.897 opt_ret=-23.897 step_rew=-0.2390 opt_step=-0.2390 gap0=23.897 dret=+52.478 eval_ret=n/a pursuer_target_distance=2.913 capture=0.012 score=0.003 pol=-0.0008 val=0.0881 ent=1.2471 tot=+0.0308 agnorm=0.098 cgnorm=0.161 kl=0.0006 clipf=0.004 ev=+0.472 r0=1.0000 entcoef=1.00e-02 lr=1.1e-04 seed=9
iter= 532 step=1705600 ep_ret=-33.100 opt_ret=-33.100 step_rew=-0.3310 opt_step=-0.3310 gap0=33.100 dret=+43.276 eval_ret=n/a pursuer_target_distance=2.998 capture=0.005 score=0.001 pol=-0.0004 val=0.0291 ent=1.2398 tot=+0.0017 agnorm=0.057 cgnorm=0.077 kl=0.0006 clipf=0.002 ev=+0.809 r0=1.0000 entcoef=1.00e-02 lr=1.1e-04 seed=9
iter= 533 step=1708800 ep_ret=-35.673 opt_ret=-35.673 step_rew=-0.3567 opt_step=-0.3567 gap0=35.673 dret=+40.702 eval_ret=n/a pursuer_target_distance=3.065 capture=0.000 score=0.000 pol=-0.0009 val=0.0091 ent=1.2344 tot=-0.0087 agnorm=0.071 cgnorm=0.052 kl=0.0008 clipf=0.005 ev=+0.922 r0=1.0000 entcoef=1.00e-02 lr=1.1e-04 seed=9
iter= 534 step=1712000 ep_ret=-21.013 opt_ret=-21.013 step_rew=-0.2101 opt_step=-0.2101 gap0=21.013 dret=+55.363 eval_ret=n/a pursuer_target_distance=2.680 capture=0.011 score=0.003 pol=-0.0003 val=0.0934 ent=1.2356 tot=+0.0340 agnorm=0.057 cgnorm=0.217 kl=0.0003 clipf=0.000 ev=+0.407 r0=1.0000 entcoef=1.00e-02 lr=1.1e-04 seed=9
iter= 535 step=1715200 ep_ret=-39.166 opt_ret=-39.166 step_rew=-0.3917 opt_step=-0.3917 gap0=39.166 dret=+37.210 eval_ret=n/a pursuer_target_distance=3.129 capture=0.004 score=0.001 pol=-0.0004 val=0.0303 ent=1.2313 tot=+0.0024 agnorm=0.051 cgnorm=0.121 kl=0.0002 clipf=0.000 ev=+0.789 r0=1.0000 entcoef=1.00e-02 lr=1.1e-04 seed=9
iter= 536 step=1718400 ep_ret=-35.475 opt_ret=-35.475 step_rew=-0.3548 opt_step=-0.3548 gap0=35.475 dret=+40.900 eval_ret=n/a pursuer_target_distance=2.762 capture=0.007 score=0.002 pol=-0.0006 val=0.0601 ent=1.2291 tot=+0.0171 agnorm=0.078 cgnorm=0.134 kl=0.0003 clipf=0.001 ev=+0.682 r0=1.0000 entcoef=1.00e-02 lr=1.1e-04 seed=9
iter= 537 step=1721600 ep_ret=-32.108 opt_ret=-32.108 step_rew=-0.3211 opt_step=-0.3211 gap0=32.108 dret=+44.268 eval_ret=n/a pursuer_target_distance=3.000 capture=0.004 score=0.001 pol=-0.0007 val=0.0314 ent=1.2580 tot=+0.0024 agnorm=0.081 cgnorm=0.088 kl=0.0006 clipf=0.003 ev=+0.753 r0=1.0000 entcoef=1.00e-02 lr=1.1e-04 seed=9
iter= 538 step=1724800 ep_ret=-27.774 opt_ret=-27.774 step_rew=-0.2777 opt_step=-0.2777 gap0=27.774 dret=+48.602 eval_ret=n/a pursuer_target_distance=2.985 capture=0.007 score=0.002 pol=-0.0005 val=0.0374 ent=1.2615 tot=+0.0056 agnorm=0.076 cgnorm=0.183 kl=0.0004 clipf=0.001 ev=+0.748 r0=1.0000 entcoef=1.00e-02 lr=1.1e-04 seed=9
iter= 539 step=1728000 ep_ret=-24.594 opt_ret=-24.594 step_rew=-0.2459 opt_step=-0.2459 gap0=24.594 dret=+51.782 eval_ret=n/a pursuer_target_distance=3.018 capture=0.010 score=0.003 pol=-0.0007 val=0.0524 ent=1.2782 tot=+0.0127 agnorm=0.097 cgnorm=0.095 kl=0.0005 clipf=0.003 ev=+0.709 r0=1.0000 entcoef=1.00e-02 lr=1.0e-04 seed=9
iter= 540 step=1731200 ep_ret=-33.253 opt_ret=-33.253 step_rew=-0.3325 opt_step=-0.3325 gap0=33.253 dret=+43.122 eval_ret=-12.032 pursuer_target_distance=3.072 capture=0.007 score=0.002 pol=-0.0007 val=0.0601 ent=1.2467 tot=+0.0169 agnorm=0.097 cgnorm=0.117 kl=0.0004 clipf=0.001 ev=+0.654 r0=1.0000 entcoef=1.00e-02 lr=1.0e-04 seed=9
iter= 541 step=1734400 ep_ret=-42.035 opt_ret=-42.035 step_rew=-0.4204 opt_step=-0.4204 gap0=42.035 dret=+34.340 eval_ret=n/a pursuer_target_distance=3.420 capture=0.000 score=0.000 pol=-0.0005 val=0.0124 ent=1.2618 tot=-0.0069 agnorm=0.072 cgnorm=0.065 kl=0.0003 clipf=0.001 ev=+0.923 r0=1.0000 entcoef=1.00e-02 lr=1.0e-04 seed=9
iter= 542 step=1737600 ep_ret=-38.296 opt_ret=-38.296 step_rew=-0.3830 opt_step=-0.3830 gap0=38.296 dret=+38.079 eval_ret=n/a pursuer_target_distance=2.702 capture=0.000 score=0.000 pol=-0.0009 val=0.0156 ent=1.2607 tot=-0.0057 agnorm=0.108 cgnorm=0.080 kl=0.0011 clipf=0.011 ev=+0.880 r0=1.0000 entcoef=1.00e-02 lr=1.0e-04 seed=9
iter= 543 step=1740800 ep_ret=-27.748 opt_ret=-27.748 step_rew=-0.2775 opt_step=-0.2775 gap0=27.748 dret=+48.627 eval_ret=n/a pursuer_target_distance=2.789 capture=0.006 score=0.002 pol=-0.0004 val=0.0432 ent=1.2477 tot=+0.0087 agnorm=0.059 cgnorm=0.075 kl=0.0003 clipf=0.000 ev=+0.673 r0=1.0000 entcoef=1.00e-02 lr=1.0e-04 seed=9
iter= 544 step=1744000 ep_ret=-38.593 opt_ret=-38.593 step_rew=-0.3859 opt_step=-0.3859 gap0=38.593 dret=+37.782 eval_ret=n/a pursuer_target_distance=3.083 capture=0.001 score=0.000 pol=-0.0004 val=0.0188 ent=1.2409 tot=-0.0034 agnorm=0.083 cgnorm=0.057 kl=0.0002 clipf=0.000 ev=+0.860 r0=1.0000 entcoef=1.00e-02 lr=9.8e-05 seed=9
iter= 545 step=1747200 ep_ret=-35.492 opt_ret=-35.492 step_rew=-0.3549 opt_step=-0.3549 gap0=35.492 dret=+40.884 eval_ret=n/a pursuer_target_distance=3.069 capture=0.000 score=0.000 pol=-0.0008 val=0.0138 ent=1.2473 tot=-0.0064 agnorm=0.068 cgnorm=0.060 kl=0.0004 clipf=0.001 ev=+0.873 r0=1.0000 entcoef=1.00e-02 lr=9.7e-05 seed=9
iter= 546 step=1750400 ep_ret=-24.051 opt_ret=-24.051 step_rew=-0.2405 opt_step=-0.2405 gap0=24.051 dret=+52.324 eval_ret=n/a pursuer_target_distance=3.069 capture=0.014 score=0.004 pol=-0.0008 val=0.1149 ent=1.2602 tot=+0.0440 agnorm=0.084 cgnorm=0.237 kl=0.0005 clipf=0.001 ev=+0.489 r0=1.0000 entcoef=1.00e-02 lr=9.6e-05 seed=9
iter= 547 step=1753600 ep_ret=-36.394 opt_ret=-36.394 step_rew=-0.3639 opt_step=-0.3639 gap0=36.394 dret=+39.982 eval_ret=n/a pursuer_target_distance=3.219 capture=0.007 score=0.002 pol=-0.0008 val=0.0443 ent=1.2601 tot=+0.0088 agnorm=0.088 cgnorm=0.115 kl=0.0002 clipf=0.000 ev=+0.699 r0=1.0000 entcoef=1.00e-02 lr=9.5e-05 seed=9
iter= 548 step=1756800 ep_ret=-25.576 opt_ret=-25.576 step_rew=-0.2558 opt_step=-0.2558 gap0=25.576 dret=+50.800 eval_ret=n/a pursuer_target_distance=2.947 capture=0.016 score=0.004 pol=-0.0006 val=0.1555 ent=1.2386 tot=+0.0648 agnorm=0.129 cgnorm=0.158 kl=0.0004 clipf=0.001 ev=+0.500 r0=1.0000 entcoef=1.00e-02 lr=9.4e-05 seed=9
iter= 549 step=1760000 ep_ret=-39.637 opt_ret=-39.637 step_rew=-0.3964 opt_step=-0.3964 gap0=39.637 dret=+36.739 eval_ret=n/a pursuer_target_distance=2.875 capture=0.003 score=0.001 pol=-0.0012 val=0.0248 ent=1.2329 tot=-0.0011 agnorm=0.144 cgnorm=0.098 kl=0.0008 clipf=0.007 ev=+0.851 r0=1.0000 entcoef=1.00e-02 lr=9.3e-05 seed=9
iter= 550 step=1763200 ep_ret=-24.792 opt_ret=-24.792 step_rew=-0.2479 opt_step=-0.2479 gap0=24.792 dret=+51.584 eval_ret=n/a pursuer_target_distance=2.652 capture=0.006 score=0.002 pol=-0.0008 val=0.0506 ent=1.2537 tot=+0.0120 agnorm=0.102 cgnorm=0.085 kl=0.0003 clipf=0.001 ev=+0.712 r0=1.0000 entcoef=1.00e-02 lr=9.2e-05 seed=9
iter= 551 step=1766400 ep_ret=-36.430 opt_ret=-36.430 step_rew=-0.3643 opt_step=-0.3643 gap0=36.430 dret=+39.946 eval_ret=n/a pursuer_target_distance=3.152 capture=0.000 score=0.000 pol=-0.0008 val=0.0130 ent=1.2342 tot=-0.0066 agnorm=0.082 cgnorm=0.060 kl=0.0008 clipf=0.003 ev=+0.896 r0=1.0000 entcoef=1.00e-02 lr=9.1e-05 seed=9
iter= 552 step=1769600 ep_ret=-39.438 opt_ret=-39.438 step_rew=-0.3944 opt_step=-0.3944 gap0=39.438 dret=+36.938 eval_ret=n/a pursuer_target_distance=3.618 capture=0.000 score=0.000 pol=-0.0006 val=0.0132 ent=1.2614 tot=-0.0066 agnorm=0.083 cgnorm=0.053 kl=0.0004 clipf=0.001 ev=+0.904 r0=1.0000 entcoef=1.00e-02 lr=9.0e-05 seed=9
iter= 553 step=1772800 ep_ret=-33.277 opt_ret=-33.277 step_rew=-0.3328 opt_step=-0.3328 gap0=33.277 dret=+43.099 eval_ret=n/a pursuer_target_distance=2.822 capture=0.005 score=0.001 pol=-0.0003 val=0.0338 ent=1.2504 tot=+0.0041 agnorm=0.053 cgnorm=0.078 kl=0.0003 clipf=0.000 ev=+0.722 r0=1.0000 entcoef=1.00e-02 lr=8.9e-05 seed=9
iter= 554 step=1776000 ep_ret=-32.729 opt_ret=-32.729 step_rew=-0.3273 opt_step=-0.3273 gap0=32.729 dret=+43.647 eval_ret=n/a pursuer_target_distance=2.790 capture=0.000 score=0.000 pol=-0.0007 val=0.0123 ent=1.2582 tot=-0.0071 agnorm=0.077 cgnorm=0.054 kl=0.0003 clipf=0.001 ev=+0.901 r0=1.0000 entcoef=1.00e-02 lr=8.7e-05 seed=9
iter= 555 step=1779200 ep_ret=-39.910 opt_ret=-39.910 step_rew=-0.3991 opt_step=-0.3991 gap0=39.910 dret=+36.466 eval_ret=n/a pursuer_target_distance=3.297 capture=0.000 score=0.000 pol=-0.0007 val=0.0126 ent=1.2439 tot=-0.0068 agnorm=0.091 cgnorm=0.067 kl=0.0004 clipf=0.001 ev=+0.888 r0=1.0000 entcoef=1.00e-02 lr=8.6e-05 seed=9
iter= 556 step=1782400 ep_ret=-28.339 opt_ret=-28.339 step_rew=-0.2834 opt_step=-0.2834 gap0=28.339 dret=+48.037 eval_ret=n/a pursuer_target_distance=2.867 capture=0.006 score=0.002 pol=-0.0002 val=0.0526 ent=1.2507 tot=+0.0136 agnorm=0.049 cgnorm=0.081 kl=0.0003 clipf=0.000 ev=+0.700 r0=1.0000 entcoef=1.00e-02 lr=8.5e-05 seed=9
iter= 557 step=1785600 ep_ret=-11.451 opt_ret=-11.451 step_rew=-0.1145 opt_step=-0.1145 gap0=11.451 dret=+64.925 eval_ret=n/a pursuer_target_distance=2.005 capture=0.011 score=0.004 pol=-0.0005 val=0.0681 ent=1.2826 tot=+0.0207 agnorm=0.068 cgnorm=0.123 kl=0.0003 clipf=0.001 ev=+0.483 r0=1.0000 entcoef=1.00e-02 lr=8.4e-05 seed=9
iter= 558 step=1788800 ep_ret=-28.623 opt_ret=-28.623 step_rew=-0.2862 opt_step=-0.2862 gap0=28.623 dret=+47.753 eval_ret=n/a pursuer_target_distance=3.029 capture=0.007 score=0.002 pol=-0.0006 val=0.0599 ent=1.2575 tot=+0.0168 agnorm=0.084 cgnorm=0.081 kl=0.0002 clipf=0.001 ev=+0.659 r0=1.0000 entcoef=1.00e-02 lr=8.3e-05 seed=9
iter= 559 step=1792000 ep_ret=-35.048 opt_ret=-35.048 step_rew=-0.3505 opt_step=-0.3505 gap0=35.048 dret=+41.327 eval_ret=n/a pursuer_target_distance=2.995 capture=0.004 score=0.001 pol=-0.0005 val=0.0449 ent=1.2523 tot=+0.0094 agnorm=0.067 cgnorm=0.082 kl=0.0002 clipf=0.001 ev=+0.730 r0=1.0000 entcoef=1.00e-02 lr=8.2e-05 seed=9
iter= 560 step=1795200 ep_ret=-34.507 opt_ret=-34.507 step_rew=-0.3451 opt_step=-0.3451 gap0=34.507 dret=+41.868 eval_ret=-10.601 pursuer_target_distance=2.990 capture=0.002 score=0.000 pol=-0.0005 val=0.0145 ent=1.2494 tot=-0.0058 agnorm=0.073 cgnorm=0.081 kl=0.0002 clipf=0.001 ev=+0.892 r0=1.0000 entcoef=1.00e-02 lr=8.1e-05 seed=9
iter= 561 step=1798400 ep_ret=-25.026 opt_ret=-25.026 step_rew=-0.2503 opt_step=-0.2503 gap0=25.026 dret=+51.350 eval_ret=n/a pursuer_target_distance=2.679 capture=0.005 score=0.001 pol=-0.0002 val=0.0206 ent=1.2665 tot=-0.0026 agnorm=0.059 cgnorm=0.066 kl=0.0001 clipf=0.000 ev=+0.831 r0=1.0000 entcoef=1.00e-02 lr=8.0e-05 seed=9
iter= 562 step=1801600 ep_ret=-39.880 opt_ret=-39.880 step_rew=-0.3988 opt_step=-0.3988 gap0=39.880 dret=+36.496 eval_ret=n/a pursuer_target_distance=3.184 capture=0.000 score=0.000 pol=-0.0006 val=0.0119 ent=1.2244 tot=-0.0069 agnorm=0.070 cgnorm=0.078 kl=0.0002 clipf=0.000 ev=+0.889 r0=1.0000 entcoef=1.00e-02 lr=7.9e-05 seed=9
iter= 563 step=1804800 ep_ret=-3.080 opt_ret=-3.080 step_rew=-0.0308 opt_step=-0.0308 gap0=3.080 dret=+73.296 eval_ret=n/a pursuer_target_distance=2.982 capture=0.032 score=0.008 pol=-0.0008 val=0.3646 ent=1.2609 tot=+0.1689 agnorm=0.132 cgnorm=0.408 kl=0.0005 clipf=0.003 ev=+0.237 r0=1.0000 entcoef=1.00e-02 lr=7.7e-05 seed=9
iter= 564 step=1808000 ep_ret=-30.314 opt_ret=-30.314 step_rew=-0.3031 opt_step=-0.3031 gap0=30.314 dret=+46.061 eval_ret=n/a pursuer_target_distance=2.813 capture=0.004 score=0.001 pol=-0.0005 val=0.0368 ent=1.2638 tot=+0.0053 agnorm=0.079 cgnorm=0.079 kl=0.0002 clipf=0.001 ev=+0.703 r0=1.0000 entcoef=1.00e-02 lr=7.6e-05 seed=9
iter= 565 step=1811200 ep_ret=-18.350 opt_ret=-18.350 step_rew=-0.1835 opt_step=-0.1835 gap0=18.350 dret=+58.025 eval_ret=n/a pursuer_target_distance=2.574 capture=0.015 score=0.004 pol=-0.0003 val=0.1751 ent=1.2745 tot=+0.0744 agnorm=0.090 cgnorm=0.200 kl=0.0001 clipf=0.000 ev=+0.391 r0=1.0000 entcoef=1.00e-02 lr=7.5e-05 seed=9
iter= 566 step=1814400 ep_ret=-32.305 opt_ret=-32.305 step_rew=-0.3230 opt_step=-0.3230 gap0=32.305 dret=+44.071 eval_ret=n/a pursuer_target_distance=3.219 capture=0.005 score=0.001 pol=-0.0006 val=0.0437 ent=1.2443 tot=+0.0089 agnorm=0.066 cgnorm=0.075 kl=0.0004 clipf=0.003 ev=+0.747 r0=1.0000 entcoef=1.00e-02 lr=7.4e-05 seed=9
iter= 567 step=1817600 ep_ret=-15.549 opt_ret=-15.549 step_rew=-0.1555 opt_step=-0.1555 gap0=15.549 dret=+60.826 eval_ret=n/a pursuer_target_distance=2.918 capture=0.021 score=0.005 pol=-0.0006 val=0.2082 ent=1.2800 tot=+0.0907 agnorm=0.089 cgnorm=0.207 kl=0.0002 clipf=0.000 ev=+0.441 r0=1.0000 entcoef=1.00e-02 lr=7.3e-05 seed=9
iter= 568 step=1820800 ep_ret=-21.120 opt_ret=-21.120 step_rew=-0.2112 opt_step=-0.2112 gap0=21.120 dret=+55.255 eval_ret=n/a pursuer_target_distance=2.678 capture=0.009 score=0.003 pol=-0.0006 val=0.0636 ent=1.2416 tot=+0.0188 agnorm=0.068 cgnorm=0.104 kl=0.0002 clipf=0.000 ev=+0.683 r0=1.0000 entcoef=1.00e-02 lr=7.2e-05 seed=9
iter= 569 step=1824000 ep_ret=-31.495 opt_ret=-31.495 step_rew=-0.3150 opt_step=-0.3150 gap0=31.495 dret=+44.880 eval_ret=n/a pursuer_target_distance=2.838 capture=0.000 score=0.000 pol=-0.0006 val=0.0126 ent=1.2696 tot=-0.0070 agnorm=0.079 cgnorm=0.075 kl=0.0004 clipf=0.002 ev=+0.905 r0=1.0000 entcoef=1.00e-02 lr=7.1e-05 seed=9
iter= 570 step=1827200 ep_ret=-12.708 opt_ret=-12.708 step_rew=-0.1271 opt_step=-0.1271 gap0=12.708 dret=+63.668 eval_ret=n/a pursuer_target_distance=2.774 capture=0.025 score=0.007 pol=-0.0006 val=0.1981 ent=1.2481 tot=+0.0860 agnorm=0.084 cgnorm=0.222 kl=0.0004 clipf=0.001 ev=+0.464 r0=1.0000 entcoef=1.00e-02 lr=7.0e-05 seed=9
iter= 571 step=1830400 ep_ret=-23.353 opt_ret=-23.353 step_rew=-0.2335 opt_step=-0.2335 gap0=23.353 dret=+53.023 eval_ret=n/a pursuer_target_distance=2.741 capture=0.010 score=0.003 pol=-0.0008 val=0.0733 ent=1.2387 tot=+0.0235 agnorm=0.147 cgnorm=0.089 kl=0.0004 clipf=0.002 ev=+0.694 r0=1.0000 entcoef=1.00e-02 lr=6.9e-05 seed=9
iter= 572 step=1833600 ep_ret=-33.960 opt_ret=-33.960 step_rew=-0.3396 opt_step=-0.3396 gap0=33.960 dret=+42.416 eval_ret=n/a pursuer_target_distance=2.710 capture=0.001 score=0.000 pol=-0.0011 val=0.0117 ent=1.2683 tot=-0.0080 agnorm=0.111 cgnorm=0.063 kl=0.0006 clipf=0.003 ev=+0.904 r0=1.0000 entcoef=1.00e-02 lr=6.8e-05 seed=9
iter= 573 step=1836800 ep_ret=-31.172 opt_ret=-31.172 step_rew=-0.3117 opt_step=-0.3117 gap0=31.172 dret=+45.204 eval_ret=n/a pursuer_target_distance=2.885 capture=0.001 score=0.000 pol=-0.0004 val=0.0131 ent=1.2611 tot=-0.0064 agnorm=0.074 cgnorm=0.062 kl=0.0005 clipf=0.001 ev=+0.885 r0=1.0000 entcoef=1.00e-02 lr=6.6e-05 seed=9
iter= 574 step=1840000 ep_ret=-23.716 opt_ret=-23.716 step_rew=-0.2372 opt_step=-0.2372 gap0=23.716 dret=+52.659 eval_ret=n/a pursuer_target_distance=2.675 capture=0.008 score=0.002 pol=-0.0006 val=0.0545 ent=1.2580 tot=+0.0140 agnorm=0.095 cgnorm=0.098 kl=0.0002 clipf=0.000 ev=+0.705 r0=1.0000 entcoef=1.00e-02 lr=6.5e-05 seed=9
iter= 575 step=1843200 ep_ret=-31.026 opt_ret=-31.026 step_rew=-0.3103 opt_step=-0.3103 gap0=31.026 dret=+45.349 eval_ret=n/a pursuer_target_distance=2.837 capture=0.003 score=0.001 pol=-0.0002 val=0.0195 ent=1.2624 tot=-0.0031 agnorm=0.055 cgnorm=0.073 kl=0.0002 clipf=0.001 ev=+0.846 r0=1.0000 entcoef=1.00e-02 lr=6.4e-05 seed=9
iter= 576 step=1846400 ep_ret=-27.459 opt_ret=-27.459 step_rew=-0.2746 opt_step=-0.2746 gap0=27.459 dret=+48.916 eval_ret=n/a pursuer_target_distance=2.944 capture=0.013 score=0.003 pol=-0.0004 val=0.0993 ent=1.2573 tot=+0.0366 agnorm=0.070 cgnorm=0.163 kl=0.0001 clipf=0.000 ev=+0.663 r0=1.0000 entcoef=1.00e-02 lr=6.3e-05 seed=9
iter= 577 step=1849600 ep_ret=-33.247 opt_ret=-33.247 step_rew=-0.3325 opt_step=-0.3325 gap0=33.247 dret=+43.129 eval_ret=n/a pursuer_target_distance=3.317 capture=0.004 score=0.001 pol=-0.0006 val=0.0363 ent=1.2370 tot=+0.0052 agnorm=0.093 cgnorm=0.081 kl=0.0003 clipf=0.002 ev=+0.767 r0=1.0000 entcoef=1.00e-02 lr=6.2e-05 seed=9
iter= 578 step=1852800 ep_ret=-47.312 opt_ret=-47.312 step_rew=-0.4731 opt_step=-0.4731 gap0=47.312 dret=+29.064 eval_ret=n/a pursuer_target_distance=3.906 capture=0.000 score=0.000 pol=-0.0002 val=0.0262 ent=1.2164 tot=+0.0007 agnorm=0.060 cgnorm=0.094 kl=0.0003 clipf=0.000 ev=+0.881 r0=1.0000 entcoef=1.00e-02 lr=6.1e-05 seed=9
iter= 579 step=1856000 ep_ret=-19.274 opt_ret=-19.274 step_rew=-0.1927 opt_step=-0.1927 gap0=19.274 dret=+57.101 eval_ret=n/a pursuer_target_distance=2.550 capture=0.015 score=0.004 pol=-0.0005 val=0.1128 ent=1.2478 tot=+0.0434 agnorm=0.068 cgnorm=0.132 kl=0.0001 clipf=0.000 ev=+0.581 r0=1.0000 entcoef=1.00e-02 lr=6.0e-05 seed=9
iter= 580 step=1859200 ep_ret=-36.780 opt_ret=-36.780 step_rew=-0.3678 opt_step=-0.3678 gap0=36.780 dret=+39.596 eval_ret=-9.848 pursuer_target_distance=3.251 capture=0.006 score=0.001 pol=-0.0008 val=0.0610 ent=1.2381 tot=+0.0173 agnorm=0.133 cgnorm=0.191 kl=0.0002 clipf=0.001 ev=+0.732 r0=1.0000 entcoef=1.00e-02 lr=5.9e-05 seed=9
iter= 581 step=1862400 ep_ret=-12.793 opt_ret=-12.793 step_rew=-0.1279 opt_step=-0.1279 gap0=12.793 dret=+63.583 eval_ret=n/a pursuer_target_distance=2.880 capture=0.020 score=0.005 pol=-0.0006 val=0.1460 ent=1.2401 tot=+0.0600 agnorm=0.108 cgnorm=0.282 kl=0.0005 clipf=0.002 ev=+0.490 r0=1.0000 entcoef=1.00e-02 lr=5.8e-05 seed=9
iter= 582 step=1865600 ep_ret=-36.845 opt_ret=-36.845 step_rew=-0.3684 opt_step=-0.3684 gap0=36.845 dret=+39.531 eval_ret=n/a pursuer_target_distance=3.197 capture=0.000 score=0.000 pol=-0.0007 val=0.0104 ent=1.2519 tot=-0.0080 agnorm=0.101 cgnorm=0.056 kl=0.0005 clipf=0.003 ev=+0.933 r0=1.0000 entcoef=1.00e-02 lr=5.6e-05 seed=9
iter= 583 step=1868800 ep_ret=-37.377 opt_ret=-37.377 step_rew=-0.3738 opt_step=-0.3738 gap0=37.377 dret=+38.998 eval_ret=n/a pursuer_target_distance=3.172 capture=0.002 score=0.001 pol=-0.0004 val=0.0155 ent=1.2654 tot=-0.0053 agnorm=0.078 cgnorm=0.067 kl=0.0001 clipf=0.000 ev=+0.896 r0=1.0000 entcoef=1.00e-02 lr=5.5e-05 seed=9
iter= 584 step=1872000 ep_ret=-36.744 opt_ret=-36.744 step_rew=-0.3674 opt_step=-0.3674 gap0=36.744 dret=+39.632 eval_ret=n/a pursuer_target_distance=2.874 capture=0.000 score=0.000 pol=-0.0005 val=0.0152 ent=1.2582 tot=-0.0054 agnorm=0.073 cgnorm=0.080 kl=0.0001 clipf=0.000 ev=+0.915 r0=1.0000 entcoef=1.00e-02 lr=5.4e-05 seed=9
iter= 585 step=1875200 ep_ret=-36.872 opt_ret=-36.872 step_rew=-0.3687 opt_step=-0.3687 gap0=36.872 dret=+39.503 eval_ret=n/a pursuer_target_distance=3.008 capture=0.000 score=0.000 pol=-0.0004 val=0.0115 ent=1.2366 tot=-0.0070 agnorm=0.073 cgnorm=0.056 kl=0.0001 clipf=0.000 ev=+0.920 r0=1.0000 entcoef=1.00e-02 lr=5.3e-05 seed=9
iter= 586 step=1878400 ep_ret=-21.142 opt_ret=-21.142 step_rew=-0.2114 opt_step=-0.2114 gap0=21.142 dret=+55.234 eval_ret=n/a pursuer_target_distance=2.727 capture=0.014 score=0.004 pol=-0.0005 val=0.1003 ent=1.2517 tot=+0.0371 agnorm=0.086 cgnorm=0.151 kl=0.0002 clipf=0.000 ev=+0.607 r0=1.0000 entcoef=1.00e-02 lr=5.2e-05 seed=9
iter= 587 step=1881600 ep_ret=-13.165 opt_ret=-13.165 step_rew=-0.1317 opt_step=-0.1317 gap0=13.165 dret=+63.210 eval_ret=n/a pursuer_target_distance=2.886 capture=0.024 score=0.006 pol=-0.0010 val=0.1843 ent=1.2707 tot=+0.0784 agnorm=0.111 cgnorm=0.247 kl=0.0006 clipf=0.003 ev=+0.519 r0=1.0000 entcoef=1.00e-02 lr=5.1e-05 seed=9
iter= 588 step=1884800 ep_ret=-20.662 opt_ret=-20.662 step_rew=-0.2066 opt_step=-0.2066 gap0=20.662 dret=+55.714 eval_ret=n/a pursuer_target_distance=2.640 capture=0.012 score=0.003 pol=-0.0008 val=0.0713 ent=1.2484 tot=+0.0223 agnorm=0.119 cgnorm=0.127 kl=0.0005 clipf=0.002 ev=+0.587 r0=1.0000 entcoef=1.00e-02 lr=5.0e-05 seed=9
iter= 589 step=1888000 ep_ret=-32.966 opt_ret=-32.966 step_rew=-0.3297 opt_step=-0.3297 gap0=32.966 dret=+43.410 eval_ret=n/a pursuer_target_distance=2.461 capture=0.000 score=0.000 pol=-0.0005 val=0.0106 ent=1.2468 tot=-0.0076 agnorm=0.083 cgnorm=0.071 kl=0.0005 clipf=0.001 ev=+0.924 r0=1.0000 entcoef=1.00e-02 lr=4.9e-05 seed=9
iter= 590 step=1891200 ep_ret=-19.235 opt_ret=-19.235 step_rew=-0.1923 opt_step=-0.1923 gap0=19.235 dret=+57.141 eval_ret=n/a pursuer_target_distance=2.681 capture=0.013 score=0.003 pol=-0.0002 val=0.0822 ent=1.3007 tot=+0.0279 agnorm=0.077 cgnorm=0.135 kl=0.0001 clipf=0.000 ev=+0.646 r0=1.0000 entcoef=1.00e-02 lr=4.8e-05 seed=9
iter= 591 step=1894400 ep_ret=-15.790 opt_ret=-15.790 step_rew=-0.1579 opt_step=-0.1579 gap0=15.790 dret=+60.585 eval_ret=n/a pursuer_target_distance=2.198 capture=0.010 score=0.003 pol=-0.0008 val=0.0687 ent=1.2306 tot=+0.0212 agnorm=0.115 cgnorm=0.134 kl=0.0002 clipf=0.001 ev=+0.592 r0=1.0000 entcoef=1.00e-02 lr=4.6e-05 seed=9
iter= 592 step=1897600 ep_ret=-30.961 opt_ret=-30.961 step_rew=-0.3096 opt_step=-0.3096 gap0=30.961 dret=+45.414 eval_ret=n/a pursuer_target_distance=2.640 capture=0.000 score=0.000 pol=-0.0004 val=0.0085 ent=1.2568 tot=-0.0087 agnorm=0.082 cgnorm=0.063 kl=0.0002 clipf=0.000 ev=+0.935 r0=1.0000 entcoef=1.00e-02 lr=4.5e-05 seed=9
iter= 593 step=1900800 ep_ret=-13.523 opt_ret=-13.523 step_rew=-0.1352 opt_step=-0.1352 gap0=13.523 dret=+62.853 eval_ret=n/a pursuer_target_distance=2.682 capture=0.019 score=0.005 pol=-0.0003 val=0.1929 ent=1.2550 tot=+0.0836 agnorm=0.083 cgnorm=0.227 kl=0.0001 clipf=0.000 ev=+0.403 r0=1.0000 entcoef=1.00e-02 lr=4.4e-05 seed=9
iter= 594 step=1904000 ep_ret=-34.313 opt_ret=-34.313 step_rew=-0.3431 opt_step=-0.3431 gap0=34.313 dret=+42.062 eval_ret=n/a pursuer_target_distance=3.502 capture=0.008 score=0.002 pol=-0.0003 val=0.0616 ent=1.2672 tot=+0.0178 agnorm=0.077 cgnorm=0.131 kl=0.0001 clipf=0.000 ev=+0.773 r0=1.0000 entcoef=1.00e-02 lr=4.3e-05 seed=9
iter= 595 step=1907200 ep_ret=-35.318 opt_ret=-35.318 step_rew=-0.3532 opt_step=-0.3532 gap0=35.318 dret=+41.058 eval_ret=n/a pursuer_target_distance=3.137 capture=0.007 score=0.002 pol=-0.0004 val=0.0586 ent=1.2544 tot=+0.0164 agnorm=0.079 cgnorm=0.097 kl=0.0002 clipf=0.001 ev=+0.697 r0=1.0000 entcoef=1.00e-02 lr=4.2e-05 seed=9
iter= 596 step=1910400 ep_ret=-24.078 opt_ret=-24.078 step_rew=-0.2408 opt_step=-0.2408 gap0=24.078 dret=+52.298 eval_ret=n/a pursuer_target_distance=2.656 capture=0.011 score=0.003 pol=-0.0005 val=0.0798 ent=1.2566 tot=+0.0269 agnorm=0.097 cgnorm=0.231 kl=0.0002 clipf=0.000 ev=+0.522 r0=1.0000 entcoef=1.00e-02 lr=4.1e-05 seed=9
iter= 597 step=1913600 ep_ret=-23.868 opt_ret=-23.868 step_rew=-0.2387 opt_step=-0.2387 gap0=23.868 dret=+52.507 eval_ret=n/a pursuer_target_distance=3.423 capture=0.022 score=0.005 pol=-0.0003 val=0.1806 ent=1.2211 tot=+0.0778 agnorm=0.091 cgnorm=0.185 kl=0.0001 clipf=0.000 ev=+0.439 r0=1.0000 entcoef=1.00e-02 lr=4.0e-05 seed=9
iter= 598 step=1916800 ep_ret=-30.140 opt_ret=-30.140 step_rew=-0.3014 opt_step=-0.3014 gap0=30.140 dret=+46.236 eval_ret=n/a pursuer_target_distance=2.978 capture=0.003 score=0.001 pol=-0.0002 val=0.0156 ent=1.2202 tot=-0.0046 agnorm=0.081 cgnorm=0.051 kl=0.0001 clipf=0.000 ev=+0.900 r0=1.0000 entcoef=1.00e-02 lr=3.9e-05 seed=9
iter= 599 step=1920000 ep_ret=-30.002 opt_ret=-30.002 step_rew=-0.3000 opt_step=-0.3000 gap0=30.002 dret=+46.374 eval_ret=n/a pursuer_target_distance=2.806 capture=0.001 score=0.000 pol=-0.0003 val=0.0146 ent=1.3011 tot=-0.0060 agnorm=0.079 cgnorm=0.070 kl=0.0001 clipf=0.000 ev=+0.912 r0=1.0000 entcoef=1.00e-02 lr=3.8e-05 seed=9
iter= 600 step=1923200 ep_ret=-23.423 opt_ret=-23.423 step_rew=-0.2342 opt_step=-0.2342 gap0=23.423 dret=+52.953 eval_ret=-10.651 pursuer_target_distance=3.173 capture=0.013 score=0.003 pol=-0.0006 val=0.1062 ent=1.2335 tot=+0.0402 agnorm=0.152 cgnorm=0.138 kl=0.0003 clipf=0.001 ev=+0.681 r0=1.0000 entcoef=1.00e-02 lr=3.7e-05 seed=9
iter= 601 step=1926400 ep_ret=-36.663 opt_ret=-36.663 step_rew=-0.3666 opt_step=-0.3666 gap0=36.663 dret=+39.713 eval_ret=n/a pursuer_target_distance=3.358 capture=0.004 score=0.001 pol=-0.0002 val=0.0324 ent=1.2586 tot=+0.0035 agnorm=0.080 cgnorm=0.082 kl=0.0000 clipf=0.000 ev=+0.844 r0=1.0000 entcoef=1.00e-02 lr=3.5e-05 seed=9
iter= 602 step=1929600 ep_ret=-24.001 opt_ret=-24.001 step_rew=-0.2400 opt_step=-0.2400 gap0=24.001 dret=+52.375 eval_ret=n/a pursuer_target_distance=2.417 capture=0.005 score=0.001 pol=-0.0002 val=0.0390 ent=1.2705 tot=+0.0066 agnorm=0.080 cgnorm=0.108 kl=0.0001 clipf=0.000 ev=+0.728 r0=1.0000 entcoef=1.00e-02 lr=3.4e-05 seed=9
iter= 603 step=1932800 ep_ret=-29.733 opt_ret=-29.733 step_rew=-0.2973 opt_step=-0.2973 gap0=29.733 dret=+46.643 eval_ret=n/a pursuer_target_distance=2.287 capture=0.002 score=0.001 pol=-0.0004 val=0.0145 ent=1.2640 tot=-0.0058 agnorm=0.162 cgnorm=0.094 kl=0.0001 clipf=0.000 ev=+0.889 r0=1.0000 entcoef=1.00e-02 lr=3.3e-05 seed=9
iter= 604 step=1936000 ep_ret=-32.206 opt_ret=-32.206 step_rew=-0.3221 opt_step=-0.3221 gap0=32.206 dret=+44.169 eval_ret=n/a pursuer_target_distance=2.896 capture=0.002 score=0.001 pol=-0.0001 val=0.0174 ent=1.2451 tot=-0.0039 agnorm=0.057 cgnorm=0.060 kl=0.0002 clipf=0.000 ev=+0.910 r0=1.0000 entcoef=1.00e-02 lr=3.2e-05 seed=9
iter= 605 step=1939200 ep_ret=-9.510 opt_ret=-9.510 step_rew=-0.0951 opt_step=-0.0951 gap0=9.510 dret=+66.865 eval_ret=n/a pursuer_target_distance=2.339 capture=0.020 score=0.006 pol=-0.0003 val=0.1665 ent=1.2554 tot=+0.0704 agnorm=0.110 cgnorm=0.187 kl=0.0001 clipf=0.000 ev=+0.549 r0=1.0000 entcoef=1.00e-02 lr=3.1e-05 seed=9
iter= 606 step=1942400 ep_ret=-17.566 opt_ret=-17.566 step_rew=-0.1757 opt_step=-0.1757 gap0=17.566 dret=+58.809 eval_ret=n/a pursuer_target_distance=2.389 capture=0.017 score=0.005 pol=-0.0002 val=0.1267 ent=1.2791 tot=+0.0504 agnorm=0.075 cgnorm=0.232 kl=0.0001 clipf=0.000 ev=+0.534 r0=1.0000 entcoef=1.00e-02 lr=3.0e-05 seed=9
iter= 607 step=1945600 ep_ret=-12.710 opt_ret=-12.710 step_rew=-0.1271 opt_step=-0.1271 gap0=12.710 dret=+63.665 eval_ret=n/a pursuer_target_distance=2.984 capture=0.022 score=0.005 pol=-0.0001 val=0.1677 ent=1.2598 tot=+0.0711 agnorm=0.073 cgnorm=0.175 kl=0.0000 clipf=0.000 ev=+0.528 r0=1.0000 entcoef=1.00e-02 lr=2.9e-05 seed=9
iter= 608 step=1948800 ep_ret=-34.075 opt_ret=-34.075 step_rew=-0.3408 opt_step=-0.3408 gap0=34.075 dret=+42.300 eval_ret=n/a pursuer_target_distance=2.863 capture=0.010 score=0.003 pol=-0.0002 val=0.0768 ent=1.2721 tot=+0.0255 agnorm=0.057 cgnorm=0.124 kl=0.0000 clipf=0.000 ev=+0.733 r0=1.0000 entcoef=1.00e-02 lr=2.8e-05 seed=9
iter= 609 step=1952000 ep_ret=-28.000 opt_ret=-28.000 step_rew=-0.2800 opt_step=-0.2800 gap0=28.000 dret=+48.376 eval_ret=n/a pursuer_target_distance=2.881 capture=0.007 score=0.002 pol=-0.0003 val=0.0485 ent=1.2681 tot=+0.0113 agnorm=0.116 cgnorm=0.084 kl=0.0000 clipf=0.000 ev=+0.772 r0=1.0000 entcoef=1.00e-02 lr=2.7e-05 seed=9
iter= 610 step=1955200 ep_ret=-49.767 opt_ret=-49.767 step_rew=-0.4977 opt_step=-0.4977 gap0=49.767 dret=+26.608 eval_ret=n/a pursuer_target_distance=4.267 capture=0.000 score=0.000 pol=-0.0001 val=0.0224 ent=1.2727 tot=-0.0016 agnorm=0.063 cgnorm=0.091 kl=0.0000 clipf=0.000 ev=+0.921 r0=1.0000 entcoef=1.00e-02 lr=2.5e-05 seed=9
iter= 611 step=1958400 ep_ret=-35.708 opt_ret=-35.708 step_rew=-0.3571 opt_step=-0.3571 gap0=35.708 dret=+40.667 eval_ret=n/a pursuer_target_distance=2.739 capture=0.000 score=0.000 pol=-0.0001 val=0.0207 ent=1.2552 tot=-0.0023 agnorm=0.072 cgnorm=0.070 kl=0.0000 clipf=0.000 ev=+0.896 r0=1.0000 entcoef=1.00e-02 lr=2.4e-05 seed=9
iter= 612 step=1961600 ep_ret=-31.387 opt_ret=-31.387 step_rew=-0.3139 opt_step=-0.3139 gap0=31.387 dret=+44.989 eval_ret=n/a pursuer_target_distance=2.737 capture=0.000 score=0.000 pol=-0.0002 val=0.0082 ent=1.2945 tot=-0.0090 agnorm=0.081 cgnorm=0.045 kl=0.0000 clipf=0.000 ev=+0.944 r0=1.0000 entcoef=1.00e-02 lr=2.3e-05 seed=9
iter= 613 step=1964800 ep_ret=-30.734 opt_ret=-30.734 step_rew=-0.3073 opt_step=-0.3073 gap0=30.734 dret=+45.642 eval_ret=n/a pursuer_target_distance=2.364 capture=0.000 score=0.000 pol=-0.0002 val=0.0148 ent=1.2808 tot=-0.0056 agnorm=0.095 cgnorm=0.089 kl=0.0000 clipf=0.000 ev=+0.894 r0=1.0000 entcoef=1.00e-02 lr=2.2e-05 seed=9
iter= 614 step=1968000 ep_ret=-29.587 opt_ret=-29.587 step_rew=-0.2959 opt_step=-0.2959 gap0=29.587 dret=+46.788 eval_ret=n/a pursuer_target_distance=3.017 capture=0.006 score=0.002 pol=-0.0001 val=0.0439 ent=1.2712 tot=+0.0092 agnorm=0.054 cgnorm=0.131 kl=0.0000 clipf=0.000 ev=+0.779 r0=1.0000 entcoef=1.00e-02 lr=2.1e-05 seed=9
iter= 615 step=1971200 ep_ret=-26.263 opt_ret=-26.263 step_rew=-0.2626 opt_step=-0.2626 gap0=26.263 dret=+50.113 eval_ret=n/a pursuer_target_distance=3.278 capture=0.013 score=0.003 pol=-0.0002 val=0.1478 ent=1.2472 tot=+0.0612 agnorm=0.101 cgnorm=0.194 kl=0.0000 clipf=0.000 ev=+0.572 r0=1.0000 entcoef=1.00e-02 lr=2.0e-05 seed=9
iter= 616 step=1974400 ep_ret=-37.857 opt_ret=-37.857 step_rew=-0.3786 opt_step=-0.3786 gap0=37.857 dret=+38.519 eval_ret=n/a pursuer_target_distance=2.995 capture=0.000 score=0.000 pol=-0.0002 val=0.0155 ent=1.2654 tot=-0.0051 agnorm=0.097 cgnorm=0.071 kl=0.0000 clipf=0.000 ev=+0.927 r0=1.0000 entcoef=1.00e-02 lr=1.9e-05 seed=9
iter= 617 step=1977600 ep_ret=-24.411 opt_ret=-24.411 step_rew=-0.2441 opt_step=-0.2441 gap0=24.411 dret=+51.965 eval_ret=n/a pursuer_target_distance=2.539 capture=0.006 score=0.002 pol=-0.0006 val=0.0371 ent=1.2591 tot=+0.0054 agnorm=0.151 cgnorm=0.149 kl=0.0001 clipf=0.000 ev=+0.786 r0=1.0000 entcoef=1.00e-02 lr=1.8e-05 seed=9
iter= 618 step=1980800 ep_ret=-8.659 opt_ret=-8.659 step_rew=-0.0866 opt_step=-0.0866 gap0=8.659 dret=+67.716 eval_ret=n/a pursuer_target_distance=2.432 capture=0.018 score=0.005 pol=-0.0002 val=0.1662 ent=1.2696 tot=+0.0702 agnorm=0.098 cgnorm=0.251 kl=0.0001 clipf=0.000 ev=+0.413 r0=1.0000 entcoef=1.00e-02 lr=1.7e-05 seed=9
iter= 619 step=1984000 ep_ret=-31.036 opt_ret=-31.036 step_rew=-0.3104 opt_step=-0.3104 gap0=31.036 dret=+45.340 eval_ret=n/a pursuer_target_distance=2.515 capture=0.003 score=0.001 pol=-0.0001 val=0.0225 ent=1.2724 tot=-0.0015 agnorm=0.081 cgnorm=0.100 kl=0.0000 clipf=0.000 ev=+0.858 r0=1.0000 entcoef=1.00e-02 lr=1.6e-05 seed=9
iter= 620 step=1987200 ep_ret=-33.946 opt_ret=-33.946 step_rew=-0.3395 opt_step=-0.3395 gap0=33.946 dret=+42.430 eval_ret=-9.580 pursuer_target_distance=3.111 capture=0.004 score=0.001 pol=-0.0001 val=0.0291 ent=1.2762 tot=+0.0017 agnorm=0.058 cgnorm=0.094 kl=0.0000 clipf=0.000 ev=+0.863 r0=1.0000 entcoef=1.00e-02 lr=1.4e-05 seed=9
iter= 621 step=1990400 ep_ret=-35.632 opt_ret=-35.632 step_rew=-0.3563 opt_step=-0.3563 gap0=35.632 dret=+40.743 eval_ret=n/a pursuer_target_distance=2.616 capture=0.000 score=0.000 pol=-0.0001 val=0.0144 ent=1.2684 tot=-0.0056 agnorm=0.072 cgnorm=0.073 kl=0.0000 clipf=0.000 ev=+0.905 r0=1.0000 entcoef=1.00e-02 lr=1.3e-05 seed=9
iter= 622 step=1993600 ep_ret=-31.071 opt_ret=-31.071 step_rew=-0.3107 opt_step=-0.3107 gap0=31.071 dret=+45.305 eval_ret=n/a pursuer_target_distance=3.009 capture=0.007 score=0.002 pol=-0.0001 val=0.0595 ent=1.2427 tot=+0.0172 agnorm=0.129 cgnorm=0.104 kl=0.0000 clipf=0.000 ev=+0.721 r0=1.0000 entcoef=1.00e-02 lr=1.2e-05 seed=9
iter= 623 step=1996800 ep_ret=-26.404 opt_ret=-26.404 step_rew=-0.2640 opt_step=-0.2640 gap0=26.404 dret=+49.972 eval_ret=n/a pursuer_target_distance=3.022 capture=0.013 score=0.003 pol=-0.0002 val=0.0901 ent=1.2416 tot=+0.0325 agnorm=0.114 cgnorm=0.154 kl=0.0000 clipf=0.000 ev=+0.635 r0=1.0000 entcoef=1.00e-02 lr=1.1e-05 seed=9
iter= 624 step=2000000 ep_ret=-37.860 opt_ret=-37.860 step_rew=-0.3786 opt_step=-0.3786 gap0=37.860 dret=+38.516 eval_ret=-10.247 pursuer_target_distance=3.870 capture=0.011 score=0.002 pol=-0.0001 val=0.0962 ent=1.2483 tot=+0.0356 agnorm=0.086 cgnorm=0.189 kl=0.0000 clipf=0.000 ev=+0.712 r0=1.0000 entcoef=1.00e-02 lr=1.0e-05 seed=9
[train] Final checkpoint saved to runs/pcp_v2_full_20260623_213327/attention/seed9/ckpt/final.pt
[train] Run artifacts in runs/pcp_v2_full_20260623_213327/attention/seed9
[render] Skipped post-train render (mode=off).
=== done Tue Jun 23 21:47:00 EDT 2026 ===
