[setup] Required Python imports are available.
[setup] Required Python imports are available.
=== Job info ===
Job       : 637631  array=58
Node      : evc9
Submit    : /lustre/fs1/home/ak565492/gnn_experiments
Repo      : /lustre/fs1/home/ak565492/gnn_experiments
Git rev   : cd7453e
Python    : /home/ak565492/expenv/bin/python
Python 3.11.4
PyYAML  : 6.0.3
NumPy   : 2.3.5
Torch   : 2.5.1+cu121 cuda_available=True cuda=12.1
CUDA_VIS  : 0
Threads   : OMP=4 MKL=4 OPENBLAS=1
Task      : 58/60
Comm      : graph
Alpha     : 1.0
Seed      : 1
Run label : graph_alpha1p0_seed1
Run dir   : runs/pursuit/alpha/graph/alpha1p0/seed1
Config    : /tmp/637572_58_graph_alpha1p0_seed1.yaml
Start     : Sun Jun  7 23:46:46 EDT 2026
================
Sun Jun  7 23:46:46 2026       
+-----------------------------------------------------------------------------------------+
| NVIDIA-SMI 580.105.08             Driver Version: 580.105.08     CUDA Version: 13.0     |
+-----------------------------------------+------------------------+----------------------+
| GPU  Name                 Persistence-M | Bus-Id          Disp.A | Volatile Uncorr. ECC |
| Fan  Temp   Perf          Pwr:Usage/Cap |           Memory-Usage | GPU-Util  Compute M. |
|                                         |                        |               MIG M. |
|=========================================+========================+======================|
|   0  Tesla V100-PCIE-16GB           Off |   00000000:D8:00.0 Off |                    0 |
| N/A   36C    P0             32W /  250W |       5MiB /  16384MiB |      0%      Default |
|                                         |                        |                  N/A |
+-----------------------------------------+------------------------+----------------------+

+-----------------------------------------------------------------------------------------+
| Processes:                                                                              |
|  GPU   GI   CI              PID   Type   Process name                        GPU Memory |
|        ID   ID                                                               Usage      |
|=========================================================================================|
|    0   N/A  N/A          400499      G   /usr/libexec/Xorg                         4MiB |
+-----------------------------------------------------------------------------------------+
[env] kind=pursuit name=pursuit n_agents=5 obs_dim=5 action_dim=5 state_dim=13 num_envs=32
[train] Starting: total_iters=625 T=100 B=32 device=cuda:0 seed=1 render=off
iter=   0 step=   3200 ep_ret=-324.148 opt_ret=-324.148 step_rew=-3.2415 opt_step=-3.2415 gap0=324.148 dret=+0.000 eval_ret=-234.813 pursuer_target_distance=2.639 capture=0.000 score=0.000 pol=-0.0018 val=0.5863 ent=1.6058 tot=+0.2752 agnorm=0.042 cgnorm=0.243 kl=0.0035 clipf=0.024 ev=-0.317 r0=1.0000 entcoef=1.00e-02 lr=7.0e-04 seed=1
iter=   1 step=   6400 ep_ret=-303.735 opt_ret=-303.735 step_rew=-3.0373 opt_step=-3.0373 gap0=303.735 dret=+20.413 eval_ret=n/a pursuer_target_distance=2.394 capture=0.000 score=0.000 pol=-0.0015 val=0.3793 ent=1.5974 tot=+0.1722 agnorm=0.039 cgnorm=0.259 kl=0.0013 clipf=0.002 ev=+0.234 r0=1.0000 entcoef=9.99e-03 lr=7.0e-04 seed=1
iter=   2 step=   9600 ep_ret=-314.652 opt_ret=-314.652 step_rew=-3.1465 opt_step=-3.1465 gap0=314.652 dret=+9.496 eval_ret=n/a pursuer_target_distance=2.477 capture=0.000 score=0.000 pol=-0.0014 val=0.4732 ent=1.5910 tot=+0.2194 agnorm=0.043 cgnorm=0.299 kl=0.0013 clipf=0.006 ev=+0.332 r0=1.0000 entcoef=9.97e-03 lr=7.0e-04 seed=1
iter=   3 step=  12800 ep_ret=-330.994 opt_ret=-330.994 step_rew=-3.3099 opt_step=-3.3099 gap0=330.994 dret=-6.846 eval_ret=n/a pursuer_target_distance=2.562 capture=0.000 score=0.000 pol=-0.0021 val=0.4463 ent=1.5870 tot=+0.2052 agnorm=0.058 cgnorm=0.281 kl=0.0027 clipf=0.017 ev=+0.430 r0=1.0000 entcoef=9.96e-03 lr=7.0e-04 seed=1
iter=   4 step=  16000 ep_ret=-352.054 opt_ret=-352.054 step_rew=-3.5205 opt_step=-3.5205 gap0=352.054 dret=-27.906 eval_ret=n/a pursuer_target_distance=2.902 capture=0.000 score=0.000 pol=-0.0018 val=0.4787 ent=1.5736 tot=+0.2219 agnorm=0.042 cgnorm=0.301 kl=0.0019 clipf=0.006 ev=+0.289 r0=1.0000 entcoef=9.94e-03 lr=7.0e-04 seed=1
iter=   5 step=  19200 ep_ret=-270.823 opt_ret=-270.823 step_rew=-2.7082 opt_step=-2.7082 gap0=270.823 dret=+53.324 eval_ret=n/a pursuer_target_distance=1.898 capture=0.005 score=0.002 pol=-0.0019 val=0.2457 ent=1.5478 tot=+0.1056 agnorm=0.065 cgnorm=0.213 kl=0.0031 clipf=0.018 ev=+0.512 r0=1.0000 entcoef=9.93e-03 lr=6.9e-04 seed=1
iter=   6 step=  22400 ep_ret=-276.452 opt_ret=-276.452 step_rew=-2.7645 opt_step=-2.7645 gap0=276.452 dret=+47.695 eval_ret=n/a pursuer_target_distance=2.096 capture=0.000 score=0.000 pol=-0.0015 val=0.2367 ent=1.5393 tot=+0.1016 agnorm=0.040 cgnorm=0.238 kl=0.0019 clipf=0.006 ev=+0.490 r0=1.0000 entcoef=9.91e-03 lr=6.9e-04 seed=1
iter=   7 step=  25600 ep_ret=-294.362 opt_ret=-294.362 step_rew=-2.9436 opt_step=-2.9436 gap0=294.362 dret=+29.786 eval_ret=n/a pursuer_target_distance=2.249 capture=0.000 score=0.000 pol=-0.0012 val=0.2548 ent=1.5398 tot=+0.1109 agnorm=0.037 cgnorm=0.249 kl=0.0024 clipf=0.016 ev=+0.599 r0=1.0000 entcoef=9.90e-03 lr=6.9e-04 seed=1
iter=   8 step=  28800 ep_ret=-300.580 opt_ret=-300.580 step_rew=-3.0058 opt_step=-3.0058 gap0=300.580 dret=+23.568 eval_ret=n/a pursuer_target_distance=2.314 capture=0.000 score=0.000 pol=-0.0016 val=0.3036 ent=1.5332 tot=+0.1351 agnorm=0.044 cgnorm=0.263 kl=0.0024 clipf=0.013 ev=+0.341 r0=1.0000 entcoef=9.88e-03 lr=6.9e-04 seed=1
iter=   9 step=  32000 ep_ret=-282.859 opt_ret=-282.859 step_rew=-2.8286 opt_step=-2.8286 gap0=282.859 dret=+41.289 eval_ret=n/a pursuer_target_distance=2.135 capture=0.000 score=0.000 pol=-0.0017 val=0.2486 ent=1.5197 tot=+0.1076 agnorm=0.046 cgnorm=0.212 kl=0.0026 clipf=0.015 ev=+0.419 r0=1.0000 entcoef=9.87e-03 lr=6.9e-04 seed=1
iter=  10 step=  35200 ep_ret=-283.822 opt_ret=-283.822 step_rew=-2.8382 opt_step=-2.8382 gap0=283.822 dret=+40.325 eval_ret=n/a pursuer_target_distance=2.337 capture=0.000 score=0.000 pol=-0.0019 val=0.1946 ent=1.5243 tot=+0.0803 agnorm=0.043 cgnorm=0.240 kl=0.0024 clipf=0.020 ev=+0.628 r0=1.0000 entcoef=9.86e-03 lr=6.9e-04 seed=1
iter=  11 step=  38400 ep_ret=-304.708 opt_ret=-304.708 step_rew=-3.0471 opt_step=-3.0471 gap0=304.708 dret=+19.440 eval_ret=n/a pursuer_target_distance=2.215 capture=0.000 score=0.000 pol=-0.0016 val=0.1946 ent=1.5083 tot=+0.0808 agnorm=0.049 cgnorm=0.249 kl=0.0030 clipf=0.025 ev=+0.501 r0=1.0000 entcoef=9.84e-03 lr=6.9e-04 seed=1
iter=  12 step=  41600 ep_ret=-274.209 opt_ret=-274.209 step_rew=-2.7421 opt_step=-2.7421 gap0=274.209 dret=+49.939 eval_ret=n/a pursuer_target_distance=2.018 capture=0.002 score=0.001 pol=-0.0020 val=0.2027 ent=1.5143 tot=+0.0845 agnorm=0.044 cgnorm=0.222 kl=0.0027 clipf=0.018 ev=+0.397 r0=1.0000 entcoef=9.83e-03 lr=6.9e-04 seed=1
iter=  13 step=  44800 ep_ret=-271.600 opt_ret=-271.600 step_rew=-2.7160 opt_step=-2.7160 gap0=271.600 dret=+52.548 eval_ret=n/a pursuer_target_distance=2.058 capture=0.000 score=0.000 pol=-0.0014 val=0.1571 ent=1.5081 tot=+0.0623 agnorm=0.042 cgnorm=0.227 kl=0.0019 clipf=0.014 ev=+0.480 r0=1.0000 entcoef=9.81e-03 lr=6.9e-04 seed=1
iter=  14 step=  48000 ep_ret=-272.096 opt_ret=-272.096 step_rew=-2.7210 opt_step=-2.7210 gap0=272.096 dret=+52.052 eval_ret=n/a pursuer_target_distance=2.030 capture=0.000 score=0.000 pol=-0.0016 val=0.1459 ent=1.5145 tot=+0.0565 agnorm=0.044 cgnorm=0.225 kl=0.0017 clipf=0.011 ev=+0.600 r0=1.0000 entcoef=9.80e-03 lr=6.8e-04 seed=1
iter=  15 step=  51200 ep_ret=-317.289 opt_ret=-317.289 step_rew=-3.1729 opt_step=-3.1729 gap0=317.289 dret=+6.859 eval_ret=n/a pursuer_target_distance=2.425 capture=0.000 score=0.000 pol=-0.0015 val=0.1724 ent=1.5158 tot=+0.0699 agnorm=0.040 cgnorm=0.240 kl=0.0016 clipf=0.008 ev=+0.645 r0=1.0000 entcoef=9.78e-03 lr=6.8e-04 seed=1
iter=  16 step=  54400 ep_ret=-307.425 opt_ret=-307.425 step_rew=-3.0743 opt_step=-3.0743 gap0=307.425 dret=+16.722 eval_ret=n/a pursuer_target_distance=2.110 capture=0.000 score=0.000 pol=-0.0021 val=0.1593 ent=1.4955 tot=+0.0629 agnorm=0.056 cgnorm=0.239 kl=0.0030 clipf=0.032 ev=+0.344 r0=1.0000 entcoef=9.77e-03 lr=6.8e-04 seed=1
iter=  17 step=  57600 ep_ret=-309.688 opt_ret=-309.688 step_rew=-3.0969 opt_step=-3.0969 gap0=309.688 dret=+14.460 eval_ret=n/a pursuer_target_distance=2.468 capture=0.009 score=0.003 pol=-0.0020 val=0.1594 ent=1.5136 tot=+0.0629 agnorm=0.060 cgnorm=0.235 kl=0.0048 clipf=0.059 ev=+0.551 r0=1.0000 entcoef=9.75e-03 lr=6.8e-04 seed=1
iter=  18 step=  60800 ep_ret=-279.952 opt_ret=-279.952 step_rew=-2.7995 opt_step=-2.7995 gap0=279.952 dret=+44.195 eval_ret=n/a pursuer_target_distance=1.887 capture=0.000 score=0.000 pol=-0.0020 val=0.0788 ent=1.5284 tot=+0.0225 agnorm=0.054 cgnorm=0.201 kl=0.0033 clipf=0.029 ev=+0.517 r0=1.0000 entcoef=9.74e-03 lr=6.8e-04 seed=1
iter=  19 step=  64000 ep_ret=-281.611 opt_ret=-281.611 step_rew=-2.8161 opt_step=-2.8161 gap0=281.611 dret=+42.537 eval_ret=n/a pursuer_target_distance=2.058 capture=0.000 score=0.000 pol=-0.0021 val=0.0860 ent=1.5242 tot=+0.0261 agnorm=0.049 cgnorm=0.199 kl=0.0028 clipf=0.029 ev=+0.663 r0=1.0000 entcoef=9.73e-03 lr=6.8e-04 seed=1
iter=  20 step=  67200 ep_ret=-233.728 opt_ret=-233.728 step_rew=-2.3373 opt_step=-2.3373 gap0=233.728 dret=+90.420 eval_ret=-233.653 pursuer_target_distance=1.708 capture=0.000 score=0.000 pol=-0.0025 val=0.0377 ent=1.5160 tot=+0.0016 agnorm=0.052 cgnorm=0.133 kl=0.0035 clipf=0.032 ev=+0.729 r0=1.0000 entcoef=9.71e-03 lr=6.8e-04 seed=1
iter=  21 step=  70400 ep_ret=-318.360 opt_ret=-318.360 step_rew=-3.1836 opt_step=-3.1836 gap0=318.360 dret=+5.788 eval_ret=n/a pursuer_target_distance=2.526 capture=0.000 score=0.000 pol=-0.0019 val=0.1011 ent=1.5258 tot=+0.0338 agnorm=0.049 cgnorm=0.223 kl=0.0028 clipf=0.027 ev=+0.423 r0=1.0000 entcoef=9.70e-03 lr=6.8e-04 seed=1
iter=  22 step=  73600 ep_ret=-286.803 opt_ret=-286.803 step_rew=-2.8680 opt_step=-2.8680 gap0=286.803 dret=+37.345 eval_ret=n/a pursuer_target_distance=2.029 capture=0.000 score=0.000 pol=-0.0028 val=0.0654 ent=1.5154 tot=+0.0152 agnorm=0.056 cgnorm=0.174 kl=0.0031 clipf=0.022 ev=+0.557 r0=1.0000 entcoef=9.68e-03 lr=6.8e-04 seed=1
iter=  23 step=  76800 ep_ret=-300.125 opt_ret=-300.125 step_rew=-3.0013 opt_step=-3.0013 gap0=300.125 dret=+24.023 eval_ret=n/a pursuer_target_distance=2.378 capture=0.000 score=0.000 pol=-0.0020 val=0.0530 ent=1.4861 tot=+0.0101 agnorm=0.067 cgnorm=0.159 kl=0.0037 clipf=0.045 ev=+0.737 r0=1.0000 entcoef=9.67e-03 lr=6.7e-04 seed=1
iter=  24 step=  80000 ep_ret=-269.911 opt_ret=-269.911 step_rew=-2.6991 opt_step=-2.6991 gap0=269.911 dret=+54.237 eval_ret=n/a pursuer_target_distance=2.065 capture=0.000 score=0.000 pol=-0.0019 val=0.0342 ent=1.4841 tot=+0.0009 agnorm=0.055 cgnorm=0.136 kl=0.0027 clipf=0.020 ev=+0.724 r0=1.0000 entcoef=9.65e-03 lr=6.7e-04 seed=1
iter=  25 step=  83200 ep_ret=-287.532 opt_ret=-287.532 step_rew=-2.8753 opt_step=-2.8753 gap0=287.532 dret=+36.616 eval_ret=n/a pursuer_target_distance=2.183 capture=0.000 score=0.000 pol=-0.0018 val=0.0316 ent=1.4947 tot=-0.0004 agnorm=0.052 cgnorm=0.144 kl=0.0023 clipf=0.024 ev=+0.791 r0=1.0000 entcoef=9.64e-03 lr=6.7e-04 seed=1
iter=  26 step=  86400 ep_ret=-333.992 opt_ret=-333.992 step_rew=-3.3399 opt_step=-3.3399 gap0=333.992 dret=-9.844 eval_ret=n/a pursuer_target_distance=2.602 capture=0.000 score=0.000 pol=-0.0018 val=0.0662 ent=1.4655 tot=+0.0171 agnorm=0.046 cgnorm=0.188 kl=0.0029 clipf=0.028 ev=+0.556 r0=1.0000 entcoef=9.62e-03 lr=6.7e-04 seed=1
iter=  27 step=  89600 ep_ret=-291.457 opt_ret=-291.457 step_rew=-2.9146 opt_step=-2.9146 gap0=291.457 dret=+32.691 eval_ret=n/a pursuer_target_distance=2.350 capture=0.001 score=0.000 pol=-0.0019 val=0.0727 ent=1.4704 tot=+0.0203 agnorm=0.091 cgnorm=0.180 kl=0.0025 clipf=0.022 ev=+0.453 r0=1.0000 entcoef=9.61e-03 lr=6.7e-04 seed=1
iter=  28 step=  92800 ep_ret=-294.925 opt_ret=-294.925 step_rew=-2.9492 opt_step=-2.9492 gap0=294.925 dret=+29.223 eval_ret=n/a pursuer_target_distance=2.240 capture=0.000 score=0.000 pol=-0.0015 val=0.0283 ent=1.4364 tot=-0.0011 agnorm=0.052 cgnorm=0.106 kl=0.0029 clipf=0.023 ev=+0.729 r0=1.0000 entcoef=9.60e-03 lr=6.7e-04 seed=1
iter=  29 step=  96000 ep_ret=-281.634 opt_ret=-281.634 step_rew=-2.8163 opt_step=-2.8163 gap0=281.634 dret=+42.514 eval_ret=n/a pursuer_target_distance=2.015 capture=0.000 score=0.000 pol=-0.0019 val=0.0391 ent=1.4080 tot=+0.0041 agnorm=0.053 cgnorm=0.152 kl=0.0030 clipf=0.019 ev=+0.662 r0=1.0000 entcoef=9.58e-03 lr=6.7e-04 seed=1
iter=  30 step=  99200 ep_ret=-323.514 opt_ret=-323.514 step_rew=-3.2351 opt_step=-3.2351 gap0=323.514 dret=+0.634 eval_ret=n/a pursuer_target_distance=2.494 capture=0.000 score=0.000 pol=-0.0023 val=0.0402 ent=1.3973 tot=+0.0044 agnorm=0.073 cgnorm=0.161 kl=0.0030 clipf=0.024 ev=+0.692 r0=1.0000 entcoef=9.57e-03 lr=6.7e-04 seed=1
iter=  31 step= 102400 ep_ret=-300.884 opt_ret=-300.884 step_rew=-3.0088 opt_step=-3.0088 gap0=300.884 dret=+23.263 eval_ret=n/a pursuer_target_distance=2.365 capture=0.000 score=0.000 pol=-0.0013 val=0.0464 ent=1.3297 tot=+0.0091 agnorm=0.045 cgnorm=0.156 kl=0.0023 clipf=0.014 ev=+0.641 r0=1.0000 entcoef=9.55e-03 lr=6.7e-04 seed=1
iter=  32 step= 105600 ep_ret=-264.365 opt_ret=-264.365 step_rew=-2.6437 opt_step=-2.6437 gap0=264.365 dret=+59.783 eval_ret=n/a pursuer_target_distance=1.784 capture=0.000 score=0.000 pol=-0.0025 val=0.0275 ent=1.3662 tot=-0.0018 agnorm=0.061 cgnorm=0.102 kl=0.0025 clipf=0.026 ev=+0.758 r0=1.0000 entcoef=9.54e-03 lr=6.6e-04 seed=1
iter=  33 step= 108800 ep_ret=-287.286 opt_ret=-287.286 step_rew=-2.8729 opt_step=-2.8729 gap0=287.286 dret=+36.862 eval_ret=n/a pursuer_target_distance=2.083 capture=0.000 score=0.000 pol=-0.0014 val=0.0212 ent=1.3748 tot=-0.0039 agnorm=0.041 cgnorm=0.092 kl=0.0020 clipf=0.018 ev=+0.805 r0=1.0000 entcoef=9.52e-03 lr=6.6e-04 seed=1
iter=  34 step= 112000 ep_ret=-294.106 opt_ret=-294.106 step_rew=-2.9411 opt_step=-2.9411 gap0=294.106 dret=+30.042 eval_ret=n/a pursuer_target_distance=2.012 capture=0.000 score=0.000 pol=-0.0016 val=0.0257 ent=1.3349 tot=-0.0015 agnorm=0.049 cgnorm=0.122 kl=0.0021 clipf=0.015 ev=+0.487 r0=1.0000 entcoef=9.51e-03 lr=6.6e-04 seed=1
iter=  35 step= 115200 ep_ret=-286.840 opt_ret=-286.840 step_rew=-2.8684 opt_step=-2.8684 gap0=286.840 dret=+37.307 eval_ret=n/a pursuer_target_distance=2.111 capture=0.000 score=0.000 pol=-0.0030 val=0.0222 ent=1.3229 tot=-0.0045 agnorm=0.055 cgnorm=0.111 kl=0.0037 clipf=0.035 ev=+0.853 r0=1.0000 entcoef=9.50e-03 lr=6.6e-04 seed=1
iter=  36 step= 118400 ep_ret=-314.590 opt_ret=-314.590 step_rew=-3.1459 opt_step=-3.1459 gap0=314.590 dret=+9.558 eval_ret=n/a pursuer_target_distance=2.515 capture=0.000 score=0.000 pol=-0.0031 val=0.0385 ent=1.3225 tot=+0.0036 agnorm=0.078 cgnorm=0.147 kl=0.0041 clipf=0.047 ev=+0.474 r0=1.0000 entcoef=9.48e-03 lr=6.6e-04 seed=1
iter=  37 step= 121600 ep_ret=-308.229 opt_ret=-308.229 step_rew=-3.0823 opt_step=-3.0823 gap0=308.229 dret=+15.918 eval_ret=n/a pursuer_target_distance=2.512 capture=0.000 score=0.000 pol=-0.0021 val=0.0287 ent=1.2786 tot=+0.0002 agnorm=0.049 cgnorm=0.120 kl=0.0027 clipf=0.029 ev=+0.727 r0=1.0000 entcoef=9.47e-03 lr=6.6e-04 seed=1
iter=  38 step= 124800 ep_ret=-318.155 opt_ret=-318.155 step_rew=-3.1815 opt_step=-3.1815 gap0=318.155 dret=+5.993 eval_ret=n/a pursuer_target_distance=2.566 capture=0.000 score=0.000 pol=-0.0022 val=0.0364 ent=1.3017 tot=+0.0037 agnorm=0.065 cgnorm=0.132 kl=0.0042 clipf=0.046 ev=+0.720 r0=1.0000 entcoef=9.45e-03 lr=6.6e-04 seed=1
iter=  39 step= 128000 ep_ret=-305.559 opt_ret=-305.559 step_rew=-3.0556 opt_step=-3.0556 gap0=305.559 dret=+18.588 eval_ret=n/a pursuer_target_distance=2.220 capture=0.000 score=0.000 pol=-0.0025 val=0.0357 ent=1.2831 tot=+0.0032 agnorm=0.061 cgnorm=0.143 kl=0.0036 clipf=0.038 ev=+0.510 r0=1.0000 entcoef=9.44e-03 lr=6.6e-04 seed=1
iter=  40 step= 131200 ep_ret=-262.965 opt_ret=-262.965 step_rew=-2.6297 opt_step=-2.6297 gap0=262.965 dret=+61.183 eval_ret=-228.564 pursuer_target_distance=1.947 capture=0.002 score=0.001 pol=-0.0021 val=0.0369 ent=1.2715 tot=+0.0044 agnorm=0.072 cgnorm=0.136 kl=0.0038 clipf=0.041 ev=+0.687 r0=1.0000 entcoef=9.42e-03 lr=6.6e-04 seed=1
iter=  41 step= 134400 ep_ret=-320.472 opt_ret=-320.472 step_rew=-3.2047 opt_step=-3.2047 gap0=320.472 dret=+3.676 eval_ret=n/a pursuer_target_distance=2.385 capture=0.000 score=0.000 pol=-0.0020 val=0.0381 ent=1.2246 tot=+0.0055 agnorm=0.083 cgnorm=0.129 kl=0.0026 clipf=0.029 ev=+0.729 r0=1.0000 entcoef=9.41e-03 lr=6.5e-04 seed=1
iter=  42 step= 137600 ep_ret=-248.630 opt_ret=-248.630 step_rew=-2.4863 opt_step=-2.4863 gap0=248.630 dret=+75.518 eval_ret=n/a pursuer_target_distance=1.951 capture=0.000 score=0.000 pol=-0.0023 val=0.0261 ent=1.2143 tot=-0.0007 agnorm=0.084 cgnorm=0.104 kl=0.0027 clipf=0.030 ev=+0.832 r0=1.0000 entcoef=9.39e-03 lr=6.5e-04 seed=1
iter=  43 step= 140800 ep_ret=-275.185 opt_ret=-275.185 step_rew=-2.7519 opt_step=-2.7519 gap0=275.185 dret=+48.963 eval_ret=n/a pursuer_target_distance=2.006 capture=0.000 score=0.000 pol=-0.0019 val=0.0212 ent=1.2372 tot=-0.0029 agnorm=0.068 cgnorm=0.088 kl=0.0022 clipf=0.016 ev=+0.888 r0=1.0000 entcoef=9.38e-03 lr=6.5e-04 seed=1
iter=  44 step= 144000 ep_ret=-309.268 opt_ret=-309.268 step_rew=-3.0927 opt_step=-3.0927 gap0=309.268 dret=+14.879 eval_ret=n/a pursuer_target_distance=2.508 capture=0.000 score=0.000 pol=-0.0025 val=0.0399 ent=1.1597 tot=+0.0066 agnorm=0.085 cgnorm=0.154 kl=0.0034 clipf=0.037 ev=+0.602 r0=1.0000 entcoef=9.37e-03 lr=6.5e-04 seed=1
iter=  45 step= 147200 ep_ret=-277.846 opt_ret=-277.846 step_rew=-2.7785 opt_step=-2.7785 gap0=277.846 dret=+46.301 eval_ret=n/a pursuer_target_distance=2.202 capture=0.005 score=0.002 pol=-0.0015 val=0.0251 ent=1.2656 tot=-0.0008 agnorm=0.047 cgnorm=0.093 kl=0.0021 clipf=0.018 ev=+0.808 r0=1.0000 entcoef=9.35e-03 lr=6.5e-04 seed=1
iter=  46 step= 150400 ep_ret=-283.529 opt_ret=-283.529 step_rew=-2.8353 opt_step=-2.8353 gap0=283.529 dret=+40.619 eval_ret=n/a pursuer_target_distance=2.231 capture=0.000 score=0.000 pol=-0.0019 val=0.0187 ent=1.2486 tot=-0.0043 agnorm=0.053 cgnorm=0.101 kl=0.0021 clipf=0.019 ev=+0.863 r0=1.0000 entcoef=9.34e-03 lr=6.5e-04 seed=1
iter=  47 step= 153600 ep_ret=-294.612 opt_ret=-294.612 step_rew=-2.9461 opt_step=-2.9461 gap0=294.612 dret=+29.536 eval_ret=n/a pursuer_target_distance=2.202 capture=0.000 score=0.000 pol=-0.0018 val=0.0265 ent=1.2815 tot=-0.0005 agnorm=0.066 cgnorm=0.083 kl=0.0021 clipf=0.021 ev=+0.823 r0=1.0000 entcoef=9.32e-03 lr=6.5e-04 seed=1
iter=  48 step= 156800 ep_ret=-311.796 opt_ret=-311.796 step_rew=-3.1180 opt_step=-3.1180 gap0=311.796 dret=+12.352 eval_ret=n/a pursuer_target_distance=2.384 capture=0.000 score=0.000 pol=-0.0021 val=0.0281 ent=1.2797 tot=+0.0000 agnorm=0.061 cgnorm=0.105 kl=0.0021 clipf=0.023 ev=+0.726 r0=1.0000 entcoef=9.31e-03 lr=6.5e-04 seed=1
iter=  49 step= 160000 ep_ret=-259.053 opt_ret=-259.053 step_rew=-2.5905 opt_step=-2.5905 gap0=259.053 dret=+65.095 eval_ret=n/a pursuer_target_distance=1.884 capture=0.000 score=0.000 pol=-0.0017 val=0.0194 ent=1.2612 tot=-0.0037 agnorm=0.075 cgnorm=0.085 kl=0.0025 clipf=0.022 ev=+0.885 r0=1.0000 entcoef=9.29e-03 lr=6.5e-04 seed=1
iter=  50 step= 163200 ep_ret=-260.860 opt_ret=-260.860 step_rew=-2.6086 opt_step=-2.6086 gap0=260.860 dret=+63.288 eval_ret=n/a pursuer_target_distance=1.844 capture=0.000 score=0.000 pol=-0.0017 val=0.0224 ent=1.2387 tot=-0.0020 agnorm=0.064 cgnorm=0.086 kl=0.0029 clipf=0.028 ev=+0.896 r0=1.0000 entcoef=9.28e-03 lr=6.4e-04 seed=1
iter=  51 step= 166400 ep_ret=-294.021 opt_ret=-294.021 step_rew=-2.9402 opt_step=-2.9402 gap0=294.021 dret=+30.127 eval_ret=n/a pursuer_target_distance=2.321 capture=0.000 score=0.000 pol=-0.0028 val=0.0309 ent=1.2862 tot=+0.0008 agnorm=0.076 cgnorm=0.111 kl=0.0030 clipf=0.023 ev=+0.792 r0=1.0000 entcoef=9.26e-03 lr=6.4e-04 seed=1
iter=  52 step= 169600 ep_ret=-247.937 opt_ret=-247.937 step_rew=-2.4794 opt_step=-2.4794 gap0=247.937 dret=+76.211 eval_ret=n/a pursuer_target_distance=1.874 capture=0.001 score=0.000 pol=-0.0024 val=0.0168 ent=1.2901 tot=-0.0059 agnorm=0.074 cgnorm=0.073 kl=0.0036 clipf=0.038 ev=+0.909 r0=1.0000 entcoef=9.25e-03 lr=6.4e-04 seed=1
iter=  53 step= 172800 ep_ret=-273.160 opt_ret=-273.160 step_rew=-2.7316 opt_step=-2.7316 gap0=273.160 dret=+50.988 eval_ret=n/a pursuer_target_distance=2.123 capture=0.000 score=0.000 pol=-0.0016 val=0.0229 ent=1.2882 tot=-0.0020 agnorm=0.062 cgnorm=0.094 kl=0.0017 clipf=0.012 ev=+0.835 r0=1.0000 entcoef=9.24e-03 lr=6.4e-04 seed=1
iter=  54 step= 176000 ep_ret=-248.527 opt_ret=-248.527 step_rew=-2.4853 opt_step=-2.4853 gap0=248.527 dret=+75.621 eval_ret=n/a pursuer_target_distance=1.879 capture=0.000 score=0.000 pol=-0.0020 val=0.0223 ent=1.3079 tot=-0.0029 agnorm=0.063 cgnorm=0.069 kl=0.0026 clipf=0.027 ev=+0.875 r0=1.0000 entcoef=9.22e-03 lr=6.4e-04 seed=1
iter=  55 step= 179200 ep_ret=-314.633 opt_ret=-314.633 step_rew=-3.1463 opt_step=-3.1463 gap0=314.633 dret=+9.515 eval_ret=n/a pursuer_target_distance=2.540 capture=0.000 score=0.000 pol=-0.0020 val=0.0307 ent=1.3041 tot=+0.0014 agnorm=0.052 cgnorm=0.110 kl=0.0018 clipf=0.014 ev=+0.848 r0=1.0000 entcoef=9.21e-03 lr=6.4e-04 seed=1
iter=  56 step= 182400 ep_ret=-267.874 opt_ret=-267.874 step_rew=-2.6787 opt_step=-2.6787 gap0=267.874 dret=+56.273 eval_ret=n/a pursuer_target_distance=2.112 capture=0.001 score=0.000 pol=-0.0033 val=0.0308 ent=1.3419 tot=-0.0002 agnorm=0.103 cgnorm=0.097 kl=0.0032 clipf=0.036 ev=+0.843 r0=1.0000 entcoef=9.19e-03 lr=6.4e-04 seed=1
iter=  57 step= 185600 ep_ret=-308.477 opt_ret=-308.477 step_rew=-3.0848 opt_step=-3.0848 gap0=308.477 dret=+15.671 eval_ret=n/a pursuer_target_distance=2.297 capture=0.000 score=0.000 pol=-0.0015 val=0.0295 ent=1.3281 tot=+0.0011 agnorm=0.049 cgnorm=0.094 kl=0.0023 clipf=0.024 ev=+0.733 r0=1.0000 entcoef=9.18e-03 lr=6.4e-04 seed=1
iter=  58 step= 188800 ep_ret=-279.043 opt_ret=-279.043 step_rew=-2.7904 opt_step=-2.7904 gap0=279.043 dret=+45.105 eval_ret=n/a pursuer_target_distance=2.188 capture=0.000 score=0.000 pol=-0.0018 val=0.0294 ent=1.2971 tot=+0.0010 agnorm=0.049 cgnorm=0.093 kl=0.0017 clipf=0.013 ev=+0.788 r0=1.0000 entcoef=9.16e-03 lr=6.4e-04 seed=1
iter=  59 step= 192000 ep_ret=-314.564 opt_ret=-314.564 step_rew=-3.1456 opt_step=-3.1456 gap0=314.564 dret=+9.584 eval_ret=n/a pursuer_target_distance=2.455 capture=0.000 score=0.000 pol=-0.0014 val=0.0374 ent=1.3331 tot=+0.0051 agnorm=0.041 cgnorm=0.110 kl=0.0024 clipf=0.015 ev=+0.758 r0=1.0000 entcoef=9.15e-03 lr=6.3e-04 seed=1
iter=  60 step= 195200 ep_ret=-294.730 opt_ret=-294.730 step_rew=-2.9473 opt_step=-2.9473 gap0=294.730 dret=+29.418 eval_ret=-224.738 pursuer_target_distance=2.161 capture=0.000 score=0.000 pol=-0.0031 val=0.0245 ent=1.3862 tot=-0.0035 agnorm=0.084 cgnorm=0.105 kl=0.0037 clipf=0.045 ev=+0.818 r0=1.0000 entcoef=9.13e-03 lr=6.3e-04 seed=1
iter=  61 step= 198400 ep_ret=-261.243 opt_ret=-261.243 step_rew=-2.6124 opt_step=-2.6124 gap0=261.243 dret=+62.905 eval_ret=n/a pursuer_target_distance=1.996 capture=0.000 score=0.000 pol=-0.0027 val=0.0200 ent=1.3547 tot=-0.0051 agnorm=0.087 cgnorm=0.062 kl=0.0043 clipf=0.051 ev=+0.849 r0=1.0000 entcoef=9.12e-03 lr=6.3e-04 seed=1
iter=  62 step= 201600 ep_ret=-324.042 opt_ret=-324.042 step_rew=-3.2404 opt_step=-3.2404 gap0=324.042 dret=+0.106 eval_ret=n/a pursuer_target_distance=2.474 capture=0.001 score=0.000 pol=-0.0012 val=0.0361 ent=1.3893 tot=+0.0042 agnorm=0.060 cgnorm=0.097 kl=0.0018 clipf=0.010 ev=+0.674 r0=1.0000 entcoef=9.11e-03 lr=6.3e-04 seed=1
iter=  63 step= 204800 ep_ret=-267.374 opt_ret=-267.374 step_rew=-2.6737 opt_step=-2.6737 gap0=267.374 dret=+56.774 eval_ret=n/a pursuer_target_distance=1.981 capture=0.000 score=0.000 pol=-0.0015 val=0.0202 ent=1.3911 tot=-0.0041 agnorm=0.060 cgnorm=0.070 kl=0.0014 clipf=0.007 ev=+0.853 r0=1.0000 entcoef=9.09e-03 lr=6.3e-04 seed=1
iter=  64 step= 208000 ep_ret=-311.696 opt_ret=-311.696 step_rew=-3.1170 opt_step=-3.1170 gap0=311.696 dret=+12.452 eval_ret=n/a pursuer_target_distance=2.440 capture=0.000 score=0.000 pol=-0.0024 val=0.0234 ent=1.4142 tot=-0.0035 agnorm=0.070 cgnorm=0.076 kl=0.0028 clipf=0.022 ev=+0.729 r0=1.0000 entcoef=9.08e-03 lr=6.3e-04 seed=1
iter=  65 step= 211200 ep_ret=-245.556 opt_ret=-245.556 step_rew=-2.4556 opt_step=-2.4556 gap0=245.556 dret=+78.592 eval_ret=n/a pursuer_target_distance=1.943 capture=0.005 score=0.002 pol=-0.0016 val=0.0418 ent=1.4028 tot=+0.0067 agnorm=0.073 cgnorm=0.083 kl=0.0023 clipf=0.022 ev=+0.686 r0=1.0000 entcoef=9.06e-03 lr=6.3e-04 seed=1
iter=  66 step= 214400 ep_ret=-278.047 opt_ret=-278.047 step_rew=-2.7805 opt_step=-2.7805 gap0=278.047 dret=+46.101 eval_ret=n/a pursuer_target_distance=2.165 capture=0.000 score=0.000 pol=-0.0024 val=0.0180 ent=1.3933 tot=-0.0060 agnorm=0.094 cgnorm=0.060 kl=0.0038 clipf=0.038 ev=+0.854 r0=1.0000 entcoef=9.05e-03 lr=6.3e-04 seed=1
iter=  67 step= 217600 ep_ret=-303.069 opt_ret=-303.069 step_rew=-3.0307 opt_step=-3.0307 gap0=303.069 dret=+21.079 eval_ret=n/a pursuer_target_distance=2.245 capture=0.000 score=0.000 pol=-0.0012 val=0.0245 ent=1.4310 tot=-0.0019 agnorm=0.071 cgnorm=0.088 kl=0.0016 clipf=0.013 ev=+0.680 r0=1.0000 entcoef=9.03e-03 lr=6.3e-04 seed=1
iter=  68 step= 220800 ep_ret=-262.123 opt_ret=-262.123 step_rew=-2.6212 opt_step=-2.6212 gap0=262.123 dret=+62.024 eval_ret=n/a pursuer_target_distance=1.999 capture=0.000 score=0.000 pol=-0.0020 val=0.0211 ent=1.4213 tot=-0.0042 agnorm=0.062 cgnorm=0.066 kl=0.0025 clipf=0.021 ev=+0.836 r0=1.0000 entcoef=9.02e-03 lr=6.2e-04 seed=1
iter=  69 step= 224000 ep_ret=-315.064 opt_ret=-315.064 step_rew=-3.1506 opt_step=-3.1506 gap0=315.064 dret=+9.084 eval_ret=n/a pursuer_target_distance=2.421 capture=0.000 score=0.000 pol=-0.0015 val=0.0445 ent=1.4528 tot=+0.0076 agnorm=0.049 cgnorm=0.100 kl=0.0023 clipf=0.014 ev=+0.569 r0=1.0000 entcoef=9.00e-03 lr=6.2e-04 seed=1
iter=  70 step= 227200 ep_ret=-301.706 opt_ret=-301.706 step_rew=-3.0171 opt_step=-3.0171 gap0=301.706 dret=+22.442 eval_ret=n/a pursuer_target_distance=2.248 capture=0.000 score=0.000 pol=-0.0025 val=0.0304 ent=1.4351 tot=-0.0002 agnorm=0.068 cgnorm=0.091 kl=0.0029 clipf=0.022 ev=+0.589 r0=1.0000 entcoef=8.99e-03 lr=6.2e-04 seed=1
iter=  71 step= 230400 ep_ret=-281.090 opt_ret=-281.090 step_rew=-2.8109 opt_step=-2.8109 gap0=281.090 dret=+43.058 eval_ret=n/a pursuer_target_distance=2.290 capture=0.006 score=0.002 pol=-0.0027 val=0.0383 ent=1.4166 tot=+0.0037 agnorm=0.069 cgnorm=0.082 kl=0.0032 clipf=0.026 ev=+0.759 r0=1.0000 entcoef=8.98e-03 lr=6.2e-04 seed=1
iter=  72 step= 233600 ep_ret=-262.400 opt_ret=-262.400 step_rew=-2.6240 opt_step=-2.6240 gap0=262.400 dret=+61.747 eval_ret=n/a pursuer_target_distance=1.854 capture=0.000 score=0.000 pol=-0.0022 val=0.0284 ent=1.4154 tot=-0.0007 agnorm=0.072 cgnorm=0.069 kl=0.0036 clipf=0.037 ev=+0.733 r0=1.0000 entcoef=8.96e-03 lr=6.2e-04 seed=1
iter=  73 step= 236800 ep_ret=-270.011 opt_ret=-270.011 step_rew=-2.7001 opt_step=-2.7001 gap0=270.011 dret=+54.137 eval_ret=n/a pursuer_target_distance=2.028 capture=0.000 score=0.000 pol=-0.0018 val=0.0208 ent=1.4121 tot=-0.0041 agnorm=0.115 cgnorm=0.075 kl=0.0024 clipf=0.018 ev=+0.783 r0=1.0000 entcoef=8.95e-03 lr=6.2e-04 seed=1
iter=  74 step= 240000 ep_ret=-315.910 opt_ret=-315.910 step_rew=-3.1591 opt_step=-3.1591 gap0=315.910 dret=+8.238 eval_ret=n/a pursuer_target_distance=2.452 capture=0.000 score=0.000 pol=-0.0015 val=0.0338 ent=1.3907 tot=+0.0030 agnorm=0.072 cgnorm=0.089 kl=0.0023 clipf=0.014 ev=+0.727 r0=1.0000 entcoef=8.93e-03 lr=6.2e-04 seed=1
iter=  75 step= 243200 ep_ret=-263.978 opt_ret=-263.978 step_rew=-2.6398 opt_step=-2.6398 gap0=263.978 dret=+60.169 eval_ret=n/a pursuer_target_distance=2.059 capture=0.016 score=0.005 pol=-0.0014 val=0.0617 ent=1.3729 tot=+0.0172 agnorm=0.098 cgnorm=0.105 kl=0.0016 clipf=0.012 ev=+0.589 r0=1.0000 entcoef=8.92e-03 lr=6.2e-04 seed=1
iter=  76 step= 246400 ep_ret=-284.018 opt_ret=-284.018 step_rew=-2.8402 opt_step=-2.8402 gap0=284.018 dret=+40.130 eval_ret=n/a pursuer_target_distance=2.300 capture=0.003 score=0.001 pol=-0.0027 val=0.0306 ent=1.4086 tot=+0.0001 agnorm=0.085 cgnorm=0.087 kl=0.0042 clipf=0.052 ev=+0.770 r0=1.0000 entcoef=8.90e-03 lr=6.2e-04 seed=1
iter=  77 step= 249600 ep_ret=-274.278 opt_ret=-274.278 step_rew=-2.7428 opt_step=-2.7428 gap0=274.278 dret=+49.870 eval_ret=n/a pursuer_target_distance=2.097 capture=0.006 score=0.002 pol=-0.0021 val=0.0439 ent=1.4303 tot=+0.0072 agnorm=0.058 cgnorm=0.101 kl=0.0024 clipf=0.021 ev=+0.742 r0=1.0000 entcoef=8.89e-03 lr=6.1e-04 seed=1
iter=  78 step= 252800 ep_ret=-262.025 opt_ret=-262.025 step_rew=-2.6202 opt_step=-2.6202 gap0=262.025 dret=+62.123 eval_ret=n/a pursuer_target_distance=1.934 capture=0.018 score=0.006 pol=-0.0010 val=0.0598 ent=1.4395 tot=+0.0161 agnorm=0.056 cgnorm=0.096 kl=0.0021 clipf=0.014 ev=+0.668 r0=1.0000 entcoef=8.88e-03 lr=6.1e-04 seed=1
iter=  79 step= 256000 ep_ret=-299.790 opt_ret=-299.790 step_rew=-2.9979 opt_step=-2.9979 gap0=299.790 dret=+24.358 eval_ret=n/a pursuer_target_distance=2.290 capture=0.000 score=0.000 pol=-0.0018 val=0.0259 ent=1.4040 tot=-0.0013 agnorm=0.123 cgnorm=0.068 kl=0.0035 clipf=0.036 ev=+0.863 r0=1.0000 entcoef=8.86e-03 lr=6.1e-04 seed=1
iter=  80 step= 259200 ep_ret=-272.333 opt_ret=-272.333 step_rew=-2.7233 opt_step=-2.7233 gap0=272.333 dret=+51.815 eval_ret=-184.640 pursuer_target_distance=2.033 capture=0.008 score=0.003 pol=-0.0018 val=0.0437 ent=1.4163 tot=+0.0075 agnorm=0.107 cgnorm=0.085 kl=0.0039 clipf=0.036 ev=+0.721 r0=1.0000 entcoef=8.85e-03 lr=6.1e-04 seed=1
iter=  81 step= 262400 ep_ret=-280.015 opt_ret=-280.015 step_rew=-2.8001 opt_step=-2.8001 gap0=280.015 dret=+44.133 eval_ret=n/a pursuer_target_distance=2.152 capture=0.000 score=0.000 pol=-0.0018 val=0.0287 ent=1.4054 tot=+0.0001 agnorm=0.063 cgnorm=0.078 kl=0.0023 clipf=0.019 ev=+0.838 r0=1.0000 entcoef=8.83e-03 lr=6.1e-04 seed=1
iter=  82 step= 265600 ep_ret=-290.120 opt_ret=-290.120 step_rew=-2.9012 opt_step=-2.9012 gap0=290.120 dret=+34.028 eval_ret=n/a pursuer_target_distance=2.132 capture=0.002 score=0.000 pol=-0.0020 val=0.0516 ent=1.3825 tot=+0.0116 agnorm=0.058 cgnorm=0.115 kl=0.0027 clipf=0.022 ev=+0.747 r0=1.0000 entcoef=8.82e-03 lr=6.1e-04 seed=1
iter=  83 step= 268800 ep_ret=-261.312 opt_ret=-261.312 step_rew=-2.6131 opt_step=-2.6131 gap0=261.312 dret=+62.836 eval_ret=n/a pursuer_target_distance=1.912 capture=0.018 score=0.006 pol=-0.0026 val=0.0829 ent=1.3623 tot=+0.0269 agnorm=0.058 cgnorm=0.106 kl=0.0017 clipf=0.013 ev=+0.682 r0=1.0000 entcoef=8.80e-03 lr=6.1e-04 seed=1
iter=  84 step= 272000 ep_ret=-217.835 opt_ret=-217.835 step_rew=-2.1784 opt_step=-2.1784 gap0=217.835 dret=+106.312 eval_ret=n/a pursuer_target_distance=1.450 capture=0.023 score=0.010 pol=-0.0023 val=0.0816 ent=1.3298 tot=+0.0268 agnorm=0.069 cgnorm=0.112 kl=0.0023 clipf=0.018 ev=+0.587 r0=1.0000 entcoef=8.79e-03 lr=6.1e-04 seed=1
iter=  85 step= 275200 ep_ret=-298.686 opt_ret=-298.686 step_rew=-2.9869 opt_step=-2.9869 gap0=298.686 dret=+25.462 eval_ret=n/a pursuer_target_distance=2.254 capture=0.003 score=0.001 pol=-0.0019 val=0.0469 ent=1.3631 tot=+0.0096 agnorm=0.059 cgnorm=0.087 kl=0.0023 clipf=0.018 ev=+0.604 r0=1.0000 entcoef=8.77e-03 lr=6.1e-04 seed=1
iter=  86 step= 278400 ep_ret=-244.558 opt_ret=-244.558 step_rew=-2.4456 opt_step=-2.4456 gap0=244.558 dret=+79.590 eval_ret=n/a pursuer_target_distance=1.793 capture=0.011 score=0.004 pol=-0.0016 val=0.0487 ent=1.3536 tot=+0.0109 agnorm=0.057 cgnorm=0.085 kl=0.0017 clipf=0.007 ev=+0.685 r0=1.0000 entcoef=8.76e-03 lr=6.0e-04 seed=1
iter=  87 step= 281600 ep_ret=-262.717 opt_ret=-262.717 step_rew=-2.6272 opt_step=-2.6272 gap0=262.717 dret=+61.431 eval_ret=n/a pursuer_target_distance=2.040 capture=0.005 score=0.002 pol=-0.0022 val=0.0384 ent=1.3851 tot=+0.0049 agnorm=0.058 cgnorm=0.084 kl=0.0029 clipf=0.028 ev=+0.642 r0=1.0000 entcoef=8.75e-03 lr=6.0e-04 seed=1
iter=  88 step= 284800 ep_ret=-252.734 opt_ret=-252.734 step_rew=-2.5273 opt_step=-2.5273 gap0=252.734 dret=+71.414 eval_ret=n/a pursuer_target_distance=1.949 capture=0.000 score=0.000 pol=-0.0023 val=0.0301 ent=1.3597 tot=+0.0009 agnorm=0.058 cgnorm=0.071 kl=0.0022 clipf=0.018 ev=+0.729 r0=1.0000 entcoef=8.73e-03 lr=6.0e-04 seed=1
iter=  89 step= 288000 ep_ret=-272.547 opt_ret=-272.547 step_rew=-2.7255 opt_step=-2.7255 gap0=272.547 dret=+51.601 eval_ret=n/a pursuer_target_distance=2.066 capture=0.002 score=0.001 pol=-0.0029 val=0.0363 ent=1.3829 tot=+0.0032 agnorm=0.097 cgnorm=0.083 kl=0.0043 clipf=0.051 ev=+0.774 r0=1.0000 entcoef=8.72e-03 lr=6.0e-04 seed=1
iter=  90 step= 291200 ep_ret=-254.069 opt_ret=-254.069 step_rew=-2.5407 opt_step=-2.5407 gap0=254.069 dret=+70.078 eval_ret=n/a pursuer_target_distance=1.920 capture=0.000 score=0.000 pol=-0.0016 val=0.0254 ent=1.3582 tot=-0.0007 agnorm=0.063 cgnorm=0.059 kl=0.0035 clipf=0.034 ev=+0.792 r0=1.0000 entcoef=8.70e-03 lr=6.0e-04 seed=1
iter=  91 step= 294400 ep_ret=-266.809 opt_ret=-266.809 step_rew=-2.6681 opt_step=-2.6681 gap0=266.809 dret=+57.339 eval_ret=n/a pursuer_target_distance=2.016 capture=0.005 score=0.002 pol=-0.0022 val=0.0341 ent=1.3911 tot=+0.0027 agnorm=0.060 cgnorm=0.083 kl=0.0022 clipf=0.013 ev=+0.703 r0=1.0000 entcoef=8.69e-03 lr=6.0e-04 seed=1
iter=  92 step= 297600 ep_ret=-277.746 opt_ret=-277.746 step_rew=-2.7775 opt_step=-2.7775 gap0=277.746 dret=+46.402 eval_ret=n/a pursuer_target_distance=1.996 capture=0.000 score=0.000 pol=-0.0022 val=0.0425 ent=1.3260 tot=+0.0076 agnorm=0.068 cgnorm=0.085 kl=0.0028 clipf=0.023 ev=+0.723 r0=1.0000 entcoef=8.67e-03 lr=6.0e-04 seed=1
iter=  93 step= 300800 ep_ret=-303.178 opt_ret=-303.178 step_rew=-3.0318 opt_step=-3.0318 gap0=303.178 dret=+20.969 eval_ret=n/a pursuer_target_distance=2.229 capture=0.002 score=0.001 pol=-0.0025 val=0.0489 ent=1.3589 tot=+0.0102 agnorm=0.083 cgnorm=0.108 kl=0.0032 clipf=0.034 ev=+0.709 r0=1.0000 entcoef=8.66e-03 lr=6.0e-04 seed=1
iter=  94 step= 304000 ep_ret=-287.904 opt_ret=-287.904 step_rew=-2.8790 opt_step=-2.8790 gap0=287.904 dret=+36.243 eval_ret=n/a pursuer_target_distance=2.339 capture=0.000 score=0.000 pol=-0.0016 val=0.0504 ent=1.3509 tot=+0.0119 agnorm=0.081 cgnorm=0.090 kl=0.0029 clipf=0.028 ev=+0.733 r0=1.0000 entcoef=8.64e-03 lr=6.0e-04 seed=1
iter=  95 step= 307200 ep_ret=-254.564 opt_ret=-254.564 step_rew=-2.5456 opt_step=-2.5456 gap0=254.564 dret=+69.584 eval_ret=n/a pursuer_target_distance=2.048 capture=0.000 score=0.000 pol=-0.0016 val=0.0315 ent=1.2912 tot=+0.0030 agnorm=0.097 cgnorm=0.074 kl=0.0013 clipf=0.008 ev=+0.803 r0=1.0000 entcoef=8.63e-03 lr=5.9e-04 seed=1
iter=  96 step= 310400 ep_ret=-310.605 opt_ret=-310.605 step_rew=-3.1060 opt_step=-3.1060 gap0=310.605 dret=+13.543 eval_ret=n/a pursuer_target_distance=2.479 capture=0.000 score=0.000 pol=-0.0012 val=0.0461 ent=1.3359 tot=+0.0103 agnorm=0.076 cgnorm=0.091 kl=0.0023 clipf=0.016 ev=+0.785 r0=1.0000 entcoef=8.62e-03 lr=5.9e-04 seed=1
iter=  97 step= 313600 ep_ret=-279.171 opt_ret=-279.171 step_rew=-2.7917 opt_step=-2.7917 gap0=279.171 dret=+44.977 eval_ret=n/a pursuer_target_distance=1.955 capture=0.000 score=0.000 pol=-0.0013 val=0.0340 ent=1.3194 tot=+0.0044 agnorm=0.047 cgnorm=0.081 kl=0.0015 clipf=0.011 ev=+0.727 r0=1.0000 entcoef=8.60e-03 lr=5.9e-04 seed=1
iter=  98 step= 316800 ep_ret=-268.025 opt_ret=-268.025 step_rew=-2.6803 opt_step=-2.6803 gap0=268.025 dret=+56.122 eval_ret=n/a pursuer_target_distance=1.936 capture=0.000 score=0.000 pol=-0.0017 val=0.0331 ent=1.3210 tot=+0.0035 agnorm=0.050 cgnorm=0.072 kl=0.0017 clipf=0.009 ev=+0.791 r0=1.0000 entcoef=8.59e-03 lr=5.9e-04 seed=1
iter=  99 step= 320000 ep_ret=-238.279 opt_ret=-238.279 step_rew=-2.3828 opt_step=-2.3828 gap0=238.279 dret=+85.868 eval_ret=n/a pursuer_target_distance=1.811 capture=0.000 score=0.000 pol=-0.0023 val=0.0324 ent=1.3012 tot=+0.0028 agnorm=0.092 cgnorm=0.096 kl=0.0027 clipf=0.028 ev=+0.823 r0=1.0000 entcoef=8.57e-03 lr=5.9e-04 seed=1
iter= 100 step= 323200 ep_ret=-294.002 opt_ret=-294.002 step_rew=-2.9400 opt_step=-2.9400 gap0=294.002 dret=+30.146 eval_ret=-211.240 pursuer_target_distance=2.223 capture=0.004 score=0.001 pol=-0.0019 val=0.0561 ent=1.3428 tot=+0.0146 agnorm=0.062 cgnorm=0.110 kl=0.0023 clipf=0.018 ev=+0.724 r0=1.0000 entcoef=8.56e-03 lr=5.9e-04 seed=1
iter= 101 step= 326400 ep_ret=-218.606 opt_ret=-218.606 step_rew=-2.1861 opt_step=-2.1861 gap0=218.606 dret=+105.542 eval_ret=n/a pursuer_target_distance=1.669 capture=0.001 score=0.000 pol=-0.0022 val=0.0314 ent=1.2930 tot=+0.0025 agnorm=0.125 cgnorm=0.093 kl=0.0030 clipf=0.032 ev=+0.875 r0=1.0000 entcoef=8.54e-03 lr=5.9e-04 seed=1
iter= 102 step= 329600 ep_ret=-271.548 opt_ret=-271.548 step_rew=-2.7155 opt_step=-2.7155 gap0=271.548 dret=+52.600 eval_ret=n/a pursuer_target_distance=1.978 capture=0.000 score=0.000 pol=-0.0013 val=0.0297 ent=1.3090 tot=+0.0023 agnorm=0.112 cgnorm=0.067 kl=0.0026 clipf=0.022 ev=+0.795 r0=1.0000 entcoef=8.53e-03 lr=5.9e-04 seed=1
iter= 103 step= 332800 ep_ret=-225.978 opt_ret=-225.978 step_rew=-2.2598 opt_step=-2.2598 gap0=225.978 dret=+98.170 eval_ret=n/a pursuer_target_distance=1.643 capture=0.002 score=0.001 pol=-0.0021 val=0.0273 ent=1.2592 tot=+0.0008 agnorm=0.108 cgnorm=0.093 kl=0.0021 clipf=0.019 ev=+0.871 r0=1.0000 entcoef=8.51e-03 lr=5.9e-04 seed=1
iter= 104 step= 336000 ep_ret=-244.351 opt_ret=-244.351 step_rew=-2.4435 opt_step=-2.4435 gap0=244.351 dret=+79.797 eval_ret=n/a pursuer_target_distance=1.701 capture=0.001 score=0.000 pol=-0.0021 val=0.0339 ent=1.2403 tot=+0.0044 agnorm=0.120 cgnorm=0.084 kl=0.0025 clipf=0.023 ev=+0.819 r0=1.0000 entcoef=8.50e-03 lr=5.9e-04 seed=1
iter= 105 step= 339200 ep_ret=-222.137 opt_ret=-222.137 step_rew=-2.2214 opt_step=-2.2214 gap0=222.137 dret=+102.010 eval_ret=n/a pursuer_target_distance=1.602 capture=0.011 score=0.004 pol=-0.0019 val=0.0438 ent=1.2291 tot=+0.0095 agnorm=0.110 cgnorm=0.094 kl=0.0032 clipf=0.033 ev=+0.791 r0=1.0000 entcoef=8.49e-03 lr=5.8e-04 seed=1
iter= 106 step= 342400 ep_ret=-244.200 opt_ret=-244.200 step_rew=-2.4420 opt_step=-2.4420 gap0=244.200 dret=+79.947 eval_ret=n/a pursuer_target_distance=1.795 capture=0.001 score=0.000 pol=-0.0011 val=0.0374 ent=1.2285 tot=+0.0072 agnorm=0.141 cgnorm=0.093 kl=0.0020 clipf=0.017 ev=+0.769 r0=1.0000 entcoef=8.47e-03 lr=5.8e-04 seed=1
iter= 107 step= 345600 ep_ret=-258.237 opt_ret=-258.237 step_rew=-2.5824 opt_step=-2.5824 gap0=258.237 dret=+65.911 eval_ret=n/a pursuer_target_distance=1.823 capture=0.000 score=0.000 pol=-0.0020 val=0.0294 ent=1.2026 tot=+0.0025 agnorm=0.079 cgnorm=0.077 kl=0.0029 clipf=0.025 ev=+0.834 r0=1.0000 entcoef=8.46e-03 lr=5.8e-04 seed=1
iter= 108 step= 348800 ep_ret=-258.151 opt_ret=-258.151 step_rew=-2.5815 opt_step=-2.5815 gap0=258.151 dret=+65.997 eval_ret=n/a pursuer_target_distance=1.841 capture=0.000 score=0.000 pol=-0.0020 val=0.0404 ent=1.2185 tot=+0.0079 agnorm=0.076 cgnorm=0.086 kl=0.0022 clipf=0.018 ev=+0.778 r0=1.0000 entcoef=8.44e-03 lr=5.8e-04 seed=1
iter= 109 step= 352000 ep_ret=-232.311 opt_ret=-232.311 step_rew=-2.3231 opt_step=-2.3231 gap0=232.311 dret=+91.837 eval_ret=n/a pursuer_target_distance=1.720 capture=0.010 score=0.004 pol=-0.0012 val=0.0539 ent=1.2470 tot=+0.0153 agnorm=0.234 cgnorm=0.100 kl=0.0030 clipf=0.027 ev=+0.762 r0=1.0000 entcoef=8.43e-03 lr=5.8e-04 seed=1
iter= 110 step= 355200 ep_ret=-249.903 opt_ret=-249.903 step_rew=-2.4990 opt_step=-2.4990 gap0=249.903 dret=+74.244 eval_ret=n/a pursuer_target_distance=1.920 capture=0.000 score=0.000 pol=-0.0015 val=0.0314 ent=1.2354 tot=+0.0038 agnorm=0.066 cgnorm=0.075 kl=0.0017 clipf=0.012 ev=+0.880 r0=1.0000 entcoef=8.41e-03 lr=5.8e-04 seed=1
iter= 111 step= 358400 ep_ret=-261.688 opt_ret=-261.688 step_rew=-2.6169 opt_step=-2.6169 gap0=261.688 dret=+62.459 eval_ret=n/a pursuer_target_distance=2.090 capture=0.007 score=0.002 pol=-0.0020 val=0.0534 ent=1.2084 tot=+0.0145 agnorm=0.109 cgnorm=0.102 kl=0.0027 clipf=0.027 ev=+0.790 r0=1.0000 entcoef=8.40e-03 lr=5.8e-04 seed=1
iter= 112 step= 361600 ep_ret=-248.826 opt_ret=-248.826 step_rew=-2.4883 opt_step=-2.4883 gap0=248.826 dret=+75.322 eval_ret=n/a pursuer_target_distance=2.130 capture=0.018 score=0.006 pol=-0.0018 val=0.0666 ent=1.2110 tot=+0.0213 agnorm=0.100 cgnorm=0.104 kl=0.0022 clipf=0.020 ev=+0.706 r0=1.0000 entcoef=8.38e-03 lr=5.8e-04 seed=1
iter= 113 step= 364800 ep_ret=-273.273 opt_ret=-273.273 step_rew=-2.7327 opt_step=-2.7327 gap0=273.273 dret=+50.874 eval_ret=n/a pursuer_target_distance=1.990 capture=0.003 score=0.001 pol=-0.0018 val=0.0406 ent=1.2221 tot=+0.0083 agnorm=0.071 cgnorm=0.107 kl=0.0029 clipf=0.026 ev=+0.808 r0=1.0000 entcoef=8.37e-03 lr=5.8e-04 seed=1
iter= 114 step= 368000 ep_ret=-239.085 opt_ret=-239.085 step_rew=-2.3908 opt_step=-2.3908 gap0=239.085 dret=+85.063 eval_ret=n/a pursuer_target_distance=1.856 capture=0.000 score=0.000 pol=-0.0025 val=0.0212 ent=1.1994 tot=-0.0019 agnorm=0.083 cgnorm=0.080 kl=0.0030 clipf=0.034 ev=+0.905 r0=1.0000 entcoef=8.36e-03 lr=5.7e-04 seed=1
iter= 115 step= 371200 ep_ret=-235.018 opt_ret=-235.018 step_rew=-2.3502 opt_step=-2.3502 gap0=235.018 dret=+89.130 eval_ret=n/a pursuer_target_distance=1.606 capture=0.002 score=0.001 pol=-0.0017 val=0.0310 ent=1.2098 tot=+0.0037 agnorm=0.077 cgnorm=0.112 kl=0.0024 clipf=0.021 ev=+0.867 r0=1.0000 entcoef=8.34e-03 lr=5.7e-04 seed=1
iter= 116 step= 374400 ep_ret=-203.951 opt_ret=-203.951 step_rew=-2.0395 opt_step=-2.0395 gap0=203.951 dret=+120.197 eval_ret=n/a pursuer_target_distance=1.652 capture=0.019 score=0.007 pol=-0.0025 val=0.0711 ent=1.1912 tot=+0.0232 agnorm=0.127 cgnorm=0.145 kl=0.0031 clipf=0.031 ev=+0.785 r0=1.0000 entcoef=8.33e-03 lr=5.7e-04 seed=1
iter= 117 step= 377600 ep_ret=-231.624 opt_ret=-231.624 step_rew=-2.3162 opt_step=-2.3162 gap0=231.624 dret=+92.523 eval_ret=n/a pursuer_target_distance=1.704 capture=0.005 score=0.002 pol=-0.0018 val=0.0272 ent=1.1795 tot=+0.0020 agnorm=0.077 cgnorm=0.097 kl=0.0020 clipf=0.016 ev=+0.871 r0=1.0000 entcoef=8.31e-03 lr=5.7e-04 seed=1
iter= 118 step= 380800 ep_ret=-226.317 opt_ret=-226.317 step_rew=-2.2632 opt_step=-2.2632 gap0=226.317 dret=+97.831 eval_ret=n/a pursuer_target_distance=1.715 capture=0.003 score=0.001 pol=-0.0015 val=0.0236 ent=1.1970 tot=+0.0004 agnorm=0.105 cgnorm=0.092 kl=0.0020 clipf=0.017 ev=+0.894 r0=1.0000 entcoef=8.30e-03 lr=5.7e-04 seed=1
iter= 119 step= 384000 ep_ret=-233.584 opt_ret=-233.584 step_rew=-2.3358 opt_step=-2.3358 gap0=233.584 dret=+90.564 eval_ret=n/a pursuer_target_distance=1.630 capture=0.000 score=0.000 pol=-0.0011 val=0.0270 ent=1.1948 tot=+0.0025 agnorm=0.087 cgnorm=0.100 kl=0.0030 clipf=0.029 ev=+0.878 r0=1.0000 entcoef=8.28e-03 lr=5.7e-04 seed=1
iter= 120 step= 387200 ep_ret=-183.848 opt_ret=-183.848 step_rew=-1.8385 opt_step=-1.8385 gap0=183.848 dret=+140.299 eval_ret=-209.920 pursuer_target_distance=1.361 capture=0.007 score=0.003 pol=-0.0025 val=0.0280 ent=1.1737 tot=+0.0018 agnorm=0.122 cgnorm=0.109 kl=0.0035 clipf=0.031 ev=+0.786 r0=1.0000 entcoef=8.27e-03 lr=5.7e-04 seed=1
iter= 121 step= 390400 ep_ret=-234.443 opt_ret=-234.443 step_rew=-2.3444 opt_step=-2.3444 gap0=234.443 dret=+89.705 eval_ret=n/a pursuer_target_distance=1.947 capture=0.015 score=0.005 pol=-0.0022 val=0.0648 ent=1.2086 tot=+0.0202 agnorm=0.083 cgnorm=0.128 kl=0.0042 clipf=0.035 ev=+0.803 r0=1.0000 entcoef=8.25e-03 lr=5.7e-04 seed=1
iter= 122 step= 393600 ep_ret=-222.671 opt_ret=-222.671 step_rew=-2.2267 opt_step=-2.2267 gap0=222.671 dret=+101.477 eval_ret=n/a pursuer_target_distance=1.676 capture=0.000 score=0.000 pol=-0.0019 val=0.0219 ent=1.1877 tot=-0.0007 agnorm=0.087 cgnorm=0.102 kl=0.0036 clipf=0.029 ev=+0.902 r0=1.0000 entcoef=8.24e-03 lr=5.7e-04 seed=1
iter= 123 step= 396800 ep_ret=-232.982 opt_ret=-232.982 step_rew=-2.3298 opt_step=-2.3298 gap0=232.982 dret=+91.166 eval_ret=n/a pursuer_target_distance=1.969 capture=0.004 score=0.001 pol=-0.0015 val=0.0277 ent=1.1721 tot=+0.0027 agnorm=0.082 cgnorm=0.105 kl=0.0029 clipf=0.021 ev=+0.880 r0=1.0000 entcoef=8.23e-03 lr=5.6e-04 seed=1
iter= 124 step= 400000 ep_ret=-180.011 opt_ret=-180.011 step_rew=-1.8001 opt_step=-1.8001 gap0=180.011 dret=+144.137 eval_ret=n/a pursuer_target_distance=1.402 capture=0.025 score=0.010 pol=-0.0022 val=0.0561 ent=1.1535 tot=+0.0164 agnorm=0.124 cgnorm=0.130 kl=0.0034 clipf=0.035 ev=+0.832 r0=1.0000 entcoef=8.21e-03 lr=5.6e-04 seed=1
iter= 125 step= 403200 ep_ret=-189.926 opt_ret=-189.926 step_rew=-1.8993 opt_step=-1.8993 gap0=189.926 dret=+134.222 eval_ret=n/a pursuer_target_distance=1.497 capture=0.018 score=0.007 pol=-0.0024 val=0.0442 ent=1.1318 tot=+0.0105 agnorm=0.131 cgnorm=0.112 kl=0.0032 clipf=0.031 ev=+0.804 r0=1.0000 entcoef=8.20e-03 lr=5.6e-04 seed=1
iter= 126 step= 406400 ep_ret=-206.577 opt_ret=-206.577 step_rew=-2.0658 opt_step=-2.0658 gap0=206.577 dret=+117.571 eval_ret=n/a pursuer_target_distance=1.598 capture=0.024 score=0.009 pol=-0.0024 val=0.0720 ent=1.1336 tot=+0.0243 agnorm=0.093 cgnorm=0.154 kl=0.0024 clipf=0.025 ev=+0.770 r0=1.0000 entcoef=8.18e-03 lr=5.6e-04 seed=1
iter= 127 step= 409600 ep_ret=-196.677 opt_ret=-196.677 step_rew=-1.9668 opt_step=-1.9668 gap0=196.677 dret=+127.471 eval_ret=n/a pursuer_target_distance=1.413 capture=0.010 score=0.004 pol=-0.0021 val=0.0338 ent=1.1170 tot=+0.0056 agnorm=0.213 cgnorm=0.120 kl=0.0038 clipf=0.042 ev=+0.857 r0=1.0000 entcoef=8.17e-03 lr=5.6e-04 seed=1
iter= 128 step= 412800 ep_ret=-247.445 opt_ret=-247.445 step_rew=-2.4744 opt_step=-2.4744 gap0=247.445 dret=+76.703 eval_ret=n/a pursuer_target_distance=2.013 capture=0.022 score=0.007 pol=-0.0004 val=0.0684 ent=1.1485 tot=+0.0245 agnorm=0.215 cgnorm=0.141 kl=0.0029 clipf=0.021 ev=+0.833 r0=1.0000 entcoef=8.15e-03 lr=5.6e-04 seed=1
iter= 129 step= 416000 ep_ret=-221.813 opt_ret=-221.813 step_rew=-2.2181 opt_step=-2.2181 gap0=221.813 dret=+102.334 eval_ret=n/a pursuer_target_distance=1.625 capture=0.003 score=0.001 pol=-0.0011 val=0.0157 ent=1.1487 tot=-0.0026 agnorm=0.084 cgnorm=0.082 kl=0.0025 clipf=0.023 ev=+0.927 r0=1.0000 entcoef=8.14e-03 lr=5.6e-04 seed=1
iter= 130 step= 419200 ep_ret=-247.512 opt_ret=-247.512 step_rew=-2.4751 opt_step=-2.4751 gap0=247.512 dret=+76.635 eval_ret=n/a pursuer_target_distance=1.820 capture=0.014 score=0.005 pol=-0.0016 val=0.0539 ent=1.1383 tot=+0.0161 agnorm=0.077 cgnorm=0.133 kl=0.0011 clipf=0.007 ev=+0.836 r0=1.0000 entcoef=8.13e-03 lr=5.6e-04 seed=1
iter= 131 step= 422400 ep_ret=-193.161 opt_ret=-193.161 step_rew=-1.9316 opt_step=-1.9316 gap0=193.161 dret=+130.986 eval_ret=n/a pursuer_target_distance=1.444 capture=0.009 score=0.004 pol=-0.0017 val=0.0267 ent=1.1371 tot=+0.0025 agnorm=0.120 cgnorm=0.094 kl=0.0021 clipf=0.019 ev=+0.906 r0=1.0000 entcoef=8.11e-03 lr=5.6e-04 seed=1
iter= 132 step= 425600 ep_ret=-182.430 opt_ret=-182.430 step_rew=-1.8243 opt_step=-1.8243 gap0=182.430 dret=+141.718 eval_ret=n/a pursuer_target_distance=1.333 capture=0.007 score=0.003 pol=-0.0013 val=0.0172 ent=1.1211 tot=-0.0018 agnorm=0.101 cgnorm=0.068 kl=0.0019 clipf=0.015 ev=+0.918 r0=1.0000 entcoef=8.10e-03 lr=5.5e-04 seed=1
iter= 133 step= 428800 ep_ret=-179.464 opt_ret=-179.464 step_rew=-1.7946 opt_step=-1.7946 gap0=179.464 dret=+144.684 eval_ret=n/a pursuer_target_distance=1.564 capture=0.030 score=0.012 pol=-0.0017 val=0.0562 ent=1.0851 tot=+0.0176 agnorm=0.088 cgnorm=0.107 kl=0.0016 clipf=0.009 ev=+0.861 r0=1.0000 entcoef=8.08e-03 lr=5.5e-04 seed=1
iter= 134 step= 432000 ep_ret=-227.638 opt_ret=-227.638 step_rew=-2.2764 opt_step=-2.2764 gap0=227.638 dret=+96.509 eval_ret=n/a pursuer_target_distance=1.722 capture=0.004 score=0.002 pol=-0.0019 val=0.0253 ent=1.1263 tot=+0.0017 agnorm=0.080 cgnorm=0.092 kl=0.0019 clipf=0.020 ev=+0.915 r0=1.0000 entcoef=8.07e-03 lr=5.5e-04 seed=1
iter= 135 step= 435200 ep_ret=-244.699 opt_ret=-244.699 step_rew=-2.4470 opt_step=-2.4470 gap0=244.699 dret=+79.449 eval_ret=n/a pursuer_target_distance=1.903 capture=0.010 score=0.003 pol=-0.0019 val=0.0322 ent=1.1136 tot=+0.0052 agnorm=0.095 cgnorm=0.122 kl=0.0027 clipf=0.020 ev=+0.900 r0=1.0000 entcoef=8.05e-03 lr=5.5e-04 seed=1
iter= 136 step= 438400 ep_ret=-133.115 opt_ret=-133.115 step_rew=-1.3312 opt_step=-1.3312 gap0=133.115 dret=+191.033 eval_ret=n/a pursuer_target_distance=1.187 capture=0.043 score=0.020 pol=-0.0012 val=0.0664 ent=1.0921 tot=+0.0233 agnorm=0.253 cgnorm=0.140 kl=0.0032 clipf=0.031 ev=+0.784 r0=1.0000 entcoef=8.04e-03 lr=5.5e-04 seed=1
iter= 137 step= 441600 ep_ret=-217.844 opt_ret=-217.844 step_rew=-2.1784 opt_step=-2.1784 gap0=217.844 dret=+106.303 eval_ret=n/a pursuer_target_distance=1.511 capture=0.000 score=0.000 pol=-0.0013 val=0.0141 ent=1.1024 tot=-0.0030 agnorm=0.067 cgnorm=0.085 kl=0.0025 clipf=0.024 ev=+0.938 r0=1.0000 entcoef=8.02e-03 lr=5.5e-04 seed=1
iter= 138 step= 444800 ep_ret=-192.356 opt_ret=-192.356 step_rew=-1.9236 opt_step=-1.9236 gap0=192.356 dret=+131.792 eval_ret=n/a pursuer_target_distance=1.629 capture=0.028 score=0.010 pol=-0.0014 val=0.0453 ent=1.0718 tot=+0.0127 agnorm=0.173 cgnorm=0.092 kl=0.0026 clipf=0.022 ev=+0.855 r0=1.0000 entcoef=8.01e-03 lr=5.5e-04 seed=1
iter= 139 step= 448000 ep_ret=-229.324 opt_ret=-229.324 step_rew=-2.2932 opt_step=-2.2932 gap0=229.324 dret=+94.824 eval_ret=n/a pursuer_target_distance=1.703 capture=0.006 score=0.002 pol=-0.0024 val=0.0177 ent=1.1282 tot=-0.0026 agnorm=0.072 cgnorm=0.112 kl=0.0034 clipf=0.037 ev=+0.925 r0=1.0000 entcoef=8.00e-03 lr=5.5e-04 seed=1
iter= 140 step= 451200 ep_ret=-209.218 opt_ret=-209.218 step_rew=-2.0922 opt_step=-2.0922 gap0=209.218 dret=+114.930 eval_ret=-67.656 pursuer_target_distance=1.761 capture=0.016 score=0.006 pol=-0.0014 val=0.0244 ent=1.0561 tot=+0.0024 agnorm=0.169 cgnorm=0.081 kl=0.0016 clipf=0.012 ev=+0.923 r0=1.0000 entcoef=7.98e-03 lr=5.5e-04 seed=1
iter= 141 step= 454400 ep_ret=-152.790 opt_ret=-152.790 step_rew=-1.5279 opt_step=-1.5279 gap0=152.790 dret=+171.358 eval_ret=n/a pursuer_target_distance=1.300 capture=0.037 score=0.016 pol=-0.0013 val=0.0471 ent=1.0612 tot=+0.0138 agnorm=0.111 cgnorm=0.124 kl=0.0027 clipf=0.024 ev=+0.833 r0=1.0000 entcoef=7.97e-03 lr=5.4e-04 seed=1
iter= 142 step= 457600 ep_ret=-214.856 opt_ret=-214.856 step_rew=-2.1486 opt_step=-2.1486 gap0=214.856 dret=+109.292 eval_ret=n/a pursuer_target_distance=1.668 capture=0.014 score=0.005 pol=-0.0018 val=0.0281 ent=1.1017 tot=+0.0035 agnorm=0.087 cgnorm=0.093 kl=0.0026 clipf=0.025 ev=+0.916 r0=1.0000 entcoef=7.95e-03 lr=5.4e-04 seed=1
iter= 143 step= 460800 ep_ret=-144.016 opt_ret=-144.016 step_rew=-1.4402 opt_step=-1.4402 gap0=144.016 dret=+180.132 eval_ret=n/a pursuer_target_distance=1.345 capture=0.042 score=0.018 pol=-0.0028 val=0.0505 ent=1.0589 tot=+0.0141 agnorm=0.112 cgnorm=0.090 kl=0.0031 clipf=0.033 ev=+0.870 r0=1.0000 entcoef=7.94e-03 lr=5.4e-04 seed=1
iter= 144 step= 464000 ep_ret=-224.759 opt_ret=-224.759 step_rew=-2.2476 opt_step=-2.2476 gap0=224.759 dret=+99.389 eval_ret=n/a pursuer_target_distance=2.007 capture=0.017 score=0.006 pol=-0.0005 val=0.0390 ent=1.0625 tot=+0.0106 agnorm=0.237 cgnorm=0.097 kl=0.0019 clipf=0.014 ev=+0.900 r0=1.0000 entcoef=7.92e-03 lr=5.4e-04 seed=1
iter= 145 step= 467200 ep_ret=-155.556 opt_ret=-155.556 step_rew=-1.5556 opt_step=-1.5556 gap0=155.556 dret=+168.592 eval_ret=n/a pursuer_target_distance=1.261 capture=0.041 score=0.018 pol=-0.0021 val=0.0522 ent=1.1194 tot=+0.0152 agnorm=0.160 cgnorm=0.124 kl=0.0029 clipf=0.027 ev=+0.854 r0=1.0000 entcoef=7.91e-03 lr=5.4e-04 seed=1
iter= 146 step= 470400 ep_ret=-186.569 opt_ret=-186.569 step_rew=-1.8657 opt_step=-1.8657 gap0=186.569 dret=+137.579 eval_ret=n/a pursuer_target_distance=1.402 capture=0.021 score=0.009 pol=-0.0021 val=0.0272 ent=1.0840 tot=+0.0030 agnorm=0.092 cgnorm=0.086 kl=0.0022 clipf=0.017 ev=+0.893 r0=1.0000 entcoef=7.89e-03 lr=5.4e-04 seed=1
iter= 147 step= 473600 ep_ret=-161.218 opt_ret=-161.218 step_rew=-1.6122 opt_step=-1.6122 gap0=161.218 dret=+162.930 eval_ret=n/a pursuer_target_distance=1.543 capture=0.040 score=0.016 pol=-0.0021 val=0.0362 ent=1.0388 tot=+0.0078 agnorm=0.130 cgnorm=0.095 kl=0.0026 clipf=0.025 ev=+0.911 r0=1.0000 entcoef=7.88e-03 lr=5.4e-04 seed=1
iter= 148 step= 476800 ep_ret=-182.772 opt_ret=-182.772 step_rew=-1.8277 opt_step=-1.8277 gap0=182.772 dret=+141.375 eval_ret=n/a pursuer_target_distance=1.366 capture=0.013 score=0.005 pol=-0.0025 val=0.0207 ent=1.1153 tot=-0.0009 agnorm=0.084 cgnorm=0.106 kl=0.0036 clipf=0.033 ev=+0.899 r0=1.0000 entcoef=7.87e-03 lr=5.4e-04 seed=1
iter= 149 step= 480000 ep_ret=-223.761 opt_ret=-223.761 step_rew=-2.2376 opt_step=-2.2376 gap0=223.761 dret=+100.386 eval_ret=n/a pursuer_target_distance=2.005 capture=0.027 score=0.009 pol=-0.0020 val=0.0409 ent=1.0247 tot=+0.0104 agnorm=0.143 cgnorm=0.104 kl=0.0020 clipf=0.015 ev=+0.915 r0=1.0000 entcoef=7.85e-03 lr=5.4e-04 seed=1
iter= 150 step= 483200 ep_ret=-126.795 opt_ret=-126.795 step_rew=-1.2680 opt_step=-1.2680 gap0=126.795 dret=+197.352 eval_ret=n/a pursuer_target_distance=1.481 capture=0.059 score=0.024 pol=-0.0022 val=0.0642 ent=1.0695 tot=+0.0215 agnorm=0.082 cgnorm=0.143 kl=0.0021 clipf=0.022 ev=+0.814 r0=1.0000 entcoef=7.84e-03 lr=5.3e-04 seed=1
iter= 151 step= 486400 ep_ret=-181.721 opt_ret=-181.721 step_rew=-1.8172 opt_step=-1.8172 gap0=181.721 dret=+142.427 eval_ret=n/a pursuer_target_distance=1.494 capture=0.033 score=0.013 pol=-0.0022 val=0.0305 ent=1.0754 tot=+0.0046 agnorm=0.079 cgnorm=0.104 kl=0.0022 clipf=0.024 ev=+0.910 r0=1.0000 entcoef=7.82e-03 lr=5.3e-04 seed=1
iter= 152 step= 489600 ep_ret=-208.625 opt_ret=-208.625 step_rew=-2.0862 opt_step=-2.0862 gap0=208.625 dret=+115.523 eval_ret=n/a pursuer_target_distance=1.488 capture=0.006 score=0.002 pol=-0.0027 val=0.0109 ent=1.0797 tot=-0.0057 agnorm=0.106 cgnorm=0.061 kl=0.0041 clipf=0.049 ev=+0.956 r0=1.0000 entcoef=7.81e-03 lr=5.3e-04 seed=1
iter= 153 step= 492800 ep_ret=-157.153 opt_ret=-157.153 step_rew=-1.5715 opt_step=-1.5715 gap0=157.153 dret=+166.995 eval_ret=n/a pursuer_target_distance=1.350 capture=0.038 score=0.016 pol=-0.0021 val=0.0281 ent=1.0955 tot=+0.0034 agnorm=0.085 cgnorm=0.095 kl=0.0017 clipf=0.014 ev=+0.884 r0=1.0000 entcoef=7.79e-03 lr=5.3e-04 seed=1
iter= 154 step= 496000 ep_ret=-173.895 opt_ret=-173.895 step_rew=-1.7389 opt_step=-1.7389 gap0=173.895 dret=+150.253 eval_ret=n/a pursuer_target_distance=1.548 capture=0.036 score=0.014 pol=-0.0022 val=0.0372 ent=1.0693 tot=+0.0081 agnorm=0.161 cgnorm=0.099 kl=0.0033 clipf=0.035 ev=+0.867 r0=1.0000 entcoef=7.78e-03 lr=5.3e-04 seed=1
iter= 155 step= 499200 ep_ret=-178.589 opt_ret=-178.589 step_rew=-1.7859 opt_step=-1.7859 gap0=178.589 dret=+145.559 eval_ret=n/a pursuer_target_distance=1.605 capture=0.027 score=0.010 pol=-0.0019 val=0.0266 ent=1.1247 tot=+0.0027 agnorm=0.121 cgnorm=0.086 kl=0.0031 clipf=0.031 ev=+0.928 r0=1.0000 entcoef=7.76e-03 lr=5.3e-04 seed=1
iter= 156 step= 502400 ep_ret=-153.475 opt_ret=-153.475 step_rew=-1.5347 opt_step=-1.5347 gap0=153.475 dret=+170.673 eval_ret=n/a pursuer_target_distance=1.423 capture=0.051 score=0.021 pol=-0.0022 val=0.0491 ent=1.1173 tot=+0.0137 agnorm=0.105 cgnorm=0.111 kl=0.0024 clipf=0.016 ev=+0.861 r0=1.0000 entcoef=7.75e-03 lr=5.3e-04 seed=1
iter= 157 step= 505600 ep_ret=-106.500 opt_ret=-106.500 step_rew=-1.0650 opt_step=-1.0650 gap0=106.500 dret=+217.648 eval_ret=n/a pursuer_target_distance=1.328 capture=0.085 score=0.037 pol=-0.0022 val=0.0610 ent=1.1019 tot=+0.0198 agnorm=0.201 cgnorm=0.130 kl=0.0023 clipf=0.018 ev=+0.865 r0=1.0000 entcoef=7.74e-03 lr=5.3e-04 seed=1
iter= 158 step= 508800 ep_ret=-165.322 opt_ret=-165.322 step_rew=-1.6532 opt_step=-1.6532 gap0=165.322 dret=+158.826 eval_ret=n/a pursuer_target_distance=1.399 capture=0.025 score=0.011 pol=-0.0019 val=0.0221 ent=1.0759 tot=+0.0008 agnorm=0.180 cgnorm=0.086 kl=0.0027 clipf=0.029 ev=+0.929 r0=1.0000 entcoef=7.72e-03 lr=5.3e-04 seed=1
iter= 159 step= 512000 ep_ret=-156.106 opt_ret=-156.106 step_rew=-1.5611 opt_step=-1.5611 gap0=156.106 dret=+168.041 eval_ret=n/a pursuer_target_distance=1.335 capture=0.042 score=0.018 pol=-0.0015 val=0.0368 ent=1.0978 tot=+0.0084 agnorm=0.100 cgnorm=0.107 kl=0.0018 clipf=0.012 ev=+0.911 r0=1.0000 entcoef=7.71e-03 lr=5.2e-04 seed=1
iter= 160 step= 515200 ep_ret=-182.724 opt_ret=-182.724 step_rew=-1.8272 opt_step=-1.8272 gap0=182.724 dret=+141.423 eval_ret=-135.706 pursuer_target_distance=1.504 capture=0.034 score=0.013 pol=-0.0018 val=0.0239 ent=1.1075 tot=+0.0017 agnorm=0.158 cgnorm=0.079 kl=0.0022 clipf=0.019 ev=+0.948 r0=1.0000 entcoef=7.69e-03 lr=5.2e-04 seed=1
iter= 161 step= 518400 ep_ret=-173.412 opt_ret=-173.412 step_rew=-1.7341 opt_step=-1.7341 gap0=173.412 dret=+150.736 eval_ret=n/a pursuer_target_distance=1.355 capture=0.030 score=0.013 pol=-0.0017 val=0.0237 ent=1.1232 tot=+0.0016 agnorm=0.087 cgnorm=0.103 kl=0.0016 clipf=0.011 ev=+0.911 r0=1.0000 entcoef=7.68e-03 lr=5.2e-04 seed=1
iter= 162 step= 521600 ep_ret=-213.771 opt_ret=-213.771 step_rew=-2.1377 opt_step=-2.1377 gap0=213.771 dret=+110.377 eval_ret=n/a pursuer_target_distance=1.850 capture=0.032 score=0.011 pol=-0.0012 val=0.0270 ent=1.1698 tot=+0.0033 agnorm=0.067 cgnorm=0.118 kl=0.0021 clipf=0.017 ev=+0.929 r0=1.0000 entcoef=7.66e-03 lr=5.2e-04 seed=1
iter= 163 step= 524800 ep_ret=-156.921 opt_ret=-156.921 step_rew=-1.5692 opt_step=-1.5692 gap0=156.921 dret=+167.227 eval_ret=n/a pursuer_target_distance=1.261 capture=0.028 score=0.012 pol=-0.0018 val=0.0260 ent=1.1459 tot=+0.0024 agnorm=0.056 cgnorm=0.067 kl=0.0014 clipf=0.013 ev=+0.926 r0=1.0000 entcoef=7.65e-03 lr=5.2e-04 seed=1
iter= 164 step= 528000 ep_ret=-223.415 opt_ret=-223.415 step_rew=-2.2342 opt_step=-2.2342 gap0=223.415 dret=+100.733 eval_ret=n/a pursuer_target_distance=1.837 capture=0.020 score=0.007 pol=-0.0022 val=0.0252 ent=1.1884 tot=+0.0013 agnorm=0.079 cgnorm=0.087 kl=0.0018 clipf=0.014 ev=+0.936 r0=1.0000 entcoef=7.63e-03 lr=5.2e-04 seed=1
iter= 165 step= 531200 ep_ret=-221.381 opt_ret=-221.381 step_rew=-2.2138 opt_step=-2.2138 gap0=221.381 dret=+102.767 eval_ret=n/a pursuer_target_distance=1.678 capture=0.016 score=0.006 pol=-0.0017 val=0.0144 ent=1.1640 tot=-0.0034 agnorm=0.068 cgnorm=0.083 kl=0.0020 clipf=0.014 ev=+0.960 r0=1.0000 entcoef=7.62e-03 lr=5.2e-04 seed=1
iter= 166 step= 534400 ep_ret=-187.445 opt_ret=-187.445 step_rew=-1.8744 opt_step=-1.8744 gap0=187.445 dret=+136.703 eval_ret=n/a pursuer_target_distance=1.402 capture=0.013 score=0.005 pol=-0.0014 val=0.0119 ent=1.1593 tot=-0.0043 agnorm=0.122 cgnorm=0.059 kl=0.0017 clipf=0.010 ev=+0.956 r0=1.0000 entcoef=7.61e-03 lr=5.2e-04 seed=1
iter= 167 step= 537600 ep_ret=-212.047 opt_ret=-212.047 step_rew=-2.1205 opt_step=-2.1205 gap0=212.047 dret=+112.100 eval_ret=n/a pursuer_target_distance=1.931 capture=0.025 score=0.009 pol=-0.0019 val=0.0245 ent=1.1473 tot=+0.0016 agnorm=0.133 cgnorm=0.093 kl=0.0015 clipf=0.014 ev=+0.946 r0=1.0000 entcoef=7.59e-03 lr=5.2e-04 seed=1
iter= 168 step= 540800 ep_ret=-213.796 opt_ret=-213.796 step_rew=-2.1380 opt_step=-2.1380 gap0=213.796 dret=+110.352 eval_ret=n/a pursuer_target_distance=1.684 capture=0.022 score=0.008 pol=-0.0024 val=0.0153 ent=1.1524 tot=-0.0034 agnorm=0.092 cgnorm=0.068 kl=0.0020 clipf=0.016 ev=+0.958 r0=1.0000 entcoef=7.58e-03 lr=5.1e-04 seed=1
iter= 169 step= 544000 ep_ret=-170.379 opt_ret=-170.379 step_rew=-1.7038 opt_step=-1.7038 gap0=170.379 dret=+153.769 eval_ret=n/a pursuer_target_distance=1.734 capture=0.052 score=0.019 pol=-0.0021 val=0.0428 ent=1.1117 tot=+0.0109 agnorm=0.142 cgnorm=0.126 kl=0.0013 clipf=0.009 ev=+0.893 r0=1.0000 entcoef=7.56e-03 lr=5.1e-04 seed=1
iter= 170 step= 547200 ep_ret=-158.095 opt_ret=-158.095 step_rew=-1.5810 opt_step=-1.5810 gap0=158.095 dret=+166.053 eval_ret=n/a pursuer_target_distance=1.621 capture=0.060 score=0.023 pol=-0.0019 val=0.0363 ent=1.1372 tot=+0.0077 agnorm=0.147 cgnorm=0.121 kl=0.0019 clipf=0.017 ev=+0.913 r0=1.0000 entcoef=7.55e-03 lr=5.1e-04 seed=1
iter= 171 step= 550400 ep_ret=-212.909 opt_ret=-212.909 step_rew=-2.1291 opt_step=-2.1291 gap0=212.909 dret=+111.239 eval_ret=n/a pursuer_target_distance=1.716 capture=0.026 score=0.010 pol=-0.0015 val=0.0231 ent=1.1470 tot=+0.0014 agnorm=0.074 cgnorm=0.084 kl=0.0012 clipf=0.006 ev=+0.944 r0=1.0000 entcoef=7.53e-03 lr=5.1e-04 seed=1
iter= 172 step= 553600 ep_ret=-138.874 opt_ret=-138.874 step_rew=-1.3887 opt_step=-1.3887 gap0=138.874 dret=+185.274 eval_ret=n/a pursuer_target_distance=1.309 capture=0.065 score=0.028 pol=-0.0024 val=0.0257 ent=1.1294 tot=+0.0020 agnorm=0.093 cgnorm=0.080 kl=0.0025 clipf=0.021 ev=+0.952 r0=1.0000 entcoef=7.52e-03 lr=5.1e-04 seed=1
iter= 173 step= 556800 ep_ret=-122.350 opt_ret=-122.350 step_rew=-1.2235 opt_step=-1.2235 gap0=122.350 dret=+201.797 eval_ret=n/a pursuer_target_distance=1.184 capture=0.064 score=0.029 pol=-0.0026 val=0.0331 ent=1.1136 tot=+0.0056 agnorm=0.174 cgnorm=0.101 kl=0.0022 clipf=0.019 ev=+0.918 r0=1.0000 entcoef=7.50e-03 lr=5.1e-04 seed=1
iter= 174 step= 560000 ep_ret=-164.734 opt_ret=-164.734 step_rew=-1.6473 opt_step=-1.6473 gap0=164.734 dret=+159.413 eval_ret=n/a pursuer_target_distance=1.450 capture=0.044 score=0.018 pol=-0.0016 val=0.0245 ent=1.1400 tot=+0.0020 agnorm=0.234 cgnorm=0.097 kl=0.0011 clipf=0.009 ev=+0.936 r0=1.0000 entcoef=7.49e-03 lr=5.1e-04 seed=1
iter= 175 step= 563200 ep_ret=-152.128 opt_ret=-152.128 step_rew=-1.5213 opt_step=-1.5213 gap0=152.128 dret=+172.019 eval_ret=n/a pursuer_target_distance=1.326 capture=0.046 score=0.020 pol=-0.0026 val=0.0286 ent=1.0979 tot=+0.0035 agnorm=0.221 cgnorm=0.096 kl=0.0029 clipf=0.024 ev=+0.929 r0=1.0000 entcoef=7.48e-03 lr=5.1e-04 seed=1
iter= 176 step= 566400 ep_ret=-178.550 opt_ret=-178.550 step_rew=-1.7855 opt_step=-1.7855 gap0=178.550 dret=+145.597 eval_ret=n/a pursuer_target_distance=1.573 capture=0.031 score=0.012 pol=-0.0016 val=0.0169 ent=1.1080 tot=-0.0015 agnorm=0.099 cgnorm=0.068 kl=0.0016 clipf=0.014 ev=+0.961 r0=1.0000 entcoef=7.46e-03 lr=5.1e-04 seed=1
iter= 177 step= 569600 ep_ret=-189.849 opt_ret=-189.849 step_rew=-1.8985 opt_step=-1.8985 gap0=189.849 dret=+134.299 eval_ret=n/a pursuer_target_distance=1.581 capture=0.043 score=0.017 pol=-0.0022 val=0.0266 ent=1.0837 tot=+0.0030 agnorm=0.077 cgnorm=0.097 kl=0.0023 clipf=0.023 ev=+0.919 r0=1.0000 entcoef=7.45e-03 lr=5.0e-04 seed=1
iter= 178 step= 572800 ep_ret=-97.540 opt_ret=-97.540 step_rew=-0.9754 opt_step=-0.9754 gap0=97.540 dret=+226.608 eval_ret=n/a pursuer_target_distance=1.359 capture=0.089 score=0.038 pol=-0.0028 val=0.0396 ent=1.1096 tot=+0.0088 agnorm=0.103 cgnorm=0.101 kl=0.0021 clipf=0.018 ev=+0.915 r0=1.0000 entcoef=7.43e-03 lr=5.0e-04 seed=1
iter= 179 step= 576000 ep_ret=-139.460 opt_ret=-139.460 step_rew=-1.3946 opt_step=-1.3946 gap0=139.460 dret=+184.688 eval_ret=n/a pursuer_target_distance=1.350 capture=0.072 score=0.031 pol=-0.0021 val=0.0392 ent=1.0490 tot=+0.0097 agnorm=0.158 cgnorm=0.102 kl=0.0019 clipf=0.016 ev=+0.921 r0=1.0000 entcoef=7.42e-03 lr=5.0e-04 seed=1
iter= 180 step= 579200 ep_ret=-128.561 opt_ret=-128.561 step_rew=-1.2856 opt_step=-1.2856 gap0=128.561 dret=+195.587 eval_ret=-141.894 pursuer_target_distance=1.300 capture=0.057 score=0.025 pol=-0.0018 val=0.0259 ent=1.0461 tot=+0.0034 agnorm=0.080 cgnorm=0.100 kl=0.0014 clipf=0.010 ev=+0.932 r0=1.0000 entcoef=7.40e-03 lr=5.0e-04 seed=1
iter= 181 step= 582400 ep_ret=-95.552 opt_ret=-95.552 step_rew=-0.9555 opt_step=-0.9555 gap0=95.552 dret=+228.596 eval_ret=n/a pursuer_target_distance=1.146 capture=0.077 score=0.036 pol=-0.0023 val=0.0390 ent=1.0302 tot=+0.0096 agnorm=0.109 cgnorm=0.145 kl=0.0027 clipf=0.025 ev=+0.912 r0=1.0000 entcoef=7.39e-03 lr=5.0e-04 seed=1
iter= 182 step= 585600 ep_ret=-135.611 opt_ret=-135.611 step_rew=-1.3561 opt_step=-1.3561 gap0=135.611 dret=+188.537 eval_ret=n/a pursuer_target_distance=1.522 capture=0.082 score=0.033 pol=-0.0019 val=0.0359 ent=1.0057 tot=+0.0086 agnorm=0.182 cgnorm=0.119 kl=0.0025 clipf=0.023 ev=+0.938 r0=1.0000 entcoef=7.37e-03 lr=5.0e-04 seed=1
iter= 183 step= 588800 ep_ret=-108.409 opt_ret=-108.409 step_rew=-1.0841 opt_step=-1.0841 gap0=108.409 dret=+215.739 eval_ret=n/a pursuer_target_distance=1.316 capture=0.063 score=0.027 pol=-0.0024 val=0.0298 ent=1.0226 tot=+0.0050 agnorm=0.089 cgnorm=0.091 kl=0.0027 clipf=0.021 ev=+0.923 r0=1.0000 entcoef=7.36e-03 lr=5.0e-04 seed=1
iter= 184 step= 592000 ep_ret=-129.795 opt_ret=-129.795 step_rew=-1.2979 opt_step=-1.2979 gap0=129.795 dret=+194.353 eval_ret=n/a pursuer_target_distance=1.290 capture=0.058 score=0.025 pol=-0.0016 val=0.0222 ent=1.0033 tot=+0.0021 agnorm=0.223 cgnorm=0.083 kl=0.0044 clipf=0.021 ev=+0.955 r0=1.0000 entcoef=7.35e-03 lr=5.0e-04 seed=1
iter= 185 step= 595200 ep_ret=-123.653 opt_ret=-123.653 step_rew=-1.2365 opt_step=-1.2365 gap0=123.653 dret=+200.494 eval_ret=n/a pursuer_target_distance=1.221 capture=0.064 score=0.029 pol=-0.0013 val=0.0212 ent=0.9779 tot=+0.0022 agnorm=0.250 cgnorm=0.097 kl=0.0022 clipf=0.019 ev=+0.961 r0=1.0000 entcoef=7.33e-03 lr=5.0e-04 seed=1
iter= 186 step= 598400 ep_ret=-113.014 opt_ret=-113.014 step_rew=-1.1301 opt_step=-1.1301 gap0=113.014 dret=+211.134 eval_ret=n/a pursuer_target_distance=1.427 capture=0.083 score=0.034 pol=-0.0018 val=0.0289 ent=0.9732 tot=+0.0055 agnorm=0.222 cgnorm=0.093 kl=0.0020 clipf=0.015 ev=+0.941 r0=1.0000 entcoef=7.32e-03 lr=4.9e-04 seed=1
iter= 187 step= 601600 ep_ret=-145.894 opt_ret=-145.894 step_rew=-1.4589 opt_step=-1.4589 gap0=145.894 dret=+178.254 eval_ret=n/a pursuer_target_distance=1.393 capture=0.063 score=0.026 pol=-0.0020 val=0.0268 ent=0.9416 tot=+0.0046 agnorm=0.141 cgnorm=0.103 kl=0.0018 clipf=0.014 ev=+0.946 r0=1.0000 entcoef=7.30e-03 lr=4.9e-04 seed=1
iter= 188 step= 604800 ep_ret=-154.752 opt_ret=-154.752 step_rew=-1.5475 opt_step=-1.5475 gap0=154.752 dret=+169.396 eval_ret=n/a pursuer_target_distance=1.334 capture=0.040 score=0.017 pol=-0.0019 val=0.0181 ent=0.9742 tot=+0.0001 agnorm=0.118 cgnorm=0.098 kl=0.0022 clipf=0.022 ev=+0.962 r0=1.0000 entcoef=7.29e-03 lr=4.9e-04 seed=1
iter= 189 step= 608000 ep_ret=-154.335 opt_ret=-154.335 step_rew=-1.5433 opt_step=-1.5433 gap0=154.335 dret=+169.813 eval_ret=n/a pursuer_target_distance=1.340 capture=0.050 score=0.021 pol=-0.0023 val=0.0234 ent=1.0024 tot=+0.0021 agnorm=0.161 cgnorm=0.060 kl=0.0024 clipf=0.022 ev=+0.945 r0=1.0000 entcoef=7.27e-03 lr=4.9e-04 seed=1
iter= 190 step= 611200 ep_ret=-38.664 opt_ret=-38.664 step_rew=-0.3866 opt_step=-0.3866 gap0=38.664 dret=+285.483 eval_ret=n/a pursuer_target_distance=1.120 capture=0.142 score=0.067 pol=-0.0025 val=0.0448 ent=1.0172 tot=+0.0125 agnorm=0.158 cgnorm=0.147 kl=0.0030 clipf=0.033 ev=+0.903 r0=1.0000 entcoef=7.26e-03 lr=4.9e-04 seed=1
iter= 191 step= 614400 ep_ret=-76.023 opt_ret=-76.023 step_rew=-0.7602 opt_step=-0.7602 gap0=76.023 dret=+248.124 eval_ret=n/a pursuer_target_distance=1.451 capture=0.115 score=0.047 pol=-0.0022 val=0.0339 ent=0.9673 tot=+0.0078 agnorm=0.106 cgnorm=0.113 kl=0.0023 clipf=0.019 ev=+0.947 r0=1.0000 entcoef=7.25e-03 lr=4.9e-04 seed=1
iter= 192 step= 617600 ep_ret=-18.896 opt_ret=-18.896 step_rew=-0.1890 opt_step=-0.1890 gap0=18.896 dret=+305.252 eval_ret=n/a pursuer_target_distance=1.093 capture=0.156 score=0.075 pol=-0.0024 val=0.0407 ent=0.9593 tot=+0.0110 agnorm=0.244 cgnorm=0.136 kl=0.0041 clipf=0.039 ev=+0.935 r0=1.0000 entcoef=7.23e-03 lr=4.9e-04 seed=1
iter= 193 step= 620800 ep_ret=-135.455 opt_ret=-135.455 step_rew=-1.3546 opt_step=-1.3546 gap0=135.455 dret=+188.693 eval_ret=n/a pursuer_target_distance=1.607 capture=0.085 score=0.033 pol=-0.0022 val=0.0281 ent=0.9509 tot=+0.0050 agnorm=0.184 cgnorm=0.116 kl=0.0023 clipf=0.020 ev=+0.952 r0=1.0000 entcoef=7.22e-03 lr=4.9e-04 seed=1
iter= 194 step= 624000 ep_ret=-133.421 opt_ret=-133.421 step_rew=-1.3342 opt_step=-1.3342 gap0=133.421 dret=+190.726 eval_ret=n/a pursuer_target_distance=1.566 capture=0.086 score=0.033 pol=-0.0021 val=0.0262 ent=0.9389 tot=+0.0042 agnorm=0.131 cgnorm=0.111 kl=0.0018 clipf=0.016 ev=+0.947 r0=1.0000 entcoef=7.20e-03 lr=4.9e-04 seed=1
iter= 195 step= 627200 ep_ret=-176.164 opt_ret=-176.164 step_rew=-1.7616 opt_step=-1.7616 gap0=176.164 dret=+147.984 eval_ret=n/a pursuer_target_distance=1.516 capture=0.048 score=0.019 pol=-0.0020 val=0.0261 ent=0.9357 tot=+0.0044 agnorm=0.194 cgnorm=0.088 kl=0.0026 clipf=0.025 ev=+0.942 r0=1.0000 entcoef=7.19e-03 lr=4.8e-04 seed=1
iter= 196 step= 630400 ep_ret=-97.053 opt_ret=-97.053 step_rew=-0.9705 opt_step=-0.9705 gap0=97.053 dret=+227.095 eval_ret=n/a pursuer_target_distance=1.248 capture=0.100 score=0.044 pol=-0.0018 val=0.0292 ent=0.9358 tot=+0.0060 agnorm=0.189 cgnorm=0.096 kl=0.0028 clipf=0.025 ev=+0.947 r0=1.0000 entcoef=7.17e-03 lr=4.8e-04 seed=1
iter= 197 step= 633600 ep_ret=-87.807 opt_ret=-87.807 step_rew=-0.8781 opt_step=-0.8781 gap0=87.807 dret=+236.341 eval_ret=n/a pursuer_target_distance=1.332 capture=0.098 score=0.042 pol=-0.0017 val=0.0271 ent=0.9656 tot=+0.0050 agnorm=0.171 cgnorm=0.128 kl=0.0027 clipf=0.022 ev=+0.940 r0=1.0000 entcoef=7.16e-03 lr=4.8e-04 seed=1
iter= 198 step= 636800 ep_ret=-91.692 opt_ret=-91.692 step_rew=-0.9169 opt_step=-0.9169 gap0=91.692 dret=+232.456 eval_ret=n/a pursuer_target_distance=1.010 capture=0.090 score=0.045 pol=-0.0015 val=0.0246 ent=1.0028 tot=+0.0036 agnorm=0.259 cgnorm=0.102 kl=0.0021 clipf=0.018 ev=+0.942 r0=1.0000 entcoef=7.14e-03 lr=4.8e-04 seed=1
iter= 199 step= 640000 ep_ret=-161.766 opt_ret=-161.766 step_rew=-1.6177 opt_step=-1.6177 gap0=161.766 dret=+162.382 eval_ret=n/a pursuer_target_distance=1.646 capture=0.064 score=0.024 pol=-0.0024 val=0.0204 ent=0.9148 tot=+0.0013 agnorm=0.202 cgnorm=0.082 kl=0.0021 clipf=0.020 ev=+0.971 r0=1.0000 entcoef=7.13e-03 lr=4.8e-04 seed=1
iter= 200 step= 643200 ep_ret=-36.461 opt_ret=-36.461 step_rew=-0.3646 opt_step=-0.3646 gap0=36.461 dret=+287.687 eval_ret=-138.777 pursuer_target_distance=1.379 capture=0.153 score=0.064 pol=-0.0023 val=0.0339 ent=0.9516 tot=+0.0078 agnorm=0.175 cgnorm=0.115 kl=0.0025 clipf=0.023 ev=+0.956 r0=1.0000 entcoef=7.12e-03 lr=4.8e-04 seed=1
iter= 201 step= 646400 ep_ret=-117.947 opt_ret=-117.947 step_rew=-1.1795 opt_step=-1.1795 gap0=117.947 dret=+206.201 eval_ret=n/a pursuer_target_distance=1.368 capture=0.080 score=0.034 pol=-0.0019 val=0.0222 ent=0.9318 tot=+0.0026 agnorm=0.190 cgnorm=0.089 kl=0.0017 clipf=0.014 ev=+0.961 r0=1.0000 entcoef=7.10e-03 lr=4.8e-04 seed=1
iter= 202 step= 649600 ep_ret=-68.776 opt_ret=-68.776 step_rew=-0.6878 opt_step=-0.6878 gap0=68.776 dret=+255.372 eval_ret=n/a pursuer_target_distance=1.238 capture=0.117 score=0.053 pol=+0.0017 val=0.0301 ent=0.9625 tot=+0.0099 agnorm=0.550 cgnorm=0.099 kl=0.0043 clipf=0.028 ev=+0.945 r0=1.0000 entcoef=7.09e-03 lr=4.8e-04 seed=1
iter= 203 step= 652800 ep_ret=-72.593 opt_ret=-72.593 step_rew=-0.7259 opt_step=-0.7259 gap0=72.593 dret=+251.554 eval_ret=n/a pursuer_target_distance=1.249 capture=0.106 score=0.047 pol=-0.0007 val=0.0253 ent=0.9264 tot=+0.0055 agnorm=0.280 cgnorm=0.093 kl=0.0032 clipf=0.027 ev=+0.959 r0=1.0000 entcoef=7.07e-03 lr=4.8e-04 seed=1
iter= 204 step= 656000 ep_ret=-135.414 opt_ret=-135.414 step_rew=-1.3541 opt_step=-1.3541 gap0=135.414 dret=+188.734 eval_ret=n/a pursuer_target_distance=1.394 capture=0.060 score=0.025 pol=+0.0006 val=0.0183 ent=0.9084 tot=+0.0034 agnorm=0.662 cgnorm=0.092 kl=0.0053 clipf=0.030 ev=+0.958 r0=1.0000 entcoef=7.06e-03 lr=4.7e-04 seed=1
iter= 205 step= 659200 ep_ret=-106.005 opt_ret=-106.005 step_rew=-1.0600 opt_step=-1.0600 gap0=106.005 dret=+218.143 eval_ret=n/a pursuer_target_distance=1.425 capture=0.087 score=0.036 pol=-0.0014 val=0.0205 ent=0.9216 tot=+0.0023 agnorm=0.280 cgnorm=0.082 kl=0.0037 clipf=0.032 ev=+0.963 r0=1.0000 entcoef=7.04e-03 lr=4.7e-04 seed=1
iter= 206 step= 662400 ep_ret=-101.468 opt_ret=-101.468 step_rew=-1.0147 opt_step=-1.0147 gap0=101.468 dret=+222.680 eval_ret=n/a pursuer_target_distance=1.358 capture=0.087 score=0.037 pol=-0.0016 val=0.0160 ent=0.9060 tot=+0.0001 agnorm=0.081 cgnorm=0.065 kl=0.0018 clipf=0.015 ev=+0.968 r0=1.0000 entcoef=7.03e-03 lr=4.7e-04 seed=1
iter= 207 step= 665600 ep_ret=-11.637 opt_ret=-11.637 step_rew=-0.1164 opt_step=-0.1164 gap0=11.637 dret=+312.511 eval_ret=n/a pursuer_target_distance=1.037 capture=0.155 score=0.076 pol=-0.0027 val=0.0186 ent=0.9262 tot=+0.0001 agnorm=0.170 cgnorm=0.067 kl=0.0021 clipf=0.020 ev=+0.969 r0=1.0000 entcoef=7.01e-03 lr=4.7e-04 seed=1
iter= 208 step= 668800 ep_ret=-129.311 opt_ret=-129.311 step_rew=-1.2931 opt_step=-1.2931 gap0=129.311 dret=+194.836 eval_ret=n/a pursuer_target_distance=1.525 capture=0.087 score=0.034 pol=-0.0019 val=0.0191 ent=0.9588 tot=+0.0010 agnorm=0.113 cgnorm=0.095 kl=0.0017 clipf=0.015 ev=+0.968 r0=1.0000 entcoef=7.00e-03 lr=4.7e-04 seed=1
iter= 209 step= 672000 ep_ret=+31.040 opt_ret=+31.040 step_rew=0.3104 opt_step=0.3104 gap0=0.000 dret=+355.188 eval_ret=n/a pursuer_target_distance=1.086 capture=0.193 score=0.092 pol=-0.0016 val=0.0304 ent=0.9210 tot=+0.0072 agnorm=0.537 cgnorm=0.121 kl=0.0033 clipf=0.030 ev=+0.949 r0=1.0000 entcoef=6.99e-03 lr=4.7e-04 seed=1
iter= 210 step= 675200 ep_ret=-85.178 opt_ret=-85.178 step_rew=-0.8518 opt_step=-0.8518 gap0=85.178 dret=+238.970 eval_ret=n/a pursuer_target_distance=1.550 capture=0.127 score=0.050 pol=-0.0017 val=0.0239 ent=0.9616 tot=+0.0036 agnorm=0.353 cgnorm=0.090 kl=0.0035 clipf=0.032 ev=+0.958 r0=1.0000 entcoef=6.97e-03 lr=4.7e-04 seed=1
iter= 211 step= 678400 ep_ret=-50.850 opt_ret=-50.850 step_rew=-0.5085 opt_step=-0.5085 gap0=50.850 dret=+273.297 eval_ret=n/a pursuer_target_distance=1.211 capture=0.129 score=0.058 pol=-0.0024 val=0.0223 ent=0.9446 tot=+0.0022 agnorm=0.254 cgnorm=0.081 kl=0.0027 clipf=0.026 ev=+0.947 r0=1.0000 entcoef=6.96e-03 lr=4.7e-04 seed=1
iter= 212 step= 681600 ep_ret=-99.644 opt_ret=-99.644 step_rew=-0.9964 opt_step=-0.9964 gap0=99.644 dret=+224.504 eval_ret=n/a pursuer_target_distance=1.283 capture=0.087 score=0.038 pol=-0.0026 val=0.0176 ent=0.9334 tot=-0.0002 agnorm=0.121 cgnorm=0.087 kl=0.0020 clipf=0.018 ev=+0.960 r0=1.0000 entcoef=6.94e-03 lr=4.7e-04 seed=1
iter= 213 step= 684800 ep_ret=-106.442 opt_ret=-106.442 step_rew=-1.0644 opt_step=-1.0644 gap0=106.442 dret=+217.706 eval_ret=n/a pursuer_target_distance=1.571 capture=0.105 score=0.041 pol=-0.0020 val=0.0239 ent=0.9185 tot=+0.0036 agnorm=0.178 cgnorm=0.115 kl=0.0014 clipf=0.015 ev=+0.936 r0=1.0000 entcoef=6.93e-03 lr=4.6e-04 seed=1
iter= 214 step= 688000 ep_ret=-138.297 opt_ret=-138.297 step_rew=-1.3830 opt_step=-1.3830 gap0=138.297 dret=+185.851 eval_ret=n/a pursuer_target_distance=1.584 capture=0.094 score=0.037 pol=-0.0021 val=0.0159 ent=0.9281 tot=-0.0006 agnorm=0.139 cgnorm=0.075 kl=0.0025 clipf=0.019 ev=+0.974 r0=1.0000 entcoef=6.91e-03 lr=4.6e-04 seed=1
iter= 215 step= 691200 ep_ret=-99.083 opt_ret=-99.083 step_rew=-0.9908 opt_step=-0.9908 gap0=99.083 dret=+225.065 eval_ret=n/a pursuer_target_distance=1.306 capture=0.089 score=0.039 pol=-0.0026 val=0.0154 ent=0.9161 tot=-0.0012 agnorm=0.210 cgnorm=0.093 kl=0.0030 clipf=0.031 ev=+0.961 r0=1.0000 entcoef=6.90e-03 lr=4.6e-04 seed=1
iter= 216 step= 694400 ep_ret=-60.198 opt_ret=-60.198 step_rew=-0.6020 opt_step=-0.6020 gap0=60.198 dret=+263.950 eval_ret=n/a pursuer_target_distance=1.241 capture=0.129 score=0.057 pol=-0.0024 val=0.0243 ent=0.9026 tot=+0.0035 agnorm=0.258 cgnorm=0.077 kl=0.0022 clipf=0.022 ev=+0.941 r0=1.0000 entcoef=6.88e-03 lr=4.6e-04 seed=1
iter= 217 step= 697600 ep_ret=-24.996 opt_ret=-24.996 step_rew=-0.2500 opt_step=-0.2500 gap0=24.996 dret=+299.152 eval_ret=n/a pursuer_target_distance=1.218 capture=0.161 score=0.073 pol=-0.0013 val=0.0206 ent=0.8946 tot=+0.0028 agnorm=0.458 cgnorm=0.106 kl=0.0031 clipf=0.030 ev=+0.958 r0=1.0000 entcoef=6.87e-03 lr=4.6e-04 seed=1
iter= 218 step= 700800 ep_ret=-53.283 opt_ret=-53.283 step_rew=-0.5328 opt_step=-0.5328 gap0=53.283 dret=+270.865 eval_ret=n/a pursuer_target_distance=1.269 capture=0.134 score=0.059 pol=-0.0022 val=0.0233 ent=0.8819 tot=+0.0034 agnorm=0.211 cgnorm=0.105 kl=0.0029 clipf=0.029 ev=+0.943 r0=1.0000 entcoef=6.86e-03 lr=4.6e-04 seed=1
iter= 219 step= 704000 ep_ret=+4.609 opt_ret=+4.609 step_rew=0.0461 opt_step=0.0461 gap0=0.000 dret=+328.756 eval_ret=n/a pursuer_target_distance=1.208 capture=0.184 score=0.083 pol=-0.0019 val=0.0240 ent=0.8605 tot=+0.0043 agnorm=0.419 cgnorm=0.100 kl=0.0030 clipf=0.030 ev=+0.953 r0=1.0000 entcoef=6.84e-03 lr=4.6e-04 seed=1
iter= 220 step= 707200 ep_ret=+22.653 opt_ret=+22.653 step_rew=0.2265 opt_step=0.2265 gap0=0.000 dret=+346.800 eval_ret=+87.573 pursuer_target_distance=1.339 capture=0.208 score=0.089 pol=-0.0024 val=0.0307 ent=0.8255 tot=+0.0074 agnorm=0.221 cgnorm=0.126 kl=0.0022 clipf=0.021 ev=+0.940 r0=1.0000 entcoef=6.83e-03 lr=4.6e-04 seed=1
iter= 221 step= 710400 ep_ret=-43.067 opt_ret=-43.067 step_rew=-0.4307 opt_step=-0.4307 gap0=43.067 dret=+281.081 eval_ret=n/a pursuer_target_distance=1.369 capture=0.146 score=0.062 pol=-0.0021 val=0.0189 ent=0.8967 tot=+0.0013 agnorm=0.271 cgnorm=0.087 kl=0.0019 clipf=0.017 ev=+0.966 r0=1.0000 entcoef=6.81e-03 lr=4.6e-04 seed=1
iter= 222 step= 713600 ep_ret=-4.405 opt_ret=-4.405 step_rew=-0.0440 opt_step=-0.0440 gap0=4.405 dret=+319.743 eval_ret=n/a pursuer_target_distance=1.168 capture=0.166 score=0.077 pol=-0.0026 val=0.0253 ent=0.8802 tot=+0.0041 agnorm=0.156 cgnorm=0.087 kl=0.0024 clipf=0.023 ev=+0.947 r0=1.0000 entcoef=6.80e-03 lr=4.5e-04 seed=1
iter= 223 step= 716800 ep_ret=+21.162 opt_ret=+21.162 step_rew=0.2116 opt_step=0.2116 gap0=0.000 dret=+345.309 eval_ret=n/a pursuer_target_distance=1.254 capture=0.199 score=0.088 pol=-0.0017 val=0.0254 ent=0.8095 tot=+0.0055 agnorm=0.218 cgnorm=0.089 kl=0.0016 clipf=0.016 ev=+0.940 r0=1.0000 entcoef=6.78e-03 lr=4.5e-04 seed=1
iter= 224 step= 720000 ep_ret=+3.169 opt_ret=+3.169 step_rew=0.0317 opt_step=0.0317 gap0=0.000 dret=+327.317 eval_ret=n/a pursuer_target_distance=1.170 capture=0.175 score=0.081 pol=-0.0024 val=0.0187 ent=0.9002 tot=+0.0009 agnorm=0.172 cgnorm=0.091 kl=0.0023 clipf=0.020 ev=+0.958 r0=1.0000 entcoef=6.77e-03 lr=4.5e-04 seed=1
iter= 225 step= 723200 ep_ret=-10.750 opt_ret=-10.750 step_rew=-0.1075 opt_step=-0.1075 gap0=10.750 dret=+313.397 eval_ret=n/a pursuer_target_distance=1.197 capture=0.170 score=0.077 pol=+0.0020 val=0.0240 ent=0.8556 tot=+0.0082 agnorm=0.694 cgnorm=0.135 kl=0.0050 clipf=0.032 ev=+0.935 r0=1.0000 entcoef=6.75e-03 lr=4.5e-04 seed=1
iter= 226 step= 726400 ep_ret=+19.254 opt_ret=+19.254 step_rew=0.1925 opt_step=0.1925 gap0=0.000 dret=+343.402 eval_ret=n/a pursuer_target_distance=1.294 capture=0.198 score=0.086 pol=+0.0012 val=0.0261 ent=0.8494 tot=+0.0086 agnorm=0.708 cgnorm=0.082 kl=0.0049 clipf=0.031 ev=+0.936 r0=1.0000 entcoef=6.74e-03 lr=4.5e-04 seed=1
iter= 227 step= 729600 ep_ret=+95.868 opt_ret=+95.868 step_rew=0.9587 opt_step=0.9587 gap0=0.000 dret=+420.016 eval_ret=n/a pursuer_target_distance=0.993 capture=0.241 score=0.121 pol=-0.0013 val=0.0263 ent=0.8228 tot=+0.0063 agnorm=0.297 cgnorm=0.128 kl=0.0027 clipf=0.025 ev=+0.934 r0=1.0000 entcoef=6.73e-03 lr=4.5e-04 seed=1
iter= 228 step= 732800 ep_ret=+29.595 opt_ret=+29.595 step_rew=0.2959 opt_step=0.2959 gap0=0.000 dret=+353.743 eval_ret=n/a pursuer_target_distance=0.983 capture=0.180 score=0.091 pol=-0.0024 val=0.0153 ent=0.8270 tot=-0.0002 agnorm=0.407 cgnorm=0.069 kl=0.0031 clipf=0.029 ev=+0.964 r0=1.0000 entcoef=6.71e-03 lr=4.5e-04 seed=1
iter= 229 step= 736000 ep_ret=-30.586 opt_ret=-30.586 step_rew=-0.3059 opt_step=-0.3059 gap0=30.586 dret=+293.562 eval_ret=n/a pursuer_target_distance=0.916 capture=0.132 score=0.069 pol=-0.0019 val=0.0163 ent=0.7774 tot=+0.0010 agnorm=0.258 cgnorm=0.075 kl=0.0021 clipf=0.017 ev=+0.956 r0=1.0000 entcoef=6.70e-03 lr=4.5e-04 seed=1
iter= 230 step= 739200 ep_ret=+15.191 opt_ret=+15.191 step_rew=0.1519 opt_step=0.1519 gap0=0.000 dret=+339.339 eval_ret=n/a pursuer_target_distance=1.057 capture=0.175 score=0.085 pol=-0.0024 val=0.0156 ent=0.7989 tot=+0.0001 agnorm=0.157 cgnorm=0.063 kl=0.0022 clipf=0.023 ev=+0.956 r0=1.0000 entcoef=6.68e-03 lr=4.5e-04 seed=1
iter= 231 step= 742400 ep_ret=+56.056 opt_ret=+56.056 step_rew=0.5606 opt_step=0.5606 gap0=0.000 dret=+380.204 eval_ret=n/a pursuer_target_distance=1.209 capture=0.219 score=0.099 pol=-0.0021 val=0.0185 ent=0.8317 tot=+0.0016 agnorm=0.171 cgnorm=0.088 kl=0.0018 clipf=0.016 ev=+0.954 r0=1.0000 entcoef=6.67e-03 lr=4.4e-04 seed=1
iter= 232 step= 745600 ep_ret=+2.046 opt_ret=+2.046 step_rew=0.0205 opt_step=0.0205 gap0=0.000 dret=+326.194 eval_ret=n/a pursuer_target_distance=1.114 capture=0.170 score=0.081 pol=-0.0022 val=0.0146 ent=0.8067 tot=-0.0002 agnorm=0.213 cgnorm=0.055 kl=0.0020 clipf=0.020 ev=+0.964 r0=1.0000 entcoef=6.65e-03 lr=4.4e-04 seed=1
iter= 233 step= 748800 ep_ret=+1.578 opt_ret=+1.578 step_rew=0.0158 opt_step=0.0158 gap0=0.000 dret=+325.725 eval_ret=n/a pursuer_target_distance=1.278 capture=0.175 score=0.077 pol=-0.0021 val=0.0173 ent=0.8258 tot=+0.0010 agnorm=0.164 cgnorm=0.062 kl=0.0016 clipf=0.014 ev=+0.956 r0=1.0000 entcoef=6.64e-03 lr=4.4e-04 seed=1
iter= 234 step= 752000 ep_ret=+15.054 opt_ret=+15.054 step_rew=0.1505 opt_step=0.1505 gap0=0.000 dret=+339.202 eval_ret=n/a pursuer_target_distance=1.053 capture=0.177 score=0.086 pol=-0.0022 val=0.0191 ent=0.8017 tot=+0.0020 agnorm=0.127 cgnorm=0.082 kl=0.0018 clipf=0.015 ev=+0.947 r0=1.0000 entcoef=6.62e-03 lr=4.4e-04 seed=1
iter= 235 step= 755200 ep_ret=-18.293 opt_ret=-18.293 step_rew=-0.1829 opt_step=-0.1829 gap0=18.293 dret=+305.855 eval_ret=n/a pursuer_target_distance=1.073 capture=0.148 score=0.071 pol=-0.0026 val=0.0168 ent=0.7832 tot=+0.0007 agnorm=0.188 cgnorm=0.080 kl=0.0025 clipf=0.022 ev=+0.953 r0=1.0000 entcoef=6.61e-03 lr=4.4e-04 seed=1
iter= 236 step= 758400 ep_ret=+85.732 opt_ret=+85.732 step_rew=0.8573 opt_step=0.8573 gap0=0.000 dret=+409.879 eval_ret=n/a pursuer_target_distance=1.045 capture=0.242 score=0.118 pol=-0.0019 val=0.0173 ent=0.8550 tot=+0.0012 agnorm=0.156 cgnorm=0.078 kl=0.0020 clipf=0.017 ev=+0.950 r0=1.0000 entcoef=6.60e-03 lr=4.4e-04 seed=1
iter= 237 step= 761600 ep_ret=+30.209 opt_ret=+30.209 step_rew=0.3021 opt_step=0.3021 gap0=0.000 dret=+354.357 eval_ret=n/a pursuer_target_distance=1.105 capture=0.197 score=0.094 pol=-0.0020 val=0.0129 ent=0.8333 tot=-0.0011 agnorm=0.111 cgnorm=0.060 kl=0.0015 clipf=0.014 ev=+0.966 r0=1.0000 entcoef=6.58e-03 lr=4.4e-04 seed=1
iter= 238 step= 764800 ep_ret=-27.770 opt_ret=-27.770 step_rew=-0.2777 opt_step=-0.2777 gap0=27.770 dret=+296.378 eval_ret=n/a pursuer_target_distance=1.303 capture=0.162 score=0.070 pol=-0.0023 val=0.0126 ent=0.8364 tot=-0.0015 agnorm=0.151 cgnorm=0.047 kl=0.0017 clipf=0.014 ev=+0.970 r0=1.0000 entcoef=6.57e-03 lr=4.4e-04 seed=1
iter= 239 step= 768000 ep_ret=-77.908 opt_ret=-77.908 step_rew=-0.7791 opt_step=-0.7791 gap0=77.908 dret=+246.239 eval_ret=n/a pursuer_target_distance=1.340 capture=0.116 score=0.050 pol=-0.0026 val=0.0156 ent=0.8172 tot=-0.0002 agnorm=0.203 cgnorm=0.073 kl=0.0021 clipf=0.020 ev=+0.950 r0=1.0000 entcoef=6.55e-03 lr=4.4e-04 seed=1
iter= 240 step= 771200 ep_ret=-92.480 opt_ret=-92.480 step_rew=-0.9248 opt_step=-0.9248 gap0=92.480 dret=+231.667 eval_ret=+74.909 pursuer_target_distance=1.351 capture=0.117 score=0.050 pol=-0.0017 val=0.0124 ent=0.8129 tot=-0.0008 agnorm=0.271 cgnorm=0.068 kl=0.0024 clipf=0.027 ev=+0.964 r0=1.0000 entcoef=6.54e-03 lr=4.3e-04 seed=1
iter= 241 step= 774400 ep_ret=+20.843 opt_ret=+20.843 step_rew=0.2084 opt_step=0.2084 gap0=0.000 dret=+344.991 eval_ret=n/a pursuer_target_distance=1.118 capture=0.180 score=0.085 pol=-0.0019 val=0.0181 ent=0.8015 tot=+0.0019 agnorm=0.306 cgnorm=0.076 kl=0.0022 clipf=0.022 ev=+0.936 r0=1.0000 entcoef=6.52e-03 lr=4.3e-04 seed=1
iter= 242 step= 777600 ep_ret=+0.538 opt_ret=+0.538 step_rew=0.0054 opt_step=0.0054 gap0=0.000 dret=+324.686 eval_ret=n/a pursuer_target_distance=1.110 capture=0.182 score=0.086 pol=-0.0023 val=0.0139 ent=0.8307 tot=-0.0007 agnorm=0.214 cgnorm=0.063 kl=0.0022 clipf=0.025 ev=+0.966 r0=1.0000 entcoef=6.51e-03 lr=4.3e-04 seed=1
iter= 243 step= 780800 ep_ret=-26.345 opt_ret=-26.345 step_rew=-0.2635 opt_step=-0.2635 gap0=26.345 dret=+297.803 eval_ret=n/a pursuer_target_distance=1.338 capture=0.161 score=0.069 pol=-0.0016 val=0.0136 ent=0.7950 tot=-0.0000 agnorm=0.159 cgnorm=0.069 kl=0.0018 clipf=0.013 ev=+0.953 r0=1.0000 entcoef=6.50e-03 lr=4.3e-04 seed=1
iter= 244 step= 784000 ep_ret=-18.183 opt_ret=-18.183 step_rew=-0.1818 opt_step=-0.1818 gap0=18.183 dret=+305.965 eval_ret=n/a pursuer_target_distance=1.191 capture=0.155 score=0.071 pol=-0.0025 val=0.0164 ent=0.7848 tot=+0.0006 agnorm=0.197 cgnorm=0.061 kl=0.0021 clipf=0.021 ev=+0.938 r0=1.0000 entcoef=6.48e-03 lr=4.3e-04 seed=1
iter= 245 step= 787200 ep_ret=+101.942 opt_ret=+101.942 step_rew=1.0194 opt_step=1.0194 gap0=0.000 dret=+426.089 eval_ret=n/a pursuer_target_distance=0.915 capture=0.236 score=0.123 pol=-0.0023 val=0.0125 ent=0.8432 tot=-0.0015 agnorm=0.241 cgnorm=0.046 kl=0.0024 clipf=0.025 ev=+0.959 r0=1.0000 entcoef=6.47e-03 lr=4.3e-04 seed=1
iter= 246 step= 790400 ep_ret=+9.925 opt_ret=+9.925 step_rew=0.0993 opt_step=0.0993 gap0=0.000 dret=+334.073 eval_ret=n/a pursuer_target_distance=1.217 capture=0.185 score=0.083 pol=-0.0019 val=0.0122 ent=0.8295 tot=-0.0012 agnorm=0.114 cgnorm=0.042 kl=0.0019 clipf=0.016 ev=+0.962 r0=1.0000 entcoef=6.45e-03 lr=4.3e-04 seed=1
iter= 247 step= 793600 ep_ret=-54.478 opt_ret=-54.478 step_rew=-0.5448 opt_step=-0.5448 gap0=54.478 dret=+269.669 eval_ret=n/a pursuer_target_distance=1.293 capture=0.127 score=0.055 pol=-0.0025 val=0.0103 ent=0.7799 tot=-0.0024 agnorm=0.256 cgnorm=0.050 kl=0.0016 clipf=0.013 ev=+0.968 r0=1.0000 entcoef=6.44e-03 lr=4.3e-04 seed=1
iter= 248 step= 796800 ep_ret=+38.643 opt_ret=+38.643 step_rew=0.3864 opt_step=0.3864 gap0=0.000 dret=+362.790 eval_ret=n/a pursuer_target_distance=1.086 capture=0.210 score=0.101 pol=-0.0026 val=0.0116 ent=0.7845 tot=-0.0018 agnorm=0.186 cgnorm=0.070 kl=0.0019 clipf=0.018 ev=+0.963 r0=1.0000 entcoef=6.42e-03 lr=4.3e-04 seed=1
iter= 249 step= 800000 ep_ret=-61.231 opt_ret=-61.231 step_rew=-0.6123 opt_step=-0.6123 gap0=61.231 dret=+262.916 eval_ret=n/a pursuer_target_distance=1.190 capture=0.125 score=0.057 pol=-0.0017 val=0.0102 ent=0.7614 tot=-0.0015 agnorm=0.162 cgnorm=0.045 kl=0.0019 clipf=0.017 ev=+0.966 r0=1.0000 entcoef=6.41e-03 lr=4.2e-04 seed=1
iter= 250 step= 803200 ep_ret=+5.246 opt_ret=+5.246 step_rew=0.0525 opt_step=0.0525 gap0=0.000 dret=+329.393 eval_ret=n/a pursuer_target_distance=1.189 capture=0.179 score=0.082 pol=-0.0025 val=0.0121 ent=0.7690 tot=-0.0013 agnorm=0.258 cgnorm=0.053 kl=0.0025 clipf=0.023 ev=+0.956 r0=1.0000 entcoef=6.39e-03 lr=4.2e-04 seed=1
iter= 251 step= 806400 ep_ret=+16.909 opt_ret=+16.909 step_rew=0.1691 opt_step=0.1691 gap0=0.000 dret=+341.057 eval_ret=n/a pursuer_target_distance=1.090 capture=0.182 score=0.087 pol=-0.0026 val=0.0128 ent=0.7585 tot=-0.0010 agnorm=0.294 cgnorm=0.058 kl=0.0028 clipf=0.030 ev=+0.955 r0=1.0000 entcoef=6.38e-03 lr=4.2e-04 seed=1
iter= 252 step= 809600 ep_ret=-39.969 opt_ret=-39.969 step_rew=-0.3997 opt_step=-0.3997 gap0=39.969 dret=+284.179 eval_ret=n/a pursuer_target_distance=1.381 capture=0.150 score=0.063 pol=-0.0016 val=0.0122 ent=0.7632 tot=-0.0003 agnorm=0.304 cgnorm=0.057 kl=0.0017 clipf=0.017 ev=+0.961 r0=1.0000 entcoef=6.37e-03 lr=4.2e-04 seed=1
iter= 253 step= 812800 ep_ret=+29.738 opt_ret=+29.738 step_rew=0.2974 opt_step=0.2974 gap0=0.000 dret=+353.886 eval_ret=n/a pursuer_target_distance=1.158 capture=0.198 score=0.092 pol=-0.0017 val=0.0118 ent=0.7517 tot=-0.0006 agnorm=0.239 cgnorm=0.049 kl=0.0013 clipf=0.014 ev=+0.958 r0=1.0000 entcoef=6.35e-03 lr=4.2e-04 seed=1
iter= 254 step= 816000 ep_ret=-12.115 opt_ret=-12.115 step_rew=-0.1211 opt_step=-0.1211 gap0=12.115 dret=+312.033 eval_ret=n/a pursuer_target_distance=1.194 capture=0.168 score=0.076 pol=-0.0025 val=0.0136 ent=0.8063 tot=-0.0008 agnorm=0.344 cgnorm=0.059 kl=0.0027 clipf=0.027 ev=+0.956 r0=1.0000 entcoef=6.34e-03 lr=4.2e-04 seed=1
iter= 255 step= 819200 ep_ret=-0.617 opt_ret=-0.617 step_rew=-0.0062 opt_step=-0.0062 gap0=0.617 dret=+323.531 eval_ret=n/a pursuer_target_distance=1.338 capture=0.195 score=0.084 pol=-0.0007 val=0.0112 ent=0.7287 tot=+0.0003 agnorm=0.503 cgnorm=0.056 kl=0.0024 clipf=0.021 ev=+0.970 r0=1.0000 entcoef=6.32e-03 lr=4.2e-04 seed=1
iter= 256 step= 822400 ep_ret=-74.596 opt_ret=-74.596 step_rew=-0.7460 opt_step=-0.7460 gap0=74.596 dret=+249.551 eval_ret=n/a pursuer_target_distance=1.516 capture=0.145 score=0.058 pol=-0.0011 val=0.0088 ent=0.7592 tot=-0.0015 agnorm=0.341 cgnorm=0.052 kl=0.0037 clipf=0.032 ev=+0.975 r0=1.0000 entcoef=6.31e-03 lr=4.2e-04 seed=1
iter= 257 step= 825600 ep_ret=+57.287 opt_ret=+57.287 step_rew=0.5729 opt_step=0.5729 gap0=0.000 dret=+381.435 eval_ret=n/a pursuer_target_distance=0.827 capture=0.200 score=0.109 pol=-0.0018 val=0.0112 ent=0.7812 tot=-0.0011 agnorm=0.241 cgnorm=0.056 kl=0.0020 clipf=0.019 ev=+0.959 r0=1.0000 entcoef=6.29e-03 lr=4.2e-04 seed=1
iter= 258 step= 828800 ep_ret=-51.507 opt_ret=-51.507 step_rew=-0.5151 opt_step=-0.5151 gap0=51.507 dret=+272.641 eval_ret=n/a pursuer_target_distance=1.224 capture=0.132 score=0.059 pol=-0.0022 val=0.0112 ent=0.7448 tot=-0.0013 agnorm=0.250 cgnorm=0.058 kl=0.0021 clipf=0.023 ev=+0.957 r0=1.0000 entcoef=6.28e-03 lr=4.1e-04 seed=1
iter= 259 step= 832000 ep_ret=+8.940 opt_ret=+8.940 step_rew=0.0894 opt_step=0.0894 gap0=0.000 dret=+333.088 eval_ret=n/a pursuer_target_distance=1.337 capture=0.194 score=0.083 pol=-0.0022 val=0.0144 ent=0.7778 tot=+0.0001 agnorm=0.225 cgnorm=0.059 kl=0.0019 clipf=0.018 ev=+0.957 r0=1.0000 entcoef=6.26e-03 lr=4.1e-04 seed=1
iter= 260 step= 835200 ep_ret=+2.534 opt_ret=+2.534 step_rew=0.0253 opt_step=0.0253 gap0=0.000 dret=+326.681 eval_ret=+75.814 pursuer_target_distance=1.182 capture=0.184 score=0.084 pol=-0.0022 val=0.0111 ent=0.7646 tot=-0.0014 agnorm=0.207 cgnorm=0.055 kl=0.0016 clipf=0.015 ev=+0.963 r0=1.0000 entcoef=6.25e-03 lr=4.1e-04 seed=1
iter= 261 step= 838400 ep_ret=-82.096 opt_ret=-82.096 step_rew=-0.8210 opt_step=-0.8210 gap0=82.096 dret=+242.051 eval_ret=n/a pursuer_target_distance=1.442 capture=0.124 score=0.051 pol=-0.0020 val=0.0079 ent=0.7329 tot=-0.0026 agnorm=0.168 cgnorm=0.049 kl=0.0021 clipf=0.022 ev=+0.973 r0=1.0000 entcoef=6.24e-03 lr=4.1e-04 seed=1
iter= 262 step= 841600 ep_ret=+83.245 opt_ret=+83.245 step_rew=0.8324 opt_step=0.8324 gap0=0.000 dret=+407.393 eval_ret=n/a pursuer_target_distance=0.855 capture=0.230 score=0.124 pol=-0.0022 val=0.0109 ent=0.7304 tot=-0.0013 agnorm=0.357 cgnorm=0.070 kl=0.0022 clipf=0.024 ev=+0.958 r0=1.0000 entcoef=6.22e-03 lr=4.1e-04 seed=1
iter= 263 step= 844800 ep_ret=-72.507 opt_ret=-72.507 step_rew=-0.7251 opt_step=-0.7251 gap0=72.507 dret=+251.641 eval_ret=n/a pursuer_target_distance=1.177 capture=0.111 score=0.051 pol=-0.0021 val=0.0122 ent=0.6929 tot=-0.0003 agnorm=0.224 cgnorm=0.065 kl=0.0021 clipf=0.023 ev=+0.951 r0=1.0000 entcoef=6.21e-03 lr=4.1e-04 seed=1
iter= 264 step= 848000 ep_ret=+78.967 opt_ret=+78.967 step_rew=0.7897 opt_step=0.7897 gap0=0.000 dret=+403.115 eval_ret=n/a pursuer_target_distance=1.072 capture=0.237 score=0.114 pol=-0.0022 val=0.0102 ent=0.7251 tot=-0.0015 agnorm=0.171 cgnorm=0.070 kl=0.0026 clipf=0.026 ev=+0.963 r0=1.0000 entcoef=6.19e-03 lr=4.1e-04 seed=1
iter= 265 step= 851200 ep_ret=+37.834 opt_ret=+37.834 step_rew=0.3783 opt_step=0.3783 gap0=0.000 dret=+361.982 eval_ret=n/a pursuer_target_distance=1.242 capture=0.210 score=0.094 pol=-0.0025 val=0.0131 ent=0.7398 tot=-0.0005 agnorm=0.226 cgnorm=0.064 kl=0.0024 clipf=0.027 ev=+0.950 r0=1.0000 entcoef=6.18e-03 lr=4.1e-04 seed=1
iter= 266 step= 854400 ep_ret=+17.715 opt_ret=+17.715 step_rew=0.1771 opt_step=0.1771 gap0=0.000 dret=+341.862 eval_ret=n/a pursuer_target_distance=0.996 capture=0.172 score=0.086 pol=-0.0023 val=0.0090 ent=0.7324 tot=-0.0024 agnorm=0.196 cgnorm=0.049 kl=0.0022 clipf=0.023 ev=+0.959 r0=1.0000 entcoef=6.16e-03 lr=4.1e-04 seed=1
iter= 267 step= 857600 ep_ret=+38.367 opt_ret=+38.367 step_rew=0.3837 opt_step=0.3837 gap0=0.000 dret=+362.515 eval_ret=n/a pursuer_target_distance=1.168 capture=0.205 score=0.095 pol=-0.0017 val=0.0100 ent=0.6971 tot=-0.0010 agnorm=0.161 cgnorm=0.049 kl=0.0014 clipf=0.013 ev=+0.964 r0=1.0000 entcoef=6.15e-03 lr=4.0e-04 seed=1
iter= 268 step= 860800 ep_ret=-6.153 opt_ret=-6.153 step_rew=-0.0615 opt_step=-0.0615 gap0=6.153 dret=+317.994 eval_ret=n/a pursuer_target_distance=1.350 capture=0.191 score=0.081 pol=-0.0022 val=0.0109 ent=0.6802 tot=-0.0009 agnorm=0.162 cgnorm=0.051 kl=0.0020 clipf=0.022 ev=+0.961 r0=1.0000 entcoef=6.13e-03 lr=4.0e-04 seed=1
iter= 269 step= 864000 ep_ret=+3.673 opt_ret=+3.673 step_rew=0.0367 opt_step=0.0367 gap0=0.000 dret=+327.821 eval_ret=n/a pursuer_target_distance=1.423 capture=0.188 score=0.077 pol=-0.0020 val=0.0103 ent=0.6918 tot=-0.0011 agnorm=0.197 cgnorm=0.044 kl=0.0015 clipf=0.013 ev=+0.966 r0=1.0000 entcoef=6.12e-03 lr=4.0e-04 seed=1
iter= 270 step= 867200 ep_ret=+48.990 opt_ret=+48.990 step_rew=0.4899 opt_step=0.4899 gap0=0.000 dret=+373.138 eval_ret=n/a pursuer_target_distance=1.000 capture=0.199 score=0.099 pol=-0.0027 val=0.0114 ent=0.7225 tot=-0.0014 agnorm=0.272 cgnorm=0.051 kl=0.0024 clipf=0.027 ev=+0.953 r0=1.0000 entcoef=6.11e-03 lr=4.0e-04 seed=1
iter= 271 step= 870400 ep_ret=-61.619 opt_ret=-61.619 step_rew=-0.6162 opt_step=-0.6162 gap0=61.619 dret=+262.528 eval_ret=n/a pursuer_target_distance=1.324 capture=0.127 score=0.055 pol=-0.0023 val=0.0093 ent=0.7040 tot=-0.0020 agnorm=0.210 cgnorm=0.044 kl=0.0024 clipf=0.023 ev=+0.969 r0=1.0000 entcoef=6.09e-03 lr=4.0e-04 seed=1
iter= 272 step= 873600 ep_ret=-11.570 opt_ret=-11.570 step_rew=-0.1157 opt_step=-0.1157 gap0=11.570 dret=+312.578 eval_ret=n/a pursuer_target_distance=1.261 capture=0.182 score=0.081 pol=-0.0022 val=0.0110 ent=0.7183 tot=-0.0011 agnorm=0.224 cgnorm=0.060 kl=0.0019 clipf=0.020 ev=+0.963 r0=1.0000 entcoef=6.08e-03 lr=4.0e-04 seed=1
iter= 273 step= 876800 ep_ret=-84.608 opt_ret=-84.608 step_rew=-0.8461 opt_step=-0.8461 gap0=84.608 dret=+239.539 eval_ret=n/a pursuer_target_distance=1.469 capture=0.122 score=0.049 pol=-0.0021 val=0.0094 ent=0.7090 tot=-0.0017 agnorm=0.236 cgnorm=0.051 kl=0.0019 clipf=0.020 ev=+0.961 r0=1.0000 entcoef=6.06e-03 lr=4.0e-04 seed=1
iter= 274 step= 880000 ep_ret=+64.487 opt_ret=+64.487 step_rew=0.6449 opt_step=0.6449 gap0=0.000 dret=+388.634 eval_ret=n/a pursuer_target_distance=1.130 capture=0.230 score=0.108 pol=-0.0023 val=0.0120 ent=0.7532 tot=-0.0008 agnorm=0.288 cgnorm=0.093 kl=0.0026 clipf=0.025 ev=+0.950 r0=1.0000 entcoef=6.05e-03 lr=4.0e-04 seed=1
iter= 275 step= 883200 ep_ret=-60.418 opt_ret=-60.418 step_rew=-0.6042 opt_step=-0.6042 gap0=60.418 dret=+263.730 eval_ret=n/a pursuer_target_distance=1.472 capture=0.148 score=0.060 pol=-0.0018 val=0.0097 ent=0.7405 tot=-0.0014 agnorm=0.265 cgnorm=0.044 kl=0.0023 clipf=0.018 ev=+0.967 r0=1.0000 entcoef=6.03e-03 lr=4.0e-04 seed=1
iter= 276 step= 886400 ep_ret=-7.188 opt_ret=-7.188 step_rew=-0.0719 opt_step=-0.0719 gap0=7.188 dret=+316.959 eval_ret=n/a pursuer_target_distance=1.289 capture=0.174 score=0.076 pol=-0.0019 val=0.0093 ent=0.7182 tot=-0.0015 agnorm=0.296 cgnorm=0.048 kl=0.0018 clipf=0.017 ev=+0.962 r0=1.0000 entcoef=6.02e-03 lr=3.9e-04 seed=1
iter= 277 step= 889600 ep_ret=+73.997 opt_ret=+73.997 step_rew=0.7400 opt_step=0.7400 gap0=0.000 dret=+398.145 eval_ret=n/a pursuer_target_distance=0.991 capture=0.221 score=0.111 pol=-0.0027 val=0.0090 ent=0.7309 tot=-0.0026 agnorm=0.161 cgnorm=0.039 kl=0.0019 clipf=0.019 ev=+0.961 r0=1.0000 entcoef=6.00e-03 lr=3.9e-04 seed=1
iter= 278 step= 892800 ep_ret=-48.350 opt_ret=-48.350 step_rew=-0.4835 opt_step=-0.4835 gap0=48.350 dret=+275.797 eval_ret=n/a pursuer_target_distance=1.382 capture=0.142 score=0.060 pol=-0.0022 val=0.0107 ent=0.7066 tot=-0.0010 agnorm=0.304 cgnorm=0.066 kl=0.0023 clipf=0.024 ev=+0.955 r0=1.0000 entcoef=5.99e-03 lr=3.9e-04 seed=1
iter= 279 step= 896000 ep_ret=+37.061 opt_ret=+37.061 step_rew=0.3706 opt_step=0.3706 gap0=0.000 dret=+361.208 eval_ret=n/a pursuer_target_distance=1.149 capture=0.212 score=0.099 pol=-0.0018 val=0.0119 ent=0.7206 tot=-0.0001 agnorm=0.253 cgnorm=0.055 kl=0.0020 clipf=0.019 ev=+0.952 r0=1.0000 entcoef=5.98e-03 lr=3.9e-04 seed=1
iter= 280 step= 899200 ep_ret=-24.751 opt_ret=-24.751 step_rew=-0.2475 opt_step=-0.2475 gap0=24.751 dret=+299.397 eval_ret=+70.898 pursuer_target_distance=1.323 capture=0.163 score=0.070 pol=-0.0019 val=0.0082 ent=0.7410 tot=-0.0022 agnorm=0.253 cgnorm=0.041 kl=0.0019 clipf=0.021 ev=+0.969 r0=1.0000 entcoef=5.96e-03 lr=3.9e-04 seed=1
iter= 281 step= 902400 ep_ret=-15.434 opt_ret=-15.434 step_rew=-0.1543 opt_step=-0.1543 gap0=15.434 dret=+308.714 eval_ret=n/a pursuer_target_distance=1.092 capture=0.152 score=0.073 pol=-0.0023 val=0.0081 ent=0.7184 tot=-0.0025 agnorm=0.149 cgnorm=0.036 kl=0.0020 clipf=0.022 ev=+0.973 r0=1.0000 entcoef=5.95e-03 lr=3.9e-04 seed=1
iter= 282 step= 905600 ep_ret=-30.284 opt_ret=-30.284 step_rew=-0.3028 opt_step=-0.3028 gap0=30.284 dret=+293.864 eval_ret=n/a pursuer_target_distance=1.393 capture=0.158 score=0.066 pol=-0.0015 val=0.0120 ent=0.7543 tot=-0.0000 agnorm=0.363 cgnorm=0.056 kl=0.0016 clipf=0.016 ev=+0.954 r0=1.0000 entcoef=5.93e-03 lr=3.9e-04 seed=1
iter= 283 step= 908800 ep_ret=+61.132 opt_ret=+61.132 step_rew=0.6113 opt_step=0.6113 gap0=0.000 dret=+385.280 eval_ret=n/a pursuer_target_distance=1.154 capture=0.220 score=0.102 pol=-0.0025 val=0.0106 ent=0.7378 tot=-0.0016 agnorm=0.348 cgnorm=0.045 kl=0.0027 clipf=0.029 ev=+0.958 r0=1.0000 entcoef=5.92e-03 lr=3.9e-04 seed=1
iter= 284 step= 912000 ep_ret=+75.951 opt_ret=+75.951 step_rew=0.7595 opt_step=0.7595 gap0=0.000 dret=+400.098 eval_ret=n/a pursuer_target_distance=0.839 capture=0.222 score=0.121 pol=-0.0020 val=0.0115 ent=0.7854 tot=-0.0009 agnorm=0.242 cgnorm=0.066 kl=0.0022 clipf=0.021 ev=+0.944 r0=1.0000 entcoef=5.90e-03 lr=3.9e-04 seed=1
iter= 285 step= 915200 ep_ret=+21.943 opt_ret=+21.943 step_rew=0.2194 opt_step=0.2194 gap0=0.000 dret=+346.091 eval_ret=n/a pursuer_target_distance=1.038 capture=0.171 score=0.084 pol=-0.0019 val=0.0094 ent=0.7282 tot=-0.0015 agnorm=0.130 cgnorm=0.051 kl=0.0015 clipf=0.014 ev=+0.959 r0=1.0000 entcoef=5.89e-03 lr=3.8e-04 seed=1
iter= 286 step= 918400 ep_ret=+22.360 opt_ret=+22.360 step_rew=0.2236 opt_step=0.2236 gap0=0.000 dret=+346.508 eval_ret=n/a pursuer_target_distance=1.077 capture=0.181 score=0.087 pol=-0.0018 val=0.0082 ent=0.7531 tot=-0.0021 agnorm=0.251 cgnorm=0.043 kl=0.0016 clipf=0.015 ev=+0.957 r0=1.0000 entcoef=5.88e-03 lr=3.8e-04 seed=1
iter= 287 step= 921600 ep_ret=+46.727 opt_ret=+46.727 step_rew=0.4673 opt_step=0.4673 gap0=0.000 dret=+370.875 eval_ret=n/a pursuer_target_distance=1.196 capture=0.214 score=0.097 pol=-0.0018 val=0.0130 ent=0.7470 tot=+0.0004 agnorm=0.392 cgnorm=0.050 kl=0.0016 clipf=0.014 ev=+0.940 r0=1.0000 entcoef=5.86e-03 lr=3.8e-04 seed=1
iter= 288 step= 924800 ep_ret=+13.179 opt_ret=+13.179 step_rew=0.1318 opt_step=0.1318 gap0=0.000 dret=+337.327 eval_ret=n/a pursuer_target_distance=1.260 capture=0.194 score=0.086 pol=-0.0024 val=0.0070 ent=0.7260 tot=-0.0031 agnorm=0.218 cgnorm=0.037 kl=0.0024 clipf=0.027 ev=+0.970 r0=1.0000 entcoef=5.85e-03 lr=3.8e-04 seed=1
iter= 289 step= 928000 ep_ret=+10.774 opt_ret=+10.774 step_rew=0.1077 opt_step=0.1077 gap0=0.000 dret=+334.922 eval_ret=n/a pursuer_target_distance=1.180 capture=0.180 score=0.083 pol=-0.0019 val=0.0100 ent=0.7093 tot=-0.0010 agnorm=0.285 cgnorm=0.052 kl=0.0020 clipf=0.021 ev=+0.942 r0=1.0000 entcoef=5.83e-03 lr=3.8e-04 seed=1
iter= 290 step= 931200 ep_ret=+30.515 opt_ret=+30.515 step_rew=0.3052 opt_step=0.3052 gap0=0.000 dret=+354.663 eval_ret=n/a pursuer_target_distance=1.026 capture=0.179 score=0.089 pol=-0.0023 val=0.0077 ent=0.7232 tot=-0.0026 agnorm=0.239 cgnorm=0.031 kl=0.0019 clipf=0.022 ev=+0.960 r0=1.0000 entcoef=5.82e-03 lr=3.8e-04 seed=1
iter= 291 step= 934400 ep_ret=-2.493 opt_ret=-2.493 step_rew=-0.0249 opt_step=-0.0249 gap0=2.493 dret=+321.655 eval_ret=n/a pursuer_target_distance=1.032 capture=0.163 score=0.080 pol=-0.0018 val=0.0082 ent=0.7548 tot=-0.0021 agnorm=0.219 cgnorm=0.036 kl=0.0018 clipf=0.020 ev=+0.956 r0=1.0000 entcoef=5.80e-03 lr=3.8e-04 seed=1
iter= 292 step= 937600 ep_ret=+18.596 opt_ret=+18.596 step_rew=0.1860 opt_step=0.1860 gap0=0.000 dret=+342.744 eval_ret=n/a pursuer_target_distance=0.996 capture=0.185 score=0.093 pol=-0.0020 val=0.0113 ent=0.7329 tot=-0.0006 agnorm=0.167 cgnorm=0.042 kl=0.0017 clipf=0.018 ev=+0.950 r0=1.0000 entcoef=5.79e-03 lr=3.8e-04 seed=1
iter= 293 step= 940800 ep_ret=+8.306 opt_ret=+8.306 step_rew=0.0831 opt_step=0.0831 gap0=0.000 dret=+332.453 eval_ret=n/a pursuer_target_distance=1.156 capture=0.188 score=0.087 pol=-0.0024 val=0.0072 ent=0.7510 tot=-0.0031 agnorm=0.321 cgnorm=0.032 kl=0.0021 clipf=0.022 ev=+0.969 r0=1.0000 entcoef=5.77e-03 lr=3.8e-04 seed=1
iter= 294 step= 944000 ep_ret=-74.424 opt_ret=-74.424 step_rew=-0.7442 opt_step=-0.7442 gap0=74.424 dret=+249.723 eval_ret=n/a pursuer_target_distance=1.440 capture=0.132 score=0.054 pol=-0.0022 val=0.0091 ent=0.7166 tot=-0.0018 agnorm=0.149 cgnorm=0.041 kl=0.0019 clipf=0.019 ev=+0.960 r0=1.0000 entcoef=5.76e-03 lr=3.7e-04 seed=1
iter= 295 step= 947200 ep_ret=+4.232 opt_ret=+4.232 step_rew=0.0423 opt_step=0.0423 gap0=0.000 dret=+328.380 eval_ret=n/a pursuer_target_distance=1.134 capture=0.175 score=0.082 pol=-0.0025 val=0.0091 ent=0.7362 tot=-0.0021 agnorm=0.157 cgnorm=0.040 kl=0.0018 clipf=0.018 ev=+0.955 r0=1.0000 entcoef=5.75e-03 lr=3.7e-04 seed=1
iter= 296 step= 950400 ep_ret=-114.086 opt_ret=-114.086 step_rew=-1.1409 opt_step=-1.1409 gap0=114.086 dret=+210.062 eval_ret=n/a pursuer_target_distance=1.719 capture=0.115 score=0.042 pol=-0.0016 val=0.0067 ent=0.6627 tot=-0.0021 agnorm=0.329 cgnorm=0.033 kl=0.0016 clipf=0.016 ev=+0.974 r0=1.0000 entcoef=5.73e-03 lr=3.7e-04 seed=1
iter= 297 step= 953600 ep_ret=-12.266 opt_ret=-12.266 step_rew=-0.1227 opt_step=-0.1227 gap0=12.266 dret=+311.882 eval_ret=n/a pursuer_target_distance=1.159 capture=0.159 score=0.074 pol=-0.0025 val=0.0079 ent=0.7106 tot=-0.0026 agnorm=0.262 cgnorm=0.040 kl=0.0021 clipf=0.019 ev=+0.957 r0=1.0000 entcoef=5.72e-03 lr=3.7e-04 seed=1
iter= 298 step= 956800 ep_ret=-25.360 opt_ret=-25.360 step_rew=-0.2536 opt_step=-0.2536 gap0=25.360 dret=+298.788 eval_ret=n/a pursuer_target_distance=1.194 capture=0.152 score=0.069 pol=-0.0018 val=0.0072 ent=0.6906 tot=-0.0022 agnorm=0.240 cgnorm=0.039 kl=0.0014 clipf=0.014 ev=+0.964 r0=1.0000 entcoef=5.70e-03 lr=3.7e-04 seed=1
iter= 299 step= 960000 ep_ret=-13.536 opt_ret=-13.536 step_rew=-0.1354 opt_step=-0.1354 gap0=13.536 dret=+310.612 eval_ret=n/a pursuer_target_distance=1.246 capture=0.167 score=0.074 pol=-0.0023 val=0.0069 ent=0.6993 tot=-0.0028 agnorm=0.199 cgnorm=0.033 kl=0.0019 clipf=0.020 ev=+0.965 r0=1.0000 entcoef=5.69e-03 lr=3.7e-04 seed=1
iter= 300 step= 963200 ep_ret=-78.366 opt_ret=-78.366 step_rew=-0.7837 opt_step=-0.7837 gap0=78.366 dret=+245.782 eval_ret=+64.900 pursuer_target_distance=1.388 capture=0.111 score=0.047 pol=-0.0021 val=0.0056 ent=0.6838 tot=-0.0031 agnorm=0.130 cgnorm=0.029 kl=0.0016 clipf=0.014 ev=+0.971 r0=1.0000 entcoef=5.67e-03 lr=3.7e-04 seed=1
iter= 301 step= 966400 ep_ret=-91.392 opt_ret=-91.392 step_rew=-0.9139 opt_step=-0.9139 gap0=91.392 dret=+232.756 eval_ret=n/a pursuer_target_distance=1.623 capture=0.119 score=0.045 pol=-0.0021 val=0.0056 ent=0.7215 tot=-0.0033 agnorm=0.144 cgnorm=0.027 kl=0.0017 clipf=0.016 ev=+0.971 r0=1.0000 entcoef=5.66e-03 lr=3.7e-04 seed=1
iter= 302 step= 969600 ep_ret=-4.834 opt_ret=-4.834 step_rew=-0.0483 opt_step=-0.0483 gap0=4.834 dret=+319.314 eval_ret=n/a pursuer_target_distance=1.099 capture=0.169 score=0.080 pol=-0.0024 val=0.0096 ent=0.7136 tot=-0.0016 agnorm=0.208 cgnorm=0.044 kl=0.0019 clipf=0.020 ev=+0.939 r0=1.0000 entcoef=5.64e-03 lr=3.7e-04 seed=1
iter= 303 step= 972800 ep_ret=-81.937 opt_ret=-81.937 step_rew=-0.8194 opt_step=-0.8194 gap0=81.937 dret=+242.211 eval_ret=n/a pursuer_target_distance=1.434 capture=0.131 score=0.054 pol=-0.0021 val=0.0079 ent=0.6972 tot=-0.0021 agnorm=0.234 cgnorm=0.052 kl=0.0019 clipf=0.019 ev=+0.961 r0=1.0000 entcoef=5.63e-03 lr=3.6e-04 seed=1
iter= 304 step= 976000 ep_ret=+43.192 opt_ret=+43.192 step_rew=0.4319 opt_step=0.4319 gap0=0.000 dret=+367.339 eval_ret=n/a pursuer_target_distance=1.000 capture=0.198 score=0.099 pol=-0.0021 val=0.0082 ent=0.7154 tot=-0.0020 agnorm=0.210 cgnorm=0.036 kl=0.0019 clipf=0.021 ev=+0.953 r0=1.0000 entcoef=5.62e-03 lr=3.6e-04 seed=1
iter= 305 step= 979200 ep_ret=-21.496 opt_ret=-21.496 step_rew=-0.2150 opt_step=-0.2150 gap0=21.496 dret=+302.652 eval_ret=n/a pursuer_target_distance=1.250 capture=0.158 score=0.070 pol=-0.0018 val=0.0096 ent=0.6957 tot=-0.0010 agnorm=0.168 cgnorm=0.038 kl=0.0016 clipf=0.014 ev=+0.946 r0=1.0000 entcoef=5.60e-03 lr=3.6e-04 seed=1
iter= 306 step= 982400 ep_ret=-83.755 opt_ret=-83.755 step_rew=-0.8376 opt_step=-0.8376 gap0=83.755 dret=+240.392 eval_ret=n/a pursuer_target_distance=1.649 capture=0.139 score=0.053 pol=-0.0019 val=0.0074 ent=0.7150 tot=-0.0022 agnorm=0.237 cgnorm=0.041 kl=0.0016 clipf=0.017 ev=+0.968 r0=1.0000 entcoef=5.59e-03 lr=3.6e-04 seed=1
iter= 307 step= 985600 ep_ret=-2.574 opt_ret=-2.574 step_rew=-0.0257 opt_step=-0.0257 gap0=2.574 dret=+321.574 eval_ret=n/a pursuer_target_distance=1.164 capture=0.170 score=0.079 pol=-0.0022 val=0.0086 ent=0.6831 tot=-0.0016 agnorm=0.447 cgnorm=0.052 kl=0.0020 clipf=0.020 ev=+0.956 r0=1.0000 entcoef=5.57e-03 lr=3.6e-04 seed=1
iter= 308 step= 988800 ep_ret=+78.305 opt_ret=+78.305 step_rew=0.7830 opt_step=0.7830 gap0=0.000 dret=+402.452 eval_ret=n/a pursuer_target_distance=0.965 capture=0.229 score=0.117 pol=-0.0017 val=0.0109 ent=0.7335 tot=-0.0003 agnorm=0.354 cgnorm=0.050 kl=0.0021 clipf=0.022 ev=+0.940 r0=1.0000 entcoef=5.56e-03 lr=3.6e-04 seed=1
iter= 309 step= 992000 ep_ret=-39.226 opt_ret=-39.226 step_rew=-0.3923 opt_step=-0.3923 gap0=39.226 dret=+284.922 eval_ret=n/a pursuer_target_distance=1.459 capture=0.165 score=0.067 pol=-0.0020 val=0.0090 ent=0.7068 tot=-0.0014 agnorm=0.217 cgnorm=0.041 kl=0.0022 clipf=0.022 ev=+0.960 r0=1.0000 entcoef=5.54e-03 lr=3.6e-04 seed=1
iter= 310 step= 995200 ep_ret=+16.702 opt_ret=+16.702 step_rew=0.1670 opt_step=0.1670 gap0=0.000 dret=+340.849 eval_ret=n/a pursuer_target_distance=0.970 capture=0.172 score=0.087 pol=-0.0021 val=0.0090 ent=0.7036 tot=-0.0015 agnorm=0.306 cgnorm=0.043 kl=0.0017 clipf=0.015 ev=+0.951 r0=1.0000 entcoef=5.53e-03 lr=3.6e-04 seed=1
iter= 311 step= 998400 ep_ret=-33.625 opt_ret=-33.625 step_rew=-0.3362 opt_step=-0.3362 gap0=33.625 dret=+290.523 eval_ret=n/a pursuer_target_distance=1.188 capture=0.149 score=0.068 pol=-0.0025 val=0.0075 ent=0.7153 tot=-0.0027 agnorm=0.152 cgnorm=0.051 kl=0.0022 clipf=0.025 ev=+0.961 r0=1.0000 entcoef=5.51e-03 lr=3.6e-04 seed=1
iter= 312 step=1001600 ep_ret=+42.237 opt_ret=+42.237 step_rew=0.4224 opt_step=0.4224 gap0=0.000 dret=+366.385 eval_ret=n/a pursuer_target_distance=1.070 capture=0.203 score=0.098 pol=-0.0027 val=0.0083 ent=0.6994 tot=-0.0024 agnorm=0.189 cgnorm=0.041 kl=0.0022 clipf=0.025 ev=+0.953 r0=1.0000 entcoef=5.50e-03 lr=3.6e-04 seed=1
iter= 313 step=1004800 ep_ret=+17.055 opt_ret=+17.055 step_rew=0.1705 opt_step=0.1705 gap0=0.000 dret=+341.202 eval_ret=n/a pursuer_target_distance=1.142 capture=0.184 score=0.086 pol=-0.0022 val=0.0073 ent=0.6714 tot=-0.0022 agnorm=0.179 cgnorm=0.038 kl=0.0020 clipf=0.023 ev=+0.957 r0=1.0000 entcoef=5.49e-03 lr=3.5e-04 seed=1
iter= 314 step=1008000 ep_ret=-92.573 opt_ret=-92.573 step_rew=-0.9257 opt_step=-0.9257 gap0=92.573 dret=+231.574 eval_ret=n/a pursuer_target_distance=1.198 capture=0.095 score=0.043 pol=-0.0020 val=0.0070 ent=0.6843 tot=-0.0022 agnorm=0.282 cgnorm=0.048 kl=0.0022 clipf=0.025 ev=+0.958 r0=1.0000 entcoef=5.47e-03 lr=3.5e-04 seed=1
iter= 315 step=1011200 ep_ret=-44.124 opt_ret=-44.124 step_rew=-0.4412 opt_step=-0.4412 gap0=44.124 dret=+280.024 eval_ret=n/a pursuer_target_distance=1.376 capture=0.142 score=0.060 pol=-0.0022 val=0.0062 ent=0.7011 tot=-0.0029 agnorm=0.193 cgnorm=0.035 kl=0.0019 clipf=0.017 ev=+0.967 r0=1.0000 entcoef=5.46e-03 lr=3.5e-04 seed=1
iter= 316 step=1014400 ep_ret=-45.074 opt_ret=-45.074 step_rew=-0.4507 opt_step=-0.4507 gap0=45.074 dret=+279.074 eval_ret=n/a pursuer_target_distance=1.202 capture=0.137 score=0.062 pol=-0.0020 val=0.0071 ent=0.6778 tot=-0.0021 agnorm=0.233 cgnorm=0.036 kl=0.0023 clipf=0.021 ev=+0.961 r0=1.0000 entcoef=5.44e-03 lr=3.5e-04 seed=1
iter= 317 step=1017600 ep_ret=-30.467 opt_ret=-30.467 step_rew=-0.3047 opt_step=-0.3047 gap0=30.467 dret=+293.681 eval_ret=n/a pursuer_target_distance=1.289 capture=0.146 score=0.064 pol=-0.0018 val=0.0073 ent=0.6707 tot=-0.0018 agnorm=0.153 cgnorm=0.040 kl=0.0012 clipf=0.011 ev=+0.952 r0=1.0000 entcoef=5.43e-03 lr=3.5e-04 seed=1
iter= 318 step=1020800 ep_ret=+61.954 opt_ret=+61.954 step_rew=0.6195 opt_step=0.6195 gap0=0.000 dret=+386.102 eval_ret=n/a pursuer_target_distance=0.952 capture=0.208 score=0.107 pol=-0.0025 val=0.0083 ent=0.6706 tot=-0.0020 agnorm=0.268 cgnorm=0.042 kl=0.0021 clipf=0.021 ev=+0.942 r0=1.0000 entcoef=5.41e-03 lr=3.5e-04 seed=1
iter= 319 step=1024000 ep_ret=+91.709 opt_ret=+91.709 step_rew=0.9171 opt_step=0.9171 gap0=0.000 dret=+415.857 eval_ret=n/a pursuer_target_distance=1.152 capture=0.255 score=0.119 pol=-0.0019 val=0.0093 ent=0.6791 tot=-0.0009 agnorm=0.240 cgnorm=0.044 kl=0.0022 clipf=0.020 ev=+0.947 r0=1.0000 entcoef=5.40e-03 lr=3.5e-04 seed=1
iter= 320 step=1027200 ep_ret=+91.274 opt_ret=+91.274 step_rew=0.9127 opt_step=0.9127 gap0=0.000 dret=+415.421 eval_ret=-75.050 pursuer_target_distance=1.062 capture=0.235 score=0.114 pol=-0.0024 val=0.0096 ent=0.6490 tot=-0.0011 agnorm=0.165 cgnorm=0.043 kl=0.0020 clipf=0.021 ev=+0.943 r0=1.0000 entcoef=5.38e-03 lr=3.5e-04 seed=1
iter= 321 step=1030400 ep_ret=-68.989 opt_ret=-68.989 step_rew=-0.6899 opt_step=-0.6899 gap0=68.989 dret=+255.159 eval_ret=n/a pursuer_target_distance=1.277 capture=0.111 score=0.049 pol=-0.0031 val=0.0072 ent=0.6793 tot=-0.0032 agnorm=0.177 cgnorm=0.046 kl=0.0031 clipf=0.033 ev=+0.963 r0=1.0000 entcoef=5.37e-03 lr=3.5e-04 seed=1
iter= 322 step=1033600 ep_ret=-23.942 opt_ret=-23.942 step_rew=-0.2394 opt_step=-0.2394 gap0=23.942 dret=+300.205 eval_ret=n/a pursuer_target_distance=1.029 capture=0.153 score=0.075 pol=-0.0017 val=0.0082 ent=0.6417 tot=-0.0010 agnorm=0.313 cgnorm=0.037 kl=0.0019 clipf=0.018 ev=+0.962 r0=1.0000 entcoef=5.36e-03 lr=3.4e-04 seed=1
iter= 323 step=1036800 ep_ret=+17.335 opt_ret=+17.335 step_rew=0.1733 opt_step=0.1733 gap0=0.000 dret=+341.483 eval_ret=n/a pursuer_target_distance=0.961 capture=0.168 score=0.085 pol=-0.0021 val=0.0070 ent=0.6380 tot=-0.0020 agnorm=0.201 cgnorm=0.038 kl=0.0017 clipf=0.018 ev=+0.956 r0=1.0000 entcoef=5.34e-03 lr=3.4e-04 seed=1
iter= 324 step=1040000 ep_ret=+15.127 opt_ret=+15.127 step_rew=0.1513 opt_step=0.1513 gap0=0.000 dret=+339.275 eval_ret=n/a pursuer_target_distance=0.987 capture=0.170 score=0.086 pol=-0.0021 val=0.0063 ent=0.6426 tot=-0.0024 agnorm=0.206 cgnorm=0.029 kl=0.0015 clipf=0.015 ev=+0.964 r0=1.0000 entcoef=5.33e-03 lr=3.4e-04 seed=1
iter= 325 step=1043200 ep_ret=+26.292 opt_ret=+26.292 step_rew=0.2629 opt_step=0.2629 gap0=0.000 dret=+350.440 eval_ret=n/a pursuer_target_distance=1.191 capture=0.189 score=0.086 pol=-0.0016 val=0.0106 ent=0.6777 tot=+0.0001 agnorm=0.167 cgnorm=0.044 kl=0.0016 clipf=0.014 ev=+0.933 r0=1.0000 entcoef=5.31e-03 lr=3.4e-04 seed=1
iter= 326 step=1046400 ep_ret=+11.133 opt_ret=+11.133 step_rew=0.1113 opt_step=0.1113 gap0=0.000 dret=+335.281 eval_ret=n/a pursuer_target_distance=1.012 capture=0.165 score=0.082 pol=-0.0018 val=0.0076 ent=0.6373 tot=-0.0014 agnorm=0.161 cgnorm=0.035 kl=0.0014 clipf=0.015 ev=+0.955 r0=1.0000 entcoef=5.30e-03 lr=3.4e-04 seed=1
iter= 327 step=1049600 ep_ret=+8.596 opt_ret=+8.596 step_rew=0.0860 opt_step=0.0860 gap0=0.000 dret=+332.744 eval_ret=n/a pursuer_target_distance=1.197 capture=0.186 score=0.085 pol=-0.0018 val=0.0090 ent=0.6332 tot=-0.0007 agnorm=0.154 cgnorm=0.053 kl=0.0013 clipf=0.014 ev=+0.950 r0=1.0000 entcoef=5.28e-03 lr=3.4e-04 seed=1
iter= 328 step=1052800 ep_ret=-18.676 opt_ret=-18.676 step_rew=-0.1868 opt_step=-0.1868 gap0=18.676 dret=+305.472 eval_ret=n/a pursuer_target_distance=1.080 capture=0.149 score=0.072 pol=-0.0019 val=0.0081 ent=0.5987 tot=-0.0010 agnorm=0.227 cgnorm=0.043 kl=0.0016 clipf=0.018 ev=+0.951 r0=1.0000 entcoef=5.27e-03 lr=3.4e-04 seed=1
iter= 329 step=1056000 ep_ret=+46.758 opt_ret=+46.758 step_rew=0.4676 opt_step=0.4676 gap0=0.000 dret=+370.906 eval_ret=n/a pursuer_target_distance=1.031 capture=0.209 score=0.103 pol=-0.0018 val=0.0106 ent=0.6370 tot=+0.0002 agnorm=0.347 cgnorm=0.042 kl=0.0019 clipf=0.018 ev=+0.932 r0=1.0000 entcoef=5.25e-03 lr=3.4e-04 seed=1
iter= 330 step=1059200 ep_ret=+63.117 opt_ret=+63.117 step_rew=0.6312 opt_step=0.6312 gap0=0.000 dret=+387.264 eval_ret=n/a pursuer_target_distance=0.962 capture=0.211 score=0.108 pol=-0.0022 val=0.0103 ent=0.6663 tot=-0.0005 agnorm=0.267 cgnorm=0.042 kl=0.0021 clipf=0.021 ev=+0.935 r0=1.0000 entcoef=5.24e-03 lr=3.4e-04 seed=1
iter= 331 step=1062400 ep_ret=-8.886 opt_ret=-8.886 step_rew=-0.0889 opt_step=-0.0889 gap0=8.886 dret=+315.262 eval_ret=n/a pursuer_target_distance=1.194 capture=0.167 score=0.076 pol=-0.0022 val=0.0058 ent=0.6330 tot=-0.0026 agnorm=0.147 cgnorm=0.030 kl=0.0025 clipf=0.027 ev=+0.968 r0=1.0000 entcoef=5.23e-03 lr=3.3e-04 seed=1
iter= 332 step=1065600 ep_ret=+109.727 opt_ret=+109.727 step_rew=1.0973 opt_step=1.0973 gap0=0.000 dret=+433.874 eval_ret=n/a pursuer_target_distance=1.057 capture=0.249 score=0.121 pol=-0.0018 val=0.0114 ent=0.6308 tot=+0.0006 agnorm=0.319 cgnorm=0.044 kl=0.0021 clipf=0.025 ev=+0.935 r0=1.0000 entcoef=5.21e-03 lr=3.3e-04 seed=1
iter= 333 step=1068800 ep_ret=+61.492 opt_ret=+61.492 step_rew=0.6149 opt_step=0.6149 gap0=0.000 dret=+385.640 eval_ret=n/a pursuer_target_distance=0.932 capture=0.214 score=0.111 pol=-0.0026 val=0.0095 ent=0.6602 tot=-0.0013 agnorm=0.198 cgnorm=0.041 kl=0.0023 clipf=0.024 ev=+0.943 r0=1.0000 entcoef=5.20e-03 lr=3.3e-04 seed=1
iter= 334 step=1072000 ep_ret=-35.421 opt_ret=-35.421 step_rew=-0.3542 opt_step=-0.3542 gap0=35.421 dret=+288.727 eval_ret=n/a pursuer_target_distance=1.001 capture=0.133 score=0.066 pol=-0.0021 val=0.0077 ent=0.5999 tot=-0.0014 agnorm=0.158 cgnorm=0.043 kl=0.0022 clipf=0.020 ev=+0.952 r0=1.0000 entcoef=5.18e-03 lr=3.3e-04 seed=1
iter= 335 step=1075200 ep_ret=-122.115 opt_ret=-122.115 step_rew=-1.2211 opt_step=-1.2211 gap0=122.115 dret=+202.033 eval_ret=n/a pursuer_target_distance=1.609 capture=0.091 score=0.035 pol=-0.0017 val=0.0060 ent=0.5806 tot=-0.0017 agnorm=0.206 cgnorm=0.038 kl=0.0013 clipf=0.012 ev=+0.967 r0=1.0000 entcoef=5.17e-03 lr=3.3e-04 seed=1
iter= 336 step=1078400 ep_ret=-43.095 opt_ret=-43.095 step_rew=-0.4309 opt_step=-0.4309 gap0=43.095 dret=+281.053 eval_ret=n/a pursuer_target_distance=1.012 capture=0.137 score=0.068 pol=-0.0020 val=0.0066 ent=0.6178 tot=-0.0019 agnorm=0.136 cgnorm=0.032 kl=0.0013 clipf=0.013 ev=+0.961 r0=1.0000 entcoef=5.15e-03 lr=3.3e-04 seed=1
iter= 337 step=1081600 ep_ret=+34.661 opt_ret=+34.661 step_rew=0.3466 opt_step=0.3466 gap0=0.000 dret=+358.808 eval_ret=n/a pursuer_target_distance=1.201 capture=0.199 score=0.091 pol=-0.0020 val=0.0075 ent=0.6277 tot=-0.0015 agnorm=0.192 cgnorm=0.034 kl=0.0016 clipf=0.017 ev=+0.953 r0=1.0000 entcoef=5.14e-03 lr=3.3e-04 seed=1
iter= 338 step=1084800 ep_ret=-17.795 opt_ret=-17.795 step_rew=-0.1779 opt_step=-0.1779 gap0=17.795 dret=+306.353 eval_ret=n/a pursuer_target_distance=0.985 capture=0.146 score=0.073 pol=-0.0023 val=0.0074 ent=0.5718 tot=-0.0015 agnorm=0.312 cgnorm=0.038 kl=0.0022 clipf=0.025 ev=+0.952 r0=1.0000 entcoef=5.13e-03 lr=3.3e-04 seed=1
iter= 339 step=1088000 ep_ret=-32.099 opt_ret=-32.099 step_rew=-0.3210 opt_step=-0.3210 gap0=32.099 dret=+292.048 eval_ret=n/a pursuer_target_distance=0.897 capture=0.144 score=0.076 pol=-0.0019 val=0.0055 ent=0.5949 tot=-0.0022 agnorm=0.164 cgnorm=0.026 kl=0.0010 clipf=0.010 ev=+0.964 r0=1.0000 entcoef=5.11e-03 lr=3.3e-04 seed=1
iter= 340 step=1091200 ep_ret=-40.953 opt_ret=-40.953 step_rew=-0.4095 opt_step=-0.4095 gap0=40.953 dret=+283.194 eval_ret=-72.863 pursuer_target_distance=1.294 capture=0.145 score=0.063 pol=-0.0017 val=0.0065 ent=0.5833 tot=-0.0014 agnorm=0.280 cgnorm=0.033 kl=0.0015 clipf=0.013 ev=+0.959 r0=1.0000 entcoef=5.10e-03 lr=3.2e-04 seed=1
iter= 341 step=1094400 ep_ret=+76.089 opt_ret=+76.089 step_rew=0.7609 opt_step=0.7609 gap0=0.000 dret=+400.237 eval_ret=n/a pursuer_target_distance=1.123 capture=0.232 score=0.109 pol=-0.0017 val=0.0101 ent=0.5750 tot=+0.0005 agnorm=0.244 cgnorm=0.037 kl=0.0013 clipf=0.015 ev=+0.939 r0=1.0000 entcoef=5.08e-03 lr=3.2e-04 seed=1
iter= 342 step=1097600 ep_ret=+25.089 opt_ret=+25.089 step_rew=0.2509 opt_step=0.2509 gap0=0.000 dret=+349.237 eval_ret=n/a pursuer_target_distance=1.086 capture=0.184 score=0.088 pol=-0.0022 val=0.0064 ent=0.6028 tot=-0.0020 agnorm=0.262 cgnorm=0.034 kl=0.0013 clipf=0.012 ev=+0.956 r0=1.0000 entcoef=5.07e-03 lr=3.2e-04 seed=1
iter= 343 step=1100800 ep_ret=-6.518 opt_ret=-6.518 step_rew=-0.0652 opt_step=-0.0652 gap0=6.518 dret=+317.630 eval_ret=n/a pursuer_target_distance=1.002 capture=0.166 score=0.083 pol=-0.0020 val=0.0072 ent=0.5695 tot=-0.0013 agnorm=0.223 cgnorm=0.029 kl=0.0016 clipf=0.018 ev=+0.962 r0=1.0000 entcoef=5.05e-03 lr=3.2e-04 seed=1
iter= 344 step=1104000 ep_ret=-16.112 opt_ret=-16.112 step_rew=-0.1611 opt_step=-0.1611 gap0=16.112 dret=+308.036 eval_ret=n/a pursuer_target_distance=1.144 capture=0.166 score=0.077 pol=-0.0014 val=0.0069 ent=0.5981 tot=-0.0010 agnorm=0.677 cgnorm=0.032 kl=0.0023 clipf=0.020 ev=+0.959 r0=1.0000 entcoef=5.04e-03 lr=3.2e-04 seed=1
iter= 345 step=1107200 ep_ret=-41.526 opt_ret=-41.526 step_rew=-0.4153 opt_step=-0.4153 gap0=41.526 dret=+282.622 eval_ret=n/a pursuer_target_distance=1.121 capture=0.130 score=0.061 pol=-0.0022 val=0.0050 ent=0.6088 tot=-0.0028 agnorm=0.206 cgnorm=0.027 kl=0.0026 clipf=0.023 ev=+0.971 r0=1.0000 entcoef=5.02e-03 lr=3.2e-04 seed=1
iter= 346 step=1110400 ep_ret=+56.261 opt_ret=+56.261 step_rew=0.5626 opt_step=0.5626 gap0=0.000 dret=+380.409 eval_ret=n/a pursuer_target_distance=1.198 capture=0.218 score=0.099 pol=-0.0014 val=0.0105 ent=0.5873 tot=+0.0009 agnorm=0.541 cgnorm=0.045 kl=0.0022 clipf=0.022 ev=+0.928 r0=1.0000 entcoef=5.01e-03 lr=3.2e-04 seed=1
iter= 347 step=1113600 ep_ret=+73.599 opt_ret=+73.599 step_rew=0.7360 opt_step=0.7360 gap0=0.000 dret=+397.746 eval_ret=n/a pursuer_target_distance=1.129 capture=0.230 score=0.108 pol=-0.0022 val=0.0095 ent=0.6394 tot=-0.0007 agnorm=0.226 cgnorm=0.049 kl=0.0028 clipf=0.031 ev=+0.935 r0=1.0000 entcoef=5.00e-03 lr=3.2e-04 seed=1
iter= 348 step=1116800 ep_ret=-49.181 opt_ret=-49.181 step_rew=-0.4918 opt_step=-0.4918 gap0=49.181 dret=+274.967 eval_ret=n/a pursuer_target_distance=1.551 capture=0.170 score=0.067 pol=-0.0017 val=0.0049 ent=0.5725 tot=-0.0021 agnorm=0.201 cgnorm=0.030 kl=0.0021 clipf=0.021 ev=+0.977 r0=1.0000 entcoef=4.98e-03 lr=3.2e-04 seed=1
iter= 349 step=1120000 ep_ret=-9.970 opt_ret=-9.970 step_rew=-0.0997 opt_step=-0.0997 gap0=9.970 dret=+314.178 eval_ret=n/a pursuer_target_distance=1.088 capture=0.160 score=0.076 pol=-0.0019 val=0.0052 ent=0.5893 tot=-0.0022 agnorm=0.171 cgnorm=0.031 kl=0.0012 clipf=0.011 ev=+0.967 r0=1.0000 entcoef=4.97e-03 lr=3.1e-04 seed=1
iter= 350 step=1123200 ep_ret=+27.448 opt_ret=+27.448 step_rew=0.2745 opt_step=0.2745 gap0=0.000 dret=+351.596 eval_ret=n/a pursuer_target_distance=0.848 capture=0.170 score=0.092 pol=-0.0023 val=0.0071 ent=0.6171 tot=-0.0019 agnorm=0.182 cgnorm=0.034 kl=0.0015 clipf=0.014 ev=+0.957 r0=1.0000 entcoef=4.95e-03 lr=3.1e-04 seed=1
iter= 351 step=1126400 ep_ret=-42.231 opt_ret=-42.231 step_rew=-0.4223 opt_step=-0.4223 gap0=42.231 dret=+281.916 eval_ret=n/a pursuer_target_distance=1.134 capture=0.133 score=0.062 pol=-0.0019 val=0.0055 ent=0.6079 tot=-0.0022 agnorm=0.174 cgnorm=0.036 kl=0.0013 clipf=0.013 ev=+0.970 r0=1.0000 entcoef=4.94e-03 lr=3.1e-04 seed=1
iter= 352 step=1129600 ep_ret=-76.739 opt_ret=-76.739 step_rew=-0.7674 opt_step=-0.7674 gap0=76.739 dret=+247.409 eval_ret=n/a pursuer_target_distance=1.078 capture=0.103 score=0.049 pol=-0.0022 val=0.0057 ent=0.6103 tot=-0.0023 agnorm=0.225 cgnorm=0.033 kl=0.0018 clipf=0.018 ev=+0.963 r0=1.0000 entcoef=4.92e-03 lr=3.1e-04 seed=1
iter= 353 step=1132800 ep_ret=+52.536 opt_ret=+52.536 step_rew=0.5254 opt_step=0.5254 gap0=0.000 dret=+376.684 eval_ret=n/a pursuer_target_distance=0.953 capture=0.200 score=0.103 pol=-0.0019 val=0.0070 ent=0.6254 tot=-0.0015 agnorm=0.182 cgnorm=0.031 kl=0.0014 clipf=0.013 ev=+0.962 r0=1.0000 entcoef=4.91e-03 lr=3.1e-04 seed=1
iter= 354 step=1136000 ep_ret=-46.761 opt_ret=-46.761 step_rew=-0.4676 opt_step=-0.4676 gap0=46.761 dret=+277.387 eval_ret=n/a pursuer_target_distance=1.376 capture=0.157 score=0.066 pol=-0.0018 val=0.0077 ent=0.5979 tot=-0.0009 agnorm=0.230 cgnorm=0.040 kl=0.0020 clipf=0.022 ev=+0.951 r0=1.0000 entcoef=4.89e-03 lr=3.1e-04 seed=1
iter= 355 step=1139200 ep_ret=+11.849 opt_ret=+11.849 step_rew=0.1185 opt_step=0.1185 gap0=0.000 dret=+335.997 eval_ret=n/a pursuer_target_distance=1.104 capture=0.178 score=0.085 pol=-0.0024 val=0.0077 ent=0.5830 tot=-0.0014 agnorm=0.189 cgnorm=0.050 kl=0.0016 clipf=0.016 ev=+0.958 r0=1.0000 entcoef=4.88e-03 lr=3.1e-04 seed=1
iter= 356 step=1142400 ep_ret=+50.728 opt_ret=+50.728 step_rew=0.5073 opt_step=0.5073 gap0=0.000 dret=+374.876 eval_ret=n/a pursuer_target_distance=0.900 capture=0.193 score=0.101 pol=-0.0019 val=0.0087 ent=0.5878 tot=-0.0004 agnorm=0.211 cgnorm=0.049 kl=0.0021 clipf=0.024 ev=+0.932 r0=1.0000 entcoef=4.87e-03 lr=3.1e-04 seed=1
iter= 357 step=1145600 ep_ret=+1.196 opt_ret=+1.196 step_rew=0.0120 opt_step=0.0120 gap0=0.000 dret=+325.344 eval_ret=n/a pursuer_target_distance=1.063 capture=0.166 score=0.080 pol=-0.0021 val=0.0057 ent=0.5835 tot=-0.0021 agnorm=0.175 cgnorm=0.038 kl=0.0011 clipf=0.012 ev=+0.975 r0=1.0000 entcoef=4.85e-03 lr=3.1e-04 seed=1
iter= 358 step=1148800 ep_ret=-27.216 opt_ret=-27.216 step_rew=-0.2722 opt_step=-0.2722 gap0=27.216 dret=+296.932 eval_ret=n/a pursuer_target_distance=1.414 capture=0.164 score=0.068 pol=-0.0019 val=0.0071 ent=0.5499 tot=-0.0010 agnorm=0.189 cgnorm=0.033 kl=0.0016 clipf=0.017 ev=+0.957 r0=1.0000 entcoef=4.84e-03 lr=3.0e-04 seed=1
iter= 359 step=1152000 ep_ret=-34.279 opt_ret=-34.279 step_rew=-0.3428 opt_step=-0.3428 gap0=34.279 dret=+289.869 eval_ret=n/a pursuer_target_distance=1.181 capture=0.140 score=0.064 pol=-0.0015 val=0.0048 ent=0.6048 tot=-0.0020 agnorm=0.127 cgnorm=0.024 kl=0.0009 clipf=0.007 ev=+0.973 r0=1.0000 entcoef=4.82e-03 lr=3.0e-04 seed=1
iter= 360 step=1155200 ep_ret=-18.671 opt_ret=-18.671 step_rew=-0.1867 opt_step=-0.1867 gap0=18.671 dret=+305.476 eval_ret=-135.852 pursuer_target_distance=1.113 capture=0.149 score=0.070 pol=-0.0018 val=0.0082 ent=0.6078 tot=-0.0007 agnorm=0.184 cgnorm=0.051 kl=0.0016 clipf=0.014 ev=+0.953 r0=1.0000 entcoef=4.81e-03 lr=3.0e-04 seed=1
iter= 361 step=1158400 ep_ret=-55.050 opt_ret=-55.050 step_rew=-0.5505 opt_step=-0.5505 gap0=55.050 dret=+269.098 eval_ret=n/a pursuer_target_distance=1.295 capture=0.122 score=0.053 pol=-0.0021 val=0.0049 ent=0.6067 tot=-0.0025 agnorm=0.152 cgnorm=0.022 kl=0.0010 clipf=0.009 ev=+0.970 r0=1.0000 entcoef=4.79e-03 lr=3.0e-04 seed=1
iter= 362 step=1161600 ep_ret=+34.708 opt_ret=+34.708 step_rew=0.3471 opt_step=0.3471 gap0=0.000 dret=+358.856 eval_ret=n/a pursuer_target_distance=0.751 capture=0.166 score=0.095 pol=-0.0016 val=0.0063 ent=0.6151 tot=-0.0014 agnorm=0.153 cgnorm=0.040 kl=0.0018 clipf=0.017 ev=+0.953 r0=1.0000 entcoef=4.78e-03 lr=3.0e-04 seed=1
iter= 363 step=1164800 ep_ret=-18.002 opt_ret=-18.002 step_rew=-0.1800 opt_step=-0.1800 gap0=18.002 dret=+306.146 eval_ret=n/a pursuer_target_distance=1.309 capture=0.164 score=0.071 pol=-0.0021 val=0.0066 ent=0.5652 tot=-0.0015 agnorm=0.144 cgnorm=0.031 kl=0.0019 clipf=0.019 ev=+0.965 r0=1.0000 entcoef=4.76e-03 lr=3.0e-04 seed=1
iter= 364 step=1168000 ep_ret=+19.898 opt_ret=+19.898 step_rew=0.1990 opt_step=0.1990 gap0=0.000 dret=+344.045 eval_ret=n/a pursuer_target_distance=1.232 capture=0.190 score=0.085 pol=-0.0020 val=0.0079 ent=0.5968 tot=-0.0009 agnorm=0.151 cgnorm=0.029 kl=0.0019 clipf=0.022 ev=+0.954 r0=1.0000 entcoef=4.75e-03 lr=3.0e-04 seed=1
iter= 365 step=1171200 ep_ret=-70.208 opt_ret=-70.208 step_rew=-0.7021 opt_step=-0.7021 gap0=70.208 dret=+253.940 eval_ret=n/a pursuer_target_distance=1.611 capture=0.143 score=0.055 pol=-0.0016 val=0.0064 ent=0.5715 tot=-0.0010 agnorm=0.129 cgnorm=0.032 kl=0.0009 clipf=0.009 ev=+0.969 r0=1.0000 entcoef=4.74e-03 lr=3.0e-04 seed=1
iter= 366 step=1174400 ep_ret=+7.546 opt_ret=+7.546 step_rew=0.0755 opt_step=0.0755 gap0=0.000 dret=+331.693 eval_ret=n/a pursuer_target_distance=1.041 capture=0.175 score=0.086 pol=-0.0023 val=0.0074 ent=0.5893 tot=-0.0014 agnorm=0.182 cgnorm=0.038 kl=0.0017 clipf=0.018 ev=+0.952 r0=1.0000 entcoef=4.72e-03 lr=3.0e-04 seed=1
iter= 367 step=1177600 ep_ret=+2.631 opt_ret=+2.631 step_rew=0.0263 opt_step=0.0263 gap0=0.000 dret=+326.778 eval_ret=n/a pursuer_target_distance=1.292 capture=0.198 score=0.087 pol=-0.0020 val=0.0099 ent=0.5538 tot=+0.0003 agnorm=0.146 cgnorm=0.046 kl=0.0018 clipf=0.018 ev=+0.952 r0=1.0000 entcoef=4.71e-03 lr=2.9e-04 seed=1
iter= 368 step=1180800 ep_ret=-10.860 opt_ret=-10.860 step_rew=-0.1086 opt_step=-0.1086 gap0=10.860 dret=+313.288 eval_ret=n/a pursuer_target_distance=1.210 capture=0.166 score=0.075 pol=-0.0017 val=0.0053 ent=0.5779 tot=-0.0018 agnorm=0.127 cgnorm=0.026 kl=0.0019 clipf=0.021 ev=+0.973 r0=1.0000 entcoef=4.69e-03 lr=2.9e-04 seed=1
iter= 369 step=1184000 ep_ret=-5.664 opt_ret=-5.664 step_rew=-0.0566 opt_step=-0.0566 gap0=5.664 dret=+318.484 eval_ret=n/a pursuer_target_distance=1.298 capture=0.172 score=0.075 pol=-0.0015 val=0.0065 ent=0.5904 tot=-0.0010 agnorm=0.178 cgnorm=0.034 kl=0.0011 clipf=0.009 ev=+0.965 r0=1.0000 entcoef=4.68e-03 lr=2.9e-04 seed=1
iter= 370 step=1187200 ep_ret=-34.929 opt_ret=-34.929 step_rew=-0.3493 opt_step=-0.3493 gap0=34.929 dret=+289.219 eval_ret=n/a pursuer_target_distance=1.245 capture=0.154 score=0.069 pol=-0.0018 val=0.0066 ent=0.6041 tot=-0.0013 agnorm=0.114 cgnorm=0.030 kl=0.0019 clipf=0.019 ev=+0.961 r0=1.0000 entcoef=4.66e-03 lr=2.9e-04 seed=1
iter= 371 step=1190400 ep_ret=+84.329 opt_ret=+84.329 step_rew=0.8433 opt_step=0.8433 gap0=0.000 dret=+408.477 eval_ret=n/a pursuer_target_distance=1.019 capture=0.248 score=0.123 pol=-0.0020 val=0.0078 ent=0.5978 tot=-0.0009 agnorm=0.208 cgnorm=0.047 kl=0.0015 clipf=0.014 ev=+0.959 r0=1.0000 entcoef=4.65e-03 lr=2.9e-04 seed=1
iter= 372 step=1193600 ep_ret=-10.986 opt_ret=-10.986 step_rew=-0.1099 opt_step=-0.1099 gap0=10.986 dret=+313.161 eval_ret=n/a pursuer_target_distance=1.057 capture=0.156 score=0.076 pol=-0.0021 val=0.0063 ent=0.5935 tot=-0.0017 agnorm=0.265 cgnorm=0.034 kl=0.0018 clipf=0.018 ev=+0.964 r0=1.0000 entcoef=4.63e-03 lr=2.9e-04 seed=1
iter= 373 step=1196800 ep_ret=-37.105 opt_ret=-37.105 step_rew=-0.3711 opt_step=-0.3711 gap0=37.105 dret=+287.043 eval_ret=n/a pursuer_target_distance=1.190 capture=0.135 score=0.062 pol=-0.0018 val=0.0059 ent=0.5902 tot=-0.0016 agnorm=0.198 cgnorm=0.025 kl=0.0016 clipf=0.015 ev=+0.963 r0=1.0000 entcoef=4.62e-03 lr=2.9e-04 seed=1
iter= 374 step=1200000 ep_ret=-50.386 opt_ret=-50.386 step_rew=-0.5039 opt_step=-0.5039 gap0=50.386 dret=+273.761 eval_ret=n/a pursuer_target_distance=1.198 capture=0.128 score=0.058 pol=-0.0018 val=0.0065 ent=0.5836 tot=-0.0012 agnorm=0.196 cgnorm=0.041 kl=0.0019 clipf=0.018 ev=+0.961 r0=1.0000 entcoef=4.61e-03 lr=2.9e-04 seed=1
iter= 375 step=1203200 ep_ret=+72.771 opt_ret=+72.771 step_rew=0.7277 opt_step=0.7277 gap0=0.000 dret=+396.918 eval_ret=n/a pursuer_target_distance=0.953 capture=0.212 score=0.109 pol=-0.0025 val=0.0069 ent=0.5587 tot=-0.0016 agnorm=0.204 cgnorm=0.036 kl=0.0020 clipf=0.018 ev=+0.957 r0=1.0000 entcoef=4.59e-03 lr=2.9e-04 seed=1
iter= 376 step=1206400 ep_ret=-77.190 opt_ret=-77.190 step_rew=-0.7719 opt_step=-0.7719 gap0=77.190 dret=+246.958 eval_ret=n/a pursuer_target_distance=1.124 capture=0.110 score=0.052 pol=-0.0020 val=0.0044 ent=0.5336 tot=-0.0023 agnorm=0.184 cgnorm=0.024 kl=0.0017 clipf=0.016 ev=+0.977 r0=1.0000 entcoef=4.58e-03 lr=2.8e-04 seed=1
iter= 377 step=1209600 ep_ret=-22.797 opt_ret=-22.797 step_rew=-0.2280 opt_step=-0.2280 gap0=22.797 dret=+301.351 eval_ret=n/a pursuer_target_distance=0.982 capture=0.146 score=0.074 pol=-0.0018 val=0.0052 ent=0.5849 tot=-0.0019 agnorm=0.161 cgnorm=0.024 kl=0.0018 clipf=0.017 ev=+0.968 r0=1.0000 entcoef=4.56e-03 lr=2.8e-04 seed=1
iter= 378 step=1212800 ep_ret=+84.787 opt_ret=+84.787 step_rew=0.8479 opt_step=0.8479 gap0=0.000 dret=+408.935 eval_ret=n/a pursuer_target_distance=0.979 capture=0.233 score=0.118 pol=-0.0018 val=0.0086 ent=0.5736 tot=-0.0001 agnorm=0.273 cgnorm=0.036 kl=0.0015 clipf=0.014 ev=+0.953 r0=1.0000 entcoef=4.55e-03 lr=2.8e-04 seed=1
iter= 379 step=1216000 ep_ret=+48.828 opt_ret=+48.828 step_rew=0.4883 opt_step=0.4883 gap0=0.000 dret=+372.976 eval_ret=n/a pursuer_target_distance=0.884 capture=0.193 score=0.103 pol=-0.0019 val=0.0071 ent=0.5545 tot=-0.0008 agnorm=0.175 cgnorm=0.043 kl=0.0014 clipf=0.014 ev=+0.951 r0=1.0000 entcoef=4.53e-03 lr=2.8e-04 seed=1
iter= 380 step=1219200 ep_ret=-11.882 opt_ret=-11.882 step_rew=-0.1188 opt_step=-0.1188 gap0=11.882 dret=+312.265 eval_ret=-82.373 pursuer_target_distance=1.195 capture=0.168 score=0.077 pol=-0.0019 val=0.0050 ent=0.5708 tot=-0.0020 agnorm=0.138 cgnorm=0.027 kl=0.0017 clipf=0.018 ev=+0.977 r0=1.0000 entcoef=4.52e-03 lr=2.8e-04 seed=1
iter= 381 step=1222400 ep_ret=+7.315 opt_ret=+7.315 step_rew=0.0732 opt_step=0.0732 gap0=0.000 dret=+331.463 eval_ret=n/a pursuer_target_distance=1.137 capture=0.170 score=0.080 pol=-0.0019 val=0.0055 ent=0.5282 tot=-0.0016 agnorm=0.145 cgnorm=0.038 kl=0.0020 clipf=0.020 ev=+0.963 r0=1.0000 entcoef=4.50e-03 lr=2.8e-04 seed=1
iter= 382 step=1225600 ep_ret=+38.064 opt_ret=+38.064 step_rew=0.3806 opt_step=0.3806 gap0=0.000 dret=+362.211 eval_ret=n/a pursuer_target_distance=1.071 capture=0.199 score=0.096 pol=-0.0018 val=0.0067 ent=0.5364 tot=-0.0009 agnorm=0.210 cgnorm=0.035 kl=0.0014 clipf=0.015 ev=+0.959 r0=1.0000 entcoef=4.49e-03 lr=2.8e-04 seed=1
iter= 383 step=1228800 ep_ret=+11.090 opt_ret=+11.090 step_rew=0.1109 opt_step=0.1109 gap0=0.000 dret=+335.237 eval_ret=n/a pursuer_target_distance=1.076 capture=0.170 score=0.082 pol=-0.0020 val=0.0079 ent=0.5733 tot=-0.0006 agnorm=0.275 cgnorm=0.037 kl=0.0017 clipf=0.017 ev=+0.956 r0=1.0000 entcoef=4.48e-03 lr=2.8e-04 seed=1
iter= 384 step=1232000 ep_ret=-60.921 opt_ret=-60.921 step_rew=-0.6092 opt_step=-0.6092 gap0=60.921 dret=+263.227 eval_ret=n/a pursuer_target_distance=1.143 capture=0.116 score=0.054 pol=-0.0018 val=0.0050 ent=0.5360 tot=-0.0017 agnorm=0.197 cgnorm=0.028 kl=0.0014 clipf=0.014 ev=+0.971 r0=1.0000 entcoef=4.46e-03 lr=2.8e-04 seed=1
iter= 385 step=1235200 ep_ret=-51.636 opt_ret=-51.636 step_rew=-0.5164 opt_step=-0.5164 gap0=51.636 dret=+272.511 eval_ret=n/a pursuer_target_distance=1.292 capture=0.137 score=0.060 pol=-0.0016 val=0.0050 ent=0.5791 tot=-0.0017 agnorm=0.219 cgnorm=0.043 kl=0.0017 clipf=0.017 ev=+0.973 r0=1.0000 entcoef=4.45e-03 lr=2.7e-04 seed=1
iter= 386 step=1238400 ep_ret=+1.682 opt_ret=+1.682 step_rew=0.0168 opt_step=0.0168 gap0=0.000 dret=+325.830 eval_ret=n/a pursuer_target_distance=1.075 capture=0.161 score=0.078 pol=-0.0021 val=0.0065 ent=0.5707 tot=-0.0014 agnorm=0.168 cgnorm=0.042 kl=0.0013 clipf=0.015 ev=+0.962 r0=1.0000 entcoef=4.43e-03 lr=2.7e-04 seed=1
iter= 387 step=1241600 ep_ret=-124.678 opt_ret=-124.678 step_rew=-1.2468 opt_step=-1.2468 gap0=124.678 dret=+199.470 eval_ret=n/a pursuer_target_distance=1.596 capture=0.093 score=0.036 pol=-0.0018 val=0.0060 ent=0.5363 tot=-0.0012 agnorm=0.165 cgnorm=0.030 kl=0.0016 clipf=0.013 ev=+0.975 r0=1.0000 entcoef=4.42e-03 lr=2.7e-04 seed=1
iter= 388 step=1244800 ep_ret=-9.069 opt_ret=-9.069 step_rew=-0.0907 opt_step=-0.0907 gap0=9.069 dret=+315.078 eval_ret=n/a pursuer_target_distance=1.071 capture=0.156 score=0.075 pol=-0.0017 val=0.0083 ent=0.6008 tot=-0.0001 agnorm=0.162 cgnorm=0.040 kl=0.0016 clipf=0.015 ev=+0.948 r0=1.0000 entcoef=4.40e-03 lr=2.7e-04 seed=1
iter= 389 step=1248000 ep_ret=-61.060 opt_ret=-61.060 step_rew=-0.6106 opt_step=-0.6106 gap0=61.060 dret=+263.088 eval_ret=n/a pursuer_target_distance=1.181 capture=0.114 score=0.052 pol=-0.0020 val=0.0057 ent=0.5608 tot=-0.0016 agnorm=0.162 cgnorm=0.029 kl=0.0016 clipf=0.017 ev=+0.963 r0=1.0000 entcoef=4.39e-03 lr=2.7e-04 seed=1
iter= 390 step=1251200 ep_ret=-9.024 opt_ret=-9.024 step_rew=-0.0902 opt_step=-0.0902 gap0=9.024 dret=+315.124 eval_ret=n/a pursuer_target_distance=1.094 capture=0.162 score=0.077 pol=-0.0018 val=0.0063 ent=0.5751 tot=-0.0012 agnorm=0.215 cgnorm=0.036 kl=0.0020 clipf=0.018 ev=+0.958 r0=1.0000 entcoef=4.37e-03 lr=2.7e-04 seed=1
iter= 391 step=1254400 ep_ret=-48.450 opt_ret=-48.450 step_rew=-0.4845 opt_step=-0.4845 gap0=48.450 dret=+275.698 eval_ret=n/a pursuer_target_distance=1.403 capture=0.137 score=0.057 pol=-0.0015 val=0.0066 ent=0.5758 tot=-0.0007 agnorm=0.314 cgnorm=0.028 kl=0.0011 clipf=0.010 ev=+0.960 r0=1.0000 entcoef=4.36e-03 lr=2.7e-04 seed=1
iter= 392 step=1257600 ep_ret=-72.106 opt_ret=-72.106 step_rew=-0.7211 opt_step=-0.7211 gap0=72.106 dret=+252.042 eval_ret=n/a pursuer_target_distance=1.137 capture=0.110 score=0.052 pol=-0.0015 val=0.0053 ent=0.5459 tot=-0.0012 agnorm=0.158 cgnorm=0.040 kl=0.0021 clipf=0.021 ev=+0.962 r0=1.0000 entcoef=4.35e-03 lr=2.7e-04 seed=1
iter= 393 step=1260800 ep_ret=-13.223 opt_ret=-13.223 step_rew=-0.1322 opt_step=-0.1322 gap0=13.223 dret=+310.925 eval_ret=n/a pursuer_target_distance=1.112 capture=0.155 score=0.073 pol=-0.0018 val=0.0074 ent=0.5587 tot=-0.0005 agnorm=0.177 cgnorm=0.042 kl=0.0015 clipf=0.014 ev=+0.949 r0=1.0000 entcoef=4.33e-03 lr=2.7e-04 seed=1
iter= 394 step=1264000 ep_ret=-40.843 opt_ret=-40.843 step_rew=-0.4084 opt_step=-0.4084 gap0=40.843 dret=+283.305 eval_ret=n/a pursuer_target_distance=1.272 capture=0.143 score=0.063 pol=-0.0017 val=0.0048 ent=0.5635 tot=-0.0018 agnorm=0.203 cgnorm=0.026 kl=0.0017 clipf=0.017 ev=+0.973 r0=1.0000 entcoef=4.32e-03 lr=2.6e-04 seed=1
iter= 395 step=1267200 ep_ret=+36.017 opt_ret=+36.017 step_rew=0.3602 opt_step=0.3602 gap0=0.000 dret=+360.164 eval_ret=n/a pursuer_target_distance=0.905 capture=0.180 score=0.094 pol=-0.0025 val=0.0057 ent=0.5812 tot=-0.0022 agnorm=0.248 cgnorm=0.026 kl=0.0021 clipf=0.023 ev=+0.963 r0=1.0000 entcoef=4.30e-03 lr=2.6e-04 seed=1
iter= 396 step=1270400 ep_ret=-46.879 opt_ret=-46.879 step_rew=-0.4688 opt_step=-0.4688 gap0=46.879 dret=+277.269 eval_ret=n/a pursuer_target_distance=1.531 capture=0.150 score=0.059 pol=-0.0020 val=0.0058 ent=0.5667 tot=-0.0015 agnorm=0.190 cgnorm=0.036 kl=0.0018 clipf=0.018 ev=+0.969 r0=1.0000 entcoef=4.29e-03 lr=2.6e-04 seed=1
iter= 397 step=1273600 ep_ret=-17.235 opt_ret=-17.235 step_rew=-0.1724 opt_step=-0.1724 gap0=17.235 dret=+306.913 eval_ret=n/a pursuer_target_distance=1.085 capture=0.144 score=0.069 pol=-0.0022 val=0.0053 ent=0.5188 tot=-0.0018 agnorm=0.242 cgnorm=0.033 kl=0.0015 clipf=0.017 ev=+0.964 r0=1.0000 entcoef=4.27e-03 lr=2.6e-04 seed=1
iter= 398 step=1276800 ep_ret=-27.921 opt_ret=-27.921 step_rew=-0.2792 opt_step=-0.2792 gap0=27.921 dret=+296.227 eval_ret=n/a pursuer_target_distance=1.271 capture=0.158 score=0.070 pol=-0.0023 val=0.0047 ent=0.5717 tot=-0.0023 agnorm=0.139 cgnorm=0.025 kl=0.0019 clipf=0.021 ev=+0.974 r0=1.0000 entcoef=4.26e-03 lr=2.6e-04 seed=1
iter= 399 step=1280000 ep_ret=+47.058 opt_ret=+47.058 step_rew=0.4706 opt_step=0.4706 gap0=0.000 dret=+371.206 eval_ret=n/a pursuer_target_distance=0.921 capture=0.192 score=0.100 pol=-0.0018 val=0.0060 ent=0.5561 tot=-0.0011 agnorm=0.157 cgnorm=0.032 kl=0.0020 clipf=0.020 ev=+0.966 r0=1.0000 entcoef=4.25e-03 lr=2.6e-04 seed=1
iter= 400 step=1283200 ep_ret=-35.180 opt_ret=-35.180 step_rew=-0.3518 opt_step=-0.3518 gap0=35.180 dret=+288.968 eval_ret=-135.595 pursuer_target_distance=1.075 capture=0.125 score=0.060 pol=-0.0016 val=0.0059 ent=0.5680 tot=-0.0010 agnorm=0.164 cgnorm=0.034 kl=0.0011 clipf=0.010 ev=+0.953 r0=1.0000 entcoef=4.23e-03 lr=2.6e-04 seed=1
iter= 401 step=1286400 ep_ret=-16.712 opt_ret=-16.712 step_rew=-0.1671 opt_step=-0.1671 gap0=16.712 dret=+307.435 eval_ret=n/a pursuer_target_distance=1.169 capture=0.161 score=0.074 pol=-0.0020 val=0.0066 ent=0.5530 tot=-0.0011 agnorm=0.147 cgnorm=0.039 kl=0.0020 clipf=0.020 ev=+0.960 r0=1.0000 entcoef=4.22e-03 lr=2.6e-04 seed=1
iter= 402 step=1289600 ep_ret=-29.896 opt_ret=-29.896 step_rew=-0.2990 opt_step=-0.2990 gap0=29.896 dret=+294.252 eval_ret=n/a pursuer_target_distance=1.056 capture=0.133 score=0.065 pol=-0.0020 val=0.0045 ent=0.5334 tot=-0.0020 agnorm=0.177 cgnorm=0.023 kl=0.0020 clipf=0.017 ev=+0.973 r0=1.0000 entcoef=4.20e-03 lr=2.6e-04 seed=1
iter= 403 step=1292800 ep_ret=-114.055 opt_ret=-114.055 step_rew=-1.1406 opt_step=-1.1406 gap0=114.055 dret=+210.092 eval_ret=n/a pursuer_target_distance=1.446 capture=0.092 score=0.038 pol=-0.0013 val=0.0046 ent=0.5226 tot=-0.0012 agnorm=0.205 cgnorm=0.030 kl=0.0010 clipf=0.009 ev=+0.971 r0=1.0000 entcoef=4.19e-03 lr=2.5e-04 seed=1
iter= 404 step=1296000 ep_ret=-43.327 opt_ret=-43.327 step_rew=-0.4333 opt_step=-0.4333 gap0=43.327 dret=+280.820 eval_ret=n/a pursuer_target_distance=1.321 capture=0.156 score=0.067 pol=-0.0016 val=0.0068 ent=0.5183 tot=-0.0004 agnorm=0.208 cgnorm=0.035 kl=0.0012 clipf=0.011 ev=+0.965 r0=1.0000 entcoef=4.17e-03 lr=2.5e-04 seed=1
iter= 405 step=1299200 ep_ret=-2.318 opt_ret=-2.318 step_rew=-0.0232 opt_step=-0.0232 gap0=2.318 dret=+321.829 eval_ret=n/a pursuer_target_distance=0.978 capture=0.157 score=0.079 pol=-0.0011 val=0.0063 ent=0.5473 tot=-0.0002 agnorm=0.102 cgnorm=0.038 kl=0.0009 clipf=0.007 ev=+0.954 r0=1.0000 entcoef=4.16e-03 lr=2.5e-04 seed=1
iter= 406 step=1302400 ep_ret=+3.808 opt_ret=+3.808 step_rew=0.0381 opt_step=0.0381 gap0=0.000 dret=+327.956 eval_ret=n/a pursuer_target_distance=1.057 capture=0.167 score=0.081 pol=-0.0013 val=0.0056 ent=0.5033 tot=-0.0006 agnorm=0.267 cgnorm=0.027 kl=0.0009 clipf=0.007 ev=+0.965 r0=1.0000 entcoef=4.14e-03 lr=2.5e-04 seed=1
iter= 407 step=1305600 ep_ret=+83.771 opt_ret=+83.771 step_rew=0.8377 opt_step=0.8377 gap0=0.000 dret=+407.918 eval_ret=n/a pursuer_target_distance=0.997 capture=0.234 score=0.117 pol=-0.0017 val=0.0093 ent=0.5794 tot=+0.0006 agnorm=0.170 cgnorm=0.054 kl=0.0020 clipf=0.019 ev=+0.949 r0=1.0000 entcoef=4.13e-03 lr=2.5e-04 seed=1
iter= 408 step=1308800 ep_ret=-30.596 opt_ret=-30.596 step_rew=-0.3060 opt_step=-0.3060 gap0=30.596 dret=+293.551 eval_ret=n/a pursuer_target_distance=1.256 capture=0.153 score=0.068 pol=-0.0015 val=0.0054 ent=0.5450 tot=-0.0010 agnorm=0.252 cgnorm=0.033 kl=0.0018 clipf=0.018 ev=+0.972 r0=1.0000 entcoef=4.12e-03 lr=2.5e-04 seed=1
iter= 409 step=1312000 ep_ret=+3.204 opt_ret=+3.204 step_rew=0.0320 opt_step=0.0320 gap0=0.000 dret=+327.352 eval_ret=n/a pursuer_target_distance=0.932 capture=0.151 score=0.078 pol=-0.0015 val=0.0075 ent=0.5476 tot=+0.0001 agnorm=0.149 cgnorm=0.039 kl=0.0012 clipf=0.013 ev=+0.950 r0=1.0000 entcoef=4.10e-03 lr=2.5e-04 seed=1
iter= 410 step=1315200 ep_ret=-8.066 opt_ret=-8.066 step_rew=-0.0807 opt_step=-0.0807 gap0=8.066 dret=+316.081 eval_ret=n/a pursuer_target_distance=1.295 capture=0.172 score=0.075 pol=-0.0016 val=0.0069 ent=0.5593 tot=-0.0005 agnorm=0.168 cgnorm=0.035 kl=0.0016 clipf=0.015 ev=+0.964 r0=1.0000 entcoef=4.09e-03 lr=2.5e-04 seed=1
iter= 411 step=1318400 ep_ret=-30.652 opt_ret=-30.652 step_rew=-0.3065 opt_step=-0.3065 gap0=30.652 dret=+293.496 eval_ret=n/a pursuer_target_distance=1.320 capture=0.149 score=0.064 pol=-0.0013 val=0.0079 ent=0.5242 tot=+0.0005 agnorm=0.108 cgnorm=0.034 kl=0.0012 clipf=0.011 ev=+0.957 r0=1.0000 entcoef=4.07e-03 lr=2.5e-04 seed=1
iter= 412 step=1321600 ep_ret=-122.132 opt_ret=-122.132 step_rew=-1.2213 opt_step=-1.2213 gap0=122.132 dret=+202.016 eval_ret=n/a pursuer_target_distance=1.520 capture=0.078 score=0.031 pol=-0.0013 val=0.0052 ent=0.5088 tot=-0.0008 agnorm=0.104 cgnorm=0.040 kl=0.0010 clipf=0.011 ev=+0.971 r0=1.0000 entcoef=4.06e-03 lr=2.4e-04 seed=1
iter= 413 step=1324800 ep_ret=+34.661 opt_ret=+34.661 step_rew=0.3466 opt_step=0.3466 gap0=0.000 dret=+358.809 eval_ret=n/a pursuer_target_distance=1.132 capture=0.195 score=0.091 pol=-0.0016 val=0.0069 ent=0.5572 tot=-0.0004 agnorm=0.173 cgnorm=0.031 kl=0.0016 clipf=0.017 ev=+0.963 r0=1.0000 entcoef=4.04e-03 lr=2.4e-04 seed=1
iter= 414 step=1328000 ep_ret=-70.961 opt_ret=-70.961 step_rew=-0.7096 opt_step=-0.7096 gap0=70.961 dret=+253.186 eval_ret=n/a pursuer_target_distance=1.341 capture=0.112 score=0.048 pol=-0.0020 val=0.0053 ent=0.5413 tot=-0.0015 agnorm=0.176 cgnorm=0.039 kl=0.0020 clipf=0.023 ev=+0.969 r0=1.0000 entcoef=4.03e-03 lr=2.4e-04 seed=1
iter= 415 step=1331200 ep_ret=+22.345 opt_ret=+22.345 step_rew=0.2234 opt_step=0.2234 gap0=0.000 dret=+346.493 eval_ret=n/a pursuer_target_distance=0.914 capture=0.182 score=0.095 pol=-0.0015 val=0.0060 ent=0.5611 tot=-0.0008 agnorm=0.163 cgnorm=0.038 kl=0.0011 clipf=0.011 ev=+0.967 r0=1.0000 entcoef=4.01e-03 lr=2.4e-04 seed=1
iter= 416 step=1334400 ep_ret=-30.027 opt_ret=-30.027 step_rew=-0.3003 opt_step=-0.3003 gap0=30.027 dret=+294.120 eval_ret=n/a pursuer_target_distance=1.035 capture=0.137 score=0.067 pol=-0.0017 val=0.0058 ent=0.5399 tot=-0.0009 agnorm=0.219 cgnorm=0.027 kl=0.0016 clipf=0.015 ev=+0.967 r0=1.0000 entcoef=4.00e-03 lr=2.4e-04 seed=1
iter= 417 step=1337600 ep_ret=-41.328 opt_ret=-41.328 step_rew=-0.4133 opt_step=-0.4133 gap0=41.328 dret=+282.820 eval_ret=n/a pursuer_target_distance=1.079 capture=0.115 score=0.055 pol=-0.0019 val=0.0062 ent=0.5536 tot=-0.0010 agnorm=0.211 cgnorm=0.035 kl=0.0015 clipf=0.017 ev=+0.955 r0=1.0000 entcoef=3.99e-03 lr=2.4e-04 seed=1
iter= 418 step=1340800 ep_ret=-17.842 opt_ret=-17.842 step_rew=-0.1784 opt_step=-0.1784 gap0=17.842 dret=+306.306 eval_ret=n/a pursuer_target_distance=1.249 capture=0.150 score=0.067 pol=-0.0018 val=0.0067 ent=0.5148 tot=-0.0005 agnorm=0.353 cgnorm=0.041 kl=0.0016 clipf=0.018 ev=+0.961 r0=1.0000 entcoef=3.97e-03 lr=2.4e-04 seed=1
iter= 419 step=1344000 ep_ret=-20.328 opt_ret=-20.328 step_rew=-0.2033 opt_step=-0.2033 gap0=20.328 dret=+303.819 eval_ret=n/a pursuer_target_distance=1.216 capture=0.155 score=0.070 pol=-0.0016 val=0.0060 ent=0.5097 tot=-0.0006 agnorm=0.179 cgnorm=0.035 kl=0.0024 clipf=0.024 ev=+0.966 r0=1.0000 entcoef=3.96e-03 lr=2.4e-04 seed=1
iter= 420 step=1347200 ep_ret=+93.131 opt_ret=+93.131 step_rew=0.9313 opt_step=0.9313 gap0=0.000 dret=+417.278 eval_ret=-65.421 pursuer_target_distance=1.024 capture=0.235 score=0.116 pol=-0.0018 val=0.0083 ent=0.5485 tot=+0.0002 agnorm=0.197 cgnorm=0.046 kl=0.0018 clipf=0.016 ev=+0.955 r0=1.0000 entcoef=3.94e-03 lr=2.4e-04 seed=1
iter= 421 step=1350400 ep_ret=-57.410 opt_ret=-57.410 step_rew=-0.5741 opt_step=-0.5741 gap0=57.410 dret=+266.737 eval_ret=n/a pursuer_target_distance=1.206 capture=0.127 score=0.058 pol=-0.0016 val=0.0058 ent=0.5411 tot=-0.0009 agnorm=0.164 cgnorm=0.037 kl=0.0013 clipf=0.013 ev=+0.967 r0=1.0000 entcoef=3.93e-03 lr=2.3e-04 seed=1
iter= 422 step=1353600 ep_ret=+82.752 opt_ret=+82.752 step_rew=0.8275 opt_step=0.8275 gap0=0.000 dret=+406.900 eval_ret=n/a pursuer_target_distance=0.949 capture=0.225 score=0.116 pol=-0.0020 val=0.0085 ent=0.5028 tot=+0.0003 agnorm=0.295 cgnorm=0.041 kl=0.0018 clipf=0.019 ev=+0.940 r0=1.0000 entcoef=3.91e-03 lr=2.3e-04 seed=1
iter= 423 step=1356800 ep_ret=+42.072 opt_ret=+42.072 step_rew=0.4207 opt_step=0.4207 gap0=0.000 dret=+366.220 eval_ret=n/a pursuer_target_distance=1.252 capture=0.214 score=0.095 pol=-0.0018 val=0.0084 ent=0.5143 tot=+0.0003 agnorm=0.213 cgnorm=0.037 kl=0.0016 clipf=0.016 ev=+0.949 r0=1.0000 entcoef=3.90e-03 lr=2.3e-04 seed=1
iter= 424 step=1360000 ep_ret=-38.303 opt_ret=-38.303 step_rew=-0.3830 opt_step=-0.3830 gap0=38.303 dret=+285.845 eval_ret=n/a pursuer_target_distance=1.036 capture=0.130 score=0.064 pol=-0.0018 val=0.0052 ent=0.5397 tot=-0.0013 agnorm=0.149 cgnorm=0.028 kl=0.0015 clipf=0.014 ev=+0.965 r0=1.0000 entcoef=3.88e-03 lr=2.3e-04 seed=1
iter= 425 step=1363200 ep_ret=-66.963 opt_ret=-66.963 step_rew=-0.6696 opt_step=-0.6696 gap0=66.963 dret=+257.185 eval_ret=n/a pursuer_target_distance=1.565 capture=0.151 score=0.059 pol=-0.0017 val=0.0059 ent=0.5361 tot=-0.0009 agnorm=0.313 cgnorm=0.037 kl=0.0014 clipf=0.016 ev=+0.971 r0=1.0000 entcoef=3.87e-03 lr=2.3e-04 seed=1
iter= 426 step=1366400 ep_ret=+5.978 opt_ret=+5.978 step_rew=0.0598 opt_step=0.0598 gap0=0.000 dret=+330.126 eval_ret=n/a pursuer_target_distance=0.954 capture=0.171 score=0.087 pol=-0.0018 val=0.0083 ent=0.5096 tot=+0.0004 agnorm=0.203 cgnorm=0.040 kl=0.0016 clipf=0.017 ev=+0.945 r0=1.0000 entcoef=3.86e-03 lr=2.3e-04 seed=1
iter= 427 step=1369600 ep_ret=-75.224 opt_ret=-75.224 step_rew=-0.7522 opt_step=-0.7522 gap0=75.224 dret=+248.924 eval_ret=n/a pursuer_target_distance=1.287 capture=0.111 score=0.048 pol=-0.0019 val=0.0054 ent=0.5353 tot=-0.0013 agnorm=0.143 cgnorm=0.037 kl=0.0022 clipf=0.020 ev=+0.974 r0=1.0000 entcoef=3.84e-03 lr=2.3e-04 seed=1
iter= 428 step=1372800 ep_ret=+51.344 opt_ret=+51.344 step_rew=0.5134 opt_step=0.5134 gap0=0.000 dret=+375.492 eval_ret=n/a pursuer_target_distance=1.036 capture=0.210 score=0.103 pol=-0.0014 val=0.0061 ent=0.5008 tot=-0.0003 agnorm=0.183 cgnorm=0.035 kl=0.0012 clipf=0.012 ev=+0.966 r0=1.0000 entcoef=3.83e-03 lr=2.3e-04 seed=1
iter= 429 step=1376000 ep_ret=+12.494 opt_ret=+12.494 step_rew=0.1249 opt_step=0.1249 gap0=0.000 dret=+336.642 eval_ret=n/a pursuer_target_distance=1.157 capture=0.178 score=0.082 pol=-0.0018 val=0.0061 ent=0.4944 tot=-0.0006 agnorm=0.134 cgnorm=0.033 kl=0.0011 clipf=0.010 ev=+0.963 r0=1.0000 entcoef=3.81e-03 lr=2.3e-04 seed=1
iter= 430 step=1379200 ep_ret=+34.262 opt_ret=+34.262 step_rew=0.3426 opt_step=0.3426 gap0=0.000 dret=+358.410 eval_ret=n/a pursuer_target_distance=0.974 capture=0.186 score=0.094 pol=-0.0019 val=0.0052 ent=0.4910 tot=-0.0011 agnorm=0.179 cgnorm=0.031 kl=0.0016 clipf=0.019 ev=+0.969 r0=1.0000 entcoef=3.80e-03 lr=2.2e-04 seed=1
iter= 431 step=1382400 ep_ret=+27.731 opt_ret=+27.731 step_rew=0.2773 opt_step=0.2773 gap0=0.000 dret=+351.879 eval_ret=n/a pursuer_target_distance=1.234 capture=0.194 score=0.087 pol=-0.0021 val=0.0057 ent=0.5093 tot=-0.0011 agnorm=0.202 cgnorm=0.028 kl=0.0015 clipf=0.014 ev=+0.966 r0=1.0000 entcoef=3.78e-03 lr=2.2e-04 seed=1
iter= 432 step=1385600 ep_ret=+56.313 opt_ret=+56.313 step_rew=0.5631 opt_step=0.5631 gap0=0.000 dret=+380.460 eval_ret=n/a pursuer_target_distance=1.129 capture=0.211 score=0.099 pol=-0.0017 val=0.0069 ent=0.5193 tot=-0.0002 agnorm=0.222 cgnorm=0.040 kl=0.0015 clipf=0.015 ev=+0.961 r0=1.0000 entcoef=3.77e-03 lr=2.2e-04 seed=1
iter= 433 step=1388800 ep_ret=-17.914 opt_ret=-17.914 step_rew=-0.1791 opt_step=-0.1791 gap0=17.914 dret=+306.234 eval_ret=n/a pursuer_target_distance=1.224 capture=0.158 score=0.071 pol=-0.0016 val=0.0071 ent=0.5006 tot=+0.0000 agnorm=0.185 cgnorm=0.033 kl=0.0013 clipf=0.014 ev=+0.953 r0=1.0000 entcoef=3.75e-03 lr=2.2e-04 seed=1
iter= 434 step=1392000 ep_ret=+57.802 opt_ret=+57.802 step_rew=0.5780 opt_step=0.5780 gap0=0.000 dret=+381.950 eval_ret=n/a pursuer_target_distance=1.104 capture=0.214 score=0.102 pol=-0.0019 val=0.0077 ent=0.5153 tot=-0.0000 agnorm=0.240 cgnorm=0.050 kl=0.0021 clipf=0.023 ev=+0.956 r0=1.0000 entcoef=3.74e-03 lr=2.2e-04 seed=1
iter= 435 step=1395200 ep_ret=+105.762 opt_ret=+105.762 step_rew=1.0576 opt_step=1.0576 gap0=0.000 dret=+429.909 eval_ret=n/a pursuer_target_distance=0.940 capture=0.253 score=0.130 pol=-0.0013 val=0.0085 ent=0.5131 tot=+0.0010 agnorm=0.219 cgnorm=0.046 kl=0.0013 clipf=0.012 ev=+0.956 r0=1.0000 entcoef=3.73e-03 lr=2.2e-04 seed=1
iter= 436 step=1398400 ep_ret=-34.736 opt_ret=-34.736 step_rew=-0.3474 opt_step=-0.3474 gap0=34.736 dret=+289.412 eval_ret=n/a pursuer_target_distance=1.115 capture=0.136 score=0.064 pol=-0.0018 val=0.0057 ent=0.5084 tot=-0.0008 agnorm=0.140 cgnorm=0.031 kl=0.0014 clipf=0.014 ev=+0.967 r0=1.0000 entcoef=3.71e-03 lr=2.2e-04 seed=1
iter= 437 step=1401600 ep_ret=+73.052 opt_ret=+73.052 step_rew=0.7305 opt_step=0.7305 gap0=0.000 dret=+397.200 eval_ret=n/a pursuer_target_distance=1.182 capture=0.233 score=0.107 pol=-0.0019 val=0.0086 ent=0.5117 tot=+0.0005 agnorm=0.153 cgnorm=0.043 kl=0.0014 clipf=0.014 ev=+0.943 r0=1.0000 entcoef=3.70e-03 lr=2.2e-04 seed=1
iter= 438 step=1404800 ep_ret=+30.121 opt_ret=+30.121 step_rew=0.3012 opt_step=0.3012 gap0=0.000 dret=+354.269 eval_ret=n/a pursuer_target_distance=0.964 capture=0.186 score=0.095 pol=-0.0015 val=0.0077 ent=0.5011 tot=+0.0005 agnorm=0.199 cgnorm=0.045 kl=0.0016 clipf=0.015 ev=+0.953 r0=1.0000 entcoef=3.68e-03 lr=2.2e-04 seed=1
iter= 439 step=1408000 ep_ret=-87.058 opt_ret=-87.058 step_rew=-0.8706 opt_step=-0.8706 gap0=87.058 dret=+237.090 eval_ret=n/a pursuer_target_distance=1.514 capture=0.130 score=0.052 pol=-0.0014 val=0.0054 ent=0.5146 tot=-0.0006 agnorm=0.349 cgnorm=0.029 kl=0.0012 clipf=0.010 ev=+0.973 r0=1.0000 entcoef=3.67e-03 lr=2.1e-04 seed=1
iter= 440 step=1411200 ep_ret=-13.376 opt_ret=-13.376 step_rew=-0.1338 opt_step=-0.1338 gap0=13.376 dret=+310.772 eval_ret=-114.544 pursuer_target_distance=1.053 capture=0.149 score=0.073 pol=-0.0016 val=0.0067 ent=0.5126 tot=-0.0001 agnorm=0.157 cgnorm=0.031 kl=0.0017 clipf=0.018 ev=+0.966 r0=1.0000 entcoef=3.65e-03 lr=2.1e-04 seed=1
iter= 441 step=1414400 ep_ret=+29.215 opt_ret=+29.215 step_rew=0.2922 opt_step=0.2922 gap0=0.000 dret=+353.363 eval_ret=n/a pursuer_target_distance=0.992 capture=0.193 score=0.097 pol=-0.0015 val=0.0092 ent=0.4977 tot=+0.0013 agnorm=0.112 cgnorm=0.035 kl=0.0011 clipf=0.010 ev=+0.952 r0=1.0000 entcoef=3.64e-03 lr=2.1e-04 seed=1
iter= 442 step=1417600 ep_ret=-83.418 opt_ret=-83.418 step_rew=-0.8342 opt_step=-0.8342 gap0=83.418 dret=+240.730 eval_ret=n/a pursuer_target_distance=1.385 capture=0.108 score=0.045 pol=-0.0018 val=0.0050 ent=0.5253 tot=-0.0012 agnorm=0.166 cgnorm=0.033 kl=0.0015 clipf=0.014 ev=+0.973 r0=1.0000 entcoef=3.62e-03 lr=2.1e-04 seed=1
iter= 443 step=1420800 ep_ret=+30.526 opt_ret=+30.526 step_rew=0.3053 opt_step=0.3053 gap0=0.000 dret=+354.674 eval_ret=n/a pursuer_target_distance=1.186 capture=0.202 score=0.092 pol=-0.0015 val=0.0066 ent=0.4988 tot=-0.0001 agnorm=0.174 cgnorm=0.035 kl=0.0014 clipf=0.013 ev=+0.967 r0=1.0000 entcoef=3.61e-03 lr=2.1e-04 seed=1
iter= 444 step=1424000 ep_ret=-37.085 opt_ret=-37.085 step_rew=-0.3709 opt_step=-0.3709 gap0=37.085 dret=+287.063 eval_ret=n/a pursuer_target_distance=1.253 capture=0.141 score=0.063 pol=-0.0014 val=0.0053 ent=0.4780 tot=-0.0005 agnorm=0.128 cgnorm=0.033 kl=0.0014 clipf=0.012 ev=+0.974 r0=1.0000 entcoef=3.60e-03 lr=2.1e-04 seed=1
iter= 445 step=1427200 ep_ret=+77.659 opt_ret=+77.659 step_rew=0.7766 opt_step=0.7766 gap0=0.000 dret=+401.807 eval_ret=n/a pursuer_target_distance=0.929 capture=0.217 score=0.112 pol=-0.0015 val=0.0061 ent=0.5127 tot=-0.0003 agnorm=0.326 cgnorm=0.025 kl=0.0013 clipf=0.010 ev=+0.966 r0=1.0000 entcoef=3.58e-03 lr=2.1e-04 seed=1
iter= 446 step=1430400 ep_ret=+24.324 opt_ret=+24.324 step_rew=0.2432 opt_step=0.2432 gap0=0.000 dret=+348.472 eval_ret=n/a pursuer_target_distance=1.221 capture=0.198 score=0.089 pol=-0.0015 val=0.0056 ent=0.5280 tot=-0.0005 agnorm=0.167 cgnorm=0.033 kl=0.0015 clipf=0.015 ev=+0.967 r0=1.0000 entcoef=3.57e-03 lr=2.1e-04 seed=1
iter= 447 step=1433600 ep_ret=-19.570 opt_ret=-19.570 step_rew=-0.1957 opt_step=-0.1957 gap0=19.570 dret=+304.577 eval_ret=n/a pursuer_target_distance=1.227 capture=0.154 score=0.069 pol=-0.0018 val=0.0069 ent=0.4942 tot=-0.0001 agnorm=0.168 cgnorm=0.044 kl=0.0010 clipf=0.010 ev=+0.957 r0=1.0000 entcoef=3.55e-03 lr=2.1e-04 seed=1
iter= 448 step=1436800 ep_ret=-65.902 opt_ret=-65.902 step_rew=-0.6590 opt_step=-0.6590 gap0=65.902 dret=+258.246 eval_ret=n/a pursuer_target_distance=1.444 capture=0.131 score=0.054 pol=-0.0012 val=0.0058 ent=0.5218 tot=-0.0002 agnorm=0.145 cgnorm=0.033 kl=0.0008 clipf=0.007 ev=+0.971 r0=1.0000 entcoef=3.54e-03 lr=2.0e-04 seed=1
iter= 449 step=1440000 ep_ret=+63.432 opt_ret=+63.432 step_rew=0.6343 opt_step=0.6343 gap0=0.000 dret=+387.580 eval_ret=n/a pursuer_target_distance=1.039 capture=0.213 score=0.105 pol=-0.0016 val=0.0059 ent=0.5248 tot=-0.0005 agnorm=0.164 cgnorm=0.028 kl=0.0012 clipf=0.014 ev=+0.967 r0=1.0000 entcoef=3.52e-03 lr=2.0e-04 seed=1
iter= 450 step=1443200 ep_ret=+14.500 opt_ret=+14.500 step_rew=0.1450 opt_step=0.1450 gap0=0.000 dret=+338.647 eval_ret=n/a pursuer_target_distance=1.218 capture=0.182 score=0.082 pol=-0.0014 val=0.0060 ent=0.4895 tot=-0.0001 agnorm=0.187 cgnorm=0.030 kl=0.0017 clipf=0.016 ev=+0.970 r0=1.0000 entcoef=3.51e-03 lr=2.0e-04 seed=1
iter= 451 step=1446400 ep_ret=+88.247 opt_ret=+88.247 step_rew=0.8825 opt_step=0.8825 gap0=0.000 dret=+412.394 eval_ret=n/a pursuer_target_distance=1.174 capture=0.247 score=0.114 pol=-0.0015 val=0.0086 ent=0.4975 tot=+0.0011 agnorm=0.217 cgnorm=0.054 kl=0.0011 clipf=0.009 ev=+0.953 r0=1.0000 entcoef=3.50e-03 lr=2.0e-04 seed=1
iter= 452 step=1449600 ep_ret=+18.137 opt_ret=+18.137 step_rew=0.1814 opt_step=0.1814 gap0=0.000 dret=+342.285 eval_ret=n/a pursuer_target_distance=0.976 capture=0.169 score=0.086 pol=-0.0016 val=0.0059 ent=0.5018 tot=-0.0004 agnorm=0.170 cgnorm=0.032 kl=0.0011 clipf=0.011 ev=+0.962 r0=1.0000 entcoef=3.48e-03 lr=2.0e-04 seed=1
iter= 453 step=1452800 ep_ret=-2.701 opt_ret=-2.701 step_rew=-0.0270 opt_step=-0.0270 gap0=2.701 dret=+321.446 eval_ret=n/a pursuer_target_distance=1.512 capture=0.193 score=0.077 pol=-0.0017 val=0.0076 ent=0.5515 tot=+0.0002 agnorm=0.142 cgnorm=0.043 kl=0.0019 clipf=0.019 ev=+0.967 r0=1.0000 entcoef=3.47e-03 lr=2.0e-04 seed=1
iter= 454 step=1456000 ep_ret=-44.111 opt_ret=-44.111 step_rew=-0.4411 opt_step=-0.4411 gap0=44.111 dret=+280.037 eval_ret=n/a pursuer_target_distance=1.191 capture=0.141 score=0.064 pol=-0.0018 val=0.0059 ent=0.5163 tot=-0.0006 agnorm=0.201 cgnorm=0.037 kl=0.0016 clipf=0.014 ev=+0.968 r0=1.0000 entcoef=3.45e-03 lr=2.0e-04 seed=1
iter= 455 step=1459200 ep_ret=+17.469 opt_ret=+17.469 step_rew=0.1747 opt_step=0.1747 gap0=0.000 dret=+341.617 eval_ret=n/a pursuer_target_distance=1.178 capture=0.185 score=0.085 pol=-0.0012 val=0.0062 ent=0.5303 tot=+0.0001 agnorm=0.144 cgnorm=0.030 kl=0.0012 clipf=0.012 ev=+0.970 r0=1.0000 entcoef=3.44e-03 lr=2.0e-04 seed=1
iter= 456 step=1462400 ep_ret=-110.930 opt_ret=-110.930 step_rew=-1.1093 opt_step=-1.1093 gap0=110.930 dret=+213.218 eval_ret=n/a pursuer_target_distance=1.466 capture=0.102 score=0.041 pol=-0.0013 val=0.0058 ent=0.5226 tot=-0.0001 agnorm=0.182 cgnorm=0.039 kl=0.0009 clipf=0.008 ev=+0.968 r0=1.0000 entcoef=3.42e-03 lr=2.0e-04 seed=1
iter= 457 step=1465600 ep_ret=-98.402 opt_ret=-98.402 step_rew=-0.9840 opt_step=-0.9840 gap0=98.402 dret=+225.746 eval_ret=n/a pursuer_target_distance=1.141 capture=0.088 score=0.041 pol=-0.0017 val=0.0042 ent=0.4986 tot=-0.0013 agnorm=0.183 cgnorm=0.034 kl=0.0012 clipf=0.013 ev=+0.971 r0=1.0000 entcoef=3.41e-03 lr=1.9e-04 seed=1
iter= 458 step=1468800 ep_ret=-1.646 opt_ret=-1.646 step_rew=-0.0165 opt_step=-0.0165 gap0=1.646 dret=+322.502 eval_ret=n/a pursuer_target_distance=1.011 capture=0.153 score=0.076 pol=-0.0016 val=0.0062 ent=0.4843 tot=-0.0001 agnorm=0.193 cgnorm=0.030 kl=0.0012 clipf=0.013 ev=+0.958 r0=1.0000 entcoef=3.39e-03 lr=1.9e-04 seed=1
iter= 459 step=1472000 ep_ret=-33.544 opt_ret=-33.544 step_rew=-0.3354 opt_step=-0.3354 gap0=33.544 dret=+290.603 eval_ret=n/a pursuer_target_distance=1.182 capture=0.147 score=0.067 pol=-0.0014 val=0.0046 ent=0.5006 tot=-0.0008 agnorm=0.136 cgnorm=0.034 kl=0.0012 clipf=0.011 ev=+0.971 r0=1.0000 entcoef=3.38e-03 lr=1.9e-04 seed=1
iter= 460 step=1475200 ep_ret=+20.494 opt_ret=+20.494 step_rew=0.2049 opt_step=0.2049 gap0=0.000 dret=+344.642 eval_ret=+72.777 pursuer_target_distance=1.125 capture=0.189 score=0.089 pol=-0.0013 val=0.0079 ent=0.4956 tot=+0.0009 agnorm=0.159 cgnorm=0.036 kl=0.0010 clipf=0.009 ev=+0.958 r0=1.0000 entcoef=3.37e-03 lr=1.9e-04 seed=1
iter= 461 step=1478400 ep_ret=+55.271 opt_ret=+55.271 step_rew=0.5527 opt_step=0.5527 gap0=0.000 dret=+379.418 eval_ret=n/a pursuer_target_distance=1.074 capture=0.209 score=0.101 pol=-0.0020 val=0.0080 ent=0.5070 tot=+0.0003 agnorm=0.191 cgnorm=0.048 kl=0.0015 clipf=0.015 ev=+0.956 r0=1.0000 entcoef=3.35e-03 lr=1.9e-04 seed=1
iter= 462 step=1481600 ep_ret=+22.073 opt_ret=+22.073 step_rew=0.2207 opt_step=0.2207 gap0=0.000 dret=+346.221 eval_ret=n/a pursuer_target_distance=1.030 capture=0.179 score=0.088 pol=-0.0015 val=0.0060 ent=0.4987 tot=-0.0002 agnorm=0.247 cgnorm=0.033 kl=0.0013 clipf=0.013 ev=+0.969 r0=1.0000 entcoef=3.34e-03 lr=1.9e-04 seed=1
iter= 463 step=1484800 ep_ret=-49.217 opt_ret=-49.217 step_rew=-0.4922 opt_step=-0.4922 gap0=49.217 dret=+274.930 eval_ret=n/a pursuer_target_distance=1.125 capture=0.128 score=0.060 pol=-0.0014 val=0.0046 ent=0.4993 tot=-0.0008 agnorm=0.171 cgnorm=0.033 kl=0.0014 clipf=0.015 ev=+0.971 r0=1.0000 entcoef=3.32e-03 lr=1.9e-04 seed=1
iter= 464 step=1488000 ep_ret=+22.742 opt_ret=+22.742 step_rew=0.2274 opt_step=0.2274 gap0=0.000 dret=+346.890 eval_ret=n/a pursuer_target_distance=1.202 capture=0.192 score=0.087 pol=-0.0017 val=0.0065 ent=0.4805 tot=-0.0000 agnorm=0.200 cgnorm=0.037 kl=0.0013 clipf=0.013 ev=+0.967 r0=1.0000 entcoef=3.31e-03 lr=1.9e-04 seed=1
iter= 465 step=1491200 ep_ret=+90.060 opt_ret=+90.060 step_rew=0.9006 opt_step=0.9006 gap0=0.000 dret=+414.208 eval_ret=n/a pursuer_target_distance=0.921 capture=0.232 score=0.121 pol=-0.0015 val=0.0078 ent=0.5008 tot=+0.0007 agnorm=0.206 cgnorm=0.057 kl=0.0015 clipf=0.014 ev=+0.946 r0=1.0000 entcoef=3.29e-03 lr=1.9e-04 seed=1
iter= 466 step=1494400 ep_ret=+43.827 opt_ret=+43.827 step_rew=0.4383 opt_step=0.4383 gap0=0.000 dret=+367.975 eval_ret=n/a pursuer_target_distance=1.168 capture=0.214 score=0.099 pol=-0.0020 val=0.0067 ent=0.4944 tot=-0.0003 agnorm=0.200 cgnorm=0.031 kl=0.0019 clipf=0.018 ev=+0.968 r0=1.0000 entcoef=3.28e-03 lr=1.8e-04 seed=1
iter= 467 step=1497600 ep_ret=+133.123 opt_ret=+133.123 step_rew=1.3312 opt_step=1.3312 gap0=0.000 dret=+457.271 eval_ret=n/a pursuer_target_distance=1.031 capture=0.279 score=0.137 pol=-0.0013 val=0.0112 ent=0.5224 tot=+0.0026 agnorm=0.158 cgnorm=0.055 kl=0.0012 clipf=0.011 ev=+0.922 r0=1.0000 entcoef=3.26e-03 lr=1.8e-04 seed=1
iter= 468 step=1500800 ep_ret=-53.733 opt_ret=-53.733 step_rew=-0.5373 opt_step=-0.5373 gap0=53.733 dret=+270.415 eval_ret=n/a pursuer_target_distance=1.058 capture=0.120 score=0.058 pol=-0.0011 val=0.0058 ent=0.5265 tot=+0.0001 agnorm=0.234 cgnorm=0.046 kl=0.0012 clipf=0.007 ev=+0.955 r0=1.0000 entcoef=3.25e-03 lr=1.8e-04 seed=1
iter= 469 step=1504000 ep_ret=+95.240 opt_ret=+95.240 step_rew=0.9524 opt_step=0.9524 gap0=0.000 dret=+419.387 eval_ret=n/a pursuer_target_distance=0.975 capture=0.239 score=0.121 pol=-0.0019 val=0.0060 ent=0.5080 tot=-0.0006 agnorm=0.243 cgnorm=0.053 kl=0.0021 clipf=0.019 ev=+0.967 r0=1.0000 entcoef=3.24e-03 lr=1.8e-04 seed=1
iter= 470 step=1507200 ep_ret=-46.431 opt_ret=-46.431 step_rew=-0.4643 opt_step=-0.4643 gap0=46.431 dret=+277.717 eval_ret=n/a pursuer_target_distance=0.976 capture=0.126 score=0.064 pol=-0.0015 val=0.0053 ent=0.4876 tot=-0.0004 agnorm=0.273 cgnorm=0.037 kl=0.0010 clipf=0.009 ev=+0.972 r0=1.0000 entcoef=3.22e-03 lr=1.8e-04 seed=1
iter= 471 step=1510400 ep_ret=-6.707 opt_ret=-6.707 step_rew=-0.0671 opt_step=-0.0671 gap0=6.707 dret=+317.441 eval_ret=n/a pursuer_target_distance=1.077 capture=0.161 score=0.078 pol=-0.0015 val=0.0056 ent=0.5178 tot=-0.0003 agnorm=0.153 cgnorm=0.035 kl=0.0017 clipf=0.013 ev=+0.964 r0=1.0000 entcoef=3.21e-03 lr=1.8e-04 seed=1
iter= 472 step=1513600 ep_ret=+131.994 opt_ret=+131.994 step_rew=1.3199 opt_step=1.3199 gap0=0.000 dret=+456.141 eval_ret=n/a pursuer_target_distance=0.917 capture=0.270 score=0.141 pol=-0.0015 val=0.0089 ent=0.4969 tot=+0.0013 agnorm=0.185 cgnorm=0.052 kl=0.0012 clipf=0.012 ev=+0.949 r0=1.0000 entcoef=3.19e-03 lr=1.8e-04 seed=1
iter= 473 step=1516800 ep_ret=+71.356 opt_ret=+71.356 step_rew=0.7136 opt_step=0.7136 gap0=0.000 dret=+395.503 eval_ret=n/a pursuer_target_distance=0.957 capture=0.217 score=0.111 pol=-0.0017 val=0.0070 ent=0.4856 tot=+0.0002 agnorm=0.217 cgnorm=0.041 kl=0.0014 clipf=0.012 ev=+0.956 r0=1.0000 entcoef=3.18e-03 lr=1.8e-04 seed=1
iter= 474 step=1520000 ep_ret=+117.020 opt_ret=+117.020 step_rew=1.1702 opt_step=1.1702 gap0=0.000 dret=+441.168 eval_ret=n/a pursuer_target_distance=1.067 capture=0.271 score=0.131 pol=-0.0012 val=0.0096 ent=0.4710 tot=+0.0021 agnorm=0.254 cgnorm=0.053 kl=0.0009 clipf=0.008 ev=+0.949 r0=1.0000 entcoef=3.16e-03 lr=1.8e-04 seed=1
iter= 475 step=1523200 ep_ret=+31.670 opt_ret=+31.670 step_rew=0.3167 opt_step=0.3167 gap0=0.000 dret=+355.818 eval_ret=n/a pursuer_target_distance=0.976 capture=0.187 score=0.095 pol=-0.0013 val=0.0056 ent=0.4966 tot=-0.0001 agnorm=0.194 cgnorm=0.033 kl=0.0011 clipf=0.011 ev=+0.968 r0=1.0000 entcoef=3.15e-03 lr=1.7e-04 seed=1
iter= 476 step=1526400 ep_ret=+79.853 opt_ret=+79.853 step_rew=0.7985 opt_step=0.7985 gap0=0.000 dret=+404.000 eval_ret=n/a pursuer_target_distance=1.010 capture=0.220 score=0.110 pol=-0.0013 val=0.0069 ent=0.4897 tot=+0.0006 agnorm=0.179 cgnorm=0.043 kl=0.0009 clipf=0.007 ev=+0.959 r0=1.0000 entcoef=3.13e-03 lr=1.7e-04 seed=1
iter= 477 step=1529600 ep_ret=-18.903 opt_ret=-18.903 step_rew=-0.1890 opt_step=-0.1890 gap0=18.903 dret=+305.245 eval_ret=n/a pursuer_target_distance=0.951 capture=0.144 score=0.074 pol=-0.0016 val=0.0055 ent=0.4595 tot=-0.0003 agnorm=0.192 cgnorm=0.045 kl=0.0016 clipf=0.014 ev=+0.966 r0=1.0000 entcoef=3.12e-03 lr=1.7e-04 seed=1
iter= 478 step=1532800 ep_ret=+30.686 opt_ret=+30.686 step_rew=0.3069 opt_step=0.3069 gap0=0.000 dret=+354.834 eval_ret=n/a pursuer_target_distance=1.091 capture=0.197 score=0.094 pol=-0.0014 val=0.0067 ent=0.4947 tot=+0.0004 agnorm=0.268 cgnorm=0.036 kl=0.0012 clipf=0.010 ev=+0.961 r0=1.0000 entcoef=3.11e-03 lr=1.7e-04 seed=1
iter= 479 step=1536000 ep_ret=+47.403 opt_ret=+47.403 step_rew=0.4740 opt_step=0.4740 gap0=0.000 dret=+371.550 eval_ret=n/a pursuer_target_distance=1.238 capture=0.217 score=0.097 pol=-0.0018 val=0.0084 ent=0.4827 tot=+0.0009 agnorm=0.343 cgnorm=0.053 kl=0.0012 clipf=0.013 ev=+0.955 r0=1.0000 entcoef=3.09e-03 lr=1.7e-04 seed=1
iter= 480 step=1539200 ep_ret=-21.432 opt_ret=-21.432 step_rew=-0.2143 opt_step=-0.2143 gap0=21.432 dret=+302.716 eval_ret=+77.926 pursuer_target_distance=1.235 capture=0.157 score=0.070 pol=-0.0010 val=0.0064 ent=0.4818 tot=+0.0007 agnorm=0.212 cgnorm=0.032 kl=0.0008 clipf=0.007 ev=+0.969 r0=1.0000 entcoef=3.08e-03 lr=1.7e-04 seed=1
iter= 481 step=1542400 ep_ret=+92.517 opt_ret=+92.517 step_rew=0.9252 opt_step=0.9252 gap0=0.000 dret=+416.665 eval_ret=n/a pursuer_target_distance=0.930 capture=0.236 score=0.122 pol=-0.0015 val=0.0074 ent=0.5027 tot=+0.0007 agnorm=0.223 cgnorm=0.047 kl=0.0012 clipf=0.012 ev=+0.959 r0=1.0000 entcoef=3.06e-03 lr=1.7e-04 seed=1
iter= 482 step=1545600 ep_ret=-26.858 opt_ret=-26.858 step_rew=-0.2686 opt_step=-0.2686 gap0=26.858 dret=+297.290 eval_ret=n/a pursuer_target_distance=1.013 capture=0.138 score=0.069 pol=-0.0018 val=0.0048 ent=0.5362 tot=-0.0011 agnorm=0.172 cgnorm=0.032 kl=0.0009 clipf=0.008 ev=+0.973 r0=1.0000 entcoef=3.05e-03 lr=1.7e-04 seed=1
iter= 483 step=1548800 ep_ret=+89.600 opt_ret=+89.600 step_rew=0.8960 opt_step=0.8960 gap0=0.000 dret=+413.748 eval_ret=n/a pursuer_target_distance=0.981 capture=0.235 score=0.119 pol=-0.0017 val=0.0069 ent=0.5059 tot=+0.0002 agnorm=0.159 cgnorm=0.048 kl=0.0016 clipf=0.015 ev=+0.959 r0=1.0000 entcoef=3.03e-03 lr=1.7e-04 seed=1
iter= 484 step=1552000 ep_ret=+31.850 opt_ret=+31.850 step_rew=0.3185 opt_step=0.3185 gap0=0.000 dret=+355.998 eval_ret=n/a pursuer_target_distance=1.165 capture=0.212 score=0.098 pol=-0.0013 val=0.0064 ent=0.5187 tot=+0.0004 agnorm=0.242 cgnorm=0.033 kl=0.0010 clipf=0.008 ev=+0.970 r0=1.0000 entcoef=3.02e-03 lr=1.6e-04 seed=1
iter= 485 step=1555200 ep_ret=+22.780 opt_ret=+22.780 step_rew=0.2278 opt_step=0.2278 gap0=0.000 dret=+346.928 eval_ret=n/a pursuer_target_distance=1.221 capture=0.195 score=0.088 pol=-0.0013 val=0.0058 ent=0.4783 tot=+0.0001 agnorm=0.265 cgnorm=0.032 kl=0.0015 clipf=0.013 ev=+0.970 r0=1.0000 entcoef=3.00e-03 lr=1.6e-04 seed=1
iter= 486 step=1558400 ep_ret=+21.898 opt_ret=+21.898 step_rew=0.2190 opt_step=0.2190 gap0=0.000 dret=+346.046 eval_ret=n/a pursuer_target_distance=1.051 capture=0.187 score=0.091 pol=-0.0015 val=0.0058 ent=0.4773 tot=+0.0000 agnorm=0.165 cgnorm=0.033 kl=0.0017 clipf=0.016 ev=+0.971 r0=1.0000 entcoef=2.99e-03 lr=1.6e-04 seed=1
iter= 487 step=1561600 ep_ret=+94.945 opt_ret=+94.945 step_rew=0.9495 opt_step=0.9495 gap0=0.000 dret=+419.093 eval_ret=n/a pursuer_target_distance=1.132 capture=0.256 score=0.120 pol=-0.0012 val=0.0076 ent=0.4643 tot=+0.0012 agnorm=0.209 cgnorm=0.044 kl=0.0010 clipf=0.010 ev=+0.960 r0=1.0000 entcoef=2.98e-03 lr=1.6e-04 seed=1
iter= 488 step=1564800 ep_ret=+9.142 opt_ret=+9.142 step_rew=0.0914 opt_step=0.0914 gap0=0.000 dret=+333.289 eval_ret=n/a pursuer_target_distance=1.197 capture=0.176 score=0.080 pol=-0.0014 val=0.0052 ent=0.4726 tot=-0.0002 agnorm=0.245 cgnorm=0.028 kl=0.0013 clipf=0.010 ev=+0.972 r0=1.0000 entcoef=2.96e-03 lr=1.6e-04 seed=1
iter= 489 step=1568000 ep_ret=-10.210 opt_ret=-10.210 step_rew=-0.1021 opt_step=-0.1021 gap0=10.210 dret=+313.938 eval_ret=n/a pursuer_target_distance=1.174 capture=0.173 score=0.080 pol=-0.0012 val=0.0070 ent=0.4806 tot=+0.0008 agnorm=0.168 cgnorm=0.035 kl=0.0012 clipf=0.012 ev=+0.960 r0=1.0000 entcoef=2.95e-03 lr=1.6e-04 seed=1
iter= 490 step=1571200 ep_ret=-23.870 opt_ret=-23.870 step_rew=-0.2387 opt_step=-0.2387 gap0=23.870 dret=+300.277 eval_ret=n/a pursuer_target_distance=1.376 capture=0.171 score=0.072 pol=-0.0010 val=0.0058 ent=0.4658 tot=+0.0005 agnorm=0.242 cgnorm=0.022 kl=0.0008 clipf=0.008 ev=+0.976 r0=1.0000 entcoef=2.93e-03 lr=1.6e-04 seed=1
iter= 491 step=1574400 ep_ret=+19.701 opt_ret=+19.701 step_rew=0.1970 opt_step=0.1970 gap0=0.000 dret=+343.849 eval_ret=n/a pursuer_target_distance=1.063 capture=0.183 score=0.089 pol=-0.0017 val=0.0059 ent=0.4509 tot=-0.0001 agnorm=0.263 cgnorm=0.033 kl=0.0015 clipf=0.017 ev=+0.968 r0=1.0000 entcoef=2.92e-03 lr=1.6e-04 seed=1
iter= 492 step=1577600 ep_ret=+33.246 opt_ret=+33.246 step_rew=0.3325 opt_step=0.3325 gap0=0.000 dret=+357.394 eval_ret=n/a pursuer_target_distance=1.431 capture=0.233 score=0.096 pol=-0.0012 val=0.0084 ent=0.4548 tot=+0.0017 agnorm=0.254 cgnorm=0.047 kl=0.0008 clipf=0.007 ev=+0.966 r0=1.0000 entcoef=2.90e-03 lr=1.6e-04 seed=1
iter= 493 step=1580800 ep_ret=+26.678 opt_ret=+26.678 step_rew=0.2668 opt_step=0.2668 gap0=0.000 dret=+350.826 eval_ret=n/a pursuer_target_distance=1.252 capture=0.205 score=0.091 pol=-0.0015 val=0.0076 ent=0.4629 tot=+0.0010 agnorm=0.195 cgnorm=0.044 kl=0.0013 clipf=0.013 ev=+0.962 r0=1.0000 entcoef=2.89e-03 lr=1.5e-04 seed=1
iter= 494 step=1584000 ep_ret=+89.541 opt_ret=+89.541 step_rew=0.8954 opt_step=0.8954 gap0=0.000 dret=+413.689 eval_ret=n/a pursuer_target_distance=1.255 capture=0.248 score=0.110 pol=-0.0013 val=0.0063 ent=0.4826 tot=+0.0005 agnorm=0.168 cgnorm=0.035 kl=0.0009 clipf=0.008 ev=+0.970 r0=1.0000 entcoef=2.87e-03 lr=1.5e-04 seed=1
iter= 495 step=1587200 ep_ret=-68.461 opt_ret=-68.461 step_rew=-0.6846 opt_step=-0.6846 gap0=68.461 dret=+255.686 eval_ret=n/a pursuer_target_distance=1.277 capture=0.126 score=0.055 pol=-0.0010 val=0.0057 ent=0.4283 tot=+0.0006 agnorm=0.141 cgnorm=0.042 kl=0.0007 clipf=0.007 ev=+0.974 r0=1.0000 entcoef=2.86e-03 lr=1.5e-04 seed=1
iter= 496 step=1590400 ep_ret=+22.396 opt_ret=+22.396 step_rew=0.2240 opt_step=0.2240 gap0=0.000 dret=+346.543 eval_ret=n/a pursuer_target_distance=1.133 capture=0.194 score=0.091 pol=-0.0013 val=0.0070 ent=0.4564 tot=+0.0009 agnorm=0.339 cgnorm=0.046 kl=0.0013 clipf=0.013 ev=+0.966 r0=1.0000 entcoef=2.85e-03 lr=1.5e-04 seed=1
iter= 497 step=1593600 ep_ret=-20.722 opt_ret=-20.722 step_rew=-0.2072 opt_step=-0.2072 gap0=20.722 dret=+303.425 eval_ret=n/a pursuer_target_distance=1.106 capture=0.152 score=0.072 pol=-0.0013 val=0.0046 ent=0.4504 tot=-0.0003 agnorm=0.235 cgnorm=0.029 kl=0.0011 clipf=0.010 ev=+0.978 r0=1.0000 entcoef=2.83e-03 lr=1.5e-04 seed=1
iter= 498 step=1596800 ep_ret=+4.797 opt_ret=+4.797 step_rew=0.0480 opt_step=0.0480 gap0=0.000 dret=+328.945 eval_ret=n/a pursuer_target_distance=1.462 capture=0.193 score=0.078 pol=-0.0011 val=0.0072 ent=0.4723 tot=+0.0012 agnorm=0.217 cgnorm=0.039 kl=0.0011 clipf=0.009 ev=+0.968 r0=1.0000 entcoef=2.82e-03 lr=1.5e-04 seed=1
iter= 499 step=1600000 ep_ret=+18.064 opt_ret=+18.064 step_rew=0.1806 opt_step=0.1806 gap0=0.000 dret=+342.212 eval_ret=n/a pursuer_target_distance=1.147 capture=0.188 score=0.088 pol=-0.0013 val=0.0061 ent=0.4614 tot=+0.0004 agnorm=0.243 cgnorm=0.031 kl=0.0009 clipf=0.008 ev=+0.974 r0=1.0000 entcoef=2.80e-03 lr=1.5e-04 seed=1
iter= 500 step=1603200 ep_ret=+38.308 opt_ret=+38.308 step_rew=0.3831 opt_step=0.3831 gap0=0.000 dret=+362.455 eval_ret=+77.741 pursuer_target_distance=1.082 capture=0.196 score=0.094 pol=-0.0009 val=0.0055 ent=0.4742 tot=+0.0006 agnorm=0.209 cgnorm=0.029 kl=0.0007 clipf=0.006 ev=+0.975 r0=1.0000 entcoef=2.79e-03 lr=1.5e-04 seed=1
iter= 501 step=1606400 ep_ret=+66.325 opt_ret=+66.325 step_rew=0.6632 opt_step=0.6632 gap0=0.000 dret=+390.472 eval_ret=n/a pursuer_target_distance=1.022 capture=0.226 score=0.112 pol=-0.0014 val=0.0059 ent=0.4336 tot=+0.0003 agnorm=0.252 cgnorm=0.032 kl=0.0010 clipf=0.011 ev=+0.974 r0=1.0000 entcoef=2.77e-03 lr=1.5e-04 seed=1
iter= 502 step=1609600 ep_ret=+64.254 opt_ret=+64.254 step_rew=0.6425 opt_step=0.6425 gap0=0.000 dret=+388.402 eval_ret=n/a pursuer_target_distance=1.125 capture=0.228 score=0.107 pol=-0.0009 val=0.0075 ent=0.4826 tot=+0.0015 agnorm=0.140 cgnorm=0.034 kl=0.0007 clipf=0.005 ev=+0.967 r0=1.0000 entcoef=2.76e-03 lr=1.4e-04 seed=1
iter= 503 step=1612800 ep_ret=-122.022 opt_ret=-122.022 step_rew=-1.2202 opt_step=-1.2202 gap0=122.022 dret=+202.126 eval_ret=n/a pursuer_target_distance=1.741 capture=0.109 score=0.040 pol=-0.0013 val=0.0053 ent=0.4797 tot=-0.0000 agnorm=0.153 cgnorm=0.036 kl=0.0010 clipf=0.008 ev=+0.974 r0=1.0000 entcoef=2.75e-03 lr=1.4e-04 seed=1
iter= 504 step=1616000 ep_ret=+76.831 opt_ret=+76.831 step_rew=0.7683 opt_step=0.7683 gap0=0.000 dret=+400.979 eval_ret=n/a pursuer_target_distance=0.904 capture=0.215 score=0.113 pol=-0.0017 val=0.0069 ent=0.4626 tot=+0.0005 agnorm=0.179 cgnorm=0.033 kl=0.0019 clipf=0.018 ev=+0.960 r0=1.0000 entcoef=2.73e-03 lr=1.4e-04 seed=1
iter= 505 step=1619200 ep_ret=+45.731 opt_ret=+45.731 step_rew=0.4573 opt_step=0.4573 gap0=0.000 dret=+369.879 eval_ret=n/a pursuer_target_distance=0.949 capture=0.196 score=0.101 pol=-0.0013 val=0.0051 ent=0.4420 tot=+0.0001 agnorm=0.157 cgnorm=0.043 kl=0.0011 clipf=0.012 ev=+0.970 r0=1.0000 entcoef=2.72e-03 lr=1.4e-04 seed=1
iter= 506 step=1622400 ep_ret=+39.042 opt_ret=+39.042 step_rew=0.3904 opt_step=0.3904 gap0=0.000 dret=+363.190 eval_ret=n/a pursuer_target_distance=0.807 capture=0.188 score=0.104 pol=-0.0017 val=0.0071 ent=0.4628 tot=+0.0006 agnorm=0.270 cgnorm=0.055 kl=0.0013 clipf=0.013 ev=+0.960 r0=1.0000 entcoef=2.70e-03 lr=1.4e-04 seed=1
iter= 507 step=1625600 ep_ret=+106.907 opt_ret=+106.907 step_rew=1.0691 opt_step=1.0691 gap0=0.000 dret=+431.054 eval_ret=n/a pursuer_target_distance=0.990 capture=0.263 score=0.132 pol=-0.0013 val=0.0079 ent=0.4605 tot=+0.0014 agnorm=0.190 cgnorm=0.061 kl=0.0012 clipf=0.009 ev=+0.958 r0=1.0000 entcoef=2.69e-03 lr=1.4e-04 seed=1
iter= 508 step=1628800 ep_ret=+31.140 opt_ret=+31.140 step_rew=0.3114 opt_step=0.3114 gap0=0.000 dret=+355.288 eval_ret=n/a pursuer_target_distance=1.186 capture=0.201 score=0.092 pol=-0.0015 val=0.0074 ent=0.4294 tot=+0.0010 agnorm=0.185 cgnorm=0.045 kl=0.0017 clipf=0.018 ev=+0.961 r0=1.0000 entcoef=2.67e-03 lr=1.4e-04 seed=1
iter= 509 step=1632000 ep_ret=-105.618 opt_ret=-105.618 step_rew=-1.0562 opt_step=-1.0562 gap0=105.618 dret=+218.530 eval_ret=n/a pursuer_target_distance=1.441 capture=0.112 score=0.046 pol=-0.0017 val=0.0050 ent=0.4461 tot=-0.0004 agnorm=0.184 cgnorm=0.037 kl=0.0017 clipf=0.018 ev=+0.978 r0=1.0000 entcoef=2.66e-03 lr=1.4e-04 seed=1
iter= 510 step=1635200 ep_ret=+54.128 opt_ret=+54.128 step_rew=0.5413 opt_step=0.5413 gap0=0.000 dret=+378.276 eval_ret=n/a pursuer_target_distance=0.999 capture=0.204 score=0.102 pol=-0.0017 val=0.0067 ent=0.4691 tot=+0.0004 agnorm=0.232 cgnorm=0.041 kl=0.0016 clipf=0.013 ev=+0.967 r0=1.0000 entcoef=2.64e-03 lr=1.4e-04 seed=1
iter= 511 step=1638400 ep_ret=+14.168 opt_ret=+14.168 step_rew=0.1417 opt_step=0.1417 gap0=0.000 dret=+338.316 eval_ret=n/a pursuer_target_distance=1.176 capture=0.188 score=0.086 pol=-0.0010 val=0.0087 ent=0.4532 tot=+0.0022 agnorm=0.207 cgnorm=0.051 kl=0.0012 clipf=0.008 ev=+0.952 r0=1.0000 entcoef=2.63e-03 lr=1.3e-04 seed=1
iter= 512 step=1641600 ep_ret=+1.106 opt_ret=+1.106 step_rew=0.0111 opt_step=0.0111 gap0=0.000 dret=+325.253 eval_ret=n/a pursuer_target_distance=1.329 capture=0.189 score=0.081 pol=-0.0014 val=0.0073 ent=0.4727 tot=+0.0010 agnorm=0.233 cgnorm=0.041 kl=0.0009 clipf=0.009 ev=+0.969 r0=1.0000 entcoef=2.62e-03 lr=1.3e-04 seed=1
iter= 513 step=1644800 ep_ret=+115.036 opt_ret=+115.036 step_rew=1.1504 opt_step=1.1504 gap0=0.000 dret=+439.183 eval_ret=n/a pursuer_target_distance=1.008 capture=0.280 score=0.140 pol=-0.0013 val=0.0080 ent=0.4715 tot=+0.0015 agnorm=0.203 cgnorm=0.048 kl=0.0011 clipf=0.011 ev=+0.968 r0=1.0000 entcoef=2.60e-03 lr=1.3e-04 seed=1
iter= 514 step=1648000 ep_ret=+213.254 opt_ret=+213.254 step_rew=2.1325 opt_step=2.1325 gap0=0.000 dret=+537.402 eval_ret=n/a pursuer_target_distance=0.766 capture=0.333 score=0.188 pol=-0.0012 val=0.0118 ent=0.4637 tot=+0.0036 agnorm=0.262 cgnorm=0.052 kl=0.0019 clipf=0.016 ev=+0.933 r0=1.0000 entcoef=2.59e-03 lr=1.3e-04 seed=1
iter= 515 step=1651200 ep_ret=-75.889 opt_ret=-75.889 step_rew=-0.7589 opt_step=-0.7589 gap0=75.889 dret=+248.258 eval_ret=n/a pursuer_target_distance=1.343 capture=0.130 score=0.055 pol=-0.0010 val=0.0057 ent=0.4373 tot=+0.0007 agnorm=0.315 cgnorm=0.036 kl=0.0009 clipf=0.007 ev=+0.974 r0=1.0000 entcoef=2.57e-03 lr=1.3e-04 seed=1
iter= 516 step=1654400 ep_ret=+51.776 opt_ret=+51.776 step_rew=0.5178 opt_step=0.5178 gap0=0.000 dret=+375.923 eval_ret=n/a pursuer_target_distance=1.169 capture=0.221 score=0.102 pol=-0.0013 val=0.0080 ent=0.4970 tot=+0.0014 agnorm=0.216 cgnorm=0.037 kl=0.0011 clipf=0.012 ev=+0.962 r0=1.0000 entcoef=2.56e-03 lr=1.3e-04 seed=1
iter= 517 step=1657600 ep_ret=+7.899 opt_ret=+7.899 step_rew=0.0790 opt_step=0.0790 gap0=0.000 dret=+332.047 eval_ret=n/a pursuer_target_distance=1.199 capture=0.175 score=0.080 pol=-0.0010 val=0.0066 ent=0.4428 tot=+0.0012 agnorm=0.254 cgnorm=0.043 kl=0.0009 clipf=0.007 ev=+0.968 r0=1.0000 entcoef=2.54e-03 lr=1.3e-04 seed=1
iter= 518 step=1660800 ep_ret=-35.766 opt_ret=-35.766 step_rew=-0.3577 opt_step=-0.3577 gap0=35.766 dret=+288.382 eval_ret=n/a pursuer_target_distance=1.283 capture=0.147 score=0.065 pol=-0.0012 val=0.0055 ent=0.4730 tot=+0.0003 agnorm=0.192 cgnorm=0.028 kl=0.0013 clipf=0.011 ev=+0.976 r0=1.0000 entcoef=2.53e-03 lr=1.3e-04 seed=1
iter= 519 step=1664000 ep_ret=+107.955 opt_ret=+107.955 step_rew=1.0796 opt_step=1.0796 gap0=0.000 dret=+432.103 eval_ret=n/a pursuer_target_distance=0.966 capture=0.250 score=0.127 pol=-0.0011 val=0.0083 ent=0.4661 tot=+0.0019 agnorm=0.217 cgnorm=0.044 kl=0.0007 clipf=0.007 ev=+0.955 r0=1.0000 entcoef=2.51e-03 lr=1.3e-04 seed=1
iter= 520 step=1667200 ep_ret=+124.469 opt_ret=+124.469 step_rew=1.2447 opt_step=1.2447 gap0=0.000 dret=+448.617 eval_ret=+84.553 pursuer_target_distance=0.938 capture=0.269 score=0.139 pol=-0.0016 val=0.0066 ent=0.4307 tot=+0.0007 agnorm=0.181 cgnorm=0.042 kl=0.0016 clipf=0.017 ev=+0.968 r0=1.0000 entcoef=2.50e-03 lr=1.3e-04 seed=1
iter= 521 step=1670400 ep_ret=+30.594 opt_ret=+30.594 step_rew=0.3059 opt_step=0.3059 gap0=0.000 dret=+354.742 eval_ret=n/a pursuer_target_distance=1.208 capture=0.200 score=0.091 pol=-0.0009 val=0.0065 ent=0.4582 tot=+0.0012 agnorm=0.286 cgnorm=0.038 kl=0.0008 clipf=0.006 ev=+0.969 r0=1.0000 entcoef=2.49e-03 lr=1.2e-04 seed=1
iter= 522 step=1673600 ep_ret=+95.452 opt_ret=+95.452 step_rew=0.9545 opt_step=0.9545 gap0=0.000 dret=+419.600 eval_ret=n/a pursuer_target_distance=0.965 capture=0.250 score=0.127 pol=-0.0017 val=0.0056 ent=0.4301 tot=+0.0001 agnorm=0.253 cgnorm=0.040 kl=0.0016 clipf=0.017 ev=+0.972 r0=1.0000 entcoef=2.47e-03 lr=1.2e-04 seed=1
iter= 523 step=1676800 ep_ret=+55.721 opt_ret=+55.721 step_rew=0.5572 opt_step=0.5572 gap0=0.000 dret=+379.869 eval_ret=n/a pursuer_target_distance=1.011 capture=0.215 score=0.107 pol=-0.0011 val=0.0070 ent=0.4328 tot=+0.0014 agnorm=0.254 cgnorm=0.033 kl=0.0011 clipf=0.012 ev=+0.967 r0=1.0000 entcoef=2.46e-03 lr=1.2e-04 seed=1
iter= 524 step=1680000 ep_ret=-6.744 opt_ret=-6.744 step_rew=-0.0674 opt_step=-0.0674 gap0=6.744 dret=+317.404 eval_ret=n/a pursuer_target_distance=1.230 capture=0.182 score=0.081 pol=-0.0014 val=0.0073 ent=0.4813 tot=+0.0011 agnorm=0.198 cgnorm=0.037 kl=0.0014 clipf=0.013 ev=+0.967 r0=1.0000 entcoef=2.44e-03 lr=1.2e-04 seed=1
iter= 525 step=1683200 ep_ret=+153.996 opt_ret=+153.996 step_rew=1.5400 opt_step=1.5400 gap0=0.000 dret=+478.144 eval_ret=n/a pursuer_target_distance=0.829 capture=0.303 score=0.166 pol=-0.0015 val=0.0068 ent=0.4503 tot=+0.0008 agnorm=0.185 cgnorm=0.037 kl=0.0010 clipf=0.008 ev=+0.972 r0=1.0000 entcoef=2.43e-03 lr=1.2e-04 seed=1
iter= 526 step=1686400 ep_ret=+65.715 opt_ret=+65.715 step_rew=0.6572 opt_step=0.6572 gap0=0.000 dret=+389.863 eval_ret=n/a pursuer_target_distance=1.138 capture=0.224 score=0.105 pol=-0.0014 val=0.0066 ent=0.4223 tot=+0.0009 agnorm=0.149 cgnorm=0.039 kl=0.0007 clipf=0.006 ev=+0.967 r0=1.0000 entcoef=2.41e-03 lr=1.2e-04 seed=1
iter= 527 step=1689600 ep_ret=+6.562 opt_ret=+6.562 step_rew=0.0656 opt_step=0.0656 gap0=0.000 dret=+330.710 eval_ret=n/a pursuer_target_distance=1.176 capture=0.177 score=0.081 pol=-0.0011 val=0.0054 ent=0.4252 tot=+0.0005 agnorm=0.156 cgnorm=0.035 kl=0.0009 clipf=0.007 ev=+0.973 r0=1.0000 entcoef=2.40e-03 lr=1.2e-04 seed=1
iter= 528 step=1692800 ep_ret=+15.930 opt_ret=+15.930 step_rew=0.1593 opt_step=0.1593 gap0=0.000 dret=+340.078 eval_ret=n/a pursuer_target_distance=1.287 capture=0.202 score=0.088 pol=-0.0016 val=0.0069 ent=0.4609 tot=+0.0008 agnorm=0.238 cgnorm=0.054 kl=0.0010 clipf=0.010 ev=+0.963 r0=1.0000 entcoef=2.38e-03 lr=1.2e-04 seed=1
iter= 529 step=1696000 ep_ret=+239.657 opt_ret=+239.657 step_rew=2.3966 opt_step=2.3966 gap0=0.000 dret=+563.805 eval_ret=n/a pursuer_target_distance=1.016 capture=0.371 score=0.184 pol=-0.0011 val=0.0110 ent=0.4503 tot=+0.0033 agnorm=0.218 cgnorm=0.071 kl=0.0009 clipf=0.007 ev=+0.946 r0=1.0000 entcoef=2.37e-03 lr=1.2e-04 seed=1
iter= 530 step=1699200 ep_ret=+120.783 opt_ret=+120.783 step_rew=1.2078 opt_step=1.2078 gap0=0.000 dret=+444.930 eval_ret=n/a pursuer_target_distance=1.133 capture=0.273 score=0.128 pol=-0.0013 val=0.0077 ent=0.4514 tot=+0.0015 agnorm=0.197 cgnorm=0.039 kl=0.0013 clipf=0.012 ev=+0.965 r0=1.0000 entcoef=2.36e-03 lr=1.1e-04 seed=1
iter= 531 step=1702400 ep_ret=-11.987 opt_ret=-11.987 step_rew=-0.1199 opt_step=-0.1199 gap0=11.987 dret=+312.160 eval_ret=n/a pursuer_target_distance=1.147 capture=0.166 score=0.077 pol=-0.0015 val=0.0071 ent=0.4643 tot=+0.0009 agnorm=0.328 cgnorm=0.040 kl=0.0017 clipf=0.010 ev=+0.967 r0=1.0000 entcoef=2.34e-03 lr=1.1e-04 seed=1
iter= 532 step=1705600 ep_ret=+44.451 opt_ret=+44.451 step_rew=0.4445 opt_step=0.4445 gap0=0.000 dret=+368.599 eval_ret=n/a pursuer_target_distance=1.020 capture=0.210 score=0.104 pol=-0.0011 val=0.0066 ent=0.4792 tot=+0.0011 agnorm=0.244 cgnorm=0.043 kl=0.0010 clipf=0.008 ev=+0.968 r0=1.0000 entcoef=2.33e-03 lr=1.1e-04 seed=1
iter= 533 step=1708800 ep_ret=+23.553 opt_ret=+23.553 step_rew=0.2355 opt_step=0.2355 gap0=0.000 dret=+347.701 eval_ret=n/a pursuer_target_distance=1.287 capture=0.198 score=0.086 pol=-0.0011 val=0.0092 ent=0.4044 tot=+0.0026 agnorm=0.194 cgnorm=0.051 kl=0.0008 clipf=0.007 ev=+0.956 r0=1.0000 entcoef=2.31e-03 lr=1.1e-04 seed=1
iter= 534 step=1712000 ep_ret=+65.907 opt_ret=+65.907 step_rew=0.6591 opt_step=0.6591 gap0=0.000 dret=+390.055 eval_ret=n/a pursuer_target_distance=1.250 capture=0.240 score=0.107 pol=-0.0012 val=0.0079 ent=0.4863 tot=+0.0016 agnorm=0.248 cgnorm=0.035 kl=0.0011 clipf=0.008 ev=+0.967 r0=1.0000 entcoef=2.30e-03 lr=1.1e-04 seed=1
iter= 535 step=1715200 ep_ret=+42.668 opt_ret=+42.668 step_rew=0.4267 opt_step=0.4267 gap0=0.000 dret=+366.815 eval_ret=n/a pursuer_target_distance=1.208 capture=0.220 score=0.099 pol=-0.0008 val=0.0063 ent=0.4434 tot=+0.0013 agnorm=0.539 cgnorm=0.042 kl=0.0007 clipf=0.006 ev=+0.971 r0=1.0000 entcoef=2.28e-03 lr=1.1e-04 seed=1
iter= 536 step=1718400 ep_ret=+54.824 opt_ret=+54.824 step_rew=0.5482 opt_step=0.5482 gap0=0.000 dret=+378.972 eval_ret=n/a pursuer_target_distance=0.922 capture=0.203 score=0.106 pol=-0.0011 val=0.0051 ent=0.4547 tot=+0.0004 agnorm=0.198 cgnorm=0.035 kl=0.0014 clipf=0.012 ev=+0.972 r0=1.0000 entcoef=2.27e-03 lr=1.1e-04 seed=1
iter= 537 step=1721600 ep_ret=+79.350 opt_ret=+79.350 step_rew=0.7935 opt_step=0.7935 gap0=0.000 dret=+403.498 eval_ret=n/a pursuer_target_distance=1.048 capture=0.237 score=0.115 pol=-0.0011 val=0.0068 ent=0.4467 tot=+0.0013 agnorm=0.189 cgnorm=0.039 kl=0.0011 clipf=0.011 ev=+0.964 r0=1.0000 entcoef=2.25e-03 lr=1.1e-04 seed=1
iter= 538 step=1724800 ep_ret=+55.232 opt_ret=+55.232 step_rew=0.5523 opt_step=0.5523 gap0=0.000 dret=+379.380 eval_ret=n/a pursuer_target_distance=1.206 capture=0.219 score=0.099 pol=-0.0009 val=0.0050 ent=0.4329 tot=+0.0006 agnorm=0.204 cgnorm=0.036 kl=0.0005 clipf=0.004 ev=+0.975 r0=1.0000 entcoef=2.24e-03 lr=1.1e-04 seed=1
iter= 539 step=1728000 ep_ret=+102.914 opt_ret=+102.914 step_rew=1.0291 opt_step=1.0291 gap0=0.000 dret=+427.061 eval_ret=n/a pursuer_target_distance=1.116 capture=0.254 score=0.120 pol=-0.0013 val=0.0073 ent=0.4250 tot=+0.0014 agnorm=0.184 cgnorm=0.036 kl=0.0009 clipf=0.009 ev=+0.960 r0=1.0000 entcoef=2.23e-03 lr=1.0e-04 seed=1
iter= 540 step=1731200 ep_ret=+23.067 opt_ret=+23.067 step_rew=0.2307 opt_step=0.2307 gap0=0.000 dret=+347.214 eval_ret=+84.428 pursuer_target_distance=1.250 capture=0.198 score=0.088 pol=-0.0007 val=0.0059 ent=0.4283 tot=+0.0013 agnorm=0.144 cgnorm=0.036 kl=0.0006 clipf=0.006 ev=+0.970 r0=1.0000 entcoef=2.21e-03 lr=1.0e-04 seed=1
iter= 541 step=1734400 ep_ret=+32.526 opt_ret=+32.526 step_rew=0.3253 opt_step=0.3253 gap0=0.000 dret=+356.674 eval_ret=n/a pursuer_target_distance=1.250 capture=0.204 score=0.091 pol=-0.0012 val=0.0062 ent=0.4720 tot=+0.0008 agnorm=0.435 cgnorm=0.035 kl=0.0007 clipf=0.006 ev=+0.970 r0=1.0000 entcoef=2.20e-03 lr=1.0e-04 seed=1
iter= 542 step=1737600 ep_ret=+33.626 opt_ret=+33.626 step_rew=0.3363 opt_step=0.3363 gap0=0.000 dret=+357.774 eval_ret=n/a pursuer_target_distance=1.324 capture=0.213 score=0.092 pol=-0.0011 val=0.0071 ent=0.4401 tot=+0.0015 agnorm=0.214 cgnorm=0.026 kl=0.0007 clipf=0.006 ev=+0.970 r0=1.0000 entcoef=2.18e-03 lr=1.0e-04 seed=1
iter= 543 step=1740800 ep_ret=+13.649 opt_ret=+13.649 step_rew=0.1365 opt_step=0.1365 gap0=0.000 dret=+337.797 eval_ret=n/a pursuer_target_distance=1.133 capture=0.180 score=0.084 pol=-0.0012 val=0.0069 ent=0.4785 tot=+0.0012 agnorm=0.149 cgnorm=0.026 kl=0.0017 clipf=0.013 ev=+0.963 r0=1.0000 entcoef=2.17e-03 lr=1.0e-04 seed=1
iter= 544 step=1744000 ep_ret=+61.497 opt_ret=+61.497 step_rew=0.6150 opt_step=0.6150 gap0=0.000 dret=+385.645 eval_ret=n/a pursuer_target_distance=1.021 capture=0.215 score=0.106 pol=-0.0014 val=0.0065 ent=0.4505 tot=+0.0009 agnorm=0.196 cgnorm=0.032 kl=0.0009 clipf=0.008 ev=+0.971 r0=1.0000 entcoef=2.15e-03 lr=9.8e-05 seed=1
iter= 545 step=1747200 ep_ret=+96.626 opt_ret=+96.626 step_rew=0.9663 opt_step=0.9663 gap0=0.000 dret=+420.774 eval_ret=n/a pursuer_target_distance=0.941 capture=0.245 score=0.126 pol=-0.0009 val=0.0088 ent=0.4692 tot=+0.0025 agnorm=0.277 cgnorm=0.040 kl=0.0007 clipf=0.007 ev=+0.952 r0=1.0000 entcoef=2.14e-03 lr=9.7e-05 seed=1
iter= 546 step=1750400 ep_ret=-5.352 opt_ret=-5.352 step_rew=-0.0535 opt_step=-0.0535 gap0=5.352 dret=+318.796 eval_ret=n/a pursuer_target_distance=1.103 capture=0.168 score=0.080 pol=-0.0010 val=0.0051 ent=0.4708 tot=+0.0006 agnorm=0.224 cgnorm=0.039 kl=0.0007 clipf=0.005 ev=+0.974 r0=1.0000 entcoef=2.13e-03 lr=9.6e-05 seed=1
iter= 547 step=1753600 ep_ret=+7.083 opt_ret=+7.083 step_rew=0.0708 opt_step=0.0708 gap0=0.000 dret=+331.231 eval_ret=n/a pursuer_target_distance=1.155 capture=0.174 score=0.081 pol=-0.0014 val=0.0053 ent=0.4234 tot=+0.0004 agnorm=0.190 cgnorm=0.028 kl=0.0013 clipf=0.012 ev=+0.972 r0=1.0000 entcoef=2.11e-03 lr=9.5e-05 seed=1
iter= 548 step=1756800 ep_ret=+36.880 opt_ret=+36.880 step_rew=0.3688 opt_step=0.3688 gap0=0.000 dret=+361.028 eval_ret=n/a pursuer_target_distance=1.083 capture=0.199 score=0.095 pol=-0.0010 val=0.0060 ent=0.4371 tot=+0.0011 agnorm=0.161 cgnorm=0.039 kl=0.0009 clipf=0.008 ev=+0.970 r0=1.0000 entcoef=2.10e-03 lr=9.4e-05 seed=1
iter= 549 step=1760000 ep_ret=-60.075 opt_ret=-60.075 step_rew=-0.6007 opt_step=-0.6007 gap0=60.075 dret=+264.073 eval_ret=n/a pursuer_target_distance=1.294 capture=0.130 score=0.057 pol=-0.0012 val=0.0047 ent=0.4467 tot=+0.0002 agnorm=0.208 cgnorm=0.037 kl=0.0009 clipf=0.008 ev=+0.978 r0=1.0000 entcoef=2.08e-03 lr=9.3e-05 seed=1
iter= 550 step=1763200 ep_ret=+56.811 opt_ret=+56.811 step_rew=0.5681 opt_step=0.5681 gap0=0.000 dret=+380.959 eval_ret=n/a pursuer_target_distance=1.049 capture=0.214 score=0.105 pol=-0.0013 val=0.0070 ent=0.4177 tot=+0.0013 agnorm=0.179 cgnorm=0.033 kl=0.0013 clipf=0.013 ev=+0.963 r0=1.0000 entcoef=2.07e-03 lr=9.2e-05 seed=1
iter= 551 step=1766400 ep_ret=+13.117 opt_ret=+13.117 step_rew=0.1312 opt_step=0.1312 gap0=0.000 dret=+337.265 eval_ret=n/a pursuer_target_distance=1.134 capture=0.193 score=0.090 pol=-0.0012 val=0.0080 ent=0.4437 tot=+0.0019 agnorm=0.178 cgnorm=0.034 kl=0.0015 clipf=0.013 ev=+0.961 r0=1.0000 entcoef=2.05e-03 lr=9.1e-05 seed=1
iter= 552 step=1769600 ep_ret=+151.124 opt_ret=+151.124 step_rew=1.5112 opt_step=1.5112 gap0=0.000 dret=+475.271 eval_ret=n/a pursuer_target_distance=0.706 capture=0.283 score=0.166 pol=-0.0012 val=0.0083 ent=0.4613 tot=+0.0020 agnorm=0.313 cgnorm=0.053 kl=0.0009 clipf=0.009 ev=+0.954 r0=1.0000 entcoef=2.04e-03 lr=9.0e-05 seed=1
iter= 553 step=1772800 ep_ret=+68.201 opt_ret=+68.201 step_rew=0.6820 opt_step=0.6820 gap0=0.000 dret=+392.348 eval_ret=n/a pursuer_target_distance=1.073 capture=0.226 score=0.109 pol=-0.0011 val=0.0059 ent=0.4634 tot=+0.0009 agnorm=0.243 cgnorm=0.038 kl=0.0011 clipf=0.010 ev=+0.966 r0=1.0000 entcoef=2.02e-03 lr=8.9e-05 seed=1
iter= 554 step=1776000 ep_ret=+130.278 opt_ret=+130.278 step_rew=1.3028 opt_step=1.3028 gap0=0.000 dret=+454.426 eval_ret=n/a pursuer_target_distance=0.975 capture=0.278 score=0.141 pol=-0.0009 val=0.0063 ent=0.4355 tot=+0.0013 agnorm=0.196 cgnorm=0.043 kl=0.0009 clipf=0.006 ev=+0.970 r0=1.0000 entcoef=2.01e-03 lr=8.7e-05 seed=1
iter= 555 step=1779200 ep_ret=+21.471 opt_ret=+21.471 step_rew=0.2147 opt_step=0.2147 gap0=0.000 dret=+345.619 eval_ret=n/a pursuer_target_distance=1.112 capture=0.188 score=0.089 pol=-0.0007 val=0.0056 ent=0.4294 tot=+0.0012 agnorm=0.147 cgnorm=0.040 kl=0.0005 clipf=0.004 ev=+0.973 r0=1.0000 entcoef=2.00e-03 lr=8.6e-05 seed=1
iter= 556 step=1782400 ep_ret=+89.298 opt_ret=+89.298 step_rew=0.8930 opt_step=0.8930 gap0=0.000 dret=+413.446 eval_ret=n/a pursuer_target_distance=1.034 capture=0.237 score=0.117 pol=-0.0010 val=0.0056 ent=0.4161 tot=+0.0010 agnorm=0.161 cgnorm=0.034 kl=0.0007 clipf=0.006 ev=+0.969 r0=1.0000 entcoef=1.98e-03 lr=8.5e-05 seed=1
iter= 557 step=1785600 ep_ret=+68.485 opt_ret=+68.485 step_rew=0.6848 opt_step=0.6848 gap0=0.000 dret=+392.633 eval_ret=n/a pursuer_target_distance=0.843 capture=0.218 score=0.119 pol=-0.0010 val=0.0077 ent=0.4575 tot=+0.0020 agnorm=0.231 cgnorm=0.056 kl=0.0007 clipf=0.006 ev=+0.958 r0=1.0000 entcoef=1.97e-03 lr=8.4e-05 seed=1
iter= 558 step=1788800 ep_ret=+110.522 opt_ret=+110.522 step_rew=1.1052 opt_step=1.1052 gap0=0.000 dret=+434.670 eval_ret=n/a pursuer_target_distance=0.992 capture=0.256 score=0.128 pol=-0.0009 val=0.0071 ent=0.4819 tot=+0.0017 agnorm=0.196 cgnorm=0.035 kl=0.0007 clipf=0.007 ev=+0.963 r0=1.0000 entcoef=1.95e-03 lr=8.3e-05 seed=1
iter= 559 step=1792000 ep_ret=+86.008 opt_ret=+86.008 step_rew=0.8601 opt_step=0.8601 gap0=0.000 dret=+410.156 eval_ret=n/a pursuer_target_distance=0.852 capture=0.243 score=0.131 pol=-0.0009 val=0.0068 ent=0.4548 tot=+0.0017 agnorm=0.188 cgnorm=0.048 kl=0.0010 clipf=0.009 ev=+0.966 r0=1.0000 entcoef=1.94e-03 lr=8.2e-05 seed=1
iter= 560 step=1795200 ep_ret=+144.064 opt_ret=+144.064 step_rew=1.4406 opt_step=1.4406 gap0=0.000 dret=+468.212 eval_ret=+62.963 pursuer_target_distance=0.800 capture=0.267 score=0.148 pol=-0.0011 val=0.0070 ent=0.4310 tot=+0.0016 agnorm=0.177 cgnorm=0.041 kl=0.0008 clipf=0.007 ev=+0.958 r0=1.0000 entcoef=1.92e-03 lr=8.1e-05 seed=1
iter= 561 step=1798400 ep_ret=+66.608 opt_ret=+66.608 step_rew=0.6661 opt_step=0.6661 gap0=0.000 dret=+390.756 eval_ret=n/a pursuer_target_distance=0.929 capture=0.206 score=0.107 pol=-0.0011 val=0.0065 ent=0.4768 tot=+0.0012 agnorm=0.256 cgnorm=0.040 kl=0.0008 clipf=0.007 ev=+0.966 r0=1.0000 entcoef=1.91e-03 lr=8.0e-05 seed=1
iter= 562 step=1801600 ep_ret=+118.360 opt_ret=+118.360 step_rew=1.1836 opt_step=1.1836 gap0=0.000 dret=+442.508 eval_ret=n/a pursuer_target_distance=0.807 capture=0.252 score=0.140 pol=-0.0009 val=0.0079 ent=0.4426 tot=+0.0022 agnorm=0.166 cgnorm=0.047 kl=0.0008 clipf=0.008 ev=+0.953 r0=1.0000 entcoef=1.89e-03 lr=7.9e-05 seed=1
iter= 563 step=1804800 ep_ret=+145.559 opt_ret=+145.559 step_rew=1.4556 opt_step=1.4556 gap0=0.000 dret=+469.706 eval_ret=n/a pursuer_target_distance=0.934 capture=0.278 score=0.144 pol=-0.0011 val=0.0076 ent=0.4535 tot=+0.0019 agnorm=0.280 cgnorm=0.038 kl=0.0009 clipf=0.008 ev=+0.960 r0=1.0000 entcoef=1.88e-03 lr=7.7e-05 seed=1
iter= 564 step=1808000 ep_ret=+44.467 opt_ret=+44.467 step_rew=0.4447 opt_step=0.4447 gap0=0.000 dret=+368.614 eval_ret=n/a pursuer_target_distance=1.130 capture=0.205 score=0.096 pol=-0.0010 val=0.0067 ent=0.4478 tot=+0.0015 agnorm=0.183 cgnorm=0.046 kl=0.0008 clipf=0.006 ev=+0.967 r0=1.0000 entcoef=1.87e-03 lr=7.6e-05 seed=1
iter= 565 step=1811200 ep_ret=+68.486 opt_ret=+68.486 step_rew=0.6849 opt_step=0.6849 gap0=0.000 dret=+392.633 eval_ret=n/a pursuer_target_distance=1.170 capture=0.234 score=0.108 pol=-0.0008 val=0.0070 ent=0.4495 tot=+0.0018 agnorm=0.144 cgnorm=0.051 kl=0.0007 clipf=0.005 ev=+0.965 r0=1.0000 entcoef=1.85e-03 lr=7.5e-05 seed=1
iter= 566 step=1814400 ep_ret=+54.215 opt_ret=+54.215 step_rew=0.5422 opt_step=0.5422 gap0=0.000 dret=+378.363 eval_ret=n/a pursuer_target_distance=0.955 capture=0.208 score=0.107 pol=-0.0010 val=0.0082 ent=0.4626 tot=+0.0022 agnorm=0.212 cgnorm=0.043 kl=0.0007 clipf=0.006 ev=+0.957 r0=1.0000 entcoef=1.84e-03 lr=7.4e-05 seed=1
iter= 567 step=1817600 ep_ret=+82.853 opt_ret=+82.853 step_rew=0.8285 opt_step=0.8285 gap0=0.000 dret=+407.000 eval_ret=n/a pursuer_target_distance=0.987 capture=0.233 score=0.117 pol=-0.0010 val=0.0056 ent=0.4681 tot=+0.0009 agnorm=0.207 cgnorm=0.036 kl=0.0008 clipf=0.007 ev=+0.969 r0=1.0000 entcoef=1.82e-03 lr=7.3e-05 seed=1
iter= 568 step=1820800 ep_ret=+73.623 opt_ret=+73.623 step_rew=0.7362 opt_step=0.7362 gap0=0.000 dret=+397.771 eval_ret=n/a pursuer_target_distance=1.062 capture=0.221 score=0.107 pol=-0.0010 val=0.0076 ent=0.4415 tot=+0.0020 agnorm=0.285 cgnorm=0.039 kl=0.0008 clipf=0.007 ev=+0.959 r0=1.0000 entcoef=1.81e-03 lr=7.2e-05 seed=1
iter= 569 step=1824000 ep_ret=+10.606 opt_ret=+10.606 step_rew=0.1061 opt_step=0.1061 gap0=0.000 dret=+334.754 eval_ret=n/a pursuer_target_distance=1.309 capture=0.190 score=0.082 pol=-0.0009 val=0.0064 ent=0.4431 tot=+0.0015 agnorm=0.160 cgnorm=0.050 kl=0.0008 clipf=0.007 ev=+0.969 r0=1.0000 entcoef=1.79e-03 lr=7.1e-05 seed=1
iter= 570 step=1827200 ep_ret=-17.585 opt_ret=-17.585 step_rew=-0.1758 opt_step=-0.1758 gap0=17.585 dret=+306.563 eval_ret=n/a pursuer_target_distance=1.392 capture=0.172 score=0.072 pol=-0.0011 val=0.0065 ent=0.4230 tot=+0.0014 agnorm=0.216 cgnorm=0.054 kl=0.0008 clipf=0.008 ev=+0.963 r0=1.0000 entcoef=1.78e-03 lr=7.0e-05 seed=1
iter= 571 step=1830400 ep_ret=+19.156 opt_ret=+19.156 step_rew=0.1916 opt_step=0.1916 gap0=0.000 dret=+343.304 eval_ret=n/a pursuer_target_distance=1.289 capture=0.188 score=0.082 pol=-0.0009 val=0.0061 ent=0.4401 tot=+0.0013 agnorm=0.143 cgnorm=0.041 kl=0.0005 clipf=0.004 ev=+0.966 r0=1.0000 entcoef=1.76e-03 lr=6.9e-05 seed=1
iter= 572 step=1833600 ep_ret=+36.888 opt_ret=+36.888 step_rew=0.3689 opt_step=0.3689 gap0=0.000 dret=+361.036 eval_ret=n/a pursuer_target_distance=1.117 capture=0.206 score=0.097 pol=-0.0009 val=0.0073 ent=0.4363 tot=+0.0019 agnorm=0.196 cgnorm=0.042 kl=0.0007 clipf=0.005 ev=+0.962 r0=1.0000 entcoef=1.75e-03 lr=6.8e-05 seed=1
iter= 573 step=1836800 ep_ret=+59.843 opt_ret=+59.843 step_rew=0.5984 opt_step=0.5984 gap0=0.000 dret=+383.990 eval_ret=n/a pursuer_target_distance=0.905 capture=0.209 score=0.110 pol=-0.0009 val=0.0059 ent=0.4251 tot=+0.0013 agnorm=0.203 cgnorm=0.025 kl=0.0006 clipf=0.005 ev=+0.968 r0=1.0000 entcoef=1.74e-03 lr=6.6e-05 seed=1
iter= 574 step=1840000 ep_ret=-16.435 opt_ret=-16.435 step_rew=-0.1643 opt_step=-0.1643 gap0=16.435 dret=+307.713 eval_ret=n/a pursuer_target_distance=1.229 capture=0.167 score=0.075 pol=-0.0006 val=0.0066 ent=0.4516 tot=+0.0019 agnorm=0.103 cgnorm=0.041 kl=0.0004 clipf=0.002 ev=+0.967 r0=1.0000 entcoef=1.72e-03 lr=6.5e-05 seed=1
iter= 575 step=1843200 ep_ret=+8.548 opt_ret=+8.548 step_rew=0.0855 opt_step=0.0855 gap0=0.000 dret=+332.696 eval_ret=n/a pursuer_target_distance=1.192 capture=0.180 score=0.082 pol=-0.0007 val=0.0039 ent=0.4550 tot=+0.0004 agnorm=0.128 cgnorm=0.026 kl=0.0004 clipf=0.003 ev=+0.981 r0=1.0000 entcoef=1.71e-03 lr=6.4e-05 seed=1
iter= 576 step=1846400 ep_ret=-15.933 opt_ret=-15.933 step_rew=-0.1593 opt_step=-0.1593 gap0=15.933 dret=+308.215 eval_ret=n/a pursuer_target_distance=1.117 capture=0.163 score=0.077 pol=-0.0008 val=0.0046 ent=0.4491 tot=+0.0008 agnorm=0.166 cgnorm=0.031 kl=0.0008 clipf=0.006 ev=+0.974 r0=1.0000 entcoef=1.69e-03 lr=6.3e-05 seed=1
iter= 577 step=1849600 ep_ret=+15.482 opt_ret=+15.482 step_rew=0.1548 opt_step=0.1548 gap0=0.000 dret=+339.630 eval_ret=n/a pursuer_target_distance=1.258 capture=0.191 score=0.085 pol=-0.0008 val=0.0062 ent=0.4622 tot=+0.0015 agnorm=0.217 cgnorm=0.038 kl=0.0003 clipf=0.002 ev=+0.967 r0=1.0000 entcoef=1.68e-03 lr=6.2e-05 seed=1
iter= 578 step=1852800 ep_ret=+96.741 opt_ret=+96.741 step_rew=0.9674 opt_step=0.9674 gap0=0.000 dret=+420.889 eval_ret=n/a pursuer_target_distance=0.954 capture=0.238 score=0.122 pol=-0.0011 val=0.0061 ent=0.4379 tot=+0.0012 agnorm=0.241 cgnorm=0.046 kl=0.0007 clipf=0.007 ev=+0.965 r0=1.0000 entcoef=1.66e-03 lr=6.1e-05 seed=1
iter= 579 step=1856000 ep_ret=+123.069 opt_ret=+123.069 step_rew=1.2307 opt_step=1.2307 gap0=0.000 dret=+447.216 eval_ret=n/a pursuer_target_distance=0.836 capture=0.256 score=0.140 pol=-0.0008 val=0.0061 ent=0.4105 tot=+0.0015 agnorm=0.226 cgnorm=0.041 kl=0.0004 clipf=0.003 ev=+0.966 r0=1.0000 entcoef=1.65e-03 lr=6.0e-05 seed=1
iter= 580 step=1859200 ep_ret=+30.327 opt_ret=+30.327 step_rew=0.3033 opt_step=0.3033 gap0=0.000 dret=+354.475 eval_ret=+84.173 pursuer_target_distance=1.061 capture=0.189 score=0.092 pol=-0.0008 val=0.0074 ent=0.4230 tot=+0.0022 agnorm=0.193 cgnorm=0.039 kl=0.0004 clipf=0.004 ev=+0.956 r0=1.0000 entcoef=1.63e-03 lr=5.9e-05 seed=1
iter= 581 step=1862400 ep_ret=-40.102 opt_ret=-40.102 step_rew=-0.4010 opt_step=-0.4010 gap0=40.102 dret=+284.046 eval_ret=n/a pursuer_target_distance=1.107 capture=0.138 score=0.066 pol=-0.0008 val=0.0057 ent=0.4295 tot=+0.0014 agnorm=0.188 cgnorm=0.035 kl=0.0005 clipf=0.004 ev=+0.967 r0=1.0000 entcoef=1.62e-03 lr=5.8e-05 seed=1
iter= 582 step=1865600 ep_ret=+64.364 opt_ret=+64.364 step_rew=0.6436 opt_step=0.6436 gap0=0.000 dret=+388.512 eval_ret=n/a pursuer_target_distance=1.250 capture=0.238 score=0.106 pol=-0.0007 val=0.0066 ent=0.4572 tot=+0.0019 agnorm=0.187 cgnorm=0.038 kl=0.0006 clipf=0.005 ev=+0.972 r0=1.0000 entcoef=1.61e-03 lr=5.6e-05 seed=1
iter= 583 step=1868800 ep_ret=+82.249 opt_ret=+82.249 step_rew=0.8225 opt_step=0.8225 gap0=0.000 dret=+406.397 eval_ret=n/a pursuer_target_distance=1.017 capture=0.227 score=0.113 pol=-0.0007 val=0.0069 ent=0.4426 tot=+0.0020 agnorm=0.214 cgnorm=0.053 kl=0.0005 clipf=0.004 ev=+0.959 r0=1.0000 entcoef=1.59e-03 lr=5.5e-05 seed=1
iter= 584 step=1872000 ep_ret=+130.647 opt_ret=+130.647 step_rew=1.3065 opt_step=1.3065 gap0=0.000 dret=+454.794 eval_ret=n/a pursuer_target_distance=0.978 capture=0.273 score=0.138 pol=-0.0007 val=0.0051 ent=0.4560 tot=+0.0011 agnorm=0.150 cgnorm=0.026 kl=0.0004 clipf=0.004 ev=+0.977 r0=1.0000 entcoef=1.58e-03 lr=5.4e-05 seed=1
iter= 585 step=1875200 ep_ret=+9.275 opt_ret=+9.275 step_rew=0.0927 opt_step=0.0927 gap0=0.000 dret=+333.422 eval_ret=n/a pursuer_target_distance=1.354 capture=0.185 score=0.079 pol=-0.0008 val=0.0061 ent=0.4633 tot=+0.0015 agnorm=0.189 cgnorm=0.036 kl=0.0003 clipf=0.003 ev=+0.970 r0=1.0000 entcoef=1.56e-03 lr=5.3e-05 seed=1
iter= 586 step=1878400 ep_ret=+55.633 opt_ret=+55.633 step_rew=0.5563 opt_step=0.5563 gap0=0.000 dret=+379.781 eval_ret=n/a pursuer_target_distance=1.056 capture=0.217 score=0.105 pol=-0.0006 val=0.0059 ent=0.4757 tot=+0.0016 agnorm=0.161 cgnorm=0.036 kl=0.0007 clipf=0.003 ev=+0.970 r0=1.0000 entcoef=1.55e-03 lr=5.2e-05 seed=1
iter= 587 step=1881600 ep_ret=+78.182 opt_ret=+78.182 step_rew=0.7818 opt_step=0.7818 gap0=0.000 dret=+402.330 eval_ret=n/a pursuer_target_distance=0.936 capture=0.236 score=0.122 pol=-0.0006 val=0.0057 ent=0.4328 tot=+0.0016 agnorm=0.158 cgnorm=0.039 kl=0.0003 clipf=0.002 ev=+0.970 r0=1.0000 entcoef=1.53e-03 lr=5.1e-05 seed=1
iter= 588 step=1884800 ep_ret=+7.569 opt_ret=+7.569 step_rew=0.0757 opt_step=0.0757 gap0=0.000 dret=+331.717 eval_ret=n/a pursuer_target_distance=1.091 capture=0.175 score=0.084 pol=-0.0010 val=0.0065 ent=0.4834 tot=+0.0015 agnorm=0.311 cgnorm=0.044 kl=0.0005 clipf=0.003 ev=+0.969 r0=1.0000 entcoef=1.52e-03 lr=5.0e-05 seed=1
iter= 589 step=1888000 ep_ret=+94.940 opt_ret=+94.940 step_rew=0.9494 opt_step=0.9494 gap0=0.000 dret=+419.088 eval_ret=n/a pursuer_target_distance=1.061 capture=0.245 score=0.119 pol=-0.0007 val=0.0066 ent=0.4177 tot=+0.0020 agnorm=0.182 cgnorm=0.035 kl=0.0005 clipf=0.004 ev=+0.966 r0=1.0000 entcoef=1.50e-03 lr=4.9e-05 seed=1
iter= 590 step=1891200 ep_ret=+97.864 opt_ret=+97.864 step_rew=0.9786 opt_step=0.9786 gap0=0.000 dret=+422.011 eval_ret=n/a pursuer_target_distance=0.949 capture=0.236 score=0.121 pol=-0.0005 val=0.0067 ent=0.4453 tot=+0.0022 agnorm=0.142 cgnorm=0.036 kl=0.0003 clipf=0.002 ev=+0.960 r0=1.0000 entcoef=1.49e-03 lr=4.8e-05 seed=1
iter= 591 step=1894400 ep_ret=+63.702 opt_ret=+63.702 step_rew=0.6370 opt_step=0.6370 gap0=0.000 dret=+387.850 eval_ret=n/a pursuer_target_distance=1.325 capture=0.244 score=0.105 pol=-0.0009 val=0.0079 ent=0.4619 tot=+0.0024 agnorm=0.241 cgnorm=0.055 kl=0.0006 clipf=0.004 ev=+0.961 r0=1.0000 entcoef=1.48e-03 lr=4.6e-05 seed=1
iter= 592 step=1897600 ep_ret=+16.600 opt_ret=+16.600 step_rew=0.1660 opt_step=0.1660 gap0=0.000 dret=+340.748 eval_ret=n/a pursuer_target_distance=1.034 capture=0.177 score=0.087 pol=-0.0006 val=0.0067 ent=0.4623 tot=+0.0021 agnorm=0.135 cgnorm=0.045 kl=0.0005 clipf=0.003 ev=+0.963 r0=1.0000 entcoef=1.46e-03 lr=4.5e-05 seed=1
iter= 593 step=1900800 ep_ret=+50.079 opt_ret=+50.079 step_rew=0.5008 opt_step=0.5008 gap0=0.000 dret=+374.226 eval_ret=n/a pursuer_target_distance=1.087 capture=0.210 score=0.101 pol=-0.0009 val=0.0053 ent=0.4128 tot=+0.0011 agnorm=0.300 cgnorm=0.028 kl=0.0006 clipf=0.008 ev=+0.975 r0=1.0000 entcoef=1.45e-03 lr=4.4e-05 seed=1
iter= 594 step=1904000 ep_ret=+112.487 opt_ret=+112.487 step_rew=1.1249 opt_step=1.1249 gap0=0.000 dret=+436.635 eval_ret=n/a pursuer_target_distance=1.090 capture=0.273 score=0.131 pol=-0.0005 val=0.0069 ent=0.4700 tot=+0.0022 agnorm=0.194 cgnorm=0.036 kl=0.0005 clipf=0.004 ev=+0.971 r0=1.0000 entcoef=1.43e-03 lr=4.3e-05 seed=1
iter= 595 step=1907200 ep_ret=+145.732 opt_ret=+145.732 step_rew=1.4573 opt_step=1.4573 gap0=0.000 dret=+469.880 eval_ret=n/a pursuer_target_distance=0.923 capture=0.285 score=0.148 pol=-0.0005 val=0.0074 ent=0.4279 tot=+0.0026 agnorm=0.167 cgnorm=0.067 kl=0.0003 clipf=0.003 ev=+0.963 r0=1.0000 entcoef=1.42e-03 lr=4.2e-05 seed=1
iter= 596 step=1910400 ep_ret=+134.475 opt_ret=+134.475 step_rew=1.3448 opt_step=1.3448 gap0=0.000 dret=+458.623 eval_ret=n/a pursuer_target_distance=1.143 capture=0.290 score=0.135 pol=-0.0008 val=0.0068 ent=0.4742 tot=+0.0020 agnorm=0.198 cgnorm=0.033 kl=0.0004 clipf=0.004 ev=+0.970 r0=1.0000 entcoef=1.40e-03 lr=4.1e-05 seed=1
iter= 597 step=1913600 ep_ret=+96.481 opt_ret=+96.481 step_rew=0.9648 opt_step=0.9648 gap0=0.000 dret=+420.629 eval_ret=n/a pursuer_target_distance=0.977 capture=0.245 score=0.124 pol=-0.0004 val=0.0089 ent=0.4627 tot=+0.0034 agnorm=0.104 cgnorm=0.058 kl=0.0003 clipf=0.001 ev=+0.953 r0=1.0000 entcoef=1.39e-03 lr=4.0e-05 seed=1
iter= 598 step=1916800 ep_ret=-13.606 opt_ret=-13.606 step_rew=-0.1361 opt_step=-0.1361 gap0=13.606 dret=+310.541 eval_ret=n/a pursuer_target_distance=0.971 capture=0.142 score=0.072 pol=-0.0008 val=0.0064 ent=0.4420 tot=+0.0018 agnorm=0.167 cgnorm=0.046 kl=0.0003 clipf=0.002 ev=+0.969 r0=1.0000 entcoef=1.37e-03 lr=3.9e-05 seed=1
iter= 599 step=1920000 ep_ret=+87.939 opt_ret=+87.939 step_rew=0.8794 opt_step=0.8794 gap0=0.000 dret=+412.086 eval_ret=n/a pursuer_target_distance=1.205 capture=0.252 score=0.114 pol=-0.0005 val=0.0071 ent=0.4995 tot=+0.0023 agnorm=0.122 cgnorm=0.035 kl=0.0002 clipf=0.001 ev=+0.970 r0=1.0000 entcoef=1.36e-03 lr=3.8e-05 seed=1
iter= 600 step=1923200 ep_ret=+20.022 opt_ret=+20.022 step_rew=0.2002 opt_step=0.2002 gap0=0.000 dret=+344.170 eval_ret=+78.534 pursuer_target_distance=0.990 capture=0.181 score=0.091 pol=-0.0006 val=0.0054 ent=0.4270 tot=+0.0015 agnorm=0.149 cgnorm=0.035 kl=0.0003 clipf=0.002 ev=+0.970 r0=1.0000 entcoef=1.35e-03 lr=3.7e-05 seed=1
iter= 601 step=1926400 ep_ret=+22.340 opt_ret=+22.340 step_rew=0.2234 opt_step=0.2234 gap0=0.000 dret=+346.487 eval_ret=n/a pursuer_target_distance=1.168 capture=0.198 score=0.091 pol=-0.0006 val=0.0063 ent=0.4507 tot=+0.0019 agnorm=0.247 cgnorm=0.033 kl=0.0003 clipf=0.002 ev=+0.973 r0=1.0000 entcoef=1.33e-03 lr=3.5e-05 seed=1
iter= 602 step=1929600 ep_ret=+13.109 opt_ret=+13.109 step_rew=0.1311 opt_step=0.1311 gap0=0.000 dret=+337.256 eval_ret=n/a pursuer_target_distance=0.928 capture=0.172 score=0.089 pol=-0.0005 val=0.0050 ent=0.4554 tot=+0.0014 agnorm=0.189 cgnorm=0.049 kl=0.0004 clipf=0.003 ev=+0.973 r0=1.0000 entcoef=1.32e-03 lr=3.4e-05 seed=1
iter= 603 step=1932800 ep_ret=+22.028 opt_ret=+22.028 step_rew=0.2203 opt_step=0.2203 gap0=0.000 dret=+346.176 eval_ret=n/a pursuer_target_distance=1.182 capture=0.188 score=0.086 pol=-0.0006 val=0.0063 ent=0.4452 tot=+0.0020 agnorm=0.236 cgnorm=0.043 kl=0.0004 clipf=0.004 ev=+0.965 r0=1.0000 entcoef=1.30e-03 lr=3.3e-05 seed=1
iter= 604 step=1936000 ep_ret=+50.048 opt_ret=+50.048 step_rew=0.5005 opt_step=0.5005 gap0=0.000 dret=+374.196 eval_ret=n/a pursuer_target_distance=1.451 capture=0.240 score=0.098 pol=-0.0008 val=0.0080 ent=0.4591 tot=+0.0026 agnorm=0.260 cgnorm=0.040 kl=0.0004 clipf=0.004 ev=+0.967 r0=1.0000 entcoef=1.29e-03 lr=3.2e-05 seed=1
iter= 605 step=1939200 ep_ret=+50.709 opt_ret=+50.709 step_rew=0.5071 opt_step=0.5071 gap0=0.000 dret=+374.856 eval_ret=n/a pursuer_target_distance=1.186 capture=0.220 score=0.100 pol=-0.0004 val=0.0053 ent=0.4213 tot=+0.0017 agnorm=0.136 cgnorm=0.036 kl=0.0002 clipf=0.001 ev=+0.974 r0=1.0000 entcoef=1.27e-03 lr=3.1e-05 seed=1
iter= 606 step=1942400 ep_ret=+85.596 opt_ret=+85.596 step_rew=0.8560 opt_step=0.8560 gap0=0.000 dret=+409.743 eval_ret=n/a pursuer_target_distance=1.011 capture=0.232 score=0.115 pol=-0.0005 val=0.0070 ent=0.4742 tot=+0.0024 agnorm=0.239 cgnorm=0.040 kl=0.0003 clipf=0.002 ev=+0.963 r0=1.0000 entcoef=1.26e-03 lr=3.0e-05 seed=1
iter= 607 step=1945600 ep_ret=+129.140 opt_ret=+129.140 step_rew=1.2914 opt_step=1.2914 gap0=0.000 dret=+453.288 eval_ret=n/a pursuer_target_distance=0.816 capture=0.263 score=0.145 pol=-0.0006 val=0.0084 ent=0.4182 tot=+0.0031 agnorm=0.284 cgnorm=0.074 kl=0.0003 clipf=0.002 ev=+0.943 r0=1.0000 entcoef=1.25e-03 lr=2.9e-05 seed=1
iter= 608 step=1948800 ep_ret=-37.938 opt_ret=-37.938 step_rew=-0.3794 opt_step=-0.3794 gap0=37.938 dret=+286.209 eval_ret=n/a pursuer_target_distance=1.378 capture=0.161 score=0.068 pol=-0.0004 val=0.0058 ent=0.4332 tot=+0.0019 agnorm=0.146 cgnorm=0.043 kl=0.0003 clipf=0.003 ev=+0.975 r0=1.0000 entcoef=1.23e-03 lr=2.8e-05 seed=1
iter= 609 step=1952000 ep_ret=+57.868 opt_ret=+57.868 step_rew=0.5787 opt_step=0.5787 gap0=0.000 dret=+382.015 eval_ret=n/a pursuer_target_distance=1.054 capture=0.216 score=0.105 pol=-0.0005 val=0.0062 ent=0.4545 tot=+0.0021 agnorm=0.182 cgnorm=0.026 kl=0.0001 clipf=0.001 ev=+0.969 r0=1.0000 entcoef=1.22e-03 lr=2.7e-05 seed=1
iter= 610 step=1955200 ep_ret=-40.340 opt_ret=-40.340 step_rew=-0.4034 opt_step=-0.4034 gap0=40.340 dret=+283.808 eval_ret=n/a pursuer_target_distance=1.332 capture=0.157 score=0.067 pol=-0.0003 val=0.0067 ent=0.4874 tot=+0.0025 agnorm=0.129 cgnorm=0.036 kl=0.0002 clipf=0.001 ev=+0.969 r0=1.0000 entcoef=1.20e-03 lr=2.5e-05 seed=1
iter= 611 step=1958400 ep_ret=+125.885 opt_ret=+125.885 step_rew=1.2589 opt_step=1.2589 gap0=0.000 dret=+450.033 eval_ret=n/a pursuer_target_distance=0.954 capture=0.264 score=0.135 pol=-0.0004 val=0.0070 ent=0.4400 tot=+0.0026 agnorm=0.140 cgnorm=0.052 kl=0.0001 clipf=0.001 ev=+0.964 r0=1.0000 entcoef=1.19e-03 lr=2.4e-05 seed=1
iter= 612 step=1961600 ep_ret=+30.817 opt_ret=+30.817 step_rew=0.3082 opt_step=0.3082 gap0=0.000 dret=+354.965 eval_ret=n/a pursuer_target_distance=1.007 capture=0.191 score=0.095 pol=-0.0004 val=0.0069 ent=0.4554 tot=+0.0025 agnorm=0.176 cgnorm=0.050 kl=0.0001 clipf=0.001 ev=+0.963 r0=1.0000 entcoef=1.17e-03 lr=2.3e-05 seed=1
iter= 613 step=1964800 ep_ret=+72.583 opt_ret=+72.583 step_rew=0.7258 opt_step=0.7258 gap0=0.000 dret=+396.731 eval_ret=n/a pursuer_target_distance=0.974 capture=0.231 score=0.117 pol=-0.0005 val=0.0048 ent=0.4415 tot=+0.0013 agnorm=0.146 cgnorm=0.030 kl=0.0002 clipf=0.001 ev=+0.981 r0=1.0000 entcoef=1.16e-03 lr=2.2e-05 seed=1
iter= 614 step=1968000 ep_ret=+166.313 opt_ret=+166.313 step_rew=1.6631 opt_step=1.6631 gap0=0.000 dret=+490.460 eval_ret=n/a pursuer_target_distance=0.924 capture=0.298 score=0.155 pol=-0.0004 val=0.0086 ent=0.4568 tot=+0.0034 agnorm=0.123 cgnorm=0.047 kl=0.0002 clipf=0.001 ev=+0.953 r0=1.0000 entcoef=1.14e-03 lr=2.1e-05 seed=1
iter= 615 step=1971200 ep_ret=-21.045 opt_ret=-21.045 step_rew=-0.2105 opt_step=-0.2105 gap0=21.045 dret=+303.102 eval_ret=n/a pursuer_target_distance=1.182 capture=0.149 score=0.068 pol=-0.0005 val=0.0049 ent=0.4561 tot=+0.0014 agnorm=0.140 cgnorm=0.038 kl=0.0001 clipf=0.000 ev=+0.977 r0=1.0000 entcoef=1.13e-03 lr=2.0e-05 seed=1
iter= 616 step=1974400 ep_ret=-17.805 opt_ret=-17.805 step_rew=-0.1781 opt_step=-0.1781 gap0=17.805 dret=+306.342 eval_ret=n/a pursuer_target_distance=1.336 capture=0.175 score=0.075 pol=-0.0005 val=0.0073 ent=0.4210 tot=+0.0027 agnorm=0.191 cgnorm=0.045 kl=0.0002 clipf=0.001 ev=+0.959 r0=1.0000 entcoef=1.12e-03 lr=1.9e-05 seed=1
iter= 617 step=1977600 ep_ret=+30.025 opt_ret=+30.025 step_rew=0.3002 opt_step=0.3002 gap0=0.000 dret=+354.173 eval_ret=n/a pursuer_target_distance=1.126 capture=0.196 score=0.092 pol=-0.0004 val=0.0071 ent=0.4792 tot=+0.0026 agnorm=0.186 cgnorm=0.040 kl=0.0001 clipf=0.000 ev=+0.966 r0=1.0000 entcoef=1.10e-03 lr=1.8e-05 seed=1
iter= 618 step=1980800 ep_ret=+12.934 opt_ret=+12.934 step_rew=0.1293 opt_step=0.1293 gap0=0.000 dret=+337.082 eval_ret=n/a pursuer_target_distance=1.050 capture=0.187 score=0.091 pol=-0.0003 val=0.0054 ent=0.4291 tot=+0.0019 agnorm=0.211 cgnorm=0.028 kl=0.0002 clipf=0.002 ev=+0.973 r0=1.0000 entcoef=1.09e-03 lr=1.7e-05 seed=1
iter= 619 step=1984000 ep_ret=+6.053 opt_ret=+6.053 step_rew=0.0605 opt_step=0.0605 gap0=0.000 dret=+330.201 eval_ret=n/a pursuer_target_distance=1.192 capture=0.177 score=0.081 pol=-0.0006 val=0.0065 ent=0.4647 tot=+0.0021 agnorm=0.305 cgnorm=0.041 kl=0.0002 clipf=0.002 ev=+0.967 r0=1.0000 entcoef=1.07e-03 lr=1.6e-05 seed=1
iter= 620 step=1987200 ep_ret=+95.818 opt_ret=+95.818 step_rew=0.9582 opt_step=0.9582 gap0=0.000 dret=+419.965 eval_ret=+78.635 pursuer_target_distance=0.926 capture=0.231 score=0.120 pol=-0.0002 val=0.0067 ent=0.4429 tot=+0.0026 agnorm=0.144 cgnorm=0.039 kl=0.0001 clipf=0.000 ev=+0.961 r0=1.0000 entcoef=1.06e-03 lr=1.4e-05 seed=1
iter= 621 step=1990400 ep_ret=+1.135 opt_ret=+1.135 step_rew=0.0113 opt_step=0.0113 gap0=0.000 dret=+325.283 eval_ret=n/a pursuer_target_distance=1.118 capture=0.188 score=0.089 pol=-0.0003 val=0.0058 ent=0.4522 tot=+0.0021 agnorm=0.176 cgnorm=0.040 kl=0.0001 clipf=0.000 ev=+0.971 r0=1.0000 entcoef=1.04e-03 lr=1.3e-05 seed=1
iter= 622 step=1993600 ep_ret=-4.665 opt_ret=-4.665 step_rew=-0.0467 opt_step=-0.0467 gap0=4.665 dret=+319.482 eval_ret=n/a pursuer_target_distance=1.105 capture=0.165 score=0.079 pol=-0.0003 val=0.0070 ent=0.4619 tot=+0.0027 agnorm=0.184 cgnorm=0.038 kl=0.0001 clipf=0.001 ev=+0.965 r0=1.0000 entcoef=1.03e-03 lr=1.2e-05 seed=1
iter= 623 step=1996800 ep_ret=+164.866 opt_ret=+164.866 step_rew=1.6487 opt_step=1.6487 gap0=0.000 dret=+489.013 eval_ret=n/a pursuer_target_distance=0.912 capture=0.299 score=0.156 pol=-0.0003 val=0.0071 ent=0.4797 tot=+0.0028 agnorm=0.202 cgnorm=0.047 kl=0.0001 clipf=0.000 ev=+0.962 r0=1.0000 entcoef=1.01e-03 lr=1.1e-05 seed=1
iter= 624 step=2000000 ep_ret=+110.563 opt_ret=+110.563 step_rew=1.1056 opt_step=1.1056 gap0=0.000 dret=+434.711 eval_ret=+78.997 pursuer_target_distance=0.981 capture=0.251 score=0.126 pol=-0.0003 val=0.0067 ent=0.4498 tot=+0.0026 agnorm=0.236 cgnorm=0.030 kl=0.0001 clipf=0.000 ev=+0.964 r0=1.0000 entcoef=1.00e-03 lr=1.0e-05 seed=1
[train] Checkpoint saving disabled.
[train] Run artifacts in runs/pursuit/alpha/graph/alpha1p0/seed1
[render] Skipped post-train render (mode=off).
=== done Sun Jun  7 23:51:47 EDT 2026 ===
